id;data_inversa;dia_semana;horario;uf;br;km;municipio;causa_acidente;tipo_acidente;classificacao_acidente;fase_dia;sentido_via;condicao_metereologica;tipo_pista;tracado_via;uso_solo;pessoas;mortos;feridos_leves;feridos_graves;ilesos;ignorados;feridos;veiculos;latitude;longitude;regional;delegacia;uop
656224;20/01/2025;segunda-feira;10:20:00;MG;381;357;JOAO MONLEVADE;Conversão proibida;Colisão transversal;Com Vítimas Feridas;Pleno dia;Crescente;Sol;Simples;Reta;Sim;3;0;1;0;2;0;1;2;-19,84765404;-43,20566395;SPRF-MG;DEL03-MG;UOP01-DEL03-MG
656226;20/01/2025;segunda-feira;09:10:00;PE;232;266,1;SERTANIA;Frear bruscamente;Engavetamento;Sem Vítimas;Pleno dia;Crescente;Nublado;Simples;Reta;Não;7;0;0;0;6;1;0;3;-8,40768218;-37,18289802;SPRF-PE;DEL04-PE;UOP02-DEL04-PE
656234;20/01/2025;segunda-feira;11:00:00;GO;20;27;FORMOSA;Ultrapassagem Indevida;Colisão lateral mesmo sentido;Com Vítimas Feridas;Pleno dia;Decrescente;Céu Claro;Simples;Reta;Não;4;0;1;0;2;1;1;3;-15,520933;-47,124645;SPRF-DF;DEL02-DF;UOP02-DEL02-DF
656245;20/01/2025;segunda-feira;11:59:00;MG;40;483;SETE LAGOAS;Reação tardia ou ineficiente do condutor;Colisão lateral mesmo sentido;Com Vítimas Feridas;Pleno dia;Decrescente;Céu Claro;Dupla;Curva;Não;2;0;1;0;1;0;1;2;-19,56753;-44,23715;SPRF-MG;DEL02-MG;UOP01-DEL02-MG
656251;20/01/2025;segunda-feira;12:40:00;PB;230;58,6;CRUZ DO ESPIRITO SANTO;Ultrapassagem Indevida;Colisão traseira;Com Vítimas Fatais;Pleno dia;Decrescente;Céu Claro;Dupla;"Declive;Reta";Não;4;2;0;0;1;1;0;3;-7,2043;-35,1305;SPRF-PB;DEL01-PB;UOP02-DEL01-PB
656254;20/01/2025;segunda-feira;08:00:00;BA;116;871,5;VITORIA DA CONQUISTA;Transitar na contramão;Colisão lateral sentido oposto;Com Vítimas Fatais;Pleno dia;Crescente;Céu Claro;Simples;"Reta;Aclive";Não;3;1;0;0;1;1;0;3;-15,13901524;-41,04396962;SPRF-BA;DEL08-BA;UOP03-DEL08-BA
656255;20/01/2025;segunda-feira;06:30:00;MG;116;71,6;MEDINA;Ausência de reação do condutor;Colisão lateral sentido oposto;Com Vítimas Fatais;Pleno dia;Decrescente;Céu Claro;Simples;Reta;Não;4;1;0;1;1;3;1;5;-16,21131509;-41,47642769;SPRF-MG;DEL11-MG;UOP02-DEL11-MG
656258;20/01/2025;segunda-feira;09:35:00;RJ;101;430;MANGARATIBA;Condutor deixou de manter distância do veículo da frente;Colisão traseira;Com Vítimas Feridas;Pleno dia;Crescente;Sol;Simples;"Declive;Reta";Não;3;0;1;0;2;0;1;3;-22,93710123;-44,01083798;SPRF-RJ;DEL03-RJ;UOP02-DEL03-RJ
656272;20/01/2025;segunda-feira;13:10:00;PE;428;189;PETROLINA;Acesso irregular;Colisão frontal;Com Vítimas Feridas;Pleno dia;Crescente;Céu Claro;Dupla;Reta;Sim;4;0;0;1;2;1;1;3;-9,37766429;-40,50269795;SPRF-PE;DEL06-PE;UOP01-DEL06-PE
656275;20/01/2025;segunda-feira;09:00:00;PE;423;62;LAJEDO;Transitar na contramão;Colisão frontal;Com Vítimas Feridas;Pleno dia;Crescente;Céu Claro;Simples;Reta;Não;2;0;0;1;1;0;1;2;-8,66011023;-36,33781395;SPRF-PE;DEL03-PE;UOP01-DEL03-PE
656279;20/01/2025;segunda-feira;10:56:00;RS;116;93,4;CAMPESTRE DA SERRA;Mal súbito do condutor;Colisão lateral sentido oposto;Com Vítimas Feridas;Pleno dia;Decrescente;Sol;Simples;Aclive;Não;4;0;1;0;2;1;1;4;-28,87722228;-51,13320351;SPRF-RS;DEL05-RS;UOP03-DEL05-RS
656283;20/01/2025;segunda-feira;13:40:00;MG;40;574;ITABIRITO;Acessar a via sem observar a presença dos outros veículos;Colisão transversal;Com Vítimas Feridas;Pleno dia;Crescente;Céu Claro;Simples;Reta;Sim;3;0;1;0;1;1;1;3;-20,24791897;-43,96366791;SPRF-MG;DEL01-MG;UOP02-DEL01-MG
656285;20/01/2025;segunda-feira;13:07:00;MT;364;1253;COMODORO;Condutor deixou de manter distância do veículo da frente;Colisão traseira;Com Vítimas Feridas;Pleno dia;Crescente;Nublado;Simples;Reta;Não;5;0;2;0;2;3;2;5;-13,67385362;-59,7369149;SPRF-MT;DEL04-MT;UOP01-DEL04-MT
656292;20/01/2025;segunda-feira;15:00:00;GO;452;192;ITUMBIARA;Reação tardia ou ineficiente do condutor;Derramamento de carga;Sem Vítimas;Pleno dia;Crescente;Céu Claro;Simples;Declive;Não;7;0;0;0;5;2;0;4;-18,37188499;-49,262211;SPRF-GO;DEL03-GO;UOP02-DEL03-GO
656294;20/01/2025;segunda-feira;16:05:00;RS;101;45,2;TERRA DE AREIA;Manobra de mudança de faixa;Colisão lateral mesmo sentido;Com Vítimas Feridas;Pleno dia;Decrescente;Céu Claro;Dupla;"Desvio Temporário;Em Obras;Reta";Sim;4;0;2;0;1;1;2;3;-29,569855;-50,056385;SPRF-RS;DEL03-RS;UOP02-DEL03-RS
656296;20/01/2025;segunda-feira;05:30:00;BA;242;840;BARREIRAS;Pista Escorregadia;Saída de leito carroçável;Com Vítimas Feridas;Amanhecer;Decrescente;Céu Claro;Simples;"Curva;Declive";Não;2;0;0;1;0;1;1;2;-12,11858671;-45,19720999;SPRF-BA;DEL10-BA;UOP01-DEL10-BA
656297;16/01/2025;quinta-feira;17:40:00;GO;153;662,8;GOIATUBA;Velocidade Incompatível;Saída de leito carroçável;Com Vítimas Feridas;Pleno dia;Crescente;Nublado;Dupla;Reta;Não;2;0;2;0;0;0;2;1;-18,0724;-49,2697;SPRF-GO;DEL03-GO;UOP02-DEL03-GO
656298;20/01/2025;segunda-feira;13:20:00;PR;277;426,5;VIRMOND;Ingestão de álcool pelo condutor;Derramamento de carga;Sem Vítimas;Pleno dia;Crescente;Céu Claro;Simples;"Declive;Ponte;Curva";Não;2;0;0;0;1;1;0;2;-25,38591329;-52,1688956;SPRF-PR;DEL04-PR;UOP02-DEL04-PR
656302;20/01/2025;segunda-feira;08:30:00;CE;222;4;CAUCAIA;Manobra de mudança de faixa;Colisão lateral mesmo sentido;Sem Vítimas;Pleno dia;Crescente;Céu Claro;Múltipla;Reta;Sim;3;0;0;0;2;1;0;3;-3,74164754;-38,60449792;SPRF-CE;DEL01-CE;UOP01-DEL01-CE
656303;20/01/2025;segunda-feira;15:50:00;MG;381;929,9;ITAPEVA;Velocidade Incompatível;Tombamento;Com Vítimas Feridas;Pleno dia;Crescente;Céu Claro;Dupla;Curva;Não;2;0;1;0;0;1;1;2;-22,77475998;-46,23893809;SPRF-MG;DEL16-MG;UOP03-DEL16-MG
656305;20/01/2025;segunda-feira;16:00:00;SP;116;564;BARRA DO TURVO;Reação tardia ou ineficiente do condutor;Tombamento;Com Vítimas Feridas;Pleno dia;Crescente;Céu Claro;Dupla;"Aclive;Curva";Não;2;0;0;1;0;1;1;2;-25,03458919;-48,53543877;SPRF-SP;DEL05-SP;UOP02-DEL05-SP
656310;20/01/2025;segunda-feira;16:20:00;MS;163;420,2;CAMPO GRANDE;Acessar a via sem observar a presença dos outros veículos;Colisão transversal;Com Vítimas Feridas;Pleno dia;Crescente;Céu Claro;Simples;"Rotatória;Em Obras";Sim;3;0;1;0;1;3;1;5;-20,9869023;-54,50583994;SPRF-MS;DEL01-MS;UOP01-DEL01-MS
656311;20/01/2025;segunda-feira;16:25:00;CE;20;272;CANINDE;Acessar a via sem observar a presença dos outros veículos;Colisão transversal;Com Vítimas Feridas;Pleno dia;Decrescente;Céu Claro;Simples;Curva;Não;3;0;0;2;1;0;2;2;-4,64165494;-39,38914084;SPRF-CE;DEL02-CE;UOP01-DEL02-CE
656315;20/01/2025;segunda-feira;12:24:00;AC;364;271;SENA MADUREIRA;Demais falhas mecânicas ou elétricas;Incêndio;Sem Vítimas;Pleno dia;Crescente;Céu Claro;Simples;Curva;Não;2;0;0;0;1;2;0;3;-9,08315803;-68,65043101;SPRF-AC;DEL01-AC;UOP01-DEL01-AC
656318;20/01/2025;segunda-feira;17:20:00;SP;116;140,2;SAO JOSE DOS CAMPOS;Condutor deixou de manter distância do veículo da frente;Colisão traseira;Com Vítimas Feridas;Pleno dia;Decrescente;Céu Claro;Dupla;Reta;Não;4;0;2;0;1;1;2;2;-23,16577714;-45,81246193;SPRF-SP;DEL02-SP;UOP01-DEL02-SP
656319;20/01/2025;segunda-feira;15:07:00;MG;381;700,8;LAVRAS;Velocidade Incompatível;Tombamento;Com Vítimas Fatais;Pleno dia;Crescente;Céu Claro;Dupla;"Curva;Declive";Não;5;1;2;0;1;1;2;3;-21,31137883;-45,16451703;SPRF-MG;DEL04-MG;UOP02-DEL04-MG
656322;20/01/2025;segunda-feira;15:52:00;GO;364;67,5;CACHOEIRA ALTA;Ausência de reação do condutor;Colisão frontal;Com Vítimas Feridas;Pleno dia;Crescente;Céu Claro;Simples;"Aclive;Reta";Não;2;0;0;1;1;0;1;2;-18,67812;-50,983044;SPRF-GO;DEL05-GO;UOP02-DEL05-GO
656327;20/01/2025;segunda-feira;13:30:00;SC;470;353,6;CAMPOS NOVOS;Reação tardia ou ineficiente do condutor;Tombamento;Com Vítimas Feridas;Pleno dia;Crescente;Céu Claro;Simples;"Curva;Declive";Não;2;0;1;0;0;1;1;2;-27,574747;-51,466583;SPRF-SC;DEL07-SC;UOP06-DEL07-SC
656328;20/01/2025;segunda-feira;18:00:00;AL;316;155;PALMEIRA DOS INDIOS;Ingestão de álcool pelo condutor;Colisão transversal;Com Vítimas Feridas;Plena Noite;Decrescente;Ignorado;Simples;Reta;Sim;8;0;1;0;7;0;1;2;-9,42623278;-36,63304512;SPRF-AL;DEL03-AL;UOP01-DEL03-AL
656333;20/01/2025;segunda-feira;17:40:00;BA;324;525;FEIRA DE SANTANA;Reação tardia ou ineficiente do condutor;Colisão lateral mesmo sentido;Sem Vítimas;Anoitecer;Decrescente;Céu Claro;Dupla;Reta;Sim;2;0;0;0;2;0;0;2;-12,30106981;-38,8977869;SPRF-BA;DEL01-BA;UOP03-DEL01-BA
656335;20/01/2025;segunda-feira;17:00:00;MT;70;159;GENERAL CARNEIRO;Ausência de reação do condutor;Tombamento;Com Vítimas Feridas;Pleno dia;Crescente;Céu Claro;Simples;Reta;Não;2;0;1;0;0;2;1;3;-15,57575008;-53,42308044;SPRF-MT;DEL05-MT;UOP01-DEL05-MT
656343;20/01/2025;segunda-feira;17:50:00;ES;101;99,7;JAGUARE;Acesso irregular;Colisão traseira;Com Vítimas Feridas;Anoitecer;Crescente;Céu Claro;Simples;Reta;Não;2;0;0;1;1;0;1;2;-18,97188909;-39,99152282;SPRF-ES;DEL04-ES;UOP02-DEL04-ES
656351;20/01/2025;segunda-feira;18:30:00;RS;386;251,6;SOLEDADE;Condutor deixou de manter distância do veículo da frente;Colisão traseira;Com Vítimas Feridas;Pleno dia;Crescente;Céu Claro;Simples;"Declive;Reta;Em Obras";Não;7;0;2;0;4;2;2;5;-28,830132;-52,460941;SPRF-RS;DEL04-RS;UOP03-DEL04-RS
656354;20/01/2025;segunda-feira;17:50:00;RO;364;5;VILHENA;Transitar no Acostamento;Colisão traseira;Com Vítimas Feridas;Pleno dia;Decrescente;Céu Claro;Simples;Reta;Sim;2;0;0;1;1;0;1;2;-12,7863749;-60,0898697;SPRF-RO;DEL04-RO;UOP01-DEL04-RO
656356;20/01/2025;segunda-feira;20:05:00;SC;282;56;RANCHO QUEIMADO;Transitar na contramão;Colisão frontal;Com Vítimas Feridas;Plena Noite;Decrescente;Garoa/Chuvisco;Simples;Curva;Não;8;0;0;1;6;1;1;4;-27,691633;-48,991375;SPRF-SC;DEL01-SC;UOP03-DEL01-SC
656375;20/01/2025;segunda-feira;20:00:00;MG;381;526;BRUMADINHO;Pista Escorregadia;Colisão traseira;Sem Vítimas;Plena Noite;Crescente;Nublado;Dupla;Curva;Não;5;0;0;0;3;3;0;6;-20,16175378;-44,34144636;SPRF-MG;DEL04-MG;UOP03-DEL04-MG
656376;20/01/2025;segunda-feira;18:10:00;MT;163;602;NOVA MUTUM;Ultrapassagem Indevida;Saída de leito carroçável;Com Vítimas Fatais;Anoitecer;Crescente;Nublado;Simples;Reta;Não;4;1;1;1;0;1;2;2;-13,89007603;-56,08964479;SPRF-MT;DEL01-MT;UOP01-DEL01-MT
656381;20/01/2025;segunda-feira;16:30:00;RJ;101;13,4;CAMPOS DOS GOYTACAZES;Condutor deixou de manter distância do veículo da frente;Colisão traseira;Com Vítimas Feridas;Pleno dia;Decrescente;Céu Claro;Simples;Reta;Não;4;0;2;1;1;0;3;2;-21,32422463;-41,3306571;SPRF-RJ;DEL08-RJ;UOP01-DEL08-RJ
656383;20/01/2025;segunda-feira;22:45:00;PR;116;2;CAMPINA GRANDE DO SUL;Velocidade Incompatível;Tombamento;Com Vítimas Feridas;Plena Noite;Decrescente;Nublado;Dupla;"Aclive;Curva";Não;2;0;1;0;0;1;1;2;-25,06602975;-48,57857703;SPRF-PR;DEL01-PR;UOP02-DEL01-PR
656386;21/01/2025;terça-feira;01:15:00;CE;116;468;MILAGRES;Condutor Dormindo;Colisão traseira;Com Vítimas Feridas;Plena Noite;Decrescente;Chuva;Simples;Reta;Não;4;0;1;0;2;2;1;4;-7,23800231;-38,84377498;SPRF-CE;DEL05-CE;UOP03-DEL05-CE
656387;21/01/2025;terça-feira;01:30:00;SC;282;46;AGUAS MORNAS;Condutor Dormindo;Colisão frontal;Com Vítimas Feridas;Plena Noite;Crescente;Nublado;Simples;"Curva;Declive";Não;4;0;0;3;1;0;3;2;-27,721041;-48,925152;SPRF-SC;DEL01-SC;UOP03-DEL01-SC
656390;21/01/2025;terça-feira;02:30:00;ES;101;309;VIANA;Velocidade Incompatível;Colisão traseira;Com Vítimas Feridas;Plena Noite;Crescente;Céu Claro;Dupla;Reta;Não;4;0;0;1;2;3;1;6;-20,417;-40,45984911;SPRF-ES;DEL01-ES;UOP01-DEL01-ES
656391;21/01/2025;terça-feira;01:00:00;RS;116;504;PELOTAS;Reação tardia ou ineficiente do condutor;Saída de leito carroçável;Sem Vítimas;Plena Noite;Decrescente;Chuva;Dupla;Reta;Não;2;0;0;0;1;1;0;2;-31,58165781;-52,27291518;SPRF-RS;DEL07-RS;UOP01-DEL07-RS
656394;21/01/2025;terça-feira;05:35:00;GO;153;501;GOIANIA;Reação tardia ou ineficiente do condutor;Colisão transversal;Com Vítimas Feridas;Amanhecer;Decrescente;Céu Claro;Dupla;Reta;Sim;2;0;1;0;1;0;1;2;-16,7189;-49,2382;SPRF-GO;DEL01-GO;UOP01-DEL01-GO
656399;21/01/2025;terça-feira;04:15:00;AL;101;30;JOAQUIM GOMES;Velocidade Incompatível;Tombamento;Com Vítimas Feridas;Amanhecer;Decrescente;Céu Claro;Simples;Curva;Não;2;0;1;0;0;2;1;3;-9,0847746;-35,7468078;SPRF-AL;DEL01-AL;UOP02-DEL01-AL
656400;21/01/2025;terça-feira;06:10:00;PR;376;651;TIJUCAS DO SUL;Velocidade Incompatível;Tombamento;Com Vítimas Feridas;Amanhecer;Crescente;Céu Claro;Dupla;Curva;Não;1;0;1;0;0;0;1;1;-25,845243;-49,078578;SPRF-PR;DEL01-PR;UOP04-DEL01-PR
656406;21/01/2025;terça-feira;07:15:00;GO;60;393;RIO VERDE;Ausência de sinalização;Colisão lateral mesmo sentido;Com Vítimas Feridas;Pleno dia;Decrescente;Céu Claro;Dupla;"Curva;Declive";Sim;6;0;0;2;2;3;2;6;-17,8248;-50,9889;SPRF-GO;DEL04-GO;UOP02-DEL04-GO
656412;21/01/2025;terça-feira;05:40:00;PR;277;247;IRATI;Condutor Dormindo;Saída de leito carroçável;Sem Vítimas;Amanhecer;Crescente;Nublado;Simples;"Aclive;Reta";Não;1;0;0;0;1;0;0;1;-25,453166;-50,651406;SPRF-PR;DEL08-PR;UOP02-DEL08-PR
656419;21/01/2025;terça-feira;06:10:00;BA;116;877;VITORIA DA CONQUISTA;Ultrapassagem Indevida;Colisão frontal;Com Vítimas Feridas;Pleno dia;Crescente;Céu Claro;Simples;Reta;Não;2;0;1;0;1;0;1;2;-15,18537576;-41,0722304;SPRF-BA;DEL08-BA;UOP03-DEL08-BA
656429;21/01/2025;terça-feira;08:00:00;GO;153;501,3;GOIANIA;Objeto estático sobre o leito carroçável;Tombamento;Com Vítimas Fatais;Pleno dia;Crescente;Sol;Múltipla;Reta;Sim;4;1;0;0;1;3;0;5;-16,71340496;-49,23382197;SPRF-GO;DEL01-GO;UOP01-DEL01-GO
656430;21/01/2025;terça-feira;08:22:00;RS;116;427;CRISTAL;Acessar a via sem observar a presença dos outros veículos;Colisão transversal;Com Vítimas Fatais;Pleno dia;Decrescente;Céu Claro;Simples;Reta;Sim;5;1;1;0;2;2;1;5;-30,99035;-52,038357;SPRF-RS;DEL02-RS;UOP02-DEL02-RS
656440;17/01/2025;sexta-feira;22:00:00;BA;116;696;JEQUIE;Curva acentuada;Saída de leito carroçável;Com Vítimas Feridas;Plena Noite;Crescente;Céu Claro;Simples;Curva;Não;2;0;0;1;0;1;1;2;-13,99324878;-40,17891829;SPRF-BA;DEL03-BA;UOP01-DEL03-BA
656450;21/01/2025;terça-feira;07:50:00;PB;230;203;SOLEDADE;Ausência de sinalização;Tombamento;Com Vítimas Feridas;Pleno dia;Crescente;Céu Claro;Simples;Aclive;Não;4;0;1;0;1;2;1;3;-7,0962;-36,2621;SPRF-PB;DEL02-PB;UOP02-DEL02-PB
656451;21/01/2025;terça-feira;11:15:00;RS;153;17,6;SEVERIANO DE ALMEIDA;Ultrapassagem Indevida;Colisão frontal;Com Vítimas Feridas;Pleno dia;Crescente;Céu Claro;Simples;Reta;Não;2;0;0;1;1;0;1;2;-27,45084775;-52,08195625;SPRF-RS;DEL08-RS;UOP04-DEL08-RS
656452;21/01/2025;terça-feira;10:15:00;PB;230;257,8;JUNCO DO SERIDO;Condutor deixou de manter distância do veículo da frente;Colisão traseira;Com Vítimas Feridas;Pleno dia;Crescente;Nublado;Simples;Reta;Não;6;0;3;3;0;0;6;5;-7,0114;-36,6808;SPRF-PB;DEL03-PB;UOP01-DEL03-PB
656453;21/01/2025;terça-feira;11:20:00;PB;230;153;CAMPINA GRANDE;Reação tardia ou ineficiente do condutor;Colisão com objeto;Com Vítimas Feridas;Pleno dia;Decrescente;Sol;Dupla;Reta;Não;3;0;1;1;1;0;2;2;-7,2763;-35,8887;SPRF-PB;DEL02-PB;UOP01-DEL02-PB
656454;21/01/2025;terça-feira;12:08:00;CE;116;18;EUSEBIO;Manobra de mudança de faixa;Colisão lateral sentido oposto;Com Vítimas Feridas;Pleno dia;Decrescente;Céu Claro;Dupla;Reta;Sim;3;0;2;0;1;0;2;2;-3,90496605;-38,50518756;SPRF-CE;DEL01-CE;UOP02-DEL01-CE
656465;21/01/2025;terça-feira;13:25:00;PR;277;109,5;CURITIBA;Condutor deixou de manter distância do veículo da frente;Colisão traseira;Com Vítimas Feridas;Pleno dia;Decrescente;Sol;Dupla;"Aclive;Reta";Não;4;0;1;0;2;1;1;3;-25,42708838;-49,38419938;SPRF-PR;DEL03-PR;UOP03-DEL03-PR
656470;21/01/2025;terça-feira;11:50:00;PR;476;28;ADRIANOPOLIS;Curva acentuada;Colisão lateral sentido oposto;Com Vítimas Feridas;Pleno dia;Crescente;Céu Claro;Simples;"Curva;Declive";Não;3;0;1;0;1;3;1;5;-24,80075998;-49,03936386;SPRF-PR;DEL01-PR;UOP01-DEL01-PR
656484;21/01/2025;terça-feira;15:00:00;PE;101;60;RECIFE;Acessar a via sem observar a presença dos outros veículos;Colisão transversal;Com Vítimas Feridas;Pleno dia;Decrescente;Céu Claro;Múltipla;Reta;Sim;2;0;1;0;1;0;1;2;-7,98344307;-34,93176727;SPRF-PE;DEL01-PE;UOP02-DEL01-PE
656486;21/01/2025;terça-feira;15:35:00;RJ;116;186;NOVA IGUACU;Reação tardia ou ineficiente do condutor;Colisão lateral mesmo sentido;Com Vítimas Feridas;Pleno dia;Decrescente;Céu Claro;Dupla;Reta;Não;3;0;0;1;1;1;1;3;-22,73962339;-43,46276495;SPRF-RJ;DEL06-RJ;UOP01-DEL06-RJ
656496;21/01/2025;terça-feira;15:05:00;PR;277;573,9;CASCAVEL;Ausência de reação do condutor;Colisão traseira;Com Vítimas Feridas;Pleno dia;Crescente;Nublado;Simples;Reta;Não;5;0;3;0;1;3;3;6;-24,99847694;-53,29667191;SPRF-PR;DEL04-PR;UOP01-DEL04-PR
656498;21/01/2025;terça-feira;16:45:00;MG;40;627;CONSELHEIRO LAFAIETE;Demais falhas mecânicas ou elétricas;Incêndio;Sem Vítimas;Pleno dia;Crescente;Céu Claro;Simples;Reta;Sim;1;0;0;0;1;0;0;1;-20,63591993;-43,81353421;SPRF-MG;DEL05-MG;UOP02-DEL05-MG
656503;21/01/2025;terça-feira;15:20:00;MT;70;671,2;CACERES;Transitar na contramão;Colisão frontal;Com Vítimas Fatais;Pleno dia;Crescente;Nublado;Simples;Reta;Não;3;1;0;0;1;1;0;3;-16,055449;-57,26798899;SPRF-MT;DEL03-MT;UOP02-DEL03-MT
656507;21/01/2025;terça-feira;16:30:00;PE;232;69;GRAVATA;Reação tardia ou ineficiente do condutor;Colisão traseira;Com Vítimas Feridas;Pleno dia;Crescente;Céu Claro;Dupla;"Aclive;Reta";Não;3;0;1;0;1;2;1;4;-8,17240309;-35,47993595;SPRF-PE;DEL02-PE;UOP02-DEL02PE
656511;21/01/2025;terça-feira;16:20:00;PR;163;324;TERRA ROXA;Ultrapassagem Indevida;Colisão lateral mesmo sentido;Com Vítimas Feridas;Pleno dia;Decrescente;Céu Claro;Simples;"Declive;Reta";Não;3;0;1;0;1;2;1;4;-24,30956598;-54,1588218;SPRF-PR;DEL06-PR;UOP01-DEL06-PR
656513;21/01/2025;terça-feira;14:30:00;SC;470;145;RIO DO SUL;Acessar a via sem observar a presença dos outros veículos;Colisão transversal;Com Vítimas Feridas;Pleno dia;Crescente;Céu Claro;Dupla;"Interseção de Vias;Reta";Sim;3;0;0;1;1;1;1;3;-27,237301;-49,682217;SPRF-SC;DEL04-SC;UOP02-DEL04-SC
656515;21/01/2025;terça-feira;15:55:00;RS;386;408;TRIUNFO;Reação tardia ou ineficiente do condutor;Tombamento;Com Vítimas Feridas;Pleno dia;Decrescente;Céu Claro;Simples;Reta;Não;2;0;1;0;0;1;1;2;-29,791815;-51,535404;SPRF-RS;DEL04-RS;UOP02-DEL04-RS
656521;21/01/2025;terça-feira;17:00:00;SC;282;236,5;LAGES;Reação tardia ou ineficiente do condutor;Colisão lateral sentido oposto;Sem Vítimas;Pleno dia;Crescente;Céu Claro;Simples;Reta;Não;2;0;0;0;2;0;0;2;-27,787489;-50,482494;SPRF-SC;DEL05-SC;UOP02-DEL05-SC
656523;21/01/2025;terça-feira;15:10:00;PR;153;30,8;SANTO ANTONIO DA PLATINA;Condutor Dormindo;Colisão frontal;Com Vítimas Feridas;Pleno dia;Decrescente;Nublado;Simples;"Reta;Declive";Não;2;0;0;1;1;0;1;2;-23,21816767;-50,01161417;SPRF-PR;DEL07-PR;UOP04-DEL07-PR
656524;21/01/2025;terça-feira;15:30:00;SC;153;111,1;CONCORDIA;Acessar a via sem observar a presença dos outros veículos;Colisão transversal;Com Vítimas Feridas;Pleno dia;Decrescente;Céu Claro;Simples;"Interseção de Vias;Reta";Não;4;0;1;0;2;1;1;3;-27,319271;-51,983299;SPRF-SC;DEL07-SC;UOP04-DEL07-SC
656526;21/01/2025;terça-feira;17:33:00;MG;40;476;SETE LAGOAS;Carga excessiva e/ou mal acondicionada;Tombamento;Com Vítimas Feridas;Pleno dia;Crescente;Céu Claro;Dupla;"Reta;Declive";Não;1;0;1;0;0;0;1;1;-19,51363098;-44,27021397;SPRF-MG;DEL02-MG;UOP01-DEL02-MG
656528;21/01/2025;terça-feira;17:30:00;SC;153;91,7;CONCORDIA;Transitar na contramão;Colisão lateral sentido oposto;Sem Vítimas;Pleno dia;Decrescente;Sol;Simples;Reta;Sim;2;0;0;0;1;1;0;2;-27,183498;-51,922295;SPRF-SC;DEL07-SC;UOP04-DEL07-SC
656530;21/01/2025;terça-feira;15:00:00;SC;470;198,5;PONTE ALTA;Condutor Dormindo;Colisão lateral sentido oposto;Com Vítimas Feridas;Pleno dia;Decrescente;Céu Claro;Simples;"Aclive;Curva";Não;5;0;0;1;3;3;1;7;-27,309549;-50,118202;SPRF-SC;DEL05-SC;UOP03-DEL05-SC
656542;21/01/2025;terça-feira;19:00:00;SP;381;79;SAO PAULO;Velocidade Incompatível;Capotamento;Com Vítimas Feridas;Plena Noite;Crescente;Nublado;Dupla;"Curva;Declive";Sim;4;0;2;0;1;1;2;3;-23,40319901;-46,57564699;SPRF-SP;DEL03-SP;UOP01-DEL03-SP
656543;21/01/2025;terça-feira;19:30:00;PR;116;112,7;CURITIBA;Trafegar com motocicleta (ou similar) entre as faixas;Colisão lateral mesmo sentido;Com Vítimas Feridas;Plena Noite;Decrescente;Nublado;Múltipla;Reta;Sim;3;0;1;0;1;1;1;3;-25,56730763;-49,23706792;SPRF-PR;DEL01-PR;UOP03-DEL01-PR
656552;21/01/2025;terça-feira;17:43:00;MG;116;549,3;SANTA BARBARA DO LESTE;Reação tardia ou ineficiente do condutor;Colisão traseira;Com Vítimas Feridas;Anoitecer;Decrescente;Nublado;Simples;Reta;Não;2;0;0;1;1;0;1;2;-19,960735;-42,13329299;SPRF-MG;DEL06-MG;UOP02-DEL06-MG
656563;21/01/2025;terça-feira;22:15:00;GO;60;71;ABADIANIA;Ausência de reação do condutor;Colisão traseira;Com Vítimas Feridas;Plena Noite;Crescente;Céu Claro;Dupla;Aclive;Não;3;0;0;1;1;1;1;3;-16,2551;-48,7628;SPRF-GO;DEL02-GO;UOP01-DEL02-GO
656567;21/01/2025;terça-feira;20:30:00;PR;376;535;PALMEIRA;Condutor Dormindo;Saída de leito carroçável;Com Vítimas Feridas;Plena Noite;Crescente;Céu Claro;Dupla;Reta;Não;3;0;1;0;1;2;1;4;-25,38045417;-49,80922117;SPRF-PR;DEL03-PR;UOP03-DEL03-PR
656576;21/01/2025;terça-feira;20:10:00;MG;365;386,7;PATOS DE MINAS;Pedestre - Ingestão de álcool/ substâncias psicoativas;Atropelamento de Pedestre;Com Vítimas Fatais;Plena Noite;Crescente;Nublado;Simples;"Aclive;Reta";Não;2;1;0;0;0;1;0;2;-18,60051001;-46,28239399;SPRF-MG;DEL10-MG;UOP01-DEL10-MG
656579;22/01/2025;quarta-feira;01:30:00;MG;262;539;LUZ;Velocidade Incompatível;Tombamento;Com Vítimas Feridas;Plena Noite;Crescente;Nublado;Simples;Curva;Não;2;0;0;1;0;1;1;2;-19,74624261;-45,82727909;SPRF-MG;DEL08-MG;UOP02-DEL08-MG
656584;22/01/2025;quarta-feira;00:05:00;MG;365;31,5;MONTES CLAROS;Ausência de reação do condutor;Colisão traseira;Com Vítimas Feridas;Plena Noite;Decrescente;Nublado;Simples;Reta;Não;3;0;2;0;0;1;2;2;-16,85025469;-44,11000723;SPRF-MG;DEL12-MG;UOP01-DEL12-MG
656588;22/01/2025;quarta-feira;03:50:00;SP;116;414;JUQUIA;Acessar a via sem observar a presença dos outros veículos;Colisão transversal;Com Vítimas Feridas;Plena Noite;Crescente;Céu Claro;Dupla;Reta;Sim;3;0;0;1;0;2;1;2;-24,33164;-47,632774;SPRF-SP;DEL05-SP;UOP01-DEL05-SP