id;data_inversa;dia_semana;horario;uf;br;km;municipio;causa_acidente;tipo_acidente;classificacao_acidente;fase_dia;sentido_via;condicao_metereologica;tipo_pista;tracado_via;uso_solo;pessoas;mortos;feridos_leves;feridos_graves;ilesos;ignorados;feridos;veiculos;latitude;longitude;regional;delegacia;uop
658002;29/01/2025;quarta-feira;06:25:00;GO;50;279,7;CATALAO;Desrespeitar a preferência no cruzamento;Colisão transversal;Sem Vítimas;Pleno dia;Crescente;Céu Claro;Dupla;"Desvio Temporário;Em Obras;Reta";Sim;3;0;0;0;2;1;0;3;-18,1739;-47,9289;SPRF-GO;DEL06-GO;UOP01-DEL06-GO
658007;29/01/2025;quarta-feira;07:10:00;MG;40;567,7;NOVA LIMA;Ausência de reação do condutor;Colisão lateral mesmo sentido;Com Vítimas Feridas;Pleno dia;Decrescente;Nublado;Simples;Curva;Não;3;0;1;0;1;1;1;3;-20,19426426;-43,97320747;SPRF-MG;DEL01-MG;UOP02-DEL01-MG
658008;29/01/2025;quarta-feira;07:25:00;CE;116;12;FORTALEZA;Reação tardia ou ineficiente do condutor;Colisão com objeto;Sem Vítimas;Pleno dia;Crescente;Céu Claro;Múltipla;Reta;Sim;1;0;0;0;1;0;0;1;-3,852077;-38,495525;SPRF-CE;DEL01-CE;UOP02-DEL01-CE
658011;29/01/2025;quarta-feira;04:00:00;RJ;40;99;DUQUE DE CAXIAS;Afundamento ou ondulação no pavimento;Saída de leito carroçável;Com Vítimas Feridas;Plena Noite;Crescente;Céu Claro;Simples;Reta;Não;2;0;1;0;1;0;1;1;-22,58585204;-43,27716391;SPRF-RJ;DEL01-RJ;UOP01-DEL01-RJ
658016;29/01/2025;quarta-feira;03:10:00;PR;153;121,5;IBAITI;Velocidade Incompatível;Tombamento;Com Vítimas Feridas;Plena Noite;Crescente;Céu Claro;Simples;Curva;Não;2;0;1;0;0;2;1;3;-23,93119102;-50,23840265;SPRF-PR;DEL07-PR;UOP04-DEL07-PR
658019;29/01/2025;quarta-feira;06:00:00;AL;104;9;SAO JOSE DA LAJE;Velocidade Incompatível;Tombamento;Com Vítimas Feridas;Pleno dia;Crescente;Céu Claro;Simples;"Curva;Declive";Não;2;0;1;0;0;1;1;2;-8,97108463;-36,01804588;SPRF-AL;DEL01-AL;UOP02-DEL01-AL
658021;29/01/2025;quarta-feira;08:20:00;BA;116;1,9;VITORIA DA CONQUISTA;Condutor deixou de manter distância do veículo da frente;Colisão traseira;Com Vítimas Feridas;Pleno dia;Crescente;Céu Claro;Simples;"Aclive;Reta";Não;3;0;0;1;1;2;1;4;-14,825193;-40,851287;SPRF-BA;DEL08-BA;UOP01-DEL08-BA
658024;29/01/2025;quarta-feira;08:15:00;RJ;116;171;RIO DE JANEIRO;Reação tardia ou ineficiente do condutor;Queda de ocupante de veículo;Com Vítimas Fatais;Pleno dia;Decrescente;Céu Claro;Dupla;Reta;Sim;2;1;0;0;1;0;0;2;-22,8060415;-43,34289573;SPRF-RJ;DEL06-RJ;UOP01-DEL06-RJ
658027;29/01/2025;quarta-feira;06:00:00;MG;262;575;CORREGO DANTA;Velocidade Incompatível;Tombamento;Com Vítimas Feridas;Amanhecer;Decrescente;Céu Claro;Simples;Curva;Não;2;0;1;0;0;1;1;2;-19,67291838;-46,04352951;SPRF-MG;DEL08-MG;UOP02-DEL08-MG
658032;29/01/2025;quarta-feira;10:40:00;GO;153;644;MORRINHOS;Condutor Dormindo;Colisão traseira;Com Vítimas Feridas;Pleno dia;Decrescente;Céu Claro;Dupla;Reta;Não;3;0;1;0;1;2;1;4;-17,9146;-49,2398;SPRF-GO;DEL03-GO;UOP01-DEL03-GO
658037;29/01/2025;quarta-feira;10:50:00;ES;101;125;LINHARES;Pedestre cruzava a pista fora da faixa;Atropelamento de Pedestre;Sem Vítimas;Pleno dia;Crescente;Céu Claro;Simples;Reta;Sim;3;0;0;0;2;1;0;3;-19,18496498;-40,09429827;SPRF-ES;DEL04-ES;UOP01-DEL04-ES
658039;08/01/2025;quarta-feira;15:35:00;SE;235;29;LARANJEIRAS;Condutor deixou de manter distância do veículo da frente;Colisão traseira;Com Vítimas Feridas;Pleno dia;Crescente;Céu Claro;Simples;"Aclive;Curva";Não;9;0;6;2;1;0;8;2;-10,790907;-37,284542;SPRF-SE;DEL01-SE;UOP02-DEL01-SE
658043;29/01/2025;quarta-feira;09:45:00;CE;222;256,7;SOBRAL;Condutor Dormindo;Colisão traseira;Com Vítimas Feridas;Pleno dia;Decrescente;Céu Claro;Simples;Reta;Não;5;0;3;1;1;0;4;2;-3,751717;-40,625637;SPRF-CE;DEL04-CE;UOP02-DEL04-CE
658044;29/01/2025;quarta-feira;09:30:00;PR;153;513,9;GENERAL CARNEIRO;Ausência de reação do condutor;Colisão frontal;Com Vítimas Feridas;Pleno dia;Decrescente;Céu Claro;Simples;Curva;Não;3;0;0;1;1;2;1;4;-26,54967;-51,43451;SPRF-PR;DEL02-PR;UOP03-DEL02-PR
658049;29/01/2025;quarta-feira;12:15:00;RS;290;182;MINAS DO LEAO;Acessar a via sem observar a presença dos outros veículos;Colisão transversal;Com Vítimas Feridas;Pleno dia;Decrescente;Céu Claro;Simples;"Reta;Rotatória";Sim;2;0;1;0;1;0;1;2;-30,14445918;-52,04631329;SPRF-RS;DEL02-RS;UOP03-DEL02-RS
658060;29/01/2025;quarta-feira;06:10:00;SC;282;57;AGUAS MORNAS;Velocidade Incompatível;Tombamento;Sem Vítimas;Amanhecer;Decrescente;Céu Claro;Simples;"Curva;Declive";Não;1;0;0;0;1;0;0;1;-27,688864;-48,998455;SPRF-SC;DEL01-SC;UOP03-DEL01-SC
658062;29/01/2025;quarta-feira;14:40:00;PE;101;38;IGARASSU;Demais falhas mecânicas ou elétricas;Saída de leito carroçável;Com Vítimas Feridas;Pleno dia;Decrescente;Céu Claro;Dupla;Declive;Não;1;0;1;0;0;0;1;1;-7,80600806;-34,92522908;SPRF-PE;DEL01-PE;UOP02-DEL01-PE
658067;29/01/2025;quarta-feira;11:50:00;RJ;116;188;NOVA IGUACU;Ausência de reação do condutor;Engavetamento;Com Vítimas Fatais;Pleno dia;Decrescente;Nublado;Múltipla;Reta;Sim;8;1;0;2;4;3;2;9;-22,7380709;-43,48213999;SPRF-RJ;DEL06-RJ;UOP01-DEL06-RJ
658069;29/01/2025;quarta-feira;15:20:00;ES;262;157;IBATIBA;Reação tardia ou ineficiente do condutor;Colisão frontal;Com Vítimas Feridas;Pleno dia;Crescente;Céu Claro;Simples;Reta;Sim;2;0;0;1;1;0;1;2;-20,23102878;-41,48810903;SPRF-ES;DEL01-ES;UOP02-DEL01-ES
658072;29/01/2025;quarta-feira;13:00:00;BA;110;122;ANTAS;Ultrapassagem Indevida;Colisão frontal;Com Vítimas Fatais;Pleno dia;Crescente;Céu Claro;Simples;Reta;Não;10;6;0;1;2;2;1;5;-10,47304004;-38,37725019;SPRF-BA;DEL07-BA;UOP02-DEL07-BA
658074;29/01/2025;quarta-feira;16:40:00;GO;153;502,6;APARECIDA DE GOIANIA;Trafegar com motocicleta (ou similar) entre as faixas;Queda de ocupante de veículo;Com Vítimas Feridas;Pleno dia;Crescente;Nublado;Dupla;Reta;Sim;4;0;1;1;2;0;2;4;-16,7287;-49,2424;SPRF-GO;DEL01-GO;UOP01-DEL01-GO
658077;29/01/2025;quarta-feira;16:15:00;SC;282;39,1;AGUAS MORNAS;Conversão proibida;Colisão traseira;Com Vítimas Feridas;Pleno dia;Crescente;Céu Claro;Simples;Reta;Não;5;0;1;0;4;0;1;2;-27,712439;-48,860607;SPRF-SC;DEL01-SC;UOP03-DEL01-SC
658084;29/01/2025;quarta-feira;11:00:00;MS;262;733,3;CORUMBA;Reação tardia ou ineficiente do condutor;Colisão com objeto;Sem Vítimas;Pleno dia;Decrescente;Nublado;Simples;Curva;Não;2;0;0;0;1;1;0;2;-19,349623;-57,570744;SPRF-MS;DEL03-MS;UOP03-DEL03-MS
658092;29/01/2025;quarta-feira;17:10:00;PR;153;50,9;SANTO ANTONIO DA PLATINA;Reação tardia ou ineficiente do condutor;Colisão traseira;Com Vítimas Feridas;Pleno dia;Crescente;Nublado;Simples;Reta;Não;5;0;1;0;3;2;1;5;-23,36290402;-50,06502594;SPRF-PR;DEL07-PR;UOP04-DEL07-PR
658095;29/01/2025;quarta-feira;18:30:00;SC;101;130;BALNEARIO CAMBORIU;Manobra de mudança de faixa;Colisão lateral mesmo sentido;Com Vítimas Feridas;Anoitecer;Crescente;Céu Claro;Dupla;Reta;Sim;3;0;1;0;1;1;1;3;-26,98407618;-48,66977107;SPRF-SC;DEL04-SC;UOP03-DEL04-SC
658104;29/01/2025;quarta-feira;18:00:00;MT;163;1020;TERRA NOVA DO NORTE;Condutor deixou de manter distância do veículo da frente;Colisão traseira;Com Vítimas Feridas;Plena Noite;Decrescente;Nublado;Simples;Reta;Não;6;0;1;2;2;3;3;6;-10,4309581;-55,05871455;SPRF-MT;DEL06-MT;UOP03-DEL06-MT
658107;29/01/2025;quarta-feira;20:30:00;MG;381;368;SAO GONCALO DO RIO ABAIXO;Pista Escorregadia;Colisão frontal;Com Vítimas Feridas;Plena Noite;Crescente;Chuva;Simples;Curva;Não;6;0;1;1;3;1;2;3;-19,85072732;-43,28377384;SPRF-MG;DEL03-MG;UOP01-DEL03-MG
658110;29/01/2025;quarta-feira;19:40:00;SC;101;55;ARAQUARI;Chuva;Atropelamento de Pedestre;Com Vítimas Feridas;Plena Noite;Decrescente;Chuva;Múltipla;Reta;Não;2;0;1;0;0;1;1;2;-26,42280898;-48,82977496;SPRF-SC;DEL03-SC;UOP01-DEL03-SC
658111;29/01/2025;quarta-feira;20:30:00;GO;452;151,5;ITUMBIARA;Pista esburacada;Saída de leito carroçável;Com Vítimas Feridas;Plena Noite;Crescente;Ignorado;Simples;Declive;Não;1;0;0;1;0;0;1;1;-18,30181487;-49,57931902;SPRF-GO;DEL03-GO;UOP02-DEL03-GO
658112;29/01/2025;quarta-feira;19:45:00;PR;277;449;LARANJEIRAS DO SUL;Demais falhas mecânicas ou elétricas;Incêndio;Sem Vítimas;Anoitecer;Crescente;Céu Claro;Simples;"Aclive;Reta";Não;2;0;0;0;1;2;0;3;-25,37101731;-52,32891083;SPRF-PR;DEL04-PR;UOP02-DEL04-PR
658114;29/01/2025;quarta-feira;16:20:00;PR;277;129;CAMPO LARGO;Carga excessiva e/ou mal acondicionada;Derramamento de carga;Sem Vítimas;Pleno dia;Crescente;Nublado;Simples;Rotatória;Sim;2;0;0;0;2;0;0;2;-25,44458091;-49,56662357;SPRF-PR;DEL03-PR;UOP03-DEL03-PR
658120;29/01/2025;quarta-feira;22:15:00;GO;60;171;ABADIA DE GOIAS;Reação tardia ou ineficiente do condutor;Colisão traseira;Com Vítimas Feridas;Plena Noite;Crescente;Nublado;Dupla;"Aclive;Reta";Não;2;0;0;1;1;0;1;2;-16,7333;-49,3996;SPRF-GO;DEL01-GO;UOP02-DEL01-GO
658123;29/01/2025;quarta-feira;22:00:00;RS;470;63;LAGOA VERMELHA;Demais falhas mecânicas ou elétricas;Incêndio;Com Vítimas Feridas;Plena Noite;Decrescente;Nublado;Simples;Reta;Não;1;0;1;0;0;0;1;1;-28,203287;-51,525436;SPRF-RS;DEL08-RS;UOP05-DEL08-RS
658124;29/01/2025;quarta-feira;20:00:00;BA;116;454;SANTO ESTEVAO;Demais falhas mecânicas ou elétricas;Incêndio;Sem Vítimas;Plena Noite;Decrescente;Ignorado;Dupla;"Reta;Declive";Não;1;0;0;0;1;0;0;1;-12,416999;-39,192796;SPRF-BA;DEL02-BA;UOP01-DEL02-BA
658125;29/01/2025;quarta-feira;17:18:00;MG;153;98;PRATA;Chuva;Colisão traseira;Com Vítimas Feridas;Anoitecer;Decrescente;Chuva;Simples;"Declive;Ponte";Não;8;0;0;2;5;4;2;9;-19,21129908;-48,93783422;SPRF-MG;DEL15-MG;UOP03-DEL15-MG
658136;29/01/2025;quarta-feira;23:40:00;PR;376;623;SAO JOSE DOS PINHAIS;Acesso irregular;Saída de leito carroçável;Com Vítimas Feridas;Plena Noite;Decrescente;Céu Claro;Dupla;Reta;Não;3;0;1;0;1;1;1;3;-25,63462416;-49,16182135;SPRF-PR;DEL01-PR;UOP04-DEL01-PR
658138;30/01/2025;quinta-feira;00:00:00;RN;101;159;CANGUARETAMA;Demais falhas mecânicas ou elétricas;Incêndio;Sem Vítimas;Plena Noite;Crescente;Chuva;Dupla;Rotatória;Não;1;0;0;0;1;0;0;1;-6,36312911;-35,15714218;SPRF-RN;DEL01-RN;UOP01-DEL01-RN
658141;29/01/2025;quarta-feira;23:00:00;MG;262;594,5;CAMPOS ALTOS;Velocidade Incompatível;Tombamento;Sem Vítimas;Plena Noite;Decrescente;Chuva;Simples;Reta;Não;1;0;0;0;1;0;0;1;-19,65385776;-46,18481755;SPRF-MG;DEL08-MG;UOP02-DEL08-MG
658143;30/01/2025;quinta-feira;01:10:00;SP;116;320;JUQUITIBA;Condutor deixou de manter distância do veículo da frente;Engavetamento;Com Vítimas Feridas;Plena Noite;Decrescente;Nublado;Dupla;Reta;Não;6;0;1;0;5;0;1;3;-23,93226;-47,00835;SPRF-SP;DEL04-SP;UOP03-DEL04-SP
658145;29/01/2025;quarta-feira;16:20:00;SC;101;277;IMBITUBA;Ausência de reação do condutor;Colisão com objeto;Com Vítimas Feridas;Pleno dia;Decrescente;Garoa/Chuvisco;Múltipla;Reta;Não;1;0;1;0;0;0;1;1;-28,15478103;-48,69265474;SPRF-SC;DEL02-SC;UOP03-DEL02-SC
658148;30/01/2025;quinta-feira;05:15:00;DF;20;39;BRASILIA;Reação tardia ou ineficiente do condutor;Queda de ocupante de veículo;Com Vítimas Feridas;Amanhecer;Crescente;Chuva;Dupla;"Reta;Declive";Não;3;0;1;0;1;1;1;3;-15,581864;-47,521973;SPRF-DF;DEL02-DF;UOP01-DEL02-DF
658158;30/01/2025;quinta-feira;00:30:00;PR;373;227,9;IMBITUVA;Reação tardia ou ineficiente do condutor;Saída de leito carroçável;Com Vítimas Feridas;Plena Noite;Decrescente;Céu Claro;Simples;Reta;Não;2;0;1;0;0;1;1;2;-25,17459823;-50,63931587;SPRF-PR;DEL03-PR;UOP01-DEL03-PR
658160;30/01/2025;quinta-feira;03:40:00;BA;116;890;VITORIA DA CONQUISTA;Demais falhas mecânicas ou elétricas;Tombamento;Com Vítimas Feridas;Plena Noite;Decrescente;Nublado;Simples;Reta;Não;2;0;1;0;0;1;1;2;-15,28578591;-41,13352714;SPRF-BA;DEL08-BA;UOP03-DEL08-BA
658161;30/01/2025;quinta-feira;07:00:00;BA;116;864;VITORIA DA CONQUISTA;Reação tardia ou ineficiente do condutor;Saída de leito carroçável;Com Vítimas Feridas;Amanhecer;Crescente;Céu Claro;Simples;Reta;Não;2;0;1;0;0;1;1;2;-15,0848343;-41,01118151;SPRF-BA;DEL08-BA;UOP01-DEL08-BA
658165;30/01/2025;quinta-feira;06:55:00;GO;153;75;PORANGATU;Ausência de reação do condutor;Colisão traseira;Com Vítimas Feridas;Pleno dia;Crescente;Garoa/Chuvisco;Simples;Reta;Não;3;0;1;0;1;3;1;5;-13,491837;-49,134628;SPRF-GO;DEL07-GO;UOP01-DEL07-GO
658167;30/01/2025;quinta-feira;00:10:00;RJ;493;90;SEROPEDICA;Reação tardia ou ineficiente do condutor;Tombamento;Com Vítimas Feridas;Plena Noite;Crescente;Nublado;Dupla;Reta;Não;2;0;1;0;0;1;1;2;-22,67585;-43,658536;SPRF-RJ;DEL01-RJ;UOP03-DEL01-RJ
658168;30/01/2025;quinta-feira;07:25:00;SP;153;61,4;SAO JOSE DO RIO PRETO;Ausência de reação do condutor;Colisão lateral mesmo sentido;Com Vítimas Feridas;Pleno dia;Crescente;Nublado;Dupla;Reta;Sim;4;0;0;1;2;2;1;5;-20,80502876;-49,35574909;SPRF-SP;DEL09-SP;UOP01-DEL09-SP
658169;30/01/2025;quinta-feira;06:50:00;RJ;101;67;CAMPOS DOS GOYTACAZES;Acesso irregular;Colisão transversal;Com Vítimas Feridas;Pleno dia;Decrescente;Céu Claro;Simples;Reta;Sim;4;0;3;0;0;2;3;4;-21,83525792;-41,41878002;SPRF-RJ;DEL08-RJ;UOP02-DEL08-RJ
658171;30/01/2025;quinta-feira;07:45:00;GO;153;499,8;GOIANIA;Trafegar com motocicleta (ou similar) entre as faixas;Colisão traseira;Com Vítimas Fatais;Pleno dia;Crescente;Nublado;Dupla;Reta;Sim;6;1;0;0;4;1;0;5;-16,7033;-49,2311;SPRF-GO;DEL01-GO;UOP01-DEL01-GO
658183;30/01/2025;quinta-feira;08:30:00;PR;116;119;CURITIBA;Manobra de mudança de faixa;Colisão lateral mesmo sentido;Com Vítimas Feridas;Pleno dia;Crescente;Nublado;Dupla;Reta;Sim;2;0;1;0;1;0;1;2;-25,574886;-49,311777;SPRF-PR;DEL01-PR;UOP03-DEL01-PR
658194;30/01/2025;quinta-feira;09:30:00;RO;364;152;PIMENTA BUENO;Faixas de trânsito com largura insuficiente;Saída de leito carroçável;Com Vítimas Feridas;Pleno dia;Decrescente;Céu Claro;Simples;Curva;Não;3;0;1;0;1;3;1;5;-11,98740675;-60,94744778;SPRF-RO;DEL02-RO;UOP02-DEL02-RO
658202;30/01/2025;quinta-feira;11:30:00;SP;116;456,9;REGISTRO;Acessar a via sem observar a presença dos outros veículos;Colisão lateral mesmo sentido;Sem Vítimas;Pleno dia;Crescente;Nublado;Dupla;Reta;Não;5;0;0;0;5;0;0;3;-24,580349;-47,88461;SPRF-SP;DEL05-SP;UOP01-DEL05-SP
658203;30/01/2025;quinta-feira;11:00:00;ES;101;8,1;PEDRO CANARIO;Velocidade Incompatível;Tombamento;Com Vítimas Feridas;Pleno dia;Crescente;Céu Claro;Simples;"Curva;Aclive";Não;2;0;1;0;0;1;1;2;-18,23027961;-39,95278417;SPRF-ES;DEL04-ES;UOP02-DEL04-ES
658205;30/01/2025;quinta-feira;10:00:00;RJ;101;83;CAMPOS DOS GOYTACAZES;Reação tardia ou ineficiente do condutor;Tombamento;Com Vítimas Feridas;Pleno dia;Decrescente;Céu Claro;Simples;Curva;Não;2;0;1;0;0;1;1;2;-21,82162418;-41,46695137;SPRF-RJ;DEL08-RJ;UOP02-DEL08-RJ
658209;30/01/2025;quinta-feira;09:30:00;DF;20;2;BRASILIA;Manobra de mudança de faixa;Colisão lateral mesmo sentido;Com Vítimas Feridas;Pleno dia;Decrescente;Chuva;Múltipla;"Viaduto;Reta";Sim;2;0;1;0;1;0;1;2;-15,682896;-47,840729;SPRF-DF;DEL02-DF;UOP01-DEL02-DF
658217;30/01/2025;quinta-feira;07:00:00;MT;158;544,9;AGUA BOA;Acostamento em desnível;Tombamento;Com Vítimas Feridas;Pleno dia;Decrescente;Nublado;Simples;Reta;Não;2;0;1;0;0;1;1;2;-13,86999497;-52,06354782;SPRF-MT;DEL07-MT;UOP02-DEL07-MT
658220;30/01/2025;quinta-feira;12:50:00;GO;40;88,6;CRISTALINA;Desrespeitar a preferência no cruzamento;Colisão transversal;Com Vítimas Feridas;Pleno dia;Crescente;Céu Claro;Simples;"Retorno Regulamentado;Rotatória;Reta";Não;3;0;0;2;1;0;2;2;-16,716902;-47,660862;SPRF-DF;DEL01-DF;UOP02-DEL01-DF
658223;30/01/2025;quinta-feira;13:45:00;SC;116;6,9;MAFRA;Acesso irregular;Colisão transversal;Com Vítimas Feridas;Pleno dia;Crescente;Céu Claro;Simples;Reta;Sim;2;0;1;0;1;0;1;2;-26,15196176;-49,83102416;SPRF-SC;DEL06-SC;UOP01-DEL06-SC
658227;30/01/2025;quinta-feira;13:35:00;RS;386;234,2;SOLEDADE;Acesso irregular;Colisão frontal;Com Vítimas Feridas;Pleno dia;Crescente;Céu Claro;Simples;Reta;Não;3;0;1;0;1;1;1;3;-28,722898;-52,560581;SPRF-RS;DEL04-RS;UOP03-DEL04-RS
658235;30/01/2025;quinta-feira;12:32:00;PR;277;342;GUARAPUAVA;Reação tardia ou ineficiente do condutor;Capotamento;Com Vítimas Fatais;Pleno dia;Decrescente;Céu Claro;Dupla;Reta;Sim;2;1;0;0;0;1;0;2;-25,35535069;-51,46137714;SPRF-PR;DEL08-PR;UOP01-DEL08-PR
658236;30/01/2025;quinta-feira;13:00:00;CE;116;375,9;ICO;Ausência de reação do condutor;Colisão transversal;Com Vítimas Feridas;Pleno dia;Decrescente;Céu Claro;Simples;"Rotatória;Reta";Sim;3;0;0;1;1;4;1;6;-6,3951252;-38,83101685;SPRF-CE;DEL05-CE;UOP01-DEL05-CE
658238;30/01/2025;quinta-feira;14:50:00;PA;316;56;CASTANHAL;Manobra de mudança de faixa;Colisão traseira;Com Vítimas Feridas;Pleno dia;Decrescente;Céu Claro;Dupla;Reta;Sim;3;0;1;0;2;0;1;3;-1,30296976;-47,99063907;SPRF-PA;DEL01-PA;UOP01-DEL01-PA
658239;30/01/2025;quinta-feira;15:00:00;BA;116;543;MILAGRES;Condutor deixou de manter distância do veículo da frente;Colisão traseira;Com Vítimas Fatais;Pleno dia;Crescente;Céu Claro;Simples;Reta;Não;51;1;11;0;38;2;11;4;-12,85096022;-39,84407187;SPRF-BA;DEL03-BA;UOP02-DEL03-BA
658240;30/01/2025;quinta-feira;12:30:00;MS;163;839;SONORA;Ingestão de álcool pelo condutor;Saída de leito carroçável;Sem Vítimas;Pleno dia;Decrescente;Céu Claro;Dupla;"Aclive;Reta";Não;2;0;0;0;1;2;0;3;-17,58231308;-54,74314059;SPRF-MS;DEL06-MS;UOP01-DEL06-MS
658241;30/01/2025;quinta-feira;12:30:00;TO;153;468;BARROLANDIA;Demais falhas mecânicas ou elétricas;Saída de leito carroçável;Com Vítimas Feridas;Pleno dia;Decrescente;Nublado;Simples;Reta;Não;2;0;1;0;0;1;1;2;-9,98289731;-48,75211852;SPRF-TO;DEL01-TO;UOP01-DEL01-TO
658242;30/01/2025;quinta-feira;14:00:00;RS;290;86;PORTO ALEGRE;Condutor deixou de manter distância do veículo da frente;Colisão traseira;Com Vítimas Feridas;Pleno dia;Decrescente;Céu Claro;Múltipla;Reta;Sim;5;0;2;0;2;1;2;5;-29,968412;-51,117138;SPRF-RS;DEL01-RS;UOP01-DEL01-RS
658248;30/01/2025;quinta-feira;13:30:00;PR;376;602;CURITIBA;Reação tardia ou ineficiente do condutor;Tombamento;Com Vítimas Feridas;Pleno dia;Crescente;Sol;Dupla;Reta;Não;2;0;1;0;0;1;1;2;-25,524947;-49,331189;SPRF-PR;DEL01-PR;UOP06-DEL01-PR
658252;30/01/2025;quinta-feira;11:30:00;PR;116;115;CURITIBA;Reação tardia ou ineficiente do condutor;Tombamento;Com Vítimas Feridas;Pleno dia;Decrescente;Céu Claro;Múltipla;"Curva;Declive";Sim;2;0;1;0;0;1;1;2;-25,545275;-49,299917;SPRF-PR;DEL01-PR;UOP03-DEL01-PR
658255;30/01/2025;quinta-feira;16:10:00;MG;116;276;TEOFILO OTONI;Manobra de mudança de faixa;Colisão lateral mesmo sentido;Com Vítimas Feridas;Pleno dia;Crescente;Nublado;Dupla;"Curva;Rotatória";Sim;2;0;1;0;1;0;1;2;-17,85105696;-41,51454492;SPRF-MG;DEL11-MG;UOP01-DEL11-MG
658261;30/01/2025;quinta-feira;16:10:00;SP;116;20,3;LAVRINHAS;Demais falhas mecânicas ou elétricas;Colisão traseira;Com Vítimas Feridas;Pleno dia;Decrescente;Nublado;Dupla;Curva;Não;3;0;1;0;1;2;1;4;-22,57232099;-44,86495105;SPRF-SP;DEL08-SP;UOP02-DEL08-SP
658262;30/01/2025;quinta-feira;15:35:00;PR;476;145;CURITIBA;Reação tardia ou ineficiente do condutor;Colisão traseira;Com Vítimas Feridas;Pleno dia;Decrescente;Céu Claro;Dupla;"Reta;Aclive";Sim;3;0;0;1;1;1;1;3;-25,5499628;-49,3269815;SPRF-PR;DEL01-PR;UOP06-DEL01-PR
658268;30/01/2025;quinta-feira;14:00:00;PR;277;226,8;TEIXEIRA SOARES;Ausência de sinalização;Colisão traseira;Sem Vítimas;Pleno dia;Decrescente;Céu Claro;Simples;"Em Obras;Curva";Não;4;0;0;0;3;2;0;4;-25,45787055;-50,43363476;SPRF-PR;DEL08-PR;UOP02-DEL08-PR
658269;30/01/2025;quinta-feira;17:28:00;AL;101;74,5;MESSIAS;Manobra de mudança de faixa;Colisão lateral mesmo sentido;Com Vítimas Feridas;Pleno dia;Decrescente;Céu Claro;Dupla;Curva;Sim;3;0;1;0;1;1;1;3;-9,395538;-35,8387;SPRF-AL;DEL01-AL;UOP01-DEL01-AL
658275;30/01/2025;quinta-feira;17:15:00;SC;101;42,1;JOINVILLE;Trafegar com motocicleta (ou similar) entre as faixas;Colisão traseira;Com Vítimas Feridas;Pleno dia;Decrescente;Nublado;Dupla;Reta;Sim;4;0;1;0;2;1;1;4;-26,29251598;-48,88474385;SPRF-SC;DEL03-SC;UOP01-DEL03-SC
658276;30/01/2025;quinta-feira;15:50:00;MG;40;529,8;CONTAGEM;Chuva;Colisão com objeto;Com Vítimas Feridas;Pleno dia;Crescente;Chuva;Dupla;Curva;Sim;1;0;1;0;0;0;1;1;-19,92064782;-44,0335681;SPRF-MG;DEL01-MG;UOP02-DEL01-MG
658277;30/01/2025;quinta-feira;17:00:00;SP;116;163,6;JACAREI;Demais falhas mecânicas ou elétricas;Colisão traseira;Sem Vítimas;Pleno dia;Decrescente;Chuva;Dupla;Reta;Não;2;0;0;0;2;0;0;2;-23,28649584;-45,9919851;SPRF-SP;DEL02-SP;UOP01-DEL02-SP
658283;30/01/2025;quinta-feira;16:30:00;MG;116;698,2;MURIAE;Velocidade Incompatível;Tombamento;Com Vítimas Feridas;Pleno dia;Decrescente;Sol;Simples;"Curva;Declive";Não;4;0;2;0;1;2;2;4;-21,09085016;-42,37310442;SPRF-MG;DEL07-MG;UOP02-DEL07-MG
658291;30/01/2025;quinta-feira;18:10:00;PR;373;181;PONTA GROSSA;Acessar a via sem observar a presença dos outros veículos;Colisão frontal;Sem Vítimas;Anoitecer;Decrescente;Chuva;Dupla;Reta;Sim;2;0;0;0;2;0;0;2;-25,04266233;-50,25791089;SPRF-PR;DEL03-PR;UOP01-DEL03-PR
658292;30/01/2025;quinta-feira;18:30:00;RS;158;332;SANTA MARIA;Reação tardia ou ineficiente do condutor;Saída de leito carroçável;Com Vítimas Feridas;Anoitecer;Crescente;Nublado;Dupla;Reta;Sim;3;0;1;0;1;1;1;3;-29,70455526;-53,84562677;SPRF-RS;DEL09-RS;UOP01-DEL09-RS
658293;30/01/2025;quinta-feira;18:00:00;SC;101;112;ITAJAI;Trafegar com motocicleta (ou similar) entre as faixas;Colisão lateral mesmo sentido;Com Vítimas Feridas;Pleno dia;Decrescente;Céu Claro;Dupla;"Reta;Ponte";Sim;4;0;1;0;1;2;1;4;-26,84589005;-48,72131295;SPRF-SC;DEL04-SC;UOP04-DEL04-SC
658294;30/01/2025;quinta-feira;18:25:00;MT;163;1067;GUARANTA DO NORTE;Reação tardia ou ineficiente do condutor;Saída de leito carroçável;Sem Vítimas;Anoitecer;Decrescente;Nublado;Simples;Reta;Não;2;0;0;0;1;1;0;2;-10,06966899;-54,90642513;SPRF-MT;DEL06-MT;UOP03-DEL06-MT
658305;30/01/2025;quinta-feira;21:50:00;RN;101;85;NATAL;Reação tardia ou ineficiente do condutor;Colisão lateral mesmo sentido;Com Vítimas Feridas;Plena Noite;Crescente;Céu Claro;Simples;Reta;Sim;2;0;1;0;1;0;1;2;-5,777664;-35,24937;SPRF-RN;DEL02-RN;UOP01-DEL02-RN