id;data_inversa;dia_semana;horario;uf;br;km;municipio;causa_acidente;tipo_acidente;classificacao_acidente;fase_dia;sentido_via;condicao_metereologica;tipo_pista;tracado_via;uso_solo;pessoas;mortos;feridos_leves;feridos_graves;ilesos;ignorados;feridos;veiculos;latitude;longitude;regional;delegacia;uop
658306;30/01/2025;quinta-feira;21:00:00;TO;153;758,8;ALVORADA;Acessar a via sem observar a presença dos outros veículos;Colisão transversal;Com Vítimas Feridas;Plena Noite;Crescente;Nublado;Simples;Reta;Sim;2;0;0;1;1;0;1;2;-12,45418101;-49,11937505;SPRF-TO;DEL01-TO;UOP02-DEL01-TO
658307;30/01/2025;quinta-feira;20:00:00;MT;364;397;CUIABA;Acumulo de água sobre o pavimento;Saída de leito carroçável;Com Vítimas Feridas;Plena Noite;Crescente;Chuva;Dupla;Reta;Não;1;0;1;0;0;0;1;1;-15,68642489;-55,91347495;SPRF-MT;DEL01-MT;UOP02-DEL01-MT
658312;30/01/2025;quinta-feira;23:20:00;SP;116;324,6;JUQUITIBA;Reação tardia ou ineficiente do condutor;Colisão traseira;Com Vítimas Feridas;Plena Noite;Decrescente;Chuva;Dupla;Reta;Sim;5;0;1;1;1;2;2;4;-23,94029914;-47,04398301;SPRF-SP;DEL04-SP;UOP03-DEL04-SP
658316;31/01/2025;sexta-feira;00:10:00;PR;476;192;LAPA;Velocidade Incompatível;Colisão frontal;Com Vítimas Fatais;Plena Noite;Crescente;Chuva;Simples;"Declive;Curva";Não;3;1;0;0;1;1;0;3;-25,731652;-49,704011;SPRF-PR;DEL01-PR;UOP06-DEL01-PR
658320;31/01/2025;sexta-feira;00:01:00;MG;40;440,7;PARAOPEBA;Ausência de reação do condutor;Colisão traseira;Com Vítimas Feridas;Plena Noite;Decrescente;Nublado;Dupla;Reta;Não;3;0;1;0;1;4;1;6;-19,23100428;-44,43562244;SPRF-MG;DEL02-MG;UOP01-DEL02-MG
658325;31/01/2025;sexta-feira;02:00:00;AM;174;1024;PRESIDENTE FIGUEIREDO;Condutor Dormindo;Saída de leito carroçável;Sem Vítimas;Plena Noite;Decrescente;Céu Claro;Simples;Curva;Não;1;0;0;0;1;0;0;1;-1,79753987;-60,14461348;SPRF-AM;DEL01-AM;UOP02-DEL01-AM
658326;31/01/2025;sexta-feira;03:40:00;GO;60;68;ABADIANIA;Ingestão de álcool pelo condutor;Saída de leito carroçável;Sem Vítimas;Plena Noite;Crescente;Céu Claro;Dupla;Reta;Sim;1;0;0;0;1;0;0;1;-16,2381207;-48,75987768;SPRF-GO;DEL02-GO;UOP01-DEL02-GO
658330;30/01/2025;quinta-feira;23:30:00;MG;251;290,1;SALINAS;Ausência de reação do condutor;Engavetamento;Com Vítimas Feridas;Plena Noite;Decrescente;Céu Claro;Simples;"Reta;Aclive";Não;19;0;1;0;17;5;1;10;-16,06017595;-42,19594359;SPRF-MG;DEL12-MG;UOP02-DEL12-MG
658331;31/01/2025;sexta-feira;05:50:00;MG;40;779,8;JUIZ DE FORA;Animais na Pista;Atropelamento de Animal;Com Vítimas Feridas;Amanhecer;Decrescente;Nublado;Dupla;Reta;Não;4;0;1;0;2;2;1;5;-21,67252614;-43,44374992;SPRF-MG;DEL05-MG;UOP01-DEL05-MG
658333;30/01/2025;quinta-feira;17:00:00;MG;116;554;MANHUACU;Ausência de reação do condutor;Tombamento;Com Vítimas Feridas;Anoitecer;Crescente;Nublado;Simples;Curva;Não;2;0;1;0;0;1;1;2;-20,00117809;-42,14034158;SPRF-MG;DEL06-MG;UOP02-DEL06-MG
658334;30/01/2025;quinta-feira;22:00:00;MG;262;24;REDUTO;Transitar na contramão;Colisão frontal;Com Vítimas Fatais;Plena Noite;Crescente;Nublado;Simples;Reta;Não;2;1;0;0;1;0;0;2;-20,24814827;-41,94094189;SPRF-MG;DEL06-MG;UOP03-DEL06-MG
658335;31/01/2025;sexta-feira;07:03:00;MG;365;599;UBERLANDIA;Reação tardia ou ineficiente do condutor;Saída de leito carroçável;Com Vítimas Feridas;Pleno dia;Crescente;Céu Claro;Simples;Reta;Não;2;0;1;0;0;1;1;2;-18,88997892;-48,12177605;SPRF-MG;DEL15-MG;UOP01-DEL15-MG
658337;31/01/2025;sexta-feira;05:30:00;MT;364;89,2;ALTO GARCAS;Ausência de reação do condutor;Saída de leito carroçável;Com Vítimas Feridas;Amanhecer;Decrescente;Chuva;Simples;Curva;Não;3;0;1;0;1;2;1;3;-16,86308889;-53,72048697;SPRF-MT;DEL02-MT;UOP02-DEL02-MT
658340;30/01/2025;quinta-feira;17:30:00;PR;153;509,5;GENERAL CARNEIRO;Velocidade Incompatível;Saída de leito carroçável;Sem Vítimas;Anoitecer;Decrescente;Chuva;Simples;Curva;Não;1;0;0;0;1;0;0;1;-26,54226738;-51,40216828;SPRF-PR;DEL02-PR;UOP03-DEL02-PR
658345;31/01/2025;sexta-feira;06:00:00;GO;20;41;FORMOSA;Reação tardia ou ineficiente do condutor;Colisão traseira;Com Vítimas Feridas;Amanhecer;Crescente;Céu Claro;Simples;Reta;Não;5;0;2;0;3;0;2;3;-15,396284;-47,099884;SPRF-DF;DEL02-DF;UOP02-DEL02-DF
658347;30/01/2025;quinta-feira;19:45:00;MT;364;579,9;DIAMANTINO;Reação tardia ou ineficiente do condutor;Saída de leito carroçável;Com Vítimas Feridas;Plena Noite;Decrescente;Chuva;Dupla;"Reta;Declive";Não;2;0;1;0;0;1;1;2;-14,66298789;-56,29936934;SPRF-MT;DEL01-MT;UOP01-DEL01-MT
658356;31/01/2025;sexta-feira;06:27:00;ES;101;269;SERRA;Acessar a via sem observar a presença dos outros veículos;Colisão lateral mesmo sentido;Sem Vítimas;Pleno dia;Decrescente;Céu Claro;Simples;Reta;Não;2;0;0;0;0;2;0;2;-20,21740496;-40,26990578;SPRF-ES;DEL02-ES;UOP01-DEL02-ES
658366;31/01/2025;sexta-feira;07:50:00;GO;80;99,9;VILA PROPICIO;Velocidade Incompatível;Colisão traseira;Com Vítimas Feridas;Pleno dia;Crescente;Nublado;Simples;Reta;Não;5;0;1;1;1;3;2;6;-15,202273;-48,75209;SPRF-GO;DEL07-GO;UOP02-DEL07-GO
658367;31/01/2025;sexta-feira;08:45:00;MS;163;680,7;RIO VERDE DE MATO GROSSO;Velocidade Incompatível;Colisão transversal;Com Vítimas Feridas;Pleno dia;Crescente;Céu Claro;Simples;Reta;Sim;3;0;1;0;1;1;1;3;-18,92417173;-54,83538529;SPRF-MS;DEL06-MS;UOP02-DEL06-MS
658368;08/01/2025;quarta-feira;13:39:00;RO;319;54;PORTO VELHO;Reação tardia ou ineficiente do condutor;Tombamento;Com Vítimas Feridas;Pleno dia;Decrescente;Nublado;Simples;Curva;Não;1;0;1;0;0;0;1;1;-8,74350592;-63,94936497;SPRF-RO;DEL01-RO;UOP01-DEL01-RO
658376;31/01/2025;sexta-feira;09:10:00;MS;163;206,3;CAARAPO;Ausência de reação do condutor;Colisão traseira;Com Vítimas Feridas;Pleno dia;Crescente;Céu Claro;Simples;Reta;Não;4;0;3;0;1;0;3;2;-22,65390994;-54,80646392;SPRF-MS;DEL04-MS;UOP02-DEL04-MS
658380;31/01/2025;sexta-feira;10:55:00;PB;230;25,4;JOAO PESSOA;Ausência de reação do condutor;Colisão com objeto;Com Vítimas Feridas;Pleno dia;Crescente;Céu Claro;Múltipla;"Aclive;Reta;Viaduto";Sim;2;0;0;1;1;0;1;2;-7,16947372;-34,87385511;SPRF-PB;DEL01-PB;UOP01-DEL01-PB
658383;30/01/2025;quinta-feira;16:30:00;PA;10;160;PARAGOMINAS;Problema com o freio;Incêndio;Sem Vítimas;Pleno dia;Crescente;Céu Claro;Simples;Reta;Sim;2;0;0;0;1;1;0;2;-3,033007;-47,466543;SPRF-PA;DEL02-PA;UOP01-DEL02-PA
658385;31/01/2025;sexta-feira;08:50:00;MT;364;134;PEDRA PRETA;Ultrapassagem Indevida;Colisão lateral mesmo sentido;Com Vítimas Feridas;Pleno dia;Crescente;Céu Claro;Simples;"Curva;Declive";Não;5;0;0;1;3;5;1;8;-16,82537001;-54,060275;SPRF-MT;DEL02-MT;UOP01-DEL02-MT
658391;31/01/2025;sexta-feira;12:10:00;SC;101;105;PENHA;Trafegar com motocicleta (ou similar) entre as faixas;Colisão lateral mesmo sentido;Com Vítimas Feridas;Plena Noite;Crescente;Céu Claro;Dupla;"Viaduto;Reta";Não;2;0;0;1;0;1;1;2;-26,80215497;-48,67891041;SPRF-SC;DEL03-SC;UOP02-DEL03-SC
658395;31/01/2025;sexta-feira;11:17:00;MS;262;320,9;CAMPO GRANDE;Acessar a via sem observar a presença dos outros veículos;Colisão transversal;Com Vítimas Feridas;Pleno dia;Crescente;Céu Claro;Simples;Reta;Não;4;0;2;0;2;0;2;2;-20,4698075;-54,48459148;SPRF-MS;DEL01-MS;UOP01-DEL01-MS
658396;31/01/2025;sexta-feira;12:25:00;PR;376;3;MANDAGUARI;Demais falhas mecânicas ou elétricas;Colisão transversal;Com Vítimas Feridas;Pleno dia;Decrescente;Céu Claro;Simples;Reta;Sim;2;0;1;0;1;0;1;2;-23,547966;-51,671265;SPRF-PR;DEL09-PR;UOP01-DEL09-PR
658408;31/01/2025;sexta-feira;12:10:00;RN;406;162;CEARA-MIRIM;Demais falhas mecânicas ou elétricas;Tombamento;Sem Vítimas;Pleno dia;Crescente;Céu Claro;Simples;Declive;Sim;2;0;0;0;1;2;0;3;-5,7280941;-35,36099113;SPRF-RN;DEL02-RN;UOP01-DEL02-RN
658412;31/01/2025;sexta-feira;11:30:00;RJ;465;6;SEROPEDICA;Manobra de mudança de faixa;Colisão lateral mesmo sentido;Com Vítimas Feridas;Pleno dia;Decrescente;Nublado;Dupla;"Retorno Regulamentado;Reta";Não;3;0;1;1;1;0;2;2;-22,754314;-43,692879;SPRF-RJ;DEL06-RJ;UOP02-DEL06-RJ
658416;31/01/2025;sexta-feira;12:45:00;TO;153;703;CARIRI DO TOCANTINS;Transitar na contramão;Colisão lateral mesmo sentido;Com Vítimas Feridas;Pleno dia;Crescente;Chuva;Simples;Declive;Não;4;0;0;1;2;1;1;4;-11,978012;-49,202575;SPRF-TO;DEL01-TO;UOP02-DEL01-TO
658419;31/01/2025;sexta-feira;15:00:00;ES;101;189;ARACRUZ;Condutor Dormindo;Colisão lateral sentido oposto;Com Vítimas Feridas;Pleno dia;Crescente;Céu Claro;Simples;Reta;Não;6;0;3;0;2;1;3;3;-19,68134019;-40,27051885;SPRF-ES;DEL04-ES;UOP01-DEL04-ES
658421;31/01/2025;sexta-feira;11:30:00;RJ;393;241;VASSOURAS;Manobra de mudança de faixa;Colisão lateral mesmo sentido;Com Vítimas Feridas;Pleno dia;Decrescente;Céu Claro;Simples;Reta;Não;3;0;1;0;2;0;1;2;-22,41971814;-43,68447089;SPRF-RJ;DEL05-RJ;UOP04-DEL05-RJ
658425;31/01/2025;sexta-feira;15:15:00;MG;381;616;OLIVEIRA;Curva acentuada;Saída de leito carroçável;Com Vítimas Feridas;Pleno dia;Crescente;Chuva;Dupla;Curva;Não;2;0;1;0;0;1;1;2;-20,75304819;-44,77475634;SPRF-MG;DEL04-MG;UOP01-DEL04-MG
658426;31/01/2025;sexta-feira;15:50:00;RS;290;78;GRAVATAI;Demais falhas mecânicas ou elétricas;Colisão lateral mesmo sentido;Sem Vítimas;Pleno dia;Crescente;Céu Claro;Múltipla;Reta;Não;2;0;0;0;2;0;0;2;-29,954178;-51,037735;SPRF-RS;DEL01-RS;UOP01-DEL01-RS
658429;31/01/2025;sexta-feira;14:00:00;GO;153;526;HIDROLANDIA;Reação tardia ou ineficiente do condutor;Atropelamento de Pedestre;Com Vítimas Feridas;Pleno dia;Decrescente;Chuva;Dupla;Reta;Não;2;0;0;1;1;0;1;2;-16,9376;-49,2532;SPRF-GO;DEL01-GO;UOP03-DEL01-GO
658431;31/01/2025;sexta-feira;15:30:00;MG;40;590,8;ITABIRITO;Ausência de reação do condutor;Colisão lateral mesmo sentido;Com Vítimas Feridas;Pleno dia;Decrescente;Chuva;Dupla;"Aclive;Curva";Não;4;0;2;0;2;0;2;2;-20,36807799;-43,90982881;SPRF-MG;DEL01-MG;UOP02-DEL01-MG
658438;31/01/2025;sexta-feira;15:20:00;PE;232;412;SERRA TALHADA;Acessar a via sem observar a presença dos outros veículos;Colisão transversal;Com Vítimas Feridas;Pleno dia;Decrescente;Céu Claro;Simples;"Interseção de Vias;Reta";Sim;3;0;0;1;2;0;1;2;-7,98424645;-38,32167506;SPRF-PE;DEL04-PE;UOP01-DEL04-PE
658441;31/01/2025;sexta-feira;16:40:00;PE;232;181;BELO JARDIM;Acesso irregular;Colisão frontal;Com Vítimas Fatais;Pleno dia;Decrescente;Céu Claro;Simples;Reta;Não;2;1;0;0;1;0;0;2;-8,34627974;-36,43776285;SPRF-PE;DEL03-PE;UOP02-DEL03-PE
658444;31/01/2025;sexta-feira;15:55:00;PR;369;481,9;CORBELIA;Ausência de reação do condutor;Colisão traseira;Com Vítimas Feridas;Pleno dia;Crescente;Céu Claro;Simples;"Aclive;Reta";Não;4;0;1;0;2;1;1;4;-24,77247372;-53,29302901;SPRF-PR;DEL04-PR;UOP03-DEL04-PR
658447;31/01/2025;sexta-feira;16:15:00;MG;40;515;RIBEIRAO DAS NEVES;Carga excessiva e/ou mal acondicionada;Saída de leito carroçável;Com Vítimas Feridas;Pleno dia;Decrescente;Chuva;Dupla;"Reta;Declive";Não;2;0;1;0;0;1;1;2;-19,8090079;-44,09493479;SPRF-MG;DEL01-MG;UOP02-DEL01-MG
658451;31/01/2025;sexta-feira;17:15:00;SP;116;212;GUARULHOS;Trafegar com motocicleta (ou similar) entre as faixas;Colisão transversal;Com Vítimas Feridas;Pleno dia;Crescente;Céu Claro;Dupla;Reta;Sim;3;0;0;1;2;0;1;3;-23,43608315;-46,42805094;SPRF-SP;DEL01-SP;UOP01-DEL01-SP
658454;31/01/2025;sexta-feira;15:30:00;PR;153;240;TIBAGI;Velocidade Incompatível;Tombamento;Com Vítimas Feridas;Pleno dia;Decrescente;Nublado;Simples;"Declive;Curva";Não;2;0;0;1;0;1;1;2;-24,78994494;-50,46670675;SPRF-PR;DEL03-PR;UOP02-DEL03-PR
658464;30/01/2025;quinta-feira;13:40:00;MG;40;459,7;CAETANOPOLIS;Chuva;Saída de leito carroçável;Com Vítimas Feridas;Pleno dia;Crescente;Chuva;Dupla;"Declive;Curva";Não;2;0;1;0;0;1;1;2;-19,388919;-44,335457;SPRF-MG;DEL02-MG;UOP01-DEL02-MG
658468;31/01/2025;sexta-feira;18:27:00;PE;232;90,1;SAIRE;Avarias e/ou desgaste excessivo no pneu;Colisão transversal;Com Vítimas Fatais;Plena Noite;Crescente;Céu Claro;Dupla;Curva;Sim;3;1;1;0;1;0;1;2;-8,21723507;-35,65712571;SPRF-PE;DEL02-PE;UOP02-DEL02PE
658474;31/01/2025;sexta-feira;18:45:00;GO;20;5;FORMOSA;Pista Escorregadia;Saída de leito carroçável;Sem Vítimas;Anoitecer;Crescente;Chuva;Simples;"Declive;Reta";Não;2;0;0;0;1;1;0;2;-15,555275;-47,306908;SPRF-DF;DEL02-DF;UOP02-DEL02-DF
658475;31/01/2025;sexta-feira;17:10:00;PR;163;238,6;TOLEDO;Pista esburacada;Saída de leito carroçável;Com Vítimas Feridas;Pleno dia;Decrescente;Nublado;Dupla;Curva;Não;1;0;0;1;0;0;1;1;-24,717822;-53,711597;SPRF-PR;DEL04-PR;UOP01-DEL04-PR
658478;31/01/2025;sexta-feira;17:40:00;RJ;101;65;CAMPOS DOS GOYTACAZES;Ultrapassagem Indevida;Colisão lateral mesmo sentido;Com Vítimas Feridas;Pleno dia;Crescente;Céu Claro;Dupla;Reta;Não;2;0;1;0;1;0;1;2;-21,75371806;-41,344292;SPRF-RJ;DEL08-RJ;UOP02-DEL08-RJ
658483;31/01/2025;sexta-feira;19:00:00;RJ;101;294;ITABORAI;Trafegar com motocicleta (ou similar) entre as faixas;Colisão transversal;Com Vítimas Fatais;Plena Noite;Decrescente;Chuva;Dupla;Reta;Sim;4;1;0;0;2;1;0;4;-22,7584434;-42,89502344;SPRF-RJ;DEL02-RJ;UOP02-DEL02-RJ
658486;31/01/2025;sexta-feira;17:51:00;SC;280;46,2;GUARAMIRIM;Acessar a via sem observar a presença dos outros veículos;Colisão transversal;Com Vítimas Feridas;Pleno dia;Crescente;Nublado;Simples;"Interseção de Vias;Aclive;Reta";Não;3;0;0;1;1;1;1;3;-26,45315954;-48,91022086;SPRF-SC;DEL03-SC;UOP03-DEL03-SC
658489;31/01/2025;sexta-feira;19:30:00;BA;324;519;FEIRA DE SANTANA;Condutor deixou de manter distância do veículo da frente;Colisão traseira;Com Vítimas Feridas;Plena Noite;Decrescente;Céu Claro;Dupla;Reta;Sim;2;0;1;0;1;0;1;2;-12,28035623;-38,92438304;SPRF-BA;DEL02-BA;UOP01-DEL02-BA
658491;31/01/2025;sexta-feira;14:45:00;PR;163;256;TOLEDO;Reação tardia ou ineficiente do condutor;Colisão lateral mesmo sentido;Com Vítimas Feridas;Pleno dia;Decrescente;Céu Claro;Dupla;Reta;Não;3;0;1;0;1;1;1;3;-24,67939252;-53,78535368;SPRF-PR;DEL06-PR;UOP02-DEL06-PR
658493;31/01/2025;sexta-feira;20:40:00;SP;101;44,9;UBATUBA;Acessar a via sem observar a presença dos outros veículos;Colisão lateral mesmo sentido;Com Vítimas Feridas;Plena Noite;Decrescente;Nublado;Simples;Reta;Sim;2;0;1;0;1;0;1;2;-23,41394683;-45,06765788;SPRF-SP;DEL06-SP;UOP01-DEL06-SP
658494;31/01/2025;sexta-feira;20:00:00;MG;381;495,5;BETIM;Condutor deixou de manter distância do veículo da frente;Colisão traseira;Sem Vítimas;Plena Noite;Crescente;Céu Claro;Dupla;Reta;Não;2;0;0;0;1;1;0;2;-19,98890883;-44,20522016;SPRF-MG;DEL01-MG;UOP03-DEL01-MG
658500;31/01/2025;sexta-feira;20:15:00;MG;262;558;CORREGO DANTA;Reação tardia ou ineficiente do condutor;Colisão lateral sentido oposto;Com Vítimas Feridas;Plena Noite;Crescente;Chuva;Simples;Curva;Não;3;0;1;0;1;1;1;3;-19,72243801;-45,93499096;SPRF-MG;DEL08-MG;UOP02-DEL08-MG
658507;31/01/2025;sexta-feira;20:00:00;PR;163;343;GUAIRA;Acessar a via sem observar a presença dos outros veículos;Colisão transversal;Com Vítimas Feridas;Plena Noite;Crescente;Céu Claro;Simples;Reta;Sim;5;0;1;0;3;1;1;3;-24,21375699;-54,19958751;SPRF-PR;DEL06-PR;UOP01-DEL06-PR
658516;31/01/2025;sexta-feira;22:40:00;PR;277;388;CANDOI;Ausência de reação do condutor;Saída de leito carroçável;Com Vítimas Feridas;Plena Noite;Crescente;Céu Claro;Simples;Reta;Não;1;0;1;0;0;0;1;1;-25,4345774;-51,80956591;SPRF-PR;DEL08-PR;UOP01-DEL08-PR
658521;01/02/2025;sábado;00:30:00;MT;70;18;BARRA DO GARCAS;Ultrapassagem Indevida;Colisão frontal;Com Vítimas Feridas;Plena Noite;Decrescente;Nublado;Simples;Reta;Não;6;0;2;2;1;1;4;3;-15,85699472;-52,40960476;SPRF-MT;DEL07-MT;UOP01-DEL07-MT
658529;01/02/2025;sábado;01:30:00;SP;116;74;APARECIDA;Entrada inopinada do pedestre;Colisão traseira;Com Vítimas Feridas;Plena Noite;Crescente;Garoa/Chuvisco;Dupla;Reta;Não;5;0;1;0;3;1;1;4;-22,87353809;-45,25320023;SPRF-SP;DEL08-SP;UOP01-DEL08-SP
658531;01/02/2025;sábado;03:10:00;RJ;101;49;CAMPOS DOS GOYTACAZES;Ultrapassagem Indevida;Colisão frontal;Com Vítimas Fatais;Plena Noite;Decrescente;Céu Claro;Simples;Reta;Sim;2;1;0;0;1;0;0;2;-21,62508006;-41,31411242;SPRF-RJ;DEL08-RJ;UOP01-DEL08-RJ
658532;01/02/2025;sábado;02:50:00;MG;381;485;BETIM;Ingestão de álcool pelo condutor;Colisão traseira;Sem Vítimas;Plena Noite;Decrescente;Nublado;Dupla;"Reta;Declive";Sim;3;0;0;0;2;1;0;3;-19,95569156;-44,09786582;SPRF-MG;DEL01-MG;UOP03-DEL01-MG
658541;01/02/2025;sábado;04:43:00;SC;470;140;RIO DO SUL;Ingestão de álcool pelo condutor;Colisão lateral sentido oposto;Sem Vítimas;Plena Noite;Decrescente;Nublado;Simples;Reta;Sim;3;0;0;0;2;1;0;3;-27,222485;-49,662827;SPRF-SC;DEL04-SC;UOP02-DEL04-SC
658548;01/02/2025;sábado;05:20:00;PI;343;1,7;TERESINA;Acessar a via sem observar a presença dos outros veículos;Colisão transversal;Com Vítimas Feridas;Amanhecer;Decrescente;Céu Claro;Múltipla;Reta;Sim;2;0;0;1;1;0;1;2;-5,081368;-42,763372;SPRF-PI;DEL01-PI;UOP01-DEL01-PI
658553;01/02/2025;sábado;03:40:00;MT;163;756;SORRISO;Transitar na contramão;Colisão lateral sentido oposto;Com Vítimas Feridas;Plena Noite;Decrescente;Chuva;Dupla;Reta;Sim;3;0;1;0;1;3;1;5;-12,51598253;-55,69726872;SPRF-MT;DEL06-MT;UOP01-DEL06-MT
658558;01/02/2025;sábado;03:00:00;MG;50;93;UBERLANDIA;Objeto estático sobre o leito carroçável;Colisão com objeto;Sem Vítimas;Plena Noite;Crescente;Céu Claro;Dupla;Reta;Não;3;0;0;0;2;1;0;3;-19,07492502;-48,18892306;SPRF-MG;DEL15-MG;UOP01-DEL15-MG
658562;01/02/2025;sábado;06:20:00;PR;376;494,1;PONTA GROSSA;Velocidade Incompatível;Colisão traseira;Com Vítimas Feridas;Pleno dia;Decrescente;Nublado;Dupla;"Declive;Reta";Sim;5;0;2;1;2;0;3;2;-25,12819303;-50,1754096;SPRF-PR;DEL03-PR;UOP04-DEL03-PR
658568;01/02/2025;sábado;06:15:00;SC;470;83,9;RODEIO;Transitar na contramão;Colisão frontal;Com Vítimas Fatais;Amanhecer;Crescente;Nublado;Simples;Reta;Não;7;3;0;1;1;2;1;4;-26,96135;-49,34197;SPRF-SC;DEL04-SC;UOP01-DEL04-SC
658572;01/02/2025;sábado;08:15:00;MG;50;15;UBERLANDIA;Velocidade Incompatível;Tombamento;Com Vítimas Feridas;Pleno dia;Decrescente;Nublado;Simples;Curva;Não;2;0;1;0;0;1;1;2;-18,9113;-48,2622;SPRF-MG;DEL15-MG;UOP01-DEL15-MG
658576;01/02/2025;sábado;07:20:00;MA;10;257;IMPERATRIZ;Conversão proibida;Colisão lateral mesmo sentido;Com Vítimas Feridas;Pleno dia;Decrescente;Céu Claro;Simples;Reta;Sim;3;0;0;1;1;1;1;3;-5,490634;-47,471973;SPRF-MA;DEL04-MA;UOP01-DEL04-MA
658581;31/01/2025;sexta-feira;18:30:00;GO;60;392;RIO VERDE;Falta de elemento de contenção que evite a saída do leito carroçável;Saída de leito carroçável;Sem Vítimas;Anoitecer;Decrescente;Nublado;Dupla;Reta;Sim;2;0;0;0;1;1;0;2;-17,8266;-50,9789;SPRF-GO;DEL04-GO;UOP02-DEL04-GO
658585;01/02/2025;sábado;08:30:00;SC;470;49,6;BLUMENAU;Manobra de mudança de faixa;Colisão transversal;Com Vítimas Feridas;Pleno dia;Crescente;Céu Claro;Dupla;Curva;Não;3;0;1;1;1;0;2;2;-26,860662;-49,065159;SPRF-SC;DEL04-SC;UOP01-DEL04-SC
658586;01/02/2025;sábado;09:00:00;CE;20;403;CAUCAIA;Desrespeitar a preferência no cruzamento;Colisão transversal;Sem Vítimas;Pleno dia;Crescente;Céu Claro;Simples;"Curva;Interseção de Vias";Não;4;0;0;0;2;2;0;2;-3,78330069;-38,69351522;SPRF-CE;DEL01-CE;UOP01-DEL01-CE
658589;01/02/2025;sábado;09:00:00;MG;381;924,8;CAMANDUCAIA;Velocidade Incompatível;Colisão lateral mesmo sentido;Com Vítimas Feridas;Pleno dia;Crescente;Chuva;Dupla;Curva;Não;4;0;2;0;1;1;2;3;-22,77050246;-46,23490598;SPRF-MG;DEL16-MG;UOP03-DEL16-MG
658591;01/02/2025;sábado;09:30:00;SP;116;216;GUARULHOS;Manobra de mudança de faixa;Colisão traseira;Com Vítimas Feridas;Pleno dia;Decrescente;Garoa/Chuvisco;Múltipla;Reta;Sim;3;0;1;0;0;2;1;2;-23,45056589;-46,46258105;SPRF-SP;DEL01-SP;UOP01-DEL01-SP
658592;31/01/2025;sexta-feira;23:30:00;PA;163;147;ALTAMIRA;Transitar na contramão;Colisão frontal;Com Vítimas Fatais;Plena Noite;Crescente;Nublado;Simples;"Reta;Aclive";Não;5;1;1;1;1;3;2;5;-8,41616187;-55,10111522;SPRF-MT;DEL06-MT;UOP03-DEL06-MT
658601;01/02/2025;sábado;08:55:00;RJ;101;515;ANGRA DOS REIS;Reação tardia ou ineficiente do condutor;Colisão lateral sentido oposto;Com Vítimas Fatais;Pleno dia;Crescente;Céu Claro;Simples;Reta;Não;10;3;2;0;5;0;2;4;-23,00296;-44,44444;SPRF-RJ;DEL03-RJ;UOP03-DEL03-RJ
658605;01/02/2025;sábado;11:00:00;ES;101;110,5;SOORETAMA;Transitar na contramão;Colisão frontal;Com Vítimas Feridas;Pleno dia;Decrescente;Céu Claro;Dupla;Reta;Não;3;0;2;0;1;0;2;2;-19,06215201;-40,03484798;SPRF-ES;DEL04-ES;UOP01-DEL04-ES
658606;01/02/2025;sábado;07:50:00;MG;262;90,2;ABRE CAMPO;Transitar na contramão;Colisão frontal;Com Vítimas Fatais;Pleno dia;Crescente;Nublado;Simples;Reta;Não;4;1;0;0;2;4;0;7;-20,331908;-42,465708;SPRF-MG;DEL03-MG;UOP03-DEL03-MG
658607;01/02/2025;sábado;07:50:00;CE;20;60;TAUA;Reação tardia ou ineficiente do condutor;Colisão traseira;Com Vítimas Fatais;Pleno dia;Crescente;Céu Claro;Simples;Declive;Não;3;1;0;0;1;2;0;4;-6,12318072;-40,45559231;SPRF-CE;DEL02-CE;UOP02-DEL02-CE
658612;01/02/2025;sábado;10:30:00;SP;116;516;CAJATI;Acumulo de óleo sobre o pavimento;Queda de ocupante de veículo;Com Vítimas Feridas;Pleno dia;Decrescente;Nublado;Dupla;Curva;Não;3;0;2;0;1;0;2;2;-24,87423036;-48,2190838;SPRF-SP;DEL05-SP;UOP02-DEL05-SP
658615;01/02/2025;sábado;09:55:00;RO;364;228;CACOAL;Reação tardia ou ineficiente do condutor;Saída de leito carroçável;Sem Vítimas;Pleno dia;Decrescente;Chuva;Simples;Declive;Não;3;0;0;0;2;1;0;2;-11,49012091;-61,38047391;SPRF-RO;DEL02-RO;UOP02-DEL02-RO
658625;01/02/2025;sábado;11:20:00;PI;316;2,3;TERESINA;Manobra de mudança de faixa;Colisão traseira;Com Vítimas Feridas;Pleno dia;Crescente;Sol;Múltipla;Reta;Sim;3;0;0;1;1;3;1;5;-5,12477477;-42,79848465;SPRF-PI;DEL01-PI;UOP02-DEL01-PI
658626;01/02/2025;sábado;10:30:00;MA;222;661;ACAILANDIA;Ausência de reação do condutor;Colisão traseira;Com Vítimas Feridas;Pleno dia;Decrescente;Nublado;Simples;Reta;Sim;2;0;0;1;1;0;1;2;-4,87587256;-47,35338025;SPRF-MA;DEL04-MA;UOP03-DEL04-MA
658637;01/02/2025;sábado;14:30:00;SP;116;278;EMBU DAS ARTES;Ausência de reação do condutor;Colisão com objeto;Com Vítimas Feridas;Pleno dia;Crescente;Nublado;Dupla;Reta;Sim;1;0;1;0;0;0;1;1;-23,65508497;-46,84918605;SPRF-SP;DEL04-SP;UOP01-DEL04-SP
658647;01/02/2025;sábado;14:50:00;MG;365;610;UBERLANDIA;Condutor deixou de manter distância do veículo da frente;Engavetamento;Com Vítimas Feridas;Pleno dia;Crescente;Nublado;Simples;Reta;Sim;6;0;0;3;2;2;3;5;-18,92793854;-48,19198317;SPRF-MG;DEL15-MG;UOP01-DEL15-MG