id;data_inversa;dia_semana;horario;uf;br;km;municipio;causa_acidente;tipo_acidente;classificacao_acidente;fase_dia;sentido_via;condicao_metereologica;tipo_pista;tracado_via;uso_solo;pessoas;mortos;feridos_leves;feridos_graves;ilesos;ignorados;feridos;veiculos;latitude;longitude;regional;delegacia;uop
659118;03/02/2025;segunda-feira;16:30:00;MG;262;480;BOM DESPACHO;Ausência de reação do condutor;Colisão lateral sentido oposto;Com Vítimas Feridas;Pleno dia;Decrescente;Sol;Simples;Reta;Não;3;0;0;1;1;1;1;3;-19,78696514;-45,24828201;SPRF-MG;DEL08-MG;UOP03-DEL08-MG
659142;03/02/2025;segunda-feira;22:05:00;SC;101;27;JOINVILLE;Condutor deixou de manter distância do veículo da frente;Engavetamento;Com Vítimas Feridas;Plena Noite;Decrescente;Nublado;Múltipla;"Aclive;Reta;Viaduto";Sim;4;0;0;2;1;2;2;5;-26,2033866;-48,91370773;SPRF-SC;DEL03-SC;UOP01-DEL03-SC
659145;03/02/2025;segunda-feira;21:40:00;SC;101;26,2;JOINVILLE;Reação tardia ou ineficiente do condutor;Colisão lateral mesmo sentido;Com Vítimas Feridas;Plena Noite;Decrescente;Nublado;Dupla;"Reta;Ponte";Não;3;0;1;0;1;1;1;3;-26,19544181;-48,91225398;SPRF-SC;DEL03-SC;UOP01-DEL03-SC
659147;03/02/2025;segunda-feira;16:55:00;MG;381;734,1;CARMO DA CACHOEIRA;Ausência de reação do condutor;Saída de leito carroçável;Com Vítimas Feridas;Pleno dia;Decrescente;Céu Claro;Dupla;Reta;Não;4;0;2;0;1;1;2;2;-21,57173297;-45,24325979;SPRF-MG;DEL16-MG;UOP02-DEL16-MG
659150;03/02/2025;segunda-feira;22:45:00;AL;101;181;TEOTONIO VILELA;Velocidade Incompatível;Tombamento;Com Vítimas Feridas;Plena Noite;Decrescente;Céu Claro;Dupla;"Curva;Aclive";Não;1;0;1;0;0;0;1;1;-9,89535548;-36,41225988;SPRF-AL;DEL02-AL;UOP02-DEL02-AL
659152;03/02/2025;segunda-feira;21:35:00;CE;116;314,9;JAGUARIBE;Acesso irregular;Colisão traseira;Com Vítimas Fatais;Plena Noite;Decrescente;Céu Claro;Simples;Reta;Não;3;1;0;0;1;1;0;3;-5,952338;-38,631158;SPRF-CE;DEL05-CE;UOP02-DEL05-CE
659158;04/02/2025;terça-feira;01:40:00;PR;277;239,3;FERNANDES PINHEIRO;Acessar a via sem observar a presença dos outros veículos;Colisão frontal;Com Vítimas Fatais;Plena Noite;Decrescente;Nublado;Simples;Reta;Sim;3;2;0;0;1;0;0;2;-25,46376637;-50,54602007;SPRF-PR;DEL08-PR;UOP02-DEL08-PR
659164;04/02/2025;terça-feira;05:00:00;MS;163;736;COXIM;Ausência de reação do condutor;Tombamento;Com Vítimas Feridas;Amanhecer;Decrescente;Nevoeiro/Neblina;Simples;Reta;Não;2;0;1;0;0;1;1;2;-18,46085775;-54,71187148;SPRF-MS;DEL06-MS;UOP01-DEL06-MS
659178;04/02/2025;terça-feira;07:30:00;SP;116;165,4;JACAREI;Demais falhas mecânicas ou elétricas;Incêndio;Sem Vítimas;Pleno dia;Crescente;Sol;Dupla;Reta;Não;2;0;0;0;1;1;0;2;-23,29691791;-46,00798704;SPRF-SP;DEL02-SP;UOP01-DEL02-SP
659184;04/02/2025;terça-feira;08:10:00;PB;101;84,8;BAYEUX;Demais falhas na via;Tombamento;Com Vítimas Feridas;Pleno dia;Crescente;Nublado;Dupla;Reta;Sim;2;0;0;1;1;0;1;2;-7,13957906;-34,92312806;SPRF-PB;DEL01-PB;UOP01-DEL01-PB
659185;04/02/2025;terça-feira;09:10:00;MG;251;473,6;FRANCISCO SA;Velocidade Incompatível;Colisão lateral sentido oposto;Com Vítimas Fatais;Pleno dia;Crescente;Sol;Simples;"Curva;Declive";Não;3;2;0;0;1;0;0;2;-16,47012768;-43,44753404;SPRF-MG;DEL12-MG;UOP01-DEL12-MG
659188;03/02/2025;segunda-feira;19:12:00;MT;163;695;SORRISO;Reação tardia ou ineficiente do condutor;Colisão traseira;Com Vítimas Feridas;Plena Noite;Decrescente;Céu Claro;Simples;Reta;Não;3;0;1;0;1;2;1;4;-13,015445;-55,89274166;SPRF-MT;DEL06-MT;UOP01-DEL06-MT
659193;04/02/2025;terça-feira;09:30:00;RS;116;248;SAO LEOPOLDO;Ausência de reação do condutor;Colisão lateral mesmo sentido;Com Vítimas Feridas;Pleno dia;Crescente;Céu Claro;Múltipla;"Interseção de Vias;Reta";Sim;2;0;0;1;1;0;1;2;-29,7780113;-51,15594864;SPRF-RS;DEL01-RS;UOP02-DEL01-RS
659200;04/02/2025;terça-feira;09:00:00;MG;153;64,9;MONTE ALEGRE DE MINAS;Condutor usando celular;Saída de leito carroçável;Com Vítimas Feridas;Pleno dia;Decrescente;Céu Claro;Simples;"Reta;Aclive";Não;3;0;1;0;0;3;1;4;-18,93598095;-49,02936069;SPRF-MG;DEL15-MG;UOP03-DEL15-MG
659202;04/02/2025;terça-feira;09:05:00;PR;277;306;PRUDENTOPOLIS;Pedestre andava na pista;Atropelamento de Pedestre;Com Vítimas Feridas;Pleno dia;Crescente;Nublado;Simples;Reta;Não;3;0;0;1;1;1;1;3;-25,29937603;-51,14537699;SPRF-PR;DEL08-PR;UOP01-DEL08-PR
659204;04/02/2025;terça-feira;10:15:00;RS;116;247,9;SAO LEOPOLDO;Ausência de reação do condutor;Engavetamento;Sem Vítimas;Pleno dia;Crescente;Céu Claro;Múltipla;"Reta;Viaduto";Sim;6;0;0;0;6;0;0;4;-29,76733091;-51,1535296;SPRF-RS;DEL01-RS;UOP02-DEL01-RS
659205;16/01/2025;quinta-feira;05:00:00;MG;40;493;ESMERALDAS;Objeto estático sobre o leito carroçável;Colisão com objeto;Com Vítimas Feridas;Amanhecer;Crescente;Nublado;Dupla;Reta;Não;3;0;0;1;1;1;1;3;-19,64620694;-44,20301977;SPRF-MG;DEL02-MG;UOP01-DEL02-MG
659209;04/02/2025;terça-feira;10:50:00;RS;116;247;SAO LEOPOLDO;Reação tardia ou ineficiente do condutor;Colisão lateral mesmo sentido;Sem Vítimas;Pleno dia;Decrescente;Céu Claro;Dupla;Reta;Sim;4;0;0;0;3;2;0;4;-29,76733091;-51,1535296;SPRF-RS;DEL01-RS;UOP02-DEL01-RS
659212;31/01/2025;sexta-feira;15:55:00;MT;364;139;PEDRA PRETA;Problema com o freio;Colisão lateral sentido oposto;Com Vítimas Feridas;Pleno dia;Crescente;Nublado;Dupla;Reta;Não;3;0;1;0;1;3;1;5;-16,80094529;-54,1099251;SPRF-MT;DEL02-MT;UOP01-DEL02-MT
659213;04/02/2025;terça-feira;07:30:00;PE;316;250;BELEM DE SAO FRANCISCO;Curva acentuada;Capotamento;Com Vítimas Feridas;Pleno dia;Decrescente;Céu Claro;Simples;Curva;Não;1;0;0;1;0;0;1;1;-8,67841144;-38,97115513;SPRF-PE;DEL05-PE;UOP03-DEL05-PE
659228;10/01/2025;sexta-feira;07:30:00;PR;376;303,4;MAUA DA SERRA;Velocidade Incompatível;Tombamento;Com Vítimas Feridas;Pleno dia;Crescente;Sol;Dupla;Curva;Não;2;0;1;0;0;1;1;2;-23,94940698;-51,11940888;SPRF-PR;DEL07-PR;UOP02-DEL07-PR
659229;04/02/2025;terça-feira;13:02:00;PA;316;63;CASTANHAL;Ausência de reação do condutor;Tombamento;Com Vítimas Fatais;Pleno dia;Crescente;Céu Claro;Dupla;Reta;Sim;5;1;0;0;1;4;0;6;-1,29679363;-47,92878096;SPRF-PA;DEL01-PA;UOP01-DEL01-PA
659235;04/02/2025;terça-feira;10:20:00;SC;101;38;JOINVILLE;Objeto estático sobre o leito carroçável;Colisão com objeto;Com Vítimas Feridas;Pleno dia;Decrescente;Nublado;Múltipla;Reta;Sim;2;0;1;0;0;1;1;2;-26,25472505;-48,90561309;SPRF-SC;DEL03-SC;UOP01-DEL03-SC
659239;04/02/2025;terça-feira;11:10:00;PR;476;239;LAPA;Ausência de reação do condutor;Saída de leito carroçável;Com Vítimas Feridas;Pleno dia;Crescente;Céu Claro;Simples;Curva;Não;2;0;1;0;0;1;1;2;-25,870127;-50,063599;SPRF-PR;DEL02-PR;UOP03-DEL02-PR
659242;01/02/2025;sábado;09:45:00;MT;163;764;SORRISO;Condutor deixou de manter distância do veículo da frente;Colisão frontal;Com Vítimas Feridas;Pleno dia;Crescente;Chuva;Simples;Reta;Não;5;0;0;3;1;3;3;6;-12,46346786;-55,66841863;SPRF-MT;DEL06-MT;UOP01-DEL06-MT
659246;04/02/2025;terça-feira;10:32:00;SC;116;141;SANTA CECILIA;Acessar a via sem observar a presença dos outros veículos;Colisão frontal;Com Vítimas Feridas;Pleno dia;Crescente;Sol;Simples;"Curva;Interseção de Vias";Sim;2;0;1;0;1;0;1;2;-26,97282394;-50,40309796;SPRF-SC;DEL06-SC;UOP02-DEL06-SC
659248;04/02/2025;terça-feira;14:00:00;MG;40;750,1;SANTOS DUMONT;Velocidade Incompatível;Tombamento;Com Vítimas Feridas;Pleno dia;Crescente;Céu Claro;Simples;Curva;Não;1;0;1;0;0;0;1;1;-21,49074111;-43,53555411;SPRF-MG;DEL05-MG;UOP01-DEL05-MG
659249;04/02/2025;terça-feira;15:00:00;ES;101;143,7;LINHARES;Desrespeitar a preferência no cruzamento;Colisão transversal;Com Vítimas Feridas;Pleno dia;Crescente;Céu Claro;Simples;Interseção de Vias;Não;4;0;1;0;2;2;1;4;-19,3453022;-40,06366253;SPRF-ES;DEL04-ES;UOP01-DEL04-ES
659251;04/02/2025;terça-feira;15:00:00;PR;277;539;IBEMA;Transitar na contramão;Colisão lateral sentido oposto;Com Vítimas Feridas;Pleno dia;Decrescente;Céu Claro;Simples;"Reta;Declive";Não;8;0;0;3;4;2;3;6;-25,10508569;-53,03299472;SPRF-PR;DEL04-PR;UOP04-DEL04-PR
659252;04/02/2025;terça-feira;15:00:00;RS;290;23,6;SANTO ANTONIO DA PATRULHA;Reação tardia ou ineficiente do condutor;Saída de leito carroçável;Com Vítimas Feridas;Pleno dia;Decrescente;Céu Claro;Dupla;Reta;Não;2;0;1;0;0;1;1;2;-29,885357;-50,484364;SPRF-RS;DEL03-RS;UOP01-DEL03-RS
659254;04/02/2025;terça-feira;12:25:00;RO;364;276,5;PRESIDENTE MEDICI;Demais falhas mecânicas ou elétricas;Incêndio;Sem Vítimas;Pleno dia;Crescente;Céu Claro;Simples;"Reta;Aclive";Não;2;0;0;0;1;2;0;3;-11,38782822;-61,76833405;SPRF-RO;DEL02-RO;UOP01-DEL02-RO
659257;04/02/2025;terça-feira;15:30:00;RS;470;162;NOVA PRATA;Ingestão de álcool pelo condutor;Colisão traseira;Sem Vítimas;Pleno dia;Decrescente;Sol;Simples;Reta;Sim;6;0;0;0;3;3;0;5;-28,82367706;-51,5857029;SPRF-RS;DEL06-RS;UOP02-DEL06-RS
659259;04/02/2025;terça-feira;18:20:00;PR;369;86,1;CORNELIO PROCOPIO;Acessar a via sem observar a presença dos outros veículos;Colisão transversal;Com Vítimas Feridas;Plena Noite;Decrescente;Chuva;Simples;Interseção de Vias;Sim;2;0;1;0;1;0;1;2;-23,17364255;-50,62049389;SPRF-PR;DEL07-PR;UOP05-DEL07-PR
659261;04/02/2025;terça-feira;16:45:00;RS;290;91;PORTO ALEGRE;Manobra de mudança de faixa;Colisão traseira;Com Vítimas Feridas;Pleno dia;Decrescente;Céu Claro;Dupla;"Retorno Regulamentado;Curva";Sim;3;0;2;0;1;0;2;2;-29,969055;-51,167439;SPRF-RS;DEL01-RS;UOP01-DEL01-RS
659268;04/02/2025;terça-feira;17:20:00;RJ;101;209;CASIMIRO DE ABREU;Reação tardia ou ineficiente do condutor;Colisão traseira;Com Vítimas Feridas;Pleno dia;Decrescente;Céu Claro;Dupla;Curva;Não;4;0;2;0;2;0;2;3;-22,48133694;-42,22930101;SPRF-RJ;DEL08-RJ;UOP04-DEL08-RJ
659270;04/02/2025;terça-feira;15:30:00;PB;101;119,5;PEDRAS DE FOGO;Reação tardia ou ineficiente do condutor;Saída de leito carroçável;Sem Vítimas;Pleno dia;Decrescente;Chuva;Simples;Aclive;Não;2;0;0;0;1;1;0;2;-7,42897814;-34,96672977;SPRF-PB;DEL01-PB;UOP01-DEL01-PB
659272;04/02/2025;terça-feira;12:36:00;MA;135;29,8;BACABEIRA;Ausência de reação do condutor;Colisão lateral mesmo sentido;Com Vítimas Feridas;Pleno dia;Decrescente;Nublado;Dupla;Reta;Não;4;0;1;2;0;1;3;2;-2,795072;-44,374203;SPRF-MA;DEL01-MA;UOP01-DEL01-MA
659273;04/02/2025;terça-feira;16:20:00;MG;153;1;ARAPORA;Velocidade Incompatível;Tombamento;Com Vítimas Fatais;Pleno dia;Decrescente;Nublado;Dupla;"Aclive;Reta";Sim;3;1;0;0;1;1;0;3;-18,41758;-49,194427;SPRF-MG;DEL15-MG;UOP03-DEL15-MG
659275;04/02/2025;terça-feira;18:00:00;RS;448;21;CANOAS;Manobra de mudança de faixa;Colisão lateral mesmo sentido;Com Vítimas Feridas;Pleno dia;Decrescente;Sol;Múltipla;"Ponte;Reta";Não;2;0;1;0;1;0;1;2;-29,96574;-51,202034;SPRF-RS;DEL01-RS;UOP01-DEL01-RS
659288;04/02/2025;terça-feira;18:48:00;ES;101;270,5;SERRA;Acessar a via sem observar a presença dos outros veículos;Colisão traseira;Com Vítimas Feridas;Anoitecer;Decrescente;Céu Claro;Dupla;Interseção de Vias;Sim;3;0;0;1;1;3;1;5;-20,22662056;-40,27075088;SPRF-ES;DEL02-ES;UOP01-DEL02-ES
659291;04/02/2025;terça-feira;19:55:00;RS;290;86;PORTO ALEGRE;Condutor deixou de manter distância do veículo da frente;Colisão traseira;Com Vítimas Feridas;Plena Noite;Decrescente;Céu Claro;Múltipla;Reta;Sim;2;0;1;0;1;0;1;2;-29,968412;-51,117138;SPRF-RS;DEL01-RS;UOP01-DEL01-RS
659293;04/02/2025;terça-feira;19:00:00;PB;230;158,8;CAMPINA GRANDE;Ingestão de álcool pelo condutor;Colisão transversal;Com Vítimas Feridas;Plena Noite;Crescente;Chuva;Simples;Reta;Sim;6;0;2;0;4;0;2;2;-7,25626322;-35,92903733;SPRF-PB;DEL02-PB;UOP01-DEL02-PB
659295;04/02/2025;terça-feira;19:40:00;BA;324;537;CONCEICAO DO JACUIPE;Acessar a via sem observar a presença dos outros veículos;Colisão transversal;Com Vítimas Fatais;Plena Noite;Crescente;Céu Claro;Dupla;Reta;Sim;3;1;0;0;1;1;0;3;-12,36902201;-38,81384601;SPRF-BA;DEL01-BA;UOP03-DEL01-BA
659306;04/02/2025;terça-feira;20:50:00;PR;277;135;BALSA NOVA;Demais falhas mecânicas ou elétricas;Incêndio;Sem Vítimas;Plena Noite;Crescente;Garoa/Chuvisco;Dupla;"Curva;Declive";Não;2;0;0;0;1;1;0;2;-25,47042592;-49,62380648;SPRF-PR;DEL03-PR;UOP03-DEL03-PR
659309;04/02/2025;terça-feira;18:55:00;PR;277;475;NOVA LARANJEIRAS;Pedestre cruzava a pista fora da faixa;Atropelamento de Pedestre;Com Vítimas Feridas;Anoitecer;Decrescente;Nublado;Simples;Declive;Não;3;0;0;1;1;3;1;5;-25,29776255;-52,57113978;SPRF-PR;DEL04-PR;UOP02-DEL04-PR
659315;04/02/2025;terça-feira;17:10:00;GO;452;147;BOM JESUS DE GOIAS;Ultrapassagem Indevida;Colisão lateral sentido oposto;Sem Vítimas;Anoitecer;Crescente;Chuva;Simples;Reta;Não;4;0;0;0;3;2;0;5;-18,28706779;-49,60856091;SPRF-GO;DEL03-GO;UOP02-DEL03-GO
659318;04/02/2025;terça-feira;22:30:00;MG;40;766,7;JUIZ DE FORA;Reação tardia ou ineficiente do condutor;Colisão com objeto;Sem Vítimas;Plena Noite;Crescente;Céu Claro;Simples;Reta;Não;2;0;0;0;1;1;0;2;-21,5688431;-43,47868311;SPRF-MG;DEL05-MG;UOP01-DEL05-MG
659325;04/02/2025;terça-feira;23:14:00;BA;324;539;AMELIA RODRIGUES;Demais falhas mecânicas ou elétricas;Colisão com objeto;Sem Vítimas;Plena Noite;Crescente;Céu Claro;Dupla;Reta;Sim;2;0;0;0;1;1;0;2;-12,37995647;-38,79955259;SPRF-BA;DEL01-BA;UOP03-DEL01-BA
659328;04/02/2025;terça-feira;20:20:00;MG;251;228,4;SANTA CRUZ DE SALINAS;Curva acentuada;Saída de leito carroçável;Com Vítimas Feridas;Plena Noite;Decrescente;Céu Claro;Simples;"Curva;Declive";Não;3;0;0;1;0;2;1;3;-15,95801106;-41,68965499;SPRF-MG;DEL12-MG;UOP02-DEL12-MG
659329;22/01/2025;quarta-feira;03:00:00;MS;262;449;DOIS IRMAOS DO BURITI;Ausência de reação do condutor;Colisão traseira;Com Vítimas Feridas;Plena Noite;Crescente;Céu Claro;Simples;Reta;Não;6;0;4;0;1;2;4;4;-20,54178326;-55,44642492;SPRF-MS;DEL03-MS;UOP01-DEL03-MS
659331;05/02/2025;quarta-feira;01:50:00;MG;381;4;BETIM;Condutor Dormindo;Colisão com objeto;Sem Vítimas;Plena Noite;Crescente;Céu Claro;Dupla;Curva;Sim;2;0;0;0;1;1;0;2;-19,96825;-44,198708;SPRF-MG;DEL01-MG;UOP03-DEL01-MG
659333;05/02/2025;quarta-feira;01:20:00;CE;116;128;RUSSAS;Animais na Pista;Atropelamento de Animal;Sem Vítimas;Plena Noite;Crescente;Céu Claro;Simples;"Reta;Declive";Não;4;0;0;0;4;0;0;1;-4,67991963;-38,12722972;SPRF-CE;DEL03-CE;UOP01-DEL03-CE
659334;05/02/2025;quarta-feira;01:30:00;PR;153;98,1;JAPIRA;Ingestão de álcool pelo condutor;Colisão traseira;Com Vítimas Feridas;Plena Noite;Crescente;Chuva;Simples;"Curva;Aclive";Não;4;0;1;1;1;1;2;3;-23,75551706;-50,18407866;SPRF-PR;DEL07-PR;UOP04-DEL07-PR
659336;05/02/2025;quarta-feira;02:50:00;GO;60;269,9;JANDAIA;Condutor Dormindo;Tombamento;Sem Vítimas;Plena Noite;Crescente;Nublado;Dupla;"Retorno Regulamentado;Reta";Não;2;0;0;0;0;2;0;2;-17,2061;-50,1122;SPRF-GO;DEL01-GO;UOP02-DEL01-GO
659339;05/02/2025;quarta-feira;04:00:00;ES;259;8,5;JOAO NEIVA;Ausência de reação do condutor;Tombamento;Com Vítimas Feridas;Amanhecer;Crescente;Céu Claro;Simples;"Curva;Aclive";Não;2;0;1;0;0;1;1;2;-19,68073376;-40,39141693;SPRF-ES;DEL02-ES;UOP01-DEL02-ES
659340;05/02/2025;quarta-feira;05:15:00;MG;116;776,7;LEOPOLDINA;Velocidade Incompatível;Tombamento;Com Vítimas Fatais;Amanhecer;Decrescente;Céu Claro;Simples;Curva;Não;3;1;1;0;0;1;1;2;-21,59023796;-42,68715187;SPRF-MG;DEL07-MG;UOP01-DEL07-MG
659349;05/02/2025;quarta-feira;06:22:00;TO;230;24;SANTA TEREZINHA DO TOCANTINS;Ausência de reação do condutor;Atropelamento de Pedestre;Com Vítimas Fatais;Amanhecer;Crescente;Nevoeiro/Neblina;Simples;"Aclive;Reta";Não;2;1;0;0;0;1;0;2;-6,42577201;-47,567059;SPRF-TO;DEL02-TO;UOP03-DEL02-TO
659356;05/02/2025;quarta-feira;06:30:00;RS;290;170,3;BUTIA;Reação tardia ou ineficiente do condutor;Saída de leito carroçável;Com Vítimas Feridas;Amanhecer;Crescente;Céu Claro;Simples;"Reta;Declive";Não;1;0;1;0;0;0;1;1;-30,125158;-51,910156;SPRF-RS;DEL02-RS;UOP03-DEL02-RS
659360;05/02/2025;quarta-feira;04:30:00;MG;365;92;JEQUITAI;Velocidade Incompatível;Tombamento;Com Vítimas Feridas;Amanhecer;Crescente;Céu Claro;Simples;"Declive;Curva";Não;1;0;1;0;0;0;1;1;-17,21604745;-44,45298992;SPRF-MG;DEL12-MG;UOP01-DEL12-MG
659363;25/01/2025;sábado;02:30:00;SC;280;187,2;MAFRA;Reação tardia ou ineficiente do condutor;Tombamento;Com Vítimas Feridas;Plena Noite;Crescente;Nevoeiro/Neblina;Simples;"Declive;Retorno Regulamentado;Interseção de Vias;Rotatória;Desvio Temporário";Não;2;0;1;0;0;2;1;3;-26,16790438;-49,95451995;SPRF-SC;DEL06-SC;UOP01-DEL06-SC
659369;05/02/2025;quarta-feira;07:51:00;PR;277;679;MEDIANEIRA;Avarias e/ou desgaste excessivo no pneu;Tombamento;Com Vítimas Fatais;Pleno dia;Crescente;Céu Claro;Dupla;"Reta;Declive";Não;2;1;0;0;0;1;0;2;-25,31758044;-54,15684223;SPRF-PR;DEL05-PR;UOP01-DEL05-PR
659380;05/02/2025;quarta-feira;09:15:00;MG;381;689,4;LAVRAS;Ausência de reação do condutor;Colisão traseira;Com Vítimas Feridas;Pleno dia;Crescente;Sol;Dupla;"Curva;Aclive";Não;3;0;1;0;1;1;1;3;-21,225698;-45,130486;SPRF-MG;DEL04-MG;UOP02-DEL04-MG
659381;05/02/2025;quarta-feira;07:50:00;MG;50;19;UBERLANDIA;Manobra de mudança de faixa;Tombamento;Com Vítimas Feridas;Pleno dia;Crescente;Sol;Dupla;Reta;Não;2;0;1;0;1;0;1;2;-18,935284;-48,202407;SPRF-MG;DEL15-MG;UOP01-DEL15-MG
659383;05/02/2025;quarta-feira;09:15:00;SP;116;442;REGISTRO;Frear bruscamente;Saída de leito carroçável;Com Vítimas Feridas;Pleno dia;Decrescente;Céu Claro;Dupla;Reta;Não;4;0;1;0;1;2;1;4;-24,46159507;-47,81713991;SPRF-SP;DEL05-SP;UOP01-DEL05-SP
659386;05/02/2025;quarta-feira;06:10:00;GO;60;43,8;ALEXANIA;Reação tardia ou ineficiente do condutor;Saída de leito carroçável;Com Vítimas Fatais;Pleno dia;Crescente;Nublado;Dupla;Reta;Não;2;1;0;0;0;1;0;2;-16,1164;-48,5892;SPRF-GO;DEL02-GO;UOP01-DEL02-GO
659417;14/01/2025;terça-feira;10:55:00;RS;101;70,8;OSORIO;Condutor deixou de manter distância do veículo da frente;Colisão traseira;Com Vítimas Feridas;Pleno dia;Crescente;Sol;Dupla;Reta;Não;5;0;1;0;3;2;1;5;-29,759604;-50,21723;SPRF-RS;DEL03-RS;UOP01-DEL03-RS
659418;05/02/2025;quarta-feira;12:00:00;RJ;393;179;PARAIBA DO SUL;Velocidade Incompatível;Colisão traseira;Com Vítimas Feridas;Pleno dia;Crescente;Céu Claro;Simples;"Aclive;Reta";Não;3;0;1;0;1;1;1;3;-22,12695355;-43,23512967;SPRF-RJ;DEL05-RJ;UOP03-DEL05-RJ
659420;05/02/2025;quarta-feira;11:40:00;PR;376;592,2;CURITIBA;Ausência de reação do condutor;Colisão traseira;Com Vítimas Feridas;Pleno dia;Decrescente;Nublado;Dupla;Reta;Não;3;0;0;1;1;2;1;4;-25,45964378;-49,35905635;SPRF-PR;DEL03-PR;UOP03-DEL03-PR
659421;14/01/2025;terça-feira;06:00:00;MG;381;700;LAVRAS;Curva acentuada;Tombamento;Com Vítimas Feridas;Amanhecer;Crescente;Nublado;Dupla;Curva;Não;2;0;1;0;0;1;1;2;-21,31137883;-45,16451703;SPRF-MG;DEL04-MG;UOP02-DEL04-MG
659423;05/02/2025;quarta-feira;12:25:00;SC;280;122;SAO BENTO DO SUL;Reação tardia ou ineficiente do condutor;Colisão transversal;Com Vítimas Feridas;Pleno dia;Crescente;Céu Claro;Simples;"Interseção de Vias;Rotatória";Não;2;0;1;0;1;0;1;2;-26,24546499;-49,46053505;SPRF-SC;DEL06-SC;UOP03-DEL06-SC
659424;05/02/2025;quarta-feira;12:00:00;PR;476;169;CONTENDA;Mal súbito do condutor;Tombamento;Com Vítimas Feridas;Pleno dia;Decrescente;Nublado;Simples;Reta;Não;2;0;1;0;0;1;1;2;-25,666254;-49,495918;SPRF-PR;DEL01-PR;UOP06-DEL01-PR
659428;05/02/2025;quarta-feira;11:00:00;MG;381;824;CAREACU;Demais falhas mecânicas ou elétricas;Incêndio;Sem Vítimas;Pleno dia;Decrescente;Céu Claro;Dupla;Reta;Não;2;0;0;0;1;1;0;2;-22,12136648;-45,77006905;SPRF-MG;DEL16-MG;UOP02-DEL16-MG
659432;05/02/2025;quarta-feira;13:00:00;AL;101;37,8;JOAQUIM GOMES;Chuva;Colisão transversal;Com Vítimas Feridas;Pleno dia;Decrescente;Chuva;Dupla;Reta;Sim;3;0;2;0;1;0;2;2;-9,1393861;-35,77035538;SPRF-AL;DEL01-AL;UOP02-DEL01-AL
659434;05/02/2025;quarta-feira;10:00:00;SC;163;95;GUARACIABA;Conversão proibida;Colisão traseira;Com Vítimas Feridas;Pleno dia;Crescente;Céu Claro;Simples;Reta;Não;2;0;0;1;1;0;1;2;-26,52522398;-53,51935936;SPRF-SC;DEL07-SC;UOP03-DEL07-SC
659444;05/02/2025;quarta-feira;14:20:00;SP;116;488,8;CAJATI;Ausência de reação do condutor;Colisão traseira;Com Vítimas Fatais;Pleno dia;Decrescente;Céu Claro;Dupla;Reta;Sim;5;1;0;1;1;3;1;5;-24,73464809;-48,11602794;SPRF-SP;DEL05-SP;UOP01-DEL05-SP
659447;05/02/2025;quarta-feira;13:33:00;SP;381;61;MAIRIPORA;Pista Escorregadia;Colisão lateral mesmo sentido;Com Vítimas Feridas;Pleno dia;Crescente;Chuva;Dupla;Curva;Não;2;0;1;0;1;0;1;2;-23,29011611;-46,5800681;SPRF-SP;DEL03-SP;UOP01-DEL03-SP
659451;05/02/2025;quarta-feira;15:50:00;RS;472;517;URUGUAIANA;Demais falhas mecânicas ou elétricas;Colisão lateral sentido oposto;Com Vítimas Feridas;Plena Noite;Decrescente;Céu Claro;Simples;Reta;Não;4;0;2;0;1;1;2;3;-29,44651;-56,684626;SPRF-RS;DEL13-RS;UOP01-DEL13-RS
659454;05/02/2025;quarta-feira;13:00:00;AL;101;181;JUNQUEIRO;Velocidade Incompatível;Colisão com objeto;Com Vítimas Feridas;Pleno dia;Decrescente;Chuva;Dupla;Declive;Não;2;0;1;0;0;1;1;2;-9,89535548;-36,41225988;SPRF-AL;DEL02-AL;UOP02-DEL02-AL
659455;05/02/2025;quarta-feira;12:50:00;MG;381;513;IGARAPE;Problema com o freio;Colisão lateral sentido oposto;Com Vítimas Feridas;Pleno dia;Decrescente;Céu Claro;Simples;"Declive;Reta";Não;4;0;1;1;2;0;2;3;-20,099993;-44,318903;SPRF-MG;DEL01-MG;UOP03-DEL01-MG
659456;05/02/2025;quarta-feira;16:00:00;SC;101;202;SAO JOSE;Trafegar com motocicleta (ou similar) entre as faixas;Colisão lateral mesmo sentido;Com Vítimas Feridas;Pleno dia;Crescente;Nublado;Múltipla;Reta;Sim;3;0;1;0;0;2;1;3;-27,55711595;-48,61897889;SPRF-SC;DEL01-SC;UOP01-DEL01-SC
659458;05/02/2025;quarta-feira;16:25:00;MG;381;525,5;BRUMADINHO;Problema com o freio;Colisão com objeto;Com Vítimas Feridas;Pleno dia;Crescente;Céu Claro;Dupla;"Em Obras;Declive;Curva";Não;5;0;3;0;1;2;3;5;-20,16710798;-44,33422398;SPRF-MG;DEL04-MG;UOP03-DEL04-MG
659462;05/02/2025;quarta-feira;17:00:00;DF;40;3;BRASILIA;Acessar a via sem observar a presença dos outros veículos;Colisão lateral mesmo sentido;Com Vítimas Feridas;Pleno dia;Decrescente;Céu Claro;Dupla;"Interseção de Vias;Rotatória";Sim;2;0;1;0;1;0;1;2;-16,003145;-47,983944;SPRF-DF;DEL01-DF;UOP01-DEL01-DF