id;data_inversa;dia_semana;horario;uf;br;km;municipio;causa_acidente;tipo_acidente;classificacao_acidente;fase_dia;sentido_via;condicao_metereologica;tipo_pista;tracado_via;uso_solo;pessoas;mortos;feridos_leves;feridos_graves;ilesos;ignorados;feridos;veiculos;latitude;longitude;regional;delegacia;uop
660559;16/01/2025;quinta-feira;06:40:00;GO;20;96,5;VILA BOA;Transitar na contramão;Colisão lateral sentido oposto;Com Vítimas Feridas;Pleno dia;Crescente;Nublado;Simples;Aclive;Não;7;0;2;0;3;3;2;5;-14,975515;-47,014931;SPRF-DF;DEL02-DF;UOP02-DEL02-DF
660572;10/02/2025;segunda-feira;18:00:00;PR;116;123;CURITIBA;Transitar no Acostamento;Colisão lateral mesmo sentido;Com Vítimas Feridas;Anoitecer;Crescente;Céu Claro;Dupla;Curva;Sim;2;0;1;0;0;1;1;2;-25,60921381;-49,31962788;SPRF-PR;DEL01-PR;UOP03-DEL01-PR
660574;10/02/2025;segunda-feira;16:20:00;MT;364;362;SANTO ANTONIO DO LEVERGER;Reação tardia ou ineficiente do condutor;Saída de leito carroçável;Com Vítimas Feridas;Pleno dia;Crescente;Céu Claro;Dupla;Reta;Não;4;0;1;1;1;3;2;4;-15,75387438;-55,65782547;SPRF-MT;DEL01-MT;UOP02-DEL01-MT
660583;10/02/2025;segunda-feira;18:30:00;DF;40;1,7;BRASILIA;Reação tardia ou ineficiente do condutor;Colisão traseira;Com Vítimas Feridas;Plena Noite;Crescente;Céu Claro;Dupla;Reta;Sim;3;0;0;1;1;1;1;3;-15,985532;-47,987747;SPRF-DF;DEL01-DF;UOP01-DEL01-DF
660587;10/02/2025;segunda-feira;16:00:00;RJ;116;271;VOLTA REDONDA;Reação tardia ou ineficiente do condutor;Colisão com objeto;Com Vítimas Feridas;Pleno dia;Crescente;Sol;Múltipla;Reta;Sim;2;0;1;0;0;1;1;2;-22,55785881;-44,13371086;SPRF-RJ;DEL07-RJ;UOP02-DEL07-RJ
660588;03/02/2025;segunda-feira;00:35:00;RS;290;175,5;BUTIA;Acessar a via sem observar a presença dos outros veículos;Colisão transversal;Com Vítimas Feridas;Plena Noite;Crescente;Céu Claro;Dupla;Reta;Sim;3;0;1;1;1;0;2;2;-30,129343;-51,961823;SPRF-RS;DEL02-RS;UOP03-DEL02-RS
660589;10/02/2025;segunda-feira;18:50:00;SP;381;22;BRAGANCA PAULISTA;Manobra de mudança de faixa;Colisão lateral mesmo sentido;Com Vítimas Fatais;Plena Noite;Crescente;Nublado;Dupla;Reta;Sim;3;1;0;0;1;1;0;3;-22,99697186;-46,5163051;SPRF-SP;DEL03-SP;UOP02-DEL03-SP
660608;10/02/2025;segunda-feira;20:35:00;GO;153;135;MARA ROSA;Reação tardia ou ineficiente do condutor;Saída de leito carroçável;Sem Vítimas;Plena Noite;Crescente;Céu Claro;Simples;Reta;Não;1;0;0;0;1;0;0;1;-13,949925;-49,08493;SPRF-GO;DEL07-GO;UOP01-DEL07-GO
660618;10/02/2025;segunda-feira;20:15:00;PR;369;450;CORBELIA;Demais falhas mecânicas ou elétricas;Saída de leito carroçável;Com Vítimas Feridas;Plena Noite;Crescente;Nublado;Simples;"Curva;Declive";Não;2;0;1;0;0;1;1;2;-24,573;-53,14235;SPRF-PR;DEL04-PR;UOP03-DEL04-PR
660621;10/02/2025;segunda-feira;18:20:00;RJ;116;147;DUQUE DE CAXIAS;Ausência de reação do condutor;Colisão com objeto;Com Vítimas Feridas;Plena Noite;Decrescente;Céu Claro;Múltipla;Reta;Sim;2;0;1;0;0;1;1;2;-22,66978425;-43,27286493;SPRF-RJ;DEL01-RJ;UOP02-DEL01-RJ
660623;10/02/2025;segunda-feira;20:30:00;RO;364;510,8;ARIQUEMES;Frear bruscamente;Colisão traseira;Com Vítimas Feridas;Plena Noite;Crescente;Céu Claro;Simples;"Aclive;Reta";Não;5;0;0;1;3;1;1;3;-9,96700255;-63,04503259;SPRF-RO;DEL03-RO;UOP01-DEL03-RO
660629;10/02/2025;segunda-feira;19:10:00;RN;304;132;ITAJA;Reação tardia ou ineficiente do condutor;Colisão traseira;Com Vítimas Feridas;Plena Noite;Crescente;Céu Claro;Simples;"Ponte;Reta";Não;4;0;3;0;1;0;3;3;-5,65975029;-36,75325602;SPRF-RN;DEL04-RN;UOP01-DEL04-RN
660636;10/02/2025;segunda-feira;23:00:00;MT;364;198;RONDONOPOLIS;Transitar na contramão;Colisão frontal;Com Vítimas Feridas;Plena Noite;Decrescente;Chuva;Simples;Reta;Não;3;0;0;1;1;2;1;4;-16,50621198;-54,62294799;SPRF-MT;DEL02-MT;UOP01-DEL02-MT
660638;10/02/2025;segunda-feira;23:30:00;RJ;116;210;SEROPEDICA;Ausência de reação do condutor;Colisão traseira;Com Vítimas Feridas;Plena Noite;Crescente;Céu Claro;Dupla;Reta;Não;3;0;0;1;1;1;1;3;-22,71981759;-43,69099294;SPRF-RJ;DEL06-RJ;UOP02-DEL06-RJ
660640;11/02/2025;terça-feira;01:30:00;PB;230;467;SOUSA;Animais na Pista;Atropelamento de Animal;Com Vítimas Feridas;Plena Noite;Decrescente;Céu Claro;Simples;Reta;Não;2;0;0;1;1;0;1;2;-6,7813;-38,2606;SPRF-PB;DEL03-PB;UOP03-DEL03-PB
660643;11/02/2025;terça-feira;03:00:00;SP;116;34;CRUZEIRO;Velocidade Incompatível;Tombamento;Sem Vítimas;Plena Noite;Decrescente;Céu Claro;Múltipla;Retorno Regulamentado;Não;1;0;0;0;0;1;0;1;-22,65447396;-44,95940103;SPRF-SP;DEL08-SP;UOP02-DEL08-SP
660647;11/02/2025;terça-feira;06:30:00;MG;50;204;DELTA;Reação tardia ou ineficiente do condutor;Tombamento;Com Vítimas Feridas;Pleno dia;Decrescente;Céu Claro;Dupla;"Aclive;Reta";Não;2;0;1;0;0;1;1;2;-19,92627147;-47,82191068;SPRF-MG;DEL13-MG;UOP01-DEL13-MG
660652;11/02/2025;terça-feira;07:00:00;RS;158;148,9;PANAMBI;Ingestão de substâncias psicoativas pelo condutor;Colisão frontal;Com Vítimas Feridas;Pleno dia;Crescente;Céu Claro;Simples;Reta;Não;3;0;0;1;1;2;1;4;-28,23443887;-53,47576408;SPRF-RS;DEL10-RS;UOP02-DEL10-RS
660665;11/02/2025;terça-feira;08:20:00;PR;277;7,8;PARANAGUA;Reação tardia ou ineficiente do condutor;Colisão lateral mesmo sentido;Com Vítimas Feridas;Pleno dia;Decrescente;Céu Claro;Dupla;"Reta;Interseção de Vias";Sim;3;0;1;0;1;1;1;3;-25,568198;-48,615292;SPRF-PR;DEL01-PR;UOP05-DEL01-PR
660669;11/02/2025;terça-feira;01:42:00;PA;163;80;ALTAMIRA;Ingestão de álcool pelo condutor;Tombamento;Com Vítimas Feridas;Plena Noite;Crescente;Céu Claro;Simples;Curva;Não;2;0;1;0;0;3;1;4;-8,92440007;-54,98595982;SPRF-MT;DEL06-MT;UOP03-DEL06-MT
660678;11/02/2025;terça-feira;07:20:00;SC;280;283,9;IRINEOPOLIS;Transitar na contramão;Colisão frontal;Com Vítimas Fatais;Pleno dia;Crescente;Céu Claro;Simples;"Curva;Aclive";Não;3;1;0;0;1;1;0;3;-26,2931548;-50,8677496;SPRF-SC;DEL06-SC;UOP04-DEL06-SC
660687;11/02/2025;terça-feira;10:30:00;PB;230;12,2;CABEDELO;Ausência de reação do condutor;Colisão transversal;Sem Vítimas;Pleno dia;Crescente;Céu Claro;Dupla;"Desvio Temporário;Em Obras;Reta;Interseção de Vias;Retorno Regulamentado;Rotatória";Sim;3;0;0;0;2;1;0;3;-7,07340353;-34,84973882;SPRF-PB;DEL01-PB;UOP01-DEL01-PB
660693;11/02/2025;terça-feira;11:30:00;CE;222;21,6;CAUCAIA;Condutor deixou de manter distância do veículo da frente;Colisão traseira;Com Vítimas Feridas;Pleno dia;Crescente;Céu Claro;Dupla;"Reta;Em Obras";Não;3;0;0;1;1;1;1;3;-3,73715313;-38,74293507;SPRF-CE;DEL01-CE;UOP01-DEL01-CE
660694;11/02/2025;terça-feira;06:40:00;RJ;393;3;VOLTA REDONDA;Condutor deixou de manter distância do veículo da frente;Colisão traseira;Com Vítimas Feridas;Amanhecer;Decrescente;Céu Claro;Simples;"Aclive;Reta";Não;2;0;1;0;1;0;1;2;-22,51366701;-44,0546608;SPRF-RJ;DEL05-RJ;UOP04-DEL05-RJ
660707;11/02/2025;terça-feira;11:30:00;SP;153;308;SAO PEDRO DO TURVO;Demais falhas mecânicas ou elétricas;Incêndio;Sem Vítimas;Pleno dia;Crescente;Céu Claro;Simples;Reta;Não;4;0;0;0;4;0;0;1;-22,650723;-49,88955149;SPRF-SP;DEL07-SP;UOP03-DEL07-SP
660709;11/02/2025;terça-feira;07:30:00;MT;163;607;NOVA MUTUM;Acessar a via sem observar a presença dos outros veículos;Colisão transversal;Com Vítimas Feridas;Pleno dia;Crescente;Chuva;Simples;Reta;Não;3;0;1;0;1;3;1;5;-13,74772241;-56,05233192;SPRF-MT;DEL01-MT;UOP01-DEL01-MT
660716;30/01/2025;quinta-feira;15:30:00;MG;267;188;OLARIA;Chuva;Colisão com objeto;Com Vítimas Feridas;Pleno dia;Decrescente;Chuva;Simples;Curva;Não;2;0;1;0;1;0;1;2;-21,90923595;-43,96173478;SPRF-MG;DEL05-MG;UOP01-DEL05-MG
660721;11/02/2025;terça-feira;14:00:00;SC;101;206,2;SAO JOSE;Reação tardia ou ineficiente do condutor;Colisão lateral mesmo sentido;Com Vítimas Feridas;Pleno dia;Crescente;Céu Claro;Múltipla;Reta;Sim;3;0;1;0;1;1;1;3;-27,59193546;-48,61824557;SPRF-SC;DEL01-SC;UOP01-DEL01-SC
660723;11/02/2025;terça-feira;11:10:00;PE;110;105,6;SERTANIA;Curva acentuada;Tombamento;Com Vítimas Feridas;Pleno dia;Crescente;Sol;Simples;Curva;Não;2;0;1;0;0;1;1;2;-8,39951118;-37,35666188;SPRF-PE;DEL04-PE;UOP02-DEL04-PE
660724;11/02/2025;terça-feira;14:00:00;ES;262;44,6;MARECHAL FLORIANO;Condutor Dormindo;Colisão lateral sentido oposto;Com Vítimas Feridas;Pleno dia;Crescente;Céu Claro;Simples;Curva;Não;3;0;0;1;2;0;1;3;-20,38908904;-40,66911594;SPRF-ES;DEL01-ES;UOP01-DEL01-ES
660727;11/02/2025;terça-feira;10:45:00;MS;262;452;DOIS IRMAOS DO BURITI;Demais falhas mecânicas ou elétricas;Incêndio;Sem Vítimas;Pleno dia;Decrescente;Céu Claro;Simples;"Reta;Declive";Não;2;0;0;0;1;3;0;4;-20,55064894;-55,47357402;SPRF-MS;DEL03-MS;UOP01-DEL03-MS
660729;11/02/2025;terça-feira;13:30:00;GO;20;196;POSSE;Demais falhas mecânicas ou elétricas;Saída de leito carroçável;Com Vítimas Feridas;Pleno dia;Crescente;Céu Claro;Simples;"Curva;Declive";Não;1;0;0;1;0;0;1;1;-14,347785;-46,439873;SPRF-DF;DEL02-DF;UOP03-DEL02-DF
660731;11/02/2025;terça-feira;10:40:00;RN;405;91;ITAU;Condutor deixou de manter distância do veículo da frente;Colisão lateral mesmo sentido;Com Vítimas Fatais;Pleno dia;Crescente;Céu Claro;Simples;Reta;Sim;2;1;0;0;0;1;0;2;-5,74557258;-37,8612021;SPRF-RN;DEL04-RN;UOP02-DEL04-RN
660732;11/02/2025;terça-feira;14:15:00;PR;116;48;CAMPINA GRANDE DO SUL;Acessar a via sem observar a presença dos outros veículos;Colisão lateral mesmo sentido;Com Vítimas Feridas;Pleno dia;Crescente;Céu Claro;Dupla;Reta;Sim;4;0;1;0;2;1;1;3;-25,21991867;-48,90493155;SPRF-PR;DEL01-PR;UOP02-DEL01-PR
660733;11/02/2025;terça-feira;08:50:00;MG;251;328,7;FRUTA DE LEITE;Reação tardia ou ineficiente do condutor;Tombamento;Com Vítimas Feridas;Pleno dia;Crescente;Nublado;Simples;"Curva;Declive";Não;2;0;1;0;0;2;1;3;-16,2346643;-42,3810659;SPRF-MG;DEL12-MG;UOP02-DEL12-MG
660738;11/02/2025;terça-feira;15:20:00;PR;277;588;CASCAVEL;Condutor deixou de manter distância do veículo da frente;Colisão traseira;Com Vítimas Feridas;Pleno dia;Crescente;Céu Claro;Simples;Reta;Não;2;0;1;0;1;0;1;2;-24,97369293;-53,43816604;SPRF-PR;DEL04-PR;UOP01-DEL04-PR
660739;11/02/2025;terça-feira;10:00:00;PR;376;316;ORTIGUEIRA;Problema com o freio;Saída de leito carroçável;Sem Vítimas;Pleno dia;Decrescente;Céu Claro;Simples;"Reta;Declive";Não;2;0;0;0;1;1;0;2;-24,0333264;-51,09300803;SPRF-PR;DEL07-PR;UOP02-DEL07-PR
660741;11/02/2025;terça-feira;13:00:00;MA;10;296;SAO FRANCISCO DO BREJAO;Chuva;Saída de leito carroçável;Sem Vítimas;Pleno dia;Crescente;Chuva;Simples;"Reta;Declive";Não;1;0;0;0;0;1;0;1;-5,148785;-47,54071;SPRF-MA;DEL04-MA;UOP03-DEL04-MA
660742;11/02/2025;terça-feira;13:30:00;MG;381;289;ANTONIO DIAS;Sinalização mal posicionada;Colisão traseira;Com Vítimas Feridas;Pleno dia;Decrescente;Céu Claro;Dupla;"Túnel;Curva";Não;4;0;1;0;2;2;1;5;-19,61804561;-42,79232025;SPRF-MG;DEL03-MG;UOP02-DEL03-MG
660744;11/02/2025;terça-feira;14:30:00;RS;116;37,2;VACARIA;Condutor deixou de manter distância do veículo da frente;Colisão traseira;Com Vítimas Feridas;Pleno dia;Crescente;Céu Claro;Simples;Rotatória;Sim;3;0;2;0;1;0;2;2;-28,49871957;-50,9176864;SPRF-RS;DEL05-RS;UOP03-DEL05-RS
660746;11/02/2025;terça-feira;11:30:00;RJ;356;101,7;CARDOSO MOREIRA;Velocidade Incompatível;Colisão transversal;Com Vítimas Feridas;Pleno dia;Crescente;Céu Claro;Simples;"Curva;Declive";Não;4;0;1;0;2;1;1;3;-21,53197978;-41,52421653;SPRF-RJ;DEL08-RJ;UOP03-DEL08-RJ
660749;11/02/2025;terça-feira;14:20:00;MG;381;747,1;TRES CORACOES;Condutor Dormindo;Saída de leito carroçável;Sem Vítimas;Pleno dia;Crescente;Nublado;Dupla;Reta;Não;2;0;0;0;0;2;0;2;-21,62500336;-45,26747847;SPRF-MG;DEL16-MG;UOP02-DEL16-MG
660752;11/02/2025;terça-feira;14:45:00;RJ;101;164;MACAE;Condutor deixou de manter distância do veículo da frente;Colisão traseira;Com Vítimas Feridas;Pleno dia;Crescente;Céu Claro;Simples;"Em Obras;Reta";Não;6;0;2;0;2;2;2;5;-22,31511508;-41,89679192;SPRF-RJ;DEL08-RJ;UOP04-DEL08-RJ
660754;11/02/2025;terça-feira;16:00:00;PR;476;180;CONTENDA;Transitar na contramão;Saída de leito carroçável;Com Vítimas Feridas;Pleno dia;Crescente;Céu Claro;Dupla;Curva;Não;3;0;2;0;0;1;2;3;-25,706665;-49,591278;SPRF-PR;DEL01-PR;UOP06-DEL01-PR
660774;02/01/2025;quinta-feira;19:00:00;MT;70;408;CAMPO VERDE;Ausência de reação do condutor;Saída de leito carroçável;Com Vítimas Feridas;Plena Noite;Decrescente;Chuva;Simples;Reta;Não;1;0;0;1;0;0;1;1;-15,67389709;-55,27586801;SPRF-MT;DEL05-MT;UOP02-DEL05-MT
660781;11/02/2025;terça-feira;15:45:00;PR;153;1;JACAREZINHO;Condutor usando celular;Engavetamento;Com Vítimas Feridas;Pleno dia;Decrescente;Céu Claro;Dupla;Reta;Não;6;0;1;0;4;1;1;4;-23,00348738;-49,90753055;SPRF-PR;DEL07-PR;UOP04-DEL07-PR
660785;11/02/2025;terça-feira;15:00:00;RJ;101;492;ANGRA DOS REIS;Acumulo de areia ou detritos sobre o pavimento;Colisão lateral sentido oposto;Com Vítimas Feridas;Pleno dia;Decrescente;Céu Claro;Simples;Reta;Não;2;0;1;0;1;0;1;2;-22,94874989;-44,3279949;SPRF-RJ;DEL03-RJ;UOP03-DEL03-RJ
660792;11/02/2025;terça-feira;18:40:00;CE;116;5;FORTALEZA;Manobra de mudança de faixa;Colisão lateral mesmo sentido;Com Vítimas Feridas;Plena Noite;Crescente;Céu Claro;Dupla;Reta;Sim;2;0;1;0;1;0;1;2;-3,79467116;-38,50772734;SPRF-CE;DEL01-CE;UOP02-DEL01-CE
660794;11/02/2025;terça-feira;17:20:00;SP;153;306;CAMPOS NOVOS PAULISTA;Ingestão de álcool pelo condutor;Saída de leito carroçável;Com Vítimas Feridas;Pleno dia;Crescente;Céu Claro;Simples;Reta;Não;1;0;1;0;0;0;1;1;-22,633725;-49,88953974;SPRF-SP;DEL07-SP;UOP03-DEL07-SP
660797;11/02/2025;terça-feira;18:50:00;BA;324;520;FEIRA DE SANTANA;Reação tardia ou ineficiente do condutor;Colisão traseira;Com Vítimas Feridas;Plena Noite;Decrescente;Céu Claro;Dupla;Reta;Não;4;0;1;0;3;0;1;2;-12,27376054;-38,93366564;SPRF-BA;DEL01-BA;UOP03-DEL01-BA
660801;11/02/2025;terça-feira;13:30:00;RJ;356;49;ITAPERUNA;Velocidade Incompatível;Tombamento;Com Vítimas Feridas;Pleno dia;Crescente;Céu Claro;Simples;Curva;Não;2;0;1;0;0;1;1;2;-21,25300596;-41,78325793;SPRF-RJ;DEL08-RJ;UOP03-DEL08-RJ
660803;11/02/2025;terça-feira;18:35:00;MG;381;210;NAQUE;Ausência de reação do condutor;Colisão frontal;Com Vítimas Feridas;Plena Noite;Crescente;Céu Claro;Simples;Reta;Não;3;0;2;0;1;0;2;2;-19,22999819;-42,32682471;SPRF-MG;DEL06-MG;UOP01-DEL06-MG
660819;11/02/2025;terça-feira;20:30:00;MT;364;209;RONDONOPOLIS;Ingestão de álcool pelo condutor;Tombamento;Sem Vítimas;Plena Noite;Decrescente;Céu Claro;Dupla;Curva;Sim;4;0;0;0;3;2;0;4;-16,42894942;-54,6933816;SPRF-MT;DEL02-MT;UOP01-DEL02-MT
660822;11/02/2025;terça-feira;19:40:00;MT;163;104,8;RONDONOPOLIS;Acumulo de água sobre o pavimento;Saída de leito carroçável;Sem Vítimas;Plena Noite;Decrescente;Chuva;Dupla;"Reta;Aclive";Não;1;0;0;0;1;0;0;1;-16,6287819;-54,69729761;SPRF-MT;DEL02-MT;UOP03-DEL02-MT
660823;11/02/2025;terça-feira;22:10:00;PR;277;121;CAMPO LARGO;Ingestão de álcool pelo condutor;Colisão lateral mesmo sentido;Sem Vítimas;Plena Noite;Decrescente;Garoa/Chuvisco;Dupla;Reta;Sim;3;0;0;0;1;2;0;3;-25,446;-49,495;SPRF-PR;DEL03-PR;UOP03-DEL03-PR
660825;11/02/2025;terça-feira;19:30:00;RO;364;177,6;PIMENTA BUENO;Ingestão de álcool pelo condutor;Colisão frontal;Sem Vítimas;Anoitecer;Crescente;Nublado;Simples;Reta;Não;3;0;0;0;2;5;0;7;-11,79707271;-61,05491682;SPRF-RO;DEL02-RO;UOP02-DEL02-RO
660827;11/02/2025;terça-feira;09:30:00;RO;364;94;VILHENA;Demais falhas mecânicas ou elétricas;Incêndio;Sem Vítimas;Pleno dia;Decrescente;Céu Claro;Simples;Reta;Não;4;0;0;0;3;3;0;4;-12,32612502;-60,63416009;SPRF-RO;DEL04-RO;UOP01-DEL04-RO
660832;11/02/2025;terça-feira;22:00:00;MT;163;912;CLAUDIA;Acessar a via sem observar a presença dos outros veículos;Colisão transversal;Com Vítimas Feridas;Plena Noite;Crescente;Chuva;Simples;"Reta;Declive";Não;3;0;0;1;1;2;1;4;-11,32964392;-55,32875229;SPRF-MT;DEL06-MT;UOP02-DEL06-MT
660833;12/02/2025;quarta-feira;01:30:00;SP;381;67,9;MAIRIPORA;Reação tardia ou ineficiente do condutor;Colisão com objeto;Com Vítimas Feridas;Plena Noite;Crescente;Céu Claro;Dupla;"Curva;Declive";Não;3;0;1;0;0;2;1;3;-23,33226094;-46,57675379;SPRF-SP;DEL03-SP;UOP01-DEL03-SP
660835;12/02/2025;quarta-feira;00:50:00;MG;153;77;MONTE ALEGRE DE MINAS;Carga excessiva e/ou mal acondicionada;Colisão lateral sentido oposto;Com Vítimas Feridas;Plena Noite;Crescente;Céu Claro;Simples;"Aclive;Curva";Não;4;0;1;1;1;1;2;3;-19,03944921;-49,01083952;SPRF-MG;DEL15-MG;UOP03-DEL15-MG
660836;12/02/2025;quarta-feira;03:15:00;PE;408;60,8;PAUDALHO;Ausência de reação do condutor;Colisão com objeto;Sem Vítimas;Plena Noite;Decrescente;Céu Claro;Dupla;"Reta;Retorno Regulamentado;Viaduto";Não;1;0;0;0;0;1;0;1;-7,86538;-35,20587;SPRF-PE;DEL01-PE;UOP01-DEL01-PE
660838;12/02/2025;quarta-feira;04:15:00;SC;101;111;NAVEGANTES;Mal súbito do condutor;Saída de leito carroçável;Com Vítimas Feridas;Plena Noite;Crescente;Céu Claro;Dupla;Reta;Sim;2;0;1;0;1;0;1;1;-26,83955734;-48,71418074;SPRF-SC;DEL04-SC;UOP04-DEL04-SC
660843;11/02/2025;terça-feira;22:20:00;PE;316;136;PARNAMIRIM;Animais na Pista;Tombamento;Com Vítimas Feridas;Plena Noite;Crescente;Céu Claro;Simples;Declive;Não;1;0;1;0;0;0;1;1;-8,06524084;-39,64955793;SPRF-PE;DEL05-PE;UOP02-DEL05-PE
660848;11/02/2025;terça-feira;21:50:00;MS;163;43,7;ELDORADO;Transitar na contramão;Colisão com objeto;Com Vítimas Feridas;Plena Noite;Crescente;Céu Claro;Simples;Curva;Não;7;0;1;0;3;3;1;5;-23,75820624;-54,26834106;SPRF-MS;DEL09-MS;UOP02-DEL09-MS
660860;12/02/2025;quarta-feira;07:00:00;TO;153;112;WANDERLANDIA;Demais falhas mecânicas ou elétricas;Incêndio;Sem Vítimas;Pleno dia;Crescente;Céu Claro;Simples;Curva;Não;2;0;0;0;1;2;0;3;-7,03807317;-48,10578463;SPRF-TO;DEL02-TO;UOP01-DEL02-TO
660861;12/02/2025;quarta-feira;07:40:00;SP;116;219;GUARULHOS;Desvio temporário;Colisão lateral mesmo sentido;Com Vítimas Feridas;Pleno dia;Crescente;Céu Claro;Múltipla;"Em Obras;Reta";Sim;3;0;1;0;1;1;1;3;-23,46143954;-46,48885316;SPRF-SP;DEL01-SP;UOP01-DEL01-SP
660872;11/02/2025;terça-feira;23:30:00;MG;251;419,4;GRAO MOGOL;Condutor Dormindo;Colisão frontal;Com Vítimas Fatais;Plena Noite;Decrescente;Céu Claro;Simples;Reta;Não;3;2;0;0;0;1;0;3;-16,30855141;-43,0771689;SPRF-MG;DEL12-MG;UOP01-DEL12-MG
660874;12/02/2025;quarta-feira;07:55:00;RJ;101;47;CAMPOS DOS GOYTACAZES;Entrada inopinada do pedestre;Atropelamento de Pedestre;Com Vítimas Feridas;Pleno dia;Decrescente;Céu Claro;Simples;Reta;Não;2;0;1;0;1;0;1;2;-21,614312;-41,315692;SPRF-RJ;DEL08-RJ;UOP01-DEL08-RJ
660875;12/02/2025;quarta-feira;08:45:00;PR;369;143,5;LONDRINA;Ausência de reação do condutor;Colisão traseira;Com Vítimas Feridas;Pleno dia;Decrescente;Céu Claro;Dupla;"Reta;Aclive";Sim;3;0;2;0;1;0;2;2;-23,29281;-51,09792;SPRF-PR;DEL07-PR;UOP01-DEL07-PR
660880;12/02/2025;quarta-feira;05:20:00;MT;364;260,4;JUSCIMEIRA;Reação tardia ou ineficiente do condutor;Colisão traseira;Com Vítimas Feridas;Pleno dia;Crescente;Céu Claro;Dupla;Curva;Não;2;0;1;0;1;0;1;2;-16,04010381;-54,89074656;SPRF-MT;DEL02-MT;UOP01-DEL02-MT
660892;12/02/2025;quarta-feira;10:30:00;RJ;393;268,2;BARRA DO PIRAI;Acessar a via sem observar a presença dos outros veículos;Colisão transversal;Com Vítimas Feridas;Pleno dia;Crescente;Céu Claro;Simples;"Retorno Regulamentado;Reta;Interseção de Vias;Declive";Sim;9;0;6;1;2;0;7;2;-22,48780458;-43,90932706;SPRF-RJ;DEL05-RJ;UOP04-DEL05-RJ
660893;12/02/2025;quarta-feira;08:10:00;MG;40;366;FELIXLANDIA;Condutor Dormindo;Colisão traseira;Com Vítimas Feridas;Pleno dia;Decrescente;Céu Claro;Simples;"Aclive;Reta";Não;2;0;1;0;1;0;1;2;-18,78549183;-44,81039089;SPRF-MG;DEL02-MG;UOP01-DEL02-MG
660904;12/02/2025;quarta-feira;11:15:00;RS;392;659;CERRO LARGO;Condutor deixou de manter distância do veículo da frente;Colisão lateral mesmo sentido;Com Vítimas Feridas;Pleno dia;Crescente;Sol;Simples;Reta;Não;2;0;1;0;1;0;1;2;-28,120847;-54,706888;SPRF-RS;DEL10-RS;UOP01-DEL10-RS
660908;12/02/2025;quarta-feira;10:50:00;SC;101;195,8;BIGUACU;Reação tardia ou ineficiente do condutor;Colisão transversal;Com Vítimas Feridas;Pleno dia;Crescente;Sol;Múltipla;"Reta;Interseção de Vias";Sim;2;0;0;1;1;0;1;2;-27,50998;-48,64457;SPRF-SC;DEL01-SC;UOP01-DEL01-SC
660920;12/02/2025;quarta-feira;12:55:00;PR;376;676;GUARATUBA;Manobra de mudança de faixa;Colisão traseira;Com Vítimas Feridas;Pleno dia;Decrescente;Céu Claro;Simples;"Curva;Aclive";Não;4;0;0;1;2;1;1;3;-25,9253011;-48,91465313;SPRF-PR;DEL01-PR;UOP04-DEL01-PR
660921;12/02/2025;quarta-feira;13:20:00;ES;101;365,5;ANCHIETA;Condutor Dormindo;Colisão lateral sentido oposto;Com Vítimas Feridas;Pleno dia;Crescente;Céu Claro;Simples;Curva;Não;3;0;1;0;1;1;1;3;-20,73397538;-40,7507118;SPRF-ES;DEL03-ES;UOP01-DEL03-ES
660923;12/02/2025;quarta-feira;13:46:00;SP;381;44;ATIBAIA;Pedestre cruzava a pista fora da faixa;Atropelamento de Pedestre;Com Vítimas Feridas;Pleno dia;Decrescente;Céu Claro;Dupla;Reta;Não;3;0;0;1;0;2;1;2;-23,16458615;-46,57418959;SPRF-SP;DEL03-SP;UOP01-DEL03-SP
660929;12/02/2025;quarta-feira;12:48:00;GO;153;261;NOVA GLORIA;Demais falhas mecânicas ou elétricas;Incêndio;Sem Vítimas;Pleno dia;Crescente;Nublado;Simples;Reta;Não;2;0;0;0;1;1;0;2;-15,011862;-49,41895;SPRF-GO;DEL07-GO;UOP02-DEL07-GO
660933;12/02/2025;quarta-feira;12:50:00;RS;472;118,9;BOA VISTA DO BURICA;Ausência de reação do condutor;Colisão lateral sentido oposto;Com Vítimas Fatais;Pleno dia;Crescente;Céu Claro;Simples;"Declive;Reta";Não;5;1;2;0;1;1;2;4;-27,69166036;-54,14457321;SPRF-RS;DEL10-RS;UOP01-DEL10-RS
660935;12/02/2025;quarta-feira;11:50:00;BA;116;902;CANDIDO SALES;Ausência de reação do condutor;Colisão lateral sentido oposto;Com Vítimas Feridas;Pleno dia;Decrescente;Nublado;Simples;Reta;Não;3;0;1;0;0;2;1;3;-15,4527768;-41,2286815;SPRF-BA;DEL08-BA;UOP03-DEL08-BA
660938;12/02/2025;quarta-feira;15:10:00;SP;116;218;GUARULHOS;Trafegar com motocicleta (ou similar) entre as faixas;Colisão lateral mesmo sentido;Com Vítimas Feridas;Pleno dia;Decrescente;Sol;Múltipla;"Em Obras;Reta";Não;2;0;1;0;0;1;1;2;-23,457972;-46,479927;SPRF-SP;DEL01-SP;UOP01-DEL01-SP