id;data_inversa;dia_semana;horario;uf;br;km;municipio;causa_acidente;tipo_acidente;classificacao_acidente;fase_dia;sentido_via;condicao_metereologica;tipo_pista;tracado_via;uso_solo;pessoas;mortos;feridos_leves;feridos_graves;ilesos;ignorados;feridos;veiculos;latitude;longitude;regional;delegacia;uop
660944;12/02/2025;quarta-feira;16:47:00;GO;70;0,8;AGUAS LINDAS DE GOIAS;Reação tardia ou ineficiente do condutor;Saída de leito carroçável;Sem Vítimas;Pleno dia;Decrescente;Céu Claro;Múltipla;Reta;Não;1;0;0;0;1;0;0;1;-15,783543;-48,2326;SPRF-DF;DEL03-DF;UOP02-DEL03-DF
660945;12/02/2025;quarta-feira;15:40:00;MS;163;546,9;BANDEIRANTES;Transitar na contramão;Colisão frontal;Com Vítimas Fatais;Pleno dia;Crescente;Nublado;Simples;"Aclive;Curva";Não;6;1;2;1;0;3;3;6;-19,93139579;-54,36653137;SPRF-MS;DEL01-MS;UOP02-DEL01-MS
660953;12/02/2025;quarta-feira;13:40:00;RS;287;337;SAO VICENTE DO SUL;Reação tardia ou ineficiente do condutor;Saída de leito carroçável;Sem Vítimas;Pleno dia;Crescente;Céu Claro;Simples;Curva;Não;2;0;0;0;1;1;0;2;-29,62096191;-54,68007376;SPRF-RS;DEL12-RS;UOP02-DEL12-RS
660954;12/02/2025;quarta-feira;14:35:00;MG;262;412,2;IGARATINGA;Velocidade Incompatível;Colisão transversal;Com Vítimas Feridas;Pleno dia;Decrescente;Sol;Dupla;"Retorno Regulamentado;Reta";Sim;3;0;0;2;1;0;2;2;-19,89879385;-44,69924927;SPRF-MG;DEL08-MG;UOP03-DEL08-MG
660961;12/02/2025;quarta-feira;16:25:00;MT;163;522,6;VARZEA GRANDE;Acesso irregular;Colisão transversal;Com Vítimas Feridas;Pleno dia;Decrescente;Céu Claro;Simples;Reta;Sim;4;0;3;0;1;0;3;2;-15,66072615;-56,18717194;SPRF-MT;DEL01-MT;UOP01-DEL01-MT
660964;12/02/2025;quarta-feira;17:22:00;PR;277;590;CASCAVEL;Condutor deixou de manter distância do veículo da frente;Colisão traseira;Sem Vítimas;Pleno dia;Crescente;Céu Claro;Simples;Reta;Sim;3;0;0;0;2;2;0;4;-24,98120697;-53,45591501;SPRF-PR;DEL04-PR;UOP01-DEL04-PR
660968;12/02/2025;quarta-feira;17:10:00;PI;343;345;TERESINA;Manobra de mudança de faixa;Colisão transversal;Com Vítimas Feridas;Pleno dia;Decrescente;Céu Claro;Simples;Interseção de Vias;Sim;2;0;1;0;1;0;1;2;-5,102889;-42,766506;SPRF-PI;DEL01-PI;UOP01-DEL01-PI
660970;11/01/2025;sábado;08:15:00;BA;101;231;SAPEACU;Ausência de reação do condutor;Colisão traseira;Com Vítimas Feridas;Pleno dia;Crescente;Chuva;Simples;"Reta;Aclive";Sim;3;0;1;0;1;1;1;3;-12,84349412;-39,20479086;SPRF-BA;DEL01-BA;UOP02-DEL01-BA
660971;12/02/2025;quarta-feira;16:50:00;MT;158;577;AGUA BOA;Manobra de mudança de faixa;Colisão lateral mesmo sentido;Com Vítimas Feridas;Pleno dia;Decrescente;Céu Claro;Simples;"Aclive;Reta";Não;3;0;0;1;1;1;1;3;-14,12724684;-52,18713907;SPRF-MT;DEL07-MT;UOP02-DEL07-MT
660972;12/02/2025;quarta-feira;15:45:00;MG;153;218,9;FRUTAL;Reação tardia ou ineficiente do condutor;Colisão lateral mesmo sentido;Com Vítimas Feridas;Pleno dia;Crescente;Chuva;Simples;"Reta;Em Obras";Sim;2;0;1;0;1;0;1;2;-20,13632401;-49,10999889;SPRF-MG;DEL13-MG;UOP02-DEL13-MG
660974;12/02/2025;quarta-feira;07:35:00;MA;135;351;PRESIDENTE DUTRA;Manobra de mudança de faixa;Colisão lateral sentido oposto;Com Vítimas Feridas;Pleno dia;Decrescente;Céu Claro;Simples;Reta;Não;3;0;1;0;1;1;1;3;-5,386748;-44,46671906;SPRF-MA;DEL06-MA;UOP01-DEL06-MA
660976;12/02/2025;quarta-feira;17:10:00;MG;153;111,2;PRATA;Ultrapassagem Indevida;Colisão lateral sentido oposto;Com Vítimas Feridas;Pleno dia;Decrescente;Chuva;Simples;"Declive;Reta";Não;4;0;1;0;1;2;1;4;-19,323623;-48,90629302;SPRF-MG;DEL15-MG;UOP03-DEL15-MG
660984;12/02/2025;quarta-feira;19:30:00;SC;101;100;BALNEARIO PICARRAS;Reação tardia ou ineficiente do condutor;Colisão lateral mesmo sentido;Com Vítimas Feridas;Plena Noite;Decrescente;Chuva;Dupla;Reta;Não;3;0;1;0;1;1;1;3;-26,75482787;-48,68993675;SPRF-SC;DEL03-SC;UOP02-DEL03-SC
660985;12/02/2025;quarta-feira;14:45:00;MG;251;328,7;FRUTA DE LEITE;Ausência de reação do condutor;Tombamento;Com Vítimas Fatais;Pleno dia;Crescente;Sol;Simples;"Curva;Declive";Não;3;1;1;0;0;1;1;3;-16,25361768;-42,40072003;SPRF-MG;DEL12-MG;UOP02-DEL12-MG
660990;12/02/2025;quarta-feira;12:30:00;GO;158;88;PIRANHAS;Acessar a via sem observar a presença dos outros veículos;Colisão lateral mesmo sentido;Com Vítimas Feridas;Pleno dia;Crescente;Céu Claro;Simples;Reta;Não;2;0;1;0;0;1;1;2;-16,4224458;-51,80141378;SPRF-GO;DEL04-GO;UOP02-DEL04-GO
660995;12/02/2025;quarta-feira;20:30:00;SC;101;58,2;ARAQUARI;Ausência de reação do condutor;Saída de leito carroçável;Com Vítimas Feridas;Plena Noite;Crescente;Chuva;Múltipla;"Curva;Interseção de Vias";Sim;1;0;1;0;0;0;1;1;-26,44025049;-48,80129043;SPRF-SC;DEL03-SC;UOP02-DEL03-SC
660998;12/02/2025;quarta-feira;20:50:00;SC;101;141,8;ITAPEMA;Reação tardia ou ineficiente do condutor;Tombamento;Com Vítimas Feridas;Pleno dia;Decrescente;Céu Claro;Dupla;Reta;Não;3;0;2;0;0;1;2;2;-27,04752037;-48,59821424;SPRF-SC;DEL04-SC;UOP03-DEL04-SC
661005;12/02/2025;quarta-feira;21:20:00;PR;476;346;UNIAO DA VITORIA;Afundamento ou ondulação no pavimento;Colisão lateral mesmo sentido;Sem Vítimas;Plena Noite;Decrescente;Céu Claro;Simples;Reta;Não;17;0;0;0;17;0;0;2;-26,184006;-50,942402;SPRF-PR;DEL02-PR;UOP03-DEL02-PR
661011;12/02/2025;quarta-feira;21:30:00;MG;251;365;GRAO MOGOL;Transitar na contramão;Colisão frontal;Com Vítimas Fatais;Plena Noite;Crescente;Nublado;Simples;Curva;Não;2;1;1;0;0;0;1;2;-16,2666249;-42,64514704;SPRF-MG;DEL12-MG;UOP02-DEL12-MG
661014;12/02/2025;quarta-feira;18:15:00;MT;174;496;COMODORO;Demais falhas mecânicas ou elétricas;Colisão traseira;Com Vítimas Feridas;Anoitecer;Crescente;Nublado;Simples;"Aclive;Reta";Não;5;0;2;0;2;4;2;7;-13,568004;-59,80716659;SPRF-MT;DEL04-MT;UOP02-DEL04-MT
661017;12/02/2025;quarta-feira;23:10:00;MG;50;38;ARAGUARI;Estacionar ou parar em local proibido;Colisão com objeto;Com Vítimas Feridas;Plena Noite;Crescente;Céu Claro;Dupla;Reta;Não;3;0;0;1;1;1;1;3;-18,663458;-48,168147;SPRF-MG;DEL15-MG;UOP02-DEL15-MG
661020;13/02/2025;quinta-feira;00:26:00;GO;20;3;FORMOSA;Velocidade Incompatível;Colisão lateral mesmo sentido;Com Vítimas Feridas;Plena Noite;Crescente;Céu Claro;Dupla;"Curva;Interseção de Vias";Sim;3;0;1;0;1;3;1;5;-15,567487;-47,320309;SPRF-DF;DEL02-DF;UOP02-DEL02-DF
661026;13/02/2025;quinta-feira;01:50:00;SP;116;515;CAJATI;Problema com o freio;Colisão traseira;Com Vítimas Feridas;Plena Noite;Decrescente;Nublado;Simples;"Declive;Reta";Não;2;0;1;0;1;0;1;2;-24,86704083;-48,21738184;SPRF-SP;DEL05-SP;UOP02-DEL05-SP
661027;13/02/2025;quinta-feira;03:00:00;PR;116;82;PIRAQUARA;Reação tardia ou ineficiente do condutor;Saída de leito carroçável;Com Vítimas Feridas;Plena Noite;Crescente;Céu Claro;Dupla;Reta;Não;3;0;2;0;0;1;2;2;-25,41529716;-49,0678198;SPRF-PR;DEL01-PR;UOP02-DEL01-PR
661030;13/02/2025;quinta-feira;04:25:00;PE;101;118;ESCADA;Acesso irregular;Atropelamento de Pedestre;Com Vítimas Fatais;Plena Noite;Crescente;Céu Claro;Dupla;Reta;Não;2;1;0;0;0;1;0;2;-8,35293357;-35,16028998;SPRF-PE;DEL01-PE;UOP03-DEL01-PE
661032;13/02/2025;quinta-feira;03:40:00;RO;364;239,6;CACOAL;Reação tardia ou ineficiente do condutor;Colisão transversal;Sem Vítimas;Plena Noite;Crescente;Nublado;Simples;Reta;Sim;3;0;0;0;2;1;0;3;-11,43425083;-61,46267289;SPRF-RO;DEL02-RO;UOP02-DEL02-RO
661036;13/02/2025;quinta-feira;05:40:00;GO;50;300;CUMARI;Suicídio (presumido);Atropelamento de Pedestre;Com Vítimas Fatais;Plena Noite;Crescente;Chuva;Dupla;"Aclive;Reta";Não;2;1;0;0;1;0;0;2;-18,3296;-48,025;SPRF-GO;DEL06-GO;UOP01-DEL06-GO
661037;13/02/2025;quinta-feira;04:40:00;PR;369;177;ROLANDIA;Condutor usando celular;Saída de leito carroçável;Com Vítimas Feridas;Amanhecer;Decrescente;Céu Claro;Simples;Reta;Sim;2;0;1;0;0;1;1;2;-23,34267548;-51,38712072;SPRF-PR;DEL07-PR;UOP01-DEL07-PR
661038;13/02/2025;quinta-feira;02:05:00;RJ;116;278,6;BARRA MANSA;Reação tardia ou ineficiente do condutor;Colisão traseira;Com Vítimas Fatais;Plena Noite;Decrescente;Nublado;Múltipla;Reta;Não;3;1;0;0;1;1;0;3;-22,55271018;-44,17778004;SPRF-RJ;DEL07-RJ;UOP02-DEL07-RJ
661040;13/02/2025;quinta-feira;06:10:00;PR;376;5,4;MARINGA;Demais falhas na via;Colisão lateral mesmo sentido;Com Vítimas Feridas;Amanhecer;Decrescente;Céu Claro;Dupla;Reta;Não;3;0;1;0;1;2;1;4;-23,38007724;-51,94816589;SPRF-PR;DEL09-PR;UOP01-DEL09-PR
661041;13/02/2025;quinta-feira;04:30:00;BA;101;12;RIO REAL;Ausência de reação do condutor;Saída de leito carroçável;Sem Vítimas;Amanhecer;Crescente;Céu Claro;Dupla;"Reta;Aclive";Não;1;0;0;0;0;1;0;1;-11,64028212;-37,89002257;SPRF-SE;DEL02-SE;UOP03-DEL02-SE
661042;13/02/2025;quinta-feira;04:40:00;CE;116;119;RUSSAS;Transitar na contramão;Colisão lateral sentido oposto;Com Vítimas Feridas;Plena Noite;Decrescente;Céu Claro;Simples;Curva;Não;3;0;1;0;1;1;1;2;-4,621847;-38,182728;SPRF-CE;DEL03-CE;UOP01-DEL03-CE
661043;13/02/2025;quinta-feira;06:00:00;MG;365;735,8;ITUIUTABA;Condutor Dormindo;Colisão traseira;Com Vítimas Feridas;Amanhecer;Crescente;Céu Claro;Simples;"Reta;Aclive";Não;2;0;1;0;1;0;1;2;-18,9059414;-49,32669282;SPRF-MG;DEL15-MG;UOP03-DEL15-MG
661051;13/02/2025;quinta-feira;03:50:00;PI;407;581;PAULISTANA;Ausência de reação do condutor;Colisão transversal;Com Vítimas Fatais;Plena Noite;Crescente;Céu Claro;Simples;Reta;Não;5;2;2;0;1;0;2;3;-8,18598297;-41,10007298;SPRF-PI;DEL04-PI;UOP01-DEL04-PI
661065;12/02/2025;quarta-feira;23:15:00;BA;116;534;ITATIM;Ultrapassagem Indevida;Colisão frontal;Com Vítimas Fatais;Plena Noite;Decrescente;Céu Claro;Simples;Reta;Não;6;2;2;0;1;1;2;4;-12,74292275;-39,78903727;SPRF-BA;DEL03-BA;UOP02-DEL03-BA
661066;13/02/2025;quinta-feira;07:50:00;MG;40;639,9;CONSELHEIRO LAFAIETE;Conversão proibida;Colisão transversal;Com Vítimas Fatais;Pleno dia;Decrescente;Sol;Simples;"Aclive;Curva";Não;4;1;0;1;1;2;1;4;-20,744208;-43,801942;SPRF-MG;DEL05-MG;UOP02-DEL05-MG
661080;13/02/2025;quinta-feira;09:19:00;ES;101;291,9;CARIACICA;Desrespeitar a preferência no cruzamento;Colisão transversal;Com Vítimas Feridas;Pleno dia;Crescente;Céu Claro;Dupla;"Retorno Regulamentado;Reta";Sim;3;0;0;1;2;0;1;2;-20,29755744;-40,39445616;SPRF-ES;DEL01-ES;UOP01-DEL01-ES
661081;13/02/2025;quinta-feira;09:05:00;MS;262;415,9;TERENOS;Ausência de reação do condutor;Colisão lateral sentido oposto;Com Vítimas Feridas;Pleno dia;Crescente;Nublado;Simples;Curva;Não;45;0;2;0;43;0;2;2;-20,451963;-55,170094;SPRF-MS;DEL01-MS;UOP03-DEL01-MS
661086;13/02/2025;quinta-feira;10:00:00;SC;116;57;PAPANDUVA;Acessar a via sem observar a presença dos outros veículos;Colisão transversal;Com Vítimas Feridas;Pleno dia;Crescente;Céu Claro;Simples;"Reta;Interseção de Vias";Não;2;0;0;2;0;0;2;2;-26,38204782;-50,18999277;SPRF-SC;DEL06-SC;UOP02-DEL06-SC
661092;13/02/2025;quinta-feira;10:05:00;RJ;116;231;PIRAI;Ausência de reação do condutor;Tombamento;Sem Vítimas;Pleno dia;Decrescente;Sol;Dupla;Curva;Não;1;0;0;0;1;0;0;1;-22,65223367;-43,82992389;SPRF-RJ;DEL07-RJ;UOP01-DEL07-RJ
661094;13/02/2025;quinta-feira;11:45:00;PR;277;580;CASCAVEL;Ausência de reação do condutor;Colisão transversal;Sem Vítimas;Pleno dia;Decrescente;Céu Claro;Dupla;Reta;Sim;3;0;0;0;2;1;0;3;-24,96684176;-53,40258186;SPRF-PR;DEL04-PR;UOP01-DEL04-PR
661097;13/02/2025;quinta-feira;11:25:00;SP;116;176;GUARAREMA;Manobra de mudança de faixa;Colisão lateral mesmo sentido;Com Vítimas Feridas;Pleno dia;Decrescente;Céu Claro;Dupla;Reta;Não;3;0;2;0;1;0;2;2;-23,32188281;-46,110083;SPRF-SP;DEL01-SP;UOP01-DEL01-SP
661100;10/02/2025;segunda-feira;05:20:00;AL;101;56,1;FLEXEIRAS;Condutor Dormindo;Saída de leito carroçável;Sem Vítimas;Amanhecer;Decrescente;Céu Claro;Dupla;Reta;Não;1;0;0;0;1;0;0;1;-9,26780247;-35,78483784;SPRF-AL;DEL01-AL;UOP02-DEL01-AL
661105;13/02/2025;quinta-feira;13:00:00;GO;414;403;ABADIANIA;Acessar a via sem observar a presença dos outros veículos;Colisão transversal;Sem Vítimas;Pleno dia;Decrescente;Céu Claro;Simples;Reta;Não;2;0;0;0;2;0;0;2;-15,99991995;-48,83982712;SPRF-GO;DEL02-GO;UOP01-DEL02-GO
661106;13/02/2025;quinta-feira;11:00:00;RS;285;370;SALDANHA MARINHO;Ausência de reação do condutor;Colisão lateral sentido oposto;Com Vítimas Feridas;Pleno dia;Crescente;Céu Claro;Simples;Curva;Não;2;0;1;0;1;0;1;2;-28,399773;-53,064205;SPRF-RS;DEL08-RS;UOP03-DEL08-RS
661115;13/02/2025;quinta-feira;12:50:00;PR;376;425,5;TIBAGI;Reação tardia ou ineficiente do condutor;Tombamento;Com Vítimas Feridas;Pleno dia;Crescente;Céu Claro;Dupla;"Curva;Aclive";Não;2;0;1;0;0;1;1;2;-24,707348;-50,556873;SPRF-PR;DEL03-PR;UOP02-DEL03-PR
661117;13/02/2025;quinta-feira;12:30:00;BA;116;783,2;PLANALTO;Reação tardia ou ineficiente do condutor;Colisão traseira;Com Vítimas Feridas;Pleno dia;Crescente;Céu Claro;Simples;Interseção de Vias;Não;3;0;1;0;1;1;1;3;-14,68210606;-40,52925847;SPRF-BA;DEL08-BA;UOP02-DEL08-BA
661122;13/02/2025;quinta-feira;09:30:00;MT;70;523;VARZEA GRANDE;Acessar a via sem observar a presença dos outros veículos;Colisão transversal;Com Vítimas Feridas;Pleno dia;Decrescente;Céu Claro;Simples;Reta;Não;2;0;1;0;1;0;1;2;-15,66337075;-56,18854523;SPRF-MT;DEL01-MT;UOP02-DEL01-MT
661126;13/02/2025;quinta-feira;12:00:00;MG;262;441,4;NOVA SERRANA;Trafegar com motocicleta (ou similar) entre as faixas;Colisão traseira;Com Vítimas Feridas;Pleno dia;Crescente;Sol;Dupla;"Reta;Aclive";Sim;4;0;0;1;2;1;1;4;-19,87307675;-44,96153712;SPRF-MG;DEL08-MG;UOP03-DEL08-MG
661127;13/02/2025;quinta-feira;12:10:00;PR;277;303;PRUDENTOPOLIS;Acessar a via sem observar a presença dos outros veículos;Colisão transversal;Com Vítimas Feridas;Pleno dia;Decrescente;Nublado;Simples;Reta;Não;3;0;0;1;1;1;1;3;-25,29717645;-51,11921026;SPRF-PR;DEL08-PR;UOP01-DEL08-PR
661129;08/02/2025;sábado;21:00:00;ES;101;438,9;MIMOSO DO SUL;Frear bruscamente;Colisão lateral mesmo sentido;Com Vítimas Feridas;Plena Noite;Decrescente;Céu Claro;Simples;Reta;Não;4;0;2;0;2;0;2;2;-21,06633614;-41,22124288;SPRF-ES;DEL03-ES;UOP02-DEL03-ES
661134;17/01/2025;sexta-feira;11:00:00;AM;319;472;TAPAUA;Reação tardia ou ineficiente do condutor;Saída de leito carroçável;Com Vítimas Feridas;Pleno dia;Decrescente;Garoa/Chuvisco;Simples;Reta;Não;2;0;1;0;0;1;1;2;-6,08030506;-62,55837191;SPRF-AM;DEL01-AM;UOP04-DEL01-AM
661137;13/02/2025;quinta-feira;15:40:00;SP;381;28;BRAGANCA PAULISTA;Manobra de mudança de faixa;Colisão lateral mesmo sentido;Com Vítimas Feridas;Pleno dia;Crescente;Nublado;Dupla;Reta;Não;4;0;1;0;2;1;1;3;-23,03561211;-46,54983938;SPRF-SP;DEL03-SP;UOP02-DEL03-SP
661140;13/02/2025;quinta-feira;16:45:00;SP;381;62;MAIRIPORA;Chuva;Saída de leito carroçável;Com Vítimas Feridas;Pleno dia;Crescente;Chuva;Dupla;Reta;Não;2;0;1;0;0;1;1;2;-23,29437896;-46,57254696;SPRF-SP;DEL03-SP;UOP01-DEL03-SP
661142;13/02/2025;quinta-feira;14:30:00;MG;381;438,5;SABARA;Entrada inopinada do pedestre;Atropelamento de Pedestre;Com Vítimas Feridas;Pleno dia;Decrescente;Sol;Simples;"Declive;Reta";Não;2;0;1;0;0;1;1;2;-19,802885;-43,761903;SPRF-MG;DEL01-MG;UOP01-DEL01-MG
661144;13/02/2025;quinta-feira;16:40:00;SC;101;35,4;JOINVILLE;Reação tardia ou ineficiente do condutor;Engavetamento;Com Vítimas Feridas;Pleno dia;Decrescente;Chuva;Dupla;Reta;Sim;3;0;1;0;2;0;1;3;-26,271198;-48,894674;SPRF-SC;DEL03-SC;UOP01-DEL03-SC
661145;13/02/2025;quinta-feira;15:40:00;GO;153;205;URUACU;Reação tardia ou ineficiente do condutor;Engavetamento;Com Vítimas Feridas;Pleno dia;Decrescente;Nublado;Simples;"Aclive;Reta";Não;6;0;1;1;3;3;2;7;-14,557212;-49,158016;SPRF-GO;DEL07-GO;UOP02-DEL07-GO
661150;13/02/2025;quinta-feira;17:00:00;PR;153;456;UNIAO DA VITORIA;Acessar a via sem observar a presença dos outros veículos;Colisão lateral mesmo sentido;Sem Vítimas;Pleno dia;Crescente;Nublado;Simples;"Declive;Reta";Não;5;0;0;0;4;1;0;3;-26,2090467;-51,1166811;SPRF-PR;DEL02-PR;UOP03-DEL02-PR
661153;13/02/2025;quinta-feira;17:40:00;PR;376;535;PALMEIRA;Entrada inopinada do pedestre;Colisão traseira;Sem Vítimas;Pleno dia;Crescente;Chuva;Dupla;Reta;Não;3;0;0;0;2;3;0;5;-25,314;-49,88;SPRF-PR;DEL03-PR;UOP03-DEL03-PR
661160;13/02/2025;quinta-feira;17:15:00;BA;235;340,9;JUAZEIRO;Transitar na contramão;Colisão frontal;Com Vítimas Fatais;Pleno dia;Crescente;Céu Claro;Simples;Reta;Não;2;1;0;0;1;0;0;2;-9,46093514;-40,43101997;SPRF-PE;DEL06-PE;UOP01-DEL06-PE
661169;13/02/2025;quinta-feira;18:50:00;SP;262;321;CASTILHO;Condutor deixou de manter distância do veículo da frente;Colisão traseira;Com Vítimas Feridas;Anoitecer;Decrescente;Nublado;Simples;Reta;Não;6;0;0;1;4;2;1;7;-20,78935176;-51,61112808;SPRF-MS;DEL07-MS;UOP01-DEL07-MS
661171;13/02/2025;quinta-feira;12:20:00;SC;282;392,9;JOACABA;Avarias e/ou desgaste excessivo no pneu;Colisão frontal;Com Vítimas Fatais;Pleno dia;Crescente;Chuva;Simples;"Curva;Aclive";Não;7;2;1;2;2;0;3;3;-27,1642655;-51,5674821;SPRF-SC;DEL07-SC;UOP05-DEL07-SC
661172;13/02/2025;quinta-feira;12:00:00;MT;70;285;PRIMAVERA DO LESTE;Demais falhas mecânicas ou elétricas;Tombamento;Sem Vítimas;Pleno dia;Crescente;Céu Claro;Simples;Reta;Sim;2;0;0;0;1;2;0;3;-15,56399387;-54,29689586;SPRF-MT;DEL05-MT;UOP01-DEL05-MT
661177;13/02/2025;quinta-feira;17:35:00;MG;116;415,4;GOVERNADOR VALADARES;Acessar a via sem observar a presença dos outros veículos;Colisão frontal;Com Vítimas Feridas;Pleno dia;Decrescente;Céu Claro;Simples;"Reta;Interseção de Vias";Sim;2;0;0;1;1;0;1;2;-18,89225859;-41,9469595;SPRF-MG;DEL06-MG;UOP01-DEL06-MG
661191;13/02/2025;quinta-feira;17:00:00;PR;376;660;TIJUCAS DO SUL;Velocidade Incompatível;Saída de leito carroçável;Com Vítimas Feridas;Pleno dia;Decrescente;Chuva;Dupla;Curva;Não;2;0;1;0;0;1;1;2;-25,8516758;-49,00332398;SPRF-PR;DEL01-PR;UOP04-DEL01-PR
661199;13/02/2025;quinta-feira;13:20:00;PR;153;502;GENERAL CARNEIRO;Reação tardia ou ineficiente do condutor;Colisão lateral sentido oposto;Com Vítimas Feridas;Pleno dia;Decrescente;Chuva;Simples;Reta;Não;3;0;1;0;1;3;1;5;-26,45914531;-51,32318458;SPRF-PR;DEL02-PR;UOP03-DEL02-PR
661202;13/02/2025;quinta-feira;19:20:00;SC;282;636,3;DESCANSO;Transitar na contramão;Colisão frontal;Com Vítimas Feridas;Plena Noite;Crescente;Nublado;Simples;Reta;Não;4;0;0;2;0;3;2;5;-26,81054812;-53,4383744;SPRF-SC;DEL07-SC;UOP03-DEL07-SC
661205;13/02/2025;quinta-feira;20:00:00;MT;163;583;NOVA MUTUM;Ingestão de álcool pelo condutor;Tombamento;Sem Vítimas;Plena Noite;Crescente;Nublado;Dupla;Reta;Não;2;0;0;0;1;1;0;2;-14,05793518;-56,09856364;SPRF-MT;DEL01-MT;UOP01-DEL01-MT
661207;13/02/2025;quinta-feira;23:00:00;MG;50;189;UBERABA;Reação tardia ou ineficiente do condutor;Colisão traseira;Com Vítimas Feridas;Plena Noite;Decrescente;Céu Claro;Dupla;"Reta;Aclive";Não;3;0;1;0;1;2;1;4;-19,84851283;-47,87469974;SPRF-MG;DEL13-MG;UOP01-DEL13-MG
661208;14/02/2025;sexta-feira;00:10:00;MG;262;883;CAMPO FLORIDO;Ausência de reação do condutor;Saída de leito carroçável;Com Vítimas Feridas;Plena Noite;Decrescente;Céu Claro;Dupla;"Curva;Declive";Não;2;0;1;0;0;2;1;3;-19,77688698;-48,55507001;SPRF-MG;DEL13-MG;UOP02-DEL13-MG
661210;14/02/2025;sexta-feira;01:00:00;PB;230;168,2;CAMPINA GRANDE;Ausência de reação do condutor;Colisão traseira;Com Vítimas Feridas;Plena Noite;Decrescente;Céu Claro;Simples;"Em Obras;Curva";Não;2;0;1;0;1;0;1;2;-7,188;-35,9687;SPRF-PB;DEL02-PB;UOP02-DEL02-PB
661213;14/02/2025;sexta-feira;04:30:00;BA;324;595;CANDEIAS;Reação tardia ou ineficiente do condutor;Colisão traseira;Com Vítimas Feridas;Plena Noite;Crescente;Céu Claro;Dupla;Reta;Não;3;0;1;0;1;3;1;5;-12,71235341;-38,45524557;SPRF-BA;DEL01-BA;UOP01-DEL01-BA
661221;14/02/2025;sexta-feira;05:30:00;MS;163;691;RIO VERDE DE MATO GROSSO;Reação tardia ou ineficiente do condutor;Tombamento;Com Vítimas Feridas;Amanhecer;Crescente;Céu Claro;Simples;Declive;Não;2;0;1;0;0;3;1;4;-18,83492498;-54,81340886;SPRF-MS;DEL06-MS;UOP01-DEL06-MS
661222;14/02/2025;sexta-feira;05:10:00;MG;262;662,3;IBIA;Condutor Dormindo;Saída de leito carroçável;Sem Vítimas;Amanhecer;Decrescente;Céu Claro;Simples;Declive;Não;1;0;0;0;1;0;0;1;-19,57436983;-46,73638289;SPRF-MG;DEL08-MG;UOP01-DEL08-MG
661227;14/02/2025;sexta-feira;02:35:00;MG;365;667;MONTE ALEGRE DE MINAS;Demais falhas mecânicas ou elétricas;Incêndio;Sem Vítimas;Plena Noite;Decrescente;Céu Claro;Dupla;Reta;Não;2;0;0;0;1;1;0;2;-18,88888028;-48,70753505;SPRF-MG;DEL15-MG;UOP01-DEL15-MG
661228;27/01/2025;segunda-feira;13:00:00;SC;101;117;ITAJAI;Condutor deixou de manter distância do veículo da frente;Engavetamento;Com Vítimas Feridas;Pleno dia;Crescente;Nublado;Dupla;Reta;Não;6;0;1;0;4;1;1;4;-26,88747187;-48,72252969;SPRF-SC;DEL04-SC;UOP04-DEL04-SC
661229;13/02/2025;quinta-feira;21:40:00;MG;262;388;MATEUS LEME;Ausência de reação do condutor;Tombamento;Com Vítimas Feridas;Plena Noite;Decrescente;Céu Claro;Dupla;Reta;Não;2;0;1;0;0;1;1;2;-19,9366751;-44,44352695;SPRF-MG;DEL01-MG;UOP03-DEL01-MG
661232;26/01/2025;domingo;00:15:00;SC;282;379;JOACABA;Ingestão de álcool pelo condutor;Colisão transversal;Sem Vítimas;Plena Noite;Decrescente;Céu Claro;Simples;Interseção de Vias;Sim;2;0;0;0;1;1;0;2;-27,214668;-51,489677;SPRF-SC;DEL07-SC;UOP05-DEL07-SC
661236;14/02/2025;sexta-feira;04:35:00;BA;324;594;CANDEIAS;Velocidade Incompatível;Colisão traseira;Com Vítimas Feridas;Plena Noite;Crescente;Céu Claro;Dupla;Reta;Não;5;0;0;3;1;1;3;3;-12,70742041;-38,46251062;SPRF-BA;DEL01-BA;UOP01-DEL01-BA
661239;14/02/2025;sexta-feira;06:50:00;SC;116;120,9;SANTA CECILIA;Acessar a via sem observar a presença dos outros veículos;Colisão transversal;Com Vítimas Feridas;Pleno dia;Crescente;Céu Claro;Simples;Reta;Não;3;0;0;1;1;1;1;3;-26,82744878;-50,37663407;SPRF-SC;DEL06-SC;UOP02-DEL06-SC
661247;14/02/2025;sexta-feira;09:30:00;SP;116;214,5;GUARULHOS;Manobra de mudança de faixa;Colisão lateral mesmo sentido;Com Vítimas Feridas;Pleno dia;Crescente;Sol;Múltipla;Reta;Não;4;0;1;0;2;1;1;3;-23,44333014;-46,44531294;SPRF-SP;DEL01-SP;UOP01-DEL01-SP
661248;14/02/2025;sexta-feira;08:00:00;SC;282;524,8;XAXIM;Acesso irregular;Engavetamento;Com Vítimas Feridas;Pleno dia;Decrescente;Céu Claro;Simples;Curva;Não;6;0;3;0;2;1;3;5;-26,96432;-52,563653;SPRF-SC;DEL07-SC;UOP01-DEL07-SC
661251;14/02/2025;sexta-feira;08:10:00;RJ;101;433;MANGARATIBA;Reação tardia ou ineficiente do condutor;Colisão traseira;Com Vítimas Feridas;Pleno dia;Decrescente;Sol;Simples;Reta;Não;2;0;0;1;1;0;1;2;-22,93842518;-44,03644001;SPRF-RJ;DEL03-RJ;UOP02-DEL03-RJ