id;data_inversa;dia_semana;horario;uf;br;km;municipio;causa_acidente;tipo_acidente;classificacao_acidente;fase_dia;sentido_via;condicao_metereologica;tipo_pista;tracado_via;uso_solo;pessoas;mortos;feridos_leves;feridos_graves;ilesos;ignorados;feridos;veiculos;latitude;longitude;regional;delegacia;uop
662654;21/02/2025;sexta-feira;04:15:00;MG;40;300;TRES MARIAS;Velocidade Incompatível;Tombamento;Com Vítimas Feridas;Plena Noite;Decrescente;Céu Claro;Simples;"Curva;Aclive;Ponte";Não;3;0;0;1;1;3;1;5;-18,350118;-45,09330699;SPRF-MG;DEL14-MG;UOP02-DEL14-MG
662659;21/02/2025;sexta-feira;06:50:00;PR;376;319;ORTIGUEIRA;Condutor Dormindo;Colisão lateral sentido oposto;Com Vítimas Feridas;Pleno dia;Decrescente;Céu Claro;Simples;Reta;Não;3;0;0;1;1;1;1;3;-24,04618261;-51,07230678;SPRF-PR;DEL07-PR;UOP02-DEL07-PR
662660;21/02/2025;sexta-feira;08:00:00;PR;476;145,7;CURITIBA;Trafegar com motocicleta (ou similar) entre as faixas;Colisão lateral mesmo sentido;Com Vítimas Feridas;Amanhecer;Crescente;Nublado;Dupla;Reta;Não;4;0;1;0;1;2;1;4;-25,550225;-49,327464;SPRF-PR;DEL01-PR;UOP06-DEL01-PR
662671;21/02/2025;sexta-feira;08:45:00;PR;476;143;CURITIBA;Trafegar com motocicleta (ou similar) entre as faixas;Colisão traseira;Com Vítimas Feridas;Pleno dia;Crescente;Céu Claro;Dupla;"Reta;Declive";Não;3;0;2;0;0;1;2;3;-25,547659;-49,32079;SPRF-PR;DEL01-PR;UOP06-DEL01-PR
662674;02/02/2025;domingo;09:20:00;SC;101;4;GARUVA;Demais falhas mecânicas ou elétricas;Incêndio;Sem Vítimas;Pleno dia;Crescente;Céu Claro;Múltipla;Curva;Não;2;0;0;0;1;2;0;3;-26,00908719;-48,86448735;SPRF-SC;DEL03-SC;UOP01-DEL03-SC
662681;21/02/2025;sexta-feira;06:20:00;ES;262;140,5;MUNIZ FREIRE;Velocidade Incompatível;Colisão frontal;Com Vítimas Feridas;Pleno dia;Crescente;Nublado;Simples;Curva;Não;2;0;2;0;0;0;2;2;-20,22712702;-41,37163639;SPRF-ES;DEL01-ES;UOP02-DEL01-ES
662685;21/02/2025;sexta-feira;09:20:00;RN;226;2,8;NATAL;Ausência de reação do condutor;Tombamento;Com Vítimas Feridas;Pleno dia;Decrescente;Sol;Simples;Reta;Sim;1;0;1;0;0;0;1;1;-5,81998294;-35,25137186;SPRF-RN;DEL01-RN;UOP02-DEL01-RN
662687;21/02/2025;sexta-feira;10:20:00;PR;153;330;IRATI;Estacionar ou parar em local proibido;Colisão traseira;Sem Vítimas;Pleno dia;Decrescente;Céu Claro;Dupla;Reta;Sim;4;0;0;0;2;2;0;4;-25,46140879;-50,62177452;SPRF-PR;DEL08-PR;UOP02-DEL08-PR
662692;21/02/2025;sexta-feira;05:00:00;MG;381;778,7;CAMPANHA;Reação tardia ou ineficiente do condutor;Saída de leito carroçável;Com Vítimas Feridas;Pleno dia;Decrescente;Sol;Dupla;Reta;Não;1;0;1;0;0;0;1;1;-21,8037385;-45,473322;SPRF-MG;DEL16-MG;UOP02-DEL16-MG
662695;21/02/2025;sexta-feira;05:30:00;MT;364;1237;COMODORO;Ausência de sinalização;Colisão lateral mesmo sentido;Com Vítimas Feridas;Amanhecer;Decrescente;Chuva;Simples;Reta;Não;4;0;1;0;2;3;1;6;-13,6967934;-59,71804046;SPRF-MT;DEL04-MT;UOP02-DEL04-MT
662702;21/02/2025;sexta-feira;11:38:00;CE;222;300;TIANGUA;Demais falhas mecânicas ou elétricas;Colisão com objeto;Sem Vítimas;Pleno dia;Crescente;Nublado;Simples;Curva;Não;3;0;0;0;2;1;0;2;-3,66184681;-40,94144762;SPRF-CE;DEL04-CE;UOP02-DEL04-CE
662704;21/02/2025;sexta-feira;12:25:00;MG;40;461,1;SETE LAGOAS;Carga excessiva e/ou mal acondicionada;Tombamento;Sem Vítimas;Pleno dia;Crescente;Céu Claro;Dupla;"Declive;Curva";Não;1;0;0;0;1;0;0;1;-19,40843773;-44,33384657;SPRF-MG;DEL02-MG;UOP01-DEL02-MG
662711;21/02/2025;sexta-feira;13:30:00;PR;277;186;PALMEIRA;Avarias e/ou desgaste excessivo no pneu;Incêndio;Sem Vítimas;Pleno dia;Crescente;Céu Claro;Simples;Reta;Não;2;0;0;0;1;1;0;2;-25,4277724;-50,12821198;SPRF-PR;DEL08-PR;UOP02-DEL08-PR
662717;21/02/2025;sexta-feira;11:10:00;PB;230;516;BOM JESUS;Velocidade Incompatível;Colisão transversal;Com Vítimas Feridas;Pleno dia;Decrescente;Céu Claro;Simples;"Aclive;Reta";Não;2;0;1;0;1;0;1;2;-6,869958;-38,649019;SPRF-PB;DEL03-PB;UOP03-DEL03-PB
662721;27/01/2025;segunda-feira;09:09:00;PA;163;298,4;NOVO PROGRESSO;Reação tardia ou ineficiente do condutor;Colisão traseira;Com Vítimas Feridas;Pleno dia;Crescente;Nublado;Simples;Reta;Não;3;0;1;0;1;1;1;3;-7,143111;-55,381828;SPRF-PA;DEL05-PA;UOP03-DEL05-PA
662722;18/01/2025;sábado;09:00:00;RS;293;293;SANTANA DO LIVRAMENTO;Reação tardia ou ineficiente do condutor;Colisão lateral sentido oposto;Sem Vítimas;Pleno dia;Crescente;Céu Claro;Simples;Reta;Não;2;0;0;0;1;1;0;2;-30,83197607;-55,07435803;SPRF-RS;DEL11-RS;UOP01-DEL11-RS
662728;21/02/2025;sexta-feira;12:00:00;MT;163;252;JUSCIMEIRA;Carga excessiva e/ou mal acondicionada;Derramamento de carga;Sem Vítimas;Pleno dia;Crescente;Céu Claro;Dupla;Declive;Não;2;0;0;0;1;1;0;2;-16,09397992;-54,86778259;SPRF-MT;DEL05-MT;UOP02-DEL05-MT
662729;09/02/2025;domingo;17:45:00;MT;163;606;NOVA MUTUM;Transitar na contramão;Colisão frontal;Com Vítimas Fatais;Anoitecer;Crescente;Céu Claro;Simples;Reta;Não;6;2;0;2;1;2;2;4;-13,745972;-56,052046;SPRF-MT;DEL01-MT;UOP01-DEL01-MT
662737;21/02/2025;sexta-feira;15:00:00;ES;101;393,8;RIO NOVO DO SUL;Ingestão de álcool pelo condutor;Colisão traseira;Sem Vítimas;Pleno dia;Decrescente;Céu Claro;Simples;Reta;Não;3;0;0;0;2;1;0;3;-20,8654568;-40,9213787;SPRF-ES;DEL03-ES;UOP02-DEL03-ES
662738;21/01/2025;terça-feira;14:20:00;MG;262;739;PERDIZES;Transitar na contramão;Colisão frontal;Com Vítimas Feridas;Pleno dia;Crescente;Céu Claro;Simples;Reta;Não;6;0;1;0;4;2;1;7;-19,61106579;-47,41191998;SPRF-MG;DEL08-MG;UOP01-DEL08-MG
662742;21/02/2025;sexta-feira;15:30:00;RJ;40;106;DUQUE DE CAXIAS;Acessar a via sem observar a presença dos outros veículos;Colisão lateral mesmo sentido;Sem Vítimas;Pleno dia;Crescente;Céu Claro;Múltipla;Reta;Sim;3;0;0;0;2;2;0;4;-22,64959681;-43,28376215;SPRF-RJ;DEL01-RJ;UOP02-DEL01-RJ
662744;21/02/2025;sexta-feira;11:45:00;MG;40;649,8;CRISTIANO OTONI;Velocidade Incompatível;Colisão traseira;Com Vítimas Feridas;Pleno dia;Decrescente;Sol;Simples;Reta;Não;2;0;1;0;0;1;1;2;-20,826294;-43,808867;SPRF-MG;DEL05-MG;UOP02-DEL05-MG
662748;21/02/2025;sexta-feira;15:30:00;PI;316;8;TERESINA;Reação tardia ou ineficiente do condutor;Colisão traseira;Com Vítimas Feridas;Pleno dia;Decrescente;Chuva;Dupla;Reta;Sim;5;0;3;0;2;0;3;3;-5,18325728;-42,76332032;SPRF-PI;DEL01-PI;UOP02-DEL01-PI
662750;21/02/2025;sexta-feira;16:50:00;GO;60;470;JATAI;Reação tardia ou ineficiente do condutor;Colisão lateral mesmo sentido;Com Vítimas Feridas;Pleno dia;Crescente;Céu Claro;Dupla;"Curva;Declive";Não;3;0;1;0;1;2;1;4;-17,91611479;-51,69328809;SPRF-GO;DEL05-GO;UOP01-DEL05-GO
662754;21/02/2025;sexta-feira;15:30:00;RJ;116;243;PIRAI;Ausência de reação do condutor;Colisão lateral mesmo sentido;Com Vítimas Feridas;Pleno dia;Crescente;Céu Claro;Dupla;Reta;Sim;3;0;1;0;2;0;1;2;-22,6303066;-43,9088922;SPRF-RJ;DEL07-RJ;UOP01-DEL07-RJ
662756;21/02/2025;sexta-feira;17:00:00;PR;153;18,1;JACAREZINHO;Reação tardia ou ineficiente do condutor;Colisão lateral mesmo sentido;Com Vítimas Feridas;Pleno dia;Decrescente;Céu Claro;Simples;"Aclive;Reta";Sim;2;0;0;1;1;0;1;2;-23,1470198;-49,9517877;SPRF-PR;DEL07-PR;UOP04-DEL07-PR
662762;21/02/2025;sexta-feira;16:40:00;MG;381;484;BETIM;Condutor deixou de manter distância do veículo da frente;Engavetamento;Com Vítimas Feridas;Pleno dia;Crescente;Céu Claro;Dupla;"Reta;Declive";Não;6;0;1;0;4;1;1;6;-20,007659;-44,2004846;SPRF-MG;DEL01-MG;UOP03-DEL01-MG
662763;21/02/2025;sexta-feira;12:55:00;MT;158;602;AGUA BOA;Ausência de reação do condutor;Saída de leito carroçável;Com Vítimas Fatais;Pleno dia;Decrescente;Sol;Simples;Reta;Não;1;1;0;0;0;0;0;1;-14,341022;-52,169109;SPRF-MT;DEL07-MT;UOP02-DEL07-MT
662766;21/02/2025;sexta-feira;12:05:00;BA;20;21;CORRENTINA;Reação tardia ou ineficiente do condutor;Saída de leito carroçável;Com Vítimas Feridas;Pleno dia;Crescente;Céu Claro;Simples;Reta;Não;1;0;1;0;0;0;1;1;-13,79576926;-46,16410828;SPRF-BA;DEL10-BA;UOP02-DEL10-BA
662767;21/02/2025;sexta-feira;16:20:00;SC;101;40,2;JOINVILLE;Manobra de mudança de faixa;Colisão lateral mesmo sentido;Com Vítimas Feridas;Pleno dia;Decrescente;Céu Claro;Dupla;Reta;Sim;3;0;1;0;2;0;1;2;-26,31105274;-48,87652159;SPRF-SC;DEL03-SC;UOP01-DEL03-SC
662768;21/02/2025;sexta-feira;17:30:00;SC;282;476,2;VARGEAO;Velocidade Incompatível;Colisão lateral mesmo sentido;Com Vítimas Feridas;Pleno dia;Crescente;Céu Claro;Simples;Reta;Não;3;0;0;1;1;1;1;3;-26,87540651;-52,15727091;SPRF-SC;DEL07-SC;UOP01-DEL07-SC
662780;21/02/2025;sexta-feira;16:40:00;PR;376;153,9;MANDAGUACU;Manobra de mudança de faixa;Colisão traseira;Com Vítimas Feridas;Pleno dia;Crescente;Sol;Dupla;Declive;Não;6;0;2;0;1;3;2;5;-23,326946;-52,111538;SPRF-PR;DEL09-PR;UOP02-DEL09-PR
662790;21/02/2025;sexta-feira;19:00:00;MG;153;36;CANAPOLIS;Ingestão de álcool pelo condutor;Colisão lateral mesmo sentido;Sem Vítimas;Anoitecer;Crescente;Nublado;Dupla;Reta;Não;2;0;0;0;1;1;0;2;-18,71941;-49,125283;SPRF-MG;DEL15-MG;UOP03-DEL15-MG
662793;21/02/2025;sexta-feira;09:30:00;RO;364;536;RIO CRESPO;Avarias e/ou desgaste excessivo no pneu;Colisão com objeto;Sem Vítimas;Pleno dia;Decrescente;Céu Claro;Simples;Curva;Não;2;0;0;0;1;2;0;3;-9,75125628;-63,11162646;SPRF-RO;DEL03-RO;UOP01-DEL03-RO
662812;21/02/2025;sexta-feira;21:30:00;SC;280;29,5;ARAQUARI;Velocidade Incompatível;Colisão traseira;Com Vítimas Feridas;Plena Noite;Decrescente;Ignorado;Simples;Reta;Não;2;0;0;1;0;1;1;2;-26,41329937;-48,75830054;SPRF-SC;DEL03-SC;UOP03-DEL03-SC
662819;21/02/2025;sexta-feira;23:05:00;SP;153;63;SAO JOSE DO RIO PRETO;Ingestão de álcool pelo condutor;Colisão traseira;Com Vítimas Feridas;Plena Noite;Crescente;Céu Claro;Dupla;Reta;Não;3;0;1;0;1;1;1;3;-20,840448;-49,3912064;SPRF-SP;DEL09-SP;UOP01-DEL09-SP
662820;21/02/2025;sexta-feira;22:00:00;RJ;493;2;ITABORAI;Acessar a via sem observar a presença dos outros veículos;Colisão lateral mesmo sentido;Com Vítimas Feridas;Plena Noite;Decrescente;Céu Claro;Dupla;Reta;Não;4;0;0;2;0;2;2;3;-22,76165892;-42,93375492;SPRF-RJ;DEL02-RJ;UOP02-DEL02-RJ
662825;21/02/2025;sexta-feira;22:50:00;SC;101;365;SANGAO;Ingestão de álcool pelo condutor;Colisão traseira;Com Vítimas Feridas;Plena Noite;Crescente;Céu Claro;Dupla;Reta;Não;2;0;0;1;1;0;1;2;-28,68938296;-49,15935516;SPRF-SC;DEL02-SC;UOP01-DEL02-SC
662829;21/02/2025;sexta-feira;15:30:00;SC;470;116,4;IBIRAMA;Velocidade Incompatível;Tombamento;Com Vítimas Feridas;Pleno dia;Decrescente;Nublado;Simples;"Curva;Declive";Sim;2;0;0;1;0;1;1;2;-27,08160182;-49,50033367;SPRF-SC;DEL04-SC;UOP02-DEL04-SC
662830;22/02/2025;sábado;02:30:00;SP;153;72,3;SAO JOSE DO RIO PRETO;Ausência de reação do condutor;Colisão traseira;Com Vítimas Fatais;Plena Noite;Crescente;Céu Claro;Dupla;Reta;Não;3;1;0;0;0;3;0;4;-20,871635;-49,41661;SPRF-SP;DEL09-SP;UOP01-DEL09-SP
662841;22/02/2025;sábado;04:00:00;PR;116;119;CURITIBA;Ausência de reação do condutor;Colisão lateral mesmo sentido;Sem Vítimas;Plena Noite;Crescente;Céu Claro;Dupla;Reta;Sim;2;0;0;0;2;0;0;2;-25,56596039;-49,30927992;SPRF-PR;DEL01-PR;UOP03-DEL01-PR
662846;22/02/2025;sábado;04:30:00;SC;101;1,4;GARUVA;Problema com o freio;Incêndio;Sem Vítimas;Plena Noite;Crescente;Céu Claro;Múltipla;Reta;Sim;2;0;0;0;1;1;0;2;-25,99325334;-48,88105452;SPRF-SC;DEL03-SC;UOP01-DEL03-SC
662863;21/02/2025;sexta-feira;22:10:00;PA;230;1097;ITAITUBA;Ausência de reação do condutor;Saída de leito carroçável;Com Vítimas Feridas;Plena Noite;Decrescente;Nublado;Simples;Aclive;Não;2;0;0;1;0;2;1;3;-4,349071;-55,789212;SPRF-PA;DEL05-PA;UOP02-DEL05-PA
662874;21/02/2025;sexta-feira;22:00:00;PA;163;119;ALTAMIRA;Transitar na contramão;Eventos atípicos;Sem Vítimas;Plena Noite;Decrescente;Céu Claro;Simples;Reta;Não;2;0;0;0;0;2;0;2;-8,628019;-55,042849;SPRF-MT;DEL06-MT;UOP03-DEL06-MT
662875;22/02/2025;sábado;03:40:00;MG;354;737,3;POUSO ALTO;Velocidade Incompatível;Tombamento;Sem Vítimas;Plena Noite;Crescente;Céu Claro;Simples;Curva;Não;2;0;0;0;1;1;0;2;-22,20438724;-44,96227026;SPRF-MG;DEL17-MG;UOP01-DEL17-MG
662892;22/02/2025;sábado;10:00:00;PR;277;21,5;MORRETES;Acessar a via sem observar a presença dos outros veículos;Colisão lateral mesmo sentido;Sem Vítimas;Pleno dia;Decrescente;Céu Claro;Dupla;"Em Obras;Reta";Não;4;0;0;0;3;1;0;3;-25,530523;-48,720102;SPRF-PR;DEL01-PR;UOP05-DEL01-PR
662905;22/02/2025;sábado;10:35:00;MG;40;606,2;CONGONHAS;Acessar a via sem observar a presença dos outros veículos;Colisão lateral mesmo sentido;Com Vítimas Feridas;Pleno dia;Decrescente;Céu Claro;Simples;Curva;Não;4;0;0;1;1;2;1;3;-20,47151372;-43,84423256;SPRF-MG;DEL05-MG;UOP02-DEL05-MG
662916;22/02/2025;sábado;11:50:00;RJ;101;294;ITABORAI;Manobra de mudança de faixa;Colisão lateral mesmo sentido;Sem Vítimas;Pleno dia;Crescente;Céu Claro;Dupla;Reta;Sim;4;0;0;0;3;1;0;3;-22,7624411;-42,9010663;SPRF-RJ;DEL02-RJ;UOP02-DEL02-RJ
662918;22/02/2025;sábado;12:20:00;MG;251;473,9;FRANCISCO SA;Velocidade Incompatível;Tombamento;Com Vítimas Feridas;Pleno dia;Crescente;Céu Claro;Simples;Curva;Não;1;0;1;0;0;0;1;1;-16,4735435;-43,4793755;SPRF-MG;DEL12-MG;UOP01-DEL12-MG
662925;22/02/2025;sábado;13:27:00;ES;262;169,2;IBATIBA;Velocidade Incompatível;Queda de ocupante de veículo;Com Vítimas Feridas;Pleno dia;Crescente;Garoa/Chuvisco;Simples;Curva;Não;3;0;0;1;1;1;1;3;-20,265357;-41,57852;SPRF-ES;DEL01-ES;UOP02-DEL01-ES
662928;22/02/2025;sábado;12:10:00;MS;158;79,9;PARANAIBA;Condutor deixou de manter distância do veículo da frente;Tombamento;Com Vítimas Feridas;Pleno dia;Crescente;Sol;Simples;"Aclive;Reta";Não;2;0;0;1;0;2;1;3;-19,57781059;-51,23342425;SPRF-MS;DEL08-MS;UOP01-DEL08-MS
662929;22/02/2025;sábado;09:30:00;SC;282;347,4;CAMPOS NOVOS;Acessar a via sem observar a presença dos outros veículos;Colisão traseira;Com Vítimas Fatais;Pleno dia;Crescente;Céu Claro;Simples;Reta;Não;3;1;0;0;2;0;0;2;-27,366833;-51,259747;SPRF-SC;DEL07-SC;UOP06-DEL07-SC
662935;22/02/2025;sábado;09:36:00;MT;163;546;DIAMANTINO;Transitar na contramão;Colisão lateral sentido oposto;Com Vítimas Feridas;Pleno dia;Decrescente;Céu Claro;Simples;Reta;Não;3;0;0;1;1;2;1;4;-14,23011265;-56,10712624;SPRF-MT;DEL01-MT;UOP01-DEL01-MT
662936;22/02/2025;sábado;11:30:00;SC;282;578;PINHALZINHO;Condutor usando celular;Colisão frontal;Com Vítimas Feridas;Pleno dia;Decrescente;Sol;Simples;Reta;Sim;3;0;1;0;1;3;1;5;-26,85107593;-52,98002291;SPRF-SC;DEL07-SC;UOP02-DEL07-SC
662938;22/02/2025;sábado;14:35:00;GO;153;126;ESTRELA DO NORTE;Acessar a via sem observar a presença dos outros veículos;Colisão transversal;Com Vítimas Feridas;Pleno dia;Crescente;Céu Claro;Simples;Reta;Não;3;0;1;0;1;1;1;3;-13,89274421;-49,05807495;SPRF-GO;DEL07-GO;UOP01-DEL07-GO
662943;22/02/2025;sábado;03:00:00;PB;116;5;CACHOEIRA DOS INDIOS;Velocidade Incompatível;Saída de leito carroçável;Com Vítimas Feridas;Plena Noite;Crescente;Céu Claro;Simples;Reta;Sim;1;0;1;0;0;0;1;1;-6,94004286;-38,72136176;SPRF-CE;DEL05-CE;UOP03-DEL05-CE
662949;22/02/2025;sábado;14:45:00;CE;222;37;CAUCAIA;Avarias e/ou desgaste excessivo no pneu;Saída de leito carroçável;Sem Vítimas;Pleno dia;Crescente;Céu Claro;Simples;Reta;Não;1;0;0;0;1;0;0;1;-3,69372;-38,885293;SPRF-CE;DEL01-CE;UOP01-DEL01-CE
662950;22/02/2025;sábado;13:00:00;MG;116;533,2;SANTA RITA DE MINAS;Desrespeitar a preferência no cruzamento;Colisão transversal;Com Vítimas Feridas;Pleno dia;Crescente;Céu Claro;Simples;Curva;Não;4;0;1;0;1;2;1;4;-19,842031;-42,139517;SPRF-MG;DEL06-MG;UOP02-DEL06-MG
662957;22/02/2025;sábado;14:45:00;MT;364;524;COMODORO;Mal súbito do condutor;Colisão lateral sentido oposto;Com Vítimas Feridas;Pleno dia;Decrescente;Céu Claro;Simples;Reta;Não;6;0;0;1;4;2;1;5;-13,35257318;-59,87003167;SPRF-MT;DEL01-MT;UOP01-DEL01-MT
662960;22/02/2025;sábado;12:45:00;SC;282;244,8;SAO JOSE DO CERRITO;Velocidade Incompatível;Tombamento;Com Vítimas Feridas;Pleno dia;Crescente;Céu Claro;Simples;"Aclive;Curva";Não;1;0;1;0;0;0;1;1;-27,7288602;-50,52127898;SPRF-SC;DEL05-SC;UOP02-DEL05-SC
662971;22/02/2025;sábado;17:25:00;PR;277;585;CASCAVEL;Ultrapassagem Indevida;Colisão lateral mesmo sentido;Com Vítimas Feridas;Pleno dia;Crescente;Céu Claro;Simples;"Declive;Reta";Sim;3;0;0;1;1;1;1;3;-24,964148;-53,411336;SPRF-PR;DEL04-PR;UOP01-DEL04-PR
662974;22/02/2025;sábado;17:35:00;GO;60;255;INDIARA;Ausência de reação do condutor;Saída de leito carroçável;Com Vítimas Feridas;Pleno dia;Decrescente;Céu Claro;Dupla;Reta;Sim;1;0;0;1;0;0;1;1;-17,1427422;-50,0022561;SPRF-GO;DEL01-GO;UOP02-DEL01-GO
662977;22/02/2025;sábado;17:30:00;RJ;116;286;BARRA MANSA;Ausência de reação do condutor;Colisão lateral mesmo sentido;Com Vítimas Feridas;Pleno dia;Crescente;Céu Claro;Dupla;Curva;Não;4;0;2;0;1;1;2;3;-22,498385;-44,233439;SPRF-RJ;DEL07-RJ;UOP02-DEL07-RJ
662984;22/02/2025;sábado;17:19:00;AC;364;272;SENA MADUREIRA;Condutor deixou de manter distância do veículo da frente;Queda de ocupante de veículo;Com Vítimas Fatais;Pleno dia;Decrescente;Céu Claro;Simples;Reta;Sim;2;1;0;0;1;0;0;2;-9,081193;-68,661152;SPRF-AC;DEL01-AC;UOP01-DEL01-AC
662988;22/02/2025;sábado;18:00:00;BA;20;138;SAO DESIDERIO;Acessar a via sem observar a presença dos outros veículos;Colisão transversal;Com Vítimas Fatais;Plena Noite;Crescente;Chuva;Simples;Reta;Sim;5;1;0;0;3;3;0;6;-12,739206;-45,939602;SPRF-BA;DEL10-BA;UOP01-DEL10-BA
663003;22/02/2025;sábado;10:30:00;MA;10;41;CAROLINA;Transitar na contramão;Colisão frontal;Com Vítimas Fatais;Pleno dia;Crescente;Céu Claro;Simples;Reta;Não;3;2;0;0;0;2;0;4;-7,2849892;-47,4551688;SPRF-MA;DEL04-MA;UOP02-DEL04-MA
663011;22/02/2025;sábado;19:40:00;SP;116;306;SAO LOURENCO DA SERRA;Pedestre - Ingestão de álcool/ substâncias psicoativas;Atropelamento de Pedestre;Com Vítimas Feridas;Plena Noite;Decrescente;Céu Claro;Múltipla;"Reta;Aclive";Sim;2;0;1;0;0;1;1;2;-23,80564866;-46,92255182;SPRF-SP;DEL04-SP;UOP01-DEL04-SP
663019;22/02/2025;sábado;21:00:00;SP;153;89;MIRASSOL;Ausência de reação do condutor;Colisão traseira;Com Vítimas Feridas;Plena Noite;Decrescente;Céu Claro;Dupla;Reta;Não;3;0;1;0;2;0;1;2;-20,94498178;-49,53459612;SPRF-SP;DEL09-SP;UOP01-DEL09-SP
663020;22/02/2025;sábado;16:20:00;SC;280;291,4;PORTO UNIAO;Acessar a via sem observar a presença dos outros veículos;Colisão transversal;Com Vítimas Feridas;Pleno dia;Decrescente;Céu Claro;Simples;"Interseção de Vias;Reta";Não;4;0;1;0;2;1;1;4;-26,29591587;-50,93223095;SPRF-SC;DEL06-SC;UOP04-DEL06-SC
663025;22/02/2025;sábado;22:28:00;PA;163;547,5;TRAIRAO;Ingestão de álcool pelo condutor;Colisão frontal;Com Vítimas Fatais;Plena Noite;Crescente;Nublado;Simples;Reta;Não;3;1;0;0;1;2;0;4;-5,203752;-56,040262;SPRF-PA;DEL05-PA;UOP03-DEL05-PA
663042;22/02/2025;sábado;20:45:00;MT;163;884;ITAUBA;Ausência de reação do condutor;Colisão traseira;Com Vítimas Feridas;Plena Noite;Decrescente;Céu Claro;Simples;Reta;Não;6;0;3;0;2;2;3;4;-11,16150303;-55,31378835;SPRF-MT;DEL06-MT;UOP02-DEL06-MT
663043;22/02/2025;sábado;23:40:00;PR;277;13;PARANAGUA;Reação tardia ou ineficiente do condutor;Colisão lateral mesmo sentido;Com Vítimas Fatais;Pleno dia;Decrescente;Garoa/Chuvisco;Dupla;Reta;Não;4;1;0;1;1;1;1;3;-25,561367;-48,644905;SPRF-PR;DEL01-PR;UOP05-DEL01-PR
663045;22/02/2025;sábado;23:25:00;MG;381;351;JOAO MONLEVADE;Ingestão de álcool pelo condutor;Colisão frontal;Com Vítimas Feridas;Plena Noite;Crescente;Céu Claro;Simples;Reta;Não;6;0;1;2;2;1;3;3;-19,8508673;-43,14275265;SPRF-MG;DEL03-MG;UOP01-DEL03-MG
663049;22/02/2025;sábado;21:00:00;MG;116;375,4;MATHIAS LOBATO;Ingestão de álcool pelo condutor;Colisão lateral mesmo sentido;Com Vítimas Feridas;Plena Noite;Crescente;Céu Claro;Simples;Reta;Sim;3;0;1;0;1;1;1;3;-18,57403311;-41,91359282;SPRF-MG;DEL06-MG;UOP01-DEL06-MG
663062;23/02/2025;domingo;00:30:00;MG;262;587;CAMPOS ALTOS;Velocidade Incompatível;Tombamento;Com Vítimas Feridas;Plena Noite;Crescente;Céu Claro;Simples;"Aclive;Curva";Não;3;0;2;0;0;1;2;2;-19,65870246;-46,13119483;SPRF-MG;DEL08-MG;UOP02-DEL08-MG
663064;23/02/2025;domingo;01:30:00;GO;20;9,1;FORMOSA;Ausência de reação do condutor;Colisão traseira;Com Vítimas Feridas;Plena Noite;Crescente;Céu Claro;Simples;"Reta;Declive";Não;3;0;1;0;1;1;1;3;-15,5562065;-47,27127743;SPRF-DF;DEL02-DF;UOP02-DEL02-DF
663066;22/02/2025;sábado;21:45:00;PE;407;117,1;PETROLINA;Acessar a via sem observar a presença dos outros veículos;Colisão transversal;Com Vítimas Fatais;Plena Noite;Crescente;Céu Claro;Simples;Reta;Não;2;1;0;0;1;0;0;2;-9,319069;-40,570842;SPRF-PE;DEL06-PE;UOP01-DEL06-PE
663067;23/02/2025;domingo;01:55:00;SC;101;363;SANGAO;Condutor deixou de manter distância do veículo da frente;Colisão traseira;Sem Vítimas;Plena Noite;Crescente;Céu Claro;Múltipla;"Aclive;Reta";Não;3;0;0;0;2;1;0;3;-28,67978684;-49,14094632;SPRF-SC;DEL02-SC;UOP01-DEL02-SC
663071;23/02/2025;domingo;01:20:00;GO;364;205;JATAI;Reação tardia ou ineficiente do condutor;Colisão lateral mesmo sentido;Com Vítimas Feridas;Plena Noite;Decrescente;Nublado;Múltipla;"Reta;Declive";Não;2;0;0;1;1;0;1;2;-17,907701;-51,801361;SPRF-GO;DEL05-GO;UOP01-DEL05-GO
663079;23/02/2025;domingo;01:40:00;PR;376;338,6;ORTIGUEIRA;Velocidade Incompatível;Tombamento;Com Vítimas Feridas;Plena Noite;Crescente;Céu Claro;Simples;"Declive;Curva";Não;2;0;1;0;0;1;1;2;-24,137624;-51,004054;SPRF-PR;DEL07-PR;UOP02-DEL07-PR
663086;23/02/2025;domingo;04:30:00;SE;101;59;ROSARIO DO CATETE;Reação tardia ou ineficiente do condutor;Tombamento;Com Vítimas Feridas;Plena Noite;Crescente;Céu Claro;Simples;Curva;Não;2;0;1;0;1;0;1;1;-10,659626;-37,028757;SPRF-SE;DEL02-SE;UOP02-DEL02-SE
663101;23/02/2025;domingo;05:00:00;GO;153;205;URUACU;Demais falhas mecânicas ou elétricas;Incêndio;Sem Vítimas;Amanhecer;Decrescente;Céu Claro;Simples;"Aclive;Reta";Não;2;0;0;0;1;2;0;3;-14,5760351;-49,158116;SPRF-GO;DEL07-GO;UOP02-DEL07-GO
663120;22/02/2025;sábado;19:15:00;BA;242;543;OLIVEIRA DOS BREJINHOS;Ultrapassagem Indevida;Colisão frontal;Com Vítimas Fatais;Plena Noite;Crescente;Nublado;Simples;Reta;Não;4;1;0;0;2;2;0;4;-12,192964;-42,82117;SPRF-BA;DEL06-BA;UOP03-DEL06-BA
663128;19/02/2025;quarta-feira;22:30:00;PR;277;160;PALMEIRA;Reação tardia ou ineficiente do condutor;Atropelamento de Pedestre;Com Vítimas Feridas;Plena Noite;Decrescente;Nublado;Simples;Reta;Não;2;0;1;0;1;0;1;2;-25,4783;-49,8576;SPRF-PR;DEL03-PR;UOP03-DEL03-PR