id;data_inversa;dia_semana;horario;uf;br;km;municipio;causa_acidente;tipo_acidente;classificacao_acidente;fase_dia;sentido_via;condicao_metereologica;tipo_pista;tracado_via;uso_solo;pessoas;mortos;feridos_leves;feridos_graves;ilesos;ignorados;feridos;veiculos;latitude;longitude;regional;delegacia;uop
664350;28/02/2025;sexta-feira;20:00:00;MA;135;67;SANTA RITA;Transitar na contramão;Colisão frontal;Com Vítimas Feridas;Plena Noite;Crescente;Céu Claro;Dupla;Reta;Não;5;0;3;0;1;2;3;5;-3,114607;-44,32343;SPRF-MA;DEL01-MA;UOP02-DEL01-MA
664355;28/02/2025;sexta-feira;21:25:00;BA;101;351;WENCESLAU GUIMARAES;Reação tardia ou ineficiente do condutor;Colisão traseira;Com Vítimas Feridas;Plena Noite;Crescente;Nublado;Simples;Reta;Não;3;0;0;1;1;2;1;4;-13,630816;-39,493423;SPRF-BA;DEL05-BA;UOP03-DEL05-BA
664356;28/02/2025;sexta-feira;22:50:00;ES;101;391,1;RIO NOVO DO SUL;Ausência de reação do condutor;Tombamento;Com Vítimas Feridas;Plena Noite;Crescente;Céu Claro;Simples;Curva;Não;2;0;0;1;0;1;1;2;-20,86507;-40,89711;SPRF-ES;DEL03-ES;UOP02-DEL03-ES
664371;01/03/2025;sábado;01:18:00;ES;101;121,5;SOORETAMA;Ultrapassagem Indevida;Colisão frontal;Com Vítimas Fatais;Plena Noite;Crescente;Chuva;Simples;Reta;Não;3;1;0;0;1;1;0;3;-19,19514857;-40,09520531;SPRF-ES;DEL04-ES;UOP01-DEL04-ES
664372;28/02/2025;sexta-feira;20:20:00;SC;116;114,9;SANTA CECILIA;Velocidade Incompatível;Tombamento;Com Vítimas Feridas;Plena Noite;Decrescente;Céu Claro;Simples;"Declive;Curva";Não;2;0;1;0;0;1;1;2;-26,80149036;-50,33860445;SPRF-SC;DEL06-SC;UOP02-DEL06-SC
664373;28/02/2025;sexta-feira;16:00:00;MT;174;543;COMODORO;Mal súbito do condutor;Colisão lateral sentido oposto;Com Vítimas Fatais;Pleno dia;Crescente;Chuva;Simples;Aclive;Não;5;1;1;0;2;4;1;8;-13,15258956;-59,87681866;SPRF-MT;DEL04-MT;UOP02-DEL04-MT
664375;01/03/2025;sábado;01:49:00;SC;101;232;PALHOCA;Reação tardia ou ineficiente do condutor;Colisão lateral mesmo sentido;Com Vítimas Feridas;Plena Noite;Crescente;Céu Claro;Dupla;Reta;Não;4;0;1;0;2;1;1;3;-27,81531066;-48,63226891;SPRF-SC;DEL01-SC;UOP02-DEL01-SC
664376;01/03/2025;sábado;01:00:00;PR;277;140;BALSA NOVA;Reação tardia ou ineficiente do condutor;Engavetamento;Com Vítimas Feridas;Plena Noite;Crescente;Céu Claro;Dupla;Reta;Não;5;0;2;0;2;4;2;7;-25,471558;-49,665897;SPRF-PR;DEL03-PR;UOP03-DEL03-PR
664382;01/03/2025;sábado;02:51:00;SP;116;212;GUARULHOS;Demais falhas mecânicas ou elétricas;Colisão traseira;Com Vítimas Feridas;Plena Noite;Decrescente;Ignorado;Múltipla;Aclive;Sim;8;0;3;3;2;0;6;2;-23,4379756;-46,43309045;SPRF-SP;DEL01-SP;UOP01-DEL01-SP
664394;28/02/2025;sexta-feira;22:35:00;PR;277;199,9;PALMEIRA;Reação tardia ou ineficiente do condutor;Colisão lateral mesmo sentido;Sem Vítimas;Plena Noite;Crescente;Nublado;Simples;Reta;Não;5;0;0;0;4;1;0;3;-25,458757;-50,213085;SPRF-PR;DEL08-PR;UOP02-DEL08-PR
664399;01/03/2025;sábado;05:00:00;MG;381;504,3;BETIM;Reação tardia ou ineficiente do condutor;Colisão lateral mesmo sentido;Sem Vítimas;Amanhecer;Crescente;Céu Claro;Dupla;Reta;Sim;2;0;0;0;1;1;0;2;-20,030854;-44,236879;SPRF-MG;DEL01-MG;UOP03-DEL01-MG
664405;28/02/2025;sexta-feira;17:00:00;PI;135;607,1;CORRENTE;Transitar na contramão;Colisão frontal;Com Vítimas Feridas;Pleno dia;Decrescente;Céu Claro;Simples;Reta;Não;4;0;2;0;2;0;2;3;-10,570163;-45,20443;SPRF-PI;DEL03-PI;UOP02-DEL03-PI
664407;01/03/2025;sábado;03:00:00;PI;343;70;BURITI DOS LOPES;Ingestão de álcool pelo condutor;Colisão frontal;Sem Vítimas;Amanhecer;Crescente;Céu Claro;Simples;Reta;Não;3;0;0;0;2;2;0;4;-3,32348379;-41,74073426;SPRF-PI;DEL05-PI;UOP01-DEL05-PI
664414;01/03/2025;sábado;02:30:00;AL;316;102,4;DOIS RIACHOS;Animais na Pista;Atropelamento de Animal;Com Vítimas Feridas;Plena Noite;Crescente;Céu Claro;Simples;Reta;Não;6;0;1;1;4;0;2;3;-9,390863;-37,039363;SPRF-AL;DEL03-AL;UOP01-DEL03-AL
664415;01/03/2025;sábado;05:30:00;CE;116;164;RUSSAS;Ausência de reação do condutor;Colisão com objeto;Com Vítimas Fatais;Amanhecer;Decrescente;Céu Claro;Simples;Curva;Sim;2;1;0;0;0;1;0;2;-4,95209016;-37,99467087;SPRF-CE;DEL03-CE;UOP01-DEL03-CE
664416;01/03/2025;sábado;04:20:00;RO;364;196,4;PIMENTA BUENO;Condutor Dormindo;Colisão traseira;Com Vítimas Feridas;Amanhecer;Decrescente;Céu Claro;Dupla;Reta;Sim;2;0;1;0;1;0;1;2;-11,683243;-61,185718;SPRF-RO;DEL02-RO;UOP02-DEL02-RO
664423;01/03/2025;sábado;06:08:00;RJ;116;125;MAGE;Condutor Dormindo;Saída de leito carroçável;Com Vítimas Feridas;Pleno dia;Crescente;Sol;Dupla;Reta;Sim;1;0;1;0;0;0;1;1;-22,64770274;-43,07254285;SPRF-RJ;DEL04-RJ;UOP02-DEL04-RJ
664424;01/03/2025;sábado;06:50:00;GO;60;12;SANTO ANTONIO DO DESCOBERTO;Reação tardia ou ineficiente do condutor;Colisão traseira;Com Vítimas Feridas;Amanhecer;Decrescente;Sol;Dupla;Aclive;Não;6;0;1;0;4;1;1;3;-16,10517034;-48,29580689;SPRF-DF;DEL03-DF;UOP01-DEL03-DF
664427;28/02/2025;sexta-feira;13:25:00;RJ;116;25;SAPUCAIA;Condutor usando celular;Colisão transversal;Com Vítimas Feridas;Pleno dia;Crescente;Sol;Simples;Reta;Não;2;0;1;0;1;0;1;2;-22,03492126;-42,77958155;SPRF-RJ;DEL05-RJ;UOP01-DEL05-RJ
664428;28/02/2025;sexta-feira;20:00:00;RS;290;60;GRAVATAI;Ausência de reação do condutor;Colisão lateral mesmo sentido;Sem Vítimas;Plena Noite;Decrescente;Céu Claro;Múltipla;Reta;Não;3;0;0;0;2;1;0;3;-29,9248484;-50,8617438;SPRF-RS;DEL03-RS;UOP01-DEL03-RS
664434;28/02/2025;sexta-feira;00:00:00;MT;364;493;JANGADA;Ausência de reação do condutor;Saída de leito carroçável;Sem Vítimas;Plena Noite;Crescente;Nevoeiro/Neblina;Simples;Reta;Sim;2;0;0;0;0;2;0;2;-15,25209577;-56,46728039;SPRF-MT;DEL01-MT;UOP01-DEL01-MT
664440;09/02/2025;domingo;08:44:00;PR;376;186;MARIALVA;Manobra de mudança de faixa;Colisão lateral mesmo sentido;Com Vítimas Feridas;Pleno dia;Crescente;Céu Claro;Dupla;Reta;Não;4;0;1;0;2;1;1;2;-23,45643624;-51,84510713;SPRF-PR;DEL09-PR;UOP01-DEL09-PR
664443;01/03/2025;sábado;07:30:00;SC;116;248,2;LAGES;Reação tardia ou ineficiente do condutor;Colisão frontal;Sem Vítimas;Pleno dia;Crescente;Céu Claro;Simples;Curva;Não;5;0;0;0;5;0;0;2;-27,82386719;-50,37827969;SPRF-SC;DEL05-SC;UOP02-DEL05-SC
664444;01/03/2025;sábado;07:40:00;ES;101;399;RIO NOVO DO SUL;Manobra de mudança de faixa;Colisão lateral sentido oposto;Com Vítimas Feridas;Pleno dia;Crescente;Céu Claro;Simples;Reta;Não;3;0;1;0;2;0;1;3;-20,87569408;-40,95688105;SPRF-ES;DEL03-ES;UOP02-DEL03-ES
664448;01/03/2025;sábado;07:50:00;RJ;101;58,1;CAMPOS DOS GOYTACAZES;Condutor deixou de manter distância do veículo da frente;Colisão traseira;Com Vítimas Feridas;Pleno dia;Crescente;Céu Claro;Simples;"Interseção de Vias;Reta";Sim;2;0;1;0;1;0;1;2;-21,707786;-41,30916;SPRF-RJ;DEL08-RJ;UOP01-DEL08-RJ
664451;01/03/2025;sábado;08:30:00;MG;381;768,7;CAMPANHA;Manobra de mudança de faixa;Colisão lateral mesmo sentido;Com Vítimas Feridas;Pleno dia;Decrescente;Céu Claro;Dupla;Reta;Não;5;0;0;1;3;1;1;4;-21,754288;-45,400016;SPRF-MG;DEL16-MG;UOP02-DEL16-MG
664453;01/03/2025;sábado;08:40:00;RS;116;147,8;CAXIAS DO SUL;Ausência de reação do condutor;Colisão traseira;Com Vítimas Feridas;Pleno dia;Decrescente;Céu Claro;Dupla;Reta;Não;3;0;1;0;2;0;1;3;-29,15439786;-51,15066469;SPRF-RS;DEL05-RS;UOP01-DEL05-RS
664470;01/03/2025;sábado;10:15:00;RS;392;315;SAO SEPE;Ausência de reação do condutor;Saída de leito carroçável;Sem Vítimas;Pleno dia;Crescente;Céu Claro;Simples;Reta;Não;1;0;0;0;1;0;0;1;-30,029397;-53,681617;SPRF-RS;DEL09-RS;UOP01-DEL09-RS
664487;01/03/2025;sábado;10:20:00;MG;381;295;ANTONIO DIAS;Acumulo de areia ou detritos sobre o pavimento;Tombamento;Com Vítimas Feridas;Pleno dia;Decrescente;Céu Claro;Dupla;"Reta;Declive";Não;5;0;0;2;1;2;2;4;-19,64005128;-42,82147765;SPRF-MG;DEL03-MG;UOP02-DEL03-MG
664493;01/03/2025;sábado;12:20:00;MG;40;617,2;CONGONHAS;Reação tardia ou ineficiente do condutor;Colisão traseira;Com Vítimas Feridas;Pleno dia;Decrescente;Céu Claro;Simples;Reta;Não;3;0;1;0;1;1;1;3;-20,56239609;-43,81204605;SPRF-MG;DEL05-MG;UOP02-DEL05-MG
664495;01/03/2025;sábado;11:10:00;PR;369;52;BANDEIRANTES;Velocidade Incompatível;Tombamento;Com Vítimas Feridas;Pleno dia;Decrescente;Céu Claro;Simples;"Interseção de Vias;Declive;Curva";Não;2;0;0;1;0;2;1;3;-23,11128725;-50,33374965;SPRF-PR;DEL07-PR;UOP05-DEL07-PR
664502;01/03/2025;sábado;10:20:00;PR;277;68;SAO JOSE DOS PINHAIS;Reação tardia ou ineficiente do condutor;Saída de leito carroçável;Com Vítimas Feridas;Pleno dia;Decrescente;Céu Claro;Dupla;Reta;Não;2;0;1;0;1;0;1;2;-25,52168518;-49,10588264;SPRF-PR;DEL01-PR;UOP01-DEL01-PR
664505;01/03/2025;sábado;13:20:00;MG;381;915,5;CAMANDUCAIA;Ausência de reação do condutor;Colisão traseira;Com Vítimas Feridas;Pleno dia;Decrescente;Céu Claro;Dupla;"Aclive;Reta";Não;4;0;1;0;2;3;1;5;-22,73354;-46,13486;SPRF-MG;DEL16-MG;UOP03-DEL16-MG
664511;01/03/2025;sábado;12:30:00;BA;101;273;SANTO ANTONIO DE JESUS;Conversão proibida;Colisão transversal;Com Vítimas Feridas;Pleno dia;Crescente;Céu Claro;Simples;Curva;Não;2;0;0;1;1;0;1;2;-13,050651;-39,284978;SPRF-BA;DEL01-BA;UOP02-DEL01-BA
664519;01/03/2025;sábado;09:55:00;RS;153;416;CACHOEIRA DO SUL;Ultrapassagem Indevida;Colisão lateral mesmo sentido;Com Vítimas Feridas;Pleno dia;Crescente;Céu Claro;Simples;Reta;Não;3;0;1;0;2;0;1;2;-30,14141598;-52,85908699;SPRF-RS;DEL02-RS;UOP03-DEL02-RS
664526;01/03/2025;sábado;14:00:00;MS;158;101;PARANAIBA;Ausência de reação do condutor;Colisão traseira;Sem Vítimas;Pleno dia;Crescente;Sol;Simples;"Reta;Ponte";Não;5;0;0;0;4;1;0;3;-19,70907968;-51,14472628;SPRF-MS;DEL08-MS;UOP01-DEL08-MS
664536;16/01/2025;quinta-feira;12:20:00;ES;101;272;SERRA;Reação tardia ou ineficiente do condutor;Colisão traseira;Com Vítimas Feridas;Pleno dia;Crescente;Céu Claro;Dupla;Reta;Não;2;0;1;0;0;1;1;2;-20,2159533;-40,2937106;SPRF-ES;DEL02-ES;UOP01-DEL02-ES
664539;01/03/2025;sábado;14:35:00;BA;349;828,8;SERRA DO RAMALHO;Manobra de mudança de faixa;Colisão lateral sentido oposto;Com Vítimas Feridas;Pleno dia;Crescente;Sol;Simples;Reta;Não;3;0;1;0;1;1;1;3;-13,34152016;-43,91819;SPRF-BA;DEL10-BA;UOP02-DEL10-BA
664540;01/03/2025;sábado;16:10:00;TO;153;501;PARAISO DO TOCANTINS;Acessar a via sem observar a presença dos outros veículos;Colisão transversal;Com Vítimas Feridas;Pleno dia;Decrescente;Chuva;Simples;"Interseção de Vias;Aclive";Não;3;0;1;0;1;1;1;3;-10,211328;-48,874332;SPRF-TO;DEL01-TO;UOP01-DEL01-TO
664548;01/03/2025;sábado;16:50:00;MG;262;604,2;CAMPOS ALTOS;Condutor deixou de manter distância do veículo da frente;Colisão traseira;Sem Vítimas;Pleno dia;Decrescente;Céu Claro;Simples;Reta;Não;3;0;0;0;2;4;0;6;-19,628265;-46,265366;SPRF-MG;DEL08-MG;UOP02-DEL08-MG
664549;01/03/2025;sábado;15:10:00;MG;116;680,4;MIRADOURO;Transitar na contramão;Colisão lateral sentido oposto;Com Vítimas Feridas;Pleno dia;Decrescente;Céu Claro;Simples;Reta;Não;7;0;1;0;5;1;1;5;-20,947483;-42,347256;SPRF-MG;DEL07-MG;UOP02-DEL07-MG
664551;01/03/2025;sábado;16:00:00;MG;267;87,7;JUIZ DE FORA;Demais falhas mecânicas ou elétricas;Colisão traseira;Com Vítimas Feridas;Pleno dia;Crescente;Sol;Simples;Reta;Não;5;0;2;0;3;0;2;2;-21,752709;-43,281908;SPRF-MG;DEL05-MG;UOP01-DEL05-MG
664552;01/03/2025;sábado;11:00:00;RJ;393;114;SAPUCAIA;Ausência de reação do condutor;Colisão traseira;Sem Vítimas;Pleno dia;Decrescente;Céu Claro;Simples;Curva;Não;3;0;0;0;2;2;0;4;-21,91055982;-42,74196625;SPRF-RJ;DEL05-RJ;UOP01-DEL05-RJ
664558;01/03/2025;sábado;16:00:00;PR;476;218;LAPA;Reação tardia ou ineficiente do condutor;Tombamento;Com Vítimas Feridas;Pleno dia;Decrescente;Céu Claro;Simples;Curva;Não;1;0;1;0;0;0;1;1;-25,80964;-49,90711;SPRF-PR;DEL01-PR;UOP06-DEL01-PR
664560;01/03/2025;sábado;10:19:00;BA;101;718;EUNAPOLIS;Condutor deixou de manter distância do veículo da frente;Colisão traseira;Sem Vítimas;Pleno dia;Crescente;Nublado;Múltipla;Reta;Sim;2;0;0;0;2;0;0;2;-16,37458448;-39,58111394;SPRF-BA;DEL09-BA;UOP01-DEL09-BA
664580;01/03/2025;sábado;19:30:00;BA;116;410;FEIRA DE SANTANA;Deficiência do Sistema de Iluminação/Sinalização;Colisão traseira;Sem Vítimas;Plena Noite;Decrescente;Nublado;Dupla;Reta;Não;2;0;0;0;2;0;0;2;-12,12035122;-38,96834729;SPRF-BA;DEL02-BA;UOP01-DEL02-BA
664581;01/03/2025;sábado;19:25:00;RN;304;249;SANTA MARIA;Acessar a via sem observar a presença dos outros veículos;Colisão transversal;Com Vítimas Fatais;Plena Noite;Decrescente;Céu Claro;Simples;Interseção de Vias;Não;4;1;0;1;1;1;1;3;-5,827962;-35,76609;SPRF-RN;DEL01-RN;UOP02-DEL01-RN
664597;01/03/2025;sábado;15:00:00;MT;364;472;VARZEA GRANDE;Reação tardia ou ineficiente do condutor;Colisão frontal;Com Vítimas Feridas;Pleno dia;Crescente;Sol;Simples;Reta;Não;3;0;0;1;1;2;1;4;-15,418824;-56,347241;SPRF-MT;DEL01-MT;UOP02-DEL01-MT
664607;01/03/2025;sábado;19:50:00;GO;20;89,9;VILA BOA;Velocidade Incompatível;Colisão traseira;Com Vítimas Feridas;Pleno dia;Decrescente;Céu Claro;Simples;Reta;Não;3;0;0;1;2;0;1;2;-14,97728997;-47,01633453;SPRF-DF;DEL02-DF;UOP02-DEL02-DF
664615;01/03/2025;sábado;21:15:00;MT;364;370;CUIABA;Demais falhas mecânicas ou elétricas;Incêndio;Sem Vítimas;Plena Noite;Crescente;Céu Claro;Dupla;Reta;Não;2;0;0;0;1;1;0;2;-15,70361409;-55,73750496;SPRF-MT;DEL01-MT;UOP02-DEL01-MT
664623;01/03/2025;sábado;20:40:00;PR;277;307;PRUDENTOPOLIS;Ausência de reação do condutor;Saída de leito carroçável;Sem Vítimas;Plena Noite;Decrescente;Céu Claro;Simples;Desvio Temporário;Não;2;0;0;0;1;2;0;3;-25,31599988;-51,19617476;SPRF-PR;DEL08-PR;UOP01-DEL08-PR
664631;02/03/2025;domingo;00:15:00;ES;101;289,3;CARIACICA;Condutor deixou de manter distância do veículo da frente;Colisão traseira;Com Vítimas Feridas;Plena Noite;Decrescente;Nublado;Dupla;"Declive;Reta";Não;3;0;1;0;1;1;1;3;-20,28476714;-40,39270654;SPRF-ES;DEL01-ES;UOP01-DEL01-ES
664638;02/03/2025;domingo;01:40:00;MG;381;457,1;BELO HORIZONTE;Reação tardia ou ineficiente do condutor;Colisão traseira;Com Vítimas Feridas;Plena Noite;Decrescente;Nublado;Dupla;Reta;Sim;4;0;0;2;1;2;2;4;-19,849893;-43,887833;SPRF-MG;DEL01-MG;UOP01-DEL01-MG
664639;02/03/2025;domingo;02:00:00;SP;116;219;GUARULHOS;Ingestão de álcool pelo condutor;Colisão traseira;Sem Vítimas;Plena Noite;Crescente;Céu Claro;Múltipla;Reta;Sim;3;0;0;0;3;0;0;3;-23,46411686;-46,49726808;SPRF-SP;DEL01-SP;UOP01-DEL01-SP
664659;02/03/2025;domingo;01:50:00;SC;116;72,2;MONTE CASTELO;Ingestão de álcool pelo condutor;Colisão frontal;Sem Vítimas;Plena Noite;Decrescente;Céu Claro;Simples;Reta;Não;4;0;0;0;3;1;0;3;-26,488127;-50,2327595;SPRF-SC;DEL06-SC;UOP02-DEL06-SC
664663;01/03/2025;sábado;20:20:00;PR;369;108,1;URAI;Condutor deixou de manter distância do veículo da frente;Colisão traseira;Com Vítimas Feridas;Plena Noite;Decrescente;Céu Claro;Dupla;"Declive;Reta";Não;5;0;2;1;2;0;3;2;-23,264972;-50,789097;SPRF-PR;DEL07-PR;UOP05-DEL07-PR
664679;01/03/2025;sábado;23:40:00;MT;364;378;SANTO ANTONIO DO LEVERGER;Reação tardia ou ineficiente do condutor;Colisão traseira;Com Vítimas Fatais;Plena Noite;Decrescente;Céu Claro;Dupla;Reta;Não;4;1;0;0;2;2;0;4;-15,70331456;-55,78467965;SPRF-MT;DEL01-MT;UOP02-DEL01-MT
664687;02/03/2025;domingo;06:20:00;PB;230;77;SOBRADO;Condutor Dormindo;Colisão lateral mesmo sentido;Com Vítimas Feridas;Pleno dia;Decrescente;Nublado;Dupla;Reta;Não;6;0;1;0;5;0;1;3;-7,1916962;-35,2262725;SPRF-PB;DEL01-PB;UOP02-DEL01-PB
664690;02/03/2025;domingo;06:05:00;GO;452;186,6;ITUMBIARA;Ultrapassagem Indevida;Colisão lateral sentido oposto;Com Vítimas Feridas;Pleno dia;Crescente;Céu Claro;Simples;Reta;Não;3;0;1;0;1;5;1;7;-18,399751;-49,305308;SPRF-GO;DEL03-GO;UOP02-DEL03-GO
664694;02/03/2025;domingo;03:30:00;AM;174;893;MANAUS;Carga excessiva e/ou mal acondicionada;Tombamento;Sem Vítimas;Amanhecer;Crescente;Nublado;Simples;Reta;Não;2;0;0;0;1;3;0;4;-2,898692;-60,035328;SPRF-AM;DEL01-AM;UOP01-DEL01-AM
664697;01/03/2025;sábado;19:00:00;MA;316;3;BOA VISTA DO GURUPI;Ultrapassagem Indevida;Colisão frontal;Com Vítimas Feridas;Plena Noite;Crescente;Garoa/Chuvisco;Simples;Reta;Não;11;0;2;4;4;3;6;6;-1,78507211;-46,29174298;SPRF-MA;DEL02-MA;UOP02-DEL02-MA
664700;02/03/2025;domingo;06:15:00;RO;364;215;PIMENTA BUENO;Transitar na contramão;Colisão lateral sentido oposto;Com Vítimas Fatais;Pleno dia;Crescente;Nublado;Simples;"Reta;Aclive";Não;3;1;0;0;1;1;0;3;-11,553877;-61,292918;SPRF-RO;DEL02-RO;UOP02-DEL02-RO
664704;02/03/2025;domingo;08:50:00;TO;153;692,5;CARIRI DO TOCANTINS;Ingestão de álcool pelo condutor;Tombamento;Sem Vítimas;Pleno dia;Crescente;Céu Claro;Simples;Reta;Não;2;0;0;0;1;1;0;2;-11,89993948;-49,17480469;SPRF-TO;DEL01-TO;UOP02-DEL01-TO
664729;02/03/2025;domingo;12:15:00;MG;116;276,7;TEOFILO OTONI;Acessar a via sem observar a presença dos outros veículos;Colisão lateral mesmo sentido;Sem Vítimas;Pleno dia;Decrescente;Nublado;Múltipla;Reta;Sim;4;0;0;0;2;2;0;3;-17,8582416;-41,5150835;SPRF-MG;DEL11-MG;UOP01-DEL11-MG
664736;02/03/2025;domingo;13:15:00;SP;116;220;GUARULHOS;Mal súbito do condutor;Colisão traseira;Com Vítimas Feridas;Pleno dia;Crescente;Céu Claro;Múltipla;Reta;Sim;2;0;1;0;1;0;1;2;-23,46859;-46,509906;SPRF-SP;DEL01-SP;UOP01-DEL01-SP
664739;02/03/2025;domingo;13:15:00;RS;470;225;GARIBALDI;Acessar a via sem observar a presença dos outros veículos;Colisão transversal;Com Vítimas Feridas;Pleno dia;Crescente;Céu Claro;Simples;"Retorno Regulamentado;Reta";Sim;3;0;2;0;1;0;2;2;-29,2466446;-51,51592791;SPRF-RS;DEL06-RS;UOP01-DEL06-RS
664749;02/03/2025;domingo;14:02:00;MG;381;891,1;CAMBUI;Ausência de reação do condutor;Colisão traseira;Com Vítimas Fatais;Pleno dia;Decrescente;Céu Claro;Dupla;Reta;Não;3;1;0;0;1;2;0;4;-22,54764696;-46,03985545;SPRF-MG;DEL16-MG;UOP01-DEL16-MG
664754;03/02/2025;segunda-feira;06:40:00;RJ;40;109;DUQUE DE CAXIAS;Reação tardia ou ineficiente do condutor;Colisão traseira;Com Vítimas Feridas;Pleno dia;Decrescente;Céu Claro;Múltipla;Reta;Sim;4;0;1;0;3;0;1;2;-22,67374628;-43,28638368;SPRF-RJ;DEL01-RJ;UOP02-DEL01-RJ
664756;02/03/2025;domingo;12:30:00;MG;40;34;PARACATU;Reação tardia ou ineficiente do condutor;Saída de leito carroçável;Com Vítimas Feridas;Pleno dia;Crescente;Céu Claro;Simples;"Declive;Curva";Não;3;0;2;0;0;1;2;2;-17,2414624;-46,8237278;SPRF-MG;DEL14-MG;UOP01-DEL14-MG
664764;02/03/2025;domingo;15:00:00;PR;277;23;MORRETES;Manobra de mudança de faixa;Colisão lateral mesmo sentido;Com Vítimas Feridas;Pleno dia;Crescente;Sol;Dupla;"Retorno Regulamentado;Reta";Não;4;0;2;0;1;1;2;3;-25,5289077;-48,73414993;SPRF-PR;DEL01-PR;UOP05-DEL01-PR
664811;02/03/2025;domingo;19:00:00;RJ;393;246,9;BARRA DO PIRAI;Transitar na contramão;Colisão frontal;Com Vítimas Fatais;Plena Noite;Crescente;Céu Claro;Simples;Reta;Não;5;2;1;0;1;1;1;4;-22,4282579;-43,7688659;SPRF-RJ;DEL05-RJ;UOP04-DEL05-RJ
664816;02/03/2025;domingo;11:39:00;RO;364;108;CHUPINGUAIA;Ausência de reação do condutor;Colisão traseira;Com Vítimas Feridas;Pleno dia;Decrescente;Nublado;Simples;Reta;Sim;4;0;1;0;1;4;1;5;-12,22560293;-60,68803132;SPRF-RO;DEL04-RO;UOP01-DEL04-RO
664817;02/03/2025;domingo;18:30:00;PR;277;108,7;CURITIBA;Trafegar com motocicleta (ou similar) entre as faixas;Colisão lateral mesmo sentido;Com Vítimas Fatais;Anoitecer;Decrescente;Céu Claro;Dupla;"Aclive;Reta";Sim;5;1;0;0;2;2;0;5;-25,42968573;-49,37854236;SPRF-PR;DEL03-PR;UOP03-DEL03-PR
664838;02/03/2025;domingo;19:50:00;SC;163;70,6;SAO MIGUEL DO OESTE;Manobra de mudança de faixa;Colisão lateral mesmo sentido;Sem Vítimas;Plena Noite;Decrescente;Céu Claro;Dupla;"Aclive;Reta";Sim;3;0;0;0;2;1;0;3;-26,7300751;-53,5138334;SPRF-SC;DEL07-SC;UOP03-DEL07-SC
664840;02/03/2025;domingo;10:00:00;RO;174;64,3;VILHENA;Demais falhas mecânicas ou elétricas;Incêndio;Sem Vítimas;Pleno dia;Decrescente;Nublado;Simples;Reta;Não;2;0;0;0;0;4;0;4;-12,41258;-59,880944;SPRF-RO;DEL04-RO;UOP01-DEL04-RO
664854;02/03/2025;domingo;19:00:00;MT;163;1056;GUARANTA DO NORTE;Condutor deixou de manter distância do veículo da frente;Colisão lateral mesmo sentido;Sem Vítimas;Plena Noite;Decrescente;Céu Claro;Simples;Reta;Não;3;0;0;0;1;2;0;3;-10,032408;-54,909714;SPRF-MT;DEL06-MT;UOP03-DEL06-MT
664856;02/03/2025;domingo;21:10:00;ES;101;390,8;RIO NOVO DO SUL;Ausência de reação do condutor;Colisão lateral sentido oposto;Com Vítimas Feridas;Pleno dia;Crescente;Céu Claro;Simples;Reta;Não;3;0;1;0;1;1;1;3;-20,8582236;-40,89019781;SPRF-ES;DEL03-ES;UOP02-DEL03-ES
664872;02/03/2025;domingo;23:55:00;RJ;116;169;RIO DE JANEIRO;Ausência de reação do condutor;Tombamento;Sem Vítimas;Plena Noite;Crescente;Céu Claro;Múltipla;Reta;Não;1;0;0;0;1;0;0;1;-22,81668872;-43,32327068;SPRF-RJ;DEL06-RJ;UOP01-DEL06-RJ
664881;03/03/2025;segunda-feira;00:20:00;PR;116;136;MANDIRITUBA;Reação tardia ou ineficiente do condutor;Colisão traseira;Com Vítimas Feridas;Plena Noite;Crescente;Nevoeiro/Neblina;Dupla;Reta;Não;5;0;2;0;2;1;2;3;-25,72777117;-49,31774139;SPRF-PR;DEL01-PR;UOP03-DEL01-PR
664889;02/03/2025;domingo;21:50:00;RJ;465;15;SEROPEDICA;Ingestão de álcool pelo condutor;Colisão frontal;Sem Vítimas;Plena Noite;Decrescente;Céu Claro;Simples;Reta;Sim;3;0;0;0;2;1;0;3;-22,7147776;-43,7256192;SPRF-RJ;DEL06-RJ;UOP02-DEL06-RJ
664899;03/03/2025;segunda-feira;03:30:00;CE;222;231;SOBRAL;Ausência de reação do condutor;Colisão traseira;Com Vítimas Fatais;Plena Noite;Crescente;Céu Claro;Simples;Reta;Não;5;1;0;0;4;0;0;2;-3,706892;-40,408262;SPRF-CE;DEL04-CE;UOP01-DEL04-CE
664902;03/03/2025;segunda-feira;06:00:00;CE;116;112,9;MORADA NOVA;Ultrapassagem Indevida;Colisão lateral sentido oposto;Com Vítimas Feridas;Pleno dia;Crescente;Céu Claro;Simples;"Reta;Declive";Não;4;0;1;0;2;1;1;4;-4,58812477;-38,21806669;SPRF-CE;DEL01-CE;UOP04-DEL01-CE
664903;03/03/2025;segunda-feira;05:35:00;AL;316;217;ATALAIA;Condutor Dormindo;Tombamento;Sem Vítimas;Amanhecer;Crescente;Céu Claro;Simples;Reta;Não;1;0;0;0;1;0;0;1;-9,49921028;-36,21470667;SPRF-AL;DEL01-AL;UOP01-DEL01-AL
664907;03/03/2025;segunda-feira;03:00:00;RJ;116;233;PIRAI;Demais falhas mecânicas ou elétricas;Incêndio;Sem Vítimas;Amanhecer;Crescente;Céu Claro;Dupla;Reta;Sim;1;0;0;0;1;0;0;1;-22,67009547;-43,85433197;SPRF-RJ;DEL07-RJ;UOP01-DEL07-RJ