id;data_inversa;dia_semana;horario;uf;br;km;municipio;causa_acidente;tipo_acidente;classificacao_acidente;fase_dia;sentido_via;condicao_metereologica;tipo_pista;tracado_via;uso_solo;pessoas;mortos;feridos_leves;feridos_graves;ilesos;ignorados;feridos;veiculos;latitude;longitude;regional;delegacia;uop
664916;03/03/2025;segunda-feira;06:07:00;SP;101;45;UBATUBA;Acessar a via sem observar a presença dos outros veículos;Colisão lateral mesmo sentido;Com Vítimas Feridas;Pleno dia;Decrescente;Céu Claro;Simples;Reta;Não;2;0;1;0;0;1;1;2;-23,4254093;-45,07678628;SPRF-SP;DEL06-SP;UOP01-DEL06-SP
664922;03/03/2025;segunda-feira;06:41:00;MT;163;775;SORRISO;Acumulo de água sobre o pavimento;Saída de leito carroçável;Sem Vítimas;Pleno dia;Decrescente;Chuva;Simples;Declive;Não;2;0;0;0;1;1;0;2;-12,34592351;-55,59419632;SPRF-MT;DEL06-MT;UOP02-DEL06-MT
664925;03/03/2025;segunda-feira;08:30:00;SC;101;64;BARRA VELHA;Ausência de reação do condutor;Colisão lateral mesmo sentido;Com Vítimas Feridas;Pleno dia;Crescente;Céu Claro;Dupla;Reta;Não;5;0;2;0;2;1;2;3;-26,6207232;-48,726016;SPRF-SC;DEL03-SC;UOP02-DEL03-SC
664928;03/03/2025;segunda-feira;08:47:00;TO;153;147;ARAGUAINA;Manobra de mudança de faixa;Colisão lateral mesmo sentido;Com Vítimas Feridas;Pleno dia;Decrescente;Céu Claro;Dupla;Reta;Sim;7;0;2;0;4;1;2;5;-7,22743065;-48,25065494;SPRF-TO;DEL02-TO;UOP01-DEL02-TO
664930;28/02/2025;sexta-feira;07:30:00;PR;116;124;FAZENDA RIO GRANDE;Manobra de mudança de faixa;Colisão traseira;Com Vítimas Feridas;Amanhecer;Decrescente;Céu Claro;Dupla;Reta;Sim;2;0;1;0;0;1;1;2;-25,627023;-49,314547;SPRF-PR;DEL01-PR;UOP03-DEL01-PR
664937;03/03/2025;segunda-feira;08:45:00;SP;381;71;SAO PAULO;Condutor deixou de manter distância do veículo da frente;Colisão lateral mesmo sentido;Com Vítimas Feridas;Pleno dia;Crescente;Céu Claro;Dupla;Túnel;Não;2;0;0;1;1;0;1;2;-23,35678394;-46,54911887;SPRF-SP;DEL03-SP;UOP01-DEL03-SP
664939;03/03/2025;segunda-feira;10:00:00;MG;381;361;JOAO MONLEVADE;Acesso irregular;Colisão frontal;Com Vítimas Fatais;Pleno dia;Crescente;Céu Claro;Simples;Curva;Não;3;1;0;0;1;1;0;3;-19,8494271;-43,2075645;SPRF-MG;DEL03-MG;UOP01-DEL03-MG
664940;03/03/2025;segunda-feira;10:00:00;PR;376;645;TIJUCAS DO SUL;Manobra de mudança de faixa;Colisão lateral mesmo sentido;Sem Vítimas;Pleno dia;Crescente;Nublado;Dupla;Reta;Não;4;0;0;0;3;1;0;3;-25,828125;-49,118258;SPRF-PR;DEL01-PR;UOP04-DEL01-PR
664943;03/03/2025;segunda-feira;10:10:00;PB;101;127;CAAPORA;Chuva;Engavetamento;Com Vítimas Feridas;Pleno dia;Decrescente;Chuva;Dupla;Reta;Não;5;0;1;0;3;2;1;6;-7,50120818;-34,98513901;SPRF-PB;DEL01-PB;UOP01-DEL01-PB
664954;03/03/2025;segunda-feira;10:10:00;MS;163;206;CAARAPO;Velocidade Incompatível;Tombamento;Com Vítimas Feridas;Pleno dia;Crescente;Céu Claro;Simples;"Curva;Interseção de Vias;Rotatória";Não;2;0;1;0;0;1;1;2;-22,64854165;-54,8105979;SPRF-MS;DEL04-MS;UOP02-DEL04-MS
664962;03/03/2025;segunda-feira;13:35:00;SC;101;29,1;JOINVILLE;Condutor deixou de manter distância do veículo da frente;Colisão traseira;Com Vítimas Feridas;Pleno dia;Decrescente;Céu Claro;Dupla;"Reta;Declive";Não;4;0;2;0;2;0;2;3;-26,22028382;-48,91612709;SPRF-SC;DEL03-SC;UOP01-DEL03-SC
664967;03/03/2025;segunda-feira;13:00:00;RJ;116;169;RIO DE JANEIRO;Ausência de reação do condutor;Tombamento;Com Vítimas Feridas;Pleno dia;Decrescente;Céu Claro;Dupla;Reta;Sim;4;0;1;0;2;1;1;4;-22,8176299;-43,32263231;SPRF-RJ;DEL06-RJ;UOP01-DEL06-RJ
664977;03/03/2025;segunda-feira;15:00:00;MG;40;822,9;SIMAO PEREIRA;Ausência de reação do condutor;Saída de leito carroçável;Com Vítimas Feridas;Pleno dia;Decrescente;Céu Claro;Dupla;Reta;Não;1;0;1;0;0;0;1;1;-21,97456869;-43,28498483;SPRF-MG;DEL05-MG;UOP01-DEL05-MG
664978;03/03/2025;segunda-feira;12:20:00;GO;153;168;CAMPINORTE;Transitar na contramão;Colisão frontal;Com Vítimas Feridas;Pleno dia;Decrescente;Céu Claro;Simples;"Reta;Declive";Não;2;0;2;0;0;0;2;2;-14,2422636;-49,13709641;SPRF-GO;DEL07-GO;UOP02-DEL07-GO
664981;03/03/2025;segunda-feira;15:30:00;CE;222;309;TIANGUA;Acessar a via sem observar a presença dos outros veículos;Colisão transversal;Com Vítimas Feridas;Pleno dia;Crescente;Céu Claro;Dupla;Reta;Não;3;0;0;1;1;1;1;3;-3,703853;-40,976172;SPRF-CE;DEL04-CE;UOP02-DEL04-CE
664984;03/03/2025;segunda-feira;15:45:00;PR;277;721,6;FOZ DO IGUACU;Desrespeitar a preferência no cruzamento;Saída de leito carroçável;Com Vítimas Feridas;Pleno dia;Crescente;Sol;Dupla;"Retorno Regulamentado;Reta";Sim;3;0;1;0;1;1;1;3;-25,49306196;-54,5165205;SPRF-PR;DEL05-PR;UOP03-DEL05-PR
664989;03/03/2025;segunda-feira;14:25:00;RS;158;15,7;FREDERICO WESTPHALEN;Demais falhas mecânicas ou elétricas;Incêndio;Sem Vítimas;Pleno dia;Crescente;Céu Claro;Simples;Curva;Não;2;0;0;0;1;1;0;2;-27,23948;-53,337136;SPRF-RS;DEL08-RS;UOP02-DEL08-RS
664990;03/03/2025;segunda-feira;07:00:00;MG;116;37,2;CACHOEIRA DE PAJEU;Demais falhas mecânicas ou elétricas;Incêndio;Sem Vítimas;Pleno dia;Crescente;Céu Claro;Simples;"Curva;Aclive";Não;2;0;0;0;1;1;0;2;-15,961956;-41,405267;SPRF-MG;DEL11-MG;UOP02-DEL11-MG
664992;03/03/2025;segunda-feira;15:10:00;RO;364;602;ITAPUA DO OESTE;Ausência de reação do condutor;Colisão lateral mesmo sentido;Com Vítimas Feridas;Pleno dia;Crescente;Chuva;Simples;Reta;Sim;3;0;1;0;1;1;1;3;-9,19283115;-63,18810225;SPRF-RO;DEL01-RO;UOP04-DEL01-RO
664993;03/03/2025;segunda-feira;16:25:00;MG;381;886,7;ESTIVA;Condutor Dormindo;Saída de leito carroçável;Sem Vítimas;Pleno dia;Decrescente;Sol;Dupla;Reta;Não;2;0;0;0;1;1;0;2;-22,515012;-46,021245;SPRF-MG;DEL16-MG;UOP01-DEL16-MG
664994;03/03/2025;segunda-feira;12:00:00;MG;116;555,2;SANTA BARBARA DO LESTE;Velocidade Incompatível;Tombamento;Com Vítimas Feridas;Pleno dia;Crescente;Nublado;Simples;Curva;Não;2;0;0;1;0;1;1;2;-20,00141879;-42,14080811;SPRF-MG;DEL06-MG;UOP02-DEL06-MG
664995;03/03/2025;segunda-feira;15:00:00;MT;364;291;JACIARA;Reação tardia ou ineficiente do condutor;Saída de leito carroçável;Com Vítimas Feridas;Pleno dia;Decrescente;Chuva;Dupla;Reta;Não;2;0;0;1;0;1;1;2;-15,89922799;-55,09840599;SPRF-MT;DEL05-MT;UOP02-DEL05-MT
664998;03/03/2025;segunda-feira;17:10:00;SC;470;119;IBIRAMA;Reação tardia ou ineficiente do condutor;Saída de leito carroçável;Com Vítimas Feridas;Pleno dia;Crescente;Céu Claro;Simples;"Curva;Declive";Não;2;0;0;1;0;1;1;2;-27,08073299;-49,51994598;SPRF-SC;DEL04-SC;UOP02-DEL04-SC
665009;03/03/2025;segunda-feira;17:50:00;TO;10;483;PALMAS;Avarias e/ou desgaste excessivo no pneu;Tombamento;Com Vítimas Feridas;Anoitecer;Crescente;Céu Claro;Simples;"Curva;Declive";Não;2;0;1;0;0;1;1;2;-10,218815;-48,16049;SPRF-TO;DEL01-TO;UOP03-DEL01-TO
665010;03/03/2025;segunda-feira;18:00:00;PR;153;384,3;MALLET;Ultrapassagem Indevida;Colisão frontal;Com Vítimas Feridas;Pleno dia;Decrescente;Nublado;Simples;Curva;Não;3;0;0;1;1;1;1;3;-25,86684846;-50,83489627;SPRF-PR;DEL08-PR;UOP02-DEL08-PR
665017;03/03/2025;segunda-feira;17:05:00;PR;277;125,5;CAMPO LARGO;Acessar a via sem observar a presença dos outros veículos;Capotamento;Com Vítimas Feridas;Pleno dia;Crescente;Céu Claro;Dupla;"Curva;Declive";Sim;5;0;3;0;1;2;3;4;-25,4398431;-49,51142527;SPRF-PR;DEL03-PR;UOP03-DEL03-PR
665025;03/03/2025;segunda-feira;19:35:00;SE;101;199;CRISTINAPOLIS;Ausência de reação do condutor;Tombamento;Com Vítimas Feridas;Plena Noite;Decrescente;Céu Claro;Simples;Reta;Sim;1;0;1;0;0;0;1;1;-11,48212719;-37,76604043;SPRF-SE;DEL02-SE;UOP03-DEL02-SE
665026;03/03/2025;segunda-feira;19:30:00;GO;153;499;GOIANIA;Ingestão de álcool pelo condutor;Colisão com objeto;Com Vítimas Feridas;Plena Noite;Crescente;Ignorado;Dupla;"Reta;Viaduto";Não;2;0;1;0;0;1;1;2;-16,6921146;-49,2320746;SPRF-GO;DEL01-GO;UOP01-DEL01-GO
665029;03/03/2025;segunda-feira;20:40:00;SP;116;320,4;JUQUITIBA;Ingestão de álcool pelo condutor;Colisão lateral mesmo sentido;Com Vítimas Feridas;Plena Noite;Decrescente;Céu Claro;Dupla;Reta;Não;2;0;1;0;1;0;1;2;-23,953698;-47,105465;SPRF-SP;DEL04-SP;UOP03-DEL04-SP
665041;03/03/2025;segunda-feira;21:00:00;MG;116;789,1;ALEM PARAIBA;Reação tardia ou ineficiente do condutor;Saída de leito carroçável;Com Vítimas Feridas;Plena Noite;Decrescente;Nublado;Simples;Curva;Não;2;0;1;0;0;1;1;2;-21,68923862;-42,72977829;SPRF-MG;DEL07-MG;UOP01-DEL07-MG
665047;03/03/2025;segunda-feira;22:30:00;SP;153;211;GUAIMBE;Ausência de reação do condutor;Saída de leito carroçável;Sem Vítimas;Plena Noite;Crescente;Céu Claro;Simples;Declive;Não;2;0;0;0;1;2;0;3;-21,917223;-49,915903;SPRF-SP;DEL07-SP;UOP02-DEL07-SP
665051;03/03/2025;segunda-feira;23:30:00;GO;153;279;NOVA GLORIA;Ausência de reação do condutor;Colisão traseira;Com Vítimas Feridas;Plena Noite;Crescente;Ignorado;Simples;Reta;Não;2;0;1;0;1;0;1;2;-15,14868906;-49,53443527;SPRF-GO;DEL07-GO;UOP02-DEL07-GO
665058;04/03/2025;terça-feira;00:01:00;PI;343;310;ALTOS;Ingestão de álcool pelo condutor;Colisão transversal;Com Vítimas Feridas;Plena Noite;Crescente;Céu Claro;Simples;Interseção de Vias;Sim;4;0;0;2;1;1;2;3;-5,04002989;-42,48185749;SPRF-PI;DEL01-PI;UOP01-DEL01-PI
665061;03/03/2025;segunda-feira;21:30:00;PA;230;434;PACAJA;Problema com o freio;Colisão com objeto;Sem Vítimas;Anoitecer;Crescente;Chuva;Simples;"Reta;Aclive";Não;2;0;0;0;1;1;0;2;-3,7475;-50,83918;SPRF-PA;DEL04-PA;UOP01-DEL04-PA
665064;04/03/2025;terça-feira;03:30:00;GO;153;512;APARECIDA DE GOIANIA;Ausência de reação do condutor;Colisão traseira;Sem Vítimas;Plena Noite;Crescente;Céu Claro;Dupla;Reta;Sim;3;0;0;0;1;2;0;3;-16,83401002;-49,24386805;SPRF-GO;DEL01-GO;UOP03-DEL01-GO
665074;04/03/2025;terça-feira;05:25:00;SC;282;571;NOVA ERECHIM;Ultrapassagem Indevida;Colisão frontal;Com Vítimas Feridas;Amanhecer;Crescente;Céu Claro;Simples;Curva;Não;8;0;1;0;7;0;1;3;-26,89145431;-52,93139935;SPRF-SC;DEL07-SC;UOP02-DEL07-SC
665081;04/03/2025;terça-feira;06:00:00;PE;101;48;ABREU E LIMA;Demais falhas mecânicas ou elétricas;Derramamento de carga;Sem Vítimas;Pleno dia;Decrescente;Céu Claro;Múltipla;Reta;Sim;1;0;0;0;1;0;0;1;-7,892062;-34,903328;SPRF-PE;DEL01-PE;UOP02-DEL01-PE
665086;04/03/2025;terça-feira;06:10:00;MS;158;175,8;APARECIDA DO TABOADO;Reação tardia ou ineficiente do condutor;Tombamento;Com Vítimas Feridas;Pleno dia;Decrescente;Céu Claro;Simples;"Curva;Aclive";Não;2;0;1;0;0;1;1;2;-20,23321754;-51,32697701;SPRF-MS;DEL08-MS;UOP01-DEL08-MS
665089;04/03/2025;terça-feira;08:25:00;MG;381;496;BETIM;Ausência de reação do condutor;Colisão traseira;Sem Vítimas;Pleno dia;Decrescente;Céu Claro;Dupla;Reta;Sim;2;0;0;0;1;1;0;2;-19,97577039;-44,1963612;SPRF-MG;DEL01-MG;UOP03-DEL01-MG
665094;04/03/2025;terça-feira;09:25:00;MG;381;501;BETIM;Ausência de reação do condutor;Colisão com objeto;Com Vítimas Feridas;Pleno dia;Decrescente;Céu Claro;Dupla;Reta;Sim;3;0;1;0;1;1;1;3;-20,01529062;-44,22065735;SPRF-MG;DEL01-MG;UOP03-DEL01-MG
665102;04/03/2025;terça-feira;11:10:00;MG;381;500,5;BETIM;Ausência de reação do condutor;Colisão traseira;Com Vítimas Feridas;Pleno dia;Decrescente;Céu Claro;Dupla;Reta;Não;3;0;1;0;2;0;1;2;-20,00948396;-44,21756744;SPRF-MG;DEL01-MG;UOP03-DEL01-MG
665117;04/03/2025;terça-feira;11:30:00;MA;135;236;PERITORO;Transitar na contramão;Colisão transversal;Com Vítimas Feridas;Pleno dia;Crescente;Céu Claro;Simples;Curva;Sim;2;0;1;0;0;1;1;2;-4,458098;-44,378275;SPRF-MA;DEL03-MA;UOP01-DEL03-MA
665120;04/03/2025;terça-feira;11:00:00;RO;364;564;ALTO PARAISO;Desrespeitar a preferência no cruzamento;Colisão transversal;Com Vítimas Feridas;Pleno dia;Crescente;Garoa/Chuvisco;Simples;"Reta;Declive";Não;7;0;2;2;2;3;4;5;-9,52643795;-63,07738066;SPRF-RO;DEL01-RO;UOP04-DEL01-RO
665128;04/03/2025;terça-feira;12:10:00;MG;381;812;CAREACU;Demais falhas mecânicas ou elétricas;Colisão com objeto;Com Vítimas Feridas;Pleno dia;Crescente;Sol;Dupla;Reta;Não;4;0;1;0;3;0;1;3;-21,99092653;-45,66606331;SPRF-MG;DEL16-MG;UOP02-DEL16-MG
665130;04/03/2025;terça-feira;10:10:00;MG;116;614;SAO JOAO DO MANHUACU;Condutor Dormindo;Tombamento;Com Vítimas Feridas;Pleno dia;Decrescente;Nublado;Simples;Aclive;Não;3;0;1;0;1;3;1;5;-20,41274527;-42,15185344;SPRF-MG;DEL07-MG;UOP02-DEL07-MG
665131;04/03/2025;terça-feira;14:00:00;PR;376;155,5;MANDAGUACU;Problema com o freio;Saída de leito carroçável;Com Vítimas Feridas;Pleno dia;Crescente;Sol;Dupla;Reta;Sim;2;0;1;0;1;0;1;1;-23,338029;-52,101174;SPRF-PR;DEL09-PR;UOP02-DEL09-PR
665143;04/03/2025;terça-feira;15:35:00;PR;277;299,4;PRUDENTOPOLIS;Transitar na contramão;Colisão frontal;Com Vítimas Fatais;Pleno dia;Decrescente;Céu Claro;Simples;Reta;Não;3;1;0;0;1;1;0;3;-25,297875;-51,140914;SPRF-PR;DEL08-PR;UOP01-DEL08-PR
665147;04/03/2025;terça-feira;14:57:00;MG;381;700,5;LAVRAS;Velocidade Incompatível;Colisão com objeto;Com Vítimas Feridas;Pleno dia;Crescente;Céu Claro;Dupla;"Curva;Declive";Não;8;0;1;2;4;2;3;5;-21,28741944;-45,14210105;SPRF-MG;DEL04-MG;UOP02-DEL04-MG
665153;04/03/2025;terça-feira;16:30:00;MG;365;683;MONTE ALEGRE DE MINAS;Reação tardia ou ineficiente do condutor;Colisão traseira;Com Vítimas Feridas;Pleno dia;Crescente;Sol;Dupla;Reta;Não;5;0;1;1;2;3;2;5;-18,85088681;-48,84167433;SPRF-MG;DEL15-MG;UOP01-DEL15-MG
665157;08/02/2025;sábado;16:00:00;MT;163;669;LUCAS DO RIO VERDE;Demais falhas mecânicas ou elétricas;Colisão lateral sentido oposto;Com Vítimas Feridas;Pleno dia;Decrescente;Chuva;Simples;Reta;Não;2;0;1;0;1;0;1;2;-13,2238;-56,0042;SPRF-MT;DEL06-MT;UOP01-DEL06-MT
665171;04/03/2025;terça-feira;16:50:00;MG;262;55,4;MANHUACU;Ultrapassagem Indevida;Colisão lateral sentido oposto;Com Vítimas Fatais;Pleno dia;Crescente;Nublado;Simples;"Aclive;Curva";Não;4;1;0;1;1;1;1;3;-20,263075;-42,177725;SPRF-MG;DEL06-MG;UOP03-DEL06-MG
665185;04/03/2025;terça-feira;17:20:00;MT;163;521,5;VARZEA GRANDE;Reação tardia ou ineficiente do condutor;Colisão traseira;Sem Vítimas;Anoitecer;Decrescente;Céu Claro;Simples;"Interseção de Vias;Rotatória;Reta";Sim;3;0;0;0;2;2;0;4;-15,667633;-56,182062;SPRF-MT;DEL01-MT;UOP01-DEL01-MT
665188;04/03/2025;terça-feira;14:35:00;SP;116;544;BARRA DO TURVO;Velocidade Incompatível;Tombamento;Com Vítimas Feridas;Pleno dia;Decrescente;Sol;Simples;"Declive;Curva";Não;1;0;1;0;0;0;1;1;-24,964432;-48,425576;SPRF-SP;DEL05-SP;UOP02-DEL05-SP
665202;04/03/2025;terça-feira;19:50:00;PR;116;27;CAMPINA GRANDE DO SUL;Acessar a via sem observar a presença dos outros veículos;Colisão lateral mesmo sentido;Com Vítimas Feridas;Plena Noite;Crescente;Céu Claro;Dupla;"Declive;Curva";Não;2;0;0;1;1;0;1;2;-25,10840189;-48,79505902;SPRF-PR;DEL01-PR;UOP02-DEL01-PR
665210;04/03/2025;terça-feira;20:30:00;BA;20;202;LUIS EDUARDO MAGALHAES;Velocidade Incompatível;Colisão lateral sentido oposto;Com Vítimas Feridas;Plena Noite;Decrescente;Céu Claro;Simples;Reta;Não;3;0;1;1;0;1;2;3;-12,179602;-45,824133;SPRF-BA;DEL10-BA;UOP01-DEL10-BA
665215;04/03/2025;terça-feira;18:50:00;AM;174;993;PRESIDENTE FIGUEIREDO;Condutor deixou de manter distância do veículo da frente;Colisão traseira;Com Vítimas Feridas;Plena Noite;Decrescente;Garoa/Chuvisco;Simples;"Declive;Reta";Não;4;0;2;0;1;1;2;3;-2,03315967;-60,02601385;SPRF-AM;DEL01-AM;UOP02-DEL01-AM
665216;04/03/2025;terça-feira;19:00:00;MG;50;92,8;UBERLANDIA;Demais falhas mecânicas ou elétricas;Incêndio;Sem Vítimas;Plena Noite;Crescente;Céu Claro;Dupla;Reta;Não;2;0;0;0;1;1;0;2;-19,05349532;-48,19548036;SPRF-MG;DEL15-MG;UOP01-DEL15-MG
665218;04/03/2025;terça-feira;20:54:00;ES;101;384;RIO NOVO DO SUL;Reação tardia ou ineficiente do condutor;Saída de leito carroçável;Com Vítimas Feridas;Plena Noite;Crescente;Nublado;Simples;Reta;Não;3;0;1;0;2;0;1;2;-20,82882201;-40,85716724;SPRF-ES;DEL03-ES;UOP01-DEL03-ES
665220;04/03/2025;terça-feira;17:00:00;SC;282;378,1;HERVAL DOESTE;Transitar na contramão;Colisão frontal;Com Vítimas Feridas;Pleno dia;Crescente;Céu Claro;Simples;"Curva;Declive";Não;4;0;2;1;0;1;3;3;-27,215657;-51,472575;SPRF-SC;DEL07-SC;UOP05-DEL07-SC
665222;10/02/2025;segunda-feira;03:00:00;SE;101;193;CRISTINAPOLIS;Velocidade Incompatível;Colisão com objeto;Com Vítimas Feridas;Plena Noite;Crescente;Chuva;Simples;Reta;Não;2;0;1;0;0;1;1;2;-11,44262788;-37,73258333;SPRF-SE;DEL02-SE;UOP03-DEL02-SE
665223;04/03/2025;terça-feira;20:30:00;PR;277;525,5;CANTAGALO;Condutor deixou de manter distância do veículo da frente;Colisão traseira;Com Vítimas Feridas;Plena Noite;Decrescente;Céu Claro;Dupla;"Aclive;Reta";Não;2;0;1;0;0;1;1;2;-25,3850703;-52,16173053;SPRF-PR;DEL04-PR;UOP04-DEL04-PR
665241;05/03/2025;quarta-feira;01:30:00;MT;163;614;NOVA MUTUM;Reação tardia ou ineficiente do condutor;Tombamento;Com Vítimas Feridas;Plena Noite;Decrescente;Chuva;Simples;"Em Obras;Curva";Não;2;0;1;0;0;1;1;2;-13,62730272;-56,03439331;SPRF-MT;DEL01-MT;UOP01-DEL01-MT
665244;05/03/2025;quarta-feira;00:10:00;PR;116;33;CAMPINA GRANDE DO SUL;Reação tardia ou ineficiente do condutor;Colisão com objeto;Com Vítimas Feridas;Plena Noite;Decrescente;Céu Claro;Dupla;"Curva;Declive";Não;2;0;1;0;0;1;1;2;-25,1068163;-48,8493208;SPRF-PR;DEL01-PR;UOP02-DEL01-PR
665248;05/03/2025;quarta-feira;04:45:00;PR;277;117,8;CAMPO LARGO;Manobra de mudança de faixa;Colisão lateral mesmo sentido;Com Vítimas Feridas;Plena Noite;Crescente;Céu Claro;Dupla;Reta;Não;4;0;2;0;1;1;2;2;-25,4433;-49,4623;SPRF-PR;DEL03-PR;UOP03-DEL03-PR
665254;05/03/2025;quarta-feira;05:30:00;SC;280;95,4;CORUPA;Transitar na contramão;Colisão lateral sentido oposto;Com Vítimas Feridas;Amanhecer;Crescente;Céu Claro;Simples;Declive;Não;4;0;2;0;2;0;2;2;-26,38227787;-49,3149662;SPRF-SC;DEL06-SC;UOP03-DEL06-SC
665257;05/03/2025;quarta-feira;05:25:00;PE;101;83;JABOATAO DOS GUARARAPES;Manobra de mudança de faixa;Colisão lateral mesmo sentido;Sem Vítimas;Pleno dia;Decrescente;Sol;Dupla;Reta;Não;2;0;0;0;1;1;0;2;-8,17786;-34,95598;SPRF-PE;DEL01-PE;UOP01-DEL01-PE
665260;05/03/2025;quarta-feira;06:45:00;RJ;356;41;ITAPERUNA;Estacionar ou parar em local proibido;Colisão traseira;Com Vítimas Feridas;Pleno dia;Crescente;Céu Claro;Simples;"Aclive;Curva";Não;2;0;0;1;1;0;1;2;-21,21804;-41,82793;SPRF-RJ;DEL08-RJ;UOP03-DEL08-RJ
665262;05/03/2025;quarta-feira;03:00:00;MT;70;170;GENERAL CARNEIRO;Condutor Dormindo;Tombamento;Com Vítimas Feridas;Plena Noite;Crescente;Garoa/Chuvisco;Simples;Reta;Não;2;0;1;0;1;0;1;1;-15,606127;-53,51264;SPRF-MT;DEL05-MT;UOP01-DEL05-MT
665269;05/03/2025;quarta-feira;07:30:00;MG;40;588;ITABIRITO;Velocidade Incompatível;Tombamento;Com Vítimas Feridas;Pleno dia;Decrescente;Céu Claro;Dupla;"Declive;Curva";Não;3;0;0;1;2;0;1;2;-20,351913;-43,912854;SPRF-MG;DEL01-MG;UOP02-DEL01-MG
665279;05/03/2025;quarta-feira;09:00:00;AL;101;208,2;SAO SEBASTIAO;Ultrapassagem Indevida;Colisão frontal;Com Vítimas Feridas;Pleno dia;Crescente;Céu Claro;Simples;Reta;Não;3;0;0;1;1;1;1;3;-9,992325;-36,590678;SPRF-AL;DEL02-AL;UOP02-DEL02-AL
665280;05/03/2025;quarta-feira;07:45:00;SC;101;43;JOINVILLE;Reação tardia ou ineficiente do condutor;Colisão traseira;Sem Vítimas;Pleno dia;Crescente;Céu Claro;Simples;"Reta;Aclive";Sim;2;0;0;0;2;0;0;2;-26,34026834;-48,85937691;SPRF-SC;DEL03-SC;UOP01-DEL03-SC
665283;05/03/2025;quarta-feira;04:23:00;MG;381;668,3;PERDOES;Velocidade Incompatível;Saída de leito carroçável;Com Vítimas Feridas;Plena Noite;Decrescente;Céu Claro;Dupla;Reta;Não;3;0;2;0;0;2;2;4;-21,05506615;-45,02928972;SPRF-MG;DEL04-MG;UOP02-DEL04-MG
665286;05/03/2025;quarta-feira;05:15:00;BA;349;920;CORRENTINA;Transitar na contramão;Colisão lateral sentido oposto;Com Vítimas Fatais;Pleno dia;Crescente;Céu Claro;Simples;Reta;Não;5;1;1;0;2;2;1;5;-13,394867;-44,553196;SPRF-BA;DEL10-BA;UOP02-DEL10-BA
665288;05/03/2025;quarta-feira;09:47:00;GO;60;116;TEREZOPOLIS DE GOIAS;Ausência de reação do condutor;Colisão traseira;Com Vítimas Feridas;Pleno dia;Decrescente;Céu Claro;Dupla;Declive;Não;3;0;2;0;1;0;2;2;-16,47658401;-49,08382416;SPRF-GO;DEL01-GO;UOP01-DEL01-GO
665296;05/03/2025;quarta-feira;08:50:00;PR;277;347;GUARAPUAVA;Demais falhas mecânicas ou elétricas;Eventos atípicos;Com Vítimas Feridas;Pleno dia;Decrescente;Céu Claro;Simples;Reta;Não;1;0;1;0;0;0;1;1;-25,3772649;-51,5050048;SPRF-PR;DEL08-PR;UOP01-DEL08-PR
665298;05/03/2025;quarta-feira;10:00:00;RS;392;71,3;PELOTAS;Carga excessiva e/ou mal acondicionada;Derramamento de carga;Sem Vítimas;Pleno dia;Decrescente;Céu Claro;Dupla;Viaduto;Não;1;0;0;0;1;0;0;1;-31,72545186;-52,38499582;SPRF-RS;DEL07-RS;UOP01-DEL07-RS
665302;05/03/2025;quarta-feira;10:30:00;MS;163;590;BANDEIRANTES;Reação tardia ou ineficiente do condutor;Saída de leito carroçável;Com Vítimas Feridas;Pleno dia;Crescente;Chuva;Dupla;Reta;Não;7;0;2;3;1;3;5;6;-19,568351;-54,420365;SPRF-MS;DEL06-MS;UOP02-DEL06-MS
665308;05/03/2025;quarta-feira;12:00:00;SP;116;155;SAO JOSE DOS CAMPOS;Reação tardia ou ineficiente do condutor;Colisão traseira;Com Vítimas Feridas;Pleno dia;Decrescente;Sol;Múltipla;"Aclive;Reta";Não;4;0;1;0;1;2;1;4;-23,231254;-45,9122974;SPRF-SP;DEL02-SP;UOP01-DEL02-SP
665320;05/03/2025;quarta-feira;13:40:00;RS;386;264;CANOAS;Reação tardia ou ineficiente do condutor;Colisão traseira;Com Vítimas Feridas;Pleno dia;Crescente;Sol;Dupla;Reta;Não;3;0;1;0;2;0;1;3;-29,91468273;-51,17765123;SPRF-RS;DEL04-RS;UOP03-DEL04-RS
665321;05/03/2025;quarta-feira;13:10:00;PB;101;86,3;JOAO PESSOA;Ausência de reação do condutor;Colisão traseira;Com Vítimas Feridas;Pleno dia;Decrescente;Céu Claro;Dupla;"Reta;Declive";Sim;3;0;1;0;0;2;1;2;-7,1537309;-34,9080506;SPRF-PB;DEL01-PB;UOP01-DEL01-PB
665322;05/03/2025;quarta-feira;12:55:00;MG;40;699,5;BARBACENA;Velocidade Incompatível;Tombamento;Com Vítimas Feridas;Pleno dia;Crescente;Céu Claro;Dupla;Interseção de Vias;Sim;2;0;1;0;0;1;1;2;-21,19995894;-43,74913931;SPRF-MG;DEL05-MG;UOP02-DEL05-MG
665323;05/03/2025;quarta-feira;13:30:00;MG;381;437;SABARA;Reação tardia ou ineficiente do condutor;Colisão traseira;Com Vítimas Feridas;Pleno dia;Crescente;Céu Claro;Simples;"Reta;Aclive";Não;4;0;1;0;3;0;1;2;-19,7989235;-43,7566717;SPRF-MG;DEL01-MG;UOP01-DEL01-MG
665326;04/03/2025;terça-feira;21:25:00;MS;163;130,2;NAVIRAI;Ausência de reação do condutor;Colisão com objeto;Sem Vítimas;Pleno dia;Decrescente;Céu Claro;Dupla;Reta;Não;2;0;0;0;1;1;0;2;-23,038001;-54,264416;SPRF-MS;DEL09-MS;UOP01-DEL09-MS