id;data_inversa;dia_semana;horario;uf;br;km;municipio;causa_acidente;tipo_acidente;classificacao_acidente;fase_dia;sentido_via;condicao_metereologica;tipo_pista;tracado_via;uso_solo;pessoas;mortos;feridos_leves;feridos_graves;ilesos;ignorados;feridos;veiculos;latitude;longitude;regional;delegacia;uop
665332;05/03/2025;quarta-feira;12:50:00;MG;381;580;CARMOPOLIS DE MINAS;Ausência de reação do condutor;Colisão traseira;Com Vítimas Fatais;Pleno dia;Crescente;Sol;Dupla;"Reta;Aclive";Não;2;1;0;0;1;0;0;2;-20,50796117;-44,61144676;SPRF-MG;DEL04-MG;UOP01-DEL04-MG
665335;10/02/2025;segunda-feira;01:05:00;RO;364;381;OURO PRETO DO OESTE;Transitar na contramão;Colisão frontal;Com Vítimas Fatais;Plena Noite;Crescente;Céu Claro;Simples;Curva;Não;2;1;0;0;1;0;0;2;-10,7277;-62,230684;SPRF-RO;DEL02-RO;UOP01-DEL02-RO
665338;05/03/2025;quarta-feira;15:45:00;PR;163;334;GUAIRA;Chuva;Saída de leito carroçável;Com Vítimas Feridas;Pleno dia;Decrescente;Chuva;Simples;Reta;Não;2;0;1;0;0;1;1;2;-24,16901036;-54,22197104;SPRF-PR;DEL06-PR;UOP01-DEL06-PR
665347;05/03/2025;quarta-feira;15:30:00;SC;101;48,3;JOINVILLE;Condutor deixou de manter distância do veículo da frente;Engavetamento;Com Vítimas Feridas;Pleno dia;Decrescente;Céu Claro;Dupla;"Declive;Reta";Não;6;0;3;0;3;0;3;3;-26,376825;-48,853286;SPRF-SC;DEL03-SC;UOP01-DEL03-SC
665350;05/03/2025;quarta-feira;12:00:00;MA;226;273;BARRA DO CORDA;Demais falhas mecânicas ou elétricas;Colisão frontal;Com Vítimas Fatais;Pleno dia;Decrescente;Céu Claro;Simples;Reta;Não;3;1;0;0;1;5;0;7;-5,44170586;-45,03879547;SPRF-MA;DEL06-MA;UOP01-DEL06-MA
665351;05/03/2025;quarta-feira;14:00:00;PE;101;129;ESCADA;Condutor deixou de manter distância do veículo da frente;Colisão traseira;Com Vítimas Feridas;Pleno dia;Crescente;Garoa/Chuvisco;Dupla;Reta;Sim;3;0;1;0;2;0;1;2;-8,385798;-35,251018;SPRF-PE;DEL01-PE;UOP03-DEL01-PE
665356;05/03/2025;quarta-feira;14:40:00;AL;101;37,4;JOAQUIM GOMES;Velocidade Incompatível;Tombamento;Com Vítimas Feridas;Pleno dia;Decrescente;Céu Claro;Dupla;Reta;Sim;1;0;0;1;0;0;1;1;-9,14423614;-35,76893091;SPRF-AL;DEL01-AL;UOP02-DEL01-AL
665358;05/03/2025;quarta-feira;16:15:00;MG;116;701,9;MURIAE;Acessar a via sem observar a presença dos outros veículos;Colisão transversal;Com Vítimas Feridas;Pleno dia;Decrescente;Sol;Simples;"Retorno Regulamentado;Curva";Sim;4;0;2;0;1;1;2;3;-21,1213455;-42,3798826;SPRF-MG;DEL07-MG;UOP02-DEL07-MG
665366;05/03/2025;quarta-feira;18:00:00;ES;101;391;RIO NOVO DO SUL;Condutor Dormindo;Tombamento;Com Vítimas Feridas;Anoitecer;Crescente;Céu Claro;Simples;Curva;Não;2;0;1;0;0;1;1;2;-20,86843613;-40,92750549;SPRF-ES;DEL03-ES;UOP02-DEL03-ES
665370;05/03/2025;quarta-feira;18:30:00;RS;116;257;ESTEIO;Manobra de mudança de faixa;Colisão lateral mesmo sentido;Com Vítimas Feridas;Anoitecer;Crescente;Céu Claro;Dupla;Reta;Não;3;0;1;0;1;1;1;3;-29,8526331;-51,1793984;SPRF-RS;DEL01-RS;UOP02-DEL01-RS
665371;05/03/2025;quarta-feira;14:45:00;GO;364;265;MINEIROS;Demais falhas mecânicas ou elétricas;Incêndio;Sem Vítimas;Pleno dia;Decrescente;Céu Claro;Simples;Reta;Não;2;0;0;0;1;1;0;2;-17,666057;-52,267623;SPRF-GO;DEL05-GO;UOP01-DEL05-GO
665372;05/03/2025;quarta-feira;14:22:00;PR;153;146,3;VENTANIA;Velocidade Incompatível;Colisão traseira;Com Vítimas Fatais;Pleno dia;Decrescente;Céu Claro;Simples;Curva;Não;3;1;0;0;1;2;0;4;-24,12783243;-50,23639619;SPRF-PR;DEL07-PR;UOP04-DEL07-PR
665385;05/03/2025;quarta-feira;16:50:00;BA;101;425;MARAU;Ultrapassagem Indevida;Colisão lateral mesmo sentido;Com Vítimas Feridas;Pleno dia;Crescente;Céu Claro;Simples;Curva;Não;3;0;0;1;2;0;1;3;-14,151617;-39,344016;SPRF-BA;DEL05-BA;UOP03-DEL05-BA
665390;05/03/2025;quarta-feira;16:50:00;RS;287;354,4;JAGUARI;Velocidade Incompatível;Tombamento;Com Vítimas Feridas;Pleno dia;Decrescente;Sol;Simples;"Declive;Curva";Não;2;0;0;1;0;2;1;3;-29,482498;-54,689705;SPRF-RS;DEL12-RS;UOP02-DEL12-RS
665394;05/03/2025;quarta-feira;20:30:00;MG;381;451;SABARA;Conversão proibida;Colisão transversal;Com Vítimas Feridas;Plena Noite;Decrescente;Nublado;Simples;"Reta;Declive";Sim;3;0;0;1;1;1;1;3;-19,834401;-43,850882;SPRF-MG;DEL01-MG;UOP01-DEL01-MG
665395;05/03/2025;quarta-feira;19:00:00;MT;364;583;NOBRES;Chuva;Saída de leito carroçável;Com Vítimas Feridas;Plena Noite;Crescente;Chuva;Dupla;"Declive;Reta";Não;2;0;1;0;0;3;1;4;-14,5600621;-56,2208306;SPRF-MT;DEL01-MT;UOP01-DEL01-MT
665396;05/03/2025;quarta-feira;19:40:00;ES;101;14;SERRA;Iluminação deficiente;Tombamento;Com Vítimas Feridas;Plena Noite;Crescente;Nublado;Dupla;Reta;Não;2;0;1;0;0;1;1;2;-20,19630937;-40,33422947;SPRF-ES;DEL02-ES;UOP01-DEL02-ES
665398;05/03/2025;quarta-feira;20:40:00;RS;287;254;SANTA MARIA;Reação tardia ou ineficiente do condutor;Colisão com objeto;Sem Vítimas;Plena Noite;Decrescente;Céu Claro;Dupla;"Reta;Ponte";Sim;2;0;0;0;1;2;0;3;-29,68758;-53,90519;SPRF-RS;DEL09-RS;UOP01-DEL09-RS
665413;05/03/2025;quarta-feira;20:10:00;MA;316;401,2;ALTO ALEGRE DO MARANHAO;Acessar a via sem observar a presença dos outros veículos;Colisão transversal;Com Vítimas Feridas;Plena Noite;Decrescente;Céu Claro;Simples;Reta;Sim;3;0;1;0;1;2;1;4;-4,206265;-44,453103;SPRF-MA;DEL03-MA;UOP01-DEL03-MA
665417;05/03/2025;quarta-feira;22:30:00;PR;277;191;PALMEIRA;Ultrapassagem Indevida;Colisão frontal;Com Vítimas Feridas;Plena Noite;Decrescente;Céu Claro;Simples;Curva;Não;5;0;1;0;3;1;1;3;-25,43211322;-50,15155792;SPRF-PR;DEL08-PR;UOP02-DEL08-PR
665423;06/03/2025;quinta-feira;00:40:00;PE;101;116,9;IPOJUCA;Afundamento ou ondulação no pavimento;Saída de leito carroçável;Com Vítimas Fatais;Plena Noite;Crescente;Céu Claro;Dupla;Reta;Não;2;1;0;0;0;1;0;2;-8,34366;-35,14562;SPRF-PE;DEL01-PE;UOP03-DEL01-PE
665425;06/03/2025;quinta-feira;01:50:00;SP;116;78;ROSEIRA;Demais falhas mecânicas ou elétricas;Colisão com objeto;Com Vítimas Feridas;Plena Noite;Decrescente;Céu Claro;Dupla;Reta;Sim;7;0;2;0;4;2;2;6;-22,89123899;-45,29036468;SPRF-SP;DEL08-SP;UOP01-DEL08-SP
665428;06/03/2025;quinta-feira;04:15:00;SC;101;149,4;ITAPEMA;Condutor deixou de manter distância do veículo da frente;Colisão traseira;Com Vítimas Feridas;Plena Noite;Crescente;Nublado;Dupla;Reta;Sim;2;0;1;0;0;1;1;2;-27,11161509;-48,61117601;SPRF-SC;DEL04-SC;UOP03-DEL04-SC
665429;06/03/2025;quinta-feira;04:19:00;MS;163;358,2;NOVA ALVORADA DO SUL;Ausência de reação do condutor;Saída de leito carroçável;Com Vítimas Feridas;Plena Noite;Crescente;Céu Claro;Simples;Reta;Não;1;0;0;1;0;0;1;1;-21,52305835;-54,40391659;SPRF-MS;DEL02-MS;UOP01-DEL02-MS
665432;06/03/2025;quinta-feira;03:15:00;SP;116;22,5;LAVRINHAS;Condutor Dormindo;Saída de leito carroçável;Com Vítimas Feridas;Plena Noite;Decrescente;Céu Claro;Dupla;Reta;Não;2;0;1;0;0;1;1;2;-22,58527918;-44,87997285;SPRF-SP;DEL08-SP;UOP02-DEL08-SP
665433;06/03/2025;quinta-feira;02:10:00;SC;282;83,1;ALFREDO WAGNER;Velocidade Incompatível;Tombamento;Com Vítimas Feridas;Pleno dia;Crescente;Céu Claro;Simples;"Declive;Curva";Não;3;0;2;0;0;1;2;2;-27,667387;-49,175035;SPRF-SC;DEL01-SC;UOP03-DEL01-SC
665434;06/03/2025;quinta-feira;04:20:00;MG;40;477,3;SETE LAGOAS;Carga excessiva e/ou mal acondicionada;Derramamento de carga;Com Vítimas Feridas;Plena Noite;Crescente;Céu Claro;Dupla;"Reta;Declive";Não;7;0;1;0;5;1;1;7;-19,52213168;-44,2647869;SPRF-MG;DEL02-MG;UOP01-DEL02-MG
665436;05/03/2025;quarta-feira;21:40:00;MG;365;357,8;VARJAO DE MINAS;Reação tardia ou ineficiente do condutor;Colisão lateral sentido oposto;Com Vítimas Feridas;Plena Noite;Decrescente;Céu Claro;Simples;"Aclive;Reta";Não;3;0;1;0;1;1;1;3;-18,487059;-46,098028;SPRF-MG;DEL10-MG;UOP01-DEL10-MG
665437;06/03/2025;quinta-feira;06:19:00;PB;230;12;CABEDELO;Acesso irregular;Colisão transversal;Com Vítimas Feridas;Pleno dia;Crescente;Céu Claro;Dupla;Retorno Regulamentado;Sim;2;0;1;0;1;0;1;2;-7,073214;-34,849836;SPRF-PB;DEL01-PB;UOP01-DEL01-PB
665445;06/03/2025;quinta-feira;07:20:00;SC;470;53,9;BLUMENAU;Trafegar com motocicleta (ou similar) entre as faixas;Colisão transversal;Com Vítimas Feridas;Pleno dia;Crescente;Céu Claro;Simples;Curva;Sim;2;0;1;0;1;0;1;2;-26,87111905;-49,10923004;SPRF-SC;DEL04-SC;UOP01-DEL04-SC
665463;06/03/2025;quinta-feira;08:30:00;MG;40;487;SETE LAGOAS;Reação tardia ou ineficiente do condutor;Colisão traseira;Com Vítimas Feridas;Pleno dia;Crescente;Céu Claro;Dupla;Reta;Não;3;0;1;0;1;1;1;3;-19,4744438;-44,2918789;SPRF-MG;DEL02-MG;UOP01-DEL02-MG
665464;06/03/2025;quinta-feira;08:55:00;PR;116;48;CAMPINA GRANDE DO SUL;Acessar a via sem observar a presença dos outros veículos;Colisão transversal;Com Vítimas Feridas;Pleno dia;Crescente;Céu Claro;Dupla;Curva;Não;4;0;2;0;1;1;2;3;-25,215325;-48,902915;SPRF-PR;DEL01-PR;UOP02-DEL01-PR
665479;06/03/2025;quinta-feira;08:40:00;PR;373;190,1;PONTA GROSSA;Manobra de mudança de faixa;Colisão lateral mesmo sentido;Com Vítimas Feridas;Pleno dia;Crescente;Sol;Simples;Reta;Não;4;0;1;0;2;1;1;4;-25,05510365;-50,3393662;SPRF-PR;DEL03-PR;UOP01-DEL03-PR
665480;06/03/2025;quinta-feira;06:50:00;MG;116;23;CACHOEIRA DE PAJEU;Demais falhas na via;Tombamento;Com Vítimas Feridas;Pleno dia;Crescente;Chuva;Simples;"Declive;Curva";Não;2;0;1;0;0;1;1;2;-15,863785;-41,42643;SPRF-BA;DEL08-BA;UOP03-DEL08-BA
665482;06/03/2025;quinta-feira;08:34:00;MG;381;630;OLIVEIRA;Ausência de reação do condutor;Saída de leito carroçável;Com Vítimas Feridas;Pleno dia;Decrescente;Sol;Dupla;"Declive;Curva";Não;1;0;1;0;0;0;1;1;-20,829186;-44,811979;SPRF-MG;DEL04-MG;UOP01-DEL04-MG
665484;06/03/2025;quinta-feira;09:30:00;SP;116;326;JUQUITIBA;Mal súbito do condutor;Colisão traseira;Com Vítimas Feridas;Pleno dia;Decrescente;Sol;Dupla;Reta;Sim;2;0;1;0;1;0;1;2;-23,93750254;-47,06501529;SPRF-SP;DEL04-SP;UOP03-DEL04-SP
665492;06/03/2025;quinta-feira;09:40:00;PR;376;0;SAO JOSE DOS PINHAIS;Reação tardia ou ineficiente do condutor;Colisão traseira;Sem Vítimas;Pleno dia;Decrescente;Céu Claro;Dupla;"Interseção de Vias;Reta";Sim;2;0;0;0;1;1;0;2;-25,56806239;-49,18220758;SPRF-PR;DEL01-PR;UOP04-DEL01-PR
665493;06/03/2025;quinta-feira;10:00:00;RO;364;517;ARIQUEMES;Acessar a via sem observar a presença dos outros veículos;Colisão transversal;Com Vítimas Feridas;Pleno dia;Decrescente;Céu Claro;Simples;"Interseção de Vias;Reta;Rotatória";Sim;3;0;1;0;1;1;1;3;-9,904565;-63,055825;SPRF-RO;DEL03-RO;UOP01-DEL03-RO
665495;06/03/2025;quinta-feira;10:30:00;MG;365;649;UBERLANDIA;Condutor deixou de manter distância do veículo da frente;Colisão lateral mesmo sentido;Com Vítimas Feridas;Pleno dia;Crescente;Céu Claro;Dupla;"Declive;Reta";Não;3;0;1;0;1;1;1;3;-18,88000499;-48,49669933;SPRF-MG;DEL15-MG;UOP01-DEL15-MG
665504;06/03/2025;quinta-feira;12:35:00;GO;60;315;ACREUNA;Reação tardia ou ineficiente do condutor;Colisão traseira;Com Vítimas Feridas;Pleno dia;Decrescente;Nublado;Dupla;Reta;Não;3;0;0;2;1;0;2;2;-17,466053;-50,435847;SPRF-GO;DEL04-GO;UOP02-DEL04-GO
665506;06/03/2025;quinta-feira;07:15:00;MS;163;575,2;BANDEIRANTES;Acesso irregular;Atropelamento de Pedestre;Com Vítimas Feridas;Pleno dia;Decrescente;Céu Claro;Simples;"Rotatória;Reta;Interseção de Vias";Sim;4;0;1;0;1;2;1;3;-19,679834;-54,350328;SPRF-MS;DEL01-MS;UOP02-DEL01-MS
665515;06/03/2025;quinta-feira;12:30:00;SP;116;157;SAO JOSE DOS CAMPOS;Reação tardia ou ineficiente do condutor;Colisão com objeto;Com Vítimas Feridas;Pleno dia;Crescente;Céu Claro;Dupla;Reta;Sim;2;0;1;0;0;1;1;2;-23,25511507;-45,94335359;SPRF-SP;DEL02-SP;UOP01-DEL02-SP
665517;06/03/2025;quinta-feira;13:30:00;SE;235;69,3;FREI PAULO;Demais falhas mecânicas ou elétricas;Colisão com objeto;Com Vítimas Fatais;Pleno dia;Crescente;Céu Claro;Simples;Reta;Não;5;1;0;2;0;3;2;4;-10,56558333;-37,51188889;SPRF-SE;DEL01-SE;UOP02-DEL01-SE
665518;06/03/2025;quinta-feira;12:00:00;MG;381;809;CAREACU;Reação tardia ou ineficiente do condutor;Colisão traseira;Com Vítimas Feridas;Pleno dia;Decrescente;Céu Claro;Dupla;Curva;Não;3;0;1;0;1;1;1;3;-21,98731049;-45,6605511;SPRF-MG;DEL16-MG;UOP02-DEL16-MG
665520;06/03/2025;quinta-feira;14:30:00;CE;116;27,9;AQUIRAZ;Ausência de reação do condutor;Colisão lateral mesmo sentido;Com Vítimas Feridas;Pleno dia;Decrescente;Céu Claro;Dupla;Reta;Sim;3;0;1;0;2;0;1;3;-3,99027928;-38,51596355;SPRF-CE;DEL01-CE;UOP02-DEL01-CE
665525;06/03/2025;quinta-feira;08:00:00;MA;230;133;PASTOS BONS;Transitar na contramão;Colisão transversal;Com Vítimas Feridas;Pleno dia;Decrescente;Chuva;Simples;Curva;Não;3;0;1;0;1;5;1;7;-6,581743;-44,013542;SPRF-MA;DEL05-MA;UOP01-DEL05-MA
665527;06/03/2025;quinta-feira;13:45:00;RJ;493;3;ITABORAI;Condutor deixou de manter distância do veículo da frente;Colisão traseira;Com Vítimas Feridas;Pleno dia;Decrescente;Céu Claro;Dupla;"Declive;Reta";Sim;6;0;1;0;4;1;1;4;-22,75248038;-42,94180804;SPRF-RJ;DEL02-RJ;UOP02-DEL02-RJ
665533;06/03/2025;quinta-feira;15:15:00;SP;116;199,9;ARUJA;Demais falhas mecânicas ou elétricas;Colisão com objeto;Com Vítimas Feridas;Pleno dia;Decrescente;Céu Claro;Dupla;"Reta;Declive";Não;1;0;1;0;0;0;1;1;-23,4025867;-46,3153917;SPRF-SP;DEL01-SP;UOP01-DEL01-SP
665537;06/03/2025;quinta-feira;14:45:00;RS;448;10;CANOAS;Transitar no Acostamento;Colisão traseira;Com Vítimas Feridas;Pleno dia;Crescente;Céu Claro;Simples;Reta;Não;3;0;1;0;1;1;1;3;-29,88308526;-51,23834074;SPRF-RS;DEL01-RS;UOP01-DEL01-RS
665542;06/03/2025;quinta-feira;15:48:00;RS;392;5,6;RIO GRANDE;Conversão proibida;Colisão transversal;Com Vítimas Feridas;Pleno dia;Decrescente;Céu Claro;Simples;"Reta;Interseção de Vias";Sim;3;0;0;1;2;0;1;2;-32,07800443;-52,10258348;SPRF-RS;DEL07-RS;UOP02-DEL07-RS
665554;06/03/2025;quinta-feira;17:00:00;PR;476;177,7;CONTENDA;Ausência de reação do condutor;Colisão com objeto;Com Vítimas Fatais;Pleno dia;Crescente;Sol;Simples;Curva;Não;5;2;0;0;1;2;0;3;-25,70203996;-49,5753336;SPRF-PR;DEL01-PR;UOP06-DEL01-PR
665557;06/03/2025;quinta-feira;17:40:00;MG;381;942;EXTREMA;Acessar a via sem observar a presença dos outros veículos;Colisão lateral mesmo sentido;Sem Vítimas;Pleno dia;Decrescente;Céu Claro;Múltipla;Rotatória;Sim;4;0;0;0;3;1;0;3;-22,8335709;-46,3169908;SPRF-MG;DEL16-MG;UOP03-DEL16-MG
665558;06/03/2025;quinta-feira;17:10:00;MG;381;451,2;SABARA;Acessar a via sem observar a presença dos outros veículos;Colisão transversal;Com Vítimas Feridas;Pleno dia;Decrescente;Sol;Simples;"Curva;Retorno Regulamentado";Sim;4;0;1;0;2;1;1;4;-19,8341342;-43,84860277;SPRF-MG;DEL01-MG;UOP01-DEL01-MG
665562;06/03/2025;quinta-feira;17:45:00;BA;324;515;FEIRA DE SANTANA;Acessar a via sem observar a presença dos outros veículos;Colisão transversal;Com Vítimas Feridas;Pleno dia;Crescente;Céu Claro;Simples;Interseção de Vias;Sim;3;0;1;0;1;1;1;3;-12,24097758;-38,9383328;SPRF-BA;DEL02-BA;UOP01-DEL02-BA
665568;06/03/2025;quinta-feira;17:50:00;RS;470;217;BENTO GONCALVES;Manobra de mudança de faixa;Colisão lateral mesmo sentido;Sem Vítimas;Pleno dia;Decrescente;Céu Claro;Simples;Curva;Sim;2;0;0;0;2;0;0;2;-29,17641684;-51,52113676;SPRF-RS;DEL06-RS;UOP01-DEL06-RS
665570;06/03/2025;quinta-feira;16:45:00;BA;116;403;FEIRA DE SANTANA;Velocidade Incompatível;Tombamento;Com Vítimas Feridas;Pleno dia;Decrescente;Nublado;Simples;"Aclive;Viaduto;Curva";Não;2;0;1;0;0;1;1;2;-12,05558608;-38,96862721;SPRF-BA;DEL02-BA;UOP01-DEL02-BA
665571;06/03/2025;quinta-feira;18:30:00;DF;20;20,7;BRASILIA;Chuva;Colisão traseira;Com Vítimas Feridas;Plena Noite;Decrescente;Chuva;Dupla;Reta;Sim;2;0;1;0;1;0;1;2;-15,6000355;-47,67444492;SPRF-DF;DEL02-DF;UOP01-DEL02-DF
665572;19/02/2025;quarta-feira;05:15:00;AL;101;152;JEQUIA DA PRAIA;Demais falhas mecânicas ou elétricas;Incêndio;Sem Vítimas;Amanhecer;Crescente;Céu Claro;Dupla;Reta;Não;2;0;0;0;1;1;0;2;-9,88974591;-36,16761599;SPRF-AL;DEL02-AL;UOP02-DEL02-AL
665586;11/02/2025;terça-feira;06:30:00;MT;364;636;DIAMANTINO;Acumulo de água sobre o pavimento;Saída de leito carroçável;Sem Vítimas;Pleno dia;Crescente;Chuva;Simples;Reta;Não;2;0;0;0;0;3;0;3;-14,37879592;-56,37227995;SPRF-MT;DEL01-MT;UOP01-DEL01-MT
665589;06/03/2025;quinta-feira;19:30:00;RS;116;144,7;CAXIAS DO SUL;Manobra de mudança de faixa;Colisão lateral mesmo sentido;Sem Vítimas;Plena Noite;Decrescente;Céu Claro;Dupla;Viaduto;Sim;2;0;0;0;2;0;0;2;-29,13256627;-51,12915874;SPRF-RS;DEL05-RS;UOP01-DEL05-RS
665593;06/03/2025;quinta-feira;19:50:00;MG;262;449,2;NOVA SERRANA;Ultrapassagem Indevida;Colisão lateral sentido oposto;Com Vítimas Feridas;Plena Noite;Crescente;Céu Claro;Simples;Reta;Não;4;0;2;0;0;2;2;4;-19,852803;-45,024158;SPRF-MG;DEL08-MG;UOP03-DEL08-MG
665604;06/03/2025;quinta-feira;20:00:00;MG;40;582;ITABIRITO;Pedestre andava na pista;Atropelamento de Pedestre;Com Vítimas Fatais;Plena Noite;Crescente;Céu Claro;Simples;"Aclive;Curva";Não;3;1;0;0;1;1;0;3;-20,312871;-43,934691;SPRF-MG;DEL01-MG;UOP02-DEL01-MG
665609;06/03/2025;quinta-feira;13:30:00;MA;135;171,2;SAO MATEUS DO MARANHAO;Condutor deixou de manter distância do veículo da frente;Colisão traseira;Com Vítimas Feridas;Pleno dia;Decrescente;Chuva;Simples;Reta;Não;4;0;0;1;2;1;1;3;-3,939037;-44,480126;SPRF-MA;DEL03-MA;UOP01-DEL03-MA
665613;06/03/2025;quinta-feira;20:20:00;MG;40;77,5;PARACATU;Animais na Pista;Atropelamento de Animal;Com Vítimas Feridas;Plena Noite;Decrescente;Céu Claro;Simples;Reta;Não;7;0;3;2;1;1;5;3;-17,446117;-46,688231;SPRF-MG;DEL14-MG;UOP01-DEL14-MG
665620;07/03/2025;sexta-feira;00:10:00;GO;153;598;MORRINHOS;Condutor Dormindo;Saída de leito carroçável;Com Vítimas Feridas;Plena Noite;Decrescente;Céu Claro;Dupla;"Interseção de Vias;Viaduto";Não;2;0;1;0;0;2;1;3;-17,52479;-49,21498;SPRF-GO;DEL03-GO;UOP01-DEL03-GO
665622;06/03/2025;quinta-feira;22:55:00;SC;101;280;IMBITUBA;Ausência de reação do condutor;Colisão traseira;Com Vítimas Feridas;Plena Noite;Crescente;Garoa/Chuvisco;Dupla;Reta;Não;3;0;0;1;1;2;1;4;-28,19445157;-48,69739195;SPRF-SC;DEL02-SC;UOP03-DEL02-SC
665624;07/03/2025;sexta-feira;00:00:00;RJ;116;64;TERESOPOLIS;Acumulo de areia ou detritos sobre o pavimento;Saída de leito carroçável;Com Vítimas Fatais;Plena Noite;Decrescente;Céu Claro;Simples;Curva;Não;3;1;0;0;1;1;0;3;-22,26330652;-42,92388912;SPRF-RJ;DEL04-RJ;UOP01-DEL04-RJ
665626;07/03/2025;sexta-feira;01:35:00;SP;116;169;JACAREI;Reação tardia ou ineficiente do condutor;Colisão traseira;Sem Vítimas;Plena Noite;Crescente;Céu Claro;Dupla;Reta;Não;3;0;0;0;2;1;0;3;-23,306758;-46,03987098;SPRF-SP;DEL02-SP;UOP01-DEL02-SP
665627;07/03/2025;sexta-feira;02:50:00;RO;364;434;JARU;Curva acentuada;Saída de leito carroçável;Com Vítimas Feridas;Plena Noite;Decrescente;Céu Claro;Simples;Curva;Não;2;0;1;0;0;3;1;4;-10,37516001;-62,55499363;SPRF-RO;DEL03-RO;UOP02-DEL03-RO
665629;07/03/2025;sexta-feira;03:45:00;PB;101;76,7;SANTA RITA;Condutor Dormindo;Saída de leito carroçável;Sem Vítimas;Plena Noite;Decrescente;Chuva;Dupla;Reta;Não;1;0;0;0;1;0;0;1;-7,09653;-34,966723;SPRF-PB;DEL01-PB;UOP03-DEL01-PB
665631;06/03/2025;quinta-feira;22:30:00;MT;364;494;JANGADA;Ausência de reação do condutor;Atropelamento de Pedestre;Com Vítimas Feridas;Plena Noite;Decrescente;Céu Claro;Simples;Reta;Sim;2;0;0;1;0;1;1;2;-15,23599296;-56,49272919;SPRF-MT;DEL01-MT;UOP01-DEL01-MT
665632;07/03/2025;sexta-feira;00:10:00;MG;267;21,5;ARGIRITA;Velocidade Incompatível;Tombamento;Com Vítimas Feridas;Plena Noite;Crescente;Nublado;Simples;"Declive;Curva";Não;3;0;1;2;0;0;3;2;-21,59274447;-42,78538272;SPRF-MG;DEL07-MG;UOP01-DEL07-MG
665633;07/03/2025;sexta-feira;03:50:00;MT;163;520;DIAMANTINO;Ausência de reação do condutor;Tombamento;Com Vítimas Feridas;Plena Noite;Decrescente;Céu Claro;Dupla;Reta;Não;2;0;1;0;0;2;1;3;-14,39344827;-56,1157608;SPRF-MT;DEL01-MT;UOP01-DEL01-MT
665637;07/03/2025;sexta-feira;05:50:00;PE;232;57;POMBOS;Reação tardia ou ineficiente do condutor;Saída de leito carroçável;Com Vítimas Feridas;Pleno dia;Decrescente;Nublado;Dupla;Curva;Sim;2;0;0;1;0;1;1;2;-8,1407064;-35,3811903;SPRF-PE;DEL02-PE;UOP02-DEL02PE
665642;07/03/2025;sexta-feira;06:50:00;SC;101;193,9;BIGUACU;Reação tardia ou ineficiente do condutor;Colisão traseira;Com Vítimas Feridas;Pleno dia;Crescente;Céu Claro;Dupla;Reta;Sim;4;0;1;0;2;2;1;5;-27,4983;-48,6568;SPRF-SC;DEL01-SC;UOP01-DEL01-SC
665643;07/03/2025;sexta-feira;06:00:00;PR;277;205;PALMEIRA;Condutor Dormindo;Saída de leito carroçável;Com Vítimas Feridas;Amanhecer;Decrescente;Céu Claro;Simples;Reta;Não;4;0;1;0;3;0;1;1;-25,44303483;-50,17830759;SPRF-PR;DEL08-PR;UOP02-DEL08-PR
665650;06/03/2025;quinta-feira;14:45:00;GO;153;374,5;SAO FRANCISCO DE GOIAS;Reação tardia ou ineficiente do condutor;Saída de leito carroçável;Com Vítimas Feridas;Pleno dia;Crescente;Céu Claro;Simples;Reta;Não;1;0;1;0;0;0;1;1;-15,88581665;-49,2427337;SPRF-GO;DEL02-GO;UOP02-DEL02-GO
665656;07/03/2025;sexta-feira;07:40:00;GO;153;507,9;HIDROLANDIA;Ausência de reação do condutor;Colisão traseira;Com Vítimas Feridas;Pleno dia;Decrescente;Céu Claro;Dupla;"Reta;Aclive";Sim;3;0;2;0;1;0;2;2;-16,9218327;-49,2525965;SPRF-GO;DEL01-GO;UOP03-DEL01-GO
665659;07/03/2025;sexta-feira;04:08:00;RJ;40;113;DUQUE DE CAXIAS;Demais falhas mecânicas ou elétricas;Incêndio;Sem Vítimas;Amanhecer;Decrescente;Céu Claro;Simples;"Reta;Aclive";Não;1;0;0;0;0;1;0;1;-22,71166798;-43,28994669;SPRF-RJ;DEL01-RJ;UOP02-DEL01-RJ
665661;07/03/2025;sexta-feira;07:14:00;PE;232;409;SERRA TALHADA;Desrespeitar a preferência no cruzamento;Colisão transversal;Com Vítimas Feridas;Pleno dia;Decrescente;Céu Claro;Simples;"Reta;Interseção de Vias";Sim;4;0;0;1;2;2;1;4;-7,982213;-38,296255;SPRF-PE;DEL04-PE;UOP01-DEL04-PE
665668;07/03/2025;sexta-feira;05:40:00;PB;230;137,9;MASSARANDUBA;Ausência de reação do condutor;Tombamento;Com Vítimas Feridas;Pleno dia;Decrescente;Nublado;Dupla;"Declive;Curva";Não;5;0;3;0;0;3;3;4;-7,271185;-35,786283;SPRF-PB;DEL02-PB;UOP01-DEL02-PB
665670;07/03/2025;sexta-feira;08:40:00;RS;290;42,9;GLORINHA;Condutor deixou de manter distância do veículo da frente;Colisão traseira;Com Vítimas Feridas;Pleno dia;Crescente;Sol;Múltipla;Reta;Não;2;0;1;0;1;0;1;2;-29,889478;-50,688038;SPRF-RS;DEL03-RS;UOP01-DEL03-RS
665674;07/03/2025;sexta-feira;03:30:00;MG;381;720,9;CARMO DA CACHOEIRA;Ausência de reação do condutor;Colisão com objeto;Com Vítimas Fatais;Plena Noite;Decrescente;Céu Claro;Dupla;"Declive;Curva";Não;2;1;0;0;0;1;0;2;-21,43255694;-45,21071434;SPRF-MG;DEL04-MG;UOP02-DEL04-MG