id;data_inversa;dia_semana;horario;uf;br;km;municipio;causa_acidente;tipo_acidente;classificacao_acidente;fase_dia;sentido_via;condicao_metereologica;tipo_pista;tracado_via;uso_solo;pessoas;mortos;feridos_leves;feridos_graves;ilesos;ignorados;feridos;veiculos;latitude;longitude;regional;delegacia;uop
665676;07/03/2025;sexta-feira;07:44:00;PE;232;31;MORENO;Demais falhas mecânicas ou elétricas;Incêndio;Sem Vítimas;Pleno dia;Crescente;Céu Claro;Dupla;Curva;Não;1;0;0;0;1;0;0;1;-8,10973;-35,15695;SPRF-PE;DEL01-PE;UOP01-DEL01-PE
665687;06/03/2025;quinta-feira;15:00:00;PR;153;482;GENERAL CARNEIRO;Reação tardia ou ineficiente do condutor;Tombamento;Com Vítimas Feridas;Pleno dia;Decrescente;Céu Claro;Simples;Reta;Não;2;0;0;1;0;1;1;2;-26,377618;-51,2611674;SPRF-PR;DEL02-PR;UOP03-DEL02-PR
665690;07/03/2025;sexta-feira;06:20:00;PR;277;46,9;MORRETES;Demais falhas mecânicas ou elétricas;Incêndio;Sem Vítimas;Amanhecer;Crescente;Nublado;Dupla;Reta;Não;2;0;0;0;1;2;0;3;-25,5925224;-48,9135897;SPRF-PR;DEL01-PR;UOP05-DEL01-PR
665701;07/03/2025;sexta-feira;11:00:00;RJ;116;78;TERESOPOLIS;Acessar a via sem observar a presença dos outros veículos;Colisão traseira;Com Vítimas Feridas;Pleno dia;Crescente;Céu Claro;Simples;Reta;Sim;2;0;1;0;0;1;1;2;-22,371621;-42,95201;SPRF-RJ;DEL04-RJ;UOP01-DEL04-RJ
665708;06/03/2025;quinta-feira;10:30:00;MA;230;498,8;RIACHAO;Velocidade Incompatível;Saída de leito carroçável;Sem Vítimas;Pleno dia;Decrescente;Céu Claro;Simples;"Declive;Curva";Não;1;0;0;0;1;0;0;1;-7,4348;-46,809883;SPRF-MA;DEL05-MA;UOP01-DEL05-MA
665709;07/03/2025;sexta-feira;11:20:00;TO;153;497;PARAISO DO TOCANTINS;Acessar a via sem observar a presença dos outros veículos;Colisão transversal;Com Vítimas Feridas;Pleno dia;Crescente;Sol;Simples;Reta;Sim;2;0;1;0;1;0;1;2;-10,17645915;-48,8802284;SPRF-TO;DEL01-TO;UOP01-DEL01-TO
665728;06/03/2025;quinta-feira;22:05:00;PR;476;315,1;PAULO FRONTIN;Carga excessiva e/ou mal acondicionada;Tombamento;Com Vítimas Feridas;Plena Noite;Decrescente;Céu Claro;Simples;Curva;Não;3;0;1;0;1;2;1;4;-26,03413;-50,69839;SPRF-PR;DEL02-PR;UOP03-DEL02-PR
665730;07/03/2025;sexta-feira;12:50:00;RN;304;302;PARNAMIRIM;Manobra de mudança de faixa;Colisão lateral mesmo sentido;Com Vítimas Feridas;Pleno dia;Decrescente;Céu Claro;Dupla;"Aclive;Curva";Não;3;0;1;0;2;0;1;3;-5,8909832;-35,265833;SPRF-RN;DEL01-RN;UOP02-DEL01-RN
665732;07/03/2025;sexta-feira;12:55:00;MG;40;454;CAETANOPOLIS;Ingestão de álcool pelo condutor;Eventos atípicos;Sem Vítimas;Pleno dia;Decrescente;Céu Claro;Dupla;Reta;Sim;4;0;0;0;3;1;0;4;-19,2903;-44,4245;SPRF-MG;DEL02-MG;UOP01-DEL02-MG
665736;07/03/2025;sexta-feira;13:00:00;MG;153;47,1;CANAPOLIS;Condutor Dormindo;Saída de leito carroçável;Com Vítimas Feridas;Pleno dia;Crescente;Céu Claro;Dupla;Reta;Não;2;0;1;0;0;3;1;4;-18,763433;-49,074912;SPRF-MG;DEL15-MG;UOP03-DEL15-MG
665738;07/03/2025;sexta-feira;12:00:00;MS;60;337;CAMPO GRANDE;Ausência de reação do condutor;Colisão lateral sentido oposto;Com Vítimas Feridas;Pleno dia;Crescente;Céu Claro;Simples;"Declive;Curva";Não;3;0;1;0;1;3;1;5;-20,373743;-54,667947;SPRF-MS;DEL01-MS;UOP02-DEL01-MS
665742;07/03/2025;sexta-feira;13:00:00;BA;116;735;BOA NOVA;Conversão proibida;Colisão frontal;Com Vítimas Feridas;Pleno dia;Crescente;Céu Claro;Simples;Interseção de Vias;Não;2;0;1;0;1;0;1;2;-14,35158978;-40,33444947;SPRF-BA;DEL08-BA;UOP02-DEL08-BA
665743;07/02/2025;sexta-feira;14:40:00;RJ;101;208;CASIMIRO DE ABREU;Ultrapassagem Indevida;Colisão transversal;Com Vítimas Feridas;Pleno dia;Decrescente;Céu Claro;Simples;Reta;Não;10;0;0;1;8;1;1;5;-22,4806698;-42,22017209;SPRF-RJ;DEL08-RJ;UOP04-DEL08-RJ
665745;07/03/2025;sexta-feira;13:00:00;MG;40;354,8;FELIXLANDIA;Transitar na contramão;Eventos atípicos;Com Vítimas Feridas;Pleno dia;Decrescente;Sol;Simples;Reta;Não;2;0;0;1;1;0;1;2;-18,730005;-44,891875;SPRF-MG;DEL02-MG;UOP01-DEL02-MG
665746;07/03/2025;sexta-feira;13:50:00;SC;101;257,9;PAULO LOPES;Reação tardia ou ineficiente do condutor;Colisão traseira;Com Vítimas Feridas;Pleno dia;Crescente;Céu Claro;Dupla;Reta;Não;3;0;0;1;1;2;1;4;-28,00463659;-48,69448006;SPRF-SC;DEL02-SC;UOP03-DEL02-SC
665748;07/03/2025;sexta-feira;13:50:00;PE;101;44,1;IGARASSU;Manobra de mudança de faixa;Colisão lateral mesmo sentido;Com Vítimas Feridas;Pleno dia;Crescente;Sol;Múltipla;Reta;Sim;3;0;1;0;1;1;1;3;-7,858;-34,908;SPRF-PE;DEL01-PE;UOP02-DEL01-PE
665750;07/03/2025;sexta-feira;14:00:00;PR;272;367,8;CAMPO MOURAO;Condutor deixou de manter distância do veículo da frente;Colisão traseira;Sem Vítimas;Pleno dia;Decrescente;Céu Claro;Dupla;Reta;Sim;3;0;0;0;2;1;0;3;-24,052666;-52,406113;SPRF-PR;DEL09-PR;UOP03-DEL09-PR
665752;07/03/2025;sexta-feira;09:00:00;RO;421;40;MONTE NEGRO;Reação tardia ou ineficiente do condutor;Saída de leito carroçável;Com Vítimas Feridas;Pleno dia;Decrescente;Chuva;Simples;Reta;Não;1;0;0;1;0;0;1;1;-10,20608714;-63,24202538;SPRF-RO;DEL03-RO;UOP01-DEL03-RO
665757;07/03/2025;sexta-feira;15:15:00;RS;116;28;VACARIA;Transitar na contramão;Colisão transversal;Sem Vítimas;Pleno dia;Crescente;Céu Claro;Simples;Reta;Não;3;0;0;0;3;0;0;3;-28,4884992;-50,921472;SPRF-RS;DEL05-RS;UOP03-DEL05-RS
665759;07/03/2025;sexta-feira;13:00:00;RJ;116;275;BARRA MANSA;Manobra de mudança de faixa;Colisão lateral mesmo sentido;Com Vítimas Feridas;Pleno dia;Crescente;Céu Claro;Dupla;Curva;Não;3;0;1;0;1;1;1;3;-22,56076971;-44,15430437;SPRF-RJ;DEL07-RJ;UOP02-DEL07-RJ
665767;07/03/2025;sexta-feira;14:10:00;SC;101;119;ITAJAI;Reação tardia ou ineficiente do condutor;Colisão traseira;Com Vítimas Feridas;Pleno dia;Decrescente;Céu Claro;Múltipla;Reta;Sim;3;0;2;0;1;0;2;2;-26,91240606;-48,71204233;SPRF-SC;DEL04-SC;UOP04-DEL04-SC
665769;07/03/2025;sexta-feira;15:40:00;PR;116;110;CURITIBA;Reação tardia ou ineficiente do condutor;Engavetamento;Com Vítimas Feridas;Pleno dia;Decrescente;Céu Claro;Dupla;Reta;Sim;4;0;1;0;2;2;1;5;-25,55858707;-49,26773787;SPRF-PR;DEL01-PR;UOP03-DEL01-PR
665770;07/03/2025;sexta-feira;16:15:00;TO;153;722,5;FIGUEIROPOLIS;Condutor deixou de manter distância do veículo da frente;Colisão traseira;Com Vítimas Feridas;Pleno dia;Crescente;Sol;Simples;Reta;Sim;3;0;0;1;1;4;1;6;-12,13719423;-49,16925477;SPRF-TO;DEL01-TO;UOP02-DEL01-TO
665771;07/03/2025;sexta-feira;12:50:00;MG;116;608;SAO JOAO DO MANHUACU;Reação tardia ou ineficiente do condutor;Colisão frontal;Com Vítimas Feridas;Pleno dia;Crescente;Nublado;Simples;"Reta;Aclive";Não;2;0;2;0;0;0;2;2;-20,40563426;-42,15193056;SPRF-MG;DEL06-MG;UOP03-DEL06-MG
665779;07/03/2025;sexta-feira;18:00:00;SE;101;90;NOSSA SENHORA DO SOCORRO;Demais falhas mecânicas ou elétricas;Colisão com objeto;Sem Vítimas;Plena Noite;Decrescente;Céu Claro;Dupla;"Reta;Aclive";Não;1;0;0;0;1;0;0;1;-10,9064;-37,1197;SPRF-SE;DEL01-SE;UOP01-DEL01-SE
665780;07/03/2025;sexta-feira;17:38:00;MT;364;364;SANTO ANTONIO DO LEVERGER;Chuva;Saída de leito carroçável;Com Vítimas Feridas;Anoitecer;Decrescente;Chuva;Dupla;"Reta;Declive";Não;1;0;0;1;0;0;1;1;-15,739243;-55,664038;SPRF-MT;DEL01-MT;UOP02-DEL01-MT
665781;02/01/2025;quinta-feira;17:20:00;RJ;101;384;RIO DE JANEIRO;Manobra de mudança de faixa;Colisão lateral mesmo sentido;Com Vítimas Feridas;Pleno dia;Decrescente;Céu Claro;Dupla;Reta;Não;3;0;1;0;1;1;1;3;-22,87911609;-43,62323999;SPRF-RJ;DEL03-RJ;UOP01-DEL03-RJ
665790;07/03/2025;sexta-feira;18:15:00;PI;343;346,8;TERESINA;Transitar na contramão;Colisão frontal;Com Vítimas Fatais;Plena Noite;Crescente;Nublado;Simples;"Reta;Ponte";Sim;4;1;0;0;3;0;0;2;-5,114692;-42,778288;SPRF-PI;DEL01-PI;UOP01-DEL01-PI
665794;07/03/2025;sexta-feira;17:00:00;MT;70;277;PRIMAVERA DO LESTE;Acessar a via sem observar a presença dos outros veículos;Colisão transversal;Com Vítimas Feridas;Pleno dia;Decrescente;Céu Claro;Simples;Reta;Sim;5;0;2;0;2;1;2;2;-15,55383;-54,262612;SPRF-MT;DEL05-MT;UOP01-DEL05-MT
665797;07/03/2025;sexta-feira;19:45:00;PR;116;146;MANDIRITUBA;Transitar na contramão;Colisão frontal;Com Vítimas Feridas;Plena Noite;Crescente;Céu Claro;Simples;Reta;Não;10;0;9;0;0;2;9;7;-25,820747;-49,334195;SPRF-PR;DEL01-PR;UOP03-DEL01-PR
665814;07/03/2025;sexta-feira;16:40:00;SC;163;70,8;SAO MIGUEL DO OESTE;Reação tardia ou ineficiente do condutor;Colisão lateral mesmo sentido;Com Vítimas Feridas;Pleno dia;Decrescente;Céu Claro;Dupla;"Reta;Interseção de Vias";Sim;4;0;1;0;2;1;1;3;-26,7297954;-53,51137692;SPRF-SC;DEL07-SC;UOP03-DEL07-SC
665815;15/02/2025;sábado;10:40:00;RJ;116;128;MAGE;Carga excessiva e/ou mal acondicionada;Tombamento;Sem Vítimas;Pleno dia;Decrescente;Sol;Dupla;"Curva;Aclive";Não;3;0;0;0;2;1;0;3;-22,6657139;-43,10092001;SPRF-RJ;DEL04-RJ;UOP02-DEL04-RJ
665819;07/03/2025;sexta-feira;17:30:00;PA;316;34;SANTA IZABEL DO PARA;Ausência de reação do condutor;Colisão traseira;Sem Vítimas;Anoitecer;Decrescente;Céu Claro;Dupla;Reta;Sim;2;0;0;0;2;0;0;2;-1,28924465;-48,15428317;SPRF-PA;DEL01-PA;UOP01-DEL01-PA
665824;07/03/2025;sexta-feira;20:55:00;MG;116;326,7;CAMPANARIO;Condutor Dormindo;Colisão frontal;Com Vítimas Feridas;Plena Noite;Decrescente;Céu Claro;Simples;Reta;Não;3;0;0;1;1;1;1;3;-18,21305684;-41,71710423;SPRF-MG;DEL11-MG;UOP01-DEL11-MG
665835;07/03/2025;sexta-feira;18:30:00;TO;153;126;WANDERLANDIA;Acesso irregular;Colisão transversal;Com Vítimas Feridas;Plena Noite;Decrescente;Nublado;Simples;Reta;Não;3;0;1;0;1;2;1;4;-7,0310141;-48,10238242;SPRF-TO;DEL02-TO;UOP01-DEL02-TO
665837;07/03/2025;sexta-feira;13:30:00;MA;226;244;BARRA DO CORDA;Ausência de reação do condutor;Colisão lateral mesmo sentido;Com Vítimas Feridas;Pleno dia;Crescente;Céu Claro;Simples;Reta;Não;3;0;0;1;1;3;1;5;-5,48834838;-45,2048922;SPRF-MA;DEL06-MA;UOP01-DEL06-MA
665839;07/03/2025;sexta-feira;21:05:00;MT;70;238;POXOREU;Ausência de reação do condutor;Colisão lateral sentido oposto;Com Vítimas Feridas;Plena Noite;Decrescente;Céu Claro;Simples;Reta;Não;4;0;2;1;0;1;3;3;-15,625748;-54,011657;SPRF-MT;DEL05-MT;UOP01-DEL05-MT
665840;07/03/2025;sexta-feira;23:20:00;CE;20;341,9;CARIDADE;Demais falhas mecânicas ou elétricas;Incêndio;Sem Vítimas;Plena Noite;Crescente;Céu Claro;Simples;Reta;Não;2;0;0;0;1;1;0;2;-4,140461;-39,095551;SPRF-CE;DEL02-CE;UOP01-DEL02-CE
665843;08/03/2025;sábado;00:10:00;DF;60;3,9;BRASILIA;Ingestão de álcool pelo condutor;Colisão traseira;Sem Vítimas;Plena Noite;Decrescente;Céu Claro;Dupla;"Reta;Aclive";Sim;3;0;0;0;3;0;0;3;-15,89286;-48,094735;SPRF-DF;DEL03-DF;UOP01-DEL03-DF
665846;08/03/2025;sábado;01:40:00;GO;40;97,8;CRISTALINA;Reação tardia ou ineficiente do condutor;Colisão transversal;Com Vítimas Feridas;Plena Noite;Decrescente;Céu Claro;Simples;"Aclive;Reta";Sim;3;0;1;0;2;0;1;2;-16,769142;-47,591878;SPRF-DF;DEL01-DF;UOP02-DEL01-DF
665849;08/03/2025;sábado;00:20:00;MT;163;548;DIAMANTINO;Ingestão de álcool pelo condutor;Saída de leito carroçável;Sem Vítimas;Plena Noite;Crescente;Céu Claro;Simples;"Em Obras;Desvio Temporário";Não;2;0;0;0;1;3;0;4;-14,241619;-56,123349;SPRF-MT;DEL01-MT;UOP01-DEL01-MT
665853;08/03/2025;sábado;03:45:00;MG;381;767;CAMPANHA;Reação tardia ou ineficiente do condutor;Colisão traseira;Com Vítimas Feridas;Plena Noite;Decrescente;Céu Claro;Dupla;Curva;Não;3;0;0;1;1;1;1;3;-21,74809;-45,38796;SPRF-MG;DEL16-MG;UOP02-DEL16-MG
665857;08/03/2025;sábado;00:20:00;SC;153;54;VARGEM BONITA;Ausência de reação do condutor;Colisão frontal;Com Vítimas Feridas;Plena Noite;Crescente;Céu Claro;Simples;"Reta;Ponte";Não;2;0;0;1;1;0;1;2;-26,9377572;-51,81949496;SPRF-SC;DEL07-SC;UOP07-DEL07-SC
665859;08/03/2025;sábado;03:00:00;PR;277;308,8;GUARAPUAVA;Reação tardia ou ineficiente do condutor;Colisão lateral sentido oposto;Com Vítimas Feridas;Plena Noite;Crescente;Céu Claro;Simples;Curva;Não;5;0;2;0;2;2;2;4;-25,31247133;-51,20378428;SPRF-PR;DEL08-PR;UOP01-DEL08-PR
665860;08/03/2025;sábado;03:00:00;DF;60;29,3;BRASILIA;Reação tardia ou ineficiente do condutor;Colisão com objeto;Sem Vítimas;Plena Noite;Decrescente;Céu Claro;Dupla;Curva;Sim;3;0;0;0;2;3;0;5;-15,9286818;-48,1678314;SPRF-DF;DEL03-DF;UOP01-DEL03-DF
665862;07/03/2025;sexta-feira;23:00:00;MT;70;60;BARRA DO GARCAS;Ingestão de álcool pelo condutor;Capotamento;Com Vítimas Feridas;Plena Noite;Decrescente;Céu Claro;Simples;Reta;Não;2;0;1;0;0;2;1;3;-15,700622;-52,679525;SPRF-MT;DEL07-MT;UOP01-DEL07-MT
665875;08/03/2025;sábado;06:30:00;SP;116;410;JUQUIA;Demais falhas mecânicas ou elétricas;Incêndio;Sem Vítimas;Pleno dia;Decrescente;Céu Claro;Dupla;Reta;Não;2;0;0;0;1;2;0;3;-24,32969654;-47,61779308;SPRF-SP;DEL05-SP;UOP01-DEL05-SP
665878;08/03/2025;sábado;06:30:00;MG;381;342;JOAO MONLEVADE;Ausência de reação do condutor;Colisão lateral sentido oposto;Com Vítimas Feridas;Pleno dia;Crescente;Sol;Simples;"Reta;Aclive";Não;4;0;1;1;1;3;2;6;-19,8499848;-43,1510399;SPRF-MG;DEL03-MG;UOP01-DEL03-MG
665879;08/03/2025;sábado;03:26:00;PE;408;79,2;PAUDALHO;Condutor Dormindo;Colisão com objeto;Sem Vítimas;Plena Noite;Decrescente;Nublado;Dupla;Reta;Não;1;0;0;0;1;0;0;1;-7,96625;-35,0923;SPRF-PE;DEL01-PE;UOP01-DEL01-PE
665883;07/03/2025;sexta-feira;23:35:00;SP;116;545;BARRA DO TURVO;Reação tardia ou ineficiente do condutor;Tombamento;Com Vítimas Feridas;Plena Noite;Decrescente;Céu Claro;Simples;"Curva;Declive";Não;2;0;1;0;0;1;1;2;-24,963015;-48,428177;SPRF-SP;DEL05-SP;UOP02-DEL05-SP
665886;24/01/2025;sexta-feira;03:50:00;PI;316;306;PICOS;Ausência de reação do condutor;Saída de leito carroçável;Com Vítimas Feridas;Plena Noite;Crescente;Nublado;Simples;"Curva;Declive";Sim;1;0;0;1;0;0;1;1;-7,07700699;-41,50959795;SPRF-PI;DEL04-PI;UOP01-DEL04-PI
665887;08/03/2025;sábado;05:05:00;MG;116;530,7;CARATINGA;Ingestão de substâncias psicoativas pelo condutor;Colisão lateral sentido oposto;Com Vítimas Fatais;Amanhecer;Crescente;Céu Claro;Simples;Reta;Não;3;1;0;0;2;0;0;2;-19,816687;-42,136218;SPRF-MG;DEL06-MG;UOP02-DEL06-MG
665888;08/03/2025;sábado;07:00:00;TO;153;119,5;WANDERLANDIA;Demais falhas mecânicas ou elétricas;Incêndio;Sem Vítimas;Pleno dia;Decrescente;Céu Claro;Simples;Curva;Não;2;0;0;0;1;1;0;2;-7,0352416;-48,1044772;SPRF-TO;DEL02-TO;UOP01-DEL02-TO
665891;26/02/2025;quarta-feira;15:20:00;BA;242;519;OLIVEIRA DOS BREJINHOS;Ultrapassagem Indevida;Saída de leito carroçável;Com Vítimas Feridas;Pleno dia;Decrescente;Céu Claro;Simples;Reta;Não;3;0;1;0;1;1;1;2;-12,307081;-42,61531;SPRF-BA;DEL06-BA;UOP01-DEL06-BA
665896;08/03/2025;sábado;06:45:00;MS;163;151,2;JUTI;Reação tardia ou ineficiente do condutor;Saída de leito carroçável;Com Vítimas Feridas;Pleno dia;Crescente;Céu Claro;Simples;"Aclive;Reta";Não;2;0;1;1;0;0;2;1;-22,957601;-54,438889;SPRF-MS;DEL09-MS;UOP01-DEL09-MS
665897;08/03/2025;sábado;02:40:00;MT;70;586;NOSSA SENHORA DO LIVRAMENTO;Transitar na contramão;Colisão frontal;Com Vítimas Fatais;Plena Noite;Decrescente;Céu Claro;Simples;Curva;Não;4;1;0;1;1;1;1;3;-15,79505132;-56,68630958;SPRF-MT;DEL03-MT;UOP02-DEL03-MT
665900;08/03/2025;sábado;07:30:00;GO;70;6;AGUAS LINDAS DE GOIAS;Reação tardia ou ineficiente do condutor;Colisão com objeto;Com Vítimas Feridas;Pleno dia;Decrescente;Céu Claro;Múltipla;Reta;Sim;2;0;0;1;0;1;1;2;-15,74037033;-48,2714653;SPRF-DF;DEL03-DF;UOP02-DEL03-DF
665911;08/03/2025;sábado;09:00:00;BA;101;382;IBIRAPITANGA;Velocidade Incompatível;Tombamento;Com Vítimas Feridas;Pleno dia;Crescente;Nublado;Simples;"Declive;Curva";Não;2;0;1;0;0;1;1;2;-13,882853;-39,487402;SPRF-BA;DEL05-BA;UOP03-DEL05-BA
665912;08/03/2025;sábado;09:55:00;ES;101;268;SERRA;Acessar a via sem observar a presença dos outros veículos;Colisão lateral mesmo sentido;Com Vítimas Feridas;Pleno dia;Crescente;Céu Claro;Dupla;Retorno Regulamentado;Sim;2;0;1;0;0;1;1;2;-20,0488474;-40,3866959;SPRF-ES;DEL02-ES;UOP01-DEL02-ES
665924;08/03/2025;sábado;10:47:00;ES;101;288,9;CARIACICA;Condutor deixou de manter distância do veículo da frente;Colisão traseira;Sem Vítimas;Pleno dia;Crescente;Nublado;Simples;Reta;Sim;4;0;0;0;3;1;0;4;-20,27907962;-40,39276069;SPRF-ES;DEL01-ES;UOP01-DEL01-ES
665925;08/03/2025;sábado;05:10:00;MS;267;359,4;MARACAJU;Demais falhas mecânicas ou elétricas;Colisão lateral sentido oposto;Sem Vítimas;Pleno dia;Decrescente;Céu Claro;Simples;Reta;Não;3;0;0;0;2;3;0;5;-21,646238;-55,1031;SPRF-MS;DEL02-MS;UOP02-DEL02-MS
665929;08/03/2025;sábado;12:50:00;SP;116;307;SAO LOURENCO DA SERRA;Manobra de mudança de faixa;Colisão lateral mesmo sentido;Com Vítimas Feridas;Pleno dia;Crescente;Céu Claro;Dupla;Curva;Não;3;0;2;0;0;1;2;2;-23,85788413;-46,94255145;SPRF-SP;DEL04-SP;UOP01-DEL04-SP
665933;08/03/2025;sábado;13:00:00;CE;116;500,2;BREJO SANTO;Ultrapassagem Indevida;Colisão frontal;Com Vítimas Fatais;Pleno dia;Crescente;Sol;Simples;"Reta;Aclive";Sim;3;1;0;0;1;1;0;3;-7,472803;-38,979349;SPRF-CE;DEL05-CE;UOP03-DEL05-CE
665936;08/03/2025;sábado;12:15:00;MS;163;664;RIO VERDE DE MATO GROSSO;Demais falhas mecânicas ou elétricas;Colisão com objeto;Com Vítimas Feridas;Pleno dia;Crescente;Nublado;Simples;Aclive;Não;3;0;1;0;1;1;1;2;-19,0489639;-54,8074641;SPRF-MS;DEL06-MS;UOP02-DEL06-MS
665940;08/03/2025;sábado;09:20:00;MG;116;172;GOVERNADOR VALADARES;Ultrapassagem Indevida;Colisão traseira;Com Vítimas Feridas;Pleno dia;Crescente;Céu Claro;Simples;Reta;Não;7;0;4;1;2;0;5;3;-18,966099;-42,082286;SPRF-MG;DEL11-MG;UOP02-DEL11-MG
665941;08/03/2025;sábado;11:55:00;PR;373;179;PONTA GROSSA;Acesso irregular;Colisão frontal;Com Vítimas Feridas;Pleno dia;Decrescente;Céu Claro;Simples;Reta;Sim;4;0;3;0;1;0;3;3;-25,04587135;-50,23676582;SPRF-PR;DEL03-PR;UOP01-DEL03-PR
665944;08/03/2025;sábado;12:10:00;GO;60;333;SANTO ANTONIO DA BARRA;Demais falhas mecânicas ou elétricas;Incêndio;Sem Vítimas;Pleno dia;Crescente;Sol;Dupla;Reta;Não;2;0;0;0;1;3;0;4;-17,53970576;-50,57092667;SPRF-GO;DEL04-GO;UOP02-DEL04-GO
665950;08/03/2025;sábado;08:00:00;MA;135;16;SAO LUIS;Ausência de reação do condutor;Colisão traseira;Sem Vítimas;Pleno dia;Decrescente;Céu Claro;Dupla;Reta;Sim;1;0;0;0;0;1;0;1;-2,70556;-44,312332;SPRF-MA;DEL01-MA;UOP01-DEL01-MA
665959;08/03/2025;sábado;13:40:00;SP;116;41,3;CACHOEIRA PAULISTA;Mal súbito do condutor;Saída de leito carroçável;Com Vítimas Feridas;Pleno dia;Decrescente;Sol;Dupla;"Reta;Declive";Não;2;0;1;0;0;1;1;2;-22,68989388;-45,01905441;SPRF-SP;DEL08-SP;UOP02-DEL08-SP
665964;08/03/2025;sábado;14:38:00;PR;376;349;ORTIGUEIRA;Acessar a via sem observar a presença dos outros veículos;Colisão transversal;Com Vítimas Feridas;Pleno dia;Crescente;Sol;Simples;Reta;Não;3;0;1;0;1;1;1;2;-24,19852186;-50,95138896;SPRF-PR;DEL07-PR;UOP02-DEL07-PR
665976;08/03/2025;sábado;12:45:00;MS;267;589,1;CARACOL;Demais falhas mecânicas ou elétricas;Incêndio;Sem Vítimas;Pleno dia;Crescente;Sol;Simples;Curva;Não;2;0;0;0;1;1;0;2;-21,73207;-57,01684;SPRF-MS;DEL05-MS;UOP01-DEL05-MS
665978;08/03/2025;sábado;15:45:00;MS;158;97,3;PARANAIBA;Acessar a via sem observar a presença dos outros veículos;Colisão lateral mesmo sentido;Com Vítimas Feridas;Pleno dia;Decrescente;Céu Claro;Dupla;Rotatória;Sim;4;0;2;0;1;2;2;4;-19,69533446;-51,18014568;SPRF-MS;DEL08-MS;UOP01-DEL08-MS
665983;08/03/2025;sábado;13:45:00;MG;381;364;JOAO MONLEVADE;Reação tardia ou ineficiente do condutor;Capotamento;Com Vítimas Feridas;Pleno dia;Crescente;Céu Claro;Simples;"Curva;Aclive";Não;1;0;0;1;0;0;1;1;-19,8549331;-43,217128;SPRF-MG;DEL03-MG;UOP01-DEL03-MG
665984;08/03/2025;sábado;16:00:00;MG;365;662,5;MONTE ALEGRE DE MINAS;Ausência de reação do condutor;Saída de leito carroçável;Com Vítimas Feridas;Pleno dia;Decrescente;Céu Claro;Dupla;Reta;Não;2;0;1;0;0;1;1;2;-18,892487;-48,664823;SPRF-MG;DEL15-MG;UOP01-DEL15-MG
665989;08/03/2025;sábado;16:55:00;BA;101;385;IBIRAPITANGA;Velocidade Incompatível;Capotamento;Com Vítimas Fatais;Pleno dia;Crescente;Céu Claro;Simples;Curva;Não;1;1;0;0;0;0;0;1;-13,908873;-39,480525;SPRF-BA;DEL05-BA;UOP03-DEL05-BA
665994;08/03/2025;sábado;17:15:00;RJ;101;209;CASIMIRO DE ABREU;Chuva;Tombamento;Com Vítimas Feridas;Anoitecer;Decrescente;Chuva;Dupla;Curva;Não;2;0;2;0;0;0;2;1;-22,48258208;-42,22475052;SPRF-RJ;DEL08-RJ;UOP04-DEL08-RJ
665997;08/03/2025;sábado;16:40:00;MG;381;849,2;POUSO ALEGRE;Demais falhas mecânicas ou elétricas;Derramamento de carga;Sem Vítimas;Pleno dia;Decrescente;Nublado;Dupla;Curva;Não;2;0;0;0;1;1;0;2;-22,23201316;-45,87598199;SPRF-MG;DEL16-MG;UOP01-DEL16-MG
666012;08/03/2025;sábado;20:50:00;RS;386;306,6;POUSO NOVO;Velocidade Incompatível;Tombamento;Com Vítimas Feridas;Plena Noite;Decrescente;Céu Claro;Simples;"Declive;Curva";Não;2;0;0;1;0;1;1;2;-29,1983534;-52,18222618;SPRF-RS;DEL04-RS;UOP01-DEL04-RS
666019;08/03/2025;sábado;20:10:00;RJ;40;117;DUQUE DE CAXIAS;Reação tardia ou ineficiente do condutor;Colisão traseira;Com Vítimas Feridas;Plena Noite;Decrescente;Céu Claro;Múltipla;Reta;Sim;4;0;1;0;2;1;1;3;-22,75629483;-43,28744472;SPRF-RJ;DEL01-RJ;UOP02-DEL01-RJ
666021;08/03/2025;sábado;20:50:00;RJ;101;48,8;CAMPOS DOS GOYTACAZES;Transitar na contramão;Colisão lateral sentido oposto;Com Vítimas Feridas;Plena Noite;Decrescente;Céu Claro;Simples;Reta;Não;4;0;1;1;1;1;2;4;-21,61663918;-41,31533146;SPRF-RJ;DEL08-RJ;UOP01-DEL08-RJ
666022;08/03/2025;sábado;21:00:00;TO;153;677;GURUPI;Ultrapassagem Indevida;Colisão frontal;Com Vítimas Feridas;Plena Noite;Crescente;Céu Claro;Dupla;"Aclive;Reta";Não;4;0;0;2;2;0;2;4;-11,75712764;-49,09168741;SPRF-TO;DEL01-TO;UOP02-DEL01-TO
666026;08/03/2025;sábado;19:02:00;CE;222;108;ITAPAJE;Transitar na contramão;Colisão frontal;Com Vítimas Feridas;Plena Noite;Crescente;Nublado;Simples;Reta;Não;2;0;0;1;1;0;1;2;-3,761278;-39,483806;SPRF-CE;DEL04-CE;UOP03-DEL04-CE
666030;08/03/2025;sábado;20:45:00;PR;277;530,6;GUARANIACU;Reação tardia ou ineficiente do condutor;Colisão traseira;Com Vítimas Feridas;Plena Noite;Decrescente;Céu Claro;Simples;Reta;Sim;4;0;1;0;1;2;1;3;-25,09608146;-52,9646873;SPRF-PR;DEL04-PR;UOP04-DEL04-PR
666031;08/03/2025;sábado;19:23:00;SC;116;140;SANTA CECILIA;Transitar na contramão;Colisão frontal;Com Vítimas Feridas;Plena Noite;Decrescente;Céu Claro;Simples;"Reta;Aclive";Não;3;0;0;1;1;1;1;3;-26,964351;-50,4114;SPRF-SC;DEL06-SC;UOP02-DEL06-SC