id;data_inversa;dia_semana;horario;uf;br;km;municipio;causa_acidente;tipo_acidente;classificacao_acidente;fase_dia;sentido_via;condicao_metereologica;tipo_pista;tracado_via;uso_solo;pessoas;mortos;feridos_leves;feridos_graves;ilesos;ignorados;feridos;veiculos;latitude;longitude;regional;delegacia;uop
666439;10/03/2025;segunda-feira;18:50:00;SP;116;145,3;SAO JOSE DOS CAMPOS;Reação tardia ou ineficiente do condutor;Colisão lateral mesmo sentido;Sem Vítimas;Plena Noite;Crescente;Céu Claro;Dupla;Reta;Sim;3;0;0;0;2;1;0;3;-23,18699125;-45,85549409;SPRF-SP;DEL02-SP;UOP01-DEL02-SP
666443;13/02/2025;quinta-feira;02:00:00;RJ;116;261,9;PINHEIRAL;Ausência de reação do condutor;Colisão traseira;Com Vítimas Feridas;Plena Noite;Decrescente;Céu Claro;Dupla;Reta;Não;5;0;1;0;3;3;1;7;-22,58476877;-44,05026905;SPRF-RJ;DEL07-RJ;UOP02-DEL07-RJ
666445;10/03/2025;segunda-feira;18:42:00;PE;232;330;CUSTODIA;Transitar na contramão;Colisão frontal;Com Vítimas Feridas;Plena Noite;Crescente;Céu Claro;Simples;Reta;Sim;3;0;0;1;1;1;1;3;-8,08958;-37,614088;SPRF-PE;DEL04-PE;UOP02-DEL04-PE
666446;10/03/2025;segunda-feira;19:20:00;MG;262;802;UBERABA;Reação tardia ou ineficiente do condutor;Saída de leito carroçável;Com Vítimas Feridas;Plena Noite;Decrescente;Nublado;Dupla;"Reta;Declive";Sim;2;0;2;0;0;0;2;1;-19,770736;-47,906961;SPRF-MG;DEL13-MG;UOP01-DEL13-MG
666447;10/03/2025;segunda-feira;15:30:00;GO;452;35;SANTA HELENA DE GOIAS;Reação tardia ou ineficiente do condutor;Tombamento;Sem Vítimas;Pleno dia;Crescente;Céu Claro;Simples;"Ponte;Reta;Declive";Não;2;0;0;0;1;3;0;4;-17,915282;-50,598595;SPRF-GO;DEL04-GO;UOP01-DEL04-GO
666448;10/03/2025;segunda-feira;18:00:00;GO;153;571;PROFESSOR JAMIL;Afundamento ou ondulação no pavimento;Tombamento;Com Vítimas Feridas;Anoitecer;Crescente;Céu Claro;Dupla;Reta;Não;2;0;1;0;0;1;1;2;-17,19476554;-49,20880973;SPRF-GO;DEL03-GO;UOP01-DEL03-GO
666455;10/03/2025;segunda-feira;14:50:00;RO;364;402;OURO PRETO DO OESTE;Ultrapassagem Indevida;Colisão lateral mesmo sentido;Com Vítimas Feridas;Pleno dia;Decrescente;Sol;Simples;Reta;Não;7;0;4;0;2;1;4;3;-10,60594473;-62,34294891;SPRF-RO;DEL03-RO;UOP02-DEL03-RO
666461;10/03/2025;segunda-feira;20:15:00;MG;116;715;MURIAE;Chuva;Colisão com objeto;Com Vítimas Feridas;Plena Noite;Crescente;Chuva;Simples;"Declive;Curva";Não;1;0;0;1;0;0;1;1;-21,16775355;-42,37090241;SPRF-MG;DEL07-MG;UOP02-DEL07-MG
666463;10/03/2025;segunda-feira;18:56:00;PR;376;188,3;MARIALVA;Desrespeitar a preferência no cruzamento;Colisão transversal;Com Vítimas Feridas;Plena Noite;Decrescente;Céu Claro;Dupla;Reta;Sim;3;0;1;0;2;0;1;2;-23,4583464;-51,8419093;SPRF-PR;DEL09-PR;UOP01-DEL09-PR
666469;10/03/2025;segunda-feira;21:00:00;SC;101;105;PENHA;Iluminação deficiente;Atropelamento de Pedestre;Com Vítimas Feridas;Plena Noite;Decrescente;Nublado;Múltipla;Reta;Não;3;0;0;1;1;1;1;3;-26,80337388;-48,6786443;SPRF-SC;DEL03-SC;UOP02-DEL03-SC
666470;10/03/2025;segunda-feira;17:05:00;GO;158;8;ARAGARCAS;Reação tardia ou ineficiente do condutor;Tombamento;Com Vítimas Feridas;Pleno dia;Crescente;Céu Claro;Simples;"Declive;Retorno Regulamentado";Não;2;0;0;1;0;2;1;3;-15,95332647;-52,21110575;SPRF-GO;DEL04-GO;UOP02-DEL04-GO
666472;10/03/2025;segunda-feira;23:05:00;MG;365;713,5;MONTE ALEGRE DE MINAS;Problema com o freio;Atropelamento de Pedestre;Com Vítimas Feridas;Plena Noite;Decrescente;Céu Claro;Simples;Reta;Não;1;0;1;0;0;0;1;1;-18,87924468;-49,08082008;SPRF-MG;DEL15-MG;UOP03-DEL15-MG
666476;10/03/2025;segunda-feira;23:40:00;MG;50;147,6;UBERABA;Velocidade Incompatível;Saída de leito carroçável;Com Vítimas Feridas;Plena Noite;Crescente;Chuva;Dupla;"Reta;Declive";Não;2;0;1;0;0;1;1;2;-19,55452542;-48,03460032;SPRF-MG;DEL13-MG;UOP01-DEL13-MG
666478;10/03/2025;segunda-feira;23:30:00;BA;418;53,1;CARAVELAS;Demais falhas mecânicas ou elétricas;Incêndio;Sem Vítimas;Plena Noite;Crescente;Céu Claro;Simples;Reta;Não;2;0;0;0;1;3;0;4;-17,749641;-39,584682;SPRF-BA;DEL09-BA;UOP02-DEL09-BA
666479;11/03/2025;terça-feira;00:40:00;CE;116;38;HORIZONTE;Condutor Dormindo;Colisão com objeto;Com Vítimas Feridas;Plena Noite;Crescente;Nublado;Dupla;Curva;Sim;2;0;1;0;0;1;1;2;-4,084;-38,499;SPRF-CE;DEL01-CE;UOP02-DEL01-CE
666481;11/03/2025;terça-feira;00:10:00;MG;50;104;UBERABA;Velocidade Incompatível;Colisão traseira;Com Vítimas Feridas;Plena Noite;Crescente;Céu Claro;Dupla;Reta;Não;2;0;0;1;0;1;1;2;-19,18538068;-48,16680908;SPRF-MG;DEL13-MG;UOP01-DEL13-MG
666485;11/03/2025;terça-feira;03:30:00;MG;381;833,5;SAO SEBASTIAO DA BELA VISTA;Reação tardia ou ineficiente do condutor;Colisão traseira;Com Vítimas Feridas;Pleno dia;Decrescente;Céu Claro;Dupla;Reta;Não;6;0;3;1;1;2;4;5;-22,124408;-45,795646;SPRF-MG;DEL16-MG;UOP01-DEL16-MG
666487;11/03/2025;terça-feira;04:30:00;SP;116;339;MIRACATU;Velocidade Incompatível;Tombamento;Com Vítimas Feridas;Plena Noite;Decrescente;Nublado;Dupla;"Declive;Curva";Não;2;0;0;1;0;1;1;2;-24,2675384;-47,3931957;SPRF-SP;DEL04-SP;UOP03-DEL04-SP
666489;11/03/2025;terça-feira;05:33:00;SP;381;71;MAIRIPORA;Condutor Dormindo;Colisão traseira;Com Vítimas Feridas;Amanhecer;Crescente;Céu Claro;Dupla;Aclive;Não;3;0;1;0;1;1;1;3;-23,35092419;-46,56023026;SPRF-SP;DEL03-SP;UOP01-DEL03-SP
666491;10/03/2025;segunda-feira;23:40:00;MG;40;103;ITAOBIM;Demais falhas mecânicas ou elétricas;Incêndio;Sem Vítimas;Plena Noite;Crescente;Céu Claro;Simples;Reta;Não;2;0;0;0;1;1;0;2;-16,530578;-41,505431;SPRF-MG;DEL14-MG;UOP01-DEL14-MG
666492;11/03/2025;terça-feira;03:20:00;SP;116;391,9;MIRACATU;Reação tardia ou ineficiente do condutor;Atropelamento de Pedestre;Com Vítimas Fatais;Amanhecer;Crescente;Céu Claro;Dupla;Reta;Não;3;1;0;0;1;1;0;3;-24,28143995;-47,43206913;SPRF-SP;DEL04-SP;UOP02-DEL04-SP
666494;11/03/2025;terça-feira;04:30:00;PR;116;42;CAMPINA GRANDE DO SUL;Ausência de reação do condutor;Colisão com objeto;Sem Vítimas;Amanhecer;Crescente;Céu Claro;Dupla;Curva;Não;2;0;0;0;1;1;0;2;-25,1791287;-48,8803223;SPRF-PR;DEL01-PR;UOP02-DEL01-PR
666495;11/03/2025;terça-feira;06:00:00;RS;290;586;ALEGRETE;Animais na Pista;Atropelamento de Animal;Com Vítimas Feridas;Amanhecer;Crescente;Céu Claro;Simples;"Reta;Ponte";Não;5;0;1;0;1;3;1;4;-29,806739;-55,83445;SPRF-RS;DEL13-RS;UOP02-DEL13-RS
666500;11/03/2025;terça-feira;06:50:00;PR;277;7,8;PARANAGUA;Ausência de reação do condutor;Colisão traseira;Com Vítimas Feridas;Pleno dia;Decrescente;Nublado;Dupla;"Reta;Declive";Não;3;0;0;1;1;5;1;7;-25,563248;-48,592802;SPRF-PR;DEL01-PR;UOP05-DEL01-PR
666509;10/03/2025;segunda-feira;18:30:00;MG;381;444,9;SANTA LUZIA;Velocidade Incompatível;Colisão frontal;Com Vítimas Fatais;Plena Noite;Crescente;Chuva;Simples;"Curva;Declive";Não;5;2;2;0;1;0;2;2;-19,80856798;-43,78463376;SPRF-MG;DEL01-MG;UOP01-DEL01-MG
666524;11/03/2025;terça-feira;07:40:00;ES;101;288;CARIACICA;Reação tardia ou ineficiente do condutor;Engavetamento;Com Vítimas Feridas;Pleno dia;Decrescente;Céu Claro;Dupla;Reta;Não;5;0;1;0;1;3;1;4;-20,2768;-40,392579;SPRF-ES;DEL01-ES;UOP01-DEL01-ES
666525;11/03/2025;terça-feira;08:20:00;PB;230;505,5;CAJAZEIRAS;Animais na Pista;Colisão frontal;Com Vítimas Feridas;Pleno dia;Crescente;Céu Claro;Simples;Reta;Não;2;0;1;0;1;0;1;2;-6,897755;-38,573758;SPRF-PB;DEL03-PB;UOP03-DEL03-PB
666528;11/03/2025;terça-feira;09:10:00;RN;101;101,2;PARNAMIRIM;Manobra de mudança de faixa;Capotamento;Com Vítimas Feridas;Pleno dia;Crescente;Sol;Múltipla;"Viaduto;Declive;Reta";Sim;5;0;1;0;2;2;1;3;-5,88698;-35,233157;SPRF-RN;DEL01-RN;UOP01-DEL01-RN
666531;11/03/2025;terça-feira;10:00:00;PR;116;103;SAO JOSE DOS PINHAIS;Ausência de reação do condutor;Colisão lateral mesmo sentido;Sem Vítimas;Pleno dia;Decrescente;Céu Claro;Dupla;Reta;Não;3;0;0;0;3;0;0;2;-25,555756;-49,0294823;SPRF-PR;DEL01-PR;UOP07-DEL01-PR
666532;11/03/2025;terça-feira;08:40:00;BA;242;804;BARREIRAS;Chuva;Colisão frontal;Com Vítimas Feridas;Pleno dia;Crescente;Chuva;Simples;Reta;Não;3;0;1;0;1;4;1;6;-12,15665564;-44,88128632;SPRF-BA;DEL10-BA;UOP01-DEL10-BA
666533;11/03/2025;terça-feira;09:30:00;SC;282;1,1;FLORIANOPOLIS;Reação tardia ou ineficiente do condutor;Colisão traseira;Com Vítimas Feridas;Pleno dia;Decrescente;Nublado;Múltipla;Reta;Sim;3;0;1;0;2;0;1;2;-27,602854;-48,580285;SPRF-SC;DEL01-SC;UOP01-DEL01-SC
666535;11/03/2025;terça-feira;08:50:00;PR;153;40,9;SANTO ANTONIO DA PLATINA;Mal súbito do condutor;Saída de leito carroçável;Com Vítimas Fatais;Pleno dia;Crescente;Céu Claro;Simples;Reta;Sim;1;1;0;0;0;0;0;1;-23,28838806;-50,05947417;SPRF-PR;DEL07-PR;UOP04-DEL07-PR
666538;11/03/2025;terça-feira;09:00:00;SC;101;117;ITAJAI;Acessar a via sem observar a presença dos outros veículos;Colisão traseira;Com Vítimas Feridas;Pleno dia;Decrescente;Nublado;Múltipla;Interseção de Vias;Sim;2;0;1;0;1;0;1;2;-26,88408619;-48,72363567;SPRF-SC;DEL04-SC;UOP04-DEL04-SC
666540;11/03/2025;terça-feira;07:30:00;BA;116;588;NOVA ITARANA;Ausência de reação do condutor;Tombamento;Com Vítimas Feridas;Pleno dia;Decrescente;Céu Claro;Simples;Curva;Não;2;0;1;0;0;1;1;2;-13,15168667;-39,99959945;SPRF-BA;DEL03-BA;UOP02-DEL03-BA
666544;11/03/2025;terça-feira;11:10:00;MG;153;190,3;FRUTAL;Carga excessiva e/ou mal acondicionada;Eventos atípicos;Com Vítimas Feridas;Pleno dia;Crescente;Céu Claro;Simples;Reta;Não;3;0;1;0;1;3;1;5;-19,8892;-48,97373;SPRF-MG;DEL13-MG;UOP02-DEL13-MG
666545;03/03/2025;segunda-feira;08:35:00;PA;316;13;MARITUBA;Condutor usando celular;Colisão traseira;Sem Vítimas;Pleno dia;Decrescente;Céu Claro;Dupla;Reta;Sim;4;0;0;0;3;1;0;4;-1,36604831;-48,31428466;SPRF-PA;DEL01-PA;UOP01-DEL01-PA
666552;11/03/2025;terça-feira;11:40:00;MG;381;454,4;BELO HORIZONTE;Transitar na contramão;Colisão lateral sentido oposto;Com Vítimas Feridas;Pleno dia;Decrescente;Sol;Simples;Reta;Sim;3;0;2;0;1;0;2;2;-19,84106;-43,87339;SPRF-MG;DEL01-MG;UOP01-DEL01-MG
666553;11/03/2025;terça-feira;08:50:00;MS;163;13,7;MUNDO NOVO;Velocidade Incompatível;Colisão lateral sentido oposto;Com Vítimas Feridas;Pleno dia;Crescente;Chuva;Simples;"Declive;Curva";Não;3;0;1;0;1;5;1;7;-23,9495;-54,312543;SPRF-MS;DEL09-MS;UOP02-DEL09-MS
666558;11/03/2025;terça-feira;08:00:00;PR;277;398,8;CANDOI;Reação tardia ou ineficiente do condutor;Tombamento;Com Vítimas Feridas;Pleno dia;Crescente;Garoa/Chuvisco;Simples;"Viaduto;Curva";Não;2;0;1;0;0;1;1;2;-25,45903907;-51,95827895;SPRF-PR;DEL08-PR;UOP01-DEL08-PR
666566;11/03/2025;terça-feira;11:20:00;SP;116;565,1;BARRA DO TURVO;Demais falhas mecânicas ou elétricas;Incêndio;Sem Vítimas;Pleno dia;Decrescente;Nublado;Simples;Reta;Não;2;0;0;0;1;1;0;2;-25,047551;-48,545181;SPRF-SP;DEL05-SP;UOP02-DEL05-SP
666567;11/03/2025;terça-feira;14:05:00;PR;376;184,8;SARANDI;Entrada inopinada do pedestre;Atropelamento de Pedestre;Com Vítimas Fatais;Pleno dia;Crescente;Nublado;Dupla;"Reta;Declive";Sim;3;1;0;0;1;1;0;3;-23,445637;-51,863931;SPRF-PR;DEL09-PR;UOP01-DEL09-PR
666568;17/02/2025;segunda-feira;16:14:00;PA;163;448,9;ITAITUBA;Ausência de reação do condutor;Saída de leito carroçável;Com Vítimas Feridas;Pleno dia;Decrescente;Nublado;Simples;"Declive;Curva";Não;2;0;1;0;0;1;1;2;-5,93522394;-55,71063483;SPRF-PA;DEL05-PA;UOP03-DEL05-PA
666569;08/01/2025;quarta-feira;03:30:00;AM;174;924;MANAUS;Acumulo de água sobre o pavimento;Saída de leito carroçável;Com Vítimas Fatais;Plena Noite;Crescente;Chuva;Simples;Reta;Não;4;2;1;1;0;0;2;1;-2,57875418;-60,11793315;SPRF-AM;DEL01-AM;UOP01-DEL01-AM
666570;10/03/2025;segunda-feira;22:30:00;PI;135;541;SAO GONCALO DO GURGUEIA;Reação tardia ou ineficiente do condutor;Tombamento;Com Vítimas Feridas;Pleno dia;Decrescente;Nublado;Simples;"Declive;Curva";Não;1;0;0;1;0;0;1;1;-10,054198;-45,28552;SPRF-PI;DEL03-PI;UOP02-DEL03-PI
666574;11/03/2025;terça-feira;12:00:00;MA;135;240;PERITORO;Ausência de reação do condutor;Colisão traseira;Com Vítimas Feridas;Pleno dia;Crescente;Céu Claro;Simples;Reta;Não;3;0;1;1;1;0;2;2;-4,3712512;-44,335104;SPRF-MA;DEL03-MA;UOP01-DEL03-MA
666575;18/01/2025;sábado;08:45:00;ES;101;249,8;SERRA;Transitar na contramão;Colisão frontal;Com Vítimas Feridas;Pleno dia;Crescente;Sol;Simples;Curva;Não;5;0;1;1;2;1;2;3;-20,07371936;-40,35345531;SPRF-ES;DEL02-ES;UOP01-DEL02-ES
666577;10/03/2025;segunda-feira;08:20:00;MG;40;739,8;SANTOS DUMONT;Reação tardia ou ineficiente do condutor;Tombamento;Com Vítimas Feridas;Pleno dia;Decrescente;Céu Claro;Simples;Curva;Não;3;0;2;0;0;1;2;3;-21,42926222;-43,55584288;SPRF-MG;DEL05-MG;UOP01-DEL05-MG
666579;11/03/2025;terça-feira;14:40:00;PR;376;654;TIJUCAS DO SUL;Ausência de reação do condutor;Saída de leito carroçável;Com Vítimas Feridas;Pleno dia;Decrescente;Nublado;Dupla;"Aclive;Curva";Não;2;0;1;0;0;1;1;2;-25,8410044;-49,0447175;SPRF-PR;DEL01-PR;UOP04-DEL01-PR
666584;21/01/2025;terça-feira;12:50:00;MT;163;1102;GUARANTA DO NORTE;Manobra de mudança de faixa;Colisão lateral sentido oposto;Com Vítimas Feridas;Pleno dia;Crescente;Céu Claro;Simples;Curva;Não;4;0;2;1;0;3;3;5;-9,78200529;-54,90867173;SPRF-MT;DEL06-MT;UOP03-DEL06-MT
666588;11/03/2025;terça-feira;09:30:00;MT;158;439,9;RIBEIRAO CASCALHEIRA;Ausência de reação do condutor;Colisão frontal;Com Vítimas Fatais;Pleno dia;Crescente;Céu Claro;Simples;Reta;Não;3;1;0;0;1;3;0;5;-13,060875;-51,891618;SPRF-MT;DEL07-MT;UOP02-DEL07-MT
666590;11/03/2025;terça-feira;15:55:00;RS;290;82,6;CACHOEIRINHA;Manobra de mudança de faixa;Colisão lateral mesmo sentido;Com Vítimas Feridas;Pleno dia;Crescente;Céu Claro;Dupla;Reta;Não;5;0;3;0;1;1;3;3;-29,95715532;-51,08363997;SPRF-RS;DEL01-RS;UOP01-DEL01-RS
666593;11/03/2025;terça-feira;15:20:00;RN;226;117,2;SANTA CRUZ;Carga excessiva e/ou mal acondicionada;Tombamento;Com Vítimas Feridas;Pleno dia;Decrescente;Céu Claro;Simples;Curva;Não;2;0;2;0;0;0;2;1;-6,192897;-36,053993;SPRF-RN;DEL03-RN;UOP02-DEL03-RN
666600;11/03/2025;terça-feira;16:00:00;MG;40;480;SETE LAGOAS;Velocidade Incompatível;Saída de leito carroçável;Com Vítimas Feridas;Pleno dia;Decrescente;Céu Claro;Dupla;"Reta;Declive";Não;2;0;2;0;0;0;2;1;-19,5463317;-44,247092;SPRF-MG;DEL02-MG;UOP01-DEL02-MG
666604;11/03/2025;terça-feira;15:20:00;ES;101;150,2;LINHARES;Condutor deixou de manter distância do veículo da frente;Colisão lateral mesmo sentido;Com Vítimas Feridas;Pleno dia;Crescente;Céu Claro;Dupla;"Reta;Aclive";Sim;2;0;1;0;0;1;1;2;-19,4222637;-40,0779474;SPRF-ES;DEL04-ES;UOP01-DEL04-ES
666606;11/03/2025;terça-feira;17:00:00;SP;116;155,7;SAO JOSE DOS CAMPOS;Trafegar com motocicleta (ou similar) entre as faixas;Tombamento;Com Vítimas Fatais;Pleno dia;Decrescente;Chuva;Dupla;"Reta;Declive";Não;3;1;0;0;1;1;0;3;-23,24885086;-45,9338912;SPRF-SP;DEL02-SP;UOP01-DEL02-SP
666616;11/03/2025;terça-feira;17:20:00;PR;376;2,3;MANDAGUARI;Acessar a via sem observar a presença dos outros veículos;Colisão transversal;Com Vítimas Feridas;Pleno dia;Decrescente;Céu Claro;Simples;Reta;Sim;2;0;1;0;1;0;1;2;-23,5141783;-51,7001369;SPRF-PR;DEL09-PR;UOP01-DEL09-PR
666618;11/03/2025;terça-feira;15:45:00;MT;163;119;RONDONOPOLIS;Pista Escorregadia;Colisão traseira;Com Vítimas Feridas;Pleno dia;Crescente;Chuva;Dupla;Curva;Sim;4;0;2;0;1;1;2;3;-16,49152302;-54,64664465;SPRF-MT;DEL02-MT;UOP01-DEL02-MT
666620;11/03/2025;terça-feira;17:15:00;MG;381;925,5;ITAPEVA;Velocidade Incompatível;Tombamento;Com Vítimas Feridas;Pleno dia;Crescente;Céu Claro;Dupla;"Aclive;Curva";Não;2;0;1;0;0;1;1;2;-22,770796;-46,200387;SPRF-MG;DEL16-MG;UOP03-DEL16-MG
666625;11/03/2025;terça-feira;17:40:00;SP;116;49;CANAS;Ausência de reação do condutor;Colisão traseira;Com Vítimas Feridas;Plena Noite;Decrescente;Nublado;Dupla;Reta;Não;4;0;2;0;1;1;2;3;-22,72871026;-45,07400751;SPRF-SP;DEL08-SP;UOP02-DEL08-SP
666626;11/03/2025;terça-feira;17:30:00;MT;364;1;ALTO ARAGUAIA;Acessar a via sem observar a presença dos outros veículos;Colisão transversal;Com Vítimas Feridas;Pleno dia;Decrescente;Sol;Dupla;Interseção de Vias;Sim;3;0;1;0;1;2;1;4;-17,3151455;-53,21544712;SPRF-MT;DEL02-MT;UOP02-DEL02-MT
666643;11/03/2025;terça-feira;18:55:00;GO;452;194;ITUMBIARA;Ausência de reação do condutor;Colisão traseira;Com Vítimas Feridas;Plena Noite;Crescente;Céu Claro;Simples;"Reta;Declive";Não;3;0;1;0;1;2;1;4;-18,291044;-49,2386106;SPRF-GO;DEL03-GO;UOP02-DEL03-GO
666666;11/03/2025;terça-feira;22:58:00;BA;116;870,6;VITORIA DA CONQUISTA;Manobra de mudança de faixa;Colisão lateral mesmo sentido;Com Vítimas Fatais;Plena Noite;Crescente;Céu Claro;Simples;"Interseção de Vias;Reta";Sim;3;1;0;0;1;1;0;3;-15,210368;-41,086705;SPRF-BA;DEL08-BA;UOP01-DEL08-BA
666670;12/03/2025;quarta-feira;05:10:00;PE;116;16;SALGUEIRO;Transitar na contramão;Colisão frontal;Com Vítimas Feridas;Amanhecer;Decrescente;Céu Claro;Simples;Curva;Não;2;0;1;1;0;0;2;2;-7,990913;-39,139367;SPRF-PE;DEL05-PE;UOP01-DEL05-PE
666671;12/03/2025;quarta-feira;01:46:00;MT;364;490,4;JANGADA;Mal súbito do condutor;Colisão traseira;Com Vítimas Feridas;Plena Noite;Crescente;Céu Claro;Simples;"Reta;Aclive";Não;3;0;1;0;1;4;1;6;-15,25764871;-56,46169415;SPRF-MT;DEL01-MT;UOP01-DEL01-MT
666675;12/03/2025;quarta-feira;05:30:00;MG;40;668,7;CARANDAI;Demais falhas mecânicas ou elétricas;Incêndio;Sem Vítimas;Amanhecer;Decrescente;Céu Claro;Simples;Reta;Não;1;0;0;0;0;1;0;1;-20,96196513;-43,7881726;SPRF-MG;DEL05-MG;UOP02-DEL05-MG
666676;11/03/2025;terça-feira;23:45:00;PI;316;258,8;IPIRANGA DO PIAUI;Pedestre andava na pista;Atropelamento de Pedestre;Com Vítimas Fatais;Plena Noite;Crescente;Céu Claro;Simples;"Declive;Reta";Sim;2;1;0;0;0;1;0;2;-6,824917;-41,737535;SPRF-PI;DEL04-PI;UOP02-DEL04-PI
666680;12/03/2025;quarta-feira;06:20:00;PR;376;667;GUARATUBA;Ausência de reação do condutor;Colisão traseira;Com Vítimas Feridas;Pleno dia;Crescente;Nublado;Dupla;"Declive;Curva";Não;2;0;1;0;1;0;1;2;-25,8649978;-48,9388429;SPRF-PR;DEL01-PR;UOP04-DEL01-PR
666683;12/03/2025;quarta-feira;06:00:00;SP;153;302;CAMPOS NOVOS PAULISTA;Demais falhas mecânicas ou elétricas;Incêndio;Sem Vítimas;Pleno dia;Decrescente;Céu Claro;Simples;Reta;Não;3;0;0;0;1;3;0;4;-22,60902481;-49,88944465;SPRF-SP;DEL07-SP;UOP03-DEL07-SP
666684;12/03/2025;quarta-feira;05:00:00;MG;381;453,1;SABARA;Transitar na contramão;Colisão lateral sentido oposto;Com Vítimas Feridas;Amanhecer;Crescente;Céu Claro;Simples;Curva;Sim;4;0;1;0;2;1;1;4;-19,84047;-43,86125;SPRF-MG;DEL01-MG;UOP01-DEL01-MG
666688;12/03/2025;quarta-feira;05:15:00;MG;381;555,2;ITAGUARA;Sinalização mal posicionada;Colisão traseira;Com Vítimas Feridas;Pleno dia;Decrescente;Céu Claro;Dupla;Curva;Não;2;0;1;0;1;0;1;2;-20,33757;-44,44312;SPRF-MG;DEL04-MG;UOP03-DEL04-MG
666689;12/03/2025;quarta-feira;07:30:00;TO;153;127,4;WANDERLANDIA;Ultrapassagem Indevida;Colisão frontal;Com Vítimas Fatais;Pleno dia;Decrescente;Nublado;Simples;"Declive;Reta";Não;6;3;0;0;1;2;0;4;-7,07874732;-48,13942909;SPRF-TO;DEL02-TO;UOP01-DEL02-TO
666692;12/03/2025;quarta-feira;07:00:00;ES;101;301;VIANA;Condutor deixou de manter distância do veículo da frente;Colisão lateral mesmo sentido;Com Vítimas Feridas;Pleno dia;Crescente;Sol;Dupla;Reta;Sim;3;0;1;0;1;1;1;3;-20,367431;-40,443776;SPRF-ES;DEL01-ES;UOP01-DEL01-ES
666696;12/03/2025;quarta-feira;07:32:00;PE;408;89;SAO LOURENCO DA MATA;Reação tardia ou ineficiente do condutor;Colisão com objeto;Com Vítimas Feridas;Pleno dia;Crescente;Nublado;Dupla;Reta;Não;3;0;1;0;2;0;1;2;-8,02783;-35,03752;SPRF-PE;DEL01-PE;UOP01-DEL01-PE
666700;12/03/2025;quarta-feira;08:00:00;PA;316;140;PEIXE-BOI;Conversão proibida;Colisão frontal;Com Vítimas Feridas;Pleno dia;Crescente;Nublado;Simples;"Interseção de Vias;Reta";Não;3;0;1;1;1;0;2;2;-1,262413;-47,268885;SPRF-PA;DEL01-PA;UOP03-DEL01-PA
666701;12/03/2025;quarta-feira;02:00:00;AM;174;1014;PRESIDENTE FIGUEIREDO;Ausência de sinalização;Colisão frontal;Sem Vítimas;Plena Noite;Decrescente;Ignorado;Simples;"Aclive;Reta";Não;4;0;0;0;3;5;0;8;-0,90125038;-60,51950645;SPRF-AM;DEL01-AM;UOP02-DEL01-AM
666702;12/03/2025;quarta-feira;06:47:00;ES;101;270,4;SERRA;Manobra de mudança de faixa;Colisão lateral mesmo sentido;Com Vítimas Feridas;Amanhecer;Crescente;Céu Claro;Dupla;Reta;Sim;4;0;1;0;2;1;1;4;-20,2293733;-40,2722316;SPRF-ES;DEL02-ES;UOP01-DEL02-ES
666709;12/03/2025;quarta-feira;08:10:00;MG;40;603,6;CONGONHAS;Velocidade Incompatível;Colisão com objeto;Com Vítimas Feridas;Pleno dia;Crescente;Céu Claro;Simples;Curva;Não;1;0;0;1;0;0;1;1;-20,4768177;-43,8424204;SPRF-MG;DEL05-MG;UOP02-DEL05-MG
666714;12/03/2025;quarta-feira;08:30:00;DF;70;19;BRASILIA;Acumulo de óleo sobre o pavimento;Eventos atípicos;Com Vítimas Feridas;Pleno dia;Crescente;Céu Claro;Dupla;"Declive;Curva";Sim;5;0;2;0;3;0;2;4;-15,7892643;-48,22334653;SPRF-DF;DEL03-DF;UOP02-DEL03-DF
666715;12/03/2025;quarta-feira;08:25:00;SC;470;66,3;INDAIAL;Ultrapassagem Indevida;Saída de leito carroçável;Com Vítimas Fatais;Pleno dia;Crescente;Céu Claro;Simples;Reta;Não;2;1;0;0;1;0;0;2;-26,87004761;-49,22456503;SPRF-SC;DEL04-SC;UOP01-DEL04-SC
666717;12/03/2025;quarta-feira;08:24:00;CE;116;10,8;FORTALEZA;Condutor deixou de manter distância do veículo da frente;Engavetamento;Com Vítimas Feridas;Pleno dia;Crescente;Nublado;Múltipla;Reta;Sim;4;0;1;0;3;0;1;4;-3,8427063;-38,49944115;SPRF-CE;DEL01-CE;UOP02-DEL01-CE
666718;12/03/2025;quarta-feira;07:27:00;MT;364;527;ROSARIO OESTE;Ausência de reação do condutor;Colisão traseira;Com Vítimas Feridas;Pleno dia;Decrescente;Céu Claro;Simples;Reta;Não;6;0;1;0;4;3;1;6;-14,91201359;-56,47081339;SPRF-MT;DEL01-MT;UOP01-DEL01-MT
666722;12/03/2025;quarta-feira;07:40:00;SP;116;7;QUELUZ;Ausência de reação do condutor;Colisão traseira;Com Vítimas Feridas;Pleno dia;Crescente;Sol;Dupla;Reta;Sim;6;0;1;0;4;1;1;6;-22,53588267;-44,76976991;SPRF-SP;DEL08-SP;UOP02-DEL08-SP
666725;12/03/2025;quarta-feira;08:50:00;MT;364;204;RONDONOPOLIS;Velocidade Incompatível;Colisão traseira;Sem Vítimas;Pleno dia;Crescente;Céu Claro;Dupla;Retorno Regulamentado;Sim;3;0;0;0;2;2;0;4;-16,417163;-54,7066919;SPRF-MT;DEL02-MT;UOP01-DEL02-MT
666729;12/03/2025;quarta-feira;09:14:00;PI;343;348;TERESINA;Reação tardia ou ineficiente do condutor;Tombamento;Com Vítimas Feridas;Pleno dia;Crescente;Sol;Múltipla;Reta;Sim;3;0;1;0;1;1;1;3;-5,11831943;-42,78566955;SPRF-PI;DEL01-PI;UOP01-DEL01-PI