id;data_inversa;dia_semana;horario;uf;br;km;municipio;causa_acidente;tipo_acidente;classificacao_acidente;fase_dia;sentido_via;condicao_metereologica;tipo_pista;tracado_via;uso_solo;pessoas;mortos;feridos_leves;feridos_graves;ilesos;ignorados;feridos;veiculos;latitude;longitude;regional;delegacia;uop
667775;17/03/2025;segunda-feira;07:30:00;SP;116;217;GUARULHOS;Trafegar com motocicleta (ou similar) entre as faixas;Colisão traseira;Com Vítimas Feridas;Pleno dia;Crescente;Céu Claro;Dupla;"Em Obras;Reta";Não;3;0;1;0;2;0;1;3;-23,45368573;-46,47074866;SPRF-SP;DEL01-SP;UOP01-DEL01-SP
667776;17/03/2025;segunda-feira;06:50:00;RS;470;220;BENTO GONCALVES;Acessar a via sem observar a presença dos outros veículos;Colisão transversal;Com Vítimas Feridas;Pleno dia;Crescente;Céu Claro;Dupla;Reta;Não;3;0;0;1;2;0;1;2;-29,19810053;-51,51839018;SPRF-RS;DEL06-RS;UOP01-DEL06-RS
667777;17/03/2025;segunda-feira;06:30:00;SC;282;457;PONTE SERRADA;Reação tardia ou ineficiente do condutor;Colisão lateral sentido oposto;Com Vítimas Feridas;Pleno dia;Crescente;Céu Claro;Simples;Curva;Não;3;0;0;1;2;0;1;2;-26,8718788;-52,0165876;SPRF-SC;DEL07-SC;UOP04-DEL07-SC
667799;17/03/2025;segunda-feira;08:35:00;BA;324;608,3;SIMOES FILHO;Ausência de reação do condutor;Colisão traseira;Com Vítimas Feridas;Pleno dia;Crescente;Céu Claro;Dupla;"Reta;Declive";Não;2;0;1;0;1;0;1;2;-12,825378;-38,409915;SPRF-BA;DEL01-BA;UOP01-DEL01-BA
667807;17/03/2025;segunda-feira;08:50:00;PR;376;108;PARANAVAI;Desrespeitar a preferência no cruzamento;Colisão transversal;Com Vítimas Feridas;Pleno dia;Decrescente;Céu Claro;Simples;Interseção de Vias;Sim;3;0;0;2;1;0;2;2;-23,06839486;-52,4250412;SPRF-PR;DEL09-PR;UOP02-DEL09-PR
667809;17/03/2025;segunda-feira;09:50:00;RJ;116;285;BARRA MANSA;Chuva;Engavetamento;Com Vítimas Feridas;Pleno dia;Crescente;Chuva;Dupla;"Declive;Curva";Não;10;0;3;0;7;0;3;8;-22,50937169;-44,21906948;SPRF-RJ;DEL07-RJ;UOP02-DEL07-RJ
667813;17/03/2025;segunda-feira;08:00:00;MT;163;104,3;RONDONOPOLIS;Ausência de reação do condutor;Saída de leito carroçável;Com Vítimas Feridas;Pleno dia;Decrescente;Sol;Dupla;Reta;Não;2;0;1;0;0;1;1;2;-16,616143;-54,700408;SPRF-MT;DEL02-MT;UOP03-DEL02-MT
667819;17/03/2025;segunda-feira;10:00:00;PR;116;125;FAZENDA RIO GRANDE;Manobra de mudança de faixa;Colisão lateral mesmo sentido;Com Vítimas Feridas;Plena Noite;Crescente;Nublado;Dupla;"Reta;Aclive";Sim;3;0;1;0;1;1;1;2;-25,6317627;-49,3135288;SPRF-PR;DEL01-PR;UOP03-DEL01-PR
667824;17/03/2025;segunda-feira;11:00:00;SC;282;20,4;PALHOCA;Reação tardia ou ineficiente do condutor;Colisão traseira;Sem Vítimas;Pleno dia;Crescente;Sol;Simples;Reta;Sim;5;0;0;0;5;0;0;2;-27,68591703;-48,7126475;SPRF-SC;DEL01-SC;UOP02-DEL01-SC
667829;17/03/2025;segunda-feira;11:10:00;SP;116;74,4;APARECIDA;Mal súbito do condutor;Colisão transversal;Com Vítimas Feridas;Pleno dia;Decrescente;Nublado;Dupla;"Reta;Declive";Sim;3;0;1;0;1;1;1;3;-22,8582237;-45,2331936;SPRF-SP;DEL08-SP;UOP01-DEL08-SP
667830;17/03/2025;segunda-feira;10:40:00;RJ;40;60,9;PETROPOLIS;Acumulo de água sobre o pavimento;Colisão com objeto;Sem Vítimas;Pleno dia;Crescente;Chuva;Dupla;"Curva;Aclive";Não;1;0;0;0;1;0;0;1;-22,402563;-43,137981;SPRF-RJ;DEL05-RJ;UOP02-DEL05-RJ
667831;17/03/2025;segunda-feira;11:14:00;MG;381;859;POUSO ALEGRE;Ausência de reação do condutor;Saída de leito carroçável;Com Vítimas Feridas;Pleno dia;Crescente;Sol;Dupla;Reta;Não;4;0;1;1;1;1;2;3;-22,265856;-46,0029952;SPRF-MG;DEL16-MG;UOP01-DEL16-MG
667834;17/03/2025;segunda-feira;09:50:00;SC;470;91;ASCURRA;Demais falhas mecânicas ou elétricas;Tombamento;Sem Vítimas;Pleno dia;Decrescente;Nublado;Simples;Curva;Não;2;0;0;0;1;1;0;2;-26,97112366;-49,36699033;SPRF-SC;DEL04-SC;UOP01-DEL04-SC
667838;17/03/2025;segunda-feira;12:00:00;PR;116;38;CAMPINA GRANDE DO SUL;Acessar a via sem observar a presença dos outros veículos;Colisão lateral mesmo sentido;Sem Vítimas;Pleno dia;Decrescente;Céu Claro;Dupla;"Curva;Aclive";Não;3;0;0;0;2;1;0;3;-25,154;-48,86;SPRF-PR;DEL01-PR;UOP02-DEL01-PR
667845;17/03/2025;segunda-feira;12:15:00;MG;267;47;MARIPA DE MINAS;Acessar a via sem observar a presença dos outros veículos;Colisão transversal;Com Vítimas Feridas;Pleno dia;Decrescente;Garoa/Chuvisco;Simples;Reta;Sim;3;0;0;1;1;1;1;3;-21,69554855;-42,9699629;SPRF-MG;DEL07-MG;UOP01-DEL07-MG
667848;17/03/2025;segunda-feira;13:30:00;SC;101;221;PALHOCA;Condutor deixou de manter distância do veículo da frente;Colisão traseira;Sem Vítimas;Pleno dia;Decrescente;Céu Claro;Dupla;Reta;Não;5;0;0;0;5;0;0;5;-27,70514295;-48,65810025;SPRF-SC;DEL01-SC;UOP02-DEL01-SC
667851;17/03/2025;segunda-feira;11:30:00;RJ;101;386;ITAGUAI;Animais na Pista;Colisão traseira;Com Vítimas Feridas;Pleno dia;Crescente;Nublado;Dupla;"Interseção de Vias;Reta";Sim;5;0;1;0;4;0;1;3;-22,85890057;-43,75937633;SPRF-RJ;DEL03-RJ;UOP01-DEL03-RJ
667853;13/03/2025;quinta-feira;09:55:00;RJ;493;7;ITABORAI;Ausência de reação do condutor;Colisão traseira;Com Vítimas Feridas;Pleno dia;Crescente;Sol;Simples;"Reta;Aclive";Não;3;0;1;0;1;2;1;4;-22,714104;-42,953145;SPRF-RJ;DEL02-RJ;UOP02-DEL02-RJ
667854;17/03/2025;segunda-feira;10:52:00;RJ;116;180;NOVA IGUACU;Mal súbito do condutor;Colisão lateral mesmo sentido;Sem Vítimas;Pleno dia;Crescente;Chuva;Múltipla;Reta;Sim;3;0;0;0;3;0;0;3;-22,76355471;-43,41915563;SPRF-RJ;DEL06-RJ;UOP01-DEL06-RJ
667861;17/03/2025;segunda-feira;03:30:00;PA;163;150;ALTAMIRA;Pista esburacada;Tombamento;Sem Vítimas;Plena Noite;Decrescente;Céu Claro;Simples;Reta;Não;2;0;0;0;1;3;0;4;-8,37947113;-55,09374797;SPRF-PA;DEL05-PA;UOP03-DEL05-PA
667862;17/03/2025;segunda-feira;11:00:00;SC;282;68,5;RANCHO QUEIMADO;Problema com o freio;Tombamento;Com Vítimas Feridas;Pleno dia;Decrescente;Céu Claro;Simples;"Declive;Curva";Não;5;0;4;1;0;0;5;1;-27,693467;-49,080683;SPRF-SC;DEL01-SC;UOP03-DEL01-SC
667868;17/03/2025;segunda-feira;13:45:00;RS;153;2;CACHOEIRA DO SUL;Acessar a via sem observar a presença dos outros veículos;Colisão transversal;Com Vítimas Feridas;Pleno dia;Crescente;Céu Claro;Simples;Aclive;Não;3;0;0;1;1;1;1;3;-30,02310412;-52,90419102;SPRF-RS;DEL02-RS;UOP03-DEL02-RS
667870;17/03/2025;segunda-feira;13:50:00;MG;262;602;CAMPOS ALTOS;Condutor Dormindo;Saída de leito carroçável;Com Vítimas Feridas;Pleno dia;Decrescente;Nublado;Simples;Reta;Não;2;0;1;0;0;1;1;2;-19,64590178;-46,24335408;SPRF-MG;DEL08-MG;UOP02-DEL08-MG
667872;17/03/2025;segunda-feira;15:10:00;MG;381;451;SABARA;Mal súbito do condutor;Colisão frontal;Com Vítimas Feridas;Pleno dia;Crescente;Céu Claro;Simples;Reta;Sim;5;0;2;1;1;1;3;3;-19,83143022;-43,84497643;SPRF-MG;DEL01-MG;UOP01-DEL01-MG
667874;17/03/2025;segunda-feira;13:15:00;SC;153;58;IRANI;Desrespeitar a preferência no cruzamento;Colisão transversal;Com Vítimas Feridas;Pleno dia;Decrescente;Céu Claro;Simples;Interseção de Vias;Não;4;0;1;0;2;2;1;4;-26,969629;-51,854066;SPRF-SC;DEL07-SC;UOP07-DEL07-SC
667876;17/03/2025;segunda-feira;15:10:00;SP;381;65;MAIRIPORA;Problema com o freio;Atropelamento de Pedestre;Com Vítimas Fatais;Pleno dia;Crescente;Nublado;Dupla;Reta;Sim;5;1;1;0;2;1;1;5;-23,31001115;-46,58099592;SPRF-SP;DEL03-SP;UOP01-DEL03-SP
667877;17/03/2025;segunda-feira;14:40:00;SC;101;221;PALHOCA;Reação tardia ou ineficiente do condutor;Colisão lateral mesmo sentido;Com Vítimas Feridas;Pleno dia;Decrescente;Céu Claro;Dupla;Reta;Não;2;0;1;0;0;1;1;2;-27,6992758;-48,66064483;SPRF-SC;DEL01-SC;UOP02-DEL01-SC
667879;17/03/2025;segunda-feira;15:10:00;PR;277;330,8;GUARAPUAVA;Ingestão de álcool pelo condutor;Colisão transversal;Sem Vítimas;Pleno dia;Decrescente;Céu Claro;Simples;"Curva;Aclive";Não;3;0;0;0;2;2;0;4;-25,35260259;-51,36588203;SPRF-PR;DEL08-PR;UOP01-DEL08-PR
667881;17/03/2025;segunda-feira;15:45:00;CE;222;296;TIANGUA;Condutor Dormindo;Colisão traseira;Com Vítimas Feridas;Pleno dia;Crescente;Nublado;Simples;Reta;Não;4;0;0;2;1;1;2;3;-3,6825626;-40,9782368;SPRF-CE;DEL04-CE;UOP02-DEL04-CE
667885;17/03/2025;segunda-feira;13:50:00;MG;40;558;NOVA LIMA;Condutor Dormindo;Colisão com objeto;Com Vítimas Feridas;Pleno dia;Crescente;Nublado;Dupla;"Aclive;Curva";Sim;1;0;1;0;0;0;1;1;-20,08183;-43,979049;SPRF-MG;DEL01-MG;UOP02-DEL01-MG
667892;17/03/2025;segunda-feira;15:00:00;SC;101;138,4;BALNEARIO CAMBORIU;Reação tardia ou ineficiente do condutor;Colisão transversal;Com Vítimas Fatais;Pleno dia;Crescente;Céu Claro;Simples;Reta;Sim;3;1;0;0;1;1;0;3;-27,026271;-48,606709;SPRF-SC;DEL04-SC;UOP03-DEL04-SC
667895;17/03/2025;segunda-feira;17:00:00;RS;290;309;CACHOEIRA DO SUL;Velocidade Incompatível;Colisão lateral sentido oposto;Com Vítimas Feridas;Pleno dia;Crescente;Céu Claro;Simples;Curva;Não;19;0;15;0;3;1;15;4;-30,332354;-53,295268;SPRF-RS;DEL09-RS;UOP02-DEL09-RS
667899;17/03/2025;segunda-feira;17:00:00;RJ;465;14;SEROPEDICA;Ultrapassagem Indevida;Colisão lateral mesmo sentido;Com Vítimas Feridas;Anoitecer;Crescente;Nublado;Simples;Reta;Não;3;0;1;0;2;0;1;2;-22,8024177;-43,64219958;SPRF-RJ;DEL06-RJ;UOP02-DEL06-RJ
667900;17/03/2025;segunda-feira;17:30:00;SP;116;134,6;SAO JOSE DOS CAMPOS;Manobra de mudança de faixa;Colisão traseira;Com Vítimas Feridas;Pleno dia;Crescente;Céu Claro;Dupla;Reta;Não;4;0;2;0;1;1;2;3;-23,13997792;-45,76158192;SPRF-SP;DEL02-SP;UOP01-DEL02-SP
667902;17/03/2025;segunda-feira;18:00:00;MG;262;552,2;LUZ;Velocidade Incompatível;Tombamento;Com Vítimas Fatais;Pleno dia;Decrescente;Nublado;Simples;"Declive;Curva";Não;1;1;0;0;0;0;0;1;-19,72043203;-45,87743975;SPRF-MG;DEL08-MG;UOP02-DEL08-MG
667909;17/03/2025;segunda-feira;16:40:00;ES;101;269;SERRA;Reação tardia ou ineficiente do condutor;Colisão traseira;Com Vítimas Feridas;Pleno dia;Decrescente;Nublado;Múltipla;Reta;Sim;2;0;0;1;1;0;1;2;-20,22333269;-40,27030941;SPRF-ES;DEL02-ES;UOP01-DEL02-ES
667911;17/03/2025;segunda-feira;17:00:00;MT;163;813,5;SINOP;Iluminação deficiente;Colisão lateral mesmo sentido;Com Vítimas Feridas;Pleno dia;Decrescente;Céu Claro;Simples;Reta;Não;3;0;1;0;1;2;1;4;-12,05286649;-55,51737422;SPRF-MT;DEL06-MT;UOP02-DEL06-MT
667912;13/01/2025;segunda-feira;05:37:00;ES;101;321,7;GUARAPARI;Ausência de reação do condutor;Colisão traseira;Com Vítimas Feridas;Amanhecer;Decrescente;Chuva;Dupla;"Declive;Reta";Não;10;0;9;0;1;0;9;2;-20,52517057;-40,48003793;SPRF-ES;DEL03-ES;UOP01-DEL03-ES
667920;17/03/2025;segunda-feira;15:00:00;PI;135;358;ALVORADA DO GURGUEIA;Reação tardia ou ineficiente do condutor;Colisão traseira;Com Vítimas Feridas;Pleno dia;Crescente;Céu Claro;Simples;Reta;Sim;3;0;1;0;2;0;1;3;-8,435335;-43,880823;SPRF-PI;DEL03-PI;UOP02-DEL03-PI
667922;17/03/2025;segunda-feira;19:15:00;RS;290;151;ARROIO DOS RATOS;Acessar a via sem observar a presença dos outros veículos;Colisão transversal;Com Vítimas Feridas;Plena Noite;Crescente;Céu Claro;Simples;Reta;Sim;3;0;0;1;1;1;1;3;-30,104751;-51,727152;SPRF-RS;DEL02-RS;UOP01-DEL02-RS
667929;17/03/2025;segunda-feira;18:30:00;RS;287;355;JAGUARI;Velocidade Incompatível;Saída de leito carroçável;Com Vítimas Feridas;Anoitecer;Crescente;Céu Claro;Simples;"Curva;Declive";Não;2;0;1;0;0;2;1;3;-29,47893015;-54,68556766;SPRF-RS;DEL12-RS;UOP02-DEL12-RS
667933;17/03/2025;segunda-feira;14:00:00;BA;101;166;FEIRA DE SANTANA;Demais falhas mecânicas ou elétricas;Colisão frontal;Com Vítimas Feridas;Pleno dia;Crescente;Céu Claro;Simples;Reta;Não;3;0;1;0;2;0;1;3;-12,36016643;-38,82516861;SPRF-BA;DEL01-BA;UOP03-DEL01-BA
667936;17/03/2025;segunda-feira;17:30:00;ES;101;443,3;MIMOSO DO SUL;Condutor usando celular;Saída de leito carroçável;Com Vítimas Feridas;Anoitecer;Crescente;Chuva;Simples;Curva;Não;2;0;2;0;0;0;2;1;-21,100705;-41,254395;SPRF-ES;DEL03-ES;UOP02-DEL03-ES
667938;17/03/2025;segunda-feira;19:00:00;SC;282;574,6;PINHALZINHO;Ultrapassagem Indevida;Colisão frontal;Com Vítimas Feridas;Anoitecer;Decrescente;Céu Claro;Simples;Reta;Não;3;0;1;0;2;0;1;3;-26,87288956;-52,95665503;SPRF-SC;DEL07-SC;UOP02-DEL07-SC
667944;17/03/2025;segunda-feira;21:30:00;PR;476;198;LAPA;Reação tardia ou ineficiente do condutor;Colisão traseira;Sem Vítimas;Plena Noite;Crescente;Céu Claro;Simples;Reta;Não;2;0;0;0;2;0;0;2;-25,76298063;-49,73680183;SPRF-PR;DEL01-PR;UOP06-DEL01-PR
667945;17/03/2025;segunda-feira;22:15:00;DF;20;5;BRASILIA;Ausência de reação do condutor;Saída de leito carroçável;Com Vítimas Feridas;Plena Noite;Decrescente;Céu Claro;Dupla;Reta;Sim;1;0;1;0;0;0;1;1;-15,6628407;-47,8049954;SPRF-DF;DEL02-DF;UOP01-DEL02-DF
667947;17/03/2025;segunda-feira;19:45:00;MG;116;535,5;CARATINGA;Ausência de reação do condutor;Colisão frontal;Com Vítimas Feridas;Plena Noite;Decrescente;Nublado;Simples;Reta;Não;4;0;2;0;0;3;2;5;-19,7558272;-42,1298176;SPRF-MG;DEL06-MG;UOP02-DEL06-MG
667955;17/03/2025;segunda-feira;23:45:00;MG;365;433;PATOS DE MINAS;Chuva;Tombamento;Com Vítimas Feridas;Plena Noite;Decrescente;Chuva;Simples;"Declive;Curva";Não;1;0;0;1;0;0;1;1;-18,7653;-46,6759;SPRF-MG;DEL10-MG;UOP01-DEL10-MG
667960;18/03/2025;terça-feira;03:00:00;PR;376;675;GUARATUBA;Demais falhas mecânicas ou elétricas;Incêndio;Sem Vítimas;Plena Noite;Crescente;Céu Claro;Dupla;Reta;Não;2;0;0;0;1;2;0;3;-25,91043763;-48,92043807;SPRF-PR;DEL01-PR;UOP04-DEL01-PR
667965;18/03/2025;terça-feira;05:45:00;SP;116;126;CACAPAVA;Reação tardia ou ineficiente do condutor;Colisão traseira;Sem Vítimas;Amanhecer;Crescente;Céu Claro;Dupla;Reta;Sim;3;0;0;0;2;1;0;3;-23,10369053;-45,69303989;SPRF-SP;DEL02-SP;UOP02-DEL02-SP
667968;18/03/2025;terça-feira;06:35:00;PE;101;77;RECIFE;Acessar a via sem observar a presença dos outros veículos;Colisão traseira;Com Vítimas Fatais;Pleno dia;Crescente;Chuva;Dupla;"Declive;Reta";Sim;4;1;1;0;1;1;1;3;-8,1271;-34,9442;SPRF-PE;DEL01-PE;UOP01-DEL01-PE
667969;17/03/2025;segunda-feira;23:55:00;GO;364;133;JATAI;Ausência de reação do condutor;Colisão traseira;Com Vítimas Feridas;Plena Noite;Decrescente;Céu Claro;Simples;Reta;Não;3;0;0;1;1;2;1;4;-17,9234062;-51,6899997;SPRF-GO;DEL05-GO;UOP02-DEL05-GO
667972;08/03/2025;sábado;21:00:00;PA;230;1118;ITAITUBA;Ausência de reação do condutor;Colisão traseira;Com Vítimas Feridas;Plena Noite;Decrescente;Chuva;Simples;"Reta;Declive";Não;3;0;1;0;1;5;1;7;-4,35698041;-55,80607483;SPRF-PA;DEL05-PA;UOP02-DEL05-PA
667973;18/03/2025;terça-feira;06:00:00;SP;116;413;JUQUIA;Acessar a via sem observar a presença dos outros veículos;Atropelamento de Pedestre;Com Vítimas Fatais;Amanhecer;Crescente;Nublado;Dupla;Reta;Não;1;1;0;0;0;0;0;1;-24,32741023;-47,6280365;SPRF-SP;DEL05-SP;UOP01-DEL05-SP
667983;18/03/2025;terça-feira;07:45:00;RJ;116;178;NOVA IGUACU;Ausência de reação do condutor;Queda de ocupante de veículo;Com Vítimas Feridas;Pleno dia;Decrescente;Céu Claro;Dupla;Reta;Sim;3;0;1;0;2;0;1;3;-22,74439;-43,449206;SPRF-RJ;DEL06-RJ;UOP01-DEL06-RJ
667996;17/03/2025;segunda-feira;11:05:00;BA;116;247;QUIJINGUE;Acostamento em desnível;Saída de leito carroçável;Com Vítimas Feridas;Pleno dia;Decrescente;Céu Claro;Simples;"Reta;Aclive";Não;2;0;1;0;0;1;1;2;-10,757235;-38,903031;SPRF-BA;DEL07-BA;UOP03-DEL07-BA
667998;18/03/2025;terça-feira;07:00:00;PR;153;355;RIO AZUL;Ausência de reação do condutor;Saída de leito carroçável;Com Vítimas Feridas;Pleno dia;Crescente;Nublado;Simples;Reta;Não;2;0;2;0;0;0;2;1;-25,671;-50,75;SPRF-PR;DEL08-PR;UOP02-DEL08-PR
667999;18/03/2025;terça-feira;09:20:00;RN;226;91,2;TANGARA;Transitar na contramão;Colisão lateral sentido oposto;Com Vítimas Feridas;Pleno dia;Decrescente;Céu Claro;Simples;Reta;Não;2;0;0;1;1;0;1;2;-6,242311;-35,853781;SPRF-RN;DEL03-RN;UOP02-DEL03-RN
668000;18/03/2025;terça-feira;09:40:00;PR;277;644,1;CEU AZUL;Ausência de reação do condutor;Colisão traseira;Com Vítimas Feridas;Pleno dia;Crescente;Céu Claro;Simples;Reta;Não;2;0;1;0;1;0;1;2;-25,17476167;-53,91369754;SPRF-PR;DEL05-PR;UOP02-DEL05-PR
668002;18/03/2025;terça-feira;09:50:00;SE;101;155;ESTANCIA;Mal súbito do condutor;Colisão frontal;Com Vítimas Fatais;Pleno dia;Decrescente;Garoa/Chuvisco;Simples;Curva;Não;4;1;0;0;1;3;0;5;-11,28797167;-37,46761833;SPRF-SE;DEL02-SE;UOP01-DEL02-SE
668005;18/03/2025;terça-feira;05:30:00;MG;381;211,3;NAQUE;Ausência de reação do condutor;Tombamento;Com Vítimas Feridas;Amanhecer;Decrescente;Céu Claro;Simples;"Aclive;Curva";Não;2;0;1;0;1;0;1;1;-19,21164322;-42,30594635;SPRF-MG;DEL06-MG;UOP01-DEL06-MG
668006;18/03/2025;terça-feira;07:00:00;AM;174;991;PRESIDENTE FIGUEIREDO;Carga excessiva e/ou mal acondicionada;Tombamento;Com Vítimas Feridas;Pleno dia;Crescente;Céu Claro;Múltipla;"Aclive;Reta";Sim;2;0;1;0;0;1;1;2;-2,0488494;-60,0257659;SPRF-AM;DEL01-AM;UOP02-DEL01-AM
668009;18/03/2025;terça-feira;04:00:00;PR;277;289;PRUDENTOPOLIS;Ausência de reação do condutor;Saída de leito carroçável;Com Vítimas Fatais;Plena Noite;Crescente;Céu Claro;Simples;Aclive;Não;1;1;0;0;0;0;0;1;-25,3173833;-51,0054389;SPRF-PR;DEL08-PR;UOP02-DEL08-PR
668010;18/03/2025;terça-feira;06:45:00;MG;40;672,5;CARANDAI;Ausência de reação do condutor;Saída de leito carroçável;Com Vítimas Feridas;Pleno dia;Crescente;Céu Claro;Simples;Reta;Não;1;0;1;0;0;0;1;1;-21,03626644;-43,77371013;SPRF-MG;DEL05-MG;UOP02-DEL05-MG
668011;18/03/2025;terça-feira;08:10:00;BA;407;26,7;JUAZEIRO;Velocidade Incompatível;Capotamento;Com Vítimas Fatais;Pleno dia;Crescente;Sol;Simples;Reta;Não;3;1;0;0;1;1;0;3;-9,65490785;-40,39089203;SPRF-BA;DEL04-BA;UOP01-DEL04-BA
668015;18/03/2025;terça-feira;09:40:00;RJ;101;140;CASIMIRO DE ABREU;Ausência de reação do condutor;Saída de leito carroçável;Sem Vítimas;Pleno dia;Crescente;Céu Claro;Dupla;Reta;Não;2;0;0;0;1;1;0;2;-22,4753422;-42,1723699;SPRF-RJ;DEL08-RJ;UOP04-DEL08-RJ
668033;31/01/2025;sexta-feira;23:20:00;SP;116;219;GUARULHOS;Ausência de reação do condutor;Colisão traseira;Com Vítimas Feridas;Plena Noite;Crescente;Chuva;Múltipla;Reta;Sim;5;0;3;0;1;1;3;3;-23,46143954;-46,48885316;SPRF-SP;DEL01-SP;UOP01-DEL01-SP
668036;18/03/2025;terça-feira;13:45:00;SP;116;100,9;PINDAMONHANGABA;Trafegar com motocicleta (ou similar) entre as faixas;Colisão lateral mesmo sentido;Com Vítimas Feridas;Pleno dia;Decrescente;Céu Claro;Múltipla;Reta;Não;2;0;0;1;0;1;1;2;-22,9909008;-45,4797174;SPRF-SP;DEL08-SP;UOP01-DEL08-SP
668038;18/03/2025;terça-feira;13:00:00;PA;10;17;DOM ELISEU;Acessar a via sem observar a presença dos outros veículos;Queda de ocupante de veículo;Com Vítimas Feridas;Pleno dia;Decrescente;Céu Claro;Simples;"Interseção de Vias;Reta";Sim;2;0;1;0;1;0;1;2;-4,299375;-47,556163;SPRF-PA;DEL02-PA;UOP02-DEL02-PA
668039;18/03/2025;terça-feira;08:00:00;BA;116;499,3;SANTA TERESINHA;Reação tardia ou ineficiente do condutor;Saída de leito carroçável;Com Vítimas Feridas;Pleno dia;Decrescente;Chuva;Simples;"Reta;Declive";Não;2;0;1;0;0;9;1;10;-12,603922;-39,551028;SPRF-BA;DEL02-BA;UOP01-DEL02-BA
668040;18/03/2025;terça-feira;08:10:00;BA;116;499,3;SANTA TERESINHA;Reação tardia ou ineficiente do condutor;Colisão traseira;Com Vítimas Feridas;Pleno dia;Decrescente;Chuva;Simples;"Reta;Declive";Não;4;0;1;0;2;1;1;3;-12,603922;-39,551028;SPRF-BA;DEL02-BA;UOP01-DEL02-BA
668042;18/03/2025;terça-feira;12:30:00;MT;70;517;VARZEA GRANDE;Acessar a via sem observar a presença dos outros veículos;Colisão transversal;Com Vítimas Feridas;Pleno dia;Crescente;Céu Claro;Simples;Reta;Sim;3;0;1;1;1;0;2;2;-15,7012883;-56,1608;SPRF-MT;DEL01-MT;UOP02-DEL01-MT
668060;18/03/2025;terça-feira;14:20:00;MG;381;446,3;SANTA LUZIA;Ultrapassagem Indevida;Colisão frontal;Com Vítimas Fatais;Pleno dia;Crescente;Sol;Simples;"Aclive;Reta";Não;2;1;0;0;1;0;0;2;-19,8179258;-43,81103039;SPRF-MG;DEL01-MG;UOP01-DEL01-MG
668062;18/03/2025;terça-feira;10:30:00;RJ;101;405;ITAGUAI;Carga excessiva e/ou mal acondicionada;Colisão transversal;Com Vítimas Feridas;Pleno dia;Decrescente;Sol;Dupla;Reta;Sim;3;0;0;1;1;2;1;4;-22,868568;-43,804133;SPRF-RJ;DEL03-RJ;UOP01-DEL03-RJ
668064;18/03/2025;terça-feira;16:00:00;PR;369;154,2;LONDRINA;Condutor desrespeitou a iluminação vermelha do semáforo;Colisão transversal;Com Vítimas Feridas;Pleno dia;Decrescente;Céu Claro;Dupla;"Retorno Regulamentado;Reta;Interseção de Vias";Sim;2;0;0;1;1;0;1;2;-23,297;-51,202;SPRF-PR;DEL07-PR;UOP01-DEL07-PR
668065;18/03/2025;terça-feira;14:40:00;BA;116;655;JEQUIE;Avarias e/ou desgaste excessivo no pneu;Colisão lateral sentido oposto;Com Vítimas Feridas;Pleno dia;Crescente;Céu Claro;Simples;Reta;Não;2;0;1;0;0;1;1;2;-13,7003338;-40,09580612;SPRF-BA;DEL03-BA;UOP01-DEL03-BA
668070;18/03/2025;terça-feira;16:00:00;MS;163;662;RIO VERDE DE MATO GROSSO;Demais falhas mecânicas ou elétricas;Incêndio;Sem Vítimas;Pleno dia;Crescente;Céu Claro;Simples;"Aclive;Reta";Não;2;0;0;0;1;1;0;2;-19,18464351;-54,75165367;SPRF-MS;DEL06-MS;UOP02-DEL06-MS
668071;18/03/2025;terça-feira;07:50:00;BA;242;554;OLIVEIRA DOS BREJINHOS;Velocidade Incompatível;Colisão lateral mesmo sentido;Com Vítimas Fatais;Pleno dia;Decrescente;Céu Claro;Simples;Reta;Não;4;2;0;0;1;2;0;4;-12,17225105;-42,84334009;SPRF-BA;DEL06-BA;UOP03-DEL06-BA
668077;18/03/2025;terça-feira;16:30:00;MG;50;170,9;UBERABA;Ausência de reação do condutor;Colisão traseira;Sem Vítimas;Pleno dia;Decrescente;Chuva;Dupla;"Curva;Aclive";Sim;3;0;0;0;2;1;0;3;-19,74779595;-47,98298657;SPRF-MG;DEL13-MG;UOP01-DEL13-MG
668078;18/03/2025;terça-feira;17:45:00;GO;60;382;RIO VERDE;Acumulo de água sobre o pavimento;Colisão lateral mesmo sentido;Com Vítimas Feridas;Anoitecer;Crescente;Chuva;Dupla;"Declive;Reta";Sim;2;0;1;0;0;1;1;2;-17,78142731;-50,8960337;SPRF-GO;DEL04-GO;UOP02-DEL04-GO
668081;18/03/2025;terça-feira;15:30:00;MS;163;841;SONORA;Falta de acostamento;Saída de leito carroçável;Com Vítimas Feridas;Pleno dia;Decrescente;Céu Claro;Simples;Reta;Não;2;0;1;0;0;2;1;3;-17,5723085;-54,74158198;SPRF-MS;DEL06-MS;UOP01-DEL06-MS
668082;18/03/2025;terça-feira;17:20:00;MG;381;863,9;POUSO ALEGRE;Pedestre andava na pista;Atropelamento de Pedestre;Com Vítimas Feridas;Anoitecer;Crescente;Céu Claro;Dupla;"Reta;Aclive";Não;2;0;1;0;1;0;1;2;-22,383569;-45,948645;SPRF-MG;DEL16-MG;UOP01-DEL16-MG
668083;18/03/2025;terça-feira;17:40:00;MG;40;529;CONTAGEM;Acumulo de água sobre o pavimento;Engavetamento;Com Vítimas Feridas;Anoitecer;Decrescente;Chuva;Dupla;"Declive;Curva";Sim;4;0;2;0;1;1;2;4;-19,91308734;-44,04061675;SPRF-MG;DEL01-MG;UOP02-DEL01-MG