id;data_inversa;dia_semana;horario;uf;br;km;municipio;causa_acidente;tipo_acidente;classificacao_acidente;fase_dia;sentido_via;condicao_metereologica;tipo_pista;tracado_via;uso_solo;pessoas;mortos;feridos_leves;feridos_graves;ilesos;ignorados;feridos;veiculos;latitude;longitude;regional;delegacia;uop
669499;21/03/2025;sexta-feira;08:30:00;MS;267;233;NOVA ALVORADA DO SUL;Reação tardia ou ineficiente do condutor;Colisão com objeto;Sem Vítimas;Pleno dia;Decrescente;Céu Claro;Simples;Reta;Não;2;0;0;0;1;2;0;3;-21,516445;-54,238086;SPRF-MS;DEL02-MS;UOP01-DEL02-MS
669500;25/03/2025;terça-feira;12:25:00;PR;376;501;PONTA GROSSA;Reação tardia ou ineficiente do condutor;Colisão traseira;Sem Vítimas;Pleno dia;Crescente;Sol;Dupla;Reta;Sim;14;0;0;0;13;2;0;7;-25,162776;-50,121944;SPRF-PR;DEL03-PR;UOP04-DEL03-PR
669508;25/03/2025;terça-feira;15:00:00;ES;101;152,9;LINHARES;Transitar na contramão;Colisão frontal;Com Vítimas Feridas;Pleno dia;Crescente;Céu Claro;Simples;Curva;Não;4;0;2;0;1;2;2;4;-19,42346258;-40,0788129;SPRF-ES;DEL04-ES;UOP01-DEL04-ES
669514;25/03/2025;terça-feira;15:50:00;MG;40;747,9;SANTOS DUMONT;Falta de acostamento;Colisão lateral mesmo sentido;Com Vítimas Feridas;Pleno dia;Decrescente;Nublado;Simples;"Curva;Declive";Sim;3;0;1;0;1;2;1;4;-21,4780802;-43,54578137;SPRF-MG;DEL05-MG;UOP01-DEL05-MG
669515;25/03/2025;terça-feira;16:10:00;PR;277;70;SAO JOSE DOS PINHAIS;Condutor deixou de manter distância do veículo da frente;Colisão traseira;Sem Vítimas;Pleno dia;Crescente;Céu Claro;Dupla;Interseção de Vias;Não;3;0;0;0;2;1;0;3;-25,51176517;-49,12745649;SPRF-PR;DEL01-PR;UOP01-DEL01-PR
669517;25/03/2025;terça-feira;16:10:00;DF;60;8,7;BRASILIA;Reação tardia ou ineficiente do condutor;Saída de leito carroçável;Com Vítimas Feridas;Pleno dia;Crescente;Nublado;Dupla;Reta;Sim;2;0;1;0;0;2;1;3;-15,90532;-48,138197;SPRF-DF;DEL03-DF;UOP01-DEL03-DF
669518;25/03/2025;terça-feira;16:00:00;DF;70;11,9;BRASILIA;Acessar a via sem observar a presença dos outros veículos;Colisão transversal;Com Vítimas Fatais;Pleno dia;Decrescente;Nublado;Dupla;"Reta;Interseção de Vias";Sim;4;1;0;1;2;0;1;2;-15,793191;-48,160552;SPRF-DF;DEL03-DF;UOP02-DEL03-DF
669521;25/03/2025;terça-feira;11:15:00;MG;262;568,3;CORREGO DANTA;Velocidade Incompatível;Colisão frontal;Com Vítimas Fatais;Pleno dia;Decrescente;Chuva;Simples;"Declive;Curva";Não;3;1;0;0;1;2;0;4;-19,72863079;-46,01982549;SPRF-MG;DEL08-MG;UOP02-DEL08-MG
669527;25/03/2025;terça-feira;17:15:00;SC;101;207;SAO JOSE;Manobra de mudança de faixa;Colisão traseira;Com Vítimas Feridas;Pleno dia;Crescente;Nublado;Múltipla;"Curva;Aclive";Não;4;0;0;1;2;1;1;3;-27,600992;-48,623542;SPRF-SC;DEL01-SC;UOP01-DEL01-SC
669528;25/03/2025;terça-feira;14:45:00;PA;222;182;BOM JESUS DO TOCANTINS;Reação tardia ou ineficiente do condutor;Colisão frontal;Com Vítimas Fatais;Pleno dia;Crescente;Chuva;Simples;"Declive;Reta";Não;5;1;1;1;1;1;2;3;-5,077352;-48,683348;SPRF-PA;DEL03-PA;UOP01-DEL03-PA
669538;25/03/2025;terça-feira;18:00:00;ES;101;285,3;CARIACICA;Acessar a via sem observar a presença dos outros veículos;Colisão lateral mesmo sentido;Com Vítimas Feridas;Anoitecer;Crescente;Céu Claro;Dupla;Retorno Regulamentado;Sim;3;0;0;1;1;1;1;3;-20,2520592;-40,3729313;SPRF-ES;DEL01-ES;UOP01-DEL01-ES
669555;25/03/2025;terça-feira;17:50:00;MS;163;548;BANDEIRANTES;Transitar na contramão;Colisão lateral sentido oposto;Com Vítimas Feridas;Plena Noite;Decrescente;Céu Claro;Simples;Aclive;Sim;3;0;0;1;1;1;1;3;-19,9257419;-54,36641151;SPRF-MS;DEL01-MS;UOP02-DEL01-MS
669557;25/03/2025;terça-feira;16:30:00;PA;10;262,1;AURORA DO PARA;Conversão proibida;Colisão transversal;Com Vítimas Feridas;Pleno dia;Crescente;Sol;Simples;Reta;Sim;3;0;1;0;2;0;1;2;-2,14252114;-47,56118774;SPRF-PA;DEL02-PA;UOP01-DEL02-PA
669559;25/03/2025;terça-feira;17:00:00;SC;282;54,3;AGUAS MORNAS;Velocidade Incompatível;Colisão frontal;Com Vítimas Feridas;Pleno dia;Decrescente;Chuva;Simples;"Curva;Declive";Não;2;0;1;0;1;0;1;2;-27,68806;-48,976397;SPRF-SC;DEL01-SC;UOP03-DEL01-SC
669567;25/03/2025;terça-feira;20:30:00;SP;116;206;GUARULHOS;Estacionar ou parar em local proibido;Colisão traseira;Com Vítimas Feridas;Plena Noite;Decrescente;Vento;Múltipla;Reta;Sim;2;0;1;0;1;0;1;2;-23,41712737;-46,37408828;SPRF-SP;DEL01-SP;UOP01-DEL01-SP
669576;25/03/2025;terça-feira;19:30:00;MT;364;208;RONDONOPOLIS;Ausência de reação do condutor;Colisão lateral mesmo sentido;Com Vítimas Feridas;Plena Noite;Crescente;Céu Claro;Dupla;Reta;Sim;3;0;1;0;1;2;1;4;-16,436687;-54,681439;SPRF-MT;DEL02-MT;UOP01-DEL02-MT
669580;25/03/2025;terça-feira;19:28:00;MG;116;406,4;GOVERNADOR VALADARES;Ultrapassagem Indevida;Colisão lateral mesmo sentido;Sem Vítimas;Plena Noite;Crescente;Céu Claro;Simples;"Ponte;Reta";Não;3;0;0;0;3;0;0;2;-18,78400531;-41,98813677;SPRF-MG;DEL06-MG;UOP01-DEL06-MG
669583;25/03/2025;terça-feira;19:25:00;MG;365;139,8;VARZEA DA PALMA;Reação tardia ou ineficiente do condutor;Colisão com objeto;Com Vítimas Feridas;Plena Noite;Crescente;Nublado;Simples;Curva;Não;2;0;1;0;0;1;1;2;-17,196456;-44,820867;SPRF-MG;DEL12-MG;UOP01-DEL12-MG
669584;13/02/2025;quinta-feira;13:00:00;ES;101;125,6;SOORETAMA;Transitar no Acostamento;Colisão lateral mesmo sentido;Com Vítimas Fatais;Pleno dia;Crescente;Céu Claro;Múltipla;Reta;Sim;4;1;0;0;2;1;0;4;-19,18496498;-40,09429827;SPRF-ES;DEL04-ES;UOP01-DEL04-ES
669588;25/03/2025;terça-feira;21:50:00;PI;343;345;TERESINA;Desrespeitar a preferência no cruzamento;Colisão transversal;Sem Vítimas;Plena Noite;Crescente;Céu Claro;Dupla;Interseção de Vias;Não;2;0;0;0;2;0;0;2;-5,10557407;-42,7680039;SPRF-PI;DEL01-PI;UOP01-DEL01-PI
669589;25/03/2025;terça-feira;19:15:00;PR;373;199,1;IPIRANGA;Acessar a via sem observar a presença dos outros veículos;Colisão transversal;Com Vítimas Feridas;Plena Noite;Decrescente;Nublado;Simples;"Interseção de Vias;Curva";Não;3;0;1;0;1;1;1;3;-25,0859829;-50,4105256;SPRF-PR;DEL03-PR;UOP01-DEL03-PR
669591;25/03/2025;terça-feira;21:50:00;SP;116;22,9;LAVRINHAS;Demais falhas mecânicas ou elétricas;Incêndio;Sem Vítimas;Plena Noite;Crescente;Céu Claro;Dupla;Reta;Não;2;0;0;0;1;1;0;2;-22,560035;-44,8588067;SPRF-SP;DEL08-SP;UOP02-DEL08-SP
669592;25/03/2025;terça-feira;22:15:00;SC;101;27,2;JOINVILLE;Manobra de mudança de faixa;Colisão com objeto;Com Vítimas Feridas;Pleno dia;Crescente;Chuva;Dupla;"Reta;Viaduto";Sim;3;0;2;0;1;0;2;2;-26,20365613;-48,91405106;SPRF-SC;DEL03-SC;UOP01-DEL03-SC
669597;25/03/2025;terça-feira;20:50:00;MG;116;220;CATUJI;Reação tardia ou ineficiente do condutor;Saída de leito carroçável;Com Vítimas Fatais;Plena Noite;Crescente;Céu Claro;Simples;"Curva;Em Obras";Não;2;1;1;0;0;0;1;1;-17,412168;-41,513566;SPRF-MG;DEL11-MG;UOP01-DEL11-MG
669598;26/03/2025;quarta-feira;00:55:00;DF;60;13,2;BRASILIA;Ingestão de álcool pelo condutor;Colisão transversal;Sem Vítimas;Plena Noite;Crescente;Nublado;Dupla;Reta;Não;4;0;0;0;1;3;0;4;-15,928813;-48,167781;SPRF-DF;DEL03-DF;UOP01-DEL03-DF
669607;25/03/2025;terça-feira;21:30:00;SC;470;192;POUSO REDONDO;Problema com o freio;Colisão com objeto;Com Vítimas Feridas;Plena Noite;Decrescente;Chuva;Simples;"Curva;Declive";Não;3;0;2;0;0;1;2;2;-27,25597148;-50,0452087;SPRF-SC;DEL04-SC;UOP02-DEL04-SC
669616;26/03/2025;quarta-feira;05:50:00;PE;232;11;JABOATAO DOS GUARARAPES;Demais falhas mecânicas ou elétricas;Tombamento;Com Vítimas Feridas;Pleno dia;Crescente;Céu Claro;Dupla;Reta;Não;1;0;1;0;0;0;1;1;-8,0876;-35,00952;SPRF-PE;DEL01-PE;UOP01-DEL01-PE
669634;26/03/2025;quarta-feira;06:55:00;BA;135;125;RIACHAO DAS NEVES;Ultrapassagem Indevida;Colisão lateral sentido oposto;Com Vítimas Feridas;Amanhecer;Decrescente;Chuva;Simples;"Curva;Declive";Não;5;0;0;1;2;7;1;10;-11,765;-44,908;SPRF-BA;DEL10-BA;UOP01-DEL10-BA
669635;26/03/2025;quarta-feira;07:40:00;SP;116;308;SAO LOURENCO DA SERRA;Ausência de reação do condutor;Tombamento;Com Vítimas Feridas;Pleno dia;Crescente;Céu Claro;Dupla;"Rotatória;Retorno Regulamentado";Sim;2;0;1;0;1;0;1;1;-23,85802978;-46,94428327;SPRF-SP;DEL04-SP;UOP01-DEL04-SP
669636;26/03/2025;quarta-feira;08:12:00;SP;116;351;MIRACATU;Demais falhas mecânicas ou elétricas;Incêndio;Sem Vítimas;Pleno dia;Crescente;Céu Claro;Dupla;"Declive;Reta";Não;2;0;0;0;1;2;0;3;-24,06349697;-47,2305443;SPRF-SP;DEL04-SP;UOP03-DEL04-SP
669637;26/03/2025;quarta-feira;07:50:00;GO;153;511;APARECIDA DE GOIANIA;Velocidade Incompatível;Colisão traseira;Com Vítimas Feridas;Pleno dia;Decrescente;Céu Claro;Dupla;Reta;Não;2;0;1;0;1;0;1;2;-16,82604666;-49,24241781;SPRF-GO;DEL01-GO;UOP03-DEL01-GO
669640;26/03/2025;quarta-feira;06:50:00;MT;163;823;SINOP;Retorno proibido;Colisão transversal;Com Vítimas Feridas;Pleno dia;Decrescente;Nublado;Simples;Reta;Sim;5;0;0;3;1;2;3;5;-11,96368221;-55,51696837;SPRF-MT;DEL06-MT;UOP02-DEL06-MT
669648;24/03/2025;segunda-feira;08:15:00;PR;0;0;CAMBE;Condutor deixou de manter distância do veículo da frente;Colisão traseira;Com Vítimas Feridas;Pleno dia;Não Informado;Sol;Dupla;Reta;Sim;3;0;1;0;2;0;1;3;-23,283532;-51,245722;SPRF-PR;DEL07-PR;UOP01-DEL07-PR
669650;26/03/2025;quarta-feira;09:20:00;ES;101;236,1;FUNDAO;Demais falhas mecânicas ou elétricas;Colisão com objeto;Com Vítimas Feridas;Pleno dia;Crescente;Nublado;Simples;Curva;Não;3;0;1;1;1;0;2;2;-19,96983296;-40,40698887;SPRF-ES;DEL02-ES;UOP01-DEL02-ES
669659;26/03/2025;quarta-feira;07:45:00;MG;364;34;FRUTAL;Acumulo de areia ou detritos sobre o pavimento;Colisão frontal;Com Vítimas Feridas;Pleno dia;Crescente;Chuva;Simples;Declive;Sim;4;0;2;0;1;1;2;3;-20,0029961;-48,94365728;SPRF-MG;DEL13-MG;UOP02-DEL13-MG
669660;26/03/2025;quarta-feira;10:15:00;GO;50;113,7;CRISTALINA;Chuva;Capotamento;Com Vítimas Feridas;Pleno dia;Decrescente;Chuva;Dupla;Reta;Não;2;0;1;0;0;1;1;2;-16,888188;-47,6802;SPRF-DF;DEL01-DF;UOP02-DEL01-DF
669663;26/03/2025;quarta-feira;10:10:00;SC;101;152;PORTO BELO;Ausência de reação do condutor;Colisão traseira;Sem Vítimas;Pleno dia;Crescente;Céu Claro;Múltipla;Retorno Regulamentado;Não;2;0;0;0;1;1;0;2;-27,14390801;-48,6104281;SPRF-SC;DEL04-SC;UOP03-DEL04-SC
669669;26/03/2025;quarta-feira;07:20:00;SC;101;324;CAPIVARI DE BAIXO;Condutor deixou de manter distância do veículo da frente;Colisão traseira;Com Vítimas Feridas;Pleno dia;Crescente;Céu Claro;Dupla;Reta;Sim;2;0;0;1;1;0;1;2;-28,44295201;-48,96689326;SPRF-SC;DEL02-SC;UOP01-DEL02-SC
669670;26/03/2025;quarta-feira;08:10:00;SC;101;311;LAGUNA;Ausência de reação do condutor;Colisão traseira;Com Vítimas Feridas;Pleno dia;Crescente;Nublado;Dupla;Reta;Não;2;0;0;1;1;0;1;2;-28,4403;-48,8143;SPRF-SC;DEL02-SC;UOP01-DEL02-SC
669671;26/03/2025;quarta-feira;10:00:00;PE;101;87,6;JABOATAO DOS GUARARAPES;Transitar na contramão;Colisão lateral sentido oposto;Sem Vítimas;Pleno dia;Decrescente;Céu Claro;Dupla;Reta;Sim;3;0;0;0;1;3;0;4;-8,19463;-34,97592;SPRF-PE;DEL01-PE;UOP01-DEL01-PE
669672;26/03/2025;quarta-feira;10:30:00;SP;116;348;MIRACATU;Reação tardia ou ineficiente do condutor;Derramamento de carga;Com Vítimas Feridas;Pleno dia;Crescente;Céu Claro;Dupla;Curva;Não;6;0;0;1;4;2;1;7;-24,05166122;-47,20306629;SPRF-SP;DEL04-SP;UOP03-DEL04-SP
669675;26/03/2025;quarta-feira;11:40:00;GO;70;455;ARAGARCAS;Retorno proibido;Colisão transversal;Com Vítimas Feridas;Pleno dia;Crescente;Céu Claro;Simples;"Declive;Curva";Não;4;0;2;0;1;3;2;5;-15,910588;-52,02945;SPRF-GO;DEL04-GO;UOP02-DEL04-GO
669676;26/03/2025;quarta-feira;07:40:00;SC;116;48,2;PAPANDUVA;Manobra de mudança de faixa;Tombamento;Com Vítimas Feridas;Pleno dia;Decrescente;Nublado;Simples;"Reta;Declive";Não;4;0;1;0;1;3;1;5;-26,364953;-50,120688;SPRF-SC;DEL06-SC;UOP01-DEL06-SC
669680;26/03/2025;quarta-feira;09:30:00;PR;116;42;CAMPINA GRANDE DO SUL;Velocidade Incompatível;Tombamento;Com Vítimas Feridas;Pleno dia;Crescente;Garoa/Chuvisco;Simples;Curva;Não;3;0;1;0;1;2;1;3;-25,18454871;-48,88028556;SPRF-PR;DEL01-PR;UOP02-DEL01-PR
669682;14/02/2025;sexta-feira;09:25:00;PR;116;107;SAO JOSE DOS PINHAIS;Reação tardia ou ineficiente do condutor;Engavetamento;Com Vítimas Feridas;Pleno dia;Crescente;Sol;Dupla;Reta;Não;4;0;1;0;2;1;1;4;-25,569749;-49,2211;SPRF-PR;DEL01-PR;UOP03-DEL01-PR
669685;26/03/2025;quarta-feira;11:00:00;PE;101;105;CABO DE SANTO AGOSTINHO;Condutor deixou de manter distância do veículo da frente;Colisão traseira;Com Vítimas Feridas;Pleno dia;Crescente;Céu Claro;Dupla;"Aclive;Reta";Não;4;0;1;0;2;1;1;3;-8,30331;-35,07049;SPRF-PE;DEL01-PE;UOP03-DEL01-PE
669690;26/03/2025;quarta-feira;06:30:00;SC;470;270,5;CURITIBANOS;Demais falhas na via;Tombamento;Com Vítimas Feridas;Amanhecer;Crescente;Nevoeiro/Neblina;Simples;Reta;Não;2;0;0;1;0;1;1;2;-27,31870459;-50,76833725;SPRF-SC;DEL07-SC;UOP06-DEL07-SC
669692;26/03/2025;quarta-feira;12:40:00;GO;40;77,2;CRISTALINA;Ausência de reação do condutor;Colisão frontal;Com Vítimas Fatais;Pleno dia;Crescente;Nublado;Simples;Reta;Não;5;1;2;0;2;0;2;2;-16,6531;-47,73362;SPRF-DF;DEL01-DF;UOP02-DEL01-DF
669695;26/03/2025;quarta-feira;08:40:00;PI;230;160;SAO JOAO DA VARJOTA;Reação tardia ou ineficiente do condutor;Saída de leito carroçável;Com Vítimas Feridas;Pleno dia;Crescente;Céu Claro;Simples;"Reta;Declive";Não;3;0;1;0;0;2;1;3;-6,92949419;-41,87147141;SPRF-PI;DEL04-PI;UOP01-DEL04-PI
669700;26/03/2025;quarta-feira;13:30:00;BA;116;384;SANTA BARBARA;Condutor deixou de manter distância do veículo da frente;Colisão traseira;Com Vítimas Feridas;Pleno dia;Decrescente;Sol;Simples;"Aclive;Reta";Não;4;0;2;0;2;0;2;2;-11,89164;-38,98112;SPRF-BA;DEL02-BA;UOP01-DEL02-BA
669704;26/03/2025;quarta-feira;12:50:00;BA;116;26,9;VITORIA DA CONQUISTA;Acostamento em desnível;Tombamento;Com Vítimas Feridas;Pleno dia;Crescente;Céu Claro;Simples;Curva;Não;1;0;1;0;0;0;1;1;-14,871256;-40,871536;SPRF-BA;DEL08-BA;UOP01-DEL08-BA
669709;13/03/2025;quinta-feira;10:40:00;MG;262;702,6;ARAXA;Reação tardia ou ineficiente do condutor;Colisão lateral mesmo sentido;Sem Vítimas;Pleno dia;Decrescente;Céu Claro;Simples;"Ponte;Reta;Em Obras";Não;8;0;0;0;7;2;0;8;-19,57241464;-47,04709625;SPRF-MG;DEL08-MG;UOP01-DEL08-MG
669710;26/03/2025;quarta-feira;14:30:00;SC;101;205;SAO JOSE;Ausência de reação do condutor;Colisão lateral mesmo sentido;Com Vítimas Feridas;Pleno dia;Decrescente;Céu Claro;Múltipla;Reta;Não;2;0;1;0;1;0;1;2;-27,58209415;-48,61478627;SPRF-SC;DEL01-SC;UOP01-DEL01-SC
669712;26/03/2025;quarta-feira;11:50:00;MG;381;293,7;ANTONIO DIAS;Velocidade Incompatível;Colisão traseira;Com Vítimas Fatais;Pleno dia;Decrescente;Nublado;Simples;"Viaduto;Curva;Declive;Em Obras";Não;5;1;1;0;2;1;1;4;-19,6400816;-42,81358123;SPRF-MG;DEL03-MG;UOP02-DEL03-MG
669716;26/03/2025;quarta-feira;11:50:00;MG;251;467,6;MONTES CLAROS;Chuva;Colisão lateral sentido oposto;Com Vítimas Feridas;Pleno dia;Crescente;Chuva;Simples;"Reta;Declive";Não;4;0;1;0;2;1;1;3;-16,653687;-43,717919;SPRF-MG;DEL12-MG;UOP01-DEL12-MG
669721;26/03/2025;quarta-feira;14:35:00;MT;163;91,5;RONDONOPOLIS;Avarias e/ou desgaste excessivo no pneu;Saída de leito carroçável;Com Vítimas Fatais;Pleno dia;Decrescente;Céu Claro;Dupla;"Reta;Declive";Não;2;1;0;0;0;2;0;3;-16,72321;-54,64814;SPRF-MT;DEL02-MT;UOP03-DEL02-MT
669722;26/03/2025;quarta-feira;14:15:00;MT;163;982;TERRA NOVA DO NORTE;Ingestão de álcool pelo condutor;Colisão frontal;Sem Vítimas;Pleno dia;Decrescente;Sol;Simples;"Interseção de Vias;Declive;Curva";Não;3;0;0;0;2;3;0;5;-10,63331974;-55,13257027;SPRF-MT;DEL06-MT;UOP03-DEL06-MT
669726;26/03/2025;quarta-feira;16:50:00;SC;101;216,5;PALHOCA;Manobra de mudança de faixa;Colisão transversal;Com Vítimas Feridas;Pleno dia;Decrescente;Céu Claro;Múltipla;Interseção de Vias;Não;3;0;0;1;1;1;1;3;-27,664041;-48,675199;SPRF-SC;DEL01-SC;UOP02-DEL01-SC
669734;26/03/2025;quarta-feira;14:40:00;MG;116;780,7;LEOPOLDINA;Velocidade Incompatível;Tombamento;Com Vítimas Feridas;Pleno dia;Decrescente;Nublado;Simples;Curva;Não;2;0;1;0;0;2;1;3;-21,619725;-42,691075;SPRF-MG;DEL07-MG;UOP01-DEL07-MG
669741;26/03/2025;quarta-feira;18:05:00;PR;376;614;SAO JOSE DOS PINHAIS;Manobra de mudança de faixa;Colisão traseira;Com Vítimas Feridas;Anoitecer;Decrescente;Nublado;Dupla;Reta;Não;2;0;1;0;1;0;1;2;-25,57250675;-49,18051529;SPRF-PR;DEL01-PR;UOP03-DEL01-PR
669748;26/03/2025;quarta-feira;18:55:00;RS;285;567,7;SAO LUIZ GONZAGA;Ingestão de álcool pelo condutor;Colisão traseira;Sem Vítimas;Anoitecer;Crescente;Céu Claro;Simples;Reta;Não;3;0;0;0;3;0;0;3;-28,41935137;-54,95712496;SPRF-RS;DEL12-RS;UOP01-DEL12-RS
669749;26/03/2025;quarta-feira;12:00:00;MT;163;761;SORRISO;Reação tardia ou ineficiente do condutor;Tombamento;Com Vítimas Feridas;Plena Noite;Decrescente;Garoa/Chuvisco;Simples;"Declive;Reta";Não;1;0;1;0;0;0;1;1;-12,482842;-55,679117;SPRF-MT;DEL06-MT;UOP01-DEL06-MT
669752;26/03/2025;quarta-feira;18:30:00;SP;116;112;TAUBATE;Manobra de mudança de faixa;Colisão lateral mesmo sentido;Com Vítimas Feridas;Plena Noite;Decrescente;Nublado;Dupla;Reta;Não;4;0;1;0;1;2;1;4;-23,04588909;-45,58492139;SPRF-SP;DEL02-SP;UOP02-DEL02-SP
669753;26/03/2025;quarta-feira;16:30:00;RJ;40;36,5;PETROPOLIS;Pista Escorregadia;Colisão com objeto;Com Vítimas Feridas;Pleno dia;Crescente;Chuva;Dupla;Curva;Não;1;0;1;0;0;0;1;1;-22,2855168;-43,122688;SPRF-RJ;DEL05-RJ;UOP02-DEL05-RJ
669758;26/03/2025;quarta-feira;13:05:00;PA;163;119;NOVO PROGRESSO;Condutor deixou de manter distância do veículo da frente;Colisão traseira;Com Vítimas Feridas;Pleno dia;Crescente;Céu Claro;Simples;Reta;Não;3;0;1;0;1;3;1;5;-9,45718968;-54,86297607;SPRF-MT;DEL06-MT;UOP03-DEL06-MT
669761;26/03/2025;quarta-feira;18:45:00;RS;287;402;SANTIAGO;Desrespeitar a preferência no cruzamento;Colisão transversal;Sem Vítimas;Anoitecer;Decrescente;Céu Claro;Simples;Interseção de Vias;Não;4;0;0;0;4;0;0;2;-29,14850184;-54,8869801;SPRF-RS;DEL12-RS;UOP02-DEL12-RS
669765;26/03/2025;quarta-feira;18:00:00;MG;116;658,8;SAO FRANCISCO DO GLORIA;Acumulo de areia ou detritos sobre o pavimento;Colisão traseira;Com Vítimas Feridas;Anoitecer;Decrescente;Chuva;Simples;Reta;Não;5;0;1;0;4;0;1;2;-20,78933788;-42,29950905;SPRF-MG;DEL07-MG;UOP02-DEL07-MG
669766;26/03/2025;quarta-feira;19:20:00;PR;376;333,9;ORTIGUEIRA;Transitar na contramão;Colisão frontal;Com Vítimas Feridas;Plena Noite;Crescente;Nublado;Simples;Reta;Sim;2;0;0;1;1;0;1;2;-24,113614;-51,033289;SPRF-PR;DEL07-PR;UOP02-DEL07-PR
669768;28/02/2025;sexta-feira;12:55:00;PA;163;424;ITAITUBA;Velocidade Incompatível;Colisão lateral sentido oposto;Com Vítimas Feridas;Anoitecer;Decrescente;Chuva;Dupla;"Aclive;Curva";Não;4;0;0;1;1;6;1;8;-6,10752;-55,61864;SPRF-PA;DEL05-PA;UOP03-DEL05-PA
669771;05/01/2025;domingo;17:06:00;ES;259;59,1;COLATINA;Condutor desrespeitou a iluminação vermelha do semáforo;Colisão transversal;Com Vítimas Feridas;Pleno dia;Crescente;Céu Claro;Simples;"Retorno Regulamentado;Reta";Sim;4;0;0;2;1;1;2;3;-19,52125411;-40,66594194;SPRF-ES;DEL02-ES;UOP01-DEL02-ES
669773;26/03/2025;quarta-feira;20:30:00;RN;304;6,6;MOSSORO;Acumulo de óleo sobre o pavimento;Saída de leito carroçável;Com Vítimas Feridas;Plena Noite;Crescente;Céu Claro;Simples;Declive;Não;4;0;2;0;0;2;2;3;-4,930558;-37,414938;SPRF-RN;DEL04-RN;UOP02-DEL04-RN
669777;26/03/2025;quarta-feira;18:00:00;MG;262;843;UBERABA;Reação tardia ou ineficiente do condutor;Colisão traseira;Com Vítimas Feridas;Anoitecer;Crescente;Céu Claro;Dupla;Reta;Não;4;0;2;0;1;1;2;3;-19,756072;-48,277725;SPRF-MG;DEL13-MG;UOP01-DEL13-MG
669778;26/03/2025;quarta-feira;21:00:00;CE;222;147;IRAUCUBA;Ingestão de álcool pelo condutor;Colisão traseira;Com Vítimas Fatais;Plena Noite;Decrescente;Nublado;Simples;Reta;Não;2;1;0;0;0;1;0;2;-3,75009164;-39,77123553;SPRF-CE;DEL04-CE;UOP03-DEL04-CE
669783;26/03/2025;quarta-feira;21:45:00;MT;70;516;VARZEA GRANDE;Transitar na contramão;Colisão lateral sentido oposto;Com Vítimas Feridas;Plena Noite;Crescente;Céu Claro;Simples;Reta;Sim;2;0;1;0;0;1;1;2;-15,70556722;-56,14475962;SPRF-MT;DEL01-MT;UOP02-DEL01-MT
669785;26/03/2025;quarta-feira;23:20:00;PR;476;115;COLOMBO;Condutor Dormindo;Colisão lateral sentido oposto;Com Vítimas Feridas;Plena Noite;Crescente;Céu Claro;Dupla;Reta;Sim;3;0;1;0;1;1;1;3;-25,348169;-49,16224;SPRF-PR;DEL01-PR;UOP01-DEL01-PR
669787;27/03/2025;quinta-feira;00:20:00;SC;101;112;NAVEGANTES;Reação tardia ou ineficiente do condutor;Colisão traseira;Com Vítimas Feridas;Plena Noite;Decrescente;Céu Claro;Dupla;Reta;Sim;2;0;0;1;1;0;1;2;-26,84282019;-48,7174505;SPRF-SC;DEL04-SC;UOP04-DEL04-SC
669793;26/03/2025;quarta-feira;14:30:00;MG;381;402;BOM JESUS DO AMPARO;Demais falhas mecânicas ou elétricas;Colisão com objeto;Sem Vítimas;Pleno dia;Decrescente;Céu Claro;Simples;"Curva;Rotatória";Não;1;0;0;0;1;0;0;1;-19,73970783;-43,50923359;SPRF-MG;DEL01-MG;UOP01-DEL01-MG
669795;26/03/2025;quarta-feira;20:30:00;RJ;40;97;DUQUE DE CAXIAS;Problema com o freio;Tombamento;Com Vítimas Feridas;Plena Noite;Crescente;Céu Claro;Dupla;"Curva;Declive";Não;2;0;1;0;0;1;1;2;-22,57345127;-43,27690233;SPRF-RJ;DEL01-RJ;UOP01-DEL01-RJ
669796;27/03/2025;quinta-feira;01:30:00;BA;20;148;SAO DESIDERIO;Demais falhas mecânicas ou elétricas;Incêndio;Sem Vítimas;Plena Noite;Decrescente;Céu Claro;Simples;Reta;Não;2;0;0;0;1;1;0;2;-12,60616586;-45,91323853;SPRF-BA;DEL10-BA;UOP01-DEL10-BA
669800;27/03/2025;quinta-feira;05:25:00;PR;153;31,2;SANTO ANTONIO DA PLATINA;Ausência de reação do condutor;Colisão transversal;Com Vítimas Feridas;Amanhecer;Decrescente;Céu Claro;Simples;Reta;Não;4;0;2;0;1;3;2;5;-23,22541529;-50,02525395;SPRF-PR;DEL07-PR;UOP04-DEL07-PR
669803;27/03/2025;quinta-feira;06:38:00;MG;153;156;FRUTAL;Ausência de reação do condutor;Saída de leito carroçável;Com Vítimas Feridas;Amanhecer;Crescente;Céu Claro;Simples;Reta;Não;2;0;1;0;0;2;1;3;-19,9205087;-48,9610277;SPRF-MG;DEL13-MG;UOP02-DEL13-MG
669805;27/03/2025;quinta-feira;06:40:00;SC;101;357;SANGAO;Ausência de reação do condutor;Saída de leito carroçável;Com Vítimas Feridas;Amanhecer;Decrescente;Céu Claro;Dupla;Curva;Não;2;0;1;0;0;1;1;2;-28,63990759;-49,09891779;SPRF-SC;DEL02-SC;UOP01-DEL02-SC
669812;27/03/2025;quinta-feira;07:15:00;SP;116;353;MIRACATU;Demais falhas mecânicas ou elétricas;Colisão traseira;Com Vítimas Feridas;Pleno dia;Crescente;Céu Claro;Dupla;"Reta;Declive";Não;5;0;1;0;4;0;1;2;-24,267568;-47,3932467;SPRF-SP;DEL04-SP;UOP03-DEL04-SP