id;data_inversa;dia_semana;horario;uf;br;km;municipio;causa_acidente;tipo_acidente;classificacao_acidente;fase_dia;sentido_via;condicao_metereologica;tipo_pista;tracado_via;uso_solo;pessoas;mortos;feridos_leves;feridos_graves;ilesos;ignorados;feridos;veiculos;latitude;longitude;regional;delegacia;uop
670045;28/03/2025;sexta-feira;06:00:00;CE;222;281,5;FRECHEIRINHA;Demais falhas mecânicas ou elétricas;Incêndio;Sem Vítimas;Amanhecer;Decrescente;Céu Claro;Simples;Reta;Não;2;0;0;0;1;2;0;3;-3,73726;-40,83053;SPRF-CE;DEL04-CE;UOP02-DEL04-CE
670050;18/02/2025;terça-feira;15:40:00;SC;116;105;MONTE CASTELO;Ultrapassagem Indevida;Colisão frontal;Com Vítimas Feridas;Pleno dia;Crescente;Chuva;Simples;Curva;Não;5;0;1;0;3;1;1;5;-26,75095005;-50,31749478;SPRF-SC;DEL06-SC;UOP02-DEL06-SC
670053;28/03/2025;sexta-feira;00:01:00;BA;101;784;ITABELA;Demais falhas mecânicas ou elétricas;Incêndio;Sem Vítimas;Plena Noite;Decrescente;Céu Claro;Simples;Curva;Não;2;0;0;0;1;1;0;2;-16,848855;-39,489132;SPRF-BA;DEL09-BA;UOP01-DEL09-BA
670058;28/03/2025;sexta-feira;08:30:00;RO;364;340;JI-PARANA;Condutor deixou de manter distância do veículo da frente;Colisão lateral mesmo sentido;Com Vítimas Feridas;Pleno dia;Decrescente;Céu Claro;Dupla;Reta;Sim;2;0;1;0;1;0;1;2;-10,892427;-61,930628;SPRF-RO;DEL02-RO;UOP01-DEL02-RO
670078;20/03/2025;quinta-feira;13:20:00;PR;163;11;BARRACAO;Acessar a via sem observar a presença dos outros veículos;Colisão transversal;Com Vítimas Feridas;Pleno dia;Crescente;Céu Claro;Simples;"Reta;Declive";Sim;3;0;1;0;2;0;1;2;-26,261045;-53,608612;SPRF-PR;DEL02-PR;UOP02-DEL02-PR
670081;17/03/2025;segunda-feira;07:45:00;SP;116;112;TAUBATE;Reação tardia ou ineficiente do condutor;Colisão com objeto;Com Vítimas Feridas;Pleno dia;Crescente;Céu Claro;Dupla;Reta;Sim;3;0;1;0;1;1;1;3;-23,0414661;-45,56849957;SPRF-SP;DEL02-SP;UOP02-DEL02-SP
670087;28/03/2025;sexta-feira;11:30:00;BA;407;230;CAPIM GROSSO;Faixas de trânsito com largura insuficiente;Colisão lateral mesmo sentido;Com Vítimas Feridas;Pleno dia;Crescente;Sol;Simples;"Curva;Rotatória";Sim;3;0;0;1;1;1;1;3;-11,37332;-40,01155;SPRF-BA;DEL04-BA;UOP02-DEL04-BA
670088;28/03/2025;sexta-feira;13:16:00;BA;101;129,7;ARAMARI;Reação tardia ou ineficiente do condutor;Colisão lateral sentido oposto;Com Vítimas Feridas;Pleno dia;Crescente;Céu Claro;Simples;"Em Obras;Reta";Não;4;0;0;1;2;4;1;7;-12,177958;-38,577373;SPRF-BA;DEL01-BA;UOP04-DEL01-BA
670089;28/03/2025;sexta-feira;09:50:00;RJ;40;22;TRES RIOS;Velocidade Incompatível;Tombamento;Com Vítimas Feridas;Pleno dia;Crescente;Céu Claro;Dupla;Curva;Sim;2;0;0;1;0;1;1;2;-22,12786;-43,15599203;SPRF-RJ;DEL05-RJ;UOP02-DEL05-RJ
670096;28/03/2025;sexta-feira;11:30:00;MT;163;548;DIAMANTINO;Reação tardia ou ineficiente do condutor;Saída de leito carroçável;Com Vítimas Feridas;Pleno dia;Crescente;Nublado;Dupla;"Em Obras;Reta";Não;2;0;1;0;0;3;1;4;-14,240936;-56,122411;SPRF-MT;DEL01-MT;UOP01-DEL01-MT
670105;20/03/2025;quinta-feira;16:45:00;MG;40;530;CONTAGEM;Reação tardia ou ineficiente do condutor;Engavetamento;Com Vítimas Feridas;Pleno dia;Decrescente;Chuva;Dupla;"Reta;Declive";Sim;5;0;1;0;3;2;1;5;-19,920607;-44,033206;SPRF-MG;DEL01-MG;UOP02-DEL01-MG
670113;28/03/2025;sexta-feira;14:00:00;MG;153;135;PRATA;Ausência de reação do condutor;Colisão frontal;Com Vítimas Feridas;Pleno dia;Crescente;Nublado;Simples;"Reta;Aclive";Não;4;0;2;0;1;1;2;3;-19,51702959;-48,83741498;SPRF-MG;DEL15-MG;UOP03-DEL15-MG
670117;28/03/2025;sexta-feira;16:10:00;RS;471;151,2;SANTA CRUZ DO SUL;Manobra de mudança de faixa;Colisão lateral mesmo sentido;Com Vítimas Feridas;Pleno dia;Crescente;Céu Claro;Dupla;Aclive;Sim;3;0;1;0;1;1;1;3;-29,78584165;-52,41123319;SPRF-RS;DEL02-RS;UOP03-DEL02-RS
670120;28/03/2025;sexta-feira;16:30:00;SE;235;33;AREIA BRANCA;Transitar no Acostamento;Tombamento;Com Vítimas Fatais;Pleno dia;Crescente;Céu Claro;Simples;Reta;Sim;2;1;0;0;1;0;0;2;-10,762628;-37,304922;SPRF-SE;DEL01-SE;UOP02-DEL01-SE
670121;28/03/2025;sexta-feira;15:15:00;PR;277;1;PARANAGUA;Transitar no Acostamento;Colisão transversal;Com Vítimas Feridas;Pleno dia;Crescente;Céu Claro;Simples;"Reta;Interseção de Vias";Não;3;0;2;0;0;2;2;4;-25,52122484;-48,54559952;SPRF-PR;DEL01-PR;UOP05-DEL01-PR
670124;28/03/2025;sexta-feira;17:17:00;TO;153;146;NOVA OLINDA;Reação tardia ou ineficiente do condutor;Colisão traseira;Com Vítimas Feridas;Pleno dia;Crescente;Céu Claro;Dupla;Rotatória;Sim;4;0;2;0;2;0;2;2;-7,7001577;-48,4351682;SPRF-TO;DEL02-TO;UOP01-DEL02-TO
670129;28/03/2025;sexta-feira;11:38:00;MS;419;232,3;AQUIDAUANA;Ausência de sinalização;Colisão transversal;Com Vítimas Feridas;Pleno dia;Crescente;Céu Claro;Simples;"Interseção de Vias;Em Obras;Reta;Declive";Não;2;0;1;0;1;0;1;2;-20,42788658;-55,75044025;SPRF-MS;DEL03-MS;UOP01-DEL03-MS
670138;28/03/2025;sexta-feira;14:30:00;SC;116;267,7;CAPAO ALTO;Demais falhas mecânicas ou elétricas;Tombamento;Com Vítimas Feridas;Pleno dia;Decrescente;Nublado;Simples;"Interseção de Vias;Rotatória;Curva";Não;1;0;1;0;0;0;1;1;-27,95658089;-50,48427874;SPRF-SC;DEL05-SC;UOP02-DEL05-SC
670139;28/03/2025;sexta-feira;17:40:00;BA;116;836;VITORIA DA CONQUISTA;Reação tardia ou ineficiente do condutor;Colisão traseira;Com Vítimas Feridas;Anoitecer;Decrescente;Céu Claro;Simples;Reta;Não;3;0;1;0;1;2;1;4;-14,9625;-40,907;SPRF-BA;DEL08-BA;UOP01-DEL08-BA
670148;28/03/2025;sexta-feira;18:10:00;BA;116;16;VITORIA DA CONQUISTA;Ausência de reação do condutor;Colisão traseira;Com Vítimas Feridas;Anoitecer;Crescente;Céu Claro;Simples;Reta;Não;2;0;1;0;1;0;1;2;-14,90243;-40,84413;SPRF-BA;DEL08-BA;UOP01-DEL08-BA
670150;28/03/2025;sexta-feira;18:20:00;SP;116;511;CAJATI;Velocidade Incompatível;Saída de leito carroçável;Com Vítimas Feridas;Anoitecer;Decrescente;Céu Claro;Simples;"Declive;Reta";Não;2;0;1;0;0;1;1;2;-24,847108;-48,214477;SPRF-SP;DEL05-SP;UOP02-DEL05-SP
670158;28/03/2025;sexta-feira;16:40:00;SE;235;52,9;ITABAIANA;Acessar a via sem observar a presença dos outros veículos;Colisão transversal;Com Vítimas Fatais;Pleno dia;Decrescente;Céu Claro;Múltipla;"Reta;Interseção de Vias";Sim;2;1;0;0;0;1;0;2;-10,685497;-37,440645;SPRF-SE;DEL01-SE;UOP02-DEL01-SE
670160;28/03/2025;sexta-feira;17:00:00;PR;376;491;PONTA GROSSA;Condutor deixou de manter distância do veículo da frente;Colisão traseira;Com Vítimas Feridas;Pleno dia;Decrescente;Sol;Dupla;Reta;Não;3;0;1;0;1;3;1;5;-25,10697408;-50,19211292;SPRF-PR;DEL03-PR;UOP04-DEL03-PR
670163;28/03/2025;sexta-feira;19:30:00;SC;101;78;ARAQUARI;Manobra de mudança de faixa;Colisão traseira;Sem Vítimas;Plena Noite;Crescente;Céu Claro;Dupla;Reta;Não;3;0;0;0;2;1;0;3;-26,55168386;-48,71652061;SPRF-SC;DEL03-SC;UOP02-DEL03-SC
670165;28/03/2025;sexta-feira;18:39:00;PE;232;229;PESQUEIRA;Ultrapassagem Indevida;Colisão lateral sentido oposto;Com Vítimas Feridas;Plena Noite;Crescente;Céu Claro;Simples;Reta;Não;10;0;6;1;2;1;7;4;-8,402128;-36,874193;SPRF-PE;DEL03-PE;UOP02-DEL03-PE
670167;28/03/2025;sexta-feira;16:00:00;PR;376;470;PONTA GROSSA;Problema com o freio;Colisão traseira;Com Vítimas Feridas;Pleno dia;Crescente;Céu Claro;Dupla;Reta;Não;4;0;1;0;2;6;1;9;-25,017201;-50,336666;SPRF-PR;DEL03-PR;UOP01-DEL03-PR
670168;28/03/2025;sexta-feira;18:45:00;RJ;493;50;DUQUE DE CAXIAS;Acessar a via sem observar a presença dos outros veículos;Engavetamento;Sem Vítimas;Plena Noite;Crescente;Nublado;Dupla;Reta;Não;7;0;0;0;6;1;0;4;-22,6677045;-43,3009396;SPRF-RJ;DEL01-RJ;UOP03-DEL01-RJ
670171;28/03/2025;sexta-feira;19:40:00;GO;40;6;VALPARAISO DE GOIAS;Condutor deixou de manter distância do veículo da frente;Colisão traseira;Com Vítimas Feridas;Plena Noite;Crescente;Nublado;Dupla;Reta;Sim;5;0;2;0;2;2;2;4;-16,105;-47,973;SPRF-DF;DEL01-DF;UOP01-DEL01-DF
670176;28/03/2025;sexta-feira;20:25:00;SP;116;360;MIRACATU;Carga excessiva e/ou mal acondicionada;Tombamento;Com Vítimas Feridas;Plena Noite;Decrescente;Nublado;Dupla;Curva;Não;2;0;1;0;0;1;1;2;-24,26828444;-47,39941406;SPRF-SP;DEL04-SP;UOP03-DEL04-SP
670182;28/03/2025;sexta-feira;20:30:00;BA;101;760;ITABELA;Transitar na contramão;Colisão lateral sentido oposto;Com Vítimas Fatais;Plena Noite;Crescente;Nublado;Simples;Reta;Não;8;1;2;2;2;3;4;6;-16,65872376;-39,51559067;SPRF-BA;DEL09-BA;UOP01-DEL09-BA
670186;28/03/2025;sexta-feira;15:25:00;MT;174;495;COMODORO;Transitar na contramão;Colisão frontal;Com Vítimas Fatais;Pleno dia;Decrescente;Chuva;Simples;Declive;Não;3;1;0;0;1;3;0;5;-13,57696619;-59,80844378;SPRF-MT;DEL04-MT;UOP02-DEL04-MT
670190;28/03/2025;sexta-feira;21:10:00;GO;60;108,8;GOIANAPOLIS;Ausência de reação do condutor;Colisão transversal;Sem Vítimas;Plena Noite;Decrescente;Vento;Dupla;Interseção de Vias;Não;2;0;0;0;2;0;0;2;-16,448383;-49,023057;SPRF-GO;DEL01-GO;UOP01-DEL01-GO
670208;28/03/2025;sexta-feira;19:40:00;PR;376;184;SARANDI;Transtornos Mentais (exceto suicidio);Colisão frontal;Com Vítimas Feridas;Plena Noite;Decrescente;Céu Claro;Dupla;Aclive;Sim;3;0;1;0;1;1;1;3;-23,445423;-51,863962;SPRF-PR;DEL09-PR;UOP01-DEL09-PR
670215;28/03/2025;sexta-feira;19:00:00;MT;364;48;ALTO GARCAS;Transitar na contramão;Colisão frontal;Com Vítimas Fatais;Plena Noite;Decrescente;Céu Claro;Simples;Reta;Não;3;1;0;0;1;1;0;3;-17,02281059;-53,48985672;SPRF-MT;DEL02-MT;UOP02-DEL02-MT
670217;28/03/2025;sexta-feira;22:40:00;MT;70;273;PRIMAVERA DO LESTE;Ingestão de álcool pelo condutor;Tombamento;Sem Vítimas;Plena Noite;Crescente;Céu Claro;Simples;Reta;Não;4;0;0;0;3;3;0;5;-15,54747754;-54,24895096;SPRF-MT;DEL05-MT;UOP01-DEL05-MT
670218;28/03/2025;sexta-feira;23:00:00;MG;381;421;CAETE;Demais falhas mecânicas ou elétricas;Incêndio;Sem Vítimas;Plena Noite;Crescente;Céu Claro;Dupla;Reta;Não;1;0;0;0;1;0;0;1;-19,763025;-43,641241;SPRF-MG;DEL01-MG;UOP01-DEL01-MG
670236;29/03/2025;sábado;03:30:00;SC;470;85,6;RODEIO;Ingestão de álcool pelo condutor;Colisão traseira;Sem Vítimas;Pleno dia;Decrescente;Céu Claro;Simples;Reta;Sim;3;0;0;0;2;1;0;3;-26,951546;-49,354561;SPRF-SC;DEL04-SC;UOP01-DEL04-SC
670237;29/03/2025;sábado;03:00:00;BA;20;158;SAO DESIDERIO;Reação tardia ou ineficiente do condutor;Colisão lateral sentido oposto;Com Vítimas Fatais;Plena Noite;Crescente;Céu Claro;Simples;Reta;Não;3;1;0;0;1;5;0;7;-12,63420473;-45,91852384;SPRF-BA;DEL10-BA;UOP01-DEL10-BA
670241;28/03/2025;sexta-feira;21:10:00;AM;319;707;HUMAITA;Ultrapassagem Indevida;Colisão lateral mesmo sentido;Com Vítimas Fatais;Plena Noite;Decrescente;Nublado;Simples;"Reta;Aclive";Não;8;5;1;0;1;1;1;4;-7,778945;-63,15419801;SPRF-AM;DEL02-AM;UOP01-DEL02-AM
670243;29/03/2025;sábado;05:30:00;SC;101;137;BALNEARIO CAMBORIU;Ausência de reação do condutor;Colisão traseira;Sem Vítimas;Amanhecer;Decrescente;Céu Claro;Múltipla;Reta;Sim;3;0;0;0;1;2;0;3;-27,01631377;-48,61139059;SPRF-SC;DEL04-SC;UOP03-DEL04-SC
670250;29/03/2025;sábado;05:30:00;MG;153;24,3;CENTRALINA;Ausência de reação do condutor;Saída de leito carroçável;Com Vítimas Feridas;Plena Noite;Crescente;Céu Claro;Dupla;Reta;Não;3;0;1;0;0;2;1;3;-18,6316364;-49,1835999;SPRF-MG;DEL15-MG;UOP03-DEL15-MG
670251;29/03/2025;sábado;05:45:00;MA;135;3;SAO LUIS;Reação tardia ou ineficiente do condutor;Tombamento;Com Vítimas Feridas;Amanhecer;Decrescente;Nublado;Dupla;Retorno Regulamentado;Sim;2;0;1;0;0;2;1;3;-2,652503;-44,305418;SPRF-MA;DEL01-MA;UOP01-DEL01-MA
670255;29/03/2025;sábado;05:50:00;MT;364;295;JACIARA;Condutor deixou de manter distância do veículo da frente;Colisão traseira;Com Vítimas Feridas;Amanhecer;Decrescente;Céu Claro;Dupla;Reta;Não;4;0;0;1;2;2;1;4;-15,862889;-55,12687;SPRF-MT;DEL05-MT;UOP02-DEL05-MT
670259;28/03/2025;sexta-feira;21:30:00;RO;364;475;ARIQUEMES;Reação tardia ou ineficiente do condutor;Engavetamento;Com Vítimas Feridas;Plena Noite;Decrescente;Nublado;Simples;Reta;Não;5;0;1;0;3;3;1;7;-10,15920537;-62,83603147;SPRF-RO;DEL03-RO;UOP01-DEL03-RO
670264;29/03/2025;sábado;07:00:00;RJ;116;194;QUEIMADOS;Ausência de reação do condutor;Colisão traseira;Com Vítimas Feridas;Pleno dia;Decrescente;Céu Claro;Dupla;Reta;Sim;2;0;0;1;1;0;1;2;-22,73577559;-43,55064154;SPRF-RJ;DEL06-RJ;UOP01-DEL06-RJ
670271;29/03/2025;sábado;06:50:00;MS;262;354;CAMPO GRANDE;Demais falhas mecânicas ou elétricas;Saída de leito carroçável;Com Vítimas Feridas;Pleno dia;Crescente;Garoa/Chuvisco;Simples;Aclive;Não;2;0;1;0;0;3;1;4;-20,55689807;-54,66423512;SPRF-MS;DEL01-MS;UOP03-DEL01-MS
670281;29/03/2025;sábado;04:00:00;MG;116;216,7;CATUJI;Ausência de reação do condutor;Saída de leito carroçável;Sem Vítimas;Plena Noite;Decrescente;Ignorado;Simples;"Reta;Aclive";Não;2;0;0;0;2;0;0;1;-17,381678;-41,526807;SPRF-MG;DEL11-MG;UOP01-DEL11-MG
670287;26/03/2025;quarta-feira;08:20:00;RJ;493;68;NOVA IGUACU;Velocidade Incompatível;Saída de leito carroçável;Com Vítimas Feridas;Pleno dia;Decrescente;Céu Claro;Dupla;Reta;Sim;2;0;1;0;1;0;1;1;-22,68180116;-43,47289855;SPRF-RJ;DEL01-RJ;UOP03-DEL01-RJ
670294;29/03/2025;sábado;11:40:00;CE;116;27;ITAITINGA;Pedestre cruzava a pista fora da faixa;Atropelamento de Pedestre;Com Vítimas Feridas;Pleno dia;Crescente;Nublado;Dupla;Reta;Não;2;0;0;1;1;0;1;2;-3,989953;-38,516185;SPRF-CE;DEL01-CE;UOP02-DEL01-CE
670299;29/03/2025;sábado;11:27:00;MA;226;303;BARRA DO CORDA;Suicídio (presumido);Atropelamento de Pedestre;Com Vítimas Fatais;Pleno dia;Decrescente;Céu Claro;Simples;Reta;Sim;2;1;0;0;1;0;0;2;-5,492113;-45,273155;SPRF-MA;DEL06-MA;UOP01-DEL06-MA
670301;29/03/2025;sábado;07:40:00;BA;135;146;RIACHAO DAS NEVES;Acostamento em desnível;Tombamento;Sem Vítimas;Pleno dia;Decrescente;Céu Claro;Simples;Reta;Não;2;0;0;0;1;3;0;4;-11,88614;-44,85471;SPRF-BA;DEL10-BA;UOP01-DEL10-BA
670305;29/03/2025;sábado;12:05:00;BA;116;402;FEIRA DE SANTANA;Manobra de mudança de faixa;Colisão lateral mesmo sentido;Com Vítimas Feridas;Pleno dia;Decrescente;Céu Claro;Dupla;"Reta;Aclive";Não;3;0;1;0;0;2;1;3;-12,2814464;-39,0201344;SPRF-BA;DEL02-BA;UOP01-DEL02-BA
670306;29/03/2025;sábado;13:15:00;RJ;101;46;CAMPOS DOS GOYTACAZES;Acessar a via sem observar a presença dos outros veículos;Colisão transversal;Com Vítimas Feridas;Pleno dia;Decrescente;Céu Claro;Simples;Interseção de Vias;Sim;3;0;2;0;1;0;2;2;-21,4475909;-41,3430596;SPRF-RJ;DEL08-RJ;UOP01-DEL08-RJ
670308;29/03/2025;sábado;12:50:00;MG;365;65,9;CLARO DOS POCOES;Velocidade Incompatível;Saída de leito carroçável;Com Vítimas Feridas;Pleno dia;Crescente;Céu Claro;Simples;"Declive;Curva";Não;2;0;1;0;0;1;1;2;-17,03353;-44,317508;SPRF-MG;DEL12-MG;UOP01-DEL12-MG
670315;28/03/2025;sexta-feira;19:00:00;BA;116;553;MILAGRES;Demais falhas mecânicas ou elétricas;Incêndio;Sem Vítimas;Plena Noite;Decrescente;Céu Claro;Simples;Reta;Não;2;0;0;0;1;1;0;2;-12,92018;-39,87476;SPRF-BA;DEL03-BA;UOP02-DEL03-BA
670322;21/03/2025;sexta-feira;14:50:00;MS;163;575,3;BANDEIRANTES;Acessar a via sem observar a presença dos outros veículos;Colisão transversal;Com Vítimas Feridas;Pleno dia;Crescente;Céu Claro;Simples;"Retorno Regulamentado;Interseção de Vias;Reta";Sim;7;0;4;0;2;3;4;6;-19,679255;-54,350217;SPRF-MS;DEL06-MS;UOP02-DEL06-MS
670329;29/03/2025;sábado;06:30:00;GO;158;126;PIRANHAS;Condutor Dormindo;Colisão lateral sentido oposto;Sem Vítimas;Pleno dia;Crescente;Céu Claro;Simples;Declive;Não;3;0;0;0;2;1;0;3;-16,60240554;-51,72958088;SPRF-GO;DEL04-GO;UOP02-DEL04-GO
670333;29/03/2025;sábado;15:20:00;SC;480;128,7;CHAPECO;Reação tardia ou ineficiente do condutor;Tombamento;Com Vítimas Feridas;Pleno dia;Crescente;Garoa/Chuvisco;Dupla;"Declive;Curva";Não;2;0;0;1;0;1;1;2;-27,04418166;-52,63620615;SPRF-SC;DEL07-SC;UOP01-DEL07-SC
670335;29/03/2025;sábado;13:30:00;SC;282;443,6;PONTE SERRADA;Acumulo de água sobre o pavimento;Colisão lateral sentido oposto;Com Vítimas Feridas;Pleno dia;Crescente;Chuva;Simples;"Reta;Aclive";Não;8;0;3;0;4;1;3;4;-26,91926;-51,88567;SPRF-SC;DEL07-SC;UOP04-DEL07-SC
670338;29/03/2025;sábado;12:05:00;SC;282;640,1;DESCANSO;Transitar na contramão;Colisão frontal;Com Vítimas Fatais;Pleno dia;Decrescente;Nublado;Simples;"Curva;Declive";Não;2;1;0;0;1;0;0;2;-26,78592054;-53,45886178;SPRF-SC;DEL07-SC;UOP03-DEL07-SC
670348;29/03/2025;sábado;16:30:00;GO;153;493;GOIANIA;Reação tardia ou ineficiente do condutor;Colisão lateral mesmo sentido;Com Vítimas Feridas;Pleno dia;Crescente;Céu Claro;Dupla;Declive;Sim;3;0;1;0;1;3;1;5;-16,5871616;-49,152;SPRF-GO;DEL01-GO;UOP01-DEL01-GO
670349;29/03/2025;sábado;17:00:00;MG;381;931;ITAPEVA;Ingestão de álcool pelo condutor;Colisão traseira;Com Vítimas Feridas;Pleno dia;Crescente;Céu Claro;Dupla;Curva;Não;4;0;1;0;2;1;1;4;-22,78731292;-46,24222755;SPRF-MG;DEL16-MG;UOP03-DEL16-MG
670353;29/03/2025;sábado;15:55:00;PR;369;22,2;CAMBARA;Acessar a via sem observar a presença dos outros veículos;Colisão transversal;Com Vítimas Feridas;Pleno dia;Decrescente;Céu Claro;Simples;Interseção de Vias;Não;3;0;1;0;1;1;1;3;-23,04312844;-50,10405064;SPRF-PR;DEL07-PR;UOP05-DEL07-PR
670357;29/03/2025;sábado;09:30:00;RJ;101;283;ITABORAI;Ausência de reação do condutor;Tombamento;Com Vítimas Feridas;Pleno dia;Decrescente;Céu Claro;Simples;"Curva;Aclive";Não;3;0;2;0;0;1;2;2;-22,73622737;-42,80435443;SPRF-RJ;DEL02-RJ;UOP02-DEL02-RJ
670358;29/03/2025;sábado;14:00:00;PE;116;20,4;SALGUEIRO;Transitar na contramão;Colisão frontal;Com Vítimas Fatais;Pleno dia;Crescente;Céu Claro;Simples;Declive;Não;4;2;0;0;1;2;0;4;-8,021262;-39,144408;SPRF-PE;DEL05-PE;UOP01-DEL05-PE
670364;29/03/2025;sábado;18:00:00;TO;10;514,8;APARECIDA DO RIO NEGRO;Reação tardia ou ineficiente do condutor;Colisão lateral sentido oposto;Com Vítimas Feridas;Anoitecer;Crescente;Ignorado;Simples;"Curva;Declive";Não;3;0;1;0;1;3;1;5;-10,02217;-48,09647;SPRF-TO;DEL01-TO;UOP03-DEL01-TO
670370;29/03/2025;sábado;19:15:00;CE;116;502;BREJO SANTO;Pista esburacada;Colisão lateral sentido oposto;Com Vítimas Feridas;Pleno dia;Crescente;Céu Claro;Simples;Reta;Sim;3;0;1;0;1;1;1;3;-7,491542;-38,984243;SPRF-CE;DEL05-CE;UOP03-DEL05-CE
670373;29/03/2025;sábado;18:00:00;ES;101;8;PEDRO CANARIO;Velocidade Incompatível;Tombamento;Com Vítimas Feridas;Plena Noite;Decrescente;Céu Claro;Simples;Curva;Não;2;0;1;0;0;1;1;2;-18,2302027;-39,9527526;SPRF-ES;DEL04-ES;UOP02-DEL04-ES
670374;29/03/2025;sábado;19:45:00;SC;470;164,5;TROMBUDO CENTRAL;Conversão proibida;Colisão frontal;Com Vítimas Feridas;Plena Noite;Crescente;Céu Claro;Simples;Interseção de Vias;Não;6;0;3;1;2;0;4;2;-27,27651471;-49,84374577;SPRF-SC;DEL04-SC;UOP02-DEL04-SC
670381;29/03/2025;sábado;20:00:00;MG;40;491,1;ESMERALDAS;Reação tardia ou ineficiente do condutor;Colisão lateral mesmo sentido;Sem Vítimas;Plena Noite;Crescente;Céu Claro;Dupla;Reta;Não;3;0;0;0;2;1;0;3;-19,62917;-44,20516;SPRF-MG;DEL02-MG;UOP01-DEL02-MG
670383;29/03/2025;sábado;17:00:00;MT;163;765;SORRISO;Ultrapassagem Indevida;Colisão lateral mesmo sentido;Sem Vítimas;Pleno dia;Crescente;Nublado;Simples;Reta;Não;4;0;0;0;1;3;0;4;-12,45426125;-55,66326141;SPRF-MT;DEL06-MT;UOP01-DEL06-MT
670386;29/03/2025;sábado;19:30:00;RJ;493;19;MAGE;Acessar a via sem observar a presença dos outros veículos;Colisão transversal;Com Vítimas Feridas;Plena Noite;Decrescente;Céu Claro;Simples;Reta;Sim;3;0;2;0;1;0;2;2;-22,6658004;-43,02886358;SPRF-RJ;DEL04-RJ;UOP02-DEL04-RJ
670392;29/03/2025;sábado;16:10:00;GO;452;162;ITUMBIARA;Acostamento em desnível;Saída de leito carroçável;Com Vítimas Feridas;Pleno dia;Decrescente;Céu Claro;Simples;Aclive;Não;2;0;1;0;0;1;1;2;-18,304534;-49,517306;SPRF-GO;DEL03-GO;UOP02-DEL03-GO
670393;29/03/2025;sábado;18:50:00;MT;174;96;CACERES;Ingestão de álcool pelo condutor;Colisão lateral sentido oposto;Sem Vítimas;Plena Noite;Crescente;Chuva;Simples;Reta;Não;3;0;0;0;2;1;0;3;-15,87585278;-57,82935977;SPRF-MT;DEL03-MT;UOP01-DEL03-MT
670394;29/03/2025;sábado;15:00:00;CE;116;194,2;LIMOEIRO DO NORTE;Curva acentuada;Tombamento;Com Vítimas Feridas;Pleno dia;Decrescente;Céu Claro;Simples;Curva;Sim;2;0;0;1;0;1;1;2;-5,15316771;-38,15371145;SPRF-CE;DEL03-CE;UOP01-DEL03-CE
670397;29/03/2025;sábado;08:30:00;BA;116;135;CANUDOS;Demais falhas mecânicas ou elétricas;Incêndio;Sem Vítimas;Pleno dia;Decrescente;Céu Claro;Simples;Reta;Não;2;0;0;0;1;1;0;2;-9,79628;-39,1447;SPRF-BA;DEL07-BA;UOP03-DEL07-BA
670414;29/03/2025;sábado;18:30:00;BA;101;817,2;ITAMARAJU;Reação tardia ou ineficiente do condutor;Tombamento;Com Vítimas Feridas;Anoitecer;Decrescente;Nublado;Simples;"Declive;Curva";Não;1;0;1;0;0;0;1;1;-17,09296753;-39,56949234;SPRF-BA;DEL09-BA;UOP01-DEL09-BA
670422;29/03/2025;sábado;21:10:00;PR;476;182;LAPA;Ausência de reação do condutor;Saída de leito carroçável;Com Vítimas Feridas;Plena Noite;Crescente;Céu Claro;Simples;Curva;Não;2;0;0;1;0;1;1;2;-25,71701283;-49,61470474;SPRF-PR;DEL01-PR;UOP06-DEL01-PR
670423;29/03/2025;sábado;22:30:00;SE;101;193,9;CRISTINAPOLIS;Transitar na contramão;Colisão lateral sentido oposto;Sem Vítimas;Plena Noite;Decrescente;Céu Claro;Simples;"Curva;Aclive";Não;2;0;0;0;1;1;0;2;-11,45030422;-37,73741299;SPRF-SE;DEL02-SE;UOP03-DEL02-SE
670430;29/03/2025;sábado;19:45:00;GO;153;290;RIALMA;Condutor deixou de manter distância do veículo da frente;Colisão traseira;Sem Vítimas;Plena Noite;Decrescente;Céu Claro;Simples;"Reta;Aclive";Não;3;0;0;0;2;1;0;3;-15,23350853;-49,55537796;SPRF-GO;DEL02-GO;UOP02-DEL02-GO
670434;29/03/2025;sábado;22:55:00;PR;373;190,5;PONTA GROSSA;Condutor Dormindo;Colisão com objeto;Com Vítimas Feridas;Plena Noite;Decrescente;Nublado;Simples;"Reta;Aclive";Não;1;0;1;0;0;0;1;1;-25,0553348;-50,3433784;SPRF-PR;DEL03-PR;UOP01-DEL03-PR
670444;29/03/2025;sábado;22:15:00;MG;116;656,4;SAO FRANCISCO DO GLORIA;Ingestão de álcool pelo condutor;Colisão lateral sentido oposto;Com Vítimas Feridas;Plena Noite;Decrescente;Céu Claro;Simples;"Curva;Declive";Não;4;0;2;0;1;1;2;3;-20,769222;-42,301575;SPRF-MG;DEL07-MG;UOP02-DEL07-MG
670445;30/03/2025;domingo;01:00:00;RS;285;400;SANTA BARBARA DO SUL;Ausência de reação do condutor;Colisão traseira;Com Vítimas Feridas;Plena Noite;Crescente;Céu Claro;Simples;Aclive;Não;3;0;1;0;1;1;1;3;-28,38851691;-53,28260243;SPRF-RS;DEL10-RS;UOP02-DEL10-RS