id;data_inversa;dia_semana;horario;uf;br;km;municipio;causa_acidente;tipo_acidente;classificacao_acidente;fase_dia;sentido_via;condicao_metereologica;tipo_pista;tracado_via;uso_solo;pessoas;mortos;feridos_leves;feridos_graves;ilesos;ignorados;feridos;veiculos;latitude;longitude;regional;delegacia;uop
670449;30/03/2025;domingo;01:00:00;PI;343;345,4;TERESINA;Condutor desrespeitou a iluminação vermelha do semáforo;Colisão transversal;Sem Vítimas;Plena Noite;Crescente;Céu Claro;Simples;"Em Obras;Interseção de Vias";Sim;3;0;0;0;2;1;0;2;-5,10595;-42,7681;SPRF-PI;DEL01-PI;UOP01-DEL01-PI
670455;30/03/2025;domingo;03:00:00;BA;101;509;ITABUNA;Animais na Pista;Atropelamento de Animal;Sem Vítimas;Plena Noite;Decrescente;Céu Claro;Simples;Reta;Não;4;0;0;0;4;0;0;1;-14,83261701;-39,28978086;SPRF-BA;DEL05-BA;UOP01-DEL05-BA
670457;30/03/2025;domingo;02:35:00;SP;116;172,2;JACAREI;Ausência de reação do condutor;Colisão traseira;Com Vítimas Feridas;Pleno dia;Decrescente;Céu Claro;Dupla;Reta;Não;3;0;1;0;1;1;1;3;-23,31548871;-46,07364084;SPRF-SP;DEL02-SP;UOP01-DEL02-SP
670467;30/03/2025;domingo;04:30:00;MG;40;471,3;SETE LAGOAS;Carga excessiva e/ou mal acondicionada;Tombamento;Sem Vítimas;Plena Noite;Decrescente;Céu Claro;Múltipla;Curva;Sim;1;0;0;0;0;1;0;1;-19,4702439;-44,29480433;SPRF-MG;DEL02-MG;UOP01-DEL02-MG
670475;30/03/2025;domingo;06:00:00;SC;280;226;TRES BARRAS;Ausência de reação do condutor;Colisão com objeto;Sem Vítimas;Amanhecer;Crescente;Céu Claro;Simples;Reta;Não;2;0;0;0;2;0;0;2;-26,18515103;-50,34720008;SPRF-SC;DEL06-SC;UOP04-DEL06-SC
670477;30/03/2025;domingo;06:05:00;SC;280;51,5;GUARAMIRIM;Conversão proibida;Colisão transversal;Com Vítimas Feridas;Amanhecer;Crescente;Céu Claro;Dupla;Reta;Não;2;0;1;0;1;0;1;2;-26,46724472;-48,96085912;SPRF-SC;DEL03-SC;UOP03-DEL03-SC
670500;30/03/2025;domingo;08:30:00;SP;153;173;GUAICARA;Acessar a via sem observar a presença dos outros veículos;Colisão transversal;Com Vítimas Feridas;Pleno dia;Decrescente;Céu Claro;Simples;Interseção de Vias;Não;4;0;1;0;2;1;1;3;-21,633102;-49,787743;SPRF-SP;DEL07-SP;UOP01-DEL07-SP
670503;30/03/2025;domingo;05:20:00;PR;373;454,6;CHOPINZINHO;Ingestão de álcool pelo condutor;Colisão frontal;Com Vítimas Fatais;Amanhecer;Crescente;Céu Claro;Simples;Curva;Não;8;5;1;0;1;1;1;3;-25,9061758;-52,3807674;SPRF-PR;DEL02-PR;UOP01-DEL02-PR
670509;30/03/2025;domingo;08:00:00;MT;364;69;ALTO GARCAS;Acessar a via sem observar a presença dos outros veículos;Colisão transversal;Com Vítimas Feridas;Pleno dia;Crescente;Céu Claro;Simples;Interseção de Vias;Não;4;0;2;0;1;1;2;3;-16,91818282;-53,61506224;SPRF-MT;DEL02-MT;UOP02-DEL02-MT
670510;30/03/2025;domingo;09:50:00;BA;110;1;PAULO AFONSO;Condutor deixou de manter distância do veículo da frente;Engavetamento;Com Vítimas Feridas;Pleno dia;Crescente;Céu Claro;Simples;Reta;Não;4;0;1;0;2;1;1;3;-9,4377045;-38,2041201;SPRF-BA;DEL07-BA;UOP01-DEL07-BA
670514;30/03/2025;domingo;10:30:00;SP;116;358,8;MIRACATU;Demais falhas mecânicas ou elétricas;Colisão traseira;Sem Vítimas;Pleno dia;Crescente;Sol;Dupla;"Declive;Curva";Não;3;0;0;0;2;1;0;3;-24,09385368;-47,25524103;SPRF-SP;DEL04-SP;UOP03-DEL04-SP
670515;30/03/2025;domingo;12:30:00;SC;101;108,1;PENHA;Velocidade Incompatível;Saída de leito carroçável;Com Vítimas Feridas;Pleno dia;Crescente;Sol;Dupla;"Declive;Curva";Não;2;0;1;0;0;1;1;2;-26,82761998;-48,69176919;SPRF-SC;DEL03-SC;UOP02-DEL03-SC
670520;30/03/2025;domingo;09:00:00;MT;163;94;RONDONOPOLIS;Ausência de reação do condutor;Colisão lateral mesmo sentido;Com Vítimas Feridas;Pleno dia;Decrescente;Nublado;Dupla;Reta;Não;3;0;1;0;1;3;1;5;-16,70812889;-54,65706825;SPRF-MT;DEL02-MT;UOP03-DEL02-MT
670527;30/03/2025;domingo;12:20:00;SC;282;454;PONTE SERRADA;Conversão proibida;Colisão transversal;Com Vítimas Feridas;Pleno dia;Decrescente;Céu Claro;Simples;Reta;Não;3;0;1;0;2;0;1;3;-26,89256068;-51,98402837;SPRF-SC;DEL07-SC;UOP04-DEL07-SC
670532;30/03/2025;domingo;14:50:00;MG;40;435,5;PARAOPEBA;Demais falhas mecânicas ou elétricas;Incêndio;Sem Vítimas;Pleno dia;Crescente;Céu Claro;Dupla;Reta;Não;2;0;0;0;1;1;0;2;-19,28392456;-44,41720963;SPRF-MG;DEL02-MG;UOP01-DEL02-MG
670533;30/03/2025;domingo;11:30:00;PR;376;335,8;ORTIGUEIRA;Ausência de reação do condutor;Colisão lateral mesmo sentido;Com Vítimas Feridas;Pleno dia;Decrescente;Nublado;Dupla;Reta;Não;4;0;2;0;1;1;2;3;-24;-51;SPRF-PR;DEL07-PR;UOP02-DEL07-PR
670545;30/03/2025;domingo;16:03:00;BA;324;7,1;FEIRA DE SANTANA;Reação tardia ou ineficiente do condutor;Colisão traseira;Com Vítimas Feridas;Pleno dia;Crescente;Sol;Dupla;"Reta;Rotatória;Viaduto";Sim;6;0;2;1;2;2;3;5;-12,268421;-38,988667;SPRF-BA;DEL02-BA;UOP01-DEL02-BA
670547;30/03/2025;domingo;16:20:00;TO;153;540;NOVA ROSALANDIA;Ausência de reação do condutor;Colisão traseira;Com Vítimas Feridas;Pleno dia;Decrescente;Nublado;Dupla;Reta;Sim;3;0;2;0;1;0;2;3;-10,567589;-48,913941;SPRF-TO;DEL01-TO;UOP01-DEL01-TO
670556;30/03/2025;domingo;17:15:00;RS;293;15,7;CAPAO DO LEAO;Acessar a via sem observar a presença dos outros veículos;Colisão transversal;Com Vítimas Fatais;Pleno dia;Crescente;Céu Claro;Simples;"Reta;Interseção de Vias";Sim;5;2;0;1;1;2;1;4;-31,748722;-52,479385;SPRF-RS;DEL07-RS;UOP01-DEL07-RS
670579;30/03/2025;domingo;18:30:00;SC;280;3;SAO FRANCISCO DO SUL;Transitar na contramão;Colisão lateral sentido oposto;Sem Vítimas;Plena Noite;Crescente;Nublado;Simples;Reta;Não;3;0;0;0;1;3;0;4;-26,245652;-48,615331;SPRF-SC;DEL03-SC;UOP03-DEL03-SC
670581;01/03/2025;sábado;11:00:00;SC;280;206,8;MAFRA;Condutor Dormindo;Colisão frontal;Com Vítimas Feridas;Pleno dia;Decrescente;Céu Claro;Simples;Reta;Não;14;0;5;3;5;3;8;8;-26,16309284;-50,13753533;SPRF-SC;DEL06-SC;UOP01-DEL06-SC
670583;30/03/2025;domingo;18:00:00;PE;408;55;CARPINA;Transitar na contramão;Colisão lateral sentido oposto;Com Vítimas Feridas;Plena Noite;Crescente;Céu Claro;Simples;Reta;Não;2;0;1;0;1;0;1;2;-7,84035;-35,23993;SPRF-PE;DEL01-PE;UOP01-DEL01-PE
670584;30/03/2025;domingo;18:30:00;RS;116;422;ELDORADO DO SUL;Ultrapassagem Indevida;Colisão lateral mesmo sentido;Com Vítimas Feridas;Plena Noite;Crescente;Céu Claro;Simples;Reta;Não;3;0;1;0;1;3;1;5;-30,0449792;-51,3376256;SPRF-RS;DEL02-RS;UOP02-DEL02-RS
670589;30/03/2025;domingo;14:00:00;GO;153;593;PIRACANJUBA;Velocidade Incompatível;Capotamento;Com Vítimas Feridas;Pleno dia;Crescente;Céu Claro;Dupla;"Reta;Declive";Não;1;0;0;1;0;0;1;1;-17,4882118;-49,2110668;SPRF-GO;DEL03-GO;UOP01-DEL03-GO
670596;30/03/2025;domingo;19:20:00;SC;282;641,5;SAO MIGUEL DO OESTE;Ingestão de álcool pelo condutor;Colisão lateral sentido oposto;Com Vítimas Feridas;Plena Noite;Decrescente;Céu Claro;Múltipla;Reta;Não;2;0;1;0;1;0;1;2;-26,77330142;-53,46069367;SPRF-SC;DEL07-SC;UOP03-DEL07-SC
670608;06/03/2025;quinta-feira;15:10:00;SP;116;294,5;ITAPECERICA DA SERRA;Reação tardia ou ineficiente do condutor;Tombamento;Com Vítimas Feridas;Pleno dia;Crescente;Céu Claro;Dupla;Reta;Sim;3;0;1;0;1;1;1;3;-23,75531587;-46,90219581;SPRF-SP;DEL04-SP;UOP01-DEL04-SP
670609;30/03/2025;domingo;12:50:00;SC;280;114;SAO BENTO DO SUL;Acessar a via sem observar a presença dos outros veículos;Atropelamento de Pedestre;Com Vítimas Feridas;Pleno dia;Decrescente;Céu Claro;Simples;Reta;Não;3;0;0;1;1;2;1;4;-26,30018644;-49,39796448;SPRF-SC;DEL06-SC;UOP03-DEL06-SC
670615;30/03/2025;domingo;21:00:00;BA;116;629;JAGUAQUARA;Ingestão de álcool pelo condutor;Colisão traseira;Com Vítimas Feridas;Plena Noite;Crescente;Nublado;Simples;Reta;Não;3;0;1;0;2;0;1;2;-13,44993488;-40,0315758;SPRF-BA;DEL03-BA;UOP01-DEL03-BA
670616;15/02/2025;sábado;16:30:00;SP;153;95,1;JACI;Ingestão de álcool pelo condutor;Colisão lateral mesmo sentido;Com Vítimas Feridas;Pleno dia;Crescente;Céu Claro;Simples;"Curva;Em Obras";Não;4;0;1;0;2;1;1;3;-20,97062;-49,605372;SPRF-SP;DEL09-SP;UOP01-DEL09-SP
670621;30/03/2025;domingo;20:30:00;RJ;465;18;NOVA IGUACU;Transitar no Acostamento;Colisão lateral mesmo sentido;Com Vítimas Feridas;Plena Noite;Decrescente;Céu Claro;Simples;Reta;Não;7;0;3;0;3;1;3;3;-22,82497926;-43,61910559;SPRF-RJ;DEL06-RJ;UOP02-DEL06-RJ
670625;30/03/2025;domingo;21:30:00;SC;101;101,6;BALNEARIO PICARRAS;Estacionar ou parar em local proibido;Colisão traseira;Com Vítimas Feridas;Plena Noite;Decrescente;Céu Claro;Dupla;Reta;Sim;3;0;0;1;1;1;1;3;-26,77893254;-48,68458807;SPRF-SC;DEL03-SC;UOP02-DEL03-SC
670626;30/03/2025;domingo;18:00:00;MS;267;235,1;NOVA ALVORADA DO SUL;Carga excessiva e/ou mal acondicionada;Incêndio;Sem Vítimas;Anoitecer;Crescente;Garoa/Chuvisco;Simples;Reta;Não;1;0;0;0;1;0;0;1;-21,504343;-54,255524;SPRF-MS;DEL02-MS;UOP01-DEL02-MS
670628;30/03/2025;domingo;21:00:00;BA;101;160;CONCEICAO DO JACUIPE;Acostamento em desnível;Tombamento;Sem Vítimas;Plena Noite;Decrescente;Céu Claro;Simples;Reta;Sim;2;0;0;0;1;2;0;3;-12,352462;-38,7760689;SPRF-BA;DEL01-BA;UOP03-DEL01-BA
670632;30/03/2025;domingo;23:05:00;MG;381;351;JOAO MONLEVADE;Ingestão de álcool pelo condutor;Saída de leito carroçável;Com Vítimas Feridas;Plena Noite;Decrescente;Céu Claro;Simples;"Declive;Reta";Não;2;0;1;0;0;1;1;2;-19,8440227;-43,1783391;SPRF-MG;DEL03-MG;UOP01-DEL03-MG
670644;30/03/2025;domingo;22:23:00;MA;222;649;ACAILANDIA;Reação tardia ou ineficiente do condutor;Colisão lateral sentido oposto;Sem Vítimas;Plena Noite;Crescente;Céu Claro;Simples;Reta;Não;4;0;0;0;3;3;0;5;-4,844245;-47,298444;SPRF-MA;DEL04-MA;UOP03-DEL04-MA
670647;31/03/2025;segunda-feira;01:00:00;RS;285;207;LAGOA VERMELHA;Reação tardia ou ineficiente do condutor;Colisão traseira;Com Vítimas Feridas;Plena Noite;Crescente;Céu Claro;Simples;Reta;Não;2;0;0;1;1;0;1;2;-28,2218894;-51,5979776;SPRF-RS;DEL08-RS;UOP05-DEL08-RS
670649;30/03/2025;domingo;23:19:00;CE;116;436;BARRO;Ausência de reação do condutor;Colisão traseira;Com Vítimas Feridas;Plena Noite;Crescente;Céu Claro;Simples;Reta;Não;3;0;0;2;1;0;2;2;-7,0146243;-38,75817038;SPRF-CE;DEL05-CE;UOP03-DEL05-CE
670654;31/03/2025;segunda-feira;02:00:00;MG;40;588,5;ITABIRITO;Ausência de reação do condutor;Tombamento;Com Vítimas Feridas;Plena Noite;Crescente;Nublado;Simples;"Curva;Declive";Sim;1;0;0;1;0;0;1;1;-20,38121256;-43,90640257;SPRF-MG;DEL01-MG;UOP02-DEL01-MG
670655;31/03/2025;segunda-feira;02:45:00;BA;407;143,7;SENHOR DO BONFIM;Transitar na contramão;Colisão lateral sentido oposto;Com Vítimas Fatais;Plena Noite;Crescente;Céu Claro;Simples;"Reta;Aclive";Não;4;1;1;0;1;1;1;3;-10,6026583;-40,1328067;SPRF-BA;DEL04-BA;UOP01-DEL04-BA
670658;31/03/2025;segunda-feira;03:31:00;PR;376;674;GUARATUBA;Reação tardia ou ineficiente do condutor;Colisão traseira;Sem Vítimas;Plena Noite;Decrescente;Nublado;Dupla;Reta;Não;2;0;0;0;1;1;0;2;-25,893192;-48,930514;SPRF-PR;DEL01-PR;UOP04-DEL01-PR
670670;31/03/2025;segunda-feira;05:55:00;BA;116;410;FEIRA DE SANTANA;Ingestão de álcool pelo condutor;Colisão lateral mesmo sentido;Sem Vítimas;Pleno dia;Crescente;Céu Claro;Dupla;Reta;Não;3;0;0;0;2;1;0;3;-12,12606219;-38,96828247;SPRF-BA;DEL02-BA;UOP01-DEL02-BA
670680;31/03/2025;segunda-feira;06:45:00;SC;101;371;ICARA;Ausência de reação do condutor;Colisão lateral mesmo sentido;Com Vítimas Feridas;Amanhecer;Crescente;Céu Claro;Dupla;Reta;Não;2;0;1;0;0;1;1;2;-28,7139;-49,219;SPRF-SC;DEL02-SC;UOP01-DEL02-SC
670684;31/03/2025;segunda-feira;07:00:00;PR;116;97;SAO JOSE DOS PINHAIS;Condutor deixou de manter distância do veículo da frente;Colisão lateral mesmo sentido;Com Vítimas Feridas;Pleno dia;Decrescente;Nevoeiro/Neblina;Dupla;Reta;Sim;4;0;1;0;2;1;1;3;-25,54480056;-49,15059859;SPRF-PR;DEL01-PR;UOP07-DEL01-PR
670685;31/03/2025;segunda-feira;06:00:00;MT;163;681;LUCAS DO RIO VERDE;Ultrapassagem Indevida;Saída de leito carroçável;Com Vítimas Feridas;Pleno dia;Decrescente;Nublado;Simples;Reta;Não;4;0;1;0;2;3;1;5;-13,126118;-55,960185;SPRF-MT;DEL06-MT;UOP01-DEL06-MT
670690;30/03/2025;domingo;17:10:00;AC;317;145;CAPIXABA;Ingestão de álcool pelo condutor;Colisão com objeto;Sem Vítimas;Anoitecer;Decrescente;Céu Claro;Dupla;"Reta;Rotatória";Sim;2;0;0;0;1;1;0;2;-10,5797712;-67,6802935;SPRF-AC;DEL01-AC;UOP01-DEL01-AC
670693;24/02/2025;segunda-feira;19:30:00;SC;116;187,4;SAO CRISTOVAO DO SUL;Transitar na contramão;Colisão frontal;Com Vítimas Fatais;Plena Noite;Crescente;Céu Claro;Simples;Reta;Não;5;2;2;0;1;0;2;2;-27,32311063;-50,42296235;SPRF-SC;DEL05-SC;UOP03-DEL05-SC
670697;31/03/2025;segunda-feira;07:05:00;RS;153;544;CACAPAVA DO SUL;Objeto estático sobre o leito carroçável;Colisão traseira;Sem Vítimas;Amanhecer;Crescente;Céu Claro;Simples;Reta;Não;3;0;0;0;2;1;0;3;-30,78798604;-53,57465744;SPRF-RS;DEL09-RS;UOP02-DEL09-RS
670706;11/02/2025;terça-feira;12:45:00;PR;116;10;COLOMBO;Trafegar com motocicleta (ou similar) entre as faixas;Colisão lateral mesmo sentido;Com Vítimas Feridas;Pleno dia;Crescente;Céu Claro;Dupla;Reta;Sim;3;0;1;0;1;1;1;3;-25,3719;-49,134;SPRF-PR;DEL01-PR;UOP02-DEL01-PR
670711;31/03/2025;segunda-feira;05:00:00;PE;232;461,7;MIRANDIBA;Condutor Dormindo;Saída de leito carroçável;Com Vítimas Fatais;Amanhecer;Decrescente;Céu Claro;Simples;Reta;Não;2;1;0;1;0;0;1;1;-8,02551653;-38,75581741;SPRF-PE;DEL05-PE;UOP01-DEL05-PE
670713;31/03/2025;segunda-feira;07:30:00;MS;158;141,2;APARECIDA DO TABOADO;Ausência de reação do condutor;Colisão traseira;Com Vítimas Feridas;Pleno dia;Decrescente;Chuva;Simples;Reta;Não;5;0;3;0;1;1;3;3;-20,043966;-51,113191;SPRF-MS;DEL08-MS;UOP01-DEL08-MS
670720;31/03/2025;segunda-feira;11:10:00;PB;230;0,5;CABEDELO;Acessar a via sem observar a presença dos outros veículos;Colisão transversal;Sem Vítimas;Pleno dia;Crescente;Céu Claro;Simples;"Curva;Interseção de Vias";Sim;2;0;0;0;2;0;0;2;-6,97210588;-34,83370777;SPRF-PB;DEL01-PB;UOP01-DEL01-PB
670727;31/03/2025;segunda-feira;11:00:00;PI;343;2,7;TERESINA;Trafegar com motocicleta (ou similar) entre as faixas;Colisão lateral mesmo sentido;Com Vítimas Feridas;Pleno dia;Decrescente;Céu Claro;Múltipla;Reta;Sim;3;0;0;1;2;0;1;2;-5,08154007;-42,77415626;SPRF-PI;DEL01-PI;UOP01-DEL01-PI
670734;31/03/2025;segunda-feira;11:32:00;PE;232;66;GRAVATA;Demais falhas mecânicas ou elétricas;Tombamento;Com Vítimas Feridas;Pleno dia;Crescente;Céu Claro;Dupla;Curva;Não;2;0;0;1;1;0;1;1;-8,16767259;-35,45368887;SPRF-PE;DEL02-PE;UOP02-DEL02PE
670735;31/03/2025;segunda-feira;12:50:00;ES;101;329,8;GUARAPARI;Acessar a via sem observar a presença dos outros veículos;Colisão traseira;Com Vítimas Feridas;Pleno dia;Crescente;Nublado;Dupla;Reta;Não;2;0;0;1;0;1;1;2;-20,59137546;-40,49941236;SPRF-ES;DEL03-ES;UOP01-DEL03-ES
670739;31/03/2025;segunda-feira;12:40:00;PR;277;280,6;PRUDENTOPOLIS;Ultrapassagem Indevida;Colisão traseira;Com Vítimas Feridas;Pleno dia;Crescente;Sol;Simples;Reta;Não;4;0;0;1;2;1;1;4;-25,349575;-50,928897;SPRF-PR;DEL08-PR;UOP02-DEL08-PR
670744;30/03/2025;domingo;23:00:00;BA;116;729;BOA NOVA;Ausência de reação do condutor;Saída de leito carroçável;Sem Vítimas;Plena Noite;Crescente;Céu Claro;Simples;"Reta;Aclive";Não;2;0;0;0;1;1;0;2;-14,27364367;-40,29798031;SPRF-BA;DEL08-BA;UOP02-DEL08-BA
670745;31/03/2025;segunda-feira;12:10:00;BA;101;217;MURITIBA;Frear bruscamente;Colisão traseira;Com Vítimas Feridas;Pleno dia;Decrescente;Céu Claro;Simples;Reta;Não;3;0;1;0;1;1;1;2;-12,6396167;-39,09809;SPRF-BA;DEL01-BA;UOP02-DEL01-BA
670749;31/03/2025;segunda-feira;10:30:00;BA;116;596;NOVA ITARANA;Ausência de reação do condutor;Tombamento;Com Vítimas Feridas;Pleno dia;Decrescente;Céu Claro;Simples;Reta;Não;2;0;1;0;0;2;1;3;-13,10514527;-39,9833832;SPRF-BA;DEL03-BA;UOP02-DEL03-BA
670756;24/03/2025;segunda-feira;17:30:00;RJ;101;313;SAO GONCALO;Reação tardia ou ineficiente do condutor;Colisão lateral mesmo sentido;Com Vítimas Feridas;Plena Noite;Decrescente;Céu Claro;Dupla;Reta;Sim;5;0;0;2;2;1;2;4;-22,81352951;-43,07052612;SPRF-RJ;DEL02-RJ;UOP02-DEL02-RJ
670762;27/03/2025;quinta-feira;23:00:00;SC;470;81;RODEIO;Demais falhas na via;Tombamento;Sem Vítimas;Plena Noite;Decrescente;Céu Claro;Simples;"Declive;Curva";Não;2;0;0;0;1;1;0;2;-26,95034012;-49,35597852;SPRF-SC;DEL04-SC;UOP01-DEL04-SC
670765;31/03/2025;segunda-feira;14:10:00;RJ;101;478;ANGRA DOS REIS;Objeto estático sobre o leito carroçável;Colisão com objeto;Com Vítimas Feridas;Pleno dia;Crescente;Céu Claro;Simples;Reta;Não;2;0;1;0;1;0;1;2;-23,00284168;-44,27283411;SPRF-RJ;DEL03-RJ;UOP03-DEL03-RJ
670769;31/03/2025;segunda-feira;15:45:00;RJ;116;211;SEROPEDICA;Ausência de reação do condutor;Colisão traseira;Com Vítimas Feridas;Pleno dia;Crescente;Céu Claro;Dupla;Reta;Não;2;0;0;1;1;0;1;2;-22,71990282;-43,69073868;SPRF-RJ;DEL06-RJ;UOP02-DEL06-RJ
670770;31/03/2025;segunda-feira;16:00:00;RS;116;321;BARRA DO RIBEIRO;Avarias e/ou desgaste excessivo no pneu;Saída de leito carroçável;Sem Vítimas;Pleno dia;Crescente;Garoa/Chuvisco;Dupla;Reta;Não;1;0;0;0;1;0;0;1;-30,28308457;-51,41223907;SPRF-RS;DEL02-RS;UOP01-DEL02-RS
670771;31/03/2025;segunda-feira;16:20:00;PI;343;339,7;TERESINA;Avarias e/ou desgaste excessivo no pneu;Colisão com objeto;Com Vítimas Feridas;Pleno dia;Decrescente;Chuva;Dupla;Curva;Sim;1;0;1;0;0;0;1;1;-5,072592;-42,73447;SPRF-PI;DEL01-PI;UOP01-DEL01-PI
670774;31/03/2025;segunda-feira;14:30:00;SC;101;205,1;SAO JOSE;Ausência de reação do condutor;Colisão traseira;Com Vítimas Fatais;Pleno dia;Crescente;Céu Claro;Múltipla;Reta;Sim;7;1;1;2;2;2;3;7;-27,58389336;-48,61553008;SPRF-SC;DEL01-SC;UOP01-DEL01-SC
670778;31/03/2025;segunda-feira;16:45:00;PR;277;1;PARANAGUA;Ausência de reação do condutor;Colisão traseira;Com Vítimas Feridas;Pleno dia;Crescente;Céu Claro;Simples;"Reta;Interseção de Vias;Rotatória";Sim;3;0;1;0;1;1;1;3;-25,52782;-48,54126;SPRF-PR;DEL01-PR;UOP05-DEL01-PR
670779;31/03/2025;segunda-feira;14:20:00;GO;153;86;SANTA TEREZA DE GOIAS;Reação tardia ou ineficiente do condutor;Colisão traseira;Com Vítimas Feridas;Pleno dia;Decrescente;Garoa/Chuvisco;Simples;Reta;Não;3;0;1;0;1;2;1;4;-13,55390748;-49,08047676;SPRF-GO;DEL07-GO;UOP01-DEL07-GO
670782;31/03/2025;segunda-feira;13:20:00;PR;277;503,1;DIAMANTE DO SUL;Ultrapassagem Indevida;Colisão lateral mesmo sentido;Com Vítimas Feridas;Pleno dia;Decrescente;Céu Claro;Simples;"Declive;Reta";Não;6;0;2;0;3;2;2;6;-25,1353;-52,7169;SPRF-PR;DEL04-PR;UOP04-DEL04-PR
670788;31/03/2025;segunda-feira;15:30:00;MG;381;163;GOVERNADOR VALADARES;Ausência de reação do condutor;Colisão lateral sentido oposto;Com Vítimas Feridas;Pleno dia;Decrescente;Céu Claro;Simples;Reta;Não;2;0;0;1;1;0;1;2;-18,918689;-42,014008;SPRF-MG;DEL06-MG;UOP01-DEL06-MG
670793;31/03/2025;segunda-feira;15:52:00;MT;163;750;SORRISO;Ausência de reação do condutor;Engavetamento;Com Vítimas Feridas;Pleno dia;Decrescente;Céu Claro;Dupla;Reta;Sim;4;0;3;0;1;0;3;4;-12,5726;-55,72742;SPRF-MT;DEL06-MT;UOP01-DEL06-MT
670801;31/03/2025;segunda-feira;14:20:00;MG;381;877,4;ESTIVA;Velocidade Incompatível;Colisão com objeto;Com Vítimas Feridas;Pleno dia;Decrescente;Chuva;Dupla;"Declive;Curva";Não;2;0;1;0;0;1;1;2;-22,4418416;-45,9892383;SPRF-MG;DEL16-MG;UOP01-DEL16-MG
670810;31/03/2025;segunda-feira;17:30:00;PR;277;50,5;SAO JOSE DOS PINHAIS;Mal súbito do condutor;Colisão com objeto;Com Vítimas Feridas;Pleno dia;Crescente;Sol;Dupla;Reta;Não;2;0;1;0;0;1;1;2;-25,5874;-48,949;SPRF-PR;DEL01-PR;UOP05-DEL01-PR
670813;31/03/2025;segunda-feira;20:00:00;SP;116;340;MIRACATU;Manobra de mudança de faixa;Colisão lateral mesmo sentido;Com Vítimas Feridas;Plena Noite;Crescente;Nublado;Dupla;"Curva;Declive";Não;4;0;1;0;2;3;1;5;-24,00569895;-47,15898514;SPRF-SP;DEL04-SP;UOP03-DEL04-SP
670815;31/03/2025;segunda-feira;19:00:00;BA;101;503;ITABUNA;Retorno proibido;Colisão traseira;Com Vítimas Feridas;Plena Noite;Decrescente;Céu Claro;Simples;Reta;Não;2;0;1;0;1;0;1;2;-14,77126192;-39,29168338;SPRF-BA;DEL05-BA;UOP01-DEL05-BA
670816;31/03/2025;segunda-feira;19:15:00;RS;290;94;PORTO ALEGRE;Ausência de reação do condutor;Colisão lateral mesmo sentido;Sem Vítimas;Anoitecer;Decrescente;Chuva;Múltipla;Reta;Sim;3;0;0;0;3;0;0;2;-29,97783663;-51,20000904;SPRF-RS;DEL01-RS;UOP01-DEL01-RS
670820;31/03/2025;segunda-feira;20:20:00;MG;262;371;JUATUBA;Acessar a via sem observar a presença dos outros veículos;Colisão transversal;Com Vítimas Feridas;Plena Noite;Decrescente;Céu Claro;Múltipla;Reta;Sim;3;0;0;1;2;0;1;2;-19,9572801;-44,364477;SPRF-MG;DEL01-MG;UOP03-DEL01-MG
670823;31/03/2025;segunda-feira;17:00:00;RS;290;2;PORTO ALEGRE;Demais Fenômenos da natureza;Tombamento;Com Vítimas Feridas;Anoitecer;Crescente;Chuva;Dupla;Ponte;Sim;2;0;1;0;0;1;1;2;-29,9881107;-51,2100438;SPRF-RS;DEL01-RS;UOP01-DEL01-RS
670830;31/03/2025;segunda-feira;21:00:00;MG;381;831,5;SAO SEBASTIAO DA BELA VISTA;Reação tardia ou ineficiente do condutor;Colisão traseira;Com Vítimas Feridas;Plena Noite;Crescente;Nublado;Dupla;Reta;Não;4;0;1;0;2;1;1;4;-22,18983766;-45,8457946;SPRF-MG;DEL16-MG;UOP01-DEL16-MG
670831;31/03/2025;segunda-feira;17:35:00;RJ;40;122;DUQUE DE CAXIAS;Manobra de mudança de faixa;Colisão lateral mesmo sentido;Sem Vítimas;Pleno dia;Crescente;Céu Claro;Dupla;Reta;Sim;3;0;0;0;3;0;0;2;-22,7983342;-43,2898724;SPRF-RJ;DEL01-RJ;UOP02-DEL01-RJ
670832;31/03/2025;segunda-feira;21:00:00;BA;116;933;ENCRUZILHADA;Ausência de reação do condutor;Colisão lateral sentido oposto;Sem Vítimas;Plena Noite;Crescente;Nublado;Simples;Reta;Não;3;0;0;0;2;2;0;4;-15,6851608;-41,3254654;SPRF-BA;DEL08-BA;UOP03-DEL08-BA
670835;31/03/2025;segunda-feira;17:55:00;PR;153;479;PORTO VITORIA;Demais falhas mecânicas ou elétricas;Tombamento;Com Vítimas Feridas;Anoitecer;Crescente;Céu Claro;Simples;Reta;Não;2;0;1;0;0;1;1;2;-26,29218379;-51,20246887;SPRF-PR;DEL02-PR;UOP03-DEL02-PR
670839;31/03/2025;segunda-feira;21:20:00;RO;364;431;JARU;Desrespeitar a preferência no cruzamento;Colisão transversal;Sem Vítimas;Plena Noite;Decrescente;Céu Claro;Simples;"Reta;Interseção de Vias;Retorno Regulamentado";Não;3;0;0;0;2;1;0;3;-10,40659046;-62,51630545;SPRF-RO;DEL03-RO;UOP02-DEL03-RO
670840;01/04/2025;terça-feira;01:40:00;SE;101;128,3;ESTANCIA;Ausência de reação do condutor;Saída de leito carroçável;Com Vítimas Feridas;Plena Noite;Decrescente;Céu Claro;Dupla;Curva;Não;1;0;1;0;0;0;1;1;-11,083051;-37,369031;SPRF-SE;DEL02-SE;UOP01-DEL02-SE