id;data_inversa;dia_semana;horario;uf;br;km;municipio;causa_acidente;tipo_acidente;classificacao_acidente;fase_dia;sentido_via;condicao_metereologica;tipo_pista;tracado_via;uso_solo;pessoas;mortos;feridos_leves;feridos_graves;ilesos;ignorados;feridos;veiculos;latitude;longitude;regional;delegacia;uop
671814;05/04/2025;sábado;19:00:00;MT;163;785;SORRISO;Ingestão de álcool pelo condutor;Colisão lateral sentido oposto;Com Vítimas Feridas;Plena Noite;Crescente;Céu Claro;Simples;Reta;Não;4;0;1;0;3;0;1;2;-12,29740374;-55,57022095;SPRF-MT;DEL06-MT;UOP02-DEL06-MT
671821;05/04/2025;sábado;18:14:00;PR;277;131;CAMPO LARGO;Reação tardia ou ineficiente do condutor;Colisão lateral mesmo sentido;Com Vítimas Feridas;Plena Noite;Decrescente;Garoa/Chuvisco;Dupla;"Viaduto;Curva";Não;5;0;1;0;3;1;1;4;-25,46023665;-49,57749713;SPRF-PR;DEL03-PR;UOP03-DEL03-PR
671826;05/04/2025;sábado;19:40:00;AL;101;70;MESSIAS;Pedestre andava na pista;Atropelamento de Pedestre;Com Vítimas Fatais;Plena Noite;Decrescente;Céu Claro;Dupla;"Reta;Declive";Não;2;1;0;0;0;1;0;2;-9,368786;-35,83185;SPRF-AL;DEL01-AL;UOP02-DEL01-AL
671828;05/04/2025;sábado;19:30:00;MA;230;420;BALSAS;Ausência de reação do condutor;Colisão traseira;Com Vítimas Feridas;Plena Noite;Decrescente;Céu Claro;Simples;Reta;Não;2;0;1;0;1;0;1;2;-7,5146475;-46,0790049;SPRF-MA;DEL05-MA;UOP01-DEL05-MA
671830;05/04/2025;sábado;21:25:00;CE;116;12;FORTALEZA;Ausência de reação do condutor;Colisão lateral mesmo sentido;Com Vítimas Feridas;Plena Noite;Decrescente;Céu Claro;Dupla;Reta;Não;4;0;2;0;1;1;2;3;-3,85558932;-38,49466145;SPRF-CE;DEL01-CE;UOP02-DEL01-CE
671831;05/04/2025;sábado;13:30:00;BA;242;595;IBOTIRAMA;Ingestão de álcool pelo condutor;Saída de leito carroçável;Sem Vítimas;Pleno dia;Crescente;Céu Claro;Simples;Reta;Não;2;0;0;0;1;1;0;2;-12,129535;-43,176885;SPRF-BA;DEL06-BA;UOP03-DEL06-BA
671839;05/04/2025;sábado;19:00:00;GO;153;211;URUACU;Ausência de reação do condutor;Colisão transversal;Com Vítimas Feridas;Plena Noite;Decrescente;Garoa/Chuvisco;Simples;"Reta;Retorno Regulamentado";Não;3;0;1;0;1;1;1;3;-14,627848;-49,173548;SPRF-GO;DEL07-GO;UOP02-DEL07-GO
671844;05/04/2025;sábado;18:20:00;PR;476;222;LAPA;Manobra de mudança de faixa;Colisão frontal;Com Vítimas Feridas;Plena Noite;Crescente;Nublado;Simples;Reta;Não;6;0;0;1;4;4;1;9;-25,82444279;-49,92128491;SPRF-PR;DEL01-PR;UOP06-DEL01-PR
671846;05/04/2025;sábado;21:00:00;SP;116;482,7;CAJATI;Ausência de reação do condutor;Engavetamento;Com Vítimas Feridas;Plena Noite;Decrescente;Chuva;Dupla;Reta;Não;5;0;1;2;1;2;3;5;-24,72211383;-48,0678981;SPRF-SP;DEL05-SP;UOP01-DEL05-SP
671847;05/04/2025;sábado;21:30:00;PA;155;341;MARABA;Mal súbito do condutor;Eventos atípicos;Com Vítimas Fatais;Plena Noite;Decrescente;Garoa/Chuvisco;Simples;Reta;Sim;2;1;0;0;0;1;0;2;-5,387993;-49,079318;SPRF-PA;DEL03-PA;UOP01-DEL03-PA
671848;05/04/2025;sábado;19:25:00;PE;423;99;GARANHUNS;Velocidade Incompatível;Colisão traseira;Sem Vítimas;Plena Noite;Decrescente;Céu Claro;Simples;Reta;Não;4;0;0;0;2;2;0;3;-8,876685;-36,516283;SPRF-PE;DEL03-PE;UOP01-DEL03-PE
671850;05/04/2025;sábado;18:50:00;SC;470;248,5;CURITIBANOS;Transitar na contramão;Colisão frontal;Com Vítimas Fatais;Anoitecer;Crescente;Céu Claro;Simples;"Curva;Interseção de Vias";Sim;6;1;0;1;3;2;1;5;-27,31455;-50,57177;SPRF-SC;DEL05-SC;UOP03-DEL05-SC
671854;05/04/2025;sábado;19:00:00;MG;50;119;UBERABA;Acessar a via sem observar a presença dos outros veículos;Colisão transversal;Com Vítimas Feridas;Plena Noite;Crescente;Nublado;Dupla;"Reta;Retorno Regulamentado";Não;3;0;1;0;1;2;1;4;-19,7142145;-47,9911305;SPRF-MG;DEL13-MG;UOP01-DEL13-MG
671865;05/04/2025;sábado;19:45:00;RO;364;305;PRESIDENTE MEDICI;Acessar a via sem observar a presença dos outros veículos;Colisão lateral sentido oposto;Com Vítimas Feridas;Plena Noite;Crescente;Céu Claro;Dupla;Reta;Sim;4;0;0;2;1;2;2;4;-11,19594339;-61,90140367;SPRF-RO;DEL02-RO;UOP01-DEL02-RO
671876;05/04/2025;sábado;19:30:00;MG;381;206,8;NAQUE;Demais falhas mecânicas ou elétricas;Colisão frontal;Com Vítimas Fatais;Plena Noite;Crescente;Nublado;Simples;Reta;Não;6;1;0;3;1;3;3;5;-19,188884;-42,270284;SPRF-MG;DEL06-MG;UOP01-DEL06-MG
671885;06/04/2025;domingo;03:10:00;SC;101;422,9;ARARANGUA;Pedestre andava na pista;Atropelamento de Pedestre;Com Vítimas Feridas;Plena Noite;Decrescente;Céu Claro;Múltipla;Reta;Não;3;0;0;1;1;1;1;3;-29,0127404;-49,576344;SPRF-SC;DEL02-SC;UOP02-DEL02-SC
671888;06/04/2025;domingo;03:10:00;MS;163;477;CAMPO GRANDE;Ausência de reação do condutor;Colisão lateral sentido oposto;Sem Vítimas;Plena Noite;Crescente;Céu Claro;Simples;"Curva;Declive";Sim;3;0;0;0;2;2;0;4;-20,50522354;-54,55537666;SPRF-MS;DEL01-MS;UOP01-DEL01-MS
671910;06/04/2025;domingo;04:20:00;BA;116;735,5;POCOES;Condutor Dormindo;Tombamento;Com Vítimas Feridas;Plena Noite;Decrescente;Céu Claro;Simples;Reta;Não;2;0;0;1;0;2;1;3;-14,497717;-40,35017;SPRF-BA;DEL08-BA;UOP02-DEL08-BA
671929;06/04/2025;domingo;05:20:00;MG;381;661,3;SANTO ANTONIO DO AMPARO;Pedestre cruzava a pista fora da faixa;Atropelamento de Pedestre;Com Vítimas Fatais;Amanhecer;Crescente;Nublado;Dupla;"Reta;Aclive";Não;2;1;0;0;0;1;0;2;-21,05512623;-45,03152132;SPRF-MG;DEL04-MG;UOP02-DEL04-MG
671932;06/04/2025;domingo;05:20:00;RN;110;20;MOSSORO;Transitar na contramão;Colisão lateral sentido oposto;Com Vítimas Feridas;Pleno dia;Crescente;Sol;Simples;Reta;Não;3;0;1;0;1;1;1;3;-5,056657;-37,15489;SPRF-RN;DEL04-RN;UOP01-DEL04-RN
671935;06/04/2025;domingo;10:00:00;ES;101;62;SAO MATEUS;Condutor deixou de manter distância do veículo da frente;Colisão lateral mesmo sentido;Com Vítimas Feridas;Pleno dia;Crescente;Nublado;Simples;Curva;Não;2;0;1;0;0;1;1;2;-18,693832;-39,864126;SPRF-ES;DEL04-ES;UOP02-DEL04-ES
671942;06/04/2025;domingo;09:15:00;RJ;393;114;SAPUCAIA;Velocidade Incompatível;Saída de leito carroçável;Com Vítimas Feridas;Pleno dia;Decrescente;Céu Claro;Simples;Curva;Não;2;0;1;0;0;1;1;2;-21,9216282;-42,7678491;SPRF-RJ;DEL05-RJ;UOP01-DEL05-RJ
671949;01/03/2025;sábado;19:45:00;RJ;116;232,4;PIRAI;Demais falhas mecânicas ou elétricas;Incêndio;Sem Vítimas;Plena Noite;Crescente;Céu Claro;Simples;Reta;Não;2;0;0;0;1;1;0;2;-22,6641;-43,84107;SPRF-RJ;DEL07-RJ;UOP01-DEL07-RJ
671952;06/04/2025;domingo;12:18:00;SC;101;29;JOINVILLE;Velocidade Incompatível;Tombamento;Com Vítimas Feridas;Pleno dia;Decrescente;Sol;Dupla;Reta;Não;3;0;1;0;1;1;1;3;-26,21773756;-48,91606439;SPRF-SC;DEL03-SC;UOP01-DEL03-SC
671965;06/04/2025;domingo;14:50:00;TO;153;504,2;PARAISO DO TOCANTINS;Reação tardia ou ineficiente do condutor;Colisão traseira;Sem Vítimas;Pleno dia;Decrescente;Céu Claro;Simples;"Reta;Aclive";Não;4;0;0;0;3;1;0;4;-10,238279;-48,877302;SPRF-TO;DEL01-TO;UOP01-DEL01-TO
671972;06/04/2025;domingo;15:03:00;DF;20;4;BRASILIA;Reação tardia ou ineficiente do condutor;Colisão traseira;Com Vítimas Feridas;Pleno dia;Decrescente;Céu Claro;Dupla;"Reta;Aclive";Sim;2;0;0;1;1;0;1;2;-15,68339119;-47,84308311;SPRF-DF;DEL02-DF;UOP01-DEL02-DF
671975;06/04/2025;domingo;13:18:00;PE;101;131;ESCADA;Reação tardia ou ineficiente do condutor;Tombamento;Sem Vítimas;Pleno dia;Decrescente;Nublado;Dupla;Curva;Não;2;0;0;0;0;2;0;2;-8,41439454;-35,3044618;SPRF-PE;DEL01-PE;UOP03-DEL01-PE
671981;06/04/2025;domingo;14:20:00;BA;116;369;SERRINHA;Reação tardia ou ineficiente do condutor;Colisão lateral sentido oposto;Com Vítimas Feridas;Pleno dia;Decrescente;Sol;Simples;Reta;Não;5;0;3;0;2;0;3;2;-11,758208;-38,98598;SPRF-BA;DEL02-BA;UOP01-DEL02-BA
671987;06/04/2025;domingo;13:30:00;SC;163;103,8;SAO JOSE DO CEDRO;Ultrapassagem Indevida;Colisão frontal;Com Vítimas Fatais;Pleno dia;Crescente;Céu Claro;Simples;"Curva;Viaduto";Não;2;1;0;0;1;0;0;2;-26,45478286;-53,51043463;SPRF-SC;DEL07-SC;UOP03-DEL07-SC
671998;06/04/2025;domingo;16:50:00;SP;116;24,4;LAVRINHAS;Manobra de mudança de faixa;Colisão traseira;Com Vítimas Feridas;Pleno dia;Decrescente;Nublado;Múltipla;"Declive;Reta";Não;5;0;2;0;1;2;2;4;-22,60125398;-44,88975048;SPRF-SP;DEL08-SP;UOP02-DEL08-SP
672004;06/04/2025;domingo;14:00:00;PE;101;182,9;PALMARES;Condutor Dormindo;Colisão com objeto;Com Vítimas Feridas;Pleno dia;Crescente;Céu Claro;Dupla;Curva;Sim;2;0;0;1;0;1;1;2;-8,661583;-35,565585;SPRF-PE;DEL01-PE;UOP03-DEL01-PE
672012;06/04/2025;domingo;19:00:00;PR;116;145;MANDIRITUBA;Ultrapassagem Indevida;Colisão lateral sentido oposto;Sem Vítimas;Plena Noite;Crescente;Nublado;Simples;Aclive;Não;3;0;0;0;2;1;0;3;-25,80280471;-49,32872693;SPRF-PR;DEL01-PR;UOP03-DEL01-PR
672013;06/04/2025;domingo;17:50:00;GO;153;77;PORANGATU;Ausência de reação do condutor;Colisão lateral sentido oposto;Com Vítimas Feridas;Pleno dia;Crescente;Garoa/Chuvisco;Simples;Aclive;Não;3;0;1;1;1;0;2;2;-13,49966163;-49,13015306;SPRF-GO;DEL07-GO;UOP01-DEL07-GO
672016;06/04/2025;domingo;18:30:00;MS;60;384,7;CAMPO GRANDE;Ingestão de álcool pelo condutor;Colisão frontal;Com Vítimas Fatais;Plena Noite;Crescente;Céu Claro;Simples;Curva;Não;12;2;0;5;2;4;5;6;-20,667474;-54,756151;SPRF-MS;DEL01-MS;UOP04-DEL01-MS
672018;06/04/2025;domingo;16:22:00;TO;153;571,3;FATIMA;Reação tardia ou ineficiente do condutor;Tombamento;Com Vítimas Feridas;Pleno dia;Crescente;Céu Claro;Simples;Reta;Não;2;0;1;0;0;1;1;2;-10,840586;-48,904469;SPRF-TO;DEL01-TO;UOP01-DEL01-TO
672026;06/04/2025;domingo;17:25:00;SC;282;424,3;VARGEM BONITA;Transitar na contramão;Colisão frontal;Com Vítimas Fatais;Pleno dia;Crescente;Céu Claro;Simples;"Declive;Curva";Não;3;1;0;0;1;1;0;3;-26,992296;-51,751896;SPRF-SC;DEL07-SC;UOP05-DEL07-SC
672027;06/04/2025;domingo;18:30:00;TO;153;630;ALIANCA DO TOCANTINS;Condutor deixou de manter distância do veículo da frente;Colisão traseira;Com Vítimas Feridas;Anoitecer;Crescente;Céu Claro;Simples;"Aclive;Reta";Não;9;0;1;0;7;2;1;6;-11,42828446;-48,97945404;SPRF-TO;DEL01-TO;UOP02-DEL01-TO
672032;06/04/2025;domingo;15:00:00;BA;116;643;JAGUAQUARA;Problema com o freio;Capotamento;Com Vítimas Fatais;Pleno dia;Crescente;Céu Claro;Simples;Curva;Não;1;1;0;0;0;0;0;1;-13,60242;-40,08913;SPRF-BA;DEL03-BA;UOP01-DEL03-BA
672041;06/04/2025;domingo;20:40:00;SP;381;1;VARGEM;Ausência de reação do condutor;Colisão traseira;Sem Vítimas;Plena Noite;Decrescente;Nublado;Dupla;"Aclive;Reta";Não;3;0;0;0;3;0;0;2;-22,88137459;-46,37947083;SPRF-SP;DEL03-SP;UOP02-DEL03-SP
672048;09/02/2025;domingo;20:10:00;PR;376;178;MARINGA;Condutor deixou de manter distância do veículo da frente;Colisão traseira;Com Vítimas Feridas;Plena Noite;Crescente;Céu Claro;Dupla;Reta;Sim;3;0;1;0;1;1;1;2;-23,417285;-51,919031;SPRF-PR;DEL09-PR;UOP01-DEL09-PR
672069;06/04/2025;domingo;23:30:00;MG;381;457;BELO HORIZONTE;Ausência de reação do condutor;Colisão traseira;Com Vítimas Feridas;Plena Noite;Crescente;Céu Claro;Dupla;Reta;Não;2;0;1;0;1;0;1;2;-19,84487591;-43,88683683;SPRF-MG;DEL01-MG;UOP01-DEL01-MG
672070;06/04/2025;domingo;23:10:00;BA;324;355;CAPIM GROSSO;Ultrapassagem Indevida;Colisão frontal;Com Vítimas Feridas;Plena Noite;Decrescente;Céu Claro;Simples;Reta;Sim;3;0;2;0;1;0;2;2;-11,37806063;-40,00405312;SPRF-BA;DEL04-BA;UOP02-DEL04-BA
672073;06/04/2025;domingo;18:45:00;PR;369;28,2;CAMBARA;Ultrapassagem Indevida;Colisão frontal;Com Vítimas Fatais;Plena Noite;Crescente;Céu Claro;Simples;Aclive;Não;20;4;4;0;11;1;4;4;-23,03714988;-50,163508;SPRF-PR;DEL07-PR;UOP05-DEL07-PR
672074;06/04/2025;domingo;17:30:00;SE;101;155,2;ESTANCIA;Ausência de reação do condutor;Tombamento;Sem Vítimas;Anoitecer;Decrescente;Céu Claro;Simples;Curva;Não;2;0;0;0;0;4;0;4;-11,289038;-37,468252;SPRF-SE;DEL02-SE;UOP01-DEL02-SE
672079;07/04/2025;segunda-feira;02:05:00;SP;116;55,1;LORENA;Condutor Dormindo;Colisão traseira;Com Vítimas Feridas;Plena Noite;Decrescente;Nublado;Dupla;Reta;Não;3;0;0;1;1;1;1;3;-22,76492181;-45,12491919;SPRF-SP;DEL08-SP;UOP02-DEL08-SP
672082;06/04/2025;domingo;20:15:00;MT;174;557;COMODORO;Condutor Dormindo;Colisão traseira;Com Vítimas Feridas;Plena Noite;Crescente;Céu Claro;Simples;"Reta;Aclive";Não;4;0;2;0;1;3;2;5;-13,0480136;-59,9023452;SPRF-MT;DEL04-MT;UOP02-DEL04-MT
672085;07/04/2025;segunda-feira;03:00:00;GO;153;494;GOIANIA;Ingestão de álcool pelo condutor;Colisão lateral mesmo sentido;Sem Vítimas;Plena Noite;Decrescente;Céu Claro;Dupla;"Reta;Aclive";Sim;3;0;0;0;2;1;0;3;-16,6472622;-49,2126694;SPRF-GO;DEL01-GO;UOP01-DEL01-GO
672098;06/04/2025;domingo;12:10:00;PI;316;23;TERESINA;Acostamento em desnível;Saída de leito carroçável;Sem Vítimas;Pleno dia;Decrescente;Céu Claro;Dupla;Reta;Não;2;0;0;0;1;1;0;2;-5,29801098;-42,70973682;SPRF-PI;DEL01-PI;UOP02-DEL01-PI
672105;06/04/2025;domingo;22:30:00;SC;470;88;ASCURRA;Ausência de reação do condutor;Colisão lateral mesmo sentido;Com Vítimas Feridas;Plena Noite;Crescente;Nublado;Simples;Rotatória;Não;4;0;1;0;2;1;1;4;-26,95510108;-49,37321121;SPRF-SC;DEL04-SC;UOP01-DEL04-SC
672107;07/04/2025;segunda-feira;00:50:00;BA;110;86;JEREMOABO;Transitar na contramão;Colisão frontal;Com Vítimas Fatais;Plena Noite;Decrescente;Céu Claro;Simples;Reta;Não;3;1;0;0;1;1;0;3;-10,122747;-38,30467;SPRF-BA;DEL07-BA;UOP01-DEL07-BA
672109;06/04/2025;domingo;18:40:00;MG;262;460,2;NOVA SERRANA;Ausência de reação do condutor;Colisão com objeto;Com Vítimas Fatais;Anoitecer;Decrescente;Céu Claro;Simples;Ponte;Não;2;1;0;0;0;1;0;2;-19,81194702;-45,11041582;SPRF-MG;DEL08-MG;UOP03-DEL08-MG
672111;07/04/2025;segunda-feira;00:45:00;RJ;495;24;PETROPOLIS;Transitar na contramão;Colisão frontal;Com Vítimas Feridas;Plena Noite;Decrescente;Garoa/Chuvisco;Simples;Curva;Não;6;0;1;0;5;0;1;3;-22,2789632;-43,1259648;SPRF-RJ;DEL05-RJ;UOP02-DEL05-RJ
672114;07/04/2025;segunda-feira;06:45:00;SC;282;87;ALFREDO WAGNER;Velocidade Incompatível;Colisão lateral sentido oposto;Com Vítimas Feridas;Amanhecer;Crescente;Chuva;Simples;"Aclive;Curva";Não;2;0;1;0;1;0;1;2;-27,665042;-49,206128;SPRF-SC;DEL01-SC;UOP03-DEL01-SC
672120;07/04/2025;segunda-feira;05:20:00;AM;174;911,7;MANAUS;Demais Fenômenos da natureza;Colisão lateral sentido oposto;Sem Vítimas;Amanhecer;Crescente;Nevoeiro/Neblina;Simples;"Declive;Reta";Não;3;0;0;0;2;1;0;3;-2,734463;-60,045113;SPRF-AM;DEL01-AM;UOP01-DEL01-AM
672127;07/04/2025;segunda-feira;07:50:00;SC;101;201,7;SAO JOSE;Manobra de mudança de faixa;Tombamento;Com Vítimas Feridas;Pleno dia;Crescente;Chuva;Múltipla;Reta;Sim;3;0;1;1;0;1;2;2;-27,55361296;-48,61947276;SPRF-SC;DEL01-SC;UOP01-DEL01-SC
672136;07/04/2025;segunda-feira;05:10:00;MT;70;160;GENERAL CARNEIRO;Ausência de reação do condutor;Tombamento;Com Vítimas Feridas;Amanhecer;Crescente;Céu Claro;Simples;Curva;Não;2;0;1;0;0;1;1;2;-15,74302336;-53,78494263;SPRF-MT;DEL05-MT;UOP01-DEL05-MT
672141;07/04/2025;segunda-feira;07:45:00;MT;163;1066;GUARANTA DO NORTE;Ultrapassagem Indevida;Colisão frontal;Com Vítimas Feridas;Pleno dia;Crescente;Céu Claro;Simples;"Aclive;Reta";Sim;3;0;1;0;1;2;1;4;-9,936412;-54,903598;SPRF-MT;DEL06-MT;UOP03-DEL06-MT
672151;04/04/2025;sexta-feira;04:30:00;BA;116;693;JEQUIE;Condutor Dormindo;Tombamento;Com Vítimas Feridas;Plena Noite;Crescente;Céu Claro;Simples;"Aclive;Reta";Não;2;0;1;0;0;2;1;3;-14,003104;-40,182791;SPRF-BA;DEL03-BA;UOP01-DEL03-BA
672152;07/04/2025;segunda-feira;07:00:00;SC;470;104;APIUNA;Velocidade Incompatível;Saída de leito carroçável;Com Vítimas Feridas;Pleno dia;Crescente;Chuva;Simples;Curva;Não;1;0;0;1;0;0;1;1;-27,061583;-49,413956;SPRF-SC;DEL04-SC;UOP02-DEL04-SC
672154;07/04/2025;segunda-feira;10:58:00;SP;116;215,5;GUARULHOS;Reação tardia ou ineficiente do condutor;Engavetamento;Com Vítimas Feridas;Pleno dia;Crescente;Nublado;Múltipla;"Reta;Aclive";Sim;6;0;2;0;4;0;2;3;-23,449072;-46,4597458;SPRF-SP;DEL01-SP;UOP01-DEL01-SP
672165;07/04/2025;segunda-feira;12:30:00;SC;101;139;BALNEARIO CAMBORIU;Demais falhas mecânicas ou elétricas;Incêndio;Sem Vítimas;Pleno dia;Crescente;Sol;Dupla;Reta;Sim;1;0;0;0;1;0;0;1;-27,03623536;-48,60064566;SPRF-SC;DEL04-SC;UOP03-DEL04-SC
672176;07/04/2025;segunda-feira;10:00:00;PE;423;78;JUCATI;Ingestão de álcool pelo condutor;Colisão frontal;Com Vítimas Fatais;Pleno dia;Crescente;Céu Claro;Simples;Reta;Sim;3;1;0;0;1;1;0;3;-8,757878;-36,430568;SPRF-PE;DEL03-PE;UOP01-DEL03-PE
672177;07/04/2025;segunda-feira;12:40:00;PR;376;510;PONTA GROSSA;Condutor deixou de manter distância do veículo da frente;Colisão traseira;Com Vítimas Feridas;Pleno dia;Decrescente;Céu Claro;Dupla;"Declive;Reta";Não;4;0;2;0;0;2;2;3;-25,21832;-50,056065;SPRF-PR;DEL03-PR;UOP04-DEL03-PR
672180;07/04/2025;segunda-feira;11:50:00;BA;116;7,9;VITORIA DA CONQUISTA;Demais falhas mecânicas ou elétricas;Colisão lateral mesmo sentido;Com Vítimas Feridas;Pleno dia;Crescente;Nublado;Simples;Interseção de Vias;Sim;3;0;1;0;1;2;1;4;-14,84800557;-40,88504076;SPRF-BA;DEL08-BA;UOP01-DEL08-BA
672183;07/04/2025;segunda-feira;11:15:00;PE;232;158;TACAIMBO;Ultrapassagem Indevida;Colisão frontal;Com Vítimas Feridas;Pleno dia;Decrescente;Céu Claro;Simples;Reta;Não;6;0;0;3;2;2;3;5;-8,33115615;-36,2438643;SPRF-PE;DEL03-PE;UOP02-DEL03-PE
672184;07/04/2025;segunda-feira;13:00:00;PR;277;3,5;PARANAGUA;Ultrapassagem Indevida;Colisão lateral mesmo sentido;Com Vítimas Feridas;Pleno dia;Decrescente;Nublado;Simples;Reta;Sim;2;0;1;0;1;0;1;2;-25,54414957;-48,55950058;SPRF-PR;DEL01-PR;UOP05-DEL01-PR
672185;07/04/2025;segunda-feira;07:30:00;SC;282;54,2;RANCHO QUEIMADO;Velocidade Incompatível;Colisão frontal;Com Vítimas Feridas;Pleno dia;Crescente;Chuva;Simples;Curva;Não;3;0;1;0;2;0;1;2;-27,6872695;-49,00099017;SPRF-SC;DEL01-SC;UOP03-DEL01-SC
672188;07/04/2025;segunda-feira;15:00:00;PB;230;10,2;CABEDELO;Acostamento em desnível;Queda de ocupante de veículo;Com Vítimas Feridas;Pleno dia;Crescente;Sol;Dupla;"Reta;Em Obras";Sim;3;0;1;0;2;0;1;3;-7,055512;-34,85061;SPRF-PB;DEL01-PB;UOP01-DEL01-PB
672189;03/04/2025;quinta-feira;07:30:00;PA;155;70;RIO MARIA;Reação tardia ou ineficiente do condutor;Saída de leito carroçável;Sem Vítimas;Pleno dia;Crescente;Ignorado;Simples;Reta;Não;2;0;0;0;1;1;0;2;-7,3853391;-50,04110858;SPRF-PA;DEL03-PA;UOP01-DEL03-PA
672191;07/04/2025;segunda-feira;14:20:00;RS;386;2,2;IRAI;Transitar na contramão;Colisão lateral sentido oposto;Com Vítimas Feridas;Pleno dia;Crescente;Nublado;Simples;Reta;Não;3;0;1;0;1;4;1;6;-27,17836;-53,24327;SPRF-RS;DEL08-RS;UOP02-DEL08-RS
672199;07/04/2025;segunda-feira;15:35:00;MG;40;463,5;SETE LAGOAS;Ausência de reação do condutor;Tombamento;Sem Vítimas;Pleno dia;Decrescente;Céu Claro;Dupla;"Reta;Declive";Não;2;0;0;0;1;1;0;2;-19,42555844;-44,33781624;SPRF-MG;DEL02-MG;UOP01-DEL02-MG
672201;07/04/2025;segunda-feira;14:30:00;SC;282;249,8;VARGEM;Ultrapassagem Indevida;Colisão frontal;Com Vítimas Feridas;Pleno dia;Decrescente;Nublado;Simples;Reta;Não;3;0;1;0;2;0;1;3;-27,52497646;-50,88307813;SPRF-SC;DEL05-SC;UOP02-DEL05-SC
672207;07/04/2025;segunda-feira;15:30:00;MG;251;449,2;GRAO MOGOL;Velocidade Incompatível;Colisão frontal;Com Vítimas Feridas;Pleno dia;Crescente;Nublado;Simples;"Declive;Curva";Não;4;0;1;0;2;2;1;4;-16,4339617;-43,2800599;SPRF-MG;DEL12-MG;UOP01-DEL12-MG
672208;07/04/2025;segunda-feira;15:20:00;PA;10;165,6;PARAGOMINAS;Ausência de reação do condutor;Colisão frontal;Com Vítimas Fatais;Pleno dia;Crescente;Nublado;Simples;Reta;Sim;3;1;0;0;1;1;0;3;-2,985991;-47,455369;SPRF-PA;DEL02-PA;UOP01-DEL02-PA
672218;07/04/2025;segunda-feira;17:30:00;PB;101;107;ALHANDRA;Manobra de mudança de faixa;Colisão lateral mesmo sentido;Sem Vítimas;Pleno dia;Decrescente;Céu Claro;Dupla;Reta;Não;4;0;0;0;3;1;0;3;-7,333885;-34,947195;SPRF-PB;DEL01-PB;UOP01-DEL01-PB
672225;07/04/2025;segunda-feira;18:25:00;SP;116;145;SAO JOSE DOS CAMPOS;Condutor deixou de manter distância do veículo da frente;Colisão traseira;Com Vítimas Feridas;Plena Noite;Decrescente;Céu Claro;Múltipla;Aclive;Sim;4;0;1;0;2;1;1;4;-23,19228269;-45,86585999;SPRF-SP;DEL02-SP;UOP01-DEL02-SP
672230;07/04/2025;segunda-feira;15:50:00;RJ;40;121;DUQUE DE CAXIAS;Velocidade Incompatível;Tombamento;Com Vítimas Feridas;Pleno dia;Crescente;Céu Claro;Múltipla;"Declive;Retorno Regulamentado;Curva";Sim;3;0;2;0;1;0;2;1;-22,78498447;-43,28569014;SPRF-RJ;DEL01-RJ;UOP02-DEL01-RJ
672233;07/04/2025;segunda-feira;16:20:00;MG;116;275;TEOFILO OTONI;Demais falhas mecânicas ou elétricas;Incêndio;Sem Vítimas;Anoitecer;Decrescente;Chuva;Simples;Reta;Não;1;0;0;0;1;0;0;1;-17,8720154;-41,5199537;SPRF-MG;DEL11-MG;UOP01-DEL11-MG
672237;07/04/2025;segunda-feira;17:45:00;CE;20;204;BOA VIAGEM;Manobra de mudança de faixa;Colisão frontal;Com Vítimas Feridas;Anoitecer;Crescente;Céu Claro;Simples;Reta;Sim;2;0;0;1;1;0;1;2;-5,1177;-39,7278;SPRF-CE;DEL02-CE;UOP02-DEL02-CE
672242;07/04/2025;segunda-feira;18:15:00;ES;101;450;MIMOSO DO SUL;Ausência de reação do condutor;Colisão lateral sentido oposto;Com Vítimas Feridas;Anoitecer;Decrescente;Nublado;Simples;Reta;Não;5;0;1;2;1;2;3;6;-21,19133423;-41,29438877;SPRF-ES;DEL03-ES;UOP02-DEL03-ES
672243;07/04/2025;segunda-feira;18:40:00;PR;376;591;CURITIBA;Acessar a via sem observar a presença dos outros veículos;Colisão transversal;Com Vítimas Feridas;Anoitecer;Decrescente;Céu Claro;Dupla;"Viaduto;Interseção de Vias";Sim;3;0;1;0;1;2;1;4;-25,43352012;-49,36530175;SPRF-PR;DEL03-PR;UOP03-DEL03-PR
672244;07/04/2025;segunda-feira;19:20:00;RS;392;4,7;RIO GRANDE;Conversão proibida;Colisão transversal;Com Vítimas Feridas;Plena Noite;Decrescente;Garoa/Chuvisco;Simples;Reta;Sim;3;0;1;0;1;1;1;3;-32,07189688;-52,09744507;SPRF-RS;DEL07-RS;UOP02-DEL07-RS
672245;07/04/2025;segunda-feira;15:00:00;PE;232;307,9;SERTANIA;Ultrapassagem Indevida;Colisão lateral sentido oposto;Com Vítimas Feridas;Pleno dia;Decrescente;Sol;Simples;Reta;Não;7;0;4;1;1;1;5;4;-8,170767;-37,459735;SPRF-PE;DEL04-PE;UOP02-DEL04-PE
672247;07/04/2025;segunda-feira;17:00:00;MT;70;519;VARZEA GRANDE;Acessar a via sem observar a presença dos outros veículos;Colisão transversal;Com Vítimas Feridas;Anoitecer;Crescente;Céu Claro;Simples;Reta;Sim;2;0;0;1;1;0;1;2;-15,67696513;-56,17575645;SPRF-MT;DEL01-MT;UOP02-DEL01-MT
672248;07/04/2025;segunda-feira;14:30:00;MG;116;215;CATUJI;Condutor Dormindo;Tombamento;Com Vítimas Feridas;Pleno dia;Crescente;Chuva;Dupla;Reta;Não;2;0;0;1;0;1;1;2;-17,3703214;-41,5317629;SPRF-MG;DEL11-MG;UOP01-DEL11-MG