id;data_inversa;dia_semana;horario;uf;br;km;municipio;causa_acidente;tipo_acidente;classificacao_acidente;fase_dia;sentido_via;condicao_metereologica;tipo_pista;tracado_via;uso_solo;pessoas;mortos;feridos_leves;feridos_graves;ilesos;ignorados;feridos;veiculos;latitude;longitude;regional;delegacia;uop
672257;07/04/2025;segunda-feira;20:00:00;BA;242;628;MUQUEM DE SAO FRANCISCO;Transitar na contramão;Colisão frontal;Com Vítimas Feridas;Plena Noite;Crescente;Nublado;Simples;Reta;Não;3;0;0;2;0;4;2;6;-12,17462;-43,39267;SPRF-BA;DEL10-BA;UOP01-DEL10-BA
672258;07/04/2025;segunda-feira;10:30:00;RO;364;653;CANDEIAS DO JAMARI;Transitar na contramão;Colisão frontal;Com Vítimas Fatais;Pleno dia;Crescente;Céu Claro;Simples;Reta;Não;3;1;0;0;1;3;0;5;-8,897944;-63,438256;SPRF-RO;DEL01-RO;UOP01-DEL01-RO
672266;07/04/2025;segunda-feira;20:00:00;GO;20;61;FORMOSA;Iluminação deficiente;Colisão traseira;Com Vítimas Feridas;Plena Noite;Decrescente;Céu Claro;Simples;"Reta;Declive";Não;3;0;2;0;0;1;2;3;-15,237622;-47,170635;SPRF-DF;DEL02-DF;UOP02-DEL02-DF
672270;07/04/2025;segunda-feira;22:10:00;RS;470;217;BENTO GONCALVES;Acessar a via sem observar a presença dos outros veículos;Colisão transversal;Com Vítimas Feridas;Anoitecer;Crescente;Garoa/Chuvisco;Simples;Reta;Sim;3;0;1;0;2;0;1;2;-29,17516033;-51,52352571;SPRF-RS;DEL06-RS;UOP01-DEL06-RS
672273;07/04/2025;segunda-feira;21:40:00;RS;386;286,6;SAO JOSE DO HERVAL;Carga excessiva e/ou mal acondicionada;Tombamento;Com Vítimas Feridas;Plena Noite;Decrescente;Garoa/Chuvisco;Simples;Reta;Não;2;0;1;0;0;3;1;4;-29,03887069;-52,29773954;SPRF-RS;DEL04-RS;UOP03-DEL04-RS
672275;07/04/2025;segunda-feira;22:45:00;TO;153;638;ALIANCA DO TOCANTINS;Condutor Dormindo;Colisão traseira;Com Vítimas Feridas;Plena Noite;Decrescente;Nublado;Simples;"Reta;Aclive";Não;3;0;1;0;1;3;1;5;-11,41987704;-48,98194313;SPRF-TO;DEL01-TO;UOP02-DEL01-TO
672276;07/04/2025;segunda-feira;16:00:00;MA;222;545;BOM JESUS DAS SELVAS;Reação tardia ou ineficiente do condutor;Tombamento;Com Vítimas Feridas;Pleno dia;Decrescente;Céu Claro;Simples;Curva;Não;2;0;1;0;0;2;1;3;-4,368444;-46,638222;SPRF-MA;DEL04-MA;UOP03-DEL04-MA
672277;07/04/2025;segunda-feira;20:20:00;MG;381;948;EXTREMA;Manobra de mudança de faixa;Colisão lateral mesmo sentido;Sem Vítimas;Plena Noite;Crescente;Céu Claro;Dupla;Reta;Sim;3;0;0;0;1;2;0;3;-22,86998;-46,35836;SPRF-MG;DEL16-MG;UOP03-DEL16-MG
672280;07/04/2025;segunda-feira;20:45:00;MT;70;513;VARZEA GRANDE;Ausência de reação do condutor;Colisão traseira;Com Vítimas Feridas;Plena Noite;Decrescente;Céu Claro;Simples;Curva;Não;4;0;1;0;2;3;1;6;-15,70522582;-56,12220521;SPRF-MT;DEL01-MT;UOP02-DEL01-MT
672284;07/04/2025;segunda-feira;19:20:00;MG;262;5,1;MARTINS SOARES;Velocidade Incompatível;Saída de leito carroçável;Com Vítimas Feridas;Plena Noite;Decrescente;Nublado;Simples;Curva;Não;2;0;0;1;0;1;1;2;-20,25714257;-41,80003881;SPRF-MG;DEL06-MG;UOP03-DEL06-MG
672288;08/04/2025;terça-feira;01:40:00;RJ;493;99;SEROPEDICA;Demais falhas mecânicas ou elétricas;Incêndio;Sem Vítimas;Plena Noite;Crescente;Nublado;Dupla;Reta;Não;2;0;0;0;2;0;0;1;-22,736117;-43,719165;SPRF-RJ;DEL01-RJ;UOP03-DEL01-RJ
672297;08/04/2025;terça-feira;04:45:00;MG;381;923;CAMANDUCAIA;Reação tardia ou ineficiente do condutor;Tombamento;Com Vítimas Feridas;Plena Noite;Decrescente;Céu Claro;Dupla;Curva;Não;2;0;1;0;0;1;1;2;-22,77475701;-46,18583679;SPRF-MG;DEL16-MG;UOP03-DEL16-MG
672299;08/04/2025;terça-feira;06:00:00;MG;381;444;SANTA LUZIA;Conversão proibida;Colisão transversal;Com Vítimas Feridas;Amanhecer;Crescente;Sol;Simples;"Declive;Reta";Sim;3;0;2;0;1;0;2;3;-19,81216614;-43,79680785;SPRF-MG;DEL01-MG;UOP01-DEL01-MG
672301;08/04/2025;terça-feira;05:10:00;MS;60;353,9;CAMPO GRANDE;Transitar na contramão;Colisão frontal;Com Vítimas Feridas;Amanhecer;Decrescente;Céu Claro;Simples;Reta;Não;2;0;1;0;0;1;1;2;-20,46914317;-54,75379575;SPRF-MS;DEL01-MS;UOP03-DEL01-MS
672302;08/04/2025;terça-feira;05:25:00;MS;163;570,8;BANDEIRANTES;Ausência de reação do condutor;Colisão traseira;Com Vítimas Fatais;Amanhecer;Crescente;Céu Claro;Simples;"Reta;Aclive";Não;4;1;1;0;1;1;1;3;-19,774221;-54,3626656;SPRF-MS;DEL01-MS;UOP02-DEL01-MS
672308;08/04/2025;terça-feira;06:08:00;MG;40;582,4;ITABIRITO;Condutor Dormindo;Colisão frontal;Com Vítimas Fatais;Amanhecer;Crescente;Céu Claro;Simples;"Declive;Curva";Não;5;3;0;0;1;1;0;3;-20,37482948;-43,91075134;SPRF-MG;DEL01-MG;UOP02-DEL01-MG
672312;08/04/2025;terça-feira;06:50:00;RS;101;36;TRES CACHOEIRAS;Ausência de reação do condutor;Tombamento;Com Vítimas Feridas;Amanhecer;Decrescente;Chuva;Dupla;Curva;Não;2;0;1;0;0;1;1;2;-29,5225879;-50,00035979;SPRF-RS;DEL03-RS;UOP02-DEL03-RS
672315;08/04/2025;terça-feira;03:10:00;PR;277;407;CANDOI;Velocidade Incompatível;Saída de leito carroçável;Com Vítimas Feridas;Plena Noite;Decrescente;Céu Claro;Simples;Curva;Não;2;0;1;0;0;1;1;2;-25,42684221;-52,01700211;SPRF-PR;DEL04-PR;UOP02-DEL04-PR
672316;08/04/2025;terça-feira;06:40:00;BA;135;48;FORMOSA DO RIO PRETO;Reação tardia ou ineficiente do condutor;Colisão lateral sentido oposto;Com Vítimas Fatais;Pleno dia;Crescente;Céu Claro;Simples;Curva;Não;3;1;0;0;1;4;0;6;-11,172859;-45,065757;SPRF-BA;DEL10-BA;UOP01-DEL10-BA
672323;08/04/2025;terça-feira;07:20:00;PR;116;28;CAMPINA GRANDE DO SUL;Condutor deixou de manter distância do veículo da frente;Colisão traseira;Com Vítimas Feridas;Pleno dia;Decrescente;Céu Claro;Dupla;"Aclive;Curva";Não;2;0;0;1;1;0;1;2;-25,1103139;-48,8401527;SPRF-PR;DEL01-PR;UOP02-DEL01-PR
672330;08/04/2025;terça-feira;08:20:00;BA;110;4;PAULO AFONSO;Condutor deixou de manter distância do veículo da frente;Colisão traseira;Com Vítimas Feridas;Pleno dia;Decrescente;Céu Claro;Simples;Reta;Sim;3;0;2;0;1;0;2;2;-9,4376987;-38,2041242;SPRF-BA;DEL07-BA;UOP01-DEL07-BA
672338;08/04/2025;terça-feira;07:40:00;GO;50;278,6;CATALAO;Condutor deixou de manter distância do veículo da frente;Colisão transversal;Com Vítimas Feridas;Pleno dia;Decrescente;Céu Claro;Simples;"Reta;Em Obras;Interseção de Vias";Sim;3;0;1;0;1;2;1;4;-18,17222491;-47,92551756;SPRF-GO;DEL06-GO;UOP01-DEL06-GO
672345;08/04/2025;terça-feira;07:16:00;MS;262;239;RIBAS DO RIO PARDO;Desrespeitar a preferência no cruzamento;Colisão transversal;Com Vítimas Feridas;Pleno dia;Decrescente;Céu Claro;Simples;Reta;Sim;5;0;1;0;4;0;1;2;-20,457;-53,75;SPRF-MS;DEL01-MS;UOP05-DEL01-MS
672348;08/04/2025;terça-feira;08:20:00;RJ;493;77;NOVA IGUACU;Manobra de mudança de faixa;Colisão lateral mesmo sentido;Sem Vítimas;Pleno dia;Decrescente;Céu Claro;Dupla;Reta;Não;6;0;0;0;4;4;0;7;-22,68140623;-43,53034051;SPRF-RJ;DEL01-RJ;UOP03-DEL01-RJ
672354;08/04/2025;terça-feira;11:15:00;GO;153;492;GOIANIA;Condutor deixou de manter distância do veículo da frente;Colisão traseira;Com Vítimas Feridas;Pleno dia;Crescente;Céu Claro;Dupla;Declive;Sim;3;0;0;1;1;1;1;3;-16,5838848;-49,152;SPRF-GO;DEL01-GO;UOP01-DEL01-GO
672361;08/04/2025;terça-feira;11:40:00;AL;101;192;JUNQUEIRO;Velocidade Incompatível;Colisão transversal;Com Vítimas Feridas;Pleno dia;Crescente;Garoa/Chuvisco;Simples;"Curva;Declive";Não;3;0;0;1;1;2;1;4;-9,932802;-36,478528;SPRF-AL;DEL02-AL;UOP02-DEL02-AL
672363;08/04/2025;terça-feira;11:20:00;PR;116;110;CURITIBA;Suicídio (presumido);Eventos atípicos;Com Vítimas Feridas;Pleno dia;Decrescente;Céu Claro;Dupla;Reta;Não;3;0;1;0;1;1;1;3;-25,560985;-49,263068;SPRF-PR;DEL01-PR;UOP03-DEL01-PR
672366;08/04/2025;terça-feira;09:30:00;BA;101;739;ITABELA;Velocidade Incompatível;Tombamento;Com Vítimas Feridas;Pleno dia;Decrescente;Céu Claro;Simples;"Declive;Curva";Não;3;0;1;0;1;3;1;5;-16,532665;-39,566543;SPRF-BA;DEL09-BA;UOP01-DEL09-BA
672368;08/01/2025;quarta-feira;13:25:00;RJ;393;200;RIO DAS FLORES;Pedestre cruzava a pista fora da faixa;Atropelamento de Pedestre;Com Vítimas Feridas;Pleno dia;Decrescente;Céu Claro;Simples;Curva;Não;2;0;0;1;1;0;1;2;-22,21504929;-43,40702789;SPRF-RJ;DEL05-RJ;UOP03-DEL05-RJ
672369;08/04/2025;terça-feira;12:30:00;CE;20;403;CAUCAIA;Acessar a via sem observar a presença dos outros veículos;Colisão transversal;Com Vítimas Feridas;Pleno dia;Decrescente;Céu Claro;Simples;"Reta;Retorno Regulamentado";Não;3;0;0;1;1;1;1;3;-3,7784863;-38,68654132;SPRF-CE;DEL01-CE;UOP01-DEL01-CE
672372;08/04/2025;terça-feira;13:00:00;SC;101;298;LAGUNA;Manobra de mudança de faixa;Colisão traseira;Com Vítimas Feridas;Pleno dia;Crescente;Chuva;Dupla;Reta;Não;3;0;1;0;2;0;1;2;-28,350748;-48,739483;SPRF-SC;DEL02-SC;UOP03-DEL02-SC
672373;08/04/2025;terça-feira;11:21:00;MT;163;842;SINOP;Reação tardia ou ineficiente do condutor;Colisão lateral sentido oposto;Com Vítimas Feridas;Pleno dia;Decrescente;Céu Claro;Simples;Reta;Sim;4;0;1;0;2;6;1;9;-11,79710008;-55,47851086;SPRF-MT;DEL06-MT;UOP02-DEL06-MT
672387;08/04/2025;terça-feira;15:08:00;RS;470;228;GARIBALDI;Retorno proibido;Colisão transversal;Com Vítimas Feridas;Pleno dia;Decrescente;Nublado;Simples;Reta;Não;2;0;1;0;1;0;1;2;-29,26381136;-51,50292277;SPRF-RS;DEL06-RS;UOP01-DEL06-RS
672388;08/04/2025;terça-feira;14:15:00;MT;364;195;RONDONOPOLIS;Ausência de reação do condutor;Tombamento;Com Vítimas Fatais;Pleno dia;Crescente;Céu Claro;Simples;Reta;Não;2;1;0;0;0;1;0;2;-16,51438626;-54,61206437;SPRF-MT;DEL02-MT;UOP01-DEL02-MT
672389;08/04/2025;terça-feira;14:00:00;MG;40;635,3;CONSELHEIRO LAFAIETE;Falta de acostamento;Saída de leito carroçável;Com Vítimas Feridas;Pleno dia;Crescente;Céu Claro;Simples;"Aclive;Em Obras;Reta";Não;1;0;1;0;0;0;1;1;-20,70496419;-43,79278343;SPRF-MG;DEL05-MG;UOP02-DEL05-MG
672391;08/04/2025;terça-feira;15:10:00;PB;230;155;CAMPINA GRANDE;Reação tardia ou ineficiente do condutor;Colisão traseira;Com Vítimas Feridas;Pleno dia;Crescente;Céu Claro;Simples;"Reta;Em Obras";Sim;2;0;0;1;1;0;1;2;-7,276505;-35,901589;SPRF-PB;DEL02-PB;UOP01-DEL02-PB
672393;08/04/2025;terça-feira;14:50:00;MG;262;820;UBERABA;Condutor deixou de manter distância do veículo da frente;Colisão traseira;Com Vítimas Feridas;Pleno dia;Decrescente;Céu Claro;Dupla;Reta;Não;2;0;1;0;0;1;1;2;-19,607455;-48,022552;SPRF-MG;DEL13-MG;UOP01-DEL13-MG
672401;08/04/2025;terça-feira;17:00:00;SP;116;390,5;MIRACATU;Condutor deixou de manter distância do veículo da frente;Colisão traseira;Sem Vítimas;Pleno dia;Crescente;Céu Claro;Dupla;Reta;Não;2;0;0;0;2;0;0;2;-24,277438;-47,418003;SPRF-SP;DEL04-SP;UOP02-DEL04-SP
672403;08/04/2025;terça-feira;13:00:00;MS;163;781;COXIM;Demais falhas mecânicas ou elétricas;Incêndio;Sem Vítimas;Pleno dia;Crescente;Céu Claro;Simples;Declive;Não;2;0;0;0;1;1;0;2;-18,082;-54,693;SPRF-MS;DEL06-MS;UOP01-DEL06-MS
672407;08/04/2025;terça-feira;17:30:00;MG;365;710;MONTE ALEGRE DE MINAS;Reação tardia ou ineficiente do condutor;Colisão frontal;Com Vítimas Feridas;Anoitecer;Crescente;Céu Claro;Simples;Aclive;Não;3;0;1;0;1;1;1;3;-18,87994605;-49,12458593;SPRF-MG;DEL15-MG;UOP03-DEL15-MG
672409;08/04/2025;terça-feira;14:30:00;PB;104;93,2;ESPERANCA;Acessar a via sem observar a presença dos outros veículos;Colisão transversal;Com Vítimas Feridas;Pleno dia;Decrescente;Céu Claro;Simples;Curva;Não;2;0;0;1;1;0;1;2;-6,99512;-35,835795;SPRF-PB;DEL02-PB;UOP04-DEL02-PB
672410;08/04/2025;terça-feira;17:20:00;PR;116;144;MANDIRITUBA;Chuva;Colisão transversal;Com Vítimas Feridas;Pleno dia;Crescente;Chuva;Simples;"Aclive;Reta";Não;3;0;1;0;1;1;1;3;-25,799195;-49,329278;SPRF-PR;DEL01-PR;UOP03-DEL01-PR
672411;09/03/2025;domingo;15:20:00;RJ;40;13;TRES RIOS;Velocidade Incompatível;Colisão traseira;Com Vítimas Feridas;Pleno dia;Crescente;Céu Claro;Dupla;"Aclive;Curva";Não;5;0;1;2;1;3;3;5;-22,0627333;-43,1975657;SPRF-RJ;DEL05-RJ;UOP02-DEL05-RJ
672419;08/04/2025;terça-feira;17:53:00;PR;116;5,1;CAMPINA GRANDE DO SUL;Ausência de reação do condutor;Colisão traseira;Com Vítimas Fatais;Anoitecer;Decrescente;Chuva;Dupla;"Aclive;Reta";Não;4;1;0;0;2;2;0;4;-25,08381539;-48,6003595;SPRF-PR;DEL01-PR;UOP02-DEL01-PR
672420;08/04/2025;terça-feira;19:00:00;MT;158;563;AGUA BOA;Ultrapassagem Indevida;Colisão lateral sentido oposto;Com Vítimas Fatais;Plena Noite;Crescente;Céu Claro;Simples;Reta;Sim;3;1;0;0;1;3;0;5;-14,00625;-52,15054;SPRF-MT;DEL07-MT;UOP02-DEL07-MT
672421;08/04/2025;terça-feira;18:35:00;PB;230;507,6;CAJAZEIRAS;Transtornos Mentais (exceto suicidio);Atropelamento de Pedestre;Com Vítimas Feridas;Plena Noite;Crescente;Céu Claro;Simples;"Curva;Interseção de Vias";Sim;3;0;0;1;2;0;1;2;-6,891703;-38,582577;SPRF-PB;DEL03-PB;UOP03-DEL03-PB
672422;08/04/2025;terça-feira;19:00:00;MG;381;926,9;ITAPEVA;Ausência de reação do condutor;Colisão traseira;Com Vítimas Feridas;Plena Noite;Crescente;Nublado;Dupla;"Aclive;Reta";Não;2;0;0;1;1;0;1;2;-22,767847;-46,213783;SPRF-MG;DEL16-MG;UOP03-DEL16-MG
672425;08/04/2025;terça-feira;17:50:00;RJ;101;262;RIO BONITO;Reação tardia ou ineficiente do condutor;Tombamento;Com Vítimas Feridas;Anoitecer;Decrescente;Céu Claro;Dupla;Curva;Sim;3;0;2;0;0;1;2;2;-22,7128885;-42,6204827;SPRF-RJ;DEL02-RJ;UOP03-DEL02-RJ
672426;08/04/2025;terça-feira;19:20:00;ES;101;290;CARIACICA;Demais falhas mecânicas ou elétricas;Incêndio;Sem Vítimas;Plena Noite;Crescente;Céu Claro;Dupla;"Reta;Aclive";Não;1;0;0;0;1;0;0;1;-20,287047;-40,392323;SPRF-ES;DEL01-ES;UOP01-DEL01-ES
672427;08/04/2025;terça-feira;19:15:00;PR;277;12;PARANAGUA;Condutor deixou de manter distância do veículo da frente;Colisão transversal;Com Vítimas Feridas;Plena Noite;Decrescente;Chuva;Dupla;"Reta;Retorno Regulamentado";Não;5;0;2;0;2;4;2;7;-25,5628598;-48,63850052;SPRF-PR;DEL01-PR;UOP05-DEL01-PR
672429;08/04/2025;terça-feira;15:05:00;SC;116;20,9;ITAIOPOLIS;Ausência de reação do condutor;Engavetamento;Com Vítimas Fatais;Pleno dia;Crescente;Chuva;Simples;Reta;Não;15;3;2;5;3;2;7;9;-26,249338;-49,907247;SPRF-SC;DEL06-SC;UOP01-DEL06-SC
672433;08/04/2025;terça-feira;18:00:00;RS;285;146;MUITOS CAPOES;Acessar a via sem observar a presença dos outros veículos;Colisão transversal;Com Vítimas Feridas;Anoitecer;Decrescente;Garoa/Chuvisco;Simples;Reta;Não;2;0;1;0;1;0;1;2;-28,35608983;-51,10944802;SPRF-RS;DEL05-RS;UOP03-DEL05-RS
672435;08/04/2025;terça-feira;11:00:00;GO;158;117;PIRANHAS;Ausência de reação do condutor;Saída de leito carroçável;Sem Vítimas;Pleno dia;Crescente;Céu Claro;Simples;"Declive;Reta";Não;2;0;0;0;0;3;0;3;-16,58616;-51,74033;SPRF-GO;DEL04-GO;UOP02-DEL04-GO
672441;08/04/2025;terça-feira;21:40:00;RS;116;312,1;GUAIBA;Mal súbito do condutor;Colisão traseira;Sem Vítimas;Plena Noite;Crescente;Céu Claro;Dupla;Reta;Não;2;0;0;0;2;0;0;2;-30,195749;-51,399022;SPRF-RS;DEL02-RS;UOP01-DEL02-RS
672442;08/04/2025;terça-feira;21:00:00;SC;282;36;AGUAS MORNAS;Reação tardia ou ineficiente do condutor;Colisão lateral sentido oposto;Com Vítimas Feridas;Plena Noite;Crescente;Chuva;Simples;"Aclive;Reta";Não;2;0;1;0;1;0;1;2;-27,704272;-48,837718;SPRF-SC;DEL01-SC;UOP03-DEL01-SC
672443;07/04/2025;segunda-feira;19:00:00;PI;135;463;MONTE ALEGRE DO PIAUI;Demais falhas mecânicas ou elétricas;Incêndio;Sem Vítimas;Plena Noite;Crescente;Céu Claro;Simples;Reta;Sim;2;0;0;0;1;1;0;2;-9,57840253;-45,02561331;SPRF-PI;DEL03-PI;UOP02-DEL03-PI
672446;08/04/2025;terça-feira;22:15:00;GO;153;426;ANAPOLIS;Animais na Pista;Atropelamento de Animal;Sem Vítimas;Plena Noite;Decrescente;Céu Claro;Dupla;"Aclive;Reta";Não;4;0;0;0;4;0;0;1;-16,239942;-49,004045;SPRF-GO;DEL02-GO;UOP01-DEL02-GO
672449;23/03/2025;domingo;18:50:00;SC;116;86,2;MONTE CASTELO;Transitar na contramão;Colisão frontal;Com Vítimas Fatais;Plena Noite;Decrescente;Chuva;Simples;Reta;Não;2;1;0;0;1;0;0;2;-26,611012;-50,229744;SPRF-SC;DEL06-SC;UOP02-DEL06-SC
672455;08/04/2025;terça-feira;21:00:00;MA;230;42,4;BARAO DE GRAJAU;Ausência de reação do condutor;Saída de leito carroçável;Com Vítimas Feridas;Plena Noite;Crescente;Céu Claro;Simples;Reta;Não;2;0;1;1;0;0;2;1;-6,64016;-43,34734;SPRF-PI;DEL03-PI;UOP01-DEL03-PI
672458;09/04/2025;quarta-feira;01:30:00;SP;116;197;ARUJA;Deficiência do Sistema de Iluminação/Sinalização;Colisão traseira;Com Vítimas Feridas;Plena Noite;Crescente;Nublado;Dupla;"Curva;Aclive";Não;4;0;1;0;2;1;1;3;-23,39688288;-46,29273891;SPRF-SP;DEL01-SP;UOP01-DEL01-SP
672464;09/04/2025;quarta-feira;03:45:00;RJ;101;44,6;CAMPOS DOS GOYTACAZES;Ausência de reação do condutor;Colisão traseira;Sem Vítimas;Plena Noite;Crescente;Céu Claro;Simples;Reta;Não;3;0;0;0;2;1;0;3;-21,585887;-41,317873;SPRF-RJ;DEL08-RJ;UOP01-DEL08-RJ
672465;09/04/2025;quarta-feira;04:10:00;GO;40;86;CRISTALINA;Entrada inopinada do pedestre;Atropelamento de Pedestre;Com Vítimas Feridas;Plena Noite;Crescente;Céu Claro;Dupla;Reta;Não;3;0;0;1;2;0;1;2;-16,71001;-47,67832;SPRF-DF;DEL01-DF;UOP02-DEL01-DF
672470;09/04/2025;quarta-feira;03:55:00;SC;101;11,1;GARUVA;Avarias e/ou desgaste excessivo no pneu;Incêndio;Sem Vítimas;Plena Noite;Decrescente;Céu Claro;Dupla;Reta;Não;2;0;0;0;1;2;0;3;-26,08977994;-48,8627243;SPRF-SC;DEL03-SC;UOP01-DEL03-SC
672471;09/04/2025;quarta-feira;05:30:00;MG;381;495;BETIM;Entrada inopinada do pedestre;Atropelamento de Pedestre;Com Vítimas Fatais;Amanhecer;Decrescente;Céu Claro;Múltipla;Reta;Sim;2;1;0;0;0;1;0;2;-19,97599521;-44,19649417;SPRF-MG;DEL01-MG;UOP03-DEL01-MG
672478;09/04/2025;quarta-feira;06:10:00;RO;364;697;PORTO VELHO;Retorno proibido;Colisão lateral mesmo sentido;Com Vítimas Feridas;Amanhecer;Crescente;Céu Claro;Dupla;"Reta;Retorno Regulamentado";Sim;6;0;4;0;1;3;4;5;-8,8017243;-63,74356627;SPRF-RO;DEL01-RO;UOP01-DEL01-RO
672487;24/03/2025;segunda-feira;13:30:00;SC;153;81,8;IRANI;Problema com o freio;Colisão traseira;Com Vítimas Feridas;Pleno dia;Crescente;Nublado;Simples;"Curva;Declive";Não;3;0;1;2;0;0;3;3;-27,11988806;-51,92783737;SPRF-SC;DEL07-SC;UOP04-DEL07-SC
672491;09/04/2025;quarta-feira;08:05:00;SC;101;199;SAO JOSE;Acessar a via sem observar a presença dos outros veículos;Colisão lateral mesmo sentido;Com Vítimas Feridas;Pleno dia;Crescente;Sol;Dupla;Reta;Sim;2;0;0;1;1;0;1;2;-27,5320663;-48,6319468;SPRF-SC;DEL01-SC;UOP01-DEL01-SC
672499;07/04/2025;segunda-feira;10:30:00;MG;251;467,9;GRAO MOGOL;Velocidade Incompatível;Saída de leito carroçável;Sem Vítimas;Pleno dia;Crescente;Nublado;Simples;Reta;Não;2;0;0;0;1;1;0;2;-16,4678379;-43,4071176;SPRF-MG;DEL12-MG;UOP01-DEL12-MG
672507;09/04/2025;quarta-feira;08:44:00;PR;277;451,5;LARANJEIRAS DO SUL;Desrespeitar a preferência no cruzamento;Colisão transversal;Com Vítimas Feridas;Pleno dia;Decrescente;Nevoeiro/Neblina;Simples;"Interseção de Vias;Reta";Não;3;0;0;1;2;0;1;2;-25,37482702;-52,38915324;SPRF-PR;DEL04-PR;UOP02-DEL04-PR
672516;09/04/2025;quarta-feira;10:10:00;MG;40;474,8;SETE LAGOAS;Trafegar com motocicleta (ou similar) entre as faixas;Colisão lateral mesmo sentido;Com Vítimas Feridas;Pleno dia;Crescente;Céu Claro;Dupla;"Reta;Aclive";Não;3;0;1;0;2;0;1;3;-19,46583;-44,24667;SPRF-MG;DEL02-MG;UOP01-DEL02-MG
672519;09/04/2025;quarta-feira;08:40:00;PA;316;20,9;BENEVIDES;Acessar a via sem observar a presença dos outros veículos;Colisão transversal;Com Vítimas Fatais;Pleno dia;Decrescente;Céu Claro;Dupla;Reta;Sim;4;1;0;0;3;0;0;2;-1,361354;-48,262952;SPRF-PA;DEL01-PA;UOP01-DEL01-PA
672532;09/04/2025;quarta-feira;08:45:00;PR;376;199,3;MARIALVA;Condutor deixou de manter distância do veículo da frente;Colisão traseira;Com Vítimas Feridas;Pleno dia;Crescente;Céu Claro;Dupla;"Reta;Declive";Não;2;0;1;0;1;0;1;2;-23,50270038;-51,75366098;SPRF-PR;DEL09-PR;UOP01-DEL09-PR
672535;09/04/2025;quarta-feira;10:55:00;SC;282;331,7;CAMPOS NOVOS;Mal súbito do condutor;Colisão lateral sentido oposto;Com Vítimas Feridas;Pleno dia;Crescente;Céu Claro;Simples;Reta;Não;2;0;1;0;1;0;1;2;-27,39066856;-51,1259079;SPRF-SC;DEL07-SC;UOP06-DEL07-SC
672542;09/04/2025;quarta-feira;11:50:00;AL;101;141;SAO MIGUEL DOS CAMPOS;Objeto estático sobre o leito carroçável;Atropelamento de Pedestre;Com Vítimas Feridas;Pleno dia;Crescente;Céu Claro;Dupla;"Reta;Declive";Não;2;0;0;1;0;1;1;2;-9,82790075;-36,1287117;SPRF-AL;DEL02-AL;UOP01-DEL02-AL
672545;09/04/2025;quarta-feira;12:30:00;MG;40;485,4;ESMERALDAS;Acessar a via sem observar a presença dos outros veículos;Colisão traseira;Com Vítimas Feridas;Pleno dia;Crescente;Sol;Dupla;Reta;Sim;3;0;1;0;1;1;1;3;-19,62730122;-44,20546532;SPRF-MG;DEL02-MG;UOP01-DEL02-MG
672548;08/04/2025;terça-feira;19:10:00;RS;471;541,1;SANTA VITORIA DO PALMAR;Animais na Pista;Colisão frontal;Com Vítimas Fatais;Plena Noite;Decrescente;Chuva;Simples;Reta;Não;7;1;2;2;1;1;4;4;-32,74555;-52,64416;SPRF-RS;DEL07-RS;UOP02-DEL07-RS
672549;09/04/2025;quarta-feira;12:30:00;PR;376;66;GUAIRACA;Acessar a via sem observar a presença dos outros veículos;Colisão transversal;Com Vítimas Feridas;Pleno dia;Crescente;Céu Claro;Simples;"Reta;Aclive";Não;4;0;2;0;1;1;2;3;-22,92995;-52,78925;SPRF-PR;DEL09-PR;UOP02-DEL09-PR
672554;04/04/2025;sexta-feira;09:50:00;SC;282;216,4;LAGES;Acessar a via sem observar a presença dos outros veículos;Colisão lateral mesmo sentido;Com Vítimas Feridas;Pleno dia;Crescente;Nublado;Simples;Reta;Sim;3;0;1;0;2;0;1;2;-27,79760951;-50,29417634;SPRF-SC;DEL05-SC;UOP01-DEL05-SC
672558;09/04/2025;quarta-feira;11:40:00;BA;415;19;ILHEUS;Velocidade Incompatível;Colisão frontal;Com Vítimas Fatais;Pleno dia;Decrescente;Chuva;Simples;Curva;Não;4;3;0;0;1;0;0;2;-14,804185;-39,146246;SPRF-BA;DEL05-BA;UOP01-DEL05-BA
672559;09/04/2025;quarta-feira;13:30:00;RN;101;100,1;NATAL;Reação tardia ou ineficiente do condutor;Colisão com objeto;Sem Vítimas;Pleno dia;Decrescente;Céu Claro;Dupla;Reta;Sim;1;0;0;0;1;0;0;1;-5,88043457;-35,22509694;SPRF-RN;DEL01-RN;UOP01-DEL01-RN
672561;09/04/2025;quarta-feira;07:05:00;RJ;101;327;RIO DE JANEIRO;Ultrapassagem Indevida;Colisão traseira;Com Vítimas Feridas;Pleno dia;Decrescente;Céu Claro;Dupla;Reta;Sim;4;0;1;0;2;1;1;4;-22,86975475;-43,17026138;SPRF-RJ;DEL02-RJ;UOP01-DEL02-RJ
672562;09/04/2025;quarta-feira;14:30:00;ES;101;304;VIANA;Ausência de reação do condutor;Colisão traseira;Com Vítimas Feridas;Pleno dia;Decrescente;Céu Claro;Dupla;Reta;Sim;2;0;1;0;1;0;1;2;-20,3827135;-40,4591229;SPRF-ES;DEL01-ES;UOP01-DEL01-ES