id;data_inversa;dia_semana;horario;uf;br;km;municipio;causa_acidente;tipo_acidente;classificacao_acidente;fase_dia;sentido_via;condicao_metereologica;tipo_pista;tracado_via;uso_solo;pessoas;mortos;feridos_leves;feridos_graves;ilesos;ignorados;feridos;veiculos;latitude;longitude;regional;delegacia;uop
672566;11/02/2025;terça-feira;20:00:00;GO;414;385,2;CORUMBA DE GOIAS;Ingestão de álcool pelo condutor;Colisão com objeto;Com Vítimas Feridas;Plena Noite;Decrescente;Garoa/Chuvisco;Simples;Reta;Não;3;0;1;1;1;0;2;3;-15,8533551;-48,76527483;SPRF-GO;DEL02-GO;UOP01-DEL02-GO
672567;09/04/2025;quarta-feira;14:30:00;RS;158;176,4;PEJUCARA;Demais falhas mecânicas ou elétricas;Incêndio;Sem Vítimas;Pleno dia;Decrescente;Céu Claro;Simples;"Reta;Declive";Não;2;0;0;0;1;3;0;4;-28,487509;-53,550293;SPRF-RS;DEL10-RS;UOP02-DEL10-RS
672569;24/03/2025;segunda-feira;23:20:00;SC;470;68;INDAIAL;Ingestão de álcool pelo condutor;Colisão traseira;Sem Vítimas;Plena Noite;Crescente;Céu Claro;Simples;"Reta;Aclive";Sim;2;0;0;0;1;1;0;2;-26,87431607;-49,23462868;SPRF-SC;DEL04-SC;UOP01-DEL04-SC
672573;09/04/2025;quarta-feira;13:00:00;PA;222;68,5;DOM ELISEU;Demais falhas mecânicas ou elétricas;Saída de leito carroçável;Com Vítimas Feridas;Pleno dia;Decrescente;Sol;Simples;"Reta;Aclive";Não;1;0;0;1;0;0;1;1;-4,569918;-47,84088;SPRF-PA;DEL02-PA;UOP02-DEL02-PA
672576;09/04/2025;quarta-feira;11:00:00;MT;158;754,8;BARRA DO GARCAS;Demais falhas mecânicas ou elétricas;Incêndio;Sem Vítimas;Pleno dia;Decrescente;Céu Claro;Simples;Reta;Não;2;0;0;0;1;3;0;4;-15,530448;-52,204457;SPRF-MT;DEL07-MT;UOP01-DEL07-MT
672577;09/04/2025;quarta-feira;13:25:00;PE;423;125,9;SALOA;Pedestre andava na pista;Atropelamento de Pedestre;Com Vítimas Feridas;Pleno dia;Crescente;Céu Claro;Simples;"Reta;Aclive";Não;4;0;0;1;1;2;1;2;-8,952137;-36,723595;SPRF-PE;DEL03-PE;UOP01-DEL03-PE
672584;09/04/2025;quarta-feira;16:30:00;MG;381;499,5;BETIM;Condutor deixou de manter distância do veículo da frente;Colisão traseira;Com Vítimas Feridas;Pleno dia;Crescente;Céu Claro;Dupla;Reta;Sim;3;0;1;0;1;1;1;3;-19,9999;-44,2109;SPRF-MG;DEL01-MG;UOP03-DEL01-MG
672586;09/04/2025;quarta-feira;12:40:00;PR;153;187,9;TIBAGI;Ingestão de álcool pelo condutor;Tombamento;Sem Vítimas;Pleno dia;Crescente;Sol;Simples;"Declive;Curva";Não;2;0;0;0;1;3;0;4;-24,4108378;-50,36335403;SPRF-PR;DEL03-PR;UOP02-DEL03-PR
672587;09/04/2025;quarta-feira;15:55:00;SC;470;111,4;APIUNA;Reação tardia ou ineficiente do condutor;Colisão lateral sentido oposto;Com Vítimas Feridas;Pleno dia;Decrescente;Céu Claro;Simples;"Curva;Declive";Não;2;0;0;1;1;0;1;2;-27,09920264;-49,46177244;SPRF-SC;DEL04-SC;UOP02-DEL04-SC
672589;09/04/2025;quarta-feira;16:45:00;SC;470;58,4;BLUMENAU;Trafegar com motocicleta (ou similar) entre as faixas;Colisão traseira;Com Vítimas Fatais;Pleno dia;Crescente;Céu Claro;Simples;Reta;Sim;4;1;0;0;2;1;0;4;-26,8841266;-49,1495;SPRF-SC;DEL04-SC;UOP01-DEL04-SC
672591;09/04/2025;quarta-feira;17:30:00;SC;101;20,5;BIGUACU;Acessar a via sem observar a presença dos outros veículos;Colisão transversal;Com Vítimas Feridas;Anoitecer;Crescente;Céu Claro;Simples;Rotatória;Sim;3;0;1;0;2;0;1;2;-27,49461959;-48,7150293;SPRF-SC;DEL01-SC;UOP02-DEL01-SC
672593;09/04/2025;quarta-feira;13:05:00;SC;116;107;MONTE CASTELO;Velocidade Incompatível;Saída de leito carroçável;Sem Vítimas;Pleno dia;Decrescente;Nublado;Simples;Reta;Não;2;0;0;0;1;1;0;2;-26,75474849;-50,32435656;SPRF-SC;DEL06-SC;UOP02-DEL06-SC
672596;09/04/2025;quarta-feira;13:15:00;MS;267;562,7;CARACOL;Ausência de reação do condutor;Colisão lateral sentido oposto;Com Vítimas Feridas;Pleno dia;Decrescente;Céu Claro;Simples;Reta;Não;3;0;1;0;1;2;1;4;-21,73519;-56,87896;SPRF-MS;DEL05-MS;UOP01-DEL05-MS
672600;09/04/2025;quarta-feira;15:40:00;SC;101;36;JOINVILLE;Condutor deixou de manter distância do veículo da frente;Colisão traseira;Com Vítimas Feridas;Pleno dia;Crescente;Chuva;Dupla;Reta;Sim;4;0;1;0;2;1;1;4;-26,27584794;-48,89327265;SPRF-SC;DEL03-SC;UOP01-DEL03-SC
672603;09/04/2025;quarta-feira;18:15:00;MG;40;665,3;CARANDAI;Desrespeitar a preferência no cruzamento;Colisão transversal;Com Vítimas Fatais;Plena Noite;Crescente;Céu Claro;Simples;"Declive;Retorno Regulamentado;Reta";Sim;5;2;0;1;1;1;1;3;-20,943382;-43,810095;SPRF-MG;DEL05-MG;UOP02-DEL05-MG
672607;09/04/2025;quarta-feira;18:30:00;GO;20;0,4;FORMOSA;Reação tardia ou ineficiente do condutor;Colisão lateral sentido oposto;Sem Vítimas;Plena Noite;Decrescente;Chuva;Simples;"Declive;Curva";Não;4;0;0;0;4;0;0;2;-15,58048364;-47,33980707;SPRF-DF;DEL02-DF;UOP02-DEL02-DF
672611;09/04/2025;quarta-feira;17:10:00;AM;319;0,5;MANAUS;Carga excessiva e/ou mal acondicionada;Colisão com objeto;Sem Vítimas;Pleno dia;Crescente;Céu Claro;Dupla;"Reta;Declive";Sim;1;0;0;0;1;0;0;1;-3,13016665;-59,94640594;SPRF-AM;DEL01-AM;UOP03-DEL01-AM
672613;09/04/2025;quarta-feira;18:30:00;MG;50;180;UBERABA;Reação tardia ou ineficiente do condutor;Engavetamento;Sem Vítimas;Anoitecer;Decrescente;Chuva;Simples;"Reta;Interseção de Vias";Sim;6;0;0;0;6;0;0;4;-19,7778426;-47,92198674;SPRF-MG;DEL13-MG;UOP01-DEL13-MG
672618;09/04/2025;quarta-feira;19:15:00;MG;262;445,9;NOVA SERRANA;Reação tardia ou ineficiente do condutor;Colisão traseira;Com Vítimas Feridas;Plena Noite;Crescente;Céu Claro;Simples;Reta;Sim;2;0;1;0;1;0;1;2;-19,87514825;-44,95031205;SPRF-MG;DEL08-MG;UOP03-DEL08-MG
672623;09/04/2025;quarta-feira;19:15:00;RS;285;480,1;CORONEL BARROS;Velocidade Incompatível;Tombamento;Com Vítimas Feridas;Plena Noite;Crescente;Céu Claro;Simples;"Curva;Declive";Não;2;0;1;0;0;1;1;2;-28,37197;-54,105362;SPRF-RS;DEL10-RS;UOP01-DEL10-RS
672627;09/04/2025;quarta-feira;20:10:00;PR;153;48,9;SANTO ANTONIO DA PLATINA;Acessar a via sem observar a presença dos outros veículos;Colisão transversal;Com Vítimas Feridas;Plena Noite;Decrescente;Céu Claro;Simples;Reta;Não;3;0;0;1;1;1;1;3;-23,3569284;-50,0632432;SPRF-PR;DEL07-PR;UOP04-DEL07-PR
672631;09/04/2025;quarta-feira;20:05:00;SC;158;106;CUNHA PORA;Transitar na contramão;Colisão frontal;Com Vítimas Feridas;Plena Noite;Crescente;Céu Claro;Simples;Reta;Não;4;0;0;1;1;2;1;4;-26,86470108;-53,1643176;SPRF-SC;DEL07-SC;UOP02-DEL07-SC
672634;09/04/2025;quarta-feira;17:30:00;RO;364;322;PRESIDENTE MEDICI;Ultrapassagem Indevida;Colisão frontal;Com Vítimas Feridas;Pleno dia;Decrescente;Céu Claro;Simples;"Reta;Aclive";Não;6;0;5;0;1;0;5;3;-11,049565;-61,929955;SPRF-RO;DEL02-RO;UOP01-DEL02-RO
672636;09/04/2025;quarta-feira;21:00:00;GO;414;428;ABADIANIA;Deficiência do Sistema de Iluminação/Sinalização;Colisão traseira;Com Vítimas Feridas;Plena Noite;Crescente;Ignorado;Simples;"Reta;Aclive";Não;3;0;1;0;1;2;1;4;-16,203355;-48,911955;SPRF-GO;DEL02-GO;UOP01-DEL02-GO
672639;09/04/2025;quarta-feira;17:20:00;MG;354;718;POUSO ALTO;Ausência de reação do condutor;Saída de leito carroçável;Sem Vítimas;Pleno dia;Crescente;Céu Claro;Simples;Reta;Não;2;0;0;0;1;2;0;3;-22,085165;-44,944938;SPRF-MG;DEL17-MG;UOP01-DEL17-MG
672642;09/04/2025;quarta-feira;18:40:00;PA;10;9,9;DOM ELISEU;Ultrapassagem Indevida;Colisão frontal;Com Vítimas Fatais;Anoitecer;Crescente;Céu Claro;Simples;"Declive;Reta";Não;4;1;0;0;2;2;0;5;-4,357685;-47,536683;SPRF-PA;DEL02-PA;UOP02-DEL02-PA
672644;09/04/2025;quarta-feira;21:50:00;GO;60;105;GOIANAPOLIS;Problema na suspensão;Colisão com objeto;Com Vítimas Feridas;Plena Noite;Decrescente;Nublado;Dupla;"Declive;Reta";Não;2;0;0;1;0;1;1;2;-16,42526847;-49,01467245;SPRF-GO;DEL02-GO;UOP01-DEL02-GO
672645;09/04/2025;quarta-feira;17:50:00;PE;316;249,8;BELEM DE SAO FRANCISCO;Curva acentuada;Tombamento;Sem Vítimas;Anoitecer;Decrescente;Céu Claro;Simples;Curva;Não;1;0;0;0;0;1;0;1;-8,677267;-38,971852;SPRF-PE;DEL05-PE;UOP03-DEL05-PE
672651;09/04/2025;quarta-feira;21:30:00;MT;163;946;NOVA SANTA HELENA;Condutor deixou de manter distância do veículo da frente;Colisão traseira;Com Vítimas Feridas;Plena Noite;Decrescente;Céu Claro;Simples;Reta;Não;3;0;0;1;1;1;1;3;-10,92395221;-55,20357907;SPRF-MT;DEL06-MT;UOP02-DEL06-MT
672654;09/04/2025;quarta-feira;22:30:00;GO;153;564;MORRINHOS;Chuva;Saída de leito carroçável;Com Vítimas Feridas;Plena Noite;Decrescente;Chuva;Dupla;Declive;Sim;2;0;1;0;0;1;1;2;-17,6357376;-49,1880448;SPRF-GO;DEL03-GO;UOP01-DEL03-GO
672661;09/04/2025;quarta-feira;23:40:00;SP;116;46,8;CANAS;Manobra de mudança de faixa;Colisão lateral mesmo sentido;Com Vítimas Feridas;Plena Noite;Crescente;Chuva;Dupla;Reta;Não;3;0;1;0;1;1;1;3;-22,72172373;-45,06385803;SPRF-SP;DEL08-SP;UOP02-DEL08-SP
672662;09/04/2025;quarta-feira;16:40:00;RJ;465;21;NOVA IGUACU;Frear bruscamente;Engavetamento;Com Vítimas Feridas;Plena Noite;Crescente;Nublado;Simples;Reta;Não;5;0;2;0;2;1;2;4;-22,84934285;-43,603184;SPRF-RJ;DEL06-RJ;UOP02-DEL06-RJ
672664;10/04/2025;quinta-feira;00:40:00;MG;381;906;CAMANDUCAIA;Reação tardia ou ineficiente do condutor;Saída de leito carroçável;Com Vítimas Feridas;Plena Noite;Decrescente;Garoa/Chuvisco;Dupla;"Declive;Reta";Não;1;0;0;1;0;0;1;1;-22,68311433;-46,10067094;SPRF-MG;DEL16-MG;UOP03-DEL16-MG
672667;10/04/2025;quinta-feira;01:30:00;SP;116;155;SAO JOSE DOS CAMPOS;Ausência de reação do condutor;Colisão com objeto;Sem Vítimas;Plena Noite;Crescente;Céu Claro;Múltipla;"Declive;Reta";Sim;1;0;0;0;1;0;0;1;-23,24065058;-45,92258692;SPRF-SP;DEL02-SP;UOP01-DEL02-SP
672669;10/04/2025;quinta-feira;02:20:00;PA;10;51;ULIANOPOLIS;Manobra de mudança de faixa;Colisão frontal;Com Vítimas Fatais;Plena Noite;Decrescente;Céu Claro;Simples;"Declive;Reta";Não;3;1;0;0;1;1;0;3;-3,999432;-47,546193;SPRF-PA;DEL02-PA;UOP02-DEL02-PA
672673;10/04/2025;quinta-feira;03:50:00;AL;423;101;DELMIRO GOUVEIA;Ausência de reação do condutor;Saída de leito carroçável;Sem Vítimas;Amanhecer;Decrescente;Céu Claro;Simples;Reta;Não;4;0;0;0;2;2;0;4;-9,395967;-38,168683;SPRF-BA;DEL07-BA;UOP01-DEL07-BA
672675;10/04/2025;quinta-feira;04:40:00;MS;267;75,3;BATAGUASSU;Condutor Dormindo;Colisão lateral sentido oposto;Com Vítimas Feridas;Plena Noite;Decrescente;Céu Claro;Simples;Reta;Não;4;0;0;1;2;1;1;3;-21,869061;-52,81607;SPRF-MS;DEL02-MS;UOP04-DEL02-MS
672677;10/04/2025;quinta-feira;04:40:00;PR;487;175,2;CAMPO MOURAO;Reação tardia ou ineficiente do condutor;Colisão lateral sentido oposto;Com Vítimas Fatais;Plena Noite;Decrescente;Céu Claro;Simples;"Aclive;Reta";Não;3;1;0;0;2;0;0;2;-24,03279987;-52,42213184;SPRF-PR;DEL09-PR;UOP03-DEL09-PR
672678;10/04/2025;quinta-feira;04:30:00;RJ;116;330;ITATIAIA;Ausência de sinalização;Engavetamento;Com Vítimas Feridas;Plena Noite;Decrescente;Nevoeiro/Neblina;Múltipla;Reta;Não;6;0;2;0;3;2;2;7;-22,50474295;-44,62361768;SPRF-RJ;DEL07-RJ;UOP02-DEL07-RJ
672679;10/04/2025;quinta-feira;04:52:00;PR;163;274;QUATRO PONTES;Velocidade Incompatível;Tombamento;Com Vítimas Feridas;Amanhecer;Decrescente;Céu Claro;Dupla;"Curva;Aclive";Não;2;0;1;0;1;0;1;1;-24,58711778;-53,98131587;SPRF-PR;DEL06-PR;UOP02-DEL06-PR
672684;10/04/2025;quinta-feira;06:56:00;BA;101;554;SAO JOSE DA VITORIA;Condutor Dormindo;Tombamento;Com Vítimas Feridas;Pleno dia;Decrescente;Céu Claro;Simples;"Declive;Curva";Não;2;0;1;0;0;1;1;2;-15,10195755;-39,35508728;SPRF-BA;DEL05-BA;UOP02-DEL05-BA
672691;10/04/2025;quinta-feira;07:45:00;CE;116;11;FORTALEZA;Condutor deixou de manter distância do veículo da frente;Colisão traseira;Com Vítimas Feridas;Pleno dia;Crescente;Nublado;Múltipla;Reta;Sim;3;0;1;0;2;0;1;3;-3,847755;-38,497023;SPRF-CE;DEL01-CE;UOP02-DEL01-CE
672705;10/04/2025;quinta-feira;07:50:00;MG;267;153;LIMA DUARTE;Ausência de reação do condutor;Colisão lateral sentido oposto;Com Vítimas Feridas;Pleno dia;Crescente;Nublado;Simples;Reta;Não;2;0;1;0;1;0;1;2;-21,819;-43,75;SPRF-MG;DEL05-MG;UOP01-DEL05-MG
672709;10/04/2025;quinta-feira;08:00:00;SP;381;87;GUARULHOS;Ultrapassagem Indevida;Colisão lateral mesmo sentido;Com Vítimas Feridas;Pleno dia;Crescente;Céu Claro;Múltipla;Reta;Sim;3;0;1;0;2;0;1;3;-23,47867726;-46,56074524;SPRF-SP;DEL03-SP;UOP01-DEL03-SP
672716;10/04/2025;quinta-feira;06:49:00;MG;262;481;BOM DESPACHO;Transitar na contramão;Colisão lateral sentido oposto;Com Vítimas Feridas;Pleno dia;Crescente;Céu Claro;Simples;Reta;Não;4;0;2;0;1;1;2;3;-19,78446596;-45,35213471;SPRF-MG;DEL08-MG;UOP03-DEL08-MG
672720;10/04/2025;quinta-feira;05:30:00;MT;158;632;NOVA XAVANTINA;Reação tardia ou ineficiente do condutor;Colisão lateral sentido oposto;Com Vítimas Feridas;Pleno dia;Decrescente;Céu Claro;Simples;Curva;Não;3;0;1;0;1;6;1;8;-14,53394864;-52,33077145;SPRF-MT;DEL07-MT;UOP02-DEL07-MT
672721;10/04/2025;quinta-feira;10:20:00;PR;277;11,4;PARANAGUA;Ingestão de álcool pelo condutor;Colisão lateral mesmo sentido;Sem Vítimas;Pleno dia;Crescente;Nublado;Dupla;Reta;Sim;3;0;0;0;2;1;0;3;-25,56525039;-48,62791115;SPRF-PR;DEL01-PR;UOP05-DEL01-PR
672723;31/03/2025;segunda-feira;23:40:00;SC;153;45;VARGEM BONITA;Demais falhas mecânicas ou elétricas;Incêndio;Sem Vítimas;Plena Noite;Crescente;Céu Claro;Simples;Reta;Não;2;0;0;0;1;1;0;2;-26,900429;-51,77187;SPRF-SC;DEL07-SC;UOP07-DEL07-SC
672729;10/04/2025;quinta-feira;11:15:00;MG;262;858,9;CAMPO FLORIDO;Objeto estático sobre o leito carroçável;Colisão com objeto;Com Vítimas Fatais;Pleno dia;Decrescente;Céu Claro;Dupla;Reta;Não;3;1;1;0;0;3;1;5;-19,79087987;-48,41571808;SPRF-MG;DEL13-MG;UOP01-DEL13-MG
672731;10/04/2025;quinta-feira;12:00:00;RS;470;225;GARIBALDI;Acessar a via sem observar a presença dos outros veículos;Colisão transversal;Com Vítimas Feridas;Pleno dia;Crescente;Céu Claro;Simples;Rotatória;Sim;3;0;2;0;1;0;2;2;-29,2466446;-51,51595289;SPRF-RS;DEL06-RS;UOP01-DEL06-RS
672733;10/04/2025;quinta-feira;10:00:00;MT;364;634;DIAMANTINO;Reação tardia ou ineficiente do condutor;Colisão lateral sentido oposto;Com Vítimas Feridas;Pleno dia;Crescente;Céu Claro;Simples;Reta;Não;3;0;1;0;0;2;1;3;-14,318432;-56,449964;SPRF-MT;DEL01-MT;UOP01-DEL01-MT
672761;10/04/2025;quinta-feira;12:45:00;MT;163;509;DIAMANTINO;Acessar a via sem observar a presença dos outros veículos;Colisão transversal;Com Vítimas Fatais;Pleno dia;Crescente;Céu Claro;Dupla;Reta;Não;4;1;0;1;1;1;1;3;-14,517047;-56,212758;SPRF-MT;DEL01-MT;UOP01-DEL01-MT
672765;10/04/2025;quinta-feira;15:30:00;TO;153;146;ARAGUAINA;Acessar a via sem observar a presença dos outros veículos;Colisão lateral mesmo sentido;Com Vítimas Feridas;Pleno dia;Decrescente;Céu Claro;Dupla;Reta;Sim;3;0;1;0;1;1;1;3;-7,3233519;-48,3070192;SPRF-TO;DEL02-TO;UOP01-DEL02-TO
672774;10/04/2025;quinta-feira;14:35:00;BA;116;602,1;IRAJUBA;Ausência de reação do condutor;Colisão com objeto;Com Vítimas Feridas;Pleno dia;Decrescente;Céu Claro;Simples;Reta;Não;2;0;1;0;0;1;1;2;-13,2640065;-40,0177002;SPRF-BA;DEL03-BA;UOP02-DEL03-BA
672776;10/04/2025;quinta-feira;15:00:00;MA;135;4;SAO LUIS;Ausência de reação do condutor;Colisão traseira;Com Vítimas Feridas;Pleno dia;Decrescente;Céu Claro;Dupla;"Retorno Regulamentado;Reta";Sim;3;0;1;0;1;1;1;3;-2,62684;-44,25445;SPRF-MA;DEL01-MA;UOP01-DEL01-MA
672782;10/04/2025;quinta-feira;17:00:00;BA;324;623;SALVADOR;Condutor deixou de manter distância do veículo da frente;Colisão traseira;Com Vítimas Feridas;Pleno dia;Decrescente;Sol;Dupla;Reta;Sim;2;0;1;0;0;1;1;2;-12,9415512;-38,4714322;SPRF-BA;DEL01-BA;UOP01-DEL01-BA
672783;10/04/2025;quinta-feira;14:00:00;RJ;40;97;DUQUE DE CAXIAS;Demais falhas na via;Colisão com objeto;Com Vítimas Feridas;Pleno dia;Crescente;Nublado;Simples;"Declive;Curva";Não;2;0;1;1;0;0;2;1;-22,572166;-43,280088;SPRF-RJ;DEL01-RJ;UOP01-DEL01-RJ
672784;10/04/2025;quinta-feira;17:00:00;GO;60;97;ANAPOLIS;Acessar a via sem observar a presença dos outros veículos;Colisão lateral mesmo sentido;Com Vítimas Feridas;Pleno dia;Crescente;Nublado;Dupla;Reta;Sim;2;0;2;0;0;0;2;2;-16,37886206;-48,95017505;SPRF-GO;DEL02-GO;UOP01-DEL02-GO
672785;10/04/2025;quinta-feira;12:00:00;MG;381;430;CAETE;Manobra de mudança de faixa;Colisão lateral mesmo sentido;Com Vítimas Feridas;Pleno dia;Decrescente;Céu Claro;Simples;Reta;Não;7;0;3;0;3;1;3;4;-19,78772342;-43,69317412;SPRF-MG;DEL01-MG;UOP01-DEL01-MG
672788;10/04/2025;quinta-feira;15:00:00;RJ;101;331;RIO DE JANEIRO;Demais falhas mecânicas ou elétricas;Colisão com objeto;Com Vítimas Feridas;Pleno dia;Decrescente;Céu Claro;Múltipla;Reta;Não;3;0;2;0;1;0;2;2;-22,86921599;-43,1848526;SPRF-RJ;DEL02-RJ;UOP01-DEL02-RJ
672796;10/04/2025;quinta-feira;18:10:00;RJ;101;23,9;CAMPOS DOS GOYTACAZES;Ultrapassagem Indevida;Colisão frontal;Com Vítimas Fatais;Plena Noite;Crescente;Céu Claro;Simples;Curva;Não;2;1;0;0;1;0;0;2;-21,44848;-41,34404;SPRF-RJ;DEL08-RJ;UOP01-DEL08-RJ
672797;29/03/2025;sábado;08:00:00;CE;116;375;ICO;Desrespeitar a preferência no cruzamento;Colisão transversal;Com Vítimas Feridas;Pleno dia;Crescente;Céu Claro;Simples;Rotatória;Sim;3;0;1;1;1;0;2;2;-6,405784;-38,846168;SPRF-CE;DEL05-CE;UOP01-DEL05-CE
672802;17/02/2025;segunda-feira;17:50:00;ES;259;88,6;BAIXO GUANDU;Reação tardia ou ineficiente do condutor;Colisão com objeto;Com Vítimas Fatais;Pleno dia;Crescente;Céu Claro;Simples;Curva;Não;4;1;0;1;1;1;1;3;-19,51934626;-40,90862274;SPRF-ES;DEL02-ES;UOP01-DEL02-ES
672819;10/04/2025;quinta-feira;19:30:00;RJ;101;393;RIO DE JANEIRO;Condutor deixou de manter distância do veículo da frente;Colisão traseira;Com Vítimas Feridas;Plena Noite;Crescente;Chuva;Dupla;Ponte;Não;2;0;1;0;1;0;1;2;-22,884415;-43,716795;SPRF-RJ;DEL03-RJ;UOP01-DEL03-RJ
672820;10/04/2025;quinta-feira;18:10:00;RS;285;445;ITAQUI;Desrespeitar a preferência no cruzamento;Colisão transversal;Com Vítimas Feridas;Pleno dia;Crescente;Céu Claro;Simples;Reta;Não;3;0;1;0;1;1;1;3;-29,09607708;-56,27025604;SPRF-RS;DEL10-RS;UOP01-DEL10-RS
672823;10/04/2025;quinta-feira;17:45:00;GO;452;20;RIO VERDE;Manobra de mudança de faixa;Colisão lateral mesmo sentido;Sem Vítimas;Anoitecer;Decrescente;Céu Claro;Dupla;"Declive;Reta";Não;16;0;0;0;15;1;0;2;-17,871175;-50,729745;SPRF-GO;DEL04-GO;UOP01-DEL04-GO
672826;10/04/2025;quinta-feira;15:30:00;MT;364;602;DIAMANTINO;Suicídio (presumido);Colisão frontal;Com Vítimas Fatais;Pleno dia;Crescente;Sol;Simples;Curva;Não;2;1;0;0;1;0;0;2;-14,492092;-56,222897;SPRF-MT;DEL01-MT;UOP01-DEL01-MT
672837;10/04/2025;quinta-feira;19:30:00;PA;155;316;MARABA;Demais falhas mecânicas ou elétricas;Colisão traseira;Com Vítimas Fatais;Plena Noite;Crescente;Céu Claro;Simples;Reta;Não;3;1;0;0;1;3;0;5;-5,613197;-49,087664;SPRF-PA;DEL03-PA;UOP01-DEL03-PA
672838;10/04/2025;quinta-feira;20:05:00;GO;153;60;PORANGATU;Deficiência do Sistema de Iluminação/Sinalização;Colisão lateral mesmo sentido;Sem Vítimas;Plena Noite;Crescente;Céu Claro;Simples;Reta;Não;3;0;0;0;2;1;0;3;-13,34926707;-49,12271138;SPRF-GO;DEL07-GO;UOP01-DEL07-GO
672846;10/04/2025;quinta-feira;23:17:00;SP;381;10;VARGEM;Reação tardia ou ineficiente do condutor;Colisão traseira;Com Vítimas Feridas;Plena Noite;Decrescente;Céu Claro;Simples;"Aclive;Reta";Sim;3;0;0;1;1;1;1;3;-22,92282975;-46,4457063;SPRF-SP;DEL03-SP;UOP02-DEL03-SP
672847;11/04/2025;sexta-feira;00:20:00;PA;316;66;CASTANHAL;Ingestão de álcool pelo condutor;Colisão frontal;Sem Vítimas;Plena Noite;Decrescente;Céu Claro;Dupla;Reta;Sim;2;0;0;0;2;0;0;2;-1,295132;-47,897272;SPRF-PA;DEL01-PA;UOP01-DEL01-PA
672851;11/04/2025;sexta-feira;01:48:00;GO;50;207;CAMPO ALEGRE DE GOIAS;Ausência de reação do condutor;Colisão traseira;Com Vítimas Feridas;Plena Noite;Crescente;Céu Claro;Dupla;Reta;Não;4;0;3;0;1;0;3;2;-17,62977414;-47,77158558;SPRF-GO;DEL06-GO;UOP01-DEL06-GO
672854;11/04/2025;sexta-feira;01:20:00;MT;364;402;CUIABA;Ultrapassagem Indevida;Colisão lateral mesmo sentido;Com Vítimas Feridas;Plena Noite;Crescente;Chuva;Múltipla;Interseção de Vias;Sim;3;0;0;1;1;1;1;3;-15,64935642;-56,00049969;SPRF-MT;DEL01-MT;UOP02-DEL01-MT
672857;11/04/2025;sexta-feira;03:30:00;ES;101;86;SAO MATEUS;Condutor Dormindo;Colisão com objeto;Com Vítimas Feridas;Plena Noite;Decrescente;Nublado;Simples;Reta;Não;2;0;1;0;0;1;1;2;-18,8655384;-39,9397803;SPRF-ES;DEL04-ES;UOP02-DEL04-ES
672861;11/04/2025;sexta-feira;02:40:00;SC;101;57,8;ARAQUARI;Velocidade Incompatível;Colisão com objeto;Com Vítimas Fatais;Plena Noite;Crescente;Nublado;Dupla;Reta;Não;4;1;0;0;1;2;0;4;-26,4391;-48,802493;SPRF-SC;DEL03-SC;UOP01-DEL03-SC
672866;11/04/2025;sexta-feira;05:15:00;RJ;116;261;PINHEIRAL;Ausência de reação do condutor;Colisão com objeto;Com Vítimas Feridas;Amanhecer;Crescente;Nublado;Múltipla;"Aclive;Reta";Não;1;0;1;0;0;0;1;1;-22,58776443;-44,06022405;SPRF-RJ;DEL07-RJ;UOP02-DEL07-RJ
672871;11/04/2025;sexta-feira;05:40:00;MS;163;270;DOURADOS;Ausência de reação do condutor;Colisão traseira;Sem Vítimas;Pleno dia;Crescente;Céu Claro;Simples;Reta;Não;5;0;0;0;4;1;0;3;-22,1954715;-54,69324589;SPRF-MS;DEL04-MS;UOP01-DEL04-MS
672873;10/04/2025;quinta-feira;15:20:00;BA;407;190;PONTO NOVO;Demais falhas mecânicas ou elétricas;Incêndio;Sem Vítimas;Pleno dia;Decrescente;Céu Claro;Simples;Reta;Sim;2;0;0;0;1;1;0;2;-11,033533;-40,096475;SPRF-BA;DEL04-BA;UOP02-DEL04-BA
672877;11/04/2025;sexta-feira;00:40:00;BA;101;783;PORTO SEGURO;Condutor deixou de manter distância do veículo da frente;Colisão traseira;Com Vítimas Feridas;Plena Noite;Crescente;Nublado;Simples;Reta;Sim;2;0;1;0;0;1;1;2;-16,83997952;-39,48576327;SPRF-BA;DEL09-BA;UOP01-DEL09-BA
672879;11/04/2025;sexta-feira;04:08:00;PI;222;0;SAO JOAO DA FRONTEIRA;Velocidade Incompatível;Capotamento;Com Vítimas Feridas;Plena Noite;Crescente;Ignorado;Simples;"Declive;Curva";Não;1;0;1;0;0;0;1;1;-3,916748;-41,237355;SPRF-PI;DEL02-PI;UOP01-DEL02-PI
672884;11/04/2025;sexta-feira;07:50:00;GO;60;198,8;GUAPO;Manobra de mudança de faixa;Colisão lateral mesmo sentido;Com Vítimas Feridas;Pleno dia;Crescente;Céu Claro;Dupla;"Retorno Regulamentado;Reta";Não;2;0;1;0;1;0;1;2;-16,87575142;-49,61410868;SPRF-GO;DEL01-GO;UOP02-DEL01-GO
672885;11/04/2025;sexta-feira;08:00:00;SP;116;138;SAO JOSE DOS CAMPOS;Carga excessiva e/ou mal acondicionada;Colisão com objeto;Com Vítimas Feridas;Pleno dia;Crescente;Nublado;Dupla;Reta;Sim;2;0;1;0;0;1;1;2;-23,15692271;-45,79517707;SPRF-SP;DEL02-SP;UOP01-DEL02-SP