id;data_inversa;dia_semana;horario;uf;br;km;municipio;causa_acidente;tipo_acidente;classificacao_acidente;fase_dia;sentido_via;condicao_metereologica;tipo_pista;tracado_via;uso_solo;pessoas;mortos;feridos_leves;feridos_graves;ilesos;ignorados;feridos;veiculos;latitude;longitude;regional;delegacia;uop
672892;11/04/2025;sexta-feira;08:30:00;ES;101;290,4;CARIACICA;Manobra de mudança de faixa;Colisão transversal;Com Vítimas Feridas;Pleno dia;Decrescente;Céu Claro;Dupla;"Reta;Retorno Regulamentado";Sim;2;0;1;0;1;0;1;2;-20,2932598;-40,3935374;SPRF-ES;DEL01-ES;UOP01-DEL01-ES
672896;11/04/2025;sexta-feira;07:25:00;RJ;101;181,9;RIO DAS OSTRAS;Condutor deixou de manter distância do veículo da frente;Colisão traseira;Com Vítimas Feridas;Pleno dia;Crescente;Céu Claro;Simples;Reta;Não;5;0;1;0;3;1;1;4;-22,42293023;-42,00725555;SPRF-RJ;DEL08-RJ;UOP04-DEL08-RJ
672897;11/04/2025;sexta-feira;07:45:00;MT;70;288;PRIMAVERA DO LESTE;Condutor deixou de manter distância do veículo da frente;Colisão traseira;Com Vítimas Feridas;Pleno dia;Decrescente;Céu Claro;Simples;Reta;Sim;5;0;1;1;3;0;2;4;-15,577133;-54,37371969;SPRF-MT;DEL05-MT;UOP01-DEL05-MT
672898;11/04/2025;sexta-feira;05:44:00;PA;163;620;TRAIRAO;Ausência de reação do condutor;Colisão frontal;Com Vítimas Feridas;Amanhecer;Decrescente;Céu Claro;Simples;"Aclive;Reta";Não;2;0;1;0;1;0;1;2;-4,720759;-56,024112;SPRF-PA;DEL05-PA;UOP03-DEL05-PA
672902;11/04/2025;sexta-feira;08:00:00;PR;376;561;TIJUCAS DO SUL;Desrespeitar a preferência no cruzamento;Colisão traseira;Sem Vítimas;Pleno dia;Crescente;Céu Claro;Dupla;Curva;Não;3;0;0;0;1;2;0;3;-25,846885;-49,063878;SPRF-PR;DEL03-PR;UOP03-DEL03-PR
672910;11/04/2025;sexta-feira;09:45:00;AL;104;55,5;MURICI;Condutor deixou de manter distância do veículo da frente;Colisão traseira;Com Vítimas Feridas;Pleno dia;Crescente;Céu Claro;Simples;"Declive;Curva";Não;4;0;1;0;2;1;1;4;-9,28665213;-35,96225196;SPRF-AL;DEL01-AL;UOP02-DEL01-AL
672911;11/04/2025;sexta-feira;04:30:00;BA;242;250;BOA VISTA DO TUPIM;Velocidade Incompatível;Colisão traseira;Com Vítimas Feridas;Amanhecer;Crescente;Céu Claro;Simples;"Reta;Aclive";Não;3;0;0;1;1;2;1;4;-12,508427;-40,483329;SPRF-BA;DEL06-BA;UOP02-DEL06-BA
672917;11/04/2025;sexta-feira;10:30:00;CE;116;44;HORIZONTE;Reação tardia ou ineficiente do condutor;Colisão traseira;Com Vítimas Feridas;Pleno dia;Decrescente;Chuva;Múltipla;Reta;Não;3;0;2;0;1;0;2;2;-4,112398;-38,490544;SPRF-CE;DEL01-CE;UOP02-DEL01-CE
672920;11/04/2025;sexta-feira;10:30:00;SC;101;148;ITAPEMA;Ausência de reação do condutor;Colisão lateral mesmo sentido;Com Vítimas Feridas;Pleno dia;Crescente;Nublado;Múltipla;Reta;Sim;2;0;0;1;1;0;1;2;-27,10268224;-48,61768657;SPRF-SC;DEL04-SC;UOP03-DEL04-SC
672923;11/04/2025;sexta-feira;04:45:00;MA;10;149;PORTO FRANCO;Reação tardia ou ineficiente do condutor;Tombamento;Com Vítimas Fatais;Amanhecer;Crescente;Céu Claro;Simples;Reta;Não;3;1;0;0;0;5;0;6;-6,41037;-47,39246;SPRF-MA;DEL04-MA;UOP02-DEL04-MA
672924;11/04/2025;sexta-feira;09:50:00;SE;235;49;ITABAIANA;Acessar a via sem observar a presença dos outros veículos;Colisão transversal;Com Vítimas Feridas;Pleno dia;Crescente;Céu Claro;Simples;"Interseção de Vias;Reta";Sim;2;0;1;0;1;0;1;2;-10,71101301;-37,42431521;SPRF-SE;DEL01-SE;UOP02-DEL01-SE
672926;11/04/2025;sexta-feira;11:00:00;SP;153;61,3;SAO JOSE DO RIO PRETO;Reação tardia ou ineficiente do condutor;Saída de leito carroçável;Com Vítimas Feridas;Pleno dia;Decrescente;Sol;Dupla;Aclive;Sim;3;0;1;0;1;1;1;3;-20,8233181;-49,3792876;SPRF-SP;DEL09-SP;UOP01-DEL09-SP
672929;11/04/2025;sexta-feira;11:36:00;RJ;116;180;NOVA IGUACU;Carga excessiva e/ou mal acondicionada;Colisão com objeto;Com Vítimas Feridas;Pleno dia;Decrescente;Céu Claro;Dupla;Reta;Sim;3;0;1;0;1;1;1;3;-22,73919743;-43,46980311;SPRF-RJ;DEL06-RJ;UOP01-DEL06-RJ
672931;11/04/2025;sexta-feira;11:25:00;SC;101;54,9;JOINVILLE;Manobra de mudança de faixa;Colisão traseira;Com Vítimas Feridas;Pleno dia;Crescente;Chuva;Múltipla;Reta;Não;3;0;0;1;2;0;1;3;-26,2111232;-48,9160706;SPRF-SC;DEL03-SC;UOP01-DEL03-SC
672934;11/04/2025;sexta-feira;11:25:00;BA;116;833,7;VITORIA DA CONQUISTA;Acessar a via sem observar a presença dos outros veículos;Colisão lateral mesmo sentido;Com Vítimas Feridas;Pleno dia;Decrescente;Céu Claro;Simples;Reta;Não;3;0;0;1;1;1;1;3;-14,95224827;-40,90054122;SPRF-BA;DEL08-BA;UOP01-DEL08-BA
672939;11/04/2025;sexta-feira;12:11:00;CE;116;215;TABULEIRO DO NORTE;Reação tardia ou ineficiente do condutor;Colisão traseira;Com Vítimas Feridas;Pleno dia;Crescente;Sol;Simples;Curva;Não;5;0;1;0;1;3;1;4;-5,299559;-38,171447;SPRF-CE;DEL03-CE;UOP01-DEL03-CE
672940;11/04/2025;sexta-feira;11:00:00;MG;40;301;TRES MARIAS;Ultrapassagem Indevida;Colisão lateral mesmo sentido;Sem Vítimas;Pleno dia;Decrescente;Céu Claro;Simples;Reta;Não;3;0;0;0;3;0;0;2;-18,36564121;-45,09614512;SPRF-MG;DEL14-MG;UOP02-DEL14-MG
672942;11/04/2025;sexta-feira;08:45:00;MS;60;447;SIDROLANDIA;Transitar na contramão;Colisão traseira;Com Vítimas Feridas;Pleno dia;Crescente;Sol;Simples;Declive;Não;4;0;1;0;2;2;1;4;-20,98825758;-55,08401692;SPRF-MS;DEL01-MS;UOP04-DEL01-MS
672943;11/04/2025;sexta-feira;11:30:00;SC;101;44,2;JOINVILLE;Chuva;Colisão traseira;Sem Vítimas;Pleno dia;Decrescente;Chuva;Dupla;Reta;Não;2;0;0;0;2;0;0;2;-26,1903084;-48,9121458;SPRF-SC;DEL03-SC;UOP01-DEL03-SC
672944;11/04/2025;sexta-feira;13:10:00;RS;116;410;CRISTAL;Condutor Dormindo;Saída de leito carroçável;Com Vítimas Feridas;Pleno dia;Decrescente;Céu Claro;Dupla;Reta;Não;1;0;1;0;0;0;1;1;-30,92501139;-51,90582745;SPRF-RS;DEL02-RS;UOP02-DEL02-RS
672947;11/04/2025;sexta-feira;10:00:00;PA;316;29;SANTA IZABEL DO PARA;Condutor Dormindo;Colisão lateral mesmo sentido;Com Vítimas Feridas;Pleno dia;Crescente;Sol;Dupla;Reta;Não;2;0;1;0;1;0;1;2;-1,30796;-48,213157;SPRF-PA;DEL01-PA;UOP01-DEL01-PA
672955;11/04/2025;sexta-feira;14:20:00;MG;251;518,7;MONTES CLAROS;Demais falhas mecânicas ou elétricas;Incêndio;Sem Vítimas;Pleno dia;Crescente;Céu Claro;Simples;Reta;Não;2;0;0;0;1;1;0;2;-16,6618435;-43,7571993;SPRF-MG;DEL12-MG;UOP01-DEL12-MG
672959;11/04/2025;sexta-feira;08:25:00;MT;70;655;CACERES;Reação tardia ou ineficiente do condutor;Saída de leito carroçável;Com Vítimas Feridas;Pleno dia;Crescente;Céu Claro;Simples;Reta;Não;1;0;1;0;0;0;1;1;-16,028131;-57,241823;SPRF-MT;DEL03-MT;UOP02-DEL03-MT
672960;11/04/2025;sexta-feira;12:10:00;SP;116;143;SAO JOSE DOS CAMPOS;Acessar a via sem observar a presença dos outros veículos;Saída de leito carroçável;Sem Vítimas;Pleno dia;Decrescente;Céu Claro;Dupla;Reta;Sim;1;0;0;0;1;0;0;1;-23,17657902;-45,83393097;SPRF-SP;DEL02-SP;UOP01-DEL02-SP
672964;11/04/2025;sexta-feira;14:00:00;RO;174;14;VILHENA;Acessar a via sem observar a presença dos outros veículos;Colisão transversal;Com Vítimas Feridas;Pleno dia;Decrescente;Chuva;Dupla;"Interseção de Vias;Reta";Sim;2;0;1;0;1;0;1;2;-12,73863185;-60,13140321;SPRF-RO;DEL04-RO;UOP01-DEL04-RO
672965;11/04/2025;sexta-feira;16:20:00;RN;101;106;PARNAMIRIM;Carga excessiva e/ou mal acondicionada;Colisão com objeto;Com Vítimas Feridas;Pleno dia;Crescente;Céu Claro;Dupla;Viaduto;Sim;3;0;2;0;1;0;2;2;-5,907752;-35,26084;SPRF-RN;DEL01-RN;UOP01-DEL01-RN
672969;11/04/2025;sexta-feira;16:19:00;PR;277;5;PARANAGUA;Manobra de mudança de faixa;Colisão lateral mesmo sentido;Com Vítimas Feridas;Pleno dia;Decrescente;Nublado;Dupla;Reta;Sim;2;0;1;0;0;1;1;2;-25,55835916;-48,57226068;SPRF-PR;DEL01-PR;UOP05-DEL01-PR
672986;11/04/2025;sexta-feira;14:20:00;RJ;116;31;SAPUCAIA;Velocidade Incompatível;Tombamento;Com Vítimas Feridas;Pleno dia;Decrescente;Nublado;Simples;"Declive;Curva";Não;3;0;2;0;0;1;2;2;-22,079057;-42,797286;SPRF-RJ;DEL05-RJ;UOP01-DEL05-RJ
672991;11/04/2025;sexta-feira;10:30:00;PE;232;236;PESQUEIRA;Transitar na contramão;Colisão lateral sentido oposto;Com Vítimas Feridas;Pleno dia;Decrescente;Céu Claro;Simples;"Curva;Aclive";Não;4;0;0;2;0;3;2;5;-8,4131;-36,92708;SPRF-PE;DEL04-PE;UOP02-DEL04-PE
672996;11/04/2025;sexta-feira;17:20:00;ES;262;29;VIANA;Demais falhas mecânicas ou elétricas;Eventos atípicos;Com Vítimas Feridas;Pleno dia;Decrescente;Céu Claro;Dupla;"Reta;Aclive";Não;2;0;1;0;0;1;1;2;-20,377956;-40,560521;SPRF-ES;DEL01-ES;UOP01-DEL01-ES
672997;11/04/2025;sexta-feira;18:00:00;SP;116;104;PINDAMONHANGABA;Ausência de reação do condutor;Colisão traseira;Com Vítimas Feridas;Plena Noite;Crescente;Nublado;Dupla;Reta;Sim;3;0;1;0;2;0;1;3;-22,99489032;-45,48912395;SPRF-SP;DEL02-SP;UOP02-DEL02-SP
673010;11/04/2025;sexta-feira;18:00:00;MG;40;598,9;OURO PRETO;Estacionar ou parar em local proibido;Colisão com objeto;Com Vítimas Fatais;Anoitecer;Decrescente;Céu Claro;Simples;"Curva;Aclive";Não;3;1;0;0;1;1;0;3;-20,42337;-43,86696;SPRF-MG;DEL05-MG;UOP02-DEL05-MG
673014;11/04/2025;sexta-feira;16:05:00;RS;116;37,8;VACARIA;Acessar a via sem observar a presença dos outros veículos;Colisão transversal;Com Vítimas Feridas;Pleno dia;Crescente;Céu Claro;Simples;"Interseção de Vias;Reta";Sim;3;0;2;0;1;0;2;2;-28,5039377;-50,9235295;SPRF-RS;DEL05-RS;UOP03-DEL05-RS
673017;11/04/2025;sexta-feira;19:20:00;PB;101;123;CAAPORA;Ausência de sinalização;Colisão traseira;Com Vítimas Feridas;Plena Noite;Crescente;Céu Claro;Dupla;Reta;Não;3;0;1;0;1;1;1;3;-7,467;-34,977;SPRF-PB;DEL01-PB;UOP01-DEL01-PB
673021;11/04/2025;sexta-feira;09:35:00;PR;476;309,5;PAULO FRONTIN;Ausência de reação do condutor;Colisão lateral sentido oposto;Com Vítimas Feridas;Pleno dia;Decrescente;Sol;Simples;Curva;Não;3;0;1;0;1;1;1;3;-26,02030667;-50,64864931;SPRF-PR;DEL02-PR;UOP03-DEL02-PR
673022;11/04/2025;sexta-feira;20:05:00;SC;101;123,5;ITAJAI;Acessar a via sem observar a presença dos outros veículos;Colisão lateral mesmo sentido;Com Vítimas Fatais;Plena Noite;Crescente;Nublado;Dupla;"Ponte;Reta;Em Obras";Sim;3;1;0;0;1;1;0;3;-26,940098;-48,695342;SPRF-SC;DEL04-SC;UOP04-DEL04-SC
673025;11/04/2025;sexta-feira;18:00:00;MG;116;777;LEOPOLDINA;Ausência de reação do condutor;Colisão lateral sentido oposto;Com Vítimas Fatais;Plena Noite;Crescente;Céu Claro;Simples;Curva;Não;4;1;1;0;1;2;1;5;-21,60159985;-42,69912624;SPRF-MG;DEL07-MG;UOP01-DEL07-MG
673026;11/04/2025;sexta-feira;20:40:00;MG;262;367,1;JUATUBA;Acessar a via sem observar a presença dos outros veículos;Atropelamento de Pedestre;Com Vítimas Fatais;Plena Noite;Decrescente;Céu Claro;Dupla;Reta;Não;3;1;0;0;0;2;0;3;-19,97252;-44,329996;SPRF-MG;DEL01-MG;UOP03-DEL01-MG
673036;11/04/2025;sexta-feira;21:30:00;RN;304;123,3;ITAJA;Reação tardia ou ineficiente do condutor;Saída de leito carroçável;Com Vítimas Feridas;Plena Noite;Crescente;Nublado;Simples;Declive;Sim;2;0;1;0;0;1;1;2;-5,64672;-36,830255;SPRF-RN;DEL04-RN;UOP01-DEL04-RN
673042;11/04/2025;sexta-feira;20:20:00;BA;116;161;CANUDOS;Ausência de reação do condutor;Colisão frontal;Com Vítimas Feridas;Plena Noite;Crescente;Chuva;Simples;"Reta;Em Obras";Não;4;0;2;1;1;0;3;2;-10,043272;-39,158594;SPRF-BA;DEL07-BA;UOP03-DEL07-BA
673043;11/04/2025;sexta-feira;18:30:00;MT;163;547;DIAMANTINO;Ausência de reação do condutor;Saída de leito carroçável;Com Vítimas Feridas;Plena Noite;Crescente;Céu Claro;Simples;"Reta;Em Obras;Desvio Temporário";Não;2;0;1;0;0;2;1;3;-14,37881575;-56,13052368;SPRF-MT;DEL01-MT;UOP01-DEL01-MT
673044;04/04/2025;sexta-feira;13:10:00;RS;285;485,5;ENTRE-IJUIS;Transitar na contramão;Colisão lateral sentido oposto;Com Vítimas Feridas;Pleno dia;Decrescente;Céu Claro;Simples;Curva;Não;3;0;1;0;1;2;1;4;-28,375101;-54,15791;SPRF-RS;DEL10-RS;UOP01-DEL10-RS
673045;11/04/2025;sexta-feira;21:00:00;SP;116;276,2;EMBU DAS ARTES;Pedestre cruzava a pista fora da faixa;Atropelamento de Pedestre;Com Vítimas Fatais;Plena Noite;Decrescente;Nublado;Dupla;Reta;Sim;2;1;0;0;1;0;0;2;-23,62379103;-46,81507221;SPRF-SP;DEL04-SP;UOP01-DEL04-SP
673049;11/04/2025;sexta-feira;20:00:00;RS;290;297;CACHOEIRA DO SUL;Acostamento em desnível;Tombamento;Com Vítimas Feridas;Plena Noite;Crescente;Nublado;Dupla;Reta;Não;2;0;1;0;0;1;1;2;-30,31192927;-53,18081595;SPRF-RS;DEL09-RS;UOP02-DEL09-RS
673056;11/04/2025;sexta-feira;22:40:00;SC;282;490,6;FAXINAL DOS GUEDES;Transitar na contramão;Colisão lateral sentido oposto;Com Vítimas Feridas;Plena Noite;Decrescente;Céu Claro;Simples;Curva;Não;4;0;0;1;2;1;1;3;-26,8665138;-52,27229811;SPRF-SC;DEL07-SC;UOP01-DEL07-SC
673057;11/04/2025;sexta-feira;14:45:00;RS;290;295;CACHOEIRA DO SUL;Reação tardia ou ineficiente do condutor;Colisão traseira;Com Vítimas Feridas;Pleno dia;Crescente;Céu Claro;Simples;"Em Obras;Reta";Não;5;0;1;0;4;0;1;4;-30,29978192;-53,14999208;SPRF-RS;DEL02-RS;UOP03-DEL02-RS
673061;11/04/2025;sexta-feira;12:35:00;PR;476;309;PAULO FRONTIN;Pista esburacada;Saída de leito carroçável;Com Vítimas Feridas;Pleno dia;Decrescente;Céu Claro;Simples;Reta;Sim;3;0;1;0;0;2;1;3;-26,03457403;-50,68130493;SPRF-PR;DEL02-PR;UOP03-DEL02-PR
673065;11/04/2025;sexta-feira;21:50:00;RJ;116;278;BARRA MANSA;Reação tardia ou ineficiente do condutor;Colisão traseira;Com Vítimas Feridas;Plena Noite;Decrescente;Nublado;Múltipla;"Curva;Aclive";Não;2;0;1;0;1;0;1;2;-22,55261467;-44,18058422;SPRF-RJ;DEL07-RJ;UOP02-DEL07-RJ
673067;11/04/2025;sexta-feira;21:30:00;MG;262;547;LUZ;Demais falhas mecânicas ou elétricas;Queda de ocupante de veículo;Com Vítimas Feridas;Plena Noite;Decrescente;Céu Claro;Simples;Curva;Não;1;0;1;0;0;0;1;1;-19,72666861;-45,86788059;SPRF-MG;DEL08-MG;UOP02-DEL08-MG
673070;11/04/2025;sexta-feira;21:00:00;PA;10;287;MAE DO RIO;Reação tardia ou ineficiente do condutor;Colisão com objeto;Com Vítimas Feridas;Plena Noite;Crescente;Ignorado;Simples;"Reta;Ponte";Não;2;0;1;0;0;1;1;2;-1,924377;-47,52241;SPRF-PA;DEL02-PA;UOP01-DEL02-PA
673076;12/04/2025;sábado;00:35:00;PE;101;129,9;ESCADA;Demais falhas mecânicas ou elétricas;Incêndio;Sem Vítimas;Plena Noite;Crescente;Céu Claro;Dupla;Reta;Sim;1;0;0;0;1;0;0;1;-8,3916344;-35,2553836;SPRF-PE;DEL01-PE;UOP03-DEL01-PE
673080;12/04/2025;sábado;01:10:00;MG;381;858,3;POUSO ALEGRE;Ingestão de álcool pelo condutor;Colisão traseira;Com Vítimas Feridas;Plena Noite;Decrescente;Céu Claro;Dupla;Reta;Não;3;0;2;0;1;0;2;2;-22,31149038;-45,90476704;SPRF-MG;DEL16-MG;UOP01-DEL16-MG
673092;12/04/2025;sábado;04:00:00;SC;101;136;BALNEARIO CAMBORIU;Reação tardia ou ineficiente do condutor;Colisão com objeto;Com Vítimas Feridas;Plena Noite;Crescente;Céu Claro;Dupla;Curva;Sim;4;0;2;0;1;1;2;3;-27,01000168;-48,61525968;SPRF-SC;DEL04-SC;UOP03-DEL04-SC
673093;12/04/2025;sábado;02:45:00;MS;267;222;NOVA ALVORADA DO SUL;Transitar na contramão;Colisão frontal;Com Vítimas Fatais;Plena Noite;Decrescente;Céu Claro;Simples;Reta;Não;2;1;0;0;1;0;0;2;-21,552637;-54,143987;SPRF-MS;DEL02-MS;UOP01-DEL02-MS
673104;12/04/2025;sábado;05:40:00;SP;116;141;SAO JOSE DOS CAMPOS;Reação tardia ou ineficiente do condutor;Colisão traseira;Com Vítimas Feridas;Amanhecer;Decrescente;Céu Claro;Múltipla;Reta;Sim;3;0;1;0;2;0;1;3;-23,171641;-45,824022;SPRF-SP;DEL02-SP;UOP01-DEL02-SP
673107;11/04/2025;sexta-feira;15:15:00;MT;364;795;CAMPO NOVO DO PARECIS;Ultrapassagem Indevida;Colisão frontal;Com Vítimas Fatais;Pleno dia;Crescente;Céu Claro;Simples;Reta;Não;3;1;0;0;1;3;0;5;-14,3013;-57,8208;SPRF-MT;DEL01-MT;UOP01-DEL01-MT
673109;12/04/2025;sábado;05:00:00;BA;116;414;FEIRA DE SANTANA;Ingestão de álcool pelo condutor;Colisão transversal;Com Vítimas Feridas;Amanhecer;Crescente;Garoa/Chuvisco;Dupla;Interseção de Vias;Sim;4;0;1;0;1;2;1;3;-12,153243;-38,964882;SPRF-BA;DEL02-BA;UOP01-DEL02-BA
673113;12/04/2025;sábado;06:30:00;PE;101;50;ABREU E LIMA;Ausência de reação do condutor;Colisão lateral mesmo sentido;Com Vítimas Feridas;Pleno dia;Crescente;Céu Claro;Dupla;Reta;Sim;4;0;1;0;2;1;1;4;-7,909837;-34,902123;SPRF-PE;DEL01-PE;UOP02-DEL01-PE
673116;12/04/2025;sábado;06:00:00;RN;304;42,3;MOSSORO;Acessar a via sem observar a presença dos outros veículos;Colisão transversal;Com Vítimas Fatais;Pleno dia;Crescente;Céu Claro;Dupla;"Retorno Regulamentado;Reta";Não;2;1;0;0;1;0;0;2;-5,214482;-37,370052;SPRF-RN;DEL04-RN;UOP01-DEL04-RN
673119;11/04/2025;sexta-feira;22:00:00;MT;163;624;NOVA MUTUM;Ausência de reação do condutor;Engavetamento;Com Vítimas Feridas;Plena Noite;Decrescente;Chuva;Simples;Reta;Não;4;0;1;0;1;2;1;3;-13,597475;-56,031478;SPRF-MT;DEL01-MT;UOP01-DEL01-MT
673120;12/04/2025;sábado;04:30:00;GO;452;142,5;BOM JESUS DE GOIAS;Condutor Dormindo;Colisão traseira;Com Vítimas Feridas;Plena Noite;Decrescente;Ignorado;Simples;Aclive;Não;3;0;1;0;1;3;1;5;-18,25901148;-49,66948181;SPRF-GO;DEL03-GO;UOP02-DEL03-GO
673124;15/03/2025;sábado;20:09:00;PA;163;362,7;NOVO PROGRESSO;Reação tardia ou ineficiente do condutor;Saída de leito carroçável;Com Vítimas Feridas;Plena Noite;Decrescente;Chuva;Simples;"Curva;Declive";Não;1;0;0;1;0;0;1;1;-6,61618279;-55,50086975;SPRF-PA;DEL05-PA;UOP03-DEL05-PA
673130;12/04/2025;sábado;07:50:00;RS;116;174,9;NOVA PETROPOLIS;Desvio temporário;Colisão lateral sentido oposto;Com Vítimas Feridas;Pleno dia;Crescente;Céu Claro;Simples;Curva;Não;3;0;2;0;1;0;2;2;-29,33533176;-51,15907204;SPRF-RS;DEL05-RS;UOP02-DEL05-RS
673131;12/04/2025;sábado;07:35:00;PI;343;340;TERESINA;Condutor deixou de manter distância do veículo da frente;Colisão traseira;Com Vítimas Feridas;Pleno dia;Decrescente;Nublado;Dupla;Reta;Sim;2;0;1;0;1;0;1;2;-5,074387;-42,736391;SPRF-PI;DEL01-PI;UOP01-DEL01-PI
673143;01/04/2025;terça-feira;04:00:00;SP;116;403,3;MIRACATU;Ausência de reação do condutor;Saída de leito carroçável;Com Vítimas Feridas;Plena Noite;Decrescente;Céu Claro;Dupla;Reta;Não;1;0;1;0;0;0;1;1;-24,32626918;-47,56093216;SPRF-SP;DEL04-SP;UOP02-DEL04-SP
673151;12/04/2025;sábado;10:55:00;SC;101;196;BIGUACU;Reação tardia ou ineficiente do condutor;Colisão lateral mesmo sentido;Com Vítimas Feridas;Pleno dia;Crescente;Céu Claro;Dupla;Reta;Sim;3;0;0;1;1;1;1;3;-27,512;-48,642;SPRF-SC;DEL01-SC;UOP01-DEL01-SC
673162;12/04/2025;sábado;04:20:00;MG;251;306;SALINAS;Curva acentuada;Saída de leito carroçável;Com Vítimas Feridas;Plena Noite;Crescente;Céu Claro;Simples;"Declive;Curva";Não;2;0;1;0;0;1;1;2;-16,132635;-42,231785;SPRF-MG;DEL12-MG;UOP02-DEL12-MG
673163;12/04/2025;sábado;09:15:00;RO;364;426,9;JARU;Acessar a via sem observar a presença dos outros veículos;Colisão transversal;Com Vítimas Feridas;Pleno dia;Crescente;Céu Claro;Simples;Interseção de Vias;Não;2;0;1;0;1;0;1;2;-10,42663113;-62,48862949;SPRF-RO;DEL03-RO;UOP02-DEL03-RO
673166;11/04/2025;sexta-feira;21:30:00;BA;324;363;CAPIM GROSSO;Ultrapassagem Indevida;Colisão lateral sentido oposto;Com Vítimas Fatais;Plena Noite;Crescente;Chuva;Simples;Reta;Não;2;1;0;0;0;1;0;2;-11,41676416;-39,91195679;SPRF-BA;DEL04-BA;UOP02-DEL04-BA
673170;12/04/2025;sábado;12:00:00;CE;116;28;AQUIRAZ;Manobra de mudança de faixa;Colisão transversal;Com Vítimas Feridas;Pleno dia;Crescente;Céu Claro;Dupla;Reta;Não;3;0;0;1;0;2;1;3;-4,00817475;-38,51764087;SPRF-CE;DEL01-CE;UOP02-DEL01-CE
673173;12/04/2025;sábado;12:30:00;SC;280;7,6;SAO FRANCISCO DO SUL;Acessar a via sem observar a presença dos outros veículos;Colisão lateral mesmo sentido;Com Vítimas Feridas;Pleno dia;Decrescente;Nublado;Simples;"Rotatória;Interseção de Vias";Não;2;0;0;1;1;0;1;2;-26,27648468;-48,64504695;SPRF-SC;DEL03-SC;UOP03-DEL03-SC
673175;12/04/2025;sábado;13:20:00;BA;20;141;SAO DESIDERIO;Reação tardia ou ineficiente do condutor;Colisão traseira;Com Vítimas Feridas;Pleno dia;Crescente;Céu Claro;Simples;"Reta;Em Obras";Não;4;0;1;0;2;1;1;3;-12,4743673;-45,8859981;SPRF-BA;DEL10-BA;UOP01-DEL10-BA
673178;08/04/2025;terça-feira;16:13:00;SE;235;52;ITABAIANA;Declive acentuado;Tombamento;Com Vítimas Feridas;Pleno dia;Decrescente;Céu Claro;Simples;"Retorno Regulamentado;Declive";Sim;1;0;1;0;0;0;1;1;-10,69397104;-37,43733466;SPRF-SE;DEL01-SE;UOP02-DEL01-SE
673181;12/04/2025;sábado;12:42:00;PE;101;93;CABO DE SANTO AGOSTINHO;Condutor deixou de manter distância do veículo da frente;Colisão traseira;Com Vítimas Feridas;Pleno dia;Crescente;Céu Claro;Dupla;Reta;Sim;3;0;0;1;2;0;1;2;-8,23824;-35,00227;SPRF-PE;DEL01-PE;UOP01-DEL01-PE
673182;12/04/2025;sábado;09:50:00;PR;476;242,5;LAPA;Velocidade Incompatível;Saída de leito carroçável;Com Vítimas Feridas;Pleno dia;Crescente;Céu Claro;Simples;Curva;Não;2;0;1;0;0;1;1;2;-25,86;-50,091;SPRF-PR;DEL02-PR;UOP03-DEL02-PR
673185;12/04/2025;sábado;12:20:00;MG;381;932,7;ITAPEVA;Manobra de mudança de faixa;Colisão lateral mesmo sentido;Com Vítimas Feridas;Pleno dia;Decrescente;Céu Claro;Dupla;Reta;Não;4;0;1;0;2;3;1;6;-22,7672064;-46,2159872;SPRF-MG;DEL16-MG;UOP03-DEL16-MG
673187;12/04/2025;sábado;15:10:00;MG;381;351;JOAO MONLEVADE;Velocidade Incompatível;Colisão lateral sentido oposto;Com Vítimas Feridas;Pleno dia;Decrescente;Céu Claro;Simples;Curva;Não;4;0;1;0;2;1;1;2;-19,86310382;-43,12481403;SPRF-MG;DEL03-MG;UOP01-DEL03-MG
673189;12/04/2025;sábado;10:45:00;PA;10;291,1;MAE DO RIO;Manobra de mudança de faixa;Colisão com objeto;Com Vítimas Feridas;Pleno dia;Decrescente;Céu Claro;Simples;"Declive;Reta";Não;4;0;2;1;0;3;3;5;-1,887243;-47,521913;SPRF-PA;DEL02-PA;UOP01-DEL02-PA
673193;12/04/2025;sábado;13:42:00;MT;163;1103;GUARANTA DO NORTE;Ultrapassagem Indevida;Saída de leito carroçável;Com Vítimas Feridas;Pleno dia;Decrescente;Céu Claro;Simples;"Curva;Declive";Não;5;0;0;1;1;4;1;5;-9,642;-54,88;SPRF-MT;DEL06-MT;UOP03-DEL06-MT
673201;12/04/2025;sábado;16:30:00;PE;232;9,9;JABOATAO DOS GUARARAPES;Transitar no Acostamento;Colisão traseira;Com Vítimas Feridas;Pleno dia;Crescente;Céu Claro;Dupla;Reta;Sim;2;0;0;1;1;0;1;2;-8,079122;-34,986117;SPRF-PE;DEL01-PE;UOP01-DEL01-PE
673210;12/04/2025;sábado;14:15:00;GO;153;106;SANTA TEREZA DE GOIAS;Acessar a via sem observar a presença dos outros veículos;Colisão lateral mesmo sentido;Com Vítimas Fatais;Pleno dia;Decrescente;Nublado;Simples;"Retorno Regulamentado;Aclive;Interseção de Vias";Sim;3;1;0;0;1;2;0;4;-13,713832;-49,02102;SPRF-GO;DEL07-GO;UOP01-DEL07-GO
673211;12/04/2025;sábado;16:00:00;BA;324;576;SAO SEBASTIAO DO PASSE;Demais falhas mecânicas ou elétricas;Incêndio;Sem Vítimas;Pleno dia;Crescente;Nublado;Dupla;Reta;Não;1;0;0;0;1;0;0;1;-12,592348;-38,519011;SPRF-BA;DEL01-BA;UOP01-DEL01-BA