id;data_inversa;dia_semana;horario;uf;br;km;municipio;causa_acidente;tipo_acidente;classificacao_acidente;fase_dia;sentido_via;condicao_metereologica;tipo_pista;tracado_via;uso_solo;pessoas;mortos;feridos_leves;feridos_graves;ilesos;ignorados;feridos;veiculos;latitude;longitude;regional;delegacia;uop
673212;12/04/2025;sábado;15:50:00;MG;40;811,7;MATIAS BARBOSA;Ausência de reação do condutor;Colisão traseira;Com Vítimas Feridas;Pleno dia;Crescente;Céu Claro;Dupla;Curva;Não;3;0;1;0;1;1;1;3;-21,89188142;-43,31349805;SPRF-MG;DEL05-MG;UOP01-DEL05-MG
673213;12/04/2025;sábado;10:00:00;MG;262;42;MANHUACU;Reação tardia ou ineficiente do condutor;Tombamento;Com Vítimas Feridas;Pleno dia;Decrescente;Céu Claro;Simples;"Declive;Curva";Não;2;0;1;0;0;1;1;2;-20,25915162;-42,09591374;SPRF-MG;DEL06-MG;UOP03-DEL06-MG
673216;12/04/2025;sábado;16:30:00;MS;163;211,9;CAARAPO;Transitar na contramão;Colisão frontal;Com Vítimas Fatais;Pleno dia;Crescente;Garoa/Chuvisco;Simples;Reta;Não;3;1;0;0;1;3;0;5;-22,57473803;-54,81742573;SPRF-MS;DEL04-MS;UOP02-DEL04-MS
673219;12/04/2025;sábado;16:00:00;ES;262;112,9;VENDA NOVA DO IMIGRANTE;Ingestão de álcool pelo condutor;Colisão lateral sentido oposto;Com Vítimas Feridas;Pleno dia;Crescente;Céu Claro;Simples;Reta;Não;3;0;0;1;1;1;1;3;-20,3316244;-41,2044121;SPRF-ES;DEL01-ES;UOP02-DEL01-ES
673223;12/04/2025;sábado;16:40:00;GO;60;413;RIO VERDE;Reação tardia ou ineficiente do condutor;Saída de leito carroçável;Com Vítimas Feridas;Pleno dia;Decrescente;Céu Claro;Dupla;Reta;Não;2;0;1;0;1;0;1;2;-17,819278;-51,189922;SPRF-GO;DEL04-GO;UOP02-DEL04-GO
673226;12/04/2025;sábado;17:00:00;SP;381;66,8;MAIRIPORA;Carga excessiva e/ou mal acondicionada;Incêndio;Sem Vítimas;Anoitecer;Crescente;Céu Claro;Múltipla;Reta;Sim;3;0;0;0;2;1;0;2;-23,331729;-46,577399;SPRF-SP;DEL03-SP;UOP01-DEL03-SP
673234;12/04/2025;sábado;14:20:00;GO;60;81;ANAPOLIS;Ingestão de álcool pelo condutor;Colisão lateral mesmo sentido;Sem Vítimas;Pleno dia;Crescente;Céu Claro;Dupla;"Aclive;Reta";Não;2;0;0;0;2;0;0;2;-16,31360941;-48,83527994;SPRF-GO;DEL02-GO;UOP01-DEL02-GO
673240;12/04/2025;sábado;19:00:00;MG;40;461;SETE LAGOAS;Carga excessiva e/ou mal acondicionada;Tombamento;Com Vítimas Feridas;Plena Noite;Crescente;Céu Claro;Dupla;Reta;Não;1;0;1;0;0;0;1;1;-19,46173;-44,30399;SPRF-MG;DEL02-MG;UOP01-DEL02-MG
673241;12/04/2025;sábado;18:50:00;RN;226;321,5;JANDUIS;Ingestão de álcool pelo condutor;Colisão frontal;Com Vítimas Feridas;Plena Noite;Crescente;Céu Claro;Simples;Reta;Não;6;0;1;1;3;3;2;6;-6,0624629;-37,4933321;SPRF-RN;DEL04-RN;UOP01-DEL04-RN
673247;12/04/2025;sábado;19:20:00;RS;116;512;PELOTAS;Estacionar ou parar em local proibido;Colisão traseira;Com Vítimas Feridas;Plena Noite;Decrescente;Nublado;Dupla;"Curva;Declive";Sim;2;0;1;0;1;0;1;2;-31,63873124;-52,33391047;SPRF-RS;DEL07-RS;UOP01-DEL07-RS
673248;12/04/2025;sábado;17:40:00;PA;230;108;MARABA;Ingestão de álcool pelo condutor;Colisão frontal;Sem Vítimas;Anoitecer;Crescente;Céu Claro;Simples;Reta;Sim;2;0;0;0;2;0;0;2;-5,375697;-49,02106;SPRF-PA;DEL03-PA;UOP01-DEL03-PA
673250;12/04/2025;sábado;18:50:00;PR;376;128;ALTO PARANA;Velocidade Incompatível;Colisão traseira;Com Vítimas Feridas;Plena Noite;Decrescente;Céu Claro;Dupla;Reta;Não;3;0;1;0;1;1;1;3;-23,160175;-52,260316;SPRF-PR;DEL09-PR;UOP02-DEL09-PR
673253;12/04/2025;sábado;16:10:00;SC;470;270;BRUNOPOLIS;Velocidade Incompatível;Saída de leito carroçável;Com Vítimas Feridas;Pleno dia;Decrescente;Céu Claro;Simples;Reta;Não;2;0;1;0;0;2;1;3;-27,32175486;-50,77537537;SPRF-SC;DEL07-SC;UOP06-DEL07-SC
673256;12/04/2025;sábado;19:00:00;MG;381;365;SAO GONCALO DO RIO ABAIXO;Velocidade Incompatível;Tombamento;Com Vítimas Feridas;Plena Noite;Crescente;Céu Claro;Simples;Curva;Não;2;0;1;1;0;0;2;1;-19,86076973;-43,22609425;SPRF-MG;DEL03-MG;UOP01-DEL03-MG
673276;12/04/2025;sábado;19:25:00;PR;163;77;PLANALTO;Ingestão de álcool pelo condutor;Colisão lateral sentido oposto;Com Vítimas Feridas;Plena Noite;Decrescente;Chuva;Simples;Curva;Não;3;0;0;1;1;1;1;3;-25,73551542;-53,80152313;SPRF-PR;DEL02-PR;UOP02-DEL02-PR
673286;12/04/2025;sábado;22:00:00;BA;101;717;EUNAPOLIS;Ausência de reação do condutor;Colisão traseira;Com Vítimas Feridas;Plena Noite;Decrescente;Céu Claro;Simples;Reta;Sim;2;0;1;0;1;0;1;2;-16,36934598;-39,58286417;SPRF-BA;DEL09-BA;UOP01-DEL09-BA
673288;12/04/2025;sábado;20:35:00;RS;293;351,3;SANTANA DO LIVRAMENTO;Acessar a via sem observar a presença dos outros veículos;Colisão transversal;Com Vítimas Feridas;Plena Noite;Crescente;Céu Claro;Simples;"Declive;Interseção de Vias";Não;4;0;1;1;1;1;2;3;-30,802415;-55,62985852;SPRF-RS;DEL11-RS;UOP01-DEL11-RS
673295;12/04/2025;sábado;22:15:00;GO;153;511;APARECIDA DE GOIANIA;Transitar na contramão;Colisão frontal;Com Vítimas Feridas;Plena Noite;Crescente;Nublado;Dupla;Reta;Sim;4;0;0;2;1;1;2;3;-16,798543;-49,238592;SPRF-GO;DEL01-GO;UOP03-DEL01-GO
673296;12/04/2025;sábado;21:40:00;PI;316;284;DOM EXPEDITO LOPES;Ausência de reação do condutor;Colisão lateral sentido oposto;Com Vítimas Feridas;Plena Noite;Crescente;Nublado;Simples;Reta;Sim;2;0;0;1;1;0;1;2;-6,9704967;-41,66112185;SPRF-PI;DEL04-PI;UOP01-DEL04-PI
673301;12/04/2025;sábado;23:12:00;ES;101;289,9;CARIACICA;Entrada inopinada do pedestre;Atropelamento de Pedestre;Com Vítimas Fatais;Plena Noite;Decrescente;Nublado;Dupla;Reta;Sim;2;1;0;0;0;1;0;2;-20,288292;-40,391993;SPRF-ES;DEL01-ES;UOP01-DEL01-ES
673311;12/04/2025;sábado;17:40:00;CE;0;0;TAUA;Acessar a via sem observar a presença dos outros veículos;Colisão transversal;Com Vítimas Feridas;Pleno dia;Não Informado;Céu Claro;Simples;"Reta;Interseção de Vias";Sim;3;0;0;1;1;3;1;5;-6,01388622;-40,2933846;SPRF-CE;DEL02-CE;UOP02-DEL02-CE
673317;13/04/2025;domingo;01:40:00;ES;101;284,5;CARIACICA;Ausência de reação do condutor;Colisão com objeto;Com Vítimas Feridas;Plena Noite;Decrescente;Céu Claro;Dupla;"Reta;Declive";Não;3;0;1;0;1;2;1;4;-20,24729923;-40,37035622;SPRF-ES;DEL01-ES;UOP01-DEL01-ES
673321;13/04/2025;domingo;00:20:00;MG;381;821,8;CAREACU;Ausência de reação do condutor;Colisão lateral mesmo sentido;Sem Vítimas;Plena Noite;Crescente;Céu Claro;Dupla;Reta;Sim;2;0;0;0;1;1;0;2;-22,084;-45,7023;SPRF-MG;DEL16-MG;UOP02-DEL16-MG
673346;13/04/2025;domingo;02:30:00;MT;163;94;RONDONOPOLIS;Reação tardia ou ineficiente do condutor;Tombamento;Sem Vítimas;Plena Noite;Crescente;Nublado;Dupla;Reta;Não;2;0;0;0;1;3;0;4;-16,69943176;-54,66055512;SPRF-MT;DEL02-MT;UOP03-DEL02-MT
673348;13/04/2025;domingo;06:30:00;RS;290;77;GRAVATAI;Condutor Dormindo;Colisão traseira;Com Vítimas Feridas;Pleno dia;Decrescente;Nublado;Múltipla;Reta;Não;3;0;1;0;1;1;1;3;-29,95593499;-51,02658704;SPRF-RS;DEL01-RS;UOP01-DEL01-RS
673351;13/04/2025;domingo;03:20:00;CE;20;316;CANINDE;Transitar na contramão;Colisão lateral sentido oposto;Sem Vítimas;Plena Noite;Crescente;Céu Claro;Simples;Reta;Não;2;0;0;0;2;0;0;2;-4,292486;-39,2517;SPRF-CE;DEL02-CE;UOP01-DEL02-CE
673356;13/04/2025;domingo;06:50:00;MG;153;55;MONTE ALEGRE DE MINAS;Acumulo de água sobre o pavimento;Capotamento;Com Vítimas Feridas;Pleno dia;Crescente;Chuva;Dupla;Reta;Não;6;0;4;0;1;1;4;3;-18,86563278;-49,06981659;SPRF-MG;DEL15-MG;UOP03-DEL15-MG
673358;13/04/2025;domingo;04:00:00;PB;116;9,1;CACHOEIRA DOS INDIOS;Chuva;Saída de leito carroçável;Com Vítimas Feridas;Plena Noite;Decrescente;Chuva;Simples;Curva;Não;3;0;2;1;0;0;3;1;-6,97164333;-38,73451;SPRF-CE;DEL05-CE;UOP03-DEL05-CE
673359;13/04/2025;domingo;06:40:00;BA;116;543,8;MILAGRES;Condutor deixou de manter distância do veículo da frente;Colisão traseira;Com Vítimas Feridas;Pleno dia;Crescente;Céu Claro;Simples;Reta;Não;3;0;0;1;1;3;1;5;-12,8512;-39,8443;SPRF-BA;DEL03-BA;UOP02-DEL03-BA
673361;13/04/2025;domingo;07:00:00;RS;290;42;SANTO ANTONIO DA PATRULHA;Condutor Dormindo;Colisão com objeto;Com Vítimas Feridas;Pleno dia;Crescente;Céu Claro;Múltipla;Reta;Não;1;0;1;0;0;0;1;1;-29,888258;-50,676105;SPRF-RS;DEL03-RS;UOP01-DEL03-RS
673381;29/03/2025;sábado;15:30:00;BA;101;183;SAO GONCALO DOS CAMPOS;Ultrapassagem Indevida;Colisão lateral sentido oposto;Com Vítimas Feridas;Pleno dia;Crescente;Céu Claro;Simples;Reta;Não;5;0;1;0;3;2;1;4;-12,46178121;-38,93245697;SPRF-BA;DEL01-BA;UOP03-DEL01-BA
673388;13/04/2025;domingo;08:30:00;MS;267;189;NOVA ALVORADA DO SUL;Ingestão de álcool pelo condutor;Colisão frontal;Com Vítimas Fatais;Pleno dia;Decrescente;Céu Claro;Simples;Reta;Não;8;1;0;4;2;4;4;7;-21,60089892;-53,84571075;SPRF-MS;DEL02-MS;UOP03-DEL02-MS
673400;13/04/2025;domingo;11:00:00;GO;153;440;ANAPOLIS;Mal súbito do condutor;Colisão com objeto;Com Vítimas Feridas;Pleno dia;Decrescente;Céu Claro;Dupla;Reta;Sim;2;0;1;0;0;3;1;4;-16,329347;-48,922128;SPRF-GO;DEL02-GO;UOP01-DEL02-GO
673411;13/04/2025;domingo;12:16:00;ES;101;372,6;ICONHA;Ausência de reação do condutor;Colisão com objeto;Com Vítimas Feridas;Pleno dia;Crescente;Céu Claro;Simples;Reta;Não;2;0;1;0;0;1;1;2;-20,777137;-40,779302;SPRF-ES;DEL03-ES;UOP01-DEL03-ES
673419;08/04/2025;terça-feira;23:30:00;BA;101;895;CARAVELAS;Ingestão de álcool pelo condutor;Colisão frontal;Com Vítimas Feridas;Plena Noite;Crescente;Chuva;Simples;"Curva;Aclive";Não;3;0;1;0;1;1;1;3;-17,688271;-39,773173;SPRF-BA;DEL09-BA;UOP02-DEL09-BA
673420;13/04/2025;domingo;12:45:00;MG;40;522,9;CONTAGEM;Transitar no Acostamento;Colisão lateral mesmo sentido;Com Vítimas Feridas;Pleno dia;Decrescente;Céu Claro;Dupla;Curva;Não;4;0;2;0;1;1;2;3;-19,8707715;-44,0465663;SPRF-MG;DEL01-MG;UOP02-DEL01-MG
673421;13/04/2025;domingo;13:00:00;PR;116;78;PIRAQUARA;Condutor deixou de manter distância do veículo da frente;Colisão traseira;Com Vítimas Feridas;Pleno dia;Decrescente;Chuva;Dupla;Reta;Não;4;0;0;1;2;1;1;3;-25,402269;-49,056614;SPRF-PR;DEL01-PR;UOP02-DEL01-PR
673423;20/03/2025;quinta-feira;23:40:00;PR;376;549;PALMEIRA;Ausência de reação do condutor;Colisão traseira;Com Vítimas Feridas;Plena Noite;Crescente;Céu Claro;Dupla;Reta;Não;5;0;1;2;1;2;3;4;-25,419;-49,77;SPRF-PR;DEL03-PR;UOP03-DEL03-PR
673424;13/04/2025;domingo;09:20:00;PI;316;166;ELESBAO VELOSO;Ingestão de álcool pelo condutor;Tombamento;Com Vítimas Fatais;Pleno dia;Crescente;Céu Claro;Simples;Reta;Sim;2;1;0;0;0;1;0;2;-6,226842;-42,062442;SPRF-PI;DEL04-PI;UOP02-DEL04-PI
673425;13/04/2025;domingo;11:29:00;RS;392;2,2;RIO GRANDE;Acessar a via sem observar a presença dos outros veículos;Colisão lateral mesmo sentido;Sem Vítimas;Pleno dia;Crescente;Nublado;Simples;Rotatória;Sim;2;0;0;0;2;0;0;2;-32,13046868;-52,11173411;SPRF-RS;DEL07-RS;UOP02-DEL07-RS
673427;13/04/2025;domingo;13:40:00;RJ;393;250;BARRA DO PIRAI;Transitar na contramão;Colisão lateral sentido oposto;Com Vítimas Feridas;Pleno dia;Decrescente;Sol;Simples;Reta;Sim;3;0;0;1;1;1;1;3;-22,448853;-43,79695;SPRF-RJ;DEL05-RJ;UOP04-DEL05-RJ
673431;13/04/2025;domingo;04:20:00;PI;135;515;GILBUES;Afundamento ou ondulação no pavimento;Tombamento;Com Vítimas Feridas;Amanhecer;Decrescente;Ignorado;Simples;"Curva;Aclive";Sim;1;0;1;0;0;0;1;1;-9,83402;-45,343648;SPRF-PI;DEL03-PI;UOP02-DEL03-PI
673434;13/04/2025;domingo;14:45:00;PR;277;522,3;GUARANIACU;Ausência de reação do condutor;Colisão frontal;Com Vítimas Feridas;Pleno dia;Crescente;Nublado;Simples;Curva;Não;3;0;0;1;1;1;1;3;-25,10041654;-52,89257227;SPRF-PR;DEL04-PR;UOP04-DEL04-PR
673435;13/04/2025;domingo;15:00:00;BA;116;654;JEQUIE;Condutor deixou de manter distância do veículo da frente;Engavetamento;Sem Vítimas;Pleno dia;Decrescente;Céu Claro;Simples;Reta;Não;5;0;0;0;4;3;0;7;-13,69811096;-40,0965786;SPRF-BA;DEL03-BA;UOP01-DEL03-BA
673437;13/04/2025;domingo;14:40:00;MG;365;692;MONTE ALEGRE DE MINAS;Condutor deixou de manter distância do veículo da frente;Colisão traseira;Com Vítimas Fatais;Pleno dia;Decrescente;Céu Claro;Dupla;Reta;Não;7;5;0;0;1;3;0;5;-18,877025;-48,921336;SPRF-MG;DEL15-MG;UOP03-DEL15-MG
673446;13/04/2025;domingo;14:55:00;RN;304;72,2;MOSSORO;Demais falhas mecânicas ou elétricas;Incêndio;Sem Vítimas;Pleno dia;Decrescente;Céu Claro;Simples;Reta;Não;2;0;0;0;1;2;0;3;-5,41846;-37,212908;SPRF-RN;DEL04-RN;UOP01-DEL04-RN
673465;13/04/2025;domingo;16:15:00;SC;101;190,8;BIGUACU;Chuva;Colisão com objeto;Com Vítimas Fatais;Pleno dia;Decrescente;Chuva;Dupla;Curva;Sim;7;1;1;3;2;0;4;2;-27,476775;-48,64064;SPRF-SC;DEL01-SC;UOP01-DEL01-SC
673468;13/04/2025;domingo;10:00:00;BA;135;211;SAO DESIDERIO;Velocidade Incompatível;Tombamento;Com Vítimas Feridas;Pleno dia;Decrescente;Sol;Simples;Curva;Não;4;0;1;1;1;2;2;3;-12,378632;-44,954047;SPRF-BA;DEL10-BA;UOP01-DEL10-BA
673472;13/04/2025;domingo;17:40:00;MG;381;439;SABARA;Reação tardia ou ineficiente do condutor;Colisão frontal;Com Vítimas Fatais;Pleno dia;Decrescente;Céu Claro;Simples;Curva;Não;5;2;0;0;1;2;0;4;-19,809717;-43,766656;SPRF-MG;DEL01-MG;UOP01-DEL01-MG
673476;13/04/2025;domingo;14:30:00;MG;50;16;ARAGUARI;Carga excessiva e/ou mal acondicionada;Incêndio;Com Vítimas Feridas;Pleno dia;Crescente;Nublado;Dupla;"Reta;Declive";Não;2;0;1;0;0;1;1;2;-18,55542437;-48,05475713;SPRF-MG;DEL15-MG;UOP02-DEL15-MG
673478;13/04/2025;domingo;17:20:00;MG;262;365;JUATUBA;Animais na Pista;Atropelamento de Animal;Com Vítimas Feridas;Anoitecer;Crescente;Céu Claro;Dupla;Reta;Não;3;0;1;1;1;0;2;2;-19,97225226;-44,30917842;SPRF-MG;DEL01-MG;UOP03-DEL01-MG
673486;13/04/2025;domingo;14:00:00;BA;116;218;EUCLIDES DA CUNHA;Ausência de reação do condutor;Colisão lateral sentido oposto;Com Vítimas Feridas;Pleno dia;Crescente;Céu Claro;Simples;Reta;Não;2;0;1;0;1;0;1;2;-10,524794;-39,003466;SPRF-BA;DEL07-BA;UOP03-DEL07-BA
673488;10/04/2025;quinta-feira;16:50:00;DF;20;53;BRASILIA;Velocidade Incompatível;Colisão transversal;Com Vítimas Feridas;Pleno dia;Crescente;Céu Claro;Dupla;Declive;Sim;3;0;1;0;1;2;1;4;-15,581864;-47,521973;SPRF-DF;DEL02-DF;UOP01-DEL02-DF
673493;19/03/2025;quarta-feira;17:35:00;PB;101;125,4;CAAPORA;Reação tardia ou ineficiente do condutor;Colisão traseira;Com Vítimas Feridas;Plena Noite;Crescente;Céu Claro;Dupla;Reta;Não;2;0;1;0;0;1;1;2;-7,49353686;-34,98287201;SPRF-PB;DEL01-PB;UOP01-DEL01-PB
673501;13/04/2025;domingo;16:40:00;PR;476;255;ANTONIO OLINTO;Velocidade Incompatível;Tombamento;Com Vítimas Feridas;Pleno dia;Decrescente;Chuva;Simples;Reta;Não;2;0;1;0;0;1;1;2;-25,88887858;-50,21318436;SPRF-PR;DEL02-PR;UOP03-DEL02-PR
673510;13/04/2025;domingo;19:00:00;BA;110;242;OLINDINA;Acessar a via sem observar a presença dos outros veículos;Colisão transversal;Com Vítimas Feridas;Plena Noite;Decrescente;Céu Claro;Simples;Interseção de Vias;Sim;3;0;1;0;1;1;1;3;-11,365252;-38,32595;SPRF-BA;DEL01-BA;UOP04-DEL01-BA
673515;13/04/2025;domingo;16:10:00;MG;116;576;MANHUACU;Reação tardia ou ineficiente do condutor;Saída de leito carroçável;Sem Vítimas;Pleno dia;Crescente;Céu Claro;Simples;Curva;Não;2;0;0;0;1;1;0;2;-20,22543572;-42,17775822;SPRF-MG;DEL06-MG;UOP03-DEL06-MG
673521;13/04/2025;domingo;21:25:00;RJ;116;179;NOVA IGUACU;Ingestão de álcool pelo condutor;Colisão traseira;Com Vítimas Feridas;Plena Noite;Decrescente;Nublado;Dupla;Reta;Sim;2;0;1;0;1;0;1;2;-22,75971981;-43,4262085;SPRF-RJ;DEL06-RJ;UOP01-DEL06-RJ
673526;13/04/2025;domingo;20:00:00;RS;285;105,7;VACARIA;Pedestre andava na pista;Atropelamento de Pedestre;Com Vítimas Fatais;Plena Noite;Crescente;Nublado;Simples;Reta;Não;2;1;0;0;1;0;0;2;-28,533247;-50,801271;SPRF-RS;DEL05-RS;UOP03-DEL05-RS
673541;13/04/2025;domingo;22:30:00;RJ;101;277;RIO BONITO;Acessar a via sem observar a presença dos outros veículos;Colisão traseira;Com Vítimas Feridas;Plena Noite;Crescente;Nublado;Dupla;Reta;Sim;3;0;1;0;2;0;1;2;-22,715007;-42,6790457;SPRF-RJ;DEL02-RJ;UOP03-DEL02-RJ
673555;13/04/2025;domingo;23:45:00;PR;277;664,5;MEDIANEIRA;Reação tardia ou ineficiente do condutor;Colisão com objeto;Com Vítimas Feridas;Plena Noite;Crescente;Nublado;Dupla;Ponte;Não;2;0;1;0;1;0;1;2;-25,253803;-54,032912;SPRF-PR;DEL05-PR;UOP02-DEL05-PR
673566;14/04/2025;segunda-feira;00:05:00;MT;163;1040;MATUPA;Transitar na contramão;Colisão frontal;Com Vítimas Fatais;Plena Noite;Decrescente;Céu Claro;Simples;Declive;Sim;9;5;0;0;3;3;0;6;-10,15837821;-54,93404026;SPRF-MT;DEL06-MT;UOP03-DEL06-MT
673570;14/04/2025;segunda-feira;04:55:00;BA;116;463;SANTO ESTEVAO;Demais falhas mecânicas ou elétricas;Colisão com objeto;Com Vítimas Feridas;Amanhecer;Decrescente;Céu Claro;Dupla;"Reta;Viaduto";Não;6;0;3;1;1;2;4;4;-12,45524603;-39,26039457;SPRF-BA;DEL02-BA;UOP01-DEL02-BA
673574;14/04/2025;segunda-feira;03:30:00;SP;116;568;BARRA DO TURVO;Reação tardia ou ineficiente do condutor;Colisão traseira;Com Vítimas Feridas;Plena Noite;Crescente;Chuva;Simples;Curva;Não;3;0;1;0;1;1;1;2;-25,05741317;-48,55586484;SPRF-SP;DEL05-SP;UOP02-DEL05-SP
673576;14/04/2025;segunda-feira;05:50:00;PR;369;439,7;UBIRATA;Condutor Dormindo;Colisão com objeto;Sem Vítimas;Amanhecer;Decrescente;Nevoeiro/Neblina;Simples;Reta;Não;5;0;0;0;5;0;0;2;-24,55425936;-53,00660044;SPRF-PR;DEL04-PR;UOP03-DEL04-PR
673584;14/04/2025;segunda-feira;06:15:00;RS;158;309,2;ITAARA;Transitar na contramão;Colisão frontal;Com Vítimas Fatais;Amanhecer;Decrescente;Céu Claro;Simples;"Reta;Declive";Sim;2;1;0;0;1;0;0;2;-29,60699688;-53,76544833;SPRF-RS;DEL09-RS;UOP01-DEL09-RS
673595;14/04/2025;segunda-feira;07:00:00;RJ;101;106;CAMPOS DOS GOYTACAZES;Manobra de mudança de faixa;Colisão lateral mesmo sentido;Com Vítimas Feridas;Pleno dia;Decrescente;Céu Claro;Dupla;Reta;Não;2;0;1;0;1;0;1;2;-21,927818;-41,624212;SPRF-RJ;DEL08-RJ;UOP02-DEL08-RJ
673600;14/04/2025;segunda-feira;08:00:00;SP;116;288;ITAPECERICA DA SERRA;Trafegar com motocicleta (ou similar) entre as faixas;Queda de ocupante de veículo;Com Vítimas Feridas;Pleno dia;Decrescente;Garoa/Chuvisco;Dupla;Reta;Sim;2;0;1;0;1;0;1;2;-23,69369369;-46,8500393;SPRF-SP;DEL04-SP;UOP01-DEL04-SP
673623;14/04/2025;segunda-feira;09:10:00;BA;324;619,3;SALVADOR;Reação tardia ou ineficiente do condutor;Colisão traseira;Com Vítimas Feridas;Pleno dia;Decrescente;Céu Claro;Múltipla;Reta;Sim;3;0;2;0;0;1;2;2;-12,90905564;-38,45789909;SPRF-BA;DEL01-BA;UOP01-DEL01-BA
673634;31/03/2025;segunda-feira;06:30:00;GO;60;90,8;ANAPOLIS;Condutor deixou de manter distância do veículo da frente;Colisão traseira;Sem Vítimas;Amanhecer;Crescente;Céu Claro;Simples;Reta;Sim;3;0;0;0;2;1;0;3;-16,34423186;-48,9038372;SPRF-GO;DEL02-GO;UOP01-DEL02-GO
673639;02/04/2025;quarta-feira;17:00:00;RJ;101;465;MANGARATIBA;Reação tardia ou ineficiente do condutor;Colisão frontal;Com Vítimas Fatais;Pleno dia;Decrescente;Céu Claro;Simples;Curva;Não;2;1;0;0;1;0;0;2;-23,00587;-44,1245;SPRF-RJ;DEL03-RJ;UOP03-DEL03-RJ
673641;14/04/2025;segunda-feira;11:10:00;SC;280;193,1;MAFRA;Transitar na contramão;Colisão frontal;Com Vítimas Fatais;Pleno dia;Crescente;Céu Claro;Simples;"Aclive;Reta";Não;4;1;0;0;2;2;0;5;-26,1772775;-50,0076781;SPRF-SC;DEL06-SC;UOP01-DEL06-SC
673647;14/04/2025;segunda-feira;11:15:00;PB;101;84,3;BAYEUX;Reação tardia ou ineficiente do condutor;Colisão traseira;Com Vítimas Feridas;Pleno dia;Decrescente;Sol;Dupla;Reta;Sim;4;0;1;0;1;4;1;6;-7,14138081;-34,92091175;SPRF-PB;DEL01-PB;UOP01-DEL01-PB
673652;14/04/2025;segunda-feira;10:40:00;RS;472;184,1;SANTO CRISTO;Manobra de mudança de faixa;Colisão frontal;Com Vítimas Fatais;Pleno dia;Crescente;Céu Claro;Simples;Reta;Não;3;1;0;0;1;1;0;3;-27,83784;-54,59974;SPRF-RS;DEL10-RS;UOP01-DEL10-RS
673654;14/04/2025;segunda-feira;11:45:00;MG;40;464,3;SETE LAGOAS;Reação tardia ou ineficiente do condutor;Saída de leito carroçável;Sem Vítimas;Pleno dia;Crescente;Nublado;Dupla;"Aclive;Curva";Não;1;0;0;0;1;0;0;1;-19,432974;-44,335716;SPRF-MG;DEL02-MG;UOP01-DEL02-MG
673656;01/02/2025;sábado;16:08:00;PA;163;380;NOVO PROGRESSO;Pista Escorregadia;Colisão lateral sentido oposto;Sem Vítimas;Pleno dia;Decrescente;Chuva;Simples;Reta;Não;2;0;0;0;2;0;0;2;-6,47115969;-55,55424752;SPRF-PA;DEL05-PA;UOP03-DEL05-PA
673660;14/04/2025;segunda-feira;12:30:00;GO;60;7;SANTO ANTONIO DO DESCOBERTO;Velocidade Incompatível;Saída de leito carroçável;Com Vítimas Feridas;Pleno dia;Crescente;Chuva;Dupla;Curva;Não;7;0;2;2;1;2;4;4;-16,102875;-48,290407;SPRF-DF;DEL03-DF;UOP01-DEL03-DF
673664;14/04/2025;segunda-feira;08:20:00;PR;153;123,3;IBAITI;Demais falhas mecânicas ou elétricas;Incêndio;Sem Vítimas;Pleno dia;Decrescente;Céu Claro;Simples;Reta;Não;2;0;0;0;1;1;0;2;-23,95074793;-50,23821831;SPRF-PR;DEL07-PR;UOP04-DEL07-PR
673669;14/04/2025;segunda-feira;12:00:00;RS;158;319;SANTA MARIA;Demais falhas mecânicas ou elétricas;Incêndio;Sem Vítimas;Pleno dia;Decrescente;Céu Claro;Dupla;Reta;Não;2;0;0;0;1;2;0;3;-29,67918855;-53,77749681;SPRF-RS;DEL09-RS;UOP01-DEL09-RS
673670;14/04/2025;segunda-feira;12:55:00;PA;316;35;SANTA IZABEL DO PARA;Acessar a via sem observar a presença dos outros veículos;Tombamento;Com Vítimas Feridas;Pleno dia;Decrescente;Nublado;Dupla;Reta;Sim;3;0;1;0;1;2;1;4;-1,290593;-48,156373;SPRF-PA;DEL01-PA;UOP01-DEL01-PA
673674;14/04/2025;segunda-feira;13:05:00;SC;282;111,4;SAO BENTO DO SUL;Acessar a via sem observar a presença dos outros veículos;Colisão transversal;Sem Vítimas;Pleno dia;Crescente;Garoa/Chuvisco;Simples;"Curva;Interseção de Vias;Declive";Não;4;0;0;0;3;1;0;3;-26,308727;-49,388108;SPRF-SC;DEL01-SC;UOP03-DEL01-SC
673677;12/04/2025;sábado;19:00:00;BA;101;483;ILHEUS;Trafegar com motocicleta (ou similar) entre as faixas;Saída de leito carroçável;Com Vítimas Feridas;Plena Noite;Decrescente;Céu Claro;Simples;Reta;Não;2;0;1;0;0;1;1;2;-14,634037;-39,335216;SPRF-BA;DEL05-BA;UOP01-DEL05-BA
673679;14/04/2025;segunda-feira;15:20:00;RJ;116;174;RIO DE JANEIRO;Trafegar com motocicleta (ou similar) entre as faixas;Colisão lateral mesmo sentido;Com Vítimas Feridas;Pleno dia;Crescente;Céu Claro;Múltipla;Reta;Sim;2;0;0;1;0;1;1;2;-22,8044568;-43,3451809;SPRF-RJ;DEL06-RJ;UOP01-DEL06-RJ
673680;14/04/2025;segunda-feira;15:00:00;MG;381;352;JOAO MONLEVADE;Pista Escorregadia;Colisão frontal;Com Vítimas Feridas;Pleno dia;Crescente;Garoa/Chuvisco;Simples;Curva;Não;3;0;1;0;1;1;1;3;-19,86;-43,122;SPRF-MG;DEL03-MG;UOP01-DEL03-MG