id;data_inversa;dia_semana;horario;uf;br;km;municipio;causa_acidente;tipo_acidente;classificacao_acidente;fase_dia;sentido_via;condicao_metereologica;tipo_pista;tracado_via;uso_solo;pessoas;mortos;feridos_leves;feridos_graves;ilesos;ignorados;feridos;veiculos;latitude;longitude;regional;delegacia;uop
673936;15/04/2025;terça-feira;22:30:00;ES;101;313;VILA VELHA;Reação tardia ou ineficiente do condutor;Colisão traseira;Com Vítimas Fatais;Plena Noite;Crescente;Nublado;Dupla;Reta;Não;3;1;0;0;1;2;0;4;-20,456781;-40,463964;SPRF-ES;DEL01-ES;UOP01-DEL01-ES
673938;15/04/2025;terça-feira;19:30:00;SC;470;146;RIO DO SUL;Acessar a via sem observar a presença dos outros veículos;Colisão transversal;Com Vítimas Feridas;Plena Noite;Crescente;Nublado;Simples;Reta;Não;2;0;1;0;1;0;1;2;-27,242204;-49,688052;SPRF-SC;DEL04-SC;UOP02-DEL04-SC
673944;15/04/2025;terça-feira;22:10:00;PI;316;373;ALEGRETE DO PIAUI;Ultrapassagem Indevida;Colisão lateral mesmo sentido;Com Vítimas Feridas;Plena Noite;Crescente;Céu Claro;Simples;Reta;Não;5;0;1;2;1;1;3;2;-7,2307825;-40,8714723;SPRF-PI;DEL04-PI;UOP03-DEL04-PI
673951;15/04/2025;terça-feira;21:00:00;PR;116;63;QUATRO BARRAS;Ausência de reação do condutor;Saída de leito carroçável;Com Vítimas Feridas;Plena Noite;Decrescente;Nublado;Dupla;Curva;Não;2;0;1;0;0;1;1;2;-25,30699047;-48,99347126;SPRF-PR;DEL01-PR;UOP02-DEL01-PR
673952;15/04/2025;terça-feira;23:00:00;PR;476;119,3;COLOMBO;Ausência de reação do condutor;Colisão traseira;Com Vítimas Feridas;Plena Noite;Crescente;Nublado;Dupla;"Reta;Aclive";Sim;3;0;0;1;1;1;1;3;-25,36536463;-49,18647397;SPRF-PR;DEL01-PR;UOP01-DEL01-PR
673956;15/04/2025;terça-feira;23:40:00;PR;163;280;MARECHAL CANDIDO RONDON;Velocidade Incompatível;Colisão com objeto;Sem Vítimas;Plena Noite;Decrescente;Chuva;Dupla;"Declive;Viaduto;Curva";Não;2;0;0;0;1;1;0;2;-24,56786138;-54,03358482;SPRF-PR;DEL06-PR;UOP02-DEL06-PR
673959;16/04/2025;quarta-feira;00:30:00;MS;163;165;JUTI;Reação tardia ou ineficiente do condutor;Colisão com objeto;Com Vítimas Fatais;Plena Noite;Crescente;Garoa/Chuvisco;Simples;"Reta;Ponte";Não;1;1;0;0;0;0;0;1;-22,898989;-54,560504;SPRF-MS;DEL09-MS;UOP01-DEL09-MS
673960;16/04/2025;quarta-feira;00:10:00;MG;262;554;CORREGO DANTA;Condutor Dormindo;Saída de leito carroçável;Com Vítimas Feridas;Plena Noite;Crescente;Garoa/Chuvisco;Simples;Curva;Não;2;0;1;0;0;1;1;2;-19,75014595;-45,916245;SPRF-MG;DEL08-MG;UOP02-DEL08-MG
673961;16/04/2025;quarta-feira;01:00:00;SP;116;298,9;SAO LOURENCO DA SERRA;Ausência de reação do condutor;Colisão lateral mesmo sentido;Com Vítimas Fatais;Plena Noite;Crescente;Céu Claro;Dupla;Reta;Sim;5;1;0;0;3;4;0;8;-23,78808382;-46,91423638;SPRF-SP;DEL04-SP;UOP01-DEL04-SP
673964;16/04/2025;quarta-feira;04:10:00;SC;101;216,5;PALHOCA;Velocidade Incompatível;Colisão transversal;Com Vítimas Feridas;Plena Noite;Crescente;Céu Claro;Múltipla;Reta;Não;3;0;0;1;1;1;1;3;-27,664186;-48,675675;SPRF-SC;DEL01-SC;UOP02-DEL01-SC
673965;16/04/2025;quarta-feira;02:20:00;PI;222;2;SAO JOAO DA FRONTEIRA;Condutor deixou de manter distância do veículo da frente;Colisão traseira;Com Vítimas Feridas;Plena Noite;Crescente;Céu Claro;Simples;Declive;Não;4;0;0;1;2;1;1;3;-3,921;-41,248;SPRF-PI;DEL02-PI;UOP01-DEL02-PI
673967;16/04/2025;quarta-feira;03:20:00;RO;364;438,6;JARU;Ausência de reação do condutor;Saída de leito carroçável;Com Vítimas Feridas;Plena Noite;Decrescente;Céu Claro;Simples;Reta;Não;2;0;1;0;0;3;1;4;-10,4283629;-62,4736737;SPRF-RO;DEL03-RO;UOP02-DEL03-RO
673968;16/04/2025;quarta-feira;06:00:00;SE;101;25,7;MURIBECA;Ausência de reação do condutor;Saída de leito carroçável;Com Vítimas Feridas;Pleno dia;Decrescente;Céu Claro;Dupla;Reta;Não;1;0;0;1;0;0;1;1;-10,407305;-36,919152;SPRF-SE;DEL02-SE;UOP02-DEL02-SE
673983;16/04/2025;quarta-feira;07:20:00;DF;80;7;BRASILIA;Ultrapassagem Indevida;Colisão lateral mesmo sentido;Com Vítimas Fatais;Pleno dia;Crescente;Céu Claro;Simples;Reta;Não;6;2;0;1;2;3;1;6;-15,73073977;-48,18225861;SPRF-DF;DEL03-DF;UOP02-DEL03-DF
673986;16/04/2025;quarta-feira;05:40:00;MT;364;202;RONDONOPOLIS;Reação tardia ou ineficiente do condutor;Colisão traseira;Com Vítimas Feridas;Amanhecer;Crescente;Chuva;Dupla;"Reta;Ponte";Sim;4;0;0;1;2;6;1;9;-16,47741173;-54,65252459;SPRF-MT;DEL02-MT;UOP01-DEL02-MT
673989;16/04/2025;quarta-feira;08:05:00;MG;116;524,5;CARATINGA;Acessar a via sem observar a presença dos outros veículos;Colisão transversal;Com Vítimas Feridas;Pleno dia;Crescente;Garoa/Chuvisco;Simples;Reta;Sim;2;0;1;0;1;0;1;2;-19,7639766;-42,1320765;SPRF-MG;DEL06-MG;UOP02-DEL06-MG
673990;16/04/2025;quarta-feira;08:14:00;MG;116;274,6;TEOFILO OTONI;Acessar a via sem observar a presença dos outros veículos;Colisão transversal;Sem Vítimas;Pleno dia;Crescente;Nublado;Dupla;Reta;Sim;2;0;0;0;2;0;0;2;-17,840128;-41,513432;SPRF-MG;DEL11-MG;UOP01-DEL11-MG
673994;16/04/2025;quarta-feira;06:15:00;PR;376;313,5;ORTIGUEIRA;Velocidade Incompatível;Tombamento;Com Vítimas Feridas;Amanhecer;Crescente;Céu Claro;Dupla;"Curva;Declive";Não;2;0;1;1;0;0;2;1;-23,98091461;-51,08539581;SPRF-PR;DEL07-PR;UOP02-DEL07-PR
673995;16/04/2025;quarta-feira;08:30:00;ES;101;147;LINHARES;Condutor deixou de manter distância do veículo da frente;Colisão traseira;Com Vítimas Feridas;Pleno dia;Crescente;Céu Claro;Dupla;Reta;Não;4;0;2;0;2;0;2;3;-19,3916796;-40,06701447;SPRF-ES;DEL04-ES;UOP01-DEL04-ES
673996;16/04/2025;quarta-feira;08:20:00;RJ;116;175;SAO JOAO DE MERITI;Velocidade Incompatível;Colisão traseira;Com Vítimas Feridas;Pleno dia;Crescente;Céu Claro;Múltipla;Reta;Sim;4;0;1;0;3;0;1;3;-22,78789342;-43,37574005;SPRF-RJ;DEL06-RJ;UOP01-DEL06-RJ
673997;16/04/2025;quarta-feira;08:05:00;SP;116;72,6;APARECIDA;Chuva;Colisão transversal;Com Vítimas Feridas;Pleno dia;Crescente;Garoa/Chuvisco;Dupla;Reta;Não;2;0;1;0;1;0;1;2;-22,8582291;-45,2331869;SPRF-SP;DEL08-SP;UOP01-DEL08-SP
674000;16/04/2025;quarta-feira;07:40:00;SC;282;531,1;CORDILHEIRA ALTA;Transitar na contramão;Colisão lateral sentido oposto;Com Vítimas Feridas;Pleno dia;Crescente;Sol;Simples;Curva;Sim;2;0;0;1;1;0;1;2;-26,992025;-52,609827;SPRF-SC;DEL07-SC;UOP01-DEL07-SC
674002;16/04/2025;quarta-feira;09:00:00;ES;101;228,8;FUNDAO;Condutor deixou de manter distância do veículo da frente;Colisão traseira;Com Vítimas Feridas;Pleno dia;Crescente;Nublado;Simples;Reta;Não;6;0;2;0;4;0;2;4;-19,92707333;-40,40599;SPRF-ES;DEL02-ES;UOP01-DEL02-ES
674014;16/04/2025;quarta-feira;02:00:00;RN;405;13;MOSSORO;Demais falhas mecânicas ou elétricas;Saída de leito carroçável;Sem Vítimas;Amanhecer;Decrescente;Céu Claro;Simples;Reta;Não;1;0;0;0;1;0;0;1;-5,208003;-37,474077;SPRF-RN;DEL04-RN;UOP02-DEL04-RN
674015;16/04/2025;quarta-feira;08:10:00;MT;163;649;LUCAS DO RIO VERDE;Condutor deixou de manter distância do veículo da frente;Engavetamento;Com Vítimas Feridas;Pleno dia;Decrescente;Chuva;Simples;Reta;Não;4;0;2;0;1;6;2;9;-13,37694501;-56,08226717;SPRF-MT;DEL06-MT;UOP01-DEL06-MT
674017;17/02/2025;segunda-feira;15:20:00;SC;282;221,8;LAGES;Reação tardia ou ineficiente do condutor;Colisão lateral sentido oposto;Com Vítimas Feridas;Pleno dia;Crescente;Chuva;Simples;"Declive;Reta";Não;8;0;4;0;3;3;4;7;-27,796358;-50,343426;SPRF-SC;DEL05-SC;UOP01-DEL05-SC
674018;11/02/2025;terça-feira;12:10:00;AM;174;891;MANAUS;Velocidade Incompatível;Tombamento;Com Vítimas Feridas;Pleno dia;Crescente;Céu Claro;Simples;"Curva;Declive";Não;2;0;0;1;0;2;1;3;-2,91557503;-60,03880044;SPRF-AM;DEL01-AM;UOP01-DEL01-AM
674020;16/04/2025;quarta-feira;09:45:00;PB;230;381;CONDADO;Ultrapassagem Indevida;Colisão frontal;Com Vítimas Feridas;Pleno dia;Decrescente;Sol;Simples;Curva;Não;4;0;0;1;2;3;1;5;-6,907767;-37,674928;SPRF-PB;DEL03-PB;UOP02-DEL03-PB
675131;16/04/2025;quarta-feira;10:00:00;MG;116;488,9;INHAPIM;Estacionar ou parar em local proibido;Engavetamento;Com Vítimas Feridas;Pleno dia;Decrescente;Chuva;Simples;Curva;Não;5;0;2;0;2;1;2;4;-19,46771319;-42,13403065;SPRF-MG;DEL06-MG;UOP02-DEL06-MG
675491;04/04/2025;sexta-feira;08:00:00;RJ;116;103;GUAPIMIRIM;Problema com o freio;Tombamento;Com Vítimas Feridas;Pleno dia;Crescente;Nublado;Dupla;Curva;Não;3;0;1;1;0;1;2;2;-22,502609;-43,001106;SPRF-RJ;DEL04-RJ;UOP01-DEL04-RJ
675927;16/04/2025;quarta-feira;15:33:00;PA;316;63,5;CASTANHAL;Ausência de reação do condutor;Colisão traseira;Com Vítimas Feridas;Pleno dia;Decrescente;Céu Claro;Dupla;Reta;Sim;3;0;0;1;1;1;1;3;-1,296435;-47,924228;SPRF-PA;DEL01-PA;UOP01-DEL01-PA
675932;16/04/2025;quarta-feira;15:40:00;MG;40;528;CONTAGEM;Condutor deixou de manter distância do veículo da frente;Colisão com objeto;Com Vítimas Feridas;Pleno dia;Decrescente;Céu Claro;Dupla;Reta;Sim;2;0;0;1;0;1;1;2;-19,908714;-44,044805;SPRF-MG;DEL01-MG;UOP02-DEL01-MG
676291;16/04/2025;quarta-feira;15:35:00;MG;40;606,7;CONGONHAS;Acessar a via sem observar a presença dos outros veículos;Colisão transversal;Com Vítimas Feridas;Pleno dia;Crescente;Chuva;Simples;Interseção de Vias;Sim;4;0;0;1;2;1;1;3;-20,4757689;-43,84286162;SPRF-MG;DEL05-MG;UOP02-DEL05-MG
678338;16/04/2025;quarta-feira;11:45:00;SC;101;149,9;ITAPEMA;Ausência de reação do condutor;Colisão traseira;Com Vítimas Fatais;Pleno dia;Decrescente;Céu Claro;Dupla;Reta;Sim;2;1;0;0;1;0;0;2;-27,1151;-48,60947;SPRF-SC;DEL04-SC;UOP03-DEL04-SC
681980;16/04/2025;quarta-feira;17:45:00;CE;222;223,1;SOBRAL;Ingestão de álcool pelo condutor;Tombamento;Sem Vítimas;Plena Noite;Decrescente;Céu Claro;Simples;"Interseção de Vias;Rotatória";Sim;2;0;0;0;1;3;0;4;-3,712479;-40,342983;SPRF-CE;DEL04-CE;UOP01-DEL04-CE
681981;16/04/2025;quarta-feira;15:10:00;PI;343;624,9;FLORIANO;Transitar na contramão;Colisão lateral sentido oposto;Com Vítimas Feridas;Pleno dia;Crescente;Sol;Simples;Reta;Não;3;0;1;0;1;1;1;3;-6,967435;-43,243847;SPRF-PI;DEL03-PI;UOP01-DEL03-PI
681983;16/04/2025;quarta-feira;07:00:00;MS;60;128,8;PARAISO DAS AGUAS;Ausência de reação do condutor;Tombamento;Com Vítimas Feridas;Pleno dia;Crescente;Céu Claro;Simples;Reta;Não;2;0;1;0;0;1;1;2;-19,34559254;-53,49764313;SPRF-MS;DEL06-MS;UOP02-DEL06-MS
684304;13/03/2025;quinta-feira;22:35:00;RS;285;249,1;CIRIACO;Ingestão de álcool pelo condutor;Colisão lateral sentido oposto;Com Vítimas Feridas;Plena Noite;Decrescente;Nublado;Simples;Reta;Não;3;0;1;0;1;1;1;3;-28,26226633;-51,90656483;SPRF-RS;DEL08-RS;UOP03-DEL08-RS
684879;17/02/2025;segunda-feira;13:45:00;PE;423;118;PARANATAMA;Transitar na contramão;Colisão frontal;Com Vítimas Fatais;Pleno dia;Decrescente;Sol;Simples;"Aclive;Reta";Não;4;1;0;2;0;1;2;3;-8,90888501;-36,677759;SPRF-PE;DEL03-PE;UOP01-DEL03-PE
685314;17/04/2025;quinta-feira;05:15:00;RS;392;704,5;PORTO XAVIER;Reação tardia ou ineficiente do condutor;Saída de leito carroçável;Sem Vítimas;Amanhecer;Decrescente;Céu Claro;Simples;Curva;Não;1;0;0;0;1;0;0;1;-27,98730982;-55,13372714;SPRF-RS;DEL10-RS;UOP01-DEL10-RS
685317;17/04/2025;quinta-feira;09:55:00;MT;364;315,5;CAMPO VERDE;Demais falhas mecânicas ou elétricas;Incêndio;Sem Vítimas;Pleno dia;Decrescente;Céu Claro;Dupla;Reta;Não;1;0;0;0;1;0;0;1;-15,807269;-55,302551;SPRF-MT;DEL05-MT;UOP02-DEL05-MT
685318;17/04/2025;quinta-feira;10:38:00;RS;448;11;CANOAS;Reação tardia ou ineficiente do condutor;Colisão lateral mesmo sentido;Com Vítimas Feridas;Pleno dia;Crescente;Céu Claro;Múltipla;Reta;Sim;4;0;1;0;2;1;1;3;-29,89192453;-51,2422009;SPRF-RS;DEL01-RS;UOP01-DEL01-RS
685320;17/04/2025;quinta-feira;08:50:00;MG;116;354,4;JAMPRUCA;Ausência de reação do condutor;Colisão frontal;Com Vítimas Fatais;Pleno dia;Decrescente;Chuva;Simples;Reta;Não;4;2;0;1;1;0;1;2;-18,42109;-41,827902;SPRF-MG;DEL11-MG;UOP01-DEL11-MG
685332;17/04/2025;quinta-feira;07:10:00;ES;101;284,5;CARIACICA;Pista Escorregadia;Colisão lateral mesmo sentido;Com Vítimas Feridas;Pleno dia;Decrescente;Chuva;Dupla;"Curva;Declive";Sim;4;0;0;2;1;1;2;3;-20,244866;-40,369797;SPRF-ES;DEL01-ES;UOP01-DEL01-ES
685337;12/04/2025;sábado;06:30:00;MT;364;561;NOBRES;Demais falhas mecânicas ou elétricas;Incêndio;Sem Vítimas;Pleno dia;Decrescente;Céu Claro;Dupla;"Reta;Viaduto";Não;2;0;0;0;1;14;0;15;-14,74267895;-56,32209778;SPRF-MT;DEL01-MT;UOP01-DEL01-MT
685339;17/04/2025;quinta-feira;09:00:00;SE;101;124,5;ITAPORANGA DAJUDA;Reação tardia ou ineficiente do condutor;Saída de leito carroçável;Com Vítimas Feridas;Pleno dia;Crescente;Céu Claro;Dupla;"Curva;Declive";Não;2;0;0;1;0;1;1;2;-11,05430015;-37,36514032;SPRF-SE;DEL02-SE;UOP01-DEL02-SE
685340;16/04/2025;quarta-feira;22:25:00;MG;153;25;CENTRALINA;Demais falhas mecânicas ou elétricas;Colisão traseira;Com Vítimas Feridas;Plena Noite;Crescente;Céu Claro;Dupla;Reta;Não;4;0;2;0;1;1;2;3;-18,642982;-49,177136;SPRF-MG;DEL15-MG;UOP03-DEL15-MG
685341;17/04/2025;quinta-feira;07:50:00;PR;116;102,3;SAO JOSE DOS PINHAIS;Condutor deixou de manter distância do veículo da frente;Engavetamento;Com Vítimas Feridas;Pleno dia;Decrescente;Nublado;Dupla;"Reta;Viaduto";Sim;3;0;1;0;2;0;1;3;-25,569118;-49,181578;SPRF-PR;DEL01-PR;UOP07-DEL01-PR
685344;17/04/2025;quinta-feira;08:30:00;GO;20;209;POSSE;Velocidade Incompatível;Colisão com objeto;Sem Vítimas;Pleno dia;Decrescente;Céu Claro;Simples;"Reta;Aclive";Não;2;0;0;0;1;1;0;2;-14,2;-46,3;SPRF-DF;DEL02-DF;UOP03-DEL02-DF
685354;17/04/2025;quinta-feira;07:20:00;PE;101;47,2;IGARASSU;Ausência de reação do condutor;Colisão traseira;Com Vítimas Fatais;Pleno dia;Crescente;Céu Claro;Múltipla;Reta;Não;4;1;2;0;0;1;2;3;-7,885025;-34,904635;SPRF-PE;DEL01-PE;UOP02-DEL01-PE
685363;17/04/2025;quinta-feira;09:30:00;PE;407;127;PETROLINA;Condutor deixou de manter distância do veículo da frente;Colisão traseira;Com Vítimas Feridas;Pleno dia;Decrescente;Céu Claro;Simples;Reta;Sim;4;0;1;0;3;0;1;3;-9,391996;-40,516821;SPRF-PE;DEL06-PE;UOP01-DEL06-PE
685365;17/04/2025;quinta-feira;06:00:00;MG;267;170,9;LIMA DUARTE;Reação tardia ou ineficiente do condutor;Colisão lateral sentido oposto;Com Vítimas Feridas;Amanhecer;Decrescente;Ignorado;Simples;Reta;Não;3;0;1;0;2;0;1;2;-21,85941267;-43,86171341;SPRF-MG;DEL05-MG;UOP01-DEL05-MG
685377;17/04/2025;quinta-feira;09:30:00;BA;324;623;SALVADOR;Trafegar com motocicleta (ou similar) entre as faixas;Colisão lateral mesmo sentido;Com Vítimas Feridas;Pleno dia;Decrescente;Céu Claro;Dupla;"Reta;Aclive";Não;2;0;0;1;1;0;1;2;-12,94178741;-38,47052479;SPRF-BA;DEL01-BA;UOP01-DEL01-BA
685386;17/04/2025;quinta-feira;10:00:00;SC;163;71,1;SAO MIGUEL DO OESTE;Transitar no Acostamento;Colisão transversal;Com Vítimas Feridas;Pleno dia;Crescente;Céu Claro;Simples;"Reta;Declive";Sim;2;0;0;1;1;0;1;2;-26,70880383;-53,51435065;SPRF-SC;DEL07-SC;UOP03-DEL07-SC
685388;16/03/2025;domingo;16:00:00;PR;163;19;BOM JESUS DO SUL;Acessar a via sem observar a presença dos outros veículos;Colisão transversal;Sem Vítimas;Pleno dia;Crescente;Céu Claro;Simples;Aclive;Sim;3;0;0;0;2;1;0;3;-26,180047;-53,664167;SPRF-PR;DEL02-PR;UOP02-DEL02-PR
685389;17/04/2025;quinta-feira;12:30:00;ES;101;401,3;ITAPEMIRIM;Velocidade Incompatível;Tombamento;Com Vítimas Feridas;Pleno dia;Decrescente;Garoa/Chuvisco;Simples;"Curva;Declive";Não;2;0;1;0;0;1;1;2;-20,8837865;-40,9800922;SPRF-ES;DEL03-ES;UOP02-DEL03-ES
685397;17/04/2025;quinta-feira;12:20:00;SC;101;94;BARRA VELHA;Reação tardia ou ineficiente do condutor;Engavetamento;Com Vítimas Feridas;Pleno dia;Crescente;Sol;Múltipla;Declive;Não;7;0;4;0;2;1;4;5;-26,70472872;-48,70058276;SPRF-SC;DEL03-SC;UOP02-DEL03-SC
685404;17/04/2025;quinta-feira;12:15:00;MG;40;530,8;BELO HORIZONTE;Reação tardia ou ineficiente do condutor;Colisão traseira;Com Vítimas Feridas;Pleno dia;Decrescente;Céu Claro;Simples;Reta;Sim;2;0;0;1;1;0;1;2;-19,919052;-44,0253779;SPRF-MG;DEL01-MG;UOP02-DEL01-MG
685406;17/04/2025;quinta-feira;10:10:00;RS;290;180,8;MINAS DO LEAO;Reação tardia ou ineficiente do condutor;Colisão traseira;Com Vítimas Feridas;Pleno dia;Decrescente;Sol;Simples;"Em Obras;Declive";Não;3;0;0;1;1;2;1;4;-30,13971719;-52,02148307;SPRF-RS;DEL02-RS;UOP03-DEL02-RS
685409;17/04/2025;quinta-feira;12:00:00;RJ;116;96;GUAPIMIRIM;Demais falhas mecânicas ou elétricas;Incêndio;Sem Vítimas;Pleno dia;Decrescente;Céu Claro;Simples;Reta;Sim;1;0;0;0;1;0;0;1;-22,47672763;-42,99757892;SPRF-RJ;DEL04-RJ;UOP01-DEL04-RJ
685413;17/04/2025;quinta-feira;03:00:00;BA;101;23;RIO REAL;Condutor Dormindo;Colisão traseira;Com Vítimas Fatais;Plena Noite;Decrescente;Céu Claro;Dupla;"Reta;Aclive";Não;2;1;0;0;0;1;0;2;-11,684148;-37,901017;SPRF-SE;DEL02-SE;UOP03-DEL02-SE
685423;17/04/2025;quinta-feira;13:20:00;PB;230;175,5;CAMPINA GRANDE;Ausência de reação do condutor;Colisão traseira;Com Vítimas Feridas;Pleno dia;Decrescente;Céu Claro;Simples;"Reta;Aclive";Não;2;0;1;0;1;0;1;2;-7,176358;-36,027415;SPRF-PB;DEL02-PB;UOP02-DEL02-PB
685426;17/04/2025;quinta-feira;06:30:00;SC;101;73,7;ARAQUARI;Pedestre cruzava a pista fora da faixa;Atropelamento de Pedestre;Com Vítimas Fatais;Amanhecer;Crescente;Céu Claro;Dupla;Reta;Sim;3;1;0;0;1;1;0;3;-26,5423142;-48,712062;SPRF-SC;DEL03-SC;UOP02-DEL03-SC
685428;17/04/2025;quinta-feira;13:50:00;MG;251;470;FRANCISCO SA;Condutor deixou de manter distância do veículo da frente;Colisão traseira;Com Vítimas Feridas;Pleno dia;Crescente;Chuva;Simples;"Curva;Declive";Não;3;0;1;0;1;1;1;3;-16,4765158;-43,5004788;SPRF-MG;DEL12-MG;UOP01-DEL12-MG
685432;17/04/2025;quinta-feira;15:00:00;RS;290;89,5;PORTO ALEGRE;Reação tardia ou ineficiente do condutor;Colisão lateral mesmo sentido;Sem Vítimas;Pleno dia;Decrescente;Céu Claro;Múltipla;Reta;Não;3;0;0;0;2;1;0;3;-29,96868421;-51,14510447;SPRF-RS;DEL01-RS;UOP01-DEL01-RS
685434;17/04/2025;quinta-feira;09:25:00;PR;376;605;CURITIBA;Trafegar com motocicleta (ou similar) entre as faixas;Colisão lateral mesmo sentido;Com Vítimas Feridas;Pleno dia;Decrescente;Nublado;Dupla;Reta;Sim;2;0;1;0;1;0;1;2;-25,54086267;-49,31071389;SPRF-PR;DEL01-PR;UOP06-DEL01-PR
685440;31/03/2025;segunda-feira;05:20:00;DF;70;10,8;BRASILIA;Condutor deixou de manter distância do veículo da frente;Colisão traseira;Com Vítimas Feridas;Amanhecer;Decrescente;Céu Claro;Dupla;"Retorno Regulamentado;Reta";Sim;3;0;1;0;1;1;1;3;-15,79742012;-48,17540824;SPRF-DF;DEL03-DF;UOP02-DEL03-DF
685444;16/04/2025;quarta-feira;12:10:00;MG;262;358;BETIM;Demais falhas mecânicas ou elétricas;Colisão traseira;Com Vítimas Feridas;Pleno dia;Crescente;Chuva;Dupla;"Curva;Declive";Não;3;0;1;1;1;0;2;2;-19,98375;-44,244275;SPRF-MG;DEL01-MG;UOP03-DEL01-MG
685445;16/04/2025;quarta-feira;19:30:00;MG;365;694;MONTE ALEGRE DE MINAS;Demais falhas mecânicas ou elétricas;Incêndio;Sem Vítimas;Plena Noite;Crescente;Céu Claro;Dupla;Reta;Não;2;0;0;0;1;3;0;4;-18,877744;-48,937284;SPRF-MG;DEL15-MG;UOP03-DEL15-MG
685450;16/04/2025;quarta-feira;18:30:00;MG;381;537;ITATIAIUCU;Reação tardia ou ineficiente do condutor;Colisão traseira;Com Vítimas Feridas;Plena Noite;Crescente;Nublado;Dupla;Reta;Não;7;0;2;0;4;2;2;5;-20,202014;-44,387676;SPRF-MG;DEL04-MG;UOP03-DEL04-MG
685455;17/04/2025;quinta-feira;16:00:00;SC;470;94;APIUNA;Condutor Dormindo;Colisão lateral sentido oposto;Com Vítimas Feridas;Pleno dia;Decrescente;Céu Claro;Simples;Reta;Sim;4;0;1;0;3;0;1;4;-27,03610919;-49,38952357;SPRF-SC;DEL04-SC;UOP01-DEL04-SC
685458;17/04/2025;quinta-feira;16:30:00;SC;480;125,5;CHAPECO;Desrespeitar a preferência no cruzamento;Colisão transversal;Com Vítimas Feridas;Pleno dia;Decrescente;Sol;Simples;"Retorno Regulamentado;Interseção de Vias;Reta;Túnel;Declive";Não;2;0;1;0;1;0;1;2;-27,01550133;-52,63801932;SPRF-SC;DEL07-SC;UOP01-DEL07-SC
685462;17/04/2025;quinta-feira;12:40:00;RJ;356;49;ITAPERUNA;Ausência de reação do condutor;Tombamento;Com Vítimas Feridas;Pleno dia;Crescente;Céu Claro;Simples;Curva;Não;2;0;1;0;0;1;1;2;-21,25348;-41,78280093;SPRF-RJ;DEL08-RJ;UOP03-DEL08-RJ
685469;16/04/2025;quarta-feira;19:05:00;ES;262;150,7;IBATIBA;Reação tardia ou ineficiente do condutor;Colisão traseira;Com Vítimas Feridas;Plena Noite;Crescente;Nevoeiro/Neblina;Simples;"Declive;Curva";Não;3;0;1;0;1;1;1;3;-20,21485;-41,448973;SPRF-ES;DEL01-ES;UOP02-DEL01-ES
685483;17/04/2025;quinta-feira;17:00:00;PR;116;47;CAMPINA GRANDE DO SUL;Ausência de reação do condutor;Colisão transversal;Com Vítimas Feridas;Anoitecer;Crescente;Nublado;Dupla;Retorno Regulamentado;Não;4;0;2;0;1;1;2;3;-25,215361;-48,902804;SPRF-PR;DEL01-PR;UOP02-DEL01-PR
685485;16/04/2025;quarta-feira;18:30:00;RS;116;154,1;CAXIAS DO SUL;Demais falhas mecânicas ou elétricas;Colisão com objeto;Com Vítimas Feridas;Anoitecer;Crescente;Nublado;Simples;Interseção de Vias;Sim;4;0;0;2;1;1;2;4;-29,19256966;-51,18005341;SPRF-RS;DEL05-RS;UOP01-DEL05-RS
685497;17/04/2025;quinta-feira;18:00:00;SP;116;129;CACAPAVA;Ingestão de álcool pelo condutor;Colisão com objeto;Sem Vítimas;Plena Noite;Crescente;Nublado;Dupla;Reta;Não;3;0;0;0;3;0;0;3;-23,12065617;-45,72346553;SPRF-SP;DEL02-SP;UOP02-DEL02-SP
685502;17/04/2025;quinta-feira;16:00:00;PE;101;136;ESCADA;Ausência de reação do condutor;Tombamento;Sem Vítimas;Pleno dia;Decrescente;Céu Claro;Dupla;Curva;Não;1;0;0;0;1;0;0;1;-8,41409;-35,30985;SPRF-PE;DEL01-PE;UOP03-DEL01-PE
685504;17/04/2025;quinta-feira;19:00:00;MG;459;84,1;CONGONHAL;Ausência de reação do condutor;Colisão traseira;Com Vítimas Fatais;Plena Noite;Crescente;Nublado;Simples;Reta;Não;2;1;0;0;1;0;0;2;-22,155097;-46,07617;SPRF-MG;DEL09-MG;UOP01-DEL09-MG
685523;17/04/2025;quinta-feira;00:30:00;SC;101;314,2;LAGUNA;Ultrapassagem Indevida;Colisão traseira;Com Vítimas Feridas;Plena Noite;Crescente;Céu Claro;Dupla;"Reta;Ponte";Não;5;0;3;0;2;0;3;2;-28,43263626;-48,84683825;SPRF-SC;DEL02-SC;UOP01-DEL02-SC
685533;17/04/2025;quinta-feira;14:45:00;MT;70;519,2;VARZEA GRANDE;Acessar a via sem observar a presença dos outros veículos;Queda de ocupante de veículo;Com Vítimas Feridas;Pleno dia;Decrescente;Céu Claro;Simples;Reta;Sim;2;0;1;0;1;0;1;2;-15,68645;-56,17097;SPRF-MT;DEL01-MT;UOP02-DEL01-MT
685537;17/04/2025;quinta-feira;20:00:00;MG;381;483,7;BETIM;Manobra de mudança de faixa;Colisão lateral mesmo sentido;Com Vítimas Feridas;Plena Noite;Crescente;Céu Claro;Dupla;"Reta;Declive";Não;2;0;1;0;1;0;1;2;-19,95956859;-44,08586914;SPRF-MG;DEL01-MG;UOP03-DEL01-MG