id;data_inversa;dia_semana;horario;uf;br;km;municipio;causa_acidente;tipo_acidente;classificacao_acidente;fase_dia;sentido_via;condicao_metereologica;tipo_pista;tracado_via;uso_solo;pessoas;mortos;feridos_leves;feridos_graves;ilesos;ignorados;feridos;veiculos;latitude;longitude;regional;delegacia;uop
686044;19/04/2025;sábado;19:05:00;MG;40;459,7;SETE LAGOAS;Pista esburacada;Tombamento;Sem Vítimas;Anoitecer;Crescente;Nublado;Dupla;Curva;Não;1;0;0;0;1;0;0;1;-19,4099353;-44,3346631;SPRF-MG;DEL02-MG;UOP01-DEL02-MG
686064;19/04/2025;sábado;20:30:00;PE;116;80,1;CABROBO;Ausência de reação do condutor;Saída de leito carroçável;Com Vítimas Feridas;Plena Noite;Crescente;Céu Claro;Simples;Reta;Não;1;0;1;0;0;0;1;1;-8,526633;-39,218987;SPRF-PE;DEL05-PE;UOP03-DEL05-PE
686087;20/04/2025;domingo;01:50:00;SC;470;141,8;RIO DO SUL;Acessar a via sem observar a presença dos outros veículos;Colisão transversal;Com Vítimas Fatais;Plena Noite;Decrescente;Nublado;Simples;"Reta;Declive";Sim;4;1;0;0;1;3;0;5;-27,2107975;-49,65170293;SPRF-SC;DEL04-SC;UOP02-DEL04-SC
686097;20/04/2025;domingo;05:15:00;PB;230;66,3;SAO MIGUEL DE TAIPU;Demais falhas mecânicas ou elétricas;Saída de leito carroçável;Sem Vítimas;Amanhecer;Crescente;Chuva;Dupla;"Reta;Retorno Regulamentado";Não;2;0;0;0;1;1;0;2;-7,18618485;-35,19326448;SPRF-PB;DEL01-PB;UOP02-DEL01-PB
686104;20/04/2025;domingo;03:50:00;CE;222;241;SOBRAL;Ingestão de álcool pelo condutor;Colisão transversal;Com Vítimas Feridas;Plena Noite;Crescente;Nublado;Simples;Curva;Não;5;0;2;1;1;1;3;3;-3,74233972;-40,49799398;SPRF-CE;DEL04-CE;UOP01-DEL04-CE
686107;20/04/2025;domingo;05:40:00;GO;153;29;PORANGATU;Ingestão de álcool pelo condutor;Colisão lateral sentido oposto;Sem Vítimas;Pleno dia;Decrescente;Céu Claro;Simples;Reta;Não;3;0;0;0;2;2;0;4;-13,08409;-49,19121;SPRF-GO;DEL07-GO;UOP01-DEL07-GO
686117;16/04/2025;quarta-feira;23:30:00;SP;116;501;CAJATI;Reação tardia ou ineficiente do condutor;Incêndio;Sem Vítimas;Plena Noite;Crescente;Céu Claro;Simples;Reta;Não;2;0;0;0;1;1;0;2;-24,77859381;-48,1923679;SPRF-SP;DEL05-SP;UOP02-DEL05-SP
686123;16/04/2025;quarta-feira;15:10:00;MG;262;41,5;MANHUACU;Condutor deixou de manter distância do veículo da frente;Colisão traseira;Com Vítimas Feridas;Pleno dia;Decrescente;Chuva;Simples;"Reta;Declive";Não;3;0;1;0;2;0;1;3;-20,269487;-42,070555;SPRF-MG;DEL06-MG;UOP03-DEL06-MG
686124;20/04/2025;domingo;02:40:00;MA;226;15,3;TIMON;Animais na Pista;Atropelamento de Animal;Com Vítimas Feridas;Plena Noite;Decrescente;Céu Claro;Simples;Reta;Não;7;0;1;0;6;0;1;3;-5,103093;-42,942493;SPRF-MA;DEL03-MA;UOP02-DEL03-MA
686125;16/04/2025;quarta-feira;23:50:00;PR;376;445,5;TIBAGI;Reação tardia ou ineficiente do condutor;Colisão traseira;Com Vítimas Feridas;Plena Noite;Crescente;Céu Claro;Dupla;Curva;Não;4;0;1;0;3;0;1;3;-24,84965;-50,464928;SPRF-PR;DEL03-PR;UOP02-DEL03-PR
686137;16/04/2025;quarta-feira;12:29:00;MT;364;323;SANTO ANTONIO DO LEVERGER;Acumulo de água sobre o pavimento;Saída de leito carroçável;Sem Vítimas;Pleno dia;Crescente;Chuva;Dupla;Reta;Não;4;0;0;0;4;0;0;1;-15,8122355;-55,36696001;SPRF-MT;DEL05-MT;UOP02-DEL05-MT
686138;16/04/2025;quarta-feira;15:30:00;MG;262;547,3;LUZ;Velocidade Incompatível;Colisão lateral sentido oposto;Com Vítimas Feridas;Pleno dia;Crescente;Chuva;Simples;"Declive;Curva";Não;3;0;1;0;1;2;1;4;-19,724489;-45,870966;SPRF-MG;DEL08-MG;UOP02-DEL08-MG
686143;16/04/2025;quarta-feira;11:45:00;MG;381;541,3;ITATIAIUCU;Ausência de reação do condutor;Saída de leito carroçável;Com Vítimas Feridas;Pleno dia;Decrescente;Chuva;Dupla;"Reta;Declive";Não;7;0;1;0;5;1;1;4;-20,23532;-44,405518;SPRF-MG;DEL04-MG;UOP03-DEL04-MG
686150;10/04/2025;quinta-feira;20:30:00;PA;163;392;ITAITUBA;Reação tardia ou ineficiente do condutor;Colisão frontal;Com Vítimas Fatais;Plena Noite;Crescente;Ignorado;Simples;Reta;Não;3;1;0;0;2;0;0;3;-6,365052;-55,571465;SPRF-PA;DEL05-PA;UOP03-DEL05-PA
686153;16/04/2025;quarta-feira;17:45:00;SP;116;219;GUARULHOS;Trafegar com motocicleta (ou similar) entre as faixas;Colisão traseira;Com Vítimas Feridas;Anoitecer;Decrescente;Nublado;Múltipla;Reta;Sim;3;0;1;0;1;1;1;3;-23,46130346;-46,48907401;SPRF-SP;DEL01-SP;UOP01-DEL01-SP
686157;16/04/2025;quarta-feira;23:00:00;SC;101;87;BARRA VELHA;Acesso irregular;Colisão traseira;Com Vítimas Feridas;Plena Noite;Decrescente;Céu Claro;Múltipla;Reta;Não;2;0;0;1;0;1;1;2;-26,6256123;-48,71163333;SPRF-SC;DEL03-SC;UOP02-DEL03-SC
686160;16/04/2025;quarta-feira;23:10:00;SP;116;322;JUQUITIBA;Entrada inopinada do pedestre;Atropelamento de Pedestre;Com Vítimas Fatais;Plena Noite;Crescente;Céu Claro;Dupla;Reta;Não;3;1;0;0;1;1;0;3;-23,936243;-47,035291;SPRF-SP;DEL04-SP;UOP03-DEL04-SP
686165;16/04/2025;quarta-feira;19:00:00;RJ;116;137;MAGE;Reação tardia ou ineficiente do condutor;Colisão com objeto;Com Vítimas Feridas;Plena Noite;Crescente;Céu Claro;Múltipla;Reta;Não;2;0;1;0;1;0;1;1;-22,64700692;-43,18928361;SPRF-RJ;DEL04-RJ;UOP02-DEL04-RJ
686167;17/04/2025;quinta-feira;23:00:00;RJ;116;103;GUAPIMIRIM;Demais falhas mecânicas ou elétricas;Saída de leito carroçável;Com Vítimas Feridas;Plena Noite;Crescente;Céu Claro;Simples;"Curva;Declive";Não;2;0;2;0;0;0;2;1;-22,502235;-43,001121;SPRF-RJ;DEL04-RJ;UOP01-DEL04-RJ
686175;16/04/2025;quarta-feira;12:30:00;SP;116;114;TAUBATE;Reação tardia ou ineficiente do condutor;Colisão lateral mesmo sentido;Com Vítimas Feridas;Pleno dia;Crescente;Nublado;Dupla;Reta;Sim;3;0;1;0;1;1;1;3;-23,04760568;-45,59301934;SPRF-SP;DEL02-SP;UOP02-DEL02-SP
686185;20/04/2025;domingo;11:20:00;MG;381;491,1;BETIM;Manobra de mudança de faixa;Colisão lateral mesmo sentido;Com Vítimas Feridas;Pleno dia;Decrescente;Céu Claro;Múltipla;Reta;Sim;4;0;2;0;1;1;2;3;-19,9591138;-44,1519383;SPRF-MG;DEL01-MG;UOP03-DEL01-MG
686188;20/04/2025;domingo;10:35:00;SP;116;86,8;PINDAMONHANGABA;Velocidade Incompatível;Engavetamento;Com Vítimas Feridas;Pleno dia;Crescente;Nublado;Múltipla;Reta;Sim;8;0;2;0;5;2;2;7;-22,92925;-45,359142;SPRF-SP;DEL08-SP;UOP01-DEL08-SP
686191;20/04/2025;domingo;12:00:00;MG;381;369;SAO GONCALO DO RIO ABAIXO;Velocidade Incompatível;Colisão frontal;Com Vítimas Feridas;Pleno dia;Crescente;Céu Claro;Simples;Curva;Não;6;0;4;1;0;1;5;4;-19,848175;-43,252918;SPRF-MG;DEL03-MG;UOP01-DEL03-MG
686201;20/04/2025;domingo;09:20:00;GO;20;208;SIMOLANDIA;Ultrapassagem Indevida;Colisão lateral mesmo sentido;Com Vítimas Feridas;Pleno dia;Crescente;Céu Claro;Simples;"Aclive;Curva";Não;9;0;2;3;3;4;5;8;-14,40410769;-46,45122036;SPRF-DF;DEL02-DF;UOP03-DEL02-DF
686209;20/04/2025;domingo;13:40:00;RN;101;31;RIO DO FOGO;Mal súbito do condutor;Saída de leito carroçável;Com Vítimas Feridas;Pleno dia;Decrescente;Céu Claro;Simples;Reta;Não;1;0;0;1;0;0;1;1;-5,376241;-35,372841;SPRF-RN;DEL02-RN;UOP01-DEL02-RN
686213;20/04/2025;domingo;13:55:00;AL;101;210;SAO SEBASTIAO;Ultrapassagem Indevida;Colisão lateral mesmo sentido;Com Vítimas Fatais;Pleno dia;Crescente;Céu Claro;Simples;"Reta;Em Obras";Não;3;1;0;0;1;1;0;3;-10,00382812;-36,60798526;SPRF-AL;DEL02-AL;UOP02-DEL02-AL
686217;20/04/2025;domingo;14:40:00;SP;116;389;MIRACATU;Estacionar ou parar em local proibido;Colisão traseira;Com Vítimas Feridas;Pleno dia;Crescente;Nublado;Dupla;Reta;Sim;3;0;0;1;1;2;1;4;-24,2675689;-47,3932462;SPRF-SP;DEL04-SP;UOP02-DEL04-SP
686225;16/04/2025;quarta-feira;11:00:00;MS;60;427;SIDROLANDIA;Acessar a via sem observar a presença dos outros veículos;Colisão transversal;Sem Vítimas;Pleno dia;Crescente;Nublado;Simples;Reta;Sim;2;0;0;0;2;0;0;2;-20,946941;-54,96855172;SPRF-MS;DEL01-MS;UOP04-DEL01-MS
686229;20/04/2025;domingo;15:32:00;RN;304;113;ACU;Acessar a via sem observar a presença dos outros veículos;Colisão traseira;Com Vítimas Feridas;Pleno dia;Crescente;Chuva;Simples;"Reta;Interseção de Vias";Sim;8;0;2;1;4;1;3;3;-5,609126;-36,906315;SPRF-RN;DEL04-RN;UOP01-DEL04-RN
686239;20/04/2025;domingo;14:15:00;MT;163;779;SORRISO;Demais falhas mecânicas ou elétricas;Saída de leito carroçável;Com Vítimas Feridas;Pleno dia;Decrescente;Sol;Simples;"Reta;Em Obras";Não;5;0;2;0;2;2;2;4;-12,34431;-55,593432;SPRF-MT;DEL06-MT;UOP02-DEL06-MT
686243;16/04/2025;quarta-feira;20:03:00;PE;101;81;JABOATAO DOS GUARARAPES;Manobra de mudança de faixa;Colisão lateral mesmo sentido;Com Vítimas Feridas;Plena Noite;Decrescente;Céu Claro;Dupla;Curva;Sim;3;0;1;0;2;0;1;2;-8,171055;-34,937735;SPRF-PE;DEL01-PE;UOP01-DEL01-PE
686244;20/04/2025;domingo;15:45:00;SC;101;237,5;PALHOCA;Reação tardia ou ineficiente do condutor;Colisão lateral mesmo sentido;Sem Vítimas;Anoitecer;Decrescente;Nublado;Dupla;"Reta;Aclive";Sim;2;0;0;0;2;0;0;2;-27,83966;-48,63262;SPRF-SC;DEL01-SC;UOP02-DEL01-SC
686247;20/04/2025;domingo;15:20:00;PR;153;349;REBOUCAS;Acessar a via sem observar a presença dos outros veículos;Colisão transversal;Com Vítimas Feridas;Pleno dia;Decrescente;Sol;Simples;"Reta;Declive";Sim;4;0;1;0;3;0;1;2;-25,60702;-50,69737;SPRF-PR;DEL08-PR;UOP02-DEL08-PR
686249;16/04/2025;quarta-feira;14:35:00;ES;101;276,4;SERRA;Ausência de reação do condutor;Colisão traseira;Com Vítimas Feridas;Pleno dia;Decrescente;Céu Claro;Dupla;Retorno Regulamentado;Não;3;0;0;1;1;1;1;3;-20,209263;-40,315953;SPRF-ES;DEL02-ES;UOP01-DEL02-ES
686255;04/04/2025;sexta-feira;23:50:00;MT;364;542;ROSARIO OESTE;Acessar a via sem observar a presença dos outros veículos;Colisão transversal;Com Vítimas Feridas;Plena Noite;Crescente;Nublado;Simples;Aclive;Não;4;0;1;1;1;3;2;5;-14,83617435;-56,43573761;SPRF-MT;DEL01-MT;UOP01-DEL01-MT
686264;20/04/2025;domingo;15:10:00;RJ;40;94;PETROPOLIS;Pista Escorregadia;Engavetamento;Com Vítimas Feridas;Pleno dia;Crescente;Chuva;Dupla;"Declive;Curva";Não;4;0;1;0;3;0;1;4;-22,54264951;-43,22356087;SPRF-RJ;DEL01-RJ;UOP01-DEL01-RJ
686268;20/04/2025;domingo;17:15:00;MG;381;530,9;RIO MANSO;Ausência de reação do condutor;Colisão lateral mesmo sentido;Com Vítimas Feridas;Pleno dia;Crescente;Céu Claro;Dupla;Curva;Não;4;0;2;0;2;0;2;2;-20,162843;-44,356908;SPRF-MG;DEL04-MG;UOP03-DEL04-MG
686287;16/04/2025;quarta-feira;18:47:00;BA;324;2;FEIRA DE SANTANA;Acesso irregular;Colisão frontal;Com Vítimas Feridas;Plena Noite;Decrescente;Céu Claro;Simples;Reta;Sim;4;0;1;1;1;1;2;3;-12,27979664;-38,92298808;SPRF-BA;DEL02-BA;UOP01-DEL02-BA
686303;20/04/2025;domingo;15:15:00;MS;163;564,7;BANDEIRANTES;Demais falhas mecânicas ou elétricas;Incêndio;Sem Vítimas;Pleno dia;Crescente;Nublado;Simples;"Reta;Declive";Não;2;0;0;0;1;3;0;4;-19,7747946;-54,3628383;SPRF-MS;DEL01-MS;UOP02-DEL01-MS
686309;20/04/2025;domingo;21:20:00;PE;232;189;SANHARO;Transitar na contramão;Colisão frontal;Com Vítimas Fatais;Plena Noite;Crescente;Céu Claro;Simples;Reta;Não;2;1;0;0;1;0;0;2;-8,356001;-36,515189;SPRF-PE;DEL03-PE;UOP02-DEL03-PE
686310;20/04/2025;domingo;18:20:00;MS;487;29;ITAQUIRAI;Ingestão de álcool pelo condutor;Colisão frontal;Com Vítimas Feridas;Plena Noite;Crescente;Céu Claro;Simples;Reta;Não;2;0;0;1;0;1;1;2;-23,252114;-53,943487;SPRF-MS;DEL09-MS;UOP01-DEL09-MS
686315;20/04/2025;domingo;18:30:00;SC;280;225,7;TRES BARRAS;Pedestre andava na pista;Atropelamento de Pedestre;Com Vítimas Fatais;Anoitecer;Crescente;Ignorado;Simples;Reta;Não;3;1;0;0;1;1;0;3;-26,180782;-50,320962;SPRF-SC;DEL06-SC;UOP04-DEL06-SC
686327;20/04/2025;domingo;22:00:00;BA;101;534;SAO JOSE DA VITORIA;Velocidade Incompatível;Tombamento;Com Vítimas Feridas;Plena Noite;Decrescente;Céu Claro;Simples;"Declive;Curva";Não;2;0;2;0;0;0;2;1;-15,03361;-39,331088;SPRF-BA;DEL05-BA;UOP01-DEL05-BA
686331;20/04/2025;domingo;22:15:00;MG;116;376;MATHIAS LOBATO;Ausência de reação do condutor;Colisão lateral sentido oposto;Sem Vítimas;Plena Noite;Decrescente;Ignorado;Simples;Reta;Sim;3;0;0;0;1;2;0;3;-18,575761;-41,91808;SPRF-MG;DEL06-MG;UOP01-DEL06-MG
686339;20/04/2025;domingo;19:16:00;CE;222;301;TIANGUA;Problema com o freio;Atropelamento de Pedestre;Com Vítimas Fatais;Plena Noite;Crescente;Céu Claro;Simples;"Aclive;Reta";Não;2;1;0;0;0;1;0;2;-3,65365112;-40,93214035;SPRF-CE;DEL04-CE;UOP02-DEL04-CE
686342;20/04/2025;domingo;23:40:00;RS;293;182,5;BAGE;Reação tardia ou ineficiente do condutor;Colisão traseira;Com Vítimas Fatais;Plena Noite;Decrescente;Céu Claro;Simples;"Reta;Aclive";Não;4;2;0;0;1;1;0;3;-31,2885698;-54,074471;SPRF-RS;DEL11-RS;UOP03-DEL11-RS
686344;20/04/2025;domingo;23:40:00;SC;282;222,4;LAGES;Transitar na contramão;Colisão lateral sentido oposto;Com Vítimas Feridas;Plena Noite;Decrescente;Garoa/Chuvisco;Dupla;Curva;Não;5;0;2;2;0;1;4;3;-27,823864;-50,337378;SPRF-SC;DEL05-SC;UOP01-DEL05-SC
686346;20/04/2025;domingo;23:00:00;GO;153;321;RIANAPOLIS;Ingestão de álcool pelo condutor;Saída de leito carroçável;Com Vítimas Feridas;Plena Noite;Crescente;Céu Claro;Simples;"Interseção de Vias;Rotatória";Não;1;0;1;0;0;0;1;1;-15,473542;-49,497692;SPRF-GO;DEL02-GO;UOP02-DEL02-GO
686348;21/04/2025;segunda-feira;01:10:00;SP;381;22;BRAGANCA PAULISTA;Reação tardia ou ineficiente do condutor;Colisão traseira;Com Vítimas Feridas;Plena Noite;Crescente;Céu Claro;Dupla;Reta;Não;3;0;1;0;1;3;1;5;-22,99303796;-46,51106817;SPRF-SP;DEL03-SP;UOP02-DEL03-SP
686361;21/04/2025;segunda-feira;05:30:00;PB;104;133,4;QUEIMADAS;Ingestão de álcool pelo condutor;Colisão frontal;Com Vítimas Feridas;Pleno dia;Decrescente;Céu Claro;Simples;Reta;Sim;3;0;0;2;1;0;2;3;-7,305995;-35,893075;SPRF-PB;DEL02-PB;UOP03-DEL02-PB
686365;20/04/2025;domingo;23:20:00;BA;116;749,3;POCOES;Condutor Dormindo;Tombamento;Sem Vítimas;Plena Noite;Crescente;Céu Claro;Simples;"Aclive;Reta";Não;1;0;0;0;1;0;0;1;-14,4700299;-40,33905029;SPRF-BA;DEL08-BA;UOP02-DEL08-BA
686366;21/04/2025;segunda-feira;06:00:00;RS;290;103;PORTO ALEGRE;Acumulo de areia ou detritos sobre o pavimento;Queda de ocupante de veículo;Com Vítimas Feridas;Pleno dia;Decrescente;Céu Claro;Dupla;"Reta;Ponte";Não;2;0;1;0;1;0;1;2;-29,99150116;-51,26996214;SPRF-RS;DEL01-RS;UOP01-DEL01-RS
686368;21/04/2025;segunda-feira;05:35:00;PR;116;201,3;RIO NEGRO;Ingestão de álcool pelo condutor;Colisão frontal;Sem Vítimas;Pleno dia;Decrescente;Céu Claro;Simples;Curva;Não;3;0;0;0;1;2;0;3;-26,057072;-49,7255178;SPRF-SC;DEL06-SC;UOP01-DEL06-SC
686373;21/04/2025;segunda-feira;06:45:00;BA;135;104;RIACHAO DAS NEVES;Ausência de reação do condutor;Colisão lateral sentido oposto;Com Vítimas Fatais;Amanhecer;Crescente;Céu Claro;Simples;Reta;Não;7;4;0;0;2;1;0;4;-11,5887;-44,831442;SPRF-BA;DEL10-BA;UOP01-DEL10-BA
686379;20/04/2025;domingo;18:00:00;RO;364;266;CACOAL;Reação tardia ou ineficiente do condutor;Tombamento;Com Vítimas Feridas;Anoitecer;Decrescente;Nublado;Simples;Reta;Não;7;0;2;0;4;3;2;6;-11,376168;-61,685927;SPRF-RO;DEL02-RO;UOP02-DEL02-RO
686380;21/04/2025;segunda-feira;03:45:00;RO;364;48;VILHENA;Reação tardia ou ineficiente do condutor;Saída de leito carroçável;Com Vítimas Feridas;Plena Noite;Decrescente;Céu Claro;Simples;Reta;Não;2;0;1;0;0;1;1;2;-12,8330385;-60,0745802;SPRF-RO;DEL04-RO;UOP01-DEL04-RO
686389;21/04/2025;segunda-feira;05:40:00;GO;452;20;RIO VERDE;Reação tardia ou ineficiente do condutor;Saída de leito carroçável;Com Vítimas Feridas;Pleno dia;Decrescente;Céu Claro;Simples;"Declive;Rotatória;Reta";Não;4;0;2;0;1;2;2;3;-17,86693307;-50,73536754;SPRF-GO;DEL04-GO;UOP01-DEL04-GO
686392;21/04/2025;segunda-feira;08:50:00;PR;369;183;ARAPONGAS;Conversão proibida;Colisão lateral mesmo sentido;Com Vítimas Feridas;Pleno dia;Crescente;Céu Claro;Simples;"Reta;Declive";Sim;4;0;1;1;2;0;2;2;-23,37672891;-51,41526461;SPRF-PR;DEL07-PR;UOP03-DEL07-PR
686393;21/04/2025;segunda-feira;07:50:00;PR;277;110;CURITIBA;Manobra de mudança de faixa;Colisão lateral mesmo sentido;Com Vítimas Feridas;Pleno dia;Decrescente;Nublado;Dupla;Reta;Sim;3;0;1;0;1;2;1;4;-25,42751518;-49,38647205;SPRF-PR;DEL03-PR;UOP03-DEL03-PR
686397;21/04/2025;segunda-feira;07:30:00;MG;381;360;JOAO MONLEVADE;Condutor Dormindo;Saída de leito carroçável;Com Vítimas Feridas;Pleno dia;Crescente;Céu Claro;Simples;Curva;Não;11;0;6;1;3;1;7;6;-19,84081255;-43,19789886;SPRF-MG;DEL03-MG;UOP01-DEL03-MG
686398;20/04/2025;domingo;19:30:00;RO;364;119,6;PIMENTA BUENO;Transitar na contramão;Colisão frontal;Com Vítimas Fatais;Plena Noite;Crescente;Chuva;Simples;"Reta;Aclive";Não;3;1;0;1;0;3;1;5;-12,12967;-60,733373;SPRF-RO;DEL02-RO;UOP02-DEL02-RO
686399;21/04/2025;segunda-feira;09:00:00;GO;20;208,7;POSSE;Estacionar ou parar em local proibido;Colisão traseira;Com Vítimas Feridas;Pleno dia;Crescente;Céu Claro;Simples;"Aclive;Reta";Não;6;0;1;0;4;2;1;5;-14,2;-46,3;SPRF-DF;DEL02-DF;UOP03-DEL02-DF
686400;21/04/2025;segunda-feira;08:00:00;RS;470;230,8;CARLOS BARBOSA;Conversão proibida;Colisão traseira;Com Vítimas Feridas;Pleno dia;Crescente;Céu Claro;Simples;"Reta;Declive";Não;2;0;1;0;1;0;1;2;-29,27952745;-51,49229581;SPRF-RS;DEL06-RS;UOP01-DEL06-RS
686401;21/04/2025;segunda-feira;07:30:00;RO;364;211;PIMENTA BUENO;Condutor deixou de manter distância do veículo da frente;Colisão lateral mesmo sentido;Com Vítimas Feridas;Pleno dia;Decrescente;Céu Claro;Simples;Reta;Não;6;0;3;0;2;3;3;5;-11,584222;-61,261752;SPRF-RO;DEL02-RO;UOP02-DEL02-RO
686406;21/04/2025;segunda-feira;09:30:00;CE;222;30;CAUCAIA;Manobra de mudança de faixa;Colisão traseira;Com Vítimas Feridas;Pleno dia;Crescente;Céu Claro;Dupla;Reta;Sim;7;0;3;2;1;2;5;4;-3,71116743;-38,825;SPRF-CE;DEL01-CE;UOP01-DEL01-CE
686407;21/04/2025;segunda-feira;06:30:00;RS;285;581;SAO LUIZ GONZAGA;Ingestão de álcool pelo condutor;Colisão traseira;Com Vítimas Feridas;Plena Noite;Decrescente;Céu Claro;Simples;"Reta;Aclive";Não;8;0;2;1;5;0;3;3;-28,44021897;-55,10584279;SPRF-RS;DEL12-RS;UOP01-DEL12-RS
686409;21/04/2025;segunda-feira;10:00:00;MG;262;388,2;FLORESTAL;Reação tardia ou ineficiente do condutor;Tombamento;Com Vítimas Feridas;Pleno dia;Crescente;Céu Claro;Dupla;"Curva;Aclive";Não;3;0;2;0;0;1;2;2;-19,91598333;-44,49647427;SPRF-MG;DEL01-MG;UOP03-DEL01-MG
686417;21/04/2025;segunda-feira;10:50:00;MG;381;433,6;SABARA;Ausência de reação do condutor;Colisão traseira;Com Vítimas Feridas;Pleno dia;Decrescente;Céu Claro;Simples;"Curva;Aclive";Não;6;0;3;0;2;1;3;3;-19,788359;-43,731115;SPRF-MG;DEL01-MG;UOP01-DEL01-MG
686422;21/04/2025;segunda-feira;08:00:00;RO;364;424;JARU;Ausência de reação do condutor;Colisão lateral mesmo sentido;Com Vítimas Feridas;Pleno dia;Crescente;Nublado;Simples;Reta;Não;3;0;1;0;1;3;1;5;-10,44806802;-62,46343005;SPRF-RO;DEL03-RO;UOP02-DEL03-RO
686433;21/04/2025;segunda-feira;08:45:00;PI;316;36,4;DEMERVAL LOBAO;Transitar na contramão;Colisão frontal;Com Vítimas Fatais;Pleno dia;Crescente;Céu Claro;Simples;Curva;Não;5;1;0;1;3;0;1;2;-5,389633;-42,667402;SPRF-PI;DEL01-PI;UOP02-DEL01-PI
686434;17/04/2025;quinta-feira;03:40:00;MS;158;94,7;PARANAIBA;Ausência de reação do condutor;Saída de leito carroçável;Com Vítimas Feridas;Amanhecer;Decrescente;Ignorado;Dupla;Reta;Sim;1;0;1;0;0;0;1;1;-19,6836;-51,2004;SPRF-MS;DEL08-MS;UOP01-DEL08-MS
686436;21/04/2025;segunda-feira;12:40:00;MG;40;509;RIBEIRAO DAS NEVES;Trafegar com motocicleta (ou similar) entre as faixas;Queda de ocupante de veículo;Com Vítimas Feridas;Pleno dia;Crescente;Céu Claro;Dupla;"Reta;Declive";Não;2;0;1;0;0;1;1;2;-19,771962;-44,125768;SPRF-MG;DEL01-MG;UOP02-DEL01-MG
686444;21/04/2025;segunda-feira;13:20:00;MG;381;496;BETIM;Manobra de mudança de faixa;Colisão lateral mesmo sentido;Com Vítimas Feridas;Pleno dia;Crescente;Céu Claro;Dupla;Reta;Sim;7;0;3;0;3;2;3;4;-19,97561774;-44,19762484;SPRF-MG;DEL01-MG;UOP03-DEL01-MG
686450;21/04/2025;segunda-feira;12:30:00;BA;324;546;SAO SEBASTIAO DO PASSE;Avarias e/ou desgaste excessivo no pneu;Engavetamento;Com Vítimas Feridas;Pleno dia;Crescente;Céu Claro;Múltipla;Reta;Não;4;0;1;0;3;0;1;3;-12,50660639;-38,63584757;SPRF-BA;DEL01-BA;UOP03-DEL01-BA
686455;21/04/2025;segunda-feira;12:20:00;MG;153;33;CENTRALINA;Velocidade Incompatível;Colisão traseira;Com Vítimas Feridas;Pleno dia;Decrescente;Céu Claro;Dupla;Reta;Não;3;0;1;0;2;0;1;2;-18,705197;-49,1413;SPRF-MG;DEL15-MG;UOP03-DEL15-MG
686463;21/04/2025;segunda-feira;13:15:00;PB;230;288,4;SANTA LUZIA;Reação tardia ou ineficiente do condutor;Colisão traseira;Com Vítimas Feridas;Pleno dia;Crescente;Céu Claro;Simples;Reta;Sim;9;0;0;1;4;4;1;5;-6,874301;-36,908346;SPRF-PB;DEL03-PB;UOP01-DEL03-PB
686470;21/04/2025;segunda-feira;14:00:00;PR;376;440;TIBAGI;Velocidade Incompatível;Tombamento;Com Vítimas Feridas;Pleno dia;Crescente;Céu Claro;Dupla;Curva;Não;2;0;1;0;0;1;1;2;-24,80548457;-50,48851616;SPRF-PR;DEL03-PR;UOP02-DEL03-PR
686482;24/02/2025;segunda-feira;14:05:00;MG;40;588,3;ITABIRITO;Problema com o freio;Colisão lateral mesmo sentido;Com Vítimas Feridas;Pleno dia;Decrescente;Sol;Simples;"Declive;Curva";Não;7;0;0;2;4;2;2;7;-20,35564082;-43,90951037;SPRF-MG;DEL01-MG;UOP02-DEL01-MG
686487;21/04/2025;segunda-feira;10:40:00;MG;262;408;IGARATINGA;Demais falhas mecânicas ou elétricas;Incêndio;Sem Vítimas;Pleno dia;Decrescente;Sol;Dupla;"Reta;Aclive";Não;2;0;0;0;1;1;0;2;-19,90668268;-44,66178776;SPRF-MG;DEL08-MG;UOP03-DEL08-MG
686491;21/04/2025;segunda-feira;02:00:00;BA;242;552;OLIVEIRA DOS BREJINHOS;Reação tardia ou ineficiente do condutor;Saída de leito carroçável;Sem Vítimas;Plena Noite;Decrescente;Chuva;Simples;Reta;Não;3;0;0;0;3;0;0;1;-12,19656742;-42,81835556;SPRF-BA;DEL06-BA;UOP03-DEL06-BA
686496;21/04/2025;segunda-feira;14:50:00;RJ;101;20;CAMPOS DOS GOYTACAZES;Demais falhas mecânicas ou elétricas;Tombamento;Com Vítimas Feridas;Pleno dia;Decrescente;Nublado;Simples;Reta;Não;3;0;1;0;1;1;1;2;-21,394169;-41,345414;SPRF-RJ;DEL08-RJ;UOP01-DEL08-RJ
686513;21/04/2025;segunda-feira;14:45:00;MT;163;603;NOVA MUTUM;Retorno proibido;Colisão lateral mesmo sentido;Com Vítimas Feridas;Pleno dia;Crescente;Nublado;Simples;"Reta;Em Obras";Não;7;0;5;0;1;1;5;3;-13,54733805;-56,0277057;SPRF-MT;DEL01-MT;UOP01-DEL01-MT
686522;21/04/2025;segunda-feira;17:40:00;PR;369;451,9;CORBELIA;Reação tardia ou ineficiente do condutor;Colisão traseira;Com Vítimas Feridas;Anoitecer;Crescente;Céu Claro;Simples;Reta;Não;5;0;0;2;2;1;2;3;-24,55961429;-53,13074112;SPRF-PR;DEL04-PR;UOP03-DEL04-PR