id;data_inversa;dia_semana;horario;uf;br;km;municipio;causa_acidente;tipo_acidente;classificacao_acidente;fase_dia;sentido_via;condicao_metereologica;tipo_pista;tracado_via;uso_solo;pessoas;mortos;feridos_leves;feridos_graves;ilesos;ignorados;feridos;veiculos;latitude;longitude;regional;delegacia;uop
686525;21/04/2025;segunda-feira;18:00:00;MG;381;437;SABARA;Ausência de reação do condutor;Colisão transversal;Com Vítimas Feridas;Anoitecer;Crescente;Nublado;Simples;Curva;Não;7;0;2;0;5;0;2;3;-19,79166056;-43,74489784;SPRF-MG;DEL01-MG;UOP01-DEL01-MG
686528;21/04/2025;segunda-feira;17:00:00;PR;369;162;CAMBE;Condutor deixou de manter distância do veículo da frente;Colisão traseira;Com Vítimas Feridas;Pleno dia;Decrescente;Céu Claro;Dupla;"Reta;Declive";Não;9;0;4;0;4;1;4;5;-23,29579861;-51,27173239;SPRF-PR;DEL07-PR;UOP01-DEL07-PR
686529;21/04/2025;segunda-feira;14:20:00;MA;226;304;BARRA DO CORDA;Acostamento em desnível;Tombamento;Com Vítimas Feridas;Pleno dia;Decrescente;Céu Claro;Simples;Curva;Não;2;0;1;0;0;2;1;3;-5,48185126;-45,27579308;SPRF-MA;DEL06-MA;UOP01-DEL06-MA
686544;21/04/2025;segunda-feira;12:30:00;RS;290;188,1;CACHOEIRA DO SUL;Acessar a via sem observar a presença dos outros veículos;Colisão transversal;Sem Vítimas;Pleno dia;Decrescente;Sol;Simples;Reta;Sim;3;0;0;0;2;3;0;5;-30,27103956;-53,10022831;SPRF-RS;DEL02-RS;UOP03-DEL02-RS
686564;21/04/2025;segunda-feira;20:00:00;PR;116;167;QUITANDINHA;Ausência de reação do condutor;Colisão frontal;Com Vítimas Fatais;Plena Noite;Decrescente;Céu Claro;Simples;Reta;Não;3;1;0;0;1;1;0;3;-25,88395017;-49,50042184;SPRF-PR;DEL01-PR;UOP03-DEL01-PR
686568;21/04/2025;segunda-feira;18:30:00;MT;174;286;PONTES E LACERDA;Acessar a via sem observar a presença dos outros veículos;Colisão frontal;Com Vítimas Feridas;Plena Noite;Crescente;Céu Claro;Simples;Reta;Não;3;0;1;0;1;1;1;3;-15,26779109;-59,29767609;SPRF-MT;DEL04-MT;UOP01-DEL04-MT
686570;21/04/2025;segunda-feira;21:15:00;MG;40;443,8;PARAOPEBA;Reação tardia ou ineficiente do condutor;Tombamento;Com Vítimas Feridas;Plena Noite;Decrescente;Céu Claro;Dupla;Curva;Não;3;0;2;0;1;0;2;1;-19,28842543;-44,41180766;SPRF-MG;DEL02-MG;UOP01-DEL02-MG
686578;21/04/2025;segunda-feira;16:20:00;SP;116;558;BARRA DO TURVO;Acumulo de óleo sobre o pavimento;Colisão com objeto;Com Vítimas Feridas;Pleno dia;Crescente;Céu Claro;Dupla;Curva;Não;3;0;2;0;0;1;2;2;-24,998483;-48,509131;SPRF-SP;DEL05-SP;UOP02-DEL05-SP
686582;21/04/2025;segunda-feira;16:20:00;MT;163;603;NOVA MUTUM;Acessar a via sem observar a presença dos outros veículos;Colisão transversal;Sem Vítimas;Pleno dia;Crescente;Céu Claro;Simples;Reta;Não;3;0;0;0;2;1;0;3;-13,77087582;-56,05698824;SPRF-MT;DEL01-MT;UOP01-DEL01-MT
686584;21/04/2025;segunda-feira;22:30:00;PR;376;633,5;SAO JOSE DOS PINHAIS;Reação tardia ou ineficiente do condutor;Colisão lateral mesmo sentido;Sem Vítimas;Plena Noite;Crescente;Nublado;Dupla;Reta;Sim;6;0;0;0;5;3;0;5;-25,732987;-49,132576;SPRF-PR;DEL01-PR;UOP04-DEL01-PR
686586;21/04/2025;segunda-feira;19:30:00;RS;153;416,3;CACHOEIRA DO SUL;Falta de acostamento;Colisão traseira;Com Vítimas Feridas;Plena Noite;Decrescente;Céu Claro;Simples;Reta;Não;3;0;2;0;1;0;2;2;-30,08238915;-52,87376404;SPRF-RS;DEL02-RS;UOP03-DEL02-RS
686589;21/04/2025;segunda-feira;22:30:00;PB;230;516;CAJAZEIRAS;Ausência de reação do condutor;Atropelamento de Pedestre;Com Vítimas Fatais;Plena Noite;Decrescente;Céu Claro;Simples;Reta;Não;2;1;0;0;0;1;0;2;-6,874217;-38,6416;SPRF-PB;DEL03-PB;UOP03-DEL03-PB
686590;21/04/2025;segunda-feira;21:00:00;RS;471;542,8;SANTA VITORIA DO PALMAR;Condutor Dormindo;Saída de leito carroçável;Com Vítimas Feridas;Plena Noite;Crescente;Céu Claro;Simples;Curva;Não;4;0;1;2;0;1;3;2;-32,70860296;-52,62394908;SPRF-RS;DEL07-RS;UOP02-DEL07-RS
686596;21/04/2025;segunda-feira;20:20:00;MT;364;350;SANTO ANTONIO DO LEVERGER;Reação tardia ou ineficiente do condutor;Colisão traseira;Com Vítimas Feridas;Plena Noite;Crescente;Nublado;Dupla;"Curva;Declive";Não;41;0;0;1;39;1;1;3;-15,793902;-55,583431;SPRF-MT;DEL05-MT;UOP02-DEL05-MT
686597;21/04/2025;segunda-feira;20:00:00;BA;116;251;TUCANO;Transitar na contramão;Tombamento;Com Vítimas Feridas;Plena Noite;Decrescente;Céu Claro;Simples;"Reta;Declive";Não;2;0;0;1;0;1;1;2;-10,84834939;-38,85542393;SPRF-BA;DEL07-BA;UOP02-DEL07-BA
686604;21/04/2025;segunda-feira;20:15:00;RS;392;219,5;SANTANA DA BOA VISTA;Ausência de reação do condutor;Tombamento;Com Vítimas Feridas;Plena Noite;Decrescente;Céu Claro;Simples;Reta;Não;2;0;1;0;0;1;1;2;-30,731;-53,208;SPRF-RS;DEL09-RS;UOP02-DEL09-RS
686608;22/04/2025;terça-feira;01:30:00;SC;282;62,4;RANCHO QUEIMADO;Transitar na contramão;Colisão frontal;Sem Vítimas;Plena Noite;Crescente;Céu Claro;Simples;Reta;Não;3;0;0;0;1;2;0;3;-27,69114;-49,03962;SPRF-SC;DEL01-SC;UOP03-DEL01-SC
686610;22/04/2025;terça-feira;03:50:00;SP;116;28;CRUZEIRO;Condutor Dormindo;Colisão traseira;Com Vítimas Feridas;Plena Noite;Decrescente;Nublado;Dupla;"Reta;Aclive";Não;2;0;1;0;1;0;1;2;-22,62583174;-44,9092598;SPRF-SP;DEL08-SP;UOP02-DEL08-SP
686612;22/04/2025;terça-feira;02:30:00;RJ;116;118;MAGE;Ausência de reação do condutor;Colisão traseira;Com Vítimas Feridas;Plena Noite;Crescente;Nublado;Dupla;Reta;Sim;4;0;1;0;2;1;1;3;-22,60821849;-43,02965751;SPRF-RJ;DEL04-RJ;UOP02-DEL04-RJ
686622;22/04/2025;terça-feira;05:10:00;MG;365;684,5;MONTE ALEGRE DE MINAS;Ausência de reação do condutor;Colisão traseira;Com Vítimas Feridas;Plena Noite;Decrescente;Céu Claro;Dupla;"Reta;Aclive";Não;5;0;1;0;2;5;1;8;-18,85959857;-48,86065288;SPRF-MG;DEL15-MG;UOP01-DEL15-MG
686625;22/04/2025;terça-feira;04:05:00;RS;468;84,5;BOM PROGRESSO;Desrespeitar a preferência no cruzamento;Colisão transversal;Com Vítimas Feridas;Plena Noite;Decrescente;Céu Claro;Simples;Interseção de Vias;Não;2;0;1;0;1;0;1;2;-27,58708;-53,87054;SPRF-RS;DEL08-RS;UOP02-DEL08-RS
686632;22/04/2025;terça-feira;07:10:00;MG;381;551;RIO MANSO;Ausência de reação do condutor;Saída de leito carroçável;Com Vítimas Feridas;Pleno dia;Crescente;Céu Claro;Dupla;Reta;Não;3;0;1;0;1;1;1;3;-20,27324772;-44,4248391;SPRF-MG;DEL04-MG;UOP03-DEL04-MG
686645;16/04/2025;quarta-feira;13:30:00;MA;135;13;SAO LUIS;Pista Escorregadia;Saída de leito carroçável;Com Vítimas Feridas;Pleno dia;Decrescente;Chuva;Dupla;"Declive;Reta";Sim;2;0;2;0;0;0;2;2;-2,61398701;-44,32125829;SPRF-MA;DEL01-MA;UOP01-DEL01-MA
686647;22/04/2025;terça-feira;07:40:00;SP;116;108;TAUBATE;Reação tardia ou ineficiente do condutor;Engavetamento;Com Vítimas Feridas;Pleno dia;Crescente;Nublado;Dupla;Reta;Sim;7;0;1;0;6;0;1;4;-23,02423285;-45,53894601;SPRF-SP;DEL02-SP;UOP02-DEL02-SP
686648;22/04/2025;terça-feira;07:30:00;PE;101;80;JABOATAO DOS GUARARAPES;Manobra de mudança de faixa;Colisão lateral mesmo sentido;Sem Vítimas;Pleno dia;Decrescente;Sol;Dupla;Reta;Sim;2;0;0;0;2;0;0;2;-8,15505;-34,941565;SPRF-PE;DEL01-PE;UOP01-DEL01-PE
686651;22/04/2025;terça-feira;08:00:00;PR;116;44;CAMPINA GRANDE DO SUL;Acumulo de água sobre o pavimento;Saída de leito carroçável;Com Vítimas Fatais;Pleno dia;Decrescente;Chuva;Dupla;"Curva;Declive";Não;4;1;0;1;1;1;1;3;-25,19422377;-48,88892412;SPRF-PR;DEL01-PR;UOP02-DEL01-PR
686654;22/04/2025;terça-feira;07:30:00;BA;324;530;FEIRA DE SANTANA;Pista Escorregadia;Colisão lateral mesmo sentido;Com Vítimas Feridas;Pleno dia;Decrescente;Garoa/Chuvisco;Dupla;"Curva;Declive";Não;15;0;7;0;7;2;7;11;-12,33661073;-38,85041926;SPRF-BA;DEL01-BA;UOP03-DEL01-BA
686657;27/03/2025;quinta-feira;03:10:00;RS;392;132;CANGUCU;Condutor deixou de manter distância do veículo da frente;Colisão traseira;Com Vítimas Feridas;Plena Noite;Crescente;Céu Claro;Simples;"Reta;Aclive";Não;4;0;0;1;1;5;1;7;-31,310372;-52,770487;SPRF-RS;DEL07-RS;UOP01-DEL07-RS
686659;22/04/2025;terça-feira;09:10:00;RS;158;140,5;CONDOR;Condutor Dormindo;Saída de leito carroçável;Com Vítimas Feridas;Pleno dia;Crescente;Céu Claro;Simples;Curva;Sim;1;0;1;0;0;0;1;1;-28,20593038;-53,47280324;SPRF-RS;DEL10-RS;UOP02-DEL10-RS
686660;22/04/2025;terça-feira;08:45:00;BA;101;838;PRADO;Velocidade Incompatível;Tombamento;Com Vítimas Feridas;Pleno dia;Decrescente;Nublado;Simples;"Curva;Declive";Não;2;0;1;0;0;1;1;2;-17,25027054;-39,62510571;SPRF-BA;DEL09-BA;UOP02-DEL09-BA
686661;22/04/2025;terça-feira;07:00:00;MT;163;821;SINOP;Acessar a via sem observar a presença dos outros veículos;Colisão transversal;Com Vítimas Feridas;Pleno dia;Crescente;Céu Claro;Simples;Reta;Sim;2;0;1;0;1;0;1;2;-11,98207596;-55,51712394;SPRF-MT;DEL06-MT;UOP02-DEL06-MT
686674;22/04/2025;terça-feira;08:00:00;PR;476;75;BOCAIUVA DO SUL;Reação tardia ou ineficiente do condutor;Colisão frontal;Com Vítimas Feridas;Pleno dia;Decrescente;Garoa/Chuvisco;Simples;"Declive;Curva";Não;2;0;1;0;1;0;1;2;-25,17733033;-49,11124706;SPRF-PR;DEL01-PR;UOP01-DEL01-PR
686677;22/04/2025;terça-feira;10:30:00;PR;116;42,2;CAMPINA GRANDE DO SUL;Chuva;Colisão traseira;Com Vítimas Feridas;Pleno dia;Crescente;Chuva;Dupla;Curva;Não;3;0;1;0;1;1;1;3;-25,17718908;-48,87854783;SPRF-PR;DEL01-PR;UOP02-DEL01-PR
686678;22/04/2025;terça-feira;10:00:00;SP;381;22;BRAGANCA PAULISTA;Manobra de mudança de faixa;Colisão lateral mesmo sentido;Com Vítimas Feridas;Pleno dia;Crescente;Céu Claro;Dupla;"Declive;Curva";Sim;2;0;1;0;0;1;1;2;-22,99825533;-46,51750132;SPRF-SP;DEL03-SP;UOP02-DEL03-SP
686687;22/04/2025;terça-feira;11:30:00;PA;308;194,1;BRAGANCA;Ultrapassagem Indevida;Colisão lateral mesmo sentido;Sem Vítimas;Pleno dia;Crescente;Céu Claro;Simples;Reta;Não;3;0;0;0;3;0;0;3;-1,074925;-46,85451;SPRF-PA;DEL01-PA;UOP03-DEL01-PA
686689;22/04/2025;terça-feira;12:15:00;TO;153;269;BRASILANDIA DO TOCANTINS;Transitar na contramão;Colisão frontal;Com Vítimas Feridas;Pleno dia;Decrescente;Chuva;Simples;Reta;Não;3;0;1;0;1;1;1;3;-8,23382222;-48,46542388;SPRF-TO;DEL02-TO;UOP02-DEL02-TO
686691;22/04/2025;terça-feira;11:15:00;SP;153;80,8;BADY BASSITT;Manobra de mudança de faixa;Colisão lateral mesmo sentido;Com Vítimas Feridas;Pleno dia;Crescente;Céu Claro;Dupla;Reta;Não;5;0;1;0;3;1;1;3;-20,910503;-49,48549;SPRF-SP;DEL09-SP;UOP01-DEL09-SP
686692;22/04/2025;terça-feira;12:10:00;RJ;356;64;ITAPERUNA;Velocidade Incompatível;Tombamento;Com Vítimas Feridas;Pleno dia;Crescente;Céu Claro;Simples;Curva;Não;2;0;1;0;0;1;1;2;-21,2584497;-41,769131;SPRF-RJ;DEL08-RJ;UOP03-DEL08-RJ
686695;22/04/2025;terça-feira;12:50:00;RS;293;36,4;MORRO REDONDO;Manobra de mudança de faixa;Colisão frontal;Com Vítimas Fatais;Pleno dia;Decrescente;Céu Claro;Simples;Reta;Não;3;1;0;0;1;1;0;3;-31,739138;-52,6923;SPRF-RS;DEL07-RS;UOP01-DEL07-RS
686698;22/04/2025;terça-feira;11:45:00;PR;376;126,9;ALTO PARANA;Ausência de reação do condutor;Colisão traseira;Com Vítimas Feridas;Pleno dia;Decrescente;Sol;Dupla;"Reta;Aclive";Não;4;0;1;1;1;1;2;3;-23,153372;-52,269217;SPRF-PR;DEL09-PR;UOP02-DEL09-PR
686700;22/04/2025;terça-feira;12:22:00;PR;277;6,9;PARANAGUA;Desrespeitar a preferência no cruzamento;Colisão transversal;Com Vítimas Feridas;Pleno dia;Crescente;Nublado;Simples;"Reta;Interseção de Vias;Rotatória";Sim;3;0;1;0;2;0;1;2;-25,51472367;-48,52241635;SPRF-PR;DEL01-PR;UOP05-DEL01-PR
686708;22/04/2025;terça-feira;14:00:00;GO;414;440;ANAPOLIS;Trafegar com motocicleta (ou similar) entre as faixas;Colisão lateral mesmo sentido;Com Vítimas Feridas;Pleno dia;Crescente;Sol;Simples;"Rotatória;Declive";Não;3;0;1;0;1;1;1;3;-16,28502979;-48,94355753;SPRF-GO;DEL02-GO;UOP01-DEL02-GO
686720;22/04/2025;terça-feira;14:03:00;RO;319;60;PORTO VELHO;Acessar a via sem observar a presença dos outros veículos;Colisão lateral mesmo sentido;Sem Vítimas;Pleno dia;Decrescente;Céu Claro;Dupla;Rotatória;Não;4;0;0;0;3;2;0;5;-8,74004928;-63,88984172;SPRF-RO;DEL01-RO;UOP01-DEL01-RO
686721;22/04/2025;terça-feira;15:30:00;MG;40;455,3;CAETANOPOLIS;Acumulo de água sobre o pavimento;Saída de leito carroçável;Com Vítimas Feridas;Pleno dia;Decrescente;Chuva;Dupla;"Declive;Reta";Não;3;0;0;1;1;1;1;3;-19,358701;-44,345252;SPRF-MG;DEL02-MG;UOP01-DEL02-MG
686722;22/04/2025;terça-feira;15:50:00;MG;40;474,7;SETE LAGOAS;Reação tardia ou ineficiente do condutor;Colisão traseira;Com Vítimas Feridas;Pleno dia;Crescente;Nublado;Dupla;"Curva;Aclive";Não;3;0;1;1;1;0;2;2;-19,502159;-44,275738;SPRF-MG;DEL02-MG;UOP01-DEL02-MG
686729;22/04/2025;terça-feira;14:05:00;SC;470;72;INDAIAL;Condutor deixou de manter distância do veículo da frente;Colisão traseira;Com Vítimas Feridas;Pleno dia;Decrescente;Céu Claro;Simples;"Reta;Aclive";Sim;2;0;1;0;1;0;1;2;-26,9049491;-49,2710583;SPRF-SC;DEL04-SC;UOP01-DEL04-SC
686731;22/04/2025;terça-feira;15:58:00;PB;230;10;CABEDELO;Acesso irregular;Tombamento;Com Vítimas Feridas;Pleno dia;Crescente;Céu Claro;Dupla;"Reta;Em Obras";Sim;4;0;2;0;1;1;2;3;-7,05369;-34,850459;SPRF-PB;DEL01-PB;UOP01-DEL01-PB
686733;22/04/2025;terça-feira;16:30:00;RS;448;12;CANOAS;Reação tardia ou ineficiente do condutor;Colisão traseira;Com Vítimas Feridas;Pleno dia;Decrescente;Céu Claro;Múltipla;Reta;Não;2;0;1;0;1;0;1;2;-29,90980281;-51,24008981;SPRF-RS;DEL01-RS;UOP01-DEL01-RS
686734;22/04/2025;terça-feira;13:40:00;MG;40;696,5;BARBACENA;Manobra de mudança de faixa;Colisão lateral mesmo sentido;Com Vítimas Feridas;Pleno dia;Decrescente;Nublado;Simples;Reta;Não;4;0;1;0;2;1;1;3;-21,176206;-43,756165;SPRF-MG;DEL05-MG;UOP02-DEL05-MG
686735;22/04/2025;terça-feira;11:00:00;RS;153;381,2;NOVO CABRAIS;Ultrapassagem Indevida;Colisão lateral sentido oposto;Com Vítimas Feridas;Pleno dia;Decrescente;Sol;Simples;Reta;Não;5;0;1;0;3;3;1;6;-29,807206;-52,971264;SPRF-RS;DEL02-RS;UOP03-DEL02-RS
686736;22/04/2025;terça-feira;16:00:00;SP;116;428;REGISTRO;Demais falhas mecânicas ou elétricas;Incêndio;Sem Vítimas;Pleno dia;Crescente;Céu Claro;Simples;Reta;Não;2;0;0;0;1;1;0;2;-24,39619502;-47,72769928;SPRF-SP;DEL05-SP;UOP01-DEL05-SP
686743;22/04/2025;terça-feira;15:30:00;SE;101;181;UMBAUBA;Mal súbito do condutor;Colisão frontal;Com Vítimas Feridas;Pleno dia;Decrescente;Céu Claro;Simples;Reta;Sim;2;0;1;0;1;0;1;2;-11,36803107;-37,64660446;SPRF-SE;DEL02-SE;UOP03-DEL02-SE
686744;22/04/2025;terça-feira;13:55:00;RO;319;60;PORTO VELHO;Ausência de reação do condutor;Colisão traseira;Sem Vítimas;Pleno dia;Decrescente;Céu Claro;Múltipla;Reta;Sim;3;0;0;0;2;3;0;5;-8,74070095;-63,88980802;SPRF-RO;DEL01-RO;UOP01-DEL01-RO
686749;22/04/2025;terça-feira;16:00:00;CE;116;3,9;FORTALEZA;Condutor deixou de manter distância do veículo da frente;Colisão traseira;Com Vítimas Fatais;Pleno dia;Crescente;Nublado;Dupla;Reta;Sim;4;1;0;0;2;1;0;4;-3,784884;-38,512429;SPRF-CE;DEL01-CE;UOP02-DEL01-CE
686751;22/04/2025;terça-feira;16:19:00;SC;280;57;GUARAMIRIM;Transitar na contramão;Colisão frontal;Com Vítimas Feridas;Pleno dia;Crescente;Céu Claro;Simples;Reta;Não;4;0;0;1;2;1;1;4;-26,476544;-48,9947136;SPRF-SC;DEL03-SC;UOP03-DEL03-SC
686754;21/02/2025;sexta-feira;16:45:00;PR;376;172,6;MARINGA;Reação tardia ou ineficiente do condutor;Colisão transversal;Com Vítimas Feridas;Pleno dia;Decrescente;Nublado;Dupla;"Em Obras;Reta";Sim;2;0;1;0;1;0;1;2;-23,41865;-51,974165;SPRF-PR;DEL09-PR;UOP01-DEL09-PR
686757;22/04/2025;terça-feira;17:25:00;GO;60;102,1;GOIANAPOLIS;Acessar a via sem observar a presença dos outros veículos;Colisão lateral mesmo sentido;Com Vítimas Feridas;Anoitecer;Decrescente;Céu Claro;Dupla;"Reta;Aclive";Sim;5;0;0;1;1;4;1;5;-16,40811848;-48,98704503;SPRF-GO;DEL02-GO;UOP01-DEL02-GO
686758;22/04/2025;terça-feira;17:15:00;PR;376;460,1;TIBAGI;Reação tardia ou ineficiente do condutor;Tombamento;Com Vítimas Fatais;Pleno dia;Crescente;Céu Claro;Dupla;"Ponte;Curva;Declive";Não;2;1;0;0;0;1;0;2;-24,9466;-50,3955;SPRF-PR;DEL03-PR;UOP01-DEL03-PR
686761;22/04/2025;terça-feira;16:50:00;MS;163;556,1;BANDEIRANTES;Condutor Dormindo;Saída de leito carroçável;Com Vítimas Feridas;Pleno dia;Decrescente;Céu Claro;Simples;"Reta;Declive";Não;2;0;1;0;0;2;1;3;-19,8509723;-54,3694935;SPRF-MS;DEL01-MS;UOP02-DEL01-MS
686762;22/04/2025;terça-feira;14:40:00;PI;343;56;BURITI DOS LOPES;Carga excessiva e/ou mal acondicionada;Tombamento;Sem Vítimas;Pleno dia;Decrescente;Céu Claro;Simples;Reta;Não;1;0;0;0;1;0;0;1;-3,22853702;-41,81524515;SPRF-PI;DEL05-PI;UOP01-DEL05-PI
686765;22/04/2025;terça-feira;16:00:00;PR;280;261,8;MARMELEIRO;Suicídio (presumido);Colisão frontal;Com Vítimas Fatais;Pleno dia;Decrescente;Céu Claro;Simples;Reta;Não;3;1;0;0;1;1;0;3;-26,185339;-53,07656;SPRF-PR;DEL02-PR;UOP01-DEL02-PR
686769;22/04/2025;terça-feira;16:55:00;GO;452;47,7;RIO VERDE;Demais falhas mecânicas ou elétricas;Incêndio;Sem Vítimas;Pleno dia;Crescente;Céu Claro;Simples;Interseção de Vias;Não;2;0;0;0;1;1;0;2;-17,959512;-50,49632;SPRF-GO;DEL04-GO;UOP01-DEL04-GO
686770;22/04/2025;terça-feira;19:05:00;PR;163;95,8;CAPANEMA;Velocidade Incompatível;Tombamento;Com Vítimas Fatais;Anoitecer;Crescente;Céu Claro;Simples;Curva;Não;3;1;0;0;0;2;0;3;-25,620803;-53,801153;SPRF-PR;DEL02-PR;UOP02-DEL02-PR
686775;10/04/2025;quinta-feira;19:45:00;BA;324;532,7;CONCEICAO DO JACUIPE;Ausência de reação do condutor;Colisão traseira;Com Vítimas Feridas;Plena Noite;Crescente;Céu Claro;Dupla;"Reta;Declive";Não;8;0;2;0;5;2;2;7;-12,35313;-38,832005;SPRF-BA;DEL01-BA;UOP03-DEL01-BA
686782;22/04/2025;terça-feira;18:35:00;PR;376;450;TIBAGI;Reação tardia ou ineficiente do condutor;Tombamento;Sem Vítimas;Anoitecer;Crescente;Céu Claro;Dupla;"Curva;Declive";Não;2;0;0;0;1;2;0;3;-24,87715125;-50,44228792;SPRF-PR;DEL03-PR;UOP02-DEL03-PR
686783;22/04/2025;terça-feira;21:50:00;RS;392;30,9;RIO GRANDE;Condutor Dormindo;Colisão traseira;Com Vítimas Feridas;Plena Noite;Decrescente;Céu Claro;Dupla;"Reta;Retorno Regulamentado";Não;3;0;1;0;1;1;1;3;-32,0409403;-52,28236914;SPRF-RS;DEL07-RS;UOP02-DEL07-RS
686788;22/04/2025;terça-feira;21:00:00;PB;101;85;JOAO PESSOA;Manobra de mudança de faixa;Colisão lateral mesmo sentido;Sem Vítimas;Plena Noite;Crescente;Céu Claro;Dupla;"Reta;Aclive";Sim;3;0;0;0;2;1;0;3;-7,15536182;-34,90758687;SPRF-PB;DEL01-PB;UOP01-DEL01-PB
686794;22/04/2025;terça-feira;19:55:00;PR;277;165;PORTO AMAZONAS;Transitar na contramão;Colisão frontal;Com Vítimas Fatais;Plena Noite;Crescente;Céu Claro;Simples;"Reta;Declive";Não;2;1;0;0;1;0;0;2;-25,47022872;-49,90127413;SPRF-PR;DEL03-PR;UOP03-DEL03-PR
686800;22/04/2025;terça-feira;23:30:00;SC;116;159,1;SANTA CECILIA;Velocidade Incompatível;Saída de leito carroçável;Com Vítimas Feridas;Plena Noite;Crescente;Céu Claro;Simples;Curva;Não;1;0;0;1;0;0;1;1;-27,0977101;-50,453796;SPRF-SC;DEL06-SC;UOP02-DEL06-SC
686805;23/04/2025;quarta-feira;01:45:00;RS;386;231,6;SOLEDADE;Condutor Dormindo;Colisão traseira;Com Vítimas Fatais;Plena Noite;Decrescente;Céu Claro;Simples;"Em Obras;Curva";Não;3;1;0;0;1;2;0;4;-28,688129;-52,586761;SPRF-RS;DEL04-RS;UOP03-DEL04-RS
686806;23/04/2025;quarta-feira;01:50:00;MG;381;777;CAMPANHA;Reação tardia ou ineficiente do condutor;Colisão lateral mesmo sentido;Com Vítimas Feridas;Plena Noite;Decrescente;Céu Claro;Dupla;Reta;Não;3;0;1;0;1;1;1;3;-21,798156;-45,459122;SPRF-MG;DEL16-MG;UOP02-DEL16-MG
686809;22/04/2025;terça-feira;09:00:00;SC;470;80;RODEIO;Velocidade Incompatível;Colisão lateral sentido oposto;Sem Vítimas;Pleno dia;Decrescente;Céu Claro;Simples;"Ponte;Curva";Não;3;0;0;0;3;0;0;3;-26,94869874;-49,32106018;SPRF-SC;DEL04-SC;UOP01-DEL04-SC
686810;23/04/2025;quarta-feira;04:50:00;PR;376;649;TIJUCAS DO SUL;Ingestão de álcool pelo condutor;Colisão traseira;Sem Vítimas;Plena Noite;Decrescente;Céu Claro;Dupla;Reta;Não;4;0;0;0;2;2;0;4;-25,84621727;-49,08367094;SPRF-PR;DEL01-PR;UOP04-DEL01-PR
686815;23/04/2025;quarta-feira;05:44:00;MG;381;319;NOVA ERA;Condutor Dormindo;Colisão lateral sentido oposto;Com Vítimas Feridas;Pleno dia;Crescente;Chuva;Simples;Reta;Não;3;0;0;2;1;0;2;2;-19,68473798;-42,9871738;SPRF-MG;DEL03-MG;UOP02-DEL03-MG
686829;23/04/2025;quarta-feira;06:50:00;BA;101;45;ESPLANADA;Transitar na contramão;Colisão frontal;Com Vítimas Feridas;Pleno dia;Crescente;Céu Claro;Simples;Curva;Não;3;0;0;1;1;1;1;3;-11,84755761;-37,99275108;SPRF-SE;DEL02-SE;UOP03-DEL02-SE
686830;23/04/2025;quarta-feira;06:30:00;BA;242;894;BARREIRAS;Demais falhas mecânicas ou elétricas;Tombamento;Sem Vítimas;Amanhecer;Decrescente;Céu Claro;Simples;Reta;Não;2;0;0;0;1;2;0;3;-12,07;-45,635;SPRF-BA;DEL10-BA;UOP01-DEL10-BA
686836;23/04/2025;quarta-feira;08:30:00;CE;222;4,5;CAUCAIA;Demais falhas mecânicas ou elétricas;Colisão traseira;Sem Vítimas;Pleno dia;Decrescente;Nublado;Dupla;"Retorno Regulamentado;Reta";Sim;4;0;0;0;4;0;0;2;-3,74299734;-38,61293829;SPRF-CE;DEL01-CE;UOP01-DEL01-CE
686843;23/04/2025;quarta-feira;05:00:00;MG;116;675,1;MIRADOURO;Condutor Dormindo;Colisão lateral sentido oposto;Com Vítimas Feridas;Plena Noite;Decrescente;Nublado;Simples;Reta;Não;5;0;2;0;3;0;2;2;-20,909359;-42,350929;SPRF-MG;DEL07-MG;UOP02-DEL07-MG
686853;23/04/2025;quarta-feira;09:10:00;AL;104;35,5;UNIAO DOS PALMARES;Reação tardia ou ineficiente do condutor;Colisão traseira;Com Vítimas Feridas;Pleno dia;Decrescente;Céu Claro;Simples;Reta;Sim;3;0;1;0;2;0;1;3;-9,16529024;-36,02004502;SPRF-AL;DEL01-AL;UOP02-DEL01-AL
686854;23/04/2025;quarta-feira;06:00:00;BA;101;443;UBAITABA;Pista Escorregadia;Colisão traseira;Com Vítimas Feridas;Pleno dia;Crescente;Chuva;Simples;Reta;Sim;6;0;3;0;2;1;3;3;-14,300538;-39,324159;SPRF-BA;DEL05-BA;UOP01-DEL05-BA
686857;23/04/2025;quarta-feira;09:00:00;BA;110;3;PAULO AFONSO;Ultrapassagem Indevida;Colisão frontal;Com Vítimas Fatais;Pleno dia;Crescente;Céu Claro;Simples;Curva;Não;3;1;0;0;1;2;0;4;-9,44663913;-38,20151925;SPRF-BA;DEL07-BA;UOP01-DEL07-BA
686858;23/04/2025;quarta-feira;10:30:00;PE;101;69;RECIFE;Acessar a via sem observar a presença dos outros veículos;Colisão transversal;Sem Vítimas;Pleno dia;Crescente;Céu Claro;Múltipla;Reta;Sim;4;0;0;0;3;1;0;3;-8,06237399;-34,94508505;SPRF-PE;DEL01-PE;UOP01-DEL01-PE
686860;23/04/2025;quarta-feira;06:30:00;PA;163;1;NOVO PROGRESSO;Reação tardia ou ineficiente do condutor;Saída de leito carroçável;Com Vítimas Feridas;Pleno dia;Decrescente;Céu Claro;Simples;Reta;Não;2;0;1;0;0;2;1;3;-9,51069324;-54,85937119;SPRF-MT;DEL06-MT;UOP03-DEL06-MT