id;data_inversa;dia_semana;horario;uf;br;km;municipio;causa_acidente;tipo_acidente;classificacao_acidente;fase_dia;sentido_via;condicao_metereologica;tipo_pista;tracado_via;uso_solo;pessoas;mortos;feridos_leves;feridos_graves;ilesos;ignorados;feridos;veiculos;latitude;longitude;regional;delegacia;uop
687158;25/04/2025;sexta-feira;01:10:00;PA;10;28;DOM ELISEU;Demais falhas mecânicas ou elétricas;Saída de leito carroçável;Sem Vítimas;Plena Noite;Decrescente;Céu Claro;Simples;Reta;Não;2;0;0;0;1;1;0;2;-4,20713;-47,545127;SPRF-PA;DEL02-PA;UOP02-DEL02-PA
687159;25/04/2025;sexta-feira;00:40:00;SE;101;159;SAO CRISTOVAO;Velocidade Incompatível;Tombamento;Sem Vítimas;Plena Noite;Crescente;Céu Claro;Simples;"Curva;Aclive";Não;1;0;0;0;0;1;0;1;-10,9579681;-37,2346443;SPRF-SE;DEL02-SE;UOP01-DEL02-SE
687161;25/04/2025;sexta-feira;04:30:00;PR;272;372;CAMPO MOURAO;Transitar na contramão;Colisão frontal;Com Vítimas Fatais;Plena Noite;Crescente;Garoa/Chuvisco;Simples;"Curva;Aclive";Não;4;3;1;0;0;0;1;2;-24,0697999;-52,4440591;SPRF-PR;DEL09-PR;UOP03-DEL09-PR
687163;25/04/2025;sexta-feira;03:45:00;MG;381;831;SAO SEBASTIAO DA BELA VISTA;Reação tardia ou ineficiente do condutor;Colisão traseira;Com Vítimas Feridas;Plena Noite;Decrescente;Céu Claro;Dupla;Reta;Não;2;0;1;0;1;0;1;2;-22,11949799;-45,75779611;SPRF-MG;DEL16-MG;UOP01-DEL16-MG
687164;25/04/2025;sexta-feira;04:20:00;SP;116;110,8;TAUBATE;Suicídio (presumido);Atropelamento de Pedestre;Com Vítimas Feridas;Plena Noite;Decrescente;Nublado;Dupla;Reta;Não;2;0;0;1;0;1;1;2;-23,03856174;-45,5601475;SPRF-SP;DEL02-SP;UOP02-DEL02-SP
687166;25/04/2025;sexta-feira;04:40:00;TO;153;559;FATIMA;Demais falhas mecânicas ou elétricas;Atropelamento de Pedestre;Com Vítimas Feridas;Plena Noite;Crescente;Céu Claro;Simples;Reta;Não;4;0;1;0;3;0;1;2;-10,738225;-48,903565;SPRF-TO;DEL01-TO;UOP01-DEL01-TO
687167;25/04/2025;sexta-feira;06:00:00;RJ;116;174;SAO JOAO DE MERITI;Trafegar com motocicleta (ou similar) entre as faixas;Tombamento;Com Vítimas Feridas;Pleno dia;Decrescente;Céu Claro;Múltipla;Reta;Sim;2;0;1;0;1;0;1;2;-22,79322385;-43,36636003;SPRF-RJ;DEL06-RJ;UOP01-DEL06-RJ
687175;25/04/2025;sexta-feira;05:23:00;MG;381;614,9;OLIVEIRA;Velocidade Incompatível;Saída de leito carroçável;Com Vítimas Feridas;Amanhecer;Decrescente;Chuva;Dupla;Reta;Não;1;0;0;1;0;0;1;1;-20,71171272;-44,75894159;SPRF-MG;DEL04-MG;UOP01-DEL04-MG
687181;25/04/2025;sexta-feira;06:40:00;SC;282;111,7;ALFREDO WAGNER;Curva acentuada;Colisão lateral sentido oposto;Com Vítimas Feridas;Pleno dia;Crescente;Céu Claro;Simples;"Curva;Declive";Não;7;0;3;2;1;1;5;4;-27,733783;-49,374037;SPRF-SC;DEL01-SC;UOP03-DEL01-SC
687184;25/04/2025;sexta-feira;07:50:00;MG;365;639,6;UBERLANDIA;Avarias e/ou desgaste excessivo no pneu;Colisão traseira;Com Vítimas Feridas;Pleno dia;Crescente;Nublado;Dupla;"Reta;Aclive";Não;2;0;1;0;0;1;1;2;-18,8863455;-48,4589289;SPRF-MG;DEL15-MG;UOP01-DEL15-MG
687191;25/04/2025;sexta-feira;06:54:00;TO;153;327,2;GUARAI;Condutor deixou de manter distância do veículo da frente;Saída de leito carroçável;Com Vítimas Feridas;Pleno dia;Decrescente;Céu Claro;Simples;"Reta;Declive";Não;2;0;1;0;0;1;1;2;-8,771537;-48,510708;SPRF-TO;DEL02-TO;UOP02-DEL02-TO
687193;25/04/2025;sexta-feira;07:20:00;RJ;101;261;RIO BONITO;Pista Escorregadia;Queda de ocupante de veículo;Com Vítimas Fatais;Pleno dia;Crescente;Nublado;Simples;Curva;Não;3;1;0;0;1;1;0;3;-22,71307449;-42,61978184;SPRF-RJ;DEL02-RJ;UOP03-DEL02-RJ
687196;25/04/2025;sexta-feira;08:30:00;RN;304;302;MACAIBA;Manobra de mudança de faixa;Colisão traseira;Com Vítimas Feridas;Pleno dia;Crescente;Céu Claro;Dupla;Reta;Não;2;0;0;1;1;0;1;2;-5,8812744;-35,2912052;SPRF-RN;DEL01-RN;UOP02-DEL01-RN
687197;25/04/2025;sexta-feira;09:10:00;RS;290;92;PORTO ALEGRE;Reação tardia ou ineficiente do condutor;Colisão traseira;Com Vítimas Feridas;Pleno dia;Crescente;Céu Claro;Múltipla;Reta;Sim;3;0;1;0;2;0;1;2;-29,97068057;-51,1821022;SPRF-RS;DEL01-RS;UOP01-DEL01-RS
687200;25/04/2025;sexta-feira;08:50:00;PR;369;63,7;BANDEIRANTES;Ultrapassagem Indevida;Colisão traseira;Com Vítimas Feridas;Pleno dia;Decrescente;Chuva;Simples;Reta;Não;6;0;2;0;3;1;2;5;-23,13170661;-50,37050899;SPRF-PR;DEL07-PR;UOP05-DEL07-PR
687202;23/02/2025;domingo;00:25:00;PE;316;74;OURICURI;Ausência de reação do condutor;Tombamento;Com Vítimas Feridas;Plena Noite;Decrescente;Céu Claro;Simples;Declive;Não;3;0;2;0;0;1;2;2;-7,82677705;-40,15323591;SPRF-PE;DEL05-PE;UOP02-DEL05-PE
687204;25/04/2025;sexta-feira;09:10:00;GO;153;506;APARECIDA DE GOIANIA;Ausência de reação do condutor;Colisão lateral mesmo sentido;Sem Vítimas;Pleno dia;Decrescente;Nublado;Múltipla;Reta;Sim;4;0;0;0;3;1;0;3;-16,74883968;-49,24085325;SPRF-GO;DEL01-GO;UOP01-DEL01-GO
687210;25/04/2025;sexta-feira;10:10:00;SP;116;211,8;GUARULHOS;Manobra de mudança de faixa;Colisão lateral mesmo sentido;Com Vítimas Feridas;Pleno dia;Crescente;Garoa/Chuvisco;Múltipla;Curva;Sim;2;0;1;0;1;0;1;2;-23,435209;-46,426826;SPRF-SP;DEL01-SP;UOP01-DEL01-SP
687214;25/04/2025;sexta-feira;08:00:00;RS;153;587;HULHA NEGRA;Modificação proibida;Colisão frontal;Com Vítimas Feridas;Pleno dia;Decrescente;Nevoeiro/Neblina;Simples;Reta;Não;5;0;1;1;2;1;2;4;-31,325453;-53,9855696;SPRF-RS;DEL11-RS;UOP03-DEL11-RS
687216;25/04/2025;sexta-feira;10:40:00;BA;324;520;FEIRA DE SANTANA;Condutor deixou de manter distância do veículo da frente;Engavetamento;Com Vítimas Feridas;Pleno dia;Decrescente;Céu Claro;Dupla;Reta;Não;3;0;0;1;2;0;1;3;-12,275473;-38,931307;SPRF-BA;DEL01-BA;UOP03-DEL01-BA
687223;16/04/2025;quarta-feira;17:00:00;MG;50;70;UBERLANDIA;Ausência de reação do condutor;Colisão traseira;Com Vítimas Feridas;Anoitecer;Decrescente;Nublado;Dupla;Reta;Sim;2;0;1;0;1;0;1;2;-18,88676133;-48,26215122;SPRF-MG;DEL15-MG;UOP01-DEL15-MG
687226;25/04/2025;sexta-feira;11:15:00;PI;316;9;TERESINA;Manobra de mudança de faixa;Colisão lateral mesmo sentido;Com Vítimas Feridas;Pleno dia;Crescente;Sol;Múltipla;"Declive;Reta";Sim;2;0;1;0;1;0;1;2;-5,1773899;-42,7655358;SPRF-PI;DEL01-PI;UOP02-DEL01-PI
687233;25/04/2025;sexta-feira;11:49:00;SC;101;37;JOINVILLE;Reação tardia ou ineficiente do condutor;Colisão traseira;Com Vítimas Feridas;Pleno dia;Decrescente;Céu Claro;Múltipla;Reta;Sim;2;0;0;1;1;0;1;2;-26,2844062;-48,88808576;SPRF-SC;DEL03-SC;UOP01-DEL03-SC
687234;25/04/2025;sexta-feira;11:30:00;RJ;40;109;DUQUE DE CAXIAS;Velocidade Incompatível;Tombamento;Com Vítimas Feridas;Pleno dia;Decrescente;Garoa/Chuvisco;Simples;"Aclive;Viaduto;Curva";Sim;2;0;1;0;0;1;1;2;-22,6744742;-43,2853617;SPRF-RJ;DEL01-RJ;UOP02-DEL01-RJ
687236;25/04/2025;sexta-feira;12:00:00;MG;40;504,5;ESMERALDAS;Mal súbito do condutor;Tombamento;Com Vítimas Feridas;Pleno dia;Crescente;Céu Claro;Dupla;Reta;Não;1;0;1;0;0;0;1;1;-19,730465;-44,152532;SPRF-MG;DEL02-MG;UOP01-DEL02-MG
687238;25/04/2025;sexta-feira;12:33:00;MT;364;347,9;SANTO ANTONIO DO LEVERGER;Demais falhas mecânicas ou elétricas;Colisão traseira;Com Vítimas Feridas;Pleno dia;Crescente;Céu Claro;Dupla;"Reta;Declive";Não;4;0;1;1;1;1;2;3;-15,795391;-55,564395;SPRF-MT;DEL05-MT;UOP02-DEL05-MT
687246;25/04/2025;sexta-feira;14:00:00;SC;101;204,7;SAO JOSE;Reação tardia ou ineficiente do condutor;Engavetamento;Com Vítimas Feridas;Pleno dia;Crescente;Sol;Múltipla;Reta;Sim;3;0;1;0;2;0;1;3;-27,57869159;-48,61377658;SPRF-SC;DEL01-SC;UOP01-DEL01-SC
687247;17/02/2025;segunda-feira;21:30:00;PA;163;652;ITAITUBA;Reação tardia ou ineficiente do condutor;Tombamento;Com Vítimas Feridas;Plena Noite;Crescente;Ignorado;Simples;Curva;Não;2;0;0;1;0;1;1;2;-4,5098;-55,86367;SPRF-PA;DEL05-PA;UOP02-DEL05-PA
687250;25/04/2025;sexta-feira;14:15:00;PE;101;69;RECIFE;Ausência de reação do condutor;Colisão traseira;Com Vítimas Feridas;Pleno dia;Crescente;Céu Claro;Múltipla;Interseção de Vias;Sim;2;0;1;0;1;0;1;2;-8,0639505;-34,9447122;SPRF-PE;DEL01-PE;UOP01-DEL01-PE
687252;25/04/2025;sexta-feira;14:16:00;PE;101;64;RECIFE;Condutor usando celular;Colisão traseira;Sem Vítimas;Pleno dia;Crescente;Sol;Dupla;"Reta;Viaduto";Sim;2;0;0;0;2;0;0;2;-8,01714;-34,941178;SPRF-PE;DEL01-PE;UOP01-DEL01-PE
687255;25/04/2025;sexta-feira;14:45:00;SC;101;205,7;SAO JOSE;Ausência de reação do condutor;Colisão com objeto;Com Vítimas Feridas;Pleno dia;Crescente;Céu Claro;Dupla;Reta;Sim;2;0;0;1;1;0;1;2;-27,589852;-48,617522;SPRF-SC;DEL01-SC;UOP01-DEL01-SC
687256;25/04/2025;sexta-feira;13:50:00;RS;101;31;TRES CACHOEIRAS;Acessar a via sem observar a presença dos outros veículos;Colisão traseira;Com Vítimas Feridas;Pleno dia;Crescente;Céu Claro;Dupla;"Reta;Interseção de Vias";Não;3;0;1;0;1;2;1;4;-29,49009068;-49,9753782;SPRF-RS;DEL03-RS;UOP02-DEL03-RS
687260;17/04/2025;quinta-feira;16:45:00;RO;364;162,7;PIMENTA BUENO;Reação tardia ou ineficiente do condutor;Colisão lateral sentido oposto;Com Vítimas Feridas;Pleno dia;Decrescente;Céu Claro;Simples;"Reta;Declive";Não;9;0;5;0;3;3;5;6;-11,899675;-60,977777;SPRF-RO;DEL02-RO;UOP02-DEL02-RO
687261;25/04/2025;sexta-feira;16:40:00;SC;101;207;SAO JOSE;Condutor deixou de manter distância do veículo da frente;Colisão traseira;Com Vítimas Feridas;Pleno dia;Crescente;Céu Claro;Múltipla;"Aclive;Reta";Não;2;0;1;0;1;0;1;2;-27,59625286;-48,61967174;SPRF-SC;DEL01-SC;UOP01-DEL01-SC
687264;25/04/2025;sexta-feira;14:00:00;GO;70;434;ARAGARCAS;Demais falhas mecânicas ou elétricas;Incêndio;Sem Vítimas;Pleno dia;Decrescente;Céu Claro;Simples;Reta;Não;1;0;0;0;1;0;0;1;-15,888445;-51,88971;SPRF-GO;DEL04-GO;UOP02-DEL04-GO
687266;25/04/2025;sexta-feira;10:50:00;GO;153;563;MORRINHOS;Chuva;Saída de leito carroçável;Com Vítimas Feridas;Pleno dia;Decrescente;Chuva;Dupla;Declive;Não;4;0;2;0;1;6;2;7;-17,6390144;-49,1913216;SPRF-GO;DEL03-GO;UOP01-DEL03-GO
687274;25/04/2025;sexta-feira;16:33:00;PE;101;83,6;JABOATAO DOS GUARARAPES;Ausência de reação do condutor;Colisão lateral mesmo sentido;Sem Vítimas;Anoitecer;Decrescente;Céu Claro;Dupla;Reta;Sim;2;0;0;0;2;0;0;2;-8,178395;-34,947429;SPRF-PE;DEL01-PE;UOP01-DEL01-PE
687275;25/04/2025;sexta-feira;16:50:00;GO;20;30,1;FORMOSA;Reação tardia ou ineficiente do condutor;Colisão frontal;Com Vítimas Feridas;Pleno dia;Crescente;Garoa/Chuvisco;Simples;"Reta;Declive";Não;7;0;2;1;3;1;3;4;-15,499728;-47,110783;SPRF-DF;DEL02-DF;UOP02-DEL02-DF
687276;25/04/2025;sexta-feira;11:00:00;GO;153;563;MORRINHOS;Chuva;Colisão lateral mesmo sentido;Com Vítimas Feridas;Pleno dia;Decrescente;Chuva;Dupla;Declive;Não;5;0;2;1;1;1;3;3;-17,6390144;-49,1913216;SPRF-GO;DEL03-GO;UOP01-DEL03-GO
687280;25/04/2025;sexta-feira;15:20:00;MG;116;412;GOVERNADOR VALADARES;Ultrapassagem Indevida;Colisão lateral mesmo sentido;Com Vítimas Feridas;Pleno dia;Crescente;Céu Claro;Simples;Reta;Não;2;0;1;0;1;0;1;2;-18,87595551;-41,96481228;SPRF-MG;DEL06-MG;UOP01-DEL06-MG
687299;25/04/2025;sexta-feira;16:50:00;PR;277;592,9;CASCAVEL;Condutor deixou de manter distância do veículo da frente;Colisão traseira;Com Vítimas Feridas;Pleno dia;Decrescente;Garoa/Chuvisco;Simples;"Declive;Reta";Sim;5;0;0;1;3;1;1;5;-24,98088359;-53,48248277;SPRF-PR;DEL04-PR;UOP01-DEL04-PR
687304;25/04/2025;sexta-feira;19:10:00;RJ;101;531;ANGRA DOS REIS;Chuva;Colisão frontal;Com Vítimas Feridas;Plena Noite;Decrescente;Chuva;Simples;Curva;Não;2;0;1;0;1;0;1;2;-23,01708645;-44,52925622;SPRF-RJ;DEL03-RJ;UOP03-DEL03-RJ
687308;25/04/2025;sexta-feira;16:30:00;ES;484;98;AFONSO CLAUDIO;Ausência de reação do condutor;Colisão transversal;Com Vítimas Feridas;Pleno dia;Crescente;Nublado;Simples;"Aclive;Reta";Não;2;0;0;1;1;0;1;2;-20,01336196;-41,03200468;SPRF-ES;DEL01-ES;UOP02-DEL01-ES
687314;25/04/2025;sexta-feira;18:05:00;AC;364;122;RIO BRANCO;Manobra de mudança de faixa;Colisão traseira;Com Vítimas Feridas;Plena Noite;Crescente;Céu Claro;Dupla;Reta;Sim;3;0;1;0;1;3;1;5;-10,01175977;-67,78147101;SPRF-AC;DEL01-AC;UOP01-DEL01-AC
687317;25/04/2025;sexta-feira;18:40:00;SC;101;114;ITAJAI;Acessar a via sem observar a presença dos outros veículos;Colisão lateral mesmo sentido;Com Vítimas Feridas;Plena Noite;Crescente;Céu Claro;Múltipla;Reta;Sim;4;0;2;0;1;1;2;4;-26,86632907;-48,73011279;SPRF-SC;DEL04-SC;UOP04-DEL04-SC
687322;25/04/2025;sexta-feira;19:10:00;PR;476;172;CONTENDA;Reação tardia ou ineficiente do condutor;Colisão transversal;Com Vítimas Feridas;Plena Noite;Decrescente;Nublado;Dupla;Reta;Sim;2;0;0;1;1;0;1;2;-25,68169285;-49,52577559;SPRF-PR;DEL01-PR;UOP06-DEL01-PR
687327;25/04/2025;sexta-feira;19:20:00;MG;116;720,2;MURIAE;Ingestão de álcool pelo condutor;Saída de leito carroçável;Com Vítimas Feridas;Plena Noite;Decrescente;Nublado;Simples;Reta;Não;1;0;1;0;0;0;1;1;-21,2507021;-42,39757061;SPRF-MG;DEL07-MG;UOP02-DEL07-MG
687329;25/04/2025;sexta-feira;18:10:00;RO;364;358;JI-PARANA;Ultrapassagem Indevida;Tombamento;Com Vítimas Fatais;Plena Noite;Decrescente;Chuva;Simples;Reta;Não;3;1;0;0;1;1;0;3;-10,78746;-62,047308;SPRF-RO;DEL02-RO;UOP01-DEL02-RO
687332;25/04/2025;sexta-feira;21:33:00;SP;116;179;GUARAREMA;Reação tardia ou ineficiente do condutor;Colisão traseira;Com Vítimas Feridas;Plena Noite;Crescente;Garoa/Chuvisco;Dupla;Reta;Não;4;0;3;0;1;0;3;2;-23,32793657;-46,12899391;SPRF-SP;DEL01-SP;UOP01-DEL01-SP
687335;25/04/2025;sexta-feira;22:00:00;MG;381;491,3;BETIM;Reação tardia ou ineficiente do condutor;Colisão traseira;Com Vítimas Feridas;Plena Noite;Crescente;Nublado;Dupla;Reta;Sim;3;0;1;0;1;1;1;3;-19,95918132;-44,15378129;SPRF-MG;DEL01-MG;UOP03-DEL01-MG
687336;25/04/2025;sexta-feira;21:58:00;MG;381;433,9;SABARA;Velocidade Incompatível;Tombamento;Com Vítimas Feridas;Plena Noite;Decrescente;Nublado;Simples;Curva;Não;4;0;0;1;1;2;1;3;-19,78673408;-43,73468399;SPRF-MG;DEL01-MG;UOP01-DEL01-MG
687338;25/04/2025;sexta-feira;21:50:00;CE;222;312;TIANGUA;Ausência de reação do condutor;Colisão traseira;Com Vítimas Fatais;Plena Noite;Decrescente;Chuva;Dupla;Reta;Sim;2;1;0;0;1;0;0;2;-3,725175;-40,997508;SPRF-CE;DEL04-CE;UOP02-DEL04-CE
687340;25/04/2025;sexta-feira;21:20:00;MG;381;927,9;ITAPEVA;Pedestre andava na pista;Atropelamento de Pedestre;Com Vítimas Feridas;Plena Noite;Decrescente;Céu Claro;Dupla;Reta;Sim;2;0;0;1;0;1;1;2;-22,76631837;-46,22365862;SPRF-MG;DEL16-MG;UOP03-DEL16-MG
687341;25/04/2025;sexta-feira;21:00:00;PE;407;54;PETROLINA;Condutor Dormindo;Saída de leito carroçável;Sem Vítimas;Plena Noite;Decrescente;Céu Claro;Simples;Ponte;Não;1;0;0;0;1;0;0;1;-8,82512789;-40,82441211;SPRF-PE;DEL06-PE;UOP02-DEL06-PE
687344;25/04/2025;sexta-feira;22:40:00;TO;153;150;ARAGUAINA;Manobra de mudança de faixa;Colisão frontal;Com Vítimas Feridas;Plena Noite;Crescente;Céu Claro;Simples;Reta;Não;4;0;2;1;1;0;3;3;-7,3233522;-48,3070174;SPRF-TO;DEL02-TO;UOP01-DEL02-TO
687352;25/04/2025;sexta-feira;16:40:00;RS;290;420,8;SAO GABRIEL;Acessar a via sem observar a presença dos outros veículos;Colisão transversal;Sem Vítimas;Pleno dia;Decrescente;Céu Claro;Simples;Rotatória;Não;3;0;0;0;1;2;0;3;-30,33152765;-54,35644627;SPRF-RS;DEL11-RS;UOP02-DEL11-RS
687354;25/04/2025;sexta-feira;21:00:00;MT;163;555;DIAMANTINO;Manobra de mudança de faixa;Colisão lateral sentido oposto;Com Vítimas Feridas;Plena Noite;Decrescente;Céu Claro;Simples;Reta;Não;2;0;1;0;0;1;1;2;-14,21187372;-56,09138489;SPRF-MT;DEL01-MT;UOP01-DEL01-MT
687355;25/04/2025;sexta-feira;19:30:00;RS;101;61;MAQUINE;Demais falhas mecânicas ou elétricas;Incêndio;Sem Vítimas;Plena Noite;Decrescente;Céu Claro;Dupla;Reta;Não;2;0;0;0;1;1;0;2;-29,6833029;-50,14904308;SPRF-RS;DEL03-RS;UOP02-DEL03-RS
687357;25/04/2025;sexta-feira;20:20:00;SC;101;403;MARACAJA;Manobra de mudança de faixa;Colisão traseira;Com Vítimas Feridas;Plena Noite;Crescente;Céu Claro;Dupla;Reta;Não;6;0;2;0;4;0;2;2;-28,88308423;-49,46134053;SPRF-SC;DEL02-SC;UOP02-DEL02-SC
687365;26/04/2025;sábado;01:00:00;RJ;40;83;PETROPOLIS;Demais falhas mecânicas ou elétricas;Colisão com objeto;Sem Vítimas;Plena Noite;Decrescente;Garoa/Chuvisco;Simples;Reta;Não;1;0;0;0;1;0;0;1;-22,5284686;-43,2228239;SPRF-RJ;DEL01-RJ;UOP01-DEL01-RJ
687370;26/04/2025;sábado;01:45:00;PR;277;206,9;PALMEIRA;Velocidade Incompatível;Tombamento;Com Vítimas Fatais;Plena Noite;Crescente;Céu Claro;Simples;Curva;Não;2;1;0;0;0;1;0;2;-25,471109;-50,278777;SPRF-PR;DEL08-PR;UOP02-DEL08-PR
687377;26/04/2025;sábado;03:45:00;SC;101;206,7;SAO JOSE;Reação tardia ou ineficiente do condutor;Colisão com objeto;Com Vítimas Feridas;Plena Noite;Decrescente;Céu Claro;Múltipla;"Reta;Declive";Sim;4;0;1;0;1;2;1;4;-27,59837;-48,620933;SPRF-SC;DEL01-SC;UOP01-DEL01-SC
687392;26/04/2025;sábado;06:10:00;PR;376;159;MANDAGUACU;Reação tardia ou ineficiente do condutor;Colisão traseira;Com Vítimas Feridas;Pleno dia;Crescente;Céu Claro;Dupla;Reta;Não;5;0;2;0;1;2;2;5;-23,32917342;-52,11150169;SPRF-PR;DEL09-PR;UOP02-DEL09-PR
687396;26/04/2025;sábado;05:00:00;PR;376;413,8;TIBAGI;Reação tardia ou ineficiente do condutor;Tombamento;Com Vítimas Feridas;Plena Noite;Crescente;Céu Claro;Dupla;"Curva;Declive";Não;2;0;0;1;0;1;1;2;-24,64031687;-50,62622007;SPRF-PR;DEL03-PR;UOP02-DEL03-PR
687399;26/04/2025;sábado;07:20:00;TO;153;502;PARAISO DO TOCANTINS;Reação tardia ou ineficiente do condutor;Colisão traseira;Com Vítimas Feridas;Pleno dia;Decrescente;Céu Claro;Simples;Reta;Não;3;0;1;0;1;1;1;3;-10,226;-48,87628096;SPRF-TO;DEL01-TO;UOP01-DEL01-TO
687400;25/04/2025;sexta-feira;19:30:00;MT;163;603;NOVA MUTUM;Retorno proibido;Colisão transversal;Com Vítimas Feridas;Plena Noite;Crescente;Céu Claro;Simples;"Em Obras;Reta";Não;5;0;3;0;1;3;3;5;-13,78774612;-56,06374026;SPRF-MT;DEL01-MT;UOP01-DEL01-MT
687408;26/04/2025;sábado;07:20:00;MG;365;640;UBERLANDIA;Reação tardia ou ineficiente do condutor;Colisão lateral mesmo sentido;Com Vítimas Feridas;Amanhecer;Crescente;Nevoeiro/Neblina;Dupla;Reta;Não;3;0;0;1;1;2;1;4;-18,88656846;-48,45791308;SPRF-MG;DEL15-MG;UOP01-DEL15-MG
687411;25/04/2025;sexta-feira;17:38:00;PA;163;620;TRAIRAO;Ausência de reação do condutor;Colisão lateral mesmo sentido;Com Vítimas Feridas;Pleno dia;Crescente;Céu Claro;Simples;Reta;Não;3;0;1;0;1;1;1;3;-4,721663;-56,025703;SPRF-PA;DEL05-PA;UOP03-DEL05-PA
687417;25/04/2025;sexta-feira;12:48:00;PA;163;455;ITAITUBA;Demais falhas mecânicas ou elétricas;Saída de leito carroçável;Com Vítimas Feridas;Pleno dia;Crescente;Céu Claro;Simples;Reta;Não;2;0;1;0;0;3;1;4;-5,86684;-55,711555;SPRF-PA;DEL05-PA;UOP03-DEL05-PA
687421;11/04/2025;sexta-feira;22:00:00;RS;153;24,6;TRES ARROIOS;Ultrapassagem Indevida;Colisão frontal;Com Vítimas Fatais;Plena Noite;Decrescente;Céu Claro;Simples;Curva;Não;4;1;2;0;0;1;2;3;-27,49620646;-52,11779659;SPRF-RS;DEL08-RS;UOP04-DEL08-RS
687422;25/03/2025;terça-feira;15:31:00;MG;153;14;CENTRALINA;Frear bruscamente;Saída de leito carroçável;Sem Vítimas;Pleno dia;Decrescente;Nublado;Dupla;Retorno Regulamentado;Não;3;0;0;0;2;3;0;5;-18,54453199;-49,1938358;SPRF-MG;DEL15-MG;UOP03-DEL15-MG
687434;26/04/2025;sábado;10:00:00;MG;50;134;UBERABA;Demais falhas mecânicas ou elétricas;Colisão com objeto;Com Vítimas Feridas;Pleno dia;Crescente;Céu Claro;Dupla;"Reta;Aclive";Não;3;0;1;0;2;0;1;1;-19,441215;-48,065212;SPRF-MG;DEL13-MG;UOP01-DEL13-MG
687441;26/04/2025;sábado;09:30:00;GO;80;24,7;PADRE BERNARDO;Ausência de reação do condutor;Colisão frontal;Com Vítimas Fatais;Pleno dia;Decrescente;Céu Claro;Simples;Curva;Não;2;1;0;0;1;0;0;2;-15,38405329;-48,32847118;SPRF-DF;DEL03-DF;UOP02-DEL03-DF
687443;26/04/2025;sábado;10:00:00;ES;262;64;MARECHAL FLORIANO;Curva acentuada;Tombamento;Com Vítimas Feridas;Pleno dia;Decrescente;Céu Claro;Simples;Curva;Não;3;0;2;0;0;1;2;2;-20,418668;-40,816593;SPRF-ES;DEL01-ES;UOP02-DEL01-ES
687447;26/04/2025;sábado;11:15:00;RJ;101;387;RIO DE JANEIRO;Ausência de reação do condutor;Colisão traseira;Com Vítimas Feridas;Pleno dia;Crescente;Céu Claro;Dupla;Reta;Não;2;0;1;0;1;0;1;2;-22,88679;-43,654108;SPRF-RJ;DEL03-RJ;UOP01-DEL03-RJ
687448;26/04/2025;sábado;11:35:00;PA;316;63;CASTANHAL;Acessar a via sem observar a presença dos outros veículos;Colisão lateral mesmo sentido;Com Vítimas Feridas;Pleno dia;Crescente;Nublado;Dupla;Reta;Sim;4;0;1;0;1;3;1;4;-1,2967;-47,9279;SPRF-PA;DEL01-PA;UOP01-DEL01-PA
687450;26/04/2025;sábado;09:30:00;SC;153;48,8;VARGEM BONITA;Reação tardia ou ineficiente do condutor;Colisão traseira;Com Vítimas Feridas;Pleno dia;Crescente;Céu Claro;Simples;Reta;Não;7;0;4;0;2;1;4;3;-26,90768;-51,781403;SPRF-SC;DEL07-SC;UOP07-DEL07-SC
687452;26/04/2025;sábado;03:30:00;BA;116;286;TUCANO;Condutor Dormindo;Saída de leito carroçável;Com Vítimas Feridas;Amanhecer;Decrescente;Céu Claro;Simples;"Reta;Declive;Interseção de Vias";Sim;2;0;0;1;0;1;1;2;-11,067062;-38,837763;SPRF-BA;DEL07-BA;UOP02-DEL07-BA
687463;26/04/2025;sábado;12:35:00;GO;153;651;GOIATUBA;Velocidade Incompatível;Tombamento;Com Vítimas Feridas;Pleno dia;Crescente;Céu Claro;Dupla;Reta;Não;3;0;1;0;1;1;1;2;-17,967586;-49,253546;SPRF-GO;DEL03-GO;UOP01-DEL03-GO
687470;26/04/2025;sábado;14:20:00;MG;40;618,5;CONGONHAS;Condutor deixou de manter distância do veículo da frente;Colisão traseira;Com Vítimas Feridas;Pleno dia;Crescente;Céu Claro;Simples;Reta;Não;5;0;0;1;3;1;1;4;-20,4767967;-43,8424208;SPRF-MG;DEL05-MG;UOP02-DEL05-MG
687473;26/04/2025;sábado;14:00:00;SP;116;126;CACAPAVA;Manobra de mudança de faixa;Colisão com objeto;Com Vítimas Feridas;Pleno dia;Decrescente;Céu Claro;Dupla;Reta;Não;3;0;1;1;0;1;2;2;-23,10337475;-45,69287091;SPRF-SP;DEL02-SP;UOP02-DEL02-SP
687480;26/04/2025;sábado;14:30:00;MG;262;44;MANHUACU;Condutor Dormindo;Colisão lateral sentido oposto;Com Vítimas Feridas;Pleno dia;Decrescente;Céu Claro;Simples;Reta;Não;3;0;1;0;1;2;1;4;-20,26716911;-42,103014;SPRF-MG;DEL06-MG;UOP03-DEL06-MG
687483;26/04/2025;sábado;15:40:00;PR;376;602;CURITIBA;Reação tardia ou ineficiente do condutor;Saída de leito carroçável;Com Vítimas Feridas;Pleno dia;Decrescente;Céu Claro;Dupla;"Reta;Declive";Não;2;0;1;0;0;1;1;2;-25,53144418;-49,32397842;SPRF-PR;DEL01-PR;UOP06-DEL01-PR