id;data_inversa;dia_semana;horario;uf;br;km;municipio;causa_acidente;tipo_acidente;classificacao_acidente;fase_dia;sentido_via;condicao_metereologica;tipo_pista;tracado_via;uso_solo;pessoas;mortos;feridos_leves;feridos_graves;ilesos;ignorados;feridos;veiculos;latitude;longitude;regional;delegacia;uop
687484;26/04/2025;sábado;14:45:00;SC;116;54,2;PAPANDUVA;Demais falhas mecânicas ou elétricas;Colisão com objeto;Sem Vítimas;Pleno dia;Decrescente;Céu Claro;Simples;Reta;Sim;2;0;0;0;1;1;0;2;-26,39332327;-50,17585337;SPRF-SC;DEL06-SC;UOP02-DEL06-SC
687492;26/04/2025;sábado;14:20:00;MG;381;173;GOVERNADOR VALADARES;Reação tardia ou ineficiente do condutor;Saída de leito carroçável;Com Vítimas Feridas;Pleno dia;Crescente;Céu Claro;Simples;Curva;Não;2;0;1;0;1;0;1;2;-18,97243795;-42,0954454;SPRF-MG;DEL06-MG;UOP01-DEL06-MG
687494;26/04/2025;sábado;17:15:00;BA;116;18;VITORIA DA CONQUISTA;Acessar a via sem observar a presença dos outros veículos;Colisão lateral mesmo sentido;Com Vítimas Feridas;Anoitecer;Decrescente;Nublado;Simples;Reta;Sim;4;0;2;0;1;1;2;3;-14,89652;-40,83093;SPRF-BA;DEL08-BA;UOP01-DEL08-BA
687496;26/04/2025;sábado;16:15:00;SC;101;142,8;BALNEARIO CAMBORIU;Objeto estático sobre o leito carroçável;Colisão com objeto;Com Vítimas Feridas;Pleno dia;Decrescente;Sol;Dupla;Curva;Não;2;0;1;0;1;0;1;2;-27,0492504;-48,59780638;SPRF-SC;DEL04-SC;UOP03-DEL04-SC
687503;26/04/2025;sábado;19:00:00;TO;153;303;PRESIDENTE KENNEDY;Ausência de reação do condutor;Colisão traseira;Com Vítimas Fatais;Plena Noite;Crescente;Céu Claro;Simples;Reta;Não;3;1;0;0;1;1;0;3;-8,55031476;-48,48293781;SPRF-TO;DEL02-TO;UOP02-DEL02-TO
687509;26/04/2025;sábado;13:20:00;MG;153;41;CANAPOLIS;Ausência de reação do condutor;Colisão traseira;Com Vítimas Feridas;Pleno dia;Crescente;Nublado;Dupla;"Reta;Em Obras";Não;5;0;1;0;3;2;1;4;-18,749364;-49,08565;SPRF-MG;DEL15-MG;UOP03-DEL15-MG
687512;26/04/2025;sábado;19:38:00;TO;153;679,8;CARIRI DO TOCANTINS;Conversão proibida;Tombamento;Com Vítimas Feridas;Plena Noite;Crescente;Céu Claro;Simples;Reta;Não;3;0;1;0;1;1;1;3;-11,793972;-49,120086;SPRF-TO;DEL01-TO;UOP02-DEL01-TO
687542;26/04/2025;sábado;20:50:00;GO;50;99;CRISTALINA;Acesso irregular;Colisão transversal;Com Vítimas Feridas;Plena Noite;Decrescente;Céu Claro;Dupla;Reta;Sim;4;0;1;1;1;3;2;5;-16,7763;-47,624894;SPRF-DF;DEL01-DF;UOP02-DEL01-DF
687552;26/04/2025;sábado;12:50:00;BA;242;463;IBITIARA;Demais falhas mecânicas ou elétricas;Incêndio;Sem Vítimas;Pleno dia;Decrescente;Céu Claro;Simples;"Aclive;Reta";Não;2;0;0;0;1;2;0;3;-12,446022;-42,170291;SPRF-BA;DEL06-BA;UOP01-DEL06-BA
687572;26/04/2025;sábado;20:30:00;RO;364;70;VILHENA;Ultrapassagem Indevida;Colisão lateral mesmo sentido;Com Vítimas Feridas;Plena Noite;Decrescente;Céu Claro;Simples;"Declive;Reta";Não;3;0;1;1;0;1;2;2;-12,49687781;-60,49130023;SPRF-RO;DEL04-RO;UOP01-DEL04-RO
687582;27/04/2025;domingo;01:30:00;CE;116;504,1;BREJO SANTO;Ingestão de álcool pelo condutor;Colisão frontal;Com Vítimas Feridas;Plena Noite;Decrescente;Céu Claro;Simples;Reta;Sim;3;0;0;1;1;1;1;3;-7,506367;-38,987283;SPRF-CE;DEL05-CE;UOP03-DEL05-CE
687593;27/04/2025;domingo;01:30:00;RN;304;101,2;ACU;Ingestão de álcool pelo condutor;Colisão frontal;Com Vítimas Feridas;Plena Noite;Crescente;Céu Claro;Simples;Aclive;Não;2;0;1;0;1;0;1;2;-5,580398;-37,014288;SPRF-RN;DEL04-RN;UOP01-DEL04-RN
687601;26/04/2025;sábado;21:20:00;MG;40;569;NOVA LIMA;Ausência de reação do condutor;Colisão lateral mesmo sentido;Com Vítimas Feridas;Plena Noite;Decrescente;Céu Claro;Simples;Reta;Sim;3;0;2;0;0;1;2;2;-20,21275;-43,972783;SPRF-MG;DEL01-MG;UOP02-DEL01-MG
687607;27/04/2025;domingo;07:00:00;PR;376;605;CURITIBA;Acessar a via sem observar a presença dos outros veículos;Tombamento;Com Vítimas Feridas;Amanhecer;Crescente;Nevoeiro/Neblina;Dupla;Interseção de Vias;Não;2;0;1;0;1;0;1;2;-25,5428674;-49,30903316;SPRF-PR;DEL01-PR;UOP06-DEL01-PR
687608;27/04/2025;domingo;06:30:00;CE;116;54;PACAJUS;Velocidade Incompatível;Tombamento;Com Vítimas Feridas;Pleno dia;Decrescente;Céu Claro;Múltipla;Curva;Sim;1;0;1;0;0;0;1;1;-4,19732511;-38,46940267;SPRF-CE;DEL01-CE;UOP02-DEL01-CE
687609;27/04/2025;domingo;06:00:00;BA;116;522;ITATIM;Transitar na contramão;Colisão lateral sentido oposto;Com Vítimas Feridas;Pleno dia;Crescente;Céu Claro;Simples;Reta;Não;8;0;4;0;0;4;4;5;-12,71584396;-39,74423983;SPRF-BA;DEL03-BA;UOP02-DEL03-BA
687612;27/04/2025;domingo;06:58:00;PR;277;328;GUARAPUAVA;Condutor usando celular;Saída de leito carroçável;Com Vítimas Feridas;Amanhecer;Crescente;Nevoeiro/Neblina;Simples;Curva;Não;1;0;1;0;0;0;1;1;-25,35955731;-51,35379051;SPRF-PR;DEL08-PR;UOP01-DEL08-PR
687628;27/04/2025;domingo;06:20:00;RO;364;540;ALTO PARAISO;Ausência de reação do condutor;Tombamento;Com Vítimas Feridas;Pleno dia;Decrescente;Céu Claro;Simples;"Curva;Declive";Não;2;0;1;0;0;1;1;2;-9,72128174;-63,11996341;SPRF-RO;DEL03-RO;UOP01-DEL03-RO
687631;27/04/2025;domingo;10:25:00;MG;40;466;SETE LAGOAS;Transtornos Mentais (exceto suicidio);Atropelamento de Pedestre;Com Vítimas Fatais;Pleno dia;Decrescente;Céu Claro;Dupla;Reta;Não;4;1;0;0;1;2;0;3;-19,45293;-44,31352;SPRF-MG;DEL02-MG;UOP01-DEL02-MG
687644;27/04/2025;domingo;11:42:00;MG;381;3;BETIM;Demais falhas mecânicas ou elétricas;Incêndio;Sem Vítimas;Pleno dia;Decrescente;Céu Claro;Dupla;Reta;Sim;2;0;0;0;2;0;0;1;-19,984637;-44,166826;SPRF-MG;DEL01-MG;UOP03-DEL01-MG
687650;27/04/2025;domingo;11:20:00;PI;316;182;VALENCA DO PIAUI;Manobra de mudança de faixa;Capotamento;Com Vítimas Feridas;Pleno dia;Crescente;Céu Claro;Simples;Reta;Não;5;0;0;1;2;2;1;5;-6,406144;-41,8381824;SPRF-PI;DEL04-PI;UOP02-DEL04-PI
687651;27/04/2025;domingo;12:10:00;BA;116;781,7;PLANALTO;Ultrapassagem Indevida;Colisão frontal;Com Vítimas Fatais;Pleno dia;Crescente;Céu Claro;Simples;Reta;Não;3;1;0;0;1;2;0;4;-14,67639395;-40,50283253;SPRF-BA;DEL08-BA;UOP02-DEL08-BA
687656;27/04/2025;domingo;12:50:00;CE;222;339;TIANGUA;Avarias e/ou desgaste excessivo no pneu;Incêndio;Sem Vítimas;Pleno dia;Crescente;Céu Claro;Simples;Reta;Não;2;0;0;0;1;2;0;3;-3,889623;-41,182073;SPRF-CE;DEL04-CE;UOP02-DEL04-CE
687659;11/04/2025;sexta-feira;15:12:00;MG;381;820;CAREACU;Condutor deixou de manter distância do veículo da frente;Colisão traseira;Com Vítimas Feridas;Pleno dia;Decrescente;Céu Claro;Dupla;Reta;Não;3;0;1;0;1;1;1;3;-22,068578;-45,702822;SPRF-MG;DEL16-MG;UOP02-DEL16-MG
687662;27/04/2025;domingo;10:02:00;SC;163;108,3;GUARUJA DO SUL;Velocidade Incompatível;Tombamento;Com Vítimas Feridas;Pleno dia;Crescente;Céu Claro;Simples;"Declive;Curva";Não;2;0;1;0;0;1;1;2;-26,40924437;-53,52238655;SPRF-SC;DEL07-SC;UOP03-DEL07-SC
687665;27/04/2025;domingo;14:40:00;ES;101;393;RIO NOVO DO SUL;Acessar a via sem observar a presença dos outros veículos;Colisão lateral sentido oposto;Com Vítimas Feridas;Pleno dia;Crescente;Sol;Simples;Reta;Não;3;0;0;1;1;1;1;3;-20,86647455;-40,90843678;SPRF-ES;DEL03-ES;UOP02-DEL03-ES
687671;27/04/2025;domingo;11:35:00;MT;364;208;RONDONOPOLIS;Avarias e/ou desgaste excessivo no pneu;Saída de leito carroçável;Com Vítimas Feridas;Pleno dia;Crescente;Sol;Dupla;Reta;Sim;2;0;1;0;0;1;1;2;-16,43653795;-54,68225956;SPRF-MT;DEL02-MT;UOP01-DEL02-MT
687685;27/04/2025;domingo;10:20:00;MA;222;622;ACAILANDIA;Reação tardia ou ineficiente do condutor;Saída de leito carroçável;Com Vítimas Feridas;Pleno dia;Crescente;Céu Claro;Simples;"Curva;Aclive";Não;2;0;1;0;0;1;1;2;-4,763407;-47,051567;SPRF-MA;DEL04-MA;UOP03-DEL04-MA
687688;27/04/2025;domingo;16:50:00;BA;116;509;SANTA TERESINHA;Ultrapassagem Indevida;Colisão frontal;Com Vítimas Feridas;Pleno dia;Decrescente;Céu Claro;Simples;Curva;Não;3;0;0;1;1;1;1;3;-12,60718961;-39,55731964;SPRF-BA;DEL02-BA;UOP01-DEL02-BA
687694;27/04/2025;domingo;15:30:00;MT;163;1102;GUARANTA DO NORTE;Velocidade Incompatível;Tombamento;Com Vítimas Feridas;Pleno dia;Crescente;Céu Claro;Simples;"Declive;Curva";Não;2;0;0;1;0;2;1;3;-9,6495794;-54,873038;SPRF-MT;DEL06-MT;UOP03-DEL06-MT
687695;27/04/2025;domingo;15:30:00;RJ;116;236;PIRAI;Ausência de reação do condutor;Colisão traseira;Com Vítimas Feridas;Pleno dia;Decrescente;Sol;Múltipla;Reta;Não;5;0;1;1;2;1;2;3;-22,66763285;-43,85911435;SPRF-RJ;DEL07-RJ;UOP01-DEL07-RJ
687715;27/04/2025;domingo;18:00:00;RS;153;50,8;ERECHIM;Acesso irregular;Colisão transversal;Sem Vítimas;Anoitecer;Decrescente;Garoa/Chuvisco;Simples;Rotatória;Sim;3;0;0;0;1;2;0;3;-27,65715102;-52,27801323;SPRF-RS;DEL08-RS;UOP04-DEL08-RS
687720;27/04/2025;domingo;14:00:00;MT;174;329;PONTES E LACERDA;Transitar na contramão;Colisão frontal;Com Vítimas Fatais;Pleno dia;Crescente;Sol;Simples;Reta;Não;2;1;1;0;0;0;1;2;-14,90571;-59,293703;SPRF-MT;DEL04-MT;UOP01-DEL04-MT
687730;27/04/2025;domingo;18:50:00;TO;153;392;RIO DOS BOIS;Acesso irregular;Colisão transversal;Sem Vítimas;Plena Noite;Decrescente;Chuva;Simples;Curva;Sim;3;0;0;0;2;1;0;3;-9,33787842;-48,53510767;SPRF-TO;DEL02-TO;UOP02-DEL02-TO
687734;27/04/2025;domingo;19:10:00;MT;70;505;CUIABA;Transitar na contramão;Colisão frontal;Com Vítimas Feridas;Plena Noite;Crescente;Chuva;Simples;Reta;Não;3;0;1;1;1;0;2;2;-15,70099174;-56,04875833;SPRF-MT;DEL01-MT;UOP02-DEL01-MT
687736;27/04/2025;domingo;20:00:00;BA;116;542;ITATIM;Acessar a via sem observar a presença dos outros veículos;Colisão transversal;Com Vítimas Feridas;Plena Noite;Decrescente;Céu Claro;Simples;"Reta;Interseção de Vias";Não;2;0;1;0;1;0;1;2;-12,84696;-39,84111;SPRF-BA;DEL03-BA;UOP02-DEL03-BA
687737;27/04/2025;domingo;16:45:00;MA;316;561;CAXIAS;Manobra de mudança de faixa;Colisão frontal;Com Vítimas Feridas;Pleno dia;Decrescente;Céu Claro;Simples;Reta;Não;2;0;0;1;1;0;1;2;-4,892597;-43,277167;SPRF-MA;DEL03-MA;UOP02-DEL03-MA
687744;27/04/2025;domingo;20:30:00;MG;381;333;JOAO MONLEVADE;Velocidade Incompatível;Saída de leito carroçável;Com Vítimas Feridas;Plena Noite;Crescente;Nublado;Simples;"Curva;Declive";Não;1;0;1;0;0;0;1;1;-19,841024;-43,1751168;SPRF-MG;DEL03-MG;UOP01-DEL03-MG
687754;27/04/2025;domingo;20:30:00;BA;101;368,3;GANDU;Condutor deixou de manter distância do veículo da frente;Colisão traseira;Sem Vítimas;Plena Noite;Decrescente;Céu Claro;Simples;Reta;Não;2;0;0;0;1;1;0;2;-13,7622941;-39,4911617;SPRF-BA;DEL05-BA;UOP03-DEL05-BA
687755;27/04/2025;domingo;15:20:00;MG;251;330,5;FRUTA DE LEITE;Transitar na contramão;Tombamento;Com Vítimas Feridas;Pleno dia;Decrescente;Céu Claro;Simples;Curva;Não;9;0;5;1;2;2;6;6;-16,24688;-42,38235;SPRF-MG;DEL12-MG;UOP02-DEL12-MG
687761;27/04/2025;domingo;11:30:00;BA;116;580;NOVA ITARANA;Ultrapassagem Indevida;Colisão frontal;Sem Vítimas;Pleno dia;Decrescente;Céu Claro;Múltipla;"Reta;Aclive";Não;3;0;0;0;2;2;0;4;-13,14505097;-40,00217225;SPRF-BA;DEL03-BA;UOP02-DEL03-BA
687762;27/04/2025;domingo;22:54:00;PE;232;396;SERRA TALHADA;Animais na Pista;Atropelamento de Animal;Com Vítimas Feridas;Plena Noite;Decrescente;Céu Claro;Simples;Reta;Não;5;0;3;1;0;1;4;3;-7,9887397;-38,2559815;SPRF-PE;DEL04-PE;UOP01-DEL04-PE
687769;27/04/2025;domingo;20:05:00;MT;158;622,8;AGUA BOA;Reação tardia ou ineficiente do condutor;Tombamento;Com Vítimas Feridas;Plena Noite;Decrescente;Céu Claro;Simples;Reta;Não;2;0;1;0;0;1;1;2;-14,0868989;-52,1609649;SPRF-MT;DEL07-MT;UOP02-DEL07-MT
687771;28/04/2025;segunda-feira;00:47:00;CE;116;34;AQUIRAZ;Ausência de reação do condutor;Saída de leito carroçável;Sem Vítimas;Plena Noite;Crescente;Chuva;Dupla;Declive;Sim;2;0;0;0;1;2;0;3;-4,0483;-38,5066954;SPRF-CE;DEL01-CE;UOP02-DEL01-CE
687784;27/04/2025;domingo;19:15:00;MG;381;385;SAO GONCALO DO RIO ABAIXO;Velocidade Incompatível;Tombamento;Com Vítimas Feridas;Plena Noite;Crescente;Chuva;Simples;Curva;Não;2;0;0;1;0;1;1;2;-19,82180373;-43,38751629;SPRF-MG;DEL01-MG;UOP01-DEL01-MG
687786;28/04/2025;segunda-feira;00:00:00;ES;101;33;CONCEICAO DA BARRA;Condutor Dormindo;Saída de leito carroçável;Com Vítimas Feridas;Plena Noite;Crescente;Céu Claro;Simples;Reta;Não;2;0;1;0;0;2;1;3;-18,44622978;-39,93204117;SPRF-ES;DEL04-ES;UOP02-DEL04-ES
687787;28/04/2025;segunda-feira;04:00:00;PE;104;68,8;CARUARU;Ausência de reação do condutor;Colisão traseira;Com Vítimas Feridas;Amanhecer;Crescente;Céu Claro;Dupla;Reta;Sim;3;0;1;1;1;0;2;2;-8,31279601;-35,99090751;SPRF-PE;DEL02-PE;UOP01-DEL02-PE
687801;27/04/2025;domingo;20:30:00;MA;135;188,8;SAO MATEUS DO MARANHAO;Ausência de reação do condutor;Saída de leito carroçável;Com Vítimas Feridas;Plena Noite;Decrescente;Céu Claro;Simples;"Ponte;Reta";Não;1;0;0;1;0;0;1;1;-4,02912248;-44,46541787;SPRF-MA;DEL03-MA;UOP01-DEL03-MA
687806;10/03/2025;segunda-feira;02:30:00;CE;222;304,8;TIANGUA;Transitar na contramão;Colisão frontal;Com Vítimas Fatais;Plena Noite;Crescente;Nevoeiro/Neblina;Simples;"Declive;Reta";Sim;2;1;1;0;0;0;1;2;-3,67270943;-40,96580744;SPRF-CE;DEL04-CE;UOP02-DEL04-CE
687811;14/04/2025;segunda-feira;23:30:00;BA;101;883,8;TEIXEIRA DE FREITAS;Velocidade Incompatível;Tombamento;Sem Vítimas;Plena Noite;Decrescente;Nublado;Simples;"Curva;Declive";Não;1;0;0;0;1;0;0;1;-17,60034628;-39,74857718;SPRF-BA;DEL09-BA;UOP02-DEL09-BA
687815;28/04/2025;segunda-feira;08:20:00;BA;116;832,5;VITORIA DA CONQUISTA;Desrespeitar a preferência no cruzamento;Colisão transversal;Sem Vítimas;Pleno dia;Crescente;Sol;Simples;"Reta;Interseção de Vias";Não;3;0;0;0;2;1;0;3;-14,92944275;-40,88643551;SPRF-BA;DEL08-BA;UOP01-DEL08-BA
687817;28/04/2025;segunda-feira;08:45:00;SC;101;212,2;PALHOCA;Ausência de reação do condutor;Colisão traseira;Com Vítimas Feridas;Pleno dia;Crescente;Céu Claro;Múltipla;Reta;Sim;8;0;0;2;5;1;2;7;-27,63162;-48,66078;SPRF-SC;DEL01-SC;UOP02-DEL01-SC
687821;28/04/2025;segunda-feira;08:00:00;RJ;493;68;NOVA IGUACU;Ultrapassagem Indevida;Colisão lateral mesmo sentido;Com Vítimas Feridas;Pleno dia;Decrescente;Céu Claro;Dupla;Curva;Não;4;0;1;0;2;1;1;4;-22,68203;-43,474396;SPRF-RJ;DEL01-RJ;UOP03-DEL01-RJ
687826;27/04/2025;domingo;21:00:00;PA;163;494;ITAITUBA;Mal súbito do condutor;Saída de leito carroçável;Com Vítimas Fatais;Plena Noite;Crescente;Nublado;Simples;Curva;Não;2;1;0;0;0;2;0;3;-5,59035964;-55,81535339;SPRF-PA;DEL05-PA;UOP03-DEL05-PA
687827;28/04/2025;segunda-feira;08:30:00;BA;116;498;SANTA TERESINHA;Condutor Dormindo;Colisão lateral sentido oposto;Com Vítimas Feridas;Pleno dia;Crescente;Céu Claro;Simples;Reta;Não;3;0;1;0;1;1;1;3;-12,598142;-39,5394052;SPRF-BA;DEL02-BA;UOP01-DEL02-BA
687832;28/04/2025;segunda-feira;10:10:00;RS;290;102;PORTO ALEGRE;Problema com o freio;Colisão traseira;Sem Vítimas;Pleno dia;Crescente;Céu Claro;Dupla;"Reta;Ponte";Não;7;0;0;0;6;1;0;5;-29,98974831;-51,26519404;SPRF-RS;DEL01-RS;UOP01-DEL01-RS
687833;28/04/2025;segunda-feira;10:40:00;SC;101;334,8;TUBARAO;Ausência de reação do condutor;Colisão traseira;Com Vítimas Feridas;Pleno dia;Crescente;Céu Claro;Múltipla;Reta;Sim;3;0;0;1;1;1;1;3;-28,47383133;-49,02577043;SPRF-SC;DEL02-SC;UOP01-DEL02-SC
687838;07/04/2025;segunda-feira;12:30:00;BA;242;323;LAJEDINHO;Reação tardia ou ineficiente do condutor;Tombamento;Com Vítimas Feridas;Pleno dia;Crescente;Céu Claro;Simples;Curva;Não;1;0;0;1;0;0;1;1;-12,46562;-41,085393;SPRF-BA;DEL06-BA;UOP02-DEL06-BA
687839;28/04/2025;segunda-feira;07:40:00;RJ;101;306;SAO GONCALO;Problema com o freio;Engavetamento;Com Vítimas Feridas;Pleno dia;Crescente;Céu Claro;Dupla;Reta;Sim;6;0;2;0;4;0;2;4;-22,78851565;-43,00308164;SPRF-RJ;DEL02-RJ;UOP02-DEL02-RJ
687843;28/04/2025;segunda-feira;11:00:00;PR;376;261,9;CALIFORNIA;Demais falhas mecânicas ou elétricas;Incêndio;Sem Vítimas;Pleno dia;Decrescente;Céu Claro;Dupla;"Reta;Aclive";Não;2;0;0;0;1;1;0;2;-23,6946938;-51,34237139;SPRF-PR;DEL07-PR;UOP03-DEL07-PR
687850;28/04/2025;segunda-feira;12:30:00;SC;101;214,2;PALHOCA;Carga excessiva e/ou mal acondicionada;Colisão com objeto;Com Vítimas Feridas;Pleno dia;Decrescente;Céu Claro;Múltipla;Reta;Sim;2;0;1;0;0;1;1;2;-27,64644;-48,67151;SPRF-SC;DEL01-SC;UOP02-DEL01-SC
687852;28/04/2025;segunda-feira;10:20:00;RJ;356;110;ITAPERUNA;Ausência de reação do condutor;Tombamento;Com Vítimas Feridas;Pleno dia;Crescente;Céu Claro;Simples;Reta;Não;2;0;1;0;0;1;1;2;-21,2584541;-41,7691288;SPRF-RJ;DEL08-RJ;UOP03-DEL08-RJ
687854;28/04/2025;segunda-feira;12:30:00;DF;60;10,2;BRASILIA;Reação tardia ou ineficiente do condutor;Colisão com objeto;Sem Vítimas;Pleno dia;Crescente;Céu Claro;Dupla;Reta;Não;3;0;0;0;3;0;0;1;-15,910363;-48,15236;SPRF-DF;DEL03-DF;UOP01-DEL03-DF
687858;28/04/2025;segunda-feira;13:00:00;PR;369;405;JURANDA;Avarias e/ou desgaste excessivo no pneu;Saída de leito carroçável;Com Vítimas Feridas;Pleno dia;Crescente;Céu Claro;Simples;Reta;Não;2;0;1;0;1;0;1;1;-24,395718;-52,805729;SPRF-PR;DEL04-PR;UOP03-DEL04-PR
687859;28/04/2025;segunda-feira;10:24:00;MA;222;415;SANTA LUZIA;Demais falhas na via;Colisão frontal;Com Vítimas Feridas;Pleno dia;Decrescente;Céu Claro;Simples;Reta;Não;3;0;0;1;1;1;1;3;-4,001773;-45,7182118;SPRF-MA;DEL02-MA;UOP01-DEL02-MA
687860;03/03/2025;segunda-feira;11:30:00;ES;262;163,5;IBATIBA;Ausência de reação do condutor;Colisão com objeto;Com Vítimas Feridas;Pleno dia;Decrescente;Céu Claro;Simples;"Reta;Aclive";Não;2;0;0;1;1;0;1;2;-20,241077;-41,546752;SPRF-ES;DEL01-ES;UOP02-DEL01-ES
687863;28/04/2025;segunda-feira;12:35:00;MG;365;621,5;UBERLANDIA;Reação tardia ou ineficiente do condutor;Engavetamento;Sem Vítimas;Pleno dia;Crescente;Chuva;Dupla;"Reta;Aclive";Sim;4;0;0;0;4;0;0;4;-18,8886492;-48,2685643;SPRF-MG;DEL15-MG;UOP01-DEL15-MG
687864;12/04/2025;sábado;08:10:00;TO;10;495;APARECIDA DO RIO NEGRO;Avarias e/ou desgaste excessivo no pneu;Tombamento;Com Vítimas Feridas;Pleno dia;Crescente;Céu Claro;Simples;"Declive;Curva";Não;2;0;1;0;0;2;1;3;-10,126175;-48,174603;SPRF-TO;DEL01-TO;UOP03-DEL01-TO
687865;21/03/2025;sexta-feira;23:30:00;SC;101;108;PENHA;Demais falhas mecânicas ou elétricas;Incêndio;Sem Vítimas;Plena Noite;Crescente;Céu Claro;Dupla;Reta;Não;1;0;0;0;1;0;0;1;-26,83248156;-48,69443715;SPRF-SC;DEL03-SC;UOP02-DEL03-SC
687869;28/04/2025;segunda-feira;13:10:00;PR;476;340,6;PAULA FREITAS;Manobra de mudança de faixa;Colisão lateral sentido oposto;Com Vítimas Feridas;Pleno dia;Crescente;Céu Claro;Simples;Em Obras;Não;3;0;1;0;1;1;1;3;-26,16714933;-50,90050936;SPRF-PR;DEL02-PR;UOP03-DEL02-PR
687870;28/04/2025;segunda-feira;11:26:00;GO;153;63;PORANGATU;Ingestão de álcool pelo condutor;Saída de leito carroçável;Sem Vítimas;Pleno dia;Decrescente;Céu Claro;Simples;Reta;Não;2;0;0;0;1;2;0;3;-13,37354;-49,12628;SPRF-GO;DEL07-GO;UOP01-DEL07-GO
687872;28/04/2025;segunda-feira;14:15:00;PR;476;164,9;ARAUCARIA;Ingestão de álcool pelo condutor;Colisão lateral sentido oposto;Com Vítimas Fatais;Pleno dia;Decrescente;Céu Claro;Simples;Reta;Não;8;1;2;2;3;0;4;4;-25,64440015;-49,47335052;SPRF-PR;DEL01-PR;UOP06-DEL01-PR
687873;28/04/2025;segunda-feira;12:22:00;MT;163;834,4;SINOP;Reação tardia ou ineficiente do condutor;Colisão lateral mesmo sentido;Com Vítimas Feridas;Pleno dia;Crescente;Céu Claro;Dupla;Retorno Regulamentado;Sim;2;0;1;0;1;0;1;2;-11,86681232;-55,49641225;SPRF-MT;DEL06-MT;UOP02-DEL06-MT
687874;28/04/2025;segunda-feira;09:30:00;MT;70;154;GENERAL CARNEIRO;Ultrapassagem Indevida;Saída de leito carroçável;Sem Vítimas;Pleno dia;Crescente;Sol;Simples;"Reta;Declive";Não;3;0;0;0;1;2;0;3;-15,59000836;-53,29106642;SPRF-MT;DEL07-MT;UOP01-DEL07-MT
687875;27/03/2025;quinta-feira;14:30:00;MA;226;51;LAJEADO NOVO;Pista esburacada;Tombamento;Com Vítimas Feridas;Pleno dia;Decrescente;Céu Claro;Simples;Reta;Não;2;0;1;0;0;1;1;2;-6,19211364;-47,033741;SPRF-MA;DEL03-MA;UOP02-DEL03-MA
687882;28/04/2025;segunda-feira;15:45:00;PB;230;403,2;POMBAL;Transitar na contramão;Colisão lateral sentido oposto;Com Vítimas Fatais;Pleno dia;Crescente;Céu Claro;Simples;Reta;Não;4;1;0;0;1;2;0;4;-6,793353;-37,785485;SPRF-PB;DEL03-PB;UOP02-DEL03-PB
687883;28/04/2025;segunda-feira;06:30:00;BA;324;445;RIACHAO DO JACUIPE;Ausência de reação do condutor;Colisão lateral sentido oposto;Com Vítimas Fatais;Pleno dia;Crescente;Nublado;Simples;Reta;Não;4;1;0;1;2;0;1;3;-11,85021;-39,33838;SPRF-BA;DEL04-BA;UOP02-DEL04-BA
687884;04/04/2025;sexta-feira;16:45:00;ES;101;231,1;FUNDAO;Pedestre cruzava a pista fora da faixa;Atropelamento de Pedestre;Com Vítimas Feridas;Anoitecer;Crescente;Céu Claro;Simples;Reta;Não;4;0;1;0;1;2;1;3;-19,94581667;-40,40393333;SPRF-ES;DEL02-ES;UOP01-DEL02-ES
687885;28/04/2025;segunda-feira;16:43:00;RJ;101;70;CAMPOS DOS GOYTACAZES;Condutor Dormindo;Colisão lateral sentido oposto;Com Vítimas Feridas;Pleno dia;Crescente;Céu Claro;Simples;Reta;Não;4;0;2;0;1;1;2;3;-21,775219;-41,363228;SPRF-RJ;DEL08-RJ;UOP02-DEL08-RJ
687886;28/04/2025;segunda-feira;16:15:00;PR;277;726,4;FOZ DO IGUACU;Acessar a via sem observar a presença dos outros veículos;Queda de ocupante de veículo;Com Vítimas Fatais;Pleno dia;Crescente;Sol;Dupla;Curva;Sim;7;1;0;0;2;4;0;5;-25,51033;-54,55818;SPRF-PR;DEL05-PR;UOP03-DEL05-PR
687887;28/04/2025;segunda-feira;16:20:00;PR;376;298,5;MAUA DA SERRA;Desrespeitar a preferência no cruzamento;Colisão transversal;Com Vítimas Feridas;Pleno dia;Decrescente;Céu Claro;Dupla;Aclive;Não;3;0;1;0;2;0;1;2;-23,930786;-51,16943328;SPRF-PR;DEL07-PR;UOP02-DEL07-PR
687888;28/04/2025;segunda-feira;16:06:00;PR;153;484,5;GENERAL CARNEIRO;Desrespeitar a preferência no cruzamento;Colisão transversal;Sem Vítimas;Pleno dia;Crescente;Céu Claro;Dupla;Interseção de Vias;Não;3;0;0;0;2;2;0;4;-26,387;-51,27305;SPRF-PR;DEL02-PR;UOP03-DEL02-PR
687889;28/04/2025;segunda-feira;14:45:00;AM;174;896;PRESIDENTE FIGUEIREDO;Problema na suspensão;Tombamento;Com Vítimas Feridas;Pleno dia;Decrescente;Céu Claro;Simples;Rotatória;Não;2;0;1;0;0;1;1;2;-2,08149504;-60,0077672;SPRF-AM;DEL01-AM;UOP01-DEL01-AM
687892;28/04/2025;segunda-feira;11:30:00;BA;242;515;OLIVEIRA DOS BREJINHOS;Demais falhas mecânicas ou elétricas;Incêndio;Sem Vítimas;Pleno dia;Crescente;Céu Claro;Simples;Reta;Não;2;0;0;0;1;1;0;2;-12,34505164;-42,51217738;SPRF-BA;DEL06-BA;UOP01-DEL06-BA
687894;28/04/2025;segunda-feira;13:30:00;MT;70;220;GENERAL CARNEIRO;Ausência de reação do condutor;Tombamento;Com Vítimas Feridas;Pleno dia;Decrescente;Céu Claro;Simples;Curva;Não;2;0;1;0;0;2;1;3;-15,68222;-53,8495;SPRF-MT;DEL05-MT;UOP01-DEL05-MT