id;data_inversa;dia_semana;horario;uf;br;km;municipio;causa_acidente;tipo_acidente;classificacao_acidente;fase_dia;sentido_via;condicao_metereologica;tipo_pista;tracado_via;uso_solo;pessoas;mortos;feridos_leves;feridos_graves;ilesos;ignorados;feridos;veiculos;latitude;longitude;regional;delegacia;uop
688222;30/04/2025;quarta-feira;05:00:00;BA;101;300,5;VALENCA;Ausência de reação do condutor;Saída de leito carroçável;Com Vítimas Fatais;Amanhecer;Crescente;Céu Claro;Simples;"Aclive;Curva";Não;3;1;0;0;1;1;0;3;-13,26449939;-39,32683659;SPRF-BA;DEL01-BA;UOP02-DEL01-BA
688223;30/04/2025;quarta-feira;10:30:00;PB;230;20;JOAO PESSOA;Manobra de mudança de faixa;Colisão traseira;Com Vítimas Fatais;Pleno dia;Decrescente;Sol;Dupla;"Curva;Declive";Sim;4;1;0;0;2;1;0;4;-7,13693;-34,854;SPRF-PB;DEL01-PB;UOP01-DEL01-PB
688224;23/02/2025;domingo;15:15:00;GO;153;28,8;PORANGATU;Transitar na contramão;Colisão lateral sentido oposto;Com Vítimas Fatais;Pleno dia;Decrescente;Céu Claro;Simples;Reta;Não;8;3;0;1;3;2;1;5;-13,08264;-49,19062;SPRF-GO;DEL07-GO;UOP01-DEL07-GO
688225;30/04/2025;quarta-feira;09:50:00;RJ;101;276;BARRA MANSA;Demais falhas mecânicas ou elétricas;Incêndio;Sem Vítimas;Pleno dia;Crescente;Sol;Dupla;Reta;Não;2;0;0;0;1;1;0;2;-22,56161343;-44,16553108;SPRF-RJ;DEL02-RJ;UOP03-DEL02-RJ
688226;30/04/2025;quarta-feira;06:45:00;GO;364;284;MINEIROS;Transitar na contramão;Colisão frontal;Com Vítimas Fatais;Amanhecer;Decrescente;Nevoeiro/Neblina;Simples;Curva;Não;4;1;2;0;0;1;2;3;-17,609052;-52,424952;SPRF-GO;DEL05-GO;UOP01-DEL05-GO
688227;30/04/2025;quarta-feira;09:55:00;PR;376;664;GUARATUBA;Velocidade Incompatível;Colisão lateral mesmo sentido;Com Vítimas Feridas;Pleno dia;Crescente;Céu Claro;Dupla;"Curva;Declive";Não;5;0;0;1;3;4;1;8;-25,85590672;-48,95226566;SPRF-PR;DEL01-PR;UOP04-DEL01-PR
688228;30/04/2025;quarta-feira;10:00:00;RO;364;703;PORTO VELHO;Manobra de mudança de faixa;Colisão lateral mesmo sentido;Sem Vítimas;Pleno dia;Decrescente;Chuva;Dupla;"Reta;Retorno Regulamentado";Não;2;0;0;0;2;0;0;2;-8,80060043;-63,79696369;SPRF-RO;DEL01-RO;UOP01-DEL01-RO
688233;30/04/2025;quarta-feira;10:45:00;RS;285;197;LAGOA VERMELHA;Acessar a via sem observar a presença dos outros veículos;Colisão transversal;Com Vítimas Feridas;Pleno dia;Crescente;Céu Claro;Simples;Rotatória;Sim;4;0;1;0;1;2;1;4;-28,21435903;-51,51012897;SPRF-RS;DEL08-RS;UOP05-DEL08-RS
688235;30/04/2025;quarta-feira;11:10:00;MG;381;344;JOAO MONLEVADE;Chuva;Colisão lateral sentido oposto;Com Vítimas Feridas;Pleno dia;Decrescente;Garoa/Chuvisco;Simples;"Curva;Aclive";Não;11;0;2;0;9;0;2;4;-19,8499931;-43,1510414;SPRF-MG;DEL03-MG;UOP01-DEL03-MG
688240;30/04/2025;quarta-feira;11:20:00;MG;381;508;SAO JOAQUIM DE BICAS;Objeto estático sobre o leito carroçável;Engavetamento;Com Vítimas Feridas;Pleno dia;Crescente;Céu Claro;Dupla;Curva;Sim;6;0;1;1;3;1;2;6;-20,04505044;-44,27324581;SPRF-MG;DEL01-MG;UOP03-DEL01-MG
688242;30/04/2025;quarta-feira;12:20:00;SC;116;251,2;LAGES;Desrespeitar a preferência no cruzamento;Colisão transversal;Com Vítimas Feridas;Pleno dia;Decrescente;Céu Claro;Simples;"Reta;Interseção de Vias";Não;3;0;0;1;1;1;1;3;-27,8469817;-50,3792067;SPRF-SC;DEL05-SC;UOP02-DEL05-SC
688247;29/04/2025;terça-feira;22:35:00;RS;386;417,9;MONTENEGRO;Suicídio (presumido);Colisão frontal;Com Vítimas Fatais;Plena Noite;Crescente;Céu Claro;Simples;Reta;Não;4;1;0;0;1;2;0;4;-29,81882167;-51,43961728;SPRF-RS;DEL04-RS;UOP02-DEL04-RS
688248;30/04/2025;quarta-feira;11:30:00;PR;376;57;GUAIRACA;Ausência de reação do condutor;Atropelamento de Pedestre;Com Vítimas Feridas;Pleno dia;Crescente;Céu Claro;Simples;"Reta;Aclive";Não;3;0;0;1;1;1;1;3;-22,963839;-52,64302701;SPRF-PR;DEL09-PR;UOP02-DEL09-PR
688249;30/04/2025;quarta-feira;09:00:00;MG;116;222,9;TEOFILO OTONI;Chuva;Tombamento;Com Vítimas Feridas;Pleno dia;Crescente;Chuva;Simples;Curva;Não;2;0;1;1;0;0;2;1;-17,8720317;-41,5199362;SPRF-MG;DEL11-MG;UOP01-DEL11-MG
688251;30/04/2025;quarta-feira;12:45:00;PE;101;87,5;JABOATAO DOS GUARARAPES;Condutor deixou de manter distância do veículo da frente;Engavetamento;Com Vítimas Feridas;Pleno dia;Crescente;Céu Claro;Dupla;Reta;Não;5;0;2;0;3;0;2;4;-8,195113;-34,976192;SPRF-PE;DEL01-PE;UOP01-DEL01-PE
688252;30/04/2025;quarta-feira;08:30:00;AL;101;107;PILAR;Velocidade Incompatível;Tombamento;Com Vítimas Feridas;Pleno dia;Crescente;Céu Claro;Dupla;Curva;Não;2;0;0;1;0;1;1;2;-9,596203;-36,007416;SPRF-AL;DEL02-AL;UOP01-DEL02-AL
688253;30/04/2025;quarta-feira;12:30:00;GO;20;200,6;POSSE;Condutor Dormindo;Saída de leito carroçável;Sem Vítimas;Pleno dia;Crescente;Nublado;Simples;"Curva;Aclive";Não;2;0;0;0;1;2;0;3;-14,308959;-46,449258;SPRF-DF;DEL02-DF;UOP03-DEL02-DF
688255;30/04/2025;quarta-feira;13:00:00;GO;60;221,9;CEZARINA;Velocidade Incompatível;Colisão traseira;Com Vítimas Fatais;Pleno dia;Crescente;Céu Claro;Dupla;"Reta;Aclive";Não;4;1;2;0;0;1;2;3;-16,999747;-49,767993;SPRF-GO;DEL01-GO;UOP02-DEL01-GO
688260;30/04/2025;quarta-feira;08:30:00;PA;230;113;MARABA;Reação tardia ou ineficiente do condutor;Colisão traseira;Com Vítimas Feridas;Pleno dia;Crescente;Céu Claro;Simples;"Reta;Aclive";Sim;3;0;1;0;1;4;1;6;-5,366591;-49,058707;SPRF-PA;DEL03-PA;UOP01-DEL03-PA
688264;30/04/2025;quarta-feira;15:30:00;RS;290;95;PORTO ALEGRE;Reação tardia ou ineficiente do condutor;Colisão traseira;Com Vítimas Feridas;Pleno dia;Crescente;Céu Claro;Dupla;Reta;Não;2;0;1;0;1;0;1;2;-29,9941686;-51,2041361;SPRF-RS;DEL01-RS;UOP01-DEL01-RS
688275;30/04/2025;quarta-feira;12:50:00;BA;116;638;JAGUAQUARA;Ausência de reação do condutor;Saída de leito carroçável;Com Vítimas Feridas;Pleno dia;Decrescente;Chuva;Simples;Curva;Não;1;0;1;0;0;0;1;1;-13,562834;-40,07978;SPRF-BA;DEL03-BA;UOP01-DEL03-BA
688279;30/04/2025;quarta-feira;16:00:00;SP;116;335;ITAPECERICA DA SERRA;Acesso irregular;Colisão transversal;Com Vítimas Feridas;Pleno dia;Crescente;Céu Claro;Dupla;"Declive;Reta";Não;3;0;1;0;1;1;1;3;-23,7002825;-46,8689645;SPRF-SP;DEL04-SP;UOP03-DEL04-SP
688287;30/04/2025;quarta-feira;15:20:00;MS;60;426;SIDROLANDIA;Condutor deixou de manter distância do veículo da frente;Colisão traseira;Com Vítimas Feridas;Pleno dia;Decrescente;Céu Claro;Dupla;Reta;Não;2;0;1;0;1;0;1;2;-20,9374717;-54,9624538;SPRF-MS;DEL01-MS;UOP04-DEL01-MS
688290;30/04/2025;quarta-feira;16:30:00;RS;470;230;CARLOS BARBOSA;Ausência de reação do condutor;Colisão lateral mesmo sentido;Com Vítimas Feridas;Pleno dia;Decrescente;Céu Claro;Dupla;Reta;Sim;3;0;1;0;1;1;1;3;-29,27865904;-51,49250921;SPRF-RS;DEL06-RS;UOP01-DEL06-RS
688291;30/04/2025;quarta-feira;16:00:00;MG;459;34,5;CALDAS;Velocidade Incompatível;Tombamento;Com Vítimas Fatais;Pleno dia;Decrescente;Céu Claro;Simples;"Curva;Declive";Não;2;1;0;0;0;3;0;4;-21,9363918;-46,35308929;SPRF-MG;DEL09-MG;UOP01-DEL09-MG
688293;30/04/2025;quarta-feira;14:30:00;BA;116;615;JAGUAQUARA;Condutor deixou de manter distância do veículo da frente;Colisão traseira;Com Vítimas Feridas;Pleno dia;Crescente;Céu Claro;Simples;Reta;Não;2;0;1;0;1;0;1;2;-13,32858883;-40,02554893;SPRF-BA;DEL03-BA;UOP02-DEL03-BA
688296;08/04/2025;terça-feira;10:00:00;RO;364;508;ARIQUEMES;Reação tardia ou ineficiente do condutor;Colisão traseira;Com Vítimas Feridas;Pleno dia;Crescente;Sol;Simples;"Reta;Em Obras";Não;5;0;0;1;3;2;1;4;-9,978635;-63,030118;SPRF-RO;DEL03-RO;UOP01-DEL03-RO
688297;30/04/2025;quarta-feira;16:50:00;CE;116;82,1;CASCAVEL;Ultrapassagem Indevida;Colisão frontal;Com Vítimas Fatais;Pleno dia;Decrescente;Céu Claro;Simples;"Reta;Declive";Sim;6;5;0;0;1;0;0;2;-4,414375;-38,410542;SPRF-CE;DEL01-CE;UOP04-DEL01-CE
688299;30/04/2025;quarta-feira;17:30:00;RJ;101;47;CAMPOS DOS GOYTACAZES;Reação tardia ou ineficiente do condutor;Colisão traseira;Com Vítimas Feridas;Anoitecer;Crescente;Nublado;Simples;Reta;Sim;2;0;0;1;1;0;1;2;-21,6080922;-41,3165089;SPRF-RJ;DEL08-RJ;UOP01-DEL08-RJ
688305;30/04/2025;quarta-feira;16:48:00;SC;101;206,2;SAO JOSE;Trafegar com motocicleta (ou similar) entre as faixas;Colisão traseira;Com Vítimas Fatais;Pleno dia;Crescente;Céu Claro;Múltipla;Reta;Sim;4;1;0;0;2;1;0;4;-27,59377;-48,61886;SPRF-SC;DEL01-SC;UOP01-DEL01-SC
688307;30/04/2025;quarta-feira;11:30:00;MA;222;184,5;ITAPECURU MIRIM;Curva acentuada;Tombamento;Com Vítimas Feridas;Pleno dia;Crescente;Sol;Simples;Curva;Não;2;0;1;0;0;1;1;2;-3,489848;-44,181364;SPRF-MA;DEL01-MA;UOP02-DEL01-MA
688318;30/04/2025;quarta-feira;14:36:00;CE;304;50;ARACATI;Manobra de mudança de faixa;Colisão lateral mesmo sentido;Com Vítimas Feridas;Pleno dia;Crescente;Céu Claro;Dupla;Curva;Não;3;0;2;0;0;1;2;2;-4,58039748;-37,77273266;SPRF-CE;DEL03-CE;UOP02-DEL03-CE
688324;30/04/2025;quarta-feira;12:30:00;GO;80;15;PADRE BERNARDO;Demais falhas mecânicas ou elétricas;Tombamento;Com Vítimas Feridas;Pleno dia;Crescente;Céu Claro;Simples;Reta;Não;1;0;1;0;0;0;1;1;-15,415496;-48,200243;SPRF-DF;DEL03-DF;UOP02-DEL03-DF
688326;30/04/2025;quarta-feira;19:00:00;SP;116;224;GUARULHOS;Manobra de mudança de faixa;Colisão lateral mesmo sentido;Com Vítimas Feridas;Plena Noite;Decrescente;Nublado;Múltipla;"Em Obras;Reta";Não;5;0;2;0;2;1;2;4;-23,48574291;-46,54073596;SPRF-SP;DEL01-SP;UOP01-DEL01-SP
688330;30/04/2025;quarta-feira;18:15:00;SP;381;40;ATIBAIA;Trafegar com motocicleta (ou similar) entre as faixas;Colisão traseira;Com Vítimas Feridas;Anoitecer;Decrescente;Céu Claro;Simples;"Em Obras;Reta";Sim;5;0;0;1;3;1;1;5;-23,130305;-46,576319;SPRF-SP;DEL03-SP;UOP01-DEL03-SP
688351;30/04/2025;quarta-feira;19:00:00;MG;459;24,2;CALDAS;Ultrapassagem Indevida;Colisão lateral mesmo sentido;Com Vítimas Feridas;Plena Noite;Crescente;Céu Claro;Simples;Reta;Não;4;0;2;0;0;2;2;3;-21,869463;-46,393712;SPRF-MG;DEL09-MG;UOP01-DEL09-MG
688354;30/04/2025;quarta-feira;19:30:00;MS;163;208,1;CAARAPO;Transitar na contramão;Colisão lateral sentido oposto;Com Vítimas Feridas;Plena Noite;Crescente;Céu Claro;Simples;Reta;Sim;6;0;1;1;3;1;2;5;-22,63779628;-54,81537692;SPRF-MS;DEL04-MS;UOP02-DEL04-MS
688357;30/04/2025;quarta-feira;20:55:00;GO;153;515;APARECIDA DE GOIANIA;Ausência de reação do condutor;Colisão com objeto;Com Vítimas Feridas;Plena Noite;Crescente;Céu Claro;Múltipla;Reta;Sim;2;0;1;0;1;0;1;2;-16,83323;-49,243845;SPRF-GO;DEL01-GO;UOP03-DEL01-GO
688358;30/04/2025;quarta-feira;19:00:00;RJ;493;67;NOVA IGUACU;Demais falhas mecânicas ou elétricas;Incêndio;Sem Vítimas;Plena Noite;Crescente;Céu Claro;Dupla;Reta;Não;1;0;0;0;1;0;0;1;-22,68551868;-43,44629288;SPRF-RJ;DEL01-RJ;UOP03-DEL01-RJ
688367;30/04/2025;quarta-feira;17:50:00;RO;364;546;ALTO PARAISO;Ausência de reação do condutor;Colisão traseira;Com Vítimas Feridas;Anoitecer;Decrescente;Chuva;Simples;Curva;Não;5;0;1;0;4;0;1;2;-9,671415;-63,100056;SPRF-RO;DEL03-RO;UOP01-DEL03-RO
688373;30/04/2025;quarta-feira;19:00:00;MG;365;485,9;PATROCINIO;Reação tardia ou ineficiente do condutor;Saída de leito carroçável;Com Vítimas Feridas;Plena Noite;Decrescente;Nublado;Simples;Reta;Não;2;0;1;0;0;1;1;2;-18,89719184;-47,10817337;SPRF-MG;DEL10-MG;UOP01-DEL10-MG
688374;30/04/2025;quarta-feira;21:00:00;PR;476;158,7;ARAUCARIA;Reação tardia ou ineficiente do condutor;Saída de leito carroçável;Sem Vítimas;Plena Noite;Crescente;Céu Claro;Dupla;Reta;Não;2;0;0;0;1;1;0;2;-25,61418417;-49,42505328;SPRF-PR;DEL01-PR;UOP06-DEL01-PR
688376;30/04/2025;quarta-feira;10:08:00;MS;359;55;COSTA RICA;Reação tardia ou ineficiente do condutor;Tombamento;Com Vítimas Feridas;Pleno dia;Crescente;Céu Claro;Simples;Reta;Não;2;0;1;0;0;2;1;3;-18,407;-53,372;SPRF-MS;DEL06-MS;UOP01-DEL06-MS
688379;30/04/2025;quarta-feira;22:30:00;CE;116;17;ITAITINGA;Ingestão de álcool pelo condutor;Colisão com objeto;Sem Vítimas;Plena Noite;Decrescente;Céu Claro;Dupla;Retorno Regulamentado;Sim;2;0;0;0;1;1;0;2;-3,8999132;-38,5042749;SPRF-CE;DEL01-CE;UOP02-DEL01-CE
688385;30/04/2025;quarta-feira;22:15:00;MG;50;117;UBERABA;Ausência de reação do condutor;Colisão traseira;Com Vítimas Feridas;Plena Noite;Decrescente;Céu Claro;Dupla;Reta;Não;3;0;1;0;1;4;1;6;-19,263808;-48,127972;SPRF-MG;DEL13-MG;UOP01-DEL13-MG
688388;30/04/2025;quarta-feira;18:40:00;SC;282;95;ALFREDO WAGNER;Velocidade Incompatível;Colisão frontal;Com Vítimas Feridas;Plena Noite;Decrescente;Céu Claro;Simples;"Curva;Declive";Não;7;0;4;0;2;1;4;4;-27,71218;-49,255343;SPRF-SC;DEL01-SC;UOP03-DEL01-SC
688396;30/04/2025;quarta-feira;23:40:00;PA;10;32,3;DOM ELISEU;Ausência de reação do condutor;Saída de leito carroçável;Com Vítimas Feridas;Plena Noite;Decrescente;Céu Claro;Simples;"Reta;Declive";Não;2;0;0;2;0;0;2;1;-4,168115;-47,54483;SPRF-PA;DEL02-PA;UOP02-DEL02-PA
688404;01/05/2025;quinta-feira;02:20:00;AL;101;246,6;PORTO REAL DO COLEGIO;Condutor deixou de manter distância do veículo da frente;Colisão traseira;Com Vítimas Feridas;Plena Noite;Crescente;Céu Claro;Dupla;Reta;Não;2;0;1;0;1;0;1;2;-10,190841;-36,825988;SPRF-AL;DEL02-AL;UOP02-DEL02-AL
688406;01/05/2025;quinta-feira;01:50:00;PA;222;155;ABEL FIGUEIREDO;Reação tardia ou ineficiente do condutor;Tombamento;Sem Vítimas;Plena Noite;Decrescente;Céu Claro;Simples;Curva;Não;3;0;0;0;0;3;0;1;-4,982722;-48,450083;SPRF-PA;DEL03-PA;UOP01-DEL03-PA
688412;01/05/2025;quinta-feira;05:04:00;MG;381;617,4;OLIVEIRA;Ausência de reação do condutor;Colisão traseira;Com Vítimas Feridas;Amanhecer;Decrescente;Nublado;Dupla;Reta;Não;4;0;1;0;2;1;1;3;-20,732919;-44,773273;SPRF-MG;DEL04-MG;UOP01-DEL04-MG
688417;01/05/2025;quinta-feira;04:45:00;GO;60;16,1;ALEXANIA;Demais falhas mecânicas ou elétricas;Incêndio;Sem Vítimas;Plena Noite;Crescente;Nublado;Dupla;Reta;Não;2;0;0;0;1;1;0;2;-16,113474;-48,368469;SPRF-DF;DEL03-DF;UOP01-DEL03-DF
688418;01/05/2025;quinta-feira;05:40:00;CE;116;54;PACAJUS;Reação tardia ou ineficiente do condutor;Tombamento;Com Vítimas Feridas;Pleno dia;Decrescente;Sol;Dupla;Curva;Sim;2;0;1;0;0;1;1;2;-4,197293;-38,469474;SPRF-CE;DEL01-CE;UOP02-DEL01-CE
688426;01/05/2025;quinta-feira;04:30:00;PI;316;373,9;VILA NOVA DO PIAUI;Ausência de reação do condutor;Colisão traseira;Com Vítimas Fatais;Plena Noite;Crescente;Céu Claro;Simples;"Reta;Aclive";Não;4;1;1;0;1;1;1;3;-7,159717;-40,911327;SPRF-PI;DEL04-PI;UOP03-DEL04-PI
688428;01/05/2025;quinta-feira;05:30:00;PR;153;515,1;GENERAL CARNEIRO;Ausência de reação do condutor;Colisão frontal;Com Vítimas Feridas;Amanhecer;Crescente;Céu Claro;Simples;"Curva;Declive";Não;8;0;5;0;3;0;5;3;-26,58729908;-51,45172119;SPRF-PR;DEL02-PR;UOP03-DEL02-PR
688429;21/04/2025;segunda-feira;22:40:00;PR;277;607;SANTA TEREZA DO OESTE;Desrespeitar a preferência no cruzamento;Colisão transversal;Com Vítimas Feridas;Plena Noite;Decrescente;Céu Claro;Simples;"Rotatória;Reta";Sim;3;0;1;1;1;0;2;2;-25,037454;-53,595211;SPRF-PR;DEL05-PR;UOP02-DEL05-PR
688431;01/05/2025;quinta-feira;06:50:00;RS;392;83,4;PELOTAS;Condutor Dormindo;Colisão frontal;Com Vítimas Feridas;Amanhecer;Decrescente;Céu Claro;Simples;"Curva;Aclive";Não;4;0;2;0;1;2;2;4;-31,650384;-52,476234;SPRF-RS;DEL07-RS;UOP01-DEL07-RS
688435;01/05/2025;quinta-feira;05:30:00;SC;101;306;LAGUNA;Reação tardia ou ineficiente do condutor;Colisão traseira;Com Vítimas Feridas;Amanhecer;Decrescente;Céu Claro;Múltipla;Reta;Sim;4;0;1;0;3;0;1;2;-28,402766;-48,788227;SPRF-SC;DEL02-SC;UOP03-DEL02-SC
688437;01/05/2025;quinta-feira;07:20:00;RN;427;81;CAICO;Reação tardia ou ineficiente do condutor;Colisão lateral sentido oposto;Com Vítimas Fatais;Pleno dia;Decrescente;Céu Claro;Simples;Curva;Não;2;1;0;0;0;1;0;2;-6,5269383;-36,9721183;SPRF-RN;DEL03-RN;UOP01-DEL03-RN
688440;01/05/2025;quinta-feira;07:50:00;SC;153;106,9;CONCORDIA;Acessar a via sem observar a presença dos outros veículos;Colisão transversal;Com Vítimas Feridas;Pleno dia;Decrescente;Nevoeiro/Neblina;Simples;"Reta;Aclive";Não;3;0;1;0;2;0;1;2;-27,298728;-51,979008;SPRF-SC;DEL07-SC;UOP04-DEL07-SC
688441;01/05/2025;quinta-feira;08:00:00;PE;408;79;PAUDALHO;Manobra de mudança de faixa;Colisão traseira;Sem Vítimas;Pleno dia;Crescente;Céu Claro;Dupla;Reta;Não;2;0;0;0;1;1;0;2;-7,92661;-35,14845;SPRF-PE;DEL01-PE;UOP01-DEL01-PE
688449;01/05/2025;quinta-feira;09:00:00;PR;376;240;APUCARANA;Reação tardia ou ineficiente do condutor;Saída de leito carroçável;Com Vítimas Fatais;Pleno dia;Crescente;Céu Claro;Dupla;Reta;Não;3;1;0;0;1;1;0;3;-23,582719;-51,452266;SPRF-PR;DEL07-PR;UOP03-DEL07-PR
688450;01/05/2025;quinta-feira;07:45:00;RJ;101;40;CAMPOS DOS GOYTACAZES;Condutor deixou de manter distância do veículo da frente;Colisão traseira;Com Vítimas Feridas;Pleno dia;Crescente;Céu Claro;Múltipla;Reta;Não;5;0;2;0;2;1;2;3;-21,55280972;-41,33190751;SPRF-RJ;DEL08-RJ;UOP01-DEL08-RJ
688455;01/05/2025;quinta-feira;08:55:00;RJ;116;228;PIRAI;Trafegar com motocicleta (ou similar) entre as faixas;Queda de ocupante de veículo;Com Vítimas Feridas;Pleno dia;Crescente;Céu Claro;Dupla;"Aclive;Curva";Não;3;0;1;0;1;1;1;3;-22,66033628;-43,82813846;SPRF-RJ;DEL07-RJ;UOP01-DEL07-RJ
688457;01/05/2025;quinta-feira;11:30:00;RJ;116;198;SEROPEDICA;Ausência de reação do condutor;Colisão traseira;Com Vítimas Feridas;Pleno dia;Decrescente;Céu Claro;Dupla;Reta;Não;4;0;2;0;1;1;2;3;-22,7147776;-43,7223424;SPRF-RJ;DEL06-RJ;UOP02-DEL06-RJ
688462;01/05/2025;quinta-feira;10:00:00;SC;282;343;CAMPOS NOVOS;Velocidade Incompatível;Tombamento;Com Vítimas Feridas;Pleno dia;Decrescente;Sol;Simples;"Aclive;Rotatória";Sim;2;0;1;0;0;1;1;2;-27,38590023;-51,23538343;SPRF-SC;DEL07-SC;UOP06-DEL07-SC
688464;24/04/2025;quinta-feira;01:15:00;SP;116;503;CAJATI;Reação tardia ou ineficiente do condutor;Tombamento;Com Vítimas Feridas;Plena Noite;Decrescente;Céu Claro;Dupla;Curva;Não;2;0;1;0;0;1;1;2;-24,77989397;-48,17150259;SPRF-SP;DEL05-SP;UOP02-DEL05-SP
688465;01/05/2025;quinta-feira;10:05:00;MT;364;226;RONDONOPOLIS;Ausência de reação do condutor;Colisão traseira;Com Vítimas Feridas;Pleno dia;Decrescente;Céu Claro;Dupla;Reta;Não;3;0;1;0;1;3;1;5;-16,30120643;-54,75984044;SPRF-MT;DEL02-MT;UOP01-DEL02-MT
688473;01/05/2025;quinta-feira;09:00:00;PR;373;426;FOZ DO JORDAO;Reação tardia ou ineficiente do condutor;Colisão lateral sentido oposto;Com Vítimas Feridas;Pleno dia;Crescente;Céu Claro;Simples;Reta;Não;2;0;1;0;1;0;1;2;-25,73928;-52,22951;SPRF-PR;DEL08-PR;UOP01-DEL08-PR
688475;30/04/2025;quarta-feira;21:00:00;PR;153;373;RIO AZUL;Ausência de reação do condutor;Saída de leito carroçável;Com Vítimas Feridas;Plena Noite;Decrescente;Céu Claro;Simples;"Reta;Aclive";Não;1;0;1;0;0;0;1;1;-25,75492609;-50,837382;SPRF-PR;DEL08-PR;UOP02-DEL08-PR
688478;01/05/2025;quinta-feira;13:30:00;MG;365;291,7;JOAO PINHEIRO;Ultrapassagem Indevida;Colisão traseira;Com Vítimas Feridas;Pleno dia;Crescente;Céu Claro;Simples;Reta;Não;4;0;1;2;0;1;3;2;-18,08899;-45,68688;SPRF-MG;DEL10-MG;UOP02-DEL010-MG
688479;01/05/2025;quinta-feira;12:12:00;PI;316;4,6;TERESINA;Ausência de reação do condutor;Colisão com objeto;Com Vítimas Fatais;Pleno dia;Decrescente;Céu Claro;Múltipla;Reta;Sim;3;1;0;0;2;0;0;2;-5,14003;-42,7842;SPRF-PI;DEL01-PI;UOP02-DEL01-PI
688482;01/05/2025;quinta-feira;11:00:00;MG;116;814;ALEM PARAIBA;Ausência de reação do condutor;Tombamento;Com Vítimas Feridas;Pleno dia;Crescente;Céu Claro;Simples;Curva;Não;2;0;0;1;0;1;1;2;-21,85629;-42,66083;SPRF-MG;DEL07-MG;UOP01-DEL07-MG
688485;01/05/2025;quinta-feira;11:15:00;MG;262;368;JUATUBA;Ingestão de álcool pelo condutor;Colisão lateral mesmo sentido;Sem Vítimas;Pleno dia;Decrescente;Céu Claro;Dupla;"Interseção de Vias;Curva;Declive";Não;3;0;0;0;1;2;0;3;-19,96063753;-44,33707092;SPRF-MG;DEL01-MG;UOP03-DEL01-MG
688488;01/05/2025;quinta-feira;12:50:00;MS;262;142;AGUA CLARA;Acessar a via sem observar a presença dos outros veículos;Eventos atípicos;Com Vítimas Feridas;Pleno dia;Crescente;Sol;Simples;Reta;Não;2;0;1;0;0;1;1;2;-20,44581298;-52,86493421;SPRF-MS;DEL07-MS;UOP02-DEL07-MS
688492;01/05/2025;quinta-feira;14:30:00;SP;116;115;TAUBATE;Reação tardia ou ineficiente do condutor;Colisão traseira;Com Vítimas Feridas;Pleno dia;Decrescente;Céu Claro;Dupla;Reta;Sim;3;0;0;1;1;2;1;4;-23,04150043;-45,57066673;SPRF-SP;DEL02-SP;UOP02-DEL02-SP
688500;01/05/2025;quinta-feira;15:15:00;PR;376;293,4;MAUA DA SERRA;Reação tardia ou ineficiente do condutor;Saída de leito carroçável;Com Vítimas Feridas;Pleno dia;Decrescente;Céu Claro;Dupla;Reta;Sim;4;0;0;1;2;3;1;5;-23,90414178;-51,20983958;SPRF-PR;DEL07-PR;UOP02-DEL07-PR
688510;01/05/2025;quinta-feira;14:00:00;RJ;116;269;BARRA MANSA;Ausência de reação do condutor;Colisão traseira;Com Vítimas Feridas;Pleno dia;Decrescente;Céu Claro;Dupla;Reta;Não;3;0;1;0;1;1;1;3;-22,57310517;-44,11529708;SPRF-RJ;DEL07-RJ;UOP02-DEL07-RJ
688515;01/05/2025;quinta-feira;16:00:00;MA;316;468,4;CODO;Ausência de reação do condutor;Colisão traseira;Com Vítimas Fatais;Pleno dia;Decrescente;Céu Claro;Simples;"Interseção de Vias;Reta";Sim;3;1;0;0;1;1;0;3;-4,5588735;-43,99292529;SPRF-MA;DEL03-MA;UOP01-DEL03-MA
688523;01/05/2025;quinta-feira;18:15:00;MS;262;741;CORUMBA;Reação tardia ou ineficiente do condutor;Colisão lateral sentido oposto;Com Vítimas Feridas;Anoitecer;Crescente;Céu Claro;Simples;Reta;Não;3;0;0;1;1;1;1;3;-19,299028;-57,611252;SPRF-MS;DEL03-MS;UOP03-DEL03-MS
688526;01/05/2025;quinta-feira;17:50:00;MT;163;539;DIAMANTINO;Ausência de reação do condutor;Atropelamento de Pedestre;Com Vítimas Feridas;Anoitecer;Decrescente;Céu Claro;Dupla;"Reta;Desvio Temporário;Em Obras";Não;2;0;1;0;1;0;1;2;-14,314349;-56,140614;SPRF-MT;DEL01-MT;UOP01-DEL01-MT
688545;01/05/2025;quinta-feira;19:00:00;RJ;393;298;VOLTA REDONDA;Pedestre - Ingestão de álcool/ substâncias psicoativas;Atropelamento de Pedestre;Com Vítimas Feridas;Plena Noite;Decrescente;Céu Claro;Simples;Reta;Sim;3;0;1;0;1;2;1;4;-22,48020284;-44,06272888;SPRF-RJ;DEL07-RJ;UOP02-DEL07-RJ
688553;01/05/2025;quinta-feira;20:00:00;RJ;116;313;RESENDE;Reação tardia ou ineficiente do condutor;Colisão com objeto;Com Vítimas Feridas;Plena Noite;Crescente;Céu Claro;Simples;Reta;Não;2;0;1;0;1;0;1;2;-22,46026832;-44,46582969;SPRF-RJ;DEL07-RJ;UOP02-DEL07-RJ