id;data_inversa;dia_semana;horario;uf;br;km;municipio;causa_acidente;tipo_acidente;classificacao_acidente;fase_dia;sentido_via;condicao_metereologica;tipo_pista;tracado_via;uso_solo;pessoas;mortos;feridos_leves;feridos_graves;ilesos;ignorados;feridos;veiculos;latitude;longitude;regional;delegacia;uop
690467;11/05/2025;domingo;01:15:00;RS;386;130;SARANDI;Transitar na contramão;Colisão frontal;Com Vítimas Feridas;Pleno dia;Decrescente;Céu Claro;Simples;Reta;Sim;4;0;0;2;1;1;2;3;-27,93428;-52,957682;SPRF-RS;DEL08-RS;UOP01-DEL08-RS
690476;11/05/2025;domingo;02:10:00;MG;116;162;PADRE PARAISO;Manobra de mudança de faixa;Colisão frontal;Com Vítimas Feridas;Amanhecer;Decrescente;Céu Claro;Simples;Reta;Não;3;0;1;0;2;0;1;2;-17,04605416;-41,45204804;SPRF-MG;DEL11-MG;UOP02-DEL11-MG
690483;11/05/2025;domingo;06:20:00;SC;101;376,5;ICARA;Condutor Dormindo;Colisão traseira;Com Vítimas Feridas;Pleno dia;Crescente;Céu Claro;Dupla;Curva;Não;2;0;1;0;1;0;1;2;-28,743091;-49,252771;SPRF-SC;DEL02-SC;UOP01-DEL02-SC
690495;11/05/2025;domingo;03:20:00;BA;116;15,5;VITORIA DA CONQUISTA;Ingestão de álcool pelo condutor;Colisão lateral sentido oposto;Com Vítimas Feridas;Plena Noite;Crescente;Nublado;Simples;Reta;Sim;3;0;1;0;1;1;1;3;-14,899934;-40,854213;SPRF-BA;DEL08-BA;UOP01-DEL08-BA
690496;11/05/2025;domingo;05:10:00;MA;316;407,6;ALTO ALEGRE DO MARANHAO;Manobra de mudança de faixa;Colisão frontal;Com Vítimas Feridas;Amanhecer;Crescente;Ignorado;Simples;Reta;Sim;3;0;0;1;1;1;1;3;-4,261632;-44,430069;SPRF-MA;DEL03-MA;UOP01-DEL03-MA
690512;11/05/2025;domingo;07:45:00;RN;110;5;AREIA BRANCA;Acessar a via sem observar a presença dos outros veículos;Colisão transversal;Com Vítimas Feridas;Pleno dia;Crescente;Céu Claro;Simples;Reta;Sim;3;0;0;1;2;0;1;2;-4,95768;-37,092308;SPRF-RN;DEL04-RN;UOP01-DEL04-RN
690515;11/05/2025;domingo;05:30:00;MG;40;143;PARACATU;Estacionar ou parar em local proibido;Colisão com objeto;Sem Vítimas;Amanhecer;Crescente;Céu Claro;Simples;Reta;Não;2;0;0;0;2;0;0;2;-17,2414685;-46,8237347;SPRF-MG;DEL14-MG;UOP01-DEL14-MG
690521;11/05/2025;domingo;08:15:00;MG;365;649,5;UBERLANDIA;Ausência de reação do condutor;Colisão traseira;Com Vítimas Fatais;Pleno dia;Decrescente;Céu Claro;Dupla;Reta;Não;3;1;0;0;1;1;0;3;-18,87238571;-48,54628412;SPRF-MG;DEL15-MG;UOP01-DEL15-MG
690522;11/05/2025;domingo;08:40:00;MG;381;707,1;NEPOMUCENO;Ausência de reação do condutor;Tombamento;Com Vítimas Fatais;Pleno dia;Decrescente;Sol;Dupla;"Curva;Declive";Não;3;1;0;1;0;1;1;2;-21,36199299;-45,19169583;SPRF-MG;DEL04-MG;UOP02-DEL04-MG
690523;11/05/2025;domingo;06:00:00;MA;10;250;IMPERATRIZ;Acessar a via sem observar a presença dos outros veículos;Colisão lateral mesmo sentido;Sem Vítimas;Pleno dia;Decrescente;Céu Claro;Dupla;Reta;Sim;2;0;0;0;1;1;0;2;-5,548147;-47,461498;SPRF-MA;DEL04-MA;UOP01-DEL04-MA
690535;11/05/2025;domingo;09:50:00;PR;277;574,6;CASCAVEL;Transitar na contramão;Colisão frontal;Com Vítimas Fatais;Pleno dia;Crescente;Céu Claro;Simples;Reta;Não;3;1;0;0;1;2;0;4;-24,99204831;-53,31400154;SPRF-PR;DEL04-PR;UOP01-DEL04-PR
690540;11/05/2025;domingo;07:50:00;BA;116;348;SERRINHA;Condutor Dormindo;Colisão lateral sentido oposto;Com Vítimas Feridas;Pleno dia;Decrescente;Garoa/Chuvisco;Simples;Reta;Não;3;0;1;0;1;1;1;3;-11,57036;-38,98777;SPRF-BA;DEL02-BA;UOP01-DEL02-BA
690543;11/05/2025;domingo;09:25:00;MG;381;907;CAMANDUCAIA;Ausência de reação do condutor;Colisão com objeto;Com Vítimas Feridas;Pleno dia;Decrescente;Garoa/Chuvisco;Dupla;"Curva;Declive";Não;2;0;1;0;0;2;1;3;-22,68625119;-46,10206604;SPRF-MG;DEL16-MG;UOP03-DEL16-MG
690546;11/05/2025;domingo;09:45:00;MT;163;1039;MATUPA;Reação tardia ou ineficiente do condutor;Saída de leito carroçável;Com Vítimas Feridas;Pleno dia;Decrescente;Céu Claro;Simples;Reta;Sim;2;0;1;0;0;1;1;2;-10,17365;-54,9428059;SPRF-MT;DEL06-MT;UOP03-DEL06-MT
690552;11/05/2025;domingo;12:20:00;PA;230;1110;ITAITUBA;Chuva;Colisão lateral sentido oposto;Com Vítimas Feridas;Pleno dia;Decrescente;Chuva;Simples;"Curva;Declive";Não;3;0;0;1;1;5;1;7;-4,39435144;-55,89800298;SPRF-PA;DEL05-PA;UOP02-DEL05-PA
690578;11/05/2025;domingo;09:30:00;MG;116;534,4;SANTA RITA DE MINAS;Velocidade Incompatível;Tombamento;Com Vítimas Feridas;Pleno dia;Crescente;Céu Claro;Simples;Curva;Não;3;0;1;0;1;2;1;4;-19,853762;-42,140947;SPRF-MG;DEL06-MG;UOP02-DEL06-MG
690594;11/05/2025;domingo;16:35:00;RS;290;101;PORTO ALEGRE;Ingestão de álcool pelo condutor;Colisão lateral mesmo sentido;Sem Vítimas;Pleno dia;Crescente;Céu Claro;Múltipla;Reta;Não;3;0;0;0;2;1;0;3;-29,98528606;-51,24971574;SPRF-RS;DEL01-RS;UOP01-DEL01-RS
690613;11/05/2025;domingo;17:10:00;SC;282;514,5;XAXIM;Ultrapassagem Indevida;Colisão lateral mesmo sentido;Com Vítimas Feridas;Pleno dia;Crescente;Céu Claro;Simples;Reta;Não;2;0;1;0;1;0;1;2;-26,91737721;-52,49354331;SPRF-SC;DEL07-SC;UOP01-DEL07-SC
690621;11/05/2025;domingo;07:40:00;BA;242;493;OLIVEIRA DOS BREJINHOS;Frear bruscamente;Capotamento;Com Vítimas Feridas;Pleno dia;Decrescente;Céu Claro;Simples;"Curva;Aclive";Não;4;0;2;0;1;1;2;2;-12,40282;-42,38639;SPRF-BA;DEL06-BA;UOP01-DEL06-BA
690627;11/05/2025;domingo;18:50:00;SP;381;13;BRAGANCA PAULISTA;Ultrapassagem Indevida;Colisão traseira;Sem Vítimas;Plena Noite;Crescente;Céu Claro;Dupla;Reta;Não;3;0;0;0;2;1;0;3;-22,9661365;-46,48398782;SPRF-SP;DEL03-SP;UOP02-DEL03-SP
690632;11/05/2025;domingo;18:40:00;SC;470;247,2;CURITIBANOS;Conversão proibida;Colisão frontal;Com Vítimas Feridas;Plena Noite;Crescente;Céu Claro;Simples;Reta;Sim;3;0;1;0;1;1;1;3;-27,31320536;-50,55510938;SPRF-SC;DEL05-SC;UOP03-DEL05-SC
690633;11/05/2025;domingo;18:20:00;RS;470;224;BENTO GONCALVES;Acessar a via sem observar a presença dos outros veículos;Colisão traseira;Sem Vítimas;Anoitecer;Crescente;Céu Claro;Simples;"Reta;Interseção de Vias";Não;4;0;0;0;4;0;0;3;-29,1768471;-51,5209654;SPRF-RS;DEL06-RS;UOP01-DEL06-RS
690638;11/05/2025;domingo;19:30:00;BA;101;156;CONCEICAO DO JACUIPE;Acessar a via sem observar a presença dos outros veículos;Colisão lateral sentido oposto;Com Vítimas Feridas;Plena Noite;Decrescente;Chuva;Dupla;Aclive;Não;2;0;0;1;1;0;1;2;-12,339411;-38,773953;SPRF-BA;DEL01-BA;UOP03-DEL01-BA
690640;11/05/2025;domingo;19:30:00;MG;262;614;IBIA;Demais falhas mecânicas ou elétricas;Incêndio;Sem Vítimas;Plena Noite;Decrescente;Céu Claro;Simples;Reta;Não;2;0;0;0;1;1;0;2;-19,5881183;-46,3349183;SPRF-MG;DEL08-MG;UOP02-DEL08-MG
690641;11/05/2025;domingo;18:35:00;SE;101;205;CRISTINAPOLIS;Ausência de reação do condutor;Colisão traseira;Sem Vítimas;Anoitecer;Decrescente;Garoa/Chuvisco;Simples;Reta;Não;3;0;0;0;1;2;0;2;-11,50963107;-37,78747559;SPRF-SE;DEL02-SE;UOP03-DEL02-SE
690658;11/05/2025;domingo;20:00:00;PA;230;113;MARABA;Ingestão de álcool pelo condutor;Colisão lateral sentido oposto;Sem Vítimas;Plena Noite;Crescente;Céu Claro;Simples;Reta;Sim;4;0;0;0;3;1;0;4;-5,3633914;-49,0715503;SPRF-PA;DEL03-PA;UOP01-DEL03-PA
690667;11/05/2025;domingo;18:00:00;MT;364;174;PEDRA PRETA;Ultrapassagem Indevida;Colisão lateral sentido oposto;Sem Vítimas;Plena Noite;Crescente;Céu Claro;Simples;Reta;Não;4;0;0;0;3;1;0;4;-16,63340372;-54,43829186;SPRF-MT;DEL02-MT;UOP01-DEL02-MT
690670;11/05/2025;domingo;18:50:00;TO;153;553;OLIVEIRA DE FATIMA;Ultrapassagem Indevida;Colisão frontal;Com Vítimas Feridas;Anoitecer;Crescente;Céu Claro;Simples;Reta;Não;3;0;1;0;1;1;1;3;-10,682772;-48,907182;SPRF-TO;DEL01-TO;UOP01-DEL01-TO
690672;11/05/2025;domingo;21:36:00;MG;251;473,8;FRANCISCO SA;Reação tardia ou ineficiente do condutor;Saída de leito carroçável;Com Vítimas Feridas;Plena Noite;Crescente;Céu Claro;Simples;"Curva;Declive";Não;1;0;0;1;0;0;1;1;-16,478415;-43,419568;SPRF-MG;DEL12-MG;UOP01-DEL12-MG
690678;11/05/2025;domingo;20:37:00;GO;414;389,3;CORUMBA DE GOIAS;Condutor Dormindo;Colisão frontal;Com Vítimas Fatais;Pleno dia;Crescente;Céu Claro;Simples;"Curva;Declive";Não;3;1;0;0;1;3;0;5;-15,889914;-48,796832;SPRF-GO;DEL02-GO;UOP01-DEL02-GO
690685;11/05/2025;domingo;19:55:00;RS;290;479,2;ROSARIO DO SUL;Transitar na contramão;Colisão frontal;Com Vítimas Fatais;Plena Noite;Crescente;Céu Claro;Simples;"Reta;Ponte";Não;4;1;0;0;1;2;0;4;-30,242213;-54,911665;SPRF-RS;DEL11-RS;UOP02-DEL11-RS
690695;11/05/2025;domingo;20:15:00;BA;101;107;ALAGOINHAS;Ingestão de álcool pelo condutor;Colisão transversal;Sem Vítimas;Plena Noite;Crescente;Nublado;Simples;"Reta;Interseção de Vias";Sim;3;0;0;0;3;0;0;2;-12,13963918;-38,3921263;SPRF-BA;DEL01-BA;UOP04-DEL01-BA
690699;11/05/2025;domingo;19:54:00;MT;70;98;GENERAL CARNEIRO;Ausência de reação do condutor;Tombamento;Com Vítimas Feridas;Plena Noite;Decrescente;Nublado;Simples;Curva;Não;4;0;3;0;0;3;3;4;-15,60070202;-53,20662618;SPRF-MT;DEL07-MT;UOP01-DEL07-MT
690704;11/05/2025;domingo;18:30:00;MT;174;333,5;CONQUISTA DOESTE;Ultrapassagem Indevida;Colisão lateral mesmo sentido;Sem Vítimas;Anoitecer;Decrescente;Céu Claro;Simples;"Reta;Ponte";Não;5;0;0;0;4;1;0;3;-14,86152647;-59,29908587;SPRF-MT;DEL04-MT;UOP01-DEL04-MT
690718;12/05/2025;segunda-feira;03:35:00;PR;369;502,6;CASCAVEL;Ausência de reação do condutor;Colisão frontal;Com Vítimas Fatais;Plena Noite;Decrescente;Céu Claro;Simples;Curva;Sim;3;1;0;0;1;1;0;3;-24,91888492;-53,38920361;SPRF-PR;DEL04-PR;UOP01-DEL04-PR
690728;12/05/2025;segunda-feira;06:20:00;RS;386;350;ESTRELA;Trafegar com motocicleta (ou similar) entre as faixas;Colisão traseira;Com Vítimas Feridas;Pleno dia;Crescente;Céu Claro;Dupla;"Em Obras;Reta";Não;5;0;1;0;3;1;1;4;-29,47263069;-51,95319772;SPRF-RS;DEL04-RS;UOP01-DEL04-RS
690736;12/05/2025;segunda-feira;05:30:00;MS;60;370,6;CAMPO GRANDE;Manobra de mudança de faixa;Colisão lateral sentido oposto;Com Vítimas Feridas;Pleno dia;Crescente;Céu Claro;Simples;Reta;Não;4;0;2;0;1;1;2;3;-20,56783;-54,687908;SPRF-MS;DEL01-MS;UOP04-DEL01-MS
690737;12/05/2025;segunda-feira;05:39:00;MT;163;580;NOVA MUTUM;Neblina;Colisão traseira;Com Vítimas Feridas;Amanhecer;Decrescente;Nevoeiro/Neblina;Dupla;Reta;Não;3;0;1;0;1;1;1;3;-14,03378109;-56,09820032;SPRF-MT;DEL01-MT;UOP01-DEL01-MT
690738;12/05/2025;segunda-feira;06:45:00;PI;343;335;TERESINA;Ausência de reação do condutor;Colisão lateral mesmo sentido;Sem Vítimas;Pleno dia;Crescente;Céu Claro;Dupla;Reta;Sim;2;0;0;0;2;0;0;2;-5,061902;-42,697803;SPRF-PI;DEL01-PI;UOP01-DEL01-PI
690743;12/05/2025;segunda-feira;08:00:00;SP;116;196;ARUJA;Reação tardia ou ineficiente do condutor;Colisão lateral mesmo sentido;Com Vítimas Feridas;Pleno dia;Crescente;Nublado;Dupla;Reta;Não;2;0;1;0;1;0;1;2;-23,39377407;-46,28722128;SPRF-SP;DEL01-SP;UOP01-DEL01-SP
690746;12/05/2025;segunda-feira;05:04:00;AM;230;687;HUMAITA;Condutor Dormindo;Saída de leito carroçável;Com Vítimas Feridas;Amanhecer;Decrescente;Céu Claro;Simples;Reta;Não;1;0;1;0;0;0;1;1;-7,6299;-63,0803;SPRF-AM;DEL02-AM;UOP01-DEL02-AM
690753;12/05/2025;segunda-feira;08:26:00;MG;381;526,9;BRUMADINHO;Velocidade Incompatível;Tombamento;Com Vítimas Feridas;Pleno dia;Crescente;Céu Claro;Dupla;Curva;Não;2;0;0;1;0;1;1;2;-20,15814965;-44,32922713;SPRF-MG;DEL04-MG;UOP03-DEL04-MG
690756;12/05/2025;segunda-feira;07:20:00;PR;476;218,1;LAPA;Velocidade Incompatível;Tombamento;Com Vítimas Feridas;Amanhecer;Crescente;Nublado;Simples;"Curva;Aclive";Não;2;0;1;0;0;1;1;2;-25,811733;-49,909466;SPRF-PR;DEL01-PR;UOP06-DEL01-PR
690758;12/05/2025;segunda-feira;08:20:00;RS;116;299;GUAIBA;Manobra de mudança de faixa;Colisão lateral mesmo sentido;Com Vítimas Feridas;Pleno dia;Decrescente;Céu Claro;Dupla;Reta;Não;3;0;0;1;2;0;1;2;-30,11658492;-51,34602821;SPRF-RS;DEL02-RS;UOP01-DEL02-RS
690759;12/05/2025;segunda-feira;07:20:00;RJ;393;269;BARRA DO PIRAI;Condutor Dormindo;Colisão frontal;Com Vítimas Feridas;Pleno dia;Decrescente;Nublado;Simples;Reta;Não;3;0;0;1;1;1;1;3;-22,478936;-43,951574;SPRF-RJ;DEL05-RJ;UOP04-DEL05-RJ
690770;12/05/2025;segunda-feira;08:00:00;MG;40;785,7;JUIZ DE FORA;Condutor Dormindo;Saída de leito carroçável;Com Vítimas Feridas;Pleno dia;Decrescente;Nublado;Dupla;Reta;Não;1;0;1;0;0;0;1;1;-21,751;-43,443;SPRF-MG;DEL05-MG;UOP01-DEL05-MG
690774;12/05/2025;segunda-feira;09:40:00;RS;116;249;SAO LEOPOLDO;Velocidade Incompatível;Colisão transversal;Com Vítimas Feridas;Pleno dia;Crescente;Céu Claro;Dupla;Reta;Sim;3;0;1;0;1;1;1;3;-29,78282731;-51,16098471;SPRF-RS;DEL01-RS;UOP02-DEL01-RS
690775;04/04/2025;sexta-feira;23:05:00;MT;70;496;CUIABA;Acessar a via sem observar a presença dos outros veículos;Colisão transversal;Com Vítimas Feridas;Plena Noite;Crescente;Céu Claro;Simples;Reta;Sim;3;0;0;1;1;1;1;3;-15,6535662;-56,001796;SPRF-MT;DEL01-MT;UOP02-DEL01-MT
690784;12/05/2025;segunda-feira;09:16:00;BA;101;114;ALAGOINHAS;Chuva;Tombamento;Com Vítimas Feridas;Pleno dia;Crescente;Chuva;Simples;Declive;Não;3;0;1;0;0;2;1;3;-12,1688969;-38,45352173;SPRF-BA;DEL01-BA;UOP04-DEL01-BA
690785;12/05/2025;segunda-feira;08:00:00;RS;386;435,5;NOVA SANTA RITA;Demais falhas mecânicas ou elétricas;Incêndio;Sem Vítimas;Pleno dia;Decrescente;Céu Claro;Simples;Retorno Regulamentado;Sim;1;0;0;0;1;0;0;1;-29,8476866;-51,2710619;SPRF-RS;DEL04-RS;UOP02-DEL04-RS
690788;12/05/2025;segunda-feira;09:30:00;SC;101;210;SAO JOSE;Reação tardia ou ineficiente do condutor;Tombamento;Com Vítimas Fatais;Pleno dia;Decrescente;Chuva;Múltipla;"Declive;Interseção de Vias;Reta";Sim;4;1;0;0;2;1;0;3;-27,616812;-48,645418;SPRF-SC;DEL01-SC;UOP01-DEL01-SC
690790;12/05/2025;segunda-feira;07:10:00;BA;116;852;VITORIA DA CONQUISTA;Condutor Dormindo;Saída de leito carroçável;Com Vítimas Feridas;Pleno dia;Decrescente;Céu Claro;Simples;Reta;Não;3;0;1;0;1;1;1;2;-15,06250947;-40,9910202;SPRF-BA;DEL08-BA;UOP01-DEL08-BA
690802;12/05/2025;segunda-feira;11:40:00;SP;116;200;ARUJA;Demais falhas mecânicas ou elétricas;Incêndio;Sem Vítimas;Pleno dia;Crescente;Céu Claro;Múltipla;Reta;Sim;2;0;0;0;2;0;0;1;-23,40596391;-46,33517575;SPRF-SP;DEL01-SP;UOP01-DEL01-SP
690808;12/05/2025;segunda-feira;11:50:00;PE;101;189,3;PALMARES;Carga excessiva e/ou mal acondicionada;Tombamento;Com Vítimas Feridas;Pleno dia;Decrescente;Céu Claro;Dupla;Curva;Sim;2;0;1;0;0;1;1;2;-8,690805;-35,60734;SPRF-PE;DEL01-PE;UOP03-DEL01-PE
690809;12/05/2025;segunda-feira;12:30:00;SP;116;87;PINDAMONHANGABA;Reação tardia ou ineficiente do condutor;Engavetamento;Sem Vítimas;Pleno dia;Crescente;Nublado;Dupla;Reta;Não;5;0;0;0;4;1;0;5;-22,930417;-45,361835;SPRF-SP;DEL08-SP;UOP01-DEL08-SP
690811;12/05/2025;segunda-feira;11:55:00;RS;470;205;BENTO GONCALVES;Ausência de reação do condutor;Colisão frontal;Com Vítimas Feridas;Pleno dia;Decrescente;Céu Claro;Simples;Reta;Não;2;0;2;0;0;0;2;2;-29,08785238;-51,55797883;SPRF-RS;DEL06-RS;UOP01-DEL06-RS
690814;12/05/2025;segunda-feira;12:40:00;SC;470;5,6;NAVEGANTES;Ausência de reação do condutor;Tombamento;Com Vítimas Fatais;Pleno dia;Decrescente;Nublado;Dupla;"Reta;Em Obras";Sim;3;1;0;0;1;1;0;3;-26,85447491;-48,7049675;SPRF-SC;DEL04-SC;UOP04-DEL04-SC
690819;12/05/2025;segunda-feira;10:15:00;GO;60;379;RIO VERDE;Reação tardia ou ineficiente do condutor;Colisão traseira;Com Vítimas Feridas;Pleno dia;Decrescente;Céu Claro;Dupla;Declive;Sim;5;0;1;0;3;2;1;4;-17,8000359;-50,9406565;SPRF-GO;DEL04-GO;UOP02-DEL04-GO
690823;29/03/2025;sábado;14:30:00;ES;101;40,7;CONCEICAO DA BARRA;Manobra de mudança de faixa;Colisão lateral mesmo sentido;Com Vítimas Feridas;Pleno dia;Crescente;Céu Claro;Simples;Reta;Não;3;0;0;1;2;0;1;2;-18,504827;-39,916922;SPRF-ES;DEL04-ES;UOP02-DEL04-ES
690827;12/05/2025;segunda-feira;13:29:00;MG;153;109;PRATA;Acessar a via sem observar a presença dos outros veículos;Colisão transversal;Com Vítimas Feridas;Pleno dia;Decrescente;Céu Claro;Simples;Rotatória;Não;3;0;1;0;1;1;1;3;-19,32899769;-48,9056596;SPRF-MG;DEL15-MG;UOP03-DEL15-MG
690831;12/05/2025;segunda-feira;08:40:00;BA;116;747,9;POCOES;Reação tardia ou ineficiente do condutor;Colisão com objeto;Sem Vítimas;Pleno dia;Crescente;Nublado;Simples;Reta;Não;3;0;0;0;2;3;0;5;-14,46084;-40,344508;SPRF-BA;DEL08-BA;UOP02-DEL08-BA
690832;12/05/2025;segunda-feira;14:00:00;ES;101;204,8;JOAO NEIVA;Desrespeitar a preferência no cruzamento;Colisão transversal;Com Vítimas Feridas;Pleno dia;Decrescente;Nublado;Simples;"Interseção de Vias;Rotatória";Sim;2;0;0;1;1;0;1;2;-19,75566857;-40,37997991;SPRF-ES;DEL02-ES;UOP01-DEL02-ES
690838;12/05/2025;segunda-feira;14:10:00;RN;101;104,2;NATAL;Acessar a via sem observar a presença dos outros veículos;Colisão lateral mesmo sentido;Com Vítimas Feridas;Pleno dia;Crescente;Céu Claro;Dupla;Curva;Não;3;0;0;1;2;0;1;2;-5,8922401;-35,25872338;SPRF-RN;DEL01-RN;UOP01-DEL01-RN
690840;12/05/2025;segunda-feira;14:40:00;PE;316;303;FLORESTA;Carga excessiva e/ou mal acondicionada;Tombamento;Com Vítimas Feridas;Pleno dia;Decrescente;Céu Claro;Simples;Rotatória;Sim;1;0;1;0;0;0;1;1;-8,607998;-38,565942;SPRF-PE;DEL04-PE;UOP03-DEL04-PE
690842;12/05/2025;segunda-feira;11:46:00;MT;163;533;DIAMANTINO;Condutor Dormindo;Saída de leito carroçável;Sem Vítimas;Pleno dia;Crescente;Céu Claro;Simples;Curva;Não;2;0;0;0;1;3;0;4;-14,3562166;-56,15102005;SPRF-MT;DEL01-MT;UOP01-DEL01-MT
690843;12/05/2025;segunda-feira;14:25:00;SP;116;148,6;SAO JOSE DOS CAMPOS;Condutor deixou de manter distância do veículo da frente;Colisão traseira;Com Vítimas Fatais;Pleno dia;Decrescente;Céu Claro;Múltipla;Reta;Sim;2;1;0;0;1;0;0;2;-23,19605432;-45,87268202;SPRF-SP;DEL02-SP;UOP01-DEL02-SP
690844;12/05/2025;segunda-feira;15:45:00;MT;158;606;AGUA BOA;Transitar na contramão;Colisão lateral sentido oposto;Com Vítimas Feridas;Pleno dia;Crescente;Céu Claro;Simples;Reta;Não;3;0;0;1;1;5;1;7;-14,37391032;-52,16911554;SPRF-MT;DEL07-MT;UOP02-DEL07-MT
690845;12/05/2025;segunda-feira;15:45:00;MG;262;408,1;IGARATINGA;Condutor Dormindo;Atropelamento de Pedestre;Com Vítimas Fatais;Pleno dia;Crescente;Nublado;Dupla;"Reta;Aclive";Não;5;1;4;0;0;0;4;3;-19,89956056;-44,65905905;SPRF-MG;DEL08-MG;UOP03-DEL08-MG
690847;12/05/2025;segunda-feira;16:00:00;MG;262;75,5;MATIPO;Ultrapassagem Indevida;Colisão frontal;Com Vítimas Fatais;Pleno dia;Decrescente;Nublado;Simples;"Reta;Aclive";Não;9;3;3;3;0;0;6;3;-20,32595528;-42,34293938;SPRF-MG;DEL03-MG;UOP03-DEL03-MG
690850;12/05/2025;segunda-feira;14:00:00;MG;251;517;MONTES CLAROS;Velocidade Incompatível;Saída de leito carroçável;Com Vítimas Fatais;Pleno dia;Crescente;Céu Claro;Simples;"Reta;Ponte;Declive";Não;3;1;0;1;0;1;1;2;-16,6601231;-43,7485765;SPRF-MG;DEL12-MG;UOP01-DEL12-MG
690851;12/05/2025;segunda-feira;13:00:00;MA;226;333;PRESIDENTE DUTRA;Transitar na contramão;Colisão traseira;Com Vítimas Feridas;Pleno dia;Decrescente;Céu Claro;Simples;Reta;Não;3;0;1;0;2;0;1;3;-5,276514;-44,49198371;SPRF-MA;DEL06-MA;UOP01-DEL06-MA
690852;12/05/2025;segunda-feira;16:15:00;RJ;116;84,5;TERESOPOLIS;Velocidade Incompatível;Colisão frontal;Com Vítimas Fatais;Pleno dia;Crescente;Chuva;Simples;"Curva;Declive";Não;2;1;0;0;1;0;0;2;-22,422385;-42,950681;SPRF-RJ;DEL04-RJ;UOP01-DEL04-RJ
690855;12/05/2025;segunda-feira;14:45:00;SC;116;97;MONTE CASTELO;Condutor deixou de manter distância do veículo da frente;Colisão traseira;Com Vítimas Feridas;Pleno dia;Decrescente;Céu Claro;Simples;"Reta;Declive";Não;6;0;1;1;2;2;2;5;-26,688396;-50,294381;SPRF-SC;DEL06-SC;UOP02-DEL06-SC
690856;12/05/2025;segunda-feira;15:45:00;RO;364;697;PORTO VELHO;Ausência de reação do condutor;Colisão traseira;Com Vítimas Feridas;Pleno dia;Decrescente;Céu Claro;Dupla;Reta;Sim;4;0;1;0;2;1;1;3;-8,8036291;-63,75034539;SPRF-RO;DEL01-RO;UOP01-DEL01-RO
690857;12/05/2025;segunda-feira;17:00:00;MG;40;548;NOVA LIMA;Ausência de reação do condutor;Colisão traseira;Com Vítimas Feridas;Pleno dia;Crescente;Céu Claro;Dupla;"Reta;Aclive";Não;3;0;0;1;1;2;1;4;-20,034164;-43,968673;SPRF-MG;DEL01-MG;UOP02-DEL01-MG
690859;12/05/2025;segunda-feira;14:00:00;PR;277;313,5;GUARAPUAVA;Transitar na contramão;Colisão frontal;Com Vítimas Feridas;Pleno dia;Crescente;Nublado;Simples;Curva;Não;24;0;0;2;21;2;2;7;-25,33759924;-51,21572679;SPRF-PR;DEL08-PR;UOP01-DEL08-PR
690867;31/03/2025;segunda-feira;12:00:00;MT;70;180;GENERAL CARNEIRO;Acostamento em desnível;Tombamento;Com Vítimas Feridas;Pleno dia;Crescente;Céu Claro;Simples;"Declive;Curva";Não;1;0;1;0;0;0;1;1;-15,641847;-53,574986;SPRF-MT;DEL05-MT;UOP01-DEL05-MT
690878;12/05/2025;segunda-feira;18:15:00;MG;40;639,8;CONSELHEIRO LAFAIETE;Acessar a via sem observar a presença dos outros veículos;Colisão transversal;Com Vítimas Feridas;Plena Noite;Decrescente;Nublado;Simples;Interseção de Vias;Não;3;0;1;0;2;0;1;2;-20,74281855;-43,8008523;SPRF-MG;DEL05-MG;UOP02-DEL05-MG
690883;12/05/2025;segunda-feira;15:15:00;BA;116;611;JAGUAQUARA;Demais falhas mecânicas ou elétricas;Incêndio;Sem Vítimas;Pleno dia;Crescente;Céu Claro;Simples;Reta;Não;2;0;0;0;1;2;0;3;-13,328815;-40,01686;SPRF-BA;DEL03-BA;UOP02-DEL03-BA
690884;12/05/2025;segunda-feira;19:00:00;ES;101;267,8;SERRA;Condutor desrespeitou a iluminação vermelha do semáforo;Colisão transversal;Com Vítimas Feridas;Plena Noite;Crescente;Chuva;Múltipla;Reta;Não;2;0;1;0;1;0;1;2;-20,2071674;-40,2696285;SPRF-ES;DEL02-ES;UOP01-DEL02-ES
690894;12/05/2025;segunda-feira;14:50:00;AL;423;51;INHAPI;Condutor deixou de manter distância do veículo da frente;Colisão traseira;Com Vítimas Feridas;Pleno dia;Decrescente;Céu Claro;Simples;Reta;Não;2;0;0;1;0;1;1;2;-9,26749008;-37,7394104;SPRF-AL;DEL03-AL;UOP02-DEL03-AL
690900;12/05/2025;segunda-feira;17:00:00;MT;364;207;RONDONOPOLIS;Acessar a via sem observar a presença dos outros veículos;Colisão transversal;Com Vítimas Feridas;Anoitecer;Decrescente;Céu Claro;Dupla;"Reta;Retorno Regulamentado";Sim;2;0;1;0;1;0;1;2;-16,450123;-54,681439;SPRF-MT;DEL02-MT;UOP01-DEL02-MT
690902;12/05/2025;segunda-feira;19:10:00;SC;282;595,1;SAUDADES;Acessar a via sem observar a presença dos outros veículos;Colisão transversal;Com Vítimas Feridas;Plena Noite;Decrescente;Nublado;Simples;Reta;Não;5;0;4;1;0;0;5;2;-26,8295985;-53,1215782;SPRF-SC;DEL07-SC;UOP02-DEL07-SC
690908;12/05/2025;segunda-feira;19:30:00;MG;365;352;VARJAO DE MINAS;Demais falhas mecânicas ou elétricas;Incêndio;Sem Vítimas;Plena Noite;Decrescente;Céu Claro;Simples;Reta;Não;2;0;0;0;1;1;0;2;-18,44301;-46,07517;SPRF-MG;DEL10-MG;UOP01-DEL10-MG