id;data_inversa;dia_semana;horario;uf;br;km;municipio;causa_acidente;tipo_acidente;classificacao_acidente;fase_dia;sentido_via;condicao_metereologica;tipo_pista;tracado_via;uso_solo;pessoas;mortos;feridos_leves;feridos_graves;ilesos;ignorados;feridos;veiculos;latitude;longitude;regional;delegacia;uop
690911;12/05/2025;segunda-feira;20:40:00;SC;101;173,5;TIJUCAS;Objeto estático sobre o leito carroçável;Tombamento;Com Vítimas Feridas;Plena Noite;Decrescente;Nublado;Dupla;Reta;Não;4;0;0;1;2;1;1;4;-27,31888481;-48,62887558;SPRF-SC;DEL01-SC;UOP01-DEL01-SC
690913;12/05/2025;segunda-feira;19:30:00;RS;290;187,7;MINAS DO LEAO;Condutor deixou de manter distância do veículo da frente;Colisão traseira;Com Vítimas Feridas;Plena Noite;Decrescente;Céu Claro;Simples;Reta;Não;8;0;1;0;6;2;1;5;-30,15310231;-52,09003195;SPRF-RS;DEL02-RS;UOP03-DEL02-RS
690916;12/05/2025;segunda-feira;18:50:00;MT;70;517;VARZEA GRANDE;Pedestre cruzava a pista fora da faixa;Atropelamento de Pedestre;Com Vítimas Feridas;Plena Noite;Decrescente;Céu Claro;Simples;Interseção de Vias;Sim;2;0;0;1;1;0;1;2;-15,7016207;-56,15920186;SPRF-MT;DEL01-MT;UOP02-DEL01-MT
690921;12/05/2025;segunda-feira;14:17:00;MG;251;333;FRUTA DE LEITE;Carga excessiva e/ou mal acondicionada;Colisão lateral sentido oposto;Sem Vítimas;Pleno dia;Decrescente;Céu Claro;Simples;"Declive;Curva";Não;5;0;0;0;3;4;0;7;-16,26292355;-42,40707636;SPRF-MG;DEL12-MG;UOP02-DEL12-MG
690922;12/05/2025;segunda-feira;23:00:00;SC;101;210;SAO JOSE;Chuva;Colisão traseira;Com Vítimas Feridas;Plena Noite;Decrescente;Chuva;Múltipla;Reta;Sim;3;0;2;0;0;1;2;2;-27,614123;-48,642916;SPRF-SC;DEL01-SC;UOP01-DEL01-SC
690923;12/05/2025;segunda-feira;23:40:00;SP;116;344;MIRACATU;Mal súbito do condutor;Saída de leito carroçável;Com Vítimas Feridas;Plena Noite;Crescente;Nublado;Dupla;"Reta;Declive";Não;1;0;0;1;0;0;1;1;-24,03257818;-47,18176441;SPRF-SP;DEL04-SP;UOP03-DEL04-SP
690925;12/05/2025;segunda-feira;22:15:00;SC;101;57,2;ARAQUARI;Frear bruscamente;Colisão com objeto;Com Vítimas Feridas;Plena Noite;Crescente;Chuva;Dupla;Reta;Não;3;0;1;0;1;2;1;4;-26,43746306;-48,80723476;SPRF-SC;DEL03-SC;UOP01-DEL03-SC
690926;12/05/2025;segunda-feira;23:30:00;SP;116;226,3;GUARULHOS;Entrada inopinada do pedestre;Atropelamento de Pedestre;Com Vítimas Fatais;Plena Noite;Crescente;Céu Claro;Múltipla;"Desvio Temporário;Em Obras;Reta;Declive";Sim;2;1;0;0;0;1;0;2;-23,49511;-46,55507421;SPRF-SP;DEL01-SP;UOP01-DEL01-SP
690930;12/05/2025;segunda-feira;23:35:00;RS;116;357;SENTINELA DO SUL;Ausência de reação do condutor;Tombamento;Com Vítimas Feridas;Plena Noite;Decrescente;Nublado;Dupla;Curva;Não;1;0;1;0;0;0;1;1;-30,589358;-51,536733;SPRF-RS;DEL02-RS;UOP02-DEL02-RS
690933;12/05/2025;segunda-feira;19:50:00;BA;101;733,6;ITABELA;Transitar na contramão;Colisão frontal;Com Vítimas Fatais;Plena Noite;Decrescente;Garoa/Chuvisco;Simples;"Curva;Declive";Não;5;2;0;1;1;1;1;3;-16,493252;-39,574695;SPRF-BA;DEL09-BA;UOP01-DEL09-BA
690936;13/05/2025;terça-feira;01:00:00;ES;101;16,5;PEDRO CANARIO;Condutor Dormindo;Colisão traseira;Com Vítimas Feridas;Plena Noite;Crescente;Nublado;Simples;Reta;Sim;3;0;1;0;1;1;1;3;-18,2997298;-39,9574107;SPRF-ES;DEL04-ES;UOP02-DEL04-ES
690944;13/05/2025;terça-feira;00:30:00;MG;50;147;UBERABA;Reação tardia ou ineficiente do condutor;Colisão traseira;Com Vítimas Feridas;Plena Noite;Decrescente;Céu Claro;Dupla;"Reta;Aclive";Não;3;0;1;0;1;3;1;5;-19,539018;-48,036973;SPRF-MG;DEL13-MG;UOP01-DEL13-MG
690950;13/05/2025;terça-feira;07:45:00;ES;101;279,1;SERRA;Condutor deixou de manter distância do veículo da frente;Colisão traseira;Com Vítimas Feridas;Pleno dia;Decrescente;Garoa/Chuvisco;Dupla;Reta;Não;3;0;1;0;1;1;1;3;-20,04883604;-40,38668633;SPRF-ES;DEL02-ES;UOP01-DEL02-ES
690959;13/05/2025;terça-feira;07:50:00;CE;116;33;AQUIRAZ;Condutor Dormindo;Colisão traseira;Com Vítimas Feridas;Pleno dia;Crescente;Sol;Dupla;Reta;Não;2;0;1;0;1;0;1;2;-4,039651;-38,509229;SPRF-CE;DEL01-CE;UOP02-DEL01-CE
690960;13/05/2025;terça-feira;07:57:00;TO;153;141;ARAGUAINA;Acumulo de areia ou detritos sobre o pavimento;Tombamento;Sem Vítimas;Pleno dia;Crescente;Céu Claro;Múltipla;"Curva;Interseção de Vias;Retorno Regulamentado";Não;1;0;0;0;1;0;0;1;-7,17786;-48,22148;SPRF-TO;DEL02-TO;UOP01-DEL02-TO
690961;12/05/2025;segunda-feira;22:30:00;PA;222;104,4;RONDON DO PARA;Deficiência do Sistema de Iluminação/Sinalização;Colisão traseira;Com Vítimas Fatais;Plena Noite;Crescente;Céu Claro;Simples;Reta;Sim;2;1;0;0;0;1;0;2;-4,76684923;-48,05685997;SPRF-PA;DEL02-PA;UOP02-DEL02-PA
690962;12/05/2025;segunda-feira;15:30:00;MA;135;86;ITAPECURU MIRIM;Reação tardia ou ineficiente do condutor;Colisão traseira;Com Vítimas Feridas;Pleno dia;Decrescente;Céu Claro;Simples;Reta;Não;3;0;1;0;1;4;1;6;-3,267473;-44,397298;SPRF-MA;DEL01-MA;UOP02-DEL01-MA
690964;13/05/2025;terça-feira;07:00:00;PR;116;85;PIRAQUARA;Acessar a via sem observar a presença dos outros veículos;Colisão lateral mesmo sentido;Com Vítimas Feridas;Pleno dia;Decrescente;Céu Claro;Dupla;"Interseção de Vias;Viaduto;Reta";Não;4;0;1;0;1;2;1;3;-25,4615303;-49,08890812;SPRF-PR;DEL01-PR;UOP02-DEL01-PR
690982;13/05/2025;terça-feira;09:10:00;RS;116;235,4;NOVO HAMBURGO;Condutor deixou de manter distância do veículo da frente;Colisão traseira;Com Vítimas Feridas;Pleno dia;Decrescente;Céu Claro;Dupla;Reta;Sim;6;0;4;0;1;2;4;5;-29,663974;-51,143551;SPRF-RS;DEL01-RS;UOP02-DEL01-RS
690990;13/05/2025;terça-feira;10:00:00;PR;277;6;PARANAGUA;Velocidade Incompatível;Colisão lateral sentido oposto;Com Vítimas Feridas;Pleno dia;Crescente;Garoa/Chuvisco;Dupla;Reta;Não;4;0;1;0;2;3;1;6;-25,52161;-48,525565;SPRF-PR;DEL01-PR;UOP05-DEL01-PR
690991;12/05/2025;segunda-feira;22:00:00;PR;277;467,5;NOVA LARANJEIRAS;Velocidade Incompatível;Tombamento;Com Vítimas Feridas;Plena Noite;Crescente;Céu Claro;Simples;"Declive;Curva;Ponte";Não;2;0;1;0;0;1;1;2;-25,32876;-52,50934;SPRF-PR;DEL04-PR;UOP02-DEL04-PR
691005;13/05/2025;terça-feira;11:08:00;TO;10;459,6;PALMAS;Acessar a via sem observar a presença dos outros veículos;Saída de leito carroçável;Com Vítimas Feridas;Pleno dia;Crescente;Céu Claro;Múltipla;"Reta;Aclive";Sim;5;0;0;1;3;1;1;4;-10,268515;-48,306482;SPRF-TO;DEL01-TO;UOP03-DEL01-TO
691010;27/04/2025;domingo;07:30:00;MG;262;548;LUZ;Reação tardia ou ineficiente do condutor;Saída de leito carroçável;Com Vítimas Feridas;Pleno dia;Decrescente;Sol;Simples;"Reta;Declive";Não;2;0;1;0;0;3;1;4;-19,721241;-45,875793;SPRF-MG;DEL08-MG;UOP02-DEL08-MG
691011;13/05/2025;terça-feira;12:30:00;MG;381;893,2;CAMBUI;Demais falhas mecânicas ou elétricas;Incêndio;Sem Vítimas;Pleno dia;Decrescente;Céu Claro;Dupla;Reta;Não;2;0;0;0;1;1;0;2;-22,57003026;-46,04137301;SPRF-MG;DEL16-MG;UOP01-DEL16-MG
691014;13/05/2025;terça-feira;11:30:00;MG;116;782;LEOPOLDINA;Velocidade Incompatível;Tombamento;Com Vítimas Feridas;Pleno dia;Decrescente;Céu Claro;Simples;Curva;Não;2;0;1;0;0;1;1;2;-21,627038;-42,69996898;SPRF-MG;DEL07-MG;UOP01-DEL07-MG
691020;13/05/2025;terça-feira;10:35:00;SP;116;505,5;CAJATI;Reação tardia ou ineficiente do condutor;Saída de leito carroçável;Com Vítimas Feridas;Pleno dia;Crescente;Garoa/Chuvisco;Múltipla;Curva;Não;2;0;1;0;1;0;1;2;-24,83558399;-48,2223738;SPRF-SP;DEL05-SP;UOP02-DEL05-SP
691023;13/05/2025;terça-feira;13:00:00;BA;415;22;ILHEUS;Afundamento ou ondulação no pavimento;Tombamento;Com Vítimas Feridas;Pleno dia;Decrescente;Chuva;Simples;Curva;Não;3;0;1;1;0;1;2;2;-14,7995224;-39,1587625;SPRF-BA;DEL05-BA;UOP01-DEL05-BA
691026;13/05/2025;terça-feira;13:55:00;SC;470;44,2;GASPAR;Demais falhas mecânicas ou elétricas;Colisão traseira;Com Vítimas Feridas;Pleno dia;Crescente;Chuva;Dupla;Reta;Não;2;0;1;0;1;0;1;2;-26,86995579;-49,02429555;SPRF-SC;DEL04-SC;UOP01-DEL04-SC
691032;13/05/2025;terça-feira;12:55:00;SC;282;1,2;FLORIANOPOLIS;Demais falhas mecânicas ou elétricas;Incêndio;Sem Vítimas;Pleno dia;Decrescente;Chuva;Múltipla;Reta;Sim;1;0;0;0;1;0;0;1;-27,603066;-48,580857;SPRF-SC;DEL01-SC;UOP01-DEL01-SC
691035;13/01/2025;segunda-feira;16:10:00;BA;324;567;SAO SEBASTIAO DO PASSE;Frear bruscamente;Colisão traseira;Sem Vítimas;Pleno dia;Crescente;Céu Claro;Dupla;"Declive;Reta";Não;3;0;0;0;2;2;0;4;-12,529901;-38,603207;SPRF-BA;DEL01-BA;UOP01-DEL01-BA
691036;13/05/2025;terça-feira;15:10:00;ES;101;270,3;SERRA;Condutor deixou de manter distância do veículo da frente;Colisão traseira;Com Vítimas Feridas;Pleno dia;Crescente;Nublado;Dupla;Reta;Sim;3;0;2;0;1;0;2;2;-20,22300754;-40,27019149;SPRF-ES;DEL02-ES;UOP01-DEL02-ES
691043;13/05/2025;terça-feira;12:20:00;RJ;116;302;PORTO REAL;Ausência de reação do condutor;Colisão lateral mesmo sentido;Com Vítimas Feridas;Pleno dia;Decrescente;Céu Claro;Dupla;Reta;Sim;5;0;2;0;1;2;2;4;-22,452763;-44,3596;SPRF-RJ;DEL07-RJ;UOP02-DEL07-RJ
691049;13/05/2025;terça-feira;13:19:00;MS;163;462;CAMPO GRANDE;Ingestão de álcool pelo condutor;Derramamento de carga;Sem Vítimas;Pleno dia;Crescente;Céu Claro;Simples;Reta;Não;2;0;0;0;1;2;0;3;-20,616;-54,575;SPRF-MS;DEL01-MS;UOP01-DEL01-MS
691050;13/05/2025;terça-feira;15:40:00;PR;277;184;PALMEIRA;Reação tardia ou ineficiente do condutor;Colisão frontal;Com Vítimas Fatais;Pleno dia;Crescente;Céu Claro;Simples;Reta;Não;3;1;0;1;0;1;1;3;-25,421;-50,079;SPRF-PR;DEL08-PR;UOP02-DEL08-PR
691052;13/05/2025;terça-feira;09:30:00;MG;153;134,5;PRATA;Reação tardia ou ineficiente do condutor;Colisão com objeto;Com Vítimas Feridas;Pleno dia;Crescente;Sol;Simples;"Declive;Ponte;Reta";Não;3;0;1;0;1;2;1;4;-19,51777703;-48,83673208;SPRF-MG;DEL15-MG;UOP03-DEL15-MG
691054;13/05/2025;terça-feira;11:10:00;SC;470;51;BLUMENAU;Ausência de reação do condutor;Colisão com objeto;Sem Vítimas;Pleno dia;Decrescente;Garoa/Chuvisco;Dupla;Reta;Não;2;0;0;0;1;1;0;2;-26,86115404;-49,0803279;SPRF-SC;DEL04-SC;UOP01-DEL04-SC
691057;09/05/2025;sexta-feira;14:40:00;RJ;493;19;MAGE;Condutor deixou de manter distância do veículo da frente;Colisão traseira;Com Vítimas Feridas;Pleno dia;Crescente;Céu Claro;Simples;Reta;Não;2;0;1;0;1;0;1;2;-22,66534343;-43,02898407;SPRF-RJ;DEL04-RJ;UOP02-DEL04-RJ
691058;13/05/2025;terça-feira;16:40:00;PR;116;152;MANDIRITUBA;Acessar a via sem observar a presença dos outros veículos;Colisão transversal;Com Vítimas Feridas;Pleno dia;Decrescente;Sol;Simples;Rotatória;Não;3;0;1;0;1;1;1;3;-25,862678;-49,361997;SPRF-PR;DEL01-PR;UOP03-DEL01-PR
691059;09/05/2025;sexta-feira;06:00:00;BA;116;458;ANTONIO CARDOSO;Avarias e/ou desgaste excessivo no pneu;Colisão com objeto;Sem Vítimas;Amanhecer;Decrescente;Céu Claro;Dupla;Reta;Não;4;0;0;0;3;2;0;5;-12,406443;-39,176347;SPRF-BA;DEL02-BA;UOP01-DEL02-BA
691061;13/05/2025;terça-feira;16:15:00;RS;386;233,8;SOLEDADE;Reação tardia ou ineficiente do condutor;Colisão traseira;Com Vítimas Feridas;Pleno dia;Decrescente;Céu Claro;Simples;"Reta;Em Obras";Não;6;0;0;1;4;2;1;5;-28,72201;-52,56154;SPRF-RS;DEL04-RS;UOP03-DEL04-RS
691067;13/05/2025;terça-feira;15:10:00;MG;116;330;CAMPANARIO;Condutor deixou de manter distância do veículo da frente;Colisão traseira;Com Vítimas Feridas;Pleno dia;Decrescente;Chuva;Simples;Reta;Sim;5;0;2;0;3;0;2;3;-18,24506;-41,73278;SPRF-MG;DEL11-MG;UOP01-DEL11-MG
691069;13/05/2025;terça-feira;17:30:00;GO;414;435;ANAPOLIS;Acessar a via sem observar a presença dos outros veículos;Colisão lateral mesmo sentido;Com Vítimas Feridas;Pleno dia;Decrescente;Céu Claro;Simples;Aclive;Sim;3;0;0;2;1;0;2;2;-16,236704;-48,932688;SPRF-GO;DEL02-GO;UOP01-DEL02-GO
691072;13/05/2025;terça-feira;18:00:00;MG;40;518,3;RIBEIRAO DAS NEVES;Trafegar com motocicleta (ou similar) entre as faixas;Colisão lateral mesmo sentido;Com Vítimas Feridas;Anoitecer;Decrescente;Nublado;Dupla;Reta;Sim;3;0;1;0;1;1;1;3;-19,834528;-44,08044;SPRF-MG;DEL01-MG;UOP02-DEL01-MG
691075;13/05/2025;terça-feira;18:40:00;PR;116;121;CURITIBA;Reação tardia ou ineficiente do condutor;Colisão traseira;Sem Vítimas;Plena Noite;Decrescente;Céu Claro;Simples;"Reta;Aclive";Sim;2;0;0;0;2;0;0;2;-25,59847423;-49,31687443;SPRF-PR;DEL01-PR;UOP03-DEL01-PR
691084;13/05/2025;terça-feira;15:00:00;MG;153;77;PRATA;Reação tardia ou ineficiente do condutor;Colisão lateral sentido oposto;Com Vítimas Feridas;Pleno dia;Crescente;Céu Claro;Simples;Curva;Não;3;0;1;0;1;3;1;5;-19,0431353;-49,00964137;SPRF-MG;DEL15-MG;UOP03-DEL15-MG
691087;13/05/2025;terça-feira;15:00:00;ES;262;158;IBATIBA;Ausência de reação do condutor;Colisão lateral sentido oposto;Sem Vítimas;Pleno dia;Decrescente;Nublado;Simples;Curva;Sim;4;0;0;0;2;2;0;4;-20,23032835;-41,50016785;SPRF-ES;DEL01-ES;UOP02-DEL01-ES
691098;13/05/2025;terça-feira;19:45:00;SP;381;52;ATIBAIA;Reação tardia ou ineficiente do condutor;Colisão traseira;Com Vítimas Feridas;Plena Noite;Crescente;Céu Claro;Dupla;"Reta;Aclive";Não;2;0;1;0;0;1;1;2;-23,23079448;-46,60030816;SPRF-SP;DEL03-SP;UOP01-DEL03-SP
691101;13/05/2025;terça-feira;18:00:00;MT;70;516;VARZEA GRANDE;Deficiência do Sistema de Iluminação/Sinalização;Colisão traseira;Com Vítimas Feridas;Anoitecer;Crescente;Céu Claro;Simples;Reta;Sim;3;0;1;0;1;2;1;4;-15,70473988;-56,14711046;SPRF-MT;DEL01-MT;UOP02-DEL01-MT
691103;13/05/2025;terça-feira;20:15:00;SP;116;502;CAJATI;Demais falhas mecânicas ou elétricas;Incêndio;Com Vítimas Feridas;Plena Noite;Crescente;Nublado;Múltipla;Reta;Não;2;0;1;0;0;1;1;2;-24,83558399;-48,2223738;SPRF-SP;DEL05-SP;UOP02-DEL05-SP
691106;13/05/2025;terça-feira;17:50:00;BA;101;231;SANTO ANTONIO DE JESUS;Ingestão de álcool pelo condutor;Colisão frontal;Com Vítimas Feridas;Anoitecer;Crescente;Ignorado;Simples;"Curva;Declive";Não;2;0;0;1;1;0;1;2;-12,964765;-39,2451526;SPRF-BA;DEL01-BA;UOP02-DEL01-BA
691111;13/05/2025;terça-feira;18:00:00;BA;324;208;CAEM;Acessar a via sem observar a presença dos outros veículos;Atropelamento de Pedestre;Com Vítimas Feridas;Plena Noite;Crescente;Céu Claro;Simples;Aclive;Não;2;0;0;1;0;1;1;2;-11,17923;-40,04812;SPRF-BA;DEL04-BA;UOP02-DEL04-BA
691120;26/02/2025;quarta-feira;13:30:00;RJ;493;2,5;ITABORAI;Ausência de reação do condutor;Colisão traseira;Com Vítimas Feridas;Pleno dia;Crescente;Céu Claro;Dupla;"Reta;Viaduto";Sim;2;0;0;1;1;0;1;2;-22,76032444;-42,93499654;SPRF-RJ;DEL02-RJ;UOP02-DEL02-RJ
691125;13/05/2025;terça-feira;21:58:00;GO;153;248;NOVA GLORIA;Ausência de sinalização;Colisão traseira;Com Vítimas Fatais;Plena Noite;Decrescente;Céu Claro;Simples;Reta;Não;2;1;0;0;1;0;0;2;-15,00512627;-49,41489371;SPRF-GO;DEL07-GO;UOP02-DEL07-GO
691127;13/05/2025;terça-feira;22:20:00;SC;282;16;PALHOCA;Conversão proibida;Colisão transversal;Sem Vítimas;Plena Noite;Decrescente;Chuva;Simples;Reta;Sim;3;0;0;0;3;0;0;3;-27,656194;-48,68007;SPRF-SC;DEL01-SC;UOP02-DEL01-SC
691132;13/05/2025;terça-feira;21:00:00;BA;116;475;RAFAEL JAMBEIRO;Condutor Dormindo;Colisão traseira;Com Vítimas Feridas;Plena Noite;Crescente;Garoa/Chuvisco;Dupla;Aclive;Não;4;0;1;0;2;2;1;4;-12,53156;-39,41379;SPRF-BA;DEL02-BA;UOP01-DEL02-BA
691133;13/05/2025;terça-feira;20:30:00;RS;386;296;POUSO NOVO;Reação tardia ou ineficiente do condutor;Capotamento;Com Vítimas Feridas;Plena Noite;Decrescente;Céu Claro;Simples;"Curva;Declive";Não;2;0;1;0;0;1;1;2;-29,139704;-52,239307;SPRF-RS;DEL04-RS;UOP01-DEL04-RS
691135;13/05/2025;terça-feira;15:00:00;RO;364;384;OURO PRETO DO OESTE;Acessar a via sem observar a presença dos outros veículos;Colisão transversal;Com Vítimas Feridas;Pleno dia;Decrescente;Céu Claro;Simples;Interseção de Vias;Sim;2;0;1;0;1;0;1;2;-10,71394997;-62,25181711;SPRF-RO;DEL02-RO;UOP01-DEL02-RO
691139;14/05/2025;quarta-feira;02:00:00;BA;324;528;FEIRA DE SANTANA;Demais falhas mecânicas ou elétricas;Tombamento;Sem Vítimas;Plena Noite;Crescente;Céu Claro;Dupla;Reta;Sim;1;0;0;0;1;0;0;1;-12,3111444;-38,8826203;SPRF-BA;DEL01-BA;UOP03-DEL01-BA
691140;13/05/2025;terça-feira;23:30:00;MG;365;82,5;JEQUITAI;Chuva;Saída de leito carroçável;Com Vítimas Feridas;Plena Noite;Decrescente;Nublado;Simples;"Declive;Reta";Não;2;0;0;1;0;1;1;2;-17,1617515;-44,400743;SPRF-MG;DEL12-MG;UOP01-DEL12-MG
691141;14/05/2025;quarta-feira;00:30:00;MG;365;82,5;JEQUITAI;Ausência de reação do condutor;Colisão com objeto;Com Vítimas Feridas;Plena Noite;Crescente;Céu Claro;Simples;Reta;Não;5;0;3;1;0;1;4;3;-17,1617515;-44,400743;SPRF-MG;DEL12-MG;UOP01-DEL12-MG
691142;14/05/2025;quarta-feira;03:50:00;MG;50;157;UBERABA;Ausência de reação do condutor;Saída de leito carroçável;Com Vítimas Feridas;Plena Noite;Decrescente;Céu Claro;Dupla;"Retorno Regulamentado;Declive";Não;1;0;1;0;0;0;1;1;-19,623922;-48,016128;SPRF-MG;DEL13-MG;UOP01-DEL13-MG
691143;14/05/2025;quarta-feira;03:55:00;SC;101;140,7;BALNEARIO CAMBORIU;Manobra de mudança de faixa;Colisão lateral mesmo sentido;Com Vítimas Feridas;Plena Noite;Decrescente;Céu Claro;Dupla;"Em Obras;Túnel;Reta";Não;4;0;1;0;2;1;1;3;-27,04433;-48,59988;SPRF-SC;DEL04-SC;UOP03-DEL04-SC
691149;14/05/2025;quarta-feira;05:30:00;MT;163;694;SORRISO;Acessar a via sem observar a presença dos outros veículos;Colisão transversal;Com Vítimas Feridas;Amanhecer;Crescente;Céu Claro;Simples;"Retorno Regulamentado;Interseção de Vias;Reta";Não;4;0;1;0;2;3;1;5;-13,028803;-55,897893;SPRF-MT;DEL06-MT;UOP01-DEL06-MT
691152;14/05/2025;quarta-feira;07:26:00;PR;116;115;CURITIBA;Trafegar com motocicleta (ou similar) entre as faixas;Colisão lateral mesmo sentido;Com Vítimas Feridas;Pleno dia;Decrescente;Céu Claro;Dupla;Reta;Sim;3;0;0;1;1;1;1;3;-25,55153528;-49,30491328;SPRF-PR;DEL01-PR;UOP03-DEL01-PR
691156;14/05/2025;quarta-feira;07:15:00;PR;376;183,8;SARANDI;Condutor deixou de manter distância do veículo da frente;Colisão traseira;Com Vítimas Feridas;Pleno dia;Decrescente;Céu Claro;Dupla;"Reta;Aclive";Não;4;0;1;0;3;0;1;2;-23,440253;-51,872986;SPRF-PR;DEL09-PR;UOP01-DEL09-PR
691157;13/05/2025;terça-feira;21:20:00;MT;70;244;PRIMAVERA DO LESTE;Acostamento em desnível;Saída de leito carroçável;Com Vítimas Feridas;Plena Noite;Decrescente;Céu Claro;Simples;Reta;Não;2;0;1;0;0;1;1;2;-15,618791;-54,061774;SPRF-MT;DEL05-MT;UOP01-DEL05-MT
691165;14/05/2025;quarta-feira;08:15:00;SC;116;5,8;MAFRA;Acessar a via sem observar a presença dos outros veículos;Colisão transversal;Sem Vítimas;Pleno dia;Crescente;Céu Claro;Simples;"Reta;Retorno Regulamentado";Sim;2;0;0;0;2;0;0;2;-26,1455058;-49,8217904;SPRF-SC;DEL06-SC;UOP01-DEL06-SC
691171;14/05/2025;quarta-feira;07:50:00;MG;381;480,5;CONTAGEM;Trafegar com motocicleta (ou similar) entre as faixas;Colisão lateral mesmo sentido;Com Vítimas Feridas;Pleno dia;Decrescente;Sol;Dupla;Curva;Sim;2;0;1;0;1;0;1;2;-19,95841;-44,05582;SPRF-MG;DEL01-MG;UOP03-DEL01-MG
691176;14/05/2025;quarta-feira;08:50:00;TO;10;520;APARECIDA DO RIO NEGRO;Condutor deixou de manter distância do veículo da frente;Colisão traseira;Com Vítimas Feridas;Pleno dia;Crescente;Céu Claro;Simples;Reta;Não;3;0;1;0;1;3;1;5;-9,997115;-48,0496;SPRF-TO;DEL01-TO;UOP03-DEL01-TO
691185;14/05/2025;quarta-feira;06:30:00;BA;407;121;SENHOR DO BONFIM;Sinalização mal posicionada;Saída de leito carroçável;Com Vítimas Feridas;Amanhecer;Decrescente;Céu Claro;Simples;Curva;Não;1;0;1;0;0;0;1;1;-10,41515;-40,18387;SPRF-BA;DEL04-BA;UOP01-DEL04-BA
691189;14/05/2025;quarta-feira;10:50:00;GO;153;493;GOIANIA;Manobra de mudança de faixa;Colisão transversal;Com Vítimas Feridas;Pleno dia;Crescente;Céu Claro;Dupla;"Reta;Declive";Sim;2;0;0;1;1;0;1;2;-16,5871616;-49,1552768;SPRF-GO;DEL01-GO;UOP01-DEL01-GO
691191;14/05/2025;quarta-feira;10:20:00;PR;373;222;IMBITUVA;Reação tardia ou ineficiente do condutor;Colisão transversal;Com Vítimas Feridas;Pleno dia;Decrescente;Céu Claro;Dupla;"Interseção de Vias;Reta;Rotatória;Aclive";Não;3;0;0;1;1;3;1;5;-25,181337;-50,596125;SPRF-PR;DEL03-PR;UOP01-DEL03-PR
691192;14/05/2025;quarta-feira;02:00:00;BA;242;235;ITABERABA;Reação tardia ou ineficiente do condutor;Saída de leito carroçável;Sem Vítimas;Plena Noite;Decrescente;Chuva;Simples;Reta;Não;1;0;0;0;1;0;0;1;-12,52909581;-40,36975443;SPRF-BA;DEL06-BA;UOP02-DEL06-BA
691198;14/05/2025;quarta-feira;08:20:00;SC;101;113;ITAJAI;Reação tardia ou ineficiente do condutor;Colisão lateral mesmo sentido;Sem Vítimas;Pleno dia;Crescente;Sol;Múltipla;Reta;Sim;2;0;0;0;1;1;0;2;-26,8531929;-48,7268587;SPRF-SC;DEL04-SC;UOP04-DEL04-SC
691199;13/05/2025;terça-feira;11:30:00;SP;116;28;CRUZEIRO;Demais falhas mecânicas ou elétricas;Incêndio;Com Vítimas Feridas;Pleno dia;Crescente;Céu Claro;Múltipla;Reta;Não;1;0;1;0;0;0;1;1;-22,64067944;-44,94007111;SPRF-SP;DEL08-SP;UOP02-DEL08-SP
691201;14/05/2025;quarta-feira;08:45:00;GO;80;27,7;PADRE BERNARDO;Velocidade Incompatível;Tombamento;Sem Vítimas;Pleno dia;Crescente;Céu Claro;Simples;Curva;Não;2;0;0;0;2;0;0;1;-15,59639;-48,20343;SPRF-DF;DEL03-DF;UOP02-DEL03-DF
691203;14/05/2025;quarta-feira;12:00:00;PR;369;485,9;CORBELIA;Ausência de reação do condutor;Colisão traseira;Com Vítimas Feridas;Pleno dia;Decrescente;Sol;Dupla;"Reta;Aclive";Sim;2;0;0;1;1;0;1;2;-24,80641574;-53,29234346;SPRF-PR;DEL04-PR;UOP03-DEL04-PR
691204;02/04/2025;quarta-feira;11:40:00;AL;101;137,5;SAO MIGUEL DOS CAMPOS;Ausência de reação do condutor;Colisão lateral mesmo sentido;Com Vítimas Feridas;Pleno dia;Decrescente;Chuva;Dupla;Curva;Não;3;0;2;0;1;0;2;2;-9,78764245;-36,10527992;SPRF-AL;DEL02-AL;UOP01-DEL02-AL
691206;14/05/2025;quarta-feira;12:40:00;GO;60;205,5;GUAPO;Ausência de reação do condutor;Colisão lateral mesmo sentido;Com Vítimas Feridas;Pleno dia;Decrescente;Sol;Dupla;Reta;Sim;4;0;2;0;1;3;2;5;-16,9159032;-49,660064;SPRF-GO;DEL01-GO;UOP02-DEL01-GO
691211;14/05/2025;quarta-feira;13:00:00;SP;381;4;VARGEM;Mal súbito do condutor;Saída de leito carroçável;Com Vítimas Fatais;Pleno dia;Crescente;Céu Claro;Dupla;"Declive;Reta";Não;2;1;0;0;0;1;0;2;-22,87948712;-46,40149815;SPRF-SP;DEL03-SP;UOP02-DEL03-SP
691214;14/05/2025;quarta-feira;13:30:00;ES;101;294,6;CARIACICA;Reação tardia ou ineficiente do condutor;Colisão lateral mesmo sentido;Com Vítimas Feridas;Pleno dia;Decrescente;Céu Claro;Múltipla;Declive;Sim;5;0;1;0;3;1;1;5;-20,329888;-40,398898;SPRF-ES;DEL01-ES;UOP01-DEL01-ES