id;data_inversa;dia_semana;horario;uf;br;km;municipio;causa_acidente;tipo_acidente;classificacao_acidente;fase_dia;sentido_via;condicao_metereologica;tipo_pista;tracado_via;uso_solo;pessoas;mortos;feridos_leves;feridos_graves;ilesos;ignorados;feridos;veiculos;latitude;longitude;regional;delegacia;uop
691216;14/05/2025;quarta-feira;06:30:00;MA;222;378;PINDARE-MIRIM;Demais falhas mecânicas ou elétricas;Incêndio;Sem Vítimas;Pleno dia;Decrescente;Céu Claro;Simples;Reta;Não;2;0;0;0;1;2;0;3;-3,787157;-45,467115;SPRF-MA;DEL02-MA;UOP01-DEL02-MA
691218;14/05/2025;quarta-feira;10:15:00;SC;470;16;ILHOTA;Reação tardia ou ineficiente do condutor;Colisão traseira;Com Vítimas Feridas;Pleno dia;Crescente;Céu Claro;Dupla;"Reta;Aclive";Não;3;0;1;0;2;0;1;2;-26,84052315;-48,78474176;SPRF-SC;DEL04-SC;UOP04-DEL04-SC
691221;14/05/2025;quarta-feira;12:30:00;MT;163;1106;GUARANTA DO NORTE;Condutor deixou de manter distância do veículo da frente;Colisão traseira;Com Vítimas Feridas;Pleno dia;Decrescente;Céu Claro;Simples;Reta;Não;3;0;1;0;1;3;1;5;-9,618;-54,878;SPRF-MT;DEL06-MT;UOP03-DEL06-MT
691229;14/05/2025;quarta-feira;10:30:00;MT;364;509,9;ROSARIO OESTE;Ausência de reação do condutor;Saída de leito carroçável;Com Vítimas Feridas;Pleno dia;Decrescente;Céu Claro;Simples;Reta;Não;2;0;1;0;0;3;1;4;-15,07379837;-56,51760579;SPRF-MT;DEL01-MT;UOP01-DEL01-MT
691233;14/05/2025;quarta-feira;15:20:00;MG;40;690,6;ALFREDO VASCONCELOS;Transitar na contramão;Colisão frontal;Com Vítimas Fatais;Pleno dia;Crescente;Nublado;Simples;Reta;Não;2;1;0;0;1;0;0;2;-21,11364794;-43,7593174;SPRF-MG;DEL05-MG;UOP02-DEL05-MG
691235;14/05/2025;quarta-feira;14:00:00;MS;376;159,4;NOVA ANDRADINA;Reação tardia ou ineficiente do condutor;Colisão traseira;Com Vítimas Feridas;Pleno dia;Crescente;Céu Claro;Simples;Reta;Não;3;0;0;1;1;3;1;5;-22,32545005;-53,45839441;SPRF-MS;DEL04-MS;UOP04-DEL04-MS
691241;09/03/2025;domingo;11:50:00;GO;20;64;FORMOSA;Problema com o freio;Colisão traseira;Com Vítimas Feridas;Pleno dia;Crescente;Céu Claro;Simples;Reta;Sim;5;0;1;0;3;4;1;7;-15,21651118;-47,15870854;SPRF-DF;DEL02-DF;UOP02-DEL02-DF
691252;14/05/2025;quarta-feira;15:30:00;RS;470;247,8;BARAO;Acessar a via sem observar a presença dos outros veículos;Colisão transversal;Com Vítimas Feridas;Pleno dia;Crescente;Céu Claro;Simples;Reta;Não;2;0;1;0;1;0;1;2;-29,39579953;-51,49451349;SPRF-RS;DEL06-RS;UOP01-DEL06-RS
691253;14/05/2025;quarta-feira;16:00:00;BA;116;573,9;BREJOES;Acumulo de óleo sobre o pavimento;Colisão frontal;Com Vítimas Feridas;Pleno dia;Crescente;Chuva;Simples;"Curva;Declive";Não;3;0;2;0;1;0;2;2;-13,05802;-39,957514;SPRF-BA;DEL03-BA;UOP02-DEL03-BA
691259;14/05/2025;quarta-feira;11:50:00;MT;174;552;COMODORO;Ingestão de álcool pelo condutor;Saída de leito carroçável;Sem Vítimas;Pleno dia;Crescente;Céu Claro;Simples;"Reta;Declive";Não;2;0;0;0;1;2;0;3;-13,6347648;-59,8048768;SPRF-MT;DEL04-MT;UOP02-DEL04-MT
691276;14/05/2025;quarta-feira;17:50:00;SC;101;117;ITAJAI;Trafegar com motocicleta (ou similar) entre as faixas;Colisão lateral mesmo sentido;Com Vítimas Feridas;Anoitecer;Crescente;Nublado;Múltipla;"Reta;Viaduto;Declive";Sim;4;0;2;0;1;1;2;3;-26,8907235;-48,72114927;SPRF-SC;DEL04-SC;UOP04-DEL04-SC
691277;14/05/2025;quarta-feira;18:20:00;RS;285;118,4;VACARIA;Acessar a via sem observar a presença dos outros veículos;Colisão transversal;Com Vítimas Feridas;Anoitecer;Decrescente;Céu Claro;Simples;Reta;Sim;4;0;1;2;1;0;3;2;-28,5046097;-50,91548324;SPRF-RS;DEL05-RS;UOP03-DEL05-RS
691279;02/05/2025;sexta-feira;11:46:00;ES;101;409,8;ITAPEMIRIM;Ausência de reação do condutor;Colisão com objeto;Com Vítimas Feridas;Pleno dia;Crescente;Céu Claro;Simples;Curva;Não;2;0;1;0;0;1;1;2;-20,89646121;-41,05004936;SPRF-ES;DEL03-ES;UOP02-DEL03-ES
691290;14/05/2025;quarta-feira;18:30:00;PB;230;174,7;CAMPINA GRANDE;Ausência de reação do condutor;Atropelamento de Pedestre;Com Vítimas Fatais;Plena Noite;Decrescente;Céu Claro;Simples;"Declive;Reta";Não;3;1;0;0;0;2;0;2;-7,179291;-36,018564;SPRF-PB;DEL02-PB;UOP02-DEL02-PB
691306;14/05/2025;quarta-feira;19:35:00;BA;116;213;EUCLIDES DA CUNHA;Ausência de reação do condutor;Saída de leito carroçável;Sem Vítimas;Plena Noite;Crescente;Céu Claro;Simples;Reta;Não;3;0;0;0;2;1;0;2;-10,4840984;-39,01863098;SPRF-BA;DEL07-BA;UOP03-DEL07-BA
691311;14/05/2025;quarta-feira;20:30:00;MG;251;474,4;MONTES CLAROS;Reação tardia ou ineficiente do condutor;Colisão com objeto;Com Vítimas Fatais;Plena Noite;Crescente;Céu Claro;Simples;Declive;Não;1;1;0;0;0;0;0;1;-16,6537036;-43,7179437;SPRF-MG;DEL12-MG;UOP01-DEL12-MG
691316;14/05/2025;quarta-feira;18:40:00;MA;135;23;SAO LUIS;Acessar a via sem observar a presença dos outros veículos;Colisão transversal;Sem Vítimas;Plena Noite;Crescente;Céu Claro;Múltipla;Reta;Sim;2;0;0;0;2;0;0;2;-2,55205007;-44,30748582;SPRF-MA;DEL01-MA;UOP01-DEL01-MA
691323;14/05/2025;quarta-feira;22:45:00;RS;290;176;BUTIA;Acessar a via sem observar a presença dos outros veículos;Colisão lateral mesmo sentido;Com Vítimas Feridas;Plena Noite;Crescente;Céu Claro;Simples;Reta;Sim;2;0;0;1;0;1;1;2;-30,13295392;-51,98112488;SPRF-RS;DEL02-RS;UOP03-DEL02-RS
691328;14/05/2025;quarta-feira;23:40:00;MG;381;866;POUSO ALEGRE;Demais falhas mecânicas ou elétricas;Incêndio;Sem Vítimas;Plena Noite;Crescente;Céu Claro;Dupla;"Reta;Aclive";Não;2;0;0;0;1;1;0;2;-22,3973309;-45,9598616;SPRF-MG;DEL16-MG;UOP01-DEL16-MG
691330;15/05/2025;quinta-feira;00:50:00;RO;364;702;PORTO VELHO;Ausência de reação do condutor;Colisão traseira;Com Vítimas Feridas;Plena Noite;Crescente;Céu Claro;Dupla;Reta;Não;4;0;1;0;1;3;1;4;-8,8002874;-63,761762;SPRF-RO;DEL01-RO;UOP01-DEL01-RO
691333;15/05/2025;quinta-feira;02:25:00;MT;163;1034;MATUPA;Ausência de reação do condutor;Colisão frontal;Com Vítimas Feridas;Plena Noite;Crescente;Céu Claro;Simples;Reta;Não;4;0;1;1;1;2;2;4;-10,209357;-54,962714;SPRF-MT;DEL06-MT;UOP03-DEL06-MT
691334;15/05/2025;quinta-feira;01:50:00;RJ;40;39;AREAL;Velocidade Incompatível;Tombamento;Com Vítimas Feridas;Plena Noite;Decrescente;Nublado;Dupla;"Declive;Reta";Não;1;0;1;0;0;0;1;1;-22,23325471;-43,11357021;SPRF-RJ;DEL05-RJ;UOP02-DEL05-RJ
691339;15/05/2025;quinta-feira;03:29:00;MT;364;331;SANTO ANTONIO DO LEVERGER;Reação tardia ou ineficiente do condutor;Saída de leito carroçável;Com Vítimas Feridas;Plena Noite;Crescente;Céu Claro;Dupla;"Curva;Declive";Não;2;0;0;1;0;1;1;2;-15,831648;-55,4389;SPRF-MT;DEL05-MT;UOP02-DEL05-MT
691342;15/05/2025;quinta-feira;03:00:00;MG;251;333;RUBELITA;Ausência de reação do condutor;Tombamento;Com Vítimas Feridas;Plena Noite;Decrescente;Céu Claro;Simples;"Curva;Declive";Não;1;0;0;1;0;0;1;1;-16,26258765;-42,40824214;SPRF-MG;DEL12-MG;UOP02-DEL12-MG
691355;17/04/2025;quinta-feira;09:20:00;RJ;101;383;RIO DE JANEIRO;Demais falhas mecânicas ou elétricas;Colisão traseira;Com Vítimas Feridas;Pleno dia;Crescente;Céu Claro;Dupla;Reta;Sim;2;0;1;0;1;0;1;2;-22,87449288;-43,6101792;SPRF-RJ;DEL03-RJ;UOP01-DEL03-RJ
691365;15/05/2025;quinta-feira;06:30:00;SP;116;505;CAJATI;Reação tardia ou ineficiente do condutor;Tombamento;Com Vítimas Feridas;Amanhecer;Decrescente;Céu Claro;Dupla;"Curva;Declive";Não;2;0;1;0;0;1;1;2;-24,796764;-48,20857;SPRF-SP;DEL05-SP;UOP02-DEL05-SP
691366;15/05/2025;quinta-feira;07:30:00;SP;116;511;CAJATI;Reação tardia ou ineficiente do condutor;Colisão traseira;Com Vítimas Feridas;Pleno dia;Decrescente;Céu Claro;Dupla;Declive;Não;7;0;1;0;5;3;1;8;-24,8499144;-48,20981026;SPRF-SP;DEL05-SP;UOP02-DEL05-SP
691371;15/05/2025;quinta-feira;07:00:00;BA;116;23;VITORIA DA CONQUISTA;Demais falhas mecânicas ou elétricas;Colisão com objeto;Com Vítimas Feridas;Pleno dia;Crescente;Garoa/Chuvisco;Simples;Curva;Não;4;0;0;1;2;2;1;5;-14,86562545;-40,79980083;SPRF-BA;DEL08-BA;UOP01-DEL08-BA
691376;15/05/2025;quinta-feira;04:50:00;PR;277;483,5;NOVA LARANJEIRAS;Ausência de reação do condutor;Colisão com objeto;Com Vítimas Feridas;Amanhecer;Crescente;Céu Claro;Simples;Curva;Não;2;0;1;0;0;1;1;2;-25,263197;-52,62326;SPRF-PR;DEL04-PR;UOP02-DEL04-PR
691377;15/05/2025;quinta-feira;08:50:00;RS;101;82;OSORIO;Reação tardia ou ineficiente do condutor;Colisão lateral mesmo sentido;Com Vítimas Feridas;Pleno dia;Crescente;Sol;Dupla;Reta;Não;2;0;1;0;1;0;1;2;-29,84705488;-50,24528202;SPRF-RS;DEL03-RS;UOP01-DEL03-RS
691378;15/05/2025;quinta-feira;07:07:00;PR;487;29,1;ICARAIMA;Ausência de reação do condutor;Colisão traseira;Com Vítimas Feridas;Pleno dia;Decrescente;Céu Claro;Simples;Aclive;Não;3;0;2;0;0;4;2;6;-23,40949;-53,586388;SPRF-PR;DEL06-PR;UOP03-DEL06-PR
691380;15/05/2025;quinta-feira;08:36:00;RN;101;124;SAO JOSE DE MIPIBU;Reação tardia ou ineficiente do condutor;Colisão transversal;Com Vítimas Feridas;Pleno dia;Decrescente;Garoa/Chuvisco;Dupla;"Reta;Interseção de Vias";Sim;4;0;1;0;2;1;1;4;-6,07034781;-35,23804363;SPRF-RN;DEL01-RN;UOP01-DEL01-RN
691387;15/05/2025;quinta-feira;07:30:00;RJ;40;121;DUQUE DE CAXIAS;Ausência de reação do condutor;Colisão traseira;Com Vítimas Feridas;Pleno dia;Crescente;Céu Claro;Múltipla;Reta;Sim;3;0;1;0;1;1;1;3;-22,78308432;-43,28581473;SPRF-RJ;DEL01-RJ;UOP02-DEL01-RJ
691388;15/05/2025;quinta-feira;08:40:00;MG;40;43,4;PARACATU;Condutor deixou de manter distância do veículo da frente;Colisão traseira;Com Vítimas Feridas;Pleno dia;Crescente;Céu Claro;Simples;"Reta;Interseção de Vias";Sim;2;0;1;0;1;0;1;2;-17,22780729;-46,85893603;SPRF-MG;DEL14-MG;UOP01-DEL14-MG
691390;15/05/2025;quinta-feira;08:45:00;MS;163;150;JUTI;Ausência de reação do condutor;Saída de leito carroçável;Com Vítimas Feridas;Pleno dia;Crescente;Céu Claro;Simples;Aclive;Não;2;0;1;0;1;0;1;1;-22,958217;-54,437237;SPRF-MS;DEL09-MS;UOP01-DEL09-MS
691392;15/05/2025;quinta-feira;05:40:00;MA;10;265;IMPERATRIZ;Condutor Dormindo;Saída de leito carroçável;Com Vítimas Fatais;Amanhecer;Crescente;Céu Claro;Simples;Reta;Não;1;1;0;0;0;0;0;1;-5,409263;-47,47293;SPRF-MA;DEL04-MA;UOP01-DEL04-MA
691395;15/05/2025;quinta-feira;07:18:00;CE;222;208,1;FORQUILHA;Reação tardia ou ineficiente do condutor;Colisão lateral sentido oposto;Com Vítimas Feridas;Pleno dia;Decrescente;Céu Claro;Simples;Curva;Sim;4;0;1;0;3;0;1;2;-3,79794135;-40,2584308;SPRF-CE;DEL04-CE;UOP01-DEL04-CE
691397;15/05/2025;quinta-feira;10:10:00;ES;101;49;CONCEICAO DA BARRA;Desrespeitar a preferência no cruzamento;Colisão transversal;Com Vítimas Feridas;Pleno dia;Crescente;Nublado;Simples;Reta;Não;4;0;2;0;1;2;2;4;-18,58277352;-39,8932871;SPRF-ES;DEL04-ES;UOP02-DEL04-ES
691398;27/03/2025;quinta-feira;00:10:00;SP;116;315,7;JUQUITIBA;Reação tardia ou ineficiente do condutor;Tombamento;Com Vítimas Feridas;Plena Noite;Crescente;Céu Claro;Dupla;Curva;Não;2;0;0;1;0;1;1;2;-23,93359825;-47,01155884;SPRF-SP;DEL04-SP;UOP03-DEL04-SP
691399;15/05/2025;quinta-feira;01:35:00;RJ;40;120;DUQUE DE CAXIAS;Ausência de sinalização;Colisão traseira;Com Vítimas Feridas;Plena Noite;Crescente;Céu Claro;Múltipla;Reta;Sim;2;0;0;1;1;0;1;2;-22,77630403;-43,28617963;SPRF-RJ;DEL01-RJ;UOP02-DEL01-RJ
691400;15/05/2025;quinta-feira;07:52:00;PR;277;30,5;MORRETES;Velocidade Incompatível;Colisão traseira;Sem Vítimas;Pleno dia;Decrescente;Céu Claro;Dupla;Reta;Não;4;0;0;0;3;5;0;8;-25,55237571;-48,79917445;SPRF-PR;DEL01-PR;UOP05-DEL01-PR
691406;15/05/2025;quinta-feira;08:30:00;BA;324;408;NOVA FATIMA;Manobra de mudança de faixa;Colisão frontal;Com Vítimas Feridas;Pleno dia;Crescente;Céu Claro;Simples;Reta;Não;3;0;0;2;1;0;2;3;-11,61995478;-39,6194458;SPRF-BA;DEL04-BA;UOP02-DEL04-BA
691409;15/05/2025;quinta-feira;10:30:00;RS;158;321;SANTA MARIA;Manobra de mudança de faixa;Colisão lateral mesmo sentido;Sem Vítimas;Pleno dia;Decrescente;Céu Claro;Múltipla;"Interseção de Vias;Rotatória";Sim;4;0;0;0;3;1;0;3;-29,69559699;-53,77534602;SPRF-RS;DEL09-RS;UOP01-DEL09-RS
691410;06/04/2025;domingo;06:00:00;MG;381;873,9;POUSO ALEGRE;Ausência de reação do condutor;Tombamento;Sem Vítimas;Pleno dia;Crescente;Céu Claro;Dupla;"Curva;Declive";Não;1;0;0;0;0;1;0;1;-22,3973757;-45,9599174;SPRF-MG;DEL16-MG;UOP01-DEL16-MG
691413;15/05/2025;quinta-feira;11:06:00;MT;163;648;LUCAS DO RIO VERDE;Condutor deixou de manter distância do veículo da frente;Colisão traseira;Com Vítimas Feridas;Pleno dia;Decrescente;Céu Claro;Simples;"Curva;Em Obras";Não;3;0;1;0;1;2;1;4;-13,38776667;-56,09115667;SPRF-MT;DEL06-MT;UOP01-DEL06-MT
691414;15/05/2025;quinta-feira;02:30:00;SC;153;0,6;AGUA DOCE;Ausência de reação do condutor;Saída de leito carroçável;Com Vítimas Feridas;Plena Noite;Crescente;Céu Claro;Simples;Curva;Não;1;0;1;0;0;0;1;1;-26,613378;-51,497047;SPRF-SC;DEL07-SC;UOP07-DEL07-SC
691418;07/05/2025;quarta-feira;06:35:00;SC;282;492;FAXINAL DOS GUEDES;Ausência de sinalização;Colisão traseira;Sem Vítimas;Pleno dia;Decrescente;Nublado;Simples;"Aclive;Reta";Não;4;0;0;0;3;1;0;4;-26,872357;-52,293212;SPRF-SC;DEL07-SC;UOP01-DEL07-SC
691420;15/05/2025;quinta-feira;07:30:00;RJ;101;328;NITEROI;Reação tardia ou ineficiente do condutor;Colisão traseira;Com Vítimas Feridas;Pleno dia;Decrescente;Céu Claro;Múltipla;Reta;Não;4;0;0;1;3;0;1;2;-22,87038741;-43,16889882;SPRF-RJ;DEL02-RJ;UOP01-DEL02-RJ
691422;15/05/2025;quinta-feira;11:40:00;PR;476;144;CURITIBA;Velocidade Incompatível;Colisão traseira;Com Vítimas Feridas;Pleno dia;Crescente;Céu Claro;Dupla;"Curva;Declive";Não;5;0;1;0;3;2;1;5;-25,54159399;-49,31221811;SPRF-PR;DEL01-PR;UOP06-DEL01-PR
691431;15/05/2025;quinta-feira;14:00:00;ES;101;282;SERRA;Condutor deixou de manter distância do veículo da frente;Colisão traseira;Com Vítimas Feridas;Pleno dia;Decrescente;Sol;Dupla;Reta;Não;5;0;2;0;3;0;2;3;-20,22577477;-40,36231549;SPRF-ES;DEL01-ES;UOP01-DEL01-ES
691432;15/05/2025;quinta-feira;12:40:00;SC;101;148,5;ITAPEMA;Ingestão de álcool pelo condutor;Colisão traseira;Sem Vítimas;Pleno dia;Decrescente;Céu Claro;Múltipla;"Reta;Aclive";Sim;2;0;0;0;2;0;0;2;-27,0984702;-48,61852325;SPRF-SC;DEL04-SC;UOP03-DEL04-SC
691433;15/05/2025;quinta-feira;13:45:00;CE;222;16;CAUCAIA;Condutor Dormindo;Colisão com objeto;Sem Vítimas;Pleno dia;Decrescente;Sol;Dupla;Reta;Não;3;0;0;0;2;2;0;4;-3,75741358;-38,70447859;SPRF-CE;DEL01-CE;UOP01-DEL01-CE
691434;15/05/2025;quinta-feira;07:20:00;BA;242;373;PALMEIRAS;Reação tardia ou ineficiente do condutor;Saída de leito carroçável;Com Vítimas Feridas;Pleno dia;Crescente;Chuva;Simples;Curva;Não;2;0;1;0;0;2;1;3;-12,455259;-41,483477;SPRF-BA;DEL06-BA;UOP01-DEL06-BA
691436;15/05/2025;quinta-feira;14:15:00;GO;40;0;VALPARAISO DE GOIAS;Condutor deixou de manter distância do veículo da frente;Engavetamento;Com Vítimas Feridas;Pleno dia;Crescente;Céu Claro;Dupla;Reta;Sim;4;0;1;0;3;0;1;3;-16,055276;-47,982302;SPRF-DF;DEL01-DF;UOP01-DEL01-DF
691437;15/05/2025;quinta-feira;14:20:00;PI;343;478,3;ANGICAL DO PIAUI;Ultrapassagem Indevida;Colisão traseira;Com Vítimas Feridas;Pleno dia;Crescente;Céu Claro;Simples;Reta;Não;8;0;7;0;1;0;7;3;-6,146205;-42,713748;SPRF-PI;DEL01-PI;UOP02-DEL01-PI
691442;15/05/2025;quinta-feira;15:00:00;MG;262;371;JUATUBA;Ausência de reação do condutor;Colisão traseira;Com Vítimas Feridas;Pleno dia;Crescente;Nublado;Dupla;Reta;Não;2;0;0;1;0;1;1;2;-19,94040566;-44,38727316;SPRF-MG;DEL01-MG;UOP03-DEL01-MG
691445;15/05/2025;quinta-feira;14:50:00;RJ;116;321;ITATIAIA;Avarias e/ou desgaste excessivo no pneu;Incêndio;Sem Vítimas;Pleno dia;Crescente;Nublado;Dupla;Reta;Não;1;0;0;0;0;1;0;1;-22,4825226;-44,5406127;SPRF-RJ;DEL07-RJ;UOP02-DEL07-RJ
691446;15/05/2025;quinta-feira;15:10:00;MG;381;842,9;SAO SEBASTIAO DA BELA VISTA;Manobra de mudança de faixa;Colisão lateral mesmo sentido;Com Vítimas Feridas;Pleno dia;Decrescente;Sol;Dupla;Reta;Não;5;0;1;0;1;3;1;4;-22,18726032;-45,84480912;SPRF-MG;DEL16-MG;UOP01-DEL16-MG
691449;15/05/2025;quinta-feira;13:30:00;PR;163;33;SANTO ANTONIO DO SUDOESTE;Acessar a via sem observar a presença dos outros veículos;Colisão transversal;Com Vítimas Feridas;Pleno dia;Crescente;Céu Claro;Simples;"Reta;Rotatória";Sim;2;0;1;0;1;0;1;2;-26,08314517;-53,7163624;SPRF-PR;DEL02-PR;UOP02-DEL02-PR
691453;15/05/2025;quinta-feira;15:30:00;MS;163;485;CAMPO GRANDE;Condutor deixou de manter distância do veículo da frente;Colisão lateral mesmo sentido;Com Vítimas Fatais;Pleno dia;Crescente;Céu Claro;Simples;Reta;Sim;4;1;0;0;3;0;0;3;-20,44218288;-54,54211649;SPRF-MS;DEL01-MS;UOP02-DEL01-MS
691460;15/05/2025;quinta-feira;17:09:00;GO;153;497,9;GOIANIA;Avarias e/ou desgaste excessivo no pneu;Saída de leito carroçável;Sem Vítimas;Pleno dia;Crescente;Céu Claro;Dupla;Aclive;Sim;3;0;0;0;1;2;0;3;-16,685772;-49,233575;SPRF-GO;DEL01-GO;UOP01-DEL01-GO
691466;15/05/2025;quinta-feira;14:40:00;RS;101;27;TRES CACHOEIRAS;Mal súbito do condutor;Saída de leito carroçável;Com Vítimas Feridas;Pleno dia;Crescente;Céu Claro;Dupla;Reta;Não;2;0;1;0;0;2;1;3;-29,46465739;-49,95111752;SPRF-RS;DEL03-RS;UOP02-DEL03-RS
691467;15/05/2025;quinta-feira;17:30:00;SC;101;298,5;LAGUNA;Reação tardia ou ineficiente do condutor;Colisão traseira;Com Vítimas Feridas;Anoitecer;Decrescente;Céu Claro;Múltipla;Reta;Não;4;0;1;0;2;1;1;3;-28,35077412;-48,73927681;SPRF-SC;DEL02-SC;UOP03-DEL02-SC
691477;15/05/2025;quinta-feira;19:05:00;TO;153;694,8;CARIRI DO TOCANTINS;Acessar a via sem observar a presença dos outros veículos;Colisão transversal;Com Vítimas Feridas;Plena Noite;Crescente;Céu Claro;Simples;Reta;Não;3;0;0;1;1;1;1;3;-11,906281;-49,173466;SPRF-TO;DEL01-TO;UOP02-DEL01-TO
691480;15/05/2025;quinta-feira;17:40:00;PB;230;501,4;CAJAZEIRAS;Acessar a via sem observar a presença dos outros veículos;Colisão transversal;Com Vítimas Fatais;Anoitecer;Crescente;Céu Claro;Simples;Reta;Sim;4;1;0;1;1;1;1;4;-6,896473;-38,532932;SPRF-PB;DEL03-PB;UOP03-DEL03-PB
691482;15/05/2025;quinta-feira;19:15:00;RS;285;459,3;IJUI;Desrespeitar a preferência no cruzamento;Colisão transversal;Com Vítimas Feridas;Plena Noite;Crescente;Céu Claro;Simples;"Interseção de Vias;Reta;Em Obras";Sim;3;0;1;1;0;1;2;3;-28,413167;-53,908705;SPRF-RS;DEL10-RS;UOP01-DEL10-RS
691488;15/05/2025;quinta-feira;19:20:00;SC;101;80,5;BARRA VELHA;Reação tardia ou ineficiente do condutor;Saída de leito carroçável;Com Vítimas Feridas;Plena Noite;Crescente;Nublado;Dupla;Curva;Não;2;0;1;0;0;1;1;2;-26,60414;-48,72536695;SPRF-SC;DEL03-SC;UOP02-DEL03-SC
691489;15/05/2025;quinta-feira;19:35:00;RS;470;160;NOVA PRATA;Acessar a via sem observar a presença dos outros veículos;Colisão transversal;Com Vítimas Feridas;Plena Noite;Crescente;Céu Claro;Simples;"Interseção de Vias;Curva";Não;2;0;1;0;1;0;1;2;-28,80994244;-51,60100657;SPRF-RS;DEL06-RS;UOP02-DEL06-RS
691491;15/05/2025;quinta-feira;16:00:00;MT;163;605,3;NOVA MUTUM;Acesso irregular;Tombamento;Com Vítimas Feridas;Pleno dia;Crescente;Sol;Dupla;Reta;Não;1;0;1;0;0;0;1;1;-13,7561699;-56,04976773;SPRF-MT;DEL01-MT;UOP01-DEL01-MT
691496;15/05/2025;quinta-feira;18:00:00;GO;60;259;INDIARA;Ausência de reação do condutor;Atropelamento de Pedestre;Com Vítimas Fatais;Anoitecer;Crescente;Céu Claro;Dupla;"Reta;Declive";Não;2;1;0;0;0;1;0;2;-17,164145;-50,044877;SPRF-GO;DEL01-GO;UOP02-DEL01-GO
691500;15/05/2025;quinta-feira;17:00:00;ES;101;67;SAO MATEUS;Ausência de reação do condutor;Atropelamento de Pedestre;Com Vítimas Feridas;Pleno dia;Crescente;Chuva;Múltipla;Reta;Sim;2;0;0;1;0;1;1;2;-18,71223715;-39,87815794;SPRF-ES;DEL04-ES;UOP02-DEL04-ES
691502;07/05/2025;quarta-feira;17:35:00;CE;222;203,9;FORQUILHA;Velocidade Incompatível;Saída de leito carroçável;Com Vítimas Feridas;Anoitecer;Crescente;Céu Claro;Simples;"Curva;Declive";Não;2;0;1;0;0;1;1;2;-3,77970473;-40,22536151;SPRF-CE;DEL04-CE;UOP01-DEL04-CE
691508;15/05/2025;quinta-feira;18:00:00;MT;163;853;SINOP;Acumulo de areia ou detritos sobre o pavimento;Queda de ocupante de veículo;Com Vítimas Feridas;Anoitecer;Crescente;Céu Claro;Simples;Reta;Não;4;0;1;0;3;0;1;4;-11,697474;-55,45261;SPRF-MT;DEL06-MT;UOP02-DEL06-MT
691516;15/05/2025;quinta-feira;17:25:00;MT;163;659;LUCAS DO RIO VERDE;Reação tardia ou ineficiente do condutor;Colisão traseira;Com Vítimas Feridas;Plena Noite;Decrescente;Céu Claro;Simples;Reta;Não;3;0;1;0;1;6;1;8;-13,30347;-56,039195;SPRF-MT;DEL06-MT;UOP01-DEL06-MT
691517;15/05/2025;quinta-feira;21:48:00;RJ;116;172;RIO DE JANEIRO;Avarias e/ou desgaste excessivo no pneu;Incêndio;Sem Vítimas;Plena Noite;Decrescente;Céu Claro;Dupla;Reta;Não;2;0;0;0;1;1;0;2;-22,80478252;-43,34530957;SPRF-RJ;DEL06-RJ;UOP01-DEL06-RJ
691519;15/05/2025;quinta-feira;21:00:00;MG;251;427,8;GRAO MOGOL;Reação tardia ou ineficiente do condutor;Colisão lateral sentido oposto;Com Vítimas Fatais;Plena Noite;Crescente;Garoa/Chuvisco;Simples;Curva;Não;7;1;0;0;6;0;0;3;-16,32505;-43,119968;SPRF-MG;DEL12-MG;UOP01-DEL12-MG
691521;15/05/2025;quinta-feira;23:00:00;SP;116;294;ITAPECERICA DA SERRA;Ausência de reação do condutor;Colisão traseira;Com Vítimas Feridas;Plena Noite;Crescente;Céu Claro;Dupla;Reta;Sim;2;0;1;0;1;0;1;2;-23,70026365;-46,86900927;SPRF-SP;DEL04-SP;UOP01-DEL04-SP
691522;15/05/2025;quinta-feira;19:20:00;BA;116;518;ITATIM;Acessar a via sem observar a presença dos outros veículos;Colisão transversal;Com Vítimas Feridas;Pleno dia;Decrescente;Céu Claro;Simples;Reta;Não;4;0;0;2;1;2;2;4;-12,69383;-39,69873;SPRF-BA;DEL03-BA;UOP02-DEL03-BA
691524;15/05/2025;quinta-feira;14:00:00;BA;116;593;IRAJUBA;Velocidade Incompatível;Saída de leito carroçável;Com Vítimas Feridas;Pleno dia;Crescente;Nublado;Simples;"Curva;Declive";Não;2;0;1;0;0;2;1;3;-13,1926337;-40,0095914;SPRF-BA;DEL03-BA;UOP02-DEL03-BA
691525;15/05/2025;quinta-feira;21:30:00;PA;10;33,1;DOM ELISEU;Acessar a via sem observar a presença dos outros veículos;Colisão transversal;Com Vítimas Feridas;Plena Noite;Decrescente;Céu Claro;Simples;"Reta;Aclive";Não;3;0;1;1;0;1;2;2;-4,160473;-47,54487;SPRF-PA;DEL02-PA;UOP02-DEL02-PA
691526;15/05/2025;quinta-feira;22:00:00;PA;316;123;NOVA TIMBOTEUA;Demais falhas mecânicas ou elétricas;Saída de leito carroçável;Com Vítimas Feridas;Plena Noite;Crescente;Chuva;Simples;"Reta;Aclive";Não;1;0;1;0;0;0;1;1;-1,310415;-47,40003;SPRF-PA;DEL01-PA;UOP02-DEL01-PA
691527;15/05/2025;quinta-feira;22:45:00;PA;316;123;NOVA TIMBOTEUA;Ausência de reação do condutor;Saída de leito carroçável;Com Vítimas Feridas;Plena Noite;Crescente;Chuva;Simples;"Reta;Declive";Não;2;0;1;0;0;2;1;3;-1,310415;-47,40003;SPRF-PA;DEL01-PA;UOP02-DEL01-PA