id;data_inversa;dia_semana;horario;uf;br;km;municipio;causa_acidente;tipo_acidente;classificacao_acidente;fase_dia;sentido_via;condicao_metereologica;tipo_pista;tracado_via;uso_solo;pessoas;mortos;feridos_leves;feridos_graves;ilesos;ignorados;feridos;veiculos;latitude;longitude;regional;delegacia;uop
691528;15/05/2025;quinta-feira;19:00:00;MT;70;131;BARRA DO GARCAS;Estacionar ou parar em local proibido;Colisão lateral sentido oposto;Com Vítimas Feridas;Plena Noite;Decrescente;Céu Claro;Simples;Declive;Não;6;0;0;1;2;3;1;5;-15,8793728;-52,3108352;SPRF-MT;DEL07-MT;UOP01-DEL07-MT
691529;15/05/2025;quinta-feira;22:00:00;BA;324;521;FEIRA DE SANTANA;Reação tardia ou ineficiente do condutor;Colisão traseira;Com Vítimas Feridas;Plena Noite;Decrescente;Céu Claro;Dupla;Reta;Sim;5;0;2;1;1;1;3;3;-12,27880078;-38,9271717;SPRF-BA;DEL01-BA;UOP03-DEL01-BA
691535;16/05/2025;sexta-feira;01:10:00;RS;287;248;SANTA MARIA;Ausência de reação do condutor;Colisão traseira;Sem Vítimas;Plena Noite;Decrescente;Céu Claro;Dupla;Reta;Sim;3;0;0;0;1;2;0;3;-29,69644086;-53,84914398;SPRF-RS;DEL09-RS;UOP01-DEL09-RS
691539;16/05/2025;sexta-feira;02:40:00;PR;116;32;CAMPINA GRANDE DO SUL;Reação tardia ou ineficiente do condutor;Tombamento;Com Vítimas Feridas;Plena Noite;Decrescente;Nublado;Dupla;"Curva;Aclive";Não;3;0;1;0;0;2;1;3;-25,10497579;-48,83973903;SPRF-PR;DEL01-PR;UOP02-DEL01-PR
691540;16/05/2025;sexta-feira;01:30:00;RJ;393;252,9;BARRA DO PIRAI;Ingestão de álcool pelo condutor;Colisão lateral sentido oposto;Com Vítimas Feridas;Plena Noite;Decrescente;Céu Claro;Simples;"Declive;Reta";Não;2;0;1;0;1;0;1;2;-22,452758;-43,817248;SPRF-RJ;DEL05-RJ;UOP04-DEL05-RJ
691541;16/05/2025;sexta-feira;04:20:00;SP;116;364;MIRACATU;Condutor Dormindo;Colisão com objeto;Sem Vítimas;Plena Noite;Decrescente;Ignorado;Dupla;Curva;Sim;2;0;0;0;1;1;0;2;-24,17340329;-47,33706665;SPRF-SP;DEL04-SP;UOP02-DEL04-SP
691553;16/05/2025;sexta-feira;03:00:00;MG;251;268;SALINAS;Condutor Dormindo;Colisão transversal;Com Vítimas Feridas;Plena Noite;Crescente;Nevoeiro/Neblina;Simples;Reta;Não;3;0;1;0;1;1;1;3;-15,99771784;-41,98373795;SPRF-MG;DEL12-MG;UOP02-DEL12-MG
691560;16/05/2025;sexta-feira;04:30:00;MT;70;291;PRIMAVERA DO LESTE;Condutor Dormindo;Saída de leito carroçável;Sem Vítimas;Plena Noite;Crescente;Céu Claro;Simples;Reta;Não;1;0;0;0;1;0;0;1;-15,577717;-54,38378;SPRF-MT;DEL05-MT;UOP01-DEL05-MT
691563;16/05/2025;sexta-feira;04:15:00;MT;70;702;CACERES;Deficiência do Sistema de Iluminação/Sinalização;Colisão traseira;Com Vítimas Feridas;Amanhecer;Crescente;Céu Claro;Simples;Reta;Não;3;0;1;0;1;1;1;3;-16,244878;-57,506973;SPRF-MT;DEL03-MT;UOP01-DEL03-MT
691570;16/05/2025;sexta-feira;03:25:00;SC;280;262,8;CANOINHAS;Reação tardia ou ineficiente do condutor;Colisão transversal;Com Vítimas Fatais;Plena Noite;Decrescente;Nublado;Simples;"Reta;Interseção de Vias;Declive";Não;7;5;0;0;1;2;0;4;-26,262625;-50,666805;SPRF-SC;DEL06-SC;UOP04-DEL06-SC
691577;16/05/2025;sexta-feira;06:35:00;BA;116;16;ABARE;Ausência de reação do condutor;Saída de leito carroçável;Com Vítimas Feridas;Amanhecer;Crescente;Céu Claro;Simples;Reta;Não;2;0;0;1;0;3;1;4;-8,762794;-39,260778;SPRF-PE;DEL05-PE;UOP03-DEL05-PE
691582;16/05/2025;sexta-feira;08:00:00;CE;222;304;TIANGUA;Velocidade Incompatível;Tombamento;Com Vítimas Feridas;Pleno dia;Decrescente;Céu Claro;Simples;"Curva;Declive";Não;2;0;1;0;0;1;1;2;-3,666731;-40,95647603;SPRF-CE;DEL04-CE;UOP02-DEL04-CE
691585;16/05/2025;sexta-feira;09:45:00;MG;40;751,5;SANTOS DUMONT;Velocidade Incompatível;Saída de leito carroçável;Com Vítimas Feridas;Pleno dia;Crescente;Nublado;Simples;"Curva;Aclive";Não;2;0;1;0;1;0;1;1;-21,50656619;-43,53041768;SPRF-MG;DEL05-MG;UOP01-DEL05-MG
691586;16/05/2025;sexta-feira;05:40:00;RO;364;490;ARIQUEMES;Manobra de mudança de faixa;Colisão lateral sentido oposto;Com Vítimas Feridas;Amanhecer;Decrescente;Nevoeiro/Neblina;Simples;Reta;Não;6;0;3;1;1;2;4;4;-10,100595;-62,952777;SPRF-RO;DEL03-RO;UOP01-DEL03-RO
691588;16/05/2025;sexta-feira;09:25:00;RO;364;240,6;CACOAL;Condutor deixou de manter distância do veículo da frente;Colisão traseira;Com Vítimas Feridas;Pleno dia;Crescente;Sol;Simples;"Reta;Interseção de Vias";Sim;2;0;0;1;1;0;1;2;-11,43870083;-61,47560835;SPRF-RO;DEL02-RO;UOP02-DEL02-RO
691590;20/03/2025;quinta-feira;09:55:00;MG;381;525;BRUMADINHO;Demais falhas mecânicas ou elétricas;Colisão com objeto;Com Vítimas Feridas;Pleno dia;Crescente;Céu Claro;Dupla;Reta;Não;1;0;1;0;0;0;1;1;-20,15033386;-44,32497717;SPRF-MG;DEL04-MG;UOP03-DEL04-MG
691591;14/05/2025;quarta-feira;20:30:00;BA;242;354;LENCOIS;Manobra de mudança de faixa;Tombamento;Com Vítimas Feridas;Plena Noite;Decrescente;Garoa/Chuvisco;Simples;Reta;Não;4;0;1;0;2;2;1;4;-12,49565763;-41,31180936;SPRF-BA;DEL06-BA;UOP02-DEL06-BA
691599;30/03/2025;domingo;21:18:00;MG;40;614,2;CONGONHAS;Conversão proibida;Colisão transversal;Com Vítimas Feridas;Plena Noite;Crescente;Céu Claro;Simples;Curva;Não;3;0;1;1;1;0;2;2;-20,4970189;-43,8165408;SPRF-MG;DEL05-MG;UOP02-DEL05-MG
691600;16/05/2025;sexta-feira;09:20:00;PR;376;490;PONTA GROSSA;Mal súbito do condutor;Colisão traseira;Com Vítimas Feridas;Pleno dia;Crescente;Céu Claro;Dupla;"Declive;Curva";Sim;3;0;1;0;1;3;1;5;-25,100792;-50,19753;SPRF-PR;DEL03-PR;UOP04-DEL03-PR
691603;16/05/2025;sexta-feira;08:15:00;RJ;40;122;DUQUE DE CAXIAS;Demais falhas mecânicas ou elétricas;Colisão traseira;Com Vítimas Feridas;Pleno dia;Crescente;Sol;Múltipla;Reta;Sim;4;0;2;0;2;0;2;2;-22,79950509;-43,29036769;SPRF-RJ;DEL01-RJ;UOP02-DEL01-RJ
691605;14/04/2025;segunda-feira;05:40:00;MG;116;74,2;MEDINA;Demais falhas mecânicas ou elétricas;Incêndio;Sem Vítimas;Pleno dia;Decrescente;Céu Claro;Simples;Curva;Não;2;0;0;0;1;1;0;2;-16,237964;-41,474457;SPRF-MG;DEL11-MG;UOP02-DEL11-MG
691608;16/05/2025;sexta-feira;12:00:00;MG;40;459,4;CAETANOPOLIS;Condutor Dormindo;Colisão com objeto;Com Vítimas Feridas;Pleno dia;Crescente;Céu Claro;Dupla;"Curva;Declive";Não;1;0;1;0;0;0;1;1;-19,392589;-44,336219;SPRF-MG;DEL02-MG;UOP01-DEL02-MG
691616;16/05/2025;sexta-feira;12:00:00;MT;364;346;SANTO ANTONIO DO LEVERGER;Condutor deixou de manter distância do veículo da frente;Colisão traseira;Com Vítimas Feridas;Pleno dia;Decrescente;Céu Claro;Dupla;"Reta;Aclive";Não;3;0;1;0;1;1;1;3;-15,80290753;-55,56391239;SPRF-MT;DEL05-MT;UOP02-DEL05-MT
691620;16/05/2025;sexta-feira;11:30:00;DF;70;10;BRASILIA;Reação tardia ou ineficiente do condutor;Colisão transversal;Sem Vítimas;Pleno dia;Decrescente;Céu Claro;Dupla;"Reta;Retorno Regulamentado";Sim;2;0;0;0;2;0;0;2;-15,78777;-48,14049;SPRF-DF;DEL03-DF;UOP02-DEL03-DF
691625;16/05/2025;sexta-feira;13:15:00;BA;324;593;CANDEIAS;Reação tardia ou ineficiente do condutor;Colisão lateral mesmo sentido;Sem Vítimas;Pleno dia;Crescente;Chuva;Dupla;Curva;Sim;3;0;0;0;2;1;0;3;-12,71373497;-38,45385432;SPRF-BA;DEL01-BA;UOP01-DEL01-BA
691628;16/05/2025;sexta-feira;14:08:00;RN;304;32;MOSSORO;Conversão proibida;Colisão transversal;Com Vítimas Feridas;Pleno dia;Decrescente;Céu Claro;Dupla;Reta;Sim;3;0;1;0;1;1;1;3;-5,136779;-37,345247;SPRF-RN;DEL04-RN;UOP02-DEL04-RN
691636;16/05/2025;sexta-feira;15:15:00;SP;153;37,5;ONDA VERDE;Desrespeitar a preferência no cruzamento;Colisão transversal;Com Vítimas Feridas;Pleno dia;Decrescente;Céu Claro;Simples;"Reta;Retorno Regulamentado;Interseção de Vias";Não;4;0;1;0;3;0;1;2;-20,602056;-49,32029;SPRF-SP;DEL09-SP;UOP01-DEL09-SP
691643;16/05/2025;sexta-feira;15:40:00;SC;280;5,5;GUARAMIRIM;Acessar a via sem observar a presença dos outros veículos;Atropelamento de Pedestre;Com Vítimas Feridas;Pleno dia;Crescente;Céu Claro;Simples;Reta;Sim;3;0;0;1;1;2;1;4;-26,476544;-48,98816;SPRF-SC;DEL03-SC;UOP03-DEL03-SC
691649;16/05/2025;sexta-feira;15:30:00;SC;101;114,9;ITAJAI;Ausência de reação do condutor;Tombamento;Com Vítimas Feridas;Pleno dia;Crescente;Nublado;Dupla;Reta;Sim;2;0;1;0;0;1;1;2;-26,8731837;-48,72839884;SPRF-SC;DEL04-SC;UOP04-DEL04-SC
691651;16/05/2025;sexta-feira;16:00:00;ES;101;282;CARIACICA;Manobra de mudança de faixa;Colisão traseira;Com Vítimas Feridas;Pleno dia;Decrescente;Céu Claro;Dupla;Curva;Não;2;0;1;0;0;1;1;2;-20,22668406;-40,36399484;SPRF-ES;DEL01-ES;UOP01-DEL01-ES
691656;16/05/2025;sexta-feira;06:30:00;MG;116;44,7;PEDRA AZUL;Ultrapassagem Indevida;Colisão lateral mesmo sentido;Sem Vítimas;Amanhecer;Decrescente;Ignorado;Simples;"Curva;Aclive";Não;2;0;0;0;1;1;0;2;-16,019767;-41,420023;SPRF-MG;DEL11-MG;UOP02-DEL11-MG
691657;16/05/2025;sexta-feira;16:45:00;SC;101;118,9;ITAJAI;Trafegar com motocicleta (ou similar) entre as faixas;Colisão traseira;Com Vítimas Feridas;Pleno dia;Crescente;Nublado;Dupla;Reta;Não;3;0;1;0;2;0;1;3;-26,8973066;-48,71848851;SPRF-SC;DEL04-SC;UOP04-DEL04-SC
691658;16/05/2025;sexta-feira;16:30:00;MG;262;364;JUATUBA;Velocidade Incompatível;Colisão traseira;Com Vítimas Feridas;Pleno dia;Crescente;Céu Claro;Dupla;"Reta;Aclive";Não;4;0;1;1;2;0;2;2;-19,9725421;-44,30459976;SPRF-MG;DEL01-MG;UOP03-DEL01-MG
691662;16/05/2025;sexta-feira;15:49:00;RN;101;109;PARNAMIRIM;Acumulo de água sobre o pavimento;Colisão traseira;Com Vítimas Feridas;Pleno dia;Decrescente;Chuva;Múltipla;"Reta;Declive";Sim;4;0;1;0;2;2;1;5;-5,9361881;-35,2659306;SPRF-RN;DEL01-RN;UOP01-DEL01-RN
691683;16/05/2025;sexta-feira;16:20:00;SC;470;2;NAVEGANTES;Ultrapassagem Indevida;Colisão lateral mesmo sentido;Sem Vítimas;Pleno dia;Crescente;Nublado;Dupla;"Em Obras;Interseção de Vias";Sim;4;0;0;0;3;1;0;4;-26,86798949;-48,6748302;SPRF-SC;DEL04-SC;UOP04-DEL04-SC
691700;16/05/2025;sexta-feira;18:12:00;PR;376;116,2;ALTO PARANA;Acessar a via sem observar a presença dos outros veículos;Colisão traseira;Com Vítimas Fatais;Anoitecer;Decrescente;Céu Claro;Dupla;"Reta;Interseção de Vias";Não;4;1;0;0;3;0;0;3;-23,10239161;-52,35586166;SPRF-PR;DEL09-PR;UOP02-DEL09-PR
691702;16/05/2025;sexta-feira;18:00:00;RS;285;95,6;VACARIA;Velocidade Incompatível;Tombamento;Sem Vítimas;Anoitecer;Crescente;Céu Claro;Simples;Curva;Não;2;0;0;0;1;1;0;2;-28,598172;-50,738926;SPRF-RS;DEL05-RS;UOP03-DEL05-RS
691704;16/05/2025;sexta-feira;16:10:00;GO;153;673,1;PANAMA;Reação tardia ou ineficiente do condutor;Colisão traseira;Com Vítimas Feridas;Pleno dia;Decrescente;Céu Claro;Dupla;"Reta;Declive";Não;3;0;1;0;1;1;1;3;-18,16074747;-49,28774625;SPRF-GO;DEL03-GO;UOP02-DEL03-GO
691708;16/05/2025;sexta-feira;18:30:00;PR;163;252;TOLEDO;Velocidade Incompatível;Colisão transversal;Com Vítimas Feridas;Plena Noite;Decrescente;Céu Claro;Simples;"Reta;Interseção de Vias";Não;2;0;1;0;1;0;1;2;-24,67318711;-53,8002634;SPRF-PR;DEL06-PR;UOP02-DEL06-PR
691709;16/05/2025;sexta-feira;17:40:00;BA;101;228;SAPEACU;Transitar na contramão;Colisão frontal;Com Vítimas Fatais;Anoitecer;Decrescente;Nublado;Simples;Reta;Não;3;1;0;1;0;1;1;3;-12,7143176;-39,1788734;SPRF-BA;DEL01-BA;UOP02-DEL01-BA
691712;16/05/2025;sexta-feira;17:58:00;RO;364;425;JARU;Demais falhas na via;Colisão lateral mesmo sentido;Com Vítimas Feridas;Anoitecer;Decrescente;Céu Claro;Simples;Interseção de Vias;Sim;2;0;1;0;1;0;1;2;-10,43596683;-62,47442007;SPRF-RO;DEL03-RO;UOP02-DEL03-RO
691725;16/05/2025;sexta-feira;19:00:00;PR;277;607,3;SANTA TEREZA DO OESTE;Ingestão de álcool pelo condutor;Colisão lateral sentido oposto;Com Vítimas Fatais;Plena Noite;Crescente;Céu Claro;Simples;Reta;Não;10;1;1;4;3;1;5;4;-25,04056711;-53,60049617;SPRF-PR;DEL05-PR;UOP02-DEL05-PR
691730;16/05/2025;sexta-feira;21:50:00;RS;290;471;ROSARIO DO SUL;Reação tardia ou ineficiente do condutor;Saída de leito carroçável;Com Vítimas Feridas;Plena Noite;Decrescente;Céu Claro;Simples;Reta;Não;1;0;1;0;0;0;1;1;-30,24644924;-54,81692255;SPRF-RS;DEL11-RS;UOP02-DEL11-RS
691748;17/05/2025;sábado;01:55:00;TO;153;152;ARAGUAINA;Reação tardia ou ineficiente do condutor;Colisão lateral sentido oposto;Sem Vítimas;Plena Noite;Decrescente;Céu Claro;Simples;Reta;Sim;2;0;0;0;1;1;0;2;-7,266468;-48,263438;SPRF-TO;DEL02-TO;UOP01-DEL02-TO
691754;17/05/2025;sábado;01:45:00;MG;116;770;LEOPOLDINA;Demais falhas mecânicas ou elétricas;Tombamento;Sem Vítimas;Plena Noite;Decrescente;Céu Claro;Simples;Curva;Não;2;0;0;0;1;1;0;2;-21,55201142;-42,67742157;SPRF-MG;DEL07-MG;UOP01-DEL07-MG
691756;17/05/2025;sábado;02:20:00;BA;324;529,2;FEIRA DE SANTANA;Condutor Dormindo;Colisão traseira;Com Vítimas Fatais;Plena Noite;Decrescente;Chuva;Dupla;Reta;Sim;3;1;1;0;1;0;1;2;-12,331991;-38,85633;SPRF-BA;DEL01-BA;UOP03-DEL01-BA
691757;17/05/2025;sábado;03:10:00;PR;277;436,9;VIRMOND;Transitar na contramão;Colisão transversal;Com Vítimas Feridas;Plena Noite;Decrescente;Céu Claro;Simples;Curva;Não;4;0;0;2;1;2;2;4;-25,375208;-52,258679;SPRF-PR;DEL04-PR;UOP02-DEL04-PR
691762;17/05/2025;sábado;01:45:00;CE;116;107,5;MORADA NOVA;Reação tardia ou ineficiente do condutor;Colisão frontal;Com Vítimas Fatais;Plena Noite;Decrescente;Céu Claro;Simples;Reta;Não;3;1;0;0;1;1;0;3;-4,57266042;-38,23722839;SPRF-CE;DEL01-CE;UOP04-DEL01-CE
691767;17/05/2025;sábado;04:50:00;PR;277;0;PARANAGUA;Ingestão de álcool pelo condutor;Colisão lateral sentido oposto;Sem Vítimas;Amanhecer;Decrescente;Nublado;Simples;Reta;Sim;4;0;0;0;3;1;0;3;-25,52508586;-48,54747581;SPRF-PR;DEL01-PR;UOP05-DEL01-PR
691771;17/05/2025;sábado;05:30:00;SP;116;208;GUARULHOS;Reação tardia ou ineficiente do condutor;Colisão traseira;Com Vítimas Feridas;Pleno dia;Decrescente;Nublado;Múltipla;Reta;Sim;3;0;1;0;1;1;1;3;-23,42214875;-46,38971901;SPRF-SP;DEL01-SP;UOP01-DEL01-SP
691775;17/05/2025;sábado;06:00:00;MT;163;809;SINOP;Ultrapassagem Indevida;Colisão frontal;Com Vítimas Feridas;Amanhecer;Decrescente;Céu Claro;Simples;Reta;Não;3;0;0;1;1;3;1;5;-12,09289;-55,51765;SPRF-MT;DEL06-MT;UOP02-DEL06-MT
691780;17/05/2025;sábado;04:50:00;RJ;116;228;PARACAMBI;Velocidade Incompatível;Colisão lateral mesmo sentido;Com Vítimas Feridas;Plena Noite;Decrescente;Céu Claro;Dupla;"Curva;Declive";Não;3;0;1;0;1;1;1;3;-22,68783498;-43,80867004;SPRF-RJ;DEL07-RJ;UOP01-DEL07-RJ
691782;17/05/2025;sábado;03:30:00;SC;470;115;IBIRAMA;Conversão proibida;Colisão lateral mesmo sentido;Com Vítimas Feridas;Plena Noite;Decrescente;Céu Claro;Simples;Reta;Não;4;0;1;0;2;2;1;4;-27,09998175;-49,52769455;SPRF-SC;DEL04-SC;UOP02-DEL04-SC
691798;17/05/2025;sábado;08:00:00;SP;116;146,9;SAO JOSE DOS CAMPOS;Condutor deixou de manter distância do veículo da frente;Saída de leito carroçável;Sem Vítimas;Pleno dia;Decrescente;Nevoeiro/Neblina;Dupla;"Reta;Declive";Sim;2;0;0;0;1;1;0;2;-23,1937217;-45,8696716;SPRF-SP;DEL02-SP;UOP01-DEL02-SP
691804;15/03/2025;sábado;12:30:00;ES;101;67;SAO MATEUS;Condutor desrespeitou a iluminação vermelha do semáforo;Colisão transversal;Com Vítimas Feridas;Pleno dia;Crescente;Sol;Simples;Rotatória;Sim;4;0;0;2;1;2;2;4;-18,72802869;-39,85997558;SPRF-ES;DEL04-ES;UOP02-DEL04-ES
691807;17/05/2025;sábado;08:00:00;BA;110;58;JEREMOABO;Velocidade Incompatível;Colisão frontal;Com Vítimas Feridas;Pleno dia;Crescente;Chuva;Simples;"Reta;Aclive";Não;6;0;4;1;1;0;5;2;-9,89512793;-38,26881409;SPRF-BA;DEL07-BA;UOP01-DEL07-BA
691812;17/05/2025;sábado;09:45:00;PR;376;312;ORTIGUEIRA;Reação tardia ou ineficiente do condutor;Colisão lateral mesmo sentido;Com Vítimas Feridas;Pleno dia;Crescente;Céu Claro;Dupla;"Curva;Aclive";Não;3;0;1;0;1;2;1;4;-23,977626;-51,09626;SPRF-PR;DEL07-PR;UOP02-DEL07-PR
691821;17/05/2025;sábado;10:25:00;CE;222;36;CAUCAIA;Ausência de reação do condutor;Colisão traseira;Sem Vítimas;Pleno dia;Decrescente;Céu Claro;Simples;Aclive;Não;2;0;0;0;1;1;0;2;-3,69720224;-38,87602597;SPRF-CE;DEL01-CE;UOP01-DEL01-CE
691829;05/05/2025;segunda-feira;09:20:00;MT;174;458;COMODORO;Condutor deixou de manter distância do veículo da frente;Colisão traseira;Sem Vítimas;Pleno dia;Decrescente;Céu Claro;Simples;Reta;Não;2;0;0;0;2;0;0;2;-13,69999656;-59,78037433;SPRF-MT;DEL04-MT;UOP02-DEL04-MT
691830;17/05/2025;sábado;09:00:00;MG;153;15,8;CENTRALINA;Demais falhas mecânicas ou elétricas;Incêndio;Sem Vítimas;Pleno dia;Crescente;Céu Claro;Dupla;Reta;Não;2;0;0;0;1;1;0;2;-18,5483665;-49,19412267;SPRF-MG;DEL15-MG;UOP03-DEL15-MG
691832;17/05/2025;sábado;12:20:00;BA;235;352,1;JUAZEIRO;Reação tardia ou ineficiente do condutor;Colisão transversal;Com Vítimas Feridas;Pleno dia;Crescente;Nublado;Simples;"Interseção de Vias;Reta";Sim;2;0;1;0;1;0;1;2;-9,4370087;-40,4987732;SPRF-PE;DEL06-PE;UOP01-DEL06-PE
691835;17/05/2025;sábado;11:57:00;ES;101;368,9;ANCHIETA;Velocidade Incompatível;Tombamento;Com Vítimas Feridas;Pleno dia;Decrescente;Céu Claro;Simples;"Aclive;Curva";Não;2;0;1;0;0;1;1;2;-20,755729;-40,756496;SPRF-ES;DEL03-ES;UOP01-DEL03-ES
691837;17/05/2025;sábado;13:00:00;GO;40;11,4;LUZIANIA;Área urbana sem a presença de local apropriado para a travessia de pedestres;Colisão com objeto;Sem Vítimas;Pleno dia;Decrescente;Céu Claro;Dupla;Curva;Sim;3;0;0;0;2;1;0;3;-16,14397;-47,94638;SPRF-DF;DEL01-DF;UOP01-DEL01-DF
691840;17/05/2025;sábado;13:10:00;BA;101;104;ALAGOINHAS;Suicídio (presumido);Colisão frontal;Com Vítimas Fatais;Pleno dia;Decrescente;Garoa/Chuvisco;Simples;"Curva;Aclive";Sim;2;1;0;0;1;0;0;2;-12,15240569;-38,40000898;SPRF-BA;DEL01-BA;UOP04-DEL01-BA
691842;17/05/2025;sábado;12:55:00;MG;381;449;SANTA LUZIA;Transitar na contramão;Colisão frontal;Com Vítimas Feridas;Pleno dia;Crescente;Sol;Simples;"Declive;Reta";Sim;3;0;0;1;1;1;1;3;-19,82418388;-43,8316161;SPRF-MG;DEL01-MG;UOP01-DEL01-MG
691845;17/05/2025;sábado;07:10:00;SC;470;194,2;POUSO REDONDO;Reação tardia ou ineficiente do condutor;Saída de leito carroçável;Com Vítimas Fatais;Pleno dia;Decrescente;Nublado;Simples;"Curva;Declive";Não;2;1;0;0;0;1;0;2;-27,302845;-50,082982;SPRF-SC;DEL04-SC;UOP02-DEL04-SC
691850;17/05/2025;sábado;10:00:00;MG;381;829,5;SAO SEBASTIAO DA BELA VISTA;Reação tardia ou ineficiente do condutor;Saída de leito carroçável;Com Vítimas Feridas;Pleno dia;Decrescente;Céu Claro;Dupla;Reta;Não;2;0;1;0;0;1;1;2;-22,12022294;-45,76075709;SPRF-MG;DEL16-MG;UOP01-DEL16-MG
691856;17/05/2025;sábado;13:15:00;PA;222;28;DOM ELISEU;Transitar na contramão;Colisão lateral sentido oposto;Com Vítimas Fatais;Pleno dia;Crescente;Céu Claro;Simples;"Curva;Aclive";Não;6;1;2;0;0;4;2;6;-4,316473;-47,642225;SPRF-PA;DEL02-PA;UOP02-DEL02-PA
691859;17/05/2025;sábado;08:30:00;MT;364;177;PEDRA PRETA;Ausência de reação do condutor;Colisão traseira;Com Vítimas Feridas;Pleno dia;Decrescente;Céu Claro;Simples;"Reta;Declive";Sim;43;0;1;0;41;4;1;9;-16,60955;-54,46779;SPRF-MT;DEL02-MT;UOP01-DEL02-MT
691862;17/05/2025;sábado;13:20:00;PA;10;355;SANTA MARIA DO PARA;Acessar a via sem observar a presença dos outros veículos;Colisão transversal;Sem Vítimas;Pleno dia;Crescente;Chuva;Simples;Rotatória;Não;3;0;0;0;2;1;0;3;-1,339457;-47,58074;SPRF-PA;DEL01-PA;UOP02-DEL01-PA
691866;17/05/2025;sábado;10:50:00;PA;230;123;MARABA;Ausência de reação do condutor;Colisão transversal;Sem Vítimas;Pleno dia;Crescente;Céu Claro;Dupla;Reta;Sim;2;0;0;0;2;0;0;2;-5,37129601;-49,1312027;SPRF-PA;DEL03-PA;UOP01-DEL03-PA
691877;17/05/2025;sábado;15:30:00;RS;285;295,5;PASSO FUNDO;Condutor Dormindo;Colisão lateral sentido oposto;Com Vítimas Feridas;Pleno dia;Crescente;Céu Claro;Simples;"Curva;Declive";Não;4;0;1;0;1;2;1;4;-28,23047615;-52,39782985;SPRF-RS;DEL08-RS;UOP03-DEL08-RS
691878;17/05/2025;sábado;15:00:00;PA;163;658,5;ITAITUBA;Condutor usando celular;Tombamento;Sem Vítimas;Pleno dia;Crescente;Céu Claro;Simples;Curva;Não;2;0;0;0;1;3;0;4;-4,464667;-55,849328;SPRF-PA;DEL05-PA;UOP02-DEL05-PA
691887;17/05/2025;sábado;15:00:00;AL;104;7,7;SAO JOSE DA LAJE;Velocidade Incompatível;Colisão frontal;Com Vítimas Feridas;Pleno dia;Decrescente;Chuva;Simples;Curva;Não;4;0;2;1;1;0;3;2;-8,961738;-36,020712;SPRF-AL;DEL01-AL;UOP02-DEL01-AL
691892;17/05/2025;sábado;14:00:00;MG;262;575;CORREGO DANTA;Velocidade Incompatível;Tombamento;Sem Vítimas;Pleno dia;Decrescente;Céu Claro;Simples;Curva;Não;2;0;0;0;1;3;0;4;-19,74533379;-45,97905859;SPRF-MG;DEL08-MG;UOP02-DEL08-MG
691899;17/05/2025;sábado;16:15:00;SP;153;69;SAO JOSE DO RIO PRETO;Acessar a via sem observar a presença dos outros veículos;Colisão traseira;Sem Vítimas;Pleno dia;Decrescente;Céu Claro;Dupla;Curva;Sim;3;0;0;0;2;2;0;4;-20,850723;-49,397098;SPRF-SP;DEL09-SP;UOP01-DEL09-SP
691900;17/05/2025;sábado;14:50:00;MT;163;947;NOVA SANTA HELENA;Demais falhas mecânicas ou elétricas;Incêndio;Sem Vítimas;Pleno dia;Crescente;Céu Claro;Simples;Reta;Não;3;0;0;0;2;3;0;4;-10,86839001;-55,19589615;SPRF-MT;DEL06-MT;UOP02-DEL06-MT
691907;17/05/2025;sábado;17:20:00;MG;50;175;UBERABA;Suicídio (presumido);Atropelamento de Pedestre;Com Vítimas Fatais;Anoitecer;Decrescente;Céu Claro;Dupla;Reta;Sim;3;1;0;0;1;1;0;3;-19,779236;-47,966266;SPRF-MG;DEL13-MG;UOP01-DEL13-MG
691909;17/05/2025;sábado;14:20:00;MG;153;193,2;FRUTAL;Velocidade Incompatível;Colisão frontal;Com Vítimas Fatais;Pleno dia;Crescente;Céu Claro;Simples;"Reta;Aclive";Não;5;1;0;1;2;7;1;11;-19,911929;-48,964319;SPRF-MG;DEL13-MG;UOP02-DEL13-MG
691913;17/05/2025;sábado;17:20:00;PB;101;78,4;SANTA RITA;Demais falhas mecânicas ou elétricas;Incêndio;Sem Vítimas;Anoitecer;Crescente;Céu Claro;Dupla;Curva;Sim;2;0;0;0;2;0;0;1;-7,11443488;-34,95986938;SPRF-PB;DEL01-PB;UOP03-DEL01-PB
691914;17/05/2025;sábado;18:30:00;SP;116;219,2;GUARULHOS;Reação tardia ou ineficiente do condutor;Engavetamento;Com Vítimas Feridas;Plena Noite;Crescente;Céu Claro;Múltipla;"Em Obras;Reta;Viaduto";Sim;4;0;1;0;2;1;1;4;-23,4618052;-46,4908939;SPRF-SP;DEL01-SP;UOP01-DEL01-SP
691915;17/05/2025;sábado;17:15:00;MT;364;201;RONDONOPOLIS;Ingestão de álcool pelo condutor;Colisão com objeto;Com Vítimas Feridas;Anoitecer;Crescente;Céu Claro;Dupla;Reta;Sim;2;0;1;0;0;3;1;4;-16,47734637;-54,65253496;SPRF-MT;DEL02-MT;UOP01-DEL02-MT
691918;17/05/2025;sábado;17:43:00;SC;470;20;ILHOTA;Ultrapassagem Indevida;Colisão lateral mesmo sentido;Com Vítimas Feridas;Anoitecer;Crescente;Céu Claro;Dupla;Reta;Não;3;0;1;0;2;0;1;3;-26,86800145;-48,81809235;SPRF-SC;DEL04-SC;UOP04-DEL04-SC