id;data_inversa;dia_semana;horario;uf;br;km;municipio;causa_acidente;tipo_acidente;classificacao_acidente;fase_dia;sentido_via;condicao_metereologica;tipo_pista;tracado_via;uso_solo;pessoas;mortos;feridos_leves;feridos_graves;ilesos;ignorados;feridos;veiculos;latitude;longitude;regional;delegacia;uop
692685;21/05/2025;quarta-feira;07:38:00;ES;101;262;SERRA;Manobra de mudança de faixa;Colisão lateral mesmo sentido;Com Vítimas Feridas;Pleno dia;Decrescente;Sol;Dupla;"Reta;Aclive";Sim;4;0;1;0;2;1;1;3;-20,15893204;-40,27622475;SPRF-ES;DEL02-ES;UOP01-DEL02-ES
692690;21/05/2025;quarta-feira;08:20:00;ES;101;289,9;CARIACICA;Manobra de mudança de faixa;Colisão lateral mesmo sentido;Com Vítimas Feridas;Pleno dia;Crescente;Céu Claro;Dupla;"Reta;Aclive";Sim;2;0;1;0;0;1;1;2;-20,28985326;-40,39189529;SPRF-ES;DEL01-ES;UOP01-DEL01-ES
692692;21/05/2025;quarta-feira;06:00:00;CE;116;528;JATI;Chuva;Saída de leito carroçável;Com Vítimas Feridas;Amanhecer;Decrescente;Chuva;Simples;"Curva;Declive";Não;2;0;1;0;0;1;1;2;-7,70283116;-39,02703015;SPRF-CE;DEL05-CE;UOP03-DEL05-CE
692694;21/05/2025;quarta-feira;04:45:00;SC;282;610;MARAVILHA;Condutor Dormindo;Tombamento;Com Vítimas Fatais;Plena Noite;Crescente;Céu Claro;Simples;"Curva;Declive";Não;2;1;0;0;0;1;0;2;-26,75519896;-53,23232031;SPRF-SC;DEL07-SC;UOP02-DEL07-SC
692695;21/05/2025;quarta-feira;08:00:00;GO;60;380;RIO VERDE;Manobra de mudança de faixa;Colisão lateral mesmo sentido;Com Vítimas Feridas;Pleno dia;Crescente;Céu Claro;Múltipla;"Interseção de Vias;Reta;Declive";Sim;5;0;2;0;3;0;2;3;-17,782568;-50,897492;SPRF-GO;DEL04-GO;UOP02-DEL04-GO
692713;21/05/2025;quarta-feira;10:05:00;BA;101;926;NOVA VICOSA;Pista esburacada;Colisão frontal;Com Vítimas Fatais;Pleno dia;Crescente;Céu Claro;Simples;Reta;Não;4;1;3;0;0;0;3;2;-17,937567;-39,849388;SPRF-BA;DEL09-BA;UOP02-DEL09-BA
692714;21/05/2025;quarta-feira;10:45:00;PR;277;332;GUARAPUAVA;Reação tardia ou ineficiente do condutor;Tombamento;Com Vítimas Feridas;Pleno dia;Decrescente;Céu Claro;Dupla;"Curva;Declive";Não;2;0;1;0;0;1;1;2;-25,35341;-51,37306;SPRF-PR;DEL08-PR;UOP01-DEL08-PR
692718;26/04/2025;sábado;14:19:00;MG;251;442,1;GRAO MOGOL;Ausência de reação do condutor;Engavetamento;Com Vítimas Fatais;Pleno dia;Crescente;Céu Claro;Simples;Reta;Sim;4;1;1;0;1;2;1;5;-16,4066607;-43,2276084;SPRF-MG;DEL12-MG;UOP01-DEL12-MG
692720;21/05/2025;quarta-feira;12:20:00;MG;50;4;ARAGUARI;Velocidade Incompatível;Colisão com objeto;Com Vítimas Feridas;Pleno dia;Decrescente;Céu Claro;Dupla;"Reta;Aclive";Não;2;0;1;0;0;1;1;2;-18,4755459;-48,0488879;SPRF-MG;DEL15-MG;UOP02-DEL15-MG
692721;21/05/2025;quarta-feira;12:30:00;TO;153;466;BARROLANDIA;Demais falhas mecânicas ou elétricas;Incêndio;Com Vítimas Feridas;Pleno dia;Crescente;Céu Claro;Simples;"Curva;Aclive";Não;2;0;1;0;0;1;1;2;-9,9689398;-48,7440027;SPRF-TO;DEL01-TO;UOP01-DEL01-TO
692725;21/05/2025;quarta-feira;09:00:00;SC;470;85,7;RODEIO;Acessar a via sem observar a presença dos outros veículos;Colisão transversal;Com Vítimas Feridas;Pleno dia;Crescente;Garoa/Chuvisco;Simples;Curva;Não;3;0;1;0;2;0;1;2;-26,95013547;-49,35630726;SPRF-SC;DEL04-SC;UOP01-DEL04-SC
692728;21/05/2025;quarta-feira;12:10:00;RJ;101;426,4;MANGARATIBA;Reação tardia ou ineficiente do condutor;Colisão traseira;Com Vítimas Feridas;Pleno dia;Decrescente;Céu Claro;Simples;"Aclive;Reta";Não;3;0;1;0;2;0;1;3;-22,9319;-43,9823;SPRF-RJ;DEL03-RJ;UOP02-DEL03-RJ
692731;21/05/2025;quarta-feira;12:30:00;PR;376;184,3;SARANDI;Manobra de mudança de faixa;Colisão lateral mesmo sentido;Com Vítimas Feridas;Pleno dia;Crescente;Céu Claro;Dupla;Declive;Não;4;0;2;0;1;2;2;4;-23,44434;-51,866196;SPRF-PR;DEL09-PR;UOP01-DEL09-PR
692735;21/05/2025;quarta-feira;14:10:00;ES;101;292;CARIACICA;Manobra de mudança de faixa;Colisão traseira;Com Vítimas Feridas;Pleno dia;Decrescente;Sol;Dupla;Reta;Sim;6;0;2;3;1;0;5;2;-20,30636079;-40,39502597;SPRF-ES;DEL01-ES;UOP01-DEL01-ES
692736;21/05/2025;quarta-feira;11:00:00;MT;70;522;VARZEA GRANDE;Acessar a via sem observar a presença dos outros veículos;Colisão transversal;Com Vítimas Feridas;Pleno dia;Crescente;Céu Claro;Simples;Reta;Sim;2;0;1;0;1;0;1;2;-15,66231272;-56,18578955;SPRF-MT;DEL01-MT;UOP02-DEL01-MT
692737;21/05/2025;quarta-feira;10:30:00;RS;153;556;BAGE;Condutor Dormindo;Saída de leito carroçável;Com Vítimas Feridas;Pleno dia;Crescente;Céu Claro;Simples;Curva;Não;3;0;1;0;0;2;1;3;-30,88496223;-53,61501932;SPRF-RS;DEL11-RS;UOP03-DEL11-RS
692742;21/05/2025;quarta-feira;13:32:00;RS;116;298;GUAIBA;Desvio temporário;Colisão lateral mesmo sentido;Com Vítimas Feridas;Pleno dia;Crescente;Céu Claro;Dupla;"Reta;Ponte;Em Obras;Desvio Temporário";Não;5;0;1;0;1;3;1;4;-30,11361465;-51,34507656;SPRF-RS;DEL02-RS;UOP01-DEL02-RS
692743;21/05/2025;quarta-feira;14:40:00;MG;459;89;CONGONHAL;Condutor deixou de manter distância do veículo da frente;Colisão traseira;Com Vítimas Feridas;Pleno dia;Crescente;Céu Claro;Simples;Reta;Não;6;0;5;0;1;0;5;2;-22,14923183;-46,02177143;SPRF-MG;DEL09-MG;UOP01-DEL09-MG
692746;21/05/2025;quarta-feira;13:40:00;GO;60;122;TEREZOPOLIS DE GOIAS;Reação tardia ou ineficiente do condutor;Colisão transversal;Com Vítimas Feridas;Pleno dia;Crescente;Céu Claro;Dupla;Declive;Não;2;0;1;0;1;0;1;2;-16,50665331;-49,11533542;SPRF-GO;DEL01-GO;UOP01-DEL01-GO
692748;21/05/2025;quarta-feira;10:30:00;RJ;356;98;CARDOSO MOREIRA;Declive acentuado;Colisão com objeto;Com Vítimas Feridas;Pleno dia;Crescente;Céu Claro;Simples;"Curva;Declive";Não;2;0;1;1;0;0;2;1;-21,525361;-41,545619;SPRF-RJ;DEL08-RJ;UOP03-DEL08-RJ
692750;21/05/2025;quarta-feira;15:06:00;ES;101;145,5;LINHARES;Ultrapassagem Indevida;Colisão lateral mesmo sentido;Com Vítimas Feridas;Pleno dia;Crescente;Céu Claro;Múltipla;Reta;Não;2;0;1;0;1;0;1;2;-19,36533504;-40,06548898;SPRF-ES;DEL04-ES;UOP01-DEL04-ES
692751;21/05/2025;quarta-feira;14:30:00;MG;50;72;UBERLANDIA;Reação tardia ou ineficiente do condutor;Tombamento;Com Vítimas Feridas;Pleno dia;Crescente;Céu Claro;Dupla;Reta;Sim;3;0;0;1;1;1;1;3;-18,90317501;-48,23530767;SPRF-MG;DEL15-MG;UOP01-DEL15-MG
692752;21/05/2025;quarta-feira;11:45:00;MG;262;398;PARA DE MINAS;Ausência de reação do condutor;Colisão traseira;Com Vítimas Feridas;Pleno dia;Crescente;Céu Claro;Dupla;"Declive;Reta";Não;2;0;1;0;1;0;1;2;-19,88881529;-44,59104963;SPRF-MG;DEL01-MG;UOP03-DEL01-MG
692758;21/05/2025;quarta-feira;12:00:00;SC;282;89;ALFREDO WAGNER;Ausência de reação do condutor;Colisão frontal;Com Vítimas Feridas;Pleno dia;Crescente;Chuva;Simples;"Declive;Reta";Não;4;0;2;0;1;3;2;5;-27,726444;-49,359688;SPRF-SC;DEL01-SC;UOP03-DEL01-SC
692761;21/05/2025;quarta-feira;12:00:00;RO;364;460,4;ARIQUEMES;Declive acentuado;Saída de leito carroçável;Com Vítimas Feridas;Pleno dia;Crescente;Céu Claro;Simples;Curva;Não;2;0;1;0;0;2;1;3;-10,22723221;-62,75752258;SPRF-RO;DEL03-RO;UOP02-DEL03-RO
692762;21/05/2025;quarta-feira;15:45:00;SP;116;512;CAJATI;Ausência de reação do condutor;Saída de leito carroçável;Com Vítimas Feridas;Pleno dia;Decrescente;Céu Claro;Dupla;"Curva;Declive";Não;2;0;1;0;0;1;1;2;-24,8442181;-48,21141656;SPRF-SP;DEL05-SP;UOP02-DEL05-SP
692769;21/05/2025;quarta-feira;15:55:00;PR;116;114;CURITIBA;Reação tardia ou ineficiente do condutor;Saída de leito carroçável;Com Vítimas Feridas;Pleno dia;Crescente;Nublado;Múltipla;Reta;Sim;1;0;1;0;0;0;1;1;-25,5458944;-49,29577081;SPRF-PR;DEL01-PR;UOP03-DEL01-PR
692773;21/05/2025;quarta-feira;17:00:00;RS;116;255;ESTEIO;Ausência de reação do condutor;Colisão traseira;Com Vítimas Feridas;Pleno dia;Crescente;Céu Claro;Simples;Reta;Não;2;0;1;0;1;0;1;2;-29,8528026;-51,17967189;SPRF-RS;DEL01-RS;UOP02-DEL01-RS
692790;21/05/2025;quarta-feira;17:30:00;SC;101;147;ITAPEMA;Condutor deixou de manter distância do veículo da frente;Colisão traseira;Com Vítimas Feridas;Anoitecer;Decrescente;Chuva;Dupla;Reta;Sim;4;0;1;0;2;1;1;4;-27,08074777;-48,60057324;SPRF-SC;DEL04-SC;UOP03-DEL04-SC
692796;21/05/2025;quarta-feira;00:16:00;RN;304;294,9;MACAIBA;Reação tardia ou ineficiente do condutor;Saída de leito carroçável;Sem Vítimas;Plena Noite;Crescente;Nublado;Dupla;Reta;Não;1;0;0;0;1;0;0;1;-5,86783035;-35,36845565;SPRF-RN;DEL01-RN;UOP02-DEL01-RN
692801;21/05/2025;quarta-feira;17:20:00;MS;163;609,8;SAO GABRIEL DO OESTE;Ausência de reação do condutor;Saída de leito carroçável;Com Vítimas Fatais;Anoitecer;Crescente;Céu Claro;Simples;"Ponte;Reta;Declive";Não;1;1;0;0;0;0;0;1;-19,4323796;-54,5387689;SPRF-MS;DEL06-MS;UOP02-DEL06-MS
692806;21/05/2025;quarta-feira;19:10:00;PE;101;40;IGARASSU;Conversão proibida;Colisão transversal;Com Vítimas Feridas;Anoitecer;Crescente;Nublado;Dupla;Reta;Sim;3;0;0;1;1;1;1;3;-7,82453963;-34,91579382;SPRF-PE;DEL01-PE;UOP02-DEL01-PE
692816;21/05/2025;quarta-feira;19:00:00;CE;116;164;RUSSAS;Condutor deixou de manter distância do veículo da frente;Colisão traseira;Com Vítimas Feridas;Plena Noite;Decrescente;Céu Claro;Simples;Reta;Não;3;0;1;1;0;1;2;2;-4,956052;-37,999809;SPRF-CE;DEL03-CE;UOP01-DEL03-CE
692827;21/05/2025;quarta-feira;20:10:00;RS;392;351,1;SANTA MARIA;Ausência de reação do condutor;Colisão traseira;Com Vítimas Feridas;Plena Noite;Decrescente;Céu Claro;Simples;Reta;Não;2;0;1;0;1;0;1;2;-29,72672543;-53,80506992;SPRF-RS;DEL09-RS;UOP01-DEL09-RS
692833;18/05/2025;domingo;01:30:00;BA;101;109;ALAGOINHAS;Pedestre andava na pista;Atropelamento de Pedestre;Com Vítimas Feridas;Plena Noite;Decrescente;Nublado;Simples;Reta;Não;2;0;1;0;0;1;1;2;-12,16184902;-38,41300964;SPRF-BA;DEL01-BA;UOP04-DEL01-BA
692840;21/05/2025;quarta-feira;17:30:00;SP;116;551,3;BARRA DO TURVO;Ausência de reação do condutor;Tombamento;Com Vítimas Feridas;Anoitecer;Decrescente;Chuva;Simples;Curva;Não;2;0;1;0;0;1;1;2;-24,96217176;-48,47734451;SPRF-SP;DEL05-SP;UOP02-DEL05-SP
692848;21/05/2025;quarta-feira;10:30:00;RJ;116;95;GUAPIMIRIM;Ultrapassagem Indevida;Colisão lateral mesmo sentido;Com Vítimas Feridas;Pleno dia;Decrescente;Céu Claro;Simples;Reta;Não;2;0;1;0;1;0;1;2;-22,46814747;-43,00171064;SPRF-RJ;DEL04-RJ;UOP01-DEL04-RJ
692853;21/05/2025;quarta-feira;20:03:00;RO;364;383;OURO PRETO DO OESTE;Objeto estático sobre o leito carroçável;Colisão com objeto;Com Vítimas Feridas;Plena Noite;Crescente;Céu Claro;Dupla;Aclive;Não;2;0;0;1;1;0;1;2;-10,719163;-62,247327;SPRF-RO;DEL02-RO;UOP01-DEL02-RO
692862;21/05/2025;quarta-feira;19:19:00;RO;364;643;CANDEIAS DO JAMARI;Condutor deixou de manter distância do veículo da frente;Colisão frontal;Com Vítimas Feridas;Plena Noite;Decrescente;Nevoeiro/Neblina;Simples;Reta;Não;3;0;0;1;1;3;1;5;-8,95281322;-63,42902631;SPRF-RO;DEL01-RO;UOP04-DEL01-RO
692864;22/05/2025;quinta-feira;03:00:00;MG;50;168;PATROCINIO;Condutor Dormindo;Saída de leito carroçável;Com Vítimas Feridas;Plena Noite;Decrescente;Céu Claro;Dupla;"Reta;Em Obras;Aclive";Sim;2;0;1;0;1;0;1;1;-19;-47;SPRF-MG;DEL13-MG;UOP01-DEL13-MG
692867;22/05/2025;quinta-feira;03:48:00;SC;282;379;HERVAL DOESTE;Condutor Dormindo;Saída de leito carroçável;Com Vítimas Feridas;Plena Noite;Crescente;Chuva;Simples;"Curva;Rotatória;Interseção de Vias";Não;1;0;1;0;0;0;1;1;-27,21432451;-51,48690876;SPRF-SC;DEL07-SC;UOP05-DEL07-SC
692870;22/05/2025;quinta-feira;04:30:00;SC;101;120;ITAJAI;Condutor deixou de manter distância do veículo da frente;Colisão traseira;Com Vítimas Feridas;Plena Noite;Crescente;Nublado;Simples;Reta;Não;2;0;1;0;1;0;1;2;-26,91992709;-48,70938778;SPRF-SC;DEL04-SC;UOP04-DEL04-SC
692874;22/05/2025;quinta-feira;03:30:00;SC;116;202,4;PONTE ALTA;Condutor Dormindo;Colisão frontal;Com Vítimas Fatais;Plena Noite;Decrescente;Céu Claro;Simples;"Curva;Declive";Não;3;2;0;1;0;0;1;2;-27,442039;-50,39532;SPRF-SC;DEL05-SC;UOP03-DEL05-SC
692876;22/05/2025;quinta-feira;05:10:00;SC;101;2;BIGUACU;Ausência de reação do condutor;Colisão traseira;Com Vítimas Feridas;Amanhecer;Decrescente;Nublado;Dupla;Reta;Não;2;0;0;1;1;0;1;2;-27,37753287;-48,66944123;SPRF-SC;DEL01-SC;UOP01-DEL01-SC
692879;22/05/2025;quinta-feira;07:00:00;SE;235;47,7;ITABAIANA;Manobra de mudança de faixa;Colisão lateral mesmo sentido;Com Vítimas Feridas;Pleno dia;Crescente;Nublado;Simples;Reta;Sim;3;0;1;0;1;3;1;5;-10,728968;-37,4137;SPRF-SE;DEL01-SE;UOP02-DEL01-SE
692885;22/05/2025;quinta-feira;07:30:00;RS;290;107;ELDORADO DO SUL;Manobra de mudança de faixa;Colisão lateral mesmo sentido;Com Vítimas Feridas;Pleno dia;Decrescente;Céu Claro;Dupla;Reta;Sim;5;0;2;0;1;2;2;5;-30,00249889;-51,30645275;SPRF-RS;DEL02-RS;UOP01-DEL02-RS
692889;22/05/2025;quinta-feira;06:50:00;MA;230;294,2;SAMBAIBA;Reação tardia ou ineficiente do condutor;Colisão frontal;Com Vítimas Feridas;Pleno dia;Decrescente;Céu Claro;Simples;Reta;Não;3;0;0;1;1;2;1;4;-6,93090005;-45,3238821;SPRF-MA;DEL05-MA;UOP01-DEL05-MA
692890;22/05/2025;quinta-feira;07:30:00;PR;369;105,1;ANDIRA;Reação tardia ou ineficiente do condutor;Colisão traseira;Com Vítimas Feridas;Pleno dia;Decrescente;Nublado;Dupla;"Reta;Aclive";Não;4;0;1;0;3;0;1;2;-23,068361;-50,262295;SPRF-PR;DEL07-PR;UOP05-DEL07-PR
692900;22/05/2025;quinta-feira;08:35:00;RS;472;141,2;TRES DE MAIO;Ausência de reação do condutor;Saída de leito carroçável;Com Vítimas Feridas;Pleno dia;Decrescente;Nublado;Simples;Curva;Não;1;0;0;1;0;0;1;1;-27,77543;-54,32754;SPRF-RS;DEL10-RS;UOP01-DEL10-RS
692912;25/04/2025;sexta-feira;06:50:00;RJ;116;7;SAPUCAIA;Velocidade Incompatível;Colisão transversal;Com Vítimas Feridas;Amanhecer;Crescente;Chuva;Simples;"Ponte;Curva";Não;4;0;0;2;1;1;2;3;-21,907669;-42,690649;SPRF-RJ;DEL05-RJ;UOP01-DEL05-RJ
692913;22/05/2025;quinta-feira;09:00:00;PR;376;172;MARINGA;Ausência de reação do condutor;Colisão traseira;Com Vítimas Feridas;Pleno dia;Crescente;Céu Claro;Dupla;"Em Obras;Reta";Sim;3;0;1;0;2;0;1;3;-23,415;-51,98;SPRF-PR;DEL09-PR;UOP01-DEL09-PR
692917;05/05/2025;segunda-feira;06:40:00;PI;316;345;FRANCISCO SANTOS;Modificação proibida;Colisão lateral mesmo sentido;Com Vítimas Feridas;Pleno dia;Decrescente;Céu Claro;Simples;Reta;Não;3;0;1;0;1;1;1;2;-7,11669276;-41,1822474;SPRF-PI;DEL04-PI;UOP01-DEL04-PI
692921;22/05/2025;quinta-feira;10:30:00;PA;316;104;SANTA MARIA DO PARA;Transitar na contramão;Colisão lateral sentido oposto;Com Vítimas Feridas;Pleno dia;Crescente;Céu Claro;Simples;Reta;Não;4;0;1;0;2;2;1;5;-1,33952334;-47,54608154;SPRF-PA;DEL01-PA;UOP02-DEL01-PA
692923;22/05/2025;quinta-feira;11:00:00;SP;116;145;SAO JOSE DOS CAMPOS;Ausência de reação do condutor;Colisão lateral mesmo sentido;Com Vítimas Feridas;Pleno dia;Crescente;Céu Claro;Dupla;Declive;Sim;2;0;0;1;1;0;1;2;-23,1869844;-45,8548077;SPRF-SP;DEL02-SP;UOP01-DEL02-SP
692924;22/05/2025;quinta-feira;09:00:00;GO;70;181,4;ITABERAI;Demais falhas mecânicas ou elétricas;Incêndio;Sem Vítimas;Pleno dia;Decrescente;Céu Claro;Simples;"Reta;Aclive";Não;1;0;0;0;1;0;0;1;-15,988;-49,715;SPRF-GO;DEL02-GO;UOP02-DEL02-GO
692925;30/04/2025;quarta-feira;12:00:00;MG;381;506;BETIM;Ausência de reação do condutor;Engavetamento;Com Vítimas Feridas;Pleno dia;Crescente;Céu Claro;Dupla;Reta;Sim;2;0;1;0;1;0;1;2;-20,03610481;-44,24529862;SPRF-MG;DEL01-MG;UOP03-DEL01-MG
692928;26/04/2025;sábado;09:20:00;RJ;116;274;BARRA MANSA;Manobra de mudança de faixa;Colisão traseira;Com Vítimas Feridas;Pleno dia;Crescente;Nublado;Múltipla;"Reta;Viaduto;Declive";Sim;3;0;1;0;1;2;1;4;-22,4700178;-44,2790584;SPRF-RJ;DEL07-RJ;UOP02-DEL07-RJ
692929;22/05/2025;quinta-feira;12:20:00;ES;101;149,9;LINHARES;Entrada inopinada do pedestre;Atropelamento de Pedestre;Com Vítimas Feridas;Pleno dia;Crescente;Céu Claro;Simples;Curva;Sim;3;0;0;1;1;1;1;3;-19,40454788;-40,06046426;SPRF-ES;DEL04-ES;UOP01-DEL04-ES
692937;22/05/2025;quinta-feira;11:00:00;SC;470;45;GASPAR;Manobra de mudança de faixa;Tombamento;Com Vítimas Feridas;Pleno dia;Crescente;Garoa/Chuvisco;Simples;"Reta;Em Obras";Não;3;0;0;1;1;1;1;3;-26,8649787;-49,0333812;SPRF-SC;DEL04-SC;UOP01-DEL04-SC
692939;05/04/2025;sábado;18:40:00;ES;101;17,5;PEDRO CANARIO;Transitar na contramão;Colisão frontal;Com Vítimas Fatais;Plena Noite;Crescente;Céu Claro;Simples;Curva;Não;3;1;0;0;1;1;0;3;-18,309158;-39,957192;SPRF-ES;DEL04-ES;UOP02-DEL04-ES
692944;22/05/2025;quinta-feira;11:30:00;MA;316;288,7;PIO XII;Pista esburacada;Colisão traseira;Com Vítimas Feridas;Pleno dia;Decrescente;Céu Claro;Simples;"Reta;Ponte";Não;4;0;1;0;2;1;1;3;-3,808843;-45,197882;SPRF-MA;DEL02-MA;UOP01-DEL02-MA
692948;22/05/2025;quinta-feira;09:00:00;SC;480;131,4;CHAPECO;Desrespeitar a preferência no cruzamento;Colisão traseira;Com Vítimas Feridas;Pleno dia;Crescente;Nublado;Simples;"Interseção de Vias;Reta";Sim;2;0;1;0;1;0;1;2;-27,057943;-52,636472;SPRF-SC;DEL07-SC;UOP01-DEL07-SC
692949;16/02/2025;domingo;10:00:00;TO;153;535;NOVA ROSALANDIA;Frear bruscamente;Colisão lateral sentido oposto;Com Vítimas Feridas;Pleno dia;Decrescente;Garoa/Chuvisco;Simples;Reta;Não;6;0;3;0;2;4;3;7;-10,51863495;-48,90859639;SPRF-TO;DEL01-TO;UOP01-DEL01-TO
692956;22/05/2025;quinta-feira;09:30:00;MG;381;734,3;CARMO DA CACHOEIRA;Animais na Pista;Colisão traseira;Com Vítimas Feridas;Pleno dia;Crescente;Céu Claro;Dupla;Reta;Não;2;0;1;0;1;0;1;2;-21,5387161;-45,2360676;SPRF-MG;DEL16-MG;UOP02-DEL16-MG
692959;22/05/2025;quinta-feira;13:51:00;PE;101;41,8;IGARASSU;Retorno proibido;Colisão lateral mesmo sentido;Sem Vítimas;Pleno dia;Crescente;Céu Claro;Múltipla;Aclive;Não;2;0;0;0;2;0;0;2;-7,8382014;-34,9121607;SPRF-PE;DEL01-PE;UOP02-DEL01-PE
692963;22/05/2025;quinta-feira;01:00:00;MA;402;125;PRIMEIRA CRUZ;Ausência de reação do condutor;Colisão com objeto;Com Vítimas Fatais;Plena Noite;Crescente;Chuva;Simples;Reta;Não;2;1;0;0;0;1;0;2;-2,746832;-43,349632;SPRF-MA;DEL01-MA;UOP01-DEL01-MA
692966;22/05/2025;quinta-feira;14:10:00;PR;277;168,2;PALMEIRA;Mal súbito do condutor;Colisão frontal;Com Vítimas Feridas;Pleno dia;Crescente;Chuva;Simples;"Curva;Declive";Não;4;0;0;1;2;1;1;4;-25,46384542;-49,92945878;SPRF-PR;DEL03-PR;UOP03-DEL03-PR
692967;22/05/2025;quinta-feira;12:40:00;SP;116;118;TAUBATE;Ultrapassagem Indevida;Colisão lateral mesmo sentido;Com Vítimas Feridas;Pleno dia;Decrescente;Céu Claro;Dupla;"Declive;Reta";Não;3;0;1;0;1;1;1;3;-23,06421136;-45,62995702;SPRF-SP;DEL02-SP;UOP02-DEL02-SP
692971;22/05/2025;quinta-feira;15:45:00;RN;110;44,4;MOSSORO;Condutor deixou de manter distância do veículo da frente;Colisão traseira;Com Vítimas Feridas;Pleno dia;Crescente;Chuva;Simples;Reta;Sim;2;0;1;0;1;0;1;2;-5,1886308;-37,30533041;SPRF-RN;DEL04-RN;UOP01-DEL04-RN
692974;22/05/2025;quinta-feira;16:00:00;MG;381;492,9;BETIM;Velocidade Incompatível;Colisão traseira;Com Vítimas Feridas;Pleno dia;Crescente;Céu Claro;Múltipla;Reta;Sim;3;0;1;0;1;1;1;3;-19,9635414;-44,1692594;SPRF-MG;DEL01-MG;UOP03-DEL01-MG
692975;22/05/2025;quinta-feira;13:30:00;SC;116;254,7;LAGES;Mal súbito do condutor;Colisão com objeto;Com Vítimas Feridas;Pleno dia;Crescente;Garoa/Chuvisco;Simples;Rotatória;Não;2;0;1;0;0;2;1;3;-27,87115675;-50,3996408;SPRF-SC;DEL05-SC;UOP02-DEL05-SC
692980;22/05/2025;quinta-feira;16:58:00;MG;381;940;EXTREMA;Acessar a via sem observar a presença dos outros veículos;Colisão lateral mesmo sentido;Com Vítimas Feridas;Pleno dia;Decrescente;Céu Claro;Dupla;"Reta;Aclive";Não;4;0;2;0;1;1;2;3;-22,8233;-46,30743;SPRF-MG;DEL16-MG;UOP03-DEL16-MG
692982;22/05/2025;quinta-feira;09:00:00;BA;242;486;BROTAS DE MACAUBAS;Curva acentuada;Capotamento;Com Vítimas Feridas;Pleno dia;Decrescente;Céu Claro;Simples;Curva;Não;2;0;0;1;0;3;1;4;-12,43766615;-42,34474182;SPRF-BA;DEL06-BA;UOP01-DEL06-BA
692994;22/05/2025;quinta-feira;13:00:00;PA;316;70,5;CASTANHAL;Ausência de reação do condutor;Colisão traseira;Com Vítimas Feridas;Pleno dia;Crescente;Nublado;Simples;Reta;Não;5;0;0;1;3;2;1;4;-1,291068;-47,860927;SPRF-PA;DEL01-PA;UOP01-DEL01-PA
692998;22/05/2025;quinta-feira;13:20:00;MT;158;549;AGUA BOA;Acostamento em desnível;Tombamento;Com Vítimas Feridas;Pleno dia;Crescente;Céu Claro;Simples;Reta;Não;2;0;1;0;0;2;1;3;-13,9234039;-52,09545135;SPRF-MT;DEL07-MT;UOP02-DEL07-MT
693011;22/05/2025;quinta-feira;17:56:00;GO;452;12;RIO VERDE;Ausência de reação do condutor;Colisão lateral sentido oposto;Com Vítimas Feridas;Anoitecer;Crescente;Céu Claro;Simples;Reta;Não;2;0;1;0;0;1;1;2;-17,83848;-50,80385;SPRF-GO;DEL04-GO;UOP01-DEL04-GO
693012;22/05/2025;quinta-feira;18:00:00;PR;376;186;SARANDI;Acesso irregular;Colisão transversal;Com Vítimas Feridas;Anoitecer;Decrescente;Céu Claro;Múltipla;Reta;Sim;3;0;1;0;1;1;1;3;-23,4472502;-51,8609042;SPRF-PR;DEL09-PR;UOP01-DEL09-PR
693013;22/05/2025;quinta-feira;17:30:00;ES;101;17,5;PEDRO CANARIO;Ausência de reação do condutor;Colisão traseira;Com Vítimas Feridas;Anoitecer;Decrescente;Céu Claro;Simples;Aclive;Não;3;0;1;0;1;1;1;3;-18,30828844;-39,95766163;SPRF-ES;DEL04-ES;UOP02-DEL04-ES
693018;22/05/2025;quinta-feira;18:30:00;RJ;101;229;RIO BONITO;Acessar a via sem observar a presença dos outros veículos;Atropelamento de Pedestre;Com Vítimas Fatais;Plena Noite;Decrescente;Céu Claro;Dupla;Reta;Não;4;1;0;0;2;1;0;4;-22,7180544;-42,6770432;SPRF-RJ;DEL02-RJ;UOP03-DEL02-RJ
693021;08/04/2025;terça-feira;15:45:00;MG;381;422;CAETE;Manobra de mudança de faixa;Colisão lateral mesmo sentido;Com Vítimas Feridas;Pleno dia;Crescente;Céu Claro;Dupla;Reta;Não;3;0;1;0;1;1;1;3;-19,768632;-43,64628911;SPRF-MG;DEL01-MG;UOP01-DEL01-MG
693022;22/05/2025;quinta-feira;17:45:00;RS;386;437;NOVA SANTA RITA;Demais falhas na via;Colisão traseira;Com Vítimas Feridas;Plena Noite;Crescente;Céu Claro;Dupla;Reta;Sim;4;0;1;0;2;2;1;5;-29,86109203;-51,25614742;SPRF-RS;DEL04-RS;UOP02-DEL04-RS
693025;14/05/2025;quarta-feira;16:30:00;MT;70;180;GENERAL CARNEIRO;Ausência de reação do condutor;Saída de leito carroçável;Com Vítimas Feridas;Pleno dia;Crescente;Céu Claro;Simples;Reta;Não;2;0;1;0;0;2;1;3;-15,638872;-53,570803;SPRF-MT;DEL05-MT;UOP01-DEL05-MT
693028;22/05/2025;quinta-feira;20:30:00;TO;153;662,9;GURUPI;Manobra de mudança de faixa;Colisão transversal;Com Vítimas Feridas;Plena Noite;Decrescente;Céu Claro;Dupla;Reta;Sim;3;0;1;0;1;1;1;3;-11,644323;-49,054627;SPRF-TO;DEL01-TO;UOP02-DEL01-TO