id;data_inversa;dia_semana;horario;uf;br;km;municipio;causa_acidente;tipo_acidente;classificacao_acidente;fase_dia;sentido_via;condicao_metereologica;tipo_pista;tracado_via;uso_solo;pessoas;mortos;feridos_leves;feridos_graves;ilesos;ignorados;feridos;veiculos;latitude;longitude;regional;delegacia;uop
693361;24/05/2025;sábado;07:30:00;BA;235;60;JEREMOABO;Reação tardia ou ineficiente do condutor;Saída de leito carroçável;Com Vítimas Feridas;Pleno dia;Decrescente;Nublado;Simples;"Curva;Aclive";Não;3;0;0;2;0;1;2;2;-10,089367;-38,182783;SPRF-SE;DEL01-SE;UOP02-DEL01-SE
693371;24/05/2025;sábado;09:30:00;RJ;40;122;DUQUE DE CAXIAS;Acessar a via sem observar a presença dos outros veículos;Colisão lateral mesmo sentido;Sem Vítimas;Pleno dia;Crescente;Céu Claro;Dupla;Reta;Sim;4;0;0;0;4;0;0;2;-22,78884299;-43,28559637;SPRF-RJ;DEL01-RJ;UOP02-DEL01-RJ
693377;24/05/2025;sábado;02:00:00;PE;316;306;FLORESTA;Ausência de reação do condutor;Atropelamento de Pedestre;Com Vítimas Fatais;Plena Noite;Crescente;Céu Claro;Simples;Reta;Não;2;1;0;0;0;1;0;2;-8,63087899;-38,55596066;SPRF-PE;DEL04-PE;UOP03-DEL04-PE
693380;24/05/2025;sábado;03:20:00;SC;116;59,7;PAPANDUVA;Transitar na contramão;Colisão frontal;Com Vítimas Fatais;Plena Noite;Decrescente;Garoa/Chuvisco;Simples;Reta;Não;3;1;0;0;1;1;0;3;-26,3812;-50,21394;SPRF-SC;DEL06-SC;UOP02-DEL06-SC
693384;24/05/2025;sábado;09:35:00;GO;60;210;VARJAO;Ausência de reação do condutor;Colisão traseira;Com Vítimas Feridas;Pleno dia;Decrescente;Céu Claro;Dupla;Reta;Não;4;0;2;0;1;1;2;3;-16,9532343;-49,683332;SPRF-GO;DEL01-GO;UOP02-DEL01-GO
693387;24/05/2025;sábado;10:20:00;MG;116;642,2;FERVEDOURO;Conversão proibida;Colisão lateral mesmo sentido;Com Vítimas Fatais;Pleno dia;Crescente;Nublado;Simples;"Curva;Aclive";Não;4;1;1;0;1;1;1;3;-20,661214;-42,267399;SPRF-MG;DEL07-MG;UOP02-DEL07-MG
693388;24/05/2025;sábado;10:55:00;RS;101;15;DOM PEDRO DE ALCANTARA;Mal súbito do condutor;Saída de leito carroçável;Com Vítimas Feridas;Pleno dia;Decrescente;Nublado;Dupla;Reta;Não;2;0;1;0;0;1;1;2;-29,40624058;-49,84938562;SPRF-RS;DEL03-RS;UOP02-DEL03-RS
693389;24/05/2025;sábado;09:00:00;RN;304;293;MACAIBA;Mal súbito do condutor;Colisão com objeto;Com Vítimas Feridas;Pleno dia;Crescente;Céu Claro;Dupla;Aclive;Não;5;0;2;0;3;0;2;3;-5,868;-35,378;SPRF-RN;DEL01-RN;UOP02-DEL01-RN
693393;24/05/2025;sábado;11:20:00;MG;40;622;CONSELHEIRO LAFAIETE;Pedestre cruzava a pista fora da faixa;Atropelamento de Pedestre;Com Vítimas Feridas;Pleno dia;Decrescente;Céu Claro;Simples;Reta;Não;3;0;1;0;1;1;1;3;-20,59370507;-43,80401178;SPRF-MG;DEL05-MG;UOP02-DEL05-MG
693397;24/05/2025;sábado;09:00:00;MG;116;227;TEOFILO OTONI;Reação tardia ou ineficiente do condutor;Tombamento;Com Vítimas Feridas;Pleno dia;Crescente;Nublado;Simples;"Declive;Reta";Não;1;0;0;1;0;0;1;1;-17,469055;-41,494856;SPRF-MG;DEL11-MG;UOP01-DEL11-MG
693398;24/05/2025;sábado;11:20:00;MS;163;495,1;CAMPO GRANDE;Ausência de reação do condutor;Tombamento;Com Vítimas Feridas;Pleno dia;Decrescente;Céu Claro;Simples;"Reta;Declive";Não;2;0;1;0;0;2;1;3;-20,364841;-54,528745;SPRF-MS;DEL01-MS;UOP02-DEL01-MS
693399;24/05/2025;sábado;01:30:00;RO;364;1069;PORTO VELHO;Transitar na contramão;Colisão frontal;Com Vítimas Fatais;Plena Noite;Decrescente;Céu Claro;Simples;Reta;Não;6;1;0;1;3;2;1;4;-9,758741;-66,602895;SPRF-AC;DEL01-AC;UOP03-DEL01-AC
693403;24/05/2025;sábado;12:35:00;MG;50;27,5;ARAGUARI;Problema com o freio;Atropelamento de Pedestre;Com Vítimas Fatais;Pleno dia;Crescente;Céu Claro;Dupla;"Curva;Aclive";Não;3;1;0;0;0;2;0;3;-18,619517;-48,097122;SPRF-MG;DEL15-MG;UOP02-DEL15-MG
693404;24/05/2025;sábado;09:45:00;MT;364;1152;SAPEZAL;Demais falhas mecânicas ou elétricas;Incêndio;Sem Vítimas;Pleno dia;Decrescente;Sol;Simples;Reta;Não;2;0;0;0;1;1;0;2;-13,5428;-59,01669;SPRF-MT;DEL04-MT;UOP02-DEL04-MT
693417;24/05/2025;sábado;12:00:00;SP;116;452;REGISTRO;Ausência de reação do condutor;Saída de leito carroçável;Com Vítimas Feridas;Pleno dia;Crescente;Céu Claro;Dupla;Reta;Não;1;0;1;0;0;0;1;1;-24,54345612;-47,86135094;SPRF-SP;DEL05-SP;UOP01-DEL05-SP
693420;23/05/2025;sexta-feira;17:00:00;PE;316;128,6;PARNAMIRIM;Deficiência do Sistema de Iluminação/Sinalização;Colisão frontal;Com Vítimas Fatais;Anoitecer;Crescente;Céu Claro;Simples;Aclive;Não;2;1;0;0;0;1;0;2;-8,040658;-39,70629;SPRF-PE;DEL05-PE;UOP02-DEL05-PE
693422;24/05/2025;sábado;10:35:00;MG;153;193;FRUTAL;Reação tardia ou ineficiente do condutor;Colisão traseira;Com Vítimas Feridas;Pleno dia;Crescente;Céu Claro;Simples;"Reta;Ponte;Aclive";Não;3;0;2;0;1;0;2;2;-19,92682321;-48,958163;SPRF-MG;DEL13-MG;UOP02-DEL13-MG
693446;24/05/2025;sábado;15:20:00;MT;158;461;CANARANA;Transitar na contramão;Colisão frontal;Com Vítimas Fatais;Pleno dia;Crescente;Céu Claro;Simples;Curva;Não;4;1;1;1;0;1;2;3;-13,22737101;-51,93687916;SPRF-MT;DEL07-MT;UOP02-DEL07-MT
693447;24/05/2025;sábado;16:55:00;PR;376;531;PALMEIRA;Problema com o freio;Saída de leito carroçável;Sem Vítimas;Pleno dia;Crescente;Céu Claro;Dupla;Reta;Não;2;0;0;0;1;1;0;2;-25,3056;-49,8889;SPRF-PR;DEL03-PR;UOP03-DEL03-PR
693449;24/05/2025;sábado;16:58:00;PE;104;74;CARUARU;Acumulo de água sobre o pavimento;Colisão lateral sentido oposto;Com Vítimas Fatais;Plena Noite;Crescente;Chuva;Simples;"Reta;Declive";Não;3;1;0;0;1;1;0;2;-8,36036036;-35,9860212;SPRF-PE;DEL02-PE;UOP01-DEL02-PE
693453;23/05/2025;sexta-feira;13:00:00;PA;222;83,7;RONDON DO PARA;Velocidade Incompatível;Saída de leito carroçável;Com Vítimas Feridas;Pleno dia;Decrescente;Sol;Simples;"Curva;Declive";Não;2;0;0;1;0;1;1;2;-4,652755;-47,920199;SPRF-PA;DEL02-PA;UOP02-DEL02-PA
693455;24/05/2025;sábado;16:15:00;BA;407;1;JUAZEIRO;Ultrapassagem Indevida;Colisão lateral mesmo sentido;Sem Vítimas;Pleno dia;Decrescente;Céu Claro;Simples;Reta;Sim;6;0;0;0;6;0;0;2;-9,42346;-40,50659;SPRF-PE;DEL06-PE;UOP01-DEL06-PE
693457;24/05/2025;sábado;14:30:00;SC;470;296;CAMPOS NOVOS;Reação tardia ou ineficiente do condutor;Colisão traseira;Com Vítimas Feridas;Pleno dia;Crescente;Chuva;Simples;"Ponte;Reta";Não;6;0;0;1;4;2;1;7;-27,351267;-51,019024;SPRF-SC;DEL07-SC;UOP06-DEL07-SC
693462;24/05/2025;sábado;18:30:00;BA;116;13;VITORIA DA CONQUISTA;Transitar na contramão;Colisão lateral sentido oposto;Com Vítimas Feridas;Pleno dia;Crescente;Céu Claro;Simples;Curva;Sim;2;0;0;1;0;1;1;2;-14,8909;-40,8691;SPRF-BA;DEL08-BA;UOP01-DEL08-BA
693466;24/05/2025;sábado;18:00:00;PR;373;199,3;IPIRANGA;Acessar a via sem observar a presença dos outros veículos;Colisão transversal;Com Vítimas Feridas;Anoitecer;Decrescente;Céu Claro;Simples;"Retorno Regulamentado;Reta;Rotatória";Não;5;0;2;0;2;2;2;4;-25,08596814;-50,41051984;SPRF-PR;DEL03-PR;UOP01-DEL03-PR
693469;24/05/2025;sábado;19:00:00;MG;262;193;BELA VISTA DE MINAS;Suicídio (presumido);Atropelamento de Pedestre;Com Vítimas Fatais;Plena Noite;Crescente;Céu Claro;Simples;Curva;Não;2;1;0;0;1;0;0;2;-19,868279;-43,086508;SPRF-MG;DEL03-MG;UOP01-DEL03-MG
693471;24/05/2025;sábado;18:25:00;GO;153;519,9;HIDROLANDIA;Ingestão de álcool pelo condutor;Colisão com objeto;Sem Vítimas;Anoitecer;Crescente;Céu Claro;Simples;Reta;Sim;11;0;0;0;5;6;0;7;-16,87808;-49,252949;SPRF-GO;DEL01-GO;UOP03-DEL01-GO
693481;24/05/2025;sábado;19:45:00;RJ;101;72;CAMPOS DOS GOYTACAZES;Ingestão de álcool pelo condutor;Colisão frontal;Sem Vítimas;Plena Noite;Decrescente;Céu Claro;Simples;Reta;Sim;2;0;0;0;2;0;0;2;-21,81882206;-41,39803648;SPRF-RJ;DEL08-RJ;UOP02-DEL08-RJ
693485;24/05/2025;sábado;20:00:00;RN;405;188;MAJOR SALES;Ingestão de álcool pelo condutor;Colisão transversal;Sem Vítimas;Plena Noite;Decrescente;Céu Claro;Simples;"Reta;Ponte;Declive";Sim;2;0;0;0;2;0;0;2;-6,415673;-38,324277;SPRF-RN;DEL04-RN;UOP02-DEL04-RN
693490;24/05/2025;sábado;20:40:00;PA;316;270,7;CACHOEIRA DO PIRIA;Reação tardia ou ineficiente do condutor;Colisão com objeto;Sem Vítimas;Plena Noite;Crescente;Nublado;Simples;Reta;Não;2;0;0;0;1;1;0;2;-1,816114;-46,339926;SPRF-PA;DEL01-PA;UOP04-DEL01-PA
693491;24/05/2025;sábado;20:00:00;BA;116;18;VITORIA DA CONQUISTA;Manobra de mudança de faixa;Saída de leito carroçável;Com Vítimas Feridas;Plena Noite;Crescente;Nublado;Simples;Curva;Não;2;0;2;0;0;0;2;1;-14,8967158;-40,83293927;SPRF-BA;DEL08-BA;UOP01-DEL08-BA
693505;24/05/2025;sábado;20:00:00;BA;407;7,5;JUAZEIRO;Acessar a via sem observar a presença dos outros veículos;Colisão transversal;Com Vítimas Feridas;Plena Noite;Crescente;Céu Claro;Simples;Reta;Não;2;0;1;0;1;0;1;2;-9,46854624;-40,480582;SPRF-PE;DEL06-PE;UOP01-DEL06-PE
693514;24/05/2025;sábado;22:00:00;MG;116;571;MANHUACU;Reação tardia ou ineficiente do condutor;Colisão traseira;Com Vítimas Feridas;Plena Noite;Decrescente;Céu Claro;Simples;Reta;Não;2;0;0;1;1;0;1;2;-20,2414877;-42,1597303;SPRF-MG;DEL06-MG;UOP03-DEL06-MG
693518;24/05/2025;sábado;22:40:00;SP;116;14,5;QUELUZ;Reação tardia ou ineficiente do condutor;Colisão traseira;Com Vítimas Fatais;Plena Noite;Crescente;Céu Claro;Dupla;Reta;Não;3;1;0;0;1;1;0;3;-22,5594;-44,82706;SPRF-SP;DEL08-SP;UOP02-DEL08-SP
693521;24/05/2025;sábado;12:35:00;MT;163;865;SINOP;Ultrapassagem Indevida;Colisão lateral sentido oposto;Com Vítimas Feridas;Pleno dia;Decrescente;Céu Claro;Simples;"Reta;Aclive";Não;5;0;0;2;1;7;2;10;-11,60308;-55,42807;SPRF-MT;DEL06-MT;UOP02-DEL06-MT
693533;24/05/2025;sábado;22:10:00;PE;110;104;SERTANIA;Ausência de reação do condutor;Tombamento;Com Vítimas Feridas;Plena Noite;Decrescente;Céu Claro;Simples;"Curva;Declive";Não;2;0;0;1;0;2;1;3;-8,39999;-37,3413;SPRF-PE;DEL04-PE;UOP02-DEL04-PE
693543;25/05/2025;domingo;02:45:00;RS;386;343,2;LAJEADO;Ausência de reação do condutor;Colisão com objeto;Sem Vítimas;Plena Noite;Decrescente;Garoa/Chuvisco;Simples;Reta;Sim;3;0;0;0;0;5;0;5;-29,43525276;-51,99926734;SPRF-RS;DEL04-RS;UOP01-DEL04-RS
693546;25/05/2025;domingo;04:10:00;BA;242;670;MUQUEM DE SAO FRANCISCO;Transitar na contramão;Colisão frontal;Com Vítimas Fatais;Amanhecer;Crescente;Nublado;Simples;Reta;Não;4;2;0;1;0;5;1;7;-12,208189;-43,603961;SPRF-BA;DEL10-BA;UOP01-DEL10-BA
693548;25/05/2025;domingo;03:25:00;GO;20;244,5;SIMOLANDIA;Ausência de reação do condutor;Colisão frontal;Com Vítimas Fatais;Plena Noite;Decrescente;Céu Claro;Simples;Reta;Não;2;1;0;0;1;0;0;2;-14,4514365;-46,4691526;SPRF-DF;DEL02-DF;UOP03-DEL02-DF
693559;28/04/2025;segunda-feira;23:30:00;MT;364;386;SANTO ANTONIO DO LEVERGER;Condutor Dormindo;Saída de leito carroçável;Com Vítimas Feridas;Plena Noite;Decrescente;Céu Claro;Dupla;Reta;Não;3;0;1;0;0;3;1;4;-15,70150709;-55,86421251;SPRF-MT;DEL01-MT;UOP02-DEL01-MT
693574;25/05/2025;domingo;07:30:00;CE;20;317,9;CANINDE;Demais falhas mecânicas ou elétricas;Tombamento;Sem Vítimas;Pleno dia;Crescente;Céu Claro;Simples;"Ponte;Curva";Não;2;0;0;0;1;3;0;4;-4,28391644;-39,24277246;SPRF-CE;DEL02-CE;UOP01-DEL02-CE
693575;25/05/2025;domingo;06:00:00;BA;407;148,2;SENHOR DO BONFIM;Ultrapassagem Indevida;Colisão frontal;Com Vítimas Feridas;Pleno dia;Crescente;Chuva;Simples;Reta;Não;3;0;0;2;0;1;2;3;-10,636242;-40,129977;SPRF-BA;DEL04-BA;UOP01-DEL04-BA
693587;25/05/2025;domingo;04:00:00;BA;410;9;TUCANO;Reação tardia ou ineficiente do condutor;Saída de leito carroçável;Com Vítimas Feridas;Plena Noite;Decrescente;Chuva;Simples;Reta;Não;3;0;1;0;0;2;1;3;-10,858369;-38,601234;SPRF-BA;DEL07-BA;UOP02-DEL07-BA
693605;25/05/2025;domingo;09:45:00;MG;262;382;FLORESTAL;Ausência de reação do condutor;Colisão traseira;Com Vítimas Fatais;Pleno dia;Crescente;Céu Claro;Dupla;"Reta;Declive";Não;2;1;0;0;1;0;0;2;-19,91009231;-44,50836182;SPRF-MG;DEL01-MG;UOP03-DEL01-MG
693618;25/05/2025;domingo;10:00:00;MG;50;115;UBERABA;Ausência de reação do condutor;Tombamento;Com Vítimas Feridas;Pleno dia;Decrescente;Céu Claro;Dupla;"Rotatória;Retorno Regulamentado";Não;2;0;1;0;0;2;1;3;-19,274628;-48,124022;SPRF-MG;DEL13-MG;UOP01-DEL13-MG
693619;25/05/2025;domingo;11:10:00;GO;60;389;RIO VERDE;Carga excessiva e/ou mal acondicionada;Tombamento;Com Vítimas Feridas;Pleno dia;Decrescente;Céu Claro;Dupla;Retorno Regulamentado;Sim;2;0;1;0;0;1;1;2;-17,825415;-50,963378;SPRF-GO;DEL04-GO;UOP02-DEL04-GO
693620;25/05/2025;domingo;11:10:00;RO;364;263;CACOAL;Manobra de mudança de faixa;Colisão lateral mesmo sentido;Com Vítimas Feridas;Pleno dia;Crescente;Céu Claro;Simples;"Reta;Declive";Não;7;0;4;1;1;1;5;3;-11,394585;-61,65961;SPRF-RO;DEL02-RO;UOP02-DEL02-RO
693621;25/05/2025;domingo;10:30:00;MG;116;733,8;MURIAE;Ultrapassagem Indevida;Colisão lateral mesmo sentido;Com Vítimas Feridas;Pleno dia;Crescente;Céu Claro;Simples;Reta;Não;4;0;3;0;1;0;3;2;-21,1464504;-42,3813478;SPRF-MG;DEL07-MG;UOP02-DEL07-MG
693623;25/05/2025;domingo;09:40:00;MG;116;35;CACHOEIRA DE PAJEU;Pista Escorregadia;Colisão traseira;Com Vítimas Feridas;Pleno dia;Crescente;Nublado;Simples;"Reta;Declive";Não;2;0;1;0;1;0;1;2;-15,949492;-41,4026722;SPRF-MG;DEL11-MG;UOP02-DEL11-MG
693624;25/05/2025;domingo;09:30:00;MG;116;679,2;MIRADOURO;Demais falhas mecânicas ou elétricas;Tombamento;Com Vítimas Feridas;Pleno dia;Crescente;Céu Claro;Simples;Curva;Não;2;0;1;0;0;1;1;2;-20,93753;-42,341835;SPRF-MG;DEL07-MG;UOP02-DEL07-MG
693625;25/05/2025;domingo;07:00:00;PE;232;235;PESQUEIRA;Demais falhas mecânicas ou elétricas;Tombamento;Sem Vítimas;Pleno dia;Decrescente;Céu Claro;Simples;"Curva;Declive";Não;2;0;0;0;1;3;0;4;-8,412032;-36,925222;SPRF-PE;DEL04-PE;UOP02-DEL04-PE
693627;25/05/2025;domingo;12:13:00;RN;110;1;MOSSORO;Acessar a via sem observar a presença dos outros veículos;Colisão transversal;Com Vítimas Feridas;Pleno dia;Crescente;Nublado;Simples;Reta;Sim;4;0;1;0;2;1;1;3;-5,3028147;-37,2810983;SPRF-RN;DEL04-RN;UOP01-DEL04-RN
693637;25/05/2025;domingo;09:50:00;RS;470;1,4;BARRACAO;Problema com o freio;Colisão com objeto;Com Vítimas Feridas;Pleno dia;Crescente;Céu Claro;Simples;"Curva;Declive";Não;2;0;0;1;0;1;1;2;-27,60943;-51,473875;SPRF-RS;DEL08-RS;UOP05-DEL08-RS
693649;25/05/2025;domingo;15:30:00;TO;153;485;PARAISO DO TOCANTINS;Reação tardia ou ineficiente do condutor;Colisão traseira;Com Vítimas Feridas;Pleno dia;Crescente;Céu Claro;Simples;Aclive;Não;3;0;1;0;1;3;1;5;-10,085332;-48,859081;SPRF-TO;DEL01-TO;UOP01-DEL01-TO
693653;25/05/2025;domingo;15:20:00;MT;364;623;DIAMANTINO;Reação tardia ou ineficiente do condutor;Colisão lateral sentido oposto;Com Vítimas Feridas;Pleno dia;Crescente;Céu Claro;Simples;Reta;Não;4;0;1;0;2;3;1;5;-14,380463;-56,369717;SPRF-MT;DEL01-MT;UOP01-DEL01-MT
693654;25/05/2025;domingo;16:50:00;SP;116;514;CAJATI;Demais falhas mecânicas ou elétricas;Incêndio;Sem Vítimas;Pleno dia;Decrescente;Céu Claro;Dupla;Curva;Não;2;0;0;0;1;1;0;2;-24,86227772;-48,21452802;SPRF-SP;DEL05-SP;UOP02-DEL05-SP
693657;25/05/2025;domingo;16:35:00;MG;116;573;MANHUACU;Ultrapassagem Indevida;Colisão lateral sentido oposto;Com Vítimas Feridas;Pleno dia;Crescente;Céu Claro;Simples;"Reta;Aclive";Não;7;0;1;0;5;2;1;7;-20,15137116;-42,18556023;SPRF-MG;DEL06-MG;UOP03-DEL06-MG
693662;25/05/2025;domingo;16:35:00;SC;116;215,5;PONTE ALTA;Reação tardia ou ineficiente do condutor;Colisão traseira;Com Vítimas Fatais;Pleno dia;Crescente;Nublado;Simples;Reta;Não;5;1;0;1;3;0;1;4;-27,5485328;-50,3771008;SPRF-SC;DEL05-SC;UOP03-DEL05-SC
693666;25/05/2025;domingo;15:09:00;MG;40;338;FELIXLANDIA;Mal súbito do condutor;Saída de leito carroçável;Com Vítimas Feridas;Pleno dia;Decrescente;Céu Claro;Simples;Reta;Não;3;0;0;1;1;2;1;4;-18,70966717;-44,95502472;SPRF-MG;DEL14-MG;UOP02-DEL14-MG
693686;25/05/2025;domingo;18:05:00;MG;381;794,5;SAO GONCALO DO SAPUCAI;Ausência de reação do condutor;Colisão com objeto;Com Vítimas Feridas;Anoitecer;Decrescente;Céu Claro;Dupla;Curva;Não;3;0;2;0;0;9;2;10;-21,90944499;-45,56699753;SPRF-MG;DEL16-MG;UOP02-DEL16-MG
693699;25/05/2025;domingo;19:10:00;RO;364;430;JARU;Reação tardia ou ineficiente do condutor;Colisão lateral sentido oposto;Sem Vítimas;Plena Noite;Crescente;Nublado;Simples;Reta;Não;3;0;0;0;2;2;0;4;-10,3972864;-62,521344;SPRF-RO;DEL03-RO;UOP02-DEL03-RO
693704;25/05/2025;domingo;21:20:00;GO;50;287;CATALAO;Reação tardia ou ineficiente do condutor;Colisão traseira;Com Vítimas Feridas;Plena Noite;Crescente;Céu Claro;Dupla;"Reta;Declive";Não;7;0;0;1;5;1;1;3;-18,226095;-47,9778033;SPRF-GO;DEL06-GO;UOP01-DEL06-GO
693721;25/05/2025;domingo;15:45:00;BA;407;177;PONTO NOVO;Demais falhas mecânicas ou elétricas;Incêndio;Sem Vítimas;Pleno dia;Decrescente;Nublado;Simples;Reta;Não;2;0;0;0;1;12;0;13;-10,90754834;-40,10809209;SPRF-BA;DEL04-BA;UOP02-DEL04-BA
693722;25/05/2025;domingo;18:30:00;BA;324;430;RIACHAO DO JACUIPE;Iluminação deficiente;Colisão lateral sentido oposto;Com Vítimas Feridas;Plena Noite;Decrescente;Nublado;Simples;Reta;Não;5;0;2;0;2;4;2;7;-11,76821746;-39,45808411;SPRF-BA;DEL04-BA;UOP02-DEL04-BA
693724;25/05/2025;domingo;22:10:00;PR;376;264;PRUDENTOPOLIS;Acessar a via sem observar a presença dos outros veículos;Colisão transversal;Sem Vítimas;Plena Noite;Crescente;Nevoeiro/Neblina;Simples;"Reta;Aclive;Retorno Regulamentado";Sim;3;0;0;0;2;1;0;3;-25,20253613;-50,98268545;SPRF-PR;DEL07-PR;UOP03-DEL07-PR
693736;26/05/2025;segunda-feira;00:05:00;ES;101;161,7;LINHARES;Condutor Dormindo;Colisão frontal;Com Vítimas Feridas;Plena Noite;Crescente;Garoa/Chuvisco;Simples;Reta;Não;3;0;1;0;1;3;1;5;-19,48712572;-40,12382039;SPRF-ES;DEL04-ES;UOP01-DEL04-ES
693747;26/05/2025;segunda-feira;01:00:00;MG;262;791;PATROCINIO;Reação tardia ou ineficiente do condutor;Tombamento;Com Vítimas Feridas;Plena Noite;Crescente;Céu Claro;Simples;"Curva;Declive";Não;2;0;1;0;0;1;1;2;-19;-47;SPRF-MG;DEL13-MG;UOP01-DEL13-MG
693748;26/05/2025;segunda-feira;01:30:00;PI;343;344;TERESINA;Ausência de reação do condutor;Colisão frontal;Com Vítimas Fatais;Plena Noite;Crescente;Céu Claro;Simples;Reta;Sim;4;1;0;1;1;1;1;3;-5,1001972;-42,7654897;SPRF-PI;DEL01-PI;UOP01-DEL01-PI
693749;26/05/2025;segunda-feira;01:50:00;RO;364;201;PIMENTA BUENO;Ingestão de álcool pelo condutor;Colisão lateral mesmo sentido;Com Vítimas Feridas;Plena Noite;Decrescente;Céu Claro;Simples;Curva;Sim;7;0;4;0;2;3;4;5;-11,644717;-61,194657;SPRF-RO;DEL02-RO;UOP02-DEL02-RO
693752;26/05/2025;segunda-feira;00:38:00;RJ;116;103,7;GUAPIMIRIM;Reação tardia ou ineficiente do condutor;Colisão frontal;Com Vítimas Fatais;Plena Noite;Crescente;Céu Claro;Simples;Curva;Não;3;1;0;1;1;0;1;2;-22,50637219;-42,99654007;SPRF-RJ;DEL04-RJ;UOP01-DEL04-RJ
693757;25/05/2025;domingo;15:50:00;CE;222;228;SOBRAL;Acumulo de água sobre o pavimento;Saída de leito carroçável;Com Vítimas Feridas;Pleno dia;Crescente;Chuva;Simples;Rotatória;Não;3;0;0;3;0;0;3;1;-3,69553019;-40,38150279;SPRF-CE;DEL04-CE;UOP01-DEL04-CE
693763;26/05/2025;segunda-feira;07:00:00;MG;381;499;BETIM;Ausência de reação do condutor;Colisão traseira;Com Vítimas Feridas;Pleno dia;Decrescente;Nevoeiro/Neblina;Dupla;"Reta;Aclive";Não;3;0;1;0;2;0;1;2;-20,00070614;-44,21122737;SPRF-MG;DEL01-MG;UOP03-DEL01-MG
693769;02/05/2025;sexta-feira;04:25:00;SE;235;110,5;CARIRA;Ausência de reação do condutor;Colisão traseira;Com Vítimas Feridas;Plena Noite;Decrescente;Céu Claro;Simples;Reta;Não;2;0;1;0;1;0;1;2;-10,32764097;-37,73253188;SPRF-SE;DEL01-SE;UOP02-DEL01-SE
693786;25/05/2025;domingo;23:08:00;RO;364;42;VILHENA;Transitar na contramão;Colisão lateral sentido oposto;Com Vítimas Feridas;Plena Noite;Crescente;Céu Claro;Simples;Reta;Não;4;0;2;0;1;2;2;4;-12,61526;-60,34092;SPRF-RO;DEL04-RO;UOP01-DEL04-RO
693788;26/05/2025;segunda-feira;07:50:00;MG;381;503,1;BETIM;Reação tardia ou ineficiente do condutor;Colisão traseira;Com Vítimas Feridas;Pleno dia;Crescente;Céu Claro;Dupla;"Curva;Declive";Sim;5;0;1;0;3;1;1;5;-20,025005;-44,231073;SPRF-MG;DEL01-MG;UOP03-DEL01-MG
693789;26/05/2025;segunda-feira;07:50:00;MG;50;56,1;UBERLANDIA;Velocidade Incompatível;Tombamento;Com Vítimas Feridas;Amanhecer;Decrescente;Céu Claro;Dupla;"Curva;Declive";Não;2;0;1;0;0;1;1;2;-18,7819083;-48,2341617;SPRF-MG;DEL15-MG;UOP02-DEL15-MG
693794;26/05/2025;segunda-feira;08:00:00;RS;158;198,8;CRUZ ALTA;Desrespeitar a preferência no cruzamento;Colisão transversal;Com Vítimas Feridas;Pleno dia;Crescente;Chuva;Simples;Interseção de Vias;Não;2;0;0;1;1;0;1;2;-28,67589938;-53,59409658;SPRF-RS;DEL10-RS;UOP02-DEL10-RS
693805;26/05/2025;segunda-feira;09:10:00;AL;101;247;PORTO REAL DO COLEGIO;Acessar a via sem observar a presença dos outros veículos;Colisão transversal;Com Vítimas Feridas;Pleno dia;Crescente;Garoa/Chuvisco;Dupla;"Reta;Interseção de Vias";Não;2;0;1;0;1;0;1;2;-10,19843386;-36,82106344;SPRF-AL;DEL02-AL;UOP02-DEL02-AL
693811;26/05/2025;segunda-feira;09:30:00;RS;158;220,9;CRUZ ALTA;Ultrapassagem Indevida;Colisão frontal;Com Vítimas Fatais;Pleno dia;Crescente;Chuva;Simples;Reta;Não;5;1;1;0;1;2;1;5;-28,869941;-53,617156;SPRF-RS;DEL10-RS;UOP02-DEL10-RS
693815;26/05/2025;segunda-feira;09:00:00;DF;20;3,2;BRASILIA;Ausência de reação do condutor;Colisão traseira;Com Vítimas Feridas;Pleno dia;Decrescente;Sol;Simples;"Curva;Aclive";Não;2;0;1;0;1;0;1;2;-15,67886794;-47,82952845;SPRF-DF;DEL02-DF;UOP01-DEL02-DF
693822;26/05/2025;segunda-feira;08:00:00;BA;324;520;FEIRA DE SANTANA;Pista Escorregadia;Tombamento;Com Vítimas Feridas;Pleno dia;Crescente;Céu Claro;Dupla;Reta;Não;3;0;0;1;1;1;1;3;-12,2740721;-38,93342033;SPRF-BA;DEL01-BA;UOP03-DEL01-BA
693823;26/05/2025;segunda-feira;08:30:00;MA;10;266;IMPERATRIZ;Demais falhas mecânicas ou elétricas;Tombamento;Com Vítimas Feridas;Pleno dia;Decrescente;Céu Claro;Simples;Declive;Não;2;0;1;1;0;0;2;1;-5,400328;-47,473035;SPRF-MA;DEL04-MA;UOP01-DEL04-MA
693824;26/05/2025;segunda-feira;10:00:00;SP;116;135,8;SAO JOSE DOS CAMPOS;Reação tardia ou ineficiente do condutor;Colisão traseira;Com Vítimas Feridas;Pleno dia;Crescente;Sol;Dupla;Reta;Sim;3;0;1;0;1;1;1;3;-23,14874368;-45,77886455;SPRF-SP;DEL02-SP;UOP01-DEL02-SP
693828;26/05/2025;segunda-feira;10:40:00;BA;110;146;RIBEIRA DO POMBAL;Problema com o freio;Saída de leito carroçável;Com Vítimas Feridas;Pleno dia;Crescente;Céu Claro;Simples;Reta;Não;2;0;1;0;0;1;1;2;-10,67854569;-38,45466619;SPRF-BA;DEL07-BA;UOP02-DEL07-BA