id;data_inversa;dia_semana;horario;uf;br;km;municipio;causa_acidente;tipo_acidente;classificacao_acidente;fase_dia;sentido_via;condicao_metereologica;tipo_pista;tracado_via;uso_solo;pessoas;mortos;feridos_leves;feridos_graves;ilesos;ignorados;feridos;veiculos;latitude;longitude;regional;delegacia;uop
693829;26/05/2025;segunda-feira;07:50:00;MG;40;25;PARACATU;Condutor Dormindo;Colisão traseira;Com Vítimas Fatais;Pleno dia;Crescente;Céu Claro;Simples;Reta;Não;5;1;3;0;1;0;3;2;-17,241464;-46,8237456;SPRF-MG;DEL14-MG;UOP01-DEL14-MG
693835;26/05/2025;segunda-feira;08:00:00;RJ;116;16;SAPUCAIA;Transitar na contramão;Colisão frontal;Com Vítimas Feridas;Pleno dia;Decrescente;Céu Claro;Simples;Curva;Não;5;0;3;1;1;0;4;2;-21,97283333;-42,74625;SPRF-RJ;DEL05-RJ;UOP01-DEL05-RJ
693836;26/05/2025;segunda-feira;12:15:00;PR;376;615;SAO JOSE DOS PINHAIS;Ausência de reação do condutor;Engavetamento;Sem Vítimas;Pleno dia;Crescente;Céu Claro;Dupla;"Reta;Declive;Interseção de Vias";Não;4;0;0;0;4;0;0;4;-25,5746582;-49,1799705;SPRF-PR;DEL01-PR;UOP04-DEL01-PR
693839;20/05/2025;terça-feira;04:00:00;MA;226;286;BARRA DO CORDA;Ingestão de álcool pelo condutor;Tombamento;Sem Vítimas;Plena Noite;Crescente;Garoa/Chuvisco;Simples;Reta;Não;2;0;0;0;1;3;0;4;-5,41046063;-44,97404402;SPRF-MA;DEL06-MA;UOP01-DEL06-MA
693841;26/05/2025;segunda-feira;11:50:00;GO;60;113;GOIANIA;Reação tardia ou ineficiente do condutor;Colisão traseira;Com Vítimas Feridas;Pleno dia;Decrescente;Céu Claro;Dupla;"Reta;Aclive";Não;3;0;0;1;1;2;1;4;-16,580608;-49,152;SPRF-GO;DEL01-GO;UOP01-DEL01-GO
693846;26/05/2025;segunda-feira;12:15:00;SP;153;44,2;ONDA VERDE;Ausência de reação do condutor;Colisão traseira;Com Vítimas Feridas;Pleno dia;Crescente;Sol;Simples;"Reta;Em Obras";Não;4;0;1;1;1;2;2;5;-20,65662897;-49,34124112;SPRF-SP;DEL09-SP;UOP01-DEL09-SP
693850;24/04/2025;quinta-feira;22:45:00;PR;277;5;PARANAGUA;Condutor deixou de manter distância do veículo da frente;Colisão traseira;Com Vítimas Feridas;Plena Noite;Decrescente;Nublado;Simples;Reta;Sim;3;0;0;1;1;1;1;3;-25,557411;-48,569069;SPRF-PR;DEL01-PR;UOP05-DEL01-PR
693851;26/05/2025;segunda-feira;12:20:00;PR;277;128;CAMPO LARGO;Ausência de reação do condutor;Atropelamento de Pedestre;Com Vítimas Feridas;Pleno dia;Decrescente;Céu Claro;Dupla;Reta;Sim;2;0;2;0;0;0;2;2;-25,44012059;-49,5550975;SPRF-PR;DEL03-PR;UOP03-DEL03-PR
693852;26/05/2025;segunda-feira;07:20:00;MG;116;87;MEDINA;Ausência de reação do condutor;Colisão lateral mesmo sentido;Com Vítimas Feridas;Amanhecer;Crescente;Chuva;Simples;Reta;Não;4;0;0;1;1;2;1;4;-16,332059;-41,469812;SPRF-MG;DEL11-MG;UOP02-DEL11-MG
693857;26/05/2025;segunda-feira;09:40:00;MG;116;228,6;TEOFILO OTONI;Reação tardia ou ineficiente do condutor;Colisão traseira;Com Vítimas Feridas;Pleno dia;Crescente;Nublado;Simples;"Reta;Declive";Não;2;0;1;0;1;0;1;2;-17,47538;-41,494578;SPRF-MG;DEL11-MG;UOP01-DEL11-MG
693862;26/05/2025;segunda-feira;07:30:00;PE;428;20,8;CABROBO;Reação tardia ou ineficiente do condutor;Colisão traseira;Com Vítimas Feridas;Pleno dia;Decrescente;Céu Claro;Simples;Reta;Não;4;0;1;3;0;0;4;2;-8,491942;-39,405025;SPRF-PE;DEL05-PE;UOP03-DEL05-PE
693863;26/05/2025;segunda-feira;13:10:00;SC;470;138,2;RIO DO SUL;Acessar a via sem observar a presença dos outros veículos;Colisão transversal;Com Vítimas Feridas;Pleno dia;Decrescente;Nublado;Simples;"Reta;Interseção de Vias";Sim;3;0;1;0;1;1;1;3;-27,19393447;-49,62410378;SPRF-SC;DEL04-SC;UOP02-DEL04-SC
693864;26/05/2025;segunda-feira;14:00:00;SC;280;55,2;GUARAMIRIM;Desrespeitar a preferência no cruzamento;Colisão transversal;Com Vítimas Feridas;Pleno dia;Crescente;Céu Claro;Dupla;Rotatória;Sim;3;0;1;0;2;0;1;3;-26,47910111;-49,00107265;SPRF-SC;DEL03-SC;UOP03-DEL03-SC
693871;26/05/2025;segunda-feira;14:30:00;PR;369;143,4;LONDRINA;Avarias e/ou desgaste excessivo no pneu;Colisão transversal;Com Vítimas Feridas;Pleno dia;Crescente;Céu Claro;Dupla;Reta;Sim;2;0;1;1;0;0;2;2;-23,29309571;-51,09966261;SPRF-PR;DEL07-PR;UOP01-DEL07-PR
693881;26/05/2025;segunda-feira;15:50:00;PR;376;1;SAO JOSE DOS PINHAIS;Acessar a via sem observar a presença dos outros veículos;Colisão lateral mesmo sentido;Sem Vítimas;Pleno dia;Decrescente;Céu Claro;Dupla;Reta;Sim;3;0;0;0;1;3;0;4;-25,5652358;-49,183279;SPRF-PR;DEL01-PR;UOP04-DEL01-PR
693883;25/05/2025;domingo;23:50:00;SC;282;629;IRACEMINHA;Velocidade Incompatível;Derramamento de carga;Com Vítimas Feridas;Plena Noite;Crescente;Céu Claro;Simples;Reta;Não;2;0;1;0;0;1;1;2;-26,82119843;-53,38296533;SPRF-SC;DEL07-SC;UOP02-DEL07-SC
693885;26/05/2025;segunda-feira;15:10:00;SP;116;93,5;PINDAMONHANGABA;Manobra de mudança de faixa;Colisão traseira;Sem Vítimas;Pleno dia;Crescente;Sol;Dupla;Reta;Não;2;0;0;0;2;0;0;2;-22,95799816;-45,41662216;SPRF-SP;DEL08-SP;UOP01-DEL08-SP
693886;26/05/2025;segunda-feira;14:00:00;PR;116;18;CURITIBA;Reação tardia ou ineficiente do condutor;Engavetamento;Com Vítimas Feridas;Pleno dia;Crescente;Céu Claro;Dupla;"Reta;Aclive";Sim;3;0;1;0;2;0;1;3;-25,388891;-49,19822;SPRF-PR;DEL01-PR;UOP02-DEL01-PR
693888;26/05/2025;segunda-feira;15:15:00;SC;101;202,7;SAO JOSE;Pedestre andava na pista;Atropelamento de Pedestre;Com Vítimas Fatais;Pleno dia;Crescente;Céu Claro;Múltipla;Reta;Sim;3;1;0;0;1;1;0;2;-27,562705;-48,615834;SPRF-SC;DEL01-SC;UOP01-DEL01-SC
693892;26/05/2025;segunda-feira;07:30:00;BA;324;520;FEIRA DE SANTANA;Ausência de reação do condutor;Tombamento;Com Vítimas Feridas;Pleno dia;Crescente;Céu Claro;Dupla;Reta;Sim;3;0;1;0;1;1;1;3;-12,27353572;-38,93416739;SPRF-BA;DEL01-BA;UOP03-DEL01-BA
693894;26/05/2025;segunda-feira;16:15:00;PE;116;36;SALGUEIRO;Avarias e/ou desgaste excessivo no pneu;Saída de leito carroçável;Sem Vítimas;Pleno dia;Crescente;Céu Claro;Simples;"Declive;Reta";Não;2;0;0;0;2;0;0;1;-8,152171;-39,109971;SPRF-PE;DEL05-PE;UOP01-DEL05-PE
693904;26/05/2025;segunda-feira;12:40:00;MG;262;706,6;ARAXA;Reação tardia ou ineficiente do condutor;Saída de leito carroçável;Com Vítimas Feridas;Pleno dia;Decrescente;Céu Claro;Simples;"Reta;Declive";Não;2;0;1;0;0;1;1;2;-19,589051;-47,0792969;SPRF-MG;DEL08-MG;UOP01-DEL08-MG
693906;26/05/2025;segunda-feira;17:05:00;MG;40;492,6;ESMERALDAS;Reação tardia ou ineficiente do condutor;Colisão traseira;Com Vítimas Feridas;Pleno dia;Crescente;Céu Claro;Simples;"Aclive;Curva;Interseção de Vias";Não;3;0;1;0;2;0;1;2;-19,64286;-44,20315;SPRF-MG;DEL02-MG;UOP01-DEL02-MG
693909;26/05/2025;segunda-feira;14:15:00;PR;369;46,7;BANDEIRANTES;Reação tardia ou ineficiente do condutor;Saída de leito carroçável;Com Vítimas Feridas;Pleno dia;Decrescente;Nublado;Simples;"Declive;Reta";Não;2;0;0;2;0;0;2;1;-23,10187845;-50,30907869;SPRF-PR;DEL07-PR;UOP05-DEL07-PR
693911;26/05/2025;segunda-feira;16:40:00;ES;101;265,7;SERRA;Condutor deixou de manter distância do veículo da frente;Engavetamento;Com Vítimas Feridas;Anoitecer;Crescente;Chuva;Múltipla;Aclive;Sim;6;0;2;0;3;2;2;5;-20,1882207;-40,2684512;SPRF-ES;DEL02-ES;UOP01-DEL02-ES
693922;26/05/2025;segunda-feira;17:40:00;MG;40;686,2;RESSAQUINHA;Demais falhas mecânicas ou elétricas;Colisão frontal;Com Vítimas Feridas;Anoitecer;Crescente;Nublado;Simples;"Reta;Aclive";Não;4;0;1;0;1;2;1;4;-21,0922014;-43,7707366;SPRF-MG;DEL05-MG;UOP02-DEL05-MG
693925;26/05/2025;segunda-feira;18:30:00;GO;60;390;RIO VERDE;Manobra de mudança de faixa;Saída de leito carroçável;Com Vítimas Feridas;Anoitecer;Decrescente;Céu Claro;Dupla;"Reta;Aclive";Não;2;0;1;0;0;1;1;2;-17,825018;-50,961945;SPRF-GO;DEL04-GO;UOP02-DEL04-GO
693926;26/05/2025;segunda-feira;12:50:00;GO;158;167;CAIAPONIA;Reação tardia ou ineficiente do condutor;Colisão traseira;Com Vítimas Feridas;Pleno dia;Crescente;Céu Claro;Simples;Reta;Não;3;0;1;0;1;3;1;5;-17,11745577;-51,87548786;SPRF-GO;DEL05-GO;UOP01-DEL05-GO
693935;26/05/2025;segunda-feira;18:40:00;MT;70;522;VARZEA GRANDE;Ausência de reação do condutor;Colisão transversal;Com Vítimas Feridas;Plena Noite;Crescente;Céu Claro;Simples;Reta;Sim;2;0;1;0;1;0;1;2;-15,662993;-56,185455;SPRF-MT;DEL01-MT;UOP02-DEL01-MT
693936;26/05/2025;segunda-feira;18:30:00;PR;277;58;SAO JOSE DOS PINHAIS;Iluminação deficiente;Colisão lateral mesmo sentido;Com Vítimas Feridas;Plena Noite;Crescente;Nublado;Dupla;Reta;Não;3;0;0;1;1;1;1;3;-25,56868422;-49,00306284;SPRF-PR;DEL01-PR;UOP01-DEL01-PR
693938;26/05/2025;segunda-feira;18:35:00;PR;376;616;SAO JOSE DOS PINHAIS;Ausência de reação do condutor;Colisão traseira;Com Vítimas Fatais;Pleno dia;Decrescente;Céu Claro;Dupla;"Aclive;Curva;Interseção de Vias";Sim;4;1;0;0;1;2;0;4;-25,58437;-49,17577;SPRF-PR;DEL01-PR;UOP04-DEL01-PR
693939;26/05/2025;segunda-feira;19:30:00;MG;50;175,9;UBERABA;Mal súbito do condutor;Colisão com objeto;Com Vítimas Feridas;Plena Noite;Crescente;Céu Claro;Dupla;Reta;Sim;2;0;1;0;0;1;1;2;-19,7784;-47,96181;SPRF-MG;DEL13-MG;UOP01-DEL13-MG
693944;26/05/2025;segunda-feira;20:30:00;ES;101;173,8;ARACRUZ;Transitar na contramão;Colisão frontal;Com Vítimas Feridas;Plena Noite;Decrescente;Nublado;Simples;Reta;Sim;3;0;0;1;1;1;1;3;-19,59125251;-40,19418848;SPRF-ES;DEL04-ES;UOP01-DEL04-ES
693945;26/05/2025;segunda-feira;18:50:00;BA;101;894,5;CARAVELAS;Transitar na contramão;Colisão frontal;Com Vítimas Feridas;Plena Noite;Crescente;Céu Claro;Simples;"Reta;Aclive";Não;3;0;0;2;1;0;2;2;-17,673024;-39,774137;SPRF-BA;DEL09-BA;UOP02-DEL09-BA
693946;26/05/2025;segunda-feira;19:40:00;SC;280;6;SAO FRANCISCO DO SUL;Manobra de mudança de faixa;Colisão transversal;Com Vítimas Feridas;Plena Noite;Crescente;Céu Claro;Simples;Rotatória;Sim;2;0;1;0;0;1;1;2;-26,25784794;-48,62314638;SPRF-SC;DEL03-SC;UOP03-DEL03-SC
693947;26/05/2025;segunda-feira;19:20:00;MG;381;459;SABARA;Acessar a via sem observar a presença dos outros veículos;Atropelamento de Pedestre;Com Vítimas Feridas;Plena Noite;Decrescente;Céu Claro;Dupla;Reta;Não;2;0;1;0;1;0;1;2;-19,8276211;-43,8380406;SPRF-MG;DEL01-MG;UOP01-DEL01-MG
693953;26/05/2025;segunda-feira;21:00:00;ES;101;173,5;ARACRUZ;Ausência de reação do condutor;Colisão traseira;Com Vítimas Feridas;Plena Noite;Crescente;Chuva;Simples;Reta;Não;9;0;1;0;7;5;1;9;-19,58383203;-40,18936642;SPRF-ES;DEL04-ES;UOP01-DEL04-ES
693954;26/05/2025;segunda-feira;21:40:00;SC;101;121;ITAJAI;Manobra de mudança de faixa;Tombamento;Com Vítimas Feridas;Plena Noite;Decrescente;Nublado;Múltipla;Reta;Sim;6;0;0;1;4;3;1;8;-26,92709395;-48,7058141;SPRF-SC;DEL04-SC;UOP04-DEL04-SC
693957;26/05/2025;segunda-feira;16:00:00;PA;153;67;SAO DOMINGOS DO ARAGUAIA;Reação tardia ou ineficiente do condutor;Colisão com objeto;Com Vítimas Fatais;Pleno dia;Decrescente;Céu Claro;Simples;Reta;Não;3;1;1;0;0;1;1;2;-5,713567;-48,691273;SPRF-PA;DEL03-PA;UOP01-DEL03-PA
693965;26/05/2025;segunda-feira;23:00:00;PR;376;679;GUARATUBA;Frear bruscamente;Colisão lateral mesmo sentido;Com Vítimas Feridas;Plena Noite;Crescente;Nublado;Dupla;"Ponte;Reta";Não;3;0;1;0;1;2;1;4;-25,9584227;-48,9008782;SPRF-PR;DEL01-PR;UOP04-DEL01-PR
693966;26/05/2025;segunda-feira;21:10:00;RJ;393;125;SAPUCAIA;Conversão proibida;Colisão traseira;Com Vítimas Feridas;Plena Noite;Crescente;Céu Claro;Dupla;Reta;Não;3;0;1;1;0;1;2;2;-21,95987719;-42,85871962;SPRF-RJ;DEL05-RJ;UOP01-DEL05-RJ
693967;26/05/2025;segunda-feira;23:05:00;SC;101;111;NAVEGANTES;Velocidade Incompatível;Tombamento;Com Vítimas Feridas;Plena Noite;Decrescente;Céu Claro;Dupla;Reta;Sim;1;0;1;0;0;0;1;1;-26,840268;-48,714635;SPRF-SC;DEL04-SC;UOP04-DEL04-SC
693968;26/05/2025;segunda-feira;19:50:00;MA;135;118,9;MIRANDA DO NORTE;Ultrapassagem Indevida;Colisão frontal;Com Vítimas Feridas;Plena Noite;Crescente;Céu Claro;Simples;Reta;Não;26;0;5;1;19;1;6;3;-3,510429;-44,54973;SPRF-MA;DEL01-MA;UOP02-DEL01-MA
693969;26/05/2025;segunda-feira;23:30:00;SP;116;311;SAO LOURENCO DA SERRA;Reação tardia ou ineficiente do condutor;Colisão traseira;Com Vítimas Feridas;Plena Noite;Crescente;Céu Claro;Dupla;"Declive;Reta";Não;5;0;0;3;1;1;3;3;-23,88727439;-46,97796671;SPRF-SP;DEL04-SP;UOP01-DEL04-SP
693971;26/05/2025;segunda-feira;23:39:00;RS;392;5,2;RIO GRANDE;Acessar a via sem observar a presença dos outros veículos;Colisão transversal;Com Vítimas Feridas;Plena Noite;Decrescente;Garoa/Chuvisco;Simples;Reta;Não;4;0;1;0;2;3;1;6;-32,07816525;-52,10275397;SPRF-RS;DEL07-RS;UOP02-DEL07-RS
693974;27/05/2025;terça-feira;01:10:00;MG;50;205;DELTA;Condutor Dormindo;Colisão traseira;Com Vítimas Feridas;Plena Noite;Decrescente;Céu Claro;Dupla;Reta;Não;4;0;2;0;1;1;2;3;-19,970725;-47,791353;SPRF-MG;DEL13-MG;UOP01-DEL13-MG
693977;26/05/2025;segunda-feira;19:40:00;GO;20;220;SIMOLANDIA;Falta de acostamento;Tombamento;Sem Vítimas;Plena Noite;Crescente;Céu Claro;Simples;Reta;Não;2;0;0;0;1;3;0;4;-14,41676225;-46,652908;SPRF-DF;DEL02-DF;UOP03-DEL02-DF
693978;27/05/2025;terça-feira;04:30:00;RS;290;372,7;VILA NOVA DO SUL;Avarias e/ou desgaste excessivo no pneu;Saída de leito carroçável;Com Vítimas Feridas;Plena Noite;Crescente;Garoa/Chuvisco;Simples;"Reta;Declive";Sim;1;0;1;0;0;0;1;1;-30,34572837;-53,90045866;SPRF-RS;DEL09-RS;UOP02-DEL09-RS
693979;27/05/2025;terça-feira;04:00:00;SC;470;124,5;IBIRAMA;Reação tardia ou ineficiente do condutor;Colisão lateral sentido oposto;Com Vítimas Feridas;Plena Noite;Crescente;Nublado;Simples;Reta;Não;3;0;1;0;1;1;1;3;-27,11568807;-49,53227341;SPRF-SC;DEL04-SC;UOP02-DEL04-SC
693981;27/05/2025;terça-feira;05:00:00;BA;116;592;IRAJUBA;Ausência de reação do condutor;Colisão frontal;Com Vítimas Feridas;Amanhecer;Decrescente;Céu Claro;Simples;Reta;Não;5;0;1;2;2;0;3;3;-13,204822;-40,016078;SPRF-BA;DEL03-BA;UOP02-DEL03-BA
693983;27/05/2025;terça-feira;05:15:00;RJ;116;306;RESENDE;Velocidade Incompatível;Colisão traseira;Com Vítimas Feridas;Amanhecer;Crescente;Nevoeiro/Neblina;Dupla;Reta;Sim;3;0;1;1;1;0;2;2;-22,45582772;-44,39762799;SPRF-RJ;DEL07-RJ;UOP02-DEL07-RJ
693985;27/05/2025;terça-feira;05:50:00;ES;101;396,1;CACHOEIRO DE ITAPEMIRIM;Transitar na contramão;Colisão lateral sentido oposto;Com Vítimas Feridas;Amanhecer;Crescente;Nublado;Dupla;Reta;Não;3;0;0;1;1;1;1;3;-20,9274621;-41,0795597;SPRF-ES;DEL03-ES;UOP02-DEL03-ES
693990;27/05/2025;terça-feira;02:20:00;PR;376;515;PONTA GROSSA;Ausência de reação do condutor;Colisão lateral mesmo sentido;Com Vítimas Feridas;Plena Noite;Crescente;Ignorado;Dupla;Reta;Não;3;0;1;0;1;1;1;3;-25,21985073;-50,05577087;SPRF-PR;DEL03-PR;UOP04-DEL03-PR
693996;27/05/2025;terça-feira;06:20:00;MG;262;160;SAO DOMINGOS DO PRATA;Transitar na contramão;Colisão frontal;Com Vítimas Feridas;Amanhecer;Decrescente;Garoa/Chuvisco;Simples;"Curva;Declive";Não;2;0;0;1;1;0;1;2;-19,959956;-42,830119;SPRF-MG;DEL03-MG;UOP03-DEL03-MG
694002;08/05/2025;quinta-feira;02:15:00;SP;116;84;PINDAMONHANGABA;Ausência de reação do condutor;Colisão traseira;Com Vítimas Feridas;Plena Noite;Crescente;Nublado;Dupla;Reta;Não;3;0;1;0;0;2;1;3;-22,91441376;-45,33013905;SPRF-SP;DEL08-SP;UOP01-DEL08-SP
694006;27/05/2025;terça-feira;07:25:00;PE;408;85;SAO LOURENCO DA MATA;Demais falhas mecânicas ou elétricas;Incêndio;Sem Vítimas;Pleno dia;Decrescente;Céu Claro;Dupla;"Reta;Aclive";Não;2;0;0;0;2;0;0;1;-8,00384;-35,04897;SPRF-PE;DEL01-PE;UOP01-DEL01-PE
694009;26/05/2025;segunda-feira;21:30:00;BA;116;590;IRAJUBA;Demais falhas mecânicas ou elétricas;Colisão traseira;Com Vítimas Feridas;Plena Noite;Decrescente;Céu Claro;Simples;Curva;Não;5;0;2;0;2;1;2;3;-13,18788875;-40,00628471;SPRF-BA;DEL03-BA;UOP02-DEL03-BA
694012;27/05/2025;terça-feira;08:12:00;SP;153;192,9;GETULINA;Ultrapassagem Indevida;Colisão lateral mesmo sentido;Com Vítimas Feridas;Pleno dia;Crescente;Céu Claro;Simples;Reta;Não;5;0;1;0;3;1;1;3;-21,760795;-49,877021;SPRF-SP;DEL07-SP;UOP01-DEL07-SP
694018;15/05/2025;quinta-feira;03:15:00;PI;316;39,2;LAGOA DO PIAUI;Transitar na contramão;Colisão frontal;Com Vítimas Fatais;Plena Noite;Decrescente;Céu Claro;Simples;"Aclive;Reta";Sim;2;1;0;0;1;0;0;2;-5,40640638;-42,64913455;SPRF-PI;DEL01-PI;UOP02-DEL01-PI
694019;27/05/2025;terça-feira;07:30:00;BA;101;97;ALAGOINHAS;Acessar a via sem observar a presença dos outros veículos;Colisão lateral sentido oposto;Com Vítimas Feridas;Pleno dia;Decrescente;Céu Claro;Simples;Reta;Não;3;0;1;0;1;2;1;4;-12,08000679;-38,34694281;SPRF-BA;DEL01-BA;UOP04-DEL01-BA
694021;21/05/2025;quarta-feira;02:30:00;MG;116;109,2;ITAOBIM;Ausência de reação do condutor;Saída de leito carroçável;Com Vítimas Feridas;Plena Noite;Crescente;Céu Claro;Simples;Curva;Não;3;0;1;0;1;2;1;3;-16,506727;-41,508428;SPRF-MG;DEL11-MG;UOP02-DEL11-MG
694022;27/05/2025;terça-feira;05:40:00;GO;158;35;BOM JARDIM DE GOIAS;Objeto estático sobre o leito carroçável;Colisão traseira;Sem Vítimas;Amanhecer;Crescente;Céu Claro;Simples;Reta;Não;3;0;0;0;2;4;0;6;-16,15502611;-52,17069246;SPRF-GO;DEL04-GO;UOP02-DEL04-GO
694023;27/05/2025;terça-feira;10:05:00;RN;226;176,9;CURRAIS NOVOS;Desrespeitar a preferência no cruzamento;Colisão transversal;Com Vítimas Feridas;Pleno dia;Crescente;Céu Claro;Simples;"Reta;Aclive";Sim;2;0;1;0;1;0;1;2;-6,268;-36,523;SPRF-RN;DEL03-RN;UOP02-DEL03-RN
694029;13/04/2025;domingo;18:00:00;PR;163;53;PEROLA DOESTE;Velocidade Incompatível;Tombamento;Com Vítimas Fatais;Plena Noite;Crescente;Ignorado;Simples;Curva;Não;4;1;2;0;0;1;2;2;-25,9250724;-53,7508464;SPRF-PR;DEL02-PR;UOP02-DEL02-PR
694030;27/05/2025;terça-feira;06:00:00;MA;230;33,4;BARAO DE GRAJAU;Ausência de reação do condutor;Tombamento;Com Vítimas Feridas;Pleno dia;Decrescente;Céu Claro;Simples;"Curva;Declive";Não;2;0;0;1;0;2;1;3;-6,682581;-43,283298;SPRF-PI;DEL03-PI;UOP01-DEL03-PI
694051;27/05/2025;terça-feira;10:00:00;BA;116;641,8;JAGUAQUARA;Velocidade Incompatível;Saída de leito carroçável;Com Vítimas Feridas;Pleno dia;Decrescente;Céu Claro;Simples;Reta;Não;1;0;1;0;0;0;1;1;-13,5395;-40,0679;SPRF-BA;DEL03-BA;UOP01-DEL03-BA
694058;27/05/2025;terça-feira;13:00:00;MT;364;200,5;RONDONOPOLIS;Velocidade Incompatível;Tombamento;Com Vítimas Feridas;Pleno dia;Crescente;Céu Claro;Dupla;Rotatória;Sim;2;0;1;0;0;1;1;2;-16,52300145;-54,646;SPRF-MT;DEL02-MT;UOP01-DEL02-MT
694062;27/05/2025;terça-feira;14:15:00;GO;364;90;CACHOEIRA ALTA;Ingestão de álcool pelo condutor;Saída de leito carroçável;Com Vítimas Fatais;Pleno dia;Decrescente;Céu Claro;Simples;Reta;Não;2;1;0;0;0;1;0;2;-18,495397;-51,073292;SPRF-GO;DEL05-GO;UOP02-DEL05-GO
694066;27/05/2025;terça-feira;09:00:00;BA;349;1090;CORRENTINA;Velocidade Incompatível;Colisão frontal;Com Vítimas Fatais;Pleno dia;Decrescente;Céu Claro;Simples;Reta;Não;2;1;0;0;1;0;0;2;-13,77156552;-46,02790833;SPRF-BA;DEL10-BA;UOP02-DEL10-BA
694068;27/05/2025;terça-feira;15:30:00;SE;101;114,9;ITAPORANGA DAJUDA;Velocidade Incompatível;Colisão com objeto;Com Vítimas Feridas;Pleno dia;Decrescente;Nublado;Dupla;"Reta;Declive";Não;2;0;1;0;0;1;1;2;-11,00393983;-37,3081526;SPRF-SE;DEL02-SE;UOP01-DEL02-SE
694074;27/05/2025;terça-feira;15:40:00;MG;50;74;UBERLANDIA;Manobra de mudança de faixa;Colisão lateral mesmo sentido;Sem Vítimas;Pleno dia;Decrescente;Sol;Dupla;"Reta;Declive";Não;4;0;0;0;3;2;0;4;-18,9146277;-48,2230939;SPRF-MG;DEL15-MG;UOP01-DEL15-MG
694078;27/05/2025;terça-feira;15:40:00;PR;369;402,1;JURANDA;Ultrapassagem Indevida;Colisão frontal;Com Vítimas Fatais;Pleno dia;Crescente;Céu Claro;Simples;Reta;Não;6;3;0;2;0;1;2;4;-24,39244295;-52,79960632;SPRF-PR;DEL04-PR;UOP03-DEL04-PR
694085;27/05/2025;terça-feira;16:20:00;SP;381;36;ATIBAIA;Carga excessiva e/ou mal acondicionada;Derramamento de carga;Sem Vítimas;Pleno dia;Decrescente;Céu Claro;Dupla;"Curva;Viaduto;Interseção de Vias";Não;2;0;0;0;1;1;0;2;-23,1012271;-46,56886755;SPRF-SP;DEL03-SP;UOP01-DEL03-SP
694090;27/05/2025;terça-feira;17:55:00;SC;101;206;SAO JOSE;Reação tardia ou ineficiente do condutor;Colisão traseira;Com Vítimas Feridas;Plena Noite;Decrescente;Nublado;Dupla;Reta;Sim;2;0;0;1;1;0;1;2;-27,59212189;-48,6181283;SPRF-SC;DEL01-SC;UOP01-DEL01-SC
694091;27/05/2025;terça-feira;16:50:00;RO;364;626;ITAPUA DO OESTE;Reação tardia ou ineficiente do condutor;Colisão lateral sentido oposto;Sem Vítimas;Pleno dia;Decrescente;Céu Claro;Simples;Curva;Não;5;0;0;0;4;1;0;2;-9,07260256;-63,33978653;SPRF-RO;DEL01-RO;UOP04-DEL01-RO
694097;27/05/2025;terça-feira;18:45:00;SP;116;389;MIRACATU;Ausência de reação do condutor;Colisão traseira;Com Vítimas Feridas;Plena Noite;Crescente;Nublado;Dupla;Reta;Sim;3;0;1;0;1;1;1;3;-24,30758617;-47,49087632;SPRF-SP;DEL04-SP;UOP02-DEL04-SP
694101;27/05/2025;terça-feira;14:30:00;ES;101;270;SERRA;Manobra de mudança de faixa;Colisão lateral mesmo sentido;Com Vítimas Feridas;Pleno dia;Decrescente;Céu Claro;Dupla;Reta;Sim;2;0;1;0;0;1;1;2;-20,0488541;-40,3866988;SPRF-ES;DEL02-ES;UOP01-DEL02-ES
694106;27/05/2025;terça-feira;18:50:00;SP;116;131;CACAPAVA;Manobra de mudança de faixa;Colisão lateral mesmo sentido;Sem Vítimas;Plena Noite;Crescente;Céu Claro;Dupla;Reta;Sim;3;0;0;0;1;2;0;3;-23,1285127;-45,7360605;SPRF-SP;DEL02-SP;UOP02-DEL02-SP
694109;27/05/2025;terça-feira;19:00:00;PB;101;86;JOAO PESSOA;Acessar a via sem observar a presença dos outros veículos;Colisão lateral mesmo sentido;Com Vítimas Feridas;Plena Noite;Crescente;Céu Claro;Dupla;Reta;Sim;2;0;0;1;1;0;1;2;-7,15830612;-34,90651645;SPRF-PB;DEL01-PB;UOP01-DEL01-PB
694117;27/05/2025;terça-feira;19:20:00;RS;386;248,3;SOLEDADE;Transitar na contramão;Colisão lateral sentido oposto;Sem Vítimas;Plena Noite;Crescente;Chuva;Simples;"Reta;Em Obras;Interseção de Vias";Sim;3;0;0;0;1;2;0;3;-28,819278;-52,4827;SPRF-RS;DEL04-RS;UOP03-DEL04-RS
694124;27/05/2025;terça-feira;16:30:00;ES;101;461;MIMOSO DO SUL;Fumaça;Incêndio;Sem Vítimas;Pleno dia;Crescente;Céu Claro;Simples;Reta;Não;2;0;0;0;1;1;0;2;-21,22106116;-41,30764961;SPRF-ES;DEL03-ES;UOP02-DEL03-ES
694127;27/05/2025;terça-feira;20:20:00;SP;381;51;ATIBAIA;Ausência de reação do condutor;Colisão traseira;Com Vítimas Feridas;Plena Noite;Decrescente;Céu Claro;Dupla;Reta;Sim;3;0;1;0;1;1;1;3;-23,19297794;-46,65980458;SPRF-SP;DEL03-SP;UOP01-DEL03-SP
694129;27/05/2025;terça-feira;19:00:00;PR;376;510;PONTA GROSSA;Condutor Dormindo;Tombamento;Sem Vítimas;Plena Noite;Crescente;Ignorado;Dupla;Reta;Não;2;0;0;0;1;1;0;2;-25,217763;-50,056437;SPRF-PR;DEL03-PR;UOP04-DEL03-PR