id;data_inversa;dia_semana;horario;uf;br;km;municipio;causa_acidente;tipo_acidente;classificacao_acidente;fase_dia;sentido_via;condicao_metereologica;tipo_pista;tracado_via;uso_solo;pessoas;mortos;feridos_leves;feridos_graves;ilesos;ignorados;feridos;veiculos;latitude;longitude;regional;delegacia;uop
694131;27/05/2025;terça-feira;15:30:00;MG;50;180;UBERABA;Acessar a via sem observar a presença dos outros veículos;Colisão traseira;Com Vítimas Feridas;Pleno dia;Crescente;Céu Claro;Dupla;"Curva;Interseção de Vias;Rotatória";Não;2;0;1;0;0;1;1;2;-19,77844652;-47,92338179;SPRF-MG;DEL13-MG;UOP01-DEL13-MG
694133;27/05/2025;terça-feira;18:20:00;SC;470;83,7;RODEIO;Transitar na contramão;Colisão frontal;Com Vítimas Fatais;Anoitecer;Crescente;Nublado;Simples;Reta;Não;3;1;0;0;1;1;0;3;-26,961905;-49,340027;SPRF-SC;DEL04-SC;UOP01-DEL04-SC
694142;27/05/2025;terça-feira;15:40:00;SC;282;504,6;XANXERE;Condutor deixou de manter distância do veículo da frente;Colisão transversal;Com Vítimas Feridas;Pleno dia;Decrescente;Nublado;Simples;Declive;Sim;3;0;1;0;1;1;1;3;-26,88482717;-52,41156435;SPRF-SC;DEL07-SC;UOP01-DEL07-SC
694145;27/05/2025;terça-feira;19:15:00;PR;153;154;VENTANIA;Velocidade Incompatível;Tombamento;Com Vítimas Feridas;Plena Noite;Decrescente;Nublado;Simples;"Curva;Declive";Não;2;0;1;0;0;1;1;2;-24,228981;-50,227051;SPRF-PR;DEL07-PR;UOP04-DEL07-PR
694147;27/05/2025;terça-feira;21:00:00;PR;163;239,1;TOLEDO;Acumulo de água sobre o pavimento;Tombamento;Com Vítimas Feridas;Plena Noite;Decrescente;Chuva;Dupla;Reta;Não;2;0;1;0;1;0;1;1;-24,72960636;-53,70180747;SPRF-PR;DEL04-PR;UOP01-DEL04-PR
694153;27/05/2025;terça-feira;13:00:00;BA;420;301;SANTA INES;Velocidade Incompatível;Capotamento;Com Vítimas Fatais;Pleno dia;Crescente;Nublado;Simples;Curva;Não;2;2;0;0;0;0;0;1;-13,26418193;-39,78453255;SPRF-BA;DEL03-BA;UOP01-DEL03-BA
694154;27/05/2025;terça-feira;18:40:00;MG;381;910;CAMANDUCAIA;Ausência de reação do condutor;Colisão traseira;Com Vítimas Feridas;Plena Noite;Crescente;Nublado;Dupla;Reta;Não;9;0;3;3;2;1;6;3;-22,6909036;-46,1088387;SPRF-MG;DEL16-MG;UOP03-DEL16-MG
694157;27/05/2025;terça-feira;20:07:00;PR;158;365,9;MARQUINHO;Ultrapassagem Indevida;Colisão frontal;Com Vítimas Feridas;Plena Noite;Decrescente;Céu Claro;Simples;Reta;Não;5;0;2;0;2;1;2;3;-25,09990125;-52,27140427;SPRF-PR;DEL04-PR;UOP02-DEL04-PR
694161;27/05/2025;terça-feira;18:30:00;SC;282;120;BOM RETIRO;Transitar na contramão;Colisão frontal;Com Vítimas Feridas;Plena Noite;Crescente;Céu Claro;Simples;Curva;Não;2;0;0;1;1;0;1;2;-27,79468373;-49,41535517;SPRF-SC;DEL05-SC;UOP01-DEL05-SC
694163;28/05/2025;quarta-feira;00:10:00;GO;153;662;GOIATUBA;Ausência de reação do condutor;Colisão traseira;Com Vítimas Feridas;Plena Noite;Decrescente;Céu Claro;Dupla;Curva;Não;3;0;1;0;1;2;1;4;-18,06811569;-49,2680872;SPRF-GO;DEL03-GO;UOP02-DEL03-GO
694171;28/05/2025;quarta-feira;04:10:00;TO;153;198;NOVA OLINDA;Ausência de reação do condutor;Colisão traseira;Com Vítimas Feridas;Plena Noite;Decrescente;Céu Claro;Simples;Reta;Sim;4;0;1;0;2;1;1;4;-7,63297811;-48,42722654;SPRF-TO;DEL02-TO;UOP01-DEL02-TO
694172;28/05/2025;quarta-feira;04:00:00;PI;343;573;FLORIANO;Ausência de reação do condutor;Colisão com objeto;Com Vítimas Feridas;Plena Noite;Decrescente;Céu Claro;Simples;Reta;Não;2;0;1;0;0;1;1;2;-6,76280647;-42,92495728;SPRF-PI;DEL03-PI;UOP01-DEL03-PI
694179;28/05/2025;quarta-feira;05:25:00;BA;324;603;SIMOES FILHO;Condutor deixou de manter distância do veículo da frente;Colisão traseira;Com Vítimas Feridas;Pleno dia;Decrescente;Garoa/Chuvisco;Dupla;Reta;Sim;3;0;1;0;1;2;1;4;-12,78568749;-38,41129303;SPRF-BA;DEL01-BA;UOP01-DEL01-BA
694180;28/05/2025;quarta-feira;05:10:00;MT;364;330,9;SANTO ANTONIO DO LEVERGER;Reação tardia ou ineficiente do condutor;Saída de leito carroçável;Com Vítimas Feridas;Amanhecer;Decrescente;Nublado;Dupla;"Reta;Declive";Não;1;0;1;0;0;0;1;1;-15,83018208;-55,43621826;SPRF-MT;DEL05-MT;UOP02-DEL05-MT
694184;28/05/2025;quarta-feira;04:30:00;PR;376;343;ORTIGUEIRA;Velocidade Incompatível;Saída de leito carroçável;Com Vítimas Feridas;Plena Noite;Crescente;Chuva;Simples;"Curva;Declive";Não;2;0;1;0;0;1;1;2;-24,1557497;-50,97490883;SPRF-PR;DEL07-PR;UOP02-DEL07-PR
694185;28/05/2025;quarta-feira;04:52:00;TO;153;640;ALIANCA DO TOCANTINS;Mal súbito do condutor;Eventos atípicos;Com Vítimas Fatais;Amanhecer;Crescente;Céu Claro;Simples;Reta;Não;2;1;0;0;0;1;0;2;-11,32562298;-48,94620895;SPRF-TO;DEL01-TO;UOP02-DEL01-TO
694186;28/05/2025;quarta-feira;03:00:00;MT;163;640;NOVA MUTUM;Demais falhas mecânicas ou elétricas;Capotamento;Com Vítimas Feridas;Plena Noite;Crescente;Nevoeiro/Neblina;Simples;"Em Obras;Reta";Não;1;0;1;0;0;0;1;1;-13,461961;-56,075539;SPRF-MT;DEL01-MT;UOP01-DEL01-MT
694187;28/05/2025;quarta-feira;06:40:00;RJ;101;461,7;ANGRA DOS REIS;Condutor Dormindo;Colisão frontal;Com Vítimas Feridas;Amanhecer;Decrescente;Céu Claro;Dupla;"Curva;Declive";Não;2;0;2;0;0;0;2;2;-23,03338332;-44,2025486;SPRF-RJ;DEL03-RJ;UOP03-DEL03-RJ
694191;28/05/2025;quarta-feira;06:15:00;PE;232;251;ARCOVERDE;Ultrapassagem Indevida;Colisão frontal;Com Vítimas Feridas;Pleno dia;Decrescente;Nublado;Simples;Reta;Sim;3;0;0;1;2;0;1;2;-8,424367;-37,053985;SPRF-PE;DEL04-PE;UOP02-DEL04-PE
694194;28/05/2025;quarta-feira;07:00:00;MG;40;415;CURVELO;Velocidade Incompatível;Saída de leito carroçável;Com Vítimas Feridas;Pleno dia;Decrescente;Céu Claro;Simples;"Reta;Declive";Não;2;0;0;1;0;1;1;2;-19,1463465;-44,6076044;SPRF-MG;DEL02-MG;UOP01-DEL02-MG
694195;28/05/2025;quarta-feira;07:30:00;PR;376;411;TIBAGI;Chuva;Colisão com objeto;Com Vítimas Feridas;Pleno dia;Crescente;Chuva;Dupla;"Declive;Reta";Não;3;0;1;0;1;1;1;3;-24,63140865;-50,64034794;SPRF-PR;DEL03-PR;UOP02-DEL03-PR
694200;28/05/2025;quarta-feira;06:15:00;RJ;393;122;SAPUCAIA;Velocidade Incompatível;Tombamento;Com Vítimas Feridas;Amanhecer;Decrescente;Nublado;Simples;Curva;Não;2;0;0;1;0;1;1;2;-21,94312515;-42,82719612;SPRF-RJ;DEL05-RJ;UOP01-DEL05-RJ
694202;28/05/2025;quarta-feira;06:05:00;MG;116;305,2;ITAMBACURI;Transitar na contramão;Colisão frontal;Com Vítimas Feridas;Amanhecer;Decrescente;Nublado;Simples;"Reta;Aclive";Não;4;0;0;1;1;4;1;6;-18,033087;-41,653046;SPRF-MG;DEL11-MG;UOP01-DEL11-MG
694210;28/05/2025;quarta-feira;05:40:00;MT;70;409,9;CAMPO VERDE;Reação tardia ou ineficiente do condutor;Tombamento;Sem Vítimas;Amanhecer;Decrescente;Céu Claro;Simples;Reta;Não;1;0;0;0;1;0;0;1;-15,681243;-55,314006;SPRF-MT;DEL05-MT;UOP02-DEL05-MT
694211;28/05/2025;quarta-feira;08:25:00;SC;470;4,8;NAVEGANTES;Ausência de reação do condutor;Colisão lateral mesmo sentido;Com Vítimas Feridas;Pleno dia;Decrescente;Chuva;Dupla;"Em Obras;Reta";Não;3;0;1;1;1;0;2;2;-26,85990498;-48,68639655;SPRF-SC;DEL04-SC;UOP04-DEL04-SC
694213;28/05/2025;quarta-feira;08:47:00;MG;153;134;PRATA;Transitar na contramão;Colisão lateral sentido oposto;Com Vítimas Feridas;Amanhecer;Crescente;Nublado;Simples;Declive;Não;4;0;1;1;1;1;2;4;-19,51849303;-48,83619055;SPRF-MG;DEL15-MG;UOP03-DEL15-MG
694219;28/05/2025;quarta-feira;09:00:00;SC;101;135,2;BALNEARIO CAMBORIU;Reação tardia ou ineficiente do condutor;Colisão com objeto;Sem Vítimas;Pleno dia;Crescente;Nublado;Dupla;Reta;Sim;1;0;0;0;1;0;0;1;-27,0053911;-48,6237379;SPRF-SC;DEL04-SC;UOP03-DEL04-SC
694220;28/05/2025;quarta-feira;09:35:00;SE;101;39,7;JAPARATUBA;Condutor Dormindo;Colisão com objeto;Com Vítimas Feridas;Pleno dia;Crescente;Nublado;Dupla;Reta;Não;2;0;0;1;0;1;1;2;-10,520384;-36,952054;SPRF-SE;DEL02-SE;UOP02-DEL02-SE
694222;28/05/2025;quarta-feira;06:25:00;RS;392;273,3;SAO SEPE;Problema com o freio;Tombamento;Com Vítimas Feridas;Amanhecer;Decrescente;Chuva;Simples;"Curva;Declive;Rotatória";Não;2;0;0;1;0;1;1;2;-30,36176695;-53,51829886;SPRF-RS;DEL09-RS;UOP02-DEL09-RS
694227;28/05/2025;quarta-feira;08:30:00;BA;101;536;SAO JOSE DA VITORIA;Velocidade Incompatível;Colisão transversal;Com Vítimas Feridas;Pleno dia;Decrescente;Céu Claro;Simples;Curva;Não;2;0;1;0;1;0;1;2;-15,02708;-39,32934;SPRF-BA;DEL05-BA;UOP01-DEL05-BA
694230;28/05/2025;quarta-feira;08:30:00;MA;10;318;ACAILANDIA;Mal súbito do condutor;Colisão lateral sentido oposto;Com Vítimas Feridas;Pleno dia;Decrescente;Céu Claro;Simples;Reta;Sim;2;0;0;1;1;0;1;2;-4,96478;-47,50976;SPRF-MA;DEL04-MA;UOP03-DEL04-MA
694234;28/05/2025;quarta-feira;10:10:00;SP;116;139,5;SAO JOSE DOS CAMPOS;Condutor deixou de manter distância do veículo da frente;Engavetamento;Com Vítimas Feridas;Pleno dia;Crescente;Céu Claro;Dupla;Reta;Não;4;0;1;0;2;1;1;4;-23,16146949;-45,80405426;SPRF-SP;DEL02-SP;UOP01-DEL02-SP
694246;28/05/2025;quarta-feira;11:50:00;SP;116;123;CACAPAVA;Condutor deixou de manter distância do veículo da frente;Colisão traseira;Com Vítimas Feridas;Pleno dia;Crescente;Céu Claro;Dupla;"Declive;Reta";Não;3;0;1;1;0;1;2;3;-23,08508125;-45,66638947;SPRF-SP;DEL02-SP;UOP02-DEL02-SP
694248;28/05/2025;quarta-feira;08:00:00;MT;174;83;CACERES;Manobra de mudança de faixa;Colisão lateral sentido oposto;Com Vítimas Feridas;Pleno dia;Crescente;Chuva;Simples;Reta;Não;6;0;2;1;2;6;3;9;-15,96695767;-57,76884556;SPRF-MT;DEL03-MT;UOP01-DEL03-MT
694250;28/05/2025;quarta-feira;11:00:00;RR;174;208;RORAINOPOLIS;Carga excessiva e/ou mal acondicionada;Saída de leito carroçável;Sem Vítimas;Pleno dia;Crescente;Ignorado;Simples;Reta;Não;2;0;0;0;0;3;0;3;0,96616636;-60,41262746;SPRF-RR;DEL01-RR;UOP01-DEL01-RR
694251;28/05/2025;quarta-feira;09:40:00;GO;153;497;GOIANIA;Reação tardia ou ineficiente do condutor;Colisão traseira;Com Vítimas Feridas;Pleno dia;Decrescente;Céu Claro;Dupla;"Reta;Declive";Sim;4;0;0;1;2;1;1;3;-16,679811;-49,232508;SPRF-GO;DEL01-GO;UOP01-DEL01-GO
694252;28/05/2025;quarta-feira;11:00:00;SP;381;70;MAIRIPORA;Acumulo de óleo sobre o pavimento;Tombamento;Com Vítimas Feridas;Pleno dia;Decrescente;Céu Claro;Dupla;"Curva;Declive";Não;3;0;0;1;1;3;1;5;-23,3497664;-46,5562344;SPRF-SP;DEL03-SP;UOP01-DEL03-SP
694253;28/05/2025;quarta-feira;12:10:00;ES;101;340,1;GUARAPARI;Mal súbito do condutor;Colisão traseira;Com Vítimas Feridas;Pleno dia;Crescente;Céu Claro;Dupla;"Reta;Aclive";Não;3;0;0;1;1;1;1;3;-20,647547;-40,567375;SPRF-ES;DEL03-ES;UOP01-DEL03-ES
694255;28/05/2025;quarta-feira;12:00:00;RS;285;482,6;ENTRE-IJUIS;Ausência de reação do condutor;Saída de leito carroçável;Com Vítimas Feridas;Pleno dia;Crescente;Chuva;Simples;"Reta;Declive";Não;1;0;0;1;0;0;1;1;-28,37364015;-54,12522409;SPRF-RS;DEL10-RS;UOP01-DEL10-RS
694256;28/05/2025;quarta-feira;12:30:00;BA;101;48,3;ESPLANADA;Transitar na contramão;Colisão frontal;Com Vítimas Feridas;Pleno dia;Decrescente;Sol;Dupla;"Curva;Aclive";Não;2;0;2;0;0;0;2;2;-11,87103411;-37,99092378;SPRF-SE;DEL02-SE;UOP03-DEL02-SE
694261;28/05/2025;quarta-feira;11:30:00;PI;316;306;PICOS;Demais falhas mecânicas ou elétricas;Colisão lateral mesmo sentido;Com Vítimas Feridas;Pleno dia;Decrescente;Céu Claro;Dupla;"Aclive;Curva";Sim;5;0;4;0;1;0;4;2;-7,07646606;-41,50960612;SPRF-PI;DEL04-PI;UOP01-DEL04-PI
694268;28/05/2025;quarta-feira;13:30:00;SC;101;120;ITAJAI;Ausência de reação do condutor;Colisão traseira;Com Vítimas Feridas;Pleno dia;Crescente;Nublado;Simples;"Reta;Aclive;Viaduto";Não;2;0;0;1;1;0;1;2;-26,91851561;-48,70945785;SPRF-SC;DEL04-SC;UOP04-DEL04-SC
694272;28/05/2025;quarta-feira;14:40:00;CE;116;12;FORTALEZA;Acessar a via sem observar a presença dos outros veículos;Colisão transversal;Com Vítimas Feridas;Pleno dia;Decrescente;Céu Claro;Múltipla;"Reta;Aclive";Sim;6;0;1;0;4;1;1;6;-3,8600332;-38,496459;SPRF-CE;DEL01-CE;UOP02-DEL01-CE
694275;28/05/2025;quarta-feira;12:30:00;SP;116;114;TAUBATE;Reação tardia ou ineficiente do condutor;Colisão traseira;Com Vítimas Feridas;Pleno dia;Crescente;Céu Claro;Dupla;Reta;Sim;2;0;1;0;0;1;1;2;-23,04673998;-45,5904521;SPRF-SP;DEL02-SP;UOP02-DEL02-SP
694276;28/05/2025;quarta-feira;15:20:00;SC;470;88;ASCURRA;Acessar a via sem observar a presença dos outros veículos;Colisão frontal;Com Vítimas Feridas;Pleno dia;Crescente;Nublado;Simples;"Reta;Ponte";Sim;3;0;0;1;1;1;1;3;-26,95682246;-49,37426297;SPRF-SC;DEL04-SC;UOP01-DEL04-SC
694277;28/05/2025;quarta-feira;14:06:00;PI;343;305,5;ALTOS;Ausência de reação do condutor;Colisão transversal;Com Vítimas Feridas;Pleno dia;Decrescente;Céu Claro;Simples;Reta;Sim;2;0;0;1;1;0;1;2;-5,03749;-42,44753;SPRF-PI;DEL01-PI;UOP01-DEL01-PI
694283;23/05/2025;sexta-feira;20:50:00;GO;153;509;APARECIDA DE GOIANIA;Ingestão de álcool pelo condutor;Colisão traseira;Sem Vítimas;Plena Noite;Crescente;Céu Claro;Dupla;Aclive;Sim;3;0;0;0;2;1;0;3;-16,78234388;-49,23755832;SPRF-GO;DEL01-GO;UOP03-DEL01-GO
694284;28/05/2025;quarta-feira;15:10:00;SP;116;544;CAJATI;Reação tardia ou ineficiente do condutor;Colisão com objeto;Com Vítimas Feridas;Pleno dia;Decrescente;Nublado;Simples;"Curva;Declive";Não;2;0;1;0;0;1;1;2;-24,90447681;-48,25437212;SPRF-SP;DEL05-SP;UOP02-DEL05-SP
694288;24/05/2025;sábado;04:15:00;RJ;101;307;SAO GONCALO;Ausência de reação do condutor;Colisão traseira;Sem Vítimas;Plena Noite;Crescente;Céu Claro;Dupla;Reta;Não;2;0;0;0;2;0;0;2;-22,79085401;-43,01402807;SPRF-RJ;DEL02-RJ;UOP02-DEL02-RJ
694290;28/05/2025;quarta-feira;15:20:00;RN;101;104;PARNAMIRIM;Transitar na contramão;Colisão com objeto;Sem Vítimas;Pleno dia;Crescente;Céu Claro;Dupla;Curva;Não;1;0;0;0;0;1;0;1;-5,89253662;-35,25642889;SPRF-RN;DEL01-RN;UOP01-DEL01-RN
694294;28/05/2025;quarta-feira;16:15:00;SP;116;296;ITAPECERICA DA SERRA;Ausência de reação do condutor;Colisão traseira;Com Vítimas Fatais;Pleno dia;Crescente;Céu Claro;Dupla;Reta;Sim;3;1;0;0;1;1;0;3;-23,7002314;-46,86888;SPRF-SP;DEL04-SP;UOP01-DEL04-SP
694296;28/05/2025;quarta-feira;16:26:00;RN;304;301;MACAIBA;Demais falhas mecânicas ou elétricas;Colisão traseira;Sem Vítimas;Pleno dia;Crescente;Céu Claro;Dupla;Reta;Sim;3;0;0;0;3;0;0;3;-5,877;-35,303;SPRF-RN;DEL01-RN;UOP02-DEL01-RN
694303;28/05/2025;quarta-feira;16:15:00;RR;174;446;MUCAJAI;Avarias e/ou desgaste excessivo no pneu;Colisão com objeto;Sem Vítimas;Pleno dia;Decrescente;Céu Claro;Simples;"Reta;Declive";Não;4;0;0;0;3;1;0;3;2,40725199;-60,91922633;SPRF-RR;DEL01-RR;UOP01-DEL01-RR
694308;28/05/2025;quarta-feira;16:24:00;MG;381;657,4;SANTO ANTONIO DO AMPARO;Manobra de mudança de faixa;Colisão traseira;Com Vítimas Feridas;Pleno dia;Decrescente;Céu Claro;Dupla;"Reta;Aclive";Não;3;0;1;0;1;2;1;4;-20,996;-44,961924;SPRF-MG;DEL04-MG;UOP02-DEL04-MG
694309;28/05/2025;quarta-feira;13:13:00;MT;70;439;VARZEA GRANDE;Ultrapassagem Indevida;Saída de leito carroçável;Sem Vítimas;Pleno dia;Decrescente;Chuva;Simples;Curva;Sim;2;0;0;0;0;3;0;3;-15,60359023;-56,20420933;SPRF-MT;DEL05-MT;UOP02-DEL05-MT
694315;28/05/2025;quarta-feira;18:00:00;GO;20;49,6;FORMOSA;Condutor Dormindo;Saída de leito carroçável;Com Vítimas Feridas;Anoitecer;Decrescente;Céu Claro;Simples;Reta;Não;1;0;1;0;0;0;1;1;-15,33342;-47,12666;SPRF-DF;DEL02-DF;UOP02-DEL02-DF
694322;28/05/2025;quarta-feira;16:30:00;RJ;116;211;SEROPEDICA;Reação tardia ou ineficiente do condutor;Colisão traseira;Com Vítimas Feridas;Amanhecer;Crescente;Céu Claro;Dupla;Reta;Sim;3;0;1;0;1;1;1;3;-22,7186126;-43,6992407;SPRF-RJ;DEL06-RJ;UOP02-DEL06-RJ
694324;28/05/2025;quarta-feira;16:00:00;BA;101;802;ITAMARAJU;Transitar na contramão;Colisão frontal;Com Vítimas Fatais;Pleno dia;Decrescente;Chuva;Simples;"Reta;Declive";Não;2;1;0;0;1;0;0;2;-16,982493;-39,552885;SPRF-BA;DEL09-BA;UOP01-DEL09-BA
694329;28/05/2025;quarta-feira;15:00:00;MS;163;76;ITAQUIRAI;Entrada inopinada do pedestre;Atropelamento de Pedestre;Com Vítimas Feridas;Pleno dia;Crescente;Nublado;Simples;Reta;Não;3;0;0;1;1;2;1;4;-23,489819;-54,184895;SPRF-MS;DEL09-MS;UOP01-DEL09-MS
694333;28/05/2025;quarta-feira;15:55:00;PR;376;668;GUARATUBA;Velocidade Incompatível;Tombamento;Com Vítimas Feridas;Pleno dia;Crescente;Céu Claro;Dupla;"Curva;Declive";Não;2;0;1;0;0;1;1;2;-25,86894;-48,93386571;SPRF-PR;DEL01-PR;UOP04-DEL01-PR
694335;28/05/2025;quarta-feira;19:40:00;MG;381;485;BETIM;Manobra de mudança de faixa;Colisão lateral mesmo sentido;Com Vítimas Feridas;Plena Noite;Decrescente;Céu Claro;Dupla;Reta;Sim;4;0;1;0;2;1;1;3;-19,95595833;-44,10219876;SPRF-MG;DEL01-MG;UOP03-DEL01-MG
694340;28/05/2025;quarta-feira;20:15:00;PR;476;22,8;ADRIANOPOLIS;Velocidade Incompatível;Capotamento;Com Vítimas Fatais;Plena Noite;Decrescente;Céu Claro;Simples;"Curva;Declive";Não;1;1;0;0;0;0;0;1;-24,77192335;-49,02962135;SPRF-PR;DEL01-PR;UOP01-DEL01-PR
694361;28/05/2025;quarta-feira;22:15:00;PR;376;522;PONTA GROSSA;Ausência de reação do condutor;Saída de leito carroçável;Com Vítimas Feridas;Plena Noite;Decrescente;Céu Claro;Dupla;Reta;Não;2;0;0;1;0;1;1;2;-25,2617741;-49,97732162;SPRF-PR;DEL03-PR;UOP04-DEL03-PR
694364;28/05/2025;quarta-feira;19:00:00;PA;222;206;BOM JESUS DO TOCANTINS;Transitar na contramão;Colisão lateral sentido oposto;Com Vítimas Feridas;Plena Noite;Crescente;Céu Claro;Simples;Reta;Não;4;0;1;1;1;1;2;3;-5,151725;-48,88244;SPRF-PA;DEL03-PA;UOP01-DEL03-PA
694366;28/05/2025;quarta-feira;23:40:00;BA;116;768;POCOES;Ausência de reação do condutor;Saída de leito carroçável;Com Vítimas Feridas;Plena Noite;Decrescente;Nublado;Simples;Reta;Não;2;0;1;0;0;1;1;2;-14,57072526;-40,42263917;SPRF-BA;DEL08-BA;UOP02-DEL08-BA
694373;28/05/2025;quarta-feira;11:15:00;SC;282;534,9;CHAPECO;Curva acentuada;Tombamento;Com Vítimas Feridas;Pleno dia;Crescente;Chuva;Dupla;"Interseção de Vias;Ponte;Curva;Aclive;Viaduto";Sim;4;0;3;0;0;1;3;2;-26,99966344;-52,6462419;SPRF-SC;DEL07-SC;UOP01-DEL07-SC
694379;29/05/2025;quinta-feira;04:17:00;SC;163;122,5;DIONISIO CERQUEIRA;Reação tardia ou ineficiente do condutor;Saída de leito carroçável;Sem Vítimas;Plena Noite;Decrescente;Garoa/Chuvisco;Simples;"Retorno Regulamentado;Curva";Não;2;0;0;0;1;1;0;2;-26,31086656;-53,54726169;SPRF-SC;DEL07-SC;UOP03-DEL07-SC
694390;29/05/2025;quinta-feira;07:23:00;PB;101;87;JOAO PESSOA;Suicídio (presumido);Atropelamento de Pedestre;Com Vítimas Feridas;Pleno dia;Crescente;Céu Claro;Dupla;Reta;Não;2;0;1;0;1;0;1;2;-7,159177;-34,906015;SPRF-PB;DEL01-PB;UOP01-DEL01-PB
694391;29/05/2025;quinta-feira;06:00:00;BA;242;442;SEABRA;Acessar a via sem observar a presença dos outros veículos;Colisão transversal;Sem Vítimas;Pleno dia;Crescente;Céu Claro;Simples;Interseção de Vias;Não;2;0;0;0;2;0;0;2;-12,39239092;-41,91773415;SPRF-BA;DEL06-BA;UOP01-DEL06-BA
694396;29/05/2025;quinta-feira;06:40:00;RS;392;97,3;MORRO REDONDO;Condutor Dormindo;Saída de leito carroçável;Com Vítimas Feridas;Plena Noite;Decrescente;Chuva;Simples;Reta;Não;2;0;1;0;0;2;1;3;-31,552275;-52,558108;SPRF-RS;DEL07-RS;UOP01-DEL07-RS
694408;09/04/2025;quarta-feira;16:15:00;RJ;101;112;CAMPOS DOS GOYTACAZES;Reação tardia ou ineficiente do condutor;Colisão lateral mesmo sentido;Com Vítimas Feridas;Anoitecer;Decrescente;Céu Claro;Dupla;Curva;Não;2;0;0;1;1;0;1;2;-21,966053;-41,651418;SPRF-RJ;DEL08-RJ;UOP02-DEL08-RJ
694409;17/05/2025;sábado;13:35:00;PR;369;414,4;JURANDA;Manobra de mudança de faixa;Colisão lateral mesmo sentido;Sem Vítimas;Pleno dia;Decrescente;Sol;Simples;Reta;Não;6;0;0;0;3;4;0;5;-24,4619343;-52,8603319;SPRF-PR;DEL04-PR;UOP03-DEL04-PR
694410;29/05/2025;quinta-feira;07:18:00;RO;364;239,1;CACOAL;Desrespeitar a preferência no cruzamento;Colisão transversal;Com Vítimas Feridas;Pleno dia;Crescente;Nublado;Simples;"Reta;Interseção de Vias";Sim;3;0;1;1;1;0;2;3;-11,433958;-61,463578;SPRF-RO;DEL02-RO;UOP02-DEL02-RO
694419;29/05/2025;quinta-feira;08:05:00;BA;116;667;JEQUIE;Acessar a via sem observar a presença dos outros veículos;Colisão transversal;Com Vítimas Feridas;Pleno dia;Decrescente;Céu Claro;Simples;Reta;Não;3;0;1;0;1;1;1;3;-13,820225;-40,111301;SPRF-BA;DEL03-BA;UOP01-DEL03-BA
694420;29/05/2025;quinta-feira;09:05:00;SC;101;424,6;ARARANGUA;Demais falhas mecânicas ou elétricas;Colisão transversal;Com Vítimas Feridas;Pleno dia;Decrescente;Chuva;Múltipla;Interseção de Vias;Não;3;0;1;0;1;1;1;3;-29,02353335;-49,59545938;SPRF-SC;DEL02-SC;UOP02-DEL02-SC
694427;29/05/2025;quinta-feira;10:05:00;RN;101;108;PARNAMIRIM;Acessar a via sem observar a presença dos outros veículos;Colisão lateral mesmo sentido;Com Vítimas Feridas;Pleno dia;Decrescente;Céu Claro;Dupla;Reta;Sim;2;0;1;0;1;0;1;2;-5,93287;-35,264757;SPRF-RN;DEL01-RN;UOP01-DEL01-RN
694429;29/05/2025;quinta-feira;09:20:00;PR;376;435,9;TIBAGI;Velocidade Incompatível;Tombamento;Com Vítimas Feridas;Pleno dia;Decrescente;Céu Claro;Dupla;"Curva;Desvio Temporário";Não;2;0;1;0;0;1;1;2;-24,782595;-50,512988;SPRF-PR;DEL03-PR;UOP02-DEL03-PR
694432;29/05/2025;quinta-feira;09:30:00;PE;232;58;POMBOS;Reação tardia ou ineficiente do condutor;Colisão traseira;Sem Vítimas;Pleno dia;Decrescente;Céu Claro;Dupla;Reta;Sim;4;0;0;0;2;2;0;3;-8,14616267;-35,3934416;SPRF-PE;DEL02-PE;UOP02-DEL02PE
694437;29/05/2025;quinta-feira;11:15:00;MG;381;2;BETIM;Ausência de reação do condutor;Colisão lateral mesmo sentido;Com Vítimas Feridas;Pleno dia;Crescente;Céu Claro;Dupla;Reta;Sim;4;0;1;0;3;0;1;4;-19,9965535;-44,2090293;SPRF-MG;DEL01-MG;UOP03-DEL01-MG
694443;29/05/2025;quinta-feira;10:20:00;PR;277;551,8;CATANDUVAS;Ausência de reação do condutor;Saída de leito carroçável;Com Vítimas Feridas;Pleno dia;Crescente;Céu Claro;Simples;"Reta;Aclive";Não;1;0;1;0;0;0;1;1;-25,095704;-53,12713623;SPRF-PR;DEL04-PR;UOP04-DEL04-PR
694445;29/05/2025;quinta-feira;12:05:00;PR;277;588,1;CASCAVEL;Condutor deixou de manter distância do veículo da frente;Engavetamento;Com Vítimas Feridas;Pleno dia;Crescente;Céu Claro;Simples;Reta;Sim;3;0;1;0;2;0;1;3;-24,97444;-53,4397;SPRF-PR;DEL04-PR;UOP01-DEL04-PR
694446;29/05/2025;quinta-feira;09:20:00;SC;101;127;ITAPEMA;Reação tardia ou ineficiente do condutor;Colisão traseira;Com Vítimas Feridas;Pleno dia;Decrescente;Céu Claro;Dupla;Reta;Sim;3;0;1;0;2;0;1;3;-27,0659524;-48,5955611;SPRF-SC;DEL04-SC;UOP04-DEL04-SC
694449;29/05/2025;quinta-feira;10:35:00;MS;163;708;RIO VERDE DE MATO GROSSO;Demais falhas mecânicas ou elétricas;Incêndio;Sem Vítimas;Pleno dia;Crescente;Céu Claro;Simples;Declive;Não;2;0;0;0;1;1;0;2;-18,677;-54,811;SPRF-MS;DEL06-MS;UOP01-DEL06-MS