id;data_inversa;dia_semana;horario;uf;br;km;municipio;causa_acidente;tipo_acidente;classificacao_acidente;fase_dia;sentido_via;condicao_metereologica;tipo_pista;tracado_via;uso_solo;pessoas;mortos;feridos_leves;feridos_graves;ilesos;ignorados;feridos;veiculos;latitude;longitude;regional;delegacia;uop
694453;29/05/2025;quinta-feira;12:04:00;SC;101;138;BALNEARIO CAMBORIU;Acessar a via sem observar a presença dos outros veículos;Colisão lateral mesmo sentido;Com Vítimas Feridas;Pleno dia;Crescente;Céu Claro;Dupla;Reta;Sim;3;0;0;1;1;1;1;3;-27,02581842;-48,6069688;SPRF-SC;DEL04-SC;UOP03-DEL04-SC
694457;25/05/2025;domingo;15:00:00;RJ;116;54;TERESOPOLIS;Ausência de reação do condutor;Incêndio;Sem Vítimas;Pleno dia;Decrescente;Sol;Simples;Reta;Não;1;0;0;0;1;0;0;1;-22,19852624;-42,86514736;SPRF-RJ;DEL04-RJ;UOP01-DEL04-RJ
694459;29/05/2025;quinta-feira;13:30:00;RJ;116;187;NOVA IGUACU;Ausência de reação do condutor;Colisão traseira;Com Vítimas Feridas;Pleno dia;Decrescente;Céu Claro;Dupla;Reta;Sim;3;0;1;0;1;1;1;3;-22,74285293;-43,45107526;SPRF-RJ;DEL06-RJ;UOP01-DEL06-RJ
694462;29/05/2025;quinta-feira;10:50:00;RJ;393;119;SAPUCAIA;Transitar no Acostamento;Atropelamento de Pedestre;Com Vítimas Feridas;Pleno dia;Decrescente;Céu Claro;Simples;"Curva;Desvio Temporário";Não;3;0;0;1;2;0;1;3;-22,0130307;-42,9528041;SPRF-RJ;DEL05-RJ;UOP01-DEL05-RJ
694463;29/05/2025;quinta-feira;11:40:00;RJ;116;101;GUAPIMIRIM;Condutor Dormindo;Colisão traseira;Com Vítimas Feridas;Pleno dia;Decrescente;Nublado;Simples;Curva;Não;3;0;1;0;1;2;1;4;-22,49585363;-43,00224178;SPRF-RJ;DEL04-RJ;UOP01-DEL04-RJ
694464;29/05/2025;quinta-feira;14:50:00;RS;470;226;GARIBALDI;Ultrapassagem Indevida;Colisão lateral mesmo sentido;Com Vítimas Feridas;Pleno dia;Crescente;Nublado;Simples;"Reta;Declive";Não;3;0;1;0;1;1;1;3;-29,253057;-51,512363;SPRF-RS;DEL06-RS;UOP01-DEL06-RS
694468;29/05/2025;quinta-feira;15:15:00;PE;101;55;PAULISTA;Condutor deixou de manter distância do veículo da frente;Colisão transversal;Com Vítimas Feridas;Pleno dia;Decrescente;Céu Claro;Dupla;Aclive;Não;3;0;2;0;1;0;2;2;-7,9509769;-34,9081435;SPRF-PE;DEL01-PE;UOP02-DEL01-PE
694471;29/05/2025;quinta-feira;08:30:00;RO;364;64;VILHENA;Frear bruscamente;Colisão traseira;Com Vítimas Feridas;Pleno dia;Decrescente;Céu Claro;Simples;Aclive;Não;8;0;2;0;5;2;2;5;-12,50512951;-60,46737671;SPRF-RO;DEL04-RO;UOP01-DEL04-RO
694475;29/05/2025;quinta-feira;12:50:00;MG;116;485;INHAPIM;Reação tardia ou ineficiente do condutor;Colisão traseira;Sem Vítimas;Pleno dia;Decrescente;Nublado;Simples;Reta;Não;2;0;0;0;2;0;0;2;-19,438733;-42,127848;SPRF-MG;DEL06-MG;UOP02-DEL06-MG
694478;29/05/2025;quinta-feira;14:40:00;SC;282;351;CAMPOS NOVOS;Velocidade Incompatível;Colisão transversal;Com Vítimas Feridas;Pleno dia;Crescente;Nublado;Simples;Rotatória;Não;7;0;5;1;0;1;6;3;-27,36130023;-51,30159108;SPRF-SC;DEL07-SC;UOP06-DEL07-SC
694484;29/05/2025;quinta-feira;16:10:00;PR;373;199,3;IPIRANGA;Acessar a via sem observar a presença dos outros veículos;Colisão transversal;Com Vítimas Fatais;Pleno dia;Decrescente;Sol;Simples;"Curva;Declive";Não;4;1;0;0;1;2;0;4;-25,08589;-50,410462;SPRF-PR;DEL03-PR;UOP01-DEL03-PR
694485;29/05/2025;quinta-feira;17:00:00;SP;116;165;JACAREI;Manobra de mudança de faixa;Colisão lateral mesmo sentido;Com Vítimas Feridas;Pleno dia;Crescente;Céu Claro;Múltipla;Reta;Sim;3;0;1;0;0;2;1;3;-23,29643666;-46,00747911;SPRF-SP;DEL02-SP;UOP01-DEL02-SP
694490;29/05/2025;quinta-feira;16:00:00;MT;70;9;BARRA DO GARCAS;Condutor Dormindo;Colisão traseira;Com Vítimas Feridas;Anoitecer;Decrescente;Céu Claro;Simples;"Reta;Declive";Sim;5;0;2;0;3;0;2;2;-15,878125;-52,316357;SPRF-MT;DEL07-MT;UOP01-DEL07-MT
694491;29/05/2025;quinta-feira;17:30:00;MG;116;723,1;MURIAE;Condutor Dormindo;Colisão lateral sentido oposto;Com Vítimas Feridas;Anoitecer;Crescente;Céu Claro;Simples;Curva;Não;3;0;1;1;1;0;2;2;-21,27295888;-42,40567088;SPRF-MG;DEL07-MG;UOP02-DEL07-MG
694492;29/05/2025;quinta-feira;16:10:00;RS;386;251,6;SOLEDADE;Acessar a via sem observar a presença dos outros veículos;Colisão transversal;Com Vítimas Feridas;Pleno dia;Crescente;Nublado;Simples;Reta;Não;3;0;2;0;1;0;2;2;-28,83837189;-52,45111666;SPRF-RS;DEL04-RS;UOP03-DEL04-RS
694503;29/05/2025;quinta-feira;17:00:00;RJ;101;81;CAMPOS DOS GOYTACAZES;Avarias e/ou desgaste excessivo no pneu;Eventos atípicos;Com Vítimas Feridas;Anoitecer;Decrescente;Céu Claro;Simples;Curva;Não;2;0;1;0;0;1;1;2;-21,83581158;-41,42087677;SPRF-RJ;DEL08-RJ;UOP02-DEL08-RJ
694509;29/05/2025;quinta-feira;17:55:00;AL;316;251,7;PILAR;Ingestão de álcool pelo condutor;Colisão lateral sentido oposto;Com Vítimas Feridas;Plena Noite;Crescente;Céu Claro;Dupla;Reta;Não;4;0;0;1;3;0;1;4;-9,56896646;-35,96793875;SPRF-AL;DEL02-AL;UOP01-DEL02-AL
694518;29/05/2025;quinta-feira;18:40:00;MG;116;287;TEOFILO OTONI;Transitar na contramão;Colisão transversal;Com Vítimas Feridas;Plena Noite;Decrescente;Céu Claro;Simples;Declive;Não;2;0;0;1;1;0;1;2;-17,938069;-41,527978;SPRF-MG;DEL11-MG;UOP01-DEL11-MG
694519;29/05/2025;quinta-feira;16:45:00;PR;153;56,7;GUAPIRAMA;Demais falhas mecânicas ou elétricas;Incêndio;Sem Vítimas;Pleno dia;Decrescente;Céu Claro;Simples;Reta;Não;2;0;0;0;1;1;0;2;-23,421708;-50,071886;SPRF-PR;DEL07-PR;UOP04-DEL07-PR
694522;29/05/2025;quinta-feira;20:35:00;MG;381;925,8;ITAPEVA;Ausência de reação do condutor;Colisão com objeto;Com Vítimas Fatais;Plena Noite;Crescente;Céu Claro;Dupla;"Aclive;Curva";Não;3;1;0;0;1;2;0;4;-22,7685598;-46,2053885;SPRF-MG;DEL16-MG;UOP03-DEL16-MG
694526;29/05/2025;quinta-feira;20:20:00;AL;101;148,5;JEQUIA DA PRAIA;Velocidade Incompatível;Saída de leito carroçável;Com Vítimas Feridas;Plena Noite;Crescente;Nublado;Dupla;"Curva;Declive";Não;1;0;1;0;0;0;1;1;-9,886277;-36,136365;SPRF-AL;DEL02-AL;UOP01-DEL02-AL
694534;29/05/2025;quinta-feira;20:20:00;MT;364;348;SANTO ANTONIO DO LEVERGER;Problema com o freio;Tombamento;Com Vítimas Feridas;Plena Noite;Crescente;Céu Claro;Simples;Reta;Não;2;0;1;0;0;1;1;2;-15,79324;-55,570917;SPRF-MT;DEL05-MT;UOP02-DEL05-MT
694537;29/05/2025;quinta-feira;17:00:00;MA;135;31;BACABEIRA;Reação tardia ou ineficiente do condutor;Saída de leito carroçável;Com Vítimas Feridas;Pleno dia;Decrescente;Sol;Dupla;Reta;Não;2;0;1;0;0;2;1;3;-2,817375;-44,37433;SPRF-MA;DEL01-MA;UOP01-DEL01-MA
694539;29/05/2025;quinta-feira;11:58:00;PE;104;119;PANELAS;Demais falhas mecânicas ou elétricas;Tombamento;Com Vítimas Feridas;Pleno dia;Decrescente;Céu Claro;Simples;Declive;Não;2;0;1;0;0;2;1;3;-8,690732;-36,02328;SPRF-PE;DEL02-PE;NPF/DEL02-PE
694541;29/05/2025;quinta-feira;22:15:00;SP;116;469,5;REGISTRO;Reação tardia ou ineficiente do condutor;Colisão traseira;Com Vítimas Feridas;Plena Noite;Crescente;Céu Claro;Dupla;Reta;Não;3;0;1;0;1;2;1;4;-24,4645888;-47,8216192;SPRF-SP;DEL05-SP;UOP01-DEL05-SP
694543;29/05/2025;quinta-feira;20:00:00;PR;376;304;MAUA DA SERRA;Ingestão de álcool pelo condutor;Colisão traseira;Sem Vítimas;Plena Noite;Crescente;Céu Claro;Dupla;Declive;Não;3;0;0;0;2;4;0;6;-23,93354;-51,13356;SPRF-PR;DEL07-PR;UOP02-DEL07-PR
694544;29/05/2025;quinta-feira;22:30:00;PR;277;530,9;GUARANIACU;Acessar a via sem observar a presença dos outros veículos;Colisão transversal;Com Vítimas Feridas;Plena Noite;Decrescente;Céu Claro;Simples;Reta;Não;3;0;1;0;1;2;1;4;-25,096852;-52,966961;SPRF-PR;DEL04-PR;UOP04-DEL04-PR
694547;29/05/2025;quinta-feira;21:22:00;PE;423;124;PARANATAMA;Ausência de reação do condutor;Colisão traseira;Com Vítimas Fatais;Plena Noite;Decrescente;Céu Claro;Simples;Declive;Não;6;1;1;2;1;1;3;3;-8,936312;-36,720658;SPRF-PE;DEL03-PE;UOP01-DEL03-PE
694552;30/05/2025;sexta-feira;01:35:00;PB;101;56;SANTA RITA;Reação tardia ou ineficiente do condutor;Saída de leito carroçável;Sem Vítimas;Plena Noite;Decrescente;Chuva;Dupla;Reta;Não;2;0;0;0;1;2;0;3;-6,97437901;-35,07952571;SPRF-PB;DEL01-PB;UOP03-DEL01-PB
694556;30/05/2025;sexta-feira;00:30:00;PR;376;185,1;SARANDI;Velocidade Incompatível;Saída de leito carroçável;Com Vítimas Feridas;Plena Noite;Decrescente;Céu Claro;Dupla;"Reta;Declive";Sim;5;0;0;1;2;2;1;5;-23,44658323;-51,86246395;SPRF-PR;DEL09-PR;UOP01-DEL09-PR
694561;30/05/2025;sexta-feira;00:40:00;PR;369;119,8;JATAIZINHO;Condutor Dormindo;Saída de leito carroçável;Com Vítimas Fatais;Plena Noite;Crescente;Céu Claro;Dupla;"Reta;Ponte;Declive";Não;2;1;0;0;0;1;0;2;-23,284799;-50,896716;SPRF-PR;DEL07-PR;UOP05-DEL07-PR
694564;30/05/2025;sexta-feira;03:36:00;MG;381;927,5;ITAPEVA;Ausência de reação do condutor;Tombamento;Com Vítimas Feridas;Plena Noite;Decrescente;Céu Claro;Dupla;Curva;Não;2;0;1;0;0;1;1;2;-22,7695123;-46,2298917;SPRF-MG;DEL16-MG;UOP03-DEL16-MG
694566;30/05/2025;sexta-feira;04:30:00;SC;101;110;NAVEGANTES;Velocidade Incompatível;Colisão traseira;Sem Vítimas;Plena Noite;Crescente;Céu Claro;Dupla;Curva;Sim;4;0;0;0;2;2;0;4;-26,835628;-48,710105;SPRF-SC;DEL03-SC;UOP02-DEL03-SC
694568;30/05/2025;sexta-feira;05:55:00;SE;101;1;PROPRIA;Condutor Dormindo;Atropelamento de Pedestre;Com Vítimas Feridas;Pleno dia;Crescente;Nublado;Dupla;Reta;Não;2;0;0;1;0;1;1;2;-10,21720301;-36,82471275;SPRF-SE;DEL02-SE;UOP02-DEL02-SE
694569;29/05/2025;quinta-feira;22:40:00;GO;153;518;HIDROLANDIA;Animais na Pista;Atropelamento de Animal;Sem Vítimas;Plena Noite;Decrescente;Céu Claro;Dupla;"Declive;Reta";Não;1;0;0;0;1;0;0;1;-16,860057;-49,24888;SPRF-GO;DEL01-GO;UOP03-DEL01-GO
694570;30/05/2025;sexta-feira;05:50:00;MS;163;527;JARAGUARI;Manobra de mudança de faixa;Colisão lateral sentido oposto;Sem Vítimas;Pleno dia;Crescente;Céu Claro;Simples;"Reta;Aclive";Não;3;0;0;0;2;1;0;3;-20,08509304;-54,4321429;SPRF-MS;DEL01-MS;UOP02-DEL01-MS
694572;30/05/2025;sexta-feira;05:05:00;SC;280;199,8;MAFRA;Problema com o freio;Incêndio;Sem Vítimas;Pleno dia;Crescente;Céu Claro;Simples;Reta;Não;2;0;0;0;1;1;0;2;-26,17450861;-50,07154075;SPRF-SC;DEL06-SC;UOP01-DEL06-SC
694591;30/05/2025;sexta-feira;07:26:00;AL;101;196,7;SAO SEBASTIAO;Ausência de reação do condutor;Tombamento;Com Vítimas Feridas;Amanhecer;Crescente;Céu Claro;Dupla;Reta;Não;3;0;1;0;0;2;1;3;-9,93317497;-36,51675224;SPRF-AL;DEL02-AL;UOP02-DEL02-AL
694595;30/05/2025;sexta-feira;08:20:00;BA;116;815,9;VITORIA DA CONQUISTA;Condutor deixou de manter distância do veículo da frente;Colisão traseira;Com Vítimas Feridas;Pleno dia;Crescente;Nublado;Simples;Reta;Sim;2;0;1;0;1;0;1;2;-14,8147;-40,8017;SPRF-BA;DEL08-BA;UOP01-DEL08-BA
694596;30/05/2025;sexta-feira;07:45:00;SP;116;155;SAO JOSE DOS CAMPOS;Trafegar com motocicleta (ou similar) entre as faixas;Colisão lateral mesmo sentido;Com Vítimas Feridas;Pleno dia;Decrescente;Nevoeiro/Neblina;Múltipla;"Declive;Reta";Não;3;0;1;0;1;1;1;3;-23,24333205;-45,92519615;SPRF-SP;DEL02-SP;UOP01-DEL02-SP
694603;30/05/2025;sexta-feira;08:40:00;ES;101;94;JAGUARE;Reação tardia ou ineficiente do condutor;Colisão traseira;Com Vítimas Feridas;Pleno dia;Crescente;Nublado;Simples;Reta;Sim;3;0;1;0;2;0;1;2;-18,93118263;-39,97336328;SPRF-ES;DEL04-ES;UOP02-DEL04-ES
694610;27/05/2025;terça-feira;09:30:00;RJ;116;173;SAO JOAO DE MERITI;Carga excessiva e/ou mal acondicionada;Tombamento;Com Vítimas Feridas;Pleno dia;Decrescente;Céu Claro;Dupla;Reta;Sim;2;0;0;1;1;0;1;1;-22,79896593;-43,35636226;SPRF-RJ;DEL06-RJ;UOP01-DEL06-RJ
694613;30/05/2025;sexta-feira;08:00:00;BA;242;752;CRISTOPOLIS;Acesso irregular;Colisão frontal;Com Vítimas Feridas;Pleno dia;Crescente;Céu Claro;Simples;"Declive;Reta";Não;3;0;1;0;1;1;1;3;-12,22589286;-44,42965418;SPRF-BA;DEL10-BA;UOP01-DEL10-BA
694621;30/05/2025;sexta-feira;10:30:00;BA;116;838;VITORIA DA CONQUISTA;Reação tardia ou ineficiente do condutor;Colisão traseira;Sem Vítimas;Pleno dia;Decrescente;Nublado;Simples;Reta;Não;3;0;0;0;2;1;0;3;-14,96601325;-40,90930939;SPRF-BA;DEL08-BA;UOP01-DEL08-BA
694628;30/05/2025;sexta-feira;11:00:00;MS;262;35,4;TRES LAGOAS;Pedestre andava na pista;Atropelamento de Pedestre;Com Vítimas Fatais;Pleno dia;Crescente;Céu Claro;Simples;Reta;Não;3;1;0;0;1;1;0;3;-20,78666044;-51,92851353;SPRF-MS;DEL07-MS;UOP01-DEL07-MS
694630;30/05/2025;sexta-feira;11:15:00;PE;232;121,7;CARUARU;Ausência de reação do condutor;Colisão traseira;Com Vítimas Feridas;Pleno dia;Decrescente;Garoa/Chuvisco;Dupla;"Reta;Aclive";Não;3;0;1;0;1;1;1;3;-8,300368;-35,910482;SPRF-PE;DEL02-PE;UOP01-DEL02-PE
694645;26/05/2025;segunda-feira;09:45:00;MG;381;723,9;CARMO DA CACHOEIRA;Reação tardia ou ineficiente do condutor;Colisão lateral mesmo sentido;Com Vítimas Feridas;Pleno dia;Crescente;Céu Claro;Dupla;"Declive;Reta";Sim;5;0;1;0;3;1;1;3;-21,45422695;-45,21165848;SPRF-MG;DEL04-MG;UOP02-DEL04-MG
694646;30/05/2025;sexta-feira;11:40:00;RO;364;710,6;PORTO VELHO;Acessar a via sem observar a presença dos outros veículos;Colisão traseira;Com Vítimas Feridas;Pleno dia;Decrescente;Céu Claro;Dupla;Reta;Sim;2;0;1;0;1;0;1;2;-8,78286439;-63,86335121;SPRF-RO;DEL01-RO;UOP01-DEL01-RO
694652;30/05/2025;sexta-feira;09:48:00;SC;116;98,3;MONTE CASTELO;Transitar na contramão;Colisão lateral sentido oposto;Com Vítimas Feridas;Pleno dia;Decrescente;Nublado;Simples;"Reta;Aclive";Não;4;0;0;2;1;2;2;5;-26,70018;-50,292854;SPRF-SC;DEL06-SC;UOP02-DEL06-SC
694665;30/05/2025;sexta-feira;15:30:00;SP;153;57,8;SAO JOSE DO RIO PRETO;Velocidade Incompatível;Colisão traseira;Com Vítimas Feridas;Pleno dia;Crescente;Céu Claro;Dupla;Reta;Sim;4;0;2;1;0;1;3;3;-20,8589707;-49,40524614;SPRF-SP;DEL09-SP;UOP01-DEL09-SP
694667;30/05/2025;sexta-feira;15:23:00;PR;369;483,9;CORBELIA;Acessar a via sem observar a presença dos outros veículos;Colisão transversal;Com Vítimas Feridas;Pleno dia;Decrescente;Sol;Dupla;Reta;Sim;3;0;1;0;1;1;1;2;-24,78955391;-53,28883974;SPRF-PR;DEL04-PR;UOP03-DEL04-PR
694669;30/05/2025;sexta-feira;14:30:00;PE;232;426;SERRA TALHADA;Pedestre cruzava a pista fora da faixa;Atropelamento de Pedestre;Com Vítimas Feridas;Pleno dia;Decrescente;Céu Claro;Simples;Reta;Não;4;0;2;0;1;3;2;6;-8,00183955;-38,43646919;SPRF-PE;DEL04-PE;UOP01-DEL04-PE
694672;19/05/2025;segunda-feira;04:50:00;CE;222;27;CAUCAIA;Frear bruscamente;Colisão traseira;Com Vítimas Feridas;Amanhecer;Crescente;Céu Claro;Dupla;Reta;Não;2;0;1;0;1;0;1;2;-3,71626363;-38,80886078;SPRF-CE;DEL01-CE;UOP01-DEL01-CE
694675;30/05/2025;sexta-feira;16:15:00;RS;101;24;TRES CACHOEIRAS;Estacionar ou parar em local proibido;Colisão transversal;Com Vítimas Feridas;Pleno dia;Crescente;Céu Claro;Dupla;Reta;Sim;2;0;0;1;1;0;1;2;-29,452425;-49,920425;SPRF-RS;DEL03-RS;UOP02-DEL03-RS
694680;30/05/2025;sexta-feira;11:00:00;MG;381;317,6;NOVA ERA;Velocidade Incompatível;Tombamento;Com Vítimas Feridas;Pleno dia;Crescente;Céu Claro;Simples;Curva;Não;2;0;1;0;0;1;1;2;-19,72350922;-43,00979286;SPRF-MG;DEL03-MG;UOP02-DEL03-MG
694683;30/05/2025;sexta-feira;12:40:00;GO;153;395,2;PIRENOPOLIS;Condutor deixou de manter distância do veículo da frente;Colisão traseira;Com Vítimas Feridas;Pleno dia;Crescente;Céu Claro;Simples;"Reta;Aclive";Sim;5;0;4;0;1;0;4;2;-16,01581129;-49,11543701;SPRF-GO;DEL02-GO;UOP02-DEL02-GO
694687;30/05/2025;sexta-feira;16:30:00;RS;116;229,9;NOVO HAMBURGO;Acessar a via sem observar a presença dos outros veículos;Colisão transversal;Com Vítimas Feridas;Pleno dia;Decrescente;Céu Claro;Dupla;"Reta;Retorno Regulamentado";Sim;2;0;1;0;1;0;1;2;-29,64996614;-51,14415765;SPRF-RS;DEL01-RS;UOP02-DEL01-RS
694689;30/05/2025;sexta-feira;11:00:00;RJ;101;385;RIO DE JANEIRO;Ausência de reação do condutor;Colisão lateral mesmo sentido;Com Vítimas Feridas;Pleno dia;Crescente;Céu Claro;Dupla;Reta;Não;3;0;2;0;1;0;2;3;-22,881228;-43,63489;SPRF-RJ;DEL03-RJ;UOP01-DEL03-RJ
694690;30/05/2025;sexta-feira;15:50:00;PR;476;317;PAULO FRONTIN;Manobra de mudança de faixa;Colisão frontal;Com Vítimas Feridas;Pleno dia;Crescente;Céu Claro;Simples;Curva;Não;5;0;4;0;1;0;4;2;-26,03719613;-50,70156097;SPRF-PR;DEL02-PR;UOP03-DEL02-PR
694696;30/05/2025;sexta-feira;16:10:00;RS;290;487,2;ROSARIO DO SUL;Ausência de reação do condutor;Colisão traseira;Com Vítimas Feridas;Pleno dia;Crescente;Céu Claro;Simples;Reta;Não;4;0;0;1;1;2;1;4;-30,21197909;-55,05489349;SPRF-RS;DEL11-RS;UOP02-DEL11-RS
694697;30/05/2025;sexta-feira;12:10:00;SC;470;204,2;PONTE ALTA;Reação tardia ou ineficiente do condutor;Tombamento;Com Vítimas Fatais;Pleno dia;Crescente;Céu Claro;Simples;"Curva;Declive";Não;3;1;1;0;0;1;1;2;-27,289425;-50,170192;SPRF-SC;DEL05-SC;UOP03-DEL05-SC
694704;30/05/2025;sexta-feira;14:42:00;RO;364;336;JI-PARANA;Ausência de reação do condutor;Engavetamento;Com Vítimas Feridas;Pleno dia;Decrescente;Sol;Simples;Declive;Não;5;0;1;0;4;0;1;5;-10,92882;-61,929575;SPRF-RO;DEL02-RO;UOP01-DEL02-RO
694705;30/05/2025;sexta-feira;17:00:00;ES;262;105;VENDA NOVA DO IMIGRANTE;Acessar a via sem observar a presença dos outros veículos;Colisão lateral mesmo sentido;Com Vítimas Feridas;Plena Noite;Crescente;Garoa/Chuvisco;Simples;Reta;Sim;5;0;1;0;3;1;1;4;-20,3267103;-41,145418;SPRF-ES;DEL01-ES;UOP02-DEL01-ES
694709;30/05/2025;sexta-feira;17:10:00;GO;153;499;GOIANIA;Reação tardia ou ineficiente do condutor;Colisão traseira;Com Vítimas Fatais;Pleno dia;Crescente;Céu Claro;Dupla;"Reta;Aclive";Sim;9;1;0;2;5;1;2;7;-16,5908459;-49,1828483;SPRF-GO;DEL01-GO;UOP01-DEL01-GO
694712;30/05/2025;sexta-feira;15:30:00;MG;262;473,8;BOM DESPACHO;Demais falhas mecânicas ou elétricas;Incêndio;Sem Vítimas;Pleno dia;Crescente;Céu Claro;Simples;Reta;Não;2;0;0;0;2;0;0;2;-19,788002;-45,229462;SPRF-MG;DEL08-MG;UOP03-DEL08-MG
694713;30/05/2025;sexta-feira;17:50:00;RS;470;153,2;NOVA PRATA;Conversão proibida;Colisão traseira;Com Vítimas Feridas;Anoitecer;Crescente;Céu Claro;Simples;Reta;Não;7;0;1;0;6;0;1;2;-28,76215635;-51,6256829;SPRF-RS;DEL06-RS;UOP02-DEL06-RS
694715;30/05/2025;sexta-feira;18:20:00;MG;40;459,8;CAETANOPOLIS;Carga excessiva e/ou mal acondicionada;Colisão com objeto;Com Vítimas Feridas;Plena Noite;Crescente;Céu Claro;Dupla;"Declive;Reta";Não;4;0;1;0;2;1;1;4;-19,393087;-44,334963;SPRF-MG;DEL02-MG;UOP01-DEL02-MG
694717;30/05/2025;sexta-feira;18:20:00;SC;282;20,4;PALHOCA;Retorno proibido;Colisão lateral mesmo sentido;Com Vítimas Fatais;Plena Noite;Crescente;Céu Claro;Simples;"Reta;Declive";Sim;4;1;1;0;2;0;1;2;-27,68738;-48,7139;SPRF-SC;DEL01-SC;UOP02-DEL01-SC
694724;30/05/2025;sexta-feira;17:25:00;MG;116;26;CACHOEIRA DE PAJEU;Demais falhas mecânicas ou elétricas;Incêndio;Sem Vítimas;Anoitecer;Crescente;Nublado;Simples;"Reta;Declive";Não;1;0;0;0;1;0;0;1;-15,882654;-41,423495;SPRF-MG;DEL11-MG;UOP02-DEL11-MG
694728;30/05/2025;sexta-feira;19:20:00;ES;101;278;SERRA;Demais falhas mecânicas ou elétricas;Colisão com objeto;Com Vítimas Feridas;Plena Noite;Decrescente;Nublado;Dupla;Reta;Sim;3;0;0;1;1;1;1;3;-20,2171155;-40,3302993;SPRF-ES;DEL02-ES;UOP01-DEL02-ES
694731;30/05/2025;sexta-feira;18:30:00;SC;101;286;IMBITUBA;Ausência de reação do condutor;Colisão traseira;Com Vítimas Feridas;Plena Noite;Decrescente;Céu Claro;Dupla;Reta;Sim;4;0;1;0;3;0;1;3;-28,2516;-48,701854;SPRF-SC;DEL02-SC;UOP03-DEL02-SC
694736;30/05/2025;sexta-feira;19:35:00;PR;116;43;CAMPINA GRANDE DO SUL;Ausência de reação do condutor;Saída de leito carroçável;Com Vítimas Feridas;Plena Noite;Decrescente;Nevoeiro/Neblina;Dupla;Curva;Não;1;0;1;0;0;0;1;1;-25,18470548;-48,88399649;SPRF-PR;DEL01-PR;UOP02-DEL01-PR
694746;30/05/2025;sexta-feira;19:40:00;SP;116;118,1;TAUBATE;Condutor deixou de manter distância do veículo da frente;Colisão lateral mesmo sentido;Com Vítimas Feridas;Plena Noite;Crescente;Céu Claro;Dupla;"Reta;Em Obras;Aclive";Não;3;0;0;1;1;2;1;4;-23,06331145;-45,62835571;SPRF-SP;DEL02-SP;UOP02-DEL02-SP
694748;30/05/2025;sexta-feira;20:45:00;RN;427;28,9;ACARI;Ingestão de álcool pelo condutor;Colisão traseira;Com Vítimas Feridas;Plena Noite;Decrescente;Céu Claro;Simples;"Reta;Declive";Sim;4;0;1;0;2;1;1;3;-6,44119567;-36,63807347;SPRF-RN;DEL03-RN;UOP01-DEL03-RN
694752;30/05/2025;sexta-feira;21:30:00;AL;104;63;MURICI;Reação tardia ou ineficiente do condutor;Saída de leito carroçável;Com Vítimas Feridas;Plena Noite;Crescente;Chuva;Simples;Curva;Não;1;0;1;0;0;0;1;1;-9,35439212;-35,87430954;SPRF-AL;DEL01-AL;UOP02-DEL01-AL
694757;30/05/2025;sexta-feira;16:15:00;MG;50;198,1;DELTA;Demais falhas mecânicas ou elétricas;Incêndio;Com Vítimas Feridas;Pleno dia;Crescente;Céu Claro;Múltipla;Reta;Não;2;0;1;0;0;2;1;3;-19,91548906;-47,82963395;SPRF-MG;DEL13-MG;UOP01-DEL13-MG
694758;30/05/2025;sexta-feira;20:40:00;MG;116;583,6;MANHUACU;Ausência de reação do condutor;Colisão traseira;Com Vítimas Feridas;Plena Noite;Decrescente;Nublado;Simples;"Curva;Declive";Não;2;0;1;0;0;1;1;2;-20,22492;-42,177895;SPRF-MG;DEL06-MG;UOP03-DEL06-MG
694771;30/05/2025;sexta-feira;21:30:00;MG;153;5;ARAPORA;Demais falhas mecânicas ou elétricas;Incêndio;Sem Vítimas;Plena Noite;Crescente;Céu Claro;Dupla;Reta;Não;2;0;0;0;1;2;0;3;-18,465485;-49,188287;SPRF-MG;DEL15-MG;UOP03-DEL15-MG
694772;30/05/2025;sexta-feira;23:20:00;GO;50;157,9;CAMPO ALEGRE DE GOIAS;Ausência de reação do condutor;Saída de leito carroçável;Com Vítimas Feridas;Plena Noite;Crescente;Céu Claro;Dupla;Reta;Não;2;0;1;0;0;1;1;2;-17,236007;-47,761983;SPRF-GO;DEL06-GO;UOP01-DEL06-GO
694783;30/05/2025;sexta-feira;22:30:00;RO;364;380;OURO PRETO DO OESTE;Transitar na contramão;Colisão frontal;Com Vítimas Fatais;Plena Noite;Decrescente;Céu Claro;Simples;Reta;Não;5;1;0;1;3;0;1;2;-10,7315486;-62,2290995;SPRF-RO;DEL02-RO;UOP01-DEL02-RO
694784;30/05/2025;sexta-feira;20:30:00;MT;163;733;SORRISO;Ingestão de álcool pelo condutor;Colisão lateral sentido oposto;Com Vítimas Feridas;Plena Noite;Decrescente;Céu Claro;Simples;Reta;Não;3;0;0;1;1;2;1;4;-12,69895685;-55,81209183;SPRF-MT;DEL06-MT;UOP01-DEL06-MT
694785;30/05/2025;sexta-feira;22:20:00;BA;116;801;VITORIA DA CONQUISTA;Ausência de reação do condutor;Tombamento;Com Vítimas Feridas;Plena Noite;Decrescente;Garoa/Chuvisco;Simples;"Reta;Declive";Não;2;0;0;1;0;2;1;3;-14,753002;-40,683225;SPRF-BA;DEL08-BA;UOP02-DEL08-BA
694787;30/05/2025;sexta-feira;23:30:00;GO;153;514;APARECIDA DE GOIANIA;Ausência de reação do condutor;Colisão traseira;Com Vítimas Feridas;Plena Noite;Crescente;Ignorado;Dupla;Reta;Sim;3;0;0;1;2;0;1;2;-16,82562882;-49,24217172;SPRF-GO;DEL01-GO;UOP03-DEL01-GO