id;data_inversa;dia_semana;horario;uf;br;km;municipio;causa_acidente;tipo_acidente;classificacao_acidente;fase_dia;sentido_via;condicao_metereologica;tipo_pista;tracado_via;uso_solo;pessoas;mortos;feridos_leves;feridos_graves;ilesos;ignorados;feridos;veiculos;latitude;longitude;regional;delegacia;uop
694794;31/05/2025;sábado;01:35:00;SP;116;463,2;PARIQUERA-ACU;Acesso irregular;Colisão traseira;Com Vítimas Feridas;Plena Noite;Decrescente;Céu Claro;Dupla;Reta;Não;3;0;0;1;1;1;1;3;-24,63192161;-47,90529625;SPRF-SP;DEL05-SP;UOP01-DEL05-SP
694796;30/05/2025;sexta-feira;23:00:00;BA;116;328;ARACI;Condutor Dormindo;Colisão frontal;Com Vítimas Feridas;Plena Noite;Crescente;Garoa/Chuvisco;Simples;Reta;Não;3;0;2;0;1;0;2;2;-11,36897104;-38,9636226;SPRF-BA;DEL02-BA;UOP01-DEL02-BA
694797;31/05/2025;sábado;02:40:00;MG;40;650;CRISTIANO OTONI;Transitar na contramão;Colisão frontal;Com Vítimas Feridas;Plena Noite;Decrescente;Nevoeiro/Neblina;Simples;Reta;Não;3;0;1;0;1;1;1;3;-20,837703;-43,800773;SPRF-MG;DEL05-MG;UOP02-DEL05-MG
694809;31/05/2025;sábado;03:48:00;BA;367;30;PORTO SEGURO;Transitar na contramão;Colisão frontal;Com Vítimas Fatais;Plena Noite;Crescente;Nublado;Simples;Curva;Não;3;2;1;0;0;0;1;2;-16,4156199;-39,1196212;SPRF-BA;DEL09-BA;UOP03-DEL09-BA
694810;31/05/2025;sábado;05:25:00;SE;235;47,4;ITABAIANA;Animais na Pista;Colisão lateral mesmo sentido;Sem Vítimas;Amanhecer;Decrescente;Céu Claro;Simples;Reta;Sim;2;0;0;0;2;0;0;2;-10,729253;-37,41348839;SPRF-SE;DEL01-SE;UOP02-DEL01-SE
694811;31/05/2025;sábado;04:35:00;PE;232;413;SERRA TALHADA;Ultrapassagem Indevida;Colisão frontal;Com Vítimas Feridas;Amanhecer;Crescente;Céu Claro;Simples;Reta;Não;3;0;1;1;0;2;2;4;-7,984214;-38,321891;SPRF-PE;DEL04-PE;UOP01-DEL04-PE
694813;31/05/2025;sábado;04:50:00;RJ;40;113;DUQUE DE CAXIAS;Condutor Dormindo;Colisão traseira;Com Vítimas Feridas;Plena Noite;Decrescente;Céu Claro;Dupla;Reta;Sim;2;0;1;0;1;0;1;2;-22,80904276;-43,28808595;SPRF-RJ;DEL01-RJ;UOP02-DEL01-RJ
694824;31/05/2025;sábado;06:50:00;BA;101;858;TEIXEIRA DE FREITAS;Problema com o freio;Saída de leito carroçável;Com Vítimas Feridas;Pleno dia;Decrescente;Garoa/Chuvisco;Simples;Reta;Não;1;0;1;0;0;0;1;1;-17,389599;-39,665057;SPRF-BA;DEL09-BA;UOP02-DEL09-BA
694825;31/05/2025;sábado;05:20:00;RR;174;462;BOA VISTA;Ultrapassagem Indevida;Colisão frontal;Com Vítimas Feridas;Amanhecer;Decrescente;Nublado;Simples;Reta;Não;5;0;1;1;2;1;2;3;2,5505556;-60,87710059;SPRF-RR;DEL01-RR;UOP01-DEL01-RR
694828;31/05/2025;sábado;06:25:00;BA;116;417;FEIRA DE SANTANA;Área urbana sem a presença de local apropriado para a travessia de pedestres;Atropelamento de Pedestre;Com Vítimas Feridas;Pleno dia;Crescente;Sol;Dupla;Reta;Sim;2;0;0;1;1;0;1;2;-12,18386178;-38,96531591;SPRF-BA;DEL02-BA;UOP01-DEL02-BA
694829;31/05/2025;sábado;03:50:00;PE;428;147,9;PETROLINA;Ingestão de álcool pelo condutor;Colisão lateral sentido oposto;Com Vítimas Feridas;Plena Noite;Crescente;Céu Claro;Simples;Reta;Não;4;0;0;1;2;1;1;3;-9,055906;-40,302996;SPRF-PE;DEL06-PE;UOP01-DEL06-PE
694838;31/05/2025;sábado;07:45:00;CE;116;13;FORTALEZA;Acessar a via sem observar a presença dos outros veículos;Colisão transversal;Com Vítimas Feridas;Pleno dia;Decrescente;Chuva;Múltipla;Interseção de Vias;Sim;2;0;0;1;1;0;1;2;-3,8626638;-38,4970647;SPRF-CE;DEL01-CE;UOP02-DEL01-CE
694859;31/05/2025;sábado;08:35:00;PR;277;692;SAO MIGUEL DO IGUACU;Problema com o freio;Incêndio;Sem Vítimas;Pleno dia;Decrescente;Céu Claro;Dupla;"Reta;Declive";Não;2;0;0;0;1;1;0;2;-25,370264;-54,266235;SPRF-PR;DEL05-PR;UOP01-DEL05-PR
694872;31/05/2025;sábado;09:45:00;MG;50;115,9;UBERABA;Demais falhas mecânicas ou elétricas;Tombamento;Com Vítimas Feridas;Pleno dia;Decrescente;Céu Claro;Dupla;"Viaduto;Curva";Não;2;0;1;0;0;2;1;3;-19,726336;-47,9199232;SPRF-MG;DEL13-MG;UOP01-DEL13-MG
694874;31/05/2025;sábado;09:30:00;PR;376;675;GUARATUBA;Problema com o freio;Incêndio;Sem Vítimas;Pleno dia;Crescente;Céu Claro;Dupla;Reta;Não;2;0;0;0;1;1;0;2;-25,926774;-48,913708;SPRF-PR;DEL01-PR;UOP04-DEL01-PR
694877;31/05/2025;sábado;06:00:00;ES;101;150,8;IBATIBA;Problema com o freio;Tombamento;Com Vítimas Feridas;Amanhecer;Decrescente;Céu Claro;Simples;Declive;Não;2;0;1;0;0;1;1;2;-20,215768;-41,447737;SPRF-ES;DEL04-ES;UOP01-DEL04-ES
694882;31/05/2025;sábado;11:40:00;MG;381;491;BETIM;Ausência de reação do condutor;Colisão traseira;Com Vítimas Feridas;Pleno dia;Decrescente;Céu Claro;Dupla;Reta;Sim;2;0;1;0;1;0;1;2;-19,95880608;-44,15127884;SPRF-MG;DEL01-MG;UOP03-DEL01-MG
694887;31/05/2025;sábado;12:00:00;RS;386;27,9;FREDERICO WESTPHALEN;Acessar a via sem observar a presença dos outros veículos;Colisão lateral sentido oposto;Com Vítimas Feridas;Pleno dia;Crescente;Nevoeiro/Neblina;Simples;Curva;Sim;5;0;0;1;3;2;1;5;-27,3095267;-53,3775124;SPRF-RS;DEL08-RS;UOP02-DEL08-RS
694895;31/05/2025;sábado;13:10:00;RS;290;186,5;MINAS DO LEAO;Demais falhas mecânicas ou elétricas;Incêndio;Sem Vítimas;Pleno dia;Decrescente;Céu Claro;Simples;Curva;Não;2;0;0;0;1;1;0;2;-30,1521383;-52,0809867;SPRF-RS;DEL02-RS;UOP03-DEL02-RS
694896;31/05/2025;sábado;13:46:00;MG;262;423;IGARATINGA;Reação tardia ou ineficiente do condutor;Colisão traseira;Com Vítimas Feridas;Pleno dia;Decrescente;Céu Claro;Dupla;"Reta;Aclive";Não;4;0;2;0;1;1;2;3;-19,8889;-44,7994;SPRF-MG;DEL08-MG;UOP03-DEL08-MG
694900;31/05/2025;sábado;10:30:00;MG;381;316;NOVA ERA;Velocidade Incompatível;Tombamento;Com Vítimas Feridas;Pleno dia;Crescente;Céu Claro;Simples;"Curva;Declive";Não;3;0;2;0;0;1;2;2;-19,67527227;-42,97773242;SPRF-MG;DEL03-MG;UOP02-DEL03-MG
694907;31/05/2025;sábado;13:45:00;MS;262;32,2;TRES LAGOAS;Demais falhas mecânicas ou elétricas;Colisão com objeto;Com Vítimas Fatais;Pleno dia;Crescente;Céu Claro;Simples;Reta;Não;4;1;0;0;2;1;0;2;-20,794184;-51,898122;SPRF-MS;DEL07-MS;UOP01-DEL07-MS
694908;31/05/2025;sábado;14:00:00;PR;277;593,2;CASCAVEL;Demais falhas mecânicas ou elétricas;Saída de leito carroçável;Com Vítimas Feridas;Pleno dia;Decrescente;Céu Claro;Simples;"Reta;Aclive";Sim;3;0;1;1;0;1;2;2;-24,98;-53,488;SPRF-PR;DEL04-PR;UOP01-DEL04-PR
694910;31/05/2025;sábado;14:40:00;RJ;101;64;CAMPOS DOS GOYTACAZES;Condutor deixou de manter distância do veículo da frente;Colisão traseira;Com Vítimas Feridas;Pleno dia;Crescente;Céu Claro;Simples;Reta;Sim;4;0;1;0;1;2;1;3;-21,750715;-41,337841;SPRF-RJ;DEL08-RJ;UOP02-DEL08-RJ
694918;31/05/2025;sábado;15:20:00;RN;304;242;RIACHUELO;Acessar a via sem observar a presença dos outros veículos;Colisão lateral mesmo sentido;Com Vítimas Feridas;Anoitecer;Crescente;Céu Claro;Simples;Reta;Sim;3;0;1;0;1;1;1;3;-5,805567;-35,82947;SPRF-RN;DEL01-RN;UOP02-DEL01-RN
694919;31/05/2025;sábado;13:30:00;MA;10;246;IMPERATRIZ;Acessar a via sem observar a presença dos outros veículos;Colisão traseira;Com Vítimas Feridas;Pleno dia;Decrescente;Céu Claro;Simples;Reta;Sim;4;0;3;0;1;0;3;2;-5,5765469;-47,4421336;SPRF-MA;DEL04-MA;UOP01-DEL04-MA
694923;31/05/2025;sábado;13:30:00;GO;20;198,3;SIMOLANDIA;Demais falhas mecânicas ou elétricas;Incêndio;Sem Vítimas;Pleno dia;Crescente;Céu Claro;Dupla;"Reta;Aclive";Não;2;0;0;0;1;2;0;3;-14,4514139;-46,4691648;SPRF-DF;DEL02-DF;UOP03-DEL02-DF
694929;31/05/2025;sábado;13:07:00;RJ;116;229;PIRAI;Problema com o freio;Colisão lateral mesmo sentido;Com Vítimas Feridas;Pleno dia;Decrescente;Céu Claro;Simples;"Curva;Declive";Não;4;0;1;0;2;2;1;5;-22,67937138;-43,83656502;SPRF-RJ;DEL07-RJ;UOP01-DEL07-RJ
694943;31/05/2025;sábado;12:17:00;MT;174;161;GLORIA DOESTE;Velocidade Incompatível;Colisão traseira;Com Vítimas Feridas;Pleno dia;Crescente;Céu Claro;Simples;Reta;Não;3;0;1;0;1;3;1;5;-15,808;-58,398;SPRF-MT;DEL03-MT;UOP01-DEL03-MT
694974;31/05/2025;sábado;17:00:00;RJ;101;271;RIO BONITO;Ausência de reação do condutor;Atropelamento de Pedestre;Com Vítimas Fatais;Anoitecer;Crescente;Céu Claro;Dupla;Curva;Sim;4;1;0;0;1;4;0;6;-22,72441;-42,69413;SPRF-RJ;DEL02-RJ;UOP03-DEL02-RJ
694981;31/05/2025;sábado;20:40:00;MG;116;676,2;MIRADOURO;Ausência de reação do condutor;Colisão frontal;Com Vítimas Fatais;Plena Noite;Decrescente;Nublado;Simples;Reta;Não;4;2;0;0;1;1;0;3;-20,91727015;-42,34448433;SPRF-MG;DEL07-MG;UOP02-DEL07-MG
694990;31/05/2025;sábado;13:47:00;PR;116;89;PIRAQUARA;Ingestão de álcool pelo condutor;Colisão lateral mesmo sentido;Sem Vítimas;Pleno dia;Decrescente;Céu Claro;Dupla;Reta;Não;5;0;0;0;3;2;0;4;-25,483151;-49,106637;SPRF-PR;DEL01-PR;UOP07-DEL01-PR
694994;31/05/2025;sábado;15:04:00;RO;435;98,8;COLORADO DO OESTE;Transitar na contramão;Colisão lateral sentido oposto;Com Vítimas Feridas;Pleno dia;Decrescente;Céu Claro;Simples;Aclive;Não;3;0;1;0;1;3;1;5;-13,18607154;-60,60051467;SPRF-RO;DEL04-RO;UOP02-DEL04-RO
694997;31/05/2025;sábado;17:15:00;MG;153;135;PRATA;Ultrapassagem Indevida;Colisão lateral sentido oposto;Com Vítimas Fatais;Pleno dia;Crescente;Céu Claro;Simples;"Curva;Declive";Não;6;1;0;0;3;7;0;11;-19,519989;-48,834254;SPRF-MG;DEL15-MG;UOP03-DEL15-MG
695015;31/05/2025;sábado;22:05:00;SC;282;397;JOACABA;Ingestão de álcool pelo condutor;Colisão transversal;Com Vítimas Feridas;Plena Noite;Crescente;Céu Claro;Simples;Rotatória;Não;2;0;1;0;1;0;1;2;-27,1511388;-51,6016313;SPRF-SC;DEL07-SC;UOP05-DEL07-SC
695024;31/05/2025;sábado;20:05:00;RJ;101;184;CASIMIRO DE ABREU;Carga excessiva e/ou mal acondicionada;Tombamento;Com Vítimas Feridas;Plena Noite;Crescente;Céu Claro;Simples;Curva;Não;2;0;1;0;0;1;1;2;-22,42986904;-42,03135447;SPRF-RJ;DEL08-RJ;UOP04-DEL08-RJ
695037;31/05/2025;sábado;18:30:00;MT;364;446;VARZEA GRANDE;Transitar na contramão;Colisão frontal;Com Vítimas Feridas;Plena Noite;Crescente;Céu Claro;Simples;Reta;Não;4;0;0;1;2;3;1;6;-15,56705475;-56,25711892;SPRF-MT;DEL01-MT;UOP02-DEL01-MT
695053;01/06/2025;domingo;03:00:00;MS;163;689;RIO VERDE DE MATO GROSSO;Condutor Dormindo;Saída de leito carroçável;Com Vítimas Feridas;Pleno dia;Decrescente;Céu Claro;Simples;"Reta;Aclive";Não;3;0;1;0;1;1;1;2;-18,84876474;-54,81863849;SPRF-MS;DEL06-MS;UOP01-DEL06-MS
695055;01/06/2025;domingo;01:55:00;MT;364;178;PEDRA PRETA;Ingestão de álcool pelo condutor;Colisão lateral mesmo sentido;Com Vítimas Feridas;Plena Noite;Decrescente;Céu Claro;Simples;Reta;Não;3;0;1;0;2;0;1;2;-16,595705;-54,505581;SPRF-MT;DEL02-MT;UOP01-DEL02-MT
695061;01/06/2025;domingo;05:45:00;GO;50;187;CAMPO ALEGRE DE GOIAS;Problema com o freio;Incêndio;Sem Vítimas;Pleno dia;Decrescente;Céu Claro;Dupla;Reta;Sim;2;0;0;0;1;1;0;2;-17,469354;-47,812049;SPRF-GO;DEL06-GO;UOP01-DEL06-GO
695070;01/06/2025;domingo;07:00:00;SP;381;9;VARGEM;Ausência de reação do condutor;Colisão lateral mesmo sentido;Sem Vítimas;Pleno dia;Decrescente;Céu Claro;Dupla;Reta;Não;3;0;0;0;1;2;0;3;-22,919535;-46,436382;SPRF-SP;DEL03-SP;UOP02-DEL03-SP
695083;05/04/2025;sábado;05:00:00;MG;381;865,6;POUSO ALEGRE;Ausência de reação do condutor;Colisão traseira;Com Vítimas Feridas;Plena Noite;Crescente;Céu Claro;Múltipla;Reta;Não;6;0;1;0;3;2;1;4;-22,29544968;-45,89538574;SPRF-MG;DEL16-MG;UOP01-DEL16-MG
695088;01/06/2025;domingo;05:50:00;MG;381;564,5;ITAGUARA;Ausência de reação do condutor;Saída de leito carroçável;Com Vítimas Feridas;Amanhecer;Decrescente;Nublado;Dupla;Reta;Sim;1;0;0;1;0;0;1;1;-20,39263782;-44,49550565;SPRF-MG;DEL04-MG;UOP03-DEL04-MG
695096;01/06/2025;domingo;08:30:00;PR;369;151,9;LONDRINA;Ingestão de álcool pelo condutor;Colisão lateral mesmo sentido;Com Vítimas Feridas;Pleno dia;Crescente;Céu Claro;Dupla;Reta;Sim;6;0;1;0;4;1;1;3;-23,29271;-51,18056;SPRF-PR;DEL07-PR;UOP01-DEL07-PR
695106;01/06/2025;domingo;03:00:00;SE;235;90;FREI PAULO;Condutor Dormindo;Colisão lateral sentido oposto;Com Vítimas Feridas;Plena Noite;Crescente;Nevoeiro/Neblina;Simples;Reta;Não;6;0;2;4;0;0;6;2;-10,58357852;-37,61697025;SPRF-SE;DEL01-SE;UOP02-DEL01-SE
695124;01/06/2025;domingo;12:20:00;PR;116;54,5;CAMPINA GRANDE DO SUL;Ingestão de álcool pelo condutor;Tombamento;Com Vítimas Feridas;Pleno dia;Decrescente;Céu Claro;Dupla;Reta;Não;2;0;1;0;0;1;1;2;-25,269928;-48,918874;SPRF-PR;DEL01-PR;UOP02-DEL01-PR
695127;01/06/2025;domingo;13:05:00;MS;158;88,1;PARANAIBA;Transitar na contramão;Colisão lateral sentido oposto;Com Vítimas Fatais;Pleno dia;Crescente;Sol;Simples;Reta;Não;4;1;0;0;2;1;0;3;-19,56968344;-51,23975627;SPRF-MS;DEL08-MS;UOP01-DEL08-MS
695128;01/06/2025;domingo;12:15:00;PR;277;588,3;CASCAVEL;Mal súbito do condutor;Colisão frontal;Com Vítimas Feridas;Pleno dia;Decrescente;Céu Claro;Simples;Reta;Sim;4;0;2;0;1;3;2;5;-24,9768198;-53,447691;SPRF-PR;DEL04-PR;UOP01-DEL04-PR
695140;01/06/2025;domingo;05:30:00;BA;116;539;ITATIM;Ultrapassagem Indevida;Colisão traseira;Com Vítimas Feridas;Pleno dia;Crescente;Céu Claro;Simples;Reta;Não;6;0;1;0;3;5;1;9;-12,80975;-39,82382;SPRF-BA;DEL03-BA;UOP02-DEL03-BA
695142;01/06/2025;domingo;10:10:00;MG;116;456,6;ENGENHEIRO CALDAS;Acessar a via sem observar a presença dos outros veículos;Colisão transversal;Com Vítimas Feridas;Pleno dia;Crescente;Céu Claro;Simples;"Interseção de Vias;Reta;Aclive";Não;6;0;1;0;4;1;1;3;-19,23653865;-42,05390059;SPRF-MG;DEL06-MG;UOP02-DEL06-MG
695143;01/06/2025;domingo;09:30:00;BA;110;127;CICERO DANTAS;Ausência de reação do condutor;Colisão lateral sentido oposto;Com Vítimas Feridas;Pleno dia;Crescente;Sol;Simples;"Curva;Aclive";Não;2;0;0;1;0;1;1;2;-10,475696;-38,377272;SPRF-BA;DEL07-BA;UOP02-DEL07-BA
695144;01/06/2025;domingo;14:50:00;MS;163;533,9;JARAGUARI;Ausência de reação do condutor;Colisão traseira;Com Vítimas Feridas;Pleno dia;Crescente;Céu Claro;Múltipla;Reta;Não;5;0;3;0;2;0;3;2;-20,04037022;-54,41235678;SPRF-MS;DEL01-MS;UOP02-DEL01-MS
695152;01/06/2025;domingo;15:00:00;PR;277;118;CAMPO LARGO;Demais falhas mecânicas ou elétricas;Incêndio;Sem Vítimas;Pleno dia;Crescente;Céu Claro;Dupla;Curva;Sim;2;0;0;0;1;1;0;2;-25,436661;-49,444217;SPRF-PR;DEL03-PR;UOP03-DEL03-PR
695158;01/06/2025;domingo;17:00:00;MG;262;691,9;ARAXA;Ausência de reação do condutor;Colisão transversal;Com Vítimas Feridas;Pleno dia;Decrescente;Céu Claro;Simples;"Reta;Declive";Não;4;0;0;2;1;3;2;6;-19,55243;-46,960764;SPRF-MG;DEL08-MG;UOP01-DEL08-MG
695160;01/06/2025;domingo;15:40:00;TO;153;246,1;COLINAS DO TOCANTINS;Acessar a via sem observar a presença dos outros veículos;Colisão lateral mesmo sentido;Com Vítimas Feridas;Pleno dia;Crescente;Céu Claro;Múltipla;"Reta;Retorno Regulamentado";Sim;4;0;0;1;2;1;1;3;-8,051115;-48,466448;SPRF-TO;DEL02-TO;UOP02-DEL02-TO
695168;01/06/2025;domingo;16:40:00;MG;116;574;MANHUACU;Velocidade Incompatível;Tombamento;Com Vítimas Feridas;Pleno dia;Crescente;Céu Claro;Simples;Curva;Não;2;0;1;0;0;1;1;2;-20,14648;-42,185638;SPRF-MG;DEL06-MG;UOP03-DEL06-MG
695175;01/06/2025;domingo;16:30:00;BA;116;803,5;VITORIA DA CONQUISTA;Ausência de reação do condutor;Colisão traseira;Com Vítimas Feridas;Pleno dia;Decrescente;Nublado;Simples;Reta;Não;4;0;3;0;0;1;3;2;-14,7637291;-40,70388503;SPRF-BA;DEL08-BA;UOP02-DEL08-BA
695177;01/06/2025;domingo;14:50:00;SC;470;118,6;IBIRAMA;Ausência de reação do condutor;Tombamento;Com Vítimas Feridas;Pleno dia;Decrescente;Céu Claro;Simples;"Reta;Interseção de Vias";Não;2;0;1;0;0;1;1;2;-27,082176;-49,511818;SPRF-SC;DEL04-SC;UOP02-DEL04-SC
695179;01/06/2025;domingo;17:50:00;MG;40;509;RIBEIRAO DAS NEVES;Reação tardia ou ineficiente do condutor;Colisão traseira;Com Vítimas Feridas;Plena Noite;Crescente;Céu Claro;Dupla;"Reta;Declive";Sim;5;0;1;0;3;1;1;5;-19,77122679;-44,12626505;SPRF-MG;DEL01-MG;UOP02-DEL01-MG
695180;01/06/2025;domingo;18:30:00;SP;153;122,3;UBARANA;Transitar na contramão;Colisão frontal;Com Vítimas Fatais;Plena Noite;Crescente;Céu Claro;Simples;Reta;Não;3;1;0;0;1;1;0;3;-21,1868096;-49,7235157;SPRF-SP;DEL09-SP;UOP01-DEL09-SP
695192;01/06/2025;domingo;18:45:00;MG;40;746,3;SANTOS DUMONT;Velocidade Incompatível;Saída de leito carroçável;Com Vítimas Feridas;Plena Noite;Crescente;Nublado;Simples;Curva;Não;2;0;1;0;1;0;1;2;-21,472;-43,552;SPRF-MG;DEL05-MG;UOP01-DEL05-MG
695198;01/06/2025;domingo;07:15:00;MT;364;501;JANGADA;Reação tardia ou ineficiente do condutor;Colisão traseira;Com Vítimas Feridas;Pleno dia;Crescente;Céu Claro;Simples;Reta;Não;3;0;1;0;2;0;1;2;-15,182019;-56,520701;SPRF-MT;DEL01-MT;UOP01-DEL01-MT
695203;01/06/2025;domingo;15:40:00;MT;163;956;NOVA SANTA HELENA;Ausência de reação do condutor;Colisão traseira;Com Vítimas Feridas;Pleno dia;Crescente;Céu Claro;Simples;Reta;Sim;5;0;1;0;3;3;1;5;-10,84119;-55,18432;SPRF-MT;DEL06-MT;UOP02-DEL06-MT
695208;01/06/2025;domingo;18:30:00;SP;116;292;ITAPECERICA DA SERRA;Ausência de reação do condutor;Colisão traseira;Com Vítimas Feridas;Plena Noite;Decrescente;Céu Claro;Dupla;Reta;Sim;6;0;1;0;4;1;1;4;-23,7002616;-46,8689378;SPRF-SP;DEL04-SP;UOP01-DEL04-SP
695216;01/06/2025;domingo;15:15:00;PR;376;323;ORTIGUEIRA;Velocidade Incompatível;Tombamento;Com Vítimas Feridas;Pleno dia;Crescente;Céu Claro;Simples;Curva;Não;2;0;1;0;0;2;1;3;-24,044;-51,078;SPRF-PR;DEL07-PR;UOP02-DEL07-PR
695221;01/06/2025;domingo;20:30:00;PI;316;2,7;TERESINA;Manobra de mudança de faixa;Tombamento;Com Vítimas Feridas;Plena Noite;Crescente;Céu Claro;Simples;Reta;Sim;2;0;1;0;0;1;1;2;-5,1262694;-42,7943998;SPRF-PI;DEL01-PI;UOP02-DEL01-PI
695226;01/06/2025;domingo;17:45:00;BA;242;387;SEABRA;Velocidade Incompatível;Tombamento;Com Vítimas Feridas;Plena Noite;Decrescente;Ignorado;Simples;Curva;Não;2;0;1;0;0;2;1;3;-12,45457;-41,61226;SPRF-BA;DEL06-BA;UOP01-DEL06-BA
695235;01/06/2025;domingo;21:25:00;SP;153;11,8;ICEM;Condutor Dormindo;Colisão com objeto;Com Vítimas Feridas;Plena Noite;Decrescente;Céu Claro;Simples;Reta;Não;3;0;1;0;1;2;1;4;-20,38193584;-49,23205376;SPRF-SP;DEL09-SP;UOP01-DEL09-SP
695240;01/06/2025;domingo;19:25:00;MG;40;718;BARBACENA;Demais falhas mecânicas ou elétricas;Incêndio;Sem Vítimas;Plena Noite;Decrescente;Nublado;Dupla;Reta;Não;2;0;0;0;1;1;0;2;-21,28805541;-43,64113879;SPRF-MG;DEL05-MG;UOP01-DEL05-MG
695243;01/06/2025;domingo;16:25:00;MG;251;350;PADRE CARVALHO;Demais falhas mecânicas ou elétricas;Colisão lateral sentido oposto;Com Vítimas Feridas;Pleno dia;Decrescente;Nublado;Simples;"Curva;Declive";Não;9;0;3;0;5;3;3;9;-16,25888609;-42,52520084;SPRF-MG;DEL12-MG;UOP02-DEL12-MG
695246;01/06/2025;domingo;22:00:00;MG;116;571,5;MANHUACU;Reação tardia ou ineficiente do condutor;Colisão lateral sentido oposto;Com Vítimas Feridas;Plena Noite;Crescente;Céu Claro;Simples;Reta;Não;4;0;0;1;2;2;1;5;-20,124252;-42,177106;SPRF-MG;DEL06-MG;UOP03-DEL06-MG
695247;01/06/2025;domingo;16:18:00;MT;174;123;CACERES;Reação tardia ou ineficiente do condutor;Tombamento;Com Vítimas Feridas;Pleno dia;Decrescente;Céu Claro;Simples;"Reta;Declive";Não;2;0;0;1;0;1;1;2;-15,83056391;-58,05610943;SPRF-MT;DEL03-MT;UOP01-DEL03-MT
695253;01/06/2025;domingo;19:50:00;RJ;40;66,9;PETROPOLIS;Demais falhas mecânicas ou elétricas;Incêndio;Sem Vítimas;Plena Noite;Crescente;Céu Claro;Dupla;Reta;Não;2;0;0;0;1;1;0;2;-22,436914;-43,176045;SPRF-RJ;DEL05-RJ;UOP02-DEL05-RJ
695259;01/06/2025;domingo;23:15:00;SP;116;112;TAUBATE;Trafegar com motocicleta (ou similar) entre as faixas;Colisão lateral mesmo sentido;Com Vítimas Feridas;Plena Noite;Crescente;Nublado;Dupla;Reta;Sim;3;0;1;0;1;1;1;3;-23,04205477;-45,57052195;SPRF-SP;DEL02-SP;UOP02-DEL02-SP
695271;02/06/2025;segunda-feira;00:45:00;SP;381;79;SAO PAULO;Velocidade Incompatível;Tombamento;Com Vítimas Feridas;Plena Noite;Crescente;Céu Claro;Dupla;"Curva;Declive";Sim;2;0;1;0;0;1;1;2;-23,4068344;-46,58039509;SPRF-SP;DEL03-SP;UOP01-DEL03-SP
695275;01/06/2025;domingo;22:50:00;SC;116;172,9;SAO CRISTOVAO DO SUL;Ausência de reação do condutor;Saída de leito carroçável;Com Vítimas Feridas;Plena Noite;Crescente;Céu Claro;Simples;"Aclive;Curva";Não;1;0;1;0;0;0;1;1;-27,2166021;-50,4666879;SPRF-SC;DEL05-SC;UOP03-DEL05-SC
695276;01/06/2025;domingo;21:30:00;SP;153;94,6;JACI;Ingestão de álcool pelo condutor;Saída de leito carroçável;Com Vítimas Feridas;Plena Noite;Decrescente;Céu Claro;Dupla;Curva;Não;2;0;1;0;0;1;1;2;-20,968395;-49,600713;SPRF-SP;DEL09-SP;UOP01-DEL09-SP
695280;01/06/2025;domingo;23:55:00;MG;381;672,2;PERDOES;Condutor Dormindo;Colisão com objeto;Com Vítimas Feridas;Plena Noite;Decrescente;Nublado;Dupla;Curva;Não;3;0;2;0;0;1;2;2;-21,073597;-45,052375;SPRF-MG;DEL04-MG;UOP02-DEL04-MG
695282;02/06/2025;segunda-feira;00:30:00;MG;381;230,7;BELO ORIENTE;Condutor Dormindo;Colisão lateral sentido oposto;Com Vítimas Feridas;Plena Noite;Decrescente;Céu Claro;Simples;Aclive;Não;4;0;1;0;2;3;1;6;-19,33150291;-42,42195792;SPRF-MG;DEL06-MG;UOP01-DEL06-MG
695286;02/06/2025;segunda-feira;00:50:00;PE;407;69;PETROLINA;Condutor Dormindo;Colisão frontal;Com Vítimas Feridas;Plena Noite;Decrescente;Céu Claro;Simples;Reta;Não;4;0;0;1;2;1;1;3;-8,926605;-40,738562;SPRF-PE;DEL06-PE;UOP02-DEL06-PE
695288;02/06/2025;segunda-feira;02:34:00;MT;70;518;VARZEA GRANDE;Condutor deixou de manter distância do veículo da frente;Colisão traseira;Com Vítimas Feridas;Plena Noite;Decrescente;Céu Claro;Simples;Reta;Não;2;0;1;0;1;0;1;2;-15,69940006;-56,16485596;SPRF-MT;DEL01-MT;UOP02-DEL01-MT
695289;02/06/2025;segunda-feira;05:20:00;PR;376;270;MARILANDIA DO SUL;Acessar a via sem observar a presença dos outros veículos;Colisão traseira;Com Vítimas Feridas;Amanhecer;Decrescente;Céu Claro;Dupla;"Reta;Retorno Regulamentado";Não;3;0;1;0;1;2;1;4;-23,73;-51,27;SPRF-PR;DEL07-PR;UOP02-DEL07-PR
695293;02/06/2025;segunda-feira;06:40:00;RS;290;175;BUTIA;Acessar a via sem observar a presença dos outros veículos;Colisão transversal;Com Vítimas Feridas;Amanhecer;Crescente;Nublado;Simples;Retorno Regulamentado;Não;3;0;1;0;1;1;1;3;-30,13005884;-51,96563244;SPRF-RS;DEL02-RS;UOP03-DEL02-RS
695297;02/06/2025;segunda-feira;07:05:00;GO;60;179;ABADIA DE GOIAS;Ausência de reação do condutor;Colisão traseira;Com Vítimas Feridas;Amanhecer;Decrescente;Céu Claro;Dupla;Reta;Não;5;0;0;2;3;0;2;2;-16,767097;-49,47586;SPRF-GO;DEL01-GO;UOP02-DEL01-GO