id;data_inversa;dia_semana;horario;uf;br;km;municipio;causa_acidente;tipo_acidente;classificacao_acidente;fase_dia;sentido_via;condicao_metereologica;tipo_pista;tracado_via;uso_solo;pessoas;mortos;feridos_leves;feridos_graves;ilesos;ignorados;feridos;veiculos;latitude;longitude;regional;delegacia;uop
695298;01/06/2025;domingo;19:00:00;MT;364;142;PEDRA PRETA;Reação tardia ou ineficiente do condutor;Saída de leito carroçável;Com Vítimas Feridas;Plena Noite;Crescente;Céu Claro;Simples;"Curva;Declive";Não;2;0;1;0;0;1;1;2;-16,79188718;-54,19984818;SPRF-MT;DEL02-MT;UOP01-DEL02-MT
695301;01/06/2025;domingo;21:20:00;MG;381;618,1;OLIVEIRA;Ausência de reação do condutor;Saída de leito carroçável;Com Vítimas Fatais;Plena Noite;Crescente;Céu Claro;Dupla;Curva;Não;2;1;0;0;0;1;0;2;-20,73922;-44,77108;SPRF-MG;DEL04-MG;UOP01-DEL04-MG
695312;02/06/2025;segunda-feira;00:30:00;MT;70;133;GENERAL CARNEIRO;Animais na Pista;Saída de leito carroçável;Sem Vítimas;Plena Noite;Crescente;Céu Claro;Simples;Reta;Não;2;0;0;0;1;1;0;2;-15,59459995;-53,23974609;SPRF-MT;DEL07-MT;UOP01-DEL07-MT
695317;02/06/2025;segunda-feira;04:50:00;MT;364;140;PEDRA PRETA;Demais falhas mecânicas ou elétricas;Incêndio;Sem Vítimas;Amanhecer;Decrescente;Céu Claro;Simples;Aclive;Não;2;0;0;0;1;2;0;3;-16,790383;-54,208677;SPRF-MT;DEL02-MT;UOP01-DEL02-MT
695322;01/04/2025;terça-feira;10:20:00;PB;230;215;SOLEDADE;Ausência de reação do condutor;Colisão traseira;Sem Vítimas;Pleno dia;Crescente;Sol;Simples;Reta;Sim;3;0;0;0;3;0;0;3;-7,058937;-36,36581;SPRF-PB;DEL02-PB;UOP02-DEL02-PB
695324;02/06/2025;segunda-feira;07:00:00;PE;101;55,5;PAULISTA;Reação tardia ou ineficiente do condutor;Engavetamento;Com Vítimas Feridas;Pleno dia;Crescente;Nublado;Dupla;Reta;Não;5;0;1;0;3;2;1;6;-7,95149;-34,90902;SPRF-PE;DEL01-PE;UOP02-DEL01-PE
695329;02/06/2025;segunda-feira;09:00:00;PA;316;61;CASTANHAL;Ausência de reação do condutor;Engavetamento;Com Vítimas Feridas;Pleno dia;Decrescente;Céu Claro;Dupla;Reta;Sim;4;0;0;1;2;2;1;5;-1,296804;-47,930445;SPRF-PA;DEL01-PA;UOP01-DEL01-PA
695330;02/06/2025;segunda-feira;09:30:00;PR;277;720;FOZ DO IGUACU;Reação tardia ou ineficiente do condutor;Saída de leito carroçável;Sem Vítimas;Pleno dia;Crescente;Chuva;Simples;Reta;Não;3;0;0;0;2;1;0;3;-25,48375622;-54,49425791;SPRF-PR;DEL05-PR;UOP03-DEL05-PR
695331;01/06/2025;domingo;16:50:00;CE;20;338,9;CARIDADE;Manobra de mudança de faixa;Colisão frontal;Com Vítimas Feridas;Pleno dia;Decrescente;Céu Claro;Simples;"Aclive;Reta";Não;2;0;0;1;1;0;1;2;-4,15241843;-39,11733476;SPRF-CE;DEL02-CE;UOP01-DEL02-CE
695336;08/05/2025;quinta-feira;16:20:00;MT;174;516;COMODORO;Reação tardia ou ineficiente do condutor;Saída de leito carroçável;Com Vítimas Feridas;Pleno dia;Decrescente;Céu Claro;Simples;Reta;Não;1;0;1;0;0;0;1;1;-13,38069;-59,85896;SPRF-MT;DEL04-MT;UOP02-DEL04-MT
695341;02/06/2025;segunda-feira;10:20:00;PR;277;204;PALMEIRA;Acessar a via sem observar a presença dos outros veículos;Colisão traseira;Com Vítimas Feridas;Pleno dia;Decrescente;Nublado;Simples;"Reta;Declive";Não;4;0;2;0;1;2;2;4;-25,465;-50,244;SPRF-PR;DEL08-PR;UOP02-DEL08-PR
695346;02/06/2025;segunda-feira;11:34:00;RN;304;38;MOSSORO;Ausência de reação do condutor;Colisão traseira;Com Vítimas Feridas;Pleno dia;Decrescente;Céu Claro;Dupla;Retorno Regulamentado;Sim;2;0;1;0;1;0;1;2;-5,187387;-37,373103;SPRF-RN;DEL04-RN;UOP02-DEL04-RN
695347;02/06/2025;segunda-feira;10:30:00;AL;101;198,9;SAO SEBASTIAO;Acumulo de água sobre o pavimento;Tombamento;Sem Vítimas;Pleno dia;Decrescente;Chuva;Dupla;Curva;Não;1;0;0;0;1;0;0;1;-9,938564;-36,533017;SPRF-AL;DEL02-AL;UOP02-DEL02-AL
695350;02/06/2025;segunda-feira;12:00:00;SP;116;284;EMBU DAS ARTES;Reação tardia ou ineficiente do condutor;Colisão traseira;Com Vítimas Feridas;Pleno dia;Decrescente;Céu Claro;Dupla;Reta;Sim;2;0;1;0;0;1;1;2;-23,67827867;-46,85828872;SPRF-SP;DEL04-SP;UOP01-DEL04-SP
695351;02/06/2025;segunda-feira;09:30:00;MA;135;47,2;BACABEIRA;Conversão proibida;Colisão transversal;Com Vítimas Feridas;Pleno dia;Crescente;Céu Claro;Dupla;Reta;Não;3;0;1;0;1;1;1;3;-2,937448;-44,331227;SPRF-MA;DEL01-MA;UOP01-DEL01-MA
695355;02/06/2025;segunda-feira;09:25:00;RS;470;154;NOVA PRATA;Entrada inopinada do pedestre;Atropelamento de Pedestre;Com Vítimas Fatais;Pleno dia;Crescente;Céu Claro;Simples;Reta;Não;4;1;0;0;1;2;0;3;-28,768881;-51,621142;SPRF-RS;DEL06-RS;UOP02-DEL06-RS
695366;02/06/2025;segunda-feira;12:40:00;BA;135;202;SAO DESIDERIO;Condutor deixou de manter distância do veículo da frente;Colisão traseira;Com Vítimas Feridas;Pleno dia;Decrescente;Sol;Dupla;"Reta;Declive";Não;6;0;2;0;3;3;2;5;-12,3387268;-44,9990995;SPRF-BA;DEL10-BA;UOP01-DEL10-BA
695373;02/06/2025;segunda-feira;14:35:00;RS;386;251,5;SOLEDADE;Acessar a via sem observar a presença dos outros veículos;Colisão transversal;Com Vítimas Feridas;Pleno dia;Decrescente;Nublado;Simples;"Em Obras;Desvio Temporário;Declive";Não;4;0;1;0;2;1;1;3;-28,83891859;-52,45057851;SPRF-RS;DEL04-RS;UOP03-DEL04-RS
695377;02/06/2025;segunda-feira;14:45:00;RS;158;196,9;CRUZ ALTA;Carga excessiva e/ou mal acondicionada;Derramamento de carga;Com Vítimas Feridas;Pleno dia;Decrescente;Nublado;Simples;Interseção de Vias;Não;3;0;1;0;1;1;1;3;-28,66806562;-53,59162778;SPRF-RS;DEL10-RS;UOP02-DEL10-RS
695384;02/06/2025;segunda-feira;15:15:00;SC;282;2;FLORIANOPOLIS;Manobra de mudança de faixa;Colisão lateral mesmo sentido;Com Vítimas Feridas;Pleno dia;Crescente;Céu Claro;Dupla;Reta;Sim;3;0;1;0;2;0;1;3;-27,602862;-48,593049;SPRF-SC;DEL01-SC;UOP01-DEL01-SC
695385;02/06/2025;segunda-feira;04:30:00;MT;163;1062;GUARANTA DO NORTE;Condutor Dormindo;Colisão lateral sentido oposto;Com Vítimas Feridas;Plena Noite;Crescente;Céu Claro;Simples;Reta;Não;3;0;1;0;1;3;1;5;-9,9812766;-54,906165;SPRF-MT;DEL06-MT;UOP03-DEL06-MT
695393;02/06/2025;segunda-feira;16:40:00;ES;101;289,8;CARIACICA;Ausência de reação do condutor;Colisão traseira;Com Vítimas Feridas;Pleno dia;Crescente;Céu Claro;Dupla;"Reta;Aclive";Sim;2;0;1;0;1;0;1;2;-20,28693761;-40,39235187;SPRF-ES;DEL01-ES;UOP01-DEL01-ES
695394;02/06/2025;segunda-feira;16:30:00;MG;262;448,7;NOVA SERRANA;Ausência de reação do condutor;Saída de leito carroçável;Com Vítimas Feridas;Pleno dia;Decrescente;Sol;Simples;"Declive;Reta";Sim;1;0;1;0;0;0;1;1;-19,854398;-45,020536;SPRF-MG;DEL08-MG;UOP03-DEL08-MG
695399;02/06/2025;segunda-feira;10:00:00;RS;386;432;NOVA SANTA RITA;Ausência de reação do condutor;Colisão lateral mesmo sentido;Com Vítimas Feridas;Pleno dia;Decrescente;Céu Claro;Dupla;Reta;Não;2;0;1;0;1;0;1;2;-29,83677627;-51,30704999;SPRF-RS;DEL04-RS;UOP02-DEL04-RS
695403;02/06/2025;segunda-feira;15:00:00;PR;153;105;JAPIRA;Acessar a via sem observar a presença dos outros veículos;Colisão transversal;Com Vítimas Feridas;Pleno dia;Decrescente;Céu Claro;Simples;"Reta;Rotatória";Não;3;0;1;0;2;0;1;2;-23,81381261;-50,17878771;SPRF-PR;DEL07-PR;UOP04-DEL07-PR
695421;02/06/2025;segunda-feira;17:50:00;MG;50;72;UBERLANDIA;Ausência de reação do condutor;Engavetamento;Com Vítimas Feridas;Anoitecer;Crescente;Céu Claro;Dupla;Reta;Sim;3;0;1;0;2;0;1;3;-18,89394362;-48,24989319;SPRF-MG;DEL15-MG;UOP01-DEL15-MG
695425;02/06/2025;segunda-feira;16:00:00;SC;282;595,7;SAUDADES;Velocidade Incompatível;Colisão com objeto;Com Vítimas Feridas;Pleno dia;Crescente;Chuva;Simples;Curva;Não;4;0;1;0;3;0;1;2;-26,8299307;-53,1234597;SPRF-SC;DEL07-SC;UOP02-DEL07-SC
695433;02/06/2025;segunda-feira;16:30:00;GO;153;583,9;PROFESSOR JAMIL;Ausência de reação do condutor;Tombamento;Sem Vítimas;Pleno dia;Decrescente;Céu Claro;Dupla;"Reta;Retorno Regulamentado;Aclive";Não;1;0;0;0;1;0;0;1;-17,404923;-49,223874;SPRF-GO;DEL03-GO;UOP01-DEL03-GO
695434;02/06/2025;segunda-feira;19:00:00;PE;101;80,9;JABOATAO DOS GUARARAPES;Demais falhas mecânicas ou elétricas;Incêndio;Sem Vítimas;Plena Noite;Decrescente;Garoa/Chuvisco;Dupla;Reta;Sim;1;0;0;0;1;0;0;1;-8,15928468;-34,94033217;SPRF-PE;DEL01-PE;UOP01-DEL01-PE
695436;02/06/2025;segunda-feira;20:10:00;RS;386;299,4;POUSO NOVO;Transitar na contramão;Colisão frontal;Com Vítimas Feridas;Plena Noite;Crescente;Nublado;Simples;Curva;Não;2;0;2;0;0;0;2;2;-29,1626643;-52,22265244;SPRF-RS;DEL04-RS;UOP01-DEL04-RS
695441;02/06/2025;segunda-feira;18:20:00;PE;232;417;SERRA TALHADA;Ultrapassagem Indevida;Colisão frontal;Com Vítimas Feridas;Plena Noite;Decrescente;Céu Claro;Simples;Reta;Não;17;0;0;1;15;1;1;5;-8,000338;-38,36791;SPRF-PE;DEL04-PE;UOP01-DEL04-PE
695444;02/06/2025;segunda-feira;10:45:00;AL;101;3,8;NOVO LINO;Curva acentuada;Colisão com objeto;Com Vítimas Feridas;Pleno dia;Crescente;Chuva;Dupla;"Curva;Declive";Não;5;0;3;0;1;1;3;3;-8,91002;-35,634934;SPRF-AL;DEL01-AL;UOP02-DEL01-AL
695445;02/06/2025;segunda-feira;20:45:00;RS;470;225;GARIBALDI;Acessar a via sem observar a presença dos outros veículos;Colisão transversal;Com Vítimas Feridas;Plena Noite;Crescente;Céu Claro;Simples;"Reta;Retorno Regulamentado";Sim;4;0;2;0;1;1;2;3;-29,24656952;-51,51594257;SPRF-RS;DEL06-RS;UOP01-DEL06-RS
695446;02/06/2025;segunda-feira;18:35:00;RS;290;47,3;GLORINHA;Reação tardia ou ineficiente do condutor;Colisão traseira;Com Vítimas Feridas;Anoitecer;Decrescente;Nublado;Múltipla;Reta;Não;2;0;1;0;1;0;1;2;-29,898218;-50,73696;SPRF-RS;DEL03-RS;UOP01-DEL03-RS
695447;02/06/2025;segunda-feira;16:30:00;PR;277;307;PRUDENTOPOLIS;Problema com o freio;Colisão com objeto;Com Vítimas Feridas;Pleno dia;Decrescente;Céu Claro;Simples;Reta;Não;3;0;0;1;1;1;1;3;-25,318;-51,195;SPRF-PR;DEL08-PR;UOP01-DEL08-PR
695454;02/06/2025;segunda-feira;21:05:00;PR;376;391;IMBAU;Velocidade Incompatível;Saída de leito carroçável;Com Vítimas Feridas;Plena Noite;Decrescente;Céu Claro;Dupla;"Declive;Curva";Não;2;0;0;1;0;1;1;2;-24,483815;-50,733856;SPRF-PR;DEL03-PR;UOP02-DEL03-PR
695456;02/06/2025;segunda-feira;18:30:00;RJ;493;67;NOVA IGUACU;Entrada inopinada do pedestre;Atropelamento de Pedestre;Sem Vítimas;Plena Noite;Crescente;Céu Claro;Dupla;Reta;Sim;2;0;0;0;2;0;0;2;-22,682728;-43,45058;SPRF-RJ;DEL01-RJ;UOP03-DEL01-RJ
695457;02/06/2025;segunda-feira;21:30:00;ES;101;167,5;LINHARES;Condutor deixou de manter distância do veículo da frente;Colisão traseira;Com Vítimas Feridas;Plena Noite;Decrescente;Chuva;Simples;"Reta;Interseção de Vias";Sim;2;0;1;0;1;0;1;2;-19,52374731;-40,14863952;SPRF-ES;DEL04-ES;UOP01-DEL04-ES
695463;02/06/2025;segunda-feira;21:00:00;RS;392;49;RIO GRANDE;Demais falhas mecânicas ou elétricas;Incêndio;Sem Vítimas;Plena Noite;Decrescente;Nevoeiro/Neblina;Dupla;Reta;Não;2;0;0;0;1;2;0;3;-31,88336012;-52,32071836;SPRF-RS;DEL07-RS;UOP02-DEL07-RS
695465;02/06/2025;segunda-feira;20:25:00;MS;158;35,5;PARANAIBA;Ingestão de álcool pelo condutor;Colisão lateral sentido oposto;Sem Vítimas;Plena Noite;Crescente;Céu Claro;Simples;Reta;Não;3;0;0;0;2;1;0;2;-19,2736885;-51,49021894;SPRF-MS;DEL08-MS;UOP01-DEL08-MS
695467;02/06/2025;segunda-feira;20:05:00;MS;163;199,9;CAARAPO;Reação tardia ou ineficiente do condutor;Colisão transversal;Com Vítimas Feridas;Plena Noite;Decrescente;Garoa/Chuvisco;Dupla;Curva;Não;3;0;1;0;1;2;1;4;-22,68751822;-54,7908783;SPRF-MS;DEL04-MS;UOP02-DEL04-MS
695469;02/06/2025;segunda-feira;22:30:00;AL;101;71,6;MESSIAS;Reação tardia ou ineficiente do condutor;Colisão traseira;Com Vítimas Feridas;Plena Noite;Crescente;Chuva;Dupla;Curva;Não;3;0;1;0;1;1;1;3;-9,375446;-35,827071;SPRF-AL;DEL01-AL;UOP01-DEL01-AL
695470;02/06/2025;segunda-feira;23:00:00;SC;101;145;ITAPEMA;Condutor deixou de manter distância do veículo da frente;Colisão traseira;Com Vítimas Feridas;Plena Noite;Decrescente;Nublado;Dupla;Reta;Não;2;0;1;0;1;0;1;2;-27,08565008;-48,60742662;SPRF-SC;DEL04-SC;UOP03-DEL04-SC
695473;02/06/2025;segunda-feira;21:45:00;SC;282;6;SAO JOSE;Ausência de reação do condutor;Colisão com objeto;Sem Vítimas;Plena Noite;Crescente;Céu Claro;Dupla;"Curva;Viaduto";Sim;1;0;0;0;0;1;0;1;-27,586087;-48,617323;SPRF-SC;DEL01-SC;UOP01-DEL01-SC
695479;02/06/2025;segunda-feira;23:30:00;SC;280;221;TRES BARRAS;Reação tardia ou ineficiente do condutor;Colisão traseira;Com Vítimas Feridas;Plena Noite;Crescente;Nublado;Simples;"Reta;Declive";Não;3;0;1;0;1;1;1;3;-26,17221741;-50,26960608;SPRF-SC;DEL06-SC;UOP04-DEL06-SC
695480;02/06/2025;segunda-feira;22:30:00;RJ;101;286;ITABORAI;Condutor deixou de manter distância do veículo da frente;Colisão traseira;Com Vítimas Feridas;Plena Noite;Decrescente;Céu Claro;Dupla;"Reta;Aclive";Sim;4;0;1;0;2;1;1;2;-22,753768;-42,823071;SPRF-RJ;DEL02-RJ;UOP02-DEL02-RJ
695485;03/06/2025;terça-feira;01:40:00;PR;376;512;PONTA GROSSA;Demais falhas mecânicas ou elétricas;Incêndio;Sem Vítimas;Plena Noite;Decrescente;Chuva;Dupla;Reta;Não;2;0;0;0;1;1;0;2;-25,228673;-50,04616;SPRF-PR;DEL03-PR;UOP04-DEL03-PR
695486;03/06/2025;terça-feira;01:00:00;GO;60;309;ACREUNA;Reação tardia ou ineficiente do condutor;Eventos atípicos;Com Vítimas Feridas;Plena Noite;Crescente;Céu Claro;Dupla;Curva;Não;2;0;1;0;0;2;1;3;-17,418618;-50,42128;SPRF-GO;DEL04-GO;UOP02-DEL04-GO
695487;03/06/2025;terça-feira;02:45:00;AL;101;149,6;JEQUIA DA PRAIA;Condutor Dormindo;Saída de leito carroçável;Com Vítimas Fatais;Plena Noite;Decrescente;Céu Claro;Dupla;"Curva;Declive";Não;3;2;0;0;0;1;0;2;-9,89423;-36,137807;SPRF-AL;DEL02-AL;UOP02-DEL02-AL
695488;03/06/2025;terça-feira;02:35:00;BA;116;835;VITORIA DA CONQUISTA;Entrada inopinada do pedestre;Atropelamento de Pedestre;Com Vítimas Fatais;Plena Noite;Decrescente;Nublado;Simples;Reta;Não;2;1;0;0;1;0;0;2;-14,949781;-40,899108;SPRF-BA;DEL08-BA;UOP01-DEL08-BA
695489;03/06/2025;terça-feira;03:07:00;PE;232;58;POMBOS;Ausência de reação do condutor;Colisão traseira;Com Vítimas Feridas;Plena Noite;Decrescente;Chuva;Dupla;Declive;Sim;2;0;1;0;0;1;1;2;-8,147084;-35,396736;SPRF-PE;DEL02-PE;UOP02-DEL02PE
695492;03/06/2025;terça-feira;04:40:00;RJ;101;110;CAMPOS DOS GOYTACAZES;Condutor Dormindo;Tombamento;Com Vítimas Feridas;Pleno dia;Crescente;Céu Claro;Dupla;Reta;Não;1;0;1;0;0;0;1;1;-21,87145389;-41,54438782;SPRF-RJ;DEL08-RJ;UOP02-DEL08-RJ
695494;03/06/2025;terça-feira;02:25:00;SC;470;249,3;CURITIBANOS;Ultrapassagem Indevida;Colisão frontal;Com Vítimas Fatais;Plena Noite;Crescente;Chuva;Simples;Curva;Sim;3;1;0;1;1;0;1;2;-27,311674;-50,579245;SPRF-SC;DEL05-SC;UOP03-DEL05-SC
695496;03/06/2025;terça-feira;06:10:00;MG;40;523;CONTAGEM;Condutor usando celular;Colisão traseira;Com Vítimas Feridas;Pleno dia;Crescente;Céu Claro;Dupla;Reta;Sim;5;0;2;0;2;1;2;3;-19,87298822;-44,05543954;SPRF-MG;DEL01-MG;UOP02-DEL01-MG
695497;03/06/2025;terça-feira;05:54:00;TO;153;645,7;DUERE;Condutor Dormindo;Saída de leito carroçável;Com Vítimas Feridas;Plena Noite;Crescente;Céu Claro;Simples;Reta;Não;2;0;1;0;0;2;1;3;-11,57958347;-49,03261186;SPRF-TO;DEL01-TO;UOP02-DEL01-TO
695499;03/06/2025;terça-feira;06:26:00;PE;101;83;JABOATAO DOS GUARARAPES;Reação tardia ou ineficiente do condutor;Colisão lateral mesmo sentido;Sem Vítimas;Pleno dia;Crescente;Céu Claro;Dupla;Reta;Não;3;0;0;0;3;0;0;3;-8,17785;-34,94688;SPRF-PE;DEL01-PE;UOP01-DEL01-PE
695508;03/06/2025;terça-feira;02:50:00;PI;343;105;COCAL;Condutor Dormindo;Saída de leito carroçável;Com Vítimas Feridas;Plena Noite;Crescente;Céu Claro;Simples;Reta;Não;1;0;0;1;0;0;1;1;-3,60860195;-41,69171334;SPRF-PI;DEL05-PI;UOP01-DEL05-PI
695510;03/06/2025;terça-feira;06:40:00;PE;232;88,8;GRAVATA;Ausência de sinalização;Colisão traseira;Com Vítimas Feridas;Pleno dia;Crescente;Céu Claro;Dupla;Reta;Não;3;0;1;1;1;0;2;2;-8,1861906;-35,4991304;SPRF-PE;DEL02-PE;UOP02-DEL02PE
695513;03/06/2025;terça-feira;08:00:00;ES;101;268,1;SERRA;Entrada inopinada do pedestre;Atropelamento de Pedestre;Com Vítimas Feridas;Pleno dia;Crescente;Nublado;Múltipla;Reta;Sim;3;0;2;0;1;0;2;3;-20,210093;-40,269801;SPRF-ES;DEL02-ES;UOP01-DEL02-ES
695515;03/06/2025;terça-feira;07:30:00;PE;428;169;PETROLINA;Reação tardia ou ineficiente do condutor;Colisão traseira;Com Vítimas Feridas;Pleno dia;Decrescente;Céu Claro;Simples;Reta;Não;2;0;0;1;0;1;1;2;-9,218725;-40,40656;SPRF-PE;DEL06-PE;UOP01-DEL06-PE
695522;03/06/2025;terça-feira;08:50:00;PR;369;152;LONDRINA;Manobra de mudança de faixa;Colisão lateral mesmo sentido;Com Vítimas Feridas;Pleno dia;Decrescente;Céu Claro;Dupla;Reta;Sim;5;0;3;0;1;1;3;3;-23,2927981;-51,1849879;SPRF-PR;DEL07-PR;UOP01-DEL07-PR
695527;03/06/2025;terça-feira;10:00:00;PR;116;53;CAMPINA GRANDE DO SUL;Acumulo de óleo sobre o pavimento;Colisão traseira;Com Vítimas Feridas;Pleno dia;Decrescente;Garoa/Chuvisco;Dupla;Reta;Não;6;0;3;0;2;2;3;4;-25,28171971;-48,92708588;SPRF-PR;DEL01-PR;UOP02-DEL01-PR
695529;03/06/2025;terça-feira;08:40:00;MG;153;230,6;FRONTEIRA;Ausência de reação do condutor;Saída de leito carroçável;Com Vítimas Fatais;Pleno dia;Decrescente;Céu Claro;Simples;Reta;Não;1;1;0;0;0;0;0;1;-20,191456;-49,108714;SPRF-MG;DEL13-MG;UOP02-DEL13-MG
695535;03/06/2025;terça-feira;07:50:00;RS;116;439;CRISTAL;Condutor Dormindo;Saída de leito carroçável;Com Vítimas Feridas;Pleno dia;Decrescente;Nublado;Dupla;Reta;Não;3;0;1;0;1;2;1;3;-31,10468529;-52,03090668;SPRF-RS;DEL02-RS;UOP02-DEL02-RS
695537;03/06/2025;terça-feira;09:20:00;MS;163;420;CAMPO GRANDE;Ausência de reação do condutor;Colisão transversal;Com Vítimas Feridas;Pleno dia;Crescente;Céu Claro;Simples;"Rotatória;Retorno Regulamentado";Sim;3;0;1;0;1;2;1;4;-20,9876569;-54,5056553;SPRF-MS;DEL01-MS;UOP01-DEL01-MS
695540;10/04/2025;quinta-feira;12:48:00;RS;285;580;SAO LUIZ GONZAGA;Ausência de reação do condutor;Saída de leito carroçável;Com Vítimas Feridas;Pleno dia;Crescente;Céu Claro;Simples;Reta;Não;2;0;1;0;0;1;1;2;-28,41659783;-55,01309395;SPRF-RS;DEL12-RS;UOP01-DEL12-RS
695544;03/06/2025;terça-feira;09:50:00;DF;60;30;BRASILIA;Reação tardia ou ineficiente do condutor;Colisão traseira;Sem Vítimas;Pleno dia;Decrescente;Céu Claro;Dupla;Reta;Sim;2;0;0;0;1;1;0;2;-16,045729;-48,256943;SPRF-DF;DEL03-DF;UOP01-DEL03-DF
695548;03/06/2025;terça-feira;11:22:00;RN;110;46,2;MOSSORO;Transitar no Acostamento;Colisão lateral mesmo sentido;Com Vítimas Feridas;Pleno dia;Decrescente;Céu Claro;Simples;Reta;Sim;3;0;1;0;2;0;1;2;-5,3028167;-37,2810982;SPRF-RN;DEL04-RN;UOP01-DEL04-RN
695550;03/06/2025;terça-feira;10:40:00;MG;381;872,4;ESTIVA;Velocidade Incompatível;Saída de leito carroçável;Com Vítimas Feridas;Pleno dia;Crescente;Chuva;Dupla;"Declive;Reta";Não;3;0;2;0;0;1;2;2;-22,4107498;-45,9617605;SPRF-MG;DEL16-MG;UOP01-DEL16-MG
695551;03/06/2025;terça-feira;09:35:00;RO;364;16;VILHENA;Ausência de reação do condutor;Engavetamento;Com Vítimas Feridas;Pleno dia;Decrescente;Céu Claro;Simples;Reta;Não;9;0;3;0;5;6;3;10;-12,73321157;-60,16166604;SPRF-RO;DEL04-RO;UOP01-DEL04-RO
695552;03/06/2025;terça-feira;12:34:00;SC;101;355,9;SANGAO;Ultrapassagem Indevida;Colisão lateral mesmo sentido;Com Vítimas Feridas;Pleno dia;Crescente;Céu Claro;Dupla;Reta;Não;2;0;0;1;1;0;1;2;-28,63445;-49,094032;SPRF-SC;DEL02-SC;UOP01-DEL02-SC
695553;03/06/2025;terça-feira;11:50:00;ES;101;285;CARIACICA;Demais falhas mecânicas ou elétricas;Incêndio;Sem Vítimas;Pleno dia;Crescente;Sol;Dupla;"Reta;Declive";Não;1;0;0;0;1;0;0;1;-20,25414499;-40,37475586;SPRF-ES;DEL01-ES;UOP01-DEL01-ES
695555;03/06/2025;terça-feira;12:30:00;SP;381;70;MAIRIPORA;Reação tardia ou ineficiente do condutor;Colisão lateral mesmo sentido;Sem Vítimas;Pleno dia;Crescente;Céu Claro;Dupla;Curva;Não;3;0;0;0;2;1;0;3;-23,349124;-46,56098;SPRF-SP;DEL03-SP;UOP01-DEL03-SP
695558;03/06/2025;terça-feira;06:00:00;PR;376;379,4;IMBAU;Objeto estático sobre o leito carroçável;Tombamento;Com Vítimas Feridas;Plena Noite;Crescente;Nublado;Simples;"Aclive;Reta";Não;3;0;0;1;1;1;1;3;-24,3980116;-50,7836856;SPRF-PR;DEL03-PR;UOP02-DEL03-PR
695559;03/06/2025;terça-feira;13:00:00;TO;153;637;ALIANCA DO TOCANTINS;Condutor Dormindo;Saída de leito carroçável;Com Vítimas Feridas;Pleno dia;Crescente;Céu Claro;Dupla;Reta;Não;2;0;1;0;0;1;1;2;-11,33194608;-48,94683838;SPRF-TO;DEL01-TO;UOP02-DEL01-TO
695567;03/06/2025;terça-feira;14:00:00;MG;40;820;SIMAO PEREIRA;Mal súbito do condutor;Colisão traseira;Com Vítimas Feridas;Pleno dia;Decrescente;Nublado;Dupla;"Reta;Aclive";Não;3;0;1;0;1;1;1;3;-21,9555776;-43,299147;SPRF-MG;DEL05-MG;UOP01-DEL05-MG
695572;03/06/2025;terça-feira;14:10:00;MG;381;936,9;EXTREMA;Reação tardia ou ineficiente do condutor;Colisão com objeto;Com Vítimas Feridas;Pleno dia;Crescente;Céu Claro;Dupla;Reta;Não;3;0;0;1;1;1;1;3;-22,80835768;-46,27762949;SPRF-MG;DEL16-MG;UOP03-DEL16-MG
695573;03/06/2025;terça-feira;09:20:00;MG;381;249,5;SANTANA DO PARAISO;Acessar a via sem observar a presença dos outros veículos;Saída de leito carroçável;Com Vítimas Feridas;Pleno dia;Crescente;Céu Claro;Simples;"Reta;Declive";Não;2;0;1;0;1;0;1;2;-19,4471743;-42,51462731;SPRF-MG;DEL06-MG;UOP01-DEL06-MG
695574;03/06/2025;terça-feira;13:30:00;MA;10;252;IMPERATRIZ;Acessar a via sem observar a presença dos outros veículos;Colisão transversal;Com Vítimas Feridas;Pleno dia;Decrescente;Céu Claro;Simples;Reta;Sim;2;0;0;1;1;0;1;2;-5,535635;-47,469472;SPRF-MA;DEL04-MA;UOP01-DEL04-MA
695575;03/06/2025;terça-feira;11:42:00;MT;364;271,8;JACIARA;Acessar a via sem observar a presença dos outros veículos;Colisão traseira;Com Vítimas Feridas;Pleno dia;Crescente;Céu Claro;Dupla;Retorno Regulamentado;Sim;4;0;1;0;2;1;1;3;-15,96601;-54,961962;SPRF-MT;DEL05-MT;UOP02-DEL05-MT
695577;03/06/2025;terça-feira;15:00:00;SC;280;23;ARAQUARI;Ausência de reação do condutor;Colisão traseira;Com Vítimas Feridas;Pleno dia;Crescente;Céu Claro;Simples;Reta;Não;3;0;1;0;1;1;1;3;-26,37162613;-48,70581977;SPRF-SC;DEL03-SC;UOP03-DEL03-SC
695578;03/06/2025;terça-feira;14:20:00;MG;50;122;UBERABA;Reação tardia ou ineficiente do condutor;Saída de leito carroçável;Com Vítimas Feridas;Pleno dia;Decrescente;Céu Claro;Dupla;Reta;Não;1;0;1;0;0;0;1;1;-19,29412;-48,11618;SPRF-MG;DEL13-MG;UOP01-DEL13-MG
695580;03/06/2025;terça-feira;14:15:00;GO;20;125;FLORES DE GOIAS;Ultrapassagem Indevida;Colisão frontal;Com Vítimas Fatais;Pleno dia;Decrescente;Céu Claro;Simples;Reta;Não;5;3;0;0;1;2;0;4;-14,86094;-46,8009;SPRF-DF;DEL02-DF;UOP03-DEL02-DF
695581;03/06/2025;terça-feira;11:30:00;PR;369;174;ROLANDIA;Ultrapassagem Indevida;Colisão lateral mesmo sentido;Com Vítimas Feridas;Pleno dia;Crescente;Céu Claro;Simples;Interseção de Vias;Sim;3;0;1;0;1;1;1;3;-23,31621242;-51,37676803;SPRF-PR;DEL07-PR;UOP01-DEL07-PR