id;data_inversa;dia_semana;horario;uf;br;km;municipio;causa_acidente;tipo_acidente;classificacao_acidente;fase_dia;sentido_via;condicao_metereologica;tipo_pista;tracado_via;uso_solo;pessoas;mortos;feridos_leves;feridos_graves;ilesos;ignorados;feridos;veiculos;latitude;longitude;regional;delegacia;uop
695582;03/06/2025;terça-feira;14:00:00;AL;101;115;PILAR;Acesso irregular;Colisão traseira;Com Vítimas Feridas;Pleno dia;Decrescente;Céu Claro;Simples;"Declive;Reta";Não;3;0;1;0;1;2;1;4;-9,643499;-36,023948;SPRF-AL;DEL02-AL;UOP01-DEL02-AL
695587;03/06/2025;terça-feira;13:00:00;PB;104;62;BARRA DE SANTA ROSA;Demais falhas mecânicas ou elétricas;Incêndio;Sem Vítimas;Pleno dia;Crescente;Nublado;Simples;Reta;Não;1;0;0;0;1;0;0;1;-6,8202634;-35,9474382;SPRF-PB;DEL02-PB;UOP04-DEL02-PB
695588;30/05/2025;sexta-feira;22:30:00;RO;364;740;PORTO VELHO;Ingestão de álcool pelo condutor;Tombamento;Sem Vítimas;Plena Noite;Decrescente;Céu Claro;Simples;Reta;Não;2;0;0;0;1;2;0;3;-8,99733057;-64,00514603;SPRF-RO;DEL01-RO;UOP02-DEL01-RO
695596;09/03/2025;domingo;19:10:00;PA;163;165;ALTAMIRA;Ultrapassagem Indevida;Colisão frontal;Com Vítimas Fatais;Plena Noite;Crescente;Ignorado;Simples;Reta;Não;6;4;0;0;1;3;0;5;-8,28555424;-55,10639315;SPRF-PA;DEL05-PA;UOP03-DEL05-PA
695605;14/04/2025;segunda-feira;20:43:00;PA;163;178,3;ALTAMIRA;Ausência de reação do condutor;Saída de leito carroçável;Sem Vítimas;Plena Noite;Decrescente;Céu Claro;Simples;Curva;Não;2;0;0;0;0;3;0;3;-8,1409;-55,1345;SPRF-PA;DEL05-PA;UOP03-DEL05-PA
695606;03/06/2025;terça-feira;17:10:00;ES;259;54;COLATINA;Ausência de reação do condutor;Colisão traseira;Com Vítimas Feridas;Anoitecer;Crescente;Céu Claro;Simples;Reta;Não;3;0;1;0;1;1;1;3;-19,4994086;-40,631988;SPRF-ES;DEL02-ES;UOP01-DEL02-ES
695607;03/06/2025;terça-feira;16:10:00;PR;376;531,8;PALMEIRA;Ausência de reação do condutor;Colisão traseira;Com Vítimas Feridas;Pleno dia;Decrescente;Céu Claro;Dupla;"Declive;Curva";Não;4;0;0;1;1;3;1;5;-25,30905456;-49,88599174;SPRF-PR;DEL03-PR;UOP03-DEL03-PR
695608;03/06/2025;terça-feira;17:00:00;MG;40;532;BELO HORIZONTE;Condutor deixou de manter distância do veículo da frente;Colisão lateral mesmo sentido;Sem Vítimas;Pleno dia;Decrescente;Chuva;Dupla;"Reta;Aclive";Sim;6;0;0;0;5;1;0;6;-19,923895;-44,016633;SPRF-MG;DEL01-MG;UOP02-DEL01-MG
695609;03/06/2025;terça-feira;14:00:00;MA;135;117;MIRANDA DO NORTE;Acessar a via sem observar a presença dos outros veículos;Colisão transversal;Com Vítimas Fatais;Pleno dia;Crescente;Sol;Simples;Reta;Não;2;1;0;0;1;0;0;2;-3,496759;-44,543626;SPRF-MA;DEL01-MA;UOP02-DEL01-MA
695617;03/06/2025;terça-feira;17:00:00;SC;470;121,7;IBIRAMA;Ultrapassagem Indevida;Colisão lateral mesmo sentido;Com Vítimas Feridas;Pleno dia;Crescente;Nublado;Simples;Declive;Sim;3;0;1;0;1;1;1;3;-27,0996;-49,52807;SPRF-SC;DEL04-SC;UOP02-DEL04-SC
695620;03/06/2025;terça-feira;17:00:00;PR;487;159,5;ARARUNA;Velocidade Incompatível;Colisão traseira;Com Vítimas Feridas;Pleno dia;Decrescente;Nublado;Simples;Reta;Sim;5;0;0;2;1;2;2;4;-23,9703959;-52,56273357;SPRF-PR;DEL09-PR;UOP03-DEL09-PR
695627;03/06/2025;terça-feira;17:35:00;PR;376;10,9;MARINGA;Velocidade Incompatível;Colisão traseira;Com Vítimas Feridas;Anoitecer;Decrescente;Céu Claro;Dupla;"Reta;Aclive";Não;2;0;2;0;0;0;2;2;-23,3858;-51,90117;SPRF-PR;DEL09-PR;UOP01-DEL09-PR
695636;03/06/2025;terça-feira;17:10:00;SC;101;330,8;TUBARAO;Manobra de mudança de faixa;Colisão transversal;Com Vítimas Feridas;Pleno dia;Decrescente;Céu Claro;Múltipla;Reta;Não;4;0;1;0;2;1;1;3;-28,455616;-48,980936;SPRF-SC;DEL02-SC;UOP01-DEL02-SC
695642;03/06/2025;terça-feira;18:34:00;SC;470;33,5;GASPAR;Pedestre cruzava a pista fora da faixa;Atropelamento de Pedestre;Com Vítimas Fatais;Plena Noite;Crescente;Céu Claro;Dupla;Reta;Não;3;1;0;0;1;1;0;3;-26,90848003;-48,94546358;SPRF-SC;DEL04-SC;UOP01-DEL04-SC
695644;03/06/2025;terça-feira;19:00:00;GO;60;112;GOIANAPOLIS;Estacionar ou parar em local proibido;Colisão traseira;Com Vítimas Feridas;Plena Noite;Decrescente;Ignorado;Dupla;Curva;Não;2;0;0;1;1;0;1;2;-16,5757075;-49,1608142;SPRF-GO;DEL01-GO;UOP01-DEL01-GO
695649;03/06/2025;terça-feira;18:25:00;RJ;101;331;RIO DE JANEIRO;Trafegar com motocicleta (ou similar) entre as faixas;Colisão lateral mesmo sentido;Com Vítimas Feridas;Anoitecer;Decrescente;Céu Claro;Dupla;"Ponte;Curva";Não;4;0;1;0;3;0;1;3;-22,87188999;-43,20357442;SPRF-RJ;DEL02-RJ;UOP01-DEL02-RJ
695651;03/06/2025;terça-feira;19:30:00;MG;381;2;BETIM;Velocidade Incompatível;Colisão com objeto;Com Vítimas Feridas;Plena Noite;Crescente;Céu Claro;Múltipla;Curva;Sim;2;0;0;1;0;1;1;2;-19,9805959;-44,162264;SPRF-MG;DEL01-MG;UOP03-DEL01-MG
695658;03/06/2025;terça-feira;20:36:00;RS;293;13;CAPAO DO LEAO;Transitar na contramão;Colisão frontal;Com Vítimas Feridas;Plena Noite;Decrescente;Nevoeiro/Neblina;Simples;"Reta;Interseção de Vias";Sim;2;0;0;1;1;0;1;2;-31,75354858;-52,45552957;SPRF-RS;DEL07-RS;UOP01-DEL07-RS
695659;03/06/2025;terça-feira;19:00:00;MG;262;448,1;NOVA SERRANA;Demais falhas mecânicas ou elétricas;Saída de leito carroçável;Sem Vítimas;Plena Noite;Decrescente;Céu Claro;Simples;Reta;Não;2;0;0;0;1;1;0;2;-19,8668688;-44,9922766;SPRF-MG;DEL08-MG;UOP03-DEL08-MG
695666;03/06/2025;terça-feira;08:00:00;BA;116;575;NOVA ITARANA;Acessar a via sem observar a presença dos outros veículos;Colisão transversal;Com Vítimas Feridas;Pleno dia;Decrescente;Céu Claro;Simples;Reta;Não;3;0;1;0;1;1;1;3;-13,08813114;-39,96259689;SPRF-BA;DEL03-BA;UOP02-DEL03-BA
695668;26/05/2025;segunda-feira;00:00:00;GO;153;588;PROFESSOR JAMIL;Falta de elemento de contenção que evite a saída do leito carroçável;Saída de leito carroçável;Com Vítimas Fatais;Plena Noite;Crescente;Céu Claro;Dupla;"Reta;Ponte";Não;1;1;0;0;0;0;0;1;-17,44589684;-49,23010469;SPRF-GO;DEL03-GO;UOP01-DEL03-GO
695669;03/06/2025;terça-feira;21:20:00;RJ;101;192;CASIMIRO DE ABREU;Ingestão de álcool pelo condutor;Colisão frontal;Sem Vítimas;Plena Noite;Crescente;Céu Claro;Dupla;Curva;Não;3;0;0;0;2;1;0;3;-22,48123385;-42,14673042;SPRF-RJ;DEL08-RJ;UOP04-DEL08-RJ
695670;03/06/2025;terça-feira;17:10:00;MG;153;230,6;FRONTEIRA;Acessar a via sem observar a presença dos outros veículos;Colisão transversal;Sem Vítimas;Pleno dia;Decrescente;Céu Claro;Simples;Reta;Não;4;0;0;0;3;1;0;3;-20,22656325;-49,1505146;SPRF-MG;DEL13-MG;UOP02-DEL13-MG
695672;03/06/2025;terça-feira;19:05:00;CE;20;259;ITATIRA;Pista esburacada;Colisão traseira;Com Vítimas Feridas;Plena Noite;Decrescente;Nublado;Simples;Reta;Não;4;0;1;0;2;2;1;4;-4,712952;-39,463287;SPRF-CE;DEL02-CE;UOP01-DEL02-CE
695681;03/06/2025;terça-feira;22:30:00;TO;153;696,8;CARIRI DO TOCANTINS;Ultrapassagem Indevida;Colisão lateral sentido oposto;Com Vítimas Feridas;Plena Noite;Crescente;Céu Claro;Simples;Reta;Não;3;0;1;0;1;1;1;3;-11,92305556;-49,18138889;SPRF-TO;DEL01-TO;UOP02-DEL01-TO
695682;03/06/2025;terça-feira;23:00:00;ES;259;103;BAIXO GUANDU;Reação tardia ou ineficiente do condutor;Colisão transversal;Com Vítimas Feridas;Plena Noite;Decrescente;Céu Claro;Simples;Reta;Não;3;0;1;0;1;1;1;3;-19,517013;-41,020092;SPRF-ES;DEL02-ES;UOP01-DEL02-ES
695685;21/01/2025;terça-feira;00:10:00;GO;20;154;ALVORADA DO NORTE;Objeto estático sobre o leito carroçável;Colisão frontal;Com Vítimas Fatais;Plena Noite;Crescente;Chuva;Simples;Reta;Não;10;2;1;2;4;1;3;4;-14,682544;-46,647003;SPRF-DF;DEL02-DF;UOP03-DEL02-DF
695687;03/06/2025;terça-feira;21:10:00;PR;369;87,3;CORNELIO PROCOPIO;Ausência de reação do condutor;Saída de leito carroçável;Com Vítimas Feridas;Plena Noite;Crescente;Garoa/Chuvisco;Simples;Curva;Não;1;0;1;0;0;0;1;1;-23,179834;-50,624062;SPRF-PR;DEL07-PR;UOP05-DEL07-PR
695688;03/06/2025;terça-feira;21:30:00;MG;40;595,5;OURO PRETO;Demais falhas mecânicas ou elétricas;Eventos atípicos;Com Vítimas Fatais;Plena Noite;Decrescente;Nublado;Simples;Reta;Não;2;1;0;0;0;1;0;2;-20,41258;-43,89448;SPRF-MG;DEL05-MG;UOP02-DEL05-MG
695691;03/06/2025;terça-feira;15:50:00;SC;280;221,2;TRES BARRAS;Reação tardia ou ineficiente do condutor;Tombamento;Com Vítimas Feridas;Pleno dia;Decrescente;Nublado;Simples;Rotatória;Não;2;0;1;0;0;1;1;2;-26,1727666;-50,2712894;SPRF-SC;DEL06-SC;UOP04-DEL06-SC
695694;04/06/2025;quarta-feira;04:25:00;ES;101;12;PEDRO CANARIO;Acessar a via sem observar a presença dos outros veículos;Colisão transversal;Com Vítimas Feridas;Amanhecer;Crescente;Nevoeiro/Neblina;Simples;Interseção de Vias;Não;3;0;2;0;0;1;2;2;-18,18759687;-39,92194788;SPRF-ES;DEL04-ES;UOP02-DEL04-ES
695695;04/06/2025;quarta-feira;02:30:00;SC;470;198,6;PONTE ALTA;Neblina;Saída de leito carroçável;Com Vítimas Feridas;Plena Noite;Decrescente;Garoa/Chuvisco;Simples;Reta;Não;1;0;1;0;0;0;1;1;-27,309992;-50,125327;SPRF-SC;DEL05-SC;UOP03-DEL05-SC
695701;04/06/2025;quarta-feira;06:50:00;CE;116;17;EUSEBIO;Manobra de mudança de faixa;Colisão transversal;Com Vítimas Feridas;Pleno dia;Crescente;Céu Claro;Dupla;Retorno Regulamentado;Sim;2;0;1;0;0;1;1;2;-3,89811757;-38,50387287;SPRF-CE;DEL01-CE;UOP02-DEL01-CE
695702;04/06/2025;quarta-feira;00:25:00;SC;280;1;SAO FRANCISCO DO SUL;Velocidade Incompatível;Colisão frontal;Com Vítimas Feridas;Plena Noite;Crescente;Nublado;Simples;Curva;Sim;3;0;0;1;1;1;1;3;-26,23409467;-48,62320153;SPRF-SC;DEL03-SC;UOP03-DEL03-SC
695706;04/06/2025;quarta-feira;05:30:00;MG;381;481,1;CONTAGEM;Ausência de reação do condutor;Colisão traseira;Com Vítimas Feridas;Amanhecer;Decrescente;Céu Claro;Múltipla;"Reta;Declive";Sim;3;0;1;0;1;1;1;3;-19,9589218;-44,0624082;SPRF-MG;DEL01-MG;UOP03-DEL01-MG
695708;27/04/2025;domingo;16:55:00;ES;101;361;GUARAPARI;Reação tardia ou ineficiente do condutor;Tombamento;Com Vítimas Fatais;Pleno dia;Crescente;Nublado;Simples;"Declive;Curva";Não;34;2;25;3;2;3;28;6;-20,6580058;-40,6172825;SPRF-ES;DEL03-ES;UOP01-DEL03-ES
695730;04/06/2025;quarta-feira;08:00:00;SC;101;334;TUBARAO;Manobra de mudança de faixa;Colisão lateral mesmo sentido;Com Vítimas Feridas;Pleno dia;Crescente;Sol;Múltipla;Reta;Sim;3;0;0;1;1;1;1;3;-28,4727908;-49,0275886;SPRF-SC;DEL02-SC;UOP01-DEL02-SC
695732;04/06/2025;quarta-feira;07:00:00;MG;381;266,2;ANTONIO DIAS;Condutor Dormindo;Colisão frontal;Com Vítimas Fatais;Pleno dia;Crescente;Céu Claro;Simples;"Interseção de Vias;Declive;Reta";Não;4;1;1;1;1;0;2;3;-19,53266835;-42,67238755;SPRF-MG;DEL03-MG;UOP02-DEL03-MG
695733;15/05/2025;quinta-feira;22:00:00;MA;316;614,6;TIMON;Deficiência do Sistema de Iluminação/Sinalização;Colisão lateral mesmo sentido;Com Vítimas Feridas;Plena Noite;Decrescente;Céu Claro;Simples;Reta;Sim;2;0;1;0;1;0;1;2;-5,081665;-42,841225;SPRF-MA;DEL03-MA;UOP02-DEL03-MA
695738;04/06/2025;quarta-feira;08:10:00;SC;101;291,3;IMBITUBA;Animais na Pista;Atropelamento de Animal;Com Vítimas Feridas;Pleno dia;Crescente;Sol;Múltipla;Reta;Sim;2;0;1;0;1;0;1;2;-28,291232;-48,709579;SPRF-SC;DEL02-SC;UOP03-DEL02-SC
695739;04/06/2025;quarta-feira;01:00:00;BA;324;430;RIACHAO DO JACUIPE;Ausência de reação do condutor;Saída de leito carroçável;Com Vítimas Feridas;Plena Noite;Crescente;Chuva;Simples;Reta;Não;1;0;0;1;0;0;1;1;-11,78670269;-39,43267822;SPRF-BA;DEL04-BA;UOP02-DEL04-BA
695744;04/06/2025;quarta-feira;07:50:00;RO;364;514;ARIQUEMES;Acessar a via sem observar a presença dos outros veículos;Colisão transversal;Com Vítimas Feridas;Pleno dia;Crescente;Céu Claro;Simples;Reta;Não;3;0;1;0;1;2;1;4;-9,92655721;-63,05491138;SPRF-RO;DEL03-RO;UOP01-DEL03-RO
695747;04/06/2025;quarta-feira;04:35:00;SC;282;166,9;BOCAINA DO SUL;Reação tardia ou ineficiente do condutor;Colisão com objeto;Com Vítimas Feridas;Plena Noite;Crescente;Nevoeiro/Neblina;Simples;Curva;Não;1;0;1;0;0;0;1;1;-27,748544;-49,81518;SPRF-SC;DEL05-SC;UOP01-DEL05-SC
695754;04/06/2025;quarta-feira;09:28:00;MG;40;528,1;CONTAGEM;Condutor deixou de manter distância do veículo da frente;Colisão traseira;Com Vítimas Feridas;Pleno dia;Crescente;Céu Claro;Dupla;"Interseção de Vias;Aclive;Reta";Sim;4;0;2;0;1;1;2;3;-19,9082916;-44,0505075;SPRF-MG;DEL01-MG;UOP02-DEL01-MG
695755;04/06/2025;quarta-feira;07:53:00;MG;153;30;CANAPOLIS;Manobra de mudança de faixa;Colisão lateral mesmo sentido;Sem Vítimas;Amanhecer;Crescente;Céu Claro;Dupla;Reta;Não;2;0;0;0;2;0;0;2;-18,70167974;-49,14387704;SPRF-MG;DEL15-MG;UOP03-DEL15-MG
695756;04/06/2025;quarta-feira;09:45:00;RS;386;35;FREDERICO WESTPHALEN;Acessar a via sem observar a presença dos outros veículos;Colisão transversal;Com Vítimas Feridas;Pleno dia;Crescente;Céu Claro;Simples;"Reta;Interseção de Vias";Não;3;0;1;0;1;1;1;3;-27,36614063;-53,39603154;SPRF-RS;DEL08-RS;UOP02-DEL08-RS
695757;04/06/2025;quarta-feira;07:30:00;BA;116;604;IRAJUBA;Condutor deixou de manter distância do veículo da frente;Colisão traseira;Com Vítimas Feridas;Pleno dia;Decrescente;Céu Claro;Simples;Ponte;Não;3;0;0;1;1;2;1;4;-13,27522162;-40,01466393;SPRF-BA;DEL03-BA;UOP02-DEL03-BA
695761;04/06/2025;quarta-feira;09:40:00;MT;70;376;CAMPO VERDE;Reação tardia ou ineficiente do condutor;Colisão frontal;Com Vítimas Feridas;Pleno dia;Crescente;Céu Claro;Simples;"Reta;Interseção de Vias";Não;3;0;1;0;1;3;1;5;-15,505891;-55,109095;SPRF-MT;DEL05-MT;UOP02-DEL05-MT
695765;04/06/2025;quarta-feira;10:45:00;RJ;493;11;GUAPIMIRIM;Reação tardia ou ineficiente do condutor;Colisão traseira;Com Vítimas Feridas;Pleno dia;Decrescente;Céu Claro;Simples;Reta;Sim;5;0;1;0;3;4;1;8;-22,70288009;-42,95534134;SPRF-RJ;DEL04-RJ;UOP02-DEL04-RJ
695767;27/03/2025;quinta-feira;16:55:00;PI;407;586;ACAUA;Transitar na contramão;Colisão frontal;Com Vítimas Fatais;Pleno dia;Crescente;Céu Claro;Dupla;Curva;Não;2;1;0;0;1;0;0;2;-8,225093;-41,071402;SPRF-PI;DEL04-PI;UOP01-DEL04-PI
695772;04/06/2025;quarta-feira;11:30:00;RJ;493;105;SEROPEDICA;Reação tardia ou ineficiente do condutor;Tombamento;Com Vítimas Feridas;Pleno dia;Decrescente;Céu Claro;Dupla;Curva;Não;1;0;1;0;0;0;1;1;-22,79643932;-43,78601074;SPRF-RJ;DEL01-RJ;UOP03-DEL01-RJ
695779;04/06/2025;quarta-feira;11:30:00;RS;386;388;TRIUNFO;Acostamento em desnível;Colisão traseira;Sem Vítimas;Pleno dia;Decrescente;Céu Claro;Simples;Reta;Não;2;0;0;0;2;0;0;2;-29,701;-51,684;SPRF-RS;DEL04-RS;UOP02-DEL04-RS
695781;04/06/2025;quarta-feira;06:30:00;MG;364;34,8;FRUTAL;Transitar na contramão;Colisão lateral sentido oposto;Com Vítimas Feridas;Pleno dia;Crescente;Céu Claro;Simples;Reta;Não;3;0;1;0;1;3;1;5;-19,998509;-48,952686;SPRF-MG;DEL13-MG;UOP02-DEL13-MG
695783;31/05/2025;sábado;03:00:00;BA;116;556;BREJOES;Condutor Dormindo;Colisão frontal;Com Vítimas Feridas;Plena Noite;Crescente;Céu Claro;Simples;Reta;Não;3;0;1;0;2;0;1;2;-12,93886771;-39,90807731;SPRF-BA;DEL03-BA;UOP02-DEL03-BA
695786;04/06/2025;quarta-feira;13:00:00;MG;365;459,5;PATROCINIO;Fumaça;Colisão traseira;Com Vítimas Feridas;Pleno dia;Decrescente;Céu Claro;Simples;Reta;Não;2;0;0;1;1;0;1;2;-18,86109;-46,88882;SPRF-MG;DEL10-MG;UOP01-DEL10-MG
695789;04/06/2025;quarta-feira;12:30:00;SC;101;108,9;PENHA;Reação tardia ou ineficiente do condutor;Colisão lateral mesmo sentido;Com Vítimas Feridas;Pleno dia;Decrescente;Céu Claro;Dupla;Reta;Não;2;0;1;0;1;0;1;2;-26,82205472;-48,68565953;SPRF-SC;DEL03-SC;UOP02-DEL03-SC
695791;04/06/2025;quarta-feira;13:30:00;PR;376;615;SAO JOSE DOS PINHAIS;Ausência de reação do condutor;Colisão traseira;Com Vítimas Feridas;Pleno dia;Crescente;Sol;Dupla;Reta;Sim;2;0;0;1;1;0;1;2;-25,57427473;-49,18008026;SPRF-PR;DEL01-PR;UOP04-DEL01-PR
695795;04/06/2025;quarta-feira;09:41:00;PE;101;104;CABO DE SANTO AGOSTINHO;Ausência de reação do condutor;Atropelamento de Pedestre;Com Vítimas Feridas;Pleno dia;Decrescente;Chuva;Dupla;Reta;Sim;2;0;0;1;1;0;1;2;-8,297765;-35,064245;SPRF-PE;DEL01-PE;UOP03-DEL01-PE
695798;04/06/2025;quarta-feira;13:10:00;GO;153;304;RIALMA;Ausência de reação do condutor;Colisão traseira;Com Vítimas Feridas;Pleno dia;Decrescente;Céu Claro;Simples;"Reta;Aclive";Não;2;0;1;0;1;0;1;2;-15,33111113;-49,57070444;SPRF-GO;DEL02-GO;UOP02-DEL02-GO
695804;04/06/2025;quarta-feira;13:35:00;PR;369;380,9;MAMBORE;Transitar na contramão;Colisão frontal;Com Vítimas Fatais;Pleno dia;Crescente;Céu Claro;Simples;Reta;Não;3;1;0;0;2;0;0;2;-24,3048247;-52,60137667;SPRF-PR;DEL04-PR;UOP03-DEL04-PR
695810;12/05/2025;segunda-feira;12:30:00;RO;364;626;ITAPUA DO OESTE;Condutor deixou de manter distância do veículo da frente;Colisão lateral mesmo sentido;Sem Vítimas;Pleno dia;Decrescente;Céu Claro;Simples;Reta;Não;6;0;0;0;5;2;0;4;-9,074274;-63,345289;SPRF-RO;DEL01-RO;UOP04-DEL01-RO
695812;04/06/2025;quarta-feira;15:00:00;SE;101;148;ESTANCIA;Reação tardia ou ineficiente do condutor;Tombamento;Com Vítimas Feridas;Pleno dia;Crescente;Céu Claro;Dupla;"Curva;Retorno Regulamentado;Aclive";Sim;2;0;1;0;0;1;1;2;-11,237824;-37,43015;SPRF-SE;DEL02-SE;UOP01-DEL02-SE
695814;04/06/2025;quarta-feira;08:00:00;RJ;101;296;ITABORAI;Reação tardia ou ineficiente do condutor;Colisão lateral mesmo sentido;Com Vítimas Feridas;Pleno dia;Crescente;Céu Claro;Dupla;Curva;Não;4;0;0;1;3;0;1;3;-22,76757498;-42,91546226;SPRF-RJ;DEL02-RJ;UOP02-DEL02-RJ
695815;23/05/2025;sexta-feira;12:00:00;PR;116;125;FAZENDA RIO GRANDE;Ausência de reação do condutor;Colisão traseira;Com Vítimas Feridas;Pleno dia;Decrescente;Sol;Dupla;Reta;Sim;3;0;1;0;2;0;1;3;-25,64497179;-49,31266403;SPRF-PR;DEL01-PR;UOP03-DEL01-PR
695821;04/06/2025;quarta-feira;15:10:00;SP;116;346;MIRACATU;Velocidade Incompatível;Colisão traseira;Sem Vítimas;Pleno dia;Decrescente;Céu Claro;Dupla;Aclive;Não;2;0;0;0;2;0;0;2;-24,04274473;-47,1971283;SPRF-SP;DEL04-SP;UOP03-DEL04-SP
695826;04/06/2025;quarta-feira;14:00:00;MG;40;19;PARACATU;Ausência de reação do condutor;Colisão lateral sentido oposto;Com Vítimas Fatais;Pleno dia;Crescente;Céu Claro;Simples;Reta;Não;5;2;0;0;2;2;0;5;-17,2415035;-46,8237284;SPRF-MG;DEL14-MG;UOP01-DEL14-MG
695827;04/06/2025;quarta-feira;13:00:00;RS;153;395,9;CACHOEIRA DO SUL;Ausência de reação do condutor;Saída de leito carroçável;Com Vítimas Feridas;Pleno dia;Crescente;Sol;Simples;Reta;Não;2;0;1;0;0;1;1;2;-29,95351463;-52,946181;SPRF-RS;DEL02-RS;UOP03-DEL02-RS
695831;04/06/2025;quarta-feira;16:55:00;MG;153;10,1;ARAPORA;Demais falhas mecânicas ou elétricas;Incêndio;Sem Vítimas;Pleno dia;Crescente;Céu Claro;Dupla;Reta;Não;2;0;0;0;1;1;0;2;-18,513865;-49,189173;SPRF-MG;DEL15-MG;UOP03-DEL15-MG
695832;04/06/2025;quarta-feira;17:00:00;RS;386;351,4;ESTRELA;Manobra de mudança de faixa;Colisão lateral mesmo sentido;Sem Vítimas;Pleno dia;Decrescente;Nublado;Dupla;"Interseção de Vias;Desvio Temporário;Em Obras;Reta";Sim;2;0;0;0;2;0;0;2;-29,47756232;-51,95365906;SPRF-RS;DEL04-RS;UOP01-DEL04-RS
695833;04/06/2025;quarta-feira;14:00:00;RO;435;67,4;COLORADO DO OESTE;Ultrapassagem Indevida;Colisão frontal;Com Vítimas Fatais;Pleno dia;Crescente;Céu Claro;Simples;"Declive;Reta";Não;3;1;0;0;1;5;0;7;-13,09891771;-60,39266846;SPRF-RO;DEL04-RO;UOP02-DEL04-RO
695846;04/06/2025;quarta-feira;15:30:00;BA;116;630,7;JAGUAQUARA;Demais falhas mecânicas ou elétricas;Colisão traseira;Com Vítimas Feridas;Pleno dia;Crescente;Sol;Simples;"Reta;Declive";Não;3;0;0;1;2;0;1;2;-13,50024932;-40,05079865;SPRF-BA;DEL03-BA;UOP01-DEL03-BA
695849;04/06/2025;quarta-feira;17:51:00;BA;415;51;ITABUNA;Condutor deixou de manter distância do veículo da frente;Colisão traseira;Com Vítimas Feridas;Plena Noite;Crescente;Céu Claro;Simples;Reta;Não;3;0;2;0;1;0;2;2;-14,84381516;-39,33547094;SPRF-BA;DEL05-BA;UOP01-DEL05-BA
695851;04/06/2025;quarta-feira;05:00:00;AL;101;5,9;NOVO LINO;Acumulo de água sobre o pavimento;Saída de leito carroçável;Com Vítimas Feridas;Amanhecer;Decrescente;Chuva;Dupla;Reta;Não;3;0;2;0;1;0;2;1;-8,9312169;-35,6425201;SPRF-AL;DEL01-AL;UOP02-DEL01-AL
695860;04/06/2025;quarta-feira;18:20:00;SC;101;194,2;BIGUACU;Reação tardia ou ineficiente do condutor;Colisão lateral mesmo sentido;Sem Vítimas;Plena Noite;Decrescente;Céu Claro;Múltipla;Reta;Sim;2;0;0;0;2;0;0;2;-27,4999954;-48,654819;SPRF-SC;DEL01-SC;UOP01-DEL01-SC
695868;04/06/2025;quarta-feira;18:30:00;SP;116;146;SAO JOSE DOS CAMPOS;Manobra de mudança de faixa;Colisão lateral mesmo sentido;Com Vítimas Feridas;Plena Noite;Crescente;Nublado;Dupla;"Reta;Declive";Sim;3;0;1;0;1;1;1;3;-23,18943193;-45,85985414;SPRF-SP;DEL02-SP;UOP01-DEL02-SP
695869;04/06/2025;quarta-feira;19:05:00;MG;40;522,8;CONTAGEM;Acumulo de óleo sobre o pavimento;Eventos atípicos;Com Vítimas Feridas;Plena Noite;Decrescente;Céu Claro;Dupla;Reta;Não;7;0;4;1;1;1;5;4;-19,8672134;-44,0625125;SPRF-MG;DEL01-MG;UOP02-DEL01-MG
695876;04/06/2025;quarta-feira;18:00:00;PR;369;502,4;CASCAVEL;Manobra de mudança de faixa;Tombamento;Com Vítimas Fatais;Plena Noite;Decrescente;Céu Claro;Simples;Reta;Não;4;1;0;0;1;3;0;5;-24,9170883;-53,3875978;SPRF-PR;DEL04-PR;UOP01-DEL04-PR
695904;04/06/2025;quarta-feira;20:20:00;PI;316;303;PICOS;Transitar na contramão;Colisão lateral sentido oposto;Com Vítimas Feridas;Plena Noite;Crescente;Céu Claro;Simples;Reta;Não;3;0;0;1;1;1;1;3;-7,05799;-41,52422;SPRF-PI;DEL04-PI;UOP01-DEL04-PI
695906;04/06/2025;quarta-feira;21:20:00;PR;116;103;SAO JOSE DOS PINHAIS;Velocidade Incompatível;Tombamento;Com Vítimas Feridas;Plena Noite;Decrescente;Garoa/Chuvisco;Dupla;Reta;Não;3;0;1;0;1;4;1;6;-25,5557204;-49,0294857;SPRF-PR;DEL01-PR;UOP07-DEL01-PR
695907;04/06/2025;quarta-feira;22:25:00;SE;101;82,2;LARANJEIRAS;Entrada inopinada do pedestre;Atropelamento de Pedestre;Com Vítimas Fatais;Plena Noite;Decrescente;Céu Claro;Dupla;Reta;Não;2;1;0;0;0;1;0;2;-10,819187;-37,139222;SPRF-SE;DEL01-SE;UOP01-DEL01-SE
695911;04/06/2025;quarta-feira;22:20:00;MG;381;690;LAVRAS;Demais falhas mecânicas ou elétricas;Tombamento;Com Vítimas Feridas;Plena Noite;Decrescente;Nublado;Dupla;Reta;Não;1;0;1;0;0;0;1;1;-21,2061475;-45,1222125;SPRF-MG;DEL04-MG;UOP02-DEL04-MG
695914;04/06/2025;quarta-feira;22:00:00;SP;381;38;ATIBAIA;Ultrapassagem Indevida;Colisão com objeto;Sem Vítimas;Plena Noite;Crescente;Céu Claro;Dupla;Reta;Não;3;0;0;0;3;0;0;3;-23,1300046;-46,576804;SPRF-SP;DEL03-SP;UOP01-DEL03-SP