id;data_inversa;dia_semana;horario;uf;br;km;municipio;causa_acidente;tipo_acidente;classificacao_acidente;fase_dia;sentido_via;condicao_metereologica;tipo_pista;tracado_via;uso_solo;pessoas;mortos;feridos_leves;feridos_graves;ilesos;ignorados;feridos;veiculos;latitude;longitude;regional;delegacia;uop
695916;04/06/2025;quarta-feira;22:00:00;MT;174;7;PONTES E LACERDA;Ausência de reação do condutor;Colisão com objeto;Sem Vítimas;Plena Noite;Decrescente;Céu Claro;Simples;Reta;Não;2;0;0;0;2;0;0;2;-15,21408022;-59,35470879;SPRF-MT;DEL03-MT;UOP01-DEL03-MT
695921;05/06/2025;quinta-feira;00:10:00;GO;70;318;JUSSARA;Estacionar ou parar em local proibido;Colisão traseira;Com Vítimas Fatais;Plena Noite;Crescente;Céu Claro;Dupla;Reta;Sim;4;1;0;0;2;1;0;3;-15,8741982;-50,85820198;SPRF-GO;DEL04-GO;UOP02-DEL04-GO
695923;05/06/2025;quinta-feira;01:15:00;MG;116;528,2;CARATINGA;Acessar a via sem observar a presença dos outros veículos;Atropelamento de Pedestre;Com Vítimas Feridas;Plena Noite;Decrescente;Nublado;Simples;"Desvio Temporário;Em Obras;Declive;Curva";Sim;3;0;1;0;1;1;1;2;-19,79908027;-42,13873744;SPRF-MG;DEL06-MG;UOP02-DEL06-MG
695925;05/06/2025;quinta-feira;03:00:00;GO;153;136,1;MARA ROSA;Condutor deixou de manter distância do veículo da frente;Colisão traseira;Com Vítimas Feridas;Amanhecer;Crescente;Céu Claro;Simples;Aclive;Não;5;0;0;1;3;1;1;3;-13,973719;-49,090425;SPRF-GO;DEL07-GO;UOP01-DEL07-GO
695927;05/06/2025;quinta-feira;03:40:00;PE;232;249;ARCOVERDE;Reação tardia ou ineficiente do condutor;Tombamento;Com Vítimas Feridas;Plena Noite;Decrescente;Chuva;Simples;"Aclive;Reta";Não;4;0;1;0;2;1;1;2;-8,4248287;-37,03662872;SPRF-PE;DEL04-PE;UOP02-DEL04-PE
695939;05/06/2025;quinta-feira;07:00:00;RS;158;175;PEJUCARA;Demais falhas na via;Tombamento;Com Vítimas Feridas;Amanhecer;Decrescente;Chuva;Simples;"Reta;Aclive;Em Obras";Não;2;0;1;0;0;1;1;2;-28,477328;-53,547175;SPRF-RS;DEL10-RS;UOP02-DEL10-RS
695953;05/06/2025;quinta-feira;07:15:00;RS;290;91;PORTO ALEGRE;Condutor deixou de manter distância do veículo da frente;Colisão traseira;Com Vítimas Feridas;Pleno dia;Crescente;Chuva;Múltipla;Reta;Sim;2;0;1;0;0;1;1;2;-29,9697693;-51,17904807;SPRF-RS;DEL01-RS;UOP01-DEL01-RS
695955;05/06/2025;quinta-feira;07:20:00;BA;324;615;SALVADOR;Condutor Dormindo;Colisão traseira;Com Vítimas Feridas;Pleno dia;Crescente;Céu Claro;Dupla;Reta;Sim;7;0;1;1;4;1;2;3;-12,8828796;-38,4342738;SPRF-BA;DEL01-BA;UOP01-DEL01-BA
695962;05/06/2025;quinta-feira;05:15:00;CE;402;255,3;ITAPIPOCA;Transitar na contramão;Colisão frontal;Com Vítimas Fatais;Amanhecer;Crescente;Céu Claro;Simples;Reta;Não;8;4;0;1;3;0;1;2;-3,47425;-39,635154;SPRF-CE;DEL01-CE;UOP03-DEL01-CE
695963;05/06/2025;quinta-feira;06:20:00;RJ;493;8;GUAPIMIRIM;Condutor Dormindo;Colisão lateral sentido oposto;Com Vítimas Feridas;Pleno dia;Decrescente;Céu Claro;Simples;"Reta;Ponte";Não;7;0;3;1;2;1;4;4;-22,69390601;-42,95700073;SPRF-RJ;DEL04-RJ;UOP02-DEL04-RJ
695965;05/06/2025;quinta-feira;08:10:00;MG;262;450;NOVA SERRANA;Condutor deixou de manter distância do veículo da frente;Engavetamento;Com Vítimas Feridas;Pleno dia;Decrescente;Céu Claro;Simples;"Reta;Aclive";Não;3;0;1;0;1;1;1;3;-19,853641;-45,022134;SPRF-MG;DEL08-MG;UOP03-DEL08-MG
695976;05/06/2025;quinta-feira;08:00:00;BA;116;482;RAFAEL JAMBEIRO;Manobra de mudança de faixa;Colisão lateral mesmo sentido;Sem Vítimas;Pleno dia;Decrescente;Céu Claro;Dupla;Reta;Não;2;0;0;0;2;0;0;2;-12,533053;-39,417047;SPRF-BA;DEL02-BA;UOP01-DEL02-BA
695980;05/06/2025;quinta-feira;08:40:00;ES;101;315,9;VILA VELHA;Ultrapassagem Indevida;Tombamento;Com Vítimas Feridas;Pleno dia;Crescente;Céu Claro;Dupla;Retorno Regulamentado;Não;3;0;1;0;1;1;1;3;-20,47619455;-40,4710242;SPRF-ES;DEL01-ES;UOP01-DEL01-ES
695983;05/06/2025;quinta-feira;08:12:00;PE;232;123,5;CARUARU;Acesso irregular;Saída de leito carroçável;Sem Vítimas;Pleno dia;Decrescente;Céu Claro;Dupla;"Retorno Regulamentado;Reta";Não;2;0;0;0;1;1;0;2;-8,305735;-35,93339;SPRF-PE;DEL02-PE;UOP01-DEL02-PE
695988;30/03/2025;domingo;17:00:00;BA;242;267;BOA VISTA DO TUPIM;Transitar na contramão;Colisão frontal;Com Vítimas Fatais;Anoitecer;Decrescente;Céu Claro;Simples;"Reta;Declive";Não;15;9;2;3;0;2;5;4;-12,453237;-40,593145;SPRF-BA;DEL06-BA;UOP02-DEL06-BA
695990;05/06/2025;quinta-feira;09:00:00;MG;381;481;CONTAGEM;Objeto estático sobre o leito carroçável;Colisão com objeto;Com Vítimas Feridas;Pleno dia;Decrescente;Céu Claro;Dupla;"Reta;Aclive";Sim;3;0;1;0;1;1;1;3;-19,95976476;-44,05379243;SPRF-MG;DEL01-MG;UOP03-DEL01-MG
695991;05/06/2025;quinta-feira;10:50:00;SC;282;16,4;PALHOCA;Acessar a via sem observar a presença dos outros veículos;Colisão traseira;Com Vítimas Feridas;Pleno dia;Decrescente;Chuva;Simples;Reta;Sim;5;0;3;0;2;0;3;2;-27,66177;-48,68456;SPRF-SC;DEL01-SC;UOP02-DEL01-SC
695992;05/06/2025;quinta-feira;10:40:00;PR;376;256,9;CALIFORNIA;Estacionar ou parar em local proibido;Colisão frontal;Com Vítimas Feridas;Pleno dia;Decrescente;Chuva;Simples;Reta;Sim;2;0;1;0;1;0;1;2;-23,661844;-51,367229;SPRF-PR;DEL07-PR;UOP03-DEL07-PR
696000;05/06/2025;quinta-feira;10:45:00;MS;163;478,9;CAMPO GRANDE;Condutor deixou de manter distância do veículo da frente;Engavetamento;Com Vítimas Feridas;Pleno dia;Crescente;Céu Claro;Simples;Reta;Sim;7;0;2;0;4;2;2;6;-20,490224;-54,559226;SPRF-MS;DEL01-MS;UOP01-DEL01-MS
696001;05/06/2025;quinta-feira;10:20:00;PR;153;394,2;MALLET;Ultrapassagem Indevida;Colisão frontal;Com Vítimas Feridas;Pleno dia;Crescente;Chuva;Simples;Declive;Não;8;0;2;0;5;1;2;3;-25,920537;-50,849139;SPRF-PR;DEL08-PR;UOP02-DEL08-PR
696002;21/05/2025;quarta-feira;10:30:00;SP;116;444;REGISTRO;Reação tardia ou ineficiente do condutor;Colisão traseira;Com Vítimas Feridas;Pleno dia;Crescente;Nublado;Dupla;Reta;Sim;2;0;1;0;1;0;1;2;-24,48839833;-47,8351593;SPRF-SP;DEL05-SP;UOP01-DEL05-SP
696010;05/06/2025;quinta-feira;10:20:00;PR;376;335,9;ORTIGUEIRA;Acumulo de água sobre o pavimento;Colisão lateral sentido oposto;Com Vítimas Feridas;Pleno dia;Crescente;Chuva;Simples;Curva;Não;4;0;1;0;2;3;1;6;-24,123;-51,018;SPRF-PR;DEL07-PR;UOP02-DEL07-PR
696012;05/06/2025;quinta-feira;12:00:00;MG;40;648,1;CRISTIANO OTONI;Falta de acostamento;Colisão traseira;Com Vítimas Fatais;Pleno dia;Crescente;Sol;Simples;Reta;Não;4;1;0;1;2;0;1;2;-20,812963;-43,80951;SPRF-MG;DEL05-MG;UOP02-DEL05-MG
696016;05/06/2025;quinta-feira;09:00:00;SC;282;86;RANCHO QUEIMADO;Condutor Dormindo;Saída de leito carroçável;Sem Vítimas;Pleno dia;Crescente;Chuva;Simples;Curva;Não;1;0;0;0;1;0;0;1;-27,69475018;-49,06974792;SPRF-SC;DEL01-SC;UOP03-DEL01-SC
696018;05/06/2025;quinta-feira;12:50:00;MG;262;406,1;PARA DE MINAS;Condutor deixou de manter distância do veículo da frente;Colisão traseira;Com Vítimas Feridas;Pleno dia;Crescente;Sol;Dupla;Reta;Não;4;0;1;0;2;1;1;3;-19,8921758;-44,65169907;SPRF-MG;DEL01-MG;UOP03-DEL01-MG
696020;05/06/2025;quinta-feira;09:00:00;PR;163;140,5;CAPITAO LEONIDAS MARQUES;Velocidade Incompatível;Colisão lateral sentido oposto;Sem Vítimas;Pleno dia;Decrescente;Chuva;Simples;Reta;Não;6;0;0;0;3;3;0;4;-25,4735;-53,5873;SPRF-PR;DEL05-PR;UOP05-DEL05-PR
696022;05/06/2025;quinta-feira;04:30:00;PI;135;569,6;CORRENTE;Demais falhas mecânicas ou elétricas;Incêndio;Sem Vítimas;Plena Noite;Decrescente;Céu Claro;Simples;Reta;Não;3;0;0;0;2;2;0;3;-10,255098;-45,179175;SPRF-PI;DEL03-PI;UOP02-DEL03-PI
696029;05/06/2025;quinta-feira;14:25:00;MG;153;53,1;MONTE ALEGRE DE MINAS;Mal súbito do condutor;Saída de leito carroçável;Com Vítimas Feridas;Pleno dia;Crescente;Sol;Dupla;Reta;Não;1;0;1;0;0;0;1;1;-18,84765991;-49,08959627;SPRF-MG;DEL15-MG;UOP03-DEL15-MG
696031;05/06/2025;quinta-feira;14:30:00;MG;50;65;UBERLANDIA;Velocidade Incompatível;Tombamento;Com Vítimas Feridas;Pleno dia;Decrescente;Céu Claro;Dupla;Aclive;Não;2;0;1;0;0;1;1;2;-18,8587034;-48,252542;SPRF-MG;DEL15-MG;UOP02-DEL15-MG
696033;31/05/2025;sábado;11:20:00;PE;423;130,9;SALOA;Demais falhas mecânicas ou elétricas;Saída de leito carroçável;Com Vítimas Feridas;Pleno dia;Decrescente;Céu Claro;Simples;"Reta;Declive";Não;3;0;1;1;0;1;2;2;-8,963833;-36,757232;SPRF-PE;DEL03-PE;UOP01-DEL03-PE
696039;05/06/2025;quinta-feira;15:00:00;CE;116;2,5;FORTALEZA;Ausência de reação do condutor;Colisão traseira;Com Vítimas Feridas;Pleno dia;Decrescente;Céu Claro;Dupla;Reta;Não;2;0;1;0;1;0;1;2;-3,75917334;-38,51939678;SPRF-CE;DEL01-CE;UOP02-DEL01-CE
696040;05/06/2025;quinta-feira;13:40:00;MS;163;18;MUNDO NOVO;Manobra de mudança de faixa;Colisão transversal;Com Vítimas Feridas;Pleno dia;Decrescente;Sol;Simples;"Declive;Reta";Sim;2;0;1;0;1;0;1;2;-23,9348134;-54,2814498;SPRF-MS;DEL09-MS;UOP02-DEL09-MS
696045;05/06/2025;quinta-feira;13:30:00;RO;364;667;CANDEIAS DO JAMARI;Demais falhas mecânicas ou elétricas;Incêndio;Sem Vítimas;Pleno dia;Crescente;Céu Claro;Simples;Reta;Não;1;0;0;0;1;0;0;1;-8,77458093;-63,48692179;SPRF-RO;DEL01-RO;UOP01-DEL01-RO
696046;05/06/2025;quinta-feira;14:45:00;MG;40;581;OURO PRETO;Condutor Dormindo;Colisão frontal;Com Vítimas Feridas;Pleno dia;Crescente;Céu Claro;Simples;Reta;Não;6;0;0;2;2;2;2;4;-20,20840394;-43,51110257;SPRF-MG;DEL01-MG;UOP02-DEL01-MG
696056;05/06/2025;quinta-feira;16:10:00;DF;20;12;BRASILIA;Ausência de reação do condutor;Colisão lateral sentido oposto;Com Vítimas Feridas;Pleno dia;Crescente;Céu Claro;Múltipla;Em Obras;Sim;6;0;3;0;3;0;3;4;-15,6390905;-47,7516288;SPRF-DF;DEL02-DF;UOP01-DEL02-DF
696058;05/06/2025;quinta-feira;15:15:00;PR;373;189,5;PONTA GROSSA;Velocidade Incompatível;Saída de leito carroçável;Com Vítimas Fatais;Pleno dia;Crescente;Garoa/Chuvisco;Simples;Curva;Não;3;1;1;0;0;1;1;2;-25,056903;-50,332992;SPRF-PR;DEL03-PR;UOP01-DEL03-PR
696063;17/05/2025;sábado;07:30:00;MG;381;912,9;CAMANDUCAIA;Demais falhas mecânicas ou elétricas;Incêndio;Sem Vítimas;Pleno dia;Decrescente;Céu Claro;Dupla;Curva;Não;2;0;0;0;1;1;0;2;-22,713348;-46,12259388;SPRF-MG;DEL16-MG;UOP03-DEL16-MG
696069;05/06/2025;quinta-feira;17:50:00;SC;101;261;GAROPABA;Manobra de mudança de faixa;Colisão lateral mesmo sentido;Com Vítimas Feridas;Anoitecer;Crescente;Nublado;Simples;Reta;Não;3;0;1;0;1;1;1;3;-28,02948551;-48,70549321;SPRF-SC;DEL02-SC;UOP03-DEL02-SC
696073;05/06/2025;quinta-feira;18:15:00;BA;324;606,7;SIMOES FILHO;Deficiência do Sistema de Iluminação/Sinalização;Queda de ocupante de veículo;Com Vítimas Feridas;Plena Noite;Decrescente;Céu Claro;Dupla;Reta;Sim;2;0;1;0;1;0;1;2;-12,81257;-38,404861;SPRF-BA;DEL01-BA;UOP01-DEL01-BA
696081;05/06/2025;quinta-feira;18:00:00;SC;153;112;CONCORDIA;Acessar a via sem observar a presença dos outros veículos;Colisão lateral mesmo sentido;Com Vítimas Feridas;Plena Noite;Crescente;Nublado;Simples;"Reta;Interseção de Vias";Não;4;0;1;0;1;2;1;4;-27,1917213;-51,9357897;SPRF-SC;DEL07-SC;UOP04-DEL07-SC
696082;05/06/2025;quinta-feira;14:45:00;MS;267;45;BATAGUASSU;Carga excessiva e/ou mal acondicionada;Colisão lateral sentido oposto;Com Vítimas Feridas;Pleno dia;Crescente;Céu Claro;Simples;Curva;Não;5;0;0;1;1;4;1;5;-21,81040871;-52,53220081;SPRF-MS;DEL02-MS;UOP04-DEL02-MS
696083;05/06/2025;quinta-feira;19:10:00;PR;116;128;FAZENDA RIO GRANDE;Manobra de mudança de faixa;Colisão com objeto;Com Vítimas Feridas;Plena Noite;Crescente;Nublado;Dupla;Reta;Sim;2;0;1;0;0;1;1;2;-25,6588796;-49,312539;SPRF-PR;DEL01-PR;UOP03-DEL01-PR
696086;05/06/2025;quinta-feira;14:10:00;RO;364;426;JARU;Acessar a via sem observar a presença dos outros veículos;Colisão lateral mesmo sentido;Sem Vítimas;Pleno dia;Decrescente;Céu Claro;Dupla;Interseção de Vias;Sim;3;0;0;0;3;0;0;2;-10,4328408;-62,47965717;SPRF-RO;DEL03-RO;UOP02-DEL03-RO
696089;05/06/2025;quinta-feira;11:00:00;SC;101;374;ICARA;Avarias e/ou desgaste excessivo no pneu;Colisão lateral mesmo sentido;Sem Vítimas;Pleno dia;Decrescente;Nublado;Dupla;Reta;Sim;4;0;0;0;3;1;0;2;-28,723295;-49,237599;SPRF-SC;DEL02-SC;UOP01-DEL02-SC
696098;05/06/2025;quinta-feira;18:45:00;MA;10;241;IMPERATRIZ;Manobra de mudança de faixa;Colisão lateral sentido oposto;Com Vítimas Feridas;Plena Noite;Crescente;Céu Claro;Simples;Reta;Não;3;0;0;1;2;0;1;3;-5,61487751;-47,41642141;SPRF-MA;DEL04-MA;UOP01-DEL04-MA
696100;31/05/2025;sábado;23:00:00;BA;242;594;IBOTIRAMA;Velocidade Incompatível;Saída de leito carroçável;Sem Vítimas;Plena Noite;Crescente;Céu Claro;Simples;"Curva;Declive";Não;2;0;0;0;1;2;0;3;-12,087114;-43,160711;SPRF-BA;DEL06-BA;UOP03-DEL06-BA
696107;05/06/2025;quinta-feira;19:50:00;PR;277;109;CURITIBA;Manobra de mudança de faixa;Colisão lateral mesmo sentido;Com Vítimas Feridas;Plena Noite;Crescente;Céu Claro;Dupla;Curva;Não;7;0;1;0;5;1;1;3;-25,42737226;-49,38104359;SPRF-PR;DEL01-PR;UOP06-DEL01-PR
696109;05/06/2025;quinta-feira;19:50:00;RJ;393;232;VASSOURAS;Suicídio (presumido);Atropelamento de Pedestre;Com Vítimas Feridas;Plena Noite;Crescente;Nublado;Simples;Reta;Não;2;0;0;1;0;1;1;2;-22,39261854;-43,65142822;SPRF-RJ;DEL05-RJ;UOP03-DEL05-RJ
696115;05/06/2025;quinta-feira;15:45:00;MT;364;556;NOBRES;Acessar a via sem observar a presença dos outros veículos;Colisão transversal;Sem Vítimas;Pleno dia;Decrescente;Céu Claro;Dupla;Interseção de Vias;Não;3;0;0;0;2;2;0;4;-14,75517;-56,337943;SPRF-MT;DEL01-MT;UOP01-DEL01-MT
696116;05/06/2025;quinta-feira;18:20:00;MG;153;236;FRONTEIRA;Ausência de reação do condutor;Colisão traseira;Com Vítimas Feridas;Plena Noite;Crescente;Céu Claro;Simples;Reta;Não;3;0;0;1;1;2;1;4;-20,21333893;-49,13966272;SPRF-MG;DEL13-MG;UOP02-DEL13-MG
696117;05/06/2025;quinta-feira;19:30:00;AL;316;268,5;SATUBA;Transitar na contramão;Colisão lateral sentido oposto;Sem Vítimas;Plena Noite;Crescente;Céu Claro;Simples;"Reta;Ponte";Não;3;0;0;0;1;2;0;3;-9,57857075;-35,83511559;SPRF-AL;DEL02-AL;UOP01-DEL02-AL
696121;05/06/2025;quinta-feira;19:20:00;MA;135;372,4;SAO DOMINGOS DO MARANHAO;Transitar no Acostamento;Colisão frontal;Com Vítimas Feridas;Plena Noite;Decrescente;Céu Claro;Simples;Reta;Não;2;0;0;1;1;0;1;2;-5,551284;-44,394844;SPRF-MA;DEL06-MA;UOP01-DEL06-MA
696122;05/06/2025;quinta-feira;13:00:00;MT;158;691;BARRA DO GARCAS;Condutor Dormindo;Colisão frontal;Com Vítimas Feridas;Pleno dia;Decrescente;Céu Claro;Simples;Reta;Não;4;0;2;0;1;3;2;5;-14,97246531;-52,26420522;SPRF-MT;DEL07-MT;UOP01-DEL07-MT
696124;05/06/2025;quinta-feira;12:00:00;MG;50;120,4;UBERABA;Ausência de reação do condutor;Saída de leito carroçável;Com Vítimas Feridas;Pleno dia;Decrescente;Céu Claro;Dupla;Reta;Não;1;0;1;0;0;0;1;1;-19,313;-48,108;SPRF-MG;DEL13-MG;UOP01-DEL13-MG
696126;05/06/2025;quinta-feira;22:00:00;ES;101;280,3;SERRA;Reação tardia ou ineficiente do condutor;Colisão traseira;Com Vítimas Feridas;Plena Noite;Decrescente;Céu Claro;Dupla;Reta;Não;3;0;1;0;1;1;1;3;-20,2180495;-40,3505219;SPRF-ES;DEL02-ES;UOP01-DEL02-ES
696134;06/06/2025;sexta-feira;00:25:00;SC;470;184;POUSO REDONDO;Condutor Dormindo;Saída de leito carroçável;Com Vítimas Feridas;Plena Noite;Decrescente;Nublado;Simples;Reta;Não;2;0;1;0;0;1;1;2;-27,2527;-50,002925;SPRF-SC;DEL04-SC;UOP02-DEL04-SC
696135;06/06/2025;sexta-feira;00:30:00;PB;104;130;CAMPINA GRANDE;Ingestão de álcool pelo condutor;Colisão lateral mesmo sentido;Sem Vítimas;Plena Noite;Decrescente;Nublado;Dupla;"Curva;Em Obras";Não;3;0;0;0;3;0;0;2;-7,277643;-35,888445;SPRF-PB;DEL02-PB;UOP01-DEL02-PB
696137;06/06/2025;sexta-feira;02:30:00;PR;116;97;SAO JOSE DOS PINHAIS;Pedestre cruzava a pista fora da faixa;Atropelamento de Pedestre;Com Vítimas Fatais;Plena Noite;Crescente;Céu Claro;Dupla;Reta;Sim;3;1;0;0;1;1;0;3;-25,54556733;-49,15066407;SPRF-PR;DEL01-PR;UOP07-DEL01-PR
696140;06/06/2025;sexta-feira;03:20:00;RJ;101;469,8;ANGRA DOS REIS;Transitar na contramão;Colisão frontal;Com Vítimas Fatais;Plena Noite;Decrescente;Nublado;Simples;Reta;Não;5;2;0;2;1;0;2;2;-23,006313;-44,231845;SPRF-RJ;DEL03-RJ;UOP03-DEL03-RJ
696144;06/06/2025;sexta-feira;00:30:00;MG;381;907,2;CAMBUI;Curva acentuada;Saída de leito carroçável;Com Vítimas Feridas;Plena Noite;Decrescente;Garoa/Chuvisco;Dupla;Curva;Não;1;0;1;0;0;0;1;1;-22,63309445;-46,07416119;SPRF-MG;DEL16-MG;UOP03-DEL16-MG
696148;06/06/2025;sexta-feira;05:46:00;GO;20;28,7;FORMOSA;Objeto estático sobre o leito carroçável;Colisão traseira;Com Vítimas Fatais;Amanhecer;Decrescente;Chuva;Simples;Aclive;Não;3;1;0;0;1;1;0;3;-15,5102775;-47,1177616;SPRF-DF;DEL02-DF;UOP02-DEL02-DF
696150;06/06/2025;sexta-feira;06:15:00;PR;277;4,3;PARANAGUA;Ausência de sinalização;Colisão transversal;Com Vítimas Feridas;Amanhecer;Crescente;Garoa/Chuvisco;Dupla;Interseção de Vias;Sim;3;0;1;0;1;1;1;3;-25,53578807;-48,53082625;SPRF-PR;DEL01-PR;UOP05-DEL01-PR
696152;06/06/2025;sexta-feira;05:55:00;SC;116;286,8;CAPAO ALTO;Ausência de reação do condutor;Colisão traseira;Com Vítimas Feridas;Plena Noite;Decrescente;Céu Claro;Simples;"Reta;Aclive";Não;3;0;1;0;1;2;1;4;-28,13788592;-50,64671516;SPRF-SC;DEL05-SC;UOP02-DEL05-SC
696153;05/06/2025;quinta-feira;23:00:00;BA;242;784;ANGICAL;Condutor Dormindo;Colisão lateral sentido oposto;Com Vítimas Feridas;Plena Noite;Decrescente;Céu Claro;Simples;"Reta;Aclive";Não;9;0;1;0;3;10;1;10;-12,150123;-44,7016;SPRF-BA;DEL10-BA;UOP01-DEL10-BA
696158;06/06/2025;sexta-feira;07:30:00;PB;101;91;JOAO PESSOA;Ultrapassagem Indevida;Colisão lateral mesmo sentido;Com Vítimas Feridas;Pleno dia;Decrescente;Céu Claro;Dupla;Interseção de Vias;Não;5;0;3;0;2;0;3;3;-7,191941;-34,904176;SPRF-PB;DEL01-PB;UOP01-DEL01-PB
696162;06/06/2025;sexta-feira;06:00:00;PA;316;25;BENEVIDES;Acessar a via sem observar a presença dos outros veículos;Colisão com objeto;Sem Vítimas;Pleno dia;Crescente;Céu Claro;Dupla;"Retorno Regulamentado;Reta";Sim;4;0;0;0;3;1;0;3;-1,327582;-48,234273;SPRF-PA;DEL01-PA;UOP01-DEL01-PA
696165;06/06/2025;sexta-feira;07:00:00;PR;277;299;PRUDENTOPOLIS;Acessar a via sem observar a presença dos outros veículos;Atropelamento de Pedestre;Com Vítimas Feridas;Amanhecer;Crescente;Nevoeiro/Neblina;Simples;"Reta;Aclive";Não;3;0;0;1;1;2;1;4;-25,295036;-51,135097;SPRF-PR;DEL08-PR;UOP01-DEL08-PR
696166;06/06/2025;sexta-feira;06:00:00;MG;153;75,2;MONTE ALEGRE DE MINAS;Transitar na contramão;Colisão lateral sentido oposto;Com Vítimas Feridas;Amanhecer;Crescente;Céu Claro;Simples;"Reta;Declive;Ponte";Não;3;0;1;1;0;3;2;5;-19,02664715;-49,01116697;SPRF-MG;DEL15-MG;UOP03-DEL15-MG
696167;06/06/2025;sexta-feira;08:15:00;CE;116;1;FORTALEZA;Manobra de mudança de faixa;Colisão lateral mesmo sentido;Sem Vítimas;Pleno dia;Decrescente;Céu Claro;Dupla;Reta;Sim;2;0;0;0;2;0;0;2;-3,76476173;-38,51845264;SPRF-CE;DEL01-CE;UOP02-DEL01-CE
696171;06/06/2025;sexta-feira;08:25:00;BA;116;412;FEIRA DE SANTANA;Reação tardia ou ineficiente do condutor;Colisão com objeto;Com Vítimas Feridas;Pleno dia;Decrescente;Garoa/Chuvisco;Dupla;Reta;Não;1;0;1;0;0;0;1;1;-12,12198347;-38,96819842;SPRF-BA;DEL02-BA;UOP01-DEL02-BA
696178;06/06/2025;sexta-feira;08:18:00;AP;210;0;MACAPA;Ausência de reação do condutor;Colisão traseira;Com Vítimas Feridas;Pleno dia;Decrescente;Céu Claro;Múltipla;Reta;Sim;3;0;0;1;0;2;1;3;0,07757533;-51,06373278;SPRF-AP;DEL01-AP;UOP01-DEL01-AP
696181;06/06/2025;sexta-feira;08:15:00;PR;376;413,5;TIBAGI;Reação tardia ou ineficiente do condutor;Colisão traseira;Com Vítimas Feridas;Pleno dia;Crescente;Nevoeiro/Neblina;Dupla;"Curva;Aclive";Não;3;0;0;1;1;2;1;4;-24,63968391;-50,62684536;SPRF-PR;DEL03-PR;UOP02-DEL03-PR
696184;06/06/2025;sexta-feira;08:30:00;MG;40;528,1;CONTAGEM;Manobra de mudança de faixa;Colisão lateral mesmo sentido;Com Vítimas Feridas;Pleno dia;Crescente;Céu Claro;Múltipla;"Reta;Aclive;Interseção de Vias";Sim;2;0;1;0;1;0;1;2;-19,910024;-44,043524;SPRF-MG;DEL01-MG;UOP02-DEL01-MG
696185;06/06/2025;sexta-feira;08:20:00;PB;230;19;JOAO PESSOA;Ausência de reação do condutor;Colisão traseira;Com Vítimas Feridas;Pleno dia;Decrescente;Céu Claro;Dupla;"Aclive;Reta";Não;4;0;1;1;2;0;2;3;-7,132548;-34,853494;SPRF-PB;DEL01-PB;UOP01-DEL01-PB
696199;06/06/2025;sexta-feira;08:20:00;MG;381;598,4;CARMOPOLIS DE MINAS;Reação tardia ou ineficiente do condutor;Colisão com objeto;Com Vítimas Feridas;Pleno dia;Decrescente;Céu Claro;Dupla;"Reta;Declive";Não;6;0;2;0;3;4;2;7;-20,59605315;-44,70703661;SPRF-MG;DEL04-MG;UOP01-DEL04-MG
696201;06/06/2025;sexta-feira;08:20:00;RJ;356;148;CAMPOS DOS GOYTACAZES;Estacionar ou parar em local proibido;Colisão lateral mesmo sentido;Com Vítimas Feridas;Pleno dia;Crescente;Céu Claro;Simples;Reta;Sim;3;0;1;0;2;0;1;3;-21,7585291;-41,3317088;SPRF-RJ;DEL08-RJ;UOP02-DEL08-RJ
696203;06/06/2025;sexta-feira;09:00:00;SC;470;108,4;APIUNA;Entrada inopinada do pedestre;Atropelamento de Pedestre;Com Vítimas Fatais;Pleno dia;Decrescente;Nublado;Simples;Reta;Sim;3;1;0;0;1;2;0;4;-27,083697;-49,446673;SPRF-SC;DEL04-SC;UOP02-DEL04-SC
696208;21/05/2025;quarta-feira;22:45:00;SP;116;508,3;CAJATI;Ausência de reação do condutor;Capotamento;Com Vítimas Feridas;Plena Noite;Decrescente;Chuva;Simples;"Declive;Curva";Não;2;0;1;0;1;0;1;2;-24,81767517;-48,21038765;SPRF-SP;DEL05-SP;UOP02-DEL05-SP
696210;10/04/2025;quinta-feira;23:15:00;PA;10;244;AURORA DO PARA;Demais falhas mecânicas ou elétricas;Colisão transversal;Com Vítimas Feridas;Plena Noite;Decrescente;Céu Claro;Simples;Aclive;Não;3;0;0;1;1;1;1;3;-2,301511;-47,56376;SPRF-PA;DEL02-PA;UOP01-DEL02-PA
696218;06/06/2025;sexta-feira;12:00:00;PR;376;186,5;MARIALVA;Animais na Pista;Colisão traseira;Com Vítimas Feridas;Pleno dia;Crescente;Céu Claro;Dupla;Declive;Não;5;0;0;1;3;1;1;5;-23,454148;-51,849102;SPRF-PR;DEL09-PR;UOP01-DEL09-PR
696230;11/05/2025;domingo;19:00:00;MT;364;202;RONDONOPOLIS;Demais falhas mecânicas ou elétricas;Colisão com objeto;Com Vítimas Feridas;Anoitecer;Decrescente;Céu Claro;Dupla;"Reta;Declive";Sim;2;0;1;0;0;3;1;4;-16,47527;-54,65354;SPRF-MT;DEL02-MT;UOP01-DEL02-MT
696233;06/06/2025;sexta-feira;11:45:00;SE;101;132,6;ESTANCIA;Ausência de reação do condutor;Colisão com objeto;Sem Vítimas;Pleno dia;Crescente;Nublado;Dupla;"Declive;Reta";Não;1;0;0;0;1;0;0;1;-11,11694296;-37,37727497;SPRF-SE;DEL02-SE;UOP01-DEL02-SE
696236;06/06/2025;sexta-feira;11:20:00;PA;10;15,4;DOM ELISEU;Acessar a via sem observar a presença dos outros veículos;Colisão traseira;Com Vítimas Feridas;Pleno dia;Decrescente;Céu Claro;Simples;Reta;Sim;3;0;1;0;1;2;1;4;-4,315668;-47,55388;SPRF-PA;DEL02-PA;UOP02-DEL02-PA