id;data_inversa;dia_semana;horario;uf;br;km;municipio;causa_acidente;tipo_acidente;classificacao_acidente;fase_dia;sentido_via;condicao_metereologica;tipo_pista;tracado_via;uso_solo;pessoas;mortos;feridos_leves;feridos_graves;ilesos;ignorados;feridos;veiculos;latitude;longitude;regional;delegacia;uop
698363;15/06/2025;domingo;20:05:00;BA;116;361,2;SERRINHA;Acessar a via sem observar a presença dos outros veículos;Colisão traseira;Com Vítimas Feridas;Plena Noite;Decrescente;Céu Claro;Simples;Reta;Sim;2;0;1;0;1;0;1;2;-11,68597395;-38,9894987;SPRF-BA;DEL02-BA;UOP01-DEL02-BA
698369;15/06/2025;domingo;18:30:00;MT;364;3,8;SANTO ANTONIO DO LEVERGER;Reação tardia ou ineficiente do condutor;Tombamento;Com Vítimas Feridas;Plena Noite;Decrescente;Céu Claro;Dupla;"Declive;Curva";Não;2;0;0;1;0;2;1;3;-15,80114;-55,65816;SPRF-MT;DEL05-MT;UOP02-DEL05-MT
698372;15/06/2025;domingo;18:50:00;PA;163;651;ITAITUBA;Demais falhas mecânicas ou elétricas;Colisão lateral sentido oposto;Com Vítimas Feridas;Pleno dia;Crescente;Céu Claro;Simples;"Declive;Reta";Não;3;0;1;0;1;6;1;8;-4,51542018;-55,86680889;SPRF-PA;DEL05-PA;UOP02-DEL05-PA
698379;15/06/2025;domingo;21:00:00;SP;116;195;ARUJA;Acessar a via sem observar a presença dos outros veículos;Colisão traseira;Sem Vítimas;Plena Noite;Decrescente;Nublado;Dupla;Reta;Não;2;0;0;0;0;2;0;2;-23,38903473;-46,27603278;SPRF-SP;DEL01-SP;UOP01-DEL01-SP
698386;15/06/2025;domingo;18:00:00;MG;116;137;PONTO DOS VOLANTES;Ausência de reação do condutor;Colisão com objeto;Sem Vítimas;Anoitecer;Decrescente;Céu Claro;Simples;"Declive;Reta";Não;2;0;0;0;1;1;0;2;-16,7545882;-41,50231361;SPRF-MG;DEL11-MG;UOP02-DEL11-MG
698388;15/06/2025;domingo;19:10:00;PI;316;288;PICOS;Ausência de reação do condutor;Colisão traseira;Com Vítimas Feridas;Plena Noite;Crescente;Céu Claro;Simples;Reta;Não;3;0;1;2;0;0;3;2;-7,00822005;-41,59849105;SPRF-PI;DEL04-PI;UOP01-DEL04-PI
698389;15/06/2025;domingo;20:00:00;PI;316;288;PICOS;Reação tardia ou ineficiente do condutor;Colisão traseira;Com Vítimas Feridas;Plena Noite;Crescente;Céu Claro;Dupla;Reta;Não;2;0;1;0;1;0;1;2;-6,99552244;-41,62200451;SPRF-PI;DEL04-PI;UOP01-DEL04-PI
698390;15/06/2025;domingo;20:15:00;BA;242;419;SEABRA;Reação tardia ou ineficiente do condutor;Colisão traseira;Com Vítimas Feridas;Plena Noite;Crescente;Céu Claro;Simples;"Reta;Aclive";Não;3;0;1;0;1;2;1;4;-12,43378765;-41,81802168;SPRF-BA;DEL06-BA;UOP01-DEL06-BA
698398;15/06/2025;domingo;21:10:00;RJ;40;107;DUQUE DE CAXIAS;Demais falhas mecânicas ou elétricas;Incêndio;Sem Vítimas;Plena Noite;Crescente;Céu Claro;Dupla;Reta;Não;1;0;0;0;1;0;0;1;-22,65869029;-43,2844162;SPRF-RJ;DEL01-RJ;UOP02-DEL01-RJ
698403;15/06/2025;domingo;21:15:00;MG;116;460,8;ENGENHEIRO CALDAS;Conversão proibida;Colisão transversal;Com Vítimas Feridas;Plena Noite;Crescente;Céu Claro;Simples;Reta;Não;5;0;1;1;1;2;2;4;-19,24277135;-42,05705183;SPRF-MG;DEL06-MG;UOP02-DEL06-MG
698404;15/06/2025;domingo;22:00:00;BA;242;787;BARREIRAS;Ausência de reação do condutor;Tombamento;Com Vítimas Fatais;Plena Noite;Crescente;Céu Claro;Simples;Reta;Não;2;1;0;0;0;1;0;2;-12,1424;-44,7246;SPRF-BA;DEL10-BA;UOP01-DEL10-BA
698407;15/06/2025;domingo;22:20:00;MG;262;553,3;LUZ;Velocidade Incompatível;Saída de leito carroçável;Com Vítimas Feridas;Plena Noite;Decrescente;Céu Claro;Simples;Curva;Não;2;0;0;1;0;1;1;2;-19,7080243;-45,919463;SPRF-MG;DEL08-MG;UOP02-DEL08-MG
698419;16/06/2025;segunda-feira;01:30:00;MG;381;755,4;TRES CORACOES;Velocidade Incompatível;Colisão com objeto;Com Vítimas Feridas;Plena Noite;Decrescente;Céu Claro;Dupla;Curva;Sim;2;0;1;0;1;0;1;1;-21,66899462;-45,32632828;SPRF-MG;DEL16-MG;UOP02-DEL16-MG
698430;16/06/2025;segunda-feira;04:40:00;BA;116;657;JEQUIE;Ausência de reação do condutor;Saída de leito carroçável;Com Vítimas Feridas;Amanhecer;Decrescente;Céu Claro;Simples;Curva;Não;1;0;0;1;0;0;1;1;-13,77465272;-40,10171986;SPRF-BA;DEL03-BA;UOP01-DEL03-BA
698431;16/06/2025;segunda-feira;05:00:00;PR;476;103;COLOMBO;Manobra de mudança de faixa;Colisão frontal;Com Vítimas Feridas;Amanhecer;Decrescente;Céu Claro;Simples;"Ponte;Curva";Não;5;0;2;0;1;2;2;3;-25,26648624;-49,14007545;SPRF-PR;DEL01-PR;UOP01-DEL01-PR
698434;16/06/2025;segunda-feira;04:30:00;AL;316;202;MARIBONDO;Ausência de reação do condutor;Colisão frontal;Com Vítimas Feridas;Amanhecer;Crescente;Céu Claro;Simples;Curva;Sim;2;0;0;1;1;0;1;2;-9,58249778;-36,30956618;SPRF-AL;DEL03-AL;UOP01-DEL03-AL
698439;15/06/2025;domingo;12:55:00;BA;116;760;POCOES;Velocidade Incompatível;Colisão traseira;Com Vítimas Feridas;Pleno dia;Crescente;Céu Claro;Simples;Reta;Não;3;0;1;0;2;0;1;3;-14,539374;-40,391992;SPRF-BA;DEL08-BA;UOP02-DEL08-BA
698443;16/06/2025;segunda-feira;06:00:00;PR;369;358;CAMPO MOURAO;Ausência de reação do condutor;Colisão lateral sentido oposto;Com Vítimas Feridas;Amanhecer;Crescente;Nevoeiro/Neblina;Simples;Reta;Não;4;0;1;0;3;0;1;2;-24,17451444;-52,49309323;SPRF-PR;DEL09-PR;UOP03-DEL09-PR
698450;16/06/2025;segunda-feira;07:00:00;SC;101;357;SANGAO;Velocidade Incompatível;Colisão com objeto;Sem Vítimas;Pleno dia;Crescente;Nevoeiro/Neblina;Simples;Reta;Não;1;0;0;0;1;0;0;1;-28,65075;-49,10575;SPRF-SC;DEL02-SC;UOP01-DEL02-SC
698454;16/06/2025;segunda-feira;06:25:00;PR;277;639,9;CEU AZUL;Demais falhas mecânicas ou elétricas;Tombamento;Com Vítimas Feridas;Amanhecer;Crescente;Nevoeiro/Neblina;Simples;Reta;Não;2;0;1;0;0;1;1;2;-25,16947217;-53,85965321;SPRF-PR;DEL05-PR;UOP02-DEL05-PR
698458;16/06/2025;segunda-feira;06:40:00;PR;163;139,3;CAPITAO LEONIDAS MARQUES;Ausência de reação do condutor;Colisão frontal;Com Vítimas Feridas;Amanhecer;Crescente;Nevoeiro/Neblina;Simples;Reta;Não;2;0;1;0;1;0;1;2;-25,49131878;-53,59508514;SPRF-PR;DEL05-PR;UOP05-DEL05-PR
698466;16/06/2025;segunda-feira;08:00:00;RJ;116;185;NOVA IGUACU;Condutor deixou de manter distância do veículo da frente;Colisão traseira;Com Vítimas Feridas;Pleno dia;Decrescente;Sol;Dupla;Reta;Não;2;0;1;0;1;0;1;2;-22,739849;-43,457782;SPRF-RJ;DEL06-RJ;UOP01-DEL06-RJ
698474;16/06/2025;segunda-feira;08:20:00;ES;101;292;CARIACICA;Conversão proibida;Colisão transversal;Sem Vítimas;Pleno dia;Crescente;Céu Claro;Simples;Reta;Sim;2;0;0;0;2;0;0;2;-20,311765;-40,394838;SPRF-ES;DEL01-ES;UOP01-DEL01-ES
698477;13/06/2025;sexta-feira;04:58:00;RO;364;658;CANDEIAS DO JAMARI;Ausência de reação do condutor;Colisão lateral sentido oposto;Com Vítimas Feridas;Amanhecer;Crescente;Céu Claro;Simples;Reta;Não;3;0;0;1;1;2;1;4;-8,8482215;-63,4466066;SPRF-RO;DEL01-RO;UOP01-DEL01-RO
698481;16/06/2025;segunda-feira;06:15:00;RJ;116;203;QUEIMADOS;Desvio temporário;Colisão traseira;Com Vítimas Feridas;Amanhecer;Decrescente;Céu Claro;Dupla;"Curva;Desvio Temporário";Não;2;0;0;1;1;0;1;2;-22,729654;-43,612783;SPRF-RJ;DEL06-RJ;UOP02-DEL06-RJ
698483;16/06/2025;segunda-feira;08:20:00;RJ;116;211;SEROPEDICA;Manobra de mudança de faixa;Tombamento;Com Vítimas Fatais;Pleno dia;Decrescente;Céu Claro;Dupla;"Curva;Retorno Regulamentado;Aclive";Sim;2;1;0;0;0;1;0;2;-22,7147776;-43,7256192;SPRF-RJ;DEL06-RJ;UOP02-DEL06-RJ
698488;16/06/2025;segunda-feira;09:50:00;RS;386;261,3;FONTOURA XAVIER;Ausência de reação do condutor;Engavetamento;Com Vítimas Feridas;Pleno dia;Crescente;Céu Claro;Simples;Reta;Não;8;0;0;1;6;1;1;5;-28,902626;-52,400432;SPRF-RS;DEL04-RS;UOP03-DEL04-RS
698490;16/06/2025;segunda-feira;09:35:00;SC;101;234,2;PALHOCA;Ausência de reação do condutor;Colisão com objeto;Com Vítimas Feridas;Pleno dia;Decrescente;Céu Claro;Dupla;"Aclive;Curva";Não;2;0;1;0;0;1;1;2;-27,81182;-48,63382;SPRF-SC;DEL01-SC;UOP02-DEL01-SC
698494;16/06/2025;segunda-feira;09:00:00;MS;163;486;CAMPO GRANDE;Reação tardia ou ineficiente do condutor;Colisão traseira;Com Vítimas Feridas;Pleno dia;Crescente;Céu Claro;Simples;Reta;Sim;3;0;1;0;1;1;1;3;-20,4257727;-54,5452537;SPRF-MS;DEL01-MS;UOP02-DEL01-MS
698496;16/06/2025;segunda-feira;09:45:00;RJ;101;283;ITABORAI;Condutor deixou de manter distância do veículo da frente;Colisão traseira;Com Vítimas Feridas;Pleno dia;Decrescente;Céu Claro;Dupla;Em Obras;Sim;4;0;1;0;2;1;1;2;-22,73906075;-42,80711174;SPRF-RJ;DEL02-RJ;UOP02-DEL02-RJ
698499;29/03/2025;sábado;00:30:00;PA;222;121,7;RONDON DO PARA;Demais falhas mecânicas ou elétricas;Incêndio;Sem Vítimas;Plena Noite;Crescente;Céu Claro;Simples;Reta;Não;2;0;0;0;1;1;0;2;-4,83726;-48,189728;SPRF-PA;DEL02-PA;UOP02-DEL02-PA
698500;16/06/2025;segunda-feira;10:30:00;RS;386;234,9;SOLEDADE;Demais falhas mecânicas ou elétricas;Colisão lateral mesmo sentido;Com Vítimas Feridas;Pleno dia;Crescente;Céu Claro;Simples;"Curva;Declive;Em Obras";Não;5;0;1;0;3;1;1;4;-28,72684854;-52,55647514;SPRF-RS;DEL04-RS;UOP03-DEL04-RS
698502;16/06/2025;segunda-feira;00:10:00;PA;10;20;DOM ELISEU;Ultrapassagem Indevida;Colisão lateral sentido oposto;Com Vítimas Feridas;Plena Noite;Crescente;Céu Claro;Simples;Reta;Sim;3;0;0;1;0;2;1;3;-4,25976021;-47,56165478;SPRF-PA;DEL02-PA;UOP02-DEL02-PA
698508;16/06/2025;segunda-feira;09:00:00;MG;40;739,7;SANTOS DUMONT;Condutor Dormindo;Tombamento;Sem Vítimas;Pleno dia;Decrescente;Céu Claro;Simples;Curva;Não;2;0;0;0;1;1;0;2;-21,42926838;-43,55606604;SPRF-MG;DEL05-MG;UOP01-DEL05-MG
698510;16/06/2025;segunda-feira;10:00:00;SP;116;209;GUARULHOS;Reação tardia ou ineficiente do condutor;Engavetamento;Com Vítimas Feridas;Pleno dia;Decrescente;Céu Claro;Múltipla;"Declive;Reta";Não;4;0;1;0;2;1;1;4;-23,42719562;-46,40653817;SPRF-SP;DEL01-SP;UOP01-DEL01-SP
698511;20/05/2025;terça-feira;04:20:00;PR;277;39;MORRETES;Reação tardia ou ineficiente do condutor;Colisão lateral mesmo sentido;Sem Vítimas;Plena Noite;Decrescente;Céu Claro;Dupla;Curva;Não;3;0;0;0;2;5;0;7;-25,582275;-48,866662;SPRF-PR;DEL01-PR;UOP05-DEL01-PR
698514;16/06/2025;segunda-feira;12:08:00;SC;470;91;ASCURRA;Condutor usando celular;Colisão lateral sentido oposto;Sem Vítimas;Pleno dia;Decrescente;Nublado;Simples;Reta;Sim;3;0;0;0;2;1;0;3;-26,97958465;-49,37042747;SPRF-SC;DEL04-SC;UOP01-DEL04-SC
698529;28/03/2025;sexta-feira;14:45:00;SC;470;104,6;APIUNA;Ausência de reação do condutor;Colisão frontal;Com Vítimas Fatais;Pleno dia;Decrescente;Céu Claro;Simples;"Aclive;Curva";Não;5;1;0;0;1;3;0;5;-27,064423;-49,4157847;SPRF-SC;DEL04-SC;UOP02-DEL04-SC
698532;16/06/2025;segunda-feira;14:20:00;SP;381;40;ATIBAIA;Ausência de reação do condutor;Engavetamento;Com Vítimas Feridas;Pleno dia;Decrescente;Céu Claro;Dupla;Reta;Não;3;0;1;0;2;0;1;3;-23,13530868;-46,57585144;SPRF-SP;DEL03-SP;UOP01-DEL03-SP
698533;16/06/2025;segunda-feira;14:30:00;SP;116;405;MIRACATU;Frear bruscamente;Engavetamento;Com Vítimas Feridas;Pleno dia;Crescente;Céu Claro;Dupla;Reta;Não;7;0;1;0;6;0;1;6;-24,32089;-47,54251099;SPRF-SP;DEL04-SP;UOP02-DEL04-SP
698534;16/06/2025;segunda-feira;14:10:00;RS;386;407;TRIUNFO;Reação tardia ou ineficiente do condutor;Colisão com objeto;Com Vítimas Feridas;Pleno dia;Crescente;Céu Claro;Simples;Reta;Não;2;0;1;0;1;0;1;2;-29,7976353;-51,5214143;SPRF-RS;DEL04-RS;UOP02-DEL04-RS
698535;16/06/2025;segunda-feira;14:40:00;ES;101;145,8;LINHARES;Condutor desrespeitou a iluminação vermelha do semáforo;Colisão transversal;Com Vítimas Feridas;Pleno dia;Crescente;Céu Claro;Simples;Interseção de Vias;Sim;2;0;1;0;1;0;1;2;-19,36956033;-40,0656265;SPRF-ES;DEL04-ES;UOP01-DEL04-ES
698536;16/06/2025;segunda-feira;12:40:00;MG;153;0,5;ARAPORA;Velocidade Incompatível;Tombamento;Com Vítimas Feridas;Pleno dia;Crescente;Céu Claro;Dupla;"Declive;Retorno Regulamentado";Sim;1;0;1;0;0;0;1;1;-18,42108;-49,19384;SPRF-MG;DEL15-MG;UOP03-DEL15-MG
698537;16/06/2025;segunda-feira;14:30:00;PR;116;99;SAO JOSE DOS PINHAIS;Transitar na contramão;Colisão traseira;Com Vítimas Feridas;Pleno dia;Decrescente;Céu Claro;Dupla;Reta;Sim;3;0;1;0;2;0;1;2;-25,560315;-49,150912;SPRF-PR;DEL01-PR;UOP07-DEL01-PR
698538;16/06/2025;segunda-feira;14:45:00;PR;376;435,5;TIBAGI;Manobra de mudança de faixa;Colisão lateral sentido oposto;Com Vítimas Feridas;Pleno dia;Crescente;Nublado;Simples;"Reta;Desvio Temporário";Sim;4;0;1;0;2;2;1;4;-24,77799927;-50,5153917;SPRF-PR;DEL03-PR;UOP02-DEL03-PR
698539;16/06/2025;segunda-feira;15:00:00;RN;101;95;NATAL;Condutor deixou de manter distância do veículo da frente;Engavetamento;Sem Vítimas;Pleno dia;Decrescente;Céu Claro;Dupla;Reta;Não;3;0;0;0;3;0;0;3;-5,839;-35,210852;SPRF-RN;DEL01-RN;UOP01-DEL01-RN
698542;19/05/2025;segunda-feira;12:00:00;BA;330;826;IPIAU;Velocidade Incompatível;Colisão lateral sentido oposto;Sem Vítimas;Pleno dia;Crescente;Nublado;Simples;Curva;Não;3;0;0;0;2;1;0;2;-14,08842327;-39,78392744;SPRF-BA;DEL03-BA;UOP01-DEL03-BA
698544;16/06/2025;segunda-feira;11:00:00;MG;40;399,2;CURVELO;Condutor Dormindo;Saída de leito carroçável;Com Vítimas Feridas;Pleno dia;Crescente;Céu Claro;Simples;"Reta;Aclive";Não;2;0;0;1;0;1;1;2;-19,023861;-44,656083;SPRF-MG;DEL02-MG;UOP01-DEL02-MG
698553;16/06/2025;segunda-feira;08:30:00;CE;222;251,9;SOBRAL;Acessar a via sem observar a presença dos outros veículos;Colisão transversal;Com Vítimas Feridas;Pleno dia;Crescente;Nublado;Simples;"Interseção de Vias;Reta";Não;3;0;1;0;2;0;1;2;-3,75415;-40,58337;SPRF-CE;DEL04-CE;UOP01-DEL04-CE
698555;16/06/2025;segunda-feira;16:20:00;TO;10;459,2;PALMAS;Avarias e/ou desgaste excessivo no pneu;Eventos atípicos;Com Vítimas Feridas;Pleno dia;Decrescente;Céu Claro;Múltipla;"Aclive;Reta";Sim;4;0;1;0;1;2;1;4;-10,27162;-48,305798;SPRF-TO;DEL01-TO;UOP03-DEL01-TO
698556;16/06/2025;segunda-feira;14:30:00;MT;163;832;SINOP;Condutor deixou de manter distância do veículo da frente;Engavetamento;Sem Vítimas;Pleno dia;Decrescente;Céu Claro;Simples;Reta;Sim;6;0;0;0;5;4;0;9;-11,888061;-55,502338;SPRF-MT;DEL06-MT;UOP02-DEL06-MT
698561;16/06/2025;segunda-feira;17:08:00;SC;101;117;ITAJAI;Reação tardia ou ineficiente do condutor;Colisão traseira;Com Vítimas Feridas;Pleno dia;Decrescente;Céu Claro;Múltipla;Declive;Sim;2;0;1;0;0;1;1;2;-26,88879909;-48,72193127;SPRF-SC;DEL04-SC;UOP04-DEL04-SC
698564;16/06/2025;segunda-feira;17:10:00;CE;116;23;AQUIRAZ;Acessar a via sem observar a presença dos outros veículos;Colisão transversal;Com Vítimas Feridas;Amanhecer;Decrescente;Céu Claro;Dupla;"Retorno Regulamentado;Reta;Declive";Sim;4;0;1;0;3;0;1;2;-3,95231447;-38,51242002;SPRF-CE;DEL01-CE;UOP02-DEL01-CE
698567;16/06/2025;segunda-feira;17:43:00;BA;324;607;SIMOES FILHO;Condutor deixou de manter distância do veículo da frente;Engavetamento;Sem Vítimas;Anoitecer;Crescente;Chuva;Dupla;Reta;Não;5;0;0;0;5;0;0;4;-12,81381667;-38,40549;SPRF-BA;DEL01-BA;UOP01-DEL01-BA
698573;16/06/2025;segunda-feira;12:50:00;PA;316;82;SAO FRANCISCO DO PARA;Transitar na contramão;Colisão lateral sentido oposto;Com Vítimas Fatais;Pleno dia;Decrescente;Céu Claro;Simples;Reta;Não;3;1;0;0;1;1;0;3;-1,30787547;-47,75812268;SPRF-PA;DEL01-PA;UOP02-DEL01-PA
698584;16/06/2025;segunda-feira;10:10:00;CE;20;310;CANINDE;Carga excessiva e/ou mal acondicionada;Colisão com objeto;Sem Vítimas;Pleno dia;Decrescente;Céu Claro;Simples;Reta;Não;3;0;0;0;1;2;0;3;-4,333065;-39,287017;SPRF-CE;DEL02-CE;UOP01-DEL02-CE
698599;16/06/2025;segunda-feira;19:40:00;RJ;101;104;CAMPOS DOS GOYTACAZES;Ausência de reação do condutor;Colisão traseira;Com Vítimas Feridas;Plena Noite;Decrescente;Céu Claro;Dupla;Reta;Não;4;0;2;0;2;0;2;2;-21,913518;-41,613023;SPRF-RJ;DEL08-RJ;UOP02-DEL08-RJ
698600;20/05/2025;terça-feira;23:30:00;SC;282;557;NOVA ITABERABA;Velocidade Incompatível;Saída de leito carroçável;Com Vítimas Feridas;Plena Noite;Crescente;Céu Claro;Simples;"Declive;Curva";Não;2;0;1;0;0;1;1;2;-26,931612;-52,82886222;SPRF-SC;DEL07-SC;UOP01-DEL07-SC
698602;16/06/2025;segunda-feira;16:00:00;RJ;393;160;TRES RIOS;Demais falhas mecânicas ou elétricas;Colisão lateral sentido oposto;Sem Vítimas;Pleno dia;Decrescente;Céu Claro;Simples;Reta;Não;3;0;0;0;2;1;0;3;-22,114229;-43,12451363;SPRF-RJ;DEL05-RJ;UOP01-DEL05-RJ
698608;16/06/2025;segunda-feira;19:35:00;MG;40;511;RIBEIRAO DAS NEVES;Ausência de reação do condutor;Tombamento;Com Vítimas Feridas;Plena Noite;Decrescente;Céu Claro;Dupla;Curva;Não;3;0;1;0;0;2;1;3;-19,78378378;-44,11747686;SPRF-MG;DEL01-MG;UOP02-DEL01-MG
698609;16/06/2025;segunda-feira;10:10:00;BA;116;648;JAGUAQUARA;Demais falhas mecânicas ou elétricas;Derramamento de carga;Sem Vítimas;Pleno dia;Crescente;Céu Claro;Simples;Reta;Não;1;0;0;0;1;0;0;1;-13,6176473;-40,0918099;SPRF-BA;DEL03-BA;UOP01-DEL03-BA
698610;16/06/2025;segunda-feira;20:00:00;MG;50;78;UBERLANDIA;Condutor usando celular;Colisão traseira;Com Vítimas Feridas;Plena Noite;Decrescente;Céu Claro;Dupla;Reta;Não;2;0;1;0;1;0;1;2;-18,94233546;-48,21899414;SPRF-MG;DEL15-MG;UOP01-DEL15-MG
698615;16/06/2025;segunda-feira;21:45:00;MG;50;74;UBERLANDIA;Pedestre cruzava a pista fora da faixa;Colisão com objeto;Com Vítimas Fatais;Plena Noite;Crescente;Céu Claro;Dupla;"Aclive;Reta";Sim;4;1;0;0;1;2;0;3;-18,91775371;-48,22266474;SPRF-MG;DEL15-MG;UOP01-DEL15-MG
698616;16/06/2025;segunda-feira;19:20:00;MT;70;502;CUIABA;Ausência de reação do condutor;Engavetamento;Com Vítimas Feridas;Plena Noite;Crescente;Céu Claro;Simples;Reta;Não;6;0;1;0;4;2;1;5;-15,6985537;-56,0331864;SPRF-MT;DEL01-MT;UOP02-DEL01-MT
698622;16/06/2025;segunda-feira;16:30:00;RJ;40;51,5;PETROPOLIS;Velocidade Incompatível;Colisão com objeto;Com Vítimas Fatais;Pleno dia;Decrescente;Céu Claro;Dupla;Curva;Não;4;1;1;0;1;1;1;3;-22,332;-43,134;SPRF-RJ;DEL05-RJ;UOP02-DEL05-RJ
698625;16/06/2025;segunda-feira;19:00:00;BA;101;910;IBIRAPUA;Demais falhas mecânicas ou elétricas;Incêndio;Sem Vítimas;Plena Noite;Crescente;Céu Claro;Dupla;"Declive;Reta";Não;2;0;0;0;1;1;0;2;-17,81095453;-39,78556412;SPRF-BA;DEL09-BA;UOP02-DEL09-BA
698627;15/05/2025;quinta-feira;08:30:00;PB;101;117;ALHANDRA;Reação tardia ou ineficiente do condutor;Tombamento;Com Vítimas Feridas;Pleno dia;Decrescente;Chuva;Dupla;"Reta;Declive";Não;4;0;3;0;0;1;3;2;-7,3337817;-34,9476661;SPRF-PB;DEL01-PB;UOP01-DEL01-PB
698629;16/06/2025;segunda-feira;22:30:00;RJ;116;223;PARACAMBI;Reação tardia ou ineficiente do condutor;Colisão traseira;Com Vítimas Feridas;Plena Noite;Crescente;Nublado;Dupla;Reta;Não;4;0;1;0;3;0;1;4;-22,68764598;-43,80879577;SPRF-RJ;DEL06-RJ;UOP02-DEL06-RJ
698631;17/06/2025;terça-feira;00:40:00;MG;40;506,8;RIBEIRAO DAS NEVES;Reação tardia ou ineficiente do condutor;Colisão traseira;Com Vítimas Feridas;Plena Noite;Crescente;Céu Claro;Dupla;"Reta;Em Obras";Não;3;0;1;0;1;1;1;3;-19,75011;-44,14422;SPRF-MG;DEL02-MG;UOP01-DEL02-MG
698634;17/06/2025;terça-feira;03:00:00;RJ;116;172;RIO DE JANEIRO;Iluminação deficiente;Atropelamento de Pedestre;Com Vítimas Fatais;Plena Noite;Decrescente;Céu Claro;Dupla;Reta;Sim;2;1;0;0;1;0;0;2;-22,8044536;-43,345097;SPRF-RJ;DEL06-RJ;UOP01-DEL06-RJ
698638;17/06/2025;terça-feira;02:50:00;MG;50;195,5;DELTA;Ausência de reação do condutor;Colisão traseira;Com Vítimas Feridas;Plena Noite;Crescente;Céu Claro;Dupla;Aclive;Não;3;0;1;0;1;3;1;5;-19,89394;-47,84415;SPRF-MG;DEL13-MG;UOP01-DEL13-MG
698639;17/06/2025;terça-feira;05:10:00;ES;101;71,9;SAO MATEUS;Condutor deixou de manter distância do veículo da frente;Colisão traseira;Com Vítimas Feridas;Amanhecer;Crescente;Nublado;Simples;Reta;Não;4;0;3;0;0;1;3;2;-18,75957957;-39,8632249;SPRF-ES;DEL04-ES;UOP02-DEL04-ES
698642;17/06/2025;terça-feira;04:55:00;PB;230;42,8;SANTA RITA;Objeto estático sobre o leito carroçável;Colisão com objeto;Com Vítimas Fatais;Plena Noite;Decrescente;Chuva;Dupla;Reta;Não;36;1;25;8;1;1;33;3;-7,149684;-35,004721;SPRF-PB;DEL01-PB;UOP02-DEL01-PB
698654;17/06/2025;terça-feira;06:32:00;PR;277;607;SANTA TEREZA DO OESTE;Desrespeitar a preferência no cruzamento;Colisão transversal;Com Vítimas Feridas;Plena Noite;Decrescente;Nublado;Simples;Rotatória;Não;3;0;2;0;1;0;2;2;-25,038452;-53,597068;SPRF-PR;DEL05-PR;UOP02-DEL05-PR
698657;17/06/2025;terça-feira;06:50:00;RS;116;254,9;ESTEIO;Chuva;Colisão com objeto;Sem Vítimas;Amanhecer;Decrescente;Chuva;Dupla;Reta;Sim;2;0;0;0;1;1;0;2;-29,83339124;-51,17423875;SPRF-RS;DEL01-RS;UOP02-DEL01-RS
698662;17/06/2025;terça-feira;05:48:00;MG;40;299,9;TRES MARIAS;Demais falhas mecânicas ou elétricas;Tombamento;Com Vítimas Feridas;Amanhecer;Decrescente;Céu Claro;Simples;"Curva;Aclive";Não;2;0;1;0;0;1;1;2;-18,350297;-45,093328;SPRF-MG;DEL14-MG;UOP02-DEL14-MG
698663;17/06/2025;terça-feira;04:50:00;PR;116;0,5;CAMPINA GRANDE DO SUL;Reação tardia ou ineficiente do condutor;Colisão com objeto;Com Vítimas Feridas;Amanhecer;Crescente;Nublado;Múltipla;"Curva;Aclive";Não;2;0;1;0;0;1;1;2;-25,0604;-48,562973;SPRF-PR;DEL01-PR;UOP02-DEL01-PR
698666;17/06/2025;terça-feira;06:23:00;RS;116;263,2;CANOAS;Reação tardia ou ineficiente do condutor;Colisão traseira;Com Vítimas Fatais;Amanhecer;Decrescente;Chuva;Dupla;"Declive;Reta";Não;6;1;1;0;3;1;1;6;-29,90682997;-51,17680324;SPRF-RS;DEL01-RS;UOP01-DEL01-RS
698672;17/06/2025;terça-feira;08:30:00;ES;101;289,1;CARIACICA;Acessar a via sem observar a presença dos outros veículos;Colisão transversal;Com Vítimas Feridas;Pleno dia;Decrescente;Nublado;Dupla;"Retorno Regulamentado;Reta";Não;2;0;0;1;1;0;1;2;-20,2802085;-40,3924459;SPRF-ES;DEL01-ES;UOP01-DEL01-ES
698681;17/06/2025;terça-feira;04:30:00;BA;242;403;SEABRA;Condutor Dormindo;Colisão frontal;Com Vítimas Fatais;Plena Noite;Decrescente;Nublado;Simples;Reta;Não;6;4;0;0;1;2;0;4;-12,46925544;-41,69962692;SPRF-BA;DEL06-BA;UOP01-DEL06-BA
698685;21/04/2025;segunda-feira;07:30:00;PR;373;172;PONTA GROSSA;Transitar na contramão;Colisão frontal;Com Vítimas Feridas;Amanhecer;Crescente;Céu Claro;Dupla;Curva;Sim;2;0;1;0;1;0;1;2;-25,0810286;-50,1926222;SPRF-PR;DEL03-PR;UOP01-DEL03-PR
698686;17/06/2025;terça-feira;09:30:00;RJ;116;184;NOVA IGUACU;Manobra de mudança de faixa;Colisão lateral mesmo sentido;Sem Vítimas;Pleno dia;Crescente;Céu Claro;Dupla;Reta;Sim;2;0;0;0;2;0;0;2;-22,74017888;-43,45750451;SPRF-RJ;DEL06-RJ;UOP01-DEL06-RJ
698687;17/06/2025;terça-feira;07:30:00;PR;277;594,2;CASCAVEL;Ausência de reação do condutor;Tombamento;Com Vítimas Feridas;Amanhecer;Decrescente;Céu Claro;Dupla;Reta;Sim;2;0;0;1;0;2;1;3;-24,9798623;-53,49511083;SPRF-PR;DEL04-PR;UOP01-DEL04-PR