id;data_inversa;dia_semana;horario;uf;br;km;municipio;causa_acidente;tipo_acidente;classificacao_acidente;fase_dia;sentido_via;condicao_metereologica;tipo_pista;tracado_via;uso_solo;pessoas;mortos;feridos_leves;feridos_graves;ilesos;ignorados;feridos;veiculos;latitude;longitude;regional;delegacia;uop
698936;18/06/2025;quarta-feira;09:20:00;SC;470;192;POUSO REDONDO;Transitar na contramão;Colisão lateral sentido oposto;Com Vítimas Feridas;Pleno dia;Crescente;Nevoeiro/Neblina;Simples;Curva;Não;3;0;0;1;1;1;1;3;-27,28381551;-50,07773182;SPRF-SC;DEL04-SC;UOP02-DEL04-SC
698937;18/06/2025;quarta-feira;10:40:00;SC;470;102;APIUNA;Reação tardia ou ineficiente do condutor;Colisão lateral mesmo sentido;Com Vítimas Feridas;Pleno dia;Crescente;Sol;Simples;Reta;Não;2;0;1;0;1;0;1;2;-27,05451198;-49,3897218;SPRF-SC;DEL04-SC;UOP02-DEL04-SC
698944;18/06/2025;quarta-feira;13:00:00;RJ;393;165;TRES RIOS;Velocidade Incompatível;Tombamento;Com Vítimas Feridas;Pleno dia;Decrescente;Céu Claro;Simples;Curva;Sim;2;0;1;0;0;1;1;2;-22,0723313;-43,02835868;SPRF-RJ;DEL05-RJ;UOP01-DEL05-RJ
698948;18/06/2025;quarta-feira;12:30:00;GO;50;177,7;CAMPO ALEGRE DE GOIAS;Ausência de sinalização;Colisão traseira;Com Vítimas Feridas;Pleno dia;Crescente;Céu Claro;Dupla;Reta;Não;4;0;1;1;1;2;2;4;-17,395609;-47,779541;SPRF-GO;DEL06-GO;UOP01-DEL06-GO
698952;18/06/2025;quarta-feira;14:55:00;MG;381;485;BETIM;Acessar a via sem observar a presença dos outros veículos;Colisão lateral mesmo sentido;Com Vítimas Feridas;Pleno dia;Crescente;Céu Claro;Múltipla;"Reta;Aclive";Sim;2;0;0;1;1;0;1;2;-19,95607888;-44,10231527;SPRF-MG;DEL01-MG;UOP03-DEL01-MG
698953;29/04/2025;terça-feira;15:30:00;MG;381;752;TRES CORACOES;Ausência de reação do condutor;Tombamento;Com Vítimas Feridas;Pleno dia;Decrescente;Céu Claro;Dupla;"Retorno Regulamentado;Viaduto";Sim;2;0;1;0;0;3;1;4;-21,655001;-45,301302;SPRF-MG;DEL16-MG;UOP02-DEL16-MG
698956;13/06/2025;sexta-feira;12:50:00;BA;324;548;AMELIA RODRIGUES;Ausência de reação do condutor;Engavetamento;Com Vítimas Feridas;Pleno dia;Decrescente;Chuva;Dupla;Reta;Não;10;0;1;0;8;1;1;9;-12,47596738;-38,67565155;SPRF-BA;DEL01-BA;UOP03-DEL01-BA
698957;18/06/2025;quarta-feira;15:15:00;SC;101;117,5;ITAJAI;Reação tardia ou ineficiente do condutor;Saída de leito carroçável;Com Vítimas Feridas;Pleno dia;Decrescente;Céu Claro;Múltipla;Reta;Sim;2;0;1;0;0;1;1;2;-26,88507482;-48,72327089;SPRF-SC;DEL04-SC;UOP04-DEL04-SC
698960;18/06/2025;quarta-feira;15:50:00;ES;101;295;CARIACICA;Trafegar com motocicleta (ou similar) entre as faixas;Colisão traseira;Com Vítimas Feridas;Pleno dia;Decrescente;Nublado;Dupla;Reta;Não;3;0;0;1;2;0;1;3;-20,33092746;-40,39940953;SPRF-ES;DEL01-ES;UOP01-DEL01-ES
698961;18/06/2025;quarta-feira;15:20:00;RJ;101;212;CASIMIRO DE ABREU;Ausência de reação do condutor;Colisão traseira;Com Vítimas Feridas;Pleno dia;Decrescente;Nublado;Dupla;Reta;Não;4;0;3;0;0;1;3;2;-22,489288;-42,258825;SPRF-RJ;DEL08-RJ;UOP04-DEL08-RJ
698962;18/06/2025;quarta-feira;14:50:00;RJ;116;307;RESENDE;Reação tardia ou ineficiente do condutor;Colisão traseira;Com Vítimas Feridas;Pleno dia;Crescente;Céu Claro;Dupla;Reta;Não;3;0;1;0;1;1;1;3;-22,45724561;-44,41284869;SPRF-RJ;DEL07-RJ;UOP02-DEL07-RJ
698965;18/06/2025;quarta-feira;14:00:00;MG;40;17,6;PARACATU;Condutor deixou de manter distância do veículo da frente;Colisão traseira;Sem Vítimas;Pleno dia;Crescente;Céu Claro;Simples;Reta;Sim;5;0;0;0;4;1;0;3;-17,098115;-47,026326;SPRF-MG;DEL14-MG;UOP01-DEL14-MG
698971;18/06/2025;quarta-feira;11:00:00;PA;230;528;ANAPU;Ausência de reação do condutor;Colisão lateral mesmo sentido;Com Vítimas Fatais;Pleno dia;Crescente;Céu Claro;Simples;"Reta;Declive";Não;3;1;0;0;1;1;0;3;-3,26194;-51,46424;SPRF-PA;DEL04-PA;UOP01-DEL04-PA
698973;18/06/2025;quarta-feira;14:40:00;MT;70;26;BARRA DO GARCAS;Ultrapassagem Indevida;Colisão lateral sentido oposto;Com Vítimas Feridas;Pleno dia;Crescente;Céu Claro;Simples;Aclive;Não;5;0;1;0;2;2;1;5;-15,840525;-52,44063;SPRF-MT;DEL07-MT;UOP01-DEL07-MT
698975;18/06/2025;quarta-feira;15:56:00;RO;364;516;ARIQUEMES;Acessar a via sem observar a presença dos outros veículos;Colisão transversal;Com Vítimas Feridas;Pleno dia;Crescente;Céu Claro;Dupla;Rotatória;Sim;3;0;1;0;1;1;1;3;-9,915692;-63,055305;SPRF-RO;DEL03-RO;UOP01-DEL03-RO
698984;18/06/2025;quarta-feira;17:43:00;PB;230;54,6;CRUZ DO ESPIRITO SANTO;Ausência de reação do condutor;Colisão traseira;Com Vítimas Feridas;Anoitecer;Crescente;Chuva;Dupla;Reta;Não;2;0;1;0;1;0;1;2;-7,200903;-35,089128;SPRF-PB;DEL01-PB;UOP02-DEL01-PB
698991;13/05/2025;terça-feira;15:30:00;SP;116;363;MIRACATU;Velocidade Incompatível;Tombamento;Com Vítimas Feridas;Pleno dia;Decrescente;Nublado;Dupla;Curva;Sim;3;0;0;1;1;1;1;2;-24,0371899;-47,1884728;SPRF-SP;DEL04-SP;UOP02-DEL04-SP
698994;18/06/2025;quarta-feira;15:18:00;RJ;40;114;DUQUE DE CAXIAS;Reação tardia ou ineficiente do condutor;Tombamento;Com Vítimas Feridas;Pleno dia;Decrescente;Céu Claro;Dupla;Reta;Sim;3;0;1;0;1;1;1;3;-22,726287;-43,288917;SPRF-RJ;DEL01-RJ;UOP02-DEL01-RJ
698997;18/06/2025;quarta-feira;18:00:00;MG;153;114,9;PRATA;Reação tardia ou ineficiente do condutor;Tombamento;Com Vítimas Feridas;Anoitecer;Decrescente;Céu Claro;Simples;"Reta;Declive";Não;2;0;1;0;0;1;1;2;-19,35328611;-48,89797961;SPRF-MG;DEL15-MG;UOP03-DEL15-MG
699005;18/06/2025;quarta-feira;18:10:00;PE;316;79;OURICURI;Transitar na contramão;Colisão lateral sentido oposto;Com Vítimas Feridas;Anoitecer;Decrescente;Nublado;Simples;"Declive;Reta";Não;4;0;0;2;1;1;2;3;-7,85585332;-40,11547828;SPRF-PE;DEL05-PE;UOP02-DEL05-PE
699015;18/06/2025;quarta-feira;19:15:00;RS;392;684,9;ROQUE GONZALES;Velocidade Incompatível;Colisão frontal;Com Vítimas Fatais;Plena Noite;Crescente;Chuva;Simples;Curva;Não;4;2;0;0;2;0;0;2;-28,1169612;-54,9568373;SPRF-RS;DEL10-RS;UOP01-DEL10-RS
699017;18/06/2025;quarta-feira;18:10:00;MS;163;225;CAARAPO;Reação tardia ou ineficiente do condutor;Colisão transversal;Com Vítimas Feridas;Plena Noite;Decrescente;Céu Claro;Simples;Reta;Não;3;0;1;0;1;2;1;4;-22,50017;-54,8645;SPRF-MS;DEL04-MS;UOP02-DEL04-MS
699018;18/06/2025;quarta-feira;19:45:00;BA;101;885;TEIXEIRA DE FREITAS;Velocidade Incompatível;Colisão lateral sentido oposto;Com Vítimas Fatais;Plena Noite;Crescente;Nublado;Simples;Curva;Não;3;1;0;1;1;0;1;2;-17,601128;-39,748643;SPRF-BA;DEL09-BA;UOP02-DEL09-BA
699019;18/06/2025;quarta-feira;19:50:00;RN;226;361,8;FRUTUOSO GOMES;Transitar na contramão;Colisão frontal;Com Vítimas Fatais;Plena Noite;Decrescente;Céu Claro;Simples;"Aclive;Reta";Não;3;1;0;0;1;2;0;4;-6,162903;-37,827882;SPRF-RN;DEL04-RN;UOP01-DEL04-RN
699021;18/06/2025;quarta-feira;19:30:00;MG;40;514;RIBEIRAO DAS NEVES;Entrada inopinada do pedestre;Saída de leito carroçável;Sem Vítimas;Plena Noite;Crescente;Céu Claro;Dupla;Reta;Não;2;0;0;0;0;2;0;2;-19,80099;-44,100756;SPRF-MG;DEL01-MG;UOP02-DEL01-MG
699024;18/06/2025;quarta-feira;18:40:00;MT;163;754;SORRISO;Reação tardia ou ineficiente do condutor;Tombamento;Com Vítimas Feridas;Plena Noite;Crescente;Céu Claro;Simples;Reta;Não;3;0;0;1;1;1;1;3;-12,53034926;-55,70457846;SPRF-MT;DEL06-MT;UOP01-DEL06-MT
699027;18/06/2025;quarta-feira;19:25:00;MT;364;350;SANTO ANTONIO DO LEVERGER;Reação tardia ou ineficiente do condutor;Colisão traseira;Com Vítimas Feridas;Plena Noite;Crescente;Ignorado;Dupla;Declive;Não;3;0;0;1;1;1;1;3;-15,79357502;-55,58442593;SPRF-MT;DEL05-MT;UOP02-DEL05-MT
699030;18/06/2025;quarta-feira;17:10:00;PR;153;373,3;RIO AZUL;Acessar a via sem observar a presença dos outros veículos;Saída de leito carroçável;Com Vítimas Feridas;Pleno dia;Crescente;Céu Claro;Simples;Reta;Não;2;0;1;0;1;0;1;2;-25,755;-50,838;SPRF-PR;DEL08-PR;UOP02-DEL08-PR
699032;18/06/2025;quarta-feira;14:50:00;PR;277;136,5;CAMPO LARGO;Reação tardia ou ineficiente do condutor;Colisão traseira;Sem Vítimas;Pleno dia;Crescente;Sol;Dupla;"Reta;Aclive;Viaduto";Não;51;0;0;0;50;1;0;4;-25,45630607;-49,63312896;SPRF-PR;DEL03-PR;UOP03-DEL03-PR
699037;18/06/2025;quarta-feira;19:45:00;MG;381;921,4;CAMANDUCAIA;Velocidade Incompatível;Tombamento;Com Vítimas Feridas;Plena Noite;Crescente;Céu Claro;Dupla;"Curva;Declive";Não;2;0;1;0;0;2;1;3;-22,762877;-46,170379;SPRF-MG;DEL16-MG;UOP03-DEL16-MG
699039;18/06/2025;quarta-feira;20:15:00;RJ;101;327;RIO DE JANEIRO;Ausência de reação do condutor;Colisão traseira;Com Vítimas Feridas;Plena Noite;Decrescente;Céu Claro;Simples;"Reta;Ponte";Sim;3;0;2;0;1;0;2;2;-22,87158848;-43,15412521;SPRF-RJ;DEL02-RJ;UOP01-DEL02-RJ
699041;18/06/2025;quarta-feira;21:10:00;MG;381;949;EXTREMA;Condutor deixou de manter distância do veículo da frente;Colisão com objeto;Com Vítimas Feridas;Plena Noite;Decrescente;Nublado;Dupla;Reta;Não;2;0;1;0;0;1;1;2;-22,87528554;-46,36739016;SPRF-MG;DEL16-MG;UOP03-DEL16-MG
699044;18/06/2025;quarta-feira;19:10:00;ES;101;33;PINHEIROS;Condutor Dormindo;Colisão lateral mesmo sentido;Com Vítimas Feridas;Plena Noite;Crescente;Céu Claro;Simples;Reta;Não;3;0;2;0;1;0;2;2;-18,36126093;-39,95319843;SPRF-ES;DEL04-ES;UOP02-DEL04-ES
699047;18/06/2025;quarta-feira;21:30:00;BA;116;807;VITORIA DA CONQUISTA;Transitar na contramão;Colisão lateral sentido oposto;Com Vítimas Feridas;Plena Noite;Decrescente;Nublado;Simples;Reta;Não;2;0;1;0;1;0;1;2;-14,776416;-40,728132;SPRF-BA;DEL08-BA;UOP01-DEL08-BA
699051;18/06/2025;quarta-feira;20:58:00;SC;101;391,3;CRICIUMA;Reação tardia ou ineficiente do condutor;Colisão traseira;Com Vítimas Feridas;Plena Noite;Crescente;Céu Claro;Dupla;"Aclive;Reta";Não;4;0;1;0;2;3;1;5;-28,811063;-49,384125;SPRF-SC;DEL02-SC;UOP02-DEL02-SC
699055;18/06/2025;quarta-feira;21:10:00;MA;222;645;ACAILANDIA;Reação tardia ou ineficiente do condutor;Colisão transversal;Com Vítimas Feridas;Plena Noite;Decrescente;Céu Claro;Simples;Reta;Não;8;0;6;0;1;2;6;4;-4,83843728;-47,28798866;SPRF-MA;DEL04-MA;UOP03-DEL04-MA
699064;18/06/2025;quarta-feira;22:40:00;SC;282;534,9;CHAPECO;Acessar a via sem observar a presença dos outros veículos;Colisão transversal;Com Vítimas Feridas;Plena Noite;Decrescente;Céu Claro;Simples;"Interseção de Vias;Rotatória";Sim;5;0;3;0;2;0;3;2;-26,99943294;-52,64595866;SPRF-SC;DEL07-SC;UOP01-DEL07-SC
699083;19/06/2025;quinta-feira;00:05:00;RO;364;158,1;PIMENTA BUENO;Ausência de reação do condutor;Colisão traseira;Com Vítimas Feridas;Plena Noite;Crescente;Céu Claro;Simples;"Reta;Aclive";Não;5;0;3;0;1;3;3;6;-11,934642;-60,959632;SPRF-RO;DEL02-RO;UOP02-DEL02-RO
699084;19/06/2025;quinta-feira;04:00:00;MS;262;286,1;RIBAS DO RIO PARDO;Manobra de mudança de faixa;Colisão lateral sentido oposto;Com Vítimas Feridas;Plena Noite;Crescente;Céu Claro;Simples;Reta;Não;2;0;1;0;1;0;1;2;-20,486601;-54,169283;SPRF-MS;DEL01-MS;UOP05-DEL01-MS
699089;19/06/2025;quinta-feira;04:50:00;SC;101;403,1;MARACAJA;Acessar a via sem observar a presença dos outros veículos;Colisão transversal;Sem Vítimas;Plena Noite;Decrescente;Garoa/Chuvisco;Dupla;Reta;Sim;3;0;0;0;2;1;0;3;-28,872722;-49,452865;SPRF-SC;DEL02-SC;UOP02-DEL02-SC
699090;19/06/2025;quinta-feira;05:00:00;MG;381;616,8;OLIVEIRA;Reação tardia ou ineficiente do condutor;Colisão traseira;Com Vítimas Fatais;Amanhecer;Decrescente;Nublado;Dupla;"Reta;Aclive;Interseção de Vias";Não;3;1;0;0;1;1;0;3;-20,72737157;-44,77116376;SPRF-MG;DEL04-MG;UOP01-DEL04-MG
699093;19/06/2025;quinta-feira;05:30:00;PE;101;8;GOIANA;Animais na Pista;Tombamento;Com Vítimas Feridas;Amanhecer;Decrescente;Céu Claro;Dupla;Reta;Não;2;0;1;0;0;1;1;2;-7,571201;-34,989097;SPRF-PE;DEL01-PE;UOP02-DEL01-PE
699094;19/06/2025;quinta-feira;05:50:00;MG;381;848,1;POUSO ALEGRE;Acessar a via sem observar a presença dos outros veículos;Colisão transversal;Com Vítimas Feridas;Amanhecer;Decrescente;Nevoeiro/Neblina;Dupla;Reta;Não;5;0;3;0;1;1;3;3;-22,2217007;-45,8747924;SPRF-MG;DEL16-MG;UOP01-DEL16-MG
699099;19/06/2025;quinta-feira;05:25:00;PR;116;208,8;RIO NEGRO;Ingestão de álcool pelo condutor;Colisão frontal;Sem Vítimas;Plena Noite;Decrescente;Céu Claro;Simples;Reta;Sim;2;0;0;0;2;0;0;2;-26,08329408;-49,77501567;SPRF-SC;DEL06-SC;UOP01-DEL06-SC
699101;19/06/2025;quinta-feira;00:30:00;SC;282;373,1;ERVAL VELHO;Ingestão de álcool pelo condutor;Colisão frontal;Sem Vítimas;Plena Noite;Decrescente;Garoa/Chuvisco;Simples;Curva;Não;4;0;0;0;2;2;0;3;-27,28289342;-51,43506155;SPRF-SC;DEL07-SC;UOP05-DEL07-SC
699102;19/06/2025;quinta-feira;06:40:00;ES;101;444;MIMOSO DO SUL;Ausência de reação do condutor;Colisão transversal;Com Vítimas Feridas;Amanhecer;Crescente;Céu Claro;Simples;Reta;Não;3;0;3;0;0;0;3;2;-21,1953988;-41,25640244;SPRF-ES;DEL03-ES;UOP02-DEL03-ES
699114;19/06/2025;quinta-feira;07:30:00;RS;392;207,7;SANTANA DA BOA VISTA;Velocidade Incompatível;Tombamento;Com Vítimas Feridas;Pleno dia;Crescente;Garoa/Chuvisco;Simples;Curva;Não;3;0;0;1;0;2;1;3;-30,82232167;-53,17517996;SPRF-RS;DEL09-RS;UOP02-DEL09-RS
699118;19/06/2025;quinta-feira;04:00:00;MT;364;573;NOBRES;Demais falhas mecânicas ou elétricas;Incêndio;Sem Vítimas;Plena Noite;Decrescente;Céu Claro;Dupla;Reta;Não;2;0;0;0;1;2;0;3;-14,635777;-56,275738;SPRF-MT;DEL01-MT;UOP01-DEL01-MT
699119;19/06/2025;quinta-feira;08:00:00;RN;304;34;MOSSORO;Reação tardia ou ineficiente do condutor;Colisão traseira;Com Vítimas Fatais;Pleno dia;Decrescente;Céu Claro;Dupla;Reta;Sim;3;1;0;0;1;1;0;3;-5,155113;-37,349132;SPRF-RN;DEL04-RN;UOP02-DEL04-RN
699120;19/06/2025;quinta-feira;06:20:00;RJ;393;193;PARAIBA DO SUL;Ingestão de álcool pelo condutor;Colisão transversal;Com Vítimas Feridas;Amanhecer;Crescente;Céu Claro;Simples;Reta;Não;2;0;1;0;1;0;1;2;-22,2010195;-43,3657969;SPRF-RJ;DEL05-RJ;UOP03-DEL05-RJ
699121;19/06/2025;quinta-feira;06:20:00;MG;381;407;NOVA UNIAO;Velocidade Incompatível;Colisão traseira;Com Vítimas Feridas;Pleno dia;Crescente;Céu Claro;Dupla;"Declive;Curva";Não;3;0;0;1;1;1;1;3;-19,72374116;-43,57238596;SPRF-MG;DEL01-MG;UOP01-DEL01-MG
699122;19/06/2025;quinta-feira;08:10:00;ES;101;304;VIANA;Objeto estático sobre o leito carroçável;Colisão com objeto;Com Vítimas Feridas;Pleno dia;Crescente;Nublado;Dupla;Reta;Sim;4;0;2;0;1;1;2;3;-20,382593;-40,45945;SPRF-ES;DEL01-ES;UOP01-DEL01-ES
699132;26/05/2025;segunda-feira;10:05:00;PR;116;42,3;CAMPINA GRANDE DO SUL;Ingestão de álcool pelo condutor;Tombamento;Com Vítimas Feridas;Pleno dia;Decrescente;Céu Claro;Dupla;Curva;Não;2;0;1;0;0;1;1;2;-25,18276;-48,878989;SPRF-PR;DEL01-PR;UOP02-DEL01-PR
699134;19/06/2025;quinta-feira;05:17:00;PR;158;351;PALMITAL;Condutor Dormindo;Colisão com objeto;Com Vítimas Feridas;Amanhecer;Crescente;Céu Claro;Simples;"Aclive;Curva";Não;2;0;1;0;0;1;1;2;-24,98179183;-52,29803324;SPRF-PR;DEL04-PR;UOP02-DEL04-PR
699135;19/06/2025;quinta-feira;09:00:00;SP;116;287,3;ITAPECERICA DA SERRA;Manobra de mudança de faixa;Tombamento;Com Vítimas Feridas;Pleno dia;Crescente;Céu Claro;Dupla;Reta;Sim;2;0;1;0;1;0;1;2;-23,7002984;-46,8689736;SPRF-SP;DEL04-SP;UOP01-DEL04-SP
699136;13/04/2025;domingo;02:52:00;PR;116;24,7;CAMPINA GRANDE DO SUL;Reação tardia ou ineficiente do condutor;Eventos atípicos;Com Vítimas Feridas;Plena Noite;Decrescente;Céu Claro;Dupla;Reta;Não;3;0;1;0;0;2;1;3;-25,111698;-48,777113;SPRF-PR;DEL01-PR;UOP02-DEL01-PR
699138;18/06/2025;quarta-feira;19:30:00;SC;101;63;ARAQUARI;Acumulo de areia ou detritos sobre o pavimento;Eventos atípicos;Sem Vítimas;Plena Noite;Crescente;Céu Claro;Dupla;Reta;Não;4;0;0;0;3;1;0;2;-26,45897073;-48,75844002;SPRF-SC;DEL03-SC;UOP02-DEL03-SC
699140;19/06/2025;quinta-feira;06:00:00;RJ;101;66;CAMPOS DOS GOYTACAZES;Ausência de reação do condutor;Tombamento;Sem Vítimas;Amanhecer;Decrescente;Céu Claro;Dupla;Rotatória;Sim;2;0;0;0;1;1;0;2;-21,7635;-41,345761;SPRF-RJ;DEL08-RJ;UOP02-DEL08-RJ
699153;19/06/2025;quinta-feira;10:35:00;PR;376;668;GUARATUBA;Ausência de reação do condutor;Colisão traseira;Com Vítimas Feridas;Pleno dia;Crescente;Céu Claro;Dupla;"Declive;Curva";Não;3;0;1;0;2;0;1;2;-25,8644;-48,937128;SPRF-PR;DEL01-PR;UOP04-DEL01-PR
699154;19/06/2025;quinta-feira;10:50:00;PE;101;60,2;RECIFE;Trafegar com motocicleta (ou similar) entre as faixas;Colisão lateral mesmo sentido;Com Vítimas Fatais;Pleno dia;Decrescente;Chuva;Dupla;Reta;Não;3;1;0;0;1;2;0;4;-7,990542;-34,96121;SPRF-PE;DEL01-PE;UOP02-DEL01-PE
699160;19/06/2025;quinta-feira;11:15:00;MG;381;889,8;CAMBUI;Velocidade Incompatível;Colisão traseira;Com Vítimas Fatais;Pleno dia;Decrescente;Sol;Dupla;Reta;Não;7;1;1;0;3;4;1;7;-22,5364431;-46,0358849;SPRF-MG;DEL16-MG;UOP01-DEL16-MG
699162;19/06/2025;quinta-feira;11:50:00;AL;104;44;BRANQUINHA;Ausência de reação do condutor;Saída de leito carroçável;Com Vítimas Feridas;Pleno dia;Crescente;Nublado;Simples;Curva;Não;2;0;1;0;1;0;1;1;-9,2302066;-36,0266127;SPRF-AL;DEL01-AL;UOP02-DEL01-AL
699165;19/06/2025;quinta-feira;11:45:00;SP;116;216;GUARULHOS;Manobra de mudança de faixa;Colisão lateral mesmo sentido;Com Vítimas Feridas;Pleno dia;Crescente;Sol;Dupla;Declive;Não;2;0;1;0;1;0;1;2;-23,45352997;-46,47063606;SPRF-SP;DEL01-SP;UOP01-DEL01-SP
699168;19/06/2025;quinta-feira;07:30:00;MG;262;553,5;LUZ;Velocidade Incompatível;Saída de leito carroçável;Com Vítimas Feridas;Pleno dia;Decrescente;Céu Claro;Simples;"Declive;Curva";Não;2;0;0;1;0;1;1;2;-19,707758;-45,9197;SPRF-MG;DEL08-MG;UOP02-DEL08-MG
699173;19/06/2025;quinta-feira;11:00:00;MG;381;573,5;ITAGUARA;Velocidade Incompatível;Engavetamento;Com Vítimas Feridas;Pleno dia;Decrescente;Céu Claro;Dupla;Reta;Não;6;0;1;0;4;1;1;4;-20,4358848;-44,557648;SPRF-MG;DEL04-MG;UOP01-DEL04-MG
699175;19/06/2025;quinta-feira;12:30:00;RJ;116;290;BARRA MANSA;Frear bruscamente;Engavetamento;Com Vítimas Feridas;Pleno dia;Crescente;Céu Claro;Dupla;"Declive;Curva";Não;6;0;1;0;4;1;1;5;-22,48330767;-44,25867157;SPRF-RJ;DEL07-RJ;UOP02-DEL07-RJ
699177;19/06/2025;quinta-feira;10:45:00;RO;364;551;ALTO PARAISO;Ultrapassagem Indevida;Colisão frontal;Com Vítimas Feridas;Pleno dia;Crescente;Céu Claro;Simples;Reta;Não;3;0;0;1;1;3;1;5;-9,64493;-63,07513;SPRF-RO;DEL03-RO;UOP01-DEL03-RO
699179;19/06/2025;quinta-feira;13:50:00;SP;116;451,3;REGISTRO;Ingestão de álcool pelo condutor;Saída de leito carroçável;Com Vítimas Feridas;Pleno dia;Crescente;Céu Claro;Dupla;Reta;Não;2;0;1;0;0;1;1;2;-24,5476367;-47,8628617;SPRF-SP;DEL05-SP;UOP01-DEL05-SP
699183;19/06/2025;quinta-feira;14:43:00;PE;232;163;TACAIMBO;Reação tardia ou ineficiente do condutor;Colisão traseira;Com Vítimas Feridas;Pleno dia;Crescente;Garoa/Chuvisco;Simples;Aclive;Não;5;0;1;1;2;2;2;6;-8,335467;-36,288337;SPRF-PE;DEL03-PE;UOP02-DEL03-PE
699184;19/06/2025;quinta-feira;14:55:00;PR;277;572,3;CASCAVEL;Ingestão de álcool pelo condutor;Colisão frontal;Com Vítimas Feridas;Pleno dia;Decrescente;Céu Claro;Simples;Reta;Não;3;0;1;0;2;0;1;2;-24,99821;-53,29705;SPRF-PR;DEL04-PR;UOP01-DEL04-PR
699187;19/06/2025;quinta-feira;01:30:00;GO;80;25,5;PADRE BERNARDO;Velocidade Incompatível;Saída de leito carroçável;Com Vítimas Feridas;Plena Noite;Crescente;Céu Claro;Dupla;"Declive;Interseção de Vias";Sim;2;0;1;0;0;2;1;3;-15,61618065;-48,19849351;SPRF-DF;DEL03-DF;UOP02-DEL03-DF
699190;19/06/2025;quinta-feira;15:28:00;PR;116;74,8;QUATRO BARRAS;Problema com o freio;Incêndio;Sem Vítimas;Pleno dia;Decrescente;Céu Claro;Dupla;Reta;Não;2;0;0;0;1;1;0;2;-25,375872;-49,048493;SPRF-PR;DEL01-PR;UOP02-DEL01-PR
699195;19/06/2025;quinta-feira;16:30:00;PB;101;24,2;RIO TINTO;Reação tardia ou ineficiente do condutor;Engavetamento;Com Vítimas Feridas;Pleno dia;Decrescente;Céu Claro;Dupla;Reta;Não;7;0;2;0;4;1;2;6;-6,700908;-35,116315;SPRF-PB;DEL01-PB;UOP03-DEL01-PB
699200;19/06/2025;quinta-feira;15:30:00;MT;364;47;ALTO GARCAS;Reação tardia ou ineficiente do condutor;Engavetamento;Sem Vítimas;Pleno dia;Crescente;Sol;Simples;Reta;Não;5;0;0;0;4;1;0;5;-17,0253931;-53,4887515;SPRF-MT;DEL02-MT;UOP02-DEL02-MT
699209;19/06/2025;quinta-feira;18:20:00;MG;116;609,5;SAO JOAO DO MANHUACU;Transitar na contramão;Colisão frontal;Com Vítimas Feridas;Anoitecer;Crescente;Céu Claro;Simples;Reta;Não;4;0;2;0;1;1;2;3;-20,419268;-42,154542;SPRF-MG;DEL07-MG;UOP02-DEL07-MG
699210;19/06/2025;quinta-feira;13:45:00;MG;365;340,6;VARJAO DE MINAS;Transitar no Acostamento;Atropelamento de Pedestre;Com Vítimas Feridas;Pleno dia;Crescente;Sol;Simples;"Declive;Reta";Não;5;0;0;1;2;2;1;4;-18,357026;-46,018879;SPRF-MG;DEL10-MG;UOP01-DEL10-MG
699220;19/06/2025;quinta-feira;18:30:00;MT;163;1033;PEIXOTO DE AZEVEDO;Condutor deixou de manter distância do veículo da frente;Engavetamento;Com Vítimas Feridas;Anoitecer;Decrescente;Céu Claro;Simples;"Ponte;Reta";Sim;7;0;1;0;5;2;1;6;-10,222;-54,972;SPRF-MT;DEL06-MT;UOP03-DEL06-MT
699227;19/06/2025;quinta-feira;15:20:00;MG;50;206;DELTA;Reação tardia ou ineficiente do condutor;Saída de leito carroçável;Sem Vítimas;Pleno dia;Crescente;Céu Claro;Dupla;"Reta;Declive";Não;2;0;0;0;1;1;0;2;-19,97754347;-47,78966904;SPRF-MG;DEL13-MG;UOP01-DEL13-MG
699229;19/06/2025;quinta-feira;18:50:00;PE;116;31,6;SALGUEIRO;Ausência de reação do condutor;Tombamento;Com Vítimas Feridas;Plena Noite;Decrescente;Céu Claro;Simples;Curva;Não;2;0;0;1;0;1;1;2;-8,118555;-39,123597;SPRF-PE;DEL05-PE;UOP01-DEL05-PE
699230;19/06/2025;quinta-feira;16:40:00;MG;40;27,8;PARACATU;Manobra de mudança de faixa;Colisão lateral sentido oposto;Com Vítimas Feridas;Pleno dia;Decrescente;Céu Claro;Simples;Reta;Não;2;0;1;0;0;1;1;2;-17,143219;-46,952264;SPRF-MG;DEL14-MG;UOP01-DEL14-MG
699231;19/06/2025;quinta-feira;19:31:00;PI;343;307,4;ALTOS;Acessar a via sem observar a presença dos outros veículos;Colisão transversal;Com Vítimas Fatais;Plena Noite;Decrescente;Céu Claro;Simples;Reta;Sim;2;1;0;0;1;0;0;2;-5,039477;-42,461917;SPRF-PI;DEL01-PI;UOP01-DEL01-PI
699239;19/06/2025;quinta-feira;16:30:00;MA;222;401;SANTA LUZIA;Demais falhas na via;Colisão traseira;Com Vítimas Feridas;Pleno dia;Decrescente;Céu Claro;Simples;Reta;Não;3;0;2;0;1;0;2;2;-3,93002016;-45,61935425;SPRF-MA;DEL02-MA;UOP01-DEL02-MA
699249;19/06/2025;quinta-feira;19:40:00;MG;116;93;MEDINA;Reação tardia ou ineficiente do condutor;Tombamento;Com Vítimas Feridas;Plena Noite;Crescente;Nublado;Simples;"Declive;Curva";Não;1;0;1;0;0;0;1;1;-16,408561;-41,476859;SPRF-MG;DEL11-MG;UOP02-DEL11-MG