id;data_inversa;dia_semana;horario;uf;br;km;municipio;causa_acidente;tipo_acidente;classificacao_acidente;fase_dia;sentido_via;condicao_metereologica;tipo_pista;tracado_via;uso_solo;pessoas;mortos;feridos_leves;feridos_graves;ilesos;ignorados;feridos;veiculos;latitude;longitude;regional;delegacia;uop
702345;04/07/2025;sexta-feira;08:00:00;BA;101;877,6;TEIXEIRA DE FREITAS;Acessar a via sem observar a presença dos outros veículos;Colisão transversal;Com Vítimas Feridas;Pleno dia;Decrescente;Garoa/Chuvisco;Simples;"Reta;Interseção de Vias";Sim;3;0;2;0;1;0;2;2;-17,545018;-39,718233;SPRF-BA;DEL09-BA;UOP02-DEL09-BA
702348;04/07/2025;sexta-feira;06:50:00;MG;40;726,8;BARBACENA;Acumulo de óleo sobre o pavimento;Saída de leito carroçável;Com Vítimas Feridas;Amanhecer;Crescente;Garoa/Chuvisco;Dupla;"Declive;Curva";Não;2;0;2;0;0;0;2;1;-21,3145212;-43,59415054;SPRF-MG;DEL05-MG;UOP01-DEL05-MG
702350;03/07/2025;quinta-feira;15:23:00;MT;364;626;NOVA MUTUM;Condutor deixou de manter distância do veículo da frente;Colisão traseira;Com Vítimas Feridas;Anoitecer;Crescente;Céu Claro;Simples;Reta;Não;3;0;1;0;2;0;1;3;-13,57589;-56,0297;SPRF-MT;DEL01-MT;UOP01-DEL01-MT
702354;04/07/2025;sexta-feira;07:40:00;MA;316;267;SANTA INES;Reação tardia ou ineficiente do condutor;Colisão traseira;Com Vítimas Feridas;Pleno dia;Decrescente;Céu Claro;Simples;Reta;Não;4;0;2;0;2;0;2;3;-3,7126144;-45,318144;SPRF-MA;DEL02-MA;UOP01-DEL02-MA
702356;04/07/2025;sexta-feira;08:40:00;CE;116;39,3;HORIZONTE;Condutor deixou de manter distância do veículo da frente;Colisão lateral mesmo sentido;Sem Vítimas;Pleno dia;Decrescente;Céu Claro;Dupla;Reta;Sim;2;0;0;0;1;1;0;2;-4,09534442;-38,50339472;SPRF-CE;DEL01-CE;UOP02-DEL01-CE
702358;04/07/2025;sexta-feira;06:30:00;GO;364;199;JATAI;Suicídio (presumido);Colisão com objeto;Com Vítimas Fatais;Amanhecer;Decrescente;Céu Claro;Dupla;"Declive;Ponte;Reta";Não;3;1;0;0;0;2;0;3;-17,91912608;-51,75114155;SPRF-GO;DEL05-GO;UOP01-DEL05-GO
702364;30/05/2025;sexta-feira;23:30:00;MT;364;351;SANTO ANTONIO DO LEVERGER;Ausência de reação do condutor;Colisão traseira;Com Vítimas Feridas;Plena Noite;Decrescente;Céu Claro;Dupla;Curva;Não;3;0;0;1;1;5;1;7;-15,8097621;-55,5415535;SPRF-MT;DEL05-MT;UOP02-DEL05-MT
702365;04/07/2025;sexta-feira;10:15:00;SC;101;335;TUBARAO;Acessar a via sem observar a presença dos outros veículos;Colisão lateral mesmo sentido;Com Vítimas Feridas;Pleno dia;Crescente;Céu Claro;Dupla;Reta;Sim;3;0;0;1;1;2;1;4;-28,47490008;-49,02796466;SPRF-SC;DEL02-SC;UOP01-DEL02-SC
702367;04/07/2025;sexta-feira;08:54:00;MG;262;36,4;MANHUACU;Desrespeitar a preferência no cruzamento;Colisão transversal;Com Vítimas Feridas;Pleno dia;Crescente;Céu Claro;Simples;Rotatória;Sim;2;0;1;0;1;0;1;2;-20,2668613;-42,03630669;SPRF-MG;DEL06-MG;UOP03-DEL06-MG
702369;04/07/2025;sexta-feira;09:40:00;PR;277;729;FOZ DO IGUACU;Acessar a via sem observar a presença dos outros veículos;Colisão lateral mesmo sentido;Com Vítimas Feridas;Pleno dia;Crescente;Céu Claro;Dupla;Viaduto;Sim;4;0;1;0;2;1;1;3;-25,50735506;-54,58445549;SPRF-PR;DEL05-PR;UOP03-DEL05-PR
702372;03/07/2025;quinta-feira;22:30:00;PE;232;315,2;SERTANIA;Reação tardia ou ineficiente do condutor;Saída de leito carroçável;Sem Vítimas;Plena Noite;Decrescente;Céu Claro;Simples;Reta;Não;2;0;0;0;0;2;0;2;-8,133185;-37,50112;SPRF-PE;DEL04-PE;UOP02-DEL04-PE
702373;06/06/2025;sexta-feira;11:00:00;MG;381;266;CORONEL FABRICIANO;Mal súbito do condutor;Colisão frontal;Com Vítimas Fatais;Pleno dia;Decrescente;Céu Claro;Simples;Reta;Não;3;1;0;0;1;1;0;3;-19,53885158;-42,67724991;SPRF-MG;DEL03-MG;UOP02-DEL03-MG
702375;04/07/2025;sexta-feira;07:30:00;MG;116;251,9;TEOFILO OTONI;Ausência de reação do condutor;Colisão lateral sentido oposto;Com Vítimas Feridas;Pleno dia;Crescente;Chuva;Simples;Reta;Não;4;0;1;0;2;1;1;3;-17,657608;-41,494105;SPRF-MG;DEL11-MG;UOP01-DEL11-MG
702377;04/07/2025;sexta-feira;10:35:00;BA;116;433;FEIRA DE SANTANA;Restrição de visibilidade em curvas horizontais;Colisão traseira;Com Vítimas Feridas;Pleno dia;Decrescente;Céu Claro;Dupla;Curva;Não;3;0;0;1;1;3;1;5;-12,30076;-39,03861;SPRF-BA;DEL02-BA;UOP01-DEL02-BA
702379;04/07/2025;sexta-feira;10:20:00;PR;376;491,1;PONTA GROSSA;Condutor deixou de manter distância do veículo da frente;Colisão traseira;Com Vítimas Feridas;Pleno dia;Crescente;Nublado;Dupla;"Declive;Reta";Não;4;0;1;0;1;2;1;4;-25,10554988;-50,19419534;SPRF-PR;DEL03-PR;UOP04-DEL03-PR
702384;04/07/2025;sexta-feira;11:15:00;SP;116;138;SAO JOSE DOS CAMPOS;Condutor deixou de manter distância do veículo da frente;Colisão traseira;Com Vítimas Feridas;Pleno dia;Crescente;Sol;Dupla;Reta;Sim;2;0;0;1;1;0;1;2;-23,16426861;-45,78464854;SPRF-SP;DEL02-SP;UOP01-DEL02-SP
702385;04/07/2025;sexta-feira;12:00:00;SE;101;185;UMBAUBA;Velocidade Incompatível;Colisão frontal;Com Vítimas Fatais;Pleno dia;Decrescente;Chuva;Simples;Reta;Sim;3;1;0;0;1;1;0;3;-11,394163;-37,674831;SPRF-SE;DEL02-SE;UOP03-DEL02-SE
702389;04/07/2025;sexta-feira;10:30:00;TO;153;142,5;ARAGUAINA;Estacionar ou parar em local proibido;Colisão traseira;Com Vítimas Feridas;Pleno dia;Crescente;Céu Claro;Dupla;Reta;Sim;3;0;1;0;1;1;1;3;-7,185518;-48,229392;SPRF-TO;DEL02-TO;UOP01-DEL02-TO
702392;04/07/2025;sexta-feira;11:00:00;SE;0;0;ARACAJU;Desrespeitar a preferência no cruzamento;Colisão transversal;Sem Vítimas;Pleno dia;Não Informado;Nublado;Simples;"Reta;Interseção de Vias";Sim;4;0;0;0;4;0;0;2;-10,895147;-37,082538;SPRF-SE;N/A;N/A
702393;04/07/2025;sexta-feira;12:30:00;SP;153;43,5;ONDA VERDE;Condutor deixou de manter distância do veículo da frente;Colisão lateral mesmo sentido;Com Vítimas Feridas;Pleno dia;Decrescente;Céu Claro;Simples;"Curva;Em Obras";Não;3;0;1;0;2;0;1;3;-20,648497;-49,341143;SPRF-SP;DEL09-SP;UOP01-DEL09-SP
702401;04/07/2025;sexta-feira;11:40:00;MG;116;774;LEOPOLDINA;Ausência de reação do condutor;Tombamento;Com Vítimas Feridas;Pleno dia;Decrescente;Nublado;Simples;Curva;Não;2;0;1;0;0;1;1;2;-21,57932128;-42,68264985;SPRF-MG;DEL07-MG;UOP01-DEL07-MG
702408;04/07/2025;sexta-feira;10:40:00;MG;459;89,5;CONGONHAL;Acessar a via sem observar a presença dos outros veículos;Colisão transversal;Com Vítimas Feridas;Pleno dia;Crescente;Céu Claro;Simples;Reta;Sim;2;0;1;0;1;0;1;2;-22,15002679;-46,02724314;SPRF-MG;DEL09-MG;UOP01-DEL09-MG
702413;04/07/2025;sexta-feira;09:40:00;SP;116;513;CAJATI;Reação tardia ou ineficiente do condutor;Tombamento;Com Vítimas Feridas;Pleno dia;Decrescente;Chuva;Dupla;"Aclive;Curva";Não;1;0;1;0;0;0;1;1;-24,84645274;-48,21410573;SPRF-SP;DEL05-SP;UOP02-DEL05-SP
702414;04/07/2025;sexta-feira;10:30:00;CE;222;313;TIANGUA;Transitar na contramão;Colisão transversal;Sem Vítimas;Pleno dia;Decrescente;Céu Claro;Dupla;"Reta;Interseção de Vias;Viaduto";Não;2;0;0;0;2;0;0;2;-3,7333125;-41,00214243;SPRF-CE;DEL04-CE;UOP02-DEL04-CE
702421;04/07/2025;sexta-feira;10:50:00;MG;153;98;PRATA;Velocidade Incompatível;Colisão traseira;Com Vítimas Feridas;Pleno dia;Crescente;Céu Claro;Simples;"Reta;Declive";Não;6;0;5;0;0;1;5;5;-19,212805;-48,937287;SPRF-MG;DEL15-MG;UOP03-DEL15-MG
702423;23/06/2025;segunda-feira;01:45:00;PR;116;166;QUITANDINHA;Reação tardia ou ineficiente do condutor;Colisão traseira;Sem Vítimas;Plena Noite;Decrescente;Garoa/Chuvisco;Simples;Reta;Não;3;0;0;0;2;2;0;4;-25,892957;-49,541268;SPRF-PR;DEL01-PR;UOP03-DEL01-PR
702430;04/07/2025;sexta-feira;14:20:00;RS;386;381,5;TABAI;Ausência de reação do condutor;Colisão traseira;Com Vítimas Feridas;Pleno dia;Crescente;Céu Claro;Dupla;"Declive;Reta";Não;3;0;1;0;2;0;1;2;-29,66451881;-51,74111367;SPRF-RS;DEL04-RS;UOP01-DEL04-RS
702433;04/07/2025;sexta-feira;16:00:00;RN;304;12,5;MOSSORO;Reação tardia ou ineficiente do condutor;Saída de leito carroçável;Com Vítimas Feridas;Pleno dia;Crescente;Céu Claro;Simples;"Declive;Reta";Não;2;0;1;0;0;1;1;2;-4,975975;-37,386728;SPRF-RN;DEL04-RN;UOP02-DEL04-RN
702438;04/04/2025;sexta-feira;12:45:00;SC;470;69,2;INDAIAL;Reação tardia ou ineficiente do condutor;Tombamento;Com Vítimas Fatais;Pleno dia;Crescente;Céu Claro;Dupla;Reta;Sim;3;1;0;0;1;1;0;3;-26,8850435;-49,2489973;SPRF-SC;DEL04-SC;UOP01-DEL04-SC
702440;04/07/2025;sexta-feira;15:00:00;MG;40;315;TRES MARIAS;Acessar a via sem observar a presença dos outros veículos;Colisão transversal;Com Vítimas Feridas;Pleno dia;Crescente;Céu Claro;Simples;"Reta;Aclive";Não;7;0;3;0;3;1;3;3;-18,480554;-45,066089;SPRF-MG;DEL14-MG;UOP02-DEL14-MG
702442;04/07/2025;sexta-feira;15:15:00;RS;158;260,1;JULIO DE CASTILHOS;Condutor usando celular;Colisão lateral sentido oposto;Com Vítimas Feridas;Pleno dia;Crescente;Céu Claro;Simples;"Reta;Interseção de Vias";Não;4;0;0;1;2;5;1;8;-29,20325573;-53,67495982;SPRF-RS;DEL10-RS;UOP02-DEL10-RS
702447;04/07/2025;sexta-feira;15:40:00;MT;364;142;PEDRA PRETA;Demais falhas mecânicas ou elétricas;Incêndio;Sem Vítimas;Pleno dia;Crescente;Céu Claro;Simples;Curva;Não;1;0;0;0;1;0;0;1;-16,781013;-54,224722;SPRF-MT;DEL02-MT;UOP01-DEL02-MT
702450;04/07/2025;sexta-feira;16:30:00;SP;381;33,6;ATIBAIA;Ausência de reação do condutor;Engavetamento;Com Vítimas Feridas;Pleno dia;Decrescente;Céu Claro;Dupla;"Reta;Aclive";Sim;5;0;1;0;3;1;1;4;-23,078031;-46,5695014;SPRF-SP;DEL03-SP;UOP02-DEL03-SP
702456;04/07/2025;sexta-feira;06:40:00;BA;242;466;IBITIARA;Transitar na contramão;Colisão frontal;Com Vítimas Fatais;Pleno dia;Crescente;Céu Claro;Simples;Reta;Não;3;1;0;1;0;2;1;4;-12,45568604;-42,19024658;SPRF-BA;DEL06-BA;UOP01-DEL06-BA
702459;14/06/2025;sábado;09:45:00;BA;116;684;JEQUIE;Ausência de reação do condutor;Engavetamento;Com Vítimas Feridas;Pleno dia;Crescente;Céu Claro;Simples;"Reta;Aclive";Não;4;0;2;0;1;2;2;5;-13,948889;-40,165133;SPRF-BA;DEL03-BA;UOP01-DEL03-BA
702460;04/07/2025;sexta-feira;14:26:00;PR;376;501;PONTA GROSSA;Animais na Pista;Colisão traseira;Sem Vítimas;Pleno dia;Crescente;Sol;Dupla;Reta;Não;4;0;0;0;3;2;0;4;-25,16200818;-50,1215082;SPRF-PR;DEL03-PR;UOP04-DEL03-PR
702477;04/07/2025;sexta-feira;18:30:00;SC;101;108;PENHA;Reação tardia ou ineficiente do condutor;Tombamento;Com Vítimas Feridas;Plena Noite;Decrescente;Nublado;Dupla;Reta;Não;2;0;1;0;1;0;1;2;-26,82083893;-48,68453829;SPRF-SC;DEL03-SC;UOP02-DEL03-SC
702481;04/07/2025;sexta-feira;15:45:00;PI;407;428;GEMINIANO;Reação tardia ou ineficiente do condutor;Tombamento;Com Vítimas Feridas;Pleno dia;Decrescente;Céu Claro;Simples;Curva;Sim;2;0;0;1;0;1;1;2;-7,130228;-41,389043;SPRF-PI;DEL04-PI;UOP01-DEL04-PI
702485;04/07/2025;sexta-feira;14:50:00;BA;116;776,5;PLANALTO;Ausência de reação do condutor;Colisão traseira;Com Vítimas Feridas;Pleno dia;Crescente;Céu Claro;Simples;Reta;Sim;4;0;1;0;1;2;1;3;-14,66823799;-40,46698093;SPRF-BA;DEL08-BA;UOP02-DEL08-BA
702493;04/07/2025;sexta-feira;18:50:00;MG;116;704,7;MURIAE;Manobra de mudança de faixa;Colisão lateral mesmo sentido;Com Vítimas Feridas;Anoitecer;Decrescente;Nublado;Simples;Reta;Sim;3;0;0;1;1;1;1;3;-21,13984811;-42,38246441;SPRF-MG;DEL07-MG;UOP02-DEL07-MG
702494;04/07/2025;sexta-feira;19:30:00;PR;376;469;PONTA GROSSA;Manobra de mudança de faixa;Colisão traseira;Com Vítimas Feridas;Plena Noite;Crescente;Céu Claro;Dupla;"Reta;Declive";Não;8;0;3;2;1;4;5;6;-25,013453;-50,343323;SPRF-PR;DEL03-PR;UOP01-DEL03-PR
702495;04/07/2025;sexta-feira;18:00:00;SP;381;82;SAO PAULO;Condutor deixou de manter distância do veículo da frente;Colisão com objeto;Com Vítimas Feridas;Plena Noite;Decrescente;Céu Claro;Dupla;Reta;Sim;1;0;1;0;0;0;1;1;-23,4307526;-46,56986999;SPRF-SP;DEL03-SP;UOP01-DEL03-SP
702506;22/06/2025;domingo;15:30:00;MG;40;756,6;EWBANK DA CAMARA;Curva acentuada;Tombamento;Com Vítimas Feridas;Pleno dia;Crescente;Céu Claro;Simples;Curva;Sim;2;0;1;0;0;1;1;2;-21,53869148;-43,51086723;SPRF-MG;DEL05-MG;UOP01-DEL05-MG
702507;04/07/2025;sexta-feira;20:00:00;BA;116;755,5;POCOES;Reação tardia ou ineficiente do condutor;Colisão traseira;Com Vítimas Feridas;Plena Noite;Decrescente;Céu Claro;Simples;Reta;Sim;4;0;0;1;1;2;1;3;-14,51231551;-40,36533594;SPRF-BA;DEL08-BA;UOP02-DEL08-BA
702534;04/07/2025;sexta-feira;22:36:00;SC;101;48,8;JOINVILLE;Ingestão de álcool pelo condutor;Colisão lateral mesmo sentido;Sem Vítimas;Plena Noite;Decrescente;Céu Claro;Dupla;Curva;Não;4;0;0;0;3;1;0;3;-26,37795265;-48,85221004;SPRF-SC;DEL03-SC;UOP01-DEL03-SC
702542;04/07/2025;sexta-feira;22:45:00;MG;116;291;TEOFILO OTONI;Ausência de reação do condutor;Atropelamento de Pedestre;Com Vítimas Feridas;Plena Noite;Decrescente;Chuva;Simples;Reta;Não;2;0;1;0;0;1;1;2;-17,97347651;-41,54481824;SPRF-MG;DEL11-MG;UOP01-DEL11-MG
702548;04/07/2025;sexta-feira;23:00:00;SP;116;480;JACUPIRANGA;Reação tardia ou ineficiente do condutor;Saída de leito carroçável;Com Vítimas Feridas;Plena Noite;Crescente;Nublado;Dupla;Reta;Não;2;0;1;0;1;0;1;1;-24,71270887;-48,02628136;SPRF-SP;DEL05-SP;UOP01-DEL05-SP
702550;04/07/2025;sexta-feira;22:43:00;MS;158;149;APARECIDA DO TABOADO;Transitar na contramão;Colisão frontal;Com Vítimas Fatais;Plena Noite;Crescente;Céu Claro;Simples;Reta;Não;3;1;0;0;1;2;0;4;-20,09461;-51,152679;SPRF-MS;DEL08-MS;UOP01-DEL08-MS
702552;04/07/2025;sexta-feira;22:20:00;RS;386;182,4;CARAZINHO;Transitar no Acostamento;Colisão traseira;Com Vítimas Fatais;Plena Noite;Decrescente;Céu Claro;Simples;Reta;Não;3;1;0;0;1;1;0;3;-28,31928383;-52,72994868;SPRF-RS;DEL08-RS;UOP01-DEL08-RS
702553;04/07/2025;sexta-feira;23:08:00;PR;277;520,9;GUARANIACU;Transitar na contramão;Colisão frontal;Com Vítimas Feridas;Plena Noite;Crescente;Céu Claro;Simples;"Reta;Declive";Sim;3;0;1;0;1;1;1;3;-25,10277707;-52,88239002;SPRF-PR;DEL04-PR;UOP04-DEL04-PR
702554;05/07/2025;sábado;00:30:00;MG;381;478;CONTAGEM;Ausência de reação do condutor;Colisão lateral mesmo sentido;Sem Vítimas;Plena Noite;Decrescente;Céu Claro;Dupla;Reta;Sim;4;0;0;0;3;1;0;4;-19,9607732;-44,0363973;SPRF-MG;DEL01-MG;UOP03-DEL01-MG
702558;04/07/2025;sexta-feira;22:30:00;SC;116;75,2;MONTE CASTELO;Velocidade Incompatível;Tombamento;Sem Vítimas;Plena Noite;Decrescente;Garoa/Chuvisco;Simples;Curva;Não;2;0;0;0;1;1;0;2;-26,5141715;-50,2251921;SPRF-SC;DEL06-SC;UOP02-DEL06-SC
702561;05/07/2025;sábado;01:00:00;SC;158;108;CUNHA PORA;Velocidade Incompatível;Colisão traseira;Sem Vítimas;Plena Noite;Crescente;Céu Claro;Simples;Reta;Sim;3;0;0;0;2;1;0;3;-26,8771839;-53,16841467;SPRF-SC;DEL07-SC;UOP02-DEL07-SC
702568;05/07/2025;sábado;04:05:00;MG;381;843,3;SAO SEBASTIAO DA BELA VISTA;Condutor Dormindo;Colisão com objeto;Com Vítimas Feridas;Plena Noite;Decrescente;Céu Claro;Dupla;Curva;Não;2;0;1;0;0;1;1;2;-22,186472;-45,845761;SPRF-MG;DEL16-MG;UOP01-DEL16-MG
702584;05/07/2025;sábado;05:40:00;BA;101;6,5;RIO REAL;Reação tardia ou ineficiente do condutor;Colisão frontal;Com Vítimas Feridas;Amanhecer;Decrescente;Garoa/Chuvisco;Simples;Reta;Sim;3;0;0;1;1;1;1;3;-11,53843886;-37,84899032;SPRF-SE;DEL02-SE;UOP03-DEL02-SE
702587;05/07/2025;sábado;05:30:00;SC;470;1;NAVEGANTES;Ausência de reação do condutor;Colisão traseira;Com Vítimas Feridas;Plena Noite;Crescente;Céu Claro;Simples;Reta;Não;3;0;0;1;0;2;1;3;-26,87692634;-48,66632357;SPRF-SC;DEL04-SC;UOP04-DEL04-SC
702588;05/07/2025;sábado;04:50:00;PR;376;654,7;TIJUCAS DO SUL;Condutor Dormindo;Saída de leito carroçável;Com Vítimas Feridas;Plena Noite;Decrescente;Nevoeiro/Neblina;Dupla;Curva;Não;1;0;1;0;0;0;1;1;-25,841453;-49,039523;SPRF-PR;DEL01-PR;UOP04-DEL01-PR
702592;04/07/2025;sexta-feira;23:30:00;MA;316;504;CODO;Ausência de reação do condutor;Colisão traseira;Com Vítimas Feridas;Plena Noite;Decrescente;Céu Claro;Simples;Reta;Não;3;0;0;1;1;1;1;3;-4,721459;-43,738192;SPRF-MA;DEL03-MA;UOP02-DEL03-MA
702593;04/07/2025;sexta-feira;23:00:00;RJ;393;121,5;SAPUCAIA;Reação tardia ou ineficiente do condutor;Tombamento;Com Vítimas Feridas;Plena Noite;Decrescente;Céu Claro;Simples;Curva;Não;2;0;0;1;0;1;1;2;-21,9436944;-42,8317778;SPRF-RJ;DEL05-RJ;UOP01-DEL05-RJ
702599;05/07/2025;sábado;04:40:00;PR;373;474;CORONEL VIVIDA;Demais falhas mecânicas ou elétricas;Incêndio;Sem Vítimas;Plena Noite;Crescente;Céu Claro;Simples;Curva;Não;2;0;0;0;1;2;0;3;-25,96602021;-52,52188101;SPRF-PR;DEL02-PR;UOP01-DEL02-PR
702600;05/07/2025;sábado;07:20:00;BA;116;698;JEQUIE;Ausência de reação do condutor;Saída de leito carroçável;Sem Vítimas;Pleno dia;Crescente;Céu Claro;Simples;Reta;Não;2;0;0;0;1;1;0;2;-14,07135829;-40,20903436;SPRF-BA;DEL03-BA;UOP01-DEL03-BA
702601;05/07/2025;sábado;04:58:00;PB;412;48,8;SAO JOAO DO CARIRI;Ausência de reação do condutor;Colisão lateral sentido oposto;Com Vítimas Fatais;Plena Noite;Crescente;Ignorado;Simples;"Declive;Reta";Não;5;1;0;3;1;0;3;2;-7,352893;-36,478382;SPRF-PB;DEL02-PB;UOP02-DEL02-PB
702602;04/07/2025;sexta-feira;23:40:00;MG;251;295,3;SALINAS;Condutor Dormindo;Colisão frontal;Com Vítimas Fatais;Plena Noite;Decrescente;Nublado;Simples;Reta;Não;4;1;0;2;1;0;2;2;-16,06061929;-42,19694138;SPRF-MG;DEL12-MG;UOP02-DEL12-MG
702610;04/07/2025;sexta-feira;18:10:00;RJ;116;196;QUEIMADOS;Ingestão de álcool pelo condutor;Saída de leito carroçável;Sem Vítimas;Plena Noite;Decrescente;Céu Claro;Dupla;Reta;Sim;2;0;0;0;1;1;0;2;-22,73005606;-43,61312628;SPRF-RJ;DEL06-RJ;UOP01-DEL06-RJ
702611;05/07/2025;sábado;01:40:00;MT;163;868,5;SINOP;Transitar na contramão;Colisão frontal;Com Vítimas Fatais;Plena Noite;Crescente;Céu Claro;Simples;"Reta;Declive";Não;3;1;0;0;1;2;0;4;-11,57275;-55,412612;SPRF-MT;DEL06-MT;UOP02-DEL06-MT
702619;05/07/2025;sábado;08:30:00;SC;101;419,3;ARARANGUA;Ausência de reação do condutor;Colisão traseira;Com Vítimas Feridas;Pleno dia;Decrescente;Sol;Múltipla;"Em Obras;Reta";Sim;3;0;1;0;2;0;1;3;-28,99530799;-49,55216853;SPRF-SC;DEL02-SC;UOP02-DEL02-SC
702623;01/07/2025;terça-feira;09:15:00;RJ;116;285;BARRA MANSA;Ausência de sinalização;Engavetamento;Com Vítimas Feridas;Pleno dia;Crescente;Céu Claro;Dupla;Reta;Não;7;0;2;0;4;1;2;5;-22,50078638;-44,2294213;SPRF-RJ;DEL07-RJ;UOP02-DEL07-RJ
702624;05/07/2025;sábado;08:00:00;SC;282;563;NOVA ERECHIM;Neblina;Colisão traseira;Com Vítimas Feridas;Pleno dia;Crescente;Céu Claro;Simples;"Reta;Aclive";Não;2;0;1;0;1;0;1;2;-26,91276429;-52,8652637;SPRF-SC;DEL07-SC;UOP02-DEL07-SC
702626;04/07/2025;sexta-feira;20:40:00;BA;242;258;ITABERABA;Reação tardia ou ineficiente do condutor;Tombamento;Com Vítimas Feridas;Plena Noite;Decrescente;Céu Claro;Simples;Curva;Não;5;0;1;0;3;3;1;5;-12,51120061;-40,44320852;SPRF-BA;DEL06-BA;UOP02-DEL06-BA
702641;05/07/2025;sábado;10:40:00;PR;376;170;MARINGA;Velocidade Incompatível;Colisão lateral mesmo sentido;Com Vítimas Feridas;Pleno dia;Crescente;Céu Claro;Dupla;Reta;Sim;6;0;2;0;3;1;2;3;-23,40260737;-51,99743271;SPRF-PR;DEL09-PR;UOP01-DEL09-PR
702667;05/07/2025;sábado;13:07:00;ES;101;242,7;SERRA;Condutor usando celular;Colisão frontal;Com Vítimas Fatais;Pleno dia;Crescente;Céu Claro;Simples;Curva;Não;3;1;0;1;0;3;1;5;-20,03757;-40,39311;SPRF-ES;DEL02-ES;UOP01-DEL02-ES
702670;05/07/2025;sábado;11:40:00;BA;324;533;FEIRA DE SANTANA;Chuva;Colisão traseira;Com Vítimas Feridas;Pleno dia;Decrescente;Chuva;Dupla;Reta;Não;9;0;2;4;2;1;6;3;-12,344924;-38,8409701;SPRF-BA;DEL01-BA;UOP03-DEL01-BA
702672;05/07/2025;sábado;11:08:00;BA;116;631;JAGUAQUARA;Acessar a via sem observar a presença dos outros veículos;Colisão transversal;Com Vítimas Feridas;Pleno dia;Crescente;Céu Claro;Simples;Reta;Sim;6;0;1;0;4;1;1;3;-13,520928;-40,059753;SPRF-BA;DEL03-BA;UOP01-DEL03-BA
702673;12/06/2025;quinta-feira;07:10:00;RJ;101;481;ANGRA DOS REIS;Transitar na contramão;Colisão frontal;Com Vítimas Feridas;Pleno dia;Crescente;Céu Claro;Simples;Reta;Sim;2;0;1;0;1;0;1;2;-23,0063118;-44,29456897;SPRF-RJ;DEL03-RJ;UOP03-DEL03-RJ
702678;05/07/2025;sábado;12:50:00;PR;476;308,9;SAO MATEUS DO SUL;Afundamento ou ondulação no pavimento;Colisão frontal;Com Vítimas Feridas;Pleno dia;Decrescente;Céu Claro;Simples;Reta;Não;3;0;0;2;0;2;2;4;-25,97008283;-50,53951263;SPRF-PR;DEL02-PR;UOP03-DEL02-PR
702679;05/07/2025;sábado;13:15:00;MG;251;319,7;SALINAS;Reação tardia ou ineficiente do condutor;Saída de leito carroçável;Com Vítimas Feridas;Pleno dia;Decrescente;Céu Claro;Simples;Curva;Não;1;0;0;1;0;0;1;1;-16,175058;-42,33161;SPRF-MG;DEL12-MG;UOP02-DEL12-MG
702681;05/07/2025;sábado;14:10:00;SE;101;91;NOSSA SENHORA DO SOCORRO;Ingestão de álcool pelo condutor;Colisão frontal;Com Vítimas Feridas;Pleno dia;Decrescente;Nublado;Dupla;"Aclive;Viaduto;Curva";Não;3;0;0;1;1;1;1;3;-10,90482684;-37,13039875;SPRF-SE;DEL01-SE;UOP01-DEL01-SE
702694;30/06/2025;segunda-feira;14:00:00;MG;381;227;BELO ORIENTE;Ausência de reação do condutor;Saída de leito carroçável;Com Vítimas Feridas;Pleno dia;Crescente;Céu Claro;Simples;Reta;Não;2;0;1;0;0;1;1;2;-19,350543;-42,433783;SPRF-MG;DEL06-MG;UOP01-DEL06-MG
702695;05/07/2025;sábado;14:50:00;MG;381;455,6;BELO HORIZONTE;Conversão proibida;Colisão transversal;Com Vítimas Feridas;Pleno dia;Crescente;Sol;Simples;"Aclive;Curva";Não;3;0;0;3;0;0;3;2;-19,83843887;-43,88436047;SPRF-MG;DEL01-MG;UOP01-DEL01-MG
702700;05/07/2025;sábado;10:42:00;AC;364;122;RIO BRANCO;Ausência de reação do condutor;Colisão traseira;Com Vítimas Feridas;Pleno dia;Decrescente;Céu Claro;Dupla;"Retorno Regulamentado;Reta";Sim;4;0;0;1;1;2;1;3;-10,011807;-67,781263;SPRF-AC;DEL01-AC;UOP01-DEL01-AC
702718;05/07/2025;sábado;16:30:00;PR;277;584,7;CASCAVEL;Manobra de mudança de faixa;Colisão lateral mesmo sentido;Sem Vítimas;Pleno dia;Crescente;Céu Claro;Simples;Curva;Sim;2;0;0;0;2;0;0;2;-24,964;-53,407;SPRF-PR;DEL04-PR;UOP01-DEL04-PR
702740;05/07/2025;sábado;18:50:00;PE;104;38;CARUARU;Transitar no Acostamento;Colisão traseira;Com Vítimas Fatais;Plena Noite;Crescente;Céu Claro;Dupla;Reta;Não;2;1;0;0;1;0;0;2;-8,0586;-36,04822;SPRF-PE;DEL02-PE;UOP01-DEL02-PE
702752;05/07/2025;sábado;18:30:00;PR;376;490;PONTA GROSSA;Ausência de reação do condutor;Colisão com objeto;Com Vítimas Feridas;Plena Noite;Crescente;Ignorado;Dupla;Reta;Sim;4;0;2;0;1;2;2;4;-25,105144;-50,193613;SPRF-PR;DEL03-PR;UOP04-DEL03-PR
702757;05/07/2025;sábado;19:30:00;RJ;116;185;NOVA IGUACU;Transitar no Acostamento;Colisão traseira;Com Vítimas Fatais;Plena Noite;Crescente;Céu Claro;Dupla;Reta;Sim;3;1;0;0;1;1;0;3;-22,7391687;-43,4712411;SPRF-RJ;DEL06-RJ;UOP01-DEL06-RJ