id;data_inversa;dia_semana;horario;uf;br;km;municipio;causa_acidente;tipo_acidente;classificacao_acidente;fase_dia;sentido_via;condicao_metereologica;tipo_pista;tracado_via;uso_solo;pessoas;mortos;feridos_leves;feridos_graves;ilesos;ignorados;feridos;veiculos;latitude;longitude;regional;delegacia;uop
702760;05/07/2025;sábado;20:10:00;ES;101;314,2;VILA VELHA;Velocidade Incompatível;Colisão com objeto;Com Vítimas Feridas;Plena Noite;Decrescente;Céu Claro;Dupla;Curva;Não;2;0;1;0;0;1;1;2;-20,46500915;-40,46546683;SPRF-ES;DEL01-ES;UOP01-DEL01-ES
702765;05/07/2025;sábado;18:30:00;TO;153;292,2;PRESIDENTE KENNEDY;Demais falhas mecânicas ou elétricas;Incêndio;Sem Vítimas;Anoitecer;Decrescente;Céu Claro;Simples;Reta;Não;1;0;0;0;1;0;0;1;-8,460868;-48,486562;SPRF-TO;DEL02-TO;UOP02-DEL02-TO
702773;05/07/2025;sábado;20:00:00;MA;10;261;IMPERATRIZ;Ingestão de álcool pelo condutor;Colisão frontal;Sem Vítimas;Plena Noite;Crescente;Céu Claro;Simples;Reta;Não;3;0;0;0;2;1;0;3;-5,448223;-47,472523;SPRF-MA;DEL04-MA;UOP01-DEL04-MA
702787;05/07/2025;sábado;21:15:00;SC;153;64;IRANI;Ausência de reação do condutor;Colisão lateral sentido oposto;Sem Vítimas;Plena Noite;Crescente;Céu Claro;Simples;Reta;Não;3;0;0;0;1;2;0;3;-27,00703;-51,874842;SPRF-SC;DEL07-SC;UOP04-DEL07-SC
702791;05/07/2025;sábado;16:23:00;GO;153;577;PIRACANJUBA;Reação tardia ou ineficiente do condutor;Saída de leito carroçável;Sem Vítimas;Pleno dia;Crescente;Céu Claro;Dupla;Declive;Não;2;0;0;0;1;1;0;2;-17,51409647;-49,21582461;SPRF-GO;DEL03-GO;UOP01-DEL03-GO
702794;05/07/2025;sábado;21:20:00;SC;282;473,8;VARGEAO;Transitar na contramão;Colisão lateral sentido oposto;Com Vítimas Feridas;Plena Noite;Crescente;Céu Claro;Simples;Reta;Não;5;0;0;2;1;2;2;4;-26,866303;-52,134647;SPRF-SC;DEL07-SC;UOP01-DEL07-SC
702799;05/07/2025;sábado;22:35:00;TO;153;504,4;PARAISO DO TOCANTINS;Transitar na contramão;Colisão lateral sentido oposto;Com Vítimas Fatais;Plena Noite;Crescente;Céu Claro;Simples;"Reta;Aclive";Não;3;1;0;0;1;1;0;3;-10,237321;-48,877162;SPRF-TO;DEL01-TO;UOP01-DEL01-TO
702800;05/07/2025;sábado;20:40:00;PE;428;86;SANTA MARIA DA BOA VISTA;Carga excessiva e/ou mal acondicionada;Derramamento de carga;Com Vítimas Feridas;Pleno dia;Decrescente;Céu Claro;Simples;Aclive;Não;2;0;2;0;0;0;2;1;-8,79557281;-39,83835094;SPRF-PE;DEL06-PE;UOP03-DEL06-PE
702803;05/07/2025;sábado;20:00:00;PE;407;129;PETROLINA;Velocidade Incompatível;Colisão traseira;Com Vítimas Feridas;Plena Noite;Crescente;Céu Claro;Dupla;"Reta;Ponte";Sim;5;0;2;2;1;0;4;3;-9,40315914;-40,50384521;SPRF-PE;DEL06-PE;UOP01-DEL06-PE
702804;05/07/2025;sábado;20:55:00;MT;163;1060;GUARANTA DO NORTE;Reação tardia ou ineficiente do condutor;Colisão traseira;Com Vítimas Feridas;Plena Noite;Crescente;Vento;Simples;Reta;Não;2;0;0;1;0;1;1;2;-9,987811;-54,906538;SPRF-MT;DEL06-MT;UOP03-DEL06-MT
702805;05/07/2025;sábado;20:20:00;SC;282;212,2;LAGES;Acessar a via sem observar a presença dos outros veículos;Colisão transversal;Com Vítimas Fatais;Plena Noite;Decrescente;Céu Claro;Simples;"Reta;Declive;Interseção de Vias";Sim;6;2;0;3;0;1;3;3;-27,78288437;-50,25340953;SPRF-SC;DEL05-SC;UOP01-DEL05-SC
702814;05/07/2025;sábado;22:50:00;BA;135;150;RIACHAO DAS NEVES;Velocidade Incompatível;Queda de ocupante de veículo;Com Vítimas Fatais;Plena Noite;Decrescente;Céu Claro;Simples;Reta;Não;4;2;0;0;1;1;0;3;-11,95140408;-44,90449907;SPRF-BA;DEL10-BA;UOP01-DEL10-BA
702826;05/07/2025;sábado;23:30:00;BA;101;415;IBIRAPITANGA;Ultrapassagem Indevida;Colisão frontal;Com Vítimas Feridas;Plena Noite;Decrescente;Céu Claro;Simples;Reta;Não;7;0;4;1;2;0;5;2;-14,090578;-39,377567;SPRF-BA;DEL05-BA;UOP03-DEL05-BA
702835;06/07/2025;domingo;00:40:00;GO;50;259,9;CATALAO;Manobra de mudança de faixa;Colisão transversal;Com Vítimas Fatais;Plena Noite;Decrescente;Céu Claro;Dupla;"Retorno Regulamentado;Reta";Não;5;1;0;2;1;1;2;3;-18,03878735;-47,85440817;SPRF-GO;DEL06-GO;UOP01-DEL06-GO
702843;06/07/2025;domingo;00:00:00;MG;365;451,1;PATROCINIO;Suicídio (presumido);Atropelamento de Pedestre;Com Vítimas Fatais;Plena Noite;Decrescente;Céu Claro;Simples;Reta;Não;4;1;0;0;2;1;0;4;-18,83135;-46,8211;SPRF-MG;DEL10-MG;UOP01-DEL10-MG
702860;06/07/2025;domingo;04:25:00;PR;376;464;PONTA GROSSA;Condutor Dormindo;Colisão traseira;Com Vítimas Feridas;Amanhecer;Crescente;Céu Claro;Dupla;Reta;Não;7;0;1;0;5;2;1;4;-24,97876647;-50,37471186;SPRF-PR;DEL03-PR;UOP01-DEL03-PR
702861;06/07/2025;domingo;06:40:00;RN;101;110;SAO JOSE DE MIPIBU;Trafegar com motocicleta (ou similar) entre as faixas;Colisão traseira;Com Vítimas Feridas;Pleno dia;Decrescente;Céu Claro;Dupla;Reta;Não;2;0;0;1;1;0;1;2;-5,96477419;-35,26482403;SPRF-RN;DEL01-RN;UOP01-DEL01-RN
702872;01/07/2025;terça-feira;06:45:00;MG;381;270;CORONEL FABRICIANO;Problema com o freio;Eventos atípicos;Com Vítimas Feridas;Pleno dia;Crescente;Céu Claro;Simples;Reta;Não;2;0;1;0;0;1;1;2;-19,52886917;-42,67102361;SPRF-MG;DEL03-MG;UOP02-DEL03-MG
702876;06/07/2025;domingo;05:15:00;MG;381;164;GOVERNADOR VALADARES;Ausência de reação do condutor;Colisão lateral sentido oposto;Com Vítimas Feridas;Amanhecer;Crescente;Céu Claro;Simples;Reta;Não;6;0;2;2;1;1;4;4;-18,92415159;-42,03357285;SPRF-MG;DEL06-MG;UOP01-DEL06-MG
702885;06/07/2025;domingo;07:00:00;MG;116;401,8;GOVERNADOR VALADARES;Transitar na contramão;Colisão frontal;Sem Vítimas;Amanhecer;Crescente;Céu Claro;Simples;Reta;Não;3;0;0;0;1;2;0;3;-18,778818;-41,987668;SPRF-MG;DEL06-MG;UOP01-DEL06-MG
702886;05/07/2025;sábado;22:20:00;SC;280;304,6;PORTO UNIAO;Ingestão de álcool pelo condutor;Colisão traseira;Com Vítimas Feridas;Plena Noite;Crescente;Nevoeiro/Neblina;Simples;Reta;Sim;2;0;1;0;1;0;1;2;-26,26818;-51,05786;SPRF-SC;DEL06-SC;UOP04-DEL06-SC
702888;06/07/2025;domingo;06:43:00;MT;163;1057;GUARANTA DO NORTE;Ausência de reação do condutor;Colisão lateral sentido oposto;Com Vítimas Feridas;Amanhecer;Crescente;Céu Claro;Simples;Reta;Não;5;0;0;1;3;6;1;10;-10,014212;-54,908405;SPRF-MT;DEL06-MT;UOP03-DEL06-MT
702889;06/07/2025;domingo;08:50:00;SC;101;283;IMBITUBA;Reação tardia ou ineficiente do condutor;Colisão traseira;Com Vítimas Feridas;Pleno dia;Decrescente;Céu Claro;Dupla;Reta;Não;4;0;1;0;2;3;1;5;-28,22146827;-48,70046139;SPRF-SC;DEL02-SC;UOP03-DEL02-SC
702898;06/07/2025;domingo;08:30:00;MG;116;195,1;CARAI;Reação tardia ou ineficiente do condutor;Tombamento;Com Vítimas Feridas;Pleno dia;Decrescente;Nublado;Simples;"Declive;Curva";Não;2;0;1;0;0;1;1;2;-17,2024278;-41,4919155;SPRF-MG;DEL11-MG;UOP01-DEL11-MG
702899;06/07/2025;domingo;10:00:00;MG;381;590,6;CARMOPOLIS DE MINAS;Reação tardia ou ineficiente do condutor;Colisão lateral mesmo sentido;Com Vítimas Feridas;Pleno dia;Crescente;Céu Claro;Dupla;"Curva;Aclive";Não;2;0;1;0;0;1;1;2;-20,545957;-44,655993;SPRF-MG;DEL04-MG;UOP01-DEL04-MG
702902;06/07/2025;domingo;10:20:00;MA;222;673,3;ACAILANDIA;Ingestão de álcool pelo condutor;Engavetamento;Sem Vítimas;Pleno dia;Decrescente;Céu Claro;Simples;Reta;Sim;3;0;0;0;3;0;0;3;-4,951;-47,483;SPRF-MA;DEL04-MA;UOP03-DEL04-MA
702910;06/07/2025;domingo;12:00:00;SP;116;168,6;JACAREI;Reação tardia ou ineficiente do condutor;Colisão traseira;Com Vítimas Feridas;Pleno dia;Crescente;Sol;Dupla;"Reta;Aclive";Sim;4;0;1;0;2;1;1;4;-23,30628324;-46,03874087;SPRF-SP;DEL02-SP;UOP01-DEL02-SP
702913;06/07/2025;domingo;09:30:00;PA;222;155;ABEL FIGUEIREDO;Demais falhas mecânicas ou elétricas;Saída de leito carroçável;Com Vítimas Fatais;Pleno dia;Decrescente;Céu Claro;Simples;"Curva;Declive";Não;7;3;0;1;1;4;1;8;-4,98271617;-48,44923496;SPRF-PA;DEL03-PA;UOP01-DEL03-PA
702923;06/07/2025;domingo;11:40:00;MG;116;688,4;MURIAE;Ausência de reação do condutor;Saída de leito carroçável;Com Vítimas Feridas;Pleno dia;Crescente;Céu Claro;Simples;Curva;Não;2;0;1;0;0;1;1;2;-21,1464617;-42,3813158;SPRF-MG;DEL07-MG;UOP02-DEL07-MG
702929;06/07/2025;domingo;14:10:00;PR;277;517,5;GUARANIACU;Ultrapassagem Indevida;Colisão frontal;Com Vítimas Feridas;Pleno dia;Decrescente;Céu Claro;Simples;"Declive;Reta";Sim;4;0;0;2;1;1;2;3;-25,10977056;-52,85239076;SPRF-PR;DEL04-PR;UOP04-DEL04-PR
702944;06/07/2025;domingo;13:30:00;BA;116;192;CANUDOS;Afundamento ou ondulação no pavimento;Colisão frontal;Com Vítimas Feridas;Pleno dia;Crescente;Céu Claro;Simples;Reta;Não;3;0;1;0;1;1;1;3;-10,294661;-39,070953;SPRF-BA;DEL07-BA;UOP03-DEL07-BA
702956;06/07/2025;domingo;15:27:00;MG;116;214;CATUJI;Conversão proibida;Colisão transversal;Com Vítimas Feridas;Pleno dia;Crescente;Céu Claro;Simples;Aclive;Não;3;0;0;1;1;1;1;3;-17,364687;-41,532657;SPRF-MG;DEL11-MG;UOP01-DEL11-MG
702959;06/07/2025;domingo;13:47:00;MT;163;671;LUCAS DO RIO VERDE;Reação tardia ou ineficiente do condutor;Colisão lateral mesmo sentido;Com Vítimas Feridas;Pleno dia;Crescente;Céu Claro;Simples;Reta;Não;7;0;3;0;3;3;3;5;-13,209689;-55,997725;SPRF-MT;DEL06-MT;UOP01-DEL06-MT
702961;06/07/2025;domingo;15:00:00;MG;262;82;MATIPO;Ultrapassagem Indevida;Colisão lateral mesmo sentido;Com Vítimas Feridas;Pleno dia;Crescente;Céu Claro;Simples;Reta;Não;4;0;1;0;3;0;1;2;-20,33603;-42,389808;SPRF-MG;DEL03-MG;UOP03-DEL03-MG
702967;06/07/2025;domingo;18:00:00;PE;101;48,9;ABREU E LIMA;Ausência de reação do condutor;Atropelamento de Pedestre;Com Vítimas Fatais;Plena Noite;Decrescente;Céu Claro;Múltipla;Reta;Sim;3;2;0;0;0;1;0;3;-7,90017888;-34,90190568;SPRF-PE;DEL01-PE;UOP02-DEL01-PE
702971;06/07/2025;domingo;17:50:00;MG;153;17;CENTRALINA;Condutor deixou de manter distância do veículo da frente;Colisão lateral mesmo sentido;Com Vítimas Feridas;Plena Noite;Decrescente;Céu Claro;Dupla;Reta;Sim;3;0;1;0;1;4;1;6;-18,54844855;-49,19307053;SPRF-MG;DEL15-MG;UOP03-DEL15-MG
702974;06/07/2025;domingo;13:30:00;GO;153;293,3;RIALMA;Condutor deixou de manter distância do veículo da frente;Colisão traseira;Com Vítimas Feridas;Pleno dia;Decrescente;Céu Claro;Simples;Reta;Não;4;0;2;0;1;1;2;3;-15,25553613;-49,54984725;SPRF-GO;DEL02-GO;UOP02-DEL02-GO
702977;06/07/2025;domingo;18:20:00;MG;40;821,1;SIMAO PEREIRA;Manobra de mudança de faixa;Colisão traseira;Com Vítimas Feridas;Plena Noite;Decrescente;Céu Claro;Dupla;"Aclive;Reta";Não;4;0;1;0;2;1;1;3;-21,96280681;-43,29771376;SPRF-MG;DEL05-MG;UOP01-DEL05-MG
702981;06/07/2025;domingo;18:30:00;CE;304;16,6;BEBERIBE;Ausência de reação do condutor;Colisão traseira;Com Vítimas Feridas;Plena Noite;Crescente;Céu Claro;Simples;Reta;Não;5;0;1;0;3;1;1;3;-4,58679865;-38,08443904;SPRF-CE;DEL03-CE;UOP02-DEL03-CE
702998;06/07/2025;domingo;19:40:00;PR;376;496;PONTA GROSSA;Ausência de reação do condutor;Colisão traseira;Com Vítimas Feridas;Plena Noite;Decrescente;Ignorado;Dupla;"Reta;Aclive";Não;3;0;1;0;1;2;1;4;-25,14312899;-50,1562597;SPRF-PR;DEL03-PR;UOP04-DEL03-PR
703006;06/07/2025;domingo;20:20:00;PI;230;306;FLORIANO;Desrespeitar a preferência no cruzamento;Colisão transversal;Com Vítimas Feridas;Plena Noite;Crescente;Céu Claro;Simples;Reta;Sim;3;0;0;1;1;1;1;3;-6,79112;-42,986992;SPRF-PI;DEL03-PI;UOP01-DEL03-PI
703016;06/07/2025;domingo;20:55:00;RJ;116;203;QUEIMADOS;Ingestão de álcool pelo condutor;Saída de leito carroçável;Sem Vítimas;Plena Noite;Crescente;Nublado;Dupla;Reta;Não;1;0;0;0;1;0;0;1;-22,73142165;-43,6013031;SPRF-RJ;DEL06-RJ;UOP02-DEL06-RJ
703032;06/07/2025;domingo;21:36:00;PE;101;115;AGUA PRETA;Reação tardia ou ineficiente do condutor;Tombamento;Com Vítimas Feridas;Plena Noite;Crescente;Céu Claro;Dupla;Reta;Não;2;0;1;0;0;1;1;2;-8,5731097;-35,4809554;SPRF-PE;DEL01-PE;UOP03-DEL01-PE
703038;06/07/2025;domingo;22:30:00;PR;277;184;PALMEIRA;Reação tardia ou ineficiente do condutor;Colisão lateral sentido oposto;Com Vítimas Feridas;Anoitecer;Crescente;Nublado;Simples;Reta;Não;4;0;2;0;1;1;2;3;-25,42449;-50,07313;SPRF-PR;DEL08-PR;UOP02-DEL08-PR
703039;06/07/2025;domingo;20:30:00;MG;262;590,4;CAMPOS ALTOS;Velocidade Incompatível;Tombamento;Sem Vítimas;Plena Noite;Decrescente;Céu Claro;Simples;Curva;Não;2;0;0;0;1;1;0;2;-19,667274;-46,154411;SPRF-MG;DEL08-MG;UOP02-DEL08-MG
703040;06/07/2025;domingo;22:56:00;SC;282;531,1;CORDILHEIRA ALTA;Transitar na contramão;Colisão frontal;Com Vítimas Feridas;Plena Noite;Decrescente;Céu Claro;Simples;Curva;Sim;2;0;0;1;1;0;1;2;-26,9911257;-52,6091574;SPRF-SC;DEL07-SC;UOP01-DEL07-SC
703048;06/07/2025;domingo;21:00:00;MG;116;343,1;CAMPANARIO;Reação tardia ou ineficiente do condutor;Colisão traseira;Com Vítimas Feridas;Plena Noite;Decrescente;Nublado;Simples;Reta;Não;2;0;0;1;1;0;1;2;-18,346562;-41,771958;SPRF-MG;DEL11-MG;UOP01-DEL11-MG
703059;07/07/2025;segunda-feira;03:00:00;MG;116;774,1;LEOPOLDINA;Velocidade Incompatível;Colisão lateral sentido oposto;Com Vítimas Feridas;Plena Noite;Decrescente;Céu Claro;Simples;Declive;Não;2;0;1;0;1;0;1;2;-21,575775;-42,679893;SPRF-MG;DEL07-MG;UOP01-DEL07-MG
703061;07/07/2025;segunda-feira;04:30:00;MG;381;683;PERDOES;Velocidade Incompatível;Colisão com objeto;Com Vítimas Feridas;Plena Noite;Crescente;Céu Claro;Dupla;Curva;Não;2;0;1;0;0;1;1;2;-21,1553388;-45,1138219;SPRF-MG;DEL04-MG;UOP02-DEL04-MG
703062;07/07/2025;segunda-feira;00:40:00;SC;101;177;BIGUACU;Reação tardia ou ineficiente do condutor;Colisão lateral mesmo sentido;Com Vítimas Feridas;Plena Noite;Crescente;Nublado;Dupla;Reta;Não;3;0;0;1;1;1;1;3;-27,35359657;-48,63391042;SPRF-SC;DEL01-SC;UOP01-DEL01-SC
703063;07/07/2025;segunda-feira;04:20:00;CE;116;26;AQUIRAZ;Condutor deixou de manter distância do veículo da frente;Colisão traseira;Com Vítimas Feridas;Plena Noite;Decrescente;Céu Claro;Dupla;Reta;Não;3;0;1;0;1;1;1;3;-3,9962883;-38,5160813;SPRF-CE;DEL01-CE;UOP02-DEL01-CE
703064;07/07/2025;segunda-feira;00:30:00;MA;316;510;CAXIAS;Reação tardia ou ineficiente do condutor;Colisão com objeto;Com Vítimas Fatais;Plena Noite;Crescente;Céu Claro;Simples;Reta;Não;4;1;1;2;0;0;3;2;-4,74656;-43,67492;SPRF-MA;DEL03-MA;UOP02-DEL03-MA
703073;07/07/2025;segunda-feira;05:40:00;MG;40;400,8;CURVELO;Ultrapassagem Indevida;Colisão lateral mesmo sentido;Com Vítimas Fatais;Amanhecer;Crescente;Céu Claro;Simples;"Curva;Aclive";Não;3;1;0;1;0;1;1;3;-19,039784;-44,649998;SPRF-MG;DEL02-MG;UOP01-DEL02-MG
703074;07/07/2025;segunda-feira;05:05:00;RS;472;538;URUGUAIANA;Problema com o freio;Incêndio;Sem Vítimas;Amanhecer;Crescente;Céu Claro;Simples;Reta;Não;2;0;0;0;1;1;0;2;-29,54717891;-56,82607217;SPRF-RS;DEL13-RS;UOP01-DEL13-RS
703082;07/07/2025;segunda-feira;06:50:00;MS;262;323;CAMPO GRANDE;Transitar na contramão;Colisão lateral sentido oposto;Com Vítimas Feridas;Pleno dia;Crescente;Céu Claro;Simples;Reta;Não;3;0;1;0;1;1;1;3;-20,469022;-54,506846;SPRF-MS;DEL01-MS;UOP01-DEL01-MS
703083;07/07/2025;segunda-feira;07:50:00;ES;101;267,9;SERRA;Acessar a via sem observar a presença dos outros veículos;Colisão transversal;Com Vítimas Feridas;Pleno dia;Crescente;Céu Claro;Múltipla;Interseção de Vias;Sim;3;0;2;0;1;0;2;2;-20,2021626;-40,26913762;SPRF-ES;DEL02-ES;UOP01-DEL02-ES
703086;07/07/2025;segunda-feira;07:00:00;PR;116;93;SAO JOSE DOS PINHAIS;Acessar a via sem observar a presença dos outros veículos;Colisão transversal;Com Vítimas Feridas;Pleno dia;Decrescente;Nevoeiro/Neblina;Dupla;Reta;Não;3;0;1;0;1;1;1;3;-25,518325;-49,132815;SPRF-PR;DEL01-PR;UOP07-DEL01-PR
703087;07/07/2025;segunda-feira;02:45:00;MG;116;305,1;ITAMBACURI;Ausência de reação do condutor;Tombamento;Com Vítimas Fatais;Plena Noite;Crescente;Céu Claro;Simples;"Declive;Curva";Não;2;1;0;0;0;1;0;2;-18,033323;-41,65312;SPRF-MG;DEL11-MG;UOP01-DEL11-MG
703095;07/07/2025;segunda-feira;08:30:00;SC;101;210;SAO JOSE;Ausência de reação do condutor;Queda de ocupante de veículo;Com Vítimas Feridas;Pleno dia;Crescente;Céu Claro;Múltipla;Reta;Sim;3;0;0;1;2;0;1;3;-27,61516746;-48,64370283;SPRF-SC;DEL01-SC;UOP01-DEL01-SC
703097;07/07/2025;segunda-feira;03:50:00;MG;251;345;FRUTA DE LEITE;Neblina;Colisão traseira;Sem Vítimas;Amanhecer;Decrescente;Nevoeiro/Neblina;Simples;"Aclive;Curva";Não;2;0;0;0;2;0;0;2;-16,26043;-42,48482;SPRF-MG;DEL12-MG;UOP02-DEL12-MG
703099;03/07/2025;quinta-feira;11:15:00;MT;364;269;JACIARA;Pedestre cruzava a pista fora da faixa;Atropelamento de Pedestre;Com Vítimas Fatais;Pleno dia;Crescente;Céu Claro;Dupla;Aclive;Sim;3;1;0;0;1;1;0;3;-15,976099;-54,936341;SPRF-MT;DEL02-MT;UOP01-DEL02-MT
703101;06/07/2025;domingo;22:45:00;PR;376;351;ORTIGUEIRA;Ausência de reação do condutor;Colisão lateral mesmo sentido;Com Vítimas Feridas;Plena Noite;Crescente;Céu Claro;Dupla;"Reta;Declive";Sim;3;0;1;0;1;1;1;3;-24,22473705;-50,93021393;SPRF-PR;DEL07-PR;UOP02-DEL07-PR
703103;07/07/2025;segunda-feira;06:30:00;CE;226;209;PEDRA BRANCA;Reação tardia ou ineficiente do condutor;Tombamento;Sem Vítimas;Pleno dia;Decrescente;Céu Claro;Simples;"Declive;Curva";Não;2;0;0;0;1;3;0;4;-5,489068;-39,669822;SPRF-CE;DEL02-CE;UOP02-DEL02-CE
703114;07/07/2025;segunda-feira;07:50:00;PE;232;172,5;BELO JARDIM;Condutor deixou de manter distância do veículo da frente;Colisão traseira;Com Vítimas Feridas;Pleno dia;Decrescente;Nublado;Simples;"Reta;Aclive";Não;7;0;3;0;4;0;3;4;-8,33893831;-36,36311531;SPRF-PE;DEL03-PE;UOP02-DEL03-PE
703118;07/07/2025;segunda-feira;09:10:00;MG;40;497,7;ESMERALDAS;Reação tardia ou ineficiente do condutor;Colisão com objeto;Com Vítimas Feridas;Pleno dia;Crescente;Céu Claro;Múltipla;Reta;Sim;4;0;1;0;2;1;1;3;-19,6813;-44,1854;SPRF-MG;DEL02-MG;UOP01-DEL02-MG
703122;07/07/2025;segunda-feira;09:50:00;RJ;116;172;SAO JOAO DE MERITI;Demais falhas mecânicas ou elétricas;Colisão com objeto;Com Vítimas Feridas;Pleno dia;Crescente;Nublado;Dupla;Reta;Sim;2;0;1;0;1;0;1;2;-22,8030309;-43,348119;SPRF-RJ;DEL06-RJ;UOP01-DEL06-RJ
703124;07/07/2025;segunda-feira;08:55:00;MS;158;11,3;CASSILANDIA;Condutor Dormindo;Saída de leito carroçável;Com Vítimas Feridas;Pleno dia;Crescente;Céu Claro;Simples;Reta;Não;2;0;1;0;0;1;1;2;-19,150325;-51,666174;SPRF-MS;DEL08-MS;UOP01-DEL08-MS
703126;07/07/2025;segunda-feira;09:00:00;PE;232;133;CARUARU;Velocidade Incompatível;Colisão traseira;Sem Vítimas;Pleno dia;Decrescente;Sol;Dupla;Reta;Sim;5;0;0;0;3;3;0;6;-8,30847;-36,02377;SPRF-PE;DEL02-PE;UOP03-DEL02-PE
703128;07/07/2025;segunda-feira;08:00:00;RJ;116;279;VOLTA REDONDA;Reação tardia ou ineficiente do condutor;Tombamento;Com Vítimas Feridas;Pleno dia;Decrescente;Céu Claro;Dupla;Reta;Não;2;0;1;0;0;1;1;2;-22,59626183;-44,07714844;SPRF-RJ;DEL07-RJ;UOP02-DEL07-RJ
703129;07/07/2025;segunda-feira;10:15:00;SE;101;197,6;CRISTINAPOLIS;Transitar no Acostamento;Colisão lateral mesmo sentido;Com Vítimas Feridas;Pleno dia;Crescente;Chuva;Simples;Reta;Sim;5;0;1;1;1;3;2;5;-11,473944;-37,751624;SPRF-SE;DEL02-SE;UOP03-DEL02-SE
703136;19/06/2025;quinta-feira;22:47:00;BA;116;670;JEQUIE;Condutor deixou de manter distância do veículo da frente;Colisão traseira;Com Vítimas Feridas;Plena Noite;Decrescente;Céu Claro;Simples;Reta;Sim;3;0;1;0;1;2;1;4;-13,839162;-40,108235;SPRF-BA;DEL03-BA;UOP01-DEL03-BA
703137;07/07/2025;segunda-feira;10:40:00;RJ;101;60;CAMPOS DOS GOYTACAZES;Acesso irregular;Colisão transversal;Sem Vítimas;Pleno dia;Decrescente;Céu Claro;Simples;"Retorno Regulamentado;Reta;Interseção de Vias";Sim;4;0;0;0;3;1;0;4;-21,8497024;-41,418752;SPRF-RJ;DEL08-RJ;UOP01-DEL08-RJ
703139;07/07/2025;segunda-feira;08:17:00;SP;116;517;CAJATI;Problema com o freio;Incêndio;Sem Vítimas;Pleno dia;Crescente;Céu Claro;Dupla;Reta;Não;2;0;0;0;1;12;0;13;-24,87949631;-48,22918511;SPRF-SP;DEL05-SP;UOP02-DEL05-SP
703143;07/07/2025;segunda-feira;08:45:00;PB;230;278;SANTA LUZIA;Velocidade Incompatível;Tombamento;Sem Vítimas;Pleno dia;Crescente;Céu Claro;Simples;Reta;Não;3;0;0;0;2;1;0;2;-6,935885;-36,851057;SPRF-PB;DEL03-PB;UOP01-DEL03-PB
703151;07/07/2025;segunda-feira;10:35:00;MG;50;73;UBERLANDIA;Demais falhas mecânicas ou elétricas;Colisão com objeto;Sem Vítimas;Pleno dia;Decrescente;Céu Claro;Dupla;Reta;Sim;1;0;0;0;1;0;0;1;-18,90429328;-48,23357329;SPRF-MG;DEL15-MG;UOP01-DEL15-MG
703157;07/07/2025;segunda-feira;13:15:00;MG;40;423,1;CURVELO;Carga excessiva e/ou mal acondicionada;Tombamento;Com Vítimas Feridas;Pleno dia;Crescente;Céu Claro;Dupla;Curva;Não;2;0;1;0;0;1;1;2;-19,1534081;-44,53504443;SPRF-MG;DEL02-MG;UOP01-DEL02-MG
703164;07/07/2025;segunda-feira;13:00:00;MG;459;14,9;CALDAS;Reação tardia ou ineficiente do condutor;Colisão traseira;Com Vítimas Feridas;Pleno dia;Crescente;Céu Claro;Simples;Reta;Sim;3;0;1;0;2;0;1;3;-21,82818;-46,449885;SPRF-MG;DEL09-MG;UOP01-DEL09-MG
703168;07/07/2025;segunda-feira;14:40:00;MG;251;516,2;MONTES CLAROS;Manobra de mudança de faixa;Colisão traseira;Com Vítimas Feridas;Pleno dia;Decrescente;Sol;Simples;Reta;Não;2;0;0;1;1;0;1;2;-16,659633;-43,739869;SPRF-MG;DEL12-MG;UOP01-DEL12-MG
703176;23/05/2025;sexta-feira;05:40:00;RS;116;434;CRISTAL;Reação tardia ou ineficiente do condutor;Saída de leito carroçável;Com Vítimas Feridas;Amanhecer;Decrescente;Céu Claro;Dupla;Reta;Não;2;0;1;0;0;3;1;4;-31,03529981;-52,045176;SPRF-RS;DEL02-RS;UOP02-DEL02-RS
703178;29/06/2025;domingo;09:15:00;MS;158;219,9;SELVIRIA;Velocidade Incompatível;Saída de leito carroçável;Com Vítimas Feridas;Pleno dia;Crescente;Céu Claro;Simples;"Declive;Curva";Não;2;0;0;1;0;3;1;4;-20,50028026;-51,57163739;SPRF-MS;DEL07-MS;UOP01-DEL07-MS
703180;07/07/2025;segunda-feira;14:00:00;MA;135;56,1;BACABEIRA;Reação tardia ou ineficiente do condutor;Colisão lateral mesmo sentido;Com Vítimas Feridas;Pleno dia;Decrescente;Sol;Dupla;Reta;Não;4;0;1;1;1;2;2;4;-3,0019277;-44,31371748;SPRF-MA;DEL01-MA;UOP02-DEL01-MA
703181;07/07/2025;segunda-feira;14:20:00;MS;267;84;BATAGUASSU;Demais Fenômenos da natureza;Incêndio;Sem Vítimas;Pleno dia;Decrescente;Céu Claro;Simples;Reta;Não;2;0;0;0;1;2;0;3;-21,87575768;-52,89057964;SPRF-MS;DEL02-MS;UOP04-DEL02-MS
703184;07/07/2025;segunda-feira;14:20:00;PR;487;164;ARARUNA;Transitar na contramão;Colisão lateral sentido oposto;Com Vítimas Fatais;Pleno dia;Crescente;Sol;Simples;"Reta;Aclive";Não;7;2;2;0;3;0;2;3;-23,988213;-52,516224;SPRF-PR;DEL09-PR;UOP03-DEL09-PR
703188;07/07/2025;segunda-feira;14:15:00;SC;282;69;RANCHO QUEIMADO;Ausência de reação do condutor;Saída de leito carroçável;Com Vítimas Feridas;Pleno dia;Decrescente;Céu Claro;Simples;"Curva;Declive";Não;2;0;2;0;0;0;2;1;-27,69017;-49,083903;SPRF-SC;DEL01-SC;UOP03-DEL01-SC