id;data_inversa;dia_semana;horario;uf;br;km;municipio;causa_acidente;tipo_acidente;classificacao_acidente;fase_dia;sentido_via;condicao_metereologica;tipo_pista;tracado_via;uso_solo;pessoas;mortos;feridos_leves;feridos_graves;ilesos;ignorados;feridos;veiculos;latitude;longitude;regional;delegacia;uop
703511;09/07/2025;quarta-feira;06:40:00;ES;101;298,2;VIANA;Acessar a via sem observar a presença dos outros veículos;Colisão lateral mesmo sentido;Com Vítimas Feridas;Pleno dia;Crescente;Nublado;Dupla;Reta;Sim;2;0;1;0;1;0;1;2;-20,354467;-40,416822;SPRF-ES;DEL01-ES;UOP01-DEL01-ES
703516;09/07/2025;quarta-feira;04:30:00;PB;230;448,1;APARECIDA;Ausência de reação do condutor;Colisão traseira;Com Vítimas Feridas;Amanhecer;Decrescente;Céu Claro;Simples;Reta;Não;2;0;0;1;1;0;1;2;-6,78526;-38,103708;SPRF-PB;DEL03-PB;UOP03-DEL03-PB
703527;12/03/2025;quarta-feira;03:40:00;BA;324;614;SALVADOR;Reação tardia ou ineficiente do condutor;Colisão traseira;Com Vítimas Feridas;Amanhecer;Crescente;Céu Claro;Simples;Reta;Sim;3;0;0;1;1;1;1;3;-12,7930492;-38,4045175;SPRF-BA;DEL01-BA;UOP01-DEL01-BA
703529;09/07/2025;quarta-feira;05:45:00;RS;293;345;SANTANA DO LIVRAMENTO;Desrespeitar a preferência no cruzamento;Colisão transversal;Com Vítimas Feridas;Amanhecer;Decrescente;Nevoeiro/Neblina;Simples;"Reta;Interseção de Vias";Não;2;0;1;0;1;0;1;2;-30,82959085;-55,57649732;SPRF-RS;DEL11-RS;UOP01-DEL11-RS
703532;12/06/2025;quinta-feira;02:00:00;GO;452;62;MAURILANDIA;Condutor Dormindo;Saída de leito carroçável;Com Vítimas Feridas;Plena Noite;Decrescente;Céu Claro;Simples;Reta;Não;2;0;1;0;0;1;1;2;-18,002317;-50,374247;SPRF-GO;DEL04-GO;UOP01-DEL04-GO
703536;09/07/2025;quarta-feira;07:38:00;PR;116;82,1;PIRAQUARA;Ausência de reação do condutor;Colisão lateral mesmo sentido;Com Vítimas Feridas;Pleno dia;Crescente;Chuva;Dupla;"Reta;Aclive";Não;4;0;1;0;2;2;1;5;-25,432023;-49,086205;SPRF-PR;DEL01-PR;UOP02-DEL01-PR
703552;09/07/2025;quarta-feira;10:10:00;SP;116;444,3;REGISTRO;Ausência de reação do condutor;Colisão traseira;Com Vítimas Feridas;Pleno dia;Crescente;Nublado;Dupla;Reta;Sim;2;0;1;0;1;0;1;2;-24,4928557;-47,8384254;SPRF-SP;DEL05-SP;UOP01-DEL05-SP
703556;09/07/2025;quarta-feira;09:50:00;SC;470;4;NAVEGANTES;Ultrapassagem Indevida;Colisão lateral mesmo sentido;Com Vítimas Feridas;Pleno dia;Crescente;Sol;Dupla;"Reta;Em Obras";Sim;3;0;1;0;1;1;1;3;-26,8590621;-48,68897885;SPRF-SC;DEL04-SC;UOP04-DEL04-SC
703561;08/06/2025;domingo;02:15:00;MG;116;211;CATUJI;Ingestão de álcool pelo condutor;Colisão traseira;Com Vítimas Fatais;Plena Noite;Decrescente;Nublado;Simples;"Reta;Aclive";Não;3;1;0;1;0;1;1;2;-17,337716;-41,531116;SPRF-MG;DEL11-MG;UOP01-DEL11-MG
703562;09/07/2025;quarta-feira;09:05:00;PE;232;486;VERDEJANTE;Transitar na contramão;Colisão lateral sentido oposto;Com Vítimas Feridas;Pleno dia;Decrescente;Céu Claro;Simples;"Declive;Reta";Não;3;0;0;1;0;3;1;4;-8,012713;-38,943565;SPRF-PE;DEL05-PE;UOP01-DEL05-PE
703570;09/07/2025;quarta-feira;11:35:00;CE;116;19;EUSEBIO;Conversão proibida;Colisão lateral mesmo sentido;Com Vítimas Feridas;Pleno dia;Crescente;Céu Claro;Dupla;"Retorno Regulamentado;Reta";Não;4;0;1;1;0;2;2;3;-3,91835314;-38,50738049;SPRF-CE;DEL01-CE;UOP02-DEL01-CE
703573;09/07/2025;quarta-feira;10:55:00;DF;60;15,5;BRASILIA;Manobra de mudança de faixa;Colisão lateral mesmo sentido;Com Vítimas Fatais;Pleno dia;Decrescente;Céu Claro;Dupla;Reta;Não;2;1;0;0;1;0;0;2;-15,950349;-48,173912;SPRF-DF;DEL03-DF;UOP01-DEL03-DF
703575;09/07/2025;quarta-feira;10:35:00;RS;153;536;CACAPAVA DO SUL;Transitar na contramão;Colisão lateral sentido oposto;Com Vítimas Feridas;Pleno dia;Crescente;Nevoeiro/Neblina;Simples;Reta;Não;4;0;1;0;3;0;1;2;-30,75035077;-53,52328241;SPRF-RS;DEL09-RS;UOP02-DEL09-RS
703576;09/07/2025;quarta-feira;10:35:00;SC;282;43,8;AGUAS MORNAS;Ultrapassagem Indevida;Colisão frontal;Com Vítimas Fatais;Pleno dia;Decrescente;Céu Claro;Simples;"Curva;Declive";Não;3;1;0;0;1;1;0;3;-27,7221;-48,90682;SPRF-SC;DEL01-SC;UOP03-DEL01-SC
703578;09/07/2025;quarta-feira;09:40:00;PR;376;302;MAUA DA SERRA;Problema com o freio;Colisão com objeto;Com Vítimas Feridas;Pleno dia;Crescente;Céu Claro;Dupla;"Declive;Curva";Não;2;0;0;1;0;2;1;3;-23,93668251;-51,14425421;SPRF-PR;DEL07-PR;UOP02-DEL07-PR
703581;09/07/2025;quarta-feira;12:00:00;SC;470;120,9;IBIRAMA;Velocidade Incompatível;Tombamento;Com Vítimas Feridas;Pleno dia;Crescente;Céu Claro;Simples;"Declive;Curva";Não;2;0;0;1;0;1;1;2;-27,0956;-49,5284;SPRF-SC;DEL04-SC;UOP02-DEL04-SC
703583;09/07/2025;quarta-feira;12:30:00;ES;101;389;RIO NOVO DO SUL;Avarias e/ou desgaste excessivo no pneu;Saída de leito carroçável;Com Vítimas Feridas;Pleno dia;Crescente;Nublado;Simples;Curva;Não;2;0;1;0;0;1;1;2;-20,8610104;-40,87625083;SPRF-ES;DEL03-ES;UOP02-DEL03-ES
703586;09/07/2025;quarta-feira;08:35:00;MG;262;191;BELA VISTA DE MINAS;Reação tardia ou ineficiente do condutor;Tombamento;Sem Vítimas;Pleno dia;Crescente;Céu Claro;Simples;"Declive;Curva";Não;1;0;0;0;1;0;0;1;-19,88176393;-43,06975365;SPRF-MG;DEL03-MG;UOP01-DEL03-MG
703587;09/07/2025;quarta-feira;13:30:00;SC;101;23;JOINVILLE;Condutor deixou de manter distância do veículo da frente;Colisão traseira;Sem Vítimas;Pleno dia;Decrescente;Sol;Dupla;Reta;Não;4;0;0;0;1;3;0;4;-26,175245;-48,907608;SPRF-SC;DEL03-SC;UOP01-DEL03-SC
703588;09/07/2025;quarta-feira;11:19:00;SE;101;151,3;ESTANCIA;Acessar a via sem observar a presença dos outros veículos;Colisão transversal;Com Vítimas Feridas;Pleno dia;Decrescente;Céu Claro;Simples;"Reta;Interseção de Vias";Sim;4;0;1;0;2;3;1;6;-11,26039981;-37,4407053;SPRF-SE;DEL02-SE;UOP01-DEL02-SE
703591;09/07/2025;quarta-feira;10:40:00;MG;381;924,3;CAMANDUCAIA;Velocidade Incompatível;Tombamento;Com Vítimas Feridas;Pleno dia;Decrescente;Sol;Dupla;Curva;Não;4;0;3;0;0;1;3;2;-22,7705036;-46,1931404;SPRF-MG;DEL16-MG;UOP03-DEL16-MG
703592;02/07/2025;quarta-feira;12:47:00;MG;153;33;CENTRALINA;Condutor deixou de manter distância do veículo da frente;Colisão traseira;Com Vítimas Feridas;Pleno dia;Decrescente;Céu Claro;Dupla;Reta;Sim;3;0;1;0;1;6;1;8;-18,71088659;-49,13643837;SPRF-MG;DEL15-MG;UOP03-DEL15-MG
703601;09/07/2025;quarta-feira;13:38:00;PE;104;77;CARUARU;Manobra de mudança de faixa;Colisão frontal;Com Vítimas Feridas;Pleno dia;Decrescente;Céu Claro;Simples;Reta;Não;2;0;1;0;1;0;1;2;-8,382472;-35,982822;SPRF-PE;DEL02-PE;UOP01-DEL02-PE
703605;09/07/2025;quarta-feira;14:15:00;PE;101;49;ABREU E LIMA;Acessar a via sem observar a presença dos outros veículos;Colisão transversal;Com Vítimas Feridas;Pleno dia;Crescente;Céu Claro;Simples;Reta;Não;2;0;1;0;1;0;1;2;-7,903735;-34,901805;SPRF-PE;DEL01-PE;UOP02-DEL01-PE
703609;09/07/2025;quarta-feira;11:50:00;PE;232;551;PARNAMIRIM;Reação tardia ou ineficiente do condutor;Colisão traseira;Com Vítimas Feridas;Pleno dia;Decrescente;Céu Claro;Simples;"Em Obras;Reta";Não;2;0;0;1;1;0;1;2;-8,089595;-39,504698;SPRF-PE;DEL05-PE;UOP01-DEL05-PE
703610;09/07/2025;quarta-feira;14:51:00;PI;316;1,5;TERESINA;Condutor deixou de manter distância do veículo da frente;Colisão traseira;Com Vítimas Feridas;Pleno dia;Decrescente;Sol;Dupla;Reta;Sim;3;0;1;0;1;1;1;3;-5,12350983;-42,79668242;SPRF-PI;DEL01-PI;UOP02-DEL01-PI
703614;09/07/2025;quarta-feira;15:00:00;SC;101;455,8;SAO JOAO DO SUL;Reação tardia ou ineficiente do condutor;Colisão traseira;Sem Vítimas;Pleno dia;Decrescente;Nublado;Múltipla;Rotatória;Não;2;0;0;0;2;0;0;2;-29,22772904;-49,75953698;SPRF-SC;DEL02-SC;UOP02-DEL02-SC
703616;09/07/2025;quarta-feira;15:40:00;MG;40;531;BELO HORIZONTE;Reação tardia ou ineficiente do condutor;Colisão traseira;Com Vítimas Feridas;Pleno dia;Decrescente;Céu Claro;Dupla;"Reta;Aclive";Sim;3;0;1;1;1;0;2;2;-19,922722;-44,020583;SPRF-MG;DEL01-MG;UOP02-DEL01-MG
703618;09/07/2025;quarta-feira;16:15:00;MG;40;737,5;SANTOS DUMONT;Transitar na contramão;Colisão lateral sentido oposto;Com Vítimas Feridas;Pleno dia;Decrescente;Céu Claro;Simples;Curva;Não;3;0;1;1;1;0;2;2;-21,4112;-43,56693;SPRF-MG;DEL05-MG;UOP01-DEL05-MG
703623;09/07/2025;quarta-feira;14:45:00;SC;280;107;SAO BENTO DO SUL;Transitar na contramão;Colisão lateral sentido oposto;Com Vítimas Feridas;Pleno dia;Crescente;Céu Claro;Simples;"Aclive;Curva";Não;3;0;2;0;1;0;2;2;-26,3411;-49,37532;SPRF-SC;DEL06-SC;UOP03-DEL06-SC
703632;09/07/2025;quarta-feira;17:00:00;PR;277;70;SAO JOSE DOS PINHAIS;Reação tardia ou ineficiente do condutor;Colisão traseira;Com Vítimas Feridas;Pleno dia;Crescente;Céu Claro;Dupla;Reta;Não;3;0;1;0;1;3;1;5;-25,51384074;-49,12312858;SPRF-PR;DEL01-PR;UOP01-DEL01-PR
703644;09/07/2025;quarta-feira;18:00:00;SE;101;88,9;NOSSA SENHORA DO SOCORRO;Condutor deixou de manter distância do veículo da frente;Colisão traseira;Com Vítimas Feridas;Plena Noite;Decrescente;Nublado;Dupla;Aclive;Não;3;0;1;0;0;2;1;3;-10,88029;-37,13352;SPRF-SE;DEL01-SE;UOP01-DEL01-SE
703646;09/07/2025;quarta-feira;16:52:00;RJ;393;200;TRES RIOS;Condutor deixou de manter distância do veículo da frente;Colisão traseira;Com Vítimas Feridas;Pleno dia;Crescente;Céu Claro;Simples;Reta;Não;2;0;1;0;0;1;1;2;-22,09220989;-43,19231316;SPRF-RJ;DEL05-RJ;UOP03-DEL05-RJ
703649;09/07/2025;quarta-feira;11:30:00;MA;222;443;SANTA LUZIA;Condutor Dormindo;Colisão frontal;Com Vítimas Feridas;Pleno dia;Decrescente;Céu Claro;Simples;"Declive;Reta";Não;4;0;3;0;0;1;3;3;-4,08336716;-45,88150263;SPRF-MA;DEL02-MA;UOP01-DEL02-MA
703656;09/07/2025;quarta-feira;17:50:00;SP;116;393;MIRACATU;Avarias e/ou desgaste excessivo no pneu;Saída de leito carroçável;Com Vítimas Feridas;Anoitecer;Decrescente;Céu Claro;Dupla;Reta;Não;1;0;0;1;0;0;1;1;-24,28515;-47,44582;SPRF-SP;DEL04-SP;UOP02-DEL04-SP
703657;09/07/2025;quarta-feira;16:40:00;RS;116;48,3;VACARIA;Ausência de reação do condutor;Colisão frontal;Com Vítimas Feridas;Pleno dia;Crescente;Céu Claro;Simples;"Reta;Aclive";Não;3;0;1;0;1;1;1;3;-28,56863651;-50,99926472;SPRF-RS;DEL05-RS;UOP03-DEL05-RS
703671;09/07/2025;quarta-feira;18:50:00;MS;163;838,9;SONORA;Acessar a via sem observar a presença dos outros veículos;Colisão com objeto;Com Vítimas Feridas;Plena Noite;Crescente;Céu Claro;Simples;Reta;Não;4;0;0;1;2;3;1;5;-17,57801782;-54,74254338;SPRF-MS;DEL06-MS;UOP01-DEL06-MS
703676;09/07/2025;quarta-feira;19:55:00;BA;101;877;TEIXEIRA DE FREITAS;Ingestão de álcool pelo condutor;Colisão lateral mesmo sentido;Com Vítimas Fatais;Plena Noite;Crescente;Céu Claro;Simples;Reta;Sim;4;1;0;1;1;2;1;4;-17,5588806;-39,7262997;SPRF-BA;DEL09-BA;UOP02-DEL09-BA
703681;09/07/2025;quarta-feira;19:35:00;MG;116;209,3;CATUJI;Entrada inopinada do pedestre;Atropelamento de Pedestre;Com Vítimas Feridas;Plena Noite;Decrescente;Nublado;Simples;"Declive;Reta";Sim;3;0;0;1;1;1;1;3;-17,318153;-41,523765;SPRF-MG;DEL11-MG;UOP01-DEL11-MG
703683;09/07/2025;quarta-feira;20:00:00;PR;376;604;CURITIBA;Manobra de mudança de faixa;Colisão lateral mesmo sentido;Com Vítimas Feridas;Plena Noite;Crescente;Céu Claro;Dupla;Reta;Sim;3;0;1;0;1;1;1;3;-25,537705;-49,31387;SPRF-PR;DEL01-PR;UOP03-DEL01-PR
703689;09/07/2025;quarta-feira;20:10:00;MG;381;227;IGARAPE;Velocidade Incompatível;Tombamento;Com Vítimas Feridas;Plena Noite;Crescente;Céu Claro;Dupla;"Curva;Declive";Não;3;0;2;0;0;1;2;2;-20,08269674;-44,30820465;SPRF-MG;DEL06-MG;UOP01-DEL06-MG
703694;09/07/2025;quarta-feira;14:30:00;MT;174;357;CONQUISTA DOESTE;Transitar na contramão;Colisão frontal;Com Vítimas Fatais;Pleno dia;Crescente;Céu Claro;Simples;Reta;Não;4;1;1;0;0;2;1;4;-14,67250153;-59,41910544;SPRF-MT;DEL04-MT;UOP01-DEL04-MT
703695;09/07/2025;quarta-feira;19:10:00;MG;40;124,8;JOAO PINHEIRO;Acessar a via sem observar a presença dos outros veículos;Colisão transversal;Com Vítimas Fatais;Plena Noite;Decrescente;Céu Claro;Simples;Reta;Não;3;1;0;0;1;1;0;3;-17,68209;-46,326424;SPRF-MG;DEL14-MG;UOP01-DEL14-MG
703696;09/07/2025;quarta-feira;22:00:00;SP;116;188,9;SANTA ISABEL;Ausência de reação do condutor;Colisão traseira;Com Vítimas Feridas;Plena Noite;Crescente;Nublado;Dupla;Reta;Não;3;0;1;0;1;3;1;5;-23,362714;-46,222192;SPRF-SP;DEL01-SP;UOP01-DEL01-SP
703698;09/07/2025;quarta-feira;18:40:00;PR;277;295,7;PRUDENTOPOLIS;Transitar na contramão;Colisão frontal;Com Vítimas Feridas;Plena Noite;Crescente;Céu Claro;Simples;Reta;Não;3;0;1;0;1;1;1;3;-25,315201;-51,061543;SPRF-PR;DEL08-PR;UOP02-DEL08-PR
703703;09/07/2025;quarta-feira;22:30:00;RN;101;124,5;SAO JOSE DE MIPIBU;Manobra de mudança de faixa;Colisão lateral mesmo sentido;Sem Vítimas;Plena Noite;Decrescente;Chuva;Dupla;"Curva;Aclive";Sim;3;0;0;0;1;3;0;4;-6,072421;-35,234997;SPRF-RN;DEL01-RN;UOP01-DEL01-RN
703705;09/07/2025;quarta-feira;19:00:00;SC;101;395,3;MARACAJA;Condutor deixou de manter distância do veículo da frente;Colisão traseira;Com Vítimas Feridas;Plena Noite;Decrescente;Céu Claro;Dupla;Declive;Sim;5;0;2;0;2;1;2;4;-28,8330134;-49,41596445;SPRF-SC;DEL02-SC;UOP02-DEL02-SC
703709;11/06/2025;quarta-feira;17:40:00;BA;410;19;TUCANO;Manobra de mudança de faixa;Colisão lateral mesmo sentido;Com Vítimas Feridas;Plena Noite;Crescente;Céu Claro;Simples;Reta;Não;4;0;2;0;1;1;2;3;-10,95265236;-38,73401642;SPRF-BA;DEL07-BA;UOP02-DEL07-BA
703710;09/07/2025;quarta-feira;22:10:00;MG;365;280;JOAO PINHEIRO;Ausência de sinalização;Tombamento;Sem Vítimas;Plena Noite;Decrescente;Céu Claro;Simples;Declive;Não;3;0;0;0;1;2;0;3;-18,05285425;-45,6522722;SPRF-MG;DEL10-MG;UOP02-DEL010-MG
703712;09/07/2025;quarta-feira;23:00:00;PR;116;107;SAO JOSE DOS PINHAIS;Reação tardia ou ineficiente do condutor;Saída de leito carroçável;Com Vítimas Feridas;Plena Noite;Crescente;Nublado;Dupla;Reta;Não;1;0;1;0;0;0;1;1;-25,569907;-49,220137;SPRF-PR;DEL01-PR;UOP03-DEL01-PR
703714;09/07/2025;quarta-feira;22:25:00;RJ;101;147;CASIMIRO DE ABREU;Ausência de reação do condutor;Colisão lateral sentido oposto;Com Vítimas Feridas;Plena Noite;Crescente;Céu Claro;Simples;Reta;Não;3;0;1;1;1;0;2;2;-22,4670382;-42,0696765;SPRF-RJ;DEL08-RJ;UOP04-DEL08-RJ
703715;09/07/2025;quarta-feira;22:50:00;MS;163;258;DOURADOS;Ausência de reação do condutor;Colisão traseira;Com Vítimas Feridas;Plena Noite;Crescente;Céu Claro;Dupla;Reta;Sim;3;0;1;0;1;3;1;5;-22,254058;-54,7783027;SPRF-MS;DEL04-MS;UOP01-DEL04-MS
703719;09/07/2025;quarta-feira;19:15:00;PR;376;421,3;TIBAGI;Velocidade Incompatível;Saída de leito carroçável;Com Vítimas Feridas;Plena Noite;Crescente;Céu Claro;Dupla;"Curva;Retorno Regulamentado";Não;2;0;0;1;0;2;1;3;-24,6893524;-50,5826497;SPRF-PR;DEL03-PR;UOP02-DEL03-PR
703720;10/07/2025;quinta-feira;00:02:00;BA;324;447,4;RIACHAO DO JACUIPE;Ultrapassagem Indevida;Colisão frontal;Com Vítimas Fatais;Plena Noite;Crescente;Céu Claro;Simples;Reta;Não;2;1;0;0;1;0;0;2;-11,861693;-39,323513;SPRF-BA;DEL04-BA;UOP02-DEL04-BA
703722;09/07/2025;quarta-feira;23:25:00;PA;230;1110;ITAITUBA;Reação tardia ou ineficiente do condutor;Tombamento;Com Vítimas Feridas;Plena Noite;Crescente;Céu Claro;Simples;"Declive;Curva";Não;2;0;1;0;0;2;1;3;-4,394691;-55,89291986;SPRF-PA;DEL05-PA;UOP02-DEL05-PA
703723;10/07/2025;quinta-feira;01:30:00;GO;60;28;ALEXANIA;Reação tardia ou ineficiente do condutor;Colisão traseira;Com Vítimas Feridas;Plena Noite;Crescente;Nublado;Dupla;Reta;Não;3;0;1;0;1;2;1;4;-16,099201;-48,473402;SPRF-DF;DEL03-DF;UOP01-DEL03-DF
703726;10/07/2025;quinta-feira;05:00:00;GO;153;650,5;GOIATUBA;Reação tardia ou ineficiente do condutor;Colisão traseira;Com Vítimas Fatais;Plena Noite;Decrescente;Céu Claro;Dupla;Reta;Não;4;1;1;0;1;2;1;5;-17,969133;-49,254007;SPRF-GO;DEL03-GO;UOP01-DEL03-GO
703727;10/07/2025;quinta-feira;04:20:00;PE;101;86;JABOATAO DOS GUARARAPES;Demais falhas mecânicas ou elétricas;Incêndio;Sem Vítimas;Amanhecer;Decrescente;Chuva;Dupla;Reta;Não;1;0;0;0;1;0;0;1;-8,18938;-34,97379;SPRF-PE;DEL01-PE;UOP01-DEL01-PE
703730;10/07/2025;quinta-feira;01:00:00;RR;174;203;RORAINOPOLIS;Animais na Pista;Colisão frontal;Com Vítimas Feridas;Plena Noite;Crescente;Garoa/Chuvisco;Simples;Reta;Não;2;0;1;0;0;1;1;2;0,86379212;-60,43521023;SPRF-RR;DEL01-RR;UOP01-DEL01-RR
703731;10/07/2025;quinta-feira;03:30:00;GO;40;71,2;CRISTALINA;Afundamento ou ondulação no pavimento;Tombamento;Com Vítimas Feridas;Plena Noite;Decrescente;Céu Claro;Dupla;Reta;Não;2;0;1;0;0;1;1;2;-16,612447;-47,759905;SPRF-DF;DEL01-DF;UOP02-DEL01-DF
703732;09/07/2025;quarta-feira;01:30:00;MT;364;134;PEDRA PRETA;Velocidade Incompatível;Tombamento;Com Vítimas Feridas;Plena Noite;Crescente;Ignorado;Simples;"Curva;Declive";Não;2;0;1;0;0;1;1;2;-16,79463603;-54,16873723;SPRF-MT;DEL02-MT;UOP01-DEL02-MT
703734;10/07/2025;quinta-feira;06:00:00;MG;381;896,8;CAMBUI;Condutor Dormindo;Saída de leito carroçável;Com Vítimas Feridas;Amanhecer;Crescente;Céu Claro;Dupla;Reta;Não;1;0;1;0;0;0;1;1;-22,56277;-46,07731;SPRF-MG;DEL16-MG;UOP01-DEL16-MG
703735;09/07/2025;quarta-feira;22:00:00;MG;40;34,4;PARACATU;Transitar na contramão;Colisão lateral sentido oposto;Sem Vítimas;Plena Noite;Decrescente;Céu Claro;Simples;"Curva;Aclive";Não;2;0;0;0;1;1;0;2;-17,19289551;-46,92180276;SPRF-MG;DEL14-MG;UOP01-DEL14-MG
703743;09/07/2025;quarta-feira;06:00:00;SC;282;51,6;AGUAS MORNAS;Demais falhas mecânicas ou elétricas;Incêndio;Sem Vítimas;Plena Noite;Decrescente;Céu Claro;Simples;"Declive;Curva";Não;2;0;0;0;1;1;0;2;-27,69993;-48,96147;SPRF-SC;DEL01-SC;UOP03-DEL01-SC
703752;10/07/2025;quinta-feira;07:00:00;PE;101;76;RECIFE;Condutor deixou de manter distância do veículo da frente;Engavetamento;Com Vítimas Feridas;Pleno dia;Crescente;Garoa/Chuvisco;Dupla;"Retorno Regulamentado;Reta";Sim;4;0;0;1;2;1;1;4;-8,131024;-34,945294;SPRF-PE;DEL01-PE;UOP01-DEL01-PE
703759;10/07/2025;quinta-feira;08:10:00;SC;280;126;RIO NEGRINHO;Acessar a via sem observar a presença dos outros veículos;Colisão transversal;Sem Vítimas;Pleno dia;Decrescente;Céu Claro;Simples;"Declive;Reta";Sim;3;0;0;0;2;1;0;3;-26,23799747;-49,4950068;SPRF-SC;DEL06-SC;UOP03-DEL06-SC
703760;10/07/2025;quinta-feira;07:40:00;PR;116;92;SAO JOSE DOS PINHAIS;Manobra de mudança de faixa;Colisão traseira;Com Vítimas Feridas;Pleno dia;Decrescente;Céu Claro;Dupla;Viaduto;Sim;4;0;1;0;2;4;1;7;-25,512046;-49,128201;SPRF-PR;DEL01-PR;UOP07-DEL01-PR
703770;10/07/2025;quinta-feira;09:00:00;SP;116;444;REGISTRO;Acessar a via sem observar a presença dos outros veículos;Colisão traseira;Sem Vítimas;Pleno dia;Decrescente;Céu Claro;Dupla;Reta;Sim;2;0;0;0;2;0;0;2;-24,49288956;-47,83676863;SPRF-SP;DEL05-SP;UOP01-DEL05-SP
703772;10/07/2025;quinta-feira;09:40:00;RS;285;484;ENTRE-IJUIS;Velocidade Incompatível;Tombamento;Com Vítimas Feridas;Pleno dia;Crescente;Sol;Simples;Reta;Não;3;0;1;0;1;1;1;3;-28,372989;-54,143297;SPRF-RS;DEL10-RS;UOP01-DEL10-RS
703773;12/06/2025;quinta-feira;12:54:00;SC;470;251,4;CURITIBANOS;Suicídio (presumido);Colisão frontal;Com Vítimas Fatais;Pleno dia;Decrescente;Céu Claro;Simples;"Curva;Declive";Não;4;1;0;0;1;2;0;4;-27,31253;-50,60076;SPRF-SC;DEL05-SC;UOP03-DEL05-SC
703775;10/07/2025;quinta-feira;05:45:00;PE;101;42,8;IGARASSU;Condutor usando celular;Tombamento;Com Vítimas Feridas;Amanhecer;Decrescente;Chuva;Múltipla;"Declive;Reta";Não;3;0;1;0;0;2;1;3;-7,84672431;-34,90993587;SPRF-PE;DEL01-PE;UOP02-DEL01-PE
703783;10/07/2025;quinta-feira;09:50:00;SC;101;197,2;BIGUACU;Reação tardia ou ineficiente do condutor;Colisão traseira;Com Vítimas Feridas;Pleno dia;Decrescente;Céu Claro;Dupla;Aclive;Sim;3;0;0;1;1;1;1;3;-27,51998;-48,63772;SPRF-SC;DEL01-SC;UOP01-DEL01-SC
703784;10/07/2025;quinta-feira;07:50:00;MG;381;700;LAVRAS;Velocidade Incompatível;Colisão com objeto;Com Vítimas Feridas;Pleno dia;Crescente;Céu Claro;Dupla;"Declive;Curva";Não;3;0;2;0;0;1;2;2;-21,2873478;-45,1432075;SPRF-MG;DEL04-MG;UOP02-DEL04-MG
703785;10/07/2025;quinta-feira;10:32:00;SP;381;27;ATIBAIA;Reação tardia ou ineficiente do condutor;Colisão lateral mesmo sentido;Com Vítimas Fatais;Pleno dia;Crescente;Céu Claro;Dupla;Reta;Não;5;1;0;0;2;2;0;4;-23,03173822;-46,54109031;SPRF-SP;DEL03-SP;UOP02-DEL03-SP
703789;10/07/2025;quinta-feira;10:55:00;MG;40;574;ITABIRITO;Transitar na contramão;Colisão frontal;Com Vítimas Fatais;Pleno dia;Crescente;Céu Claro;Simples;Reta;Não;3;1;0;0;1;2;0;4;-20,2497601;-43,9631376;SPRF-MG;DEL01-MG;UOP02-DEL01-MG
703797;10/07/2025;quinta-feira;11:28:00;PE;101;45;IGARASSU;Reação tardia ou ineficiente do condutor;Tombamento;Com Vítimas Feridas;Pleno dia;Crescente;Chuva;Múltipla;Reta;Sim;3;0;1;0;1;1;1;3;-7,866;-34,907;SPRF-PE;DEL01-PE;UOP02-DEL01-PE
703798;10/07/2025;quinta-feira;11:00:00;PB;230;172,5;CAMPINA GRANDE;Afundamento ou ondulação no pavimento;Saída de leito carroçável;Com Vítimas Feridas;Pleno dia;Decrescente;Nublado;Simples;"Aclive;Reta";Não;1;0;0;1;0;0;1;1;-7,1799883;-36,001173;SPRF-PB;DEL02-PB;UOP02-DEL02-PB
703800;10/07/2025;quinta-feira;11:10:00;MG;50;71;UBERLANDIA;Manobra de mudança de faixa;Colisão lateral mesmo sentido;Com Vítimas Feridas;Pleno dia;Crescente;Céu Claro;Dupla;Reta;Sim;4;0;1;0;2;3;1;5;-18,905222;-48,231069;SPRF-MG;DEL15-MG;UOP01-DEL15-MG
703801;10/07/2025;quinta-feira;11:00:00;SC;280;46;GUARAMIRIM;Retorno proibido;Colisão transversal;Com Vítimas Feridas;Pleno dia;Crescente;Nublado;Dupla;Reta;Sim;2;0;1;0;0;1;1;2;-26,45305388;-48,91078949;SPRF-SC;DEL03-SC;UOP03-DEL03-SC
703804;10/07/2025;quinta-feira;11:00:00;SP;153;79,7;BADY BASSITT;Demais falhas mecânicas ou elétricas;Colisão com objeto;Sem Vítimas;Pleno dia;Decrescente;Céu Claro;Dupla;"Reta;Declive";Não;4;0;0;0;2;2;0;4;-20,907775;-49,475446;SPRF-SP;DEL09-SP;UOP01-DEL09-SP
703808;10/07/2025;quinta-feira;12:35:00;MG;116;420,5;ALPERCATA;Transitar na contramão;Colisão frontal;Com Vítimas Feridas;Pleno dia;Decrescente;Nublado;Simples;Reta;Não;3;0;0;1;2;0;1;2;-18,93369848;-41,94514699;SPRF-MG;DEL06-MG;UOP01-DEL06-MG
703812;10/07/2025;quinta-feira;12:40:00;RJ;101;489;ANGRA DOS REIS;Condutor deixou de manter distância do veículo da frente;Colisão traseira;Com Vítimas Feridas;Pleno dia;Crescente;Sol;Simples;Curva;Sim;2;0;1;0;1;0;1;2;-22,95744493;-44,30477142;SPRF-RJ;DEL03-RJ;UOP03-DEL03-RJ