id;data_inversa;dia_semana;horario;uf;br;km;municipio;causa_acidente;tipo_acidente;classificacao_acidente;fase_dia;sentido_via;condicao_metereologica;tipo_pista;tracado_via;uso_solo;pessoas;mortos;feridos_leves;feridos_graves;ilesos;ignorados;feridos;veiculos;latitude;longitude;regional;delegacia;uop
703817;10/07/2025;quinta-feira;13:25:00;PR;277;27;MORRETES;Condutor deixou de manter distância do veículo da frente;Colisão traseira;Com Vítimas Feridas;Pleno dia;Decrescente;Céu Claro;Dupla;Reta;Não;4;0;1;0;2;1;1;3;-25,545477;-48,78273;SPRF-PR;DEL01-PR;UOP05-DEL01-PR
703819;10/07/2025;quinta-feira;13:54:00;DF;20;15,8;BRASILIA;Carga excessiva e/ou mal acondicionada;Tombamento;Com Vítimas Feridas;Pleno dia;Crescente;Céu Claro;Dupla;"Desvio Temporário;Em Obras;Reta";Não;2;0;1;0;1;0;1;1;-15,62690565;-47,72674352;SPRF-DF;DEL02-DF;UOP01-DEL02-DF
703821;25/04/2025;sexta-feira;19:40:00;SC;101;175,1;GOVERNADOR CELSO RAMOS;Transitar no Acostamento;Colisão com objeto;Com Vítimas Fatais;Plena Noite;Decrescente;Céu Claro;Dupla;Reta;Sim;4;1;0;0;2;1;0;4;-27,341202;-48,627975;SPRF-SC;DEL01-SC;UOP01-DEL01-SC
703824;10/07/2025;quinta-feira;13:50:00;RS;158;1;SANTA MARIA;Reação tardia ou ineficiente do condutor;Colisão lateral mesmo sentido;Sem Vítimas;Pleno dia;Decrescente;Céu Claro;Simples;Interseção de Vias;Sim;4;0;0;0;3;1;0;3;-29,71223657;-53,85098934;SPRF-RS;DEL09-RS;UOP01-DEL09-RS
703829;10/07/2025;quinta-feira;14:45:00;RS;116;491,8;PELOTAS;Transitar na contramão;Colisão frontal;Com Vítimas Fatais;Pleno dia;Decrescente;Céu Claro;Simples;"Desvio Temporário;Em Obras;Curva";Não;3;2;0;0;1;0;0;2;-31,48474199;-52,21305935;SPRF-RS;DEL07-RS;UOP01-DEL07-RS
703831;10/07/2025;quinta-feira;15:26:00;SC;280;7;SAO FRANCISCO DO SUL;Reação tardia ou ineficiente do condutor;Engavetamento;Com Vítimas Feridas;Pleno dia;Crescente;Nublado;Simples;Rotatória;Sim;4;0;1;0;3;0;1;3;-26,27036606;-48,64076614;SPRF-SC;DEL03-SC;UOP03-DEL03-SC
703842;10/07/2025;quinta-feira;14:30:00;SC;101;280,2;IMBITUBA;Ausência de reação do condutor;Colisão traseira;Sem Vítimas;Pleno dia;Crescente;Céu Claro;Múltipla;"Reta;Em Obras";Não;4;0;0;0;3;1;0;4;-28,1959787;-48,69755387;SPRF-SC;DEL02-SC;UOP03-DEL02-SC
703844;10/07/2025;quinta-feira;11:15:00;BA;242;895;BARREIRAS;Reação tardia ou ineficiente do condutor;Colisão frontal;Com Vítimas Feridas;Pleno dia;Decrescente;Céu Claro;Simples;Reta;Não;3;0;0;1;2;0;1;3;-12,0720721;-45,6609449;SPRF-BA;DEL10-BA;UOP01-DEL10-BA
703845;20/06/2025;sexta-feira;11:00:00;MG;116;410,2;GOVERNADOR VALADARES;Restrição de visibilidade em curvas horizontais;Colisão traseira;Com Vítimas Feridas;Pleno dia;Crescente;Céu Claro;Dupla;Retorno Regulamentado;Sim;3;0;1;0;1;1;1;3;-18,86349317;-41,97391603;SPRF-MG;DEL06-MG;UOP01-DEL06-MG
703846;10/07/2025;quinta-feira;14:00:00;MA;135;2;SAO LUIS;Pista Escorregadia;Capotamento;Com Vítimas Feridas;Pleno dia;Crescente;Garoa/Chuvisco;Dupla;"Reta;Aclive";Sim;4;0;3;0;1;0;3;1;-2,6587988;-44,30255055;SPRF-MA;DEL01-MA;UOP01-DEL01-MA
703848;10/07/2025;quinta-feira;16:20:00;SC;101;135,6;BALNEARIO CAMBORIU;Reação tardia ou ineficiente do condutor;Colisão lateral mesmo sentido;Com Vítimas Feridas;Pleno dia;Crescente;Nublado;Dupla;Reta;Sim;5;0;2;0;2;1;2;4;-27,00627;-48,62248;SPRF-SC;DEL04-SC;UOP03-DEL04-SC
703849;10/07/2025;quinta-feira;11:40:00;MT;174;457;COMODORO;Demais falhas mecânicas ou elétricas;Incêndio;Sem Vítimas;Pleno dia;Crescente;Céu Claro;Simples;Reta;Não;2;0;0;0;1;2;0;3;-13,81989559;-59,76306081;SPRF-MT;DEL04-MT;UOP02-DEL04-MT
703852;10/07/2025;quinta-feira;17:00:00;PR;277;724;FOZ DO IGUACU;Acessar a via sem observar a presença dos outros veículos;Colisão lateral mesmo sentido;Com Vítimas Feridas;Pleno dia;Decrescente;Céu Claro;Dupla;Reta;Sim;4;0;1;1;1;1;2;3;-25,49830541;-54,52843873;SPRF-PR;DEL05-PR;UOP03-DEL05-PR
703854;10/07/2025;quinta-feira;17:00:00;PR;163;50,6;PRANCHITA;Ausência de reação do condutor;Colisão traseira;Com Vítimas Feridas;Anoitecer;Crescente;Céu Claro;Simples;Reta;Sim;4;0;2;0;1;2;2;5;-25,94520756;-53,727487;SPRF-PR;DEL02-PR;UOP02-DEL02-PR
703855;10/07/2025;quinta-feira;14:30:00;RO;364;341,9;JI-PARANA;Acessar a via sem observar a presença dos outros veículos;Colisão transversal;Com Vítimas Feridas;Pleno dia;Decrescente;Céu Claro;Múltipla;"Reta;Interseção de Vias";Sim;2;0;1;0;1;0;1;2;-10,884826;-61,936286;SPRF-RO;DEL02-RO;UOP01-DEL02-RO
703856;05/07/2025;sábado;05:30:00;MG;381;397;BOM JESUS DO AMPARO;Velocidade Incompatível;Colisão traseira;Com Vítimas Feridas;Amanhecer;Decrescente;Nevoeiro/Neblina;Dupla;"Declive;Reta";Sim;2;0;0;1;1;0;1;2;-19,78059596;-43,43770981;SPRF-MG;DEL01-MG;UOP01-DEL01-MG
703860;10/07/2025;quinta-feira;16:00:00;SC;101;31,9;JOINVILLE;Conversão proibida;Colisão transversal;Com Vítimas Feridas;Pleno dia;Decrescente;Nublado;Dupla;Reta;Sim;3;0;0;1;2;0;1;3;-26,2436795;-48,91060559;SPRF-SC;DEL03-SC;UOP01-DEL03-SC
703862;10/07/2025;quinta-feira;17:15:00;PR;153;18,9;JACAREZINHO;Ingestão de álcool pelo condutor;Colisão com objeto;Com Vítimas Feridas;Pleno dia;Decrescente;Céu Claro;Simples;Curva;Não;1;0;1;0;0;0;1;1;-23,15237581;-49,95525241;SPRF-PR;DEL07-PR;UOP04-DEL07-PR
703863;10/07/2025;quinta-feira;13:30:00;RS;293;182;BAGE;Acessar a via sem observar a presença dos outros veículos;Colisão transversal;Sem Vítimas;Pleno dia;Decrescente;Céu Claro;Simples;Interseção de Vias;Não;3;0;0;0;2;1;0;3;-31,26505249;-54,13959503;SPRF-RS;DEL11-RS;UOP03-DEL11-RS
703867;10/07/2025;quinta-feira;17:15:00;PE;407;124,3;PETROLINA;Acessar a via sem observar a presença dos outros veículos;Colisão traseira;Com Vítimas Feridas;Pleno dia;Crescente;Céu Claro;Dupla;Retorno Regulamentado;Sim;3;0;0;1;1;1;1;3;-9,3788437;-40,5346884;SPRF-PE;DEL06-PE;UOP01-DEL06-PE
703874;10/07/2025;quinta-feira;16:25:00;MG;40;695,2;ALFREDO VASCONCELOS;Condutor deixou de manter distância do veículo da frente;Colisão traseira;Com Vítimas Feridas;Pleno dia;Decrescente;Céu Claro;Simples;"Declive;Reta";Sim;2;0;1;0;1;0;1;2;-21,1657521;-43,75755089;SPRF-MG;DEL05-MG;UOP02-DEL05-MG
703875;10/07/2025;quinta-feira;17:40:00;MS;163;486;CAMPO GRANDE;Ausência de reação do condutor;Colisão traseira;Com Vítimas Feridas;Plena Noite;Crescente;Céu Claro;Simples;Reta;Sim;4;0;0;1;2;2;1;4;-20,426317;-54,545197;SPRF-MS;DEL01-MS;UOP02-DEL01-MS
703880;10/07/2025;quinta-feira;18:00:00;SC;116;222;PONTE ALTA;Acesso irregular;Colisão lateral mesmo sentido;Com Vítimas Feridas;Plena Noite;Crescente;Nublado;Simples;Reta;Sim;4;0;1;0;2;1;1;3;-27,60227483;-50,35522811;SPRF-SC;DEL05-SC;UOP03-DEL05-SC
703882;10/07/2025;quinta-feira;18:45:00;SC;470;142;RIO DO SUL;Trafegar com motocicleta (ou similar) entre as faixas;Colisão frontal;Com Vítimas Feridas;Plena Noite;Crescente;Céu Claro;Simples;"Curva;Declive;Em Obras";Sim;3;0;0;1;1;1;1;3;-27,21466799;-49,65152677;SPRF-SC;DEL04-SC;UOP02-DEL04-SC
703887;10/07/2025;quinta-feira;17:55:00;PE;232;195;SANHARO;Transitar na contramão;Colisão frontal;Com Vítimas Feridas;Plena Noite;Decrescente;Céu Claro;Simples;Reta;Sim;2;0;0;1;1;0;1;2;-8,36806;-36,568865;SPRF-PE;DEL03-PE;UOP02-DEL03-PE
703889;10/07/2025;quinta-feira;18:40:00;BA;101;750,7;ITABELA;Velocidade Incompatível;Colisão frontal;Com Vítimas Feridas;Plena Noite;Crescente;Nublado;Simples;"Declive;Curva";Não;2;0;0;1;1;0;1;2;-16,618743;-39,541362;SPRF-BA;DEL09-BA;UOP01-DEL09-BA
703895;10/07/2025;quinta-feira;17:20:00;PR;277;5;PARANAGUA;Manobra de mudança de faixa;Colisão traseira;Com Vítimas Fatais;Pleno dia;Decrescente;Céu Claro;Dupla;Reta;Sim;3;1;0;0;1;2;0;4;-25,52597859;-48,52729646;SPRF-PR;DEL01-PR;UOP05-DEL01-PR
703898;10/07/2025;quinta-feira;19:00:00;MT;163;112;RONDONOPOLIS;Ausência de reação do condutor;Colisão traseira;Com Vítimas Feridas;Plena Noite;Crescente;Céu Claro;Dupla;Reta;Não;3;0;1;0;1;1;1;3;-16,55169;-54,67374;SPRF-MT;DEL02-MT;UOP01-DEL02-MT
703904;10/07/2025;quinta-feira;20:20:00;MG;381;795;SAO GONCALO DO SAPUCAI;Ausência de reação do condutor;Colisão traseira;Com Vítimas Feridas;Plena Noite;Decrescente;Céu Claro;Dupla;"Reta;Aclive";Não;3;0;1;0;1;2;1;4;-21,91125659;-45,57359576;SPRF-MG;DEL16-MG;UOP02-DEL16-MG
703905;10/07/2025;quinta-feira;19:10:00;RS;285;365;SALDANHA MARINHO;Reação tardia ou ineficiente do condutor;Colisão lateral sentido oposto;Com Vítimas Feridas;Plena Noite;Crescente;Céu Claro;Simples;Reta;Não;5;0;3;0;1;1;3;3;-28,39906406;-53,06250572;SPRF-RS;DEL08-RS;UOP03-DEL08-RS
703908;10/07/2025;quinta-feira;20:20:00;RJ;40;105;DUQUE DE CAXIAS;Ultrapassagem Indevida;Queda de ocupante de veículo;Com Vítimas Feridas;Plena Noite;Decrescente;Céu Claro;Simples;Reta;Sim;3;0;1;0;1;1;1;2;-22,64085096;-43,28336197;SPRF-RJ;DEL01-RJ;UOP02-DEL01-RJ
703910;10/07/2025;quinta-feira;16:03:00;PA;163;598;TRAIRAO;Ultrapassagem Indevida;Colisão lateral sentido oposto;Com Vítimas Feridas;Pleno dia;Crescente;Céu Claro;Simples;Reta;Não;4;0;1;0;0;3;1;4;-4,845752;-56,153592;SPRF-PA;DEL05-PA;UOP03-DEL05-PA
703919;10/07/2025;quinta-feira;20:20:00;ES;101;176,4;ARACRUZ;Acessar a via sem observar a presença dos outros veículos;Colisão transversal;Com Vítimas Feridas;Plena Noite;Decrescente;Chuva;Simples;"Interseção de Vias;Rotatória;Retorno Regulamentado";Sim;3;0;1;0;1;1;1;3;-19,59720186;-40,200224;SPRF-ES;DEL04-ES;UOP01-DEL04-ES
703922;10/07/2025;quinta-feira;21:00:00;BA;101;85;ENTRE RIOS;Transitar na contramão;Saída de leito carroçável;Com Vítimas Feridas;Plena Noite;Decrescente;Céu Claro;Simples;Reta;Não;3;0;1;0;1;1;1;3;-12,008;-38,264;SPRF-BA;DEL01-BA;UOP04-DEL01-BA
703927;10/07/2025;quinta-feira;19:30:00;MA;316;403,8;PERITORO;Ausência de reação do condutor;Colisão transversal;Com Vítimas Feridas;Plena Noite;Crescente;Céu Claro;Simples;Reta;Sim;3;0;0;1;1;1;1;3;-4,3627913;-44,3425662;SPRF-MA;DEL03-MA;UOP01-DEL03-MA
703930;10/07/2025;quinta-feira;20:45:00;CE;222;61,7;SAO GONCALO DO AMARANTE;Manobra de mudança de faixa;Colisão traseira;Com Vítimas Fatais;Plena Noite;Decrescente;Céu Claro;Simples;Reta;Não;4;1;0;0;3;0;0;2;-3,671544;-39,100773;SPRF-CE;DEL01-CE;UOP03-DEL01-CE
703934;10/07/2025;quinta-feira;21:40:00;SC;101;232,9;PALHOCA;Condutor Dormindo;Colisão traseira;Sem Vítimas;Plena Noite;Crescente;Garoa/Chuvisco;Dupla;Aclive;Não;3;0;0;0;2;1;0;3;-27,8010537;-48,63761622;SPRF-SC;DEL01-SC;UOP02-DEL01-SC
703941;10/07/2025;quinta-feira;23:30:00;SC;470;146,7;RIO DO SUL;Ausência de reação do condutor;Colisão frontal;Com Vítimas Feridas;Plena Noite;Crescente;Garoa/Chuvisco;Simples;Curva;Não;2;0;1;0;1;0;1;2;-27,24098458;-49,68613951;SPRF-SC;DEL04-SC;UOP02-DEL04-SC
703943;11/07/2025;sexta-feira;02:30:00;ES;101;368;ANCHIETA;Velocidade Incompatível;Colisão frontal;Com Vítimas Feridas;Plena Noite;Crescente;Chuva;Simples;Curva;Não;3;0;0;2;0;2;2;4;-20,756072;-40,75604;SPRF-ES;DEL03-ES;UOP01-DEL03-ES
703945;11/07/2025;sexta-feira;04:20:00;SP;116;227,5;SAO PAULO;Demais falhas mecânicas ou elétricas;Incêndio;Sem Vítimas;Plena Noite;Crescente;Nublado;Múltipla;"Aclive;Reta";Sim;4;0;0;0;3;1;0;2;-23,5015886;-46,56457392;SPRF-SP;DEL01-SP;UOP01-DEL01-SP
703950;11/07/2025;sexta-feira;05:30:00;RJ;116;211;SEROPEDICA;Condutor Dormindo;Colisão traseira;Sem Vítimas;Amanhecer;Crescente;Nublado;Dupla;Reta;Não;2;0;0;0;1;1;0;2;-22,7147776;-43,7256192;SPRF-RJ;DEL06-RJ;UOP02-DEL06-RJ
703952;11/07/2025;sexta-feira;00:05:00;PI;230;300;FLORIANO;Demais falhas mecânicas ou elétricas;Incêndio;Sem Vítimas;Plena Noite;Crescente;Céu Claro;Simples;Reta;Não;2;0;0;0;1;1;0;2;-6,81435933;-42,94165134;SPRF-PI;DEL03-PI;UOP01-DEL03-PI
703953;11/07/2025;sexta-feira;06:20:00;PE;101;74,2;RECIFE;Condutor deixou de manter distância do veículo da frente;Tombamento;Com Vítimas Feridas;Pleno dia;Decrescente;Chuva;Dupla;"Declive;Reta";Não;5;0;2;0;3;0;2;3;-8,10378;-34,94836;SPRF-PE;DEL01-PE;UOP01-DEL01-PE
703959;11/07/2025;sexta-feira;04:45:00;BA;116;1;VITORIA DA CONQUISTA;Ingestão de álcool pelo condutor;Colisão frontal;Com Vítimas Feridas;Plena Noite;Crescente;Nublado;Simples;Reta;Não;3;0;0;1;1;1;1;3;-14,82575101;-40,8332336;SPRF-BA;DEL08-BA;UOP01-DEL08-BA
703963;11/07/2025;sexta-feira;07:15:00;ES;101;332;GUARAPARI;Condutor deixou de manter distância do veículo da frente;Colisão traseira;Com Vítimas Feridas;Amanhecer;Decrescente;Chuva;Dupla;Reta;Não;2;0;0;1;1;0;1;2;-20,606718;-40,507827;SPRF-ES;DEL03-ES;UOP01-DEL03-ES
703973;11/07/2025;sexta-feira;07:10:00;BA;116;423,3;FEIRA DE SANTANA;Ingestão de álcool pelo condutor;Colisão lateral mesmo sentido;Com Vítimas Feridas;Pleno dia;Crescente;Céu Claro;Dupla;Reta;Sim;4;0;0;1;3;0;1;3;-12,23275065;-38,97340995;SPRF-BA;DEL02-BA;UOP01-DEL02-BA
703979;11/07/2025;sexta-feira;09:00:00;GO;50;304,1;CUMARI;Reação tardia ou ineficiente do condutor;Colisão traseira;Com Vítimas Feridas;Pleno dia;Crescente;Céu Claro;Dupla;"Reta;Declive";Não;9;0;1;2;6;0;3;2;-18,356928;-48,045975;SPRF-GO;DEL06-GO;UOP01-DEL06-GO
703981;11/07/2025;sexta-feira;07:45:00;BA;324;559,9;AMELIA RODRIGUES;Acessar a via sem observar a presença dos outros veículos;Colisão lateral mesmo sentido;Com Vítimas Feridas;Pleno dia;Decrescente;Chuva;Dupla;"Declive;Reta";Não;6;0;1;0;4;3;1;5;-12,4990583;-38,6444467;SPRF-BA;DEL01-BA;UOP03-DEL01-BA
703986;31/05/2025;sábado;15:45:00;MG;381;236,3;SANTANA DO PARAISO;Ausência de reação do condutor;Tombamento;Com Vítimas Feridas;Pleno dia;Decrescente;Céu Claro;Simples;"Aclive;Reta";Não;6;0;2;0;3;1;2;5;-19,360155;-42,445401;SPRF-MG;DEL06-MG;UOP01-DEL06-MG
703987;11/07/2025;sexta-feira;07:30:00;SC;101;95;BARRA VELHA;Condutor Dormindo;Colisão traseira;Com Vítimas Feridas;Pleno dia;Decrescente;Céu Claro;Dupla;Reta;Sim;3;0;1;1;1;0;2;2;-26,716814;-48,702235;SPRF-SC;DEL03-SC;UOP02-DEL03-SC
703988;11/07/2025;sexta-feira;07:36:00;RO;364;236,6;CACOAL;Reação tardia ou ineficiente do condutor;Colisão traseira;Com Vítimas Feridas;Pleno dia;Crescente;Sol;Simples;Reta;Sim;3;0;0;1;1;1;1;3;-11,44397968;-61,44460201;SPRF-RO;DEL02-RO;UOP02-DEL02-RO
703989;27/06/2025;sexta-feira;06:10:00;RO;364;435,3;JARU;Transitar na contramão;Tombamento;Com Vítimas Fatais;Amanhecer;Decrescente;Céu Claro;Simples;Curva;Não;6;3;0;0;2;3;0;5;-10,38825837;-62,54339791;SPRF-RO;DEL03-RO;UOP02-DEL03-RO
703993;11/07/2025;sexta-feira;09:50:00;SC;282;498,8;XANXERE;Manobra de mudança de faixa;Colisão lateral mesmo sentido;Com Vítimas Feridas;Pleno dia;Crescente;Nublado;Simples;Reta;Não;3;0;2;0;1;0;2;2;-26,87244215;-52,29259238;SPRF-SC;DEL07-SC;UOP01-DEL07-SC
703994;11/07/2025;sexta-feira;06:00:00;RS;116;452;SAO LOURENCO DO SUL;Demais falhas mecânicas ou elétricas;Incêndio;Sem Vítimas;Amanhecer;Crescente;Nevoeiro/Neblina;Dupla;Reta;Não;2;0;0;0;1;1;0;2;-31,221112;-52,010782;SPRF-RS;DEL02-RS;UOP02-DEL02-RS
703996;11/05/2025;domingo;15:40:00;BA;242;608;MUQUEM DE SAO FRANCISCO;Ausência de sinalização;Colisão traseira;Com Vítimas Feridas;Pleno dia;Crescente;Céu Claro;Simples;Reta;Não;4;0;0;1;2;2;1;4;-12,18101326;-43,23713489;SPRF-BA;DEL06-BA;UOP03-DEL06-BA
703998;11/07/2025;sexta-feira;10:15:00;RS;101;50,2;TERRA DE AREIA;Acessar a via sem observar a presença dos outros veículos;Saída de leito carroçável;Com Vítimas Feridas;Pleno dia;Decrescente;Céu Claro;Dupla;Reta;Não;3;0;1;0;1;1;1;3;-29,612121;-50,089317;SPRF-RS;DEL03-RS;UOP02-DEL03-RS
703999;11/07/2025;sexta-feira;07:45:00;MG;40;137,8;JOAO PINHEIRO;Ultrapassagem Indevida;Colisão traseira;Com Vítimas Feridas;Pleno dia;Crescente;Céu Claro;Simples;Curva;Não;4;0;1;0;2;1;1;4;-17,72573;-46,215615;SPRF-MG;DEL14-MG;UOP01-DEL14-MG
704003;11/07/2025;sexta-feira;10:50:00;RJ;116;187;NOVA IGUACU;Manobra de mudança de faixa;Colisão lateral mesmo sentido;Com Vítimas Feridas;Pleno dia;Crescente;Céu Claro;Dupla;Reta;Sim;4;0;1;0;2;1;1;3;-22,73901576;-43,47043125;SPRF-RJ;DEL06-RJ;UOP01-DEL06-RJ
704005;11/07/2025;sexta-feira;10:00:00;RO;364;709;PORTO VELHO;Manobra de mudança de faixa;Colisão lateral mesmo sentido;Sem Vítimas;Pleno dia;Decrescente;Sol;Dupla;Reta;Não;3;0;0;0;2;1;0;3;-8,79154895;-63,84828722;SPRF-RO;DEL01-RO;UOP01-DEL01-RO
704006;23/05/2025;sexta-feira;07:15:00;SP;116;566;BARRA DO TURVO;Reação tardia ou ineficiente do condutor;Saída de leito carroçável;Com Vítimas Feridas;Amanhecer;Crescente;Garoa/Chuvisco;Simples;"Curva;Declive";Não;4;0;1;0;2;6;1;9;-25,04211896;-48,55032132;SPRF-SP;DEL05-SP;UOP02-DEL05-SP
704010;11/07/2025;sexta-feira;11:00:00;BA;116;413;FEIRA DE SANTANA;Velocidade Incompatível;Colisão traseira;Com Vítimas Feridas;Pleno dia;Decrescente;Céu Claro;Dupla;Reta;Não;4;0;1;0;2;2;1;5;-12,1302879;-38,9677455;SPRF-BA;DEL02-BA;UOP01-DEL02-BA
704013;11/07/2025;sexta-feira;11:15:00;SP;116;112,2;TAUBATE;Condutor deixou de manter distância do veículo da frente;Engavetamento;Com Vítimas Feridas;Pleno dia;Crescente;Céu Claro;Dupla;Reta;Sim;4;0;1;0;1;2;1;4;-23,04088638;-45,5683393;SPRF-SP;DEL02-SP;UOP02-DEL02-SP
704015;11/07/2025;sexta-feira;11:10:00;MG;381;559,9;ITAGUARA;Ausência de reação do condutor;Colisão com objeto;Sem Vítimas;Pleno dia;Decrescente;Céu Claro;Dupla;"Reta;Aclive";Não;2;0;0;0;1;1;0;2;-20,33368176;-44,44999695;SPRF-MG;DEL04-MG;UOP03-DEL04-MG
704021;11/07/2025;sexta-feira;02:00:00;BA;20;201;LUIS EDUARDO MAGALHAES;Ausência de reação do condutor;Tombamento;Sem Vítimas;Plena Noite;Decrescente;Céu Claro;Simples;Reta;Não;1;0;0;0;1;0;0;1;-12,14305379;-45,81710815;SPRF-BA;DEL10-BA;UOP01-DEL10-BA
704024;11/07/2025;sexta-feira;12:30:00;PR;376;393,8;IMBAU;Faróis desregulados;Incêndio;Sem Vítimas;Pleno dia;Crescente;Céu Claro;Dupla;Reta;Não;2;0;0;0;1;1;0;2;-24,498401;-50,720975;SPRF-PR;DEL03-PR;UOP02-DEL03-PR
704035;11/07/2025;sexta-feira;12:00:00;PR;277;495,1;GUARANIACU;Acessar a via sem observar a presença dos outros veículos;Colisão transversal;Com Vítimas Feridas;Pleno dia;Decrescente;Céu Claro;Simples;"Curva;Aclive";Não;3;0;1;1;1;0;2;2;-25,18318797;-52,66696499;SPRF-PR;DEL04-PR;UOP04-DEL04-PR
704036;08/06/2025;domingo;02:00:00;MA;135;71;SANTA RITA;Transitar na contramão;Colisão frontal;Com Vítimas Fatais;Plena Noite;Decrescente;Céu Claro;Simples;Reta;Não;3;1;0;0;1;1;0;3;-3,1568184;-44,3333595;SPRF-MA;DEL01-MA;UOP02-DEL01-MA
704037;11/07/2025;sexta-feira;11:10:00;BA;116;649,4;JEQUIE;Reação tardia ou ineficiente do condutor;Colisão traseira;Sem Vítimas;Pleno dia;Crescente;Nublado;Simples;"Aclive;Reta";Não;5;0;0;0;3;4;0;6;-13,657993;-40,094719;SPRF-BA;DEL03-BA;UOP01-DEL03-BA
704040;11/07/2025;sexta-feira;13:50:00;MG;50;79;UBERLANDIA;Velocidade Incompatível;Atropelamento de Pedestre;Com Vítimas Feridas;Pleno dia;Crescente;Céu Claro;Dupla;Reta;Não;3;0;1;0;2;0;1;3;-18,958201;-48,216532;SPRF-MG;DEL15-MG;UOP01-DEL15-MG
704047;11/07/2025;sexta-feira;09:00:00;BA;116;173;CANUDOS;Ausência de reação do condutor;Colisão traseira;Com Vítimas Feridas;Pleno dia;Decrescente;Céu Claro;Simples;Reta;Não;5;0;3;0;1;2;3;4;-10,142658;-39,112088;SPRF-BA;DEL07-BA;UOP03-DEL07-BA
704050;11/07/2025;sexta-feira;14:45:00;PR;376;552;BALSA NOVA;Manobra de mudança de faixa;Colisão traseira;Com Vítimas Feridas;Pleno dia;Crescente;Céu Claro;Dupla;Reta;Não;4;0;2;0;2;0;2;2;-25,45784487;-49,73373413;SPRF-PR;DEL03-PR;UOP03-DEL03-PR
704056;11/07/2025;sexta-feira;15:30:00;BA;101;444;UBAITABA;Acessar a via sem observar a presença dos outros veículos;Colisão frontal;Com Vítimas Feridas;Pleno dia;Crescente;Céu Claro;Simples;Retorno Regulamentado;Não;2;0;0;1;1;0;1;2;-14,3086699;-39,32203107;SPRF-BA;DEL05-BA;UOP01-DEL05-BA
704058;11/07/2025;sexta-feira;15:20:00;MG;40;566;NOVA LIMA;Ausência de reação do condutor;Colisão traseira;Com Vítimas Feridas;Pleno dia;Crescente;Nublado;Simples;"Reta;Em Obras";Não;4;0;2;0;1;1;2;3;-20,1810703;-43,9665526;SPRF-MG;DEL01-MG;UOP02-DEL01-MG
704064;11/07/2025;sexta-feira;15:00:00;MG;262;482,9;BOM DESPACHO;Condutor deixou de manter distância do veículo da frente;Engavetamento;Com Vítimas Feridas;Pleno dia;Crescente;Céu Claro;Simples;Reta;Não;5;0;1;0;3;1;1;5;-19,78356998;-45,3322041;SPRF-MG;DEL08-MG;UOP03-DEL08-MG
704067;04/07/2025;sexta-feira;15:26:00;RO;364;214;PIMENTA BUENO;Manobra de mudança de faixa;Colisão lateral sentido oposto;Com Vítimas Feridas;Pleno dia;Crescente;Céu Claro;Simples;"Curva;Aclive";Não;4;0;1;0;2;3;1;5;-11,566213;-61,28279;SPRF-RO;DEL02-RO;UOP02-DEL02-RO
704074;11/07/2025;sexta-feira;15:30:00;PR;476;242;LAPA;Demais falhas na via;Colisão lateral sentido oposto;Com Vítimas Feridas;Pleno dia;Crescente;Céu Claro;Simples;Curva;Não;3;0;1;0;1;1;1;3;-25,78363333;-49,84212756;SPRF-PR;DEL02-PR;UOP03-DEL02-PR
704076;11/07/2025;sexta-feira;18:10:00;SC;101;210,8;SAO JOSE;Ingestão de álcool pelo condutor;Colisão transversal;Com Vítimas Feridas;Plena Noite;Decrescente;Céu Claro;Dupla;Reta;Sim;2;0;1;1;0;0;2;2;-27,61914;-48,64753;SPRF-SC;DEL01-SC;UOP01-DEL01-SC
704087;11/07/2025;sexta-feira;17:50:00;PE;101;65,7;RECIFE;Transitar na contramão;Colisão frontal;Com Vítimas Feridas;Plena Noite;Crescente;Chuva;Múltipla;"Reta;Interseção de Vias";Sim;2;0;0;1;1;0;1;2;-8,031415;-34,9428;SPRF-PE;DEL01-PE;UOP01-DEL01-PE
704088;11/07/2025;sexta-feira;19:00:00;RJ;116;169;RIO DE JANEIRO;Trafegar com motocicleta (ou similar) entre as faixas;Colisão lateral mesmo sentido;Com Vítimas Feridas;Plena Noite;Crescente;Céu Claro;Múltipla;Reta;Sim;3;0;1;0;2;0;1;3;-22,81574475;-43,32492828;SPRF-RJ;DEL06-RJ;UOP01-DEL06-RJ
704090;11/07/2025;sexta-feira;18:30:00;PR;376;179;MARINGA;Velocidade Incompatível;Colisão lateral mesmo sentido;Sem Vítimas;Plena Noite;Decrescente;Céu Claro;Dupla;"Reta;Interseção de Vias";Sim;3;0;0;0;2;1;0;3;-23,42064446;-51,90930605;SPRF-PR;DEL09-PR;UOP01-DEL09-PR
704092;11/07/2025;sexta-feira;19:50:00;MG;381;746,5;TRES CORACOES;Demais falhas mecânicas ou elétricas;Incêndio;Sem Vítimas;Plena Noite;Decrescente;Céu Claro;Dupla;Reta;Não;2;0;0;0;1;1;0;2;-21,617376;-45,262281;SPRF-MG;DEL16-MG;UOP02-DEL16-MG
704094;11/07/2025;sexta-feira;15:45:00;SC;280;83,8;CORUPA;Ultrapassagem Indevida;Colisão frontal;Com Vítimas Feridas;Pleno dia;Decrescente;Céu Claro;Simples;"Aclive;Reta";Não;3;0;1;1;1;0;2;3;-26,426008;-49,252457;SPRF-SC;DEL06-SC;UOP03-DEL06-SC
704098;11/07/2025;sexta-feira;17:50:00;BA;235;347;JUAZEIRO;Acessar a via sem observar a presença dos outros veículos;Tombamento;Com Vítimas Fatais;Anoitecer;Crescente;Céu Claro;Dupla;"Interseção de Vias;Reta";Sim;4;1;0;0;1;2;0;3;-9,451472;-40,484063;SPRF-PE;DEL06-PE;UOP01-DEL06-PE