id;data_inversa;dia_semana;horario;uf;br;km;municipio;causa_acidente;tipo_acidente;classificacao_acidente;fase_dia;sentido_via;condicao_metereologica;tipo_pista;tracado_via;uso_solo;pessoas;mortos;feridos_leves;feridos_graves;ilesos;ignorados;feridos;veiculos;latitude;longitude;regional;delegacia;uop
704516;13/07/2025;domingo;14:00:00;MT;70;514;VARZEA GRANDE;Condutor desrespeitou a iluminação vermelha do semáforo;Queda de ocupante de veículo;Com Vítimas Feridas;Pleno dia;Decrescente;Sol;Simples;Reta;Sim;3;0;0;1;1;3;1;5;-15,706;-56,13262;SPRF-MT;DEL01-MT;UOP02-DEL01-MT
704519;13/07/2025;domingo;16:15:00;PR;376;352;ORTIGUEIRA;Pedestre andava na pista;Atropelamento de Pedestre;Com Vítimas Feridas;Anoitecer;Decrescente;Céu Claro;Dupla;Reta;Não;2;0;1;0;1;0;1;2;-24,20446281;-50,94624711;SPRF-PR;DEL07-PR;UOP02-DEL07-PR
704523;13/07/2025;domingo;16:15:00;MG;381;928,6;ITAPEVA;Acessar a via sem observar a presença dos outros veículos;Colisão lateral mesmo sentido;Com Vítimas Feridas;Pleno dia;Crescente;Nublado;Dupla;"Reta;Em Obras";Sim;5;0;1;1;2;3;2;5;-22,76938586;-46,23025095;SPRF-MG;DEL16-MG;UOP03-DEL16-MG
704525;13/07/2025;domingo;16:30:00;MT;364;247,2;JUSCIMEIRA;Reação tardia ou ineficiente do condutor;Colisão traseira;Com Vítimas Feridas;Pleno dia;Decrescente;Sol;Dupla;Aclive;Não;4;0;1;0;2;2;1;4;-16,134288;-54,83179;SPRF-MT;DEL02-MT;UOP01-DEL02-MT
704532;13/07/2025;domingo;17:40:00;AL;101;108,2;PILAR;Avarias e/ou desgaste excessivo no pneu;Incêndio;Sem Vítimas;Anoitecer;Decrescente;Céu Claro;Dupla;"Curva;Declive";Não;2;0;0;0;1;1;0;2;-9,601071;-36,014483;SPRF-AL;DEL02-AL;UOP01-DEL02-AL
704533;13/07/2025;domingo;17:38:00;PR;153;452;UNIAO DA VITORIA;Pista esburacada;Saída de leito carroçável;Com Vítimas Feridas;Anoitecer;Crescente;Céu Claro;Simples;Reta;Não;2;0;1;0;0;1;1;2;-26,1980078;-51,06796011;SPRF-PR;DEL02-PR;UOP03-DEL02-PR
704535;13/07/2025;domingo;16:50:00;SC;116;220,5;CORREIA PINTO;Desrespeitar a preferência no cruzamento;Colisão transversal;Com Vítimas Feridas;Anoitecer;Decrescente;Céu Claro;Simples;Rotatória;Sim;2;0;1;0;1;0;1;2;-27,59086674;-50,36228299;SPRF-SC;DEL05-SC;UOP03-DEL05-SC
704545;13/07/2025;domingo;19:00:00;AL;423;4,2;OURO BRANCO;Transitar na contramão;Colisão frontal;Com Vítimas Fatais;Plena Noite;Crescente;Céu Claro;Simples;Reta;Não;2;1;0;0;1;0;0;2;-9,1377;-37,32704;SPRF-AL;DEL03-AL;UOP02-DEL03-AL
704552;12/06/2025;quinta-feira;10:30:00;ES;101;269;SERRA;Ausência de reação do condutor;Colisão lateral mesmo sentido;Com Vítimas Feridas;Pleno dia;Crescente;Céu Claro;Dupla;Reta;Sim;4;0;0;1;1;2;1;4;-20,2216338;-40,2703312;SPRF-ES;DEL02-ES;UOP01-DEL02-ES
704555;13/07/2025;domingo;18:38:00;MS;163;75;ITAQUIRAI;Ausência de reação do condutor;Atropelamento de Pedestre;Com Vítimas Feridas;Anoitecer;Decrescente;Céu Claro;Simples;Reta;Sim;2;0;0;1;1;0;1;2;-23,489;-54,186;SPRF-MS;DEL09-MS;UOP02-DEL09-MS
704575;13/07/2025;domingo;20:00:00;MG;40;800,4;MATIAS BARBOSA;Pedestre cruzava a pista fora da faixa;Atropelamento de Pedestre;Com Vítimas Fatais;Plena Noite;Crescente;Céu Claro;Dupla;"Reta;Declive";Não;3;1;0;0;0;2;0;2;-21,83203612;-43,37339111;SPRF-MG;DEL05-MG;UOP01-DEL05-MG
704577;13/07/2025;domingo;18:40:00;AL;101;179,8;TEOTONIO VILELA;Transitar no Acostamento;Colisão traseira;Com Vítimas Fatais;Plena Noite;Crescente;Céu Claro;Dupla;Reta;Não;2;1;0;0;1;0;0;2;-9,90576276;-36,31369782;SPRF-AL;DEL02-AL;UOP02-DEL02-AL
704584;13/07/2025;domingo;20:00:00;PR;277;44,3;MORRETES;Velocidade Incompatível;Colisão lateral mesmo sentido;Com Vítimas Feridas;Plena Noite;Crescente;Nublado;Dupla;"Curva;Declive";Não;4;0;1;0;2;2;1;4;-25,5913467;-48,8944186;SPRF-PR;DEL01-PR;UOP05-DEL01-PR
704593;13/07/2025;domingo;20:00:00;RJ;116;307;RESENDE;Reação tardia ou ineficiente do condutor;Atropelamento de Pedestre;Com Vítimas Feridas;Plena Noite;Crescente;Nublado;Dupla;Reta;Sim;2;0;0;1;0;1;1;2;-22,45579054;-44,3976352;SPRF-RJ;DEL07-RJ;UOP02-DEL07-RJ
704601;13/07/2025;domingo;18:30:00;BA;116;909,5;CANDIDO SALES;Reação tardia ou ineficiente do condutor;Saída de leito carroçável;Com Vítimas Feridas;Plena Noite;Crescente;Nublado;Simples;Declive;Sim;1;0;0;1;0;0;1;1;-15,512862;-41,236938;SPRF-BA;DEL08-BA;UOP03-DEL08-BA
704608;13/07/2025;domingo;19:00:00;PI;135;317;CRISTINO CASTRO;Transitar na contramão;Colisão frontal;Com Vítimas Feridas;Plena Noite;Crescente;Céu Claro;Simples;Reta;Não;5;0;2;0;3;0;2;2;-8,8219533;-44,22444463;SPRF-PI;DEL03-PI;UOP02-DEL03-PI
704612;13/07/2025;domingo;22:10:00;PR;369;507,9;CASCAVEL;Transitar na contramão;Colisão lateral sentido oposto;Com Vítimas Feridas;Plena Noite;Crescente;Céu Claro;Simples;"Aclive;Curva";Não;4;0;1;0;1;2;1;4;-24,9640429;-53,40036454;SPRF-PR;DEL04-PR;UOP01-DEL04-PR
704615;13/07/2025;domingo;20:50:00;RJ;116;299;PORTO REAL;Objeto estático sobre o leito carroçável;Colisão com objeto;Com Vítimas Feridas;Plena Noite;Crescente;Nublado;Dupla;"Reta;Declive";Não;4;0;1;0;3;0;1;3;-22,44983332;-44,32832893;SPRF-RJ;DEL07-RJ;UOP02-DEL07-RJ
704622;13/07/2025;domingo;22:30:00;PE;423;74,1;JUPI;Condutor deixou de manter distância do veículo da frente;Colisão traseira;Sem Vítimas;Plena Noite;Decrescente;Céu Claro;Simples;"Aclive;Reta";Sim;2;0;0;0;2;0;0;2;-8,7160879;-36,4219923;SPRF-PE;DEL03-PE;UOP01-DEL03-PE
704623;13/07/2025;domingo;21:00:00;RS;101;72;OSORIO;Manobra de mudança de faixa;Colisão lateral mesmo sentido;Com Vítimas Feridas;Plena Noite;Crescente;Nevoeiro/Neblina;Dupla;Reta;Não;6;0;1;0;4;1;1;2;-29,764107;-50,217835;SPRF-RS;DEL03-RS;UOP01-DEL03-RS
704629;13/07/2025;domingo;23:45:00;PR;376;84,3;GUAIRACA;Ultrapassagem Indevida;Colisão lateral sentido oposto;Com Vítimas Feridas;Plena Noite;Crescente;Céu Claro;Simples;Reta;Não;29;0;22;2;4;1;24;2;-22,9718886;-52,6220488;SPRF-PR;DEL09-PR;UOP02-DEL09-PR
704631;14/07/2025;segunda-feira;01:50:00;PR;277;28;MORRETES;Condutor Dormindo;Colisão lateral mesmo sentido;Com Vítimas Feridas;Plena Noite;Crescente;Céu Claro;Dupla;Curva;Não;3;0;1;0;1;3;1;5;-25,54475806;-48,78122807;SPRF-PR;DEL01-PR;UOP05-DEL01-PR
704634;14/07/2025;segunda-feira;03:00:00;PR;277;36,8;MORRETES;Ingestão de álcool pelo condutor;Saída de leito carroçável;Sem Vítimas;Plena Noite;Crescente;Nublado;Dupla;"Aclive;Reta";Não;2;0;0;0;1;2;0;3;-25,572746;-48,842289;SPRF-PR;DEL01-PR;UOP05-DEL01-PR
704636;14/07/2025;segunda-feira;00:30:00;PI;222;58,3;PIRIPIRI;Transitar na contramão;Colisão lateral sentido oposto;Com Vítimas Feridas;Plena Noite;Crescente;Céu Claro;Simples;Reta;Não;2;0;1;0;1;0;1;2;-4,3150955;-41,7778667;SPRF-PI;DEL02-PI;UOP01-DEL02-PI
704646;14/07/2025;segunda-feira;05:29:00;GO;364;167;JATAI;Transitar na contramão;Colisão lateral sentido oposto;Com Vítimas Feridas;Plena Noite;Decrescente;Céu Claro;Simples;Reta;Não;3;0;0;1;1;1;1;3;-18,043734;-51,549661;SPRF-GO;DEL05-GO;UOP01-DEL05-GO
704649;13/07/2025;domingo;22:20:00;RJ;101;236;SILVA JARDIM;Deficiência do Sistema de Iluminação/Sinalização;Atropelamento de Pedestre;Com Vítimas Feridas;Plena Noite;Decrescente;Céu Claro;Dupla;Reta;Não;2;0;1;0;0;1;1;2;-22,60717;-42,392257;SPRF-RJ;DEL02-RJ;UOP03-DEL02-RJ
704651;14/07/2025;segunda-feira;05:50:00;MS;163;400;NOVA ALVORADA DO SUL;Condutor Dormindo;Colisão frontal;Com Vítimas Feridas;Amanhecer;Crescente;Céu Claro;Simples;"Reta;Declive";Não;3;0;1;1;0;1;2;3;-21,165039;-54,475895;SPRF-MS;DEL02-MS;UOP01-DEL02-MS
704668;13/07/2025;domingo;23:21:00;PA;163;582;TRAIRAO;Reação tardia ou ineficiente do condutor;Tombamento;Com Vítimas Fatais;Plena Noite;Decrescente;Céu Claro;Simples;Curva;Não;3;1;0;0;1;3;0;4;-4,97623682;-56,21189117;SPRF-PA;DEL05-PA;UOP03-DEL05-PA
704675;14/07/2025;segunda-feira;07:15:00;MG;267;11,9;LEOPOLDINA;Demais Fenômenos da natureza;Colisão traseira;Com Vítimas Feridas;Pleno dia;Decrescente;Céu Claro;Simples;Reta;Sim;3;0;0;1;1;1;1;3;-21,57796147;-42,71746784;SPRF-MG;DEL07-MG;UOP01-DEL07-MG
704676;14/07/2025;segunda-feira;05:46:00;MT;364;442;VARZEA GRANDE;Problema com o freio;Incêndio;Sem Vítimas;Amanhecer;Decrescente;Céu Claro;Simples;Reta;Não;2;0;0;0;1;3;0;4;-15,59656201;-56,22593122;SPRF-MT;DEL01-MT;UOP02-DEL01-MT
704680;14/07/2025;segunda-feira;07:55:00;SP;153;62;SAO JOSE DO RIO PRETO;Reação tardia ou ineficiente do condutor;Colisão traseira;Sem Vítimas;Pleno dia;Crescente;Nublado;Dupla;"Reta;Aclive";Sim;2;0;0;0;2;0;0;2;-20,81399;-49,357014;SPRF-SP;DEL09-SP;UOP01-DEL09-SP
704685;07/02/2025;sexta-feira;10:56:00;SC;163;76,5;SAO MIGUEL DO OESTE;Ultrapassagem Indevida;Colisão lateral mesmo sentido;Sem Vítimas;Pleno dia;Decrescente;Céu Claro;Simples;"Aclive;Reta;Interseção de Vias";Não;3;0;0;0;2;2;0;4;-26,68004792;-53,51502657;SPRF-SC;DEL07-SC;UOP03-DEL07-SC
704695;14/07/2025;segunda-feira;08:15:00;PR;277;160;PALMEIRA;Condutor Dormindo;Colisão lateral sentido oposto;Com Vítimas Feridas;Pleno dia;Decrescente;Nevoeiro/Neblina;Simples;Curva;Não;7;0;1;0;5;1;1;4;-25,47782;-49,85328;SPRF-PR;DEL03-PR;UOP03-DEL03-PR
704698;24/06/2025;terça-feira;06:00:00;BA;20;178;LUIS EDUARDO MAGALHAES;Condutor deixou de manter distância do veículo da frente;Colisão traseira;Com Vítimas Feridas;Amanhecer;Decrescente;Céu Claro;Simples;"Aclive;Reta";Não;3;0;0;1;1;4;1;6;-12,3913;-45,8676;SPRF-BA;DEL10-BA;UOP01-DEL10-BA
704699;14/07/2025;segunda-feira;07:50:00;BA;116;672;JEQUIE;Acessar a via sem observar a presença dos outros veículos;Colisão transversal;Com Vítimas Feridas;Pleno dia;Crescente;Céu Claro;Simples;"Reta;Interseção de Vias";Sim;2;0;1;0;1;0;1;2;-13,8533715;-40,1139736;SPRF-BA;DEL03-BA;UOP01-DEL03-BA
704701;14/07/2025;segunda-feira;09:30:00;ES;101;231;FUNDAO;Reação tardia ou ineficiente do condutor;Colisão traseira;Com Vítimas Feridas;Pleno dia;Decrescente;Céu Claro;Dupla;Curva;Sim;10;0;0;1;8;1;1;6;-19,94374081;-40,40621281;SPRF-ES;DEL02-ES;UOP01-DEL02-ES
704707;14/07/2025;segunda-feira;08:15:00;SC;101;113,1;ITAJAI;Manobra de mudança de faixa;Colisão lateral mesmo sentido;Com Vítimas Feridas;Pleno dia;Decrescente;Nevoeiro/Neblina;Dupla;"Reta;Retorno Regulamentado";Não;2;0;1;0;1;0;1;2;-26,85406;-48,72669;SPRF-SC;DEL04-SC;UOP04-DEL04-SC
704714;14/07/2025;segunda-feira;05:45:00;PR;153;381,5;MALLET;Ausência de reação do condutor;Saída de leito carroçável;Com Vítimas Fatais;Plena Noite;Crescente;Nublado;Simples;"Reta;Declive";Não;1;1;0;0;0;0;0;1;-25,8189;-50,840909;SPRF-PR;DEL08-PR;UOP02-DEL08-PR
704717;14/07/2025;segunda-feira;10:50:00;RJ;101;562;PARATY;Condutor deixou de manter distância do veículo da frente;Colisão traseira;Com Vítimas Feridas;Pleno dia;Crescente;Céu Claro;Simples;Reta;Sim;4;0;1;1;1;1;2;3;-23,15320839;-44,69930649;SPRF-RJ;DEL03-RJ;UOP04-DEL03-RJ
704722;14/07/2025;segunda-feira;11:25:00;GO;153;507;APARECIDA DE GOIANIA;Manobra de mudança de faixa;Colisão lateral mesmo sentido;Com Vítimas Feridas;Pleno dia;Decrescente;Céu Claro;Dupla;"Declive;Reta";Sim;5;0;3;0;1;1;3;4;-16,76337602;-49,23980847;SPRF-GO;DEL01-GO;UOP03-DEL01-GO
704727;14/07/2025;segunda-feira;11:48:00;RS;290;2;PORTO ALEGRE;Ausência de reação do condutor;Colisão traseira;Com Vítimas Feridas;Pleno dia;Crescente;Céu Claro;Dupla;"Reta;Ponte";Não;3;0;1;0;1;1;1;3;-29,98786275;-51,20954689;SPRF-RS;DEL03-RS;UOP01-DEL03-RS
704729;14/07/2025;segunda-feira;11:40:00;SC;101;281,8;IMBITUBA;Transitar na contramão;Colisão lateral sentido oposto;Com Vítimas Feridas;Pleno dia;Crescente;Céu Claro;Simples;Reta;Sim;2;0;1;0;1;0;1;2;-28,211205;-48,699734;SPRF-SC;DEL02-SC;UOP03-DEL02-SC
704733;14/07/2025;segunda-feira;10:20:00;PR;376;539;PALMEIRA;Reação tardia ou ineficiente do condutor;Colisão lateral mesmo sentido;Sem Vítimas;Pleno dia;Crescente;Céu Claro;Dupla;Reta;Não;2;0;0;0;2;0;0;2;-25,34688;-49,84327;SPRF-PR;DEL03-PR;UOP03-DEL03-PR
704740;14/07/2025;segunda-feira;11:00:00;PR;116;18;CURITIBA;Reação tardia ou ineficiente do condutor;Colisão traseira;Com Vítimas Feridas;Pleno dia;Crescente;Céu Claro;Dupla;Reta;Sim;2;0;1;0;1;0;1;2;-25,38867753;-49,20064831;SPRF-PR;DEL01-PR;UOP02-DEL01-PR
704747;14/07/2025;segunda-feira;09:05:00;SC;470;341,7;CAMPOS NOVOS;Desrespeitar a preferência no cruzamento;Colisão transversal;Com Vítimas Fatais;Pleno dia;Crescente;Céu Claro;Simples;"Interseção de Vias;Declive;Reta";Não;6;2;1;0;2;2;1;5;-27,53007965;-51,38828158;SPRF-SC;DEL07-SC;UOP06-DEL07-SC
704752;14/07/2025;segunda-feira;13:25:00;RJ;40;47;PETROPOLIS;Reação tardia ou ineficiente do condutor;Colisão com objeto;Com Vítimas Feridas;Pleno dia;Crescente;Céu Claro;Dupla;Reta;Não;3;0;1;0;0;2;1;3;-22,29004943;-43,12580109;SPRF-RJ;DEL05-RJ;UOP02-DEL05-RJ
704758;14/07/2025;segunda-feira;12:00:00;MT;364;579;NOBRES;Demais falhas mecânicas ou elétricas;Incêndio;Sem Vítimas;Pleno dia;Crescente;Céu Claro;Dupla;Reta;Não;1;0;0;0;1;0;0;1;-14,58462385;-56,22737074;SPRF-MT;DEL01-MT;UOP01-DEL01-MT
704759;14/07/2025;segunda-feira;10:15:00;MG;153;112;PRATA;Acessar a via sem observar a presença dos outros veículos;Colisão transversal;Com Vítimas Feridas;Pleno dia;Crescente;Céu Claro;Simples;"Interseção de Vias;Declive;Em Obras";Não;8;0;3;1;1;3;4;4;-19,32750944;-48,90609596;SPRF-MG;DEL15-MG;UOP03-DEL15-MG
704765;14/07/2025;segunda-feira;09:45:00;GO;153;490;GOIANIA;Reação tardia ou ineficiente do condutor;Colisão traseira;Sem Vítimas;Pleno dia;Crescente;Céu Claro;Simples;Reta;Sim;4;0;0;0;3;1;0;4;-16,621313;-49,2065731;SPRF-GO;DEL01-GO;UOP01-DEL01-GO
704768;14/07/2025;segunda-feira;14:10:00;RS;101;21,8;TRES CACHOEIRAS;Acessar a via sem observar a presença dos outros veículos;Colisão transversal;Com Vítimas Fatais;Pleno dia;Decrescente;Nublado;Dupla;Reta;Sim;3;1;0;0;1;1;0;3;-29,4413538;-49,904703;SPRF-RS;DEL03-RS;UOP02-DEL03-RS
704769;14/07/2025;segunda-feira;14:00:00;GO;414;210;NIQUELANDIA;Reação tardia ou ineficiente do condutor;Saída de leito carroçável;Com Vítimas Feridas;Pleno dia;Crescente;Céu Claro;Simples;Curva;Não;2;0;0;1;0;1;1;2;-14,50385856;-48,5189715;SPRF-GO;DEL07-GO;UOP02-DEL07-GO
704772;14/07/2025;segunda-feira;14:29:00;MA;135;10;SAO LUIS;Reação tardia ou ineficiente do condutor;Saída de leito carroçável;Sem Vítimas;Pleno dia;Crescente;Nublado;Dupla;Curva;Sim;2;0;0;0;2;0;0;1;-2,59400963;-44,33040636;SPRF-MA;DEL01-MA;UOP01-DEL01-MA
704776;14/07/2025;segunda-feira;16:00:00;PR;369;84,5;CORNELIO PROCOPIO;Transitar na contramão;Colisão frontal;Com Vítimas Feridas;Pleno dia;Decrescente;Céu Claro;Simples;Reta;Não;3;0;1;1;1;0;2;2;-23,16484;-50,60998;SPRF-PR;DEL07-PR;UOP05-DEL07-PR
704778;14/07/2025;segunda-feira;15:40:00;MG;381;4;BETIM;Mal súbito do condutor;Saída de leito carroçável;Com Vítimas Feridas;Pleno dia;Decrescente;Nublado;Dupla;Reta;Não;4;0;1;1;1;1;2;3;-19,986856;-44,181102;SPRF-MG;DEL01-MG;UOP03-DEL01-MG
704783;14/07/2025;segunda-feira;15:45:00;PR;163;150,7;LINDOESTE;Ausência de reação do condutor;Colisão traseira;Sem Vítimas;Pleno dia;Decrescente;Céu Claro;Dupla;Reta;Não;3;0;0;0;2;1;0;3;-25,183126;-53,601688;SPRF-PR;DEL05-PR;UOP05-DEL05-PR
704784;14/07/2025;segunda-feira;17:20:00;BA;101;232;SAPEACU;Acessar a via sem observar a presença dos outros veículos;Colisão transversal;Com Vítimas Feridas;Amanhecer;Crescente;Nublado;Simples;Interseção de Vias;Sim;3;0;0;2;1;0;2;2;-12,73649998;-39,18483976;SPRF-BA;DEL01-BA;UOP02-DEL01-BA
704786;14/07/2025;segunda-feira;17:00:00;PR;476;96;BOCAIUVA DO SUL;Reação tardia ou ineficiente do condutor;Tombamento;Com Vítimas Feridas;Anoitecer;Decrescente;Céu Claro;Simples;Curva;Sim;2;0;1;0;0;1;1;2;-25,22572;-49,115073;SPRF-PR;DEL01-PR;UOP01-DEL01-PR
704787;14/07/2025;segunda-feira;16:25:00;RJ;40;72;PETROPOLIS;Reação tardia ou ineficiente do condutor;Tombamento;Com Vítimas Feridas;Pleno dia;Decrescente;Céu Claro;Simples;"Declive;Curva";Não;2;0;1;0;0;1;1;2;-22,4604541;-43,2222111;SPRF-RJ;DEL01-RJ;UOP01-DEL01-RJ
704797;14/07/2025;segunda-feira;18:10:00;PR;376;594;CURITIBA;Trafegar com motocicleta (ou similar) entre as faixas;Colisão lateral mesmo sentido;Com Vítimas Feridas;Anoitecer;Crescente;Céu Claro;Dupla;Reta;Sim;3;0;0;1;1;1;1;3;-25,4575305;-49,3589887;SPRF-PR;DEL01-PR;UOP06-DEL01-PR
704805;14/07/2025;segunda-feira;16:20:00;RJ;356;20;ITAPERUNA;Reação tardia ou ineficiente do condutor;Colisão transversal;Com Vítimas Feridas;Pleno dia;Decrescente;Céu Claro;Simples;"Declive;Reta";Sim;2;0;1;0;1;0;1;2;-21,17590055;-42,00470134;SPRF-RJ;DEL08-RJ;UOP03-DEL08-RJ
704811;14/07/2025;segunda-feira;17:20:00;BA;235;350;JUAZEIRO;Ingestão de álcool pelo condutor;Colisão lateral mesmo sentido;Sem Vítimas;Anoitecer;Decrescente;Céu Claro;Dupla;Curva;Sim;2;0;0;0;1;1;0;2;-9,430733;-40,503362;SPRF-PE;DEL06-PE;UOP01-DEL06-PE
704813;06/06/2025;sexta-feira;17:00:00;RS;448;21,7;PORTO ALEGRE;Velocidade Incompatível;Tombamento;Com Vítimas Feridas;Pleno dia;Crescente;Nublado;Dupla;"Viaduto;Declive;Curva";Sim;2;0;0;1;0;1;1;2;-29,97375369;-51,19956873;SPRF-RS;DEL01-RS;UOP01-DEL01-RS
704814;14/07/2025;segunda-feira;17:00:00;RO;364;514;ARIQUEMES;Reação tardia ou ineficiente do condutor;Engavetamento;Com Vítimas Feridas;Pleno dia;Crescente;Céu Claro;Simples;Reta;Não;5;0;0;1;4;0;1;3;-9,935605;-63,055405;SPRF-RO;DEL03-RO;UOP01-DEL03-RO
704827;14/07/2025;segunda-feira;14:45:00;GO;364;36;PARANAIGUARA;Demais falhas mecânicas ou elétricas;Colisão com objeto;Com Vítimas Feridas;Pleno dia;Decrescente;Céu Claro;Simples;"Declive;Reta";Não;3;0;1;0;1;2;1;4;-18,85994987;-50,82153652;SPRF-GO;DEL05-GO;UOP02-DEL05-GO
704834;14/07/2025;segunda-feira;20:00:00;RS;285;196,8;LAGOA VERMELHA;Ingestão de álcool pelo condutor;Tombamento;Com Vítimas Feridas;Plena Noite;Decrescente;Nublado;Dupla;Reta;Sim;2;0;1;0;0;1;1;2;-28,21759656;-51,50993435;SPRF-RS;DEL08-RS;UOP05-DEL08-RS
704837;14/07/2025;segunda-feira;21:00:00;SE;101;84;NOSSA SENHORA DO SOCORRO;Demais falhas mecânicas ou elétricas;Incêndio;Sem Vítimas;Plena Noite;Decrescente;Céu Claro;Dupla;Reta;Não;1;0;0;0;1;0;0;1;-10,83616644;-37,13761775;SPRF-SE;DEL01-SE;UOP01-DEL01-SE
704843;14/07/2025;segunda-feira;22:10:00;RS;158;199,6;CRUZ ALTA;Demais falhas mecânicas ou elétricas;Incêndio;Sem Vítimas;Plena Noite;Crescente;Céu Claro;Simples;Reta;Não;1;0;0;0;1;0;0;1;-28,682382;-53,597355;SPRF-RS;DEL10-RS;UOP02-DEL10-RS
704850;15/07/2025;terça-feira;01:20:00;AL;101;199;SAO SEBASTIAO;Demais falhas mecânicas ou elétricas;Tombamento;Sem Vítimas;Plena Noite;Crescente;Céu Claro;Dupla;Curva;Não;2;0;0;0;1;1;0;2;-9,9326561;-36,540359;SPRF-AL;DEL02-AL;UOP02-DEL02-AL
704852;14/07/2025;segunda-feira;23:40:00;MG;262;580;CAMPOS ALTOS;Velocidade Incompatível;Tombamento;Com Vítimas Feridas;Plena Noite;Crescente;Céu Claro;Simples;Rotatória;Não;2;0;1;0;0;1;1;2;-19,648778;-46,070558;SPRF-MG;DEL08-MG;UOP02-DEL08-MG
704854;14/07/2025;segunda-feira;22:00:00;PI;135;419;REDENCAO DO GURGUEIA;Reação tardia ou ineficiente do condutor;Colisão com objeto;Com Vítimas Feridas;Plena Noite;Crescente;Céu Claro;Simples;"Declive;Curva";Não;2;0;1;0;0;1;1;2;-9,471172;-44,69833;SPRF-PI;DEL03-PI;UOP02-DEL03-PI
704858;15/07/2025;terça-feira;02:55:00;SC;282;321,9;CAMPOS NOVOS;Condutor Dormindo;Colisão com objeto;Sem Vítimas;Amanhecer;Crescente;Céu Claro;Simples;Reta;Não;1;0;0;0;1;0;0;1;-27,379398;-51,062583;SPRF-SC;DEL07-SC;UOP06-DEL07-SC
704860;15/07/2025;terça-feira;03:55:00;PE;232;62,5;POMBOS;Velocidade Incompatível;Tombamento;Sem Vítimas;Plena Noite;Decrescente;Céu Claro;Dupla;"Declive;Curva";Não;2;0;0;0;1;3;0;4;-8,159842;-35,431877;SPRF-PE;DEL02-PE;UOP02-DEL02PE
704861;15/07/2025;terça-feira;02:50:00;SC;101;385,9;ICARA;Neblina;Saída de leito carroçável;Com Vítimas Feridas;Plena Noite;Crescente;Nevoeiro/Neblina;Dupla;"Reta;Aclive";Não;1;0;1;0;0;0;1;1;-28,7844151;-49,33613;SPRF-SC;DEL02-SC;UOP02-DEL02-SC
704863;14/07/2025;segunda-feira;21:20:00;MT;158;694,5;BARRA DO GARCAS;Pedestre andava na pista;Atropelamento de Pedestre;Com Vítimas Feridas;Plena Noite;Decrescente;Céu Claro;Simples;Reta;Não;2;0;1;0;1;0;1;2;-15,022682;-52,24338;SPRF-MT;DEL07-MT;UOP01-DEL07-MT
704871;15/07/2025;terça-feira;06:47:00;RN;226;4;NATAL;Reação tardia ou ineficiente do condutor;Colisão traseira;Com Vítimas Feridas;Pleno dia;Crescente;Céu Claro;Simples;Reta;Não;2;0;1;0;1;0;1;2;-5,819151;-35,261821;SPRF-RN;DEL01-RN;UOP02-DEL01-RN
704876;15/07/2025;terça-feira;05:40:00;SP;381;89,5;GUARULHOS;Manobra de mudança de faixa;Colisão lateral mesmo sentido;Sem Vítimas;Amanhecer;Decrescente;Céu Claro;Múltipla;Reta;Sim;2;0;0;0;2;0;0;2;-23,49059;-46,5592;SPRF-SP;DEL03-SP;UOP01-DEL03-SP
704878;15/07/2025;terça-feira;08:00:00;MG;40;576;ITABIRITO;Manobra de mudança de faixa;Colisão traseira;Com Vítimas Feridas;Pleno dia;Crescente;Céu Claro;Simples;"Retorno Regulamentado;Reta";Não;4;0;1;0;0;3;1;4;-20,269428;-43,954262;SPRF-MG;DEL01-MG;UOP02-DEL01-MG
704879;15/07/2025;terça-feira;06:15:00;RJ;101;151;MACAE;Ultrapassagem Indevida;Colisão frontal;Com Vítimas Feridas;Amanhecer;Crescente;Céu Claro;Simples;Curva;Não;3;0;0;1;1;1;1;3;-22,24366218;-41,80194855;SPRF-RJ;DEL08-RJ;UOP04-DEL08-RJ
704891;15/07/2025;terça-feira;08:30:00;RJ;40;75;PETROPOLIS;Frear bruscamente;Colisão traseira;Sem Vítimas;Pleno dia;Crescente;Céu Claro;Simples;Reta;Não;2;0;0;0;1;1;0;2;-22,47072515;-43,23626518;SPRF-RJ;DEL01-RJ;UOP01-DEL01-RJ
704892;15/06/2025;domingo;19:00:00;AL;424;91,6;SATUBA;Velocidade Incompatível;Saída de leito carroçável;Com Vítimas Fatais;Plena Noite;Decrescente;Chuva;Simples;Rotatória;Não;2;1;0;0;0;2;0;3;-9,58967303;-35,87995095;SPRF-AL;DEL02-AL;UOP01-DEL02-AL
704894;15/07/2025;terça-feira;06:30:00;MT;163;557;DIAMANTINO;Ultrapassagem Indevida;Colisão frontal;Com Vítimas Feridas;Amanhecer;Crescente;Céu Claro;Simples;"Desvio Temporário;Reta";Não;11;0;6;0;4;1;6;4;-14,17519175;-56,09069824;SPRF-MT;DEL01-MT;UOP01-DEL01-MT
704896;15/07/2025;terça-feira;07:00:00;MG;116;209,9;CATUJI;Ausência de reação do condutor;Tombamento;Sem Vítimas;Pleno dia;Crescente;Céu Claro;Simples;Reta;Não;2;0;0;0;2;0;0;1;-17,322768;-41,524657;SPRF-MG;DEL11-MG;UOP01-DEL11-MG