id;data_inversa;dia_semana;horario;uf;br;km;municipio;causa_acidente;tipo_acidente;classificacao_acidente;fase_dia;sentido_via;condicao_metereologica;tipo_pista;tracado_via;uso_solo;pessoas;mortos;feridos_leves;feridos_graves;ilesos;ignorados;feridos;veiculos;latitude;longitude;regional;delegacia;uop
704903;15/07/2025;terça-feira;09:15:00;GO;153;69;PORANGATU;Acessar a via sem observar a presença dos outros veículos;Colisão transversal;Com Vítimas Feridas;Pleno dia;Decrescente;Céu Claro;Simples;Interseção de Vias;Sim;4;0;1;1;1;3;2;5;-13,44117493;-49,13281113;SPRF-GO;DEL07-GO;UOP01-DEL07-GO
704907;15/07/2025;terça-feira;09:40:00;RS;293;14,9;CAPAO DO LEAO;Conversão proibida;Tombamento;Com Vítimas Fatais;Pleno dia;Crescente;Nevoeiro/Neblina;Simples;Reta;Sim;3;1;0;0;2;0;0;2;-31,75019063;-52,47233391;SPRF-RS;DEL07-RS;UOP01-DEL07-RS
704909;15/07/2025;terça-feira;07:40:00;PI;135;340;SANTA LUZ;Reação tardia ou ineficiente do condutor;Tombamento;Com Vítimas Feridas;Pleno dia;Decrescente;Céu Claro;Simples;Curva;Não;3;0;1;0;1;2;1;4;-9,00190836;-44,30253983;SPRF-PI;DEL03-PI;UOP02-DEL03-PI
704921;15/07/2025;terça-feira;10:30:00;SC;101;362,8;SANGAO;Ausência de reação do condutor;Colisão traseira;Com Vítimas Feridas;Pleno dia;Crescente;Nevoeiro/Neblina;Dupla;Declive;Não;4;0;1;0;2;1;1;4;-28,67956035;-49,14094042;SPRF-SC;DEL02-SC;UOP01-DEL02-SC
704928;15/07/2025;terça-feira;12:03:00;GO;60;79;ANAPOLIS;Acessar a via sem observar a presença dos outros veículos;Colisão lateral mesmo sentido;Com Vítimas Feridas;Pleno dia;Crescente;Céu Claro;Dupla;Reta;Sim;5;0;1;0;3;2;1;5;-16,2996048;-48,81023979;SPRF-GO;DEL02-GO;UOP01-DEL02-GO
704931;15/07/2025;terça-feira;10:00:00;ES;101;17,5;PEDRO CANARIO;Velocidade Incompatível;Colisão frontal;Com Vítimas Fatais;Pleno dia;Decrescente;Céu Claro;Simples;Curva;Não;11;1;8;0;0;16;8;21;-18,3066359;-39,9573907;SPRF-ES;DEL04-ES;UOP02-DEL04-ES
704932;15/07/2025;terça-feira;12:09:00;SC;101;196,5;BIGUACU;Condutor deixou de manter distância do veículo da frente;Engavetamento;Com Vítimas Feridas;Pleno dia;Decrescente;Céu Claro;Múltipla;Curva;Sim;5;0;0;2;2;1;2;5;-27,51782925;-48,63872264;SPRF-SC;DEL01-SC;UOP01-DEL01-SC
704933;15/07/2025;terça-feira;09:05:00;MG;381;872,7;POUSO ALEGRE;Ausência de reação do condutor;Saída de leito carroçável;Com Vítimas Feridas;Pleno dia;Decrescente;Céu Claro;Dupla;Reta;Não;3;0;1;1;0;1;2;2;-22,3973272;-45,959856;SPRF-MG;DEL16-MG;UOP01-DEL16-MG
704938;15/07/2025;terça-feira;09:45:00;PR;476;265,4;SAO MATEUS DO SUL;Ausência de reação do condutor;Colisão lateral sentido oposto;Com Vítimas Feridas;Pleno dia;Crescente;Sol;Simples;Curva;Não;6;0;2;2;1;1;4;3;-25,89152761;-50,31006424;SPRF-PR;DEL02-PR;UOP03-DEL02-PR
704939;15/07/2025;terça-feira;13:00:00;RS;290;90,8;PORTO ALEGRE;Manobra de mudança de faixa;Colisão lateral mesmo sentido;Com Vítimas Feridas;Pleno dia;Decrescente;Céu Claro;Dupla;Reta;Sim;2;0;1;0;1;0;1;2;-29,97072875;-51,17196123;SPRF-RS;DEL01-RS;UOP01-DEL01-RS
704943;15/07/2025;terça-feira;13:30:00;SC;101;189;BIGUACU;Ausência de reação do condutor;Tombamento;Com Vítimas Feridas;Pleno dia;Crescente;Céu Claro;Múltipla;Reta;Não;2;0;1;0;0;1;1;2;-27,4651332;-48,64208472;SPRF-SC;DEL01-SC;UOP01-DEL01-SC
704945;15/07/2025;terça-feira;13:20:00;SP;153;38,7;ONDA VERDE;Ausência de reação do condutor;Tombamento;Com Vítimas Feridas;Pleno dia;Decrescente;Céu Claro;Simples;"Reta;Em Obras";Não;5;0;3;1;0;1;4;3;-20,609923;-49,327653;SPRF-SP;DEL09-SP;UOP01-DEL09-SP
704947;07/07/2025;segunda-feira;16:30:00;BA;135;31;FORMOSA DO RIO PRETO;Demais falhas mecânicas ou elétricas;Colisão traseira;Com Vítimas Feridas;Pleno dia;Decrescente;Céu Claro;Simples;"Aclive;Reta";Não;4;0;1;0;2;2;1;5;-11,07642374;-45,16032458;SPRF-BA;DEL10-BA;UOP01-DEL10-BA
704955;15/07/2025;terça-feira;13:40:00;PI;316;46;LAGOA DO PIAUI;Ausência de reação do condutor;Colisão lateral sentido oposto;Com Vítimas Feridas;Pleno dia;Crescente;Céu Claro;Simples;Declive;Não;7;0;1;0;6;0;1;3;-5,44785778;-42,63381958;SPRF-PI;DEL01-PI;UOP02-DEL01-PI
704957;15/07/2025;terça-feira;10:30:00;PR;163;151;SANTA LUCIA;Condutor deixou de manter distância do veículo da frente;Colisão traseira;Com Vítimas Feridas;Pleno dia;Decrescente;Céu Claro;Dupla;"Aclive;Curva";Não;6;0;3;0;2;1;3;3;-25,39273183;-53,57620141;SPRF-PR;DEL05-PR;UOP05-DEL05-PR
704958;15/07/2025;terça-feira;14:25:00;ES;259;62,4;COLATINA;Pedestre andava na pista;Atropelamento de Pedestre;Com Vítimas Feridas;Pleno dia;Crescente;Céu Claro;Simples;Reta;Não;2;0;0;1;1;0;1;2;-19,52439724;-40,70305109;SPRF-ES;DEL02-ES;UOP01-DEL02-ES
704959;10/04/2025;quinta-feira;10:15:00;MG;50;192,5;DELTA;Ausência de reação do condutor;Colisão traseira;Com Vítimas Feridas;Pleno dia;Crescente;Céu Claro;Dupla;Reta;Não;4;0;1;0;2;5;1;8;-19,92300385;-47,82443047;SPRF-MG;DEL13-MG;UOP01-DEL13-MG
704973;15/07/2025;terça-feira;07:20:00;MT;364;533;ROSARIO OESTE;Condutor Dormindo;Colisão frontal;Com Vítimas Fatais;Amanhecer;Decrescente;Céu Claro;Simples;Reta;Não;5;1;2;1;0;1;3;3;-14,91363;-56,472776;SPRF-MT;DEL01-MT;UOP01-DEL01-MT
704974;15/07/2025;terça-feira;15:04:00;RS;386;219;TIO HUGO;Condutor deixou de manter distância do veículo da frente;Engavetamento;Com Vítimas Feridas;Pleno dia;Crescente;Sol;Simples;Reta;Não;10;0;4;0;4;2;4;6;-28,614719;-52,610862;SPRF-RS;DEL04-RS;UOP03-DEL04-RS
704975;15/07/2025;terça-feira;15:23:00;RS;386;218;TIO HUGO;Transitar na contramão;Colisão transversal;Com Vítimas Feridas;Pleno dia;Crescente;Sol;Simples;"Reta;Em Obras";Não;5;0;3;0;2;0;3;2;-28,61383616;-52,61022091;SPRF-RS;DEL04-RS;UOP03-DEL04-RS
704981;15/07/2025;terça-feira;16:40:00;SP;116;190;SANTA ISABEL;Demais falhas mecânicas ou elétricas;Incêndio;Sem Vítimas;Pleno dia;Decrescente;Céu Claro;Múltipla;"Declive;Reta";Sim;2;0;0;0;1;1;0;2;-23,37692981;-46,24846745;SPRF-SP;DEL01-SP;UOP01-DEL01-SP
704985;15/07/2025;terça-feira;14:10:00;PA;316;53;CASTANHAL;Ausência de reação do condutor;Colisão com objeto;Sem Vítimas;Pleno dia;Crescente;Céu Claro;Dupla;Em Obras;Não;7;0;0;0;5;3;0;4;-1,3041664;-48,0149504;SPRF-PA;DEL01-PA;UOP01-DEL01-PA
704986;15/07/2025;terça-feira;17:15:00;SC;101;134;BALNEARIO CAMBORIU;Reação tardia ou ineficiente do condutor;Colisão traseira;Com Vítimas Feridas;Pleno dia;Decrescente;Céu Claro;Dupla;Reta;Sim;4;0;1;0;2;2;1;5;-27,00101981;-48,63853455;SPRF-SC;DEL04-SC;UOP03-DEL04-SC
704991;15/07/2025;terça-feira;17:30:00;RS;290;69;GRAVATAI;Manobra de mudança de faixa;Colisão lateral mesmo sentido;Com Vítimas Feridas;Anoitecer;Crescente;Nublado;Dupla;Reta;Não;3;0;1;0;1;1;1;3;-29,94541534;-50,94843149;SPRF-RS;DEL03-RS;UOP01-DEL03-RS
704999;15/07/2025;terça-feira;11:00:00;PR;163;152,2;SANTA LUCIA;Condutor deixou de manter distância do veículo da frente;Colisão traseira;Com Vítimas Feridas;Pleno dia;Decrescente;Céu Claro;Dupla;Reta;Não;2;0;1;0;1;0;1;2;-25,37784174;-53,57542992;SPRF-PR;DEL05-PR;UOP05-DEL05-PR
705007;15/07/2025;terça-feira;18:40:00;RS;386;251;SOLEDADE;Acessar a via sem observar a presença dos outros veículos;Colisão transversal;Com Vítimas Feridas;Plena Noite;Crescente;Céu Claro;Simples;Reta;Não;3;0;2;0;1;0;2;2;-28,837955;-52,451523;SPRF-RS;DEL04-RS;UOP03-DEL04-RS
705008;15/07/2025;terça-feira;11:15:00;MG;251;334;RUBELITA;Condutor Dormindo;Saída de leito carroçável;Com Vítimas Feridas;Pleno dia;Decrescente;Céu Claro;Simples;"Declive;Curva";Não;1;0;1;0;0;0;1;1;-16,265758;-42,412858;SPRF-MG;DEL12-MG;UOP02-DEL12-MG
705009;15/07/2025;terça-feira;17:00:00;RS;392;678,7;SAO PEDRO DO BUTIA;Acessar a via sem observar a presença dos outros veículos;Colisão transversal;Com Vítimas Feridas;Pleno dia;Decrescente;Sol;Simples;Interseção de Vias;Não;3;0;1;0;1;1;1;3;-28,12863645;-54,897485;SPRF-RS;DEL10-RS;UOP01-DEL10-RS
705012;15/07/2025;terça-feira;16:45:00;PA;316;94;SAO FRANCISCO DO PARA;Ausência de reação do condutor;Colisão traseira;Com Vítimas Feridas;Pleno dia;Decrescente;Céu Claro;Simples;Reta;Não;3;0;1;0;2;0;1;2;-1,326108;-47,654182;SPRF-PA;DEL01-PA;UOP02-DEL01-PA
705013;15/07/2025;terça-feira;18:10:00;RJ;116;175;SAO JOAO DE MERITI;Condutor deixou de manter distância do veículo da frente;Engavetamento;Com Vítimas Feridas;Plena Noite;Crescente;Céu Claro;Múltipla;Reta;Sim;5;0;2;0;3;0;2;5;-22,78789342;-43,3764267;SPRF-RJ;DEL06-RJ;UOP01-DEL06-RJ
705017;15/07/2025;terça-feira;15:25:00;SC;163;101,2;SAO JOSE DO CEDRO;Retorno proibido;Colisão traseira;Com Vítimas Feridas;Pleno dia;Decrescente;Céu Claro;Simples;"Reta;Declive";Não;2;0;0;1;1;0;1;2;-26,47741526;-53,50677459;SPRF-SC;DEL07-SC;UOP03-DEL07-SC
705037;15/07/2025;terça-feira;17:30:00;MG;354;715;POUSO ALTO;Ausência de reação do condutor;Colisão lateral sentido oposto;Com Vítimas Feridas;Pleno dia;Crescente;Céu Claro;Simples;Curva;Não;3;0;0;1;1;1;1;3;-22,08113733;-44,94325429;SPRF-MG;DEL17-MG;UOP01-DEL17-MG
705039;15/07/2025;terça-feira;19:00:00;RS;116;247,5;SAO LEOPOLDO;Reação tardia ou ineficiente do condutor;Colisão com objeto;Sem Vítimas;Plena Noite;Decrescente;Céu Claro;Dupla;Curva;Sim;1;0;0;0;1;0;0;1;-29,76926171;-51,15339015;SPRF-RS;DEL01-RS;UOP02-DEL01-RS
705040;15/07/2025;terça-feira;19:30:00;PE;101;179,7;JOAQUIM NABUCO;Ausência de reação do condutor;Saída de leito carroçável;Sem Vítimas;Plena Noite;Crescente;Céu Claro;Dupla;Reta;Não;2;0;0;0;1;1;0;2;-8,634304;-35,56096;SPRF-PE;DEL01-PE;UOP03-DEL01-PE
705049;15/07/2025;terça-feira;20:35:00;BA;135;39;FORMOSA DO RIO PRETO;Reação tardia ou ineficiente do condutor;Colisão frontal;Com Vítimas Feridas;Plena Noite;Decrescente;Céu Claro;Simples;Declive;Não;3;0;1;0;0;3;1;4;-11,115;-45,106;SPRF-BA;DEL10-BA;UOP01-DEL10-BA
705052;15/07/2025;terça-feira;20:35:00;GO;60;38;ALEXANIA;Reação tardia ou ineficiente do condutor;Saída de leito carroçável;Com Vítimas Feridas;Plena Noite;Decrescente;Céu Claro;Dupla;"Reta;Aclive";Não;2;0;1;0;0;1;1;2;-16,113338;-48,557833;SPRF-DF;DEL03-DF;UOP01-DEL03-DF
705054;15/07/2025;terça-feira;19:30:00;GO;364;312;MINEIROS;Acessar a via sem observar a presença dos outros veículos;Colisão transversal;Com Vítimas Feridas;Plena Noite;Crescente;Céu Claro;Simples;"Reta;Rotatória";Não;3;0;1;0;0;4;1;5;-17,4724757;-52,5740321;SPRF-GO;DEL05-GO;UOP01-DEL05-GO
705057;15/07/2025;terça-feira;21:00:00;PR;116;48;CAMPINA GRANDE DO SUL;Acessar a via sem observar a presença dos outros veículos;Colisão transversal;Com Vítimas Feridas;Plena Noite;Decrescente;Nublado;Dupla;Curva;Não;4;0;1;0;2;1;1;3;-25,217;-48,904;SPRF-PR;DEL01-PR;UOP02-DEL01-PR
705065;15/07/2025;terça-feira;19:25:00;RN;304;176;ANGICOS;Ausência de reação do condutor;Colisão com objeto;Com Vítimas Feridas;Plena Noite;Decrescente;Céu Claro;Simples;"Reta;Ponte";Não;1;0;1;0;0;0;1;1;-5,689755;-36,348825;SPRF-RN;DEL01-RN;UOP03-DEL01-RN
705071;15/07/2025;terça-feira;22:10:00;PR;376;380,9;IMBAU;Ausência de reação do condutor;Saída de leito carroçável;Com Vítimas Feridas;Plena Noite;Crescente;Céu Claro;Simples;"Aclive;Reta";Não;2;0;1;0;0;1;1;2;-24,411603;-50,783987;SPRF-PR;DEL03-PR;UOP02-DEL03-PR
705074;15/07/2025;terça-feira;19:05:00;AL;416;18,9;COLONIA LEOPOLDINA;Demais falhas na via;Tombamento;Com Vítimas Fatais;Plena Noite;Decrescente;Nublado;Simples;"Em Obras;Curva";Não;2;1;0;0;0;1;0;2;-8,93966469;-35,78392379;SPRF-AL;DEL01-AL;UOP02-DEL01-AL
705077;16/07/2025;quarta-feira;00:00:00;SC;158;135,7;PALMITOS;Velocidade Incompatível;Tombamento;Com Vítimas Feridas;Plena Noite;Crescente;Céu Claro;Simples;"Aclive;Curva;Rotatória";Não;2;0;1;0;0;1;1;2;-27,07962488;-53,22508547;SPRF-SC;DEL07-SC;UOP02-DEL07-SC
705082;16/07/2025;quarta-feira;02:30:00;SP;116;514;CAJATI;Reação tardia ou ineficiente do condutor;Colisão com objeto;Com Vítimas Feridas;Plena Noite;Decrescente;Céu Claro;Simples;"Aclive;Curva";Não;1;0;1;0;0;0;1;1;-24,861937;-48,214495;SPRF-SP;DEL05-SP;UOP02-DEL05-SP
705083;16/07/2025;quarta-feira;04:00:00;ES;101;273;SERRA;Ausência de reação do condutor;Colisão traseira;Com Vítimas Feridas;Plena Noite;Crescente;Céu Claro;Dupla;Reta;Sim;3;0;0;1;1;1;1;3;-20,21588308;-40,2808214;SPRF-ES;DEL02-ES;UOP01-DEL02-ES
705084;16/07/2025;quarta-feira;02:10:00;RS;285;355,1;CARAZINHO;Ingestão de álcool pelo condutor;Colisão lateral sentido oposto;Com Vítimas Feridas;Plena Noite;Decrescente;Céu Claro;Simples;Reta;Não;3;0;0;1;1;1;1;3;-28,34608652;-52,92869568;SPRF-RS;DEL08-RS;UOP03-DEL08-RS
705088;16/07/2025;quarta-feira;04:30:00;RS;101;28;TRES CACHOEIRAS;Ausência de reação do condutor;Saída de leito carroçável;Com Vítimas Feridas;Plena Noite;Decrescente;Nevoeiro/Neblina;Dupla;"Curva;Declive";Não;2;0;1;0;0;1;1;2;-29,46947971;-49,95708704;SPRF-RS;DEL03-RS;UOP02-DEL03-RS
705089;16/07/2025;quarta-feira;04:30:00;CE;222;302;TIANGUA;Reação tardia ou ineficiente do condutor;Tombamento;Com Vítimas Feridas;Amanhecer;Decrescente;Nevoeiro/Neblina;Simples;"Curva;Declive";Não;1;0;0;1;0;0;1;1;-3,663358;-40,949455;SPRF-CE;DEL04-CE;UOP02-DEL04-CE
705091;16/07/2025;quarta-feira;00:00:00;MG;50;204;DELTA;Condutor Dormindo;Colisão traseira;Com Vítimas Feridas;Plena Noite;Decrescente;Nublado;Dupla;"Aclive;Reta";Não;3;0;0;1;1;3;1;5;-19,95932105;-47,79915031;SPRF-MG;DEL13-MG;UOP01-DEL13-MG
705096;16/07/2025;quarta-feira;06:45:00;PR;277;119;CAMPO LARGO;Transitar no Acostamento;Atropelamento de Pedestre;Com Vítimas Feridas;Pleno dia;Decrescente;Céu Claro;Dupla;Reta;Não;3;0;0;1;2;0;1;2;-25,447;-49,473;SPRF-PR;DEL03-PR;UOP03-DEL03-PR
705097;16/07/2025;quarta-feira;06:50:00;PR;476;152;ARAUCARIA;Ausência de reação do condutor;Colisão traseira;Com Vítimas Feridas;Pleno dia;Decrescente;Céu Claro;Dupla;Reta;Sim;2;0;1;0;1;0;1;2;-25,5712292;-49,3863269;SPRF-PR;DEL01-PR;UOP06-DEL01-PR
705098;16/07/2025;quarta-feira;05:50:00;PR;373;184,9;PONTA GROSSA;Ausência de reação do condutor;Saída de leito carroçável;Com Vítimas Feridas;Plena Noite;Decrescente;Nublado;Simples;Curva;Não;2;0;1;0;0;2;1;3;-25,047315;-50,290348;SPRF-PR;DEL03-PR;UOP01-DEL03-PR
705108;16/07/2025;quarta-feira;07:45:00;ES;101;145,6;LINHARES;Manobra de mudança de faixa;Colisão lateral mesmo sentido;Com Vítimas Feridas;Pleno dia;Decrescente;Céu Claro;Múltipla;"Reta;Declive";Sim;2;0;1;0;1;0;1;2;-19,3664892;-40,0649349;SPRF-ES;DEL04-ES;UOP01-DEL04-ES
705114;16/07/2025;quarta-feira;06:30:00;SC;116;59,8;PAPANDUVA;Velocidade Incompatível;Colisão frontal;Com Vítimas Feridas;Amanhecer;Crescente;Nublado;Simples;"Reta;Aclive";Não;3;0;1;0;1;1;1;3;-26,3817096;-50,2147357;SPRF-SC;DEL06-SC;UOP02-DEL06-SC
705118;02/07/2025;quarta-feira;12:44:00;SC;282;640;IRACEMINHA;Reação tardia ou ineficiente do condutor;Colisão lateral mesmo sentido;Com Vítimas Feridas;Pleno dia;Decrescente;Céu Claro;Simples;"Reta;Ponte";Não;4;0;2;0;1;1;2;4;-26,82110702;-53,38284228;SPRF-SC;DEL07-SC;UOP03-DEL07-SC
705121;08/06/2025;domingo;09:00:00;PA;163;251;NOVO PROGRESSO;Reação tardia ou ineficiente do condutor;Tombamento;Com Vítimas Feridas;Pleno dia;Crescente;Céu Claro;Simples;Reta;Não;3;0;1;0;1;3;1;5;-7,508029;-55,26115;SPRF-PA;DEL05-PA;UOP03-DEL05-PA
705125;16/07/2025;quarta-feira;07:45:00;PR;277;596,8;CASCAVEL;Manobra de mudança de faixa;Colisão lateral mesmo sentido;Com Vítimas Feridas;Pleno dia;Decrescente;Nublado;Dupla;Reta;Sim;2;0;1;0;1;0;1;2;-24,99278105;-53,51168039;SPRF-PR;DEL04-PR;UOP01-DEL04-PR
705132;16/07/2025;quarta-feira;15:20:00;SP;116;213;GUARULHOS;Reação tardia ou ineficiente do condutor;Colisão traseira;Com Vítimas Feridas;Pleno dia;Crescente;Céu Claro;Dupla;Reta;Não;2;0;1;0;1;0;1;2;-23,440424;-46,439419;SPRF-SP;DEL01-SP;UOP01-DEL01-SP
705135;16/07/2025;quarta-feira;10:10:00;BA;324;608;SIMOES FILHO;Reação tardia ou ineficiente do condutor;Colisão traseira;Sem Vítimas;Pleno dia;Crescente;Céu Claro;Múltipla;Reta;Sim;9;0;0;0;9;0;0;6;-12,81480855;-38,40582702;SPRF-BA;DEL01-BA;UOP01-DEL01-BA
705137;16/07/2025;quarta-feira;09:20:00;MG;381;619;OLIVEIRA;Demais falhas mecânicas ou elétricas;Saída de leito carroçável;Com Vítimas Feridas;Pleno dia;Decrescente;Sol;Dupla;Reta;Não;2;0;2;0;0;0;2;1;-20,75194029;-44,77375031;SPRF-MG;DEL04-MG;UOP01-DEL04-MG
705142;16/07/2025;quarta-feira;10:30:00;SC;101;119;ITAJAI;Condutor deixou de manter distância do veículo da frente;Engavetamento;Com Vítimas Feridas;Pleno dia;Crescente;Céu Claro;Dupla;Reta;Não;4;0;1;0;2;1;1;4;-26,89838616;-48,71795509;SPRF-SC;DEL04-SC;UOP04-DEL04-SC
705161;16/07/2025;quarta-feira;11:50:00;SC;101;151;PORTO BELO;Condutor deixou de manter distância do veículo da frente;Colisão traseira;Com Vítimas Feridas;Pleno dia;Decrescente;Céu Claro;Dupla;Reta;Sim;3;0;1;0;1;1;1;3;-27,13627275;-48,61002669;SPRF-SC;DEL04-SC;UOP03-DEL04-SC
705162;16/07/2025;quarta-feira;13:45:00;PR;277;443,4;LARANJEIRAS DO SUL;Ausência de reação do condutor;Colisão traseira;Com Vítimas Feridas;Pleno dia;Decrescente;Céu Claro;Simples;Reta;Não;6;0;4;0;1;1;4;3;-25,37170642;-52,31421916;SPRF-PR;DEL04-PR;UOP02-DEL04-PR
705164;16/07/2025;quarta-feira;13:40:00;MG;50;176;UBERABA;Ausência de reação do condutor;Colisão traseira;Com Vítimas Feridas;Pleno dia;Crescente;Céu Claro;Dupla;Declive;Sim;4;0;1;0;1;3;1;5;-19,77931385;-47,9550104;SPRF-MG;DEL13-MG;UOP01-DEL13-MG
705167;16/07/2025;quarta-feira;13:30:00;GO;60;98,8;ANAPOLIS;Condutor deixou de manter distância do veículo da frente;Colisão traseira;Com Vítimas Feridas;Pleno dia;Crescente;Céu Claro;Dupla;Reta;Não;2;0;0;1;1;0;1;2;-16,39205995;-48,9587456;SPRF-GO;DEL02-GO;UOP01-DEL02-GO
705170;16/07/2025;quarta-feira;13:40:00;PE;104;41;CARUARU;Reação tardia ou ineficiente do condutor;Tombamento;Com Vítimas Feridas;Pleno dia;Decrescente;Céu Claro;Dupla;"Declive;Curva";Não;2;0;1;0;0;1;1;2;-8,094091;-36,033404;SPRF-PE;DEL02-PE;UOP01-DEL02-PE
705172;16/07/2025;quarta-feira;12:40:00;MG;381;203,2;NAQUE;Problema com o freio;Incêndio;Sem Vítimas;Pleno dia;Decrescente;Sol;Simples;Reta;Não;1;0;0;0;1;0;0;1;-19,19056868;-42,27333069;SPRF-MG;DEL06-MG;UOP01-DEL06-MG
705176;28/06/2025;sábado;19:45:00;SP;381;66;MAIRIPORA;Ingestão de álcool pelo condutor;Colisão traseira;Sem Vítimas;Plena Noite;Crescente;Céu Claro;Dupla;Reta;Não;5;0;0;0;4;1;0;3;-23,31683196;-46,58252287;SPRF-SP;DEL03-SP;UOP01-DEL03-SP
705178;16/07/2025;quarta-feira;15:30:00;SC;101;210,3;SAO JOSE;Manobra de mudança de faixa;Colisão traseira;Com Vítimas Feridas;Pleno dia;Crescente;Céu Claro;Múltipla;Reta;Sim;4;0;1;0;2;1;1;3;-27,618966;-48,647862;SPRF-SC;DEL01-SC;UOP01-DEL01-SC
705185;16/07/2025;quarta-feira;10:30:00;MT;163;946;NOVA SANTA HELENA;Reação tardia ou ineficiente do condutor;Colisão traseira;Sem Vítimas;Pleno dia;Crescente;Céu Claro;Simples;Reta;Não;4;0;0;0;3;1;0;4;-10,9023;-55,1982;SPRF-MT;DEL06-MT;UOP02-DEL06-MT
705187;16/07/2025;quarta-feira;15:08:00;TO;153;240;COLINAS DO TOCANTINS;Ausência de reação do condutor;Colisão traseira;Sem Vítimas;Pleno dia;Decrescente;Céu Claro;Simples;"Reta;Aclive";Não;2;0;0;0;2;0;0;2;-7,999283;-48,464775;SPRF-TO;DEL02-TO;UOP01-DEL02-TO
705188;16/07/2025;quarta-feira;12:15:00;RJ;116;314;RESENDE;Reação tardia ou ineficiente do condutor;Engavetamento;Com Vítimas Feridas;Pleno dia;Decrescente;Céu Claro;Dupla;Reta;Sim;4;0;1;0;3;0;1;3;-22,461152;-44,475187;SPRF-RJ;DEL07-RJ;UOP02-DEL07-RJ
705189;16/07/2025;quarta-feira;14:50:00;MG;381;791,9;SAO GONCALO DO SAPUCAI;Velocidade Incompatível;Tombamento;Com Vítimas Feridas;Pleno dia;Crescente;Céu Claro;Dupla;Curva;Não;1;0;1;0;0;0;1;1;-21,8961985;-45,5508136;SPRF-MG;DEL16-MG;UOP02-DEL16-MG
705190;16/07/2025;quarta-feira;15:00:00;RS;386;44,1;SEBERI;Ultrapassagem Indevida;Colisão frontal;Com Vítimas Feridas;Pleno dia;Decrescente;Nublado;Simples;Reta;Não;6;0;4;0;1;1;4;4;-27,43926;-53,41787;SPRF-RS;DEL08-RS;UOP02-DEL08-RS
705191;16/07/2025;quarta-feira;07:45:00;BA;116;376;SANTA BARBARA;Condutor Dormindo;Tombamento;Com Vítimas Feridas;Amanhecer;Crescente;Nublado;Simples;Reta;Não;2;0;1;0;0;1;1;2;-11,83967277;-38,98095131;SPRF-BA;DEL02-BA;UOP01-DEL02-BA
705193;16/07/2025;quarta-feira;12:00:00;BA;242;921;LUIS EDUARDO MAGALHAES;Acessar a via sem observar a presença dos outros veículos;Colisão transversal;Com Vítimas Feridas;Pleno dia;Crescente;Céu Claro;Simples;Interseção de Vias;Não;5;0;4;0;1;0;4;2;-12,11420917;-45,97034723;SPRF-BA;DEL10-BA;UOP01-DEL10-BA
705194;16/07/2025;quarta-feira;15:30:00;SC;101;394,2;CRICIUMA;Acessar a via sem observar a presença dos outros veículos;Colisão lateral mesmo sentido;Com Vítimas Feridas;Pleno dia;Crescente;Céu Claro;Múltipla;"Retorno Regulamentado;Reta";Não;6;0;1;0;4;1;1;3;-28,826502;-49,40728;SPRF-SC;DEL02-SC;UOP02-DEL02-SC
705195;16/07/2025;quarta-feira;16:10:00;CE;116;6;FORTALEZA;Acessar a via sem observar a presença dos outros veículos;Colisão lateral mesmo sentido;Com Vítimas Feridas;Pleno dia;Decrescente;Sol;Múltipla;Reta;Sim;3;0;1;0;1;1;1;3;-3,801476;-38,504174;SPRF-CE;DEL01-CE;UOP02-DEL01-CE
705196;19/06/2025;quinta-feira;16:30:00;PB;230;419;POMBAL;Acessar a via sem observar a presença dos outros veículos;Colisão transversal;Com Vítimas Feridas;Pleno dia;Decrescente;Céu Claro;Simples;Interseção de Vias;Não;3;0;0;1;1;1;1;3;-6,7154261;-37,83541113;SPRF-PB;DEL03-PB;UOP02-DEL03-PB
705198;16/07/2025;quarta-feira;15:10:00;SC;101;431,4;SOMBRIO;Manobra de mudança de faixa;Colisão lateral mesmo sentido;Com Vítimas Feridas;Pleno dia;Crescente;Céu Claro;Múltipla;Reta;Sim;3;0;1;0;1;1;1;3;-29,07467778;-49,62766483;SPRF-SC;DEL02-SC;UOP02-DEL02-SC
705201;16/07/2025;quarta-feira;16:50:00;MA;135;50;BACABEIRA;Ausência de reação do condutor;Colisão traseira;Sem Vítimas;Pleno dia;Decrescente;Céu Claro;Dupla;Reta;Não;2;0;0;0;0;2;0;2;-2,96644;-44,31944;SPRF-MA;DEL01-MA;UOP01-DEL01-MA
705202;16/07/2025;quarta-feira;15:45:00;SC;282;394;JOACABA;Reação tardia ou ineficiente do condutor;Colisão frontal;Com Vítimas Feridas;Pleno dia;Crescente;Céu Claro;Simples;"Curva;Aclive";Não;4;0;0;1;1;2;1;4;-27,158993;-51,574703;SPRF-SC;DEL07-SC;UOP05-DEL07-SC
705204;16/07/2025;quarta-feira;17:20:00;PR;277;454,2;LARANJEIRAS DO SUL;Acessar a via sem observar a presença dos outros veículos;Colisão transversal;Com Vítimas Feridas;Pleno dia;Decrescente;Céu Claro;Simples;"Curva;Declive;Interseção de Vias";Não;3;0;1;0;1;1;1;3;-25,385383;-52,413753;SPRF-PR;DEL04-PR;UOP02-DEL04-PR