id;data_inversa;dia_semana;horario;uf;br;km;municipio;causa_acidente;tipo_acidente;classificacao_acidente;fase_dia;sentido_via;condicao_metereologica;tipo_pista;tracado_via;uso_solo;pessoas;mortos;feridos_leves;feridos_graves;ilesos;ignorados;feridos;veiculos;latitude;longitude;regional;delegacia;uop
705467;18/07/2025;sexta-feira;06:00:00;BA;20;35;CORRENTINA;Manobra de mudança de faixa;Colisão frontal;Com Vítimas Fatais;Pleno dia;Decrescente;Céu Claro;Simples;Reta;Não;2;1;0;0;1;0;0;2;-13,65408;-46,136017;SPRF-BA;DEL10-BA;UOP02-DEL10-BA
705469;17/07/2025;quinta-feira;17:15:00;RJ;40;95;DUQUE DE CAXIAS;Mal súbito do condutor;Colisão frontal;Com Vítimas Feridas;Anoitecer;Crescente;Céu Claro;Simples;Curva;Sim;2;0;1;1;0;0;2;1;-22,56743271;-43,27641383;SPRF-RJ;DEL01-RJ;UOP01-DEL01-RJ
705470;18/07/2025;sexta-feira;07:50:00;PB;230;27,7;JOAO PESSOA;Trafegar com motocicleta (ou similar) entre as faixas;Colisão lateral mesmo sentido;Com Vítimas Fatais;Pleno dia;Decrescente;Sol;Dupla;Reta;Sim;3;1;1;0;1;0;1;2;-7,164957;-34,892978;SPRF-PB;DEL01-PB;UOP01-DEL01-PB
705474;14/07/2025;segunda-feira;20:13:00;RJ;116;130;MAGE;Acessar a via sem observar a presença dos outros veículos;Colisão transversal;Com Vítimas Feridas;Plena Noite;Crescente;Céu Claro;Dupla;Reta;Sim;2;0;1;0;1;0;1;2;-22,66423459;-43,11344147;SPRF-RJ;DEL04-RJ;UOP02-DEL04-RJ
705479;18/07/2025;sexta-feira;08:40:00;ES;262;76,4;DOMINGOS MARTINS;Reação tardia ou ineficiente do condutor;Saída de leito carroçável;Com Vítimas Fatais;Pleno dia;Crescente;Céu Claro;Simples;Curva;Não;3;1;0;1;0;1;1;2;-20,410259;-40,917099;SPRF-ES;DEL01-ES;UOP02-DEL01-ES
705483;18/07/2025;sexta-feira;08:50:00;MG;381;841;SAO SEBASTIAO DA BELA VISTA;Condutor Dormindo;Saída de leito carroçável;Com Vítimas Feridas;Pleno dia;Crescente;Céu Claro;Dupla;"Declive;Reta";Não;1;0;1;0;0;0;1;1;-22,16897584;-45,83602602;SPRF-MG;DEL16-MG;UOP01-DEL16-MG
705486;18/07/2025;sexta-feira;03:00:00;MG;365;139;VARZEA DA PALMA;Reação tardia ou ineficiente do condutor;Tombamento;Com Vítimas Feridas;Pleno dia;Crescente;Céu Claro;Simples;Reta;Não;2;0;1;0;0;1;1;2;-17,18671501;-44,80911255;SPRF-MG;DEL12-MG;UOP01-DEL12-MG
705491;18/07/2025;sexta-feira;08:20:00;TO;242;446;FORMOSO DO ARAGUAIA;Estacionar ou parar em local proibido;Colisão lateral mesmo sentido;Com Vítimas Feridas;Pleno dia;Crescente;Céu Claro;Simples;"Declive;Reta";Não;3;0;1;0;2;0;1;2;-11,81904884;-49,46662903;SPRF-TO;DEL01-TO;UOP02-DEL01-TO
705493;18/07/2025;sexta-feira;07:50:00;RJ;40;31;PETROPOLIS;Velocidade Incompatível;Tombamento;Com Vítimas Feridas;Pleno dia;Decrescente;Nublado;Dupla;Curva;Não;3;0;1;0;1;1;1;2;-22,28224;-43,1259648;SPRF-RJ;DEL05-RJ;UOP02-DEL05-RJ
705494;18/07/2025;sexta-feira;09:20:00;RS;386;53,2;SEBERI;Demais falhas mecânicas ou elétricas;Colisão com objeto;Com Vítimas Feridas;Pleno dia;Decrescente;Nublado;Simples;Reta;Não;5;0;1;0;3;1;1;3;-27,509653;-53,379528;SPRF-RS;DEL08-RS;UOP02-DEL08-RS
705495;18/07/2025;sexta-feira;08:58:00;BA;116;11;VITORIA DA CONQUISTA;Desrespeitar a preferência no cruzamento;Colisão transversal;Com Vítimas Feridas;Pleno dia;Decrescente;Céu Claro;Simples;"Reta;Rotatória";Sim;3;0;0;1;1;1;1;3;-14,87275713;-40,87136719;SPRF-BA;DEL08-BA;UOP01-DEL08-BA
705496;18/07/2025;sexta-feira;08:00:00;SP;116;450;REGISTRO;Condutor Dormindo;Saída de leito carroçável;Com Vítimas Feridas;Pleno dia;Decrescente;Céu Claro;Dupla;Reta;Sim;4;0;1;0;2;2;1;4;-24,54243869;-47,86039352;SPRF-SP;DEL05-SP;UOP01-DEL05-SP
705497;18/07/2025;sexta-feira;07:15:00;SP;116;113;TAUBATE;Reação tardia ou ineficiente do condutor;Colisão traseira;Com Vítimas Feridas;Pleno dia;Crescente;Sol;Dupla;Reta;Não;2;0;1;0;0;1;1;2;-23,04557147;-45,58705542;SPRF-SP;DEL02-SP;UOP02-DEL02-SP
705500;18/07/2025;sexta-feira;09:00:00;MG;381;780,7;SAO GONCALO DO SAPUCAI;Condutor deixou de manter distância do veículo da frente;Colisão lateral mesmo sentido;Com Vítimas Feridas;Pleno dia;Crescente;Céu Claro;Dupla;"Reta;Aclive";Não;3;0;0;1;1;1;1;3;-21,8387963;-45,51522875;SPRF-MG;DEL16-MG;UOP02-DEL16-MG
705510;18/07/2025;sexta-feira;10:20:00;SC;101;389,9;CRICIUMA;Reação tardia ou ineficiente do condutor;Colisão traseira;Com Vítimas Feridas;Pleno dia;Crescente;Nublado;Múltipla;Reta;Sim;6;0;1;1;3;1;2;5;-28,80469;-49,370977;SPRF-SC;DEL02-SC;UOP02-DEL02-SC
705513;16/07/2025;quarta-feira;18:00:00;MG;365;119,2;VARZEA DA PALMA;Demais falhas mecânicas ou elétricas;Incêndio;Sem Vítimas;Anoitecer;Crescente;Céu Claro;Simples;"Reta;Declive";Não;3;0;0;0;2;1;0;2;-17,13769254;-44,72146197;SPRF-MG;DEL12-MG;UOP01-DEL12-MG
705519;18/07/2025;sexta-feira;08:25:00;PR;277;548;CATANDUVAS;Velocidade Incompatível;Saída de leito carroçável;Com Vítimas Feridas;Pleno dia;Crescente;Sol;Simples;Reta;Não;1;0;1;0;0;0;1;1;-25,10526421;-53,10679436;SPRF-PR;DEL04-PR;UOP04-DEL04-PR
705522;18/07/2025;sexta-feira;10:44:00;AM;174;991;PRESIDENTE FIGUEIREDO;Reação tardia ou ineficiente do condutor;Colisão traseira;Com Vítimas Feridas;Pleno dia;Crescente;Céu Claro;Múltipla;Reta;Não;5;0;2;1;1;1;3;3;-2,042322;-60,025667;SPRF-AM;DEL01-AM;UOP02-DEL01-AM
705527;18/07/2025;sexta-feira;12:40:00;MG;40;519,9;RIBEIRAO DAS NEVES;Trafegar com motocicleta (ou similar) entre as faixas;Colisão traseira;Com Vítimas Feridas;Pleno dia;Crescente;Céu Claro;Dupla;Reta;Sim;2;0;0;1;1;0;1;2;-19,8402277;-44,0768954;SPRF-MG;DEL01-MG;UOP02-DEL01-MG
705536;18/07/2025;sexta-feira;14:20:00;PR;373;174;PONTA GROSSA;Ultrapassagem Indevida;Colisão lateral mesmo sentido;Sem Vítimas;Pleno dia;Crescente;Sol;Dupla;"Retorno Regulamentado;Reta";Sim;3;0;0;0;2;1;0;3;-25,07550155;-50,21020085;SPRF-PR;DEL03-PR;UOP01-DEL03-PR
705538;18/07/2025;sexta-feira;13:55:00;PB;230;99;GURINHEM;Reação tardia ou ineficiente do condutor;Colisão lateral mesmo sentido;Com Vítimas Feridas;Pleno dia;Decrescente;Céu Claro;Dupla;"Reta;Aclive";Não;3;0;1;0;2;0;1;2;-7,194563;-35,483117;SPRF-PB;DEL01-PB;UOP02-DEL01-PB
705540;18/07/2025;sexta-feira;13:15:00;MG;50;78;UBERLANDIA;Condutor deixou de manter distância do veículo da frente;Colisão lateral mesmo sentido;Com Vítimas Feridas;Pleno dia;Decrescente;Céu Claro;Dupla;Reta;Sim;4;0;2;0;1;1;2;3;-18,949508;-48,218767;SPRF-MG;DEL15-MG;UOP01-DEL15-MG
705541;18/07/2025;sexta-feira;14:40:00;PR;277;643;CEU AZUL;Condutor deixou de manter distância do veículo da frente;Colisão traseira;Sem Vítimas;Pleno dia;Decrescente;Céu Claro;Simples;Reta;Não;3;0;0;0;3;0;0;2;-25,1790527;-53,87591;SPRF-PR;DEL05-PR;UOP02-DEL05-PR
705547;18/07/2025;sexta-feira;14:21:00;MS;163;501;JARAGUARI;Demais falhas mecânicas ou elétricas;Incêndio;Sem Vítimas;Pleno dia;Crescente;Céu Claro;Simples;"Reta;Aclive";Não;1;0;0;0;1;0;0;1;-20,309022;-54,509137;SPRF-MS;DEL01-MS;UOP02-DEL01-MS
705548;18/07/2025;sexta-feira;12:50:00;MT;70;350;DOM AQUINO;Reação tardia ou ineficiente do condutor;Colisão lateral mesmo sentido;Com Vítimas Feridas;Pleno dia;Decrescente;Sol;Simples;Reta;Não;7;0;2;0;4;3;2;5;-15,495305;-54,892055;SPRF-MT;DEL05-MT;UOP02-DEL05-MT
705561;18/07/2025;sexta-feira;14:30:00;MG;116;566;MANHUACU;Ausência de reação do condutor;Colisão transversal;Com Vítimas Feridas;Pleno dia;Crescente;Céu Claro;Simples;"Declive;Curva";Não;2;0;0;1;1;0;1;2;-20,08286636;-42,18423128;SPRF-MG;DEL06-MG;UOP03-DEL06-MG
705565;24/06/2025;terça-feira;09:00:00;PR;369;435,9;UBIRATA;Ultrapassagem Indevida;Colisão frontal;Com Vítimas Feridas;Pleno dia;Decrescente;Céu Claro;Simples;"Reta;Declive";Não;7;0;3;1;2;2;4;8;-24,55118293;-53,02276611;SPRF-PR;DEL04-PR;UOP03-DEL04-PR
705571;18/07/2025;sexta-feira;16:05:00;SC;470;134;RIO DO SUL;Ultrapassagem Indevida;Colisão lateral mesmo sentido;Com Vítimas Feridas;Pleno dia;Decrescente;Céu Claro;Simples;Interseção de Vias;Não;3;0;1;0;2;0;1;2;-27,1722507;-49,5810834;SPRF-SC;DEL04-SC;UOP02-DEL04-SC
705572;18/07/2025;sexta-feira;14:00:00;BA;242;302;IBIQUERA;Reação tardia ou ineficiente do condutor;Colisão traseira;Com Vítimas Feridas;Pleno dia;Decrescente;Céu Claro;Simples;"Reta;Em Obras";Não;2;0;1;0;1;0;1;2;-12,46277229;-40,89960694;SPRF-BA;DEL06-BA;UOP02-DEL06-BA
705577;18/07/2025;sexta-feira;13:20:00;RJ;116;226;PIRAI;Manobra de mudança de faixa;Colisão lateral mesmo sentido;Com Vítimas Feridas;Pleno dia;Crescente;Céu Claro;Simples;Em Obras;Não;6;0;1;0;4;1;1;3;-22,66987767;-43,81763935;SPRF-RJ;DEL07-RJ;UOP01-DEL07-RJ
705586;18/07/2025;sexta-feira;11:38:00;SC;282;420;VARGEM BONITA;Transitar na contramão;Colisão frontal;Com Vítimas Fatais;Pleno dia;Decrescente;Sol;Simples;Curva;Não;5;3;2;0;0;0;2;2;-27,016223;-51,735482;SPRF-SC;DEL07-SC;UOP05-DEL07-SC
705590;29/05/2025;quinta-feira;06:00:00;PI;343;628;FLORIANO;Ausência de reação do condutor;Saída de leito carroçável;Com Vítimas Fatais;Pleno dia;Crescente;Céu Claro;Simples;Reta;Não;1;1;0;0;0;0;0;1;-6,980556;-43,272556;SPRF-PI;DEL03-PI;UOP01-DEL03-PI
705591;18/07/2025;sexta-feira;04:15:00;BA;116;546;MILAGRES;Manobra de mudança de faixa;Colisão frontal;Com Vítimas Feridas;Amanhecer;Crescente;Nublado;Simples;Reta;Não;4;0;1;1;1;1;2;3;-12,90472246;-39,86165679;SPRF-BA;DEL03-BA;UOP02-DEL03-BA
705592;18/07/2025;sexta-feira;18:35:00;SP;116;111;TAUBATE;Reação tardia ou ineficiente do condutor;Engavetamento;Com Vítimas Feridas;Plena Noite;Crescente;Céu Claro;Dupla;Reta;Sim;4;0;1;0;3;0;1;3;-23,03943325;-45,56309223;SPRF-SP;DEL02-SP;UOP02-DEL02-SP
705600;18/07/2025;sexta-feira;06:15:00;AL;104;53;MURICI;Reação tardia ou ineficiente do condutor;Saída de leito carroçável;Com Vítimas Feridas;Amanhecer;Decrescente;Nublado;Simples;Reta;Não;2;0;2;0;0;0;2;1;-9,26000372;-35,9733367;SPRF-AL;DEL01-AL;UOP02-DEL01-AL
705601;18/07/2025;sexta-feira;19:00:00;SP;381;20;BRAGANCA PAULISTA;Frear bruscamente;Colisão traseira;Sem Vítimas;Plena Noite;Decrescente;Céu Claro;Dupla;Curva;Não;3;0;0;0;2;1;0;3;-22,98595304;-46,50575617;SPRF-SP;DEL03-SP;UOP02-DEL03-SP
705602;18/07/2025;sexta-feira;18:30:00;MG;40;516,9;RIBEIRAO DAS NEVES;Frear bruscamente;Saída de leito carroçável;Com Vítimas Feridas;Plena Noite;Crescente;Céu Claro;Dupla;Curva;Sim;2;0;2;0;0;0;2;1;-19,8211668;-44,08529073;SPRF-MG;DEL01-MG;UOP02-DEL01-MG
705605;18/07/2025;sexta-feira;16:00:00;PR;277;48;MORRETES;Demais falhas mecânicas ou elétricas;Incêndio;Sem Vítimas;Pleno dia;Crescente;Céu Claro;Dupla;Reta;Não;2;0;0;0;1;2;0;3;-25,591375;-48,922313;SPRF-PR;DEL01-PR;UOP05-DEL01-PR
705617;18/07/2025;sexta-feira;17:40:00;MG;40;586,7;ITABIRITO;Avarias e/ou desgaste excessivo no pneu;Colisão frontal;Com Vítimas Fatais;Anoitecer;Crescente;Céu Claro;Simples;"Declive;Curva";Não;6;1;1;1;2;2;2;6;-20,34859036;-43,92229915;SPRF-MG;DEL01-MG;UOP02-DEL01-MG
705619;18/07/2025;sexta-feira;19:20:00;AL;104;36;UNIAO DOS PALMARES;Acessar a via sem observar a presença dos outros veículos;Saída de leito carroçável;Com Vítimas Feridas;Plena Noite;Decrescente;Nublado;Simples;Reta;Não;7;0;1;0;6;0;1;3;-9,173994;-36,02815954;SPRF-AL;DEL01-AL;UOP02-DEL01-AL
705625;18/07/2025;sexta-feira;16:10:00;PI;316;330;GEMINIANO;Ausência de reação do condutor;Colisão com objeto;Sem Vítimas;Pleno dia;Crescente;Céu Claro;Simples;Reta;Não;2;0;0;0;1;1;0;2;-7,104362;-41,29327;SPRF-PI;DEL04-PI;UOP01-DEL04-PI
705626;18/07/2025;sexta-feira;18:10:00;MG;251;283,1;SALINAS;Demais falhas mecânicas ou elétricas;Saída de leito carroçável;Com Vítimas Feridas;Anoitecer;Crescente;Céu Claro;Simples;Reta;Não;2;0;1;0;0;1;1;2;-16,03084154;-42,10672552;SPRF-MG;DEL12-MG;UOP02-DEL12-MG
705636;18/07/2025;sexta-feira;19:08:00;RO;364;664;CANDEIAS DO JAMARI;Transitar na contramão;Colisão frontal;Com Vítimas Fatais;Plena Noite;Decrescente;Céu Claro;Simples;Reta;Não;6;3;2;0;0;2;2;4;-8,79481525;-63,4678899;SPRF-RO;DEL01-RO;UOP01-DEL01-RO
705639;18/07/2025;sexta-feira;19:50:00;SC;101;197;BIGUACU;Velocidade Incompatível;Colisão com objeto;Com Vítimas Feridas;Plena Noite;Decrescente;Céu Claro;Dupla;"Curva;Declive";Sim;3;0;1;0;1;1;1;3;-27,5193179;-48,63750156;SPRF-SC;DEL01-SC;UOP01-DEL01-SC
705645;18/07/2025;sexta-feira;20:10:00;RO;429;46;ALVORADA DOESTE;Transitar na contramão;Colisão frontal;Com Vítimas Fatais;Plena Noite;Crescente;Céu Claro;Simples;Reta;Não;3;1;0;0;1;3;0;5;-11,315243;-62,255858;SPRF-RO;DEL02-RO;UOP03-DEL02-RO
705657;24/06/2025;terça-feira;07:00:00;PR;476;316;PAULO FRONTIN;Condutor Dormindo;Saída de leito carroçável;Sem Vítimas;Amanhecer;Decrescente;Nevoeiro/Neblina;Simples;Curva;Não;2;0;0;0;1;1;0;2;-26,03488251;-50,69469452;SPRF-PR;DEL02-PR;UOP03-DEL02-PR
705662;18/07/2025;sexta-feira;20:30:00;RS;153;499,2;CACAPAVA DO SUL;Ausência de reação do condutor;Saída de leito carroçável;Com Vítimas Feridas;Plena Noite;Crescente;Céu Claro;Simples;"Em Obras;Curva";Não;2;0;1;0;0;1;1;2;-30,4971776;-53,4839296;SPRF-RS;DEL09-RS;UOP02-DEL09-RS
705664;18/07/2025;sexta-feira;20:00:00;GO;364;386;SANTA RITA DO ARAGUAIA;Acostamento em desnível;Queda de ocupante de veículo;Com Vítimas Feridas;Plena Noite;Decrescente;Céu Claro;Simples;Reta;Sim;3;0;1;0;1;1;1;3;-17,323408;-53,208458;SPRF-GO;DEL05-GO;UOP01-DEL05-GO
705666;18/07/2025;sexta-feira;23:30:00;SP;116;203;ARUJA;Reação tardia ou ineficiente do condutor;Saída de leito carroçável;Sem Vítimas;Plena Noite;Crescente;Nublado;Dupla;Aclive;Não;1;0;0;0;1;0;0;1;-23,41084303;-46,34956805;SPRF-SP;DEL01-SP;UOP01-DEL01-SP
705672;19/07/2025;sábado;00:30:00;BA;324;353;CAPIM GROSSO;Ausência de reação do condutor;Tombamento;Com Vítimas Feridas;Plena Noite;Crescente;Nublado;Simples;Rotatória;Sim;1;0;1;0;0;0;1;1;-11,382889;-40,004523;SPRF-BA;DEL04-BA;UOP02-DEL04-BA
705676;19/07/2025;sábado;02:24:00;SP;116;366;MIRACATU;Acessar a via sem observar a presença dos outros veículos;Colisão transversal;Com Vítimas Feridas;Plena Noite;Decrescente;Céu Claro;Dupla;"Reta;Interseção de Vias";Não;5;0;1;1;1;2;2;3;-24,146072;-47,2927952;SPRF-SP;DEL04-SP;UOP02-DEL04-SP
705678;18/07/2025;sexta-feira;23:10:00;CE;222;150;IRAUCUBA;Condutor Dormindo;Saída de leito carroçável;Sem Vítimas;Plena Noite;Decrescente;Céu Claro;Simples;Reta;Não;2;0;0;0;1;1;0;2;-3,7449774;-39,79510903;SPRF-CE;DEL04-CE;UOP03-DEL04-CE
705681;19/07/2025;sábado;02:15:00;PR;163;38,2;SANTO ANTONIO DO SUDOESTE;Ingestão de álcool pelo condutor;Colisão frontal;Com Vítimas Feridas;Plena Noite;Crescente;Céu Claro;Simples;"Curva;Declive";Não;3;0;0;1;1;1;1;3;-26,04244;-53,728714;SPRF-PR;DEL02-PR;UOP02-DEL02-PR
705688;19/07/2025;sábado;04:28:00;PE;423;22;SAO CAITANO;Velocidade Incompatível;Saída de leito carroçável;Com Vítimas Feridas;Amanhecer;Crescente;Garoa/Chuvisco;Simples;Curva;Não;2;0;1;0;0;1;1;2;-8,353959;-36,171916;SPRF-PE;DEL03-PE;UOP02-DEL03-PE
705691;19/07/2025;sábado;00:35:00;RS;116;308;GUAIBA;Ausência de reação do condutor;Tombamento;Com Vítimas Feridas;Plena Noite;Decrescente;Nublado;Simples;Curva;Não;2;0;1;0;0;1;1;2;-30,1812107;-51,3951497;SPRF-RS;DEL02-RS;UOP01-DEL02-RS
705699;19/07/2025;sábado;05:50:00;MG;262;524;LUZ;Acessar a via sem observar a presença dos outros veículos;Colisão transversal;Com Vítimas Feridas;Pleno dia;Crescente;Céu Claro;Simples;Reta;Sim;3;0;1;0;1;1;1;3;-19,7844251;-45,6877293;SPRF-MG;DEL08-MG;UOP03-DEL08-MG
705702;19/07/2025;sábado;03:50:00;PI;222;14,4;SAO JOAO DA FRONTEIRA;Demais falhas mecânicas ou elétricas;Incêndio;Sem Vítimas;Amanhecer;Crescente;Céu Claro;Simples;"Reta;Aclive";Não;2;0;0;0;1;1;0;2;-3,976351;-41,342221;SPRF-PI;DEL02-PI;UOP01-DEL02-PI
705704;19/07/2025;sábado;05:10:00;PE;101;178;JOAQUIM NABUCO;Transitar na contramão;Colisão frontal;Com Vítimas Feridas;Amanhecer;Decrescente;Chuva;Dupla;Reta;Não;3;0;0;2;0;1;2;3;-8,629849;-35,559498;SPRF-PE;DEL01-PE;UOP03-DEL01-PE
705707;19/07/2025;sábado;06:30:00;PR;376;384;IMBAU;Desrespeitar a preferência no cruzamento;Colisão lateral mesmo sentido;Sem Vítimas;Amanhecer;Crescente;Céu Claro;Dupla;Reta;Não;3;0;0;0;1;2;0;3;-24,43523826;-50,76445341;SPRF-PR;DEL03-PR;UOP02-DEL03-PR
705718;19/07/2025;sábado;07:55:00;SP;116;347;MIRACATU;Ausência de reação do condutor;Tombamento;Com Vítimas Feridas;Amanhecer;Crescente;Céu Claro;Dupla;"Declive;Ponte";Não;2;0;1;0;0;1;1;2;-24,0504863;-47,2078315;SPRF-SP;DEL04-SP;UOP03-DEL04-SP
705722;19/07/2025;sábado;08:20:00;MG;50;74,9;UBERLANDIA;Reação tardia ou ineficiente do condutor;Colisão traseira;Com Vítimas Feridas;Pleno dia;Crescente;Céu Claro;Dupla;Aclive;Sim;7;0;1;1;5;0;2;4;-18,91735884;-48,22292525;SPRF-MG;DEL15-MG;UOP01-DEL15-MG
705730;19/07/2025;sábado;08:10:00;SP;116;116;TAUBATE;Ausência de reação do condutor;Engavetamento;Com Vítimas Feridas;Pleno dia;Decrescente;Nevoeiro/Neblina;Dupla;Reta;Sim;4;0;0;1;2;1;1;4;-23,05476075;-45,61088179;SPRF-SP;DEL02-SP;UOP02-DEL02-SP
705731;19/07/2025;sábado;07:30:00;PR;277;217,5;PALMEIRA;Ausência de reação do condutor;Colisão traseira;Com Vítimas Feridas;Pleno dia;Decrescente;Céu Claro;Simples;Reta;Não;5;0;3;0;2;0;3;2;-25,42126088;-50,08872986;SPRF-PR;DEL08-PR;UOP02-DEL08-PR
705732;19/07/2025;sábado;06:45:00;RS;285;271;MATO CASTELHANO;Pedestre - Ingestão de álcool/ substâncias psicoativas;Atropelamento de Pedestre;Com Vítimas Feridas;Pleno dia;Crescente;Nublado;Simples;Reta;Sim;2;0;0;1;1;0;1;2;-28,28041321;-52,18261242;SPRF-RS;DEL08-RS;UOP03-DEL08-RS
705733;19/07/2025;sábado;06:25:00;PR;277;298,3;PRUDENTOPOLIS;Reação tardia ou ineficiente do condutor;Saída de leito carroçável;Com Vítimas Feridas;Amanhecer;Crescente;Nevoeiro/Neblina;Dupla;"Declive;Reta";Não;3;0;2;1;0;0;3;2;-25,29259747;-51,1315282;SPRF-PR;DEL08-PR;UOP01-DEL08-PR
705738;19/07/2025;sábado;07:30:00;MG;262;513,8;LUZ;Acessar a via sem observar a presença dos outros veículos;Colisão transversal;Com Vítimas Feridas;Pleno dia;Decrescente;Sol;Simples;Interseção de Vias;Sim;2;0;0;1;1;0;1;2;-19,78257472;-45,66202283;SPRF-MG;DEL08-MG;UOP03-DEL08-MG
705742;19/07/2025;sábado;08:20:00;RJ;40;84;PETROPOLIS;Reação tardia ou ineficiente do condutor;Tombamento;Sem Vítimas;Pleno dia;Crescente;Nublado;Simples;"Declive;Curva";Não;2;0;0;0;1;1;0;2;-22,53167686;-43,23537445;SPRF-RJ;DEL01-RJ;UOP01-DEL01-RJ
705743;19/07/2025;sábado;09:40:00;SC;101;180;BIGUACU;Acessar a via sem observar a presença dos outros veículos;Colisão lateral mesmo sentido;Com Vítimas Feridas;Pleno dia;Crescente;Sol;Simples;Reta;Sim;2;0;1;0;1;0;1;2;-27,4704051;-48,6410993;SPRF-SC;DEL01-SC;UOP01-DEL01-SC
705750;19/07/2025;sábado;10:20:00;PE;101;70;RECIFE;Manobra de mudança de faixa;Colisão lateral mesmo sentido;Com Vítimas Feridas;Pleno dia;Crescente;Nublado;Dupla;Reta;Sim;2;0;1;0;0;1;1;2;-8,071229;-34,942539;SPRF-PE;DEL01-PE;UOP01-DEL01-PE
705755;19/07/2025;sábado;07:50:00;RN;304;33;MOSSORO;Demais falhas mecânicas ou elétricas;Incêndio;Com Vítimas Feridas;Pleno dia;Crescente;Céu Claro;Dupla;Reta;Não;3;0;1;0;1;1;1;3;-5,144428;-37,34663;SPRF-RN;DEL04-RN;UOP02-DEL04-RN
705756;19/07/2025;sábado;09:20:00;MT;163;1044;MATUPA;Transitar na contramão;Colisão transversal;Sem Vítimas;Pleno dia;Crescente;Céu Claro;Simples;Reta;Não;3;0;0;0;2;1;0;3;-10,1233375;-54,9326307;SPRF-MT;DEL06-MT;UOP03-DEL06-MT
705757;19/07/2025;sábado;05:30:00;MG;267;254,9;SERITINGA;Transitar na contramão;Colisão frontal;Com Vítimas Feridas;Amanhecer;Decrescente;Céu Claro;Simples;Curva;Não;4;0;1;0;3;0;1;2;-21,931841;-44,5244801;SPRF-MG;DEL17-MG;UOP01-DEL17-MG
705764;19/07/2025;sábado;09:00:00;GO;60;172;ABADIA DE GOIAS;Demais falhas mecânicas ou elétricas;Tombamento;Sem Vítimas;Pleno dia;Crescente;Céu Claro;Dupla;"Reta;Declive";Sim;1;0;0;0;1;0;0;1;-16,80170726;-49,39122772;SPRF-GO;DEL01-GO;UOP02-DEL01-GO
705768;19/07/2025;sábado;06:35:00;PR;376;374,4;ORTIGUEIRA;Velocidade Incompatível;Tombamento;Sem Vítimas;Amanhecer;Decrescente;Céu Claro;Simples;"Ponte;Curva";Não;2;0;0;0;1;2;0;3;-24,3625983;-50,80843091;SPRF-PR;DEL07-PR;UOP02-DEL07-PR
705784;19/07/2025;sábado;10:25:00;GO;153;154;CAMPINORTE;Ultrapassagem Indevida;Colisão lateral sentido oposto;Com Vítimas Feridas;Pleno dia;Decrescente;Céu Claro;Simples;Reta;Não;7;0;0;1;5;2;1;6;-14,1269206;-49,10957336;SPRF-GO;DEL07-GO;UOP02-DEL07-GO
705785;19/07/2025;sábado;12:20:00;PR;277;249,6;IRATI;Acessar a via sem observar a presença dos outros veículos;Colisão transversal;Com Vítimas Fatais;Pleno dia;Decrescente;Céu Claro;Simples;Reta;Sim;4;1;0;0;1;2;0;4;-25,45214873;-50,65788388;SPRF-PR;DEL08-PR;UOP02-DEL08-PR
705794;19/07/2025;sábado;14:25:00;MG;116;770,1;LEOPOLDINA;Velocidade Incompatível;Tombamento;Com Vítimas Feridas;Pleno dia;Crescente;Céu Claro;Simples;Curva;Não;2;0;1;0;0;1;1;2;-21,55164673;-42,6773986;SPRF-MG;DEL07-MG;UOP01-DEL07-MG
705795;19/07/2025;sábado;14:00:00;SP;116;355,2;MIRACATU;Pedestre andava na pista;Atropelamento de Pedestre;Com Vítimas Feridas;Pleno dia;Decrescente;Céu Claro;Dupla;"Curva;Aclive";Não;3;0;0;1;1;2;1;4;-24,08336881;-47,25314916;SPRF-SP;DEL04-SP;UOP03-DEL04-SP
705800;22/06/2025;domingo;02:10:00;PR;116;101;SAO JOSE DOS PINHAIS;Avarias e/ou desgaste excessivo no pneu;Colisão traseira;Com Vítimas Feridas;Plena Noite;Decrescente;Chuva;Dupla;Reta;Não;4;0;1;0;2;1;1;3;-25,57052849;-49,19020526;SPRF-PR;DEL01-PR;UOP07-DEL01-PR
705801;15/07/2025;terça-feira;09:00:00;RS;386;386,2;TABAI;Reação tardia ou ineficiente do condutor;Colisão traseira;Com Vítimas Feridas;Pleno dia;Crescente;Céu Claro;Dupla;Reta;Não;2;0;1;0;1;0;1;2;-29,69140808;-51,71020031;SPRF-RS;DEL04-RS;UOP01-DEL04-RS
705802;19/07/2025;sábado;08:25:00;MT;174;3;PONTES E LACERDA;Reação tardia ou ineficiente do condutor;Colisão traseira;Com Vítimas Feridas;Pleno dia;Decrescente;Céu Claro;Simples;Reta;Sim;4;0;1;0;3;0;1;2;-15,24070748;-59,33568746;SPRF-MT;DEL04-MT;UOP01-DEL04-MT
705806;19/07/2025;sábado;14:00:00;PR;277;51;SAO JOSE DOS PINHAIS;Reação tardia ou ineficiente do condutor;Colisão lateral mesmo sentido;Com Vítimas Feridas;Pleno dia;Crescente;Céu Claro;Múltipla;"Aclive;Reta";Não;5;0;1;0;3;3;1;5;-25,56137094;-49,01694998;SPRF-PR;DEL01-PR;UOP05-DEL01-PR
705812;19/07/2025;sábado;11:20:00;PI;316;308,6;PICOS;Transitar no Acostamento;Tombamento;Com Vítimas Feridas;Pleno dia;Crescente;Céu Claro;Simples;Reta;Sim;2;0;0;1;0;1;1;2;-7,07794642;-41,48663181;SPRF-PI;DEL04-PI;UOP01-DEL04-PI