id;data_inversa;dia_semana;horario;uf;br;km;municipio;causa_acidente;tipo_acidente;classificacao_acidente;fase_dia;sentido_via;condicao_metereologica;tipo_pista;tracado_via;uso_solo;pessoas;mortos;feridos_leves;feridos_graves;ilesos;ignorados;feridos;veiculos;latitude;longitude;regional;delegacia;uop
705826;19/07/2025;sábado;14:40:00;SP;116;415,2;JUQUIA;Demais falhas mecânicas ou elétricas;Incêndio;Sem Vítimas;Pleno dia;Crescente;Céu Claro;Dupla;Reta;Sim;1;0;0;0;1;0;0;1;-24,33051772;-47,62985229;SPRF-SP;DEL05-SP;UOP01-DEL05-SP
705828;19/07/2025;sábado;16:00:00;MG;365;626,7;UBERLANDIA;Ultrapassagem Indevida;Colisão com objeto;Sem Vítimas;Pleno dia;Crescente;Nublado;Dupla;"Aclive;Reta";Sim;2;0;0;0;1;3;0;4;-18,906454;-48,3189778;SPRF-MG;DEL15-MG;UOP01-DEL15-MG
705829;19/07/2025;sábado;12:40:00;BA;242;199;ITABERABA;Reação tardia ou ineficiente do condutor;Colisão traseira;Com Vítimas Feridas;Pleno dia;Crescente;Céu Claro;Simples;Reta;Não;3;0;0;1;0;2;1;3;-12,52029587;-39,99555588;SPRF-BA;DEL06-BA;UOP02-DEL06-BA
705830;19/07/2025;sábado;16:00:00;PR;277;109;CURITIBA;Condutor Dormindo;Saída de leito carroçável;Com Vítimas Feridas;Pleno dia;Crescente;Céu Claro;Dupla;Reta;Não;3;0;1;0;1;2;1;3;-25,42695913;-49,38421774;SPRF-PR;DEL01-PR;UOP06-DEL01-PR
705833;19/07/2025;sábado;14:00:00;MT;364;1160;CAMPOS DE JULIO;Ultrapassagem Indevida;Colisão frontal;Com Vítimas Fatais;Pleno dia;Decrescente;Céu Claro;Simples;Reta;Não;3;1;1;0;0;3;1;5;-13,58993009;-59,08069611;SPRF-MT;DEL04-MT;UOP02-DEL04-MT
705835;19/07/2025;sábado;16:40:00;MG;40;300;TRES MARIAS;Velocidade Incompatível;Tombamento;Com Vítimas Feridas;Pleno dia;Decrescente;Céu Claro;Simples;"Aclive;Curva";Não;2;0;1;0;0;1;1;2;-18,3501867;-45,0932933;SPRF-MG;DEL14-MG;UOP02-DEL14-MG
705836;19/07/2025;sábado;07:40:00;AL;101;44;FLEXEIRAS;Velocidade Incompatível;Tombamento;Com Vítimas Feridas;Pleno dia;Decrescente;Céu Claro;Dupla;Curva;Não;3;0;2;0;0;1;2;2;-9,195248;-35,787156;SPRF-AL;DEL01-AL;UOP02-DEL01-AL
705840;19/07/2025;sábado;14:50:00;RS;290;183;MINAS DO LEAO;Acessar a via sem observar a presença dos outros veículos;Colisão transversal;Com Vítimas Feridas;Pleno dia;Crescente;Céu Claro;Simples;Interseção de Vias;Sim;5;0;3;1;1;0;4;3;-30,14431682;-52,04626534;SPRF-RS;DEL02-RS;UOP03-DEL02-RS
705841;19/07/2025;sábado;17:02:00;PE;101;48;ABREU E LIMA;Reação tardia ou ineficiente do condutor;Colisão lateral mesmo sentido;Com Vítimas Feridas;Anoitecer;Decrescente;Ignorado;Múltipla;Reta;Sim;4;0;2;0;1;1;2;3;-7,895268;-34,902795;SPRF-PE;DEL01-PE;UOP02-DEL01-PE
705843;19/07/2025;sábado;18:00:00;BA;116;917;ENCRUZILHADA;Acessar a via sem observar a presença dos outros veículos;Atropelamento de Pedestre;Com Vítimas Fatais;Plena Noite;Crescente;Céu Claro;Simples;Reta;Não;3;1;0;0;1;1;0;3;-15,569922;-41,270066;SPRF-BA;DEL08-BA;UOP03-DEL08-BA
705853;19/07/2025;sábado;16:20:00;PI;407;468,7;JAICOS;Acessar a via sem observar a presença dos outros veículos;Tombamento;Com Vítimas Feridas;Pleno dia;Crescente;Céu Claro;Simples;Reta;Sim;4;0;0;2;1;2;2;4;-7,352645;-41,14361;SPRF-PI;DEL04-PI;UOP01-DEL04-PI
705862;19/07/2025;sábado;12:15:00;TO;153;337;GUARAI;Transitar na contramão;Colisão frontal;Com Vítimas Fatais;Pleno dia;Decrescente;Céu Claro;Simples;Reta;Não;4;1;1;0;0;2;1;4;-8,865261;-48,508394;SPRF-TO;DEL02-TO;UOP02-DEL02-TO
705863;19/07/2025;sábado;17:22:00;RO;364;690,9;CANDEIAS DO JAMARI;Frear bruscamente;Engavetamento;Sem Vítimas;Pleno dia;Crescente;Sol;Dupla;Reta;Não;4;0;0;0;3;3;0;6;-8,79802881;-63,7061104;SPRF-RO;DEL01-RO;UOP01-DEL01-RO
705867;19/07/2025;sábado;18:55:00;SP;153;67;SAO JOSE DO RIO PRETO;Ingestão de álcool pelo condutor;Colisão traseira;Sem Vítimas;Plena Noite;Decrescente;Céu Claro;Dupla;Curva;Não;2;0;0;0;2;0;0;2;-20,85073088;-49,37965679;SPRF-SP;DEL09-SP;UOP01-DEL09-SP
705871;19/07/2025;sábado;19:00:00;ES;262;53;MARECHAL FLORIANO;Ingestão de álcool pelo condutor;Colisão frontal;Com Vítimas Feridas;Plena Noite;Crescente;Garoa/Chuvisco;Simples;Curva;Não;3;0;0;1;1;1;1;3;-20,413946;-40,733933;SPRF-ES;DEL01-ES;UOP01-DEL01-ES
705872;19/07/2025;sábado;18:15:00;MG;40;634,1;CONSELHEIRO LAFAIETE;Condutor deixou de manter distância do veículo da frente;Colisão lateral mesmo sentido;Com Vítimas Feridas;Anoitecer;Crescente;Nublado;Simples;Curva;Não;2;0;1;0;0;1;1;2;-20,718;-43,796;SPRF-MG;DEL05-MG;UOP02-DEL05-MG
705876;19/07/2025;sábado;16:01:00;GO;153;85;PORANGATU;Reação tardia ou ineficiente do condutor;Colisão traseira;Com Vítimas Feridas;Pleno dia;Decrescente;Céu Claro;Simples;Reta;Não;7;0;1;0;5;1;1;3;-13,55257;-49,08867;SPRF-GO;DEL07-GO;UOP01-DEL07-GO
705878;19/07/2025;sábado;17:00:00;BA;101;789;ITAMARAJU;Ultrapassagem Indevida;Colisão transversal;Com Vítimas Feridas;Anoitecer;Crescente;Céu Claro;Simples;"Declive;Reta";Não;5;0;2;0;2;1;2;3;-16,880917;-39,51368;SPRF-BA;DEL09-BA;UOP01-DEL09-BA
705885;19/07/2025;sábado;16:30:00;MT;70;282;PRIMAVERA DO LESTE;Reação tardia ou ineficiente do condutor;Colisão transversal;Com Vítimas Feridas;Pleno dia;Decrescente;Céu Claro;Dupla;Reta;Sim;3;0;0;1;1;2;1;4;-15,5774787;-54,3787719;SPRF-MT;DEL05-MT;UOP01-DEL05-MT
705896;19/07/2025;sábado;20:30:00;SC;101;148;ITAPEMA;Animais na Pista;Atropelamento de Animal;Com Vítimas Feridas;Plena Noite;Decrescente;Céu Claro;Dupla;Reta;Sim;2;0;1;0;1;0;1;2;-27,1048756;-48,61578941;SPRF-SC;DEL04-SC;UOP03-DEL04-SC
705900;19/07/2025;sábado;16:48:00;RO;364;483,7;ARIQUEMES;Reação tardia ou ineficiente do condutor;Engavetamento;Com Vítimas Feridas;Pleno dia;Decrescente;Céu Claro;Simples;"Reta;Aclive";Não;7;0;1;0;5;3;1;6;-10,1239053;-62,8943176;SPRF-RO;DEL03-RO;UOP01-DEL03-RO
705901;19/07/2025;sábado;19:00:00;RJ;116;126;MAGE;Reação tardia ou ineficiente do condutor;Colisão lateral mesmo sentido;Sem Vítimas;Plena Noite;Decrescente;Céu Claro;Dupla;Reta;Não;4;0;0;0;3;1;0;3;-22,65906701;-43,09079544;SPRF-RJ;DEL04-RJ;UOP02-DEL04-RJ
705904;19/07/2025;sábado;21:10:00;BA;116;394;SANTA BARBARA;Pedestre cruzava a pista fora da faixa;Atropelamento de Pedestre;Com Vítimas Fatais;Plena Noite;Crescente;Céu Claro;Dupla;Reta;Sim;3;1;0;0;1;1;0;3;-11,980462;-38,972282;SPRF-BA;DEL02-BA;UOP01-DEL02-BA
705908;19/07/2025;sábado;15:53:00;PR;153;54,2;SANTO ANTONIO DA PLATINA;Ultrapassagem Indevida;Colisão frontal;Com Vítimas Fatais;Pleno dia;Crescente;Céu Claro;Simples;Reta;Não;5;2;0;0;2;2;0;5;-23,39999716;-50,06024547;SPRF-PR;DEL07-PR;UOP04-DEL07-PR
705909;19/07/2025;sábado;20:45:00;SC;280;215;TRES BARRAS;Ingestão de álcool pelo condutor;Colisão traseira;Com Vítimas Feridas;Plena Noite;Crescente;Nevoeiro/Neblina;Simples;Reta;Não;3;0;0;1;1;1;1;3;-26,18321;-50,21686;SPRF-SC;DEL06-SC;UOP04-DEL06-SC
705913;19/07/2025;sábado;21:00:00;PR;487;18;ICARAIMA;Ultrapassagem Indevida;Colisão lateral sentido oposto;Com Vítimas Feridas;Plena Noite;Crescente;Nublado;Simples;"Reta;Aclive";Não;4;0;1;0;2;1;1;3;-23,37724101;-53,66306305;SPRF-PR;DEL06-PR;UOP03-DEL06-PR
705919;19/07/2025;sábado;18:50:00;MT;364;495,5;JANGADA;Condutor deixou de manter distância do veículo da frente;Colisão traseira;Sem Vítimas;Plena Noite;Crescente;Céu Claro;Simples;Reta;Sim;3;0;0;0;2;1;0;3;-15,3233368;-56,494383;SPRF-MT;DEL01-MT;UOP01-DEL01-MT
705926;19/07/2025;sábado;23:30:00;MG;381;705,7;LAVRAS;Velocidade Incompatível;Tombamento;Com Vítimas Feridas;Plena Noite;Crescente;Céu Claro;Dupla;Reta;Não;2;0;1;0;0;1;1;2;-21,32377704;-45,16654842;SPRF-MG;DEL04-MG;UOP02-DEL04-MG
705927;19/07/2025;sábado;19:55:00;RO;364;299;PRESIDENTE MEDICI;Ultrapassagem Indevida;Colisão lateral sentido oposto;Com Vítimas Feridas;Plena Noite;Decrescente;Céu Claro;Simples;Reta;Não;4;0;2;0;1;3;2;5;-11,254223;-61,902098;SPRF-RO;DEL02-RO;UOP01-DEL02-RO
705947;20/07/2025;domingo;03:45:00;CE;116;298,5;JAGUARIBE;Manobra de mudança de faixa;Colisão frontal;Com Vítimas Fatais;Plena Noite;Crescente;Céu Claro;Simples;Reta;Não;3;1;1;0;0;1;1;3;-5,838083;-38,558667;SPRF-CE;DEL05-CE;UOP02-DEL05-CE
705959;20/07/2025;domingo;04:50:00;MG;50;88,3;UBERLANDIA;Condutor Dormindo;Saída de leito carroçável;Com Vítimas Feridas;Plena Noite;Decrescente;Céu Claro;Dupla;Reta;Não;4;0;3;0;1;0;3;1;-19,01960337;-48,20584059;SPRF-MG;DEL15-MG;UOP01-DEL15-MG
705963;20/07/2025;domingo;04:15:00;GO;20;36;FORMOSA;Ultrapassagem Indevida;Colisão lateral sentido oposto;Sem Vítimas;Plena Noite;Crescente;Céu Claro;Simples;"Declive;Curva";Não;4;0;0;0;3;1;0;4;-15,4492451;-47,0973694;SPRF-DF;DEL02-DF;UOP02-DEL02-DF
705968;20/07/2025;domingo;01:35:00;PR;163;296;MARECHAL CANDIDO RONDON;Demais falhas mecânicas ou elétricas;Incêndio;Sem Vítimas;Plena Noite;Decrescente;Céu Claro;Simples;Reta;Não;2;0;0;0;1;1;0;2;-24,5236839;-54,06022159;SPRF-PR;DEL06-PR;UOP02-DEL06-PR
705979;20/07/2025;domingo;07:00:00;MG;381;665,9;SANTO ANTONIO DO AMPARO;Reação tardia ou ineficiente do condutor;Saída de leito carroçável;Com Vítimas Feridas;Amanhecer;Decrescente;Céu Claro;Dupla;Curva;Não;1;0;1;0;0;0;1;1;-20,9739586;-44,93466568;SPRF-MG;DEL04-MG;UOP02-DEL04-MG
705980;20/07/2025;domingo;05:40:00;RS;386;32,3;FREDERICO WESTPHALEN;Transitar na contramão;Colisão frontal;Com Vítimas Feridas;Amanhecer;Decrescente;Céu Claro;Simples;Reta;Não;2;0;1;0;1;0;1;2;-27,34062908;-53,38644218;SPRF-RS;DEL08-RS;UOP02-DEL08-RS
705981;19/07/2025;sábado;20:20:00;CE;222;205;SOBRAL;Velocidade Incompatível;Tombamento;Com Vítimas Feridas;Plena Noite;Decrescente;Céu Claro;Simples;Curva;Não;3;0;1;1;0;1;2;2;-3,7189593;-40,3323186;SPRF-CE;DEL04-CE;UOP01-DEL04-CE
705987;20/07/2025;domingo;05:05:00;MT;163;889;CLAUDIA;Demais falhas mecânicas ou elétricas;Incêndio;Sem Vítimas;Amanhecer;Crescente;Céu Claro;Simples;Aclive;Não;2;0;0;0;1;3;0;4;-11,39994;-55,346692;SPRF-MT;DEL06-MT;UOP02-DEL06-MT
705988;16/07/2025;quarta-feira;14:05:00;SC;280;41;ARAQUARI;Ausência de reação do condutor;Colisão lateral mesmo sentido;Com Vítimas Feridas;Pleno dia;Crescente;Céu Claro;Dupla;Reta;Não;3;0;2;0;1;0;2;2;-26,450506;-48,870018;SPRF-SC;DEL03-SC;UOP03-DEL03-SC
705989;20/07/2025;domingo;04:30:00;CE;20;11;PARAMBU;Ausência de sinalização;Colisão lateral sentido oposto;Sem Vítimas;Plena Noite;Decrescente;Céu Claro;Simples;"Curva;Em Obras";Não;3;0;0;0;2;2;0;4;-6,448489;-40,727544;SPRF-CE;DEL02-CE;UOP02-DEL02-CE
705991;20/07/2025;domingo;08:50:00;SP;116;60,3;GUARATINGUETA;Manobra de mudança de faixa;Colisão lateral mesmo sentido;Com Vítimas Feridas;Pleno dia;Decrescente;Céu Claro;Dupla;Reta;Não;3;0;1;0;1;1;1;2;-22,78420738;-45,15157498;SPRF-SP;DEL08-SP;UOP01-DEL08-SP
705992;20/07/2025;domingo;07:02:00;MT;163;747;SORRISO;Manobra de mudança de faixa;Colisão lateral mesmo sentido;Com Vítimas Feridas;Amanhecer;Crescente;Céu Claro;Dupla;Reta;Sim;2;0;0;1;0;1;1;2;-12,59110715;-55,74136199;SPRF-MT;DEL06-MT;UOP01-DEL06-MT
705996;20/07/2025;domingo;08:20:00;PA;155;308;MARABA;Reação tardia ou ineficiente do condutor;Saída de leito carroçável;Sem Vítimas;Pleno dia;Crescente;Céu Claro;Simples;Reta;Não;2;0;0;0;0;3;0;3;-5,66257252;-49,11193371;SPRF-PA;DEL03-PA;UOP01-DEL03-PA
706001;20/07/2025;domingo;09:55:00;GO;153;606,1;MORRINHOS;Manobra de mudança de faixa;Tombamento;Com Vítimas Feridas;Pleno dia;Crescente;Sol;Dupla;"Reta;Aclive";Não;3;0;1;1;0;1;2;2;-17,597188;-49,190393;SPRF-GO;DEL03-GO;UOP01-DEL03-GO
706006;20/07/2025;domingo;09:45:00;PI;316;220,8;VALENCA DO PIAUI;Condutor Dormindo;Colisão frontal;Com Vítimas Feridas;Pleno dia;Crescente;Céu Claro;Simples;Reta;Não;5;0;2;0;2;1;2;3;-6,48155;-41,74774;SPRF-PI;DEL04-PI;UOP02-DEL04-PI
706016;30/06/2025;segunda-feira;15:45:00;MS;262;265;RIBAS DO RIO PARDO;Ultrapassagem Indevida;Colisão lateral sentido oposto;Com Vítimas Feridas;Pleno dia;Decrescente;Céu Claro;Simples;Curva;Não;3;0;0;1;1;1;1;3;-20,429434;-53,976762;SPRF-MS;DEL01-MS;UOP05-DEL01-MS
706018;20/07/2025;domingo;12:30:00;SC;470;165;TROMBUDO CENTRAL;Suicídio (presumido);Colisão traseira;Com Vítimas Feridas;Pleno dia;Decrescente;Nublado;Simples;"Declive;Curva";Não;3;0;0;1;1;1;1;3;-27,27891429;-49,83393995;SPRF-SC;DEL04-SC;UOP02-DEL04-SC
706019;20/07/2025;domingo;13:30:00;DF;60;18;BRASILIA;Manobra de mudança de faixa;Tombamento;Com Vítimas Feridas;Pleno dia;Decrescente;Céu Claro;Dupla;"Declive;Retorno Regulamentado";Não;3;0;1;0;1;1;1;2;-15,96942636;-48,184973;SPRF-DF;DEL03-DF;UOP01-DEL03-DF
706025;20/07/2025;domingo;09:00:00;ES;101;0;GUARAPARI;Condutor Dormindo;Tombamento;Sem Vítimas;Pleno dia;Crescente;Sol;Dupla;"Curva;Aclive";Não;3;0;0;0;1;2;0;2;-20,6585386;-40,6135151;SPRF-ES;DEL03-ES;UOP02-DEL03-ES
706028;20/07/2025;domingo;12:30:00;MG;381;671,5;PERDOES;Avarias e/ou desgaste excessivo no pneu;Colisão lateral mesmo sentido;Com Vítimas Feridas;Pleno dia;Crescente;Sol;Dupla;"Curva;Declive";Não;4;0;1;0;2;1;1;3;-21,06483806;-45,0525713;SPRF-MG;DEL04-MG;UOP02-DEL04-MG
706032;20/07/2025;domingo;14:40:00;SC;101;218,3;PALHOCA;Estacionar ou parar em local proibido;Colisão lateral mesmo sentido;Com Vítimas Feridas;Pleno dia;Decrescente;Céu Claro;Simples;Reta;Não;2;0;0;1;1;0;1;2;-27,67236333;-48,67183384;SPRF-SC;DEL01-SC;UOP02-DEL01-SC
706046;20/07/2025;domingo;15:20:00;MT;158;427;RIBEIRAO CASCALHEIRA;Reação tardia ou ineficiente do condutor;Colisão frontal;Com Vítimas Fatais;Pleno dia;Crescente;Sol;Simples;Curva;Não;4;1;0;0;2;2;0;4;-12,965057;-51,870623;SPRF-MT;DEL07-MT;UOP02-DEL07-MT
706051;20/07/2025;domingo;13:30:00;BA;116;725,5;BOA NOVA;Acesso irregular;Colisão transversal;Com Vítimas Fatais;Pleno dia;Decrescente;Céu Claro;Simples;Reta;Não;2;1;0;0;1;0;0;2;-14,27637498;-40,30132771;SPRF-BA;DEL08-BA;UOP02-DEL08-BA
706053;20/07/2025;domingo;17:30:00;PR;116;152;MANDIRITUBA;Acessar a via sem observar a presença dos outros veículos;Colisão transversal;Com Vítimas Feridas;Pleno dia;Crescente;Sol;Dupla;Rotatória;Sim;3;0;0;1;2;0;1;2;-25,83236296;-49,33609707;SPRF-PR;DEL01-PR;UOP03-DEL01-PR
706058;20/07/2025;domingo;16:40:00;PR;476;5,8;ADRIANOPOLIS;Ausência de reação do condutor;Tombamento;Com Vítimas Fatais;Pleno dia;Crescente;Céu Claro;Simples;Curva;Não;3;1;0;0;1;1;0;3;-24,689624;-48,997478;SPRF-PR;DEL01-PR;UOP01-DEL01-PR
706060;20/07/2025;domingo;16:55:00;MG;40;446;PARAOPEBA;Condutor Dormindo;Colisão traseira;Com Vítimas Feridas;Pleno dia;Decrescente;Céu Claro;Dupla;Reta;Não;3;0;1;0;1;4;1;6;-19,28860122;-44,39191237;SPRF-MG;DEL02-MG;UOP01-DEL02-MG
706063;20/07/2025;domingo;17:55:00;PB;230;514,9;BOM JESUS;Ingestão de álcool pelo condutor;Colisão lateral mesmo sentido;Sem Vítimas;Anoitecer;Crescente;Céu Claro;Simples;Aclive;Sim;3;0;0;0;1;2;0;3;-6,870014;-38,648895;SPRF-PB;DEL03-PB;UOP03-DEL03-PB
706069;20/07/2025;domingo;17:40:00;SP;262;319;CASTILHO;Ausência de reação do condutor;Colisão com objeto;Com Vítimas Fatais;Anoitecer;Crescente;Céu Claro;Simples;Reta;Não;3;1;0;0;1;1;0;3;-20,780969;-51,595181;SPRF-MS;DEL07-MS;UOP01-DEL07-MS
706071;20/07/2025;domingo;16:40:00;MG;381;290;ANTONIO DIAS;Transitar na contramão;Colisão lateral sentido oposto;Com Vítimas Feridas;Pleno dia;Decrescente;Céu Claro;Simples;Declive;Não;3;0;1;0;1;1;1;3;-19,6283528;-42,8335118;SPRF-MG;DEL03-MG;UOP02-DEL03-MG
706092;20/07/2025;domingo;18:25:00;RN;304;68,1;MOSSORO;Ingestão de álcool pelo condutor;Saída de leito carroçável;Com Vítimas Feridas;Plena Noite;Crescente;Nublado;Simples;Interseção de Vias;Não;2;0;1;0;0;1;1;2;-5,386318;-37,234477;SPRF-RN;DEL04-RN;UOP01-DEL04-RN
706099;20/07/2025;domingo;19:20:00;MS;262;234;RIBAS DO RIO PARDO;Acesso irregular;Colisão com objeto;Sem Vítimas;Plena Noite;Decrescente;Céu Claro;Simples;Reta;Não;1;0;0;0;1;0;0;1;-20,46281;-53,70251;SPRF-MS;DEL01-MS;UOP05-DEL01-MS
706101;20/07/2025;domingo;19:51:00;SC;470;61,3;BLUMENAU;Ingestão de álcool pelo condutor;Colisão frontal;Com Vítimas Feridas;Plena Noite;Decrescente;Céu Claro;Simples;Reta;Não;3;0;0;1;1;1;1;3;-26,87704;-49,17756;SPRF-SC;DEL04-SC;UOP01-DEL04-SC
706114;20/07/2025;domingo;20:15:00;SC;101;319;PESCARIA BRAVA;Ausência de reação do condutor;Colisão lateral mesmo sentido;Com Vítimas Feridas;Plena Noite;Crescente;Céu Claro;Múltipla;Reta;Sim;3;0;0;1;1;1;1;3;-28,426262;-48,887925;SPRF-SC;DEL02-SC;UOP01-DEL02-SC
706121;20/07/2025;domingo;17:45:00;RJ;393;238;VASSOURAS;Acessar a via sem observar a presença dos outros veículos;Colisão transversal;Com Vítimas Feridas;Anoitecer;Decrescente;Céu Claro;Simples;Interseção de Vias;Não;5;0;4;0;1;0;4;2;-22,42942522;-43,69714446;SPRF-RJ;DEL05-RJ;UOP03-DEL05-RJ
706122;20/07/2025;domingo;22:00:00;PA;316;59;CASTANHAL;Manobra de mudança de faixa;Colisão lateral mesmo sentido;Com Vítimas Feridas;Plena Noite;Decrescente;Céu Claro;Dupla;Reta;Não;8;0;4;2;1;1;6;3;-1,298177;-47,959423;SPRF-PA;DEL01-PA;UOP01-DEL01-PA
706125;20/07/2025;domingo;22:30:00;MG;381;380,5;CONTAGEM;Trafegar com motocicleta (ou similar) entre as faixas;Colisão traseira;Com Vítimas Feridas;Plena Noite;Decrescente;Céu Claro;Dupla;Reta;Sim;3;0;0;1;1;1;1;3;-19,95952059;-44,05399668;SPRF-MG;DEL01-MG;UOP01-DEL01-MG
706126;20/07/2025;domingo;13:20:00;MT;174;122;MIRASSOL DOESTE;Reação tardia ou ineficiente do condutor;Tombamento;Com Vítimas Feridas;Pleno dia;Decrescente;Céu Claro;Simples;"Reta;Declive";Não;2;0;1;0;0;1;1;2;-15,829374;-58,064461;SPRF-MT;DEL03-MT;UOP01-DEL03-MT
706129;20/07/2025;domingo;21:30:00;SC;470;319,3;CAMPOS NOVOS;Acessar a via sem observar a presença dos outros veículos;Colisão transversal;Sem Vítimas;Plena Noite;Crescente;Céu Claro;Simples;"Reta;Rotatória";Não;3;0;0;0;2;1;0;3;-27,411657;-51,230727;SPRF-SC;DEL07-SC;UOP06-DEL07-SC
706133;20/07/2025;domingo;18:24:00;RO;319;49;PORTO VELHO;Demais falhas mecânicas ou elétricas;Incêndio;Sem Vítimas;Plena Noite;Decrescente;Céu Claro;Simples;Reta;Não;2;0;0;0;1;1;0;2;-8,6839754;-63,9943975;SPRF-RO;DEL01-RO;UOP01-DEL01-RO
706135;20/07/2025;domingo;22:00:00;RS;470;195;BENTO GONCALVES;Velocidade Incompatível;Engavetamento;Sem Vítimas;Plena Noite;Decrescente;Céu Claro;Simples;"Reta;Declive;Em Obras";Não;9;0;0;0;8;1;0;3;-29,05079053;-51,58324448;SPRF-RS;DEL06-RS;UOP02-DEL06-RS
706136;20/07/2025;domingo;23:05:00;PR;376;371;ORTIGUEIRA;Reação tardia ou ineficiente do condutor;Colisão frontal;Com Vítimas Fatais;Plena Noite;Decrescente;Nevoeiro/Neblina;Simples;Declive;Não;3;1;0;0;1;1;0;3;-24,342064;-50,828435;SPRF-PR;DEL07-PR;UOP02-DEL07-PR
706140;20/07/2025;domingo;21:30:00;BA;101;242;CONCEICAO DO ALMEIDA;Reação tardia ou ineficiente do condutor;Colisão traseira;Sem Vítimas;Plena Noite;Crescente;Nublado;Simples;"Reta;Aclive";Não;2;0;0;0;0;2;0;2;-12,816919;-39,20165;SPRF-BA;DEL01-BA;UOP02-DEL01-BA
706144;20/07/2025;domingo;20:00:00;RS;386;5;IRAI;Condutor Dormindo;Colisão frontal;Com Vítimas Feridas;Plena Noite;Decrescente;Nublado;Simples;Reta;Não;2;0;0;1;1;0;1;2;-27,19359267;-53,2745875;SPRF-RS;DEL08-RS;UOP02-DEL08-RS
706145;20/07/2025;domingo;21:30:00;RJ;40;83;DUQUE DE CAXIAS;Ingestão de álcool pelo condutor;Colisão traseira;Com Vítimas Feridas;Plena Noite;Crescente;Céu Claro;Dupla;Reta;Não;2;0;0;1;1;0;1;2;-22,5202999;-43,23073179;SPRF-RJ;DEL01-RJ;UOP01-DEL01-RJ
706148;20/07/2025;domingo;22:30:00;AL;104;12;SAO JOSE DA LAJE;Demais falhas mecânicas ou elétricas;Saída de leito carroçável;Com Vítimas Feridas;Plena Noite;Decrescente;Chuva;Simples;"Declive;Reta";Não;4;0;0;1;2;1;1;2;-8,99070219;-36,02789819;SPRF-AL;DEL01-AL;UOP02-DEL01-AL
706153;21/07/2025;segunda-feira;01:10:00;PI;343;439;AGUA BRANCA;Ingestão de álcool pelo condutor;Colisão frontal;Com Vítimas Fatais;Plena Noite;Decrescente;Céu Claro;Simples;Reta;Não;2;1;0;0;1;0;0;2;-5,88045236;-42,63650896;SPRF-PI;DEL01-PI;UOP02-DEL01-PI
706154;20/07/2025;domingo;19:07:00;MG;251;324,6;SALINAS;Ausência de reação do condutor;Colisão lateral sentido oposto;Com Vítimas Fatais;Plena Noite;Crescente;Céu Claro;Simples;Reta;Não;6;2;0;0;3;4;0;7;-16,209217;-42,356911;SPRF-MG;DEL12-MG;UOP02-DEL12-MG
706160;21/07/2025;segunda-feira;02:05:00;PR;116;28;CAMPINA GRANDE DO SUL;Velocidade Incompatível;Tombamento;Com Vítimas Feridas;Plena Noite;Decrescente;Céu Claro;Simples;Curva;Não;2;0;1;0;0;1;1;2;-25,11188;-48,802757;SPRF-PR;DEL01-PR;UOP02-DEL01-PR
706163;21/07/2025;segunda-feira;02:22:00;BA;101;203;GOVERNADOR MANGABEIRA;Reação tardia ou ineficiente do condutor;Colisão traseira;Com Vítimas Fatais;Plena Noite;Crescente;Garoa/Chuvisco;Múltipla;"Aclive;Curva";Não;2;1;0;0;1;0;0;2;-12,59550697;-38,99127245;SPRF-BA;DEL01-BA;UOP02-DEL01-BA
706167;21/07/2025;segunda-feira;02:00:00;MG;365;208,9;BURITIZEIRO;Condutor Dormindo;Saída de leito carroçável;Com Vítimas Feridas;Plena Noite;Crescente;Céu Claro;Simples;Reta;Não;3;0;2;0;0;1;2;2;-17,53284;-45,28421;SPRF-MG;DEL10-MG;UOP02-DEL010-MG
706170;21/07/2025;segunda-feira;05:00:00;SP;381;58,3;MAIRIPORA;Reação tardia ou ineficiente do condutor;Colisão traseira;Com Vítimas Feridas;Plena Noite;Crescente;Nevoeiro/Neblina;Dupla;"Reta;Aclive";Não;5;0;3;0;2;0;3;2;-23,2780476;-46,58608172;SPRF-SP;DEL03-SP;UOP01-DEL03-SP
706173;21/07/2025;segunda-feira;06:10:00;PB;230;41,3;SANTA RITA;Reação tardia ou ineficiente do condutor;Capotamento;Com Vítimas Feridas;Amanhecer;Decrescente;Céu Claro;Dupla;Curva;Não;2;0;0;1;0;1;1;2;-7,14200589;-34,99405384;SPRF-PB;DEL01-PB;UOP02-DEL01-PB
706176;20/07/2025;domingo;23:40:00;MG;116;226,7;TEOFILO OTONI;Demais falhas mecânicas ou elétricas;Incêndio;Sem Vítimas;Plena Noite;Crescente;Céu Claro;Simples;Reta;Não;2;0;0;0;1;1;0;2;-17,70553;-41,48578;SPRF-MG;DEL11-MG;UOP01-DEL11-MG
706179;20/07/2025;domingo;14:00:00;PA;163;498;TRAIRAO;Ingestão de álcool pelo condutor;Tombamento;Sem Vítimas;Pleno dia;Crescente;Céu Claro;Simples;Curva;Não;2;0;0;0;0;3;0;3;-5,38299672;-55,8853453;SPRF-PA;DEL05-PA;UOP03-DEL05-PA
706181;21/07/2025;segunda-feira;05:20:00;SP;381;18;BRAGANCA PAULISTA;Ausência de reação do condutor;Tombamento;Com Vítimas Feridas;Plena Noite;Crescente;Nevoeiro/Neblina;Dupla;"Reta;Aclive";Não;2;0;1;0;0;1;1;2;-22,96903704;-46,48582427;SPRF-SP;DEL03-SP;UOP02-DEL03-SP
706185;21/07/2025;segunda-feira;07:10:00;ES;101;202,1;JOAO NEIVA;Velocidade Incompatível;Saída de leito carroçável;Com Vítimas Feridas;Pleno dia;Decrescente;Céu Claro;Simples;Curva;Não;3;0;0;1;1;3;1;5;-19,74270827;-40,36509647;SPRF-ES;DEL04-ES;UOP01-DEL04-ES