id;data_inversa;dia_semana;horario;uf;br;km;municipio;causa_acidente;tipo_acidente;classificacao_acidente;fase_dia;sentido_via;condicao_metereologica;tipo_pista;tracado_via;uso_solo;pessoas;mortos;feridos_leves;feridos_graves;ilesos;ignorados;feridos;veiculos;latitude;longitude;regional;delegacia;uop
706199;21/07/2025;segunda-feira;06:20:00;MG;40;636,3;CONSELHEIRO LAFAIETE;Acessar a via sem observar a presença dos outros veículos;Colisão traseira;Com Vítimas Feridas;Amanhecer;Crescente;Nublado;Simples;Reta;Não;3;0;1;1;1;0;2;3;-20,7132977;-43,7953566;SPRF-MG;DEL05-MG;UOP02-DEL05-MG
706203;20/07/2025;domingo;23:35:00;GO;60;403,5;RIO VERDE;Demais falhas mecânicas ou elétricas;Incêndio;Sem Vítimas;Plena Noite;Decrescente;Céu Claro;Dupla;Reta;Não;1;0;0;0;1;0;0;1;-17,81517;-51,09669;SPRF-GO;DEL04-GO;UOP02-DEL04-GO
706209;20/07/2025;domingo;16:20:00;PR;487;11,8;ICARAIMA;Ausência de reação do condutor;Colisão transversal;Sem Vítimas;Pleno dia;Crescente;Céu Claro;Simples;Curva;Não;4;0;0;0;3;3;0;5;-23,3522244;-53,70969057;SPRF-PR;DEL06-PR;UOP03-DEL06-PR
706211;21/07/2025;segunda-feira;07:20:00;PE;116;71;CABROBO;Demais falhas mecânicas ou elétricas;Incêndio;Sem Vítimas;Pleno dia;Decrescente;Céu Claro;Simples;"Aclive;Reta";Não;2;0;0;0;1;12;0;13;-8,451;-39,1888;SPRF-PE;DEL05-PE;UOP03-DEL05-PE
706212;21/07/2025;segunda-feira;08:30:00;SC;282;21,2;PALHOCA;Acessar a via sem observar a presença dos outros veículos;Colisão frontal;Com Vítimas Feridas;Pleno dia;Crescente;Céu Claro;Simples;Reta;Sim;5;0;0;1;3;1;1;4;-27,6888;-48,7197;SPRF-SC;DEL01-SC;UOP02-DEL01-SC
706222;21/07/2025;segunda-feira;07:00:00;BA;101;384;IBIRAPITANGA;Curva acentuada;Tombamento;Com Vítimas Feridas;Amanhecer;Decrescente;Céu Claro;Simples;Curva;Não;1;0;1;0;0;0;1;1;-13,95039628;-39,48451897;SPRF-BA;DEL05-BA;UOP03-DEL05-BA
706225;21/07/2025;segunda-feira;05:30:00;PA;308;191;TRACUATEUA;Ausência de reação do condutor;Colisão traseira;Com Vítimas Fatais;Amanhecer;Crescente;Céu Claro;Simples;Reta;Não;3;1;0;1;1;0;1;2;-1,078497;-46,867924;SPRF-PA;DEL01-PA;UOP03-DEL01-PA
706226;21/07/2025;segunda-feira;08:30:00;PI;343;323,9;ALTOS;Reação tardia ou ineficiente do condutor;Engavetamento;Com Vítimas Feridas;Pleno dia;Decrescente;Céu Claro;Simples;"Declive;Reta";Não;4;0;1;0;3;0;1;4;-5,060763;-42,600143;SPRF-PI;DEL01-PI;UOP01-DEL01-PI
706228;19/07/2025;sábado;03:10:00;CE;116;136,3;PALHANO;Ultrapassagem Indevida;Saída de leito carroçável;Com Vítimas Feridas;Pleno dia;Decrescente;Céu Claro;Simples;"Declive;Reta";Não;2;0;1;1;0;0;2;1;-4,73925133;-38,07612802;SPRF-CE;DEL03-CE;UOP01-DEL03-CE
706235;20/07/2025;domingo;21:00:00;PA;163;24;NOVO PROGRESSO;Transitar na contramão;Colisão lateral sentido oposto;Com Vítimas Feridas;Anoitecer;Crescente;Céu Claro;Simples;Reta;Não;3;0;0;1;1;5;1;7;-9,35363627;-54,8494513;SPRF-MT;DEL06-MT;UOP03-DEL06-MT
706239;21/07/2025;segunda-feira;07:15:00;MG;262;529,7;LUZ;Transitar na contramão;Colisão frontal;Com Vítimas Fatais;Pleno dia;Decrescente;Sol;Simples;Reta;Não;3;1;0;0;1;2;0;4;-19,7577216;-45,8097934;SPRF-MG;DEL08-MG;UOP02-DEL08-MG
706242;21/07/2025;segunda-feira;09:00:00;BA;135;52;FORMOSA DO RIO PRETO;Reação tardia ou ineficiente do condutor;Colisão traseira;Com Vítimas Feridas;Pleno dia;Crescente;Céu Claro;Simples;"Declive;Reta";Não;3;0;1;0;1;4;1;6;-11,15177;-45,069512;SPRF-BA;DEL10-BA;UOP01-DEL10-BA
706243;21/07/2025;segunda-feira;10:30:00;MG;381;479,2;CONTAGEM;Manobra de mudança de faixa;Colisão lateral mesmo sentido;Com Vítimas Feridas;Pleno dia;Crescente;Céu Claro;Múltipla;"Declive;Curva";Sim;3;0;0;1;0;2;1;3;-19,96414296;-44,04596;SPRF-MG;DEL01-MG;UOP03-DEL01-MG
706245;21/07/2025;segunda-feira;09:00:00;RO;435;34;VILHENA;Curva acentuada;Saída de leito carroçável;Com Vítimas Fatais;Pleno dia;Crescente;Céu Claro;Simples;"Declive;Curva";Não;3;1;2;0;0;0;2;1;-12,85812158;-60,37751198;SPRF-RO;DEL04-RO;UOP02-DEL04-RO
706246;06/06/2025;sexta-feira;09:02:00;PE;116;28;SALGUEIRO;Condutor deixou de manter distância do veículo da frente;Colisão traseira;Com Vítimas Feridas;Pleno dia;Crescente;Sol;Simples;"Reta;Declive;Ponte";Não;4;0;2;0;1;4;2;6;-8,08638078;-39,12669182;SPRF-PE;DEL05-PE;UOP01-DEL05-PE
706248;21/07/2025;segunda-feira;12:30:00;SP;381;31;ATIBAIA;Trafegar com motocicleta (ou similar) entre as faixas;Colisão lateral mesmo sentido;Com Vítimas Feridas;Pleno dia;Crescente;Céu Claro;Dupla;Reta;Sim;4;0;1;0;2;1;1;4;-23,04504375;-46,56171083;SPRF-SP;DEL03-SP;UOP02-DEL03-SP
706251;21/07/2025;segunda-feira;11:20:00;MT;158;551;AGUA BOA;Acostamento em desnível;Tombamento;Com Vítimas Feridas;Pleno dia;Crescente;Céu Claro;Simples;Reta;Não;2;0;1;0;0;3;1;4;-13,93385;-52,09921;SPRF-MT;DEL07-MT;UOP02-DEL07-MT
706252;20/07/2025;domingo;12:30:00;RS;471;179;RIO PARDO;Velocidade Incompatível;Saída de leito carroçável;Sem Vítimas;Pleno dia;Crescente;Céu Claro;Simples;Rotatória;Não;2;0;0;0;1;2;0;3;-30,02325275;-52,37380028;SPRF-RS;DEL02-RS;UOP03-DEL02-RS
706259;17/07/2025;quinta-feira;10:45:00;TO;153;165;ARAGUAINA;Condutor Dormindo;Tombamento;Com Vítimas Feridas;Pleno dia;Crescente;Céu Claro;Simples;Reta;Não;2;0;1;0;0;1;1;2;-7,356423;-48,332622;SPRF-TO;DEL02-TO;UOP01-DEL02-TO
706263;21/07/2025;segunda-feira;12:30:00;RO;364;603;ITAPUA DO OESTE;Retorno proibido;Colisão transversal;Com Vítimas Feridas;Pleno dia;Crescente;Céu Claro;Dupla;"Reta;Retorno Regulamentado";Sim;6;0;1;0;4;3;1;5;-9,19617844;-63,1846658;SPRF-RO;DEL01-RO;UOP04-DEL01-RO
706273;21/07/2025;segunda-feira;14:10:00;BA;101;771;ITABELA;Velocidade Incompatível;Saída de leito carroçável;Com Vítimas Fatais;Pleno dia;Decrescente;Céu Claro;Simples;Curva;Não;2;1;0;0;0;1;0;2;-16,747273;-39,45065;SPRF-BA;DEL09-BA;UOP01-DEL09-BA
706283;21/07/2025;segunda-feira;15:40:00;CE;116;28;AQUIRAZ;Manobra de mudança de faixa;Engavetamento;Com Vítimas Feridas;Pleno dia;Decrescente;Céu Claro;Dupla;Aclive;Não;5;0;3;0;2;0;3;4;-3,995233;-38,516069;SPRF-CE;DEL01-CE;UOP02-DEL01-CE
706285;21/07/2025;segunda-feira;11:55:00;SC;282;513,1;XANXERE;Condutor usando celular;Colisão lateral sentido oposto;Com Vítimas Feridas;Pleno dia;Crescente;Céu Claro;Simples;"Declive;Reta";Não;4;0;0;1;2;2;1;5;-26,9141871;-52,4771404;SPRF-SC;DEL07-SC;UOP01-DEL07-SC
706288;21/07/2025;segunda-feira;13:00:00;MG;459;86;CONGONHAL;Reação tardia ou ineficiente do condutor;Colisão com objeto;Sem Vítimas;Pleno dia;Crescente;Céu Claro;Simples;Reta;Não;1;0;0;0;1;0;0;1;-22,1526149;-46,05794756;SPRF-MG;DEL09-MG;UOP01-DEL09-MG
706296;21/07/2025;segunda-feira;16:35:00;RN;304;47;MOSSORO;Reação tardia ou ineficiente do condutor;Colisão traseira;Com Vítimas Feridas;Pleno dia;Decrescente;Céu Claro;Dupla;Reta;Sim;5;0;1;0;2;2;1;4;-5,225699;-37,328112;SPRF-RN;DEL04-RN;UOP01-DEL04-RN
706299;21/07/2025;segunda-feira;14:40:00;SC;101;292,1;IMBITUBA;Ausência de reação do condutor;Colisão lateral mesmo sentido;Com Vítimas Feridas;Pleno dia;Crescente;Sol;Dupla;Reta;Não;2;0;0;1;0;1;1;2;-28,0771113;-48,7125343;SPRF-SC;DEL02-SC;UOP03-DEL02-SC
706306;21/07/2025;segunda-feira;17:10:00;RS;285;294,3;PASSO FUNDO;Desrespeitar a preferência no cruzamento;Colisão transversal;Com Vítimas Feridas;Pleno dia;Crescente;Céu Claro;Simples;"Reta;Interseção de Vias";Sim;3;0;1;0;1;1;1;3;-28,2346026;-52,38468854;SPRF-RS;DEL08-RS;UOP03-DEL08-RS
706307;28/06/2025;sábado;08:28:00;MT;163;1026,9;PEIXOTO DE AZEVEDO;Condutor deixou de manter distância do veículo da frente;Colisão traseira;Com Vítimas Feridas;Amanhecer;Crescente;Céu Claro;Simples;Reta;Não;4;0;1;0;2;1;1;2;-10,2645;-55,0055;SPRF-MT;DEL06-MT;UOP03-DEL06-MT
706308;21/07/2025;segunda-feira;14:34:00;MG;365;667;MONTE ALEGRE DE MINAS;Demais falhas mecânicas ou elétricas;Incêndio;Sem Vítimas;Pleno dia;Crescente;Céu Claro;Dupla;Reta;Não;1;0;0;0;1;0;0;1;-18,888732;-48,708077;SPRF-MG;DEL15-MG;UOP01-DEL15-MG
706312;21/07/2025;segunda-feira;17:55:00;SC;101;128,1;ITAJAI;Reação tardia ou ineficiente do condutor;Engavetamento;Com Vítimas Feridas;Anoitecer;Decrescente;Céu Claro;Dupla;Reta;Sim;3;0;1;0;2;0;1;3;-26,982322;-48,675212;SPRF-SC;DEL04-SC;UOP04-DEL04-SC
706313;21/07/2025;segunda-feira;17:55:00;RS;101;82,5;OSORIO;Reação tardia ou ineficiente do condutor;Colisão traseira;Com Vítimas Feridas;Anoitecer;Crescente;Céu Claro;Dupla;Reta;Não;4;0;1;0;1;2;1;4;-29,851404;-50,246304;SPRF-RS;DEL03-RS;UOP01-DEL03-RS
706321;21/07/2025;segunda-feira;18:30:00;MG;262;371,6;JUATUBA;Manobra de mudança de faixa;Colisão lateral mesmo sentido;Com Vítimas Feridas;Plena Noite;Crescente;Céu Claro;Dupla;"Declive;Curva";Sim;3;0;1;0;1;1;1;2;-19,9303211;-44,399642;SPRF-MG;DEL01-MG;UOP03-DEL01-MG
706322;21/07/2025;segunda-feira;18:20:00;CE;116;17;ITAITINGA;Ausência de reação do condutor;Colisão lateral mesmo sentido;Com Vítimas Feridas;Plena Noite;Decrescente;Céu Claro;Dupla;Reta;Não;3;0;1;0;2;0;1;3;-3,8999916;-38,5044702;SPRF-CE;DEL01-CE;UOP02-DEL01-CE
706324;21/07/2025;segunda-feira;14:10:00;TO;153;557,5;FATIMA;Transitar na contramão;Colisão frontal;Com Vítimas Fatais;Pleno dia;Decrescente;Céu Claro;Simples;Reta;Não;9;4;0;3;1;1;3;3;-10,73178463;-48,9039108;SPRF-TO;DEL01-TO;UOP01-DEL01-TO
706331;21/07/2025;segunda-feira;17:22:00;MA;316;124;NOVA OLINDA DO MARANHAO;Acessar a via sem observar a presença dos outros veículos;Colisão frontal;Com Vítimas Fatais;Pleno dia;Crescente;Céu Claro;Simples;Reta;Não;2;1;0;0;1;0;0;2;-2,626586;-45,753108;SPRF-MA;DEL02-MA;UOP02-DEL02-MA
706333;21/07/2025;segunda-feira;19:00:00;BA;349;928;CORRENTINA;Reação tardia ou ineficiente do condutor;Colisão traseira;Com Vítimas Feridas;Plena Noite;Crescente;Céu Claro;Simples;Reta;Sim;2;0;0;1;1;0;1;2;-13,352547;-44,626177;SPRF-BA;DEL10-BA;UOP02-DEL10-BA
706338;21/07/2025;segunda-feira;17:35:00;RJ;116;183;SAO JOAO DE MERITI;Manobra de mudança de faixa;Colisão lateral mesmo sentido;Com Vítimas Feridas;Anoitecer;Crescente;Céu Claro;Dupla;Reta;Sim;3;0;1;0;2;0;1;2;-22,8032512;-43,3422336;SPRF-RJ;DEL06-RJ;UOP01-DEL06-RJ
706342;21/07/2025;segunda-feira;20:30:00;SC;101;177;GOVERNADOR CELSO RAMOS;Acessar a via sem observar a presença dos outros veículos;Colisão lateral mesmo sentido;Com Vítimas Feridas;Plena Noite;Decrescente;Ignorado;Dupla;Reta;Não;3;0;1;0;1;1;1;3;-27,35052722;-48,63248046;SPRF-SC;DEL01-SC;UOP01-DEL01-SC
706343;20/07/2025;domingo;19:30:00;BA;324;449;RIACHAO DO JACUIPE;Reação tardia ou ineficiente do condutor;Saída de leito carroçável;Com Vítimas Feridas;Plena Noite;Decrescente;Céu Claro;Simples;Reta;Não;2;0;1;0;0;1;1;2;-11,81265;-39,37881;SPRF-BA;DEL04-BA;UOP02-DEL04-BA
706348;21/07/2025;segunda-feira;17:30:00;MA;316;48;MARACACUME;Reação tardia ou ineficiente do condutor;Colisão frontal;Com Vítimas Fatais;Pleno dia;Crescente;Céu Claro;Simples;Aclive;Não;5;2;0;0;0;3;0;2;-1,98332267;-45,99872589;SPRF-MA;DEL02-MA;UOP02-DEL02-MA
706355;21/07/2025;segunda-feira;21:00:00;SC;101;44;JOINVILLE;Ingestão de álcool pelo condutor;Colisão lateral mesmo sentido;Sem Vítimas;Plena Noite;Crescente;Nublado;Dupla;Reta;Não;2;0;0;0;2;0;0;2;-26,340472;-48,858708;SPRF-SC;DEL03-SC;UOP01-DEL03-SC
706356;21/07/2025;segunda-feira;19:40:00;PI;343;455;SAO PEDRO DO PIAUI;Acessar a via sem observar a presença dos outros veículos;Colisão transversal;Sem Vítimas;Plena Noite;Crescente;Ignorado;Simples;Reta;Não;2;0;0;0;1;1;0;2;-5,95994876;-42,72741795;SPRF-PI;DEL01-PI;UOP02-DEL01-PI
706361;21/07/2025;segunda-feira;20:10:00;MT;174;294;PONTES E LACERDA;Animais na Pista;Atropelamento de Animal;Com Vítimas Feridas;Plena Noite;Crescente;Céu Claro;Simples;Reta;Não;6;0;1;1;1;3;2;4;-15,1936276;-59,3229754;SPRF-MT;DEL04-MT;UOP01-DEL04-MT
706365;21/07/2025;segunda-feira;21:00:00;GO;60;22;JATAI;Objeto estático sobre o leito carroçável;Tombamento;Sem Vítimas;Plena Noite;Crescente;Céu Claro;Dupla;Curva;Não;2;0;0;0;1;2;0;3;-17,90185263;-51,76179933;SPRF-DF;DEL03-DF;UOP01-DEL03-DF
706369;21/07/2025;segunda-feira;23:45:00;SP;116;389;MIRACATU;Condutor deixou de manter distância do veículo da frente;Saída de leito carroçável;Sem Vítimas;Plena Noite;Decrescente;Nublado;Dupla;Reta;Não;2;0;0;0;1;1;0;2;-24,27206;-47,40283;SPRF-SP;DEL04-SP;UOP02-DEL04-SP
706371;22/07/2025;terça-feira;01:00:00;MG;153;58,7;MONTE ALEGRE DE MINAS;Ultrapassagem Indevida;Colisão lateral sentido oposto;Com Vítimas Feridas;Plena Noite;Decrescente;Céu Claro;Simples;Reta;Não;3;0;0;1;1;4;1;6;-18,885427;-49,052486;SPRF-MG;DEL15-MG;UOP03-DEL15-MG
706373;22/07/2025;terça-feira;03:30:00;SC;101;233;PALHOCA;Pedestre - Ingestão de álcool/ substâncias psicoativas;Atropelamento de Pedestre;Com Vítimas Feridas;Plena Noite;Crescente;Céu Claro;Dupla;"Declive;Curva";Não;2;0;1;0;1;0;1;2;-27,80582;-48,63945;SPRF-SC;DEL01-SC;UOP02-DEL01-SC
706374;22/07/2025;terça-feira;01:30:00;MG;262;913,1;COMENDADOR GOMES;Condutor Dormindo;Saída de leito carroçável;Com Vítimas Feridas;Plena Noite;Crescente;Céu Claro;Simples;"Interseção de Vias;Reta";Não;2;0;1;0;0;3;1;4;-19,62935;-48,84898;SPRF-MG;DEL13-MG;UOP02-DEL13-MG
706377;22/07/2025;terça-feira;04:00:00;SE;101;157,7;ESTANCIA;Condutor Dormindo;Colisão lateral sentido oposto;Com Vítimas Feridas;Plena Noite;Crescente;Céu Claro;Simples;"Aclive;Reta";Não;4;0;1;0;2;1;1;3;-11,30299445;-37,4874115;SPRF-SE;DEL02-SE;UOP01-DEL02-SE
706382;22/07/2025;terça-feira;06:00:00;SP;116;209;GUARULHOS;Objeto estático sobre o leito carroçável;Colisão com objeto;Com Vítimas Feridas;Amanhecer;Decrescente;Nevoeiro/Neblina;Múltipla;Reta;Sim;4;0;1;0;2;1;1;3;-23,425794;-46,403369;SPRF-SP;DEL01-SP;UOP01-DEL01-SP
706384;22/07/2025;terça-feira;06:25:00;RS;293;11,6;CAPAO DO LEAO;Acessar a via sem observar a presença dos outros veículos;Colisão transversal;Com Vítimas Feridas;Amanhecer;Crescente;Céu Claro;Simples;Reta;Sim;3;0;0;1;1;3;1;5;-31,75645625;-52,44049609;SPRF-RS;DEL07-RS;UOP01-DEL07-RS
706385;22/07/2025;terça-feira;04:20:00;TO;153;437,5;MIRACEMA DO TOCANTINS;Transitar na contramão;Colisão lateral sentido oposto;Com Vítimas Feridas;Plena Noite;Crescente;Céu Claro;Simples;Reta;Não;3;0;0;1;1;1;1;3;-9,717988;-48,685273;SPRF-TO;DEL01-TO;UOP01-DEL01-TO
706391;22/07/2025;terça-feira;06:20:00;MG;251;490,8;FRANCISCO SA;Ultrapassagem Indevida;Tombamento;Com Vítimas Feridas;Pleno dia;Decrescente;Céu Claro;Simples;"Declive;Reta";Não;1;0;1;0;0;0;1;1;-16,51944026;-43,64652509;SPRF-MG;DEL12-MG;UOP01-DEL12-MG
706392;06/07/2025;domingo;03:30:00;RO;364;312;PRESIDENTE MEDICI;Ingestão de álcool pelo condutor;Colisão lateral sentido oposto;Com Vítimas Feridas;Plena Noite;Crescente;Ignorado;Simples;Reta;Não;3;0;2;0;0;3;2;5;-11,135843;-61,90125;SPRF-RO;DEL02-RO;UOP01-DEL02-RO
706404;22/07/2025;terça-feira;07:30:00;RJ;116;196;QUEIMADOS;Ausência de reação do condutor;Colisão traseira;Com Vítimas Feridas;Pleno dia;Decrescente;Sol;Dupla;Curva;Sim;3;0;2;0;1;0;2;2;-22,73202285;-43,55849814;SPRF-RJ;DEL06-RJ;UOP01-DEL06-RJ
706406;22/07/2025;terça-feira;08:10:00;TO;153;628;ALIANCA DO TOCANTINS;Reação tardia ou ineficiente do condutor;Colisão lateral sentido oposto;Com Vítimas Feridas;Pleno dia;Decrescente;Sol;Simples;Reta;Não;7;0;1;0;5;1;1;3;-11,39698185;-48,97463322;SPRF-TO;DEL01-TO;UOP02-DEL01-TO
706412;22/07/2025;terça-feira;03:00:00;CE;20;214;BOA VIAGEM;Pista esburacada;Saída de leito carroçável;Sem Vítimas;Plena Noite;Decrescente;Ignorado;Simples;"Reta;Aclive";Não;1;0;0;0;0;1;0;1;-5,055766;-39,691864;SPRF-CE;DEL02-CE;UOP02-DEL02-CE
706413;22/07/2025;terça-feira;07:30:00;PR;476;198;LAPA;Velocidade Incompatível;Tombamento;Com Vítimas Feridas;Pleno dia;Decrescente;Sol;Simples;Curva;Não;2;0;1;0;0;1;1;2;-25,7643727;-49,7378525;SPRF-PR;DEL01-PR;UOP06-DEL01-PR
706415;22/07/2025;terça-feira;07:12:00;MA;230;8,7;BARAO DE GRAJAU;Estacionar ou parar em local proibido;Colisão traseira;Com Vítimas Feridas;Pleno dia;Decrescente;Sol;Simples;Reta;Não;2;0;1;0;0;1;1;2;-6,733827;-43,081147;SPRF-PI;DEL03-PI;UOP01-DEL03-PI
706417;12/07/2025;sábado;00:15:00;PE;101;115;IPOJUCA;Reação tardia ou ineficiente do condutor;Tombamento;Sem Vítimas;Plena Noite;Crescente;Chuva;Dupla;Reta;Não;2;0;0;0;0;3;0;3;-8,343722;-35,145557;SPRF-PE;DEL01-PE;UOP03-DEL01-PE
706419;22/07/2025;terça-feira;09:15:00;ES;101;125,3;SOORETAMA;Pedestre cruzava a pista fora da faixa;Atropelamento de Pedestre;Com Vítimas Feridas;Pleno dia;Crescente;Céu Claro;Simples;Reta;Sim;3;0;1;0;2;0;1;2;-19,18720461;-40,09451866;SPRF-ES;DEL04-ES;UOP01-DEL04-ES
706420;22/07/2025;terça-feira;08:50:00;SP;381;63;MAIRIPORA;Demais falhas mecânicas ou elétricas;Colisão traseira;Com Vítimas Feridas;Pleno dia;Decrescente;Céu Claro;Múltipla;Reta;Sim;3;0;1;0;2;0;1;2;-23,3070982;-46,57662606;SPRF-SP;DEL03-SP;UOP01-DEL03-SP
706422;22/07/2025;terça-feira;07:10:00;MG;381;522,2;BRUMADINHO;Manobra de mudança de faixa;Colisão lateral mesmo sentido;Com Vítimas Feridas;Pleno dia;Crescente;Céu Claro;Dupla;"Em Obras;Declive;Reta";Não;2;0;0;1;1;0;1;2;-20,128597;-44,3034;SPRF-MG;DEL04-MG;UOP03-DEL04-MG
706427;22/07/2025;terça-feira;10:20:00;RJ;116;310;RESENDE;Condutor Dormindo;Colisão traseira;Com Vítimas Feridas;Pleno dia;Decrescente;Céu Claro;Dupla;Reta;Sim;2;0;1;0;1;0;1;2;-22,4596158;-44,4369665;SPRF-RJ;DEL07-RJ;UOP02-DEL07-RJ
706428;22/07/2025;terça-feira;09:40:00;ES;101;431;ATILIO VIVACQUA;Acumulo de areia ou detritos sobre o pavimento;Eventos atípicos;Com Vítimas Feridas;Pleno dia;Decrescente;Céu Claro;Simples;Reta;Não;2;0;2;0;0;0;2;1;-21,05295076;-41,19356378;SPRF-ES;DEL03-ES;UOP02-DEL03-ES
706430;22/07/2025;terça-feira;10:15:00;MG;381;808,8;SAO GONCALO DO SAPUCAI;Reação tardia ou ineficiente do condutor;Colisão lateral mesmo sentido;Com Vítimas Feridas;Pleno dia;Crescente;Céu Claro;Dupla;Reta;Não;5;0;1;0;3;1;1;4;-21,98430217;-45,65870404;SPRF-MG;DEL16-MG;UOP02-DEL16-MG
706431;22/07/2025;terça-feira;10:00:00;MG;40;532,8;BELO HORIZONTE;Manobra de mudança de faixa;Colisão traseira;Com Vítimas Feridas;Pleno dia;Crescente;Sol;Dupla;"Reta;Aclive;Interseção de Vias";Sim;4;0;1;0;2;1;1;4;-19,92551777;-44,00578157;SPRF-MG;DEL01-MG;UOP02-DEL01-MG
706435;21/07/2025;segunda-feira;22:45:00;PA;10;30;DOM ELISEU;Ausência de reação do condutor;Colisão traseira;Com Vítimas Fatais;Plena Noite;Crescente;Céu Claro;Simples;Reta;Não;2;1;0;0;0;1;0;2;-4,1868;-47,545;SPRF-PA;DEL02-PA;UOP02-DEL02-PA
706437;22/07/2025;terça-feira;11:00:00;DF;20;18,6;BRASILIA;Acessar a via sem observar a presença dos outros veículos;Colisão traseira;Com Vítimas Feridas;Pleno dia;Decrescente;Céu Claro;Dupla;"Reta;Declive;Em Obras";Sim;3;0;1;0;1;1;1;3;-15,613395;-47,70281;SPRF-DF;DEL02-DF;UOP01-DEL02-DF
706438;22/07/2025;terça-feira;06:20:00;PB;116;9;CACHOEIRA DOS INDIOS;Velocidade Incompatível;Saída de leito carroçável;Com Vítimas Feridas;Amanhecer;Decrescente;Céu Claro;Simples;"Declive;Curva";Não;1;0;0;1;0;0;1;1;-6,971933;-38,734406;SPRF-CE;DEL05-CE;UOP03-DEL05-CE
706439;22/07/2025;terça-feira;10:00:00;RJ;101;189;CASIMIRO DE ABREU;Velocidade Incompatível;Saída de leito carroçável;Com Vítimas Feridas;Pleno dia;Crescente;Céu Claro;Simples;Curva;Não;2;0;1;0;0;1;1;2;-22,45666413;-42,06021414;SPRF-RJ;DEL08-RJ;UOP04-DEL08-RJ
706440;22/07/2025;terça-feira;10:30:00;RS;290;95;PORTO ALEGRE;Velocidade Incompatível;Colisão com objeto;Com Vítimas Feridas;Pleno dia;Decrescente;Céu Claro;Dupla;"Curva;Declive";Sim;2;0;1;0;0;8;1;9;-29,98782558;-51,20280918;SPRF-RS;DEL01-RS;UOP01-DEL01-RS
706441;22/07/2025;terça-feira;10:50:00;SP;116;194;SANTA ISABEL;Ausência de reação do condutor;Colisão traseira;Com Vítimas Feridas;Pleno dia;Crescente;Céu Claro;Dupla;Reta;Não;3;0;2;0;0;1;2;2;-23,384963;-46,267035;SPRF-SP;DEL01-SP;UOP01-DEL01-SP
706444;22/07/2025;terça-feira;10:45:00;SC;101;312;LAGUNA;Animais na Pista;Colisão lateral mesmo sentido;Com Vítimas Feridas;Pleno dia;Crescente;Céu Claro;Múltipla;Reta;Sim;4;0;2;0;1;2;2;5;-28,44067432;-48,81602637;SPRF-SC;DEL02-SC;UOP01-DEL02-SC
706448;22/07/2025;terça-feira;10:30:00;AL;101;120,8;SAO MIGUEL DOS CAMPOS;Problema com o freio;Engavetamento;Com Vítimas Feridas;Pleno dia;Crescente;Chuva;Simples;"Declive;Curva";Não;7;0;2;0;4;2;2;6;-9,68527532;-36,03702039;SPRF-AL;DEL02-AL;UOP01-DEL02-AL
706449;07/07/2025;segunda-feira;12:30:00;MG;50;74;UBERLANDIA;Ausência de reação do condutor;Engavetamento;Com Vítimas Feridas;Pleno dia;Decrescente;Sol;Dupla;"Reta;Declive";Sim;4;0;1;0;3;0;1;4;-18,9134421;-48,22343588;SPRF-MG;DEL15-MG;UOP01-DEL15-MG
706455;22/07/2025;terça-feira;12:45:00;RJ;493;71;NOVA IGUACU;Demais falhas mecânicas ou elétricas;Saída de leito carroçável;Com Vítimas Feridas;Pleno dia;Crescente;Céu Claro;Dupla;Reta;Não;3;0;1;0;2;0;1;3;-22,67438114;-43,54201254;SPRF-RJ;DEL01-RJ;UOP03-DEL01-RJ
706458;22/07/2025;terça-feira;10:00:00;MG;116;276;TEOFILO OTONI;Ausência de reação do condutor;Colisão transversal;Com Vítimas Feridas;Pleno dia;Decrescente;Céu Claro;Dupla;Reta;Sim;3;0;0;1;1;1;1;3;-17,8539756;-41,5141418;SPRF-MG;DEL11-MG;UOP01-DEL11-MG
706459;22/07/2025;terça-feira;13:00:00;SC;470;128;LONTRAS;Acessar a via sem observar a presença dos outros veículos;Colisão transversal;Com Vítimas Feridas;Pleno dia;Decrescente;Céu Claro;Simples;"Retorno Regulamentado;Reta;Interseção de Vias";Não;3;0;0;1;2;0;1;2;-27,1364561;-49,54300258;SPRF-SC;DEL04-SC;UOP02-DEL04-SC
706460;22/07/2025;terça-feira;12:20:00;PB;101;83;BAYEUX;Condutor deixou de manter distância do veículo da frente;Colisão traseira;Com Vítimas Feridas;Pleno dia;Crescente;Céu Claro;Simples;Reta;Sim;3;0;2;0;0;1;2;3;-7,132704;-34,931152;SPRF-PB;DEL01-PB;UOP01-DEL01-PB
706463;22/07/2025;terça-feira;12:55:00;PR;277;679;MEDIANEIRA;Reação tardia ou ineficiente do condutor;Colisão traseira;Com Vítimas Feridas;Pleno dia;Crescente;Céu Claro;Dupla;"Reta;Retorno Regulamentado";Sim;3;0;0;1;2;0;1;2;-25,30250845;-54,1304725;SPRF-PR;DEL05-PR;UOP01-DEL05-PR
706471;22/07/2025;terça-feira;11:30:00;GO;50;283;CATALAO;Velocidade Incompatível;Tombamento;Com Vítimas Feridas;Pleno dia;Crescente;Céu Claro;Dupla;"Curva;Rotatória;Em Obras";Não;2;0;1;0;1;0;1;1;-18,1896;-47,9511;SPRF-GO;DEL06-GO;UOP01-DEL06-GO