id;data_inversa;dia_semana;horario;uf;br;km;municipio;causa_acidente;tipo_acidente;classificacao_acidente;fase_dia;sentido_via;condicao_metereologica;tipo_pista;tracado_via;uso_solo;pessoas;mortos;feridos_leves;feridos_graves;ilesos;ignorados;feridos;veiculos;latitude;longitude;regional;delegacia;uop
706475;22/07/2025;terça-feira;14:35:00;MG;40;602;CONGONHAS;Velocidade Incompatível;Tombamento;Com Vítimas Feridas;Pleno dia;Crescente;Céu Claro;Simples;"Declive;Curva";Não;2;0;1;0;1;0;1;2;-20,4401867;-43,8417123;SPRF-MG;DEL05-MG;UOP02-DEL05-MG
706476;22/07/2025;terça-feira;13:21:00;MS;163;727;COXIM;Acessar a via sem observar a presença dos outros veículos;Colisão transversal;Com Vítimas Feridas;Pleno dia;Decrescente;Céu Claro;Simples;"Reta;Interseção de Vias";Sim;5;0;1;1;2;1;2;3;-18,53426837;-54,74217508;SPRF-MS;DEL06-MS;UOP01-DEL06-MS
706477;22/07/2025;terça-feira;14:30:00;PR;116;67;QUATRO BARRAS;Carga excessiva e/ou mal acondicionada;Saída de leito carroçável;Com Vítimas Feridas;Pleno dia;Decrescente;Sol;Dupla;"Interseção de Vias;Declive;Curva";Não;1;0;0;1;0;0;1;1;-25,31438543;-49,01726095;SPRF-PR;DEL01-PR;UOP02-DEL01-PR
706478;22/07/2025;terça-feira;14:55:00;PR;376;646,5;TIJUCAS DO SUL;Condutor Dormindo;Saída de leito carroçável;Com Vítimas Fatais;Pleno dia;Decrescente;Céu Claro;Dupla;Reta;Não;3;1;0;0;0;2;0;3;-25,8344776;-49,1095804;SPRF-PR;DEL01-PR;UOP04-DEL01-PR
706480;04/06/2025;quarta-feira;14:00:00;PA;230;1125;ITAITUBA;Reação tardia ou ineficiente do condutor;Colisão lateral sentido oposto;Sem Vítimas;Pleno dia;Crescente;Chuva;Simples;"Declive;Reta";Não;3;0;0;0;0;5;0;5;-4,31959965;-55,95765766;SPRF-PA;DEL05-PA;UOP02-DEL05-PA
706481;22/07/2025;terça-feira;14:30:00;SE;101;199;CRISTINAPOLIS;Ausência de reação do condutor;Colisão lateral sentido oposto;Com Vítimas Feridas;Pleno dia;Decrescente;Sol;Simples;Reta;Sim;3;0;2;0;1;0;2;2;-11,4814518;-37,765062;SPRF-SE;DEL02-SE;UOP03-DEL02-SE
706482;22/07/2025;terça-feira;14:58:00;PR;369;343,8;CAMPO MOURAO;Acessar a via sem observar a presença dos outros veículos;Colisão lateral mesmo sentido;Com Vítimas Feridas;Pleno dia;Crescente;Sol;Simples;"Declive;Reta";Não;5;0;1;0;3;3;1;6;-24,089563;-52,389817;SPRF-PR;DEL09-PR;UOP03-DEL09-PR
706485;22/07/2025;terça-feira;09:30:00;MT;364;16;ALTO ARAGUAIA;Demais falhas mecânicas ou elétricas;Incêndio;Sem Vítimas;Pleno dia;Decrescente;Céu Claro;Simples;"Reta;Aclive";Não;2;0;0;0;1;1;0;2;-17,19475474;-53,36174905;SPRF-MT;DEL02-MT;UOP02-DEL02-MT
706486;22/07/2025;terça-feira;14:40:00;CE;222;329;TIANGUA;Desrespeitar a preferência no cruzamento;Colisão transversal;Com Vítimas Feridas;Pleno dia;Crescente;Céu Claro;Simples;Reta;Não;3;0;0;1;1;1;1;3;-3,826068;-41,107923;SPRF-CE;DEL04-CE;UOP02-DEL04-CE
706493;22/07/2025;terça-feira;14:58:00;MS;163;502;JARAGUARI;Objeto estático sobre o leito carroçável;Colisão com objeto;Com Vítimas Feridas;Pleno dia;Crescente;Céu Claro;Dupla;"Aclive;Reta";Não;3;0;1;0;2;0;1;2;-20,304147;-54,506298;SPRF-MS;DEL01-MS;UOP02-DEL01-MS
706497;22/07/2025;terça-feira;13:45:00;BA;116;675;JEQUIE;Transitar no Acostamento;Queda de ocupante de veículo;Com Vítimas Feridas;Pleno dia;Crescente;Céu Claro;Simples;Reta;Não;2;0;0;1;0;1;1;2;-13,8727534;-40,1262226;SPRF-BA;DEL03-BA;UOP01-DEL03-BA
706509;22/07/2025;terça-feira;17:45:00;PB;101;88;JOAO PESSOA;Reação tardia ou ineficiente do condutor;Colisão traseira;Sem Vítimas;Anoitecer;Crescente;Céu Claro;Dupla;"Viaduto;Interseção de Vias";Sim;3;0;0;0;2;2;0;4;-7,16536391;-34,89518404;SPRF-PB;DEL01-PB;UOP01-DEL01-PB
706511;22/07/2025;terça-feira;10:00:00;MG;116;748,9;LEOPOLDINA;Transitar na contramão;Colisão frontal;Com Vítimas Fatais;Pleno dia;Decrescente;Céu Claro;Simples;"Declive;Curva";Não;5;1;1;0;0;3;1;4;-21,442803;-42,537745;SPRF-MG;DEL07-MG;UOP01-DEL07-MG
706514;22/07/2025;terça-feira;17:35:00;RS;386;389,3;TRIUNFO;Acessar a via sem observar a presença dos outros veículos;Colisão transversal;Com Vítimas Feridas;Anoitecer;Decrescente;Céu Claro;Dupla;"Curva;Retorno Regulamentado";Sim;2;0;1;0;1;0;1;2;-29,70188344;-51,68436527;SPRF-RS;DEL04-RS;UOP02-DEL04-RS
706519;22/07/2025;terça-feira;17:55:00;RJ;40;113;DUQUE DE CAXIAS;Reação tardia ou ineficiente do condutor;Queda de ocupante de veículo;Com Vítimas Feridas;Anoitecer;Decrescente;Céu Claro;Múltipla;Reta;Sim;2;0;1;0;1;0;1;2;-22,71730253;-43,28979886;SPRF-RJ;DEL01-RJ;UOP02-DEL01-RJ
706521;22/07/2025;terça-feira;13:10:00;SC;101;139;BALNEARIO CAMBORIU;Reação tardia ou ineficiente do condutor;Engavetamento;Com Vítimas Feridas;Pleno dia;Decrescente;Céu Claro;Simples;Reta;Não;4;0;0;1;3;0;1;3;-27,03852454;-48,60295773;SPRF-SC;DEL04-SC;UOP03-DEL04-SC
706524;22/07/2025;terça-feira;17:10:00;RS;285;205,5;LAGOA VERMELHA;Demais falhas mecânicas ou elétricas;Incêndio;Com Vítimas Feridas;Pleno dia;Crescente;Céu Claro;Simples;Reta;Não;1;0;1;0;0;0;1;1;-28,21833181;-51,57887324;SPRF-RS;DEL08-RS;UOP05-DEL08-RS
706526;22/07/2025;terça-feira;15:40:00;SC;101;38;JOINVILLE;Manobra de mudança de faixa;Colisão traseira;Com Vítimas Feridas;Pleno dia;Crescente;Céu Claro;Múltipla;"Aclive;Viaduto";Sim;4;0;1;0;2;2;1;5;-26,2931308;-48,88463108;SPRF-SC;DEL03-SC;UOP01-DEL03-SC
706527;22/07/2025;terça-feira;09:03:00;MA;230;142,4;PASTOS BONS;Acessar a via sem observar a presença dos outros veículos;Colisão transversal;Com Vítimas Fatais;Pleno dia;Crescente;Céu Claro;Dupla;"Reta;Interseção de Vias";Sim;3;1;0;0;1;1;0;3;-6,597952;-44,085252;SPRF-MA;DEL05-MA;UOP01-DEL05-MA
706528;22/07/2025;terça-feira;18:00:00;ES;101;282;CARIACICA;Objeto estático sobre o leito carroçável;Colisão com objeto;Com Vítimas Feridas;Plena Noite;Crescente;Céu Claro;Dupla;Viaduto;Não;2;0;0;1;1;0;1;2;-20,2267744;-40,3643961;SPRF-ES;DEL01-ES;UOP01-DEL01-ES
706529;22/07/2025;terça-feira;16:00:00;RS;386;437,7;NOVA SANTA RITA;Acessar a via sem observar a presença dos outros veículos;Colisão transversal;Com Vítimas Feridas;Pleno dia;Crescente;Céu Claro;Dupla;Retorno Regulamentado;Sim;4;0;0;1;1;2;1;4;-29,86113855;-51,25621531;SPRF-RS;DEL04-RS;UOP02-DEL04-RS
706533;22/07/2025;terça-feira;15:20:00;MG;40;544,1;BELO HORIZONTE;Acumulo de areia ou detritos sobre o pavimento;Queda de ocupante de veículo;Com Vítimas Feridas;Pleno dia;Decrescente;Céu Claro;Dupla;"Interseção de Vias;Curva";Não;3;0;1;0;1;1;1;3;-20,00137;-43,964598;SPRF-MG;DEL01-MG;UOP02-DEL01-MG
706534;22/07/2025;terça-feira;17:50:00;MS;163;48;ELDORADO;Frear bruscamente;Saída de leito carroçável;Com Vítimas Feridas;Anoitecer;Crescente;Céu Claro;Simples;"Declive;Reta";Não;2;0;1;0;0;2;1;3;-23,7173745;-54,2716391;SPRF-MS;DEL09-MS;UOP02-DEL09-MS
706537;22/07/2025;terça-feira;16:55:00;TO;153;177;ARAGUAINA;Demais falhas mecânicas ou elétricas;Incêndio;Sem Vítimas;Pleno dia;Crescente;Sol;Simples;"Aclive;Reta";Não;3;0;0;0;2;2;0;3;-7,455008;-48,370678;SPRF-TO;DEL02-TO;UOP01-DEL02-TO
706545;22/07/2025;terça-feira;18:30:00;MG;50;188;UBERABA;Ausência de reação do condutor;Colisão traseira;Com Vítimas Feridas;Anoitecer;Crescente;Céu Claro;Dupla;"Reta;Declive";Não;4;0;2;0;1;2;2;4;-19,82858;-47,88126;SPRF-MG;DEL13-MG;UOP01-DEL13-MG
706546;22/07/2025;terça-feira;16:30:00;PB;116;11,1;CACHOEIRA DOS INDIOS;Velocidade Incompatível;Saída de leito carroçável;Com Vítimas Feridas;Pleno dia;Crescente;Céu Claro;Simples;Curva;Não;3;0;1;0;1;1;1;2;-6,98674761;-38,74761651;SPRF-CE;DEL05-CE;UOP03-DEL05-CE
706547;22/07/2025;terça-feira;16:05:00;RS;470;211;BENTO GONCALVES;Ingestão de álcool pelo condutor;Colisão frontal;Com Vítimas Feridas;Pleno dia;Crescente;Nublado;Dupla;Curva;Não;2;0;0;1;1;0;1;2;-29,1768429;-51,5209678;SPRF-RS;DEL06-RS;UOP01-DEL06-RS
706550;22/07/2025;terça-feira;16:40:00;CE;116;476,1;MILAGRES;Conversão proibida;Colisão frontal;Com Vítimas Feridas;Pleno dia;Decrescente;Céu Claro;Simples;Reta;Sim;2;0;1;0;0;1;1;2;-7,30213182;-38,89356494;SPRF-CE;DEL05-CE;UOP03-DEL05-CE
706561;22/07/2025;terça-feira;10:15:00;MG;50;67;UBERLANDIA;Reação tardia ou ineficiente do condutor;Colisão lateral mesmo sentido;Com Vítimas Feridas;Pleno dia;Decrescente;Céu Claro;Dupla;Retorno Regulamentado;Sim;7;0;1;0;5;3;1;6;-18,87541746;-48,25914145;SPRF-MG;DEL15-MG;UOP02-DEL15-MG
706566;22/07/2025;terça-feira;21:15:00;PR;153;489;GENERAL CARNEIRO;Pedestre - Ingestão de álcool/ substâncias psicoativas;Atropelamento de Pedestre;Com Vítimas Feridas;Plena Noite;Crescente;Céu Claro;Simples;Reta;Não;2;0;0;1;1;0;1;2;-26,417323;-51,30296478;SPRF-PR;DEL02-PR;UOP03-DEL02-PR
706571;22/07/2025;terça-feira;20:59:00;PE;232;6;RECIFE;Condutor deixou de manter distância do veículo da frente;Engavetamento;Com Vítimas Feridas;Plena Noite;Decrescente;Chuva;Dupla;Reta;Sim;3;0;1;0;2;0;1;3;-8,071058;-34,95362;SPRF-PE;DEL01-PE;UOP01-DEL01-PE
706573;22/07/2025;terça-feira;17:50:00;SP;116;283;EMBU DAS ARTES;Trafegar com motocicleta (ou similar) entre as faixas;Colisão lateral mesmo sentido;Com Vítimas Feridas;Anoitecer;Decrescente;Céu Claro;Dupla;Reta;Sim;4;0;1;0;2;1;1;4;-23,66783453;-46,85531616;SPRF-SP;DEL04-SP;UOP01-DEL04-SP
706577;22/07/2025;terça-feira;17:30:00;MA;222;408;SANTA LUZIA;Condutor deixou de manter distância do veículo da frente;Colisão traseira;Com Vítimas Feridas;Anoitecer;Decrescente;Céu Claro;Dupla;"Reta;Retorno Regulamentado";Sim;2;0;0;1;1;0;1;2;-3,966149;-45,666896;SPRF-MA;DEL02-MA;UOP01-DEL02-MA
706578;22/07/2025;terça-feira;12:45:00;RJ;116;328;NITEROI;Ausência de reação do condutor;Queda de ocupante de veículo;Com Vítimas Feridas;Pleno dia;Decrescente;Céu Claro;Dupla;Reta;Sim;2;0;1;0;0;1;1;2;-22,8818944;-43,1128576;SPRF-RJ;DEL07-RJ;UOP02-DEL07-RJ
706580;22/07/2025;terça-feira;22:15:00;PR;277;2;PARANAGUA;Ausência de reação do condutor;Colisão traseira;Com Vítimas Fatais;Plena Noite;Decrescente;Céu Claro;Dupla;Reta;Sim;4;1;0;0;1;3;0;5;-25,548417;-48,547806;SPRF-PR;DEL01-PR;UOP05-DEL01-PR
706583;22/07/2025;terça-feira;19:30:00;SC;101;423,5;ARARANGUA;Desrespeitar a preferência no cruzamento;Colisão transversal;Com Vítimas Feridas;Plena Noite;Crescente;Céu Claro;Simples;Interseção de Vias;Não;2;0;1;0;0;1;1;2;-29,0086658;-49,5703876;SPRF-SC;DEL02-SC;UOP02-DEL02-SC
706584;22/07/2025;terça-feira;15:30:00;MT;163;620,5;NOVA MUTUM;Ultrapassagem Indevida;Colisão frontal;Com Vítimas Feridas;Pleno dia;Crescente;Sol;Simples;Reta;Não;4;0;1;0;2;4;1;7;-13,65265935;-56,03610992;SPRF-MT;DEL01-MT;UOP01-DEL01-MT
706587;22/07/2025;terça-feira;14:30:00;RS;285;74,5;VACARIA;Reação tardia ou ineficiente do condutor;Saída de leito carroçável;Com Vítimas Feridas;Pleno dia;Crescente;Céu Claro;Simples;Curva;Não;2;0;1;0;0;1;1;2;-28,59902925;-50,73074341;SPRF-RS;DEL05-RS;UOP03-DEL05-RS
706588;22/07/2025;terça-feira;21:50:00;RS;386;277,8;SAO JOSE DO HERVAL;Condutor Dormindo;Colisão frontal;Com Vítimas Fatais;Plena Noite;Decrescente;Céu Claro;Simples;"Declive;Curva";Não;2;1;1;0;0;0;1;2;-29,0211498;-52,321267;SPRF-RS;DEL04-RS;UOP03-DEL04-RS
706593;22/07/2025;terça-feira;19:20:00;GO;153;682;ITUMBIARA;Ingestão de álcool pelo condutor;Colisão traseira;Com Vítimas Feridas;Plena Noite;Crescente;Céu Claro;Dupla;"Reta;Aclive";Não;3;0;1;0;1;1;1;3;-18,2350171;-49,26017404;SPRF-GO;DEL03-GO;UOP02-DEL03-GO
706598;22/07/2025;terça-feira;20:30:00;GO;158;35;BOM JARDIM DE GOIAS;Condutor deixou de manter distância do veículo da frente;Colisão frontal;Com Vítimas Feridas;Plena Noite;Crescente;Céu Claro;Simples;Reta;Não;3;0;1;0;1;3;1;5;-16,19289996;-52,16629627;SPRF-GO;DEL04-GO;UOP02-DEL04-GO
706599;23/07/2025;quarta-feira;01:00:00;MT;70;52;BARRA DO GARCAS;Ausência de reação do condutor;Colisão traseira;Com Vítimas Feridas;Plena Noite;Decrescente;Céu Claro;Simples;Reta;Não;3;0;1;0;2;0;1;2;-15,8725023;-52,3855478;SPRF-MT;DEL07-MT;UOP01-DEL07-MT
706601;23/07/2025;quarta-feira;01:34:00;PE;232;120,6;CARUARU;Reação tardia ou ineficiente do condutor;Colisão traseira;Com Vítimas Fatais;Plena Noite;Decrescente;Chuva;Simples;"Reta;Aclive";Não;2;1;0;0;0;1;0;2;-8,30004;-35,91342;SPRF-PE;DEL02-PE;UOP03-DEL02-PE
706604;23/07/2025;quarta-feira;02:50:00;RJ;493;0;ITABORAI;Transitar na contramão;Colisão frontal;Com Vítimas Fatais;Plena Noite;Crescente;Nublado;Simples;Curva;Sim;3;1;0;0;1;1;0;3;-22,76820812;-42,92238235;SPRF-RJ;DEL02-RJ;UOP02-DEL02-RJ
706606;23/07/2025;quarta-feira;04:15:00;SC;101;151,5;ITAPEMA;Pedestre cruzava a pista fora da faixa;Atropelamento de Pedestre;Com Vítimas Fatais;Plena Noite;Crescente;Céu Claro;Múltipla;Reta;Sim;6;2;1;1;1;1;2;6;-27,13017;-48,61032917;SPRF-SC;DEL04-SC;UOP03-DEL04-SC
706609;23/07/2025;quarta-feira;05:00:00;SP;116;359;MIRACATU;Velocidade Incompatível;Tombamento;Com Vítimas Feridas;Plena Noite;Decrescente;Nublado;Dupla;Curva;Não;2;0;1;0;0;1;1;2;-24,11108339;-47,26565552;SPRF-SP;DEL04-SP;UOP03-DEL04-SP
706611;22/07/2025;terça-feira;19:50:00;RS;116;134;CAXIAS DO SUL;Reação tardia ou ineficiente do condutor;Tombamento;Com Vítimas Feridas;Plena Noite;Decrescente;Céu Claro;Simples;Curva;Não;1;0;1;0;0;0;1;1;-29,064054;-51,097457;SPRF-RS;DEL05-RS;UOP01-DEL05-RS
706621;22/07/2025;terça-feira;22:55:00;BA;116;185,8;CANUDOS;Condutor Dormindo;Saída de leito carroçável;Com Vítimas Feridas;Plena Noite;Decrescente;Nublado;Simples;Reta;Não;1;0;0;1;0;0;1;1;-10,236283;-39,086854;SPRF-BA;DEL07-BA;UOP03-DEL07-BA
706629;23/07/2025;quarta-feira;07:15:00;SC;470;146;RIO DO SUL;Acessar a via sem observar a presença dos outros veículos;Colisão transversal;Com Vítimas Feridas;Pleno dia;Crescente;Céu Claro;Simples;Retorno Regulamentado;Não;4;0;1;0;2;1;1;4;-27,23964153;-49,68469832;SPRF-SC;DEL04-SC;UOP02-DEL04-SC
706631;23/07/2025;quarta-feira;06:50:00;PR;476;341;PAULA FREITAS;Afundamento ou ondulação no pavimento;Colisão lateral mesmo sentido;Com Vítimas Feridas;Amanhecer;Decrescente;Nevoeiro/Neblina;Simples;Reta;Não;2;0;1;0;1;0;1;2;-26,17731577;-50,91785431;SPRF-PR;DEL02-PR;UOP03-DEL02-PR
706632;22/07/2025;terça-feira;23:37:00;SP;116;566;BARRA DO TURVO;Ingestão de álcool pelo condutor;Colisão traseira;Sem Vítimas;Plena Noite;Decrescente;Céu Claro;Simples;Curva;Não;2;0;0;0;2;0;0;2;-25,046746;-48,544406;SPRF-SP;DEL05-SP;UOP02-DEL05-SP
706636;14/06/2025;sábado;05:42:00;PA;163;299;NOVO PROGRESSO;Condutor Dormindo;Saída de leito carroçável;Com Vítimas Feridas;Amanhecer;Crescente;Céu Claro;Simples;Reta;Não;2;0;1;0;0;3;1;4;-7,134783;-55,38567;SPRF-PA;DEL05-PA;UOP03-DEL05-PA
706637;23/07/2025;quarta-feira;07:30:00;DF;20;19,2;BRASILIA;Ausência de reação do condutor;Colisão transversal;Com Vítimas Feridas;Pleno dia;Crescente;Céu Claro;Dupla;Declive;Sim;4;0;0;1;2;2;1;5;-15,6154066;-47,70602524;SPRF-DF;DEL02-DF;UOP01-DEL02-DF
706640;23/07/2025;quarta-feira;07:26:00;PR;376;5,6;MARINGA;Ausência de reação do condutor;Colisão lateral mesmo sentido;Sem Vítimas;Amanhecer;Crescente;Céu Claro;Dupla;"Aclive;Reta";Sim;7;0;0;0;5;3;0;8;-23,46180943;-51,9165802;SPRF-PR;DEL09-PR;UOP01-DEL09-PR
706641;23/07/2025;quarta-feira;07:50:00;PR;376;5,6;MARINGA;Reação tardia ou ineficiente do condutor;Colisão traseira;Com Vítimas Feridas;Pleno dia;Crescente;Sol;Dupla;"Reta;Aclive";Sim;2;0;1;0;0;1;1;2;-23,37901812;-51,94672672;SPRF-PR;DEL09-PR;UOP01-DEL09-PR
706642;03/05/2025;sábado;14:19:00;PA;163;287;NOVO PROGRESSO;Ausência de reação do condutor;Tombamento;Sem Vítimas;Pleno dia;Crescente;Céu Claro;Simples;Reta;Não;2;0;0;0;0;3;0;3;-7,237322;-55,34413;SPRF-PA;DEL05-PA;UOP03-DEL05-PA
706646;23/07/2025;quarta-feira;06:45:00;MT;364;208;RONDONOPOLIS;Condutor Dormindo;Colisão lateral mesmo sentido;Com Vítimas Feridas;Pleno dia;Decrescente;Céu Claro;Dupla;Reta;Sim;5;0;1;0;2;6;1;9;-16,43105567;-54,69140589;SPRF-MT;DEL02-MT;UOP01-DEL02-MT
706648;18/07/2025;sexta-feira;20:50:00;RJ;40;54;PETROPOLIS;Mal súbito do condutor;Colisão traseira;Sem Vítimas;Plena Noite;Decrescente;Céu Claro;Dupla;Curva;Não;7;0;0;0;5;2;0;4;-22,35144329;-43,12058821;SPRF-RJ;DEL05-RJ;UOP02-DEL05-RJ
706650;23/07/2025;quarta-feira;08:20:00;PE;423;75,2;JUCATI;Ultrapassagem Indevida;Colisão frontal;Com Vítimas Feridas;Pleno dia;Decrescente;Chuva;Simples;"Declive;Reta";Não;5;0;4;0;1;0;4;2;-8,72597;-36,43036;SPRF-PE;DEL03-PE;UOP01-DEL03-PE
706653;23/07/2025;quarta-feira;07:15:00;MG;116;688,6;MURIAE;Velocidade Incompatível;Tombamento;Com Vítimas Feridas;Pleno dia;Crescente;Céu Claro;Simples;"Declive;Curva";Não;2;0;1;0;0;1;1;2;-21,009571;-42,361352;SPRF-MG;DEL07-MG;UOP02-DEL07-MG
706656;23/07/2025;quarta-feira;09:00:00;MG;381;159,5;GOVERNADOR VALADARES;Transitar na contramão;Colisão frontal;Com Vítimas Feridas;Pleno dia;Crescente;Sol;Simples;Reta;Não;3;0;0;3;0;0;3;2;-18,925808;-42,036937;SPRF-MG;DEL06-MG;UOP01-DEL06-MG
706665;23/07/2025;quarta-feira;09:40:00;RJ;101;283;ITABORAI;Ausência de reação do condutor;Colisão traseira;Com Vítimas Feridas;Pleno dia;Crescente;Céu Claro;Dupla;Aclive;Não;6;0;0;1;4;1;1;3;-22,73621995;-42,80122932;SPRF-RJ;DEL02-RJ;UOP02-DEL02-RJ
706666;02/07/2025;quarta-feira;07:19:00;GO;60;114;TEREZOPOLIS DE GOIAS;Ausência de reação do condutor;Colisão traseira;Com Vítimas Feridas;Pleno dia;Decrescente;Céu Claro;Dupla;Aclive;Não;5;0;2;0;3;0;2;5;-16,472047;-49,076769;SPRF-GO;DEL01-GO;UOP01-DEL01-GO
706669;23/07/2025;quarta-feira;09:50:00;AL;101;52;FLEXEIRAS;Acumulo de água sobre o pavimento;Colisão lateral mesmo sentido;Sem Vítimas;Pleno dia;Decrescente;Chuva;Dupla;Curva;Não;3;0;0;0;2;1;0;3;-9,248996;-35,757572;SPRF-AL;DEL01-AL;UOP02-DEL01-AL
706670;09/04/2025;quarta-feira;15:00:00;BA;116;539;ITATIM;Manobra de mudança de faixa;Colisão frontal;Com Vítimas Feridas;Pleno dia;Crescente;Céu Claro;Simples;Reta;Não;3;0;2;0;0;1;2;3;-12,81512;-39,82522;SPRF-BA;DEL03-BA;UOP02-DEL03-BA
706677;20/06/2025;sexta-feira;07:08:00;PA;163;332;NOVO PROGRESSO;Ausência de reação do condutor;Colisão traseira;Com Vítimas Feridas;Pleno dia;Decrescente;Ignorado;Simples;Reta;Não;2;0;1;0;0;1;1;2;-6,864051;-55,444585;SPRF-PA;DEL05-PA;UOP03-DEL05-PA
706679;20/07/2025;domingo;02:30:00;SP;116;364;MIRACATU;Condutor Dormindo;Tombamento;Com Vítimas Feridas;Plena Noite;Crescente;Nublado;Dupla;Curva;Não;2;0;1;0;0;1;1;2;-24,14376223;-47,27232674;SPRF-SP;DEL04-SP;UOP02-DEL04-SP
706680;23/07/2025;quarta-feira;12:30:00;SC;280;31,7;ARAQUARI;Condutor deixou de manter distância do veículo da frente;Colisão traseira;Com Vítimas Feridas;Pleno dia;Decrescente;Nublado;Simples;Reta;Sim;3;0;1;0;2;0;1;3;-26,4168864;-48,7732237;SPRF-SC;DEL03-SC;UOP03-DEL03-SC
706687;23/07/2025;quarta-feira;10:30:00;RS;471;678,5;CHUI;Desrespeitar a preferência no cruzamento;Colisão transversal;Com Vítimas Feridas;Pleno dia;Crescente;Céu Claro;Simples;"Curva;Interseção de Vias";Não;3;0;1;0;1;1;1;3;-33,68057639;-53,4485621;SPRF-RS;DEL07-RS;UOP04-DEL07-RS
706688;23/07/2025;quarta-feira;13:00:00;MG;251;427,8;GRAO MOGOL;Velocidade Incompatível;Tombamento;Com Vítimas Fatais;Pleno dia;Crescente;Sol;Simples;Curva;Não;2;1;0;0;0;1;0;2;-16,33690716;-43,13798285;SPRF-MG;DEL12-MG;UOP01-DEL12-MG
706691;23/07/2025;quarta-feira;12:30:00;ES;101;53,8;SAO MATEUS;Mal súbito do condutor;Colisão lateral sentido oposto;Com Vítimas Feridas;Pleno dia;Crescente;Céu Claro;Simples;Reta;Não;3;0;0;1;1;2;1;4;-18,637979;-39,8773582;SPRF-ES;DEL04-ES;UOP02-DEL04-ES
706692;23/07/2025;quarta-feira;13:30:00;PR;277;115;CAMPO LARGO;Acesso irregular;Colisão transversal;Com Vítimas Feridas;Pleno dia;Crescente;Céu Claro;Dupla;Reta;Sim;3;0;1;0;1;1;1;3;-25,436337;-49,443152;SPRF-PR;DEL03-PR;UOP03-DEL03-PR
706697;23/07/2025;quarta-feira;05:45:00;MA;135;15;SAO LUIS;Conversão proibida;Engavetamento;Sem Vítimas;Pleno dia;Decrescente;Céu Claro;Dupla;Curva;Sim;4;0;0;0;3;2;0;5;-2,56813798;-44,35884476;SPRF-MA;DEL01-MA;UOP01-DEL01-MA
706698;23/07/2025;quarta-feira;14:40:00;SC;101;194,2;BIGUACU;Mal súbito do condutor;Colisão traseira;Com Vítimas Feridas;Pleno dia;Crescente;Nublado;Dupla;Reta;Sim;2;0;1;0;1;0;1;2;-27,500075;-48,655197;SPRF-SC;DEL01-SC;UOP01-DEL01-SC
706699;13/07/2025;domingo;08:45:00;RS;392;88;PELOTAS;Acostamento em desnível;Tombamento;Com Vítimas Feridas;Amanhecer;Crescente;Nevoeiro/Neblina;Simples;Aclive;Não;3;0;2;0;0;1;2;2;-31,60919645;-52,5131774;SPRF-RS;DEL07-RS;UOP01-DEL07-RS
706700;23/07/2025;quarta-feira;12:15:00;MG;251;310;SALINAS;Pedestre andava na pista;Atropelamento de Pedestre;Com Vítimas Fatais;Pleno dia;Decrescente;Sol;Simples;Reta;Não;4;1;0;0;1;3;0;4;-16,13784743;-42,27442503;SPRF-MG;DEL12-MG;UOP02-DEL12-MG
706701;23/07/2025;quarta-feira;13:30:00;MG;365;5,4;MONTES CLAROS;Velocidade Incompatível;Tombamento;Sem Vítimas;Pleno dia;Decrescente;Sol;Simples;"Declive;Curva";Não;1;0;0;0;1;0;0;1;-16,806855;-43,90501;SPRF-MG;DEL12-MG;UOP01-DEL12-MG
706705;23/07/2025;quarta-feira;14:50:00;CE;222;109;SOBRAL;Reação tardia ou ineficiente do condutor;Colisão traseira;Com Vítimas Feridas;Pleno dia;Crescente;Céu Claro;Simples;"Declive;Curva";Não;7;0;3;0;3;1;3;3;-3,7189521;-40,3323178;SPRF-CE;DEL04-CE;UOP03-DEL04-CE
706707;23/07/2025;quarta-feira;15:55:00;PE;101;45;IGARASSU;Sinalização mal posicionada;Atropelamento de Pedestre;Com Vítimas Feridas;Pleno dia;Decrescente;Céu Claro;Múltipla;Reta;Sim;2;0;0;1;0;1;1;2;-7,872828;-34,906256;SPRF-PE;DEL01-PE;UOP02-DEL01-PE
706711;23/07/2025;quarta-feira;16:30:00;RJ;116;309;RESENDE;Ausência de reação do condutor;Colisão lateral mesmo sentido;Sem Vítimas;Pleno dia;Decrescente;Céu Claro;Múltipla;Reta;Sim;2;0;0;0;2;0;0;2;-22,458773;-44,42557275;SPRF-RJ;DEL07-RJ;UOP02-DEL07-RJ
706716;23/07/2025;quarta-feira;11:30:00;RS;468;67,2;CAMPO NOVO;Acessar a via sem observar a presença dos outros veículos;Colisão frontal;Com Vítimas Feridas;Pleno dia;Decrescente;Céu Claro;Simples;Reta;Não;6;0;4;0;1;2;4;5;-27,73534203;-53,84086059;SPRF-RS;DEL08-RS;UOP02-DEL08-RS
706719;23/07/2025;quarta-feira;16:50:00;RS;116;566;PEDRO OSORIO;Problema na suspensão;Colisão com objeto;Com Vítimas Feridas;Pleno dia;Crescente;Céu Claro;Simples;Reta;Não;4;0;1;0;3;0;1;1;-31,93417233;-52,74566174;SPRF-RS;DEL07-RS;UOP03-DEL07-RS
706731;23/07/2025;quarta-feira;17:50:00;RS;386;234,1;SOLEDADE;Problema com o freio;Colisão frontal;Com Vítimas Fatais;Anoitecer;Crescente;Nublado;Simples;"Reta;Ponte;Em Obras";Não;2;1;1;0;0;0;1;2;-28,72376491;-52,55976889;SPRF-RS;DEL04-RS;UOP03-DEL04-RS