id;data_inversa;dia_semana;horario;uf;br;km;municipio;causa_acidente;tipo_acidente;classificacao_acidente;fase_dia;sentido_via;condicao_metereologica;tipo_pista;tracado_via;uso_solo;pessoas;mortos;feridos_leves;feridos_graves;ilesos;ignorados;feridos;veiculos;latitude;longitude;regional;delegacia;uop
707018;25/07/2025;sexta-feira;00:10:00;MG;116;156;ITAOBIM;Condutor Dormindo;Tombamento;Com Vítimas Feridas;Plena Noite;Crescente;Céu Claro;Simples;Reta;Não;2;0;1;0;0;1;1;2;-16,57432;-41,5112678;SPRF-MG;DEL11-MG;UOP02-DEL11-MG
707020;25/07/2025;sexta-feira;03:30:00;BA;101;65;ENTRE RIOS;Demais falhas mecânicas ou elétricas;Incêndio;Sem Vítimas;Plena Noite;Decrescente;Céu Claro;Dupla;Reta;Não;2;0;0;0;1;2;0;3;-11,95567674;-38,08334255;SPRF-BA;DEL01-BA;UOP04-DEL01-BA
707022;25/07/2025;sexta-feira;06:45:00;PR;376;602,6;CURITIBA;Área urbana sem a presença de local apropriado para a travessia de pedestres;Atropelamento de Pedestre;Com Vítimas Fatais;Amanhecer;Crescente;Nublado;Dupla;Reta;Sim;3;1;0;0;1;1;0;3;-25,525681;-49,33054;SPRF-PR;DEL01-PR;UOP03-DEL01-PR
707026;25/07/2025;sexta-feira;06:40:00;GO;40;25;LUZIANIA;Demais falhas na via;Colisão transversal;Com Vítimas Feridas;Pleno dia;Crescente;Céu Claro;Simples;"Curva;Em Obras";Sim;5;0;3;0;2;0;3;2;-16,25132707;-47,90158057;SPRF-DF;DEL01-DF;UOP01-DEL01-DF
707027;24/07/2025;quinta-feira;22:04:00;SP;116;155,9;SAO JOSE DOS CAMPOS;Manobra de mudança de faixa;Colisão lateral mesmo sentido;Sem Vítimas;Plena Noite;Crescente;Céu Claro;Múltipla;"Reta;Aclive;Em Obras;Desvio Temporário";Sim;3;0;0;0;3;0;0;2;-23,247993;-45,932296;SPRF-SP;DEL02-SP;UOP01-DEL02-SP
707028;24/07/2025;quinta-feira;23:05:00;SP;116;512;CAJATI;Reação tardia ou ineficiente do condutor;Tombamento;Com Vítimas Feridas;Plena Noite;Decrescente;Garoa/Chuvisco;Dupla;"Aclive;Curva";Não;1;0;1;0;0;0;1;1;-24,83208214;-48,21473328;SPRF-SP;DEL05-SP;UOP02-DEL05-SP
707033;24/07/2025;quinta-feira;11:00:00;SC;116;107;MONTE CASTELO;Velocidade Incompatível;Colisão traseira;Sem Vítimas;Pleno dia;Decrescente;Nevoeiro/Neblina;Simples;Curva;Não;5;0;0;0;5;0;0;2;-26,7570094;-50,3297364;SPRF-SC;DEL06-SC;UOP02-DEL06-SC
707037;25/07/2025;sexta-feira;05:40:00;MS;262;145;AGUA CLARA;Ingestão de substâncias psicoativas pelo condutor;Colisão frontal;Sem Vítimas;Amanhecer;Decrescente;Céu Claro;Simples;Curva;Sim;3;0;0;0;1;3;0;4;-20,444355;-52,898207;SPRF-MS;DEL07-MS;UOP02-DEL07-MS
707038;25/07/2025;sexta-feira;06:50:00;MA;10;316,7;ACAILANDIA;Ultrapassagem Indevida;Colisão lateral sentido oposto;Com Vítimas Feridas;Amanhecer;Crescente;Nublado;Simples;"Reta;Aclive";Não;2;0;1;0;1;0;1;2;-4,97158622;-47,51655579;SPRF-MA;DEL04-MA;UOP03-DEL04-MA
707046;25/07/2025;sexta-feira;08:50:00;ES;262;24,9;VIANA;Demais falhas mecânicas ou elétricas;Incêndio;Sem Vítimas;Pleno dia;Crescente;Céu Claro;Simples;"Reta;Aclive";Não;1;0;0;0;1;0;0;1;-20,37904784;-40,5347965;SPRF-ES;DEL01-ES;UOP01-DEL01-ES
707050;25/07/2025;sexta-feira;05:00:00;SC;158;103,1;CUNHA PORA;Transitar na contramão;Colisão frontal;Com Vítimas Fatais;Plena Noite;Crescente;Nublado;Simples;"Reta;Declive";Não;4;1;0;1;1;2;1;4;-26,8398674;-53,17251921;SPRF-SC;DEL07-SC;UOP02-DEL07-SC
707051;25/07/2025;sexta-feira;10:00:00;SP;116;225;GUARULHOS;Manobra de mudança de faixa;Colisão lateral mesmo sentido;Com Vítimas Feridas;Pleno dia;Crescente;Nublado;Dupla;Reta;Sim;3;0;1;0;2;0;1;2;-23,48872319;-46,54578622;SPRF-SP;DEL01-SP;UOP01-DEL01-SP
707062;25/07/2025;sexta-feira;08:40:00;MT;70;521,6;VARZEA GRANDE;Condutor desrespeitou a iluminação vermelha do semáforo;Colisão transversal;Com Vítimas Feridas;Pleno dia;Decrescente;Sol;Simples;"Reta;Interseção de Vias";Sim;3;0;1;0;1;3;1;5;-15,668007;-56,181679;SPRF-MT;DEL01-MT;UOP02-DEL01-MT
707064;25/07/2025;sexta-feira;11:00:00;SP;116;205;ARUJA;Entrada inopinada do pedestre;Atropelamento de Pedestre;Com Vítimas Feridas;Pleno dia;Decrescente;Céu Claro;Múltipla;"Reta;Interseção de Vias";Sim;3;0;1;0;1;1;1;3;-23,41511807;-46,36723685;SPRF-SP;DEL01-SP;UOP01-DEL01-SP
707073;25/07/2025;sexta-feira;11:45:00;SC;101;177,5;GOVERNADOR CELSO RAMOS;Reação tardia ou ineficiente do condutor;Colisão traseira;Com Vítimas Feridas;Pleno dia;Decrescente;Chuva;Múltipla;Reta;Sim;2;0;1;0;1;0;1;2;-27,36015;-48,63285;SPRF-SC;DEL01-SC;UOP01-DEL01-SC
707075;25/07/2025;sexta-feira;11:38:00;PR;277;69;SAO JOSE DOS PINHAIS;Ausência de reação do condutor;Colisão traseira;Com Vítimas Feridas;Pleno dia;Crescente;Céu Claro;Dupla;Reta;Não;4;0;1;0;1;4;1;6;-25,51375;-49,122863;SPRF-PR;DEL01-PR;UOP01-DEL01-PR
707079;25/07/2025;sexta-feira;10:30:00;PE;407;129;PETROLINA;Manobra de mudança de faixa;Colisão lateral mesmo sentido;Com Vítimas Fatais;Pleno dia;Crescente;Céu Claro;Dupla;"Ponte;Reta";Sim;3;1;0;0;1;1;0;3;-9,40669127;-40,50464837;SPRF-PE;DEL06-PE;UOP01-DEL06-PE
707081;25/07/2025;sexta-feira;11:47:00;PR;116;126;FAZENDA RIO GRANDE;Ausência de reação do condutor;Colisão traseira;Com Vítimas Feridas;Pleno dia;Crescente;Céu Claro;Dupla;Reta;Sim;2;0;0;1;1;0;1;2;-25,647847;-49,312675;SPRF-PR;DEL01-PR;UOP03-DEL01-PR
707082;25/07/2025;sexta-feira;09:47:00;BA;324;617;SALVADOR;Acessar a via sem observar a presença dos outros veículos;Saída de leito carroçável;Com Vítimas Feridas;Pleno dia;Decrescente;Nublado;Dupla;Interseção de Vias;Não;3;0;1;1;0;1;2;2;-12,89952754;-38,45055051;SPRF-BA;DEL01-BA;UOP01-DEL01-BA
707084;25/07/2025;sexta-feira;09:40:00;ES;262;120,8;CONCEICAO DO CASTELO;Ausência de reação do condutor;Tombamento;Com Vítimas Feridas;Pleno dia;Decrescente;Sol;Simples;"Declive;Curva";Não;1;0;1;0;0;0;1;1;-20,29467;-41,227997;SPRF-ES;DEL01-ES;UOP02-DEL01-ES
707088;25/07/2025;sexta-feira;12:10:00;MG;365;620,3;UBERLANDIA;Suicídio (presumido);Atropelamento de Pedestre;Com Vítimas Fatais;Pleno dia;Crescente;Céu Claro;Múltipla;Reta;Sim;3;1;0;0;1;2;0;4;-18,89078;-48,270696;SPRF-MG;DEL15-MG;UOP01-DEL15-MG
707089;25/07/2025;sexta-feira;12:05:00;MG;262;37;MANHUACU;Acessar a via sem observar a presença dos outros veículos;Colisão transversal;Com Vítimas Feridas;Pleno dia;Decrescente;Céu Claro;Simples;Reta;Sim;4;0;2;0;2;0;2;4;-20,2504843;-42,1473807;SPRF-MG;DEL06-MG;UOP03-DEL06-MG
707097;25/07/2025;sexta-feira;11:45:00;RS;470;287;MONTENEGRO;Desrespeitar a preferência no cruzamento;Colisão transversal;Com Vítimas Feridas;Pleno dia;Crescente;Céu Claro;Simples;Rotatória;Sim;4;0;3;0;1;0;3;2;-29,68741546;-51,47900328;SPRF-RS;DEL06-RS;UOP01-DEL06-RS
707102;25/07/2025;sexta-feira;13:15:00;RS;470;231,1;CARLOS BARBOSA;Acessar a via sem observar a presença dos outros veículos;Colisão transversal;Com Vítimas Feridas;Pleno dia;Decrescente;Sol;Simples;Declive;Não;3;0;2;0;1;0;2;2;-29,28770382;-51,48917405;SPRF-RS;DEL06-RS;UOP01-DEL06-RS
707105;25/07/2025;sexta-feira;12:55:00;MT;364;201;RONDONOPOLIS;Reação tardia ou ineficiente do condutor;Colisão traseira;Com Vítimas Feridas;Pleno dia;Decrescente;Sol;Dupla;"Retorno Regulamentado;Reta";Sim;3;0;1;0;1;1;1;3;-16,48896486;-54,6473912;SPRF-MT;DEL02-MT;UOP01-DEL02-MT
707106;25/07/2025;sexta-feira;14:00:00;RS;472;405,9;SAO BORJA;Acessar a via sem observar a presença dos outros veículos;Colisão transversal;Com Vítimas Feridas;Pleno dia;Crescente;Céu Claro;Simples;Rotatória;Sim;3;0;1;0;1;2;1;4;-28,67389014;-55,96690893;SPRF-RS;DEL12-RS;UOP01-DEL12-RS
707108;25/07/2025;sexta-feira;14:13:00;CE;116;6;FORTALEZA;Manobra de mudança de faixa;Colisão lateral mesmo sentido;Com Vítimas Feridas;Pleno dia;Crescente;Céu Claro;Múltipla;Reta;Sim;3;0;0;1;2;0;1;3;-3,80285;-38,503849;SPRF-CE;DEL01-CE;UOP02-DEL01-CE
707112;25/07/2025;sexta-feira;11:40:00;MG;251;510,2;MONTES CLAROS;Ausência de reação do condutor;Tombamento;Com Vítimas Feridas;Pleno dia;Decrescente;Céu Claro;Simples;"Aclive;Reta";Não;2;0;1;0;0;1;1;2;-16,6536485;-43,7179711;SPRF-MG;DEL12-MG;UOP01-DEL12-MG
707120;01/06/2025;domingo;20:38:00;PA;163;273;NOVO PROGRESSO;Ultrapassagem Indevida;Colisão frontal;Com Vítimas Fatais;Anoitecer;Crescente;Nublado;Simples;Reta;Não;6;1;3;0;1;2;3;5;-7,3375;-55,3013;SPRF-PA;DEL05-PA;UOP03-DEL05-PA
707123;25/07/2025;sexta-feira;14:25:00;MT;174;294;PONTES E LACERDA;Ausência de reação do condutor;Eventos atípicos;Sem Vítimas;Pleno dia;Crescente;Céu Claro;Simples;Reta;Não;2;0;0;0;1;1;0;2;-15,19656987;-59,32247043;SPRF-MT;DEL04-MT;UOP01-DEL04-MT
707132;25/07/2025;sexta-feira;10:25:00;PI;135;493,5;MONTE ALEGRE DO PIAUI;Demais falhas mecânicas ou elétricas;Incêndio;Sem Vítimas;Pleno dia;Decrescente;Céu Claro;Simples;Reta;Não;2;0;0;0;1;2;0;3;-9,734748;-45,209547;SPRF-PI;DEL03-PI;UOP02-DEL03-PI
707136;25/07/2025;sexta-feira;15:17:00;PR;116;88;PIRAQUARA;Avarias e/ou desgaste excessivo no pneu;Colisão lateral mesmo sentido;Com Vítimas Feridas;Pleno dia;Crescente;Céu Claro;Dupla;Reta;Não;4;0;1;0;2;2;1;4;-25,479415;-49,101703;SPRF-PR;DEL01-PR;UOP07-DEL01-PR
707137;25/07/2025;sexta-feira;15:30:00;PR;376;629;SAO JOSE DOS PINHAIS;Ausência de reação do condutor;Colisão traseira;Com Vítimas Feridas;Pleno dia;Crescente;Nublado;Simples;Reta;Sim;5;0;2;0;2;1;2;3;-25,6983071;-49,1443499;SPRF-PR;DEL01-PR;UOP04-DEL01-PR
707138;25/07/2025;sexta-feira;14:15:00;SP;153;38;ONDA VERDE;Acessar a via sem observar a presença dos outros veículos;Colisão transversal;Com Vítimas Feridas;Pleno dia;Decrescente;Céu Claro;Simples;"Reta;Rotatória";Não;3;0;1;0;1;1;1;3;-20,617024;-49,333064;SPRF-SP;DEL09-SP;UOP01-DEL09-SP
707142;25/07/2025;sexta-feira;14:20:00;MG;381;944,5;EXTREMA;Ausência de sinalização;Colisão traseira;Com Vítimas Fatais;Pleno dia;Decrescente;Chuva;Dupla;"Declive;Curva";Não;5;1;0;0;3;5;0;9;-22,85001;-46,3365;SPRF-MG;DEL16-MG;UOP03-DEL16-MG
707148;25/07/2025;sexta-feira;14:10:00;PE;101;107,5;CABO DE SANTO AGOSTINHO;Condutor deixou de manter distância do veículo da frente;Colisão traseira;Com Vítimas Feridas;Pleno dia;Crescente;Nublado;Dupla;Reta;Não;3;0;0;1;1;2;1;4;-8,30855;-35,08786;SPRF-PE;DEL01-PE;UOP03-DEL01-PE
707153;25/07/2025;sexta-feira;16:15:00;GO;414;438;ANAPOLIS;Transitar na contramão;Colisão frontal;Com Vítimas Fatais;Pleno dia;Crescente;Céu Claro;Simples;"Declive;Reta";Sim;4;1;0;0;2;1;0;3;-16,271254;-48,940125;SPRF-GO;DEL02-GO;UOP01-DEL02-GO
707159;25/07/2025;sexta-feira;15:38:00;MS;158;142,4;APARECIDA DO TABOADO;Reação tardia ou ineficiente do condutor;Tombamento;Com Vítimas Feridas;Pleno dia;Decrescente;Céu Claro;Dupla;Curva;Não;2;0;1;0;0;1;1;2;-20,050903;-51,110995;SPRF-MS;DEL08-MS;UOP01-DEL08-MS
707165;25/07/2025;sexta-feira;17:40:00;CE;116;537;PENAFORTE;Acessar a via sem observar a presença dos outros veículos;Colisão frontal;Com Vítimas Feridas;Anoitecer;Decrescente;Céu Claro;Dupla;Reta;Não;4;0;0;1;3;0;1;2;-7,76594396;-39,06618118;SPRF-CE;DEL05-CE;UOP03-DEL05-CE
707172;25/07/2025;sexta-feira;17:50:00;PE;104;61;CARUARU;Manobra de mudança de faixa;Colisão lateral mesmo sentido;Sem Vítimas;Plena Noite;Crescente;Céu Claro;Dupla;Reta;Sim;2;0;0;0;1;1;0;2;-8,24557;-35,97502;SPRF-PE;DEL02-PE;UOP01-DEL02-PE
707175;25/07/2025;sexta-feira;16:20:00;GO;452;174;ITUMBIARA;Velocidade Incompatível;Colisão lateral mesmo sentido;Com Vítimas Feridas;Pleno dia;Crescente;Céu Claro;Simples;Declive;Não;4;0;0;1;2;2;1;5;-18,3526544;-49,385168;SPRF-GO;DEL03-GO;UOP02-DEL03-GO
707176;25/07/2025;sexta-feira;17:10:00;RJ;101;557;PARATY;Chuva;Colisão frontal;Com Vítimas Feridas;Anoitecer;Crescente;Chuva;Simples;Curva;Não;6;0;2;2;2;0;4;2;-23,099;-44,701;SPRF-RJ;DEL03-RJ;UOP04-DEL03-RJ
707179;25/07/2025;sexta-feira;16:10:00;PI;343;223;CAMPO MAIOR;Demais falhas mecânicas ou elétricas;Colisão com objeto;Com Vítimas Feridas;Pleno dia;Decrescente;Céu Claro;Simples;Reta;Não;2;0;1;0;1;0;1;2;-4,8463872;-42,1888;SPRF-PI;DEL01-PI;UOP03-DEL01-PI
707185;25/07/2025;sexta-feira;19:00:00;ES;101;278,8;SERRA;Condutor deixou de manter distância do veículo da frente;Colisão traseira;Com Vítimas Feridas;Plena Noite;Crescente;Céu Claro;Múltipla;Curva;Não;2;0;1;0;0;1;1;2;-20,218005;-40,339229;SPRF-ES;DEL02-ES;UOP01-DEL02-ES
707186;25/07/2025;sexta-feira;07:10:00;RJ;356;49;ITAPERUNA;Velocidade Incompatível;Tombamento;Com Vítimas Feridas;Pleno dia;Crescente;Céu Claro;Simples;Curva;Não;2;0;1;0;0;1;1;2;-21,25299059;-41,78334904;SPRF-RJ;DEL08-RJ;UOP03-DEL08-RJ
707205;25/07/2025;sexta-feira;19:00:00;GO;60;89;ANAPOLIS;Manobra de mudança de faixa;Colisão traseira;Com Vítimas Feridas;Plena Noite;Decrescente;Céu Claro;Dupla;Reta;Sim;2;0;1;0;1;0;1;2;-16,339049;-48,898184;SPRF-GO;DEL02-GO;UOP01-DEL02-GO
707207;25/07/2025;sexta-feira;19:00:00;RJ;101;206,9;CASIMIRO DE ABREU;Condutor deixou de manter distância do veículo da frente;Colisão traseira;Com Vítimas Feridas;Plena Noite;Decrescente;Chuva;Simples;Reta;Sim;10;0;6;0;4;0;6;5;-22,47703046;-42,20294952;SPRF-RJ;DEL08-RJ;UOP04-DEL08-RJ
707221;25/07/2025;sexta-feira;08:00:00;BA;116;589;IRAJUBA;Transitar na contramão;Colisão lateral sentido oposto;Com Vítimas Feridas;Pleno dia;Crescente;Céu Claro;Simples;"Reta;Declive";Não;3;0;1;0;1;1;1;3;-13,16489053;-39,99906099;SPRF-BA;DEL03-BA;UOP02-DEL03-BA
707226;25/07/2025;sexta-feira;21:00:00;CE;304;51,7;ARACATI;Acessar a via sem observar a presença dos outros veículos;Colisão transversal;Com Vítimas Feridas;Plena Noite;Decrescente;Céu Claro;Simples;"Curva;Interseção de Vias";Não;2;0;1;0;1;0;1;2;-4,5760213;-37,7316718;SPRF-CE;DEL03-CE;UOP02-DEL03-CE
707227;25/07/2025;sexta-feira;21:00:00;GO;60;13,8;SANTO ANTONIO DO DESCOBERTO;Ausência de reação do condutor;Tombamento;Com Vítimas Fatais;Plena Noite;Decrescente;Céu Claro;Dupla;"Aclive;Curva";Não;2;1;0;0;0;2;0;3;-16,111288;-48,349794;SPRF-DF;DEL03-DF;UOP01-DEL03-DF
707228;25/07/2025;sexta-feira;16:50:00;MT;163;687;LUCAS DO RIO VERDE;Ingestão de álcool pelo condutor;Saída de leito carroçável;Sem Vítimas;Pleno dia;Decrescente;Céu Claro;Dupla;"Retorno Regulamentado;Reta";Sim;2;0;0;0;1;1;0;2;-13,07935048;-55,93738228;SPRF-MT;DEL06-MT;UOP01-DEL06-MT
707235;25/07/2025;sexta-feira;20:30:00;GO;20;53;FORMOSA;Ingestão de álcool pelo condutor;Colisão frontal;Sem Vítimas;Plena Noite;Crescente;Céu Claro;Simples;Curva;Não;2;0;0;0;2;0;0;2;-15,304608;-47,142973;SPRF-DF;DEL02-DF;UOP02-DEL02-DF
707237;25/07/2025;sexta-feira;23:00:00;TO;153;436;MIRACEMA DO TOCANTINS;Demais falhas mecânicas ou elétricas;Incêndio;Sem Vítimas;Plena Noite;Decrescente;Céu Claro;Simples;Reta;Não;1;0;0;0;1;0;0;1;-9,69183;-48,66509;SPRF-TO;DEL01-TO;UOP01-DEL01-TO
707238;25/07/2025;sexta-feira;22:40:00;RN;304;297;MACAIBA;Ausência de reação do condutor;Colisão com objeto;Sem Vítimas;Plena Noite;Decrescente;Nublado;Simples;"Reta;Em Obras";Sim;2;0;0;0;1;1;0;2;-5,8649825;-35,3510958;SPRF-RN;DEL01-RN;UOP02-DEL01-RN
707240;25/07/2025;sexta-feira;22:40:00;SP;116;435,3;REGISTRO;Condutor Dormindo;Saída de leito carroçável;Sem Vítimas;Plena Noite;Crescente;Céu Claro;Dupla;Reta;Não;1;0;0;0;1;0;0;1;-24,42031608;-47,77039703;SPRF-SP;DEL05-SP;UOP01-DEL05-SP
707241;25/07/2025;sexta-feira;22:30:00;GO;60;115;GOIANAPOLIS;Ausência de reação do condutor;Colisão traseira;Com Vítimas Feridas;Plena Noite;Decrescente;Céu Claro;Dupla;"Reta;Aclive";Não;3;0;1;0;1;1;1;3;-16,5756792;-49,1607734;SPRF-GO;DEL01-GO;UOP01-DEL01-GO
707243;25/07/2025;sexta-feira;20:30:00;PR;373;259,2;PRUDENTOPOLIS;Reação tardia ou ineficiente do condutor;Colisão lateral mesmo sentido;Com Vítimas Fatais;Plena Noite;Crescente;Céu Claro;Simples;Reta;Não;4;2;0;1;0;1;1;3;-25,203482;-50,9320099;SPRF-PR;DEL08-PR;UOP01-DEL08-PR
707252;26/07/2025;sábado;00:15:00;SE;235;111,5;CARIRA;Transitar na contramão;Colisão lateral sentido oposto;Com Vítimas Feridas;Plena Noite;Crescente;Nevoeiro/Neblina;Simples;Curva;Não;4;0;1;1;2;0;2;2;-10,34316916;-37,71579472;SPRF-SE;DEL01-SE;UOP02-DEL01-SE
707258;25/07/2025;sexta-feira;22:00:00;MG;50;16,2;UBERLANDIA;Ausência de reação do condutor;Colisão traseira;Com Vítimas Feridas;Plena Noite;Crescente;Céu Claro;Dupla;Reta;Sim;2;0;0;1;1;0;1;2;-18,917901;-48,178329;SPRF-MG;DEL15-MG;UOP01-DEL15-MG
707265;26/07/2025;sábado;03:00:00;PR;277;197;PALMEIRA;Condutor Dormindo;Colisão traseira;Com Vítimas Feridas;Plena Noite;Decrescente;Nevoeiro/Neblina;Simples;"Reta;Aclive";Não;3;0;1;0;1;3;1;5;-25,44379778;-50,18153429;SPRF-PR;DEL08-PR;UOP02-DEL08-PR
707267;26/07/2025;sábado;02:57:00;MS;163;493;CAMPO GRANDE;Conversão proibida;Colisão lateral mesmo sentido;Com Vítimas Fatais;Plena Noite;Crescente;Céu Claro;Dupla;"Reta;Declive";Não;3;1;0;1;1;0;1;2;-20,383086;-54,541638;SPRF-MS;DEL01-MS;UOP02-DEL01-MS
707268;26/07/2025;sábado;01:00:00;BA;235;380;CASA NOVA;Reação tardia ou ineficiente do condutor;Saída de leito carroçável;Sem Vítimas;Plena Noite;Decrescente;Céu Claro;Simples;Reta;Não;3;0;0;0;0;3;0;3;-9,16658936;-40,89694595;SPRF-BA;DEL04-BA;UOP01-DEL04-BA
707271;25/07/2025;sexta-feira;22:20:00;MT;70;80;GENERAL CARNEIRO;Acostamento em desnível;Saída de leito carroçável;Com Vítimas Feridas;Plena Noite;Decrescente;Céu Claro;Simples;Curva;Não;3;0;1;1;0;2;2;3;-15,664355;-52,799767;SPRF-MT;DEL07-MT;UOP01-DEL07-MT
707273;26/07/2025;sábado;04:00:00;RO;319;60;PORTO VELHO;Condutor deixou de manter distância do veículo da frente;Colisão lateral mesmo sentido;Com Vítimas Feridas;Plena Noite;Crescente;Ignorado;Dupla;Rotatória;Sim;3;0;1;0;1;1;1;3;-8,7399454;-63,88982026;SPRF-RO;DEL01-RO;UOP01-DEL01-RO
707279;26/07/2025;sábado;01:00:00;SC;153;98,6;CONCORDIA;Ingestão de álcool pelo condutor;Colisão lateral sentido oposto;Sem Vítimas;Plena Noite;Crescente;Céu Claro;Simples;Curva;Sim;2;0;0;0;2;0;0;2;-27,23744223;-51,95382428;SPRF-SC;DEL07-SC;UOP04-DEL07-SC
707292;26/07/2025;sábado;05:00:00;PR;376;66;GUAIRACA;Acessar a via sem observar a presença dos outros veículos;Colisão transversal;Com Vítimas Feridas;Amanhecer;Crescente;Céu Claro;Simples;"Retorno Regulamentado;Reta";Não;5;0;2;0;2;2;2;4;-22,92966665;-52,78797476;SPRF-PR;DEL09-PR;UOP02-DEL09-PR
707296;20/07/2025;domingo;20:20:00;GO;452;150;BOM JESUS DE GOIAS;Acessar a via sem observar a presença dos outros veículos;Colisão transversal;Com Vítimas Feridas;Plena Noite;Crescente;Céu Claro;Simples;Retorno Regulamentado;Não;2;0;1;0;1;0;1;2;-18,28763158;-49,60734755;SPRF-GO;DEL03-GO;UOP02-DEL03-GO
707308;26/07/2025;sábado;06:00:00;MG;381;832,4;SAO SEBASTIAO DA BELA VISTA;Ausência de reação do condutor;Saída de leito carroçável;Com Vítimas Feridas;Amanhecer;Decrescente;Nevoeiro/Neblina;Dupla;Reta;Não;2;0;1;0;0;1;1;2;-22,12130684;-45,78499585;SPRF-MG;DEL16-MG;UOP01-DEL16-MG
707311;26/07/2025;sábado;05:20:00;MG;381;226;BELO ORIENTE;Animais na Pista;Atropelamento de Animal;Com Vítimas Feridas;Amanhecer;Crescente;Céu Claro;Simples;"Aclive;Curva";Não;2;0;1;0;1;0;1;1;-19,337037;-42,425782;SPRF-MG;DEL06-MG;UOP01-DEL06-MG
707318;26/07/2025;sábado;05:45:00;MG;262;645,3;IBIA;Ingestão de álcool pelo condutor;Colisão frontal;Com Vítimas Feridas;Amanhecer;Decrescente;Céu Claro;Simples;Curva;Não;2;0;0;1;1;0;1;2;-19,584529;-46,614211;SPRF-MG;DEL08-MG;UOP01-DEL08-MG
707320;26/07/2025;sábado;08:55:00;MS;163;672,8;RIO VERDE DE MATO GROSSO;Ultrapassagem Indevida;Saída de leito carroçável;Com Vítimas Feridas;Pleno dia;Crescente;Céu Claro;Múltipla;"Reta;Aclive";Não;7;0;0;1;5;4;1;8;-18,95859108;-54,82846215;SPRF-MS;DEL06-MS;UOP02-DEL06-MS
707326;08/05/2025;quinta-feira;06:08:00;PA;163;348;NOVO PROGRESSO;Demais falhas na via;Tombamento;Sem Vítimas;Amanhecer;Crescente;Céu Claro;Simples;Reta;Não;2;0;0;0;0;3;0;3;-6,72321479;-55,48022389;SPRF-PA;DEL05-PA;UOP03-DEL05-PA
707328;26/07/2025;sábado;09:30:00;GO;153;618;MORRINHOS;Ausência de reação do condutor;Colisão traseira;Sem Vítimas;Pleno dia;Crescente;Céu Claro;Dupla;Curva;Não;3;0;0;0;3;0;0;2;-17,69742496;-49,15540695;SPRF-GO;DEL03-GO;UOP01-DEL03-GO
707329;26/07/2025;sábado;10:00:00;RN;226;117,5;SANTA CRUZ;Reação tardia ou ineficiente do condutor;Tombamento;Com Vítimas Feridas;Pleno dia;Decrescente;Céu Claro;Simples;Curva;Não;2;0;1;0;0;1;1;2;-6,19272005;-36,05510686;SPRF-RN;DEL03-RN;UOP02-DEL03-RN
707332;26/07/2025;sábado;09:00:00;RS;116;334,8;BARRA DO RIBEIRO;Condutor Dormindo;Saída de leito carroçável;Com Vítimas Feridas;Pleno dia;Decrescente;Céu Claro;Dupla;Reta;Não;1;0;1;0;0;0;1;1;-30,38705672;-51,43213892;SPRF-RS;DEL02-RS;UOP02-DEL02-RS
707333;26/07/2025;sábado;08:00:00;RJ;393;152;TRES RIOS;Velocidade Incompatível;Tombamento;Com Vítimas Feridas;Pleno dia;Crescente;Céu Claro;Simples;"Aclive;Curva";Não;2;0;0;1;0;1;1;2;-22,08501762;-43,05427965;SPRF-RJ;DEL05-RJ;UOP01-DEL05-RJ
707340;26/07/2025;sábado;06:45:00;MG;365;564;INDIANOPOLIS;Condutor Dormindo;Saída de leito carroçável;Com Vítimas Feridas;Pleno dia;Crescente;Céu Claro;Simples;Curva;Não;2;0;1;0;0;2;1;3;-18,918455;-47,80269;SPRF-MG;DEL15-MG;UOP02-DEL15-MG
707343;22/07/2025;terça-feira;14:20:00;BA;242;416;SEABRA;Ausência de reação do condutor;Colisão traseira;Sem Vítimas;Pleno dia;Crescente;Céu Claro;Simples;"Reta;Aclive";Não;5;0;0;0;5;0;0;2;-12,431373;-41,799867;SPRF-BA;DEL06-BA;UOP01-DEL06-BA
707349;26/07/2025;sábado;09:35:00;GO;153;235;SAO LUIZ DO NORTE;Condutor deixou de manter distância do veículo da frente;Tombamento;Com Vítimas Feridas;Pleno dia;Crescente;Céu Claro;Simples;Reta;Não;5;0;0;1;3;2;1;4;-14,813772;-49,293403;SPRF-GO;DEL07-GO;UOP02-DEL07-GO
707350;02/07/2025;quarta-feira;19:00:00;RN;226;82;TANGARA;Condutor deixou de manter distância do veículo da frente;Colisão traseira;Com Vítimas Fatais;Plena Noite;Crescente;Nublado;Simples;Reta;Sim;3;1;0;1;1;0;1;2;-6,19201824;-35,79152584;SPRF-RN;DEL01-RN;UOP02-DEL01-RN
707353;26/07/2025;sábado;12:30:00;MG;381;756;TRES CORACOES;Velocidade Incompatível;Saída de leito carroçável;Com Vítimas Feridas;Pleno dia;Decrescente;Céu Claro;Dupla;Interseção de Vias;Não;2;0;0;1;1;0;1;1;-21,67288412;-45,33458304;SPRF-MG;DEL16-MG;UOP02-DEL16-MG
707358;26/07/2025;sábado;13:40:00;SC;101;162;TIJUCAS;Reação tardia ou ineficiente do condutor;Colisão lateral mesmo sentido;Com Vítimas Feridas;Pleno dia;Decrescente;Céu Claro;Múltipla;Reta;Sim;4;0;2;0;1;1;2;3;-27,22309298;-48,62672973;SPRF-SC;DEL04-SC;UOP03-DEL04-SC
707362;26/07/2025;sábado;12:15:00;MG;365;503;PATROCINIO;Demais falhas mecânicas ou elétricas;Eventos atípicos;Com Vítimas Feridas;Pleno dia;Crescente;Céu Claro;Simples;Reta;Não;3;0;2;0;1;0;2;1;-18,94233952;-47,29857695;SPRF-MG;DEL10-MG;UOP01-DEL10-MG