id;data_inversa;dia_semana;horario;uf;br;km;municipio;causa_acidente;tipo_acidente;classificacao_acidente;fase_dia;sentido_via;condicao_metereologica;tipo_pista;tracado_via;uso_solo;pessoas;mortos;feridos_leves;feridos_graves;ilesos;ignorados;feridos;veiculos;latitude;longitude;regional;delegacia;uop
707364;26/07/2025;sábado;10:45:00;MG;50;96;UBERLANDIA;Manobra de mudança de faixa;Colisão traseira;Com Vítimas Feridas;Pleno dia;Decrescente;Céu Claro;Dupla;Reta;Não;6;0;2;1;2;1;3;3;-19,103153;-48,18055;SPRF-MG;DEL15-MG;UOP01-DEL15-MG
707366;26/07/2025;sábado;14:20:00;MG;365;648;UBERLANDIA;Reação tardia ou ineficiente do condutor;Colisão lateral mesmo sentido;Com Vítimas Feridas;Pleno dia;Crescente;Céu Claro;Dupla;Reta;Não;5;0;1;0;3;2;1;4;-18,87302;-48,536832;SPRF-MG;DEL15-MG;UOP01-DEL15-MG
707377;26/07/2025;sábado;15:25:00;PR;277;34;MORRETES;Velocidade Incompatível;Tombamento;Com Vítimas Feridas;Pleno dia;Crescente;Céu Claro;Dupla;"Reta;Declive";Não;2;0;1;0;0;2;1;3;-25,570495;-48,814695;SPRF-PR;DEL01-PR;UOP05-DEL01-PR
707378;26/07/2025;sábado;15:35:00;RJ;393;238;VASSOURAS;Acessar a via sem observar a presença dos outros veículos;Colisão transversal;Com Vítimas Feridas;Pleno dia;Decrescente;Céu Claro;Simples;Retorno Regulamentado;Não;5;0;1;2;1;1;3;3;-22,4295154;-43,69739056;SPRF-RJ;DEL05-RJ;UOP03-DEL05-RJ
707379;26/07/2025;sábado;14:35:00;GO;40;24;LUZIANIA;Acessar a via sem observar a presença dos outros veículos;Colisão traseira;Sem Vítimas;Pleno dia;Decrescente;Sol;Dupla;Rotatória;Sim;4;0;0;0;3;1;0;3;-16,246375;-47,905801;SPRF-DF;DEL01-DF;UOP01-DEL01-DF
707383;26/07/2025;sábado;12:30:00;RS;290;340,6;CACAPAVA DO SUL;Velocidade Incompatível;Colisão traseira;Com Vítimas Feridas;Pleno dia;Decrescente;Chuva;Simples;"Em Obras;Reta";Não;2;0;1;0;1;0;1;2;-30,49149362;-53,47824946;SPRF-RS;DEL09-RS;UOP02-DEL09-RS
707386;26/07/2025;sábado;16:25:00;GO;364;193;JATAI;Demais falhas mecânicas ou elétricas;Colisão traseira;Com Vítimas Feridas;Pleno dia;Decrescente;Céu Claro;Simples;Reta;Sim;4;0;1;0;2;1;1;4;-17,921661;-51,697244;SPRF-GO;DEL05-GO;UOP01-DEL05-GO
707400;26/07/2025;sábado;10:35:00;RJ;116;229,5;PIRAI;Problema com o freio;Tombamento;Com Vítimas Fatais;Pleno dia;Decrescente;Céu Claro;Dupla;"Curva;Declive";Não;5;2;1;0;1;1;1;3;-22,67936148;-43,8359642;SPRF-RJ;DEL07-RJ;UOP01-DEL07-RJ
707402;26/07/2025;sábado;16:28:00;CE;222;43,5;SAO GONCALO DO AMARANTE;Ultrapassagem Indevida;Colisão lateral mesmo sentido;Com Vítimas Feridas;Pleno dia;Decrescente;Céu Claro;Simples;"Reta;Ponte";Não;7;0;1;0;4;3;1;5;-3,676887;-38,938319;SPRF-CE;DEL01-CE;UOP03-DEL01-CE
707414;26/07/2025;sábado;17:45:00;PR;476;233;LAPA;Reação tardia ou ineficiente do condutor;Colisão lateral mesmo sentido;Sem Vítimas;Plena Noite;Decrescente;Céu Claro;Simples;Curva;Não;3;0;0;0;2;1;0;3;-25,880962;-50,015143;SPRF-PR;DEL02-PR;UOP03-DEL02-PR
707415;26/07/2025;sábado;16:30:00;MG;381;673,6;PERDOES;Transitar no Acostamento;Saída de leito carroçável;Com Vítimas Fatais;Pleno dia;Crescente;Céu Claro;Dupla;"Declive;Reta";Não;4;1;0;0;2;1;0;3;-21,0818776;-45,0620992;SPRF-MG;DEL04-MG;UOP02-DEL04-MG
707418;26/07/2025;sábado;14:00:00;MA;316;555;CAXIAS;Acessar a via sem observar a presença dos outros veículos;Colisão transversal;Com Vítimas Fatais;Pleno dia;Decrescente;Céu Claro;Simples;Curva;Não;2;1;0;0;1;0;0;2;-4,870875;-43,323417;SPRF-MA;DEL03-MA;UOP02-DEL03-MA
707419;26/07/2025;sábado;19:00:00;SP;116;60,9;GUARATINGUETA;Objeto estático sobre o leito carroçável;Derramamento de carga;Com Vítimas Feridas;Plena Noite;Crescente;Céu Claro;Dupla;Reta;Não;4;0;1;0;2;1;1;3;-22,7923247;-45,16273499;SPRF-SP;DEL08-SP;UOP01-DEL08-SP
707424;26/07/2025;sábado;18:00:00;MS;163;587;BANDEIRANTES;Acessar a via sem observar a presença dos outros veículos;Colisão lateral mesmo sentido;Sem Vítimas;Plena Noite;Crescente;Céu Claro;Dupla;Reta;Não;6;0;0;0;5;1;0;3;-19,60410498;-54,39365387;SPRF-MS;DEL06-MS;UOP02-DEL06-MS
707431;26/07/2025;sábado;19:50:00;PR;369;178;ROLANDIA;Animais na Pista;Atropelamento de Animal;Com Vítimas Feridas;Plena Noite;Crescente;Céu Claro;Dupla;Reta;Sim;2;0;1;0;1;0;1;2;-23,358791;-51,397017;SPRF-PR;DEL07-PR;UOP01-DEL07-PR
707438;26/07/2025;sábado;20:55:00;SC;280;39;GUARAMIRIM;Reação tardia ou ineficiente do condutor;Colisão traseira;Sem Vítimas;Plena Noite;Decrescente;Céu Claro;Dupla;"Em Obras;Reta";Não;2;0;0;0;2;0;0;2;-26,45174032;-48,88123959;SPRF-SC;DEL03-SC;UOP03-DEL03-SC
707440;26/07/2025;sábado;18:40:00;PI;316;314;PICOS;Mal súbito do condutor;Colisão frontal;Com Vítimas Feridas;Plena Noite;Crescente;Céu Claro;Múltipla;Reta;Sim;3;0;0;1;1;1;1;3;-7,077885;-41,440369;SPRF-PI;DEL04-PI;UOP01-DEL04-PI
707447;26/07/2025;sábado;17:20:00;MA;316;549;CAXIAS;Acessar a via sem observar a presença dos outros veículos;Colisão transversal;Com Vítimas Feridas;Pleno dia;Decrescente;Céu Claro;Simples;Interseção de Vias;Sim;6;0;2;0;3;1;2;2;-4,887073;-43,365452;SPRF-MA;DEL03-MA;UOP02-DEL03-MA
707449;26/07/2025;sábado;20:00:00;RS;470;225;GARIBALDI;Ingestão de álcool pelo condutor;Colisão lateral sentido oposto;Com Vítimas Feridas;Plena Noite;Crescente;Garoa/Chuvisco;Simples;"Curva;Declive";Não;2;0;0;1;1;0;1;2;-29,24728115;-51,51555626;SPRF-RS;DEL06-RS;UOP01-DEL06-RS
707452;26/07/2025;sábado;18:40:00;GO;452;101;BOM JESUS DE GOIAS;Condutor deixou de manter distância do veículo da frente;Colisão lateral sentido oposto;Com Vítimas Feridas;Plena Noite;Decrescente;Céu Claro;Simples;Reta;Não;4;0;1;0;2;2;1;4;-18,120347;-50,023697;SPRF-GO;DEL03-GO;UOP02-DEL03-GO
707456;26/07/2025;sábado;16:10:00;MG;153;145,6;CAMPO FLORIDO;Manobra de mudança de faixa;Saída de leito carroçável;Com Vítimas Feridas;Pleno dia;Crescente;Céu Claro;Simples;Reta;Não;2;0;1;0;0;1;1;2;-19,610476;-48,83864;SPRF-MG;DEL13-MG;UOP02-DEL13-MG
707462;26/07/2025;sábado;14:37:00;PA;230;1125;ITAITUBA;Condutor deixou de manter distância do veículo da frente;Colisão traseira;Com Vítimas Feridas;Pleno dia;Decrescente;Céu Claro;Simples;Aclive;Não;3;0;1;0;1;6;1;8;-4,3241067;-55,9581975;SPRF-PA;DEL05-PA;UOP02-DEL05-PA
707465;26/07/2025;sábado;16:42:00;SE;101;182;UMBAUBA;Acessar a via sem observar a presença dos outros veículos;Colisão transversal;Sem Vítimas;Pleno dia;Crescente;Céu Claro;Simples;Reta;Não;2;0;0;0;2;0;0;2;-11,380182;-37,663926;SPRF-SE;DEL02-SE;UOP03-DEL02-SE
707467;26/07/2025;sábado;16:45:00;MG;50;14;ARAGUARI;Ausência de reação do condutor;Colisão traseira;Com Vítimas Feridas;Plena Noite;Crescente;Céu Claro;Dupla;Reta;Não;3;0;1;0;1;1;1;3;-18,539283;-48,046817;SPRF-MG;DEL15-MG;UOP02-DEL15-MG
707470;26/07/2025;sábado;22:00:00;MT;364;333;SANTO ANTONIO DO LEVERGER;Condutor Dormindo;Saída de leito carroçável;Com Vítimas Feridas;Plena Noite;Decrescente;Céu Claro;Dupla;"Aclive;Reta";Não;2;0;1;0;0;1;1;2;-15,830086;-55,443592;SPRF-MT;DEL05-MT;UOP02-DEL05-MT
707471;26/07/2025;sábado;17:40:00;MG;251;325,3;FRUTA DE LEITE;Demais falhas mecânicas ou elétricas;Incêndio;Sem Vítimas;Anoitecer;Decrescente;Céu Claro;Simples;"Reta;Aclive";Não;2;0;0;0;1;1;0;2;-16,214;-42,362;SPRF-MG;DEL12-MG;UOP02-DEL12-MG
707474;26/07/2025;sábado;18:50:00;SC;470;348,4;CAMPOS NOVOS;Velocidade Incompatível;Tombamento;Com Vítimas Fatais;Plena Noite;Crescente;Garoa/Chuvisco;Simples;"Curva;Aclive";Não;7;1;2;1;2;11;3;13;-27,5478123;-51,45154953;SPRF-SC;DEL07-SC;UOP06-DEL07-SC
707476;26/07/2025;sábado;18:30:00;MG;116;813;ALEM PARAIBA;Velocidade Incompatível;Tombamento;Com Vítimas Feridas;Anoitecer;Decrescente;Céu Claro;Simples;"Aclive;Curva";Não;2;0;1;0;0;1;1;2;-21,8531967;-42,6612279;SPRF-MG;DEL07-MG;UOP01-DEL07-MG
707488;27/07/2025;domingo;01:40:00;SC;101;191,6;BIGUACU;Ingestão de álcool pelo condutor;Colisão lateral mesmo sentido;Com Vítimas Feridas;Plena Noite;Crescente;Garoa/Chuvisco;Dupla;Reta;Não;2;0;1;0;1;0;1;2;-27,394202;-48,631196;SPRF-SC;DEL01-SC;UOP01-DEL01-SC
707499;27/07/2025;domingo;03:30:00;RJ;40;75;PETROPOLIS;Ingestão de álcool pelo condutor;Colisão traseira;Sem Vítimas;Plena Noite;Crescente;Céu Claro;Simples;Curva;Não;2;0;0;0;2;0;0;2;-22,46886126;-43,22862625;SPRF-RJ;DEL01-RJ;UOP01-DEL01-RJ
707507;27/07/2025;domingo;06:00:00;AL;423;37,8;INHAPI;Reação tardia ou ineficiente do condutor;Colisão lateral mesmo sentido;Com Vítimas Feridas;Amanhecer;Crescente;Céu Claro;Simples;Reta;Não;2;0;0;1;0;1;1;2;-9,22671;-37,61685;SPRF-AL;DEL03-AL;UOP02-DEL03-AL
707512;27/07/2025;domingo;06:21:00;TO;153;313;GUARAI;Demais falhas mecânicas ou elétricas;Incêndio;Sem Vítimas;Amanhecer;Decrescente;Céu Claro;Simples;Reta;Não;2;0;0;0;1;3;0;4;-8,66112991;-48,49777222;SPRF-TO;DEL02-TO;UOP02-DEL02-TO
707513;27/07/2025;domingo;05:38:00;SC;282;527,7;CORDILHEIRA ALTA;Ausência de reação do condutor;Colisão frontal;Com Vítimas Feridas;Plena Noite;Crescente;Céu Claro;Simples;"Aclive;Curva";Não;4;0;1;0;2;1;1;3;-26,97568321;-52,58856207;SPRF-SC;DEL07-SC;UOP01-DEL07-SC
707520;27/07/2025;domingo;06:45:00;PR;116;126,6;FAZENDA RIO GRANDE;Manobra de mudança de faixa;Colisão lateral mesmo sentido;Com Vítimas Feridas;Amanhecer;Crescente;Ignorado;Dupla;"Reta;Aclive";Sim;4;0;1;0;2;1;1;3;-25,643938;-49,312842;SPRF-PR;DEL01-PR;UOP03-DEL01-PR
707526;26/07/2025;sábado;18:00:00;MA;222;475;SANTA LUZIA;Velocidade Incompatível;Tombamento;Com Vítimas Feridas;Anoitecer;Decrescente;Nublado;Simples;Curva;Não;2;0;0;1;0;3;1;4;-4,171689;-46,13235;SPRF-MA;DEL02-MA;UOP01-DEL02-MA
707527;27/07/2025;domingo;07:40:00;RS;386;150;ALMIRANTE TAMANDARE DO SUL;Ausência de reação do condutor;Colisão frontal;Sem Vítimas;Amanhecer;Decrescente;Chuva;Simples;Reta;Não;2;0;0;0;1;1;0;2;-28,08506;-52,86804;SPRF-RS;DEL08-RS;UOP01-DEL08-RS
707540;26/07/2025;sábado;14:30:00;MG;381;707,1;NEPOMUCENO;Velocidade Incompatível;Tombamento;Com Vítimas Feridas;Pleno dia;Decrescente;Céu Claro;Dupla;"Declive;Curva";Não;2;0;1;0;0;1;1;2;-21,33417667;-45,17249394;SPRF-MG;DEL04-MG;UOP02-DEL04-MG
707547;27/07/2025;domingo;10:00:00;MG;153;134,5;PRATA;Reação tardia ou ineficiente do condutor;Colisão lateral mesmo sentido;Com Vítimas Fatais;Pleno dia;Decrescente;Céu Claro;Simples;"Reta;Ponte";Não;5;1;1;0;2;5;1;9;-19,517507;-48,836948;SPRF-MG;DEL15-MG;UOP03-DEL15-MG
707557;27/07/2025;domingo;10:05:00;MG;381;521,3;BRUMADINHO;Manobra de mudança de faixa;Colisão lateral mesmo sentido;Com Vítimas Feridas;Pleno dia;Crescente;Céu Claro;Dupla;"Declive;Em Obras;Curva";Não;4;0;1;0;2;1;1;3;-20,1168725;-44,30374146;SPRF-MG;DEL04-MG;UOP03-DEL04-MG
707560;27/07/2025;domingo;05:30:00;BA;20;195;LUIS EDUARDO MAGALHAES;Reação tardia ou ineficiente do condutor;Colisão frontal;Com Vítimas Feridas;Pleno dia;Decrescente;Céu Claro;Simples;Reta;Não;7;0;1;0;5;2;1;5;-12,27552376;-45,84362269;SPRF-BA;DEL10-BA;UOP01-DEL10-BA
707564;16/07/2025;quarta-feira;04:55:00;MS;60;422;SIDROLANDIA;Acessar a via sem observar a presença dos outros veículos;Colisão transversal;Com Vítimas Feridas;Plena Noite;Crescente;Céu Claro;Simples;Reta;Não;3;0;0;1;1;2;1;4;-20,90554631;-54,94010747;SPRF-MS;DEL01-MS;UOP04-DEL01-MS
707578;27/07/2025;domingo;11:40:00;MG;365;238;BURITIZEIRO;Demais falhas mecânicas ou elétricas;Saída de leito carroçável;Com Vítimas Feridas;Pleno dia;Crescente;Céu Claro;Simples;Reta;Não;2;0;1;0;0;1;1;2;-17,7391641;-45,413988;SPRF-MG;DEL10-MG;UOP02-DEL010-MG
707579;27/07/2025;domingo;12:03:00;TO;153;689;CARIRI DO TOCANTINS;Ausência de reação do condutor;Saída de leito carroçável;Com Vítimas Feridas;Pleno dia;Crescente;Sol;Simples;Reta;Não;2;0;1;0;0;1;1;2;-11,8593;-49,15097;SPRF-TO;DEL01-TO;UOP02-DEL01-TO
707583;25/07/2025;sexta-feira;01:50:00;GO;153;176;CAMPINORTE;Ingestão de substâncias psicoativas pelo condutor;Saída de leito carroçável;Sem Vítimas;Plena Noite;Decrescente;Céu Claro;Simples;Reta;Não;2;0;0;0;1;2;0;3;-14,18068;-49,12296295;SPRF-GO;DEL07-GO;UOP02-DEL07-GO
707587;27/07/2025;domingo;14:40:00;PR;376;131;NOVA ESPERANCA;Ausência de reação do condutor;Colisão frontal;Com Vítimas Feridas;Pleno dia;Crescente;Céu Claro;Dupla;Reta;Não;4;0;1;1;1;2;2;4;-23,17458;-52,23655;SPRF-PR;DEL09-PR;UOP02-DEL09-PR
707600;27/07/2025;domingo;12:40:00;RJ;40;93;DUQUE DE CAXIAS;Reação tardia ou ineficiente do condutor;Saída de leito carroçável;Sem Vítimas;Pleno dia;Crescente;Céu Claro;Dupla;"Declive;Curva";Não;1;0;0;0;1;0;0;1;-22,556813;-43,262305;SPRF-RJ;DEL01-RJ;UOP01-DEL01-RJ
707609;27/07/2025;domingo;15:41:00;TO;153;195;NOVA OLINDA;Velocidade Incompatível;Colisão transversal;Com Vítimas Feridas;Pleno dia;Decrescente;Sol;Simples;Reta;Não;4;0;2;0;1;1;2;3;-7,60379;-48,424537;SPRF-TO;DEL02-TO;UOP01-DEL02-TO
707612;27/07/2025;domingo;16:10:00;PI;316;24,8;DEMERVAL LOBAO;Acesso irregular;Colisão transversal;Sem Vítimas;Pleno dia;Crescente;Céu Claro;Dupla;Reta;Não;3;0;0;0;2;1;0;3;-5,306498;-42,706096;SPRF-PI;DEL01-PI;UOP02-DEL01-PI
707620;27/07/2025;domingo;17:00:00;MG;262;762,3;SACRAMENTO;Ultrapassagem Indevida;Colisão frontal;Com Vítimas Feridas;Pleno dia;Crescente;Céu Claro;Simples;"Reta;Declive";Não;13;0;3;8;1;3;11;7;-19,659;-47,573164;SPRF-MG;DEL13-MG;UOP01-DEL13-MG
707629;27/07/2025;domingo;17:00:00;MG;116;522,4;CARATINGA;Acessar a via sem observar a presença dos outros veículos;Colisão transversal;Com Vítimas Feridas;Pleno dia;Crescente;Céu Claro;Simples;Reta;Sim;3;0;1;0;1;1;1;3;-19,7477461;-42,1324986;SPRF-MG;DEL06-MG;UOP02-DEL06-MG
707633;27/07/2025;domingo;17:00:00;PR;272;366,9;CAMPO MOURAO;Reação tardia ou ineficiente do condutor;Colisão lateral mesmo sentido;Com Vítimas Feridas;Anoitecer;Decrescente;Nublado;Dupla;Reta;Sim;4;0;0;1;1;3;1;5;-24,049586;-52,399285;SPRF-PR;DEL09-PR;UOP03-DEL09-PR
707639;27/07/2025;domingo;16:30:00;PR;153;138,8;VENTANIA;Velocidade Incompatível;Tombamento;Com Vítimas Feridas;Pleno dia;Decrescente;Céu Claro;Simples;Curva;Não;2;0;1;0;0;2;1;3;-24,06387634;-50,25334668;SPRF-PR;DEL07-PR;UOP04-DEL07-PR
707645;27/07/2025;domingo;17:22:00;PE;423;64;CALCADO;Transitar na contramão;Colisão frontal;Com Vítimas Fatais;Anoitecer;Crescente;Céu Claro;Simples;Reta;Sim;3;1;0;0;1;1;0;3;-8,667042;-36,368718;SPRF-PE;DEL03-PE;UOP01-DEL03-PE
707648;27/07/2025;domingo;18:30:00;PR;277;299,9;PRUDENTOPOLIS;Acessar a via sem observar a presença dos outros veículos;Colisão transversal;Sem Vítimas;Plena Noite;Crescente;Chuva;Simples;Reta;Sim;4;0;0;0;4;0;0;2;-25,29838747;-51,14339268;SPRF-PR;DEL08-PR;UOP01-DEL08-PR
707651;27/07/2025;domingo;17:00:00;BA;101;935;MUCURI;Acesso irregular;Atropelamento de Pedestre;Com Vítimas Feridas;Anoitecer;Crescente;Nublado;Simples;Reta;Sim;2;0;0;1;1;0;1;2;-18,01403979;-39,86177713;SPRF-BA;DEL09-BA;UOP02-DEL09-BA
707653;27/07/2025;domingo;16:00:00;MT;163;115;RONDONOPOLIS;Reação tardia ou ineficiente do condutor;Saída de leito carroçável;Com Vítimas Fatais;Pleno dia;Crescente;Céu Claro;Dupla;Reta;Não;6;2;1;2;0;1;3;2;-16,52994831;-54,66226369;SPRF-MT;DEL02-MT;UOP01-DEL02-MT
707655;27/07/2025;domingo;19:50:00;BA;116;385;SANTA BARBARA;Ausência de reação do condutor;Colisão lateral sentido oposto;Com Vítimas Feridas;Plena Noite;Crescente;Céu Claro;Simples;Reta;Não;2;0;0;1;1;0;1;2;-11,903828;-38,98254;SPRF-BA;DEL02-BA;UOP01-DEL02-BA
707658;27/07/2025;domingo;10:12:00;PA;230;1121;ITAITUBA;Manobra de mudança de faixa;Saída de leito carroçável;Com Vítimas Feridas;Pleno dia;Crescente;Céu Claro;Simples;Reta;Não;2;0;0;1;0;1;1;2;-4,3621729;-55,9607982;SPRF-PA;DEL05-PA;UOP02-DEL05-PA
707661;27/07/2025;domingo;19:50:00;MA;316;513;CAXIAS;Ausência de reação do condutor;Colisão traseira;Com Vítimas Fatais;Plena Noite;Crescente;Céu Claro;Simples;Reta;Não;3;2;0;0;1;0;0;2;-4,741325;-43,690536;SPRF-MA;DEL03-MA;UOP02-DEL03-MA
707674;27/07/2025;domingo;20:20:00;MG;40;432,9;PARAOPEBA;Restrição de visibilidade em curvas verticais;Atropelamento de Pedestre;Com Vítimas Feridas;Plena Noite;Decrescente;Céu Claro;Dupla;"Curva;Retorno Regulamentado";Não;2;0;1;0;1;0;1;2;-19,210002;-44,463418;SPRF-MG;DEL02-MG;UOP01-DEL02-MG
707681;27/07/2025;domingo;20:40:00;BA;135;126;RIACHAO DAS NEVES;Ultrapassagem Indevida;Colisão traseira;Com Vítimas Fatais;Plena Noite;Crescente;Céu Claro;Simples;"Declive;Reta";Não;2;1;0;0;0;1;0;2;-11,77538;-44,89771;SPRF-BA;DEL10-BA;UOP01-DEL10-BA
707687;27/07/2025;domingo;18:30:00;BA;242;472;IBITIARA;Transitar na contramão;Colisão frontal;Com Vítimas Fatais;Plena Noite;Crescente;Céu Claro;Simples;Reta;Sim;3;1;0;0;1;3;0;5;-12,47477434;-42,27784157;SPRF-BA;DEL06-BA;UOP01-DEL06-BA
707693;27/07/2025;domingo;20:30:00;CE;20;84,5;TAUA;Acessar a via sem observar a presença dos outros veículos;Colisão traseira;Com Vítimas Feridas;Plena Noite;Crescente;Céu Claro;Simples;Reta;Sim;3;0;0;1;1;1;1;3;-5,994493;-40,273557;SPRF-CE;DEL02-CE;UOP02-DEL02-CE
707695;27/07/2025;domingo;21:40:00;RS;116;37,9;VACARIA;Ingestão de álcool pelo condutor;Colisão frontal;Com Vítimas Feridas;Plena Noite;Decrescente;Nublado;Simples;Reta;Sim;6;0;1;0;5;0;1;4;-28,5049358;-50,9245745;SPRF-RS;DEL05-RS;UOP03-DEL05-RS
707716;27/07/2025;domingo;15:15:00;MG;116;528;CARATINGA;Entrada inopinada do pedestre;Atropelamento de Pedestre;Com Vítimas Feridas;Pleno dia;Crescente;Céu Claro;Simples;Curva;Sim;2;0;1;0;1;0;1;2;-19,80074976;-42,13784711;SPRF-MG;DEL06-MG;UOP02-DEL06-MG
707728;27/07/2025;domingo;23:10:00;MT;163;744;SORRISO;Acessar a via sem observar a presença dos outros veículos;Colisão transversal;Com Vítimas Feridas;Plena Noite;Decrescente;Céu Claro;Simples;Reta;Não;4;0;1;0;2;3;1;5;-12,6144;-55,760735;SPRF-MT;DEL06-MT;UOP01-DEL06-MT
707736;28/07/2025;segunda-feira;04:00:00;SC;101;118,4;ITAJAI;Ausência de reação do condutor;Colisão traseira;Com Vítimas Feridas;Plena Noite;Decrescente;Nublado;Dupla;Reta;Não;3;0;1;0;1;1;1;3;-26,89834026;-48,71782986;SPRF-SC;DEL04-SC;UOP04-DEL04-SC
707745;27/07/2025;domingo;22:30:00;RS;290;262;CACHOEIRA DO SUL;Reação tardia ou ineficiente do condutor;Colisão lateral mesmo sentido;Sem Vítimas;Plena Noite;Decrescente;Chuva;Simples;Aclive;Não;2;0;0;0;2;0;0;2;-30,26677712;-52,85247803;SPRF-RS;DEL02-RS;UOP03-DEL02-RS
707746;28/07/2025;segunda-feira;05:40:00;PR;369;481;CORBELIA;Transitar na contramão;Colisão frontal;Com Vítimas Fatais;Plena Noite;Decrescente;Nublado;Simples;"Reta;Aclive";Não;11;3;0;5;2;1;5;5;-24,76323549;-53,29366419;SPRF-PR;DEL04-PR;UOP03-DEL04-PR
707748;28/07/2025;segunda-feira;06:20:00;BA;116;760;POCOES;Reação tardia ou ineficiente do condutor;Colisão traseira;Com Vítimas Feridas;Pleno dia;Decrescente;Céu Claro;Simples;Reta;Não;3;0;1;0;1;1;1;3;-14,5429277;-40,3953173;SPRF-BA;DEL08-BA;UOP02-DEL08-BA
707754;28/07/2025;segunda-feira;07:07:00;CE;116;8,6;FORTALEZA;Condutor deixou de manter distância do veículo da frente;Colisão traseira;Sem Vítimas;Pleno dia;Decrescente;Céu Claro;Múltipla;Reta;Sim;2;0;0;0;2;0;0;2;-3,82382297;-38,50372195;SPRF-CE;DEL01-CE;UOP02-DEL01-CE
707762;28/07/2025;segunda-feira;07:00:00;SC;470;5;NAVEGANTES;Ultrapassagem Indevida;Colisão lateral mesmo sentido;Com Vítimas Feridas;Pleno dia;Crescente;Céu Claro;Dupla;"Reta;Em Obras";Sim;3;0;1;0;1;1;1;3;-26,85885692;-48,6887683;SPRF-SC;DEL04-SC;UOP04-DEL04-SC
707777;28/07/2025;segunda-feira;07:30:00;RO;364;236,9;CACOAL;Ausência de reação do condutor;Colisão traseira;Com Vítimas Feridas;Pleno dia;Crescente;Céu Claro;Simples;Reta;Sim;3;0;0;1;1;1;1;3;-11,442613;-61,447925;SPRF-RO;DEL02-RO;UOP02-DEL02-RO
707782;28/07/2025;segunda-feira;07:50:00;BA;324;609;SIMOES FILHO;Reação tardia ou ineficiente do condutor;Colisão lateral mesmo sentido;Sem Vítimas;Pleno dia;Crescente;Nublado;Múltipla;Reta;Não;3;0;0;0;2;1;0;3;-12,7932125;-38,40481176;SPRF-BA;DEL01-BA;UOP01-DEL01-BA
707783;17/07/2025;quinta-feira;11:45:00;SC;101;74;ARAQUARI;Condutor deixou de manter distância do veículo da frente;Colisão com objeto;Com Vítimas Feridas;Pleno dia;Crescente;Céu Claro;Múltipla;Curva;Não;7;0;4;0;2;1;4;4;-26,54970293;-48,71413744;SPRF-SC;DEL03-SC;UOP02-DEL03-SC
707785;28/07/2025;segunda-feira;06:55:00;MS;267;192;NOVA ALVORADA DO SUL;Manobra de mudança de faixa;Eventos atípicos;Com Vítimas Feridas;Amanhecer;Crescente;Chuva;Simples;Reta;Não;4;0;1;1;1;1;2;3;-21,598536;-53,873506;SPRF-MS;DEL02-MS;UOP03-DEL02-MS
707786;28/07/2025;segunda-feira;09:30:00;RS;290;80;GRAVATAI;Velocidade Incompatível;Saída de leito carroçável;Com Vítimas Feridas;Pleno dia;Decrescente;Chuva;Múltipla;"Curva;Retorno Regulamentado";Sim;3;0;2;0;1;0;2;1;-29,953968;-51,061149;SPRF-RS;DEL01-RS;UOP01-DEL01-RS
707790;28/07/2025;segunda-feira;09:30:00;TO;230;82;CACHOEIRINHA;Acessar a via sem observar a presença dos outros veículos;Colisão transversal;Com Vítimas Fatais;Pleno dia;Crescente;Céu Claro;Simples;"Reta;Rotatória";Não;4;1;0;0;2;2;0;4;-6,09824;-47,90934;SPRF-TO;DEL02-TO;UOP03-DEL02-TO
707797;28/07/2025;segunda-feira;09:45:00;MG;381;925,1;ITAPEVA;Velocidade Incompatível;Engavetamento;Sem Vítimas;Pleno dia;Crescente;Chuva;Dupla;"Curva;Declive";Não;8;0;0;0;7;3;0;9;-22,76857951;-46,2065202;SPRF-MG;DEL16-MG;UOP03-DEL16-MG
707802;28/07/2025;segunda-feira;09:30:00;PR;116;184;CAMPO DO TENENTE;Reação tardia ou ineficiente do condutor;Tombamento;Com Vítimas Feridas;Pleno dia;Crescente;Céu Claro;Simples;Curva;Não;2;0;1;0;0;1;1;2;-25,93565026;-49,63818882;SPRF-PR;DEL01-PR;UOP03-DEL01-PR
707804;28/07/2025;segunda-feira;09:45:00;RS;153;47;ERECHIM;Reação tardia ou ineficiente do condutor;Colisão transversal;Com Vítimas Feridas;Pleno dia;Decrescente;Garoa/Chuvisco;Simples;Rotatória;Sim;2;0;1;0;1;0;1;2;-27,64257249;-52,24511862;SPRF-RS;DEL08-RS;UOP04-DEL08-RS
707807;09/05/2025;sexta-feira;15:10:00;PI;316;11;TERESINA;Condutor deixou de manter distância do veículo da frente;Colisão traseira;Com Vítimas Feridas;Pleno dia;Decrescente;Sol;Múltipla;"Reta;Aclive";Sim;3;0;1;0;1;1;1;3;-5,2678854;-42,7275423;SPRF-PI;DEL01-PI;UOP02-DEL01-PI
707808;28/07/2025;segunda-feira;11:10:00;MG;40;569,9;NOVA LIMA;Frear bruscamente;Colisão traseira;Com Vítimas Feridas;Pleno dia;Crescente;Céu Claro;Simples;"Declive;Reta";Não;4;0;1;0;2;1;1;3;-20,22207824;-43,9720434;SPRF-MG;DEL01-MG;UOP02-DEL01-MG