id;data_inversa;dia_semana;horario;uf;br;km;municipio;causa_acidente;tipo_acidente;classificacao_acidente;fase_dia;sentido_via;condicao_metereologica;tipo_pista;tracado_via;uso_solo;pessoas;mortos;feridos_leves;feridos_graves;ilesos;ignorados;feridos;veiculos;latitude;longitude;regional;delegacia;uop
707809;14/06/2025;sábado;20:30:00;PR;373;415,3;FOZ DO JORDAO;Transitar na contramão;Colisão frontal;Com Vítimas Feridas;Plena Noite;Crescente;Chuva;Simples;Reta;Sim;3;0;1;0;1;1;1;3;-25,6748;-52,1273;SPRF-PR;DEL08-PR;UOP01-DEL08-PR
707813;28/07/2025;segunda-feira;12:30:00;SP;116;226;GUARULHOS;Manobra de mudança de faixa;Colisão lateral mesmo sentido;Com Vítimas Feridas;Pleno dia;Crescente;Nublado;Múltipla;Em Obras;Sim;3;0;1;0;1;1;1;3;-23,495298;-46,555579;SPRF-SP;DEL01-SP;UOP01-DEL01-SP
707814;28/07/2025;segunda-feira;09:37:00;ES;101;291;CARIACICA;Condutor deixou de manter distância do veículo da frente;Colisão traseira;Com Vítimas Feridas;Pleno dia;Decrescente;Sol;Dupla;Reta;Sim;2;0;1;0;1;0;1;2;-20,36576062;-40,37303925;SPRF-ES;DEL01-ES;UOP01-DEL01-ES
707817;28/07/2025;segunda-feira;10:30:00;PR;163;147;SANTA LUCIA;Ausência de reação do condutor;Colisão traseira;Com Vítimas Feridas;Pleno dia;Decrescente;Garoa/Chuvisco;Dupla;Reta;Não;5;0;1;0;2;2;1;4;-25,42022;-53,573732;SPRF-PR;DEL05-PR;UOP05-DEL05-PR
707823;28/07/2025;segunda-feira;12:00:00;MG;50;169;UBERABA;Velocidade Incompatível;Colisão traseira;Sem Vítimas;Pleno dia;Crescente;Nublado;Dupla;"Reta;Aclive";Não;2;0;0;0;2;0;0;2;-19,72974547;-47,98175812;SPRF-MG;DEL13-MG;UOP01-DEL13-MG
707826;28/07/2025;segunda-feira;13:05:00;MG;251;426,8;GRAO MOGOL;Transitar na contramão;Colisão lateral sentido oposto;Com Vítimas Feridas;Pleno dia;Crescente;Céu Claro;Simples;Curva;Não;4;0;1;1;1;1;2;3;-16,321072;-43,115555;SPRF-MG;DEL12-MG;UOP01-DEL12-MG
707829;28/07/2025;segunda-feira;09:50:00;RS;116;77,1;CAMPESTRE DA SERRA;Reação tardia ou ineficiente do condutor;Colisão frontal;Com Vítimas Feridas;Pleno dia;Decrescente;Chuva;Simples;Curva;Não;2;0;1;1;0;0;2;2;-28,77852418;-51,09237308;SPRF-RS;DEL05-RS;UOP03-DEL05-RS
707830;28/07/2025;segunda-feira;13:45:00;MG;381;442;SABARA;Manobra de mudança de faixa;Colisão lateral mesmo sentido;Com Vítimas Feridas;Pleno dia;Decrescente;Céu Claro;Simples;Reta;Não;3;0;0;1;1;1;1;3;-19,8319703;-43,8625365;SPRF-MG;DEL01-MG;UOP01-DEL01-MG
707834;30/06/2025;segunda-feira;09:32:00;PA;163;304;NOVO PROGRESSO;Reação tardia ou ineficiente do condutor;Colisão traseira;Sem Vítimas;Pleno dia;Crescente;Ignorado;Simples;Reta;Não;3;0;0;0;0;3;0;2;-7,104524;-55,397812;SPRF-PA;DEL05-PA;UOP03-DEL05-PA
707836;28/07/2025;segunda-feira;12:30:00;MG;40;512,1;RIBEIRAO DAS NEVES;Manobra de mudança de faixa;Colisão lateral mesmo sentido;Com Vítimas Feridas;Pleno dia;Crescente;Céu Claro;Dupla;"Reta;Aclive";Não;2;0;1;0;1;0;1;2;-19,79231561;-44,1110859;SPRF-MG;DEL01-MG;UOP02-DEL01-MG
707839;28/07/2025;segunda-feira;09:37:00;PI;343;280;CAMPO MAIOR;Transitar na contramão;Colisão frontal;Com Vítimas Fatais;Pleno dia;Crescente;Céu Claro;Simples;Reta;Não;8;1;2;2;3;0;4;2;-4,92098506;-42,26539135;SPRF-PI;DEL01-PI;UOP03-DEL01-PI
707843;28/07/2025;segunda-feira;12:10:00;RS;386;113,1;SARANDI;Desrespeitar a preferência no cruzamento;Colisão transversal;Com Vítimas Feridas;Pleno dia;Decrescente;Nublado;Simples;Curva;Não;5;0;1;2;2;0;3;2;-27,81471476;-53,04054229;SPRF-RS;DEL08-RS;UOP01-DEL08-RS
707844;28/07/2025;segunda-feira;14:10:00;RJ;101;208;CASIMIRO DE ABREU;Reação tardia ou ineficiente do condutor;Colisão traseira;Sem Vítimas;Pleno dia;Crescente;Céu Claro;Simples;Reta;Não;3;0;0;0;2;2;0;4;-22,48226485;-42,22166061;SPRF-RJ;DEL08-RJ;UOP04-DEL08-RJ
707845;28/07/2025;segunda-feira;14:37:00;ES;101;344;GUARAPARI;Ausência de reação do condutor;Tombamento;Com Vítimas Feridas;Pleno dia;Crescente;Céu Claro;Dupla;Curva;Não;2;0;1;0;0;1;1;2;-20,65876971;-40,61394081;SPRF-ES;DEL03-ES;UOP01-DEL03-ES
707849;28/07/2025;segunda-feira;12:50:00;MG;116;25;CACHOEIRA DE PAJEU;Transitar na contramão;Colisão transversal;Com Vítimas Feridas;Pleno dia;Crescente;Céu Claro;Simples;Interseção de Vias;Não;2;0;0;1;1;0;1;2;-15,8728682;-41,4308492;SPRF-BA;DEL08-BA;UOP03-DEL08-BA
707858;28/07/2025;segunda-feira;11:50:00;MT;70;731;CACERES;Acessar a via sem observar a presença dos outros veículos;Colisão transversal;Sem Vítimas;Pleno dia;Crescente;Céu Claro;Simples;"Reta;Interseção de Vias";Sim;3;0;0;0;1;2;0;3;-16,098952;-57,678072;SPRF-MT;DEL03-MT;UOP01-DEL03-MT
707863;28/07/2025;segunda-feira;14:30:00;SC;470;112;IBIRAMA;Ausência de sinalização;Colisão traseira;Com Vítimas Feridas;Pleno dia;Crescente;Sol;Simples;Curva;Não;3;0;0;1;2;0;1;3;-27,09519518;-49,46590114;SPRF-SC;DEL04-SC;UOP02-DEL04-SC
707865;28/07/2025;segunda-feira;14:20:00;MG;381;858;POUSO ALEGRE;Demais falhas mecânicas ou elétricas;Saída de leito carroçável;Com Vítimas Feridas;Pleno dia;Crescente;Nublado;Dupla;Reta;Não;2;0;1;0;0;1;1;2;-22,305719;-45,901855;SPRF-MG;DEL16-MG;UOP01-DEL16-MG
707870;28/07/2025;segunda-feira;16:00:00;MG;50;28,9;ARAGUARI;Reação tardia ou ineficiente do condutor;Colisão traseira;Com Vítimas Fatais;Pleno dia;Crescente;Céu Claro;Dupla;Aclive;Não;2;1;0;0;1;0;0;2;-18,620063;-48,110868;SPRF-MG;DEL15-MG;UOP02-DEL15-MG
707884;02/06/2025;segunda-feira;19:30:00;BA;324;603;SIMOES FILHO;Acesso irregular;Colisão traseira;Com Vítimas Feridas;Plena Noite;Decrescente;Nublado;Dupla;"Interseção de Vias;Curva";Sim;4;0;3;0;1;0;3;2;-12,783009;-38,41403961;SPRF-BA;DEL01-BA;UOP01-DEL01-BA
707890;28/07/2025;segunda-feira;17:25:00;PB;101;123;CAAPORA;Chuva;Colisão lateral mesmo sentido;Com Vítimas Feridas;Anoitecer;Crescente;Chuva;Dupla;"Declive;Reta";Não;3;0;1;0;2;0;1;2;-7,4589931;-34,9805793;SPRF-PB;DEL01-PB;UOP01-DEL01-PB
707893;28/07/2025;segunda-feira;17:00:00;SP;116;107;TAUBATE;Condutor deixou de manter distância do veículo da frente;Tombamento;Sem Vítimas;Anoitecer;Crescente;Céu Claro;Dupla;Reta;Sim;2;0;0;0;1;2;0;3;-23,02120548;-45,53506071;SPRF-SP;DEL02-SP;UOP02-DEL02-SP
707895;28/07/2025;segunda-feira;16:00:00;BA;349;972;CORRENTINA;Reação tardia ou ineficiente do condutor;Saída de leito carroçável;Sem Vítimas;Pleno dia;Decrescente;Céu Claro;Simples;Reta;Não;6;0;0;0;6;0;0;2;-13,48058;-44,97119;SPRF-BA;DEL10-BA;UOP02-DEL10-BA
707896;28/07/2025;segunda-feira;16:00:00;PR;369;68;SANTA MARIANA;Condutor Dormindo;Saída de leito carroçável;Com Vítimas Feridas;Pleno dia;Crescente;Céu Claro;Simples;"Reta;Aclive";Não;1;0;1;0;0;0;1;1;-23,13335967;-50,47509519;SPRF-PR;DEL07-PR;UOP05-DEL07-PR
707897;28/07/2025;segunda-feira;18:00:00;TO;153;147;ARAGUAINA;Demais falhas mecânicas ou elétricas;Incêndio;Sem Vítimas;Pleno dia;Crescente;Céu Claro;Dupla;Reta;Sim;2;0;0;0;1;1;0;2;-7,2238664;-48,2485502;SPRF-TO;DEL02-TO;UOP01-DEL02-TO
707899;28/07/2025;segunda-feira;17:30:00;PR;369;180,4;ARAPONGAS;Acessar a via sem observar a presença dos outros veículos;Colisão lateral mesmo sentido;Sem Vítimas;Pleno dia;Decrescente;Nublado;Dupla;"Reta;Interseção de Vias";Não;3;0;0;0;2;1;0;3;-23,371704;-51,410573;SPRF-PR;DEL07-PR;UOP03-DEL07-PR
707900;28/07/2025;segunda-feira;17:50:00;TO;153;169;ARAGUAINA;Demais falhas mecânicas ou elétricas;Incêndio;Sem Vítimas;Anoitecer;Decrescente;Céu Claro;Simples;Reta;Não;1;0;0;0;1;0;0;1;-7,387018;-48,357722;SPRF-TO;DEL02-TO;UOP01-DEL02-TO
707901;28/07/2025;segunda-feira;11:15:00;MG;262;752;SACRAMENTO;Ausência de reação do condutor;Colisão traseira;Com Vítimas Feridas;Pleno dia;Decrescente;Céu Claro;Simples;"Reta;Em Obras";Não;3;0;1;0;1;2;1;4;-19,632197;-47,497441;SPRF-MG;DEL13-MG;UOP01-DEL13-MG
707917;28/07/2025;segunda-feira;16:25:00;RN;110;30;MOSSORO;Demais falhas mecânicas ou elétricas;Incêndio;Sem Vítimas;Pleno dia;Decrescente;Nublado;Simples;Reta;Não;2;0;0;0;1;1;0;2;-5,12815;-37,20762;SPRF-RN;DEL04-RN;UOP01-DEL04-RN
707924;28/07/2025;segunda-feira;18:26:00;MG;381;516;IGARAPE;Manobra de mudança de faixa;Colisão lateral mesmo sentido;Com Vítimas Feridas;Plena Noite;Decrescente;Chuva;Dupla;"Declive;Reta";Não;4;0;1;0;2;1;1;3;-20,10554958;-44,32160926;SPRF-MG;DEL01-MG;UOP03-DEL01-MG
707934;28/07/2025;segunda-feira;20:50:00;MG;262;110,8;RIO CASCA;Objeto estático sobre o leito carroçável;Colisão com objeto;Com Vítimas Feridas;Pleno dia;Crescente;Chuva;Simples;Reta;Não;2;0;1;0;1;0;1;2;-20,23707308;-42,61751175;SPRF-MG;DEL03-MG;UOP03-DEL03-MG
707938;28/07/2025;segunda-feira;17:30:00;MA;316;613,4;TIMON;Transitar na contramão;Colisão frontal;Com Vítimas Fatais;Anoitecer;Crescente;Céu Claro;Simples;Curva;Sim;2;1;0;0;0;1;0;2;-5,075447;-42,848433;SPRF-MA;DEL03-MA;UOP02-DEL03-MA
707942;28/07/2025;segunda-feira;22:00:00;MG;40;593;OURO PRETO;Velocidade Incompatível;Colisão traseira;Com Vítimas Feridas;Plena Noite;Decrescente;Chuva;Dupla;"Curva;Declive";Não;4;0;2;0;1;1;2;3;-20,39289967;-43,90563081;SPRF-MG;DEL05-MG;UOP02-DEL05-MG
707943;28/07/2025;segunda-feira;18:15:00;MS;267;318;RIO BRILHANTE;Velocidade Incompatível;Colisão com objeto;Sem Vítimas;Plena Noite;Decrescente;Céu Claro;Simples;Rotatória;Não;2;0;0;0;1;1;0;2;-21,65058762;-54,75883126;SPRF-MS;DEL02-MS;UOP02-DEL02-MS
707946;28/07/2025;segunda-feira;22:00:00;RN;406;155;CEARA-MIRIM;Reação tardia ou ineficiente do condutor;Colisão lateral mesmo sentido;Com Vítimas Feridas;Plena Noite;Crescente;Céu Claro;Simples;Reta;Não;2;0;1;0;0;1;1;2;-5,68386637;-35,39532535;SPRF-RN;DEL02-RN;UOP01-DEL02-RN
707955;29/07/2025;terça-feira;00:24:00;PE;232;10,3;JABOATAO DOS GUARARAPES;Chuva;Saída de leito carroçável;Sem Vítimas;Plena Noite;Crescente;Chuva;Dupla;Reta;Sim;1;0;0;0;1;0;0;1;-8,07979;-34,989932;SPRF-PE;DEL01-PE;UOP01-DEL01-PE
707956;28/07/2025;segunda-feira;08:30:00;SC;101;294;IMBITUBA;Ausência de reação do condutor;Colisão traseira;Com Vítimas Feridas;Pleno dia;Crescente;Céu Claro;Dupla;Reta;Não;4;0;2;0;1;1;2;3;-28,306549;-48,72145161;SPRF-SC;DEL02-SC;UOP03-DEL02-SC
707957;29/07/2025;terça-feira;03:00:00;GO;153;154;CAMPINORTE;Reação tardia ou ineficiente do condutor;Colisão lateral mesmo sentido;Com Vítimas Feridas;Amanhecer;Crescente;Céu Claro;Simples;Reta;Não;2;0;0;1;1;0;1;2;-14,09260137;-49,0999712;SPRF-GO;DEL07-GO;UOP02-DEL07-GO
707958;29/07/2025;terça-feira;04:10:00;GO;60;81;ANAPOLIS;Ausência de reação do condutor;Tombamento;Com Vítimas Feridas;Amanhecer;Crescente;Céu Claro;Dupla;"Reta;Aclive";Não;3;0;1;1;0;1;2;2;-16,307573;-48,82277;SPRF-GO;DEL02-GO;UOP01-DEL02-GO
707960;29/07/2025;terça-feira;04:30:00;GO;158;13;ARAGARCAS;Animais na Pista;Atropelamento de Animal;Com Vítimas Feridas;Amanhecer;Crescente;Céu Claro;Simples;Reta;Não;3;0;0;1;1;2;1;4;-15,982147;-52,204337;SPRF-GO;DEL04-GO;UOP02-DEL04-GO
707966;28/07/2025;segunda-feira;22:50:00;SC;470;269;BRUNOPOLIS;Velocidade Incompatível;Tombamento;Sem Vítimas;Plena Noite;Crescente;Nublado;Simples;Curva;Não;1;0;0;0;1;0;0;1;-27,31889524;-50,76554775;SPRF-SC;DEL07-SC;UOP06-DEL07-SC
707980;29/07/2025;terça-feira;07:30:00;ES;101;265,4;SERRA;Condutor deixou de manter distância do veículo da frente;Colisão lateral mesmo sentido;Com Vítimas Fatais;Pleno dia;Crescente;Céu Claro;Múltipla;"Reta;Aclive";Sim;5;1;2;0;1;1;2;5;-20,185471;-40,267666;SPRF-ES;DEL02-ES;UOP01-DEL02-ES
707982;29/07/2025;terça-feira;07:15:00;SP;116;504,6;CAJATI;Reação tardia ou ineficiente do condutor;Tombamento;Com Vítimas Feridas;Pleno dia;Decrescente;Céu Claro;Simples;"Aclive;Curva";Não;2;0;1;0;0;1;1;2;-24,7967;-48,20854;SPRF-SP;DEL05-SP;UOP02-DEL05-SP
707984;27/07/2025;domingo;12:40:00;MG;365;66,3;CLARO DOS POCOES;Velocidade Incompatível;Tombamento;Com Vítimas Feridas;Pleno dia;Crescente;Sol;Simples;Curva;Não;3;0;1;2;0;0;3;1;-17,03700052;-44,31842387;SPRF-MG;DEL12-MG;UOP01-DEL12-MG
707989;29/07/2025;terça-feira;07:50:00;PR;376;600;CURITIBA;Pedestre cruzava a pista fora da faixa;Atropelamento de Pedestre;Com Vítimas Feridas;Pleno dia;Decrescente;Sol;Dupla;Reta;Sim;4;0;1;0;3;0;1;3;-25,50588;-49,34062;SPRF-PR;DEL01-PR;UOP03-DEL01-PR
707992;07/07/2025;segunda-feira;07:30:00;GO;80;62,9;PADRE BERNARDO;Demais falhas mecânicas ou elétricas;Incêndio;Sem Vítimas;Pleno dia;Decrescente;Céu Claro;Simples;Reta;Não;2;0;0;0;1;81;0;82;-15,17278873;-48,39040339;SPRF-DF;DEL03-DF;UOP02-DEL03-DF
708003;29/07/2025;terça-feira;10:45:00;RS;116;246;SAO LEOPOLDO;Reação tardia ou ineficiente do condutor;Colisão traseira;Com Vítimas Feridas;Pleno dia;Crescente;Céu Claro;Múltipla;"Reta;Ponte";Sim;4;0;0;1;2;1;1;4;-29,759009;-51,15211;SPRF-RS;DEL01-RS;UOP02-DEL01-RS
708004;29/07/2025;terça-feira;10:13:00;SC;101;112;ITAPEMA;Ausência de reação do condutor;Tombamento;Com Vítimas Feridas;Pleno dia;Crescente;Céu Claro;Simples;Curva;Não;1;0;1;0;0;0;1;1;-27,0659512;-48,5955689;SPRF-SC;DEL04-SC;UOP04-DEL04-SC
708006;29/07/2025;terça-feira;11:10:00;SC;101;211,8;PALHOCA;Reação tardia ou ineficiente do condutor;Colisão traseira;Com Vítimas Feridas;Pleno dia;Crescente;Céu Claro;Múltipla;"Reta;Viaduto";Sim;3;0;1;0;2;0;1;3;-27,628233;-48,657352;SPRF-SC;DEL01-SC;UOP02-DEL01-SC
708007;29/07/2025;terça-feira;10:53:00;BA;415;52;ITABUNA;Transitar na contramão;Colisão frontal;Com Vítimas Feridas;Pleno dia;Crescente;Céu Claro;Simples;Reta;Sim;5;0;3;1;1;0;4;2;-14,7670006;-39,2587133;SPRF-BA;DEL05-BA;UOP01-DEL05-BA
708009;29/07/2025;terça-feira;08:30:00;PA;10;21;DOM ELISEU;Ausência de reação do condutor;Colisão traseira;Sem Vítimas;Pleno dia;Crescente;Céu Claro;Simples;Reta;Não;3;0;0;0;1;2;0;3;-4,266538;-47,560662;SPRF-PA;DEL02-PA;UOP02-DEL02-PA
708010;29/07/2025;terça-feira;09:50:00;PB;101;12;MAMANGUAPE;Reação tardia ou ineficiente do condutor;Colisão traseira;Sem Vítimas;Pleno dia;Decrescente;Céu Claro;Dupla;"Reta;Em Obras;Declive";Não;4;0;0;0;3;3;0;6;-6,600171;-35,143909;SPRF-PB;DEL01-PB;UOP03-DEL01-PB
708011;29/07/2025;terça-feira;11:45:00;RS;386;34;FREDERICO WESTPHALEN;Acessar a via sem observar a presença dos outros veículos;Colisão transversal;Com Vítimas Feridas;Pleno dia;Decrescente;Céu Claro;Dupla;"Curva;Interseção de Vias";Sim;2;0;1;0;1;0;1;2;-27,3615978;-53,3902152;SPRF-RS;DEL08-RS;UOP02-DEL08-RS
708015;29/07/2025;terça-feira;07:30:00;RJ;393;121,5;SAPUCAIA;Ausência de reação do condutor;Tombamento;Com Vítimas Feridas;Pleno dia;Decrescente;Nublado;Simples;Curva;Não;2;0;0;1;0;1;1;2;-21,943681;-42,832401;SPRF-RJ;DEL05-RJ;UOP01-DEL05-RJ
708016;25/07/2025;sexta-feira;17:00:00;MS;163;421;CAMPO GRANDE;Acessar a via sem observar a presença dos outros veículos;Colisão traseira;Com Vítimas Feridas;Anoitecer;Crescente;Céu Claro;Simples;Reta;Sim;3;0;1;0;2;0;1;2;-20,975976;-54,504428;SPRF-MS;DEL01-MS;UOP01-DEL01-MS
708022;29/07/2025;terça-feira;12:30:00;MG;262;362,6;JUATUBA;Ausência de reação do condutor;Colisão traseira;Com Vítimas Feridas;Pleno dia;Crescente;Sol;Múltipla;"Reta;Aclive";Sim;2;0;1;0;1;0;1;2;-19,9708902;-44,2890246;SPRF-MG;DEL01-MG;UOP03-DEL01-MG
708024;29/07/2025;terça-feira;12:35:00;RS;392;72;PELOTAS;Reação tardia ou ineficiente do condutor;Engavetamento;Com Vítimas Feridas;Pleno dia;Crescente;Céu Claro;Simples;"Reta;Em Obras";Sim;8;0;2;0;5;3;2;7;-31,7173424;-52,394127;SPRF-RS;DEL07-RS;UOP01-DEL07-RS
708027;29/07/2025;terça-feira;10:30:00;PR;277;721,2;FOZ DO IGUACU;Acessar a via sem observar a presença dos outros veículos;Colisão transversal;Com Vítimas Feridas;Pleno dia;Decrescente;Céu Claro;Dupla;"Retorno Regulamentado;Reta";Sim;39;0;11;6;21;1;17;3;-25,49277143;-54,51543689;SPRF-PR;DEL05-PR;UOP03-DEL05-PR
708028;29/07/2025;terça-feira;07:55:00;MG;251;341;FRUTA DE LEITE;Ausência de reação do condutor;Saída de leito carroçável;Com Vítimas Feridas;Pleno dia;Crescente;Céu Claro;Simples;"Declive;Curva";Não;4;0;2;1;0;1;3;2;-16,256473;-42,4679746;SPRF-MG;DEL12-MG;UOP02-DEL12-MG
708049;29/07/2025;terça-feira;12:40:00;RO;364;713;PORTO VELHO;Manobra de mudança de faixa;Colisão lateral mesmo sentido;Com Vítimas Feridas;Pleno dia;Crescente;Céu Claro;Dupla;Reta;Sim;3;0;2;0;1;0;2;2;-8,77317528;-63,88003206;SPRF-RO;DEL01-RO;UOP01-DEL01-RO
708059;29/07/2025;terça-feira;15:00:00;PR;369;497,9;CASCAVEL;Objeto estático sobre o leito carroçável;Derramamento de carga;Com Vítimas Feridas;Pleno dia;Crescente;Céu Claro;Simples;Interseção de Vias;Não;4;0;1;0;2;3;1;5;-24,89373;-53,35313;SPRF-PR;DEL04-PR;UOP01-DEL04-PR
708065;29/07/2025;terça-feira;15:00:00;RS;285;113,8;VACARIA;Carga excessiva e/ou mal acondicionada;Derramamento de carga;Com Vítimas Feridas;Pleno dia;Crescente;Céu Claro;Simples;Curva;Não;2;0;0;1;1;0;1;2;-28,511161;-50,876077;SPRF-RS;DEL05-RS;UOP03-DEL05-RS
708068;29/07/2025;terça-feira;15:20:00;MS;163;264,5;DOURADOS;Ausência de reação do condutor;Tombamento;Com Vítimas Feridas;Pleno dia;Decrescente;Céu Claro;Dupla;"Rotatória;Curva";Sim;1;0;1;0;0;0;1;1;-22,2240383;-54,73247051;SPRF-MS;DEL04-MS;UOP01-DEL04-MS
708069;29/07/2025;terça-feira;13:00:00;MA;10;351;ACAILANDIA;Demais falhas mecânicas ou elétricas;Incêndio;Sem Vítimas;Pleno dia;Crescente;Céu Claro;Simples;Reta;Não;2;0;0;0;1;3;0;4;-4,67593;-47,49336;SPRF-MA;DEL04-MA;UOP03-DEL04-MA
708077;29/07/2025;terça-feira;14:40:00;MG;116;442;ENGENHEIRO CALDAS;Condutor Dormindo;Saída de leito carroçável;Com Vítimas Feridas;Pleno dia;Decrescente;Céu Claro;Simples;Reta;Não;1;0;1;0;0;0;1;1;-19,09407;-42,00417;SPRF-MG;DEL06-MG;UOP01-DEL06-MG
708079;29/07/2025;terça-feira;18:00:00;PR;277;28,1;MORRETES;Demais falhas mecânicas ou elétricas;Colisão traseira;Com Vítimas Feridas;Anoitecer;Crescente;Céu Claro;Dupla;Reta;Não;4;0;3;0;1;0;3;2;-25,54523;-48,78284;SPRF-PR;DEL01-PR;UOP05-DEL01-PR
708081;29/07/2025;terça-feira;16:50:00;PR;369;163;CAMBE;Manobra de mudança de faixa;Colisão lateral mesmo sentido;Com Vítimas Feridas;Pleno dia;Crescente;Céu Claro;Dupla;"Declive;Reta";Sim;5;0;2;0;2;1;2;3;-23,29743639;-51,31975349;SPRF-PR;DEL07-PR;UOP01-DEL07-PR
708088;29/07/2025;terça-feira;17:40:00;GO;153;502,8;GOIANIA;Condutor deixou de manter distância do veículo da frente;Engavetamento;Sem Vítimas;Pleno dia;Crescente;Ignorado;Dupla;Reta;Sim;3;0;0;0;3;0;0;3;-16,7252609;-49,240897;SPRF-GO;DEL01-GO;UOP01-DEL01-GO
708089;29/07/2025;terça-feira;16:05:00;MG;116;762,6;LEOPOLDINA;Demais Fenômenos da natureza;Colisão transversal;Com Vítimas Feridas;Pleno dia;Crescente;Sol;Dupla;Rotatória;Sim;3;0;1;0;1;1;1;3;-21,52629849;-42,63283102;SPRF-MG;DEL07-MG;UOP01-DEL07-MG
708095;29/07/2025;terça-feira;16:45:00;PR;369;448,7;CORBELIA;Ingestão de álcool pelo condutor;Colisão lateral sentido oposto;Sem Vítimas;Pleno dia;Crescente;Céu Claro;Simples;"Curva;Aclive";Não;3;0;0;0;2;2;0;4;-24,56501838;-53,13318126;SPRF-PR;DEL04-PR;UOP03-DEL04-PR
708104;29/07/2025;terça-feira;19:25:00;RS;392;57,9;RIO GRANDE;Animais na Pista;Atropelamento de Animal;Com Vítimas Feridas;Plena Noite;Decrescente;Céu Claro;Dupla;Reta;Não;6;0;2;0;3;2;2;6;-31,80514016;-52,32840657;SPRF-RS;DEL07-RS;UOP02-DEL07-RS
708108;29/07/2025;terça-feira;20:10:00;MG;262;389;PARA DE MINAS;Reação tardia ou ineficiente do condutor;Colisão traseira;Com Vítimas Feridas;Plena Noite;Crescente;Céu Claro;Dupla;Reta;Não;5;0;2;1;0;2;3;3;-19,89976232;-44,55505371;SPRF-MG;DEL01-MG;UOP03-DEL01-MG
708113;29/07/2025;terça-feira;21:10:00;PR;369;131,3;IBIPORA;Condutor deixou de manter distância do veículo da frente;Colisão traseira;Com Vítimas Feridas;Plena Noite;Decrescente;Céu Claro;Dupla;"Declive;Reta";Não;2;0;0;1;0;1;1;2;-23,2602223;-51,0064071;SPRF-PR;DEL07-PR;UOP01-DEL07-PR
708116;29/07/2025;terça-feira;18:30:00;RN;304;46;MOSSORO;Ausência de reação do condutor;Queda de ocupante de veículo;Com Vítimas Feridas;Plena Noite;Crescente;Céu Claro;Dupla;Retorno Regulamentado;Sim;2;0;1;0;1;0;1;2;-5,22587;-37,335271;SPRF-RN;DEL04-RN;UOP01-DEL04-RN
708118;29/07/2025;terça-feira;19:25:00;MT;163;579;NOVA MUTUM;Reação tardia ou ineficiente do condutor;Colisão traseira;Com Vítimas Feridas;Plena Noite;Crescente;Céu Claro;Dupla;"Reta;Aclive";Não;3;0;1;0;1;6;1;8;-14,05051698;-56,09720126;SPRF-MT;DEL01-MT;UOP01-DEL01-MT
708120;29/07/2025;terça-feira;16:50:00;MT;163;556,2;DIAMANTINO;Problema na suspensão;Colisão lateral sentido oposto;Com Vítimas Feridas;Pleno dia;Decrescente;Céu Claro;Simples;Reta;Não;4;0;1;0;2;6;1;9;-14,185;-56,088;SPRF-MT;DEL01-MT;UOP01-DEL01-MT
708123;29/07/2025;terça-feira;21:10:00;PR;277;371;GUARAPUAVA;Manobra de mudança de faixa;Colisão lateral mesmo sentido;Sem Vítimas;Plena Noite;Decrescente;Nublado;Simples;"Reta;Aclive";Não;3;0;0;0;2;1;0;3;-25,40806331;-51,70744729;SPRF-PR;DEL08-PR;UOP01-DEL08-PR
708125;29/07/2025;terça-feira;22:45:00;PE;232;69;GRAVATA;Condutor Dormindo;Colisão traseira;Com Vítimas Feridas;Plena Noite;Decrescente;Céu Claro;Dupla;"Aclive;Reta";Não;2;0;0;1;1;0;1;2;-8,180492;-35,487871;SPRF-PE;DEL02-PE;UOP02-DEL02PE
708126;30/07/2025;quarta-feira;00:50:00;RS;116;470;SAO LOURENCO DO SUL;Ausência de reação do condutor;Colisão com objeto;Com Vítimas Feridas;Plena Noite;Crescente;Céu Claro;Dupla;"Desvio Temporário;Reta;Em Obras";Não;4;0;3;0;1;0;3;1;-31,354402;-52,071775;SPRF-RS;DEL07-RS;UOP01-DEL07-RS
708127;30/07/2025;quarta-feira;01:10:00;MG;381;516,5;IGARAPE;Ausência de reação do condutor;Tombamento;Com Vítimas Feridas;Plena Noite;Decrescente;Céu Claro;Múltipla;"Curva;Declive";Não;2;0;1;0;0;1;1;2;-20,09527171;-44,31575775;SPRF-MG;DEL01-MG;UOP03-DEL01-MG
708128;30/07/2025;quarta-feira;01:20:00;MG;381;516,4;BRUMADINHO;Velocidade Incompatível;Colisão traseira;Com Vítimas Feridas;Plena Noite;Decrescente;Céu Claro;Dupla;"Declive;Curva";Não;4;0;0;1;2;2;1;5;-20,1007981;-44,31922;SPRF-MG;DEL01-MG;UOP03-DEL01-MG
708129;30/07/2025;quarta-feira;01:45:00;SP;116;145;SAO JOSE DOS CAMPOS;Ausência de reação do condutor;Colisão traseira;Com Vítimas Feridas;Plena Noite;Crescente;Céu Claro;Dupla;Aclive;Não;2;0;2;0;0;0;2;2;-23,18787761;-45,85636409;SPRF-SP;DEL02-SP;UOP01-DEL02-SP
708132;29/07/2025;terça-feira;22:00:00;RO;364;963;PORTO VELHO;Velocidade Incompatível;Tombamento;Sem Vítimas;Plena Noite;Crescente;Céu Claro;Simples;Reta;Não;1;0;0;0;0;1;0;1;-9,65020464;-65,70370675;SPRF-RO;DEL01-RO;UOP03-DEL01-RO