id;data_inversa;dia_semana;horario;uf;br;km;municipio;causa_acidente;tipo_acidente;classificacao_acidente;fase_dia;sentido_via;condicao_metereologica;tipo_pista;tracado_via;uso_solo;pessoas;mortos;feridos_leves;feridos_graves;ilesos;ignorados;feridos;veiculos;latitude;longitude;regional;delegacia;uop
708413;31/07/2025;quinta-feira;04:30:00;PA;163;638;TRAIRAO;Ingestão de álcool pelo condutor;Saída de leito carroçável;Sem Vítimas;Amanhecer;Decrescente;Céu Claro;Simples;Reta;Não;2;0;0;0;1;3;0;4;-4,60066166;-55,93933666;SPRF-PA;DEL05-PA;UOP02-DEL05-PA
708414;31/07/2025;quinta-feira;12:40:00;RS;285;208,5;LAGOA VERMELHA;Desrespeitar a preferência no cruzamento;Colisão transversal;Sem Vítimas;Pleno dia;Crescente;Sol;Simples;"Reta;Interseção de Vias";Não;4;0;0;0;2;2;0;4;-28,22406536;-51,6103324;SPRF-RS;DEL08-RS;UOP05-DEL08-RS
708421;31/07/2025;quinta-feira;13:15:00;RJ;116;271;BARRA MANSA;Reação tardia ou ineficiente do condutor;Tombamento;Com Vítimas Feridas;Pleno dia;Crescente;Céu Claro;Dupla;Curva;Sim;2;0;1;0;0;1;1;2;-22,55980572;-44,12349701;SPRF-RJ;DEL07-RJ;UOP02-DEL07-RJ
708433;31/07/2025;quinta-feira;13:50:00;MG;50;204,5;DELTA;Estacionar ou parar em local proibido;Colisão traseira;Com Vítimas Feridas;Pleno dia;Crescente;Céu Claro;Dupla;Declive;Não;4;0;1;0;2;4;1;7;-19,963283;-47,796496;SPRF-MG;DEL13-MG;UOP01-DEL13-MG
708435;31/07/2025;quinta-feira;14:00:00;PR;376;186,6;MARIALVA;Condutor deixou de manter distância do veículo da frente;Colisão traseira;Com Vítimas Feridas;Pleno dia;Crescente;Sol;Dupla;"Reta;Aclive";Não;3;0;0;1;1;1;1;3;-23,454488;-51,848851;SPRF-PR;DEL09-PR;UOP01-DEL09-PR
708438;31/07/2025;quinta-feira;07:30:00;MA;316;514;CAXIAS;Demais falhas mecânicas ou elétricas;Saída de leito carroçável;Com Vítimas Feridas;Pleno dia;Decrescente;Céu Claro;Simples;Reta;Não;1;0;1;0;0;0;1;1;-4,760208;-43,646333;SPRF-MA;DEL03-MA;UOP02-DEL03-MA
708440;31/07/2025;quinta-feira;03:30:00;RR;174;266;CARACARAI;Problema com o freio;Incêndio;Sem Vítimas;Plena Noite;Crescente;Ignorado;Simples;Reta;Não;2;0;0;0;1;2;0;3;1,2900817;-60,5476332;SPRF-RR;DEL01-RR;UOP01-DEL01-RR
708441;31/07/2025;quinta-feira;13:00:00;RS;290;343;SAO SEPE;Reação tardia ou ineficiente do condutor;Colisão lateral sentido oposto;Com Vítimas Feridas;Pleno dia;Decrescente;Céu Claro;Simples;"Ponte;Reta;Declive;Em Obras";Não;5;0;1;0;2;2;1;5;-30,363605;-53,615821;SPRF-RS;DEL09-RS;UOP02-DEL09-RS
708447;31/07/2025;quinta-feira;15:00:00;RS;386;180,5;CARAZINHO;Acessar a via sem observar a presença dos outros veículos;Colisão transversal;Com Vítimas Feridas;Pleno dia;Crescente;Sol;Simples;Interseção de Vias;Não;4;0;1;0;2;1;1;4;-28,30309831;-52,74237657;SPRF-RS;DEL08-RS;UOP01-DEL08-RS
708451;31/07/2025;quinta-feira;13:00:00;RS;116;52,4;VACARIA;Ausência de reação do condutor;Colisão transversal;Com Vítimas Feridas;Pleno dia;Decrescente;Céu Claro;Múltipla;"Desvio Temporário;Curva;Aclive";Não;4;0;1;0;1;2;1;4;-28,584617;-51,02898;SPRF-RS;DEL05-RS;UOP03-DEL05-RS
708456;31/07/2025;quinta-feira;15:55:00;PE;423;57;LAJEDO;Acesso irregular;Colisão transversal;Sem Vítimas;Pleno dia;Crescente;Céu Claro;Simples;"Declive;Reta";Não;3;0;0;0;3;0;0;2;-8,63528002;-36,30667157;SPRF-PE;DEL03-PE;UOP01-DEL03-PE
708457;31/07/2025;quinta-feira;16:40:00;RJ;101;327;NITEROI;Manobra de mudança de faixa;Colisão lateral mesmo sentido;Sem Vítimas;Pleno dia;Decrescente;Céu Claro;Dupla;Reta;Sim;2;0;0;0;2;0;0;2;-22,87226586;-43,14519032;SPRF-RJ;DEL02-RJ;UOP01-DEL02-RJ
708459;31/07/2025;quinta-feira;15:30:00;SC;470;3,1;NAVEGANTES;Transitar na contramão;Colisão frontal;Com Vítimas Fatais;Pleno dia;Decrescente;Céu Claro;Múltipla;"Reta;Em Obras";Sim;3;1;0;0;1;1;0;3;-26,86077;-48,68344;SPRF-SC;DEL04-SC;UOP04-DEL04-SC
708464;31/07/2025;quinta-feira;16:00:00;MG;146;478,2;POCOS DE CALDAS;Demais falhas mecânicas ou elétricas;Tombamento;Com Vítimas Feridas;Pleno dia;Decrescente;Sol;Simples;"Curva;Declive";Não;2;0;0;2;0;0;2;1;-21,77255;-46,4219;SPRF-MG;DEL09-MG;UOP01-DEL09-MG
708471;31/07/2025;quinta-feira;18:00:00;MG;40;658,5;CARANDAI;Velocidade Incompatível;Colisão transversal;Com Vítimas Feridas;Anoitecer;Crescente;Nublado;Simples;Retorno Regulamentado;Sim;3;0;1;0;1;2;1;4;-20,89182756;-43,81702488;SPRF-MG;DEL05-MG;UOP02-DEL05-MG
708472;31/07/2025;quinta-feira;18:15:00;MG;262;512;LUZ;Conversão proibida;Colisão transversal;Com Vítimas Feridas;Anoitecer;Decrescente;Céu Claro;Simples;Aclive;Não;7;0;4;1;2;0;5;2;-19,7838882;-45,65397531;SPRF-MG;DEL08-MG;UOP03-DEL08-MG
708477;31/07/2025;quinta-feira;18:30:00;PE;232;59;POMBOS;Ausência de reação do condutor;Colisão traseira;Com Vítimas Fatais;Plena Noite;Decrescente;Céu Claro;Dupla;Reta;Sim;3;1;1;0;0;1;1;2;-8,147548;-35,40335;SPRF-PE;DEL02-PE;UOP02-DEL02PE
708480;31/07/2025;quinta-feira;18:25:00;MG;381;712;CARMO DA CACHOEIRA;Ausência de reação do condutor;Saída de leito carroçável;Com Vítimas Feridas;Plena Noite;Crescente;Céu Claro;Dupla;Curva;Não;1;0;0;1;0;0;1;1;-21,363576;-45,191382;SPRF-MG;DEL04-MG;UOP02-DEL04-MG
708483;31/07/2025;quinta-feira;19:00:00;MG;381;489;BETIM;Ausência de reação do condutor;Colisão traseira;Com Vítimas Feridas;Plena Noite;Crescente;Céu Claro;Dupla;Reta;Não;4;0;1;0;3;0;1;3;-19,9966285;-44,2092189;SPRF-MG;DEL01-MG;UOP03-DEL01-MG
708486;31/07/2025;quinta-feira;18:30:00;MG;40;628,9;CONSELHEIRO LAFAIETE;Acessar a via sem observar a presença dos outros veículos;Colisão lateral mesmo sentido;Com Vítimas Feridas;Plena Noite;Decrescente;Céu Claro;Dupla;Reta;Sim;3;0;1;0;1;1;1;3;-20,65158663;-43,80900264;SPRF-MG;DEL05-MG;UOP02-DEL05-MG
708487;31/07/2025;quinta-feira;18:45:00;RS;285;539;SAO LUIZ GONZAGA;Transitar na contramão;Colisão lateral sentido oposto;Com Vítimas Feridas;Anoitecer;Crescente;Céu Claro;Simples;Reta;Não;6;0;3;0;2;1;3;4;-28,4014074;-54,6720377;SPRF-RS;DEL10-RS;UOP01-DEL10-RS
708488;31/07/2025;quinta-feira;17:20:00;SC;116;11,7;MAFRA;Manobra de mudança de faixa;Colisão lateral mesmo sentido;Com Vítimas Feridas;Pleno dia;Crescente;Céu Claro;Simples;"Declive;Reta";Sim;5;0;0;1;3;1;1;4;-26,17707416;-49,85875793;SPRF-SC;DEL06-SC;UOP01-DEL06-SC
708495;31/07/2025;quinta-feira;17:00:00;RS;153;22,4;TRES ARROIOS;Transitar na contramão;Colisão frontal;Com Vítimas Fatais;Pleno dia;Crescente;Céu Claro;Simples;Reta;Não;3;1;0;0;2;0;0;3;-27,481536;-52,110336;SPRF-RS;DEL08-RS;UOP04-DEL08-RS
708503;20/07/2025;domingo;11:00:00;MG;251;346,8;FRUTA DE LEITE;Ausência de reação do condutor;Colisão lateral sentido oposto;Com Vítimas Feridas;Pleno dia;Crescente;Céu Claro;Simples;"Curva;Aclive";Não;2;0;1;0;1;0;1;2;-16,2614897;-42,5031021;SPRF-MG;DEL12-MG;UOP02-DEL12-MG
708509;31/07/2025;quinta-feira;15:14:00;RO;364;284;PRESIDENTE MEDICI;Ultrapassagem Indevida;Colisão lateral mesmo sentido;Com Vítimas Feridas;Pleno dia;Decrescente;Sol;Simples;Curva;Não;5;0;4;0;0;2;4;4;-11,36585951;-61,84341431;SPRF-RO;DEL02-RO;UOP01-DEL02-RO
708510;31/07/2025;quinta-feira;21:20:00;MG;381;491,3;BETIM;Manobra de mudança de faixa;Colisão lateral mesmo sentido;Com Vítimas Feridas;Plena Noite;Decrescente;Céu Claro;Dupla;"Interseção de Vias;Curva";Sim;5;0;1;0;3;1;1;2;-19,959429;-44,154177;SPRF-MG;DEL01-MG;UOP03-DEL01-MG
708511;31/07/2025;quinta-feira;17:15:00;SC;116;133;SANTA CECILIA;Velocidade Incompatível;Tombamento;Sem Vítimas;Anoitecer;Crescente;Céu Claro;Simples;"Interseção de Vias;Curva";Não;2;0;0;0;1;1;0;2;-26,91369;-50,44465;SPRF-SC;DEL06-SC;UOP02-DEL06-SC
708512;31/07/2025;quinta-feira;18:30:00;MA;226;361;JENIPAPO DOS VIEIRAS;Ausência de sinalização;Colisão traseira;Sem Vítimas;Plena Noite;Decrescente;Chuva;Simples;Curva;Não;3;0;0;0;2;1;0;3;-5,58246024;-45,69269478;SPRF-MA;DEL06-MA;UOP01-DEL06-MA
708515;31/07/2025;quinta-feira;21:10:00;PR;277;127;CAMPO LARGO;Condutor deixou de manter distância do veículo da frente;Colisão traseira;Com Vítimas Feridas;Plena Noite;Crescente;Ignorado;Dupla;Reta;Sim;3;0;0;1;1;1;1;3;-25,44017433;-49,55383301;SPRF-PR;DEL03-PR;UOP03-DEL03-PR
708516;17/06/2025;terça-feira;13:30:00;PA;230;7;ALTAMIRA;Demais falhas mecânicas ou elétricas;Saída de leito carroçável;Com Vítimas Feridas;Pleno dia;Decrescente;Sol;Simples;"Reta;Declive";Sim;2;0;1;0;1;0;1;1;-3,19283521;-52,22843525;SPRF-PA;DEL03-PA;UOP01-DEL03-PA
708526;31/07/2025;quinta-feira;22:35:00;ES;101;368,5;ANCHIETA;Velocidade Incompatível;Colisão lateral sentido oposto;Com Vítimas Feridas;Plena Noite;Decrescente;Nublado;Simples;Curva;Não;5;0;1;0;4;0;1;2;-20,75808023;-40,75608015;SPRF-ES;DEL03-ES;UOP01-DEL03-ES
708529;01/08/2025;sexta-feira;00:05:00;MA;135;13;SAO LUIS;Reação tardia ou ineficiente do condutor;Colisão traseira;Sem Vítimas;Plena Noite;Decrescente;Céu Claro;Dupla;"Declive;Reta";Não;7;0;0;0;7;0;0;2;-2,67729977;-44,29397061;SPRF-MA;DEL01-MA;UOP01-DEL01-MA
708531;31/07/2025;quinta-feira;23:00:00;MA;135;12;SAO LUIS;Manobra de mudança de faixa;Colisão lateral mesmo sentido;Com Vítimas Feridas;Plena Noite;Decrescente;Céu Claro;Dupla;"Reta;Retorno Regulamentado";Sim;5;0;1;1;2;2;2;4;-2,672188;-44,29174;SPRF-MA;DEL01-MA;UOP01-DEL01-MA
708533;01/08/2025;sexta-feira;00:05:00;RS;392;34;RIO GRANDE;Reação tardia ou ineficiente do condutor;Colisão traseira;Com Vítimas Feridas;Plena Noite;Crescente;Nublado;Dupla;Reta;Não;3;0;1;0;1;2;1;4;-32,01835378;-52,28815824;SPRF-RS;DEL07-RS;UOP02-DEL07-RS
708534;01/08/2025;sexta-feira;01:00:00;PR;277;39;MORRETES;Condutor Dormindo;Colisão traseira;Com Vítimas Feridas;Plena Noite;Decrescente;Céu Claro;Múltipla;"Reta;Declive";Não;3;0;1;0;1;3;1;5;-25,57840219;-48,86173423;SPRF-PR;DEL01-PR;UOP05-DEL01-PR
708536;01/08/2025;sexta-feira;00:54:00;PR;153;10,3;JACAREZINHO;Reação tardia ou ineficiente do condutor;Colisão transversal;Com Vítimas Fatais;Plena Noite;Decrescente;Nublado;Simples;Reta;Não;3;1;0;0;1;1;0;3;-23,08047649;-49,93542401;SPRF-PR;DEL07-PR;UOP04-DEL07-PR
708538;31/07/2025;quinta-feira;22:17:00;MG;381;593;CARMOPOLIS DE MINAS;Acessar a via sem observar a presença dos outros veículos;Engavetamento;Sem Vítimas;Plena Noite;Decrescente;Céu Claro;Dupla;Reta;Não;5;0;0;0;4;3;0;7;-20,59807975;-44,7088623;SPRF-MG;DEL04-MG;UOP01-DEL04-MG
708540;01/08/2025;sexta-feira;01:30:00;RJ;101;273;TANGUA;Condutor deixou de manter distância do veículo da frente;Colisão traseira;Com Vítimas Feridas;Plena Noite;Crescente;Céu Claro;Dupla;Declive;Sim;3;0;2;0;0;2;2;4;-22,73246902;-42,71320705;SPRF-RJ;DEL02-RJ;UOP03-DEL02-RJ
708544;31/07/2025;quinta-feira;23:45:00;RO;364;244,4;CACOAL;Reação tardia ou ineficiente do condutor;Tombamento;Com Vítimas Feridas;Plena Noite;Decrescente;Céu Claro;Simples;Reta;Não;2;0;0;1;0;1;1;2;-11,439914;-61,509335;SPRF-RO;DEL02-RO;UOP02-DEL02-RO
708549;01/08/2025;sexta-feira;04:15:00;RJ;116;339;RESENDE;Condutor Dormindo;Colisão traseira;Com Vítimas Feridas;Plena Noite;Decrescente;Nublado;Dupla;Reta;Não;3;0;1;0;1;1;1;3;-22,51257492;-44,69623916;SPRF-RJ;DEL07-RJ;UOP02-DEL07-RJ
708551;01/08/2025;sexta-feira;04:15:00;SP;116;110,4;TAUBATE;Acessar a via sem observar a presença dos outros veículos;Colisão lateral mesmo sentido;Com Vítimas Feridas;Pleno dia;Decrescente;Céu Claro;Dupla;"Reta;Interseção de Vias";Sim;3;0;1;0;1;1;1;3;-23,03718489;-45,55744886;SPRF-SP;DEL02-SP;UOP02-DEL02-SP
708553;01/08/2025;sexta-feira;06:00:00;PE;423;23,6;SAO CAITANO;Acessar a via sem observar a presença dos outros veículos;Colisão transversal;Com Vítimas Fatais;Pleno dia;Crescente;Nublado;Simples;Reta;Não;4;1;0;0;2;1;0;3;-8,365149;-36,172415;SPRF-PE;DEL03-PE;UOP02-DEL03-PE
708554;31/07/2025;quinta-feira;14:00:00;MS;163;614,3;SAO GABRIEL DO OESTE;Condutor deixou de manter distância do veículo da frente;Colisão lateral mesmo sentido;Sem Vítimas;Pleno dia;Crescente;Céu Claro;Simples;"Reta;Rotatória";Sim;4;0;0;0;3;1;0;3;-19,3994;-54,565201;SPRF-MS;DEL06-MS;UOP02-DEL06-MS
708558;01/08/2025;sexta-feira;04:45:00;RO;364;604;ITAPUA DO OESTE;Condutor Dormindo;Colisão traseira;Com Vítimas Feridas;Amanhecer;Decrescente;Céu Claro;Simples;Reta;Sim;3;0;1;0;1;2;1;4;-9,192009;-63,189409;SPRF-RO;DEL01-RO;UOP04-DEL01-RO
708560;01/08/2025;sexta-feira;03:00:00;RR;174;417;IRACEMA;Avarias e/ou desgaste excessivo no pneu;Incêndio;Sem Vítimas;Plena Noite;Crescente;Nublado;Simples;Reta;Não;2;0;0;0;1;2;0;3;2,2107717;-61,0160382;SPRF-RR;DEL01-RR;UOP01-DEL01-RR
708566;01/08/2025;sexta-feira;06:20:00;PR;376;289,3;MAUA DA SERRA;Velocidade Incompatível;Tombamento;Com Vítimas Feridas;Amanhecer;Decrescente;Nublado;Dupla;Reta;Não;2;0;1;0;0;1;1;2;-23,912;-51,188;SPRF-PR;DEL07-PR;UOP02-DEL07-PR
708571;01/08/2025;sexta-feira;06:50:00;PB;230;157,8;CAMPINA GRANDE;Acessar a via sem observar a presença dos outros veículos;Colisão transversal;Sem Vítimas;Pleno dia;Crescente;Céu Claro;Simples;Interseção de Vias;Sim;2;0;0;0;1;1;0;2;-7,263012;-35,921146;SPRF-PB;DEL02-PB;UOP01-DEL02-PB
708582;01/08/2025;sexta-feira;05:00:00;BA;242;310;IBIQUERA;Velocidade Incompatível;Saída de leito carroçável;Com Vítimas Feridas;Amanhecer;Decrescente;Garoa/Chuvisco;Simples;Reta;Não;2;0;1;0;0;3;1;4;-12,46943;-40,96297;SPRF-BA;DEL06-BA;UOP02-DEL06-BA
708594;01/08/2025;sexta-feira;07:10:00;RJ;116;148;DUQUE DE CAXIAS;Reação tardia ou ineficiente do condutor;Tombamento;Com Vítimas Feridas;Pleno dia;Decrescente;Céu Claro;Dupla;Viaduto;Sim;1;0;1;0;0;0;1;1;-22,67270903;-43,28493118;SPRF-RJ;DEL01-RJ;UOP02-DEL01-RJ
708598;01/08/2025;sexta-feira;08:30:00;PE;101;45;IGARASSU;Pedestre cruzava a pista fora da faixa;Atropelamento de Pedestre;Com Vítimas Feridas;Pleno dia;Crescente;Sol;Dupla;Reta;Sim;4;0;1;1;1;1;2;3;-7,88100739;-34,90510438;SPRF-PE;DEL01-PE;UOP02-DEL01-PE
708601;01/08/2025;sexta-feira;08:00:00;GO;60;112;TEREZOPOLIS DE GOIAS;Ausência de reação do condutor;Colisão lateral mesmo sentido;Com Vítimas Feridas;Pleno dia;Decrescente;Sol;Dupla;Reta;Não;3;0;1;0;2;0;1;2;-16,4516498;-49,0522287;SPRF-GO;DEL01-GO;UOP01-DEL01-GO
708602;01/08/2025;sexta-feira;07:30:00;MT;174;113;MIRASSOL DOESTE;Reação tardia ou ineficiente do condutor;Colisão lateral mesmo sentido;Com Vítimas Feridas;Pleno dia;Decrescente;Céu Claro;Simples;Reta;Não;4;0;0;1;3;0;1;3;-15,82231446;-58,02051544;SPRF-MT;DEL03-MT;UOP01-DEL03-MT
708607;08/07/2025;terça-feira;13:28:00;SC;101;336;TUBARAO;Acessar a via sem observar a presença dos outros veículos;Colisão lateral mesmo sentido;Com Vítimas Feridas;Pleno dia;Decrescente;Céu Claro;Simples;Curva;Sim;3;0;1;0;1;1;1;3;-28,48468308;-49,03609006;SPRF-SC;DEL02-SC;UOP01-DEL02-SC
708608;01/08/2025;sexta-feira;07:50:00;MA;226;299,9;BARRA DO CORDA;Condutor deixou de manter distância do veículo da frente;Colisão lateral mesmo sentido;Com Vítimas Fatais;Pleno dia;Decrescente;Sol;Simples;Reta;Sim;3;1;0;0;2;0;0;2;-5,5025388;-45,24753571;SPRF-MA;DEL06-MA;UOP01-DEL06-MA
708610;01/08/2025;sexta-feira;09:15:00;PI;343;342;TERESINA;Reação tardia ou ineficiente do condutor;Colisão frontal;Com Vítimas Feridas;Pleno dia;Decrescente;Céu Claro;Simples;"Reta;Em Obras";Sim;4;0;3;0;1;0;3;2;-5,083102;-42,751478;SPRF-PI;DEL01-PI;UOP01-DEL01-PI
708613;01/08/2025;sexta-feira;06:30:00;PI;343;521,8;AMARANTE;Demais falhas mecânicas ou elétricas;Colisão frontal;Sem Vítimas;Pleno dia;Decrescente;Céu Claro;Simples;Reta;Não;3;0;0;0;2;1;0;3;-6,3773283;-42,7954507;SPRF-PI;DEL03-PI;UOP01-DEL03-PI
708615;01/08/2025;sexta-feira;06:30:00;MT;364;61,1;ALTO GARCAS;Ausência de reação do condutor;Colisão lateral mesmo sentido;Com Vítimas Fatais;Pleno dia;Crescente;Céu Claro;Simples;Reta;Não;3;1;0;0;2;0;0;2;-16,93534429;-53,54822159;SPRF-MT;DEL02-MT;UOP02-DEL02-MT
708616;01/08/2025;sexta-feira;07:30:00;CE;116;507;BREJO SANTO;Reação tardia ou ineficiente do condutor;Colisão traseira;Com Vítimas Feridas;Pleno dia;Crescente;Céu Claro;Simples;"Em Obras;Reta";Não;2;0;0;1;1;0;1;2;-7,52901;-39,00059;SPRF-CE;DEL05-CE;UOP03-DEL05-CE
708618;26/07/2025;sábado;13:50:00;MS;163;536;BANDEIRANTES;Ausência de reação do condutor;Engavetamento;Com Vítimas Feridas;Pleno dia;Crescente;Céu Claro;Simples;Reta;Não;12;0;2;2;7;2;4;6;-20,01916441;-54,40331188;SPRF-MS;DEL01-MS;UOP02-DEL01-MS
708620;01/08/2025;sexta-feira;09:00:00;MG;153;192;FRUTAL;Demais falhas mecânicas ou elétricas;Incêndio;Sem Vítimas;Pleno dia;Decrescente;Céu Claro;Simples;Reta;Não;2;0;0;0;1;1;0;2;-19,89907;-48,969634;SPRF-MG;DEL13-MG;UOP02-DEL13-MG
708627;01/08/2025;sexta-feira;09:30:00;BA;101;34,5;ESPLANADA;Acumulo de água sobre o pavimento;Colisão traseira;Com Vítimas Feridas;Pleno dia;Crescente;Chuva;Dupla;"Reta;Aclive";Não;6;0;3;0;2;2;3;4;-11,76755575;-37,94439554;SPRF-SE;DEL02-SE;UOP03-DEL02-SE
708628;30/07/2025;quarta-feira;18:25:00;RS;116;396;CAMAQUA;Reação tardia ou ineficiente do condutor;Colisão traseira;Com Vítimas Feridas;Anoitecer;Crescente;Céu Claro;Simples;Em Obras;Sim;5;0;1;0;3;1;1;3;-30,8558295;-51,78252557;SPRF-RS;DEL02-RS;UOP02-DEL02-RS
708636;01/08/2025;sexta-feira;13:30:00;RJ;101;210;SILVA JARDIM;Restrição de visibilidade em curvas horizontais;Colisão lateral mesmo sentido;Sem Vítimas;Pleno dia;Decrescente;Céu Claro;Dupla;Curva;Não;5;0;0;0;4;2;0;4;-22,50603969;-42,29623524;SPRF-RJ;DEL08-RJ;UOP04-DEL08-RJ
708640;01/08/2025;sexta-feira;13:55:00;RS;116;505;PELOTAS;Demais falhas mecânicas ou elétricas;Incêndio;Sem Vítimas;Pleno dia;Crescente;Céu Claro;Dupla;Reta;Não;1;0;0;0;1;0;0;1;-31,595298;-52,286385;SPRF-RS;DEL07-RS;UOP01-DEL07-RS
708642;01/08/2025;sexta-feira;12:50:00;MT;163;843;SINOP;Ultrapassagem Indevida;Colisão lateral mesmo sentido;Com Vítimas Feridas;Pleno dia;Crescente;Céu Claro;Simples;Reta;Não;4;0;0;1;2;1;1;3;-11,79712109;-55,47889709;SPRF-MT;DEL06-MT;UOP02-DEL06-MT
708645;01/08/2025;sexta-feira;14:00:00;MG;365;628;UBERLANDIA;Condutor deixou de manter distância do veículo da frente;Colisão traseira;Com Vítimas Feridas;Pleno dia;Crescente;Céu Claro;Dupla;Aclive;Não;5;0;1;0;3;2;1;5;-18,901545;-48,35403;SPRF-MG;DEL15-MG;UOP01-DEL15-MG
708647;12/07/2025;sábado;13:12:00;MT;163;618;NOVA MUTUM;Reação tardia ou ineficiente do condutor;Colisão traseira;Com Vítimas Feridas;Pleno dia;Decrescente;Céu Claro;Simples;Reta;Não;5;0;0;1;3;4;1;8;-13,63435;-56,03461;SPRF-MT;DEL01-MT;UOP01-DEL01-MT
708649;01/08/2025;sexta-feira;13:38:00;RN;406;102,8;JOAO CAMARA;Transitar no Acostamento;Colisão transversal;Com Vítimas Feridas;Pleno dia;Crescente;Céu Claro;Simples;Reta;Sim;2;0;1;0;1;0;1;2;-5,536767;-35,814172;SPRF-RN;DEL02-RN;UOP01-DEL02-RN
708650;01/08/2025;sexta-feira;15:30:00;MG;381;743,6;TRES CORACOES;Velocidade Incompatível;Colisão traseira;Com Vítimas Feridas;Pleno dia;Crescente;Céu Claro;Dupla;Reta;Não;3;0;1;0;1;1;1;3;-21,6109966;-45,2411634;SPRF-MG;DEL16-MG;UOP02-DEL16-MG
708660;01/08/2025;sexta-feira;14:40:00;PA;316;111;SANTA MARIA DO PARA;Transitar na contramão;Colisão transversal;Com Vítimas Feridas;Pleno dia;Crescente;Céu Claro;Dupla;"Reta;Interseção de Vias;Declive";Não;3;0;2;0;1;0;2;2;-1,31653762;-47,51097679;SPRF-PA;DEL01-PA;UOP02-DEL01-PA
708662;01/08/2025;sexta-feira;14:50:00;SC;282;396;JOACABA;Manobra de mudança de faixa;Colisão lateral mesmo sentido;Com Vítimas Feridas;Pleno dia;Crescente;Céu Claro;Simples;Reta;Não;5;0;1;0;3;2;1;5;-27,15797052;-51,58954382;SPRF-SC;DEL07-SC;UOP05-DEL07-SC
708675;26/07/2025;sábado;07:30:00;RN;101;104;PARNAMIRIM;Reação tardia ou ineficiente do condutor;Colisão traseira;Com Vítimas Feridas;Pleno dia;Crescente;Nublado;Dupla;"Curva;Declive";Sim;3;0;2;0;1;0;2;2;-5,8930348;-35,2565651;SPRF-RN;DEL01-RN;UOP01-DEL01-RN
708678;01/08/2025;sexta-feira;16:20:00;SC;282;106,1;ALFREDO WAGNER;Ingestão de álcool pelo condutor;Queda de ocupante de veículo;Com Vítimas Feridas;Pleno dia;Decrescente;Céu Claro;Simples;Curva;Não;3;0;1;0;1;1;1;3;-27,699066;-49,344077;SPRF-SC;DEL01-SC;UOP03-DEL01-SC
708681;01/08/2025;sexta-feira;16:40:00;MG;251;473,3;FRANCISCO SA;Ultrapassagem Indevida;Colisão frontal;Com Vítimas Feridas;Pleno dia;Crescente;Céu Claro;Simples;Curva;Não;4;0;1;0;2;4;1;7;-16,46858794;-43,4265317;SPRF-MG;DEL12-MG;UOP01-DEL12-MG
708683;01/08/2025;sexta-feira;15:35:00;RJ;493;16;GUAPIMIRIM;Reação tardia ou ineficiente do condutor;Colisão transversal;Com Vítimas Feridas;Pleno dia;Crescente;Céu Claro;Simples;Reta;Sim;2;0;0;1;1;0;1;2;-22,667631;-43,008128;SPRF-RJ;DEL04-RJ;UOP02-DEL04-RJ
708690;01/08/2025;sexta-feira;17:30:00;PR;376;166;MARINGA;Reação tardia ou ineficiente do condutor;Saída de leito carroçável;Com Vítimas Feridas;Pleno dia;Crescente;Céu Claro;Dupla;Reta;Não;1;0;1;0;0;0;1;1;-23,385557;-52,025407;SPRF-PR;DEL09-PR;UOP01-DEL09-PR
708693;01/08/2025;sexta-feira;18:20:00;MG;116;411,4;GOVERNADOR VALADARES;Trafegar com motocicleta (ou similar) entre as faixas;Colisão traseira;Com Vítimas Feridas;Plena Noite;Crescente;Céu Claro;Simples;Reta;Sim;2;0;0;1;1;0;1;2;-18,8700698;-41,9707825;SPRF-MG;DEL06-MG;UOP01-DEL06-MG
708700;01/08/2025;sexta-feira;07:30:00;MG;50;160;UBERABA;Avarias e/ou desgaste excessivo no pneu;Colisão traseira;Sem Vítimas;Pleno dia;Decrescente;Céu Claro;Dupla;Reta;Não;4;0;0;0;3;1;0;3;-19,681687;-47,993922;SPRF-MG;DEL13-MG;UOP01-DEL13-MG
708717;01/08/2025;sexta-feira;17:00:00;MT;163;1070;GUARANTA DO NORTE;Acesso irregular;Colisão traseira;Sem Vítimas;Anoitecer;Crescente;Céu Claro;Simples;Reta;Não;3;0;0;0;2;3;0;5;-9,9006501;-54,8989718;SPRF-MT;DEL06-MT;UOP03-DEL06-MT
708721;01/08/2025;sexta-feira;19:25:00;ES;101;93,7;JAGUARE;Pedestre - Ingestão de álcool/ substâncias psicoativas;Atropelamento de Pedestre;Com Vítimas Fatais;Plena Noite;Decrescente;Nublado;Simples;"Reta;Declive";Sim;2;1;0;0;1;0;0;2;-18,92786519;-39,97036457;SPRF-ES;DEL04-ES;UOP02-DEL04-ES
708723;01/08/2025;sexta-feira;17:50:00;RO;364;694;PORTO VELHO;Condutor deixou de manter distância do veículo da frente;Colisão traseira;Com Vítimas Feridas;Anoitecer;Decrescente;Céu Claro;Dupla;Reta;Não;5;0;1;0;3;1;1;2;-8,80070447;-63,73932235;SPRF-RO;DEL01-RO;UOP01-DEL01-RO
708738;01/08/2025;sexta-feira;20:20:00;GO;452;33;SANTA HELENA DE GOIAS;Reação tardia ou ineficiente do condutor;Colisão transversal;Com Vítimas Fatais;Plena Noite;Crescente;Céu Claro;Simples;Curva;Não;3;1;0;0;1;1;0;3;-17,91532341;-50,61265647;SPRF-GO;DEL04-GO;UOP01-DEL04-GO