id;data_inversa;dia_semana;horario;uf;br;km;municipio;causa_acidente;tipo_acidente;classificacao_acidente;fase_dia;sentido_via;condicao_metereologica;tipo_pista;tracado_via;uso_solo;pessoas;mortos;feridos_leves;feridos_graves;ilesos;ignorados;feridos;veiculos;latitude;longitude;regional;delegacia;uop
708746;01/08/2025;sexta-feira;15:20:00;MS;163;264;DOURADOS;Estacionar ou parar em local proibido;Colisão lateral mesmo sentido;Sem Vítimas;Pleno dia;Crescente;Céu Claro;Dupla;Reta;Sim;3;0;0;0;2;3;0;5;-22,22703866;-54,73799291;SPRF-MS;DEL04-MS;UOP01-DEL04-MS
708747;01/08/2025;sexta-feira;21:30:00;MT;158;339;BOM JESUS DO ARAGUAIA;Objeto estático sobre o leito carroçável;Tombamento;Com Vítimas Fatais;Plena Noite;Crescente;Céu Claro;Simples;Reta;Não;5;1;0;0;2;2;0;4;-12,318355;-51,7294217;SPRF-MT;DEL07-MT;UOP02-DEL07-MT
708750;01/08/2025;sexta-feira;11:50:00;MA;222;444,4;SANTA LUZIA;Reação tardia ou ineficiente do condutor;Colisão frontal;Com Vítimas Fatais;Pleno dia;Decrescente;Céu Claro;Simples;"Declive;Curva";Não;3;2;0;0;1;0;0;2;-4,078368;-45,9398;SPRF-MA;DEL02-MA;UOP01-DEL02-MA
708753;01/08/2025;sexta-feira;21:38:00;RS;116;139;CAXIAS DO SUL;Carga excessiva e/ou mal acondicionada;Tombamento;Com Vítimas Feridas;Plena Noite;Decrescente;Céu Claro;Simples;Curva;Não;2;0;1;0;1;0;1;1;-29,10027695;-51,10736847;SPRF-RS;DEL05-RS;UOP01-DEL05-RS
708758;01/08/2025;sexta-feira;17:00:00;RN;304;35;MOSSORO;Reação tardia ou ineficiente do condutor;Tombamento;Com Vítimas Feridas;Anoitecer;Decrescente;Céu Claro;Dupla;Rotatória;Sim;2;0;1;0;0;1;1;2;-5,165822;-37,351123;SPRF-RN;DEL04-RN;UOP02-DEL04-RN
708760;01/08/2025;sexta-feira;21:10:00;RS;386;248,2;SOLEDADE;Acessar a via sem observar a presença dos outros veículos;Colisão transversal;Com Vítimas Feridas;Plena Noite;Decrescente;Céu Claro;Simples;Reta;Não;3;0;1;0;1;1;1;3;-28,819235;-52,482549;SPRF-RS;DEL04-RS;UOP03-DEL04-RS
708777;01/08/2025;sexta-feira;21:05:00;MT;70;627;CACERES;Manobra de mudança de faixa;Colisão frontal;Com Vítimas Feridas;Plena Noite;Crescente;Céu Claro;Simples;Reta;Sim;2;0;1;0;1;0;1;2;-15,93954217;-57,11654663;SPRF-MT;DEL03-MT;UOP02-DEL03-MT
708780;01/08/2025;sexta-feira;20:35:00;RN;304;43,8;MOSSORO;Acessar a via sem observar a presença dos outros veículos;Colisão transversal;Com Vítimas Feridas;Plena Noite;Decrescente;Céu Claro;Dupla;Retorno Regulamentado;Sim;3;0;0;1;1;3;1;5;-5,22189;-37,359705;SPRF-RN;DEL04-RN;UOP01-DEL04-RN
708789;01/08/2025;sexta-feira;23:05:00;SP;116;283,6;EMBU DAS ARTES;Manobra de mudança de faixa;Colisão lateral mesmo sentido;Sem Vítimas;Plena Noite;Crescente;Céu Claro;Dupla;Reta;Sim;4;0;0;0;0;4;0;4;-23,66956533;-46,856046;SPRF-SP;DEL04-SP;UOP01-DEL04-SP
708791;02/08/2025;sábado;01:50:00;SP;116;408;JUQUIA;Reação tardia ou ineficiente do condutor;Saída de leito carroçável;Com Vítimas Feridas;Plena Noite;Decrescente;Nevoeiro/Neblina;Dupla;Reta;Não;1;0;1;0;0;0;1;1;-24,33228624;-47,58644041;SPRF-SP;DEL05-SP;UOP01-DEL05-SP
708793;02/08/2025;sábado;02:16:00;RS;290;176,8;BUTIA;Ingestão de álcool pelo condutor;Colisão frontal;Sem Vítimas;Plena Noite;Crescente;Chuva;Simples;Reta;Sim;4;0;0;0;1;3;0;4;-30,13199055;-51,97930909;SPRF-RS;DEL02-RS;UOP03-DEL02-RS
708801;02/08/2025;sábado;03:40:00;RJ;101;309;SAO GONCALO;Reação tardia ou ineficiente do condutor;Colisão traseira;Com Vítimas Feridas;Plena Noite;Crescente;Céu Claro;Dupla;Reta;Sim;3;0;2;0;1;0;2;2;-22,79416633;-43,03018424;SPRF-RJ;DEL02-RJ;UOP02-DEL02-RJ
708805;02/08/2025;sábado;02:30:00;PI;316;60,5;MONSENHOR GIL;Demais falhas mecânicas ou elétricas;Saída de leito carroçável;Com Vítimas Feridas;Plena Noite;Decrescente;Céu Claro;Simples;"Reta;Aclive";Não;1;0;1;0;0;0;1;1;-5,58014;-42,61572;SPRF-PI;DEL01-PI;UOP02-DEL01-PI
708812;02/08/2025;sábado;04:40:00;SE;101;64;ROSARIO DO CATETE;Reação tardia ou ineficiente do condutor;Saída de leito carroçável;Sem Vítimas;Plena Noite;Crescente;Nublado;Dupla;Reta;Sim;2;0;0;0;2;0;0;1;-10,70379171;-37,04109192;SPRF-SE;DEL02-SE;UOP02-DEL02-SE
708816;02/08/2025;sábado;03:40:00;BA;324;542;AMELIA RODRIGUES;Ausência de reação do condutor;Saída de leito carroçável;Sem Vítimas;Amanhecer;Decrescente;Chuva;Múltipla;"Em Obras;Curva";Sim;2;0;0;0;1;2;0;3;-12,40224616;-38,75628069;SPRF-BA;DEL01-BA;UOP03-DEL01-BA
708822;02/08/2025;sábado;04:20:00;SC;101;142;ITAPEMA;Ingestão de álcool pelo condutor;Colisão lateral mesmo sentido;Sem Vítimas;Plena Noite;Crescente;Nublado;Dupla;Reta;Sim;3;0;0;0;1;2;0;3;-27,05899635;-48,59709827;SPRF-SC;DEL04-SC;UOP03-DEL04-SC
708823;01/08/2025;sexta-feira;20:30:00;SP;116;120,1;CACAPAVA;Pedestre andava na pista;Atropelamento de Pedestre;Com Vítimas Fatais;Plena Noite;Crescente;Céu Claro;Dupla;Reta;Não;5;1;0;0;3;1;0;3;-23,07120372;-45,64403057;SPRF-SP;DEL02-SP;UOP02-DEL02-SP
708829;01/08/2025;sexta-feira;22:40:00;PR;163;115;CAPANEMA;Velocidade Incompatível;Saída de leito carroçável;Com Vítimas Feridas;Plena Noite;Crescente;Céu Claro;Simples;"Declive;Curva";Não;2;0;1;0;0;1;1;2;-25,607645;-53,637248;SPRF-PR;DEL02-PR;UOP02-DEL02-PR
708831;02/08/2025;sábado;01:00:00;MT;163;974;TERRA NOVA DO NORTE;Condutor Dormindo;Tombamento;Sem Vítimas;Plena Noite;Crescente;Céu Claro;Simples;Reta;Não;2;0;0;0;1;1;0;2;-10,66869384;-55,13699491;SPRF-MT;DEL06-MT;UOP03-DEL06-MT
708836;02/08/2025;sábado;07:25:00;MG;50;35,7;ARAGUARI;Objeto estático sobre o leito carroçável;Colisão com objeto;Com Vítimas Feridas;Amanhecer;Decrescente;Sol;Dupla;Reta;Sim;3;0;1;0;1;2;1;4;-18,65362178;-48,14429848;SPRF-MG;DEL15-MG;UOP02-DEL15-MG
708838;22/07/2025;terça-feira;06:30:00;AL;101;1,3;NOVO LINO;Demais falhas mecânicas ou elétricas;Incêndio;Sem Vítimas;Pleno dia;Decrescente;Nublado;Dupla;Reta;Não;2;0;0;0;1;1;0;2;-8,88838;-35,632513;SPRF-AL;DEL01-AL;UOP02-DEL01-AL
708848;05/07/2025;sábado;18:10:00;PR;116;114;CURITIBA;Manobra de mudança de faixa;Colisão transversal;Com Vítimas Feridas;Plena Noite;Crescente;Nublado;Dupla;Reta;Não;3;0;1;0;1;1;1;3;-25,544465;-49,301757;SPRF-PR;DEL01-PR;UOP03-DEL01-PR
708852;02/08/2025;sábado;10:30:00;PE;408;97,6;JABOATAO DOS GUARARAPES;Velocidade Incompatível;Colisão com objeto;Sem Vítimas;Pleno dia;Decrescente;Céu Claro;Dupla;Curva;Sim;1;0;0;0;1;0;0;1;-8,07855;-34,99118;SPRF-PE;DEL01-PE;UOP01-DEL01-PE
708855;02/08/2025;sábado;11:00:00;MG;365;669;MONTE ALEGRE DE MINAS;Mal súbito do condutor;Colisão traseira;Com Vítimas Feridas;Pleno dia;Decrescente;Céu Claro;Dupla;Reta;Não;3;0;0;1;1;1;1;3;-18,884908;-48,732145;SPRF-MG;DEL15-MG;UOP01-DEL15-MG
708858;02/08/2025;sábado;10:55:00;SP;116;63,1;GUARATINGUETA;Reação tardia ou ineficiente do condutor;Colisão traseira;Com Vítimas Feridas;Pleno dia;Crescente;Sol;Dupla;Reta;Sim;4;0;2;0;1;1;2;3;-22,813567;-45,178849;SPRF-SP;DEL08-SP;UOP01-DEL08-SP
708863;02/08/2025;sábado;10:45:00;MT;163;820;SINOP;Condutor deixou de manter distância do veículo da frente;Colisão traseira;Com Vítimas Feridas;Pleno dia;Crescente;Céu Claro;Simples;Reta;Sim;6;0;1;0;4;1;1;2;-11,9859882;-55,5169789;SPRF-MT;DEL06-MT;UOP02-DEL06-MT
708866;02/08/2025;sábado;12:20:00;SC;101;243,8;PALHOCA;Reação tardia ou ineficiente do condutor;Colisão traseira;Com Vítimas Feridas;Pleno dia;Crescente;Céu Claro;Múltipla;Reta;Não;4;0;0;1;2;1;1;3;-27,89911109;-48,64891402;SPRF-SC;DEL01-SC;UOP02-DEL01-SC
708867;02/08/2025;sábado;11:40:00;PB;230;332;PATOS;Suicídio (presumido);Colisão frontal;Com Vítimas Fatais;Pleno dia;Crescente;Céu Claro;Simples;"Reta;Ponte";Não;5;1;0;0;3;1;0;5;-7,019826;-37,244219;SPRF-PB;DEL03-PB;UOP01-DEL03-PB
708872;02/08/2025;sábado;10:39:00;ES;101;125;SOORETAMA;Condutor desrespeitou a iluminação vermelha do semáforo;Colisão transversal;Sem Vítimas;Pleno dia;Crescente;Nublado;Simples;Retorno Regulamentado;Não;4;0;0;0;3;1;0;4;-19,186308;-40,094521;SPRF-ES;DEL04-ES;UOP01-DEL04-ES
708874;02/08/2025;sábado;07:28:00;PR;116;33;CAMPINA GRANDE DO SUL;Curva acentuada;Tombamento;Com Vítimas Feridas;Pleno dia;Decrescente;Céu Claro;Dupla;"Declive;Curva";Não;2;0;1;0;0;1;1;2;-25,11429;-48,846762;SPRF-PR;DEL01-PR;UOP02-DEL01-PR
708887;02/08/2025;sábado;11:40:00;MT;174;142,5;MIRASSOL DOESTE;Reação tardia ou ineficiente do condutor;Saída de leito carroçável;Com Vítimas Fatais;Pleno dia;Crescente;Céu Claro;Simples;Reta;Não;2;1;0;0;0;3;0;4;-15,81967192;-58,26496124;SPRF-MT;DEL03-MT;UOP01-DEL03-MT
708904;02/08/2025;sábado;06:30:00;SC;282;414;CATANDUVAS;Reação tardia ou ineficiente do condutor;Saída de leito carroçável;Com Vítimas Feridas;Pleno dia;Crescente;Céu Claro;Simples;"Reta;Declive";Não;2;0;1;0;0;1;1;2;-27,052143;-51,699425;SPRF-SC;DEL07-SC;UOP05-DEL07-SC
708909;02/08/2025;sábado;16:30:00;PR;369;472,9;CORBELIA;Ingestão de álcool pelo condutor;Colisão transversal;Com Vítimas Feridas;Pleno dia;Crescente;Céu Claro;Simples;Reta;Sim;6;0;1;0;3;2;1;4;-24,7161596;-53,246405;SPRF-PR;DEL04-PR;UOP03-DEL04-PR
708912;02/08/2025;sábado;17:10:00;DF;20;20,2;BRASILIA;Reação tardia ou ineficiente do condutor;Colisão lateral mesmo sentido;Sem Vítimas;Pleno dia;Crescente;Céu Claro;Dupla;"Aclive;Reta";Sim;2;0;0;0;2;0;0;2;-15,61407237;-47,70403504;SPRF-DF;DEL02-DF;UOP01-DEL02-DF
708916;02/08/2025;sábado;12:50:00;BA;116;541;ITATIM;Demais falhas mecânicas ou elétricas;Colisão com objeto;Com Vítimas Feridas;Pleno dia;Crescente;Céu Claro;Simples;Reta;Não;4;0;0;1;2;2;1;5;-12,832303;-39,830734;SPRF-BA;DEL03-BA;UOP02-DEL03-BA
708924;02/08/2025;sábado;15:50:00;RO;435;93;COLORADO DO OESTE;Reação tardia ou ineficiente do condutor;Saída de leito carroçável;Com Vítimas Feridas;Pleno dia;Crescente;Sol;Simples;"Declive;Curva";Não;4;0;1;1;0;2;2;3;-13,18683719;-60,59575082;SPRF-RO;DEL04-RO;UOP02-DEL04-RO
708930;29/06/2025;domingo;20:30:00;ES;101;20;CONCEICAO DA BARRA;Reação tardia ou ineficiente do condutor;Colisão traseira;Com Vítimas Fatais;Plena Noite;Crescente;Céu Claro;Simples;Reta;Não;5;1;1;0;1;3;1;5;-18,323983;-39,95838817;SPRF-ES;DEL04-ES;UOP02-DEL04-ES
708931;02/08/2025;sábado;11:00:00;RR;174;49;RORAINOPOLIS;Demais falhas na via;Colisão frontal;Com Vítimas Fatais;Pleno dia;Decrescente;Céu Claro;Simples;Reta;Não;5;2;0;0;2;1;0;3;-0,43848;-60,66986;SPRF-RR;DEL01-RR;UOP01-DEL01-RR
708947;02/08/2025;sábado;19:50:00;SC;101;417,5;ARARANGUA;Ingestão de álcool pelo condutor;Colisão traseira;Com Vítimas Feridas;Plena Noite;Decrescente;Céu Claro;Dupla;Reta;Não;5;0;1;0;3;1;1;3;-28,983061;-49,5397;SPRF-SC;DEL02-SC;UOP02-DEL02-SC
708959;02/08/2025;sábado;09:50:00;RO;364;405,2;JARU;Ultrapassagem Indevida;Colisão frontal;Com Vítimas Fatais;Pleno dia;Crescente;Céu Claro;Simples;Reta;Não;10;3;0;2;4;5;2;9;-10,566864;-62,373507;SPRF-RO;DEL03-RO;UOP02-DEL03-RO
708964;02/08/2025;sábado;19:38:00;RO;364;240,5;CACOAL;Condutor deixou de manter distância do veículo da frente;Colisão traseira;Com Vítimas Feridas;Plena Noite;Decrescente;Céu Claro;Simples;Reta;Sim;4;0;1;0;3;0;1;2;-11,438385;-61,474875;SPRF-RO;DEL02-RO;UOP02-DEL02-RO
708965;02/08/2025;sábado;18:30:00;MS;262;618;MIRANDA;Acostamento em desnível;Tombamento;Sem Vítimas;Plena Noite;Crescente;Céu Claro;Simples;Reta;Não;2;0;0;0;1;1;0;2;-19,96684;-56,836195;SPRF-MS;DEL03-MS;UOP02-DEL03-MS
708969;02/08/2025;sábado;15:00:00;BA;101;21;RIO REAL;Avarias e/ou desgaste excessivo no pneu;Tombamento;Sem Vítimas;Pleno dia;Decrescente;Nublado;Dupla;"Declive;Reta";Não;2;0;0;0;1;2;0;3;-11,636681;-37,888343;SPRF-SE;DEL02-SE;UOP03-DEL02-SE
708970;02/08/2025;sábado;06:00:00;MG;116;96,5;MEDINA;Carga excessiva e/ou mal acondicionada;Derramamento de carga;Sem Vítimas;Amanhecer;Crescente;Céu Claro;Simples;Curva;Não;2;0;0;0;1;1;0;2;-16,407346;-41,476711;SPRF-MG;DEL11-MG;UOP02-DEL11-MG
708975;02/08/2025;sábado;21:20:00;PR;153;48,9;SANTO ANTONIO DA PLATINA;Acessar a via sem observar a presença dos outros veículos;Colisão traseira;Sem Vítimas;Plena Noite;Crescente;Céu Claro;Simples;Reta;Não;4;0;0;0;4;0;0;2;-23,35692007;-50,06326421;SPRF-PR;DEL07-PR;UOP04-DEL07-PR
708985;02/08/2025;sábado;20:00:00;MT;70;583;POCONE;Ingestão de álcool pelo condutor;Colisão lateral sentido oposto;Sem Vítimas;Plena Noite;Crescente;Céu Claro;Simples;Reta;Não;2;0;0;0;1;1;0;2;-15,78823754;-56,6446352;SPRF-MT;DEL03-MT;UOP02-DEL03-MT
708989;02/08/2025;sábado;21:25:00;SP;153;343;OURINHOS;Ingestão de álcool pelo condutor;Tombamento;Com Vítimas Feridas;Plena Noite;Decrescente;Céu Claro;Dupla;"Declive;Curva";Não;2;0;1;0;0;3;1;4;-22,96372246;-49,90002958;SPRF-SP;DEL07-SP;UOP03-DEL07-SP
708992;02/08/2025;sábado;20:00:00;BA;101;245;CONCEICAO DO ALMEIDA;Ausência de reação do condutor;Engavetamento;Com Vítimas Feridas;Plena Noite;Crescente;Céu Claro;Simples;"Reta;Ponte";Não;4;0;4;0;0;0;4;4;-12,84389;-39,205004;SPRF-BA;DEL01-BA;UOP02-DEL01-BA
708997;02/08/2025;sábado;20:00:00;BA;349;896;CORRENTINA;Reação tardia ou ineficiente do condutor;Colisão traseira;Sem Vítimas;Plena Noite;Decrescente;Céu Claro;Simples;Reta;Não;3;0;0;0;1;5;0;6;-13,399214;-44,338152;SPRF-BA;DEL10-BA;UOP02-DEL10-BA
708998;02/08/2025;sábado;22:45:00;RJ;116;195,9;QUEIMADOS;Velocidade Incompatível;Colisão traseira;Sem Vítimas;Plena Noite;Decrescente;Céu Claro;Dupla;Reta;Não;2;0;0;0;2;0;0;2;-22,7354711;-43,5545492;SPRF-RJ;DEL06-RJ;UOP01-DEL06-RJ
709004;02/08/2025;sábado;18:30:00;PA;230;1104;ITAITUBA;Transitar na contramão;Colisão frontal;Com Vítimas Feridas;Anoitecer;Decrescente;Céu Claro;Simples;"Reta;Aclive";Não;5;0;1;0;3;4;1;7;-4,3726;-55,8432;SPRF-PA;DEL05-PA;UOP02-DEL05-PA
709011;02/08/2025;sábado;19:48:00;MS;60;140;PARAISO DAS AGUAS;Demais falhas mecânicas ou elétricas;Incêndio;Sem Vítimas;Plena Noite;Crescente;Céu Claro;Simples;Reta;Não;2;0;0;0;1;3;0;4;-19,348217;-53,50717;SPRF-MS;DEL06-MS;UOP02-DEL06-MS
709012;03/08/2025;domingo;00:20:00;TO;153;777;ALVORADA;Demais falhas mecânicas ou elétricas;Incêndio;Sem Vítimas;Plena Noite;Decrescente;Céu Claro;Simples;"Declive;Reta";Não;2;0;0;0;1;1;0;2;-12,6232;-49,0708;SPRF-TO;DEL01-TO;UOP02-DEL01-TO
709014;02/08/2025;sábado;20:50:00;SC;101;360,3;SANGAO;Pedestre andava na pista;Atropelamento de Pedestre;Com Vítimas Fatais;Plena Noite;Crescente;Céu Claro;Múltipla;"Aclive;Reta";Sim;5;1;0;0;2;2;0;4;-28,668272;-49,118207;SPRF-SC;DEL02-SC;UOP01-DEL02-SC
709017;02/08/2025;sábado;19:45:00;MT;70;135;GENERAL CARNEIRO;Reação tardia ou ineficiente do condutor;Saída de leito carroçável;Com Vítimas Feridas;Plena Noite;Crescente;Céu Claro;Simples;"Reta;Declive";Não;2;0;0;1;0;1;1;2;-15,594468;-53,211802;SPRF-MT;DEL07-MT;UOP01-DEL07-MT
709018;03/08/2025;domingo;01:20:00;GO;60;77,1;ANAPOLIS;Reação tardia ou ineficiente do condutor;Saída de leito carroçável;Com Vítimas Feridas;Plena Noite;Decrescente;Céu Claro;Dupla;"Aclive;Curva";Não;2;0;1;0;0;1;1;2;-16,2871;-48,797737;SPRF-GO;DEL02-GO;UOP01-DEL02-GO
709024;03/08/2025;domingo;00:20:00;MG;50;106;UBERABA;Condutor Dormindo;Colisão traseira;Com Vítimas Feridas;Plena Noite;Decrescente;Céu Claro;Dupla;"Aclive;Reta";Não;5;0;2;0;2;3;2;5;-19,1809167;-48,1570911;SPRF-MG;DEL13-MG;UOP01-DEL13-MG
709036;02/08/2025;sábado;10:00:00;GO;153;493;GOIANIA;Condutor deixou de manter distância do veículo da frente;Engavetamento;Com Vítimas Feridas;Pleno dia;Decrescente;Céu Claro;Dupla;Reta;Sim;3;0;1;0;1;1;1;3;-16,64957329;-49,21384603;SPRF-GO;DEL01-GO;UOP01-DEL01-GO
709037;03/08/2025;domingo;06:00:00;SP;116;442;REGISTRO;Demais falhas mecânicas ou elétricas;Incêndio;Sem Vítimas;Pleno dia;Decrescente;Nevoeiro/Neblina;Dupla;Reta;Não;2;0;0;0;1;1;0;2;-24,4973568;-47,824896;SPRF-SP;DEL05-SP;UOP01-DEL05-SP
709050;03/08/2025;domingo;05:40:00;SP;116;96,4;PINDAMONHANGABA;Ingestão de álcool pelo condutor;Colisão traseira;Com Vítimas Fatais;Amanhecer;Crescente;Céu Claro;Dupla;Reta;Não;4;2;0;0;1;1;0;3;-22,970647;-45,44127;SPRF-SP;DEL08-SP;UOP01-DEL08-SP
709071;03/08/2025;domingo;06:00:00;BA;330;810;JEQUIE;Ausência de reação do condutor;Saída de leito carroçável;Com Vítimas Fatais;Amanhecer;Crescente;Céu Claro;Simples;Curva;Não;1;1;0;0;0;0;0;1;-14,00512626;-39,92430687;SPRF-BA;DEL03-BA;UOP01-DEL03-BA
709077;03/08/2025;domingo;09:40:00;SC;101;149,7;ITAPEMA;Pedestre cruzava a pista fora da faixa;Atropelamento de Pedestre;Com Vítimas Fatais;Pleno dia;Crescente;Nublado;Múltipla;Reta;Sim;3;1;0;0;1;1;0;3;-27,115394;-48,60974;SPRF-SC;DEL04-SC;UOP03-DEL04-SC
709081;03/08/2025;domingo;07:30:00;GO;153;124;ESTRELA DO NORTE;Acessar a via sem observar a presença dos outros veículos;Colisão transversal;Com Vítimas Feridas;Pleno dia;Decrescente;Sol;Simples;"Reta;Aclive;Interseção de Vias;Rotatória";Não;2;0;1;0;1;0;1;2;-13,86597724;-49,05144364;SPRF-GO;DEL07-GO;UOP01-DEL07-GO
709082;03/08/2025;domingo;09:00:00;RS;386;306,5;POUSO NOVO;Velocidade Incompatível;Colisão lateral sentido oposto;Com Vítimas Feridas;Pleno dia;Decrescente;Chuva;Simples;"Declive;Curva";Não;7;0;2;0;4;1;2;3;-29,20134327;-52,18315984;SPRF-RS;DEL04-RS;UOP01-DEL04-RS
709086;31/07/2025;quinta-feira;23:30:00;PR;376;629;SAO JOSE DOS PINHAIS;Ausência de reação do condutor;Colisão lateral mesmo sentido;Sem Vítimas;Plena Noite;Crescente;Céu Claro;Dupla;Curva;Não;3;0;0;0;2;1;0;3;-25,69624071;-49,14522743;SPRF-PR;DEL01-PR;UOP04-DEL01-PR
709087;01/05/2025;quinta-feira;12:40:00;MG;262;560,7;CORREGO DANTA;Ausência de reação do condutor;Colisão frontal;Com Vítimas Feridas;Pleno dia;Decrescente;Céu Claro;Simples;Curva;Não;4;0;1;0;2;3;1;6;-19,74161768;-45,944383;SPRF-MG;DEL08-MG;UOP02-DEL08-MG
709100;03/08/2025;domingo;11:21:00;SP;116;350;JUQUITIBA;Demais falhas mecânicas ou elétricas;Incêndio;Sem Vítimas;Plena Noite;Decrescente;Sol;Dupla;"Curva;Aclive";Não;1;0;0;0;1;0;0;1;-24;-47;SPRF-SP;DEL04-SP;UOP03-DEL04-SP
709103;03/08/2025;domingo;11:05:00;PE;407;123;PETROLINA;Condutor deixou de manter distância do veículo da frente;Colisão traseira;Com Vítimas Feridas;Pleno dia;Decrescente;Céu Claro;Múltipla;Reta;Sim;2;0;1;0;1;0;1;2;-9,36933;-40,54126;SPRF-PE;DEL06-PE;UOP01-DEL06-PE
709104;03/08/2025;domingo;10:55:00;PR;376;614,7;SAO JOSE DOS PINHAIS;Manobra de mudança de faixa;Colisão transversal;Com Vítimas Feridas;Pleno dia;Decrescente;Sol;Dupla;Reta;Sim;5;0;2;0;2;2;2;4;-25,57243557;-49,18041658;SPRF-PR;DEL01-PR;UOP04-DEL01-PR
709111;03/08/2025;domingo;12:00:00;MG;262;611,8;IBIA;Velocidade Incompatível;Tombamento;Com Vítimas Feridas;Pleno dia;Crescente;Céu Claro;Simples;"Ponte;Curva;Declive";Não;2;0;1;0;0;2;1;3;-19,58597025;-46,40152328;SPRF-MG;DEL08-MG;UOP02-DEL08-MG
709119;03/08/2025;domingo;12:59:00;MG;40;454,2;CAETANOPOLIS;Ingestão de substâncias psicoativas pelo condutor;Saída de leito carroçável;Sem Vítimas;Pleno dia;Crescente;Céu Claro;Dupla;Reta;Sim;7;0;0;0;1;6;0;3;-19,351018;-44,351862;SPRF-MG;DEL02-MG;UOP01-DEL02-MG
709123;04/06/2025;quarta-feira;07:25:00;MG;40;553,5;NOVA LIMA;Pedestre andava na pista;Atropelamento de Pedestre;Com Vítimas Feridas;Pleno dia;Crescente;Sol;Múltipla;Curva;Sim;3;0;1;0;1;1;1;2;-20,07571357;-43,98323894;SPRF-MG;DEL01-MG;UOP02-DEL01-MG
709126;03/08/2025;domingo;12:12:00;BA;235;351,3;JUAZEIRO;Acostamento em desnível;Colisão lateral mesmo sentido;Com Vítimas Fatais;Pleno dia;Crescente;Céu Claro;Simples;Reta;Sim;2;1;0;0;0;1;0;2;-9,4258897;-40,5054529;SPRF-PE;DEL06-PE;UOP01-DEL06-PE
709132;03/08/2025;domingo;13:50:00;SC;101;349,7;JAGUARUNA;Chuva;Colisão com objeto;Com Vítimas Feridas;Pleno dia;Decrescente;Chuva;Dupla;Curva;Não;2;0;1;0;1;0;1;2;-28,591999;-49,0449101;SPRF-SC;DEL02-SC;UOP01-DEL02-SC
709146;03/08/2025;domingo;11:00:00;PI;343;213;CAPITAO DE CAMPOS;Acessar a via sem observar a presença dos outros veículos;Colisão transversal;Com Vítimas Feridas;Pleno dia;Crescente;Céu Claro;Dupla;Reta;Não;3;0;0;1;2;0;1;2;-4,455;-41,937;SPRF-PI;DEL02-PI;UOP01-DEL02-PI
709149;03/08/2025;domingo;15:00:00;MS;267;306;RIO BRILHANTE;Ausência de reação do condutor;Colisão traseira;Com Vítimas Feridas;Pleno dia;Decrescente;Céu Claro;Simples;Reta;Não;2;0;1;0;1;0;1;2;-21,711213;-54,651037;SPRF-MS;DEL02-MS;UOP02-DEL02-MS
709152;03/08/2025;domingo;15:30:00;PR;277;223;TEIXEIRA SOARES;Reação tardia ou ineficiente do condutor;Colisão lateral sentido oposto;Com Vítimas Fatais;Pleno dia;Crescente;Céu Claro;Simples;Reta;Não;6;1;1;1;1;2;2;5;-25,461389;-50,424794;SPRF-PR;DEL08-PR;UOP02-DEL08-PR
709155;03/08/2025;domingo;16:40:00;MG;381;526,6;BRUMADINHO;Demais falhas mecânicas ou elétricas;Saída de leito carroçável;Com Vítimas Feridas;Pleno dia;Crescente;Céu Claro;Dupla;"Declive;Curva";Não;7;0;1;0;5;1;1;3;-20,15265233;-44,32612181;SPRF-MG;DEL04-MG;UOP03-DEL04-MG
709159;17/07/2025;quinta-feira;21:40:00;MG;251;474;FRANCISCO SA;Problema com o freio;Colisão traseira;Com Vítimas Fatais;Plena Noite;Crescente;Céu Claro;Simples;"Declive;Reta";Não;9;1;4;1;2;2;5;5;-16,465859;-43,435815;SPRF-MG;DEL12-MG;UOP01-DEL12-MG
709165;03/08/2025;domingo;17:30:00;RJ;40;58;PETROPOLIS;Ingestão de álcool pelo condutor;Colisão lateral mesmo sentido;Sem Vítimas;Anoitecer;Decrescente;Céu Claro;Dupla;Reta;Sim;3;0;0;0;2;1;0;3;-22,3831538;-43,1348818;SPRF-RJ;DEL05-RJ;UOP02-DEL05-RJ
709190;03/08/2025;domingo;17:15:00;PR;376;652,1;TIJUCAS DO SUL;Reação tardia ou ineficiente do condutor;Colisão com objeto;Com Vítimas Feridas;Pleno dia;Crescente;Garoa/Chuvisco;Dupla;"Curva;Declive";Não;7;0;3;1;1;2;4;4;-25,845518;-49,061542;SPRF-PR;DEL01-PR;UOP04-DEL01-PR
709204;03/08/2025;domingo;19:00:00;BA;116;516,6;ITATIM;Acessar a via sem observar a presença dos outros veículos;Colisão transversal;Com Vítimas Feridas;Plena Noite;Crescente;Céu Claro;Simples;Reta;Não;2;0;1;0;0;1;1;2;-12,68787323;-39,68611157;SPRF-BA;DEL02-BA;UOP01-DEL02-BA
709205;03/08/2025;domingo;18:20:00;MG;381;499;BETIM;Demais falhas mecânicas ou elétricas;Incêndio;Sem Vítimas;Plena Noite;Crescente;Nublado;Dupla;Reta;Sim;2;0;0;0;1;2;0;3;-19,99403281;-44,20820184;SPRF-MG;DEL01-MG;UOP03-DEL01-MG
709215;03/08/2025;domingo;19:50:00;SC;280;22,3;ARAQUARI;Condutor deixou de manter distância do veículo da frente;Colisão traseira;Com Vítimas Feridas;Plena Noite;Crescente;Nublado;Simples;Reta;Não;4;0;0;2;1;1;2;3;-26,371033;-48,704925;SPRF-SC;DEL03-SC;UOP03-DEL03-SC