id;data_inversa;dia_semana;horario;uf;br;km;municipio;causa_acidente;tipo_acidente;classificacao_acidente;fase_dia;sentido_via;condicao_metereologica;tipo_pista;tracado_via;uso_solo;pessoas;mortos;feridos_leves;feridos_graves;ilesos;ignorados;feridos;veiculos;latitude;longitude;regional;delegacia;uop
710164;08/08/2025;sexta-feira;07:30:00;MG;262;631,1;IBIA;Conversão proibida;Colisão traseira;Com Vítimas Feridas;Pleno dia;Crescente;Céu Claro;Simples;"Interseção de Vias;Em Obras;Reta;Ponte";Não;4;0;1;0;2;1;1;3;-19,57046563;-46,56864166;SPRF-MG;DEL08-MG;UOP01-DEL08-MG
710166;08/08/2025;sexta-feira;07:45:00;PE;232;407;SERRA TALHADA;Acessar a via sem observar a presença dos outros veículos;Colisão transversal;Com Vítimas Feridas;Pleno dia;Decrescente;Céu Claro;Simples;"Retorno Regulamentado;Reta";Sim;3;0;1;0;2;0;1;3;-7,984839;-38,274892;SPRF-PE;DEL04-PE;UOP01-DEL04-PE
710174;20/05/2025;terça-feira;13:30:00;PR;373;221,8;IMBITUVA;Manobra de mudança de faixa;Colisão frontal;Com Vítimas Fatais;Pleno dia;Decrescente;Céu Claro;Simples;"Reta;Declive";Não;5;3;0;1;0;2;1;4;-25,180768;-50,587712;SPRF-PR;DEL03-PR;UOP01-DEL03-PR
710178;08/08/2025;sexta-feira;08:50:00;PR;277;37,9;MORRETES;Reação tardia ou ineficiente do condutor;Colisão com objeto;Com Vítimas Feridas;Pleno dia;Crescente;Chuva;Dupla;"Aclive;Curva";Não;6;0;1;0;3;2;1;4;-25,574562;-48,85372;SPRF-PR;DEL01-PR;UOP05-DEL01-PR
710185;08/08/2025;sexta-feira;02:40:00;BA;242;190;ITABERABA;Transitar na contramão;Colisão frontal;Com Vítimas Fatais;Plena Noite;Decrescente;Céu Claro;Simples;Curva;Não;3;1;0;0;1;2;0;4;-12,51803354;-39,94113922;SPRF-BA;DEL06-BA;UOP02-DEL06-BA
710190;01/08/2025;sexta-feira;07:40:00;MS;163;255;DOURADOS;Ausência de reação do condutor;Colisão lateral sentido oposto;Com Vítimas Feridas;Pleno dia;Crescente;Céu Claro;Simples;Reta;Não;2;0;0;1;1;0;1;2;-22,2590808;-54,80234575;SPRF-MS;DEL04-MS;UOP01-DEL04-MS
710195;01/08/2025;sexta-feira;01:40:00;PR;277;693;SAO MIGUEL DO IGUACU;Acessar a via sem observar a presença dos outros veículos;Colisão transversal;Com Vítimas Feridas;Plena Noite;Crescente;Céu Claro;Dupla;Declive;Não;2;0;1;0;1;0;1;2;-25,37277874;-54,27108262;SPRF-PR;DEL05-PR;UOP01-DEL05-PR
710197;01/06/2025;domingo;21:00:00;MT;364;114,9;PEDRA PRETA;Acostamento em desnível;Colisão lateral sentido oposto;Com Vítimas Fatais;Plena Noite;Crescente;Céu Claro;Simples;Reta;Não;3;1;0;0;1;3;0;5;-16,82931;-54,007138;SPRF-MT;DEL02-MT;UOP02-DEL02-MT
710198;08/08/2025;sexta-feira;09:30:00;PR;376;435;TIBAGI;Ausência de reação do condutor;Colisão traseira;Com Vítimas Feridas;Pleno dia;Crescente;Nublado;Simples;"Desvio Temporário;Declive;Reta";Não;4;0;0;1;2;2;1;4;-24,77827955;-50,51548004;SPRF-PR;DEL03-PR;UOP02-DEL03-PR
710201;08/08/2025;sexta-feira;10:26:00;SP;153;49,9;SAO JOSE DO RIO PRETO;Ausência de reação do condutor;Colisão traseira;Com Vítimas Feridas;Pleno dia;Crescente;Céu Claro;Simples;"Reta;Em Obras";Não;7;0;2;0;4;1;2;5;-20,69454383;-49,33981272;SPRF-SP;DEL09-SP;UOP01-DEL09-SP
710210;08/08/2025;sexta-feira;11:50:00;RS;448;14;CANOAS;Demais falhas mecânicas ou elétricas;Incêndio;Sem Vítimas;Pleno dia;Decrescente;Garoa/Chuvisco;Múltipla;Reta;Não;1;0;0;0;1;0;0;1;-29,93149656;-51,21262271;SPRF-RS;DEL01-RS;UOP01-DEL01-RS
710216;08/08/2025;sexta-feira;10:30:00;RO;319;144;PORTO VELHO;Ausência de reação do condutor;Colisão traseira;Sem Vítimas;Pleno dia;Crescente;Céu Claro;Dupla;"Reta;Interseção de Vias";Não;2;0;0;0;2;0;0;2;-8,76606061;-63,88461677;SPRF-RO;DEL01-RO;UOP01-DEL01-RO
710218;08/08/2025;sexta-feira;11:50:00;CE;116;295,6;JAGUARIBE;Ultrapassagem Indevida;Colisão traseira;Com Vítimas Feridas;Pleno dia;Crescente;Céu Claro;Simples;Reta;Não;5;0;3;0;1;1;3;3;-5,8194446;-38,537438;SPRF-CE;DEL05-CE;UOP02-DEL05-CE
710222;08/08/2025;sexta-feira;12:00:00;PE;101;73,2;RECIFE;Condutor deixou de manter distância do veículo da frente;Engavetamento;Com Vítimas Feridas;Pleno dia;Decrescente;Sol;Dupla;Reta;Sim;3;0;1;0;1;1;1;3;-8,09501;-34,94857;SPRF-PE;DEL01-PE;UOP01-DEL01-PE
710223;08/08/2025;sexta-feira;12:00:00;DF;70;11;BRASILIA;Manobra de mudança de faixa;Colisão transversal;Com Vítimas Feridas;Pleno dia;Decrescente;Céu Claro;Dupla;Reta;Não;5;0;1;2;1;1;3;3;-15,79169;-48,15166;SPRF-DF;DEL03-DF;UOP02-DEL03-DF
710224;08/08/2025;sexta-feira;13:32:00;ES;101;268;SERRA;Ausência de reação do condutor;Colisão traseira;Com Vítimas Feridas;Pleno dia;Crescente;Céu Claro;Múltipla;Interseção de Vias;Sim;3;0;1;0;1;1;1;3;-20,19350004;-40,26860386;SPRF-ES;DEL02-ES;UOP01-DEL02-ES
710226;08/08/2025;sexta-feira;13:00:00;BA;324;609,9;SIMOES FILHO;Deficiência do Sistema de Iluminação/Sinalização;Incêndio;Sem Vítimas;Pleno dia;Crescente;Céu Claro;Dupla;Reta;Não;1;0;0;0;1;0;0;1;-12,8402039;-38,4154721;SPRF-BA;DEL01-BA;UOP01-DEL01-BA
710228;08/08/2025;sexta-feira;13:39:00;ES;262;34,4;DOMINGOS MARTINS;Condutor deixou de manter distância do veículo da frente;Colisão traseira;Com Vítimas Feridas;Pleno dia;Crescente;Céu Claro;Simples;"Declive;Curva";Não;3;0;1;0;2;0;1;3;-20,3756717;-40,5926317;SPRF-ES;DEL01-ES;UOP01-DEL01-ES
710232;08/08/2025;sexta-feira;12:10:00;MG;40;332;FELIXLANDIA;Reação tardia ou ineficiente do condutor;Tombamento;Com Vítimas Feridas;Pleno dia;Decrescente;Céu Claro;Simples;"Aclive;Curva";Não;2;0;1;0;0;1;1;2;-18,5995767;-45,0107317;SPRF-MG;DEL14-MG;UOP02-DEL14-MG
710236;08/08/2025;sexta-feira;09:30:00;BA;116;564,3;BREJOES;Reação tardia ou ineficiente do condutor;Engavetamento;Com Vítimas Feridas;Pleno dia;Decrescente;Sol;Simples;Curva;Não;8;0;3;0;4;2;3;5;-12,994608;-39,952887;SPRF-BA;DEL03-BA;UOP02-DEL03-BA
710246;08/08/2025;sexta-feira;13:30:00;PE;104;30;TORITAMA;Acessar a via sem observar a presença dos outros veículos;Colisão transversal;Com Vítimas Feridas;Pleno dia;Crescente;Céu Claro;Simples;Rotatória;Sim;3;0;1;1;1;0;2;2;-8,01075937;-36,05762092;SPRF-PE;DEL02-PE;UOP01-DEL02-PE
710249;08/08/2025;sexta-feira;13:45:00;MG;381;275;JAGUARACU;Ultrapassagem Indevida;Colisão transversal;Com Vítimas Fatais;Pleno dia;Decrescente;Céu Claro;Simples;Reta;Não;2;1;0;0;1;0;0;2;-19,5858035;-42,730771;SPRF-MG;DEL03-MG;UOP02-DEL03-MG
710253;18/05/2025;domingo;16:00:00;SE;101;15;MALHADA DOS BOIS;Reação tardia ou ineficiente do condutor;Colisão com objeto;Com Vítimas Feridas;Pleno dia;Decrescente;Céu Claro;Dupla;Reta;Não;2;0;1;0;0;1;1;2;-10,35443637;-36,90376282;SPRF-SE;DEL02-SE;UOP02-DEL02-SE
710254;08/08/2025;sexta-feira;13:00:00;MG;40;615,4;CONGONHAS;Reação tardia ou ineficiente do condutor;Engavetamento;Com Vítimas Feridas;Pleno dia;Crescente;Sol;Simples;"Ponte;Curva";Não;5;0;2;0;2;1;2;4;-20,54559804;-43,82051119;SPRF-MG;DEL05-MG;UOP02-DEL05-MG
710258;08/08/2025;sexta-feira;05:30:00;PA;222;93,4;RONDON DO PARA;Ausência de reação do condutor;Colisão traseira;Com Vítimas Fatais;Plena Noite;Decrescente;Céu Claro;Simples;Reta;Não;4;1;1;1;0;1;2;2;-4,70941;-47,982885;SPRF-PA;DEL02-PA;UOP02-DEL02-PA
710263;08/08/2025;sexta-feira;15:40:00;RJ;40;112;DUQUE DE CAXIAS;Transitar no Acostamento;Atropelamento de Pedestre;Com Vítimas Feridas;Pleno dia;Decrescente;Sol;Múltipla;Reta;Não;3;0;1;0;0;2;1;2;-22,70251388;-43,29023123;SPRF-RJ;DEL01-RJ;UOP02-DEL01-RJ
710267;08/08/2025;sexta-feira;13:30:00;SC;101;357,5;SANGAO;Reação tardia ou ineficiente do condutor;Colisão com objeto;Com Vítimas Feridas;Pleno dia;Crescente;Céu Claro;Múltipla;Reta;Sim;2;0;1;0;1;0;1;2;-28,646488;-49,103035;SPRF-SC;DEL02-SC;UOP01-DEL02-SC
710270;08/08/2025;sexta-feira;15:20:00;PR;369;179,5;ARAPONGAS;Reação tardia ou ineficiente do condutor;Colisão lateral mesmo sentido;Com Vítimas Feridas;Pleno dia;Decrescente;Céu Claro;Dupla;Reta;Sim;2;0;1;0;1;0;1;2;-23,365;-51,403;SPRF-PR;DEL07-PR;UOP03-DEL07-PR
710278;08/08/2025;sexta-feira;13:30:00;MT;163;747;SORRISO;Ausência de reação do condutor;Colisão traseira;Com Vítimas Feridas;Pleno dia;Decrescente;Céu Claro;Dupla;"Curva;Rotatória";Não;3;0;1;0;1;3;1;5;-12,594198;-55,744067;SPRF-MT;DEL06-MT;UOP01-DEL06-MT
710282;08/08/2025;sexta-feira;15:07:00;ES;259;0;JOAO NEIVA;Condutor deixou de manter distância do veículo da frente;Colisão traseira;Sem Vítimas;Pleno dia;Decrescente;Céu Claro;Simples;"Interseção de Vias;Reta;Rotatória";Não;3;0;0;0;2;1;0;3;-19,74631119;-40,37715554;SPRF-ES;DEL02-ES;UOP01-DEL02-ES
710285;08/08/2025;sexta-feira;15:15:00;MG;354;702,5;CAXAMBU;Velocidade Incompatível;Colisão frontal;Com Vítimas Feridas;Pleno dia;Decrescente;Chuva;Simples;Rotatória;Sim;2;0;1;0;1;0;1;2;-21,97077792;-44,92354631;SPRF-MG;DEL17-MG;UOP01-DEL17-MG
710286;08/08/2025;sexta-feira;16:00:00;RJ;116;307,9;RESENDE;Reação tardia ou ineficiente do condutor;Colisão lateral mesmo sentido;Com Vítimas Feridas;Pleno dia;Decrescente;Chuva;Dupla;Reta;Sim;5;0;3;0;1;1;3;3;-22,45749891;-44,4039917;SPRF-RJ;DEL07-RJ;UOP02-DEL07-RJ
710287;08/08/2025;sexta-feira;15:30:00;RS;392;25;RIO GRANDE;Reação tardia ou ineficiente do condutor;Colisão traseira;Com Vítimas Feridas;Pleno dia;Decrescente;Nublado;Dupla;Reta;Não;3;0;1;0;1;1;1;3;-32,0592959;-52,2706345;SPRF-RS;DEL07-RS;UOP02-DEL07-RS
710299;08/08/2025;sexta-feira;17:35:00;RS;116;235;SAO LEOPOLDO;Ausência de reação do condutor;Engavetamento;Com Vítimas Feridas;Anoitecer;Decrescente;Garoa/Chuvisco;Dupla;"Reta;Aclive";Sim;4;0;1;0;3;0;1;3;-29,71740633;-51,14794627;SPRF-RS;DEL01-RS;UOP02-DEL01-RS
710304;08/08/2025;sexta-feira;16:50:00;MS;163;407,5;SIDROLANDIA;Manobra de mudança de faixa;Colisão lateral sentido oposto;Com Vítimas Feridas;Anoitecer;Crescente;Nublado;Simples;"Declive;Reta";Não;4;0;0;1;2;2;1;5;-21,100424;-54,487244;SPRF-MS;DEL02-MS;UOP01-DEL02-MS
710310;08/08/2025;sexta-feira;16:00:00;PR;277;206,9;PALMEIRA;Carga excessiva e/ou mal acondicionada;Derramamento de carga;Com Vítimas Feridas;Pleno dia;Crescente;Céu Claro;Simples;"Curva;Declive";Não;4;0;1;0;1;2;1;3;-25,471287;-50,278874;SPRF-PR;DEL08-PR;UOP02-DEL08-PR
710315;08/08/2025;sexta-feira;17:20:00;DF;20;8;BRASILIA;Manobra de mudança de faixa;Saída de leito carroçável;Sem Vítimas;Anoitecer;Decrescente;Céu Claro;Dupla;"Declive;Interseção de Vias";Sim;5;0;0;0;3;3;0;5;-15,6573165;-47,7903783;SPRF-DF;DEL02-DF;UOP01-DEL02-DF
710327;08/08/2025;sexta-feira;17:40:00;GO;40;16;LUZIANIA;Reação tardia ou ineficiente do condutor;Colisão lateral mesmo sentido;Com Vítimas Feridas;Anoitecer;Crescente;Céu Claro;Dupla;Reta;Sim;3;0;2;0;1;0;2;2;-16,178757;-47,929176;SPRF-DF;DEL01-DF;UOP01-DEL01-DF
710330;08/08/2025;sexta-feira;19:00:00;RS;116;611,8;ARROIO GRANDE;Desrespeitar a preferência no cruzamento;Colisão transversal;Com Vítimas Feridas;Plena Noite;Decrescente;Nublado;Simples;"Reta;Interseção de Vias";Não;2;0;1;0;1;0;1;2;-32,24359827;-53,06857523;SPRF-RS;DEL07-RS;UOP03-DEL07-RS
710332;08/08/2025;sexta-feira;13:00:00;PR;277;307,2;PRUDENTOPOLIS;Reação tardia ou ineficiente do condutor;Colisão lateral sentido oposto;Com Vítimas Fatais;Pleno dia;Decrescente;Céu Claro;Simples;"Declive;Curva";Não;9;2;0;0;5;5;0;8;-25,31724209;-51,19513035;SPRF-PR;DEL08-PR;UOP01-DEL08-PR
710339;08/08/2025;sexta-feira;19:45:00;PE;104;52,4;CARUARU;Animais na Pista;Atropelamento de Animal;Com Vítimas Feridas;Plena Noite;Decrescente;Céu Claro;Dupla;"Declive;Reta";Não;2;0;1;0;1;0;1;1;-8,17104;-35,97473;SPRF-PE;DEL02-PE;UOP01-DEL02-PE
710341;08/08/2025;sexta-feira;15:30:00;MT;163;733;SORRISO;Carga excessiva e/ou mal acondicionada;Colisão com objeto;Sem Vítimas;Pleno dia;Decrescente;Céu Claro;Simples;Reta;Não;2;0;0;0;1;1;0;2;-12,697918;-55,81127;SPRF-MT;DEL06-MT;UOP01-DEL06-MT
710351;08/08/2025;sexta-feira;19:55:00;PR;277;2;PARANAGUA;Ingestão de álcool pelo condutor;Colisão com objeto;Com Vítimas Feridas;Plena Noite;Decrescente;Nublado;Simples;Reta;Não;3;0;1;0;1;1;1;3;-25,534481;-48,553382;SPRF-PR;DEL01-PR;UOP05-DEL01-PR
710369;08/08/2025;sexta-feira;18:50:00;RO;364;320,2;PRESIDENTE MEDICI;Manobra de mudança de faixa;Colisão frontal;Com Vítimas Feridas;Plena Noite;Decrescente;Céu Claro;Simples;Reta;Não;7;0;3;2;1;1;5;5;-11,06633;-61,924848;SPRF-RO;DEL02-RO;UOP01-DEL02-RO
710375;08/08/2025;sexta-feira;23:40:00;MG;365;623;UBERLANDIA;Pedestre cruzava a pista fora da faixa;Atropelamento de Pedestre;Com Vítimas Fatais;Plena Noite;Decrescente;Céu Claro;Dupla;Reta;Sim;2;1;0;0;0;1;0;2;-18,904636;-48,285484;SPRF-MG;DEL15-MG;UOP01-DEL15-MG
710377;09/08/2025;sábado;00:02:00;MG;381;929,9;ITAPEVA;Velocidade Incompatível;Colisão com objeto;Com Vítimas Feridas;Plena Noite;Crescente;Chuva;Dupla;Curva;Não;4;0;3;0;0;1;3;2;-22,7672064;-46,219264;SPRF-MG;DEL16-MG;UOP03-DEL16-MG
710381;08/08/2025;sexta-feira;22:50:00;RJ;393;120;SAPUCAIA;Transitar na contramão;Colisão transversal;Com Vítimas Fatais;Plena Noite;Crescente;Chuva;Simples;"Declive;Curva";Não;6;1;0;1;3;1;1;3;-21,94181153;-42,82148838;SPRF-RJ;DEL05-RJ;UOP01-DEL05-RJ
710383;08/08/2025;sexta-feira;23:30:00;MG;381;288;ANTONIO DIAS;Ausência de reação do condutor;Colisão traseira;Com Vítimas Feridas;Plena Noite;Crescente;Nublado;Dupla;Reta;Não;2;0;0;1;1;0;1;2;-19,62868314;-42,83311844;SPRF-MG;DEL03-MG;UOP02-DEL03-MG
710384;09/08/2025;sábado;01:00:00;PB;230;158,2;CAMPINA GRANDE;Ausência de reação do condutor;Colisão lateral mesmo sentido;Sem Vítimas;Plena Noite;Crescente;Ignorado;Simples;"Em Obras;Reta";Não;2;0;0;0;0;2;0;2;-7,258925;-35,925658;SPRF-PB;DEL02-PB;UOP01-DEL02-PB
710385;09/08/2025;sábado;01:45:00;RS;290;0,2;OSORIO;Condutor Dormindo;Saída de leito carroçável;Com Vítimas Feridas;Plena Noite;Decrescente;Chuva;Dupla;Reta;Não;2;0;1;0;0;1;1;2;-29,890151;-50,279666;SPRF-RS;DEL03-RS;UOP01-DEL03-RS
710386;09/08/2025;sábado;02:00:00;SP;381;54;MAIRIPORA;Velocidade Incompatível;Tombamento;Com Vítimas Feridas;Plena Noite;Decrescente;Céu Claro;Dupla;Reta;Não;2;0;1;0;0;1;1;2;-23,24946162;-46,59362376;SPRF-SP;DEL03-SP;UOP01-DEL03-SP
710394;09/08/2025;sábado;02:50:00;SC;101;41,9;JOINVILLE;Ingestão de álcool pelo condutor;Colisão com objeto;Sem Vítimas;Plena Noite;Crescente;Céu Claro;Múltipla;"Reta;Interseção de Vias";Sim;2;0;0;0;0;2;0;2;-26,323222;-48,868242;SPRF-SC;DEL03-SC;UOP01-DEL03-SC
710397;09/08/2025;sábado;02:45:00;PR;163;37,9;SANTO ANTONIO DO SUDOESTE;Ingestão de álcool pelo condutor;Colisão lateral sentido oposto;Com Vítimas Fatais;Plena Noite;Decrescente;Céu Claro;Simples;Curva;Não;3;2;1;0;0;0;1;2;-26,043579;-53,728191;SPRF-PR;DEL02-PR;UOP02-DEL02-PR
710399;09/08/2025;sábado;03:50:00;RS;290;151,4;ARROIO DOS RATOS;Transitar na contramão;Colisão frontal;Com Vítimas Fatais;Plena Noite;Crescente;Nublado;Simples;Reta;Não;3;1;0;0;1;2;0;4;-30,1049718;-51,723197;SPRF-RS;DEL02-RS;UOP01-DEL02-RS
710402;09/08/2025;sábado;04:20:00;PR;277;4,6;PARANAGUA;Ausência de reação do condutor;Colisão traseira;Com Vítimas Feridas;Plena Noite;Crescente;Nublado;Dupla;Reta;Sim;2;0;2;0;0;0;2;2;-25,53272648;-48,52947442;SPRF-PR;DEL01-PR;UOP05-DEL01-PR
710404;09/08/2025;sábado;04:55:00;MG;40;521;CONTAGEM;Ausência de reação do condutor;Colisão com objeto;Sem Vítimas;Plena Noite;Crescente;Chuva;Dupla;"Retorno Regulamentado;Reta";Sim;2;0;0;0;2;0;0;2;-19,8536233;-44,072175;SPRF-MG;DEL01-MG;UOP02-DEL01-MG
710406;09/08/2025;sábado;03:50:00;MG;262;425,6;SAO GONCALO DO PARA;Pedestre andava na pista;Atropelamento de Pedestre;Com Vítimas Fatais;Plena Noite;Crescente;Céu Claro;Dupla;Reta;Não;2;1;0;0;1;0;0;2;-19,896895;-44,86547;SPRF-MG;DEL08-MG;UOP03-DEL08-MG
710408;09/08/2025;sábado;05:40:00;CE;116;172,5;RUSSAS;Ingestão de álcool pelo condutor;Saída de leito carroçável;Sem Vítimas;Pleno dia;Crescente;Céu Claro;Simples;Declive;Não;1;0;0;0;1;0;0;1;-5,00458;-38,048161;SPRF-CE;DEL03-CE;UOP01-DEL03-CE
710411;09/08/2025;sábado;06:30:00;BA;116;425;FEIRA DE SANTANA;Ausência de reação do condutor;Colisão traseira;Com Vítimas Feridas;Pleno dia;Crescente;Céu Claro;Dupla;"Aclive;Reta";Sim;2;0;1;0;0;1;1;2;-12,25132528;-38,98856375;SPRF-BA;DEL02-BA;UOP01-DEL02-BA
710415;09/08/2025;sábado;03:00:00;MG;381;332;NOVA ERA;Ausência de reação do condutor;Capotamento;Com Vítimas Feridas;Plena Noite;Decrescente;Nublado;Simples;"Reta;Declive";Não;1;0;1;0;0;0;1;1;-19,805656;-43,062826;SPRF-MG;DEL03-MG;UOP01-DEL03-MG
710418;09/08/2025;sábado;04:00:00;MG;116;736,9;LARANJAL;Ingestão de álcool pelo condutor;Colisão frontal;Com Vítimas Fatais;Plena Noite;Decrescente;Garoa/Chuvisco;Simples;Reta;Não;3;2;0;1;0;0;1;2;-21,37250429;-42,47888356;SPRF-MG;DEL07-MG;UOP02-DEL07-MG
710421;09/08/2025;sábado;02:50:00;MT;364;376;SANTO ANTONIO DO LEVERGER;Reação tardia ou ineficiente do condutor;Tombamento;Com Vítimas Feridas;Plena Noite;Crescente;Céu Claro;Dupla;Reta;Não;2;0;2;0;0;0;2;1;-15,70997627;-55,79853058;SPRF-MT;DEL01-MT;UOP02-DEL01-MT
710425;08/08/2025;sexta-feira;23:30:00;RJ;493;18;GUAPIMIRIM;Pedestre cruzava a pista fora da faixa;Atropelamento de Pedestre;Com Vítimas Fatais;Plena Noite;Decrescente;Nublado;Múltipla;"Reta;Em Obras";Sim;3;1;0;0;2;0;0;2;-22,66862038;-43,02305102;SPRF-RJ;DEL04-RJ;UOP02-DEL04-RJ
710427;09/08/2025;sábado;07:00:00;CE;20;393;CAUCAIA;Demais falhas mecânicas ou elétricas;Colisão lateral sentido oposto;Com Vítimas Feridas;Pleno dia;Decrescente;Céu Claro;Simples;Reta;Não;6;0;2;0;3;1;2;3;-3,83802511;-38,76542902;SPRF-CE;DEL01-CE;UOP01-DEL01-CE
710431;09/08/2025;sábado;06:50:00;PR;277;670;MEDIANEIRA;Manobra de mudança de faixa;Colisão transversal;Com Vítimas Feridas;Pleno dia;Decrescente;Céu Claro;Simples;Reta;Sim;2;0;1;0;1;0;1;2;-25,281223;-54,080139;SPRF-PR;DEL05-PR;UOP02-DEL05-PR
710436;09/08/2025;sábado;09:00:00;BA;324;598;SIMOES FILHO;Pedestre andava na pista;Atropelamento de Pedestre;Com Vítimas Fatais;Pleno dia;Decrescente;Céu Claro;Múltipla;"Reta;Declive";Não;2;1;0;0;0;1;0;2;-12,745912;-38,434809;SPRF-BA;DEL01-BA;UOP01-DEL01-BA
710438;09/08/2025;sábado;06:45:00;PE;101;57;RECIFE;Demais falhas mecânicas ou elétricas;Incêndio;Sem Vítimas;Pleno dia;Decrescente;Céu Claro;Dupla;Reta;Sim;1;0;0;0;1;0;0;1;-7,9757971;-34,9233389;SPRF-PE;DEL01-PE;UOP02-DEL01-PE
710442;09/08/2025;sábado;08:12:00;GO;60;378;RIO VERDE;Manobra de mudança de faixa;Colisão lateral mesmo sentido;Com Vítimas Feridas;Pleno dia;Crescente;Céu Claro;Dupla;Reta;Sim;3;0;1;0;2;0;1;2;-17,765935;-50,882722;SPRF-GO;DEL04-GO;UOP02-DEL04-GO
710444;08/08/2025;sexta-feira;21:20:00;MT;364;620;DIAMANTINO;Ultrapassagem Indevida;Colisão lateral sentido oposto;Com Vítimas Fatais;Plena Noite;Decrescente;Céu Claro;Simples;Reta;Não;4;1;0;0;1;6;0;8;-14,396852;-56,345598;SPRF-MT;DEL01-MT;UOP01-DEL01-MT
710445;12/07/2025;sábado;17:40:00;SE;235;109,5;CARIRA;Conversão proibida;Colisão transversal;Com Vítimas Feridas;Anoitecer;Decrescente;Céu Claro;Simples;Reta;Não;2;0;0;1;1;0;1;2;-10,34831097;-37,70669684;SPRF-SE;DEL01-SE;UOP02-DEL01-SE
710455;09/08/2025;sábado;07:30:00;MG;381;444;SABARA;Transitar na contramão;Colisão frontal;Com Vítimas Fatais;Pleno dia;Crescente;Céu Claro;Simples;"Ponte;Reta";Não;4;1;0;2;0;1;2;3;-19,8276255;-43,8380319;SPRF-MG;DEL01-MG;UOP01-DEL01-MG
710456;09/08/2025;sábado;10:30:00;SP;153;62,3;SAO JOSE DO RIO PRETO;Condutor deixou de manter distância do veículo da frente;Colisão traseira;Com Vítimas Feridas;Pleno dia;Crescente;Céu Claro;Dupla;Aclive;Sim;2;0;0;1;1;0;1;2;-20,84574443;-49,37377524;SPRF-SP;DEL09-SP;UOP01-DEL09-SP
710458;08/08/2025;sexta-feira;21:25:00;MT;163;648;LUCAS DO RIO VERDE;Mal súbito do condutor;Colisão frontal;Com Vítimas Fatais;Plena Noite;Crescente;Céu Claro;Simples;Curva;Não;69;11;20;22;15;3;42;5;-13,386935;-56,09091616;SPRF-MT;DEL06-MT;UOP01-DEL06-MT
710461;09/08/2025;sábado;11:23:00;CE;116;15;ITAITINGA;Ausência de reação do condutor;Incêndio;Sem Vítimas;Pleno dia;Decrescente;Céu Claro;Dupla;Reta;Sim;1;0;0;0;1;0;0;1;-3,93333;-38,51667;SPRF-CE;DEL01-CE;UOP02-DEL01-CE
710463;09/08/2025;sábado;09:36:00;MG;116;221;CATUJI;Ausência de reação do condutor;Tombamento;Com Vítimas Feridas;Pleno dia;Crescente;Céu Claro;Dupla;"Curva;Declive";Não;2;0;1;0;0;1;1;2;-17,421;-41,513;SPRF-MG;DEL11-MG;UOP01-DEL11-MG
710474;09/08/2025;sábado;12:05:00;TO;153;144;ARAGUAINA;Reação tardia ou ineficiente do condutor;Colisão transversal;Com Vítimas Feridas;Pleno dia;Crescente;Céu Claro;Dupla;Reta;Sim;3;0;1;0;1;1;1;3;-7,197457;-48,2372912;SPRF-TO;DEL02-TO;UOP01-DEL02-TO
710475;09/08/2025;sábado;10:50:00;MA;10;258;IMPERATRIZ;Ausência de reação do condutor;Colisão traseira;Sem Vítimas;Pleno dia;Decrescente;Sol;Dupla;Reta;Sim;2;0;0;0;1;1;0;2;-5,48489729;-47,47213751;SPRF-MA;DEL04-MA;UOP01-DEL04-MA
710480;09/08/2025;sábado;13:00:00;MG;381;816,6;CAREACU;Condutor deixou de manter distância do veículo da frente;Colisão traseira;Com Vítimas Feridas;Pleno dia;Crescente;Sol;Dupla;Reta;Não;6;0;2;0;2;2;2;4;-22,0414062;-45,6865121;SPRF-MG;DEL16-MG;UOP02-DEL16-MG
710481;08/07/2025;terça-feira;18:00:00;SC;101;106;PENHA;Ausência de reação do condutor;Colisão traseira;Com Vítimas Feridas;Plena Noite;Crescente;Céu Claro;Múltipla;Reta;Não;2;0;1;0;1;0;1;2;-26,80327333;-48,67930412;SPRF-SC;DEL03-SC;UOP02-DEL03-SC
710483;09/08/2025;sábado;12:45:00;MG;381;908;CAMBUI;Reação tardia ou ineficiente do condutor;Tombamento;Com Vítimas Feridas;Pleno dia;Decrescente;Céu Claro;Dupla;"Declive;Curva";Não;3;0;2;0;0;1;2;2;-22,6802;-46,10071;SPRF-MG;DEL16-MG;UOP03-DEL16-MG
710489;09/08/2025;sábado;12:15:00;MG;381;664;SANTO ANTONIO DO AMPARO;Reação tardia ou ineficiente do condutor;Tombamento;Com Vítimas Feridas;Pleno dia;Crescente;Sol;Dupla;"Aclive;Reta";Não;2;0;1;0;0;1;1;2;-21,02010229;-44,99190617;SPRF-MG;DEL04-MG;UOP02-DEL04-MG
710493;09/08/2025;sábado;09:30:00;MG;251;405,3;GRAO MOGOL;Demais falhas mecânicas ou elétricas;Incêndio;Sem Vítimas;Pleno dia;Decrescente;Sol;Simples;"Reta;Aclive";Não;2;0;0;0;1;1;0;2;-16,24722643;-42,93431282;SPRF-MG;DEL12-MG;UOP01-DEL12-MG
710501;09/08/2025;sábado;10:00:00;RJ;393;148,1;TRES RIOS;Carga excessiva e/ou mal acondicionada;Derramamento de carga;Sem Vítimas;Pleno dia;Decrescente;Nublado;Simples;Curva;Não;2;0;0;0;1;1;0;2;-22,06471038;-43,02983936;SPRF-RJ;DEL05-RJ;UOP01-DEL05-RJ
710511;09/08/2025;sábado;15:15:00;PE;232;111,2;BEZERROS;Manobra de mudança de faixa;Colisão lateral mesmo sentido;Sem Vítimas;Pleno dia;Crescente;Sol;Dupla;Reta;Não;2;0;0;0;2;0;0;2;-8,29447847;-35,82667351;SPRF-PE;DEL02-PE;UOP03-DEL02-PE