id;data_inversa;dia_semana;horario;uf;br;km;municipio;causa_acidente;tipo_acidente;classificacao_acidente;fase_dia;sentido_via;condicao_metereologica;tipo_pista;tracado_via;uso_solo;pessoas;mortos;feridos_leves;feridos_graves;ilesos;ignorados;feridos;veiculos;latitude;longitude;regional;delegacia;uop
710514;18/04/2025;sexta-feira;12:25:00;SC;101;322,4;PESCARIA BRAVA;Condutor deixou de manter distância do veículo da frente;Colisão traseira;Com Vítimas Fatais;Pleno dia;Decrescente;Céu Claro;Múltipla;Reta;Sim;7;1;0;0;5;2;0;5;-28,429083;-48,9218516;SPRF-SC;DEL02-SC;UOP01-DEL02-SC
710516;09/08/2025;sábado;15:50:00;PE;101;25;IGARASSU;Ausência de reação do condutor;Colisão traseira;Com Vítimas Feridas;Pleno dia;Crescente;Céu Claro;Dupla;Reta;Não;3;0;1;0;1;1;1;3;-7,700685;-34,9232161;SPRF-PE;DEL01-PE;UOP02-DEL01-PE
710522;09/08/2025;sábado;15:30:00;AP;156;461,9;TARTARUGALZINHO;Carga excessiva e/ou mal acondicionada;Tombamento;Com Vítimas Feridas;Pleno dia;Decrescente;Sol;Simples;Curva;Não;2;0;1;0;1;0;1;1;1,42898175;-50,90938479;SPRF-AP;DEL01-AP;UOP02-DEL01-AP
710523;09/08/2025;sábado;15:08:00;TO;10;497;APARECIDA DO RIO NEGRO;Ausência de reação do condutor;Colisão transversal;Com Vítimas Feridas;Pleno dia;Crescente;Céu Claro;Simples;Reta;Não;2;0;1;0;1;0;1;2;-10,13449652;-48,17110062;SPRF-TO;DEL01-TO;UOP03-DEL01-TO
710526;09/08/2025;sábado;16:15:00;MG;365;624;UBERLANDIA;Manobra de mudança de faixa;Colisão lateral mesmo sentido;Sem Vítimas;Pleno dia;Crescente;Céu Claro;Dupla;Curva;Sim;2;0;0;0;2;0;0;2;-18,90941369;-48,30312324;SPRF-MG;DEL15-MG;UOP01-DEL15-MG
710536;09/08/2025;sábado;08:20:00;PI;316;147;ELESBAO VELOSO;Ausência de reação do condutor;Colisão frontal;Com Vítimas Feridas;Pleno dia;Decrescente;Céu Claro;Simples;Reta;Não;2;0;0;1;1;0;1;2;-6,11222174;-42,17685699;SPRF-PI;DEL04-PI;UOP02-DEL04-PI
710537;09/08/2025;sábado;17:30:00;RS;285;463,1;IJUI;Desrespeitar a preferência no cruzamento;Colisão transversal;Com Vítimas Feridas;Pleno dia;Decrescente;Nublado;Simples;Interseção de Vias;Sim;4;0;2;0;1;1;2;3;-28,407432;-53,942619;SPRF-RS;DEL10-RS;UOP01-DEL10-RS
710554;09/08/2025;sábado;17:50:00;PR;277;339,7;GUARAPUAVA;Ausência de reação do condutor;Colisão traseira;Com Vítimas Feridas;Anoitecer;Crescente;Céu Claro;Dupla;"Reta;Rotatória;Declive";Sim;3;0;1;0;1;1;1;3;-25,344505;-51,442054;SPRF-PR;DEL08-PR;UOP01-DEL08-PR
710555;09/08/2025;sábado;17:15:00;SC;470;231,3;SAO CRISTOVAO DO SUL;Transitar na contramão;Colisão frontal;Com Vítimas Fatais;Pleno dia;Decrescente;Nublado;Simples;Reta;Não;4;1;0;0;1;2;0;4;-27,30311762;-50,40702224;SPRF-SC;DEL05-SC;UOP03-DEL05-SC
710568;09/08/2025;sábado;15:45:00;MA;316;560,2;CAXIAS;Reação tardia ou ineficiente do condutor;Saída de leito carroçável;Sem Vítimas;Pleno dia;Decrescente;Sol;Simples;Reta;Não;2;0;0;0;1;1;0;2;-4,888959;-43,283665;SPRF-MA;DEL03-MA;UOP02-DEL03-MA
710570;09/08/2025;sábado;15:30:00;BA;101;378;GANDU;Acostamento em desnível;Tombamento;Com Vítimas Feridas;Pleno dia;Crescente;Céu Claro;Simples;Reta;Não;2;0;1;0;0;1;1;2;-13,82148437;-39,49464798;SPRF-BA;DEL05-BA;UOP03-DEL05-BA
710573;09/08/2025;sábado;18:00:00;RS;285;208,5;LAGOA VERMELHA;Desrespeitar a preferência no cruzamento;Colisão transversal;Com Vítimas Feridas;Anoitecer;Decrescente;Nublado;Simples;Interseção de Vias;Não;3;0;1;0;1;2;1;4;-28,224104;-51,610739;SPRF-RS;DEL08-RS;UOP05-DEL08-RS
710575;09/08/2025;sábado;19:10:00;MG;153;17,1;CENTRALINA;Carga excessiva e/ou mal acondicionada;Colisão com objeto;Sem Vítimas;Plena Noite;Decrescente;Céu Claro;Múltipla;Reta;Sim;2;0;0;0;1;1;0;2;-18,58206282;-49,19315651;SPRF-MG;DEL15-MG;UOP03-DEL15-MG
710578;09/08/2025;sábado;19:05:00;PB;101;54,5;SANTA RITA;Reação tardia ou ineficiente do condutor;Colisão traseira;Com Vítimas Feridas;Plena Noite;Crescente;Céu Claro;Dupla;Reta;Não;6;0;4;2;0;0;6;2;-6,97004942;-35,08277893;SPRF-PB;DEL01-PB;UOP03-DEL01-PB
710583;09/08/2025;sábado;16:00:00;MT;163;871,5;CLAUDIA;Ausência de reação do condutor;Colisão traseira;Com Vítimas Feridas;Pleno dia;Crescente;Céu Claro;Simples;Reta;Não;3;0;1;0;1;4;1;6;-11,46143494;-55,35899162;SPRF-MT;DEL06-MT;UOP02-DEL06-MT
710591;09/08/2025;sábado;20:00:00;PR;116;134;FAZENDA RIO GRANDE;Condutor deixou de manter distância do veículo da frente;Colisão traseira;Sem Vítimas;Plena Noite;Crescente;Céu Claro;Dupla;"Reta;Aclive";Não;2;0;0;0;1;1;0;2;-25,71159529;-49,31962101;SPRF-PR;DEL01-PR;UOP03-DEL01-PR
710594;09/08/2025;sábado;18:50:00;MS;163;727;COXIM;Transitar na contramão;Colisão lateral sentido oposto;Com Vítimas Fatais;Plena Noite;Crescente;Céu Claro;Simples;Reta;Sim;3;1;0;0;1;1;0;3;-18,54018398;-54,74465847;SPRF-MS;DEL06-MS;UOP01-DEL06-MS
710597;09/08/2025;sábado;19:00:00;MG;50;205;DELTA;Acessar a via sem observar a presença dos outros veículos;Colisão transversal;Com Vítimas Feridas;Plena Noite;Decrescente;Céu Claro;Simples;Viaduto;Não;3;0;0;1;1;2;1;4;-19,96824;-47,792167;SPRF-MG;DEL13-MG;UOP01-DEL13-MG
710600;09/08/2025;sábado;20:50:00;GO;153;276;NOVA GLORIA;Acessar a via sem observar a presença dos outros veículos;Atropelamento de Pedestre;Com Vítimas Fatais;Plena Noite;Decrescente;Céu Claro;Simples;Reta;Não;2;1;0;0;1;0;0;2;-15,1204586;-49,5007019;SPRF-GO;DEL07-GO;UOP02-DEL07-GO
710601;09/08/2025;sábado;18:30:00;PA;155;271;ELDORADO DO CARAJAS;Manobra de mudança de faixa;Colisão frontal;Com Vítimas Fatais;Plena Noite;Decrescente;Céu Claro;Simples;Reta;Não;3;1;0;0;1;1;0;3;-5,977711;-49,231088;SPRF-PA;DEL03-PA;UOP01-DEL03-PA
710604;09/08/2025;sábado;20:45:00;TO;153;148;ARAGUAINA;Ausência de reação do condutor;Colisão traseira;Com Vítimas Feridas;Plena Noite;Crescente;Céu Claro;Dupla;Reta;Sim;3;0;1;0;2;0;1;2;-7,231643;-48,2530605;SPRF-TO;DEL02-TO;UOP01-DEL02-TO
710605;09/08/2025;sábado;19:40:00;PI;343;328;TERESINA;Objeto estático sobre o leito carroçável;Derramamento de carga;Com Vítimas Feridas;Plena Noite;Decrescente;Céu Claro;Simples;Reta;Não;5;0;0;1;2;2;1;4;-5,066752;-42,639058;SPRF-PI;DEL01-PI;UOP01-DEL01-PI
710606;09/08/2025;sábado;15:00:00;MS;376;53;JATEI;Ausência de reação do condutor;Saída de leito carroçável;Sem Vítimas;Pleno dia;Crescente;Céu Claro;Simples;Reta;Não;2;0;0;0;1;1;0;2;-22,46140544;-54,3073082;SPRF-MS;DEL04-MS;UOP01-DEL04-MS
710608;09/08/2025;sábado;12:50:00;RJ;101;290;ITABORAI;Reação tardia ou ineficiente do condutor;Colisão traseira;Sem Vítimas;Pleno dia;Decrescente;Garoa/Chuvisco;Dupla;Reta;Não;2;0;0;0;2;0;0;2;-22,76577267;-42,86931557;SPRF-RJ;DEL02-RJ;UOP02-DEL02-RJ
710620;09/08/2025;sábado;21:00:00;SC;101;204,1;SAO JOSE;Condutor deixou de manter distância do veículo da frente;Colisão traseira;Com Vítimas Feridas;Plena Noite;Decrescente;Céu Claro;Dupla;Reta;Sim;2;0;1;0;1;0;1;2;-27,582092;-48,614585;SPRF-SC;DEL01-SC;UOP01-DEL01-SC
710622;09/08/2025;sábado;22:10:00;PR;277;9;PARANAGUA;Entrada inopinada do pedestre;Atropelamento de Pedestre;Com Vítimas Feridas;Plena Noite;Decrescente;Ignorado;Dupla;Reta;Não;3;0;1;0;1;1;1;3;-25,566305;-48,606438;SPRF-PR;DEL01-PR;UOP05-DEL01-PR
710628;09/08/2025;sábado;12:20:00;RO;364;340;JI-PARANA;Condutor desrespeitou a iluminação vermelha do semáforo;Colisão transversal;Com Vítimas Feridas;Pleno dia;Crescente;Céu Claro;Simples;Interseção de Vias;Não;2;0;1;0;1;0;1;2;-10,89275996;-61,93069808;SPRF-RO;DEL02-RO;UOP01-DEL02-RO
710631;09/08/2025;sábado;21:00:00;PR;369;448,3;CORBELIA;Ultrapassagem Indevida;Colisão lateral mesmo sentido;Com Vítimas Feridas;Plena Noite;Decrescente;Céu Claro;Simples;"Curva;Declive";Não;6;0;3;0;2;1;3;3;-24,56190744;-53,13226461;SPRF-PR;DEL04-PR;UOP03-DEL04-PR
710651;09/08/2025;sábado;23:10:00;PI;316;218;VALENCA DO PIAUI;Transitar na contramão;Colisão frontal;Com Vítimas Fatais;Plena Noite;Decrescente;Céu Claro;Simples;Reta;Não;2;1;0;0;1;0;0;2;-6,461224;-41,74574;SPRF-PI;DEL04-PI;UOP02-DEL04-PI
710654;09/08/2025;sábado;16:15:00;RS;285;151;MUITOS CAPOES;Reação tardia ou ineficiente do condutor;Tombamento;Com Vítimas Feridas;Pleno dia;Decrescente;Nublado;Simples;"Curva;Declive";Não;1;0;0;1;0;0;1;1;-28,34149741;-51,15235448;SPRF-RS;DEL05-RS;UOP03-DEL05-RS
710658;10/08/2025;domingo;01:51:00;PI;343;267;CAMPO MAIOR;Ultrapassagem Indevida;Colisão lateral mesmo sentido;Com Vítimas Fatais;Plena Noite;Crescente;Céu Claro;Simples;Reta;Sim;4;1;1;0;1;1;1;3;-4,83823469;-42,18414938;SPRF-PI;DEL01-PI;UOP03-DEL01-PI
710666;10/08/2025;domingo;02:15:00;MS;163;776;COXIM;Animais na Pista;Atropelamento de Animal;Com Vítimas Feridas;Plena Noite;Decrescente;Céu Claro;Dupla;Reta;Não;2;0;1;0;0;1;1;2;-18,1228466;-54,7001666;SPRF-MS;DEL06-MS;UOP01-DEL06-MS
710667;10/08/2025;domingo;03:30:00;BA;324;518;FEIRA DE SANTANA;Ingestão de álcool pelo condutor;Colisão lateral sentido oposto;Com Vítimas Feridas;Plena Noite;Decrescente;Céu Claro;Simples;Reta;Sim;2;0;0;1;1;0;1;2;-12,26414;-38,9327;SPRF-BA;DEL02-BA;UOP01-DEL02-BA
710671;10/08/2025;domingo;03:00:00;BA;101;329,8;PRESIDENTE TANCREDO NEVES;Condutor deixou de manter distância do veículo da frente;Colisão traseira;Com Vítimas Feridas;Plena Noite;Crescente;Nublado;Simples;Reta;Sim;2;0;0;1;1;0;1;2;-13,456773;-39,418643;SPRF-BA;DEL05-BA;UOP03-DEL05-BA
710673;10/08/2025;domingo;04:10:00;PE;101;166,6;AGUA PRETA;Transitar na contramão;Colisão frontal;Com Vítimas Fatais;Amanhecer;Decrescente;Céu Claro;Dupla;Reta;Não;3;1;0;0;1;1;0;3;-8,565565;-35,47349;SPRF-PE;DEL01-PE;UOP03-DEL01-PE
710686;09/08/2025;sábado;21:50:00;MG;381;592,6;CARMOPOLIS DE MINAS;Velocidade Incompatível;Tombamento;Com Vítimas Fatais;Plena Noite;Crescente;Nublado;Dupla;"Declive;Curva";Não;2;1;0;0;0;1;0;2;-20,561963;-44,665701;SPRF-MG;DEL04-MG;UOP01-DEL04-MG
710687;10/08/2025;domingo;05:30:00;MG;381;623,7;OLIVEIRA;Condutor Dormindo;Tombamento;Com Vítimas Feridas;Amanhecer;Crescente;Céu Claro;Dupla;Curva;Não;1;0;1;0;0;0;1;1;-20,78583;-44,785947;SPRF-MG;DEL04-MG;UOP01-DEL04-MG
710693;09/08/2025;sábado;21:10:00;BA;116;321,1;ARACI;Ingestão de álcool pelo condutor;Colisão lateral sentido oposto;Com Vítimas Feridas;Plena Noite;Crescente;Céu Claro;Simples;Reta;Não;3;0;1;0;1;1;1;3;-11,33777809;-38,95777893;SPRF-BA;DEL02-BA;UOP01-DEL02-BA
710706;10/08/2025;domingo;06:20:00;PR;116;211;RIO NEGRO;Ultrapassagem Indevida;Colisão frontal;Com Vítimas Feridas;Pleno dia;Crescente;Nevoeiro/Neblina;Simples;Curva;Sim;4;0;1;0;2;2;1;4;-26,10462661;-49,78113111;SPRF-SC;DEL06-SC;UOP01-DEL06-SC
710713;10/08/2025;domingo;07:50:00;PE;101;72,5;RECIFE;Entrada inopinada do pedestre;Atropelamento de Pedestre;Com Vítimas Feridas;Pleno dia;Decrescente;Céu Claro;Dupla;Reta;Sim;2;0;0;1;0;1;1;2;-8,1198059;-34,94271662;SPRF-PE;DEL01-PE;UOP01-DEL01-PE
710715;10/08/2025;domingo;03:30:00;SE;101;181,5;UMBAUBA;Condutor Dormindo;Saída de leito carroçável;Sem Vítimas;Plena Noite;Decrescente;Céu Claro;Simples;Reta;Não;1;0;0;0;1;0;0;1;-11,366823;-37,644587;SPRF-SE;DEL02-SE;UOP03-DEL02-SE
710719;26/07/2025;sábado;06:20:00;MG;262;352,3;BETIM;Ausência de reação do condutor;Colisão traseira;Com Vítimas Feridas;Amanhecer;Crescente;Céu Claro;Dupla;Declive;Não;3;0;1;0;1;1;1;3;-19,983959;-44,242257;SPRF-MG;DEL01-MG;UOP03-DEL01-MG
710724;10/08/2025;domingo;08:20:00;PA;163;997;SANTAREM;Reação tardia ou ineficiente do condutor;Saída de leito carroçável;Sem Vítimas;Pleno dia;Crescente;Sol;Simples;"Curva;Declive";Sim;3;0;0;0;2;3;0;4;-2,494061;-54,736099;SPRF-PA;DEL05-PA;UOP01-DEL05-PA
710725;04/06/2025;quarta-feira;07:55:00;MG;262;159;SAO DOMINGOS DO PRATA;Demais falhas mecânicas ou elétricas;Queda de ocupante de veículo;Com Vítimas Feridas;Pleno dia;Decrescente;Ignorado;Simples;Declive;Não;2;0;0;1;1;0;1;1;-19,96164139;-42,85301686;SPRF-MG;DEL03-MG;UOP03-DEL03-MG
710739;10/08/2025;domingo;11:30:00;SP;116;64,9;GUARATINGUETA;Conversão proibida;Colisão lateral mesmo sentido;Com Vítimas Feridas;Pleno dia;Crescente;Nublado;Dupla;Curva;Sim;7;0;6;0;0;1;6;2;-22,82274084;-45,19112198;SPRF-SP;DEL08-SP;UOP01-DEL08-SP
710749;10/08/2025;domingo;05:00:00;MA;316;250,2;BOM JARDIM;Reação tardia ou ineficiente do condutor;Saída de leito carroçável;Com Vítimas Fatais;Amanhecer;Crescente;Ignorado;Simples;Reta;Não;5;1;2;1;0;1;3;2;-3,6547459;-45,47459;SPRF-MA;DEL02-MA;UOP01-DEL02-MA
710751;29/07/2025;terça-feira;09:00:00;AL;101;44,3;FLEXEIRAS;Reação tardia ou ineficiente do condutor;Tombamento;Com Vítimas Feridas;Pleno dia;Decrescente;Nublado;Dupla;Curva;Não;2;0;1;0;0;1;1;2;-9,19507981;-35,78715719;SPRF-AL;DEL01-AL;UOP02-DEL01-AL
710758;10/08/2025;domingo;12:45:00;PE;101;112,7;IPOJUCA;Velocidade Incompatível;Tombamento;Com Vítimas Feridas;Pleno dia;Decrescente;Nublado;Dupla;"Curva;Declive";Não;2;0;1;0;0;1;1;2;-8,33;-35,12289;SPRF-PE;DEL01-PE;UOP03-DEL01-PE
710763;10/08/2025;domingo;09:10:00;MG;116;26;CACHOEIRA DE PAJEU;Demais falhas mecânicas ou elétricas;Saída de leito carroçável;Com Vítimas Feridas;Pleno dia;Crescente;Céu Claro;Simples;"Declive;Curva";Não;2;0;1;0;0;1;1;2;-15,882588;-41,424476;SPRF-MG;DEL11-MG;UOP02-DEL11-MG
710765;10/08/2025;domingo;14:10:00;PR;369;352,8;CAMPO MOURAO;Ausência de reação do condutor;Colisão lateral sentido oposto;Com Vítimas Feridas;Pleno dia;Crescente;Sol;Simples;Curva;Não;3;0;1;0;1;1;1;3;-24,14206;-52,45365;SPRF-PR;DEL09-PR;UOP03-DEL09-PR
710767;10/08/2025;domingo;14:50:00;MG;153;46;CANAPOLIS;Manobra de mudança de faixa;Colisão traseira;Com Vítimas Feridas;Pleno dia;Crescente;Céu Claro;Dupla;Declive;Não;7;0;2;0;4;2;2;5;-18,7843;-49,082;SPRF-MG;DEL15-MG;UOP03-DEL15-MG
710772;10/08/2025;domingo;14:30:00;MT;364;1139;SAPEZAL;Acessar a via sem observar a presença dos outros veículos;Colisão transversal;Com Vítimas Fatais;Pleno dia;Decrescente;Céu Claro;Simples;Reta;Não;3;1;0;0;1;3;0;5;-13,535622;-58,89406;SPRF-MT;DEL04-MT;UOP02-DEL04-MT
710775;10/08/2025;domingo;15:50:00;SC;101;97;BALNEARIO PICARRAS;Reação tardia ou ineficiente do condutor;Colisão lateral mesmo sentido;Sem Vítimas;Pleno dia;Crescente;Céu Claro;Dupla;Reta;Não;3;0;0;0;2;1;0;3;-26,73181291;-48,70136261;SPRF-SC;DEL03-SC;UOP02-DEL03-SC
710789;10/08/2025;domingo;14:30:00;PR;476;197;LAPA;Reação tardia ou ineficiente do condutor;Tombamento;Com Vítimas Feridas;Pleno dia;Decrescente;Céu Claro;Simples;Rotatória;Sim;2;0;1;0;0;1;1;2;-25,7644523;-49,7378711;SPRF-PR;DEL01-PR;UOP06-DEL01-PR
710792;10/08/2025;domingo;17:05:00;MG;381;741,1;TRES CORACOES;Velocidade Incompatível;Colisão lateral mesmo sentido;Com Vítimas Feridas;Pleno dia;Crescente;Céu Claro;Dupla;"Declive;Reta;Retorno Regulamentado";Não;3;0;1;0;1;2;1;4;-21,59271;-45,237394;SPRF-MG;DEL16-MG;UOP02-DEL16-MG
710802;10/08/2025;domingo;18:00:00;RS;290;95;PORTO ALEGRE;Manobra de mudança de faixa;Colisão lateral mesmo sentido;Sem Vítimas;Anoitecer;Crescente;Nublado;Dupla;Reta;Sim;4;0;0;0;2;2;0;3;-29,98811711;-51,21122135;SPRF-RS;DEL01-RS;UOP01-DEL01-RS
710805;10/08/2025;domingo;18:25:00;BA;116;368,9;SERRINHA;Transitar na contramão;Colisão frontal;Com Vítimas Fatais;Plena Noite;Crescente;Céu Claro;Simples;Reta;Não;3;1;0;0;1;1;0;3;-11,73303302;-38,9863337;SPRF-BA;DEL02-BA;UOP01-DEL02-BA
710806;10/08/2025;domingo;18:30:00;BA;116;153;CANUDOS;Demais falhas mecânicas ou elétricas;Incêndio;Sem Vítimas;Plena Noite;Crescente;Céu Claro;Simples;Reta;Não;2;0;0;0;2;0;0;2;-9,95569323;-39,16285325;SPRF-BA;DEL07-BA;UOP03-DEL07-BA
710808;10/08/2025;domingo;17:15:00;SC;101;358,6;SANGAO;Velocidade Incompatível;Saída de leito carroçável;Sem Vítimas;Pleno dia;Decrescente;Céu Claro;Múltipla;Reta;Não;3;0;0;0;3;0;0;2;-28,65429022;-49,10751343;SPRF-SC;DEL02-SC;UOP01-DEL02-SC
710818;10/08/2025;domingo;17:30:00;MG;262;502,7;LUZ;Ultrapassagem Indevida;Saída de leito carroçável;Sem Vítimas;Anoitecer;Decrescente;Sol;Simples;Reta;Não;2;0;0;0;1;1;0;2;-19,78109469;-45,5593307;SPRF-MG;DEL08-MG;UOP03-DEL08-MG
710824;10/08/2025;domingo;17:30:00;SC;282;54,2;AGUAS MORNAS;Ultrapassagem Indevida;Colisão lateral mesmo sentido;Com Vítimas Feridas;Anoitecer;Crescente;Céu Claro;Simples;Aclive;Não;4;0;0;1;2;1;1;3;-27,6877273;-48,97559166;SPRF-SC;DEL01-SC;UOP03-DEL01-SC
710828;10/08/2025;domingo;18:40:00;AL;101;192;JUNQUEIRO;Velocidade Incompatível;Saída de leito carroçável;Com Vítimas Fatais;Plena Noite;Decrescente;Nublado;Simples;Curva;Não;1;1;0;0;0;0;0;1;-9,933058;-36,471107;SPRF-AL;DEL02-AL;UOP02-DEL02-AL
710832;10/08/2025;domingo;19:05:00;PR;153;24;JACAREZINHO;Acessar a via sem observar a presença dos outros veículos;Colisão transversal;Com Vítimas Feridas;Plena Noite;Crescente;Céu Claro;Simples;Interseção de Vias;Não;5;0;3;0;1;1;3;3;-23,19006823;-49,98590318;SPRF-PR;DEL07-PR;UOP04-DEL07-PR
710837;10/08/2025;domingo;20:00:00;MG;40;525,8;CONTAGEM;Reação tardia ou ineficiente do condutor;Colisão lateral mesmo sentido;Com Vítimas Feridas;Plena Noite;Crescente;Céu Claro;Dupla;Reta;Sim;6;0;4;0;1;1;4;3;-19,88836537;-44,05031204;SPRF-MG;DEL01-MG;UOP02-DEL01-MG
710845;10/08/2025;domingo;18:25:00;MG;381;933,8;EXTREMA;Entrada inopinada do pedestre;Atropelamento de Pedestre;Com Vítimas Fatais;Plena Noite;Crescente;Céu Claro;Dupla;"Aclive;Retorno Regulamentado;Curva";Não;5;1;0;0;2;2;0;4;-22,79988127;-46,25894308;SPRF-MG;DEL16-MG;UOP03-DEL16-MG
710850;10/08/2025;domingo;19:15:00;GO;20;83;FORMOSA;Acessar a via sem observar a presença dos outros veículos;Colisão traseira;Com Vítimas Feridas;Plena Noite;Decrescente;Céu Claro;Simples;Reta;Não;3;0;1;0;1;1;1;3;-15,068868;-47,082502;SPRF-DF;DEL02-DF;UOP02-DEL02-DF
710852;10/08/2025;domingo;18:00:00;TO;230;128;ARAGUATINS;Ausência de reação do condutor;Tombamento;Com Vítimas Feridas;Pleno dia;Crescente;Céu Claro;Simples;Curva;Não;2;0;1;0;0;2;1;3;-5,777282;-48,028665;SPRF-TO;DEL02-TO;UOP03-DEL02-TO
710854;10/08/2025;domingo;20:30:00;RS;386;276;FONTOURA XAVIER;Transitar na contramão;Colisão lateral sentido oposto;Com Vítimas Feridas;Plena Noite;Decrescente;Céu Claro;Simples;Curva;Não;4;0;1;1;1;1;2;4;-28,998667;-52,354717;SPRF-RS;DEL04-RS;UOP03-DEL04-RS
710858;10/08/2025;domingo;17:10:00;BA;101;24;RIO REAL;Ausência de reação do condutor;Colisão frontal;Com Vítimas Feridas;Pleno dia;Decrescente;Céu Claro;Simples;Reta;Não;3;0;1;0;2;0;1;2;-11,68821;-37,90184;SPRF-SE;DEL02-SE;UOP03-DEL02-SE
710874;10/08/2025;domingo;16:00:00;BA;116;890;CANDIDO SALES;Ultrapassagem Indevida;Colisão frontal;Com Vítimas Fatais;Pleno dia;Decrescente;Céu Claro;Simples;"Reta;Aclive";Não;3;1;1;0;0;1;1;3;-15,365402;-41,176728;SPRF-BA;DEL08-BA;UOP03-DEL08-BA
710878;09/07/2025;quarta-feira;08:00:00;PR;277;635,5;CEU AZUL;Acessar a via sem observar a presença dos outros veículos;Colisão transversal;Com Vítimas Feridas;Pleno dia;Decrescente;Céu Claro;Simples;"Retorno Regulamentado;Rotatória;Reta";Sim;3;0;1;0;1;1;1;3;-25,14341987;-53,83468151;SPRF-PR;DEL05-PR;UOP02-DEL05-PR
710882;10/08/2025;domingo;16:00:00;MG;354;288,8;BAEPENDI;Velocidade Incompatível;Tombamento;Com Vítimas Feridas;Pleno dia;Crescente;Céu Claro;Simples;Curva;Não;2;0;1;0;0;1;1;2;-21,924425;-44,801388;SPRF-MG;DEL10-MG;UOP01-DEL10-MG
710901;10/08/2025;domingo;17:04:00;RJ;393;123;SAPUCAIA;Acesso irregular;Tombamento;Com Vítimas Feridas;Pleno dia;Decrescente;Céu Claro;Simples;"Curva;Declive";Não;2;0;1;0;0;1;1;2;-22,0130246;-42,952816;SPRF-RJ;DEL05-RJ;UOP01-DEL05-RJ
710903;10/08/2025;domingo;20:30:00;ES;262;195;IUNA;Ingestão de álcool pelo condutor;Colisão frontal;Com Vítimas Feridas;Plena Noite;Crescente;Céu Claro;Simples;"Declive;Reta";Não;3;0;1;0;1;1;1;3;-20,28403644;-41,77212238;SPRF-ES;DEL01-ES;UOP02-DEL01-ES
710910;11/08/2025;segunda-feira;00:20:00;ES;101;407,3;ITAPEMIRIM;Condutor deixou de manter distância do veículo da frente;Colisão traseira;Com Vítimas Feridas;Plena Noite;Crescente;Nublado;Simples;Reta;Não;6;0;1;0;4;1;1;3;-20,8920294;-41,03289366;SPRF-ES;DEL03-ES;UOP02-DEL03-ES
710916;11/08/2025;segunda-feira;02:00:00;SP;116;413;JUQUIA;Avarias e/ou desgaste excessivo no pneu;Incêndio;Sem Vítimas;Plena Noite;Decrescente;Céu Claro;Dupla;Reta;Não;2;0;0;0;1;1;0;2;-24,330118;-47,623376;SPRF-SP;DEL05-SP;UOP01-DEL05-SP
710921;11/08/2025;segunda-feira;03:00:00;CE;116;54;PACAJUS;Iluminação deficiente;Saída de leito carroçável;Com Vítimas Feridas;Plena Noite;Decrescente;Céu Claro;Dupla;Curva;Não;5;0;4;0;1;0;4;1;-4,19726099;-38,46943108;SPRF-CE;DEL01-CE;UOP04-DEL01-CE
710922;11/08/2025;segunda-feira;01:15:00;MG;381;635,6;SANTO ANTONIO DO AMPARO;Avarias e/ou desgaste excessivo no pneu;Tombamento;Com Vítimas Feridas;Plena Noite;Crescente;Céu Claro;Dupla;"Declive;Curva";Não;2;0;1;0;0;1;1;2;-20,8630169;-44,8413379;SPRF-MG;DEL04-MG;UOP01-DEL04-MG
710924;11/08/2025;segunda-feira;03:07:00;MT;163;102,2;RONDONOPOLIS;Condutor Dormindo;Saída de leito carroçável;Com Vítimas Feridas;Plena Noite;Decrescente;Céu Claro;Dupla;Reta;Não;2;0;1;0;0;2;1;3;-16,6372;-54,69402;SPRF-MT;DEL02-MT;UOP03-DEL02-MT
710928;11/08/2025;segunda-feira;03:20:00;SP;116;360;MIRACATU;Velocidade Incompatível;Tombamento;Com Vítimas Feridas;Plena Noite;Decrescente;Céu Claro;Dupla;"Curva;Aclive";Não;2;0;0;2;0;0;2;1;-24,113;-47,269;SPRF-SP;DEL04-SP;UOP03-DEL04-SP
710937;11/08/2025;segunda-feira;05:50:00;BA;101;229;SAPEACU;Transitar na contramão;Queda de ocupante de veículo;Com Vítimas Feridas;Amanhecer;Decrescente;Céu Claro;Simples;"Reta;Declive";Não;2;0;1;0;0;1;1;2;-12,716377;-39,180006;SPRF-BA;DEL01-BA;UOP02-DEL01-BA
710942;11/08/2025;segunda-feira;05:00:00;MS;262;381,3;TERENOS;Reação tardia ou ineficiente do condutor;Colisão lateral sentido oposto;Sem Vítimas;Amanhecer;Crescente;Céu Claro;Simples;Reta;Sim;4;0;0;0;3;3;0;5;-20,445794;-54,851051;SPRF-MS;DEL01-MS;UOP03-DEL01-MS
710948;10/08/2025;domingo;19:14:00;BA;116;630;JAGUAQUARA;Acesso irregular;Colisão frontal;Com Vítimas Feridas;Plena Noite;Decrescente;Céu Claro;Simples;Reta;Não;4;0;0;2;1;1;2;3;-13,49378585;-40,04801667;SPRF-BA;DEL03-BA;UOP01-DEL03-BA
710950;10/08/2025;domingo;11:30:00;MG;365;217;BURITIZEIRO;Reação tardia ou ineficiente do condutor;Saída de leito carroçável;Com Vítimas Feridas;Pleno dia;Crescente;Sol;Simples;Reta;Não;2;0;1;0;0;1;1;2;-17,57268439;-45,33061981;SPRF-MG;DEL10-MG;UOP02-DEL010-MG