id;data_inversa;dia_semana;horario;uf;br;km;municipio;causa_acidente;tipo_acidente;classificacao_acidente;fase_dia;sentido_via;condicao_metereologica;tipo_pista;tracado_via;uso_solo;pessoas;mortos;feridos_leves;feridos_graves;ilesos;ignorados;feridos;veiculos;latitude;longitude;regional;delegacia;uop
710952;11/08/2025;segunda-feira;07:54:00;BA;324;623;SALVADOR;Velocidade Incompatível;Colisão lateral mesmo sentido;Com Vítimas Feridas;Pleno dia;Crescente;Céu Claro;Dupla;Reta;Sim;3;0;1;0;2;0;1;3;-12,9431058;-38,4716855;SPRF-BA;DEL01-BA;UOP01-DEL01-BA
710954;11/08/2025;segunda-feira;06:40:00;SP;116;153;SAO JOSE DOS CAMPOS;Reação tardia ou ineficiente do condutor;Colisão traseira;Com Vítimas Feridas;Pleno dia;Crescente;Céu Claro;Múltipla;Reta;Não;3;0;0;1;2;0;1;3;-23,23494259;-45,9166166;SPRF-SP;DEL02-SP;UOP01-DEL02-SP
710962;14/07/2025;segunda-feira;12:40:00;PR;376;605;CURITIBA;Condutor deixou de manter distância do veículo da frente;Engavetamento;Com Vítimas Feridas;Pleno dia;Crescente;Sol;Dupla;Reta;Sim;4;0;1;0;2;1;1;4;-25,53819085;-49,31337532;SPRF-PR;DEL01-PR;UOP03-DEL01-PR
710967;11/08/2025;segunda-feira;08:50:00;RS;386;426;MONTENEGRO;Condutor deixou de manter distância do veículo da frente;Colisão traseira;Sem Vítimas;Pleno dia;Crescente;Céu Claro;Múltipla;Reta;Não;4;0;0;0;3;1;0;3;-29,81962291;-51,36142228;SPRF-RS;DEL04-RS;UOP02-DEL04-RS
710971;11/08/2025;segunda-feira;07:02:00;MS;267;63,5;BATAGUASSU;Ausência de reação do condutor;Colisão lateral sentido oposto;Com Vítimas Feridas;Pleno dia;Crescente;Céu Claro;Simples;"Declive;Reta";Não;2;0;2;0;0;0;2;2;-21,846444;-52,703194;SPRF-MS;DEL02-MS;UOP04-DEL02-MS
710978;11/08/2025;segunda-feira;10:10:00;PB;230;28;JOAO PESSOA;Transitar na contramão;Colisão lateral sentido oposto;Com Vítimas Feridas;Pleno dia;Crescente;Céu Claro;Dupla;Curva;Não;3;0;0;2;1;0;2;2;-7,1720263;-34,873899;SPRF-PB;DEL01-PB;UOP01-DEL01-PB
710988;11/08/2025;segunda-feira;09:30:00;GO;153;656,1;GOIATUBA;Velocidade Incompatível;Tombamento;Com Vítimas Feridas;Pleno dia;Crescente;Céu Claro;Dupla;Curva;Não;2;0;1;0;0;1;1;2;-18,011254;-49,262186;SPRF-GO;DEL03-GO;UOP01-DEL03-GO
710992;28/07/2025;segunda-feira;07:30:00;RS;290;86;PORTO ALEGRE;Manobra de mudança de faixa;Queda de ocupante de veículo;Com Vítimas Feridas;Amanhecer;Decrescente;Céu Claro;Múltipla;Reta;Não;2;0;1;0;0;1;1;2;-29,96824505;-51,12084389;SPRF-RS;DEL01-RS;UOP01-DEL01-RS
710994;11/08/2025;segunda-feira;09:00:00;BA;101;409;IBIRAPITANGA;Ausência de reação do condutor;Saída de leito carroçável;Com Vítimas Feridas;Pleno dia;Decrescente;Céu Claro;Simples;Curva;Não;2;0;1;0;0;1;1;2;-14,044102;-39,393727;SPRF-BA;DEL05-BA;UOP03-DEL05-BA
711001;11/08/2025;segunda-feira;11:45:00;SC;101;380;ICARA;Reação tardia ou ineficiente do condutor;Colisão traseira;Com Vítimas Feridas;Pleno dia;Decrescente;Céu Claro;Dupla;Declive;Não;3;0;1;0;2;0;1;2;-28,7578555;-49,2804941;SPRF-SC;DEL02-SC;UOP02-DEL02-SC
711002;11/08/2025;segunda-feira;12:50:00;SC;101;79,3;ARAQUARI;Manobra de mudança de faixa;Colisão lateral mesmo sentido;Com Vítimas Feridas;Pleno dia;Crescente;Céu Claro;Dupla;Reta;Sim;5;0;2;0;2;1;2;3;-26,591635;-48,722079;SPRF-SC;DEL03-SC;UOP02-DEL03-SC
711003;11/08/2025;segunda-feira;10:40:00;RS;287;402;SANTIAGO;Acessar a via sem observar a presença dos outros veículos;Colisão transversal;Com Vítimas Feridas;Pleno dia;Crescente;Céu Claro;Simples;Interseção de Vias;Não;5;0;1;0;3;1;1;3;-29,14839;-54,886687;SPRF-RS;DEL12-RS;UOP02-DEL12-RS
711004;11/08/2025;segunda-feira;12:15:00;RS;158;308;ITAARA;Suicídio (presumido);Atropelamento de Pedestre;Com Vítimas Feridas;Pleno dia;Crescente;Sol;Simples;"Declive;Reta";Sim;3;0;0;1;1;1;1;2;-29,59214471;-53,76617856;SPRF-RS;DEL09-RS;UOP01-DEL09-RS
711006;11/08/2025;segunda-feira;12:15:00;PB;230;281;SANTA LUZIA;Demais falhas mecânicas ou elétricas;Tombamento;Com Vítimas Feridas;Pleno dia;Decrescente;Céu Claro;Simples;Curva;Não;2;0;1;0;0;1;1;2;-6,93334;-36,8516;SPRF-PB;DEL03-PB;UOP01-DEL03-PB
711008;09/08/2025;sábado;13:17:00;BA;407;2;JUAZEIRO;Ultrapassagem Indevida;Colisão transversal;Com Vítimas Feridas;Pleno dia;Decrescente;Céu Claro;Simples;Reta;Sim;3;0;0;1;1;1;1;3;-9,424562;-40,505997;SPRF-PE;DEL06-PE;UOP01-DEL06-PE
711022;11/08/2025;segunda-feira;14:30:00;ES;101;294,7;CARIACICA;Condutor deixou de manter distância do veículo da frente;Colisão traseira;Com Vítimas Feridas;Pleno dia;Crescente;Céu Claro;Dupla;Reta;Não;2;0;1;0;1;0;1;2;-20,32858392;-40,39806889;SPRF-ES;DEL01-ES;UOP01-DEL01-ES
711026;11/08/2025;segunda-feira;13:00:00;MG;40;728,8;OLIVEIRA FORTES;Problema com o freio;Saída de leito carroçável;Sem Vítimas;Pleno dia;Crescente;Céu Claro;Dupla;Curva;Não;1;0;0;0;1;0;0;1;-21,34648;-43,5827674;SPRF-MG;DEL05-MG;UOP01-DEL05-MG
711028;11/08/2025;segunda-feira;12:40:00;MA;135;104;ITAPECURU MIRIM;Transitar na contramão;Colisão frontal;Com Vítimas Fatais;Pleno dia;Crescente;Céu Claro;Simples;Reta;Não;4;2;0;0;1;3;0;5;-3,389897;-44,497078;SPRF-MA;DEL01-MA;UOP02-DEL01-MA
711031;11/08/2025;segunda-feira;15:00:00;RS;386;345,6;LAJEADO;Reação tardia ou ineficiente do condutor;Colisão lateral mesmo sentido;Com Vítimas Feridas;Pleno dia;Decrescente;Céu Claro;Dupla;"Em Obras;Reta";Sim;3;0;1;0;1;1;1;3;-29,45038782;-51,96856912;SPRF-RS;DEL04-RS;UOP01-DEL04-RS
711034;30/07/2025;quarta-feira;04:30:00;PR;277;321;GUARAPUAVA;Transitar na contramão;Colisão frontal;Com Vítimas Feridas;Plena Noite;Crescente;Céu Claro;Simples;Curva;Não;3;0;1;1;0;1;2;3;-25,37689541;-51,28720975;SPRF-PR;DEL08-PR;UOP01-DEL08-PR
711036;11/08/2025;segunda-feira;15:00:00;PR;369;187;ARAPONGAS;Acessar a via sem observar a presença dos outros veículos;Colisão transversal;Com Vítimas Feridas;Pleno dia;Decrescente;Céu Claro;Simples;Reta;Sim;2;0;0;1;1;0;1;2;-23,4190037;-51,42581269;SPRF-PR;DEL07-PR;UOP03-DEL07-PR
711037;11/08/2025;segunda-feira;15:40:00;PE;428;189;PETROLINA;Ausência de reação do condutor;Colisão transversal;Sem Vítimas;Pleno dia;Decrescente;Céu Claro;Dupla;Reta;Sim;2;0;0;0;2;0;0;2;-9,378123;-40,504977;SPRF-PE;DEL06-PE;UOP01-DEL06-PE
711041;11/08/2025;segunda-feira;15:00:00;PR;116;94;SAO JOSE DOS PINHAIS;Ausência de reação do condutor;Colisão traseira;Com Vítimas Feridas;Pleno dia;Decrescente;Sol;Múltipla;"Aclive;Reta";Não;4;0;3;0;1;0;3;2;-25,52385392;-49,13806915;SPRF-PR;DEL01-PR;UOP07-DEL01-PR
711052;11/08/2025;segunda-feira;14:45:00;MG;116;609,1;SAO JOAO DO MANHUACU;Transitar na contramão;Colisão lateral sentido oposto;Com Vítimas Feridas;Pleno dia;Decrescente;Nublado;Simples;Curva;Não;3;0;0;1;1;1;1;3;-20,40191553;-42,14939117;SPRF-MG;DEL07-MG;UOP02-DEL07-MG
711057;11/08/2025;segunda-feira;16:50:00;ES;101;299,8;VIANA;Condutor desrespeitou a iluminação vermelha do semáforo;Colisão lateral sentido oposto;Com Vítimas Feridas;Pleno dia;Crescente;Céu Claro;Múltipla;Viaduto;Sim;2;0;1;0;1;0;1;2;-20,357113;-40,429917;SPRF-ES;DEL01-ES;UOP01-DEL01-ES
711066;11/08/2025;segunda-feira;14:15:00;MG;153;14,2;CENTRALINA;Desrespeitar a preferência no cruzamento;Saída de leito carroçável;Com Vítimas Feridas;Pleno dia;Crescente;Céu Claro;Dupla;Curva;Não;3;0;1;0;1;3;1;5;-18,57662304;-49,19331551;SPRF-MG;DEL15-MG;UOP03-DEL15-MG
711077;11/08/2025;segunda-feira;18:05:00;TO;10;463,9;PALMAS;Acessar a via sem observar a presença dos outros veículos;Colisão transversal;Com Vítimas Feridas;Pleno dia;Crescente;Céu Claro;Múltipla;Reta;Sim;3;0;2;0;1;0;2;2;-10,231742;-48,311302;SPRF-TO;DEL01-TO;UOP03-DEL01-TO
711086;11/08/2025;segunda-feira;07:15:00;PI;135;519;GILBUES;Reação tardia ou ineficiente do condutor;Colisão lateral sentido oposto;Com Vítimas Feridas;Pleno dia;Crescente;Céu Claro;Simples;Reta;Não;6;0;1;2;2;3;3;7;-9,868395;-45,348463;SPRF-PI;DEL03-PI;UOP02-DEL03-PI
711090;11/08/2025;segunda-feira;18:00:00;GO;60;96,8;ANAPOLIS;Ausência de reação do condutor;Colisão lateral mesmo sentido;Com Vítimas Feridas;Pleno dia;Crescente;Céu Claro;Dupla;Interseção de Vias;Sim;2;0;1;0;1;0;1;2;-16,37628126;-48,94773859;SPRF-GO;DEL02-GO;UOP01-DEL02-GO
711094;11/08/2025;segunda-feira;19:13:00;PR;116;150;MANDIRITUBA;Ausência de reação do condutor;Colisão lateral sentido oposto;Com Vítimas Feridas;Plena Noite;Crescente;Céu Claro;Simples;Reta;Não;3;0;0;1;1;1;1;3;-25,8482444;-49,35400232;SPRF-PR;DEL01-PR;UOP03-DEL01-PR
711096;11/08/2025;segunda-feira;17:19:00;PA;316;54;CASTANHAL;Reação tardia ou ineficiente do condutor;Colisão traseira;Sem Vítimas;Pleno dia;Crescente;Chuva;Dupla;Reta;Não;4;0;0;0;3;1;0;4;-1,305925;-48,01085;SPRF-PA;DEL01-PA;UOP01-DEL01-PA
711101;11/08/2025;segunda-feira;19:10:00;RS;470;175,3;VERANOPOLIS;Acessar a via sem observar a presença dos outros veículos;Colisão traseira;Com Vítimas Feridas;Plena Noite;Decrescente;Céu Claro;Simples;"Curva;Declive";Sim;4;0;2;0;1;1;2;4;-28,923585;-51,538233;SPRF-RS;DEL06-RS;UOP02-DEL06-RS
711103;11/08/2025;segunda-feira;16:00:00;RJ;116;238;PIRAI;Ausência de reação do condutor;Colisão com objeto;Com Vítimas Feridas;Pleno dia;Crescente;Nublado;Dupla;Reta;Não;1;0;1;0;0;0;1;1;-22,66316535;-43,88595119;SPRF-RJ;DEL07-RJ;UOP01-DEL07-RJ
711112;11/08/2025;segunda-feira;17:15:00;MG;116;746,7;LEOPOLDINA;Condutor deixou de manter distância do veículo da frente;Colisão traseira;Com Vítimas Feridas;Pleno dia;Crescente;Céu Claro;Simples;Reta;Não;6;0;3;0;3;0;3;3;-21,434671;-42,520288;SPRF-MG;DEL07-MG;UOP01-DEL07-MG
711120;11/08/2025;segunda-feira;15:00:00;BA;135;51;FORMOSA DO RIO PRETO;Demais falhas mecânicas ou elétricas;Incêndio;Sem Vítimas;Anoitecer;Crescente;Céu Claro;Simples;Reta;Não;2;0;0;0;1;1;0;2;-11,19322;-45,05143;SPRF-BA;DEL10-BA;UOP01-DEL10-BA
711122;11/08/2025;segunda-feira;20:50:00;SC;101;417;ARARANGUA;Mal súbito do condutor;Colisão com objeto;Com Vítimas Feridas;Plena Noite;Decrescente;Céu Claro;Múltipla;Reta;Sim;2;0;1;0;0;1;1;2;-28,9834516;-49,5394401;SPRF-SC;DEL02-SC;UOP02-DEL02-SC
711123;11/08/2025;segunda-feira;21:00:00;RS;386;281,8;LAJEADO;Reação tardia ou ineficiente do condutor;Colisão frontal;Com Vítimas Feridas;Plena Noite;Crescente;Céu Claro;Simples;"Declive;Curva";Não;3;0;1;0;1;1;1;3;-29,4322176;-52,0093696;SPRF-RS;DEL04-RS;UOP03-DEL04-RS
711127;11/08/2025;segunda-feira;19:00:00;MG;365;569,2;INDIANOPOLIS;Manobra de mudança de faixa;Colisão traseira;Com Vítimas Fatais;Plena Noite;Crescente;Céu Claro;Simples;Reta;Não;3;1;0;0;1;2;0;4;-18,91644334;-47,8445348;SPRF-MG;DEL15-MG;UOP02-DEL15-MG
711128;11/08/2025;segunda-feira;11:00:00;MT;70;196;GENERAL CARNEIRO;Falta de acostamento;Saída de leito carroçável;Com Vítimas Feridas;Pleno dia;Crescente;Céu Claro;Simples;"Aclive;Curva";Não;2;0;1;0;0;1;1;2;-15,724252;-53,68422;SPRF-MT;DEL05-MT;UOP01-DEL05-MT
711137;11/08/2025;segunda-feira;23:50:00;MG;40;569,8;NOVA LIMA;Acessar a via sem observar a presença dos outros veículos;Atropelamento de Pedestre;Com Vítimas Fatais;Plena Noite;Crescente;Céu Claro;Simples;"Reta;Declive";Sim;6;1;0;0;3;2;0;5;-20,21621622;-43,97002326;SPRF-MG;DEL01-MG;UOP02-DEL01-MG
711138;11/08/2025;segunda-feira;22:23:00;PR;277;530,9;GUARANIACU;Acessar a via sem observar a presença dos outros veículos;Colisão lateral mesmo sentido;Com Vítimas Fatais;Plena Noite;Decrescente;Céu Claro;Simples;Reta;Não;4;1;1;0;0;4;1;6;-25,09681162;-52,96690106;SPRF-PR;DEL04-PR;UOP04-DEL04-PR
711142;12/08/2025;terça-feira;01:30:00;BA;116;479,9;RAFAEL JAMBEIRO;Demais falhas mecânicas ou elétricas;Incêndio;Sem Vítimas;Plena Noite;Crescente;Céu Claro;Dupla;"Reta;Declive";Não;2;0;0;0;1;1;0;2;-12,5227;-39,3966;SPRF-BA;DEL02-BA;UOP01-DEL02-BA
711145;12/08/2025;terça-feira;05:50:00;MG;40;595,6;OURO PRETO;Ausência de reação do condutor;Colisão traseira;Com Vítimas Feridas;Plena Noite;Crescente;Nevoeiro/Neblina;Simples;"Aclive;Reta";Não;3;0;1;0;1;2;1;4;-20,4134399;-43,8941827;SPRF-MG;DEL05-MG;UOP02-DEL05-MG
711150;12/08/2025;terça-feira;03:18:00;PA;230;1116;ITAITUBA;Ingestão de álcool pelo condutor;Tombamento;Com Vítimas Feridas;Plena Noite;Crescente;Céu Claro;Simples;Curva;Não;4;0;0;1;2;6;1;9;-4,39617663;-55,94452858;SPRF-PA;DEL05-PA;UOP02-DEL05-PA
711152;12/08/2025;terça-feira;04:10:00;PI;316;93;BARRO DURO;Acessar a via sem observar a presença dos outros veículos;Colisão frontal;Com Vítimas Fatais;Plena Noite;Crescente;Céu Claro;Simples;Reta;Não;2;1;0;0;1;0;0;2;-5,802756;-42,533821;SPRF-PI;DEL04-PI;UOP02-DEL04-PI
711155;12/08/2025;terça-feira;05:50:00;SC;280;78,7;CORUPA;Transitar na contramão;Colisão lateral sentido oposto;Com Vítimas Feridas;Plena Noite;Decrescente;Céu Claro;Simples;Reta;Sim;2;0;0;1;1;0;1;2;-26,44345;-49,21045;SPRF-SC;DEL06-SC;UOP03-DEL06-SC
711157;12/08/2025;terça-feira;05:20:00;PR;277;33;MORRETES;Reação tardia ou ineficiente do condutor;Tombamento;Com Vítimas Fatais;Plena Noite;Decrescente;Céu Claro;Dupla;"Curva;Declive";Não;3;1;1;0;0;2;1;3;-25,56641;-48,810818;SPRF-PR;DEL01-PR;UOP05-DEL01-PR
711161;11/08/2025;segunda-feira;22:00:00;MT;70;521;VARZEA GRANDE;Ausência de reação do condutor;Colisão transversal;Com Vítimas Feridas;Plena Noite;Decrescente;Céu Claro;Simples;Reta;Não;3;0;0;1;1;2;1;4;-15,65495968;-56,19097129;SPRF-MT;DEL01-MT;UOP02-DEL01-MT
711164;12/08/2025;terça-feira;06:54:00;PI;343;341,4;TERESINA;Chuva;Colisão traseira;Com Vítimas Feridas;Pleno dia;Crescente;Chuva;Dupla;Reta;Sim;2;0;1;0;1;0;1;2;-5,078197;-42,749412;SPRF-PI;DEL01-PI;UOP01-DEL01-PI
711167;11/08/2025;segunda-feira;20:15:00;SP;116;544;BARRA DO TURVO;Ausência de reação do condutor;Tombamento;Com Vítimas Feridas;Plena Noite;Decrescente;Céu Claro;Simples;"Curva;Declive";Não;1;0;1;0;0;0;1;1;-24,96446358;-48,42634901;SPRF-SP;DEL05-SP;UOP02-DEL05-SP
711186;12/08/2025;terça-feira;08:10:00;BA;116;372;LAMARAO;Demais falhas mecânicas ou elétricas;Incêndio;Sem Vítimas;Pleno dia;Decrescente;Céu Claro;Simples;Reta;Não;3;0;0;0;2;2;0;3;-11,777854;-38,985765;SPRF-BA;DEL02-BA;UOP01-DEL02-BA
711187;12/08/2025;terça-feira;07:00:00;SC;282;372,5;ERVAL VELHO;Ultrapassagem Indevida;Colisão frontal;Com Vítimas Feridas;Amanhecer;Crescente;Nublado;Simples;"Aclive;Reta";Sim;6;0;2;0;3;1;2;6;-27,2556215;-51,4449345;SPRF-SC;DEL07-SC;UOP05-DEL07-SC
711188;12/08/2025;terça-feira;08:30:00;GO;153;696;ITUMBIARA;Reação tardia ou ineficiente do condutor;Colisão traseira;Com Vítimas Feridas;Pleno dia;Crescente;Céu Claro;Dupla;"Curva;Interseção de Vias;Rotatória";Sim;2;0;1;0;1;0;1;2;-18,3581997;-49,2158502;SPRF-GO;DEL03-GO;UOP02-DEL03-GO
711194;12/08/2025;terça-feira;09:00:00;PR;116;16;COLOMBO;Velocidade Incompatível;Colisão traseira;Com Vítimas Feridas;Pleno dia;Crescente;Céu Claro;Dupla;"Aclive;Reta";Sim;3;0;2;0;1;0;2;2;-25,388118;-49,181793;SPRF-PR;DEL01-PR;UOP02-DEL01-PR
711195;12/08/2025;terça-feira;04:40:00;MS;163;809;PEDRO GOMES;Ultrapassagem Indevida;Colisão lateral sentido oposto;Sem Vítimas;Amanhecer;Decrescente;Céu Claro;Simples;Reta;Não;4;0;0;0;3;6;0;9;-17,830572;-54,720424;SPRF-MS;DEL06-MS;UOP01-DEL06-MS
711196;12/08/2025;terça-feira;08:40:00;PR;277;132,5;BALSA NOVA;Reação tardia ou ineficiente do condutor;Colisão lateral mesmo sentido;Sem Vítimas;Pleno dia;Decrescente;Nublado;Dupla;Reta;Não;4;0;0;0;3;2;0;5;-25,46788027;-49,5950532;SPRF-PR;DEL03-PR;UOP03-DEL03-PR
711201;12/08/2025;terça-feira;08:30:00;PR;277;471,4;NOVA LARANJEIRAS;Desrespeitar a preferência no cruzamento;Colisão transversal;Com Vítimas Feridas;Pleno dia;Decrescente;Céu Claro;Simples;Interseção de Vias;Sim;5;0;2;1;1;2;3;4;-25,3078987;-52,5390019;SPRF-PR;DEL04-PR;UOP02-DEL04-PR
711207;18/07/2025;sexta-feira;20:00:00;RO;364;684;CANDEIAS DO JAMARI;Acessar a via sem observar a presença dos outros veículos;Colisão transversal;Com Vítimas Feridas;Plena Noite;Decrescente;Céu Claro;Simples;"Reta;Interseção de Vias";Não;6;0;1;0;3;2;1;4;-8,79073995;-63,6344111;SPRF-RO;DEL01-RO;UOP01-DEL01-RO
711215;12/08/2025;terça-feira;11:15:00;RS;392;80,5;PELOTAS;Ingestão de álcool pelo condutor;Colisão traseira;Com Vítimas Feridas;Pleno dia;Crescente;Céu Claro;Simples;Reta;Não;4;0;1;0;2;2;1;5;-31,67397272;-52,45658096;SPRF-RS;DEL07-RS;UOP01-DEL07-RS
711224;12/08/2025;terça-feira;12:00:00;MT;163;838;SINOP;Acessar a via sem observar a presença dos outros veículos;Colisão transversal;Com Vítimas Feridas;Pleno dia;Crescente;Céu Claro;Simples;Reta;Sim;2;0;0;1;1;0;1;2;-11,833742;-55,487884;SPRF-MT;DEL06-MT;UOP02-DEL06-MT
711228;12/08/2025;terça-feira;10:00:00;BA;407;204;CAEM;Transitar na contramão;Colisão frontal;Com Vítimas Fatais;Pleno dia;Crescente;Céu Claro;Simples;Reta;Não;4;1;0;0;1;2;0;4;-11,136992;-40,0619192;SPRF-BA;DEL04-BA;UOP02-DEL04-BA
711231;12/08/2025;terça-feira;12:15:00;MG;40;666,9;CARANDAI;Desrespeitar a preferência no cruzamento;Colisão transversal;Com Vítimas Feridas;Pleno dia;Crescente;Céu Claro;Simples;Interseção de Vias;Sim;2;0;1;0;1;0;1;2;-20,9284095;-43,81885807;SPRF-MG;DEL05-MG;UOP02-DEL05-MG
711237;12/08/2025;terça-feira;14:00:00;GO;40;18;LUZIANIA;Ingestão de álcool pelo condutor;Colisão traseira;Com Vítimas Feridas;Pleno dia;Crescente;Sol;Dupla;"Aclive;Reta";Sim;2;0;1;0;1;0;1;2;-16,1828409;-47,93022151;SPRF-DF;DEL01-DF;UOP01-DEL01-DF
711241;12/08/2025;terça-feira;13:40:00;PE;101;49,4;ABREU E LIMA;Problema com o freio;Colisão lateral mesmo sentido;Com Vítimas Feridas;Pleno dia;Crescente;Céu Claro;Múltipla;Interseção de Vias;Sim;5;0;3;0;1;1;3;4;-7,90486545;-34,9021754;SPRF-PE;DEL01-PE;UOP02-DEL01-PE
711242;12/08/2025;terça-feira;15:00:00;SP;116;162,7;JACAREI;Demais falhas mecânicas ou elétricas;Incêndio;Sem Vítimas;Pleno dia;Crescente;Céu Claro;Dupla;Reta;Não;1;0;0;0;1;0;0;1;-23,284109;-45,988456;SPRF-SP;DEL02-SP;UOP01-DEL02-SP
711243;09/08/2025;sábado;03:30:00;MG;381;500;BETIM;Manobra de mudança de faixa;Colisão lateral mesmo sentido;Com Vítimas Feridas;Plena Noite;Crescente;Nublado;Dupla;Reta;Não;2;0;1;0;0;1;1;2;-20,00718243;-44,2157313;SPRF-MG;DEL01-MG;UOP03-DEL01-MG
711249;12/08/2025;terça-feira;16:00:00;ES;101;145,3;LINHARES;Ultrapassagem Indevida;Colisão frontal;Com Vítimas Fatais;Pleno dia;Crescente;Céu Claro;Múltipla;"Aclive;Reta";Sim;6;1;1;0;3;1;1;5;-19,36387572;-40,06504177;SPRF-ES;DEL04-ES;UOP01-DEL04-ES
711255;12/08/2025;terça-feira;13:40:00;BA;242;353;LENCOIS;Reação tardia ou ineficiente do condutor;Saída de leito carroçável;Com Vítimas Feridas;Pleno dia;Decrescente;Céu Claro;Simples;Curva;Não;2;0;1;0;0;2;1;3;-12,49890297;-41,33123756;SPRF-BA;DEL06-BA;UOP02-DEL06-BA
711259;12/08/2025;terça-feira;14:30:00;MG;40;674,5;CARANDAI;Condutor usando celular;Saída de leito carroçável;Com Vítimas Feridas;Pleno dia;Crescente;Sol;Simples;Reta;Não;2;0;1;0;0;1;1;2;-20,99138887;-43,78092241;SPRF-MG;DEL05-MG;UOP02-DEL05-MG
711261;12/08/2025;terça-feira;13:55:00;MG;381;637;SANTO ANTONIO DO AMPARO;Velocidade Incompatível;Tombamento;Com Vítimas Feridas;Pleno dia;Decrescente;Sol;Dupla;Curva;Não;2;0;1;0;0;1;1;2;-20,87387689;-44,84371524;SPRF-MG;DEL04-MG;UOP01-DEL04-MG
711266;12/08/2025;terça-feira;17:05:00;MG;40;450,1;CAETANOPOLIS;Avarias e/ou desgaste excessivo no pneu;Tombamento;Com Vítimas Feridas;Pleno dia;Crescente;Céu Claro;Dupla;"Aclive;Reta";Não;1;0;1;0;0;0;1;1;-19,3033608;-44,3752236;SPRF-MG;DEL02-MG;UOP01-DEL02-MG
711276;12/08/2025;terça-feira;18:00:00;MG;356;269,3;MURIAE;Transitar na contramão;Colisão lateral sentido oposto;Com Vítimas Feridas;Anoitecer;Crescente;Nublado;Simples;Curva;Não;6;0;2;1;2;2;3;5;-21,126119;-42,336519;SPRF-MG;DEL07-MG;UOP02-DEL07-MG
711282;12/08/2025;terça-feira;18:10:00;PR;369;187,4;ARAPONGAS;Reação tardia ou ineficiente do condutor;Colisão transversal;Com Vítimas Feridas;Anoitecer;Decrescente;Céu Claro;Simples;Reta;Sim;3;0;2;0;1;0;2;2;-23,42690567;-51,42319322;SPRF-PR;DEL07-PR;UOP03-DEL07-PR
711288;12/08/2025;terça-feira;19:25:00;SC;101;103;BALNEARIO PICARRAS;Condutor deixou de manter distância do veículo da frente;Colisão traseira;Com Vítimas Feridas;Plena Noite;Decrescente;Nublado;Dupla;Reta;Não;3;0;1;0;1;1;1;3;-26,78330968;-48,68297188;SPRF-SC;DEL03-SC;UOP02-DEL03-SC
711295;12/08/2025;terça-feira;17:00:00;PA;10;6,3;DOM ELISEU;Transitar na contramão;Colisão frontal;Sem Vítimas;Pleno dia;Crescente;Céu Claro;Simples;"Reta;Declive";Não;3;0;0;0;2;1;0;3;-4,38996;-47,533757;SPRF-PA;DEL02-PA;UOP02-DEL02-PA
711305;12/08/2025;terça-feira;15:30:00;PA;163;37;NOVO PROGRESSO;Velocidade Incompatível;Tombamento;Com Vítimas Fatais;Pleno dia;Crescente;Céu Claro;Simples;"Curva;Aclive";Não;2;1;0;0;0;2;0;3;-9,25764833;-54,83357833;SPRF-MT;DEL06-MT;UOP03-DEL06-MT
711306;12/08/2025;terça-feira;15:50:00;BA;101;825;PRADO;Velocidade Incompatível;Tombamento;Sem Vítimas;Pleno dia;Decrescente;Chuva;Simples;Curva;Não;3;0;0;0;0;3;0;2;-17,14409;-39,567498;SPRF-BA;DEL09-BA;UOP02-DEL09-BA
711308;12/08/2025;terça-feira;19:40:00;PR;476;213;LAPA;Mal súbito do condutor;Colisão lateral sentido oposto;Com Vítimas Feridas;Plena Noite;Crescente;Nublado;Simples;Curva;Não;4;0;1;0;2;1;1;4;-25,78077007;-49,8778801;SPRF-PR;DEL01-PR;UOP06-DEL01-PR
711309;12/08/2025;terça-feira;19:00:00;BA;116;875;VITORIA DA CONQUISTA;Condutor Dormindo;Colisão lateral sentido oposto;Com Vítimas Fatais;Plena Noite;Crescente;Céu Claro;Simples;"Declive;Reta";Não;4;1;0;0;2;3;0;6;-15,251477;-41,11246;SPRF-BA;DEL08-BA;UOP03-DEL08-BA
711325;12/08/2025;terça-feira;23:30:00;MG;381;184,5;PERIQUITO;Ausência de reação do condutor;Saída de leito carroçável;Com Vítimas Feridas;Plena Noite;Crescente;Ignorado;Simples;"Declive;Curva";Não;1;0;1;0;0;0;1;1;-19,08341726;-42,18601796;SPRF-MG;DEL06-MG;UOP01-DEL06-MG
711329;13/08/2025;quarta-feira;04:15:00;RS;392;264,8;CACAPAVA DO SUL;Ausência de reação do condutor;Colisão traseira;Sem Vítimas;Plena Noite;Decrescente;Céu Claro;Simples;"Aclive;Curva";Não;3;0;0;0;2;1;0;3;-30,436503;-53,499055;SPRF-RS;DEL09-RS;UOP02-DEL09-RS
711330;13/08/2025;quarta-feira;03:55:00;RS;116;252;SAPUCAIA DO SUL;Condutor Dormindo;Colisão traseira;Com Vítimas Fatais;Plena Noite;Decrescente;Céu Claro;Múltipla;Reta;Sim;4;1;0;0;2;1;0;3;-29,79762501;-51,16500227;SPRF-RS;DEL01-RS;UOP02-DEL01-RS
711335;13/08/2025;quarta-feira;06:00:00;MG;262;361;BETIM;Manobra de mudança de faixa;Colisão com objeto;Com Vítimas Feridas;Amanhecer;Decrescente;Céu Claro;Dupla;"Reta;Aclive";Não;3;0;1;0;1;2;1;4;-19,9743168;-44,26700592;SPRF-MG;DEL01-MG;UOP03-DEL01-MG