id;data_inversa;dia_semana;horario;uf;br;km;municipio;causa_acidente;tipo_acidente;classificacao_acidente;fase_dia;sentido_via;condicao_metereologica;tipo_pista;tracado_via;uso_solo;pessoas;mortos;feridos_leves;feridos_graves;ilesos;ignorados;feridos;veiculos;latitude;longitude;regional;delegacia;uop
711339;13/08/2025;quarta-feira;02:30:00;BA;101;871;TEIXEIRA DE FREITAS;Demais falhas mecânicas ou elétricas;Incêndio;Sem Vítimas;Plena Noite;Decrescente;Garoa/Chuvisco;Simples;"Aclive;Reta";Não;2;0;0;0;1;1;0;2;-17,50459288;-39,70321655;SPRF-BA;DEL09-BA;UOP02-DEL09-BA
711341;13/08/2025;quarta-feira;06:10:00;SC;282;559,9;NOVA ITABERABA;Ausência de reação do condutor;Saída de leito carroçável;Com Vítimas Feridas;Amanhecer;Crescente;Nevoeiro/Neblina;Simples;Reta;Não;2;0;1;0;0;1;1;2;-26,92753799;-52,84557134;SPRF-SC;DEL07-SC;UOP01-DEL07-SC
711347;13/08/2025;quarta-feira;07:30:00;SE;101;62;ROSARIO DO CATETE;Ausência de reação do condutor;Colisão traseira;Com Vítimas Feridas;Pleno dia;Crescente;Céu Claro;Dupla;Reta;Não;2;0;1;0;1;0;1;2;-10,6882;-37,0383;SPRF-SE;DEL02-SE;UOP02-DEL02-SE
711349;13/08/2025;quarta-feira;08:10:00;MG;50;58;UBERLANDIA;Velocidade Incompatível;Colisão traseira;Com Vítimas Feridas;Pleno dia;Crescente;Céu Claro;Dupla;"Aclive;Reta";Não;5;0;0;1;3;4;1;7;-18,794946;-48,234861;SPRF-MG;DEL15-MG;UOP02-DEL15-MG
711352;13/08/2025;quarta-feira;06:30:00;MG;40;71;PARACATU;Condutor Dormindo;Colisão frontal;Com Vítimas Feridas;Pleno dia;Decrescente;Céu Claro;Simples;"Declive;Reta";Não;5;0;2;1;1;2;3;4;-17,407071;-46,722161;SPRF-MG;DEL14-MG;UOP01-DEL14-MG
711354;13/08/2025;quarta-feira;09:00:00;GO;60;92;ANAPOLIS;Acessar a via sem observar a presença dos outros veículos;Colisão transversal;Com Vítimas Feridas;Pleno dia;Decrescente;Céu Claro;Dupla;"Retorno Regulamentado;Curva";Sim;3;0;1;0;1;2;1;4;-16,3528158;-48,9156458;SPRF-GO;DEL02-GO;UOP01-DEL02-GO
711361;13/08/2025;quarta-feira;08:35:00;GO;153;234,6;HIDROLINA;Condutor Dormindo;Colisão lateral sentido oposto;Com Vítimas Feridas;Pleno dia;Crescente;Céu Claro;Simples;"Reta;Declive";Não;3;0;1;0;1;1;1;3;-14,75097929;-49,25445557;SPRF-GO;DEL07-GO;UOP02-DEL07-GO
711366;13/08/2025;quarta-feira;10:00:00;MG;381;728,2;CARMO DA CACHOEIRA;Ausência de reação do condutor;Tombamento;Com Vítimas Feridas;Pleno dia;Crescente;Céu Claro;Dupla;"Curva;Declive";Não;2;0;1;0;0;1;1;2;-21,490808;-45,20951;SPRF-MG;DEL04-MG;UOP02-DEL04-MG
711368;13/08/2025;quarta-feira;06:50:00;MG;40;615;CONGONHAS;Ausência de reação do condutor;Engavetamento;Com Vítimas Feridas;Pleno dia;Crescente;Céu Claro;Simples;"Reta;Aclive";Não;6;0;5;0;1;0;5;3;-20,54271726;-43,8208869;SPRF-MG;DEL05-MG;UOP02-DEL05-MG
711376;13/08/2025;quarta-feira;10:25:00;RS;116;254,8;ESTEIO;Reação tardia ou ineficiente do condutor;Colisão lateral mesmo sentido;Com Vítimas Feridas;Pleno dia;Crescente;Céu Claro;Múltipla;Reta;Sim;3;0;1;0;1;1;1;3;-29,830595;-51,173743;SPRF-RS;DEL01-RS;UOP02-DEL01-RS
711377;13/08/2025;quarta-feira;10:40:00;ES;101;148,6;LINHARES;Condutor desrespeitou a iluminação vermelha do semáforo;Colisão transversal;Sem Vítimas;Pleno dia;Decrescente;Céu Claro;Múltipla;"Reta;Interseção de Vias";Sim;3;0;0;0;2;1;0;3;-19,3946961;-40,06539161;SPRF-ES;DEL04-ES;UOP01-DEL04-ES
711379;13/08/2025;quarta-feira;11:00:00;SP;381;40;ATIBAIA;Trafegar com motocicleta (ou similar) entre as faixas;Colisão traseira;Com Vítimas Fatais;Pleno dia;Crescente;Céu Claro;Dupla;Reta;Não;3;1;0;0;2;0;0;3;-23,13019259;-46,57672618;SPRF-SP;DEL03-SP;UOP01-DEL03-SP
711380;13/08/2025;quarta-feira;10:30:00;RJ;356;147;CAMPOS DOS GOYTACAZES;Acesso irregular;Colisão transversal;Com Vítimas Feridas;Pleno dia;Crescente;Céu Claro;Dupla;Interseção de Vias;Sim;2;0;1;0;1;0;1;2;-21,786843;-41,298855;SPRF-RJ;DEL08-RJ;UOP02-DEL08-RJ
711381;13/08/2025;quarta-feira;02:30:00;PI;135;541;SAO GONCALO DO GURGUEIA;Reação tardia ou ineficiente do condutor;Tombamento;Com Vítimas Feridas;Amanhecer;Decrescente;Nublado;Simples;"Declive;Curva";Não;2;0;1;0;0;2;1;3;-10,054035;-45,28424;SPRF-PI;DEL03-PI;UOP02-DEL03-PI
711385;13/08/2025;quarta-feira;12:15:00;ES;101;204,8;JOAO NEIVA;Acessar a via sem observar a presença dos outros veículos;Colisão transversal;Com Vítimas Feridas;Pleno dia;Decrescente;Céu Claro;Simples;"Reta;Interseção de Vias";Sim;3;0;1;0;1;1;1;3;-19,76488109;-40,37321091;SPRF-ES;DEL02-ES;UOP01-DEL02-ES
711386;13/08/2025;quarta-feira;10:20:00;SC;158;119,8;CAIBI;Condutor deixou de manter distância do veículo da frente;Engavetamento;Com Vítimas Feridas;Pleno dia;Decrescente;Céu Claro;Simples;Reta;Não;3;0;1;0;2;0;1;3;-26,96585301;-53,21324319;SPRF-SC;DEL07-SC;UOP02-DEL07-SC
711387;13/08/2025;quarta-feira;12:20:00;SP;381;54,9;MAIRIPORA;Transitar no Acostamento;Colisão traseira;Com Vítimas Feridas;Pleno dia;Crescente;Céu Claro;Dupla;Curva;Não;3;0;1;0;1;1;1;3;-23,25279899;-46,59492865;SPRF-SP;DEL03-SP;UOP01-DEL03-SP
711388;13/08/2025;quarta-feira;12:15:00;GO;60;197,3;GUAPO;Ausência de reação do condutor;Colisão traseira;Com Vítimas Fatais;Pleno dia;Decrescente;Céu Claro;Dupla;"Reta;Aclive";Não;3;1;0;0;1;1;0;3;-16,866371;-49,607371;SPRF-GO;DEL01-GO;UOP02-DEL01-GO
711391;13/08/2025;quarta-feira;12:25:00;PR;369;504,2;CASCAVEL;Condutor Dormindo;Colisão frontal;Com Vítimas Feridas;Pleno dia;Decrescente;Sol;Simples;Reta;Sim;2;0;1;0;1;0;1;2;-24,931912;-53,394266;SPRF-PR;DEL04-PR;UOP01-DEL04-PR
711392;13/08/2025;quarta-feira;11:45:00;GO;153;575,8;PROFESSOR JAMIL;Reação tardia ou ineficiente do condutor;Colisão traseira;Sem Vítimas;Pleno dia;Crescente;Céu Claro;Dupla;Reta;Não;3;0;0;0;2;1;0;3;-17,341063;-49,24297;SPRF-GO;DEL03-GO;UOP01-DEL03-GO
711393;13/08/2025;quarta-feira;13:12:00;SC;101;119,6;ITAJAI;Condutor deixou de manter distância do veículo da frente;Colisão traseira;Com Vítimas Feridas;Pleno dia;Crescente;Céu Claro;Múltipla;Reta;Sim;3;0;1;0;2;0;1;2;-26,90217072;-48,71681213;SPRF-SC;DEL04-SC;UOP04-DEL04-SC
711394;13/08/2025;quarta-feira;08:30:00;BA;101;129;TEODORO SAMPAIO;Reação tardia ou ineficiente do condutor;Colisão traseira;Com Vítimas Feridas;Pleno dia;Crescente;Sol;Simples;Reta;Não;3;0;1;0;1;1;1;3;-12,20273655;-38,61113689;SPRF-BA;DEL01-BA;UOP04-DEL01-BA
711397;13/08/2025;quarta-feira;03:30:00;MT;163;998;TERRA NOVA DO NORTE;Reação tardia ou ineficiente do condutor;Colisão com objeto;Sem Vítimas;Plena Noite;Crescente;Céu Claro;Simples;Reta;Sim;1;0;0;0;0;1;0;1;-10,596421;-55,098708;SPRF-MT;DEL06-MT;UOP03-DEL06-MT
711398;13/08/2025;quarta-feira;14:20:00;ES;101;37,6;CONCEICAO DA BARRA;Acessar a via sem observar a presença dos outros veículos;Colisão transversal;Com Vítimas Feridas;Pleno dia;Crescente;Nublado;Simples;"Interseção de Vias;Rotatória";Sim;2;0;1;0;1;0;1;2;-18,4785749;-39,925121;SPRF-ES;DEL04-ES;UOP02-DEL04-ES
711402;13/08/2025;quarta-feira;13:00:00;AL;316;220;ATALAIA;Acessar a via sem observar a presença dos outros veículos;Colisão transversal;Com Vítimas Fatais;Pleno dia;Decrescente;Céu Claro;Simples;"Interseção de Vias;Reta";Não;4;1;1;1;1;0;2;2;-9,46675081;-36,18423913;SPRF-AL;DEL01-AL;UOP01-DEL01-AL
711404;13/08/2025;quarta-feira;13:00:00;SP;116;18,5;LAVRINHAS;Reação tardia ou ineficiente do condutor;Colisão traseira;Com Vítimas Feridas;Pleno dia;Crescente;Sol;Dupla;Reta;Não;3;0;1;0;1;1;1;3;-22,561248;-44,861876;SPRF-SP;DEL08-SP;UOP02-DEL08-SP
711405;13/08/2025;quarta-feira;11:00:00;SC;116;144;SANTA CECILIA;Velocidade Incompatível;Tombamento;Com Vítimas Feridas;Pleno dia;Decrescente;Céu Claro;Simples;Curva;Não;2;0;1;0;0;1;1;2;-27,02764695;-50,42341995;SPRF-SC;DEL06-SC;UOP02-DEL06-SC
711406;13/08/2025;quarta-feira;14:10:00;SP;381;86;SAO PAULO;Reação tardia ou ineficiente do condutor;Engavetamento;Com Vítimas Feridas;Pleno dia;Crescente;Céu Claro;Múltipla;Curva;Sim;7;0;1;0;5;1;1;7;-23,46653835;-46,57088399;SPRF-SP;DEL03-SP;UOP01-DEL03-SP
711407;13/08/2025;quarta-feira;14:10:00;MG;459;69,8;SENADOR JOSE BENTO;Velocidade Incompatível;Tombamento;Com Vítimas Feridas;Pleno dia;Crescente;Céu Claro;Simples;"Declive;Curva";Não;1;0;1;0;0;0;1;1;-22,13271636;-46,17712268;SPRF-MG;DEL09-MG;UOP01-DEL09-MG
711408;13/08/2025;quarta-feira;11:45:00;MT;163;662;LUCAS DO RIO VERDE;Condutor deixou de manter distância do veículo da frente;Colisão traseira;Com Vítimas Feridas;Pleno dia;Crescente;Céu Claro;Simples;Reta;Não;6;0;1;0;4;1;1;3;-13,28456167;-56,03108667;SPRF-MT;DEL06-MT;UOP01-DEL06-MT
711410;13/08/2025;quarta-feira;12:00:00;PE;316;249,8;BELEM DE SAO FRANCISCO;Curva acentuada;Capotamento;Com Vítimas Feridas;Pleno dia;Decrescente;Céu Claro;Simples;Curva;Não;2;0;1;0;0;1;1;2;-8,677183;-38,971858;SPRF-PE;DEL05-PE;UOP03-DEL05-PE
711419;13/08/2025;quarta-feira;15:15:00;PB;101;12,4;MAMANGUAPE;Reação tardia ou ineficiente do condutor;Colisão lateral mesmo sentido;Com Vítimas Feridas;Pleno dia;Decrescente;Céu Claro;Dupla;Declive;Não;7;0;3;0;3;2;3;4;-6,603156;-35,140707;SPRF-PB;DEL01-PB;UOP03-DEL01-PB
711420;13/08/2025;quarta-feira;15:59:00;MG;40;531;BELO HORIZONTE;Manobra de mudança de faixa;Colisão lateral mesmo sentido;Com Vítimas Feridas;Pleno dia;Crescente;Céu Claro;Dupla;"Aclive;Reta";Sim;2;0;1;0;1;0;1;2;-19,92587855;-44,01800036;SPRF-MG;DEL01-MG;UOP02-DEL01-MG
711424;13/08/2025;quarta-feira;13:40:00;GO;153;548;PIRACANJUBA;Condutor Dormindo;Colisão traseira;Com Vítimas Feridas;Pleno dia;Decrescente;Céu Claro;Dupla;Aclive;Não;3;0;1;0;1;1;1;3;-17,118938;-49,211585;SPRF-GO;DEL01-GO;UOP03-DEL01-GO
711427;13/08/2025;quarta-feira;12:50:00;SC;470;126;LONTRAS;Velocidade Incompatível;Tombamento;Com Vítimas Feridas;Pleno dia;Decrescente;Sol;Simples;Curva;Sim;2;0;1;0;0;1;1;2;-27,13186744;-49,53846741;SPRF-SC;DEL04-SC;UOP02-DEL04-SC
711432;13/08/2025;quarta-feira;16:30:00;ES;101;297,6;VIANA;Reação tardia ou ineficiente do condutor;Colisão traseira;Com Vítimas Feridas;Pleno dia;Crescente;Céu Claro;Dupla;Reta;Sim;2;0;1;0;1;0;1;2;-20,35064302;-40,41293621;SPRF-ES;DEL01-ES;UOP01-DEL01-ES
711433;13/08/2025;quarta-feira;16:30:00;GO;40;3;VALPARAISO DE GOIAS;Ausência de reação do condutor;Colisão traseira;Com Vítimas Feridas;Pleno dia;Decrescente;Céu Claro;Dupla;Reta;Sim;3;0;1;0;2;0;1;3;-16,081363;-47,986378;SPRF-DF;DEL01-DF;UOP01-DEL01-DF
711436;13/08/2025;quarta-feira;13:20:00;MG;262;624;IBIA;Reação tardia ou ineficiente do condutor;Colisão traseira;Com Vítimas Feridas;Pleno dia;Decrescente;Céu Claro;Simples;"Reta;Em Obras";Não;5;0;2;0;3;0;2;2;-19,58013874;-46,5237492;SPRF-MG;DEL08-MG;UOP02-DEL08-MG
711445;13/08/2025;quarta-feira;15:57:00;MS;267;361;MARACAJU;Condutor deixou de manter distância do veículo da frente;Colisão lateral mesmo sentido;Com Vítimas Feridas;Anoitecer;Decrescente;Céu Claro;Simples;Reta;Não;5;0;1;0;3;4;1;8;-21,64372131;-55,12572024;SPRF-MS;DEL02-MS;UOP02-DEL02-MS
711447;13/08/2025;quarta-feira;18:35:00;SC;101;201,8;SAO JOSE;Acessar a via sem observar a presença dos outros veículos;Colisão lateral mesmo sentido;Com Vítimas Feridas;Plena Noite;Decrescente;Céu Claro;Múltipla;Reta;Sim;4;0;0;1;2;1;1;4;-27,555743;-48,619313;SPRF-SC;DEL01-SC;UOP01-DEL01-SC
711456;13/08/2025;quarta-feira;18:25:00;RN;110;23,7;MOSSORO;Pedestre - Ingestão de álcool/ substâncias psicoativas;Atropelamento de Pedestre;Com Vítimas Fatais;Plena Noite;Crescente;Céu Claro;Simples;Reta;Sim;2;1;0;0;1;0;0;2;-5,080552;-37,180018;SPRF-RN;DEL04-RN;UOP01-DEL04-RN
711461;13/08/2025;quarta-feira;19:00:00;PR;476;169,8;CONTENDA;Reação tardia ou ineficiente do condutor;Saída de leito carroçável;Com Vítimas Feridas;Plena Noite;Decrescente;Céu Claro;Simples;"Reta;Aclive";Sim;2;0;1;0;1;0;1;2;-25,67170417;-49,50988627;SPRF-PR;DEL01-PR;UOP06-DEL01-PR
711463;13/08/2025;quarta-feira;19:20:00;GO;153;490;GOIANIA;Acessar a via sem observar a presença dos outros veículos;Colisão traseira;Com Vítimas Feridas;Plena Noite;Decrescente;Nublado;Dupla;Reta;Sim;4;0;0;1;2;2;1;4;-16,6110145;-49,2073465;SPRF-GO;DEL01-GO;UOP01-DEL01-GO
711466;13/08/2025;quarta-feira;18:50:00;MT;158;527;CANARANA;Demais falhas mecânicas ou elétricas;Incêndio;Sem Vítimas;Anoitecer;Crescente;Céu Claro;Simples;Reta;Não;2;0;0;0;1;3;0;4;-13,75439206;-52,04189301;SPRF-MT;DEL07-MT;UOP02-DEL07-MT
711470;13/08/2025;quarta-feira;18:15:00;MG;262;454;ARAUJOS;Ingestão de álcool pelo condutor;Colisão traseira;Com Vítimas Feridas;Anoitecer;Decrescente;Céu Claro;Simples;Ponte;Não;2;0;0;1;1;0;1;2;-19,81083102;-45,11050254;SPRF-MG;DEL08-MG;UOP03-DEL08-MG
711476;13/08/2025;quarta-feira;19:00:00;PE;101;119,6;IPOJUCA;Pista esburacada;Saída de leito carroçável;Com Vítimas Feridas;Plena Noite;Crescente;Nublado;Dupla;Reta;Não;1;0;1;0;0;0;1;1;-8,353087;-35,175603;SPRF-PE;DEL01-PE;UOP03-DEL01-PE
711477;13/08/2025;quarta-feira;21:00:00;BA;101;446;AURELINO LEAL;Ausência de reação do condutor;Colisão traseira;Com Vítimas Feridas;Plena Noite;Crescente;Nublado;Simples;"Reta;Ponte";Sim;5;0;1;0;1;3;1;4;-14,317237;-39,314285;SPRF-BA;DEL05-BA;UOP01-DEL05-BA
711484;13/08/2025;quarta-feira;18:20:00;MT;163;827;SINOP;Reação tardia ou ineficiente do condutor;Colisão lateral mesmo sentido;Com Vítimas Feridas;Plena Noite;Decrescente;Céu Claro;Dupla;"Reta;Retorno Regulamentado";Sim;4;0;1;0;1;4;1;6;-11,92268718;-55,51159235;SPRF-MT;DEL06-MT;UOP02-DEL06-MT
711489;13/08/2025;quarta-feira;07:25:00;PE;232;416;SERRA TALHADA;Reação tardia ou ineficiente do condutor;Saída de leito carroçável;Com Vítimas Feridas;Pleno dia;Decrescente;Céu Claro;Simples;Reta;Não;2;0;1;0;0;1;1;2;-7,99806275;-38,3816967;SPRF-PE;DEL04-PE;UOP01-DEL04-PE
711490;13/08/2025;quarta-feira;15:00:00;SC;116;159,2;SANTA CECILIA;Frear bruscamente;Colisão lateral mesmo sentido;Com Vítimas Feridas;Pleno dia;Crescente;Céu Claro;Simples;Reta;Não;4;0;3;0;1;0;3;2;-27,09599624;-50,45226842;SPRF-SC;DEL06-SC;UOP02-DEL06-SC
711495;13/08/2025;quarta-feira;21:10:00;PE;101;48,3;ABREU E LIMA;Acessar a via sem observar a presença dos outros veículos;Colisão lateral mesmo sentido;Com Vítimas Feridas;Plena Noite;Decrescente;Céu Claro;Dupla;Reta;Sim;4;0;1;1;1;1;2;3;-7,895347;-34,902742;SPRF-PE;DEL01-PE;UOP02-DEL01-PE
711498;13/08/2025;quarta-feira;19:00:00;MG;381;636,9;SANTO ANTONIO DO AMPARO;Demais falhas mecânicas ou elétricas;Incêndio;Sem Vítimas;Plena Noite;Crescente;Ignorado;Dupla;"Aclive;Curva";Não;2;0;0;0;1;1;0;2;-20,8745642;-44,8440712;SPRF-MG;DEL04-MG;UOP01-DEL04-MG
711500;13/08/2025;quarta-feira;23:30:00;SC;101;34;JOINVILLE;Reação tardia ou ineficiente do condutor;Colisão traseira;Com Vítimas Feridas;Plena Noite;Crescente;Céu Claro;Dupla;Reta;Não;2;0;0;1;1;0;1;2;-26,26252402;-48,90211757;SPRF-SC;DEL03-SC;UOP01-DEL03-SC
711510;14/08/2025;quinta-feira;01:00:00;PR;277;7;PARANAGUA;Condutor deixou de manter distância do veículo da frente;Colisão traseira;Com Vítimas Feridas;Plena Noite;Decrescente;Céu Claro;Dupla;Reta;Não;3;0;1;0;1;3;1;5;-25,5575162;-48,5713668;SPRF-PR;DEL01-PR;UOP05-DEL01-PR
711517;14/08/2025;quinta-feira;01:00:00;GO;452;15,1;RIO VERDE;Demais falhas mecânicas ou elétricas;Incêndio;Sem Vítimas;Plena Noite;Crescente;Céu Claro;Simples;Declive;Não;2;0;0;0;1;3;0;4;-17,849112;-50,775344;SPRF-GO;DEL04-GO;UOP01-DEL04-GO
711518;14/08/2025;quinta-feira;04:00:00;SC;101;405,3;ARARANGUA;Condutor Dormindo;Colisão traseira;Com Vítimas Feridas;Plena Noite;Decrescente;Céu Claro;Dupla;Reta;Não;3;0;1;0;1;1;1;3;-28,89409041;-49,46987852;SPRF-SC;DEL02-SC;UOP02-DEL02-SC
711523;13/08/2025;quarta-feira;09:00:00;MT;174;301;PONTES E LACERDA;Condutor deixou de manter distância do veículo da frente;Colisão traseira;Sem Vítimas;Pleno dia;Decrescente;Céu Claro;Simples;Reta;Não;5;0;0;0;4;1;0;3;-15,27118;-59,295235;SPRF-MT;DEL04-MT;UOP01-DEL04-MT
711531;13/08/2025;quarta-feira;15:45:00;AM;319;604;HUMAITA;Demais falhas mecânicas ou elétricas;Incêndio;Sem Vítimas;Pleno dia;Crescente;Céu Claro;Simples;Reta;Não;2;0;0;0;1;1;0;2;-7,112972;-63,113417;SPRF-AM;DEL01-AM;UOP04-DEL01-AM
711532;14/08/2025;quinta-feira;05:40:00;BA;110;20;PAULO AFONSO;Condutor Dormindo;Saída de leito carroçável;Com Vítimas Feridas;Pleno dia;Decrescente;Céu Claro;Simples;Reta;Não;2;0;1;1;0;0;2;1;-9,61633885;-38,22021962;SPRF-BA;DEL07-BA;UOP01-DEL07-BA
711534;14/08/2025;quinta-feira;07:20:00;RS;386;325;NOVA SANTA RITA;Acessar a via sem observar a presença dos outros veículos;Colisão transversal;Com Vítimas Feridas;Pleno dia;Crescente;Céu Claro;Simples;Rotatória;Sim;3;0;1;0;2;0;1;2;-29,84911;-51,2698252;SPRF-RS;DEL04-RS;UOP01-DEL04-RS
711535;14/08/2025;quinta-feira;01:15:00;MS;262;379;TERENOS;Ausência de reação do condutor;Saída de leito carroçável;Sem Vítimas;Plena Noite;Crescente;Céu Claro;Simples;Reta;Não;2;0;0;0;0;2;0;2;-20,467292;-54,841255;SPRF-MS;DEL01-MS;UOP03-DEL01-MS
711541;14/08/2025;quinta-feira;06:49:00;CE;116;89;CASCAVEL;Suicídio (presumido);Colisão frontal;Com Vítimas Fatais;Pleno dia;Decrescente;Céu Claro;Simples;Reta;Sim;3;1;0;0;2;0;0;3;-4,46739;-38,36409;SPRF-CE;DEL01-CE;UOP04-DEL01-CE
711545;14/08/2025;quinta-feira;01:30:00;RJ;116;329;ITATIAIA;Reação tardia ou ineficiente do condutor;Colisão traseira;Com Vítimas Feridas;Plena Noite;Crescente;Céu Claro;Dupla;Reta;Sim;3;0;1;0;1;1;1;3;-22,50440966;-44,61686254;SPRF-RJ;DEL07-RJ;UOP02-DEL07-RJ
711547;14/08/2025;quinta-feira;07:35:00;MG;262;348;BETIM;Ausência de reação do condutor;Engavetamento;Com Vítimas Feridas;Pleno dia;Decrescente;Céu Claro;Múltipla;Reta;Sim;4;0;1;0;3;0;1;3;-19,9856051;-44,2037384;SPRF-MG;DEL01-MG;UOP03-DEL01-MG
711549;13/08/2025;quarta-feira;04:30:00;BA;242;614;MUQUEM DE SAO FRANCISCO;Reação tardia ou ineficiente do condutor;Saída de leito carroçável;Com Vítimas Feridas;Amanhecer;Decrescente;Céu Claro;Simples;Reta;Não;2;0;0;1;0;3;1;4;-12,171995;-43,261249;SPRF-BA;DEL10-BA;UOP01-DEL10-BA
711557;14/08/2025;quinta-feira;08:10:00;PR;376;440,1;TIBAGI;Velocidade Incompatível;Tombamento;Com Vítimas Feridas;Pleno dia;Decrescente;Céu Claro;Dupla;"Curva;Declive";Não;2;0;0;1;0;1;1;2;-24,65394244;-50,61452573;SPRF-PR;DEL03-PR;UOP02-DEL03-PR
711561;14/08/2025;quinta-feira;08:30:00;BA;242;226,5;ITABERABA;Desrespeitar a preferência no cruzamento;Colisão transversal;Com Vítimas Feridas;Pleno dia;Crescente;Nublado;Simples;"Reta;Interseção de Vias";Não;3;0;1;0;1;1;1;3;-12,51870861;-40,28233264;SPRF-BA;DEL06-BA;UOP02-DEL06-BA
711570;14/08/2025;quinta-feira;08:30:00;RO;364;11;VILHENA;Conversão proibida;Colisão transversal;Com Vítimas Feridas;Pleno dia;Decrescente;Sol;Simples;Reta;Sim;3;0;0;1;1;3;1;5;-12,74418858;-60,11993408;SPRF-RO;DEL04-RO;UOP01-DEL04-RO
711572;14/08/2025;quinta-feira;10:40:00;RS;116;252;SAPUCAIA DO SUL;Reação tardia ou ineficiente do condutor;Colisão traseira;Sem Vítimas;Pleno dia;Decrescente;Céu Claro;Dupla;Reta;Sim;5;0;0;0;5;0;0;2;-29,80518471;-51,16625402;SPRF-RS;DEL01-RS;UOP02-DEL01-RS
711577;14/08/2025;quinta-feira;11:00:00;PA;230;118;MARABA;Demais falhas mecânicas ou elétricas;Colisão traseira;Sem Vítimas;Pleno dia;Decrescente;Céu Claro;Dupla;Interseção de Vias;Sim;4;0;0;0;4;0;0;4;-5,3503713;-49,1021807;SPRF-PA;DEL03-PA;UOP01-DEL03-PA
711578;14/08/2025;quinta-feira;11:05:00;GO;50;112;CRISTALINA;Carga excessiva e/ou mal acondicionada;Incêndio;Sem Vítimas;Pleno dia;Crescente;Céu Claro;Dupla;Reta;Não;2;0;0;0;1;2;0;3;-16,877653;-47,679435;SPRF-DF;DEL01-DF;UOP02-DEL01-DF
711579;14/08/2025;quinta-feira;11:55:00;PE;101;34;ITAPISSUMA;Acessar a via sem observar a presença dos outros veículos;Colisão lateral mesmo sentido;Com Vítimas Feridas;Pleno dia;Decrescente;Céu Claro;Dupla;Reta;Não;3;0;1;0;1;1;1;3;-7,771;-34,935;SPRF-PE;DEL01-PE;UOP02-DEL01-PE
711580;14/08/2025;quinta-feira;10:30:00;SP;116;69,4;APARECIDA;Demais falhas mecânicas ou elétricas;Colisão com objeto;Com Vítimas Feridas;Pleno dia;Crescente;Céu Claro;Dupla;Reta;Sim;2;0;0;1;1;0;1;2;-22,842453;-45,224467;SPRF-SP;DEL08-SP;UOP01-DEL08-SP
711581;14/08/2025;quinta-feira;10:30:00;PI;316;314;PICOS;Acessar a via sem observar a presença dos outros veículos;Colisão traseira;Com Vítimas Feridas;Pleno dia;Crescente;Céu Claro;Simples;Reta;Sim;4;0;0;2;1;1;2;3;-7,07938614;-41,4334023;SPRF-PI;DEL04-PI;UOP01-DEL04-PI
711583;14/08/2025;quinta-feira;10:00:00;MT;364;142;PEDRA PRETA;Manobra de mudança de faixa;Colisão traseira;Com Vítimas Feridas;Pleno dia;Decrescente;Céu Claro;Simples;"Curva;Declive";Não;4;0;1;0;2;4;1;7;-16,74208509;-54,26765442;SPRF-MT;DEL02-MT;UOP01-DEL02-MT
711584;14/08/2025;quinta-feira;11:15:00;MG;40;462;SETE LAGOAS;Condutor usando celular;Colisão lateral mesmo sentido;Com Vítimas Feridas;Pleno dia;Decrescente;Céu Claro;Dupla;"Aclive;Reta";Não;2;0;1;0;1;0;1;2;-19,41267;-44,33747;SPRF-MG;DEL02-MG;UOP01-DEL02-MG
711589;14/08/2025;quinta-feira;12:00:00;PR;376;550;BALSA NOVA;Ingestão de álcool pelo condutor;Tombamento;Com Vítimas Feridas;Pleno dia;Decrescente;Céu Claro;Simples;"Aclive;Curva";Não;2;0;1;0;0;3;1;4;-25,44420468;-49,74326134;SPRF-PR;DEL03-PR;UOP03-DEL03-PR
711607;14/08/2025;quinta-feira;13:00:00;RS;101;40;TRES FORQUILHAS;Ausência de reação do condutor;Colisão traseira;Com Vítimas Feridas;Pleno dia;Decrescente;Céu Claro;Dupla;Curva;Não;2;0;1;0;0;1;1;2;-29,5397626;-50,03121123;SPRF-RS;DEL03-RS;UOP02-DEL03-RS
711609;14/08/2025;quinta-feira;12:25:00;PR;376;261;CALIFORNIA;Reação tardia ou ineficiente do condutor;Tombamento;Com Vítimas Feridas;Pleno dia;Decrescente;Céu Claro;Dupla;"Curva;Aclive";Não;2;0;1;0;0;1;1;2;-23,70046842;-51,33457152;SPRF-PR;DEL07-PR;UOP03-DEL07-PR
711611;14/08/2025;quinta-feira;15:30:00;MG;40;784,1;JUIZ DE FORA;Demais falhas mecânicas ou elétricas;Incêndio;Sem Vítimas;Pleno dia;Crescente;Céu Claro;Dupla;Curva;Não;2;0;0;0;2;0;0;1;-21,594112;-43,4601984;SPRF-MG;DEL05-MG;UOP01-DEL05-MG
711615;14/08/2025;quinta-feira;15:34:00;TO;153;335;GUARAI;Ultrapassagem Indevida;Colisão transversal;Com Vítimas Feridas;Pleno dia;Decrescente;Céu Claro;Múltipla;"Interseção de Vias;Reta";Sim;3;0;2;0;0;1;2;2;-8,841655;-48,511433;SPRF-TO;DEL02-TO;UOP02-DEL02-TO