id;data_inversa;dia_semana;horario;uf;br;km;municipio;causa_acidente;tipo_acidente;classificacao_acidente;fase_dia;sentido_via;condicao_metereologica;tipo_pista;tracado_via;uso_solo;pessoas;mortos;feridos_leves;feridos_graves;ilesos;ignorados;feridos;veiculos;latitude;longitude;regional;delegacia;uop
711618;14/08/2025;quinta-feira;17:00:00;DF;60;1,3;BRASILIA;Condutor deixou de manter distância do veículo da frente;Colisão traseira;Com Vítimas Feridas;Pleno dia;Decrescente;Céu Claro;Dupla;Reta;Sim;3;0;1;0;1;1;1;3;-15,885444;-48,071485;SPRF-DF;DEL03-DF;UOP01-DEL03-DF
711628;14/08/2025;quinta-feira;17:50:00;SC;101;120;ITAJAI;Trafegar com motocicleta (ou similar) entre as faixas;Colisão traseira;Com Vítimas Feridas;Plena Noite;Decrescente;Nublado;Múltipla;Reta;Sim;2;0;1;0;1;0;1;2;-26,91590458;-48,71075609;SPRF-SC;DEL04-SC;UOP04-DEL04-SC
711630;14/08/2025;quinta-feira;17:00:00;RJ;116;143;DUQUE DE CAXIAS;Pedestre andava na pista;Atropelamento de Pedestre;Com Vítimas Feridas;Anoitecer;Decrescente;Céu Claro;Dupla;Reta;Sim;3;0;1;0;1;1;1;3;-22,650219;-43,23395;SPRF-RJ;DEL01-RJ;UOP02-DEL01-RJ
711634;14/08/2025;quinta-feira;18:00:00;PE;104;66,3;CARUARU;Condutor deixou de manter distância do veículo da frente;Colisão traseira;Com Vítimas Feridas;Plena Noite;Crescente;Céu Claro;Dupla;"Viaduto;Declive;Reta";Sim;3;0;2;0;1;0;2;2;-8,28912451;-35,98463265;SPRF-PE;DEL02-PE;UOP01-DEL02-PE
711642;14/08/2025;quinta-feira;18:50:00;MG;40;522;CONTAGEM;Condutor deixou de manter distância do veículo da frente;Colisão lateral mesmo sentido;Com Vítimas Feridas;Plena Noite;Decrescente;Céu Claro;Dupla;Reta;Sim;6;0;3;1;2;0;4;4;-19,866075;-44,064682;SPRF-MG;DEL01-MG;UOP02-DEL01-MG
711647;14/08/2025;quinta-feira;19:00:00;MG;262;781;UBERABA;Ultrapassagem Indevida;Colisão frontal;Com Vítimas Feridas;Plena Noite;Crescente;Céu Claro;Simples;"Aclive;Curva";Não;3;0;0;2;1;0;2;2;-19,7201367;-47,709895;SPRF-MG;DEL13-MG;UOP01-DEL13-MG
711657;14/08/2025;quinta-feira;19:26:00;PE;232;51;POMBOS;Ausência de reação do condutor;Tombamento;Sem Vítimas;Plena Noite;Crescente;Céu Claro;Dupla;Reta;Não;7;0;0;0;5;2;0;3;-8,13074;-35,35166;SPRF-PE;DEL02-PE;UOP02-DEL02PE
711667;14/08/2025;quinta-feira;17:30:00;MT;174;505;COMODORO;Ausência de reação do condutor;Saída de leito carroçável;Com Vítimas Feridas;Pleno dia;Crescente;Céu Claro;Simples;Reta;Não;2;0;1;0;0;3;1;4;-13,38549686;-59,86053944;SPRF-MT;DEL04-MT;UOP02-DEL04-MT
711669;14/08/2025;quinta-feira;21:30:00;SP;116;168,2;JACAREI;Ausência de reação do condutor;Colisão lateral mesmo sentido;Com Vítimas Feridas;Plena Noite;Crescente;Céu Claro;Dupla;Declive;Sim;4;0;0;1;2;2;1;4;-23,30534442;-46,03518248;SPRF-SP;DEL02-SP;UOP01-DEL02-SP
711671;14/08/2025;quinta-feira;15:12:00;MG;251;337,9;RUBELITA;Carga excessiva e/ou mal acondicionada;Tombamento;Sem Vítimas;Pleno dia;Crescente;Céu Claro;Simples;Curva;Não;1;0;0;0;1;0;0;1;-16,256227;-42,438896;SPRF-MG;DEL12-MG;UOP02-DEL12-MG
711672;14/08/2025;quinta-feira;19:15:00;PI;316;134;PASSAGEM FRANCA DO PIAUI;Ausência de reação do condutor;Colisão lateral sentido oposto;Com Vítimas Feridas;Plena Noite;Crescente;Céu Claro;Simples;Declive;Não;2;0;1;0;1;0;1;2;-6,04698;-42,277777;SPRF-PI;DEL04-PI;UOP02-DEL04-PI
711673;14/08/2025;quinta-feira;19:00:00;MT;163;77,1;RONDONOPOLIS;Deficiência do Sistema de Iluminação/Sinalização;Colisão traseira;Com Vítimas Feridas;Plena Noite;Decrescente;Céu Claro;Dupla;Reta;Não;4;0;0;1;2;1;1;4;-16,83682;-54,69982;SPRF-MT;DEL02-MT;UOP03-DEL02-MT
711684;14/08/2025;quinta-feira;21:15:00;BA;324;518;FEIRA DE SANTANA;Velocidade Incompatível;Tombamento;Sem Vítimas;Plena Noite;Decrescente;Céu Claro;Dupla;Viaduto;Não;2;0;0;0;0;2;0;2;-12,2719142;-38,9363086;SPRF-BA;DEL02-BA;UOP01-DEL02-BA
711694;14/08/2025;quinta-feira;18:40:00;RJ;393;174;TRES RIOS;Velocidade Incompatível;Tombamento;Com Vítimas Feridas;Amanhecer;Decrescente;Céu Claro;Simples;Reta;Não;2;0;0;1;1;0;1;1;-22,12600147;-43,2122812;SPRF-RJ;DEL05-RJ;UOP03-DEL05-RJ
711697;14/08/2025;quinta-feira;22:05:00;MG;381;525,1;BRUMADINHO;Velocidade Incompatível;Saída de leito carroçável;Com Vítimas Fatais;Plena Noite;Crescente;Céu Claro;Dupla;"Declive;Reta";Não;2;2;0;0;0;0;0;1;-20,14717306;-44,3239975;SPRF-MG;DEL04-MG;UOP03-DEL04-MG
711718;14/08/2025;quinta-feira;15:41:00;PA;163;404;ITAITUBA;Demais falhas mecânicas ou elétricas;Incêndio;Sem Vítimas;Pleno dia;Decrescente;Céu Claro;Simples;Reta;Não;2;0;0;0;1;2;0;3;-6,2616;-55,604;SPRF-PA;DEL05-PA;UOP03-DEL05-PA
711723;15/08/2025;sexta-feira;09:05:00;PR;116;113;CURITIBA;Reação tardia ou ineficiente do condutor;Saída de leito carroçável;Com Vítimas Feridas;Pleno dia;Decrescente;Nublado;Dupla;Reta;Não;3;0;2;0;0;1;2;2;-25,547327;-49,289672;SPRF-PR;DEL01-PR;UOP03-DEL01-PR
711732;08/08/2025;sexta-feira;09:00:00;MG;116;34,4;CACHOEIRA DE PAJEU;Ausência de reação do condutor;Colisão frontal;Com Vítimas Feridas;Pleno dia;Crescente;Céu Claro;Simples;Curva;Não;4;0;1;1;1;1;2;3;-15,936553;-41,399856;SPRF-MG;DEL11-MG;UOP02-DEL11-MG
711734;15/08/2025;sexta-feira;09:45:00;SC;282;610;MARAVILHA;Manobra de mudança de faixa;Colisão lateral mesmo sentido;Com Vítimas Feridas;Pleno dia;Decrescente;Céu Claro;Simples;Reta;Não;3;0;1;0;2;0;1;2;-26,75544874;-53,2317967;SPRF-SC;DEL07-SC;UOP02-DEL07-SC
711737;15/08/2025;sexta-feira;10:30:00;MG;50;61,3;UBERLANDIA;Transitar no Acostamento;Colisão traseira;Com Vítimas Fatais;Pleno dia;Crescente;Céu Claro;Dupla;Reta;Sim;4;1;0;0;2;2;0;5;-18,819986;-48,250037;SPRF-MG;DEL15-MG;UOP02-DEL15-MG
711738;15/08/2025;sexta-feira;09:06:00;MS;262;362;CAMPO GRANDE;Manobra de mudança de faixa;Colisão transversal;Sem Vítimas;Pleno dia;Crescente;Céu Claro;Simples;Reta;Não;4;0;0;0;4;0;0;2;-20,510901;-54,723264;SPRF-MS;DEL01-MS;UOP03-DEL01-MS
711739;15/08/2025;sexta-feira;09:35:00;RS;116;51;VACARIA;Condutor deixou de manter distância do veículo da frente;Colisão traseira;Com Vítimas Feridas;Pleno dia;Crescente;Céu Claro;Simples;"Aclive;Em Obras;Reta";Não;4;0;2;0;2;0;2;2;-28,57754986;-51,02089405;SPRF-RS;DEL05-RS;UOP03-DEL05-RS
711753;15/08/2025;sexta-feira;11:00:00;BA;101;341;TEOLANDIA;Condutor deixou de manter distância do veículo da frente;Queda de ocupante de veículo;Com Vítimas Fatais;Pleno dia;Crescente;Garoa/Chuvisco;Simples;Curva;Sim;3;1;0;0;0;2;0;3;-13,55900108;-39,46810442;SPRF-BA;DEL05-BA;UOP03-DEL05-BA
711754;15/08/2025;sexta-feira;11:05:00;MG;251;317;SALINAS;Acessar a via sem observar a presença dos outros veículos;Colisão transversal;Com Vítimas Feridas;Pleno dia;Crescente;Céu Claro;Simples;"Interseção de Vias;Curva";Não;3;0;1;0;1;1;1;3;-16,1644799;-42,3147361;SPRF-MG;DEL12-MG;UOP02-DEL12-MG
711755;15/08/2025;sexta-feira;11:15:00;BA;407;124;SENHOR DO BONFIM;Transitar na contramão;Colisão traseira;Com Vítimas Feridas;Pleno dia;Decrescente;Céu Claro;Simples;Reta;Não;3;0;2;0;1;0;2;2;-10,44608;-40,18563;SPRF-BA;DEL04-BA;UOP01-DEL04-BA
711778;23/07/2025;quarta-feira;06:10:00;PA;230;83;SAO JOAO DO ARAGUAIA;Ultrapassagem Indevida;Colisão frontal;Com Vítimas Fatais;Amanhecer;Crescente;Sol;Simples;Aclive;Não;10;5;0;3;0;3;3;5;-5,476286;-48,829161;SPRF-PA;DEL03-PA;UOP01-DEL03-PA
711780;15/08/2025;sexta-feira;13:55:00;RS;392;39,4;RIO GRANDE;Reação tardia ou ineficiente do condutor;Atropelamento de Pedestre;Com Vítimas Feridas;Pleno dia;Decrescente;Céu Claro;Dupla;Reta;Sim;2;0;1;0;1;0;1;2;-31,95386867;-52,30683306;SPRF-RS;DEL07-RS;UOP02-DEL07-RS
711781;15/08/2025;sexta-feira;14:25:00;SC;101;145;ITAPEMA;Reação tardia ou ineficiente do condutor;Colisão traseira;Com Vítimas Feridas;Pleno dia;Decrescente;Nublado;Dupla;"Aclive;Reta";Não;3;0;0;1;2;0;1;2;-27,08294;-48,60307;SPRF-SC;DEL04-SC;UOP03-DEL04-SC
711782;16/07/2025;quarta-feira;04:09:00;GO;153;2,7;PORANGATU;Transitar na contramão;Colisão frontal;Com Vítimas Fatais;Plena Noite;Crescente;Céu Claro;Simples;Reta;Não;69;5;2;10;51;1;12;4;-12,85966963;-49,10614014;SPRF-GO;DEL07-GO;UOP01-DEL07-GO
711785;15/08/2025;sexta-feira;12:30:00;SC;470;51;BLUMENAU;Suicídio (presumido);Atropelamento de Pedestre;Com Vítimas Feridas;Pleno dia;Decrescente;Nublado;Simples;"Viaduto;Reta";Sim;2;0;0;1;1;0;1;2;-26,86276813;-49,08504574;SPRF-SC;DEL04-SC;UOP01-DEL04-SC
711787;15/08/2025;sexta-feira;12:55:00;PR;277;592,7;CASCAVEL;Ingestão de álcool pelo condutor;Colisão lateral mesmo sentido;Sem Vítimas;Pleno dia;Crescente;Céu Claro;Simples;Aclive;Sim;3;0;0;0;1;2;0;3;-24,98128309;-53,47955821;SPRF-PR;DEL04-PR;UOP01-DEL04-PR
711790;15/08/2025;sexta-feira;10:50:00;SC;282;491,8;FAXINAL DOS GUEDES;Reação tardia ou ineficiente do condutor;Colisão traseira;Sem Vítimas;Pleno dia;Crescente;Céu Claro;Simples;Reta;Não;4;0;0;0;3;1;0;4;-26,87330803;-52,28901314;SPRF-SC;DEL07-SC;UOP01-DEL07-SC
711792;30/07/2025;quarta-feira;16:55:00;BA;116;931;ENCRUZILHADA;Reação tardia ou ineficiente do condutor;Colisão traseira;Com Vítimas Feridas;Pleno dia;Crescente;Céu Claro;Simples;Reta;Não;9;0;5;1;2;2;6;5;-15,681132;-41,322756;SPRF-BA;DEL08-BA;UOP03-DEL08-BA
711793;05/07/2025;sábado;20:00:00;DF;80;11;BRASILIA;Ingestão de álcool pelo condutor;Colisão transversal;Com Vítimas Feridas;Plena Noite;Crescente;Céu Claro;Simples;"Aclive;Reta";Não;4;0;2;0;2;0;2;2;-15,73091016;-48,18040252;SPRF-DF;DEL03-DF;UOP02-DEL03-DF
711795;04/08/2025;segunda-feira;07:00:00;PE;104;119;PANELAS;Ausência de reação do condutor;Colisão com objeto;Com Vítimas Fatais;Pleno dia;Decrescente;Chuva;Simples;"Reta;Declive";Não;2;1;0;0;0;3;0;4;-8,69362678;-36,02258205;SPRF-PE;DEL02-PE;UOP01-DEL02-PE
711796;15/08/2025;sexta-feira;09:20:00;SP;116;567;BARRA DO TURVO;Velocidade Incompatível;Engavetamento;Com Vítimas Feridas;Pleno dia;Crescente;Garoa/Chuvisco;Simples;Declive;Não;16;0;7;2;6;3;9;11;-25,05;-48,554;SPRF-SP;DEL05-SP;UOP02-DEL05-SP
711797;15/08/2025;sexta-feira;12:30:00;MT;364;272;JACIARA;Demais falhas mecânicas ou elétricas;Incêndio;Sem Vítimas;Pleno dia;Crescente;Céu Claro;Dupla;Rotatória;Sim;1;0;0;0;1;0;0;1;-15,9622793;-54,964385;SPRF-MT;DEL05-MT;UOP02-DEL05-MT
711802;23/05/2025;sexta-feira;17:50:00;MT;364;207,8;RONDONOPOLIS;Reação tardia ou ineficiente do condutor;Colisão lateral mesmo sentido;Com Vítimas Fatais;Plena Noite;Decrescente;Céu Claro;Dupla;Reta;Sim;4;1;0;0;1;4;0;6;-16,437204;-54,681445;SPRF-MT;DEL02-MT;UOP01-DEL02-MT
711804;15/08/2025;sexta-feira;15:55:00;ES;101;298,8;VIANA;Velocidade Incompatível;Saída de leito carroçável;Com Vítimas Fatais;Pleno dia;Decrescente;Céu Claro;Múltipla;"Aclive;Viaduto;Curva";Sim;3;1;0;0;0;2;0;3;-20,35825198;-40,42111443;SPRF-ES;DEL01-ES;UOP01-DEL01-ES
711806;15/08/2025;sexta-feira;08:03:00;RO;364;83,9;VILHENA;Condutor deixou de manter distância do veículo da frente;Colisão traseira;Com Vítimas Feridas;Pleno dia;Decrescente;Céu Claro;Simples;Aclive;Não;4;0;1;0;2;6;1;8;-12;-60;SPRF-RO;DEL04-RO;UOP01-DEL04-RO
711808;15/08/2025;sexta-feira;16:40:00;CE;116;57;PACAJUS;Condutor deixou de manter distância do veículo da frente;Colisão traseira;Com Vítimas Feridas;Pleno dia;Crescente;Céu Claro;Simples;Reta;Não;7;0;3;0;3;1;3;4;-4,2321305;-38,4793678;SPRF-CE;DEL01-CE;UOP04-DEL01-CE
711822;15/08/2025;sexta-feira;16:10:00;ES;101;289;CARIACICA;Objeto estático sobre o leito carroçável;Colisão com objeto;Com Vítimas Feridas;Pleno dia;Crescente;Céu Claro;Dupla;"Aclive;Reta";Sim;6;0;2;0;3;1;2;4;-20,281496;-40,393254;SPRF-ES;DEL01-ES;UOP01-DEL01-ES
711828;15/08/2025;sexta-feira;17:50:00;RS;392;58,6;RIO GRANDE;Condutor deixou de manter distância do veículo da frente;Colisão traseira;Com Vítimas Feridas;Anoitecer;Crescente;Céu Claro;Dupla;Reta;Não;3;0;0;1;2;0;1;2;-31,95491595;-52,30620325;SPRF-RS;DEL07-RS;UOP02-DEL07-RS
711835;10/07/2025;quinta-feira;14:40:00;MG;116;795;ALEM PARAIBA;Manobra de mudança de faixa;Colisão lateral mesmo sentido;Com Vítimas Feridas;Pleno dia;Decrescente;Céu Claro;Simples;Curva;Não;3;0;1;0;2;0;1;3;-21,74627;-42,729964;SPRF-MG;DEL07-MG;UOP01-DEL07-MG
711844;15/08/2025;sexta-feira;17:10:00;BA;116;490,9;RAFAEL JAMBEIRO;Ausência de reação do condutor;Colisão lateral mesmo sentido;Com Vítimas Feridas;Anoitecer;Crescente;Céu Claro;Dupla;Reta;Não;6;0;3;0;2;1;3;4;-12,5674;-39,4874;SPRF-BA;DEL02-BA;UOP01-DEL02-BA
711845;15/08/2025;sexta-feira;15:22:00;PE;232;275;SERTANIA;Transitar na contramão;Colisão transversal;Com Vítimas Fatais;Pleno dia;Decrescente;Céu Claro;Simples;Reta;Não;3;1;0;0;1;1;0;3;-8,37578729;-37,25691229;SPRF-PE;DEL04-PE;UOP02-DEL04-PE
711848;15/08/2025;sexta-feira;17:40:00;SC;280;179,1;MAFRA;Acessar a via sem observar a presença dos outros veículos;Colisão transversal;Com Vítimas Feridas;Anoitecer;Crescente;Nublado;Simples;Reta;Não;3;0;2;0;1;0;2;2;-26,17760559;-49,87962404;SPRF-SC;DEL06-SC;UOP01-DEL06-SC
711850;15/08/2025;sexta-feira;15:40:00;RO;364;70;VILHENA;Ultrapassagem Indevida;Colisão lateral sentido oposto;Com Vítimas Fatais;Pleno dia;Decrescente;Sol;Simples;Curva;Não;4;1;0;0;2;8;0;11;-12,465109;-60,499462;SPRF-RO;DEL04-RO;UOP01-DEL04-RO
711859;15/08/2025;sexta-feira;18:10:00;RJ;101;486;ANGRA DOS REIS;Ausência de reação do condutor;Colisão traseira;Com Vítimas Feridas;Plena Noite;Decrescente;Chuva;Dupla;Reta;Não;2;0;1;0;1;0;1;2;-23,00074778;-44,22786713;SPRF-RJ;DEL03-RJ;UOP03-DEL03-RJ
711865;15/08/2025;sexta-feira;18:30:00;CE;116;12;FORTALEZA;Acessar a via sem observar a presença dos outros veículos;Colisão transversal;Sem Vítimas;Plena Noite;Crescente;Céu Claro;Múltipla;Interseção de Vias;Sim;2;0;0;0;1;1;0;2;-3,85604912;-38,49627463;SPRF-CE;DEL01-CE;UOP02-DEL01-CE
711867;15/08/2025;sexta-feira;16:00:00;AL;101;234;OLHO DAGUA GRANDE;Velocidade Incompatível;Tombamento;Com Vítimas Feridas;Pleno dia;Crescente;Céu Claro;Dupla;Curva;Não;1;0;1;0;0;0;1;1;-10,117325;-36,769232;SPRF-AL;DEL02-AL;UOP02-DEL02-AL
711869;15/08/2025;sexta-feira;19:00:00;SC;282;490;FAXINAL DOS GUEDES;Ausência de reação do condutor;Colisão transversal;Com Vítimas Feridas;Plena Noite;Crescente;Céu Claro;Simples;Curva;Não;2;0;0;1;1;0;1;2;-26,8714431;-52,2758003;SPRF-SC;DEL07-SC;UOP01-DEL07-SC
711874;15/08/2025;sexta-feira;19:05:00;MG;116;702,6;MURIAE;Ultrapassagem Indevida;Tombamento;Sem Vítimas;Plena Noite;Decrescente;Nublado;Simples;Reta;Sim;3;0;0;0;1;2;0;3;-21,12552766;-42,38242149;SPRF-MG;DEL07-MG;UOP02-DEL07-MG
711880;15/08/2025;sexta-feira;11:50:00;BA;324;548;AMELIA RODRIGUES;Reação tardia ou ineficiente do condutor;Colisão traseira;Com Vítimas Feridas;Pleno dia;Crescente;Céu Claro;Dupla;Reta;Não;3;0;1;0;1;2;1;4;-12,435563;-38,727267;SPRF-BA;DEL01-BA;UOP03-DEL01-BA
711881;15/08/2025;sexta-feira;13:00:00;RO;364;810;PORTO VELHO;Demais falhas mecânicas ou elétricas;Incêndio;Sem Vítimas;Pleno dia;Decrescente;Céu Claro;Simples;Reta;Não;2;0;0;0;1;1;0;2;-9,26943841;-64,48459625;SPRF-RO;DEL01-RO;UOP02-DEL01-RO
711891;15/08/2025;sexta-feira;18:50:00;RS;386;8,1;IRAI;Transitar na contramão;Colisão frontal;Com Vítimas Fatais;Plena Noite;Crescente;Céu Claro;Simples;Reta;Não;4;1;0;0;3;0;0;3;-27,20155;-53,29259;SPRF-RS;DEL08-RS;UOP02-DEL08-RS
711902;15/08/2025;sexta-feira;23:30:00;RO;364;698;PORTO VELHO;Manobra de mudança de faixa;Colisão lateral mesmo sentido;Com Vítimas Feridas;Plena Noite;Crescente;Céu Claro;Dupla;Reta;Não;3;0;1;0;1;3;1;5;-8,8021426;-63,75398967;SPRF-RO;DEL01-RO;UOP01-DEL01-RO
711907;15/08/2025;sexta-feira;22:30:00;PR;376;36;NOVA LONDRINA;Condutor Dormindo;Colisão lateral sentido oposto;Com Vítimas Feridas;Plena Noite;Crescente;Céu Claro;Simples;Curva;Não;3;0;1;0;1;3;1;5;-22,80663;-53,0063;SPRF-PR;DEL09-PR;UOP02-DEL09-PR
711909;16/08/2025;sábado;00:05:00;MG;40;548,7;NOVA LIMA;Transitar na contramão;Colisão frontal;Com Vítimas Fatais;Plena Noite;Decrescente;Céu Claro;Dupla;"Curva;Declive";Não;3;1;0;0;1;1;0;3;-20,0387589;-43,9677079;SPRF-MG;DEL01-MG;UOP02-DEL01-MG
711915;16/08/2025;sábado;01:07:00;BA;324;513;FEIRA DE SANTANA;Conversão proibida;Colisão transversal;Com Vítimas Feridas;Plena Noite;Decrescente;Céu Claro;Simples;Interseção de Vias;Sim;2;0;0;1;1;0;1;2;-12,23206;-38,9522;SPRF-BA;DEL02-BA;UOP01-DEL02-BA
711917;15/08/2025;sexta-feira;23:25:00;MG;116;638,3;DIVINO;Velocidade Incompatível;Tombamento;Com Vítimas Feridas;Plena Noite;Decrescente;Nublado;Simples;"Curva;Declive";Não;1;0;0;1;0;0;1;1;-20,641;-42,24423;SPRF-MG;DEL07-MG;UOP02-DEL07-MG
711918;15/08/2025;sexta-feira;23:10:00;SC;282;382;HERVAL DOESTE;Velocidade Incompatível;Colisão traseira;Com Vítimas Feridas;Plena Noite;Crescente;Céu Claro;Simples;"Reta;Declive";Sim;4;0;2;0;1;1;2;3;-27,20052;-51,502093;SPRF-SC;DEL07-SC;UOP05-DEL07-SC
711925;16/08/2025;sábado;04:30:00;SC;101;196;BIGUACU;Ausência de reação do condutor;Colisão lateral mesmo sentido;Sem Vítimas;Plena Noite;Decrescente;Garoa/Chuvisco;Dupla;Reta;Sim;2;0;0;0;2;0;0;2;-27,50976748;-48,64449039;SPRF-SC;DEL01-SC;UOP01-DEL01-SC
711926;16/08/2025;sábado;02:20:00;SC;280;56,5;GUARAMIRIM;Transitar na contramão;Colisão frontal;Com Vítimas Feridas;Plena Noite;Decrescente;Chuva;Simples;Reta;Não;3;0;1;1;1;0;2;2;-26,479287;-49,009874;SPRF-SC;DEL03-SC;UOP03-DEL03-SC
711929;16/08/2025;sábado;04:00:00;MT;158;626;NOVA NAZARE;Acostamento em desnível;Saída de leito carroçável;Sem Vítimas;Amanhecer;Crescente;Céu Claro;Simples;Reta;Não;2;0;0;0;1;3;0;4;-14,5225683;-52,3017283;SPRF-MT;DEL07-MT;UOP02-DEL07-MT
711935;16/08/2025;sábado;05:30:00;SP;116;515;CAJATI;Reação tardia ou ineficiente do condutor;Saída de leito carroçável;Com Vítimas Feridas;Amanhecer;Decrescente;Garoa/Chuvisco;Simples;"Curva;Declive";Não;2;0;1;0;0;1;1;2;-24,864956;-48,211681;SPRF-SP;DEL05-SP;UOP02-DEL05-SP
711942;16/08/2025;sábado;00:10:00;MG;381;560,2;ITAGUARA;Demais falhas mecânicas ou elétricas;Incêndio;Sem Vítimas;Plena Noite;Decrescente;Céu Claro;Dupla;"Curva;Aclive";Não;2;0;0;0;1;1;0;2;-20,3640251;-44,46827738;SPRF-MG;DEL04-MG;UOP03-DEL04-MG
711953;21/05/2025;quarta-feira;07:30:00;TO;10;475;PALMAS;Condutor deixou de manter distância do veículo da frente;Colisão traseira;Com Vítimas Feridas;Pleno dia;Crescente;Céu Claro;Simples;"Reta;Declive";Não;4;0;1;0;2;2;1;4;-10,23566424;-48,21935749;SPRF-TO;DEL01-TO;UOP03-DEL01-TO
711955;16/08/2025;sábado;07:04:00;CE;116;23;AQUIRAZ;Manobra de mudança de faixa;Colisão lateral mesmo sentido;Sem Vítimas;Pleno dia;Decrescente;Nublado;Dupla;"Declive;Retorno Regulamentado;Reta";Sim;2;0;0;0;2;0;0;2;-3,951703;-38,512208;SPRF-CE;DEL01-CE;UOP02-DEL01-CE
711956;16/08/2025;sábado;08:25:00;SP;153;59;SAO JOSE DO RIO PRETO;Manobra de mudança de faixa;Colisão lateral mesmo sentido;Com Vítimas Feridas;Pleno dia;Crescente;Céu Claro;Dupla;Reta;Sim;3;0;1;0;1;1;1;3;-20,784116;-49,353747;SPRF-SP;DEL09-SP;UOP01-DEL09-SP
711960;16/08/2025;sábado;03:19:00;PI;343;300;ALTOS;Problema com o freio;Tombamento;Com Vítimas Feridas;Plena Noite;Crescente;Chuva;Simples;Curva;Não;2;0;1;0;1;0;1;1;-4,99533;-42,4072;SPRF-PI;DEL01-PI;UOP03-DEL01-PI
711961;15/08/2025;sexta-feira;18:00:00;RO;364;384;OURO PRETO DO OESTE;Acessar a via sem observar a presença dos outros veículos;Colisão lateral mesmo sentido;Com Vítimas Feridas;Pleno dia;Crescente;Céu Claro;Simples;"Interseção de Vias;Reta";Sim;3;0;0;1;2;0;1;2;-10,713779;-62,251734;SPRF-RO;DEL02-RO;UOP01-DEL02-RO
711971;16/08/2025;sábado;08:15:00;SC;470;22,1;ILHOTA;Ausência de reação do condutor;Tombamento;Com Vítimas Feridas;Pleno dia;Decrescente;Nublado;Simples;Curva;Não;2;0;1;0;0;1;1;2;-26,88082601;-48,83922514;SPRF-SC;DEL04-SC;UOP04-DEL04-SC
711973;16/08/2025;sábado;00:50:00;BA;116;584;NOVA ITARANA;Ultrapassagem Indevida;Colisão lateral mesmo sentido;Sem Vítimas;Plena Noite;Decrescente;Nublado;Simples;Curva;Não;6;0;0;0;5;2;0;4;-13,1209;-39,99181;SPRF-BA;DEL03-BA;UOP02-DEL03-BA
711988;16/08/2025;sábado;11:20:00;PB;101;113;ALHANDRA;Reação tardia ou ineficiente do condutor;Colisão traseira;Com Vítimas Feridas;Pleno dia;Decrescente;Chuva;Dupla;Aclive;Não;6;0;1;0;5;0;1;3;-7,379757;-34,95682;SPRF-PB;DEL01-PB;UOP01-DEL01-PB
711991;16/08/2025;sábado;11:35:00;PR;476;198,7;LAPA;Transitar na contramão;Colisão lateral sentido oposto;Com Vítimas Fatais;Pleno dia;Decrescente;Céu Claro;Múltipla;Curva;Não;3;1;1;0;1;0;1;2;-25,7704349;-49,7425867;SPRF-PR;DEL01-PR;UOP06-DEL01-PR
711992;16/08/2025;sábado;11:19:00;RN;110;45;MOSSORO;Ingestão de álcool pelo condutor;Colisão traseira;Sem Vítimas;Pleno dia;Decrescente;Céu Claro;Simples;"Interseção de Vias;Reta";Sim;2;0;0;0;2;0;0;2;-5,19366;-37,31254;SPRF-RN;DEL04-RN;UOP01-DEL04-RN
711997;16/08/2025;sábado;12:30:00;SE;235;5,5;NOSSA SENHORA DO SOCORRO;Reação tardia ou ineficiente do condutor;Colisão lateral mesmo sentido;Com Vítimas Feridas;Pleno dia;Decrescente;Céu Claro;Dupla;Reta;Sim;3;0;0;1;1;2;1;4;-10,90438914;-37,1269211;SPRF-SE;DEL01-SE;UOP01-DEL01-SE
711999;16/08/2025;sábado;10:50:00;RN;304;39,8;MOSSORO;Transitar no Acostamento;Colisão traseira;Sem Vítimas;Pleno dia;Crescente;Céu Claro;Dupla;"Curva;Viaduto";Sim;3;0;0;0;2;1;0;3;-5,194819;-37,378407;SPRF-RN;DEL04-RN;UOP02-DEL04-RN
712001;31/05/2025;sábado;15:50:00;PA;163;314;NOVO PROGRESSO;Ausência de reação do condutor;Colisão lateral sentido oposto;Sem Vítimas;Pleno dia;Crescente;Céu Claro;Simples;Reta;Não;3;0;0;0;0;5;0;5;-7,02957659;-55,41895509;SPRF-PA;DEL05-PA;UOP03-DEL05-PA
712004;16/08/2025;sábado;12:30:00;RJ;116;271;BARRA MANSA;Manobra de mudança de faixa;Colisão lateral mesmo sentido;Com Vítimas Feridas;Pleno dia;Crescente;Céu Claro;Múltipla;"Aclive;Reta";Sim;5;0;0;1;1;3;1;4;-22,5588752;-44,1262821;SPRF-RJ;DEL07-RJ;UOP02-DEL07-RJ
712013;16/08/2025;sábado;13:48:00;BA;242;851;BARREIRAS;Reação tardia ou ineficiente do condutor;Colisão lateral mesmo sentido;Com Vítimas Feridas;Pleno dia;Crescente;Céu Claro;Simples;Reta;Não;6;0;4;0;1;1;4;3;-12,081053;-45,477813;SPRF-BA;DEL10-BA;UOP01-DEL10-BA
712019;16/08/2025;sábado;14:11:00;MG;381;485;BETIM;Manobra de mudança de faixa;Colisão lateral mesmo sentido;Com Vítimas Feridas;Pleno dia;Crescente;Céu Claro;Dupla;"Curva;Aclive";Sim;6;0;1;0;5;0;1;4;-19,95554486;-44,09661625;SPRF-MG;DEL01-MG;UOP03-DEL01-MG
712028;16/08/2025;sábado;15:45:00;PR;116;129;FAZENDA RIO GRANDE;Reação tardia ou ineficiente do condutor;Colisão traseira;Sem Vítimas;Pleno dia;Crescente;Céu Claro;Dupla;"Declive;Reta";Sim;6;0;0;0;5;1;0;3;-25,69505994;-49,28964615;SPRF-PR;DEL01-PR;UOP03-DEL01-PR