id;data_inversa;dia_semana;horario;uf;br;km;municipio;causa_acidente;tipo_acidente;classificacao_acidente;fase_dia;sentido_via;condicao_metereologica;tipo_pista;tracado_via;uso_solo;pessoas;mortos;feridos_leves;feridos_graves;ilesos;ignorados;feridos;veiculos;latitude;longitude;regional;delegacia;uop
712478;18/08/2025;segunda-feira;16:05:00;PE;408;85,6;SAO LOURENCO DA MATA;Ausência de reação do condutor;Colisão lateral mesmo sentido;Com Vítimas Feridas;Pleno dia;Decrescente;Céu Claro;Dupla;"Aclive;Viaduto";Não;7;0;4;0;2;1;4;6;-8,00284;-35,0511;SPRF-PE;DEL01-PE;UOP01-DEL01-PE
712480;18/08/2025;segunda-feira;13:00:00;PI;402;72;LUIS CORREIA;Acostamento em desnível;Tombamento;Com Vítimas Feridas;Pleno dia;Decrescente;Céu Claro;Simples;Reta;Não;1;0;1;0;0;0;1;1;-3,05463942;-41,61140442;SPRF-PI;DEL05-PI;UOP01-DEL05-PI
712482;18/08/2025;segunda-feira;16:30:00;SE;101;10;CEDRO DE SAO JOAO;Mal súbito do condutor;Saída de leito carroçável;Com Vítimas Feridas;Pleno dia;Decrescente;Céu Claro;Dupla;Reta;Não;2;0;1;0;0;1;1;2;-10,282958;-36,876005;SPRF-SE;DEL02-SE;UOP02-DEL02-SE
712488;18/08/2025;segunda-feira;17:00:00;MG;40;765,9;JUIZ DE FORA;Velocidade Incompatível;Colisão traseira;Com Vítimas Feridas;Pleno dia;Crescente;Céu Claro;Simples;Reta;Não;2;0;1;0;1;0;1;2;-21,58880829;-43,45873833;SPRF-MG;DEL05-MG;UOP01-DEL05-MG
712492;18/08/2025;segunda-feira;16:50:00;MG;381;386;BOM JESUS DO AMPARO;Condutor usando celular;Colisão traseira;Com Vítimas Feridas;Pleno dia;Crescente;Céu Claro;Simples;Reta;Não;3;0;1;0;1;1;1;3;-19,78164592;-43,43631506;SPRF-MG;DEL01-MG;UOP01-DEL01-MG
712496;18/08/2025;segunda-feira;17:00:00;SC;101;334,9;TUBARAO;Ultrapassagem Indevida;Colisão lateral mesmo sentido;Com Vítimas Feridas;Pleno dia;Crescente;Céu Claro;Simples;Interseção de Vias;Sim;2;0;1;0;1;0;1;2;-28,47621558;-49,03000228;SPRF-SC;DEL02-SC;UOP01-DEL02-SC
712498;18/08/2025;segunda-feira;17:40:00;PR;116;115;CURITIBA;Reação tardia ou ineficiente do condutor;Colisão traseira;Sem Vítimas;Anoitecer;Decrescente;Céu Claro;Múltipla;Reta;Sim;2;0;0;0;1;1;0;2;-25,549657;-49,304288;SPRF-PR;DEL01-PR;UOP03-DEL01-PR
712503;18/08/2025;segunda-feira;17:10:00;SC;101;324;PESCARIA BRAVA;Condutor deixou de manter distância do veículo da frente;Colisão lateral mesmo sentido;Com Vítimas Feridas;Pleno dia;Decrescente;Nublado;Dupla;Reta;Sim;5;0;3;0;1;1;3;3;-28,42623757;-48,90511259;SPRF-SC;DEL02-SC;UOP01-DEL02-SC
712509;18/08/2025;segunda-feira;16:43:00;MT;70;523;VARZEA GRANDE;Acessar a via sem observar a presença dos outros veículos;Colisão lateral mesmo sentido;Sem Vítimas;Anoitecer;Crescente;Céu Claro;Simples;Reta;Sim;4;0;0;0;1;4;0;4;-15,655843;-56,190295;SPRF-MT;DEL01-MT;UOP02-DEL01-MT
712526;18/08/2025;segunda-feira;19:10:00;PR;376;2,9;MARINGA;Demais falhas mecânicas ou elétricas;Incêndio;Sem Vítimas;Plena Noite;Decrescente;Céu Claro;Dupla;"Aclive;Reta";Sim;2;0;0;0;1;2;0;3;-23,39013159;-51,96949482;SPRF-PR;DEL09-PR;UOP01-DEL09-PR
712528;18/08/2025;segunda-feira;19:30:00;PR;376;605;CURITIBA;Entrada inopinada do pedestre;Atropelamento de Pedestre;Com Vítimas Fatais;Plena Noite;Decrescente;Nublado;Dupla;"Declive;Reta";Sim;4;1;0;0;2;1;0;3;-25,5387898;-49,3125935;SPRF-PR;DEL01-PR;UOP03-DEL01-PR
712531;18/08/2025;segunda-feira;18:35:00;MT;163;788;VERA;Reação tardia ou ineficiente do condutor;Colisão traseira;Com Vítimas Fatais;Anoitecer;Crescente;Céu Claro;Simples;"Aclive;Em Obras;Reta";Não;3;1;0;0;1;1;0;3;-12,27487867;-55,55813344;SPRF-MT;DEL06-MT;UOP02-DEL06-MT
712532;18/08/2025;segunda-feira;16:45:00;SC;470;183;POUSO REDONDO;Reação tardia ou ineficiente do condutor;Saída de leito carroçável;Com Vítimas Feridas;Pleno dia;Decrescente;Nublado;Simples;"Aclive;Reta";Não;1;0;1;0;0;0;1;1;-27,251783;-50,019687;SPRF-SC;DEL04-SC;UOP02-DEL04-SC
712533;18/08/2025;segunda-feira;17:40:00;PA;222;18;DOM ELISEU;Acessar a via sem observar a presença dos outros veículos;Colisão transversal;Com Vítimas Feridas;Pleno dia;Crescente;Céu Claro;Simples;Reta;Sim;2;0;0;1;1;0;1;2;-4,293337;-47,558108;SPRF-PA;DEL02-PA;UOP02-DEL02-PA
712534;18/08/2025;segunda-feira;16:00:00;RJ;101;228;SILVA JARDIM;Ausência de reação do condutor;Tombamento;Com Vítimas Feridas;Pleno dia;Crescente;Céu Claro;Dupla;Curva;Não;2;0;1;0;0;1;1;2;-22,563744;-42,360981;SPRF-RJ;DEL02-RJ;UOP03-DEL02-RJ
712537;18/08/2025;segunda-feira;20:13:00;SC;101;227,3;PALHOCA;Acessar a via sem observar a presença dos outros veículos;Colisão traseira;Com Vítimas Fatais;Plena Noite;Decrescente;Céu Claro;Dupla;"Aclive;Reta";Não;4;1;0;0;2;1;0;4;-27,7523008;-48,63387823;SPRF-SC;DEL01-SC;UOP02-DEL01-SC
712547;18/08/2025;segunda-feira;20:50:00;PR;163;352;GUAIRA;Condutor deixou de manter distância do veículo da frente;Colisão traseira;Com Vítimas Feridas;Plena Noite;Decrescente;Ignorado;Simples;"Ponte;Reta";Não;5;0;2;0;3;0;2;2;-24,06263642;-54,2549074;SPRF-PR;DEL06-PR;UOP01-DEL06-PR
712549;18/08/2025;segunda-feira;20:10:00;PR;153;105;JAPIRA;Acessar a via sem observar a presença dos outros veículos;Colisão transversal;Com Vítimas Feridas;Plena Noite;Decrescente;Céu Claro;Dupla;"Reta;Interseção de Vias";Não;3;0;1;0;1;1;1;3;-23,8137778;-50,17879693;SPRF-PR;DEL07-PR;UOP04-DEL07-PR
712550;18/08/2025;segunda-feira;21:10:00;PB;230;509;CAJAZEIRAS;Ausência de reação do condutor;Saída de leito carroçável;Com Vítimas Feridas;Plena Noite;Crescente;Céu Claro;Simples;Curva;Não;1;0;0;1;0;0;1;1;-6,8912583;-38,584595;SPRF-PB;DEL03-PB;UOP03-DEL03-PB
712551;18/08/2025;segunda-feira;20:00:00;MG;40;527,8;CONTAGEM;Condutor deixou de manter distância do veículo da frente;Colisão traseira;Com Vítimas Feridas;Plena Noite;Crescente;Céu Claro;Múltipla;Reta;Sim;2;0;0;1;1;0;1;2;-19,908564;-44,045195;SPRF-MG;DEL01-MG;UOP02-DEL01-MG
712554;18/08/2025;segunda-feira;21:00:00;SP;116;72,5;APARECIDA;Iluminação deficiente;Colisão lateral mesmo sentido;Com Vítimas Feridas;Plena Noite;Decrescente;Nublado;Dupla;Reta;Não;2;0;0;1;0;1;1;2;-22,86492562;-45,23902774;SPRF-SP;DEL08-SP;UOP01-DEL08-SP
712563;18/08/2025;segunda-feira;18:20:00;MG;262;433,5;NOVA SERRANA;Objeto estático sobre o leito carroçável;Colisão lateral mesmo sentido;Com Vítimas Feridas;Anoitecer;Decrescente;Céu Claro;Dupla;Reta;Não;3;0;1;0;1;1;1;3;-19,88148563;-44,93269086;SPRF-MG;DEL08-MG;UOP03-DEL08-MG
712564;18/08/2025;segunda-feira;21:00:00;MG;262;509,5;LUZ;Condutor Dormindo;Tombamento;Sem Vítimas;Plena Noite;Decrescente;Céu Claro;Simples;Reta;Não;2;0;0;0;1;3;0;4;-19,78461508;-45,64911045;SPRF-MG;DEL08-MG;UOP03-DEL08-MG
712565;18/08/2025;segunda-feira;22:30:00;SP;116;210;GUARULHOS;Manobra de mudança de faixa;Colisão lateral mesmo sentido;Com Vítimas Feridas;Plena Noite;Decrescente;Nublado;Múltipla;Declive;Sim;4;0;1;0;2;1;1;3;-23,42728422;-46,40740721;SPRF-SP;DEL01-SP;UOP01-DEL01-SP
712566;17/08/2025;domingo;23:10:00;MG;381;493,5;BETIM;Suicídio (presumido);Atropelamento de Pedestre;Com Vítimas Feridas;Plena Noite;Crescente;Céu Claro;Múltipla;Reta;Sim;3;0;0;1;1;1;1;3;-19,9645018;-44,173521;SPRF-MG;DEL01-MG;UOP03-DEL01-MG
712567;18/08/2025;segunda-feira;21:30:00;PR;277;266;IRATI;Transitar na contramão;Colisão lateral sentido oposto;Com Vítimas Feridas;Plena Noite;Crescente;Céu Claro;Simples;Curva;Não;6;0;1;0;4;7;1;12;-25,397794;-50,803865;SPRF-PR;DEL08-PR;UOP02-DEL08-PR
712572;18/08/2025;segunda-feira;23:30:00;ES;262;83,4;DOMINGOS MARTINS;Chuva;Colisão frontal;Com Vítimas Feridas;Plena Noite;Crescente;Chuva;Simples;Curva;Não;2;0;1;0;1;0;1;2;-20,40638235;-40,96955359;SPRF-ES;DEL01-ES;UOP02-DEL01-ES
712573;18/08/2025;segunda-feira;23:00:00;AL;316;241;ATALAIA;Curva acentuada;Colisão frontal;Com Vítimas Feridas;Plena Noite;Decrescente;Chuva;Simples;Curva;Não;4;0;4;0;0;0;4;2;-9,50681846;-36,03201739;SPRF-AL;DEL01-AL;UOP01-DEL01-AL
712575;18/08/2025;segunda-feira;23:00:00;SP;116;149,5;SAO JOSE DOS CAMPOS;Ausência de reação do condutor;Colisão traseira;Com Vítimas Feridas;Plena Noite;Decrescente;Céu Claro;Dupla;"Aclive;Em Obras;Reta";Sim;3;0;1;0;1;2;1;4;-23,20913178;-45,88828033;SPRF-SP;DEL02-SP;UOP01-DEL02-SP
712580;19/08/2025;terça-feira;02:30:00;SC;101;130,8;CAMBORIU;Suicídio (presumido);Atropelamento de Pedestre;Com Vítimas Fatais;Plena Noite;Crescente;Céu Claro;Múltipla;Reta;Não;3;1;0;0;1;2;0;4;-26,9889437;-48,6644493;SPRF-SC;DEL04-SC;UOP03-DEL04-SC
712582;19/08/2025;terça-feira;04:00:00;RJ;101;251;SILVA JARDIM;Entrada inopinada do pedestre;Atropelamento de Pedestre;Com Vítimas Feridas;Plena Noite;Crescente;Céu Claro;Dupla;Reta;Não;2;0;1;0;1;0;1;2;-22,674578;-42,515508;SPRF-RJ;DEL02-RJ;UOP03-DEL02-RJ
712586;19/08/2025;terça-feira;07:00:00;SP;381;88;GUARULHOS;Ausência de reação do condutor;Colisão lateral mesmo sentido;Com Vítimas Feridas;Pleno dia;Crescente;Céu Claro;Múltipla;Reta;Sim;4;0;2;0;2;0;2;3;-23,47693362;-46,56025305;SPRF-SP;DEL03-SP;UOP01-DEL03-SP
712587;19/08/2025;terça-feira;06:18:00;RN;101;104;PARNAMIRIM;Ausência de reação do condutor;Saída de leito carroçável;Com Vítimas Feridas;Pleno dia;Decrescente;Céu Claro;Dupla;Reta;Sim;2;0;0;1;1;0;1;1;-5,89801;-35,25858;SPRF-RN;DEL01-RN;UOP01-DEL01-RN
712598;11/07/2025;sexta-feira;03:40:00;MG;40;603,5;CONGONHAS;Velocidade Incompatível;Tombamento;Com Vítimas Fatais;Plena Noite;Crescente;Céu Claro;Simples;"Declive;Curva";Não;2;1;0;0;0;3;0;4;-20,4768335;-43,8424124;SPRF-MG;DEL05-MG;UOP02-DEL05-MG
712608;19/08/2025;terça-feira;08:20:00;PI;230;307,7;FLORIANO;Ausência de reação do condutor;Engavetamento;Sem Vítimas;Pleno dia;Decrescente;Sol;Simples;"Aclive;Reta";Sim;6;0;0;0;6;0;0;4;-6,78316;-42,998956;SPRF-PI;DEL03-PI;UOP01-DEL03-PI
712612;18/08/2025;segunda-feira;17:00:00;PA;163;564;TRAIRAO;Pista esburacada;Tombamento;Sem Vítimas;Pleno dia;Crescente;Céu Claro;Simples;"Aclive;Reta";Não;2;0;0;0;1;2;0;3;-5,09555556;-56,13833333;SPRF-PA;DEL05-PA;UOP03-DEL05-PA
712613;18/08/2025;segunda-feira;23:00:00;MA;222;127;VARGEM GRANDE;Manobra de mudança de faixa;Colisão lateral sentido oposto;Com Vítimas Feridas;Plena Noite;Crescente;Céu Claro;Simples;Declive;Não;1;0;1;0;0;0;1;1;-3,60346;-43,74159;SPRF-MA;DEL01-MA;UOP02-DEL01-MA
712614;19/08/2025;terça-feira;08:53:00;MG;262;407,5;IGARATINGA;Acessar a via sem observar a presença dos outros veículos;Colisão traseira;Com Vítimas Feridas;Pleno dia;Decrescente;Sol;Dupla;Retorno Regulamentado;Sim;2;0;0;1;1;0;1;2;-19,896556;-44,70096239;SPRF-MG;DEL01-MG;UOP03-DEL01-MG
712623;19/08/2025;terça-feira;06:50:00;MG;116;475;MATHIAS LOBATO;Acessar a via sem observar a presença dos outros veículos;Atropelamento de Pedestre;Com Vítimas Fatais;Amanhecer;Decrescente;Céu Claro;Simples;Curva;Não;5;1;0;0;1;3;0;3;-18,57481;-41,915026;SPRF-MG;DEL06-MG;UOP02-DEL06-MG
712624;19/08/2025;terça-feira;09:10:00;GO;60;384;RIO VERDE;Objeto estático sobre o leito carroçável;Colisão com objeto;Com Vítimas Feridas;Pleno dia;Decrescente;Sol;Múltipla;"Aclive;Reta";Sim;3;0;0;1;2;0;1;2;-17,803962;-50,921412;SPRF-GO;DEL04-GO;UOP02-DEL04-GO
712627;19/08/2025;terça-feira;06:25:00;RS;285;571;SAO LUIZ GONZAGA;Acessar a via sem observar a presença dos outros veículos;Colisão transversal;Com Vítimas Feridas;Plena Noite;Crescente;Garoa/Chuvisco;Simples;Reta;Não;3;0;0;1;1;1;1;3;-28,41405432;-54,99224631;SPRF-RS;DEL12-RS;UOP01-DEL12-RS
712628;19/08/2025;terça-feira;09:00:00;BA;101;878;TEIXEIRA DE FREITAS;Manobra de mudança de faixa;Colisão frontal;Com Vítimas Feridas;Pleno dia;Crescente;Sol;Simples;"Interseção de Vias;Reta";Sim;2;0;0;1;1;0;1;2;-17,55000413;-39,7209388;SPRF-BA;DEL09-BA;UOP02-DEL09-BA
712630;19/08/2025;terça-feira;06:00:00;MT;70;251;PRIMAVERA DO LESTE;Demais falhas mecânicas ou elétricas;Incêndio;Sem Vítimas;Pleno dia;Decrescente;Céu Claro;Simples;Curva;Não;2;0;0;0;1;1;0;2;-15,5844608;-54,378496;SPRF-MT;DEL05-MT;UOP01-DEL05-MT
712634;31/07/2025;quinta-feira;01:30:00;PR;277;149;BALSA NOVA;Ausência de reação do condutor;Colisão traseira;Com Vítimas Feridas;Plena Noite;Decrescente;Céu Claro;Simples;Reta;Não;6;0;2;0;3;2;2;4;-25,4652931;-49,74106964;SPRF-PR;DEL03-PR;UOP03-DEL03-PR
712643;19/08/2025;terça-feira;08:50:00;PB;101;88,9;JOAO PESSOA;Acessar a via sem observar a presença dos outros veículos;Colisão traseira;Sem Vítimas;Pleno dia;Crescente;Céu Claro;Dupla;Reta;Sim;2;0;0;0;2;0;0;2;-7,1635278;-34,9012874;SPRF-PB;DEL01-PB;UOP01-DEL01-PB
712644;19/08/2025;terça-feira;11:01:00;SC;282;16,4;PALHOCA;Acessar a via sem observar a presença dos outros veículos;Colisão transversal;Com Vítimas Feridas;Pleno dia;Decrescente;Céu Claro;Simples;Reta;Sim;3;0;2;0;0;1;2;3;-27,66218;-48,685085;SPRF-SC;DEL01-SC;UOP02-DEL01-SC
712645;19/08/2025;terça-feira;08:40:00;PI;230;300,5;FLORIANO;Reação tardia ou ineficiente do condutor;Tombamento;Com Vítimas Feridas;Pleno dia;Crescente;Céu Claro;Simples;Rotatória;Não;2;0;1;0;0;1;1;2;-6,814323;-42,941688;SPRF-PI;DEL03-PI;UOP01-DEL03-PI
712647;19/08/2025;terça-feira;10:20:00;MG;381;368,3;SAO GONCALO DO RIO ABAIXO;Condutor deixou de manter distância do veículo da frente;Engavetamento;Com Vítimas Feridas;Pleno dia;Crescente;Nublado;Simples;"Declive;Reta";Não;4;0;1;0;1;2;1;4;-19,847688;-43,305015;SPRF-MG;DEL03-MG;UOP01-DEL03-MG
712649;19/08/2025;terça-feira;11:31:00;TO;153;622;ALIANCA DO TOCANTINS;Ingestão de álcool pelo condutor;Colisão lateral sentido oposto;Sem Vítimas;Pleno dia;Decrescente;Céu Claro;Simples;Reta;Não;2;0;0;0;2;0;0;2;-11,2933;-48,9393;SPRF-TO;DEL01-TO;UOP02-DEL01-TO
712650;19/08/2025;terça-feira;10:45:00;PR;116;153;MANDIRITUBA;Acessar a via sem observar a presença dos outros veículos;Colisão transversal;Com Vítimas Fatais;Pleno dia;Crescente;Sol;Simples;Retorno Regulamentado;Não;6;2;1;0;1;2;1;4;-25,86275;-49,362142;SPRF-PR;DEL01-PR;UOP03-DEL01-PR
712651;19/08/2025;terça-feira;09:00:00;MT;163;790;VERA;Reação tardia ou ineficiente do condutor;Engavetamento;Com Vítimas Feridas;Pleno dia;Decrescente;Céu Claro;Simples;Reta;Não;7;0;1;0;5;9;1;13;-12,22394845;-55,54342747;SPRF-MT;DEL06-MT;UOP02-DEL06-MT
712652;19/08/2025;terça-feira;09:35:00;PR;163;140,3;CAPITAO LEONIDAS MARQUES;Velocidade Incompatível;Colisão com objeto;Com Vítimas Feridas;Pleno dia;Decrescente;Céu Claro;Simples;"Curva;Declive";Não;2;0;0;1;0;2;1;3;-25,47718313;-53,59081004;SPRF-PR;DEL05-PR;UOP05-DEL05-PR
712653;19/08/2025;terça-feira;11:45:00;GO;0;0;FORMOSA;Desrespeitar a preferência no cruzamento;Colisão transversal;Sem Vítimas;Pleno dia;Não Informado;Céu Claro;Dupla;"Interseção de Vias;Reta";Sim;3;0;0;0;3;0;0;2;-15,548045;-47,315778;SPRF-DF;DEL02-DF;UOP01-DEL02-DF
712657;19/08/2025;terça-feira;12:02:00;SP;116;65;GUARATINGUETA;Ausência de reação do condutor;Colisão traseira;Com Vítimas Feridas;Pleno dia;Crescente;Sol;Dupla;Reta;Sim;3;0;1;0;1;1;1;3;-22,82269139;-45,19390787;SPRF-SP;DEL08-SP;UOP01-DEL08-SP
712658;22/07/2025;terça-feira;10:20:00;SC;101;363;SANGAO;Ausência de reação do condutor;Engavetamento;Com Vítimas Feridas;Pleno dia;Decrescente;Céu Claro;Dupla;"Em Obras;Reta";Não;5;0;3;0;2;0;3;3;-28,68192862;-49,14530039;SPRF-SC;DEL02-SC;UOP01-DEL02-SC
712667;19/08/2025;terça-feira;11:35:00;RS;470;214;BENTO GONCALVES;Condutor usando celular;Colisão frontal;Com Vítimas Fatais;Pleno dia;Decrescente;Céu Claro;Simples;"Curva;Declive";Não;2;1;0;0;1;0;0;2;-29,15689951;-51,53085558;SPRF-RS;DEL06-RS;UOP01-DEL06-RS
712670;13/07/2025;domingo;04:40:00;AL;104;53;MURICI;Transitar na contramão;Colisão frontal;Com Vítimas Fatais;Plena Noite;Crescente;Nublado;Simples;Reta;Não;2;1;0;0;1;0;0;2;-9,263035;-35,967401;SPRF-AL;DEL01-AL;UOP02-DEL01-AL
712671;19/08/2025;terça-feira;12:45:00;PR;369;404,1;JURANDA;Objeto estático sobre o leito carroçável;Colisão com objeto;Sem Vítimas;Pleno dia;Crescente;Céu Claro;Simples;Reta;Não;5;0;0;0;4;1;0;3;-24,40725516;-52,81574249;SPRF-PR;DEL04-PR;UOP03-DEL04-PR
712672;19/08/2025;terça-feira;12:25:00;SP;116;119;SAO JOSE DOS CAMPOS;Reação tardia ou ineficiente do condutor;Engavetamento;Com Vítimas Feridas;Pleno dia;Crescente;Céu Claro;Dupla;Reta;Não;5;0;1;0;3;1;1;4;-23,2554496;-45,9341824;SPRF-SP;DEL02-SP;UOP02-DEL02-SP
712675;19/08/2025;terça-feira;08:00:00;AL;104;7,5;SAO JOSE DA LAJE;Problema com o freio;Saída de leito carroçável;Com Vítimas Feridas;Pleno dia;Crescente;Chuva;Simples;"Curva;Declive";Não;1;0;1;0;0;0;1;1;-8,9636465;-36,02033822;SPRF-AL;DEL01-AL;UOP02-DEL01-AL
712677;19/08/2025;terça-feira;15:20:00;MG;153;159;COMENDADOR GOMES;Mal súbito do condutor;Colisão traseira;Com Vítimas Feridas;Pleno dia;Crescente;Céu Claro;Simples;Reta;Não;4;0;2;0;1;1;2;3;-19,62817;-48,93544;SPRF-MG;DEL13-MG;UOP02-DEL13-MG
712679;19/08/2025;terça-feira;14:10:00;SP;116;491;CAJATI;Ausência de reação do condutor;Capotamento;Com Vítimas Feridas;Pleno dia;Decrescente;Nublado;Dupla;"Reta;Declive";Não;3;0;1;0;1;1;1;3;-24,74127;-48,12675;SPRF-SP;DEL05-SP;UOP01-DEL05-SP
712681;19/08/2025;terça-feira;15:10:00;MG;40;545,9;NOVA LIMA;Condutor deixou de manter distância do veículo da frente;Colisão traseira;Com Vítimas Feridas;Pleno dia;Decrescente;Céu Claro;Dupla;Reta;Sim;2;0;0;1;1;0;1;2;-20,0156009;-43,9698251;SPRF-MG;DEL01-MG;UOP02-DEL01-MG
712682;19/08/2025;terça-feira;15:30:00;RS;158;228;CRUZ ALTA;Ausência de reação do condutor;Colisão lateral sentido oposto;Sem Vítimas;Pleno dia;Decrescente;Nublado;Simples;"Ponte;Reta";Não;5;0;0;0;4;1;0;3;-28,93438901;-53,64310138;SPRF-RS;DEL10-RS;UOP02-DEL10-RS
712683;19/08/2025;terça-feira;14:58:00;PE;232;550;PARNAMIRIM;Transitar na contramão;Colisão frontal;Com Vítimas Feridas;Pleno dia;Crescente;Sol;Simples;Reta;Não;3;0;1;0;1;3;1;5;-8,08433734;-39,45283636;SPRF-PE;DEL05-PE;UOP01-DEL05-PE
712686;07/08/2025;quinta-feira;20:15:00;ES;101;341,9;GUARAPARI;Avarias e/ou desgaste excessivo no pneu;Saída de leito carroçável;Com Vítimas Feridas;Plena Noite;Crescente;Céu Claro;Dupla;Reta;Não;4;0;2;0;1;1;2;3;-20,6375918;-40,5423498;SPRF-ES;DEL03-ES;UOP01-DEL03-ES
712693;19/08/2025;terça-feira;09:30:00;MG;116;516,9;UBAPORANGA;Acesso irregular;Tombamento;Com Vítimas Feridas;Pleno dia;Crescente;Céu Claro;Simples;"Interseção de Vias;Reta;Ponte";Não;2;0;1;0;0;1;1;2;-19,6975062;-42,11636782;SPRF-MG;DEL06-MG;UOP02-DEL06-MG
712698;19/08/2025;terça-feira;17:20:00;PR;277;473;NOVA LARANJEIRAS;Ausência de reação do condutor;Tombamento;Com Vítimas Feridas;Pleno dia;Decrescente;Céu Claro;Simples;"Curva;Ponte;Declive";Sim;2;0;1;0;0;1;1;2;-25,30502045;-52,55869467;SPRF-PR;DEL04-PR;UOP02-DEL04-PR
712703;19/08/2025;terça-feira;15:15:00;MT;364;254;JUSCIMEIRA;Demais falhas mecânicas ou elétricas;Incêndio;Sem Vítimas;Pleno dia;Crescente;Céu Claro;Dupla;Reta;Não;1;0;0;0;1;0;0;1;-16,17481034;-54,7903891;SPRF-MT;DEL02-MT;UOP01-DEL02-MT
712707;19/08/2025;terça-feira;16:00:00;MG;153;172;COMENDADOR GOMES;Velocidade Incompatível;Tombamento;Com Vítimas Feridas;Pleno dia;Decrescente;Céu Claro;Simples;Rotatória;Não;2;0;1;0;1;0;1;1;-19,7305;-48,973083;SPRF-MG;DEL13-MG;UOP02-DEL13-MG
712708;19/08/2025;terça-feira;18:00:00;MG;381;2;BETIM;Pedestre andava na pista;Atropelamento de Pedestre;Com Vítimas Feridas;Anoitecer;Decrescente;Céu Claro;Simples;Reta;Sim;2;0;1;0;1;0;1;2;-19,97735646;-44,1601452;SPRF-MG;DEL01-MG;UOP03-DEL01-MG
712718;18/08/2025;segunda-feira;19:30:00;BA;116;555;MILAGRES;Falta de elemento de contenção que evite a saída do leito carroçável;Saída de leito carroçável;Com Vítimas Feridas;Plena Noite;Decrescente;Céu Claro;Simples;Aclive;Não;2;0;1;0;0;1;1;2;-12,9342676;-39,8951397;SPRF-BA;DEL03-BA;UOP02-DEL03-BA
712727;19/08/2025;terça-feira;18:00:00;GO;60;114;TEREZOPOLIS DE GOIAS;Reação tardia ou ineficiente do condutor;Saída de leito carroçável;Com Vítimas Feridas;Anoitecer;Crescente;Vento;Dupla;"Reta;Declive";Sim;2;0;1;0;0;1;1;2;-16,463017;-49,063987;SPRF-GO;DEL01-GO;UOP01-DEL01-GO
712736;19/08/2025;terça-feira;19:00:00;BA;110;220;NOVA SOURE;Iluminação deficiente;Colisão traseira;Com Vítimas Fatais;Plena Noite;Decrescente;Céu Claro;Simples;"Declive;Reta";Não;2;1;0;0;0;1;0;2;-11,2290237;-38,4846273;SPRF-BA;DEL07-BA;UOP02-DEL07-BA
712740;19/08/2025;terça-feira;17:00:00;BA;101;945;MUCURI;Ausência de reação do condutor;Colisão traseira;Com Vítimas Feridas;Anoitecer;Crescente;Céu Claro;Simples;Reta;Não;3;0;0;1;1;1;1;3;-18,07873373;-39,88708735;SPRF-BA;DEL09-BA;UOP02-DEL09-BA
712743;19/08/2025;terça-feira;21:45:00;PR;153;470;PORTO VITORIA;Velocidade Incompatível;Tombamento;Com Vítimas Feridas;Plena Noite;Decrescente;Céu Claro;Simples;Curva;Não;1;0;1;0;0;0;1;1;-26,29019375;-51,20056877;SPRF-PR;DEL02-PR;UOP03-DEL02-PR
712747;19/08/2025;terça-feira;18:10:00;SC;470;100,3;APIUNA;Ausência de reação do condutor;Colisão traseira;Com Vítimas Feridas;Plena Noite;Decrescente;Garoa/Chuvisco;Simples;Reta;Sim;2;0;0;1;0;1;1;2;-27,050655;-49,390617;SPRF-SC;DEL04-SC;UOP02-DEL04-SC
712748;19/08/2025;terça-feira;16:27:00;SC;280;299,5;PORTO UNIAO;Acessar a via sem observar a presença dos outros veículos;Colisão traseira;Com Vítimas Fatais;Pleno dia;Crescente;Sol;Simples;Curva;Não;2;1;0;0;1;0;0;2;-26,2856044;-51,0190637;SPRF-SC;DEL06-SC;UOP04-DEL06-SC
712756;19/08/2025;terça-feira;19:30:00;PR;153;108,6;IBAITI;Acessar a via sem observar a presença dos outros veículos;Colisão transversal;Com Vítimas Feridas;Plena Noite;Crescente;Céu Claro;Simples;Interseção de Vias;Sim;3;0;0;2;1;0;2;2;-23,84440808;-50,19322721;SPRF-PR;DEL07-PR;UOP04-DEL07-PR
712760;19/08/2025;terça-feira;20:30:00;RO;364;52;VILHENA;Ausência de reação do condutor;Colisão frontal;Com Vítimas Feridas;Plena Noite;Crescente;Céu Claro;Simples;Reta;Não;2;0;1;0;0;1;1;2;-12,536169;-60,366033;SPRF-RO;DEL04-RO;UOP01-DEL04-RO
712762;19/08/2025;terça-feira;19:39:00;PB;412;94,3;SERRA BRANCA;Transitar na contramão;Colisão frontal;Com Vítimas Fatais;Plena Noite;Crescente;Céu Claro;Simples;"Declive;Reta";Não;2;1;0;0;1;0;0;2;-7,587069;-36,796758;SPRF-PB;DEL02-PB;UOP02-DEL02-PB
712763;20/08/2025;quarta-feira;00:02:00;PR;116;104,2;SAO JOSE DOS PINHAIS;Manobra de mudança de faixa;Colisão traseira;Sem Vítimas;Plena Noite;Decrescente;Nublado;Múltipla;Reta;Não;4;0;0;0;3;2;0;5;-25,57155617;-49,20570374;SPRF-PR;DEL01-PR;UOP07-DEL01-PR
712766;20/08/2025;quarta-feira;00:08:00;PA;163;105;ALTAMIRA;Reação tardia ou ineficiente do condutor;Tombamento;Com Vítimas Feridas;Plena Noite;Crescente;Céu Claro;Simples;"Declive;Curva";Não;2;0;0;1;0;2;1;3;-8,7278542;-54,97309182;SPRF-MT;DEL06-MT;UOP03-DEL06-MT