id;data_inversa;dia_semana;horario;uf;br;km;municipio;causa_acidente;tipo_acidente;classificacao_acidente;fase_dia;sentido_via;condicao_metereologica;tipo_pista;tracado_via;uso_solo;pessoas;mortos;feridos_leves;feridos_graves;ilesos;ignorados;feridos;veiculos;latitude;longitude;regional;delegacia;uop
713371;22/08/2025;sexta-feira;22:00:00;AL;101;70;MESSIAS;Transitar na contramão;Colisão frontal;Com Vítimas Feridas;Plena Noite;Crescente;Céu Claro;Simples;"Viaduto;Curva;Interseção de Vias";Não;4;0;2;0;1;1;2;3;-9,3691595;-35,83071828;SPRF-AL;DEL01-AL;UOP02-DEL01-AL
713373;22/08/2025;sexta-feira;23:00:00;SC;101;145,4;ITAPEMA;Ingestão de álcool pelo condutor;Colisão lateral mesmo sentido;Com Vítimas Feridas;Plena Noite;Decrescente;Céu Claro;Dupla;Reta;Não;3;0;1;0;1;1;1;3;-27,08356;-48,60408;SPRF-SC;DEL04-SC;UOP03-DEL04-SC
713374;22/08/2025;sexta-feira;20:30:00;BA;242;682;MUQUEM DE SAO FRANCISCO;Velocidade Incompatível;Tombamento;Com Vítimas Fatais;Plena Noite;Decrescente;Céu Claro;Simples;"Curva;Declive";Não;5;1;0;0;0;5;0;4;-12,22997441;-43,83569891;SPRF-BA;DEL10-BA;UOP01-DEL10-BA
713380;22/08/2025;sexta-feira;21:50:00;MG;116;66,1;MEDINA;Ausência de reação do condutor;Colisão lateral mesmo sentido;Sem Vítimas;Pleno dia;Crescente;Céu Claro;Simples;"Curva;Declive";Não;3;0;0;0;2;1;0;3;-16,176042;-41,453601;SPRF-MG;DEL11-MG;UOP02-DEL11-MG
713392;23/08/2025;sábado;00:30:00;MG;50;169;UBERABA;Ingestão de álcool pelo condutor;Saída de leito carroçável;Sem Vítimas;Plena Noite;Crescente;Céu Claro;Dupla;"Reta;Declive";Sim;1;0;0;0;1;0;0;1;-19,73439095;-47,98272371;SPRF-MG;DEL13-MG;UOP01-DEL13-MG
713396;23/08/2025;sábado;00:50:00;MG;381;559,6;ITAGUARA;Reação tardia ou ineficiente do condutor;Colisão traseira;Sem Vítimas;Plena Noite;Crescente;Céu Claro;Dupla;"Reta;Declive";Não;3;0;0;0;2;1;0;2;-20,36064548;-44,46668951;SPRF-MG;DEL04-MG;UOP03-DEL04-MG
713402;23/08/2025;sábado;03:00:00;RN;406;22;MACAU;Ausência de reação do condutor;Saída de leito carroçável;Com Vítimas Feridas;Pleno dia;Crescente;Céu Claro;Simples;Reta;Não;1;0;0;1;0;0;1;1;-5,21093174;-36,46075845;SPRF-RN;DEL02-RN;UOP01-DEL02-RN
713405;23/08/2025;sábado;04:25:00;SC;101;364,3;SANGAO;Ausência de reação do condutor;Saída de leito carroçável;Com Vítimas Feridas;Plena Noite;Crescente;Céu Claro;Dupla;Reta;Não;4;0;3;0;0;2;3;3;-28,68419698;-49,15072918;SPRF-SC;DEL02-SC;UOP01-DEL02-SC
713407;22/08/2025;sexta-feira;23:45:00;MG;40;730,5;OLIVEIRA FORTES;Velocidade Incompatível;Tombamento;Com Vítimas Feridas;Plena Noite;Crescente;Céu Claro;Dupla;Curva;Não;2;0;1;0;0;1;1;2;-21,32782657;-43,58494163;SPRF-MG;DEL05-MG;UOP01-DEL05-MG
713411;23/08/2025;sábado;03:30:00;MG;364;24;FRUTAL;Condutor Dormindo;Colisão traseira;Com Vítimas Feridas;Plena Noite;Crescente;Céu Claro;Simples;Reta;Não;3;0;1;0;1;3;1;5;-20,038764;-48,8614;SPRF-MG;DEL13-MG;UOP02-DEL13-MG
713414;23/08/2025;sábado;05:30:00;ES;101;173;ARACRUZ;Ausência de reação do condutor;Colisão lateral mesmo sentido;Com Vítimas Feridas;Amanhecer;Decrescente;Céu Claro;Simples;Reta;Não;3;0;1;0;1;2;1;4;-19,57983492;-40,18741496;SPRF-ES;DEL04-ES;UOP01-DEL04-ES
713417;22/08/2025;sexta-feira;10:30:00;BA;101;50;ESPLANADA;Reação tardia ou ineficiente do condutor;Tombamento;Com Vítimas Feridas;Pleno dia;Crescente;Céu Claro;Dupla;Reta;Não;3;0;1;0;1;1;1;3;-11,82176009;-37,98172799;SPRF-BA;DEL01-BA;UOP04-DEL01-BA
713421;23/08/2025;sábado;05:05:00;BA;116;9,4;VITORIA DA CONQUISTA;Conversão proibida;Colisão transversal;Com Vítimas Fatais;Amanhecer;Decrescente;Nublado;Simples;Reta;Sim;3;1;0;0;1;1;0;3;-14,856141;-40,879018;SPRF-BA;DEL08-BA;UOP01-DEL08-BA
713423;23/08/2025;sábado;05:20:00;PR;153;71,1;CONSELHEIRO MAIRINCK;Condutor Dormindo;Colisão lateral sentido oposto;Com Vítimas Feridas;Amanhecer;Decrescente;Céu Claro;Simples;Reta;Não;4;0;1;0;2;2;1;4;-23,53222596;-50,12000903;SPRF-PR;DEL07-PR;UOP04-DEL07-PR
713427;23/08/2025;sábado;07:20:00;PR;376;665;PARANAGUA;Ausência de reação do condutor;Colisão traseira;Sem Vítimas;Pleno dia;Decrescente;Céu Claro;Dupla;"Curva;Aclive";Não;3;0;0;0;1;3;0;4;-25,51413;-48,56534;SPRF-PR;DEL01-PR;UOP04-DEL01-PR
713428;23/08/2025;sábado;00:00:00;GO;452;20;RIO VERDE;Ingestão de álcool pelo condutor;Tombamento;Sem Vítimas;Plena Noite;Crescente;Céu Claro;Dupla;Reta;Não;2;0;0;0;1;3;0;4;-17,870022;-50,731725;SPRF-GO;DEL04-GO;UOP01-DEL04-GO
713429;23/08/2025;sábado;06:42:00;MG;262;377,2;MATEUS LEME;Ausência de reação do condutor;Colisão traseira;Com Vítimas Feridas;Amanhecer;Decrescente;Céu Claro;Dupla;"Curva;Aclive";Não;3;0;0;1;1;2;1;4;-19,93695867;-44,4481768;SPRF-MG;DEL01-MG;UOP03-DEL01-MG
713431;23/08/2025;sábado;05:30:00;RJ;116;194;QUEIMADOS;Ausência de reação do condutor;Colisão traseira;Com Vítimas Feridas;Pleno dia;Crescente;Céu Claro;Múltipla;Reta;Sim;4;0;1;0;1;2;1;4;-22,7388708;-43,5325807;SPRF-RJ;DEL06-RJ;UOP01-DEL06-RJ
713438;23/08/2025;sábado;06:45:00;PR;376;597;CURITIBA;Reação tardia ou ineficiente do condutor;Colisão traseira;Sem Vítimas;Pleno dia;Crescente;Céu Claro;Dupla;"Reta;Declive";Sim;4;0;0;0;2;2;0;3;-25,4855723;-49,347798;SPRF-PR;DEL01-PR;UOP03-DEL01-PR
713439;23/08/2025;sábado;06:54:00;DF;251;34;BRASILIA;Condutor deixou de manter distância do veículo da frente;Colisão lateral mesmo sentido;Com Vítimas Feridas;Pleno dia;Decrescente;Céu Claro;Simples;Reta;Não;3;0;1;0;1;1;1;2;-15,939772;-47,765952;SPRF-DF;DEL01-DF;UOP01-DEL01-DF
713445;23/08/2025;sábado;07:10:00;MS;419;236;AQUIDAUANA;Acessar a via sem observar a presença dos outros veículos;Colisão transversal;Com Vítimas Feridas;Pleno dia;Decrescente;Céu Claro;Simples;Reta;Sim;3;0;1;0;1;1;1;3;-20,4512286;-55,7848942;SPRF-MS;DEL03-MS;UOP01-DEL03-MS
713452;07/08/2025;quinta-feira;08:00:00;SP;116;504;CAJATI;Reação tardia ou ineficiente do condutor;Colisão com objeto;Com Vítimas Feridas;Pleno dia;Decrescente;Céu Claro;Simples;"Declive;Curva";Não;2;0;1;0;0;1;1;2;-24,797;-48,208;SPRF-SP;DEL05-SP;UOP02-DEL05-SP
713454;23/08/2025;sábado;06:20:00;PA;316;145,6;PEIXE-BOI;Transitar na contramão;Colisão lateral sentido oposto;Com Vítimas Feridas;Amanhecer;Crescente;Céu Claro;Simples;"Reta;Declive";Não;3;0;0;1;2;0;1;2;-1,235487;-47,223325;SPRF-PA;DEL01-PA;UOP03-DEL01-PA
713459;23/05/2025;sexta-feira;12:30:00;TO;153;540;NOVA ROSALANDIA;Transitar na contramão;Colisão frontal;Com Vítimas Fatais;Pleno dia;Crescente;Céu Claro;Simples;Reta;Não;3;1;0;0;1;2;0;4;-10,580865;-48,914;SPRF-TO;DEL01-TO;UOP01-DEL01-TO
713465;23/08/2025;sábado;10:00:00;RJ;101;66;CAMPOS DOS GOYTACAZES;Reação tardia ou ineficiente do condutor;Colisão transversal;Com Vítimas Feridas;Pleno dia;Decrescente;Céu Claro;Múltipla;Rotatória;Sim;2;0;0;1;1;0;1;2;-21,766821;-41,345973;SPRF-RJ;DEL08-RJ;UOP02-DEL08-RJ
713466;23/08/2025;sábado;07:00:00;MT;70;45;BARRA DO GARCAS;Acostamento em desnível;Saída de leito carroçável;Sem Vítimas;Pleno dia;Decrescente;Céu Claro;Simples;"Aclive;Reta";Não;2;0;0;0;1;3;0;4;-15,758981;-52,588014;SPRF-MT;DEL07-MT;UOP01-DEL07-MT
713469;23/08/2025;sábado;06:20:00;PA;316;183;SANTA LUZIA DO PARA;Demais falhas mecânicas ou elétricas;Tombamento;Sem Vítimas;Pleno dia;Crescente;Céu Claro;Simples;Aclive;Não;1;0;0;0;1;0;0;1;-1,43634;-46,97754;SPRF-PA;DEL01-PA;UOP03-DEL01-PA
713470;23/08/2025;sábado;08:05:00;SC;282;529,8;CORDILHEIRA ALTA;Reação tardia ou ineficiente do condutor;Colisão lateral sentido oposto;Com Vítimas Feridas;Pleno dia;Crescente;Chuva;Simples;"Curva;Aclive";Não;3;0;1;0;1;2;1;4;-26,983753;-52,603077;SPRF-SC;DEL07-SC;UOP01-DEL07-SC
713476;08/08/2025;sexta-feira;12:24:00;SC;101;207;SAO JOSE;Ausência de reação do condutor;Queda de ocupante de veículo;Com Vítimas Feridas;Pleno dia;Crescente;Garoa/Chuvisco;Múltipla;Reta;Sim;3;0;1;0;2;0;1;3;-27,60216163;-48,62816747;SPRF-SC;DEL01-SC;UOP01-DEL01-SC
713477;23/08/2025;sábado;08:45:00;RJ;101;289;SAO GONCALO;Ausência de reação do condutor;Colisão lateral mesmo sentido;Com Vítimas Feridas;Pleno dia;Crescente;Céu Claro;Dupla;Reta;Sim;2;0;1;0;1;0;1;2;-22,793074;-43,024902;SPRF-RJ;DEL02-RJ;UOP02-DEL02-RJ
713478;23/08/2025;sábado;11:00:00;BA;135;138;RIACHAO DAS NEVES;Condutor deixou de manter distância do veículo da frente;Colisão traseira;Com Vítimas Feridas;Pleno dia;Crescente;Sol;Simples;Curva;Não;7;0;0;2;4;2;2;4;-11,85573;-44,84329;SPRF-BA;DEL10-BA;UOP01-DEL10-BA
713495;23/08/2025;sábado;10:00:00;MG;381;363,2;SAO GONCALO DO RIO ABAIXO;Carga excessiva e/ou mal acondicionada;Tombamento;Com Vítimas Feridas;Pleno dia;Decrescente;Céu Claro;Simples;"Curva;Declive";Não;2;0;0;1;0;1;1;2;-19,855192;-43,264261;SPRF-MG;DEL03-MG;UOP01-DEL03-MG
713500;23/08/2025;sábado;12:15:00;MG;381;525;BRUMADINHO;Carga excessiva e/ou mal acondicionada;Tombamento;Com Vítimas Feridas;Pleno dia;Crescente;Céu Claro;Dupla;Curva;Não;2;0;1;0;0;2;1;3;-20,147959;-44,324235;SPRF-MG;DEL04-MG;UOP03-DEL04-MG
713506;23/08/2025;sábado;14:35:00;SP;116;282;EMBU DAS ARTES;Ausência de reação do condutor;Queda de ocupante de veículo;Com Vítimas Fatais;Pleno dia;Crescente;Céu Claro;Dupla;Reta;Não;2;1;0;0;1;0;0;2;-23,64186217;-46,83653464;SPRF-SP;DEL04-SP;UOP01-DEL04-SP
713513;23/08/2025;sábado;15:20:00;GO;452;108;BOM JESUS DE GOIAS;Ausência de reação do condutor;Colisão frontal;Com Vítimas Feridas;Pleno dia;Crescente;Céu Claro;Simples;Reta;Não;7;0;1;0;5;2;1;7;-18,137773;-49,977324;SPRF-GO;DEL03-GO;UOP02-DEL03-GO
713518;23/08/2025;sábado;05:02:00;BA;101;371;GANDU;Chuva;Colisão frontal;Com Vítimas Fatais;Amanhecer;Crescente;Chuva;Simples;"Curva;Declive";Não;4;1;0;1;1;1;1;3;-13,79599;-39,49553;SPRF-BA;DEL05-BA;UOP03-DEL05-BA
713523;23/08/2025;sábado;15:35:00;SC;101;213;PALHOCA;Manobra de mudança de faixa;Colisão lateral mesmo sentido;Com Vítimas Feridas;Pleno dia;Crescente;Céu Claro;Múltipla;Reta;Sim;3;0;1;0;1;1;1;3;-27,64334144;-48,66964515;SPRF-SC;DEL01-SC;UOP02-DEL01-SC
713524;23/08/2025;sábado;12:05:00;MG;381;863,9;POUSO ALEGRE;Mal súbito do condutor;Saída de leito carroçável;Com Vítimas Feridas;Pleno dia;Crescente;Sol;Múltipla;"Aclive;Reta";Não;2;0;1;0;0;1;1;2;-22,34906367;-45,92699289;SPRF-MG;DEL16-MG;UOP01-DEL16-MG
713525;23/08/2025;sábado;15:30:00;PR;376;597,8;CURITIBA;Manobra de mudança de faixa;Colisão lateral mesmo sentido;Sem Vítimas;Pleno dia;Crescente;Sol;Dupla;"Declive;Reta";Sim;3;0;0;0;2;1;0;2;-25,4858827;-49,3470692;SPRF-PR;DEL01-PR;UOP03-DEL01-PR
713533;23/08/2025;sábado;15:00:00;PR;277;31,8;MORRETES;Demais falhas mecânicas ou elétricas;Incêndio;Sem Vítimas;Pleno dia;Decrescente;Céu Claro;Dupla;"Declive;Curva";Não;2;0;0;0;1;3;0;4;-25,56408898;-48,81330578;SPRF-PR;DEL01-PR;UOP05-DEL01-PR
713535;23/08/2025;sábado;16:00:00;AL;316;84;SANTANA DO IPANEMA;Acessar a via sem observar a presença dos outros veículos;Colisão lateral mesmo sentido;Sem Vítimas;Pleno dia;Crescente;Céu Claro;Dupla;"Interseção de Vias;Reta";Sim;2;0;0;0;2;0;0;2;-9,36755527;-37,24858258;SPRF-AL;DEL03-AL;UOP02-DEL03-AL
713537;23/08/2025;sábado;14:30:00;MG;262;368;JUATUBA;Acessar a via sem observar a presença dos outros veículos;Colisão transversal;Sem Vítimas;Pleno dia;Decrescente;Céu Claro;Dupla;Retorno Regulamentado;Sim;2;0;0;0;2;0;0;2;-19,95603255;-44,36664931;SPRF-MG;DEL01-MG;UOP03-DEL01-MG
713542;23/08/2025;sábado;17:10:00;SC;280;10;SAO FRANCISCO DO SUL;Acessar a via sem observar a presença dos outros veículos;Colisão transversal;Com Vítimas Feridas;Pleno dia;Decrescente;Céu Claro;Simples;Curva;Sim;4;0;0;2;1;2;2;4;-26,30017;-48,64055;SPRF-SC;DEL03-SC;UOP03-DEL03-SC
713545;13/08/2025;quarta-feira;19:20:00;RJ;116;214;ITAGUAI;Manobra de mudança de faixa;Colisão lateral mesmo sentido;Com Vítimas Feridas;Plena Noite;Decrescente;Céu Claro;Dupla;Curva;Não;3;0;1;0;1;1;1;3;-22,6944867;-43,77365112;SPRF-RJ;DEL06-RJ;UOP02-DEL06-RJ
713547;23/08/2025;sábado;18:00:00;GO;40;1,8;VALPARAISO DE GOIAS;Manobra de mudança de faixa;Colisão lateral mesmo sentido;Com Vítimas Feridas;Anoitecer;Decrescente;Céu Claro;Dupla;Reta;Sim;2;0;1;0;1;0;1;2;-16,068105;-47,984108;SPRF-DF;DEL01-DF;UOP01-DEL01-DF
713556;23/08/2025;sábado;17:00:00;SP;116;387;MIRACATU;Ingestão de álcool pelo condutor;Colisão traseira;Com Vítimas Feridas;Anoitecer;Decrescente;Ignorado;Dupla;Reta;Sim;3;0;0;1;1;1;1;3;-24,28455854;-47,4392395;SPRF-SP;DEL04-SP;UOP02-DEL04-SP
713560;23/08/2025;sábado;19:00:00;MG;381;345;JOAO MONLEVADE;Velocidade Incompatível;Colisão traseira;Com Vítimas Feridas;Plena Noite;Crescente;Céu Claro;Simples;Reta;Não;3;0;1;0;1;2;1;4;-19,853857;-43,134529;SPRF-MG;DEL03-MG;UOP01-DEL03-MG
713565;23/08/2025;sábado;15:20:00;CE;222;28;CAUCAIA;Condutor deixou de manter distância do veículo da frente;Colisão traseira;Com Vítimas Feridas;Pleno dia;Crescente;Céu Claro;Dupla;Reta;Não;2;0;1;0;1;0;1;2;-3,71655122;-38,8035323;SPRF-CE;DEL01-CE;UOP01-DEL01-CE
713573;23/08/2025;sábado;16:40:00;CE;222;142,6;IRAUCUBA;Velocidade Incompatível;Colisão frontal;Com Vítimas Feridas;Pleno dia;Crescente;Céu Claro;Simples;Curva;Não;3;0;0;1;1;2;1;4;-3,76405515;-39,73248482;SPRF-CE;DEL04-CE;UOP03-DEL04-CE
713576;23/08/2025;sábado;17:04:00;SP;116;550;BARRA DO TURVO;Objeto estático sobre o leito carroçável;Tombamento;Com Vítimas Feridas;Pleno dia;Decrescente;Céu Claro;Simples;"Curva;Aclive";Não;5;0;1;0;3;1;1;2;-24,966;-48,469;SPRF-SP;DEL05-SP;UOP02-DEL05-SP
713579;23/08/2025;sábado;20:10:00;MG;153;238;FRUTAL;Ausência de reação do condutor;Colisão lateral sentido oposto;Com Vítimas Feridas;Plena Noite;Crescente;Céu Claro;Simples;Reta;Não;5;0;1;0;3;1;1;3;-19,9204832;-48,9610768;SPRF-MG;DEL13-MG;UOP02-DEL13-MG
713588;23/08/2025;sábado;16:05:00;RJ;393;272;BARRA DO PIRAI;Condutor Dormindo;Saída de leito carroçável;Com Vítimas Feridas;Pleno dia;Decrescente;Sol;Simples;Reta;Não;2;0;1;0;0;1;1;2;-22,48123385;-43,97792816;SPRF-RJ;DEL05-RJ;UOP04-DEL05-RJ
713594;23/08/2025;sábado;15:00:00;MA;10;309,2;ACAILANDIA;Ingestão de álcool pelo condutor;Colisão frontal;Com Vítimas Feridas;Pleno dia;Decrescente;Céu Claro;Simples;Reta;Não;3;0;0;1;1;2;1;4;-5,029404;-47,547902;SPRF-MA;DEL04-MA;UOP03-DEL04-MA
713606;23/08/2025;sábado;22:00:00;SC;101;39;JOINVILLE;Manobra de mudança de faixa;Colisão lateral mesmo sentido;Com Vítimas Feridas;Plena Noite;Decrescente;Céu Claro;Múltipla;Reta;Sim;5;0;2;0;2;1;2;3;-26,28672884;-48,88701137;SPRF-SC;DEL03-SC;UOP01-DEL03-SC
713612;23/08/2025;sábado;19:00:00;MT;163;923;ITAUBA;Transitar na contramão;Colisão transversal;Com Vítimas Feridas;Plena Noite;Decrescente;Céu Claro;Simples;Reta;Não;4;0;1;0;1;3;1;5;-11,10393;-55,3004;SPRF-MT;DEL06-MT;UOP02-DEL06-MT
713613;23/08/2025;sábado;22:45:00;PB;230;110;MOGEIRO;Condutor Dormindo;Colisão traseira;Com Vítimas Feridas;Plena Noite;Decrescente;Céu Claro;Dupla;Declive;Não;2;0;0;1;1;0;1;2;-7,211394;-35,508703;SPRF-PB;DEL01-PB;UOP02-DEL01-PB
713627;23/08/2025;sábado;22:40:00;PR;153;24,8;JACAREZINHO;Suicídio (presumido);Colisão frontal;Com Vítimas Fatais;Plena Noite;Decrescente;Céu Claro;Simples;"Aclive;Reta";Não;3;1;0;0;1;1;0;3;-23,19459033;-49,98540044;SPRF-PR;DEL07-PR;UOP04-DEL07-PR
713642;23/08/2025;sábado;22:10:00;MA;10;231,4;GOVERNADOR EDISON LOBAO;Transitar na contramão;Colisão frontal;Com Vítimas Fatais;Plena Noite;Crescente;Céu Claro;Simples;Reta;Não;3;1;0;0;2;0;0;2;-5,689177;-47,36664;SPRF-MA;DEL04-MA;UOP01-DEL04-MA
713648;23/08/2025;sábado;19:30:00;RO;364;686;CANDEIAS DO JAMARI;Transitar no Acostamento;Atropelamento de Pedestre;Com Vítimas Feridas;Plena Noite;Decrescente;Céu Claro;Simples;Reta;Não;4;0;1;2;0;1;3;3;-8,79224;-63,64918;SPRF-RO;DEL01-RO;UOP01-DEL01-RO
713649;23/08/2025;sábado;17:40:00;PR;376;1;JANDAIA DO SUL;Demais falhas mecânicas ou elétricas;Incêndio;Sem Vítimas;Anoitecer;Crescente;Céu Claro;Dupla;"Declive;Curva";Não;2;0;0;0;1;3;0;4;-23,587867;-51,641387;SPRF-PR;DEL09-PR;UOP01-DEL09-PR
713659;23/08/2025;sábado;22:25:00;ES;101;66,3;SAO MATEUS;Reação tardia ou ineficiente do condutor;Colisão traseira;Com Vítimas Feridas;Plena Noite;Decrescente;Nublado;Dupla;Reta;Sim;2;0;0;1;1;0;1;2;-18,71809576;-39,87041323;SPRF-ES;DEL04-ES;UOP02-DEL04-ES
713669;23/08/2025;sábado;21:00:00;TO;153;440;MIRACEMA DO TOCANTINS;Reação tardia ou ineficiente do condutor;Tombamento;Com Vítimas Fatais;Plena Noite;Decrescente;Céu Claro;Simples;Curva;Não;3;1;1;0;0;2;1;3;-9,74238;-48,698698;SPRF-TO;DEL01-TO;UOP01-DEL01-TO
713683;24/08/2025;domingo;05:40:00;RJ;116;225;PARACAMBI;Demais falhas mecânicas ou elétricas;Incêndio;Sem Vítimas;Amanhecer;Decrescente;Céu Claro;Simples;"Curva;Declive";Não;2;0;0;0;1;1;0;2;-22,677;-43,818;SPRF-RJ;DEL06-RJ;UOP02-DEL06-RJ
713707;24/08/2025;domingo;07:40:00;AL;101;149;JEQUIA DA PRAIA;Velocidade Incompatível;Colisão com objeto;Com Vítimas Feridas;Pleno dia;Crescente;Garoa/Chuvisco;Dupla;"Declive;Curva";Não;2;0;1;0;0;1;1;2;-9,89125957;-36,13534212;SPRF-AL;DEL02-AL;UOP02-DEL02-AL
713721;24/08/2025;domingo;10:30:00;PA;230;235;NOVO REPARTIMENTO;Declive acentuado;Colisão lateral sentido oposto;Sem Vítimas;Pleno dia;Decrescente;Céu Claro;Simples;"Declive;Curva";Não;5;0;0;0;4;1;0;2;-4,733148;-49,65557;SPRF-PA;DEL03-PA;UOP01-DEL03-PA
713733;24/08/2025;domingo;10:50:00;PR;277;122;CAMPO LARGO;Demais falhas mecânicas ou elétricas;Queda de ocupante de veículo;Com Vítimas Feridas;Pleno dia;Decrescente;Céu Claro;Dupla;Reta;Sim;4;0;0;1;3;0;1;1;-25,44381715;-49,50501546;SPRF-PR;DEL03-PR;UOP03-DEL03-PR
713741;17/08/2025;domingo;04:45:00;SP;116;310;SAO LOURENCO DA SERRA;Manobra de mudança de faixa;Colisão traseira;Com Vítimas Feridas;Amanhecer;Decrescente;Céu Claro;Dupla;"Aclive;Curva";Não;7;0;5;0;1;2;5;4;-23,87225182;-46,96226148;SPRF-SP;DEL04-SP;UOP01-DEL04-SP
713742;28/06/2025;sábado;11:00:00;SC;101;146;ITAPEMA;Manobra de mudança de faixa;Colisão lateral mesmo sentido;Com Vítimas Feridas;Pleno dia;Decrescente;Nublado;Múltipla;"Reta;Declive";Sim;3;0;1;0;1;1;1;3;-27,0868;-48,6096;SPRF-SC;DEL04-SC;UOP03-DEL04-SC
713750;24/08/2025;domingo;10:30:00;MT;174;290;PONTES E LACERDA;Conversão proibida;Colisão lateral mesmo sentido;Sem Vítimas;Pleno dia;Crescente;Sol;Simples;Reta;Sim;3;0;0;0;1;2;0;3;-15,234562;-59,316563;SPRF-MT;DEL04-MT;UOP01-DEL04-MT
713754;17/06/2025;terça-feira;11:28:00;TO;153;596,5;SANTA RITA DO TOCANTINS;Ultrapassagem Indevida;Colisão frontal;Com Vítimas Fatais;Pleno dia;Crescente;Céu Claro;Simples;Reta;Não;4;1;0;1;1;1;1;3;-11,065183;-48,914569;SPRF-TO;DEL01-TO;UOP01-DEL01-TO
713759;24/08/2025;domingo;12:50:00;BA;101;475,5;URUCUCA;Ultrapassagem Indevida;Colisão frontal;Com Vítimas Feridas;Pleno dia;Crescente;Nublado;Simples;Reta;Não;9;0;4;0;4;1;4;4;-14,575672;-39,336603;SPRF-BA;DEL05-BA;UOP01-DEL05-BA
713764;24/08/2025;domingo;15:30:00;PR;163;177;LINDOESTE;Chuva;Colisão lateral mesmo sentido;Com Vítimas Feridas;Pleno dia;Crescente;Chuva;Dupla;Curva;Não;4;0;1;0;2;1;1;3;-25,173085;-53,603642;SPRF-PR;DEL05-PR;UOP05-DEL05-PR
713774;24/08/2025;domingo;12:13:00;RO;364;384;OURO PRETO DO OESTE;Frear bruscamente;Colisão traseira;Com Vítimas Feridas;Pleno dia;Crescente;Sol;Simples;Reta;Sim;6;0;1;0;4;3;1;6;-10,708575;-62,256145;SPRF-RO;DEL02-RO;UOP01-DEL02-RO
713778;24/08/2025;domingo;16:49:00;ES;101;10,6;PEDRO CANARIO;Ingestão de álcool pelo condutor;Colisão lateral sentido oposto;Com Vítimas Feridas;Anoitecer;Crescente;Céu Claro;Simples;Curva;Não;6;0;3;0;1;3;3;4;-18,24953919;-39,95289022;SPRF-ES;DEL04-ES;UOP02-DEL04-ES
713796;24/08/2025;domingo;17:10:00;PE;408;56,2;CARPINA;Condutor deixou de manter distância do veículo da frente;Colisão traseira;Com Vítimas Fatais;Pleno dia;Crescente;Nublado;Simples;Curva;Sim;3;1;0;0;0;2;0;3;-7,84616;-35,23911;SPRF-PE;DEL01-PE;UOP01-DEL01-PE
713800;24/08/2025;domingo;17:35:00;RS;386;33,9;FREDERICO WESTPHALEN;Acessar a via sem observar a presença dos outros veículos;Colisão transversal;Com Vítimas Feridas;Pleno dia;Crescente;Nublado;Simples;"Reta;Interseção de Vias";Sim;2;0;1;0;1;0;1;2;-27,35917277;-53,38860494;SPRF-RS;DEL08-RS;UOP02-DEL08-RS
713802;24/08/2025;domingo;18:10:00;MG;40;682,8;RESSAQUINHA;Ultrapassagem Indevida;Colisão frontal;Com Vítimas Fatais;Plena Noite;Crescente;Nublado;Simples;Reta;Sim;3;1;1;0;1;0;1;3;-21,06749218;-43,76952184;SPRF-MG;DEL05-MG;UOP02-DEL05-MG
713808;24/08/2025;domingo;19:10:00;ES;101;127;SOORETAMA;Ingestão de álcool pelo condutor;Colisão com objeto;Com Vítimas Feridas;Plena Noite;Crescente;Céu Claro;Múltipla;Reta;Sim;1;0;0;1;0;0;1;1;-19,20350404;-40,09548354;SPRF-ES;DEL04-ES;UOP01-DEL04-ES
713811;24/08/2025;domingo;18:50:00;PE;101;38;ITAPISSUMA;Demais falhas mecânicas ou elétricas;Colisão com objeto;Sem Vítimas;Plena Noite;Decrescente;Céu Claro;Dupla;Curva;Sim;2;0;0;0;1;1;0;2;-7,805616;-34,925397;SPRF-PE;DEL01-PE;UOP02-DEL01-PE
713814;24/08/2025;domingo;13:00:00;MT;158;776;BARRA DO GARCAS;Acessar a via sem observar a presença dos outros veículos;Saída de leito carroçável;Com Vítimas Feridas;Pleno dia;Crescente;Sol;Simples;"Interseção de Vias;Reta";Não;4;0;0;1;0;3;1;4;-15,7267804;-52,25761682;SPRF-MT;DEL07-MT;UOP01-DEL07-MT
713841;24/08/2025;domingo;15:04:00;MG;381;525;BRUMADINHO;Velocidade Incompatível;Tombamento;Com Vítimas Fatais;Pleno dia;Decrescente;Céu Claro;Dupla;Curva;Não;2;1;0;0;0;1;0;2;-20,14989358;-44,32481799;SPRF-MG;DEL04-MG;UOP03-DEL04-MG
713848;09/07/2025;quarta-feira;16:25:00;GO;60;37,8;ALEXANIA;Ausência de reação do condutor;Colisão traseira;Com Vítimas Feridas;Pleno dia;Decrescente;Céu Claro;Dupla;"Reta;Aclive";Não;4;0;2;0;2;0;2;3;-16,11478;-48,540125;SPRF-DF;DEL03-DF;UOP01-DEL03-DF
713858;24/08/2025;domingo;20:10:00;SP;116;492;CAJATI;Ausência de reação do condutor;Saída de leito carroçável;Com Vítimas Feridas;Plena Noite;Decrescente;Nublado;Múltipla;Reta;Não;2;0;1;0;0;1;1;2;-24,74369048;-48,14183084;SPRF-SP;DEL05-SP;UOP01-DEL05-SP
713861;24/08/2025;domingo;21:20:00;PR;153;322;IRATI;Transitar na contramão;Colisão lateral sentido oposto;Com Vítimas Feridas;Plena Noite;Decrescente;Chuva;Simples;Curva;Não;2;0;1;0;0;1;1;2;-25,389883;-50,616174;SPRF-PR;DEL08-PR;UOP02-DEL08-PR
713867;24/08/2025;domingo;19:00:00;MG;251;334;RUBELITA;Reação tardia ou ineficiente do condutor;Tombamento;Com Vítimas Fatais;Plena Noite;Decrescente;Ignorado;Simples;"Curva;Declive";Não;2;1;0;0;0;1;0;2;-16,262583;-42,408206;SPRF-MG;DEL12-MG;UOP02-DEL12-MG