id;data_inversa;dia_semana;horario;uf;br;km;municipio;causa_acidente;tipo_acidente;classificacao_acidente;fase_dia;sentido_via;condicao_metereologica;tipo_pista;tracado_via;uso_solo;pessoas;mortos;feridos_leves;feridos_graves;ilesos;ignorados;feridos;veiculos;latitude;longitude;regional;delegacia;uop
714163;26/08/2025;terça-feira;13:40:00;PE;101;44;IGARASSU;Manobra de mudança de faixa;Colisão lateral mesmo sentido;Com Vítimas Feridas;Pleno dia;Crescente;Sol;Múltipla;Reta;Sim;3;0;1;0;1;1;1;3;-7,860842;-34,908098;SPRF-PE;DEL01-PE;UOP02-DEL01-PE
714165;26/08/2025;terça-feira;14:20:00;CE;116;523;JATI;Ausência de reação do condutor;Colisão traseira;Com Vítimas Feridas;Pleno dia;Crescente;Céu Claro;Simples;Reta;Não;5;0;2;0;3;0;2;3;-7,66125295;-39,01796717;SPRF-CE;DEL05-CE;UOP03-DEL05-CE
714167;26/08/2025;terça-feira;14:00:00;SP;153;38;ONDA VERDE;Reação tardia ou ineficiente do condutor;Engavetamento;Com Vítimas Feridas;Pleno dia;Crescente;Céu Claro;Simples;"Reta;Em Obras";Não;6;0;2;2;2;0;4;4;-20,6082115;-49,3260112;SPRF-SP;DEL09-SP;UOP01-DEL09-SP
714171;26/08/2025;terça-feira;14:30:00;SP;116;503;CAJATI;Reação tardia ou ineficiente do condutor;Tombamento;Com Vítimas Feridas;Pleno dia;Crescente;Chuva;Simples;Reta;Não;1;0;1;0;0;0;1;1;-24,779418;-48,210803;SPRF-SP;DEL05-SP;UOP02-DEL05-SP
714172;26/08/2025;terça-feira;13:50:00;PR;369;488,5;CORBELIA;Mal súbito do condutor;Colisão traseira;Com Vítimas Feridas;Pleno dia;Crescente;Nublado;Simples;Reta;Não;3;0;1;0;1;2;1;4;-24,82666391;-53,29802513;SPRF-PR;DEL04-PR;UOP03-DEL04-PR
714173;26/08/2025;terça-feira;14:30:00;CE;116;40;HORIZONTE;Demais falhas mecânicas ou elétricas;Colisão com objeto;Sem Vítimas;Pleno dia;Crescente;Céu Claro;Dupla;Reta;Sim;1;0;0;0;1;0;0;1;-4,09852533;-38,50279424;SPRF-CE;DEL01-CE;UOP02-DEL01-CE
714176;26/08/2025;terça-feira;14:30:00;TO;235;179;TUPIRAMA;Transitar na contramão;Colisão frontal;Com Vítimas Fatais;Pleno dia;Crescente;Céu Claro;Simples;"Reta;Declive";Não;5;3;0;0;1;2;0;4;-8,956799;-48,297645;SPRF-TO;DEL02-TO;UOP02-DEL02-TO
714179;26/08/2025;terça-feira;13:40:00;PR;277;615,5;CEU AZUL;Ausência de reação do condutor;Saída de leito carroçável;Com Vítimas Feridas;Pleno dia;Decrescente;Céu Claro;Simples;"Aclive;Reta";Não;1;0;1;0;0;0;1;1;-25,073655;-53,667093;SPRF-PR;DEL05-PR;UOP02-DEL05-PR
714193;26/08/2025;terça-feira;15:45:00;RS;285;464;IJUI;Desrespeitar a preferência no cruzamento;Colisão transversal;Com Vítimas Feridas;Pleno dia;Decrescente;Céu Claro;Simples;"Interseção de Vias;Reta";Não;4;0;2;0;1;1;2;3;-28,40136683;-53,95626068;SPRF-RS;DEL10-RS;UOP01-DEL10-RS
714194;26/08/2025;terça-feira;16:21:00;PR;116;37,4;CAMPINA GRANDE DO SUL;Acumulo de água sobre o pavimento;Saída de leito carroçável;Com Vítimas Feridas;Pleno dia;Decrescente;Chuva;Múltipla;Curva;Não;6;0;4;0;1;1;4;3;-25,150487;-48,85911;SPRF-PR;DEL01-PR;UOP02-DEL01-PR
714195;26/08/2025;terça-feira;15:00:00;PA;163;37;NOVO PROGRESSO;Ultrapassagem Indevida;Colisão frontal;Com Vítimas Feridas;Pleno dia;Crescente;Céu Claro;Simples;Curva;Não;3;0;2;0;0;1;2;3;-9,25315917;-54,83654894;SPRF-MT;DEL06-MT;UOP03-DEL06-MT
714197;26/08/2025;terça-feira;15:00:00;MT;163;976;TERRA NOVA DO NORTE;Ausência de reação do condutor;Saída de leito carroçável;Sem Vítimas;Pleno dia;Crescente;Sol;Simples;Reta;Não;2;0;0;0;1;1;0;2;-10,70592;-55,12075;SPRF-MT;DEL06-MT;UOP03-DEL06-MT
714198;26/08/2025;terça-feira;17:15:00;ES;101;280,6;SERRA;Acessar a via sem observar a presença dos outros veículos;Colisão transversal;Com Vítimas Feridas;Anoitecer;Crescente;Nublado;Dupla;Reta;Não;3;0;0;1;1;1;1;3;-20,21913333;-40,35536667;SPRF-ES;DEL02-ES;UOP01-DEL02-ES
714200;26/08/2025;terça-feira;16:15:00;RS;472;175,7;SANTA ROSA;Desrespeitar a preferência no cruzamento;Colisão transversal;Com Vítimas Fatais;Pleno dia;Crescente;Céu Claro;Simples;Reta;Sim;3;1;1;0;1;0;1;3;-27,853592;-54,519901;SPRF-RS;DEL10-RS;UOP01-DEL10-RS
714209;26/08/2025;terça-feira;17:10:00;RJ;101;387;RIO DE JANEIRO;Manobra de mudança de faixa;Colisão traseira;Com Vítimas Feridas;Anoitecer;Crescente;Chuva;Dupla;Reta;Não;3;0;1;0;2;0;1;2;-22,88473557;-43,64739695;SPRF-RJ;DEL03-RJ;UOP01-DEL03-RJ
714215;26/08/2025;terça-feira;17:40:00;MG;381;370,5;SAO GONCALO DO RIO ABAIXO;Velocidade Incompatível;Colisão frontal;Com Vítimas Feridas;Anoitecer;Decrescente;Céu Claro;Simples;Curva;Não;3;0;1;2;0;0;3;2;-19,84264329;-43,31933051;SPRF-MG;DEL01-MG;UOP01-DEL01-MG
714222;26/08/2025;terça-feira;16:45:00;MA;230;384;BALSAS;Demais falhas mecânicas ou elétricas;Saída de leito carroçável;Com Vítimas Feridas;Pleno dia;Crescente;Céu Claro;Simples;Reta;Não;1;0;0;1;0;0;1;1;-7,41409949;-45,99518967;SPRF-MA;DEL05-MA;UOP01-DEL05-MA
714226;26/08/2025;terça-feira;17:45:00;BA;324;513;FEIRA DE SANTANA;Área urbana sem a presença de local apropriado para a travessia de pedestres;Atropelamento de Pedestre;Com Vítimas Feridas;Anoitecer;Decrescente;Garoa/Chuvisco;Simples;Reta;Sim;3;0;0;1;1;1;1;3;-12,23227591;-38,95264166;SPRF-BA;DEL02-BA;UOP01-DEL02-BA
714236;26/08/2025;terça-feira;19:10:00;SP;381;65;MAIRIPORA;Reação tardia ou ineficiente do condutor;Colisão lateral mesmo sentido;Sem Vítimas;Plena Noite;Decrescente;Nublado;Simples;"Curva;Rotatória;Viaduto";Sim;3;0;0;0;3;0;0;2;-23,31607571;-46,58257728;SPRF-SP;DEL03-SP;UOP01-DEL03-SP
714238;26/08/2025;terça-feira;18:00:00;RS;471;173,1;RIO PARDO;Acessar a via sem observar a presença dos outros veículos;Colisão transversal;Com Vítimas Feridas;Anoitecer;Decrescente;Céu Claro;Simples;"Curva;Interseção de Vias";Não;3;0;1;0;1;2;1;4;-29,97363058;-52,37089125;SPRF-RS;DEL02-RS;UOP03-DEL02-RS
714239;26/08/2025;terça-feira;19:10:00;SC;101;235,1;PALHOCA;Velocidade Incompatível;Colisão com objeto;Com Vítimas Feridas;Plena Noite;Decrescente;Garoa/Chuvisco;Dupla;Curva;Não;2;0;1;0;1;0;1;1;-27,81883;-48,63101;SPRF-SC;DEL01-SC;UOP02-DEL01-SC
714241;26/08/2025;terça-feira;20:10:00;SP;116;116;CACAPAVA;Ausência de reação do condutor;Colisão traseira;Com Vítimas Feridas;Plena Noite;Crescente;Nublado;Dupla;Reta;Sim;2;0;1;0;0;1;1;2;-23,1067208;-45,6974529;SPRF-SP;DEL02-SP;UOP02-DEL02-SP
714242;26/08/2025;terça-feira;11:00:00;PA;230;134;MARABA;Reação tardia ou ineficiente do condutor;Saída de leito carroçável;Sem Vítimas;Pleno dia;Decrescente;Céu Claro;Simples;Aclive;Não;1;0;0;0;0;1;0;1;-5,33657941;-49,21946883;SPRF-PA;DEL03-PA;UOP01-DEL03-PA
714248;26/08/2025;terça-feira;16:00:00;MA;135;262;PERITORO;Reação tardia ou ineficiente do condutor;Saída de leito carroçável;Sem Vítimas;Plena Noite;Decrescente;Céu Claro;Dupla;Declive;Não;1;0;0;0;0;1;0;1;-4,36717;-44,34649431;SPRF-MA;DEL03-MA;UOP01-DEL03-MA
714250;26/08/2025;terça-feira;14:50:00;GO;153;277;NOVA GLORIA;Reação tardia ou ineficiente do condutor;Colisão traseira;Com Vítimas Feridas;Pleno dia;Decrescente;Céu Claro;Simples;"Aclive;Reta";Não;3;0;1;0;1;2;1;4;-15,127665;-49,50922;SPRF-GO;DEL07-GO;UOP02-DEL07-GO
714261;26/08/2025;terça-feira;14:30:00;AC;364;207;BUJARI;Ausência de reação do condutor;Saída de leito carroçável;Com Vítimas Feridas;Pleno dia;Decrescente;Sol;Simples;Reta;Não;1;0;1;0;0;0;1;1;-9,540389;-68,309809;SPRF-AC;DEL01-AC;UOP01-DEL01-AC
714265;26/08/2025;terça-feira;21:45:00;DF;70;3,2;BRASILIA;Acessar a via sem observar a presença dos outros veículos;Colisão transversal;Com Vítimas Feridas;Pleno dia;Crescente;Céu Claro;Dupla;Curva;Sim;2;0;1;0;1;0;1;2;-15,801928;-48,083582;SPRF-DF;DEL03-DF;UOP02-DEL03-DF
714267;26/08/2025;terça-feira;21:02:00;GO;40;67,3;CRISTALINA;Reação tardia ou ineficiente do condutor;Colisão traseira;Com Vítimas Fatais;Plena Noite;Decrescente;Céu Claro;Simples;"Reta;Aclive";Não;3;1;1;0;0;2;1;4;-16,583217;-47,78255;SPRF-DF;DEL01-DF;UOP02-DEL01-DF
714268;26/08/2025;terça-feira;19:10:00;SC;282;214,7;LAGES;Acessar a via sem observar a presença dos outros veículos;Colisão traseira;Com Vítimas Feridas;Plena Noite;Decrescente;Chuva;Simples;Reta;Sim;3;0;1;0;1;1;1;3;-27,79255854;-50,2788388;SPRF-SC;DEL05-SC;UOP01-DEL05-SC
714273;26/08/2025;terça-feira;19:00:00;RO;364;47;VILHENA;Manobra de mudança de faixa;Colisão lateral sentido oposto;Sem Vítimas;Plena Noite;Decrescente;Céu Claro;Simples;Reta;Não;4;0;0;0;3;1;0;2;-12,52987214;-60,37123204;SPRF-RO;DEL04-RO;UOP01-DEL04-RO
714278;26/08/2025;terça-feira;23:10:00;SP;116;131;CACAPAVA;Reação tardia ou ineficiente do condutor;Colisão traseira;Com Vítimas Feridas;Plena Noite;Decrescente;Garoa/Chuvisco;Dupla;Reta;Não;2;0;1;0;1;0;1;2;-23,12238173;-45,72589293;SPRF-SP;DEL02-SP;UOP02-DEL02-SP
714282;27/08/2025;quarta-feira;04:00:00;SP;116;451;REGISTRO;Restrição de visibilidade em curvas horizontais;Colisão traseira;Com Vítimas Feridas;Plena Noite;Decrescente;Céu Claro;Dupla;Reta;Não;3;0;1;0;1;2;1;4;-24,54198793;-47,86030166;SPRF-SP;DEL05-SP;UOP01-DEL05-SP
714288;27/08/2025;quarta-feira;01:57:00;RJ;101;237;SILVA JARDIM;Demais falhas mecânicas ou elétricas;Incêndio;Sem Vítimas;Plena Noite;Crescente;Céu Claro;Dupla;Reta;Sim;1;0;0;0;1;0;0;1;-22,61824971;-42,41716146;SPRF-RJ;DEL02-RJ;UOP03-DEL02-RJ
714291;27/08/2025;quarta-feira;05:20:00;SC;470;13,1;ILHOTA;Condutor Dormindo;Colisão traseira;Com Vítimas Feridas;Pleno dia;Decrescente;Nublado;Dupla;"Aclive;Reta";Não;8;0;6;0;1;2;6;4;-26,83976449;-48,78493756;SPRF-SC;DEL04-SC;UOP04-DEL04-SC
714304;27/08/2025;quarta-feira;06:50:00;PR;369;470,8;CORBELIA;Condutor Dormindo;Colisão lateral sentido oposto;Com Vítimas Feridas;Amanhecer;Crescente;Céu Claro;Simples;Curva;Não;11;0;5;1;4;1;6;5;-24,695729;-53,240061;SPRF-PR;DEL04-PR;UOP03-DEL04-PR
714305;27/08/2025;quarta-feira;08:15:00;SC;101;112;ITAJAI;Trafegar com motocicleta (ou similar) entre as faixas;Colisão lateral mesmo sentido;Com Vítimas Fatais;Pleno dia;Decrescente;Céu Claro;Múltipla;"Reta;Viaduto;Aclive";Não;3;1;0;0;1;1;0;3;-26,84522159;-48,72028828;SPRF-SC;DEL04-SC;UOP04-DEL04-SC
714307;13/08/2025;quarta-feira;10:40:00;SC;282;35,4;AGUAS MORNAS;Ausência de reação do condutor;Colisão traseira;Com Vítimas Feridas;Pleno dia;Crescente;Céu Claro;Simples;"Curva;Aclive";Não;2;0;1;0;1;0;1;2;-27,70335657;-48,83122981;SPRF-SC;DEL01-SC;UOP03-DEL01-SC
714310;26/08/2025;terça-feira;04:50:00;SP;381;50,9;ATIBAIA;Reação tardia ou ineficiente do condutor;Colisão traseira;Com Vítimas Feridas;Plena Noite;Decrescente;Céu Claro;Dupla;Reta;Sim;3;0;1;0;1;1;1;3;-23,21315853;-46,59319997;SPRF-SP;DEL03-SP;UOP01-DEL03-SP
714311;27/08/2025;quarta-feira;07:40:00;PR;163;137;CAPITAO LEONIDAS MARQUES;Acessar a via sem observar a presença dos outros veículos;Colisão transversal;Com Vítimas Feridas;Pleno dia;Crescente;Céu Claro;Dupla;"Reta;Em Obras";Sim;7;0;2;3;1;1;5;3;-25,49828075;-53,59915204;SPRF-PR;DEL05-PR;UOP05-DEL05-PR
714316;27/08/2025;quarta-feira;07:15:00;PR;369;172;ROLANDIA;Ausência de reação do condutor;Colisão traseira;Com Vítimas Feridas;Pleno dia;Decrescente;Céu Claro;Simples;Reta;Sim;2;0;1;0;1;0;1;2;-23,308913;-51,368238;SPRF-PR;DEL07-PR;UOP01-DEL07-PR
714322;27/08/2025;quarta-feira;04:00:00;PE;428;14,1;CABROBO;Demais falhas mecânicas ou elétricas;Incêndio;Sem Vítimas;Amanhecer;Decrescente;Céu Claro;Simples;Reta;Não;2;0;0;0;1;2;0;3;-8,500522;-39,343843;SPRF-PE;DEL05-PE;UOP03-DEL05-PE
714330;27/08/2025;quarta-feira;14:15:00;ES;262;144,2;MUNIZ FREIRE;Acessar a via sem observar a presença dos outros veículos;Colisão transversal;Com Vítimas Feridas;Pleno dia;Crescente;Céu Claro;Simples;Interseção de Vias;Não;3;0;0;2;1;0;2;2;-20,23898;-41,40374;SPRF-ES;DEL01-ES;UOP02-DEL01-ES
714336;27/08/2025;quarta-feira;15:40:00;GO;80;43,4;PADRE BERNARDO;Reação tardia ou ineficiente do condutor;Colisão frontal;Com Vítimas Feridas;Pleno dia;Crescente;Céu Claro;Simples;Reta;Não;3;0;0;1;1;3;1;5;-15,190763;-48,28421;SPRF-DF;DEL03-DF;UOP02-DEL03-DF
714341;27/08/2025;quarta-feira;14:00:00;RO;364;691;CANDEIAS DO JAMARI;Manobra de mudança de faixa;Colisão lateral sentido oposto;Com Vítimas Feridas;Pleno dia;Decrescente;Céu Claro;Simples;Reta;Não;5;0;1;0;3;3;1;5;-8,7949;-63,6747;SPRF-RO;DEL01-RO;UOP01-DEL01-RO
714343;27/08/2025;quarta-feira;16:15:00;SE;101;198,7;CRISTINAPOLIS;Acessar a via sem observar a presença dos outros veículos;Colisão transversal;Com Vítimas Feridas;Pleno dia;Decrescente;Céu Claro;Simples;Reta;Sim;3;0;0;1;1;1;1;3;-11,47756423;-37,75761221;SPRF-SE;DEL02-SE;UOP03-DEL02-SE
714347;27/08/2025;quarta-feira;17:50:00;RS;116;40,3;VACARIA;Desrespeitar a preferência no cruzamento;Colisão transversal;Com Vítimas Feridas;Anoitecer;Crescente;Céu Claro;Simples;"Reta;Interseção de Vias";Sim;2;0;1;0;1;0;1;2;-28,52117815;-50,94264714;SPRF-RS;DEL05-RS;UOP03-DEL05-RS
714351;27/08/2025;quarta-feira;11:10:00;BA;116;548;MILAGRES;Condutor Dormindo;Tombamento;Com Vítimas Feridas;Pleno dia;Crescente;Nublado;Simples;Curva;Não;2;0;1;0;0;1;1;2;-12,8896;-39,85881;SPRF-BA;DEL03-BA;UOP02-DEL03-BA
714354;27/08/2025;quarta-feira;14:00:00;SC;470;53,9;BLUMENAU;Conversão proibida;Colisão lateral mesmo sentido;Com Vítimas Feridas;Pleno dia;Crescente;Nublado;Simples;Reta;Sim;2;0;1;0;1;0;1;2;-26,87114036;-49,10998567;SPRF-SC;DEL04-SC;UOP01-DEL04-SC
714360;12/07/2025;sábado;00:00:00;GO;70;52,5;COCALZINHO DE GOIAS;Condutor Dormindo;Saída de leito carroçável;Com Vítimas Feridas;Plena Noite;Crescente;Céu Claro;Simples;Reta;Não;1;0;1;0;0;0;1;1;-15,7510284;-48,6377383;SPRF-DF;DEL03-DF;UOP02-DEL03-DF
714364;27/08/2025;quarta-feira;07:40:00;MS;267;178;NOVA ALVORADA DO SUL;Ultrapassagem Indevida;Colisão lateral sentido oposto;Com Vítimas Fatais;Pleno dia;Crescente;Céu Claro;Simples;Reta;Não;7;2;2;0;1;4;2;7;-21,60309173;-53,81305695;SPRF-MS;DEL02-MS;UOP03-DEL02-MS
714365;27/08/2025;quarta-feira;10:50:00;BA;116;582;NOVA ITARANA;Velocidade Incompatível;Saída de leito carroçável;Com Vítimas Feridas;Pleno dia;Crescente;Céu Claro;Simples;"Declive;Curva";Não;2;0;1;1;0;0;2;1;-13,1094961;-39,9943303;SPRF-BA;DEL03-BA;UOP02-DEL03-BA
714369;27/08/2025;quarta-feira;02:10:00;MS;262;143;AGUA CLARA;Demais falhas mecânicas ou elétricas;Incêndio;Sem Vítimas;Plena Noite;Crescente;Céu Claro;Dupla;Reta;Sim;2;0;0;0;1;3;0;4;-20,44422896;-52,87901437;SPRF-MS;DEL07-MS;UOP02-DEL07-MS
714375;27/08/2025;quarta-feira;08:15:00;MG;116;665,2;SAO FRANCISCO DO GLORIA;Velocidade Incompatível;Tombamento;Com Vítimas Feridas;Pleno dia;Crescente;Nublado;Simples;Curva;Não;2;0;1;0;0;1;1;2;-20,83411653;-42,32207179;SPRF-MG;DEL07-MG;UOP02-DEL07-MG
714376;27/08/2025;quarta-feira;19:15:00;RS;392;26,7;RIO GRANDE;Demais falhas mecânicas ou elétricas;Eventos atípicos;Sem Vítimas;Plena Noite;Crescente;Céu Claro;Dupla;Reta;Sim;2;0;0;0;1;1;0;2;-32,07093815;-52,2636795;SPRF-RS;DEL07-RS;UOP02-DEL07-RS
714381;26/08/2025;terça-feira;08:45:00;BA;324;542;AMELIA RODRIGUES;Condutor deixou de manter distância do veículo da frente;Colisão traseira;Sem Vítimas;Pleno dia;Decrescente;Céu Claro;Dupla;Reta;Não;2;0;0;0;2;0;0;2;-12,39107058;-38,78267169;SPRF-BA;DEL01-BA;UOP03-DEL01-BA
714383;27/08/2025;quarta-feira;12:30:00;SC;101;290,8;IMBITUBA;Manobra de mudança de faixa;Colisão lateral mesmo sentido;Com Vítimas Feridas;Pleno dia;Crescente;Nublado;Dupla;"Reta;Aclive";Não;2;0;1;0;0;1;1;2;-28,28721572;-48,70554686;SPRF-SC;DEL02-SC;UOP03-DEL02-SC
714391;23/08/2025;sábado;15:15:00;RS;470;4;BARRACAO;Ausência de sinalização;Tombamento;Com Vítimas Feridas;Pleno dia;Decrescente;Chuva;Simples;"Declive;Curva";Não;3;0;1;0;1;3;1;5;-27,61952745;-51,48738719;SPRF-RS;DEL08-RS;UOP05-DEL08-RS
714392;27/08/2025;quarta-feira;18:30:00;MA;316;549,4;CAXIAS;Ingestão de álcool pelo condutor;Colisão lateral sentido oposto;Com Vítimas Feridas;Plena Noite;Crescente;Céu Claro;Simples;Reta;Sim;3;0;0;1;1;2;1;4;-4,88746261;-43,36858392;SPRF-MA;DEL03-MA;UOP02-DEL03-MA
714394;27/08/2025;quarta-feira;16:30:00;GO;153;440;ANAPOLIS;Demais falhas mecânicas ou elétricas;Incêndio;Sem Vítimas;Pleno dia;Crescente;Céu Claro;Dupla;Reta;Sim;1;0;0;0;1;0;0;1;-16,335;-48,923;SPRF-GO;DEL02-GO;UOP01-DEL02-GO
714397;27/08/2025;quarta-feira;19:00:00;SE;101;114;ITAPORANGA DAJUDA;Ausência de reação do condutor;Colisão com objeto;Sem Vítimas;Plena Noite;Decrescente;Chuva;Dupla;"Declive;Curva;Retorno Regulamentado";Não;1;0;0;0;1;0;0;1;-11,003532;-37,308047;SPRF-SE;DEL02-SE;UOP01-DEL02-SE
714398;27/08/2025;quarta-feira;18:25:00;PI;316;8,3;TERESINA;Acessar a via sem observar a presença dos outros veículos;Colisão transversal;Com Vítimas Fatais;Plena Noite;Crescente;Céu Claro;Múltipla;"Declive;Interseção de Vias";Sim;4;1;0;0;2;1;0;3;-5,16848548;-42,768251;SPRF-PI;DEL01-PI;UOP02-DEL01-PI
714405;27/08/2025;quarta-feira;20:10:00;PR;369;154,3;LONDRINA;Ausência de reação do condutor;Engavetamento;Sem Vítimas;Plena Noite;Decrescente;Céu Claro;Dupla;Reta;Sim;3;0;0;0;3;0;0;3;-23,29742795;-51,20129125;SPRF-PR;DEL07-PR;UOP01-DEL07-PR
714408;26/08/2025;terça-feira;09:30:00;PA;163;407;ITAITUBA;Ultrapassagem Indevida;Colisão lateral sentido oposto;Com Vítimas Feridas;Pleno dia;Crescente;Céu Claro;Simples;Reta;Sim;4;0;2;0;1;7;2;10;-6,22889916;-55,62490046;SPRF-PA;DEL05-PA;UOP03-DEL05-PA
714412;27/08/2025;quarta-feira;08:20:00;BA;116;907;CANDIDO SALES;Reação tardia ou ineficiente do condutor;Colisão traseira;Com Vítimas Feridas;Pleno dia;Crescente;Céu Claro;Simples;Curva;Não;7;0;3;0;1;3;3;4;-15,497267;-41,237368;SPRF-BA;DEL08-BA;UOP03-DEL08-BA
714420;27/08/2025;quarta-feira;20:30:00;PE;104;29;TORITAMA;Acessar a via sem observar a presença dos outros veículos;Colisão transversal;Com Vítimas Feridas;Plena Noite;Crescente;Céu Claro;Simples;Rotatória;Sim;2;0;1;0;1;0;1;2;-8,0065758;-36,0715804;SPRF-PE;DEL02-PE;UOP01-DEL02-PE
714422;26/08/2025;terça-feira;19:12:00;PA;163;608;ITAITUBA;Reação tardia ou ineficiente do condutor;Tombamento;Com Vítimas Feridas;Plena Noite;Decrescente;Nublado;Simples;Curva;Não;2;0;1;0;0;1;1;2;-4,78466946;-56,11305763;SPRF-PA;DEL05-PA;UOP03-DEL05-PA
714424;27/08/2025;quarta-feira;09:30:00;MG;40;90;LAGOA GRANDE;Reação tardia ou ineficiente do condutor;Colisão traseira;Sem Vítimas;Pleno dia;Decrescente;Céu Claro;Simples;"Reta;Ponte";Não;40;0;0;0;39;2;0;4;-17,50281058;-46,57095306;SPRF-MG;DEL14-MG;UOP01-DEL14-MG
714425;27/08/2025;quarta-feira;19:00:00;RJ;101;174;MACAE;Condutor deixou de manter distância do veículo da frente;Engavetamento;Com Vítimas Feridas;Plena Noite;Decrescente;Céu Claro;Simples;Curva;Não;6;0;3;0;3;0;3;4;-22,37865072;-41,96983337;SPRF-RJ;DEL08-RJ;UOP04-DEL08-RJ
714434;27/08/2025;quarta-feira;08:30:00;RO;421;17;MONTE NEGRO;Reação tardia ou ineficiente do condutor;Colisão lateral sentido oposto;Com Vítimas Feridas;Pleno dia;Crescente;Céu Claro;Simples;Reta;Não;4;0;1;0;2;3;1;5;-10,022348;-63,171177;SPRF-RO;DEL03-RO;UOP01-DEL03-RO
714437;27/08/2025;quarta-feira;14:10:00;MG;116;399;GOVERNADOR VALADARES;Condutor Dormindo;Colisão lateral sentido oposto;Com Vítimas Feridas;Pleno dia;Crescente;Céu Claro;Simples;Reta;Não;8;0;0;1;6;2;1;7;-18,769293;-41,985327;SPRF-MG;DEL06-MG;UOP01-DEL06-MG
714440;27/08/2025;quarta-feira;18:40:00;MA;222;448,8;SANTA LUZIA;Demais falhas mecânicas ou elétricas;Saída de leito carroçável;Com Vítimas Feridas;Plena Noite;Decrescente;Céu Claro;Simples;"Declive;Curva";Não;2;0;1;0;0;1;1;2;-4,10987;-45,967893;SPRF-MA;DEL02-MA;UOP01-DEL02-MA
714444;27/08/2025;quarta-feira;23:00:00;RJ;101;293;ITABORAI;Manobra de mudança de faixa;Colisão lateral mesmo sentido;Com Vítimas Feridas;Plena Noite;Crescente;Céu Claro;Dupla;Reta;Sim;2;0;1;0;1;0;1;2;-22,7582007;-42,89517973;SPRF-RJ;DEL02-RJ;UOP02-DEL02-RJ
714448;28/08/2025;quinta-feira;00:20:00;PE;101;39,3;IGARASSU;Ausência de reação do condutor;Saída de leito carroçável;Sem Vítimas;Plena Noite;Crescente;Céu Claro;Múltipla;Reta;Sim;2;0;0;0;1;1;0;2;-7,8163124;-34,9186201;SPRF-PE;DEL01-PE;UOP02-DEL01-PE
714450;28/08/2025;quinta-feira;01:00:00;MG;381;810;CAREACU;Reação tardia ou ineficiente do condutor;Colisão com objeto;Com Vítimas Feridas;Plena Noite;Decrescente;Chuva;Dupla;"Reta;Declive";Não;2;0;1;0;0;1;1;2;-21,99026576;-45,66208111;SPRF-MG;DEL16-MG;UOP02-DEL16-MG
714452;28/08/2025;quinta-feira;00:56:00;SP;116;322;ITAPECERICA DA SERRA;Manobra de mudança de faixa;Colisão lateral mesmo sentido;Sem Vítimas;Plena Noite;Crescente;Garoa/Chuvisco;Dupla;Reta;Não;3;0;0;0;2;1;0;3;-23,70029743;-46,86899911;SPRF-SP;DEL04-SP;UOP03-DEL04-SP
714453;28/08/2025;quinta-feira;02:50:00;TO;153;560;FATIMA;Demais falhas mecânicas ou elétricas;Incêndio;Sem Vítimas;Plena Noite;Crescente;Céu Claro;Dupla;Reta;Sim;3;0;0;0;2;1;0;2;-10,75602789;-48,90241094;SPRF-TO;DEL01-TO;UOP01-DEL01-TO
714454;28/08/2025;quinta-feira;02:00:00;MG;381;516;BRUMADINHO;Velocidade Incompatível;Tombamento;Com Vítimas Feridas;Plena Noite;Decrescente;Céu Claro;Dupla;"Declive;Curva";Não;2;0;1;0;0;1;1;2;-20,13254355;-44,305446;SPRF-MG;DEL01-MG;UOP03-DEL01-MG
714457;28/08/2025;quinta-feira;02:50:00;PE;423;70,3;JUPI;Reação tardia ou ineficiente do condutor;Colisão traseira;Com Vítimas Feridas;Plena Noite;Decrescente;Céu Claro;Simples;"Aclive;Reta";Não;2;0;0;1;0;1;1;2;-8,6866929;-36,4092658;SPRF-PE;DEL03-PE;UOP01-DEL03-PE
714459;28/08/2025;quinta-feira;05:00:00;RJ;40;98;DUQUE DE CAXIAS;Demais falhas mecânicas ou elétricas;Incêndio;Sem Vítimas;Amanhecer;Crescente;Nublado;Simples;Reta;Não;2;0;0;0;1;1;0;2;-22,57789673;-43,27338028;SPRF-RJ;DEL01-RJ;UOP01-DEL01-RJ
714462;28/08/2025;quinta-feira;03:30:00;PE;408;35,1;ALIANCA;Ausência de reação do condutor;Tombamento;Com Vítimas Fatais;Plena Noite;Decrescente;Céu Claro;Simples;"Declive;Curva;Ponte";Não;2;1;0;0;0;2;0;3;-7,61454379;-35,23934551;SPRF-PE;DEL01-PE;UOP01-DEL01-PE
714463;28/08/2025;quinta-feira;05:30:00;MG;262;453,5;ARAUJOS;Condutor deixou de manter distância do veículo da frente;Colisão traseira;Com Vítimas Fatais;Amanhecer;Decrescente;Céu Claro;Simples;Reta;Não;3;1;1;0;0;1;1;3;-19,81104194;-45,10977745;SPRF-MG;DEL08-MG;UOP03-DEL08-MG
714467;28/08/2025;quinta-feira;05:50:00;PE;101;74,7;RECIFE;Manobra de mudança de faixa;Colisão lateral mesmo sentido;Com Vítimas Feridas;Amanhecer;Decrescente;Céu Claro;Dupla;Reta;Sim;4;0;1;0;1;2;1;4;-8,107517;-34,94804;SPRF-PE;DEL01-PE;UOP01-DEL01-PE