id;data_inversa;dia_semana;horario;uf;br;km;municipio;causa_acidente;tipo_acidente;classificacao_acidente;fase_dia;sentido_via;condicao_metereologica;tipo_pista;tracado_via;uso_solo;pessoas;mortos;feridos_leves;feridos_graves;ilesos;ignorados;feridos;veiculos;latitude;longitude;regional;delegacia;uop
714765;29/08/2025;sexta-feira;14:50:00;ES;101;298,6;VIANA;Manobra de mudança de faixa;Colisão lateral mesmo sentido;Com Vítimas Feridas;Pleno dia;Decrescente;Céu Claro;Dupla;"Reta;Retorno Regulamentado";Sim;2;0;1;0;1;0;1;2;-20,35702039;-40,41938424;SPRF-ES;DEL01-ES;UOP01-DEL01-ES
714767;21/08/2025;quinta-feira;15:10:00;SP;153;13,4;ICEM;Ausência de reação do condutor;Colisão traseira;Com Vítimas Feridas;Pleno dia;Crescente;Céu Claro;Simples;Reta;Não;4;0;1;0;2;9;1;11;-20,41003872;-49,25211016;SPRF-SP;DEL09-SP;UOP01-DEL09-SP
714771;29/08/2025;sexta-feira;13:30:00;PR;376;336;ORTIGUEIRA;Reação tardia ou ineficiente do condutor;Colisão lateral sentido oposto;Com Vítimas Feridas;Pleno dia;Decrescente;Céu Claro;Simples;Curva;Não;5;0;1;1;1;3;2;5;-24,13864716;-51,00578785;SPRF-PR;DEL07-PR;UOP02-DEL07-PR
714775;29/08/2025;sexta-feira;15:40:00;DF;20;13;BRASILIA;Manobra de mudança de faixa;Colisão lateral mesmo sentido;Sem Vítimas;Pleno dia;Crescente;Céu Claro;Múltipla;"Desvio Temporário;Em Obras;Reta";Sim;2;0;0;0;2;0;0;2;-15,63774972;-47,74676442;SPRF-DF;DEL02-DF;UOP01-DEL02-DF
714781;29/08/2025;sexta-feira;14:40:00;PE;423;94,9;GARANHUNS;Acesso irregular;Colisão transversal;Sem Vítimas;Pleno dia;Crescente;Chuva;Simples;Interseção de Vias;Sim;2;0;0;0;2;0;0;2;-8,8785;-36,4774;SPRF-PE;DEL03-PE;UOP01-DEL03-PE
714782;29/08/2025;sexta-feira;15:45:00;SP;116;503;CAJATI;Ausência de reação do condutor;Saída de leito carroçável;Sem Vítimas;Pleno dia;Crescente;Nublado;Simples;"Declive;Reta";Não;2;0;0;0;1;1;0;2;-24,775992;-48,20972443;SPRF-SP;DEL05-SP;UOP02-DEL05-SP
714784;25/07/2025;sexta-feira;06:30:00;PR;277;506,5;GUARANIACU;Acessar a via sem observar a presença dos outros veículos;Colisão traseira;Sem Vítimas;Pleno dia;Crescente;Nevoeiro/Neblina;Simples;Reta;Não;3;0;0;0;2;1;0;3;-25,126456;-52,741811;SPRF-PR;DEL04-PR;UOP04-DEL04-PR
714797;29/08/2025;sexta-feira;16:35:00;PE;232;9,4;JABOATAO DOS GUARARAPES;Trafegar com motocicleta (ou similar) entre as faixas;Colisão lateral mesmo sentido;Com Vítimas Fatais;Pleno dia;Crescente;Ignorado;Dupla;"Reta;Viaduto";Sim;6;1;0;1;1;4;1;6;-8,07867;-34,98184;SPRF-PE;DEL01-PE;UOP01-DEL01-PE
714804;29/08/2025;sexta-feira;12:05:00;RO;364;272,7;CACOAL;Entrada inopinada do pedestre;Atropelamento de Pedestre;Com Vítimas Fatais;Pleno dia;Crescente;Sol;Simples;Reta;Não;3;1;0;0;1;1;0;2;-11,384652;-61,738488;SPRF-RO;DEL02-RO;UOP02-DEL02-RO
714806;05/08/2025;terça-feira;11:10:00;PA;163;980;SANTAREM;Reação tardia ou ineficiente do condutor;Queda de ocupante de veículo;Com Vítimas Feridas;Pleno dia;Crescente;Céu Claro;Simples;Reta;Não;2;0;0;1;0;1;1;2;-2,62687159;-54,73912239;SPRF-PA;DEL05-PA;UOP01-DEL05-PA
714809;29/08/2025;sexta-feira;15:00:00;BA;116;865;VITORIA DA CONQUISTA;Ausência de reação do condutor;Colisão traseira;Com Vítimas Feridas;Pleno dia;Crescente;Céu Claro;Simples;Reta;Não;3;0;1;0;1;2;1;4;-15,16701;-41,06076;SPRF-BA;DEL08-BA;UOP01-DEL08-BA
714813;29/08/2025;sexta-feira;14:20:00;MG;40;642,9;CONSELHEIRO LAFAIETE;Pista Escorregadia;Colisão frontal;Com Vítimas Fatais;Pleno dia;Crescente;Chuva;Simples;"Declive;Curva";Não;3;1;1;0;0;2;1;4;-20,769594;-43,805808;SPRF-MG;DEL05-MG;UOP02-DEL05-MG
714816;29/08/2025;sexta-feira;16:30:00;PR;163;13,5;BARRACAO;Demais falhas mecânicas ou elétricas;Tombamento;Com Vítimas Feridas;Pleno dia;Crescente;Céu Claro;Simples;"Aclive;Reta";Não;4;0;2;0;1;1;2;2;-26,219837;-53,640185;SPRF-PR;DEL02-PR;UOP02-DEL02-PR
714817;12/07/2025;sábado;19:50:00;PR;376;140;NOVA ESPERANCA;Objeto estático sobre o leito carroçável;Colisão transversal;Com Vítimas Feridas;Plena Noite;Crescente;Céu Claro;Dupla;Reta;Não;2;0;1;0;0;1;1;2;-23,22874278;-52,17634464;SPRF-PR;DEL09-PR;UOP02-DEL09-PR
714829;29/08/2025;sexta-feira;10:20:00;AL;104;44,1;BRANQUINHA;Acumulo de água sobre o pavimento;Tombamento;Com Vítimas Feridas;Pleno dia;Crescente;Chuva;Simples;Curva;Não;2;0;1;0;1;0;1;1;-9,229036;-36,027018;SPRF-AL;DEL01-AL;UOP02-DEL01-AL
714830;29/08/2025;sexta-feira;18:30:00;BA;324;580;CANDEIAS;Ausência de reação do condutor;Colisão traseira;Com Vítimas Feridas;Plena Noite;Crescente;Céu Claro;Múltipla;Reta;Sim;5;0;3;0;2;0;3;4;-12,61133;-38,489971;SPRF-BA;DEL01-BA;UOP01-DEL01-BA
714836;03/06/2025;terça-feira;00:30:00;ES;101;295,3;CARIACICA;Condutor deixou de manter distância do veículo da frente;Colisão traseira;Com Vítimas Feridas;Plena Noite;Decrescente;Chuva;Dupla;Reta;Não;2;0;0;1;0;1;1;2;-20,33226236;-40,40030956;SPRF-ES;DEL01-ES;UOP01-DEL01-ES
714838;29/08/2025;sexta-feira;16:50:00;SC;282;568,2;NOVA ERECHIM;Condutor deixou de manter distância do veículo da frente;Engavetamento;Com Vítimas Feridas;Pleno dia;Crescente;Céu Claro;Simples;Reta;Sim;6;0;1;0;5;0;1;5;-26,90427037;-52,90843813;SPRF-SC;DEL07-SC;UOP02-DEL07-SC
714840;29/08/2025;sexta-feira;17:25:00;SC;101;302,9;LAGUNA;Reação tardia ou ineficiente do condutor;Colisão com objeto;Com Vítimas Feridas;Pleno dia;Decrescente;Nublado;Dupla;Reta;Sim;3;0;1;0;1;1;1;3;-28,39562868;-48,77929688;SPRF-SC;DEL02-SC;UOP03-DEL02-SC
714852;29/08/2025;sexta-feira;19:30:00;SP;116;297;ITAPECERICA DA SERRA;Manobra de mudança de faixa;Saída de leito carroçável;Com Vítimas Feridas;Pleno dia;Decrescente;Chuva;Dupla;Declive;Sim;2;0;1;0;0;1;1;2;-23,77457;-46,91382;SPRF-SP;DEL04-SP;UOP01-DEL04-SP
714853;29/08/2025;sexta-feira;19:30:00;MG;381;494;BETIM;Condutor deixou de manter distância do veículo da frente;Engavetamento;Com Vítimas Feridas;Plena Noite;Decrescente;Chuva;Dupla;Reta;Não;3;0;1;0;2;0;1;3;-19,96618744;-44,17769305;SPRF-MG;DEL01-MG;UOP03-DEL01-MG
714864;29/08/2025;sexta-feira;17:25:00;BA;101;857;TEIXEIRA DE FREITAS;Reação tardia ou ineficiente do condutor;Saída de leito carroçável;Com Vítimas Feridas;Anoitecer;Decrescente;Céu Claro;Simples;Reta;Não;2;0;0;1;0;1;1;2;-17,375759;-39,657405;SPRF-BA;DEL09-BA;UOP02-DEL09-BA
714866;29/08/2025;sexta-feira;18:00:00;RS;290;12;SANTO ANTONIO DA PATRULHA;Demais falhas mecânicas ou elétricas;Tombamento;Com Vítimas Feridas;Plena Noite;Decrescente;Céu Claro;Dupla;Reta;Não;2;0;1;0;0;1;1;2;-29,88364674;-50,38976088;SPRF-RS;DEL03-RS;UOP01-DEL03-RS
714878;29/08/2025;sexta-feira;20:30:00;RJ;116;277;BARRA MANSA;Ingestão de álcool pelo condutor;Colisão lateral mesmo sentido;Sem Vítimas;Plena Noite;Decrescente;Chuva;Dupla;Declive;Sim;2;0;0;0;2;0;0;2;-22,55811741;-44,1729753;SPRF-RJ;DEL07-RJ;UOP02-DEL07-RJ
714879;29/08/2025;sexta-feira;20:11:00;GO;60;4,5;SANTO ANTONIO DO DESCOBERTO;Chuva;Colisão com objeto;Com Vítimas Feridas;Plena Noite;Decrescente;Chuva;Dupla;"Ponte;Curva;Aclive";Não;3;0;0;1;1;1;1;3;-16,090018;-48,274738;SPRF-DF;DEL03-DF;UOP01-DEL03-DF
714887;29/08/2025;sexta-feira;17:30:00;PI;407;433;GEMINIANO;Ausência de reação do condutor;Colisão lateral mesmo sentido;Com Vítimas Feridas;Anoitecer;Crescente;Céu Claro;Simples;Reta;Sim;3;0;1;0;2;0;1;2;-7,160743;-41,356528;SPRF-PI;DEL04-PI;UOP01-DEL04-PI
714906;29/08/2025;sexta-feira;21:30:00;PR;277;0,8;PARANAGUA;Acessar a via sem observar a presença dos outros veículos;Colisão transversal;Com Vítimas Feridas;Plena Noite;Crescente;Nublado;Simples;Reta;Sim;4;0;0;1;2;2;1;5;-25,517773;-48,540992;SPRF-PR;DEL01-PR;UOP05-DEL01-PR
714907;29/08/2025;sexta-feira;20:30:00;RS;158;285;JULIO DE CASTILHOS;Demais falhas mecânicas ou elétricas;Incêndio;Sem Vítimas;Pleno dia;Decrescente;Céu Claro;Simples;Reta;Não;2;0;0;0;1;2;0;3;-29,416018;-53,670716;SPRF-RS;DEL09-RS;UOP01-DEL09-RS
714908;29/08/2025;sexta-feira;20:00:00;PR;163;230;CASCAVEL;Reação tardia ou ineficiente do condutor;Saída de leito carroçável;Com Vítimas Feridas;Plena Noite;Decrescente;Céu Claro;Dupla;"Aclive;Curva";Não;2;0;1;0;0;2;1;3;-24,806128;-53,671762;SPRF-PR;DEL04-PR;UOP01-DEL04-PR
714914;29/08/2025;sexta-feira;19:30:00;MG;251;334;RUBELITA;Ausência de reação do condutor;Tombamento;Com Vítimas Feridas;Anoitecer;Decrescente;Céu Claro;Simples;"Declive;Curva";Não;2;0;0;1;0;11;1;12;-16,2658486;-42,41314888;SPRF-MG;DEL12-MG;UOP02-DEL12-MG
714916;29/08/2025;sexta-feira;23:30:00;PR;116;146;MANDIRITUBA;Ausência de reação do condutor;Colisão frontal;Com Vítimas Feridas;Plena Noite;Crescente;Nublado;Simples;Reta;Não;4;0;1;0;2;1;1;3;-25,816762;-49,332242;SPRF-PR;DEL01-PR;UOP03-DEL01-PR
714918;29/08/2025;sexta-feira;21:40:00;RJ;116;281;BARRA MANSA;Reação tardia ou ineficiente do condutor;Colisão com objeto;Com Vítimas Feridas;Plena Noite;Decrescente;Chuva;Dupla;Curva;Sim;3;0;1;0;2;0;1;3;-22,528127;-44,196574;SPRF-RJ;DEL07-RJ;UOP02-DEL07-RJ
714919;29/08/2025;sexta-feira;21:30:00;MG;116;803,9;ALEM PARAIBA;Velocidade Incompatível;Colisão lateral sentido oposto;Com Vítimas Feridas;Plena Noite;Decrescente;Chuva;Simples;Curva;Não;3;0;1;0;1;1;1;3;-21,794098;-42,712232;SPRF-MG;DEL07-MG;UOP01-DEL07-MG
714924;29/08/2025;sexta-feira;17:45:00;MG;116;286;TEOFILO OTONI;Ausência de reação do condutor;Tombamento;Com Vítimas Feridas;Anoitecer;Crescente;Céu Claro;Simples;"Reta;Ponte;Declive";Não;3;0;2;0;0;1;2;2;-17,93997503;-41,52813641;SPRF-MG;DEL11-MG;UOP01-DEL11-MG
714926;29/08/2025;sexta-feira;22:30:00;MG;262;437;NOVA SERRANA;Ausência de reação do condutor;Colisão traseira;Com Vítimas Feridas;Plena Noite;Crescente;Céu Claro;Dupla;Reta;Sim;3;0;1;0;1;1;1;3;-19,87130287;-44,97209722;SPRF-MG;DEL08-MG;UOP03-DEL08-MG
714927;29/08/2025;sexta-feira;22:30:00;PR;476;303;SAO MATEUS DO SUL;Ingestão de álcool pelo condutor;Colisão frontal;Sem Vítimas;Plena Noite;Crescente;Céu Claro;Simples;Reta;Não;3;0;0;0;1;2;0;3;-26,01620324;-50,64005792;SPRF-PR;DEL02-PR;UOP03-DEL02-PR
714935;30/08/2025;sábado;03:30:00;GO;50;134,9;IPAMERI;Ausência de reação do condutor;Saída de leito carroçável;Sem Vítimas;Amanhecer;Decrescente;Céu Claro;Dupla;Reta;Não;1;0;0;0;1;0;0;1;-17,04681;-47,75519;SPRF-GO;DEL06-GO;UOP01-DEL06-GO
714936;30/08/2025;sábado;03:40:00;MG;40;569,7;NOVA LIMA;Acessar a via sem observar a presença dos outros veículos;Colisão transversal;Com Vítimas Feridas;Plena Noite;Decrescente;Garoa/Chuvisco;Simples;Reta;Sim;4;0;0;1;1;2;1;4;-20,21709978;-43,97174835;SPRF-MG;DEL01-MG;UOP02-DEL01-MG
714938;30/08/2025;sábado;01:30:00;MG;381;167,2;GOVERNADOR VALADARES;Ingestão de álcool pelo condutor;Colisão lateral sentido oposto;Sem Vítimas;Plena Noite;Decrescente;Céu Claro;Simples;Reta;Não;4;0;0;0;2;2;0;3;-18,8454687;-41,96202;SPRF-MG;DEL06-MG;UOP01-DEL06-MG
714940;30/08/2025;sábado;05:00:00;SC;101;9,9;GARUVA;Reação tardia ou ineficiente do condutor;Colisão traseira;Com Vítimas Feridas;Plena Noite;Crescente;Nublado;Dupla;"Reta;Declive";Não;3;0;1;0;1;1;1;3;-26,060839;-48,859928;SPRF-SC;DEL03-SC;UOP01-DEL03-SC
714942;30/08/2025;sábado;01:20:00;PI;230;304;FLORIANO;Demais falhas mecânicas ou elétricas;Incêndio;Sem Vítimas;Plena Noite;Crescente;Céu Claro;Simples;Reta;Não;2;0;0;0;1;1;0;2;-6,8002477;-42,9731595;SPRF-PI;DEL03-PI;UOP01-DEL03-PI
714947;30/08/2025;sábado;03:50:00;RJ;40;72;PETROPOLIS;Velocidade Incompatível;Saída de leito carroçável;Com Vítimas Feridas;Plena Noite;Decrescente;Garoa/Chuvisco;Dupla;"Declive;Curva";Não;1;0;1;0;0;0;1;1;-22,460494;-43,221096;SPRF-RJ;DEL01-RJ;UOP01-DEL01-RJ
714949;30/08/2025;sábado;05:33:00;RS;470;211;BENTO GONCALVES;Ingestão de álcool pelo condutor;Colisão frontal;Com Vítimas Feridas;Plena Noite;Crescente;Céu Claro;Múltipla;Curva;Não;5;0;2;2;1;0;4;3;-29,13772015;-51,5431602;SPRF-RS;DEL06-RS;UOP01-DEL06-RS
714951;30/08/2025;sábado;05:35:00;GO;153;490;GOIANIA;Ausência de reação do condutor;Colisão traseira;Com Vítimas Fatais;Plena Noite;Decrescente;Nublado;Dupla;Reta;Sim;2;1;0;0;1;0;0;2;-16,620509;-49,20608494;SPRF-GO;DEL01-GO;UOP01-DEL01-GO
714958;30/08/2025;sábado;06:50:00;PR;116;115;CURITIBA;Ausência de reação do condutor;Tombamento;Com Vítimas Feridas;Pleno dia;Crescente;Céu Claro;Dupla;"Viaduto;Interseção de Vias";Sim;6;0;2;0;4;0;2;4;-25,54526807;-49,3035078;SPRF-PR;DEL01-PR;UOP03-DEL01-PR
714959;30/08/2025;sábado;06:00:00;MG;50;152;UBERABA;Estacionar ou parar em local proibido;Colisão transversal;Com Vítimas Feridas;Pleno dia;Decrescente;Céu Claro;Dupla;Reta;Não;2;0;1;0;0;1;1;2;-19,58316208;-48,03128242;SPRF-MG;DEL13-MG;UOP01-DEL13-MG
714961;30/08/2025;sábado;07:10:00;SP;116;203;ARUJA;Reação tardia ou ineficiente do condutor;Colisão traseira;Com Vítimas Feridas;Pleno dia;Decrescente;Céu Claro;Múltipla;Aclive;Sim;4;0;0;2;1;1;2;3;-23,40274952;-46,31897092;SPRF-SP;DEL01-SP;UOP01-DEL01-SP
714964;19/08/2025;terça-feira;01:40:00;MT;364;392;CUIABA;Condutor deixou de manter distância do veículo da frente;Colisão traseira;Sem Vítimas;Plena Noite;Decrescente;Céu Claro;Dupla;Reta;Não;2;0;0;0;2;0;0;2;-15,68803224;-55,91037869;SPRF-MT;DEL01-MT;UOP02-DEL01-MT
714965;30/08/2025;sábado;07:15:00;MG;262;403,2;IGARATINGA;Condutor deixou de manter distância do veículo da frente;Colisão traseira;Com Vítimas Fatais;Pleno dia;Decrescente;Sol;Dupla;"Reta;Aclive";Não;3;1;0;0;1;3;0;5;-19,90628;-44,66813;SPRF-MG;DEL01-MG;UOP03-DEL01-MG
714966;30/08/2025;sábado;05:15:00;CE;222;28;CAUCAIA;Reação tardia ou ineficiente do condutor;Saída de leito carroçável;Sem Vítimas;Amanhecer;Crescente;Céu Claro;Dupla;"Declive;Reta";Não;1;0;0;0;0;1;0;1;-3,71428197;-38,81104644;SPRF-CE;DEL01-CE;UOP01-DEL01-CE
714969;30/08/2025;sábado;05:30:00;SC;282;670,9;PARAISO;Velocidade Incompatível;Tombamento;Com Vítimas Feridas;Amanhecer;Decrescente;Céu Claro;Simples;Curva;Não;2;0;0;1;0;1;1;2;-26,62240191;-53,64831017;SPRF-SC;DEL07-SC;UOP03-DEL07-SC
714972;30/08/2025;sábado;08:05:00;RS;293;13;CAPAO DO LEAO;Condutor deixou de manter distância do veículo da frente;Colisão traseira;Com Vítimas Feridas;Pleno dia;Decrescente;Garoa/Chuvisco;Simples;Reta;Não;6;0;5;0;1;0;5;2;-31,75347806;-52,45584107;SPRF-RS;DEL07-RS;UOP01-DEL07-RS
714995;30/08/2025;sábado;05:30:00;RO;364;243,2;CACOAL;Demais falhas mecânicas ou elétricas;Derramamento de carga;Sem Vítimas;Amanhecer;Crescente;Céu Claro;Simples;Reta;Sim;3;0;0;0;1;2;0;2;-11,440288;-61,498387;SPRF-RO;DEL02-RO;UOP02-DEL02-RO
715001;30/08/2025;sábado;10:30:00;GO;40;131;CRISTALINA;Demais falhas mecânicas ou elétricas;Incêndio;Sem Vítimas;Pleno dia;Crescente;Céu Claro;Simples;Reta;Não;1;0;0;0;1;0;0;1;-16,94952801;-47,30818033;SPRF-DF;DEL01-DF;UOP02-DEL01-DF
715004;30/08/2025;sábado;11:35:00;BA;407;4;JUAZEIRO;Conversão proibida;Colisão traseira;Sem Vítimas;Pleno dia;Decrescente;Céu Claro;Simples;Reta;Sim;2;0;0;0;2;0;0;2;-9,446692;-40,490997;SPRF-PE;DEL06-PE;UOP01-DEL06-PE
715006;30/08/2025;sábado;11:30:00;RS;293;3;PELOTAS;Acessar a via sem observar a presença dos outros veículos;Colisão lateral mesmo sentido;Com Vítimas Feridas;Pleno dia;Crescente;Céu Claro;Simples;Rotatória;Não;3;0;1;0;1;2;1;4;-31,741633;-52,364589;SPRF-RS;DEL07-RS;UOP01-DEL07-RS
715019;30/08/2025;sábado;10:30:00;MG;262;99,7;ABRE CAMPO;Ultrapassagem Indevida;Colisão frontal;Com Vítimas Feridas;Pleno dia;Crescente;Céu Claro;Simples;Curva;Não;7;0;2;3;1;3;5;6;-20,29155;-42,513045;SPRF-MG;DEL03-MG;UOP03-DEL03-MG
715025;30/08/2025;sábado;13:15:00;RS;287;282;SAO PEDRO DO SUL;Reação tardia ou ineficiente do condutor;Colisão transversal;Com Vítimas Feridas;Pleno dia;Decrescente;Céu Claro;Simples;Rotatória;Sim;5;0;1;0;4;0;1;2;-29,63642672;-54,18520181;SPRF-RS;DEL09-RS;UOP01-DEL09-RS
715031;30/08/2025;sábado;13:30:00;MS;267;10,1;BATAGUASSU;Reação tardia ou ineficiente do condutor;Colisão lateral sentido oposto;Com Vítimas Feridas;Pleno dia;Crescente;Céu Claro;Simples;Reta;Não;3;0;1;0;0;2;1;3;-21,729985;-52,237303;SPRF-MS;DEL02-MS;UOP04-DEL02-MS
715034;30/08/2025;sábado;13:45:00;MS;262;558;MIRANDA;Suicídio (presumido);Atropelamento de Pedestre;Com Vítimas Fatais;Pleno dia;Decrescente;Céu Claro;Simples;Reta;Sim;3;1;0;0;1;2;0;4;-20,23325;-56,380542;SPRF-MS;DEL03-MS;UOP02-DEL03-MS
715038;30/08/2025;sábado;14:45:00;MG;153;17,5;CENTRALINA;Reação tardia ou ineficiente do condutor;Tombamento;Com Vítimas Feridas;Pleno dia;Decrescente;Céu Claro;Dupla;Reta;Sim;2;0;1;0;0;1;1;2;-18,5733359;-49,1936007;SPRF-MG;DEL15-MG;UOP03-DEL15-MG
715039;30/08/2025;sábado;14:00:00;PB;101;59;SANTA RITA;Condutor Dormindo;Colisão traseira;Com Vítimas Feridas;Pleno dia;Decrescente;Céu Claro;Dupla;Aclive;Não;3;0;1;0;2;0;1;2;-7,003514;-35,063375;SPRF-PB;DEL01-PB;UOP03-DEL01-PB
715041;30/08/2025;sábado;14:20:00;MG;381;908,2;CAMBUI;Velocidade Incompatível;Colisão com objeto;Com Vítimas Feridas;Pleno dia;Decrescente;Sol;Dupla;"Declive;Curva";Não;2;0;1;0;0;1;1;2;-22,6802256;-46,1008178;SPRF-MG;DEL16-MG;UOP03-DEL16-MG
715044;30/08/2025;sábado;13:15:00;MT;364;368;SANTO ANTONIO DO LEVERGER;Ultrapassagem Indevida;Colisão lateral mesmo sentido;Com Vítimas Feridas;Pleno dia;Decrescente;Céu Claro;Dupla;Reta;Não;3;0;0;1;1;2;1;4;-15,715038;-55,690529;SPRF-MT;DEL01-MT;UOP02-DEL01-MT
715049;30/08/2025;sábado;14:20:00;BA;324;522;FEIRA DE SANTANA;Reação tardia ou ineficiente do condutor;Colisão traseira;Com Vítimas Feridas;Pleno dia;Decrescente;Céu Claro;Dupla;Reta;Sim;5;0;2;0;2;1;2;2;-12,28961522;-38,9124468;SPRF-BA;DEL01-BA;UOP03-DEL01-BA
715056;30/08/2025;sábado;15:00:00;TO;230;101;SAO BENTO DO TOCANTINS;Desrespeitar a preferência no cruzamento;Colisão transversal;Com Vítimas Feridas;Pleno dia;Crescente;Céu Claro;Simples;"Reta;Interseção de Vias";Não;4;0;1;1;1;1;2;3;-5,96821494;-47,88161365;SPRF-TO;DEL02-TO;UOP03-DEL02-TO
715060;30/08/2025;sábado;16:30:00;ES;101;427,9;MIMOSO DO SUL;Chuva;Colisão frontal;Com Vítimas Fatais;Pleno dia;Crescente;Chuva;Simples;Curva;Não;2;1;0;0;1;0;0;2;-21,13574526;-41,27855301;SPRF-ES;DEL03-ES;UOP02-DEL03-ES
715070;30/08/2025;sábado;16:20:00;DF;70;3,5;BRASILIA;Acessar a via sem observar a presença dos outros veículos;Colisão traseira;Sem Vítimas;Pleno dia;Crescente;Céu Claro;Dupla;"Curva;Retorno Regulamentado";Sim;2;0;0;0;2;0;0;2;-15,7952762;-48,1991019;SPRF-DF;DEL03-DF;UOP02-DEL03-DF
715073;30/08/2025;sábado;14:25:00;PR;153;482,2;GENERAL CARNEIRO;Transitar na contramão;Colisão frontal;Com Vítimas Feridas;Pleno dia;Decrescente;Céu Claro;Simples;Reta;Não;4;0;0;1;2;1;1;4;-26,39802031;-51,2828064;SPRF-PR;DEL02-PR;UOP03-DEL02-PR
715077;30/08/2025;sábado;09:09:00;PR;476;332,9;PAULA FREITAS;Reação tardia ou ineficiente do condutor;Colisão frontal;Com Vítimas Fatais;Pleno dia;Decrescente;Céu Claro;Simples;Curva;Não;3;1;0;0;1;2;0;4;-26,12152;-50,8417;SPRF-PR;DEL02-PR;UOP03-DEL02-PR
715088;30/08/2025;sábado;14:00:00;MG;354;719,9;POUSO ALTO;Problema com o freio;Tombamento;Com Vítimas Feridas;Pleno dia;Crescente;Céu Claro;Simples;Curva;Não;1;0;0;1;0;0;1;1;-22,08319425;-44,95711684;SPRF-MG;DEL17-MG;UOP01-DEL17-MG
715089;28/05/2025;quarta-feira;16:00:00;PA;163;320,9;NOVO PROGRESSO;Reação tardia ou ineficiente do condutor;Saída de leito carroçável;Com Vítimas Feridas;Pleno dia;Decrescente;Céu Claro;Simples;Curva;Não;2;0;1;0;0;1;1;2;-6,96753025;-55,44911771;SPRF-PA;DEL05-PA;UOP03-DEL05-PA
715092;30/08/2025;sábado;18:20:00;ES;101;390;RIO NOVO DO SUL;Reação tardia ou ineficiente do condutor;Colisão traseira;Com Vítimas Feridas;Plena Noite;Crescente;Chuva;Dupla;Reta;Não;3;0;1;0;1;3;1;5;-20,865465;-40,887843;SPRF-ES;DEL03-ES;UOP02-DEL03-ES
715093;30/08/2025;sábado;17:30:00;MG;262;359,9;JUATUBA;Manobra de mudança de faixa;Colisão lateral mesmo sentido;Com Vítimas Feridas;Plena Noite;Decrescente;Céu Claro;Dupla;"Declive;Reta";Sim;3;0;1;0;1;3;1;5;-19,97264714;-44,31013959;SPRF-MG;DEL01-MG;UOP03-DEL01-MG
715097;30/08/2025;sábado;15:10:00;SC;116;284,4;CAPAO ALTO;Demais falhas mecânicas ou elétricas;Incêndio;Sem Vítimas;Pleno dia;Decrescente;Céu Claro;Simples;"Declive;Reta";Não;2;0;0;0;0;3;0;3;-28,075206;-50,580326;SPRF-SC;DEL05-SC;UOP02-DEL05-SC
715100;30/08/2025;sábado;18:00:00;MT;364;197;RONDONOPOLIS;Ultrapassagem Indevida;Colisão lateral sentido oposto;Com Vítimas Feridas;Anoitecer;Crescente;Céu Claro;Simples;Aclive;Não;5;0;0;1;3;4;1;8;-16,51644131;-54,60725997;SPRF-MT;DEL02-MT;UOP01-DEL02-MT
715105;30/08/2025;sábado;19:10:00;RN;226;277;TRIUNFO POTIGUAR;Velocidade Incompatível;Saída de leito carroçável;Com Vítimas Feridas;Plena Noite;Decrescente;Céu Claro;Simples;Curva;Não;1;0;1;0;0;0;1;1;-5,86123641;-37,19755411;SPRF-RN;DEL03-RN;UOP01-DEL03-RN
715109;30/08/2025;sábado;04:00:00;BA;116;24,2;ABARE;Ausência de reação do condutor;Saída de leito carroçável;Sem Vítimas;Amanhecer;Decrescente;Céu Claro;Simples;"Em Obras;Reta";Não;1;0;0;0;1;0;0;1;-8,834968;-39,259422;SPRF-PE;DEL05-PE;UOP03-DEL05-PE
715110;30/08/2025;sábado;19:30:00;MG;40;773,5;JUIZ DE FORA;Transitar na contramão;Colisão frontal;Com Vítimas Feridas;Pleno dia;Decrescente;Nublado;Simples;Reta;Não;2;0;1;0;1;0;1;2;-21,64738566;-43,43493875;SPRF-MG;DEL05-MG;UOP01-DEL05-MG
715112;30/08/2025;sábado;16:30:00;MT;158;488;CANARANA;Transitar na contramão;Colisão frontal;Com Vítimas Fatais;Pleno dia;Crescente;Céu Claro;Simples;Reta;Não;2;1;1;0;0;0;1;2;-13,54344679;-51,92136884;SPRF-MT;DEL07-MT;UOP02-DEL07-MT
715114;30/08/2025;sábado;19:40:00;ES;101;391,1;RIO NOVO DO SUL;Transitar na contramão;Colisão lateral sentido oposto;Com Vítimas Feridas;Plena Noite;Crescente;Chuva;Dupla;Curva;Não;3;0;1;0;1;1;1;3;-20,866396;-40,889924;SPRF-ES;DEL03-ES;UOP02-DEL03-ES
715128;30/08/2025;sábado;21:40:00;TO;153;98;WANDERLANDIA;Transitar na contramão;Colisão frontal;Com Vítimas Fatais;Plena Noite;Crescente;Céu Claro;Dupla;Reta;Não;3;1;0;0;1;1;0;3;-6,860932;-47,977582;SPRF-TO;DEL02-TO;UOP01-DEL02-TO
715129;30/08/2025;sábado;12:59:00;MA;230;266;LORETO;Ultrapassagem Indevida;Capotamento;Sem Vítimas;Pleno dia;Decrescente;Sol;Simples;"Reta;Declive";Não;3;0;0;0;1;6;0;7;-6,830207;-45,03125;SPRF-MA;DEL05-MA;UOP01-DEL05-MA
715130;30/08/2025;sábado;19:45:00;PI;343;506;AMARANTE;Ausência de reação do condutor;Colisão traseira;Com Vítimas Feridas;Plena Noite;Crescente;Céu Claro;Simples;Reta;Não;2;0;1;0;1;0;1;2;-6,26182;-42,838373;SPRF-PI;DEL03-PI;UOP01-DEL03-PI