id;data_inversa;dia_semana;horario;uf;br;km;municipio;causa_acidente;tipo_acidente;classificacao_acidente;fase_dia;sentido_via;condicao_metereologica;tipo_pista;tracado_via;uso_solo;pessoas;mortos;feridos_leves;feridos_graves;ilesos;ignorados;feridos;veiculos;latitude;longitude;regional;delegacia;uop
715131;30/08/2025;sábado;19:30:00;RO;364;701;PORTO VELHO;Condutor deixou de manter distância do veículo da frente;Colisão traseira;Com Vítimas Feridas;Plena Noite;Decrescente;Céu Claro;Dupla;Reta;Sim;3;0;1;0;1;3;1;5;-8,80072766;-63,76969099;SPRF-RO;DEL01-RO;UOP01-DEL01-RO
715136;30/08/2025;sábado;19:24:00;PR;163;106;PLANALTO;Ausência de reação do condutor;Saída de leito carroçável;Com Vítimas Feridas;Plena Noite;Decrescente;Ignorado;Simples;Reta;Não;3;0;2;0;0;1;2;2;-25,70683571;-53,77084064;SPRF-PR;DEL02-PR;UOP02-DEL02-PR
715155;30/08/2025;sábado;22:00:00;BA;116;215;EUCLIDES DA CUNHA;Ingestão de álcool pelo condutor;Colisão lateral sentido oposto;Com Vítimas Feridas;Plena Noite;Crescente;Céu Claro;Simples;Reta;Não;2;0;0;1;1;0;1;2;-10,50291851;-39,01107787;SPRF-BA;DEL07-BA;UOP03-DEL07-BA
715162;30/08/2025;sábado;22:25:00;BA;116;783,8;PLANALTO;Transitar na contramão;Colisão frontal;Sem Vítimas;Plena Noite;Crescente;Céu Claro;Simples;"Reta;Em Obras";Não;3;0;0;0;2;1;0;3;-14,683944;-40,537597;SPRF-BA;DEL08-BA;UOP02-DEL08-BA
715174;31/08/2025;domingo;00:44:00;MG;381;369;SAO GONCALO DO RIO ABAIXO;Ausência de reação do condutor;Tombamento;Com Vítimas Feridas;Plena Noite;Crescente;Céu Claro;Simples;Curva;Não;2;0;1;0;0;1;1;2;-19,84099768;-43,32818985;SPRF-MG;DEL03-MG;UOP01-DEL03-MG
715177;30/08/2025;sábado;21:30:00;BA;116;702;JEQUIE;Reação tardia ou ineficiente do condutor;Saída de leito carroçável;Com Vítimas Feridas;Plena Noite;Decrescente;Nublado;Simples;Curva;Não;3;0;2;0;0;1;2;2;-14,08508;-40,21449;SPRF-BA;DEL03-BA;UOP01-DEL03-BA
715191;31/08/2025;domingo;00:37:00;TO;153;581,4;SANTA RITA DO TOCANTINS;Transitar na contramão;Colisão transversal;Com Vítimas Fatais;Plena Noite;Decrescente;Céu Claro;Simples;Reta;Não;4;1;0;0;2;4;0;6;-10,928363;-48,90859;SPRF-TO;DEL01-TO;UOP01-DEL01-TO
715192;30/08/2025;sábado;20:55:00;MG;116;220,5;CATUJI;Acessar a via sem observar a presença dos outros veículos;Colisão transversal;Com Vítimas Feridas;Plena Noite;Crescente;Céu Claro;Simples;Curva;Não;5;0;1;1;2;1;2;4;-17,411632;-41,513572;SPRF-MG;DEL11-MG;UOP01-DEL11-MG
715195;30/08/2025;sábado;21:40:00;BA;418;91;NOVA VICOSA;Ingestão de álcool pelo condutor;Colisão frontal;Sem Vítimas;Plena Noite;Decrescente;Nublado;Simples;Reta;Não;3;0;0;0;1;2;0;3;-17,884966;-39,873159;SPRF-BA;DEL09-BA;UOP02-DEL09-BA
715197;31/08/2025;domingo;05:30:00;MG;50;158,9;UBERABA;Demais falhas mecânicas ou elétricas;Incêndio;Sem Vítimas;Amanhecer;Crescente;Céu Claro;Dupla;Reta;Não;2;0;0;0;1;1;0;2;-19,640484;-48,00995;SPRF-MG;DEL13-MG;UOP01-DEL13-MG
715201;31/08/2025;domingo;06:38:00;RS;392;5,2;RIO GRANDE;Acessar a via sem observar a presença dos outros veículos;Colisão transversal;Com Vítimas Feridas;Pleno dia;Decrescente;Nublado;Simples;"Retorno Regulamentado;Reta";Não;3;0;1;0;1;1;1;3;-32,07810838;-52,10272048;SPRF-RS;DEL07-RS;UOP02-DEL07-RS
715217;31/08/2025;domingo;08:58:00;SP;116;393;MIRACATU;Velocidade Incompatível;Colisão lateral mesmo sentido;Com Vítimas Feridas;Pleno dia;Decrescente;Céu Claro;Dupla;Reta;Sim;3;0;1;0;1;1;1;3;-24,28647238;-47,44698143;SPRF-SP;DEL04-SP;UOP02-DEL04-SP
715221;31/08/2025;domingo;09:30:00;MG;153;82;PRATA;Condutor deixou de manter distância do veículo da frente;Colisão traseira;Com Vítimas Feridas;Pleno dia;Decrescente;Céu Claro;Simples;"Reta;Declive;Ponte";Não;3;0;1;0;1;2;1;4;-19,0867;-48,993041;SPRF-MG;DEL15-MG;UOP03-DEL15-MG
715226;31/08/2025;domingo;10:11:00;SP;116;365;MIRACATU;Ausência de reação do condutor;Tombamento;Com Vítimas Feridas;Pleno dia;Decrescente;Céu Claro;Dupla;Curva;Não;2;0;1;0;0;1;1;2;-24,1448721;-47,2739312;SPRF-SP;DEL04-SP;UOP02-DEL04-SP
715227;31/08/2025;domingo;09:25:00;MG;381;749,9;TRES CORACOES;Velocidade Incompatível;Saída de leito carroçável;Com Vítimas Feridas;Pleno dia;Crescente;Céu Claro;Dupla;Curva;Não;3;0;2;0;0;1;2;2;-21,64382848;-45,2907241;SPRF-MG;DEL16-MG;UOP02-DEL16-MG
715228;30/08/2025;sábado;23:00:00;RJ;393;152;TRES RIOS;Curva acentuada;Tombamento;Com Vítimas Feridas;Plena Noite;Crescente;Céu Claro;Simples;Curva;Não;1;0;1;0;0;0;1;1;-22,10684371;-43,08425903;SPRF-RJ;DEL05-RJ;UOP01-DEL05-RJ
715239;31/08/2025;domingo;11:39:00;PR;277;459,6;LARANJEIRAS DO SUL;Suicídio (presumido);Colisão frontal;Com Vítimas Fatais;Pleno dia;Decrescente;Sol;Simples;"Reta;Aclive";Não;3;1;0;0;1;1;0;3;-25,367293;-52,457521;SPRF-PR;DEL04-PR;UOP02-DEL04-PR
715244;31/08/2025;domingo;05:50:00;MG;116;147,3;PONTO DOS VOLANTES;Ausência de reação do condutor;Saída de leito carroçável;Com Vítimas Feridas;Amanhecer;Crescente;Nublado;Simples;Reta;Não;2;0;1;0;0;1;1;2;-16,830434;-41,475868;SPRF-MG;DEL11-MG;UOP02-DEL11-MG
715245;31/08/2025;domingo;10:45:00;PR;277;323;GUARAPUAVA;Ausência de reação do condutor;Colisão com objeto;Com Vítimas Fatais;Pleno dia;Crescente;Céu Claro;Simples;Reta;Sim;4;1;0;0;1;3;0;4;-25,375256;-51,285032;SPRF-PR;DEL08-PR;UOP01-DEL08-PR
715258;31/08/2025;domingo;15:20:00;PE;104;108;PANELAS;Manobra de mudança de faixa;Colisão lateral sentido oposto;Com Vítimas Feridas;Pleno dia;Crescente;Garoa/Chuvisco;Simples;"Aclive;Curva";Não;2;0;0;1;0;1;1;2;-8,62061095;-35,99032044;SPRF-PE;DEL02-PE;UOP01-DEL02-PE
715273;31/08/2025;domingo;15:30:00;SC;282;473,9;VARGEAO;Ausência de reação do condutor;Colisão lateral sentido oposto;Com Vítimas Fatais;Pleno dia;Crescente;Céu Claro;Simples;"Declive;Curva";Não;7;1;2;1;2;1;3;5;-26,86597006;-52,1343863;SPRF-SC;DEL07-SC;UOP01-DEL07-SC
715276;31/08/2025;domingo;14:52:00;BA;242;468;IBITIARA;Ultrapassagem Indevida;Colisão lateral mesmo sentido;Com Vítimas Feridas;Pleno dia;Crescente;Céu Claro;Simples;Reta;Não;3;0;1;1;1;0;2;2;-12,45599836;-42,19792239;SPRF-BA;DEL06-BA;UOP01-DEL06-BA
715288;31/08/2025;domingo;15:00:00;PI;316;410;MARCOLANDIA;Demais falhas mecânicas ou elétricas;Capotamento;Com Vítimas Feridas;Pleno dia;Decrescente;Céu Claro;Simples;"Declive;Curva";Não;1;0;1;0;0;0;1;1;-7,4053668;-40,71395874;SPRF-PI;DEL04-PI;UOP03-DEL04-PI
715299;31/08/2025;domingo;18:30:00;RS;392;282,1;SAO SEPE;Ingestão de álcool pelo condutor;Saída de leito carroçável;Sem Vítimas;Anoitecer;Crescente;Céu Claro;Múltipla;"Aclive;Reta";Não;2;0;0;0;1;2;0;3;-30,2909644;-53,5391273;SPRF-RS;DEL09-RS;UOP02-DEL09-RS
715300;31/08/2025;domingo;18:15:00;MS;163;662;RIO VERDE DE MATO GROSSO;Ausência de reação do condutor;Colisão lateral sentido oposto;Com Vítimas Feridas;Anoitecer;Decrescente;Céu Claro;Simples;Aclive;Não;3;0;1;0;1;3;1;5;-19,064852;-54,79312733;SPRF-MS;DEL06-MS;UOP02-DEL06-MS
715304;31/08/2025;domingo;19:00:00;SC;280;35;GUARAMIRIM;Retorno proibido;Colisão transversal;Com Vítimas Feridas;Plena Noite;Decrescente;Chuva;Simples;Reta;Não;4;0;1;0;3;0;1;2;-26,4753816;-48,98809985;SPRF-SC;DEL03-SC;UOP03-DEL03-SC
715319;31/08/2025;domingo;16:00:00;MG;262;742;SACRAMENTO;Ultrapassagem Indevida;Colisão frontal;Com Vítimas Feridas;Pleno dia;Crescente;Céu Claro;Simples;Reta;Não;5;0;1;1;1;2;2;3;-19,646881;-47,528346;SPRF-MG;DEL08-MG;UOP01-DEL08-MG
715325;31/08/2025;domingo;16:10:00;RS;153;0,3;MARCELINO RAMOS;Conversão proibida;Colisão transversal;Com Vítimas Fatais;Pleno dia;Decrescente;Céu Claro;Simples;"Reta;Declive";Não;3;1;1;0;1;0;1;2;-27,38063574;-51,98653225;SPRF-RS;DEL08-RS;UOP04-DEL08-RS
715326;31/08/2025;domingo;16:30:00;BA;116;687;JEQUIE;Condutor deixou de manter distância do veículo da frente;Colisão traseira;Com Vítimas Feridas;Pleno dia;Decrescente;Nublado;Simples;Reta;Não;54;0;10;3;40;1;13;3;-13,88827;-40,13967;SPRF-BA;DEL03-BA;UOP01-DEL03-BA
715329;31/08/2025;domingo;19:10:00;SC;282;402,4;JOACABA;Ausência de reação do condutor;Colisão lateral sentido oposto;Com Vítimas Feridas;Plena Noite;Decrescente;Céu Claro;Simples;Curva;Não;3;0;2;0;1;0;2;2;-27,118864;-51,632593;SPRF-SC;DEL07-SC;UOP05-DEL07-SC
715332;31/08/2025;domingo;20:10:00;PB;104;110,7;LAGOA SECA;Ingestão de álcool pelo condutor;Colisão frontal;Sem Vítimas;Plena Noite;Crescente;Garoa/Chuvisco;Simples;Reta;Não;2;0;0;0;2;0;0;2;-7,135916;-35,860959;SPRF-PB;DEL02-PB;UOP04-DEL02-PB
715336;31/08/2025;domingo;18:50:00;GO;80;161,5;SANTA RITA DO NOVO DESTINO;Demais falhas mecânicas ou elétricas;Incêndio;Sem Vítimas;Plena Noite;Decrescente;Nublado;Simples;Reta;Não;2;0;0;0;1;3;0;4;-14,76610066;-49,05900836;SPRF-GO;DEL07-GO;UOP02-DEL07-GO
715351;31/08/2025;domingo;21:17:00;GO;153;0;PORANGATU;Condutor deixou de manter distância do veículo da frente;Colisão transversal;Com Vítimas Feridas;Plena Noite;Decrescente;Céu Claro;Simples;"Reta;Declive";Não;3;0;0;1;1;1;1;3;-12,84628081;-49,10476685;SPRF-GO;DEL07-GO;UOP01-DEL07-GO
715352;31/08/2025;domingo;16:10:00;PE;316;269;BELEM DE SAO FRANCISCO;Reação tardia ou ineficiente do condutor;Colisão com objeto;Com Vítimas Feridas;Pleno dia;Crescente;Céu Claro;Simples;"Reta;Ponte";Não;4;0;2;0;1;1;2;3;-8,704897;-38,87026;SPRF-PE;DEL04-PE;UOP03-DEL04-PE
715354;31/08/2025;domingo;14:45:00;MG;116;539,3;SANTA RITA DE MINAS;Ausência de reação do condutor;Tombamento;Com Vítimas Feridas;Pleno dia;Decrescente;Garoa/Chuvisco;Simples;Curva;Não;2;0;0;1;0;1;1;2;-19,88242982;-42,1370101;SPRF-MG;DEL06-MG;UOP02-DEL06-MG
715374;01/09/2025;segunda-feira;00:30:00;RS;290;29,5;SANTO ANTONIO DA PATRULHA;Condutor Dormindo;Colisão traseira;Com Vítimas Feridas;Plena Noite;Crescente;Nublado;Dupla;Reta;Não;2;0;1;0;1;0;1;2;-29,88346244;-50,54983377;SPRF-RS;DEL03-RS;UOP01-DEL03-RS
715381;01/09/2025;segunda-feira;01:45:00;SP;116;169;JACAREI;Ausência de reação do condutor;Colisão traseira;Com Vítimas Feridas;Plena Noite;Decrescente;Céu Claro;Dupla;Reta;Não;6;0;1;0;4;1;1;4;-23,30756746;-46,04756355;SPRF-SP;DEL02-SP;UOP01-DEL02-SP
715382;01/09/2025;segunda-feira;01:50:00;MG;356;265;MURIAE;Demais falhas mecânicas ou elétricas;Incêndio;Sem Vítimas;Plena Noite;Crescente;Garoa/Chuvisco;Simples;Curva;Sim;1;0;0;0;1;0;0;1;-21,12485714;-42,38010406;SPRF-MG;DEL07-MG;UOP02-DEL07-MG
715389;01/09/2025;segunda-feira;03:20:00;RS;468;3,9;PALMEIRA DAS MISSOES;Ausência de reação do condutor;Tombamento;Com Vítimas Feridas;Plena Noite;Crescente;Céu Claro;Simples;"Declive;Rotatória";Não;2;0;1;0;0;1;1;2;-27,86668007;-53,33257198;SPRF-RS;DEL08-RS;UOP01-DEL08-RS
715392;01/09/2025;segunda-feira;05:15:00;SP;153;44,7;ONDA VERDE;Reação tardia ou ineficiente do condutor;Colisão frontal;Com Vítimas Feridas;Plena Noite;Crescente;Céu Claro;Simples;Reta;Não;3;0;2;0;1;0;2;2;-20,662604;-49,34098;SPRF-SP;DEL09-SP;UOP01-DEL09-SP
715395;01/09/2025;segunda-feira;04:10:00;PA;316;223;VISEU;Transitar na contramão;Colisão frontal;Com Vítimas Feridas;Plena Noite;Crescente;Céu Claro;Simples;Reta;Não;2;0;1;1;0;0;2;2;-1,675163;-46,729295;SPRF-PA;DEL01-PA;UOP03-DEL01-PA
715397;31/08/2025;domingo;22:30:00;PR;116;28;CAMPINA GRANDE DO SUL;Chuva;Tombamento;Com Vítimas Feridas;Plena Noite;Decrescente;Chuva;Dupla;Reta;Não;1;0;1;0;0;0;1;1;-25,13782549;-48,85620117;SPRF-PR;DEL01-PR;UOP02-DEL01-PR
715412;30/08/2025;sábado;14:45:00;RS;153;15;SEVERIANO DE ALMEIDA;Ingestão de álcool pelo condutor;Colisão traseira;Sem Vítimas;Pleno dia;Crescente;Céu Claro;Simples;Reta;Não;2;0;0;0;2;0;0;2;-27,432189;-52,079581;SPRF-RS;DEL08-RS;UOP04-DEL08-RS
715415;01/09/2025;segunda-feira;04:36:00;PR;153;112;IBAITI;Condutor Dormindo;Colisão com objeto;Sem Vítimas;Pleno dia;Decrescente;Céu Claro;Simples;"Interseção de Vias;Reta";Não;1;0;0;0;1;0;0;1;-23,872756;-50,202877;SPRF-PR;DEL07-PR;UOP04-DEL07-PR
715416;24/08/2025;domingo;07:10:00;SC;163;108,4;GUARUJA DO SUL;Reação tardia ou ineficiente do condutor;Saída de leito carroçável;Com Vítimas Feridas;Pleno dia;Crescente;Chuva;Simples;Curva;Não;2;0;0;1;0;2;1;3;-26,41075735;-53,52214549;SPRF-SC;DEL07-SC;UOP03-DEL07-SC
715418;01/09/2025;segunda-feira;07:50:00;GO;60;94;ANAPOLIS;Avarias e/ou desgaste excessivo no pneu;Colisão lateral mesmo sentido;Com Vítimas Feridas;Pleno dia;Decrescente;Céu Claro;Dupla;Declive;Sim;4;0;1;1;1;1;2;3;-16,36510391;-48,93640492;SPRF-GO;DEL02-GO;UOP01-DEL02-GO
715422;01/09/2025;segunda-feira;07:45:00;PR;376;184;SARANDI;Condutor deixou de manter distância do veículo da frente;Colisão traseira;Com Vítimas Feridas;Pleno dia;Crescente;Céu Claro;Dupla;Declive;Não;2;0;1;0;1;0;1;2;-23,441998;-51,870017;SPRF-PR;DEL09-PR;UOP01-DEL09-PR
715424;01/09/2025;segunda-feira;07:17:00;PE;101;87,1;JABOATAO DOS GUARARAPES;Condutor deixou de manter distância do veículo da frente;Colisão traseira;Com Vítimas Fatais;Pleno dia;Decrescente;Sol;Dupla;Reta;Não;3;1;0;0;2;0;0;3;-8,191082;-34,97448;SPRF-PE;DEL01-PE;UOP01-DEL01-PE
715427;31/08/2025;domingo;22:00:00;SC;282;572,3;NOVA ERECHIM;Ingestão de álcool pelo condutor;Colisão lateral sentido oposto;Sem Vítimas;Plena Noite;Crescente;Nublado;Simples;Reta;Não;3;0;0;0;1;3;0;4;-26,8834838;-52,93878829;SPRF-SC;DEL07-SC;UOP02-DEL07-SC
715436;01/09/2025;segunda-feira;07:55:00;SC;282;625,8;IRACEMINHA;Reação tardia ou ineficiente do condutor;Colisão traseira;Com Vítimas Feridas;Pleno dia;Decrescente;Sol;Simples;Reta;Não;4;0;1;1;1;1;2;3;-26,8031395;-53,3600298;SPRF-SC;DEL07-SC;UOP02-DEL07-SC
715439;16/06/2025;segunda-feira;12:18:00;MG;381;735;CARMO DA CACHOEIRA;Manobra de mudança de faixa;Colisão lateral mesmo sentido;Com Vítimas Feridas;Pleno dia;Decrescente;Céu Claro;Dupla;Reta;Não;4;0;1;0;2;1;1;3;-21,53875;-45,23589;SPRF-MG;DEL16-MG;UOP02-DEL16-MG
715442;12/08/2025;terça-feira;20:18:00;SC;470;137;RIO DO SUL;Acessar a via sem observar a presença dos outros veículos;Colisão transversal;Com Vítimas Feridas;Plena Noite;Crescente;Céu Claro;Simples;Reta;Sim;3;0;1;0;2;0;1;3;-27,1721533;-49,581075;SPRF-SC;DEL04-SC;UOP02-DEL04-SC
715443;01/09/2025;segunda-feira;08:15:00;SE;101;58;ROSARIO DO CATETE;Ingestão de álcool pelo condutor;Colisão traseira;Sem Vítimas;Pleno dia;Decrescente;Céu Claro;Simples;"Aclive;Reta";Não;3;0;0;0;2;1;0;3;-10,6522515;-37,02412812;SPRF-SE;DEL02-SE;UOP02-DEL02-SE
715445;01/09/2025;segunda-feira;10:00:00;ES;262;110,2;VENDA NOVA DO IMIGRANTE;Acessar a via sem observar a presença dos outros veículos;Colisão transversal;Com Vítimas Feridas;Pleno dia;Decrescente;Chuva;Simples;"Reta;Retorno Regulamentado";Sim;2;0;0;1;1;0;1;2;-20,336944;-41,1826369;SPRF-ES;DEL01-ES;UOP02-DEL01-ES
715446;01/09/2025;segunda-feira;08:50:00;RJ;393;296;BARRA MANSA;Demais falhas mecânicas ou elétricas;Incêndio;Sem Vítimas;Pleno dia;Crescente;Céu Claro;Simples;Reta;Não;1;0;0;0;1;0;0;1;-22,55904901;-44,11744863;SPRF-RJ;DEL07-RJ;UOP02-DEL07-RJ
715452;01/09/2025;segunda-feira;10:36:00;DF;70;8;BRASILIA;Ausência de reação do condutor;Colisão lateral mesmo sentido;Sem Vítimas;Pleno dia;Crescente;Céu Claro;Dupla;Reta;Não;2;0;0;0;2;0;0;2;-15,78476196;-48,12268049;SPRF-DF;DEL03-DF;UOP02-DEL03-DF
715453;01/09/2025;segunda-feira;09:45:00;CE;116;74;CASCAVEL;Ausência de reação do condutor;Tombamento;Com Vítimas Feridas;Pleno dia;Crescente;Céu Claro;Simples;Reta;Não;2;0;1;0;0;1;1;2;-4,3753159;-38,4440905;SPRF-CE;DEL01-CE;UOP04-DEL01-CE
715455;01/09/2025;segunda-feira;08:30:00;PA;316;26;BENEVIDES;Manobra de mudança de faixa;Colisão lateral mesmo sentido;Sem Vítimas;Pleno dia;Crescente;Céu Claro;Dupla;Reta;Não;3;0;0;0;3;0;0;2;-1,31309457;-48,22225571;SPRF-PA;DEL01-PA;UOP01-DEL01-PA
715462;18/02/2025;terça-feira;13:00:00;SC;470;85,6;RODEIO;Transitar na contramão;Colisão frontal;Com Vítimas Fatais;Pleno dia;Crescente;Céu Claro;Simples;Reta;Não;3;1;0;0;1;1;0;3;-26,9516096;-49,3544902;SPRF-SC;DEL04-SC;UOP01-DEL04-SC
715464;01/09/2025;segunda-feira;09:30:00;MA;10;349;ACAILANDIA;Acessar a via sem observar a presença dos outros veículos;Colisão lateral sentido oposto;Com Vítimas Feridas;Pleno dia;Decrescente;Sol;Simples;Reta;Não;2;0;1;0;1;0;1;2;-4,69966;-47,49512;SPRF-MA;DEL04-MA;UOP03-DEL04-MA
715466;01/09/2025;segunda-feira;08:44:00;SP;116;515;CAJATI;Chuva;Colisão com objeto;Com Vítimas Feridas;Pleno dia;Decrescente;Chuva;Dupla;Reta;Não;2;0;1;0;0;1;1;2;-24,84838267;-48,21294023;SPRF-SP;DEL05-SP;UOP02-DEL05-SP
715469;01/09/2025;segunda-feira;12:20:00;SE;101;154,9;ESTANCIA;Pista Escorregadia;Colisão frontal;Com Vítimas Fatais;Pleno dia;Decrescente;Chuva;Simples;"Curva;Aclive";Não;3;1;0;0;1;1;0;3;-11,287267;-37,466779;SPRF-SE;DEL02-SE;UOP01-DEL02-SE
715470;01/09/2025;segunda-feira;10:00:00;PA;155;276,1;ELDORADO DO CARAJAS;Frear bruscamente;Colisão lateral mesmo sentido;Com Vítimas Feridas;Pleno dia;Crescente;Céu Claro;Simples;"Reta;Ponte";Não;5;0;1;0;3;3;1;6;-5,929413;-49,216068;SPRF-PA;DEL03-PA;UOP01-DEL03-PA
715473;15/07/2025;terça-feira;15:15:00;RJ;393;253;BARRA DO PIRAI;Ultrapassagem Indevida;Saída de leito carroçável;Com Vítimas Feridas;Pleno dia;Decrescente;Céu Claro;Simples;Declive;Não;2;0;1;0;0;1;1;2;-22,45143873;-43,81341353;SPRF-RJ;DEL05-RJ;UOP04-DEL05-RJ
715477;01/09/2025;segunda-feira;13:35:00;PR;277;11,3;PARANAGUA;Manobra de mudança de faixa;Colisão lateral mesmo sentido;Com Vítimas Feridas;Pleno dia;Crescente;Chuva;Dupla;Reta;Sim;3;0;0;1;1;1;1;3;-25,56532782;-48,62770764;SPRF-PR;DEL01-PR;UOP05-DEL01-PR
715478;01/09/2025;segunda-feira;13:50:00;SC;470;147;RIO DO SUL;Manobra de mudança de faixa;Colisão lateral sentido oposto;Com Vítimas Feridas;Pleno dia;Crescente;Garoa/Chuvisco;Simples;Reta;Sim;5;0;0;1;3;2;1;6;-27,2425486;-49,6878728;SPRF-SC;DEL04-SC;UOP02-DEL04-SC
715486;28/05/2025;quarta-feira;14:15:00;TO;153;374,2;FORTALEZA DO TABOCAO;Manobra de mudança de faixa;Tombamento;Com Vítimas Feridas;Pleno dia;Crescente;Sol;Simples;"Reta;Declive";Não;2;0;0;1;0;1;1;2;-9,16144014;-48,53564322;SPRF-TO;DEL02-TO;UOP02-DEL02-TO
715490;01/09/2025;segunda-feira;13:30:00;MG;40;712,8;BARBACENA;Carga excessiva e/ou mal acondicionada;Tombamento;Com Vítimas Feridas;Pleno dia;Crescente;Céu Claro;Dupla;Curva;Não;2;0;1;0;0;1;1;2;-21,251328;-43,664539;SPRF-MG;DEL05-MG;UOP02-DEL05-MG
715496;01/09/2025;segunda-feira;15:10:00;ES;101;1;SERRA;Reação tardia ou ineficiente do condutor;Tombamento;Com Vítimas Feridas;Pleno dia;Crescente;Chuva;Dupla;Curva;Não;2;0;1;0;0;1;1;2;-20,07018122;-40,36432743;SPRF-ES;DEL02-ES;UOP01-DEL02-ES
715498;18/08/2025;segunda-feira;14:42:00;MG;365;414,5;PATOS DE MINAS;Estacionar ou parar em local proibido;Colisão traseira;Com Vítimas Feridas;Pleno dia;Crescente;Céu Claro;Simples;Reta;Não;3;0;1;0;1;1;1;3;-18,672853;-46,542036;SPRF-MG;DEL10-MG;UOP01-DEL10-MG
715500;01/09/2025;segunda-feira;10:15:00;RJ;101;400;ITAGUAI;Velocidade Incompatível;Queda de ocupante de veículo;Com Vítimas Fatais;Pleno dia;Crescente;Nublado;Dupla;Curva;Sim;2;1;0;0;1;0;0;2;-22,85069921;-43,76663446;SPRF-RJ;DEL03-RJ;UOP01-DEL03-RJ
715504;01/09/2025;segunda-feira;15:45:00;PE;101;128;ESCADA;Ausência de reação do condutor;Colisão traseira;Com Vítimas Feridas;Pleno dia;Decrescente;Céu Claro;Dupla;Reta;Sim;2;0;1;0;1;0;1;2;-8,381122;-35,24594;SPRF-PE;DEL01-PE;UOP03-DEL01-PE
715505;26/07/2025;sábado;20:44:00;PA;163;364,5;NOVO PROGRESSO;Ausência de reação do condutor;Colisão frontal;Com Vítimas Feridas;Plena Noite;Crescente;Ignorado;Simples;Reta;Não;3;0;0;1;1;2;1;4;-6,60495246;-55,50704956;SPRF-PA;DEL05-PA;UOP03-DEL05-PA
715506;01/09/2025;segunda-feira;14:30:00;PR;153;404;PAULO FRONTIN;Frear bruscamente;Colisão traseira;Com Vítimas Feridas;Pleno dia;Decrescente;Céu Claro;Simples;"Reta;Declive;Em Obras";Não;3;0;1;1;1;0;2;2;-26,006861;-50,839931;SPRF-PR;DEL08-PR;UOP02-DEL08-PR
715510;01/09/2025;segunda-feira;16:00:00;CE;222;123;ITAPAJE;Frear bruscamente;Eventos atípicos;Com Vítimas Feridas;Pleno dia;Crescente;Céu Claro;Dupla;Retorno Regulamentado;Sim;4;0;3;0;1;0;3;2;-3,690428;-39,586264;SPRF-CE;DEL04-CE;UOP03-DEL04-CE
715514;01/09/2025;segunda-feira;15:00:00;AL;104;48;BRANQUINHA;Velocidade Incompatível;Tombamento;Sem Vítimas;Pleno dia;Decrescente;Céu Claro;Simples;Curva;Não;1;0;0;0;0;1;0;1;-9,249411;-35,993958;SPRF-AL;DEL01-AL;UOP02-DEL01-AL
715515;25/08/2025;segunda-feira;11:00:00;MS;267;203;NOVA ALVORADA DO SUL;Problema com o freio;Incêndio;Sem Vítimas;Pleno dia;Decrescente;Céu Claro;Simples;Reta;Não;2;0;0;0;1;2;0;3;-21,588527;-53,968127;SPRF-MS;DEL02-MS;UOP03-DEL02-MS
715518;18/07/2025;sexta-feira;17:40:00;TO;153;148;ARAGUAINA;Ausência de reação do condutor;Queda de ocupante de veículo;Com Vítimas Feridas;Pleno dia;Crescente;Céu Claro;Dupla;Reta;Sim;3;0;1;1;0;1;2;3;-7,22267667;-48,24884167;SPRF-TO;DEL02-TO;UOP01-DEL02-TO
715520;01/09/2025;segunda-feira;17:00:00;PR;277;596,1;CASCAVEL;Acessar a via sem observar a presença dos outros veículos;Atropelamento de Pedestre;Com Vítimas Feridas;Pleno dia;Decrescente;Nublado;Simples;Reta;Sim;3;0;0;1;1;1;1;2;-24,99528536;-53,514761;SPRF-PR;DEL04-PR;UOP01-DEL04-PR
715525;01/09/2025;segunda-feira;16:10:00;MS;163;613;SAO GABRIEL DO OESTE;Ausência de reação do condutor;Colisão com objeto;Com Vítimas Feridas;Pleno dia;Crescente;Céu Claro;Simples;Reta;Sim;2;0;1;0;0;1;1;2;-19,409445;-54,559197;SPRF-MS;DEL06-MS;UOP02-DEL06-MS
715528;28/08/2025;quinta-feira;13:40:00;MS;163;405;SIDROLANDIA;Manobra de mudança de faixa;Colisão com objeto;Sem Vítimas;Pleno dia;Crescente;Céu Claro;Simples;"Reta;Aclive";Não;5;0;0;0;3;5;0;8;-21,12283;-54,481898;SPRF-MS;DEL02-MS;UOP01-DEL02-MS
715535;01/09/2025;segunda-feira;16:55:00;MG;50;14;ARAGUARI;Problema com o freio;Colisão traseira;Com Vítimas Feridas;Pleno dia;Decrescente;Céu Claro;Dupla;Reta;Não;3;0;1;0;1;2;1;4;-18,539235;-48,04681;SPRF-MG;DEL15-MG;UOP02-DEL15-MG
715543;01/09/2025;segunda-feira;15:55:00;SC;470;158,1;TROMBUDO CENTRAL;Acessar a via sem observar a presença dos outros veículos;Colisão transversal;Com Vítimas Feridas;Pleno dia;Crescente;Céu Claro;Simples;"Retorno Regulamentado;Interseção de Vias";Não;2;0;1;0;1;0;1;2;-27,28592276;-49,78294579;SPRF-SC;DEL04-SC;UOP02-DEL04-SC