id;data_inversa;dia_semana;horario;uf;br;km;municipio;causa_acidente;tipo_acidente;classificacao_acidente;fase_dia;sentido_via;condicao_metereologica;tipo_pista;tracado_via;uso_solo;pessoas;mortos;feridos_leves;feridos_graves;ilesos;ignorados;feridos;veiculos;latitude;longitude;regional;delegacia;uop
716481;25/08/2025;segunda-feira;12:00:00;PR;116;103;SAO JOSE DOS PINHAIS;Manobra de mudança de faixa;Saída de leito carroçável;Com Vítimas Feridas;Pleno dia;Decrescente;Nublado;Dupla;Reta;Sim;3;0;2;0;0;1;2;2;-25,57027868;-49,18892384;SPRF-PR;DEL01-PR;UOP07-DEL01-PR
716488;05/09/2025;sexta-feira;22:15:00;MA;222;403,8;SANTA LUZIA;Ultrapassagem Indevida;Colisão lateral sentido oposto;Com Vítimas Fatais;Plena Noite;Crescente;Céu Claro;Simples;Aclive;Não;4;1;0;0;1;3;0;5;-3,94173;-45,639364;SPRF-MA;DEL02-MA;UOP01-DEL02-MA
716494;06/09/2025;sábado;07:50:00;PR;116;137,6;MANDIRITUBA;Reação tardia ou ineficiente do condutor;Colisão traseira;Com Vítimas Feridas;Pleno dia;Decrescente;Nublado;Dupla;Reta;Sim;5;0;0;1;3;2;1;5;-25,73976954;-49,31743082;SPRF-PR;DEL01-PR;UOP03-DEL01-PR
716496;05/07/2025;sábado;16:56:00;PA;163;300,6;NOVO PROGRESSO;Ingestão de álcool pelo condutor;Colisão lateral mesmo sentido;Sem Vítimas;Pleno dia;Decrescente;Céu Claro;Simples;"Reta;Declive";Não;2;0;0;0;0;2;0;2;-7,1535966;-55,3740566;SPRF-PA;DEL05-PA;UOP03-DEL05-PA
716510;06/09/2025;sábado;04:30:00;MG;116;201,3;CARAI;Transitar na contramão;Colisão frontal;Com Vítimas Fatais;Plena Noite;Decrescente;Céu Claro;Simples;Curva;Sim;9;2;0;2;2;3;2;4;-17,254394;-41,501664;SPRF-MG;DEL11-MG;UOP01-DEL11-MG
716514;06/09/2025;sábado;09:00:00;PI;343;12;PARNAIBA;Acessar a via sem observar a presença dos outros veículos;Colisão lateral mesmo sentido;Com Vítimas Feridas;Pleno dia;Decrescente;Céu Claro;Dupla;Interseção de Vias;Sim;2;0;0;1;1;0;1;2;-2,91920874;-41,75408632;SPRF-PI;DEL05-PI;UOP01-DEL05-PI
716516;06/09/2025;sábado;09:20:00;SC;101;82,7;BARRA VELHA;Velocidade Incompatível;Colisão traseira;Com Vítimas Feridas;Pleno dia;Decrescente;Nublado;Dupla;"Curva;Declive";Não;6;0;2;0;3;2;2;6;-26,61968201;-48,71774403;SPRF-SC;DEL03-SC;UOP02-DEL03-SC
716519;06/09/2025;sábado;07:40:00;PR;116;199,2;RIO NEGRO;Manobra de mudança de faixa;Colisão frontal;Sem Vítimas;Pleno dia;Decrescente;Garoa/Chuvisco;Simples;Declive;Não;4;0;0;0;2;2;0;3;-26,05123643;-49,70821309;SPRF-SC;DEL06-SC;UOP01-DEL06-SC
716525;06/09/2025;sábado;09:30:00;PE;101;64;RECIFE;Manobra de mudança de faixa;Colisão lateral mesmo sentido;Sem Vítimas;Pleno dia;Crescente;Sol;Dupla;Reta;Sim;3;0;0;0;2;2;0;4;-8,02159585;-34,94273392;SPRF-PE;DEL01-PE;UOP01-DEL01-PE
716526;06/09/2025;sábado;10:47:00;GO;40;12,9;LUZIANIA;Acessar a via sem observar a presença dos outros veículos;Colisão transversal;Com Vítimas Feridas;Pleno dia;Crescente;Céu Claro;Dupla;Reta;Sim;3;0;1;0;1;2;1;4;-16,15136;-47,93964;SPRF-DF;DEL01-DF;UOP01-DEL01-DF
716529;06/09/2025;sábado;09:40:00;MT;364;309;JACIARA;Reação tardia ou ineficiente do condutor;Colisão traseira;Com Vítimas Feridas;Pleno dia;Crescente;Sol;Dupla;Reta;Não;3;0;0;2;1;0;2;2;-15,815415;-55,237387;SPRF-MT;DEL05-MT;UOP02-DEL05-MT
716542;06/09/2025;sábado;11:00:00;AP;210;77,8;FERREIRA GOMES;Transitar na contramão;Colisão frontal;Com Vítimas Fatais;Pleno dia;Crescente;Sol;Simples;Curva;Não;3;1;1;0;0;1;1;3;0,59506;-51,1999;SPRF-AP;DEL01-AP;UOP01-DEL01-AP
716548;29/08/2025;sexta-feira;20:10:00;TO;10;462;PALMAS;Reação tardia ou ineficiente do condutor;Colisão traseira;Com Vítimas Feridas;Plena Noite;Crescente;Céu Claro;Múltipla;Reta;Sim;2;0;0;1;0;1;1;2;-10,242;-48,312;SPRF-TO;DEL01-TO;UOP03-DEL01-TO
716549;06/09/2025;sábado;10:10:00;MG;50;177,8;UBERABA;Velocidade Incompatível;Colisão com objeto;Com Vítimas Feridas;Pleno dia;Decrescente;Céu Claro;Dupla;"Interseção de Vias;Viaduto;Rotatória";Sim;4;0;2;0;1;3;2;5;-19,779;-47,94389;SPRF-MG;DEL13-MG;UOP01-DEL13-MG
716555;06/09/2025;sábado;07:47:00;CE;222;197;FORQUILHA;Velocidade Incompatível;Saída de leito carroçável;Com Vítimas Feridas;Pleno dia;Crescente;Céu Claro;Simples;Curva;Não;2;0;2;0;0;0;2;1;-3,77988772;-40,22517141;SPRF-CE;DEL04-CE;UOP01-DEL04-CE
716556;06/09/2025;sábado;11:00:00;MG;381;298;ANTONIO DIAS;Demais falhas mecânicas ou elétricas;Incêndio;Com Vítimas Feridas;Pleno dia;Decrescente;Céu Claro;Simples;Reta;Não;2;0;2;0;0;0;2;1;-19,63822233;-42,89560318;SPRF-MG;DEL03-MG;UOP02-DEL03-MG
716557;06/09/2025;sábado;12:00:00;MG;40;591,6;OURO PRETO;Condutor deixou de manter distância do veículo da frente;Colisão traseira;Com Vítimas Feridas;Pleno dia;Decrescente;Céu Claro;Dupla;"Reta;Declive";Não;3;0;0;1;1;2;1;4;-20,38107143;-43,90785491;SPRF-MG;DEL05-MG;UOP02-DEL05-MG
716559;25/08/2025;segunda-feira;06:30:00;MS;158;311;TRES LAGOAS;Reação tardia ou ineficiente do condutor;Colisão com objeto;Com Vítimas Feridas;Pleno dia;Crescente;Céu Claro;Simples;Reta;Não;1;0;1;0;0;0;1;1;-21,041953;-51,913264;SPRF-MS;DEL07-MS;UOP01-DEL07-MS
716562;06/09/2025;sábado;12:30:00;MG;116;283,7;TEOFILO OTONI;Reação tardia ou ineficiente do condutor;Colisão traseira;Com Vítimas Feridas;Pleno dia;Crescente;Céu Claro;Simples;"Reta;Aclive";Não;4;0;1;0;2;2;1;4;-17,915937;-41,52756;SPRF-MG;DEL11-MG;UOP01-DEL11-MG
716563;06/09/2025;sábado;05:00:00;SC;470;60;BLUMENAU;Pedestre andava na pista;Atropelamento de Pedestre;Com Vítimas Feridas;Amanhecer;Decrescente;Nublado;Simples;"Reta;Declive";Sim;2;0;0;1;1;0;1;2;-26,88151113;-49,16428037;SPRF-SC;DEL04-SC;UOP01-DEL04-SC
716578;06/09/2025;sábado;14:00:00;SC;163;2,9;DIONISIO CERQUEIRA;Demais falhas mecânicas ou elétricas;Colisão frontal;Com Vítimas Feridas;Pleno dia;Decrescente;Céu Claro;Simples;Curva;Não;6;0;1;0;4;2;1;5;-26,27736;-53,582438;SPRF-SC;DEL07-SC;UOP03-DEL07-SC
716580;06/09/2025;sábado;14:44:00;SC;282;340;CAMPOS NOVOS;Acessar a via sem observar a presença dos outros veículos;Colisão transversal;Com Vítimas Feridas;Pleno dia;Decrescente;Nublado;Simples;Interseção de Vias;Sim;2;0;1;0;1;0;1;2;-27,3941831;-51,193247;SPRF-SC;DEL07-SC;UOP06-DEL07-SC
716598;06/09/2025;sábado;09:40:00;MG;262;558;CORREGO DANTA;Acessar a via sem observar a presença dos outros veículos;Colisão transversal;Com Vítimas Fatais;Pleno dia;Crescente;Céu Claro;Simples;Interseção de Vias;Não;4;2;0;0;1;3;0;5;-19,73418519;-46,01553664;SPRF-MG;DEL08-MG;UOP02-DEL08-MG
716600;06/09/2025;sábado;16:30:00;SP;116;158;JACAREI;Reação tardia ou ineficiente do condutor;Tombamento;Com Vítimas Feridas;Pleno dia;Decrescente;Céu Claro;Simples;Curva;Sim;2;0;1;0;0;1;1;2;-23,26031193;-45,94972126;SPRF-SP;DEL02-SP;UOP01-DEL02-SP
716606;06/09/2025;sábado;13:00:00;CE;222;303,7;TIANGUA;Problema com o freio;Colisão lateral mesmo sentido;Com Vítimas Feridas;Pleno dia;Crescente;Céu Claro;Simples;"Curva;Declive";Não;8;0;1;0;5;2;1;7;-3,669;-40,957;SPRF-CE;DEL04-CE;UOP02-DEL04-CE
716611;13/08/2025;quarta-feira;10:00:00;SC;282;532,3;CORDILHEIRA ALTA;Acessar a via sem observar a presença dos outros veículos;Colisão transversal;Com Vítimas Feridas;Pleno dia;Crescente;Céu Claro;Simples;Reta;Não;2;0;0;1;1;0;1;2;-26,99630693;-52,61934042;SPRF-SC;DEL07-SC;UOP01-DEL07-SC
716624;06/09/2025;sábado;15:55:00;MG;365;86;JEQUITAI;Demais falhas mecânicas ou elétricas;Incêndio;Sem Vítimas;Pleno dia;Decrescente;Céu Claro;Simples;Reta;Não;2;0;0;0;1;1;0;2;-17,16215897;-44,40916443;SPRF-MG;DEL12-MG;UOP01-DEL12-MG
716629;06/09/2025;sábado;18:45:00;RJ;393;286;VOLTA REDONDA;Ausência de reação do condutor;Colisão traseira;Com Vítimas Feridas;Plena Noite;Decrescente;Nublado;Simples;Reta;Não;3;0;1;0;1;1;1;3;-22,51192263;-44,08779144;SPRF-RJ;DEL05-RJ;UOP04-DEL05-RJ
716634;06/09/2025;sábado;18:45:00;AL;101;217,4;IGREJA NOVA;Transitar na contramão;Colisão transversal;Com Vítimas Feridas;Plena Noite;Crescente;Nublado;Dupla;Aclive;Não;3;0;1;0;1;1;1;3;-10,046299;-36,653387;SPRF-AL;DEL02-AL;UOP02-DEL02-AL
716644;06/09/2025;sábado;20:00:00;GO;364;386,6;SANTA RITA DO ARAGUAIA;Problema com o freio;Colisão traseira;Com Vítimas Feridas;Plena Noite;Crescente;Céu Claro;Dupla;Reta;Sim;5;0;0;1;2;2;1;4;-17,324503;-53,207387;SPRF-GO;DEL05-GO;UOP01-DEL05-GO
716647;06/09/2025;sábado;12:39:00;MT;163;574;NOVA MUTUM;Reação tardia ou ineficiente do condutor;Saída de leito carroçável;Com Vítimas Feridas;Pleno dia;Crescente;Céu Claro;Dupla;"Curva;Aclive";Não;2;0;1;0;0;3;1;4;-14,03032;-56,09545;SPRF-MT;DEL01-MT;UOP01-DEL01-MT
716658;06/09/2025;sábado;21:00:00;RS;116;307;GUAIBA;Desvio temporário;Colisão lateral mesmo sentido;Com Vítimas Fatais;Plena Noite;Decrescente;Céu Claro;Simples;Desvio Temporário;Não;3;1;0;0;1;2;0;4;-30,18188609;-51,39515567;SPRF-RS;DEL02-RS;UOP01-DEL02-RS
716659;06/09/2025;sábado;15:30:00;MT;364;126;PEDRA PRETA;Demais falhas mecânicas ou elétricas;Incêndio;Sem Vítimas;Pleno dia;Crescente;Céu Claro;Simples;Reta;Não;2;0;0;0;1;2;0;3;-16,79111939;-54,13795218;SPRF-MT;DEL02-MT;UOP02-DEL02-MT
716664;06/09/2025;sábado;19:00:00;MT;364;557;NOBRES;Acessar a via sem observar a presença dos outros veículos;Colisão lateral mesmo sentido;Sem Vítimas;Plena Noite;Decrescente;Céu Claro;Dupla;Reta;Sim;2;0;0;0;1;1;0;2;-14,7547;-56,3378;SPRF-MT;DEL01-MT;UOP01-DEL01-MT
716668;06/09/2025;sábado;21:40:00;SC;101;192,1;BIGUACU;Condutor Dormindo;Tombamento;Com Vítimas Feridas;Plena Noite;Decrescente;Nublado;Dupla;Curva;Sim;2;0;1;0;0;3;1;4;-27,48831005;-48,64981592;SPRF-SC;DEL01-SC;UOP01-DEL01-SC
716670;06/09/2025;sábado;20:45:00;MS;158;340,5;BRASILANDIA;Desrespeitar a preferência no cruzamento;Colisão transversal;Com Vítimas Feridas;Plena Noite;Crescente;Céu Claro;Simples;"Interseção de Vias;Reta";Sim;3;0;1;0;1;3;1;5;-21,253726;-52,028464;SPRF-MS;DEL07-MS;UOP01-DEL07-MS
716672;06/09/2025;sábado;21:30:00;MG;50;29,7;ARAGUARI;Velocidade Incompatível;Tombamento;Com Vítimas Feridas;Plena Noite;Decrescente;Céu Claro;Dupla;"Curva;Declive";Não;1;0;0;1;0;0;1;1;-18,61631473;-48,11634064;SPRF-MG;DEL15-MG;UOP02-DEL15-MG
716674;06/09/2025;sábado;20:40:00;ES;101;303;VIANA;Condutor usando celular;Saída de leito carroçável;Sem Vítimas;Plena Noite;Crescente;Nublado;Múltipla;Reta;Sim;2;0;0;0;1;1;0;2;-20,3827311;-40,4596009;SPRF-ES;DEL01-ES;UOP01-DEL01-ES
716682;06/09/2025;sábado;20:30:00;SP;153;150;PROMISSAO;Reação tardia ou ineficiente do condutor;Colisão frontal;Com Vítimas Feridas;Plena Noite;Decrescente;Céu Claro;Simples;"Reta;Interseção de Vias";Não;3;0;1;0;1;3;1;5;-21,44394658;-49,7841543;SPRF-SP;DEL07-SP;UOP01-DEL07-SP
716712;06/09/2025;sábado;19:00:00;MS;267;193,5;NOVA ALVORADA DO SUL;Pedestre andava na pista;Tombamento;Com Vítimas Feridas;Plena Noite;Decrescente;Céu Claro;Simples;"Reta;Declive";Não;8;0;3;0;1;5;3;5;-21,597816;-53,885971;SPRF-MS;DEL02-MS;UOP03-DEL02-MS
716717;07/09/2025;domingo;03:40:00;MG;251;519,6;MONTES CLAROS;Reação tardia ou ineficiente do condutor;Colisão lateral sentido oposto;Sem Vítimas;Plena Noite;Crescente;Céu Claro;Simples;"Reta;Declive";Não;3;0;0;0;2;1;0;3;-16,6625868;-43,7695513;SPRF-MG;DEL12-MG;UOP01-DEL12-MG
716738;07/09/2025;domingo;00:00:00;SC;282;64;RANCHO QUEIMADO;Ausência de reação do condutor;Colisão lateral sentido oposto;Com Vítimas Feridas;Plena Noite;Crescente;Garoa/Chuvisco;Simples;Curva;Não;4;0;0;1;3;0;1;3;-27,68021141;-49,01940521;SPRF-SC;DEL01-SC;UOP03-DEL01-SC
716740;07/09/2025;domingo;06:00:00;SC;101;51,1;JOINVILLE;Problema com o freio;Incêndio;Sem Vítimas;Pleno dia;Decrescente;Garoa/Chuvisco;Dupla;Reta;Não;2;0;0;0;1;1;0;2;-26,39768048;-48,83923747;SPRF-SC;DEL03-SC;UOP01-DEL03-SC
716755;07/09/2025;domingo;07:30:00;MG;40;41,9;PARACATU;Condutor Dormindo;Colisão frontal;Com Vítimas Feridas;Pleno dia;Crescente;Céu Claro;Simples;Reta;Sim;3;0;1;0;1;1;1;3;-17,218;-46,867;SPRF-MG;DEL14-MG;UOP01-DEL14-MG
716757;04/06/2025;quarta-feira;03:35:00;SC;101;10;GARUVA;Condutor Dormindo;Derramamento de carga;Sem Vítimas;Plena Noite;Decrescente;Céu Claro;Múltipla;Reta;Sim;3;0;0;0;0;3;0;3;-26,0646061;-48,85990111;SPRF-SC;DEL03-SC;UOP01-DEL03-SC
716766;19/07/2025;sábado;18:29:00;PA;163;349,6;NOVO PROGRESSO;Ausência de reação do condutor;Colisão frontal;Sem Vítimas;Anoitecer;Crescente;Ignorado;Simples;Reta;Não;4;0;0;0;2;3;0;5;-6,73595017;-55,47848833;SPRF-PA;DEL05-PA;UOP03-DEL05-PA
716779;07/09/2025;domingo;09:40:00;MT;163;874;SINOP;Demais falhas mecânicas ou elétricas;Colisão lateral sentido oposto;Com Vítimas Feridas;Pleno dia;Crescente;Céu Claro;Simples;Reta;Não;6;0;1;0;4;1;1;3;-11,53104542;-55,38793802;SPRF-MT;DEL06-MT;UOP02-DEL06-MT
716791;07/09/2025;domingo;12:00:00;BA;116;572;NOVA ITARANA;Ultrapassagem Indevida;Colisão frontal;Com Vítimas Fatais;Pleno dia;Crescente;Céu Claro;Simples;Curva;Não;4;1;0;0;1;2;0;4;-13,043047;-39,967005;SPRF-BA;DEL03-BA;UOP02-DEL03-BA
716799;07/09/2025;domingo;12:30:00;ES;101;69,2;SAO MATEUS;Reação tardia ou ineficiente do condutor;Colisão traseira;Com Vítimas Feridas;Pleno dia;Crescente;Sol;Simples;Reta;Sim;2;0;1;0;1;0;1;2;-18,7377772;-39,86086456;SPRF-ES;DEL04-ES;UOP02-DEL04-ES
716803;07/09/2025;domingo;12:10:00;AL;101;149,6;JEQUIA DA PRAIA;Velocidade Incompatível;Saída de leito carroçável;Com Vítimas Feridas;Pleno dia;Decrescente;Sol;Dupla;"Reta;Ponte";Não;2;0;0;1;0;1;1;2;-9,89402674;-36,14110191;SPRF-AL;DEL02-AL;UOP02-DEL02-AL
716809;07/09/2025;domingo;09:22:00;RO;364;345;JI-PARANA;Reação tardia ou ineficiente do condutor;Colisão transversal;Com Vítimas Feridas;Pleno dia;Decrescente;Sol;Dupla;"Curva;Retorno Regulamentado";Sim;5;0;1;0;3;2;1;5;-10,868067;-61,963577;SPRF-RO;DEL02-RO;UOP01-DEL02-RO
716822;07/09/2025;domingo;15:20:00;GO;50;141;IPAMERI;Ingestão de álcool pelo condutor;Colisão traseira;Sem Vítimas;Pleno dia;Crescente;Céu Claro;Dupla;Reta;Não;3;0;0;0;1;4;0;5;-17,100984;-47,722194;SPRF-GO;DEL06-GO;UOP01-DEL06-GO
716830;07/09/2025;domingo;16:35:00;ES;101;368,7;ANCHIETA;Velocidade Incompatível;Colisão com objeto;Com Vítimas Feridas;Pleno dia;Crescente;Céu Claro;Simples;Curva;Não;2;0;1;0;0;1;1;2;-20,75584527;-40,75623496;SPRF-ES;DEL03-ES;UOP01-DEL03-ES
716831;20/08/2025;quarta-feira;11:20:00;MG;251;325;FRUTA DE LEITE;Demais falhas mecânicas ou elétricas;Saída de leito carroçável;Com Vítimas Fatais;Pleno dia;Crescente;Céu Claro;Simples;Reta;Não;2;1;0;0;0;2;0;3;-16,217932;-42,368858;SPRF-MG;DEL12-MG;UOP02-DEL12-MG
716843;07/09/2025;domingo;12:45:00;SC;101;57,6;ARAQUARI;Carga excessiva e/ou mal acondicionada;Derramamento de carga;Sem Vítimas;Pleno dia;Decrescente;Garoa/Chuvisco;Simples;Interseção de Vias;Não;2;0;0;0;1;1;0;2;-26,43799144;-48,80435944;SPRF-SC;DEL03-SC;UOP01-DEL03-SC
716845;07/09/2025;domingo;16:10:00;SC;282;358;ERVAL VELHO;Transitar na contramão;Colisão frontal;Com Vítimas Feridas;Pleno dia;Decrescente;Céu Claro;Simples;"Curva;Declive";Não;6;0;1;2;2;1;3;3;-27,3347967;-51,347235;SPRF-SC;DEL07-SC;UOP05-DEL07-SC
716854;07/09/2025;domingo;14:40:00;PA;10;59;ULIANOPOLIS;Demais falhas mecânicas ou elétricas;Tombamento;Com Vítimas Feridas;Pleno dia;Crescente;Sol;Simples;Reta;Não;3;0;1;0;1;4;1;6;-3,931775;-47,534795;SPRF-PA;DEL02-PA;UOP02-DEL02-PA
716857;07/09/2025;domingo;14:30:00;PI;135;352;BOM JESUS;Acessar a via sem observar a presença dos outros veículos;Colisão traseira;Com Vítimas Feridas;Pleno dia;Crescente;Céu Claro;Dupla;Reta;Sim;3;0;0;1;1;3;1;5;-9,075688;-44,357962;SPRF-PI;DEL03-PI;UOP02-DEL03-PI
716865;07/09/2025;domingo;19:00:00;PE;423;75,7;JUCATI;Transitar na contramão;Colisão frontal;Com Vítimas Fatais;Plena Noite;Decrescente;Céu Claro;Simples;"Reta;Declive";Não;2;1;0;0;1;0;0;2;-8,7250102;-36,4297108;SPRF-PE;DEL03-PE;UOP01-DEL03-PE
716880;07/09/2025;domingo;13:50:00;MT;364;443,8;VARZEA GRANDE;Ultrapassagem Indevida;Colisão frontal;Com Vítimas Fatais;Pleno dia;Decrescente;Céu Claro;Simples;Curva;Não;4;1;0;0;2;5;0;8;-15,590508;-56,232929;SPRF-MT;DEL01-MT;UOP02-DEL01-MT
716884;07/09/2025;domingo;19:45:00;MG;116;414;GOVERNADOR VALADARES;Ingestão de álcool pelo condutor;Colisão lateral mesmo sentido;Com Vítimas Feridas;Plena Noite;Decrescente;Céu Claro;Múltipla;Reta;Sim;3;0;2;0;0;1;2;2;-18,883925;-41,949623;SPRF-MG;DEL06-MG;UOP01-DEL06-MG
716889;07/09/2025;domingo;19:00:00;ES;101;73,9;SAO MATEUS;Acessar a via sem observar a presença dos outros veículos;Colisão transversal;Com Vítimas Feridas;Plena Noite;Crescente;Céu Claro;Simples;Reta;Não;2;0;1;0;0;1;1;2;-18,776851;-39,873005;SPRF-ES;DEL04-ES;UOP02-DEL04-ES
716893;07/09/2025;domingo;20:30:00;ES;101;88,3;SAO MATEUS;Acessar a via sem observar a presença dos outros veículos;Colisão transversal;Com Vítimas Fatais;Plena Noite;Crescente;Nublado;Simples;Reta;Não;3;1;0;0;2;0;0;2;-18,8857256;-39,9501186;SPRF-ES;DEL04-ES;UOP02-DEL04-ES
716894;07/09/2025;domingo;21:00:00;BA;324;587,5;CANDEIAS;Condutor deixou de manter distância do veículo da frente;Colisão traseira;Sem Vítimas;Plena Noite;Crescente;Nublado;Dupla;Reta;Não;3;0;0;0;2;1;0;3;-12,6622383;-38,4711517;SPRF-BA;DEL01-BA;UOP01-DEL01-BA
716896;07/09/2025;domingo;13:15:00;MT;70;523;VARZEA GRANDE;Demais falhas mecânicas ou elétricas;Incêndio;Sem Vítimas;Pleno dia;Crescente;Sol;Simples;Reta;Sim;2;0;0;0;1;3;0;4;-15,656805;-56,189461;SPRF-MT;DEL01-MT;UOP02-DEL01-MT
716899;01/07/2025;terça-feira;18:47:00;PI;316;2,1;TERESINA;Manobra de mudança de faixa;Colisão lateral mesmo sentido;Com Vítimas Feridas;Anoitecer;Decrescente;Céu Claro;Dupla;Reta;Não;2;0;0;1;1;0;1;2;-5,12337803;-42,79637128;SPRF-PI;DEL01-PI;UOP02-DEL01-PI
716916;07/09/2025;domingo;21:50:00;SC;101;84;BARRA VELHA;Ausência de reação do condutor;Colisão traseira;Com Vítimas Feridas;Plena Noite;Crescente;Garoa/Chuvisco;Simples;Reta;Não;2;0;1;0;1;0;1;2;-26,62413526;-48,7147522;SPRF-SC;DEL03-SC;UOP02-DEL03-SC
716941;10/08/2025;domingo;17:30:00;RJ;393;205;VASSOURAS;Avarias e/ou desgaste excessivo no pneu;Saída de leito carroçável;Com Vítimas Feridas;Pleno dia;Decrescente;Céu Claro;Simples;Reta;Não;3;0;1;1;0;1;2;2;-22,25553846;-43,4444797;SPRF-RJ;DEL05-RJ;UOP03-DEL05-RJ
716945;08/09/2025;segunda-feira;05:05:00;BA;101;102;ALAGOINHAS;Pista esburacada;Colisão transversal;Com Vítimas Feridas;Amanhecer;Decrescente;Nublado;Simples;Reta;Sim;5;0;0;2;2;1;2;4;-12,10211768;-38,37381938;SPRF-BA;DEL01-BA;UOP04-DEL01-BA
716952;08/09/2025;segunda-feira;05:10:00;BA;242;365;LENCOIS;Reação tardia ou ineficiente do condutor;Colisão traseira;Com Vítimas Feridas;Amanhecer;Decrescente;Chuva;Simples;Curva;Não;3;0;1;0;1;2;1;4;-12,461528;-41,421618;SPRF-BA;DEL06-BA;UOP01-DEL06-BA
716953;08/09/2025;segunda-feira;04:50:00;SC;470;259,1;CURITIBANOS;Velocidade Incompatível;Saída de leito carroçável;Com Vítimas Feridas;Plena Noite;Decrescente;Chuva;Simples;"Declive;Curva";Não;2;0;1;0;0;1;1;2;-27,2997191;-50,68143938;SPRF-SC;DEL05-SC;UOP03-DEL05-SC
716954;08/09/2025;segunda-feira;04:30:00;SE;101;156;ESTANCIA;Avarias e/ou desgaste excessivo no pneu;Incêndio;Com Vítimas Feridas;Amanhecer;Decrescente;Nublado;Simples;"Curva;Declive";Não;2;0;1;0;0;1;1;2;-11,3027898;-37,48670084;SPRF-SE;DEL02-SE;UOP01-DEL02-SE
716955;08/09/2025;segunda-feira;07:00:00;PR;277;5,1;PARANAGUA;Reação tardia ou ineficiente do condutor;Colisão lateral mesmo sentido;Com Vítimas Feridas;Pleno dia;Crescente;Nublado;Dupla;"Viaduto;Reta;Aclive";Sim;6;0;2;0;1;3;2;6;-25,52542527;-48,52699531;SPRF-PR;DEL01-PR;UOP05-DEL01-PR
716968;08/09/2025;segunda-feira;08:04:00;RS;386;427,6;NOVA SANTA RITA;Ausência de reação do condutor;Colisão frontal;Com Vítimas Feridas;Pleno dia;Decrescente;Chuva;Simples;Reta;Não;5;0;1;1;3;0;2;2;-29,82474234;-51,34264681;SPRF-RS;DEL04-RS;UOP02-DEL04-RS
716972;08/09/2025;segunda-feira;07:50:00;MS;163;468;CAMPO GRANDE;Reação tardia ou ineficiente do condutor;Colisão lateral sentido oposto;Com Vítimas Feridas;Pleno dia;Crescente;Céu Claro;Simples;Curva;Não;8;0;0;1;4;5;1;9;-20,57157602;-54,56532933;SPRF-MS;DEL01-MS;UOP01-DEL01-MS
716978;08/09/2025;segunda-feira;08:08:00;MG;365;597,6;UBERLANDIA;Reação tardia ou ineficiente do condutor;Saída de leito carroçável;Com Vítimas Feridas;Pleno dia;Decrescente;Sol;Simples;"Declive;Curva";Não;2;0;1;0;1;0;1;1;-18,87615608;-48,09153062;SPRF-MG;DEL15-MG;UOP01-DEL15-MG
716988;08/09/2025;segunda-feira;08:38:00;SP;116;548;BARRA DO TURVO;Reação tardia ou ineficiente do condutor;Eventos atípicos;Com Vítimas Feridas;Pleno dia;Crescente;Garoa/Chuvisco;Múltipla;"Declive;Curva";Não;2;0;1;0;0;1;1;2;-24,954;-48,451;SPRF-SP;DEL05-SP;UOP02-DEL05-SP
716993;08/09/2025;segunda-feira;10:11:00;ES;101;28;PINHEIROS;Velocidade Incompatível;Tombamento;Com Vítimas Feridas;Pleno dia;Decrescente;Céu Claro;Simples;"Reta;Declive";Não;2;0;1;0;0;2;1;3;-18,394302;-39,940893;SPRF-ES;DEL04-ES;UOP02-DEL04-ES
716997;08/09/2025;segunda-feira;10:55:00;PB;101;76,4;SANTA RITA;Demais falhas na via;Colisão com objeto;Com Vítimas Feridas;Pleno dia;Crescente;Sol;Dupla;Reta;Não;2;0;1;0;1;0;1;1;-7,09511;-34,967384;SPRF-PB;DEL01-PB;UOP03-DEL01-PB
717000;08/09/2025;segunda-feira;10:45:00;PE;101;83;JABOATAO DOS GUARARAPES;Reação tardia ou ineficiente do condutor;Engavetamento;Com Vítimas Feridas;Pleno dia;Decrescente;Nublado;Dupla;"Declive;Viaduto";Sim;4;0;1;0;2;2;1;5;-8,1719438;-34,93854046;SPRF-PE;DEL01-PE;UOP01-DEL01-PE
717001;08/09/2025;segunda-feira;05:48:00;SC;280;232,6;CANOINHAS;Ausência de reação do condutor;Colisão traseira;Com Vítimas Fatais;Plena Noite;Crescente;Garoa/Chuvisco;Simples;"Reta;Aclive";Sim;3;1;0;0;1;1;0;3;-26,190595;-50,388068;SPRF-SC;DEL06-SC;UOP04-DEL06-SC
717004;08/09/2025;segunda-feira;11:55:00;MG;40;460;CAETANOPOLIS;Avarias e/ou desgaste excessivo no pneu;Colisão lateral mesmo sentido;Com Vítimas Feridas;Pleno dia;Decrescente;Céu Claro;Dupla;"Curva;Aclive";Não;5;0;1;0;3;3;1;7;-19,322765;-44,364848;SPRF-MG;DEL02-MG;UOP01-DEL02-MG
717005;08/09/2025;segunda-feira;12:25:00;SC;470;63;INDAIAL;Ausência de reação do condutor;Colisão lateral sentido oposto;Com Vítimas Feridas;Pleno dia;Crescente;Garoa/Chuvisco;Simples;"Declive;Desvio Temporário";Não;2;0;1;0;1;0;1;2;-26,8701472;-49,20943586;SPRF-SC;DEL04-SC;UOP01-DEL04-SC
717028;11/08/2025;segunda-feira;10:30:00;RS;285;293,1;PASSO FUNDO;Condutor deixou de manter distância do veículo da frente;Colisão traseira;Com Vítimas Feridas;Pleno dia;Crescente;Céu Claro;Simples;Interseção de Vias;Sim;2;0;1;0;1;0;1;2;-28,23674397;-52,37441182;SPRF-RS;DEL08-RS;UOP03-DEL08-RS