id;data_inversa;dia_semana;horario;uf;br;km;municipio;causa_acidente;tipo_acidente;classificacao_acidente;fase_dia;sentido_via;condicao_metereologica;tipo_pista;tracado_via;uso_solo;pessoas;mortos;feridos_leves;feridos_graves;ilesos;ignorados;feridos;veiculos;latitude;longitude;regional;delegacia;uop
718348;14/09/2025;domingo;15:30:00;PR;277;4;PARANAGUA;Ingestão de álcool pelo condutor;Tombamento;Com Vítimas Fatais;Pleno dia;Crescente;Nublado;Dupla;"Interseção de Vias;Curva";Sim;3;1;1;0;0;1;1;3;-25,5563155;-48,565296;SPRF-PR;DEL01-PR;UOP05-DEL01-PR
718354;10/09/2025;quarta-feira;16:50:00;MS;163;268;DOURADOS;Ultrapassagem Indevida;Colisão traseira;Com Vítimas Feridas;Pleno dia;Crescente;Céu Claro;Dupla;Rotatória;Sim;4;0;1;1;1;1;2;3;-22,20769951;-54,70881343;SPRF-MS;DEL04-MS;UOP01-DEL04-MS
718356;14/09/2025;domingo;16:30:00;MG;262;470;BOM DESPACHO;Velocidade Incompatível;Colisão transversal;Com Vítimas Fatais;Pleno dia;Decrescente;Sol;Simples;"Rotatória;Reta";Não;2;1;0;0;1;0;0;2;-19,78543;-45,25323;SPRF-MG;DEL08-MG;UOP03-DEL08-MG
718359;14/09/2025;domingo;15:20:00;GO;60;44,3;ALEXANIA;Reação tardia ou ineficiente do condutor;Saída de leito carroçável;Com Vítimas Feridas;Pleno dia;Crescente;Céu Claro;Dupla;"Declive;Reta";Não;2;0;1;0;1;0;1;1;-16,130648;-48,597367;SPRF-GO;DEL02-GO;UOP01-DEL02-GO
718376;14/09/2025;domingo;18:00:00;RS;386;435,3;NOVA SANTA RITA;Reação tardia ou ineficiente do condutor;Colisão traseira;Sem Vítimas;Anoitecer;Decrescente;Céu Claro;Dupla;Rotatória;Sim;8;0;0;0;8;0;0;2;-29,84774554;-51,27111381;SPRF-RS;DEL04-RS;UOP02-DEL04-RS
718377;14/09/2025;domingo;16:00:00;PR;277;206;PALMEIRA;Ausência de reação do condutor;Saída de leito carroçável;Com Vítimas Feridas;Pleno dia;Decrescente;Céu Claro;Simples;Reta;Não;2;0;1;0;0;3;1;4;-25,468697;-50,274948;SPRF-PR;DEL08-PR;UOP02-DEL08-PR
718379;14/09/2025;domingo;13:00:00;MT;174;531;COMODORO;Reação tardia ou ineficiente do condutor;Saída de leito carroçável;Com Vítimas Feridas;Pleno dia;Crescente;Céu Claro;Simples;Reta;Não;3;0;2;0;0;1;2;2;-13,26444509;-59,86571431;SPRF-MT;DEL04-MT;UOP02-DEL04-MT
718389;14/08/2025;quinta-feira;08:35:00;RN;304;295;MACAIBA;Condutor deixou de manter distância do veículo da frente;Colisão transversal;Com Vítimas Feridas;Pleno dia;Decrescente;Céu Claro;Dupla;"Reta;Declive";Não;2;0;1;0;1;0;1;2;-5,867047;-35,365988;SPRF-RN;DEL01-RN;UOP02-DEL01-RN
718404;14/09/2025;domingo;19:50:00;PR;277;464,5;LARANJEIRAS DO SUL;Manobra de mudança de faixa;Colisão com objeto;Sem Vítimas;Anoitecer;Crescente;Céu Claro;Simples;Reta;Não;2;0;0;0;1;1;0;2;-25,347097;-52,491092;SPRF-PR;DEL04-PR;UOP02-DEL04-PR
718420;14/09/2025;domingo;17:30:00;MG;262;531;LUZ;Condutor usando celular;Saída de leito carroçável;Com Vítimas Feridas;Pleno dia;Decrescente;Sol;Simples;Reta;Não;2;0;1;0;0;3;1;4;-19,758859;-45,805433;SPRF-MG;DEL08-MG;UOP02-DEL08-MG
718421;14/09/2025;domingo;19:14:00;PE;232;394;SERRA TALHADA;Transitar na contramão;Colisão lateral sentido oposto;Com Vítimas Feridas;Plena Noite;Decrescente;Céu Claro;Simples;Reta;Não;3;0;0;1;2;0;1;2;-8,026352;-38,180817;SPRF-PE;DEL04-PE;UOP01-DEL04-PE
718426;14/09/2025;domingo;19:00:00;MA;226;565,5;PORTO FRANCO;Acostamento em desnível;Capotamento;Com Vítimas Feridas;Plena Noite;Decrescente;Céu Claro;Simples;Reta;Não;2;0;1;0;0;2;1;3;-6,320898;-47,343478;SPRF-MA;DEL04-MA;UOP02-DEL04-MA
718433;14/09/2025;domingo;17:11:00;MT;70;517;VARZEA GRANDE;Semáforo com defeito;Colisão transversal;Com Vítimas Feridas;Anoitecer;Crescente;Nublado;Simples;"Interseção de Vias;Reta";Sim;3;0;2;0;1;0;2;2;-15,7014152;-56,15976959;SPRF-MT;DEL01-MT;UOP02-DEL01-MT
718443;06/09/2025;sábado;17:10:00;PR;376;532;PALMEIRA;Demais falhas mecânicas ou elétricas;Colisão com objeto;Com Vítimas Feridas;Pleno dia;Decrescente;Céu Claro;Dupla;Reta;Não;3;0;0;1;1;2;1;4;-25,34972;-49,840199;SPRF-PR;DEL03-PR;UOP03-DEL03-PR
718467;14/09/2025;domingo;22:00:00;ES;262;97;VENDA NOVA DO IMIGRANTE;Demais falhas mecânicas ou elétricas;Incêndio;Sem Vítimas;Plena Noite;Decrescente;Nublado;Simples;Reta;Sim;2;0;0;0;1;1;0;2;-20,3602235;-41,07678192;SPRF-ES;DEL01-ES;UOP02-DEL01-ES
718470;14/09/2025;domingo;23:45:00;BA;116;419;FEIRA DE SANTANA;Ingestão de substâncias psicoativas pelo condutor;Colisão com objeto;Sem Vítimas;Plena Noite;Crescente;Nublado;Dupla;Reta;Sim;1;0;0;0;1;0;0;1;-12,19970242;-38,96536801;SPRF-BA;DEL02-BA;UOP01-DEL02-BA
718478;15/09/2025;segunda-feira;01:40:00;SP;116;6,6;QUELUZ;Ausência de reação do condutor;Colisão traseira;Com Vítimas Feridas;Plena Noite;Crescente;Céu Claro;Dupla;Reta;Não;3;0;1;0;1;2;1;4;-22,53147954;-44,75717928;SPRF-SP;DEL08-SP;UOP02-DEL08-SP
718482;15/09/2025;segunda-feira;02:00:00;MT;163;117;RONDONOPOLIS;Ausência de reação do condutor;Colisão traseira;Com Vítimas Feridas;Plena Noite;Decrescente;Céu Claro;Dupla;Reta;Sim;3;0;0;1;1;5;1;7;-16,49316107;-54,64693772;SPRF-MT;DEL02-MT;UOP01-DEL02-MT
718484;14/09/2025;domingo;17:39:00;MA;135;23;SAO LUIS;Velocidade Incompatível;Colisão traseira;Com Vítimas Feridas;Anoitecer;Decrescente;Céu Claro;Simples;Reta;Sim;4;0;1;0;1;2;1;4;-2,7572;-44,3521;SPRF-MA;DEL01-MA;UOP01-DEL01-MA
718486;15/09/2025;segunda-feira;02:40:00;PE;232;330;CUSTODIA;Reação tardia ou ineficiente do condutor;Colisão lateral mesmo sentido;Com Vítimas Fatais;Plena Noite;Crescente;Céu Claro;Simples;Reta;Não;2;1;0;0;0;1;0;2;-8,0891068;-37,6147198;SPRF-PE;DEL04-PE;UOP02-DEL04-PE
718493;15/09/2025;segunda-feira;04:00:00;MG;381;666;PERDOES;Reação tardia ou ineficiente do condutor;Colisão traseira;Com Vítimas Feridas;Amanhecer;Decrescente;Nublado;Dupla;"Reta;Aclive";Não;2;0;1;0;0;1;1;2;-21,05519234;-45,04088189;SPRF-MG;DEL04-MG;UOP02-DEL04-MG
718494;15/09/2025;segunda-feira;04:40:00;CE;222;218;SOBRAL;Acesso irregular;Colisão traseira;Com Vítimas Feridas;Plena Noite;Crescente;Céu Claro;Simples;Reta;Não;2;0;2;0;0;0;2;2;-3,7189353;-40,3323312;SPRF-CE;DEL04-CE;UOP01-DEL04-CE
718500;15/09/2025;segunda-feira;04:20:00;MG;40;511,3;RIBEIRAO DAS NEVES;Velocidade Incompatível;Saída de leito carroçável;Com Vítimas Feridas;Amanhecer;Decrescente;Céu Claro;Simples;"Retorno Regulamentado;Interseção de Vias;Aclive;Curva";Sim;3;0;0;1;1;12;1;14;-19,78218556;-44,11672208;SPRF-MG;DEL01-MG;UOP02-DEL01-MG
718501;15/09/2025;segunda-feira;04:15:00;PI;316;62,8;MONSENHOR GIL;Transitar na contramão;Colisão lateral sentido oposto;Com Vítimas Fatais;Plena Noite;Crescente;Céu Claro;Simples;Reta;Não;2;1;0;0;0;1;0;2;-5,56712427;-42,61425018;SPRF-PI;DEL01-PI;UOP02-DEL01-PI
718503;15/09/2025;segunda-feira;03:35:00;MT;174;117;MIRASSOL DOESTE;Animais na Pista;Atropelamento de Animal;Sem Vítimas;Plena Noite;Decrescente;Céu Claro;Simples;Reta;Não;4;0;0;0;4;0;0;1;-15,822;-58,027;SPRF-MT;DEL03-MT;UOP01-DEL03-MT
718505;15/09/2025;segunda-feira;06:05:00;SP;116;282;ITAPECERICA DA SERRA;Trafegar com motocicleta (ou similar) entre as faixas;Colisão lateral mesmo sentido;Com Vítimas Feridas;Pleno dia;Decrescente;Nublado;Dupla;Reta;Sim;2;0;1;0;1;0;1;2;-23,68456911;-46,85698184;SPRF-SP;DEL04-SP;UOP01-DEL04-SP
718506;15/09/2025;segunda-feira;04:40:00;MG;153;57,8;MONTE ALEGRE DE MINAS;Ausência de reação do condutor;Saída de leito carroçável;Com Vítimas Fatais;Plena Noite;Decrescente;Céu Claro;Dupla;Reta;Não;2;1;0;0;0;1;0;2;-18,877869;-49,055817;SPRF-MG;DEL15-MG;UOP03-DEL15-MG
718509;15/09/2025;segunda-feira;02:10:00;SC;153;114,1;CONCORDIA;Transitar na contramão;Colisão lateral sentido oposto;Com Vítimas Feridas;Plena Noite;Decrescente;Céu Claro;Simples;Curva;Não;3;0;0;1;1;1;1;3;-27,346813;-51,986467;SPRF-SC;DEL07-SC;UOP04-DEL07-SC
718516;02/08/2025;sábado;04:35:00;MG;251;474;FRANCISCO SA;Velocidade Incompatível;Tombamento;Com Vítimas Feridas;Amanhecer;Crescente;Céu Claro;Simples;Reta;Não;3;0;2;0;0;1;2;2;-16,4728126;-43,475464;SPRF-MG;DEL12-MG;UOP01-DEL12-MG
718517;15/09/2025;segunda-feira;07:00:00;RS;116;525,2;PELOTAS;Ausência de reação do condutor;Colisão traseira;Com Vítimas Fatais;Pleno dia;Crescente;Nublado;Múltipla;Reta;Sim;4;1;0;0;1;2;0;4;-31,73783;-52,39543;SPRF-RS;DEL07-RS;UOP01-DEL07-RS
718533;15/09/2025;segunda-feira;02:25:00;PA;163;629;TRAIRAO;Condutor Dormindo;Saída de leito carroçável;Com Vítimas Feridas;Plena Noite;Decrescente;Céu Claro;Simples;"Reta;Declive";Não;2;0;1;0;0;3;1;4;-4,67396;-55,97191;SPRF-PA;DEL05-PA;UOP03-DEL05-PA
718535;15/09/2025;segunda-feira;07:50:00;BA;324;592;CANDEIAS;Carga excessiva e/ou mal acondicionada;Tombamento;Sem Vítimas;Pleno dia;Crescente;Nublado;Dupla;Reta;Não;1;0;0;0;1;0;0;1;-12,70706008;-38,46289005;SPRF-BA;DEL01-BA;UOP01-DEL01-BA
718537;15/09/2025;segunda-feira;08:00:00;BA;101;190;CONCEICAO DA FEIRA;Condutor Dormindo;Colisão lateral sentido oposto;Com Vítimas Feridas;Pleno dia;Decrescente;Céu Claro;Simples;"Aclive;Reta";Não;2;0;1;0;1;0;1;2;-12,5037733;-38,9621;SPRF-BA;DEL01-BA;UOP03-DEL01-BA
718538;15/09/2025;segunda-feira;08:02:00;MS;163;25,3;MUNDO NOVO;Desrespeitar a preferência no cruzamento;Colisão transversal;Com Vítimas Feridas;Pleno dia;Decrescente;Céu Claro;Simples;"Reta;Interseção de Vias";Não;2;0;0;1;1;0;1;2;-23,884;-54,318;SPRF-MS;DEL09-MS;UOP02-DEL09-MS
718541;15/09/2025;segunda-feira;08:00:00;SP;116;211,4;GUARULHOS;Ausência de reação do condutor;Colisão traseira;Com Vítimas Fatais;Pleno dia;Decrescente;Céu Claro;Dupla;Reta;Não;2;1;0;0;1;0;0;2;-23,434205;-46,424958;SPRF-SP;DEL01-SP;UOP01-DEL01-SP
718542;15/09/2025;segunda-feira;08:00:00;RJ;116;187;NOVA IGUACU;Condutor deixou de manter distância do veículo da frente;Colisão traseira;Com Vítimas Feridas;Pleno dia;Decrescente;Céu Claro;Múltipla;Reta;Sim;3;0;2;0;1;0;2;2;-22,74181646;-43,47456872;SPRF-RJ;DEL06-RJ;UOP01-DEL06-RJ
718545;15/09/2025;segunda-feira;09:15:00;GO;153;347;JARAGUA;Frear bruscamente;Colisão traseira;Sem Vítimas;Pleno dia;Crescente;Céu Claro;Simples;Curva;Não;2;0;0;0;1;1;0;2;-15,661;-49,356;SPRF-GO;DEL02-GO;UOP02-DEL02-GO
718546;15/09/2025;segunda-feira;06:50:00;RS;116;45,5;VACARIA;Carga excessiva e/ou mal acondicionada;Colisão com objeto;Com Vítimas Feridas;Amanhecer;Crescente;Nublado;Simples;Curva;Não;6;0;2;0;3;1;2;3;-28,54875733;-50,98047702;SPRF-RS;DEL05-RS;UOP03-DEL05-RS
718548;15/09/2025;segunda-feira;09:15:00;SC;282;606;MARAVILHA;Acesso irregular;Colisão transversal;Com Vítimas Feridas;Pleno dia;Crescente;Céu Claro;Simples;Rotatória;Sim;3;0;1;0;1;2;1;4;-26,774862;-53,203277;SPRF-SC;DEL07-SC;UOP02-DEL07-SC
718549;15/09/2025;segunda-feira;10:00:00;GO;414;342,2;COCALZINHO DE GOIAS;Transitar na contramão;Colisão frontal;Com Vítimas Feridas;Pleno dia;Decrescente;Céu Claro;Simples;"Aclive;Curva";Não;4;0;0;2;0;3;2;5;-15,570071;-48,622011;SPRF-GO;DEL02-GO;UOP01-DEL02-GO
718550;15/09/2025;segunda-feira;09:30:00;SC;101;234,1;PALHOCA;Trafegar com motocicleta (ou similar) entre as faixas;Tombamento;Com Vítimas Feridas;Pleno dia;Decrescente;Céu Claro;Dupla;"Reta;Aclive";Não;4;0;1;0;2;4;1;7;-27,810319;-48,635322;SPRF-SC;DEL01-SC;UOP02-DEL01-SC
718556;15/09/2025;segunda-feira;09:30:00;SP;153;161,7;PROMISSAO;Desrespeitar a preferência no cruzamento;Colisão transversal;Com Vítimas Feridas;Pleno dia;Decrescente;Sol;Simples;Rotatória;Não;6;0;2;0;3;1;2;4;-21,51959145;-49,77883665;SPRF-SP;DEL07-SP;UOP01-DEL07-SP
718557;15/09/2025;segunda-feira;08:20:00;MG;40;678,5;RESSAQUINHA;Condutor Dormindo;Tombamento;Com Vítimas Feridas;Pleno dia;Crescente;Céu Claro;Simples;Reta;Não;4;0;0;2;1;1;2;3;-21,0374759;-43,7677811;SPRF-MG;DEL05-MG;UOP02-DEL05-MG
718560;14/09/2025;domingo;08:45:00;CE;20;405;CAUCAIA;Carga excessiva e/ou mal acondicionada;Derramamento de carga;Sem Vítimas;Pleno dia;Decrescente;Céu Claro;Simples;Reta;Não;4;0;0;0;4;0;0;2;-3,77876037;-38,66897196;SPRF-CE;DEL01-CE;UOP01-DEL01-CE
718564;15/09/2025;segunda-feira;11:00:00;ES;262;33,5;DOMINGOS MARTINS;Problema com o freio;Saída de leito carroçável;Com Vítimas Feridas;Pleno dia;Decrescente;Nublado;Simples;Curva;Não;2;0;2;0;0;0;2;1;-20,3144188;-40,5813394;SPRF-ES;DEL01-ES;UOP01-DEL01-ES
718567;15/09/2025;segunda-feira;07:00:00;BA;110;103,1;SITIO DO QUINTO;Transitar na contramão;Colisão frontal;Com Vítimas Feridas;Pleno dia;Crescente;Nublado;Simples;Aclive;Não;4;0;1;0;2;1;1;3;-10,280357;-38,310027;SPRF-BA;DEL07-BA;UOP01-DEL07-BA
718570;15/09/2025;segunda-feira;12:00:00;SP;116;223;GUARULHOS;Ausência de reação do condutor;Colisão traseira;Com Vítimas Feridas;Pleno dia;Decrescente;Céu Claro;Dupla;Reta;Sim;3;0;1;0;2;0;1;2;-23,48137801;-46,53337615;SPRF-SP;DEL01-SP;UOP01-DEL01-SP
718574;30/04/2025;quarta-feira;19:00:00;SP;116;175;GUARAREMA;Reação tardia ou ineficiente do condutor;Colisão traseira;Com Vítimas Feridas;Plena Noite;Crescente;Céu Claro;Dupla;"Aclive;Reta";Não;3;0;1;0;1;2;1;4;-23,32176211;-46,10019684;SPRF-SP;DEL02-SP;UOP01-DEL02-SP
718579;15/09/2025;segunda-feira;12:15:00;SC;101;327;CAPIVARI DE BAIXO;Desrespeitar a preferência no cruzamento;Colisão transversal;Com Vítimas Feridas;Pleno dia;Decrescente;Céu Claro;Múltipla;Interseção de Vias;Sim;2;0;1;0;1;0;1;2;-28,43910702;-48,96149969;SPRF-SC;DEL02-SC;UOP01-DEL02-SC
718587;15/09/2025;segunda-feira;11:40:00;BA;101;37,6;ESPLANADA;Ultrapassagem Indevida;Colisão lateral sentido oposto;Sem Vítimas;Pleno dia;Crescente;Nublado;Simples;"Viaduto;Aclive;Reta";Não;4;0;0;0;1;3;0;4;-11,7922413;-37,9539901;SPRF-SE;DEL02-SE;UOP03-DEL02-SE
718588;15/09/2025;segunda-feira;12:00:00;PR;476;178;CONTENDA;Reação tardia ou ineficiente do condutor;Tombamento;Sem Vítimas;Pleno dia;Crescente;Céu Claro;Simples;"Curva;Declive";Não;2;0;0;0;1;1;0;2;-25,70445677;-49,58837986;SPRF-PR;DEL01-PR;UOP06-DEL01-PR
718592;15/09/2025;segunda-feira;12:37:00;GO;40;96;CRISTALINA;Acessar a via sem observar a presença dos outros veículos;Colisão transversal;Sem Vítimas;Pleno dia;Crescente;Céu Claro;Simples;"Reta;Interseção de Vias";Sim;2;0;0;0;2;0;0;2;-16,758028;-47,601435;SPRF-DF;DEL01-DF;UOP02-DEL01-DF
718596;31/07/2025;quinta-feira;19:10:00;PA;163;306;NOVO PROGRESSO;Acessar a via sem observar a presença dos outros veículos;Colisão transversal;Com Vítimas Feridas;Plena Noite;Decrescente;Céu Claro;Simples;"Declive;Reta";Não;3;0;1;0;1;2;1;4;-7,08112736;-55,40576935;SPRF-PA;DEL05-PA;UOP03-DEL05-PA
718602;15/09/2025;segunda-feira;12:50:00;SC;282;111,5;ALFREDO WAGNER;Condutor Dormindo;Colisão lateral mesmo sentido;Com Vítimas Feridas;Pleno dia;Crescente;Nublado;Simples;"Reta;Declive";Não;4;0;1;0;2;1;1;3;-27,7336;-49,3718;SPRF-SC;DEL01-SC;UOP03-DEL01-SC
718604;15/09/2025;segunda-feira;06:50:00;PR;277;400,7;CANDOI;Ausência de reação do condutor;Colisão frontal;Com Vítimas Fatais;Pleno dia;Crescente;Céu Claro;Simples;Curva;Não;4;1;1;0;1;2;1;4;-25,44581;-51,970326;SPRF-PR;DEL04-PR;UOP02-DEL04-PR
718608;15/09/2025;segunda-feira;13:50:00;MG;365;286;JOAO PINHEIRO;Reação tardia ou ineficiente do condutor;Colisão lateral sentido oposto;Com Vítimas Feridas;Pleno dia;Crescente;Céu Claro;Simples;"Aclive;Reta";Não;6;0;1;2;2;4;3;7;-18,05279;-45,65263;SPRF-MG;DEL10-MG;UOP02-DEL010-MG
718611;15/09/2025;segunda-feira;13:50:00;BA;101;734,5;ITABELA;Demais falhas mecânicas ou elétricas;Incêndio;Sem Vítimas;Pleno dia;Crescente;Céu Claro;Simples;Curva;Não;2;0;0;0;2;0;0;1;-16,493658;-39,57505;SPRF-BA;DEL09-BA;UOP01-DEL09-BA
718613;15/09/2025;segunda-feira;15:30:00;SP;116;208;GUARULHOS;Ausência de reação do condutor;Colisão traseira;Com Vítimas Feridas;Pleno dia;Crescente;Céu Claro;Múltipla;Reta;Sim;2;0;1;0;1;0;1;2;-23,4234689;-46,39782875;SPRF-SP;DEL01-SP;UOP01-DEL01-SP
718615;15/09/2025;segunda-feira;13:20:00;RJ;493;0,1;ITABORAI;Condutor deixou de manter distância do veículo da frente;Colisão lateral mesmo sentido;Sem Vítimas;Pleno dia;Decrescente;Céu Claro;Simples;Reta;Sim;2;0;0;0;2;0;0;2;-22,76509092;-42,92536195;SPRF-RJ;DEL02-RJ;UOP02-DEL02-RJ
718617;15/09/2025;segunda-feira;14:18:00;RO;364;235,5;CACOAL;Desrespeitar a preferência no cruzamento;Colisão transversal;Sem Vítimas;Pleno dia;Crescente;Garoa/Chuvisco;Simples;"Declive;Interseção de Vias;Reta";Sim;5;0;0;0;5;0;0;3;-11,446163;-61,436073;SPRF-RO;DEL02-RO;UOP02-DEL02-RO
718624;15/09/2025;segunda-feira;16:05:00;MG;153;77;PRATA;Demais falhas mecânicas ou elétricas;Derramamento de carga;Com Vítimas Feridas;Pleno dia;Crescente;Céu Claro;Simples;Curva;Não;3;0;1;0;1;2;1;4;-19,042009;-49,010003;SPRF-MG;DEL15-MG;UOP03-DEL15-MG
718631;15/09/2025;segunda-feira;16:25:00;PE;101;38,5;IGARASSU;Demais falhas mecânicas ou elétricas;Incêndio;Sem Vítimas;Pleno dia;Crescente;Céu Claro;Dupla;"Reta;Aclive";Sim;2;0;0;0;1;2;0;3;-7,808464;-34,922611;SPRF-PE;DEL01-PE;UOP02-DEL01-PE
718632;15/09/2025;segunda-feira;13:25:00;PI;230;249;OEIRAS;Ausência de reação do condutor;Tombamento;Com Vítimas Feridas;Pleno dia;Decrescente;Céu Claro;Simples;"Reta;Declive";Não;1;0;1;0;0;0;1;1;-6,986272;-42,540867;SPRF-PI;DEL03-PI;UOP01-DEL03-PI
718641;15/09/2025;segunda-feira;17:00:00;RS;116;427;CRISTAL;Acessar a via sem observar a presença dos outros veículos;Colisão transversal;Com Vítimas Feridas;Pleno dia;Crescente;Céu Claro;Simples;Curva;Sim;3;0;2;0;1;0;2;2;-30,99759644;-52,04913408;SPRF-RS;DEL02-RS;UOP02-DEL02-RS
718649;15/09/2025;segunda-feira;14:40:00;MA;222;255;ARARI;Demais falhas mecânicas ou elétricas;Saída de leito carroçável;Com Vítimas Feridas;Pleno dia;Crescente;Céu Claro;Simples;Reta;Não;1;0;1;0;0;0;1;1;-3,578453;-44,620857;SPRF-MA;DEL01-MA;UOP02-DEL01-MA
718654;15/09/2025;segunda-feira;17:30:00;SC;282;624;IRACEMINHA;Estacionar ou parar em local proibido;Colisão lateral mesmo sentido;Sem Vítimas;Pleno dia;Decrescente;Chuva;Simples;Interseção de Vias;Sim;4;0;0;0;3;1;0;3;-26,798169;-53,345424;SPRF-SC;DEL07-SC;UOP02-DEL07-SC
718656;15/09/2025;segunda-feira;16:40:00;MT;364;346;SANTO ANTONIO DO LEVERGER;Demais falhas mecânicas ou elétricas;Incêndio;Sem Vítimas;Pleno dia;Decrescente;Céu Claro;Dupla;Reta;Não;1;0;0;0;1;0;0;1;-15,80436278;-55,5559834;SPRF-MT;DEL05-MT;UOP02-DEL05-MT
718658;15/09/2025;segunda-feira;06:03:00;BA;101;253;CONCEICAO DO ALMEIDA;Ingestão de álcool pelo condutor;Colisão frontal;Sem Vítimas;Pleno dia;Decrescente;Céu Claro;Simples;Reta;Sim;3;0;0;0;2;2;0;4;-12,89168958;-39,23010355;SPRF-BA;DEL01-BA;UOP02-DEL01-BA
718659;15/09/2025;segunda-feira;18:30:00;MG;40;576,2;ITABIRITO;Acessar a via sem observar a presença dos outros veículos;Colisão transversal;Com Vítimas Feridas;Plena Noite;Crescente;Céu Claro;Simples;"Reta;Retorno Regulamentado";Não;3;0;0;1;1;1;1;3;-20,26873918;-43,95474315;SPRF-MG;DEL01-MG;UOP02-DEL01-MG
718679;15/09/2025;segunda-feira;19:20:00;SC;282;512,3;XANXERE;Ausência de reação do condutor;Saída de leito carroçável;Com Vítimas Feridas;Plena Noite;Decrescente;Chuva;Simples;"Reta;Aclive";Não;2;0;1;0;0;1;1;2;-26,91220596;-52,47394022;SPRF-SC;DEL07-SC;UOP01-DEL07-SC
718680;20/07/2025;domingo;03:20:00;ES;101;46,9;CONCEICAO DA BARRA;Ausência de reação do condutor;Colisão frontal;Com Vítimas Fatais;Amanhecer;Crescente;Céu Claro;Simples;Reta;Não;3;1;0;0;1;3;0;5;-18,57059561;-39,89702225;SPRF-ES;DEL04-ES;UOP02-DEL04-ES
718693;15/09/2025;segunda-feira;19:15:00;RS;116;263;CANOAS;Ausência de reação do condutor;Colisão com objeto;Com Vítimas Feridas;Plena Noite;Decrescente;Garoa/Chuvisco;Múltipla;"Reta;Viaduto";Sim;3;0;1;0;1;1;1;3;-29,9061712;-51,1766385;SPRF-RS;DEL01-RS;UOP01-DEL01-RS
718702;10/08/2025;domingo;09:00:00;PA;163;589,8;TRAIRAO;Reação tardia ou ineficiente do condutor;Colisão com objeto;Com Vítimas Fatais;Pleno dia;Crescente;Sol;Simples;"Aclive;Curva";Não;3;1;1;0;0;3;1;4;-4,910995;-56,190777;SPRF-PA;DEL05-PA;UOP03-DEL05-PA
718706;15/09/2025;segunda-feira;23:20:00;MT;364;331,5;SANTO ANTONIO DO LEVERGER;Reação tardia ou ineficiente do condutor;Saída de leito carroçável;Com Vítimas Fatais;Plena Noite;Crescente;Chuva;Dupla;Curva;Não;2;1;0;0;0;3;0;4;-15,83177;-55,43946;SPRF-MT;DEL05-MT;UOP02-DEL05-MT
718707;15/09/2025;segunda-feira;21:45:00;BA;101;813,3;ITAMARAJU;Ausência de sinalização;Colisão lateral sentido oposto;Com Vítimas Feridas;Plena Noite;Crescente;Céu Claro;Simples;Reta;Sim;3;0;1;0;1;2;1;4;-17,063365;-39,554648;SPRF-BA;DEL09-BA;UOP01-DEL09-BA
718714;16/09/2025;terça-feira;04:00:00;BA;116;543,2;MILAGRES;Acessar a via sem observar a presença dos outros veículos;Colisão transversal;Com Vítimas Feridas;Amanhecer;Decrescente;Céu Claro;Simples;Interseção de Vias;Não;3;0;1;0;1;1;1;3;-12,846602;-39,841045;SPRF-BA;DEL03-BA;UOP02-DEL03-BA
718718;16/09/2025;terça-feira;06:05:00;GO;40;81,2;CRISTALINA;Condutor Dormindo;Colisão traseira;Com Vítimas Feridas;Pleno dia;Crescente;Céu Claro;Dupla;Reta;Não;4;0;0;2;2;0;2;2;-16,678905;-47,706951;SPRF-DF;DEL01-DF;UOP02-DEL01-DF
718721;15/09/2025;segunda-feira;20:02:00;MA;10;301;CIDELANDIA;Acessar a via sem observar a presença dos outros veículos;Colisão transversal;Com Vítimas Feridas;Plena Noite;Crescente;Céu Claro;Simples;Reta;Não;4;0;2;0;1;1;2;2;-5,105722;-47,552026;SPRF-MA;DEL04-MA;UOP03-DEL04-MA
718723;09/08/2025;sábado;02:13:00;MG;262;858;CONCEICAO DAS ALAGOAS;Demais falhas mecânicas ou elétricas;Incêndio;Sem Vítimas;Plena Noite;Decrescente;Céu Claro;Dupla;Reta;Não;2;0;0;0;1;3;0;4;-19,7828897;-48,44994736;SPRF-MG;DEL13-MG;UOP01-DEL13-MG
718726;16/09/2025;terça-feira;05:30:00;RS;101;5,8;TORRES;Pedestre andava na pista;Atropelamento de Pedestre;Com Vítimas Fatais;Plena Noite;Decrescente;Nublado;Múltipla;Reta;Sim;2;1;0;0;1;0;0;2;-29,3466625;-49,7915706;SPRF-RS;DEL03-RS;UOP02-DEL03-RS
718735;08/09/2025;segunda-feira;07:30:00;MT;364;574;NOBRES;Condutor deixou de manter distância do veículo da frente;Saída de leito carroçável;Com Vítimas Feridas;Pleno dia;Decrescente;Céu Claro;Dupla;Reta;Não;2;0;1;0;0;1;1;2;-14,57894646;-56,22517705;SPRF-MT;DEL01-MT;UOP01-DEL01-MT
718737;15/09/2025;segunda-feira;21:00:00;MT;163;890;CLAUDIA;Acostamento em desnível;Tombamento;Com Vítimas Feridas;Pleno dia;Decrescente;Chuva;Simples;Reta;Não;2;0;1;0;0;1;1;2;-11,398;-55,346;SPRF-MT;DEL06-MT;UOP02-DEL06-MT