id;data_inversa;dia_semana;horario;uf;br;km;municipio;causa_acidente;tipo_acidente;classificacao_acidente;fase_dia;sentido_via;condicao_metereologica;tipo_pista;tracado_via;uso_solo;pessoas;mortos;feridos_leves;feridos_graves;ilesos;ignorados;feridos;veiculos;latitude;longitude;regional;delegacia;uop
718738;27/08/2025;quarta-feira;06:00:00;PR;476;235,4;LAPA;Ausência de reação do condutor;Saída de leito carroçável;Sem Vítimas;Amanhecer;Crescente;Nevoeiro/Neblina;Simples;"Declive;Curva";Não;2;0;0;0;1;1;0;2;-25,87898819;-50,02851107;SPRF-PR;DEL02-PR;UOP03-DEL02-PR
718747;16/09/2025;terça-feira;08:00:00;RJ;116;169;RIO DE JANEIRO;Ausência de reação do condutor;Engavetamento;Com Vítimas Feridas;Pleno dia;Crescente;Céu Claro;Dupla;Reta;Sim;6;0;2;0;3;1;2;4;-22,81589216;-43,32483944;SPRF-RJ;DEL06-RJ;UOP01-DEL06-RJ
718748;16/09/2025;terça-feira;06:00:00;MG;40;423;CURVELO;Carga excessiva e/ou mal acondicionada;Tombamento;Sem Vítimas;Amanhecer;Decrescente;Céu Claro;Dupla;"Interseção de Vias;Curva";Sim;1;0;0;0;1;0;0;1;-19,15347767;-44,53259692;SPRF-MG;DEL02-MG;UOP01-DEL02-MG
718755;16/09/2025;terça-feira;09:00:00;BA;116;670,3;JEQUIE;Ultrapassagem Indevida;Colisão frontal;Com Vítimas Fatais;Pleno dia;Decrescente;Céu Claro;Simples;Reta;Não;3;1;0;0;1;1;0;3;-13,83824;-40,10762;SPRF-BA;DEL03-BA;UOP01-DEL03-BA
718761;16/09/2025;terça-feira;07:46:00;RO;319;141;PORTO VELHO;Manobra de mudança de faixa;Colisão lateral mesmo sentido;Sem Vítimas;Pleno dia;Crescente;Céu Claro;Dupla;Reta;Sim;2;0;0;0;2;0;0;2;-8,74008542;-63,89068382;SPRF-RO;DEL01-RO;UOP01-DEL01-RO
718769;28/07/2025;segunda-feira;23:00:00;MG;381;3;BETIM;Condutor deixou de manter distância do veículo da frente;Colisão traseira;Com Vítimas Feridas;Plena Noite;Decrescente;Céu Claro;Dupla;Reta;Sim;3;0;1;0;1;1;1;3;-19,98678147;-44,17472506;SPRF-MG;DEL01-MG;UOP03-DEL01-MG
718771;16/09/2025;terça-feira;09:30:00;MT;158;592;AGUA BOA;Reação tardia ou ineficiente do condutor;Colisão lateral sentido oposto;Com Vítimas Feridas;Pleno dia;Crescente;Céu Claro;Simples;Reta;Não;2;0;1;0;0;1;1;2;-14,11733451;-52,18088151;SPRF-MT;DEL07-MT;UOP02-DEL07-MT
718772;16/09/2025;terça-feira;10:20:00;SP;116;55,8;LORENA;Manobra de mudança de faixa;Colisão transversal;Com Vítimas Feridas;Pleno dia;Crescente;Nublado;Dupla;Reta;Não;7;0;1;0;5;1;1;6;-22,76537897;-45,12526696;SPRF-SP;DEL08-SP;UOP02-DEL08-SP
718774;16/09/2025;terça-feira;10:15:00;RS;285;392,1;SANTA BARBARA DO SUL;Mal súbito do condutor;Colisão lateral sentido oposto;Com Vítimas Feridas;Pleno dia;Crescente;Céu Claro;Simples;Reta;Não;3;0;1;0;1;1;1;3;-28,392712;-53,240559;SPRF-RS;DEL10-RS;UOP02-DEL10-RS
718778;16/09/2025;terça-feira;11:35:00;RS;101;36,4;TRES CACHOEIRAS;Reação tardia ou ineficiente do condutor;Colisão traseira;Com Vítimas Feridas;Pleno dia;Crescente;Céu Claro;Dupla;Curva;Sim;5;0;2;1;1;1;3;3;-29,52572294;-50,00371724;SPRF-RS;DEL03-RS;UOP02-DEL03-RS
718779;16/09/2025;terça-feira;11:43:00;PE;232;98,7;BEZERROS;Ultrapassagem Indevida;Colisão frontal;Com Vítimas Feridas;Pleno dia;Crescente;Céu Claro;Simples;Reta;Sim;4;0;0;2;1;1;2;3;-8,236313;-35,731762;SPRF-PE;DEL02-PE;UOP03-DEL02-PE
718789;29/08/2025;sexta-feira;03:25:00;MG;251;285;SALINAS;Transitar na contramão;Colisão frontal;Com Vítimas Fatais;Plena Noite;Crescente;Céu Claro;Simples;Reta;Não;4;1;0;2;0;3;2;5;-16,033645;-42,115122;SPRF-MG;DEL12-MG;UOP02-DEL12-MG
718790;16/09/2025;terça-feira;10:30:00;RS;287;330;SAO VICENTE DO SUL;Acessar a via sem observar a presença dos outros veículos;Colisão transversal;Com Vítimas Feridas;Pleno dia;Decrescente;Nublado;Simples;"Rotatória;Interseção de Vias;Curva";Não;5;0;3;0;2;0;3;3;-29,68482949;-54,66537676;SPRF-RS;DEL12-RS;UOP02-DEL12-RS
718795;16/09/2025;terça-feira;12:10:00;MG;116;719,6;MURIAE;Faixas de trânsito com largura insuficiente;Colisão lateral sentido oposto;Com Vítimas Feridas;Pleno dia;Decrescente;Sol;Simples;Curva;Não;5;0;1;0;2;5;1;8;-21,24301649;-42,39420611;SPRF-MG;DEL07-MG;UOP02-DEL07-MG
718798;11/08/2025;segunda-feira;18:40:00;SC;280;226,5;TRES BARRAS;Reação tardia ou ineficiente do condutor;Tombamento;Sem Vítimas;Anoitecer;Decrescente;Céu Claro;Simples;"Ponte;Reta";Não;2;0;0;0;0;2;0;2;-26,1819314;-50,3276131;SPRF-SC;DEL06-SC;UOP04-DEL06-SC
718799;15/07/2025;terça-feira;05:00:00;ES;262;183;IBATIBA;Ausência de reação do condutor;Colisão com objeto;Com Vítimas Feridas;Amanhecer;Decrescente;Céu Claro;Simples;Reta;Não;2;0;1;0;0;1;1;2;-20,29248927;-41,66445291;SPRF-ES;DEL01-ES;UOP02-DEL01-ES
718800;10/01/2025;sexta-feira;18:40:00;GO;414;402,8;CORUMBA DE GOIAS;Avarias e/ou desgaste excessivo no pneu;Colisão frontal;Com Vítimas Feridas;Pleno dia;Decrescente;Chuva;Simples;"Curva;Declive";Não;3;0;0;1;1;2;1;4;-15,99146056;-48,83559539;SPRF-GO;DEL02-GO;UOP01-DEL02-GO
718801;16/09/2025;terça-feira;14:00:00;PI;135;603,2;CORRENTE;Ingestão de álcool pelo condutor;Tombamento;Com Vítimas Feridas;Pleno dia;Decrescente;Céu Claro;Simples;Curva;Não;2;0;1;0;0;1;1;2;-10,539848;-45,19209;SPRF-PI;DEL03-PI;UOP02-DEL03-PI
718808;16/09/2025;terça-feira;13:40:00;BA;101;33,5;ESPLANADA;Ausência de reação do condutor;Colisão traseira;Com Vítimas Fatais;Pleno dia;Crescente;Sol;Dupla;Reta;Não;3;1;0;1;1;0;1;2;-11,75798;-37,94281;SPRF-SE;DEL02-SE;UOP03-DEL02-SE
718813;16/09/2025;terça-feira;09:50:00;PA;10;58;ULIANOPOLIS;Ultrapassagem Indevida;Tombamento;Com Vítimas Feridas;Pleno dia;Decrescente;Sol;Simples;"Declive;Reta";Não;4;0;1;0;0;6;1;7;-3,938422;-47,536625;SPRF-PA;DEL02-PA;UOP02-DEL02-PA
718820;23/08/2025;sábado;20:30:00;BA;324;490;FEIRA DE SANTANA;Reação tardia ou ineficiente do condutor;Colisão lateral sentido oposto;Sem Vítimas;Plena Noite;Decrescente;Garoa/Chuvisco;Simples;Reta;Não;3;0;0;0;2;2;0;4;-12,05195;-38,9842;SPRF-BA;DEL02-BA;UOP01-DEL02-BA
718821;16/09/2025;terça-feira;16:20:00;RJ;356;134;CAMPOS DOS GOYTACAZES;Afundamento ou ondulação no pavimento;Derramamento de carga;Sem Vítimas;Pleno dia;Decrescente;Céu Claro;Simples;Reta;Sim;2;0;0;0;1;1;0;2;-21,714748;-41,357432;SPRF-RJ;DEL08-RJ;UOP01-DEL08-RJ
718826;16/09/2025;terça-feira;16:30:00;PR;376;486,9;PONTA GROSSA;Objeto estático sobre o leito carroçável;Colisão traseira;Com Vítimas Feridas;Pleno dia;Decrescente;Céu Claro;Dupla;Reta;Sim;35;0;2;0;32;1;2;5;-25,119763;-50,18519;SPRF-PR;DEL03-PR;UOP04-DEL03-PR
718837;16/09/2025;terça-feira;15:15:00;SC;470;78,5;RODEIO;Manobra de mudança de faixa;Colisão lateral sentido oposto;Com Vítimas Feridas;Pleno dia;Crescente;Céu Claro;Simples;"Declive;Curva";Sim;5;0;2;0;1;2;2;5;-26,95131;-49,30307;SPRF-SC;DEL04-SC;UOP01-DEL04-SC
718842;16/09/2025;terça-feira;10:30:00;BA;324;576;SAO SEBASTIAO DO PASSE;Demais falhas mecânicas ou elétricas;Incêndio;Sem Vítimas;Pleno dia;Crescente;Nublado;Dupla;Reta;Não;1;0;0;0;1;0;0;1;-12,57917701;-38,53684405;SPRF-BA;DEL01-BA;UOP01-DEL01-BA
718848;16/09/2025;terça-feira;18:50:00;ES;101;288;CARIACICA;Acessar a via sem observar a presença dos outros veículos;Colisão transversal;Com Vítimas Feridas;Plena Noite;Crescente;Céu Claro;Dupla;Interseção de Vias;Sim;3;0;0;1;1;1;1;3;-20,27330493;-40,39187908;SPRF-ES;DEL01-ES;UOP01-DEL01-ES
718851;24/08/2025;domingo;22:20:00;AL;101;176;TEOTONIO VILELA;Acesso irregular;Colisão frontal;Com Vítimas Feridas;Plena Noite;Decrescente;Céu Claro;Dupla;Reta;Não;2;0;0;1;1;0;1;2;-9,88814638;-36,3968632;SPRF-AL;DEL02-AL;UOP02-DEL02-AL
718856;16/09/2025;terça-feira;18:50:00;BA;116;375;LAMARAO;Reação tardia ou ineficiente do condutor;Colisão traseira;Sem Vítimas;Plena Noite;Crescente;Céu Claro;Simples;Reta;Não;3;0;0;0;2;1;0;3;-11,809358;-38,979965;SPRF-BA;DEL02-BA;UOP01-DEL02-BA
718866;16/09/2025;terça-feira;19:25:00;RS;290;244,5;RIO PARDO;Condutor deixou de manter distância do veículo da frente;Colisão traseira;Com Vítimas Feridas;Plena Noite;Decrescente;Céu Claro;Simples;Reta;Não;3;0;2;0;1;0;2;2;-30,21266344;-52,54030578;SPRF-RS;DEL02-RS;UOP03-DEL02-RS
718867;16/09/2025;terça-feira;19:20:00;RS;285;1,3;SAO BORJA;Ingestão de álcool pelo condutor;Colisão frontal;Com Vítimas Feridas;Plena Noite;Decrescente;Céu Claro;Simples;Curva;Não;3;0;1;0;1;1;1;3;-28,65331107;-55,97877502;SPRF-RS;DEL12-RS;UOP01-DEL12-RS
718870;16/09/2025;terça-feira;19:30:00;MG;381;421,7;CAETE;Velocidade Incompatível;Colisão traseira;Com Vítimas Feridas;Pleno dia;Crescente;Céu Claro;Dupla;Reta;Não;3;0;0;1;1;1;1;3;-19,795499;-43,676113;SPRF-MG;DEL01-MG;UOP01-DEL01-MG
718872;16/09/2025;terça-feira;18:40:00;BA;407;162;FILADELFIA;Reação tardia ou ineficiente do condutor;Colisão traseira;Com Vítimas Feridas;Plena Noite;Decrescente;Céu Claro;Simples;Aclive;Não;2;0;0;1;0;1;1;2;-10,76612647;-40,11931992;SPRF-BA;DEL04-BA;UOP01-DEL04-BA
718881;16/09/2025;terça-feira;20:05:00;PR;272;410;JANIOPOLIS;Ausência de reação do condutor;Colisão lateral sentido oposto;Com Vítimas Feridas;Plena Noite;Decrescente;Céu Claro;Simples;"Declive;Reta";Não;2;0;0;1;1;0;1;2;-24,134893;-52,787341;SPRF-PR;DEL09-PR;UOP03-DEL09-PR
718882;16/09/2025;terça-feira;21:45:00;SP;116;393;MIRACATU;Velocidade Incompatível;Colisão traseira;Com Vítimas Feridas;Plena Noite;Decrescente;Ignorado;Dupla;Reta;Sim;2;0;1;0;1;0;1;2;-24,27670736;-47,4217987;SPRF-SP;DEL04-SP;UOP02-DEL04-SP
718884;16/09/2025;terça-feira;18:15:00;MT;158;600;AGUA BOA;Transitar na contramão;Colisão lateral sentido oposto;Com Vítimas Fatais;Anoitecer;Decrescente;Ignorado;Simples;Reta;Não;3;1;0;0;1;1;0;3;-14,336103;-52,169147;SPRF-MT;DEL07-MT;UOP02-DEL07-MT
718887;16/09/2025;terça-feira;16:59:00;MG;381;726,4;CARMO DA CACHOEIRA;Ausência de reação do condutor;Colisão traseira;Com Vítimas Feridas;Pleno dia;Decrescente;Chuva;Dupla;"Aclive;Curva";Não;2;0;1;0;0;1;1;2;-21,47840218;-45,201141;SPRF-MG;DEL04-MG;UOP02-DEL04-MG
718889;16/09/2025;terça-feira;20:10:00;MT;163;1034;MATUPA;Demais falhas mecânicas ou elétricas;Incêndio;Sem Vítimas;Plena Noite;Decrescente;Nublado;Simples;Reta;Não;2;0;0;0;1;1;0;2;-10,21575646;-54,96705651;SPRF-MT;DEL06-MT;UOP03-DEL06-MT
718891;16/09/2025;terça-feira;18:30:00;MT;163;696;SORRISO;Transitar na contramão;Colisão lateral sentido oposto;Sem Vítimas;Plena Noite;Decrescente;Garoa/Chuvisco;Simples;Reta;Não;3;0;0;0;2;2;0;4;-13,013548;-55,89205;SPRF-MT;DEL06-MT;UOP01-DEL06-MT
718893;17/09/2025;quarta-feira;01:08:00;SP;116;327;JUQUITIBA;Reação tardia ou ineficiente do condutor;Atropelamento de Pedestre;Com Vítimas Feridas;Plena Noite;Decrescente;Nublado;Dupla;Curva;Sim;2;0;1;0;1;0;1;2;-23,93655627;-47,07992954;SPRF-SP;DEL04-SP;UOP03-DEL04-SP
718894;16/09/2025;terça-feira;20:31:00;MT;163;755;SORRISO;Objeto estático sobre o leito carroçável;Saída de leito carroçável;Com Vítimas Feridas;Plena Noite;Decrescente;Chuva;Dupla;Declive;Não;2;0;1;0;0;1;1;2;-12,52628728;-55,70312293;SPRF-MT;DEL06-MT;UOP01-DEL06-MT
718897;16/09/2025;terça-feira;22:20:00;RS;392;210,8;SANTANA DA BOA VISTA;Pedestre - Ingestão de álcool/ substâncias psicoativas;Colisão lateral mesmo sentido;Com Vítimas Fatais;Plena Noite;Decrescente;Nublado;Simples;"Aclive;Curva";Não;5;1;1;0;1;4;1;7;-30,80519698;-53,1874421;SPRF-RS;DEL09-RS;UOP02-DEL09-RS
718899;17/09/2025;quarta-feira;04:10:00;SC;282;63,5;RANCHO QUEIMADO;Ausência de reação do condutor;Colisão transversal;Com Vítimas Feridas;Amanhecer;Crescente;Céu Claro;Simples;Curva;Não;7;0;5;0;1;2;5;4;-27,696773;-49,047482;SPRF-SC;DEL01-SC;UOP03-DEL01-SC
718900;17/09/2025;quarta-feira;01:00:00;RJ;101;326;NITEROI;Ausência de reação do condutor;Colisão traseira;Com Vítimas Feridas;Plena Noite;Crescente;Nublado;Múltipla;Reta;Não;4;0;1;0;2;1;1;3;-22,87206298;-43,14605713;SPRF-RJ;DEL02-RJ;UOP01-DEL02-RJ
718905;17/09/2025;quarta-feira;05:30:00;MG;381;817,3;CAREACU;Reação tardia ou ineficiente do condutor;Colisão traseira;Com Vítimas Feridas;Amanhecer;Crescente;Nevoeiro/Neblina;Dupla;Aclive;Sim;3;0;0;1;1;1;1;3;-22,04664528;-45,68892717;SPRF-MG;DEL16-MG;UOP02-DEL16-MG
718907;17/09/2025;quarta-feira;06:30:00;BA;324;588,5;CANDEIAS;Condutor usando celular;Saída de leito carroçável;Com Vítimas Feridas;Pleno dia;Crescente;Sol;Dupla;Reta;Não;2;0;1;0;1;0;1;1;-12,698573;-38,4628129;SPRF-BA;DEL01-BA;UOP01-DEL01-BA
718909;16/09/2025;terça-feira;09:40:00;MT;163;953;NOVA SANTA HELENA;Ausência de reação do condutor;Engavetamento;Com Vítimas Feridas;Pleno dia;Decrescente;Céu Claro;Simples;Aclive;Não;5;0;2;0;2;5;2;8;-10,87138;-55,1964;SPRF-MT;DEL06-MT;UOP02-DEL06-MT
718919;17/09/2025;quarta-feira;07:20:00;SC;282;517,7;XAXIM;Condutor deixou de manter distância do veículo da frente;Engavetamento;Com Vítimas Feridas;Pleno dia;Decrescente;Céu Claro;Simples;"Reta;Aclive";Não;5;0;1;0;3;1;1;5;-26,9408657;-52,50235319;SPRF-SC;DEL07-SC;UOP01-DEL07-SC
718920;17/09/2025;quarta-feira;07:35:00;SP;116;4,6;QUELUZ;Reação tardia ou ineficiente do condutor;Colisão com objeto;Com Vítimas Feridas;Pleno dia;Decrescente;Nublado;Dupla;Reta;Não;4;0;2;0;1;1;2;3;-22,530934;-44,7464951;SPRF-SP;DEL08-SP;UOP02-DEL08-SP
718926;17/09/2025;quarta-feira;06:00:00;PB;412;79,6;SERRA BRANCA;Pedestre andava na pista;Atropelamento de Pedestre;Com Vítimas Fatais;Amanhecer;Decrescente;Céu Claro;Simples;Reta;Não;2;1;0;0;0;1;0;2;-7,508406;-36,693804;SPRF-PB;DEL02-PB;UOP02-DEL02-PB
718928;17/09/2025;quarta-feira;08:00:00;MG;40;628,2;CONSELHEIRO LAFAIETE;Manobra de mudança de faixa;Colisão lateral mesmo sentido;Com Vítimas Feridas;Pleno dia;Decrescente;Sol;Simples;Reta;Sim;3;0;1;0;0;2;1;3;-20,6501334;-43,8093107;SPRF-MG;DEL05-MG;UOP02-DEL05-MG
718929;17/09/2025;quarta-feira;04:43:00;MT;163;768;SORRISO;Reação tardia ou ineficiente do condutor;Saída de leito carroçável;Com Vítimas Feridas;Amanhecer;Crescente;Nublado;Simples;"Declive;Reta";Não;2;0;1;0;0;1;1;2;-12,431287;-55,645992;SPRF-MT;DEL06-MT;UOP01-DEL06-MT
718930;06/09/2025;sábado;05:30:00;PA;163;100;ALTAMIRA;Ultrapassagem Indevida;Derramamento de carga;Com Vítimas Fatais;Amanhecer;Crescente;Céu Claro;Simples;"Declive;Reta";Não;3;1;1;0;0;2;1;3;-8,7464474;-54,9636126;SPRF-MT;DEL06-MT;UOP03-DEL06-MT
718936;17/09/2025;quarta-feira;08:10:00;MG;262;488,2;MOEMA;Condutor Dormindo;Saída de leito carroçável;Com Vítimas Feridas;Pleno dia;Decrescente;Céu Claro;Simples;Reta;Não;1;0;1;0;0;0;1;1;-19,78448952;-45,43474674;SPRF-MG;DEL08-MG;UOP03-DEL08-MG
718943;17/09/2025;quarta-feira;10:00:00;ES;101;229,8;FUNDAO;Conversão proibida;Colisão transversal;Com Vítimas Feridas;Pleno dia;Crescente;Sol;Simples;Reta;Sim;4;0;1;1;1;2;2;4;-19,9349553;-40,4055385;SPRF-ES;DEL02-ES;UOP01-DEL02-ES
718947;17/09/2025;quarta-feira;11:00:00;MA;230;231,5;SAO FELIX DE BALSAS;Demais falhas mecânicas ou elétricas;Incêndio;Sem Vítimas;Pleno dia;Crescente;Céu Claro;Simples;Reta;Não;2;0;0;0;1;1;0;2;-6,81667103;-44,81082916;SPRF-MA;DEL05-MA;UOP01-DEL05-MA
718950;27/07/2025;domingo;16:45:00;MG;116;443,2;ENGENHEIRO CALDAS;Velocidade Incompatível;Tombamento;Com Vítimas Fatais;Pleno dia;Crescente;Céu Claro;Simples;Curva;Não;7;3;0;3;0;1;3;3;-19,101616;-42,005253;SPRF-MG;DEL06-MG;UOP01-DEL06-MG
718951;17/09/2025;quarta-feira;10:34:00;PR;369;507,2;CASCAVEL;Desrespeitar a preferência no cruzamento;Colisão transversal;Sem Vítimas;Pleno dia;Decrescente;Céu Claro;Simples;"Interseção de Vias;Reta";Sim;2;0;0;0;2;0;0;2;-24,95961811;-53,39878963;SPRF-PR;DEL04-PR;UOP01-DEL04-PR
718954;17/09/2025;quarta-feira;09:40:00;PB;412;109;SUME;Condutor deixou de manter distância do veículo da frente;Colisão traseira;Sem Vítimas;Pleno dia;Crescente;Céu Claro;Simples;Reta;Sim;2;0;0;0;1;1;0;2;-7,677898;-36,886724;SPRF-PB;DEL02-PB;UOP02-DEL02-PB
718955;17/09/2025;quarta-feira;11:00:00;PR;116;93;SAO JOSE DOS PINHAIS;Trafegar com motocicleta (ou similar) entre as faixas;Tombamento;Com Vítimas Feridas;Pleno dia;Crescente;Céu Claro;Dupla;Interseção de Vias;Não;3;0;1;0;1;1;1;3;-25,51833957;-49,13320748;SPRF-PR;DEL01-PR;UOP07-DEL01-PR
718957;17/09/2025;quarta-feira;11:00:00;RS;116;302;GUAIBA;Carga excessiva e/ou mal acondicionada;Derramamento de carga;Sem Vítimas;Pleno dia;Decrescente;Céu Claro;Dupla;"Reta;Retorno Regulamentado";Sim;2;0;0;0;1;1;0;2;-30,14185515;-51,36056811;SPRF-RS;DEL02-RS;UOP01-DEL02-RS
718958;17/09/2025;quarta-feira;10:30:00;SC;116;71,6;MONTE CASTELO;Reação tardia ou ineficiente do condutor;Colisão traseira;Sem Vítimas;Pleno dia;Crescente;Céu Claro;Simples;"Aclive;Reta;Em Obras";Não;3;0;0;0;3;0;0;2;-26,56580584;-50,22262573;SPRF-SC;DEL06-SC;UOP02-DEL06-SC
718959;17/09/2025;quarta-feira;10:15:00;SP;116;499;CAJATI;Ausência de reação do condutor;Tombamento;Com Vítimas Feridas;Pleno dia;Decrescente;Nublado;Simples;"Declive;Curva";Não;1;0;0;1;0;0;1;1;-24,785793;-48,185967;SPRF-SP;DEL05-SP;UOP02-DEL05-SP
718960;17/09/2025;quarta-feira;11:40:00;SE;101;92,5;NOSSA SENHORA DO SOCORRO;Manobra de mudança de faixa;Colisão lateral mesmo sentido;Com Vítimas Feridas;Pleno dia;Crescente;Céu Claro;Dupla;Reta;Sim;2;0;1;0;1;0;1;2;-10,90065969;-37,14048235;SPRF-SE;DEL01-SE;UOP01-DEL01-SE
718964;17/09/2025;quarta-feira;11:00:00;SC;101;356,9;SANGAO;Ausência de reação do condutor;Saída de leito carroçável;Com Vítimas Feridas;Pleno dia;Crescente;Nublado;Simples;Curva;Não;1;0;1;0;0;0;1;1;-28,64202;-49,10087;SPRF-SC;DEL02-SC;UOP01-DEL02-SC
718967;17/09/2025;quarta-feira;11:20:00;RS;116;21;VACARIA;Transitar na contramão;Colisão lateral sentido oposto;Com Vítimas Feridas;Pleno dia;Crescente;Céu Claro;Simples;Reta;Não;3;0;1;0;1;1;1;3;-28,37423487;-50,8377835;SPRF-RS;DEL05-RS;UOP03-DEL05-RS
718970;17/09/2025;quarta-feira;09:40:00;MG;50;104;UBERABA;Condutor Dormindo;Colisão traseira;Com Vítimas Feridas;Pleno dia;Crescente;Céu Claro;Dupla;"Reta;Aclive";Não;3;0;0;1;1;3;1;5;-19,16374445;-48,16296514;SPRF-MG;DEL13-MG;UOP01-DEL13-MG
718971;08/04/2025;terça-feira;10:48:00;MG;381;510,7;SAO JOAQUIM DE BICAS;Demais falhas mecânicas ou elétricas;Incêndio;Sem Vítimas;Pleno dia;Decrescente;Céu Claro;Múltipla;"Declive;Reta";Sim;3;0;0;0;1;2;0;3;-20,059132;-44,289633;SPRF-MG;DEL01-MG;UOP03-DEL01-MG
718972;17/09/2025;quarta-feira;06:50:00;MT;364;200;RONDONOPOLIS;Trafegar com motocicleta (ou similar) entre as faixas;Colisão traseira;Com Vítimas Feridas;Pleno dia;Decrescente;Céu Claro;Dupla;Curva;Sim;4;0;0;1;2;2;1;5;-16,49083333;-54,64722222;SPRF-MT;DEL02-MT;UOP01-DEL02-MT
718974;17/09/2025;quarta-feira;13:00:00;SC;101;95,5;BARRA VELHA;Velocidade Incompatível;Colisão com objeto;Com Vítimas Feridas;Pleno dia;Decrescente;Céu Claro;Dupla;Declive;Não;3;0;1;0;1;1;1;3;-26,71648784;-48,70238672;SPRF-SC;DEL03-SC;UOP02-DEL03-SC
718979;17/09/2025;quarta-feira;12:45:00;MG;116;535,2;SANTA RITA DE MINAS;Transitar na contramão;Colisão lateral sentido oposto;Com Vítimas Feridas;Pleno dia;Crescente;Céu Claro;Simples;Curva;Não;8;0;2;0;5;1;2;4;-19,859237;-42,134319;SPRF-MG;DEL06-MG;UOP02-DEL06-MG
718980;17/09/2025;quarta-feira;09:05:00;MG;251;353;PADRE CARVALHO;Reação tardia ou ineficiente do condutor;Colisão com objeto;Com Vítimas Feridas;Pleno dia;Decrescente;Sol;Simples;Curva;Não;2;0;1;0;0;1;1;2;-16,28685823;-42,54097223;SPRF-MG;DEL12-MG;UOP02-DEL12-MG
718985;17/09/2025;quarta-feira;12:40:00;RJ;116;179;MESQUITA;Ausência de reação do condutor;Colisão lateral mesmo sentido;Com Vítimas Feridas;Pleno dia;Decrescente;Sol;Múltipla;Reta;Sim;2;0;1;0;0;1;1;2;-22,77535055;-43,40054747;SPRF-RJ;DEL06-RJ;UOP01-DEL06-RJ
718986;17/09/2025;quarta-feira;14:00:00;SP;116;57;GUARATINGUETA;Carga excessiva e/ou mal acondicionada;Colisão com objeto;Com Vítimas Feridas;Pleno dia;Crescente;Céu Claro;Dupla;Reta;Sim;2;0;1;0;1;0;1;2;-22,7747;-45,13855;SPRF-SP;DEL08-SP;UOP01-DEL08-SP
718994;17/09/2025;quarta-feira;14:50:00;PR;277;2,6;PARANAGUA;Retorno proibido;Colisão transversal;Com Vítimas Feridas;Pleno dia;Decrescente;Sol;Simples;Interseção de Vias;Sim;3;0;0;1;1;1;1;3;-25,53714095;-48,55684368;SPRF-PR;DEL01-PR;UOP05-DEL01-PR
718998;17/09/2025;quarta-feira;14:00:00;PB;230;114;INGA;Demais falhas mecânicas ou elétricas;Incêndio;Com Vítimas Feridas;Pleno dia;Decrescente;Céu Claro;Dupla;Reta;Não;1;0;1;0;0;0;1;1;-7,229249;-35,599492;SPRF-PB;DEL01-PB;UOP02-DEL01-PB
719002;17/09/2025;quarta-feira;12:00:00;RJ;101;298;ITABORAI;Reação tardia ou ineficiente do condutor;Colisão traseira;Com Vítimas Feridas;Pleno dia;Crescente;Céu Claro;Dupla;Reta;Sim;3;0;1;0;1;1;1;3;-22,77243721;-42,93366836;SPRF-RJ;DEL02-RJ;UOP02-DEL02-RJ
719005;17/09/2025;quarta-feira;15:50:00;GO;153;664;GOIATUBA;Ausência de reação do condutor;Saída de leito carroçável;Com Vítimas Feridas;Pleno dia;Decrescente;Céu Claro;Dupla;Declive;Não;2;0;1;0;0;1;1;2;-18,085044;-49,27056;SPRF-GO;DEL03-GO;UOP02-DEL03-GO
719010;05/09/2025;sexta-feira;12:30:00;RS;158;96,4;PALMEIRA DAS MISSOES;Velocidade Incompatível;Tombamento;Com Vítimas Feridas;Pleno dia;Crescente;Nublado;Simples;Rotatória;Não;3;0;2;0;0;2;2;3;-27,86667166;-53,33286946;SPRF-RS;DEL08-RS;UOP01-DEL08-RS
719012;17/09/2025;quarta-feira;16:10:00;PR;369;150;LONDRINA;Condutor desrespeitou a iluminação vermelha do semáforo;Colisão transversal;Com Vítimas Feridas;Pleno dia;Crescente;Céu Claro;Dupla;"Interseção de Vias;Retorno Regulamentado;Reta";Sim;3;0;1;0;1;2;1;4;-23,292866;-51,162746;SPRF-PR;DEL07-PR;UOP01-DEL07-PR
719014;17/09/2025;quarta-feira;15:50:00;PR;277;78;CURITIBA;Manobra de mudança de faixa;Colisão lateral mesmo sentido;Com Vítimas Feridas;Pleno dia;Decrescente;Sol;Dupla;Reta;Sim;2;0;1;0;1;0;1;2;-25,47897494;-49,20128195;SPRF-PR;DEL01-PR;UOP07-DEL01-PR
719016;17/09/2025;quarta-feira;16:30:00;SP;116;320;JUQUITIBA;Reação tardia ou ineficiente do condutor;Colisão frontal;Com Vítimas Feridas;Pleno dia;Decrescente;Chuva;Dupla;Reta;Não;2;0;1;0;1;0;1;2;-23,93941598;-47,04044056;SPRF-SP;DEL04-SP;UOP03-DEL04-SP
719017;17/09/2025;quarta-feira;16:30:00;SP;116;320;JUQUITIBA;Ausência de reação do condutor;Colisão com objeto;Com Vítimas Feridas;Pleno dia;Decrescente;Céu Claro;Dupla;Reta;Sim;2;0;1;0;1;0;1;1;-23,93650121;-47,03513718;SPRF-SP;DEL04-SP;UOP03-DEL04-SP
719022;13/09/2025;sábado;22:00:00;GO;70;424;MONTES CLAROS DE GOIAS;Ausência de reação do condutor;Colisão traseira;Com Vítimas Feridas;Plena Noite;Decrescente;Céu Claro;Simples;Reta;Sim;2;0;0;1;0;1;1;2;-15,89158139;-51,78976357;SPRF-GO;DEL04-GO;UOP02-DEL04-GO