id;data_inversa;dia_semana;horario;uf;br;km;municipio;causa_acidente;tipo_acidente;classificacao_acidente;fase_dia;sentido_via;condicao_metereologica;tipo_pista;tracado_via;uso_solo;pessoas;mortos;feridos_leves;feridos_graves;ilesos;ignorados;feridos;veiculos;latitude;longitude;regional;delegacia;uop
719691;08/09/2025;segunda-feira;10:15:00;GO;364;332,2;PORTELANDIA;Condutor deixou de manter distância do veículo da frente;Tombamento;Com Vítimas Feridas;Pleno dia;Crescente;Céu Claro;Simples;Reta;Não;4;0;1;0;2;4;1;6;-17,3932791;-52,74044663;SPRF-GO;DEL05-GO;UOP01-DEL05-GO
719702;20/09/2025;sábado;15:00:00;SC;282;81,9;ALFREDO WAGNER;Problema com o freio;Saída de leito carroçável;Com Vítimas Feridas;Pleno dia;Crescente;Nublado;Simples;"Declive;Reta";Não;2;0;2;0;0;0;2;1;-27,661778;-49,178195;SPRF-SC;DEL01-SC;UOP03-DEL01-SC
719708;20/09/2025;sábado;16:30:00;RS;285;167,8;MUITOS CAPOES;Ausência de reação do condutor;Saída de leito carroçável;Com Vítimas Feridas;Pleno dia;Crescente;Nublado;Simples;Curva;Não;2;0;1;0;0;2;1;3;-28,3334513;-51,2993848;SPRF-RS;DEL05-RS;UOP03-DEL05-RS
719709;20/09/2025;sábado;16:50:00;PR;277;649,4;MATELANDIA;Demais falhas mecânicas ou elétricas;Engavetamento;Com Vítimas Feridas;Pleno dia;Crescente;Céu Claro;Simples;Reta;Não;5;0;1;0;4;0;1;4;-25,187389;-53,93471718;SPRF-PR;DEL05-PR;UOP02-DEL05-PR
719711;20/09/2025;sábado;17:30:00;RJ;493;57;DUQUE DE CAXIAS;Demais falhas mecânicas ou elétricas;Incêndio;Sem Vítimas;Anoitecer;Decrescente;Céu Claro;Dupla;Reta;Não;1;0;0;0;1;0;0;1;-22,670528;-43,379949;SPRF-RJ;DEL01-RJ;UOP03-DEL01-RJ
719712;20/09/2025;sábado;16:50:00;SC;101;142,4;ITAPEMA;Condutor deixou de manter distância do veículo da frente;Colisão traseira;Sem Vítimas;Pleno dia;Crescente;Céu Claro;Múltipla;"Curva;Declive";Sim;3;0;0;0;2;1;0;3;-27,058907;-48,597191;SPRF-SC;DEL04-SC;UOP03-DEL04-SC
719720;20/09/2025;sábado;18:45:00;GO;153;171,9;CAMPINORTE;Ingestão de álcool pelo condutor;Colisão traseira;Com Vítimas Fatais;Plena Noite;Crescente;Céu Claro;Simples;"Retorno Regulamentado;Reta";Sim;11;7;1;2;0;1;3;5;-14,28199102;-49,14846037;SPRF-GO;DEL07-GO;UOP02-DEL07-GO
719721;20/09/2025;sábado;19:00:00;MG;381;431,5;SABARA;Objeto estático sobre o leito carroçável;Colisão lateral mesmo sentido;Com Vítimas Feridas;Plena Noite;Crescente;Céu Claro;Simples;Curva;Não;3;0;1;0;2;0;1;2;-19,800733;-43,751202;SPRF-MG;DEL01-MG;UOP01-DEL01-MG
719729;20/09/2025;sábado;17:15:00;PI;343;330,2;TERESINA;Acessar a via sem observar a presença dos outros veículos;Colisão transversal;Com Vítimas Feridas;Anoitecer;Decrescente;Céu Claro;Simples;Reta;Não;2;0;0;1;1;0;1;2;-5,0593445;-42,66170293;SPRF-PI;DEL01-PI;UOP01-DEL01-PI
719735;20/09/2025;sábado;17:28:00;PR;476;317;PAULO FRONTIN;Ingestão de álcool pelo condutor;Colisão lateral mesmo sentido;Sem Vítimas;Pleno dia;Decrescente;Céu Claro;Simples;"Reta;Em Obras";Não;2;0;0;0;1;1;0;2;-26,04389133;-50,70152585;SPRF-PR;DEL02-PR;UOP03-DEL02-PR
719742;20/09/2025;sábado;18:05:00;RS;290;476,5;ROSARIO DO SUL;Acumulo de água sobre o pavimento;Tombamento;Com Vítimas Feridas;Plena Noite;Decrescente;Chuva;Simples;Reta;Não;3;0;1;1;1;0;2;1;-30,24074865;-54,88500087;SPRF-RS;DEL11-RS;UOP02-DEL11-RS
719748;20/09/2025;sábado;20:45:00;ES;101;139,5;LINHARES;Acessar a via sem observar a presença dos outros veículos;Colisão transversal;Com Vítimas Feridas;Plena Noite;Decrescente;Nublado;Simples;Retorno Regulamentado;Sim;2;0;0;1;1;0;1;2;-19,31338332;-40,07833584;SPRF-ES;DEL04-ES;UOP01-DEL04-ES
719752;20/09/2025;sábado;15:48:00;RO;364;289;PRESIDENTE MEDICI;Ultrapassagem Indevida;Colisão frontal;Com Vítimas Feridas;Pleno dia;Decrescente;Céu Claro;Simples;Reta;Não;3;0;1;0;1;1;1;3;-11,36695343;-61,84135437;SPRF-RO;DEL02-RO;UOP01-DEL02-RO
719755;20/09/2025;sábado;16:15:00;MT;174;122,9;MIRASSOL DOESTE;Ausência de reação do condutor;Saída de leito carroçável;Com Vítimas Fatais;Pleno dia;Crescente;Céu Claro;Simples;"Reta;Declive";Não;2;1;0;0;0;1;0;2;-15,827172;-58,072957;SPRF-MT;DEL03-MT;UOP01-DEL03-MT
719756;20/09/2025;sábado;21:10:00;SC;101;238,1;PALHOCA;Transitar na contramão;Colisão frontal;Com Vítimas Feridas;Plena Noite;Crescente;Céu Claro;Dupla;Reta;Não;2;0;0;1;1;0;1;2;-27,843692;-48,635335;SPRF-SC;DEL01-SC;UOP02-DEL01-SC
719757;20/09/2025;sábado;16:53:00;PA;316;34;SANTA IZABEL DO PARA;Entrada inopinada do pedestre;Atropelamento de Pedestre;Com Vítimas Feridas;Pleno dia;Crescente;Céu Claro;Simples;Reta;Sim;4;0;0;1;2;1;1;3;-1,293915;-48,17202;SPRF-PA;DEL01-PA;UOP01-DEL01-PA
719760;20/09/2025;sábado;11:05:00;MG;262;73,1;MATIPO;Reação tardia ou ineficiente do condutor;Saída de leito carroçável;Com Vítimas Feridas;Pleno dia;Crescente;Céu Claro;Simples;"Curva;Ponte";Não;1;0;1;0;0;0;1;1;-20,31267651;-42,32481623;SPRF-MG;DEL06-MG;UOP03-DEL06-MG
719766;20/09/2025;sábado;19:45:00;PR;116;141;MANDIRITUBA;Reação tardia ou ineficiente do condutor;Colisão lateral mesmo sentido;Sem Vítimas;Plena Noite;Crescente;Nublado;Dupla;Reta;Sim;3;0;0;0;2;1;0;3;-25,74906667;-49,31734649;SPRF-PR;DEL01-PR;UOP03-DEL01-PR
719773;20/09/2025;sábado;21:30:00;SP;116;488;CAJATI;Transitar na contramão;Colisão lateral sentido oposto;Com Vítimas Feridas;Plena Noite;Crescente;Céu Claro;Simples;Reta;Sim;3;0;1;0;1;1;1;3;-24,72988879;-48,10760663;SPRF-SP;DEL05-SP;UOP01-DEL05-SP
719779;20/09/2025;sábado;21:20:00;MG;262;90;ABRE CAMPO;Reação tardia ou ineficiente do condutor;Saída de leito carroçável;Com Vítimas Feridas;Plena Noite;Crescente;Céu Claro;Simples;Curva;Não;2;0;1;0;1;0;1;1;-20,33338205;-42,47224152;SPRF-MG;DEL03-MG;UOP03-DEL03-MG
719780;20/09/2025;sábado;21:30:00;PI;407;441;GEMINIANO;Demais falhas mecânicas ou elétricas;Tombamento;Com Vítimas Feridas;Plena Noite;Decrescente;Céu Claro;Simples;Reta;Não;1;0;1;0;0;0;1;1;-7,21395433;-41,28803551;SPRF-PI;DEL04-PI;UOP01-DEL04-PI
719782;20/09/2025;sábado;22:43:00;SE;101;181,7;UMBAUBA;Suicídio (presumido);Atropelamento de Pedestre;Com Vítimas Fatais;Plena Noite;Crescente;Céu Claro;Simples;Reta;Sim;2;1;0;0;1;0;0;2;-11,37266;-37,653753;SPRF-SE;DEL02-SE;UOP03-DEL02-SE
719784;20/09/2025;sábado;15:00:00;MT;364;193;RONDONOPOLIS;Condutor deixou de manter distância do veículo da frente;Colisão traseira;Com Vítimas Feridas;Pleno dia;Decrescente;Céu Claro;Simples;"Declive;Reta";Não;3;0;1;0;1;1;1;3;-16,51909;-54,60303;SPRF-MT;DEL02-MT;UOP01-DEL02-MT
719785;20/09/2025;sábado;21:40:00;MG;262;364;JUATUBA;Demais falhas mecânicas ou elétricas;Colisão com objeto;Com Vítimas Feridas;Plena Noite;Decrescente;Céu Claro;Dupla;Curva;Sim;19;0;2;1;15;1;3;10;-19,9610529;-44,3397946;SPRF-MG;DEL01-MG;UOP03-DEL01-MG
719792;20/09/2025;sábado;17:50:00;SC;282;527,2;XAXIM;Ingestão de álcool pelo condutor;Tombamento;Com Vítimas Feridas;Pleno dia;Decrescente;Céu Claro;Simples;Curva;Não;2;0;1;0;0;1;1;2;-26,97369675;-52,58395028;SPRF-SC;DEL07-SC;UOP01-DEL07-SC
719793;20/09/2025;sábado;22:10:00;MG;40;37,5;PARACATU;Manobra de mudança de faixa;Colisão lateral mesmo sentido;Com Vítimas Feridas;Plena Noite;Crescente;Céu Claro;Dupla;Reta;Sim;4;0;1;0;3;0;1;2;-17,201903;-46,906829;SPRF-MG;DEL14-MG;UOP01-DEL14-MG
719796;19/09/2025;sexta-feira;20:20:00;AM;319;121;CAREIRO;Carga excessiva e/ou mal acondicionada;Incêndio;Sem Vítimas;Pleno dia;Decrescente;Céu Claro;Simples;Reta;Sim;3;0;0;0;2;2;0;3;-3,864524;-60,395337;SPRF-AM;DEL01-AM;UOP04-DEL01-AM
719797;20/09/2025;sábado;17:15:00;MG;116;406,7;GOVERNADOR VALADARES;Ingestão de álcool pelo condutor;Colisão transversal;Sem Vítimas;Pleno dia;Decrescente;Céu Claro;Simples;"Reta;Retorno Regulamentado;Interseção de Vias";Não;3;0;0;0;2;1;0;3;-18,82260919;-41,98605655;SPRF-MG;DEL06-MG;UOP01-DEL06-MG
719804;20/09/2025;sábado;23:45:00;TO;153;248;COLINAS DO TOCANTINS;Acessar a via sem observar a presença dos outros veículos;Colisão lateral mesmo sentido;Com Vítimas Feridas;Plena Noite;Crescente;Céu Claro;Dupla;Reta;Sim;4;0;2;0;1;1;2;3;-8,05826759;-48,46693665;SPRF-TO;DEL02-TO;UOP02-DEL02-TO
719806;20/09/2025;sábado;22:10:00;SC;280;281,9;IRINEOPOLIS;Ingestão de álcool pelo condutor;Colisão frontal;Com Vítimas Feridas;Plena Noite;Crescente;Céu Claro;Simples;"Declive;Reta";Não;5;0;1;0;3;1;1;3;-26,296272;-50,84863;SPRF-SC;DEL06-SC;UOP04-DEL06-SC
719808;20/09/2025;sábado;23:55:00;MG;381;886,8;ESTIVA;Objeto estático sobre o leito carroçável;Colisão com objeto;Com Vítimas Feridas;Plena Noite;Crescente;Nublado;Dupla;Reta;Não;6;0;0;1;4;1;1;4;-22,51412225;-46,02097146;SPRF-MG;DEL16-MG;UOP01-DEL16-MG
719816;20/09/2025;sábado;23:40:00;RS;290;175;BUTIA;Acessar a via sem observar a presença dos outros veículos;Colisão transversal;Com Vítimas Feridas;Plena Noite;Decrescente;Garoa/Chuvisco;Simples;Reta;Não;4;0;0;2;1;1;2;3;-30,1299626;-51,9657779;SPRF-RS;DEL02-RS;UOP03-DEL02-RS
719819;21/09/2025;domingo;00:30:00;MG;116;566,5;MANHUACU;Pedestre andava na pista;Atropelamento de Pedestre;Com Vítimas Fatais;Plena Noite;Decrescente;Nublado;Simples;Reta;Não;3;1;0;0;0;2;0;3;-20,083551;-42,183993;SPRF-MG;DEL06-MG;UOP03-DEL06-MG
719824;21/09/2025;domingo;01:40:00;BA;324;537;FEIRA DE SANTANA;Manobra de mudança de faixa;Colisão lateral mesmo sentido;Com Vítimas Feridas;Plena Noite;Crescente;Chuva;Dupla;Reta;Sim;3;0;1;0;1;1;1;2;-12,37551869;-38,87821699;SPRF-BA;DEL01-BA;UOP03-DEL01-BA
719826;21/09/2025;domingo;01:03:00;GO;153;122;ESTRELA DO NORTE;Ingestão de álcool pelo condutor;Saída de leito carroçável;Com Vítimas Feridas;Plena Noite;Crescente;Céu Claro;Simples;Reta;Não;2;0;1;0;0;1;1;2;-13,85008051;-49,04846191;SPRF-GO;DEL07-GO;UOP01-DEL07-GO
719834;20/09/2025;sábado;19:50:00;MG;365;648;UBERLANDIA;Ausência de reação do condutor;Colisão traseira;Com Vítimas Feridas;Plena Noite;Decrescente;Céu Claro;Dupla;Reta;Não;2;0;0;1;0;1;1;2;-18,8800327;-48,49982008;SPRF-MG;DEL15-MG;UOP01-DEL15-MG
719856;21/09/2025;domingo;06:29:00;TO;153;644;ALIANCA DO TOCANTINS;Condutor Dormindo;Saída de leito carroçável;Com Vítimas Fatais;Amanhecer;Crescente;Nublado;Simples;Reta;Não;2;1;0;0;0;3;0;4;-11,47616988;-48,99871683;SPRF-TO;DEL01-TO;UOP02-DEL01-TO
719859;21/09/2025;domingo;06:25:00;AL;101;150;JEQUIA DA PRAIA;Velocidade Incompatível;Tombamento;Com Vítimas Feridas;Pleno dia;Crescente;Céu Claro;Dupla;"Ponte;Reta";Não;2;0;0;1;0;2;1;3;-9,89365781;-36,13720592;SPRF-AL;DEL02-AL;UOP02-DEL02-AL
719874;21/09/2025;domingo;07:40:00;RJ;393;274;BARRA DO PIRAI;Velocidade Incompatível;Colisão lateral sentido oposto;Com Vítimas Feridas;Pleno dia;Crescente;Sol;Simples;Curva;Não;3;0;1;0;1;4;1;6;-22,475079;-43,993208;SPRF-RJ;DEL05-RJ;UOP04-DEL05-RJ
719876;21/09/2025;domingo;08:30:00;TO;153;317;GUARAI;Ausência de reação do condutor;Colisão traseira;Sem Vítimas;Pleno dia;Crescente;Céu Claro;Simples;Reta;Não;4;0;0;0;4;0;0;2;-8,82097205;-48,51236715;SPRF-TO;DEL02-TO;UOP02-DEL02-TO
719877;21/09/2025;domingo;03:50:00;PE;316;49;TRINDADE;Manobra de mudança de faixa;Colisão frontal;Com Vítimas Fatais;Plena Noite;Crescente;Céu Claro;Simples;Reta;Não;3;1;0;1;0;1;1;3;-7,71442;-40,326595;SPRF-PE;DEL05-PE;UOP02-DEL05-PE
719881;21/09/2025;domingo;09:50:00;BA;116;141;CANUDOS;Ultrapassagem Indevida;Colisão frontal;Com Vítimas Feridas;Pleno dia;Crescente;Céu Claro;Simples;Reta;Não;4;0;0;1;2;3;1;6;-9,83801741;-39,121362;SPRF-BA;DEL07-BA;UOP03-DEL07-BA
719891;21/09/2025;domingo;09:00:00;GO;60;110;GOIANAPOLIS;Reação tardia ou ineficiente do condutor;Colisão lateral mesmo sentido;Com Vítimas Feridas;Pleno dia;Crescente;Céu Claro;Dupla;Reta;Não;4;0;2;0;0;2;2;4;-16,450272;-49,033839;SPRF-GO;DEL01-GO;UOP01-DEL01-GO
719893;21/09/2025;domingo;08:40:00;MT;163;1002;TERRA NOVA DO NORTE;Condutor deixou de manter distância do veículo da frente;Colisão traseira;Com Vítimas Feridas;Pleno dia;Crescente;Céu Claro;Simples;Reta;Não;2;0;0;1;1;0;1;2;-10,47649;-55,06737;SPRF-MT;DEL06-MT;UOP03-DEL06-MT
719898;21/09/2025;domingo;05:15:00;GO;50;149,2;CAMPO ALEGRE DE GOIAS;Condutor Dormindo;Colisão traseira;Com Vítimas Fatais;Plena Noite;Crescente;Céu Claro;Dupla;Reta;Não;3;1;0;1;0;1;1;2;-17,16784;-47,72226;SPRF-GO;DEL06-GO;UOP01-DEL06-GO
719902;12/08/2025;terça-feira;11:00:00;ES;101;366,3;ANCHIETA;Sinalização mal posicionada;Colisão traseira;Sem Vítimas;Pleno dia;Crescente;Nublado;Simples;Curva;Não;4;0;0;0;3;3;0;6;-20,736891;-40,760741;SPRF-ES;DEL03-ES;UOP01-DEL03-ES
719910;21/09/2025;domingo;09:40:00;AC;364;19;ACRELANDIA;Condutor deixou de manter distância do veículo da frente;Colisão traseira;Com Vítimas Feridas;Pleno dia;Crescente;Céu Claro;Simples;Reta;Não;3;0;2;0;1;0;2;2;-9,89450283;-66,93904435;SPRF-AC;DEL01-AC;UOP01-DEL01-AC
719924;21/09/2025;domingo;11:30:00;RS;386;101,4;SAO JOSE DAS MISSOES;Velocidade Incompatível;Tombamento;Com Vítimas Feridas;Pleno dia;Decrescente;Chuva;Simples;Curva;Não;2;0;0;1;0;1;1;2;-27,760023;-53,111719;SPRF-RS;DEL08-RS;UOP01-DEL08-RS
719929;21/09/2025;domingo;09:10:00;MS;163;407,9;SIDROLANDIA;Demais Fenômenos da natureza;Incêndio;Sem Vítimas;Pleno dia;Crescente;Sol;Simples;Reta;Não;2;0;0;0;1;1;0;2;-21,097329;-54,4879516;SPRF-MS;DEL02-MS;UOP01-DEL02-MS
719933;21/09/2025;domingo;13:40:00;MG;40;474,7;SETE LAGOAS;Ingestão de álcool pelo condutor;Colisão lateral mesmo sentido;Com Vítimas Feridas;Pleno dia;Decrescente;Céu Claro;Dupla;"Declive;Reta";Não;5;0;2;0;2;1;2;4;-19,50356;-44,27494;SPRF-MG;DEL02-MG;UOP01-DEL02-MG
719942;21/09/2025;domingo;00:00:00;RO;364;830;PORTO VELHO;Falta de elemento de contenção que evite a saída do leito carroçável;Saída de leito carroçável;Com Vítimas Feridas;Plena Noite;Decrescente;Céu Claro;Simples;Reta;Não;1;0;1;0;0;0;1;1;-9,344223;-64,638422;SPRF-RO;DEL01-RO;UOP02-DEL01-RO
719949;21/09/2025;domingo;14:20:00;BA;324;562;SAO SEBASTIAO DO PASSE;Ausência de reação do condutor;Colisão traseira;Com Vítimas Feridas;Pleno dia;Crescente;Céu Claro;Dupla;Reta;Não;3;0;1;0;1;2;1;4;-12,509697;-38,630455;SPRF-BA;DEL01-BA;UOP01-DEL01-BA
719955;21/09/2025;domingo;14:55:00;MG;381;535;ITATIAIUCU;Manobra de mudança de faixa;Colisão traseira;Com Vítimas Feridas;Pleno dia;Crescente;Ignorado;Dupla;Reta;Não;6;0;1;0;4;1;1;3;-20,18163495;-44,37883727;SPRF-MG;DEL04-MG;UOP03-DEL04-MG
719964;21/09/2025;domingo;15:50:00;RJ;116;283;BARRA MANSA;Ausência de reação do condutor;Colisão com objeto;Com Vítimas Feridas;Pleno dia;Crescente;Nublado;Dupla;Reta;Não;2;0;1;0;1;0;1;2;-22,53856163;-44,18151855;SPRF-RJ;DEL07-RJ;UOP02-DEL07-RJ
719968;21/09/2025;domingo;15:15:00;PR;487;132;TUNEIRAS DO OESTE;Condutor Dormindo;Saída de leito carroçável;Com Vítimas Feridas;Pleno dia;Decrescente;Céu Claro;Simples;"Reta;Declive";Não;3;0;1;1;1;0;2;2;-23,888908;-52,815063;SPRF-PR;DEL09-PR;UOP03-DEL09-PR
719970;13/09/2025;sábado;17:41:00;PA;163;241;NOVO PROGRESSO;Transitar na contramão;Colisão frontal;Com Vítimas Fatais;Plena Noite;Crescente;Ignorado;Simples;Curva;Não;4;3;0;0;1;0;0;2;-7,603168;-55,238293;SPRF-PA;DEL05-PA;UOP03-DEL05-PA
719972;21/09/2025;domingo;15:45:00;MS;158;28,3;PARANAIBA;Reação tardia ou ineficiente do condutor;Colisão traseira;Com Vítimas Feridas;Pleno dia;Decrescente;Nublado;Simples;"Aclive;Em Obras;Reta";Não;3;0;0;1;1;1;1;3;-19,220209;-51,523307;SPRF-MS;DEL08-MS;UOP01-DEL08-MS
719983;21/09/2025;domingo;15:30:00;SP;153;93;MIRASSOL;Fumaça;Engavetamento;Com Vítimas Feridas;Pleno dia;Crescente;Nublado;Dupla;Aclive;Não;9;0;1;0;7;5;1;9;-20,94843275;-49,54086654;SPRF-SP;DEL09-SP;UOP01-DEL09-SP
719988;21/09/2025;domingo;15:30:00;MG;262;464;BOM DESPACHO;Transitar na contramão;Colisão frontal;Com Vítimas Fatais;Pleno dia;Decrescente;Céu Claro;Simples;Reta;Não;6;1;0;4;0;1;4;3;-19,78862;-45,21748;SPRF-MG;DEL08-MG;UOP03-DEL08-MG
719992;21/09/2025;domingo;16:50:00;SP;116;26,9;SILVEIRAS;Manobra de mudança de faixa;Colisão lateral mesmo sentido;Com Vítimas Feridas;Pleno dia;Decrescente;Céu Claro;Dupla;"Reta;Aclive";Não;3;0;1;0;1;1;1;3;-22,61855;-44,90566;SPRF-SP;DEL08-SP;UOP02-DEL08-SP
720008;21/09/2025;domingo;17:20:00;AM;319;644;HUMAITA;Pista esburacada;Tombamento;Com Vítimas Feridas;Pleno dia;Crescente;Céu Claro;Simples;Reta;Não;2;0;1;0;0;1;1;2;-7,46258;-63,23243;SPRF-AM;DEL01-AM;UOP04-DEL01-AM
720026;21/09/2025;domingo;18:45:00;SP;116;21;LAVRINHAS;Problema com o freio;Colisão traseira;Com Vítimas Feridas;Anoitecer;Decrescente;Céu Claro;Dupla;Reta;Não;3;0;1;0;2;0;1;2;-22,58292873;-44,87775564;SPRF-SP;DEL08-SP;UOP02-DEL08-SP
720041;21/09/2025;domingo;19:40:00;BA;116;764;POCOES;Entrada inopinada do pedestre;Atropelamento de Pedestre;Com Vítimas Feridas;Plena Noite;Crescente;Ignorado;Simples;"Reta;Aclive";Não;2;0;0;1;1;0;1;2;-14,56204382;-40,41416958;SPRF-BA;DEL08-BA;UOP02-DEL08-BA
720044;21/09/2025;domingo;20:04:00;PI;343;345,3;TERESINA;Manobra de mudança de faixa;Colisão lateral mesmo sentido;Sem Vítimas;Plena Noite;Crescente;Céu Claro;Simples;Reta;Sim;2;0;0;0;2;0;0;2;-5,107007;-42,768248;SPRF-PI;DEL01-PI;UOP01-DEL01-PI
720057;21/09/2025;domingo;19:30:00;RN;304;190,2;LAJES;Condutor deixou de manter distância do veículo da frente;Colisão traseira;Com Vítimas Feridas;Plena Noite;Crescente;Nublado;Simples;Interseção de Vias;Sim;3;0;0;2;0;1;2;2;-5,70526769;-36,24751059;SPRF-RN;DEL01-RN;UOP03-DEL01-RN
720058;21/09/2025;domingo;08:52:00;PA;163;105;ALTAMIRA;Curva acentuada;Colisão lateral sentido oposto;Sem Vítimas;Pleno dia;Crescente;Nublado;Simples;"Aclive;Curva";Não;3;0;0;0;1;5;0;6;-8,72823016;-54,97951705;SPRF-MT;DEL06-MT;UOP03-DEL06-MT
720061;21/09/2025;domingo;18:50:00;MA;316;263,4;SANTA INES;Reação tardia ou ineficiente do condutor;Eventos atípicos;Com Vítimas Feridas;Plena Noite;Crescente;Céu Claro;Simples;Reta;Não;3;0;0;1;1;1;1;3;-3,6739223;-45,368275;SPRF-MA;DEL02-MA;UOP01-DEL02-MA
720067;21/09/2025;domingo;16:05:00;MG;251;209;AGUAS VERMELHAS;Carga excessiva e/ou mal acondicionada;Tombamento;Sem Vítimas;Pleno dia;Crescente;Céu Claro;Simples;Declive;Não;2;0;0;0;1;1;0;2;-15,884278;-41,525668;SPRF-MG;DEL12-MG;UOP02-DEL12-MG
720073;21/09/2025;domingo;18:30:00;BA;101;134;TEODORO SAMPAIO;Transitar no Acostamento;Colisão traseira;Com Vítimas Feridas;Plena Noite;Decrescente;Céu Claro;Simples;Reta;Não;3;0;0;1;0;2;1;3;-12,2061745;-38,61483836;SPRF-BA;DEL01-BA;UOP04-DEL01-BA
720075;21/09/2025;domingo;16:00:00;MG;50;113;UBERABA;Reação tardia ou ineficiente do condutor;Saída de leito carroçável;Com Vítimas Feridas;Pleno dia;Crescente;Céu Claro;Dupla;Reta;Não;3;0;0;1;1;2;1;3;-19,4510907;-48,06045279;SPRF-MG;DEL13-MG;UOP01-DEL13-MG
720087;21/09/2025;domingo;22:00:00;PR;373;280;PRUDENTOPOLIS;Ultrapassagem Indevida;Colisão frontal;Com Vítimas Fatais;Plena Noite;Crescente;Céu Claro;Simples;"Aclive;Reta";Não;3;1;0;1;1;0;1;2;-25,277717;-51,110266;SPRF-PR;DEL08-PR;UOP01-DEL08-PR
720093;22/09/2025;segunda-feira;00:30:00;RN;304;295,8;MACAIBA;Ingestão de álcool pelo condutor;Colisão com objeto;Com Vítimas Feridas;Plena Noite;Crescente;Céu Claro;Simples;Reta;Sim;2;0;1;0;1;0;1;2;-5,86526891;-35,35215855;SPRF-RN;DEL01-RN;UOP02-DEL01-RN
720095;21/09/2025;domingo;20:00:00;RO;364;510,2;ARIQUEMES;Ingestão de álcool pelo condutor;Colisão frontal;Com Vítimas Feridas;Plena Noite;Decrescente;Céu Claro;Simples;"Declive;Reta";Não;8;0;5;0;2;2;5;4;-9,965287;-63,046845;SPRF-RO;DEL03-RO;UOP01-DEL03-RO
720097;22/09/2025;segunda-feira;00:10:00;MG;381;823;CAREACU;Condutor Dormindo;Saída de leito carroçável;Com Vítimas Feridas;Plena Noite;Crescente;Céu Claro;Dupla;Reta;Não;2;0;0;1;0;1;1;2;-22,062629;-45,70101;SPRF-MG;DEL16-MG;UOP02-DEL16-MG
720099;22/09/2025;segunda-feira;00:01:00;MA;10;319;ACAILANDIA;Reação tardia ou ineficiente do condutor;Saída de leito carroçável;Com Vítimas Feridas;Plena Noite;Decrescente;Céu Claro;Simples;"Reta;Declive";Sim;2;0;2;0;0;0;2;2;-4,9568221;-47,50543568;SPRF-MA;DEL04-MA;UOP03-DEL04-MA
720101;21/09/2025;domingo;23:29:00;RS;285;159,3;MUITOS CAPOES;Transitar na contramão;Colisão lateral sentido oposto;Sem Vítimas;Plena Noite;Crescente;Chuva;Simples;Declive;Não;3;0;0;0;2;1;0;3;-28,320996;-51,221553;SPRF-RS;DEL05-RS;UOP03-DEL05-RS
720104;22/09/2025;segunda-feira;01:40:00;RS;285;558;SAO LUIZ GONZAGA;Demais falhas mecânicas ou elétricas;Incêndio;Sem Vítimas;Plena Noite;Crescente;Chuva;Simples;Reta;Não;1;0;0;0;0;1;0;1;-28,419366;-54,856542;SPRF-RS;DEL10-RS;UOP01-DEL10-RS
720110;22/09/2025;segunda-feira;05:10:00;MG;381;660,4;SANTO ANTONIO DO AMPARO;Condutor Dormindo;Colisão traseira;Com Vítimas Feridas;Amanhecer;Decrescente;Céu Claro;Dupla;"Reta;Aclive";Não;3;0;1;0;1;2;1;4;-21,010706;-44,982592;SPRF-MG;DEL04-MG;UOP02-DEL04-MG
720116;22/09/2025;segunda-feira;02:30:00;RJ;101;131;CONCEICAO DE MACABU;Condutor Dormindo;Tombamento;Com Vítimas Feridas;Plena Noite;Decrescente;Céu Claro;Dupla;Curva;Não;1;0;1;0;0;0;1;1;-22,1143214;-41,7021922;SPRF-RJ;DEL08-RJ;UOP04-DEL08-RJ
720120;22/09/2025;segunda-feira;03:10:00;PA;230;583;VITORIA DO XINGU;Reação tardia ou ineficiente do condutor;Colisão lateral mesmo sentido;Com Vítimas Feridas;Plena Noite;Decrescente;Ignorado;Simples;"Curva;Declive";Não;2;0;1;0;0;1;1;2;-3,09388;-51,85283;SPRF-PA;DEL04-PA;UOP01-DEL04-PA
720123;22/09/2025;segunda-feira;06:30:00;MG;381;921,1;CAMANDUCAIA;Curva acentuada;Colisão com objeto;Com Vítimas Feridas;Pleno dia;Crescente;Chuva;Dupla;"Curva;Declive";Não;2;0;1;0;0;1;1;2;-22,76049645;-46,15809739;SPRF-MG;DEL16-MG;UOP03-DEL16-MG
720127;22/09/2025;segunda-feira;06:00:00;MT;70;255;PRIMAVERA DO LESTE;Acostamento em desnível;Capotamento;Com Vítimas Feridas;Pleno dia;Decrescente;Sol;Simples;Reta;Não;2;0;1;0;0;1;1;2;-15,5875814;-54,18962717;SPRF-MT;DEL05-MT;UOP01-DEL05-MT
720135;22/09/2025;segunda-feira;05:30:00;BA;101;946;MUCURI;Velocidade Incompatível;Tombamento;Com Vítimas Feridas;Amanhecer;Decrescente;Céu Claro;Simples;Curva;Não;2;0;1;0;0;1;1;2;-18,10705792;-39,8834324;SPRF-BA;DEL09-BA;UOP02-DEL09-BA
720138;01/07/2025;terça-feira;13:00:00;PR;376;656;TIJUCAS DO SUL;Velocidade Incompatível;Colisão traseira;Com Vítimas Feridas;Pleno dia;Crescente;Garoa/Chuvisco;Dupla;Declive;Não;4;0;2;0;1;1;2;3;-25,8531611;-48,9773208;SPRF-PR;DEL01-PR;UOP04-DEL01-PR
720141;24/07/2025;quinta-feira;21:00:00;MG;40;66;PARACATU;Demais falhas mecânicas ou elétricas;Incêndio;Sem Vítimas;Plena Noite;Crescente;Céu Claro;Simples;Reta;Não;2;0;0;0;1;1;0;2;-17,48547847;-46,61735058;SPRF-MG;DEL14-MG;UOP01-DEL14-MG