id;data_inversa;dia_semana;horario;uf;br;km;municipio;causa_acidente;tipo_acidente;classificacao_acidente;fase_dia;sentido_via;condicao_metereologica;tipo_pista;tracado_via;uso_solo;pessoas;mortos;feridos_leves;feridos_graves;ilesos;ignorados;feridos;veiculos;latitude;longitude;regional;delegacia;uop
720142;22/09/2025;segunda-feira;07:10:00;BA;407;40;JUAZEIRO;Demais falhas mecânicas ou elétricas;Incêndio;Sem Vítimas;Pleno dia;Crescente;Sol;Simples;Reta;Não;1;0;0;0;1;0;0;1;-9,74543;-40,34859;SPRF-BA;DEL04-BA;UOP01-DEL04-BA
720144;22/09/2025;segunda-feira;08:00:00;SP;116;143;SAO JOSE DOS CAMPOS;Acumulo de água sobre o pavimento;Colisão transversal;Com Vítimas Feridas;Pleno dia;Decrescente;Chuva;Múltipla;"Reta;Em Obras";Sim;3;0;1;1;1;0;2;2;-23,17888;-45,83867;SPRF-SP;DEL02-SP;UOP01-DEL02-SP
720145;22/09/2025;segunda-feira;06:30:00;AC;364;124;RIO BRANCO;Ausência de reação do condutor;Colisão transversal;Com Vítimas Fatais;Pleno dia;Crescente;Céu Claro;Dupla;Rotatória;Sim;3;1;0;0;1;1;0;3;-10,0118885;-67,7985315;SPRF-AC;DEL01-AC;UOP01-DEL01-AC
720146;22/09/2025;segunda-feira;07:50:00;GO;153;494;GOIANIA;Ausência de reação do condutor;Colisão traseira;Com Vítimas Feridas;Pleno dia;Crescente;Nublado;Dupla;Reta;Sim;3;0;1;0;2;0;1;3;-16,654573;-49,21784;SPRF-GO;DEL01-GO;UOP01-DEL01-GO
720159;22/09/2025;segunda-feira;09:00:00;PE;101;72;RECIFE;Trafegar com motocicleta (ou similar) entre as faixas;Queda de ocupante de veículo;Com Vítimas Feridas;Pleno dia;Decrescente;Nublado;Dupla;Reta;Sim;3;0;1;0;1;1;1;3;-8,08546;-34,94554;SPRF-PE;DEL01-PE;UOP01-DEL01-PE
720166;22/09/2025;segunda-feira;09:03:00;PE;101;65;RECIFE;Reação tardia ou ineficiente do condutor;Colisão traseira;Com Vítimas Feridas;Pleno dia;Decrescente;Sol;Múltipla;Reta;Sim;2;0;1;0;1;0;1;2;-8,02945;-34,94325;SPRF-PE;DEL01-PE;UOP01-DEL01-PE
720170;22/09/2025;segunda-feira;07:45:00;RS;386;15,6;FREDERICO WESTPHALEN;Ausência de reação do condutor;Saída de leito carroçável;Com Vítimas Feridas;Pleno dia;Decrescente;Céu Claro;Simples;"Declive;Curva";Não;1;0;0;1;0;0;1;1;-27,23920189;-53,32819169;SPRF-RS;DEL08-RS;UOP02-DEL08-RS
720174;17/09/2025;quarta-feira;01:40:00;PR;153;124,8;IBAITI;Velocidade Incompatível;Tombamento;Com Vítimas Feridas;Plena Noite;Crescente;Nublado;Simples;"Declive;Curva";Não;2;0;1;0;0;2;1;3;-23,962726;-50,236645;SPRF-PR;DEL07-PR;UOP04-DEL07-PR
720180;22/09/2025;segunda-feira;10:00:00;MG;381;478;CONTAGEM;Trafegar com motocicleta (ou similar) entre as faixas;Colisão traseira;Com Vítimas Feridas;Pleno dia;Crescente;Céu Claro;Múltipla;Reta;Sim;3;0;1;0;2;0;1;2;-19,96367289;-44,0424606;SPRF-MG;DEL01-MG;UOP03-DEL01-MG
720184;16/09/2025;terça-feira;03:55:00;RJ;101;308;SAO GONCALO;Animais na Pista;Atropelamento de Animal;Com Vítimas Fatais;Plena Noite;Crescente;Céu Claro;Dupla;Reta;Não;3;1;0;0;1;1;0;3;-22,7934208;-43,0211072;SPRF-RJ;DEL02-RJ;UOP02-DEL02-RJ
720185;19/09/2025;sexta-feira;21:40:00;PA;230;586;VITORIA DO XINGU;Reação tardia ou ineficiente do condutor;Saída de leito carroçável;Com Vítimas Feridas;Plena Noite;Crescente;Céu Claro;Simples;"Declive;Reta";Não;2;0;1;0;0;2;1;3;-3,09699;-51,8761;SPRF-PA;DEL04-PA;UOP01-DEL04-PA
720190;22/09/2025;segunda-feira;10:15:00;PR;376;341,8;ORTIGUEIRA;Ausência de reação do condutor;Saída de leito carroçável;Com Vítimas Feridas;Pleno dia;Crescente;Chuva;Simples;"Declive;Curva";Não;5;0;5;0;0;0;5;1;-24,171524;-50,967245;SPRF-PR;DEL07-PR;UOP02-DEL07-PR
720191;22/09/2025;segunda-feira;11:30:00;MG;40;329;FELIXLANDIA;Condutor Dormindo;Colisão lateral sentido oposto;Com Vítimas Feridas;Pleno dia;Decrescente;Céu Claro;Simples;"Declive;Reta";Não;9;0;3;2;3;1;5;4;-18,570342;-45,019035;SPRF-MG;DEL14-MG;UOP02-DEL14-MG
720192;22/09/2025;segunda-feira;10:25:00;BA;324;559;AMELIA RODRIGUES;Reação tardia ou ineficiente do condutor;Saída de leito carroçável;Com Vítimas Fatais;Pleno dia;Decrescente;Céu Claro;Dupla;Reta;Não;1;1;0;0;0;0;0;1;-12,49415;-38,6511;SPRF-BA;DEL01-BA;UOP03-DEL01-BA
720193;22/09/2025;segunda-feira;10:30:00;ES;101;16;CONCEICAO DA BARRA;Pedestre cruzava a pista fora da faixa;Atropelamento de Pedestre;Com Vítimas Feridas;Pleno dia;Decrescente;Sol;Simples;Interseção de Vias;Sim;3;0;0;1;1;2;1;4;-18,31169956;-39,95517254;SPRF-ES;DEL04-ES;UOP02-DEL04-ES
720195;22/09/2025;segunda-feira;08:20:00;BA;324;518;FEIRA DE SANTANA;Ausência de reação do condutor;Atropelamento de Pedestre;Com Vítimas Feridas;Pleno dia;Crescente;Céu Claro;Simples;"Reta;Interseção de Vias";Sim;2;0;0;1;1;0;1;2;-12,26031;-38,93219;SPRF-BA;DEL02-BA;UOP01-DEL02-BA
720206;22/09/2025;segunda-feira;12:30:00;MG;40;344;FELIXLANDIA;Ausência de reação do condutor;Colisão lateral sentido oposto;Com Vítimas Feridas;Pleno dia;Crescente;Céu Claro;Simples;Reta;Não;4;0;0;1;2;1;1;3;-18,67838735;-44,99302483;SPRF-MG;DEL02-MG;UOP01-DEL02-MG
720210;22/09/2025;segunda-feira;11:00:00;MG;116;783,3;LEOPOLDINA;Velocidade Incompatível;Colisão frontal;Com Vítimas Fatais;Pleno dia;Decrescente;Sol;Simples;Curva;Não;3;1;0;0;1;1;0;3;-21,634078;-42,696941;SPRF-MG;DEL07-MG;UOP01-DEL07-MG
720222;22/09/2025;segunda-feira;10:20:00;RS;116;51,8;VACARIA;Reação tardia ou ineficiente do condutor;Colisão frontal;Com Vítimas Feridas;Pleno dia;Crescente;Chuva;Dupla;"Aclive;Curva";Não;3;0;0;1;1;1;1;3;-28,5825518;-51,02404531;SPRF-RS;DEL05-RS;UOP03-DEL05-RS
720224;22/09/2025;segunda-feira;11:00:00;SC;101;42;JOINVILLE;Condutor deixou de manter distância do veículo da frente;Engavetamento;Com Vítimas Feridas;Pleno dia;Decrescente;Chuva;Múltipla;Reta;Não;7;0;2;0;3;2;2;6;-26,32337463;-48,86778301;SPRF-SC;DEL03-SC;UOP01-DEL03-SC
720226;22/09/2025;segunda-feira;12:15:00;SC;282;340;CAMPOS NOVOS;Desrespeitar a preferência no cruzamento;Colisão transversal;Sem Vítimas;Pleno dia;Decrescente;Céu Claro;Simples;Interseção de Vias;Não;5;0;0;0;4;1;0;3;-27,39367874;-51,19225502;SPRF-SC;DEL07-SC;UOP06-DEL07-SC
720227;22/09/2025;segunda-feira;13:30:00;SC;101;35,3;PALHOCA;Condutor Dormindo;Colisão traseira;Com Vítimas Feridas;Pleno dia;Crescente;Nublado;Dupla;"Reta;Aclive";Não;22;0;2;18;1;1;20;3;-27,622007;-48,6952254;SPRF-SC;DEL03-SC;UOP01-DEL03-SC
720230;22/09/2025;segunda-feira;13:50:00;PR;277;453;LARANJEIRAS DO SUL;Acessar a via sem observar a presença dos outros veículos;Colisão transversal;Com Vítimas Feridas;Pleno dia;Decrescente;Céu Claro;Simples;"Rotatória;Reta;Interseção de Vias";Sim;4;0;1;1;1;1;2;3;-25,387458;-52,411092;SPRF-PR;DEL04-PR;UOP02-DEL04-PR
720238;22/09/2025;segunda-feira;14:15:00;MG;381;477;CONTAGEM;Reação tardia ou ineficiente do condutor;Colisão lateral mesmo sentido;Com Vítimas Feridas;Pleno dia;Decrescente;Céu Claro;Dupla;"Reta;Aclive";Sim;4;0;0;1;3;0;1;3;-19,96076406;-44,03629303;SPRF-MG;DEL01-MG;UOP03-DEL01-MG
720240;18/09/2025;quinta-feira;18:50:00;MT;364;470,4;JANGADA;Reação tardia ou ineficiente do condutor;Colisão traseira;Com Vítimas Feridas;Plena Noite;Crescente;Céu Claro;Simples;Reta;Não;5;0;4;0;0;1;4;2;-15,408042;-56,363819;SPRF-MT;DEL01-MT;UOP02-DEL01-MT
720242;14/09/2025;domingo;06:20:00;MS;163;124;NAVIRAI;Ausência de reação do condutor;Tombamento;Com Vítimas Feridas;Pleno dia;Decrescente;Céu Claro;Simples;"Rotatória;Interseção de Vias";Não;2;0;1;0;0;2;1;3;-23,079;-54,228;SPRF-MS;DEL09-MS;UOP01-DEL09-MS
720245;22/09/2025;segunda-feira;14:20:00;BA;101;228;SAPEACU;Desrespeitar a preferência no cruzamento;Colisão transversal;Sem Vítimas;Pleno dia;Decrescente;Céu Claro;Simples;"Declive;Reta";Sim;4;0;0;0;4;0;0;2;-12,7150676;-39,1783103;SPRF-BA;DEL01-BA;UOP02-DEL01-BA
720246;22/09/2025;segunda-feira;13:20:00;MG;50;115;UBERABA;Ausência de reação do condutor;Saída de leito carroçável;Com Vítimas Feridas;Pleno dia;Decrescente;Chuva;Dupla;Reta;Não;2;0;1;0;0;2;1;3;-19,267795;-48,127483;SPRF-MG;DEL13-MG;UOP01-DEL13-MG
720248;22/09/2025;segunda-feira;14:00:00;MG;459;61,1;IPUIUNA;Chuva;Colisão lateral sentido oposto;Com Vítimas Feridas;Pleno dia;Decrescente;Chuva;Simples;Curva;Sim;4;0;1;0;2;2;1;4;-22,0903433;-46,20824;SPRF-MG;DEL09-MG;UOP01-DEL09-MG
720251;22/09/2025;segunda-feira;15:00:00;MG;381;776,6;CAMPANHA;Acumulo de água sobre o pavimento;Atropelamento de Pedestre;Com Vítimas Feridas;Pleno dia;Crescente;Chuva;Dupla;Reta;Não;3;0;0;1;1;1;1;3;-21,7977719;-45,4568702;SPRF-MG;DEL16-MG;UOP02-DEL16-MG
720253;22/09/2025;segunda-feira;01:00:00;MA;316;355,5;BACABAL;Transitar na contramão;Colisão frontal;Com Vítimas Feridas;Plena Noite;Crescente;Céu Claro;Simples;Reta;Não;3;0;0;1;1;1;1;3;-4,228873;-44,8321;SPRF-MA;DEL02-MA;UOP01-DEL02-MA
720254;04/07/2025;sexta-feira;06:10:00;MG;381;577,3;ITAGUARA;Ausência de reação do condutor;Colisão traseira;Com Vítimas Feridas;Amanhecer;Decrescente;Céu Claro;Dupla;Reta;Não;3;0;1;0;1;2;1;4;-20,46529437;-44,57754135;SPRF-MG;DEL04-MG;UOP01-DEL04-MG
720257;01/02/2025;sábado;20:15:00;RO;364;473;ARIQUEMES;Acostamento em desnível;Tombamento;Com Vítimas Feridas;Plena Noite;Crescente;Céu Claro;Simples;Reta;Não;2;0;1;0;0;1;1;2;-10,18146706;-62,81974504;SPRF-RO;DEL03-RO;UOP01-DEL03-RO
720259;22/09/2025;segunda-feira;15:50:00;MG;381;352,1;JOAO MONLEVADE;Transitar na contramão;Colisão frontal;Com Vítimas Feridas;Pleno dia;Decrescente;Céu Claro;Simples;Curva;Sim;4;0;2;0;1;1;2;3;-19,8396;-43,19167;SPRF-MG;DEL03-MG;UOP01-DEL03-MG
720263;22/09/2025;segunda-feira;15:45:00;SC;470;123;IBIRAMA;Ultrapassagem Indevida;Colisão lateral mesmo sentido;Com Vítimas Feridas;Pleno dia;Crescente;Nublado;Simples;Curva;Não;5;0;1;0;3;1;1;3;-27,10802858;-49,52411262;SPRF-SC;DEL04-SC;UOP02-DEL04-SC
720268;21/08/2025;quinta-feira;00:41:00;RS;290;33;SANTO ANTONIO DA PATRULHA;Condutor deixou de manter distância do veículo da frente;Colisão traseira;Com Vítimas Feridas;Plena Noite;Crescente;Céu Claro;Múltipla;Reta;Não;3;0;1;0;1;2;1;4;-29,8855821;-50,5865158;SPRF-RS;DEL03-RS;UOP01-DEL03-RS
720270;22/09/2025;segunda-feira;12:40:00;SC;116;190;SAO CRISTOVAO DO SUL;Ausência de reação do condutor;Saída de leito carroçável;Com Vítimas Feridas;Pleno dia;Decrescente;Garoa/Chuvisco;Simples;"Reta;Aclive";Não;2;0;1;0;0;2;1;3;-27,3449131;-50,4316529;SPRF-SC;DEL05-SC;UOP03-DEL05-SC
720272;22/09/2025;segunda-feira;14:00:00;MG;381;686,7;LAVRAS;Chuva;Colisão com objeto;Com Vítimas Feridas;Pleno dia;Crescente;Chuva;Dupla;Curva;Não;3;0;0;2;0;1;2;3;-21,177647;-45,12419;SPRF-MG;DEL04-MG;UOP02-DEL04-MG
720275;22/09/2025;segunda-feira;15:00:00;MT;163;1102;GUARANTA DO NORTE;Curva acentuada;Tombamento;Com Vítimas Feridas;Pleno dia;Decrescente;Céu Claro;Simples;Curva;Não;2;0;2;0;0;0;2;1;-9,64859292;-54,87228788;SPRF-MT;DEL06-MT;UOP03-DEL06-MT
720276;22/09/2025;segunda-feira;15:35:00;PR;277;529,9;GUARANIACU;Acostamento em desnível;Capotamento;Sem Vítimas;Pleno dia;Crescente;Céu Claro;Simples;"Declive;Reta";Não;2;0;0;0;1;1;0;2;-25,09411;-52,958544;SPRF-PR;DEL04-PR;UOP04-DEL04-PR
720279;22/09/2025;segunda-feira;16:01:00;MG;40;510,2;RIBEIRAO DAS NEVES;Condutor deixou de manter distância do veículo da frente;Colisão lateral mesmo sentido;Com Vítimas Feridas;Pleno dia;Crescente;Nublado;Dupla;Reta;Não;2;0;1;0;0;1;1;2;-19,77487565;-44,12342258;SPRF-MG;DEL01-MG;UOP02-DEL01-MG
720282;22/09/2025;segunda-feira;17:00:00;ES;262;52,3;MARECHAL FLORIANO;Ultrapassagem Indevida;Colisão lateral mesmo sentido;Sem Vítimas;Pleno dia;Crescente;Céu Claro;Simples;Reta;Sim;3;0;0;0;2;1;0;3;-20,41387594;-40,72654724;SPRF-ES;DEL01-ES;UOP01-DEL01-ES
720288;22/09/2025;segunda-feira;17:40:00;AL;101;191,8;JUNQUEIRO;Velocidade Incompatível;Tombamento;Com Vítimas Feridas;Anoitecer;Crescente;Céu Claro;Simples;"Declive;Curva";Sim;2;0;0;1;0;1;1;2;-9,933688;-36,472166;SPRF-AL;DEL02-AL;UOP02-DEL02-AL
720292;22/09/2025;segunda-feira;17:20:00;PR;116;96;SAO JOSE DOS PINHAIS;Ausência de reação do condutor;Colisão lateral mesmo sentido;Com Vítimas Feridas;Pleno dia;Decrescente;Nublado;Dupla;Reta;Não;2;0;1;0;0;1;1;2;-25,534438;-49,14679;SPRF-PR;DEL01-PR;UOP07-DEL01-PR
720297;22/09/2025;segunda-feira;17:10:00;RS;293;170;HULHA NEGRA;Pista esburacada;Tombamento;Com Vítimas Feridas;Pleno dia;Decrescente;Céu Claro;Dupla;Reta;Não;2;0;1;0;0;1;1;2;-31,3254298;-53,9856291;SPRF-RS;DEL11-RS;UOP03-DEL11-RS
720298;22/09/2025;segunda-feira;16:15:00;RR;174;577;BOA VISTA;Reação tardia ou ineficiente do condutor;Saída de leito carroçável;Sem Vítimas;Pleno dia;Crescente;Céu Claro;Simples;Reta;Não;2;0;0;0;0;3;0;3;3,42653759;-60,90009212;SPRF-RR;DEL01-RR;UOP01-DEL01-RR
720299;06/09/2025;sábado;21:00:00;GO;153;643;MORRINHOS;Desrespeitar a preferência no cruzamento;Colisão lateral mesmo sentido;Com Vítimas Feridas;Plena Noite;Crescente;Céu Claro;Dupla;Retorno Regulamentado;Não;5;0;2;1;1;2;3;4;-17,893;-49,234;SPRF-GO;DEL03-GO;UOP01-DEL03-GO
720301;22/09/2025;segunda-feira;17:30:00;RS;392;64,8;PELOTAS;Ausência de reação do condutor;Saída de leito carroçável;Com Vítimas Feridas;Pleno dia;Crescente;Céu Claro;Dupla;Reta;Sim;3;0;1;0;1;1;1;3;-31,765257;-52,38026;SPRF-RS;DEL07-RS;UOP01-DEL07-RS
720331;22/09/2025;segunda-feira;15:10:00;AM;174;991,3;PRESIDENTE FIGUEIREDO;Ultrapassagem Indevida;Colisão lateral mesmo sentido;Com Vítimas Feridas;Pleno dia;Crescente;Sol;Simples;Reta;Sim;4;0;2;0;2;0;2;2;-2,05123;-60,02504;SPRF-AM;DEL01-AM;UOP02-DEL01-AM
720334;22/09/2025;segunda-feira;18:00:00;RJ;101;398;ITAGUAI;Acessar a via sem observar a presença dos outros veículos;Colisão traseira;Com Vítimas Feridas;Plena Noite;Decrescente;Chuva;Dupla;"Reta;Viaduto";Sim;4;0;1;0;2;2;1;4;-22,86470272;-43,7526211;SPRF-RJ;DEL03-RJ;UOP01-DEL03-RJ
720341;22/09/2025;segunda-feira;19:30:00;MG;40;587;ITABIRITO;Chuva;Tombamento;Com Vítimas Feridas;Plena Noite;Crescente;Chuva;Simples;"Aclive;Curva";Não;4;0;0;1;2;1;1;4;-20,3498;-43,9185;SPRF-MG;DEL01-MG;UOP02-DEL01-MG
720344;22/09/2025;segunda-feira;20:00:00;MG;251;489;FRANCISCO SA;Pista Escorregadia;Saída de leito carroçável;Com Vítimas Feridas;Plena Noite;Decrescente;Chuva;Simples;Reta;Não;2;0;0;1;1;0;1;2;-16,4726555;-43,4242854;SPRF-MG;DEL12-MG;UOP01-DEL12-MG
720346;22/09/2025;segunda-feira;18:30:00;MA;222;324,8;IGARAPE DO MEIO;Ausência de reação do condutor;Colisão frontal;Com Vítimas Fatais;Anoitecer;Crescente;Céu Claro;Simples;Reta;Sim;2;1;0;0;0;1;0;2;-3,59341;-45,010965;SPRF-MA;DEL02-MA;UOP01-DEL02-MA
720354;22/09/2025;segunda-feira;22:50:00;MT;163;585;DIAMANTINO;Pista Escorregadia;Saída de leito carroçável;Com Vítimas Feridas;Plena Noite;Crescente;Chuva;Dupla;"Reta;Aclive";Não;2;0;1;0;0;1;1;2;-14,54815;-56,228935;SPRF-MT;DEL01-MT;UOP01-DEL01-MT
720355;23/09/2025;terça-feira;00:00:00;MG;381;493;BETIM;Acessar a via sem observar a presença dos outros veículos;Atropelamento de Pedestre;Com Vítimas Fatais;Plena Noite;Crescente;Chuva;Dupla;Reta;Sim;2;1;0;0;1;0;0;2;-19,96396614;-44,17060456;SPRF-MG;DEL01-MG;UOP03-DEL01-MG
720356;22/09/2025;segunda-feira;23:40:00;RJ;356;62,9;ITAPERUNA;Ausência de reação do condutor;Saída de leito carroçável;Com Vítimas Feridas;Plena Noite;Crescente;Nublado;Simples;Curva;Não;2;0;2;0;0;0;2;1;-21,334512;-41,711148;SPRF-RJ;DEL08-RJ;UOP03-DEL08-RJ
720362;22/09/2025;segunda-feira;22:25:00;MT;70;522,2;VARZEA GRANDE;Acessar a via sem observar a presença dos outros veículos;Colisão transversal;Com Vítimas Fatais;Plena Noite;Decrescente;Céu Claro;Simples;Reta;Sim;2;1;0;0;0;1;0;2;-15,66232324;-56,1856668;SPRF-MT;DEL01-MT;UOP02-DEL01-MT
720363;23/09/2025;terça-feira;00:05:00;PR;376;346,5;ORTIGUEIRA;Pedestre andava na pista;Atropelamento de Pedestre;Com Vítimas Fatais;Plena Noite;Decrescente;Nublado;Dupla;Reta;Sim;3;1;0;0;2;0;0;3;-24,20281881;-50,94669342;SPRF-PR;DEL07-PR;UOP02-DEL07-PR
720368;23/09/2025;terça-feira;01:22:00;SP;116;101;PINDAMONHANGABA;Ausência de reação do condutor;Colisão traseira;Com Vítimas Feridas;Plena Noite;Crescente;Garoa/Chuvisco;Dupla;Reta;Não;4;0;1;0;2;1;1;4;-22,98976;-45,47954;SPRF-SP;DEL08-SP;UOP01-DEL08-SP
720369;23/09/2025;terça-feira;01:30:00;SC;116;201,5;PONTE ALTA;Condutor Dormindo;Saída de leito carroçável;Com Vítimas Feridas;Plena Noite;Crescente;Nublado;Simples;"Reta;Aclive";Não;2;0;1;0;0;1;1;2;-27,4369404;-50,4041154;SPRF-SC;DEL05-SC;UOP03-DEL05-SC
720370;23/09/2025;terça-feira;01:30:00;ES;101;299,9;VIANA;Acessar a via sem observar a presença dos outros veículos;Colisão transversal;Com Vítimas Feridas;Plena Noite;Crescente;Chuva;Dupla;"Viaduto;Reta";Sim;2;0;0;1;1;0;1;2;-20,35722526;-40,43004436;SPRF-ES;DEL01-ES;UOP01-DEL01-ES
720371;23/09/2025;terça-feira;04:00:00;ES;101;383,2;RIO NOVO DO SUL;Chuva;Saída de leito carroçável;Com Vítimas Feridas;Plena Noite;Crescente;Chuva;Simples;Curva;Não;1;0;1;0;0;0;1;1;-20,84257841;-40,87364372;SPRF-ES;DEL03-ES;UOP01-DEL03-ES
720374;23/09/2025;terça-feira;02:10:00;SP;116;2,9;QUELUZ;Ausência de reação do condutor;Colisão com objeto;Com Vítimas Feridas;Pleno dia;Crescente;Céu Claro;Dupla;Reta;Não;1;0;1;0;0;0;1;1;-22,519926;-44,7110253;SPRF-SP;DEL08-SP;UOP02-DEL08-SP
720377;22/09/2025;segunda-feira;19:30:00;PI;235;421;SANTA FILOMENA;Ausência de reação do condutor;Tombamento;Com Vítimas Feridas;Plena Noite;Decrescente;Céu Claro;Simples;"Declive;Curva";Não;2;0;1;0;0;1;1;2;-9,192177;-45,792622;SPRF-PI;DEL03-PI;UOP02-DEL03-PI
720378;22/09/2025;segunda-feira;17:00:00;SC;282;362,6;ERVAL VELHO;Ausência de reação do condutor;Tombamento;Sem Vítimas;Pleno dia;Crescente;Céu Claro;Simples;Reta;Não;1;0;0;0;1;0;0;1;-27,30378336;-51,38196374;SPRF-SC;DEL07-SC;UOP05-DEL07-SC
720379;23/09/2025;terça-feira;06:30:00;RN;304;45,5;MOSSORO;Ausência de reação do condutor;Colisão traseira;Com Vítimas Feridas;Pleno dia;Decrescente;Céu Claro;Dupla;Retorno Regulamentado;Não;3;0;1;1;1;0;2;2;-5,225103;-37,346962;SPRF-RN;DEL04-RN;UOP01-DEL04-RN
720382;22/09/2025;segunda-feira;16:45:00;MG;381;382;SAO GONCALO DO RIO ABAIXO;Avarias e/ou desgaste excessivo no pneu;Tombamento;Com Vítimas Feridas;Pleno dia;Decrescente;Céu Claro;Simples;Curva;Não;4;0;0;2;1;1;2;3;-19,83683166;-43,3682685;SPRF-MG;DEL01-MG;UOP01-DEL01-MG
720384;23/09/2025;terça-feira;07:00:00;MG;381;907;CAMBUI;Velocidade Incompatível;Capotamento;Com Vítimas Feridas;Amanhecer;Decrescente;Céu Claro;Dupla;"Declive;Curva";Não;3;0;2;0;0;1;2;2;-22,67979911;-46,09993994;SPRF-MG;DEL16-MG;UOP03-DEL16-MG
720401;19/09/2025;sexta-feira;07:15:00;MT;364;387,9;SANTO ANTONIO DO LEVERGER;Carga excessiva e/ou mal acondicionada;Colisão com objeto;Sem Vítimas;Pleno dia;Decrescente;Céu Claro;Dupla;Reta;Não;2;0;0;0;1;1;0;2;-15,70122206;-55,87365965;SPRF-MT;DEL01-MT;UOP02-DEL01-MT
720407;27/08/2025;quarta-feira;07:40:00;PR;369;206,2;APUCARANA;Conversão proibida;Colisão traseira;Com Vítimas Feridas;Pleno dia;Decrescente;Céu Claro;Simples;"Declive;Curva";Sim;4;0;2;0;2;0;2;3;-23,56001851;-51,47919623;SPRF-PR;DEL07-PR;UOP03-DEL07-PR
720411;23/09/2025;terça-feira;09:30:00;SP;381;8;VARGEM;Acessar a via sem observar a presença dos outros veículos;Colisão traseira;Com Vítimas Feridas;Pleno dia;Decrescente;Céu Claro;Dupla;Reta;Sim;3;0;1;0;2;0;1;3;-22,91742884;-46,43268585;SPRF-SP;DEL03-SP;UOP02-DEL03-SP
720415;23/09/2025;terça-feira;09:00:00;PA;230;130;MARABA;Ausência de reação do condutor;Colisão transversal;Com Vítimas Feridas;Pleno dia;Decrescente;Céu Claro;Simples;Reta;Não;3;0;0;1;1;2;1;4;-5,369673;-49,1920938;SPRF-PA;DEL03-PA;UOP01-DEL03-PA
720422;23/09/2025;terça-feira;10:30:00;SC;101;111;NAVEGANTES;Reação tardia ou ineficiente do condutor;Colisão traseira;Com Vítimas Feridas;Pleno dia;Crescente;Céu Claro;Dupla;Reta;Sim;3;0;1;0;1;1;1;3;-26,83932833;-48,71398735;SPRF-SC;DEL04-SC;UOP04-DEL04-SC
720429;23/09/2025;terça-feira;09:22:00;SC;163;107,2;GUARUJA DO SUL;Acessar a via sem observar a presença dos outros veículos;Colisão transversal;Com Vítimas Feridas;Pleno dia;Decrescente;Céu Claro;Simples;"Reta;Interseção de Vias;Declive";Não;3;0;0;1;2;0;1;2;-26,427568;-53,52058;SPRF-SC;DEL07-SC;UOP03-DEL07-SC
720431;23/09/2025;terça-feira;10:45:00;RJ;101;515;ANGRA DOS REIS;Avarias e/ou desgaste excessivo no pneu;Colisão lateral sentido oposto;Com Vítimas Feridas;Pleno dia;Decrescente;Chuva;Simples;Reta;Não;4;0;1;0;3;0;1;3;-22,985724;-44,439467;SPRF-RJ;DEL03-RJ;UOP03-DEL03-RJ
720434;23/09/2025;terça-feira;12:10:00;RJ;116;171,5;RIO DE JANEIRO;Ausência de reação do condutor;Colisão lateral mesmo sentido;Com Vítimas Feridas;Pleno dia;Crescente;Nublado;Dupla;Reta;Sim;3;0;1;0;2;0;1;3;-22,81067589;-43,33461491;SPRF-RJ;DEL06-RJ;UOP01-DEL06-RJ
720438;03/09/2025;quarta-feira;11:45:00;SE;101;206;CRISTINAPOLIS;Pista esburacada;Colisão lateral mesmo sentido;Sem Vítimas;Pleno dia;Decrescente;Nublado;Simples;Declive;Não;2;0;0;0;1;1;0;2;-11,50746186;-37,78797627;SPRF-SE;DEL02-SE;UOP03-DEL02-SE
720439;23/09/2025;terça-feira;12:50:00;CE;116;153,1;RUSSAS;Mal súbito do condutor;Colisão frontal;Com Vítimas Feridas;Pleno dia;Decrescente;Céu Claro;Simples;Reta;Não;3;0;1;0;1;1;1;3;-4,95419485;-37,99752172;SPRF-CE;DEL03-CE;UOP01-DEL03-CE
720444;23/09/2025;terça-feira;13:30:00;MG;153;49;MONTE ALEGRE DE MINAS;Ausência de reação do condutor;Saída de leito carroçável;Com Vítimas Feridas;Pleno dia;Crescente;Céu Claro;Dupla;Reta;Não;3;0;1;0;0;3;1;4;-18,8112181;-49,0859989;SPRF-MG;DEL15-MG;UOP03-DEL15-MG
720449;23/09/2025;terça-feira;14:30:00;DF;251;55,6;BRASILIA;Manobra de mudança de faixa;Colisão lateral mesmo sentido;Sem Vítimas;Pleno dia;Crescente;Céu Claro;Simples;Reta;Não;2;0;0;0;2;0;0;2;-15,983202;-47,944505;SPRF-DF;DEL01-DF;UOP01-DEL01-DF
720452;23/09/2025;terça-feira;13:40:00;PI;343;12,3;PARNAIBA;Transitar na contramão;Colisão transversal;Com Vítimas Feridas;Pleno dia;Crescente;Sol;Dupla;Reta;Sim;2;0;1;0;0;1;1;2;-2,91267508;-41,75397992;SPRF-PI;DEL05-PI;UOP01-DEL05-PI
720454;23/09/2025;terça-feira;14:30:00;MG;50;76;UBERLANDIA;Mal súbito do condutor;Colisão lateral mesmo sentido;Com Vítimas Feridas;Pleno dia;Crescente;Nublado;Dupla;Reta;Sim;3;0;1;0;1;2;1;4;-18,92477564;-48,22170544;SPRF-MG;DEL15-MG;UOP01-DEL15-MG
720460;23/09/2025;terça-feira;12:47:00;SC;470;65,2;INDAIAL;Trafegar com motocicleta (ou similar) entre as faixas;Queda de ocupante de veículo;Com Vítimas Feridas;Pleno dia;Decrescente;Céu Claro;Simples;"Reta;Desvio Temporário;Em Obras";Não;3;0;0;1;1;1;1;3;-26,87032;-49,21438;SPRF-SC;DEL04-SC;UOP01-DEL04-SC