id;data_inversa;dia_semana;horario;uf;br;km;municipio;causa_acidente;tipo_acidente;classificacao_acidente;fase_dia;sentido_via;condicao_metereologica;tipo_pista;tracado_via;uso_solo;pessoas;mortos;feridos_leves;feridos_graves;ilesos;ignorados;feridos;veiculos;latitude;longitude;regional;delegacia;uop
720463;11/09/2025;quinta-feira;15:45:00;DF;20;7,5;BRASILIA;Ausência de reação do condutor;Colisão lateral mesmo sentido;Com Vítimas Feridas;Pleno dia;Crescente;Céu Claro;Dupla;Reta;Não;4;0;2;0;2;0;2;2;-15,660488;-47,796165;SPRF-DF;DEL02-DF;UOP01-DEL02-DF
720464;23/09/2025;terça-feira;15:05:00;SP;116;167;JACAREI;Condutor deixou de manter distância do veículo da frente;Colisão traseira;Com Vítimas Feridas;Pleno dia;Crescente;Céu Claro;Dupla;Reta;Não;3;0;1;0;1;1;1;3;-23,30098052;-46,01979733;SPRF-SP;DEL02-SP;UOP01-DEL02-SP
720469;23/09/2025;terça-feira;16:00:00;GO;60;132,8;GOIANIA;Condutor deixou de manter distância do veículo da frente;Colisão traseira;Com Vítimas Feridas;Pleno dia;Decrescente;Chuva;Dupla;Reta;Não;3;0;0;1;2;0;1;2;-16,5805529;-49,1728759;SPRF-GO;DEL01-GO;UOP01-DEL01-GO
720470;23/09/2025;terça-feira;15:24:00;TO;153;473;MIRACEMA DO TOCANTINS;Demais falhas mecânicas ou elétricas;Incêndio;Sem Vítimas;Pleno dia;Decrescente;Céu Claro;Simples;Reta;Não;2;0;0;0;1;9;0;10;-10,022235;-48,782603;SPRF-TO;DEL01-TO;UOP01-DEL01-TO
720474;23/09/2025;terça-feira;17:05:00;ES;262;105;VENDA NOVA DO IMIGRANTE;Entrada inopinada do pedestre;Atropelamento de Pedestre;Com Vítimas Feridas;Anoitecer;Crescente;Garoa/Chuvisco;Simples;Reta;Sim;3;0;1;0;1;1;1;3;-20,32661348;-41,13556242;SPRF-ES;DEL01-ES;UOP02-DEL01-ES
720475;23/09/2025;terça-feira;16:10:00;RS;153;502;CACAPAVA DO SUL;Mal súbito do condutor;Saída de leito carroçável;Com Vítimas Feridas;Pleno dia;Decrescente;Céu Claro;Simples;Reta;Não;2;0;1;0;0;1;1;2;-30,514366;-53,36872;SPRF-RS;DEL09-RS;UOP02-DEL09-RS
720477;23/09/2025;terça-feira;15:00:00;RS;468;101;TRES PASSOS;Conversão proibida;Colisão transversal;Com Vítimas Feridas;Pleno dia;Crescente;Céu Claro;Simples;"Reta;Interseção de Vias";Sim;3;0;1;1;1;0;2;2;-27,465882;-53,9265012;SPRF-RS;DEL08-RS;UOP02-DEL08-RS
720479;23/09/2025;terça-feira;16:50:00;MG;381;484;BETIM;Trafegar com motocicleta (ou similar) entre as faixas;Colisão lateral mesmo sentido;Com Vítimas Feridas;Pleno dia;Crescente;Céu Claro;Múltipla;"Reta;Declive";Sim;4;0;1;0;2;1;1;4;-19,9594427;-44,0882854;SPRF-MG;DEL01-MG;UOP03-DEL01-MG
720484;23/09/2025;terça-feira;16:45:00;SC;280;229,9;CANOINHAS;Desrespeitar a preferência no cruzamento;Colisão transversal;Com Vítimas Feridas;Pleno dia;Crescente;Céu Claro;Simples;Rotatória;Sim;3;0;1;0;1;2;1;4;-26,1872833;-50,3612383;SPRF-SC;DEL06-SC;UOP04-DEL06-SC
720486;23/09/2025;terça-feira;13:30:00;MA;222;186;ITAPECURU MIRIM;Velocidade Incompatível;Colisão frontal;Com Vítimas Feridas;Pleno dia;Decrescente;Céu Claro;Simples;Curva;Não;4;0;2;1;0;1;3;2;-3,477699;-44,21567;SPRF-MA;DEL01-MA;UOP02-DEL01-MA
720488;23/09/2025;terça-feira;11:05:00;MG;251;463,7;GRAO MOGOL;Ultrapassagem Indevida;Colisão frontal;Com Vítimas Feridas;Pleno dia;Crescente;Nublado;Simples;"Reta;Aclive";Não;4;0;0;1;2;2;1;5;-16,43707305;-43,39290619;SPRF-MG;DEL12-MG;UOP01-DEL12-MG
720497;23/09/2025;terça-feira;16:31:00;GO;60;38;GOIANIA;Transitar no Acostamento;Colisão traseira;Com Vítimas Feridas;Pleno dia;Crescente;Sol;Dupla;Reta;Sim;3;0;1;0;2;0;1;3;-16,74769121;-49,34267521;SPRF-GO;DEL01-GO;UOP02-DEL01-GO
720502;23/09/2025;terça-feira;19:10:00;SP;116;299;SAO LOURENCO DA SERRA;Manobra de mudança de faixa;Colisão lateral mesmo sentido;Com Vítimas Feridas;Plena Noite;Crescente;Nublado;Dupla;Reta;Não;3;0;1;0;1;1;1;3;-23,78887559;-46,9143002;SPRF-SP;DEL04-SP;UOP01-DEL04-SP
720506;23/09/2025;terça-feira;19:50:00;SC;280;56;GUARAMIRIM;Desrespeitar a preferência no cruzamento;Colisão transversal;Com Vítimas Feridas;Plena Noite;Crescente;Nublado;Simples;Rotatória;Não;4;0;1;0;2;1;1;3;-26,479069;-49,00097458;SPRF-SC;DEL03-SC;UOP03-DEL03-SC
720511;23/09/2025;terça-feira;15:10:00;MG;381;224,2;BELO ORIENTE;Reação tardia ou ineficiente do condutor;Colisão traseira;Com Vítimas Feridas;Pleno dia;Decrescente;Céu Claro;Simples;"Aclive;Em Obras;Reta";Não;3;0;0;1;1;1;1;3;-19,3239376;-42,4150626;SPRF-MG;DEL06-MG;UOP01-DEL06-MG
720516;23/09/2025;terça-feira;19:10:00;PR;467;102,9;CASCAVEL;Ausência de reação do condutor;Colisão traseira;Com Vítimas Fatais;Plena Noite;Crescente;Céu Claro;Dupla;"Reta;Aclive";Não;3;1;0;0;1;1;0;3;-24,9052013;-53,516536;SPRF-PR;DEL04-PR;UOP01-DEL04-PR
720519;23/09/2025;terça-feira;21:25:00;MG;262;384,3;FLORESTAL;Objeto estático sobre o leito carroçável;Colisão com objeto;Com Vítimas Feridas;Plena Noite;Crescente;Céu Claro;Dupla;"Curva;Aclive";Não;2;0;0;1;1;0;1;2;-19,9127317;-44,5028317;SPRF-MG;DEL01-MG;UOP03-DEL01-MG
720523;23/09/2025;terça-feira;16:30:00;BA;415;26;ILHEUS;Reação tardia ou ineficiente do condutor;Colisão lateral sentido oposto;Com Vítimas Feridas;Pleno dia;Crescente;Céu Claro;Dupla;Reta;Não;8;0;5;1;2;0;6;3;-14,79491;-39,203903;SPRF-BA;DEL05-BA;UOP01-DEL05-BA
720526;23/09/2025;terça-feira;17:40:00;PI;135;541,9;SAO GONCALO DO GURGUEIA;Reação tardia ou ineficiente do condutor;Tombamento;Com Vítimas Feridas;Anoitecer;Decrescente;Céu Claro;Simples;"Declive;Curva";Não;3;0;1;0;1;1;1;2;-10,05386;-45,284203;SPRF-PI;DEL03-PI;UOP02-DEL03-PI
720531;23/09/2025;terça-feira;23:00:00;PB;230;155;CAMPINA GRANDE;Ingestão de álcool pelo condutor;Colisão lateral sentido oposto;Com Vítimas Feridas;Plena Noite;Crescente;Céu Claro;Simples;"Em Obras;Reta";Sim;2;0;1;0;1;0;1;2;-7,2541721;-35,8306314;SPRF-PB;DEL02-PB;UOP01-DEL02-PB
720532;23/09/2025;terça-feira;22:30:00;SP;381;53;ATIBAIA;Ausência de reação do condutor;Saída de leito carroçável;Sem Vítimas;Plena Noite;Decrescente;Céu Claro;Simples;Reta;Sim;1;0;0;0;1;0;0;1;-23,18816531;-46,58472955;SPRF-SP;DEL03-SP;UOP01-DEL03-SP
720543;24/09/2025;quarta-feira;00:35:00;PI;135;209;ELISEU MARTINS;Ausência de reação do condutor;Saída de leito carroçável;Com Vítimas Feridas;Plena Noite;Decrescente;Céu Claro;Simples;Interseção de Vias;Sim;2;0;1;0;0;2;1;3;-8,097461;-43,664966;SPRF-PI;DEL03-PI;UOP01-DEL03-PI
720544;24/09/2025;quarta-feira;02:10:00;MG;381;855,1;POUSO ALEGRE;Condutor Dormindo;Colisão traseira;Com Vítimas Feridas;Plena Noite;Decrescente;Céu Claro;Dupla;Reta;Não;5;0;1;2;1;1;3;2;-22,2820371;-45,89556911;SPRF-MG;DEL16-MG;UOP01-DEL16-MG
720545;24/09/2025;quarta-feira;03:30:00;SP;116;454;REGISTRO;Condutor Dormindo;Saída de leito carroçável;Sem Vítimas;Plena Noite;Decrescente;Nublado;Dupla;Reta;Sim;2;0;0;0;1;1;0;2;-24,58634095;-47,88267658;SPRF-SP;DEL05-SP;UOP01-DEL05-SP
720546;24/09/2025;quarta-feira;05:00:00;MG;50;179;UBERABA;Reação tardia ou ineficiente do condutor;Colisão traseira;Com Vítimas Feridas;Amanhecer;Crescente;Céu Claro;Dupla;"Declive;Reta";Sim;2;0;1;0;1;0;1;2;-19,778345;-47,933794;SPRF-MG;DEL13-MG;UOP01-DEL13-MG
720555;23/09/2025;terça-feira;22:40:00;MT;163;578,1;NOVA MUTUM;Condutor Dormindo;Colisão traseira;Com Vítimas Feridas;Plena Noite;Crescente;Céu Claro;Dupla;Reta;Não;3;0;1;0;1;5;1;7;-13,99146585;-56,09772921;SPRF-MT;DEL01-MT;UOP01-DEL01-MT
720557;24/09/2025;quarta-feira;04:10:00;RR;174;395;IRACEMA;Condutor Dormindo;Tombamento;Com Vítimas Feridas;Amanhecer;Crescente;Garoa/Chuvisco;Simples;Curva;Não;2;0;0;2;0;0;2;1;2,05247539;-61,08931661;SPRF-RR;DEL01-RR;UOP01-DEL01-RR
720567;24/09/2025;quarta-feira;08:00:00;PR;116;119;CURITIBA;Manobra de mudança de faixa;Colisão lateral mesmo sentido;Com Vítimas Feridas;Pleno dia;Crescente;Nublado;Dupla;Reta;Sim;3;0;2;0;1;0;2;3;-25,57806;-49,312469;SPRF-PR;DEL01-PR;UOP03-DEL01-PR
720573;24/09/2025;quarta-feira;07:50:00;PR;277;650,6;MATELANDIA;Desrespeitar a preferência no cruzamento;Colisão transversal;Com Vítimas Feridas;Pleno dia;Crescente;Céu Claro;Simples;"Rotatória;Reta;Interseção de Vias";Sim;5;0;2;2;1;0;4;2;-25,194885;-53,941252;SPRF-PR;DEL05-PR;UOP02-DEL05-PR
720574;24/09/2025;quarta-feira;08:10:00;SP;116;79;ROSEIRA;Trafegar com motocicleta (ou similar) entre as faixas;Colisão lateral mesmo sentido;Com Vítimas Feridas;Pleno dia;Decrescente;Nublado;Dupla;Reta;Não;4;0;0;1;2;1;1;4;-22,89006575;-45,28786812;SPRF-SP;DEL08-SP;UOP01-DEL08-SP
720581;24/09/2025;quarta-feira;08:10:00;BA;101;876;TEIXEIRA DE FREITAS;Acesso irregular;Colisão frontal;Com Vítimas Feridas;Pleno dia;Crescente;Nublado;Simples;Reta;Sim;2;0;1;0;1;0;1;2;-17,534512;-39,71248;SPRF-BA;DEL09-BA;UOP02-DEL09-BA
720587;23/09/2025;terça-feira;21:55:00;PA;163;547;TRAIRAO;Reação tardia ou ineficiente do condutor;Colisão lateral mesmo sentido;Sem Vítimas;Plena Noite;Crescente;Garoa/Chuvisco;Simples;Reta;Não;4;0;0;0;2;4;0;6;-5,2037;-56,0405;SPRF-PA;DEL05-PA;UOP03-DEL05-PA
720588;24/09/2025;quarta-feira;06:30:00;MG;153;128;PRATA;Manobra de mudança de faixa;Colisão transversal;Com Vítimas Feridas;Pleno dia;Crescente;Céu Claro;Dupla;Reta;Não;2;0;0;1;1;0;1;2;-19,46940483;-48,87238777;SPRF-MG;DEL15-MG;UOP03-DEL15-MG
720593;24/09/2025;quarta-feira;09:30:00;CE;116;16;EUSEBIO;Trafegar com motocicleta (ou similar) entre as faixas;Colisão lateral mesmo sentido;Com Vítimas Feridas;Pleno dia;Crescente;Céu Claro;Dupla;"Declive;Reta";Sim;3;0;1;0;0;2;1;3;-3,889072;-38,50204675;SPRF-CE;DEL01-CE;UOP02-DEL01-CE
720594;24/09/2025;quarta-feira;07:50:00;SC;101;37,2;JOINVILLE;Acessar a via sem observar a presença dos outros veículos;Colisão lateral mesmo sentido;Com Vítimas Fatais;Pleno dia;Crescente;Céu Claro;Múltipla;"Aclive;Reta";Não;5;1;1;0;1;2;1;4;-26,28429602;-48,8885808;SPRF-SC;DEL03-SC;UOP01-DEL03-SC
720599;24/09/2025;quarta-feira;08:10:00;PE;232;126,8;CARUARU;Condutor deixou de manter distância do veículo da frente;Colisão traseira;Com Vítimas Feridas;Pleno dia;Crescente;Céu Claro;Dupla;"Reta;Aclive";Não;2;0;1;0;1;0;1;2;-8,30726544;-35,95847404;SPRF-PE;DEL02-PE;UOP03-DEL02-PE
720602;24/09/2025;quarta-feira;10:17:00;ES;101;165,9;LINHARES;Acessar a via sem observar a presença dos outros veículos;Colisão traseira;Com Vítimas Fatais;Pleno dia;Decrescente;Céu Claro;Simples;Reta;Sim;2;1;0;0;1;0;0;2;-19,46330275;-40,10644309;SPRF-ES;DEL04-ES;UOP01-DEL04-ES
720605;24/09/2025;quarta-feira;10:15:00;MG;381;584,5;CARMOPOLIS DE MINAS;Reação tardia ou ineficiente do condutor;Engavetamento;Com Vítimas Fatais;Pleno dia;Decrescente;Nublado;Dupla;Reta;Não;4;1;0;0;2;2;0;5;-20,515325;-44,614758;SPRF-MG;DEL04-MG;UOP01-DEL04-MG
720606;24/09/2025;quarta-feira;10:50:00;RS;386;31,8;FREDERICO WESTPHALEN;Condutor deixou de manter distância do veículo da frente;Colisão traseira;Com Vítimas Feridas;Pleno dia;Crescente;Céu Claro;Simples;Reta;Sim;2;0;1;0;1;0;1;2;-27,3418048;-53,38788307;SPRF-RS;DEL08-RS;UOP02-DEL08-RS
720609;24/09/2025;quarta-feira;07:30:00;PA;155;329;MARABA;Acumulo de areia ou detritos sobre o pavimento;Queda de ocupante de veículo;Com Vítimas Feridas;Pleno dia;Crescente;Nublado;Simples;"Reta;Declive";Não;5;0;2;0;2;1;2;4;-5,498345;-49,07327;SPRF-PA;DEL03-PA;UOP01-DEL03-PA
720613;24/09/2025;quarta-feira;07:20:00;MG;381;216,9;BELO ORIENTE;Conversão proibida;Colisão lateral mesmo sentido;Com Vítimas Feridas;Pleno dia;Crescente;Céu Claro;Simples;Reta;Não;3;0;2;0;1;0;2;2;-19,29441669;-42,35705209;SPRF-MG;DEL06-MG;UOP01-DEL06-MG
720616;24/09/2025;quarta-feira;08:45:00;MG;153;196;FRUTAL;Transitar na contramão;Colisão frontal;Com Vítimas Fatais;Pleno dia;Crescente;Céu Claro;Simples;Curva;Não;4;1;1;1;0;2;2;4;-19,938902;-48,956474;SPRF-MG;DEL13-MG;UOP02-DEL13-MG
720617;24/09/2025;quarta-feira;11:38:00;RJ;116;90;TERESOPOLIS;Ausência de reação do condutor;Colisão traseira;Com Vítimas Feridas;Pleno dia;Decrescente;Nublado;Simples;Curva;Não;3;0;1;0;2;0;1;2;-22,458274;-42,96134;SPRF-RJ;DEL04-RJ;UOP01-DEL04-RJ
720618;24/09/2025;quarta-feira;11:25:00;BA;324;618;SALVADOR;Curva acentuada;Colisão lateral mesmo sentido;Com Vítimas Fatais;Pleno dia;Decrescente;Céu Claro;Dupla;Reta;Não;3;1;0;0;1;1;0;3;-12,89721;-38,448935;SPRF-BA;DEL01-BA;UOP01-DEL01-BA
720623;24/09/2025;quarta-feira;13:15:00;ES;101;219;IBIRACU;Reação tardia ou ineficiente do condutor;Engavetamento;Com Vítimas Feridas;Pleno dia;Crescente;Céu Claro;Dupla;Curva;Não;5;0;0;1;3;3;1;7;-19,865543;-40,384145;SPRF-ES;DEL02-ES;UOP01-DEL02-ES
720627;24/09/2025;quarta-feira;11:45:00;MG;365;407,3;PATOS DE MINAS;Acumulo de água sobre o pavimento;Saída de leito carroçável;Com Vítimas Feridas;Pleno dia;Crescente;Chuva;Simples;Curva;Não;2;0;1;0;0;1;1;2;-18,6447;-46,50047;SPRF-MG;DEL10-MG;UOP01-DEL10-MG
720628;24/09/2025;quarta-feira;08:00:00;PR;153;499;GENERAL CARNEIRO;Pista esburacada;Tombamento;Sem Vítimas;Pleno dia;Decrescente;Céu Claro;Simples;"Curva;Ponte";Não;1;0;0;0;1;0;0;1;-26,44352481;-51,31988525;SPRF-PR;DEL02-PR;UOP03-DEL02-PR
720629;24/09/2025;quarta-feira;13:39:00;GO;40;2;VALPARAISO DE GOIAS;Velocidade Incompatível;Engavetamento;Com Vítimas Feridas;Pleno dia;Crescente;Céu Claro;Dupla;Reta;Sim;6;0;1;0;4;1;1;5;-16,07209515;-47,98529774;SPRF-DF;DEL01-DF;UOP01-DEL01-DF
720630;24/09/2025;quarta-feira;13:05:00;MT;163;954;MATUPA;Ultrapassagem Indevida;Colisão frontal;Com Vítimas Feridas;Pleno dia;Decrescente;Céu Claro;Simples;"Reta;Aclive";Não;2;0;0;1;1;0;1;2;-10,06697279;-54,90661293;SPRF-MT;DEL06-MT;UOP02-DEL06-MT
720636;24/09/2025;quarta-feira;15:00:00;MG;262;408;IGARATINGA;Ausência de reação do condutor;Colisão traseira;Com Vítimas Fatais;Pleno dia;Crescente;Sol;Dupla;Reta;Não;4;1;0;1;1;1;1;3;-19,89250041;-44,7064999;SPRF-MG;DEL08-MG;UOP03-DEL08-MG
720639;24/09/2025;quarta-feira;15:10:00;PB;101;82;JOAO PESSOA;Reação tardia ou ineficiente do condutor;Colisão com objeto;Sem Vítimas;Pleno dia;Decrescente;Céu Claro;Dupla;"Reta;Declive";Não;2;0;0;0;1;1;0;2;-7,155016;-34,907616;SPRF-PB;DEL01-PB;UOP01-DEL01-PB
720640;24/09/2025;quarta-feira;12:15:00;SP;116;53;LORENA;Entrada inopinada do pedestre;Atropelamento de Pedestre;Com Vítimas Feridas;Pleno dia;Decrescente;Nublado;Dupla;Reta;Sim;5;0;0;1;1;3;1;3;-22,75022369;-45,10404679;SPRF-SP;DEL08-SP;UOP02-DEL08-SP
720641;24/09/2025;quarta-feira;14:50:00;SC;101;211,3;PALHOCA;Manobra de mudança de faixa;Colisão lateral mesmo sentido;Com Vítimas Feridas;Pleno dia;Crescente;Nublado;Múltipla;Reta;Sim;2;0;0;1;1;0;1;2;-27,625387;-48,654477;SPRF-SC;DEL01-SC;UOP02-DEL01-SC
720642;24/09/2025;quarta-feira;15:05:00;DF;70;2;BRASILIA;Chuva;Saída de leito carroçável;Com Vítimas Feridas;Pleno dia;Decrescente;Chuva;Dupla;Reta;Sim;1;0;0;1;0;0;1;1;-15,80228428;-48,08319616;SPRF-DF;DEL03-DF;UOP02-DEL03-DF
720646;24/09/2025;quarta-feira;11:30:00;MT;163;612;NOVA MUTUM;Conversão proibida;Colisão transversal;Sem Vítimas;Pleno dia;Crescente;Céu Claro;Dupla;Em Obras;Não;3;0;0;0;2;3;0;5;-13,70959132;-56,04174686;SPRF-MT;DEL01-MT;UOP01-DEL01-MT
720647;24/09/2025;quarta-feira;16:20:00;GO;60;101;ANAPOLIS;Acessar a via sem observar a presença dos outros veículos;Colisão traseira;Com Vítimas Feridas;Pleno dia;Crescente;Céu Claro;Dupla;Reta;Sim;2;0;1;0;0;1;1;2;-16,40162;-48,97333;SPRF-GO;DEL02-GO;UOP01-DEL02-GO
720649;24/09/2025;quarta-feira;16:20:00;RS;386;27,7;FREDERICO WESTPHALEN;Acesso irregular;Colisão transversal;Com Vítimas Feridas;Pleno dia;Crescente;Sol;Simples;Curva;Sim;5;0;0;1;2;4;1;7;-27,30918624;-53,3780937;SPRF-RS;DEL08-RS;UOP02-DEL08-RS
720650;24/09/2025;quarta-feira;14:40:00;SC;280;179,5;FLORIANOPOLIS;Conversão proibida;Colisão transversal;Com Vítimas Feridas;Pleno dia;Crescente;Céu Claro;Simples;Reta;Não;2;0;1;0;1;0;1;2;-27,5939328;-48,5588992;SPRF-SC;DEL06-SC;UOP01-DEL06-SC
720652;24/09/2025;quarta-feira;14:35:00;PR;277;134,7;BALSA NOVA;Restrição de visibilidade em curvas verticais;Saída de leito carroçável;Com Vítimas Feridas;Pleno dia;Decrescente;Céu Claro;Simples;Curva;Não;2;0;1;0;0;2;1;3;-25,469895;-49,61303473;SPRF-PR;DEL03-PR;UOP03-DEL03-PR
720653;24/09/2025;quarta-feira;15:30:00;PR;277;306;PRUDENTOPOLIS;Ausência de reação do condutor;Colisão traseira;Com Vítimas Feridas;Pleno dia;Decrescente;Céu Claro;Simples;"Viaduto;Curva;Declive";Não;3;0;0;1;1;1;1;3;-25,32328984;-51,19686413;SPRF-PR;DEL08-PR;UOP01-DEL08-PR
720655;24/09/2025;quarta-feira;15:50:00;MG;262;861,9;CONCEICAO DAS ALAGOAS;Ausência de reação do condutor;Colisão traseira;Com Vítimas Feridas;Pleno dia;Crescente;Sol;Dupla;Reta;Não;3;0;1;0;1;1;1;3;-19,78253434;-48,44799042;SPRF-MG;DEL13-MG;UOP01-DEL13-MG
720657;24/09/2025;quarta-feira;14:30:00;PR;116;102,9;SAO JOSE DOS PINHAIS;Ausência de reação do condutor;Colisão traseira;Com Vítimas Fatais;Pleno dia;Decrescente;Céu Claro;Dupla;Reta;Não;3;1;0;0;2;0;0;3;-25,57009;-49,18778;SPRF-PR;DEL01-PR;UOP07-DEL01-PR
720658;24/09/2025;quarta-feira;15:56:00;TO;153;287;BRASILANDIA DO TOCANTINS;Manobra de mudança de faixa;Colisão lateral mesmo sentido;Sem Vítimas;Pleno dia;Crescente;Céu Claro;Simples;Reta;Não;4;0;0;0;3;1;0;3;-8,42033625;-48,48129094;SPRF-TO;DEL02-TO;UOP02-DEL02-TO
720659;24/09/2025;quarta-feira;16:15:00;ES;101;264;SERRA;Ausência de reação do condutor;Colisão traseira;Com Vítimas Feridas;Pleno dia;Crescente;Nublado;Múltipla;Reta;Sim;3;0;0;1;1;2;1;4;-20,17761881;-40,26561141;SPRF-ES;DEL02-ES;UOP01-DEL02-ES
720663;24/09/2025;quarta-feira;16:50:00;PR;376;492;PONTA GROSSA;Ausência de reação do condutor;Colisão traseira;Sem Vítimas;Pleno dia;Decrescente;Céu Claro;Dupla;"Reta;Aclive";Não;3;0;0;0;2;1;0;2;-25,1449172;-50,1535314;SPRF-PR;DEL03-PR;UOP04-DEL03-PR
720666;24/09/2025;quarta-feira;16:45:00;RJ;40;122;DUQUE DE CAXIAS;Manobra de mudança de faixa;Colisão lateral mesmo sentido;Com Vítimas Feridas;Pleno dia;Decrescente;Chuva;Múltipla;Reta;Sim;3;0;1;0;2;0;1;3;-22,79728531;-43,28922093;SPRF-RJ;DEL01-RJ;UOP02-DEL01-RJ
720667;24/09/2025;quarta-feira;11:40:00;SP;116;44,2;CANAS;Ausência de reação do condutor;Engavetamento;Com Vítimas Feridas;Pleno dia;Decrescente;Nublado;Dupla;Reta;Não;4;0;1;0;3;0;1;3;-22,70095455;-45,03508768;SPRF-SP;DEL08-SP;UOP02-DEL08-SP
720670;24/09/2025;quarta-feira;14:50:00;MG;381;156,5;GOVERNADOR VALADARES;Reação tardia ou ineficiente do condutor;Colisão lateral sentido oposto;Com Vítimas Feridas;Pleno dia;Decrescente;Céu Claro;Simples;Curva;Não;2;0;1;0;0;1;1;2;-18,92466767;-42,02013767;SPRF-MG;DEL06-MG;UOP01-DEL06-MG
720673;24/09/2025;quarta-feira;18:10:00;SP;116;369;MIRACATU;Mal súbito do condutor;Saída de leito carroçável;Com Vítimas Fatais;Plena Noite;Crescente;Ignorado;Dupla;Reta;Sim;2;1;0;0;0;1;0;2;-24,15211452;-47,32299042;SPRF-SP;DEL04-SP;UOP02-DEL04-SP
720678;24/09/2025;quarta-feira;13:52:00;SC;280;98;SAO BENTO DO SUL;Ausência de reação do condutor;Colisão traseira;Com Vítimas Feridas;Pleno dia;Decrescente;Céu Claro;Simples;Reta;Não;4;0;1;0;2;3;1;5;-26,375443;-49,325633;SPRF-SC;DEL06-SC;UOP03-DEL06-SC
720680;24/09/2025;quarta-feira;18:45:00;MG;262;786,9;UBERABA;Acessar a via sem observar a presença dos outros veículos;Colisão transversal;Com Vítimas Feridas;Anoitecer;Decrescente;Céu Claro;Dupla;Interseção de Vias;Sim;2;0;0;1;0;1;1;2;-19,772825;-47,913864;SPRF-MG;DEL13-MG;UOP01-DEL13-MG
720687;24/09/2025;quarta-feira;19:30:00;MG;381;431,4;SABARA;Acessar a via sem observar a presença dos outros veículos;Colisão transversal;Com Vítimas Fatais;Plena Noite;Crescente;Nublado;Simples;"Declive;Curva";Não;4;1;1;0;0;2;1;4;-19,800056;-43,749468;SPRF-MG;DEL01-MG;UOP01-DEL01-MG
720689;24/09/2025;quarta-feira;17:30:00;MA;402;13;ROSARIO;Demais falhas mecânicas ou elétricas;Incêndio;Sem Vítimas;Plena Noite;Crescente;Céu Claro;Simples;Reta;Não;2;0;0;0;2;0;0;1;-2,9482;-44,21472;SPRF-MA;DEL01-MA;UOP01-DEL01-MA
720690;13/09/2025;sábado;21:15:00;BA;242;621;MUQUEM DE SAO FRANCISCO;Demais falhas mecânicas ou elétricas;Incêndio;Sem Vítimas;Pleno dia;Crescente;Ignorado;Simples;"Aclive;Interseção de Vias;Retorno Regulamentado;Reta";Não;2;0;0;0;1;2;0;3;-12,13174353;-43,33794806;SPRF-BA;DEL10-BA;UOP01-DEL10-BA
720695;24/09/2025;quarta-feira;09:45:00;MA;226;447;GRAJAU;Acostamento em desnível;Tombamento;Com Vítimas Feridas;Pleno dia;Crescente;Céu Claro;Simples;"Reta;Declive";Não;4;0;3;0;0;1;3;2;-5,93726;-46,37274;SPRF-MA;DEL04-MA;UOP02-DEL04-MA
720697;24/09/2025;quarta-feira;19:50:00;SP;381;78;SAO PAULO;Acesso irregular;Atropelamento de Pedestre;Com Vítimas Fatais;Plena Noite;Decrescente;Nublado;Múltipla;Aclive;Não;2;1;0;0;0;1;0;2;-23,39554501;-46,57271552;SPRF-SP;DEL03-SP;UOP01-DEL03-SP
720699;24/09/2025;quarta-feira;18:10:00;BA;407;89,5;JAGUARARI;Transitar na contramão;Colisão frontal;Com Vítimas Feridas;Plena Noite;Crescente;Céu Claro;Simples;Reta;Não;3;0;1;1;1;0;2;2;-10,1848785;-40,2192957;SPRF-BA;DEL04-BA;UOP01-DEL04-BA
720700;24/09/2025;quarta-feira;18:00:00;MT;364;342;SANTO ANTONIO DO LEVERGER;Reação tardia ou ineficiente do condutor;Saída de leito carroçável;Com Vítimas Feridas;Plena Noite;Crescente;Chuva;Dupla;"Curva;Declive";Não;1;0;1;0;0;0;1;1;-15,81896126;-55,52764943;SPRF-MT;DEL05-MT;UOP02-DEL05-MT
720701;24/09/2025;quarta-feira;18:30:00;MG;153;58,1;MONTE ALEGRE DE MINAS;Manobra de mudança de faixa;Queda de ocupante de veículo;Com Vítimas Feridas;Plena Noite;Decrescente;Céu Claro;Dupla;"Reta;Declive;Interseção de Vias";Não;3;0;1;0;1;1;1;3;-18,87925388;-49,05639119;SPRF-MG;DEL15-MG;UOP03-DEL15-MG
720702;24/09/2025;quarta-feira;18:15:00;RJ;116;224;PARACAMBI;Carga excessiva e/ou mal acondicionada;Tombamento;Com Vítimas Feridas;Plena Noite;Decrescente;Nublado;Dupla;Curva;Não;2;0;1;0;1;0;1;1;-22,68516232;-43,81366499;SPRF-RJ;DEL06-RJ;UOP02-DEL06-RJ
720708;24/09/2025;quarta-feira;17:15:00;PA;222;214;BOM JESUS DO TOCANTINS;Reação tardia ou ineficiente do condutor;Colisão lateral mesmo sentido;Com Vítimas Feridas;Anoitecer;Decrescente;Céu Claro;Simples;"Declive;Reta";Não;3;0;1;0;1;1;1;3;-5,169574;-48,949407;SPRF-PA;DEL03-PA;UOP01-DEL03-PA
720714;14/09/2025;domingo;20:00:00;MT;163;970;TERRA NOVA DO NORTE;Problema com o freio;Capotamento;Com Vítimas Fatais;Plena Noite;Crescente;Céu Claro;Simples;"Curva;Declive";Não;6;1;3;0;1;2;3;5;-10,72874;-55,13286;SPRF-MT;DEL06-MT;UOP03-DEL06-MT