id;data_inversa;dia_semana;horario;uf;br;km;municipio;causa_acidente;tipo_acidente;classificacao_acidente;fase_dia;sentido_via;condicao_metereologica;tipo_pista;tracado_via;uso_solo;pessoas;mortos;feridos_leves;feridos_graves;ilesos;ignorados;feridos;veiculos;latitude;longitude;regional;delegacia;uop
720717;24/09/2025;quarta-feira;23:00:00;RJ;101;46;CAMPOS DOS GOYTACAZES;Transitar na contramão;Colisão frontal;Com Vítimas Feridas;Plena Noite;Decrescente;Chuva;Simples;Reta;Não;3;0;1;0;1;1;1;3;-21,6045333;-41,3169563;SPRF-RJ;DEL08-RJ;UOP01-DEL08-RJ
720718;24/09/2025;quarta-feira;19:40:00;RR;401;27;CANTA;Demais falhas mecânicas ou elétricas;Colisão com objeto;Com Vítimas Feridas;Plena Noite;Decrescente;Céu Claro;Simples;Reta;Não;3;0;1;0;1;2;1;4;2,83170872;-60,58767468;SPRF-RR;DEL01-RR;UOP01-DEL01-RR
720725;25/09/2025;quinta-feira;00:50:00;TO;153;333;GUARAI;Acessar a via sem observar a presença dos outros veículos;Colisão transversal;Com Vítimas Feridas;Plena Noite;Decrescente;Céu Claro;Dupla;"Reta;Interseção de Vias";Sim;2;0;0;1;1;0;1;2;-8,82915;-48,51215;SPRF-TO;DEL02-TO;UOP02-DEL02-TO
720730;25/09/2025;quinta-feira;03:12:00;SC;101;60,3;ARAQUARI;Reação tardia ou ineficiente do condutor;Tombamento;Com Vítimas Fatais;Plena Noite;Crescente;Chuva;Dupla;Curva;Não;5;1;1;0;2;1;1;4;-26,452848;-48,782458;SPRF-SC;DEL03-SC;UOP02-DEL03-SC
720731;25/09/2025;quinta-feira;04:15:00;MG;153;7,9;ARAPORA;Suicídio (presumido);Colisão traseira;Com Vítimas Fatais;Plena Noite;Crescente;Céu Claro;Dupla;Reta;Não;3;1;0;0;1;1;0;3;-18,45620455;-49,18786597;SPRF-MG;DEL15-MG;UOP03-DEL15-MG
720732;25/09/2025;quinta-feira;04:45:00;GO;60;91;ANAPOLIS;Pedestre andava na pista;Atropelamento de Pedestre;Com Vítimas Feridas;Amanhecer;Crescente;Céu Claro;Dupla;Reta;Não;2;0;0;1;1;0;1;2;-16,34466014;-48,90408158;SPRF-GO;DEL02-GO;UOP01-DEL02-GO
720735;25/09/2025;quinta-feira;02:50:00;GO;153;358,3;JARAGUA;Condutor Dormindo;Colisão frontal;Com Vítimas Fatais;Plena Noite;Crescente;Céu Claro;Simples;"Reta;Aclive";Sim;2;1;0;0;1;0;0;2;-15,75053502;-49,31681067;SPRF-GO;DEL02-GO;UOP02-DEL02-GO
720736;24/09/2025;quarta-feira;17:05:00;PR;153;507;GENERAL CARNEIRO;Pista esburacada;Colisão lateral sentido oposto;Com Vítimas Feridas;Pleno dia;Crescente;Céu Claro;Simples;Reta;Não;4;0;1;0;2;2;1;5;-26,44618049;-51,32035293;SPRF-PR;DEL02-PR;UOP03-DEL02-PR
720737;24/09/2025;quarta-feira;23:05:00;CE;222;98,5;UMIRIM;Condutor deixou de manter distância do veículo da frente;Colisão traseira;Com Vítimas Feridas;Plena Noite;Crescente;Céu Claro;Simples;Reta;Não;3;0;0;1;1;1;1;3;-3,70906899;-39,39285278;SPRF-CE;DEL04-CE;UOP03-DEL04-CE
720746;25/09/2025;quinta-feira;06:50:00;MG;381;852;POUSO ALEGRE;Velocidade Incompatível;Colisão traseira;Com Vítimas Feridas;Pleno dia;Crescente;Céu Claro;Dupla;"Reta;Aclive";Não;3;0;1;0;1;1;1;3;-22,25215554;-45,88783264;SPRF-MG;DEL16-MG;UOP01-DEL16-MG
720762;25/09/2025;quinta-feira;07:00:00;PR;476;277;SAO MATEUS DO SUL;Ultrapassagem Indevida;Colisão frontal;Com Vítimas Feridas;Pleno dia;Decrescente;Céu Claro;Simples;Reta;Sim;5;0;0;3;1;1;3;3;-25,87967783;-50,42803252;SPRF-PR;DEL02-PR;UOP03-DEL02-PR
720768;25/09/2025;quinta-feira;03:30:00;CE;116;351;ICO;Ausência de reação do condutor;Colisão traseira;Com Vítimas Feridas;Amanhecer;Crescente;Céu Claro;Simples;Reta;Não;2;0;1;0;1;0;1;2;-6,46216841;-38,8557183;SPRF-CE;DEL05-CE;UOP02-DEL05-CE
720771;25/09/2025;quinta-feira;09:00:00;BA;101;920;NOVA VICOSA;Demais falhas mecânicas ou elétricas;Incêndio;Sem Vítimas;Pleno dia;Crescente;Céu Claro;Simples;"Aclive;Reta";Sim;2;0;0;0;1;1;0;2;-17,88931505;-39,81685638;SPRF-BA;DEL09-BA;UOP02-DEL09-BA
720778;25/09/2025;quinta-feira;09:10:00;RJ;116;142;DUQUE DE CAXIAS;Acessar a via sem observar a presença dos outros veículos;Colisão lateral mesmo sentido;Com Vítimas Feridas;Pleno dia;Crescente;Céu Claro;Dupla;Reta;Não;4;0;1;1;1;2;2;4;-22,64798792;-43,22864174;SPRF-RJ;DEL01-RJ;UOP02-DEL01-RJ
720782;25/09/2025;quinta-feira;10:20:00;MG;381;479,9;CONTAGEM;Manobra de mudança de faixa;Colisão lateral mesmo sentido;Com Vítimas Feridas;Pleno dia;Crescente;Céu Claro;Dupla;Reta;Sim;4;0;1;0;1;2;1;4;-19,96132928;-44,05112779;SPRF-MG;DEL01-MG;UOP03-DEL01-MG
720784;25/09/2025;quinta-feira;10:40:00;MG;381;394;BOM JESUS DO AMPARO;Velocidade Incompatível;Tombamento;Com Vítimas Fatais;Pleno dia;Crescente;Nublado;Dupla;"Curva;Aclive";Não;2;1;0;0;0;1;0;2;-19,748114;-43,492051;SPRF-MG;DEL01-MG;UOP01-DEL01-MG
720786;25/09/2025;quinta-feira;10:00:00;ES;101;31,5;CONCEICAO DA BARRA;Entrada inopinada do pedestre;Atropelamento de Pedestre;Com Vítimas Fatais;Pleno dia;Decrescente;Nublado;Simples;"Aclive;Reta";Não;4;1;0;0;1;3;0;4;-18,42513;-39,935153;SPRF-ES;DEL04-ES;UOP02-DEL04-ES
720788;25/09/2025;quinta-feira;10:00:00;MA;10;319;ACAILANDIA;Acessar a via sem observar a presença dos outros veículos;Colisão transversal;Com Vítimas Feridas;Pleno dia;Crescente;Céu Claro;Dupla;"Rotatória;Interseção de Vias";Sim;3;0;1;0;1;2;1;4;-4,95418516;-47,50346661;SPRF-MA;DEL04-MA;UOP03-DEL04-MA
720790;25/09/2025;quinta-feira;12:00:00;PE;423;95;GARANHUNS;Ausência de reação do condutor;Engavetamento;Sem Vítimas;Pleno dia;Crescente;Céu Claro;Simples;"Reta;Declive";Sim;4;0;0;0;4;0;0;4;-8,87913297;-36,48026061;SPRF-PE;DEL03-PE;UOP01-DEL03-PE
720791;25/09/2025;quinta-feira;07:00:00;MT;364;614;DIAMANTINO;Demais falhas mecânicas ou elétricas;Incêndio;Sem Vítimas;Pleno dia;Decrescente;Céu Claro;Simples;Reta;Não;2;0;0;0;1;1;0;2;-14,421157;-56,305204;SPRF-MT;DEL01-MT;UOP01-DEL01-MT
720796;25/09/2025;quinta-feira;11:35:00;MG;365;495;PATROCINIO;Reação tardia ou ineficiente do condutor;Colisão traseira;Com Vítimas Feridas;Pleno dia;Decrescente;Sol;Simples;Reta;Não;3;0;0;1;1;3;1;5;-18,911;-47,188;SPRF-MG;DEL10-MG;UOP01-DEL10-MG
720798;25/09/2025;quinta-feira;12:15:00;SC;282;534,8;CHAPECO;Reação tardia ou ineficiente do condutor;Engavetamento;Com Vítimas Feridas;Pleno dia;Crescente;Céu Claro;Simples;Reta;Sim;5;0;1;0;3;1;1;5;-26,996946;-52,641029;SPRF-SC;DEL07-SC;UOP01-DEL07-SC
720801;25/09/2025;quinta-feira;12:20:00;MT;70;25;BARRA DO GARCAS;Condutor Dormindo;Tombamento;Com Vítimas Feridas;Pleno dia;Crescente;Céu Claro;Simples;Reta;Não;4;0;2;0;1;3;2;4;-15,74955426;-52,59756088;SPRF-MT;DEL07-MT;UOP01-DEL07-MT
720803;25/09/2025;quinta-feira;12:40:00;BA;116;806;VITORIA DA CONQUISTA;Condutor Dormindo;Colisão lateral mesmo sentido;Com Vítimas Feridas;Pleno dia;Decrescente;Céu Claro;Simples;Reta;Não;2;0;1;0;1;0;1;2;-14,7721;-40,7199;SPRF-BA;DEL08-BA;UOP01-DEL08-BA
720804;25/09/2025;quinta-feira;10:00:00;MS;163;564;BANDEIRANTES;Condutor Dormindo;Tombamento;Com Vítimas Feridas;Pleno dia;Crescente;Céu Claro;Simples;"Declive;Reta";Não;2;0;1;0;0;2;1;3;-19,7792567;-54,3639038;SPRF-MS;DEL01-MS;UOP02-DEL01-MS
720806;13/09/2025;sábado;19:10:00;MG;153;134;PRATA;Demais falhas mecânicas ou elétricas;Colisão traseira;Com Vítimas Feridas;Plena Noite;Decrescente;Céu Claro;Simples;"Aclive;Reta";Não;3;0;1;0;1;1;1;3;-19,516289;-48,838184;SPRF-MG;DEL15-MG;UOP03-DEL15-MG
720808;21/09/2025;domingo;14:00:00;MS;163;408,4;SIDROLANDIA;Demais Fenômenos da natureza;Incêndio;Sem Vítimas;Pleno dia;Decrescente;Céu Claro;Simples;Reta;Não;2;0;0;0;1;1;0;2;-21,09452;-54,488764;SPRF-MS;DEL02-MS;UOP01-DEL02-MS
720810;25/09/2025;quinta-feira;14:00:00;SC;282;641,8;SAO MIGUEL DO OESTE;Transitar na contramão;Colisão lateral mesmo sentido;Sem Vítimas;Pleno dia;Crescente;Sol;Simples;Reta;Não;3;0;0;0;2;2;0;4;-26,77219887;-53,46161691;SPRF-SC;DEL07-SC;UOP03-DEL07-SC
720812;25/09/2025;quinta-feira;15:00:00;MG;381;760;CAMPANHA;Ausência de reação do condutor;Colisão traseira;Com Vítimas Feridas;Pleno dia;Decrescente;Céu Claro;Dupla;Reta;Não;5;0;2;0;2;3;2;5;-21,698861;-45,367019;SPRF-MG;DEL16-MG;UOP02-DEL16-MG
720813;25/09/2025;quinta-feira;12:10:00;MS;376;42;VICENTINA;Acessar a via sem observar a presença dos outros veículos;Colisão transversal;Com Vítimas Feridas;Pleno dia;Crescente;Céu Claro;Simples;"Reta;Interseção de Vias";Não;8;0;6;0;2;0;6;2;-22,426297;-54,390803;SPRF-MS;DEL04-MS;UOP01-DEL04-MS
720815;25/09/2025;quinta-feira;06:00:00;MT;364;133;PEDRA PRETA;Demais falhas na via;Saída de leito carroçável;Com Vítimas Feridas;Amanhecer;Crescente;Céu Claro;Simples;Curva;Não;2;0;0;1;0;1;1;2;-16,6111899;-54,46609497;SPRF-MT;DEL02-MT;UOP01-DEL02-MT
720816;25/09/2025;quinta-feira;14:20:00;SP;116;154;SAO JOSE DOS CAMPOS;Frear bruscamente;Colisão traseira;Com Vítimas Feridas;Pleno dia;Decrescente;Céu Claro;Dupla;"Reta;Em Obras";Sim;6;0;4;0;1;1;4;4;-23,238033;-45,919503;SPRF-SP;DEL02-SP;UOP01-DEL02-SP
720823;25/09/2025;quinta-feira;15:50:00;PR;277;635;CEU AZUL;Acessar a via sem observar a presença dos outros veículos;Colisão transversal;Com Vítimas Feridas;Pleno dia;Decrescente;Céu Claro;Simples;"Reta;Aclive";Sim;3;0;1;0;1;1;1;3;-25,1435349;-53,8360943;SPRF-PR;DEL05-PR;UOP02-DEL05-PR
720825;25/09/2025;quinta-feira;10:30:00;BA;324;5;FEIRA DE SANTANA;Manobra de mudança de faixa;Colisão lateral mesmo sentido;Com Vítimas Feridas;Pleno dia;Decrescente;Céu Claro;Dupla;Curva;Sim;3;0;2;0;0;1;2;2;-12,28093;-38,97777;SPRF-BA;DEL02-BA;UOP01-DEL02-BA
720830;25/09/2025;quinta-feira;16:45:00;SE;101;104;SAO CRISTOVAO;Condutor deixou de manter distância do veículo da frente;Colisão traseira;Sem Vítimas;Pleno dia;Crescente;Nublado;Dupla;Reta;Não;3;0;0;0;2;1;0;3;-10,95806;-37,23332;SPRF-SE;DEL02-SE;UOP01-DEL02-SE
720835;25/09/2025;quinta-feira;14:15:00;MG;116;108,2;ITAOBIM;Transitar na contramão;Colisão transversal;Com Vítimas Fatais;Pleno dia;Crescente;Sol;Simples;Reta;Não;4;2;1;0;0;1;1;3;-16,497927;-41,509555;SPRF-MG;DEL11-MG;UOP02-DEL11-MG
720837;25/09/2025;quinta-feira;17:35:00;BA;116;674;JEQUIE;Suicídio (presumido);Atropelamento de Pedestre;Com Vítimas Fatais;Pleno dia;Crescente;Nublado;Simples;"Interseção de Vias;Curva";Sim;4;1;0;0;0;3;0;3;-13,869924;-40,112552;SPRF-BA;DEL03-BA;UOP01-DEL03-BA
720841;25/09/2025;quinta-feira;17:00:00;ES;101;292,7;CARIACICA;Ausência de reação do condutor;Colisão lateral mesmo sentido;Com Vítimas Feridas;Pleno dia;Crescente;Nublado;Múltipla;Reta;Sim;2;0;0;1;0;1;1;2;-20,31286567;-40,39578438;SPRF-ES;DEL01-ES;UOP01-DEL01-ES
720844;25/09/2025;quinta-feira;12:03:00;PA;10;117;PARAGOMINAS;Demais falhas mecânicas ou elétricas;Colisão lateral sentido oposto;Com Vítimas Feridas;Pleno dia;Decrescente;Céu Claro;Simples;Reta;Não;3;0;0;1;1;1;1;3;-3,416282;-47,451705;SPRF-PA;DEL02-PA;UOP01-DEL02-PA
720848;25/09/2025;quinta-feira;14:44:00;RO;364;292;PRESIDENTE MEDICI;Ultrapassagem Indevida;Colisão lateral mesmo sentido;Com Vítimas Feridas;Pleno dia;Crescente;Sol;Simples;Reta;Não;5;0;2;1;1;1;3;3;-11,311185;-61,885738;SPRF-RO;DEL02-RO;UOP01-DEL02-RO
720850;25/09/2025;quinta-feira;15:50:00;MT;364;357,1;SANTO ANTONIO DO LEVERGER;Reação tardia ou ineficiente do condutor;Saída de leito carroçável;Com Vítimas Fatais;Pleno dia;Crescente;Céu Claro;Dupla;"Declive;Curva";Não;2;1;0;0;0;10;0;11;-15,77808;-55,633273;SPRF-MT;DEL05-MT;UOP02-DEL05-MT
720851;25/09/2025;quinta-feira;18:00:00;SC;101;211,3;PALHOCA;Trafegar com motocicleta (ou similar) entre as faixas;Colisão traseira;Com Vítimas Feridas;Plena Noite;Crescente;Nublado;Múltipla;Reta;Não;3;0;0;1;1;1;1;3;-27,62540127;-48,65469687;SPRF-SC;DEL01-SC;UOP02-DEL01-SC
720852;25/09/2025;quinta-feira;18:00:00;RN;304;43,9;MOSSORO;Manobra de mudança de faixa;Colisão transversal;Com Vítimas Feridas;Plena Noite;Crescente;Céu Claro;Dupla;Reta;Não;2;0;1;0;1;0;1;2;-5,0784833;-37,3330995;SPRF-RN;DEL04-RN;UOP01-DEL04-RN
720862;25/09/2025;quinta-feira;18:20:00;ES;101;168,5;LINHARES;Pedestre cruzava a pista fora da faixa;Atropelamento de Pedestre;Com Vítimas Feridas;Plena Noite;Crescente;Nublado;Simples;Reta;Não;2;0;0;1;1;0;1;2;-19,533991;-40,157091;SPRF-ES;DEL04-ES;UOP01-DEL04-ES
720865;25/09/2025;quinta-feira;18:50:00;RS;470;158,6;NOVA PRATA;Desrespeitar a preferência no cruzamento;Colisão transversal;Com Vítimas Feridas;Plena Noite;Decrescente;Céu Claro;Simples;"Interseção de Vias;Retorno Regulamentado";Sim;2;0;0;1;1;0;1;2;-28,80163263;-51,60978913;SPRF-RS;DEL06-RS;UOP02-DEL06-RS
720868;25/09/2025;quinta-feira;15:00:00;MG;365;43,5;SAO JOAO DA LAGOA;Avarias e/ou desgaste excessivo no pneu;Colisão frontal;Com Vítimas Feridas;Pleno dia;Crescente;Nublado;Simples;Reta;Não;6;0;0;5;0;1;5;4;-16,891569;-44,184417;SPRF-MG;DEL12-MG;UOP01-DEL12-MG
720874;25/09/2025;quinta-feira;18:15:00;SC;101;375,6;ICARA;Ausência de reação do condutor;Colisão lateral mesmo sentido;Com Vítimas Feridas;Anoitecer;Decrescente;Céu Claro;Dupla;Reta;Não;3;0;1;0;1;1;1;3;-28,72252576;-49,2366457;SPRF-SC;DEL02-SC;UOP01-DEL02-SC
720876;25/09/2025;quinta-feira;17:15:00;BA;116;441;FEIRA DE SANTANA;Ausência de reação do condutor;Tombamento;Com Vítimas Feridas;Pleno dia;Crescente;Sol;Dupla;Curva;Não;1;0;1;0;0;0;1;1;-12,35202;-39,093408;SPRF-BA;DEL02-BA;UOP01-DEL02-BA
720886;14/09/2025;domingo;19:38:00;RJ;116;247,1;PIRAI;Pedestre andava na pista;Atropelamento de Animal;Com Vítimas Feridas;Plena Noite;Crescente;Céu Claro;Múltipla;"Aclive;Reta";Não;3;0;1;1;1;0;2;2;-22,60565616;-43,93512933;SPRF-RJ;DEL07-RJ;UOP01-DEL07-RJ
720888;25/09/2025;quinta-feira;17:00:00;MG;116;228;TEOFILO OTONI;Velocidade Incompatível;Saída de leito carroçável;Com Vítimas Feridas;Anoitecer;Crescente;Chuva;Simples;Curva;Não;2;0;0;1;0;1;1;2;-17,477708;-41,494823;SPRF-MG;DEL11-MG;UOP01-DEL11-MG
720892;25/09/2025;quinta-feira;21:15:00;MG;381;432;SABARA;Velocidade Incompatível;Tombamento;Com Vítimas Fatais;Plena Noite;Crescente;Céu Claro;Simples;"Curva;Declive";Não;2;2;0;0;0;0;0;1;-19,799218;-43,760555;SPRF-MG;DEL01-MG;UOP01-DEL01-MG
720896;25/09/2025;quinta-feira;21:20:00;SP;116;445;REGISTRO;Reação tardia ou ineficiente do condutor;Colisão traseira;Com Vítimas Feridas;Plena Noite;Crescente;Céu Claro;Dupla;Reta;Sim;3;0;1;1;0;1;2;3;-24,4998746;-47,84443824;SPRF-SP;DEL05-SP;UOP01-DEL05-SP
720897;25/09/2025;quinta-feira;21:56:00;MG;365;649,4;UBERLANDIA;Condutor Dormindo;Saída de leito carroçável;Com Vítimas Feridas;Plena Noite;Decrescente;Céu Claro;Dupla;Reta;Não;3;0;0;2;0;4;2;6;-18,87063585;-48,5515666;SPRF-MG;DEL15-MG;UOP01-DEL15-MG
720900;25/09/2025;quinta-feira;19:45:00;MG;40;593;OURO PRETO;Velocidade Incompatível;Colisão com objeto;Com Vítimas Feridas;Plena Noite;Decrescente;Chuva;Dupla;"Declive;Curva";Não;1;0;1;0;0;0;1;1;-20,394069;-43,90554;SPRF-MG;DEL05-MG;UOP02-DEL05-MG
720901;25/09/2025;quinta-feira;20:40:00;GO;20;88,7;VILA BOA;Acessar a via sem observar a presença dos outros veículos;Atropelamento de Pedestre;Com Vítimas Fatais;Plena Noite;Crescente;Céu Claro;Simples;Reta;Sim;3;1;0;0;1;1;0;3;-15,0296485;-47,0520709;SPRF-DF;DEL02-DF;UOP02-DEL02-DF
720902;25/09/2025;quinta-feira;20:30:00;RJ;40;89;PETROPOLIS;Demais falhas mecânicas ou elétricas;Saída de leito carroçável;Com Vítimas Fatais;Plena Noite;Crescente;Nublado;Dupla;"Viaduto;Curva;Declive";Não;1;1;0;0;0;0;0;1;-22,55645141;-43,23720781;SPRF-RJ;DEL01-RJ;UOP01-DEL01-RJ
720903;25/09/2025;quinta-feira;22:15:00;PE;101;35,7;ITAPISSUMA;Ausência de reação do condutor;Colisão traseira;Com Vítimas Feridas;Plena Noite;Crescente;Céu Claro;Dupla;Reta;Sim;3;0;1;0;1;1;1;3;-7,7862483;-34,9304817;SPRF-PE;DEL01-PE;UOP02-DEL01-PE
720916;26/09/2025;sexta-feira;01:05:00;BA;116;433;FEIRA DE SANTANA;Condutor Dormindo;Saída de leito carroçável;Com Vítimas Fatais;Plena Noite;Crescente;Ignorado;Dupla;Curva;Não;5;3;1;1;0;0;2;3;-12,302332;-39,04073;SPRF-BA;DEL02-BA;UOP01-DEL02-BA
720920;25/09/2025;quinta-feira;22:00:00;MG;381;708,8;NEPOMUCENO;Ausência de reação do condutor;Colisão traseira;Com Vítimas Feridas;Plena Noite;Crescente;Céu Claro;Dupla;Reta;Não;2;0;1;0;1;0;1;2;-21,34359182;-45,17609458;SPRF-MG;DEL04-MG;UOP02-DEL04-MG
720921;26/09/2025;sexta-feira;04:10:00;MG;50;72;UBERLANDIA;Ausência de reação do condutor;Colisão lateral mesmo sentido;Com Vítimas Feridas;Plena Noite;Crescente;Céu Claro;Dupla;Reta;Sim;3;0;2;0;0;1;2;2;-18,90118536;-48,23884284;SPRF-MG;DEL15-MG;UOP01-DEL15-MG
720922;09/09/2025;terça-feira;15:20:00;CE;116;79,7;CASCAVEL;Reação tardia ou ineficiente do condutor;Colisão frontal;Com Vítimas Fatais;Pleno dia;Crescente;Céu Claro;Simples;Reta;Não;3;1;0;0;1;1;0;3;-4,3978243;-38,4249123;SPRF-CE;DEL01-CE;UOP04-DEL01-CE
720923;26/09/2025;sexta-feira;03:30:00;MG;50;178;UBERABA;Ausência de reação do condutor;Colisão com objeto;Com Vítimas Feridas;Plena Noite;Decrescente;Céu Claro;Dupla;"Declive;Reta";Sim;2;0;1;0;0;1;1;2;-19,77856;-47,93463;SPRF-MG;DEL13-MG;UOP01-DEL13-MG
720925;26/09/2025;sexta-feira;05:30:00;ES;101;150,8;LINHARES;Condutor deixou de manter distância do veículo da frente;Colisão traseira;Com Vítimas Feridas;Amanhecer;Crescente;Nublado;Simples;"Interseção de Vias;Declive;Curva";Sim;8;0;5;0;2;1;5;3;-19,40713843;-40,06399202;SPRF-ES;DEL04-ES;UOP01-DEL04-ES
720928;26/09/2025;sexta-feira;04:15:00;MG;116;329,8;CAMPANARIO;Demais falhas mecânicas ou elétricas;Incêndio;Sem Vítimas;Amanhecer;Crescente;Nublado;Simples;Reta;Sim;1;0;0;0;1;0;0;1;-18,2377048;-41,7286147;SPRF-MG;DEL11-MG;UOP01-DEL11-MG
720934;26/09/2025;sexta-feira;06:05:00;CE;20;395;CAUCAIA;Ultrapassagem Indevida;Colisão frontal;Com Vítimas Fatais;Pleno dia;Decrescente;Céu Claro;Simples;Reta;Não;3;1;0;0;1;1;0;3;-3,824375;-38,74854;SPRF-CE;DEL01-CE;UOP01-DEL01-CE
720935;25/09/2025;quinta-feira;19:00:00;BA;116;248;QUIJINGUE;Demais falhas na via;Tombamento;Com Vítimas Feridas;Plena Noite;Decrescente;Céu Claro;Simples;Declive;Não;2;0;1;0;0;1;1;2;-10,763912;-38,900024;SPRF-BA;DEL07-BA;UOP02-DEL07-BA
720938;26/09/2025;sexta-feira;05:00:00;PI;343;250,2;CAMPO MAIOR;Problema na suspensão;Tombamento;Com Vítimas Feridas;Plena Noite;Crescente;Céu Claro;Simples;Curva;Não;1;0;1;0;0;0;1;1;-4,84821087;-42,19237804;SPRF-PI;DEL01-PI;UOP03-DEL01-PI
720940;25/09/2025;quinta-feira;21:50:00;MG;381;342;JOAO MONLEVADE;Problema com o freio;Tombamento;Com Vítimas Feridas;Plena Noite;Decrescente;Céu Claro;Simples;"Declive;Curva";Não;2;0;2;0;0;0;2;1;-19,86092;-43,11732;SPRF-MG;DEL03-MG;UOP01-DEL03-MG
720941;26/09/2025;sexta-feira;01:31:00;PA;10;134;PARAGOMINAS;Reação tardia ou ineficiente do condutor;Colisão frontal;Com Vítimas Fatais;Plena Noite;Decrescente;Céu Claro;Simples;Reta;Não;3;1;0;1;0;2;1;4;-3,26784502;-47,47107625;SPRF-PA;DEL02-PA;UOP01-DEL02-PA
720947;26/09/2025;sexta-feira;07:50:00;SP;116;490;CAJATI;Ausência de reação do condutor;Colisão traseira;Com Vítimas Feridas;Pleno dia;Decrescente;Nublado;Dupla;Curva;Não;3;0;1;0;1;1;1;3;-24,7371653;-48,12131882;SPRF-SP;DEL05-SP;UOP01-DEL05-SP
720951;26/09/2025;sexta-feira;08:05:00;PR;163;276,2;QUATRO PONTES;Manobra de mudança de faixa;Colisão transversal;Com Vítimas Feridas;Pleno dia;Decrescente;Céu Claro;Dupla;Reta;Não;3;0;1;0;2;0;1;2;-24,575784;-53,994541;SPRF-PR;DEL06-PR;UOP02-DEL06-PR
720954;26/09/2025;sexta-feira;08:50:00;SC;101;137;ITAPEMA;Ausência de reação do condutor;Colisão lateral mesmo sentido;Com Vítimas Feridas;Pleno dia;Decrescente;Céu Claro;Dupla;Reta;Não;3;0;1;0;1;1;1;3;-27,06576039;-48,59581889;SPRF-SC;DEL04-SC;UOP03-DEL04-SC
720960;26/09/2025;sexta-feira;04:05:00;SE;101;96,7;SAO CRISTOVAO;Reação tardia ou ineficiente do condutor;Saída de leito carroçável;Sem Vítimas;Amanhecer;Decrescente;Céu Claro;Dupla;Reta;Não;2;0;0;0;2;0;0;1;-10,92934003;-37,18386825;SPRF-SE;DEL02-SE;UOP01-DEL02-SE
720963;26/09/2025;sexta-feira;09:50:00;PR;376;678;GUARATUBA;Reação tardia ou ineficiente do condutor;Colisão traseira;Com Vítimas Feridas;Pleno dia;Crescente;Chuva;Dupla;"Declive;Reta";Não;4;0;1;1;1;1;2;4;-25,950953;-48,904698;SPRF-PR;DEL01-PR;UOP04-DEL01-PR
720965;24/09/2025;quarta-feira;11:25:00;MG;251;211;AGUAS VERMELHAS;Ultrapassagem Indevida;Colisão transversal;Sem Vítimas;Pleno dia;Crescente;Céu Claro;Simples;Curva;Não;4;0;0;0;3;2;0;5;-15,90414274;-41,53880306;SPRF-MG;DEL12-MG;UOP02-DEL12-MG
720967;26/09/2025;sexta-feira;02:10:00;BA;242;335;LENCOIS;Reação tardia ou ineficiente do condutor;Tombamento;Com Vítimas Feridas;Plena Noite;Crescente;Céu Claro;Simples;Curva;Não;2;0;1;0;0;2;1;3;-12,50322318;-41,23216152;SPRF-BA;DEL06-BA;UOP02-DEL06-BA
720971;26/09/2025;sexta-feira;08:50:00;RJ;116;328;ITATIAIA;Ausência de reação do condutor;Colisão traseira;Com Vítimas Feridas;Pleno dia;Decrescente;Nublado;Dupla;"Reta;Aclive";Não;5;0;2;0;2;1;2;4;-22,504753;-44,604346;SPRF-RJ;DEL07-RJ;UOP02-DEL07-RJ
720972;26/09/2025;sexta-feira;07:50:00;RS;285;600;SANTO ANTONIO DAS MISSOES;Acessar a via sem observar a presença dos outros veículos;Colisão lateral mesmo sentido;Sem Vítimas;Pleno dia;Decrescente;Céu Claro;Simples;Reta;Não;4;0;0;0;3;1;0;3;-28,4890656;-55,2500066;SPRF-RS;DEL12-RS;UOP01-DEL12-RS
720973;26/09/2025;sexta-feira;10:20:00;ES;101;302,6;VIANA;Manobra de mudança de faixa;Colisão lateral mesmo sentido;Com Vítimas Feridas;Pleno dia;Crescente;Nublado;Dupla;Reta;Sim;4;0;2;0;1;1;2;3;-20,373942;-40,442633;SPRF-ES;DEL01-ES;UOP01-DEL01-ES
720976;26/09/2025;sexta-feira;10:20:00;SP;116;313;SAO LOURENCO DA SERRA;Manobra de mudança de faixa;Colisão lateral mesmo sentido;Com Vítimas Feridas;Pleno dia;Crescente;Céu Claro;Dupla;Reta;Não;5;0;1;2;1;1;3;3;-23,88782;-46,978723;SPRF-SP;DEL04-SP;UOP01-DEL04-SP
720980;26/09/2025;sexta-feira;10:00:00;MG;40;440;PARAOPEBA;Velocidade Incompatível;Colisão traseira;Com Vítimas Feridas;Pleno dia;Crescente;Céu Claro;Dupla;"Reta;Declive";Não;3;0;1;0;1;1;1;3;-19,258396;-44,422042;SPRF-MG;DEL02-MG;UOP01-DEL02-MG
720982;26/09/2025;sexta-feira;11:00:00;DF;20;17;BRASILIA;Estacionar ou parar em local proibido;Colisão traseira;Com Vítimas Feridas;Pleno dia;Decrescente;Sol;Dupla;Reta;Sim;3;0;0;1;1;1;1;3;-15,62240999;-47,71531106;SPRF-DF;DEL02-DF;UOP01-DEL02-DF
720983;26/09/2025;sexta-feira;11:15:00;PE;428;177,8;PETROLINA;Reação tardia ou ineficiente do condutor;Colisão transversal;Com Vítimas Feridas;Pleno dia;Decrescente;Céu Claro;Simples;Interseção de Vias;Não;2;0;1;0;1;0;1;2;-9,2926825;-40,44602752;SPRF-PE;DEL06-PE;UOP01-DEL06-PE