id;data_inversa;dia_semana;horario;uf;br;km;municipio;causa_acidente;tipo_acidente;classificacao_acidente;fase_dia;sentido_via;condicao_metereologica;tipo_pista;tracado_via;uso_solo;pessoas;mortos;feridos_leves;feridos_graves;ilesos;ignorados;feridos;veiculos;latitude;longitude;regional;delegacia;uop
720984;26/09/2025;sexta-feira;11:20:00;SC;116;12,3;MAFRA;Ausência de reação do condutor;Colisão transversal;Sem Vítimas;Pleno dia;Decrescente;Nublado;Simples;Interseção de Vias;Não;3;0;0;0;2;1;0;3;-26,179749;-49,870772;SPRF-SC;DEL06-SC;UOP01-DEL06-SC
720987;26/09/2025;sexta-feira;12:10:00;PR;116;112;CURITIBA;Ausência de reação do condutor;Colisão traseira;Com Vítimas Feridas;Pleno dia;Crescente;Nublado;Dupla;Reta;Sim;4;0;1;0;2;1;1;4;-25,553452;-49,276145;SPRF-PR;DEL01-PR;UOP03-DEL01-PR
720993;26/09/2025;sexta-feira;10:50:00;GO;40;23,4;LUZIANIA;Mal súbito do condutor;Colisão transversal;Com Vítimas Feridas;Pleno dia;Decrescente;Céu Claro;Dupla;Reta;Sim;3;0;1;0;1;1;1;3;-16,23969;-47,91023;SPRF-DF;DEL01-DF;UOP01-DEL01-DF
720994;23/09/2025;terça-feira;18:20:00;PR;369;158;CAMBE;Ausência de reação do condutor;Colisão traseira;Com Vítimas Feridas;Pleno dia;Crescente;Céu Claro;Dupla;Reta;Sim;3;0;1;0;1;1;1;3;-23,28421653;-51,24353584;SPRF-PR;DEL07-PR;UOP01-DEL07-PR
720998;26/09/2025;sexta-feira;11:50:00;MG;365;354;VARJAO DE MINAS;Velocidade Incompatível;Colisão transversal;Com Vítimas Feridas;Pleno dia;Decrescente;Céu Claro;Simples;Interseção de Vias;Não;4;0;3;0;0;2;3;4;-18,42627183;-46,06771007;SPRF-MG;DEL10-MG;UOP01-DEL10-MG
720999;26/09/2025;sexta-feira;13:10:00;PR;376;619;SAO JOSE DOS PINHAIS;Reação tardia ou ineficiente do condutor;Colisão lateral mesmo sentido;Com Vítimas Feridas;Pleno dia;Decrescente;Nublado;Múltipla;Reta;Sim;2;0;1;0;1;0;1;2;-25,607958;-49,174061;SPRF-PR;DEL01-PR;UOP04-DEL01-PR
721001;24/09/2025;quarta-feira;07:00:00;AM;230;314,8;APUI;Demais falhas mecânicas ou elétricas;Saída de leito carroçável;Sem Vítimas;Pleno dia;Crescente;Céu Claro;Simples;Declive;Não;2;0;0;0;1;1;0;2;-7,51759947;-60,66442787;SPRF-AM;DEL02-AM;UOP01-DEL02-AM
721003;26/09/2025;sexta-feira;14:20:00;PR;277;714,8;SANTA TEREZINHA DE ITAIPU;Demais Fenômenos da natureza;Colisão lateral mesmo sentido;Com Vítimas Feridas;Pleno dia;Crescente;Céu Claro;Dupla;Reta;Não;3;0;0;1;2;0;1;3;-25,4679387;-54,4563971;SPRF-PR;DEL05-PR;UOP01-DEL05-PR
721006;26/09/2025;sexta-feira;14:30:00;RS;386;429,7;NOVA SANTA RITA;Mal súbito do condutor;Colisão traseira;Com Vítimas Feridas;Pleno dia;Decrescente;Céu Claro;Simples;Reta;Não;2;0;1;0;1;0;1;2;-29,82798649;-51,32357597;SPRF-RS;DEL04-RS;UOP02-DEL04-RS
721008;26/09/2025;sexta-feira;14:20:00;SC;101;219;PALHOCA;Demais falhas na via;Tombamento;Com Vítimas Feridas;Pleno dia;Decrescente;Céu Claro;Dupla;"Viaduto;Curva;Interseção de Vias";Sim;2;0;1;0;0;1;1;2;-27,68395472;-48,66717752;SPRF-SC;DEL01-SC;UOP02-DEL01-SC
721010;26/09/2025;sexta-feira;14:20:00;SP;116;508;CAJATI;Reação tardia ou ineficiente do condutor;Colisão com objeto;Com Vítimas Feridas;Pleno dia;Decrescente;Céu Claro;Dupla;Curva;Não;2;0;1;0;0;1;1;2;-24,82246615;-48,21469959;SPRF-SP;DEL05-SP;UOP02-DEL05-SP
721011;26/09/2025;sexta-feira;06:45:00;MG;381;673,4;PERDOES;Manobra de mudança de faixa;Colisão lateral mesmo sentido;Com Vítimas Feridas;Pleno dia;Decrescente;Sol;Dupla;Curva;Não;3;0;1;0;1;2;1;4;-21,074143;-45,052817;SPRF-MG;DEL04-MG;UOP02-DEL04-MG
721018;26/09/2025;sexta-feira;13:50:00;MG;40;511;RIBEIRAO DAS NEVES;Velocidade Incompatível;Colisão lateral mesmo sentido;Com Vítimas Feridas;Pleno dia;Decrescente;Céu Claro;Dupla;"Aclive;Reta";Sim;4;0;1;1;2;0;2;3;-19,78473747;-44,11520264;SPRF-MG;DEL01-MG;UOP02-DEL01-MG
721026;26/09/2025;sexta-feira;15:35:00;PE;428;184,6;PETROLINA;Manobra de mudança de faixa;Colisão traseira;Com Vítimas Feridas;Pleno dia;Crescente;Sol;Dupla;"Retorno Regulamentado;Reta";Sim;2;0;0;1;1;0;1;2;-9,347889;-40,474418;SPRF-PE;DEL06-PE;UOP01-DEL06-PE
721041;26/09/2025;sexta-feira;17:30:00;SP;116;218;GUARULHOS;Ausência de reação do condutor;Colisão traseira;Com Vítimas Feridas;Anoitecer;Decrescente;Céu Claro;Múltipla;Reta;Sim;2;0;0;1;1;0;1;2;-23,45883716;-46,48212433;SPRF-SP;DEL01-SP;UOP01-DEL01-SP
721043;26/09/2025;sexta-feira;16:55:00;CE;116;193;LIMOEIRO DO NORTE;Conversão proibida;Colisão traseira;Com Vítimas Feridas;Anoitecer;Decrescente;Céu Claro;Simples;"Reta;Ponte";Não;4;0;1;0;3;0;1;2;-5,14516987;-38,15915859;SPRF-CE;DEL03-CE;UOP01-DEL03-CE
721056;26/09/2025;sexta-feira;16:10:00;PR;163;238,1;TOLEDO;Ingestão de álcool pelo condutor;Saída de leito carroçável;Com Vítimas Feridas;Pleno dia;Crescente;Céu Claro;Dupla;"Retorno Regulamentado;Reta;Declive";Não;2;0;1;0;0;3;1;4;-24,7378874;-53,6955607;SPRF-PR;DEL04-PR;UOP01-DEL04-PR
721067;26/09/2025;sexta-feira;19:20:00;GO;50;112,5;CRISTALINA;Reação tardia ou ineficiente do condutor;Tombamento;Com Vítimas Feridas;Plena Noite;Crescente;Céu Claro;Dupla;Reta;Não;2;0;1;0;0;1;1;2;-16,8758;-47,67927;SPRF-DF;DEL01-DF;UOP02-DEL01-DF
721071;26/09/2025;sexta-feira;17:58:00;MG;116;279,7;TEOFILO OTONI;Transitar no Acostamento;Colisão frontal;Com Vítimas Fatais;Anoitecer;Decrescente;Nublado;Simples;Curva;Não;3;1;0;0;0;2;0;3;-17,87701144;-41,52111053;SPRF-MG;DEL11-MG;UOP01-DEL11-MG
721078;26/09/2025;sexta-feira;19:00:00;PR;376;159,9;MANDAGUACU;Reação tardia ou ineficiente do condutor;Colisão traseira;Com Vítimas Feridas;Plena Noite;Crescente;Céu Claro;Múltipla;Reta;Não;3;0;0;2;0;1;2;2;-23,365699;-52,080316;SPRF-PR;DEL09-PR;UOP02-DEL09-PR
721085;26/09/2025;sexta-feira;17:00:00;CE;20;396,4;CAUCAIA;Condutor deixou de manter distância do veículo da frente;Engavetamento;Sem Vítimas;Anoitecer;Crescente;Céu Claro;Simples;Reta;Não;3;0;0;0;2;1;0;3;-3,815496;-38,737574;SPRF-CE;DEL01-CE;UOP01-DEL01-CE
721088;26/09/2025;sexta-feira;17:00:00;MS;163;800;SONORA;Ausência de reação do condutor;Colisão lateral mesmo sentido;Com Vítimas Feridas;Pleno dia;Crescente;Céu Claro;Simples;"Reta;Declive";Não;4;0;1;0;2;4;1;7;-17,912012;-54,690421;SPRF-MS;DEL06-MS;UOP01-DEL06-MS
721093;26/09/2025;sexta-feira;18:50:00;PR;376;288;MAUA DA SERRA;Manobra de mudança de faixa;Colisão lateral mesmo sentido;Com Vítimas Feridas;Plena Noite;Decrescente;Nublado;Dupla;Reta;Sim;2;0;1;0;0;1;1;2;-23,894576;-51,227618;SPRF-PR;DEL07-PR;UOP02-DEL07-PR
721098;23/09/2025;terça-feira;11:00:00;MA;135;1;SAO LUIS;Demais falhas mecânicas ou elétricas;Tombamento;Com Vítimas Feridas;Pleno dia;Decrescente;Céu Claro;Dupla;Reta;Sim;1;0;1;0;0;0;1;1;-2,67088248;-44,29826331;SPRF-MA;DEL01-MA;UOP01-DEL01-MA
721108;26/09/2025;sexta-feira;19:30:00;GO;80;120;BARRO ALTO;Acessar a via sem observar a presença dos outros veículos;Colisão transversal;Com Vítimas Feridas;Plena Noite;Decrescente;Céu Claro;Simples;Reta;Não;3;0;1;0;1;2;1;4;-15,0667;-48,872767;SPRF-GO;DEL07-GO;UOP02-DEL07-GO
721111;26/09/2025;sexta-feira;21:35:00;SC;101;56;JOINVILLE;Manobra de mudança de faixa;Colisão traseira;Com Vítimas Feridas;Plena Noite;Crescente;Nublado;Dupla;Reta;Não;2;0;1;0;1;0;1;2;-26,43150668;-48,82520556;SPRF-SC;DEL03-SC;UOP01-DEL03-SC
721115;26/09/2025;sexta-feira;22:45:00;MG;116;788,5;ALEM PARAIBA;Demais falhas mecânicas ou elétricas;Incêndio;Sem Vítimas;Plena Noite;Decrescente;Nublado;Simples;Reta;Não;1;0;0;0;1;0;0;1;-21,66867755;-42,73225451;SPRF-MG;DEL07-MG;UOP01-DEL07-MG
721117;26/09/2025;sexta-feira;23:10:00;BA;116;753,8;POCOES;Condutor deixou de manter distância do veículo da frente;Colisão traseira;Com Vítimas Feridas;Plena Noite;Crescente;Nublado;Simples;Reta;Não;4;0;0;1;2;1;1;3;-14,5012;-40,35438;SPRF-BA;DEL08-BA;UOP02-DEL08-BA
721120;27/09/2025;sábado;01:11:00;SP;116;421;JUQUIA;Reação tardia ou ineficiente do condutor;Saída de leito carroçável;Com Vítimas Feridas;Plena Noite;Crescente;Garoa/Chuvisco;Dupla;Reta;Não;1;0;1;0;0;0;1;1;-24,36016471;-47,68836164;SPRF-SP;DEL05-SP;UOP01-DEL05-SP
721124;27/09/2025;sábado;00:50:00;ES;262;29;DOMINGOS MARTINS;Velocidade Incompatível;Capotamento;Com Vítimas Feridas;Plena Noite;Crescente;Céu Claro;Simples;"Curva;Declive";Não;2;0;1;0;0;1;1;2;-20,37443514;-40,55961541;SPRF-ES;DEL01-ES;UOP01-DEL01-ES
721130;27/09/2025;sábado;02:00:00;RJ;101;203;CASIMIRO DE ABREU;Ingestão de álcool pelo condutor;Colisão traseira;Com Vítimas Feridas;Plena Noite;Decrescente;Céu Claro;Dupla;Reta;Não;6;0;3;0;2;1;3;3;-22,4821248;-42,1658624;SPRF-RJ;DEL08-RJ;UOP04-DEL08-RJ
721133;27/09/2025;sábado;02:15:00;SP;153;125,1;UBARANA;Ausência de reação do condutor;Colisão transversal;Com Vítimas Feridas;Plena Noite;Crescente;Céu Claro;Simples;"Rotatória;Reta";Não;3;0;1;0;1;2;1;4;-21,20917911;-49,73459244;SPRF-SP;DEL09-SP;UOP01-DEL09-SP
721134;27/09/2025;sábado;02:35:00;GO;60;272;JANDAIA;Reação tardia ou ineficiente do condutor;Colisão traseira;Com Vítimas Feridas;Plena Noite;Decrescente;Céu Claro;Dupla;Reta;Não;3;0;0;1;1;6;1;8;-17,211421;-50,154002;SPRF-GO;DEL01-GO;UOP02-DEL01-GO
721138;27/09/2025;sábado;04:35:00;MG;40;457;CAETANOPOLIS;Ausência de reação do condutor;Colisão traseira;Com Vítimas Feridas;Plena Noite;Crescente;Céu Claro;Dupla;"Aclive;Curva";Não;3;0;0;1;0;2;1;3;-19,3699776;-44,3366278;SPRF-MG;DEL02-MG;UOP01-DEL02-MG
721140;27/09/2025;sábado;04:30:00;RJ;393;147;TRES RIOS;Velocidade Incompatível;Tombamento;Com Vítimas Feridas;Pleno dia;Crescente;Céu Claro;Simples;"Curva;Declive";Não;3;0;1;1;0;2;2;4;-22,05644839;-43,02589417;SPRF-RJ;DEL05-RJ;UOP01-DEL05-RJ
721147;27/09/2025;sábado;05:50:00;SP;116;198;ARUJA;Ingestão de álcool pelo condutor;Tombamento;Com Vítimas Feridas;Amanhecer;Crescente;Céu Claro;Dupla;"Reta;Aclive";Não;1;0;1;0;0;0;1;1;-23,399534;-46,301379;SPRF-SP;DEL01-SP;UOP01-DEL01-SP
721152;27/09/2025;sábado;06:20:00;RN;304;293;MACAIBA;Ausência de reação do condutor;Colisão lateral mesmo sentido;Com Vítimas Feridas;Pleno dia;Decrescente;Céu Claro;Dupla;"Reta;Interseção de Vias";Não;2;0;1;0;1;0;1;2;-5,86853474;-35,37727475;SPRF-RN;DEL01-RN;UOP02-DEL01-RN
721153;27/09/2025;sábado;00:15:00;PI;316;297;PICOS;Reação tardia ou ineficiente do condutor;Tombamento;Com Vítimas Feridas;Plena Noite;Crescente;Céu Claro;Simples;"Curva;Declive";Não;2;0;1;0;0;2;1;3;-7,02657;-41,559303;SPRF-PI;DEL04-PI;UOP01-DEL04-PI
721156;27/09/2025;sábado;03:00:00;SC;282;27;SANTO AMARO DA IMPERATRIZ;Transitar na contramão;Colisão frontal;Sem Vítimas;Plena Noite;Crescente;Céu Claro;Simples;Reta;Sim;3;0;0;0;2;1;0;3;-27,67649379;-48,78168806;SPRF-SC;DEL01-SC;UOP03-DEL01-SC
721157;27/09/2025;sábado;03:00:00;CE;222;312,5;TIANGUA;Condutor Dormindo;Colisão com objeto;Sem Vítimas;Plena Noite;Crescente;Céu Claro;Dupla;Reta;Sim;1;0;0;0;1;0;0;1;-3,728;-40,999;SPRF-CE;DEL04-CE;UOP02-DEL04-CE
721161;27/09/2025;sábado;04:24:00;SP;116;346,5;MIRACATU;Condutor Dormindo;Saída de leito carroçável;Com Vítimas Feridas;Amanhecer;Crescente;Nevoeiro/Neblina;Dupla;Curva;Não;2;0;0;1;0;1;1;2;-24,18536067;-47,35923631;SPRF-SP;DEL04-SP;UOP03-DEL04-SP
721162;27/09/2025;sábado;07:00:00;SC;101;214,4;PALHOCA;Manobra de mudança de faixa;Colisão lateral mesmo sentido;Com Vítimas Feridas;Pleno dia;Decrescente;Nublado;Múltipla;Reta;Não;2;0;1;0;1;0;1;2;-27,6475621;-48,67278099;SPRF-SC;DEL01-SC;UOP02-DEL01-SC
721165;27/09/2025;sábado;02:30:00;SC;101;163;TIJUCAS;Ingestão de álcool pelo condutor;Colisão frontal;Com Vítimas Feridas;Plena Noite;Crescente;Céu Claro;Dupla;Interseção de Vias;Não;2;0;0;1;1;0;1;2;-27,232847;-48,630144;SPRF-SC;DEL04-SC;UOP03-DEL04-SC
721167;26/09/2025;sexta-feira;20:30:00;GO;452;28;SANTA HELENA DE GOIAS;Reação tardia ou ineficiente do condutor;Saída de leito carroçável;Com Vítimas Fatais;Plena Noite;Decrescente;Céu Claro;Simples;"Declive;Reta";Não;2;1;0;0;0;2;0;3;-17,893162;-50,658185;SPRF-GO;DEL04-GO;UOP01-DEL04-GO
721168;27/09/2025;sábado;05:00:00;MS;267;13,6;BATAGUASSU;Velocidade Incompatível;Saída de leito carroçável;Sem Vítimas;Amanhecer;Decrescente;Céu Claro;Múltipla;Reta;Sim;2;0;0;0;1;1;0;2;-21,7253996;-52,2677239;SPRF-MS;DEL02-MS;UOP04-DEL02-MS
721170;27/09/2025;sábado;02:39:00;GO;153;344,9;JARAGUA;Ingestão de álcool pelo condutor;Colisão traseira;Com Vítimas Feridas;Plena Noite;Decrescente;Céu Claro;Simples;Reta;Não;2;0;0;1;1;0;1;2;-15,6435119;-49,36986473;SPRF-GO;DEL02-GO;UOP02-DEL02-GO
721180;27/09/2025;sábado;09:00:00;PB;101;89,6;JOAO PESSOA;Reação tardia ou ineficiente do condutor;Colisão lateral mesmo sentido;Sem Vítimas;Pleno dia;Crescente;Sol;Múltipla;Reta;Sim;4;0;0;0;3;1;0;3;-7,176537;-34,899497;SPRF-PB;DEL01-PB;UOP01-DEL01-PB
721181;22/09/2025;segunda-feira;17:30:00;SC;470;138;RIO DO SUL;Condutor deixou de manter distância do veículo da frente;Colisão traseira;Sem Vítimas;Anoitecer;Crescente;Céu Claro;Dupla;Reta;Sim;2;0;0;0;2;0;0;2;-27,20293698;-49,63474838;SPRF-SC;DEL04-SC;UOP02-DEL04-SC
721183;27/09/2025;sábado;08:50:00;MG;365;649;UBERLANDIA;Ausência de reação do condutor;Colisão traseira;Com Vítimas Feridas;Pleno dia;Crescente;Céu Claro;Dupla;Reta;Não;4;0;2;0;1;3;2;5;-18,870396;-48,551992;SPRF-MG;DEL15-MG;UOP01-DEL15-MG
721189;27/09/2025;sábado;09:00:00;MG;262;78,6;MATIPO;Demais falhas mecânicas ou elétricas;Colisão com objeto;Sem Vítimas;Pleno dia;Crescente;Céu Claro;Simples;"Curva;Declive";Não;2;0;0;0;1;1;0;2;-20,335773;-42,360649;SPRF-MG;DEL03-MG;UOP03-DEL03-MG
721193;15/09/2025;segunda-feira;19:00:00;MT;174;115;CACERES;Ultrapassagem Indevida;Eventos atípicos;Com Vítimas Feridas;Plena Noite;Decrescente;Nublado;Simples;Curva;Não;2;0;1;0;0;1;1;2;-15,81277639;-57,97858715;SPRF-MT;DEL03-MT;UOP01-DEL03-MT
721194;27/09/2025;sábado;06:00:00;SE;101;157,3;ESTANCIA;Ultrapassagem Indevida;Colisão com objeto;Com Vítimas Feridas;Pleno dia;Decrescente;Chuva;Simples;"Curva;Declive";Não;1;0;1;0;0;0;1;1;-11,294437;-37,479018;SPRF-SE;DEL02-SE;UOP01-DEL02-SE
721196;27/09/2025;sábado;10:35:00;MG;381;509,1;SAO JOAQUIM DE BICAS;Reação tardia ou ineficiente do condutor;Colisão traseira;Com Vítimas Fatais;Pleno dia;Decrescente;Céu Claro;Dupla;Reta;Não;3;1;0;0;1;1;0;3;-20,04997492;-44,27829266;SPRF-MG;DEL01-MG;UOP03-DEL01-MG
721202;27/09/2025;sábado;11:20:00;GO;40;11,4;LUZIANIA;Acessar a via sem observar a presença dos outros veículos;Colisão lateral mesmo sentido;Com Vítimas Feridas;Pleno dia;Decrescente;Céu Claro;Dupla;"Reta;Retorno Regulamentado";Sim;2;0;1;0;1;0;1;2;-16,14342294;-47,94657826;SPRF-DF;DEL01-DF;UOP01-DEL01-DF
721204;27/09/2025;sábado;08:18:00;PA;230;1110;ITAITUBA;Curva acentuada;Tombamento;Sem Vítimas;Pleno dia;Crescente;Nublado;Dupla;Curva;Não;3;0;0;0;2;5;0;7;-4,394405;-55,89394;SPRF-PA;DEL05-PA;UOP02-DEL05-PA
721218;27/09/2025;sábado;13:00:00;MG;50;106;UBERABA;Reação tardia ou ineficiente do condutor;Colisão traseira;Com Vítimas Fatais;Pleno dia;Decrescente;Céu Claro;Dupla;"Aclive;Reta";Não;3;1;0;0;2;0;0;2;-19,191653;-48,154168;SPRF-MG;DEL13-MG;UOP01-DEL13-MG
721219;27/09/2025;sábado;09:17:00;MG;116;497,2;INHAPIM;Reação tardia ou ineficiente do condutor;Colisão lateral mesmo sentido;Sem Vítimas;Pleno dia;Crescente;Nublado;Simples;Reta;Sim;2;0;0;0;2;0;0;2;-19,540922;-42,126381;SPRF-MG;DEL06-MG;UOP02-DEL06-MG
721223;27/09/2025;sábado;12:40:00;PR;277;30;MORRETES;Demais falhas mecânicas ou elétricas;Incêndio;Sem Vítimas;Pleno dia;Decrescente;Nublado;Dupla;"Reta;Declive";Não;2;0;0;0;1;1;0;2;-25,551803;-48,79765;SPRF-PR;DEL01-PR;UOP05-DEL01-PR
721228;30/08/2025;sábado;09:30:00;SC;101;284;IMBITUBA;Animais na Pista;Colisão com objeto;Com Vítimas Feridas;Pleno dia;Decrescente;Sol;Dupla;Reta;Não;5;0;1;0;3;1;1;5;-28,240139;-48,700098;SPRF-SC;DEL02-SC;UOP03-DEL02-SC
721229;27/09/2025;sábado;10:20:00;MT;70;415,8;CAMPO VERDE;Ultrapassagem Indevida;Colisão frontal;Com Vítimas Feridas;Pleno dia;Crescente;Céu Claro;Simples;Reta;Não;4;0;1;0;2;2;1;4;-15,73045;-55,346722;SPRF-MT;DEL05-MT;UOP02-DEL05-MT
721241;27/09/2025;sábado;13:20:00;SC;282;516,1;XAXIM;Manobra de mudança de faixa;Colisão lateral mesmo sentido;Com Vítimas Feridas;Pleno dia;Crescente;Sol;Simples;Curva;Não;2;0;0;1;1;0;1;2;-26,92938;-52,49958;SPRF-SC;DEL07-SC;UOP01-DEL07-SC
721244;27/09/2025;sábado;13:45:00;MG;40;668,7;CARANDAI;Ausência de reação do condutor;Saída de leito carroçável;Com Vítimas Feridas;Pleno dia;Decrescente;Céu Claro;Simples;Curva;Não;3;0;0;1;1;2;1;4;-20,96150156;-43,78844013;SPRF-MG;DEL05-MG;UOP02-DEL05-MG
721245;27/09/2025;sábado;15:10:00;RS;116;526,5;PELOTAS;Velocidade Incompatível;Tombamento;Com Vítimas Feridas;Pleno dia;Crescente;Nublado;Dupla;"Curva;Aclive";Sim;3;0;2;0;0;2;2;3;-31,74455;-52,40556;SPRF-RS;DEL07-RS;UOP01-DEL07-RS
721249;27/09/2025;sábado;14:50:00;RS;285;484,6;ENTRE-IJUIS;Acumulo de água sobre o pavimento;Colisão frontal;Com Vítimas Fatais;Pleno dia;Decrescente;Chuva;Simples;"Declive;Curva";Não;5;4;0;0;1;0;0;2;-28,372887;-54,144558;SPRF-RS;DEL10-RS;UOP01-DEL10-RS
721261;27/09/2025;sábado;15:15:00;PI;316;293,6;PICOS;Demais falhas mecânicas ou elétricas;Incêndio;Sem Vítimas;Pleno dia;Crescente;Céu Claro;Simples;Reta;Não;2;0;0;0;1;1;0;2;-7,013074;-41,58944;SPRF-PI;DEL04-PI;UOP01-DEL04-PI
721262;27/09/2025;sábado;15:30:00;MG;381;893;CAMBUI;Avarias e/ou desgaste excessivo no pneu;Colisão com objeto;Sem Vítimas;Pleno dia;Crescente;Sol;Dupla;"Declive;Curva";Não;3;0;0;0;2;1;0;3;-22,5679427;-46,0409512;SPRF-MG;DEL16-MG;UOP01-DEL16-MG
721270;27/09/2025;sábado;17:00:00;DF;60;12;BRASILIA;Reação tardia ou ineficiente do condutor;Colisão traseira;Com Vítimas Feridas;Pleno dia;Decrescente;Céu Claro;Dupla;Reta;Não;3;0;1;0;0;2;1;3;-15,920322;-48,165162;SPRF-DF;DEL03-DF;UOP01-DEL03-DF
721274;27/09/2025;sábado;15:56:00;RO;364;17;VILHENA;Reação tardia ou ineficiente do condutor;Colisão lateral sentido oposto;Com Vítimas Feridas;Pleno dia;Decrescente;Nublado;Simples;"Reta;Aclive";Não;5;0;1;0;4;0;1;3;-12,7314;-60,1683;SPRF-RO;DEL04-RO;UOP01-DEL04-RO
721278;27/09/2025;sábado;16:20:00;PE;232;169;TACAIMBO;Reação tardia ou ineficiente do condutor;Tombamento;Com Vítimas Feridas;Pleno dia;Decrescente;Céu Claro;Simples;Reta;Não;3;0;2;1;0;0;3;1;-8,340042;-36,334687;SPRF-PE;DEL03-PE;UOP02-DEL03-PE
721288;27/09/2025;sábado;18:40:00;BA;116;425;FEIRA DE SANTANA;Pedestre andava na pista;Atropelamento de Pedestre;Com Vítimas Fatais;Plena Noite;Decrescente;Céu Claro;Dupla;Reta;Sim;2;1;0;0;1;0;0;2;-12,24489558;-38,98607466;SPRF-BA;DEL02-BA;UOP01-DEL02-BA
721293;27/09/2025;sábado;17:30:00;PR;476;177;CONTENDA;Transitar na contramão;Colisão frontal;Com Vítimas Fatais;Anoitecer;Crescente;Céu Claro;Simples;"Declive;Reta";Não;3;1;0;0;1;1;0;3;-25,700193;-49,573486;SPRF-PR;DEL01-PR;UOP06-DEL01-PR
721299;27/09/2025;sábado;17:50:00;BA;116;644;JAGUAQUARA;Ultrapassagem Indevida;Colisão lateral mesmo sentido;Com Vítimas Feridas;Anoitecer;Crescente;Nublado;Simples;"Reta;Declive";Não;4;0;0;1;2;1;1;4;-13,60708688;-40,08975774;SPRF-BA;DEL03-BA;UOP01-DEL03-BA
721303;27/09/2025;sábado;18:30:00;MG;50;72;UBERLANDIA;Manobra de mudança de faixa;Colisão lateral mesmo sentido;Com Vítimas Feridas;Anoitecer;Crescente;Céu Claro;Dupla;Reta;Sim;3;0;0;1;1;1;1;3;-18,901015;-48,238935;SPRF-MG;DEL15-MG;UOP01-DEL15-MG
721308;27/09/2025;sábado;14:40:00;RJ;116;141;DUQUE DE CAXIAS;Reação tardia ou ineficiente do condutor;Colisão lateral mesmo sentido;Com Vítimas Feridas;Pleno dia;Crescente;Céu Claro;Dupla;Reta;Sim;3;0;1;0;2;0;1;3;-22,64687869;-43,21832335;SPRF-RJ;DEL01-RJ;UOP02-DEL01-RJ
721312;27/09/2025;sábado;19:40:00;BA;242;588;IBOTIRAMA;Animais na Pista;Atropelamento de Animal;Com Vítimas Feridas;Plena Noite;Decrescente;Céu Claro;Simples;"Reta;Declive";Não;3;0;2;0;0;2;2;4;-12,08540121;-43,11573031;SPRF-BA;DEL06-BA;UOP03-DEL06-BA
721326;27/09/2025;sábado;16:40:00;PR;376;386,2;IMBAU;Velocidade Incompatível;Tombamento;Com Vítimas Feridas;Pleno dia;Decrescente;Sol;Dupla;"Curva;Declive";Não;2;0;1;0;0;3;1;4;-24,48427263;-50,73359577;SPRF-PR;DEL03-PR;UOP02-DEL03-PR
721333;27/09/2025;sábado;20:15:00;BA;116;877;VITORIA DA CONQUISTA;Transitar na contramão;Colisão lateral sentido oposto;Com Vítimas Feridas;Plena Noite;Crescente;Céu Claro;Simples;Reta;Sim;4;0;1;1;1;3;2;6;-15,260355;-41,118217;SPRF-BA;DEL08-BA;UOP03-DEL08-BA
721343;27/09/2025;sábado;21:40:00;MG;365;347,1;VARJAO DE MINAS;Ausência de reação do condutor;Colisão traseira;Com Vítimas Feridas;Plena Noite;Decrescente;Sol;Simples;Reta;Sim;2;0;1;0;0;1;1;2;-18,38391175;-46,03569165;SPRF-MG;DEL10-MG;UOP01-DEL10-MG
721345;27/09/2025;sábado;22:00:00;MG;50;173;UBERABA;Ausência de reação do condutor;Colisão traseira;Sem Vítimas;Plena Noite;Crescente;Céu Claro;Dupla;Reta;Sim;3;0;0;0;1;4;0;5;-19,7627904;-47,9771715;SPRF-MG;DEL13-MG;UOP01-DEL13-MG
721353;27/09/2025;sábado;22:30:00;PR;373;269;PRUDENTOPOLIS;Transitar na contramão;Colisão frontal;Sem Vítimas;Plena Noite;Crescente;Céu Claro;Simples;Curva;Não;5;0;0;0;2;3;0;4;-25,22086722;-51,02335779;SPRF-PR;DEL08-PR;UOP01-DEL08-PR
721359;27/09/2025;sábado;19:00:00;AC;364;109;RIO BRANCO;Deficiência do Sistema de Iluminação/Sinalização;Colisão traseira;Com Vítimas Fatais;Plena Noite;Crescente;Céu Claro;Simples;Reta;Não;6;1;1;1;3;0;2;3;-10,014329;-67,659595;SPRF-AC;DEL01-AC;UOP01-DEL01-AC
721367;28/09/2025;domingo;02:30:00;GO;70;9;AGUAS LINDAS DE GOIAS;Transitar na contramão;Colisão lateral sentido oposto;Com Vítimas Feridas;Plena Noite;Crescente;Céu Claro;Dupla;Reta;Sim;5;0;0;2;2;2;2;5;-15,73714;-48,29168;SPRF-DF;DEL03-DF;UOP02-DEL03-DF
721372;28/09/2025;domingo;04:00:00;MG;40;397;CURVELO;Condutor Dormindo;Saída de leito carroçável;Com Vítimas Feridas;Plena Noite;Crescente;Céu Claro;Simples;"Curva;Aclive";Não;2;0;1;0;0;1;1;2;-19,02318091;-44,62441253;SPRF-MG;DEL02-MG;UOP01-DEL02-MG
721381;27/09/2025;sábado;22:58:00;BA;101;417;IBIRAPITANGA;Ausência de reação do condutor;Colisão lateral sentido oposto;Com Vítimas Feridas;Plena Noite;Crescente;Céu Claro;Simples;Curva;Não;2;0;1;0;0;1;1;2;-14,0925065;-39,3756864;SPRF-BA;DEL05-BA;UOP03-DEL05-BA
721383;27/09/2025;sábado;20:50:00;MG;262;526;LUZ;Reação tardia ou ineficiente do condutor;Tombamento;Com Vítimas Feridas;Plena Noite;Crescente;Céu Claro;Simples;Curva;Não;2;0;0;1;0;1;1;2;-19,77176;-45,78224;SPRF-MG;DEL08-MG;UOP03-DEL08-MG