id;data_inversa;dia_semana;horario;uf;br;km;municipio;causa_acidente;tipo_acidente;classificacao_acidente;fase_dia;sentido_via;condicao_metereologica;tipo_pista;tracado_via;uso_solo;pessoas;mortos;feridos_leves;feridos_graves;ilesos;ignorados;feridos;veiculos;latitude;longitude;regional;delegacia;uop
721390;28/09/2025;domingo;05:00:00;TO;153;154,8;ARAGUAINA;Ausência de reação do condutor;Colisão com objeto;Com Vítimas Feridas;Plena Noite;Crescente;Nublado;Simples;"Declive;Ponte";Não;2;0;1;0;0;1;1;2;-7,28446604;-48,27780962;SPRF-TO;DEL02-TO;UOP01-DEL02-TO
721392;27/09/2025;sábado;19:00:00;PR;163;212,5;CASCAVEL;Velocidade Incompatível;Tombamento;Com Vítimas Feridas;Plena Noite;Crescente;Céu Claro;Simples;Curva;Não;2;0;1;0;0;1;1;2;-24,896746;-53,532856;SPRF-PR;DEL04-PR;UOP01-DEL04-PR
721408;28/09/2025;domingo;00:15:00;PR;476;283;SAO MATEUS DO SUL;Acessar a via sem observar a presença dos outros veículos;Colisão traseira;Com Vítimas Feridas;Plena Noite;Crescente;Céu Claro;Simples;Reta;Não;3;0;0;1;1;1;1;3;-25,97644867;-50,5422163;SPRF-PR;DEL02-PR;UOP03-DEL02-PR
721413;28/09/2025;domingo;08:00:00;RS;116;270;PORTO ALEGRE;Ausência de reação do condutor;Colisão com objeto;Com Vítimas Feridas;Pleno dia;Crescente;Nublado;Simples;"Aclive;Viaduto;Reta";Sim;3;0;0;1;0;2;1;3;-29,97030168;-51,1764921;SPRF-RS;DEL01-RS;UOP01-DEL01-RS
721419;28/09/2025;domingo;08:58:00;PE;101;35;ITAPISSUMA;Reação tardia ou ineficiente do condutor;Saída de leito carroçável;Com Vítimas Feridas;Pleno dia;Crescente;Céu Claro;Dupla;Curva;Não;3;0;1;0;1;1;1;3;-7,782282;-34,931418;SPRF-PE;DEL01-PE;UOP02-DEL01-PE
721422;28/09/2025;domingo;07:20:00;MG;381;424,9;SABARA;Velocidade Incompatível;Tombamento;Com Vítimas Feridas;Amanhecer;Crescente;Sol;Simples;"Declive;Curva";Não;2;0;1;0;0;1;1;2;-19,787135;-43,701867;SPRF-MG;DEL01-MG;UOP01-DEL01-MG
721423;24/09/2025;quarta-feira;07:45:00;RJ;40;118;DUQUE DE CAXIAS;Manobra de mudança de faixa;Colisão traseira;Com Vítimas Feridas;Pleno dia;Decrescente;Céu Claro;Dupla;Reta;Não;2;0;1;0;1;0;1;2;-22,76017986;-43,28574121;SPRF-RJ;DEL01-RJ;UOP02-DEL01-RJ
721424;28/09/2025;domingo;04:40:00;MT;163;785;SORRISO;Reação tardia ou ineficiente do condutor;Saída de leito carroçável;Com Vítimas Feridas;Amanhecer;Decrescente;Nublado;Simples;"Em Obras;Aclive";Não;3;0;1;0;2;0;1;1;-12,295818;-55,569081;SPRF-MT;DEL06-MT;UOP02-DEL06-MT
721430;28/09/2025;domingo;11:00:00;MG;381;871;POUSO ALEGRE;Reação tardia ou ineficiente do condutor;Colisão traseira;Com Vítimas Feridas;Pleno dia;Crescente;Sol;Dupla;Reta;Não;2;0;1;0;1;0;1;2;-22,2789632;-45,9669504;SPRF-MG;DEL16-MG;UOP01-DEL16-MG
721433;27/09/2025;sábado;05:20:00;MS;158;314;TRES LAGOAS;Ausência de reação do condutor;Saída de leito carroçável;Com Vítimas Feridas;Amanhecer;Crescente;Céu Claro;Simples;Reta;Não;1;0;1;0;0;0;1;1;-20,90452192;-51,95280075;SPRF-MS;DEL07-MS;UOP01-DEL07-MS
721436;28/09/2025;domingo;08:45:00;BA;116;548;MILAGRES;Ultrapassagem Indevida;Colisão frontal;Com Vítimas Fatais;Pleno dia;Decrescente;Nublado;Simples;Curva;Não;4;1;0;0;2;1;0;4;-12,88858;-39,85872;SPRF-BA;DEL03-BA;UOP02-DEL03-BA
721440;28/09/2025;domingo;10:32:00;GO;364;323;PORTELANDIA;Condutor deixou de manter distância do veículo da frente;Colisão traseira;Com Vítimas Feridas;Pleno dia;Decrescente;Céu Claro;Simples;"Ponte;Aclive;Reta";Não;4;0;1;1;1;2;2;5;-17,399077;-52,659468;SPRF-GO;DEL05-GO;UOP01-DEL05-GO
721446;28/09/2025;domingo;11:40:00;GO;153;579,3;PIRACANJUBA;Condutor Dormindo;Saída de leito carroçável;Com Vítimas Feridas;Pleno dia;Decrescente;Céu Claro;Dupla;Reta;Não;2;0;1;0;0;1;1;2;-17,37252;-49,24146;SPRF-GO;DEL03-GO;UOP01-DEL03-GO
721452;28/09/2025;domingo;12:28:00;BA;101;895;CARAVELAS;Carga excessiva e/ou mal acondicionada;Derramamento de carga;Com Vítimas Feridas;Pleno dia;Decrescente;Céu Claro;Simples;"Aclive;Curva";Não;2;0;0;1;1;0;1;2;-17,69;-39,774;SPRF-BA;DEL09-BA;UOP02-DEL09-BA
721456;28/09/2025;domingo;09:50:00;TO;153;467;MIRACEMA DO TOCANTINS;Ultrapassagem Indevida;Colisão traseira;Com Vítimas Feridas;Pleno dia;Decrescente;Céu Claro;Simples;Declive;Não;3;0;1;0;1;4;1;6;-9,97861;-48,749464;SPRF-TO;DEL01-TO;UOP01-DEL01-TO
721457;28/09/2025;domingo;11:30:00;MG;381;848,1;POUSO ALEGRE;Curva acentuada;Colisão com objeto;Com Vítimas Feridas;Pleno dia;Decrescente;Céu Claro;Múltipla;Curva;Não;2;0;1;0;0;1;1;2;-22,22047107;-45,87217569;SPRF-MG;DEL16-MG;UOP01-DEL16-MG
721462;28/09/2025;domingo;10:07:00;MG;251;221,1;SANTA CRUZ DE SALINAS;Ultrapassagem Indevida;Colisão lateral sentido oposto;Com Vítimas Feridas;Pleno dia;Decrescente;Sol;Simples;"Reta;Declive";Não;4;0;1;1;1;2;2;5;-15,94702975;-41,61610499;SPRF-MG;DEL12-MG;UOP02-DEL12-MG
721474;28/09/2025;domingo;15:32:00;RJ;493;86;SEROPEDICA;Reação tardia ou ineficiente do condutor;Tombamento;Com Vítimas Feridas;Pleno dia;Crescente;Céu Claro;Dupla;Reta;Não;2;0;2;0;0;0;2;2;-22,70257776;-43,65414359;SPRF-RJ;DEL01-RJ;UOP03-DEL01-RJ
721475;28/09/2025;domingo;11:33:00;MA;226;380;GRAJAU;Acessar a via sem observar a presença dos outros veículos;Colisão transversal;Com Vítimas Fatais;Pleno dia;Crescente;Céu Claro;Simples;Reta;Não;3;1;0;0;0;4;0;5;-5,77624466;-46,08109475;SPRF-MA;DEL06-MA;UOP01-DEL06-MA
721476;28/09/2025;domingo;16:05:00;ES;101;226;IBIRACU;Reação tardia ou ineficiente do condutor;Tombamento;Com Vítimas Feridas;Pleno dia;Crescente;Céu Claro;Simples;Reta;Não;3;0;2;0;0;1;2;3;-19,8788865;-40,4168977;SPRF-ES;DEL02-ES;UOP01-DEL02-ES
721480;28/09/2025;domingo;16:20:00;BA;242;840;BARREIRAS;Velocidade Incompatível;Tombamento;Com Vítimas Feridas;Pleno dia;Crescente;Céu Claro;Múltipla;"Aclive;Curva";Não;2;0;0;1;0;2;1;3;-12,11428;-45,16036;SPRF-BA;DEL10-BA;UOP01-DEL10-BA
721484;28/09/2025;domingo;16:00:00;BA;410;4;RIBEIRA DO POMBAL;Reação tardia ou ineficiente do condutor;Colisão lateral mesmo sentido;Com Vítimas Feridas;Pleno dia;Decrescente;Nublado;Simples;"Reta;Declive";Não;4;0;2;1;1;0;3;2;-10,83166211;-38,55587482;SPRF-BA;DEL07-BA;UOP02-DEL07-BA
721488;28/09/2025;domingo;02:55:00;PA;230;1110;ITAITUBA;Velocidade Incompatível;Tombamento;Com Vítimas Fatais;Plena Noite;Crescente;Nublado;Simples;"Declive;Curva";Não;2;1;0;0;0;2;0;3;-4,394405;-55,89394;SPRF-PA;DEL05-PA;UOP02-DEL05-PA
721526;28/09/2025;domingo;19:30:00;BA;116;740;BOA NOVA;Pedestre cruzava a pista fora da faixa;Atropelamento de Pedestre;Com Vítimas Fatais;Plena Noite;Decrescente;Céu Claro;Simples;Reta;Não;2;1;0;0;0;1;0;2;-14,399379;-40,354022;SPRF-BA;DEL08-BA;UOP02-DEL08-BA
721527;28/09/2025;domingo;19:15:00;BA;242;864;BARREIRAS;Transitar na contramão;Colisão lateral sentido oposto;Com Vítimas Fatais;Plena Noite;Decrescente;Céu Claro;Simples;Reta;Não;4;1;0;1;1;2;1;4;-12,09473;-45,38656;SPRF-BA;DEL10-BA;UOP01-DEL10-BA
721530;28/09/2025;domingo;17:46:00;MG;381;633,8;OLIVEIRA;Reação tardia ou ineficiente do condutor;Colisão traseira;Com Vítimas Feridas;Anoitecer;Decrescente;Céu Claro;Dupla;"Reta;Aclive";Não;3;0;1;0;2;0;1;2;-20,82900355;-44,80988413;SPRF-MG;DEL04-MG;UOP01-DEL04-MG
721531;28/09/2025;domingo;15:10:00;MG;116;217,3;CATUJI;Reação tardia ou ineficiente do condutor;Tombamento;Com Vítimas Feridas;Pleno dia;Decrescente;Céu Claro;Simples;Reta;Não;2;0;1;0;0;1;1;2;-17,386509;-41,52523;SPRF-MG;DEL11-MG;UOP01-DEL11-MG
721550;28/09/2025;domingo;18:50:00;MT;163;21,2;ITIQUIRA;Demais falhas mecânicas ou elétricas;Tombamento;Sem Vítimas;Plena Noite;Crescente;Céu Claro;Dupla;Reta;Não;2;0;0;0;1;2;0;3;-17,32918;-54,76006;SPRF-MT;DEL02-MT;UOP03-DEL02-MT
721552;28/09/2025;domingo;18:50:00;SC;158;134,3;PALMITOS;Acessar a via sem observar a presença dos outros veículos;Colisão transversal;Sem Vítimas;Plena Noite;Crescente;Nublado;Simples;Interseção de Vias;Não;3;0;0;0;1;3;0;4;-27,07047304;-53,23020665;SPRF-SC;DEL07-SC;UOP02-DEL07-SC
721562;28/09/2025;domingo;22:51:00;SP;116;401;MIRACATU;Condutor usando celular;Colisão traseira;Com Vítimas Feridas;Plena Noite;Decrescente;Ignorado;Dupla;Reta;Sim;3;0;1;0;1;1;1;3;-24,31270274;-47,51566315;SPRF-SP;DEL04-SP;UOP02-DEL04-SP
721568;28/09/2025;domingo;23:50:00;SC;101;136,8;BALNEARIO CAMBORIU;Ingestão de álcool pelo condutor;Colisão lateral mesmo sentido;Sem Vítimas;Plena Noite;Decrescente;Nublado;Dupla;Reta;Sim;3;0;0;0;1;2;0;3;-26,99912799;-48,64647898;SPRF-SC;DEL04-SC;UOP03-DEL04-SC
721572;28/09/2025;domingo;21:25:00;MG;116;770,2;LEOPOLDINA;Velocidade Incompatível;Tombamento;Com Vítimas Feridas;Plena Noite;Crescente;Céu Claro;Simples;Curva;Não;2;0;1;0;0;1;1;2;-21,555027;-42,679023;SPRF-MG;DEL07-MG;UOP01-DEL07-MG
721573;29/09/2025;segunda-feira;00:00:00;MT;163;541;DIAMANTINO;Condutor Dormindo;Saída de leito carroçável;Com Vítimas Feridas;Plena Noite;Crescente;Céu Claro;Dupla;Reta;Não;2;0;1;0;0;1;1;2;-14,29632365;-56,14700317;SPRF-MT;DEL01-MT;UOP01-DEL01-MT
721574;28/09/2025;domingo;23:10:00;BA;235;347,2;JUAZEIRO;Transitar na contramão;Colisão frontal;Com Vítimas Feridas;Plena Noite;Decrescente;Céu Claro;Simples;Reta;Sim;2;0;0;1;1;0;1;2;-9,452149;-40,483592;SPRF-PE;DEL06-PE;UOP01-DEL06-PE
721583;29/09/2025;segunda-feira;02:45:00;RJ;393;274;BARRA DO PIRAI;Velocidade Incompatível;Tombamento;Com Vítimas Feridas;Plena Noite;Decrescente;Céu Claro;Simples;Curva;Não;1;0;1;0;0;0;1;1;-22,47473044;-43,99380684;SPRF-RJ;DEL05-RJ;UOP04-DEL05-RJ
721585;29/09/2025;segunda-feira;03:20:00;MG;267;86,3;JUIZ DE FORA;Acessar a via sem observar a presença dos outros veículos;Colisão transversal;Com Vítimas Feridas;Plena Noite;Crescente;Céu Claro;Simples;"Interseção de Vias;Curva";Sim;2;0;1;0;1;0;1;2;-21,750293;-43,278802;SPRF-MG;DEL05-MG;UOP01-DEL05-MG
721592;29/09/2025;segunda-feira;04:00:00;MG;381;438,2;SANTA LUZIA;Velocidade Incompatível;Colisão com objeto;Com Vítimas Fatais;Plena Noite;Crescente;Céu Claro;Simples;"Curva;Declive";Não;3;1;0;0;1;1;0;3;-19,816008;-43,803203;SPRF-MG;DEL01-MG;UOP01-DEL01-MG
721596;29/09/2025;segunda-feira;06:00:00;BA;101;169;FEIRA DE SANTANA;Transitar na contramão;Colisão frontal;Com Vítimas Fatais;Amanhecer;Crescente;Nublado;Simples;Curva;Sim;6;1;0;3;2;0;3;2;-12,3540707;-38,8534325;SPRF-BA;DEL01-BA;UOP03-DEL01-BA
721600;29/09/2025;segunda-feira;05:35:00;MG;50;59;UBERLANDIA;Velocidade Incompatível;Colisão traseira;Com Vítimas Feridas;Amanhecer;Crescente;Céu Claro;Dupla;"Aclive;Reta";Não;3;0;1;0;1;1;1;3;-18,80268375;-48,23937893;SPRF-MG;DEL15-MG;UOP02-DEL15-MG
721602;29/09/2025;segunda-feira;03:40:00;MG;251;259,7;SALINAS;Demais falhas mecânicas ou elétricas;Incêndio;Sem Vítimas;Amanhecer;Crescente;Céu Claro;Simples;"Reta;Aclive";Não;3;0;0;0;2;3;0;4;-16,01351725;-41,90674782;SPRF-MG;DEL12-MG;UOP02-DEL12-MG
721605;29/09/2025;segunda-feira;06:09:00;ES;101;290;CARIACICA;Acessar a via sem observar a presença dos outros veículos;Colisão transversal;Com Vítimas Feridas;Pleno dia;Crescente;Céu Claro;Dupla;"Declive;Retorno Regulamentado";Sim;4;0;0;1;1;2;1;4;-20,29395873;-40,39376736;SPRF-ES;DEL01-ES;UOP01-DEL01-ES
721607;20/09/2025;sábado;13:50:00;MT;364;573,8;NOBRES;Conversão proibida;Colisão lateral mesmo sentido;Com Vítimas Feridas;Pleno dia;Crescente;Sol;Dupla;"Aclive;Reta";Não;5;0;1;0;3;2;1;4;-14,631519;-56,271412;SPRF-MT;DEL01-MT;UOP01-DEL01-MT
721609;29/09/2025;segunda-feira;06:45:00;RS;470;228,7;GARIBALDI;Condutor deixou de manter distância do veículo da frente;Colisão traseira;Com Vítimas Feridas;Pleno dia;Crescente;Céu Claro;Simples;Reta;Sim;5;0;1;0;3;1;1;3;-29,267455;-51,499693;SPRF-RS;DEL06-RS;UOP01-DEL06-RS
721611;29/09/2025;segunda-feira;07:15:00;ES;259;58;COLATINA;Transitar na contramão;Colisão frontal;Com Vítimas Feridas;Pleno dia;Crescente;Céu Claro;Múltipla;"Reta;Interseção de Vias;Aclive";Sim;3;0;1;0;2;0;1;3;-19,52219219;-40,66779166;SPRF-ES;DEL02-ES;UOP01-DEL02-ES
721631;29/09/2025;segunda-feira;08:00:00;ES;101;73,3;SAO MATEUS;Manobra de mudança de faixa;Tombamento;Com Vítimas Feridas;Pleno dia;Crescente;Céu Claro;Simples;Reta;Não;2;0;1;0;1;0;1;2;-18,773282;-39,870367;SPRF-ES;DEL04-ES;UOP02-DEL04-ES
721641;29/09/2025;segunda-feira;09:50:00;MG;50;42;ARAGUARI;Condutor usando celular;Colisão traseira;Com Vítimas Feridas;Pleno dia;Decrescente;Céu Claro;Dupla;Reta;Não;5;0;2;0;2;3;2;5;-18,694716;-48,18234;SPRF-MG;DEL15-MG;UOP02-DEL15-MG
721642;18/09/2025;quinta-feira;06:30:00;BA;101;197;CACHOEIRA;Velocidade Incompatível;Colisão lateral sentido oposto;Sem Vítimas;Amanhecer;Decrescente;Céu Claro;Simples;Aclive;Não;2;0;0;0;2;0;0;2;-12,55858486;-38,97777557;SPRF-BA;DEL01-BA;UOP03-DEL01-BA
721645;29/09/2025;segunda-feira;07:45:00;MG;116;699,2;MURIAE;Acessar a via sem observar a presença dos outros veículos;Colisão transversal;Com Vítimas Feridas;Pleno dia;Crescente;Céu Claro;Simples;"Reta;Interseção de Vias";Sim;2;0;1;0;1;0;1;2;-21,09958975;-42,37656925;SPRF-MG;DEL07-MG;UOP02-DEL07-MG
721646;29/09/2025;segunda-feira;09:40:00;BA;324;517;FEIRA DE SANTANA;Ultrapassagem Indevida;Colisão traseira;Com Vítimas Feridas;Pleno dia;Decrescente;Céu Claro;Simples;"Reta;Interseção de Vias";Sim;2;0;1;0;1;0;1;2;-12,260942;-38,932123;SPRF-BA;DEL02-BA;UOP01-DEL02-BA
721649;25/09/2025;quinta-feira;04:30:00;RJ;101;312;SAO GONCALO;Ausência de reação do condutor;Colisão traseira;Com Vítimas Feridas;Amanhecer;Crescente;Nublado;Dupla;Reta;Sim;2;0;1;0;1;0;1;2;-22,80957915;-43,06865784;SPRF-RJ;DEL02-RJ;UOP02-DEL02-RJ
721651;29/09/2025;segunda-feira;09:50:00;PE;101;60;FLORES;Ausência de reação do condutor;Colisão lateral mesmo sentido;Com Vítimas Feridas;Pleno dia;Decrescente;Céu Claro;Dupla;Curva;Sim;2;0;1;0;1;0;1;2;-7,982947;-37,931892;SPRF-PE;DEL01-PE;UOP02-DEL01-PE
721653;29/09/2025;segunda-feira;08:40:00;BA;110;375,9;CATU;Reação tardia ou ineficiente do condutor;Colisão frontal;Com Vítimas Feridas;Pleno dia;Crescente;Céu Claro;Simples;Curva;Não;5;0;3;0;1;1;3;4;-12,405368;-38,403758;SPRF-BA;DEL01-BA;UOP01-DEL01-BA
721654;29/09/2025;segunda-feira;04:30:00;BA;242;619;MUQUEM DE SAO FRANCISCO;Transitar na contramão;Colisão frontal;Com Vítimas Fatais;Amanhecer;Crescente;Céu Claro;Simples;Reta;Não;4;2;0;0;1;2;0;4;-12,14175236;-43,32324741;SPRF-BA;DEL10-BA;UOP01-DEL10-BA
721659;29/09/2025;segunda-feira;07:55:00;MG;365;246;BURITIZEIRO;Ultrapassagem Indevida;Colisão traseira;Com Vítimas Feridas;Pleno dia;Crescente;Céu Claro;Simples;"Reta;Declive";Não;3;0;1;0;1;1;1;3;-17,799413;-45,436518;SPRF-MG;DEL10-MG;UOP02-DEL010-MG
721662;29/09/2025;segunda-feira;10:00:00;PE;232;387;SERRA TALHADA;Ausência de reação do condutor;Saída de leito carroçável;Com Vítimas Feridas;Pleno dia;Crescente;Céu Claro;Simples;Reta;Não;1;0;0;1;0;0;1;1;-8,032255;-38,119398;SPRF-PE;DEL04-PE;UOP01-DEL04-PE
721664;29/09/2025;segunda-feira;12:02:00;MS;163;481,9;CAMPO GRANDE;Ausência de reação do condutor;Colisão frontal;Com Vítimas Fatais;Pleno dia;Crescente;Céu Claro;Simples;"Viaduto;Reta";Sim;3;1;0;1;0;3;1;5;-20,46351521;-54,55512285;SPRF-MS;DEL01-MS;UOP02-DEL01-MS
721667;29/09/2025;segunda-feira;12:00:00;RJ;116;98,5;GUAPIMIRIM;Velocidade Incompatível;Colisão frontal;Com Vítimas Feridas;Pleno dia;Decrescente;Céu Claro;Simples;"Curva;Declive";Não;3;0;1;0;1;2;1;4;-22,48419878;-42,99541988;SPRF-RJ;DEL04-RJ;UOP01-DEL04-RJ
721679;29/09/2025;segunda-feira;13:20:00;SC;101;117,7;ITAJAI;Ausência de reação do condutor;Colisão traseira;Com Vítimas Feridas;Pleno dia;Decrescente;Sol;Dupla;Reta;Não;4;0;0;2;2;0;2;2;-26,89200272;-48,72054275;SPRF-SC;DEL04-SC;UOP04-DEL04-SC
721686;14/09/2025;domingo;03:00:00;RJ;101;239;RIO BONITO;Reação tardia ou ineficiente do condutor;Saída de leito carroçável;Com Vítimas Feridas;Plena Noite;Crescente;Céu Claro;Dupla;Reta;Não;2;0;1;0;0;1;1;2;-22,7180544;-42,6770432;SPRF-RJ;DEL02-RJ;UOP03-DEL02-RJ
721688;29/09/2025;segunda-feira;11:29:00;MG;381;580,7;CARMOPOLIS DE MINAS;Reação tardia ou ineficiente do condutor;Saída de leito carroçável;Com Vítimas Feridas;Pleno dia;Crescente;Céu Claro;Dupla;"Reta;Declive";Não;2;0;1;0;0;1;1;2;-20,488335;-44,597177;SPRF-MG;DEL04-MG;UOP01-DEL04-MG
721690;29/09/2025;segunda-feira;09:00:00;BA;242;687;MUQUEM DE SAO FRANCISCO;Condutor Dormindo;Colisão frontal;Com Vítimas Fatais;Pleno dia;Decrescente;Céu Claro;Simples;Reta;Não;3;1;0;0;1;3;0;5;-12,21908;-43,87036;SPRF-BA;DEL10-BA;UOP01-DEL10-BA
721691;29/09/2025;segunda-feira;09:24:00;BA;242;356;LENCOIS;Acessar a via sem observar a presença dos outros veículos;Colisão transversal;Sem Vítimas;Pleno dia;Crescente;Sol;Simples;Reta;Não;2;0;0;0;1;1;0;2;-12,477695;-41,359552;SPRF-BA;DEL06-BA;UOP02-DEL06-BA
721699;31/07/2025;quinta-feira;20:00:00;MG;262;403;PARA DE MINAS;Condutor deixou de manter distância do veículo da frente;Colisão traseira;Com Vítimas Feridas;Plena Noite;Decrescente;Céu Claro;Dupla;Reta;Não;3;0;0;1;1;2;1;4;-19,88283003;-44,6137476;SPRF-MG;DEL01-MG;UOP03-DEL01-MG
721702;29/09/2025;segunda-feira;13:15:00;PA;230;109,7;MARABA;Manobra de mudança de faixa;Saída de leito carroçável;Com Vítimas Feridas;Pleno dia;Decrescente;Céu Claro;Simples;Reta;Sim;3;0;1;0;1;3;1;5;-5,374473;-49,027833;SPRF-PA;DEL03-PA;UOP01-DEL03-PA
721706;29/09/2025;segunda-feira;14:00:00;SC;101;363,4;SANGAO;Demais falhas mecânicas ou elétricas;Colisão traseira;Com Vítimas Feridas;Pleno dia;Crescente;Céu Claro;Múltipla;Reta;Sim;3;0;2;0;1;0;2;2;-28,68095195;-49,14374066;SPRF-SC;DEL02-SC;UOP01-DEL02-SC
721713;29/09/2025;segunda-feira;13:30:00;PR;376;429;TIBAGI;Ausência de reação do condutor;Colisão frontal;Sem Vítimas;Pleno dia;Decrescente;Céu Claro;Simples;"Declive;Reta";Não;3;0;0;0;3;0;0;2;-24,77906;-50,51425;SPRF-PR;DEL03-PR;UOP02-DEL03-PR
721714;29/09/2025;segunda-feira;16:40:00;RS;158;309;ITAARA;Manobra de mudança de faixa;Colisão transversal;Com Vítimas Feridas;Pleno dia;Decrescente;Céu Claro;Simples;"Reta;Declive";Não;3;0;1;0;2;0;1;2;-29,595318;-53,766893;SPRF-RS;DEL09-RS;UOP01-DEL09-RS
721720;29/09/2025;segunda-feira;16:45:00;RS;287;392;SANTIAGO;Desrespeitar a preferência no cruzamento;Colisão transversal;Com Vítimas Feridas;Pleno dia;Decrescente;Céu Claro;Simples;"Reta;Interseção de Vias";Sim;2;0;1;0;1;0;1;2;-29,21667183;-54,84343797;SPRF-RS;DEL12-RS;UOP02-DEL12-RS
721724;29/09/2025;segunda-feira;17:25:00;RS;116;524;PELOTAS;Reação tardia ou ineficiente do condutor;Colisão lateral mesmo sentido;Com Vítimas Feridas;Pleno dia;Decrescente;Céu Claro;Simples;Reta;Não;3;0;1;0;1;1;1;3;-31,73225525;-52,38899231;SPRF-RS;DEL07-RS;UOP01-DEL07-RS
721725;29/09/2025;segunda-feira;16:30:00;RJ;116;205;SEROPEDICA;Frear bruscamente;Colisão traseira;Com Vítimas Feridas;Pleno dia;Crescente;Céu Claro;Dupla;"Reta;Em Obras";Não;2;0;0;1;1;0;1;2;-22,726794;-43,6462;SPRF-RJ;DEL06-RJ;UOP02-DEL06-RJ
721730;29/09/2025;segunda-feira;17:20:00;PI;343;319,9;ALTOS;Transitar no Acostamento;Colisão traseira;Com Vítimas Fatais;Anoitecer;Decrescente;Céu Claro;Simples;Reta;Não;4;1;1;0;1;1;1;4;-5,0486;-42,56883;SPRF-PI;DEL01-PI;UOP01-DEL01-PI
721734;29/09/2025;segunda-feira;10:30:00;MG;381;519;BRUMADINHO;Ausência de reação do condutor;Colisão com objeto;Com Vítimas Feridas;Pleno dia;Decrescente;Sol;Dupla;Reta;Não;2;0;1;0;0;1;1;2;-20,12106335;-44,30374146;SPRF-MG;DEL01-MG;UOP03-DEL01-MG
721736;28/09/2025;domingo;23:20:00;MA;230;105;SAO JOAO DOS PATOS;Velocidade Incompatível;Colisão com objeto;Com Vítimas Feridas;Plena Noite;Crescente;Céu Claro;Simples;"Aclive;Reta";Não;5;0;1;2;2;0;3;2;-6,50185231;-43,77253175;SPRF-MA;DEL05-MA;UOP01-DEL05-MA
721740;29/09/2025;segunda-feira;08:00:00;MG;40;42;PARACATU;Acessar a via sem observar a presença dos outros veículos;Colisão transversal;Com Vítimas Feridas;Pleno dia;Decrescente;Céu Claro;Simples;"Interseção de Vias;Reta";Sim;2;0;1;0;1;0;1;2;-17,22269746;-46,86541971;SPRF-MG;DEL14-MG;UOP01-DEL14-MG
721747;29/09/2025;segunda-feira;17:30:00;BA;101;443,8;UBAITABA;Ingestão de álcool pelo condutor;Colisão transversal;Com Vítimas Feridas;Plena Noite;Crescente;Céu Claro;Dupla;Reta;Sim;3;0;0;1;1;2;1;4;-14,30857049;-39,32222486;SPRF-BA;DEL05-BA;UOP01-DEL05-BA
721752;29/09/2025;segunda-feira;18:01:00;DF;20;32;BRASILIA;Ingestão de álcool pelo condutor;Colisão lateral mesmo sentido;Com Vítimas Feridas;Anoitecer;Decrescente;Céu Claro;Dupla;Reta;Não;3;0;1;0;1;1;1;3;-15,58989195;-47,58534551;SPRF-DF;DEL02-DF;UOP01-DEL02-DF
721755;29/09/2025;segunda-feira;16:10:00;MA;10;252;IMPERATRIZ;Manobra de mudança de faixa;Colisão frontal;Com Vítimas Feridas;Pleno dia;Crescente;Céu Claro;Simples;Reta;Sim;4;0;0;2;0;2;2;3;-5,53318;-47,47113;SPRF-MA;DEL04-MA;UOP01-DEL04-MA
721757;29/09/2025;segunda-feira;15:05:00;RO;364;402;OURO PRETO DO OESTE;Condutor deixou de manter distância do veículo da frente;Colisão traseira;Com Vítimas Feridas;Pleno dia;Decrescente;Céu Claro;Simples;"Aclive;Reta";Não;3;0;1;0;1;5;1;7;-10,65962163;-62,29672758;SPRF-RO;DEL03-RO;UOP02-DEL03-RO
721762;29/09/2025;segunda-feira;18:00:00;PE;424;130;CORRENTES;Ausência de sinalização;Colisão frontal;Com Vítimas Feridas;Plena Noite;Crescente;Garoa/Chuvisco;Simples;Curva;Não;2;0;1;0;1;0;1;2;-9,1135758;-36,3662642;SPRF-PE;DEL03-PE;UOP01-DEL03-PE
721765;29/09/2025;segunda-feira;16:45:00;MG;262;354;BETIM;Reação tardia ou ineficiente do condutor;Colisão traseira;Com Vítimas Feridas;Pleno dia;Crescente;Céu Claro;Dupla;"Aclive;Reta";Não;3;0;0;1;1;1;1;3;-19,974581;-44,261523;SPRF-MG;DEL01-MG;UOP03-DEL01-MG
721767;29/09/2025;segunda-feira;15:00:00;SE;235;24,9;LARANJEIRAS;Reação tardia ou ineficiente do condutor;Saída de leito carroçável;Com Vítimas Feridas;Pleno dia;Crescente;Nublado;Simples;Curva;Não;2;0;1;0;0;3;1;4;-10,82548499;-37,22965591;SPRF-SE;DEL01-SE;UOP02-DEL01-SE
721773;29/09/2025;segunda-feira;17:45:00;PI;316;43,4;LAGOA DO PIAUI;Entrada inopinada do pedestre;Atropelamento de Pedestre;Com Vítimas Fatais;Anoitecer;Crescente;Céu Claro;Simples;Reta;Não;3;1;0;0;1;1;0;3;-5,42875463;-42,63673481;SPRF-PI;DEL01-PI;UOP02-DEL01-PI
721775;29/09/2025;segunda-feira;20:15:00;AL;316;248,5;ATALAIA;Pedestre - Ingestão de álcool/ substâncias psicoativas;Atropelamento de Pedestre;Com Vítimas Feridas;Plena Noite;Crescente;Chuva;Simples;Reta;Não;2;0;0;1;1;0;1;2;-9,54320509;-35,98409269;SPRF-AL;DEL01-AL;UOP01-DEL01-AL