id;data_inversa;dia_semana;horario;uf;br;km;municipio;causa_acidente;tipo_acidente;classificacao_acidente;fase_dia;sentido_via;condicao_metereologica;tipo_pista;tracado_via;uso_solo;pessoas;mortos;feridos_leves;feridos_graves;ilesos;ignorados;feridos;veiculos;latitude;longitude;regional;delegacia;uop
721777;29/09/2025;segunda-feira;18:35:00;PR;373;237,3;GUAMIRANGA;Reação tardia ou ineficiente do condutor;Colisão traseira;Com Vítimas Feridas;Anoitecer;Crescente;Ignorado;Simples;Reta;Não;3;0;1;0;1;1;1;3;-25,18768907;-50,73416658;SPRF-PR;DEL03-PR;UOP01-DEL03-PR
721787;29/09/2025;segunda-feira;18:20:00;MG;40;141,2;JOAO PINHEIRO;Transitar na contramão;Colisão frontal;Com Vítimas Fatais;Anoitecer;Crescente;Céu Claro;Simples;"Reta;Declive";Sim;3;1;0;0;1;1;0;3;-17,73650617;-46,19022489;SPRF-MG;DEL14-MG;UOP01-DEL14-MG
721789;29/09/2025;segunda-feira;22:50:00;MG;381;487;BETIM;Carga excessiva e/ou mal acondicionada;Tombamento;Com Vítimas Feridas;Plena Noite;Crescente;Céu Claro;Múltipla;"Curva;Aclive";Sim;2;0;1;0;0;1;1;2;-19,95752696;-44,12244558;SPRF-MG;DEL01-MG;UOP03-DEL01-MG
721791;29/09/2025;segunda-feira;15:55:00;MS;267;469;GUIA LOPES DA LAGUNA;Demais falhas mecânicas ou elétricas;Incêndio;Sem Vítimas;Pleno dia;Crescente;Céu Claro;Simples;Reta;Não;2;0;0;0;1;1;0;2;-21,41737999;-56,05380242;SPRF-MS;DEL05-MS;UOP01-DEL05-MS
721793;30/09/2025;terça-feira;02:40:00;MG;381;887,6;CAMBUI;Reação tardia ou ineficiente do condutor;Saída de leito carroçável;Com Vítimas Feridas;Plena Noite;Crescente;Céu Claro;Dupla;Reta;Não;2;0;0;1;0;2;1;3;-22,522523;-46,023153;SPRF-MG;DEL16-MG;UOP01-DEL16-MG
721797;30/09/2025;terça-feira;04:35:00;RJ;101;397,3;ITAGUAI;Reação tardia ou ineficiente do condutor;Saída de leito carroçável;Com Vítimas Feridas;Plena Noite;Crescente;Nevoeiro/Neblina;Múltipla;Reta;Sim;1;0;1;0;0;0;1;1;-22,86886999;-43,74739766;SPRF-RJ;DEL03-RJ;UOP01-DEL03-RJ
721799;30/09/2025;terça-feira;06:00:00;SE;101;10;CEDRO DE SAO JOAO;Velocidade Incompatível;Colisão traseira;Com Vítimas Feridas;Plena Noite;Decrescente;Céu Claro;Dupla;Reta;Não;5;0;1;0;4;0;1;3;-10,28489422;-36,8770574;SPRF-SE;DEL02-SE;UOP02-DEL02-SE
721800;30/09/2025;terça-feira;06:15:00;RN;304;48,3;MOSSORO;Entrada inopinada do pedestre;Atropelamento de Pedestre;Com Vítimas Fatais;Pleno dia;Crescente;Céu Claro;Dupla;Reta;Sim;2;1;0;0;1;0;0;2;-5,23116784;-37,32077122;SPRF-RN;DEL04-RN;UOP01-DEL04-RN
721805;30/09/2025;terça-feira;05:15:00;MG;40;613,9;CONGONHAS;Demais falhas mecânicas ou elétricas;Incêndio;Sem Vítimas;Amanhecer;Decrescente;Céu Claro;Simples;Curva;Não;2;0;0;0;1;1;0;2;-20,53239;-43,822919;SPRF-MG;DEL05-MG;UOP02-DEL05-MG
721811;30/09/2025;terça-feira;05:50:00;PR;116;116,8;CURITIBA;Reação tardia ou ineficiente do condutor;Colisão com objeto;Com Vítimas Feridas;Plena Noite;Crescente;Chuva;Múltipla;"Reta;Declive";Não;2;0;1;0;0;1;1;2;-25,5573946;-49,3063751;SPRF-PR;DEL01-PR;UOP03-DEL01-PR
721812;30/09/2025;terça-feira;00:05:00;RJ;393;147;TRES RIOS;Transitar na contramão;Colisão frontal;Com Vítimas Fatais;Plena Noite;Crescente;Céu Claro;Simples;Curva;Não;3;1;1;0;0;2;1;4;-22,057;-43,027;SPRF-RJ;DEL05-RJ;UOP01-DEL05-RJ
721815;30/09/2025;terça-feira;06:30:00;SP;116;146,1;SAO JOSE DOS CAMPOS;Reação tardia ou ineficiente do condutor;Engavetamento;Com Vítimas Feridas;Pleno dia;Crescente;Céu Claro;Dupla;"Declive;Reta";Não;4;0;1;0;2;1;1;4;-23,19032;-45,86179;SPRF-SP;DEL02-SP;UOP01-DEL02-SP
721817;30/09/2025;terça-feira;07:00:00;SC;101;126;ITAJAI;Condutor deixou de manter distância do veículo da frente;Colisão traseira;Com Vítimas Feridas;Pleno dia;Decrescente;Céu Claro;Dupla;Curva;Não;4;0;0;1;1;2;1;4;-26,9611101;-48,68100062;SPRF-SC;DEL04-SC;UOP04-DEL04-SC
721818;30/09/2025;terça-feira;06:55:00;RJ;116;186;NOVA IGUACU;Manobra de mudança de faixa;Tombamento;Com Vítimas Feridas;Pleno dia;Decrescente;Céu Claro;Dupla;Reta;Sim;2;0;1;0;0;1;1;2;-22,74548835;-43,44765234;SPRF-RJ;DEL06-RJ;UOP01-DEL06-RJ
721820;30/09/2025;terça-feira;07:05:00;SC;101;119;ITAJAI;Condutor deixou de manter distância do veículo da frente;Colisão lateral mesmo sentido;Com Vítimas Feridas;Pleno dia;Crescente;Céu Claro;Múltipla;Reta;Sim;4;0;1;0;2;1;1;3;-26,89951952;-48,71771034;SPRF-SC;DEL04-SC;UOP04-DEL04-SC
721829;30/09/2025;terça-feira;05:50:00;RJ;101;190;CASIMIRO DE ABREU;Ausência de reação do condutor;Tombamento;Sem Vítimas;Pleno dia;Crescente;Sol;Simples;Curva;Não;3;0;0;0;3;0;0;1;-22,4821248;-42,1658624;SPRF-RJ;DEL08-RJ;UOP04-DEL08-RJ
721830;30/09/2025;terça-feira;07:15:00;ES;262;174,1;IBATIBA;Transitar na contramão;Colisão frontal;Com Vítimas Feridas;Amanhecer;Crescente;Céu Claro;Simples;"Reta;Declive";Não;6;0;3;1;0;2;4;5;-20,26881354;-41,61078701;SPRF-ES;DEL01-ES;UOP02-DEL01-ES
721840;30/09/2025;terça-feira;08:55:00;SP;116;314;JUQUITIBA;Ausência de reação do condutor;Colisão traseira;Com Vítimas Feridas;Pleno dia;Crescente;Céu Claro;Dupla;Reta;Não;3;0;1;0;1;1;1;3;-23,897788;-46,987153;SPRF-SP;DEL04-SP;UOP01-DEL04-SP
721844;21/09/2025;domingo;03:00:00;BA;116;648,8;JEQUIE;Transitar na contramão;Colisão frontal;Com Vítimas Feridas;Plena Noite;Crescente;Céu Claro;Simples;Reta;Não;3;0;0;1;1;1;1;3;-13,6521377;-40,0943646;SPRF-BA;DEL03-BA;UOP01-DEL03-BA
721852;30/09/2025;terça-feira;10:20:00;MG;116;417;GOVERNADOR VALADARES;Manobra de mudança de faixa;Colisão transversal;Com Vítimas Feridas;Pleno dia;Crescente;Sol;Simples;Reta;Sim;3;0;2;0;1;0;2;2;-18,917445;-41,94067;SPRF-MG;DEL06-MG;UOP01-DEL06-MG
721858;26/09/2025;sexta-feira;17:05:00;MG;381;393;BOM JESUS DO AMPARO;Ausência de reação do condutor;Colisão traseira;Com Vítimas Feridas;Pleno dia;Crescente;Sol;Dupla;Reta;Sim;3;0;1;0;1;1;1;3;-19,75215817;-43,47829549;SPRF-MG;DEL01-MG;UOP01-DEL01-MG
721862;30/09/2025;terça-feira;10:00:00;PR;373;187,6;PONTA GROSSA;Ingestão de álcool pelo condutor;Colisão lateral sentido oposto;Sem Vítimas;Pleno dia;Decrescente;Céu Claro;Simples;Reta;Não;2;0;0;0;1;1;0;2;-25,05263933;-50,317789;SPRF-PR;DEL03-PR;UOP01-DEL03-PR
721864;30/09/2025;terça-feira;04:50:00;AM;230;671,9;CANUTAMA;Condutor Dormindo;Colisão frontal;Com Vítimas Feridas;Plena Noite;Crescente;Nublado;Simples;Reta;Não;5;0;3;1;0;1;4;3;-7,49289;-63,51887;SPRF-AM;DEL02-AM;UOP01-DEL02-AM
721867;30/09/2025;terça-feira;12:00:00;TO;153;140,5;ARAGUAINA;Acessar a via sem observar a presença dos outros veículos;Colisão transversal;Com Vítimas Feridas;Pleno dia;Decrescente;Céu Claro;Dupla;Retorno Regulamentado;Sim;3;0;1;0;1;1;1;3;-7,173243;-48,21634;SPRF-TO;DEL02-TO;UOP01-DEL02-TO
721869;30/09/2025;terça-feira;09:50:00;MA;222;673;ACAILANDIA;Reação tardia ou ineficiente do condutor;Colisão transversal;Com Vítimas Feridas;Pleno dia;Decrescente;Céu Claro;Simples;"Aclive;Reta";Não;3;0;1;0;1;1;1;3;-4,947713;-47,477388;SPRF-MA;DEL04-MA;UOP03-DEL04-MA
721879;30/09/2025;terça-feira;12:40:00;MG;40;506,6;RIBEIRAO DAS NEVES;Demais falhas mecânicas ou elétricas;Incêndio;Sem Vítimas;Pleno dia;Decrescente;Céu Claro;Dupla;Reta;Sim;2;0;0;0;1;1;0;2;-19,7517;-44,14363;SPRF-MG;DEL02-MG;UOP01-DEL02-MG
721880;30/09/2025;terça-feira;12:30:00;PR;277;113;CAMPO LARGO;Reação tardia ou ineficiente do condutor;Colisão traseira;Com Vítimas Feridas;Pleno dia;Crescente;Céu Claro;Dupla;Reta;Não;3;0;1;0;1;1;1;3;-25,43124;-49,42071;SPRF-PR;DEL03-PR;UOP03-DEL03-PR
721881;30/09/2025;terça-feira;13:50:00;MG;381;900;CAMBUI;Reação tardia ou ineficiente do condutor;Colisão traseira;Com Vítimas Fatais;Pleno dia;Decrescente;Céu Claro;Dupla;Reta;Sim;4;1;0;0;2;1;0;3;-22,62069754;-46,07311383;SPRF-MG;DEL16-MG;UOP03-DEL16-MG
721899;30/09/2025;terça-feira;15:10:00;MG;262;359;BETIM;Ausência de reação do condutor;Colisão traseira;Com Vítimas Feridas;Pleno dia;Crescente;Céu Claro;Dupla;Reta;Não;2;0;0;1;1;0;1;2;-19,97973959;-44,25115728;SPRF-MG;DEL01-MG;UOP03-DEL01-MG
721901;30/09/2025;terça-feira;14:50:00;MG;262;479,3;BOM DESPACHO;Avarias e/ou desgaste excessivo no pneu;Colisão lateral sentido oposto;Com Vítimas Feridas;Pleno dia;Crescente;Céu Claro;Simples;Reta;Não;3;0;0;1;2;0;1;3;-19,78263;-45,3433;SPRF-MG;DEL08-MG;UOP03-DEL08-MG
721906;30/09/2025;terça-feira;13:10:00;PR;163;22,3;SANTO ANTONIO DO SUDOESTE;Velocidade Incompatível;Saída de leito carroçável;Com Vítimas Feridas;Pleno dia;Crescente;Chuva;Simples;"Declive;Curva";Não;2;0;0;1;0;1;1;2;-26,157082;-53,683632;SPRF-PR;DEL02-PR;UOP02-DEL02-PR
721909;30/09/2025;terça-feira;13:40:00;SC;101;106;PENHA;Ausência de reação do condutor;Colisão traseira;Com Vítimas Feridas;Pleno dia;Decrescente;Céu Claro;Múltipla;Reta;Não;2;0;1;0;1;0;1;2;-26,81760789;-48,6823833;SPRF-SC;DEL03-SC;UOP02-DEL03-SC
721912;30/09/2025;terça-feira;13:00:00;MT;158;679,6;BARRA DO GARCAS;Ausência de reação do condutor;Colisão lateral mesmo sentido;Sem Vítimas;Pleno dia;Crescente;Céu Claro;Simples;Reta;Não;3;0;0;0;1;2;0;3;-14,906997;-52,283781;SPRF-MT;DEL07-MT;UOP01-DEL07-MT
721918;30/09/2025;terça-feira;17:20:00;ES;101;270,4;SERRA;Reação tardia ou ineficiente do condutor;Colisão traseira;Com Vítimas Feridas;Anoitecer;Crescente;Nublado;Múltipla;Reta;Sim;5;0;1;2;2;0;3;4;-20,22775153;-40,27125986;SPRF-ES;DEL02-ES;UOP01-DEL02-ES
721927;30/09/2025;terça-feira;15:10:00;RS;285;97,8;VACARIA;Chuva;Saída de leito carroçável;Com Vítimas Feridas;Pleno dia;Decrescente;Chuva;Simples;Reta;Não;2;0;1;0;0;1;1;2;-28,59054;-50,75587;SPRF-RS;DEL05-RS;UOP03-DEL05-RS
721928;30/09/2025;terça-feira;18:00:00;RS;392;99,5;MORRO REDONDO;Demais falhas mecânicas ou elétricas;Incêndio;Sem Vítimas;Anoitecer;Crescente;Garoa/Chuvisco;Simples;"Declive;Rotatória";Não;2;0;0;0;1;1;0;2;-31,53797;-52,572822;SPRF-RS;DEL07-RS;UOP01-DEL07-RS
721934;30/09/2025;terça-feira;18:52:00;GO;50;271,6;CATALAO;Velocidade Incompatível;Colisão traseira;Sem Vítimas;Plena Noite;Decrescente;Céu Claro;Dupla;"Reta;Aclive";Não;3;0;0;0;2;2;0;4;-18,120707;-47,897378;SPRF-GO;DEL06-GO;UOP01-DEL06-GO
721936;30/09/2025;terça-feira;18:26:00;SE;101;183,9;UMBAUBA;Entrada inopinada do pedestre;Atropelamento de Pedestre;Com Vítimas Fatais;Plena Noite;Crescente;Nublado;Simples;"Reta;Declive";Não;2;1;0;0;0;1;0;2;-11,385057;-37,6674668;SPRF-SE;DEL02-SE;UOP03-DEL02-SE
721944;30/09/2025;terça-feira;15:00:00;PA;230;647;ALTAMIRA;Ultrapassagem Indevida;Colisão lateral sentido oposto;Com Vítimas Fatais;Pleno dia;Crescente;Céu Claro;Simples;Curva;Sim;3;1;0;1;1;0;1;3;-3,22445224;-52,26762057;SPRF-PA;DEL04-PA;UOP01-DEL04-PA
721946;30/09/2025;terça-feira;17:20:00;RJ;101;87;CAMPOS DOS GOYTACAZES;Ausência de reação do condutor;Saída de leito carroçável;Com Vítimas Feridas;Pleno dia;Crescente;Céu Claro;Dupla;Curva;Não;2;0;1;0;0;1;1;2;-21,83577207;-41,42075426;SPRF-RJ;DEL08-RJ;UOP02-DEL08-RJ
721950;30/09/2025;terça-feira;19:30:00;MA;135;5;SAO LUIS;Pedestre cruzava a pista fora da faixa;Atropelamento de Pedestre;Com Vítimas Feridas;Plena Noite;Decrescente;Céu Claro;Dupla;"Reta;Retorno Regulamentado";Sim;2;0;1;0;1;0;1;2;-2,6228994;-44,2588537;SPRF-MA;DEL01-MA;UOP01-DEL01-MA
721952;30/09/2025;terça-feira;19:20:00;SC;470;130;LONTRAS;Transitar na contramão;Colisão lateral sentido oposto;Sem Vítimas;Plena Noite;Decrescente;Chuva;Simples;Curva;Não;3;0;0;0;2;1;0;3;-27,16963154;-49,56506476;SPRF-SC;DEL04-SC;UOP02-DEL04-SC
721957;30/09/2025;terça-feira;18:00:00;RS;116;389;CAMAQUA;Condutor Dormindo;Saída de leito carroçável;Sem Vítimas;Anoitecer;Decrescente;Chuva;Dupla;Reta;Não;1;0;0;0;0;1;0;1;-30,82258138;-51,71170235;SPRF-RS;DEL02-RS;UOP02-DEL02-RS
721960;30/09/2025;terça-feira;18:00:00;GO;452;171;ITUMBIARA;Ausência de reação do condutor;Colisão traseira;Sem Vítimas;Anoitecer;Crescente;Céu Claro;Simples;"Reta;Aclive";Não;3;0;0;0;2;5;0;7;-18,3271514;-49,47143555;SPRF-GO;DEL03-GO;UOP02-DEL03-GO
721964;30/09/2025;terça-feira;19:30:00;MA;10;307;ACAILANDIA;Ultrapassagem Indevida;Colisão frontal;Com Vítimas Fatais;Plena Noite;Decrescente;Céu Claro;Simples;Reta;Não;4;2;0;0;2;0;0;2;-5,05082;-47,554045;SPRF-MA;DEL04-MA;UOP03-DEL04-MA
721965;30/09/2025;terça-feira;19:35:00;BA;349;1000;CORRENTINA;Transitar na contramão;Colisão lateral sentido oposto;Com Vítimas Fatais;Plena Noite;Decrescente;Nublado;Simples;Curva;Não;2;1;0;0;1;0;0;2;-13,60654;-45,19069;SPRF-BA;DEL10-BA;UOP02-DEL10-BA
721966;30/09/2025;terça-feira;22:10:00;SP;116;143,4;SAO JOSE DOS CAMPOS;Suicídio (presumido);Atropelamento de Pedestre;Com Vítimas Fatais;Plena Noite;Decrescente;Céu Claro;Dupla;Reta;Sim;3;1;0;0;1;1;0;3;-23,18770672;-45,85388124;SPRF-SP;DEL02-SP;UOP01-DEL02-SP
721967;29/09/2025;segunda-feira;16:23:00;PA;163;133;ALTAMIRA;Manobra de mudança de faixa;Colisão lateral sentido oposto;Com Vítimas Feridas;Plena Noite;Crescente;Céu Claro;Simples;"Reta;Declive";Não;3;0;1;0;1;3;1;5;-8,50716134;-55,1155597;SPRF-MT;DEL06-MT;UOP03-DEL06-MT
721968;30/09/2025;terça-feira;21:32:00;BA;407;13;JUAZEIRO;Velocidade Incompatível;Colisão traseira;Com Vítimas Feridas;Plena Noite;Decrescente;Céu Claro;Simples;Reta;Não;3;0;1;0;1;1;1;3;-9,5023741;-40,46456942;SPRF-BA;DEL04-BA;UOP01-DEL04-BA
721969;30/09/2025;terça-feira;19:20:00;PA;230;1120;ITAITUBA;Estacionar ou parar em local proibido;Colisão traseira;Com Vítimas Feridas;Plena Noite;Crescente;Céu Claro;Dupla;Reta;Não;3;0;0;1;1;2;1;4;-4,36427;-55,96055;SPRF-PA;DEL05-PA;UOP02-DEL05-PA
721970;30/09/2025;terça-feira;19:10:00;SC;163;104,4;SAO JOSE DO CEDRO;Transitar na contramão;Colisão frontal;Com Vítimas Feridas;Plena Noite;Decrescente;Nublado;Simples;"Reta;Aclive";Sim;3;0;0;1;1;2;1;4;-26,45156021;-53,51172745;SPRF-SC;DEL07-SC;UOP03-DEL07-SC
721971;01/10/2025;quarta-feira;00:01:00;RS;285;526,2;SAO LUIZ GONZAGA;Velocidade Incompatível;Saída de leito carroçável;Com Vítimas Feridas;Plena Noite;Crescente;Nublado;Simples;"Ponte;Curva";Não;2;0;2;0;0;0;2;1;-28,40362236;-54,5378387;SPRF-RS;DEL10-RS;UOP01-DEL10-RS
721972;30/09/2025;terça-feira;23:10:00;CE;116;399,4;UMARI;Ausência de reação do condutor;Saída de leito carroçável;Com Vítimas Feridas;Plena Noite;Decrescente;Céu Claro;Simples;"Declive;Reta";Não;1;0;1;0;0;0;1;1;-6,60512;-38,83802;SPRF-CE;DEL05-CE;UOP01-DEL05-CE
721975;01/10/2025;quarta-feira;00:00:00;BA;110;74;JEREMOABO;Transitar na contramão;Colisão transversal;Com Vítimas Fatais;Plena Noite;Decrescente;Céu Claro;Simples;Reta;Não;2;1;0;0;1;0;0;2;-10,0671352;-38,34291995;SPRF-BA;DEL07-BA;UOP01-DEL07-BA
721979;01/10/2025;quarta-feira;03:56:00;ES;259;8,7;JOAO NEIVA;Velocidade Incompatível;Tombamento;Com Vítimas Feridas;Plena Noite;Decrescente;Nublado;Simples;"Curva;Aclive";Não;1;0;1;0;0;0;1;1;-19,67789667;-40,39893866;SPRF-ES;DEL02-ES;UOP01-DEL02-ES
721982;01/10/2025;quarta-feira;03:20:00;GO;414;383;CORUMBA DE GOIAS;Velocidade Incompatível;Saída de leito carroçável;Com Vítimas Fatais;Plena Noite;Crescente;Céu Claro;Dupla;"Declive;Curva";Não;2;1;0;0;0;2;0;3;-15,847337;-48,769192;SPRF-GO;DEL02-GO;UOP01-DEL02-GO
721985;01/10/2025;quarta-feira;02:30:00;SP;116;30;LAVRINHAS;Condutor Dormindo;Colisão traseira;Com Vítimas Feridas;Plena Noite;Decrescente;Céu Claro;Múltipla;Reta;Não;2;0;1;0;1;0;1;2;-22,5131843;-44,8997198;SPRF-SP;DEL08-SP;UOP02-DEL08-SP
721986;01/10/2025;quarta-feira;06:00:00;BA;324;572;SAO SEBASTIAO DO PASSE;Transitar no Acostamento;Atropelamento de Pedestre;Com Vítimas Fatais;Pleno dia;Crescente;Nublado;Dupla;Reta;Não;2;1;0;0;0;1;0;2;-12,566003;-38,55458;SPRF-BA;DEL01-BA;UOP01-DEL01-BA
721987;01/10/2025;quarta-feira;03:43:00;BA;101;665;ITAPEBI;Ingestão de álcool pelo condutor;Eventos atípicos;Sem Vítimas;Plena Noite;Crescente;Nublado;Simples;Curva;Não;2;0;0;0;1;1;0;2;-15,977578;-39,563333;SPRF-BA;DEL09-BA;UOP03-DEL09-BA
721988;01/10/2025;quarta-feira;00:05:00;MG;116;774;LEOPOLDINA;Ausência de reação do condutor;Tombamento;Com Vítimas Feridas;Plena Noite;Decrescente;Céu Claro;Simples;Curva;Não;1;0;1;0;0;0;1;1;-21,57932128;-42,68264985;SPRF-MG;DEL07-MG;UOP01-DEL07-MG
721989;01/10/2025;quarta-feira;01:38:00;SP;116;545;BARRA DO TURVO;Reação tardia ou ineficiente do condutor;Tombamento;Com Vítimas Feridas;Plena Noite;Decrescente;Nevoeiro/Neblina;Dupla;Curva;Não;2;0;1;0;0;1;1;2;-24,96287208;-48,42862487;SPRF-SP;DEL05-SP;UOP02-DEL05-SP
721992;01/10/2025;quarta-feira;06:40:00;GO;153;108;GOIANAPOLIS;Demais Fenômenos da natureza;Colisão traseira;Com Vítimas Feridas;Pleno dia;Crescente;Céu Claro;Dupla;"Reta;Aclive";Não;3;0;0;1;1;1;1;3;-16,4490095;-49,02711153;SPRF-GO;DEL07-GO;UOP01-DEL07-GO
721996;30/09/2025;terça-feira;14:15:00;PA;153;51;SAO DOMINGOS DO ARAGUAIA;Demais falhas mecânicas ou elétricas;Incêndio;Sem Vítimas;Pleno dia;Decrescente;Sol;Simples;Reta;Sim;2;0;0;0;1;3;0;4;-5,59326827;-48,72373867;SPRF-PA;DEL03-PA;UOP01-DEL03-PA
721997;01/10/2025;quarta-feira;07:45:00;MG;381;487,4;BETIM;Trafegar com motocicleta (ou similar) entre as faixas;Colisão lateral mesmo sentido;Com Vítimas Feridas;Pleno dia;Decrescente;Céu Claro;Múltipla;"Aclive;Curva";Sim;5;0;2;0;2;2;2;5;-19,9571219;-44,1193987;SPRF-MG;DEL01-MG;UOP03-DEL01-MG
722002;30/09/2025;terça-feira;23:30:00;MT;163;944;ITAUBA;Condutor Dormindo;Colisão traseira;Com Vítimas Feridas;Plena Noite;Crescente;Ignorado;Simples;"Aclive;Reta";Não;3;0;1;0;1;2;1;4;-10,94662324;-55,21389753;SPRF-MT;DEL06-MT;UOP02-DEL06-MT
722009;01/10/2025;quarta-feira;08:15:00;MS;267;247,1;NOVA ALVORADA DO SUL;Pedestre cruzava a pista fora da faixa;Atropelamento de Pedestre;Com Vítimas Feridas;Pleno dia;Crescente;Garoa/Chuvisco;Dupla;Reta;Sim;4;0;0;1;1;2;1;2;-21,47408;-54,375137;SPRF-MS;DEL02-MS;UOP01-DEL02-MS
722011;01/10/2025;quarta-feira;09:20:00;RN;226;4;NATAL;Acessar a via sem observar a presença dos outros veículos;Colisão transversal;Com Vítimas Feridas;Pleno dia;Decrescente;Céu Claro;Simples;"Reta;Interseção de Vias";Sim;2;0;0;1;1;0;1;2;-5,8156927;-35,2562219;SPRF-RN;DEL01-RN;UOP02-DEL01-RN
722014;01/10/2025;quarta-feira;10:25:00;BA;116;380;SANTA BARBARA;Velocidade Incompatível;Colisão frontal;Com Vítimas Feridas;Pleno dia;Decrescente;Céu Claro;Simples;"Reta;Aclive";Não;5;0;2;0;2;2;2;5;-11,860492;-38,97728;SPRF-BA;DEL02-BA;UOP01-DEL02-BA
722016;01/10/2025;quarta-feira;07:30:00;MA;10;240;DAVINOPOLIS;Avarias e/ou desgaste excessivo no pneu;Tombamento;Com Vítimas Feridas;Pleno dia;Crescente;Céu Claro;Simples;Reta;Não;2;0;1;0;1;0;1;1;-5,62584;-47,40886;SPRF-MA;DEL04-MA;UOP01-DEL04-MA
722019;01/10/2025;quarta-feira;09:56:00;PB;230;26;JOAO PESSOA;Reação tardia ou ineficiente do condutor;Colisão com objeto;Com Vítimas Feridas;Pleno dia;Crescente;Céu Claro;Múltipla;Interseção de Vias;Não;2;0;2;0;0;0;2;1;-7,16928098;-34,88004684;SPRF-PB;DEL01-PB;UOP01-DEL01-PB
722021;01/10/2025;quarta-feira;10:18:00;RS;386;255,9;SOLEDADE;Transitar na contramão;Colisão frontal;Com Vítimas Feridas;Pleno dia;Decrescente;Céu Claro;Simples;"Reta;Aclive";Não;4;0;2;1;1;0;3;3;-28,87772607;-52,43215308;SPRF-RS;DEL04-RS;UOP03-DEL04-RS
722027;01/10/2025;quarta-feira;09:00:00;RJ;493;15;GUAPIMIRIM;Acessar a via sem observar a presença dos outros veículos;Colisão lateral mesmo sentido;Com Vítimas Feridas;Pleno dia;Crescente;Céu Claro;Dupla;Reta;Não;3;0;1;0;1;2;1;4;-22,6623835;-42,994444;SPRF-RJ;DEL04-RJ;UOP02-DEL04-RJ
722028;01/10/2025;quarta-feira;07:00:00;BA;242;792;BARREIRAS;Avarias e/ou desgaste excessivo no pneu;Colisão com objeto;Com Vítimas Feridas;Pleno dia;Crescente;Céu Claro;Simples;Reta;Não;9;0;3;0;5;1;3;2;-12,14439067;-44,80202615;SPRF-BA;DEL10-BA;UOP01-DEL10-BA
722033;01/10/2025;quarta-feira;07:50:00;RO;364;729;PORTO VELHO;Ultrapassagem Indevida;Saída de leito carroçável;Com Vítimas Feridas;Pleno dia;Decrescente;Céu Claro;Simples;"Reta;Declive";Não;3;0;1;0;1;3;1;5;-8,89167;-63,95629;SPRF-RO;DEL01-RO;UOP01-DEL01-RO
722048;01/10/2025;quarta-feira;06:30:00;BA;324;2;SALVADOR;Demais falhas mecânicas ou elétricas;Derramamento de carga;Com Vítimas Feridas;Pleno dia;Decrescente;Sol;Dupla;Reta;Sim;3;0;1;0;1;1;1;3;-12,963428;-38,492853;SPRF-BA;DEL01-BA;UOP01-DEL01-BA
722053;01/10/2025;quarta-feira;10:45:00;GO;153;656;GOIATUBA;Ausência de reação do condutor;Tombamento;Com Vítimas Feridas;Pleno dia;Decrescente;Sol;Dupla;Declive;Não;2;0;1;0;0;1;1;2;-18,005053;-49,262372;SPRF-GO;DEL03-GO;UOP01-DEL03-GO
722056;01/10/2025;quarta-feira;07:30:00;GO;158;9,9;ARAGARCAS;Reação tardia ou ineficiente do condutor;Tombamento;Com Vítimas Feridas;Pleno dia;Crescente;Céu Claro;Simples;"Viaduto;Curva";Não;2;0;1;0;0;1;1;2;-15,95361;-52,211078;SPRF-GO;DEL04-GO;UOP02-DEL04-GO
722060;29/08/2025;sexta-feira;16:30:00;GO;153;606,2;MORRINHOS;Reação tardia ou ineficiente do condutor;Saída de leito carroçável;Com Vítimas Feridas;Pleno dia;Decrescente;Nublado;Dupla;"Declive;Reta";Não;3;0;0;2;0;1;2;2;-17,596053;-49,19073;SPRF-GO;DEL03-GO;UOP01-DEL03-GO
722064;27/08/2025;quarta-feira;06:35:00;SC;470;46,8;BLUMENAU;Acessar a via sem observar a presença dos outros veículos;Colisão traseira;Com Vítimas Feridas;Amanhecer;Decrescente;Garoa/Chuvisco;Simples;"Curva;Em Obras";Não;5;0;1;0;3;1;1;4;-26,86344767;-49,04426543;SPRF-SC;DEL04-SC;UOP01-DEL04-SC
722066;01/10/2025;quarta-feira;15:30:00;MG;40;482;SETE LAGOAS;Condutor usando celular;Colisão traseira;Com Vítimas Feridas;Pleno dia;Crescente;Céu Claro;Dupla;"Aclive;Reta";Não;3;0;0;1;1;1;1;3;-19,559604;-44,239979;SPRF-MG;DEL02-MG;UOP01-DEL02-MG
722068;01/10/2025;quarta-feira;09:10:00;BA;116;619;JAGUAQUARA;Condutor deixou de manter distância do veículo da frente;Engavetamento;Com Vítimas Feridas;Pleno dia;Crescente;Céu Claro;Simples;Reta;Não;4;0;1;0;1;4;1;6;-13,33734441;-40,01701355;SPRF-BA;DEL03-BA;UOP02-DEL03-BA
722070;11/07/2025;sexta-feira;10:59:00;PE;407;129;PETROLINA;Ausência de sinalização;Colisão traseira;Com Vítimas Feridas;Pleno dia;Decrescente;Ignorado;Dupla;"Reta;Viaduto";Sim;2;0;1;0;0;1;1;2;-9,39900675;-40,5049413;SPRF-PE;DEL06-PE;UOP01-DEL06-PE
722074;01/10/2025;quarta-feira;14:50:00;SP;116;147;SAO JOSE DOS CAMPOS;Reação tardia ou ineficiente do condutor;Colisão traseira;Com Vítimas Feridas;Pleno dia;Decrescente;Céu Claro;Dupla;Reta;Sim;2;0;0;1;1;0;1;2;-23,19654293;-45,87409973;SPRF-SP;DEL02-SP;UOP01-DEL02-SP