id;data_inversa;dia_semana;horario;uf;br;km;municipio;causa_acidente;tipo_acidente;classificacao_acidente;fase_dia;sentido_via;condicao_metereologica;tipo_pista;tracado_via;uso_solo;pessoas;mortos;feridos_leves;feridos_graves;ilesos;ignorados;feridos;veiculos;latitude;longitude;regional;delegacia;uop
723304;06/10/2025;segunda-feira;23:02:00;SP;116;382,5;MIRACATU;Ausência de reação do condutor;Colisão traseira;Com Vítimas Feridas;Plena Noite;Crescente;Céu Claro;Dupla;Curva;Não;4;0;1;0;1;2;1;3;-24,24065;-47,3627;SPRF-SP;DEL04-SP;UOP02-DEL04-SP
723308;07/10/2025;terça-feira;00:01:00;SP;116;195;ARUJA;Ausência de reação do condutor;Colisão traseira;Com Vítimas Feridas;Plena Noite;Decrescente;Céu Claro;Dupla;Reta;Não;4;0;0;1;3;0;1;2;-23,391928;-46,282614;SPRF-SP;DEL01-SP;UOP01-DEL01-SP
723309;06/10/2025;segunda-feira;19:15:00;GO;60;243,2;INDIARA;Condutor Dormindo;Colisão traseira;Com Vítimas Feridas;Plena Noite;Decrescente;Céu Claro;Dupla;Reta;Não;2;0;1;0;1;0;1;2;-17,107055;-49,9126467;SPRF-GO;DEL01-GO;UOP02-DEL01-GO
723310;06/10/2025;segunda-feira;20:30:00;SC;153;6;AGUA DOCE;Demais falhas mecânicas ou elétricas;Incêndio;Com Vítimas Feridas;Plena Noite;Decrescente;Céu Claro;Simples;Reta;Não;2;0;1;0;0;1;1;2;-26,65359566;-51,52828217;SPRF-SC;DEL07-SC;UOP07-DEL07-SC
723314;07/10/2025;terça-feira;02:35:00;MG;262;544;LUZ;Demais Fenômenos da natureza;Colisão com objeto;Com Vítimas Feridas;Plena Noite;Decrescente;Céu Claro;Simples;Curva;Não;6;0;2;0;4;0;2;2;-19,7129196;-45,9145484;SPRF-MG;DEL08-MG;UOP02-DEL08-MG
723321;07/10/2025;terça-feira;04:05:00;BA;101;925;NOVA VICOSA;Condutor Dormindo;Colisão lateral sentido oposto;Com Vítimas Feridas;Plena Noite;Decrescente;Céu Claro;Simples;Reta;Não;3;0;0;1;1;2;1;4;-17,932728;-39,842152;SPRF-BA;DEL09-BA;UOP02-DEL09-BA
723323;07/10/2025;terça-feira;03:30:00;MG;381;154,5;GOVERNADOR VALADARES;Condutor Dormindo;Saída de leito carroçável;Com Vítimas Feridas;Plena Noite;Decrescente;Nublado;Simples;Curva;Não;1;0;1;0;0;0;1;1;-18,9048879;-42,0032841;SPRF-MG;DEL06-MG;UOP01-DEL06-MG
723324;07/10/2025;terça-feira;06:00:00;RS;448;13;CANOAS;Reação tardia ou ineficiente do condutor;Colisão lateral mesmo sentido;Com Vítimas Feridas;Pleno dia;Crescente;Céu Claro;Múltipla;Reta;Sim;2;0;1;0;1;0;1;2;-29,91097495;-51,23911858;SPRF-RS;DEL01-RS;UOP01-DEL01-RS
723329;07/10/2025;terça-feira;04:30:00;RJ;116;252;PIRAI;Condutor Dormindo;Colisão com objeto;Com Vítimas Feridas;Amanhecer;Decrescente;Céu Claro;Dupla;Reta;Não;1;0;1;0;0;0;1;1;-22,58294854;-43,97277832;SPRF-RJ;DEL07-RJ;UOP01-DEL07-RJ
723330;07/10/2025;terça-feira;07:45:00;PR;277;671,5;MEDIANEIRA;Manobra de mudança de faixa;Colisão lateral mesmo sentido;Com Vítimas Feridas;Pleno dia;Decrescente;Céu Claro;Dupla;Reta;Sim;5;0;2;0;2;2;2;5;-25,285904;-54,092453;SPRF-PR;DEL05-PR;UOP02-DEL05-PR
723332;07/10/2025;terça-feira;07:31:00;RS;470;215,3;BENTO GONCALVES;Transitar na contramão;Colisão frontal;Com Vítimas Feridas;Pleno dia;Decrescente;Garoa/Chuvisco;Simples;"Retorno Regulamentado;Curva";Sim;3;0;0;1;1;1;1;3;-29,16122148;-51,52645826;SPRF-RS;DEL06-RS;UOP01-DEL06-RS
723342;07/10/2025;terça-feira;07:50:00;RS;470;218,9;BENTO GONCALVES;Ausência de reação do condutor;Colisão lateral mesmo sentido;Com Vítimas Feridas;Pleno dia;Decrescente;Garoa/Chuvisco;Simples;Curva;Não;6;0;2;0;3;1;2;5;-29,18793746;-51,52169164;SPRF-RS;DEL06-RS;UOP01-DEL06-RS
723345;07/10/2025;terça-feira;07:45:00;PE;232;405;SERRA TALHADA;Acessar a via sem observar a presença dos outros veículos;Colisão transversal;Com Vítimas Feridas;Pleno dia;Decrescente;Céu Claro;Simples;Reta;Não;2;0;0;1;1;0;1;2;-7,98870305;-38,25504396;SPRF-PE;DEL04-PE;UOP01-DEL04-PE
723348;07/10/2025;terça-feira;08:50:00;PR;163;245;TOLEDO;Objeto estático sobre o leito carroçável;Colisão com objeto;Sem Vítimas;Pleno dia;Decrescente;Nublado;Dupla;Reta;Não;4;0;0;0;3;1;0;4;-24,69943397;-53,73533098;SPRF-PR;DEL06-PR;UOP02-DEL06-PR
723351;07/10/2025;terça-feira;03:30:00;BA;324;411;NOVA FATIMA;Condutor Dormindo;Tombamento;Com Vítimas Feridas;Plena Noite;Crescente;Céu Claro;Simples;Reta;Não;2;0;2;0;0;0;2;1;-11,65055516;-39,58408356;SPRF-BA;DEL04-BA;UOP02-DEL04-BA
723352;07/10/2025;terça-feira;06:40:00;MG;116;534,6;SANTA RITA DE MINAS;Velocidade Incompatível;Tombamento;Com Vítimas Fatais;Pleno dia;Decrescente;Nublado;Simples;Curva;Não;3;1;0;0;1;1;0;3;-19,85428822;-42,14085102;SPRF-MG;DEL06-MG;UOP02-DEL06-MG
723353;30/09/2025;terça-feira;09:25:00;RJ;40;121;DUQUE DE CAXIAS;Ausência de reação do condutor;Colisão traseira;Sem Vítimas;Pleno dia;Crescente;Céu Claro;Múltipla;Reta;Sim;3;0;0;0;2;1;0;3;-22,673946;-43,285564;SPRF-RJ;DEL01-RJ;UOP02-DEL01-RJ
723358;02/10/2025;quinta-feira;07:40:00;MA;230;48,9;BARAO DE GRAJAU;Reação tardia ou ineficiente do condutor;Tombamento;Com Vítimas Feridas;Amanhecer;Crescente;Sol;Simples;"Declive;Curva";Não;2;0;1;0;0;1;1;2;-6,6126991;-43,39753568;SPRF-PI;DEL03-PI;UOP01-DEL03-PI
723360;07/10/2025;terça-feira;10:20:00;PR;376;618;SAO JOSE DOS PINHAIS;Velocidade Incompatível;Colisão transversal;Com Vítimas Feridas;Pleno dia;Decrescente;Garoa/Chuvisco;Múltipla;"Reta;Declive";Sim;3;0;1;0;1;1;1;3;-25,6039288;-49,17260377;SPRF-PR;DEL01-PR;UOP04-DEL01-PR
723370;07/10/2025;terça-feira;10:30:00;RN;101;75;SAO GONCALO DO AMARANTE;Manobra de mudança de faixa;Colisão lateral mesmo sentido;Com Vítimas Feridas;Pleno dia;Decrescente;Céu Claro;Simples;Reta;Não;2;0;1;0;1;0;1;2;-5,74850614;-35,32654079;SPRF-RN;DEL02-RN;UOP01-DEL02-RN
723372;07/10/2025;terça-feira;11:00:00;MG;40;481,5;SETE LAGOAS;Reação tardia ou ineficiente do condutor;Colisão traseira;Com Vítimas Feridas;Pleno dia;Decrescente;Céu Claro;Dupla;"Em Obras;Reta;Declive";Sim;3;0;0;1;1;1;1;3;-19,55411849;-44,24298406;SPRF-MG;DEL02-MG;UOP01-DEL02-MG
723378;07/10/2025;terça-feira;10:35:00;PR;277;471,9;NOVA LARANJEIRAS;Acessar a via sem observar a presença dos outros veículos;Colisão transversal;Com Vítimas Feridas;Pleno dia;Crescente;Céu Claro;Simples;Reta;Sim;3;0;1;0;1;1;1;3;-25,30695;-52,54244;SPRF-PR;DEL04-PR;UOP02-DEL04-PR
723379;16/09/2025;terça-feira;12:30:00;RN;101;108;PARNAMIRIM;Manobra de mudança de faixa;Colisão lateral mesmo sentido;Com Vítimas Feridas;Pleno dia;Decrescente;Ignorado;Dupla;Reta;Sim;2;0;0;1;0;1;1;2;-5,92946238;-35,26472604;SPRF-RN;DEL01-RN;UOP01-DEL01-RN
723388;07/10/2025;terça-feira;10:15:00;SC;101;136;BALNEARIO CAMBORIU;Acessar a via sem observar a presença dos outros veículos;Colisão lateral mesmo sentido;Sem Vítimas;Pleno dia;Decrescente;Céu Claro;Dupla;Reta;Sim;3;0;0;0;2;1;0;3;-27,00946639;-48,61603484;SPRF-SC;DEL04-SC;UOP03-DEL04-SC
723392;07/10/2025;terça-feira;14:00:00;SC;101;204,3;SAO JOSE;Condutor deixou de manter distância do veículo da frente;Colisão traseira;Com Vítimas Feridas;Pleno dia;Decrescente;Sol;Múltipla;Reta;Sim;4;0;1;0;2;1;1;4;-27,57398746;-48,61360073;SPRF-SC;DEL01-SC;UOP01-DEL01-SC
723395;07/10/2025;terça-feira;11:00:00;RS;448;22;PORTO ALEGRE;Ausência de reação do condutor;Tombamento;Com Vítimas Feridas;Pleno dia;Decrescente;Céu Claro;Dupla;Curva;Sim;3;0;1;1;0;1;2;3;-29,97501115;-51,19714737;SPRF-RS;DEL01-RS;UOP01-DEL01-RS
723401;07/10/2025;terça-feira;14:30:00;RJ;101;481;ANGRA DOS REIS;Condutor deixou de manter distância do veículo da frente;Colisão traseira;Com Vítimas Feridas;Pleno dia;Decrescente;Chuva;Simples;Reta;Sim;3;0;1;0;2;0;1;3;-23,006145;-44,294651;SPRF-RJ;DEL03-RJ;UOP03-DEL03-RJ
723405;22/09/2025;segunda-feira;06:40:00;ES;101;270;SERRA;Manobra de mudança de faixa;Colisão lateral mesmo sentido;Com Vítimas Feridas;Pleno dia;Decrescente;Céu Claro;Dupla;Reta;Sim;4;0;1;0;0;3;1;3;-20,229059;-40,272121;SPRF-ES;DEL02-ES;UOP01-DEL02-ES
723407;02/10/2025;quinta-feira;15:40:00;MS;158;131,1;APARECIDA DO TABOADO;Mal súbito do condutor;Colisão frontal;Com Vítimas Fatais;Pleno dia;Crescente;Céu Claro;Simples;Curva;Não;4;1;0;0;1;3;0;5;-19,946099;-51,106744;SPRF-MS;DEL08-MS;UOP01-DEL08-MS
723409;07/10/2025;terça-feira;14:20:00;PR;369;498,7;CASCAVEL;Ultrapassagem Indevida;Colisão lateral sentido oposto;Com Vítimas Feridas;Pleno dia;Decrescente;Céu Claro;Simples;Reta;Não;4;0;2;0;1;2;2;5;-24,899269;-53,360677;SPRF-PR;DEL04-PR;UOP01-DEL04-PR
723410;07/10/2025;terça-feira;14:55:00;CE;20;404;CAUCAIA;Desrespeitar a preferência no cruzamento;Colisão transversal;Sem Vítimas;Pleno dia;Decrescente;Céu Claro;Simples;Rotatória;Não;3;0;0;0;3;0;0;3;-3,77851474;-38,68647192;SPRF-CE;DEL01-CE;UOP01-DEL01-CE
723411;07/10/2025;terça-feira;12:00:00;RS;470;23;BARRACAO;Reação tardia ou ineficiente do condutor;Saída de leito carroçável;Com Vítimas Feridas;Pleno dia;Decrescente;Nublado;Simples;Reta;Não;1;0;1;0;0;0;1;1;-27,79943646;-51,43828332;SPRF-RS;DEL08-RS;UOP05-DEL08-RS
723412;07/10/2025;terça-feira;15:50:00;PR;369;99;CORNELIO PROCOPIO;Chuva;Colisão com objeto;Com Vítimas Feridas;Pleno dia;Decrescente;Garoa/Chuvisco;Dupla;Curva;Não;1;0;1;0;0;0;1;1;-23,24198149;-50,70778219;SPRF-PR;DEL07-PR;UOP05-DEL07-PR
723417;07/10/2025;terça-feira;16:20:00;SC;101;115,5;ITAJAI;Transitar na calçada;Colisão lateral sentido oposto;Com Vítimas Feridas;Pleno dia;Crescente;Nublado;Dupla;Reta;Não;3;0;0;1;1;1;1;3;-26,87613682;-48,72753795;SPRF-SC;DEL04-SC;UOP04-DEL04-SC
723423;07/10/2025;terça-feira;15:40:00;PR;376;72,5;GUAIRACA;Reação tardia ou ineficiente do condutor;Colisão traseira;Com Vítimas Feridas;Pleno dia;Crescente;Céu Claro;Simples;"Declive;Curva";Não;4;0;0;1;2;1;1;3;-22,9386595;-52,732588;SPRF-PR;DEL09-PR;UOP02-DEL09-PR
723424;07/10/2025;terça-feira;12:26:00;MT;163;604;NOVA MUTUM;Manobra de mudança de faixa;Colisão lateral mesmo sentido;Com Vítimas Feridas;Pleno dia;Decrescente;Céu Claro;Dupla;Reta;Não;3;0;1;0;1;3;1;5;-13,769688;-56,056741;SPRF-MT;DEL01-MT;UOP01-DEL01-MT
723425;07/10/2025;terça-feira;15:00:00;SP;116;138,9;SAO JOSE DOS CAMPOS;Demais falhas mecânicas ou elétricas;Eventos atípicos;Com Vítimas Feridas;Pleno dia;Decrescente;Céu Claro;Dupla;Reta;Sim;2;0;1;0;1;0;1;2;-23,16123311;-45,80332164;SPRF-SP;DEL02-SP;UOP01-DEL02-SP
723429;05/10/2025;domingo;07:00:00;BA;101;625;MASCOTE;Demais falhas mecânicas ou elétricas;Incêndio;Sem Vítimas;Pleno dia;Crescente;Céu Claro;Simples;Reta;Não;1;0;0;0;1;0;0;1;-15,69;-39,438;SPRF-BA;DEL05-BA;UOP02-DEL05-BA
723431;07/10/2025;terça-feira;16:00:00;SP;116;545;BARRA DO TURVO;Ausência de reação do condutor;Saída de leito carroçável;Com Vítimas Feridas;Pleno dia;Crescente;Chuva;Simples;Curva;Não;3;0;2;0;0;1;2;2;-24,95680255;-48,42224121;SPRF-SP;DEL05-SP;UOP02-DEL05-SP
723440;07/10/2025;terça-feira;18:15:00;MG;40;547;NOVA LIMA;Velocidade Incompatível;Queda de ocupante de veículo;Com Vítimas Feridas;Anoitecer;Decrescente;Céu Claro;Dupla;"Declive;Reta";Não;2;0;1;0;1;0;1;2;-20,0819219;-43,9793653;SPRF-MG;DEL01-MG;UOP02-DEL01-MG
723443;25/08/2025;segunda-feira;11:00:00;MG;50;53;ARAGUARI;Condutor Dormindo;Saída de leito carroçável;Com Vítimas Feridas;Pleno dia;Decrescente;Céu Claro;Dupla;"Reta;Aclive";Não;1;0;0;1;0;0;1;1;-18,768185;-48,24547;SPRF-MG;DEL15-MG;UOP02-DEL15-MG
723444;07/10/2025;terça-feira;17:25:00;RJ;116;169;RIO DE JANEIRO;Condutor deixou de manter distância do veículo da frente;Colisão lateral mesmo sentido;Com Vítimas Feridas;Anoitecer;Crescente;Garoa/Chuvisco;Múltipla;Reta;Não;4;0;1;0;2;1;1;4;-22,81434045;-43,32754612;SPRF-RJ;DEL06-RJ;UOP01-DEL06-RJ
723446;03/10/2025;sexta-feira;19:00:00;PI;316;3,7;TERESINA;Ausência de reação do condutor;Colisão com objeto;Com Vítimas Feridas;Plena Noite;Decrescente;Céu Claro;Múltipla;"Declive;Reta";Sim;2;0;1;0;1;0;1;2;-5,134424;-42,790098;SPRF-PI;DEL01-PI;UOP02-DEL01-PI
723452;07/10/2025;terça-feira;16:00:00;PA;163;936;BELTERRA;Avarias e/ou desgaste excessivo no pneu;Capotamento;Com Vítimas Feridas;Pleno dia;Decrescente;Sol;Simples;Curva;Não;2;0;1;0;0;2;1;3;-2,915866;-54,9253766;SPRF-PA;DEL05-PA;UOP01-DEL05-PA
723453;07/10/2025;terça-feira;18:15:00;MG;116;417,2;GOVERNADOR VALADARES;Acessar a via sem observar a presença dos outros veículos;Colisão transversal;Com Vítimas Feridas;Plena Noite;Decrescente;Ignorado;Simples;Curva;Sim;2;0;0;1;1;0;1;2;-18,90469928;-41,9430998;SPRF-MG;DEL06-MG;UOP01-DEL06-MG
723460;07/10/2025;terça-feira;18:30:00;RJ;493;22;MAGE;Condutor deixou de manter distância do veículo da frente;Colisão traseira;Com Vítimas Feridas;Plena Noite;Crescente;Céu Claro;Simples;Reta;Não;4;0;1;0;2;1;1;3;-22,65707645;-43,06389638;SPRF-RJ;DEL04-RJ;UOP02-DEL04-RJ
723467;07/10/2025;terça-feira;17:20:00;RJ;101;228,5;SILVA JARDIM;Demais falhas mecânicas ou elétricas;Saída de leito carroçável;Com Vítimas Feridas;Pleno dia;Decrescente;Céu Claro;Dupla;Curva;Não;3;0;1;0;0;2;1;3;-22,5646;-42,362;SPRF-RJ;DEL02-RJ;UOP03-DEL02-RJ
723469;07/10/2025;terça-feira;18:10:00;PI;343;291;ALTOS;Reação tardia ou ineficiente do condutor;Colisão transversal;Com Vítimas Feridas;Plena Noite;Crescente;Céu Claro;Simples;Curva;Não;3;0;1;0;2;0;1;3;-4,95053917;-42,34844685;SPRF-PI;DEL01-PI;UOP03-DEL01-PI
723476;07/10/2025;terça-feira;19:30:00;RS;392;143,5;CANGUCU;Demais falhas mecânicas ou elétricas;Incêndio;Sem Vítimas;Plena Noite;Crescente;Céu Claro;Simples;Reta;Não;2;0;0;0;1;1;0;2;-31,19955982;-52,83018351;SPRF-RS;DEL07-RS;UOP01-DEL07-RS
723480;07/10/2025;terça-feira;17:15:00;MG;262;438,1;NOVA SERRANA;Avarias e/ou desgaste excessivo no pneu;Colisão com objeto;Com Vítimas Feridas;Pleno dia;Decrescente;Sol;Múltipla;Reta;Sim;3;0;1;0;1;1;1;3;-19,87126;-44,97726;SPRF-MG;DEL08-MG;UOP03-DEL08-MG
723486;07/10/2025;terça-feira;18:40:00;SE;235;56,5;ITABAIANA;Ingestão de álcool pelo condutor;Colisão frontal;Sem Vítimas;Plena Noite;Crescente;Céu Claro;Simples;Reta;Sim;2;0;0;0;2;0;0;2;-10,65411777;-37,44985554;SPRF-SE;DEL01-SE;UOP02-DEL01-SE
723494;07/10/2025;terça-feira;17:00:00;ES;393;37;MUQUI;Velocidade Incompatível;Colisão frontal;Com Vítimas Feridas;Plena Noite;Crescente;Garoa/Chuvisco;Simples;Reta;Não;3;0;0;1;0;2;1;2;-20,94204193;-41,34681707;SPRF-ES;DEL03-ES;UOP02-DEL03-ES
723497;07/10/2025;terça-feira;19:18:00;MT;163;108,8;RONDONOPOLIS;Reação tardia ou ineficiente do condutor;Colisão com objeto;Com Vítimas Feridas;Plena Noite;Decrescente;Céu Claro;Simples;Reta;Não;2;0;1;0;0;2;1;3;-16,58;-54,68777778;SPRF-MT;DEL02-MT;UOP01-DEL02-MT
723498;07/10/2025;terça-feira;15:00:00;PR;163;160;LINDOESTE;Velocidade Incompatível;Engavetamento;Com Vítimas Fatais;Pleno dia;Decrescente;Céu Claro;Dupla;"Curva;Declive";Não;11;1;6;0;3;7;6;14;-25,32144449;-53,59225249;SPRF-PR;DEL05-PR;UOP05-DEL05-PR
723499;07/10/2025;terça-feira;21:45:00;SC;101;48,9;JOINVILLE;Manobra de mudança de faixa;Colisão lateral mesmo sentido;Com Vítimas Feridas;Plena Noite;Decrescente;Nublado;Múltipla;Curva;Não;4;0;2;0;1;1;2;3;-26,37927727;-48,85130279;SPRF-SC;DEL03-SC;UOP01-DEL03-SC
723504;07/10/2025;terça-feira;22:50:00;BA;324;607;SIMOES FILHO;Demais falhas mecânicas ou elétricas;Incêndio;Sem Vítimas;Plena Noite;Decrescente;Céu Claro;Dupla;"Declive;Reta";Não;2;0;0;0;1;1;0;2;-12,7966778;-38,3973817;SPRF-BA;DEL01-BA;UOP01-DEL01-BA
723505;07/10/2025;terça-feira;20:10:00;PR;476;242;LAPA;Ausência de reação do condutor;Saída de leito carroçável;Com Vítimas Feridas;Plena Noite;Crescente;Chuva;Simples;Curva;Não;3;0;2;0;0;1;2;2;-25,88752728;-49,97367382;SPRF-PR;DEL02-PR;UOP03-DEL02-PR
723508;07/10/2025;terça-feira;18:50:00;SP;153;265,4;MARILIA;Problema com o freio;Saída de leito carroçável;Com Vítimas Feridas;Plena Noite;Crescente;Céu Claro;Simples;Curva;Não;1;0;1;0;0;0;1;1;-22,312361;-49,898573;SPRF-SP;DEL07-SP;UOP02-DEL07-SP
723513;08/10/2025;quarta-feira;02:15:00;ES;101;417;CACHOEIRO DE ITAPEMIRIM;Condutor Dormindo;Saída de leito carroçável;Com Vítimas Feridas;Plena Noite;Crescente;Nublado;Simples;Reta;Não;1;0;0;1;0;0;1;1;-20,93322397;-41,08028412;SPRF-ES;DEL03-ES;UOP02-DEL03-ES
723515;07/10/2025;terça-feira;19:30:00;MT;174;542;COMODORO;Ausência de reação do condutor;Colisão traseira;Com Vítimas Fatais;Plena Noite;Crescente;Céu Claro;Simples;"Aclive;Reta";Não;3;2;0;0;0;1;0;2;-13,18750225;-59,8686862;SPRF-MT;DEL04-MT;UOP02-DEL04-MT
723519;08/10/2025;quarta-feira;04:50:00;MG;153;140,3;COMENDADOR GOMES;Demais falhas mecânicas ou elétricas;Incêndio;Sem Vítimas;Amanhecer;Decrescente;Céu Claro;Simples;Reta;Não;2;0;0;0;1;1;0;2;-19,77920778;-48,96487355;SPRF-MG;DEL15-MG;UOP03-DEL15-MG
723523;08/10/2025;quarta-feira;05:50:00;MG;381;847,8;SAO SEBASTIAO DA BELA VISTA;Condutor Dormindo;Saída de leito carroçável;Com Vítimas Feridas;Amanhecer;Crescente;Nublado;Dupla;Reta;Não;4;0;1;0;2;1;1;3;-22,20483;-45,86259;SPRF-MG;DEL16-MG;UOP01-DEL16-MG
723533;07/10/2025;terça-feira;21:00:00;RO;364;514;ARIQUEMES;Entrada inopinada do pedestre;Atropelamento de Pedestre;Com Vítimas Feridas;Plena Noite;Crescente;Nublado;Simples;Reta;Sim;2;0;1;0;1;0;1;2;-9,92673081;-63,05484935;SPRF-RO;DEL03-RO;UOP01-DEL03-RO
723534;08/10/2025;quarta-feira;04:20:00;PA;10;214;IPIXUNA DO PARA;Demais falhas mecânicas ou elétricas;Incêndio;Sem Vítimas;Plena Noite;Decrescente;Céu Claro;Simples;"Declive;Reta";Não;1;0;0;0;1;0;0;1;-2,55308027;-47,49496955;SPRF-PA;DEL02-PA;UOP01-DEL02-PA
723535;07/10/2025;terça-feira;22:20:00;PR;376;459;PONTA GROSSA;Reação tardia ou ineficiente do condutor;Colisão traseira;Sem Vítimas;Plena Noite;Crescente;Chuva;Dupla;"Aclive;Reta";Não;3;0;0;0;2;2;0;4;-24,97789262;-50,37558809;SPRF-PR;DEL03-PR;UOP01-DEL03-PR
723541;08/10/2025;quarta-feira;07:04:00;RN;427;55,4;JARDIM DO SERIDO;Acessar a via sem observar a presença dos outros veículos;Colisão frontal;Com Vítimas Feridas;Pleno dia;Decrescente;Céu Claro;Simples;Reta;Sim;2;0;0;1;1;0;1;2;-6,59606123;-36,78050995;SPRF-RN;DEL03-RN;UOP01-DEL03-RN
723550;08/10/2025;quarta-feira;07:35:00;PR;476;115;COLOMBO;Ausência de reação do condutor;Colisão transversal;Com Vítimas Feridas;Pleno dia;Crescente;Chuva;Simples;Retorno Regulamentado;Sim;2;0;1;0;1;0;1;2;-25,34298;-49,158;SPRF-PR;DEL01-PR;UOP01-DEL01-PR
723555;08/10/2025;quarta-feira;06:00:00;PB;230;142;MASSARANDUBA;Ausência de reação do condutor;Colisão traseira;Com Vítimas Feridas;Pleno dia;Crescente;Céu Claro;Dupla;Aclive;Não;4;0;2;0;1;2;2;4;-7,254815;-35,82743;SPRF-PB;DEL02-PB;UOP01-DEL02-PB
723557;08/10/2025;quarta-feira;06:00:00;PR;476;297,5;SAO MATEUS DO SUL;Condutor Dormindo;Tombamento;Sem Vítimas;Amanhecer;Crescente;Chuva;Simples;"Reta;Ponte";Não;1;0;0;0;1;0;0;1;-25,96899591;-50,53740676;SPRF-PR;DEL02-PR;UOP03-DEL02-PR
723558;08/10/2025;quarta-feira;09:30:00;RJ;40;124;RIO DE JANEIRO;Manobra de mudança de faixa;Colisão transversal;Com Vítimas Feridas;Pleno dia;Crescente;Nublado;Múltipla;Reta;Não;2;0;1;0;1;0;1;2;-22,8136;-43,3017;SPRF-RJ;DEL01-RJ;UOP02-DEL01-RJ
723559;08/10/2025;quarta-feira;09:40:00;PB;101;43;MAMANGUAPE;Reação tardia ou ineficiente do condutor;Colisão traseira;Com Vítimas Feridas;Pleno dia;Crescente;Céu Claro;Dupla;Reta;Não;2;0;1;0;0;1;1;2;-6,865033;-35,1335;SPRF-PB;DEL01-PB;UOP03-DEL01-PB
723566;08/10/2025;quarta-feira;08:10:00;MS;262;529,5;AQUIDAUANA;Ingestão de álcool pelo condutor;Colisão lateral sentido oposto;Sem Vítimas;Pleno dia;Crescente;Céu Claro;Simples;Reta;Não;3;0;0;0;2;4;0;6;-20,3535;-56,1317;SPRF-MS;DEL03-MS;UOP02-DEL03-MS
723567;08/10/2025;quarta-feira;08:15:00;SC;101;103,5;BALNEARIO PICARRAS;Reação tardia ou ineficiente do condutor;Colisão traseira;Com Vítimas Feridas;Pleno dia;Crescente;Nublado;Dupla;Reta;Não;3;0;0;1;1;1;1;3;-26,78558918;-48,68251054;SPRF-SC;DEL03-SC;UOP02-DEL03-SC
723572;08/10/2025;quarta-feira;10:00:00;MG;40;522,3;CONTAGEM;Ultrapassagem Indevida;Colisão lateral mesmo sentido;Com Vítimas Fatais;Pleno dia;Decrescente;Sol;Dupla;"Declive;Curva";Não;4;1;0;0;2;1;0;3;-19,866137;-44,064863;SPRF-MG;DEL01-MG;UOP02-DEL01-MG
723575;08/10/2025;quarta-feira;11:00:00;SC;101;208,3;SAO JOSE;Condutor deixou de manter distância do veículo da frente;Colisão traseira;Com Vítimas Feridas;Pleno dia;Decrescente;Céu Claro;Simples;"Viaduto;Reta";Sim;2;0;1;0;1;0;1;2;-27,60481;-48,63529;SPRF-SC;DEL01-SC;UOP01-DEL01-SC
723580;08/10/2025;quarta-feira;11:00:00;SP;153;221;MARILIA;Manobra de mudança de faixa;Colisão lateral sentido oposto;Com Vítimas Feridas;Pleno dia;Decrescente;Nublado;Simples;Reta;Não;3;0;1;0;1;2;1;4;-22,0082327;-49,9104274;SPRF-SP;DEL07-SP;UOP02-DEL07-SP
723581;08/10/2025;quarta-feira;11:30:00;RJ;101;114;CAMPOS DOS GOYTACAZES;Demais falhas mecânicas ou elétricas;Incêndio;Sem Vítimas;Pleno dia;Decrescente;Nublado;Dupla;Reta;Não;1;0;0;0;1;0;0;1;-22,0214281;-41,68717;SPRF-RJ;DEL08-RJ;UOP02-DEL08-RJ
723583;08/10/2025;quarta-feira;10:30:00;MS;163;348;RIO BRILHANTE;Reação tardia ou ineficiente do condutor;Saída de leito carroçável;Com Vítimas Feridas;Pleno dia;Crescente;Céu Claro;Simples;Reta;Não;2;0;1;0;0;3;1;4;-21,60137;-54,43729;SPRF-MS;DEL02-MS;UOP02-DEL02-MS
723584;08/10/2025;quarta-feira;12:40:00;RS;153;417;CACHOEIRA DO SUL;Ausência de reação do condutor;Colisão com objeto;Sem Vítimas;Pleno dia;Decrescente;Céu Claro;Simples;Reta;Não;2;0;0;0;1;2;0;3;-30,09404881;-52,86758423;SPRF-RS;DEL02-RS;UOP03-DEL02-RS
723588;30/09/2025;terça-feira;19:45:00;PR;116;93;SAO JOSE DOS PINHAIS;Ausência de reação do condutor;Colisão lateral mesmo sentido;Com Vítimas Feridas;Plena Noite;Decrescente;Chuva;Dupla;Reta;Não;2;0;1;0;0;1;1;2;-25,513085;-49,129054;SPRF-PR;DEL01-PR;UOP07-DEL01-PR
723593;08/10/2025;quarta-feira;09:20:00;RJ;116;330;ITATIAIA;Demais falhas mecânicas ou elétricas;Incêndio;Sem Vítimas;Pleno dia;Decrescente;Céu Claro;Múltipla;Curva;Não;1;0;0;0;1;0;0;1;-22,504443;-44,624578;SPRF-RJ;DEL07-RJ;UOP02-DEL07-RJ
723594;08/10/2025;quarta-feira;12:50:00;PB;101;84,9;BAYEUX;Transtornos Mentais (exceto suicidio);Colisão frontal;Com Vítimas Feridas;Pleno dia;Decrescente;Céu Claro;Dupla;Reta;Sim;2;0;0;1;1;0;1;2;-7,1436833;-34,9178347;SPRF-PB;DEL01-PB;UOP01-DEL01-PB
723595;08/10/2025;quarta-feira;10:45:00;RJ;101;423;MANGARATIBA;Avarias e/ou desgaste excessivo no pneu;Saída de leito carroçável;Com Vítimas Feridas;Pleno dia;Crescente;Chuva;Simples;Curva;Não;2;0;1;0;1;0;1;1;-22,9238915;-43,95745754;SPRF-RJ;DEL03-RJ;UOP02-DEL03-RJ