id;data_inversa;dia_semana;horario;uf;br;km;municipio;causa_acidente;tipo_acidente;classificacao_acidente;fase_dia;sentido_via;condicao_metereologica;tipo_pista;tracado_via;uso_solo;pessoas;mortos;feridos_leves;feridos_graves;ilesos;ignorados;feridos;veiculos;latitude;longitude;regional;delegacia;uop
723597;25/08/2025;segunda-feira;22:45:00;GO;414;426,4;ABADIANIA;Acessar a via sem observar a presença dos outros veículos;Colisão transversal;Com Vítimas Fatais;Plena Noite;Crescente;Céu Claro;Simples;"Declive;Reta";Não;5;4;0;0;1;0;0;2;-16,16905901;-48,89759872;SPRF-GO;DEL02-GO;UOP01-DEL02-GO
723602;08/10/2025;quarta-feira;13:40:00;MG;364;26,7;FRUTAL;Ausência de reação do condutor;Colisão traseira;Com Vítimas Feridas;Pleno dia;Decrescente;Céu Claro;Simples;Reta;Não;3;0;1;0;2;0;1;2;-20,02953;-48,88578;SPRF-MG;DEL13-MG;UOP02-DEL13-MG
723607;07/10/2025;terça-feira;15:30:00;MG;153;187;FRUTAL;Acessar a via sem observar a presença dos outros veículos;Colisão transversal;Com Vítimas Feridas;Pleno dia;Crescente;Chuva;Simples;Curva;Não;2;0;0;1;1;0;1;2;-19,855523;-48,962197;SPRF-MG;DEL13-MG;UOP02-DEL13-MG
723608;08/10/2025;quarta-feira;11:50:00;SC;282;258;SAO JOSE DO CERRITO;Ausência de reação do condutor;Saída de leito carroçável;Com Vítimas Feridas;Pleno dia;Decrescente;Céu Claro;Simples;"Curva;Declive";Não;1;0;0;1;0;0;1;1;-27,65631;-50,596488;SPRF-SC;DEL05-SC;UOP02-DEL05-SC
723610;08/10/2025;quarta-feira;14:30:00;MG;381;490;BETIM;Ausência de reação do condutor;Colisão traseira;Com Vítimas Feridas;Pleno dia;Crescente;Céu Claro;Múltipla;Reta;Sim;3;0;1;0;1;1;1;3;-19,9559785;-44,14729206;SPRF-MG;DEL01-MG;UOP03-DEL01-MG
723613;08/10/2025;quarta-feira;13:30:00;BA;116;917;ENCRUZILHADA;Condutor deixou de manter distância do veículo da frente;Saída de leito carroçável;Com Vítimas Feridas;Pleno dia;Crescente;Céu Claro;Simples;Reta;Não;2;0;1;0;0;1;1;2;-15,57077;-41,2707;SPRF-BA;DEL08-BA;UOP03-DEL08-BA
723614;08/10/2025;quarta-feira;10:45:00;MT;163;642;NOVA MUTUM;Reação tardia ou ineficiente do condutor;Saída de leito carroçável;Com Vítimas Feridas;Pleno dia;Crescente;Céu Claro;Dupla;"Em Obras;Reta";Não;3;0;2;0;0;1;2;2;-13,51917292;-56,0357666;SPRF-MT;DEL01-MT;UOP01-DEL01-MT
723616;08/10/2025;quarta-feira;14:00:00;MG;381;448;BELO HORIZONTE;Condutor deixou de manter distância do veículo da frente;Colisão lateral mesmo sentido;Com Vítimas Feridas;Pleno dia;Decrescente;Céu Claro;Simples;Reta;Não;5;0;0;2;2;2;2;5;-19,84002885;-43,87639046;SPRF-MG;DEL01-MG;UOP01-DEL01-MG
723619;08/10/2025;quarta-feira;12:10:00;RJ;40;81;PETROPOLIS;Demais falhas mecânicas ou elétricas;Incêndio;Sem Vítimas;Pleno dia;Decrescente;Chuva;Múltipla;Reta;Sim;2;0;0;0;2;0;0;1;-22,52953838;-43,22125403;SPRF-RJ;DEL01-RJ;UOP01-DEL01-RJ
723623;08/10/2025;quarta-feira;16:20:00;MG;40;739;SANTOS DUMONT;Velocidade Incompatível;Tombamento;Com Vítimas Feridas;Pleno dia;Decrescente;Nublado;Simples;Curva;Não;2;0;1;0;0;1;1;2;-21,427125;-43,556358;SPRF-MG;DEL05-MG;UOP01-DEL05-MG
723625;08/10/2025;quarta-feira;16:00:00;PR;116;126;FAZENDA RIO GRANDE;Reação tardia ou ineficiente do condutor;Colisão traseira;Com Vítimas Feridas;Pleno dia;Crescente;Chuva;Dupla;Reta;Sim;6;0;3;0;2;1;3;3;-25,6407473;-49,31302277;SPRF-PR;DEL01-PR;UOP03-DEL01-PR
723626;08/10/2025;quarta-feira;16:20:00;ES;101;212;IBIRACU;Acessar a via sem observar a presença dos outros veículos;Colisão transversal;Com Vítimas Feridas;Pleno dia;Crescente;Céu Claro;Simples;Reta;Sim;2;0;1;0;1;0;1;2;-19,820575;-40,368742;SPRF-ES;DEL02-ES;UOP01-DEL02-ES
723628;08/10/2025;quarta-feira;16:20:00;MG;40;550,4;NOVA LIMA;Manobra de mudança de faixa;Colisão lateral mesmo sentido;Com Vítimas Feridas;Pleno dia;Crescente;Céu Claro;Dupla;Reta;Não;2;0;1;0;1;0;1;2;-20,053162;-43,969959;SPRF-MG;DEL01-MG;UOP02-DEL01-MG
723637;08/10/2025;quarta-feira;14:40:00;MS;262;504;ANASTACIO;Frear bruscamente;Colisão traseira;Com Vítimas Feridas;Pleno dia;Crescente;Céu Claro;Simples;Reta;Não;3;0;1;0;1;3;1;5;-20,487142;-55,946587;SPRF-MS;DEL03-MS;UOP01-DEL03-MS
723644;08/10/2025;quarta-feira;17:55:00;PR;376;112,9;ALTO PARANA;Transitar na contramão;Colisão frontal;Sem Vítimas;Pleno dia;Decrescente;Nublado;Dupla;Curva;Não;3;0;0;0;2;1;0;3;-23,09291045;-52,3858373;SPRF-PR;DEL09-PR;UOP02-DEL09-PR
723648;08/10/2025;quarta-feira;17:26:00;GO;153;603,8;MORRINHOS;Reação tardia ou ineficiente do condutor;Tombamento;Com Vítimas Feridas;Pleno dia;Decrescente;Chuva;Dupla;"Reta;Aclive";Não;3;0;1;0;1;1;1;3;-17,577194;-49,197531;SPRF-GO;DEL03-GO;UOP01-DEL03-GO
723655;08/10/2025;quarta-feira;17:10:00;PR;476;325,5;PAULO FRONTIN;Acesso irregular;Colisão transversal;Com Vítimas Feridas;Pleno dia;Crescente;Chuva;Simples;Interseção de Vias;Sim;3;0;1;0;1;1;1;3;-26,0935143;-50,7746094;SPRF-PR;DEL02-PR;UOP03-DEL02-PR
723658;08/10/2025;quarta-feira;17:10:00;PR;376;456,7;PONTA GROSSA;Chuva;Colisão traseira;Com Vítimas Feridas;Pleno dia;Crescente;Chuva;Dupla;"Declive;Curva";Não;2;0;1;0;1;0;1;2;-24,981802;-50,372389;SPRF-PR;DEL03-PR;UOP02-DEL03-PR
723663;08/10/2025;quarta-feira;17:30:00;RO;364;423;JARU;Ultrapassagem Indevida;Colisão lateral mesmo sentido;Com Vítimas Feridas;Pleno dia;Crescente;Céu Claro;Múltipla;"Retorno Regulamentado;Reta";Sim;4;0;0;1;2;3;1;6;-10,45145386;-62,46100299;SPRF-RO;DEL03-RO;UOP02-DEL03-RO
723666;08/10/2025;quarta-feira;19:25:00;AL;101;135;SAO MIGUEL DOS CAMPOS;Demais falhas mecânicas ou elétricas;Saída de leito carroçável;Com Vítimas Feridas;Plena Noite;Decrescente;Céu Claro;Simples;Declive;Não;2;0;1;0;0;1;1;2;-9,779342;-36,106199;SPRF-AL;DEL02-AL;UOP01-DEL02-AL
723670;08/10/2025;quarta-feira;19:40:00;ES;262;110;VENDA NOVA DO IMIGRANTE;Mal súbito do condutor;Colisão frontal;Com Vítimas Feridas;Plena Noite;Crescente;Nublado;Simples;Reta;Sim;3;0;0;1;1;1;1;3;-20,33679981;-41,18523206;SPRF-ES;DEL01-ES;UOP02-DEL01-ES
723678;08/10/2025;quarta-feira;17:20:00;GO;452;154,5;ITUMBIARA;Ausência de reação do condutor;Colisão traseira;Com Vítimas Feridas;Pleno dia;Decrescente;Céu Claro;Simples;"Declive;Reta";Não;4;0;1;0;2;2;1;4;-18,3015464;-49,57744628;SPRF-GO;DEL03-GO;UOP02-DEL03-GO
723679;08/10/2025;quarta-feira;18:00:00;RJ;101;490;ANGRA DOS REIS;Chuva;Colisão com objeto;Com Vítimas Feridas;Plena Noite;Decrescente;Chuva;Simples;Curva;Não;1;0;1;0;0;0;1;1;-22,956088;-44,304677;SPRF-RJ;DEL03-RJ;UOP03-DEL03-RJ
723683;08/10/2025;quarta-feira;20:19:00;MG;365;47,7;CLARO DOS POCOES;Ausência de reação do condutor;Colisão transversal;Com Vítimas Fatais;Plena Noite;Decrescente;Céu Claro;Simples;Reta;Não;3;1;0;0;1;1;0;3;-16,9174643;-44,21284676;SPRF-MG;DEL12-MG;UOP01-DEL12-MG
723684;08/10/2025;quarta-feira;20:50:00;PR;476;110;COLOMBO;Chuva;Colisão frontal;Com Vítimas Feridas;Plena Noite;Crescente;Chuva;Simples;"Declive;Curva";Não;4;0;2;0;1;1;2;3;-25,314138;-49,157143;SPRF-PR;DEL01-PR;UOP01-DEL01-PR
723685;08/10/2025;quarta-feira;20:50:00;SC;116;50,7;PAPANDUVA;Condutor deixou de manter distância do veículo da frente;Colisão traseira;Com Vítimas Feridas;Plena Noite;Crescente;Chuva;Simples;Reta;Não;2;0;0;1;1;0;1;2;-26,38069;-50,1337;SPRF-SC;DEL06-SC;UOP01-DEL06-SC
723691;08/10/2025;quarta-feira;20:35:00;SP;116;56;LORENA;Pedestre andava na pista;Atropelamento de Pedestre;Com Vítimas Fatais;Plena Noite;Decrescente;Garoa/Chuvisco;Dupla;Reta;Sim;3;1;0;0;1;2;0;4;-22,77238283;-45,13389587;SPRF-SP;DEL08-SP;UOP02-DEL08-SP
723692;08/10/2025;quarta-feira;12:00:00;MG;262;528,1;LUZ;Ausência de reação do condutor;Saída de leito carroçável;Com Vítimas Feridas;Pleno dia;Decrescente;Céu Claro;Simples;Reta;Não;2;0;1;0;0;1;1;2;-19,78192186;-45,73113442;SPRF-MG;DEL08-MG;UOP02-DEL08-MG
723695;18/09/2025;quinta-feira;13:30:00;RJ;101;470;ANGRA DOS REIS;Área urbana sem a presença de local apropriado para a travessia de pedestres;Atropelamento de Pedestre;Com Vítimas Feridas;Pleno dia;Crescente;Céu Claro;Simples;Reta;Sim;2;0;0;1;1;0;1;2;-23,004481;-44,230197;SPRF-RJ;DEL03-RJ;UOP03-DEL03-RJ
723697;08/10/2025;quarta-feira;19:20:00;RN;405;192,1;LUIS GOMES;Transitar na contramão;Colisão frontal;Com Vítimas Fatais;Plena Noite;Crescente;Céu Claro;Simples;"Aclive;Curva";Não;3;1;0;0;1;3;0;5;-6,437545;-38,351319;SPRF-RN;DEL04-RN;UOP02-DEL04-RN
723701;08/10/2025;quarta-feira;14:45:00;MG;381;410;NOVA UNIAO;Condutor Dormindo;Colisão traseira;Com Vítimas Feridas;Pleno dia;Crescente;Céu Claro;Dupla;"Aclive;Curva";Não;4;0;0;2;1;1;2;3;-19,73741675;-43,60103354;SPRF-MG;DEL01-MG;UOP01-DEL01-MG
723704;08/10/2025;quarta-feira;20:15:00;MG;267;146,3;LIMA DUARTE;Reação tardia ou ineficiente do condutor;Colisão com objeto;Com Vítimas Feridas;Plena Noite;Decrescente;Nublado;Simples;"Reta;Ponte";Sim;2;0;0;1;0;1;1;2;-21,8137396;-43,7376153;SPRF-MG;DEL05-MG;UOP01-DEL05-MG
723705;08/10/2025;quarta-feira;19:35:00;MG;381;905,2;CAMBUI;Velocidade Incompatível;Tombamento;Com Vítimas Feridas;Plena Noite;Decrescente;Chuva;Dupla;"Declive;Curva";Não;2;0;0;1;0;3;1;4;-22,663192;-46,090577;SPRF-MG;DEL16-MG;UOP03-DEL16-MG
723708;08/10/2025;quarta-feira;18:00:00;SC;282;524,4;XAXIM;Transitar na contramão;Colisão lateral sentido oposto;Sem Vítimas;Pleno dia;Crescente;Nublado;Simples;Curva;Não;2;0;0;0;2;0;0;2;-26,96388;-52,560292;SPRF-SC;DEL07-SC;UOP01-DEL07-SC
723709;08/10/2025;quarta-feira;19:16:00;RJ;40;84;PETROPOLIS;Ausência de reação do condutor;Atropelamento de Pedestre;Com Vítimas Feridas;Plena Noite;Crescente;Chuva;Dupla;"Curva;Túnel";Não;3;0;0;1;0;2;1;3;-22,52377604;-43,23765993;SPRF-RJ;DEL01-RJ;UOP01-DEL01-RJ
723710;08/10/2025;quarta-feira;20:15:00;SC;101;142;ITAPEMA;Ausência de reação do condutor;Colisão lateral mesmo sentido;Com Vítimas Feridas;Plena Noite;Decrescente;Céu Claro;Dupla;Reta;Sim;7;0;2;0;4;1;2;3;-27,05988446;-48,59673198;SPRF-SC;DEL04-SC;UOP03-DEL04-SC
723712;08/10/2025;quarta-feira;22:30:00;PR;476;288;SAO MATEUS DO SUL;Ultrapassagem Indevida;Colisão lateral sentido oposto;Com Vítimas Fatais;Plena Noite;Decrescente;Chuva;Simples;Aclive;Não;4;1;0;0;2;2;0;5;-25,92021002;-50,45466363;SPRF-PR;DEL02-PR;UOP03-DEL02-PR
723718;08/10/2025;quarta-feira;22:35:00;SP;116;406,5;MIRACATU;Condutor Dormindo;Colisão traseira;Com Vítimas Fatais;Plena Noite;Decrescente;Garoa/Chuvisco;Dupla;Reta;Não;3;1;0;0;1;3;0;5;-24,32583984;-47,5599829;SPRF-SP;DEL04-SP;UOP02-DEL04-SP
723723;08/10/2025;quarta-feira;23:25:00;SC;282;221,1;LAGES;Pedestre andava na pista;Atropelamento de Pedestre;Com Vítimas Fatais;Plena Noite;Decrescente;Nublado;Simples;Reta;Sim;4;1;0;0;2;1;0;4;-27,79603403;-50,34216106;SPRF-SC;DEL05-SC;UOP01-DEL05-SC
723727;09/10/2025;quinta-feira;03:20:00;SC;282;175,5;BOCAINA DO SUL;Ingestão de álcool pelo condutor;Colisão frontal;Com Vítimas Fatais;Plena Noite;Decrescente;Nublado;Simples;Reta;Não;4;2;0;0;1;1;0;3;-27,740735;-49,896901;SPRF-SC;DEL05-SC;UOP01-DEL05-SC
723728;09/10/2025;quinta-feira;01:00:00;SP;381;0,6;VARGEM;Reação tardia ou ineficiente do condutor;Saída de leito carroçável;Sem Vítimas;Plena Noite;Crescente;Nublado;Dupla;"Reta;Aclive";Não;1;0;0;0;1;0;0;1;-22,8813167;-46,3793833;SPRF-SP;DEL03-SP;UOP02-DEL03-SP
723729;09/10/2025;quinta-feira;02:10:00;SP;116;369;MIRACATU;Reação tardia ou ineficiente do condutor;Saída de leito carroçável;Com Vítimas Feridas;Plena Noite;Crescente;Garoa/Chuvisco;Dupla;Reta;Sim;1;0;1;0;0;0;1;1;-24,15116546;-47,31687886;SPRF-SP;DEL04-SP;UOP02-DEL04-SP
723732;08/10/2025;quarta-feira;18:00:00;SC;282;624,1;IRACEMINHA;Condutor deixou de manter distância do veículo da frente;Colisão traseira;Com Vítimas Feridas;Pleno dia;Decrescente;Sol;Simples;Reta;Não;2;0;1;0;1;0;1;2;-26,7984359;-53,3451144;SPRF-SC;DEL07-SC;UOP02-DEL07-SC
723735;09/10/2025;quinta-feira;05:00:00;MG;50;18,9;ARAGUARI;Reação tardia ou ineficiente do condutor;Colisão traseira;Com Vítimas Feridas;Amanhecer;Crescente;Céu Claro;Dupla;"Reta;Aclive";Não;3;0;1;0;2;0;1;2;-18,566781;-48,059696;SPRF-MG;DEL15-MG;UOP02-DEL15-MG
723741;09/10/2025;quinta-feira;05:30:00;SP;116;134;SAO JOSE DOS CAMPOS;Demais falhas mecânicas ou elétricas;Incêndio;Sem Vítimas;Amanhecer;Crescente;Céu Claro;Múltipla;Reta;Sim;2;0;0;0;1;1;0;2;-23,13996865;-45,76155114;SPRF-SP;DEL02-SP;UOP02-DEL02-SP
723742;09/10/2025;quinta-feira;05:40:00;SC;101;86,7;BARRA VELHA;Desrespeitar a preferência no cruzamento;Colisão transversal;Com Vítimas Feridas;Amanhecer;Decrescente;Chuva;Múltipla;"Interseção de Vias;Declive;Reta;Viaduto";Sim;3;0;1;0;1;1;1;3;-26,63912249;-48,69330375;SPRF-SC;DEL03-SC;UOP02-DEL03-SC
723743;08/10/2025;quarta-feira;19:00:00;MT;70;240;PRIMAVERA DO LESTE;Ausência de reação do condutor;Colisão frontal;Com Vítimas Feridas;Plena Noite;Crescente;Chuva;Simples;Reta;Não;2;0;1;0;1;0;1;2;-15,57732333;-54,3789655;SPRF-MT;DEL05-MT;UOP01-DEL05-MT
723746;09/10/2025;quinta-feira;07:00:00;PR;376;679;GUARATUBA;Reação tardia ou ineficiente do condutor;Tombamento;Com Vítimas Fatais;Pleno dia;Crescente;Garoa/Chuvisco;Dupla;"Curva;Declive";Não;2;1;0;0;0;1;0;2;-25,960585;-48,89989;SPRF-PR;DEL01-PR;UOP04-DEL01-PR
723750;09/10/2025;quinta-feira;06:00:00;PR;153;390;MALLET;Condutor Dormindo;Saída de leito carroçável;Com Vítimas Feridas;Amanhecer;Crescente;Garoa/Chuvisco;Simples;Reta;Sim;2;0;1;0;0;1;1;2;-25,888328;-50,838143;SPRF-PR;DEL08-PR;UOP02-DEL08-PR
723753;08/10/2025;quarta-feira;16:40:00;MT;158;522,2;CANARANA;Ingestão de álcool pelo condutor;Colisão traseira;Sem Vítimas;Pleno dia;Crescente;Céu Claro;Simples;Reta;Não;3;0;0;0;2;4;0;6;-13,703295;-52,02333;SPRF-MT;DEL07-MT;UOP02-DEL07-MT
723756;08/10/2025;quarta-feira;18:15:00;MT;158;454,1;AGUA BOA;Carga excessiva e/ou mal acondicionada;Tombamento;Sem Vítimas;Anoitecer;Crescente;Céu Claro;Simples;Curva;Não;2;0;0;0;1;3;0;4;-14,0869295;-52,1609532;SPRF-MT;DEL07-MT;UOP02-DEL07-MT
723760;09/10/2025;quinta-feira;06:30:00;MG;40;421;CURVELO;Transitar na contramão;Colisão lateral sentido oposto;Com Vítimas Feridas;Amanhecer;Crescente;Céu Claro;Simples;Reta;Sim;3;0;1;0;2;0;1;2;-19,1532651;-44,5450646;SPRF-MG;DEL02-MG;UOP01-DEL02-MG
723763;08/10/2025;quarta-feira;19:06:00;MT;163;991;TERRA NOVA DO NORTE;Reação tardia ou ineficiente do condutor;Saída de leito carroçável;Com Vítimas Feridas;Plena Noite;Decrescente;Chuva;Simples;Reta;Não;1;0;1;0;0;0;1;1;-10,34329103;-55,04098892;SPRF-MT;DEL06-MT;UOP03-DEL06-MT
723764;09/10/2025;quinta-feira;06:15:00;MT;163;745;SORRISO;Ausência de reação do condutor;Colisão traseira;Com Vítimas Feridas;Pleno dia;Crescente;Chuva;Simples;"Reta;Aclive";Não;4;0;2;1;0;1;3;3;-12,607375;-55,75497167;SPRF-MT;DEL06-MT;UOP01-DEL06-MT
723765;09/10/2025;quinta-feira;08:03:00;RS;470;222;GARIBALDI;Reação tardia ou ineficiente do condutor;Colisão frontal;Com Vítimas Fatais;Pleno dia;Decrescente;Céu Claro;Simples;Reta;Sim;4;1;0;0;2;1;0;4;-29,22347643;-51,51613109;SPRF-RS;DEL06-RS;UOP01-DEL06-RS
723770;09/10/2025;quinta-feira;07:40:00;GO;60;38;ALEXANIA;Reação tardia ou ineficiente do condutor;Capotamento;Com Vítimas Feridas;Pleno dia;Decrescente;Céu Claro;Dupla;Curva;Não;2;0;0;1;0;2;1;3;-16,114501;-48,54782;SPRF-DF;DEL03-DF;UOP01-DEL03-DF
723779;09/10/2025;quinta-feira;09:16:00;MG;381;487,5;BETIM;Condutor deixou de manter distância do veículo da frente;Colisão traseira;Com Vítimas Feridas;Pleno dia;Decrescente;Céu Claro;Múltipla;Reta;Sim;3;0;1;0;1;1;1;3;-19,955589;-44,117422;SPRF-MG;DEL01-MG;UOP03-DEL01-MG
723780;11/09/2025;quinta-feira;07:10:00;MT;364;13,1;ALTO ARAGUAIA;Curva acentuada;Tombamento;Com Vítimas Feridas;Pleno dia;Decrescente;Sol;Simples;Rotatória;Não;2;0;1;0;0;1;1;2;-17,2566636;-53,31154916;SPRF-MT;DEL02-MT;UOP02-DEL02-MT
723785;09/10/2025;quinta-feira;07:30:00;PA;316;58;CASTANHAL;Reação tardia ou ineficiente do condutor;Colisão traseira;Com Vítimas Feridas;Pleno dia;Decrescente;Céu Claro;Dupla;Reta;Sim;6;0;0;1;4;1;1;5;-1,299575;-47,972133;SPRF-PA;DEL01-PA;UOP01-DEL01-PA
723790;09/10/2025;quinta-feira;07:00:00;MA;10;251;IMPERATRIZ;Condutor deixou de manter distância do veículo da frente;Engavetamento;Com Vítimas Feridas;Pleno dia;Crescente;Céu Claro;Simples;Reta;Sim;3;0;1;0;2;0;1;3;-5,53715;-47,46822;SPRF-MA;DEL04-MA;UOP01-DEL04-MA
723794;09/10/2025;quinta-feira;09:40:00;AP;210;3;MACAPA;Acessar a via sem observar a presença dos outros veículos;Eventos atípicos;Com Vítimas Feridas;Pleno dia;Crescente;Céu Claro;Simples;"Reta;Declive";Não;2;0;1;0;1;0;1;2;0,09128567;-51,10666275;SPRF-AP;DEL01-AP;UOP01-DEL01-AP
723798;26/08/2025;terça-feira;11:30:00;SE;101;90;NOSSA SENHORA DO SOCORRO;Frear bruscamente;Saída de leito carroçável;Sem Vítimas;Pleno dia;Decrescente;Céu Claro;Dupla;Reta;Sim;3;0;0;0;2;1;0;3;-10,8988007;-37,13176131;SPRF-SE;DEL01-SE;UOP01-DEL01-SE
723800;09/10/2025;quinta-feira;10:30:00;BA;324;517;FEIRA DE SANTANA;Acessar a via sem observar a presença dos outros veículos;Colisão transversal;Com Vítimas Feridas;Pleno dia;Decrescente;Céu Claro;Simples;Reta;Sim;3;0;1;0;1;1;1;3;-12,259345;-38,932195;SPRF-BA;DEL02-BA;UOP01-DEL02-BA
723807;09/10/2025;quinta-feira;10:10:00;PR;277;5,3;PARANAGUA;Condutor deixou de manter distância do veículo da frente;Colisão traseira;Com Vítimas Feridas;Pleno dia;Crescente;Chuva;Dupla;"Aclive;Reta;Viaduto";Sim;3;0;1;0;0;2;1;3;-25,526469;-48,527343;SPRF-PR;DEL01-PR;UOP05-DEL01-PR
723810;09/10/2025;quinta-feira;11:00:00;AL;101;14;NOVO LINO;Problema com o freio;Tombamento;Com Vítimas Feridas;Pleno dia;Crescente;Céu Claro;Dupla;Curva;Não;6;0;6;0;0;0;6;1;-8,982772;-35,674045;SPRF-AL;DEL01-AL;UOP02-DEL01-AL
723812;09/10/2025;quinta-feira;11:24:00;RN;226;214,2;FLORANIA;Reação tardia ou ineficiente do condutor;Saída de leito carroçável;Com Vítimas Feridas;Pleno dia;Decrescente;Céu Claro;Simples;Reta;Não;3;0;1;0;1;1;1;2;-6,16149513;-36,79658532;SPRF-RN;DEL03-RN;UOP02-DEL03-RN
723813;09/10/2025;quinta-feira;12:30:00;SP;116;291;ITAPECERICA DA SERRA;Condutor deixou de manter distância do veículo da frente;Colisão traseira;Com Vítimas Feridas;Pleno dia;Decrescente;Céu Claro;Dupla;Curva;Não;4;0;2;0;1;1;2;4;-23,722412;-46,888473;SPRF-SP;DEL04-SP;UOP01-DEL04-SP
723814;21/02/2025;sexta-feira;23:45:00;SP;116;223;GUARULHOS;Reação tardia ou ineficiente do condutor;Engavetamento;Com Vítimas Feridas;Plena Noite;Decrescente;Céu Claro;Múltipla;Reta;Sim;3;0;1;0;1;1;1;3;-23,47622155;-46,52574241;SPRF-SP;DEL01-SP;UOP01-DEL01-SP
723815;09/10/2025;quinta-feira;12:25:00;MG;153;196,7;FRUTAL;Acessar a via sem observar a presença dos outros veículos;Colisão transversal;Com Vítimas Feridas;Pleno dia;Decrescente;Nublado;Simples;Reta;Não;3;0;1;0;1;4;1;6;-19,844361;-48,9639;SPRF-MG;DEL13-MG;UOP02-DEL13-MG
723816;09/10/2025;quinta-feira;13:15:00;SP;116;147;SAO JOSE DOS CAMPOS;Manobra de mudança de faixa;Colisão lateral mesmo sentido;Com Vítimas Feridas;Pleno dia;Decrescente;Céu Claro;Dupla;Reta;Não;6;0;1;0;4;1;1;3;-23,19539236;-45,87134886;SPRF-SP;DEL02-SP;UOP01-DEL02-SP
723817;09/10/2025;quinta-feira;11:15:00;PR;163;125,6;REALEZA;Condutor deixou de manter distância do veículo da frente;Saída de leito carroçável;Com Vítimas Feridas;Pleno dia;Crescente;Nublado;Simples;Reta;Não;1;0;1;0;0;0;1;1;-25,586898;-53,5608;SPRF-PR;DEL02-PR;UOP02-DEL02-PR
723822;09/10/2025;quinta-feira;11:00:00;PE;110;133,7;IBIMIRIM;Demais falhas mecânicas ou elétricas;Incêndio;Sem Vítimas;Pleno dia;Decrescente;Céu Claro;Simples;Reta;Não;1;0;0;0;0;1;0;1;-8,50690513;-37,58694202;SPRF-PE;DEL04-PE;UOP02-DEL04-PE
723826;09/10/2025;quinta-feira;08:33:00;MT;364;538,3;ROSARIO OESTE;Ausência de reação do condutor;Saída de leito carroçável;Com Vítimas Feridas;Pleno dia;Decrescente;Céu Claro;Simples;Reta;Não;4;0;2;0;0;3;2;3;-14,87312362;-56,46286011;SPRF-MT;DEL01-MT;UOP01-DEL01-MT
723827;23/04/2025;quarta-feira;03:00:00;SC;116;1,3;MAFRA;Suicídio (presumido);Atropelamento de Pedestre;Com Vítimas Fatais;Plena Noite;Crescente;Nublado;Simples;"Retorno Regulamentado;Rotatória;Reta";Sim;3;1;0;0;1;1;0;3;-26,11945;-49,78898;SPRF-SC;DEL06-SC;UOP01-DEL06-SC
723829;09/10/2025;quinta-feira;12:50:00;SC;101;73,1;ARAQUARI;Reação tardia ou ineficiente do condutor;Colisão lateral mesmo sentido;Com Vítimas Feridas;Pleno dia;Decrescente;Chuva;Dupla;Reta;Não;3;0;1;0;2;0;1;3;-26,53812165;-48,71249612;SPRF-SC;DEL03-SC;UOP02-DEL03-SC
723831;12/09/2025;sexta-feira;04:30:00;GO;153;593;PIRACANJUBA;Demais falhas mecânicas ou elétricas;Incêndio;Com Vítimas Feridas;Amanhecer;Crescente;Céu Claro;Dupla;Curva;Não;1;0;1;0;0;0;1;1;-17,48974357;-49,21063471;SPRF-GO;DEL03-GO;UOP01-DEL03-GO
723835;09/10/2025;quinta-feira;14:56:00;ES;262;85;DOMINGOS MARTINS;Condutor deixou de manter distância do veículo da frente;Colisão traseira;Com Vítimas Feridas;Pleno dia;Decrescente;Céu Claro;Simples;Curva;Não;3;0;1;0;2;0;1;2;-20,37977;-41,03814;SPRF-ES;DEL01-ES;UOP02-DEL01-ES
723847;09/10/2025;quinta-feira;12:50:00;MT;163;727;VERA;Condutor deixou de manter distância do veículo da frente;Colisão traseira;Com Vítimas Feridas;Pleno dia;Crescente;Nublado;Simples;Reta;Não;3;0;1;0;1;3;1;5;-12,4427192;-55,4954312;SPRF-MT;DEL06-MT;UOP01-DEL06-MT
723848;09/10/2025;quinta-feira;11:10:00;SC;116;59,9;PAPANDUVA;Acessar a via sem observar a presença dos outros veículos;Colisão transversal;Sem Vítimas;Pleno dia;Decrescente;Chuva;Simples;Interseção de Vias;Não;4;0;0;0;3;1;0;3;-26,381915;-50,215046;SPRF-SC;DEL06-SC;UOP02-DEL06-SC
723849;09/10/2025;quinta-feira;14:25:00;SP;116;504;CAJATI;Reação tardia ou ineficiente do condutor;Saída de leito carroçável;Com Vítimas Feridas;Pleno dia;Decrescente;Garoa/Chuvisco;Dupla;"Curva;Declive";Não;2;0;1;0;0;2;1;3;-24,79063;-48,206043;SPRF-SP;DEL05-SP;UOP02-DEL05-SP
723851;09/10/2025;quinta-feira;13:35:00;RJ;101;295;ITABORAI;Demais falhas mecânicas ou elétricas;Incêndio;Sem Vítimas;Pleno dia;Decrescente;Garoa/Chuvisco;Dupla;Reta;Sim;2;0;0;0;1;1;0;2;-22,76668462;-42,90650368;SPRF-RJ;DEL02-RJ;UOP02-DEL02-RJ
723852;09/10/2025;quinta-feira;16:30:00;RS;287;399;SANTIAGO;Manobra de mudança de faixa;Colisão lateral mesmo sentido;Com Vítimas Feridas;Pleno dia;Decrescente;Céu Claro;Simples;Reta;Sim;3;0;1;0;1;1;1;3;-29,167597;-54,86904;SPRF-RS;DEL12-RS;UOP02-DEL12-RS