id;data_inversa;dia_semana;horario;uf;br;km;municipio;causa_acidente;tipo_acidente;classificacao_acidente;fase_dia;sentido_via;condicao_metereologica;tipo_pista;tracado_via;uso_solo;pessoas;mortos;feridos_leves;feridos_graves;ilesos;ignorados;feridos;veiculos;latitude;longitude;regional;delegacia;uop
723853;09/10/2025;quinta-feira;15:50:00;RJ;101;505;ANGRA DOS REIS;Acessar a via sem observar a presença dos outros veículos;Colisão transversal;Com Vítimas Feridas;Pleno dia;Crescente;Chuva;Simples;Reta;Não;2;0;0;1;1;0;1;2;-22,93541732;-44,3960366;SPRF-RJ;DEL03-RJ;UOP03-DEL03-RJ
723855;09/10/2025;quinta-feira;17:20:00;PR;116;117;CURITIBA;Ultrapassagem Indevida;Colisão transversal;Com Vítimas Feridas;Anoitecer;Crescente;Chuva;Dupla;Curva;Sim;3;0;0;1;2;0;1;2;-25,558905;-49,30670256;SPRF-PR;DEL01-PR;UOP03-DEL01-PR
723857;09/10/2025;quinta-feira;11:30:00;MG;116;815;ALEM PARAIBA;Reação tardia ou ineficiente do condutor;Colisão com objeto;Com Vítimas Feridas;Pleno dia;Crescente;Garoa/Chuvisco;Simples;Curva;Não;3;0;1;0;1;1;1;3;-21,864776;-42,672308;SPRF-MG;DEL07-MG;UOP01-DEL07-MG
723862;09/10/2025;quinta-feira;15:50:00;RN;304;197;LAJES;Mal súbito do condutor;Colisão com objeto;Com Vítimas Fatais;Pleno dia;Decrescente;Sol;Simples;"Reta;Ponte";Não;2;1;0;0;0;2;0;3;-5,712689;-36,194562;SPRF-RN;DEL01-RN;UOP03-DEL01-RN
723867;09/10/2025;quinta-feira;17:35:00;RS;290;577,5;ALEGRETE;Desrespeitar a preferência no cruzamento;Colisão transversal;Com Vítimas Feridas;Pleno dia;Crescente;Sol;Simples;Rotatória;Sim;3;0;1;0;1;1;1;3;-29,82211018;-55,72056771;SPRF-RS;DEL13-RS;UOP02-DEL13-RS
723871;09/10/2025;quinta-feira;18:05:00;BA;324;517;FEIRA DE SANTANA;Acessar a via sem observar a presença dos outros veículos;Atropelamento de Pedestre;Com Vítimas Feridas;Anoitecer;Crescente;Céu Claro;Simples;Reta;Sim;3;0;1;0;1;1;1;3;-12,256163;-38,932295;SPRF-BA;DEL02-BA;UOP01-DEL02-BA
723876;09/10/2025;quinta-feira;15:20:00;MG;50;197,3;DELTA;Objeto estático sobre o leito carroçável;Tombamento;Com Vítimas Feridas;Pleno dia;Decrescente;Céu Claro;Dupla;"Declive;Reta;Em Obras";Não;2;0;1;0;0;1;1;2;-19,90914;-47,83367;SPRF-MG;DEL13-MG;UOP01-DEL13-MG
723877;09/10/2025;quinta-feira;17:55:00;PE;101;83;JABOATAO DOS GUARARAPES;Condutor deixou de manter distância do veículo da frente;Colisão traseira;Sem Vítimas;Plena Noite;Decrescente;Céu Claro;Dupla;Reta;Não;2;0;0;0;2;0;0;2;-8,178347;-34,945824;SPRF-PE;DEL01-PE;UOP01-DEL01-PE
723879;09/10/2025;quinta-feira;14:00:00;MT;174;269;VALE DE SAO DOMINGOS;Acostamento em desnível;Saída de leito carroçável;Com Vítimas Feridas;Pleno dia;Crescente;Céu Claro;Simples;Reta;Não;2;0;1;0;0;2;1;3;-15,3730404;-59,1877712;SPRF-MT;DEL04-MT;UOP01-DEL04-MT
723881;09/10/2025;quinta-feira;12:22:00;PR;476;297,6;SAO MATEUS DO SUL;Desrespeitar a preferência no cruzamento;Colisão transversal;Com Vítimas Feridas;Pleno dia;Decrescente;Garoa/Chuvisco;Simples;Reta;Não;7;0;2;2;2;1;4;3;-25,97387;-50,54581;SPRF-PR;DEL02-PR;UOP03-DEL02-PR
723885;09/10/2025;quinta-feira;14:30:00;SC;153;47,7;VARGEM BONITA;Condutor deixou de manter distância do veículo da frente;Colisão traseira;Sem Vítimas;Pleno dia;Decrescente;Chuva;Simples;"Aclive;Reta";Não;2;0;0;0;2;0;0;1;-26,908894;-51,78425;SPRF-SC;DEL07-SC;UOP07-DEL07-SC
723888;09/10/2025;quinta-feira;12:30:00;BA;30;884;MARAU;Transitar na contramão;Colisão frontal;Com Vítimas Fatais;Pleno dia;Crescente;Céu Claro;Simples;Curva;Não;4;1;0;0;3;0;0;2;-14,211788;-39,053998;SPRF-BA;DEL05-BA;UOP01-DEL05-BA
723891;09/10/2025;quinta-feira;15:30:00;RO;364;11;VILHENA;Acessar a via sem observar a presença dos outros veículos;Colisão transversal;Com Vítimas Feridas;Pleno dia;Crescente;Céu Claro;Dupla;Interseção de Vias;Sim;2;0;1;0;1;0;1;2;-12,74495249;-60,11530995;SPRF-RO;DEL04-RO;UOP01-DEL04-RO
723895;09/10/2025;quinta-feira;16:30:00;MS;163;74;ITAQUIRAI;Pedestre - Ingestão de álcool/ substâncias psicoativas;Atropelamento de Pedestre;Com Vítimas Feridas;Pleno dia;Decrescente;Céu Claro;Simples;"Declive;Reta";Não;3;0;0;1;1;2;1;4;-23,5073324;-54,1885712;SPRF-MS;DEL09-MS;UOP02-DEL09-MS
723900;09/10/2025;quinta-feira;14:55:00;MT;158;713;BARRA DO GARCAS;Ultrapassagem Indevida;Colisão frontal;Com Vítimas Fatais;Pleno dia;Crescente;Céu Claro;Simples;Reta;Não;4;2;0;0;1;3;0;5;-15,173541;-52,183382;SPRF-MT;DEL07-MT;UOP01-DEL07-MT
723901;09/10/2025;quinta-feira;18:40:00;MG;116;586,3;MANHUACU;Pedestre andava na pista;Atropelamento de Pedestre;Com Vítimas Feridas;Plena Noite;Crescente;Céu Claro;Simples;"Declive;Curva";Não;3;0;0;1;1;1;1;3;-20,240189;-42,159227;SPRF-MG;DEL06-MG;UOP03-DEL06-MG
723904;09/10/2025;quinta-feira;18:35:00;MG;365;427,2;PATOS DE MINAS;Pista Escorregadia;Colisão frontal;Com Vítimas Feridas;Pleno dia;Decrescente;Garoa/Chuvisco;Simples;"Declive;Reta";Não;5;0;0;1;3;1;1;3;-18,742292;-46,628495;SPRF-MG;DEL10-MG;UOP01-DEL10-MG
723905;10/09/2025;quarta-feira;21:00:00;MG;116;375,5;MATHIAS LOBATO;Velocidade Incompatível;Colisão traseira;Com Vítimas Feridas;Plena Noite;Crescente;Céu Claro;Simples;Reta;Sim;3;0;0;1;1;1;1;3;-18,57451999;-41,91423476;SPRF-MG;DEL06-MG;UOP01-DEL06-MG
723910;09/10/2025;quinta-feira;21:00:00;RS;290;324,3;CACAPAVA DO SUL;Ingestão de álcool pelo condutor;Colisão frontal;Com Vítimas Feridas;Plena Noite;Crescente;Céu Claro;Simples;Reta;Não;3;0;1;0;1;1;1;3;-30,36748785;-53,43681335;SPRF-RS;DEL09-RS;UOP02-DEL09-RS
723914;09/10/2025;quinta-feira;20:50:00;SP;116;345;MIRACATU;Manobra de mudança de faixa;Colisão com objeto;Com Vítimas Feridas;Plena Noite;Crescente;Garoa/Chuvisco;Dupla;"Reta;Declive";Não;2;0;1;0;0;2;1;3;-24,03448985;-47,18545248;SPRF-SP;DEL04-SP;UOP03-DEL04-SP
723917;09/10/2025;quinta-feira;20:10:00;MG;381;270,9;JAGUARACU;Velocidade Incompatível;Colisão frontal;Com Vítimas Fatais;Plena Noite;Crescente;Céu Claro;Simples;Curva;Não;7;1;2;0;4;0;2;3;-19,55348577;-42,70926118;SPRF-MG;DEL03-MG;UOP02-DEL03-MG
723930;09/10/2025;quinta-feira;23:35:00;MG;381;926;ITAPEVA;Problema com o freio;Incêndio;Sem Vítimas;Plena Noite;Crescente;Garoa/Chuvisco;Dupla;"Reta;Aclive";Não;2;0;0;0;1;3;0;4;-22,7672064;-46,219264;SPRF-MG;DEL16-MG;UOP03-DEL16-MG
723932;09/10/2025;quinta-feira;23:45:00;PR;116;134;FAZENDA RIO GRANDE;Reação tardia ou ineficiente do condutor;Tombamento;Com Vítimas Feridas;Plena Noite;Crescente;Garoa/Chuvisco;Múltipla;"Curva;Aclive";Não;2;0;1;0;0;1;1;2;-25,71394425;-49,31837646;SPRF-PR;DEL01-PR;UOP03-DEL01-PR
723933;10/10/2025;sexta-feira;00:45:00;GO;153;515;APARECIDA DE GOIANIA;Condutor deixou de manter distância do veículo da frente;Colisão traseira;Sem Vítimas;Plena Noite;Crescente;Céu Claro;Dupla;Reta;Sim;3;0;0;0;2;1;0;3;-16,837344;-49,244604;SPRF-GO;DEL01-GO;UOP03-DEL01-GO
723937;10/10/2025;sexta-feira;02:50:00;SC;101;207,6;SAO JOSE;Reação tardia ou ineficiente do condutor;Colisão com objeto;Com Vítimas Feridas;Plena Noite;Decrescente;Chuva;Múltipla;"Declive;Reta";Sim;5;0;2;0;3;0;2;3;-27,602005;-48,628173;SPRF-SC;DEL01-SC;UOP01-DEL01-SC
723938;10/10/2025;sexta-feira;01:30:00;PR;376;624;SAO JOSE DOS PINHAIS;Ausência de reação do condutor;Colisão lateral mesmo sentido;Com Vítimas Feridas;Plena Noite;Decrescente;Chuva;Dupla;Reta;Não;7;0;5;0;1;2;5;4;-25,65192;-49,157278;SPRF-PR;DEL01-PR;UOP04-DEL01-PR
723940;10/10/2025;sexta-feira;03:45:00;MG;381;392;BOM JESUS DO AMPARO;Ausência de reação do condutor;Colisão traseira;Com Vítimas Feridas;Plena Noite;Crescente;Chuva;Dupla;Reta;Sim;4;0;2;0;1;2;2;4;-19,75991845;-43,46637726;SPRF-MG;DEL01-MG;UOP01-DEL01-MG
723941;24/02/2025;segunda-feira;09:15:00;MG;365;490,2;PATROCINIO;Reação tardia ou ineficiente do condutor;Derramamento de carga;Com Vítimas Feridas;Pleno dia;Decrescente;Céu Claro;Simples;Reta;Não;1;0;1;0;0;0;1;1;-18,94460855;-47,29202271;SPRF-MG;DEL10-MG;UOP01-DEL10-MG
723943;10/10/2025;sexta-feira;04:50:00;SP;153;47,2;SAO JOSE DO RIO PRETO;Ausência de reação do condutor;Colisão frontal;Com Vítimas Fatais;Amanhecer;Decrescente;Chuva;Simples;Aclive;Sim;3;1;0;0;1;2;0;4;-20,684349;-49,340042;SPRF-SP;DEL09-SP;UOP01-DEL09-SP
723945;10/10/2025;sexta-feira;01:10:00;PI;316;6;TERESINA;Acessar a via sem observar a presença dos outros veículos;Colisão lateral mesmo sentido;Com Vítimas Feridas;Plena Noite;Crescente;Céu Claro;Múltipla;Reta;Sim;2;0;1;0;1;0;1;2;-5,2679051;-42,7275367;SPRF-PI;DEL01-PI;UOP02-DEL01-PI
723952;19/09/2025;sexta-feira;15:15:00;PR;277;449,3;LARANJEIRAS DO SUL;Ultrapassagem Indevida;Colisão lateral mesmo sentido;Com Vítimas Feridas;Pleno dia;Decrescente;Céu Claro;Simples;Reta;Não;8;0;5;2;1;0;7;4;-25,370559;-52,36968;SPRF-PR;DEL04-PR;UOP02-DEL04-PR
723956;10/10/2025;sexta-feira;06:10:00;BA;101;6,4;RIO REAL;Condutor deixou de manter distância do veículo da frente;Colisão traseira;Com Vítimas Feridas;Pleno dia;Crescente;Céu Claro;Simples;Reta;Não;7;0;1;0;5;4;1;7;-11,539055;-37,854513;SPRF-SE;DEL02-SE;UOP03-DEL02-SE
723959;10/10/2025;sexta-feira;06:45:00;PR;376;495,5;PONTA GROSSA;Condutor deixou de manter distância do veículo da frente;Colisão traseira;Com Vítimas Feridas;Pleno dia;Crescente;Nublado;Dupla;Reta;Não;3;0;1;0;1;1;1;3;-25,16498757;-50,11724424;SPRF-PR;DEL03-PR;UOP04-DEL03-PR
723962;10/10/2025;sexta-feira;06:00:00;MA;226;88;CAXIAS;Reação tardia ou ineficiente do condutor;Tombamento;Com Vítimas Feridas;Pleno dia;Decrescente;Céu Claro;Simples;Curva;Não;1;0;1;0;0;0;1;1;-5,22352061;-43,4875828;SPRF-MA;DEL03-MA;UOP02-DEL03-MA
723968;06/10/2025;segunda-feira;23:20:00;RJ;101;289;ITABORAI;Acessar a via sem observar a presença dos outros veículos;Colisão traseira;Com Vítimas Feridas;Plena Noite;Crescente;Céu Claro;Dupla;Reta;Sim;4;0;3;0;1;0;3;2;-22,76795091;-42,86075592;SPRF-RJ;DEL02-RJ;UOP02-DEL02-RJ
723970;10/10/2025;sexta-feira;07:00:00;PR;369;508;CASCAVEL;Velocidade Incompatível;Tombamento;Com Vítimas Feridas;Pleno dia;Decrescente;Céu Claro;Dupla;"Interseção de Vias;Curva;Viaduto";Sim;2;0;1;0;0;1;1;2;-24,96538151;-53,40406895;SPRF-PR;DEL04-PR;UOP01-DEL04-PR
723979;10/10/2025;sexta-feira;04:08:00;PA;230;1118;ITAITUBA;Transitar na contramão;Colisão frontal;Com Vítimas Feridas;Amanhecer;Decrescente;Céu Claro;Simples;"Aclive;Curva";Não;4;0;1;0;1;5;1;6;-4,3906;-55,959;SPRF-PA;DEL05-PA;UOP02-DEL05-PA
723980;10/10/2025;sexta-feira;06:30:00;MG;251;480;FRANCISCO SA;Demais falhas mecânicas ou elétricas;Incêndio;Sem Vítimas;Pleno dia;Decrescente;Sol;Simples;Curva;Não;2;0;0;0;1;3;0;4;-16,46885641;-43,49123664;SPRF-MG;DEL12-MG;UOP01-DEL12-MG
723981;10/10/2025;sexta-feira;07:20:00;RJ;40;121;DUQUE DE CAXIAS;Trafegar com motocicleta (ou similar) entre as faixas;Colisão lateral mesmo sentido;Com Vítimas Feridas;Pleno dia;Crescente;Nublado;Dupla;Reta;Sim;5;0;1;0;3;2;1;5;-22,78742948;-43,28542468;SPRF-RJ;DEL01-RJ;UOP02-DEL01-RJ
723987;10/10/2025;sexta-feira;08:13:00;PI;343;307,1;ALTOS;Acesso irregular;Colisão transversal;Com Vítimas Feridas;Pleno dia;Crescente;Céu Claro;Simples;"Interseção de Vias;Reta";Sim;2;0;0;1;1;0;1;2;-5,03974418;-42,45931417;SPRF-PI;DEL01-PI;UOP01-DEL01-PI
723992;10/10/2025;sexta-feira;08:45:00;SC;470;36,7;GASPAR;Ausência de reação do condutor;Colisão traseira;Com Vítimas Fatais;Pleno dia;Decrescente;Nublado;Múltipla;Curva;Sim;2;1;0;0;1;0;0;2;-26,91432093;-48,97644639;SPRF-SC;DEL04-SC;UOP01-DEL04-SC
723995;10/10/2025;sexta-feira;08:34:00;SP;116;511;CAJATI;Acumulo de água sobre o pavimento;Colisão lateral mesmo sentido;Sem Vítimas;Pleno dia;Decrescente;Chuva;Dupla;"Curva;Declive";Não;1;0;0;0;1;0;0;1;-24,87460109;-48,22517395;SPRF-SP;DEL05-SP;UOP02-DEL05-SP
723997;10/10/2025;sexta-feira;08:10:00;GO;452;5;RIO VERDE;Manobra de mudança de faixa;Colisão frontal;Com Vítimas Feridas;Pleno dia;Crescente;Céu Claro;Simples;Reta;Não;3;0;0;1;0;2;1;3;-17,814627;-50,853203;SPRF-GO;DEL04-GO;UOP01-DEL04-GO
723999;10/10/2025;sexta-feira;07:40:00;RO;364;482,2;ARIQUEMES;Reação tardia ou ineficiente do condutor;Engavetamento;Com Vítimas Feridas;Pleno dia;Crescente;Céu Claro;Simples;Reta;Não;8;0;3;0;5;0;3;4;-10,129637;-62,880577;SPRF-RO;DEL03-RO;UOP01-DEL03-RO
724000;10/10/2025;sexta-feira;06:30:00;SC;116;132,9;SANTA CECILIA;Reação tardia ou ineficiente do condutor;Tombamento;Com Vítimas Feridas;Amanhecer;Crescente;Nublado;Simples;Rotatória;Não;2;0;1;0;0;1;1;2;-26,913759;-50,444701;SPRF-SC;DEL06-SC;UOP02-DEL06-SC
724001;10/10/2025;sexta-feira;07:30:00;SP;116;108;TAUBATE;Pedestre cruzava a pista fora da faixa;Atropelamento de Pedestre;Com Vítimas Feridas;Pleno dia;Crescente;Céu Claro;Múltipla;Reta;Não;4;0;0;1;1;2;1;3;-23,02393438;-45,53873777;SPRF-SP;DEL02-SP;UOP02-DEL02-SP
724003;01/10/2025;quarta-feira;20:00:00;CE;116;346;ICO;Problema com o freio;Saída de leito carroçável;Sem Vítimas;Plena Noite;Decrescente;Céu Claro;Simples;Curva;Não;3;0;0;0;2;1;0;2;-6,22065;-38,672645;SPRF-CE;DEL05-CE;UOP02-DEL05-CE
724005;10/10/2025;sexta-feira;10:00:00;RJ;393;242;VASSOURAS;Pista Escorregadia;Colisão lateral sentido oposto;Com Vítimas Feridas;Pleno dia;Decrescente;Nublado;Simples;"Curva;Declive";Não;4;0;1;0;2;1;1;4;-22,435652;-43,731749;SPRF-RJ;DEL05-RJ;UOP04-DEL05-RJ
724008;25/09/2025;quinta-feira;21:10:00;SP;381;74;SAO PAULO;Velocidade Incompatível;Tombamento;Com Vítimas Feridas;Plena Noite;Decrescente;Nublado;Dupla;"Aclive;Curva";Não;2;0;1;0;0;1;1;2;-23,3759396;-46,56125277;SPRF-SP;DEL03-SP;UOP01-DEL03-SP
724012;10/10/2025;sexta-feira;10:30:00;MS;163;482,8;CAMPO GRANDE;Retorno proibido;Colisão transversal;Com Vítimas Feridas;Pleno dia;Decrescente;Céu Claro;Simples;Reta;Sim;3;0;1;0;1;3;1;5;-20,45877;-54,54867;SPRF-MS;DEL01-MS;UOP02-DEL01-MS
724014;10/10/2025;sexta-feira;09:50:00;PR;476;168,9;CONTENDA;Condutor deixou de manter distância do veículo da frente;Colisão frontal;Com Vítimas Fatais;Pleno dia;Decrescente;Garoa/Chuvisco;Simples;Reta;Não;7;1;0;4;2;0;4;3;-25,66802011;-49,50164644;SPRF-PR;DEL01-PR;UOP06-DEL01-PR
724020;10/10/2025;sexta-feira;00:25:00;AC;317;276;EPITACIOLANDIA;Reação tardia ou ineficiente do condutor;Tombamento;Com Vítimas Feridas;Plena Noite;Decrescente;Nublado;Simples;Curva;Não;2;0;1;0;0;1;1;2;-10,973793;-68,636347;SPRF-AC;DEL01-AC;UOP02-DEL01-AC
724021;10/10/2025;sexta-feira;04:00:00;MT;364;131;PEDRA PRETA;Demais falhas mecânicas ou elétricas;Incêndio;Sem Vítimas;Plena Noite;Decrescente;Céu Claro;Dupla;"Reta;Aclive";Não;2;0;0;0;1;1;0;2;-16,7847064;-54,15821727;SPRF-MT;DEL02-MT;UOP01-DEL02-MT
724023;10/10/2025;sexta-feira;11:20:00;MG;381;546,5;ITATIAIUCU;Demais falhas mecânicas ou elétricas;Eventos atípicos;Sem Vítimas;Pleno dia;Crescente;Céu Claro;Dupla;"Declive;Reta";Não;2;0;0;0;1;1;0;2;-20,27717299;-44,42759514;SPRF-MG;DEL04-MG;UOP03-DEL04-MG
724042;10/10/2025;sexta-feira;12:50:00;MS;60;341;CAMPO GRANDE;Acesso irregular;Colisão lateral mesmo sentido;Com Vítimas Feridas;Pleno dia;Crescente;Nublado;Simples;"Interseção de Vias;Declive;Reta";Não;5;0;2;1;1;3;3;5;-20,39262;-54,685389;SPRF-MS;DEL01-MS;UOP02-DEL01-MS
724045;10/10/2025;sexta-feira;11:52:00;CE;222;132,4;ITAPAJE;Acessar a via sem observar a presença dos outros veículos;Colisão transversal;Com Vítimas Feridas;Pleno dia;Crescente;Céu Claro;Simples;Curva;Não;2;0;0;1;1;0;1;2;-3,74252574;-39,68412995;SPRF-CE;DEL04-CE;UOP03-DEL04-CE
724048;10/10/2025;sexta-feira;14:00:00;SE;235;54;ITABAIANA;Condutor deixou de manter distância do veículo da frente;Colisão traseira;Com Vítimas Feridas;Pleno dia;Crescente;Céu Claro;Simples;"Interseção de Vias;Reta";Não;2;0;1;0;1;0;1;2;-10,678597;-37,44253;SPRF-SE;DEL01-SE;UOP02-DEL01-SE
724053;10/10/2025;sexta-feira;14:20:00;MG;381;445;SABARA;Transitar no Acostamento;Colisão lateral mesmo sentido;Sem Vítimas;Pleno dia;Crescente;Céu Claro;Simples;Curva;Sim;4;0;0;0;2;2;0;4;-19,83658649;-43,86140998;SPRF-MG;DEL01-MG;UOP01-DEL01-MG
724060;10/10/2025;sexta-feira;15:30:00;SP;116;230,5;SAO PAULO;Ausência de reação do condutor;Colisão lateral mesmo sentido;Com Vítimas Feridas;Pleno dia;Crescente;Garoa/Chuvisco;Múltipla;Reta;Sim;2;0;1;0;1;0;1;2;-23,52265534;-46,58567595;SPRF-SP;DEL01-SP;UOP01-DEL01-SP
724066;10/10/2025;sexta-feira;16:35:00;PB;230;40;SANTA RITA;Ausência de reação do condutor;Colisão traseira;Com Vítimas Feridas;Pleno dia;Decrescente;Céu Claro;Dupla;"Aclive;Reta";Sim;4;0;1;1;2;0;2;4;-7,14187422;-34,97971622;SPRF-PB;DEL01-PB;UOP02-DEL01-PB
724068;10/10/2025;sexta-feira;13:30:00;AL;101;172,4;TEOTONIO VILELA;Demais falhas mecânicas ou elétricas;Incêndio;Sem Vítimas;Pleno dia;Crescente;Céu Claro;Dupla;"Aclive;Curva";Não;3;0;0;0;2;2;0;3;-9,90703088;-36,3377291;SPRF-AL;DEL02-AL;UOP02-DEL02-AL
724070;10/10/2025;sexta-feira;16:00:00;BA;101;105;ALAGOINHAS;Transitar na contramão;Colisão frontal;Com Vítimas Fatais;Pleno dia;Crescente;Sol;Simples;Reta;Sim;6;1;1;2;1;1;3;3;-12,127256;-38,392376;SPRF-BA;DEL01-BA;UOP04-DEL01-BA
724077;10/10/2025;sexta-feira;17:20:00;ES;101;142;LINHARES;Condutor deixou de manter distância do veículo da frente;Colisão traseira;Com Vítimas Feridas;Anoitecer;Crescente;Nublado;Dupla;Reta;Sim;5;0;1;0;4;0;1;2;-19,33396395;-40,06815791;SPRF-ES;DEL04-ES;UOP01-DEL04-ES
724081;10/10/2025;sexta-feira;15:21:00;SE;101;80;LARANJEIRAS;Condutor deixou de manter distância do veículo da frente;Engavetamento;Com Vítimas Feridas;Pleno dia;Decrescente;Céu Claro;Dupla;"Reta;Aclive";Não;3;0;1;0;2;0;1;3;-10,80508291;-37,14022033;SPRF-SE;DEL01-SE;UOP01-DEL01-SE
724084;10/10/2025;sexta-feira;16:38:00;PE;101;93;CABO DE SANTO AGOSTINHO;Reação tardia ou ineficiente do condutor;Tombamento;Com Vítimas Fatais;Anoitecer;Crescente;Céu Claro;Dupla;Reta;Não;2;1;0;0;0;1;0;2;-8,2423;-35,00472;SPRF-PE;DEL01-PE;UOP01-DEL01-PE
724085;10/10/2025;sexta-feira;17:25:00;SC;101;89,6;BARRA VELHA;Condutor deixou de manter distância do veículo da frente;Colisão traseira;Com Vítimas Feridas;Pleno dia;Decrescente;Garoa/Chuvisco;Múltipla;Reta;Não;2;0;1;0;1;0;1;2;-26,6534058;-48,68723059;SPRF-SC;DEL03-SC;UOP02-DEL03-SC
724086;10/10/2025;sexta-feira;16:10:00;MA;135;95,7;ITAPECURU MIRIM;Estacionar ou parar em local proibido;Colisão transversal;Sem Vítimas;Pleno dia;Crescente;Céu Claro;Simples;"Reta;Rotatória";Não;3;0;0;0;3;0;0;2;-3,3321702;-44,44615602;SPRF-MA;DEL01-MA;UOP02-DEL01-MA
724087;10/10/2025;sexta-feira;16:30:00;MG;381;938;EXTREMA;Chuva;Colisão com objeto;Sem Vítimas;Pleno dia;Crescente;Chuva;Dupla;"Reta;Declive";Não;1;0;0;0;1;0;0;1;-22,812975;-46,290335;SPRF-MG;DEL16-MG;UOP03-DEL16-MG
724095;10/10/2025;sexta-feira;12:00:00;MT;163;998;TERRA NOVA DO NORTE;Condutor deixou de manter distância do veículo da frente;Engavetamento;Com Vítimas Feridas;Pleno dia;Crescente;Céu Claro;Simples;"Aclive;Reta";Não;4;0;1;0;2;3;1;6;-10,51057833;-55,074295;SPRF-MT;DEL06-MT;UOP03-DEL06-MT
724097;10/10/2025;sexta-feira;18:06:00;PB;230;21;JOAO PESSOA;Reação tardia ou ineficiente do condutor;Tombamento;Com Vítimas Feridas;Anoitecer;Decrescente;Céu Claro;Dupla;Reta;Sim;3;0;0;1;1;2;1;4;-7,141831;-34,851757;SPRF-PB;DEL01-PB;UOP01-DEL01-PB
724102;10/10/2025;sexta-feira;18:00:00;PE;101;50,2;ABREU E LIMA;Condutor deixou de manter distância do veículo da frente;Tombamento;Com Vítimas Feridas;Plena Noite;Decrescente;Céu Claro;Múltipla;Reta;Sim;3;0;1;0;1;1;1;2;-7,911875;-34,900828;SPRF-PE;DEL01-PE;UOP02-DEL01-PE
724104;10/10/2025;sexta-feira;17:28:00;SC;470;116;IBIRAMA;Acostamento em desnível;Tombamento;Com Vítimas Feridas;Pleno dia;Decrescente;Nublado;Simples;Reta;Sim;3;0;2;0;0;1;2;2;-27,07758;-49,49464;SPRF-SC;DEL04-SC;UOP02-DEL04-SC
724109;10/10/2025;sexta-feira;18:30:00;MG;267;271,7;AIURUOCA;Ingestão de álcool pelo condutor;Colisão frontal;Com Vítimas Feridas;Anoitecer;Crescente;Nublado;Simples;Reta;Não;3;0;0;1;2;0;1;2;-21,935257;-44,65388;SPRF-MG;DEL17-MG;UOP01-DEL17-MG
724128;10/10/2025;sexta-feira;19:00:00;SP;381;69;MAIRIPORA;Reação tardia ou ineficiente do condutor;Colisão traseira;Com Vítimas Feridas;Plena Noite;Crescente;Chuva;Múltipla;Reta;Não;3;0;1;0;1;1;1;3;-23,3467489;-46,5650712;SPRF-SP;DEL03-SP;UOP01-DEL03-SP
724148;10/10/2025;sexta-feira;16:45:00;SP;381;88;GUARULHOS;Ingestão de álcool pelo condutor;Colisão traseira;Com Vítimas Feridas;Pleno dia;Crescente;Chuva;Dupla;Reta;Não;10;0;5;0;3;2;5;4;-23,47854737;-46,56012833;SPRF-SP;DEL03-SP;UOP01-DEL03-SP
724153;10/10/2025;sexta-feira;20:50:00;MG;262;605,9;IBIA;Restrição de visibilidade em curvas horizontais;Colisão traseira;Com Vítimas Feridas;Plena Noite;Decrescente;Céu Claro;Simples;Curva;Não;6;0;0;3;2;1;3;3;-19,58652808;-46,34496689;SPRF-MG;DEL08-MG;UOP02-DEL08-MG
724154;10/10/2025;sexta-feira;18:20:00;RO;364;641,4;CANDEIAS DO JAMARI;Transitar na contramão;Colisão lateral sentido oposto;Sem Vítimas;Anoitecer;Crescente;Chuva;Simples;Curva;Não;6;0;0;0;5;1;0;3;-9,00320745;-63,42116475;SPRF-RO;DEL01-RO;UOP04-DEL01-RO
724157;10/10/2025;sexta-feira;19:30:00;RS;287;499,5;SAO BORJA;Ausência de reação do condutor;Colisão lateral sentido oposto;Com Vítimas Feridas;Plena Noite;Crescente;Céu Claro;Simples;Curva;Não;4;0;1;0;2;1;1;3;-28,72637574;-55,85885239;SPRF-RS;DEL12-RS;UOP01-DEL12-RS
724158;10/10/2025;sexta-feira;22:00:00;SP;116;138;SAO JOSE DOS CAMPOS;Condutor deixou de manter distância do veículo da frente;Colisão traseira;Com Vítimas Feridas;Plena Noite;Decrescente;Garoa/Chuvisco;Dupla;Reta;Não;2;0;1;0;1;0;1;2;-23,15866938;-45,79685211;SPRF-SP;DEL02-SP;UOP01-DEL02-SP
724160;10/10/2025;sexta-feira;19:00:00;MG;116;131,7;ITAOBIM;Demais falhas mecânicas ou elétricas;Incêndio;Sem Vítimas;Plena Noite;Decrescente;Céu Claro;Simples;Curva;Não;2;0;0;0;1;3;0;4;-16,704083;-41,499135;SPRF-MG;DEL11-MG;UOP02-DEL11-MG
724165;10/10/2025;sexta-feira;20:45:00;PR;277;118,5;CAMPO LARGO;Frear bruscamente;Engavetamento;Com Vítimas Feridas;Pleno dia;Decrescente;Garoa/Chuvisco;Dupla;"Declive;Curva";Não;4;0;1;0;2;1;1;4;-25,43544095;-49,54035608;SPRF-PR;DEL03-PR;UOP03-DEL03-PR
724166;10/10/2025;sexta-feira;22:45:00;SP;116;146,9;SAO JOSE DOS CAMPOS;Reação tardia ou ineficiente do condutor;Colisão traseira;Com Vítimas Feridas;Plena Noite;Decrescente;Garoa/Chuvisco;Múltipla;"Reta;Em Obras";Sim;11;0;9;0;1;1;9;3;-23,19380196;-45,86866021;SPRF-SP;DEL02-SP;UOP01-DEL02-SP