id;data_inversa;dia_semana;horario;uf;br;km;municipio;causa_acidente;tipo_acidente;classificacao_acidente;fase_dia;sentido_via;condicao_metereologica;tipo_pista;tracado_via;uso_solo;pessoas;mortos;feridos_leves;feridos_graves;ilesos;ignorados;feridos;veiculos;latitude;longitude;regional;delegacia;uop
724167;10/10/2025;sexta-feira;22:45:00;ES;101;176,8;ARACRUZ;Velocidade Incompatível;Colisão frontal;Com Vítimas Fatais;Pleno dia;Crescente;Nublado;Simples;Reta;Sim;6;2;0;0;1;3;0;4;-19,60167183;-40,20278393;SPRF-ES;DEL04-ES;UOP01-DEL04-ES
724169;10/10/2025;sexta-feira;21:00:00;RJ;116;335;RESENDE;Ausência de reação do condutor;Colisão com objeto;Com Vítimas Feridas;Plena Noite;Crescente;Chuva;Dupla;"Reta;Ponte";Não;2;0;0;1;0;1;1;2;-22,4921653;-44,65402647;SPRF-RJ;DEL07-RJ;UOP02-DEL07-RJ
724172;10/10/2025;sexta-feira;23:30:00;SC;101;337;TUBARAO;Reação tardia ou ineficiente do condutor;Colisão lateral mesmo sentido;Com Vítimas Feridas;Plena Noite;Crescente;Céu Claro;Dupla;Túnel;Sim;3;0;1;0;1;1;1;3;-28,4859276;-49,03745269;SPRF-SC;DEL02-SC;UOP01-DEL02-SC
724178;10/10/2025;sexta-feira;22:45:00;MA;135;228,7;PERITORO;Entrada inopinada do pedestre;Atropelamento de Pedestre;Com Vítimas Fatais;Plena Noite;Crescente;Céu Claro;Simples;Reta;Não;2;1;0;0;0;1;0;2;-4,402948;-44,346093;SPRF-MA;DEL03-MA;UOP01-DEL03-MA
724183;10/10/2025;sexta-feira;23:50:00;SE;235;106;CARIRA;Ingestão de álcool pelo condutor;Colisão frontal;Com Vítimas Feridas;Plena Noite;Decrescente;Céu Claro;Simples;Reta;Não;2;0;1;0;1;0;1;2;-10,339609;-37,717369;SPRF-SE;DEL01-SE;UOP02-DEL01-SE
724186;10/10/2025;sexta-feira;23:40:00;MT;364;348;SANTO ANTONIO DO LEVERGER;Condutor Dormindo;Colisão traseira;Com Vítimas Feridas;Plena Noite;Decrescente;Céu Claro;Dupla;Reta;Não;3;0;1;0;1;4;1;6;-15,8001222;-55,57899707;SPRF-MT;DEL05-MT;UOP02-DEL05-MT
724187;11/10/2025;sábado;00:55:00;SP;381;79;SAO PAULO;Reação tardia ou ineficiente do condutor;Tombamento;Com Vítimas Feridas;Plena Noite;Crescente;Garoa/Chuvisco;Múltipla;"Declive;Curva";Sim;1;0;1;0;0;0;1;1;-23,4085636;-46,5804239;SPRF-SP;DEL03-SP;UOP01-DEL03-SP
724191;11/10/2025;sábado;00:20:00;RJ;393;281,6;VOLTA REDONDA;Ausência de reação do condutor;Colisão traseira;Com Vítimas Feridas;Plena Noite;Decrescente;Nublado;Simples;Reta;Sim;2;0;0;1;0;1;1;2;-22,474282;-44,061054;SPRF-RJ;DEL05-RJ;UOP04-DEL05-RJ
724192;11/10/2025;sábado;02:45:00;PB;101;42,8;MAMANGUAPE;Ausência de reação do condutor;Colisão traseira;Com Vítimas Feridas;Plena Noite;Crescente;Céu Claro;Dupla;Aclive;Não;4;0;1;2;1;0;3;2;-6,862079;-35,13385;SPRF-PB;DEL01-PB;UOP03-DEL01-PB
724193;11/10/2025;sábado;02:19:00;PR;116;113,9;CURITIBA;Ultrapassagem Indevida;Colisão lateral mesmo sentido;Com Vítimas Fatais;Plena Noite;Crescente;Nublado;Dupla;"Reta;Em Obras";Não;3;1;0;0;1;2;0;4;-25,546698;-49,291274;SPRF-PR;DEL01-PR;UOP03-DEL01-PR
724194;11/10/2025;sábado;00:58:00;GO;364;214;JATAI;Condutor Dormindo;Tombamento;Com Vítimas Feridas;Plena Noite;Decrescente;Céu Claro;Simples;Reta;Não;2;0;1;0;0;1;1;2;-17,876372;-51,872967;SPRF-GO;DEL05-GO;UOP01-DEL05-GO
724207;11/10/2025;sábado;03:50:00;MG;364;39;FRUTAL;Manobra de mudança de faixa;Colisão frontal;Com Vítimas Feridas;Plena Noite;Crescente;Chuva;Simples;Reta;Não;4;0;2;2;0;0;4;2;-19,92019992;-48,9608955;SPRF-MG;DEL13-MG;UOP02-DEL13-MG
724208;11/10/2025;sábado;05:30:00;PI;316;388;ALEGRETE DO PIAUI;Acessar a via sem observar a presença dos outros veículos;Colisão transversal;Com Vítimas Fatais;Amanhecer;Decrescente;Céu Claro;Simples;Reta;Não;3;1;0;1;0;2;1;4;-7,265895;-40,842373;SPRF-PI;DEL04-PI;UOP03-DEL04-PI
724209;11/10/2025;sábado;02:40:00;MT;364;327;CAMPO VERDE;Demais falhas mecânicas ou elétricas;Incêndio;Sem Vítimas;Amanhecer;Crescente;Céu Claro;Dupla;Reta;Não;2;0;0;0;1;2;0;3;-15,817;-55,407;SPRF-MT;DEL05-MT;UOP02-DEL05-MT
724214;11/10/2025;sábado;04:00:00;MG;365;253;JOAO PINHEIRO;Velocidade Incompatível;Tombamento;Com Vítimas Feridas;Amanhecer;Decrescente;Céu Claro;Simples;"Declive;Curva";Não;1;0;1;0;0;0;1;1;-17,85555;-45,4689;SPRF-MG;DEL10-MG;UOP02-DEL010-MG
724218;15/09/2025;segunda-feira;06:30:00;BA;101;288;LAJE;Condutor deixou de manter distância do veículo da frente;Colisão lateral sentido oposto;Com Vítimas Feridas;Pleno dia;Crescente;Céu Claro;Simples;Reta;Não;2;0;1;0;1;0;1;2;-13,17390131;-39,31818008;SPRF-BA;DEL01-BA;UOP02-DEL01-BA
724219;10/10/2025;sexta-feira;22:30:00;PI;135;541;SAO GONCALO DO GURGUEIA;Ausência de reação do condutor;Saída de leito carroçável;Com Vítimas Fatais;Plena Noite;Decrescente;Céu Claro;Simples;"Declive;Curva";Não;2;1;0;0;0;3;0;4;-10,0543083;-45,28463459;SPRF-PI;DEL03-PI;UOP02-DEL03-PI
724234;11/10/2025;sábado;05:01:00;MG;40;282;TRES MARIAS;Acessar a via sem observar a presença dos outros veículos;Colisão lateral mesmo sentido;Com Vítimas Feridas;Amanhecer;Crescente;Céu Claro;Simples;Curva;Sim;5;0;2;0;2;1;2;4;-18,251122;-45,194289;SPRF-MG;DEL14-MG;UOP02-DEL14-MG
724235;11/10/2025;sábado;07:10:00;PR;116;86;PIRAQUARA;Ingestão de álcool pelo condutor;Colisão transversal;Sem Vítimas;Pleno dia;Crescente;Céu Claro;Dupla;Curva;Não;3;0;0;0;3;0;0;3;-25,46346429;-49,09003207;SPRF-PR;DEL01-PR;UOP02-DEL01-PR
724236;16/09/2025;terça-feira;09:50:00;BA;242;286;LAJEDINHO;Reação tardia ou ineficiente do condutor;Colisão frontal;Com Vítimas Feridas;Pleno dia;Decrescente;Céu Claro;Simples;Reta;Não;3;0;2;0;0;2;2;4;-12,44066672;-40,77092618;SPRF-BA;DEL06-BA;UOP02-DEL06-BA
724238;11/10/2025;sábado;08:25:00;ES;101;358,3;ANCHIETA;Mal súbito do condutor;Colisão lateral sentido oposto;Com Vítimas Feridas;Pleno dia;Crescente;Céu Claro;Simples;"Reta;Aclive";Não;3;0;0;1;1;1;1;3;-20,694;-40,7066;SPRF-ES;DEL03-ES;UOP01-DEL03-ES
724239;11/10/2025;sábado;07:45:00;MG;381;486;BETIM;Condutor Dormindo;Colisão lateral mesmo sentido;Com Vítimas Feridas;Pleno dia;Crescente;Céu Claro;Dupla;"Declive;Curva";Sim;2;0;1;0;1;0;1;2;-19,996569;-44,2090402;SPRF-MG;DEL01-MG;UOP03-DEL01-MG
724242;11/10/2025;sábado;07:10:00;PE;101;9;GOIANA;Frear bruscamente;Colisão com objeto;Sem Vítimas;Pleno dia;Decrescente;Céu Claro;Dupla;Reta;Não;1;0;0;0;1;0;0;1;-7,55330588;-34,99165457;SPRF-PE;DEL01-PE;UOP02-DEL01-PE
724243;11/10/2025;sábado;08:00:00;SC;163;73,8;SAO MIGUEL DO OESTE;Transitar na contramão;Colisão frontal;Com Vítimas Feridas;Pleno dia;Decrescente;Céu Claro;Simples;"Aclive;Reta";Não;3;0;1;0;1;2;1;4;-26,68552168;-53,51451159;SPRF-SC;DEL07-SC;UOP03-DEL07-SC
724246;11/10/2025;sábado;06:00:00;GO;20;132;FLORES DE GOIAS;Ausência de reação do condutor;Colisão lateral sentido oposto;Com Vítimas Feridas;Pleno dia;Crescente;Céu Claro;Simples;Curva;Não;3;0;1;0;1;3;1;5;-14,86122199;-46,80822757;SPRF-DF;DEL02-DF;UOP03-DEL02-DF
724247;11/10/2025;sábado;07:20:00;AC;364;126,9;RIO BRANCO;Condutor deixou de manter distância do veículo da frente;Colisão traseira;Com Vítimas Feridas;Pleno dia;Crescente;Céu Claro;Simples;Reta;Não;3;0;0;1;1;1;1;3;-10,022728;-67,816479;SPRF-AC;DEL01-AC;UOP01-DEL01-AC
724252;11/10/2025;sábado;08:30:00;RJ;116;148;DUQUE DE CAXIAS;Acesso irregular;Colisão frontal;Com Vítimas Feridas;Pleno dia;Decrescente;Céu Claro;Simples;Reta;Sim;3;0;1;0;1;1;1;3;-22,67026377;-43,27386975;SPRF-RJ;DEL01-RJ;UOP02-DEL01-RJ
724256;11/10/2025;sábado;09:56:00;SP;116;206;GUARULHOS;Reação tardia ou ineficiente do condutor;Colisão traseira;Sem Vítimas;Pleno dia;Crescente;Céu Claro;Múltipla;Reta;Sim;3;0;0;0;2;1;0;3;-23,41680416;-46,37480537;SPRF-SP;DEL01-SP;UOP01-DEL01-SP
724266;11/10/2025;sábado;10:30:00;PE;232;36;MORENO;Manobra de mudança de faixa;Colisão lateral mesmo sentido;Sem Vítimas;Pleno dia;Decrescente;Céu Claro;Dupla;Reta;Não;2;0;0;0;2;0;0;2;-8,10704899;-35,18315189;SPRF-PE;DEL02-PE;UOP02-DEL02PE
724272;10/10/2025;sexta-feira;08:00:00;MG;365;538;ROMARIA;Reação tardia ou ineficiente do condutor;Tombamento;Com Vítimas Feridas;Pleno dia;Crescente;Céu Claro;Simples;Curva;Não;2;0;1;0;0;2;1;3;-18,9309;-47,55879;SPRF-MG;DEL10-MG;UOP01-DEL10-MG
724275;11/10/2025;sábado;11:05:00;PB;101;31,4;RIO TINTO;Condutor Dormindo;Colisão traseira;Com Vítimas Feridas;Pleno dia;Crescente;Sol;Dupla;"Declive;Reta";Não;3;0;1;0;1;1;1;3;-6,762312;-35,133862;SPRF-PB;DEL01-PB;UOP03-DEL01-PB
724280;11/10/2025;sábado;12:00:00;MG;381;437;SANTA LUZIA;Acessar a via sem observar a presença dos outros veículos;Colisão transversal;Com Vítimas Feridas;Pleno dia;Decrescente;Céu Claro;Simples;Reta;Não;2;0;1;0;1;0;1;2;-19,81392;-43,79886;SPRF-MG;DEL01-MG;UOP01-DEL01-MG
724290;11/10/2025;sábado;12:45:00;PR;376;676;GUARATUBA;Problema com o freio;Colisão traseira;Com Vítimas Fatais;Pleno dia;Crescente;Nublado;Dupla;"Reta;Declive";Não;4;1;1;0;1;1;1;3;-25,93229984;-48,91176431;SPRF-PR;DEL01-PR;UOP04-DEL01-PR
724296;11/10/2025;sábado;13:30:00;RJ;116;283,8;BARRA MANSA;Manobra de mudança de faixa;Colisão lateral mesmo sentido;Sem Vítimas;Pleno dia;Crescente;Céu Claro;Dupla;Curva;Não;4;0;0;0;3;1;0;3;-22,4870133;-44,24713612;SPRF-RJ;DEL07-RJ;UOP02-DEL07-RJ
724297;11/10/2025;sábado;12:30:00;PR;376;37,9;NOVA LONDRINA;Velocidade Incompatível;Tombamento;Com Vítimas Feridas;Pleno dia;Crescente;Sol;Simples;"Interseção de Vias;Rotatória";Não;1;0;1;0;0;0;1;1;-22,8117296;-53,01908612;SPRF-PR;DEL09-PR;UOP02-DEL09-PR
724299;11/10/2025;sábado;12:05:00;RS;293;122;PINHEIRO MACHADO;Demais falhas mecânicas ou elétricas;Incêndio;Sem Vítimas;Pleno dia;Decrescente;Céu Claro;Simples;"Declive;Curva";Não;1;0;0;0;1;0;0;1;-31,52280046;-53,51629257;SPRF-RS;DEL11-RS;UOP03-DEL11-RS
724306;19/09/2025;sexta-feira;03:30:00;PR;373;258,9;PRUDENTOPOLIS;Transitar na contramão;Colisão frontal;Com Vítimas Fatais;Plena Noite;Crescente;Céu Claro;Simples;Curva;Sim;5;1;0;2;0;3;2;5;-25,199596;-50,92712;SPRF-PR;DEL08-PR;UOP01-DEL08-PR
724314;27/07/2025;domingo;13:30:00;MG;381;908,1;CAMBUI;Velocidade Incompatível;Tombamento;Com Vítimas Feridas;Pleno dia;Decrescente;Céu Claro;Dupla;"Curva;Declive";Não;2;0;1;0;0;1;1;2;-22,67468999;-46,09424382;SPRF-MG;DEL16-MG;UOP03-DEL16-MG
724315;11/10/2025;sábado;15:00:00;BA;101;482;ILHEUS;Ultrapassagem Indevida;Colisão lateral sentido oposto;Com Vítimas Feridas;Pleno dia;Decrescente;Céu Claro;Simples;Reta;Não;2;0;0;1;1;0;1;2;-14,6332306;-39,333448;SPRF-BA;DEL05-BA;UOP01-DEL05-BA
724329;11/10/2025;sábado;15:40:00;PR;116;111,8;CURITIBA;Manobra de mudança de faixa;Colisão lateral mesmo sentido;Com Vítimas Feridas;Pleno dia;Decrescente;Nublado;Dupla;Reta;Sim;6;0;3;0;2;4;3;7;-25,5553857;-49,2732131;SPRF-PR;DEL01-PR;UOP03-DEL01-PR
724332;11/10/2025;sábado;12:35:00;RJ;116;229;PIRAI;Ausência de reação do condutor;Colisão com objeto;Com Vítimas Fatais;Pleno dia;Decrescente;Céu Claro;Dupla;"Curva;Declive";Não;1;1;0;0;0;0;0;1;-22,67812856;-43,83473961;SPRF-RJ;DEL07-RJ;UOP01-DEL07-RJ
724339;11/10/2025;sábado;16:00:00;ES;262;99,9;DOMINGOS MARTINS;Condutor Dormindo;Colisão frontal;Com Vítimas Feridas;Pleno dia;Crescente;Céu Claro;Simples;"Curva;Declive";Não;3;0;1;0;1;1;1;3;-20,41572156;-40,91710925;SPRF-ES;DEL01-ES;UOP02-DEL01-ES
724345;11/10/2025;sábado;16:00:00;ES;262;65;MARECHAL FLORIANO;Conversão proibida;Colisão transversal;Com Vítimas Feridas;Pleno dia;Crescente;Nublado;Simples;Curva;Não;4;0;1;1;2;0;2;3;-20,41234;-40,832114;SPRF-ES;DEL01-ES;UOP02-DEL01-ES
724353;11/10/2025;sábado;16:00:00;MG;40;282,3;TEOFILO OTONI;Transitar no Acostamento;Saída de leito carroçável;Com Vítimas Feridas;Pleno dia;Crescente;Céu Claro;Simples;"Reta;Declive";Não;1;0;1;0;0;0;1;1;-17,90428;-41,52263;SPRF-MG;DEL14-MG;UOP02-DEL14-MG
724361;11/10/2025;sábado;16:30:00;BA;242;225;ITABERABA;Demais falhas mecânicas ou elétricas;Incêndio;Sem Vítimas;Pleno dia;Crescente;Céu Claro;Simples;Reta;Sim;2;0;0;0;1;1;0;2;-12,52443644;-40,2727604;SPRF-BA;DEL06-BA;UOP02-DEL06-BA
724366;11/10/2025;sábado;17:20:00;BA;407;172;PONTO NOVO;Acessar a via sem observar a presença dos outros veículos;Colisão transversal;Com Vítimas Feridas;Pleno dia;Crescente;Céu Claro;Simples;Rotatória;Sim;2;0;1;0;1;0;1;2;-10,86273666;-40,11161721;SPRF-BA;DEL04-BA;UOP02-DEL04-BA
724371;11/10/2025;sábado;19:00:00;PR;476;167;CONTENDA;Reação tardia ou ineficiente do condutor;Colisão lateral mesmo sentido;Com Vítimas Feridas;Anoitecer;Crescente;Nublado;Simples;Reta;Não;3;0;1;0;2;0;1;2;-25,66804968;-49,50173068;SPRF-PR;DEL01-PR;UOP06-DEL01-PR
724375;06/10/2025;segunda-feira;00:50:00;BA;116;729;BOA NOVA;Velocidade Incompatível;Colisão traseira;Com Vítimas Feridas;Plena Noite;Crescente;Céu Claro;Simples;Reta;Sim;3;0;1;1;0;1;2;3;-14,303467;-40,317878;SPRF-BA;DEL08-BA;UOP02-DEL08-BA
724381;11/10/2025;sábado;01:50:00;SP;116;522;CAJATI;Estacionar ou parar em local proibido;Engavetamento;Com Vítimas Feridas;Plena Noite;Crescente;Garoa/Chuvisco;Simples;Curva;Não;4;0;1;1;1;3;2;6;-24,895178;-48,244967;SPRF-SP;DEL05-SP;UOP02-DEL05-SP
724391;11/10/2025;sábado;18:05:00;BA;330;816;JITAUNA;Ultrapassagem Indevida;Colisão lateral sentido oposto;Com Vítimas Feridas;Plena Noite;Crescente;Nublado;Simples;Reta;Não;2;0;0;1;1;0;1;2;-14,00774;-39,875285;SPRF-BA;DEL03-BA;UOP01-DEL03-BA
724394;11/10/2025;sábado;20:50:00;MG;251;517;MONTES CLAROS;Demais falhas mecânicas ou elétricas;Colisão com objeto;Sem Vítimas;Plena Noite;Crescente;Ignorado;Simples;"Reta;Declive;Ponte";Não;1;0;0;0;1;0;0;1;-16,662399;-43,7616868;SPRF-MG;DEL12-MG;UOP01-DEL12-MG
724412;11/10/2025;sábado;15:30:00;MT;364;729;DIAMANTINO;Reação tardia ou ineficiente do condutor;Incêndio;Sem Vítimas;Pleno dia;Crescente;Céu Claro;Simples;Reta;Não;2;0;0;0;1;1;0;2;-14,168373;-57,242999;SPRF-MT;DEL01-MT;UOP01-DEL01-MT
724426;11/10/2025;sábado;14:00:00;MT;364;486,5;JANGADA;Chuva;Saída de leito carroçável;Com Vítimas Feridas;Pleno dia;Decrescente;Chuva;Simples;"Aclive;Curva";Não;3;0;1;0;1;1;1;3;-15,289364;-56,434871;SPRF-MT;DEL01-MT;UOP02-DEL01-MT
724440;11/10/2025;sábado;22:00:00;MT;364;1,8;ALTO ARAGUAIA;Ingestão de álcool pelo condutor;Colisão com objeto;Sem Vítimas;Plena Noite;Crescente;Céu Claro;Simples;"Curva;Declive";Sim;2;0;0;0;1;1;0;2;-17,31046643;-53,22233539;SPRF-MT;DEL02-MT;UOP02-DEL02-MT
724442;12/10/2025;domingo;00:10:00;RJ;40;111;DUQUE DE CAXIAS;Reação tardia ou ineficiente do condutor;Colisão lateral mesmo sentido;Sem Vítimas;Plena Noite;Decrescente;Nublado;Múltipla;Reta;Sim;3;0;0;0;3;0;0;2;-22,69194285;-43,28737736;SPRF-RJ;DEL01-RJ;UOP02-DEL01-RJ
724443;12/10/2025;domingo;00:30:00;BA;242;612;IBOTIRAMA;Ausência de reação do condutor;Saída de leito carroçável;Com Vítimas Feridas;Plena Noite;Decrescente;Céu Claro;Simples;Reta;Não;2;0;0;1;0;3;1;4;-12,170745;-43,196606;SPRF-BA;DEL10-BA;UOP01-DEL10-BA
724448;12/10/2025;domingo;01:05:00;MG;116;715,3;MURIAE;Curva acentuada;Colisão lateral sentido oposto;Com Vítimas Feridas;Plena Noite;Crescente;Céu Claro;Simples;Curva;Não;3;0;1;0;1;1;1;3;-21,213194;-42,389644;SPRF-MG;DEL07-MG;UOP02-DEL07-MG
724450;11/10/2025;sábado;23:43:00;RO;364;243;CACOAL;Transitar na contramão;Colisão lateral sentido oposto;Com Vítimas Feridas;Plena Noite;Crescente;Nublado;Simples;Reta;Não;3;0;1;0;1;3;1;5;-11,44040438;-61,50489807;SPRF-RO;DEL02-RO;UOP02-DEL02-RO
724468;12/10/2025;domingo;05:00:00;MG;251;474,4;FRANCISCO SA;Avarias e/ou desgaste excessivo no pneu;Tombamento;Com Vítimas Fatais;Amanhecer;Crescente;Céu Claro;Simples;"Declive;Curva";Não;1;1;0;0;0;0;0;1;-16,467353;-43,439715;SPRF-MG;DEL12-MG;UOP01-DEL12-MG
724469;12/10/2025;domingo;03:00:00;MG;381;618;OLIVEIRA;Ausência de reação do condutor;Colisão traseira;Com Vítimas Feridas;Plena Noite;Decrescente;Céu Claro;Dupla;Reta;Não;3;0;1;0;1;1;1;3;-20,73961019;-44,7712209;SPRF-MG;DEL04-MG;UOP01-DEL04-MG
724483;12/10/2025;domingo;06:20:00;RJ;493;20;MAGE;Acessar a via sem observar a presença dos outros veículos;Atropelamento de Pedestre;Com Vítimas Fatais;Pleno dia;Decrescente;Céu Claro;Simples;Reta;Não;2;1;0;0;0;1;0;2;-22,66173939;-43,04454942;SPRF-RJ;DEL04-RJ;UOP02-DEL04-RJ
724502;12/10/2025;domingo;05:26:00;SP;116;337;JUQUITIBA;Acessar a via sem observar a presença dos outros veículos;Atropelamento de Pedestre;Com Vítimas Feridas;Plena Noite;Crescente;Nublado;Dupla;Reta;Não;3;0;0;1;1;1;1;3;-23,98531847;-47,14776127;SPRF-SP;DEL04-SP;UOP03-DEL04-SP
724509;12/10/2025;domingo;07:40:00;BA;324;541;AMELIA RODRIGUES;Ausência de reação do condutor;Colisão lateral mesmo sentido;Com Vítimas Feridas;Pleno dia;Decrescente;Céu Claro;Dupla;Reta;Não;6;0;4;0;1;3;4;5;-12,396935;-38,768333;SPRF-BA;DEL01-BA;UOP03-DEL01-BA
724512;12/10/2025;domingo;08:15:00;MG;381;871;POUSO ALEGRE;Ausência de reação do condutor;Colisão lateral mesmo sentido;Com Vítimas Feridas;Pleno dia;Decrescente;Céu Claro;Dupla;Reta;Não;3;0;1;0;1;2;1;4;-22,39867545;-45,96000981;SPRF-MG;DEL16-MG;UOP01-DEL16-MG
724522;12/10/2025;domingo;10:40:00;RS;386;402,6;MONTENEGRO;Condutor usando celular;Colisão traseira;Com Vítimas Feridas;Pleno dia;Decrescente;Chuva;Simples;"Aclive;Reta";Não;2;0;1;0;1;0;1;2;-29,767411;-51,580117;SPRF-RS;DEL04-RS;UOP02-DEL04-RS
724536;12/10/2025;domingo;12:53:00;SP;153;64,1;SAO JOSE DO RIO PRETO;Manobra de mudança de faixa;Colisão traseira;Com Vítimas Feridas;Pleno dia;Decrescente;Nublado;Dupla;Reta;Sim;5;0;3;0;1;1;3;3;-20,83127877;-49,36228037;SPRF-SP;DEL09-SP;UOP01-DEL09-SP
724538;12/10/2025;domingo;07:00:00;RO;364;467;ARIQUEMES;Ultrapassagem Indevida;Colisão lateral sentido oposto;Com Vítimas Feridas;Amanhecer;Crescente;Céu Claro;Simples;Curva;Não;2;0;2;0;0;0;2;2;-10,21198696;-62,77281046;SPRF-RO;DEL03-RO;UOP01-DEL03-RO
724543;12/10/2025;domingo;13:22:00;RS;158;214;CRUZ ALTA;Ultrapassagem Indevida;Saída de leito carroçável;Com Vítimas Feridas;Pleno dia;Crescente;Céu Claro;Simples;Reta;Não;4;0;1;0;0;3;1;4;-28,75312318;-53,59538019;SPRF-RS;DEL10-RS;UOP02-DEL10-RS
724548;12/10/2025;domingo;13:25:00;MG;251;478,8;FRANCISCO SA;Acessar a via sem observar a presença dos outros veículos;Colisão transversal;Com Vítimas Feridas;Pleno dia;Crescente;Nublado;Simples;"Reta;Rotatória;Interseção de Vias;Em Obras";Sim;3;0;1;0;1;1;1;3;-16,470343;-43,447513;SPRF-MG;DEL12-MG;UOP01-DEL12-MG
724558;12/10/2025;domingo;14:30:00;SC;280;165,8;MAFRA;Acessar a via sem observar a presença dos outros veículos;Colisão transversal;Com Vítimas Feridas;Pleno dia;Decrescente;Chuva;Simples;Reta;Sim;3;0;1;0;1;1;1;3;-26,179944;-49,813896;SPRF-SC;DEL06-SC;UOP01-DEL06-SC
724564;12/10/2025;domingo;08:25:00;MG;116;165;PADRE PARAISO;Transitar na contramão;Colisão frontal;Com Vítimas Fatais;Pleno dia;Decrescente;Céu Claro;Simples;"Curva;Declive";Não;4;1;1;0;1;2;1;4;-16,981;-41,448;SPRF-MG;DEL11-MG;UOP02-DEL11-MG
724571;12/10/2025;domingo;12:40:00;BA;116;287;TUCANO;Ausência de reação do condutor;Colisão traseira;Com Vítimas Fatais;Pleno dia;Crescente;Céu Claro;Simples;"Reta;Ponte";Sim;2;1;0;0;0;1;0;2;-11,06335;-38,83846;SPRF-BA;DEL07-BA;UOP02-DEL07-BA
724629;12/10/2025;domingo;15:30:00;PR;373;235;IMBITUVA;Condutor deixou de manter distância do veículo da frente;Tombamento;Sem Vítimas;Pleno dia;Decrescente;Chuva;Dupla;"Aclive;Curva";Não;2;0;0;0;1;2;0;3;-25,18053055;-50,71608675;SPRF-PR;DEL03-PR;UOP01-DEL03-PR
724646;12/10/2025;domingo;17:07:00;MG;116;30;CACHOEIRA DE PAJEU;Transitar na contramão;Colisão transversal;Com Vítimas Fatais;Anoitecer;Crescente;Céu Claro;Simples;Reta;Não;3;1;0;0;1;2;0;4;-15,904978;-41,408953;SPRF-MG;DEL11-MG;UOP02-DEL11-MG
724648;12/10/2025;domingo;16:50:00;MG;116;257;TEOFILO OTONI;Ausência de reação do condutor;Tombamento;Com Vítimas Fatais;Anoitecer;Decrescente;Céu Claro;Simples;Reta;Não;4;1;0;1;0;2;1;2;-17,70425;-41,485123;SPRF-MG;DEL11-MG;UOP01-DEL11-MG
724651;12/10/2025;domingo;20:41:00;ES;101;64;SAO MATEUS;Ultrapassagem Indevida;Colisão frontal;Com Vítimas Feridas;Plena Noite;Decrescente;Céu Claro;Simples;Reta;Sim;3;0;1;0;2;0;1;2;-18,69906;-39,86497;SPRF-ES;DEL04-ES;UOP02-DEL04-ES
724653;12/10/2025;domingo;17:25:00;MT;174;320;PONTES E LACERDA;Condutor usando celular;Colisão lateral sentido oposto;Com Vítimas Feridas;Pleno dia;Crescente;Sol;Simples;Reta;Não;4;0;2;0;1;2;2;4;-14,942761;-59,29109;SPRF-MT;DEL04-MT;UOP01-DEL04-MT
724656;12/10/2025;domingo;19:35:00;PR;369;434,8;UBIRATA;Transitar na contramão;Colisão frontal;Com Vítimas Feridas;Plena Noite;Crescente;Nublado;Simples;Reta;Não;2;0;0;1;0;1;1;2;-24,552308;-53,010157;SPRF-PR;DEL04-PR;UOP03-DEL04-PR
724661;12/10/2025;domingo;19:20:00;MS;262;321;CAMPO GRANDE;Acessar a via sem observar a presença dos outros veículos;Colisão transversal;Com Vítimas Feridas;Plena Noite;Decrescente;Céu Claro;Simples;"Reta;Retorno Regulamentado";Não;3;0;1;0;1;1;1;3;-20,469877;-54,483607;SPRF-MS;DEL01-MS;UOP01-DEL01-MS
724673;12/10/2025;domingo;18:30:00;RN;405;126,7;TABOLEIRO GRANDE;Demais falhas mecânicas ou elétricas;Tombamento;Com Vítimas Feridas;Plena Noite;Crescente;Céu Claro;Simples;Curva;Não;2;0;1;0;0;2;1;3;-5,937187;-38,111926;SPRF-RN;DEL04-RN;UOP02-DEL04-RN
724678;12/10/2025;domingo;22:18:00;MA;316;161,3;ARAGUANA;Manobra de mudança de faixa;Colisão frontal;Com Vítimas Feridas;Plena Noite;Decrescente;Céu Claro;Simples;Reta;Sim;2;0;0;1;1;0;1;2;-2,949342;-45,665928;SPRF-MA;DEL02-MA;UOP02-DEL02-MA
724679;12/10/2025;domingo;14:30:00;PA;230;231;NOVO REPARTIMENTO;Mal súbito do condutor;Colisão com objeto;Com Vítimas Fatais;Pleno dia;Decrescente;Céu Claro;Simples;Curva;Não;1;1;0;0;0;0;0;1;-4,71643;-49,66273;SPRF-PA;DEL03-PA;UOP01-DEL03-PA
724683;12/10/2025;domingo;22:30:00;MG;251;464;FRANCISCO SA;Condutor deixou de manter distância do veículo da frente;Colisão traseira;Com Vítimas Feridas;Plena Noite;Crescente;Céu Claro;Simples;Reta;Não;4;0;2;0;1;1;2;3;-16,42241;-43,32174;SPRF-MG;DEL12-MG;UOP01-DEL12-MG
724687;12/10/2025;domingo;20:15:00;SC;280;267,5;IRINEOPOLIS;Transitar na contramão;Colisão frontal;Com Vítimas Feridas;Plena Noite;Decrescente;Nublado;Simples;Reta;Não;4;0;1;0;1;2;1;4;-26,26437656;-50,70469949;SPRF-SC;DEL06-SC;UOP04-DEL06-SC
724690;12/10/2025;domingo;22:50:00;SE;101;201;CRISTINAPOLIS;Ingestão de álcool pelo condutor;Colisão frontal;Com Vítimas Feridas;Plena Noite;Decrescente;Nublado;Simples;"Reta;Declive";Não;2;0;0;1;0;1;1;2;-11,49405;-37,776882;SPRF-SE;DEL02-SE;UOP03-DEL02-SE