id;data_inversa;dia_semana;horario;uf;br;km;municipio;causa_acidente;tipo_acidente;classificacao_acidente;fase_dia;sentido_via;condicao_metereologica;tipo_pista;tracado_via;uso_solo;pessoas;mortos;feridos_leves;feridos_graves;ilesos;ignorados;feridos;veiculos;latitude;longitude;regional;delegacia;uop
724691;12/10/2025;domingo;23:50:00;GO;153;667;GOIATUBA;Reação tardia ou ineficiente do condutor;Saída de leito carroçável;Com Vítimas Feridas;Plena Noite;Crescente;Chuva;Dupla;Curva;Não;1;0;1;0;0;0;1;1;-18,11280285;-49,27861512;SPRF-GO;DEL03-GO;UOP02-DEL03-GO
724692;12/10/2025;domingo;18:45:00;MT;364;89,6;ALTO GARCAS;Ausência de reação do condutor;Saída de leito carroçável;Com Vítimas Fatais;Plena Noite;Crescente;Céu Claro;Simples;Curva;Não;3;1;0;0;1;2;0;3;-16,83811774;-53,78158903;SPRF-MT;DEL02-MT;UOP02-DEL02-MT
724695;12/10/2025;domingo;22:00:00;MG;116;307,1;ITAMBACURI;Reação tardia ou ineficiente do condutor;Colisão traseira;Com Vítimas Feridas;Plena Noite;Crescente;Nublado;Simples;Reta;Não;2;0;1;0;0;1;1;2;-18,047965;-41,663137;SPRF-MG;DEL11-MG;UOP01-DEL11-MG
724697;12/10/2025;domingo;20:35:00;BA;101;547;SAO JOSE DA VITORIA;Velocidade Incompatível;Colisão lateral sentido oposto;Com Vítimas Feridas;Plena Noite;Crescente;Céu Claro;Simples;Curva;Não;3;0;1;0;1;1;1;3;-15,115163;-39,373347;SPRF-BA;DEL05-BA;UOP02-DEL05-BA
724699;12/10/2025;domingo;13:30:00;AM;319;316;MANICORE;Objeto estático sobre o leito carroçável;Colisão com objeto;Com Vítimas Feridas;Pleno dia;Decrescente;Céu Claro;Simples;"Reta;Ponte";Não;4;0;1;0;2;1;1;3;-5,047818;-61,64634;SPRF-AM;DEL01-AM;UOP04-DEL01-AM
724704;13/10/2025;segunda-feira;01:20:00;SC;163;77,6;SAO MIGUEL DO OESTE;Transitar na contramão;Colisão frontal;Sem Vítimas;Plena Noite;Decrescente;Nevoeiro/Neblina;Simples;Declive;Não;2;0;0;0;2;0;0;2;-26,66708097;-53,5198066;SPRF-SC;DEL07-SC;UOP03-DEL07-SC
724705;13/10/2025;segunda-feira;00:30:00;SP;116;171,7;JACAREI;Demais falhas mecânicas ou elétricas;Incêndio;Sem Vítimas;Plena Noite;Crescente;Nublado;Dupla;Aclive;Não;1;0;0;0;1;0;0;1;-23,31410227;-46,06735923;SPRF-SP;DEL02-SP;UOP01-DEL02-SP
724709;12/10/2025;domingo;20:18:00;MS;163;250,4;CAARAPO;Ingestão de álcool pelo condutor;Saída de leito carroçável;Com Vítimas Feridas;Plena Noite;Crescente;Céu Claro;Simples;Reta;Não;2;0;1;0;0;1;1;2;-22,44218718;-54,82570995;SPRF-MS;DEL04-MS;UOP02-DEL04-MS
724718;13/10/2025;segunda-feira;05:15:00;SC;101;362,3;SANGAO;Ausência de reação do condutor;Colisão traseira;Com Vítimas Feridas;Amanhecer;Decrescente;Céu Claro;Múltipla;"Aclive;Reta";Não;3;0;0;1;1;1;1;3;-28,67718;-49,13432;SPRF-SC;DEL02-SC;UOP01-DEL02-SC
724723;12/10/2025;domingo;19:22:00;BA;116;499;SANTA TERESINHA;Reação tardia ou ineficiente do condutor;Saída de leito carroçável;Sem Vítimas;Plena Noite;Decrescente;Céu Claro;Simples;Reta;Não;2;0;0;0;1;1;0;2;-12,604023;-39,551038;SPRF-BA;DEL02-BA;UOP01-DEL02-BA
724727;13/10/2025;segunda-feira;06:40:00;MG;381;536;ITATIAIUCU;Velocidade Incompatível;Colisão traseira;Com Vítimas Feridas;Amanhecer;Crescente;Chuva;Dupla;Retorno Regulamentado;Não;3;0;0;1;1;1;1;3;-20,2047488;-44,4301312;SPRF-MG;DEL04-MG;UOP03-DEL04-MG
724730;13/10/2025;segunda-feira;04:50:00;MS;262;486,7;ANASTACIO;Acessar a via sem observar a presença dos outros veículos;Colisão lateral sentido oposto;Com Vítimas Feridas;Amanhecer;Decrescente;Céu Claro;Simples;Reta;Sim;3;0;0;1;1;1;1;3;-20,500125;-55,783288;SPRF-MS;DEL03-MS;UOP01-DEL03-MS
724734;13/10/2025;segunda-feira;08:00:00;SE;235;61,8;ITABAIANA;Acessar a via sem observar a presença dos outros veículos;Colisão transversal;Com Vítimas Feridas;Pleno dia;Decrescente;Sol;Simples;Curva;Não;2;0;1;0;1;0;1;2;-10,60864438;-37,47719765;SPRF-SE;DEL01-SE;UOP02-DEL01-SE
724739;13/10/2025;segunda-feira;08:40:00;RS;116;244;SAO LEOPOLDO;Reação tardia ou ineficiente do condutor;Colisão traseira;Com Vítimas Feridas;Pleno dia;Crescente;Céu Claro;Múltipla;Reta;Sim;2;0;1;0;1;0;1;2;-29,7458328;-51,1514249;SPRF-RS;DEL01-RS;UOP02-DEL01-RS
724742;13/10/2025;segunda-feira;06:10:00;MG;262;471,5;BOM DESPACHO;Mal súbito do condutor;Saída de leito carroçável;Com Vítimas Feridas;Amanhecer;Decrescente;Sol;Simples;Reta;Sim;3;0;0;1;1;2;1;4;-19,78388;-45,26935;SPRF-MG;DEL08-MG;UOP03-DEL08-MG
724754;13/10/2025;segunda-feira;08:30:00;SP;381;70;MAIRIPORA;Ausência de reação do condutor;Saída de leito carroçável;Com Vítimas Feridas;Pleno dia;Decrescente;Céu Claro;Simples;"Curva;Declive";Sim;2;0;1;0;0;1;1;2;-23,3488793;-46,55416042;SPRF-SP;DEL03-SP;UOP01-DEL03-SP
724761;13/10/2025;segunda-feira;11:19:00;PB;230;21;JOAO PESSOA;Reação tardia ou ineficiente do condutor;Colisão com objeto;Com Vítimas Feridas;Pleno dia;Crescente;Céu Claro;Dupla;Reta;Sim;6;0;1;2;2;1;3;3;-7,144078;-34,851342;SPRF-PB;DEL01-PB;UOP01-DEL01-PB
724774;13/10/2025;segunda-feira;10:35:00;RO;364;774;PORTO VELHO;Ultrapassagem Indevida;Colisão lateral mesmo sentido;Com Vítimas Feridas;Pleno dia;Crescente;Céu Claro;Simples;Reta;Não;5;0;0;3;1;1;3;3;-9,16646;-64,2082;SPRF-RO;DEL01-RO;UOP02-DEL01-RO
724775;13/10/2025;segunda-feira;11:00:00;SC;282;345,9;CAMPOS NOVOS;Ultrapassagem Indevida;Colisão transversal;Com Vítimas Feridas;Pleno dia;Decrescente;Céu Claro;Simples;Reta;Não;2;0;1;0;1;0;1;2;-27,36931;-51,25355;SPRF-SC;DEL07-SC;UOP06-DEL07-SC
724779;13/10/2025;segunda-feira;13:15:00;SP;116;229;SAO PAULO;Manobra de mudança de faixa;Colisão transversal;Com Vítimas Feridas;Pleno dia;Crescente;Nublado;Múltipla;Reta;Sim;3;0;1;0;1;1;1;3;-23,51066138;-46,57453179;SPRF-SP;DEL01-SP;UOP01-DEL01-SP
724780;13/10/2025;segunda-feira;12:00:00;MT;158;531,5;AGUA BOA;Acostamento em desnível;Saída de leito carroçável;Com Vítimas Fatais;Pleno dia;Crescente;Céu Claro;Simples;"Aclive;Reta";Não;6;1;0;0;4;1;0;3;-13,766537;-52,04146;SPRF-MT;DEL07-MT;UOP02-DEL07-MT
724781;12/10/2025;domingo;05:01:00;MT;163;1055;GUARANTA DO NORTE;Ultrapassagem Indevida;Colisão frontal;Com Vítimas Fatais;Pleno dia;Crescente;Nublado;Simples;Reta;Não;6;3;0;1;1;3;1;5;-10,03899253;-54,91018454;SPRF-MT;DEL06-MT;UOP03-DEL06-MT
724795;27/09/2025;sábado;09:15:00;MG;40;597;OURO PRETO;Reação tardia ou ineficiente do condutor;Colisão transversal;Com Vítimas Feridas;Pleno dia;Decrescente;Céu Claro;Simples;"Reta;Declive;Rotatória";Não;4;0;2;0;1;1;2;3;-20,42043012;-43,8814956;SPRF-MG;DEL05-MG;UOP02-DEL05-MG
724796;13/10/2025;segunda-feira;11:58:00;MT;364;290,8;JACIARA;Mal súbito do condutor;Saída de leito carroçável;Com Vítimas Fatais;Pleno dia;Decrescente;Nublado;Dupla;Reta;Não;2;1;0;0;0;3;0;4;-15,895798;-55,100897;SPRF-MT;DEL05-MT;UOP02-DEL05-MT
724797;30/09/2025;terça-feira;13:30:00;SP;153;21,4;NOVA GRANADA;Reação tardia ou ineficiente do condutor;Tombamento;Com Vítimas Fatais;Pleno dia;Crescente;Sol;Simples;"Aclive;Reta";Não;2;1;0;0;0;1;0;2;-20,47403719;-49,29477587;SPRF-SP;DEL09-SP;UOP01-DEL09-SP
724798;27/09/2025;sábado;08:20:00;MG;116;497,9;INHAPIM;Velocidade Incompatível;Colisão frontal;Com Vítimas Feridas;Pleno dia;Crescente;Céu Claro;Simples;Curva;Não;2;0;1;0;1;0;1;2;-19,54636389;-42,12724686;SPRF-MG;DEL06-MG;UOP02-DEL06-MG
724800;13/10/2025;segunda-feira;12:20:00;RS;470;282;MONTENEGRO;Conversão proibida;Colisão frontal;Com Vítimas Feridas;Pleno dia;Crescente;Céu Claro;Simples;Reta;Não;3;0;0;1;2;0;1;2;-29,61987277;-51,47460973;SPRF-RS;DEL06-RS;UOP01-DEL06-RS
724804;13/10/2025;segunda-feira;14:20:00;SC;101;32;JOINVILLE;Reação tardia ou ineficiente do condutor;Colisão lateral mesmo sentido;Com Vítimas Feridas;Pleno dia;Decrescente;Céu Claro;Dupla;Reta;Não;3;0;1;0;1;1;1;3;-26,25138194;-48,90784677;SPRF-SC;DEL03-SC;UOP01-DEL03-SC
724805;22/09/2025;segunda-feira;08:00:00;MS;163;304;DOURADINA;Reação tardia ou ineficiente do condutor;Colisão frontal;Com Vítimas Fatais;Pleno dia;Crescente;Chuva;Simples;Reta;Não;3;1;0;0;1;1;0;3;-21,934549;-54,534055;SPRF-MS;DEL02-MS;UOP02-DEL02-MS
724810;13/10/2025;segunda-feira;15:55:00;MG;116;601,4;SAO JOAO DO MANHUACU;Ausência de reação do condutor;Colisão frontal;Com Vítimas Fatais;Pleno dia;Decrescente;Céu Claro;Simples;Curva;Não;5;1;0;0;3;1;0;4;-20,350512;-42,1511805;SPRF-MG;DEL06-MG;UOP03-DEL06-MG
724811;03/10/2025;sexta-feira;08:35:00;BA;324;613;SALVADOR;Condutor deixou de manter distância do veículo da frente;Engavetamento;Com Vítimas Feridas;Pleno dia;Crescente;Céu Claro;Dupla;Reta;Não;4;0;1;0;2;1;1;4;-12,87273252;-38,42771955;SPRF-BA;DEL01-BA;UOP01-DEL01-BA
724817;13/10/2025;segunda-feira;16:19:00;MG;381;480;CONTAGEM;Manobra de mudança de faixa;Colisão transversal;Com Vítimas Feridas;Pleno dia;Crescente;Nublado;Dupla;Reta;Sim;2;0;0;1;1;0;1;2;-19,9583438;-44,05951023;SPRF-MG;DEL01-MG;UOP03-DEL01-MG
724819;13/10/2025;segunda-feira;11:35:00;MT;364;1169;CAMPOS DE JULIO;Reação tardia ou ineficiente do condutor;Engavetamento;Com Vítimas Feridas;Pleno dia;Crescente;Nublado;Simples;Reta;Não;5;0;1;1;2;3;2;7;-13,68723148;-59,2096738;SPRF-MT;DEL04-MT;UOP02-DEL04-MT
724822;13/10/2025;segunda-feira;17:00:00;MG;381;813,2;CAREACU;Velocidade Incompatível;Saída de leito carroçável;Com Vítimas Feridas;Pleno dia;Crescente;Chuva;Dupla;Curva;Não;2;0;0;1;0;2;1;3;-21,99155761;-45,64352732;SPRF-MG;DEL16-MG;UOP02-DEL16-MG
724823;13/10/2025;segunda-feira;16:00:00;SP;116;537;BARRA DO TURVO;Demais falhas mecânicas ou elétricas;Incêndio;Sem Vítimas;Pleno dia;Decrescente;Céu Claro;Dupla;Curva;Não;2;0;0;0;1;1;0;2;-24,9695067;-48,3639313;SPRF-SP;DEL05-SP;UOP02-DEL05-SP
724824;13/10/2025;segunda-feira;13:50:00;PR;277;298;PRUDENTOPOLIS;Ausência de reação do condutor;Saída de leito carroçável;Com Vítimas Feridas;Pleno dia;Crescente;Céu Claro;Dupla;Reta;Não;2;0;1;0;0;1;1;2;-25,29266296;-51,13153137;SPRF-PR;DEL08-PR;UOP02-DEL08-PR
724825;13/10/2025;segunda-feira;17:00:00;PR;376;636;SAO JOSE DOS PINHAIS;Ausência de reação do condutor;Saída de leito carroçável;Sem Vítimas;Anoitecer;Decrescente;Nublado;Dupla;Reta;Não;1;0;0;0;1;0;0;1;-25,70248659;-49,14226198;SPRF-PR;DEL01-PR;UOP04-DEL01-PR
724827;13/10/2025;segunda-feira;15:50:00;MS;262;49,3;TRES LAGOAS;Pista Escorregadia;Colisão com objeto;Com Vítimas Feridas;Pleno dia;Crescente;Chuva;Simples;"Curva;Rotatória;Aclive";Não;2;0;2;0;0;0;2;1;-20,75264713;-52,0555493;SPRF-MS;DEL07-MS;UOP01-DEL07-MS
724835;29/07/2025;terça-feira;13:20:00;SC;101;281,9;IMBITUBA;Reação tardia ou ineficiente do condutor;Colisão com objeto;Com Vítimas Fatais;Pleno dia;Decrescente;Céu Claro;Múltipla;"Em Obras;Reta";Sim;4;1;0;0;1;2;0;3;-28,204692;-48,697874;SPRF-SC;DEL02-SC;UOP03-DEL02-SC
724836;13/10/2025;segunda-feira;12:30:00;RJ;116;212;SEROPEDICA;Condutor Dormindo;Engavetamento;Com Vítimas Feridas;Pleno dia;Decrescente;Céu Claro;Múltipla;Reta;Não;9;0;1;0;7;1;1;5;-22,71684;-43,715151;SPRF-RJ;DEL06-RJ;UOP02-DEL06-RJ
724838;13/10/2025;segunda-feira;16:35:00;SC;101;110;PENHA;Ausência de reação do condutor;Colisão traseira;Com Vítimas Feridas;Pleno dia;Decrescente;Céu Claro;Simples;Reta;Não;2;0;1;0;0;1;1;2;-26,83663166;-48,70857239;SPRF-SC;DEL03-SC;UOP02-DEL03-SC
724848;13/10/2025;segunda-feira;18:15:00;PB;101;66,6;SANTA RITA;Pedestre andava na pista;Atropelamento de Pedestre;Com Vítimas Fatais;Plena Noite;Decrescente;Céu Claro;Dupla;Reta;Não;2;1;0;0;0;1;0;2;-7,050837;-35,0388621;SPRF-PB;DEL01-PB;UOP03-DEL01-PB
724851;01/10/2025;quarta-feira;15:20:00;GO;158;199;CAIAPONIA;Velocidade Incompatível;Tombamento;Com Vítimas Feridas;Pleno dia;Crescente;Céu Claro;Simples;Curva;Não;2;0;1;0;0;1;1;2;-17,30467259;-51,8891573;SPRF-GO;DEL05-GO;UOP01-DEL05-GO
724854;13/10/2025;segunda-feira;16:48:00;PI;343;346,9;TERESINA;Manobra de mudança de faixa;Tombamento;Com Vítimas Fatais;Pleno dia;Crescente;Céu Claro;Simples;"Reta;Ponte";Sim;4;1;0;0;1;4;0;6;-5,11478645;-42,77843267;SPRF-PI;DEL01-PI;UOP01-DEL01-PI
724856;13/10/2025;segunda-feira;18:10:00;RO;364;514;ARIQUEMES;Acessar a via sem observar a presença dos outros veículos;Colisão transversal;Com Vítimas Feridas;Anoitecer;Crescente;Céu Claro;Simples;Reta;Sim;2;0;1;0;1;0;1;2;-9,92664481;-63,05489182;SPRF-RO;DEL03-RO;UOP01-DEL03-RO
724862;13/10/2025;segunda-feira;16:30:00;MG;116;655,7;SAO FRANCISCO DO GLORIA;Acesso irregular;Colisão lateral mesmo sentido;Com Vítimas Feridas;Pleno dia;Decrescente;Nublado;Simples;Curva;Não;3;0;1;0;2;0;1;2;-20,766;-42,304;SPRF-MG;DEL07-MG;UOP02-DEL07-MG
724868;13/10/2025;segunda-feira;19:20:00;BA;116;807,3;VITORIA DA CONQUISTA;Ingestão de álcool pelo condutor;Saída de leito carroçável;Com Vítimas Feridas;Plena Noite;Decrescente;Nublado;Simples;Reta;Não;2;0;1;0;0;1;1;2;-14,777853;-40,730954;SPRF-BA;DEL08-BA;UOP01-DEL08-BA
724870;09/10/2025;quinta-feira;08:30:00;BA;101;385;GANDU;Curva acentuada;Tombamento;Sem Vítimas;Pleno dia;Decrescente;Céu Claro;Simples;Curva;Não;2;0;0;0;1;1;0;2;-13,87141524;-39,49584862;SPRF-BA;DEL05-BA;UOP03-DEL05-BA
724875;13/10/2025;segunda-feira;21:00:00;DF;20;16,2;BRASILIA;Chuva;Colisão lateral mesmo sentido;Sem Vítimas;Plena Noite;Crescente;Chuva;Múltipla;"Reta;Em Obras";Sim;4;0;0;0;4;0;0;4;-15,62465902;-47,72280693;SPRF-DF;DEL02-DF;UOP01-DEL02-DF
724880;13/10/2025;segunda-feira;20:30:00;GO;414;317,9;VILA PROPICIO;Ingestão de álcool pelo condutor;Colisão lateral sentido oposto;Com Vítimas Feridas;Plena Noite;Decrescente;Nublado;Simples;Reta;Não;3;0;0;1;1;1;1;3;-15,358922;-48,646552;SPRF-GO;DEL02-GO;UOP01-DEL02-GO
724881;13/10/2025;segunda-feira;20:00:00;PR;476;194;LAPA;Acessar a via sem observar a presença dos outros veículos;Colisão transversal;Com Vítimas Feridas;Plena Noite;Crescente;Nublado;Simples;"Reta;Declive";Não;4;0;2;0;1;1;2;3;-25,74077;-49,711291;SPRF-PR;DEL01-PR;UOP06-DEL01-PR
724883;13/10/2025;segunda-feira;21:30:00;MA;316;563,7;CAXIAS;Condutor Dormindo;Colisão frontal;Com Vítimas Fatais;Plena Noite;Decrescente;Céu Claro;Simples;Reta;Não;2;1;0;0;1;0;0;2;-4,899676;-43,254686;SPRF-MA;DEL03-MA;UOP02-DEL03-MA
724889;09/10/2025;quinta-feira;02:00:00;BA;101;389;IBIRAPITANGA;Acumulo de água sobre o pavimento;Colisão frontal;Com Vítimas Fatais;Plena Noite;Crescente;Chuva;Simples;"Curva;Declive";Não;2;2;0;0;0;0;0;2;-13,9914832;-39,47782516;SPRF-BA;DEL05-BA;UOP03-DEL05-BA
724890;13/10/2025;segunda-feira;21:45:00;MG;459;69,3;SENADOR JOSE BENTO;Velocidade Incompatível;Colisão frontal;Com Vítimas Feridas;Plena Noite;Crescente;Chuva;Simples;"Curva;Declive";Não;2;0;2;0;0;0;2;2;-22,131074;-46,173847;SPRF-MG;DEL09-MG;UOP01-DEL09-MG
724897;13/10/2025;segunda-feira;19:42:00;MT;174;192;PORTO ESPERIDIAO;Animais na Pista;Atropelamento de Animal;Com Vítimas Fatais;Plena Noite;Crescente;Céu Claro;Simples;"Reta;Aclive";Não;3;1;0;0;1;1;0;3;-15,77883209;-58,63551378;SPRF-MT;DEL03-MT;UOP01-DEL03-MT
724898;13/10/2025;segunda-feira;17:45:00;RJ;40;51;DUQUE DE CAXIAS;Demais falhas mecânicas ou elétricas;Incêndio;Sem Vítimas;Anoitecer;Decrescente;Nublado;Dupla;Reta;Não;1;0;0;0;1;0;0;1;-22,6686007;-43,3162575;SPRF-RJ;DEL05-RJ;UOP02-DEL05-RJ
724899;13/10/2025;segunda-feira;23:30:00;MG;40;219;JOAO PINHEIRO;Condutor Dormindo;Saída de leito carroçável;Com Vítimas Feridas;Pleno dia;Crescente;Chuva;Simples;"Declive;Reta";Não;2;0;1;0;0;1;1;2;-17,962843;-45,652669;SPRF-MG;DEL14-MG;UOP02-DEL14-MG
724900;13/10/2025;segunda-feira;22:00:00;MG;381;397,5;BOM JESUS DO AMPARO;Ausência de reação do condutor;Colisão traseira;Com Vítimas Feridas;Plena Noite;Crescente;Garoa/Chuvisco;Dupla;Curva;Sim;3;0;0;1;1;2;1;4;-19,73884;-43,51587;SPRF-MG;DEL01-MG;UOP01-DEL01-MG
724905;14/10/2025;terça-feira;00:20:00;GO;60;38,2;GOIANIA;Condutor deixou de manter distância do veículo da frente;Colisão traseira;Com Vítimas Feridas;Plena Noite;Crescente;Céu Claro;Dupla;Reta;Sim;2;0;0;1;1;0;1;2;-16,74744143;-49,34268862;SPRF-GO;DEL01-GO;UOP02-DEL01-GO
724907;13/10/2025;segunda-feira;20:30:00;SC;280;22;ARAQUARI;Acessar a via sem observar a presença dos outros veículos;Colisão transversal;Sem Vítimas;Plena Noite;Decrescente;Céu Claro;Simples;Reta;Sim;3;0;0;0;2;2;0;4;-26,37124344;-48,70698452;SPRF-SC;DEL03-SC;UOP03-DEL03-SC
724909;13/10/2025;segunda-feira;22:40:00;PR;116;157;MANDIRITUBA;Condutor Dormindo;Saída de leito carroçável;Com Vítimas Feridas;Plena Noite;Decrescente;Céu Claro;Simples;"Aclive;Reta";Não;2;0;1;0;0;1;1;2;-25,86205507;-49,40286898;SPRF-PR;DEL01-PR;UOP03-DEL01-PR
724913;01/10/2025;quarta-feira;11:00:00;BA;101;650;ARATACA;Reação tardia ou ineficiente do condutor;Colisão lateral mesmo sentido;Com Vítimas Feridas;Pleno dia;Decrescente;Céu Claro;Simples;Reta;Não;2;0;1;0;1;0;1;2;-15,135;-39,379;SPRF-BA;DEL05-BA;UOP02-DEL05-BA
724914;14/10/2025;terça-feira;05:00:00;MG;381;357;SAO GONCALO DO RIO ABAIXO;Ultrapassagem Indevida;Colisão lateral sentido oposto;Com Vítimas Feridas;Amanhecer;Crescente;Chuva;Simples;"Curva;Aclive";Não;3;0;1;1;0;1;2;2;-19,85728525;-43,21930289;SPRF-MG;DEL03-MG;UOP01-DEL03-MG
724915;14/10/2025;terça-feira;05:00:00;MG;381;655,3;SANTO ANTONIO DO AMPARO;Condutor Dormindo;Saída de leito carroçável;Com Vítimas Feridas;Amanhecer;Crescente;Chuva;Dupla;Reta;Não;2;0;1;0;1;0;1;1;-20,984221;-44,945233;SPRF-MG;DEL04-MG;UOP02-DEL04-MG
724918;14/10/2025;terça-feira;03:00:00;MA;226;237;TUNTUM;Condutor Dormindo;Saída de leito carroçável;Com Vítimas Feridas;Plena Noite;Crescente;Céu Claro;Simples;Reta;Não;2;0;1;0;0;1;1;2;-5,370818;-44,767338;SPRF-MA;DEL06-MA;UOP01-DEL06-MA
724922;14/10/2025;terça-feira;04:55:00;PI;402;1,9;PARNAIBA;Ultrapassagem Indevida;Colisão lateral mesmo sentido;Sem Vítimas;Amanhecer;Crescente;Céu Claro;Simples;Reta;Sim;2;0;0;0;2;0;0;2;-3,0982352;-41,7802856;SPRF-PI;DEL05-PI;UOP01-DEL05-PI
724926;14/10/2025;terça-feira;06:30:00;BA;116;775,1;PLANALTO;Acessar a via sem observar a presença dos outros veículos;Colisão transversal;Com Vítimas Fatais;Amanhecer;Decrescente;Nublado;Simples;Reta;Não;3;1;0;0;1;1;0;3;-14,658845;-40,46064;SPRF-BA;DEL08-BA;UOP02-DEL08-BA
724927;14/10/2025;terça-feira;06:40:00;PR;376;339,3;ORTIGUEIRA;Velocidade Incompatível;Tombamento;Com Vítimas Feridas;Amanhecer;Crescente;Céu Claro;Simples;"Declive;Curva";Não;2;0;1;0;0;1;1;2;-24,156944;-50,974167;SPRF-PR;DEL07-PR;UOP02-DEL07-PR
724929;13/01/2025;segunda-feira;03:30:00;MA;316;518;CAXIAS;Ingestão de álcool pelo condutor;Tombamento;Com Vítimas Feridas;Plena Noite;Crescente;Chuva;Simples;Reta;Não;3;0;1;1;0;1;2;2;-4,767323;-43,61478;SPRF-MA;DEL03-MA;UOP02-DEL03-MA
724930;14/10/2025;terça-feira;07:25:00;SC;470;122;IBIRAMA;Condutor deixou de manter distância do veículo da frente;Colisão traseira;Com Vítimas Feridas;Pleno dia;Crescente;Céu Claro;Simples;Reta;Sim;2;0;1;0;1;0;1;2;-27,1055087;-49,5243405;SPRF-SC;DEL04-SC;UOP02-DEL04-SC
724932;14/10/2025;terça-feira;06:45:00;SC;101;121;ITAJAI;Reação tardia ou ineficiente do condutor;Colisão lateral mesmo sentido;Com Vítimas Feridas;Pleno dia;Decrescente;Céu Claro;Dupla;Reta;Sim;3;0;0;1;1;1;1;3;-26,92095;-48,7083;SPRF-SC;DEL04-SC;UOP04-DEL04-SC
724940;14/10/2025;terça-feira;06:40:00;RN;427;87,8;CAICO;Velocidade Incompatível;Tombamento;Sem Vítimas;Pleno dia;Crescente;Céu Claro;Simples;Curva;Não;2;0;0;0;1;1;0;2;-6,499613;-37,011439;SPRF-RN;DEL03-RN;UOP01-DEL03-RN
724941;13/10/2025;segunda-feira;23:10:00;RJ;40;120;DUQUE DE CAXIAS;Velocidade Incompatível;Colisão lateral mesmo sentido;Sem Vítimas;Plena Noite;Decrescente;Céu Claro;Múltipla;Reta;Sim;7;0;0;0;6;1;0;3;-22,77550883;-43,28593969;SPRF-RJ;DEL01-RJ;UOP02-DEL01-RJ
724948;14/10/2025;terça-feira;07:30:00;GO;452;0;RIO VERDE;Acessar a via sem observar a presença dos outros veículos;Colisão lateral mesmo sentido;Com Vítimas Feridas;Pleno dia;Decrescente;Céu Claro;Dupla;Retorno Regulamentado;Sim;4;0;0;1;1;4;1;6;-17,78716878;-50,90042213;SPRF-GO;DEL04-GO;UOP01-DEL04-GO
724951;14/10/2025;terça-feira;06:39:00;MG;381;424,9;SABARA;Pista Escorregadia;Colisão lateral sentido oposto;Com Vítimas Feridas;Amanhecer;Decrescente;Ignorado;Simples;"Declive;Curva";Não;3;0;0;1;2;0;1;2;-19,786999;-43,701497;SPRF-MG;DEL01-MG;UOP01-DEL01-MG
724953;14/10/2025;terça-feira;08:40:00;SP;116;125;CACAPAVA;Demais falhas mecânicas ou elétricas;Incêndio;Sem Vítimas;Pleno dia;Crescente;Céu Claro;Dupla;Reta;Sim;2;0;0;0;1;1;0;2;-23,10134269;-45,69003272;SPRF-SP;DEL02-SP;UOP02-DEL02-SP
724955;14/10/2025;terça-feira;08:20:00;GO;153;499;GOIANIA;Ausência de reação do condutor;Colisão traseira;Com Vítimas Feridas;Pleno dia;Decrescente;Céu Claro;Dupla;"Declive;Reta";Sim;3;0;1;0;2;0;1;2;-16,69065555;-49,23262306;SPRF-GO;DEL01-GO;UOP01-DEL01-GO
724959;26/07/2025;sábado;14:00:00;ES;101;259;SERRA;Ultrapassagem Indevida;Colisão frontal;Com Vítimas Feridas;Pleno dia;Crescente;Céu Claro;Simples;Reta;Não;2;0;1;0;1;0;1;2;-20,14223891;-40,29182919;SPRF-ES;DEL02-ES;UOP01-DEL02-ES
724966;14/10/2025;terça-feira;08:00:00;ES;101;127;SOORETAMA;Desrespeitar a preferência no cruzamento;Colisão transversal;Com Vítimas Feridas;Pleno dia;Crescente;Céu Claro;Múltipla;Retorno Regulamentado;Sim;2;0;1;0;1;0;1;2;-19,20055916;-40,09396076;SPRF-ES;DEL04-ES;UOP01-DEL04-ES
724971;14/10/2025;terça-feira;09:00:00;SC;101;331;TUBARAO;Condutor deixou de manter distância do veículo da frente;Colisão traseira;Com Vítimas Feridas;Pleno dia;Decrescente;Céu Claro;Dupla;"Reta;Aclive;Ponte";Sim;3;0;0;1;2;0;1;2;-28,46667721;-48,99686543;SPRF-SC;DEL02-SC;UOP01-DEL02-SC
724973;14/10/2025;terça-feira;12:28:00;ES;101;14;PEDRO CANARIO;Reação tardia ou ineficiente do condutor;Tombamento;Com Vítimas Feridas;Pleno dia;Crescente;Sol;Simples;"Curva;Declive";Não;2;0;1;0;0;1;1;2;-18,27994174;-39,95897993;SPRF-ES;DEL04-ES;UOP02-DEL04-ES
724978;14/10/2025;terça-feira;13:10:00;BA;101;389;IBIRAPITANGA;Velocidade Incompatível;Colisão lateral sentido oposto;Com Vítimas Feridas;Pleno dia;Crescente;Sol;Simples;Curva;Não;2;0;1;0;1;0;1;2;-13,931908;-39,484786;SPRF-BA;DEL05-BA;UOP03-DEL05-BA
724979;14/10/2025;terça-feira;07:00:00;PA;10;184;IPIXUNA DO PARA;Demais falhas mecânicas ou elétricas;Incêndio;Sem Vítimas;Pleno dia;Decrescente;Céu Claro;Simples;Reta;Não;1;0;0;0;1;0;0;1;-2,8275913;-47,4456288;SPRF-PA;DEL02-PA;UOP01-DEL02-PA
724982;14/10/2025;terça-feira;12:47:00;PE;104;31,4;CARUARU;Acessar a via sem observar a presença dos outros veículos;Atropelamento de Pedestre;Com Vítimas Feridas;Pleno dia;Decrescente;Sol;Simples;"Declive;Curva;Em Obras";Sim;3;0;1;0;1;2;1;4;-8,01414;-36,05594;SPRF-PE;DEL02-PE;UOP01-DEL02-PE