id;data_inversa;dia_semana;horario;uf;br;km;municipio;causa_acidente;tipo_acidente;classificacao_acidente;fase_dia;sentido_via;condicao_metereologica;tipo_pista;tracado_via;uso_solo;pessoas;mortos;feridos_leves;feridos_graves;ilesos;ignorados;feridos;veiculos;latitude;longitude;regional;delegacia;uop
724998;14/10/2025;terça-feira;11:20:00;RN;405;130;SAO FRANCISCO DO OESTE;Ausência de reação do condutor;Tombamento;Com Vítimas Fatais;Pleno dia;Decrescente;Céu Claro;Simples;Curva;Não;3;1;2;0;0;0;2;1;-5,963152;-38,127638;SPRF-RN;DEL04-RN;UOP02-DEL04-RN
724999;14/10/2025;terça-feira;14:00:00;GO;60;33,3;ALEXANIA;Manobra de mudança de faixa;Colisão traseira;Com Vítimas Feridas;Pleno dia;Decrescente;Nublado;Dupla;"Aclive;Curva";Não;4;0;1;0;1;2;1;3;-16,098359;-48,52198;SPRF-DF;DEL03-DF;UOP01-DEL03-DF
725000;14/10/2025;terça-feira;04:00:00;PE;428;105,8;SANTA MARIA DA BOA VISTA;Ausência de reação do condutor;Saída de leito carroçável;Com Vítimas Feridas;Plena Noite;Crescente;Céu Claro;Simples;Reta;Não;2;0;0;1;0;1;1;2;-8,8630944;-40,0010001;SPRF-PE;DEL06-PE;UOP03-DEL06-PE
725002;14/10/2025;terça-feira;13:45:00;MG;381;914,3;CAMANDUCAIA;Reação tardia ou ineficiente do condutor;Colisão traseira;Com Vítimas Feridas;Pleno dia;Crescente;Céu Claro;Dupla;Reta;Não;3;0;1;0;1;1;1;3;-22,7237;-46,131452;SPRF-MG;DEL16-MG;UOP03-DEL16-MG
725003;14/10/2025;terça-feira;14:33:00;MS;163;185;JUTI;Ausência de reação do condutor;Saída de leito carroçável;Com Vítimas Fatais;Pleno dia;Decrescente;Céu Claro;Simples;Reta;Não;2;1;0;0;0;1;0;2;-22,808203;-54,722973;SPRF-MS;DEL09-MS;UOP01-DEL09-MS
725005;14/10/2025;terça-feira;14:15:00;MA;222;654;ACAILANDIA;Ausência de reação do condutor;Colisão transversal;Com Vítimas Feridas;Pleno dia;Decrescente;Céu Claro;Simples;Reta;Não;3;0;0;1;1;2;1;4;-4,878813;-47,358708;SPRF-MA;DEL04-MA;UOP03-DEL04-MA
725007;14/10/2025;terça-feira;15:00:00;PR;476;144;CURITIBA;Demais falhas mecânicas ou elétricas;Colisão lateral mesmo sentido;Sem Vítimas;Pleno dia;Crescente;Céu Claro;Dupla;Reta;Sim;2;0;0;0;2;0;0;2;-25,5433021;-49,31421217;SPRF-PR;DEL01-PR;UOP06-DEL01-PR
725013;14/10/2025;terça-feira;15:50:00;SC;280;39;ARAQUARI;Ausência de reação do condutor;Saída de leito carroçável;Com Vítimas Feridas;Pleno dia;Decrescente;Céu Claro;Dupla;"Em Obras;Reta";Não;1;0;1;0;0;0;1;1;-26,44867;-48,837363;SPRF-SC;DEL03-SC;UOP03-DEL03-SC
725017;14/10/2025;terça-feira;08:21:00;PA;230;663;ALTAMIRA;Carga excessiva e/ou mal acondicionada;Derramamento de carga;Sem Vítimas;Pleno dia;Crescente;Céu Claro;Simples;Curva;Não;2;0;0;0;1;2;0;3;-3,25128;-52,34892;SPRF-PA;DEL04-PA;UOP01-DEL04-PA
725018;14/10/2025;terça-feira;14:50:00;MA;316;425,1;PERITORO;Ultrapassagem Indevida;Colisão frontal;Com Vítimas Fatais;Pleno dia;Decrescente;Céu Claro;Simples;Reta;Sim;4;1;0;0;2;2;0;5;-4,373738;-44,3332;SPRF-MA;DEL03-MA;UOP01-DEL03-MA
725021;14/10/2025;terça-feira;16:00:00;RJ;101;58;CAMPOS DOS GOYTACAZES;Acessar a via sem observar a presença dos outros veículos;Colisão transversal;Com Vítimas Feridas;Pleno dia;Decrescente;Nublado;Simples;Interseção de Vias;Não;4;0;1;1;1;1;2;2;-21,709056;-41,308772;SPRF-RJ;DEL08-RJ;UOP01-DEL08-RJ
725025;14/10/2025;terça-feira;16:00:00;RJ;116;145;DUQUE DE CAXIAS;Ausência de reação do condutor;Saída de leito carroçável;Com Vítimas Feridas;Pleno dia;Decrescente;Céu Claro;Dupla;Reta;Não;1;0;1;0;0;0;1;1;-22,66146086;-43,25352085;SPRF-RJ;DEL01-RJ;UOP02-DEL01-RJ
725026;14/10/2025;terça-feira;15:24:00;RJ;101;83;CAMPOS DOS GOYTACAZES;Transitar na contramão;Colisão transversal;Com Vítimas Feridas;Pleno dia;Crescente;Nublado;Simples;Curva;Não;3;0;1;0;1;2;1;4;-21,830895;-41,452415;SPRF-RJ;DEL08-RJ;UOP02-DEL08-RJ
725030;14/10/2025;terça-feira;14:40:00;PA;10;139;PARAGOMINAS;Manobra de mudança de faixa;Colisão frontal;Com Vítimas Fatais;Pleno dia;Crescente;Céu Claro;Simples;"Reta;Aclive";Não;3;1;0;0;1;1;0;3;-3,220215;-47,48024;SPRF-PA;DEL02-PA;UOP01-DEL02-PA
725036;14/10/2025;terça-feira;14:30:00;PR;476;83;BOCAIUVA DO SUL;Reação tardia ou ineficiente do condutor;Tombamento;Com Vítimas Fatais;Pleno dia;Crescente;Céu Claro;Simples;Curva;Não;2;1;0;0;0;1;0;2;-25,14275;-49,1057;SPRF-PR;DEL01-PR;UOP01-DEL01-PR
725039;14/10/2025;terça-feira;06:00:00;MA;135;174;SAO MATEUS DO MARANHAO;Ultrapassagem Indevida;Colisão transversal;Com Vítimas Feridas;Pleno dia;Crescente;Céu Claro;Simples;Reta;Não;2;0;1;0;1;0;1;2;-4,00141549;-44,47043538;SPRF-MA;DEL03-MA;UOP01-DEL03-MA
725046;14/10/2025;terça-feira;13:45:00;GO;364;114;APARECIDA DO RIO DOCE;Demais falhas mecânicas ou elétricas;Incêndio;Sem Vítimas;Pleno dia;Crescente;Céu Claro;Simples;"Reta;Ponte";Sim;2;0;0;0;2;0;0;1;-18,299948;-51,14776;SPRF-GO;DEL05-GO;UOP02-DEL05-GO
725049;27/07/2025;domingo;17:00:00;SC;282;564,9;NOVA ERECHIM;Acumulo de água sobre o pavimento;Colisão frontal;Com Vítimas Fatais;Anoitecer;Decrescente;Chuva;Simples;Curva;Não;7;2;2;3;0;0;5;2;-26,8989531;-52,8737801;SPRF-SC;DEL07-SC;UOP02-DEL07-SC
725051;14/10/2025;terça-feira;18:25:00;PE;116;25;SALGUEIRO;Ausência de reação do condutor;Colisão lateral mesmo sentido;Sem Vítimas;Plena Noite;Crescente;Céu Claro;Simples;Rotatória;Não;3;0;0;0;2;1;0;3;-8,067697;-39,134933;SPRF-PE;DEL05-PE;UOP01-DEL05-PE
725052;14/10/2025;terça-feira;18:00:00;MG;381;530,7;ITATIAIUCU;Ausência de reação do condutor;Colisão lateral mesmo sentido;Com Vítimas Feridas;Pleno dia;Decrescente;Céu Claro;Dupla;Reta;Não;3;0;2;0;0;1;2;3;-20,16311174;-44,35336232;SPRF-MG;DEL04-MG;UOP03-DEL04-MG
725063;14/10/2025;terça-feira;18:10:00;SC;116;69,1;MONTE CASTELO;Desrespeitar a preferência no cruzamento;Colisão transversal;Com Vítimas Feridas;Anoitecer;Decrescente;Céu Claro;Simples;"Declive;Rotatória;Curva";Sim;4;0;1;1;1;1;2;3;-26,461193;-50,228693;SPRF-SC;DEL06-SC;UOP02-DEL06-SC
725073;14/10/2025;terça-feira;15:00:00;MA;316;243,6;BOM JARDIM;Ausência de reação do condutor;Colisão lateral sentido oposto;Com Vítimas Fatais;Pleno dia;Decrescente;Céu Claro;Simples;Reta;Não;4;1;0;0;2;1;0;4;-3,617095;-45,520156;SPRF-MA;DEL02-MA;UOP01-DEL02-MA
725083;14/10/2025;terça-feira;20:30:00;PR;369;442,1;UBIRATA;Transitar na contramão;Colisão frontal;Com Vítimas Feridas;Plena Noite;Crescente;Céu Claro;Simples;"Declive;Curva";Não;4;0;0;1;2;1;1;3;-24,55791;-53,07832;SPRF-PR;DEL04-PR;UOP03-DEL04-PR
725084;14/10/2025;terça-feira;18:00:00;BA;242;493;OLIVEIRA DOS BREJINHOS;Reação tardia ou ineficiente do condutor;Colisão traseira;Com Vítimas Fatais;Anoitecer;Crescente;Céu Claro;Simples;"Aclive;Reta";Não;7;1;1;2;2;2;3;4;-12,40232;-42,3852;SPRF-BA;DEL06-BA;UOP01-DEL06-BA
725090;14/10/2025;terça-feira;21:00:00;AL;316;270,8;SATUBA;Transitar na contramão;Colisão frontal;Com Vítimas Feridas;Plena Noite;Decrescente;Céu Claro;Simples;Curva;Não;3;0;1;0;1;1;1;3;-9,56976869;-35,81066458;SPRF-AL;DEL02-AL;UOP01-DEL02-AL
725093;14/10/2025;terça-feira;22:10:00;RO;364;670;CANDEIAS DO JAMARI;Reação tardia ou ineficiente do condutor;Eventos atípicos;Com Vítimas Feridas;Plena Noite;Crescente;Chuva;Múltipla;Reta;Não;9;0;3;1;3;4;4;8;-8,78736825;-63,60294342;SPRF-RO;DEL01-RO;UOP01-DEL01-RO
725094;14/10/2025;terça-feira;22:10:00;MG;381;853,8;POUSO ALEGRE;Objeto estático sobre o leito carroçável;Colisão com objeto;Com Vítimas Feridas;Plena Noite;Decrescente;Céu Claro;Dupla;Reta;Não;3;0;2;0;1;0;2;2;-22,26721516;-45,89156628;SPRF-MG;DEL16-MG;UOP01-DEL16-MG
725097;14/10/2025;terça-feira;21:00:00;SE;101;70,8;MARUIM;Ausência de reação do condutor;Saída de leito carroçável;Sem Vítimas;Plena Noite;Crescente;Nublado;Simples;"Em Obras;Reta";Não;2;0;0;0;1;1;0;2;-10,73944122;-37,09082477;SPRF-SE;DEL01-SE;UOP01-DEL01-SE
725098;14/10/2025;terça-feira;18:30:00;MG;381;167,6;GOVERNADOR VALADARES;Ultrapassagem Indevida;Colisão frontal;Com Vítimas Feridas;Plena Noite;Decrescente;Céu Claro;Simples;Reta;Não;5;0;0;2;2;1;2;3;-18,9738903;-42,09576979;SPRF-MG;DEL06-MG;UOP01-DEL06-MG
725101;14/10/2025;terça-feira;22:30:00;PI;316;174,4;VALENCA DO PIAUI;Carga excessiva e/ou mal acondicionada;Derramamento de carga;Sem Vítimas;Plena Noite;Decrescente;Céu Claro;Simples;Curva;Não;1;0;0;0;1;0;0;1;-6,224395;-42,006969;SPRF-PI;DEL04-PI;UOP02-DEL04-PI
725102;14/10/2025;terça-feira;23:15:00;GO;452;19;RIO VERDE;Reação tardia ou ineficiente do condutor;Saída de leito carroçável;Com Vítimas Feridas;Plena Noite;Crescente;Céu Claro;Dupla;"Declive;Curva;Interseção de Vias;Retorno Regulamentado";Não;2;0;1;0;0;2;1;3;-17,86681;-50,736388;SPRF-GO;DEL04-GO;UOP01-DEL04-GO
725103;14/10/2025;terça-feira;23:00:00;PR;277;81;SAO JOSE DOS PINHAIS;Ausência de reação do condutor;Colisão lateral mesmo sentido;Com Vítimas Feridas;Plena Noite;Decrescente;Céu Claro;Dupla;Reta;Sim;3;0;0;1;1;1;1;3;-25,5557478;-49,0294886;SPRF-PR;DEL01-PR;UOP03-DEL01-PR
725104;15/10/2025;quarta-feira;00:10:00;MG;381;817;CAREACU;Reação tardia ou ineficiente do condutor;Colisão traseira;Com Vítimas Feridas;Plena Noite;Decrescente;Céu Claro;Dupla;"Reta;Aclive";Não;1;0;0;1;0;0;1;1;-22,052222;-45,6980816;SPRF-MG;DEL16-MG;UOP02-DEL16-MG
725106;15/10/2025;quarta-feira;00:18:00;SP;116;72,5;APARECIDA;Ausência de reação do condutor;Colisão traseira;Com Vítimas Feridas;Plena Noite;Decrescente;Garoa/Chuvisco;Dupla;Reta;Não;2;0;0;1;1;0;1;2;-22,85195977;-45,22551477;SPRF-SP;DEL08-SP;UOP01-DEL08-SP
725108;15/10/2025;quarta-feira;02:10:00;PA;316;90;SAO FRANCISCO DO PARA;Condutor Dormindo;Colisão lateral sentido oposto;Com Vítimas Feridas;Plena Noite;Decrescente;Céu Claro;Simples;Reta;Não;6;0;1;0;4;2;1;4;-1,320863;-47,683385;SPRF-PA;DEL01-PA;UOP02-DEL01-PA
725109;15/10/2025;quarta-feira;03:35:00;RJ;116;169;RIO DE JANEIRO;Ausência de reação do condutor;Colisão lateral mesmo sentido;Com Vítimas Feridas;Plena Noite;Decrescente;Céu Claro;Dupla;Reta;Sim;3;0;1;0;1;1;1;3;-22,81490863;-43,32645027;SPRF-RJ;DEL06-RJ;UOP01-DEL06-RJ
725110;15/10/2025;quarta-feira;03:50:00;GO;158;144;CAIAPONIA;Transitar na contramão;Colisão lateral sentido oposto;Com Vítimas Fatais;Plena Noite;Crescente;Céu Claro;Simples;Curva;Não;4;1;1;0;1;1;1;3;-16,853622;-51,781102;SPRF-GO;DEL04-GO;UOP02-DEL04-GO
725116;15/10/2025;quarta-feira;05:35:00;AL;101;60;MESSIAS;Carga excessiva e/ou mal acondicionada;Colisão com objeto;Sem Vítimas;Amanhecer;Decrescente;Céu Claro;Dupla;"Curva;Declive";Sim;3;0;0;0;0;3;0;3;-9,30718575;-35,82182086;SPRF-AL;DEL01-AL;UOP02-DEL01-AL
725117;14/10/2025;terça-feira;23:00:00;SP;116;88,8;PINDAMONHANGABA;Entrada inopinada do pedestre;Atropelamento de Pedestre;Com Vítimas Fatais;Plena Noite;Decrescente;Céu Claro;Dupla;Reta;Não;2;1;0;0;0;1;0;2;-22,93792251;-45,37572384;SPRF-SP;DEL08-SP;UOP01-DEL08-SP
725118;15/10/2025;quarta-feira;06:25:00;RS;116;560,7;PEDRO OSORIO;Condutor Dormindo;Colisão lateral sentido oposto;Com Vítimas Feridas;Amanhecer;Crescente;Céu Claro;Simples;Reta;Não;3;0;0;1;1;1;1;3;-31,90898248;-52,67300002;SPRF-RS;DEL07-RS;UOP03-DEL07-RS
725119;14/10/2025;terça-feira;18:00:00;SC;280;110;SAO BENTO DO SUL;Acessar a via sem observar a presença dos outros veículos;Colisão transversal;Com Vítimas Feridas;Plena Noite;Crescente;Céu Claro;Simples;Interseção de Vias;Não;3;0;1;0;2;0;1;2;-26,308409;-49,388388;SPRF-SC;DEL06-SC;UOP03-DEL06-SC
725121;15/10/2025;quarta-feira;06:25:00;MG;262;38;MANHUACU;Acessar a via sem observar a presença dos outros veículos;Colisão transversal;Com Vítimas Feridas;Pleno dia;Decrescente;Céu Claro;Simples;Reta;Sim;2;0;1;0;1;0;1;2;-20,25950999;-42,03144646;SPRF-MG;DEL06-MG;UOP03-DEL06-MG
725122;15/10/2025;quarta-feira;07:15:00;GO;40;2,8;VALPARAISO DE GOIAS;Acessar a via sem observar a presença dos outros veículos;Atropelamento de Pedestre;Com Vítimas Feridas;Pleno dia;Crescente;Céu Claro;Dupla;Reta;Sim;2;0;1;0;1;0;1;2;-16,07550649;-47,9845047;SPRF-DF;DEL01-DF;UOP01-DEL01-DF
725127;15/10/2025;quarta-feira;07:20:00;BA;324;543;AMELIA RODRIGUES;Entrada inopinada do pedestre;Atropelamento de Pedestre;Com Vítimas Feridas;Pleno dia;Crescente;Nublado;Dupla;Curva;Sim;3;0;1;0;1;1;1;3;-12,404105;-38,75458;SPRF-BA;DEL01-BA;UOP03-DEL01-BA
725128;15/10/2025;quarta-feira;00:30:00;RJ;116;187;NOVA IGUACU;Ausência de reação do condutor;Colisão traseira;Com Vítimas Feridas;Plena Noite;Crescente;Céu Claro;Dupla;Reta;Não;2;0;1;0;1;0;1;2;-22,73882327;-43,48079681;SPRF-RJ;DEL06-RJ;UOP01-DEL06-RJ
725135;15/10/2025;quarta-feira;08:00:00;SC;101;208,1;SAO JOSE;Manobra de mudança de faixa;Colisão lateral mesmo sentido;Com Vítimas Feridas;Pleno dia;Crescente;Céu Claro;Múltipla;"Reta;Declive";Sim;3;0;0;1;1;1;1;3;-27,604463;-48,63315;SPRF-SC;DEL01-SC;UOP01-DEL01-SC
725137;15/10/2025;quarta-feira;07:20:00;SP;116;419;JUQUIA;Ingestão de substâncias psicoativas pelo condutor;Saída de leito carroçável;Com Vítimas Feridas;Pleno dia;Decrescente;Céu Claro;Dupla;Reta;Não;2;0;1;0;0;1;1;2;-24,3561672;-47,68032074;SPRF-SP;DEL05-SP;UOP01-DEL05-SP
725147;15/10/2025;quarta-feira;08:50:00;PR;376;174,6;MARINGA;Ausência de reação do condutor;Colisão traseira;Com Vítimas Feridas;Pleno dia;Crescente;Céu Claro;Dupla;Reta;Sim;3;0;0;1;2;0;1;3;-23,415578;-51,953014;SPRF-PR;DEL09-PR;UOP01-DEL09-PR
725148;23/09/2025;terça-feira;10:05:00;PB;101;97,4;CONDE;Carga excessiva e/ou mal acondicionada;Saída de leito carroçável;Com Vítimas Fatais;Pleno dia;Decrescente;Sol;Dupla;Reta;Sim;1;1;0;0;0;0;0;1;-7,2414156;-34,9283116;SPRF-PB;DEL01-PB;UOP01-DEL01-PB
725149;15/10/2025;quarta-feira;06:26:00;MT;364;353;SANTO ANTONIO DO LEVERGER;Ausência de reação do condutor;Saída de leito carroçável;Com Vítimas Feridas;Pleno dia;Crescente;Céu Claro;Dupla;Reta;Não;2;0;0;1;0;3;1;4;-15,785572;-55,608186;SPRF-MT;DEL05-MT;UOP02-DEL05-MT
725154;15/10/2025;quarta-feira;07:54:00;MT;364;282;JACIARA;Avarias e/ou desgaste excessivo no pneu;Incêndio;Sem Vítimas;Pleno dia;Decrescente;Céu Claro;Múltipla;Reta;Não;2;0;0;0;1;2;0;3;-15,91704523;-55,02950265;SPRF-MT;DEL05-MT;UOP02-DEL05-MT
725158;15/10/2025;quarta-feira;07:10:00;MG;262;66,5;MATIPO;Ingestão de álcool pelo condutor;Colisão lateral sentido oposto;Com Vítimas Feridas;Pleno dia;Decrescente;Céu Claro;Simples;"Aclive;Curva";Não;7;0;1;1;3;4;2;8;-20,303012;-42,264847;SPRF-MG;DEL06-MG;UOP03-DEL06-MG
725159;15/10/2025;quarta-feira;10:10:00;GO;20;2;FORMOSA;Ausência de reação do condutor;Colisão traseira;Com Vítimas Feridas;Pleno dia;Decrescente;Céu Claro;Simples;Reta;Sim;2;0;1;0;1;0;1;2;-15,5720311;-47,3268352;SPRF-DF;DEL02-DF;UOP02-DEL02-DF
725160;15/10/2025;quarta-feira;09:00:00;SC;470;256,3;CURITIBANOS;Reação tardia ou ineficiente do condutor;Saída de leito carroçável;Com Vítimas Feridas;Pleno dia;Crescente;Céu Claro;Simples;Reta;Não;2;0;1;0;0;1;1;2;-27,3088033;-50,642665;SPRF-SC;DEL05-SC;UOP03-DEL05-SC
725162;10/09/2025;quarta-feira;04:15:00;MG;381;396;BOM JESUS DO AMPARO;Velocidade Incompatível;Saída de leito carroçável;Com Vítimas Feridas;Plena Noite;Decrescente;Céu Claro;Dupla;Curva;Não;1;0;0;1;0;0;1;1;-19,7411;-43,508329;SPRF-MG;DEL01-MG;UOP01-DEL01-MG
725167;15/10/2025;quarta-feira;09:00:00;RN;406;133;TAIPU;Manobra de mudança de faixa;Tombamento;Com Vítimas Feridas;Pleno dia;Crescente;Céu Claro;Simples;"Curva;Aclive";Não;1;0;1;0;0;0;1;1;-5,647;-35,583;SPRF-RN;DEL02-RN;UOP01-DEL02-RN
725172;15/10/2025;quarta-feira;10:55:00;SC;101;102;BALNEARIO PICARRAS;Condutor deixou de manter distância do veículo da frente;Colisão traseira;Com Vítimas Feridas;Pleno dia;Crescente;Céu Claro;Dupla;Reta;Não;3;0;0;1;1;1;1;3;-26,76951155;-48,68616052;SPRF-SC;DEL03-SC;UOP02-DEL03-SC
725174;15/10/2025;quarta-feira;10:20:00;SC;163;80;GUARACIABA;Ausência de reação do condutor;Engavetamento;Com Vítimas Feridas;Pleno dia;Crescente;Céu Claro;Simples;Reta;Não;4;0;1;0;3;0;1;3;-26,64831323;-53,51907914;SPRF-SC;DEL07-SC;UOP03-DEL07-SC
725179;15/10/2025;quarta-feira;12:00:00;SC;101;205,1;SAO JOSE;Ausência de reação do condutor;Colisão lateral mesmo sentido;Com Vítimas Feridas;Pleno dia;Crescente;Céu Claro;Dupla;Reta;Não;3;0;1;0;2;0;1;2;-27,584327;-48,615673;SPRF-SC;DEL01-SC;UOP01-DEL01-SC
725181;15/10/2025;quarta-feira;08:55:00;SC;280;91;CORUPA;Velocidade Incompatível;Tombamento;Com Vítimas Feridas;Pleno dia;Decrescente;Céu Claro;Simples;"Curva;Declive";Não;1;0;1;0;0;0;1;1;-26,398643;-49,295883;SPRF-SC;DEL06-SC;UOP03-DEL06-SC
725184;15/10/2025;quarta-feira;12:00:00;MG;40;482,7;SETE LAGOAS;Manobra de mudança de faixa;Colisão lateral mesmo sentido;Com Vítimas Feridas;Pleno dia;Crescente;Céu Claro;Dupla;"Curva;Aclive";Não;3;0;1;0;1;2;1;4;-19,56287357;-44,23829556;SPRF-MG;DEL02-MG;UOP01-DEL02-MG
725192;15/10/2025;quarta-feira;13:40:00;ES;101;72,9;SAO MATEUS;Velocidade Incompatível;Colisão traseira;Com Vítimas Fatais;Pleno dia;Crescente;Chuva;Simples;Reta;Não;2;1;0;0;1;0;0;2;-18,76992;-39,867809;SPRF-ES;DEL04-ES;UOP02-DEL04-ES
725196;15/10/2025;quarta-feira;07:30:00;MS;262;412;TERENOS;Ingestão de álcool pelo condutor;Tombamento;Com Vítimas Feridas;Pleno dia;Crescente;Céu Claro;Simples;"Reta;Declive";Não;3;0;0;1;1;1;1;2;-20,43732403;-55,09789038;SPRF-MS;DEL01-MS;UOP03-DEL01-MS
725197;15/10/2025;quarta-feira;13:00:00;GO;20;144;ALVORADA DO NORTE;Chuva;Colisão transversal;Com Vítimas Feridas;Pleno dia;Decrescente;Chuva;Simples;Reta;Não;3;0;1;0;1;1;1;3;-14,756282;-46,665603;SPRF-DF;DEL02-DF;UOP03-DEL02-DF
725198;15/10/2025;quarta-feira;07:45:00;MT;364;615,5;DIAMANTINO;Velocidade Incompatível;Tombamento;Sem Vítimas;Pleno dia;Decrescente;Céu Claro;Simples;Reta;Não;2;0;0;0;1;3;0;4;-14,416405;-56,308147;SPRF-MT;DEL01-MT;UOP01-DEL01-MT
725201;15/10/2025;quarta-feira;12:20:00;MG;381;428;SABARA;Problema com o freio;Colisão traseira;Com Vítimas Feridas;Pleno dia;Decrescente;Céu Claro;Simples;Curva;Não;2;0;0;1;1;0;1;2;-19,78858405;-43,73151362;SPRF-MG;DEL01-MG;UOP01-DEL01-MG
725207;23/09/2025;terça-feira;07:20:00;TO;153;355;FORTALEZA DO TABOCAO;Transitar na contramão;Colisão frontal;Com Vítimas Feridas;Pleno dia;Crescente;Céu Claro;Simples;Reta;Não;3;0;0;1;1;2;1;4;-9,03582501;-48,50729227;SPRF-TO;DEL02-TO;UOP02-DEL02-TO
725208;15/10/2025;quarta-feira;15:30:00;PE;104;60,3;CARUARU;Reação tardia ou ineficiente do condutor;Colisão traseira;Com Vítimas Feridas;Pleno dia;Decrescente;Céu Claro;Dupla;"Em Obras;Reta";Sim;2;0;1;0;1;0;1;2;-8,23712;-35,97551;SPRF-PE;DEL02-PE;UOP01-DEL02-PE
725209;15/10/2025;quarta-feira;11:20:00;RO;364;232,3;CACOAL;Reação tardia ou ineficiente do condutor;Colisão traseira;Sem Vítimas;Pleno dia;Crescente;Sol;Simples;Aclive;Não;2;0;0;0;2;0;0;2;-11,463024;-61,411918;SPRF-RO;DEL02-RO;UOP02-DEL02-RO
725220;15/10/2025;quarta-feira;15:57:00;ES;259;15,5;JOAO NEIVA;Reação tardia ou ineficiente do condutor;Capotamento;Com Vítimas Feridas;Pleno dia;Crescente;Céu Claro;Simples;Curva;Não;2;0;1;0;0;1;1;2;-19,659355;-40,430645;SPRF-ES;DEL02-ES;UOP01-DEL02-ES
725230;15/10/2025;quarta-feira;18:20:00;SC;101;209,6;SAO JOSE;Manobra de mudança de faixa;Colisão lateral mesmo sentido;Com Vítimas Feridas;Anoitecer;Crescente;Nublado;Dupla;"Reta;Declive";Sim;3;0;1;0;2;0;1;3;-27,614313;-48,643432;SPRF-SC;DEL01-SC;UOP01-DEL01-SC
725239;15/10/2025;quarta-feira;16:40:00;MG;153;170;COMENDADOR GOMES;Condutor deixou de manter distância do veículo da frente;Engavetamento;Com Vítimas Feridas;Pleno dia;Crescente;Céu Claro;Simples;Reta;Não;5;0;1;0;3;4;1;7;-19,7542015;-48,96794669;SPRF-MG;DEL13-MG;UOP02-DEL13-MG
725248;15/10/2025;quarta-feira;19:30:00;PE;101;60;RECIFE;Reação tardia ou ineficiente do condutor;Colisão lateral mesmo sentido;Com Vítimas Feridas;Plena Noite;Decrescente;Céu Claro;Dupla;"Reta;Declive";Sim;3;0;1;0;1;1;1;3;-7,990006;-34,935314;SPRF-PE;DEL01-PE;UOP02-DEL01-PE
725259;15/10/2025;quarta-feira;18:30:00;BA;324;2,3;SALVADOR;Ausência de reação do condutor;Colisão traseira;Com Vítimas Feridas;Plena Noite;Crescente;Céu Claro;Dupla;Reta;Sim;3;0;1;0;1;1;1;3;-12,965633;-38,491731;SPRF-BA;DEL01-BA;UOP01-DEL01-BA
725268;15/10/2025;quarta-feira;20:40:00;DF;251;45;BRASILIA;Condutor deixou de manter distância do veículo da frente;Colisão traseira;Com Vítimas Feridas;Plena Noite;Crescente;Nublado;Simples;"Aclive;Reta";Não;2;0;1;0;1;0;1;2;-15,93461;-47,813748;SPRF-DF;DEL01-DF;UOP01-DEL01-DF
725269;15/10/2025;quarta-feira;20:00:00;MG;381;418;CAETE;Ausência de reação do condutor;Colisão traseira;Com Vítimas Feridas;Plena Noite;Crescente;Céu Claro;Dupla;"Declive;Reta";Não;3;0;1;0;1;2;1;4;-19,77575906;-43,65270562;SPRF-MG;DEL01-MG;UOP01-DEL01-MG
725270;15/10/2025;quarta-feira;18:20:00;MG;116;241,6;TEOFILO OTONI;Ausência de reação do condutor;Colisão com objeto;Com Vítimas Feridas;Plena Noite;Crescente;Nublado;Simples;Curva;Não;1;0;1;0;0;0;1;1;-17,580777;-41,477456;SPRF-MG;DEL11-MG;UOP01-DEL11-MG
725272;15/10/2025;quarta-feira;16:45:00;PR;476;258;ANTONIO OLINTO;Ausência de reação do condutor;Colisão traseira;Com Vítimas Feridas;Pleno dia;Decrescente;Céu Claro;Simples;Reta;Não;4;0;2;0;1;1;2;3;-25,88944715;-50,22489723;SPRF-PR;DEL02-PR;UOP03-DEL02-PR
725279;15/10/2025;quarta-feira;21:50:00;PR;376;172;MARINGA;Reação tardia ou ineficiente do condutor;Colisão traseira;Sem Vítimas;Plena Noite;Decrescente;Céu Claro;Dupla;Reta;Sim;2;0;0;0;2;0;0;2;-23,415513;-51,980114;SPRF-PR;DEL09-PR;UOP01-DEL09-PR
725280;15/10/2025;quarta-feira;17:15:00;MG;116;21;CACHOEIRA DE PAJEU;Transitar na contramão;Colisão lateral sentido oposto;Sem Vítimas;Pleno dia;Decrescente;Nublado;Simples;Curva;Não;4;0;0;0;2;4;0;6;-15,850599;-41,413355;SPRF-BA;DEL08-BA;UOP03-DEL08-BA
725281;15/10/2025;quarta-feira;21:30:00;MG;116;681,6;MIRADOURO;Velocidade Incompatível;Tombamento;Com Vítimas Feridas;Plena Noite;Decrescente;Nublado;Simples;"Declive;Curva";Não;1;0;1;0;0;0;1;1;-20,957178;-42,349728;SPRF-MG;DEL07-MG;UOP02-DEL07-MG
725282;15/10/2025;quarta-feira;22:35:00;GO;50;148;CAMPO ALEGRE DE GOIAS;Retorno proibido;Tombamento;Com Vítimas Feridas;Plena Noite;Decrescente;Céu Claro;Dupla;Reta;Não;3;0;0;1;1;1;1;2;-17,55901067;-47,82792611;SPRF-GO;DEL06-GO;UOP01-DEL06-GO