id;data_inversa;dia_semana;horario;uf;br;km;municipio;causa_acidente;tipo_acidente;classificacao_acidente;fase_dia;sentido_via;condicao_metereologica;tipo_pista;tracado_via;uso_solo;pessoas;mortos;feridos_leves;feridos_graves;ilesos;ignorados;feridos;veiculos;latitude;longitude;regional;delegacia;uop
725284;15/10/2025;quarta-feira;20:00:00;MG;381;418;SABARA;Reação tardia ou ineficiente do condutor;Colisão lateral mesmo sentido;Com Vítimas Feridas;Plena Noite;Crescente;Céu Claro;Dupla;Reta;Não;5;0;1;1;2;2;2;5;-19,8276223;-43,83803;SPRF-MG;DEL01-MG;UOP01-DEL01-MG
725288;16/10/2025;quinta-feira;00:00:00;SP;116;427;REGISTRO;Acessar a via sem observar a presença dos outros veículos;Atropelamento de Pedestre;Com Vítimas Feridas;Plena Noite;Decrescente;Céu Claro;Dupla;Curva;Não;3;0;1;0;1;1;1;3;-24,39358617;-47,72435188;SPRF-SP;DEL05-SP;UOP01-DEL05-SP
725294;15/10/2025;quarta-feira;19:50:00;MS;163;65,1;ELDORADO;Ausência de reação do condutor;Tombamento;Com Vítimas Fatais;Plena Noite;Crescente;Céu Claro;Simples;"Declive;Reta";Não;5;1;0;0;2;4;0;7;-23,585307;-54,204717;SPRF-MS;DEL09-MS;UOP02-DEL09-MS
725300;16/10/2025;quinta-feira;03:28:00;TO;153;257;COLINAS DO TOCANTINS;Manobra de mudança de faixa;Colisão frontal;Com Vítimas Fatais;Plena Noite;Crescente;Céu Claro;Simples;Reta;Não;2;1;0;0;0;1;0;2;-8,15183;-48,46709;SPRF-TO;DEL02-TO;UOP02-DEL02-TO
725301;16/10/2025;quinta-feira;03:30:00;ES;101;144;LINHARES;Ingestão de álcool pelo condutor;Saída de leito carroçável;Com Vítimas Feridas;Plena Noite;Crescente;Céu Claro;Múltipla;Reta;Sim;4;0;1;0;0;4;1;4;-19,35032317;-40,06373763;SPRF-ES;DEL04-ES;UOP01-DEL04-ES
725302;16/10/2025;quinta-feira;03:15:00;MG;262;145;RIO CASCA;Condutor Dormindo;Colisão traseira;Com Vítimas Feridas;Plena Noite;Decrescente;Céu Claro;Simples;"Aclive;Reta";Não;7;0;2;0;4;1;2;3;-20,034428;-42,737045;SPRF-MG;DEL03-MG;UOP03-DEL03-MG
725303;16/10/2025;quinta-feira;03:20:00;MA;10;320;ACAILANDIA;Ausência de reação do condutor;Colisão traseira;Com Vítimas Feridas;Plena Noite;Crescente;Céu Claro;Simples;Reta;Sim;2;0;1;0;0;1;1;2;-4,943;-47,5031;SPRF-MA;DEL04-MA;UOP03-DEL04-MA
725306;16/10/2025;quinta-feira;03:45:00;MS;158;130,6;APARECIDA DO TABOADO;Acesso irregular;Colisão traseira;Com Vítimas Feridas;Plena Noite;Crescente;Céu Claro;Simples;Curva;Não;14;0;2;0;10;2;2;4;-19,948199;-51,105481;SPRF-MS;DEL08-MS;UOP01-DEL08-MS
725309;16/10/2025;quinta-feira;05:30:00;MG;381;832,5;SAO SEBASTIAO DA BELA VISTA;Reação tardia ou ineficiente do condutor;Colisão com objeto;Sem Vítimas;Pleno dia;Decrescente;Céu Claro;Dupla;Reta;Não;2;0;0;0;1;1;0;2;-22,12349238;-45,79273224;SPRF-MG;DEL16-MG;UOP01-DEL16-MG
725311;16/10/2025;quinta-feira;05:25:00;PR;277;3,5;PARANAGUA;Ingestão de álcool pelo condutor;Colisão traseira;Com Vítimas Feridas;Amanhecer;Decrescente;Nublado;Simples;Reta;Sim;4;0;1;0;2;2;1;4;-25,54487219;-48,55973668;SPRF-PR;DEL01-PR;UOP05-DEL01-PR
725312;16/10/2025;quinta-feira;05:30:00;PA;163;21;NOVO PROGRESSO;Ultrapassagem Indevida;Colisão frontal;Com Vítimas Fatais;Pleno dia;Crescente;Sol;Simples;Curva;Não;3;1;1;0;0;3;1;5;-9,39993775;-54,85970378;SPRF-MT;DEL06-MT;UOP03-DEL06-MT
725314;15/10/2025;quarta-feira;15:30:00;SC;101;41;JOINVILLE;Manobra de mudança de faixa;Colisão lateral mesmo sentido;Com Vítimas Feridas;Pleno dia;Crescente;Nublado;Dupla;"Declive;Reta";Sim;2;0;1;0;1;0;1;2;-26,31332902;-48,87125909;SPRF-SC;DEL03-SC;UOP01-DEL03-SC
725317;16/10/2025;quinta-feira;06:06:00;MG;381;600;CARMOPOLIS DE MINAS;Velocidade Incompatível;Tombamento;Com Vítimas Feridas;Pleno dia;Decrescente;Céu Claro;Dupla;Curva;Não;2;0;1;0;0;1;1;2;-20,56113854;-44,66247558;SPRF-MG;DEL04-MG;UOP01-DEL04-MG
725318;09/10/2025;quinta-feira;19:50:00;RS;386;393,8;TRIUNFO;Ausência de reação do condutor;Colisão com objeto;Com Vítimas Feridas;Plena Noite;Crescente;Céu Claro;Dupla;Reta;Não;5;0;3;0;1;1;3;3;-29,716414;-51,64531;SPRF-RS;DEL04-RS;UOP02-DEL04-RS
725319;16/10/2025;quinta-feira;06:25:00;MG;381;497;BETIM;Carga excessiva e/ou mal acondicionada;Derramamento de carga;Sem Vítimas;Pleno dia;Decrescente;Céu Claro;Múltipla;Reta;Não;5;0;0;0;4;2;0;6;-19,98234302;-44,20140982;SPRF-MG;DEL01-MG;UOP03-DEL01-MG
725326;16/10/2025;quinta-feira;05:00:00;MG;381;749;TRES CORACOES;Condutor Dormindo;Colisão traseira;Com Vítimas Feridas;Amanhecer;Crescente;Nublado;Dupla;Reta;Não;3;0;1;0;1;3;1;5;-21,634584;-45,281303;SPRF-MG;DEL16-MG;UOP02-DEL16-MG
725327;16/10/2025;quinta-feira;06:45:00;MG;116;600,2;SAO JOAO DO MANHUACU;Conversão proibida;Colisão transversal;Com Vítimas Feridas;Pleno dia;Decrescente;Céu Claro;Simples;Curva;Não;2;0;1;0;1;0;1;2;-20,341821;-42,14549;SPRF-MG;DEL06-MG;UOP03-DEL06-MG
725329;16/10/2025;quinta-feira;05:55:00;MG;116;534,6;SANTA RITA DE MINAS;Velocidade Incompatível;Tombamento;Com Vítimas Feridas;Amanhecer;Decrescente;Nublado;Simples;Curva;Não;2;0;0;1;0;1;1;2;-19,85706683;-42,14000702;SPRF-MG;DEL06-MG;UOP02-DEL06-MG
725337;16/10/2025;quinta-feira;06:50:00;PR;277;524,4;GUARANIACU;Manobra de mudança de faixa;Colisão lateral mesmo sentido;Com Vítimas Feridas;Pleno dia;Crescente;Céu Claro;Simples;"Reta;Declive";Não;7;0;3;0;2;3;3;5;-25,0956;-52,913021;SPRF-PR;DEL04-PR;UOP04-DEL04-PR
725338;14/09/2025;domingo;19:10:00;PR;373;254;PRUDENTOPOLIS;Acessar a via sem observar a presença dos outros veículos;Colisão transversal;Com Vítimas Fatais;Plena Noite;Crescente;Céu Claro;Simples;"Reta;Declive";Não;3;1;0;0;1;1;0;3;-25,189182;-50,899255;SPRF-PR;DEL03-PR;UOP01-DEL03-PR
725341;12/08/2025;terça-feira;17:30:00;MG;153;20;CENTRALINA;Manobra de mudança de faixa;Atropelamento de Pedestre;Com Vítimas Fatais;Anoitecer;Decrescente;Céu Claro;Dupla;"Aclive;Reta";Sim;4;1;0;0;2;3;0;5;-18,59886263;-49,19244558;SPRF-MG;DEL15-MG;UOP03-DEL15-MG
725344;16/10/2025;quinta-feira;08:23:00;PB;230;55,2;CRUZ DO ESPIRITO SANTO;Fumaça;Incêndio;Com Vítimas Feridas;Pleno dia;Crescente;Céu Claro;Dupla;Reta;Não;2;0;0;1;0;1;1;2;-7,20219253;-35,10271973;SPRF-PB;DEL01-PB;UOP02-DEL01-PB
725348;16/10/2025;quinta-feira;07:38:00;PE;424;89,1;GARANHUNS;Problema com o freio;Colisão traseira;Com Vítimas Feridas;Pleno dia;Crescente;Céu Claro;Simples;"Interseção de Vias;Declive;Curva";Sim;11;0;2;4;5;0;6;5;-8,89187686;-36,50442481;SPRF-PE;DEL03-PE;UOP01-DEL03-PE
725354;27/09/2025;sábado;08:45:00;PI;343;279;CAMPO MAIOR;Manobra de mudança de faixa;Colisão transversal;Com Vítimas Fatais;Pleno dia;Decrescente;Céu Claro;Simples;Reta;Sim;8;1;1;0;2;6;1;7;-4,84821158;-42,1923786;SPRF-PI;DEL01-PI;UOP03-DEL01-PI
725356;16/10/2025;quinta-feira;08:10:00;AL;101;171;TEOTONIO VILELA;Condutor deixou de manter distância do veículo da frente;Colisão traseira;Com Vítimas Feridas;Pleno dia;Crescente;Céu Claro;Dupla;Curva;Não;4;0;1;0;3;0;1;2;-9,91029443;-36,32707715;SPRF-AL;DEL02-AL;UOP02-DEL02-AL
725358;16/10/2025;quinta-feira;07:15:00;MG;262;594;CAMPOS ALTOS;Transitar na contramão;Colisão lateral sentido oposto;Com Vítimas Feridas;Pleno dia;Crescente;Céu Claro;Simples;Reta;Não;3;0;1;0;1;1;1;3;-19,6362477;-46,2566516;SPRF-MG;DEL08-MG;UOP02-DEL08-MG
725369;16/10/2025;quinta-feira;11:15:00;PR;376;542;PALMEIRA;Reação tardia ou ineficiente do condutor;Colisão traseira;Com Vítimas Feridas;Pleno dia;Crescente;Céu Claro;Dupla;Reta;Não;3;0;1;0;2;0;1;2;-25,40790198;-49,78091804;SPRF-PR;DEL03-PR;UOP03-DEL03-PR
725370;16/10/2025;quinta-feira;09:50:00;MG;40;407,5;CURVELO;Manobra de mudança de faixa;Colisão lateral mesmo sentido;Com Vítimas Feridas;Pleno dia;Decrescente;Céu Claro;Simples;Reta;Não;7;0;2;2;2;1;4;3;-19,09897965;-44,65234995;SPRF-MG;DEL02-MG;UOP01-DEL02-MG
725373;16/10/2025;quinta-feira;10:10:00;RS;285;306,5;PASSO FUNDO;Frear bruscamente;Colisão frontal;Com Vítimas Feridas;Pleno dia;Crescente;Chuva;Simples;Reta;Não;3;0;0;1;1;1;1;3;-28,227823;-52,4853586;SPRF-RS;DEL08-RS;UOP03-DEL08-RS
725374;16/10/2025;quinta-feira;11:25:00;PR;277;585,1;CASCAVEL;Reação tardia ou ineficiente do condutor;Colisão traseira;Com Vítimas Feridas;Pleno dia;Decrescente;Céu Claro;Simples;"Reta;Aclive";Sim;3;0;0;1;1;1;1;3;-24,96414625;-53,41236234;SPRF-PR;DEL04-PR;UOP01-DEL04-PR
725382;16/10/2025;quinta-feira;10:32:00;SC;470;74,1;INDAIAL;Condutor usando celular;Colisão frontal;Com Vítimas Fatais;Pleno dia;Decrescente;Céu Claro;Simples;Reta;Não;4;1;1;0;1;1;1;4;-26,917577;-49,281417;SPRF-SC;DEL04-SC;UOP01-DEL04-SC
725383;16/10/2025;quinta-feira;08:15:00;RO;364;426;JARU;Transitar na contramão;Colisão lateral sentido oposto;Com Vítimas Feridas;Pleno dia;Crescente;Céu Claro;Simples;Reta;Sim;3;0;1;0;1;2;1;4;-10,42884936;-62,48524396;SPRF-RO;DEL03-RO;UOP02-DEL03-RO
725386;16/10/2025;quinta-feira;10:50:00;SP;116;421;JUQUIA;Manobra de mudança de faixa;Colisão lateral mesmo sentido;Com Vítimas Feridas;Pleno dia;Crescente;Céu Claro;Dupla;Curva;Não;3;0;1;0;1;1;1;3;-24,3547686;-47,67081197;SPRF-SP;DEL05-SP;UOP01-DEL05-SP
725396;09/07/2025;quarta-feira;04:12:00;RN;304;281;MACAIBA;Velocidade Incompatível;Saída de leito carroçável;Sem Vítimas;Plena Noite;Decrescente;Céu Claro;Dupla;"Curva;Declive;Viaduto";Não;1;0;0;0;1;0;0;1;-5,88840917;-35,49149788;SPRF-RN;DEL01-RN;UOP02-DEL01-RN
725401;16/10/2025;quinta-feira;14:00:00;SC;101;205;SAO JOSE;Manobra de mudança de faixa;Engavetamento;Com Vítimas Feridas;Pleno dia;Crescente;Céu Claro;Múltipla;Reta;Sim;4;0;2;0;1;1;2;4;-27,58424632;-48,61526515;SPRF-SC;DEL01-SC;UOP01-DEL01-SC
725406;16/10/2025;quinta-feira;14:48:00;PR;376;651,6;TIJUCAS DO SUL;Trafegar com motocicleta (ou similar) entre as faixas;Colisão lateral mesmo sentido;Com Vítimas Feridas;Pleno dia;Crescente;Céu Claro;Dupla;"Curva;Aclive";Não;4;0;1;0;2;3;1;6;-25,846135;-49,066677;SPRF-PR;DEL01-PR;UOP04-DEL01-PR
725407;16/10/2025;quinta-feira;14:40:00;RS;386;390,9;TRIUNFO;Condutor Dormindo;Colisão lateral mesmo sentido;Com Vítimas Feridas;Pleno dia;Crescente;Nublado;Dupla;Reta;Não;4;0;2;0;1;1;2;3;-29,702;-51,667;SPRF-RS;DEL04-RS;UOP02-DEL04-RS
725412;14/10/2025;terça-feira;02:00:00;MT;163;744;SORRISO;Reação tardia ou ineficiente do condutor;Colisão com objeto;Sem Vítimas;Pleno dia;Decrescente;Chuva;Simples;"Reta;Aclive";Não;2;0;0;0;1;1;0;2;-12,61307662;-55,75972827;SPRF-MT;DEL06-MT;UOP01-DEL06-MT
725413;16/10/2025;quinta-feira;14:40:00;PA;230;8;ALTAMIRA;Acessar a via sem observar a presença dos outros veículos;Colisão lateral mesmo sentido;Com Vítimas Feridas;Pleno dia;Decrescente;Céu Claro;Simples;"Reta;Interseção de Vias";Sim;2;0;1;0;1;0;1;2;-3,19229;-52,22123;SPRF-PA;DEL03-PA;UOP01-DEL03-PA
725414;02/09/2025;terça-feira;12:20:00;PE;101;25;IGARASSU;Ausência de reação do condutor;Colisão traseira;Com Vítimas Feridas;Pleno dia;Crescente;Céu Claro;Dupla;"Curva;Em Obras";Não;4;0;1;1;1;1;2;3;-7,70205;-34,92376;SPRF-PE;DEL01-PE;UOP02-DEL01-PE
725415;16/10/2025;quinta-feira;13:40:00;PE;101;100,6;CABO DE SANTO AGOSTINHO;Animais na Pista;Saída de leito carroçável;Com Vítimas Feridas;Pleno dia;Decrescente;Céu Claro;Dupla;Reta;Não;2;0;1;0;1;0;1;2;-8,273055;-35,053832;SPRF-PE;DEL01-PE;UOP03-DEL01-PE
725419;16/10/2025;quinta-feira;14:25:00;PI;343;305;ALTOS;Ausência de reação do condutor;Colisão traseira;Com Vítimas Feridas;Pleno dia;Decrescente;Céu Claro;Simples;Reta;Sim;6;0;0;2;4;0;2;2;-5,034742;-42,443815;SPRF-PI;DEL01-PI;UOP01-DEL01-PI
725420;16/10/2025;quinta-feira;07:40:00;MG;251;320;SALINAS;Ultrapassagem Indevida;Saída de leito carroçável;Com Vítimas Feridas;Pleno dia;Decrescente;Céu Claro;Simples;"Reta;Declive";Não;3;0;2;0;0;1;2;2;-16,17713962;-42,33226486;SPRF-MG;DEL12-MG;UOP02-DEL12-MG
725421;16/10/2025;quinta-feira;16:00:00;RJ;116;171;RIO DE JANEIRO;Acessar a via sem observar a presença dos outros veículos;Colisão transversal;Sem Vítimas;Pleno dia;Decrescente;Céu Claro;Dupla;Reta;Não;2;0;0;0;2;0;0;2;-22,80448029;-43,34211588;SPRF-RJ;DEL06-RJ;UOP01-DEL06-RJ
725428;16/10/2025;quinta-feira;14:20:00;MT;163;797;VERA;Ingestão de álcool pelo condutor;Colisão traseira;Sem Vítimas;Pleno dia;Crescente;Céu Claro;Simples;"Em Obras;Reta";Não;4;0;0;0;3;4;0;7;-12,19597833;-55,53484333;SPRF-MT;DEL06-MT;UOP02-DEL06-MT
725430;06/03/2025;quinta-feira;14:30:00;RJ;116;233,8;PIRAI;Ausência de reação do condutor;Colisão traseira;Com Vítimas Feridas;Pleno dia;Decrescente;Sol;Dupla;Reta;Não;15;0;8;1;4;2;9;3;-22,66666667;-43,84361111;SPRF-RJ;DEL07-RJ;UOP01-DEL07-RJ
725431;16/10/2025;quinta-feira;16:05:00;PR;277;722;FOZ DO IGUACU;Acessar a via sem observar a presença dos outros veículos;Colisão transversal;Com Vítimas Feridas;Pleno dia;Decrescente;Céu Claro;Dupla;"Retorno Regulamentado;Reta";Sim;5;0;1;2;1;1;3;3;-25,49906604;-54,529953;SPRF-PR;DEL05-PR;UOP03-DEL05-PR
725437;16/10/2025;quinta-feira;13:15:00;AL;101;135;SAO MIGUEL DOS CAMPOS;Acessar a via sem observar a presença dos outros veículos;Colisão transversal;Com Vítimas Feridas;Pleno dia;Decrescente;Céu Claro;Simples;Rotatória;Sim;5;0;1;0;3;1;1;3;-9,778656;-36,106199;SPRF-AL;DEL02-AL;UOP01-DEL02-AL
725438;16/10/2025;quinta-feira;17:20:00;GO;40;29,9;LUZIANIA;Manobra de mudança de faixa;Colisão lateral mesmo sentido;Com Vítimas Feridas;Pleno dia;Crescente;Céu Claro;Dupla;Reta;Não;5;0;3;1;1;0;4;2;-16,276451;-47,866331;SPRF-DF;DEL01-DF;UOP01-DEL01-DF
725445;16/10/2025;quinta-feira;17:50:00;PR;116;182;CAMPO DO TENENTE;Reação tardia ou ineficiente do condutor;Tombamento;Com Vítimas Feridas;Anoitecer;Decrescente;Céu Claro;Simples;Curva;Não;2;0;1;0;0;1;1;2;-25,93121196;-49,63259188;SPRF-PR;DEL01-PR;UOP03-DEL01-PR
725446;16/10/2025;quinta-feira;14:40:00;SC;116;305,3;CAPAO ALTO;Problema com o freio;Tombamento;Com Vítimas Feridas;Pleno dia;Crescente;Chuva;Simples;"Declive;Curva";Não;2;0;0;1;0;1;1;2;-28,19945657;-50,72730415;SPRF-SC;DEL05-SC;UOP02-DEL05-SC
725449;16/10/2025;quinta-feira;16:55:00;GO;452;0,5;RIO VERDE;Velocidade Incompatível;Colisão transversal;Com Vítimas Feridas;Anoitecer;Decrescente;Nublado;Dupla;Reta;Sim;3;0;1;0;1;4;1;6;-17,788787;-50,897888;SPRF-GO;DEL04-GO;UOP01-DEL04-GO
725452;16/10/2025;quinta-feira;14:15:00;SC;282;109,7;ALFREDO WAGNER;Demais falhas mecânicas ou elétricas;Saída de leito carroçável;Com Vítimas Fatais;Pleno dia;Decrescente;Céu Claro;Simples;"Declive;Curva";Não;1;1;0;0;0;0;0;1;-27,725715;-49,359529;SPRF-SC;DEL01-SC;UOP03-DEL01-SC
725453;16/10/2025;quinta-feira;18:20:00;SC;470;34;GASPAR;Acessar a via sem observar a presença dos outros veículos;Colisão lateral mesmo sentido;Com Vítimas Feridas;Plena Noite;Crescente;Céu Claro;Dupla;"Em Obras;Desvio Temporário";Não;2;0;0;1;1;0;1;2;-26,91288611;-48,95439148;SPRF-SC;DEL04-SC;UOP01-DEL04-SC
725467;16/10/2025;quinta-feira;19:47:00;ES;101;229;FUNDAO;Pedestre andava na pista;Atropelamento de Pedestre;Com Vítimas Feridas;Plena Noite;Decrescente;Céu Claro;Simples;Reta;Não;3;0;1;0;1;1;1;3;-19,93462494;-40,40380284;SPRF-ES;DEL02-ES;UOP01-DEL02-ES
725473;16/10/2025;quinta-feira;07:10:00;CE;116;19;EUSEBIO;Acessar a via sem observar a presença dos outros veículos;Colisão transversal;Sem Vítimas;Pleno dia;Decrescente;Céu Claro;Múltipla;"Reta;Interseção de Vias";Sim;4;0;0;0;1;3;0;3;-3,91882;-38,507354;SPRF-CE;DEL01-CE;UOP02-DEL01-CE
725480;16/10/2025;quinta-feira;16:30:00;GO;60;173;ABADIA DE GOIAS;Ausência de reação do condutor;Colisão traseira;Com Vítimas Feridas;Pleno dia;Crescente;Céu Claro;Dupla;Reta;Sim;3;0;0;1;1;1;1;3;-16,75042744;-49,42912102;SPRF-GO;DEL01-GO;UOP02-DEL01-GO
725482;16/10/2025;quinta-feira;18:50:00;PB;230;161;CAMPINA GRANDE;Ausência de reação do condutor;Colisão lateral sentido oposto;Sem Vítimas;Plena Noite;Crescente;Ignorado;Simples;"Reta;Em Obras;Declive";Sim;2;0;0;0;1;1;0;2;-7,2322;-35,9428;SPRF-PB;DEL02-PB;UOP01-DEL02-PB
725486;16/10/2025;quinta-feira;20:40:00;RS;386;215,2;TIO HUGO;Condutor deixou de manter distância do veículo da frente;Colisão traseira;Com Vítimas Feridas;Plena Noite;Crescente;Céu Claro;Simples;Reta;Sim;4;0;0;1;2;1;1;4;-28,57810103;-52,59596765;SPRF-RS;DEL04-RS;UOP03-DEL04-RS
725502;16/10/2025;quinta-feira;23:20:00;SE;101;182;UMBAUBA;Ausência de reação do condutor;Colisão traseira;Com Vítimas Feridas;Plena Noite;Decrescente;Céu Claro;Simples;Reta;Sim;3;0;1;0;1;1;1;3;-11,37584609;-37,65844909;SPRF-SE;DEL02-SE;UOP03-DEL02-SE
725504;16/10/2025;quinta-feira;23:40:00;PR;277;291;PRUDENTOPOLIS;Condutor Dormindo;Saída de leito carroçável;Com Vítimas Feridas;Plena Noite;Crescente;Nublado;Simples;Curva;Não;2;0;1;0;0;2;1;3;-25,317126;-51,004774;SPRF-PR;DEL08-PR;UOP02-DEL08-PR
725506;17/10/2025;sexta-feira;01:30:00;RS;290;178;BUTIA;Condutor deixou de manter distância do veículo da frente;Colisão traseira;Com Vítimas Feridas;Plena Noite;Crescente;Nublado;Simples;Reta;Não;5;0;3;0;1;1;3;3;-30,13460977;-51,99251387;SPRF-RS;DEL02-RS;UOP03-DEL02-RS
725508;17/10/2025;sexta-feira;01:30:00;PR;277;32;MORRETES;Ausência de reação do condutor;Tombamento;Com Vítimas Feridas;Plena Noite;Crescente;Ignorado;Simples;Curva;Não;2;0;1;0;0;1;1;2;-25,560783;-48,81579;SPRF-PR;DEL01-PR;UOP05-DEL01-PR
725514;17/10/2025;sexta-feira;04:30:00;RS;392;3,3;RIO GRANDE;Transitar na contramão;Colisão frontal;Com Vítimas Feridas;Amanhecer;Decrescente;Céu Claro;Simples;Reta;Não;3;0;0;1;1;1;1;3;-32,064;-52,088;SPRF-RS;DEL07-RS;UOP02-DEL07-RS
725516;17/10/2025;sexta-feira;03:40:00;MG;251;298;SALINAS;Demais falhas mecânicas ou elétricas;Incêndio;Sem Vítimas;Amanhecer;Crescente;Céu Claro;Simples;"Reta;Declive";Não;2;0;0;0;1;1;0;2;-16,074802;-42,209376;SPRF-MG;DEL12-MG;UOP02-DEL12-MG
725518;17/10/2025;sexta-feira;04:50:00;ES;101;7;SERRA;Reação tardia ou ineficiente do condutor;Colisão com objeto;Sem Vítimas;Pleno dia;Crescente;Céu Claro;Dupla;Reta;Não;2;0;0;0;1;1;0;2;-20,124457;-40,34177;SPRF-ES;DEL02-ES;UOP01-DEL02-ES
725521;17/10/2025;sexta-feira;06:40:00;SE;101;151,7;ESTANCIA;Transitar na contramão;Colisão frontal;Com Vítimas Feridas;Pleno dia;Decrescente;Céu Claro;Simples;Reta;Sim;4;0;1;0;2;1;1;3;-11,26681;-37,44209;SPRF-SE;DEL02-SE;UOP01-DEL02-SE
725523;17/10/2025;sexta-feira;06:27:00;ES;101;311,6;VILA VELHA;Ausência de reação do condutor;Colisão transversal;Com Vítimas Fatais;Pleno dia;Decrescente;Céu Claro;Dupla;"Declive;Reta";Não;4;1;1;0;1;1;1;4;-20,439967;-40,459858;SPRF-ES;DEL01-ES;UOP01-DEL01-ES
725524;17/10/2025;sexta-feira;06:40:00;RS;392;20,2;RIO GRANDE;Condutor deixou de manter distância do veículo da frente;Colisão traseira;Com Vítimas Feridas;Amanhecer;Crescente;Nublado;Dupla;Curva;Sim;3;0;1;0;1;3;1;5;-32,08675262;-52,2009252;SPRF-RS;DEL07-RS;UOP02-DEL07-RS
725525;17/10/2025;sexta-feira;07:00:00;SC;101;191,2;BIGUACU;Manobra de mudança de faixa;Colisão lateral mesmo sentido;Com Vítimas Feridas;Pleno dia;Decrescente;Céu Claro;Dupla;Curva;Sim;3;0;1;0;1;1;1;3;-27,47857;-48,64374;SPRF-SC;DEL01-SC;UOP01-DEL01-SC
725535;17/10/2025;sexta-feira;07:30:00;MG;381;759,9;TRES CORACOES;Velocidade Incompatível;Colisão traseira;Com Vítimas Feridas;Pleno dia;Decrescente;Céu Claro;Dupla;Reta;Não;5;0;1;0;3;2;1;5;-21,695864;-45,360405;SPRF-MG;DEL16-MG;UOP02-DEL16-MG
725541;11/09/2025;quinta-feira;10:26:00;ES;262;100,6;VENDA NOVA DO IMIGRANTE;Reação tardia ou ineficiente do condutor;Tombamento;Com Vítimas Feridas;Pleno dia;Crescente;Sol;Simples;"Curva;Declive";Não;3;0;1;1;0;1;2;2;-20,344575;-41,108563;SPRF-ES;DEL01-ES;UOP02-DEL01-ES
725547;17/10/2025;sexta-feira;07:00:00;BA;101;408;IBIRAPITANGA;Condutor Dormindo;Colisão transversal;Com Vítimas Feridas;Pleno dia;Crescente;Céu Claro;Simples;Curva;Não;5;0;3;0;1;1;3;3;-14,040198;-39,401214;SPRF-BA;DEL05-BA;UOP03-DEL05-BA
725556;29/08/2025;sexta-feira;12:16:00;MG;40;332;FELIXLANDIA;Ausência de reação do condutor;Colisão traseira;Com Vítimas Feridas;Pleno dia;Decrescente;Céu Claro;Simples;"Curva;Aclive";Não;5;0;1;0;4;0;1;3;-18,5978278;-45,0100811;SPRF-MG;DEL14-MG;UOP02-DEL14-MG
725558;17/10/2025;sexta-feira;08:45:00;GO;153;502;GOIANIA;Ingestão de álcool pelo condutor;Colisão traseira;Sem Vítimas;Pleno dia;Decrescente;Sol;Dupla;Reta;Sim;3;0;0;0;2;1;0;3;-16,7232981;-49,2397271;SPRF-GO;DEL01-GO;UOP01-DEL01-GO
725562;17/10/2025;sexta-feira;07:48:00;SC;101;15;GARUVA;Acessar a via sem observar a presença dos outros veículos;Colisão lateral mesmo sentido;Com Vítimas Feridas;Pleno dia;Decrescente;Nublado;Múltipla;"Reta;Retorno Regulamentado";Não;2;0;1;0;1;0;1;2;-26,104453;-48,871037;SPRF-SC;DEL03-SC;UOP01-DEL03-SC
725563;17/10/2025;sexta-feira;10:00:00;MG;381;490;BETIM;Reação tardia ou ineficiente do condutor;Colisão lateral mesmo sentido;Com Vítimas Feridas;Pleno dia;Crescente;Sol;Múltipla;Reta;Não;3;0;1;0;1;1;1;3;-19,95625;-44,14195;SPRF-MG;DEL01-MG;UOP03-DEL01-MG
725568;17/10/2025;sexta-feira;09:59:00;ES;101;301,6;VIANA;Ausência de reação do condutor;Colisão traseira;Com Vítimas Feridas;Pleno dia;Crescente;Sol;Dupla;Curva;Sim;3;0;1;0;2;0;1;2;-20,365327;-40,443573;SPRF-ES;DEL01-ES;UOP01-DEL01-ES
725571;17/10/2025;sexta-feira;09:50:00;MG;381;363,4;SAO GONCALO DO RIO ABAIXO;Condutor deixou de manter distância do veículo da frente;Colisão traseira;Com Vítimas Feridas;Pleno dia;Crescente;Céu Claro;Simples;Curva;Sim;3;0;1;0;2;0;1;2;-19,85371;-43,26518;SPRF-MG;DEL03-MG;UOP01-DEL03-MG
725578;17/10/2025;sexta-feira;10:50:00;PI;343;314;ALTOS;Transitar na contramão;Colisão lateral sentido oposto;Com Vítimas Feridas;Pleno dia;Crescente;Céu Claro;Simples;Reta;Não;2;0;0;1;1;0;1;2;-5,04732812;-42,51743602;SPRF-PI;DEL01-PI;UOP01-DEL01-PI
725579;17/10/2025;sexta-feira;08:00:00;MT;364;74;ALTO GARCAS;Frear bruscamente;Colisão traseira;Com Vítimas Feridas;Pleno dia;Crescente;Céu Claro;Simples;"Reta;Declive";Não;3;0;1;0;1;1;1;3;-16,89917199;-53,65602493;SPRF-MT;DEL02-MT;UOP02-DEL02-MT
725582;17/10/2025;sexta-feira;08:45:00;MT;174;381;CONQUISTA DOESTE;Acostamento em desnível;Tombamento;Sem Vítimas;Pleno dia;Decrescente;Céu Claro;Simples;"Reta;Declive";Não;3;0;0;0;2;3;0;4;-14,5306444;-59,5556794;SPRF-MT;DEL04-MT;UOP01-DEL04-MT
725583;17/10/2025;sexta-feira;10:30:00;ES;101;404,1;ITAPEMIRIM;Condutor Dormindo;Colisão lateral sentido oposto;Com Vítimas Fatais;Pleno dia;Crescente;Céu Claro;Simples;Aclive;Não;3;1;1;0;0;1;1;3;-20,8958179;-41,0079923;SPRF-ES;DEL03-ES;UOP02-DEL03-ES