id;data_inversa;dia_semana;horario;uf;br;km;municipio;causa_acidente;tipo_acidente;classificacao_acidente;fase_dia;sentido_via;condicao_metereologica;tipo_pista;tracado_via;uso_solo;pessoas;mortos;feridos_leves;feridos_graves;ilesos;ignorados;feridos;veiculos;latitude;longitude;regional;delegacia;uop
725998;19/10/2025;domingo;02:50:00;MG;381;485;BETIM;Reação tardia ou ineficiente do condutor;Colisão traseira;Com Vítimas Feridas;Plena Noite;Crescente;Céu Claro;Dupla;Reta;Sim;2;0;0;1;0;1;1;2;-19,95562733;-44,09838289;SPRF-MG;DEL01-MG;UOP03-DEL01-MG
726010;19/10/2025;domingo;03:30:00;SC;101;181,3;BIGUACU;Avarias e/ou desgaste excessivo no pneu;Colisão com objeto;Com Vítimas Feridas;Plena Noite;Crescente;Céu Claro;Dupla;Reta;Sim;4;0;1;0;2;1;1;3;-27,39178;-48,63164;SPRF-SC;DEL01-SC;UOP01-DEL01-SC
726014;19/10/2025;domingo;03:15:00;MG;116;244,9;TEOFILO OTONI;Transitar na contramão;Colisão frontal;Com Vítimas Feridas;Plena Noite;Decrescente;Nublado;Simples;Reta;Sim;3;0;0;2;1;0;2;2;-17,60295116;-41,49238336;SPRF-MG;DEL11-MG;UOP01-DEL11-MG
726020;19/10/2025;domingo;05:45:00;SP;116;347;MIRACATU;Reação tardia ou ineficiente do condutor;Tombamento;Com Vítimas Feridas;Amanhecer;Decrescente;Céu Claro;Dupla;"Aclive;Curva";Não;2;0;1;0;0;2;1;3;-24,0502854;-47,2001178;SPRF-SP;DEL04-SP;UOP03-DEL04-SP
726021;19/10/2025;domingo;02:00:00;MT;163;99;RONDONOPOLIS;Ausência de reação do condutor;Saída de leito carroçável;Com Vítimas Feridas;Plena Noite;Decrescente;Céu Claro;Dupla;Reta;Não;2;0;1;0;0;2;1;3;-16,39210412;-54,39864278;SPRF-MT;DEL02-MT;UOP03-DEL02-MT
726022;19/10/2025;domingo;03:50:00;GO;153;671;PANAMA;Reação tardia ou ineficiente do condutor;Colisão traseira;Com Vítimas Feridas;Plena Noite;Decrescente;Céu Claro;Dupla;"Curva;Declive";Não;4;0;1;1;1;2;2;4;-18,156383;-49,28698;SPRF-GO;DEL03-GO;UOP02-DEL03-GO
726023;19/10/2025;domingo;05:20:00;PB;230;133,6;CAMPINA GRANDE;Condutor Dormindo;Colisão traseira;Com Vítimas Feridas;Amanhecer;Decrescente;Nublado;Dupla;"Reta;Aclive";Sim;2;0;1;0;1;0;1;2;-7,275475;-35,7555068;SPRF-PB;DEL02-PB;UOP01-DEL02-PB
726040;15/10/2025;quarta-feira;20:40:00;MG;459;16,9;CALDAS;Velocidade Incompatível;Tombamento;Com Vítimas Feridas;Plena Noite;Decrescente;Nublado;Simples;Curva;Não;4;0;2;0;1;1;2;3;-21,8409918;-46,4410004;SPRF-MG;DEL09-MG;UOP01-DEL09-MG
726042;19/10/2025;domingo;01:30:00;BA;242;885;BARREIRAS;Frear bruscamente;Colisão traseira;Sem Vítimas;Plena Noite;Crescente;Céu Claro;Simples;Reta;Não;8;0;0;0;7;1;0;3;-12,0659;-45,57821;SPRF-BA;DEL10-BA;UOP01-DEL10-BA
726051;07/10/2025;terça-feira;13:40:00;PI;343;347;TERESINA;Condutor deixou de manter distância do veículo da frente;Colisão lateral mesmo sentido;Com Vítimas Feridas;Pleno dia;Decrescente;Céu Claro;Simples;"Ponte;Reta";Sim;4;0;1;0;0;3;1;3;-5,115555;-42,779697;SPRF-PI;DEL01-PI;UOP01-DEL01-PI
726058;19/10/2025;domingo;06:10:00;RO;364;720;PORTO VELHO;Transtornos Mentais (exceto suicidio);Colisão traseira;Sem Vítimas;Amanhecer;Decrescente;Céu Claro;Dupla;Declive;Não;3;0;0;0;1;4;0;5;-8,8111054;-63,91772144;SPRF-RO;DEL01-RO;UOP01-DEL01-RO
726059;19/10/2025;domingo;08:39:00;PR;376;668;GUARATUBA;Problema com o freio;Tombamento;Com Vítimas Feridas;Pleno dia;Crescente;Céu Claro;Dupla;"Curva;Declive";Não;2;0;1;0;0;1;1;2;-25,8651172;-48,9374444;SPRF-PR;DEL01-PR;UOP04-DEL01-PR
726069;19/10/2025;domingo;10:30:00;MG;50;79;UBERLANDIA;Manobra de mudança de faixa;Colisão lateral mesmo sentido;Com Vítimas Feridas;Pleno dia;Decrescente;Céu Claro;Dupla;Reta;Não;3;0;0;1;1;1;1;3;-18,95690008;-48,21657394;SPRF-MG;DEL15-MG;UOP01-DEL15-MG
726074;02/09/2025;terça-feira;05:30:00;MA;230;41,3;BARAO DE GRAJAU;Ingestão de álcool pelo condutor;Derramamento de carga;Sem Vítimas;Amanhecer;Decrescente;Céu Claro;Simples;Aclive;Não;4;0;0;0;2;4;0;6;-6,647382;-43,341223;SPRF-PI;DEL03-PI;UOP01-DEL03-PI
726077;19/10/2025;domingo;08:00:00;MS;359;535;LADARIO;Demais falhas mecânicas ou elétricas;Saída de leito carroçável;Sem Vítimas;Amanhecer;Crescente;Sol;Dupla;Curva;Não;3;0;0;0;0;5;0;5;-19,0256416;-57,61848516;SPRF-MS;DEL03-MS;UOP03-DEL03-MS
726078;19/10/2025;domingo;09:00:00;MA;10;300;CIDELANDIA;Acessar a via sem observar a presença dos outros veículos;Colisão frontal;Com Vítimas Feridas;Pleno dia;Decrescente;Céu Claro;Simples;Reta;Não;3;0;0;1;1;2;1;4;-5,11043367;-47,55068004;SPRF-MA;DEL04-MA;UOP03-DEL04-MA
726084;19/10/2025;domingo;12:15:00;MG;381;424;CAETE;Acessar a via sem observar a presença dos outros veículos;Colisão transversal;Com Vítimas Feridas;Pleno dia;Crescente;Céu Claro;Simples;Curva;Não;3;0;1;0;1;1;1;3;-19,7863469;-43,6864863;SPRF-MG;DEL01-MG;UOP01-DEL01-MG
726089;19/10/2025;domingo;12:45:00;BA;242;841;BARREIRAS;Condutor Dormindo;Colisão traseira;Com Vítimas Feridas;Pleno dia;Decrescente;Nublado;Simples;Reta;Não;5;0;2;0;2;1;2;3;-12,1272;-45,1378;SPRF-BA;DEL10-BA;UOP01-DEL10-BA
726091;19/10/2025;domingo;14:01:00;MG;381;563;ITAGUARA;Carga excessiva e/ou mal acondicionada;Derramamento de carga;Sem Vítimas;Pleno dia;Decrescente;Céu Claro;Dupla;Curva;Sim;3;0;0;0;3;0;0;3;-20,38606675;-44,48926449;SPRF-MG;DEL04-MG;UOP03-DEL04-MG
726102;19/10/2025;domingo;05:00:00;RJ;101;293;ITABORAI;Ausência de reação do condutor;Colisão traseira;Com Vítimas Feridas;Pleno dia;Decrescente;Chuva;Dupla;Reta;Sim;2;0;1;0;1;0;1;2;-22,75623728;-42,89178371;SPRF-RJ;DEL02-RJ;UOP02-DEL02-RJ
726103;19/10/2025;domingo;14:00:00;GO;40;130;CRISTALINA;Ultrapassagem Indevida;Colisão lateral mesmo sentido;Sem Vítimas;Pleno dia;Crescente;Céu Claro;Simples;Reta;Não;4;0;0;0;3;4;0;7;-17,01683;-47,194895;SPRF-DF;DEL01-DF;UOP02-DEL01-DF
726118;19/10/2025;domingo;16:00:00;PR;376;663;GUARATUBA;Acessar a via sem observar a presença dos outros veículos;Colisão traseira;Com Vítimas Feridas;Pleno dia;Crescente;Céu Claro;Dupla;"Reta;Declive";Não;5;0;2;0;1;2;2;4;-25,85539667;-48,96064505;SPRF-PR;DEL01-PR;UOP04-DEL01-PR
726136;19/10/2025;domingo;17:25:00;MG;251;477;FRANCISCO SA;Ausência de reação do condutor;Colisão frontal;Com Vítimas Feridas;Pleno dia;Crescente;Chuva;Simples;Reta;Não;6;0;0;4;1;1;4;3;-16,47053418;-43,45038737;SPRF-MG;DEL12-MG;UOP01-DEL12-MG
726140;19/10/2025;domingo;18:00:00;SE;101;156;ESTANCIA;Reação tardia ou ineficiente do condutor;Saída de leito carroçável;Com Vítimas Fatais;Plena Noite;Decrescente;Céu Claro;Simples;"Declive;Curva";Não;1;1;0;0;0;0;0;1;-11,28964989;-37,46834502;SPRF-SE;DEL02-SE;UOP01-DEL02-SE
726154;19/10/2025;domingo;18:33:00;AL;316;99;SANTANA DO IPANEMA;Reação tardia ou ineficiente do condutor;Engavetamento;Sem Vítimas;Plena Noite;Decrescente;Céu Claro;Simples;Aclive;Não;3;0;0;0;2;1;0;3;-9,387749;-37,125521;SPRF-AL;DEL03-AL;UOP02-DEL03-AL
726161;18/10/2025;sábado;15:50:00;RO;364;690;CANDEIAS DO JAMARI;Reação tardia ou ineficiente do condutor;Tombamento;Sem Vítimas;Pleno dia;Decrescente;Céu Claro;Dupla;Curva;Não;2;0;0;0;0;3;0;3;-8,79634;-63,68542;SPRF-RO;DEL01-RO;UOP01-DEL01-RO
726178;19/10/2025;domingo;18:10:00;GO;153;196;URUACU;Chuva;Colisão com objeto;Sem Vítimas;Anoitecer;Decrescente;Chuva;Simples;Declive;Não;2;0;0;0;1;1;0;2;-14,505566;-49,148785;SPRF-GO;DEL07-GO;UOP02-DEL07-GO
726183;30/08/2025;sábado;13:00:00;SE;101;156;ESTANCIA;Velocidade Incompatível;Tombamento;Com Vítimas Feridas;Pleno dia;Decrescente;Sol;Simples;Curva;Não;2;0;1;0;0;1;1;2;-11,28836827;-37,46762149;SPRF-SE;DEL02-SE;UOP01-DEL02-SE
726186;19/10/2025;domingo;20:20:00;PR;277;140;BALSA NOVA;Manobra de mudança de faixa;Colisão traseira;Sem Vítimas;Plena Noite;Crescente;Nublado;Múltipla;Reta;Não;3;0;0;0;2;2;0;4;-25,471;-49,661;SPRF-PR;DEL03-PR;UOP03-DEL03-PR
726189;19/10/2025;domingo;18:10:00;MA;230;469;RIACHAO;Transitar na contramão;Colisão frontal;Com Vítimas Fatais;Plena Noite;Crescente;Céu Claro;Simples;Reta;Não;2;1;0;0;1;0;0;2;-7,35933;-46,6018;SPRF-MA;DEL05-MA;UOP01-DEL05-MA
726190;19/10/2025;domingo;19:00:00;SC;101;457,5;SAO JOAO DO SUL;Ausência de reação do condutor;Colisão traseira;Sem Vítimas;Plena Noite;Decrescente;Nublado;Múltipla;Reta;Não;2;0;0;0;1;1;0;2;-29,24366346;-49,75408673;SPRF-SC;DEL02-SC;UOP02-DEL02-SC
726217;19/10/2025;domingo;23:20:00;RS;285;456;IJUI;Transitar na contramão;Colisão frontal;Com Vítimas Feridas;Plena Noite;Crescente;Céu Claro;Simples;"Em Obras;Interseção de Vias";Sim;2;0;0;1;1;0;1;2;-28,38483107;-53,88759613;SPRF-RS;DEL10-RS;UOP01-DEL10-RS
726229;19/10/2025;domingo;17:50:00;MG;251;464;MONTES CLAROS;Velocidade Incompatível;Colisão com objeto;Com Vítimas Feridas;Anoitecer;Crescente;Chuva;Simples;"Curva;Declive";Não;2;0;0;1;0;1;1;2;-16,6536744;-43,717917;SPRF-MG;DEL12-MG;UOP01-DEL12-MG
726231;20/10/2025;segunda-feira;02:00:00;PR;376;494;PONTA GROSSA;Acessar a via sem observar a presença dos outros veículos;Colisão traseira;Sem Vítimas;Plena Noite;Decrescente;Nublado;Simples;Reta;Sim;3;0;0;0;2;1;0;3;-25,1559567;-50,1319133;SPRF-PR;DEL03-PR;UOP04-DEL03-PR
726233;20/10/2025;segunda-feira;01:45:00;SP;116;86;PINDAMONHANGABA;Reação tardia ou ineficiente do condutor;Colisão lateral mesmo sentido;Sem Vítimas;Plena Noite;Decrescente;Garoa/Chuvisco;Dupla;Reta;Não;3;0;0;0;2;1;0;3;-22,92632233;-45,35272121;SPRF-SP;DEL08-SP;UOP01-DEL08-SP
726234;19/10/2025;domingo;23:28:00;MG;365;5,7;MONTES CLAROS;Velocidade Incompatível;Colisão com objeto;Sem Vítimas;Plena Noite;Decrescente;Chuva;Simples;"Curva;Viaduto;Declive";Não;2;0;0;0;1;1;0;2;-16,807142;-43,906783;SPRF-MG;DEL12-MG;UOP01-DEL12-MG
726240;20/10/2025;segunda-feira;02:30:00;SP;116;520;BARRA DO TURVO;Demais falhas mecânicas ou elétricas;Incêndio;Sem Vítimas;Plena Noite;Crescente;Céu Claro;Dupla;Reta;Não;2;0;0;0;1;1;0;2;-24,9288075;-48,2715292;SPRF-SP;DEL05-SP;UOP02-DEL05-SP
726242;20/10/2025;segunda-feira;05:55:00;SP;116;53;LORENA;Ausência de reação do condutor;Colisão lateral mesmo sentido;Com Vítimas Feridas;Amanhecer;Decrescente;Céu Claro;Dupla;Reta;Sim;3;0;1;0;1;1;1;3;-22,75664405;-45,1127786;SPRF-SP;DEL08-SP;UOP02-DEL08-SP
726249;20/10/2025;segunda-feira;05:00:00;MG;381;903,5;CAMBUI;Velocidade Incompatível;Tombamento;Com Vítimas Feridas;Amanhecer;Decrescente;Céu Claro;Dupla;Curva;Não;2;0;1;0;0;1;1;2;-22,6457174;-46,0865574;SPRF-MG;DEL16-MG;UOP03-DEL16-MG
726253;19/10/2025;domingo;19:55:00;MG;265;602,5;IBIA;Velocidade Incompatível;Tombamento;Com Vítimas Feridas;Plena Noite;Crescente;Céu Claro;Simples;"Curva;Declive";Não;2;0;1;0;0;2;1;3;-19,57531789;-46,43697739;SPRF-MG;DEL09-MG;UOP01-DEL09-MG
726255;20/10/2025;segunda-feira;07:00:00;PE;101;79,7;JABOATAO DOS GUARARAPES;Condutor deixou de manter distância do veículo da frente;Colisão traseira;Com Vítimas Feridas;Pleno dia;Crescente;Céu Claro;Dupla;Reta;Sim;2;0;1;0;0;1;1;2;-8,14886;-34,9439;SPRF-PE;DEL01-PE;UOP01-DEL01-PE
726259;20/10/2025;segunda-feira;07:22:00;RN;304;119,1;ITAJA;Acessar a via sem observar a presença dos outros veículos;Colisão transversal;Com Vítimas Feridas;Pleno dia;Decrescente;Céu Claro;Simples;"Declive;Reta;Interseção de Vias";Sim;2;0;1;0;1;0;1;2;-5,630277;-36,863588;SPRF-RN;DEL04-RN;UOP01-DEL04-RN
726263;20/10/2025;segunda-feira;02:30:00;MS;262;239;RIBAS DO RIO PARDO;Velocidade Incompatível;Colisão transversal;Com Vítimas Feridas;Plena Noite;Crescente;Céu Claro;Simples;"Reta;Interseção de Vias;Rotatória";Sim;4;0;0;1;2;1;1;3;-20,45698392;-53,75627518;SPRF-MS;DEL01-MS;UOP05-DEL01-MS
726280;20/10/2025;segunda-feira;07:15:00;SP;116;476;JACUPIRANGA;Reação tardia ou ineficiente do condutor;Queda de ocupante de veículo;Com Vítimas Feridas;Amanhecer;Decrescente;Céu Claro;Dupla;"Reta;Ponte";Sim;4;0;2;0;1;1;2;3;-24,69319997;-47,99608883;SPRF-SP;DEL05-SP;UOP01-DEL05-SP
726284;20/10/2025;segunda-feira;07:40:00;PA;316;49;SANTA IZABEL DO PARA;Ingestão de álcool pelo condutor;Colisão lateral mesmo sentido;Com Vítimas Feridas;Pleno dia;Decrescente;Céu Claro;Dupla;Reta;Não;5;0;2;0;2;1;2;3;-1,306732;-48,038882;SPRF-PA;DEL01-PA;UOP01-DEL01-PA
726290;20/10/2025;segunda-feira;07:52:00;MG;40;576,2;ITABIRITO;Desrespeitar a preferência no cruzamento;Saída de leito carroçável;Com Vítimas Feridas;Pleno dia;Crescente;Nublado;Simples;Retorno Regulamentado;Não;3;0;1;0;1;1;1;3;-20,26516876;-43,95730466;SPRF-MG;DEL01-MG;UOP02-DEL01-MG
726293;20/10/2025;segunda-feira;08:45:00;GO;60;169;GOIANIA;Reação tardia ou ineficiente do condutor;Colisão traseira;Com Vítimas Feridas;Pleno dia;Decrescente;Céu Claro;Dupla;Reta;Sim;3;0;1;0;1;2;1;4;-16,72999214;-49,38620567;SPRF-GO;DEL01-GO;UOP02-DEL01-GO
726295;20/10/2025;segunda-feira;06:10:00;MG;116;39;CACHOEIRA DE PAJEU;Transitar na contramão;Colisão frontal;Com Vítimas Fatais;Pleno dia;Decrescente;Chuva;Simples;"Aclive;Curva";Não;3;1;0;0;1;1;0;3;-15,97214;-41,50269;SPRF-MG;DEL11-MG;UOP02-DEL11-MG
726297;20/10/2025;segunda-feira;08:50:00;BA;242;823;BARREIRAS;Desrespeitar a preferência no cruzamento;Colisão traseira;Sem Vítimas;Pleno dia;Crescente;Céu Claro;Simples;Reta;Não;3;0;0;0;2;1;0;3;-12,12934569;-45,01676828;SPRF-BA;DEL10-BA;UOP01-DEL10-BA
726300;23/08/2025;sábado;06:30:00;PA;163;573;TRAIRAO;Acessar a via sem observar a presença dos outros veículos;Colisão frontal;Com Vítimas Feridas;Amanhecer;Crescente;Ignorado;Simples;Curva;Não;4;0;1;0;2;4;1;7;-5,03306924;-56,18890229;SPRF-PA;DEL05-PA;UOP03-DEL05-PA
726302;20/10/2025;segunda-feira;09:00:00;RS;158;260,1;JULIO DE CASTILHOS;Transitar na contramão;Colisão lateral sentido oposto;Com Vítimas Feridas;Pleno dia;Crescente;Céu Claro;Simples;Reta;Não;3;0;1;0;1;4;1;6;-29,203824;-53,674776;SPRF-RS;DEL10-RS;UOP02-DEL10-RS
726307;20/10/2025;segunda-feira;10:00:00;GO;153;575,1;PROFESSOR JAMIL;Velocidade Incompatível;Saída de leito carroçável;Com Vítimas Fatais;Pleno dia;Crescente;Céu Claro;Dupla;Curva;Não;6;3;2;1;0;0;3;2;-17,339387;-49,240193;SPRF-GO;DEL03-GO;UOP01-DEL03-GO
726308;08/10/2025;quarta-feira;12:50:00;PR;163;171,7;LINDOESTE;Velocidade Incompatível;Colisão com objeto;Com Vítimas Fatais;Pleno dia;Decrescente;Chuva;Dupla;"Curva;Declive";Não;2;1;0;0;0;1;0;2;-25,225921;-53,591982;SPRF-PR;DEL05-PR;UOP05-DEL05-PR
726316;05/10/2025;domingo;15:05:00;TO;153;446;BARROLANDIA;Transitar na contramão;Colisão frontal;Com Vítimas Feridas;Pleno dia;Crescente;Céu Claro;Simples;Declive;Não;4;0;1;1;1;2;2;4;-9,81806607;-48,72261493;SPRF-TO;DEL01-TO;UOP01-DEL01-TO
726321;20/10/2025;segunda-feira;11:00:00;MG;381;484;BETIM;Trafegar com motocicleta (ou similar) entre as faixas;Colisão lateral mesmo sentido;Com Vítimas Feridas;Pleno dia;Crescente;Nublado;Dupla;"Declive;Curva";Sim;2;0;0;1;1;0;1;2;-19,9590933;-44,0905345;SPRF-MG;DEL01-MG;UOP03-DEL01-MG
726322;20/10/2025;segunda-feira;12:00:00;CE;20;405,9;CAUCAIA;Reação tardia ou ineficiente do condutor;Colisão transversal;Sem Vítimas;Pleno dia;Crescente;Céu Claro;Simples;Reta;Sim;2;0;0;0;2;0;0;2;-3,77045767;-38,6707989;SPRF-CE;DEL01-CE;UOP01-DEL01-CE
726324;20/10/2025;segunda-feira;11:00:00;RJ;393;239,8;VASSOURAS;Ingestão de álcool pelo condutor;Colisão frontal;Sem Vítimas;Pleno dia;Decrescente;Chuva;Simples;Reta;Não;3;0;0;0;2;1;0;3;-22,43134016;-43,71940613;SPRF-RJ;DEL05-RJ;UOP04-DEL05-RJ
726331;20/10/2025;segunda-feira;13:00:00;MG;381;497;BETIM;Ausência de reação do condutor;Engavetamento;Com Vítimas Feridas;Pleno dia;Crescente;Céu Claro;Dupla;"Declive;Reta";Sim;4;0;1;0;3;0;1;3;-19,98195436;-44,20148341;SPRF-MG;DEL01-MG;UOP03-DEL01-MG
726336;20/10/2025;segunda-feira;12:48:00;ES;101;233;FUNDAO;Velocidade Incompatível;Colisão lateral mesmo sentido;Com Vítimas Feridas;Pleno dia;Crescente;Céu Claro;Simples;"Declive;Reta";Não;3;0;0;1;1;1;1;3;-19,98486955;-40,41403961;SPRF-ES;DEL02-ES;UOP01-DEL02-ES
726338;20/10/2025;segunda-feira;11:30:00;ES;101;268;SERRA;Manobra de mudança de faixa;Colisão lateral mesmo sentido;Com Vítimas Feridas;Pleno dia;Decrescente;Nublado;Múltipla;Reta;Não;2;0;1;0;1;0;1;2;-20,20120597;-40,2689491;SPRF-ES;DEL02-ES;UOP01-DEL02-ES
726343;20/10/2025;segunda-feira;10:00:00;PR;277;15;PARANAGUA;Problema com o freio;Incêndio;Sem Vítimas;Pleno dia;Decrescente;Céu Claro;Dupla;Reta;Não;2;0;0;0;1;2;0;3;-25,552423;-48,664098;SPRF-PR;DEL01-PR;UOP05-DEL01-PR
726353;20/10/2025;segunda-feira;10:25:00;SC;470;116;IBIRAMA;Velocidade Incompatível;Tombamento;Com Vítimas Feridas;Pleno dia;Decrescente;Céu Claro;Simples;"Interseção de Vias;Curva;Declive";Não;2;0;1;0;0;1;1;2;-27,08236408;-49,52049701;SPRF-SC;DEL04-SC;UOP02-DEL04-SC
726357;20/10/2025;segunda-feira;13:30:00;CE;116;64;CHOROZINHO;Condutor deixou de manter distância do veículo da frente;Colisão traseira;Com Vítimas Feridas;Pleno dia;Crescente;Céu Claro;Simples;"Em Obras;Reta";Não;4;0;1;0;2;2;1;4;-4,284191;-38,495181;SPRF-CE;DEL01-CE;UOP04-DEL01-CE
726359;20/10/2025;segunda-feira;14:30:00;PR;376;624;SAO JOSE DOS PINHAIS;Reação tardia ou ineficiente do condutor;Saída de leito carroçável;Com Vítimas Feridas;Pleno dia;Decrescente;Nublado;Múltipla;Reta;Não;3;0;2;0;0;1;2;2;-25,651394;-49,158478;SPRF-PR;DEL01-PR;UOP04-DEL01-PR
726364;20/10/2025;segunda-feira;15:15:00;RS;290;115;ELDORADO DO SUL;Reação tardia ou ineficiente do condutor;Colisão lateral mesmo sentido;Sem Vítimas;Pleno dia;Crescente;Céu Claro;Simples;Reta;Não;2;0;0;0;2;0;0;2;-30,04781453;-51,38166651;SPRF-RS;DEL02-RS;UOP01-DEL02-RS
726370;20/10/2025;segunda-feira;12:40:00;MT;364;339,8;SANTO ANTONIO DO LEVERGER;Reação tardia ou ineficiente do condutor;Saída de leito carroçável;Sem Vítimas;Pleno dia;Crescente;Nublado;Dupla;"Declive;Reta";Não;1;0;0;0;1;0;0;1;-15,824935;-55,510858;SPRF-MT;DEL05-MT;UOP02-DEL05-MT
726373;20/10/2025;segunda-feira;16:10:00;RJ;116;169;RIO DE JANEIRO;Acesso irregular;Colisão transversal;Sem Vítimas;Pleno dia;Decrescente;Céu Claro;Múltipla;Curva;Não;2;0;0;0;2;0;0;2;-22,81648104;-43,32475159;SPRF-RJ;DEL06-RJ;UOP01-DEL06-RJ
726376;28/09/2025;domingo;22:40:00;GO;60;255,8;JANDAIA;Ingestão de álcool pelo condutor;Tombamento;Com Vítimas Feridas;Plena Noite;Crescente;Céu Claro;Dupla;Reta;Não;4;0;3;0;0;2;3;3;-17,21433263;-50,14291765;SPRF-GO;DEL01-GO;UOP02-DEL01-GO
726380;20/10/2025;segunda-feira;16:35:00;PA;163;635;TRAIRAO;Ausência de reação do condutor;Colisão com objeto;Sem Vítimas;Pleno dia;Decrescente;Céu Claro;Simples;Reta;Não;2;0;0;0;1;1;0;2;-4,6225224;-55,9534055;SPRF-PA;DEL05-PA;UOP02-DEL05-PA
726396;20/10/2025;segunda-feira;16:42:00;PR;277;535,7;IBEMA;Ultrapassagem Indevida;Colisão lateral sentido oposto;Com Vítimas Feridas;Pleno dia;Decrescente;Céu Claro;Simples;Reta;Sim;2;0;0;1;1;0;1;2;-25,11594111;-53,00649827;SPRF-PR;DEL04-PR;UOP04-DEL04-PR
726397;17/10/2025;sexta-feira;06:55:00;PR;153;160;VENTANIA;Velocidade Incompatível;Tombamento;Sem Vítimas;Pleno dia;Crescente;Nublado;Simples;"Interseção de Vias;Rotatória";Sim;2;0;0;0;1;2;0;3;-24,23518824;-50,23273154;SPRF-PR;DEL07-PR;UOP04-DEL07-PR
726399;20/10/2025;segunda-feira;08:40:00;MG;251;517;MONTES CLAROS;Pista Escorregadia;Colisão traseira;Com Vítimas Feridas;Pleno dia;Crescente;Chuva;Simples;"Aclive;Reta";Não;7;0;3;0;3;1;3;3;-16,661305;-43,759605;SPRF-MG;DEL12-MG;UOP01-DEL12-MG
726417;20/10/2025;segunda-feira;14:30:00;RO;364;603;ITAPUA DO OESTE;Acumulo de areia ou detritos sobre o pavimento;Colisão lateral mesmo sentido;Com Vítimas Feridas;Pleno dia;Decrescente;Céu Claro;Múltipla;Reta;Sim;5;0;3;0;1;3;3;5;-9,1967;-63,1845;SPRF-RO;DEL01-RO;UOP04-DEL01-RO
726418;20/10/2025;segunda-feira;18:00:00;MS;267;168,4;NOVA ANDRADINA;Demais falhas na via;Colisão frontal;Com Vítimas Fatais;Anoitecer;Crescente;Céu Claro;Simples;"Aclive;Reta";Não;2;1;0;0;1;0;0;2;-21,623938;-53,648153;SPRF-MS;DEL02-MS;UOP03-DEL02-MS
726433;20/10/2025;segunda-feira;18:05:00;MG;40;192,9;JOAO PINHEIRO;Acessar a via sem observar a presença dos outros veículos;Colisão transversal;Com Vítimas Feridas;Anoitecer;Crescente;Nublado;Simples;"Reta;Interseção de Vias";Não;4;0;2;0;2;0;2;2;-18,004476;-45,874892;SPRF-MG;DEL14-MG;UOP02-DEL14-MG
726444;20/10/2025;segunda-feira;21:07:00;SC;101;185,9;BIGUACU;Acessar a via sem observar a presença dos outros veículos;Colisão traseira;Com Vítimas Feridas;Plena Noite;Crescente;Céu Claro;Múltipla;"Curva;Interseção de Vias";Sim;2;0;0;1;1;0;1;2;-27,43397;-48,62555;SPRF-SC;DEL01-SC;UOP01-DEL01-SC
726453;20/10/2025;segunda-feira;15:20:00;MG;381;238,3;SANTANA DO PARAISO;Ausência de reação do condutor;Colisão frontal;Com Vítimas Feridas;Pleno dia;Decrescente;Céu Claro;Simples;Reta;Não;3;0;1;0;1;1;1;3;-19,42677261;-42,49923706;SPRF-MG;DEL06-MG;UOP01-DEL06-MG
726454;20/10/2025;segunda-feira;22:00:00;ES;101;318;VILA VELHA;Ausência de reação do condutor;Colisão traseira;Com Vítimas Feridas;Plena Noite;Crescente;Nublado;Dupla;"Aclive;Reta";Não;3;0;2;0;1;0;2;2;-20,494267;-40,47653;SPRF-ES;DEL01-ES;UOP01-DEL01-ES
726457;20/10/2025;segunda-feira;20:40:00;SC;282;342,9;CAMPOS NOVOS;Transitar na contramão;Colisão lateral sentido oposto;Com Vítimas Feridas;Plena Noite;Crescente;Céu Claro;Simples;Reta;Sim;2;0;1;0;1;0;1;2;-27,390272;-51,22344;SPRF-SC;DEL07-SC;UOP06-DEL07-SC
726460;20/10/2025;segunda-feira;20:00:00;MG;40;152;JOAO PINHEIRO;Reação tardia ou ineficiente do condutor;Tombamento;Sem Vítimas;Plena Noite;Crescente;Nublado;Simples;Curva;Não;2;0;0;0;1;1;0;2;-17,89674786;-46,12369537;SPRF-MG;DEL14-MG;UOP02-DEL14-MG
726462;20/10/2025;segunda-feira;22:46:00;SP;116;161;JACAREI;Reação tardia ou ineficiente do condutor;Engavetamento;Com Vítimas Feridas;Plena Noite;Decrescente;Céu Claro;Dupla;Reta;Sim;5;0;1;0;3;1;1;5;-23,27574139;-45,97508876;SPRF-SP;DEL02-SP;UOP01-DEL02-SP
726466;21/10/2025;terça-feira;03:30:00;MT;364;1248;COMODORO;Condutor Dormindo;Tombamento;Com Vítimas Feridas;Plena Noite;Decrescente;Nublado;Simples;Reta;Não;3;0;1;1;0;1;2;2;-13,68252705;-59,72576737;SPRF-MT;DEL04-MT;UOP02-DEL04-MT
726469;21/10/2025;terça-feira;03:45:00;RJ;116;260,4;PIRAI;Condutor Dormindo;Colisão traseira;Sem Vítimas;Plena Noite;Decrescente;Céu Claro;Dupla;Declive;Não;2;0;0;0;2;0;0;2;-22,58640246;-44,0557518;SPRF-RJ;DEL07-RJ;UOP02-DEL07-RJ
726470;21/10/2025;terça-feira;03:30:00;PB;116;7;CACHOEIRA DOS INDIOS;Condutor Dormindo;Colisão com objeto;Com Vítimas Feridas;Plena Noite;Crescente;Ignorado;Simples;"Declive;Reta";Não;2;0;1;0;0;1;1;1;-6,95643;-38,723317;SPRF-CE;DEL05-CE;UOP03-DEL05-CE