id;data_inversa;dia_semana;horario;uf;br;km;municipio;causa_acidente;tipo_acidente;classificacao_acidente;fase_dia;sentido_via;condicao_metereologica;tipo_pista;tracado_via;uso_solo;pessoas;mortos;feridos_leves;feridos_graves;ilesos;ignorados;feridos;veiculos;latitude;longitude;regional;delegacia;uop
726472;21/10/2025;terça-feira;05:15:00;SC;470;146;RIO DO SUL;Acessar a via sem observar a presença dos outros veículos;Colisão transversal;Com Vítimas Feridas;Amanhecer;Crescente;Nublado;Simples;Curva;Não;3;0;1;0;2;0;1;2;-27,23259448;-49,67200155;SPRF-SC;DEL04-SC;UOP02-DEL04-SC
726475;21/10/2025;terça-feira;06:15:00;GO;20;5;FORMOSA;Pista Escorregadia;Saída de leito carroçável;Com Vítimas Feridas;Pleno dia;Crescente;Nublado;Simples;"Em Obras;Reta;Declive";Sim;2;0;1;0;0;1;1;2;-15,555343;-47,30694;SPRF-DF;DEL02-DF;UOP02-DEL02-DF
726478;21/10/2025;terça-feira;05:20:00;SC;101;282;IMBITUBA;Condutor usando celular;Tombamento;Com Vítimas Feridas;Pleno dia;Decrescente;Céu Claro;Múltipla;Reta;Sim;2;0;1;0;0;1;1;2;-28,215;-48,7;SPRF-SC;DEL02-SC;UOP03-DEL02-SC
726480;21/10/2025;terça-feira;05:40:00;BA;242;407;SEABRA;Reação tardia ou ineficiente do condutor;Saída de leito carroçável;Com Vítimas Feridas;Pleno dia;Decrescente;Nublado;Simples;Curva;Não;2;0;0;1;0;3;1;4;-12,48379;-41,73732;SPRF-BA;DEL06-BA;UOP01-DEL06-BA
726487;21/10/2025;terça-feira;06:32:00;RS;116;238;NOVO HAMBURGO;Manobra de mudança de faixa;Colisão lateral mesmo sentido;Com Vítimas Feridas;Pleno dia;Crescente;Céu Claro;Dupla;"Reta;Em Obras;Desvio Temporário";Sim;2;0;1;0;1;0;1;2;-29,6935421;-51,1439297;SPRF-RS;DEL01-RS;UOP02-DEL01-RS
726490;21/10/2025;terça-feira;07:40:00;RJ;101;399;ITAGUAI;Ingestão de álcool pelo condutor;Colisão traseira;Com Vítimas Feridas;Pleno dia;Crescente;Céu Claro;Múltipla;Reta;Não;4;0;1;0;3;0;1;3;-22,86257278;-43,75579834;SPRF-RJ;DEL03-RJ;UOP01-DEL03-RJ
726499;21/10/2025;terça-feira;06:30:00;GO;153;394,2;PIRENOPOLIS;Reação tardia ou ineficiente do condutor;Colisão traseira;Com Vítimas Feridas;Pleno dia;Decrescente;Céu Claro;Simples;Reta;Não;3;0;1;0;1;2;1;4;-16,011823;-49,121497;SPRF-GO;DEL02-GO;UOP02-DEL02-GO
726501;20/10/2025;segunda-feira;17:00:00;MG;40;108;LAGOA GRANDE;Ausência de reação do condutor;Engavetamento;Com Vítimas Feridas;Anoitecer;Crescente;Céu Claro;Simples;Reta;Não;4;0;1;0;3;0;1;4;-17,61987283;-46,46464274;SPRF-MG;DEL14-MG;UOP01-DEL14-MG
726506;21/10/2025;terça-feira;08:15:00;SC;282;2,4;FLORIANOPOLIS;Trafegar com motocicleta (ou similar) entre as faixas;Colisão lateral mesmo sentido;Com Vítimas Feridas;Pleno dia;Decrescente;Nublado;Dupla;Reta;Sim;3;0;1;0;2;0;1;3;-27,602;-48,595;SPRF-SC;DEL01-SC;UOP01-DEL01-SC
726507;04/10/2025;sábado;10:00:00;RO;364;429;JARU;Demais falhas mecânicas ou elétricas;Saída de leito carroçável;Sem Vítimas;Pleno dia;Decrescente;Céu Claro;Simples;Curva;Não;2;0;0;0;1;3;0;4;-10,41505333;-62,50581264;SPRF-RO;DEL03-RO;UOP02-DEL03-RO
726509;21/10/2025;terça-feira;07:40:00;MT;163;834,5;SINOP;Manobra de mudança de faixa;Colisão transversal;Com Vítimas Feridas;Pleno dia;Crescente;Sol;Dupla;Retorno Regulamentado;Sim;2;0;1;0;1;0;1;2;-11,86584;-55,49643;SPRF-MT;DEL06-MT;UOP02-DEL06-MT
726516;21/10/2025;terça-feira;09:20:00;PE;101;57;RECIFE;Conversão proibida;Colisão lateral mesmo sentido;Com Vítimas Feridas;Pleno dia;Crescente;Céu Claro;Dupla;Reta;Sim;5;0;2;0;2;1;2;3;-7,967592;-34,918924;SPRF-PE;DEL01-PE;UOP02-DEL01-PE
726518;21/10/2025;terça-feira;08:20:00;BA;324;555;SAO SEBASTIAO DO PASSE;Reação tardia ou ineficiente do condutor;Saída de leito carroçável;Sem Vítimas;Pleno dia;Decrescente;Chuva;Dupla;Reta;Não;2;0;0;0;1;1;0;2;-12,4878751;-38,6272554;SPRF-BA;DEL01-BA;UOP03-DEL01-BA
726523;21/10/2025;terça-feira;09:25:00;MS;163;164;JUTI;Reação tardia ou ineficiente do condutor;Engavetamento;Com Vítimas Fatais;Pleno dia;Crescente;Céu Claro;Simples;Declive;Não;6;1;2;0;2;2;2;6;-22,901547;-54,552188;SPRF-MS;DEL09-MS;UOP01-DEL09-MS
726524;21/10/2025;terça-feira;10:00:00;PR;369;149;LONDRINA;Trafegar com motocicleta (ou similar) entre as faixas;Colisão lateral mesmo sentido;Com Vítimas Feridas;Pleno dia;Crescente;Céu Claro;Dupla;Reta;Sim;3;0;1;0;2;0;1;3;-23,29285957;-51,15404813;SPRF-PR;DEL07-PR;UOP01-DEL07-PR
726532;21/10/2025;terça-feira;11:20:00;SC;101;203,5;SAO JOSE;Reação tardia ou ineficiente do condutor;Engavetamento;Com Vítimas Feridas;Pleno dia;Decrescente;Nublado;Múltipla;Reta;Sim;5;0;1;0;3;2;1;5;-27,56991;-48,61366;SPRF-SC;DEL01-SC;UOP01-DEL01-SC
726536;21/10/2025;terça-feira;09:30:00;BA;330;799;JEQUIE;Pista esburacada;Tombamento;Sem Vítimas;Pleno dia;Decrescente;Garoa/Chuvisco;Simples;"Em Obras;Reta";Não;4;0;0;0;4;0;0;1;-13,930718;-39,995745;SPRF-BA;DEL03-BA;UOP01-DEL03-BA
726537;21/10/2025;terça-feira;08:30:00;BA;116;442;FEIRA DE SANTANA;Acumulo de óleo sobre o pavimento;Colisão lateral mesmo sentido;Sem Vítimas;Pleno dia;Decrescente;Chuva;Dupla;Curva;Não;3;0;0;0;2;1;0;3;-12,35138;-39,09223;SPRF-BA;DEL02-BA;UOP01-DEL02-BA
726538;21/10/2025;terça-feira;08:25:00;BA;116;442;FEIRA DE SANTANA;Problema com o freio;Colisão lateral mesmo sentido;Sem Vítimas;Pleno dia;Decrescente;Garoa/Chuvisco;Dupla;Curva;Não;4;0;0;0;3;1;0;4;-12,35138;-39,09223;SPRF-BA;DEL02-BA;UOP01-DEL02-BA
726546;21/10/2025;terça-feira;12:30:00;PR;116;92;SAO JOSE DOS PINHAIS;Ausência de reação do condutor;Colisão traseira;Com Vítimas Feridas;Pleno dia;Crescente;Nublado;Dupla;Reta;Não;6;0;2;0;3;4;2;8;-25,55548367;-49,02964091;SPRF-PR;DEL01-PR;UOP07-DEL01-PR
726549;07/10/2025;terça-feira;18:20:00;MG;381;397;BOM JESUS DO AMPARO;Ausência de reação do condutor;Colisão traseira;Com Vítimas Fatais;Plena Noite;Decrescente;Céu Claro;Dupla;"Reta;Declive";Não;6;2;0;1;2;1;1;4;-19,738603;-43,515349;SPRF-MG;DEL01-MG;UOP01-DEL01-MG
726552;21/10/2025;terça-feira;09:30:00;MA;230;73;SAO JOAO DOS PATOS;Ausência de reação do condutor;Tombamento;Com Vítimas Feridas;Pleno dia;Decrescente;Céu Claro;Simples;Reta;Não;2;0;1;0;0;3;1;4;-6,52752535;-43,54037021;SPRF-PI;DEL03-PI;UOP01-DEL03-PI
726556;21/10/2025;terça-feira;13:30:00;RJ;101;122;CAMPOS DOS GOYTACAZES;Ausência de reação do condutor;Colisão traseira;Sem Vítimas;Pleno dia;Crescente;Chuva;Dupla;Reta;Não;4;0;0;0;3;1;0;4;-21,8358551;-41,4206017;SPRF-RJ;DEL08-RJ;UOP02-DEL08-RJ
726572;21/10/2025;terça-feira;06:30:00;MG;251;399;GRAO MOGOL;Reação tardia ou ineficiente do condutor;Colisão traseira;Com Vítimas Feridas;Pleno dia;Decrescente;Céu Claro;Simples;Reta;Não;3;0;1;0;1;2;1;4;-16,222312;-42,893785;SPRF-MG;DEL12-MG;UOP01-DEL12-MG
726573;25/06/2025;quarta-feira;05:35:00;MG;116;509,2;UBAPORANGA;Suicídio (presumido);Atropelamento de Pedestre;Com Vítimas Fatais;Amanhecer;Crescente;Céu Claro;Simples;"Reta;Interseção de Vias";Sim;4;1;0;0;1;2;0;3;-19,64209241;-42,10707664;SPRF-MG;DEL06-MG;UOP02-DEL06-MG
726578;21/10/2025;terça-feira;12:10:00;PA;316;33;SANTA IZABEL DO PARA;Condutor deixou de manter distância do veículo da frente;Colisão traseira;Com Vítimas Feridas;Pleno dia;Crescente;Céu Claro;Dupla;"Em Obras;Reta";Não;2;0;1;0;0;1;1;2;-1,296943;-48,175803;SPRF-PA;DEL01-PA;UOP01-DEL01-PA
726579;21/10/2025;terça-feira;13:43:00;MT;163;814,3;SINOP;Reação tardia ou ineficiente do condutor;Engavetamento;Com Vítimas Feridas;Pleno dia;Crescente;Nublado;Simples;"Em Obras;Reta";Não;5;0;2;0;2;1;2;4;-12,046157;-55,517429;SPRF-MT;DEL06-MT;UOP02-DEL06-MT
726582;21/10/2025;terça-feira;14:24:00;MT;163;751;SORRISO;Pedestre cruzava a pista fora da faixa;Atropelamento de Pedestre;Com Vítimas Feridas;Pleno dia;Decrescente;Céu Claro;Dupla;Curva;Sim;3;0;1;0;1;1;1;3;-12,553594;-55,715224;SPRF-MT;DEL06-MT;UOP01-DEL06-MT
726586;21/10/2025;terça-feira;15:55:00;PE;101;65;RECIFE;Ausência de reação do condutor;Colisão lateral mesmo sentido;Com Vítimas Feridas;Pleno dia;Decrescente;Céu Claro;Dupla;Reta;Sim;3;0;0;1;1;1;1;2;-8,03586;-34,94152;SPRF-PE;DEL01-PE;UOP01-DEL01-PE
726588;21/10/2025;terça-feira;11:15:00;MS;262;736;CORUMBA;Carga excessiva e/ou mal acondicionada;Derramamento de carga;Sem Vítimas;Pleno dia;Decrescente;Céu Claro;Simples;Reta;Não;3;0;0;0;2;3;0;5;-19,296324;-57,615228;SPRF-MS;DEL03-MS;UOP03-DEL03-MS
726589;21/10/2025;terça-feira;14:00:00;MG;262;38,4;MANHUACU;Mal súbito do condutor;Colisão lateral sentido oposto;Com Vítimas Feridas;Pleno dia;Crescente;Céu Claro;Simples;"Aclive;Reta";Não;2;0;1;0;1;0;1;2;-20,273484;-42,049054;SPRF-MG;DEL06-MG;UOP03-DEL06-MG
726591;21/10/2025;terça-feira;15:00:00;MT;364;12;ALTO ARAGUAIA;Demais Fenômenos da natureza;Incêndio;Sem Vítimas;Pleno dia;Decrescente;Céu Claro;Simples;Reta;Não;2;0;0;0;1;2;0;3;-17,261123;-53,305727;SPRF-MT;DEL02-MT;UOP02-DEL02-MT
726592;21/10/2025;terça-feira;16:20:00;ES;101;223,4;IBIRACU;Velocidade Incompatível;Tombamento;Com Vítimas Feridas;Pleno dia;Crescente;Nublado;Simples;Curva;Não;2;0;1;0;0;1;1;2;-19,87997;-40,41726;SPRF-ES;DEL02-ES;UOP01-DEL02-ES
726593;21/10/2025;terça-feira;15:50:00;MS;163;618,1;SAO GABRIEL DO OESTE;Condutor usando celular;Colisão traseira;Com Vítimas Feridas;Pleno dia;Crescente;Céu Claro;Simples;Reta;Sim;7;0;0;1;5;1;1;3;-19,373917;-54,581649;SPRF-MS;DEL06-MS;UOP02-DEL06-MS
726594;25/07/2025;sexta-feira;12:00:00;PR;376;245;APUCARANA;Acessar a via sem observar a presença dos outros veículos;Colisão traseira;Com Vítimas Feridas;Pleno dia;Crescente;Céu Claro;Dupla;Reta;Não;3;0;1;0;0;3;1;4;-23,582009;-51,417425;SPRF-PR;DEL07-PR;UOP03-DEL07-PR
726595;21/10/2025;terça-feira;05:40:00;RN;101;127;SAO JOSE DE MIPIBU;Demais falhas mecânicas ou elétricas;Tombamento;Sem Vítimas;Pleno dia;Crescente;Céu Claro;Dupla;Reta;Não;1;0;0;0;1;0;0;1;-6,0949419;-35,2343762;SPRF-RN;DEL01-RN;UOP01-DEL01-RN
726605;21/10/2025;terça-feira;16:45:00;MG;381;863,2;POUSO ALEGRE;Problema com o freio;Incêndio;Sem Vítimas;Pleno dia;Crescente;Céu Claro;Dupla;"Aclive;Curva";Não;2;0;0;0;1;1;0;2;-22,33453033;-45,92189036;SPRF-MG;DEL16-MG;UOP01-DEL16-MG
726607;19/09/2025;sexta-feira;11:00:00;PI;135;419;REDENCAO DO GURGUEIA;Reação tardia ou ineficiente do condutor;Tombamento;Com Vítimas Feridas;Pleno dia;Crescente;Céu Claro;Simples;"Curva;Declive";Não;2;0;1;0;0;1;1;2;-9,47233;-44,701883;SPRF-PI;DEL03-PI;UOP02-DEL03-PI
726615;21/10/2025;terça-feira;18:00:00;PE;101;69,2;RECIFE;Ausência de reação do condutor;Colisão lateral mesmo sentido;Sem Vítimas;Plena Noite;Crescente;Céu Claro;Múltipla;Reta;Sim;2;0;0;0;2;0;0;2;-8,06116;-34,94559;SPRF-PE;DEL01-PE;UOP01-DEL01-PE
726616;21/10/2025;terça-feira;16:20:00;PR;153;1,1;IMBITUVA;Reação tardia ou ineficiente do condutor;Saída de leito carroçável;Com Vítimas Feridas;Pleno dia;Decrescente;Céu Claro;Simples;Curva;Não;2;0;1;0;0;1;1;2;-25,188604;-50,59842;SPRF-PR;DEL08-PR;UOP02-DEL08-PR
726621;21/10/2025;terça-feira;16:20:00;PR;476;232,9;LAPA;Manobra de mudança de faixa;Colisão transversal;Com Vítimas Feridas;Pleno dia;Decrescente;Sol;Simples;"Declive;Reta";Não;4;0;0;1;1;2;1;4;-25,7767064;-49,81819153;SPRF-PR;DEL02-PR;UOP03-DEL02-PR
726623;21/10/2025;terça-feira;18:30:00;PR;376;604;CURITIBA;Reação tardia ou ineficiente do condutor;Colisão lateral mesmo sentido;Com Vítimas Feridas;Plena Noite;Crescente;Nublado;Dupla;Reta;Sim;2;0;1;0;0;1;1;2;-25,53850592;-49,31313006;SPRF-PR;DEL01-PR;UOP03-DEL01-PR
726624;21/10/2025;terça-feira;16:00:00;GO;452;6;RIO VERDE;Transitar na contramão;Colisão frontal;Com Vítimas Fatais;Pleno dia;Decrescente;Céu Claro;Simples;Reta;Não;4;2;0;0;1;3;0;5;-17,813955;-50,854505;SPRF-GO;DEL04-GO;UOP01-DEL04-GO
726625;21/10/2025;terça-feira;18:00:00;MT;364;312;CAMPO VERDE;Acessar a via sem observar a presença dos outros veículos;Colisão traseira;Com Vítimas Feridas;Plena Noite;Crescente;Céu Claro;Dupla;Reta;Não;3;0;0;1;1;2;1;4;-15,81095957;-55,26633739;SPRF-MT;DEL05-MT;UOP02-DEL05-MT
726628;22/09/2025;segunda-feira;17:35:00;RS;386;12,6;IRAI;Falta de acostamento;Colisão traseira;Com Vítimas Feridas;Anoitecer;Crescente;Céu Claro;Simples;"Declive;Ponte;Reta";Não;5;0;1;0;3;2;1;5;-27,22334;-53,32378;SPRF-RS;DEL08-RS;UOP02-DEL08-RS
726631;21/10/2025;terça-feira;16:30:00;PR;376;494,6;PONTA GROSSA;Condutor deixou de manter distância do veículo da frente;Colisão traseira;Com Vítimas Feridas;Pleno dia;Crescente;Céu Claro;Dupla;Reta;Sim;2;0;1;0;0;1;1;2;-25,159443;-50,125594;SPRF-PR;DEL03-PR;UOP04-DEL03-PR
726634;21/10/2025;terça-feira;15:00:00;PB;230;207;SOLEDADE;Transitar na contramão;Colisão lateral sentido oposto;Sem Vítimas;Pleno dia;Crescente;Céu Claro;Simples;Reta;Não;3;0;0;0;3;0;0;2;-7,088038;-36,298448;SPRF-PB;DEL02-PB;UOP02-DEL02-PB
726638;21/10/2025;terça-feira;17:00:00;PR;376;320,1;ORTIGUEIRA;Velocidade Incompatível;Tombamento;Com Vítimas Feridas;Pleno dia;Crescente;Sol;Simples;Curva;Não;3;0;2;0;0;1;2;2;-24,044758;-51,077789;SPRF-PR;DEL07-PR;UOP02-DEL07-PR
726640;17/10/2025;sexta-feira;18:00:00;BA;101;842;PRADO;Condutor Dormindo;Tombamento;Com Vítimas Feridas;Plena Noite;Decrescente;Céu Claro;Simples;"Declive;Curva";Não;2;0;1;0;0;1;1;2;-17,263316;-39,63151;SPRF-BA;DEL09-BA;UOP02-DEL09-BA
726644;21/10/2025;terça-feira;14:00:00;RO;435;40;VILHENA;Demais falhas mecânicas ou elétricas;Colisão lateral mesmo sentido;Com Vítimas Feridas;Pleno dia;Decrescente;Nublado;Simples;Reta;Não;5;0;1;0;3;3;1;6;-12,89362486;-60,37039876;SPRF-RO;DEL04-RO;UOP02-DEL04-RO
726648;21/10/2025;terça-feira;19:00:00;MA;222;637;ACAILANDIA;Demais falhas mecânicas ou elétricas;Colisão frontal;Com Vítimas Feridas;Plena Noite;Decrescente;Céu Claro;Simples;Declive;Não;2;0;1;0;1;0;1;2;-4,78153;-47,1828;SPRF-MA;DEL04-MA;UOP03-DEL04-MA
726654;21/10/2025;terça-feira;20:00:00;PI;343;532,8;AMARANTE;Transitar na contramão;Colisão lateral sentido oposto;Com Vítimas Feridas;Plena Noite;Crescente;Céu Claro;Simples;Reta;Não;2;0;2;0;0;0;2;2;-6,473501;-42,794247;SPRF-PI;DEL03-PI;UOP01-DEL03-PI
726655;21/10/2025;terça-feira;13:20:00;MA;230;492;RIACHAO;Curva acentuada;Saída de leito carroçável;Sem Vítimas;Pleno dia;Crescente;Céu Claro;Simples;Curva;Não;3;0;0;0;2;2;0;3;-7,43559304;-46,68353671;SPRF-MA;DEL05-MA;UOP01-DEL05-MA
726659;21/10/2025;terça-feira;23:50:00;SP;116;224;GUARULHOS;Manobra de mudança de faixa;Colisão lateral mesmo sentido;Sem Vítimas;Plena Noite;Decrescente;Céu Claro;Múltipla;Reta;Sim;2;0;0;0;1;1;0;2;-23,48178147;-46,53435079;SPRF-SP;DEL01-SP;UOP01-DEL01-SP
726661;21/10/2025;terça-feira;23:00:00;SC;470;157,9;TROMBUDO CENTRAL;Curva acentuada;Colisão lateral sentido oposto;Com Vítimas Fatais;Plena Noite;Decrescente;Chuva;Simples;"Declive;Curva";Não;3;1;0;0;1;1;0;3;-27,287093;-49,778267;SPRF-SC;DEL04-SC;UOP02-DEL04-SC
726665;22/10/2025;quarta-feira;04:10:00;SP;116;363;MIRACATU;Velocidade Incompatível;Colisão com objeto;Com Vítimas Feridas;Plena Noite;Decrescente;Céu Claro;Dupla;Curva;Não;3;0;1;0;1;1;1;2;-24,13614072;-47,27228165;SPRF-SP;DEL04-SP;UOP02-DEL04-SP
726667;22/10/2025;quarta-feira;06:00:00;PR;153;39,7;SANTO ANTONIO DA PLATINA;Velocidade Incompatível;Tombamento;Com Vítimas Feridas;Amanhecer;Crescente;Céu Claro;Simples;Rotatória;Sim;2;0;1;0;0;1;1;2;-23,28019607;-50,0560054;SPRF-PR;DEL07-PR;UOP04-DEL07-PR
726669;22/10/2025;quarta-feira;05:40:00;AL;316;71,8;POCO DAS TRINCHEIRAS;Condutor deixou de manter distância do veículo da frente;Colisão traseira;Sem Vítimas;Pleno dia;Crescente;Céu Claro;Simples;Reta;Não;2;0;0;0;2;0;0;2;-9,304758;-37,33934;SPRF-AL;DEL03-AL;UOP02-DEL03-AL
726670;22/10/2025;quarta-feira;05:20:00;AL;101;187,9;JUNQUEIRO;Pedestre andava na pista;Atropelamento de Pedestre;Com Vítimas Fatais;Pleno dia;Crescente;Céu Claro;Simples;"Aclive;Reta";Sim;4;1;0;0;2;2;0;4;-9,900987;-36,463926;SPRF-AL;DEL02-AL;UOP02-DEL02-AL
726673;22/10/2025;quarta-feira;06:00:00;MS;60;335;CAMPO GRANDE;Ausência de reação do condutor;Colisão traseira;Com Vítimas Feridas;Amanhecer;Decrescente;Céu Claro;Simples;Aclive;Não;4;0;1;0;2;1;1;3;-20,367369;-54,642337;SPRF-MS;DEL01-MS;UOP02-DEL01-MS
726675;22/10/2025;quarta-feira;06:30:00;PB;230;157,2;CAMPINA GRANDE;Reação tardia ou ineficiente do condutor;Colisão lateral sentido oposto;Com Vítimas Feridas;Pleno dia;Decrescente;Céu Claro;Simples;Reta;Sim;2;0;0;1;1;0;1;2;-7,265184;-35,918583;SPRF-PB;DEL02-PB;UOP01-DEL02-PB
726676;22/10/2025;quarta-feira;07:10:00;BA;116;27;VITORIA DA CONQUISTA;Avarias e/ou desgaste excessivo no pneu;Colisão lateral sentido oposto;Com Vítimas Feridas;Pleno dia;Crescente;Chuva;Simples;Curva;Não;4;0;1;1;1;1;2;3;-14,847777;-40,811905;SPRF-BA;DEL08-BA;UOP01-DEL08-BA
726677;22/10/2025;quarta-feira;02:35:00;MT;364;285,4;JACIARA;Reação tardia ou ineficiente do condutor;Saída de leito carroçável;Com Vítimas Feridas;Plena Noite;Decrescente;Ignorado;Dupla;Curva;Não;2;0;1;0;0;1;1;2;-15,902;-55,05363;SPRF-MT;DEL05-MT;UOP02-DEL05-MT
726681;21/08/2025;quinta-feira;13:00:00;MA;316;521,3;CAXIAS;Transitar na contramão;Colisão lateral sentido oposto;Com Vítimas Fatais;Pleno dia;Decrescente;Céu Claro;Simples;Curva;Não;5;2;0;1;1;3;1;6;-4,778368;-43,593232;SPRF-MA;DEL03-MA;UOP02-DEL03-MA
726687;22/10/2025;quarta-feira;08:11:00;SP;153;54,1;SAO JOSE DO RIO PRETO;Ausência de reação do condutor;Colisão traseira;Com Vítimas Feridas;Pleno dia;Decrescente;Céu Claro;Dupla;Reta;Sim;5;0;3;0;2;0;3;2;-20,74630804;-49,33950774;SPRF-SP;DEL09-SP;UOP01-DEL09-SP
726693;08/10/2025;quarta-feira;05:20:00;MA;135;14;SAO LUIS;Acumulo de areia ou detritos sobre o pavimento;Saída de leito carroçável;Com Vítimas Feridas;Amanhecer;Decrescente;Céu Claro;Dupla;Reta;Não;3;0;1;0;0;4;1;5;-2,5789922;-44,351526;SPRF-MA;DEL01-MA;UOP01-DEL01-MA
726696;22/10/2025;quarta-feira;07:58:00;CE;116;94;MORADA NOVA;Reação tardia ou ineficiente do condutor;Colisão traseira;Com Vítimas Feridas;Pleno dia;Decrescente;Céu Claro;Simples;Curva;Não;6;0;1;0;4;2;1;6;-4,50458552;-38,35948348;SPRF-CE;DEL03-CE;UOP01-DEL03-CE
726702;22/10/2025;quarta-feira;06:15:00;MG;116;483,7;INHAPIM;Condutor Dormindo;Colisão frontal;Com Vítimas Fatais;Pleno dia;Decrescente;Céu Claro;Simples;Curva;Não;6;2;0;0;2;2;0;4;-19,42811;-42,122768;SPRF-MG;DEL06-MG;UOP02-DEL06-MG
726703;22/10/2025;quarta-feira;07:20:00;MG;381;543,6;ITATIAIUCU;Velocidade Incompatível;Colisão traseira;Com Vítimas Feridas;Amanhecer;Decrescente;Céu Claro;Dupla;"Curva;Aclive";Não;3;0;0;1;1;2;1;4;-20,16651078;-44,36897278;SPRF-MG;DEL04-MG;UOP03-DEL04-MG
726705;22/10/2025;quarta-feira;09:00:00;PR;153;24;JACAREZINHO;Acessar a via sem observar a presença dos outros veículos;Colisão transversal;Com Vítimas Feridas;Pleno dia;Crescente;Céu Claro;Simples;"Interseção de Vias;Reta";Não;6;0;1;0;5;0;1;2;-23,1893913;-49,9858299;SPRF-PR;DEL07-PR;UOP04-DEL07-PR
726709;22/10/2025;quarta-feira;09:30:00;GO;153;491;GOIANIA;Velocidade Incompatível;Colisão traseira;Sem Vítimas;Pleno dia;Crescente;Céu Claro;Múltipla;Declive;Sim;4;0;0;0;3;1;0;3;-16,63897574;-49,2058982;SPRF-GO;DEL01-GO;UOP01-DEL01-GO
726711;22/10/2025;quarta-feira;07:40:00;MG;40;196;JOAO PINHEIRO;Condutor deixou de manter distância do veículo da frente;Colisão traseira;Com Vítimas Feridas;Pleno dia;Crescente;Céu Claro;Simples;Curva;Não;4;0;1;0;1;3;1;4;-17,995774;-45,841946;SPRF-MG;DEL14-MG;UOP02-DEL14-MG
726713;22/10/2025;quarta-feira;10:20:00;ES;101;270;SERRA;Pedestre cruzava a pista fora da faixa;Atropelamento de Pedestre;Com Vítimas Feridas;Pleno dia;Decrescente;Céu Claro;Dupla;"Reta;Interseção de Vias";Sim;2;0;0;1;1;0;1;2;-20,22951292;-40,2728641;SPRF-ES;DEL02-ES;UOP01-DEL02-ES
726716;22/10/2025;quarta-feira;10:15:00;SP;116;101,9;PINDAMONHANGABA;Velocidade Incompatível;Colisão lateral mesmo sentido;Com Vítimas Feridas;Pleno dia;Crescente;Céu Claro;Dupla;Reta;Não;6;0;1;0;4;1;1;5;-22,98910405;-45,47875187;SPRF-SP;DEL08-SP;UOP01-DEL08-SP
726718;22/10/2025;quarta-feira;10:43:00;RS;386;389,5;TRIUNFO;Ausência de reação do condutor;Colisão traseira;Com Vítimas Fatais;Pleno dia;Crescente;Sol;Dupla;"Curva;Aclive";Sim;2;1;0;0;1;0;0;2;-29,70221893;-51,68423653;SPRF-RS;DEL04-RS;UOP02-DEL04-RS
726719;22/10/2025;quarta-feira;06:20:00;BA;116;563;BREJOES;Ausência de reação do condutor;Saída de leito carroçável;Com Vítimas Feridas;Pleno dia;Decrescente;Nublado;Simples;Reta;Não;2;0;0;1;0;1;1;2;-12,98473071;-39,94292378;SPRF-BA;DEL03-BA;UOP02-DEL03-BA
726720;22/10/2025;quarta-feira;11:00:00;PR;376;311;ORTIGUEIRA;Ausência de sinalização;Colisão traseira;Com Vítimas Feridas;Pleno dia;Crescente;Céu Claro;Dupla;"Reta;Declive";Não;4;0;1;1;1;2;2;4;-23,98554656;-51,08344019;SPRF-PR;DEL07-PR;UOP02-DEL07-PR
726722;22/10/2025;quarta-feira;10:30:00;RS;285;156,1;MUITOS CAPOES;Ausência de reação do condutor;Colisão com objeto;Sem Vítimas;Pleno dia;Crescente;Céu Claro;Simples;Interseção de Vias;Sim;1;0;0;0;1;0;0;1;-28,32446;-51,19039;SPRF-RS;DEL05-RS;UOP03-DEL05-RS
726725;22/10/2025;quarta-feira;10:40:00;SP;116;222;GUARULHOS;Reação tardia ou ineficiente do condutor;Colisão traseira;Com Vítimas Feridas;Pleno dia;Crescente;Céu Claro;Múltipla;Reta;Sim;4;0;2;0;2;0;2;3;-23,47393033;-46,5230535;SPRF-SP;DEL01-SP;UOP01-DEL01-SP
726726;22/10/2025;quarta-feira;10:30:00;RS;285;348;CARAZINHO;Ausência de reação do condutor;Colisão frontal;Com Vítimas Feridas;Pleno dia;Crescente;Céu Claro;Simples;Reta;Não;3;0;0;1;1;1;1;3;-28,33275301;-52,86698341;SPRF-RS;DEL08-RS;UOP03-DEL08-RS
726727;07/10/2025;terça-feira;18:15:00;SC;282;520;XAXIM;Reação tardia ou ineficiente do condutor;Tombamento;Sem Vítimas;Anoitecer;Decrescente;Céu Claro;Simples;Curva;Não;2;0;0;0;1;1;0;2;-26,9512761;-52,524276;SPRF-SC;DEL07-SC;UOP01-DEL07-SC
726729;22/10/2025;quarta-feira;08:00:00;RO;364;250,5;CACOAL;Condutor deixou de manter distância do veículo da frente;Colisão traseira;Com Vítimas Feridas;Pleno dia;Decrescente;Sol;Simples;"Reta;Em Obras;Declive";Não;5;0;1;0;3;2;1;5;-11,437663;-61,56542;SPRF-RO;DEL02-RO;UOP02-DEL02-RO
726732;22/10/2025;quarta-feira;10:40:00;RS;158;137,3;CONDOR;Condutor deixou de manter distância do veículo da frente;Colisão traseira;Com Vítimas Feridas;Pleno dia;Crescente;Céu Claro;Simples;Reta;Não;4;0;1;0;2;1;1;3;-28,179174;-53,474325;SPRF-RS;DEL08-RS;UOP01-DEL08-RS