id;data_inversa;dia_semana;horario;uf;br;km;municipio;causa_acidente;tipo_acidente;classificacao_acidente;fase_dia;sentido_via;condicao_metereologica;tipo_pista;tracado_via;uso_solo;pessoas;mortos;feridos_leves;feridos_graves;ilesos;ignorados;feridos;veiculos;latitude;longitude;regional;delegacia;uop
727009;23/10/2025;quinta-feira;16:20:00;RJ;40;51,4;PETROPOLIS;Acessar a via sem observar a presença dos outros veículos;Colisão lateral mesmo sentido;Com Vítimas Feridas;Pleno dia;Crescente;Céu Claro;Dupla;"Curva;Viaduto";Não;3;0;0;1;2;0;1;2;-22,33448048;-43,13374651;SPRF-RJ;DEL05-RJ;UOP02-DEL05-RJ
727010;23/10/2025;quinta-feira;18:40:00;MT;364;109,8;PEDRA PRETA;Manobra de mudança de faixa;Colisão frontal;Com Vítimas Feridas;Plena Noite;Decrescente;Céu Claro;Simples;Reta;Não;4;0;0;2;1;1;2;3;-16,833418;-53,992061;SPRF-MT;DEL02-MT;UOP02-DEL02-MT
727011;23/10/2025;quinta-feira;18:30:00;MS;262;165;RIBAS DO RIO PARDO;Avarias e/ou desgaste excessivo no pneu;Incêndio;Sem Vítimas;Plena Noite;Crescente;Céu Claro;Simples;Curva;Não;2;0;0;0;1;2;0;3;-20,439784;-53,078666;SPRF-MS;DEL07-MS;UOP02-DEL07-MS
727012;23/10/2025;quinta-feira;19:45:00;SC;101;139,2;BALNEARIO CAMBORIU;Reação tardia ou ineficiente do condutor;Colisão traseira;Com Vítimas Feridas;Plena Noite;Crescente;Céu Claro;Simples;"Reta;Aclive";Não;2;0;0;1;1;0;1;2;-27,03436561;-48,60475803;SPRF-SC;DEL04-SC;UOP03-DEL04-SC
727017;23/10/2025;quinta-feira;17:15:00;MG;262;356;BETIM;Manobra de mudança de faixa;Colisão lateral mesmo sentido;Com Vítimas Feridas;Pleno dia;Decrescente;Céu Claro;Dupla;Reta;Não;2;0;1;0;0;1;1;2;-19,98103035;-44,22949187;SPRF-MG;DEL01-MG;UOP03-DEL01-MG
727019;23/10/2025;quinta-feira;16:15:00;MA;316;477;CODO;Ultrapassagem Indevida;Capotamento;Com Vítimas Feridas;Pleno dia;Decrescente;Céu Claro;Simples;"Reta;Aclive";Não;3;0;1;0;0;2;1;3;-4,61230352;-43,93214889;SPRF-MA;DEL03-MA;UOP02-DEL03-MA
727020;23/10/2025;quinta-feira;11:00:00;BA;116;265,1;TUCANO;Acessar a via sem observar a presença dos outros veículos;Colisão frontal;Com Vítimas Fatais;Pleno dia;Crescente;Sol;Simples;"Reta;Interseção de Vias";Não;13;2;1;9;0;1;10;3;-10,90079;-38,84117;SPRF-BA;DEL07-BA;UOP02-DEL07-BA
727022;23/10/2025;quinta-feira;14:39:00;PA;230;1127;ITAITUBA;Reação tardia ou ineficiente do condutor;Colisão transversal;Com Vítimas Feridas;Pleno dia;Decrescente;Céu Claro;Simples;Reta;Não;2;0;1;0;1;0;1;2;-4,3117;-55,9593;SPRF-PA;DEL05-PA;UOP02-DEL05-PA
727023;23/10/2025;quinta-feira;15:16:00;GO;153;167;CAMPINORTE;Demais falhas mecânicas ou elétricas;Incêndio;Sem Vítimas;Pleno dia;Decrescente;Céu Claro;Simples;Reta;Não;2;0;0;0;1;1;0;2;-14,240096;-49,13655;SPRF-GO;DEL07-GO;UOP02-DEL07-GO
727026;05/10/2025;domingo;06:00:00;MS;262;393;TERENOS;Condutor Dormindo;Colisão com objeto;Com Vítimas Feridas;Amanhecer;Crescente;Céu Claro;Simples;"Viaduto;Reta";Não;2;0;1;0;0;1;1;2;-20,421838;-54,960367;SPRF-MS;DEL01-MS;UOP03-DEL01-MS
727027;23/10/2025;quinta-feira;19:00:00;MG;116;136,8;PONTO DOS VOLANTES;Ausência de reação do condutor;Colisão traseira;Com Vítimas Feridas;Plena Noite;Decrescente;Céu Claro;Simples;Reta;Sim;3;0;0;1;1;1;1;3;-16,748502;-41,504496;SPRF-MG;DEL11-MG;UOP02-DEL11-MG
727037;23/10/2025;quinta-feira;22:00:00;PA;230;120;MARABA;Manobra de mudança de faixa;Colisão lateral mesmo sentido;Sem Vítimas;Plena Noite;Decrescente;Céu Claro;Dupla;Reta;Sim;4;0;0;0;4;0;0;2;-5,35930387;-49,12315518;SPRF-PA;DEL03-PA;UOP01-DEL03-PA
727038;23/10/2025;quinta-feira;19:00:00;RJ;101;309;SAO GONCALO;Manobra de mudança de faixa;Atropelamento de Pedestre;Com Vítimas Feridas;Plena Noite;Decrescente;Céu Claro;Dupla;Reta;Não;2;0;1;0;0;1;1;2;-22,79691068;-43,04328561;SPRF-RJ;DEL02-RJ;UOP02-DEL02-RJ
727040;23/10/2025;quinta-feira;19:20:00;MG;40;640;CONSELHEIRO LAFAIETE;Acessar a via sem observar a presença dos outros veículos;Colisão transversal;Com Vítimas Feridas;Plena Noite;Crescente;Céu Claro;Simples;Curva;Não;2;0;0;1;0;1;1;2;-20,744707;-43,801956;SPRF-MG;DEL05-MG;UOP02-DEL05-MG
727045;23/10/2025;quinta-feira;19:25:00;RO;364;530,8;ARIQUEMES;Carga excessiva e/ou mal acondicionada;Incêndio;Sem Vítimas;Plena Noite;Decrescente;Céu Claro;Simples;Reta;Não;2;0;0;0;1;1;0;2;-9,791166;-63,087781;SPRF-RO;DEL03-RO;UOP01-DEL03-RO
727047;23/10/2025;quinta-feira;22:20:00;RJ;116;93,2;GUAPIMIRIM;Velocidade Incompatível;Tombamento;Com Vítimas Feridas;Plena Noite;Crescente;Céu Claro;Simples;"Curva;Declive";Não;2;0;2;0;0;0;2;1;-22,462878;-42,988123;SPRF-RJ;DEL04-RJ;UOP01-DEL04-RJ
727050;23/10/2025;quinta-feira;22:50:00;ES;101;293,6;CARIACICA;Velocidade Incompatível;Tombamento;Com Vítimas Feridas;Plena Noite;Crescente;Céu Claro;Múltipla;Curva;Sim;2;0;1;0;0;1;1;2;-20,320897;-40,3960111;SPRF-ES;DEL01-ES;UOP01-DEL01-ES
727053;23/10/2025;quinta-feira;23:15:00;BA;116;467,5;SANTO ESTEVAO;Ausência de reação do condutor;Saída de leito carroçável;Com Vítimas Feridas;Plena Noite;Crescente;Céu Claro;Dupla;Reta;Não;4;0;1;0;3;0;1;2;-12,472252;-39,294392;SPRF-BA;DEL02-BA;UOP01-DEL02-BA
727055;23/10/2025;quinta-feira;23:30:00;SC;470;198,7;PONTE ALTA;Transitar na contramão;Colisão lateral sentido oposto;Com Vítimas Feridas;Plena Noite;Decrescente;Céu Claro;Simples;Reta;Não;3;0;1;0;1;1;1;3;-27,30962;-50,12808;SPRF-SC;DEL05-SC;UOP03-DEL05-SC
727056;23/10/2025;quinta-feira;23:55:00;PR;163;210,1;CASCAVEL;Ausência de reação do condutor;Colisão traseira;Com Vítimas Feridas;Plena Noite;Decrescente;Céu Claro;Dupla;Reta;Não;3;0;0;1;1;2;1;4;-24,915622;-53,5358484;SPRF-PR;DEL05-PR;UOP05-DEL05-PR
727057;23/10/2025;quinta-feira;23:30:00;MG;40;416;CURVELO;Transitar na contramão;Colisão frontal;Com Vítimas Feridas;Plena Noite;Crescente;Céu Claro;Simples;Reta;Não;2;0;1;0;1;0;1;2;-19,136479;-44,61856;SPRF-MG;DEL02-MG;UOP01-DEL02-MG
727061;24/10/2025;sexta-feira;00:30:00;MG;40;661;CARANDAI;Velocidade Incompatível;Tombamento;Com Vítimas Feridas;Plena Noite;Crescente;Céu Claro;Simples;Curva;Não;5;0;0;4;1;0;4;2;-20,9098494;-43,82904192;SPRF-MG;DEL05-MG;UOP02-DEL05-MG
727062;24/10/2025;sexta-feira;01:40:00;RS;101;50;TERRA DE AREIA;Condutor Dormindo;Saída de leito carroçável;Com Vítimas Feridas;Plena Noite;Crescente;Céu Claro;Dupla;Reta;Não;2;0;1;0;1;0;1;1;-29,60936297;-50,0875926;SPRF-RS;DEL03-RS;UOP02-DEL03-RS
727067;24/10/2025;sexta-feira;03:35:00;RS;392;5,7;RIO GRANDE;Ingestão de álcool pelo condutor;Colisão transversal;Sem Vítimas;Plena Noite;Crescente;Céu Claro;Simples;Reta;Não;3;0;0;0;2;1;0;3;-32,07526561;-52,10042953;SPRF-RS;DEL07-RS;UOP02-DEL07-RS
727069;24/10/2025;sexta-feira;04:05:00;MG;381;719;CARMO DA CACHOEIRA;Condutor Dormindo;Capotamento;Com Vítimas Feridas;Amanhecer;Crescente;Céu Claro;Dupla;Reta;Não;4;0;1;0;2;1;1;4;-21,40065524;-45,20874023;SPRF-MG;DEL04-MG;UOP02-DEL04-MG
727077;22/08/2025;sexta-feira;14:30:00;RO;364;514;ARIQUEMES;Conversão proibida;Engavetamento;Com Vítimas Feridas;Pleno dia;Decrescente;Céu Claro;Simples;Reta;Sim;7;0;2;0;4;1;2;4;-9,932035;-63,055188;SPRF-RO;DEL03-RO;UOP01-DEL03-RO
727094;24/10/2025;sexta-feira;06:45:00;RJ;393;257;BARRA DO PIRAI;Condutor Dormindo;Colisão lateral sentido oposto;Com Vítimas Feridas;Pleno dia;Crescente;Céu Claro;Simples;"Reta;Declive";Não;3;0;0;1;1;1;1;3;-22,46230676;-43,85186132;SPRF-RJ;DEL05-RJ;UOP04-DEL05-RJ
727096;24/10/2025;sexta-feira;06:30:00;MG;381;684,5;RIBEIRAO VERMELHO;Condutor Dormindo;Colisão traseira;Com Vítimas Feridas;Pleno dia;Crescente;Céu Claro;Dupla;Reta;Não;4;0;1;0;2;1;1;3;-21,16098657;-45,11943194;SPRF-MG;DEL04-MG;UOP02-DEL04-MG
727101;24/10/2025;sexta-feira;05:40:00;RJ;116;186;NOVA IGUACU;Ausência de reação do condutor;Colisão traseira;Com Vítimas Feridas;Pleno dia;Decrescente;Céu Claro;Dupla;Reta;Sim;5;0;3;0;2;0;3;3;-22,74232063;-43,51934401;SPRF-RJ;DEL06-RJ;UOP01-DEL06-RJ
727106;20/10/2025;segunda-feira;06:00:00;BA;116;700;JEQUIE;Ausência de reação do condutor;Saída de leito carroçável;Com Vítimas Feridas;Pleno dia;Decrescente;Nublado;Simples;Reta;Não;2;0;0;1;0;1;1;2;-14,06729861;-40,2061453;SPRF-BA;DEL03-BA;UOP01-DEL03-BA
727110;24/10/2025;sexta-feira;03:50:00;RJ;40;124;DUQUE DE CAXIAS;Demais falhas mecânicas ou elétricas;Incêndio;Com Vítimas Feridas;Plena Noite;Crescente;Céu Claro;Dupla;Reta;Sim;1;0;1;0;0;0;1;1;-22,80740281;-43,29025269;SPRF-RJ;DEL01-RJ;UOP02-DEL01-RJ
727113;24/10/2025;sexta-feira;08:25:00;PR;376;2,8;SAO JOSE DOS PINHAIS;Área urbana sem a presença de local apropriado para a travessia de pedestres;Atropelamento de Pedestre;Com Vítimas Feridas;Pleno dia;Decrescente;Céu Claro;Dupla;Reta;Sim;2;0;0;1;0;1;1;2;-25,543713;-49,190368;SPRF-PR;DEL01-PR;UOP04-DEL01-PR
727118;21/10/2025;terça-feira;03:40:00;BA;116;692;JEQUIE;Condutor Dormindo;Saída de leito carroçável;Com Vítimas Feridas;Pleno dia;Crescente;Garoa/Chuvisco;Dupla;"Aclive;Reta";Não;3;0;2;0;1;0;2;1;-14,004791;-40,18617;SPRF-BA;DEL03-BA;UOP01-DEL03-BA
727122;24/10/2025;sexta-feira;07:50:00;PR;277;310;GUARAPUAVA;Ausência de reação do condutor;Colisão lateral sentido oposto;Com Vítimas Feridas;Pleno dia;Decrescente;Céu Claro;Simples;Reta;Não;4;0;1;0;3;0;1;3;-25,32129594;-51,21590137;SPRF-PR;DEL08-PR;UOP01-DEL08-PR
727127;24/10/2025;sexta-feira;07:27:00;MA;226;307,8;BARRA DO CORDA;Ultrapassagem Indevida;Colisão lateral sentido oposto;Com Vítimas Feridas;Pleno dia;Crescente;Céu Claro;Simples;Reta;Não;2;0;1;0;1;0;1;2;-5,454365;-45,291672;SPRF-MA;DEL06-MA;UOP01-DEL06-MA
727128;24/10/2025;sexta-feira;08:45:00;SC;101;136;BALNEARIO CAMBORIU;Trafegar com motocicleta (ou similar) entre as faixas;Colisão traseira;Com Vítimas Feridas;Pleno dia;Decrescente;Céu Claro;Múltipla;Reta;Sim;3;0;1;0;1;1;1;3;-27,01117574;-48,61418931;SPRF-SC;DEL04-SC;UOP03-DEL04-SC
727129;24/10/2025;sexta-feira;08:37:00;MS;163;731;COXIM;Ausência de reação do condutor;Colisão frontal;Com Vítimas Fatais;Pleno dia;Crescente;Céu Claro;Simples;Reta;Sim;3;1;0;0;1;3;0;5;-18,49325653;-54,72853133;SPRF-MS;DEL06-MS;UOP01-DEL06-MS
727130;24/10/2025;sexta-feira;09:11:00;PE;101;63,1;RECIFE;Ultrapassagem Indevida;Colisão lateral mesmo sentido;Sem Vítimas;Pleno dia;Crescente;Nublado;Dupla;"Reta;Viaduto";Sim;3;0;0;0;1;2;0;3;-8,00882;-34,9377;SPRF-PE;DEL01-PE;UOP01-DEL01-PE
727131;09/08/2025;sábado;02:30:00;SP;116;330,8;JUQUITIBA;Condutor deixou de manter distância do veículo da frente;Colisão traseira;Com Vítimas Fatais;Plena Noite;Crescente;Céu Claro;Dupla;"Aclive;Reta";Não;2;1;0;0;1;0;0;2;-23,94224124;-47,09450613;SPRF-SP;DEL04-SP;UOP03-DEL04-SP
727140;24/10/2025;sexta-feira;09:25:00;PR;153;494,6;GENERAL CARNEIRO;Reação tardia ou ineficiente do condutor;Colisão frontal;Com Vítimas Feridas;Pleno dia;Decrescente;Sol;Simples;Curva;Não;2;0;1;0;1;0;1;2;-26,44786318;-51,32124647;SPRF-PR;DEL02-PR;UOP03-DEL02-PR
727143;24/10/2025;sexta-feira;08:30:00;SC;282;216;LAGES;Pedestre andava na pista;Atropelamento de Pedestre;Com Vítimas Fatais;Pleno dia;Crescente;Céu Claro;Simples;"Declive;Curva";Sim;3;1;0;0;1;1;0;3;-27,79705;-50,28972;SPRF-SC;DEL05-SC;UOP01-DEL05-SC
727147;24/10/2025;sexta-feira;08:20:00;PR;277;298,5;PRUDENTOPOLIS;Manobra de mudança de faixa;Colisão lateral mesmo sentido;Com Vítimas Feridas;Pleno dia;Crescente;Céu Claro;Dupla;"Declive;Reta";Não;3;0;1;0;1;1;1;3;-25,29204746;-51,13041079;SPRF-PR;DEL08-PR;UOP01-DEL08-PR
727155;24/10/2025;sexta-feira;11:30:00;PB;230;19;JOAO PESSOA;Reação tardia ou ineficiente do condutor;Colisão traseira;Com Vítimas Feridas;Pleno dia;Crescente;Céu Claro;Dupla;Curva;Sim;2;0;0;1;1;0;1;2;-7,12910493;-34,84988719;SPRF-PB;DEL01-PB;UOP01-DEL01-PB
727156;24/10/2025;sexta-feira;06:00:00;ES;262;150,8;IBATIBA;Velocidade Incompatível;Saída de leito carroçável;Com Vítimas Feridas;Pleno dia;Decrescente;Céu Claro;Simples;Curva;Não;1;0;1;0;0;0;1;1;-20,21476475;-41,44862202;SPRF-ES;DEL01-ES;UOP02-DEL01-ES
727157;20/10/2025;segunda-feira;06:50:00;SC;282;587,9;SAUDADES;Ausência de reação do condutor;Saída de leito carroçável;Sem Vítimas;Pleno dia;Crescente;Céu Claro;Múltipla;Aclive;Não;2;0;0;0;1;1;0;2;-26,826181;-53,051388;SPRF-SC;DEL07-SC;UOP02-DEL07-SC
727160;24/10/2025;sexta-feira;08:20:00;RS;468;96,4;TRES PASSOS;Acessar a via sem observar a presença dos outros veículos;Colisão transversal;Com Vítimas Feridas;Pleno dia;Decrescente;Céu Claro;Simples;Reta;Não;2;0;1;0;1;0;1;2;-27,4968137;-53,88673782;SPRF-RS;DEL08-RS;UOP02-DEL08-RS
727167;26/09/2025;sexta-feira;11:00:00;RS;290;624,9;ALEGRETE;Manobra de mudança de faixa;Colisão lateral mesmo sentido;Com Vítimas Feridas;Pleno dia;Crescente;Céu Claro;Simples;Reta;Não;6;0;2;0;1;3;2;5;-29,987643;-56,169282;SPRF-RS;DEL13-RS;UOP02-DEL13-RS
727177;29/08/2025;sexta-feira;11:30:00;PR;163;145;CAPITAO LEONIDAS MARQUES;Reação tardia ou ineficiente do condutor;Saída de leito carroçável;Com Vítimas Feridas;Pleno dia;Crescente;Céu Claro;Dupla;"Reta;Declive";Não;2;0;1;0;1;0;1;2;-25,44070962;-53,57663691;SPRF-PR;DEL05-PR;UOP05-DEL05-PR
727178;24/10/2025;sexta-feira;11:55:00;GO;60;186;GUAPO;Acessar a via sem observar a presença dos outros veículos;Colisão lateral mesmo sentido;Com Vítimas Feridas;Pleno dia;Crescente;Sol;Dupla;Retorno Regulamentado;Não;2;0;0;1;1;0;1;2;-16,813466;-49,529206;SPRF-GO;DEL01-GO;UOP02-DEL01-GO
727179;24/10/2025;sexta-feira;12:10:00;MS;262;150,1;RIBAS DO RIO PARDO;Reação tardia ou ineficiente do condutor;Incêndio;Sem Vítimas;Pleno dia;Crescente;Céu Claro;Simples;Reta;Não;4;0;0;0;2;3;0;5;-20,46422;-52,935142;SPRF-MS;DEL07-MS;UOP02-DEL07-MS
727180;24/10/2025;sexta-feira;13:40:00;PB;101;15;MAMANGUAPE;Condutor deixou de manter distância do veículo da frente;Colisão traseira;Com Vítimas Feridas;Pleno dia;Crescente;Céu Claro;Dupla;"Reta;Em Obras";Sim;4;0;1;0;2;2;1;5;-6,6137122;-35,1383948;SPRF-PB;DEL01-PB;UOP03-DEL01-PB
727183;01/09/2025;segunda-feira;02:40:00;MA;222;614;ACAILANDIA;Demais falhas mecânicas ou elétricas;Saída de leito carroçável;Com Vítimas Feridas;Amanhecer;Decrescente;Ignorado;Simples;"Aclive;Reta";Não;1;0;0;1;0;0;1;1;-4,71079697;-46,99909403;SPRF-MA;DEL04-MA;UOP03-DEL04-MA
727185;24/10/2025;sexta-feira;12:50:00;MT;364;585;DIAMANTINO;Reação tardia ou ineficiente do condutor;Tombamento;Sem Vítimas;Pleno dia;Decrescente;Céu Claro;Dupla;"Curva;Declive";Não;2;0;0;0;1;3;0;4;-14,54559661;-56,23126879;SPRF-MT;DEL01-MT;UOP01-DEL01-MT
727187;24/10/2025;sexta-feira;10:48:00;PR;277;1,5;PARANAGUA;Acessar a via sem observar a presença dos outros veículos;Colisão lateral mesmo sentido;Sem Vítimas;Pleno dia;Crescente;Nublado;Dupla;Rotatória;Sim;2;0;0;0;2;0;0;2;-25,551665;-48,552334;SPRF-PR;DEL01-PR;UOP05-DEL01-PR
727189;24/10/2025;sexta-feira;14:15:00;BA;116;419;FEIRA DE SANTANA;Ausência de reação do condutor;Colisão traseira;Com Vítimas Feridas;Pleno dia;Decrescente;Garoa/Chuvisco;Dupla;Reta;Sim;5;0;1;0;3;1;1;5;-12,22189103;-38,96535728;SPRF-BA;DEL02-BA;UOP01-DEL02-BA
727193;24/10/2025;sexta-feira;14:10:00;PR;376;484;PONTA GROSSA;Pedestre cruzava a pista fora da faixa;Atropelamento de Pedestre;Com Vítimas Fatais;Pleno dia;Crescente;Céu Claro;Dupla;Curva;Sim;3;1;0;0;1;2;0;4;-25,09986679;-50,19741146;SPRF-PR;DEL03-PR;UOP04-DEL03-PR
727196;24/10/2025;sexta-feira;15:00:00;MG;381;705,2;LAVRAS;Reação tardia ou ineficiente do condutor;Tombamento;Com Vítimas Feridas;Pleno dia;Decrescente;Sol;Dupla;"Curva;Declive";Não;2;0;1;0;0;1;1;2;-21,31174336;-45,16521804;SPRF-MG;DEL04-MG;UOP02-DEL04-MG
727199;24/10/2025;sexta-feira;15:30:00;ES;101;390;RIO NOVO DO SUL;Problema com o freio;Eventos atípicos;Com Vítimas Feridas;Pleno dia;Crescente;Nublado;Simples;Reta;Não;2;0;1;0;0;1;1;2;-20,8665174;-40,8943133;SPRF-ES;DEL03-ES;UOP02-DEL03-ES
727204;24/10/2025;sexta-feira;16:00:00;MG;381;478;CONTAGEM;Ausência de reação do condutor;Colisão traseira;Com Vítimas Feridas;Pleno dia;Crescente;Céu Claro;Múltipla;"Aclive;Reta";Sim;2;0;0;1;1;0;1;2;-19,96293469;-44,0405041;SPRF-MG;DEL01-MG;UOP03-DEL01-MG
727206;24/10/2025;sexta-feira;15:20:00;BA;324;611;SIMOES FILHO;Demais falhas mecânicas ou elétricas;Colisão com objeto;Com Vítimas Feridas;Pleno dia;Crescente;Céu Claro;Dupla;Reta;Não;3;0;0;1;2;0;1;3;-12,848548;-38,417442;SPRF-BA;DEL01-BA;UOP01-DEL01-BA
727207;24/10/2025;sexta-feira;15:30:00;SP;116;147;SAO JOSE DOS CAMPOS;Ausência de reação do condutor;Colisão com objeto;Com Vítimas Feridas;Pleno dia;Decrescente;Sol;Dupla;Reta;Sim;2;0;1;0;0;1;1;2;-23,1938787;-45,8701607;SPRF-SP;DEL02-SP;UOP01-DEL02-SP
727210;24/10/2025;sexta-feira;16:10:00;MG;50;70;UBERLANDIA;Ausência de reação do condutor;Colisão traseira;Sem Vítimas;Pleno dia;Decrescente;Sol;Múltipla;Reta;Sim;3;0;0;0;2;1;0;3;-18,88664967;-48,26245515;SPRF-MG;DEL15-MG;UOP01-DEL15-MG
727211;24/10/2025;sexta-feira;14:45:00;MT;364;324;SANTO ANTONIO DO LEVERGER;Ultrapassagem Indevida;Saída de leito carroçável;Com Vítimas Feridas;Pleno dia;Decrescente;Céu Claro;Dupla;"Reta;Aclive";Não;2;0;1;0;0;1;1;2;-15,81255961;-55,36855102;SPRF-MT;DEL05-MT;UOP02-DEL05-MT
727214;24/10/2025;sexta-feira;15:45:00;SC;280;68;JARAGUA DO SUL;Trafegar com motocicleta (ou similar) entre as faixas;Colisão lateral sentido oposto;Com Vítimas Feridas;Pleno dia;Decrescente;Nublado;Simples;Reta;Sim;3;0;0;1;1;1;1;3;-26,469513;-49,116078;SPRF-SC;DEL03-SC;UOP03-DEL03-SC
727222;24/10/2025;sexta-feira;14:15:00;RJ;40;25;TRES RIOS;Velocidade Incompatível;Tombamento;Com Vítimas Feridas;Pleno dia;Crescente;Céu Claro;Dupla;Curva;Sim;1;0;1;0;0;0;1;1;-22,15411136;-43,15809743;SPRF-RJ;DEL05-RJ;UOP02-DEL05-RJ
727224;24/10/2025;sexta-feira;14:42:00;GO;153;7;PORANGATU;Ultrapassagem Indevida;Colisão frontal;Com Vítimas Feridas;Pleno dia;Decrescente;Céu Claro;Simples;Reta;Não;7;0;2;0;4;1;2;3;-12,88089938;-49,10922647;SPRF-GO;DEL07-GO;UOP01-DEL07-GO
727225;24/10/2025;sexta-feira;16:19:00;GO;153;21;PORANGATU;Demais falhas mecânicas ou elétricas;Colisão lateral sentido oposto;Sem Vítimas;Pleno dia;Decrescente;Céu Claro;Simples;Reta;Não;6;0;0;0;5;2;0;4;-12,943;-49,133;SPRF-GO;DEL07-GO;UOP01-DEL07-GO
727231;24/10/2025;sexta-feira;17:50:00;PR;116;103;SAO JOSE DOS PINHAIS;Manobra de mudança de faixa;Colisão lateral mesmo sentido;Com Vítimas Feridas;Anoitecer;Decrescente;Céu Claro;Dupla;Reta;Sim;4;0;1;0;2;1;1;4;-25,5699091;-49,1866862;SPRF-PR;DEL01-PR;UOP07-DEL01-PR
727235;24/10/2025;sexta-feira;17:40:00;SP;116;105;TAUBATE;Reação tardia ou ineficiente do condutor;Engavetamento;Com Vítimas Feridas;Anoitecer;Crescente;Céu Claro;Dupla;Reta;Não;6;0;1;0;5;0;1;5;-23,00584;-45,51151;SPRF-SP;DEL02-SP;UOP02-DEL02-SP
727238;24/10/2025;sexta-feira;12:20:00;BA;101;60;ENTRE RIOS;Manobra de mudança de faixa;Colisão lateral sentido oposto;Com Vítimas Feridas;Pleno dia;Crescente;Chuva;Simples;"Reta;Aclive";Não;2;0;1;0;1;0;1;2;-11,948776;-38,073521;SPRF-BA;DEL01-BA;UOP04-DEL01-BA
727241;24/10/2025;sexta-feira;17:00:00;CE;222;197;FORQUILHA;Ausência de reação do condutor;Tombamento;Com Vítimas Feridas;Anoitecer;Crescente;Céu Claro;Simples;Curva;Não;2;0;0;1;0;2;1;3;-3,78150097;-40,22570229;SPRF-CE;DEL04-CE;UOP01-DEL04-CE
727245;24/10/2025;sexta-feira;17:00:00;GO;60;224;CEZARINA;Condutor deixou de manter distância do veículo da frente;Colisão traseira;Com Vítimas Feridas;Pleno dia;Crescente;Sol;Dupla;"Aclive;Reta";Não;4;0;1;0;1;3;1;5;-17,01049964;-49,77458954;SPRF-GO;DEL01-GO;UOP02-DEL01-GO
727246;24/10/2025;sexta-feira;16:15:00;BA;242;394;SEABRA;Transitar no Acostamento;Queda de ocupante de veículo;Com Vítimas Feridas;Pleno dia;Decrescente;Céu Claro;Simples;Reta;Sim;3;0;1;0;1;2;1;4;-12,458056;-41,647334;SPRF-BA;DEL06-BA;UOP01-DEL06-BA
727249;28/05/2025;quarta-feira;23:46:00;GO;452;65;MAURILANDIA;Desrespeitar a preferência no cruzamento;Colisão transversal;Com Vítimas Feridas;Plena Noite;Decrescente;Garoa/Chuvisco;Simples;"Reta;Retorno Regulamentado;Declive";Não;3;0;1;1;0;1;2;2;-18,01642061;-50,34574835;SPRF-GO;DEL04-GO;UOP01-DEL04-GO
727254;24/10/2025;sexta-feira;19:45:00;SC;101;143;ITAPEMA;Ingestão de álcool pelo condutor;Colisão lateral mesmo sentido;Sem Vítimas;Plena Noite;Crescente;Nublado;Dupla;Reta;Sim;2;0;0;0;2;0;0;2;-27,06437881;-48,5959994;SPRF-SC;DEL04-SC;UOP03-DEL04-SC
727255;24/10/2025;sexta-feira;16:50:00;RJ;40;113;DUQUE DE CAXIAS;Reação tardia ou ineficiente do condutor;Colisão lateral mesmo sentido;Sem Vítimas;Pleno dia;Decrescente;Céu Claro;Múltipla;Reta;Sim;2;0;0;0;2;0;0;2;-22,71283815;-43,2898545;SPRF-RJ;DEL01-RJ;UOP02-DEL01-RJ
727256;24/10/2025;sexta-feira;14:15:00;RJ;40;112;DUQUE DE CAXIAS;Reação tardia ou ineficiente do condutor;Colisão lateral mesmo sentido;Com Vítimas Feridas;Pleno dia;Decrescente;Céu Claro;Múltipla;Reta;Sim;2;0;1;0;1;0;1;2;-22,7020091;-43,29040289;SPRF-RJ;DEL01-RJ;UOP02-DEL01-RJ
727260;24/10/2025;sexta-feira;19:00:00;SP;116;280;EMBU DAS ARTES;Trafegar com motocicleta (ou similar) entre as faixas;Colisão lateral mesmo sentido;Com Vítimas Feridas;Plena Noite;Crescente;Céu Claro;Dupla;"Reta;Aclive";Sim;4;0;0;1;1;3;1;5;-23,646007;-46,841555;SPRF-SP;DEL04-SP;UOP01-DEL04-SP
727261;17/10/2025;sexta-feira;06:30:00;MG;365;562;INDIANOPOLIS;Condutor deixou de manter distância do veículo da frente;Engavetamento;Com Vítimas Feridas;Amanhecer;Crescente;Céu Claro;Simples;Reta;Não;4;0;1;0;2;2;1;5;-18,92414;-47,779454;SPRF-MG;DEL15-MG;UOP02-DEL15-MG
727262;24/10/2025;sexta-feira;18:40:00;RS;285;419,4;PANAMBI;Ausência de reação do condutor;Saída de leito carroçável;Com Vítimas Feridas;Plena Noite;Crescente;Céu Claro;Simples;"Aclive;Reta";Não;1;0;1;0;0;0;1;1;-28,34246057;-53,54633331;SPRF-RS;DEL10-RS;UOP01-DEL10-RS
727263;24/10/2025;sexta-feira;17:04:00;BA;324;568;SAO SEBASTIAO DO PASSE;Reação tardia ou ineficiente do condutor;Saída de leito carroçável;Com Vítimas Feridas;Pleno dia;Decrescente;Céu Claro;Dupla;Reta;Não;3;0;1;0;0;4;1;5;-12,54487548;-38,58277269;SPRF-BA;DEL01-BA;UOP01-DEL01-BA
727266;24/10/2025;sexta-feira;18:40:00;RN;406;6,1;MACAU;Objeto estático sobre o leito carroçável;Colisão com objeto;Com Vítimas Feridas;Pleno dia;Crescente;Céu Claro;Simples;Reta;Não;4;0;0;1;1;2;1;3;-5,15245;-36,591457;SPRF-RN;DEL02-RN;UOP01-DEL02-RN
727276;24/10/2025;sexta-feira;19:50:00;GO;60;383;RIO VERDE;Demais falhas mecânicas ou elétricas;Incêndio;Sem Vítimas;Plena Noite;Decrescente;Céu Claro;Múltipla;"Reta;Aclive";Sim;2;0;0;0;1;3;0;4;-17,797373;-50,91524;SPRF-GO;DEL04-GO;UOP02-DEL04-GO