id;data_inversa;dia_semana;horario;uf;br;km;municipio;causa_acidente;tipo_acidente;classificacao_acidente;fase_dia;sentido_via;condicao_metereologica;tipo_pista;tracado_via;uso_solo;pessoas;mortos;feridos_leves;feridos_graves;ilesos;ignorados;feridos;veiculos;latitude;longitude;regional;delegacia;uop
727277;24/10/2025;sexta-feira;15:10:00;RJ;40;123;DUQUE DE CAXIAS;Condutor deixou de manter distância do veículo da frente;Engavetamento;Sem Vítimas;Pleno dia;Crescente;Céu Claro;Múltipla;Reta;Sim;4;0;0;0;4;0;0;4;-22,806162;-43,289898;SPRF-RJ;DEL01-RJ;UOP02-DEL01-RJ
727280;24/10/2025;sexta-feira;21:00:00;RN;304;301;MACAIBA;Mal súbito do condutor;Colisão traseira;Com Vítimas Feridas;Pleno dia;Decrescente;Céu Claro;Dupla;Reta;Sim;3;0;2;0;0;1;2;2;-5,876803;-35,305602;SPRF-RN;DEL01-RN;UOP02-DEL01-RN
727283;24/10/2025;sexta-feira;15:20:00;MA;402;41,2;MORROS;Reação tardia ou ineficiente do condutor;Colisão traseira;Com Vítimas Feridas;Pleno dia;Decrescente;Céu Claro;Simples;Reta;Não;3;0;1;1;1;0;2;2;-2,856548;-44,013753;SPRF-MA;DEL01-MA;UOP01-DEL01-MA
727285;24/10/2025;sexta-feira;21:35:00;PR;376;675;GUARATUBA;Problema com o freio;Colisão traseira;Com Vítimas Feridas;Plena Noite;Crescente;Céu Claro;Simples;"Reta;Declive";Não;5;0;0;1;4;0;1;4;-25,916775;-48,917606;SPRF-PR;DEL01-PR;UOP04-DEL01-PR
727293;24/10/2025;sexta-feira;23:00:00;PR;116;152;MANDIRITUBA;Acessar a via sem observar a presença dos outros veículos;Tombamento;Com Vítimas Fatais;Plena Noite;Crescente;Nublado;Simples;Reta;Sim;2;1;0;0;0;1;0;2;-25,858297;-49,35984;SPRF-PR;DEL01-PR;UOP03-DEL01-PR
727294;24/10/2025;sexta-feira;22:34:00;MT;163;559;DIAMANTINO;Ausência de reação do condutor;Saída de leito carroçável;Com Vítimas Feridas;Plena Noite;Crescente;Céu Claro;Simples;"Desvio Temporário;Em Obras";Não;2;0;1;0;0;1;1;2;-14,152524;-56,096301;SPRF-MT;DEL01-MT;UOP01-DEL01-MT
727296;24/10/2025;sexta-feira;19:00:00;RJ;101;427;GUAPIMIRIM;Ultrapassagem Indevida;Colisão frontal;Com Vítimas Fatais;Anoitecer;Crescente;Céu Claro;Simples;Reta;Sim;4;1;0;0;2;1;0;4;-22,6600098;-42,941698;SPRF-RJ;DEL03-RJ;UOP02-DEL03-RJ
727297;24/10/2025;sexta-feira;21:00:00;SC;282;604;MARAVILHA;Ausência de reação do condutor;Colisão lateral mesmo sentido;Sem Vítimas;Pleno dia;Crescente;Nublado;Simples;Aclive;Não;3;0;0;0;1;3;0;4;-26,80278903;-53,18851607;SPRF-SC;DEL07-SC;UOP02-DEL07-SC
727307;24/10/2025;sexta-feira;22:30:00;MG;116;697,9;MURIAE;Velocidade Incompatível;Saída de leito carroçável;Com Vítimas Feridas;Plena Noite;Crescente;Céu Claro;Simples;"Declive;Curva";Não;3;0;1;0;0;2;1;3;-21,08877359;-42,37485129;SPRF-MG;DEL07-MG;UOP02-DEL07-MG
727312;25/10/2025;sábado;01:26:00;PR;476;309,8;PAULO FRONTIN;Velocidade Incompatível;Tombamento;Com Vítimas Fatais;Plena Noite;Crescente;Nublado;Simples;Curva;Não;2;1;0;0;0;1;0;2;-26,02052;-50,65003;SPRF-PR;DEL02-PR;UOP03-DEL02-PR
727318;24/10/2025;sexta-feira;17:30:00;GO;153;186;URUACU;Condutor deixou de manter distância do veículo da frente;Colisão traseira;Sem Vítimas;Pleno dia;Decrescente;Céu Claro;Simples;Reta;Não;2;0;0;0;2;0;0;2;-14,38679725;-49,1583252;SPRF-GO;DEL07-GO;UOP02-DEL07-GO
727324;24/10/2025;sexta-feira;21:40:00;BA;101;884;TEIXEIRA DE FREITAS;Ultrapassagem Indevida;Saída de leito carroçável;Sem Vítimas;Plena Noite;Decrescente;Chuva;Simples;"Declive;Curva";Não;1;0;0;0;1;0;0;1;-17,60022835;-39,74870157;SPRF-BA;DEL09-BA;UOP02-DEL09-BA
727333;25/10/2025;sábado;04:50:00;BA;324;552;AMELIA RODRIGUES;Ausência de reação do condutor;Saída de leito carroçável;Sem Vítimas;Amanhecer;Decrescente;Nevoeiro/Neblina;Dupla;"Declive;Reta";Não;1;0;0;0;1;0;0;1;-12,4559533;-38,70245;SPRF-BA;DEL01-BA;UOP03-DEL01-BA
727337;25/10/2025;sábado;04:10:00;SP;116;414;JUQUIA;Animais na Pista;Atropelamento de Animal;Com Vítimas Feridas;Plena Noite;Decrescente;Céu Claro;Dupla;Reta;Sim;2;0;0;1;1;0;1;2;-24,33095307;-47,62884045;SPRF-SP;DEL05-SP;UOP01-DEL05-SP
727340;24/10/2025;sexta-feira;22:40:00;MA;222;660;ACAILANDIA;Reação tardia ou ineficiente do condutor;Colisão traseira;Com Vítimas Fatais;Plena Noite;Crescente;Céu Claro;Simples;Reta;Não;6;1;2;0;2;2;2;5;-4,91469;-47,42468;SPRF-MA;DEL04-MA;UOP03-DEL04-MA
727342;24/10/2025;sexta-feira;22:35:00;SP;116;30,7;CRUZEIRO;Ausência de reação do condutor;Colisão traseira;Com Vítimas Fatais;Plena Noite;Decrescente;Céu Claro;Dupla;"Curva;Declive";Não;5;1;0;0;2;2;0;5;-22,635735;-44,935136;SPRF-SP;DEL08-SP;UOP02-DEL08-SP
727352;25/10/2025;sábado;05:25:00;MT;163;99,8;RONDONOPOLIS;Ausência de reação do condutor;Colisão traseira;Com Vítimas Feridas;Amanhecer;Crescente;Céu Claro;Dupla;"Aclive;Reta";Não;4;0;1;1;1;4;2;7;-16,6542135;-54,6849545;SPRF-MT;DEL02-MT;UOP03-DEL02-MT
727353;25/10/2025;sábado;08:30:00;MG;50;79;UBERLANDIA;Ausência de reação do condutor;Capotamento;Com Vítimas Feridas;Pleno dia;Decrescente;Céu Claro;Dupla;Reta;Não;5;0;3;0;1;3;3;6;-18,954752;-48,216968;SPRF-MG;DEL15-MG;UOP01-DEL15-MG
727355;25/10/2025;sábado;07:20:00;ES;262;119,3;CONCEICAO DO CASTELO;Ausência de reação do condutor;Colisão frontal;Com Vítimas Feridas;Pleno dia;Decrescente;Nublado;Simples;Curva;Não;5;0;0;2;2;1;2;4;-20,3000722;-41,2310911;SPRF-ES;DEL01-ES;UOP02-DEL01-ES
727359;25/10/2025;sábado;06:00:00;MG;267;26,9;ARGIRITA;Ausência de reação do condutor;Colisão frontal;Com Vítimas Fatais;Amanhecer;Crescente;Céu Claro;Simples;Declive;Não;3;1;0;0;1;1;0;3;-21,61894874;-42,81525901;SPRF-MG;DEL07-MG;UOP01-DEL07-MG
727362;25/10/2025;sábado;05:00:00;PR;373;386;CANDOI;Transitar na contramão;Colisão lateral sentido oposto;Com Vítimas Fatais;Amanhecer;Crescente;Céu Claro;Simples;Curva;Não;2;1;0;0;1;0;0;2;-25,507;-51,96;SPRF-PR;DEL08-PR;UOP01-DEL08-PR
727368;25/10/2025;sábado;10:00:00;MG;381;441;SANTA LUZIA;Ultrapassagem Indevida;Colisão lateral mesmo sentido;Com Vítimas Feridas;Pleno dia;Decrescente;Céu Claro;Simples;Curva;Não;3;0;1;0;1;1;1;3;-19,815841;-43,810118;SPRF-MG;DEL01-MG;UOP01-DEL01-MG
727375;25/10/2025;sábado;10:50:00;SP;381;57;MAIRIPORA;Ausência de reação do condutor;Colisão traseira;Com Vítimas Feridas;Pleno dia;Decrescente;Céu Claro;Dupla;Reta;Não;4;0;1;0;2;1;1;4;-23,27351938;-46,58477783;SPRF-SP;DEL03-SP;UOP01-DEL03-SP
727377;24/10/2025;sexta-feira;14:50:00;BA;116;583;NOVA ITARANA;Ultrapassagem Indevida;Colisão frontal;Com Vítimas Fatais;Pleno dia;Decrescente;Nublado;Múltipla;"Aclive;Curva";Não;7;1;1;0;4;6;1;12;-13,13441068;-39,99477643;SPRF-BA;DEL03-BA;UOP02-DEL03-BA
727383;25/10/2025;sábado;10:23:00;MS;163;191,9;CAARAPO;Transitar na contramão;Colisão lateral sentido oposto;Com Vítimas Feridas;Pleno dia;Decrescente;Céu Claro;Simples;"Declive;Reta";Não;3;0;1;0;1;2;1;4;-22,75385156;-54,78494239;SPRF-MS;DEL04-MS;UOP02-DEL04-MS
727390;25/10/2025;sábado;10:40:00;PI;343;591,9;FLORIANO;Manobra de mudança de faixa;Colisão transversal;Com Vítimas Feridas;Pleno dia;Crescente;Céu Claro;Dupla;Reta;Sim;2;0;1;0;0;1;1;2;-6,777965;-43,03147;SPRF-PI;DEL03-PI;UOP01-DEL03-PI
727392;25/10/2025;sábado;09:45:00;SC;282;523,7;XAXIM;Conversão proibida;Colisão transversal;Com Vítimas Feridas;Pleno dia;Decrescente;Sol;Simples;Reta;Sim;3;0;1;0;2;0;1;2;-26,965342;-52,55347;SPRF-SC;DEL07-SC;UOP01-DEL07-SC
727394;13/09/2025;sábado;08:30:00;RS;116;38,1;VACARIA;Retorno proibido;Colisão transversal;Sem Vítimas;Pleno dia;Decrescente;Céu Claro;Simples;"Interseção de Vias;Reta";Sim;6;0;0;0;5;3;0;6;-28,506421;-50,9262123;SPRF-RS;DEL05-RS;UOP03-DEL05-RS
727399;25/10/2025;sábado;12:20:00;MS;262;325;CAMPO GRANDE;Manobra de mudança de faixa;Colisão traseira;Com Vítimas Feridas;Pleno dia;Crescente;Céu Claro;Simples;Reta;Não;7;0;3;0;3;1;3;4;-20,46837065;-54,52241814;SPRF-MS;DEL01-MS;UOP01-DEL01-MS
727403;25/10/2025;sábado;13:25:00;PR;376;313;ORTIGUEIRA;Avarias e/ou desgaste excessivo no pneu;Tombamento;Com Vítimas Feridas;Pleno dia;Crescente;Céu Claro;Dupla;Reta;Não;2;0;1;0;0;1;1;2;-23,9795707;-51,0882053;SPRF-PR;DEL07-PR;UOP02-DEL07-PR
727405;25/10/2025;sábado;12:00:00;RS;285;290,1;PASSO FUNDO;Frear bruscamente;Colisão traseira;Com Vítimas Feridas;Pleno dia;Decrescente;Nublado;Simples;Reta;Sim;2;0;1;0;1;0;1;2;-28,23806725;-52,35322237;SPRF-RS;DEL08-RS;UOP03-DEL08-RS
727407;25/10/2025;sábado;13:30:00;PE;423;100;GARANHUNS;Acesso irregular;Colisão traseira;Com Vítimas Feridas;Pleno dia;Decrescente;Céu Claro;Simples;"Declive;Reta";Não;4;0;0;3;1;0;3;2;-8,8753648;-36,5212537;SPRF-PE;DEL03-PE;UOP01-DEL03-PE
727408;25/10/2025;sábado;12:00:00;PR;277;144;BALSA NOVA;Reação tardia ou ineficiente do condutor;Tombamento;Sem Vítimas;Pleno dia;Decrescente;Céu Claro;Dupla;Reta;Não;2;0;0;0;1;2;0;3;-25,4749;-49,7061;SPRF-PR;DEL03-PR;UOP03-DEL03-PR
727411;25/10/2025;sábado;13:30:00;SC;101;147;ITAPEMA;Manobra de mudança de faixa;Colisão lateral mesmo sentido;Com Vítimas Feridas;Pleno dia;Decrescente;Céu Claro;Dupla;Reta;Sim;5;0;3;0;1;1;3;4;-27,08764933;-48,6113011;SPRF-SC;DEL04-SC;UOP03-DEL04-SC
727412;25/10/2025;sábado;02:00:00;BA;116;594;BREJOES;Velocidade Incompatível;Colisão frontal;Com Vítimas Feridas;Plena Noite;Decrescente;Céu Claro;Simples;Curva;Não;3;0;1;0;1;2;1;4;-13,07649;-39,96118;SPRF-BA;DEL03-BA;UOP02-DEL03-BA
727413;25/10/2025;sábado;11:40:00;BA;116;583;NOVA ITARANA;Condutor deixou de manter distância do veículo da frente;Colisão traseira;Com Vítimas Feridas;Pleno dia;Crescente;Céu Claro;Simples;"Reta;Declive;Desvio Temporário";Não;6;0;0;1;4;1;1;4;-13,12996991;-39,99272346;SPRF-BA;DEL03-BA;UOP02-DEL03-BA
727414;25/10/2025;sábado;14:00:00;MG;50;40;ARAGUARI;Desrespeitar a preferência no cruzamento;Colisão transversal;Com Vítimas Feridas;Pleno dia;Crescente;Céu Claro;Dupla;Interseção de Vias;Sim;2;0;1;0;1;0;1;2;-18,673691;-48,178442;SPRF-MG;DEL15-MG;UOP02-DEL15-MG
727418;25/10/2025;sábado;13:30:00;PR;373;479;CORONEL VIVIDA;Mal súbito do condutor;Colisão frontal;Com Vítimas Feridas;Pleno dia;Crescente;Céu Claro;Simples;Reta;Não;3;0;1;0;1;2;1;4;-25,99387399;-52,55867355;SPRF-PR;DEL02-PR;UOP01-DEL02-PR
727420;25/10/2025;sábado;14:30:00;MG;262;538,5;LUZ;Velocidade Incompatível;Tombamento;Com Vítimas Feridas;Pleno dia;Decrescente;Sol;Simples;"Curva;Declive";Não;2;0;1;0;0;1;1;2;-19,7225346;-45,8724968;SPRF-MG;DEL08-MG;UOP02-DEL08-MG
727425;25/10/2025;sábado;05:51:00;PA;230;1113;ITAITUBA;Reação tardia ou ineficiente do condutor;Saída de leito carroçável;Com Vítimas Feridas;Plena Noite;Decrescente;Céu Claro;Simples;Curva;Não;3;0;2;0;0;2;2;3;-4,39239;-55,95793;SPRF-PA;DEL05-PA;UOP02-DEL05-PA
727427;25/10/2025;sábado;14:20:00;PR;476;163,3;ARAUCARIA;Ultrapassagem Indevida;Colisão frontal;Com Vítimas Fatais;Pleno dia;Decrescente;Céu Claro;Simples;"Interseção de Vias;Reta";Não;4;2;1;1;0;0;2;2;-25,6350068;-49,4630117;SPRF-PR;DEL01-PR;UOP06-DEL01-PR
727440;25/10/2025;sábado;16:00:00;SC;282;111,7;ALFREDO WAGNER;Velocidade Incompatível;Tombamento;Com Vítimas Feridas;Pleno dia;Crescente;Nublado;Simples;Curva;Não;2;0;1;0;0;1;1;2;-27,733597;-49,373738;SPRF-SC;DEL01-SC;UOP03-DEL01-SC
727448;25/10/2025;sábado;14:30:00;BA;101;141;TEODORO SAMPAIO;Acessar a via sem observar a presença dos outros veículos;Colisão transversal;Com Vítimas Fatais;Pleno dia;Decrescente;Céu Claro;Simples;"Declive;Interseção de Vias";Não;5;1;0;2;1;2;2;4;-12,24523792;-38,63472015;SPRF-BA;DEL01-BA;UOP04-DEL01-BA
727452;25/10/2025;sábado;15:00:00;BA;116;575,3;BREJOES;Acessar a via sem observar a presença dos outros veículos;Atropelamento de Pedestre;Com Vítimas Feridas;Pleno dia;Decrescente;Céu Claro;Simples;Reta;Sim;2;0;0;1;1;0;1;2;-13,081917;-39,962053;SPRF-BA;DEL03-BA;UOP02-DEL03-BA
727476;25/10/2025;sábado;13:30:00;ES;262;99,5;VENDA NOVA DO IMIGRANTE;Velocidade Incompatível;Saída de leito carroçável;Com Vítimas Feridas;Pleno dia;Crescente;Chuva;Simples;Curva;Não;1;0;0;1;0;0;1;1;-20,34950575;-41,10017538;SPRF-ES;DEL01-ES;UOP02-DEL01-ES
727478;25/10/2025;sábado;18:40:00;PA;163;427;ITAITUBA;Deficiência do Sistema de Iluminação/Sinalização;Colisão traseira;Sem Vítimas;Anoitecer;Decrescente;Céu Claro;Simples;Reta;Não;2;0;0;0;0;2;0;2;-6,09591458;-55,63917375;SPRF-PA;DEL05-PA;UOP03-DEL05-PA
727479;25/10/2025;sábado;17:40:00;MA;135;26;BACABEIRA;Acessar a via sem observar a presença dos outros veículos;Colisão lateral mesmo sentido;Com Vítimas Fatais;Pleno dia;Crescente;Céu Claro;Dupla;Reta;Não;3;1;0;0;1;2;0;4;-2,777205;-44,374208;SPRF-MA;DEL01-MA;UOP01-DEL01-MA
727500;25/10/2025;sábado;19:00:00;SP;153;206,5;GUAIMBE;Manobra de mudança de faixa;Colisão frontal;Com Vítimas Feridas;Plena Noite;Crescente;Nublado;Simples;Reta;Não;7;0;1;0;5;1;1;4;-21,879136;-49,907981;SPRF-SP;DEL07-SP;UOP01-DEL07-SP
727503;25/10/2025;sábado;19:15:00;RS;386;154,5;ALMIRANTE TAMANDARE DO SUL;Demais falhas mecânicas ou elétricas;Saída de leito carroçável;Sem Vítimas;Plena Noite;Decrescente;Chuva;Simples;"Curva;Declive";Não;2;0;0;0;1;2;0;3;-28,11161144;-52,85943753;SPRF-RS;DEL08-RS;UOP01-DEL08-RS
727510;25/10/2025;sábado;17:58:00;GO;153;124;ESTRELA DO NORTE;Desrespeitar a preferência no cruzamento;Colisão transversal;Sem Vítimas;Plena Noite;Decrescente;Céu Claro;Simples;"Reta;Interseção de Vias";Sim;3;0;0;0;2;1;0;3;-13,86574;-49,051223;SPRF-GO;DEL07-GO;UOP01-DEL07-GO
727515;25/10/2025;sábado;20:00:00;BA;407;6,2;JUAZEIRO;Ingestão de álcool pelo condutor;Colisão com objeto;Sem Vítimas;Plena Noite;Decrescente;Céu Claro;Dupla;Reta;Sim;2;0;0;0;1;1;0;2;-9,4567019;-40,485859;SPRF-PE;DEL06-PE;UOP01-DEL06-PE
727518;25/10/2025;sábado;18:45:00;MT;163;834;SINOP;Manobra de mudança de faixa;Colisão transversal;Sem Vítimas;Plena Noite;Decrescente;Céu Claro;Dupla;"Viaduto;Retorno Regulamentado";Sim;4;0;0;0;3;1;0;3;-11,858811;-55,494668;SPRF-MT;DEL06-MT;UOP02-DEL06-MT
727524;25/10/2025;sábado;19:00:00;SC;280;212,3;TRES BARRAS;Acessar a via sem observar a presença dos outros veículos;Colisão transversal;Sem Vítimas;Plena Noite;Decrescente;Céu Claro;Simples;Reta;Não;3;0;0;0;1;3;0;4;-26,1796;-50,1915599;SPRF-SC;DEL06-SC;UOP04-DEL06-SC
727540;25/10/2025;sábado;20:31:00;RS;116;0;VACARIA;Reação tardia ou ineficiente do condutor;Saída de leito carroçável;Com Vítimas Fatais;Plena Noite;Decrescente;Nublado;Simples;"Declive;Curva";Não;4;2;0;1;0;2;1;3;-28,210693;-50,759978;SPRF-RS;DEL05-RS;UOP03-DEL05-RS
727541;25/10/2025;sábado;21:05:00;RR;174;211;RORAINOPOLIS;Ingestão de álcool pelo condutor;Colisão lateral sentido oposto;Sem Vítimas;Plena Noite;Decrescente;Céu Claro;Simples;Reta;Sim;7;0;0;0;6;3;0;5;0,93633894;-60,42643547;SPRF-RR;DEL01-RR;UOP01-DEL01-RR
727549;25/10/2025;sábado;00:01:00;PA;316;102;SANTA MARIA DO PARA;Ingestão de substâncias psicoativas pelo condutor;Saída de leito carroçável;Sem Vítimas;Plena Noite;Decrescente;Céu Claro;Simples;Reta;Sim;3;0;0;0;1;3;0;4;-1,343488;-47,579136;SPRF-PA;DEL01-PA;UOP02-DEL01-PA
727555;25/10/2025;sábado;20:20:00;SC;101;93,9;BARRA VELHA;Pedestre andava na pista;Atropelamento de Pedestre;Com Vítimas Feridas;Plena Noite;Decrescente;Garoa/Chuvisco;Múltipla;Reta;Não;3;0;0;1;1;1;1;3;-26,70323009;-48,69999502;SPRF-SC;DEL03-SC;UOP02-DEL03-SC
727556;25/10/2025;sábado;20:50:00;SC;101;94,4;BARRA VELHA;Ausência de reação do condutor;Colisão traseira;Com Vítimas Fatais;Plena Noite;Decrescente;Céu Claro;Dupla;"Reta;Aclive";Não;12;1;3;5;2;3;8;10;-26,70410228;-48,7002453;SPRF-SC;DEL03-SC;UOP02-DEL03-SC
727560;25/10/2025;sábado;20:15:00;PA;10;318;IRITUIA;Transitar na contramão;Colisão frontal;Com Vítimas Feridas;Plena Noite;Decrescente;Céu Claro;Simples;Reta;Não;2;0;0;1;1;0;1;2;-1,648363;-47,489146;SPRF-PA;DEL01-PA;UOP02-DEL01-PA
727563;26/10/2025;domingo;04:20:00;SP;116;151;SAO JOSE DOS CAMPOS;Reação tardia ou ineficiente do condutor;Colisão lateral mesmo sentido;Sem Vítimas;Amanhecer;Decrescente;Sol;Dupla;"Reta;Em Obras";Sim;3;0;0;0;2;1;0;3;-23,22304803;-45,90293884;SPRF-SP;DEL02-SP;UOP01-DEL02-SP
727571;26/10/2025;domingo;00:15:00;RO;364;87,4;VILHENA;Deficiência do Sistema de Iluminação/Sinalização;Colisão traseira;Com Vítimas Feridas;Plena Noite;Decrescente;Chuva;Simples;Reta;Não;2;0;0;1;1;0;1;2;-12,38514054;-60,61770827;SPRF-RO;DEL04-RO;UOP01-DEL04-RO
727574;26/10/2025;domingo;04:30:00;RJ;101;7;CAMPOS DOS GOYTACAZES;Ausência de reação do condutor;Tombamento;Com Vítimas Feridas;Amanhecer;Decrescente;Nevoeiro/Neblina;Simples;Curva;Não;2;0;1;0;0;1;1;2;-21,280648;-41,320695;SPRF-RJ;DEL08-RJ;UOP01-DEL08-RJ
727575;25/10/2025;sábado;18:20:00;BA;116;485,3;RAFAEL JAMBEIRO;Demais falhas mecânicas ou elétricas;Incêndio;Sem Vítimas;Plena Noite;Crescente;Céu Claro;Dupla;Reta;Não;2;0;0;0;1;1;0;2;-12,54415;-39,44028;SPRF-BA;DEL02-BA;UOP01-DEL02-BA
727579;26/10/2025;domingo;04:00:00;MA;316;258,4;SANTA INES;Reação tardia ou ineficiente do condutor;Colisão frontal;Com Vítimas Fatais;Plena Noite;Crescente;Nublado;Simples;Curva;Não;3;1;1;1;0;0;2;2;-3,65801958;-45,40615082;SPRF-MA;DEL02-MA;UOP01-DEL02-MA
727582;26/10/2025;domingo;05:40:00;PR;369;471;CORBELIA;Chuva;Colisão frontal;Com Vítimas Feridas;Amanhecer;Crescente;Chuva;Simples;Reta;Não;4;0;0;2;1;1;2;3;-24,69951;-53,24036;SPRF-PR;DEL04-PR;UOP03-DEL04-PR
727584;26/10/2025;domingo;06:30:00;PR;163;258;TOLEDO;Demais falhas mecânicas ou elétricas;Incêndio;Sem Vítimas;Pleno dia;Decrescente;Garoa/Chuvisco;Dupla;Reta;Não;2;0;0;0;1;2;0;3;-24,6466117;-53,8481267;SPRF-PR;DEL06-PR;UOP02-DEL06-PR
727585;26/10/2025;domingo;05:33:00;MG;116;412,3;GOVERNADOR VALADARES;Ingestão de álcool pelo condutor;Colisão com objeto;Com Vítimas Feridas;Amanhecer;Crescente;Nublado;Simples;Reta;Sim;4;0;0;2;1;2;2;4;-18,87573677;-41,96469996;SPRF-MG;DEL06-MG;UOP01-DEL06-MG
727591;26/10/2025;domingo;07:20:00;PI;222;4;SAO JOAO DA FRONTEIRA;Ingestão de álcool pelo condutor;Colisão com objeto;Com Vítimas Feridas;Pleno dia;Crescente;Céu Claro;Simples;Reta;Sim;3;0;1;0;1;1;1;3;-3,936272;-41,259635;SPRF-PI;DEL02-PI;UOP01-DEL02-PI
727596;04/09/2025;quinta-feira;18:30:00;MG;116;31;CACHOEIRA DE PAJEU;Pedestre andava na pista;Atropelamento de Pedestre;Com Vítimas Feridas;Anoitecer;Decrescente;Céu Claro;Simples;Reta;Não;2;0;0;1;1;0;1;2;-15,910239;-41,402062;SPRF-MG;DEL11-MG;UOP02-DEL11-MG
727598;26/10/2025;domingo;07:06:00;MS;158;84,2;PARANAIBA;Ausência de reação do condutor;Saída de leito carroçável;Com Vítimas Feridas;Pleno dia;Crescente;Céu Claro;Simples;"Reta;Aclive";Não;2;0;0;1;0;2;1;3;-19,5918;-51,223634;SPRF-MS;DEL08-MS;UOP01-DEL08-MS
727604;25/10/2025;sábado;04:45:00;BA;116;745;POCOES;Demais falhas mecânicas ou elétricas;Colisão lateral sentido oposto;Sem Vítimas;Amanhecer;Crescente;Céu Claro;Simples;"Aclive;Reta";Não;4;0;0;0;2;2;0;4;-14,426388;-40,353183;SPRF-BA;DEL08-BA;UOP02-DEL08-BA
727609;26/10/2025;domingo;05:05:00;MG;251;259;TAIOBEIRAS;Reação tardia ou ineficiente do condutor;Colisão lateral sentido oposto;Com Vítimas Feridas;Amanhecer;Crescente;Céu Claro;Simples;"Aclive;Curva";Não;5;0;2;0;2;3;2;6;-16,01351725;-41,90680146;SPRF-MG;DEL12-MG;UOP02-DEL12-MG
727611;25/10/2025;sábado;01:40:00;PI;135;109,7;SEBASTIAO LEAL;Reação tardia ou ineficiente do condutor;Tombamento;Com Vítimas Feridas;Plena Noite;Decrescente;Céu Claro;Simples;"Declive;Curva";Não;2;0;0;1;0;1;1;2;-7,533203;-43,919427;SPRF-PI;DEL03-PI;UOP01-DEL03-PI
727617;26/10/2025;domingo;07:20:00;MG;262;740;SACRAMENTO;Acessar a via sem observar a presença dos outros veículos;Colisão transversal;Com Vítimas Feridas;Pleno dia;Crescente;Céu Claro;Simples;Interseção de Vias;Não;2;0;1;0;1;0;1;2;-19,63936;-47,51158;SPRF-MG;DEL08-MG;UOP01-DEL08-MG
727620;26/10/2025;domingo;11:07:00;PA;316;62;CASTANHAL;Condutor desrespeitou a iluminação vermelha do semáforo;Colisão transversal;Sem Vítimas;Pleno dia;Decrescente;Céu Claro;Dupla;Reta;Sim;3;0;0;0;2;1;0;3;-1,3062576;-48,0070503;SPRF-PA;DEL01-PA;UOP01-DEL01-PA
727626;26/10/2025;domingo;08:25:00;MG;262;48,2;MANHUACU;Velocidade Incompatível;Colisão frontal;Com Vítimas Fatais;Pleno dia;Decrescente;Céu Claro;Simples;"Curva;Declive";Não;2;1;0;0;1;0;0;2;-20,252098;-42,128433;SPRF-MG;DEL06-MG;UOP03-DEL06-MG
727634;26/10/2025;domingo;12:07:00;ES;101;277,9;SERRA;Acessar a via sem observar a presença dos outros veículos;Colisão transversal;Com Vítimas Feridas;Pleno dia;Decrescente;Nublado;Dupla;"Retorno Regulamentado;Reta";Não;5;0;2;1;1;2;3;4;-20,21698132;-40,32943091;SPRF-ES;DEL02-ES;UOP01-DEL02-ES
727642;26/10/2025;domingo;12:05:00;RJ;116;322;ITATIAIA;Reação tardia ou ineficiente do condutor;Colisão lateral mesmo sentido;Com Vítimas Feridas;Pleno dia;Decrescente;Céu Claro;Dupla;Reta;Não;3;0;0;1;1;1;1;3;-22,482372;-44,539962;SPRF-RJ;DEL07-RJ;UOP02-DEL07-RJ
727643;26/10/2025;domingo;12:10:00;SE;101;108,8;SAO CRISTOVAO;Carga excessiva e/ou mal acondicionada;Incêndio;Sem Vítimas;Pleno dia;Decrescente;Nublado;Dupla;Aclive;Não;2;0;0;0;1;2;0;3;-10,96616509;-37,26896186;SPRF-SE;DEL02-SE;UOP01-DEL02-SE
727655;26/10/2025;domingo;11:00:00;MT;364;402,1;CUIABA;Manobra de mudança de faixa;Colisão lateral mesmo sentido;Com Vítimas Feridas;Pleno dia;Decrescente;Céu Claro;Dupla;Reta;Sim;10;0;3;0;7;0;3;4;-15,6476;-56,0051;SPRF-MT;DEL01-MT;UOP02-DEL01-MT
727661;26/10/2025;domingo;14:10:00;PB;230;163;CAMPINA GRANDE;Condutor deixou de manter distância do veículo da frente;Colisão traseira;Com Vítimas Feridas;Pleno dia;Decrescente;Céu Claro;Simples;"Declive;Reta";Não;3;0;1;0;1;1;1;2;-7,218557;-35,945004;SPRF-PB;DEL02-PB;UOP01-DEL02-PB
727670;03/09/2025;quarta-feira;09:58:00;PA;163;268;NOVO PROGRESSO;Desvio temporário;Colisão lateral sentido oposto;Sem Vítimas;Pleno dia;Decrescente;Céu Claro;Simples;Reta;Não;3;0;0;0;0;3;0;3;-7,37923579;-55,30234337;SPRF-PA;DEL05-PA;UOP03-DEL05-PA
727673;26/10/2025;domingo;14:50:00;PR;277;286;PRUDENTOPOLIS;Condutor deixou de manter distância do veículo da frente;Colisão traseira;Com Vítimas Feridas;Pleno dia;Decrescente;Chuva;Simples;"Curva;Declive";Não;3;0;1;0;1;1;1;2;-25,31905;-50,97298;SPRF-PR;DEL08-PR;UOP02-DEL08-PR
727676;26/10/2025;domingo;15:30:00;MG;40;565,9;NOVA LIMA;Ausência de reação do condutor;Colisão traseira;Sem Vítimas;Pleno dia;Crescente;Céu Claro;Simples;"Declive;Reta";Não;3;0;0;0;2;1;0;3;-20,17993;-43,9665;SPRF-MG;DEL01-MG;UOP02-DEL01-MG