id;data_inversa;dia_semana;horario;uf;br;km;municipio;causa_acidente;tipo_acidente;classificacao_acidente;fase_dia;sentido_via;condicao_metereologica;tipo_pista;tracado_via;uso_solo;pessoas;mortos;feridos_leves;feridos_graves;ilesos;ignorados;feridos;veiculos;latitude;longitude;regional;delegacia;uop
728321;29/10/2025;quarta-feira;14:30:00;RJ;101;48;CAMPOS DOS GOYTACAZES;Transitar na contramão;Colisão frontal;Com Vítimas Feridas;Pleno dia;Crescente;Céu Claro;Simples;Reta;Não;11;0;1;9;0;1;10;2;-21,620419;-41,314789;SPRF-RJ;DEL08-RJ;UOP01-DEL08-RJ
728322;29/10/2025;quarta-feira;08:00:00;SC;116;107,9;MONTE CASTELO;Reação tardia ou ineficiente do condutor;Colisão lateral sentido oposto;Com Vítimas Feridas;Pleno dia;Crescente;Garoa/Chuvisco;Simples;"Curva;Declive";Não;4;0;0;1;2;3;1;6;-26,753382;-50,332687;SPRF-SC;DEL06-SC;UOP02-DEL06-SC
728325;29/10/2025;quarta-feira;15:30:00;RS;472;143,3;TRES DE MAIO;Pedestre andava na pista;Atropelamento de Pedestre;Com Vítimas Feridas;Pleno dia;Decrescente;Nublado;Dupla;"Aclive;Curva";Não;2;0;1;0;1;0;1;2;-27,767961;-54,344794;SPRF-RS;DEL10-RS;UOP01-DEL10-RS
728326;29/10/2025;quarta-feira;14:00:00;RO;364;350;JI-PARANA;Ausência de reação do condutor;Colisão transversal;Com Vítimas Feridas;Pleno dia;Decrescente;Céu Claro;Simples;"Interseção de Vias;Reta";Não;2;0;0;1;1;0;1;2;-10,84392737;-62,00106081;SPRF-RO;DEL02-RO;UOP01-DEL02-RO
728328;29/10/2025;quarta-feira;14:45:00;MG;381;763,1;TRES CORACOES;Velocidade Incompatível;Colisão traseira;Com Vítimas Feridas;Pleno dia;Crescente;Nublado;Dupla;Reta;Não;4;0;1;0;2;1;1;3;-21,692416;-45,3541888;SPRF-MG;DEL16-MG;UOP02-DEL16-MG
728329;07/09/2025;domingo;07:45:00;MG;153;186,7;FRUTAL;Condutor usando celular;Colisão frontal;Com Vítimas Feridas;Pleno dia;Crescente;Céu Claro;Simples;Reta;Não;3;0;1;1;0;1;2;3;-19,898912;-48,969831;SPRF-MG;DEL13-MG;UOP02-DEL13-MG
728333;29/10/2025;quarta-feira;14:25:00;PE;424;18;PEDRA;Ultrapassagem Indevida;Colisão traseira;Com Vítimas Feridas;Pleno dia;Decrescente;Céu Claro;Simples;Curva;Sim;3;0;1;0;1;1;1;3;-8,496715;-36,937968;SPRF-PE;DEL04-PE;UOP02-DEL04-PE
728335;29/10/2025;quarta-feira;14:00:00;BA;101;746;ITABELA;Manobra de mudança de faixa;Colisão lateral sentido oposto;Sem Vítimas;Pleno dia;Decrescente;Céu Claro;Múltipla;Reta;Sim;2;0;0;0;2;0;0;2;-16,57907339;-39,55721498;SPRF-BA;DEL09-BA;UOP01-DEL09-BA
728336;29/10/2025;quarta-feira;16:20:00;GO;153;297,2;RIALMA;Reação tardia ou ineficiente do condutor;Colisão lateral sentido oposto;Com Vítimas Feridas;Pleno dia;Crescente;Céu Claro;Simples;"Aclive;Reta";Não;5;0;1;1;2;1;2;3;-15,283;-49,559;SPRF-GO;DEL02-GO;UOP02-DEL02-GO
728337;29/10/2025;quarta-feira;14:30:00;MT;364;202;RONDONOPOLIS;Condutor deixou de manter distância do veículo da frente;Colisão traseira;Sem Vítimas;Pleno dia;Decrescente;Céu Claro;Dupla;"Reta;Ponte";Sim;4;0;0;0;3;5;0;8;-16,47965455;-54,65155933;SPRF-MT;DEL02-MT;UOP01-DEL02-MT
728339;29/10/2025;quarta-feira;16:21:00;MG;40;429,8;PARAOPEBA;Demais falhas mecânicas ou elétricas;Incêndio;Sem Vítimas;Pleno dia;Crescente;Céu Claro;Dupla;Reta;Não;1;0;0;0;1;0;0;1;-19,20353795;-44,47265625;SPRF-MG;DEL02-MG;UOP01-DEL02-MG
728340;29/10/2025;quarta-feira;13:50:00;PR;476;182;LAPA;Reação tardia ou ineficiente do condutor;Tombamento;Com Vítimas Feridas;Pleno dia;Decrescente;Nublado;Simples;Curva;Não;3;0;2;0;0;1;2;2;-25,7170121;-49,614228;SPRF-PR;DEL01-PR;UOP06-DEL01-PR
728341;01/10/2025;quarta-feira;00:59:00;PR;376;374,3;IMBAU;Reação tardia ou ineficiente do condutor;Saída de leito carroçável;Com Vítimas Feridas;Plena Noite;Decrescente;Nublado;Simples;"Curva;Declive";Não;1;0;1;0;0;0;1;1;-24,39499228;-50,78354772;SPRF-PR;DEL07-PR;UOP02-DEL07-PR
728344;29/10/2025;quarta-feira;15:27:00;MT;163;851,1;SINOP;Objeto estático sobre o leito carroçável;Colisão com objeto;Com Vítimas Feridas;Pleno dia;Decrescente;Nublado;Simples;Reta;Não;5;0;0;1;2;9;1;12;-11,71894;-55,45815;SPRF-MT;DEL06-MT;UOP02-DEL06-MT
728349;29/10/2025;quarta-feira;16:15:00;GO;20;206;SIMOLANDIA;Ausência de reação do condutor;Colisão traseira;Com Vítimas Feridas;Pleno dia;Crescente;Céu Claro;Simples;"Declive;Reta";Não;5;0;3;0;1;3;3;5;-14,45145678;-46,46946394;SPRF-DF;DEL02-DF;UOP03-DEL02-DF
728352;29/10/2025;quarta-feira;17:00:00;MG;381;367;SAO GONCALO DO RIO ABAIXO;Reação tardia ou ineficiente do condutor;Colisão frontal;Com Vítimas Feridas;Pleno dia;Crescente;Céu Claro;Simples;Curva;Sim;3;0;2;0;1;0;2;3;-19,84193;-43,31875;SPRF-MG;DEL03-MG;UOP01-DEL03-MG
728357;29/10/2025;quarta-feira;17:10:00;GO;50;274;CATALAO;Acessar a via sem observar a presença dos outros veículos;Colisão lateral mesmo sentido;Com Vítimas Feridas;Pleno dia;Decrescente;Céu Claro;Dupla;"Reta;Interseção de Vias";Sim;2;0;0;1;1;0;1;2;-18,15618754;-47,90776603;SPRF-GO;DEL06-GO;UOP01-DEL06-GO
728358;29/10/2025;quarta-feira;17:08:00;RJ;101;18;CAMPOS DOS GOYTACAZES;Acesso irregular;Colisão transversal;Com Vítimas Feridas;Anoitecer;Crescente;Céu Claro;Simples;Reta;Não;3;0;0;1;1;1;1;3;-21,8358607;-41,420591;SPRF-RJ;DEL08-RJ;UOP01-DEL08-RJ
728360;11/09/2025;quinta-feira;15:00:00;MG;262;384;FLORESTAL;Demais falhas mecânicas ou elétricas;Incêndio;Sem Vítimas;Pleno dia;Crescente;Céu Claro;Dupla;Reta;Não;2;0;0;0;1;3;0;4;-19,9092541;-44,51095518;SPRF-MG;DEL01-MG;UOP03-DEL01-MG
728364;29/10/2025;quarta-feira;05:30:00;MG;153;139;PRATA;Condutor Dormindo;Saída de leito carroçável;Com Vítimas Feridas;Amanhecer;Decrescente;Nublado;Simples;Declive;Não;4;0;2;0;1;1;2;3;-19,556571;-48,826776;SPRF-MG;DEL15-MG;UOP03-DEL15-MG
728370;29/10/2025;quarta-feira;16:00:00;PR;277;283,9;PRUDENTOPOLIS;Demais falhas mecânicas ou elétricas;Colisão com objeto;Com Vítimas Feridas;Pleno dia;Crescente;Céu Claro;Simples;"Declive;Reta";Não;5;0;1;0;3;3;1;5;-25,323;-50,966;SPRF-PR;DEL08-PR;UOP02-DEL08-PR
728377;29/10/2025;quarta-feira;19:20:00;SP;116;211;GUARULHOS;Condutor deixou de manter distância do veículo da frente;Colisão traseira;Com Vítimas Feridas;Plena Noite;Decrescente;Nublado;Múltipla;Reta;Sim;2;0;1;0;1;0;1;2;-23,434927;-46,425707;SPRF-SP;DEL01-SP;UOP01-DEL01-SP
728380;29/10/2025;quarta-feira;19:20:00;SC;470;5,8;NAVEGANTES;Pedestre andava na pista;Atropelamento de Pedestre;Com Vítimas Fatais;Plena Noite;Crescente;Nublado;Dupla;Reta;Sim;3;1;0;0;1;1;0;3;-26,851773;-48,709948;SPRF-SC;DEL04-SC;UOP04-DEL04-SC
728396;29/10/2025;quarta-feira;16:40:00;SC;116;156,6;SANTA CECILIA;Reação tardia ou ineficiente do condutor;Tombamento;Com Vítimas Feridas;Pleno dia;Decrescente;Nublado;Simples;Curva;Não;2;0;1;0;0;1;1;2;-27,08347216;-50,43823812;SPRF-SC;DEL06-SC;UOP02-DEL06-SC
728402;29/10/2025;quarta-feira;19:16:00;SC;470;99;APIUNA;Acessar a via sem observar a presença dos outros veículos;Colisão transversal;Com Vítimas Feridas;Plena Noite;Crescente;Nublado;Simples;Reta;Sim;4;0;2;0;1;1;2;3;-27,03694253;-49,39191911;SPRF-SC;DEL04-SC;UOP02-DEL04-SC
728404;29/10/2025;quarta-feira;20:30:00;BA;116;768;POCOES;Objeto estático sobre o leito carroçável;Colisão com objeto;Com Vítimas Feridas;Plena Noite;Decrescente;Céu Claro;Simples;Reta;Não;3;0;0;1;1;1;1;3;-14,60010505;-40,43727547;SPRF-BA;DEL08-BA;UOP02-DEL08-BA
728409;29/10/2025;quarta-feira;22:50:00;SE;101;34;CAPELA;Condutor Dormindo;Tombamento;Com Vítimas Feridas;Plena Noite;Crescente;Céu Claro;Dupla;"Aclive;Curva";Não;2;0;1;0;0;2;1;3;-10,46435347;-36,94135515;SPRF-SE;DEL02-SE;UOP02-DEL02-SE
728414;29/10/2025;quarta-feira;22:13:00;MG;40;666,7;CARANDAI;Acessar a via sem observar a presença dos outros veículos;Colisão transversal;Com Vítimas Fatais;Plena Noite;Decrescente;Céu Claro;Simples;Interseção de Vias;Sim;3;1;0;0;1;1;0;3;-20,9479505;-43,7972355;SPRF-MG;DEL05-MG;UOP02-DEL05-MG
728422;30/10/2025;quinta-feira;02:06:00;SC;470;108,9;APIUNA;Transitar na contramão;Colisão frontal;Com Vítimas Fatais;Plena Noite;Crescente;Céu Claro;Simples;Reta;Não;4;3;0;0;1;0;0;2;-27,083705;-49,450462;SPRF-SC;DEL04-SC;UOP02-DEL04-SC
728423;30/10/2025;quinta-feira;04:20:00;SP;116;387;MIRACATU;Mal súbito do condutor;Colisão traseira;Com Vítimas Feridas;Plena Noite;Decrescente;Céu Claro;Dupla;Reta;Não;4;0;1;0;2;1;1;3;-24,26659183;-47,39105632;SPRF-SP;DEL04-SP;UOP02-DEL04-SP
728432;30/10/2025;quinta-feira;00:45:00;SC;282;467;PONTE SERRADA;Transitar na contramão;Colisão lateral sentido oposto;Com Vítimas Feridas;Plena Noite;Decrescente;Céu Claro;Simples;Reta;Não;3;0;0;1;1;4;1;6;-26,852342;-52,070202;SPRF-SC;DEL07-SC;UOP04-DEL07-SC
728433;30/10/2025;quinta-feira;06:10:00;ES;101;270;SERRA;Ausência de reação do condutor;Colisão traseira;Com Vítimas Feridas;Pleno dia;Decrescente;Céu Claro;Dupla;Reta;Sim;3;0;0;1;1;1;1;3;-20,2273485;-40,27108312;SPRF-ES;DEL02-ES;UOP01-DEL02-ES
728437;30/10/2025;quinta-feira;00:10:00;RJ;393;151;TRES RIOS;Velocidade Incompatível;Tombamento;Com Vítimas Feridas;Plena Noite;Crescente;Céu Claro;Simples;Reta;Não;2;0;2;0;0;0;2;1;-22,08137291;-43,0489499;SPRF-RJ;DEL05-RJ;UOP01-DEL05-RJ
728438;30/10/2025;quinta-feira;07:00:00;GO;20;179;ALVORADA DO NORTE;Manobra de mudança de faixa;Tombamento;Com Vítimas Feridas;Pleno dia;Decrescente;Nublado;Simples;Aclive;Não;2;0;0;1;0;1;1;2;-14,49461974;-46,50674701;SPRF-DF;DEL02-DF;UOP03-DEL02-DF
728442;30/10/2025;quinta-feira;05:40:00;SP;153;116;UBARANA;Demais falhas mecânicas ou elétricas;Incêndio;Sem Vítimas;Amanhecer;Crescente;Nublado;Simples;Reta;Não;1;0;0;0;1;0;0;1;-21,13781671;-49,69911218;SPRF-SP;DEL09-SP;UOP01-DEL09-SP
728443;30/10/2025;quinta-feira;05:40:00;PA;316;71;CASTANHAL;Transitar na contramão;Colisão frontal;Com Vítimas Fatais;Amanhecer;Decrescente;Céu Claro;Simples;Reta;Não;3;1;1;1;0;0;2;3;-1,289095;-47,845185;SPRF-PA;DEL01-PA;UOP01-DEL01-PA
728455;30/10/2025;quinta-feira;06:00:00;MG;381;925,8;ITAPEVA;Ausência de reação do condutor;Tombamento;Com Vítimas Fatais;Amanhecer;Decrescente;Nublado;Dupla;"Curva;Declive";Não;3;2;0;0;0;2;0;4;-22,769334;-46,205399;SPRF-MG;DEL16-MG;UOP03-DEL16-MG
728456;30/10/2025;quinta-feira;06:00:00;PA;10;10;DOM ELISEU;Avarias e/ou desgaste excessivo no pneu;Incêndio;Sem Vítimas;Amanhecer;Decrescente;Céu Claro;Simples;Reta;Não;2;0;0;0;1;3;0;4;-4,351542;-47,536718;SPRF-PA;DEL02-PA;UOP02-DEL02-PA
728457;30/10/2025;quinta-feira;08:30:00;SP;153;64,3;SAO JOSE DO RIO PRETO;Manobra de mudança de faixa;Saída de leito carroçável;Com Vítimas Feridas;Pleno dia;Crescente;Nublado;Dupla;Reta;Sim;4;0;1;0;1;2;1;4;-20,83189094;-49,3627456;SPRF-SP;DEL09-SP;UOP01-DEL09-SP
728459;30/10/2025;quinta-feira;08:40:00;CE;116;42,1;HORIZONTE;Acessar a via sem observar a presença dos outros veículos;Colisão lateral mesmo sentido;Com Vítimas Feridas;Pleno dia;Decrescente;Céu Claro;Dupla;Retorno Regulamentado;Sim;5;0;1;0;3;5;1;9;-4,10049524;-38,50170898;SPRF-CE;DEL01-CE;UOP02-DEL01-CE
728462;30/10/2025;quinta-feira;06:00:00;MT;163;614;NOVA MUTUM;Reação tardia ou ineficiente do condutor;Tombamento;Com Vítimas Fatais;Pleno dia;Crescente;Céu Claro;Simples;"Em Obras;Desvio Temporário";Não;3;1;1;0;0;5;1;7;-13,5959368;-56,03164673;SPRF-MT;DEL01-MT;UOP01-DEL01-MT
728468;21/10/2025;terça-feira;04:20:00;MA;226;245;TUNTUM;Reação tardia ou ineficiente do condutor;Tombamento;Com Vítimas Feridas;Plena Noite;Crescente;Chuva;Simples;Curva;Não;2;0;1;0;0;1;1;2;-5,40388;-44,836318;SPRF-MA;DEL06-MA;UOP01-DEL06-MA
728469;30/10/2025;quinta-feira;07:30:00;MG;381;563;ITAGUARA;Acessar a via sem observar a presença dos outros veículos;Colisão lateral mesmo sentido;Com Vítimas Feridas;Pleno dia;Crescente;Céu Claro;Múltipla;"Curva;Declive";Sim;2;0;1;0;0;1;1;2;-20,38443564;-44,48312156;SPRF-MG;DEL04-MG;UOP03-DEL04-MG
728471;30/10/2025;quinta-feira;09:25:00;RS;470;225;GARIBALDI;Acessar a via sem observar a presença dos outros veículos;Colisão transversal;Com Vítimas Feridas;Pleno dia;Crescente;Nublado;Simples;Reta;Não;3;0;1;0;2;0;1;2;-29,24614816;-51,51634097;SPRF-RS;DEL06-RS;UOP01-DEL06-RS
728473;30/10/2025;quinta-feira;07:50:00;MG;50;111;UBERABA;Condutor Dormindo;Colisão traseira;Com Vítimas Feridas;Pleno dia;Crescente;Céu Claro;Simples;"Aclive;Reta";Não;4;0;2;0;1;1;2;3;-19,30142288;-48,1142807;SPRF-MG;DEL13-MG;UOP01-DEL13-MG
728475;30/09/2025;terça-feira;13:00:00;BA;116;441;ANTONIO CARDOSO;Velocidade Incompatível;Saída de leito carroçável;Com Vítimas Feridas;Pleno dia;Decrescente;Céu Claro;Dupla;"Aclive;Curva";Não;2;0;0;1;0;1;1;2;-12,35403547;-39,0948379;SPRF-BA;DEL02-BA;UOP01-DEL02-BA
728478;30/10/2025;quinta-feira;09:05:00;SP;116;212;GUARULHOS;Chuva;Colisão traseira;Com Vítimas Feridas;Amanhecer;Crescente;Chuva;Múltipla;Declive;Sim;3;0;1;0;1;1;1;3;-23,43916714;-46,43593522;SPRF-SP;DEL01-SP;UOP01-DEL01-SP
728485;30/10/2025;quinta-feira;10:30:00;PR;277;722;FOZ DO IGUACU;Carga excessiva e/ou mal acondicionada;Colisão com objeto;Com Vítimas Feridas;Pleno dia;Decrescente;Céu Claro;Dupla;Reta;Sim;2;0;0;1;0;1;1;2;-25,495614;-54,52267;SPRF-PR;DEL05-PR;UOP03-DEL05-PR
728489;30/10/2025;quinta-feira;08:30:00;SE;101;156;ESTANCIA;Velocidade Incompatível;Tombamento;Com Vítimas Feridas;Pleno dia;Decrescente;Céu Claro;Simples;"Declive;Curva";Não;2;0;0;1;0;1;1;2;-11,29163182;-37,47024536;SPRF-SE;DEL02-SE;UOP01-DEL02-SE
728490;30/10/2025;quinta-feira;10:10:00;MT;364;133;PEDRA PRETA;Condutor deixou de manter distância do veículo da frente;Engavetamento;Com Vítimas Feridas;Pleno dia;Crescente;Céu Claro;Simples;Reta;Não;7;0;2;0;5;0;2;4;-16,785335;-54,155849;SPRF-MT;DEL02-MT;UOP01-DEL02-MT
728491;30/10/2025;quinta-feira;10:30:00;MG;50;127;UBERABA;Ausência de reação do condutor;Saída de leito carroçável;Com Vítimas Feridas;Pleno dia;Decrescente;Céu Claro;Dupla;Reta;Não;2;0;1;0;0;1;1;2;-19,2940766;-48,1149391;SPRF-MG;DEL13-MG;UOP01-DEL13-MG
728493;30/10/2025;quinta-feira;11:30:00;BA;242;464;IBITIARA;Demais falhas na via;Tombamento;Com Vítimas Feridas;Pleno dia;Crescente;Céu Claro;Simples;"Declive;Reta";Não;2;0;1;0;0;2;1;3;-12,448227;-42,139755;SPRF-BA;DEL06-BA;UOP01-DEL06-BA
728496;30/10/2025;quinta-feira;08:45:00;PR;153;390;MALLET;Reação tardia ou ineficiente do condutor;Saída de leito carroçável;Com Vítimas Feridas;Pleno dia;Decrescente;Céu Claro;Simples;"Declive;Reta";Sim;2;0;1;0;0;1;1;2;-25,898927;-50,833652;SPRF-PR;DEL08-PR;UOP02-DEL08-PR
728498;30/10/2025;quinta-feira;12:10:00;CE;222;223,2;SOBRAL;Condutor deixou de manter distância do veículo da frente;Colisão traseira;Com Vítimas Feridas;Pleno dia;Crescente;Céu Claro;Simples;Reta;Não;4;0;0;2;1;3;2;5;-3,7223876;-40,32694817;SPRF-CE;DEL04-CE;UOP01-DEL04-CE
728503;30/10/2025;quinta-feira;12:24:00;PE;104;61;CARUARU;Manobra de mudança de faixa;Colisão lateral mesmo sentido;Sem Vítimas;Pleno dia;Decrescente;Nublado;Dupla;"Interseção de Vias;Reta";Sim;2;0;0;0;2;0;0;2;-8,24881;-35,97493;SPRF-PE;DEL02-PE;UOP01-DEL02-PE
728510;30/10/2025;quinta-feira;13:15:00;SC;470;51;BLUMENAU;Ausência de reação do condutor;Colisão traseira;Com Vítimas Feridas;Pleno dia;Decrescente;Nublado;Simples;Reta;Sim;2;0;1;0;1;0;1;2;-26,86487808;-49,09920629;SPRF-SC;DEL04-SC;UOP01-DEL04-SC
728511;30/10/2025;quinta-feira;12:20:00;MG;381;745,9;TRES CORACOES;Demais falhas mecânicas ou elétricas;Incêndio;Sem Vítimas;Pleno dia;Crescente;Garoa/Chuvisco;Dupla;Curva;Não;2;0;0;0;1;1;0;2;-21,61418;-45,25968464;SPRF-MG;DEL16-MG;UOP02-DEL16-MG
728526;30/10/2025;quinta-feira;14:50:00;PR;376;241,1;APUCARANA;Manobra de mudança de faixa;Colisão traseira;Sem Vítimas;Pleno dia;Decrescente;Nublado;Dupla;"Reta;Aclive";Não;4;0;0;0;3;1;0;4;-23,581364;-51,442111;SPRF-PR;DEL07-PR;UOP03-DEL07-PR
728527;18/09/2025;quinta-feira;05:30:00;PI;230;298;FLORIANO;Demais falhas mecânicas ou elétricas;Incêndio;Sem Vítimas;Amanhecer;Crescente;Céu Claro;Simples;Reta;Não;2;0;0;0;1;1;0;2;-6,81655651;-42,93414116;SPRF-PI;DEL03-PI;UOP01-DEL03-PI
728541;30/10/2025;quinta-feira;14:20:00;MT;163;1031;PEIXOTO DE AZEVEDO;Acessar a via sem observar a presença dos outros veículos;Colisão transversal;Com Vítimas Feridas;Pleno dia;Decrescente;Nublado;Simples;Reta;Não;3;0;2;0;1;0;2;2;-10,23992452;-54,98176575;SPRF-MT;DEL06-MT;UOP03-DEL06-MT
728543;30/10/2025;quinta-feira;15:01:00;PR;116;119;CURITIBA;Acessar a via sem observar a presença dos outros veículos;Colisão traseira;Com Vítimas Feridas;Pleno dia;Crescente;Nublado;Dupla;"Aclive;Curva;Retorno Regulamentado";Não;2;0;1;0;0;1;1;2;-25,576418;-49,312415;SPRF-PR;DEL01-PR;UOP03-DEL01-PR
728546;30/10/2025;quinta-feira;16:45:00;ES;101;297,5;CARIACICA;Acessar a via sem observar a presença dos outros veículos;Colisão com objeto;Com Vítimas Feridas;Anoitecer;Crescente;Céu Claro;Dupla;Reta;Não;2;0;1;0;1;0;1;2;-20,345801;-40,40498;SPRF-ES;DEL01-ES;UOP01-DEL01-ES
728552;30/10/2025;quinta-feira;11:35:00;MA;316;423,6;PERITORO;Reação tardia ou ineficiente do condutor;Saída de leito carroçável;Com Vítimas Feridas;Pleno dia;Decrescente;Sol;Simples;Interseção de Vias;Sim;1;0;1;0;0;0;1;1;-4,369382;-44,342623;SPRF-MA;DEL03-MA;UOP01-DEL03-MA
728554;30/10/2025;quinta-feira;16:00:00;RS;158;363;DILERMANDO DE AGUIAR;Ultrapassagem Indevida;Colisão frontal;Com Vítimas Feridas;Pleno dia;Crescente;Céu Claro;Simples;Reta;Não;4;0;1;1;1;1;2;3;-29,818776;-54,13937;SPRF-RS;DEL09-RS;UOP01-DEL09-RS
728562;30/10/2025;quinta-feira;14:35:00;SC;101;278,4;IMBITUBA;Ausência de reação do condutor;Colisão traseira;Com Vítimas Feridas;Pleno dia;Decrescente;Nublado;Múltipla;"Declive;Reta";Não;21;0;0;1;19;2;1;5;-28,18050803;-48,6955905;SPRF-SC;DEL02-SC;UOP03-DEL02-SC
728566;30/10/2025;quinta-feira;16:50:00;PE;232;181;BELO JARDIM;Acesso irregular;Colisão lateral mesmo sentido;Com Vítimas Feridas;Pleno dia;Crescente;Céu Claro;Simples;Reta;Sim;2;0;0;1;0;1;1;2;-8,34719;-36,442718;SPRF-PE;DEL03-PE;UOP02-DEL03-PE
728570;30/10/2025;quinta-feira;16:15:00;GO;153;589,9;PIRACANJUBA;Ausência de reação do condutor;Colisão traseira;Sem Vítimas;Pleno dia;Crescente;Nublado;Dupla;Reta;Não;3;0;0;0;2;4;0;6;-17,45914;-49,222783;SPRF-GO;DEL03-GO;UOP01-DEL03-GO
728572;24/09/2025;quarta-feira;07:05:00;MA;135;7;SAO LUIS;Condutor deixou de manter distância do veículo da frente;Colisão traseira;Com Vítimas Feridas;Pleno dia;Decrescente;Céu Claro;Dupla;Reta;Sim;2;0;0;1;1;0;1;2;-2,63567;-44,267656;SPRF-MA;DEL01-MA;UOP01-DEL01-MA
728574;07/10/2025;terça-feira;05:40:00;CE;116;461;BARRO;Reação tardia ou ineficiente do condutor;Colisão com objeto;Com Vítimas Fatais;Pleno dia;Decrescente;Céu Claro;Simples;Reta;Não;3;1;0;0;1;1;0;3;-7,208485;-38,826282;SPRF-CE;DEL05-CE;UOP03-DEL05-CE
728577;30/10/2025;quinta-feira;14:10:00;PA;316;94;SAO FRANCISCO DO PARA;Manobra de mudança de faixa;Colisão lateral sentido oposto;Com Vítimas Feridas;Pleno dia;Crescente;Céu Claro;Simples;Reta;Não;4;0;1;0;2;1;1;4;-1,326937;-47,649143;SPRF-PA;DEL01-PA;UOP02-DEL01-PA
728583;30/10/2025;quinta-feira;19:30:00;RS;448;20;CANOAS;Manobra de mudança de faixa;Colisão lateral mesmo sentido;Com Vítimas Feridas;Plena Noite;Decrescente;Céu Claro;Múltipla;Curva;Sim;4;0;1;0;2;1;1;3;-29,95638466;-51,20234013;SPRF-RS;DEL01-RS;UOP01-DEL01-RS
728589;30/10/2025;quinta-feira;18:40:00;MT;70;519;VARZEA GRANDE;Transitar no Acostamento;Queda de ocupante de veículo;Com Vítimas Feridas;Plena Noite;Decrescente;Céu Claro;Simples;Reta;Sim;2;0;1;0;1;0;1;2;-15,691008;-56,168932;SPRF-MT;DEL01-MT;UOP02-DEL01-MT
728590;30/10/2025;quinta-feira;15:40:00;GO;60;284,5;ACREUNA;Demais falhas mecânicas ou elétricas;Incêndio;Sem Vítimas;Pleno dia;Crescente;Nublado;Dupla;"Reta;Ponte";Não;1;0;0;0;1;0;0;1;-17,274687;-50,245753;SPRF-GO;DEL04-GO;UOP02-DEL04-GO
728592;30/10/2025;quinta-feira;11:16:00;MG;116;401,4;GOVERNADOR VALADARES;Suicídio (presumido);Atropelamento de Pedestre;Com Vítimas Fatais;Pleno dia;Crescente;Sol;Simples;Reta;Não;4;1;0;0;2;2;0;4;-18,77881939;-41,98772404;SPRF-MG;DEL06-MG;UOP01-DEL06-MG
728594;07/10/2025;terça-feira;01:10:00;MG;381;896;CAMBUI;Condutor Dormindo;Saída de leito carroçável;Com Vítimas Feridas;Plena Noite;Decrescente;Nublado;Dupla;Reta;Sim;2;0;1;0;0;1;1;2;-22,59202;-46,0541079;SPRF-MG;DEL16-MG;UOP01-DEL16-MG
728601;30/10/2025;quinta-feira;14:00:00;PA;230;564;VITORIA DO XINGU;Problema com o freio;Tombamento;Com Vítimas Feridas;Pleno dia;Crescente;Céu Claro;Simples;"Curva;Declive";Sim;3;0;1;0;1;1;1;2;-3,12166154;-51,77298546;SPRF-PA;DEL04-PA;UOP01-DEL04-PA
728606;30/10/2025;quinta-feira;22:30:00;ES;101;333;GUARAPARI;Entrada inopinada do pedestre;Atropelamento de Pedestre;Com Vítimas Feridas;Plena Noite;Decrescente;Chuva;Dupla;Curva;Não;2;0;0;1;1;0;1;2;-20,61517645;-40,51410047;SPRF-ES;DEL03-ES;UOP01-DEL03-ES
728607;30/10/2025;quinta-feira;20:15:00;RJ;116;296;BARRA MANSA;Carga excessiva e/ou mal acondicionada;Colisão com objeto;Com Vítimas Feridas;Plena Noite;Crescente;Céu Claro;Dupla;Reta;Não;4;0;2;0;1;1;2;2;-22,45282;-44,305692;SPRF-RJ;DEL07-RJ;UOP02-DEL07-RJ
728610;30/10/2025;quinta-feira;21:30:00;PR;369;156;LONDRINA;Condutor deixou de manter distância do veículo da frente;Colisão traseira;Com Vítimas Feridas;Plena Noite;Decrescente;Chuva;Dupla;Reta;Sim;3;0;1;0;2;0;1;3;-23,2919633;-51,2180993;SPRF-PR;DEL07-PR;UOP01-DEL07-PR
728613;30/10/2025;quinta-feira;12:30:00;MA;230;49,9;BARAO DE GRAJAU;Ausência de reação do condutor;Tombamento;Com Vítimas Feridas;Pleno dia;Decrescente;Sol;Simples;"Aclive;Curva";Não;2;0;0;1;0;1;1;2;-6,60808;-43,405265;SPRF-PI;DEL03-PI;UOP01-DEL03-PI
728618;30/10/2025;quinta-feira;22:33:00;MG;153;25;CENTRALINA;Demais falhas mecânicas ou elétricas;Incêndio;Sem Vítimas;Plena Noite;Crescente;Céu Claro;Dupla;Aclive;Não;1;0;0;0;1;0;0;1;-18,59738183;-49,19201374;SPRF-MG;DEL15-MG;UOP03-DEL15-MG
728621;30/10/2025;quinta-feira;22:05:00;RS;392;224;CACAPAVA DO SUL;Reação tardia ou ineficiente do condutor;Colisão traseira;Com Vítimas Feridas;Plena Noite;Decrescente;Céu Claro;Simples;Reta;Não;11;0;1;0;9;2;1;4;-30,69990697;-53,23988557;SPRF-RS;DEL09-RS;UOP02-DEL09-RS
728625;31/10/2025;sexta-feira;00:40:00;GO;70;474;ARAGARCAS;Ausência de reação do condutor;Colisão traseira;Com Vítimas Feridas;Plena Noite;Crescente;Céu Claro;Dupla;Reta;Sim;2;0;1;0;1;0;1;2;-15,89686593;-52,24055998;SPRF-GO;DEL04-GO;UOP02-DEL04-GO