id;data_inversa;dia_semana;horario;uf;br;km;municipio;causa_acidente;tipo_acidente;classificacao_acidente;fase_dia;sentido_via;condicao_metereologica;tipo_pista;tracado_via;uso_solo;pessoas;mortos;feridos_leves;feridos_graves;ilesos;ignorados;feridos;veiculos;latitude;longitude;regional;delegacia;uop
729020;01/08/2025;sexta-feira;00:27:00;PR;116;211,2;RIO NEGRO;Suicídio (presumido);Colisão frontal;Com Vítimas Fatais;Plena Noite;Crescente;Céu Claro;Simples;"Interseção de Vias;Reta";Sim;3;1;0;0;1;1;0;3;-26,103934;-49,7808868;SPRF-SC;DEL06-SC;UOP01-DEL06-SC
729022;01/11/2025;sábado;20:50:00;MG;262;441,1;NOVA SERRANA;Ultrapassagem Indevida;Colisão traseira;Sem Vítimas;Plena Noite;Decrescente;Vento;Simples;Reta;Sim;3;0;0;0;1;2;0;3;-19,86138;-45,00396;SPRF-MG;DEL08-MG;UOP03-DEL08-MG
729024;01/11/2025;sábado;19:00:00;BA;324;463;CANDEAL;Demais falhas mecânicas ou elétricas;Incêndio;Sem Vítimas;Plena Noite;Crescente;Céu Claro;Simples;Reta;Não;1;0;0;0;1;0;0;1;-11,9404;-39,21456;SPRF-BA;DEL02-BA;UOP01-DEL02-BA
729045;01/11/2025;sábado;16:00:00;PI;316;314;PICOS;Retorno proibido;Colisão transversal;Com Vítimas Feridas;Pleno dia;Crescente;Céu Claro;Simples;Reta;Sim;4;0;0;1;1;3;1;5;-7,079095;-41,434308;SPRF-PI;DEL04-PI;UOP01-DEL04-PI
729057;01/11/2025;sábado;22:35:00;BA;116;830,4;VITORIA DA CONQUISTA;Problema com o freio;Colisão com objeto;Sem Vítimas;Plena Noite;Crescente;Céu Claro;Simples;Reta;Não;3;0;0;0;2;1;0;3;-14,91331;-40,87644;SPRF-BA;DEL08-BA;UOP01-DEL08-BA
729060;02/11/2025;domingo;01:00:00;RJ;101;329;RIO DE JANEIRO;Manobra de mudança de faixa;Colisão lateral mesmo sentido;Sem Vítimas;Plena Noite;Decrescente;Céu Claro;Dupla;"Reta;Ponte";Sim;4;0;0;0;3;1;0;4;-22,86921599;-43,18519592;SPRF-RJ;DEL02-RJ;UOP01-DEL02-RJ
729061;01/11/2025;sábado;20:10:00;PR;153;3;IMBITUVA;Condutor Dormindo;Colisão frontal;Com Vítimas Feridas;Plena Noite;Crescente;Chuva;Simples;Curva;Não;3;0;1;0;1;1;1;3;-25,18008781;-50,58105469;SPRF-PR;DEL07-PR;UOP04-DEL07-PR
729063;02/11/2025;domingo;01:15:00;SP;116;160,6;JACAREI;Entrada inopinada do pedestre;Atropelamento de Pedestre;Com Vítimas Fatais;Plena Noite;Crescente;Nublado;Dupla;Reta;Sim;4;1;0;0;1;2;0;3;-23,27333957;-45,97161102;SPRF-SP;DEL02-SP;UOP01-DEL02-SP
729065;03/11/2025;segunda-feira;01:40:00;RJ;116;184;NOVA IGUACU;Ausência de reação do condutor;Colisão lateral mesmo sentido;Com Vítimas Feridas;Plena Noite;Crescente;Céu Claro;Dupla;Reta;Sim;3;0;1;0;1;1;1;3;-22,74804135;-43,44362006;SPRF-RJ;DEL06-RJ;UOP01-DEL06-RJ
729080;02/11/2025;domingo;04:00:00;GO;153;574,5;PROFESSOR JAMIL;Condutor Dormindo;Saída de leito carroçável;Com Vítimas Fatais;Plena Noite;Decrescente;Céu Claro;Dupla;Reta;Não;2;1;0;0;0;1;0;2;-17,334212;-49,238824;SPRF-GO;DEL03-GO;UOP01-DEL03-GO
729089;02/11/2025;domingo;03:30:00;MG;381;915;CAMANDUCAIA;Pedestre - Ingestão de álcool/ substâncias psicoativas;Atropelamento de Pedestre;Com Vítimas Fatais;Plena Noite;Decrescente;Garoa/Chuvisco;Dupla;Reta;Não;2;1;0;0;1;0;0;2;-22,728767;-46,134377;SPRF-MG;DEL16-MG;UOP03-DEL16-MG
729094;02/11/2025;domingo;00:35:00;PR;369;29,5;CAMBARA;Participar de racha;Colisão traseira;Com Vítimas Feridas;Plena Noite;Crescente;Nublado;Simples;"Aclive;Reta";Não;3;0;0;2;1;0;2;2;-23,03927615;-50,17502658;SPRF-PR;DEL07-PR;UOP05-DEL07-PR
729110;01/11/2025;sábado;20:05:00;GO;60;225;CEZARINA;Reação tardia ou ineficiente do condutor;Colisão transversal;Sem Vítimas;Plena Noite;Decrescente;Céu Claro;Dupla;Interseção de Vias;Não;2;0;0;0;2;0;0;2;-17,02454;-49,777318;SPRF-GO;DEL01-GO;UOP02-DEL01-GO
729123;02/11/2025;domingo;06:40:00;DF;20;50;BRASILIA;Manobra de mudança de faixa;Colisão lateral mesmo sentido;Sem Vítimas;Pleno dia;Decrescente;Sol;Dupla;Reta;Não;2;0;0;0;1;1;0;2;-15,58405222;-47,44854928;SPRF-DF;DEL02-DF;UOP01-DEL02-DF
729131;02/11/2025;domingo;09:15:00;MG;262;376;JUATUBA;Condutor deixou de manter distância do veículo da frente;Colisão traseira;Com Vítimas Feridas;Pleno dia;Crescente;Nublado;Dupla;Curva;Não;2;0;1;0;1;0;1;2;-19,93596;-44,437853;SPRF-MG;DEL01-MG;UOP03-DEL01-MG
729139;02/11/2025;domingo;08:40:00;SE;235;50,4;ITABAIANA;Ingestão de álcool pelo condutor;Colisão traseira;Com Vítimas Feridas;Pleno dia;Crescente;Céu Claro;Simples;Retorno Regulamentado;Sim;3;0;2;0;1;0;2;2;-10,70573;-37,427421;SPRF-SE;DEL01-SE;UOP02-DEL01-SE
729140;22/10/2025;quarta-feira;08:20:00;SP;116;280;EMBU DAS ARTES;Reação tardia ou ineficiente do condutor;Colisão traseira;Sem Vítimas;Pleno dia;Crescente;Céu Claro;Dupla;Reta;Sim;2;0;0;0;2;0;0;2;-23,64121163;-46,83705258;SPRF-SP;DEL04-SP;UOP01-DEL04-SP
729154;02/11/2025;domingo;10:33:00;CE;304;37,2;ARACATI;Acessar a via sem observar a presença dos outros veículos;Colisão traseira;Com Vítimas Feridas;Pleno dia;Decrescente;Céu Claro;Simples;Reta;Não;3;0;0;1;1;1;1;3;-4,5760402;-37,7316689;SPRF-CE;DEL03-CE;UOP02-DEL03-CE
729156;02/11/2025;domingo;12:55:00;ES;101;234;FUNDAO;Transitar na contramão;Colisão frontal;Com Vítimas Fatais;Pleno dia;Decrescente;Céu Claro;Simples;Curva;Não;5;2;1;1;0;1;2;3;-19,97149;-40,40853;SPRF-ES;DEL02-ES;UOP01-DEL02-ES
729161;02/11/2025;domingo;11:00:00;SC;101;52,8;JOINVILLE;Condutor Dormindo;Colisão frontal;Com Vítimas Feridas;Pleno dia;Decrescente;Nublado;Dupla;Curva;Não;8;0;6;0;2;0;6;2;-26,41486995;-48,83537499;SPRF-SC;DEL03-SC;UOP01-DEL03-SC
729162;02/11/2025;domingo;10:10:00;BA;116;916;ENCRUZILHADA;Ausência de reação do condutor;Colisão traseira;Com Vítimas Feridas;Pleno dia;Decrescente;Sol;Simples;Reta;Não;3;0;0;1;1;1;1;3;-15,562462;-41,265972;SPRF-BA;DEL08-BA;UOP03-DEL08-BA
729169;10/10/2025;sexta-feira;07:45:00;RJ;40;22,2;TRES RIOS;Reação tardia ou ineficiente do condutor;Colisão com objeto;Com Vítimas Feridas;Pleno dia;Crescente;Céu Claro;Dupla;Curva;Não;2;0;1;0;0;1;1;2;-22,12773;-43,15587;SPRF-RJ;DEL05-RJ;UOP02-DEL05-RJ
729180;02/11/2025;domingo;14:00:00;MG;381;861,7;POUSO ALEGRE;Velocidade Incompatível;Saída de leito carroçável;Com Vítimas Feridas;Pleno dia;Crescente;Chuva;Dupla;"Aclive;Curva";Não;3;0;2;0;0;1;2;2;-22,33124094;-45,91703653;SPRF-MG;DEL16-MG;UOP01-DEL16-MG
729181;02/11/2025;domingo;16:00:00;MG;381;481,4;CONTAGEM;Ausência de reação do condutor;Colisão lateral mesmo sentido;Com Vítimas Feridas;Pleno dia;Crescente;Nublado;Múltipla;Reta;Sim;3;0;1;0;0;2;1;2;-19,95821176;-44,05639585;SPRF-MG;DEL01-MG;UOP03-DEL01-MG
729190;02/11/2025;domingo;14:00:00;RJ;116;267;BARRA MANSA;Reação tardia ou ineficiente do condutor;Colisão traseira;Com Vítimas Feridas;Pleno dia;Decrescente;Chuva;Dupla;Curva;Não;5;0;2;0;2;2;2;5;-22,58619232;-44,10724131;SPRF-RJ;DEL07-RJ;UOP02-DEL07-RJ
729203;02/11/2025;domingo;14:40:00;PI;316;298,3;PICOS;Demais falhas mecânicas ou elétricas;Colisão traseira;Com Vítimas Feridas;Pleno dia;Decrescente;Sol;Simples;"Aclive;Reta";Não;4;0;0;1;2;2;1;4;-7,02787465;-41,55732393;SPRF-PI;DEL04-PI;UOP01-DEL04-PI
729204;02/11/2025;domingo;15:25:00;AL;101;230,9;PORTO REAL DO COLEGIO;Velocidade Incompatível;Capotamento;Com Vítimas Feridas;Pleno dia;Crescente;Céu Claro;Dupla;Curva;Não;4;0;1;1;1;1;2;3;-10,1194568;-36,7363899;SPRF-AL;DEL02-AL;UOP02-DEL02-AL
729217;02/11/2025;domingo;17:00:00;RJ;101;177;MACAE;Reação tardia ou ineficiente do condutor;Colisão transversal;Com Vítimas Feridas;Anoitecer;Decrescente;Chuva;Simples;Curva;Não;3;0;1;1;0;1;2;3;-22,3862697;-41,98476791;SPRF-RJ;DEL08-RJ;UOP04-DEL08-RJ
729223;02/11/2025;domingo;14:09:00;GO;153;158;CAMPINORTE;Transtornos Mentais (exceto suicidio);Atropelamento de Pedestre;Com Vítimas Fatais;Pleno dia;Decrescente;Nublado;Simples;Reta;Não;2;1;0;0;1;0;0;2;-14,16160374;-49,12242562;SPRF-GO;DEL07-GO;UOP02-DEL07-GO
729231;02/11/2025;domingo;16:00:00;GO;364;308;MINEIROS;Ingestão de álcool pelo condutor;Saída de leito carroçável;Com Vítimas Feridas;Pleno dia;Crescente;Nublado;Simples;Curva;Não;2;0;1;0;0;1;1;2;-17,484398;-52,558497;SPRF-GO;DEL05-GO;UOP01-DEL05-GO
729232;02/11/2025;domingo;15:15:00;MG;381;902,7;CAMBUI;Velocidade Incompatível;Tombamento;Com Vítimas Feridas;Pleno dia;Decrescente;Chuva;Dupla;Reta;Não;2;0;1;0;0;1;1;2;-22,64266587;-46,08347935;SPRF-MG;DEL16-MG;UOP03-DEL16-MG
729233;02/11/2025;domingo;18:10:00;PR;277;195;PALMEIRA;Ultrapassagem Indevida;Colisão frontal;Com Vítimas Fatais;Anoitecer;Crescente;Céu Claro;Simples;Reta;Não;4;1;0;0;1;2;0;4;-25,438949;-50,171193;SPRF-PR;DEL08-PR;UOP02-DEL08-PR
729247;02/11/2025;domingo;14:10:00;MT;174;445;COMODORO;Ultrapassagem Indevida;Colisão frontal;Com Vítimas Fatais;Pleno dia;Crescente;Céu Claro;Simples;"Aclive;Reta";Não;3;1;0;0;1;3;0;5;-13,53765538;-59,82593815;SPRF-MT;DEL04-MT;UOP02-DEL04-MT
729273;02/11/2025;domingo;22:10:00;PR;277;34,4;MORRETES;Condutor deixou de manter distância do veículo da frente;Colisão traseira;Com Vítimas Feridas;Plena Noite;Decrescente;Chuva;Dupla;"Declive;Curva";Não;4;0;1;0;1;2;1;4;-25,571613;-48,818921;SPRF-PR;DEL01-PR;UOP05-DEL01-PR
729276;02/11/2025;domingo;22:20:00;SC;282;338;CAMPOS NOVOS;Ausência de reação do condutor;Colisão lateral sentido oposto;Sem Vítimas;Pleno dia;Decrescente;Céu Claro;Simples;"Declive;Reta";Não;4;0;0;0;3;1;0;3;-27,3935;-51,18863;SPRF-SC;DEL07-SC;UOP06-DEL07-SC
729286;03/11/2025;segunda-feira;00:30:00;SC;282;509,8;XANXERE;Acessar a via sem observar a presença dos outros veículos;Colisão lateral sentido oposto;Com Vítimas Feridas;Plena Noite;Decrescente;Céu Claro;Simples;Reta;Não;2;0;2;0;0;0;2;2;-26,89189447;-52,45862246;SPRF-SC;DEL07-SC;UOP01-DEL07-SC
729288;03/11/2025;segunda-feira;01:40:00;MG;40;504;ESMERALDAS;Chuva;Colisão traseira;Com Vítimas Feridas;Plena Noite;Decrescente;Chuva;Dupla;"Declive;Reta";Sim;3;0;1;0;2;0;1;2;-19,729;-44,153;SPRF-MG;DEL02-MG;UOP01-DEL02-MG
729289;02/11/2025;domingo;22:30:00;MG;40;464;SETE LAGOAS;Carga excessiva e/ou mal acondicionada;Tombamento;Com Vítimas Feridas;Plena Noite;Crescente;Chuva;Dupla;"Declive;Curva";Não;5;0;0;1;4;0;1;2;-19,4295906;-44,3486269;SPRF-MG;DEL02-MG;UOP01-DEL02-MG
729291;02/11/2025;domingo;20:50:00;BA;116;326,9;ARACI;Transitar na contramão;Colisão frontal;Com Vítimas Fatais;Plena Noite;Crescente;Céu Claro;Simples;Reta;Não;7;2;0;1;2;2;1;4;-11,391058;-38,966941;SPRF-BA;DEL02-BA;UOP01-DEL02-BA
729292;03/11/2025;segunda-feira;02:58:00;RN;101;129;NISIA FLORESTA;Condutor Dormindo;Colisão traseira;Com Vítimas Feridas;Plena Noite;Crescente;Céu Claro;Dupla;Reta;Não;2;0;1;0;1;0;1;2;-6,1406342;-35,2278136;SPRF-RN;DEL01-RN;UOP01-DEL01-RN
729296;03/11/2025;segunda-feira;04:10:00;MG;40;530,5;CONTAGEM;Reação tardia ou ineficiente do condutor;Colisão traseira;Com Vítimas Feridas;Plena Noite;Decrescente;Nublado;Dupla;"Aclive;Curva";Sim;3;0;2;0;0;1;2;2;-19,91854987;-44,02901799;SPRF-MG;DEL01-MG;UOP02-DEL01-MG
729298;03/11/2025;segunda-feira;01:00:00;MG;381;754,3;TRES CORACOES;Velocidade Incompatível;Colisão com objeto;Com Vítimas Fatais;Plena Noite;Decrescente;Nublado;Dupla;Reta;Sim;3;1;0;0;1;2;0;4;-21,667816;-45,31864;SPRF-MG;DEL16-MG;UOP02-DEL16-MG
729299;03/11/2025;segunda-feira;04:30:00;MG;267;294,4;BAEPENDI;Demais falhas mecânicas ou elétricas;Colisão traseira;Com Vítimas Fatais;Plena Noite;Crescente;Nublado;Simples;"Interseção de Vias;Reta";Não;3;1;0;0;1;2;0;4;-21,93292893;-44,84734622;SPRF-MG;DEL17-MG;UOP01-DEL17-MG
729306;03/11/2025;segunda-feira;00:10:00;RJ;101;257;RIO BONITO;Ausência de reação do condutor;Colisão traseira;Com Vítimas Feridas;Plena Noite;Decrescente;Nublado;Dupla;Reta;Sim;3;0;1;0;1;1;1;3;-22,697918;-42,576571;SPRF-RJ;DEL02-RJ;UOP03-DEL02-RJ
729310;03/11/2025;segunda-feira;05:55:00;PB;230;211,5;SOLEDADE;Manobra de mudança de faixa;Colisão lateral sentido oposto;Com Vítimas Fatais;Amanhecer;Decrescente;Sol;Simples;Reta;Não;23;6;9;3;5;0;12;6;-7,078315;-36,331105;SPRF-PB;DEL02-PB;UOP02-DEL02-PB
729311;03/11/2025;segunda-feira;04:40:00;RN;406;150,2;CEARA-MIRIM;Transitar na contramão;Colisão frontal;Sem Vítimas;Amanhecer;Crescente;Céu Claro;Simples;Reta;Sim;3;0;0;0;1;2;0;3;-5,649947;-35,43117;SPRF-RN;DEL02-RN;UOP01-DEL02-RN
729313;03/11/2025;segunda-feira;03:40:00;MG;365;622;UBERLANDIA;Frear bruscamente;Colisão com objeto;Sem Vítimas;Plena Noite;Crescente;Chuva;Dupla;Curva;Sim;2;0;0;0;1;3;0;4;-18,89800599;-48,27192843;SPRF-MG;DEL15-MG;UOP01-DEL15-MG
729317;02/11/2025;domingo;17:00:00;MG;381;729;CARMO DA CACHOEIRA;Ausência de reação do condutor;Colisão com objeto;Com Vítimas Feridas;Pleno dia;Decrescente;Chuva;Dupla;Reta;Não;3;0;1;0;1;1;1;2;-21,4969948;-45,2109557;SPRF-MG;DEL04-MG;UOP02-DEL04-MG
729321;03/11/2025;segunda-feira;03:00:00;MG;251;333;RUBELITA;Ausência de reação do condutor;Saída de leito carroçável;Com Vítimas Feridas;Plena Noite;Decrescente;Nublado;Simples;"Declive;Curva";Não;1;0;1;0;0;0;1;1;-16,262453;-42,408573;SPRF-MG;DEL12-MG;UOP02-DEL12-MG
729325;02/11/2025;domingo;15:00:00;MG;381;438,8;SABARA;Reação tardia ou ineficiente do condutor;Saída de leito carroçável;Com Vítimas Feridas;Pleno dia;Decrescente;Nublado;Simples;Curva;Não;2;0;1;0;0;2;1;3;-19,90111624;-43,75596464;SPRF-MG;DEL01-MG;UOP01-DEL01-MG
729329;31/10/2025;sexta-feira;02:30:00;BA;324;548;AMELIA RODRIGUES;Ausência de reação do condutor;Tombamento;Com Vítimas Feridas;Plena Noite;Crescente;Nublado;Dupla;Reta;Não;1;0;1;0;0;0;1;1;-12,4351436;-38,7312536;SPRF-BA;DEL01-BA;UOP03-DEL01-BA
729331;03/11/2025;segunda-feira;08:40:00;RN;101;110;PARNAMIRIM;Demais falhas mecânicas ou elétricas;Colisão com objeto;Com Vítimas Feridas;Pleno dia;Crescente;Céu Claro;Dupla;Reta;Não;2;0;1;0;1;0;1;2;-5,94951;-35,26486;SPRF-RN;DEL01-RN;UOP01-DEL01-RN
729334;18/10/2025;sábado;12:30:00;RS;470;227;GARIBALDI;Ausência de reação do condutor;Colisão com objeto;Sem Vítimas;Pleno dia;Decrescente;Garoa/Chuvisco;Dupla;Curva;Sim;1;0;0;0;1;0;0;1;-29,25710124;-51,51033533;SPRF-RS;DEL06-RS;UOP01-DEL06-RS
729336;06/06/2025;sexta-feira;22:00:00;PR;277;135,3;CAMPO LARGO;Manobra de mudança de faixa;Colisão lateral mesmo sentido;Com Vítimas Feridas;Plena Noite;Crescente;Garoa/Chuvisco;Dupla;"Aclive;Curva";Não;5;0;1;0;2;2;1;3;-25,4508;-49,622;SPRF-PR;DEL03-PR;UOP03-DEL03-PR
729340;03/11/2025;segunda-feira;08:00:00;MG;262;625,8;IBIA;Ausência de reação do condutor;Incêndio;Sem Vítimas;Pleno dia;Decrescente;Garoa/Chuvisco;Simples;Reta;Não;2;0;0;0;1;2;0;3;-19,580209;-46,519767;SPRF-MG;DEL08-MG;UOP01-DEL08-MG
729345;03/11/2025;segunda-feira;07:20:00;RJ;40;120;DUQUE DE CAXIAS;Ultrapassagem Indevida;Colisão lateral mesmo sentido;Com Vítimas Feridas;Pleno dia;Crescente;Céu Claro;Múltipla;Reta;Não;4;0;0;1;2;1;1;4;-22,7776687;-43,28592553;SPRF-RJ;DEL01-RJ;UOP02-DEL01-RJ
729346;03/11/2025;segunda-feira;07:15:00;BA;116;912;ENCRUZILHADA;Acessar a via sem observar a presença dos outros veículos;Colisão transversal;Com Vítimas Feridas;Pleno dia;Crescente;Céu Claro;Simples;Reta;Não;6;0;0;4;1;1;4;3;-15,53029;-41,2471;SPRF-BA;DEL08-BA;UOP03-DEL08-BA
729350;03/11/2025;segunda-feira;10:10:00;GO;153;506,1;APARECIDA DE GOIANIA;Manobra de mudança de faixa;Colisão lateral mesmo sentido;Com Vítimas Feridas;Pleno dia;Crescente;Nublado;Dupla;Reta;Sim;2;0;1;0;1;0;1;2;-16,755011;-49,240747;SPRF-GO;DEL01-GO;UOP01-DEL01-GO
729354;03/11/2025;segunda-feira;10:27:00;MT;70;2,3;BARRA DO GARCAS;Condutor deixou de manter distância do veículo da frente;Colisão lateral mesmo sentido;Sem Vítimas;Pleno dia;Crescente;Céu Claro;Simples;Reta;Sim;2;0;0;0;2;0;0;2;-15,8725317;-52,3855067;SPRF-MT;DEL07-MT;UOP01-DEL07-MT
729359;03/11/2025;segunda-feira;06:50:00;SC;101;331,5;TUBARAO;Reação tardia ou ineficiente do condutor;Colisão lateral mesmo sentido;Com Vítimas Feridas;Pleno dia;Decrescente;Céu Claro;Múltipla;Reta;Sim;3;0;1;0;1;1;1;3;-28,4677;-49,0025;SPRF-SC;DEL02-SC;UOP01-DEL02-SC
729360;03/11/2025;segunda-feira;07:00:00;MG;365;106,7;JEQUITAI;Afundamento ou ondulação no pavimento;Saída de leito carroçável;Com Vítimas Feridas;Pleno dia;Decrescente;Chuva;Simples;Reta;Não;3;0;2;0;0;1;2;2;-17,2121077;-44,5661145;SPRF-MG;DEL12-MG;UOP01-DEL12-MG
729361;03/11/2025;segunda-feira;07:00:00;MG;365;102,3;JEQUITAI;Afundamento ou ondulação no pavimento;Saída de leito carroçável;Com Vítimas Feridas;Amanhecer;Decrescente;Chuva;Simples;Reta;Não;3;0;0;1;0;2;1;3;-17,226536;-44,528271;SPRF-MG;DEL12-MG;UOP01-DEL12-MG
729363;03/11/2025;segunda-feira;11:40:00;PA;316;152;CAPANEMA;Acesso irregular;Colisão lateral mesmo sentido;Com Vítimas Feridas;Pleno dia;Crescente;Céu Claro;Simples;Reta;Não;3;0;0;1;1;2;1;4;-1,22030067;-47,17115235;SPRF-PA;DEL01-PA;UOP03-DEL01-PA
729376;03/11/2025;segunda-feira;11:00:00;TO;10;417;PORTO NACIONAL;Ausência de reação do condutor;Queda de ocupante de veículo;Com Vítimas Feridas;Pleno dia;Decrescente;Céu Claro;Simples;Reta;Não;2;0;0;1;0;1;1;2;-10,60791;-48,37515;SPRF-TO;DEL01-TO;UOP03-DEL01-TO
729377;29/09/2025;segunda-feira;14:50:00;SC;101;129,9;CAMBORIU;Ultrapassagem Indevida;Colisão lateral mesmo sentido;Com Vítimas Feridas;Pleno dia;Crescente;Céu Claro;Dupla;Reta;Sim;3;0;1;0;1;1;1;3;-26,98281728;-48,67321014;SPRF-SC;DEL04-SC;UOP03-DEL04-SC
729384;03/11/2025;segunda-feira;10:30:00;MS;376;129;IVINHEMA;Suicídio (presumido);Colisão frontal;Com Vítimas Fatais;Pleno dia;Crescente;Sol;Simples;Reta;Não;4;1;1;0;0;2;1;4;-22,354945;-53,717258;SPRF-MS;DEL04-MS;UOP04-DEL04-MS
729388;03/11/2025;segunda-feira;13:15:00;PR;369;178,2;ROLANDIA;Ausência de reação do condutor;Colisão traseira;Com Vítimas Feridas;Pleno dia;Decrescente;Céu Claro;Dupla;Retorno Regulamentado;Não;4;0;1;0;2;1;1;3;-23,35764513;-51,39545008;SPRF-PR;DEL07-PR;UOP01-DEL07-PR
729403;03/11/2025;segunda-feira;14:20:00;PA;316;20;BENEVIDES;Ausência de reação do condutor;Colisão lateral mesmo sentido;Com Vítimas Fatais;Pleno dia;Crescente;Céu Claro;Dupla;Reta;Sim;3;1;0;1;1;0;1;2;-1,3644;-48,26711;SPRF-PA;DEL01-PA;UOP01-DEL01-PA
729407;03/11/2025;segunda-feira;12:50:00;GO;50;230;CAMPO ALEGRE DE GOIAS;Condutor Dormindo;Colisão lateral mesmo sentido;Com Vítimas Feridas;Pleno dia;Crescente;Céu Claro;Dupla;"Declive;Reta";Não;3;0;0;1;1;1;1;3;-17,802792;-47,766876;SPRF-GO;DEL06-GO;UOP01-DEL06-GO
729411;03/11/2025;segunda-feira;15:35:00;PR;116;100,7;SAO JOSE DOS PINHAIS;Demais falhas mecânicas ou elétricas;Colisão com objeto;Com Vítimas Feridas;Pleno dia;Crescente;Nublado;Dupla;"Declive;Reta";Não;2;0;1;0;1;0;1;2;-25,565831;-49,165788;SPRF-PR;DEL01-PR;UOP07-DEL01-PR
729414;03/11/2025;segunda-feira;16:00:00;SP;116;176;GUARAREMA;Objeto estático sobre o leito carroçável;Colisão com objeto;Com Vítimas Feridas;Pleno dia;Crescente;Céu Claro;Múltipla;"Declive;Reta";Não;3;0;0;1;1;1;1;3;-23,32182342;-46,11160088;SPRF-SP;DEL01-SP;UOP01-DEL01-SP
729420;03/11/2025;segunda-feira;16:41:00;TO;10;445;PALMAS;Transitar na contramão;Colisão lateral sentido oposto;Com Vítimas Feridas;Pleno dia;Decrescente;Nublado;Simples;Reta;Não;6;0;2;1;3;0;3;2;-10,39062;-48,30502;SPRF-TO;DEL01-TO;UOP03-DEL01-TO
729425;28/08/2025;quinta-feira;08:00:00;MA;135;148;MATOES DO NORTE;Ausência de reação do condutor;Colisão frontal;Com Vítimas Feridas;Pleno dia;Crescente;Céu Claro;Simples;"Em Obras;Reta;Ponte";Não;2;0;1;0;0;1;1;2;-3,7436954;-44,510176;SPRF-MA;DEL03-MA;UOP01-DEL03-MA
729430;03/11/2025;segunda-feira;16:35:00;MT;364;342;SANTO ANTONIO DO LEVERGER;Condutor deixou de manter distância do veículo da frente;Colisão traseira;Com Vítimas Feridas;Pleno dia;Crescente;Céu Claro;Dupla;Reta;Não;7;0;0;1;5;3;1;9;-15,81458965;-55,53858161;SPRF-MT;DEL05-MT;UOP02-DEL05-MT
729443;03/11/2025;segunda-feira;16:15:00;PA;230;1113;ITAITUBA;Velocidade Incompatível;Tombamento;Com Vítimas Feridas;Pleno dia;Decrescente;Céu Claro;Simples;Curva;Não;2;0;1;0;0;3;1;4;-4,398988;-55,917976;SPRF-PA;DEL05-PA;UOP02-DEL05-PA
729445;03/11/2025;segunda-feira;16:24:00;MT;163;838;SINOP;Condutor deixou de manter distância do veículo da frente;Colisão transversal;Com Vítimas Feridas;Pleno dia;Decrescente;Nublado;Simples;Reta;Não;2;0;1;0;1;0;1;2;-11,833723;-55,488071;SPRF-MT;DEL06-MT;UOP02-DEL06-MT
729447;25/10/2025;sábado;17:30:00;MS;267;481,5;JARDIM;Ausência de reação do condutor;Colisão traseira;Com Vítimas Feridas;Anoitecer;Crescente;Céu Claro;Simples;Curva;Sim;3;0;0;1;2;0;1;2;-21,48279298;-56,14377768;SPRF-MS;DEL05-MS;UOP01-DEL05-MS
729448;03/11/2025;segunda-feira;18:10:00;PR;116;55,8;CAMPINA GRANDE DO SUL;Reação tardia ou ineficiente do condutor;Colisão traseira;Com Vítimas Feridas;Anoitecer;Decrescente;Nevoeiro/Neblina;Dupla;Reta;Não;2;0;1;0;1;0;1;2;-25,28237824;-48,92814724;SPRF-PR;DEL01-PR;UOP02-DEL01-PR
729463;03/11/2025;segunda-feira;20:20:00;MG;262;356;JUATUBA;Reação tardia ou ineficiente do condutor;Colisão traseira;Com Vítimas Feridas;Plena Noite;Crescente;Nublado;Dupla;Reta;Não;3;0;1;0;1;2;1;4;-19,971865;-44,283016;SPRF-MG;DEL01-MG;UOP03-DEL01-MG
729464;03/11/2025;segunda-feira;16:30:00;MG;262;508,1;LUZ;Ausência de reação do condutor;Colisão traseira;Com Vítimas Feridas;Pleno dia;Decrescente;Céu Claro;Simples;Reta;Não;4;0;1;0;2;4;1;7;-19,78705713;-45,57678223;SPRF-MG;DEL08-MG;UOP03-DEL08-MG
729469;03/11/2025;segunda-feira;18:00:00;RS;285;589;BOSSOROCA;Ausência de reação do condutor;Tombamento;Com Vítimas Feridas;Pleno dia;Crescente;Céu Claro;Simples;Reta;Não;2;0;2;0;0;0;2;1;-28,46803306;-55,15133679;SPRF-RS;DEL12-RS;UOP01-DEL12-RS
729470;03/11/2025;segunda-feira;20:42:00;PR;153;37,8;SANTO ANTONIO DA PLATINA;Reação tardia ou ineficiente do condutor;Colisão com objeto;Sem Vítimas;Plena Noite;Crescente;Nublado;Simples;Curva;Não;1;0;0;0;1;0;0;1;-23,267666;-50,064031;SPRF-PR;DEL07-PR;UOP04-DEL07-PR
729474;03/11/2025;segunda-feira;22:02:00;PE;101;67;RECIFE;Manobra de mudança de faixa;Colisão lateral mesmo sentido;Com Vítimas Feridas;Plena Noite;Crescente;Céu Claro;Múltipla;"Aclive;Reta;Viaduto";Sim;3;0;1;0;1;1;1;3;-8,050167;-34,945833;SPRF-PE;DEL01-PE;UOP01-DEL01-PE
729476;03/11/2025;segunda-feira;19:30:00;MG;381;526,1;BRUMADINHO;Problema com o freio;Tombamento;Com Vítimas Feridas;Plena Noite;Crescente;Nublado;Dupla;"Curva;Declive";Não;2;0;1;0;0;1;1;2;-20,15191612;-44,32604738;SPRF-MG;DEL04-MG;UOP03-DEL04-MG