id;data_inversa;dia_semana;horario;uf;br;km;municipio;causa_acidente;tipo_acidente;classificacao_acidente;fase_dia;sentido_via;condicao_metereologica;tipo_pista;tracado_via;uso_solo;pessoas;mortos;feridos_leves;feridos_graves;ilesos;ignorados;feridos;veiculos;latitude;longitude;regional;delegacia;uop
731086;07/11/2025;sexta-feira;21:30:00;SC;470;128,4;RIO DO SUL;Velocidade Incompatível;Colisão com objeto;Com Vítimas Feridas;Plena Noite;Crescente;Chuva;Simples;Curva;Não;1;0;1;0;0;0;1;1;-27,1468;-49,5811056;SPRF-SC;DEL04-SC;UOP02-DEL04-SC
731087;11/11/2025;terça-feira;06:30:00;SC;101;187,4;BIGUACU;Reação tardia ou ineficiente do condutor;Colisão traseira;Com Vítimas Fatais;Pleno dia;Decrescente;Céu Claro;Múltipla;Reta;Não;5;1;1;0;1;2;1;4;-27,446843;-48,630693;SPRF-SC;DEL01-SC;UOP01-DEL01-SC
731089;11/11/2025;terça-feira;07:51:00;PR;277;363,8;GUARAPUAVA;Conversão proibida;Colisão traseira;Com Vítimas Feridas;Pleno dia;Decrescente;Céu Claro;Simples;Reta;Não;4;0;0;1;1;2;1;4;-25,427517;-51,596439;SPRF-PR;DEL08-PR;UOP01-DEL08-PR
731096;11/11/2025;terça-feira;08:30:00;GO;20;212,4;POSSE;Ultrapassagem Indevida;Colisão frontal;Com Vítimas Feridas;Pleno dia;Decrescente;Céu Claro;Simples;"Reta;Aclive";Não;3;0;1;0;2;0;1;2;-14,25;-46,36;SPRF-DF;DEL02-DF;UOP03-DEL02-DF
731097;07/11/2025;sexta-feira;13:00:00;PR;376;499;PONTA GROSSA;Ausência de reação do condutor;Colisão traseira;Com Vítimas Feridas;Pleno dia;Crescente;Céu Claro;Dupla;"Declive;Reta";Não;3;0;0;1;1;3;1;5;-25,170385;-50,109466;SPRF-PR;DEL03-PR;UOP04-DEL03-PR
731098;11/11/2025;terça-feira;09:15:00;PE;101;71,1;RECIFE;Condutor deixou de manter distância do veículo da frente;Engavetamento;Com Vítimas Feridas;Pleno dia;Crescente;Céu Claro;Dupla;Reta;Sim;9;0;2;0;6;1;2;7;-8,07768;-34,94293;SPRF-PE;DEL01-PE;UOP01-DEL01-PE
731100;26/08/2025;terça-feira;23:40:00;SP;116;135,1;SAO JOSE DOS CAMPOS;Ausência de reação do condutor;Colisão traseira;Com Vítimas Fatais;Plena Noite;Decrescente;Céu Claro;Dupla;Reta;Não;4;1;0;0;2;3;0;6;-23,1468378;-45,7722135;SPRF-SP;DEL02-SP;UOP01-DEL02-SP
731103;11/11/2025;terça-feira;09:50:00;SC;101;207;SAO JOSE;Velocidade Incompatível;Colisão lateral mesmo sentido;Com Vítimas Feridas;Pleno dia;Crescente;Céu Claro;Múltipla;Reta;Sim;2;0;1;0;1;0;1;2;-27,59314792;-48,61859735;SPRF-SC;DEL01-SC;UOP01-DEL01-SC
731107;11/11/2025;terça-feira;03:30:00;SP;116;369;MIRACATU;Ausência de reação do condutor;Colisão transversal;Sem Vítimas;Pleno dia;Decrescente;Ignorado;Dupla;Reta;Sim;3;0;0;0;2;3;0;5;-24,15140844;-47,31476784;SPRF-SP;DEL04-SP;UOP02-DEL04-SP
731112;11/11/2025;terça-feira;09:00:00;MT;163;947,4;NOVA SANTA HELENA;Ultrapassagem Indevida;Colisão transversal;Com Vítimas Feridas;Pleno dia;Decrescente;Sol;Simples;Reta;Não;8;0;4;0;4;0;4;4;-10,9195;-55,2015;SPRF-MT;DEL06-MT;UOP02-DEL06-MT
731116;11/11/2025;terça-feira;11:20:00;PR;277;663,1;MATELANDIA;Velocidade Incompatível;Saída de leito carroçável;Com Vítimas Fatais;Pleno dia;Decrescente;Sol;Dupla;Reta;Não;7;1;0;1;3;2;1;6;-25,25217;-54,00264;SPRF-PR;DEL05-PR;UOP02-DEL05-PR
731121;10/11/2025;segunda-feira;03:45:00;MG;50;198;DELTA;Demais falhas mecânicas ou elétricas;Incêndio;Sem Vítimas;Plena Noite;Crescente;Céu Claro;Dupla;Reta;Não;1;0;0;0;1;0;0;1;-19,94374995;-47,81005081;SPRF-MG;DEL13-MG;UOP01-DEL13-MG
731129;11/11/2025;terça-feira;05:00:00;TO;230;128,5;ARAGUATINS;Velocidade Incompatível;Tombamento;Com Vítimas Feridas;Amanhecer;Crescente;Céu Claro;Simples;Curva;Não;1;0;0;1;0;0;1;1;-5,77871323;-48,02752376;SPRF-TO;DEL02-TO;UOP03-DEL02-TO
731133;11/11/2025;terça-feira;12:15:00;SP;459;16;PIQUETE;Acessar a via sem observar a presença dos outros veículos;Colisão transversal;Com Vítimas Feridas;Pleno dia;Crescente;Céu Claro;Simples;Reta;Não;2;0;1;0;1;0;1;2;-22,61413765;-45,17643361;SPRF-SP;DEL08-SP;UOP02-DEL08-SP
731134;11/11/2025;terça-feira;12:55:00;RS;290;13,1;SANTO ANTONIO DA PATRULHA;Condutor Dormindo;Saída de leito carroçável;Com Vítimas Feridas;Pleno dia;Decrescente;Céu Claro;Dupla;Reta;Não;1;0;1;0;0;0;1;1;-29,874547;-50,397198;SPRF-RS;DEL03-RS;UOP01-DEL03-RS
731137;11/11/2025;terça-feira;13:15:00;PB;101;70,8;SANTA RITA;Velocidade Incompatível;Saída de leito carroçável;Com Vítimas Fatais;Pleno dia;Crescente;Céu Claro;Dupla;"Reta;Declive";Não;7;3;0;0;3;2;0;4;-7,06792324;-35,00440434;SPRF-PB;DEL01-PB;UOP03-DEL01-PB
731140;05/11/2025;quarta-feira;12:20:00;SC;163;96,6;SAO JOSE DO CEDRO;Transitar na contramão;Colisão frontal;Com Vítimas Feridas;Pleno dia;Decrescente;Céu Claro;Simples;"Declive;Curva";Não;4;0;0;2;1;1;2;4;-26,51179696;-53,51340542;SPRF-SC;DEL07-SC;UOP03-DEL07-SC
731143;15/10/2025;quarta-feira;11:00:00;SC;116;187;SAO CRISTOVAO DO SUL;Demais falhas mecânicas ou elétricas;Tombamento;Com Vítimas Feridas;Pleno dia;Crescente;Céu Claro;Simples;"Declive;Curva";Não;2;0;1;0;0;1;1;2;-27,31896;-50,42382;SPRF-SC;DEL05-SC;UOP03-DEL05-SC
731147;11/11/2025;terça-feira;13:49:00;MT;163;649;LUCAS DO RIO VERDE;Ausência de reação do condutor;Saída de leito carroçável;Com Vítimas Feridas;Pleno dia;Crescente;Chuva;Simples;"Em Obras;Reta";Não;4;0;0;1;2;2;1;5;-13,382572;-56,088322;SPRF-MT;DEL06-MT;UOP01-DEL06-MT
731150;16/10/2025;quinta-feira;18:16:00;SC;282;157;BOM RETIRO;Acessar a via sem observar a presença dos outros veículos;Colisão transversal;Sem Vítimas;Anoitecer;Crescente;Nublado;Simples;Reta;Não;4;0;0;0;3;1;0;2;-27,742624;-49,727013;SPRF-SC;DEL05-SC;UOP01-DEL05-SC
731152;22/10/2025;quarta-feira;09:30:00;BA;324;608;SIMOES FILHO;Condutor deixou de manter distância do veículo da frente;Engavetamento;Com Vítimas Feridas;Pleno dia;Crescente;Chuva;Dupla;Reta;Não;5;0;2;0;3;0;2;4;-12,8360128;-38,4136011;SPRF-BA;DEL01-BA;UOP01-DEL01-BA
731155;11/11/2025;terça-feira;15:00:00;PR;116;100;SAO JOSE DOS PINHAIS;Trafegar com motocicleta (ou similar) entre as faixas;Colisão lateral mesmo sentido;Com Vítimas Fatais;Pleno dia;Decrescente;Sol;Dupla;Reta;Não;3;1;0;0;1;1;0;3;-25,565096;-49,1598128;SPRF-PR;DEL01-PR;UOP07-DEL01-PR
731159;11/11/2025;terça-feira;13:30:00;BA;116;887,9;PLANALTO;Condutor Dormindo;Colisão lateral sentido oposto;Com Vítimas Feridas;Pleno dia;Crescente;Céu Claro;Simples;Reta;Não;5;0;3;0;1;1;3;3;-14,6956;-40,57354;SPRF-BA;DEL08-BA;UOP03-DEL08-BA
731162;11/11/2025;terça-feira;14:28:00;ES;101;146,2;LINHARES;Ausência de reação do condutor;Colisão traseira;Com Vítimas Feridas;Pleno dia;Crescente;Céu Claro;Múltipla;Reta;Sim;2;0;0;1;1;0;1;2;-19,37205517;-40,06592015;SPRF-ES;DEL04-ES;UOP01-DEL04-ES
731164;11/11/2025;terça-feira;16:30:00;ES;101;62,1;SAO MATEUS;Manobra de mudança de faixa;Colisão lateral mesmo sentido;Com Vítimas Feridas;Pleno dia;Decrescente;Céu Claro;Múltipla;Curva;Não;2;0;0;1;0;1;1;2;-18,69063194;-39,8616999;SPRF-ES;DEL04-ES;UOP02-DEL04-ES
731165;26/10/2025;domingo;22:10:00;RJ;101;313;SAO GONCALO;Pedestre cruzava a pista fora da faixa;Atropelamento de Pedestre;Com Vítimas Fatais;Plena Noite;Decrescente;Céu Claro;Dupla;Reta;Sim;2;1;0;0;0;1;0;2;-22,81416244;-43,07516098;SPRF-RJ;DEL02-RJ;UOP02-DEL02-RJ
731177;11/11/2025;terça-feira;16:15:00;PR;376;321;ORTIGUEIRA;Reação tardia ou ineficiente do condutor;Colisão traseira;Com Vítimas Feridas;Pleno dia;Decrescente;Céu Claro;Simples;Reta;Não;3;0;1;0;1;4;1;6;-24,04546854;-51,07512665;SPRF-PR;DEL07-PR;UOP02-DEL07-PR
731178;11/11/2025;terça-feira;14:40:00;PA;155;309;MARABA;Reação tardia ou ineficiente do condutor;Saída de leito carroçável;Com Vítimas Feridas;Pleno dia;Decrescente;Céu Claro;Simples;Declive;Não;4;0;3;0;1;0;3;2;-5,62871307;-49,09521818;SPRF-PA;DEL03-PA;UOP01-DEL03-PA
731183;11/11/2025;terça-feira;15:00:00;MG;381;160,2;GOVERNADOR VALADARES;Acesso irregular;Colisão traseira;Com Vítimas Feridas;Pleno dia;Crescente;Sol;Simples;Curva;Não;3;0;1;0;2;0;1;2;-18,92934777;-42,04370087;SPRF-MG;DEL06-MG;UOP01-DEL06-MG
731184;11/11/2025;terça-feira;17:10:00;ES;101;161,1;LINHARES;Ultrapassagem Indevida;Colisão frontal;Com Vítimas Fatais;Pleno dia;Crescente;Nublado;Simples;Reta;Não;2;1;0;0;1;0;0;2;-19,48465;-40,12098;SPRF-ES;DEL04-ES;UOP01-DEL04-ES
731187;11/11/2025;terça-feira;17:40:00;SC;101;34;SAO JOSE;Manobra de mudança de faixa;Colisão lateral mesmo sentido;Com Vítimas Feridas;Pleno dia;Decrescente;Céu Claro;Dupla;Reta;Não;2;0;1;0;1;0;1;2;-27,609135;-48,694822;SPRF-SC;DEL01-SC;UOP02-DEL01-SC
731188;11/11/2025;terça-feira;16:40:00;MS;163;125,1;NAVIRAI;Ausência de reação do condutor;Colisão traseira;Sem Vítimas;Pleno dia;Decrescente;Céu Claro;Simples;Aclive;Não;3;0;0;0;2;3;0;5;-23,070917;-54,230225;SPRF-MS;DEL09-MS;UOP01-DEL09-MS
731189;11/11/2025;terça-feira;13:40:00;AL;101;191;JUNQUEIRO;Acessar a via sem observar a presença dos outros veículos;Colisão transversal;Com Vítimas Feridas;Pleno dia;Crescente;Céu Claro;Simples;"Reta;Em Obras";Sim;7;0;2;1;3;1;3;4;-9,929423;-36,471997;SPRF-AL;DEL02-AL;UOP02-DEL02-AL
731190;11/11/2025;terça-feira;17:31:00;SP;153;71;SAO JOSE DO RIO PRETO;Manobra de mudança de faixa;Colisão traseira;Com Vítimas Feridas;Pleno dia;Decrescente;Sol;Dupla;Reta;Sim;3;0;1;0;1;1;1;3;-20,869709;-49,415215;SPRF-SP;DEL09-SP;UOP01-DEL09-SP
731191;11/11/2025;terça-feira;16:30:00;PR;376;591;CURITIBA;Acessar a via sem observar a presença dos outros veículos;Colisão lateral mesmo sentido;Com Vítimas Feridas;Pleno dia;Decrescente;Céu Claro;Simples;Retorno Regulamentado;Não;3;0;1;0;2;0;1;2;-25,43299932;-49,36557261;SPRF-PR;DEL01-PR;UOP06-DEL01-PR
731197;11/11/2025;terça-feira;17:25:00;SC;101;274;IMBITUBA;Reação tardia ou ineficiente do condutor;Colisão lateral mesmo sentido;Com Vítimas Feridas;Pleno dia;Crescente;Céu Claro;Múltipla;Reta;Sim;4;0;1;0;1;2;1;4;-28,141503;-48,692588;SPRF-SC;DEL02-SC;UOP03-DEL02-SC
731198;11/11/2025;terça-feira;18:15:00;GO;153;435,5;ANAPOLIS;Avarias e/ou desgaste excessivo no pneu;Colisão com objeto;Com Vítimas Feridas;Anoitecer;Crescente;Chuva;Dupla;"Reta;Declive";Sim;2;0;2;0;0;0;2;1;-16,29076;-48,935978;SPRF-GO;DEL02-GO;UOP01-DEL02-GO
731201;11/11/2025;terça-feira;18:35:00;SP;116;355;MIRACATU;Velocidade Incompatível;Capotamento;Com Vítimas Feridas;Plena Noite;Crescente;Céu Claro;Dupla;Curva;Não;2;0;1;0;0;1;1;2;-24,0869302;-47,2553965;SPRF-SP;DEL04-SP;UOP03-DEL04-SP
731205;11/11/2025;terça-feira;17:30:00;MS;262;407,9;TERENOS;Reação tardia ou ineficiente do condutor;Saída de leito carroçável;Sem Vítimas;Pleno dia;Decrescente;Céu Claro;Simples;Reta;Não;1;0;0;0;1;0;0;1;-20,436314;-55,096193;SPRF-MS;DEL01-MS;UOP03-DEL01-MS
731210;11/11/2025;terça-feira;19:30:00;SP;116;228,8;SAO PAULO;Manobra de mudança de faixa;Colisão lateral mesmo sentido;Com Vítimas Feridas;Plena Noite;Decrescente;Nublado;Múltipla;Aclive;Sim;2;0;1;0;1;0;1;2;-23,50511532;-46,56853136;SPRF-SP;DEL01-SP;UOP01-DEL01-SP
731211;11/11/2025;terça-feira;18:26:00;MG;40;571,4;ITABIRITO;Manobra de mudança de faixa;Colisão lateral mesmo sentido;Com Vítimas Feridas;Plena Noite;Crescente;Nublado;Simples;Reta;Sim;5;0;1;0;2;2;1;4;-20,228742;-43,969097;SPRF-MG;DEL01-MG;UOP02-DEL01-MG
731213;11/11/2025;terça-feira;15:50:00;MG;40;752;EWBANK DA CAMARA;Reação tardia ou ineficiente do condutor;Colisão traseira;Com Vítimas Feridas;Pleno dia;Crescente;Sol;Simples;"Reta;Aclive";Não;4;0;2;0;1;1;2;3;-21,53772119;-43,51135254;SPRF-MG;DEL05-MG;UOP01-DEL05-MG
731217;11/11/2025;terça-feira;16:05:00;PR;369;381;MAMBORE;Reação tardia ou ineficiente do condutor;Colisão lateral mesmo sentido;Com Vítimas Feridas;Pleno dia;Decrescente;Céu Claro;Simples;Reta;Não;3;0;0;1;0;2;1;3;-24,30374;-52,59662;SPRF-PR;DEL04-PR;UOP03-DEL04-PR
731218;11/11/2025;terça-feira;08:50:00;RJ;393;274;BARRA DO PIRAI;Velocidade Incompatível;Tombamento;Com Vítimas Feridas;Pleno dia;Crescente;Sol;Simples;"Declive;Curva";Não;2;0;0;1;0;1;1;2;-22,4742917;-43,993755;SPRF-RJ;DEL05-RJ;UOP04-DEL05-RJ
731221;11/11/2025;terça-feira;18:30:00;BA;110;358;CATU;Transitar na contramão;Colisão frontal;Com Vítimas Fatais;Plena Noite;Decrescente;Nublado;Simples;Curva;Não;4;1;0;0;2;2;0;5;-12,28571;-38,37614;SPRF-BA;DEL01-BA;UOP04-DEL01-BA
731225;11/11/2025;terça-feira;21:35:00;GO;60;172;ABADIA DE GOIAS;Ausência de reação do condutor;Colisão traseira;Com Vítimas Fatais;Plena Noite;Decrescente;Nublado;Dupla;"Reta;Aclive";Não;3;1;0;0;1;1;0;3;-16,7468304;-49,4224732;SPRF-GO;DEL01-GO;UOP02-DEL01-GO
731229;11/11/2025;terça-feira;19:30:00;SC;101;139;BALNEARIO CAMBORIU;Condutor deixou de manter distância do veículo da frente;Colisão traseira;Com Vítimas Feridas;Plena Noite;Crescente;Nublado;Dupla;"Curva;Aclive";Sim;2;0;0;1;0;1;1;2;-27,03380416;-48,60079305;SPRF-SC;DEL04-SC;UOP03-DEL04-SC
731230;11/11/2025;terça-feira;17:20:00;RO;364;852;PORTO VELHO;Demais falhas mecânicas ou elétricas;Incêndio;Sem Vítimas;Pleno dia;Decrescente;Sol;Simples;Reta;Não;1;0;0;0;1;0;0;1;-9,478988;-64,773137;SPRF-RO;DEL01-RO;UOP02-DEL01-RO
731235;11/11/2025;terça-feira;22:30:00;PR;277;0,5;PARANAGUA;Reação tardia ou ineficiente do condutor;Colisão traseira;Com Vítimas Feridas;Plena Noite;Decrescente;Nublado;Dupla;Reta;Sim;2;0;1;0;1;0;1;2;-25,55514811;-48,55892155;SPRF-PR;DEL01-PR;UOP05-DEL01-PR
731246;12/11/2025;quarta-feira;00:20:00;SC;101;132;BALNEARIO CAMBORIU;Pedestre cruzava a pista fora da faixa;Atropelamento de Pedestre;Com Vítimas Feridas;Plena Noite;Crescente;Nublado;Múltipla;Reta;Não;2;0;0;1;0;1;1;2;-27,00047133;-48,6423111;SPRF-SC;DEL04-SC;UOP03-DEL04-SC
731253;12/11/2025;quarta-feira;02:30:00;PI;222;50,4;BRASILEIRA;Desvio temporário;Tombamento;Com Vítimas Feridas;Plena Noite;Crescente;Céu Claro;Simples;Reta;Não;1;0;1;0;0;0;1;1;-4,130738;-41,60959;SPRF-PI;DEL02-PI;UOP01-DEL02-PI
731254;12/11/2025;quarta-feira;01:47:00;MT;364;133;PEDRA PRETA;Ausência de reação do condutor;Tombamento;Com Vítimas Fatais;Plena Noite;Crescente;Céu Claro;Simples;"Declive;Curva";Não;2;1;0;0;0;2;0;3;-16,7827169;-54,1640326;SPRF-MT;DEL02-MT;UOP01-DEL02-MT
731256;12/11/2025;quarta-feira;04:50:00;PR;376;667,5;GUARATUBA;Demais falhas mecânicas ou elétricas;Colisão lateral mesmo sentido;Com Vítimas Fatais;Plena Noite;Crescente;Nublado;Simples;"Declive;Em Obras;Curva";Não;20;1;13;3;1;2;16;5;-25,8634447;-48,9357855;SPRF-PR;DEL01-PR;UOP04-DEL01-PR
731258;12/11/2025;quarta-feira;00:30:00;RS;0;0;SANTANA DO LIVRAMENTO;Animais na Pista;Derramamento de carga;Sem Vítimas;Plena Noite;Não Informado;Céu Claro;Simples;Reta;Não;2;0;0;0;1;2;0;3;-30,73924133;-55,77508642;SPRF-RS;DEL11-RS;UOP01-DEL11-RS
731262;12/11/2025;quarta-feira;05:15:00;PR;376;487;PONTA GROSSA;Ausência de reação do condutor;Saída de leito carroçável;Com Vítimas Feridas;Amanhecer;Decrescente;Céu Claro;Dupla;"Reta;Declive";Não;2;0;1;0;0;1;1;2;-25,120178;-50,184962;SPRF-PR;DEL03-PR;UOP04-DEL03-PR
731264;12/11/2025;quarta-feira;05:40:00;SP;116;545;BARRA DO TURVO;Velocidade Incompatível;Tombamento;Com Vítimas Feridas;Pleno dia;Decrescente;Céu Claro;Simples;"Declive;Curva";Não;2;0;1;0;0;2;1;3;-24,96664982;-48,45043874;SPRF-SP;DEL05-SP;UOP02-DEL05-SP
731265;03/11/2025;segunda-feira;13:05:00;MS;158;28;PARANAIBA;Pedestre andava na pista;Atropelamento de Pedestre;Com Vítimas Feridas;Pleno dia;Crescente;Céu Claro;Simples;Reta;Não;3;0;0;1;1;1;1;3;-19,21863283;-51,52382188;SPRF-MS;DEL08-MS;UOP01-DEL08-MS
731267;12/11/2025;quarta-feira;05:45:00;RO;364;6;VILHENA;Acessar a via sem observar a presença dos outros veículos;Colisão traseira;Com Vítimas Feridas;Pleno dia;Crescente;Nublado;Simples;Reta;Não;3;0;1;0;1;3;1;5;-12,78266012;-60,0909555;SPRF-RO;DEL04-RO;UOP01-DEL04-RO
731291;12/11/2025;quarta-feira;05:30:00;RJ;40;21;TRES RIOS;Condutor Dormindo;Saída de leito carroçável;Com Vítimas Feridas;Amanhecer;Decrescente;Céu Claro;Dupla;Reta;Sim;3;0;2;0;1;0;2;1;-22,120123;-43,15973;SPRF-RJ;DEL05-RJ;UOP02-DEL05-RJ
731299;12/11/2025;quarta-feira;06:30:00;RJ;116;188;NOVA IGUACU;Ausência de reação do condutor;Colisão traseira;Com Vítimas Feridas;Pleno dia;Decrescente;Céu Claro;Dupla;Reta;Sim;7;0;1;1;5;0;2;4;-22,73823947;-43,48279238;SPRF-RJ;DEL06-RJ;UOP01-DEL06-RJ
731300;12/11/2025;quarta-feira;08:50:00;DF;60;4;BRASILIA;Acessar a via sem observar a presença dos outros veículos;Colisão transversal;Com Vítimas Feridas;Pleno dia;Decrescente;Céu Claro;Múltipla;"Retorno Regulamentado;Reta";Sim;2;0;1;0;1;0;1;2;-15,892397;-48,094857;SPRF-DF;DEL03-DF;UOP01-DEL03-DF
731302;12/11/2025;quarta-feira;07:40:00;BA;116;357;SERRINHA;Conversão proibida;Colisão transversal;Com Vítimas Feridas;Pleno dia;Crescente;Chuva;Simples;"Interseção de Vias;Declive";Sim;2;0;0;1;1;0;1;2;-11,6506488;-38,99146494;SPRF-BA;DEL02-BA;UOP01-DEL02-BA
731305;12/11/2025;quarta-feira;10:25:00;SP;116;157;SAO JOSE DOS CAMPOS;Ausência de reação do condutor;Colisão lateral mesmo sentido;Com Vítimas Feridas;Pleno dia;Crescente;Sol;Múltipla;Reta;Não;3;0;1;0;1;1;1;3;-23,25763;-45,94707;SPRF-SP;DEL02-SP;UOP01-DEL02-SP
731306;12/11/2025;quarta-feira;10:00:00;SC;101;130,4;BALNEARIO CAMBORIU;Ausência de reação do condutor;Colisão traseira;Sem Vítimas;Pleno dia;Decrescente;Nublado;Dupla;Reta;Não;2;0;0;0;0;2;0;2;-26,99263891;-48,66097625;SPRF-SC;DEL04-SC;UOP03-DEL04-SC
731310;12/11/2025;quarta-feira;11:30:00;ES;262;65,7;MARECHAL FLORIANO;Acessar a via sem observar a presença dos outros veículos;Colisão transversal;Com Vítimas Feridas;Pleno dia;Decrescente;Sol;Simples;Retorno Regulamentado;Não;2;0;1;0;1;0;1;2;-20,41261264;-40,83152867;SPRF-ES;DEL01-ES;UOP02-DEL01-ES
731316;12/11/2025;quarta-feira;10:20:00;TO;10;475,7;PALMAS;Mal súbito do condutor;Colisão frontal;Com Vítimas Feridas;Pleno dia;Crescente;Céu Claro;Simples;"Reta;Declive";Não;4;0;1;1;2;0;2;3;-10,236223;-48,22063;SPRF-TO;DEL01-TO;UOP03-DEL01-TO
731321;12/11/2025;quarta-feira;12:45:00;MG;381;832;SAO SEBASTIAO DA BELA VISTA;Reação tardia ou ineficiente do condutor;Saída de leito carroçável;Com Vítimas Feridas;Pleno dia;Crescente;Sol;Dupla;Reta;Não;1;0;1;0;0;0;1;1;-22,1266728;-45,79891205;SPRF-MG;DEL16-MG;UOP01-DEL16-MG
731329;12/11/2025;quarta-feira;08:45:00;RO;364;514,6;ARIQUEMES;Reação tardia ou ineficiente do condutor;Colisão transversal;Sem Vítimas;Pleno dia;Crescente;Nublado;Simples;Reta;Sim;3;0;0;0;2;1;0;3;-9,927876;-63,054237;SPRF-RO;DEL03-RO;UOP01-DEL03-RO
731331;12/11/2025;quarta-feira;11:58:00;RJ;40;114;DUQUE DE CAXIAS;Ausência de reação do condutor;Colisão traseira;Com Vítimas Feridas;Pleno dia;Crescente;Céu Claro;Dupla;Reta;Sim;2;0;1;0;1;0;1;2;-22,71651898;-43,29009651;SPRF-RJ;DEL01-RJ;UOP02-DEL01-RJ
731332;08/11/2025;sábado;11:00:00;PR;116;66,1;QUATRO BARRAS;Manobra de mudança de faixa;Engavetamento;Com Vítimas Feridas;Pleno dia;Decrescente;Sol;Dupla;Reta;Não;5;0;2;0;1;5;2;7;-25,31058882;-49,01249886;SPRF-PR;DEL01-PR;UOP02-DEL01-PR
731338;12/11/2025;quarta-feira;14:40:00;BA;324;581;CANDEIAS;Velocidade Incompatível;Engavetamento;Sem Vítimas;Pleno dia;Decrescente;Chuva;Dupla;Reta;Não;5;0;0;0;4;1;0;5;-12,610725;-38,490763;SPRF-BA;DEL01-BA;UOP01-DEL01-BA
731342;12/11/2025;quarta-feira;08:30:00;SP;153;228,6;MARILIA;Ultrapassagem Indevida;Colisão lateral sentido oposto;Com Vítimas Feridas;Pleno dia;Decrescente;Céu Claro;Simples;Reta;Não;5;0;0;1;3;2;1;6;-22,07203916;-49,90149021;SPRF-SP;DEL07-SP;UOP02-DEL07-SP
731346;12/11/2025;quarta-feira;11:45:00;MA;135;181,4;SAO MATEUS DO MARANHAO;Acessar a via sem observar a presença dos outros veículos;Colisão transversal;Com Vítimas Feridas;Pleno dia;Decrescente;Céu Claro;Simples;"Reta;Em Obras";Sim;4;0;2;0;2;0;2;2;-4,032692;-44,466128;SPRF-MA;DEL03-MA;UOP01-DEL03-MA
731347;12/11/2025;quarta-feira;15:40:00;RJ;101;237;SILVA JARDIM;Demais falhas mecânicas ou elétricas;Saída de leito carroçável;Com Vítimas Feridas;Pleno dia;Crescente;Céu Claro;Dupla;Curva;Sim;2;0;1;0;1;0;1;1;-22,6801081;-42,52611939;SPRF-RJ;DEL02-RJ;UOP03-DEL02-RJ
731348;12/11/2025;quarta-feira;15:35:00;ES;101;270;SERRA;Ausência de reação do condutor;Colisão traseira;Com Vítimas Feridas;Pleno dia;Crescente;Céu Claro;Dupla;Interseção de Vias;Não;3;0;1;0;1;2;1;4;-20,04885;-40,3866983;SPRF-ES;DEL02-ES;UOP01-DEL02-ES
731349;12/11/2025;quarta-feira;12:00:00;BA;101;944;MUCURI;Ausência de reação do condutor;Colisão lateral sentido oposto;Com Vítimas Feridas;Pleno dia;Crescente;Céu Claro;Simples;Reta;Não;4;0;0;2;1;3;2;5;-18,11844477;-39,88861084;SPRF-BA;DEL09-BA;UOP02-DEL09-BA
731351;12/11/2025;quarta-feira;15:40:00;SP;116;229;SAO PAULO;Reação tardia ou ineficiente do condutor;Colisão traseira;Com Vítimas Feridas;Pleno dia;Crescente;Céu Claro;Múltipla;Reta;Sim;3;0;0;1;1;1;1;3;-23,50891297;-46,57278299;SPRF-SP;DEL01-SP;UOP01-DEL01-SP
731354;17/10/2025;sexta-feira;12:00:00;SP;381;38;ATIBAIA;Reação tardia ou ineficiente do condutor;Colisão lateral mesmo sentido;Com Vítimas Feridas;Pleno dia;Decrescente;Nublado;Dupla;"Declive;Reta";Sim;5;0;1;0;3;1;1;5;-23,11138392;-46,57130778;SPRF-SP;DEL03-SP;UOP01-DEL03-SP
731358;12/11/2025;quarta-feira;16:00:00;SP;381;42;ATIBAIA;Acumulo de óleo sobre o pavimento;Queda de ocupante de veículo;Com Vítimas Feridas;Pleno dia;Crescente;Sol;Múltipla;Reta;Sim;2;0;1;0;1;0;1;2;-23,15302318;-46,57409459;SPRF-SP;DEL03-SP;UOP01-DEL03-SP
731361;12/11/2025;quarta-feira;16:10:00;BA;110;185;RIBEIRA DO POMBAL;Acessar a via sem observar a presença dos outros veículos;Colisão transversal;Com Vítimas Fatais;Pleno dia;Decrescente;Céu Claro;Simples;"Aclive;Interseção de Vias;Reta";Não;5;1;0;4;0;0;4;3;-10,929357;-38,518807;SPRF-BA;DEL07-BA;UOP02-DEL07-BA
731362;12/11/2025;quarta-feira;14:05:00;MT;163;629;NOVA MUTUM;Acessar a via sem observar a presença dos outros veículos;Colisão transversal;Com Vítimas Feridas;Pleno dia;Crescente;Céu Claro;Simples;"Em Obras;Reta";Não;24;0;1;0;22;3;1;5;-13,544844;-56,027301;SPRF-MT;DEL01-MT;UOP01-DEL01-MT
731363;12/11/2025;quarta-feira;15:45:00;PE;104;65,1;CARUARU;Condutor deixou de manter distância do veículo da frente;Colisão traseira;Com Vítimas Feridas;Pleno dia;Crescente;Céu Claro;Dupla;Reta;Sim;2;0;1;0;1;0;1;2;-8,27928;-35,98141;SPRF-PE;DEL02-PE;UOP01-DEL02-PE
731366;12/11/2025;quarta-feira;14:20:00;AL;101;16,5;NOVO LINO;Afundamento ou ondulação no pavimento;Colisão com objeto;Com Vítimas Feridas;Pleno dia;Crescente;Céu Claro;Dupla;Curva;Não;2;0;0;1;0;1;1;2;-9,0031144;-35,67556255;SPRF-AL;DEL01-AL;UOP02-DEL01-AL