id;data_inversa;dia_semana;horario;uf;br;km;municipio;causa_acidente;tipo_acidente;classificacao_acidente;fase_dia;sentido_via;condicao_metereologica;tipo_pista;tracado_via;uso_solo;pessoas;mortos;feridos_leves;feridos_graves;ilesos;ignorados;feridos;veiculos;latitude;longitude;regional;delegacia;uop
731367;12/11/2025;quarta-feira;12:00:00;RR;174;283,8;CARACARAI;Problema na suspensão;Tombamento;Com Vítimas Feridas;Pleno dia;Crescente;Sol;Simples;Reta;Não;2;0;1;0;0;2;1;3;1,4051737;-60,6545219;SPRF-RR;DEL01-RR;UOP01-DEL01-RR
731368;12/11/2025;quarta-feira;14:20:00;MT;364;160;PEDRA PRETA;Condutor Dormindo;Saída de leito carroçável;Com Vítimas Feridas;Pleno dia;Decrescente;Céu Claro;Simples;Reta;Não;2;0;0;1;0;1;1;2;-16,6676858;-54,3097906;SPRF-MT;DEL02-MT;UOP01-DEL02-MT
731370;12/11/2025;quarta-feira;15:20:00;PI;343;347;TERESINA;Manobra de mudança de faixa;Colisão lateral mesmo sentido;Com Vítimas Feridas;Pleno dia;Decrescente;Céu Claro;Dupla;Ponte;Sim;3;0;1;0;2;0;1;3;-5,11480481;-42,77848411;SPRF-PI;DEL01-PI;UOP01-DEL01-PI
731374;12/11/2025;quarta-feira;17:05:00;SC;101;77,5;ARAQUARI;Ingestão de álcool pelo condutor;Colisão transversal;Sem Vítimas;Pleno dia;Decrescente;Céu Claro;Dupla;Curva;Não;2;0;0;0;1;1;0;2;-26,573791;-48,722654;SPRF-SC;DEL03-SC;UOP02-DEL03-SC
731381;12/11/2025;quarta-feira;14:20:00;MA;316;560,1;CAXIAS;Condutor Dormindo;Colisão lateral sentido oposto;Com Vítimas Feridas;Pleno dia;Crescente;Sol;Simples;Curva;Não;2;0;1;0;1;0;1;2;-4,8745065;-43,3873646;SPRF-MA;DEL03-MA;UOP02-DEL03-MA
731385;12/11/2025;quarta-feira;15:10:00;BA;116;716,2;MANOEL VITORINO;Ausência de reação do condutor;Tombamento;Sem Vítimas;Pleno dia;Decrescente;Nublado;Simples;Curva;Não;2;0;0;0;1;1;0;2;-14,18426225;-40,26328325;SPRF-BA;DEL08-BA;UOP02-DEL08-BA
731395;12/11/2025;quarta-feira;17:15:00;GO;153;682,2;ITUMBIARA;Demais falhas mecânicas ou elétricas;Incêndio;Sem Vítimas;Pleno dia;Crescente;Céu Claro;Dupla;Reta;Não;3;0;0;0;2;1;0;2;-18,233924;-49,260655;SPRF-GO;DEL03-GO;UOP02-DEL03-GO
731397;12/11/2025;quarta-feira;19:00:00;ES;101;222,7;IBIRACU;Acessar a via sem observar a presença dos outros veículos;Atropelamento de Pedestre;Com Vítimas Feridas;Plena Noite;Crescente;Céu Claro;Simples;"Reta;Ponte";Não;2;0;0;1;0;1;1;2;-19,8727221;-40,4126417;SPRF-ES;DEL02-ES;UOP01-DEL02-ES
731398;12/11/2025;quarta-feira;16:30:00;MT;163;880;CLAUDIA;Ultrapassagem Indevida;Saída de leito carroçável;Com Vítimas Feridas;Pleno dia;Crescente;Céu Claro;Simples;"Reta;Aclive";Não;2;0;1;0;0;1;1;2;-11,490757;-55,362977;SPRF-MT;DEL06-MT;UOP02-DEL06-MT
731415;12/11/2025;quarta-feira;12:49:00;PI;316;276;DOM EXPEDITO LOPES;Demais falhas mecânicas ou elétricas;Saída de leito carroçável;Com Vítimas Feridas;Pleno dia;Decrescente;Céu Claro;Simples;"Interseção de Vias;Reta;Aclive";Não;2;0;1;0;0;1;1;2;-6,955993;-41,71697;SPRF-PI;DEL04-PI;UOP01-DEL04-PI
731417;12/11/2025;quarta-feira;20:57:00;MG;381;487;BETIM;Condutor deixou de manter distância do veículo da frente;Engavetamento;Com Vítimas Feridas;Plena Noite;Crescente;Céu Claro;Múltipla;"Declive;Reta";Sim;5;0;1;0;2;2;1;5;-19,95647722;-44,11880918;SPRF-MG;DEL01-MG;UOP03-DEL01-MG
731419;12/11/2025;quarta-feira;17:15:00;SC;116;304,1;CAPAO ALTO;Reação tardia ou ineficiente do condutor;Saída de leito carroçável;Com Vítimas Feridas;Pleno dia;Crescente;Nublado;Simples;"Curva;Declive";Não;2;0;1;0;0;2;1;3;-28,19563;-50,71815;SPRF-SC;DEL05-SC;UOP02-DEL05-SC
731420;12/11/2025;quarta-feira;19:40:00;PR;376;161;MANDAGUACU;Manobra de mudança de faixa;Colisão lateral mesmo sentido;Com Vítimas Feridas;Plena Noite;Decrescente;Nublado;Dupla;"Reta;Aclive";Não;4;0;1;0;2;1;1;3;-23,36563366;-52,07909703;SPRF-PR;DEL09-PR;UOP02-DEL09-PR
731421;12/11/2025;quarta-feira;16:45:00;SC;282;502,5;XANXERE;Carga excessiva e/ou mal acondicionada;Derramamento de carga;Sem Vítimas;Pleno dia;Crescente;Chuva;Dupla;Retorno Regulamentado;Sim;2;0;0;0;1;1;0;2;-26,8851929;-52,39475348;SPRF-SC;DEL07-SC;UOP01-DEL07-SC
731423;12/11/2025;quarta-feira;16:00:00;GO;452;142;BOM JESUS DE GOIAS;Ausência de reação do condutor;Colisão traseira;Com Vítimas Feridas;Pleno dia;Decrescente;Céu Claro;Simples;"Reta;Aclive";Não;4;0;2;0;1;2;2;4;-18,26266383;-49,67445379;SPRF-GO;DEL03-GO;UOP02-DEL03-GO
731426;12/11/2025;quarta-feira;20:39:00;ES;101;148,9;LINHARES;Suicídio (presumido);Eventos atípicos;Com Vítimas Feridas;Plena Noite;Decrescente;Nublado;Simples;"Reta;Viaduto";Sim;3;0;0;1;1;1;1;3;-19,39892545;-40,06293297;SPRF-ES;DEL04-ES;UOP01-DEL04-ES
731428;12/11/2025;quarta-feira;17:45:00;PR;158;510,9;CORONEL VIVIDA;Reação tardia ou ineficiente do condutor;Colisão traseira;Com Vítimas Feridas;Pleno dia;Crescente;Chuva;Simples;"Declive;Curva";Não;3;0;0;1;1;2;1;4;-26,04781888;-52,62378216;SPRF-PR;DEL02-PR;UOP01-DEL02-PR
731429;12/11/2025;quarta-feira;19:13:00;RO;364;339;JI-PARANA;Chuva;Colisão traseira;Com Vítimas Feridas;Plena Noite;Crescente;Chuva;Dupla;"Reta;Interseção de Vias";Sim;2;0;1;0;1;0;1;2;-10,90326391;-61,93029553;SPRF-RO;DEL02-RO;UOP01-DEL02-RO
731432;12/11/2025;quarta-feira;20:35:00;MG;381;680,5;RIBEIRAO VERMELHO;Acesso irregular;Colisão traseira;Com Vítimas Feridas;Plena Noite;Crescente;Céu Claro;Dupla;"Reta;Declive";Não;5;0;1;0;3;4;1;8;-21,1304733;-45,10193394;SPRF-MG;DEL04-MG;UOP02-DEL04-MG
731438;12/11/2025;quarta-feira;22:10:00;PR;116;7;QUATRO BARRAS;Condutor deixou de manter distância do veículo da frente;Colisão traseira;Com Vítimas Feridas;Plena Noite;Crescente;Chuva;Dupla;Reta;Sim;2;0;1;0;1;0;1;2;-25,369;-49,109;SPRF-PR;DEL01-PR;UOP02-DEL01-PR
731439;12/11/2025;quarta-feira;17:40:00;BA;418;81;NOVA VICOSA;Transitar na contramão;Colisão frontal;Com Vítimas Feridas;Anoitecer;Decrescente;Céu Claro;Simples;Reta;Não;3;0;0;1;1;1;1;3;-17,8762;-39,771366;SPRF-BA;DEL09-BA;UOP02-DEL09-BA
731440;12/11/2025;quarta-feira;22:20:00;RS;158;334;SANTA MARIA;Ausência de reação do condutor;Colisão traseira;Com Vítimas Feridas;Plena Noite;Decrescente;Nublado;Simples;"Aclive;Reta";Não;3;0;0;1;1;1;1;3;-29,707426;-53,875993;SPRF-RS;DEL09-RS;UOP01-DEL09-RS
731441;12/11/2025;quarta-feira;16:15:00;PR;158;512,6;PATO BRANCO;Ausência de reação do condutor;Colisão com objeto;Sem Vítimas;Pleno dia;Crescente;Chuva;Simples;"Reta;Ponte";Não;2;0;0;0;1;1;0;2;-26,06040685;-52,63163567;SPRF-PR;DEL02-PR;UOP01-DEL02-PR
731444;12/11/2025;quarta-feira;22:30:00;MS;163;168;JUTI;Ausência de reação do condutor;Colisão com objeto;Com Vítimas Feridas;Pleno dia;Decrescente;Céu Claro;Simples;Reta;Não;2;0;1;0;0;2;1;3;-22,88860808;-54,5817887;SPRF-MS;DEL09-MS;UOP01-DEL09-MS
731445;12/11/2025;quarta-feira;17:10:00;BA;242;352;LENCOIS;Reação tardia ou ineficiente do condutor;Saída de leito carroçável;Com Vítimas Feridas;Pleno dia;Crescente;Nublado;Simples;"Declive;Curva";Não;2;0;1;0;0;2;1;3;-12,49146886;-41,32596055;SPRF-BA;DEL06-BA;UOP02-DEL06-BA
731450;12/11/2025;quarta-feira;19:40:00;MG;40;192;JOAO PINHEIRO;Acessar a via sem observar a presença dos outros veículos;Colisão transversal;Com Vítimas Feridas;Plena Noite;Decrescente;Céu Claro;Simples;Reta;Não;3;0;1;1;0;1;2;3;-18,000448;-45,87501;SPRF-MG;DEL14-MG;UOP02-DEL14-MG
731452;12/11/2025;quarta-feira;19:36:00;AC;364;116;RIO BRANCO;Transitar na contramão;Colisão frontal;Com Vítimas Feridas;Plena Noite;Decrescente;Céu Claro;Simples;Reta;Não;3;0;0;1;1;1;1;3;-10,0128094;-67,7288793;SPRF-AC;DEL01-AC;UOP01-DEL01-AC
731453;12/11/2025;quarta-feira;19:45:00;MT;364;483;JANGADA;Condutor deixou de manter distância do veículo da frente;Colisão traseira;Com Vítimas Feridas;Plena Noite;Crescente;Céu Claro;Simples;Reta;Não;5;0;0;3;1;3;3;5;-15,3256095;-56,42711163;SPRF-MT;DEL01-MT;UOP02-DEL01-MT
731455;13/11/2025;quinta-feira;00:45:00;PB;101;90,9;JOAO PESSOA;Reação tardia ou ineficiente do condutor;Colisão traseira;Sem Vítimas;Plena Noite;Crescente;Céu Claro;Dupla;Reta;Sim;2;0;0;0;1;1;0;2;-7,18529825;-34,90206063;SPRF-PB;DEL01-PB;UOP01-DEL01-PB
731456;13/11/2025;quinta-feira;00:01:00;MT;163;811;SINOP;Ingestão de álcool pelo condutor;Colisão lateral sentido oposto;Sem Vítimas;Plena Noite;Crescente;Nublado;Simples;Reta;Não;4;0;0;0;3;1;0;3;-12,08775119;-55,51786423;SPRF-MT;DEL06-MT;UOP02-DEL06-MT
731458;13/11/2025;quinta-feira;01:30:00;PA;230;130;MARABA;Acessar a via sem observar a presença dos outros veículos;Colisão transversal;Com Vítimas Fatais;Plena Noite;Crescente;Ignorado;Simples;"Interseção de Vias;Reta";Não;2;1;0;0;0;1;0;2;-5,36974715;-49,19198155;SPRF-PA;DEL03-PA;UOP01-DEL03-PA
731460;13/11/2025;quinta-feira;01:50:00;SC;101;123,9;ITAJAI;Ausência de reação do condutor;Colisão traseira;Com Vítimas Feridas;Plena Noite;Crescente;Nublado;Dupla;Reta;Não;2;0;1;0;1;0;1;2;-26,94253289;-48,69318422;SPRF-SC;DEL04-SC;UOP04-DEL04-SC
731463;13/11/2025;quinta-feira;04:00:00;MG;381;921,1;CAMANDUCAIA;Curva acentuada;Tombamento;Com Vítimas Feridas;Plena Noite;Crescente;Céu Claro;Dupla;Curva;Não;2;0;1;0;0;1;1;2;-22,76136507;-46,16827447;SPRF-MG;DEL16-MG;UOP03-DEL16-MG
731469;13/11/2025;quinta-feira;04:40:00;PA;10;222;IPIXUNA DO PARA;Iluminação deficiente;Colisão traseira;Com Vítimas Feridas;Amanhecer;Decrescente;Nublado;Simples;Aclive;Não;5;0;3;0;1;1;3;2;-2,489922;-47,510487;SPRF-PA;DEL02-PA;UOP01-DEL02-PA
731473;13/11/2025;quinta-feira;05:30:00;PE;101;81;JABOATAO DOS GUARARAPES;Trafegar com motocicleta (ou similar) entre as faixas;Colisão lateral mesmo sentido;Com Vítimas Feridas;Pleno dia;Crescente;Céu Claro;Dupla;Reta;Sim;4;0;0;1;2;2;1;5;-8,162733;-34,938262;SPRF-PE;DEL01-PE;UOP01-DEL01-PE
731475;13/11/2025;quinta-feira;06:40:00;GO;40;27,2;LUZIANIA;Acessar a via sem observar a presença dos outros veículos;Colisão traseira;Com Vítimas Feridas;Pleno dia;Decrescente;Céu Claro;Dupla;"Reta;Interseção de Vias";Não;3;0;1;0;1;1;1;3;-16,268327;-47,88335;SPRF-DF;DEL01-DF;UOP01-DEL01-DF
731476;13/11/2025;quinta-feira;05:58:00;SP;116;567;BARRA DO TURVO;Reação tardia ou ineficiente do condutor;Colisão com objeto;Sem Vítimas;Pleno dia;Crescente;Céu Claro;Simples;"Declive;Curva";Não;2;0;0;0;1;1;0;2;-25,050275;-48,553837;SPRF-SP;DEL05-SP;UOP02-DEL05-SP
731482;13/11/2025;quinta-feira;04:42:00;MS;262;187,4;RIBAS DO RIO PARDO;Reação tardia ou ineficiente do condutor;Colisão traseira;Com Vítimas Feridas;Amanhecer;Crescente;Nublado;Simples;"Reta;Aclive";Não;5;0;1;0;3;1;1;3;-20,439617;-53,269171;SPRF-MS;DEL07-MS;UOP02-DEL07-MS
731484;13/11/2025;quinta-feira;07:00:00;BA;324;542;AMELIA RODRIGUES;Entrada inopinada do pedestre;Atropelamento de Pedestre;Com Vítimas Feridas;Pleno dia;Decrescente;Céu Claro;Dupla;Reta;Sim;4;0;0;1;1;2;1;3;-12,3999894;-38,7604501;SPRF-BA;DEL01-BA;UOP03-DEL01-BA
731488;13/11/2025;quinta-feira;07:30:00;RS;392;15,5;RIO GRANDE;Reação tardia ou ineficiente do condutor;Colisão traseira;Com Vítimas Feridas;Pleno dia;Decrescente;Céu Claro;Dupla;Reta;Não;5;0;0;2;2;1;2;4;-32,10501341;-52,16223836;SPRF-RS;DEL07-RS;UOP02-DEL07-RS
731489;13/11/2025;quinta-feira;02:30:00;MG;262;42,1;MANHUACU;Ingestão de álcool pelo condutor;Tombamento;Com Vítimas Feridas;Plena Noite;Crescente;Céu Claro;Simples;Curva;Não;2;0;1;0;0;1;1;2;-20,263184;-42,080354;SPRF-MG;DEL06-MG;UOP03-DEL06-MG
731490;13/11/2025;quinta-feira;06:20:00;AL;101;173;TEOTONIO VILELA;Mal súbito do condutor;Colisão traseira;Com Vítimas Fatais;Pleno dia;Crescente;Céu Claro;Dupla;Reta;Não;2;1;0;0;1;0;0;2;-9,90935874;-36,34176278;SPRF-AL;DEL02-AL;UOP02-DEL02-AL
731494;30/04/2025;quarta-feira;15:15:00;SC;282;592,9;SAUDADES;Velocidade Incompatível;Colisão frontal;Com Vítimas Fatais;Pleno dia;Decrescente;Sol;Simples;"Aclive;Curva";Não;3;1;0;0;1;1;0;3;-26,8260392;-53,1018286;SPRF-SC;DEL07-SC;UOP02-DEL07-SC
731502;13/11/2025;quinta-feira;08:00:00;RS;287;368,2;JAGUARI;Reação tardia ou ineficiente do condutor;Colisão traseira;Com Vítimas Feridas;Pleno dia;Crescente;Céu Claro;Simples;"Reta;Declive;Em Obras";Não;3;0;1;0;1;1;1;3;-29,41438389;-54,72649241;SPRF-RS;DEL12-RS;UOP02-DEL12-RS
731506;13/11/2025;quinta-feira;07:48:00;PR;277;314;PRUDENTOPOLIS;Demais falhas mecânicas ou elétricas;Incêndio;Sem Vítimas;Pleno dia;Decrescente;Céu Claro;Simples;Reta;Não;2;0;0;0;1;2;0;3;-25,31671837;-51,19697571;SPRF-PR;DEL08-PR;UOP01-DEL08-PR
731508;13/11/2025;quinta-feira;08:00:00;SC;282;53;AGUAS MORNAS;Reação tardia ou ineficiente do condutor;Colisão traseira;Sem Vítimas;Pleno dia;Decrescente;Céu Claro;Simples;"Reta;Declive";Não;3;0;0;0;2;2;0;4;-27,69192636;-48,97031307;SPRF-SC;DEL01-SC;UOP03-DEL01-SC
731513;28/10/2025;terça-feira;12:28:00;PA;155;341;MARABA;Frear bruscamente;Engavetamento;Sem Vítimas;Pleno dia;Decrescente;Céu Claro;Simples;Reta;Sim;6;0;0;0;5;3;0;6;-5,387271;-49,079014;SPRF-PA;DEL03-PA;UOP01-DEL03-PA
731525;13/11/2025;quinta-feira;10:50:00;MG;262;353;JUATUBA;Manobra de mudança de faixa;Colisão lateral mesmo sentido;Com Vítimas Feridas;Pleno dia;Crescente;Céu Claro;Dupla;Reta;Não;4;0;2;0;2;0;2;2;-19,9820607;-44,24666405;SPRF-MG;DEL01-MG;UOP03-DEL01-MG
731531;07/11/2025;sexta-feira;06:00:00;MS;267;177;NOVA ALVORADA DO SUL;Demais falhas mecânicas ou elétricas;Incêndio;Sem Vítimas;Pleno dia;Crescente;Céu Claro;Simples;Reta;Não;3;0;0;0;2;2;0;3;-21,61295;-53,730993;SPRF-MS;DEL02-MS;UOP03-DEL02-MS
731535;13/11/2025;quinta-feira;11:40:00;RS;287;248;SANTA MARIA;Ausência de reação do condutor;Engavetamento;Com Vítimas Feridas;Pleno dia;Decrescente;Céu Claro;Dupla;Reta;Sim;5;0;1;0;4;0;1;4;-29,695537;-53,854546;SPRF-RS;DEL09-RS;UOP01-DEL09-RS
731537;13/11/2025;quinta-feira;08:00:00;MA;222;324;VITORIA DO MEARIM;Demais falhas mecânicas ou elétricas;Tombamento;Sem Vítimas;Pleno dia;Crescente;Céu Claro;Simples;"Aclive;Reta";Não;2;0;0;0;1;3;0;4;-3,597182;-44,998272;SPRF-MA;DEL02-MA;UOP01-DEL02-MA
731541;13/11/2025;quinta-feira;13:09:00;MG;381;501;BETIM;Ausência de reação do condutor;Colisão traseira;Com Vítimas Feridas;Pleno dia;Decrescente;Céu Claro;Dupla;Reta;Não;10;0;4;0;5;2;4;10;-20,0089804;-44,21703851;SPRF-MG;DEL01-MG;UOP03-DEL01-MG
731547;13/11/2025;quinta-feira;11:35:00;SP;116;300;SAO LOURENCO DA SERRA;Carga excessiva e/ou mal acondicionada;Incêndio;Sem Vítimas;Pleno dia;Decrescente;Nublado;Dupla;"Reta;Aclive";Não;2;0;0;0;1;1;0;2;-23,8034719;-46,91863972;SPRF-SP;DEL04-SP;UOP01-DEL04-SP
731548;16/10/2025;quinta-feira;16:30:00;MS;163;490;CAMPO GRANDE;Condutor deixou de manter distância do veículo da frente;Engavetamento;Com Vítimas Feridas;Anoitecer;Decrescente;Céu Claro;Simples;"Declive;Reta";Não;5;0;1;0;3;2;1;5;-20,40046749;-54,55530524;SPRF-MS;DEL01-MS;UOP02-DEL01-MS
731550;13/11/2025;quinta-feira;13:30:00;RS;392;7,5;RIO GRANDE;Acessar a via sem observar a presença dos outros veículos;Colisão transversal;Com Vítimas Feridas;Pleno dia;Crescente;Céu Claro;Simples;"Interseção de Vias;Reta";Sim;4;0;0;1;2;3;1;5;-32,10055559;-52,11029395;SPRF-RS;DEL07-RS;UOP02-DEL07-RS
731552;13/11/2025;quinta-feira;13:45:00;GO;153;349,9;JARAGUA;Manobra de mudança de faixa;Colisão transversal;Com Vítimas Feridas;Pleno dia;Crescente;Céu Claro;Simples;"Reta;Aclive";Não;3;0;1;0;1;1;1;3;-15,68049092;-49,34233454;SPRF-GO;DEL02-GO;UOP02-DEL02-GO
731553;13/11/2025;quinta-feira;13:40:00;GO;60;22,9;ALEXANIA;Manobra de mudança de faixa;Colisão lateral mesmo sentido;Com Vítimas Feridas;Pleno dia;Crescente;Céu Claro;Dupla;Reta;Sim;3;0;1;0;1;1;1;3;-16,12099;-48,426698;SPRF-DF;DEL03-DF;UOP01-DEL03-DF
731554;13/11/2025;quinta-feira;11:15:00;SP;116;69;APARECIDA;Reação tardia ou ineficiente do condutor;Colisão traseira;Sem Vítimas;Pleno dia;Decrescente;Nublado;Dupla;Reta;Sim;3;0;0;0;2;1;0;3;-22,84015943;-45,22371769;SPRF-SP;DEL08-SP;UOP01-DEL08-SP
731556;13/11/2025;quinta-feira;12:50:00;SP;116;164,6;JACAREI;Pedestre cruzava a pista fora da faixa;Atropelamento de Pedestre;Com Vítimas Feridas;Pleno dia;Decrescente;Céu Claro;Dupla;Reta;Não;4;0;0;1;3;0;1;2;-23,293775;-46,0032883;SPRF-SP;DEL02-SP;UOP01-DEL02-SP
731558;13/11/2025;quinta-feira;11:30:00;MT;174;254;VALE DE SAO DOMINGOS;Falta de elemento de contenção que evite a saída do leito carroçável;Saída de leito carroçável;Com Vítimas Feridas;Pleno dia;Decrescente;Nublado;Múltipla;Reta;Não;2;0;1;0;0;1;1;2;-15;-59;SPRF-MT;DEL04-MT;UOP01-DEL04-MT
731561;13/11/2025;quinta-feira;15:10:00;ES;101;149,6;LINHARES;Entrada inopinada do pedestre;Atropelamento de Pedestre;Com Vítimas Feridas;Pleno dia;Decrescente;Céu Claro;Simples;Reta;Sim;3;0;0;1;1;1;1;3;-19,401854;-40,060883;SPRF-ES;DEL04-ES;UOP01-DEL04-ES
731566;13/11/2025;quinta-feira;15:45:00;CE;116;64;CHOROZINHO;Acessar a via sem observar a presença dos outros veículos;Colisão transversal;Com Vítimas Feridas;Pleno dia;Decrescente;Céu Claro;Simples;"Curva;Interseção de Vias;Em Obras";Sim;6;0;1;3;1;1;4;3;-4,293304;-38,498097;SPRF-CE;DEL01-CE;UOP04-DEL01-CE
731569;13/11/2025;quinta-feira;15:48:00;BA;242;755;CRISTOPOLIS;Condutor deixou de manter distância do veículo da frente;Colisão traseira;Sem Vítimas;Pleno dia;Crescente;Céu Claro;Simples;Reta;Não;6;0;0;0;5;7;0;11;-12,2196315;-44,4444325;SPRF-BA;DEL10-BA;UOP01-DEL10-BA
731572;13/11/2025;quinta-feira;16:05:00;RJ;101;267;RIO BONITO;Pedestre andava na pista;Atropelamento de Pedestre;Com Vítimas Fatais;Pleno dia;Crescente;Céu Claro;Dupla;Reta;Não;2;1;0;0;1;0;0;2;-22,71222306;-42,67158508;SPRF-RJ;DEL02-RJ;UOP03-DEL02-RJ
731574;13/11/2025;quinta-feira;16:10:00;ES;101;142,5;LINHARES;Condutor deixou de manter distância do veículo da frente;Colisão traseira;Com Vítimas Feridas;Pleno dia;Decrescente;Céu Claro;Dupla;Retorno Regulamentado;Sim;2;0;1;0;1;0;1;2;-19,338338;-40,06537;SPRF-ES;DEL04-ES;UOP01-DEL04-ES
731579;09/11/2025;domingo;16:50:00;MG;40;143;JOAO PINHEIRO;Ausência de reação do condutor;Colisão lateral mesmo sentido;Sem Vítimas;Anoitecer;Decrescente;Céu Claro;Dupla;Reta;Não;3;0;0;0;2;2;0;4;-17,93424658;-46,05986282;SPRF-MG;DEL14-MG;UOP01-DEL14-MG
731583;13/11/2025;quinta-feira;12:45:00;MG;116;780,2;LEOPOLDINA;Transitar no Acostamento;Colisão lateral mesmo sentido;Com Vítimas Fatais;Pleno dia;Crescente;Sol;Simples;Curva;Não;5;1;0;1;1;2;1;4;-21,619629;-42,691242;SPRF-MG;DEL07-MG;UOP01-DEL07-MG
731587;13/11/2025;quinta-feira;14:50:00;SC;282;416;CATANDUVAS;Ingestão de álcool pelo condutor;Colisão traseira;Sem Vítimas;Pleno dia;Crescente;Céu Claro;Simples;Reta;Não;4;0;0;0;3;1;0;3;-27,038983;-51,711742;SPRF-SC;DEL07-SC;UOP05-DEL07-SC
731588;13/11/2025;quinta-feira;01:05:00;BA;324;405;RIACHAO DO JACUIPE;Avarias e/ou desgaste excessivo no pneu;Tombamento;Com Vítimas Feridas;Plena Noite;Decrescente;Nublado;Simples;Reta;Não;2;0;2;0;0;0;2;1;-11,790085;-39,424484;SPRF-BA;DEL04-BA;UOP02-DEL04-BA
731590;13/11/2025;quinta-feira;16:40:00;MA;316;613;TIMON;Condutor deixou de manter distância do veículo da frente;Colisão traseira;Com Vítimas Feridas;Pleno dia;Decrescente;Sol;Dupla;Reta;Não;3;0;0;2;1;0;2;2;-5,0748088;-42,8552424;SPRF-MA;DEL03-MA;UOP02-DEL03-MA
731593;13/11/2025;quinta-feira;17:00:00;ES;259;8;JOAO NEIVA;Reação tardia ou ineficiente do condutor;Colisão com objeto;Com Vítimas Feridas;Plena Noite;Decrescente;Nublado;Simples;Curva;Não;2;0;1;0;0;1;1;2;-19,692147;-40,38843;SPRF-ES;DEL02-ES;UOP01-DEL02-ES
731594;13/11/2025;quinta-feira;16:30:00;PR;277;239;FERNANDES PINHEIRO;Acessar a via sem observar a presença dos outros veículos;Colisão transversal;Com Vítimas Feridas;Pleno dia;Crescente;Garoa/Chuvisco;Simples;Reta;Não;6;0;5;0;1;0;5;2;-25,422919;-50,55481;SPRF-PR;DEL08-PR;UOP02-DEL08-PR
731600;13/11/2025;quinta-feira;17:30:00;PE;101;70,8;RECIFE;Manobra de mudança de faixa;Colisão lateral mesmo sentido;Sem Vítimas;Anoitecer;Crescente;Céu Claro;Dupla;Reta;Sim;4;0;0;0;3;1;0;3;-8,075179;-34,942919;SPRF-PE;DEL01-PE;UOP01-DEL01-PE
731608;13/11/2025;quinta-feira;18:25:00;RN;101;109;PARNAMIRIM;Ausência de reação do condutor;Colisão traseira;Com Vítimas Feridas;Plena Noite;Crescente;Garoa/Chuvisco;Dupla;"Reta;Aclive";Não;4;0;3;0;1;0;3;3;-5,93297;-35,264797;SPRF-RN;DEL01-RN;UOP01-DEL01-RN
731618;13/11/2025;quinta-feira;11:00:00;MT;364;446;VARZEA GRANDE;Demais Fenômenos da natureza;Incêndio;Sem Vítimas;Pleno dia;Decrescente;Sol;Simples;Reta;Não;2;0;0;0;1;1;0;2;-15,572028;-56,249367;SPRF-MT;DEL01-MT;UOP02-DEL01-MT
731626;13/11/2025;quinta-feira;19:20:00;BA;101;65;ENTRE RIOS;Manobra de mudança de faixa;Colisão transversal;Com Vítimas Fatais;Plena Noite;Decrescente;Céu Claro;Simples;"Reta;Interseção de Vias";Não;3;1;0;0;1;1;0;3;-11,966958;-38,097436;SPRF-BA;DEL01-BA;UOP04-DEL01-BA
731631;13/11/2025;quinta-feira;21:30:00;SC;101;111;NAVEGANTES;Condutor deixou de manter distância do veículo da frente;Colisão traseira;Com Vítimas Feridas;Plena Noite;Decrescente;Céu Claro;Dupla;Reta;Não;3;0;1;0;2;0;1;3;-26,84349986;-48,71839497;SPRF-SC;DEL04-SC;UOP04-DEL04-SC
731632;13/11/2025;quinta-feira;21:40:00;GO;153;500;GOIANIA;Ausência de reação do condutor;Colisão com objeto;Com Vítimas Feridas;Plena Noite;Decrescente;Céu Claro;Dupla;Reta;Sim;2;0;1;0;1;0;1;2;-16,70494349;-49,23089332;SPRF-GO;DEL01-GO;UOP01-DEL01-GO
731637;13/11/2025;quinta-feira;21:20:00;SC;101;207,4;SAO JOSE;Ausência de reação do condutor;Tombamento;Com Vítimas Feridas;Plena Noite;Crescente;Céu Claro;Múltipla;Reta;Sim;2;0;1;0;0;1;1;2;-27,60168194;-48,62664549;SPRF-SC;DEL01-SC;UOP01-DEL01-SC
731641;13/11/2025;quinta-feira;21:45:00;SC;101;207,1;SAO JOSE;Manobra de mudança de faixa;Colisão lateral mesmo sentido;Sem Vítimas;Plena Noite;Crescente;Céu Claro;Múltipla;"Reta;Aclive";Sim;2;0;0;0;2;0;0;2;-27,60369111;-48,63245633;SPRF-SC;DEL01-SC;UOP01-DEL01-SC
731642;13/11/2025;quinta-feira;21:30:00;PR;277;598,8;CASCAVEL;Reação tardia ou ineficiente do condutor;Colisão traseira;Com Vítimas Feridas;Plena Noite;Crescente;Céu Claro;Múltipla;Reta;Sim;3;0;2;0;1;0;2;2;-24,991656;-53,510775;SPRF-PR;DEL04-PR;UOP01-DEL04-PR
731644;13/11/2025;quinta-feira;22:15:00;ES;101;270;SERRA;Ausência de reação do condutor;Colisão traseira;Com Vítimas Feridas;Pleno dia;Crescente;Céu Claro;Dupla;Reta;Sim;5;0;1;0;3;1;1;4;-20,22811024;-40,27088642;SPRF-ES;DEL02-ES;UOP01-DEL02-ES