id;data_inversa;dia_semana;horario;uf;br;km;municipio;causa_acidente;tipo_acidente;classificacao_acidente;fase_dia;sentido_via;condicao_metereologica;tipo_pista;tracado_via;uso_solo;pessoas;mortos;feridos_leves;feridos_graves;ilesos;ignorados;feridos;veiculos;latitude;longitude;regional;delegacia;uop
732032;15/11/2025;sábado;12:45:00;RS;468;8,9;PALMEIRA DAS MISSOES;Demais falhas mecânicas ou elétricas;Incêndio;Sem Vítimas;Pleno dia;Decrescente;Céu Claro;Simples;Reta;Não;2;0;0;0;1;1;0;2;-27,84681827;-53,37651239;SPRF-RS;DEL08-RS;UOP01-DEL08-RS
732035;15/11/2025;sábado;06:47:00;GO;158;153;CAIAPONIA;Reação tardia ou ineficiente do condutor;Tombamento;Com Vítimas Feridas;Pleno dia;Crescente;Céu Claro;Simples;"Ponte;Declive;Reta";Não;2;0;1;0;0;2;1;3;-16,93078721;-51,81864738;SPRF-GO;DEL04-GO;UOP02-DEL04-GO
732037;15/11/2025;sábado;15:00:00;RS;392;119,1;CANGUCU;Reação tardia ou ineficiente do condutor;Saída de leito carroçável;Com Vítimas Feridas;Pleno dia;Decrescente;Céu Claro;Simples;"Declive;Reta";Não;3;0;2;0;0;2;2;3;-31,39801668;-52,68502705;SPRF-RS;DEL07-RS;UOP01-DEL07-RS
732045;04/11/2025;terça-feira;07:00:00;RJ;116;230;PIRAI;Ausência de reação do condutor;Tombamento;Com Vítimas Fatais;Pleno dia;Decrescente;Nublado;Dupla;Curva;Não;2;1;0;0;0;1;0;2;-22,67270903;-43,82888317;SPRF-RJ;DEL07-RJ;UOP01-DEL07-RJ
732048;15/11/2025;sábado;14:30:00;SC;282;452;PONTE SERRADA;Ausência de reação do condutor;Saída de leito carroçável;Com Vítimas Feridas;Pleno dia;Decrescente;Nublado;Simples;Curva;Não;3;0;0;1;1;2;1;4;-26,920515;-51,948985;SPRF-SC;DEL07-SC;UOP04-DEL07-SC
732052;15/11/2025;sábado;15:20:00;SE;101;95,8;NOSSA SENHORA DO SOCORRO;Reação tardia ou ineficiente do condutor;Colisão traseira;Sem Vítimas;Pleno dia;Decrescente;Céu Claro;Dupla;Reta;Não;4;0;0;0;2;3;0;5;-10,916292;-37,165247;SPRF-SE;DEL02-SE;UOP01-DEL02-SE
732057;15/11/2025;sábado;13:00:00;CE;116;508,9;BREJO SANTO;Condutor deixou de manter distância do veículo da frente;Colisão traseira;Com Vítimas Feridas;Pleno dia;Decrescente;Céu Claro;Simples;Reta;Não;4;0;0;1;2;1;1;3;-7,540465;-39,011755;SPRF-CE;DEL05-CE;UOP03-DEL05-CE
732058;15/11/2025;sábado;14:40:00;MS;163;543;BANDEIRANTES;Mal súbito do condutor;Saída de leito carroçável;Com Vítimas Feridas;Pleno dia;Crescente;Nublado;Simples;Reta;Não;2;0;1;0;0;1;1;2;-19,9682388;-54,380946;SPRF-MS;DEL01-MS;UOP02-DEL01-MS
732060;15/11/2025;sábado;14:20:00;PR;376;545;PALMEIRA;Reação tardia ou ineficiente do condutor;Saída de leito carroçável;Sem Vítimas;Pleno dia;Decrescente;Nublado;Dupla;Curva;Não;2;0;0;0;1;1;0;2;-25,4342;-49,7512;SPRF-PR;DEL03-PR;UOP03-DEL03-PR
732069;15/11/2025;sábado;14:00:00;PE;116;78;CABROBO;Reação tardia ou ineficiente do condutor;Saída de leito carroçável;Sem Vítimas;Pleno dia;Crescente;Céu Claro;Simples;Reta;Não;2;0;0;0;1;1;0;2;-8,513801;-39,214728;SPRF-PE;DEL05-PE;UOP03-DEL05-PE
732070;15/11/2025;sábado;17:40:00;SP;116;227,6;SAO PAULO;Acessar a via sem observar a presença dos outros veículos;Colisão lateral mesmo sentido;Sem Vítimas;Pleno dia;Decrescente;Nublado;Múltipla;"Reta;Interseção de Vias";Sim;3;0;0;0;1;2;0;3;-23,50319071;-46,56610251;SPRF-SP;DEL01-SP;UOP01-DEL01-SP
732082;15/11/2025;sábado;18:50:00;MG;153;17;CENTRALINA;Ingestão de álcool pelo condutor;Colisão traseira;Sem Vítimas;Anoitecer;Decrescente;Céu Claro;Múltipla;Reta;Não;3;0;0;0;2;3;0;5;-18,57051886;-49,19356791;SPRF-MG;DEL15-MG;UOP03-DEL15-MG
732093;15/11/2025;sábado;19:40:00;PR;476;144;CURITIBA;Pedestre andava na pista;Atropelamento de Pedestre;Com Vítimas Feridas;Plena Noite;Crescente;Nublado;Dupla;Reta;Sim;2;0;0;1;1;0;1;2;-25,54447249;-49,31564681;SPRF-PR;DEL01-PR;UOP06-DEL01-PR
732098;15/11/2025;sábado;19:15:00;PR;369;501;CASCAVEL;Transitar na contramão;Colisão frontal;Com Vítimas Feridas;Plena Noite;Decrescente;Nublado;Simples;"Curva;Declive";Não;6;0;0;1;4;1;1;5;-24,90847;-53,37889;SPRF-PR;DEL04-PR;UOP01-DEL04-PR
732100;15/11/2025;sábado;18:20:00;PI;316;62,3;MONSENHOR GIL;Ultrapassagem Indevida;Colisão lateral sentido oposto;Com Vítimas Feridas;Plena Noite;Decrescente;Céu Claro;Simples;Reta;Não;5;0;3;1;1;0;4;2;-5,59552;-42,61427;SPRF-PI;DEL01-PI;UOP02-DEL01-PI
732108;15/11/2025;sábado;20:35:00;MG;365;405;PATOS DE MINAS;Velocidade Incompatível;Tombamento;Com Vítimas Feridas;Pleno dia;Crescente;Céu Claro;Dupla;Retorno Regulamentado;Sim;2;0;1;0;0;1;1;2;-18,63316585;-46,46900207;SPRF-MG;DEL10-MG;UOP01-DEL10-MG
732132;15/11/2025;sábado;22:00:00;RS;101;18,2;TRES CACHOEIRAS;Estacionar ou parar em local proibido;Colisão frontal;Com Vítimas Feridas;Plena Noite;Crescente;Nublado;Simples;Reta;Sim;3;0;0;1;1;1;1;3;-29,422235;-49,876893;SPRF-RS;DEL03-RS;UOP02-DEL03-RS
732144;15/11/2025;sábado;18:00:00;CE;222;126,4;ITAPAJE;Reação tardia ou ineficiente do condutor;Colisão traseira;Com Vítimas Feridas;Plena Noite;Decrescente;Céu Claro;Simples;"Aclive;Reta";Não;2;0;1;0;1;0;1;2;-3,702169;-39,608103;SPRF-CE;DEL04-CE;UOP03-DEL04-CE
732145;15/11/2025;sábado;19:30:00;PR;376;301;MAUA DA SERRA;Velocidade Incompatível;Tombamento;Com Vítimas Fatais;Plena Noite;Crescente;Garoa/Chuvisco;Dupla;"Curva;Declive";Não;2;1;0;0;0;1;0;2;-23,93950663;-51,1432457;SPRF-PR;DEL07-PR;UOP02-DEL07-PR
732160;16/11/2025;domingo;00:42:00;PR;277;465,3;LARANJEIRAS DO SUL;Ingestão de álcool pelo condutor;Colisão lateral mesmo sentido;Com Vítimas Feridas;Plena Noite;Crescente;Céu Claro;Simples;"Aclive;Reta";Não;5;0;1;0;2;2;1;3;-25,35829803;-52,47241974;SPRF-PR;DEL04-PR;UOP02-DEL04-PR
732170;16/11/2025;domingo;01:55:00;PE;428;185;PETROLINA;Ingestão de álcool pelo condutor;Colisão traseira;Com Vítimas Feridas;Plena Noite;Decrescente;Céu Claro;Dupla;Reta;Sim;2;0;1;0;1;0;1;2;-9,3830774;-40,515655;SPRF-PE;DEL06-PE;UOP01-DEL06-PE
732172;16/11/2025;domingo;03:35:00;SP;116;26,5;SILVEIRAS;Manobra de mudança de faixa;Colisão traseira;Com Vítimas Feridas;Plena Noite;Crescente;Nublado;Dupla;Reta;Não;1;0;0;1;0;0;1;1;-22,6173361;-44,90431979;SPRF-SP;DEL08-SP;UOP02-DEL08-SP
732176;16/11/2025;domingo;02:37:00;SC;116;68;MONTE CASTELO;Suicídio (presumido);Colisão lateral sentido oposto;Com Vítimas Feridas;Plena Noite;Decrescente;Céu Claro;Simples;Declive;Sim;10;0;1;4;5;0;5;4;-26,45580402;-50,22757626;SPRF-SC;DEL06-SC;UOP02-DEL06-SC
732186;16/11/2025;domingo;04:40:00;MG;381;370;SAO GONCALO DO RIO ABAIXO;Pista Escorregadia;Colisão frontal;Com Vítimas Feridas;Amanhecer;Decrescente;Nublado;Simples;"Aclive;Curva";Não;4;0;0;2;1;1;2;3;-19,842695;-43,320923;SPRF-MG;DEL01-MG;UOP01-DEL01-MG
732194;16/11/2025;domingo;05:20:00;MS;158;95,5;PARANAIBA;Ausência de reação do condutor;Saída de leito carroçável;Com Vítimas Feridas;Amanhecer;Decrescente;Garoa/Chuvisco;Dupla;"Reta;Declive";Sim;1;0;1;0;0;0;1;1;-19,683561;-51,200508;SPRF-MS;DEL08-MS;UOP01-DEL08-MS
732209;15/11/2025;sábado;17:00:00;AP;210;40;MACAPA;Velocidade Incompatível;Tombamento;Sem Vítimas;Anoitecer;Decrescente;Céu Claro;Simples;"Curva;Declive";Não;5;0;0;0;1;4;0;5;0,36437832;-51,07745916;SPRF-AP;DEL01-AP;UOP01-DEL01-AP
732219;16/11/2025;domingo;07:06:00;MT;163;93,7;RONDONOPOLIS;Demais falhas mecânicas ou elétricas;Incêndio;Sem Vítimas;Pleno dia;Decrescente;Nublado;Dupla;Reta;Não;2;0;0;0;1;1;0;2;-16,70260809;-54,65932131;SPRF-MT;DEL02-MT;UOP03-DEL02-MT
732231;16/11/2025;domingo;10:05:00;SC;101;96;BALNEARIO PICARRAS;Transitar no Acostamento;Colisão traseira;Com Vítimas Fatais;Pleno dia;Decrescente;Sol;Dupla;"Aclive;Reta";Não;4;1;0;0;3;0;0;3;-26,723909;-48,702137;SPRF-SC;DEL03-SC;UOP02-DEL03-SC
732238;16/11/2025;domingo;09:40:00;PR;376;678;GUARATUBA;Problema com o freio;Incêndio;Sem Vítimas;Pleno dia;Crescente;Céu Claro;Dupla;Curva;Não;2;0;0;0;1;2;0;3;-25,9479833;-48,90693913;SPRF-PR;DEL01-PR;UOP04-DEL01-PR
732240;16/11/2025;domingo;09:30:00;MG;116;776,2;LEOPOLDINA;Velocidade Incompatível;Tombamento;Com Vítimas Feridas;Pleno dia;Decrescente;Nublado;Simples;"Aclive;Curva";Não;3;0;2;0;0;1;2;2;-21,594801;-42,688452;SPRF-MG;DEL07-MG;UOP01-DEL07-MG
732241;16/11/2025;domingo;11:00:00;PR;277;149;BALSA NOVA;Reação tardia ou ineficiente do condutor;Saída de leito carroçável;Com Vítimas Feridas;Pleno dia;Decrescente;Garoa/Chuvisco;Simples;Aclive;Não;3;0;1;0;1;1;1;2;-25,464497;-49,762294;SPRF-PR;DEL03-PR;UOP03-DEL03-PR
732244;16/11/2025;domingo;10:00:00;MA;10;249;IMPERATRIZ;Acessar a via sem observar a presença dos outros veículos;Colisão transversal;Com Vítimas Feridas;Pleno dia;Decrescente;Céu Claro;Múltipla;"Reta;Interseção de Vias";Sim;4;0;1;0;3;0;1;2;-5,5528;-47,4583;SPRF-MA;DEL04-MA;UOP01-DEL04-MA
732253;16/11/2025;domingo;10:30:00;MT;364;236;RONDONOPOLIS;Ingestão de álcool pelo condutor;Saída de leito carroçável;Com Vítimas Feridas;Pleno dia;Decrescente;Céu Claro;Dupla;Reta;Sim;1;0;1;0;0;0;1;1;-16,31856665;-54,75308865;SPRF-MT;DEL02-MT;UOP01-DEL02-MT
732257;16/11/2025;domingo;07:25:00;MG;251;337;RUBELITA;Carga excessiva e/ou mal acondicionada;Derramamento de carga;Com Vítimas Feridas;Pleno dia;Decrescente;Céu Claro;Simples;"Declive;Curva";Não;3;0;1;0;0;2;1;3;-16,2562432;-42,436999;SPRF-MG;DEL12-MG;UOP02-DEL12-MG
732261;16/11/2025;domingo;13:55:00;PR;376;671;GUARATUBA;Ingestão de álcool pelo condutor;Engavetamento;Sem Vítimas;Pleno dia;Crescente;Nublado;Múltipla;Reta;Não;6;0;0;0;6;0;0;3;-25,892441;-48,932404;SPRF-PR;DEL01-PR;UOP04-DEL01-PR
732270;16/11/2025;domingo;11:35:00;SC;101;96,5;BALNEARIO PICARRAS;Condutor deixou de manter distância do veículo da frente;Colisão traseira;Com Vítimas Feridas;Pleno dia;Crescente;Céu Claro;Dupla;Reta;Sim;5;0;0;1;3;2;1;5;-26,7253518;-48,7023654;SPRF-SC;DEL03-SC;UOP02-DEL03-SC
732277;16/11/2025;domingo;13:20:00;MA;135;98;ITAPECURU MIRIM;Transitar na contramão;Colisão lateral sentido oposto;Com Vítimas Fatais;Pleno dia;Decrescente;Céu Claro;Simples;Reta;Não;4;1;0;0;1;2;0;4;-3,35291;-44,46434;SPRF-MA;DEL01-MA;UOP02-DEL01-MA
732280;16/11/2025;domingo;15:45:00;ES;262;28;VIANA;Faixas de trânsito com largura insuficiente;Queda de ocupante de veículo;Com Vítimas Feridas;Pleno dia;Decrescente;Céu Claro;Simples;"Aclive;Curva";Não;3;0;1;1;0;1;2;2;-20,38532867;-40,55847947;SPRF-ES;DEL01-ES;UOP01-DEL01-ES
732287;16/11/2025;domingo;16:15:00;BA;116;755;POCOES;Transitar na contramão;Colisão frontal;Com Vítimas Fatais;Pleno dia;Crescente;Céu Claro;Simples;Reta;Não;4;2;0;0;1;1;0;3;-14,507078;-40,360253;SPRF-BA;DEL08-BA;UOP02-DEL08-BA
732292;16/11/2025;domingo;15:20:00;PE;104;66,6;CARUARU;Manobra de mudança de faixa;Colisão lateral mesmo sentido;Com Vítimas Feridas;Pleno dia;Crescente;Céu Claro;Dupla;"Reta;Viaduto;Declive";Sim;2;0;1;0;1;0;1;2;-8,29096;-35,98517;SPRF-PE;DEL02-PE;UOP01-DEL02-PE
732294;16/11/2025;domingo;16:30:00;PR;376;625;SAO JOSE DOS PINHAIS;Mal súbito do condutor;Tombamento;Com Vítimas Feridas;Pleno dia;Decrescente;Céu Claro;Dupla;Reta;Sim;1;0;0;1;0;0;1;1;-25,658233;-49,155175;SPRF-PR;DEL01-PR;UOP04-DEL01-PR
732296;16/11/2025;domingo;13:20:00;AL;101;165;CAMPO ALEGRE;Acessar a via sem observar a presença dos outros veículos;Colisão transversal;Com Vítimas Fatais;Pleno dia;Decrescente;Céu Claro;Dupla;"Interseção de Vias;Reta";Não;3;1;0;0;1;2;0;4;-9,900217;-36,276256;SPRF-AL;DEL02-AL;UOP02-DEL02-AL
732299;16/11/2025;domingo;15:26:00;SC;470;67,7;INDAIAL;Ausência de reação do condutor;Colisão traseira;Com Vítimas Feridas;Pleno dia;Decrescente;Sol;Dupla;Reta;Não;10;0;3;1;6;0;4;8;-26,87583432;-49,23692314;SPRF-SC;DEL04-SC;UOP01-DEL04-SC
732300;16/11/2025;domingo;15:45:00;PR;376;516,5;PONTA GROSSA;Ausência de reação do condutor;Saída de leito carroçável;Com Vítimas Feridas;Pleno dia;Crescente;Nublado;Dupla;Curva;Não;2;0;1;0;1;0;1;2;-25,26513122;-49,95972633;SPRF-PR;DEL03-PR;UOP04-DEL03-PR
732319;08/11/2025;sábado;13:05:00;SC;116;254,5;LAGES;Velocidade Incompatível;Colisão lateral mesmo sentido;Sem Vítimas;Pleno dia;Decrescente;Céu Claro;Múltipla;"Interseção de Vias;Declive;Rotatória";Não;2;0;0;0;0;2;0;2;-27,8716689;-50,39990902;SPRF-SC;DEL05-SC;UOP02-DEL05-SC
732327;16/11/2025;domingo;17:24:00;BA;110;35;SANTA BRIGIDA;Manobra de mudança de faixa;Colisão lateral sentido oposto;Com Vítimas Feridas;Pleno dia;Decrescente;Céu Claro;Simples;Reta;Não;4;0;2;0;1;1;2;3;-9,733703;-38,240402;SPRF-BA;DEL07-BA;UOP01-DEL07-BA
732330;16/11/2025;domingo;17:15:00;BA;242;167;RAFAEL JAMBEIRO;Velocidade Incompatível;Colisão lateral sentido oposto;Com Vítimas Feridas;Pleno dia;Crescente;Céu Claro;Simples;Reta;Sim;3;0;1;0;1;2;1;4;-12,47989699;-39,7431273;SPRF-BA;DEL02-BA;UOP02-DEL02-BA
732332;16/11/2025;domingo;16:30:00;MT;163;960;NOVA SANTA HELENA;Ausência de reação do condutor;Colisão lateral sentido oposto;Com Vítimas Feridas;Anoitecer;Crescente;Céu Claro;Simples;Reta;Não;5;0;0;2;2;4;2;7;-10,81771833;-55,17461499;SPRF-MT;DEL06-MT;UOP02-DEL06-MT
732333;16/11/2025;domingo;13:00:00;SE;101;124,5;ITAPORANGA DAJUDA;Demais falhas mecânicas ou elétricas;Incêndio;Sem Vítimas;Pleno dia;Decrescente;Céu Claro;Dupla;Aclive;Não;2;0;0;0;1;2;0;3;-11,05660269;-37,36506976;SPRF-SE;DEL02-SE;UOP01-DEL02-SE
732338;16/11/2025;domingo;19:00:00;RS;116;128,6;SAO MARCOS;Ingestão de álcool pelo condutor;Colisão frontal;Com Vítimas Feridas;Plena Noite;Crescente;Chuva;Simples;Reta;Não;4;0;1;0;3;0;1;2;-29,03490356;-51,09424559;SPRF-RS;DEL05-RS;UOP01-DEL05-RS
732344;06/10/2025;segunda-feira;16:40:00;PR;376;301,6;MAUA DA SERRA;Velocidade Incompatível;Tombamento;Com Vítimas Fatais;Anoitecer;Crescente;Céu Claro;Dupla;Curva;Não;4;1;2;0;0;1;2;3;-23,93413;-51,13431;SPRF-PR;DEL07-PR;UOP02-DEL07-PR
732347;16/11/2025;domingo;17:30:00;MG;116;576,9;MANHUACU;Ingestão de álcool pelo condutor;Tombamento;Com Vítimas Feridas;Pleno dia;Decrescente;Nublado;Simples;Curva;Não;2;0;1;0;0;1;1;2;-20,167599;-42,188362;SPRF-MG;DEL06-MG;UOP03-DEL06-MG
732360;16/11/2025;domingo;18:40:00;BA;407;101;JAGUARARI;Ingestão de álcool pelo condutor;Colisão lateral sentido oposto;Com Vítimas Feridas;Plena Noite;Crescente;Céu Claro;Simples;"Declive;Interseção de Vias";Sim;5;0;1;0;1;3;1;4;-10,256337;-40,191587;SPRF-BA;DEL04-BA;UOP01-DEL04-BA
732367;16/11/2025;domingo;19:00:00;MG;116;71,7;MEDINA;Ausência de reação do condutor;Colisão lateral mesmo sentido;Com Vítimas Feridas;Plena Noite;Crescente;Céu Claro;Simples;Ponte;Sim;2;0;1;0;0;1;1;2;-16,218535;-41,471493;SPRF-MG;DEL11-MG;UOP02-DEL11-MG
732375;16/11/2025;domingo;20:30:00;PA;155;264;ELDORADO DO CARAJAS;Transitar na contramão;Colisão frontal;Com Vítimas Feridas;Plena Noite;Decrescente;Céu Claro;Simples;Reta;Não;3;0;0;1;1;1;1;3;-6,021272;-49,271477;SPRF-PA;DEL03-PA;UOP01-DEL03-PA
732380;16/11/2025;domingo;21:30:00;MG;40;767;JUIZ DE FORA;Retorno proibido;Colisão transversal;Com Vítimas Feridas;Plena Noite;Decrescente;Chuva;Simples;Reta;Não;5;0;0;2;2;1;2;4;-21,60540772;-43,45916748;SPRF-MG;DEL05-MG;UOP01-DEL05-MG
732386;16/11/2025;domingo;22:20:00;ES;262;106;VENDA NOVA DO IMIGRANTE;Reação tardia ou ineficiente do condutor;Colisão traseira;Com Vítimas Feridas;Plena Noite;Decrescente;Nublado;Simples;Reta;Sim;2;0;0;1;0;1;1;2;-20,326375;-41,144538;SPRF-ES;DEL01-ES;UOP02-DEL01-ES
732390;16/11/2025;domingo;22:15:00;PR;376;491;PONTA GROSSA;Ingestão de álcool pelo condutor;Colisão traseira;Com Vítimas Feridas;Plena Noite;Crescente;Nublado;Dupla;Reta;Não;3;0;1;0;1;2;1;4;-25,144;-50,155;SPRF-PR;DEL03-PR;UOP04-DEL03-PR
732393;16/11/2025;domingo;18:40:00;MG;116;452,2;ENGENHEIRO CALDAS;Ausência de reação do condutor;Colisão traseira;Com Vítimas Fatais;Plena Noite;Crescente;Céu Claro;Simples;Reta;Não;2;1;0;0;1;0;0;2;-19,1589687;-42,02457905;SPRF-MG;DEL06-MG;UOP02-DEL06-MG
732400;17/11/2025;segunda-feira;00:10:00;SC;101;116,9;ITAJAI;Ausência de reação do condutor;Colisão traseira;Com Vítimas Feridas;Plena Noite;Crescente;Nublado;Dupla;Reta;Não;4;0;1;0;2;1;1;3;-26,8860733;-48,72312991;SPRF-SC;DEL04-SC;UOP04-DEL04-SC
732402;17/11/2025;segunda-feira;01:00:00;PR;376;491,5;PONTA GROSSA;Demais falhas mecânicas ou elétricas;Incêndio;Sem Vítimas;Plena Noite;Crescente;Nublado;Dupla;"Aclive;Reta";Sim;2;0;0;0;1;1;0;2;-25,144;-50,155;SPRF-PR;DEL03-PR;UOP04-DEL03-PR
732406;17/11/2025;segunda-feira;04:12:00;SP;116;197;ARUJA;Ausência de reação do condutor;Colisão traseira;Com Vítimas Feridas;Amanhecer;Crescente;Céu Claro;Dupla;"Curva;Aclive";Não;2;0;1;0;1;0;1;2;-23,39851073;-46,29887124;SPRF-SP;DEL01-SP;UOP01-DEL01-SP
732407;17/11/2025;segunda-feira;04:20:00;ES;101;223;IBIRACU;Demais falhas mecânicas ou elétricas;Incêndio;Sem Vítimas;Amanhecer;Crescente;Garoa/Chuvisco;Simples;Reta;Não;1;0;0;0;1;0;0;1;-19,87862;-40,416458;SPRF-ES;DEL02-ES;UOP01-DEL02-ES
732409;17/11/2025;segunda-feira;04:40:00;PB;101;113;ALHANDRA;Condutor Dormindo;Saída de leito carroçável;Sem Vítimas;Anoitecer;Crescente;Céu Claro;Dupla;"Aclive;Reta";Não;1;0;0;0;1;0;0;1;-7,38031;-34,95719;SPRF-PB;DEL01-PB;UOP01-DEL01-PB
732412;17/11/2025;segunda-feira;01:13:00;RR;174;228;RORAINOPOLIS;Velocidade Incompatível;Saída de leito carroçável;Com Vítimas Feridas;Plena Noite;Decrescente;Céu Claro;Simples;"Aclive;Curva";Não;2;0;1;1;0;0;2;1;1,077755;-60,38154602;SPRF-RR;DEL01-RR;UOP02-DEL01-RR
732413;17/11/2025;segunda-feira;04:15:00;MG;365;313;JOAO PINHEIRO;Ausência de reação do condutor;Saída de leito carroçável;Com Vítimas Feridas;Plena Noite;Crescente;Nublado;Simples;Declive;Não;1;0;0;1;0;0;1;1;-18,211479;-45,838889;SPRF-MG;DEL10-MG;UOP02-DEL010-MG
732430;17/11/2025;segunda-feira;06:15:00;PA;230;101,2;SAO JOAO DO ARAGUAIA;Manobra de mudança de faixa;Colisão frontal;Com Vítimas Fatais;Amanhecer;Crescente;Céu Claro;Simples;"Aclive;Interseção de Vias;Reta";Não;2;1;0;0;1;0;0;2;-5,3996698;-48,9574213;SPRF-PA;DEL03-PA;UOP01-DEL03-PA
732433;17/11/2025;segunda-feira;07:40:00;GO;60;395;RIO VERDE;Ausência de reação do condutor;Colisão traseira;Com Vítimas Feridas;Amanhecer;Decrescente;Nublado;Dupla;"Reta;Aclive";Sim;3;0;0;1;1;1;1;3;-17,81249031;-50,92854291;SPRF-GO;DEL04-GO;UOP02-DEL04-GO
732438;17/11/2025;segunda-feira;00:30:00;RJ;101;184;RIO DAS OSTRAS;Velocidade Incompatível;Tombamento;Com Vítimas Feridas;Plena Noite;Crescente;Ignorado;Simples;Curva;Não;1;0;1;0;0;0;1;1;-22,43019026;-42,03210836;SPRF-RJ;DEL08-RJ;UOP04-DEL08-RJ
732442;17/11/2025;segunda-feira;07:30:00;PR;277;37;MORRETES;Reação tardia ou ineficiente do condutor;Colisão traseira;Com Vítimas Feridas;Pleno dia;Decrescente;Chuva;Dupla;Declive;Não;3;0;1;0;1;1;1;3;-25,573577;-48,844375;SPRF-PR;DEL01-PR;UOP05-DEL01-PR
732449;17/11/2025;segunda-feira;08:50:00;PR;116;113;CURITIBA;Trafegar com motocicleta (ou similar) entre as faixas;Colisão traseira;Com Vítimas Feridas;Pleno dia;Crescente;Garoa/Chuvisco;Dupla;Reta;Não;2;0;1;0;1;0;1;2;-25,54983;-49,281763;SPRF-PR;DEL01-PR;UOP03-DEL01-PR
732450;20/10/2025;segunda-feira;12:30:00;PR;116;10,5;COLOMBO;Reação tardia ou ineficiente do condutor;Colisão traseira;Com Vítimas Feridas;Pleno dia;Crescente;Nublado;Dupla;Reta;Sim;2;0;1;0;1;0;1;2;-25,37288874;-49,14239113;SPRF-PR;DEL01-PR;UOP02-DEL01-PR
732458;17/11/2025;segunda-feira;07:50:00;SC;101;101,6;BALNEARIO PICARRAS;Ausência de reação do condutor;Colisão traseira;Com Vítimas Feridas;Amanhecer;Crescente;Chuva;Múltipla;Reta;Não;4;0;1;0;2;1;1;3;-26,76993991;-48,68615851;SPRF-SC;DEL03-SC;UOP02-DEL03-SC
732459;17/11/2025;segunda-feira;09:05:00;MG;40;463;SETE LAGOAS;Demais falhas mecânicas ou elétricas;Colisão traseira;Com Vítimas Feridas;Pleno dia;Crescente;Chuva;Simples;"Declive;Reta";Não;3;0;1;0;1;1;1;3;-19,43292425;-44,33670044;SPRF-MG;DEL02-MG;UOP01-DEL02-MG
732463;17/11/2025;segunda-feira;09:40:00;MG;116;415,4;GOVERNADOR VALADARES;Problema com o freio;Colisão lateral mesmo sentido;Com Vítimas Feridas;Pleno dia;Decrescente;Céu Claro;Simples;Reta;Sim;5;0;1;0;1;3;1;4;-18,89589256;-41,94683075;SPRF-MG;DEL06-MG;UOP01-DEL06-MG
732471;17/11/2025;segunda-feira;10:00:00;PR;369;183,3;ARAPONGAS;Ausência de sinalização;Colisão traseira;Sem Vítimas;Pleno dia;Crescente;Chuva;Simples;Reta;Não;2;0;0;0;2;0;0;2;-23,378373;-51,416204;SPRF-PR;DEL07-PR;UOP03-DEL07-PR
732475;17/11/2025;segunda-feira;10:35:00;PR;369;236;JANDAIA DO SUL;Acessar a via sem observar a presença dos outros veículos;Colisão frontal;Com Vítimas Feridas;Pleno dia;Decrescente;Chuva;Simples;Reta;Não;3;0;2;0;1;0;2;2;-23,637489;-51,678226;SPRF-PR;DEL09-PR;UOP01-DEL09-PR
732483;17/11/2025;segunda-feira;00:50:00;PE;232;338;CUSTODIA;Ausência de reação do condutor;Colisão lateral sentido oposto;Com Vítimas Feridas;Plena Noite;Decrescente;Céu Claro;Simples;Reta;Não;3;0;0;1;1;1;1;3;-8,08246;-37,67006;SPRF-PE;DEL04-PE;UOP02-DEL04-PE
732485;17/11/2025;segunda-feira;11:30:00;RS;470;11,4;BARRACAO;Acessar a via sem observar a presença dos outros veículos;Colisão transversal;Com Vítimas Feridas;Pleno dia;Crescente;Nublado;Simples;"Interseção de Vias;Rotatória";Não;3;0;1;0;2;0;1;2;-27,67521;-51,454774;SPRF-RS;DEL08-RS;UOP05-DEL08-RS
732489;17/11/2025;segunda-feira;13:00:00;SP;116;219,4;GUARULHOS;Entrada inopinada do pedestre;Atropelamento de Pedestre;Com Vítimas Fatais;Pleno dia;Crescente;Garoa/Chuvisco;Múltipla;Reta;Sim;4;1;0;0;3;0;0;2;-23,463605;-46,49609;SPRF-SP;DEL01-SP;UOP01-DEL01-SP
732492;17/11/2025;segunda-feira;13:15:00;RS;285;435,1;BOZANO;Afundamento ou ondulação no pavimento;Saída de leito carroçável;Com Vítimas Feridas;Pleno dia;Decrescente;Céu Claro;Simples;"Declive;Curva";Não;2;0;1;0;0;1;1;2;-28,343889;-53,697889;SPRF-RS;DEL10-RS;UOP01-DEL10-RS
732494;17/11/2025;segunda-feira;08:16:00;PA;163;572;TRAIRAO;Manobra de mudança de faixa;Colisão frontal;Com Vítimas Feridas;Pleno dia;Crescente;Céu Claro;Simples;"Aclive;Reta";Não;3;0;1;0;1;2;1;4;-5,03703916;-56,18689299;SPRF-PA;DEL05-PA;UOP03-DEL05-PA
732500;17/11/2025;segunda-feira;07:50:00;PR;163;159;LINDOESTE;Velocidade Incompatível;Saída de leito carroçável;Com Vítimas Feridas;Pleno dia;Crescente;Nublado;Dupla;Curva;Não;5;0;1;0;3;2;1;4;-25,3152098;-53,5915396;SPRF-PR;DEL05-PR;UOP05-DEL05-PR