id;data_inversa;dia_semana;horario;uf;br;km;municipio;causa_acidente;tipo_acidente;classificacao_acidente;fase_dia;sentido_via;condicao_metereologica;tipo_pista;tracado_via;uso_solo;pessoas;mortos;feridos_leves;feridos_graves;ilesos;ignorados;feridos;veiculos;latitude;longitude;regional;delegacia;uop
733088;20/11/2025;quinta-feira;01:15:00;MG;381;394;BOM JESUS DO AMPARO;Reação tardia ou ineficiente do condutor;Saída de leito carroçável;Com Vítimas Feridas;Plena Noite;Decrescente;Céu Claro;Dupla;Curva;Não;2;0;1;0;0;1;1;2;-19,74790703;-43,4921786;SPRF-MG;DEL01-MG;UOP01-DEL01-MG
733093;19/11/2025;quarta-feira;19:57:00;MT;70;541;NOSSA SENHORA DO LIVRAMENTO;Acessar a via sem observar a presença dos outros veículos;Colisão transversal;Com Vítimas Fatais;Plena Noite;Decrescente;Céu Claro;Simples;Reta;Não;3;1;0;0;1;2;0;4;-15,679054;-56,308525;SPRF-MT;DEL03-MT;UOP02-DEL03-MT
733101;20/11/2025;quinta-feira;05:15:00;BA;101;845,1;VEREDA;Acessar a via sem observar a presença dos outros veículos;Colisão lateral sentido oposto;Com Vítimas Feridas;Pleno dia;Crescente;Céu Claro;Simples;Reta;Não;3;0;0;1;1;1;1;3;-17,286262;-39,634425;SPRF-BA;DEL09-BA;UOP02-DEL09-BA
733104;20/11/2025;quinta-feira;05:00:00;PB;101;71,9;SANTA RITA;Condutor Dormindo;Saída de leito carroçável;Com Vítimas Feridas;Pleno dia;Crescente;Céu Claro;Dupla;Reta;Não;1;0;1;0;0;0;1;1;-7,07219;-34,99734;SPRF-PB;DEL01-PB;UOP03-DEL01-PB
733108;20/11/2025;quinta-feira;05:50:00;SC;101;14,3;GARUVA;Manobra de mudança de faixa;Colisão lateral mesmo sentido;Com Vítimas Feridas;Amanhecer;Crescente;Sol;Dupla;Reta;Não;3;0;1;0;1;1;1;3;-26,09162997;-48,8640976;SPRF-SC;DEL03-SC;UOP01-DEL03-SC
733113;20/11/2025;quinta-feira;06:20:00;SP;153;14,7;ICEM;Acesso irregular;Colisão frontal;Com Vítimas Feridas;Pleno dia;Decrescente;Céu Claro;Simples;Reta;Não;2;0;0;1;1;0;1;2;-20,41245823;-49,25606338;SPRF-SP;DEL09-SP;UOP01-DEL09-SP
733115;20/11/2025;quinta-feira;04:00:00;RJ;356;13;ITAPERUNA;Condutor Dormindo;Colisão lateral sentido oposto;Com Vítimas Feridas;Plena Noite;Decrescente;Céu Claro;Simples;Curva;Não;4;0;1;0;3;0;1;2;-21,1768;-42,0705;SPRF-RJ;DEL08-RJ;UOP03-DEL08-RJ
733120;20/11/2025;quinta-feira;06:20:00;BA;116;832,8;VITORIA DA CONQUISTA;Acessar a via sem observar a presença dos outros veículos;Colisão transversal;Com Vítimas Feridas;Amanhecer;Decrescente;Nublado;Simples;"Retorno Regulamentado;Reta";Não;2;0;0;1;1;0;1;2;-14,92944;-40,886412;SPRF-BA;DEL08-BA;UOP01-DEL08-BA
733127;20/11/2025;quinta-feira;00:30:00;RJ;116;218;PARACAMBI;Ingestão de álcool pelo condutor;Colisão lateral mesmo sentido;Sem Vítimas;Plena Noite;Decrescente;Ignorado;Dupla;Reta;Não;2;0;0;0;2;0;0;2;-22,69043764;-43,80220986;SPRF-RJ;DEL06-RJ;UOP02-DEL06-RJ
733129;20/11/2025;quinta-feira;01:20:00;RS;468;39,5;CORONEL BICACO;Condutor Dormindo;Saída de leito carroçável;Com Vítimas Feridas;Plena Noite;Crescente;Céu Claro;Simples;Reta;Não;1;0;1;0;0;0;1;1;-27,77045882;-53,61851264;SPRF-RS;DEL08-RS;UOP01-DEL08-RS
733138;20/11/2025;quinta-feira;08:20:00;MG;262;613;IBIA;Demais falhas mecânicas ou elétricas;Incêndio;Sem Vítimas;Pleno dia;Crescente;Céu Claro;Simples;"Declive;Curva";Não;2;0;0;0;1;3;0;4;-19,584324;-46,41343;SPRF-MG;DEL08-MG;UOP02-DEL08-MG
733147;20/11/2025;quinta-feira;08:45:00;SC;101;138;BALNEARIO CAMBORIU;Reação tardia ou ineficiente do condutor;Colisão transversal;Com Vítimas Feridas;Pleno dia;Crescente;Céu Claro;Simples;"Interseção de Vias;Reta";Não;3;0;1;1;1;0;2;2;-27,02793579;-48,60591888;SPRF-SC;DEL04-SC;UOP03-DEL04-SC
733158;21/09/2025;domingo;16:58:00;PA;163;162;ALTAMIRA;Ausência de reação do condutor;Colisão frontal;Sem Vítimas;Pleno dia;Crescente;Ignorado;Simples;Reta;Não;3;0;0;0;1;4;0;5;-8,2859;-55,1063;SPRF-PA;DEL05-PA;UOP03-DEL05-PA
733167;20/11/2025;quinta-feira;10:00:00;BA;242;323;LAJEDINHO;Ausência de reação do condutor;Colisão transversal;Com Vítimas Fatais;Pleno dia;Decrescente;Céu Claro;Simples;Curva;Não;4;1;0;1;1;2;1;4;-12,47063432;-41,09691817;SPRF-BA;DEL06-BA;UOP02-DEL06-BA
733169;20/11/2025;quinta-feira;11:49:00;SP;116;282;EMBU DAS ARTES;Trafegar com motocicleta (ou similar) entre as faixas;Colisão lateral mesmo sentido;Com Vítimas Fatais;Pleno dia;Decrescente;Céu Claro;Dupla;Reta;Não;3;1;0;0;1;1;0;3;-23,66083486;-46,85188406;SPRF-SP;DEL04-SP;UOP01-DEL04-SP
733174;20/11/2025;quinta-feira;13:00:00;BA;242;809;BARREIRAS;Condutor deixou de manter distância do veículo da frente;Colisão traseira;Com Vítimas Feridas;Pleno dia;Crescente;Nublado;Simples;Reta;Não;5;0;0;1;3;1;1;5;-12,13948;-44,93633;SPRF-BA;DEL10-BA;UOP01-DEL10-BA
733186;20/11/2025;quinta-feira;10:50:00;MG;50;166,5;UBERABA;Reação tardia ou ineficiente do condutor;Engavetamento;Com Vítimas Feridas;Pleno dia;Decrescente;Céu Claro;Dupla;Reta;Sim;5;0;0;1;3;2;1;6;-19,70704;-47,98431;SPRF-MG;DEL13-MG;UOP01-DEL13-MG
733188;15/11/2025;sábado;08:00:00;CE;116;515,1;BREJO SANTO;Velocidade Incompatível;Saída de leito carroçável;Com Vítimas Feridas;Pleno dia;Decrescente;Céu Claro;Simples;Curva;Não;2;0;0;1;0;1;1;2;-7,59394047;-39,02515411;SPRF-CE;DEL05-CE;UOP03-DEL05-CE
733190;20/11/2025;quinta-feira;13:50:00;DF;80;29;BRASILIA;Reação tardia ou ineficiente do condutor;Tombamento;Sem Vítimas;Pleno dia;Crescente;Céu Claro;Dupla;"Aclive;Curva";Não;3;0;0;0;2;1;0;3;-15,588181;-48,190847;SPRF-DF;DEL03-DF;UOP02-DEL03-DF
733197;20/11/2025;quinta-feira;15:30:00;ES;101;315;VILA VELHA;Velocidade Incompatível;Capotamento;Com Vítimas Feridas;Pleno dia;Decrescente;Céu Claro;Dupla;Curva;Não;2;0;0;1;0;1;1;2;-20,47627387;-40,47067513;SPRF-ES;DEL01-ES;UOP01-DEL01-ES
733202;20/11/2025;quinta-feira;15:25:00;PR;369;151,8;LONDRINA;Ingestão de álcool pelo condutor;Colisão transversal;Com Vítimas Feridas;Pleno dia;Crescente;Céu Claro;Dupla;"Reta;Interseção de Vias";Sim;3;0;0;1;0;2;1;3;-23,29261521;-51,17892981;SPRF-PR;DEL07-PR;UOP01-DEL07-PR
733205;20/11/2025;quinta-feira;14:15:00;SP;116;357;MIRACATU;Problema com o freio;Colisão traseira;Sem Vítimas;Pleno dia;Crescente;Sol;Dupla;Curva;Não;6;0;0;0;5;2;0;6;-24,10329605;-47,26027407;SPRF-SP;DEL04-SP;UOP03-DEL04-SP
733207;20/11/2025;quinta-feira;15:20:00;PR;373;415;FOZ DO JORDAO;Acessar a via sem observar a presença dos outros veículos;Colisão transversal;Com Vítimas Feridas;Pleno dia;Decrescente;Céu Claro;Simples;"Reta;Rotatória";Sim;4;0;1;0;2;2;1;4;-25,67344923;-52,12520671;SPRF-PR;DEL08-PR;UOP01-DEL08-PR
733219;20/11/2025;quinta-feira;14:55:00;BA;116;569,1;BREJOES;Falta de acostamento;Tombamento;Com Vítimas Feridas;Pleno dia;Crescente;Chuva;Simples;"Reta;Aclive";Não;2;0;1;0;0;1;1;2;-13,0315846;-39,9636856;SPRF-BA;DEL03-BA;UOP02-DEL03-BA
733224;20/11/2025;quinta-feira;17:45:00;MG;365;255;BURITIZEIRO;Reação tardia ou ineficiente do condutor;Colisão lateral mesmo sentido;Com Vítimas Feridas;Anoitecer;Crescente;Céu Claro;Simples;Reta;Não;4;0;0;1;2;2;1;4;-17,6261024;-45,3965701;SPRF-MG;DEL10-MG;UOP02-DEL010-MG
733226;20/11/2025;quinta-feira;17:10:00;MG;40;716,3;BARBACENA;Velocidade Incompatível;Tombamento;Com Vítimas Feridas;Pleno dia;Crescente;Céu Claro;Dupla;"Declive;Curva";Não;3;0;1;0;1;1;1;3;-21,28329625;-43,64215851;SPRF-MG;DEL05-MG;UOP01-DEL05-MG
733231;20/11/2025;quinta-feira;19:10:00;MG;50;96,2;UBERLANDIA;Condutor deixou de manter distância do veículo da frente;Colisão traseira;Com Vítimas Fatais;Plena Noite;Decrescente;Nublado;Dupla;"Reta;Aclive";Não;3;1;0;0;1;1;0;3;-19,104235;-48,180083;SPRF-MG;DEL15-MG;UOP01-DEL15-MG
733238;20/11/2025;quinta-feira;19:20:00;PE;104;45,8;CARUARU;Manobra de mudança de faixa;Colisão lateral mesmo sentido;Sem Vítimas;Plena Noite;Crescente;Nublado;Dupla;"Aclive;Reta";Não;2;0;0;0;1;1;0;2;-8,1190267;-36,0010917;SPRF-PE;DEL02-PE;UOP01-DEL02-PE
733251;20/11/2025;quinta-feira;18:30:00;MG;381;894,5;POUSO ALEGRE;Acessar a via sem observar a presença dos outros veículos;Colisão lateral mesmo sentido;Com Vítimas Feridas;Plena Noite;Decrescente;Céu Claro;Dupla;Reta;Não;3;0;0;1;1;1;1;3;-22,2887936;-45,940736;SPRF-MG;DEL16-MG;UOP01-DEL16-MG
733253;20/11/2025;quinta-feira;19:00:00;BA;242;409;SEABRA;Transitar na contramão;Colisão frontal;Com Vítimas Fatais;Plena Noite;Decrescente;Chuva;Simples;Reta;Não;2;1;0;0;1;0;0;2;-12,4615957;-41,74715549;SPRF-BA;DEL06-BA;UOP01-DEL06-BA
733255;20/11/2025;quinta-feira;19:00:00;MG;381;170,2;GOVERNADOR VALADARES;Transitar na contramão;Colisão frontal;Com Vítimas Fatais;Plena Noite;Decrescente;Céu Claro;Simples;Reta;Não;2;1;0;0;1;0;0;2;-18,987611;-42,110573;SPRF-MG;DEL06-MG;UOP01-DEL06-MG
733257;20/11/2025;quinta-feira;17:15:00;MG;251;503,3;FRANCISCO SA;Demais falhas mecânicas ou elétricas;Saída de leito carroçável;Com Vítimas Feridas;Pleno dia;Crescente;Sol;Simples;Reta;Não;2;0;1;0;0;1;1;2;-16,513;-43,68;SPRF-MG;DEL12-MG;UOP01-DEL12-MG
733258;20/11/2025;quinta-feira;19:20:00;MG;251;470,4;FRANCISCO SA;Velocidade Incompatível;Tombamento;Com Vítimas Feridas;Plena Noite;Crescente;Nublado;Simples;"Curva;Declive";Não;1;0;1;0;0;0;1;1;-16,4763166;-43,4134408;SPRF-MG;DEL12-MG;UOP01-DEL12-MG
733261;20/11/2025;quinta-feira;17:45:00;MA;316;465,7;CODO;Trafegar com motocicleta (ou similar) entre as faixas;Colisão frontal;Com Vítimas Fatais;Anoitecer;Decrescente;Céu Claro;Simples;Reta;Não;3;1;0;0;1;1;0;3;-4,544438;-44,012587;SPRF-MA;DEL03-MA;UOP01-DEL03-MA
733262;20/11/2025;quinta-feira;02:30:00;PI;135;510;GILBUES;Reação tardia ou ineficiente do condutor;Saída de leito carroçável;Sem Vítimas;Plena Noite;Decrescente;Nublado;Simples;Reta;Não;1;0;0;0;1;0;0;1;-9,8163143;-45,33044815;SPRF-PI;DEL03-PI;UOP02-DEL03-PI
733269;20/11/2025;quinta-feira;18:17:00;SP;116;334,4;JUQUITIBA;Ausência de reação do condutor;Colisão traseira;Com Vítimas Fatais;Anoitecer;Crescente;Sol;Dupla;"Declive;Curva";Não;2;1;0;0;1;0;0;2;-23,96618;-47,130107;SPRF-SP;DEL04-SP;UOP03-DEL04-SP
733278;20/11/2025;quinta-feira;18:45:00;MT;163;895;CLAUDIA;Ausência de reação do condutor;Saída de leito carroçável;Com Vítimas Feridas;Plena Noite;Decrescente;Chuva;Simples;Reta;Não;2;0;1;0;0;3;1;4;-11,349957;-55,333964;SPRF-MT;DEL06-MT;UOP02-DEL06-MT
733284;20/11/2025;quinta-feira;19:58:00;MG;40;712,1;BARBACENA;Condutor deixou de manter distância do veículo da frente;Colisão traseira;Com Vítimas Feridas;Plena Noite;Crescente;Céu Claro;Dupla;Reta;Não;3;0;1;0;1;2;1;4;-21,25046664;-43,67029522;SPRF-MG;DEL05-MG;UOP02-DEL05-MG
733285;20/11/2025;quinta-feira;20:00:00;SC;280;151;MAFRA;Ultrapassagem Indevida;Colisão frontal;Com Vítimas Feridas;Plena Noite;Decrescente;Céu Claro;Simples;"Declive;Curva";Não;2;0;0;1;0;1;1;2;-26,224188;-49,710452;SPRF-SC;DEL06-SC;UOP03-DEL06-SC
733286;20/11/2025;quinta-feira;20:40:00;CE;304;91;ARACATI;Condutor Dormindo;Tombamento;Com Vítimas Feridas;Plena Noite;Crescente;Céu Claro;Simples;Reta;Não;2;0;1;0;0;1;1;2;-4,798938;-37,49929;SPRF-CE;DEL03-CE;UOP02-DEL03-CE
733289;20/11/2025;quinta-feira;20:00:00;RS;386;72;BOA VISTA DAS MISSOES;Acessar a via sem observar a presença dos outros veículos;Colisão transversal;Com Vítimas Feridas;Plena Noite;Decrescente;Céu Claro;Simples;Reta;Sim;7;0;0;5;1;3;5;5;-27,66868913;-53,31268835;SPRF-RS;DEL08-RS;UOP02-DEL08-RS
733290;20/11/2025;quinta-feira;19:15:00;MA;226;107;CAXIAS;Reação tardia ou ineficiente do condutor;Saída de leito carroçável;Com Vítimas Feridas;Plena Noite;Crescente;Nublado;Simples;"Declive;Curva";Não;2;0;1;0;0;2;1;3;-5,305322;-43,716472;SPRF-MA;DEL03-MA;UOP02-DEL03-MA
733296;20/11/2025;quinta-feira;00:50:00;SP;116;62,7;GUARATINGUETA;Ausência de reação do condutor;Saída de leito carroçável;Com Vítimas Feridas;Plena Noite;Decrescente;Céu Claro;Dupla;Reta;Sim;2;0;1;0;0;1;1;2;-22,8186872;-45,18329848;SPRF-SP;DEL08-SP;UOP01-DEL08-SP
733297;20/11/2025;quinta-feira;12:15:00;RO;364;368;OURO PRETO DO OESTE;Condutor deixou de manter distância do veículo da frente;Colisão traseira;Com Vítimas Feridas;Pleno dia;Decrescente;Céu Claro;Simples;Reta;Não;5;0;1;0;4;0;1;4;-10,763193;-62,133182;SPRF-RO;DEL02-RO;UOP01-DEL02-RO
733300;20/11/2025;quinta-feira;22:30:00;GO;60;129;GOIANIA;Ausência de reação do condutor;Tombamento;Com Vítimas Feridas;Plena Noite;Crescente;Céu Claro;Dupla;Reta;Não;1;0;0;1;0;0;1;1;-16,580608;-49,152;SPRF-GO;DEL01-GO;UOP01-DEL01-GO
733304;21/11/2025;sexta-feira;00:12:00;MG;381;579,9;CARMOPOLIS DE MINAS;Ausência de reação do condutor;Colisão traseira;Com Vítimas Feridas;Plena Noite;Crescente;Nublado;Dupla;"Reta;Aclive";Não;3;0;1;0;1;1;1;3;-20,483822;-44,590746;SPRF-MG;DEL04-MG;UOP01-DEL04-MG
733306;21/11/2025;sexta-feira;00:15:00;SP;116;126;CACAPAVA;Reação tardia ou ineficiente do condutor;Colisão traseira;Com Vítimas Feridas;Plena Noite;Decrescente;Nublado;Dupla;Reta;Sim;3;0;0;1;1;1;1;3;-23,10247056;-45,69143057;SPRF-SP;DEL02-SP;UOP02-DEL02-SP
733307;21/11/2025;sexta-feira;00:01:00;SP;116;443;REGISTRO;Ausência de reação do condutor;Saída de leito carroçável;Com Vítimas Feridas;Plena Noite;Crescente;Céu Claro;Dupla;Reta;Não;2;0;1;0;0;1;1;2;-24,48713725;-47,83456123;SPRF-SP;DEL05-SP;UOP01-DEL05-SP
733309;20/11/2025;quinta-feira;20:38:00;MG;381;231,7;SANTANA DO PARAISO;Acessar a via sem observar a presença dos outros veículos;Colisão transversal;Com Vítimas Fatais;Plena Noite;Crescente;Nublado;Simples;"Reta;Interseção de Vias";Não;7;1;0;4;1;3;4;5;-19,371301;-42,457494;SPRF-MG;DEL06-MG;UOP01-DEL06-MG
733311;21/11/2025;sexta-feira;00:10:00;BA;324;351;CAPIM GROSSO;Pista Escorregadia;Derramamento de carga;Com Vítimas Feridas;Plena Noite;Crescente;Chuva;Simples;Rotatória;Não;2;0;2;0;0;0;2;1;-11,38748458;-40,01049042;SPRF-BA;DEL04-BA;UOP02-DEL04-BA
733312;21/11/2025;sexta-feira;01:10:00;MG;262;360;JUATUBA;Reação tardia ou ineficiente do condutor;Colisão traseira;Sem Vítimas;Pleno dia;Crescente;Céu Claro;Dupla;"Aclive;Reta";Sim;2;0;0;0;1;1;0;2;-19,97253612;-44,31070514;SPRF-MG;DEL01-MG;UOP03-DEL01-MG
733319;21/11/2025;sexta-feira;04:30:00;RS;158;198,8;CRUZ ALTA;Velocidade Incompatível;Tombamento;Com Vítimas Feridas;Plena Noite;Crescente;Céu Claro;Simples;Interseção de Vias;Não;2;0;1;0;0;2;1;3;-28,67607822;-53,59434335;SPRF-RS;DEL10-RS;UOP02-DEL10-RS
733323;21/11/2025;sexta-feira;06:15:00;GO;60;87;ANAPOLIS;Manobra de mudança de faixa;Colisão lateral mesmo sentido;Com Vítimas Feridas;Pleno dia;Decrescente;Céu Claro;Dupla;Reta;Não;3;0;0;1;1;2;1;4;-16,32682082;-48,88209052;SPRF-GO;DEL02-GO;UOP01-DEL02-GO
733324;21/11/2025;sexta-feira;06:00:00;MG;381;947,9;EXTREMA;Velocidade Incompatível;Colisão traseira;Com Vítimas Feridas;Amanhecer;Decrescente;Céu Claro;Dupla;"Reta;Aclive";Sim;2;0;1;0;0;1;1;2;-22,86897534;-46,35557771;SPRF-MG;DEL16-MG;UOP03-DEL16-MG
733325;20/11/2025;quinta-feira;16:40:00;RJ;393;274;BARRA DO PIRAI;Velocidade Incompatível;Tombamento;Com Vítimas Feridas;Pleno dia;Crescente;Céu Claro;Simples;Curva;Não;2;0;1;0;0;1;1;2;-22,47639598;-43,9973259;SPRF-RJ;DEL05-RJ;UOP04-DEL05-RJ
733326;20/11/2025;quinta-feira;19:10:00;MG;116;190,6;CARAI;Transitar na contramão;Colisão lateral sentido oposto;Com Vítimas Feridas;Plena Noite;Decrescente;Nublado;Simples;Curva;Não;6;0;0;1;1;4;1;3;-17,167374;-41,494378;SPRF-MG;DEL11-MG;UOP01-DEL11-MG
733327;21/11/2025;sexta-feira;04:00:00;MG;116;788,1;LEOPOLDINA;Condutor Dormindo;Colisão lateral sentido oposto;Com Vítimas Feridas;Plena Noite;Crescente;Céu Claro;Simples;Curva;Não;2;0;1;0;1;0;1;2;-21,5425212;-42,655638;SPRF-MG;DEL07-MG;UOP01-DEL07-MG
733329;21/11/2025;sexta-feira;06:30:00;SC;280;67,5;JARAGUA DO SUL;Desrespeitar a preferência no cruzamento;Colisão transversal;Com Vítimas Feridas;Pleno dia;Crescente;Céu Claro;Simples;Rotatória;Sim;3;0;1;0;1;1;1;3;-26,473195;-49,11;SPRF-SC;DEL03-SC;UOP03-DEL03-SC
733331;21/11/2025;sexta-feira;06:15:00;BA;242;854;BARREIRAS;Transitar na contramão;Colisão frontal;Com Vítimas Fatais;Amanhecer;Decrescente;Nublado;Simples;Reta;Não;3;1;0;0;1;2;0;4;-12,1102;-45,28529;SPRF-BA;DEL10-BA;UOP01-DEL10-BA
733335;21/11/2025;sexta-feira;04:00:00;PE;428;149;PETROLINA;Ultrapassagem Indevida;Colisão frontal;Com Vítimas Fatais;Amanhecer;Crescente;Céu Claro;Simples;Reta;Não;6;1;1;2;2;0;3;4;-9,0679;-40,310108;SPRF-PE;DEL06-PE;UOP01-DEL06-PE
733338;21/11/2025;sexta-feira;07:20:00;GO;60;46;ABADIANIA;Velocidade Incompatível;Saída de leito carroçável;Com Vítimas Feridas;Pleno dia;Decrescente;Céu Claro;Dupla;"Declive;Curva";Não;2;0;1;0;0;1;1;2;-16,148655;-48,609249;SPRF-GO;DEL02-GO;UOP01-DEL02-GO
733345;21/11/2025;sexta-feira;07:40:00;MG;40;521;CONTAGEM;Acessar a via sem observar a presença dos outros veículos;Colisão lateral mesmo sentido;Com Vítimas Feridas;Pleno dia;Crescente;Céu Claro;Dupla;Reta;Não;5;0;1;0;3;2;1;5;-19,85595661;-44,0723896;SPRF-MG;DEL01-MG;UOP02-DEL01-MG
733347;21/11/2025;sexta-feira;05:00:00;ES;262;176;IBATIBA;Reação tardia ou ineficiente do condutor;Tombamento;Com Vítimas Feridas;Amanhecer;Crescente;Céu Claro;Simples;Curva;Não;2;0;2;0;0;0;2;1;-20,27587905;-41,63429465;SPRF-ES;DEL01-ES;UOP02-DEL01-ES
733355;21/11/2025;sexta-feira;08:30:00;BA;324;618;SALVADOR;Pista Escorregadia;Queda de ocupante de veículo;Com Vítimas Feridas;Pleno dia;Decrescente;Nublado;Múltipla;Reta;Sim;3;0;1;0;1;1;1;3;-12,90231035;-38,45308185;SPRF-BA;DEL01-BA;UOP01-DEL01-BA
733360;21/11/2025;sexta-feira;09:10:00;ES;262;39;DOMINGOS MARTINS;Acesso irregular;Colisão lateral mesmo sentido;Com Vítimas Fatais;Pleno dia;Crescente;Céu Claro;Simples;"Interseção de Vias;Retorno Regulamentado;Reta";Não;2;1;0;0;1;0;0;2;-20,3804508;-40,6333614;SPRF-ES;DEL01-ES;UOP01-DEL01-ES
733365;21/11/2025;sexta-feira;08:30:00;RJ;40;18;TRES RIOS;Acessar a via sem observar a presença dos outros veículos;Colisão traseira;Com Vítimas Feridas;Pleno dia;Crescente;Céu Claro;Dupla;Curva;Não;8;0;3;0;5;0;3;3;-22,09601;-43,1723533;SPRF-RJ;DEL05-RJ;UOP02-DEL05-RJ
733367;21/11/2025;sexta-feira;08:50:00;MG;262;21,1;REDUTO;Velocidade Incompatível;Tombamento;Com Vítimas Feridas;Pleno dia;Decrescente;Céu Claro;Simples;"Declive;Curva";Não;4;0;1;0;2;1;1;3;-20,2534243;-41,91427517;SPRF-MG;DEL06-MG;UOP03-DEL06-MG
733369;21/11/2025;sexta-feira;09:40:00;SP;116;437;REGISTRO;Demais falhas mecânicas ou elétricas;Incêndio;Sem Vítimas;Pleno dia;Crescente;Céu Claro;Dupla;Reta;Não;2;0;0;0;1;1;0;2;-24,4442842;-47,8018973;SPRF-SP;DEL05-SP;UOP01-DEL05-SP
733373;21/11/2025;sexta-feira;07:17:00;SP;116;219,5;GUARULHOS;Pedestre andava na pista;Atropelamento de Pedestre;Com Vítimas Feridas;Pleno dia;Decrescente;Céu Claro;Múltipla;"Interseção de Vias;Reta";Sim;3;0;0;1;0;2;1;3;-23,463242;-46,493538;SPRF-SP;DEL01-SP;UOP01-DEL01-SP
733374;21/11/2025;sexta-feira;09:40:00;BA;324;616;SALVADOR;Acessar a via sem observar a presença dos outros veículos;Atropelamento de Pedestre;Com Vítimas Fatais;Pleno dia;Decrescente;Nublado;Dupla;Reta;Sim;2;1;0;0;1;0;0;2;-12,88673;-38,438982;SPRF-BA;DEL01-BA;UOP01-DEL01-BA
733375;21/11/2025;sexta-feira;11:00:00;MG;365;479;PATROCINIO;Demais falhas mecânicas ou elétricas;Incêndio;Sem Vítimas;Pleno dia;Crescente;Céu Claro;Simples;Reta;Não;2;0;0;0;1;2;0;3;-18,91027675;-47,04373015;SPRF-MG;DEL10-MG;UOP01-DEL10-MG
733376;21/11/2025;sexta-feira;09:30:00;MG;381;258,6;TIMOTEO;Transitar na contramão;Colisão lateral sentido oposto;Com Vítimas Feridas;Pleno dia;Crescente;Céu Claro;Simples;Reta;Sim;2;0;1;0;1;0;1;2;-19,53132713;-42,60737658;SPRF-MG;DEL03-MG;UOP01-DEL03-MG
733380;21/11/2025;sexta-feira;11:55:00;MG;381;489;BETIM;Reação tardia ou ineficiente do condutor;Colisão traseira;Com Vítimas Feridas;Pleno dia;Decrescente;Céu Claro;Dupla;Reta;Sim;2;0;1;0;1;0;1;2;-19,9574488;-44,13737744;SPRF-MG;DEL01-MG;UOP03-DEL01-MG
733381;21/11/2025;sexta-feira;09:00:00;RJ;393;128;SAPUCAIA;Conversão proibida;Tombamento;Com Vítimas Feridas;Pleno dia;Decrescente;Céu Claro;Simples;Reta;Não;3;0;1;0;0;2;1;3;-21,968979;-42,875655;SPRF-RJ;DEL05-RJ;UOP01-DEL05-RJ
733383;21/11/2025;sexta-feira;11:00:00;RJ;101;303;SAO GONCALO;Condutor deixou de manter distância do veículo da frente;Colisão traseira;Com Vítimas Feridas;Pleno dia;Crescente;Céu Claro;Dupla;Reta;Sim;4;0;1;0;3;0;1;2;-22,78434793;-42,98559666;SPRF-RJ;DEL02-RJ;UOP02-DEL02-RJ
733386;21/11/2025;sexta-feira;11:30:00;RS;116;83,7;CAMPESTRE DA SERRA;Reação tardia ou ineficiente do condutor;Saída de leito carroçável;Com Vítimas Feridas;Pleno dia;Crescente;Céu Claro;Simples;"Reta;Declive";Não;2;0;1;0;0;1;1;2;-28,82459;-51,11831;SPRF-RS;DEL05-RS;UOP03-DEL05-RS
733390;21/11/2025;sexta-feira;12:30:00;RS;116;249;SAO LEOPOLDO;Ausência de reação do condutor;Colisão traseira;Com Vítimas Feridas;Pleno dia;Crescente;Céu Claro;Dupla;"Em Obras;Reta";Sim;3;0;0;1;1;1;1;3;-29,78256208;-51,16050337;SPRF-RS;DEL01-RS;UOP02-DEL01-RS
733393;21/11/2025;sexta-feira;08:20:00;PI;343;251,4;CAMPO MAIOR;Demais falhas mecânicas ou elétricas;Incêndio;Sem Vítimas;Pleno dia;Crescente;Céu Claro;Simples;Curva;Não;1;0;0;0;1;0;0;1;-4,73007762;-42,10586786;SPRF-PI;DEL01-PI;UOP03-DEL01-PI
733404;21/11/2025;sexta-feira;14:50:00;BA;242;830;BARREIRAS;Manobra de mudança de faixa;Colisão frontal;Com Vítimas Feridas;Pleno dia;Crescente;Sol;Simples;Curva;Não;4;0;0;2;1;2;2;4;-12,11387349;-45,07930666;SPRF-BA;DEL10-BA;UOP01-DEL10-BA
733407;21/11/2025;sexta-feira;14:30:00;RJ;40;51;PETROPOLIS;Reação tardia ou ineficiente do condutor;Colisão traseira;Com Vítimas Feridas;Pleno dia;Decrescente;Céu Claro;Dupla;Reta;Não;3;0;2;0;1;0;2;2;-22,3350537;-43,13331121;SPRF-RJ;DEL05-RJ;UOP02-DEL05-RJ
733408;21/11/2025;sexta-feira;15:00:00;PE;423;105;CAETES;Reação tardia ou ineficiente do condutor;Colisão lateral mesmo sentido;Sem Vítimas;Pleno dia;Crescente;Céu Claro;Simples;"Aclive;Reta";Não;2;0;0;0;2;0;0;2;-8,879903;-36,565943;SPRF-PE;DEL03-PE;UOP01-DEL03-PE
733409;21/11/2025;sexta-feira;10:47:00;MT;163;606;NOVA MUTUM;Ausência de reação do condutor;Saída de leito carroçável;Com Vítimas Feridas;Pleno dia;Crescente;Céu Claro;Dupla;Reta;Não;2;0;1;0;0;2;1;3;-13,76414607;-56,05413437;SPRF-MT;DEL01-MT;UOP01-DEL01-MT
733410;21/11/2025;sexta-feira;15:15:00;SC;101;147;ITAPEMA;Manobra de mudança de faixa;Colisão traseira;Com Vítimas Feridas;Pleno dia;Decrescente;Céu Claro;Dupla;Reta;Sim;3;0;0;1;1;1;1;3;-27,08775974;-48,61095842;SPRF-SC;DEL04-SC;UOP03-DEL04-SC