id;data_inversa;dia_semana;horario;uf;br;km;municipio;causa_acidente;tipo_acidente;classificacao_acidente;fase_dia;sentido_via;condicao_metereologica;tipo_pista;tracado_via;uso_solo;pessoas;mortos;feridos_leves;feridos_graves;ilesos;ignorados;feridos;veiculos;latitude;longitude;regional;delegacia;uop
734479;26/11/2025;quarta-feira;10:00:00;RJ;40;112;DUQUE DE CAXIAS;Manobra de mudança de faixa;Colisão lateral mesmo sentido;Com Vítimas Feridas;Pleno dia;Crescente;Céu Claro;Múltipla;Reta;Sim;2;0;1;0;1;0;1;2;-22,70688163;-43,29057212;SPRF-RJ;DEL01-RJ;UOP02-DEL01-RJ
734480;26/11/2025;quarta-feira;07:00:00;MT;364;403;CUIABA;Condutor deixou de manter distância do veículo da frente;Queda de ocupante de veículo;Com Vítimas Feridas;Pleno dia;Decrescente;Sol;Dupla;Declive;Sim;4;0;1;1;0;2;2;3;-15,65039;-55,9988;SPRF-MT;DEL01-MT;UOP02-DEL01-MT
734481;26/11/2025;quarta-feira;12:00:00;SC;470;2,8;NAVEGANTES;Manobra de mudança de faixa;Colisão lateral mesmo sentido;Com Vítimas Feridas;Pleno dia;Crescente;Nublado;Dupla;Reta;Não;3;0;0;1;1;1;1;3;-26,86372089;-48,67937922;SPRF-SC;DEL04-SC;UOP04-DEL04-SC
734488;26/11/2025;quarta-feira;07:58:00;MG;251;434;GRAO MOGOL;Condutor Dormindo;Colisão lateral sentido oposto;Com Vítimas Feridas;Pleno dia;Decrescente;Céu Claro;Simples;Reta;Não;3;0;0;1;1;1;1;3;-16,345165;-43,147813;SPRF-MG;DEL12-MG;UOP01-DEL12-MG
734490;26/11/2025;quarta-feira;16:10:00;RJ;116;172;RIO DE JANEIRO;Ausência de reação do condutor;Colisão traseira;Sem Vítimas;Pleno dia;Decrescente;Céu Claro;Múltipla;Reta;Não;2;0;0;0;2;0;0;2;-22,8193179;-43,3280969;SPRF-RJ;DEL06-RJ;UOP01-DEL06-RJ
734496;26/11/2025;quarta-feira;16:00:00;GO;60;16;ALEXANIA;Reação tardia ou ineficiente do condutor;Colisão transversal;Com Vítimas Feridas;Pleno dia;Crescente;Céu Claro;Dupla;Reta;Não;3;0;1;0;1;2;1;4;-16,113739;-48,36848;SPRF-DF;DEL03-DF;UOP01-DEL03-DF
734497;26/11/2025;quarta-feira;17:10:00;SP;116;82,3;ROSEIRA;Condutor deixou de manter distância do veículo da frente;Colisão traseira;Com Vítimas Feridas;Pleno dia;Decrescente;Sol;Dupla;Reta;Não;3;0;0;1;1;1;1;3;-22,90997812;-45,32042997;SPRF-SP;DEL08-SP;UOP01-DEL08-SP
734501;26/11/2025;quarta-feira;15:45:00;RR;174;493;BOA VISTA;Transitar na contramão;Colisão frontal;Com Vítimas Feridas;Pleno dia;Decrescente;Céu Claro;Simples;Curva;Não;5;0;4;0;1;0;4;2;2,74242611;-60,75247876;SPRF-RR;DEL01-RR;UOP01-DEL01-RR
734505;16/10/2025;quinta-feira;11:00:00;PR;476;242,4;LAPA;Reação tardia ou ineficiente do condutor;Tombamento;Com Vítimas Feridas;Pleno dia;Crescente;Céu Claro;Simples;Curva;Não;2;0;1;0;0;2;1;3;-25,8595;-50,09167;SPRF-PR;DEL02-PR;UOP03-DEL02-PR
734512;26/11/2025;quarta-feira;15:00:00;RJ;393;165;TRES RIOS;Ausência de reação do condutor;Tombamento;Com Vítimas Feridas;Pleno dia;Decrescente;Céu Claro;Simples;"Curva;Ponte";Não;3;0;1;0;1;2;1;3;-22,12577288;-43,14215032;SPRF-RJ;DEL05-RJ;UOP01-DEL05-RJ
734513;26/11/2025;quarta-feira;10:45:00;PR;277;484;NOVA LARANJEIRAS;Reação tardia ou ineficiente do condutor;Engavetamento;Sem Vítimas;Pleno dia;Crescente;Céu Claro;Simples;Reta;Não;4;0;0;0;3;1;0;4;-25,2719;-52,60606;SPRF-PR;DEL04-PR;UOP02-DEL04-PR
734514;26/11/2025;quarta-feira;18:10:00;RJ;101;67;CAMPOS DOS GOYTACAZES;Reação tardia ou ineficiente do condutor;Colisão traseira;Com Vítimas Feridas;Anoitecer;Decrescente;Nublado;Simples;Curva;Não;2;0;1;0;1;0;1;2;-21,76610597;-41,34529475;SPRF-RJ;DEL08-RJ;UOP02-DEL08-RJ
734522;26/11/2025;quarta-feira;17:45:00;PR;376;597;CURITIBA;Trafegar com motocicleta (ou similar) entre as faixas;Colisão traseira;Com Vítimas Feridas;Anoitecer;Decrescente;Céu Claro;Dupla;"Reta;Aclive";Sim;4;0;1;0;3;0;1;3;-25,485052;-49,347243;SPRF-PR;DEL01-PR;UOP03-DEL01-PR
734532;25/11/2025;terça-feira;20:14:00;MA;135;0,7;SAO LUIS;Ausência de reação do condutor;Colisão transversal;Com Vítimas Feridas;Plena Noite;Decrescente;Céu Claro;Simples;Reta;Não;3;0;1;0;1;2;1;4;-2,571218;-44,364055;SPRF-MA;DEL01-MA;UOP01-DEL01-MA
734540;26/11/2025;quarta-feira;19:00:00;SP;116;296;ITAPECERICA DA SERRA;Demais falhas mecânicas ou elétricas;Colisão traseira;Com Vítimas Feridas;Plena Noite;Decrescente;Céu Claro;Dupla;Reta;Não;4;0;1;0;2;1;1;4;-23,76766126;-46,90895028;SPRF-SP;DEL04-SP;UOP01-DEL04-SP
734544;26/11/2025;quarta-feira;19:30:00;BA;101;901;CARAVELAS;Reação tardia ou ineficiente do condutor;Colisão frontal;Com Vítimas Fatais;Plena Noite;Crescente;Nublado;Simples;"Declive;Curva";Não;2;1;0;0;1;0;0;2;-17,744235;-39,766226;SPRF-BA;DEL09-BA;UOP02-DEL09-BA
734548;26/11/2025;quarta-feira;11:20:00;PA;316;73;SAO FRANCISCO DO PARA;Demais falhas mecânicas ou elétricas;Eventos atípicos;Com Vítimas Feridas;Pleno dia;Decrescente;Céu Claro;Simples;Reta;Não;6;0;2;0;3;2;2;4;-1,29186333;-47,82951833;SPRF-PA;DEL01-PA;UOP01-DEL01-PA
734552;26/11/2025;quarta-feira;18:30:00;ES;101;431;ATILIO VIVACQUA;Ultrapassagem Indevida;Colisão traseira;Sem Vítimas;Plena Noite;Crescente;Céu Claro;Simples;Reta;Não;4;0;0;0;2;3;0;5;-21,02721;-41,17779;SPRF-ES;DEL03-ES;UOP02-DEL03-ES
734556;26/11/2025;quarta-feira;17:30:00;PA;10;217;IPIXUNA DO PARA;Manobra de mudança de faixa;Colisão lateral mesmo sentido;Com Vítimas Feridas;Anoitecer;Decrescente;Céu Claro;Simples;"Reta;Aclive";Não;5;0;2;0;2;3;2;5;-2,527608;-47,50308;SPRF-PA;DEL02-PA;UOP01-DEL02-PA
734559;26/11/2025;quarta-feira;16:35:00;GO;364;192;JATAI;Reação tardia ou ineficiente do condutor;Colisão lateral mesmo sentido;Com Vítimas Feridas;Pleno dia;Crescente;Céu Claro;Dupla;Rotatória;Não;3;0;2;0;0;1;2;3;-17,91674857;-51,69362336;SPRF-GO;DEL05-GO;UOP01-DEL05-GO
734578;26/11/2025;quarta-feira;17:00:00;MA;222;270;SAO LUIS;Manobra de mudança de faixa;Colisão lateral mesmo sentido;Sem Vítimas;Pleno dia;Decrescente;Céu Claro;Simples;Reta;Não;2;0;0;0;1;1;0;2;-2,688061;-44,2998856;SPRF-MA;DEL01-MA;UOP02-DEL01-MA
734579;26/11/2025;quarta-feira;22:30:00;MG;40;753,9;EWBANK DA CAMARA;Mal súbito do condutor;Saída de leito carroçável;Com Vítimas Feridas;Plena Noite;Decrescente;Céu Claro;Simples;Reta;Não;2;0;1;0;0;1;1;2;-21,51973;-43,52288;SPRF-MG;DEL05-MG;UOP01-DEL05-MG
734581;26/11/2025;quarta-feira;19:00:00;MA;222;449;SANTA LUZIA;Ausência de reação do condutor;Tombamento;Com Vítimas Feridas;Plena Noite;Crescente;Céu Claro;Simples;Curva;Não;2;0;1;0;0;1;1;2;-4,110818;-45,96918;SPRF-MA;DEL02-MA;UOP01-DEL02-MA
734585;26/11/2025;quarta-feira;21:15:00;SC;282;402,9;JOACABA;Transitar na contramão;Colisão frontal;Com Vítimas Feridas;Plena Noite;Crescente;Céu Claro;Simples;Curva;Não;2;0;0;1;1;0;1;2;-27,116228;-51,630935;SPRF-SC;DEL07-SC;UOP05-DEL07-SC
734588;25/10/2025;sábado;06:09:00;BA;324;546;AMELIA RODRIGUES;Velocidade Incompatível;Tombamento;Com Vítimas Feridas;Pleno dia;Crescente;Céu Claro;Dupla;"Curva;Declive";Sim;3;0;0;1;1;2;1;3;-12,432637;-38,73186;SPRF-BA;DEL01-BA;UOP03-DEL01-BA
734589;26/11/2025;quarta-feira;23:00:00;MS;267;64,1;BATAGUASSU;Demais falhas mecânicas ou elétricas;Incêndio;Sem Vítimas;Plena Noite;Decrescente;Céu Claro;Simples;"Reta;Declive";Não;2;0;0;0;1;3;0;4;-21,847798;-52,710633;SPRF-MS;DEL02-MS;UOP04-DEL02-MS
734593;27/11/2025;quinta-feira;02:00:00;RJ;101;302;SAO GONCALO;Reação tardia ou ineficiente do condutor;Colisão com objeto;Com Vítimas Feridas;Plena Noite;Crescente;Nublado;Dupla;Reta;Sim;3;0;3;0;0;0;3;1;-22,78077143;-42,9686451;SPRF-RJ;DEL02-RJ;UOP02-DEL02-RJ
734594;27/11/2025;quinta-feira;03:10:00;ES;101;379,9;ICONHA;Velocidade Incompatível;Tombamento;Com Vítimas Feridas;Plena Noite;Decrescente;Nublado;Simples;"Curva;Aclive;Ponte";Não;2;0;1;0;0;1;1;2;-20,80616779;-40,83191156;SPRF-ES;DEL03-ES;UOP01-DEL03-ES
734598;27/11/2025;quinta-feira;04:45:00;SC;101;355,7;SANGAO;Manobra de mudança de faixa;Colisão lateral mesmo sentido;Com Vítimas Feridas;Pleno dia;Decrescente;Céu Claro;Dupla;Reta;Não;4;0;1;0;2;1;1;3;-28,64089;-49,09923;SPRF-SC;DEL02-SC;UOP01-DEL02-SC
734602;27/11/2025;quinta-feira;06:00:00;MG;381;908;CAMBUI;Ausência de reação do condutor;Colisão traseira;Com Vítimas Feridas;Amanhecer;Decrescente;Céu Claro;Dupla;"Aclive;Curva";Não;3;0;1;0;1;1;1;3;-22,59309212;-46,05503082;SPRF-MG;DEL16-MG;UOP03-DEL16-MG
734606;26/11/2025;quarta-feira;23:35:00;SC;470;7;NAVEGANTES;Iluminação deficiente;Colisão traseira;Com Vítimas Feridas;Plena Noite;Decrescente;Nublado;Dupla;Reta;Sim;3;0;1;0;0;2;1;3;-26,84415424;-48,71526115;SPRF-SC;DEL04-SC;UOP04-DEL04-SC
734608;27/11/2025;quinta-feira;06:25:00;ES;101;3,7;ICONHA;Reação tardia ou ineficiente do condutor;Colisão lateral mesmo sentido;Com Vítimas Feridas;Pleno dia;Crescente;Nublado;Dupla;Curva;Não;6;0;1;0;4;7;1;12;-20,8095175;-40,80182791;SPRF-ES;DEL03-ES;UOP02-DEL03-ES
734611;27/11/2025;quinta-feira;06:00:00;MG;50;56;UBERLANDIA;Reação tardia ou ineficiente do condutor;Colisão traseira;Com Vítimas Feridas;Amanhecer;Decrescente;Céu Claro;Dupla;"Reta;Declive";Não;7;0;4;0;2;1;4;3;-18,7817933;-48,2356067;SPRF-MG;DEL15-MG;UOP02-DEL15-MG
734612;27/11/2025;quinta-feira;05:40:00;RJ;116;320;ITATIAIA;Ausência de reação do condutor;Colisão traseira;Com Vítimas Fatais;Pleno dia;Crescente;Céu Claro;Dupla;Reta;Sim;10;1;7;1;1;0;8;2;-22,48015235;-44,53361448;SPRF-RJ;DEL07-RJ;UOP02-DEL07-RJ
734615;27/11/2025;quinta-feira;07:00:00;GO;60;69,6;ABADIANIA;Condutor Dormindo;Colisão traseira;Com Vítimas Feridas;Pleno dia;Crescente;Céu Claro;Dupla;Reta;Sim;3;0;0;1;1;2;1;4;-16,237788;-48,759787;SPRF-GO;DEL02-GO;UOP01-DEL02-GO
734618;27/11/2025;quinta-feira;04:30:00;BA;116;652;JEQUIE;Acesso irregular;Colisão transversal;Com Vítimas Feridas;Amanhecer;Crescente;Céu Claro;Simples;Curva;Não;3;0;1;0;2;0;1;2;-13,8838016;-40,1342464;SPRF-BA;DEL03-BA;UOP01-DEL03-BA
734626;11/11/2025;terça-feira;01:10:00;BA;324;462,6;CANDEAL;Reação tardia ou ineficiente do condutor;Colisão traseira;Com Vítimas Fatais;Plena Noite;Decrescente;Céu Claro;Simples;Reta;Não;4;1;0;0;2;3;0;6;-11,938765;-39,218035;SPRF-BA;DEL02-BA;UOP01-DEL02-BA
734636;14/11/2025;sexta-feira;16:45:00;BA;116;663;JEQUIE;Ausência de reação do condutor;Colisão traseira;Com Vítimas Feridas;Pleno dia;Crescente;Céu Claro;Simples;"Declive;Reta";Não;3;0;1;0;1;2;1;4;-13,73976027;-40,0987866;SPRF-BA;DEL03-BA;UOP01-DEL03-BA
734638;27/11/2025;quinta-feira;07:20:00;BA;242;416;SEABRA;Reação tardia ou ineficiente do condutor;Colisão traseira;Com Vítimas Feridas;Pleno dia;Crescente;Nublado;Simples;Reta;Sim;3;0;1;0;1;2;1;4;-12,428152;-41,775762;SPRF-BA;DEL06-BA;UOP01-DEL06-BA
734642;27/11/2025;quinta-feira;04:30:00;BA;110;149;CICERO DANTAS;Ausência de reação do condutor;Saída de leito carroçável;Com Vítimas Fatais;Amanhecer;Decrescente;Céu Claro;Simples;Reta;Não;3;1;2;0;0;0;2;1;-10,62728817;-38,39228153;SPRF-BA;DEL07-BA;UOP02-DEL07-BA
734649;27/11/2025;quinta-feira;08:47:00;TO;153;402;MIRANORTE;Pista Escorregadia;Colisão traseira;Com Vítimas Feridas;Pleno dia;Crescente;Chuva;Simples;"Declive;Reta";Não;5;0;2;0;3;0;2;2;-9,42951398;-48,57358217;SPRF-TO;DEL02-TO;UOP02-DEL02-TO
734674;27/11/2025;quinta-feira;12:15:00;SC;470;125,4;LONTRAS;Reação tardia ou ineficiente do condutor;Tombamento;Com Vítimas Feridas;Pleno dia;Crescente;Céu Claro;Simples;Reta;Não;3;0;0;1;2;0;1;3;-27,12389;-49,53696;SPRF-SC;DEL04-SC;UOP02-DEL04-SC
734680;27/11/2025;quinta-feira;10:43:00;MG;262;678,2;ARAXA;Acessar a via sem observar a presença dos outros veículos;Colisão transversal;Com Vítimas Feridas;Pleno dia;Crescente;Céu Claro;Simples;Rotatória;Não;4;0;1;0;3;0;1;2;-19,554331;-46,964689;SPRF-MG;DEL08-MG;UOP01-DEL08-MG
734682;27/11/2025;quinta-feira;09:20:00;BA;116;27,7;ABARE;Avarias e/ou desgaste excessivo no pneu;Colisão lateral sentido oposto;Com Vítimas Feridas;Pleno dia;Decrescente;Céu Claro;Simples;"Reta;Em Obras";Não;4;0;1;0;2;2;1;5;-8,866007;-39,254962;SPRF-PE;DEL05-PE;UOP03-DEL05-PE
734683;27/11/2025;quinta-feira;13:00:00;RN;304;157;ANGICOS;Desrespeitar a preferência no cruzamento;Colisão transversal;Sem Vítimas;Pleno dia;Crescente;Sol;Simples;"Ponte;Curva";Sim;2;0;0;0;2;0;0;2;-5,6955906;-36,56387329;SPRF-RN;DEL04-RN;UOP01-DEL04-RN
734688;27/11/2025;quinta-feira;13:40:00;MG;40;668,5;CARANDAI;Acesso irregular;Colisão transversal;Com Vítimas Feridas;Pleno dia;Crescente;Sol;Simples;Reta;Sim;4;0;1;1;1;1;2;4;-20,9625816;-43,7879283;SPRF-MG;DEL05-MG;UOP02-DEL05-MG
734689;24/11/2025;segunda-feira;03:25:00;BA;324;575;SAO SEBASTIAO DO PASSE;Condutor deixou de manter distância do veículo da frente;Tombamento;Com Vítimas Feridas;Plena Noite;Crescente;Céu Claro;Dupla;Reta;Não;1;0;1;0;0;0;1;1;-12,5767717;-38,5400491;SPRF-BA;DEL01-BA;UOP01-DEL01-BA
734695;27/11/2025;quinta-feira;12:40:00;MT;364;13;SANTO ANTONIO DO LEVERGER;Curva acentuada;Saída de leito carroçável;Sem Vítimas;Pleno dia;Crescente;Garoa/Chuvisco;Dupla;Curva;Não;2;0;0;0;1;1;0;2;-15,80733038;-55,55442721;SPRF-MT;DEL02-MT;UOP02-DEL02-MT
734700;27/11/2025;quinta-feira;15:35:00;ES;101;5;ICONHA;Ausência de reação do condutor;Colisão traseira;Com Vítimas Feridas;Pleno dia;Crescente;Nublado;Dupla;"Curva;Aclive";Não;3;0;1;0;0;2;1;3;-20,802307;-40,820183;SPRF-ES;DEL03-ES;UOP02-DEL03-ES
734701;27/11/2025;quinta-feira;11:00:00;SP;116;545;BARRA DO TURVO;Reação tardia ou ineficiente do condutor;Tombamento;Com Vítimas Feridas;Pleno dia;Decrescente;Céu Claro;Dupla;Curva;Não;1;0;1;0;0;0;1;1;-24,9288355;-48,271591;SPRF-SP;DEL05-SP;UOP02-DEL05-SP
734702;27/11/2025;quinta-feira;14:52:00;PI;316;222;VALENCA DO PIAUI;Reação tardia ou ineficiente do condutor;Colisão lateral mesmo sentido;Com Vítimas Feridas;Pleno dia;Crescente;Céu Claro;Simples;Reta;Não;3;0;1;0;1;1;1;3;-6,498614;-41,739619;SPRF-PI;DEL04-PI;UOP02-DEL04-PI
734704;27/11/2025;quinta-feira;12:00:00;PE;232;438;SERRA TALHADA;Avarias e/ou desgaste excessivo no pneu;Colisão com objeto;Com Vítimas Feridas;Pleno dia;Crescente;Céu Claro;Simples;Declive;Não;1;0;1;0;0;0;1;1;-8,010509;-38,550887;SPRF-PE;DEL04-PE;UOP01-DEL04-PE
734713;27/11/2025;quinta-feira;13:38:00;MS;163;226,8;CAARAPO;Transitar na contramão;Colisão lateral sentido oposto;Com Vítimas Feridas;Pleno dia;Decrescente;Céu Claro;Simples;"Aclive;Curva";Não;6;0;1;0;4;2;1;7;-22,482838;-54,86641;SPRF-MS;DEL04-MS;UOP02-DEL04-MS
734717;27/11/2025;quinta-feira;16:00:00;GO;20;174;SIMOLANDIA;Velocidade Incompatível;Colisão com objeto;Sem Vítimas;Pleno dia;Crescente;Chuva;Simples;Curva;Não;3;0;0;0;2;1;0;2;-14,4514189;-46,4691545;SPRF-DF;DEL02-DF;UOP03-DEL02-DF
734719;27/11/2025;quinta-feira;15:50:00;SP;116;98,7;PINDAMONHANGABA;Reação tardia ou ineficiente do condutor;Colisão traseira;Com Vítimas Feridas;Pleno dia;Crescente;Céu Claro;Dupla;Reta;Não;3;0;0;1;1;2;1;4;-22,96745774;-45,43380534;SPRF-SP;DEL08-SP;UOP01-DEL08-SP
734722;27/11/2025;quinta-feira;17:15:00;PR;376;307;ORTIGUEIRA;Velocidade Incompatível;Colisão traseira;Sem Vítimas;Pleno dia;Crescente;Céu Claro;Dupla;"Declive;Em Obras;Curva";Não;4;0;0;0;3;3;0;6;-23,98525498;-51,08330654;SPRF-PR;DEL07-PR;UOP02-DEL07-PR
734730;27/11/2025;quinta-feira;18:45:00;ES;101;87,2;SAO MATEUS;Acessar a via sem observar a presença dos outros veículos;Colisão transversal;Com Vítimas Feridas;Plena Noite;Decrescente;Céu Claro;Simples;Retorno Regulamentado;Não;3;0;1;0;1;2;1;4;-18,87525154;-39,9450752;SPRF-ES;DEL04-ES;UOP02-DEL04-ES
734747;05/11/2025;quarta-feira;13:55:00;PB;230;19,8;ALHANDRA;Ausência de reação do condutor;Colisão lateral mesmo sentido;Com Vítimas Feridas;Pleno dia;Decrescente;Sol;Dupla;Curva;Sim;4;0;1;0;2;1;1;3;-7,3269248;-34,9437952;SPRF-PB;DEL01-PB;UOP01-DEL01-PB
734752;27/11/2025;quinta-feira;16:00:00;MG;40;330,9;FELIXLANDIA;Ultrapassagem Indevida;Colisão traseira;Com Vítimas Fatais;Pleno dia;Crescente;Nublado;Simples;"Declive;Curva";Não;4;1;0;0;2;3;0;6;-18,5906094;-45,00926971;SPRF-MG;DEL14-MG;UOP02-DEL14-MG
734754;27/11/2025;quinta-feira;18:50:00;MS;163;834;SONORA;Ultrapassagem Indevida;Colisão frontal;Com Vítimas Feridas;Plena Noite;Crescente;Céu Claro;Simples;Reta;Não;6;0;4;0;1;1;4;4;-17,625805;-54,744956;SPRF-MS;DEL06-MS;UOP01-DEL06-MS
734756;27/11/2025;quinta-feira;16:44:00;MT;163;1102;GUARANTA DO NORTE;Demais falhas mecânicas ou elétricas;Colisão traseira;Com Vítimas Feridas;Pleno dia;Decrescente;Céu Claro;Simples;"Declive;Curva";Não;3;0;0;1;1;5;1;7;-9,65036;-54,87347;SPRF-MT;DEL06-MT;UOP03-DEL06-MT
734760;27/11/2025;quinta-feira;20:55:00;RS;116;267;CANOAS;Acessar a via sem observar a presença dos outros veículos;Colisão lateral mesmo sentido;Com Vítimas Feridas;Plena Noite;Decrescente;Céu Claro;Múltipla;Reta;Sim;4;0;1;0;2;1;1;4;-29,93780223;-51,17705397;SPRF-RS;DEL01-RS;UOP01-DEL01-RS
734765;27/11/2025;quinta-feira;17:50:00;AL;101;202;SAO SEBASTIAO;Acessar a via sem observar a presença dos outros veículos;Colisão lateral mesmo sentido;Com Vítimas Feridas;Anoitecer;Crescente;Céu Claro;Dupla;Reta;Não;3;0;1;0;1;1;1;3;-9,9602873;-36,5468748;SPRF-AL;DEL02-AL;UOP02-DEL02-AL
734774;27/11/2025;quinta-feira;15:30:00;GO;80;69;PADRE BERNARDO;Demais falhas mecânicas ou elétricas;Colisão lateral sentido oposto;Com Vítimas Feridas;Plena Noite;Crescente;Chuva;Simples;Reta;Não;2;0;1;0;1;0;1;2;-15,210826;-48,47796;SPRF-DF;DEL03-DF;UOP02-DEL03-DF
734775;27/11/2025;quinta-feira;21:50:00;CE;116;45;PACAJUS;Manobra de mudança de faixa;Colisão lateral mesmo sentido;Com Vítimas Feridas;Plena Noite;Crescente;Céu Claro;Dupla;Curva;Não;3;0;1;0;0;2;1;3;-4,14313479;-38,4784739;SPRF-CE;DEL01-CE;UOP02-DEL01-CE
734776;27/11/2025;quinta-feira;22:05:00;SC;101;131;BALNEARIO CAMBORIU;Acessar a via sem observar a presença dos outros veículos;Colisão lateral mesmo sentido;Com Vítimas Feridas;Plena Noite;Decrescente;Céu Claro;Dupla;Curva;Sim;3;0;0;1;1;1;1;3;-26,99116203;-48,66249399;SPRF-SC;DEL04-SC;UOP03-DEL04-SC
734777;27/11/2025;quinta-feira;21:50:00;RS;158;325,5;SANTA MARIA;Condutor deixou de manter distância do veículo da frente;Colisão traseira;Com Vítimas Feridas;Plena Noite;Crescente;Céu Claro;Dupla;"Reta;Viaduto;Aclive";Sim;3;0;1;0;1;3;1;5;-29,707228;-53,799595;SPRF-RS;DEL09-RS;UOP01-DEL09-RS
734785;27/11/2025;quinta-feira;16:40:00;MT;364;280;JACIARA;Ausência de reação do condutor;Colisão traseira;Com Vítimas Feridas;Pleno dia;Decrescente;Céu Claro;Dupla;Reta;Não;3;0;1;0;1;2;1;4;-15,93041878;-55,02183795;SPRF-MT;DEL05-MT;UOP02-DEL05-MT
734797;27/11/2025;quinta-feira;21:20:00;PE;316;77;OURICURI;Transitar na contramão;Colisão lateral sentido oposto;Com Vítimas Feridas;Plena Noite;Decrescente;Céu Claro;Simples;"Reta;Declive";Não;3;0;1;0;1;1;1;3;-7,878203;-40,077832;SPRF-PE;DEL05-PE;UOP02-DEL05-PE
734801;27/11/2025;quinta-feira;23:25:00;PR;163;166;LINDOESTE;Acessar a via sem observar a presença dos outros veículos;Colisão lateral sentido oposto;Com Vítimas Feridas;Plena Noite;Decrescente;Céu Claro;Simples;Reta;Sim;2;0;1;0;1;0;1;2;-25,19035014;-53,60162973;SPRF-PR;DEL05-PR;UOP05-DEL05-PR
734806;28/11/2025;sexta-feira;01:40:00;MG;381;763,5;CAMPANHA;Acesso irregular;Colisão lateral mesmo sentido;Com Vítimas Feridas;Pleno dia;Crescente;Céu Claro;Dupla;Reta;Não;4;0;3;0;1;0;3;2;-21,71918;-45,37932;SPRF-MG;DEL16-MG;UOP02-DEL16-MG
734808;27/11/2025;quinta-feira;23:30:00;GO;158;110;PIRANHAS;Reação tardia ou ineficiente do condutor;Colisão lateral sentido oposto;Sem Vítimas;Plena Noite;Crescente;Garoa/Chuvisco;Simples;"Curva;Aclive";Não;3;0;0;0;2;4;0;6;-16,56042;-51,7555333;SPRF-GO;DEL04-GO;UOP02-DEL04-GO
734812;28/11/2025;sexta-feira;05:51:00;PE;232;214;PESQUEIRA;Transitar na contramão;Colisão frontal;Com Vítimas Fatais;Pleno dia;Crescente;Céu Claro;Simples;Reta;Não;3;1;0;0;1;1;0;3;-8,382452;-36,735517;SPRF-PE;DEL03-PE;UOP02-DEL03-PE
734816;27/11/2025;quinta-feira;23:10:00;PR;158;538,3;PATO BRANCO;Ingestão de álcool pelo condutor;Colisão transversal;Sem Vítimas;Plena Noite;Crescente;Céu Claro;Simples;"Interseção de Vias;Reta";Não;3;0;0;0;2;1;0;3;-26,25610729;-52,70876527;SPRF-PR;DEL02-PR;UOP01-DEL02-PR
734818;28/11/2025;sexta-feira;06:00:00;MG;251;475;FRANCISCO SA;Ultrapassagem Indevida;Colisão traseira;Com Vítimas Feridas;Amanhecer;Decrescente;Céu Claro;Simples;"Aclive;Curva";Não;73;0;0;1;71;1;1;4;-16,46953;-43,44276;SPRF-MG;DEL12-MG;UOP01-DEL12-MG
734819;28/11/2025;sexta-feira;05:30:00;MG;381;424,7;SABARA;Velocidade Incompatível;Tombamento;Com Vítimas Feridas;Amanhecer;Crescente;Nublado;Simples;Curva;Não;2;0;1;0;0;1;1;2;-19,78814743;-43,699193;SPRF-MG;DEL01-MG;UOP01-DEL01-MG
734822;07/08/2025;quinta-feira;04:40:00;MG;153;45;CANAPOLIS;Reação tardia ou ineficiente do condutor;Saída de leito carroçável;Com Vítimas Feridas;Plena Noite;Decrescente;Céu Claro;Dupla;"Aclive;Reta";Não;5;0;1;0;2;2;1;4;-18,7792192;-49,07761015;SPRF-MG;DEL15-MG;UOP03-DEL15-MG
734827;28/11/2025;sexta-feira;06:55:00;SP;116;219;GUARULHOS;Manobra de mudança de faixa;Colisão traseira;Com Vítimas Feridas;Pleno dia;Decrescente;Céu Claro;Múltipla;Reta;Não;4;0;4;0;0;0;4;2;-23,46262;-46,492731;SPRF-SP;DEL01-SP;UOP01-DEL01-SP
734829;28/11/2025;sexta-feira;07:30:00;RS;386;313,7;MARQUES DE SOUZA;Ultrapassagem Indevida;Colisão frontal;Com Vítimas Feridas;Pleno dia;Crescente;Céu Claro;Simples;Curva;Não;4;0;2;0;1;1;2;3;-29,24236879;-52,15897528;SPRF-RS;DEL04-RS;UOP01-DEL04-RS
734830;28/11/2025;sexta-feira;07:15:00;RS;386;226,8;MORMACO;Velocidade Incompatível;Tombamento;Com Vítimas Feridas;Pleno dia;Crescente;Céu Claro;Simples;"Curva;Em Obras;Desvio Temporário";Não;3;0;1;0;1;2;1;4;-28,678479;-52,604193;SPRF-RS;DEL04-RS;UOP03-DEL04-RS
734843;26/11/2025;quarta-feira;04:53:00;BA;324;599;SIMOES FILHO;Condutor deixou de manter distância do veículo da frente;Colisão lateral mesmo sentido;Com Vítimas Feridas;Pleno dia;Decrescente;Céu Claro;Dupla;Reta;Não;2;0;1;0;1;0;1;2;-12,75508666;-38,42852924;SPRF-BA;DEL01-BA;UOP01-DEL01-BA
734845;12/11/2025;quarta-feira;06:00:00;RS;116;294;GUAIBA;Pista esburacada;Colisão lateral mesmo sentido;Com Vítimas Feridas;Pleno dia;Crescente;Céu Claro;Dupla;Reta;Não;3;0;1;0;1;1;1;3;-30,068374;-51,340673;SPRF-RS;DEL02-RS;UOP01-DEL02-RS
734854;18/11/2025;terça-feira;14:40:00;MS;163;442,1;CAMPO GRANDE;Reação tardia ou ineficiente do condutor;Engavetamento;Com Vítimas Feridas;Pleno dia;Decrescente;Sol;Simples;"Aclive;Reta";Não;7;0;0;1;5;1;1;4;-20,79395;-54,521155;SPRF-MS;DEL01-MS;UOP01-DEL01-MS