id;data_inversa;dia_semana;horario;uf;br;km;municipio;causa_acidente;tipo_acidente;classificacao_acidente;fase_dia;sentido_via;condicao_metereologica;tipo_pista;tracado_via;uso_solo;pessoas;mortos;feridos_leves;feridos_graves;ilesos;ignorados;feridos;veiculos;latitude;longitude;regional;delegacia;uop
735767;01/12/2025;segunda-feira;17:15:00;MS;262;597;MIRANDA;Ausência de reação do condutor;Tombamento;Sem Vítimas;Pleno dia;Crescente;Céu Claro;Simples;Reta;Não;2;0;0;0;1;2;0;3;-20,20725816;-56,42985284;SPRF-MS;DEL03-MS;UOP02-DEL03-MS
735774;01/12/2025;segunda-feira;18:15:00;RJ;493;21;MAGE;Condutor deixou de manter distância do veículo da frente;Colisão traseira;Com Vítimas Feridas;Plena Noite;Crescente;Céu Claro;Simples;Reta;Sim;4;0;1;0;1;2;1;4;-22,659335;-43,053149;SPRF-RJ;DEL04-RJ;UOP02-DEL04-RJ
735775;01/12/2025;segunda-feira;19:40:00;GO;50;276;CATALAO;Acesso irregular;Tombamento;Com Vítimas Feridas;Plena Noite;Crescente;Céu Claro;Dupla;"Em Obras;Reta";Não;3;0;0;1;1;2;1;4;-18,1670872;-47,91506767;SPRF-GO;DEL06-GO;UOP01-DEL06-GO
735776;01/12/2025;segunda-feira;19:00:00;RJ;101;269;TANGUA;Velocidade Incompatível;Colisão transversal;Com Vítimas Feridas;Plena Noite;Crescente;Céu Claro;Dupla;Reta;Sim;3;0;1;0;2;0;1;2;-22,73648;-42,729474;SPRF-RJ;DEL02-RJ;UOP03-DEL02-RJ
735777;01/12/2025;segunda-feira;18:00:00;MG;262;66,3;MATIPO;Transitar na contramão;Colisão lateral sentido oposto;Com Vítimas Feridas;Anoitecer;Crescente;Céu Claro;Simples;Reta;Não;4;0;1;0;3;0;1;3;-20,303387;-42,26332;SPRF-MG;DEL06-MG;UOP03-DEL06-MG
735781;01/12/2025;segunda-feira;19:15:00;MS;163;476;CAMPO GRANDE;Transitar no Acostamento;Colisão lateral mesmo sentido;Com Vítimas Feridas;Plena Noite;Decrescente;Chuva;Simples;Reta;Sim;2;0;1;0;1;0;1;2;-20,51016;-54,559003;SPRF-MS;DEL01-MS;UOP01-DEL01-MS
735782;10/10/2025;sexta-feira;20:48:00;PR;376;200;MARIALVA;Acessar a via sem observar a presença dos outros veículos;Colisão lateral mesmo sentido;Sem Vítimas;Plena Noite;Decrescente;Nublado;Dupla;"Reta;Interseção de Vias";Não;3;0;0;0;2;3;0;5;-23,50636759;-51,73568356;SPRF-PR;DEL09-PR;UOP01-DEL09-PR
735784;01/12/2025;segunda-feira;20:20:00;DF;20;36,4;BRASILIA;Acessar a via sem observar a presença dos outros veículos;Atropelamento de Pedestre;Com Vítimas Fatais;Plena Noite;Crescente;Céu Claro;Dupla;Reta;Não;3;1;0;0;1;1;0;3;-15,5825726;-47,5489097;SPRF-DF;DEL02-DF;UOP01-DEL02-DF
735785;01/12/2025;segunda-feira;19:45:00;MG;381;575,2;ITAGUARA;Reação tardia ou ineficiente do condutor;Colisão com objeto;Com Vítimas Feridas;Plena Noite;Crescente;Chuva;Dupla;"Aclive;Reta";Não;2;0;1;0;0;1;1;2;-20,450592;-44,568415;SPRF-MG;DEL04-MG;UOP01-DEL04-MG
735790;01/12/2025;segunda-feira;20:00:00;PR;376;279;MARILANDIA DO SUL;Reação tardia ou ineficiente do condutor;Colisão traseira;Com Vítimas Feridas;Plena Noite;Crescente;Garoa/Chuvisco;Dupla;"Aclive;Reta";Não;3;0;1;0;1;1;1;3;-23,83036;-51,26465;SPRF-PR;DEL07-PR;UOP02-DEL07-PR
735792;01/12/2025;segunda-feira;18:50:00;BA;330;799;JEQUIE;Pedestre andava na pista;Atropelamento de Pedestre;Com Vítimas Feridas;Plena Noite;Decrescente;Nublado;Simples;Reta;Não;2;0;0;1;1;0;1;2;-13,94035272;-39,98498663;SPRF-BA;DEL03-BA;UOP01-DEL03-BA
735793;01/12/2025;segunda-feira;18:50:00;MT;364;312;CAMPO VERDE;Ingestão de álcool pelo condutor;Colisão traseira;Com Vítimas Feridas;Plena Noite;Decrescente;Céu Claro;Dupla;Reta;Não;3;0;0;1;1;2;1;4;-15,81054665;-55,26921272;SPRF-MT;DEL05-MT;UOP02-DEL05-MT
735795;01/12/2025;segunda-feira;19:40:00;PR;163;131;CAPITAO LEONIDAS MARQUES;Ausência de reação do condutor;Saída de leito carroçável;Com Vítimas Feridas;Plena Noite;Crescente;Nublado;Simples;Reta;Não;1;0;1;0;0;0;1;1;-25,50502964;-53,59356554;SPRF-PR;DEL05-PR;UOP05-DEL05-PR
735798;01/12/2025;segunda-feira;20:00:00;MG;40;196;JOAO PINHEIRO;Velocidade Incompatível;Saída de leito carroçável;Com Vítimas Feridas;Plena Noite;Crescente;Nublado;Simples;Reta;Não;3;0;2;0;0;2;2;3;-17,99669291;-45,91598511;SPRF-MG;DEL14-MG;UOP02-DEL14-MG
735799;01/12/2025;segunda-feira;17:00:00;MG;50;9;ARAGUARI;Velocidade Incompatível;Colisão traseira;Com Vítimas Feridas;Pleno dia;Crescente;Sol;Dupla;Reta;Não;3;0;0;1;1;2;1;4;-18,48840057;-48,04664612;SPRF-MG;DEL15-MG;UOP02-DEL15-MG
735800;01/12/2025;segunda-feira;17:00:00;MG;50;71;UBERLANDIA;Ausência de reação do condutor;Colisão traseira;Com Vítimas Feridas;Pleno dia;Decrescente;Céu Claro;Dupla;Reta;Sim;3;0;0;1;1;1;1;3;-18,88639589;-48,26286284;SPRF-MG;DEL15-MG;UOP01-DEL15-MG
735817;01/12/2025;segunda-feira;23:00:00;SC;101;174,2;GOVERNADOR CELSO RAMOS;Ausência de reação do condutor;Engavetamento;Com Vítimas Fatais;Plena Noite;Decrescente;Chuva;Dupla;Reta;Não;5;1;2;1;0;2;3;6;-27,33337;-48,62688;SPRF-SC;DEL01-SC;UOP01-DEL01-SC
735818;01/12/2025;segunda-feira;14:00:00;PR;153;99;JAPIRA;Acessar a via sem observar a presença dos outros veículos;Colisão transversal;Com Vítimas Feridas;Pleno dia;Decrescente;Céu Claro;Simples;Curva;Não;2;0;2;0;0;0;2;2;-23,76546518;-50,18741101;SPRF-PR;DEL07-PR;UOP04-DEL07-PR
735819;01/12/2025;segunda-feira;23:50:00;RS;116;657,5;JAGUARAO;Desrespeitar a preferência no cruzamento;Colisão transversal;Com Vítimas Feridas;Plena Noite;Decrescente;Céu Claro;Simples;Reta;Não;3;0;0;1;1;1;1;3;-32,5561337;-53,38582851;SPRF-RS;DEL07-RS;UOP03-DEL07-RS
735824;01/12/2025;segunda-feira;23:35:00;MG;381;847,7;POUSO ALEGRE;Ausência de reação do condutor;Colisão traseira;Com Vítimas Fatais;Plena Noite;Decrescente;Nublado;Dupla;Reta;Não;4;1;0;0;1;2;0;4;-22,218223;-45,871095;SPRF-MG;DEL16-MG;UOP01-DEL16-MG
735826;01/12/2025;segunda-feira;20:35:00;PR;277;314;GUARAPUAVA;Velocidade Incompatível;Colisão lateral sentido oposto;Com Vítimas Fatais;Plena Noite;Crescente;Chuva;Simples;"Reta;Aclive";Não;12;1;1;1;8;2;2;8;-25,31117075;-51,20613813;SPRF-PR;DEL08-PR;UOP01-DEL08-PR
735827;02/12/2025;terça-feira;00:10:00;RJ;101;283;ITABORAI;Ausência de reação do condutor;Tombamento;Com Vítimas Feridas;Plena Noite;Crescente;Chuva;Dupla;"Declive;Curva;Viaduto";Sim;2;0;1;0;0;1;1;2;-22,73539417;-42,80510394;SPRF-RJ;DEL02-RJ;UOP02-DEL02-RJ
735830;01/12/2025;segunda-feira;22:00:00;BA;242;322;LAJEDINHO;Reação tardia ou ineficiente do condutor;Saída de leito carroçável;Com Vítimas Fatais;Plena Noite;Crescente;Céu Claro;Simples;Reta;Não;3;1;2;0;0;0;2;1;-12,47460045;-41,05690003;SPRF-BA;DEL06-BA;UOP02-DEL06-BA
735831;02/12/2025;terça-feira;02:50:00;PI;316;5,5;TERESINA;Condutor desrespeitou a iluminação vermelha do semáforo;Colisão transversal;Com Vítimas Feridas;Plena Noite;Crescente;Nublado;Múltipla;"Viaduto;Interseção de Vias";Sim;2;0;0;1;1;0;1;2;-5,144138;-42,778142;SPRF-PI;DEL01-PI;UOP02-DEL01-PI
735833;02/12/2025;terça-feira;03:57:00;SP;116;127;CACAPAVA;Pedestre andava na pista;Atropelamento de Pedestre;Com Vítimas Fatais;Amanhecer;Decrescente;Chuva;Dupla;Reta;Sim;2;1;0;0;0;1;0;2;-23,11070439;-45,70356391;SPRF-SP;DEL02-SP;UOP02-DEL02-SP
735835;02/12/2025;terça-feira;04:30:00;MG;50;110;UBERABA;Condutor Dormindo;Saída de leito carroçável;Com Vítimas Feridas;Amanhecer;Crescente;Garoa/Chuvisco;Dupla;Reta;Não;2;0;1;0;0;1;1;2;-19,54943747;-48,03531647;SPRF-MG;DEL13-MG;UOP01-DEL13-MG
735837;02/12/2025;terça-feira;04:40:00;PR;376;17;MARINGA;Velocidade Incompatível;Tombamento;Com Vítimas Feridas;Amanhecer;Decrescente;Céu Claro;Dupla;Curva;Sim;1;0;1;0;0;0;1;1;-23,431619;-51,887203;SPRF-PR;DEL09-PR;UOP01-DEL09-PR
735838;02/12/2025;terça-feira;05:20:00;GO;153;653;GOIATUBA;Reação tardia ou ineficiente do condutor;Colisão traseira;Com Vítimas Feridas;Plena Noite;Decrescente;Garoa/Chuvisco;Dupla;Reta;Não;3;0;2;0;1;0;2;2;-17,98262;-49,257272;SPRF-GO;DEL03-GO;UOP01-DEL03-GO
735844;02/12/2025;terça-feira;06:40:00;SC;470;119,8;IBIRAMA;Velocidade Incompatível;Colisão frontal;Com Vítimas Feridas;Pleno dia;Crescente;Nublado;Simples;Reta;Não;2;0;0;1;1;0;1;2;-27,09122;-49,52059;SPRF-SC;DEL04-SC;UOP02-DEL04-SC
735848;02/12/2025;terça-feira;01:00:00;BA;116;785,9;PLANALTO;Condutor Dormindo;Saída de leito carroçável;Com Vítimas Feridas;Plena Noite;Crescente;Ignorado;Simples;Curva;Não;1;0;1;0;0;0;1;1;-14,685837;-40,554833;SPRF-BA;DEL08-BA;UOP02-DEL08-BA
735852;02/12/2025;terça-feira;04:30:00;SC;101;358,7;SANGAO;Condutor Dormindo;Saída de leito carroçável;Com Vítimas Feridas;Plena Noite;Crescente;Céu Claro;Dupla;Reta;Não;2;0;1;0;1;0;1;2;-28,63606962;-49,09594846;SPRF-SC;DEL02-SC;UOP01-DEL02-SC
735861;01/12/2025;segunda-feira;22:15:00;RJ;40;14;TRES RIOS;Condutor Dormindo;Colisão traseira;Com Vítimas Feridas;Plena Noite;Decrescente;Céu Claro;Dupla;Reta;Sim;4;0;1;0;2;1;1;3;-22,07535;-43,19726;SPRF-RJ;DEL05-RJ;UOP02-DEL05-RJ
735873;02/12/2025;terça-feira;08:00:00;SC;282;422;VARGEM BONITA;Condutor deixou de manter distância do veículo da frente;Engavetamento;Com Vítimas Feridas;Pleno dia;Decrescente;Nublado;Simples;Rotatória;Sim;3;0;1;0;2;0;1;3;-27,0033651;-51,7407763;SPRF-SC;DEL07-SC;UOP05-DEL07-SC
735874;02/12/2025;terça-feira;08:30:00;PR;116;102;SAO JOSE DOS PINHAIS;Ausência de reação do condutor;Colisão lateral mesmo sentido;Com Vítimas Feridas;Pleno dia;Decrescente;Nublado;Dupla;"Aclive;Reta";Não;4;0;2;0;1;2;2;4;-25,569;-49,184;SPRF-PR;DEL01-PR;UOP07-DEL01-PR
735884;02/12/2025;terça-feira;08:20:00;MG;365;791;GURINHATA;Acessar a via sem observar a presença dos outros veículos;Colisão transversal;Com Vítimas Feridas;Pleno dia;Crescente;Céu Claro;Simples;Reta;Sim;2;0;1;0;1;0;1;2;-18,93219192;-49,83585689;SPRF-MG;DEL15-MG;UOP03-DEL15-MG
735886;02/12/2025;terça-feira;06:40:00;SC;280;224;TRES BARRAS;Acessar a via sem observar a presença dos outros veículos;Colisão lateral mesmo sentido;Com Vítimas Feridas;Pleno dia;Decrescente;Nublado;Simples;Reta;Não;2;0;1;0;1;0;1;2;-26,17828062;-50,31156376;SPRF-SC;DEL06-SC;UOP04-DEL06-SC
735889;02/12/2025;terça-feira;09:30:00;PR;277;3;PARANAGUA;Condutor deixou de manter distância do veículo da frente;Colisão traseira;Com Vítimas Feridas;Pleno dia;Crescente;Nublado;Dupla;Reta;Sim;4;0;1;0;2;1;1;3;-25,54450244;-48,54171451;SPRF-PR;DEL01-PR;UOP05-DEL01-PR
735904;02/12/2025;terça-feira;09:50:00;BA;101;353;WENCESLAU GUIMARAES;Velocidade Incompatível;Colisão traseira;Com Vítimas Feridas;Pleno dia;Crescente;Céu Claro;Simples;Reta;Não;3;0;1;1;0;1;2;3;-13,640678;-39,487565;SPRF-BA;DEL05-BA;UOP03-DEL05-BA
735910;02/12/2025;terça-feira;09:42:00;MG;381;645;SANTO ANTONIO DO AMPARO;Reação tardia ou ineficiente do condutor;Saída de leito carroçável;Com Vítimas Feridas;Pleno dia;Crescente;Céu Claro;Dupla;"Curva;Declive";Não;2;0;1;0;0;1;1;2;-20,93725;-44,875134;SPRF-MG;DEL04-MG;UOP02-DEL04-MG
735915;02/12/2025;terça-feira;12:00:00;BA;410;4;RIBEIRA DO POMBAL;Ultrapassagem Indevida;Colisão lateral mesmo sentido;Com Vítimas Feridas;Pleno dia;Decrescente;Céu Claro;Simples;Reta;Não;3;0;2;0;0;1;2;2;-10,83492;-38,56238;SPRF-BA;DEL07-BA;UOP02-DEL07-BA
735919;02/12/2025;terça-feira;11:00:00;SC;101;8;BIGUACU;Reação tardia ou ineficiente do condutor;Colisão traseira;Com Vítimas Feridas;Pleno dia;Decrescente;Céu Claro;Dupla;Curva;Não;4;0;1;0;2;2;1;5;-27,396292;-48,702063;SPRF-SC;DEL01-SC;UOP01-DEL01-SC
735924;28/11/2025;sexta-feira;15:15:00;RJ;101;325;NITEROI;Ausência de reação do condutor;Colisão traseira;Com Vítimas Feridas;Pleno dia;Crescente;Céu Claro;Múltipla;"Ponte;Reta";Não;2;0;1;0;1;0;1;2;-22,87237931;-43,13919067;SPRF-RJ;DEL02-RJ;UOP01-DEL02-RJ
735925;02/12/2025;terça-feira;14:30:00;SP;116;466;JACUPIRANGA;Reação tardia ou ineficiente do condutor;Colisão com objeto;Com Vítimas Feridas;Pleno dia;Crescente;Chuva;Dupla;Reta;Não;2;0;1;0;0;2;1;3;-24,6482822;-47,9259551;SPRF-SP;DEL05-SP;UOP01-DEL05-SP
735927;02/12/2025;terça-feira;11:00:00;PR;116;45;CAMPINA GRANDE DO SUL;Acumulo de água sobre o pavimento;Saída de leito carroçável;Com Vítimas Feridas;Pleno dia;Crescente;Chuva;Dupla;Curva;Não;2;0;1;0;0;1;1;2;-25,199364;-48,895149;SPRF-PR;DEL01-PR;UOP02-DEL01-PR
735930;02/12/2025;terça-feira;14:25:00;SC;101;144,5;ITAPEMA;Reação tardia ou ineficiente do condutor;Colisão traseira;Com Vítimas Feridas;Pleno dia;Decrescente;Céu Claro;Dupla;Reta;Não;4;0;1;0;2;1;1;3;-27,077;-48,59873;SPRF-SC;DEL04-SC;UOP03-DEL04-SC
735931;02/12/2025;terça-feira;14:30:00;GO;60;209,9;GUAPO;Avarias e/ou desgaste excessivo no pneu;Tombamento;Sem Vítimas;Pleno dia;Crescente;Céu Claro;Dupla;"Declive;Curva";Não;2;0;0;0;1;3;0;4;-16,950512;-49,676722;SPRF-GO;DEL01-GO;UOP02-DEL01-GO
735939;02/12/2025;terça-feira;11:20:00;MS;267;150,5;NOVA ANDRADINA;Reação tardia ou ineficiente do condutor;Colisão lateral sentido oposto;Sem Vítimas;Pleno dia;Decrescente;Céu Claro;Simples;Reta;Não;4;0;0;0;1;5;0;6;-21,644619;-53,475526;SPRF-MS;DEL02-MS;UOP03-DEL02-MS
735940;02/12/2025;terça-feira;15:50:00;SC;101;177,9;GOVERNADOR CELSO RAMOS;Reação tardia ou ineficiente do condutor;Colisão traseira;Com Vítimas Feridas;Pleno dia;Decrescente;Chuva;Dupla;Reta;Não;6;0;2;0;3;1;2;4;-27,36343981;-48,63362074;SPRF-SC;DEL01-SC;UOP01-DEL01-SC
735943;02/12/2025;terça-feira;14:30:00;SC;280;85;CORUPA;Demais falhas mecânicas ou elétricas;Colisão frontal;Sem Vítimas;Pleno dia;Crescente;Céu Claro;Simples;Reta;Não;3;0;0;0;2;1;0;3;-26,40691;-49,284145;SPRF-SC;DEL06-SC;UOP03-DEL06-SC
735954;02/12/2025;terça-feira;15:00:00;SC;116;172,9;SAO CRISTOVAO DO SUL;Reação tardia ou ineficiente do condutor;Tombamento;Com Vítimas Feridas;Pleno dia;Crescente;Nublado;Simples;"Aclive;Curva";Não;2;0;1;0;0;1;1;2;-27,21776;-50,46645;SPRF-SC;DEL05-SC;UOP03-DEL05-SC
735965;02/12/2025;terça-feira;18:45:00;SC;101;207;SAO JOSE;Reação tardia ou ineficiente do condutor;Colisão traseira;Com Vítimas Feridas;Anoitecer;Decrescente;Nublado;Múltipla;Reta;Não;4;0;3;0;0;1;3;3;-27,600297;-48,623145;SPRF-SC;DEL01-SC;UOP01-DEL01-SC
735973;02/12/2025;terça-feira;18:20:00;PR;277;722,3;FOZ DO IGUACU;Reação tardia ou ineficiente do condutor;Colisão transversal;Com Vítimas Feridas;Anoitecer;Decrescente;Céu Claro;Dupla;"Reta;Retorno Regulamentado";Sim;3;0;1;0;1;1;1;3;-25,49160401;-54,512839;SPRF-PR;DEL05-PR;UOP03-DEL05-PR
735977;07/11/2025;sexta-feira;05:00:00;SP;153;146;PROMISSAO;Desvio temporário;Tombamento;Com Vítimas Feridas;Amanhecer;Decrescente;Céu Claro;Simples;Reta;Não;4;0;1;1;1;1;2;3;-21,376974;-49,791335;SPRF-SP;DEL07-SP;UOP01-DEL07-SP
735978;02/12/2025;terça-feira;18:00:00;MG;381;942;EXTREMA;Ausência de reação do condutor;Colisão traseira;Com Vítimas Fatais;Anoitecer;Decrescente;Chuva;Dupla;"Declive;Curva";Sim;3;1;0;0;1;2;0;4;-22,83564121;-46,3196007;SPRF-MG;DEL16-MG;UOP03-DEL16-MG
735984;02/12/2025;terça-feira;18:50:00;PR;369;496,2;CASCAVEL;Transitar na contramão;Colisão frontal;Com Vítimas Fatais;Anoitecer;Crescente;Céu Claro;Simples;Reta;Não;4;1;1;2;0;0;3;4;-24,88277779;-53,3456704;SPRF-PR;DEL04-PR;UOP01-DEL04-PR
735985;02/12/2025;terça-feira;18:20:00;SC;470;31,9;GASPAR;Reação tardia ou ineficiente do condutor;Engavetamento;Com Vítimas Feridas;Pleno dia;Crescente;Nublado;Dupla;Reta;Não;8;0;6;0;2;0;6;3;-26,8993769;-48,92769814;SPRF-SC;DEL04-SC;UOP01-DEL04-SC
735995;02/12/2025;terça-feira;17:50:00;MG;116;583,7;MANHUACU;Transitar na contramão;Colisão frontal;Com Vítimas Feridas;Plena Noite;Crescente;Garoa/Chuvisco;Simples;"Declive;Curva";Não;6;0;2;1;2;1;3;5;-20,224532;-42,17818;SPRF-MG;DEL06-MG;UOP03-DEL06-MG
736001;02/12/2025;terça-feira;20:46:00;GO;50;234,1;CATALAO;Ausência de reação do condutor;Colisão traseira;Com Vítimas Feridas;Plena Noite;Decrescente;Céu Claro;Dupla;Reta;Não;3;0;1;0;1;2;1;4;-17,837539;-47,77257;SPRF-GO;DEL06-GO;UOP01-DEL06-GO
736005;02/12/2025;terça-feira;22:20:00;SP;116;78,6;ROSEIRA;Ausência de reação do condutor;Colisão lateral mesmo sentido;Com Vítimas Feridas;Plena Noite;Crescente;Nublado;Dupla;Reta;Não;4;0;1;1;1;1;2;3;-22,89161914;-45,29085724;SPRF-SP;DEL08-SP;UOP01-DEL08-SP
736009;02/12/2025;terça-feira;22:20:00;MG;40;596,5;OURO PRETO;Conversão proibida;Colisão transversal;Com Vítimas Feridas;Plena Noite;Crescente;Chuva;Simples;Reta;Não;2;0;1;0;0;1;1;2;-20,420962;-43,880978;SPRF-MG;DEL05-MG;UOP02-DEL05-MG
736011;02/12/2025;terça-feira;21:50:00;GO;60;208,5;GUAPO;Velocidade Incompatível;Colisão traseira;Com Vítimas Feridas;Plena Noite;Decrescente;Céu Claro;Dupla;"Reta;Aclive";Não;4;0;2;0;1;2;2;4;-16,939683;-49,671108;SPRF-GO;DEL01-GO;UOP02-DEL01-GO
736018;09/09/2025;terça-feira;13:20:00;ES;259;45;COLATINA;Reação tardia ou ineficiente do condutor;Colisão lateral sentido oposto;Com Vítimas Feridas;Pleno dia;Crescente;Céu Claro;Simples;"Declive;Curva";Não;2;0;0;1;1;0;1;2;-19,5257504;-40,5892541;SPRF-ES;DEL02-ES;UOP01-DEL02-ES
736019;02/12/2025;terça-feira;20:00:00;SC;282;186;BOCAINA DO SUL;Demais falhas mecânicas ou elétricas;Incêndio;Sem Vítimas;Plena Noite;Decrescente;Céu Claro;Simples;Curva;Não;1;0;0;0;1;0;0;1;-27,73901;-50,00395;SPRF-SC;DEL05-SC;UOP01-DEL05-SC
736021;03/12/2025;quarta-feira;02:30:00;PR;277;15,1;PARANAGUA;Condutor Dormindo;Tombamento;Com Vítimas Feridas;Plena Noite;Decrescente;Nublado;Dupla;Curva;Não;2;0;1;0;0;1;1;2;-25,55271618;-48,66362778;SPRF-PR;DEL01-PR;UOP05-DEL01-PR
736023;03/12/2025;quarta-feira;01:10:00;PI;316;28;DEMERVAL LOBAO;Avarias e/ou desgaste excessivo no pneu;Saída de leito carroçável;Com Vítimas Feridas;Plena Noite;Decrescente;Céu Claro;Dupla;Curva;Não;1;0;1;0;0;0;1;1;-5,33599;-42,69697;SPRF-PI;DEL01-PI;UOP02-DEL01-PI
736026;03/12/2025;quarta-feira;04:40:00;SP;116;45,2;CANAS;Demais falhas mecânicas ou elétricas;Incêndio;Sem Vítimas;Amanhecer;Crescente;Nevoeiro/Neblina;Dupla;Reta;Não;2;0;0;0;1;1;0;2;-22,7093661;-45,0471328;SPRF-SP;DEL08-SP;UOP02-DEL08-SP
736027;03/12/2025;quarta-feira;04:45:00;SC;470;54,6;BLUMENAU;Ausência de reação do condutor;Tombamento;Com Vítimas Feridas;Amanhecer;Decrescente;Céu Claro;Simples;Interseção de Vias;Não;3;0;1;0;1;1;1;2;-26,87337675;-49,11392625;SPRF-SC;DEL04-SC;UOP01-DEL04-SC
736028;02/12/2025;terça-feira;22:35:00;MG;50;118;UBERABA;Ausência de reação do condutor;Colisão traseira;Com Vítimas Feridas;Plena Noite;Decrescente;Céu Claro;Dupla;Reta;Não;3;0;1;0;1;3;1;5;-19,24772156;-48,13644497;SPRF-MG;DEL13-MG;UOP01-DEL13-MG
736032;02/12/2025;terça-feira;18:00:00;MG;251;477,9;FRANCISCO SA;Demais falhas mecânicas ou elétricas;Incêndio;Sem Vítimas;Anoitecer;Crescente;Nublado;Simples;Reta;Não;2;0;0;0;1;1;0;2;-16,4707752;-43,4723425;SPRF-MG;DEL12-MG;UOP01-DEL12-MG
736034;03/12/2025;quarta-feira;05:00:00;PE;101;148;RIBEIRAO;Reação tardia ou ineficiente do condutor;Tombamento;Com Vítimas Fatais;Amanhecer;Crescente;Céu Claro;Dupla;Curva;Não;6;3;0;1;1;1;1;5;-8,488772;-35,373108;SPRF-PE;DEL01-PE;UOP03-DEL01-PE
736042;03/12/2025;quarta-feira;07:00:00;PR;376;665;TIJUCAS DO SUL;Manobra de mudança de faixa;Colisão lateral mesmo sentido;Sem Vítimas;Pleno dia;Decrescente;Céu Claro;Simples;"Aclive;Curva";Não;3;0;0;0;2;1;0;3;-25,8531314;-48,9773211;SPRF-PR;DEL01-PR;UOP04-DEL01-PR
736044;03/12/2025;quarta-feira;07:30:00;SE;235;4;NOSSA SENHORA DO SOCORRO;Trafegar com motocicleta (ou similar) entre as faixas;Colisão lateral mesmo sentido;Com Vítimas Feridas;Pleno dia;Decrescente;Céu Claro;Dupla;"Aclive;Reta";Sim;4;0;1;0;1;3;1;5;-10,906407;-37,119977;SPRF-SE;DEL01-SE;UOP01-DEL01-SE
736045;03/12/2025;quarta-feira;02:15:00;BA;101;830;VEREDA;Velocidade Incompatível;Capotamento;Com Vítimas Feridas;Plena Noite;Decrescente;Céu Claro;Simples;"Curva;Declive";Não;1;0;1;0;0;0;1;1;-17,184093;-39,581388;SPRF-BA;DEL09-BA;UOP02-DEL09-BA
736054;03/12/2025;quarta-feira;06:30:00;CE;116;504;BREJO SANTO;Condutor deixou de manter distância do veículo da frente;Colisão traseira;Com Vítimas Feridas;Pleno dia;Crescente;Céu Claro;Simples;Reta;Não;3;0;0;2;0;1;2;2;-7,507065;-38,987943;SPRF-CE;DEL05-CE;UOP03-DEL05-CE
736061;04/09/2025;quinta-feira;14:05:00;BA;242;430;SEABRA;Carga excessiva e/ou mal acondicionada;Saída de leito carroçável;Com Vítimas Feridas;Pleno dia;Crescente;Sol;Simples;"Aclive;Reta";Não;2;0;0;1;0;1;1;2;-12,390367;-41,90094;SPRF-BA;DEL06-BA;UOP01-DEL06-BA
736066;03/12/2025;quarta-feira;09:10:00;MG;40;630;CONSELHEIRO LAFAIETE;Ausência de reação do condutor;Colisão traseira;Sem Vítimas;Pleno dia;Crescente;Céu Claro;Simples;"Curva;Ponte";Não;3;0;0;0;2;1;0;3;-20,66452838;-43,80350903;SPRF-MG;DEL05-MG;UOP02-DEL05-MG
736071;03/12/2025;quarta-feira;09:20:00;MG;381;922,2;CAMANDUCAIA;Reação tardia ou ineficiente do condutor;Colisão com objeto;Com Vítimas Feridas;Pleno dia;Decrescente;Nublado;Dupla;"Aclive;Curva";Não;2;0;1;0;0;1;1;2;-22,766255;-46,177593;SPRF-MG;DEL16-MG;UOP03-DEL16-MG
736072;03/12/2025;quarta-feira;07:50:00;MS;163;561;BANDEIRANTES;Transitar na contramão;Colisão lateral sentido oposto;Com Vítimas Feridas;Amanhecer;Decrescente;Céu Claro;Simples;"Reta;Declive";Não;10;0;1;0;7;3;1;6;-19,928339;-54,365225;SPRF-MS;DEL01-MS;UOP02-DEL01-MS
736076;03/12/2025;quarta-feira;10:00:00;MG;40;562;NOVA LIMA;Trafegar com motocicleta (ou similar) entre as faixas;Colisão lateral mesmo sentido;Sem Vítimas;Pleno dia;Crescente;Céu Claro;Dupla;Reta;Não;3;0;0;0;3;0;0;3;-20,14820715;-43,96059036;SPRF-MG;DEL01-MG;UOP02-DEL01-MG
736078;03/12/2025;quarta-feira;08:05:00;MG;381;691,8;LAVRAS;Condutor deixou de manter distância do veículo da frente;Colisão traseira;Com Vítimas Feridas;Pleno dia;Crescente;Nublado;Dupla;Reta;Não;4;0;2;0;1;1;2;3;-21,21733515;-45,12652013;SPRF-MG;DEL04-MG;UOP02-DEL04-MG
736079;03/12/2025;quarta-feira;09:30:00;PE;101;61;RECIFE;Acumulo de água sobre o pavimento;Colisão traseira;Com Vítimas Feridas;Pleno dia;Crescente;Céu Claro;Dupla;Aclive;Não;2;0;0;1;1;0;1;2;-7,996346;-34,939365;SPRF-PE;DEL01-PE;UOP02-DEL01-PE
736084;03/12/2025;quarta-feira;10:00:00;SE;101;0,5;PROPRIA;Condutor deixou de manter distância do veículo da frente;Colisão traseira;Com Vítimas Feridas;Pleno dia;Decrescente;Céu Claro;Dupla;"Reta;Ponte";Não;3;0;1;0;2;0;1;2;-10,2142746;-36,82222215;SPRF-SE;DEL02-SE;UOP02-DEL02-SE
736085;03/12/2025;quarta-feira;11:10:00;MG;365;413,2;PATOS DE MINAS;Ingestão de álcool pelo condutor;Colisão traseira;Com Vítimas Feridas;Pleno dia;Decrescente;Céu Claro;Simples;"Reta;Declive";Não;7;0;4;0;2;2;4;5;-18,66664;-46,53126;SPRF-MG;DEL10-MG;UOP01-DEL10-MG