id;data_inversa;dia_semana;horario;uf;br;km;municipio;causa_acidente;tipo_acidente;classificacao_acidente;fase_dia;sentido_via;condicao_metereologica;tipo_pista;tracado_via;uso_solo;pessoas;mortos;feridos_leves;feridos_graves;ilesos;ignorados;feridos;veiculos;latitude;longitude;regional;delegacia;uop
736088;20/09/2025;sábado;20:30:00;RS;470;262;SALVADOR DO SUL;Pedestre andava na pista;Atropelamento de Pedestre;Com Vítimas Feridas;Plena Noite;Decrescente;Chuva;Simples;Reta;Não;5;0;1;1;1;2;2;2;-29,47566629;-51,48822069;SPRF-RS;DEL06-RS;UOP01-DEL06-RS
736094;03/12/2025;quarta-feira;10:40:00;RO;364;773;PORTO VELHO;Acessar a via sem observar a presença dos outros veículos;Colisão transversal;Com Vítimas Feridas;Pleno dia;Crescente;Chuva;Simples;Reta;Não;4;0;1;0;2;3;1;5;-9,12853773;-64,13784027;SPRF-RO;DEL01-RO;UOP02-DEL01-RO
736099;03/12/2025;quarta-feira;11:15:00;RS;386;392,5;TRIUNFO;Ingestão de álcool pelo condutor;Saída de leito carroçável;Sem Vítimas;Pleno dia;Decrescente;Céu Claro;Dupla;Aclive;Sim;2;0;0;0;1;1;0;2;-29,70523321;-51,6534612;SPRF-RS;DEL04-RS;UOP02-DEL04-RS
736102;03/12/2025;quarta-feira;08:30:00;BA;116;238;TUCANO;Ultrapassagem Indevida;Engavetamento;Com Vítimas Feridas;Pleno dia;Decrescente;Céu Claro;Simples;Reta;Não;6;0;1;0;4;3;1;8;-10,786958;-38,889114;SPRF-BA;DEL07-BA;UOP03-DEL07-BA
736113;03/12/2025;quarta-feira;13:30:00;RS;285;122,2;VACARIA;Reação tardia ou ineficiente do condutor;Colisão traseira;Com Vítimas Feridas;Pleno dia;Decrescente;Céu Claro;Simples;Reta;Sim;4;0;1;0;3;0;1;4;-28,50501511;-50,94533086;SPRF-RS;DEL05-RS;UOP03-DEL05-RS
736115;03/12/2025;quarta-feira;12:00:00;RJ;40;56;PETROPOLIS;Conversão proibida;Colisão transversal;Com Vítimas Feridas;Pleno dia;Decrescente;Céu Claro;Dupla;Reta;Não;2;0;1;0;1;0;1;2;-22,3634467;-43,12726483;SPRF-RJ;DEL05-RJ;UOP02-DEL05-RJ
736116;03/12/2025;quarta-feira;12:53:00;MS;60;394;SIDROLANDIA;Transitar na contramão;Colisão frontal;Com Vítimas Feridas;Pleno dia;Crescente;Céu Claro;Simples;Reta;Não;3;0;0;1;1;2;1;4;-20,7577771;-54,7868459;SPRF-MS;DEL01-MS;UOP04-DEL01-MS
736117;03/12/2025;quarta-feira;12:20:00;RJ;101;506;ANGRA DOS REIS;Acessar a via sem observar a presença dos outros veículos;Colisão lateral mesmo sentido;Com Vítimas Feridas;Pleno dia;Crescente;Nublado;Simples;Reta;Sim;3;0;1;0;2;0;1;2;-22,93504475;-44,40480742;SPRF-RJ;DEL03-RJ;UOP03-DEL03-RJ
736123;03/12/2025;quarta-feira;13:39:00;PR;116;105,7;SAO JOSE DOS PINHAIS;Manobra de mudança de faixa;Colisão lateral mesmo sentido;Com Vítimas Feridas;Pleno dia;Decrescente;Sol;Dupla;Reta;Não;2;0;1;0;0;1;1;2;-25,571038;-49,211945;SPRF-PR;DEL01-PR;UOP07-DEL01-PR
736124;03/12/2025;quarta-feira;14:20:00;RS;116;263;CANOAS;Reação tardia ou ineficiente do condutor;Colisão traseira;Com Vítimas Feridas;Pleno dia;Decrescente;Céu Claro;Dupla;"Aclive;Viaduto;Reta";Sim;2;0;1;0;1;0;1;2;-29,90448772;-51,17665378;SPRF-RS;DEL01-RS;UOP01-DEL01-RS
736126;03/12/2025;quarta-feira;12:00:00;MT;158;763;BARRA DO GARCAS;Ultrapassagem Indevida;Colisão lateral sentido oposto;Com Vítimas Feridas;Pleno dia;Decrescente;Chuva;Simples;Reta;Não;4;0;0;1;2;4;1;7;-15,61948567;-52,20741302;SPRF-MT;DEL07-MT;UOP01-DEL07-MT
736127;03/12/2025;quarta-feira;11:50:00;MT;364;516;DIAMANTINO;Demais falhas mecânicas ou elétricas;Incêndio;Sem Vítimas;Pleno dia;Crescente;Chuva;Dupla;Reta;Não;2;0;0;0;1;1;0;2;-14,4657;-56,1524;SPRF-MT;DEL01-MT;UOP01-DEL01-MT
736129;03/12/2025;quarta-feira;14:55:00;AL;316;154;PALMEIRA DOS INDIOS;Retorno proibido;Colisão transversal;Com Vítimas Feridas;Pleno dia;Decrescente;Céu Claro;Simples;Viaduto;Sim;2;0;1;0;0;1;1;2;-9,42887895;-36,63789153;SPRF-AL;DEL03-AL;UOP01-DEL03-AL
736133;03/12/2025;quarta-feira;14:00:00;GO;153;210;URUACU;Ausência de reação do condutor;Colisão lateral sentido oposto;Com Vítimas Feridas;Pleno dia;Crescente;Garoa/Chuvisco;Simples;Reta;Não;4;0;2;0;1;1;2;3;-14,62162625;-49,17139113;SPRF-GO;DEL07-GO;UOP02-DEL07-GO
736136;03/12/2025;quarta-feira;15:00:00;SC;101;113,8;ITAJAI;Ausência de reação do condutor;Atropelamento de Pedestre;Com Vítimas Fatais;Pleno dia;Decrescente;Céu Claro;Múltipla;Reta;Sim;4;1;0;1;1;1;1;4;-26,860616;-48,728011;SPRF-SC;DEL04-SC;UOP04-DEL04-SC
736137;03/12/2025;quarta-feira;14:00:00;PE;104;119;PANELAS;Problema com o freio;Tombamento;Sem Vítimas;Pleno dia;Crescente;Sol;Simples;"Curva;Declive";Não;2;0;0;0;1;1;0;2;-8,69071886;-36,02330558;SPRF-PE;DEL02-PE;UOP01-DEL02-PE
736138;26/11/2025;quarta-feira;18:20:00;PR;277;615,3;CEU AZUL;Transitar no Acostamento;Colisão lateral mesmo sentido;Com Vítimas Feridas;Pleno dia;Decrescente;Céu Claro;Simples;Reta;Não;2;0;1;0;1;0;1;2;-25,06341576;-53,65112051;SPRF-PR;DEL05-PR;UOP02-DEL05-PR
736141;03/12/2025;quarta-feira;14:30:00;BA;101;121;ARAMARI;Condutor deixou de manter distância do veículo da frente;Saída de leito carroçável;Sem Vítimas;Pleno dia;Crescente;Céu Claro;Simples;"Reta;Declive";Não;2;0;0;0;1;1;0;2;-12,15362627;-38,52046967;SPRF-BA;DEL01-BA;UOP04-DEL01-BA
736144;03/12/2025;quarta-feira;14:20:00;MS;60;121,9;PARAISO DAS AGUAS;Transitar na contramão;Colisão lateral sentido oposto;Com Vítimas Feridas;Pleno dia;Crescente;Nublado;Simples;Reta;Não;4;0;2;0;2;0;2;2;-19,33076;-53,41099;SPRF-MS;DEL06-MS;UOP02-DEL06-MS
736149;20/10/2025;segunda-feira;12:20:00;MG;40;445;PARAOPEBA;Demais falhas mecânicas ou elétricas;Incêndio;Sem Vítimas;Pleno dia;Decrescente;Sol;Dupla;Reta;Não;2;0;0;0;1;2;0;3;-19,2884699;-44,3972027;SPRF-MG;DEL02-MG;UOP01-DEL02-MG
736153;03/12/2025;quarta-feira;15:00:00;RO;364;142;PIMENTA BUENO;Condutor deixou de manter distância do veículo da frente;Saída de leito carroçável;Com Vítimas Feridas;Pleno dia;Crescente;Nublado;Simples;"Aclive;Reta";Não;2;0;1;0;0;2;1;3;-12,014523;-60,865372;SPRF-RO;DEL02-RO;UOP02-DEL02-RO
736156;28/11/2025;sexta-feira;23:16:00;BA;135;160;BARREIRAS;Reação tardia ou ineficiente do condutor;Saída de leito carroçável;Com Vítimas Feridas;Plena Noite;Crescente;Céu Claro;Simples;Reta;Não;2;0;0;1;0;2;1;3;-12,02947021;-44,95549947;SPRF-BA;DEL10-BA;UOP01-DEL10-BA
736158;03/12/2025;quarta-feira;11:10:00;MG;116;247;CAMPANARIO;Transitar na contramão;Colisão lateral sentido oposto;Com Vítimas Feridas;Pleno dia;Crescente;Céu Claro;Simples;Reta;Não;4;0;1;0;2;2;1;4;-18,376009;-41,784814;SPRF-MG;DEL11-MG;UOP01-DEL11-MG
736159;03/12/2025;quarta-feira;15:00:00;RJ;116;229;PIRAI;Problema com o freio;Colisão lateral mesmo sentido;Com Vítimas Feridas;Pleno dia;Decrescente;Nublado;Dupla;"Declive;Curva";Não;3;0;2;0;0;1;2;3;-22,67973;-43,83686166;SPRF-RJ;DEL07-RJ;UOP01-DEL07-RJ
736161;03/12/2025;quarta-feira;08:40:00;SC;101;205;SAO JOSE;Ausência de reação do condutor;Tombamento;Com Vítimas Feridas;Pleno dia;Crescente;Céu Claro;Múltipla;Reta;Sim;2;0;1;0;0;1;1;2;-27,5831592;-48,61524073;SPRF-SC;DEL01-SC;UOP01-DEL01-SC
736165;03/12/2025;quarta-feira;11:20:00;MG;40;69,1;JOAO PINHEIRO;Demais falhas mecânicas ou elétricas;Tombamento;Com Vítimas Feridas;Pleno dia;Crescente;Nublado;Simples;"Reta;Aclive";Não;3;0;2;0;0;1;2;2;-17,395367;-46,4357;SPRF-MG;DEL14-MG;UOP01-DEL14-MG
736166;03/12/2025;quarta-feira;15:50:00;RN;0;0;NATAL;Manobra de mudança de faixa;Colisão lateral mesmo sentido;Sem Vítimas;Pleno dia;Não Informado;Céu Claro;Dupla;Reta;Sim;2;0;0;0;2;0;0;2;-5,79426;-35,241791;SPRF-RN;DEL01-RN;UOP02-DEL01-RN
736168;03/12/2025;quarta-feira;15:00:00;BA;116;701,9;JEQUIE;Ultrapassagem Indevida;Tombamento;Com Vítimas Feridas;Pleno dia;Decrescente;Céu Claro;Simples;Curva;Não;2;0;1;0;0;1;1;2;-14,085406;-40,214437;SPRF-BA;DEL03-BA;UOP01-DEL03-BA
736169;03/12/2025;quarta-feira;14:20:00;MG;116;89;MEDINA;Velocidade Incompatível;Saída de leito carroçável;Com Vítimas Feridas;Pleno dia;Crescente;Chuva;Simples;"Curva;Declive";Não;1;0;1;0;0;0;1;1;-16,34965;-41,47565;SPRF-MG;DEL11-MG;UOP02-DEL11-MG
736173;03/12/2025;quarta-feira;17:00:00;SC;153;98,1;CONCORDIA;Acessar a via sem observar a presença dos outros veículos;Colisão traseira;Com Vítimas Feridas;Pleno dia;Decrescente;Sol;Simples;Reta;Não;5;0;4;0;1;0;4;3;-27,23539987;-51,95086956;SPRF-SC;DEL07-SC;UOP04-DEL07-SC
736177;03/12/2025;quarta-feira;12:00:00;MG;381;719;LAVRAS;Ausência de reação do condutor;Capotamento;Sem Vítimas;Pleno dia;Crescente;Nublado;Dupla;Reta;Não;3;0;0;0;1;2;0;3;-21,290255;-45,147623;SPRF-MG;DEL04-MG;UOP02-DEL04-MG
736178;18/11/2025;terça-feira;03:30:00;RJ;101;244;SILVA JARDIM;Deficiência do Sistema de Iluminação/Sinalização;Colisão traseira;Com Vítimas Feridas;Plena Noite;Decrescente;Céu Claro;Dupla;Reta;Não;3;0;1;0;2;0;1;3;-22,64389593;-42,47934714;SPRF-RJ;DEL02-RJ;UOP03-DEL02-RJ
736181;03/12/2025;quarta-feira;15:20:00;MG;40;284;TRES MARIAS;Demais falhas mecânicas ou elétricas;Tombamento;Sem Vítimas;Pleno dia;Decrescente;Garoa/Chuvisco;Simples;"Aclive;Reta;Interseção de Vias";Não;3;0;0;0;2;1;0;2;-18,2494;-45,1813;SPRF-MG;DEL14-MG;UOP02-DEL14-MG
736183;03/12/2025;quarta-feira;16:50:00;RJ;393;104;SAPUCAIA;Reação tardia ou ineficiente do condutor;Colisão lateral mesmo sentido;Com Vítimas Feridas;Pleno dia;Decrescente;Chuva;Simples;Rotatória;Sim;3;0;1;0;1;1;1;3;-21,88008234;-42,68140767;SPRF-RJ;DEL05-RJ;UOP01-DEL05-RJ
736203;03/12/2025;quarta-feira;19:30:00;SC;101;223,3;PALHOCA;Ausência de reação do condutor;Colisão lateral mesmo sentido;Sem Vítimas;Plena Noite;Decrescente;Céu Claro;Dupla;Reta;Não;3;0;0;0;2;1;0;3;-27,72345123;-48,64393886;SPRF-SC;DEL01-SC;UOP02-DEL01-SC
736205;03/12/2025;quarta-feira;18:00:00;SC;282;383,7;JOACABA;Velocidade Incompatível;Tombamento;Com Vítimas Feridas;Anoitecer;Decrescente;Sol;Simples;"Declive;Curva";Não;1;0;1;0;0;0;1;1;-27,20471703;-51,5136373;SPRF-SC;DEL07-SC;UOP05-DEL07-SC
736207;03/12/2025;quarta-feira;20:00:00;RJ;116;188;NOVA IGUACU;Iluminação deficiente;Colisão lateral mesmo sentido;Com Vítimas Feridas;Plena Noite;Crescente;Céu Claro;Múltipla;Reta;Sim;3;0;2;0;1;0;2;2;-22,74266224;-43,51845844;SPRF-RJ;DEL06-RJ;UOP01-DEL06-RJ
736213;03/12/2025;quarta-feira;18:36:00;PR;277;386;CANDOI;Condutor deixou de manter distância do veículo da frente;Colisão traseira;Com Vítimas Feridas;Anoitecer;Crescente;Céu Claro;Simples;Reta;Não;3;0;1;0;0;2;1;3;-25,42716196;-51,79593444;SPRF-PR;DEL08-PR;UOP01-DEL08-PR
736215;03/12/2025;quarta-feira;17:40:00;SC;470;139;RIO DO SUL;Manobra de mudança de faixa;Colisão lateral mesmo sentido;Sem Vítimas;Anoitecer;Crescente;Céu Claro;Simples;Curva;Sim;4;0;0;0;3;1;0;3;-27,20307057;-49,63492004;SPRF-SC;DEL04-SC;UOP02-DEL04-SC
736216;03/12/2025;quarta-feira;20:05:00;PR;376;593,4;CURITIBA;Ausência de reação do condutor;Colisão traseira;Sem Vítimas;Plena Noite;Crescente;Nublado;Dupla;Reta;Sim;3;0;0;0;2;3;0;5;-25,44667953;-49,36390964;SPRF-PR;DEL01-PR;UOP06-DEL01-PR
736220;03/12/2025;quarta-feira;19:30:00;MS;158;134,8;APARECIDA DO TABOADO;Ingestão de álcool pelo condutor;Colisão lateral mesmo sentido;Com Vítimas Feridas;Plena Noite;Decrescente;Nublado;Simples;Reta;Não;3;0;1;0;1;1;1;2;-19,98310312;-51,11314369;SPRF-MS;DEL08-MS;UOP01-DEL08-MS
736225;03/12/2025;quarta-feira;20:00:00;RJ;356;39;ITAPERUNA;Chuva;Colisão com objeto;Com Vítimas Feridas;Plena Noite;Crescente;Chuva;Simples;"Declive;Curva";Não;1;0;1;0;0;0;1;1;-21,22309594;-41,81199996;SPRF-RJ;DEL08-RJ;UOP03-DEL08-RJ
736230;22/11/2025;sábado;03:40:00;RS;116;491,8;PELOTAS;Reação tardia ou ineficiente do condutor;Saída de leito carroçável;Com Vítimas Feridas;Plena Noite;Crescente;Céu Claro;Simples;"Reta;Desvio Temporário;Em Obras";Não;1;0;1;0;0;0;1;1;-31,6127403;-52,3051991;SPRF-RS;DEL07-RS;UOP01-DEL07-RS
736231;03/12/2025;quarta-feira;20:30:00;MT;158;645;NOVA XAVANTINA;Ingestão de álcool pelo condutor;Colisão frontal;Com Vítimas Fatais;Plena Noite;Crescente;Céu Claro;Simples;Reta;Não;3;1;1;0;0;2;1;4;-14,63740321;-52,35603333;SPRF-MT;DEL07-MT;UOP02-DEL07-MT
736235;03/12/2025;quarta-feira;22:15:00;SP;116;323;JUQUITIBA;Ausência de reação do condutor;Colisão lateral mesmo sentido;Com Vítimas Feridas;Plena Noite;Decrescente;Céu Claro;Dupla;Reta;Não;2;0;1;0;1;0;1;2;-23,93514703;-47,02914221;SPRF-SP;DEL04-SP;UOP03-DEL04-SP
736238;03/12/2025;quarta-feira;23:40:00;MG;262;366;JUATUBA;Ausência de reação do condutor;Colisão traseira;Com Vítimas Feridas;Plena Noite;Crescente;Nublado;Dupla;"Aclive;Reta";Não;4;0;1;1;1;1;2;3;-19,95840892;-44,35876919;SPRF-MG;DEL01-MG;UOP03-DEL01-MG
736242;03/12/2025;quarta-feira;23:10:00;ES;101;303,3;VIANA;Estacionar ou parar em local proibido;Colisão traseira;Com Vítimas Feridas;Plena Noite;Crescente;Chuva;Dupla;Reta;Sim;3;0;1;0;1;1;1;3;-20,3777702;-40,44848442;SPRF-ES;DEL01-ES;UOP01-DEL01-ES
736243;03/12/2025;quarta-feira;23:35:00;PR;158;222;CAMPO MOURAO;Condutor Dormindo;Colisão lateral sentido oposto;Com Vítimas Feridas;Plena Noite;Crescente;Céu Claro;Simples;Reta;Não;2;0;1;0;1;0;1;2;-24,047823;-52,325199;SPRF-PR;DEL09-PR;UOP03-DEL09-PR
736245;03/12/2025;quarta-feira;22:10:00;BA;324;562;SAO SEBASTIAO DO PASSE;Demais falhas mecânicas ou elétricas;Incêndio;Sem Vítimas;Plena Noite;Decrescente;Céu Claro;Dupla;Reta;Não;1;0;0;0;1;0;0;1;-12,51082748;-38,62844467;SPRF-BA;DEL01-BA;UOP01-DEL01-BA
736251;04/12/2025;quinta-feira;01:00:00;PR;369;185;ARAPONGAS;Condutor Dormindo;Colisão frontal;Com Vítimas Feridas;Plena Noite;Crescente;Céu Claro;Simples;Reta;Sim;2;0;1;0;1;0;1;2;-23,41366406;-51,427051;SPRF-PR;DEL07-PR;UOP03-DEL07-PR
736253;04/12/2025;quinta-feira;01:45:00;MG;381;943,9;EXTREMA;Manobra de mudança de faixa;Colisão lateral mesmo sentido;Sem Vítimas;Pleno dia;Crescente;Nublado;Dupla;"Reta;Declive";Sim;2;0;0;0;1;1;0;2;-22,845472;-46,321083;SPRF-MG;DEL16-MG;UOP03-DEL16-MG
736259;04/12/2025;quinta-feira;04:20:00;BA;324;537;CONCEICAO DO JACUIPE;Acessar a via sem observar a presença dos outros veículos;Colisão lateral mesmo sentido;Sem Vítimas;Amanhecer;Crescente;Céu Claro;Dupla;Reta;Sim;6;0;0;0;6;0;0;2;-12,367929;-38,8154765;SPRF-BA;DEL01-BA;UOP03-DEL01-BA
736260;04/12/2025;quinta-feira;04:20:00;RS;285;256,5;AGUA SANTA;Demais falhas mecânicas ou elétricas;Incêndio;Sem Vítimas;Amanhecer;Crescente;Sol;Simples;Interseção de Vias;Não;2;0;0;0;1;2;0;3;-28,30315;-52,04743;SPRF-RS;DEL08-RS;UOP03-DEL08-RS
736262;27/11/2025;quinta-feira;01:25:00;RJ;101;310;SAO GONCALO;Pedestre andava na pista;Colisão traseira;Com Vítimas Feridas;Plena Noite;Crescente;Céu Claro;Dupla;Reta;Sim;5;0;1;0;4;0;1;3;-22,7979662;-43,0449779;SPRF-RJ;DEL02-RJ;UOP02-DEL02-RJ
736265;04/12/2025;quinta-feira;05:30:00;MG;251;457,1;FRANCISCO SA;Pista Escorregadia;Colisão frontal;Com Vítimas Fatais;Amanhecer;Crescente;Chuva;Simples;Curva;Não;5;3;0;0;1;1;0;3;-16,42725996;-43,342693;SPRF-MG;DEL12-MG;UOP01-DEL12-MG
736269;04/12/2025;quinta-feira;00:10:00;SC;116;218,7;CORREIA PINTO;Condutor Dormindo;Saída de leito carroçável;Com Vítimas Feridas;Plena Noite;Crescente;Céu Claro;Simples;Reta;Sim;3;0;1;0;1;1;1;3;-27,57349723;-50,37205193;SPRF-SC;DEL05-SC;UOP03-DEL05-SC
736271;04/12/2025;quinta-feira;06:30:00;PR;277;646,4;CEU AZUL;Ausência de reação do condutor;Engavetamento;Com Vítimas Feridas;Pleno dia;Decrescente;Céu Claro;Simples;"Aclive;Reta";Não;7;0;3;0;3;1;3;4;-25,17394408;-53,88825864;SPRF-PR;DEL05-PR;UOP02-DEL05-PR
736273;04/12/2025;quinta-feira;00:55:00;RS;153;17,5;SEVERIANO DE ALMEIDA;Ingestão de álcool pelo condutor;Colisão lateral sentido oposto;Com Vítimas Feridas;Plena Noite;Decrescente;Céu Claro;Simples;Reta;Não;6;0;0;2;3;3;2;7;-27,45213677;-52,08312962;SPRF-RS;DEL08-RS;UOP04-DEL08-RS
736274;04/12/2025;quinta-feira;06:00:00;MG;381;427;SABARA;Demais falhas mecânicas ou elétricas;Colisão traseira;Com Vítimas Feridas;Pleno dia;Crescente;Sol;Simples;"Curva;Declive";Não;4;0;0;1;1;3;1;5;-19,78659375;-43,71640715;SPRF-MG;DEL01-MG;UOP01-DEL01-MG
736276;04/12/2025;quinta-feira;06:00:00;MG;365;581;INDIANOPOLIS;Velocidade Incompatível;Tombamento;Com Vítimas Feridas;Pleno dia;Crescente;Nublado;Simples;Interseção de Vias;Não;1;0;1;0;0;0;1;1;-18,87706036;-47,9453608;SPRF-MG;DEL15-MG;UOP02-DEL15-MG
736277;25/10/2025;sábado;02:30:00;MG;381;369;SAO GONCALO DO RIO ABAIXO;Velocidade Incompatível;Colisão frontal;Com Vítimas Feridas;Plena Noite;Decrescente;Céu Claro;Simples;"Declive;Curva";Não;4;0;0;1;2;2;1;5;-19,84254105;-43,32011591;SPRF-MG;DEL03-MG;UOP01-DEL03-MG
736278;04/12/2025;quinta-feira;07:00:00;PR;476;147,4;ARAUCARIA;Manobra de mudança de faixa;Colisão lateral mesmo sentido;Com Vítimas Feridas;Pleno dia;Decrescente;Nublado;Dupla;Reta;Sim;5;0;2;0;2;1;2;4;-25,55597489;-49,34295315;SPRF-PR;DEL01-PR;UOP06-DEL01-PR
736280;04/12/2025;quinta-feira;07:00:00;MG;381;274;JAGUARACU;Condutor Dormindo;Colisão lateral sentido oposto;Com Vítimas Feridas;Pleno dia;Decrescente;Chuva;Simples;Reta;Não;4;0;1;0;2;1;1;4;-19,577017;-42,720958;SPRF-MG;DEL03-MG;UOP02-DEL03-MG
736282;03/12/2025;quarta-feira;14:10:00;MG;251;513,8;MONTES CLAROS;Reação tardia ou ineficiente do condutor;Queda de ocupante de veículo;Com Vítimas Feridas;Pleno dia;Crescente;Nublado;Simples;"Rotatória;Reta";Não;2;0;0;1;0;1;1;2;-16,65371;-43,7179217;SPRF-MG;DEL12-MG;UOP01-DEL12-MG
736286;04/12/2025;quinta-feira;06:10:00;PE;101;132,8;ESCADA;Pedestre andava na pista;Atropelamento de Pedestre;Com Vítimas Fatais;Amanhecer;Crescente;Céu Claro;Dupla;Reta;Não;2;1;0;0;0;1;0;2;-8,40512;-35,270707;SPRF-PE;DEL01-PE;UOP03-DEL01-PE
736288;04/12/2025;quinta-feira;06:48:00;PB;101;122;CAAPORA;Reação tardia ou ineficiente do condutor;Colisão com objeto;Sem Vítimas;Pleno dia;Crescente;Sol;Dupla;"Reta;Declive";Não;2;0;0;0;1;1;0;2;-7,457608;-34,980943;SPRF-PB;DEL01-PB;UOP01-DEL01-PB
736292;04/12/2025;quinta-feira;07:25:00;PR;369;147;LONDRINA;Velocidade Incompatível;Colisão lateral mesmo sentido;Com Vítimas Feridas;Pleno dia;Crescente;Céu Claro;Dupla;Reta;Sim;2;0;1;0;1;0;1;2;-23,29305665;-51,13674251;SPRF-PR;DEL07-PR;UOP01-DEL07-PR
736302;02/12/2025;terça-feira;15:20:00;SP;153;307,5;SAO PEDRO DO TURVO;Reação tardia ou ineficiente do condutor;Colisão traseira;Com Vítimas Feridas;Pleno dia;Crescente;Nublado;Simples;"Aclive;Reta;Em Obras";Não;5;0;1;0;3;1;1;4;-22,66059122;-49,88994598;SPRF-SP;DEL07-SP;UOP03-DEL07-SP
736307;04/12/2025;quinta-feira;07:40:00;RJ;40;111,9;DUQUE DE CAXIAS;Demais falhas mecânicas ou elétricas;Incêndio;Sem Vítimas;Pleno dia;Decrescente;Céu Claro;Múltipla;Reta;Não;1;0;0;0;1;0;0;1;-22,699869;-43,289616;SPRF-RJ;DEL01-RJ;UOP02-DEL01-RJ
736312;04/12/2025;quinta-feira;09:05:00;SP;116;289;ITAPECERICA DA SERRA;Acessar a via sem observar a presença dos outros veículos;Colisão lateral mesmo sentido;Com Vítimas Feridas;Pleno dia;Decrescente;Céu Claro;Dupla;Reta;Não;3;0;1;0;2;0;1;3;-23,7133874;-46,8786745;SPRF-SP;DEL04-SP;UOP01-DEL04-SP
736315;04/12/2025;quinta-feira;08:00:00;MT;163;884;CLAUDIA;Reação tardia ou ineficiente do condutor;Colisão traseira;Com Vítimas Feridas;Pleno dia;Crescente;Nublado;Simples;Reta;Não;2;0;0;1;0;1;1;2;-11,455676;-55,358251;SPRF-MT;DEL06-MT;UOP02-DEL06-MT
736316;04/12/2025;quinta-feira;07:20:00;PR;369;147;LONDRINA;Trafegar com motocicleta (ou similar) entre as faixas;Colisão lateral mesmo sentido;Com Vítimas Feridas;Pleno dia;Crescente;Céu Claro;Dupla;Reta;Sim;3;0;0;1;0;2;1;3;-23,29310593;-51,13532631;SPRF-PR;DEL07-PR;UOP01-DEL07-PR
736318;23/10/2025;quinta-feira;16:00:00;SP;116;359;MIRACATU;Demais falhas mecânicas ou elétricas;Colisão traseira;Sem Vítimas;Pleno dia;Crescente;Céu Claro;Dupla;"Declive;Reta;Viaduto";Não;4;0;0;0;3;1;0;4;-24,10889667;-47,26595381;SPRF-SP;DEL04-SP;UOP03-DEL04-SP
736321;04/12/2025;quinta-feira;10:20:00;SP;116;347;MIRACATU;Demais falhas mecânicas ou elétricas;Colisão traseira;Com Vítimas Feridas;Pleno dia;Crescente;Nublado;Dupla;"Curva;Declive";Não;2;0;1;0;1;0;1;2;-24,048939;-47,199027;SPRF-SP;DEL04-SP;UOP03-DEL04-SP
736323;04/12/2025;quinta-feira;10:58:00;RJ;101;206;CASIMIRO DE ABREU;Entrada inopinada do pedestre;Atropelamento de Pedestre;Com Vítimas Feridas;Pleno dia;Crescente;Nublado;Simples;Reta;Sim;3;0;1;0;1;1;1;3;-22,4767424;-42,20174497;SPRF-RJ;DEL08-RJ;UOP04-DEL08-RJ
736324;04/12/2025;quinta-feira;09:00:00;MT;163;943;ITAUBA;Ultrapassagem Indevida;Colisão lateral mesmo sentido;Sem Vítimas;Pleno dia;Decrescente;Céu Claro;Simples;Reta;Não;4;0;0;0;3;6;0;8;-10,9554015;-55,2180668;SPRF-MT;DEL06-MT;UOP02-DEL06-MT
736325;04/12/2025;quinta-feira;10:19:00;SE;101;50;JAPARATUBA;Ausência de sinalização;Engavetamento;Com Vítimas Feridas;Pleno dia;Crescente;Céu Claro;Dupla;"Declive;Curva";Não;7;0;0;1;6;0;1;7;-10,60988;-36,97663;SPRF-SE;DEL02-SE;UOP02-DEL02-SE
736326;04/12/2025;quinta-feira;10:25:00;PE;232;102,4;BEZERROS;Ausência de reação do condutor;Colisão com objeto;Com Vítimas Fatais;Pleno dia;Decrescente;Céu Claro;Dupla;Reta;Sim;6;1;0;3;1;1;3;3;-8,25247;-35,76505;SPRF-PE;DEL02-PE;UOP03-DEL02-PE
736335;08/05/2025;quinta-feira;17:00:00;MA;316;491;CODO;Manobra de mudança de faixa;Colisão lateral sentido oposto;Com Vítimas Feridas;Anoitecer;Crescente;Céu Claro;Simples;Reta;Não;5;0;0;2;2;2;2;6;-4,65444868;-43,83033693;SPRF-MA;DEL03-MA;UOP02-DEL03-MA
736338;04/12/2025;quinta-feira;12:30:00;GO;20;16;FORMOSA;Reação tardia ou ineficiente do condutor;Colisão frontal;Com Vítimas Feridas;Pleno dia;Decrescente;Chuva;Simples;Reta;Não;4;0;1;0;2;3;1;5;-15,562418;-47,214954;SPRF-DF;DEL02-DF;UOP02-DEL02-DF
736345;04/12/2025;quinta-feira;06:00:00;PE;423;55,5;LAJEDO;Condutor deixou de manter distância do veículo da frente;Colisão traseira;Com Vítimas Feridas;Amanhecer;Crescente;Céu Claro;Simples;Reta;Não;2;0;1;0;0;1;1;2;-8,62189;-36,30082;SPRF-PE;DEL03-PE;UOP01-DEL03-PE
736346;04/12/2025;quinta-feira;12:30:00;MG;381;372;SAO GONCALO DO RIO ABAIXO;Transitar na contramão;Colisão frontal;Com Vítimas Feridas;Pleno dia;Decrescente;Chuva;Simples;Curva;Sim;3;0;0;2;0;1;2;3;-19,84153;-43,33075;SPRF-MG;DEL01-MG;UOP01-DEL01-MG
736347;04/12/2025;quinta-feira;12:19:00;MT;163;1057;GUARANTA DO NORTE;Reação tardia ou ineficiente do condutor;Saída de leito carroçável;Com Vítimas Feridas;Pleno dia;Decrescente;Sol;Simples;Reta;Não;1;0;0;1;0;0;1;1;-10,0432;-54,9099;SPRF-MT;DEL06-MT;UOP03-DEL06-MT