id;data_inversa;dia_semana;horario;uf;br;km;municipio;causa_acidente;tipo_acidente;classificacao_acidente;fase_dia;sentido_via;condicao_metereologica;tipo_pista;tracado_via;uso_solo;pessoas;mortos;feridos_leves;feridos_graves;ilesos;ignorados;feridos;veiculos;latitude;longitude;regional;delegacia;uop
737423;08/12/2025;segunda-feira;18:04:00;MS;262;356;CAMPO GRANDE;Acessar a via sem observar a presença dos outros veículos;Colisão transversal;Com Vítimas Feridas;Plena Noite;Crescente;Chuva;Simples;Interseção de Vias;Não;2;0;1;0;1;0;1;2;-20,54621;-54,68364;SPRF-MS;DEL01-MS;UOP03-DEL01-MS
737438;08/12/2025;segunda-feira;19:45:00;BA;116;5,8;VITORIA DA CONQUISTA;Ultrapassagem Indevida;Colisão lateral mesmo sentido;Com Vítimas Feridas;Plena Noite;Crescente;Nublado;Simples;Declive;Não;4;0;2;0;1;1;2;3;-14,82468;-40,882913;SPRF-BA;DEL08-BA;UOP01-DEL08-BA
737440;08/12/2025;segunda-feira;19:40:00;PR;476;178;CONTENDA;Transitar na contramão;Colisão frontal;Com Vítimas Feridas;Plena Noite;Crescente;Chuva;Simples;"Curva;Aclive";Não;3;0;0;1;1;1;1;3;-25,70427748;-49,58813159;SPRF-PR;DEL01-PR;UOP06-DEL01-PR
737443;08/12/2025;segunda-feira;18:05:00;SC;101;411,7;ARARANGUA;Manobra de mudança de faixa;Colisão com objeto;Com Vítimas Feridas;Anoitecer;Decrescente;Céu Claro;Dupla;Reta;Não;3;0;1;0;2;0;1;2;-28,94114769;-49,5244023;SPRF-SC;DEL02-SC;UOP02-DEL02-SC
737445;19/11/2025;quarta-feira;20:00:00;PA;10;15;DOM ELISEU;Transitar na contramão;Colisão frontal;Com Vítimas Fatais;Plena Noite;Crescente;Chuva;Simples;Reta;Sim;2;1;0;0;1;0;0;2;-4,31579303;-47,55384922;SPRF-PA;DEL02-PA;UOP02-DEL02-PA
737452;08/12/2025;segunda-feira;21:10:00;PR;277;110;CAMPO LARGO;Reação tardia ou ineficiente do condutor;Colisão traseira;Com Vítimas Feridas;Plena Noite;Decrescente;Chuva;Dupla;"Declive;Reta";Não;2;0;1;0;1;0;1;2;-25,43086331;-49,39761043;SPRF-PR;DEL01-PR;UOP06-DEL01-PR
737455;08/12/2025;segunda-feira;22:15:00;GO;153;702;ITUMBIARA;Velocidade Incompatível;Colisão lateral mesmo sentido;Com Vítimas Feridas;Plena Noite;Crescente;Chuva;Dupla;"Declive;Curva";Sim;3;0;1;0;1;1;1;3;-18,412089;-49,195055;SPRF-GO;DEL03-GO;UOP02-DEL03-GO
737457;08/12/2025;segunda-feira;14:15:00;SC;282;541,5;CHAPECO;Velocidade Incompatível;Tombamento;Com Vítimas Feridas;Pleno dia;Decrescente;Chuva;Múltipla;"Curva;Rotatória";Não;2;0;1;0;0;2;1;3;-26,99775109;-52,70125437;SPRF-SC;DEL07-SC;UOP01-DEL07-SC
737462;08/12/2025;segunda-feira;21:50:00;PA;10;7,7;DOM ELISEU;Pista esburacada;Colisão com objeto;Com Vítimas Feridas;Plena Noite;Crescente;Céu Claro;Simples;"Aclive;Curva";Não;2;0;0;1;0;1;1;2;-4,378399;-47,536946;SPRF-PA;DEL02-PA;UOP02-DEL02-PA
737463;08/12/2025;segunda-feira;22:45:00;SP;116;348;MIRACATU;Demais falhas mecânicas ou elétricas;Colisão traseira;Com Vítimas Fatais;Plena Noite;Crescente;Chuva;Dupla;Curva;Não;4;1;0;0;1;3;0;5;-24,0507535;-47,20054999;SPRF-SP;DEL04-SP;UOP03-DEL04-SP
737464;09/12/2025;terça-feira;00:18:00;SP;116;141;SAO JOSE DOS CAMPOS;Ausência de reação do condutor;Engavetamento;Com Vítimas Feridas;Plena Noite;Crescente;Céu Claro;Dupla;Reta;Sim;4;0;0;1;2;1;1;4;-23,16597778;-45,81311922;SPRF-SP;DEL02-SP;UOP01-DEL02-SP
737472;09/12/2025;terça-feira;00:40:00;PR;277;415,4;CANDOI;Ausência de reação do condutor;Saída de leito carroçável;Com Vítimas Feridas;Plena Noite;Crescente;Chuva;Simples;"Curva;Declive";Não;2;0;1;0;0;1;1;2;-25,41707471;-52,06026077;SPRF-PR;DEL04-PR;UOP02-DEL04-PR
737473;09/12/2025;terça-feira;02:20:00;SP;116;217;GUARULHOS;Ingestão de álcool pelo condutor;Colisão lateral mesmo sentido;Sem Vítimas;Plena Noite;Decrescente;Nublado;Múltipla;Reta;Sim;3;0;0;0;2;1;0;3;-23,4559185;-46,47546742;SPRF-SP;DEL01-SP;UOP01-DEL01-SP
737475;08/12/2025;segunda-feira;23:30:00;MG;381;595;CARMOPOLIS DE MINAS;Velocidade Incompatível;Colisão traseira;Com Vítimas Feridas;Plena Noite;Decrescente;Céu Claro;Dupla;Reta;Não;3;0;1;0;1;2;1;4;-20,574923;-44,682321;SPRF-MG;DEL04-MG;UOP01-DEL04-MG
737477;09/12/2025;terça-feira;00:50:00;SP;116;546;BARRA DO TURVO;Chuva;Colisão com objeto;Com Vítimas Feridas;Plena Noite;Decrescente;Chuva;Dupla;"Curva;Declive";Não;2;0;1;0;0;1;1;2;-24,96456266;-48,43141906;SPRF-SP;DEL05-SP;UOP02-DEL05-SP
737478;09/12/2025;terça-feira;01:20:00;PR;277;115,1;CAMPO LARGO;Condutor Dormindo;Colisão traseira;Com Vítimas Feridas;Plena Noite;Decrescente;Chuva;Dupla;"Reta;Aclive";Sim;3;0;0;1;1;1;1;3;-25,43422544;-49,43791866;SPRF-PR;DEL03-PR;UOP03-DEL03-PR
737480;09/12/2025;terça-feira;02:25:00;PE;232;260;ARCOVERDE;Animais na Pista;Atropelamento de Animal;Sem Vítimas;Plena Noite;Crescente;Céu Claro;Simples;Reta;Não;1;0;0;0;1;0;0;1;-8,4091;-37,137042;SPRF-PE;DEL04-PE;UOP02-DEL04-PE
737483;09/12/2025;terça-feira;02:20:00;PR;376;374;IMBAU;Chuva;Saída de leito carroçável;Com Vítimas Feridas;Plena Noite;Decrescente;Chuva;Simples;"Curva;Declive";Não;2;0;1;0;1;0;1;1;-24,3946;-50,78383;SPRF-PR;DEL07-PR;UOP02-DEL07-PR
737484;08/12/2025;segunda-feira;23:30:00;RS;287;399;SANTIAGO;Ausência de reação do condutor;Colisão frontal;Com Vítimas Feridas;Plena Noite;Crescente;Garoa/Chuvisco;Simples;Curva;Não;3;0;1;0;1;2;1;4;-29,168745;-54,863924;SPRF-RS;DEL12-RS;UOP02-DEL12-RS
737485;09/12/2025;terça-feira;04:40:00;SC;101;60,9;ARAQUARI;Demais falhas mecânicas ou elétricas;Incêndio;Sem Vítimas;Amanhecer;Decrescente;Garoa/Chuvisco;Dupla;Reta;Não;2;0;0;0;1;2;0;3;-26,45366863;-48,7796402;SPRF-SC;DEL03-SC;UOP02-DEL03-SC
737488;09/12/2025;terça-feira;05:20:00;RJ;116;184;NOVA IGUACU;Condutor deixou de manter distância do veículo da frente;Colisão lateral mesmo sentido;Sem Vítimas;Amanhecer;Crescente;Chuva;Dupla;Reta;Sim;2;0;0;0;2;0;0;2;-22,74063852;-43,45577566;SPRF-RJ;DEL06-RJ;UOP01-DEL06-RJ
737496;09/12/2025;terça-feira;07:20:00;DF;60;28,4;BRASILIA;Avarias e/ou desgaste excessivo no pneu;Saída de leito carroçável;Com Vítimas Feridas;Pleno dia;Crescente;Céu Claro;Dupla;"Declive;Curva";Não;2;0;1;0;0;1;1;2;-16,025603;-48,253372;SPRF-DF;DEL03-DF;UOP01-DEL03-DF
737500;09/12/2025;terça-feira;06:50:00;RO;364;152,8;PIMENTA BUENO;Ultrapassagem Indevida;Colisão frontal;Com Vítimas Fatais;Pleno dia;Decrescente;Nublado;Simples;"Curva;Declive";Não;5;1;0;1;2;1;1;4;-11,982083;-60,953332;SPRF-RO;DEL02-RO;UOP02-DEL02-RO
737505;09/12/2025;terça-feira;07:25:00;PR;376;168,1;MARINGA;Velocidade Incompatível;Colisão traseira;Sem Vítimas;Pleno dia;Crescente;Chuva;Dupla;"Reta;Declive";Não;5;0;0;0;4;2;0;4;-23,39506308;-52,00772636;SPRF-PR;DEL09-PR;UOP01-DEL09-PR
737513;08/12/2025;segunda-feira;23:10:00;RJ;40;121;DUQUE DE CAXIAS;Acessar a via sem observar a presença dos outros veículos;Atropelamento de Pedestre;Com Vítimas Fatais;Plena Noite;Decrescente;Céu Claro;Dupla;Reta;Sim;2;1;0;0;1;0;0;2;-22,78121358;-43,2857401;SPRF-RJ;DEL01-RJ;UOP02-DEL01-RJ
737515;09/12/2025;terça-feira;08:55:00;SP;116;426;JUQUIA;Acessar a via sem observar a presença dos outros veículos;Colisão transversal;Com Vítimas Feridas;Pleno dia;Decrescente;Chuva;Dupla;Retorno Regulamentado;Não;3;0;1;0;1;1;1;3;-24,38771606;-47,71787421;SPRF-SP;DEL05-SP;UOP01-DEL05-SP
737519;09/12/2025;terça-feira;07:30:00;MG;40;525;CONTAGEM;Ausência de reação do condutor;Colisão traseira;Com Vítimas Feridas;Pleno dia;Crescente;Nublado;Dupla;Reta;Sim;3;0;1;0;1;1;1;3;-19,8880817;-44,0502742;SPRF-MG;DEL01-MG;UOP02-DEL01-MG
737521;09/12/2025;terça-feira;09:40:00;SC;101;334,7;TUBARAO;Ausência de reação do condutor;Colisão traseira;Com Vítimas Feridas;Pleno dia;Crescente;Chuva;Múltipla;Reta;Sim;5;0;1;1;2;1;2;4;-28,47347149;-49,02556806;SPRF-SC;DEL02-SC;UOP01-DEL02-SC
737522;09/12/2025;terça-feira;09:20:00;GO;153;355;JARAGUA;Desvio temporário;Colisão transversal;Com Vítimas Feridas;Pleno dia;Decrescente;Garoa/Chuvisco;Dupla;"Reta;Em Obras;Desvio Temporário";Sim;3;0;1;0;1;2;1;4;-15,735643;-49,323158;SPRF-GO;DEL02-GO;UOP02-DEL02-GO
737525;09/12/2025;terça-feira;08:50:00;MG;381;737,5;TRES CORACOES;Velocidade Incompatível;Colisão com objeto;Com Vítimas Feridas;Pleno dia;Crescente;Chuva;Dupla;Curva;Não;2;0;1;0;0;1;1;2;-21,5621018;-45,246276;SPRF-MG;DEL16-MG;UOP02-DEL16-MG
737529;09/12/2025;terça-feira;07:00:00;RJ;101;139,9;CARAPEBUS;Ausência de reação do condutor;Colisão traseira;Com Vítimas Feridas;Pleno dia;Crescente;Céu Claro;Dupla;"Declive;Curva";Não;6;0;2;0;4;0;2;2;-22,1762046;-41,7484168;SPRF-RJ;DEL08-RJ;UOP04-DEL08-RJ
737532;09/12/2025;terça-feira;07:00:00;PI;135;556;SAO GONCALO DO GURGUEIA;Transitar na contramão;Colisão frontal;Com Vítimas Feridas;Pleno dia;Decrescente;Chuva;Simples;"Curva;Declive";Não;4;0;0;2;1;1;2;4;-10,142895;-45,19925;SPRF-PI;DEL03-PI;UOP02-DEL03-PI
737534;09/12/2025;terça-feira;10:20:00;SC;101;40;JOINVILLE;Manobra de mudança de faixa;Colisão lateral mesmo sentido;Sem Vítimas;Pleno dia;Decrescente;Garoa/Chuvisco;Dupla;Aclive;Não;3;0;0;0;2;1;0;3;-26,30418756;-48,88263702;SPRF-SC;DEL03-SC;UOP01-DEL03-SC
737544;09/12/2025;terça-feira;11:30:00;MG;40;782,4;JUIZ DE FORA;Reação tardia ou ineficiente do condutor;Colisão traseira;Com Vítimas Feridas;Pleno dia;Decrescente;Nublado;Dupla;Curva;Sim;3;0;1;0;1;1;1;3;-21,6945295;-43,4488326;SPRF-MG;DEL05-MG;UOP01-DEL05-MG
737549;09/12/2025;terça-feira;11:30:00;SE;235;6;NOSSA SENHORA DO SOCORRO;Carga excessiva e/ou mal acondicionada;Derramamento de carga;Sem Vítimas;Pleno dia;Decrescente;Céu Claro;Dupla;Rotatória;Não;2;0;0;0;1;2;0;3;-10,904367;-37,129858;SPRF-SE;DEL01-SE;UOP01-DEL01-SE
737550;09/12/2025;terça-feira;10:55:00;PR;153;23;JACAREZINHO;Transitar na contramão;Colisão lateral sentido oposto;Com Vítimas Feridas;Pleno dia;Crescente;Chuva;Simples;Reta;Não;5;0;2;0;2;1;2;4;-23,147275;-49,952133;SPRF-PR;DEL07-PR;UOP04-DEL07-PR
737553;09/12/2025;terça-feira;12:00:00;RS;290;144;ELDORADO DO SUL;Condutor deixou de manter distância do veículo da frente;Colisão traseira;Com Vítimas Feridas;Pleno dia;Crescente;Chuva;Simples;Reta;Não;3;0;1;0;2;0;1;2;-30,092457;-51,635594;SPRF-RS;DEL02-RS;UOP01-DEL02-RS
737556;09/12/2025;terça-feira;12:00:00;SP;381;70;MAIRIPORA;Ausência de reação do condutor;Colisão com objeto;Com Vítimas Feridas;Pleno dia;Decrescente;Chuva;Múltipla;"Curva;Declive";Não;2;0;1;0;0;1;1;2;-23,34499497;-46,56892294;SPRF-SP;DEL03-SP;UOP01-DEL03-SP
737557;09/12/2025;terça-feira;12:45:00;MG;153;102,2;PRATA;Chuva;Colisão transversal;Com Vítimas Feridas;Pleno dia;Decrescente;Chuva;Simples;Reta;Não;3;0;2;0;1;0;2;2;-19,2523929;-48,9256605;SPRF-MG;DEL15-MG;UOP03-DEL15-MG
737560;09/12/2025;terça-feira;11:00:00;MS;163;483;CAMPO GRANDE;Conversão proibida;Tombamento;Com Vítimas Feridas;Pleno dia;Decrescente;Chuva;Simples;Reta;Sim;3;0;0;1;0;3;1;4;-20,4569613;-54,5462501;SPRF-MS;DEL01-MS;UOP02-DEL01-MS
737562;09/12/2025;terça-feira;07:30:00;PR;376;343,8;ORTIGUEIRA;Reação tardia ou ineficiente do condutor;Saída de leito carroçável;Com Vítimas Feridas;Pleno dia;Decrescente;Chuva;Simples;Curva;Não;2;0;1;0;1;0;1;2;-24,082329;-51,059732;SPRF-PR;DEL07-PR;UOP02-DEL07-PR
737563;09/12/2025;terça-feira;13:30:00;RS;386;421;MONTENEGRO;Chuva;Colisão com objeto;Com Vítimas Feridas;Pleno dia;Crescente;Chuva;Dupla;Reta;Não;2;0;1;0;0;1;1;2;-29,81668343;-51,41136647;SPRF-RS;DEL04-RS;UOP02-DEL04-RS
737568;09/12/2025;terça-feira;12:10:00;BA;101;495;ITABUNA;Transitar na contramão;Colisão com objeto;Com Vítimas Feridas;Pleno dia;Decrescente;Céu Claro;Simples;Reta;Não;4;0;2;0;1;1;2;3;-14,72709225;-39,34687033;SPRF-BA;DEL05-BA;UOP01-DEL05-BA
737571;09/12/2025;terça-feira;11:15:00;RS;386;306,6;POUSO NOVO;Acumulo de óleo sobre o pavimento;Saída de leito carroçável;Com Vítimas Feridas;Pleno dia;Crescente;Chuva;Simples;"Curva;Declive";Não;1;0;1;0;0;0;1;1;-29,20302496;-52,18406551;SPRF-RS;DEL04-RS;UOP01-DEL04-RS
737575;09/12/2025;terça-feira;11:25:00;SP;116;516;CAJATI;Reação tardia ou ineficiente do condutor;Colisão traseira;Com Vítimas Feridas;Pleno dia;Decrescente;Chuva;Múltipla;"Declive;Curva";Não;3;0;0;1;1;2;1;4;-24,88;-48,209;SPRF-SP;DEL05-SP;UOP02-DEL05-SP
737578;30/11/2025;domingo;20:00:00;TO;10;334,8;SILVANOPOLIS;Condutor deixou de manter distância do veículo da frente;Colisão traseira;Com Vítimas Feridas;Plena Noite;Crescente;Céu Claro;Simples;Reta;Não;3;0;0;1;0;2;1;3;-11,24198;-48,19384;SPRF-TO;DEL01-TO;UOP03-DEL01-TO
737592;09/12/2025;terça-feira;10:40:00;SC;470;86,8;RODEIO;Demais falhas mecânicas ou elétricas;Colisão com objeto;Sem Vítimas;Pleno dia;Crescente;Chuva;Simples;Curva;Sim;1;0;0;0;1;0;0;1;-26,94792705;-49,36512418;SPRF-SC;DEL04-SC;UOP01-DEL04-SC
737593;09/12/2025;terça-feira;15:15:00;GO;153;702;ITUMBIARA;Reação tardia ou ineficiente do condutor;Colisão traseira;Com Vítimas Feridas;Pleno dia;Crescente;Chuva;Dupla;Reta;Sim;2;0;1;0;1;0;1;2;-18,4047439;-49,2011809;SPRF-GO;DEL03-GO;UOP02-DEL03-GO
737594;09/12/2025;terça-feira;16:10:00;SP;381;51;ATIBAIA;Acumulo de água sobre o pavimento;Colisão lateral mesmo sentido;Com Vítimas Feridas;Pleno dia;Decrescente;Chuva;Dupla;Reta;Não;7;0;4;0;2;1;4;4;-23,2259578;-46,5976049;SPRF-SP;DEL03-SP;UOP01-DEL03-SP
737597;09/12/2025;terça-feira;13:30:00;SC;282;387;JOACABA;Pista Escorregadia;Colisão lateral sentido oposto;Com Vítimas Feridas;Pleno dia;Crescente;Chuva;Simples;"Reta;Declive";Sim;2;0;2;0;0;0;2;2;-27,18661677;-51,51864499;SPRF-SC;DEL07-SC;UOP05-DEL07-SC
737601;09/12/2025;terça-feira;16:30:00;SP;381;70;MAIRIPORA;Acumulo de água sobre o pavimento;Saída de leito carroçável;Com Vítimas Feridas;Pleno dia;Decrescente;Chuva;Dupla;Curva;Não;1;0;1;0;0;0;1;1;-23,3535368;-46,547221;SPRF-SP;DEL03-SP;UOP01-DEL03-SP
737602;09/12/2025;terça-feira;12:37:00;RJ;116;273;BARRA MANSA;Mal súbito do condutor;Colisão com objeto;Sem Vítimas;Pleno dia;Crescente;Garoa/Chuvisco;Simples;Reta;Sim;5;0;0;0;4;4;0;8;-22,56137333;-44,143295;SPRF-RJ;DEL07-RJ;UOP02-DEL07-RJ
737606;09/12/2025;terça-feira;12:14:00;SP;116;96,5;PINDAMONHANGABA;Ausência de reação do condutor;Colisão traseira;Com Vítimas Feridas;Pleno dia;Decrescente;Céu Claro;Dupla;Reta;Não;6;0;1;5;0;0;6;3;-22,9421504;-45,36901856;SPRF-SP;DEL08-SP;UOP01-DEL08-SP
737607;09/12/2025;terça-feira;01:00:00;SC;470;34,7;GASPAR;Condutor Dormindo;Saída de leito carroçável;Sem Vítimas;Plena Noite;Crescente;Nublado;Simples;"Reta;Rotatória";Não;2;0;0;0;1;1;0;2;-26,91201029;-48,9527664;SPRF-SC;DEL04-SC;UOP01-DEL04-SC
737608;09/12/2025;terça-feira;16:28:00;CE;222;29;CAUCAIA;Desvio temporário;Colisão lateral mesmo sentido;Com Vítimas Feridas;Pleno dia;Crescente;Sol;Dupla;"Desvio Temporário;Retorno Regulamentado;Em Obras";Não;3;0;1;0;1;1;1;3;-3,71321903;-38,81562933;SPRF-CE;DEL01-CE;UOP01-DEL01-CE
737620;09/12/2025;terça-feira;17:10:00;PR;116;201,1;RIO NEGRO;Ausência de reação do condutor;Colisão frontal;Com Vítimas Feridas;Pleno dia;Decrescente;Céu Claro;Simples;Reta;Não;4;0;0;1;3;0;1;3;-26,04608202;-49,70551863;SPRF-SC;DEL06-SC;UOP01-DEL06-SC
737621;09/12/2025;terça-feira;15:01:00;MT;163;759;SORRISO;Condutor deixou de manter distância do veículo da frente;Colisão traseira;Com Vítimas Feridas;Pleno dia;Decrescente;Nublado;Simples;Reta;Não;3;0;1;0;1;3;1;5;-12,502275;-55,689659;SPRF-MT;DEL06-MT;UOP01-DEL06-MT
737623;09/12/2025;terça-feira;12:10:00;PI;316;57;MONSENHOR GIL;Reação tardia ou ineficiente do condutor;Colisão transversal;Com Vítimas Feridas;Pleno dia;Decrescente;Céu Claro;Simples;Curva;Não;3;0;1;0;1;1;1;3;-5,54307047;-42,62310575;SPRF-PI;DEL01-PI;UOP02-DEL01-PI
737625;09/12/2025;terça-feira;17:40:00;BA;116;696;JEQUIE;Carga excessiva e/ou mal acondicionada;Tombamento;Sem Vítimas;Anoitecer;Crescente;Céu Claro;Simples;Curva;Não;3;0;0;0;2;1;0;2;-14,0382186;-40,20436907;SPRF-BA;DEL03-BA;UOP01-DEL03-BA
737631;08/12/2025;segunda-feira;13:40:00;MA;222;146;VARGEM GRANDE;Acostamento em desnível;Tombamento;Sem Vítimas;Pleno dia;Crescente;Céu Claro;Simples;Reta;Não;2;0;0;0;1;1;0;2;-3,556261;-43,882145;SPRF-MA;DEL01-MA;UOP02-DEL01-MA
737632;09/12/2025;terça-feira;11:57:00;RJ;493;91;SEROPEDICA;Ausência de reação do condutor;Colisão traseira;Com Vítimas Fatais;Pleno dia;Crescente;Céu Claro;Dupla;Reta;Não;3;1;0;0;1;1;0;3;-22,68514302;-43,67327964;SPRF-RJ;DEL01-RJ;UOP03-DEL01-RJ
737633;09/12/2025;terça-feira;17:35:00;MT;163;682;LUCAS DO RIO VERDE;Chuva;Tombamento;Com Vítimas Fatais;Anoitecer;Decrescente;Chuva;Simples;"Aclive;Reta";Não;4;1;0;0;1;3;0;5;-13,1129803;-55,95433474;SPRF-MT;DEL06-MT;UOP01-DEL06-MT
737636;09/12/2025;terça-feira;14:00:00;PR;476;328,4;PAULA FREITAS;Velocidade Incompatível;Engavetamento;Com Vítimas Feridas;Pleno dia;Decrescente;Chuva;Simples;Reta;Não;4;0;1;0;2;1;1;4;-26,11937686;-50,82756042;SPRF-PR;DEL02-PR;UOP03-DEL02-PR
737637;09/12/2025;terça-feira;18:48:00;SC;101;222,5;PALHOCA;Reação tardia ou ineficiente do condutor;Colisão lateral mesmo sentido;Sem Vítimas;Plena Noite;Crescente;Chuva;Múltipla;"Aclive;Reta";Não;2;0;0;0;1;1;0;2;-27,70967129;-48,65480201;SPRF-SC;DEL01-SC;UOP02-DEL01-SC
737640;09/12/2025;terça-feira;18:40:00;SE;101;47,8;JAPARATUBA;Pedestre andava na pista;Atropelamento de Pedestre;Com Vítimas Fatais;Plena Noite;Decrescente;Céu Claro;Dupla;Reta;Não;3;1;0;0;0;2;0;3;-10,585768;-36,96932;SPRF-SE;DEL02-SE;UOP02-DEL02-SE
737643;09/12/2025;terça-feira;18:20:00;MG;381;533;ITATIAIUCU;Ausência de reação do condutor;Saída de leito carroçável;Com Vítimas Feridas;Anoitecer;Crescente;Chuva;Dupla;Curva;Não;1;0;0;1;0;0;1;1;-20,16810452;-44,37052028;SPRF-MG;DEL04-MG;UOP03-DEL04-MG
737651;09/12/2025;terça-feira;17:48:00;RJ;40;109;DUQUE DE CAXIAS;Reação tardia ou ineficiente do condutor;Engavetamento;Com Vítimas Feridas;Anoitecer;Crescente;Garoa/Chuvisco;Dupla;Reta;Sim;6;0;2;0;3;1;2;4;-22,68164453;-43,28574982;SPRF-RJ;DEL01-RJ;UOP02-DEL01-RJ
737654;09/12/2025;terça-feira;17:45:00;RS;470;210;BENTO GONCALVES;Ausência de reação do condutor;Colisão lateral mesmo sentido;Sem Vítimas;Pleno dia;Decrescente;Nublado;Simples;Reta;Não;2;0;0;0;2;0;0;2;-29,12682221;-51,54184341;SPRF-RS;DEL06-RS;UOP01-DEL06-RS
737657;09/12/2025;terça-feira;18:43:00;SE;101;109;SAO CRISTOVAO;Demais falhas mecânicas ou elétricas;Incêndio;Sem Vítimas;Plena Noite;Decrescente;Céu Claro;Dupla;Reta;Não;1;0;0;0;1;0;0;1;-10,967173;-37,27283;SPRF-SE;DEL02-SE;UOP01-DEL02-SE
737662;09/12/2025;terça-feira;15:00:00;MT;163;630;NOVA MUTUM;Ultrapassagem Indevida;Saída de leito carroçável;Com Vítimas Feridas;Pleno dia;Crescente;Nublado;Simples;Reta;Não;2;0;1;0;0;1;1;2;-13,46590748;-56,02455746;SPRF-MT;DEL01-MT;UOP01-DEL01-MT
737672;09/12/2025;terça-feira;19:30:00;BA;242;416;SEABRA;Problema com o freio;Colisão traseira;Com Vítimas Feridas;Plena Noite;Decrescente;Céu Claro;Simples;"Declive;Reta";Sim;6;0;2;0;3;4;2;8;-12,42878245;-41,78037211;SPRF-BA;DEL06-BA;UOP01-DEL06-BA
737673;09/12/2025;terça-feira;16:30:00;PR;376;221;CAMBIRA;Demais falhas mecânicas ou elétricas;Tombamento;Sem Vítimas;Pleno dia;Crescente;Céu Claro;Dupla;Curva;Não;1;0;0;0;1;0;0;1;-23,602358;-51,600232;SPRF-PR;DEL09-PR;UOP01-DEL09-PR
737680;09/12/2025;terça-feira;20:50:00;MS;267;118,2;NOVA ANDRADINA;Ausência de reação do condutor;Colisão traseira;Com Vítimas Fatais;Plena Noite;Decrescente;Nublado;Simples;"Reta;Aclive";Não;3;1;0;0;1;2;0;4;-21,77411674;-53,20111692;SPRF-MS;DEL02-MS;UOP03-DEL02-MS
737681;09/12/2025;terça-feira;22:00:00;GO;153;435;ANAPOLIS;Ingestão de substâncias psicoativas pelo condutor;Tombamento;Com Vítimas Feridas;Plena Noite;Crescente;Chuva;Dupla;Reta;Não;2;0;0;1;0;1;1;2;-16,2811205;-48,953255;SPRF-GO;DEL02-GO;UOP01-DEL02-GO
737682;09/12/2025;terça-feira;19:34:00;MT;163;828;SINOP;Pedestre - Ingestão de álcool/ substâncias psicoativas;Saída de leito carroçável;Com Vítimas Feridas;Plena Noite;Decrescente;Chuva;Simples;Reta;Sim;5;0;0;1;1;3;1;2;-11,922828;-55,511404;SPRF-MT;DEL06-MT;UOP02-DEL06-MT
737688;09/12/2025;terça-feira;18:23:00;MT;163;683;LUCAS DO RIO VERDE;Reação tardia ou ineficiente do condutor;Colisão traseira;Com Vítimas Feridas;Pleno dia;Decrescente;Chuva;Simples;Reta;Não;6;0;1;0;5;0;1;3;-13,10969927;-55,95289707;SPRF-MT;DEL06-MT;UOP01-DEL06-MT
737689;09/12/2025;terça-feira;23:20:00;CE;116;320;JAGUARIBE;Ausência de reação do condutor;Colisão frontal;Com Vítimas Feridas;Plena Noite;Crescente;Céu Claro;Simples;Reta;Não;3;0;0;2;0;1;2;2;-6,10868;-38,64852905;SPRF-CE;DEL05-CE;UOP02-DEL05-CE
737694;09/12/2025;terça-feira;23:50:00;SC;280;131,6;RIO NEGRINHO;Transitar na contramão;Colisão frontal;Com Vítimas Feridas;Plena Noite;Crescente;Céu Claro;Simples;Reta;Sim;2;0;0;1;1;0;1;2;-26,25869;-49,54538;SPRF-SC;DEL06-SC;UOP03-DEL06-SC
737698;10/12/2025;quarta-feira;01:30:00;MG;381;239;SANTANA DO PARAISO;Estacionar ou parar em local proibido;Colisão traseira;Com Vítimas Feridas;Plena Noite;Crescente;Chuva;Simples;Reta;Não;3;0;1;0;1;1;1;2;-19,43601468;-42,50978921;SPRF-MG;DEL06-MG;UOP01-DEL06-MG
737700;10/12/2025;quarta-feira;01:30:00;SP;116;482;CAJATI;Reação tardia ou ineficiente do condutor;Colisão traseira;Com Vítimas Feridas;Plena Noite;Decrescente;Nublado;Dupla;Reta;Não;3;0;1;0;1;3;1;5;-24,72275505;-48,05177705;SPRF-SP;DEL05-SP;UOP01-DEL05-SP
737702;10/12/2025;quarta-feira;02:00:00;MG;262;577;CAMPOS ALTOS;Demais falhas mecânicas ou elétricas;Incêndio;Sem Vítimas;Plena Noite;Crescente;Chuva;Simples;Aclive;Não;2;0;0;0;1;2;0;3;-19,658288;-46,123168;SPRF-MG;DEL08-MG;UOP02-DEL08-MG
737703;10/12/2025;quarta-feira;02:10:00;MG;40;480,1;SETE LAGOAS;Ausência de reação do condutor;Saída de leito carroçável;Com Vítimas Feridas;Plena Noite;Crescente;Chuva;Dupla;"Curva;Aclive";Sim;3;0;2;0;0;1;2;2;-19,53994815;-44,25173376;SPRF-MG;DEL02-MG;UOP01-DEL02-MG
737705;10/12/2025;quarta-feira;02:00:00;RJ;116;311,8;RESENDE;Demais falhas mecânicas ou elétricas;Colisão com objeto;Com Vítimas Feridas;Plena Noite;Decrescente;Chuva;Dupla;Reta;Sim;2;0;1;0;1;0;1;2;-22,46109;-44,449482;SPRF-RJ;DEL07-RJ;UOP02-DEL07-RJ
737706;10/12/2025;quarta-feira;00:05:00;BA;324;425;RIACHAO DO JACUIPE;Deficiência do Sistema de Iluminação/Sinalização;Colisão traseira;Sem Vítimas;Plena Noite;Crescente;Céu Claro;Simples;Reta;Não;5;0;0;0;4;1;0;2;-11,706137;-39,524527;SPRF-BA;DEL04-BA;UOP02-DEL04-BA