id;data_inversa;dia_semana;horario;uf;br;km;municipio;causa_acidente;tipo_acidente;classificacao_acidente;fase_dia;sentido_via;condicao_metereologica;tipo_pista;tracado_via;uso_solo;pessoas;mortos;feridos_leves;feridos_graves;ilesos;ignorados;feridos;veiculos;latitude;longitude;regional;delegacia;uop
737707;09/12/2025;terça-feira;22:20:00;SC;116;73,2;MONTE CASTELO;Transitar na contramão;Colisão frontal;Com Vítimas Feridas;Plena Noite;Crescente;Nublado;Simples;Reta;Não;3;0;2;1;0;0;3;2;-26,498114;-50,233183;SPRF-SC;DEL06-SC;UOP02-DEL06-SC
737709;10/12/2025;quarta-feira;03:00:00;PR;277;13,5;PARANAGUA;Ausência de reação do condutor;Saída de leito carroçável;Com Vítimas Feridas;Plena Noite;Crescente;Céu Claro;Dupla;Reta;Não;2;0;1;0;0;1;1;2;-25,564119;-48,632748;SPRF-PR;DEL01-PR;UOP05-DEL01-PR
737711;10/12/2025;quarta-feira;04:40:00;MG;40;698,5;BARBACENA;Ausência de reação do condutor;Saída de leito carroçável;Com Vítimas Feridas;Amanhecer;Decrescente;Chuva;Simples;Reta;Não;2;0;1;0;0;1;1;2;-21,1925848;-43,7514674;SPRF-MG;DEL05-MG;UOP02-DEL05-MG
737713;10/12/2025;quarta-feira;05:30:00;MG;262;357;JUATUBA;Velocidade Incompatível;Colisão traseira;Com Vítimas Feridas;Amanhecer;Decrescente;Garoa/Chuvisco;Dupla;Reta;Não;3;0;0;1;1;1;1;3;-19,97182617;-44,28419352;SPRF-MG;DEL01-MG;UOP03-DEL01-MG
737714;10/12/2025;quarta-feira;05:50:00;PB;101;117,1;CAAPORA;Demais falhas mecânicas ou elétricas;Incêndio;Com Vítimas Feridas;Pleno dia;Decrescente;Céu Claro;Dupla;"Declive;Curva";Não;2;0;1;0;0;1;1;2;-7,415735;-34,958273;SPRF-PB;DEL01-PB;UOP01-DEL01-PB
737716;10/12/2025;quarta-feira;05:42:00;PR;277;33;MORRETES;Demais falhas mecânicas ou elétricas;Incêndio;Sem Vítimas;Pleno dia;Crescente;Céu Claro;Dupla;Reta;Não;2;0;0;0;1;2;0;3;-25,56124595;-48,80926275;SPRF-PR;DEL01-PR;UOP05-DEL01-PR
737717;09/12/2025;terça-feira;18:15:00;MA;226;130;SENADOR ALEXANDRE COSTA;Transitar na contramão;Colisão frontal;Com Vítimas Fatais;Plena Noite;Crescente;Céu Claro;Simples;Reta;Não;6;1;0;2;1;2;2;3;-5,303212;-43,896123;SPRF-MA;DEL06-MA;UOP01-DEL06-MA
737718;10/12/2025;quarta-feira;06:32:00;BA;242;227;ITABERABA;Conversão proibida;Colisão frontal;Com Vítimas Feridas;Pleno dia;Decrescente;Céu Claro;Simples;"Reta;Interseção de Vias";Sim;2;0;1;0;1;0;1;2;-12,51727;-40,28532;SPRF-BA;DEL06-BA;UOP02-DEL06-BA
737725;10/12/2025;quarta-feira;06:00:00;PR;376;665,3;GUARATUBA;Velocidade Incompatível;Colisão traseira;Com Vítimas Fatais;Pleno dia;Crescente;Vento;Simples;"Declive;Curva";Não;6;1;1;0;2;3;1;6;-25,85589179;-48,95242877;SPRF-PR;DEL01-PR;UOP04-DEL01-PR
737726;02/12/2025;terça-feira;16:17:00;RS;448;22;PORTO ALEGRE;Ausência de reação do condutor;Tombamento;Com Vítimas Fatais;Pleno dia;Crescente;Céu Claro;Dupla;Curva;Sim;2;1;0;0;0;2;0;3;-29,97519189;-51,19952917;SPRF-RS;DEL01-RS;UOP01-DEL01-RS
737729;10/12/2025;quarta-feira;07:45:00;RS;470;217,7;BENTO GONCALVES;Área urbana sem a presença de local apropriado para a travessia de pedestres;Atropelamento de Pedestre;Com Vítimas Feridas;Pleno dia;Crescente;Chuva;Simples;"Curva;Retorno Regulamentado";Sim;3;0;1;0;1;1;1;3;-29,17865036;-51,51839411;SPRF-RS;DEL06-RS;UOP01-DEL06-RS
737734;28/11/2025;sexta-feira;15:30:00;MS;267;19,8;BATAGUASSU;Ultrapassagem Indevida;Capotamento;Com Vítimas Feridas;Pleno dia;Decrescente;Céu Claro;Simples;Reta;Não;3;0;1;0;1;2;1;4;-21,7265769;-52,3290614;SPRF-MS;DEL02-MS;UOP04-DEL02-MS
737739;10/12/2025;quarta-feira;06:10:00;SP;116;485;CAJATI;Estacionar ou parar em local proibido;Colisão traseira;Com Vítimas Fatais;Pleno dia;Decrescente;Céu Claro;Dupla;Reta;Não;3;1;0;0;1;2;0;4;-24,72578341;-48,08853149;SPRF-SP;DEL05-SP;UOP01-DEL05-SP
737742;10/12/2025;quarta-feira;05:44:00;PR;376;378,3;ORTIGUEIRA;Ausência de reação do condutor;Colisão lateral mesmo sentido;Sem Vítimas;Amanhecer;Decrescente;Ignorado;Dupla;Reta;Não;3;0;0;0;2;1;0;3;-24,36311538;-50,81074901;SPRF-PR;DEL03-PR;UOP02-DEL03-PR
737743;10/12/2025;quarta-feira;06:20:00;MT;70;516;VARZEA GRANDE;Acessar a via sem observar a presença dos outros veículos;Colisão frontal;Com Vítimas Feridas;Pleno dia;Crescente;Céu Claro;Simples;Reta;Sim;2;0;1;0;1;0;1;2;-15,70293;-56,15121;SPRF-MT;DEL01-MT;UOP02-DEL01-MT
737751;10/12/2025;quarta-feira;07:50:00;MG;381;529,3;BRUMADINHO;Condutor Dormindo;Tombamento;Com Vítimas Feridas;Pleno dia;Decrescente;Nublado;Dupla;Curva;Não;2;0;1;0;0;2;1;3;-20,15709127;-44,32835145;SPRF-MG;DEL04-MG;UOP03-DEL04-MG
737755;10/12/2025;quarta-feira;07:47:00;MT;163;650;LUCAS DO RIO VERDE;Ausência de reação do condutor;Saída de leito carroçável;Com Vítimas Feridas;Pleno dia;Decrescente;Céu Claro;Simples;Reta;Não;2;0;1;0;0;3;1;4;-13,377817;-56,083323;SPRF-MT;DEL06-MT;UOP01-DEL06-MT
737756;22/11/2025;sábado;07:30:00;MG;381;310;NOVA ERA;Velocidade Incompatível;Saída de leito carroçável;Com Vítimas Feridas;Pleno dia;Crescente;Nublado;Simples;"Curva;Declive";Não;2;0;1;0;0;1;1;2;-19,67544401;-42,97503948;SPRF-MG;DEL03-MG;UOP02-DEL03-MG
737762;10/12/2025;quarta-feira;10:08:00;RN;101;161,8;CANGUARETAMA;Manobra de mudança de faixa;Colisão traseira;Com Vítimas Feridas;Pleno dia;Decrescente;Sol;Dupla;Reta;Não;3;0;1;0;1;1;1;3;-6,3835952;-35,14546752;SPRF-RN;DEL01-RN;UOP01-DEL01-RN
737764;10/12/2025;quarta-feira;11:15:00;PR;376;253,9;CALIFORNIA;Transitar na contramão;Colisão frontal;Com Vítimas Feridas;Pleno dia;Crescente;Céu Claro;Simples;Reta;Não;5;0;1;1;1;2;2;4;-23,65214;-51,37435;SPRF-PR;DEL07-PR;UOP03-DEL07-PR
737771;10/12/2025;quarta-feira;11:10:00;RS;472;476;URUGUAIANA;Manobra de mudança de faixa;Colisão lateral sentido oposto;Com Vítimas Feridas;Pleno dia;Decrescente;Céu Claro;Simples;Reta;Sim;3;0;1;0;2;0;1;2;-29,77588532;-57,0593555;SPRF-RS;DEL12-RS;UOP01-DEL12-RS
737777;10/12/2025;quarta-feira;11:50:00;RJ;493;23;MAGE;Ausência de reação do condutor;Colisão traseira;Com Vítimas Feridas;Pleno dia;Decrescente;Sol;Simples;Reta;Não;2;0;1;0;1;0;1;2;-22,65713;-43,065948;SPRF-RJ;DEL04-RJ;UOP02-DEL04-RJ
737778;10/12/2025;quarta-feira;12:00:00;PA;230;70;SAO DOMINGOS DO ARAGUAIA;Reação tardia ou ineficiente do condutor;Saída de leito carroçável;Com Vítimas Fatais;Pleno dia;Crescente;Céu Claro;Simples;Curva;Não;3;1;0;0;0;2;0;3;-5,507055;-48,718863;SPRF-PA;DEL03-PA;UOP01-DEL03-PA
737781;03/12/2025;quarta-feira;04:00:00;MG;40;425,8;PARAOPEBA;Condutor Dormindo;Colisão traseira;Com Vítimas Feridas;Plena Noite;Decrescente;Nublado;Dupla;"Reta;Declive";Não;2;0;0;1;1;0;1;2;-19,16837;-44,51504;SPRF-MG;DEL02-MG;UOP01-DEL02-MG
737785;10/12/2025;quarta-feira;12:35:00;SC;282;237;LAGES;Reação tardia ou ineficiente do condutor;Saída de leito carroçável;Com Vítimas Fatais;Pleno dia;Crescente;Chuva;Simples;"Reta;Declive";Não;1;1;0;0;0;0;0;1;-27,78708;-50,4881;SPRF-SC;DEL05-SC;UOP02-DEL05-SC
737786;10/12/2025;quarta-feira;11:40:00;RO;425;90;GUAJARA-MIRIM;Reação tardia ou ineficiente do condutor;Saída de leito carroçável;Sem Vítimas;Pleno dia;Decrescente;Céu Claro;Simples;Reta;Não;3;0;0;0;2;1;0;3;-10,51196688;-65,32872319;SPRF-RO;DEL01-RO;UOP03-DEL01-RO
737790;10/12/2025;quarta-feira;11:00:00;SE;101;89;NOSSA SENHORA DO SOCORRO;Velocidade Incompatível;Tombamento;Sem Vítimas;Pleno dia;Decrescente;Céu Claro;Simples;"Curva;Viaduto;Declive";Não;2;0;0;0;1;1;0;2;-10,884427;-37,132143;SPRF-SE;DEL01-SE;UOP01-DEL01-SE
737792;10/12/2025;quarta-feira;14:50:00;MG;381;379;SAO GONCALO DO RIO ABAIXO;Velocidade Incompatível;Tombamento;Com Vítimas Fatais;Pleno dia;Crescente;Céu Claro;Simples;Curva;Não;5;1;1;2;0;1;3;2;-19,821714;-43,387856;SPRF-MG;DEL01-MG;UOP01-DEL01-MG
737795;10/12/2025;quarta-feira;13:00:00;SP;116;408;JUQUIA;Reação tardia ou ineficiente do condutor;Colisão traseira;Com Vítimas Feridas;Pleno dia;Crescente;Céu Claro;Dupla;Retorno Regulamentado;Não;3;0;1;0;1;1;1;3;-24,3284;-47,5744;SPRF-SP;DEL05-SP;UOP01-DEL05-SP
737796;10/12/2025;quarta-feira;12:00:00;MG;381;751;TRES CORACOES;Transitar no Acostamento;Colisão traseira;Com Vítimas Feridas;Pleno dia;Crescente;Chuva;Dupla;Reta;Não;4;0;0;1;2;1;1;3;-21,638085;-45,284317;SPRF-MG;DEL16-MG;UOP02-DEL16-MG
737797;10/12/2025;quarta-feira;13:00:00;MG;364;33;FRUTAL;Condutor deixou de manter distância do veículo da frente;Colisão traseira;Com Vítimas Feridas;Pleno dia;Crescente;Chuva;Simples;"Declive;Ponte;Reta";Sim;4;0;2;0;1;1;2;3;-20,0034619;-48,94263117;SPRF-MG;DEL13-MG;UOP02-DEL13-MG
737799;10/12/2025;quarta-feira;10:50:00;PI;316;82;LAGOINHA DO PIAUI;Acessar a via sem observar a presença dos outros veículos;Colisão transversal;Sem Vítimas;Pleno dia;Crescente;Céu Claro;Simples;"Interseção de Vias;Rotatória";Não;3;0;0;0;2;3;0;5;-5,76477779;-42,61077905;SPRF-PI;DEL01-PI;UOP02-DEL01-PI
737802;10/12/2025;quarta-feira;12:10:00;MS;163;380,5;NOVA ALVORADA DO SUL;Manobra de mudança de faixa;Colisão lateral mesmo sentido;Com Vítimas Feridas;Pleno dia;Crescente;Céu Claro;Simples;"Em Obras;Reta";Não;5;0;1;0;3;1;1;4;-21,34421204;-54,41917543;SPRF-MS;DEL02-MS;UOP01-DEL02-MS
737808;10/12/2025;quarta-feira;14:40:00;PI;316;11,6;TERESINA;Acessar a via sem observar a presença dos outros veículos;Colisão lateral mesmo sentido;Com Vítimas Feridas;Pleno dia;Decrescente;Céu Claro;Múltipla;Reta;Sim;2;0;1;0;1;0;1;2;-5,197999;-42,758661;SPRF-PI;DEL01-PI;UOP02-DEL01-PI
737809;10/12/2025;quarta-feira;11:30:00;MT;364;521;ROSARIO OESTE;Conversão proibida;Colisão traseira;Com Vítimas Feridas;Pleno dia;Decrescente;Céu Claro;Simples;Reta;Não;5;0;1;0;3;5;1;8;-15,003635;-56,51649999;SPRF-MT;DEL01-MT;UOP01-DEL01-MT
737811;10/12/2025;quarta-feira;16:00:00;RJ;40;51;PETROPOLIS;Demais falhas mecânicas ou elétricas;Colisão com objeto;Com Vítimas Feridas;Pleno dia;Crescente;Chuva;Dupla;"Curva;Aclive";Não;3;0;1;0;2;0;1;1;-22,33947779;-43,13328981;SPRF-RJ;DEL05-RJ;UOP02-DEL05-RJ
737817;10/12/2025;quarta-feira;11:45:00;CE;222;266;COREAU;Manobra de mudança de faixa;Colisão lateral mesmo sentido;Com Vítimas Feridas;Pleno dia;Decrescente;Céu Claro;Simples;Reta;Não;6;0;3;0;2;2;3;4;-3,750348;-40,712428;SPRF-CE;DEL04-CE;UOP02-DEL04-CE
737818;10/12/2025;quarta-feira;13:20:00;SC;153;8,5;AGUA DOCE;Condutor Dormindo;Saída de leito carroçável;Com Vítimas Fatais;Pleno dia;Crescente;Chuva;Simples;"Aclive;Reta";Não;3;1;0;0;0;2;0;3;-26,664798;-51,546814;SPRF-SC;DEL07-SC;UOP07-DEL07-SC
737822;10/12/2025;quarta-feira;16:49:00;ES;101;192,9;ARACRUZ;Ultrapassagem Indevida;Colisão lateral mesmo sentido;Com Vítimas Feridas;Pleno dia;Crescente;Nublado;Simples;"Aclive;Reta";Não;4;0;2;0;1;1;2;3;-19,6976989;-40,3027;SPRF-ES;DEL04-ES;UOP01-DEL04-ES
737831;10/12/2025;quarta-feira;15:12:00;AL;423;79,7;AGUA BRANCA;Transitar na contramão;Colisão lateral sentido oposto;Com Vítimas Feridas;Pleno dia;Crescente;Céu Claro;Simples;Reta;Não;3;0;0;1;1;1;1;3;-9,328934;-37,979979;SPRF-BA;DEL07-BA;UOP01-DEL07-BA
737836;10/12/2025;quarta-feira;16:40:00;MG;381;490;CONTAGEM;Acesso irregular;Colisão lateral mesmo sentido;Com Vítimas Feridas;Pleno dia;Crescente;Céu Claro;Dupla;"Interseção de Vias;Curva";Não;2;0;1;0;1;0;1;2;-19,954;-44,015;SPRF-MG;DEL01-MG;UOP03-DEL01-MG
737842;10/12/2025;quarta-feira;18:31:00;RN;101;83;SAO GONCALO DO AMARANTE;Manobra de mudança de faixa;Colisão lateral mesmo sentido;Com Vítimas Feridas;Plena Noite;Decrescente;Céu Claro;Simples;Reta;Sim;3;0;1;0;2;0;1;2;-5,7487656;-35,32659;SPRF-RN;DEL02-RN;UOP01-DEL02-RN
737847;10/12/2025;quarta-feira;18:12:00;SC;116;221,2;CORREIA PINTO;Acesso irregular;Colisão transversal;Com Vítimas Feridas;Anoitecer;Crescente;Chuva;Simples;Reta;Sim;2;0;0;1;1;0;1;2;-27,5952787;-50,35865664;SPRF-SC;DEL05-SC;UOP03-DEL05-SC
737850;10/12/2025;quarta-feira;18:40:00;GO;153;503;GOIANIA;Trafegar com motocicleta (ou similar) entre as faixas;Colisão lateral mesmo sentido;Com Vítimas Feridas;Plena Noite;Crescente;Chuva;Dupla;Viaduto;Sim;3;0;1;0;1;1;1;3;-16,72790075;-49,24176905;SPRF-GO;DEL01-GO;UOP01-DEL01-GO
737865;10/12/2025;quarta-feira;17:30:00;RJ;40;92;PETROPOLIS;Carga excessiva e/ou mal acondicionada;Tombamento;Com Vítimas Feridas;Anoitecer;Decrescente;Céu Claro;Dupla;"Aclive;Curva";Não;2;0;1;0;0;1;1;2;-22,568764;-43,24332;SPRF-RJ;DEL01-RJ;UOP01-DEL01-RJ
737870;15/09/2025;segunda-feira;09:00:00;RJ;101;433;MANGARATIBA;Condutor deixou de manter distância do veículo da frente;Colisão traseira;Com Vítimas Feridas;Pleno dia;Decrescente;Céu Claro;Simples;Curva;Sim;2;0;0;1;1;0;1;2;-22,9379797;-44,0407254;SPRF-RJ;DEL03-RJ;UOP02-DEL03-RJ
737873;10/12/2025;quarta-feira;19:45:00;PR;153;106,2;IBAITI;Reação tardia ou ineficiente do condutor;Colisão traseira;Com Vítimas Feridas;Plena Noite;Crescente;Céu Claro;Simples;Reta;Não;2;0;1;0;1;0;1;2;-23,82313691;-50,18404484;SPRF-PR;DEL07-PR;UOP04-DEL07-PR
737875;10/12/2025;quarta-feira;21:40:00;MG;459;81,9;SENADOR JOSE BENTO;Animais na Pista;Atropelamento de Animal;Com Vítimas Feridas;Plena Noite;Crescente;Nublado;Simples;Reta;Não;4;0;3;0;0;1;3;3;-22,15819481;-46,09904051;SPRF-MG;DEL09-MG;UOP01-DEL09-MG
737876;10/12/2025;quarta-feira;21:35:00;RS;290;14,1;SANTO ANTONIO DA PATRULHA;Condutor deixou de manter distância do veículo da frente;Colisão traseira;Com Vítimas Feridas;Plena Noite;Crescente;Chuva;Dupla;Curva;Não;4;0;0;1;3;0;1;4;-29,866288;-50,403328;SPRF-RS;DEL03-RS;UOP01-DEL03-RS
737877;10/12/2025;quarta-feira;22:00:00;RS;290;133,2;ELDORADO DO SUL;Entrada inopinada do pedestre;Atropelamento de Pedestre;Com Vítimas Fatais;Plena Noite;Decrescente;Céu Claro;Simples;Reta;Não;4;1;0;1;1;1;1;3;-30,064136;-51,5457;SPRF-RS;DEL02-RS;UOP01-DEL02-RS
737879;10/12/2025;quarta-feira;21:30:00;RS;386;305,8;POUSO NOVO;Ingestão de álcool pelo condutor;Saída de leito carroçável;Com Vítimas Feridas;Plena Noite;Decrescente;Nublado;Dupla;"Aclive;Reta";Não;2;0;1;0;0;1;1;2;-29,1834142;-52,19201088;SPRF-RS;DEL04-RS;UOP01-DEL04-RS
737888;10/12/2025;quarta-feira;20:40:00;SC;282;560,7;NOVA ITABERABA;Ingestão de álcool pelo condutor;Engavetamento;Sem Vítimas;Plena Noite;Crescente;Chuva;Simples;Reta;Não;4;0;0;0;4;0;0;4;-26,92657991;-52,8524785;SPRF-SC;DEL07-SC;UOP02-DEL07-SC
737889;10/12/2025;quarta-feira;23:00:00;MG;381;397;BOM JESUS DO AMPARO;Condutor usando celular;Colisão traseira;Com Vítimas Feridas;Pleno dia;Decrescente;Céu Claro;Dupla;"Curva;Aclive";Não;2;0;1;0;1;0;1;2;-19,743669;-43,521016;SPRF-MG;DEL01-MG;UOP01-DEL01-MG
737890;10/12/2025;quarta-feira;20:50:00;MG;50;119;UBERABA;Reação tardia ou ineficiente do condutor;Colisão transversal;Com Vítimas Feridas;Plena Noite;Decrescente;Céu Claro;Dupla;"Retorno Regulamentado;Reta";Não;3;0;2;0;0;1;2;2;-19,24990923;-48,13551879;SPRF-MG;DEL13-MG;UOP01-DEL13-MG
737898;11/12/2025;quinta-feira;00:45:00;SC;101;199;SAO JOSE;Reação tardia ou ineficiente do condutor;Colisão traseira;Com Vítimas Feridas;Plena Noite;Crescente;Céu Claro;Dupla;Reta;Sim;3;0;2;0;1;0;2;2;-27,53922132;-48,6238974;SPRF-SC;DEL01-SC;UOP01-DEL01-SC
737900;11/12/2025;quinta-feira;00:40:00;PR;376;370;IMBAU;Demais falhas mecânicas ou elétricas;Colisão com objeto;Com Vítimas Feridas;Plena Noite;Crescente;Céu Claro;Dupla;Reta;Não;2;0;1;0;1;0;1;2;-24,38221;-50,79029;SPRF-PR;DEL07-PR;UOP02-DEL07-PR
737901;11/12/2025;quinta-feira;01:15:00;SP;116;69,7;APARECIDA;Pedestre cruzava a pista fora da faixa;Atropelamento de Pedestre;Com Vítimas Fatais;Plena Noite;Crescente;Céu Claro;Dupla;Curva;Não;3;1;0;0;1;1;0;3;-22,84546897;-45,22622824;SPRF-SP;DEL08-SP;UOP01-DEL08-SP
737903;11/12/2025;quinta-feira;02:00:00;MG;50;47,9;ARAGUARI;Mal súbito do condutor;Saída de leito carroçável;Com Vítimas Fatais;Plena Noite;Crescente;Céu Claro;Dupla;"Curva;Declive";Não;1;1;0;0;0;0;0;1;-18,731365;-48,213435;SPRF-MG;DEL15-MG;UOP02-DEL15-MG
737906;11/12/2025;quinta-feira;02:30:00;SP;116;107,3;TAUBATE;Reação tardia ou ineficiente do condutor;Engavetamento;Com Vítimas Fatais;Plena Noite;Decrescente;Céu Claro;Dupla;"Em Obras;Reta";Sim;12;1;4;1;5;3;5;9;-23,01946568;-45,53218532;SPRF-SP;DEL02-SP;UOP02-DEL02-SP
737907;11/12/2025;quinta-feira;02:30:00;RJ;101;404;ITAGUAI;Manobra de mudança de faixa;Colisão traseira;Com Vítimas Feridas;Amanhecer;Decrescente;Céu Claro;Dupla;Reta;Não;3;0;1;0;1;1;1;3;-22,865573;-43,79964;SPRF-RJ;DEL03-RJ;UOP01-DEL03-RJ
737910;11/12/2025;quinta-feira;05:05:00;SC;101;15,9;GARUVA;Reação tardia ou ineficiente do condutor;Colisão traseira;Sem Vítimas;Pleno dia;Crescente;Céu Claro;Dupla;"Declive;Curva";Não;3;0;0;0;2;3;0;5;-26,11417482;-48,87643576;SPRF-SC;DEL03-SC;UOP01-DEL03-SC
737912;11/12/2025;quinta-feira;03:30:00;MG;40;332,8;FELIXLANDIA;Condutor Dormindo;Saída de leito carroçável;Com Vítimas Feridas;Plena Noite;Crescente;Céu Claro;Simples;"Reta;Declive";Não;2;0;1;0;0;2;1;3;-18,59619;-45,00923;SPRF-MG;DEL14-MG;UOP02-DEL14-MG
737915;11/12/2025;quinta-feira;05:00:00;PI;316;51,5;LAGOA DO PIAUI;Velocidade Incompatível;Tombamento;Com Vítimas Feridas;Amanhecer;Decrescente;Nublado;Simples;"Curva;Declive";Não;1;0;1;0;0;0;1;1;-5,51127;-42,63723;SPRF-PI;DEL01-PI;UOP02-DEL01-PI
737916;11/12/2025;quinta-feira;05:55:00;PB;101;88,4;JOAO PESSOA;Demais falhas mecânicas ou elétricas;Tombamento;Com Vítimas Feridas;Pleno dia;Decrescente;Céu Claro;Dupla;Curva;Não;2;0;0;1;1;0;1;1;-7,1650846;-34,8949234;SPRF-PB;DEL01-PB;UOP01-DEL01-PB
737918;11/12/2025;quinta-feira;01:35:00;MG;40;86;PARACATU;Transitar na contramão;Colisão lateral sentido oposto;Com Vítimas Feridas;Plena Noite;Decrescente;Nublado;Simples;Reta;Não;3;0;0;1;1;3;1;5;-17,48506901;-46,61458731;SPRF-MG;DEL14-MG;UOP01-DEL14-MG
737924;11/12/2025;quinta-feira;07:10:00;CE;20;400;CAUCAIA;Ausência de sinalização;Colisão frontal;Com Vítimas Feridas;Pleno dia;Crescente;Céu Claro;Simples;"Reta;Em Obras";Não;3;0;1;0;2;0;1;2;-3,79610794;-38,71221221;SPRF-CE;DEL01-CE;UOP01-DEL01-CE
737926;10/12/2025;quarta-feira;23:15:00;RJ;101;173;MACAE;Ausência de reação do condutor;Colisão traseira;Sem Vítimas;Plena Noite;Crescente;Nublado;Simples;"Aclive;Reta";Não;3;0;0;0;2;1;0;3;-22,37403;-41,95688;SPRF-RJ;DEL08-RJ;UOP04-DEL08-RJ
737930;11/12/2025;quinta-feira;04:30:00;RJ;40;72;PETROPOLIS;Velocidade Incompatível;Colisão traseira;Com Vítimas Feridas;Pleno dia;Crescente;Céu Claro;Dupla;Curva;Sim;26;0;4;1;21;0;5;2;-22,460221;-43,220764;SPRF-RJ;DEL01-RJ;UOP01-DEL01-RJ
737943;18/11/2025;terça-feira;05:19:00;ES;101;350;ANCHIETA;Velocidade Incompatível;Saída de leito carroçável;Com Vítimas Feridas;Amanhecer;Decrescente;Céu Claro;Dupla;Curva;Não;1;0;1;0;0;0;1;1;-20,66582851;-40,6559093;SPRF-ES;DEL03-ES;UOP01-DEL03-ES
737945;11/12/2025;quinta-feira;08:23:00;PB;230;22,9;JOAO PESSOA;Reação tardia ou ineficiente do condutor;Engavetamento;Com Vítimas Feridas;Pleno dia;Decrescente;Céu Claro;Dupla;Reta;Sim;6;0;1;0;5;0;1;5;-7,1578616;-34,8577604;SPRF-PB;DEL01-PB;UOP01-DEL01-PB
737947;06/09/2025;sábado;19:00:00;SC;163;107,2;GUARUJA DO SUL;Condutor deixou de manter distância do veículo da frente;Colisão traseira;Com Vítimas Feridas;Plena Noite;Decrescente;Nublado;Simples;"Declive;Reta";Não;5;0;3;0;2;0;3;3;-26,4250792;-53,52290154;SPRF-SC;DEL07-SC;UOP03-DEL07-SC
737949;11/12/2025;quinta-feira;08:09:00;PE;101;66,8;RECIFE;Reação tardia ou ineficiente do condutor;Colisão transversal;Com Vítimas Feridas;Pleno dia;Decrescente;Céu Claro;Simples;Reta;Sim;3;0;1;0;1;1;1;3;-8,041162;-34,94256;SPRF-PE;DEL01-PE;UOP01-DEL01-PE
737954;11/12/2025;quinta-feira;08:45:00;MA;135;22;SAO LUIS;Manobra de mudança de faixa;Colisão lateral mesmo sentido;Com Vítimas Feridas;Pleno dia;Crescente;Céu Claro;Dupla;Reta;Sim;2;0;1;0;1;0;1;2;-2,55432675;-44,3094338;SPRF-MA;DEL01-MA;UOP01-DEL01-MA
737957;11/12/2025;quinta-feira;07:50:00;PR;376;595,1;CURITIBA;Trafegar com motocicleta (ou similar) entre as faixas;Colisão lateral mesmo sentido;Com Vítimas Feridas;Pleno dia;Crescente;Céu Claro;Dupla;Reta;Sim;2;0;0;1;1;0;1;2;-25,462073;-49,358308;SPRF-PR;DEL01-PR;UOP03-DEL01-PR
737970;10/12/2025;quarta-feira;11:30:00;SP;116;532;BARRA DO TURVO;Reação tardia ou ineficiente do condutor;Colisão traseira;Com Vítimas Fatais;Pleno dia;Decrescente;Céu Claro;Dupla;Reta;Não;3;1;0;0;1;3;0;5;-24,92796346;-48,27055073;SPRF-SP;DEL05-SP;UOP02-DEL05-SP
737974;20/11/2025;quinta-feira;04:20:00;PR;153;462,9;UNIAO DA VITORIA;Condutor Dormindo;Colisão frontal;Com Vítimas Fatais;Plena Noite;Decrescente;Céu Claro;Simples;Reta;Não;2;1;0;0;1;0;0;2;-26,23697017;-51,15534782;SPRF-PR;DEL02-PR;UOP03-DEL02-PR
737976;11/12/2025;quinta-feira;08:59:00;SC;282;64,5;RANCHO QUEIMADO;Ultrapassagem Indevida;Colisão lateral mesmo sentido;Com Vítimas Feridas;Pleno dia;Decrescente;Sol;Simples;Curva;Não;2;0;1;0;1;0;1;2;-27,69637224;-49,05622959;SPRF-SC;DEL01-SC;UOP03-DEL01-SC
737978;11/12/2025;quinta-feira;09:50:00;RJ;493;17;GUAPIMIRIM;Reação tardia ou ineficiente do condutor;Colisão transversal;Com Vítimas Feridas;Pleno dia;Crescente;Sol;Simples;Reta;Não;4;0;1;0;2;2;1;5;-22,662728;-43,000022;SPRF-RJ;DEL04-RJ;UOP02-DEL04-RJ
737981;11/12/2025;quinta-feira;12:45:00;CE;116;61;CHOROZINHO;Reação tardia ou ineficiente do condutor;Colisão traseira;Com Vítimas Feridas;Pleno dia;Decrescente;Céu Claro;Simples;Reta;Não;2;0;1;0;1;0;1;2;-4,26492;-38,48911;SPRF-CE;DEL01-CE;UOP04-DEL01-CE
737983;11/12/2025;quinta-feira;11:20:00;MG;40;456;CAETANOPOLIS;Ausência de reação do condutor;Colisão traseira;Com Vítimas Feridas;Pleno dia;Crescente;Sol;Dupla;Reta;Não;3;0;0;1;1;2;1;4;-19,3640902;-44,3415567;SPRF-MG;DEL02-MG;UOP01-DEL02-MG
737984;11/12/2025;quinta-feira;07:10:00;RO;364;378,8;OURO PRETO DO OESTE;Reação tardia ou ineficiente do condutor;Colisão lateral mesmo sentido;Com Vítimas Feridas;Pleno dia;Decrescente;Céu Claro;Simples;"Declive;Reta";Não;13;0;8;1;4;0;9;3;-10,74160754;-62,21695231;SPRF-RO;DEL02-RO;UOP01-DEL02-RO
737990;03/09/2025;quarta-feira;09:10:00;RJ;101;548;PARATY;Desrespeitar a preferência no cruzamento;Colisão traseira;Com Vítimas Feridas;Pleno dia;Crescente;Céu Claro;Simples;Reta;Não;6;0;4;0;2;0;4;3;-23,04504128;-44,64792642;SPRF-RJ;DEL03-RJ;UOP04-DEL03-RJ
737991;11/12/2025;quinta-feira;12:36:00;PE;424;79,1;GARANHUNS;Ultrapassagem Indevida;Colisão lateral sentido oposto;Com Vítimas Feridas;Pleno dia;Crescente;Céu Claro;Simples;"Aclive;Reta";Não;2;0;1;0;1;0;1;2;-8,826346;-36,552661;SPRF-PE;DEL03-PE;UOP01-DEL03-PE