id;data_inversa;dia_semana;horario;uf;br;km;municipio;causa_acidente;tipo_acidente;classificacao_acidente;fase_dia;sentido_via;condicao_metereologica;tipo_pista;tracado_via;uso_solo;pessoas;mortos;feridos_leves;feridos_graves;ilesos;ignorados;feridos;veiculos;latitude;longitude;regional;delegacia;uop
737992;11/12/2025;quinta-feira;12:50:00;PR;376;545;BALSA NOVA;Reação tardia ou ineficiente do condutor;Colisão traseira;Com Vítimas Feridas;Pleno dia;Crescente;Ignorado;Dupla;Curva;Não;5;0;1;0;3;1;1;4;-25,4424;-49,7474;SPRF-PR;DEL03-PR;UOP03-DEL03-PR
737994;11/12/2025;quinta-feira;13:30:00;PR;277;290,3;PRUDENTOPOLIS;Condutor deixou de manter distância do veículo da frente;Colisão traseira;Sem Vítimas;Pleno dia;Crescente;Céu Claro;Simples;Reta;Não;5;0;0;0;4;2;0;5;-25,31951148;-51,03630066;SPRF-PR;DEL08-PR;UOP02-DEL08-PR
737996;11/12/2025;quinta-feira;10:15:00;RJ;40;118;DUQUE DE CAXIAS;Reação tardia ou ineficiente do condutor;Colisão traseira;Sem Vítimas;Pleno dia;Crescente;Céu Claro;Dupla;Reta;Sim;3;0;0;0;3;0;0;2;-22,76189138;-43,28712986;SPRF-RJ;DEL01-RJ;UOP02-DEL01-RJ
738001;02/12/2025;terça-feira;11:55:00;RS;386;356,6;ESTRELA;Reação tardia ou ineficiente do condutor;Colisão transversal;Com Vítimas Feridas;Pleno dia;Crescente;Sol;Dupla;Retorno Regulamentado;Não;4;0;2;0;1;1;2;3;-29,527846;-51,930826;SPRF-RS;DEL04-RS;UOP01-DEL04-RS
738002;11/12/2025;quinta-feira;14:08:00;PE;101;46;IGARASSU;Ausência de reação do condutor;Colisão traseira;Com Vítimas Feridas;Pleno dia;Decrescente;Céu Claro;Múltipla;Reta;Não;3;0;1;0;2;0;1;3;-7,8804994;-34,9049922;SPRF-PE;DEL01-PE;UOP02-DEL01-PE
738005;11/12/2025;quinta-feira;14:00:00;PR;376;485;PONTA GROSSA;Manobra de mudança de faixa;Colisão traseira;Com Vítimas Feridas;Pleno dia;Decrescente;Sol;Dupla;"Aclive;Reta;Em Obras";Sim;3;0;0;1;1;1;1;3;-25,107623;-50,1916;SPRF-PR;DEL03-PR;UOP04-DEL03-PR
738010;11/12/2025;quinta-feira;15:10:00;PE;232;76,2;GRAVATA;Acessar a via sem observar a presença dos outros veículos;Colisão transversal;Sem Vítimas;Pleno dia;Crescente;Céu Claro;Dupla;Reta;Não;2;0;0;0;2;0;0;2;-8,19451;-35,54025;SPRF-PE;DEL02-PE;UOP02-DEL02PE
738011;11/12/2025;quinta-feira;15:00:00;CE;116;384;ICO;Ausência de reação do condutor;Colisão lateral sentido oposto;Com Vítimas Feridas;Pleno dia;Crescente;Céu Claro;Simples;"Reta;Declive";Não;7;0;1;0;5;1;1;4;-6,462925;-38,855546;SPRF-CE;DEL05-CE;UOP01-DEL05-CE
738012;11/12/2025;quinta-feira;15:00:00;SP;116;124;CACAPAVA;Reação tardia ou ineficiente do condutor;Colisão traseira;Com Vítimas Feridas;Pleno dia;Decrescente;Céu Claro;Dupla;Reta;Não;3;0;2;0;1;0;2;2;-23,0945;-45,679888;SPRF-SP;DEL02-SP;UOP02-DEL02-SP
738014;11/12/2025;quinta-feira;15:00:00;PR;116;122;CURITIBA;Acessar a via sem observar a presença dos outros veículos;Colisão lateral mesmo sentido;Com Vítimas Feridas;Pleno dia;Crescente;Céu Claro;Dupla;Reta;Sim;3;0;1;0;2;0;1;3;-25,60464477;-49,31841938;SPRF-PR;DEL01-PR;UOP03-DEL01-PR
738017;11/12/2025;quinta-feira;14:35:00;MG;381;575;ITAGUARA;Ausência de reação do condutor;Colisão traseira;Com Vítimas Feridas;Pleno dia;Crescente;Céu Claro;Dupla;Reta;Não;3;0;1;0;1;1;1;3;-20,45139133;-44,56869777;SPRF-MG;DEL04-MG;UOP01-DEL04-MG
738020;11/12/2025;quinta-feira;16:20:00;ES;101;276,2;SERRA;Acessar a via sem observar a presença dos outros veículos;Colisão transversal;Com Vítimas Feridas;Pleno dia;Crescente;Sol;Dupla;Retorno Regulamentado;Não;2;0;1;0;1;0;1;2;-20,20920745;-40,31581074;SPRF-ES;DEL02-ES;UOP01-DEL02-ES
738025;11/12/2025;quinta-feira;15:30:00;MT;163;886;CLAUDIA;Sinalização mal posicionada;Eventos atípicos;Com Vítimas Fatais;Pleno dia;Crescente;Sol;Simples;Reta;Não;3;1;0;0;1;2;0;4;-11,4304;-55,35462;SPRF-MT;DEL06-MT;UOP02-DEL06-MT
738029;11/12/2025;quinta-feira;16:45:00;PR;277;18;PARANAGUA;Demais falhas mecânicas ou elétricas;Incêndio;Sem Vítimas;Pleno dia;Decrescente;Céu Claro;Dupla;Reta;Não;2;0;0;0;1;1;0;2;-25,56148;-48,64419;SPRF-PR;DEL01-PR;UOP05-DEL01-PR
738038;11/12/2025;quinta-feira;18:20:00;SP;381;70;MAIRIPORA;Reação tardia ou ineficiente do condutor;Colisão traseira;Com Vítimas Feridas;Pleno dia;Decrescente;Nublado;Dupla;Reta;Não;4;0;1;0;3;0;1;2;-23,35388904;-46,55287027;SPRF-SP;DEL03-SP;UOP01-DEL03-SP
738043;11/12/2025;quinta-feira;17:20:00;MG;381;438;SANTA LUZIA;Retorno proibido;Colisão transversal;Com Vítimas Feridas;Pleno dia;Crescente;Nublado;Simples;Reta;Não;3;0;0;2;0;1;2;3;-19,81334752;-43,79815221;SPRF-MG;DEL01-MG;UOP01-DEL01-MG
738051;11/12/2025;quinta-feira;14:30:00;RO;364;539;ALTO PARAISO;Reação tardia ou ineficiente do condutor;Colisão lateral sentido oposto;Com Vítimas Feridas;Pleno dia;Crescente;Céu Claro;Simples;Reta;Não;4;0;0;2;1;2;2;4;-9,728467;-63,115595;SPRF-RO;DEL03-RO;UOP01-DEL03-RO
738052;11/12/2025;quinta-feira;13:10:00;ES;262;73,1;DOMINGOS MARTINS;Carga excessiva e/ou mal acondicionada;Tombamento;Com Vítimas Feridas;Pleno dia;Crescente;Sol;Simples;Curva;Não;2;0;1;0;0;1;1;2;-20,4102246;-40,8875398;SPRF-ES;DEL01-ES;UOP02-DEL01-ES
738069;11/12/2025;quinta-feira;20:20:00;SP;381;74;SAO PAULO;Demais falhas mecânicas ou elétricas;Incêndio;Sem Vítimas;Plena Noite;Crescente;Céu Claro;Múltipla;"Curva;Declive";Não;1;0;0;0;1;0;0;1;-23,38062134;-46,56415433;SPRF-SP;DEL03-SP;UOP01-DEL03-SP
738074;11/12/2025;quinta-feira;20:00:00;MG;262;443;NOVA SERRANA;Acessar a via sem observar a presença dos outros veículos;Colisão lateral mesmo sentido;Com Vítimas Feridas;Plena Noite;Crescente;Céu Claro;Simples;Reta;Sim;3;0;1;0;1;1;1;3;-19,86065054;-45,00525177;SPRF-MG;DEL08-MG;UOP03-DEL08-MG
738075;11/12/2025;quinta-feira;11:50:00;PB;116;1,5;CACHOEIRA DOS INDIOS;Ausência de reação do condutor;Tombamento;Com Vítimas Feridas;Pleno dia;Decrescente;Céu Claro;Simples;Reta;Não;3;0;2;0;0;2;2;3;-6,909605;-38,72869;SPRF-CE;DEL05-CE;UOP03-DEL05-CE
738079;11/12/2025;quinta-feira;21:50:00;RJ;101;105,6;CAMPOS DOS GOYTACAZES;Condutor Dormindo;Colisão traseira;Com Vítimas Feridas;Plena Noite;Crescente;Céu Claro;Dupla;Curva;Não;3;0;0;1;1;2;1;4;-21,94212637;-41,62847689;SPRF-RJ;DEL08-RJ;UOP02-DEL08-RJ
738080;11/12/2025;quinta-feira;12:30:00;MG;381;158;GOVERNADOR VALADARES;Ausência de reação do condutor;Colisão lateral sentido oposto;Com Vítimas Feridas;Pleno dia;Crescente;Céu Claro;Simples;Curva;Não;3;0;1;0;1;3;1;5;-18,92228596;-42,02687756;SPRF-MG;DEL06-MG;UOP01-DEL06-MG
738084;11/12/2025;quinta-feira;21:30:00;MS;262;352,2;CAMPO GRANDE;Animais na Pista;Atropelamento de Animal;Com Vítimas Fatais;Plena Noite;Crescente;Céu Claro;Dupla;Reta;Não;3;1;0;0;2;0;0;3;-20,566714;-54,651229;SPRF-MS;DEL01-MS;UOP03-DEL01-MS
738085;11/12/2025;quinta-feira;20:54:00;MA;135;96,1;ITAPECURU MIRIM;Reação tardia ou ineficiente do condutor;Engavetamento;Com Vítimas Feridas;Plena Noite;Decrescente;Céu Claro;Simples;Reta;Sim;6;0;1;0;3;2;1;4;-3,33403;-44,44771;SPRF-MA;DEL01-MA;UOP02-DEL01-MA
738089;11/12/2025;quinta-feira;17:15:00;PR;476;328;PAULA FREITAS;Ultrapassagem Indevida;Colisão lateral sentido oposto;Com Vítimas Feridas;Pleno dia;Crescente;Céu Claro;Simples;Reta;Não;2;0;1;0;0;1;1;2;-26,09425572;-50,7878421;SPRF-PR;DEL02-PR;UOP03-DEL02-PR
738094;11/12/2025;quinta-feira;22:30:00;ES;101;148,7;LINHARES;Reação tardia ou ineficiente do condutor;Tombamento;Com Vítimas Feridas;Plena Noite;Decrescente;Céu Claro;Dupla;Reta;Sim;2;0;1;0;1;0;1;2;-19,39407;-40,065524;SPRF-ES;DEL04-ES;UOP01-DEL04-ES
738096;11/12/2025;quinta-feira;21:50:00;MS;163;6,5;MUNDO NOVO;Demais falhas mecânicas ou elétricas;Incêndio;Sem Vítimas;Plena Noite;Decrescente;Nublado;Dupla;Reta;Não;2;0;0;0;1;1;0;2;-24,003;-54,317;SPRF-MS;DEL09-MS;UOP02-DEL09-MS
738098;12/12/2025;sexta-feira;00:05:00;GO;20;11;FORMOSA;Transitar na contramão;Colisão lateral sentido oposto;Com Vítimas Feridas;Plena Noite;Crescente;Nublado;Simples;Reta;Não;5;0;0;2;2;1;2;4;-15,561685;-47,258633;SPRF-DF;DEL02-DF;UOP02-DEL02-DF
738105;12/12/2025;sexta-feira;01:45:00;RS;290;19,8;SANTO ANTONIO DA PATRULHA;Estacionar ou parar em local proibido;Colisão traseira;Com Vítimas Feridas;Pleno dia;Decrescente;Céu Claro;Dupla;Reta;Não;5;0;3;0;1;1;3;3;-29,88381593;-50,44063568;SPRF-RS;DEL03-RS;UOP01-DEL03-RS
738106;12/12/2025;sexta-feira;01:50:00;MG;40;750,2;SANTOS DUMONT;Condutor Dormindo;Saída de leito carroçável;Com Vítimas Feridas;Plena Noite;Crescente;Céu Claro;Simples;Curva;Não;1;0;1;0;0;0;1;1;-21,49073196;-43,53537343;SPRF-MG;DEL05-MG;UOP01-DEL05-MG
738107;12/12/2025;sexta-feira;02:25:00;PR;376;663;GUARATUBA;Demais falhas mecânicas ou elétricas;Incêndio;Sem Vítimas;Plena Noite;Crescente;Nublado;Dupla;Reta;Não;2;0;0;0;1;2;0;3;-25,85456032;-48,96528125;SPRF-PR;DEL01-PR;UOP04-DEL01-PR
738108;12/12/2025;sexta-feira;02:00:00;PR;476;162,2;ARAUCARIA;Transitar na contramão;Colisão frontal;Com Vítimas Feridas;Plena Noite;Decrescente;Céu Claro;Simples;"Aclive;Reta";Não;2;0;0;1;1;0;1;2;-25,6273245;-49,4539655;SPRF-PR;DEL01-PR;UOP06-DEL01-PR
738109;11/12/2025;quinta-feira;23:40:00;MT;364;349;SANTO ANTONIO DO LEVERGER;Reação tardia ou ineficiente do condutor;Colisão traseira;Com Vítimas Feridas;Plena Noite;Decrescente;Céu Claro;Dupla;Reta;Não;3;0;0;1;1;1;1;3;-15,801252;-55,501028;SPRF-MT;DEL05-MT;UOP02-DEL05-MT
738110;12/12/2025;sexta-feira;03:20:00;BA;116;632;JAGUAQUARA;Suicídio (presumido);Atropelamento de Pedestre;Com Vítimas Fatais;Plena Noite;Crescente;Nublado;Múltipla;Reta;Sim;2;1;0;0;0;1;0;2;-13,51501069;-40,05715013;SPRF-BA;DEL03-BA;UOP01-DEL03-BA
738111;12/12/2025;sexta-feira;03:40:00;RS;386;282,4;SAO JOSE DO HERVAL;Condutor Dormindo;Colisão frontal;Com Vítimas Fatais;Plena Noite;Crescente;Céu Claro;Simples;Reta;Não;42;1;21;1;19;0;22;2;-29,048947;-52,293477;SPRF-RS;DEL04-RS;UOP03-DEL04-RS
738113;12/12/2025;sexta-feira;02:50:00;PR;476;153,5;ARAUCARIA;Reação tardia ou ineficiente do condutor;Colisão traseira;Com Vítimas Feridas;Plena Noite;Decrescente;Céu Claro;Dupla;Reta;Sim;2;0;1;0;1;0;1;2;-25,57855748;-49,3939933;SPRF-PR;DEL01-PR;UOP06-DEL01-PR
738117;12/12/2025;sexta-feira;04:00:00;PR;277;42,9;MORRETES;Condutor Dormindo;Colisão traseira;Sem Vítimas;Amanhecer;Crescente;Céu Claro;Dupla;Reta;Não;3;0;0;0;2;3;0;5;-25,5926;-48,8814;SPRF-PR;DEL01-PR;UOP05-DEL01-PR
738121;12/12/2025;sexta-feira;04:30:00;RS;116;408,3;CAMAQUA;Reação tardia ou ineficiente do condutor;Atropelamento de Pedestre;Com Vítimas Fatais;Plena Noite;Decrescente;Céu Claro;Dupla;Reta;Não;2;1;0;0;0;1;0;2;-30,911388;-51,880509;SPRF-RS;DEL02-RS;UOP02-DEL02-RS
738124;12/12/2025;sexta-feira;02:15:00;MG;262;157,9;SAO DOMINGOS DO PRATA;Ausência de reação do condutor;Colisão traseira;Com Vítimas Fatais;Plena Noite;Decrescente;Céu Claro;Simples;"Reta;Declive";Não;3;1;0;0;1;2;0;4;-19,96362378;-42,81183243;SPRF-MG;DEL03-MG;UOP03-DEL03-MG
738125;12/12/2025;sexta-feira;03:30:00;PR;376;425,8;TIBAGI;Velocidade Incompatível;Tombamento;Com Vítimas Fatais;Plena Noite;Decrescente;Céu Claro;Dupla;"Curva;Aclive";Não;2;1;0;0;0;2;0;3;-24,752116;-50,53631;SPRF-PR;DEL03-PR;UOP02-DEL03-PR
738127;12/12/2025;sexta-feira;05:40:00;MG;365;460;PATROCINIO;Condutor Dormindo;Colisão lateral sentido oposto;Com Vítimas Feridas;Amanhecer;Crescente;Céu Claro;Simples;"Reta;Aclive";Não;5;0;2;0;3;0;2;2;-18,86800845;-46,8991499;SPRF-MG;DEL10-MG;UOP01-DEL10-MG
738128;12/12/2025;sexta-feira;05:50:00;ES;101;315;VILA VELHA;Reação tardia ou ineficiente do condutor;Tombamento;Com Vítimas Feridas;Amanhecer;Crescente;Nublado;Dupla;"Aclive;Curva";Não;2;0;2;0;0;0;2;1;-20,476867;-40,470719;SPRF-ES;DEL01-ES;UOP01-DEL01-ES
738130;12/12/2025;sexta-feira;04:15:00;SP;116;410;JUQUIA;Reação tardia ou ineficiente do condutor;Colisão traseira;Com Vítimas Feridas;Amanhecer;Decrescente;Céu Claro;Dupla;"Aclive;Reta";Não;2;0;1;0;1;0;1;2;-24,33196803;-47,58529377;SPRF-SP;DEL05-SP;UOP01-DEL05-SP
738132;12/12/2025;sexta-feira;04:30:00;RO;364;693;CANDEIAS DO JAMARI;Reação tardia ou ineficiente do condutor;Colisão traseira;Sem Vítimas;Pleno dia;Crescente;Chuva;Dupla;Reta;Sim;4;0;0;0;3;1;0;3;-8,79810303;-63,70571343;SPRF-RO;DEL01-RO;UOP01-DEL01-RO
738136;12/12/2025;sexta-feira;07:10:00;SP;116;99;PINDAMONHANGABA;Condutor deixou de manter distância do veículo da frente;Colisão traseira;Com Vítimas Feridas;Pleno dia;Crescente;Céu Claro;Dupla;Reta;Não;4;0;1;0;2;1;1;4;-22,98348069;-45,46682809;SPRF-SP;DEL08-SP;UOP01-DEL08-SP
738137;12/12/2025;sexta-feira;06:10:00;BA;116;427;FEIRA DE SANTANA;Pedestre - Ingestão de álcool/ substâncias psicoativas;Atropelamento de Pedestre;Com Vítimas Feridas;Pleno dia;Decrescente;Céu Claro;Dupla;Reta;Não;3;0;0;1;1;2;1;4;-12,27191076;-38,99321365;SPRF-BA;DEL02-BA;UOP01-DEL02-BA
738151;12/12/2025;sexta-feira;07:50:00;MG;381;793;SAO GONCALO DO SAPUCAI;Ausência de reação do condutor;Tombamento;Com Vítimas Feridas;Pleno dia;Decrescente;Sol;Dupla;"Reta;Declive";Não;3;0;2;0;0;1;2;2;-21,9034117;-45,5568959;SPRF-MG;DEL16-MG;UOP02-DEL16-MG
738157;12/12/2025;sexta-feira;07:30:00;MA;135;2;SAO LUIS;Acessar a via sem observar a presença dos outros veículos;Colisão lateral mesmo sentido;Com Vítimas Feridas;Pleno dia;Decrescente;Céu Claro;Dupla;Reta;Sim;3;0;1;0;2;0;1;3;-2,6031;-44,246153;SPRF-MA;DEL01-MA;UOP01-DEL01-MA
738159;12/12/2025;sexta-feira;06:36:00;MA;135;4;SAO LUIS;Pista Escorregadia;Colisão traseira;Sem Vítimas;Pleno dia;Crescente;Nublado;Dupla;"Reta;Aclive;Retorno Regulamentado";Não;2;0;0;0;2;0;0;2;-2,63762238;-44,3111971;SPRF-MA;DEL01-MA;UOP01-DEL01-MA
738163;12/12/2025;sexta-feira;08:30:00;BA;116;766;POCOES;Ausência de reação do condutor;Colisão transversal;Com Vítimas Feridas;Pleno dia;Decrescente;Céu Claro;Simples;Reta;Não;3;0;1;0;1;1;1;3;-14,54186225;-40,39254761;SPRF-BA;DEL08-BA;UOP02-DEL08-BA
738164;12/12/2025;sexta-feira;08:10:00;RS;116;252;SAPUCAIA DO SUL;Manobra de mudança de faixa;Colisão lateral mesmo sentido;Com Vítimas Feridas;Pleno dia;Decrescente;Nublado;Múltipla;Reta;Sim;2;0;1;0;1;0;1;2;-29,81343209;-51,16857399;SPRF-RS;DEL01-RS;UOP02-DEL01-RS
738168;12/12/2025;sexta-feira;06:25:00;TO;153;620;ALIANCA DO TOCANTINS;Demais falhas mecânicas ou elétricas;Saída de leito carroçável;Sem Vítimas;Pleno dia;Crescente;Céu Claro;Simples;Reta;Não;2;0;0;0;1;1;0;2;-11,25705581;-48,93585491;SPRF-TO;DEL01-TO;UOP02-DEL01-TO
738170;12/12/2025;sexta-feira;09:47:00;SP;116;221,8;GUARULHOS;Manobra de mudança de faixa;Colisão lateral mesmo sentido;Com Vítimas Feridas;Pleno dia;Decrescente;Nublado;Múltipla;Reta;Sim;2;0;1;0;1;0;1;2;-23,476302;-46,526112;SPRF-SP;DEL01-SP;UOP01-DEL01-SP
738174;12/12/2025;sexta-feira;09:30:00;GO;153;211;URUACU;Acessar a via sem observar a presença dos outros veículos;Colisão transversal;Com Vítimas Feridas;Pleno dia;Decrescente;Céu Claro;Simples;Reta;Não;4;0;1;0;2;1;1;3;-14,4766072;-49,1524917;SPRF-GO;DEL07-GO;UOP02-DEL07-GO
738181;12/12/2025;sexta-feira;07:40:00;PR;376;659;TIJUCAS DO SUL;Velocidade Incompatível;Saída de leito carroçável;Com Vítimas Feridas;Pleno dia;Crescente;Céu Claro;Simples;Curva;Não;3;0;1;0;1;1;1;2;-25,85201924;-49,00257938;SPRF-PR;DEL01-PR;UOP04-DEL01-PR
738183;12/12/2025;sexta-feira;10:00:00;SP;116;91,8;PINDAMONHANGABA;Reação tardia ou ineficiente do condutor;Colisão traseira;Com Vítimas Fatais;Pleno dia;Crescente;Céu Claro;Dupla;Reta;Não;3;1;0;0;1;1;0;3;-22,9496441;-45,4009833;SPRF-SP;DEL08-SP;UOP01-DEL08-SP
738186;17/11/2025;segunda-feira;17:50:00;PA;10;314;IRITUIA;Trafegar com motocicleta (ou similar) entre as faixas;Colisão traseira;Com Vítimas Fatais;Anoitecer;Crescente;Céu Claro;Simples;Reta;Não;4;1;0;0;3;0;0;3;-1,681975;-47,501822;SPRF-PA;DEL01-PA;UOP02-DEL01-PA
738191;12/12/2025;sexta-feira;09:25:00;MG;381;804;SAO GONCALO DO SAPUCAI;Velocidade Incompatível;Engavetamento;Com Vítimas Feridas;Pleno dia;Decrescente;Sol;Dupla;"Declive;Curva";Não;6;0;3;0;2;1;3;5;-21,9665791;-45,63058734;SPRF-MG;DEL16-MG;UOP02-DEL16-MG
738193;12/12/2025;sexta-feira;11:45:00;RN;304;297;MACAIBA;Conversão proibida;Colisão transversal;Com Vítimas Feridas;Pleno dia;Crescente;Céu Claro;Simples;"Aclive;Reta;Em Obras";Sim;2;0;1;0;1;0;1;2;-5,864602;-35,347047;SPRF-RN;DEL01-RN;UOP02-DEL01-RN
738200;12/12/2025;sexta-feira;12:20:00;PR;277;38;MORRETES;Ausência de reação do condutor;Colisão traseira;Com Vítimas Feridas;Pleno dia;Decrescente;Nublado;Dupla;Curva;Não;3;0;0;1;1;2;1;4;-25,479;-48,8317;SPRF-PR;DEL01-PR;UOP05-DEL01-PR
738202;12/12/2025;sexta-feira;12:39:00;BA;116;760;POCOES;Reação tardia ou ineficiente do condutor;Colisão traseira;Sem Vítimas;Pleno dia;Crescente;Céu Claro;Simples;Reta;Não;3;0;0;0;2;1;0;3;-14,542162;-40,39462;SPRF-BA;DEL08-BA;UOP02-DEL08-BA
738204;12/12/2025;sexta-feira;11:50:00;MA;222;668;ACAILANDIA;Carga excessiva e/ou mal acondicionada;Derramamento de carga;Com Vítimas Feridas;Pleno dia;Decrescente;Sol;Simples;"Reta;Declive";Não;3;0;1;0;1;1;1;3;-4,930847;-47,447888;SPRF-MA;DEL04-MA;UOP03-DEL04-MA
738205;12/12/2025;sexta-feira;11:30:00;GO;20;185,6;SIMOLANDIA;Reação tardia ou ineficiente do condutor;Derramamento de carga;Sem Vítimas;Pleno dia;Crescente;Céu Claro;Dupla;"Declive;Retorno Regulamentado";Não;2;0;0;0;1;1;0;2;-14,4514586;-46,4690955;SPRF-DF;DEL02-DF;UOP03-DEL02-DF
738206;18/11/2025;terça-feira;16:40:00;GO;153;501;GOIANIA;Acessar a via sem observar a presença dos outros veículos;Colisão lateral mesmo sentido;Com Vítimas Feridas;Pleno dia;Decrescente;Céu Claro;Dupla;Viaduto;Sim;2;0;1;0;1;0;1;2;-16,71027396;-49,23128128;SPRF-GO;DEL01-GO;UOP01-DEL01-GO
738210;12/12/2025;sexta-feira;10:55:00;MG;50;179;UBERABA;Manobra de mudança de faixa;Colisão lateral mesmo sentido;Com Vítimas Feridas;Pleno dia;Crescente;Céu Claro;Dupla;"Aclive;Reta";Sim;2;0;1;0;0;1;1;2;-19,77831;-47,928908;SPRF-MG;DEL13-MG;UOP01-DEL13-MG
738213;12/12/2025;sexta-feira;12:00:00;SP;381;81;SAO PAULO;Objeto estático sobre o leito carroçável;Colisão traseira;Com Vítimas Feridas;Pleno dia;Crescente;Nublado;Dupla;"Em Obras;Reta;Desvio Temporário";Sim;4;0;1;0;2;2;1;5;-23,4252481;-46,57446608;SPRF-SP;DEL03-SP;UOP01-DEL03-SP
738217;11/12/2025;quinta-feira;23:40:00;SC;470;318;CAMPOS NOVOS;Conversão proibida;Colisão transversal;Sem Vítimas;Plena Noite;Decrescente;Céu Claro;Simples;"Reta;Declive";Não;4;0;0;0;1;4;0;4;-27,408642;-51,216622;SPRF-SC;DEL07-SC;UOP06-DEL07-SC
738218;29/09/2025;segunda-feira;09:20:00;PE;428;111,9;SANTA MARIA DA BOA VISTA;Condutor Dormindo;Colisão com objeto;Com Vítimas Feridas;Pleno dia;Crescente;Céu Claro;Simples;"Reta;Ponte";Não;3;0;3;0;0;0;3;1;-8,896857;-40,04413;SPRF-PE;DEL06-PE;UOP03-DEL06-PE
738224;12/12/2025;sexta-feira;14:00:00;MG;381;618;OLIVEIRA;Condutor deixou de manter distância do veículo da frente;Colisão traseira;Sem Vítimas;Pleno dia;Crescente;Céu Claro;Dupla;Reta;Não;3;0;0;0;2;2;0;4;-20,74098034;-44,7716783;SPRF-MG;DEL04-MG;UOP01-DEL04-MG
738231;12/12/2025;sexta-feira;13:00:00;MG;267;214;BOM JARDIM DE MINAS;Demais falhas mecânicas ou elétricas;Incêndio;Sem Vítimas;Pleno dia;Crescente;Céu Claro;Simples;Interseção de Vias;Não;1;0;0;0;1;0;0;1;-21,93691073;-44,19255242;SPRF-MG;DEL17-MG;UOP01-DEL17-MG
738232;12/12/2025;sexta-feira;14:20:00;CE;20;272,5;CANINDE;Condutor Dormindo;Colisão lateral sentido oposto;Com Vítimas Feridas;Pleno dia;Decrescente;Céu Claro;Simples;Curva;Não;6;0;2;0;3;3;2;7;-4,636203;-39,389714;SPRF-CE;DEL02-CE;UOP01-DEL02-CE
738233;12/12/2025;sexta-feira;13:00:00;GO;364;181;JATAI;Demais falhas mecânicas ou elétricas;Saída de leito carroçável;Com Vítimas Feridas;Pleno dia;Decrescente;Céu Claro;Simples;"Declive;Curva;Em Obras";Não;1;0;1;0;0;0;1;1;-17,955192;-51,622755;SPRF-GO;DEL05-GO;UOP01-DEL05-GO
738238;12/12/2025;sexta-feira;12:00:00;TO;153;232,2;COLINAS DO TOCANTINS;Transitar na contramão;Colisão lateral sentido oposto;Sem Vítimas;Pleno dia;Crescente;Sol;Simples;"Reta;Declive";Não;3;0;0;0;2;3;0;5;-7,925106;-48,467397;SPRF-TO;DEL02-TO;UOP01-DEL02-TO
738240;12/12/2025;sexta-feira;14:00:00;PR;369;456,9;CORBELIA;Acessar a via sem observar a presença dos outros veículos;Colisão transversal;Com Vítimas Feridas;Pleno dia;Crescente;Chuva;Simples;"Reta;Interseção de Vias";Não;4;0;0;2;1;1;2;3;-24,58801716;-53,20140123;SPRF-PR;DEL04-PR;UOP03-DEL04-PR
738249;12/12/2025;sexta-feira;16:00:00;SP;116;224;GUARULHOS;Ausência de reação do condutor;Colisão traseira;Com Vítimas Feridas;Pleno dia;Decrescente;Nublado;Múltipla;Reta;Sim;2;0;1;0;1;0;1;2;-23,49205977;-46,55010223;SPRF-SP;DEL01-SP;UOP01-DEL01-SP
738254;12/12/2025;sexta-feira;15:30:00;MA;135;6;SAO LUIS;Demais falhas na via;Colisão transversal;Com Vítimas Feridas;Pleno dia;Decrescente;Céu Claro;Dupla;Reta;Sim;2;0;0;1;1;0;1;2;-2,6239431;-44,3170735;SPRF-MA;DEL01-MA;UOP01-DEL01-MA
738261;12/12/2025;sexta-feira;14:45:00;PR;116;115;CURITIBA;Manobra de mudança de faixa;Colisão lateral mesmo sentido;Com Vítimas Feridas;Pleno dia;Crescente;Nublado;Dupla;Reta;Sim;3;0;1;0;1;1;1;3;-25,552501;-49,305479;SPRF-PR;DEL01-PR;UOP03-DEL01-PR
738266;12/12/2025;sexta-feira;16:30:00;GO;153;500;GOIANIA;Manobra de mudança de faixa;Colisão lateral mesmo sentido;Sem Vítimas;Pleno dia;Crescente;Céu Claro;Múltipla;Reta;Sim;3;0;0;0;2;1;0;3;-16,7037534;-49,23122261;SPRF-GO;DEL01-GO;UOP01-DEL01-GO
738270;12/12/2025;sexta-feira;14:10:00;SC;101;41;JOINVILLE;Problema com o freio;Colisão traseira;Com Vítimas Feridas;Pleno dia;Decrescente;Céu Claro;Dupla;Reta;Sim;5;0;1;0;3;1;1;4;-26,31913103;-48,87112968;SPRF-SC;DEL03-SC;UOP01-DEL03-SC
738272;12/12/2025;sexta-feira;16:40:00;RJ;101;435,5;MANGARATIBA;Reação tardia ou ineficiente do condutor;Colisão lateral sentido oposto;Com Vítimas Feridas;Pleno dia;Crescente;Sol;Simples;Curva;Não;2;0;1;0;1;0;1;2;-22,94914627;-44,0630722;SPRF-RJ;DEL03-RJ;UOP02-DEL03-RJ
738275;19/09/2025;sexta-feira;22:50:00;PR;277;721,8;FOZ DO IGUACU;Ingestão de álcool pelo condutor;Colisão frontal;Sem Vítimas;Plena Noite;Crescente;Céu Claro;Dupla;Retorno Regulamentado;Sim;3;0;0;0;1;2;0;3;-25,49290701;-54,51647758;SPRF-PR;DEL05-PR;UOP03-DEL05-PR
738286;12/12/2025;sexta-feira;16:15:00;MG;40;665,9;CARANDAI;Acessar a via sem observar a presença dos outros veículos;Colisão lateral sentido oposto;Com Vítimas Feridas;Pleno dia;Crescente;Céu Claro;Simples;"Aclive;Interseção de Vias;Reta";Não;3;0;0;1;1;1;1;3;-20,94298382;-43,81042957;SPRF-MG;DEL05-MG;UOP02-DEL05-MG