id;data_inversa;dia_semana;horario;uf;br;km;municipio;causa_acidente;tipo_acidente;classificacao_acidente;fase_dia;sentido_via;condicao_metereologica;tipo_pista;tracado_via;uso_solo;pessoas;mortos;feridos_leves;feridos_graves;ilesos;ignorados;feridos;veiculos;latitude;longitude;regional;delegacia;uop
738295;12/12/2025;sexta-feira;17:30:00;MG;381;487,1;BETIM;Trafegar com motocicleta (ou similar) entre as faixas;Colisão lateral mesmo sentido;Com Vítimas Feridas;Anoitecer;Crescente;Nublado;Múltipla;"Curva;Declive";Sim;4;0;1;0;2;2;1;5;-19,9553974;-44,1174415;SPRF-MG;DEL01-MG;UOP03-DEL01-MG
738296;12/12/2025;sexta-feira;17:50:00;PR;153;468,1;PORTO VITORIA;Condutor deixou de manter distância do veículo da frente;Colisão traseira;Com Vítimas Feridas;Pleno dia;Crescente;Chuva;Simples;"Reta;Declive";Não;4;0;2;0;2;0;2;2;-26,27709511;-51,18087022;SPRF-PR;DEL02-PR;UOP03-DEL02-PR
738299;12/12/2025;sexta-feira;11:30:00;MG;116;349,7;JAMPRUCA;Demais falhas mecânicas ou elétricas;Incêndio;Sem Vítimas;Pleno dia;Crescente;Sol;Simples;Reta;Não;2;0;0;0;1;1;0;2;-18,385766;-41,807755;SPRF-MG;DEL11-MG;UOP01-DEL11-MG
738301;12/12/2025;sexta-feira;18:30:00;SC;470;192;POUSO REDONDO;Demais falhas mecânicas ou elétricas;Saída de leito carroçável;Com Vítimas Feridas;Pleno dia;Decrescente;Céu Claro;Simples;Curva;Não;2;0;1;0;1;0;1;2;-27,2582669;-50,049091;SPRF-SC;DEL04-SC;UOP02-DEL04-SC
738304;12/12/2025;sexta-feira;17:53:00;TO;153;504;PARAISO DO TOCANTINS;Reação tardia ou ineficiente do condutor;Atropelamento de Pedestre;Com Vítimas Feridas;Anoitecer;Crescente;Céu Claro;Simples;"Reta;Declive";Não;3;0;0;1;1;2;1;4;-10,237478;-48,877233;SPRF-TO;DEL01-TO;UOP01-DEL01-TO
738313;12/12/2025;sexta-feira;17:00:00;MT;364;451;VARZEA GRANDE;Afundamento ou ondulação no pavimento;Tombamento;Com Vítimas Feridas;Pleno dia;Crescente;Nublado;Simples;Reta;Não;1;0;0;1;0;0;1;1;-15,541123;-56,275705;SPRF-MT;DEL01-MT;UOP02-DEL01-MT
738314;12/12/2025;sexta-feira;17:50:00;MS;262;468;ANASTACIO;Carga excessiva e/ou mal acondicionada;Derramamento de carga;Sem Vítimas;Pleno dia;Decrescente;Céu Claro;Simples;Reta;Não;4;0;0;0;3;2;0;4;-20,516421;-55,61068;SPRF-MS;DEL03-MS;UOP01-DEL03-MS
738316;12/12/2025;sexta-feira;18:05:00;MG;381;413;CAETE;Ausência de reação do condutor;Engavetamento;Com Vítimas Feridas;Pleno dia;Crescente;Céu Claro;Simples;"Declive;Curva";Não;7;0;3;0;4;0;3;6;-19,74731678;-43,62301826;SPRF-MG;DEL01-MG;UOP01-DEL01-MG
738321;12/12/2025;sexta-feira;17:00:00;RJ;40;121;DUQUE DE CAXIAS;Manobra de mudança de faixa;Colisão traseira;Com Vítimas Feridas;Pleno dia;Crescente;Céu Claro;Dupla;Reta;Não;6;0;5;0;1;0;5;2;-22,78343491;-43,28536682;SPRF-RJ;DEL01-RJ;UOP02-DEL01-RJ
738322;12/12/2025;sexta-feira;18:55:00;PE;101;80;JABOATAO DOS GUARARAPES;Ausência de reação do condutor;Colisão lateral mesmo sentido;Com Vítimas Fatais;Plena Noite;Crescente;Céu Claro;Múltipla;Interseção de Vias;Sim;3;1;0;0;2;0;0;3;-8,15255151;-34,94267693;SPRF-PE;DEL01-PE;UOP01-DEL01-PE
738327;12/12/2025;sexta-feira;19:30:00;SP;116;113;TAUBATE;Reação tardia ou ineficiente do condutor;Engavetamento;Com Vítimas Feridas;Plena Noite;Crescente;Nublado;Dupla;Reta;Sim;7;0;3;0;3;1;3;4;-23,04373586;-45,58744158;SPRF-SP;DEL02-SP;UOP02-DEL02-SP
738331;12/12/2025;sexta-feira;19:15:00;AL;101;227,7;PORTO REAL DO COLEGIO;Demais falhas mecânicas ou elétricas;Incêndio;Sem Vítimas;Plena Noite;Crescente;Céu Claro;Dupla;Reta;Não;1;0;0;0;1;0;0;1;-10,101683;-36,709262;SPRF-AL;DEL02-AL;UOP02-DEL02-AL
738332;12/12/2025;sexta-feira;18:26:00;MG;381;413;CAETE;Reação tardia ou ineficiente do condutor;Colisão lateral mesmo sentido;Com Vítimas Fatais;Plena Noite;Decrescente;Nublado;Dupla;Curva;Sim;5;1;0;1;1;3;1;5;-19,74886;-43,62526;SPRF-MG;DEL01-MG;UOP01-DEL01-MG
738333;12/12/2025;sexta-feira;19:30:00;PR;376;597;CURITIBA;Ausência de reação do condutor;Colisão lateral mesmo sentido;Com Vítimas Feridas;Plena Noite;Decrescente;Garoa/Chuvisco;Dupla;Reta;Sim;3;0;1;0;2;0;1;2;-25,44485616;-49,36366129;SPRF-PR;DEL01-PR;UOP03-DEL01-PR
738334;12/12/2025;sexta-feira;14:45:00;RS;287;446,2;UNISTALDA;Transitar na contramão;Colisão frontal;Com Vítimas Fatais;Pleno dia;Crescente;Céu Claro;Simples;"Aclive;Curva";Não;3;1;0;0;1;1;0;3;-29,02216921;-55,25703013;SPRF-RS;DEL12-RS;UOP02-DEL12-RS
738343;12/12/2025;sexta-feira;19:42:00;MG;381;852,5;POUSO ALEGRE;Mal súbito do condutor;Saída de leito carroçável;Sem Vítimas;Plena Noite;Crescente;Céu Claro;Dupla;Curva;Não;2;0;0;0;1;1;0;2;-22,25019377;-45,88722825;SPRF-MG;DEL16-MG;UOP01-DEL16-MG
738352;12/12/2025;sexta-feira;20:30:00;GO;153;498;GOIANIA;Condutor deixou de manter distância do veículo da frente;Colisão traseira;Com Vítimas Feridas;Plena Noite;Crescente;Nublado;Dupla;Reta;Sim;4;0;1;0;2;1;1;4;-16,69173558;-49,23247218;SPRF-GO;DEL01-GO;UOP01-DEL01-GO
738353;12/12/2025;sexta-feira;18:00:00;MA;222;254;MIRANDA DO NORTE;Reação tardia ou ineficiente do condutor;Colisão traseira;Sem Vítimas;Plena Noite;Decrescente;Céu Claro;Simples;Reta;Não;2;0;0;0;1;1;0;2;-3,577017;-44,614063;SPRF-MA;DEL01-MA;UOP02-DEL01-MA
738354;12/12/2025;sexta-feira;20:00:00;PR;376;591;CURITIBA;Ingestão de álcool pelo condutor;Colisão lateral mesmo sentido;Sem Vítimas;Plena Noite;Crescente;Garoa/Chuvisco;Dupla;"Aclive;Reta";Sim;3;0;0;0;3;0;0;3;-25,43318635;-49,36553884;SPRF-PR;DEL01-PR;UOP06-DEL01-PR
738357;12/12/2025;sexta-feira;17:20:00;BA;242;798;BARREIRAS;Velocidade Incompatível;Colisão traseira;Com Vítimas Feridas;Pleno dia;Decrescente;Céu Claro;Simples;"Declive;Reta";Não;7;0;2;0;3;2;2;3;-12,162224;-44,851641;SPRF-BA;DEL10-BA;UOP01-DEL10-BA
738359;12/12/2025;sexta-feira;20:20:00;SC;101;94,3;BARRA VELHA;Ausência de reação do condutor;Colisão traseira;Com Vítimas Feridas;Plena Noite;Crescente;Garoa/Chuvisco;Dupla;"Aclive;Reta";Não;3;0;1;0;1;1;1;3;-26,70574646;-48,70136261;SPRF-SC;DEL03-SC;UOP02-DEL03-SC
738360;12/12/2025;sexta-feira;19:30:00;BA;367;50;PORTO SEGURO;Acessar a via sem observar a presença dos outros veículos;Colisão transversal;Com Vítimas Feridas;Plena Noite;Decrescente;Céu Claro;Simples;Curva;Não;2;0;0;1;1;0;1;2;-16,376;-39,292;SPRF-BA;DEL09-BA;UOP03-DEL09-BA
738362;12/12/2025;sexta-feira;19:25:00;PR;369;190,9;ARAPONGAS;Demais falhas mecânicas ou elétricas;Incêndio;Sem Vítimas;Plena Noite;Decrescente;Chuva;Dupla;Reta;Não;1;0;0;0;1;0;0;1;-23,444221;-51,42292;SPRF-PR;DEL07-PR;UOP03-DEL07-PR
738389;12/12/2025;sexta-feira;23:00:00;MS;163;469,3;CAMPO GRANDE;Reação tardia ou ineficiente do condutor;Colisão traseira;Com Vítimas Feridas;Plena Noite;Decrescente;Chuva;Simples;Reta;Sim;3;0;0;1;1;2;1;4;-20,565725;-54,560829;SPRF-MS;DEL01-MS;UOP01-DEL01-MS
738395;13/12/2025;sábado;02:00:00;PR;376;458;PONTA GROSSA;Demais falhas mecânicas ou elétricas;Incêndio;Sem Vítimas;Plena Noite;Decrescente;Garoa/Chuvisco;Dupla;"Reta;Declive";Não;2;0;0;0;1;2;0;3;-24,982145;-50,3747032;SPRF-PR;DEL03-PR;UOP01-DEL03-PR
738402;13/12/2025;sábado;01:25:00;MG;381;829;SAO SEBASTIAO DA BELA VISTA;Reação tardia ou ineficiente do condutor;Colisão traseira;Com Vítimas Feridas;Plena Noite;Decrescente;Nublado;Dupla;"Interseção de Vias;Reta";Não;3;0;0;1;1;2;1;4;-22,1176283;-45,75440884;SPRF-MG;DEL16-MG;UOP01-DEL16-MG
738406;13/12/2025;sábado;04:00:00;MG;116;639,8;FERVEDOURO;Condutor Dormindo;Colisão com objeto;Com Vítimas Feridas;Plena Noite;Decrescente;Nublado;Simples;"Aclive;Reta";Não;4;0;4;0;0;0;4;1;-20,65192;-42,24915;SPRF-MG;DEL07-MG;UOP02-DEL07-MG
738408;13/12/2025;sábado;04:00:00;SE;101;32,2;CAPELA;Reação tardia ou ineficiente do condutor;Saída de leito carroçável;Sem Vítimas;Amanhecer;Decrescente;Céu Claro;Dupla;"Curva;Declive";Não;2;0;0;0;1;1;0;2;-10,465098;-36,941455;SPRF-SE;DEL02-SE;UOP02-DEL02-SE
738412;13/12/2025;sábado;03:45:00;SC;101;377,4;ICARA;Acessar a via sem observar a presença dos outros veículos;Colisão traseira;Com Vítimas Fatais;Plena Noite;Decrescente;Céu Claro;Múltipla;Reta;Não;3;1;0;0;1;1;0;3;-28,747416;-49,261816;SPRF-SC;DEL02-SC;UOP01-DEL02-SC
738414;13/12/2025;sábado;03:10:00;MG;40;300,1;TRES MARIAS;Carga excessiva e/ou mal acondicionada;Colisão com objeto;Com Vítimas Feridas;Plena Noite;Decrescente;Chuva;Simples;"Declive;Curva";Não;1;0;1;0;0;0;1;1;-18,24826365;-45,16788483;SPRF-MG;DEL14-MG;UOP02-DEL14-MG
738421;13/12/2025;sábado;05:00:00;GO;153;174;CAMPINORTE;Acessar a via sem observar a presença dos outros veículos;Colisão transversal;Sem Vítimas;Amanhecer;Crescente;Céu Claro;Simples;Interseção de Vias;Não;2;0;0;0;2;0;0;2;-14,31475712;-49,15019184;SPRF-GO;DEL07-GO;UOP02-DEL07-GO
738428;30/10/2025;quinta-feira;00:20:00;PB;101;93,6;CONDE;Pedestre cruzava a pista fora da faixa;Atropelamento de Pedestre;Com Vítimas Fatais;Plena Noite;Crescente;Céu Claro;Dupla;Reta;Não;3;1;0;0;1;1;0;3;-7,213943;-34,911515;SPRF-PB;DEL01-PB;UOP01-DEL01-PB
738430;13/12/2025;sábado;02:00:00;RJ;101;267;RIO BONITO;Reação tardia ou ineficiente do condutor;Colisão traseira;Com Vítimas Feridas;Plena Noite;Decrescente;Nublado;Dupla;Reta;Não;3;0;2;0;0;1;2;2;-22,71403373;-42,67617931;SPRF-RJ;DEL02-RJ;UOP03-DEL02-RJ
738437;13/12/2025;sábado;05:45:00;BA;116;778;PLANALTO;Conversão proibida;Colisão transversal;Com Vítimas Feridas;Amanhecer;Crescente;Céu Claro;Simples;Reta;Não;3;0;1;0;1;2;1;4;-14,67149698;-40,47566986;SPRF-BA;DEL08-BA;UOP02-DEL08-BA
738444;13/12/2025;sábado;07:00:00;RS;116;268,5;CANOAS;Ultrapassagem Indevida;Colisão traseira;Com Vítimas Fatais;Pleno dia;Crescente;Céu Claro;Múltipla;Reta;Sim;4;1;0;0;2;1;0;3;-29,951695;-51,17661;SPRF-RS;DEL01-RS;UOP01-DEL01-RS
738450;13/12/2025;sábado;07:40:00;RS;386;333,1;MARQUES DE SOUZA;Velocidade Incompatível;Tombamento;Com Vítimas Feridas;Pleno dia;Crescente;Sol;Dupla;Curva;Não;2;0;0;1;0;1;1;2;-29,371719;-52,062358;SPRF-RS;DEL04-RS;UOP01-DEL04-RS
738452;13/12/2025;sábado;02:50:00;RO;364;436;JARU;Reação tardia ou ineficiente do condutor;Saída de leito carroçável;Com Vítimas Fatais;Plena Noite;Decrescente;Nublado;Simples;Reta;Não;3;1;1;0;0;1;1;2;-10,3775;-62,552997;SPRF-RO;DEL03-RO;UOP02-DEL03-RO
738454;13/12/2025;sábado;05:20:00;MG;116;336,7;CAMPANARIO;Transitar na contramão;Colisão frontal;Com Vítimas Feridas;Amanhecer;Crescente;Céu Claro;Simples;Reta;Não;5;0;2;2;1;0;4;2;-18,29206;-41,74852;SPRF-MG;DEL11-MG;UOP01-DEL11-MG
738457;13/12/2025;sábado;07:30:00;SP;116;116;TAUBATE;Ausência de reação do condutor;Colisão traseira;Com Vítimas Feridas;Pleno dia;Decrescente;Chuva;Dupla;Reta;Sim;7;0;2;2;2;2;4;5;-23,05229008;-45,60600758;SPRF-SP;DEL02-SP;UOP02-DEL02-SP
738459;12/12/2025;sexta-feira;22:02:00;AC;317;96;SENADOR GUIOMARD;Estacionar ou parar em local proibido;Colisão traseira;Com Vítimas Fatais;Plena Noite;Decrescente;Nublado;Dupla;Reta;Não;3;1;0;0;2;0;0;2;-10,192569;-67,70081;SPRF-AC;DEL01-AC;UOP02-DEL01-AC
738464;13/12/2025;sábado;06:00:00;SP;116;170;JACAREI;Ausência de reação do condutor;Colisão traseira;Com Vítimas Feridas;Amanhecer;Crescente;Chuva;Dupla;Reta;Não;4;0;1;0;2;1;1;3;-23,30761642;-46,05302453;SPRF-SP;DEL02-SP;UOP01-DEL02-SP
738465;12/12/2025;sexta-feira;20:00:00;RJ;393;110;SAPUCAIA;Ausência de reação do condutor;Colisão frontal;Com Vítimas Feridas;Pleno dia;Crescente;Céu Claro;Simples;Curva;Não;2;0;0;1;1;0;1;2;-21,9038632;-42,72773579;SPRF-RJ;DEL05-RJ;UOP01-DEL05-RJ
738467;13/12/2025;sábado;08:00:00;MS;163;757;COXIM;Reação tardia ou ineficiente do condutor;Tombamento;Com Vítimas Feridas;Pleno dia;Decrescente;Céu Claro;Simples;Reta;Não;2;0;1;0;0;2;1;3;-18,422;-54,693;SPRF-MS;DEL06-MS;UOP01-DEL06-MS
738468;13/12/2025;sábado;05:00:00;PA;10;272;MAE DO RIO;Manobra de mudança de faixa;Colisão frontal;Com Vítimas Fatais;Amanhecer;Decrescente;Céu Claro;Simples;Reta;Sim;4;1;0;0;1;2;0;4;-2,056343;-47,554216;SPRF-PA;DEL02-PA;UOP01-DEL02-PA
738469;13/12/2025;sábado;07:20:00;SC;101;162;TIJUCAS;Condutor deixou de manter distância do veículo da frente;Colisão lateral mesmo sentido;Com Vítimas Feridas;Pleno dia;Decrescente;Céu Claro;Dupla;Reta;Sim;3;0;0;1;1;1;1;3;-27,2230691;-48,62667767;SPRF-SC;DEL04-SC;UOP03-DEL04-SC
738470;13/12/2025;sábado;06:05:00;PR;153;111,2;IBAITI;Neblina;Colisão transversal;Com Vítimas Fatais;Amanhecer;Decrescente;Nevoeiro/Neblina;Simples;Interseção de Vias;Sim;4;1;0;0;1;2;0;4;-23,86332634;-50,20019023;SPRF-PR;DEL07-PR;UOP04-DEL07-PR
738477;13/12/2025;sábado;07:00:00;RJ;116;268;BARRA MANSA;Acumulo de água sobre o pavimento;Colisão com objeto;Com Vítimas Feridas;Amanhecer;Decrescente;Chuva;Dupla;"Curva;Declive";Não;2;0;1;0;0;1;1;2;-22,56145445;-44,14774577;SPRF-RJ;DEL07-RJ;UOP02-DEL07-RJ
738481;07/11/2025;sexta-feira;22:53:00;SP;116;214;GUARULHOS;Trafegar com motocicleta (ou similar) entre as faixas;Colisão lateral mesmo sentido;Com Vítimas Feridas;Plena Noite;Decrescente;Nublado;Múltipla;Aclive;Sim;3;0;1;0;2;0;1;3;-23,45170781;-46,46483879;SPRF-SP;DEL01-SP;UOP01-DEL01-SP
738488;13/12/2025;sábado;11:00:00;SC;153;4;AGUA DOCE;Ausência de reação do condutor;Colisão traseira;Com Vítimas Feridas;Pleno dia;Crescente;Nublado;Simples;Reta;Não;5;0;2;0;2;1;2;3;-26,6395211;-51,5120849;SPRF-SC;DEL07-SC;UOP07-DEL07-SC
738492;13/12/2025;sábado;10:50:00;PR;153;492;GENERAL CARNEIRO;Condutor Dormindo;Saída de leito carroçável;Sem Vítimas;Pleno dia;Crescente;Céu Claro;Simples;Curva;Sim;2;0;0;0;1;1;0;2;-26,43330835;-51,31951333;SPRF-PR;DEL02-PR;UOP03-DEL02-PR
738494;13/12/2025;sábado;09:50:00;MT;174;9;PONTES E LACERDA;Reação tardia ou ineficiente do condutor;Saída de leito carroçável;Com Vítimas Feridas;Pleno dia;Decrescente;Céu Claro;Simples;Curva;Não;2;0;1;0;0;1;1;2;-15,20282291;-59,36685162;SPRF-MT;DEL04-MT;UOP01-DEL04-MT
738498;25/11/2025;terça-feira;04:30:00;GO;158;199;CAIAPONIA;Reação tardia ou ineficiente do condutor;Tombamento;Sem Vítimas;Plena Noite;Crescente;Céu Claro;Simples;"Declive;Curva";Não;2;0;0;0;1;1;0;2;-17,31066893;-51,88283868;SPRF-GO;DEL05-GO;UOP01-DEL05-GO
738505;13/12/2025;sábado;11:50:00;RS;290;107;ELDORADO DO SUL;Acessar a via sem observar a presença dos outros veículos;Colisão traseira;Com Vítimas Feridas;Pleno dia;Crescente;Céu Claro;Dupla;Interseção de Vias;Não;4;0;0;1;2;1;1;4;-30,004469;-51,311574;SPRF-RS;DEL02-RS;UOP01-DEL02-RS
738510;13/12/2025;sábado;11:10:00;CE;116;460;BARRO;Ausência de reação do condutor;Colisão com objeto;Com Vítimas Fatais;Pleno dia;Crescente;Céu Claro;Simples;"Aclive;Reta";Não;2;1;0;0;0;1;0;2;-7,20035862;-38,80006007;SPRF-CE;DEL05-CE;UOP03-DEL05-CE
738515;13/12/2025;sábado;11:00:00;MA;316;563,2;CAXIAS;Ultrapassagem Indevida;Colisão lateral mesmo sentido;Com Vítimas Feridas;Pleno dia;Crescente;Céu Claro;Simples;Reta;Não;3;0;2;0;0;1;2;2;-4,89516993;-43,26600552;SPRF-MA;DEL03-MA;UOP02-DEL03-MA
738519;13/12/2025;sábado;07:30:00;BA;116;614;JAGUAQUARA;Frear bruscamente;Colisão traseira;Com Vítimas Feridas;Pleno dia;Decrescente;Céu Claro;Simples;Reta;Não;5;0;1;0;2;2;1;4;-13,35777;-40,01718;SPRF-BA;DEL03-BA;UOP02-DEL03-BA
738525;13/12/2025;sábado;10:40:00;SC;470;70,1;INDAIAL;Acessar a via sem observar a presença dos outros veículos;Colisão lateral mesmo sentido;Com Vítimas Feridas;Pleno dia;Decrescente;Céu Claro;Dupla;"Interseção de Vias;Reta";Não;3;0;2;0;0;1;2;2;-26,8900042;-49,25526593;SPRF-SC;DEL04-SC;UOP01-DEL04-SC
738529;13/12/2025;sábado;12:20:00;RS;116;588,3;ARROIO GRANDE;Manobra de mudança de faixa;Colisão traseira;Sem Vítimas;Pleno dia;Crescente;Céu Claro;Simples;"Declive;Reta";Não;6;0;0;0;6;0;0;3;-32,09063487;-52,90159925;SPRF-RS;DEL07-RS;UOP03-DEL07-RS
738541;13/12/2025;sábado;14:45:00;TO;153;132;WANDERLANDIA;Manobra de mudança de faixa;Colisão lateral mesmo sentido;Sem Vítimas;Pleno dia;Decrescente;Nublado;Simples;"Declive;Reta";Não;5;0;0;0;4;1;0;3;-7,111238;-48,185023;SPRF-TO;DEL02-TO;UOP01-DEL02-TO
738551;13/12/2025;sábado;11:15:00;MG;381;525,9;BRUMADINHO;Velocidade Incompatível;Tombamento;Com Vítimas Feridas;Pleno dia;Decrescente;Nublado;Dupla;"Ponte;Aclive;Curva";Não;2;0;1;0;0;1;1;2;-20,1499933;-44,32505965;SPRF-MG;DEL04-MG;UOP03-DEL04-MG
738552;13/12/2025;sábado;14:20:00;ES;101;433,5;ATILIO VIVACQUA;Reação tardia ou ineficiente do condutor;Colisão lateral sentido oposto;Com Vítimas Feridas;Pleno dia;Decrescente;Chuva;Simples;"Aclive;Curva";Não;5;0;3;0;1;1;3;3;-21,04699314;-41,18531455;SPRF-ES;DEL03-ES;UOP02-DEL03-ES
738560;13/12/2025;sábado;15:00:00;SC;282;574,8;PINHALZINHO;Ingestão de álcool pelo condutor;Colisão frontal;Com Vítimas Fatais;Pleno dia;Crescente;Sol;Simples;"Reta;Aclive";Não;3;1;0;0;1;1;0;3;-26,871488;-52,958828;SPRF-SC;DEL07-SC;UOP02-DEL07-SC
738563;13/12/2025;sábado;14:45:00;PR;277;366,8;GUARAPUAVA;Ultrapassagem Indevida;Colisão frontal;Com Vítimas Feridas;Pleno dia;Decrescente;Sol;Simples;"Aclive;Curva";Não;6;0;0;1;4;3;1;6;-25,43925;-51,625387;SPRF-PR;DEL08-PR;UOP01-DEL08-PR
738565;13/12/2025;sábado;17:10:00;ES;101;6,1;PEDRO CANARIO;Transitar na contramão;Colisão lateral sentido oposto;Com Vítimas Feridas;Pleno dia;Crescente;Céu Claro;Simples;"Declive;Curva";Não;4;0;2;0;1;1;2;3;-18,21981907;-39,94482717;SPRF-ES;DEL04-ES;UOP02-DEL04-ES
738571;13/12/2025;sábado;17:13:00;TO;10;453,7;PALMAS;Manobra de mudança de faixa;Colisão lateral mesmo sentido;Com Vítimas Feridas;Pleno dia;Decrescente;Céu Claro;Múltipla;Reta;Não;3;0;1;0;2;0;1;2;-10,318428;-48,297188;SPRF-TO;DEL01-TO;UOP03-DEL01-TO
738572;13/12/2025;sábado;17:10:00;SP;381;37;ATIBAIA;Ausência de reação do condutor;Colisão lateral mesmo sentido;Com Vítimas Feridas;Pleno dia;Crescente;Chuva;Múltipla;Declive;Não;2;0;1;0;1;0;1;2;-23,1030568;-46,56858869;SPRF-SP;DEL03-SP;UOP01-DEL03-SP
738574;13/12/2025;sábado;09:43:00;MG;251;354;PADRE CARVALHO;Ausência de reação do condutor;Tombamento;Com Vítimas Feridas;Pleno dia;Decrescente;Céu Claro;Simples;Curva;Não;1;0;0;1;0;0;1;1;-16,286769;-42,540046;SPRF-MG;DEL12-MG;UOP02-DEL12-MG
738582;13/12/2025;sábado;16:00:00;GO;364;36;PARANAIGUARA;Ultrapassagem Indevida;Colisão frontal;Com Vítimas Feridas;Pleno dia;Decrescente;Nublado;Simples;Reta;Não;4;0;1;1;1;2;2;4;-18,873607;-50,779937;SPRF-GO;DEL05-GO;UOP02-DEL05-GO
738588;13/12/2025;sábado;15:50:00;GO;153;255;SAO LUIZ DO NORTE;Reação tardia ou ineficiente do condutor;Saída de leito carroçável;Com Vítimas Feridas;Pleno dia;Crescente;Céu Claro;Simples;Reta;Não;2;0;0;1;0;1;1;2;-14,965472;-49,386533;SPRF-GO;DEL07-GO;UOP02-DEL07-GO
738596;13/12/2025;sábado;14:30:00;MA;316;474;CODO;Reação tardia ou ineficiente do condutor;Colisão lateral sentido oposto;Com Vítimas Feridas;Pleno dia;Decrescente;Céu Claro;Simples;Reta;Não;5;0;2;0;2;2;2;5;-4,65958152;-43,84471893;SPRF-MA;DEL03-MA;UOP02-DEL03-MA
738603;13/12/2025;sábado;16:40:00;MT;158;536,9;AGUA BOA;Ausência de reação do condutor;Saída de leito carroçável;Com Vítimas Feridas;Pleno dia;Decrescente;Céu Claro;Simples;Curva;Não;1;0;1;0;0;0;1;1;-13,830512;-52,038365;SPRF-MT;DEL07-MT;UOP02-DEL07-MT
738604;13/12/2025;sábado;17:30:00;CE;222;249,5;SOBRAL;Demais falhas mecânicas ou elétricas;Eventos atípicos;Com Vítimas Feridas;Plena Noite;Crescente;Céu Claro;Simples;Reta;Sim;5;0;0;2;1;2;2;3;-3,755832;-40,56154;SPRF-CE;DEL04-CE;UOP01-DEL04-CE
738627;13/12/2025;sábado;19:35:00;BA;116;645;JAGUAQUARA;Manobra de mudança de faixa;Colisão lateral sentido oposto;Com Vítimas Feridas;Plena Noite;Crescente;Nublado;Simples;Reta;Não;3;0;1;0;2;0;1;2;-13,62147043;-40,09213665;SPRF-BA;DEL03-BA;UOP01-DEL03-BA
738628;13/12/2025;sábado;09:30:00;MS;487;20;ITAQUIRAI;Reação tardia ou ineficiente do condutor;Colisão lateral mesmo sentido;Com Vítimas Fatais;Pleno dia;Decrescente;Nublado;Simples;Reta;Não;6;2;0;1;2;2;1;5;-23,235032;-54,034852;SPRF-MS;DEL09-MS;UOP01-DEL09-MS
738630;13/12/2025;sábado;16:00:00;MG;381;812,8;CAREACU;Velocidade Incompatível;Tombamento;Com Vítimas Feridas;Pleno dia;Crescente;Chuva;Dupla;Aclive;Não;2;0;1;0;0;1;1;2;-22,01436065;-45,67840576;SPRF-MG;DEL16-MG;UOP02-DEL16-MG
738642;13/12/2025;sábado;19:40:00;MS;163;494,5;CAMPO GRANDE;Ausência de reação do condutor;Colisão traseira;Com Vítimas Feridas;Plena Noite;Decrescente;Céu Claro;Simples;Reta;Não;6;0;1;0;4;4;1;7;-20,36769807;-54,53079924;SPRF-MS;DEL01-MS;UOP02-DEL01-MS
738646;13/12/2025;sábado;20:20:00;AL;101;71;MESSIAS;Transitar na contramão;Colisão frontal;Com Vítimas Feridas;Plena Noite;Decrescente;Céu Claro;Dupla;"Aclive;Curva";Não;3;0;2;0;1;0;2;2;-9,376182;-35,826995;SPRF-AL;DEL01-AL;UOP01-DEL01-AL
738662;13/12/2025;sábado;22:50:00;MG;381;674,5;PERDOES;Velocidade Incompatível;Tombamento;Com Vítimas Feridas;Plena Noite;Decrescente;Chuva;Dupla;Curva;Não;2;0;1;0;1;0;1;1;-21,08873355;-45,06685909;SPRF-MG;DEL04-MG;UOP02-DEL04-MG
738665;13/12/2025;sábado;21:50:00;MA;316;422;PERITORO;Manobra de mudança de faixa;Colisão frontal;Com Vítimas Fatais;Plena Noite;Decrescente;Céu Claro;Simples;Reta;Não;2;1;0;0;1;0;0;2;-4,36660879;-44,34906006;SPRF-MA;DEL03-MA;UOP01-DEL03-MA
738670;13/12/2025;sábado;21:20:00;BA;20;148;SAO DESIDERIO;Carga excessiva e/ou mal acondicionada;Tombamento;Com Vítimas Feridas;Plena Noite;Crescente;Céu Claro;Simples;Reta;Não;2;0;1;0;0;2;1;3;-12,65271;-45,92222;SPRF-BA;DEL10-BA;UOP01-DEL10-BA
738676;13/12/2025;sábado;21:30:00;RS;392;80,7;PELOTAS;Ausência de reação do condutor;Saída de leito carroçável;Com Vítimas Feridas;Plena Noite;Crescente;Céu Claro;Simples;Reta;Não;3;0;2;0;0;2;2;3;-31,67094782;-52,45833144;SPRF-RS;DEL07-RS;UOP01-DEL07-RS
738679;13/12/2025;sábado;23:00:00;MT;163;834;SINOP;Condutor Dormindo;Saída de leito carroçável;Com Vítimas Feridas;Plena Noite;Crescente;Nublado;Simples;Reta;Não;3;0;0;1;1;1;1;3;-11,862356;-55,495426;SPRF-MT;DEL06-MT;UOP02-DEL06-MT
738692;13/12/2025;sábado;23:55:00;BA;116;604;IRAJUBA;Acessar a via sem observar a presença dos outros veículos;Colisão transversal;Com Vítimas Feridas;Plena Noite;Crescente;Céu Claro;Simples;Reta;Não;3;0;0;1;1;1;1;3;-13,273433;-40,014561;SPRF-BA;DEL03-BA;UOP02-DEL03-BA
738693;14/12/2025;domingo;02:15:00;SC;101;51;JOINVILLE;Transitar na contramão;Colisão lateral sentido oposto;Sem Vítimas;Plena Noite;Decrescente;Nublado;Dupla;Reta;Não;3;0;0;0;2;1;0;3;-26,314723;-48,873445;SPRF-SC;DEL03-SC;UOP01-DEL03-SC