id;data_inversa;dia_semana;horario;uf;br;km;municipio;causa_acidente;tipo_acidente;classificacao_acidente;fase_dia;sentido_via;condicao_metereologica;tipo_pista;tracado_via;uso_solo;pessoas;mortos;feridos_leves;feridos_graves;ilesos;ignorados;feridos;veiculos;latitude;longitude;regional;delegacia;uop
738698;14/12/2025;domingo;00:20:00;PR;153;161,4;VENTANIA;Ausência de reação do condutor;Tombamento;Com Vítimas Feridas;Plena Noite;Crescente;Nevoeiro/Neblina;Simples;Rotatória;Não;3;0;0;2;0;1;2;2;-24,23595;-50,23275;SPRF-PR;DEL03-PR;UOP02-DEL03-PR
738700;14/12/2025;domingo;03:10:00;MG;40;274,9;TRES MARIAS;Demais falhas mecânicas ou elétricas;Incêndio;Sem Vítimas;Plena Noite;Crescente;Nublado;Simples;Reta;Sim;2;0;0;0;1;1;0;2;-18,20026;-45,23591;SPRF-MG;DEL14-MG;UOP02-DEL14-MG
738714;14/12/2025;domingo;05:06:00;RJ;493;100;SEROPEDICA;Ausência de reação do condutor;Saída de leito carroçável;Com Vítimas Feridas;Amanhecer;Decrescente;Céu Claro;Dupla;Reta;Não;2;0;2;0;0;0;2;1;-22,77275578;-43,74113631;SPRF-RJ;DEL01-RJ;UOP03-DEL01-RJ
738725;13/12/2025;sábado;18:45:00;TO;10;453;PALMAS;Ausência de reação do condutor;Colisão lateral mesmo sentido;Sem Vítimas;Anoitecer;Decrescente;Céu Claro;Múltipla;Reta;Sim;2;0;0;0;2;0;0;2;-10,319069;-48,297214;SPRF-TO;DEL01-TO;UOP03-DEL01-TO
738726;14/12/2025;domingo;04:15:00;CE;222;301;TIANGUA;Transitar na contramão;Colisão frontal;Com Vítimas Feridas;Plena Noite;Crescente;Céu Claro;Simples;"Reta;Declive";Não;2;0;1;0;0;1;1;2;-3,6922526;-40,9760208;SPRF-CE;DEL04-CE;UOP02-DEL04-CE
738729;14/12/2025;domingo;04:45:00;MG;365;811,5;SANTA VITORIA;Condutor Dormindo;Saída de leito carroçável;Com Vítimas Feridas;Plena Noite;Decrescente;Nublado;Simples;Reta;Não;2;0;1;0;0;1;1;2;-18,888429;-50,014742;SPRF-MG;DEL15-MG;UOP03-DEL15-MG
738737;14/12/2025;domingo;07:15:00;RO;364;190,3;PIMENTA BUENO;Ausência de reação do condutor;Colisão lateral sentido oposto;Com Vítimas Feridas;Pleno dia;Crescente;Céu Claro;Simples;Reta;Não;4;0;0;1;1;4;1;6;-11,720378;-61,146415;SPRF-RO;DEL02-RO;UOP02-DEL02-RO
738738;14/12/2025;domingo;07:00:00;MT;70;31;BARRA DO GARCAS;Transitar na contramão;Colisão frontal;Com Vítimas Feridas;Pleno dia;Decrescente;Céu Claro;Simples;"Reta;Declive";Não;3;0;0;1;2;0;1;2;-15,72418718;-52,64888764;SPRF-MT;DEL07-MT;UOP01-DEL07-MT
738744;28/11/2025;sexta-feira;11:50:00;PR;469;15;FOZ DO IGUACU;Acessar a via sem observar a presença dos outros veículos;Colisão lateral mesmo sentido;Com Vítimas Feridas;Pleno dia;Crescente;Céu Claro;Dupla;"Interseção de Vias;Em Obras";Não;3;0;1;0;2;0;1;2;-25,58993731;-54,51811767;SPRF-PR;DEL05-PR;UOP04-DEL05-PR
738749;14/12/2025;domingo;09:40:00;BA;116;277;TUCANO;Transitar na contramão;Colisão frontal;Com Vítimas Feridas;Pleno dia;Crescente;Céu Claro;Simples;Reta;Não;2;0;0;1;1;0;1;2;-10,9878082;-38,8011651;SPRF-BA;DEL07-BA;UOP02-DEL07-BA
738761;14/12/2025;domingo;08:54:00;PA;10;336;SAO MIGUEL DO GUAMA;Manobra de mudança de faixa;Colisão transversal;Com Vítimas Feridas;Pleno dia;Decrescente;Céu Claro;Simples;Aclive;Não;7;0;4;1;0;2;5;3;-1,498843;-47,52539;SPRF-PA;DEL01-PA;UOP02-DEL01-PA
738762;14/12/2025;domingo;08:00:00;GO;20;15,2;FORMOSA;Ultrapassagem Indevida;Colisão frontal;Com Vítimas Fatais;Pleno dia;Crescente;Céu Claro;Simples;Reta;Não;4;1;0;0;2;1;0;4;-15,56519;-47,223925;SPRF-DF;DEL02-DF;UOP02-DEL02-DF
738768;14/12/2025;domingo;09:00:00;MG;50;10;ARAGUARI;Demais falhas mecânicas ou elétricas;Saída de leito carroçável;Com Vítimas Feridas;Pleno dia;Decrescente;Céu Claro;Dupla;"Reta;Aclive";Não;1;0;1;0;0;0;1;1;-18,503304;-48,041447;SPRF-MG;DEL15-MG;UOP02-DEL15-MG
738784;14/12/2025;domingo;11:40:00;MG;116;662,7;SAO FRANCISCO DO GLORIA;Ausência de reação do condutor;Colisão frontal;Com Vítimas Fatais;Pleno dia;Decrescente;Chuva;Simples;"Aclive;Curva";Não;7;3;0;1;2;1;1;3;-20,84020299;-42,32414246;SPRF-MG;DEL07-MG;UOP02-DEL07-MG
738788;14/12/2025;domingo;11:20:00;MG;262;440,8;NOVA SERRANA;Acessar a via sem observar a presença dos outros veículos;Colisão lateral mesmo sentido;Com Vítimas Feridas;Pleno dia;Crescente;Sol;Simples;Interseção de Vias;Sim;3;0;1;0;1;1;1;3;-19,86240126;-45,00098705;SPRF-MG;DEL08-MG;UOP03-DEL08-MG
738793;14/12/2025;domingo;10:00:00;MG;116;468,7;TARUMIRIM;Demais falhas mecânicas ou elétricas;Tombamento;Com Vítimas Feridas;Pleno dia;Decrescente;Céu Claro;Múltipla;"Reta;Aclive";Não;2;0;1;0;0;1;1;2;-19,30734467;-42,0796895;SPRF-MG;DEL06-MG;UOP02-DEL06-MG
738809;14/12/2025;domingo;14:05:00;GO;40;135;CRISTALINA;Ultrapassagem Indevida;Colisão frontal;Com Vítimas Feridas;Pleno dia;Crescente;Nublado;Simples;Curva;Não;5;0;2;0;1;4;2;6;-16,938937;-47,319042;SPRF-DF;DEL01-DF;UOP02-DEL01-DF
738810;14/12/2025;domingo;11:40:00;DF;20;40;BRASILIA;Ausência de reação do condutor;Tombamento;Com Vítimas Feridas;Pleno dia;Crescente;Céu Claro;Dupla;Reta;Sim;1;0;1;0;0;0;1;1;-15,581853;-47,512711;SPRF-DF;DEL02-DF;UOP01-DEL02-DF
738829;14/12/2025;domingo;14:30:00;MG;40;736,3;SANTOS DUMONT;Velocidade Incompatível;Saída de leito carroçável;Sem Vítimas;Pleno dia;Crescente;Nublado;Simples;"Reta;Declive";Não;1;0;0;0;1;0;0;1;-21,402722;-43,56805;SPRF-MG;DEL05-MG;UOP01-DEL05-MG
738834;14/12/2025;domingo;15:45:00;MG;365;409;PATOS DE MINAS;Reação tardia ou ineficiente do condutor;Saída de leito carroçável;Com Vítimas Feridas;Pleno dia;Decrescente;Chuva;Simples;Reta;Não;3;0;1;0;1;1;1;2;-18,64755651;-46,50586188;SPRF-MG;DEL10-MG;UOP01-DEL10-MG
738836;14/12/2025;domingo;15:20:00;BA;242;895;LUIS EDUARDO MAGALHAES;Ultrapassagem Indevida;Colisão lateral mesmo sentido;Com Vítimas Feridas;Pleno dia;Decrescente;Céu Claro;Simples;Reta;Não;3;0;1;0;1;2;1;4;-12,07985401;-45,70791757;SPRF-BA;DEL10-BA;UOP01-DEL10-BA
738838;14/12/2025;domingo;17:00:00;BA;116;818,4;VITORIA DA CONQUISTA;Ausência de reação do condutor;Colisão lateral mesmo sentido;Com Vítimas Fatais;Pleno dia;Crescente;Sol;Simples;Reta;Não;3;1;0;0;1;1;0;3;-14,82522666;-40,82191229;SPRF-BA;DEL08-BA;UOP01-DEL08-BA
738841;14/12/2025;domingo;13:30:00;MG;356;287;EUGENOPOLIS;Transitar na contramão;Colisão frontal;Com Vítimas Fatais;Pleno dia;Decrescente;Nublado;Simples;Curva;Não;4;1;0;1;1;1;1;3;-21,13245288;-42,1885407;SPRF-MG;DEL07-MG;UOP02-DEL07-MG
738849;01/09/2025;segunda-feira;10:50:00;SC;282;452;PONTE SERRADA;Velocidade Incompatível;Capotamento;Com Vítimas Fatais;Pleno dia;Crescente;Céu Claro;Simples;Curva;Não;2;1;0;0;0;1;0;2;-26,920313;-51,953785;SPRF-SC;DEL07-SC;UOP04-DEL07-SC
738864;14/12/2025;domingo;13:00:00;BA;101;357,5;WENCESLAU GUIMARAES;Acessar a via sem observar a presença dos outros veículos;Colisão lateral mesmo sentido;Com Vítimas Feridas;Pleno dia;Crescente;Céu Claro;Simples;Reta;Não;3;0;1;0;1;1;1;3;-13,675738;-39,477282;SPRF-BA;DEL05-BA;UOP03-DEL05-BA
738867;14/12/2025;domingo;16:50:00;MG;262;785;UBERABA;Acessar a via sem observar a presença dos outros veículos;Colisão lateral mesmo sentido;Com Vítimas Feridas;Pleno dia;Crescente;Nublado;Dupla;"Declive;Viaduto";Sim;3;0;1;1;1;0;2;2;-19,76793345;-47,8886117;SPRF-MG;DEL13-MG;UOP01-DEL13-MG
738871;18/11/2025;terça-feira;13:50:00;PR;476;242;LAPA;Chuva;Colisão frontal;Com Vítimas Fatais;Pleno dia;Decrescente;Chuva;Simples;Curva;Não;3;1;0;0;1;1;0;3;-25,82630182;-49,92663324;SPRF-PR;DEL02-PR;UOP03-DEL02-PR
738876;14/12/2025;domingo;19:40:00;BA;110;109;ANTAS;Transitar na contramão;Colisão lateral sentido oposto;Com Vítimas Fatais;Plena Noite;Crescente;Céu Claro;Simples;Reta;Não;2;1;0;0;1;0;0;2;-10,35898;-38,3329;SPRF-BA;DEL07-BA;UOP02-DEL07-BA
738902;14/12/2025;domingo;20:55:00;DF;20;10;BRASILIA;Suicídio (presumido);Atropelamento de Pedestre;Com Vítimas Feridas;Plena Noite;Decrescente;Chuva;Dupla;Reta;Sim;2;0;0;1;1;0;1;2;-15,64753705;-47,76406289;SPRF-DF;DEL02-DF;UOP01-DEL02-DF
738906;14/12/2025;domingo;14:50:00;GO;20;142;FLORES DE GOIAS;Ultrapassagem Indevida;Colisão lateral sentido oposto;Sem Vítimas;Pleno dia;Crescente;Chuva;Simples;Reta;Não;5;0;0;0;4;1;0;3;-14,7709334;-46,68122292;SPRF-DF;DEL02-DF;UOP03-DEL02-DF
738916;14/12/2025;domingo;20:00:00;SE;101;140;ESTANCIA;Ausência de reação do condutor;Colisão traseira;Sem Vítimas;Plena Noite;Decrescente;Céu Claro;Dupla;Reta;Não;2;0;0;0;1;1;0;2;-11,17239;-37,39765;SPRF-SE;DEL02-SE;UOP01-DEL02-SE
738917;14/12/2025;domingo;20:00:00;MG;116;243,2;TEOFILO OTONI;Ingestão de álcool pelo condutor;Colisão com objeto;Sem Vítimas;Pleno dia;Decrescente;Nublado;Simples;Reta;Não;3;0;0;0;2;1;0;3;-17,586908;-41,487877;SPRF-MG;DEL11-MG;UOP01-DEL11-MG
738923;14/12/2025;domingo;20:40:00;SP;116;125;CACAPAVA;Condutor deixou de manter distância do veículo da frente;Colisão traseira;Sem Vítimas;Plena Noite;Crescente;Nublado;Dupla;Reta;Não;4;0;0;0;2;2;0;4;-23,09693;-45,68361;SPRF-SP;DEL02-SP;UOP02-DEL02-SP
738930;14/12/2025;domingo;16:00:00;MG;116;115,4;ITAOBIM;Pedestre - Ingestão de álcool/ substâncias psicoativas;Atropelamento de Pedestre;Com Vítimas Feridas;Pleno dia;Crescente;Céu Claro;Simples;"Reta;Rotatória";Sim;2;0;0;1;0;1;1;2;-16,559972;-41,503042;SPRF-MG;DEL11-MG;UOP02-DEL11-MG
738946;14/12/2025;domingo;21:00:00;BA;235;128;JEREMOABO;Ausência de reação do condutor;Tombamento;Com Vítimas Feridas;Plena Noite;Crescente;Céu Claro;Simples;Curva;Não;3;0;2;0;0;2;2;3;-9,959028;-38,695235;SPRF-BA;DEL07-BA;UOP03-DEL07-BA
738952;15/12/2025;segunda-feira;01:30:00;ES;259;50;COLATINA;Condutor deixou de manter distância do veículo da frente;Colisão traseira;Com Vítimas Feridas;Anoitecer;Crescente;Céu Claro;Simples;Reta;Não;2;0;1;0;0;1;1;2;-19,506574;-40,609384;SPRF-ES;DEL02-ES;UOP01-DEL02-ES
738955;15/12/2025;segunda-feira;00:25:00;PB;104;148;QUEIMADAS;Transitar na contramão;Colisão frontal;Com Vítimas Fatais;Plena Noite;Crescente;Céu Claro;Simples;Reta;Sim;2;1;0;0;1;0;0;2;-7,441316;-35,902843;SPRF-PB;DEL02-PB;UOP03-DEL02-PB
738956;15/12/2025;segunda-feira;00:20:00;MA;226;472;SITIO NOVO;Estacionar ou parar em local proibido;Colisão frontal;Com Vítimas Fatais;Plena Noite;Decrescente;Chuva;Simples;Reta;Não;4;2;0;0;0;2;0;3;-6,037343;-46,578037;SPRF-MA;DEL04-MA;UOP02-DEL04-MA
738958;14/12/2025;domingo;15:40:00;MG;251;398,2;MONTES CLAROS;Reação tardia ou ineficiente do condutor;Colisão com objeto;Com Vítimas Feridas;Pleno dia;Crescente;Chuva;Simples;"Curva;Declive";Não;2;0;1;0;0;1;1;2;-16,21368559;-43,87757874;SPRF-MG;DEL12-MG;UOP01-DEL12-MG
738959;14/12/2025;domingo;22:15:00;MG;251;496,5;FRANCISCO SA;Ausência de reação do condutor;Colisão traseira;Com Vítimas Fatais;Plena Noite;Crescente;Chuva;Simples;Reta;Não;5;1;0;0;2;4;0;7;-16,552641;-43,605841;SPRF-MG;DEL12-MG;UOP01-DEL12-MG
738965;15/12/2025;segunda-feira;04:34:00;SP;116;210;GUARULHOS;Reação tardia ou ineficiente do condutor;Colisão traseira;Com Vítimas Feridas;Amanhecer;Crescente;Céu Claro;Múltipla;Reta;Sim;4;0;1;0;2;1;1;4;-23,43034636;-46,41463375;SPRF-SP;DEL01-SP;UOP01-DEL01-SP
738966;15/12/2025;segunda-feira;03:30:00;RS;293;126;PINHEIRO MACHADO;Demais falhas mecânicas ou elétricas;Atropelamento de Pedestre;Com Vítimas Fatais;Plena Noite;Crescente;Céu Claro;Simples;Reta;Não;2;1;0;0;0;1;0;2;-31,507926;-53,56096;SPRF-RS;DEL11-RS;UOP03-DEL11-RS
738970;15/12/2025;segunda-feira;05:00:00;ES;101;315,9;VILA VELHA;Velocidade Incompatível;Tombamento;Com Vítimas Fatais;Amanhecer;Decrescente;Céu Claro;Múltipla;"Curva;Declive";Não;1;1;0;0;0;0;0;1;-20,47830914;-40,47069426;SPRF-ES;DEL01-ES;UOP01-DEL01-ES
738974;15/12/2025;segunda-feira;04:10:00;MG;262;157;SAO DOMINGOS DO PRATA;Reação tardia ou ineficiente do condutor;Tombamento;Com Vítimas Feridas;Plena Noite;Decrescente;Garoa/Chuvisco;Simples;"Curva;Declive";Não;2;0;0;1;0;1;1;2;-19,96412315;-42,80792624;SPRF-MG;DEL03-MG;UOP03-DEL03-MG
738984;15/12/2025;segunda-feira;06:17:00;MS;262;327;CAMPO GRANDE;Reação tardia ou ineficiente do condutor;Colisão frontal;Com Vítimas Feridas;Pleno dia;Crescente;Céu Claro;Dupla;Reta;Sim;3;0;1;0;1;1;1;3;-20,46460708;-54,55222875;SPRF-MS;DEL01-MS;UOP01-DEL01-MS
738990;15/12/2025;segunda-feira;07:20:00;PA;316;149;CAPANEMA;Acumulo de areia ou detritos sobre o pavimento;Tombamento;Com Vítimas Fatais;Pleno dia;Decrescente;Céu Claro;Simples;Reta;Não;4;1;0;0;1;2;0;4;-1,220912;-47,19954;SPRF-PA;DEL01-PA;UOP03-DEL01-PA
738993;15/12/2025;segunda-feira;06:45:00;SC;101;13;GARUVA;Reação tardia ou ineficiente do condutor;Colisão traseira;Com Vítimas Feridas;Pleno dia;Decrescente;Céu Claro;Dupla;"Reta;Aclive";Não;2;0;0;1;1;0;1;2;-26,08495239;-48,86198938;SPRF-SC;DEL03-SC;UOP01-DEL03-SC
738998;15/12/2025;segunda-feira;04:10:00;MT;163;816;SINOP;Reação tardia ou ineficiente do condutor;Colisão traseira;Com Vítimas Fatais;Plena Noite;Decrescente;Céu Claro;Múltipla;Reta;Não;2;1;0;0;0;1;0;2;-12,02178;-55,51726333;SPRF-MT;DEL06-MT;UOP02-DEL06-MT
739002;15/12/2025;segunda-feira;07:00:00;ES;101;393;RIO NOVO DO SUL;Condutor Dormindo;Tombamento;Com Vítimas Feridas;Pleno dia;Crescente;Sol;Simples;Curva;Não;1;0;1;0;0;0;1;1;-20,8658748;-40,9272727;SPRF-ES;DEL03-ES;UOP02-DEL03-ES
739013;15/12/2025;segunda-feira;08:50:00;DF;70;16;BRASILIA;Carga excessiva e/ou mal acondicionada;Tombamento;Sem Vítimas;Pleno dia;Crescente;Nublado;Dupla;Rotatória;Não;2;0;0;0;1;2;0;3;-15,79562802;-48,19539035;SPRF-DF;DEL03-DF;UOP02-DEL03-DF
739014;15/12/2025;segunda-feira;07:30:00;SE;101;183;UMBAUBA;Ausência de reação do condutor;Saída de leito carroçável;Sem Vítimas;Pleno dia;Crescente;Céu Claro;Simples;"Reta;Declive";Sim;1;0;0;0;1;0;0;1;-11,37907036;-37,66319275;SPRF-SE;DEL02-SE;UOP03-DEL02-SE
739018;15/12/2025;segunda-feira;06:40:00;BA;110;159;RIBEIRA DO POMBAL;Ultrapassagem Indevida;Capotamento;Com Vítimas Fatais;Pleno dia;Crescente;Céu Claro;Simples;Declive;Não;4;1;0;1;1;1;1;3;-10,72;-38,47561;SPRF-BA;DEL07-BA;UOP02-DEL07-BA
739020;15/12/2025;segunda-feira;07:00:00;RJ;40;98;DUQUE DE CAXIAS;Demais falhas mecânicas ou elétricas;Incêndio;Sem Vítimas;Pleno dia;Decrescente;Céu Claro;Dupla;Reta;Não;1;0;0;0;1;0;0;1;-22,60060923;-43,28022189;SPRF-RJ;DEL01-RJ;UOP01-DEL01-RJ
739022;15/12/2025;segunda-feira;06:50:00;SC;282;638,6;DESCANSO;Faixas de trânsito com largura insuficiente;Colisão lateral sentido oposto;Com Vítimas Feridas;Pleno dia;Decrescente;Sol;Simples;Curva;Não;4;0;2;0;1;1;2;3;-26,79439112;-53,44989181;SPRF-SC;DEL07-SC;UOP03-DEL07-SC
739026;15/12/2025;segunda-feira;09:30:00;SC;101;117;ITAJAI;Ausência de reação do condutor;Colisão traseira;Com Vítimas Feridas;Pleno dia;Crescente;Nublado;Múltipla;Reta;Sim;2;0;0;1;1;0;1;2;-26,88520181;-48,72367859;SPRF-SC;DEL04-SC;UOP04-DEL04-SC
739034;18/11/2025;terça-feira;03:30:00;PE;232;135;SAO CAITANO;Demais falhas mecânicas ou elétricas;Tombamento;Sem Vítimas;Amanhecer;Decrescente;Céu Claro;Dupla;"Reta;Declive";Não;2;0;0;0;1;1;0;2;-8,3358537;-36,06457522;SPRF-PE;DEL02-PE;UOP03-DEL02-PE
739035;15/12/2025;segunda-feira;08:30:00;BA;242;813;BARREIRAS;Desrespeitar a preferência no cruzamento;Colisão transversal;Com Vítimas Feridas;Pleno dia;Crescente;Céu Claro;Simples;"Reta;Interseção de Vias";Não;3;0;1;0;1;2;1;4;-12,11758;-44,95296;SPRF-BA;DEL10-BA;UOP01-DEL10-BA
739037;07/12/2025;domingo;06:25:00;SC;282;548,3;CHAPECO;Transitar na contramão;Colisão lateral sentido oposto;Com Vítimas Feridas;Pleno dia;Crescente;Céu Claro;Simples;Reta;Não;3;0;1;0;1;1;1;3;-26,97079677;-52,75046222;SPRF-SC;DEL07-SC;UOP01-DEL07-SC
739050;15/12/2025;segunda-feira;11:40:00;PR;376;517;PONTA GROSSA;Ingestão de álcool pelo condutor;Colisão transversal;Sem Vítimas;Pleno dia;Decrescente;Céu Claro;Dupla;Retorno Regulamentado;Não;3;0;0;0;2;3;0;5;-25,26126424;-50,00389544;SPRF-PR;DEL03-PR;UOP04-DEL03-PR
739053;15/12/2025;segunda-feira;12:50:00;MT;158;635;NOVA XAVANTINA;Ausência de reação do condutor;Colisão lateral mesmo sentido;Com Vítimas Fatais;Pleno dia;Decrescente;Céu Claro;Simples;Curva;Não;4;1;0;1;1;3;1;5;-14,53521336;-52,36528158;SPRF-MT;DEL07-MT;UOP02-DEL07-MT
739057;15/12/2025;segunda-feira;12:00:00;SC;153;58,3;IRANI;Ultrapassagem Indevida;Colisão frontal;Com Vítimas Fatais;Pleno dia;Decrescente;Céu Claro;Simples;"Declive;Reta";Não;2;1;1;0;0;0;1;2;-26,96699178;-51,85056305;SPRF-SC;DEL07-SC;UOP07-DEL07-SC
739062;15/12/2025;segunda-feira;13:05:00;MG;381;837,7;SAO SEBASTIAO DA BELA VISTA;Velocidade Incompatível;Capotamento;Com Vítimas Feridas;Pleno dia;Crescente;Chuva;Dupla;"Declive;Curva";Não;3;0;1;0;1;1;1;3;-22,15134;-45,82354;SPRF-MG;DEL16-MG;UOP01-DEL16-MG
739065;15/12/2025;segunda-feira;10:25:00;PR;277;235;FERNANDES PINHEIRO;Transitar na contramão;Colisão traseira;Com Vítimas Feridas;Pleno dia;Decrescente;Céu Claro;Simples;"Declive;Reta";Não;5;0;0;2;2;1;2;5;-25,463805;-50,574232;SPRF-PR;DEL08-PR;UOP02-DEL08-PR
739070;15/12/2025;segunda-feira;14:03:00;PB;101;100,7;CONDE;Condutor deixou de manter distância do veículo da frente;Colisão traseira;Com Vítimas Feridas;Pleno dia;Decrescente;Céu Claro;Dupla;Reta;Não;3;0;2;0;0;1;2;3;-7,268232;-34,937173;SPRF-PB;DEL01-PB;UOP01-DEL01-PB
739072;08/11/2025;sábado;04:00:00;SC;116;181;SAO CRISTOVAO DO SUL;Reação tardia ou ineficiente do condutor;Colisão frontal;Com Vítimas Feridas;Plena Noite;Crescente;Garoa/Chuvisco;Simples;"Aclive;Curva";Sim;4;0;0;1;2;3;1;6;-27,2755377;-50,44062546;SPRF-SC;DEL05-SC;UOP03-DEL05-SC
739075;15/12/2025;segunda-feira;14:30:00;SC;101;119,8;ITAJAI;Condutor deixou de manter distância do veículo da frente;Colisão lateral mesmo sentido;Com Vítimas Feridas;Pleno dia;Crescente;Céu Claro;Múltipla;Reta;Não;2;0;1;0;1;0;1;2;-26,90949221;-48,71290952;SPRF-SC;DEL04-SC;UOP04-DEL04-SC
739083;15/12/2025;segunda-feira;13:58:00;MT;163;940;ITAUBA;Reação tardia ou ineficiente do condutor;Colisão traseira;Com Vítimas Feridas;Pleno dia;Crescente;Céu Claro;Simples;Reta;Não;6;0;1;1;2;8;2;11;-10,973773;-55,229251;SPRF-MT;DEL06-MT;UOP02-DEL06-MT
739085;15/12/2025;segunda-feira;15:30:00;MG;381;477;CONTAGEM;Ausência de reação do condutor;Engavetamento;Com Vítimas Feridas;Pleno dia;Decrescente;Chuva;Dupla;"Reta;Interseção de Vias";Sim;5;0;1;0;3;1;1;4;-19,96047618;-44,03601257;SPRF-MG;DEL01-MG;UOP03-DEL01-MG
739087;15/12/2025;segunda-feira;15:15:00;MG;381;566,7;ITAGUARA;Condutor deixou de manter distância do veículo da frente;Colisão traseira;Com Vítimas Fatais;Pleno dia;Crescente;Nublado;Dupla;"Aclive;Reta";Não;5;2;0;0;2;2;0;5;-20,40191553;-44,51282501;SPRF-MG;DEL04-MG;UOP03-DEL04-MG
739090;10/12/2025;quarta-feira;17:30:00;PR;476;147;CURITIBA;Entrada inopinada do pedestre;Atropelamento de Pedestre;Com Vítimas Feridas;Pleno dia;Crescente;Céu Claro;Dupla;Reta;Sim;3;0;0;1;1;2;1;4;-25,55450066;-49,33873527;SPRF-PR;DEL01-PR;UOP06-DEL01-PR
739092;15/12/2025;segunda-feira;15:45:00;PR;277;20,1;MORRETES;Objeto estático sobre o leito carroçável;Tombamento;Com Vítimas Feridas;Pleno dia;Decrescente;Sol;Dupla;Aclive;Não;2;0;1;0;1;0;1;2;-25,53404;-48,708413;SPRF-PR;DEL01-PR;UOP05-DEL01-PR
739094;15/12/2025;segunda-feira;15:40:00;SC;101;200;SAO JOSE;Mal súbito do condutor;Colisão traseira;Com Vítimas Feridas;Pleno dia;Crescente;Céu Claro;Dupla;Reta;Não;2;0;1;0;1;0;1;2;-27,53754;-48,62556;SPRF-SC;DEL01-SC;UOP01-DEL01-SC
739096;26/10/2025;domingo;04:30:00;MT;364;235;RONDONOPOLIS;Demais falhas mecânicas ou elétricas;Incêndio;Sem Vítimas;Amanhecer;Crescente;Céu Claro;Dupla;"Reta;Declive";Sim;2;0;0;0;1;2;0;3;-16,22075915;-54,77845564;SPRF-MT;DEL02-MT;UOP01-DEL02-MT
739102;15/12/2025;segunda-feira;15:40:00;PR;369;470,6;CORBELIA;Velocidade Incompatível;Saída de leito carroçável;Com Vítimas Feridas;Pleno dia;Crescente;Sol;Simples;"Declive;Curva";Não;2;0;1;0;1;0;1;1;-24,693804;-53,239549;SPRF-PR;DEL04-PR;UOP03-DEL04-PR
739104;15/12/2025;segunda-feira;13:40:00;MG;262;184;SAO DOMINGOS DO PRATA;Velocidade Incompatível;Tombamento;Com Vítimas Feridas;Pleno dia;Decrescente;Garoa/Chuvisco;Simples;"Aclive;Reta";Não;1;0;1;0;0;0;1;1;-19,9129975;-43,01834106;SPRF-MG;DEL03-MG;UOP01-DEL03-MG
739105;15/12/2025;segunda-feira;17:08:00;MG;40;503,1;ESMERALDAS;Ausência de reação do condutor;Colisão traseira;Com Vítimas Feridas;Pleno dia;Decrescente;Nublado;Dupla;"Aclive;Reta";Sim;2;0;0;1;0;1;1;2;-19,720556;-44,156111;SPRF-MG;DEL02-MG;UOP01-DEL02-MG
739117;15/12/2025;segunda-feira;15:40:00;MG;381;170,1;GOVERNADOR VALADARES;Transitar na contramão;Colisão lateral sentido oposto;Com Vítimas Feridas;Pleno dia;Decrescente;Céu Claro;Simples;Reta;Não;3;0;1;1;0;1;2;3;-18,91018406;-42,00656891;SPRF-MG;DEL06-MG;UOP01-DEL06-MG
739132;15/12/2025;segunda-feira;16:10:00;PR;476;144;CURITIBA;Demais falhas mecânicas ou elétricas;Eventos atípicos;Com Vítimas Feridas;Pleno dia;Decrescente;Céu Claro;Dupla;Reta;Não;4;0;0;1;3;0;1;4;-25,543031;-49,313724;SPRF-PR;DEL01-PR;UOP06-DEL01-PR
739134;15/12/2025;segunda-feira;18:20:00;TO;226;0;AGUIARNOPOLIS;Demais falhas mecânicas ou elétricas;Saída de leito carroçável;Com Vítimas Feridas;Anoitecer;Decrescente;Céu Claro;Simples;"Declive;Desvio Temporário";Não;3;0;1;0;1;2;1;4;-6,55116011;-47,46125112;SPRF-TO;DEL02-TO;UOP03-DEL02-TO
739136;15/12/2025;segunda-feira;18:50:00;RS;386;333;MARQUES DE SOUZA;Velocidade Incompatível;Tombamento;Com Vítimas Feridas;Pleno dia;Decrescente;Sol;Dupla;"Curva;Declive";Não;3;0;1;0;1;1;1;2;-29,29485775;-52,11673737;SPRF-RS;DEL04-RS;UOP01-DEL04-RS
739137;14/12/2025;domingo;19:10:00;RJ;116;324;ITATIAIA;Ausência de reação do condutor;Colisão lateral mesmo sentido;Com Vítimas Feridas;Plena Noite;Crescente;Céu Claro;Dupla;Reta;Sim;2;0;1;0;1;0;1;2;-22,48943517;-44,55616951;SPRF-RJ;DEL07-RJ;UOP02-DEL07-RJ
739138;15/12/2025;segunda-feira;18:32:00;MG;381;888;CAMBUI;Ausência de reação do condutor;Saída de leito carroçável;Com Vítimas Feridas;Anoitecer;Crescente;Nublado;Dupla;Reta;Não;1;0;1;0;0;0;1;1;-22,5298;-46,02719;SPRF-MG;DEL16-MG;UOP01-DEL16-MG
739140;15/12/2025;segunda-feira;17:20:00;TO;10;277;SANTA ROSA DO TOCANTINS;Ausência de reação do condutor;Colisão lateral sentido oposto;Com Vítimas Feridas;Anoitecer;Crescente;Garoa/Chuvisco;Simples;Reta;Não;3;0;1;0;1;2;1;4;-11,445797;-48,095125;SPRF-TO;DEL01-TO;UOP03-DEL01-TO