id;data_inversa;dia_semana;horario;uf;br;km;municipio;causa_acidente;tipo_acidente;classificacao_acidente;fase_dia;sentido_via;condicao_metereologica;tipo_pista;tracado_via;uso_solo;pessoas;mortos;feridos_leves;feridos_graves;ilesos;ignorados;feridos;veiculos;latitude;longitude;regional;delegacia;uop
739147;15/12/2025;segunda-feira;19:30:00;SC;282;592,5;SAUDADES;Manobra de mudança de faixa;Colisão lateral mesmo sentido;Sem Vítimas;Plena Noite;Decrescente;Garoa/Chuvisco;Simples;Reta;Não;3;0;0;0;3;0;0;2;-26,826578;-53,099372;SPRF-SC;DEL07-SC;UOP02-DEL07-SC
739150;15/12/2025;segunda-feira;19:00:00;BA;324;572;SAO SEBASTIAO DO PASSE;Manobra de mudança de faixa;Colisão lateral mesmo sentido;Com Vítimas Feridas;Pleno dia;Crescente;Céu Claro;Dupla;Reta;Não;6;0;5;0;0;1;5;2;-12,557141;-38,566589;SPRF-BA;DEL01-BA;UOP01-DEL01-BA
739153;15/12/2025;segunda-feira;15:00:00;MG;262;816;UBERABA;Estacionar ou parar em local proibido;Colisão traseira;Com Vítimas Feridas;Pleno dia;Crescente;Nublado;Dupla;Reta;Não;2;0;1;0;1;0;1;2;-19,761291;-48,026239;SPRF-MG;DEL13-MG;UOP01-DEL13-MG
739156;15/12/2025;segunda-feira;20:10:00;SP;116;328;JUQUITIBA;Frear bruscamente;Saída de leito carroçável;Com Vítimas Feridas;Plena Noite;Decrescente;Nublado;Dupla;Curva;Sim;2;0;1;0;0;1;1;2;-23,9383433;-47,0826262;SPRF-SP;DEL04-SP;UOP03-DEL04-SP
739157;15/12/2025;segunda-feira;20:15:00;PR;376;419,9;TIBAGI;Velocidade Incompatível;Tombamento;Com Vítimas Fatais;Plena Noite;Decrescente;Céu Claro;Dupla;"Curva;Aclive";Não;2;1;0;0;0;1;0;2;-24,707328;-50,556438;SPRF-PR;DEL03-PR;UOP02-DEL03-PR
739158;15/12/2025;segunda-feira;15:55:00;PR;476;276;SAO MATEUS DO SUL;Acessar a via sem observar a presença dos outros veículos;Colisão transversal;Com Vítimas Feridas;Pleno dia;Decrescente;Céu Claro;Simples;Reta;Sim;3;0;0;1;1;3;1;5;-25,87580447;-50,38744032;SPRF-PR;DEL02-PR;UOP03-DEL02-PR
739159;15/12/2025;segunda-feira;11:25:00;ES;101;148,7;LINHARES;Pedestre andava na pista;Atropelamento de Pedestre;Com Vítimas Feridas;Pleno dia;Crescente;Céu Claro;Simples;"Interseção de Vias;Reta";Sim;2;0;0;1;1;0;1;2;-19,39469534;-40,06529331;SPRF-ES;DEL04-ES;UOP01-DEL04-ES
739160;15/12/2025;segunda-feira;20:50:00;SP;116;278;EMBU DAS ARTES;Manobra de mudança de faixa;Colisão lateral mesmo sentido;Com Vítimas Fatais;Plena Noite;Crescente;Céu Claro;Dupla;"Interseção de Vias;Declive;Reta";Sim;4;1;1;0;0;2;1;3;-23,63575067;-46,83116238;SPRF-SP;DEL04-SP;UOP01-DEL04-SP
739162;15/12/2025;segunda-feira;17:20:00;MT;163;739;SORRISO;Carga excessiva e/ou mal acondicionada;Tombamento;Com Vítimas Feridas;Anoitecer;Crescente;Chuva;Simples;Reta;Não;1;0;1;0;0;0;1;1;-12,65146667;-55,78858167;SPRF-MT;DEL06-MT;UOP01-DEL06-MT
739164;15/12/2025;segunda-feira;22:20:00;MG;381;490;BETIM;Suicídio (presumido);Atropelamento de Pedestre;Com Vítimas Fatais;Plena Noite;Decrescente;Céu Claro;Múltipla;"Reta;Aclive";Sim;2;1;0;0;1;0;0;2;-19,95675959;-44,13963016;SPRF-MG;DEL01-MG;UOP03-DEL01-MG
739165;15/12/2025;segunda-feira;14:40:00;PA;163;915;SANTAREM;Problema na suspensão;Saída de leito carroçável;Sem Vítimas;Pleno dia;Decrescente;Céu Claro;Simples;"Aclive;Reta";Não;2;0;0;0;2;0;0;1;-2,50504239;-54,72676151;SPRF-PA;DEL05-PA;UOP01-DEL05-PA
739172;15/12/2025;segunda-feira;23:35:00;RS;392;99,4;MORRO REDONDO;Velocidade Incompatível;Tombamento;Com Vítimas Feridas;Plena Noite;Decrescente;Nublado;Simples;Rotatória;Sim;2;0;1;0;0;2;1;3;-31,538675;-52,572022;SPRF-RS;DEL07-RS;UOP01-DEL07-RS
739173;15/12/2025;segunda-feira;20:40:00;MA;230;5,6;BARAO DE GRAJAU;Ausência de reação do condutor;Colisão traseira;Com Vítimas Fatais;Plena Noite;Crescente;Nublado;Simples;Reta;Não;4;1;0;0;2;1;0;3;-6,74395;-43,0553;SPRF-PI;DEL03-PI;UOP01-DEL03-PI
739175;15/12/2025;segunda-feira;17:20:00;RO;364;304,1;PRESIDENTE MEDICI;Condutor deixou de manter distância do veículo da frente;Colisão traseira;Sem Vítimas;Pleno dia;Crescente;Céu Claro;Simples;Reta;Não;9;0;0;0;9;0;0;2;-11,206752;-61,901606;SPRF-RO;DEL02-RO;UOP01-DEL02-RO
739176;16/12/2025;terça-feira;00:06:00;BA;116;661;JEQUIE;Transitar na contramão;Colisão frontal;Com Vítimas Feridas;Plena Noite;Decrescente;Céu Claro;Simples;Curva;Não;3;0;1;0;1;1;1;3;-13,74998462;-40,09731109;SPRF-BA;DEL03-BA;UOP01-DEL03-BA
739177;16/12/2025;terça-feira;00:30:00;PE;407;69,1;PETROLINA;Condutor Dormindo;Saída de leito carroçável;Com Vítimas Feridas;Plena Noite;Decrescente;Céu Claro;Simples;Reta;Não;2;0;0;1;0;1;1;2;-8,9274527;-40,73816;SPRF-PE;DEL06-PE;UOP02-DEL06-PE
739178;16/12/2025;terça-feira;02:00:00;SC;101;158;PORTO BELO;Ausência de reação do condutor;Colisão traseira;Sem Vítimas;Plena Noite;Decrescente;Nublado;Dupla;"Reta;Interseção de Vias";Sim;2;0;0;0;2;0;0;2;-27,19096301;-48,61259017;SPRF-SC;DEL04-SC;UOP03-DEL04-SC
739186;16/12/2025;terça-feira;05:30:00;SP;116;512;CAJATI;Reação tardia ou ineficiente do condutor;Tombamento;Com Vítimas Feridas;Pleno dia;Decrescente;Céu Claro;Dupla;"Declive;Curva";Não;2;0;1;0;0;1;1;2;-24,84679368;-48,21434705;SPRF-SP;DEL05-SP;UOP02-DEL05-SP
739187;11/12/2025;quinta-feira;19:30:00;MS;60;456;SIDROLANDIA;Problema com o freio;Incêndio;Sem Vítimas;Plena Noite;Crescente;Nublado;Simples;Reta;Não;2;0;0;0;0;3;0;3;-20,98555;-54,98055;SPRF-MS;DEL01-MS;UOP04-DEL01-MS
739197;16/12/2025;terça-feira;04:10:00;MS;158;345;BRASILANDIA;Ausência de reação do condutor;Colisão lateral sentido oposto;Com Vítimas Feridas;Amanhecer;Crescente;Chuva;Simples;"Reta;Declive";Não;3;0;1;0;1;2;1;4;-21,25732602;-51,97711078;SPRF-MS;DEL07-MS;UOP01-DEL07-MS
739200;16/12/2025;terça-feira;06:45:00;MA;316;531,1;CAXIAS;Condutor Dormindo;Colisão frontal;Com Vítimas Fatais;Pleno dia;Crescente;Sol;Simples;Reta;Não;2;1;1;0;0;0;1;2;-4,86687759;-43,41393104;SPRF-MA;DEL03-MA;UOP02-DEL03-MA
739202;15/12/2025;segunda-feira;17:00:00;RO;364;111;CHUPINGUAIA;Condutor deixou de manter distância do veículo da frente;Colisão traseira;Com Vítimas Feridas;Anoitecer;Decrescente;Céu Claro;Simples;Reta;Não;4;0;0;1;2;3;1;5;-12,19498131;-60,70401728;SPRF-RO;DEL04-RO;UOP01-DEL04-RO
739212;12/09/2025;sexta-feira;01:30:00;RJ;116;266;BARRA MANSA;Fumaça;Colisão traseira;Com Vítimas Feridas;Plena Noite;Crescente;Céu Claro;Dupla;Reta;Não;2;0;0;1;1;0;1;2;-22,55926884;-44,13593642;SPRF-RJ;DEL07-RJ;UOP02-DEL07-RJ
739215;16/12/2025;terça-feira;08:15:00;RS;285;208,5;LAGOA VERMELHA;Desrespeitar a preferência no cruzamento;Colisão transversal;Com Vítimas Feridas;Pleno dia;Decrescente;Céu Claro;Simples;Interseção de Vias;Não;4;0;2;0;1;1;2;3;-28,22410058;-51,61078541;SPRF-RS;DEL08-RS;UOP05-DEL08-RS
739223;16/12/2025;terça-feira;08:00:00;PE;101;41;IGARASSU;Manobra de mudança de faixa;Colisão lateral mesmo sentido;Sem Vítimas;Pleno dia;Crescente;Céu Claro;Dupla;"Viaduto;Curva";Sim;2;0;0;0;2;0;0;2;-7,825085;-34,915384;SPRF-PE;DEL01-PE;UOP02-DEL01-PE
739225;18/11/2025;terça-feira;20:56:00;PR;487;163;ARARUNA;Ausência de reação do condutor;Colisão traseira;Com Vítimas Feridas;Plena Noite;Crescente;Ignorado;Simples;Reta;Não;2;0;1;0;1;0;1;2;-23,9772014;-52,544968;SPRF-PR;DEL09-PR;UOP03-DEL09-PR
739226;08/12/2025;segunda-feira;09:20:00;RS;470;268;SAO JOSE DO SUL;Acessar a via sem observar a presença dos outros veículos;Atropelamento de Pedestre;Com Vítimas Feridas;Pleno dia;Crescente;Céu Claro;Simples;"Curva;Declive";Não;3;0;0;1;2;0;1;3;-29,51961571;-51,48048369;SPRF-RS;DEL06-RS;UOP01-DEL06-RS
739229;04/12/2025;quinta-feira;23:31:00;PR;116;54,6;CAMPINA GRANDE DO SUL;Condutor deixou de manter distância do veículo da frente;Colisão traseira;Com Vítimas Feridas;Plena Noite;Crescente;Nublado;Dupla;"Reta;Aclive";Não;3;0;1;0;1;1;1;3;-25,2701;-48,919253;SPRF-PR;DEL01-PR;UOP02-DEL01-PR
739230;16/12/2025;terça-feira;07:45:00;RJ;116;189;NOVA IGUACU;Condutor deixou de manter distância do veículo da frente;Engavetamento;Sem Vítimas;Pleno dia;Decrescente;Céu Claro;Múltipla;Reta;Sim;4;0;0;0;3;1;0;4;-22,74149983;-43,45671594;SPRF-RJ;DEL06-RJ;UOP01-DEL06-RJ
739234;16/12/2025;terça-feira;06:45:00;RO;364;226,9;CACOAL;Condutor usando celular;Saída de leito carroçável;Com Vítimas Feridas;Pleno dia;Crescente;Nublado;Simples;"Declive;Reta";Não;2;0;1;0;0;1;1;2;-11,497163;-61,373487;SPRF-RO;DEL02-RO;UOP02-DEL02-RO
739237;16/12/2025;terça-feira;08:40:00;MS;262;444;DOIS IRMAOS DO BURITI;Reação tardia ou ineficiente do condutor;Colisão traseira;Com Vítimas Fatais;Pleno dia;Crescente;Chuva;Simples;"Interseção de Vias;Reta";Não;7;1;3;0;2;1;3;3;-20,52663204;-55,40039269;SPRF-MS;DEL03-MS;UOP01-DEL03-MS
739238;16/12/2025;terça-feira;09:30:00;RJ;116;173;SAO JOAO DE MERITI;Carga excessiva e/ou mal acondicionada;Derramamento de carga;Com Vítimas Feridas;Pleno dia;Crescente;Sol;Múltipla;Reta;Não;3;0;1;0;1;1;1;3;-22,7973699;-43,358404;SPRF-RJ;DEL06-RJ;UOP01-DEL06-RJ
739243;16/12/2025;terça-feira;10:20:00;BA;324;616;SALVADOR;Mal súbito do condutor;Colisão traseira;Com Vítimas Feridas;Pleno dia;Crescente;Céu Claro;Dupla;Reta;Não;2;0;1;0;1;0;1;2;-12,884705;-38,4362;SPRF-BA;DEL01-BA;UOP01-DEL01-BA
739244;16/12/2025;terça-feira;07:10:00;MG;116;665,2;SAO FRANCISCO DO GLORIA;Velocidade Incompatível;Tombamento;Com Vítimas Feridas;Pleno dia;Crescente;Céu Claro;Simples;Curva;Não;2;0;1;0;0;1;1;2;-20,834483;-42,322206;SPRF-MG;DEL07-MG;UOP02-DEL07-MG
739248;16/12/2025;terça-feira;10:20:00;MG;381;919,5;CAMANDUCAIA;Ingestão de álcool pelo condutor;Colisão lateral mesmo sentido;Com Vítimas Feridas;Pleno dia;Crescente;Nublado;Dupla;Declive;Sim;2;0;1;0;1;0;1;2;-22,75657465;-46,15265116;SPRF-MG;DEL16-MG;UOP03-DEL16-MG
739253;16/12/2025;terça-feira;11:00:00;DF;70;8;BRASILIA;Ausência de reação do condutor;Colisão lateral mesmo sentido;Com Vítimas Fatais;Pleno dia;Decrescente;Nublado;Dupla;Reta;Sim;3;1;0;0;2;0;0;3;-15,787868;-48,114618;SPRF-DF;DEL03-DF;UOP02-DEL03-DF
739255;16/12/2025;terça-feira;09:40:00;RS;392;79;PELOTAS;Reação tardia ou ineficiente do condutor;Colisão com objeto;Com Vítimas Feridas;Pleno dia;Decrescente;Céu Claro;Simples;Reta;Não;2;0;1;0;0;3;1;4;-31,668823;-52,460075;SPRF-RS;DEL07-RS;UOP01-DEL07-RS
739258;16/12/2025;terça-feira;10:30:00;BA;101;839;ITAMARAJU;Acessar a via sem observar a presença dos outros veículos;Colisão transversal;Com Vítimas Feridas;Pleno dia;Crescente;Céu Claro;Simples;Reta;Não;2;0;1;0;1;0;1;2;-17,11791269;-39,56725788;SPRF-BA;DEL09-BA;UOP02-DEL09-BA
739277;16/12/2025;terça-feira;09:00:00;PE;232;354;FLORES;Ultrapassagem Indevida;Colisão frontal;Com Vítimas Feridas;Pleno dia;Crescente;Céu Claro;Simples;Curva;Não;7;0;4;0;2;2;4;5;-8,053965;-37,830598;SPRF-PE;DEL04-PE;UOP02-DEL04-PE
739281;15/12/2025;segunda-feira;19:25:00;SC;282;386,7;JOACABA;Ausência de reação do condutor;Colisão com objeto;Com Vítimas Feridas;Plena Noite;Decrescente;Chuva;Simples;"Reta;Declive";Não;2;0;1;0;1;0;1;1;-27,18710946;-51,51853859;SPRF-SC;DEL07-SC;UOP05-DEL07-SC
739294;16/12/2025;terça-feira;13:58:00;GO;60;385;RIO VERDE;Reação tardia ou ineficiente do condutor;Colisão traseira;Com Vítimas Feridas;Pleno dia;Decrescente;Chuva;Dupla;"Aclive;Reta";Não;5;0;1;0;3;2;1;5;-17,81164839;-50,9282719;SPRF-GO;DEL04-GO;UOP02-DEL04-GO
739302;04/12/2025;quinta-feira;11:32:00;PR;163;30;SANTO ANTONIO DO SUDOESTE;Ultrapassagem Indevida;Colisão traseira;Com Vítimas Feridas;Pleno dia;Decrescente;Céu Claro;Simples;Reta;Não;6;0;1;0;1;4;1;6;-26,1016313;-53,7107379;SPRF-PR;DEL02-PR;UOP02-DEL02-PR
739307;16/12/2025;terça-feira;15:20:00;GO;40;25;LUZIANIA;Ausência de reação do condutor;Colisão transversal;Com Vítimas Feridas;Pleno dia;Crescente;Garoa/Chuvisco;Simples;"Curva;Desvio Temporário";Não;2;0;1;1;0;0;2;2;-16,25125383;-47,90168881;SPRF-DF;DEL01-DF;UOP01-DEL01-DF
739312;16/12/2025;terça-feira;16:10:00;SP;116;405,7;MIRACATU;Demais falhas mecânicas ou elétricas;Saída de leito carroçável;Com Vítimas Feridas;Pleno dia;Decrescente;Chuva;Dupla;Reta;Não;5;0;1;0;3;1;1;2;-24,3235788;-47,5488746;SPRF-SP;DEL04-SP;UOP02-DEL04-SP
739313;16/12/2025;terça-feira;16:15:00;MG;365;664;MONTE ALEGRE DE MINAS;Reação tardia ou ineficiente do condutor;Colisão traseira;Com Vítimas Feridas;Pleno dia;Crescente;Chuva;Dupla;Reta;Não;4;0;2;0;2;0;2;2;-18,89119;-48,6777;SPRF-MG;DEL15-MG;UOP01-DEL15-MG
739317;16/12/2025;terça-feira;16:50:00;SC;470;66,2;INDAIAL;Condutor deixou de manter distância do veículo da frente;Colisão traseira;Sem Vítimas;Pleno dia;Crescente;Nublado;Simples;"Em Obras;Reta";Sim;2;0;0;0;2;0;0;2;-26,87013;-49,22351;SPRF-SC;DEL04-SC;UOP01-DEL04-SC
739318;16/12/2025;terça-feira;15:35:00;MG;381;946;EXTREMA;Reação tardia ou ineficiente do condutor;Colisão traseira;Com Vítimas Feridas;Pleno dia;Decrescente;Céu Claro;Dupla;Curva;Sim;4;0;0;1;1;2;1;4;-22,86508;-46,34634;SPRF-MG;DEL16-MG;UOP03-DEL16-MG
739319;16/12/2025;terça-feira;16:30:00;PB;230;124,2;RIACHAO DO BACAMARTE;Ausência de reação do condutor;Colisão traseira;Com Vítimas Feridas;Pleno dia;Crescente;Sol;Simples;"Aclive;Reta";Não;2;0;1;0;0;1;1;2;-7,2546615;-35,6896575;SPRF-PB;DEL02-PB;UOP01-DEL02-PB
739321;16/12/2025;terça-feira;15:50:00;PE;428;188;PETROLINA;Condutor deixou de manter distância do veículo da frente;Colisão traseira;Com Vítimas Feridas;Pleno dia;Decrescente;Céu Claro;Dupla;Curva;Sim;3;0;2;0;1;0;2;2;-9,37439939;-40,48835278;SPRF-PE;DEL06-PE;UOP01-DEL06-PE
739322;25/11/2025;terça-feira;07:00:00;MG;116;101;MEDINA;Demais falhas mecânicas ou elétricas;Incêndio;Sem Vítimas;Pleno dia;Crescente;Nublado;Simples;"Curva;Declive";Não;2;0;0;0;1;1;0;2;-16,43926;-41,49919;SPRF-MG;DEL11-MG;UOP02-DEL11-MG
739325;16/12/2025;terça-feira;16:35:00;PR;272;562;GUAIRA;Desrespeitar a preferência no cruzamento;Colisão transversal;Com Vítimas Feridas;Pleno dia;Crescente;Céu Claro;Simples;"Reta;Interseção de Vias";Não;3;0;1;0;1;3;1;5;-24,0930248;-54,1968817;SPRF-PR;DEL06-PR;UOP01-DEL06-PR
739339;16/12/2025;terça-feira;16:00:00;RJ;393;242;VASSOURAS;Velocidade Incompatível;Saída de leito carroçável;Com Vítimas Feridas;Pleno dia;Crescente;Chuva;Simples;"Curva;Declive";Não;2;0;1;0;0;1;1;2;-22,43557917;-43,73150675;SPRF-RJ;DEL05-RJ;UOP04-DEL05-RJ
739345;16/12/2025;terça-feira;16:30:00;BA;242;337;LAJEDINHO;Reação tardia ou ineficiente do condutor;Tombamento;Sem Vítimas;Anoitecer;Crescente;Céu Claro;Simples;"Declive;Curva";Não;2;0;0;0;0;3;0;3;-12,4983772;-41,1995557;SPRF-BA;DEL06-BA;UOP02-DEL06-BA
739351;16/12/2025;terça-feira;18:50:00;RS;158;101;PALMEIRA DAS MISSOES;Ultrapassagem Indevida;Colisão frontal;Com Vítimas Feridas;Anoitecer;Crescente;Céu Claro;Simples;Reta;Não;5;0;3;0;1;2;3;5;-27,899553;-53,341563;SPRF-RS;DEL08-RS;UOP01-DEL08-RS
739353;16/12/2025;terça-feira;17:20:00;SC;101;381,7;ICARA;Manobra de mudança de faixa;Saída de leito carroçável;Com Vítimas Feridas;Pleno dia;Decrescente;Céu Claro;Dupla;Reta;Sim;2;0;1;0;0;1;1;2;-28,76726;-49,29933;SPRF-SC;DEL02-SC;UOP02-DEL02-SC
739358;09/12/2025;terça-feira;23:30:00;TO;153;462,7;BARROLANDIA;Transitar na contramão;Colisão frontal;Com Vítimas Fatais;Plena Noite;Crescente;Nublado;Simples;"Reta;Declive";Não;4;2;0;0;2;0;0;2;-9,93622;-48,738258;SPRF-TO;DEL01-TO;UOP01-DEL01-TO
739361;16/12/2025;terça-feira;19:10:00;MG;381;603,1;OLIVEIRA;Ausência de reação do condutor;Colisão traseira;Com Vítimas Feridas;Plena Noite;Crescente;Nublado;Dupla;Reta;Não;3;0;0;1;1;3;1;5;-20,62001776;-44,7345253;SPRF-MG;DEL04-MG;UOP01-DEL04-MG
739369;16/12/2025;terça-feira;19:50:00;MG;267;127,1;JUIZ DE FORA;Velocidade Incompatível;Colisão lateral sentido oposto;Sem Vítimas;Pleno dia;Decrescente;Chuva;Simples;Curva;Não;3;0;0;0;3;0;0;3;-21,713647;-43,521467;SPRF-MG;DEL05-MG;UOP01-DEL05-MG
739372;16/12/2025;terça-feira;21:00:00;SE;235;27,6;AREIA BRANCA;Reação tardia ou ineficiente do condutor;Colisão lateral sentido oposto;Com Vítimas Feridas;Plena Noite;Crescente;Ignorado;Simples;Curva;Não;7;0;1;3;2;2;4;7;-10,79781315;-37,27455139;SPRF-SE;DEL01-SE;UOP02-DEL01-SE
739373;16/12/2025;terça-feira;18:25:00;SC;101;463;PASSO DE TORRES;Manobra de mudança de faixa;Colisão lateral mesmo sentido;Com Vítimas Feridas;Pleno dia;Decrescente;Céu Claro;Dupla;Reta;Não;4;0;0;1;2;1;1;3;-29,28963143;-49,75819437;SPRF-RS;DEL03-RS;UOP02-DEL03-RS
739379;16/12/2025;terça-feira;20:20:00;RS;116;374,9;TAPES;Pedestre andava na pista;Atropelamento de Pedestre;Com Vítimas Fatais;Plena Noite;Decrescente;Céu Claro;Dupla;Reta;Não;5;2;0;0;1;2;0;3;-30,73829471;-51,62303925;SPRF-RS;DEL02-RS;UOP02-DEL02-RS
739399;17/12/2025;quarta-feira;01:40:00;RS;285;490,8;ENTRE-IJUIS;Condutor deixou de manter distância do veículo da frente;Colisão traseira;Sem Vítimas;Plena Noite;Decrescente;Céu Claro;Simples;Aclive;Não;3;0;0;0;3;0;0;3;-28,375348;-54,20985;SPRF-RS;DEL10-RS;UOP01-DEL10-RS
739400;17/12/2025;quarta-feira;02:57:00;CE;116;513;BREJO SANTO;Reação tardia ou ineficiente do condutor;Saída de leito carroçável;Com Vítimas Feridas;Plena Noite;Decrescente;Chuva;Simples;Reta;Não;3;0;0;1;1;1;1;3;-7,61793177;-39,0309906;SPRF-CE;DEL05-CE;UOP03-DEL05-CE
739408;17/12/2025;quarta-feira;03:47:00;PR;116;16,4;CAMPINA GRANDE DO SUL;Reação tardia ou ineficiente do condutor;Colisão traseira;Com Vítimas Feridas;Plena Noite;Crescente;Garoa/Chuvisco;Dupla;"Aclive;Reta";Não;3;0;1;0;1;1;1;3;-25,102538;-48,700212;SPRF-PR;DEL01-PR;UOP02-DEL01-PR
739409;17/12/2025;quarta-feira;02:35:00;MG;381;408,1;NOVA UNIAO;Velocidade Incompatível;Colisão traseira;Com Vítimas Feridas;Plena Noite;Decrescente;Chuva;Dupla;Reta;Não;5;0;0;3;1;1;3;3;-19,72628429;-43,58841704;SPRF-MG;DEL01-MG;UOP01-DEL01-MG
739411;17/12/2025;quarta-feira;03:35:00;CE;116;512,9;BREJO SANTO;Ausência de sinalização;Colisão com objeto;Com Vítimas Feridas;Plena Noite;Crescente;Chuva;Simples;Reta;Não;4;0;1;1;1;1;2;3;-7,58066811;-39,02206421;SPRF-CE;DEL05-CE;UOP03-DEL05-CE
739414;16/12/2025;terça-feira;20:00:00;PA;222;90,6;RONDON DO PARA;Ausência de reação do condutor;Colisão lateral mesmo sentido;Com Vítimas Fatais;Plena Noite;Crescente;Nublado;Simples;Reta;Não;3;1;0;0;1;1;0;3;-4,69877;-47,960745;SPRF-PA;DEL02-PA;UOP02-DEL02-PA
739415;16/12/2025;terça-feira;23:30:00;PR;376;652;TIJUCAS DO SUL;Ausência de reação do condutor;Colisão traseira;Com Vítimas Feridas;Plena Noite;Crescente;Garoa/Chuvisco;Dupla;Curva;Não;2;0;1;0;1;0;1;2;-25,84527102;-49,06154808;SPRF-PR;DEL01-PR;UOP04-DEL01-PR
739416;16/12/2025;terça-feira;15:37:00;PA;230;1123;ITAITUBA;Reação tardia ou ineficiente do condutor;Saída de leito carroçável;Com Vítimas Feridas;Pleno dia;Crescente;Céu Claro;Simples;Reta;Não;2;0;2;0;0;0;2;1;-4,3457;-55,9606;SPRF-PA;DEL05-PA;UOP02-DEL05-PA
739418;17/12/2025;quarta-feira;06:40:00;SC;282;34;AGUAS MORNAS;Ultrapassagem Indevida;Colisão frontal;Com Vítimas Feridas;Pleno dia;Crescente;Céu Claro;Simples;Curva;Não;3;0;1;1;1;0;2;3;-27,70462942;-48,82348761;SPRF-SC;DEL01-SC;UOP03-DEL01-SC
739419;17/12/2025;quarta-feira;02:00:00;MG;381;379;BARAO DE COCAIS;Ausência de reação do condutor;Tombamento;Com Vítimas Feridas;Plena Noite;Decrescente;Chuva;Simples;Declive;Não;2;0;1;0;0;1;1;2;-19,80514702;-43,40286255;SPRF-MG;DEL01-MG;UOP01-DEL01-MG
739421;16/12/2025;terça-feira;18:40:00;PA;230;1113;ITAITUBA;Transitar na contramão;Colisão lateral sentido oposto;Com Vítimas Feridas;Anoitecer;Decrescente;Céu Claro;Simples;Reta;Não;4;0;1;0;2;3;1;6;-4,3958;-55,9248;SPRF-PA;DEL05-PA;UOP02-DEL05-PA
739422;16/12/2025;terça-feira;22:10:00;MG;262;530,8;LUZ;Condutor Dormindo;Colisão com objeto;Com Vítimas Feridas;Plena Noite;Crescente;Nublado;Simples;"Declive;Curva";Não;2;0;0;1;0;2;1;3;-19,75685;-45,8171;SPRF-MG;DEL08-MG;UOP02-DEL08-MG
739427;17/12/2025;quarta-feira;04:20:00;RJ;101;102;CAMPOS DOS GOYTACAZES;Chuva;Tombamento;Com Vítimas Feridas;Amanhecer;Crescente;Chuva;Dupla;Reta;Não;2;0;1;0;1;0;1;1;-21,895893;-41,600587;SPRF-RJ;DEL08-RJ;UOP02-DEL08-RJ
739433;17/12/2025;quarta-feira;07:05:00;SC;101;41;JOINVILLE;Reação tardia ou ineficiente do condutor;Colisão traseira;Com Vítimas Feridas;Pleno dia;Decrescente;Céu Claro;Dupla;Reta;Não;2;0;0;1;1;0;1;2;-26,31759235;-48,87263171;SPRF-SC;DEL03-SC;UOP01-DEL03-SC
739434;17/12/2025;quarta-feira;06:20:00;MG;40;380;CURVELO;Demais falhas mecânicas ou elétricas;Saída de leito carroçável;Sem Vítimas;Pleno dia;Crescente;Céu Claro;Simples;Reta;Não;2;0;0;0;1;1;0;2;-18,880575;-44,717477;SPRF-MG;DEL02-MG;UOP01-DEL02-MG
739435;17/12/2025;quarta-feira;06:10:00;TO;153;501,5;PARAISO DO TOCANTINS;Transitar na contramão;Colisão frontal;Sem Vítimas;Amanhecer;Decrescente;Chuva;Simples;"Interseção de Vias;Declive;Reta";Sim;3;0;0;0;2;1;0;3;-10,211455;-48,874303;SPRF-TO;DEL01-TO;UOP01-DEL01-TO
739436;17/12/2025;quarta-feira;07:15:00;PR;376;309;MAUA DA SERRA;Ausência de reação do condutor;Colisão com objeto;Com Vítimas Feridas;Amanhecer;Decrescente;Céu Claro;Dupla;"Curva;Declive";Não;2;0;1;0;0;1;1;2;-23,978458;-51,09526;SPRF-PR;DEL07-PR;UOP02-DEL07-PR
739444;17/12/2025;quarta-feira;05:45:00;SC;282;483,1;FAXINAL DOS GUEDES;Transitar na contramão;Colisão frontal;Com Vítimas Fatais;Amanhecer;Decrescente;Céu Claro;Simples;Reta;Não;3;1;0;0;1;1;0;3;-26,864634;-52,213838;SPRF-SC;DEL07-SC;UOP01-DEL07-SC
739445;17/12/2025;quarta-feira;06:50:00;PR;369;115,2;URAI;Ausência de reação do condutor;Colisão traseira;Com Vítimas Feridas;Pleno dia;Decrescente;Céu Claro;Dupla;"Aclive;Curva";Não;2;0;1;0;1;0;1;2;-23,279;-50,858;SPRF-PR;DEL07-PR;UOP05-DEL07-PR
739447;17/12/2025;quarta-feira;05:00:00;BA;101;785;PORTO SEGURO;Transitar na contramão;Colisão frontal;Com Vítimas Fatais;Amanhecer;Crescente;Sol;Simples;Curva;Não;3;2;0;0;1;0;0;2;-16,854092;-39,490975;SPRF-BA;DEL09-BA;UOP01-DEL09-BA
739450;12/11/2025;quarta-feira;03:03:00;PA;163;175;ALTAMIRA;Condutor Dormindo;Tombamento;Sem Vítimas;Plena Noite;Crescente;Ignorado;Simples;Reta;Não;1;0;0;0;0;1;0;1;-8,16986;-55,12663;SPRF-PA;DEL05-PA;UOP03-DEL05-PA
739455;17/12/2025;quarta-feira;07:15:00;MG;40;674,5;CARANDAI;Acumulo de óleo sobre o pavimento;Colisão frontal;Com Vítimas Feridas;Pleno dia;Decrescente;Chuva;Simples;Reta;Não;4;0;1;0;2;2;1;4;-21,00814;-43,782;SPRF-MG;DEL05-MG;UOP02-DEL05-MG
739457;16/12/2025;terça-feira;09:30:00;MG;381;705;LAVRAS;Reação tardia ou ineficiente do condutor;Colisão com objeto;Com Vítimas Feridas;Pleno dia;Decrescente;Nublado;Dupla;Reta;Não;3;0;1;0;2;0;1;2;-21,323263;-45,166136;SPRF-MG;DEL04-MG;UOP02-DEL04-MG