id;data_inversa;dia_semana;horario;uf;br;km;municipio;causa_acidente;tipo_acidente;classificacao_acidente;fase_dia;sentido_via;condicao_metereologica;tipo_pista;tracado_via;uso_solo;pessoas;mortos;feridos_leves;feridos_graves;ilesos;ignorados;feridos;veiculos;latitude;longitude;regional;delegacia;uop
739458;17/12/2025;quarta-feira;05:37:00;BA;101;543;SAO JOSE DA VITORIA;Reação tardia ou ineficiente do condutor;Saída de leito carroçável;Com Vítimas Feridas;Pleno dia;Decrescente;Céu Claro;Simples;Reta;Não;1;0;1;0;0;0;1;1;-15,09483092;-39,35173988;SPRF-BA;DEL05-BA;UOP02-DEL05-BA
739463;17/12/2025;quarta-feira;08:00:00;TO;153;137;ARAGUAINA;Manobra de mudança de faixa;Colisão lateral mesmo sentido;Com Vítimas Feridas;Pleno dia;Crescente;Céu Claro;Dupla;Reta;Sim;4;0;1;0;1;2;1;4;-7,15739152;-48,20468098;SPRF-TO;DEL02-TO;UOP01-DEL02-TO
739471;06/12/2025;sábado;21:00:00;BA;20;150;SAO DESIDERIO;Ausência de reação do condutor;Colisão frontal;Com Vítimas Feridas;Plena Noite;Crescente;Céu Claro;Simples;Reta;Não;3;0;1;0;1;1;1;3;-12,659574;-45,923841;SPRF-BA;DEL10-BA;UOP01-DEL10-BA
739473;17/12/2025;quarta-feira;10:00:00;ES;101;263;SERRA;Reação tardia ou ineficiente do condutor;Colisão traseira;Com Vítimas Feridas;Pleno dia;Crescente;Céu Claro;Dupla;Reta;Sim;3;0;1;0;2;0;1;2;-20,17821939;-40,26548863;SPRF-ES;DEL02-ES;UOP01-DEL02-ES
739477;07/12/2025;domingo;00:10:00;AL;101;149,9;JEQUIA DA PRAIA;Demais falhas mecânicas ou elétricas;Incêndio;Sem Vítimas;Pleno dia;Decrescente;Céu Claro;Dupla;"Aclive;Curva";Não;1;0;0;0;1;0;0;1;-9,89043939;-36,13464958;SPRF-AL;DEL02-AL;UOP02-DEL02-AL
739479;17/12/2025;quarta-feira;10:00:00;SC;101;167;TIJUCAS;Reação tardia ou ineficiente do condutor;Colisão traseira;Com Vítimas Feridas;Pleno dia;Decrescente;Céu Claro;Dupla;Reta;Não;3;0;2;0;1;0;2;2;-27,28799229;-48,63046646;SPRF-SC;DEL04-SC;UOP03-DEL04-SC
739481;17/12/2025;quarta-feira;10:15:00;MG;40;513;RIBEIRAO DAS NEVES;Ausência de reação do condutor;Tombamento;Com Vítimas Feridas;Pleno dia;Crescente;Nublado;Dupla;"Curva;Declive";Não;2;0;0;1;1;0;1;2;-19,79698761;-44,10869918;SPRF-MG;DEL01-MG;UOP02-DEL01-MG
739483;17/12/2025;quarta-feira;08:10:00;MT;163;946;ITAUBA;Demais falhas mecânicas ou elétricas;Colisão traseira;Com Vítimas Feridas;Pleno dia;Crescente;Nublado;Simples;"Aclive;Reta";Não;3;0;1;0;1;1;1;3;-10,93119816;-55,20693796;SPRF-MT;DEL06-MT;UOP02-DEL06-MT
739485;17/12/2025;quarta-feira;09:20:00;MS;163;681;RIO VERDE DE MATO GROSSO;Acessar a via sem observar a presença dos outros veículos;Colisão traseira;Com Vítimas Feridas;Pleno dia;Crescente;Céu Claro;Simples;Reta;Não;3;0;1;0;1;3;1;5;-18,91119348;-54,83957145;SPRF-MS;DEL06-MS;UOP02-DEL06-MS
739496;17/12/2025;quarta-feira;10:45:00;RS;116;377,5;SENTINELA DO SUL;Condutor usando celular;Colisão traseira;Com Vítimas Feridas;Pleno dia;Decrescente;Céu Claro;Dupla;Reta;Não;3;0;0;1;1;1;1;3;-30,74354;-51,62887;SPRF-RS;DEL02-RS;UOP02-DEL02-RS
739497;17/12/2025;quarta-feira;10:40:00;MS;163;426;CAMPO GRANDE;Ultrapassagem Indevida;Colisão lateral sentido oposto;Sem Vítimas;Pleno dia;Crescente;Nublado;Dupla;Reta;Não;7;0;0;0;6;2;0;5;-20,930246;-54,498678;SPRF-MS;DEL01-MS;UOP01-DEL01-MS
739498;17/12/2025;quarta-feira;11:30:00;MG;262;116,3;RIO CASCA;Condutor deixou de manter distância do veículo da frente;Colisão traseira;Sem Vítimas;Pleno dia;Decrescente;Chuva;Simples;Rotatória;Sim;3;0;0;0;3;0;0;2;-20,23164817;-42,62381941;SPRF-MG;DEL03-MG;UOP03-DEL03-MG
739506;17/12/2025;quarta-feira;08:30:00;RS;116;530,1;CAPAO DO LEAO;Reação tardia ou ineficiente do condutor;Colisão transversal;Com Vítimas Feridas;Pleno dia;Decrescente;Céu Claro;Simples;Interseção de Vias;Não;4;0;2;0;1;1;2;3;-31,76012349;-52,43872583;SPRF-RS;DEL07-RS;UOP01-DEL07-RS
739513;17/12/2025;quarta-feira;11:30:00;AL;101;171,7;TEOTONIO VILELA;Velocidade Incompatível;Tombamento;Com Vítimas Feridas;Pleno dia;Crescente;Céu Claro;Dupla;Curva;Não;2;0;0;1;0;1;1;2;-9,908202;-36,33612;SPRF-AL;DEL02-AL;UOP02-DEL02-AL
739514;17/12/2025;quarta-feira;10:05:00;RJ;40;20;TRES RIOS;Velocidade Incompatível;Tombamento;Com Vítimas Feridas;Pleno dia;Decrescente;Garoa/Chuvisco;Dupla;Curva;Não;2;0;1;0;1;0;1;1;-22,10927715;-43,1638328;SPRF-RJ;DEL05-RJ;UOP02-DEL05-RJ
739519;17/12/2025;quarta-feira;09:15:00;SC;280;8,6;SAO FRANCISCO DO SUL;Condutor deixou de manter distância do veículo da frente;Colisão traseira;Com Vítimas Feridas;Pleno dia;Decrescente;Céu Claro;Simples;Reta;Não;2;0;1;0;1;0;1;2;-26,282623;-48,646516;SPRF-SC;DEL03-SC;UOP03-DEL03-SC
739520;17/12/2025;quarta-feira;10:00:00;RS;290;42;SANTO ANTONIO DA PATRULHA;Demais falhas mecânicas ou elétricas;Atropelamento de Pedestre;Com Vítimas Feridas;Pleno dia;Decrescente;Céu Claro;Dupla;Reta;Não;4;0;2;0;2;0;2;2;-29,88901578;-50,67839742;SPRF-RS;DEL03-RS;UOP01-DEL03-RS
739523;17/12/2025;quarta-feira;13:40:00;MG;40;588,4;ITABIRITO;Reação tardia ou ineficiente do condutor;Colisão lateral sentido oposto;Com Vítimas Feridas;Pleno dia;Crescente;Chuva;Simples;"Curva;Declive";Não;2;0;1;0;1;0;1;2;-20,35609441;-43,90947819;SPRF-MG;DEL01-MG;UOP02-DEL01-MG
739524;17/12/2025;quarta-feira;13:50:00;MG;40;526,9;CONTAGEM;Ausência de reação do condutor;Colisão transversal;Com Vítimas Feridas;Pleno dia;Decrescente;Chuva;Dupla;Reta;Sim;3;0;1;0;1;1;1;3;-19,89189189;-44,05171219;SPRF-MG;DEL01-MG;UOP02-DEL01-MG
739525;17/12/2025;quarta-feira;08:20:00;SC;470;109;APIUNA;Reação tardia ou ineficiente do condutor;Tombamento;Com Vítimas Feridas;Pleno dia;Crescente;Céu Claro;Simples;Curva;Não;3;0;2;0;0;1;2;2;-27,08364;-49,45437;SPRF-SC;DEL04-SC;UOP02-DEL04-SC
739526;17/12/2025;quarta-feira;14:20:00;RS;285;460,2;IJUI;Desrespeitar a preferência no cruzamento;Colisão transversal;Com Vítimas Feridas;Pleno dia;Crescente;Sol;Simples;"Em Obras;Reta;Interseção de Vias";Não;4;0;1;0;3;0;1;2;-28,41861714;-53,91643524;SPRF-RS;DEL10-RS;UOP01-DEL10-RS
739531;17/12/2025;quarta-feira;14:40:00;SP;116;74;APARECIDA;Reação tardia ou ineficiente do condutor;Colisão traseira;Sem Vítimas;Pleno dia;Decrescente;Nublado;Dupla;Reta;Sim;6;0;0;0;5;1;0;5;-22,87339748;-45,25093675;SPRF-SP;DEL08-SP;UOP01-DEL08-SP
739532;17/12/2025;quarta-feira;13:50:00;PR;277;118;CAMPO LARGO;Condutor deixou de manter distância do veículo da frente;Engavetamento;Com Vítimas Feridas;Pleno dia;Crescente;Céu Claro;Dupla;"Reta;Declive";Sim;3;0;1;0;1;1;1;3;-25,44329066;-49,46102707;SPRF-PR;DEL03-PR;UOP03-DEL03-PR
739538;17/12/2025;quarta-feira;09:30:00;AM;174;1030;PRESIDENTE FIGUEIREDO;Demais falhas na via;Tombamento;Sem Vítimas;Pleno dia;Decrescente;Céu Claro;Simples;Curva;Não;3;0;0;0;2;2;0;3;-1,736108;-60,15387;SPRF-AM;DEL01-AM;UOP02-DEL01-AM
739540;17/12/2025;quarta-feira;14:15:00;MG;381;431;SABARA;Ultrapassagem Indevida;Colisão lateral sentido oposto;Com Vítimas Feridas;Pleno dia;Crescente;Céu Claro;Simples;Reta;Não;3;0;0;1;1;2;1;4;-19,79884907;-43,74889897;SPRF-MG;DEL01-MG;UOP01-DEL01-MG
739542;17/12/2025;quarta-feira;15:10:00;DF;20;15,8;BRASILIA;Velocidade Incompatível;Colisão lateral mesmo sentido;Com Vítimas Feridas;Pleno dia;Decrescente;Céu Claro;Dupla;Reta;Sim;3;0;2;0;1;0;2;2;-15,625807;-47,725517;SPRF-DF;DEL02-DF;UOP01-DEL02-DF
739543;17/12/2025;quarta-feira;11:20:00;BA;116;763;POCOES;Ultrapassagem Indevida;Colisão lateral sentido oposto;Com Vítimas Feridas;Pleno dia;Crescente;Céu Claro;Simples;Reta;Não;2;0;0;1;1;0;1;2;-14,561677;-40,413976;SPRF-BA;DEL08-BA;UOP02-DEL08-BA
739544;17/12/2025;quarta-feira;14:00:00;RO;364;92;VILHENA;Reação tardia ou ineficiente do condutor;Colisão lateral sentido oposto;Com Vítimas Feridas;Pleno dia;Decrescente;Garoa/Chuvisco;Simples;"Reta;Declive;Em Obras";Não;6;0;1;0;4;3;1;6;-12,3218901;-60,63560486;SPRF-RO;DEL04-RO;UOP01-DEL04-RO
739549;17/12/2025;quarta-feira;16:10:00;PE;423;134;SALOA;Avarias e/ou desgaste excessivo no pneu;Colisão frontal;Com Vítimas Fatais;Pleno dia;Crescente;Céu Claro;Simples;Reta;Não;4;2;1;1;0;0;2;2;-8,961537;-36,78752;SPRF-PE;DEL03-PE;UOP01-DEL03-PE
739553;17/12/2025;quarta-feira;14:20:00;SC;101;352,3;JAGUARUNA;Manobra de mudança de faixa;Colisão lateral mesmo sentido;Sem Vítimas;Pleno dia;Decrescente;Céu Claro;Múltipla;"Declive;Reta;Viaduto";Não;3;0;0;0;2;2;0;4;-28,60068712;-49,05225992;SPRF-SC;DEL02-SC;UOP01-DEL02-SC
739561;17/12/2025;quarta-feira;15:40:00;MG;40;36;PARACATU;Condutor deixou de manter distância do veículo da frente;Colisão traseira;Com Vítimas Feridas;Pleno dia;Crescente;Nublado;Simples;"Reta;Retorno Regulamentado";Não;4;0;0;1;2;1;1;3;-17,19823538;-46,90865993;SPRF-MG;DEL14-MG;UOP01-DEL14-MG
739571;17/12/2025;quarta-feira;17:30:00;MG;40;603,5;CONGONHAS;Velocidade Incompatível;Colisão frontal;Com Vítimas Feridas;Pleno dia;Decrescente;Chuva;Simples;"Curva;Aclive";Não;14;0;8;1;4;2;9;11;-20,45223;-43,84092;SPRF-MG;DEL05-MG;UOP02-DEL05-MG
739572;17/12/2025;quarta-feira;14:00:00;MT;364;349;SANTO ANTONIO DO LEVERGER;Demais falhas mecânicas ou elétricas;Incêndio;Sem Vítimas;Pleno dia;Decrescente;Céu Claro;Dupla;"Reta;Declive";Não;2;0;0;0;1;2;0;3;-15,7937944;-55,57665825;SPRF-MT;DEL05-MT;UOP02-DEL05-MT
739573;17/12/2025;quarta-feira;17:15:00;PR;116;93;SAO JOSE DOS PINHAIS;Reação tardia ou ineficiente do condutor;Colisão traseira;Com Vítimas Feridas;Pleno dia;Crescente;Céu Claro;Simples;Reta;Sim;2;0;0;1;0;1;1;2;-25,51445256;-49,13053751;SPRF-PR;DEL01-PR;UOP07-DEL01-PR
739575;17/12/2025;quarta-feira;17:30:00;CE;222;167,6;IRAUCUBA;Demais falhas mecânicas ou elétricas;Incêndio;Sem Vítimas;Anoitecer;Crescente;Sol;Simples;Reta;Não;2;0;0;0;1;2;0;3;-3,748;-39,943;SPRF-CE;DEL04-CE;UOP03-DEL04-CE
739577;17/12/2025;quarta-feira;15:30:00;BA;235;61,7;JEREMOABO;Reação tardia ou ineficiente do condutor;Tombamento;Com Vítimas Feridas;Pleno dia;Crescente;Céu Claro;Simples;Declive;Não;2;0;0;1;0;2;1;3;-10,088756;-38,183668;SPRF-SE;DEL01-SE;UOP02-DEL01-SE
739578;17/12/2025;quarta-feira;17:00:00;RO;364;710;PORTO VELHO;Ausência de reação do condutor;Colisão traseira;Com Vítimas Fatais;Anoitecer;Decrescente;Nublado;Dupla;Reta;Sim;3;1;0;0;1;1;0;3;-8,783553;-63,861863;SPRF-RO;DEL01-RO;UOP01-DEL01-RO
739586;17/12/2025;quarta-feira;15:00:00;PR;158;348,6;PALMITAL;Velocidade Incompatível;Tombamento;Com Vítimas Feridas;Pleno dia;Crescente;Céu Claro;Simples;Curva;Não;2;0;2;0;0;0;2;1;-24,981268;-52,297854;SPRF-PR;DEL04-PR;UOP02-DEL04-PR
739588;17/12/2025;quarta-feira;19:40:00;PR;369;19,2;CAMBARA;Reação tardia ou ineficiente do condutor;Colisão traseira;Com Vítimas Feridas;Plena Noite;Decrescente;Céu Claro;Simples;"Interseção de Vias;Reta";Sim;4;0;2;0;2;0;2;4;-23,0368492;-50,07572651;SPRF-PR;DEL07-PR;UOP05-DEL07-PR
739602;17/12/2025;quarta-feira;15:10:00;MT;364;577;NOBRES;Demais falhas mecânicas ou elétricas;Incêndio;Sem Vítimas;Pleno dia;Decrescente;Céu Claro;Dupla;Reta;Não;3;0;0;0;2;1;0;2;-14,61834563;-56,25968599;SPRF-MT;DEL01-MT;UOP01-DEL01-MT
739604;17/12/2025;quarta-feira;19:25:00;PR;277;671;MEDIANEIRA;Mal súbito do condutor;Colisão lateral mesmo sentido;Com Vítimas Feridas;Plena Noite;Decrescente;Céu Claro;Dupla;Reta;Sim;3;0;1;0;1;1;1;3;-25,28230247;-54,08178578;SPRF-PR;DEL05-PR;UOP02-DEL05-PR
739610;17/12/2025;quarta-feira;20:39:00;TO;153;121;WANDERLANDIA;Manobra de mudança de faixa;Tombamento;Com Vítimas Feridas;Plena Noite;Decrescente;Nublado;Simples;Aclive;Não;2;0;1;0;0;2;1;3;-7,0529621;-48,1125772;SPRF-TO;DEL02-TO;UOP01-DEL02-TO
739611;17/12/2025;quarta-feira;18:10:00;GO;70;12;AGUAS LINDAS DE GOIAS;Entrada inopinada do pedestre;Atropelamento de Pedestre;Com Vítimas Feridas;Pleno dia;Crescente;Céu Claro;Dupla;"Declive;Reta";Sim;13;0;3;1;9;0;4;6;-15,74636117;-48,31978834;SPRF-DF;DEL03-DF;UOP02-DEL03-DF
739612;17/12/2025;quarta-feira;22:00:00;RS;392;35,6;RIO GRANDE;Pedestre andava na pista;Atropelamento de Pedestre;Com Vítimas Feridas;Pleno dia;Decrescente;Céu Claro;Dupla;Curva;Não;3;0;0;1;1;1;1;3;-31,999826;-52,288158;SPRF-RS;DEL07-RS;UOP02-DEL07-RS
739613;17/12/2025;quarta-feira;18:20:00;SC;470;127,3;LONTRAS;Transitar no Acostamento;Colisão transversal;Com Vítimas Feridas;Plena Noite;Crescente;Céu Claro;Simples;Reta;Não;3;0;1;0;1;1;1;3;-27,1381;-49,54478;SPRF-SC;DEL04-SC;UOP02-DEL04-SC
739616;17/12/2025;quarta-feira;22:20:00;PR;376;636,8;TIJUCAS DO SUL;Reação tardia ou ineficiente do condutor;Colisão traseira;Com Vítimas Feridas;Plena Noite;Decrescente;Nublado;Dupla;Reta;Não;3;0;1;0;1;2;1;4;-25,75363742;-49,12637321;SPRF-PR;DEL01-PR;UOP04-DEL01-PR
739617;17/12/2025;quarta-feira;22:00:00;RJ;116;172;SAO JOAO DE MERITI;Ausência de reação do condutor;Colisão traseira;Sem Vítimas;Plena Noite;Crescente;Céu Claro;Múltipla;Reta;Sim;2;0;0;0;2;0;0;2;-22,79479203;-43,36268155;SPRF-RJ;DEL06-RJ;UOP01-DEL06-RJ
739618;17/12/2025;quarta-feira;16:40:00;MT;70;612;POCONE;Reação tardia ou ineficiente do condutor;Colisão lateral mesmo sentido;Com Vítimas Feridas;Pleno dia;Crescente;Céu Claro;Simples;Reta;Não;3;0;1;0;2;0;1;2;-15,88159457;-56,87563479;SPRF-MT;DEL03-MT;UOP02-DEL03-MT
739621;17/12/2025;quarta-feira;23:00:00;ES;101;223;IBIRACU;Ausência de reação do condutor;Tombamento;Com Vítimas Feridas;Plena Noite;Decrescente;Céu Claro;Simples;"Curva;Declive";Não;2;0;1;0;0;1;1;2;-19,86378577;-40,3916198;SPRF-ES;DEL02-ES;UOP01-DEL02-ES
739628;18/12/2025;quinta-feira;00:00:00;SP;381;82,5;SAO PAULO;Reação tardia ou ineficiente do condutor;Colisão traseira;Com Vítimas Feridas;Plena Noite;Decrescente;Céu Claro;Múltipla;"Em Obras;Reta";Sim;3;0;0;1;1;1;1;3;-23,43398;-46,568542;SPRF-SP;DEL03-SP;UOP01-DEL03-SP
739629;17/12/2025;quarta-feira;22:25:00;MG;50;138;UBERABA;Condutor Dormindo;Colisão traseira;Com Vítimas Feridas;Plena Noite;Crescente;Nublado;Dupla;"Aclive;Reta";Não;3;0;0;1;1;1;1;3;-19,342203;-48,088569;SPRF-MG;DEL13-MG;UOP01-DEL13-MG
739632;17/12/2025;quarta-feira;22:15:00;MT;163;816;SINOP;Ausência de reação do condutor;Colisão lateral sentido oposto;Com Vítimas Feridas;Plena Noite;Crescente;Nublado;Simples;"Em Obras;Reta;Desvio Temporário";Não;3;0;1;0;1;5;1;7;-12,028;-55,517;SPRF-MT;DEL06-MT;UOP02-DEL06-MT
739634;17/12/2025;quarta-feira;21:00:00;SC;282;76;RANCHO QUEIMADO;Carga excessiva e/ou mal acondicionada;Incêndio;Sem Vítimas;Pleno dia;Crescente;Céu Claro;Simples;Reta;Não;2;0;0;0;1;1;0;2;-27,691201;-49,132752;SPRF-SC;DEL01-SC;UOP03-DEL01-SC
739636;17/12/2025;quarta-feira;18:20:00;BA;242;373;PALMEIRAS;Demais falhas na via;Tombamento;Com Vítimas Feridas;Plena Noite;Crescente;Céu Claro;Simples;Curva;Não;2;0;0;2;0;0;2;1;-12,43214389;-41,50811881;SPRF-BA;DEL06-BA;UOP01-DEL06-BA
739637;18/12/2025;quinta-feira;01:20:00;RN;101;105,4;PARNAMIRIM;Ausência de reação do condutor;Colisão traseira;Com Vítimas Feridas;Plena Noite;Crescente;Céu Claro;Dupla;Reta;Sim;3;0;1;0;1;1;1;3;-5,900633;-35,259195;SPRF-RN;DEL01-RN;UOP01-DEL01-RN
739640;18/12/2025;quinta-feira;01:20:00;RS;392;238;CACAPAVA DO SUL;Ausência de reação do condutor;Saída de leito carroçável;Com Vítimas Feridas;Plena Noite;Crescente;Céu Claro;Simples;Declive;Não;2;0;1;0;0;1;1;2;-30,617453;-53,35213;SPRF-RS;DEL09-RS;UOP02-DEL09-RS
739642;18/12/2025;quinta-feira;02:15:00;BA;324;534;CONCEICAO DO JACUIPE;Velocidade Incompatível;Capotamento;Sem Vítimas;Plena Noite;Decrescente;Céu Claro;Dupla;Reta;Não;4;0;0;0;3;1;0;4;-12,3566665;-38,82878113;SPRF-BA;DEL01-BA;UOP03-DEL01-BA
739643;18/12/2025;quinta-feira;03:30:00;GO;60;192,7;GUAPO;Reação tardia ou ineficiente do condutor;Colisão traseira;Com Vítimas Feridas;Plena Noite;Decrescente;Nublado;Dupla;Reta;Não;3;0;1;0;1;1;1;3;-16,851994;-49,571268;SPRF-GO;DEL01-GO;UOP02-DEL01-GO
739644;17/12/2025;quarta-feira;22:00:00;MT;163;624;NOVA MUTUM;Falta de acostamento;Saída de leito carroçável;Com Vítimas Feridas;Plena Noite;Crescente;Nublado;Simples;"Em Obras;Reta";Não;4;0;3;0;0;2;3;3;-13,573181;-56,029394;SPRF-MT;DEL01-MT;UOP01-DEL01-MT
739653;17/12/2025;quarta-feira;22:30:00;MT;70;659;CACERES;Reação tardia ou ineficiente do condutor;Colisão traseira;Com Vítimas Feridas;Plena Noite;Crescente;Céu Claro;Simples;Reta;Não;4;0;1;1;1;1;2;3;-16,03982313;-57,25561277;SPRF-MT;DEL03-MT;UOP02-DEL03-MT
739661;18/12/2025;quinta-feira;06:58:00;SP;153;54;SAO JOSE DO RIO PRETO;Condutor deixou de manter distância do veículo da frente;Colisão lateral mesmo sentido;Com Vítimas Feridas;Pleno dia;Decrescente;Nublado;Dupla;"Aclive;Reta";Não;4;0;3;0;0;1;3;3;-20,745891;-49,339306;SPRF-SP;DEL09-SP;UOP01-DEL09-SP
739662;17/12/2025;quarta-feira;14:00:00;MG;262;50;MANHUACU;Reação tardia ou ineficiente do condutor;Colisão traseira;Sem Vítimas;Pleno dia;Crescente;Chuva;Simples;Reta;Não;2;0;0;0;2;0;0;2;-20,24870284;-42,14283944;SPRF-MG;DEL06-MG;UOP03-DEL06-MG
739665;18/12/2025;quinta-feira;07:05:00;PR;376;165;MARINGA;Condutor deixou de manter distância do veículo da frente;Engavetamento;Com Vítimas Feridas;Pleno dia;Crescente;Sol;Dupla;Reta;Não;10;0;2;1;5;2;3;8;-23,383464;-52,030595;SPRF-PR;DEL09-PR;UOP01-DEL09-PR
739669;18/12/2025;quinta-feira;08:30:00;ES;262;25,9;VIANA;Demais falhas mecânicas ou elétricas;Incêndio;Sem Vítimas;Pleno dia;Crescente;Céu Claro;Simples;Reta;Não;1;0;0;0;1;0;0;1;-20,3800904;-40,54263067;SPRF-ES;DEL01-ES;UOP01-DEL01-ES
739670;18/12/2025;quinta-feira;05:30:00;MT;163;1112;GUARANTA DO NORTE;Acumulo de areia ou detritos sobre o pavimento;Eventos atípicos;Sem Vítimas;Pleno dia;Decrescente;Chuva;Simples;Curva;Não;4;0;0;0;3;5;0;8;-9,59544;-54,89886;SPRF-MT;DEL06-MT;UOP03-DEL06-MT
739671;18/12/2025;quinta-feira;08:00:00;CE;222;204;FORQUILHA;Curva acentuada;Colisão lateral mesmo sentido;Com Vítimas Fatais;Pleno dia;Crescente;Céu Claro;Simples;Curva;Não;4;2;0;1;0;1;1;3;-3,8134284;-40,27184486;SPRF-CE;DEL04-CE;UOP01-DEL04-CE
739672;18/12/2025;quinta-feira;08:10:00;SC;280;166,4;MAFRA;Acessar a via sem observar a presença dos outros veículos;Colisão transversal;Com Vítimas Feridas;Pleno dia;Decrescente;Sol;Simples;"Interseção de Vias;Retorno Regulamentado";Sim;3;0;0;1;1;1;1;3;-26,17624702;-49,81695771;SPRF-SC;DEL06-SC;UOP01-DEL06-SC
739673;18/12/2025;quinta-feira;08:30:00;BA;116;857;VITORIA DA CONQUISTA;Acessar a via sem observar a presença dos outros veículos;Colisão transversal;Com Vítimas Feridas;Pleno dia;Crescente;Céu Claro;Simples;Interseção de Vias;Não;5;0;2;1;1;1;3;3;-15,11574316;-41,02981207;SPRF-BA;DEL08-BA;UOP01-DEL08-BA
739680;18/12/2025;quinta-feira;09:18:00;SC;470;126;LONTRAS;Acessar a via sem observar a presença dos outros veículos;Colisão transversal;Com Vítimas Feridas;Pleno dia;Decrescente;Sol;Simples;Reta;Não;4;0;1;0;3;0;1;3;-27,1359449;-49,5432076;SPRF-SC;DEL04-SC;UOP02-DEL04-SC
739689;18/12/2025;quinta-feira;09:30:00;SC;101;89;BARRA VELHA;Ausência de reação do condutor;Colisão traseira;Com Vítimas Feridas;Pleno dia;Crescente;Sol;Múltipla;Reta;Sim;3;0;1;0;1;1;1;3;-26,664623;-48,689081;SPRF-SC;DEL03-SC;UOP02-DEL03-SC
739693;18/12/2025;quinta-feira;09:35:00;SC;101;24,7;JOINVILLE;Manobra de mudança de faixa;Colisão lateral mesmo sentido;Com Vítimas Feridas;Pleno dia;Crescente;Céu Claro;Dupla;"Aclive;Reta;Viaduto";Não;4;0;2;0;2;0;2;3;-26,1814203;-48,9094217;SPRF-SC;DEL03-SC;UOP01-DEL03-SC
739695;18/12/2025;quinta-feira;08:38:00;MT;163;988;TERRA NOVA DO NORTE;Ausência de reação do condutor;Tombamento;Com Vítimas Feridas;Pleno dia;Decrescente;Nublado;Simples;Reta;Não;2;0;1;0;0;1;1;2;-10,59757;-55,10011;SPRF-MT;DEL06-MT;UOP03-DEL06-MT
739697;18/12/2025;quinta-feira;08:20:00;PR;369;374,1;MAMBORE;Reação tardia ou ineficiente do condutor;Colisão traseira;Com Vítimas Feridas;Pleno dia;Crescente;Céu Claro;Simples;"Aclive;Reta";Não;2;0;1;0;1;0;1;2;-24,283528;-52,5491;SPRF-PR;DEL04-PR;UOP03-DEL04-PR
739698;18/12/2025;quinta-feira;09:30:00;ES;101;270;SERRA;Manobra de mudança de faixa;Colisão lateral mesmo sentido;Com Vítimas Feridas;Pleno dia;Decrescente;Sol;Múltipla;Reta;Sim;4;0;1;0;2;1;1;4;-20,04885;-40,3866983;SPRF-ES;DEL02-ES;UOP01-DEL02-ES
739700;18/12/2025;quinta-feira;05:30:00;GO;452;25;SANTA HELENA DE GOIAS;Condutor deixou de manter distância do veículo da frente;Colisão traseira;Com Vítimas Feridas;Amanhecer;Crescente;Chuva;Simples;"Reta;Aclive";Não;31;0;1;0;30;0;1;2;-17,915771;-50,610904;SPRF-GO;DEL04-GO;UOP01-DEL04-GO
739713;18/12/2025;quinta-feira;10:40:00;RJ;101;148;MACAE;Chuva;Colisão com objeto;Com Vítimas Feridas;Pleno dia;Crescente;Chuva;Simples;Curva;Não;4;0;1;0;2;1;1;3;-22,2322658;-41,7861977;SPRF-RJ;DEL08-RJ;UOP04-DEL08-RJ
739714;18/12/2025;quinta-feira;09:05:00;SC;101;29,5;JOINVILLE;Reação tardia ou ineficiente do condutor;Colisão traseira;Com Vítimas Feridas;Pleno dia;Crescente;Céu Claro;Dupla;Reta;Sim;4;0;1;0;2;3;1;6;-26,20992264;-48,91561747;SPRF-SC;DEL03-SC;UOP01-DEL03-SC
739717;18/12/2025;quinta-feira;10:50:00;RS;470;226,2;GARIBALDI;Desrespeitar a preferência no cruzamento;Colisão transversal;Com Vítimas Feridas;Pleno dia;Decrescente;Céu Claro;Simples;"Reta;Aclive;Interseção de Vias";Não;4;0;1;1;1;1;2;3;-29,2510817;-51,51374308;SPRF-RS;DEL06-RS;UOP01-DEL06-RS
739721;18/12/2025;quinta-feira;08:20:00;MA;316;548,4;CAXIAS;Transitar na contramão;Colisão transversal;Com Vítimas Fatais;Pleno dia;Crescente;Céu Claro;Simples;Aclive;Não;5;2;0;0;1;2;0;4;-4,881855;-43,384123;SPRF-MA;DEL03-MA;UOP02-DEL03-MA
739725;18/12/2025;quinta-feira;11:00:00;CE;116;468;MILAGRES;Demais falhas mecânicas ou elétricas;Saída de leito carroçável;Com Vítimas Feridas;Pleno dia;Crescente;Nublado;Simples;"Reta;Declive";Não;2;0;1;0;1;0;1;1;-7,256397;-38,842937;SPRF-CE;DEL05-CE;UOP03-DEL05-CE
739732;18/12/2025;quinta-feira;11:15:00;MG;116;410,8;GOVERNADOR VALADARES;Manobra de mudança de faixa;Colisão lateral mesmo sentido;Com Vítimas Feridas;Pleno dia;Decrescente;Nublado;Dupla;Reta;Sim;4;0;2;0;1;1;2;3;-18,8641937;-41,97389809;SPRF-MG;DEL06-MG;UOP01-DEL06-MG
739736;18/12/2025;quinta-feira;12:56:00;GO;40;96;CRISTALINA;Velocidade Incompatível;Tombamento;Com Vítimas Feridas;Pleno dia;Crescente;Nublado;Simples;"Viaduto;Curva";Não;2;0;1;0;0;1;1;2;-16,75358248;-47,60380179;SPRF-DF;DEL01-DF;UOP02-DEL01-DF