id;data_inversa;dia_semana;horario;uf;br;km;municipio;causa_acidente;tipo_acidente;classificacao_acidente;fase_dia;sentido_via;condicao_metereologica;tipo_pista;tracado_via;uso_solo;pessoas;mortos;feridos_leves;feridos_graves;ilesos;ignorados;feridos;veiculos;latitude;longitude;regional;delegacia;uop
739737;18/12/2025;quinta-feira;09:53:00;SC;101;393;CRICIUMA;Demais Fenômenos da natureza;Incêndio;Sem Vítimas;Pleno dia;Decrescente;Céu Claro;Dupla;Reta;Não;2;0;0;0;1;1;0;2;-28,81938047;-49,39712461;SPRF-SC;DEL02-SC;UOP02-DEL02-SC
739738;18/12/2025;quinta-feira;11:45:00;RJ;393;203;VASSOURAS;Demais falhas mecânicas ou elétricas;Colisão frontal;Com Vítimas Feridas;Pleno dia;Crescente;Céu Claro;Simples;Reta;Não;5;0;2;0;3;0;2;4;-22,24455406;-43,42421427;SPRF-RJ;DEL05-RJ;UOP03-DEL05-RJ
739747;18/12/2025;quinta-feira;14:00:00;MG;153;94;PRATA;Transitar na contramão;Colisão frontal;Com Vítimas Fatais;Pleno dia;Decrescente;Chuva;Simples;"Aclive;Reta";Não;12;1;3;2;5;1;5;5;-19,178755;-48,950133;SPRF-MG;DEL15-MG;UOP03-DEL15-MG
739750;18/12/2025;quinta-feira;07:50:00;CE;222;286;FRECHEIRINHA;Ultrapassagem Indevida;Colisão frontal;Com Vítimas Fatais;Pleno dia;Crescente;Céu Claro;Simples;Aclive;Não;4;1;0;0;2;1;0;4;-3,71215242;-40,8612442;SPRF-CE;DEL04-CE;UOP02-DEL04-CE
739752;18/12/2025;quinta-feira;14:00:00;PR;277;45,6;MORRETES;Ausência de reação do condutor;Colisão traseira;Com Vítimas Feridas;Pleno dia;Decrescente;Sol;Dupla;"Declive;Curva";Não;5;0;1;0;3;2;1;4;-25,59712067;-48,90220039;SPRF-PR;DEL01-PR;UOP05-DEL01-PR
739753;18/12/2025;quinta-feira;13:35:00;GO;364;204;JATAI;Ultrapassagem Indevida;Saída de leito carroçável;Com Vítimas Feridas;Pleno dia;Crescente;Garoa/Chuvisco;Simples;Aclive;Não;2;0;0;1;0;2;1;3;-17,90766168;-51,80021524;SPRF-GO;DEL05-GO;UOP01-DEL05-GO
739757;18/12/2025;quinta-feira;08:30:00;GO;60;41,1;ALEXANIA;Velocidade Incompatível;Colisão traseira;Sem Vítimas;Pleno dia;Decrescente;Céu Claro;Dupla;"Reta;Aclive";Não;3;0;0;0;3;0;0;2;-16,109814;-48,581042;SPRF-DF;DEL03-DF;UOP01-DEL03-DF
739767;18/12/2025;quinta-feira;11:00:00;MG;153;161;COMENDADOR GOMES;Pista Escorregadia;Saída de leito carroçável;Com Vítimas Feridas;Pleno dia;Decrescente;Chuva;Simples;"Reta;Aclive";Não;1;0;1;0;0;0;1;1;-19,64;-48,967;SPRF-MG;DEL13-MG;UOP02-DEL13-MG
739768;18/12/2025;quinta-feira;15:50:00;RS;116;247,7;SAO LEOPOLDO;Reação tardia ou ineficiente do condutor;Colisão lateral mesmo sentido;Com Vítimas Feridas;Pleno dia;Crescente;Céu Claro;Dupla;Curva;Sim;2;0;1;0;1;0;1;2;-29,76943878;-51,15347808;SPRF-RS;DEL01-RS;UOP02-DEL01-RS
739770;18/12/2025;quinta-feira;14:45:00;SP;153;154;PROMISSAO;Frear bruscamente;Saída de leito carroçável;Com Vítimas Feridas;Pleno dia;Crescente;Nublado;Simples;Reta;Não;2;0;1;0;0;1;1;2;-21,48423675;-49,78063585;SPRF-SP;DEL07-SP;UOP01-DEL07-SP
739772;18/12/2025;quinta-feira;15:06:00;PR;277;526,9;GUARANIACU;Acessar a via sem observar a presença dos outros veículos;Colisão transversal;Com Vítimas Feridas;Pleno dia;Crescente;Céu Claro;Simples;Curva;Não;4;0;0;1;2;1;1;3;-25,11016;-52,85196;SPRF-PR;DEL04-PR;UOP04-DEL04-PR
739778;18/12/2025;quinta-feira;16:10:00;RJ;101;402;ITAGUAI;Acumulo de água sobre o pavimento;Colisão com objeto;Com Vítimas Feridas;Pleno dia;Crescente;Chuva;Dupla;Reta;Sim;2;0;1;0;0;1;1;2;-22,850223;-43,781076;SPRF-RJ;DEL03-RJ;UOP01-DEL03-RJ
739779;18/12/2025;quinta-feira;15:57:00;MS;163;466;CAMPO GRANDE;Ausência de reação do condutor;Colisão traseira;Com Vítimas Feridas;Pleno dia;Crescente;Céu Claro;Simples;"Reta;Viaduto";Não;3;0;1;0;2;0;1;2;-20,58839426;-54,58178267;SPRF-MS;DEL01-MS;UOP01-DEL01-MS
739782;18/12/2025;quinta-feira;15:47:00;SC;101;387,4;CRICIUMA;Ausência de reação do condutor;Colisão traseira;Com Vítimas Feridas;Pleno dia;Crescente;Sol;Múltipla;Reta;Não;3;0;0;1;1;1;1;3;-28,79526755;-49,35470581;SPRF-SC;DEL02-SC;UOP02-DEL02-SC
739788;18/12/2025;quinta-feira;17:00:00;SC;101;129,5;CAMBORIU;Reação tardia ou ineficiente do condutor;Colisão traseira;Com Vítimas Feridas;Pleno dia;Crescente;Céu Claro;Simples;Reta;Sim;2;0;1;0;1;0;1;2;-26,98863017;-48,6649704;SPRF-SC;DEL04-SC;UOP03-DEL04-SC
739795;18/12/2025;quinta-feira;17:56:00;SP;116;217;GUARULHOS;Transitar no Acostamento;Colisão transversal;Com Vítimas Feridas;Anoitecer;Decrescente;Garoa/Chuvisco;Múltipla;Reta;Sim;5;0;1;0;3;1;1;4;-23,45576312;-46,47546625;SPRF-SP;DEL01-SP;UOP01-DEL01-SP
739798;18/12/2025;quinta-feira;17:20:00;PE;408;55;CARPINA;Acesso irregular;Colisão lateral sentido oposto;Com Vítimas Feridas;Anoitecer;Crescente;Céu Claro;Simples;Reta;Sim;2;0;0;1;1;0;1;2;-7,84132;-35,23902;SPRF-PE;DEL01-PE;UOP01-DEL01-PE
739799;18/12/2025;quinta-feira;18:46:00;PI;343;326,4;TERESINA;Ausência de reação do condutor;Colisão lateral mesmo sentido;Com Vítimas Feridas;Plena Noite;Decrescente;Céu Claro;Simples;Interseção de Vias;Não;2;0;1;0;0;1;1;2;-5,07145168;-42,62412071;SPRF-PI;DEL01-PI;UOP01-DEL01-PI
739800;10/12/2025;quarta-feira;19:20:00;MG;262;474;BOM DESPACHO;Ultrapassagem Indevida;Colisão traseira;Com Vítimas Fatais;Plena Noite;Crescente;Nublado;Simples;Aclive;Não;5;1;0;1;2;1;1;4;-19,78604759;-45,29368043;SPRF-MG;DEL08-MG;UOP03-DEL08-MG
739806;15/11/2025;sábado;05:45:00;BA;101;117;ALAGOINHAS;Ultrapassagem Indevida;Colisão frontal;Com Vítimas Fatais;Pleno dia;Decrescente;Sol;Simples;"Rotatória;Reta;Interseção de Vias;Aclive";Não;5;1;0;1;1;2;1;4;-12,165135;-38,476248;SPRF-BA;DEL01-BA;UOP04-DEL01-BA
739808;16/12/2025;terça-feira;19:20:00;ES;101;266;SERRA;Manobra de mudança de faixa;Colisão lateral mesmo sentido;Sem Vítimas;Pleno dia;Crescente;Céu Claro;Múltipla;"Interseção de Vias;Reta";Não;5;0;0;0;4;2;0;4;-20,19588751;-40,26885308;SPRF-ES;DEL02-ES;UOP01-DEL02-ES
739809;18/12/2025;quinta-feira;11:45:00;BA;101;90;ALAGOINHAS;Condutor deixou de manter distância do veículo da frente;Colisão traseira;Com Vítimas Feridas;Pleno dia;Decrescente;Céu Claro;Simples;"Reta;Aclive";Não;3;0;2;0;0;1;2;2;-12,02723252;-38,28598022;SPRF-BA;DEL01-BA;UOP04-DEL01-BA
739816;18/12/2025;quinta-feira;19:50:00;BA;242;826;BARREIRAS;Chuva;Saída de leito carroçável;Com Vítimas Feridas;Plena Noite;Crescente;Chuva;Simples;Curva;Não;3;0;3;0;0;0;3;1;-12,119462;-45,051502;SPRF-BA;DEL10-BA;UOP01-DEL10-BA
739823;17/12/2025;quarta-feira;06:00:00;TO;153;519;PUGMIL;Chuva;Colisão traseira;Com Vítimas Feridas;Pleno dia;Decrescente;Chuva;Simples;Reta;Não;2;0;1;0;0;1;1;2;-10,372542;-48,892183;SPRF-TO;DEL01-TO;UOP01-DEL01-TO
739824;18/12/2025;quinta-feira;15:15:00;PR;163;316,2;TERRA ROXA;Conversão proibida;Colisão transversal;Com Vítimas Feridas;Pleno dia;Decrescente;Céu Claro;Simples;Reta;Não;5;0;5;0;0;0;5;2;-24,33065191;-54,15391727;SPRF-PR;DEL06-PR;UOP02-DEL06-PR
739826;18/12/2025;quinta-feira;17:30:00;PI;316;76,7;MIGUEL LEAO;Reação tardia ou ineficiente do condutor;Saída de leito carroçável;Com Vítimas Feridas;Anoitecer;Decrescente;Céu Claro;Simples;Reta;Não;1;0;1;0;0;0;1;1;-5,71573561;-42,6038003;SPRF-PI;DEL01-PI;UOP02-DEL01-PI
739840;18/12/2025;quinta-feira;13:30:00;MA;135;80;SANTA RITA;Manobra de mudança de faixa;Colisão lateral sentido oposto;Com Vítimas Feridas;Pleno dia;Decrescente;Nublado;Simples;Reta;Não;4;0;3;0;0;1;3;4;-3,214266;-44,362195;SPRF-MA;DEL01-MA;UOP02-DEL01-MA
739845;18/12/2025;quinta-feira;21:35:00;SC;280;149;MAFRA;Acessar a via sem observar a presença dos outros veículos;Colisão transversal;Sem Vítimas;Plena Noite;Decrescente;Nublado;Simples;"Interseção de Vias;Reta";Não;4;0;0;0;4;0;0;2;-26,23864224;-49,68047619;SPRF-SC;DEL06-SC;UOP03-DEL06-SC
739847;18/12/2025;quinta-feira;21:30:00;PR;376;182,4;SARANDI;Reação tardia ou ineficiente do condutor;Saída de leito carroçável;Sem Vítimas;Plena Noite;Crescente;Céu Claro;Dupla;Reta;Sim;1;0;0;0;1;0;0;1;-23,434693;-51,882943;SPRF-PR;DEL09-PR;UOP01-DEL09-PR
739848;18/12/2025;quinta-feira;22:57:00;TO;153;425;MIRACEMA DO TOCANTINS;Transitar na contramão;Colisão frontal;Com Vítimas Feridas;Plena Noite;Crescente;Chuva;Simples;Reta;Não;3;0;0;1;2;0;1;2;-9,619422;-48,63173;SPRF-TO;DEL01-TO;UOP01-DEL01-TO
739849;18/12/2025;quinta-feira;16:29:00;MG;50;134;UBERABA;Ausência de reação do condutor;Saída de leito carroçável;Com Vítimas Feridas;Pleno dia;Crescente;Chuva;Dupla;Declive;Não;2;0;1;0;1;0;1;1;-19,4247;-48,0698;SPRF-MG;DEL13-MG;UOP01-DEL13-MG
739851;18/12/2025;quinta-feira;15:40:00;MT;174;210;FIGUEIROPOLIS DOESTE;Reação tardia ou ineficiente do condutor;Colisão lateral sentido oposto;Sem Vítimas;Anoitecer;Crescente;Nublado;Simples;Curva;Não;2;0;0;0;2;0;0;2;-15,645681;-58,750925;SPRF-MT;DEL04-MT;UOP01-DEL04-MT
739855;18/12/2025;quinta-feira;23:00:00;SC;116;248;LAGES;Faróis desregulados;Colisão lateral mesmo sentido;Sem Vítimas;Plena Noite;Crescente;Céu Claro;Simples;"Interseção de Vias;Reta";Sim;3;0;0;0;3;0;0;2;-27,8174858;-50,3726382;SPRF-SC;DEL05-SC;UOP02-DEL05-SC
739860;18/12/2025;quinta-feira;23:40:00;GO;153;405;PIRENOPOLIS;Demais falhas mecânicas ou elétricas;Incêndio;Sem Vítimas;Plena Noite;Decrescente;Ignorado;Simples;Curva;Não;2;0;0;0;1;3;0;4;-16,076842;-49,052678;SPRF-GO;DEL02-GO;UOP02-DEL02-GO
739861;19/12/2025;sexta-feira;00:40:00;SP;381;15;BRAGANCA PAULISTA;Ausência de reação do condutor;Colisão traseira;Sem Vítimas;Plena Noite;Crescente;Céu Claro;Dupla;"Reta;Aclive";Não;3;0;0;0;1;2;0;3;-22,95758818;-46,48001611;SPRF-SP;DEL03-SP;UOP02-DEL03-SP
739867;19/12/2025;sexta-feira;01:22:00;PE;407;129;PETROLINA;Ingestão de álcool pelo condutor;Tombamento;Sem Vítimas;Plena Noite;Crescente;Céu Claro;Dupla;Aclive;Sim;1;0;0;0;1;0;0;1;-9,39983117;-40,50496893;SPRF-PE;DEL06-PE;UOP01-DEL06-PE
739869;19/12/2025;sexta-feira;00:10:00;MS;163;276;DOURADOS;Ausência de reação do condutor;Tombamento;Sem Vítimas;Plena Noite;Decrescente;Céu Claro;Dupla;"Rotatória;Reta";Não;2;0;0;0;0;2;0;2;-22,15878556;-54,64609114;SPRF-MS;DEL04-MS;UOP01-DEL04-MS
739870;19/12/2025;sexta-feira;03:55:00;SC;101;157,3;PORTO BELO;Reação tardia ou ineficiente do condutor;Colisão traseira;Com Vítimas Feridas;Plena Noite;Decrescente;Nublado;Dupla;Reta;Não;2;0;0;1;1;0;1;2;-27,18511;-48,61228;SPRF-SC;DEL04-SC;UOP03-DEL04-SC
739871;19/12/2025;sexta-feira;02:50:00;MG;365;177,7;BURITIZEIRO;Transitar na contramão;Colisão frontal;Com Vítimas Fatais;Plena Noite;Crescente;Nublado;Simples;"Declive;Curva";Não;40;3;11;4;22;0;15;2;-17,40899;-45,05043;SPRF-MG;DEL10-MG;UOP02-DEL010-MG
739873;19/12/2025;sexta-feira;04:20:00;MG;381;388,6;BOM JESUS DO AMPARO;Condutor deixou de manter distância do veículo da frente;Colisão traseira;Com Vítimas Feridas;Plena Noite;Crescente;Nublado;Dupla;"Reta;Aclive";Não;4;0;1;1;1;1;2;3;-19,771215;-43,447878;SPRF-MG;DEL01-MG;UOP01-DEL01-MG
739876;19/12/2025;sexta-feira;02:40:00;GO;20;102;FLORES DE GOIAS;Condutor Dormindo;Tombamento;Sem Vítimas;Plena Noite;Crescente;Chuva;Simples;Reta;Não;2;0;0;0;1;1;0;2;-14,93132948;-46,9762516;SPRF-DF;DEL02-DF;UOP02-DEL02-DF
739877;19/12/2025;sexta-feira;01:30:00;RJ;116;320;ITATIAIA;Condutor Dormindo;Colisão com objeto;Com Vítimas Feridas;Plena Noite;Crescente;Chuva;Dupla;Reta;Não;2;0;1;0;0;1;1;2;-22,47841467;-44,52869162;SPRF-RJ;DEL07-RJ;UOP02-DEL07-RJ
739886;19/12/2025;sexta-feira;02:45:00;BA;242;229;ITABERABA;Ausência de reação do condutor;Tombamento;Sem Vítimas;Plena Noite;Decrescente;Céu Claro;Simples;Reta;Sim;2;0;0;0;1;3;0;4;-12,509667;-40,303772;SPRF-BA;DEL06-BA;UOP02-DEL06-BA
739888;19/12/2025;sexta-feira;05:50:00;SC;470;95,6;APIUNA;Transitar na contramão;Colisão frontal;Com Vítimas Fatais;Amanhecer;Decrescente;Céu Claro;Simples;Curva;Sim;6;3;2;0;1;0;2;4;-27,01955;-49,37097;SPRF-SC;DEL04-SC;UOP01-DEL04-SC
739894;18/12/2025;quinta-feira;22:50:00;MG;262;435;NOVA SERRANA;Velocidade Incompatível;Tombamento;Com Vítimas Feridas;Plena Noite;Decrescente;Chuva;Dupla;Curva;Não;1;0;1;0;0;0;1;1;-19,87474965;-44,95394898;SPRF-MG;DEL08-MG;UOP03-DEL08-MG
739895;19/12/2025;sexta-feira;03:30:00;MT;174;90,4;CACERES;Acessar a via sem observar a presença dos outros veículos;Colisão traseira;Com Vítimas Feridas;Plena Noite;Crescente;Céu Claro;Simples;Reta;Não;5;0;0;2;1;2;2;4;-15,90883841;-57,80799866;SPRF-MT;DEL03-MT;UOP01-DEL03-MT
739896;18/12/2025;quinta-feira;23:58:00;SC;470;126;RIO DO SUL;Acessar a via sem observar a presença dos outros veículos;Colisão transversal;Com Vítimas Feridas;Plena Noite;Decrescente;Ignorado;Simples;"Interseção de Vias;Declive;Reta";Não;2;0;1;0;1;0;1;2;-27,1722336;-49,5811245;SPRF-SC;DEL04-SC;UOP02-DEL04-SC
739897;19/12/2025;sexta-feira;07:10:00;RS;290;93,7;PORTO ALEGRE;Manobra de mudança de faixa;Colisão lateral mesmo sentido;Com Vítimas Feridas;Pleno dia;Decrescente;Céu Claro;Dupla;Reta;Sim;4;0;2;0;1;1;2;3;-29,9738663;-51,1927548;SPRF-RS;DEL01-RS;UOP01-DEL01-RS
739900;19/12/2025;sexta-feira;06:00:00;BA;101;231;SAPEACU;Acessar a via sem observar a presença dos outros veículos;Colisão transversal;Com Vítimas Feridas;Pleno dia;Crescente;Céu Claro;Simples;"Aclive;Curva";Sim;3;0;2;0;1;0;2;2;-12,736781;-39,184453;SPRF-BA;DEL01-BA;UOP02-DEL01-BA
739908;19/12/2025;sexta-feira;07:30:00;RJ;393;219;VASSOURAS;Acessar a via sem observar a presença dos outros veículos;Colisão transversal;Com Vítimas Feridas;Pleno dia;Crescente;Chuva;Simples;Reta;Não;3;0;0;1;1;1;1;3;-22,3510284;-43,57379436;SPRF-RJ;DEL05-RJ;UOP03-DEL05-RJ
739911;19/12/2025;sexta-feira;08:00:00;SP;116;143;SAO JOSE DOS CAMPOS;Carga excessiva e/ou mal acondicionada;Eventos atípicos;Com Vítimas Feridas;Pleno dia;Decrescente;Céu Claro;Dupla;Reta;Sim;1;0;1;0;0;0;1;1;-23,17627596;-45,83330147;SPRF-SP;DEL02-SP;UOP01-DEL02-SP
739921;19/12/2025;sexta-feira;09:20:00;ES;101;112;LINHARES;Carga excessiva e/ou mal acondicionada;Derramamento de carga;Com Vítimas Feridas;Pleno dia;Decrescente;Céu Claro;Simples;Reta;Não;2;0;1;0;1;0;1;2;-19,06624756;-40,03673047;SPRF-ES;DEL04-ES;UOP01-DEL04-ES
739922;19/12/2025;sexta-feira;08:08:00;PE;101;76;RECIFE;Condutor deixou de manter distância do veículo da frente;Colisão traseira;Sem Vítimas;Pleno dia;Crescente;Sol;Dupla;Reta;Sim;2;0;0;0;1;1;0;2;-8,122005;-34,943398;SPRF-PE;DEL01-PE;UOP01-DEL01-PE
739934;19/12/2025;sexta-feira;08:10:00;PE;101;112,5;IPOJUCA;Reação tardia ou ineficiente do condutor;Saída de leito carroçável;Com Vítimas Feridas;Pleno dia;Decrescente;Céu Claro;Dupla;"Declive;Curva";Não;2;0;0;1;0;1;1;2;-8,330528;-35,12302;SPRF-PE;DEL01-PE;UOP03-DEL01-PE
739935;20/11/2025;quinta-feira;14:00:00;PR;277;147;BALSA NOVA;Manobra de mudança de faixa;Colisão lateral mesmo sentido;Sem Vítimas;Pleno dia;Decrescente;Céu Claro;Simples;Curva;Não;2;0;0;0;2;0;0;2;-25,464958;-49,731473;SPRF-PR;DEL03-PR;UOP03-DEL03-PR
739938;19/12/2025;sexta-feira;10:20:00;MG;262;185;SAO DOMINGOS DO PRATA;Velocidade Incompatível;Colisão traseira;Com Vítimas Fatais;Pleno dia;Decrescente;Nublado;Simples;"Declive;Curva";Não;3;1;0;0;1;1;0;3;-19,90134;-43,03806;SPRF-MG;DEL03-MG;UOP01-DEL03-MG
739941;19/12/2025;sexta-feira;08:55:00;BA;116;919,5;ENCRUZILHADA;Transitar na contramão;Colisão frontal;Com Vítimas Fatais;Pleno dia;Crescente;Céu Claro;Simples;"Declive;Curva";Não;8;2;1;2;3;0;3;3;-15,58947428;-41,28076315;SPRF-BA;DEL08-BA;UOP03-DEL08-BA
739945;19/12/2025;sexta-feira;08:55:00;PE;101;127;PANELAS;Transitar na contramão;Colisão lateral sentido oposto;Com Vítimas Feridas;Pleno dia;Crescente;Sol;Simples;"Curva;Declive";Não;4;0;0;2;1;1;2;3;-8,75744;-36,025399;SPRF-PE;DEL01-PE;UOP03-DEL01-PE
739946;19/12/2025;sexta-feira;11:10:00;SP;116;140,8;SAO JOSE DOS CAMPOS;Ausência de reação do condutor;Colisão traseira;Com Vítimas Feridas;Pleno dia;Decrescente;Nublado;Dupla;Reta;Não;3;0;1;0;1;1;1;3;-23,1684409;-45,8171002;SPRF-SP;DEL02-SP;UOP01-DEL02-SP
739952;18/12/2025;quinta-feira;21:25:00;RJ;40;49,8;PETROPOLIS;Condutor Dormindo;Colisão com objeto;Com Vítimas Feridas;Plena Noite;Crescente;Chuva;Dupla;Curva;Não;1;0;1;0;0;0;1;1;-22,3161592;-43,1314068;SPRF-RJ;DEL05-RJ;UOP02-DEL05-RJ
739957;19/12/2025;sexta-feira;11:00:00;RJ;116;267,6;BARRA MANSA;Acumulo de água sobre o pavimento;Capotamento;Com Vítimas Fatais;Pleno dia;Decrescente;Chuva;Dupla;Curva;Não;4;1;0;3;0;0;3;1;-22,58565599;-44,10788751;SPRF-RJ;DEL07-RJ;UOP02-DEL07-RJ
739962;19/12/2025;sexta-feira;09:40:00;MG;153;131,2;PRATA;Condutor deixou de manter distância do veículo da frente;Colisão traseira;Com Vítimas Feridas;Pleno dia;Crescente;Nublado;Simples;Declive;Não;6;0;3;0;2;2;3;4;-19,41078536;-48,89521122;SPRF-MG;DEL15-MG;UOP03-DEL15-MG
739963;16/12/2025;terça-feira;07:00:00;GO;153;508;APARECIDA DE GOIANIA;Reação tardia ou ineficiente do condutor;Colisão lateral mesmo sentido;Com Vítimas Feridas;Pleno dia;Crescente;Nublado;Dupla;Declive;Não;3;0;1;0;1;2;1;4;-16,773048;-49,238056;SPRF-GO;DEL01-GO;UOP03-DEL01-GO
739966;19/12/2025;sexta-feira;06:35:00;RN;304;79,2;MOSSORO;Carga excessiva e/ou mal acondicionada;Derramamento de carga;Com Vítimas Feridas;Amanhecer;Crescente;Céu Claro;Simples;Reta;Não;4;0;1;0;2;2;1;4;-5,466778;-37,17449;SPRF-RN;DEL04-RN;UOP01-DEL04-RN
739967;19/12/2025;sexta-feira;12:03:00;AL;101;219,9;SAO SEBASTIAO;Ingestão de álcool pelo condutor;Colisão traseira;Com Vítimas Fatais;Pleno dia;Decrescente;Céu Claro;Dupla;"Reta;Aclive";Não;3;1;0;0;1;1;0;3;-10,01801802;-36,61227792;SPRF-AL;DEL02-AL;UOP02-DEL02-AL
739978;19/12/2025;sexta-feira;13:20:00;MG;40;531,1;CONTAGEM;Velocidade Incompatível;Colisão traseira;Sem Vítimas;Pleno dia;Crescente;Céu Claro;Dupla;"Curva;Retorno Regulamentado";Sim;2;0;0;0;1;1;0;2;-19,920226;-44,024843;SPRF-MG;DEL01-MG;UOP02-DEL01-MG
739980;19/12/2025;sexta-feira;10:30:00;RS;392;220,7;CACAPAVA DO SUL;Demais falhas mecânicas ou elétricas;Incêndio;Sem Vítimas;Pleno dia;Decrescente;Céu Claro;Simples;"Reta;Aclive";Não;2;0;0;0;1;3;0;4;-30,720493;-53,218346;SPRF-RS;DEL09-RS;UOP02-DEL09-RS
739982;19/12/2025;sexta-feira;08:00:00;MG;365;347;VARJAO DE MINAS;Transitar na contramão;Colisão frontal;Com Vítimas Fatais;Amanhecer;Crescente;Chuva;Simples;Curva;Não;2;1;1;0;0;0;1;2;-18,40137175;-46,05605757;SPRF-MG;DEL10-MG;UOP01-DEL10-MG
739984;19/12/2025;sexta-feira;14:20:00;ES;259;34;COLATINA;Ausência de reação do condutor;Colisão traseira;Com Vítimas Feridas;Pleno dia;Crescente;Nublado;Simples;Curva;Não;4;0;0;2;2;0;2;3;-19,56935363;-40,50385594;SPRF-ES;DEL02-ES;UOP01-DEL02-ES
739986;19/12/2025;sexta-feira;09:10:00;RJ;101;210,1;CASIMIRO DE ABREU;Condutor Dormindo;Colisão traseira;Com Vítimas Feridas;Pleno dia;Decrescente;Chuva;Dupla;Reta;Não;5;0;2;1;1;4;3;8;-22,481194;-42,237994;SPRF-RJ;DEL08-RJ;UOP04-DEL08-RJ
739997;19/12/2025;sexta-feira;12:30:00;MT;163;567;NOVA MUTUM;Acumulo de água sobre o pavimento;Saída de leito carroçável;Com Vítimas Feridas;Pleno dia;Crescente;Chuva;Dupla;Reta;Não;1;0;1;0;0;0;1;1;-14,11351158;-56,1180836;SPRF-MT;DEL01-MT;UOP01-DEL01-MT
740003;19/12/2025;sexta-feira;11:57:00;RO;435;35;VILHENA;Demais falhas mecânicas ou elétricas;Tombamento;Com Vítimas Feridas;Pleno dia;Crescente;Chuva;Simples;"Curva;Declive";Não;2;0;1;0;0;1;1;2;-12,85820134;-60,37724242;SPRF-RO;DEL04-RO;UOP02-DEL04-RO
740004;14/12/2025;domingo;10:30:00;MT;364;133;PEDRA PRETA;Demais falhas mecânicas ou elétricas;Saída de leito carroçável;Com Vítimas Feridas;Pleno dia;Decrescente;Céu Claro;Simples;Curva;Não;2;0;0;1;0;1;1;2;-16,80005616;-54,17149544;SPRF-MT;DEL02-MT;UOP01-DEL02-MT
740005;19/12/2025;sexta-feira;16:15:00;CE;20;317,9;CANINDE;Transitar no Acostamento;Atropelamento de Pedestre;Com Vítimas Fatais;Pleno dia;Decrescente;Céu Claro;Simples;"Ponte;Declive;Curva";Não;4;1;1;0;1;1;1;2;-4,3332912;-39,2869785;SPRF-CE;DEL02-CE;UOP01-DEL02-CE
740008;19/12/2025;sexta-feira;16:20:00;PE;101;84,6;JABOATAO DOS GUARARAPES;Condutor deixou de manter distância do veículo da frente;Colisão traseira;Sem Vítimas;Pleno dia;Decrescente;Sol;Dupla;"Ponte;Reta";Sim;3;0;0;0;1;2;0;3;-8,178703;-34,956407;SPRF-PE;DEL01-PE;UOP01-DEL01-PE
740014;19/12/2025;sexta-feira;13:30:00;MT;364;586;DIAMANTINO;Chuva;Saída de leito carroçável;Com Vítimas Feridas;Pleno dia;Crescente;Chuva;Dupla;Aclive;Não;4;0;1;0;3;0;1;1;-14,546552;-56,230014;SPRF-MT;DEL01-MT;UOP01-DEL01-MT
740019;19/12/2025;sexta-feira;16:40:00;MG;381;937;EXTREMA;Velocidade Incompatível;Tombamento;Com Vítimas Feridas;Pleno dia;Decrescente;Nublado;Dupla;"Declive;Curva;Interseção de Vias";Não;2;0;1;0;0;1;1;2;-22,81230614;-46,28442107;SPRF-MG;DEL16-MG;UOP03-DEL16-MG
740022;19/12/2025;sexta-feira;16:25:00;MG;40;630,8;CONSELHEIRO LAFAIETE;Transitar na contramão;Colisão lateral mesmo sentido;Com Vítimas Feridas;Pleno dia;Decrescente;Chuva;Simples;Reta;Sim;4;0;2;0;1;1;2;3;-20,669165;-43,80173;SPRF-MG;DEL05-MG;UOP02-DEL05-MG
740023;19/12/2025;sexta-feira;14:00:00;MT;70;572;POCONE;Demais falhas mecânicas ou elétricas;Saída de leito carroçável;Com Vítimas Feridas;Pleno dia;Decrescente;Chuva;Simples;"Reta;Aclive";Não;3;0;2;1;0;0;3;1;-15,751818;-56,569091;SPRF-MT;DEL03-MT;UOP02-DEL03-MT
740027;19/12/2025;sexta-feira;15:30:00;GO;153;659,9;GOIATUBA;Condutor Dormindo;Colisão lateral mesmo sentido;Com Vítimas Feridas;Pleno dia;Crescente;Céu Claro;Dupla;"Reta;Viaduto";Não;5;0;1;0;4;0;1;2;-18,04459;-49,267623;SPRF-GO;DEL03-GO;UOP01-DEL03-GO
740030;19/12/2025;sexta-feira;15:15:00;PE;101;3;ITAPISSUMA;Condutor Dormindo;Tombamento;Com Vítimas Feridas;Pleno dia;Crescente;Céu Claro;Dupla;"Declive;Reta";Não;2;0;1;0;0;3;1;4;-7,7324134;-34,9414447;SPRF-PE;DEL01-PE;UOP02-DEL01-PE
740034;19/12/2025;sexta-feira;11:50:00;PR;376;97,6;PARANAVAI;Transitar na contramão;Colisão frontal;Com Vítimas Fatais;Pleno dia;Crescente;Céu Claro;Simples;"Declive;Reta";Não;3;1;0;0;1;2;0;4;-23,0168575;-52,5076767;SPRF-PR;DEL09-PR;UOP02-DEL09-PR
740036;19/12/2025;sexta-feira;17:30:00;PR;277;456;LARANJEIRAS DO SUL;Transitar na contramão;Colisão frontal;Sem Vítimas;Pleno dia;Decrescente;Céu Claro;Simples;"Reta;Declive";Sim;3;0;0;0;2;1;0;3;-25,38222;-52,4039;SPRF-PR;DEL04-PR;UOP02-DEL04-PR
740040;19/12/2025;sexta-feira;15:30:00;TO;153;374,2;FORTALEZA DO TABOCAO;Manobra de mudança de faixa;Colisão lateral sentido oposto;Com Vítimas Feridas;Anoitecer;Crescente;Nublado;Simples;Reta;Não;6;0;3;0;2;1;3;3;-9,18919;-48,53867;SPRF-TO;DEL02-TO;UOP02-DEL02-TO