id;data_inversa;dia_semana;horario;uf;br;km;municipio;causa_acidente;tipo_acidente;classificacao_acidente;fase_dia;sentido_via;condicao_metereologica;tipo_pista;tracado_via;uso_solo;pessoas;mortos;feridos_leves;feridos_graves;ilesos;ignorados;feridos;veiculos;latitude;longitude;regional;delegacia;uop
740464;21/12/2025;domingo;03:30:00;MS;163;793;COXIM;Ausência de reação do condutor;Colisão traseira;Com Vítimas Fatais;Plena Noite;Crescente;Céu Claro;Simples;Reta;Não;13;1;5;2;4;2;7;4;-17,979832;-54,678427;SPRF-MS;DEL06-MS;UOP01-DEL06-MS
740479;21/12/2025;domingo;04:10:00;RO;364;346;JI-PARANA;Condutor deixou de manter distância do veículo da frente;Colisão traseira;Com Vítimas Feridas;Plena Noite;Crescente;Céu Claro;Dupla;Reta;Sim;3;0;0;1;1;1;1;3;-10,866583;-61,967603;SPRF-RO;DEL02-RO;UOP01-DEL02-RO
740490;21/12/2025;domingo;05:00:00;RS;101;45;TERRA DE AREIA;Ausência de reação do condutor;Colisão com objeto;Com Vítimas Feridas;Amanhecer;Crescente;Céu Claro;Dupla;Reta;Sim;2;0;1;0;0;1;1;2;-29,5714635;-50,0589817;SPRF-RS;DEL03-RS;UOP02-DEL03-RS
740499;21/12/2025;domingo;01:30:00;MG;381;567;ITAGUARA;Manobra de mudança de faixa;Colisão lateral mesmo sentido;Com Vítimas Feridas;Plena Noite;Decrescente;Nublado;Dupla;Curva;Não;7;0;2;0;4;1;2;3;-20,402478;-44,51234;SPRF-MG;DEL04-MG;UOP03-DEL04-MG
740516;21/12/2025;domingo;06:45:00;GO;153;161,9;CAMPINORTE;Ingestão de álcool pelo condutor;Colisão lateral sentido oposto;Com Vítimas Feridas;Pleno dia;Crescente;Nublado;Simples;Reta;Não;5;0;1;0;3;1;1;3;-14,1866269;-49,18850899;SPRF-GO;DEL07-GO;UOP02-DEL07-GO
740518;21/12/2025;domingo;06:00:00;MT;70;672;POCONE;Reação tardia ou ineficiente do condutor;Colisão lateral sentido oposto;Com Vítimas Feridas;Pleno dia;Decrescente;Chuva;Simples;Reta;Não;9;0;2;1;5;1;3;4;-15,9428076;-57,0795687;SPRF-MT;DEL03-MT;UOP02-DEL03-MT
740524;21/12/2025;domingo;09:20:00;PR;277;245,9;IRATI;Condutor deixou de manter distância do veículo da frente;Colisão traseira;Com Vítimas Feridas;Pleno dia;Decrescente;Céu Claro;Simples;"Declive;Reta";Sim;16;0;1;0;15;0;1;4;-25,45505496;-50,62156677;SPRF-PR;DEL08-PR;UOP02-DEL08-PR
740527;21/12/2025;domingo;09:35:00;MG;381;313;NOVA ERA;Transitar na contramão;Colisão frontal;Com Vítimas Fatais;Pleno dia;Decrescente;Sol;Simples;"Declive;Reta";Não;3;1;0;0;1;1;0;3;-19,674342;-42,974243;SPRF-MG;DEL03-MG;UOP02-DEL03-MG
740552;21/12/2025;domingo;09:30:00;MT;364;130;PEDRA PRETA;Ausência de reação do condutor;Engavetamento;Com Vítimas Feridas;Pleno dia;Crescente;Céu Claro;Simples;Reta;Não;7;0;2;0;4;1;2;5;-16,78316398;-54,16195339;SPRF-MT;DEL02-MT;UOP01-DEL02-MT
740555;21/12/2025;domingo;13:20:00;MG;381;438,2;SANTA LUZIA;Condutor Dormindo;Saída de leito carroçável;Com Vítimas Feridas;Pleno dia;Decrescente;Céu Claro;Simples;Curva;Não;8;0;1;1;4;2;2;5;-19,815655;-43,801552;SPRF-MG;DEL01-MG;UOP01-DEL01-MG
740557;21/12/2025;domingo;06:00:00;MG;40;143,6;JOAO PINHEIRO;Reação tardia ou ineficiente do condutor;Colisão com objeto;Com Vítimas Feridas;Pleno dia;Crescente;Céu Claro;Simples;"Curva;Retorno Regulamentado";Sim;3;0;1;0;1;2;1;4;-17,74837452;-46,17325036;SPRF-MG;DEL14-MG;UOP01-DEL14-MG
740558;21/12/2025;domingo;11:50:00;RO;364;247,6;CACOAL;Transitar na contramão;Colisão lateral sentido oposto;Com Vítimas Feridas;Pleno dia;Decrescente;Céu Claro;Simples;"Reta;Declive";Não;3;0;0;1;1;3;1;5;-11,438738;-61,53884;SPRF-RO;DEL02-RO;UOP02-DEL02-RO
740561;21/04/2025;segunda-feira;13:35:00;SC;282;424,4;VARGEM BONITA;Ausência de reação do condutor;Colisão frontal;Com Vítimas Feridas;Pleno dia;Crescente;Céu Claro;Dupla;"Declive;Curva";Não;3;0;0;1;2;0;1;3;-26,99225;-51,751907;SPRF-SC;DEL07-SC;UOP05-DEL07-SC
740565;21/12/2025;domingo;12:10:00;BA;410;35;TUCANO;Condutor Dormindo;Tombamento;Com Vítimas Feridas;Pleno dia;Decrescente;Sol;Simples;"Curva;Em Obras";Não;1;0;1;0;0;0;1;1;-10,988675;-38,797099;SPRF-BA;DEL07-BA;UOP02-DEL07-BA
740581;21/12/2025;domingo;13:45:00;BA;116;644;JAGUAQUARA;Transitar na contramão;Colisão frontal;Com Vítimas Feridas;Pleno dia;Crescente;Céu Claro;Simples;Curva;Não;10;0;5;0;4;1;5;4;-13,60924;-40,0907;SPRF-BA;DEL03-BA;UOP01-DEL03-BA
740586;21/12/2025;domingo;13:30:00;MA;135;17;SAO LUIS;Reação tardia ou ineficiente do condutor;Saída de leito carroçável;Sem Vítimas;Pleno dia;Crescente;Chuva;Dupla;"Declive;Curva";Sim;1;0;0;0;1;0;0;1;-2,71404255;-44,31888747;SPRF-MA;DEL01-MA;UOP01-DEL01-MA
740589;21/12/2025;domingo;15:50:00;RJ;116;131;MAGE;Reação tardia ou ineficiente do condutor;Colisão frontal;Com Vítimas Feridas;Pleno dia;Decrescente;Céu Claro;Simples;"Viaduto;Curva";Não;4;0;1;0;3;0;1;2;-22,65625271;-43,12780518;SPRF-RJ;DEL04-RJ;UOP02-DEL04-RJ
740592;21/12/2025;domingo;15:50:00;RS;116;312;GUAIBA;Demais falhas mecânicas ou elétricas;Incêndio;Sem Vítimas;Pleno dia;Crescente;Nublado;Dupla;Reta;Não;2;0;0;0;1;1;0;2;-30,18384755;-51,39651865;SPRF-RS;DEL02-RS;UOP01-DEL02-RS
740595;21/12/2025;domingo;14:00:00;MT;364;351;SANTO ANTONIO DO LEVERGER;Reação tardia ou ineficiente do condutor;Saída de leito carroçável;Com Vítimas Feridas;Pleno dia;Crescente;Céu Claro;Dupla;"Reta;Declive";Não;1;0;1;0;0;0;1;1;-15,797;-55,596;SPRF-MT;DEL05-MT;UOP02-DEL05-MT
740600;21/12/2025;domingo;16:36:00;PE;101;31;ITAPISSUMA;Ingestão de álcool pelo condutor;Colisão traseira;Com Vítimas Feridas;Pleno dia;Crescente;Céu Claro;Dupla;"Reta;Declive";Sim;3;0;1;0;1;1;1;3;-7,74838112;-34,93724998;SPRF-PE;DEL01-PE;UOP02-DEL01-PE
740608;21/12/2025;domingo;16:10:00;PB;230;458;SOUSA;Acessar a via sem observar a presença dos outros veículos;Colisão transversal;Com Vítimas Fatais;Pleno dia;Decrescente;Céu Claro;Simples;Reta;Sim;2;1;0;0;1;0;0;2;-6,77786;-38,221605;SPRF-PB;DEL03-PB;UOP03-DEL03-PB
740610;21/12/2025;domingo;16:19:00;MS;163;486;CAMPO GRANDE;Acessar a via sem observar a presença dos outros veículos;Colisão transversal;Com Vítimas Feridas;Pleno dia;Crescente;Céu Claro;Simples;"Declive;Curva";Não;6;0;0;4;1;2;4;4;-20,420674;-54,546392;SPRF-MS;DEL01-MS;UOP02-DEL01-MS
740617;21/12/2025;domingo;16:09:00;MG;381;702,2;LAVRAS;Suicídio (presumido);Atropelamento de Pedestre;Com Vítimas Fatais;Pleno dia;Decrescente;Céu Claro;Dupla;"Reta;Declive";Não;3;1;0;0;1;1;0;3;-21,301436;-45,152834;SPRF-MG;DEL04-MG;UOP02-DEL04-MG
740630;17/12/2025;quarta-feira;06:50:00;SC;282;404,9;JOACABA;Acessar a via sem observar a presença dos outros veículos;Colisão traseira;Com Vítimas Feridas;Pleno dia;Crescente;Sol;Simples;Reta;Não;2;0;1;0;1;0;1;2;-27,1042143;-51,6449428;SPRF-SC;DEL07-SC;UOP05-DEL07-SC
740634;21/12/2025;domingo;15:20:00;RJ;101;180;RIO DAS OSTRAS;Carga excessiva e/ou mal acondicionada;Tombamento;Com Vítimas Feridas;Pleno dia;Crescente;Céu Claro;Simples;Curva;Não;2;0;1;0;0;1;1;2;-22,423588;-42,005938;SPRF-RJ;DEL08-RJ;UOP04-DEL08-RJ
740642;21/12/2025;domingo;19:30:00;MG;40;285;TRES MARIAS;Ingestão de álcool pelo condutor;Colisão lateral mesmo sentido;Sem Vítimas;Plena Noite;Crescente;Céu Claro;Simples;Reta;Não;3;0;0;0;2;1;0;2;-18,24875273;-45,17359257;SPRF-MG;DEL14-MG;UOP02-DEL14-MG
740651;21/12/2025;domingo;13:00:00;MT;364;4;ALTO ARAGUAIA;Transitar na contramão;Colisão lateral sentido oposto;Com Vítimas Feridas;Pleno dia;Decrescente;Nublado;Simples;"Declive;Curva";Não;4;0;2;0;1;3;2;5;-17,30584138;-53,23085099;SPRF-MT;DEL02-MT;UOP02-DEL02-MT
740653;21/12/2025;domingo;18:45:00;PR;376;202,9;MANDAGUARI;Demais falhas mecânicas ou elétricas;Incêndio;Sem Vítimas;Pleno dia;Decrescente;Céu Claro;Dupla;Aclive;Não;2;0;0;0;1;2;0;3;-23,516026;-51,717622;SPRF-PR;DEL09-PR;UOP01-DEL09-PR
740655;21/12/2025;domingo;20:40:00;SC;470;86,8;RODEIO;Ausência de reação do condutor;Colisão lateral sentido oposto;Sem Vítimas;Pleno dia;Crescente;Céu Claro;Simples;"Curva;Ponte";Não;3;0;0;0;2;2;0;4;-26,94806229;-49,36584083;SPRF-SC;DEL04-SC;UOP01-DEL04-SC
740661;21/12/2025;domingo;20:59:00;TO;153;145;ARAGUAINA;Estacionar ou parar em local proibido;Colisão frontal;Com Vítimas Feridas;Plena Noite;Crescente;Céu Claro;Dupla;"Reta;Declive";Sim;2;0;0;1;1;0;1;2;-7,202652;-48,2398;SPRF-TO;DEL02-TO;UOP01-DEL02-TO
740673;21/12/2025;domingo;19:00:00;BA;101;234;SAPEACU;Ultrapassagem Indevida;Colisão lateral sentido oposto;Com Vítimas Fatais;Plena Noite;Crescente;Céu Claro;Simples;Reta;Não;2;1;0;0;0;1;0;2;-12,75231311;-39,18440676;SPRF-BA;DEL01-BA;UOP02-DEL01-BA
740676;21/12/2025;domingo;17:30:00;MA;230;402;BALSAS;Ausência de reação do condutor;Colisão com objeto;Com Vítimas Fatais;Pleno dia;Decrescente;Nublado;Simples;Reta;Sim;4;1;0;0;2;1;0;3;-7,512296;-46,033282;SPRF-MA;DEL05-MA;UOP01-DEL05-MA
740688;21/12/2025;domingo;20:45:00;BA;116;787,2;PLANALTO;Acessar a via sem observar a presença dos outros veículos;Colisão transversal;Com Vítimas Feridas;Plena Noite;Decrescente;Nublado;Simples;Reta;Não;4;0;2;0;1;1;2;2;-14,69239;-40,56757;SPRF-BA;DEL08-BA;UOP02-DEL08-BA
740690;21/12/2025;domingo;18:50:00;MT;163;782;SORRISO;Reação tardia ou ineficiente do condutor;Saída de leito carroçável;Com Vítimas Feridas;Plena Noite;Decrescente;Chuva;Simples;"Desvio Temporário;Reta;Em Obras";Não;3;0;1;0;1;3;1;4;-12,316276;-55,580518;SPRF-MT;DEL06-MT;UOP02-DEL06-MT
740693;21/12/2025;domingo;21:50:00;MG;50;190;UBERABA;Condutor Dormindo;Colisão traseira;Com Vítimas Feridas;Plena Noite;Decrescente;Céu Claro;Dupla;Reta;Não;3;0;0;1;1;1;1;3;-19,709952;-47,972352;SPRF-MG;DEL13-MG;UOP01-DEL13-MG
740702;21/12/2025;domingo;19:00:00;RS;392;122;CANGUCU;Ingestão de álcool pelo condutor;Tombamento;Com Vítimas Feridas;Amanhecer;Crescente;Chuva;Simples;Reta;Não;2;0;1;0;0;3;1;4;-31,38571695;-52,70793881;SPRF-RS;DEL07-RS;UOP01-DEL07-RS
740714;22/12/2025;segunda-feira;00:30:00;SC;470;90;ASCURRA;Ingestão de substâncias psicoativas pelo condutor;Saída de leito carroçável;Sem Vítimas;Plena Noite;Decrescente;Nublado;Simples;Reta;Sim;2;0;0;0;1;1;0;2;-26,9689235;-49,36785635;SPRF-SC;DEL04-SC;UOP01-DEL04-SC
740718;21/12/2025;domingo;23:15:00;SC;153;13,4;AGUA DOCE;Reação tardia ou ineficiente do condutor;Colisão transversal;Com Vítimas Fatais;Plena Noite;Decrescente;Nublado;Simples;"Interseção de Vias;Reta";Não;7;2;0;0;3;2;0;4;-26,69879;-51,574806;SPRF-SC;DEL07-SC;UOP07-DEL07-SC
740719;22/12/2025;segunda-feira;01:35:00;RS;386;347,1;LAJEADO;Transitar na contramão;Colisão frontal;Com Vítimas Fatais;Plena Noite;Decrescente;Nublado;Dupla;Reta;Não;4;1;0;2;1;0;2;3;-29,45225344;-51,96508956;SPRF-RS;DEL04-RS;UOP01-DEL04-RS
740723;22/12/2025;segunda-feira;01:38:00;PE;232;60,1;POMBOS;Reação tardia ou ineficiente do condutor;Colisão traseira;Com Vítimas Feridas;Plena Noite;Decrescente;Céu Claro;Dupla;Reta;Sim;6;0;1;0;1;4;1;2;-8,148091;-35,407802;SPRF-PE;DEL02-PE;UOP02-DEL02PE
740727;22/12/2025;segunda-feira;01:30:00;RO;364;69;VILHENA;Reação tardia ou ineficiente do condutor;Colisão traseira;Com Vítimas Feridas;Plena Noite;Decrescente;Nublado;Dupla;"Reta;Aclive";Não;3;0;1;0;1;4;1;6;-12,483083;-60,494583;SPRF-RO;DEL04-RO;UOP01-DEL04-RO
740731;22/12/2025;segunda-feira;04:20:00;ES;101;296;CARIACICA;Acesso irregular;Colisão frontal;Com Vítimas Fatais;Plena Noite;Crescente;Céu Claro;Múltipla;Reta;Sim;4;1;0;0;1;2;0;4;-20,34241663;-40,4053645;SPRF-ES;DEL01-ES;UOP01-DEL01-ES
740734;22/12/2025;segunda-feira;04:15:00;PE;423;34;SAO CAITANO;Reação tardia ou ineficiente do condutor;Colisão transversal;Com Vítimas Feridas;Amanhecer;Crescente;Céu Claro;Simples;Reta;Não;2;0;1;0;0;1;1;2;-8,437535;-36,203625;SPRF-PE;DEL03-PE;UOP02-DEL03-PE
740735;22/12/2025;segunda-feira;03:10:00;MT;364;384;SANTO ANTONIO DO LEVERGER;Chuva;Saída de leito carroçável;Sem Vítimas;Plena Noite;Crescente;Chuva;Dupla;Reta;Não;2;0;0;0;1;1;0;2;-15,70186497;-55,83314931;SPRF-MT;DEL01-MT;UOP02-DEL01-MT
740736;22/12/2025;segunda-feira;05:30:00;ES;101;385,9;RIO NOVO DO SUL;Velocidade Incompatível;Derramamento de carga;Com Vítimas Fatais;Amanhecer;Crescente;Nublado;Simples;Curva;Não;7;1;0;2;3;2;2;5;-20,841671;-40,872402;SPRF-ES;DEL03-ES;UOP01-DEL03-ES
740741;22/12/2025;segunda-feira;05:00:00;RS;386;306,5;POUSO NOVO;Demais falhas mecânicas ou elétricas;Saída de leito carroçável;Com Vítimas Feridas;Amanhecer;Crescente;Nevoeiro/Neblina;Simples;"Curva;Declive";Não;1;0;1;0;0;0;1;1;-29,201521;-52,183306;SPRF-RS;DEL04-RS;UOP01-DEL04-RS
740747;21/12/2025;domingo;20:50:00;RS;116;107,8;SAO MARCOS;Reação tardia ou ineficiente do condutor;Colisão lateral sentido oposto;Sem Vítimas;Plena Noite;Decrescente;Chuva;Simples;Reta;Não;3;0;0;0;1;2;0;3;-28,92421752;-51,09560665;SPRF-RS;DEL05-RS;UOP01-DEL05-RS
740750;15/11/2025;sábado;20:14:00;PA;163;399;ITAITUBA;Reação tardia ou ineficiente do condutor;Colisão traseira;Com Vítimas Feridas;Plena Noite;Crescente;Ignorado;Simples;Reta;Não;2;0;1;0;0;1;1;2;-6,30591;-55,5907;SPRF-PA;DEL05-PA;UOP03-DEL05-PA
740752;22/12/2025;segunda-feira;04:00:00;RO;364;254,9;CACOAL;Transitar na contramão;Colisão lateral sentido oposto;Com Vítimas Feridas;Plena Noite;Crescente;Céu Claro;Simples;"Declive;Reta";Não;2;0;1;0;1;0;1;2;-11,4359806;-61,6083944;SPRF-RO;DEL02-RO;UOP02-DEL02-RO
740766;22/12/2025;segunda-feira;06:00:00;BA;116;859;VITORIA DA CONQUISTA;Acessar a via sem observar a presença dos outros veículos;Colisão transversal;Com Vítimas Fatais;Pleno dia;Decrescente;Céu Claro;Simples;Reta;Sim;3;1;0;1;1;0;1;2;-15,12093975;-41,03295922;SPRF-BA;DEL08-BA;UOP01-DEL08-BA
740768;22/12/2025;segunda-feira;06:30:00;MT;163;31;ITIQUIRA;Desvio temporário;Tombamento;Com Vítimas Feridas;Pleno dia;Decrescente;Céu Claro;Dupla;Desvio Temporário;Não;2;0;1;0;0;1;1;2;-17,242637;-54,760973;SPRF-MT;DEL02-MT;UOP03-DEL02-MT
740774;22/12/2025;segunda-feira;08:27:00;PE;116;37;SALGUEIRO;Condutor deixou de manter distância do veículo da frente;Colisão traseira;Com Vítimas Feridas;Pleno dia;Crescente;Céu Claro;Simples;Aclive;Não;3;0;1;0;1;1;1;3;-8,170117;-39,105623;SPRF-PE;DEL05-PE;UOP01-DEL05-PE
740775;22/12/2025;segunda-feira;06:45:00;MS;262;618;MIRANDA;Reação tardia ou ineficiente do condutor;Tombamento;Com Vítimas Feridas;Amanhecer;Crescente;Garoa/Chuvisco;Simples;Reta;Não;2;0;1;0;0;1;1;2;-19,965946;-56,836625;SPRF-MS;DEL03-MS;UOP02-DEL03-MS
740780;22/12/2025;segunda-feira;07:00:00;MG;153;0;ARAPORA;Velocidade Incompatível;Tombamento;Com Vítimas Feridas;Pleno dia;Crescente;Céu Claro;Múltipla;"Retorno Regulamentado;Curva";Não;2;0;1;0;0;1;1;2;-18,42602096;-49,19444382;SPRF-MG;DEL15-MG;UOP03-DEL15-MG
740781;22/12/2025;segunda-feira;09:00:00;PE;101;66;RECIFE;Reação tardia ou ineficiente do condutor;Colisão traseira;Com Vítimas Feridas;Pleno dia;Crescente;Céu Claro;Dupla;Reta;Sim;4;0;1;0;2;1;1;3;-8,041529;-34,942901;SPRF-PE;DEL01-PE;UOP01-DEL01-PE
740782;22/12/2025;segunda-feira;09:00:00;RJ;40;104;DUQUE DE CAXIAS;Ausência de reação do condutor;Engavetamento;Com Vítimas Feridas;Pleno dia;Crescente;Céu Claro;Dupla;Reta;Sim;7;0;3;0;3;1;3;6;-22,6361672;-43,2848346;SPRF-RJ;DEL01-RJ;UOP02-DEL01-RJ
740789;22/12/2025;segunda-feira;08:20:00;MG;381;3,4;BETIM;Manobra de mudança de faixa;Colisão lateral mesmo sentido;Com Vítimas Fatais;Pleno dia;Decrescente;Céu Claro;Dupla;Curva;Não;3;1;1;0;1;0;1;3;-19,98616;-44,17023;SPRF-MG;DEL01-MG;UOP03-DEL01-MG
740795;22/12/2025;segunda-feira;09:30:00;PA;316;88;SAO FRANCISCO DO PARA;Manobra de mudança de faixa;Colisão lateral mesmo sentido;Com Vítimas Feridas;Pleno dia;Crescente;Sol;Simples;Reta;Não;5;0;2;0;2;1;2;3;-1,316455;-47,708715;SPRF-PA;DEL01-PA;UOP02-DEL01-PA
740801;22/12/2025;segunda-feira;08:20:00;AC;364;126;RIO BRANCO;Desrespeitar a preferência no cruzamento;Tombamento;Com Vítimas Feridas;Pleno dia;Crescente;Chuva;Simples;Retorno Regulamentado;Sim;2;0;1;0;1;0;1;2;-10,01292675;-67,80867431;SPRF-AC;DEL01-AC;UOP01-DEL01-AC
740806;22/12/2025;segunda-feira;11:20:00;RS;386;136,9;SARANDI;Velocidade Incompatível;Colisão traseira;Com Vítimas Feridas;Pleno dia;Decrescente;Nublado;Simples;Reta;Sim;4;0;2;0;2;0;2;3;-27,97408833;-52,90521026;SPRF-RS;DEL08-RS;UOP01-DEL08-RS
740811;22/12/2025;segunda-feira;11:30:00;ES;101;205;IBIRACU;Reação tardia ou ineficiente do condutor;Colisão frontal;Com Vítimas Feridas;Pleno dia;Crescente;Chuva;Simples;Curva;Não;6;0;1;0;4;1;1;3;-19,77308452;-40,37149429;SPRF-ES;DEL02-ES;UOP01-DEL02-ES
740817;22/12/2025;segunda-feira;10:55:00;RS;470;64,5;LAGOA VERMELHA;Pedestre andava na pista;Atropelamento de Pedestre;Com Vítimas Fatais;Pleno dia;Crescente;Nublado;Simples;Reta;Não;3;1;0;0;1;1;0;3;-28,12366342;-51,50517655;SPRF-RS;DEL08-RS;UOP05-DEL08-RS
740824;22/12/2025;segunda-feira;12:30:00;RS;116;304;ELDORADO DO SUL;Acessar a via sem observar a presença dos outros veículos;Colisão transversal;Com Vítimas Feridas;Pleno dia;Crescente;Céu Claro;Simples;Reta;Não;2;0;1;0;1;0;1;2;-30,03660092;-51,32757571;SPRF-RS;DEL02-RS;UOP01-DEL02-RS
740832;22/12/2025;segunda-feira;12:43:00;PI;343;590;FLORIANO;Ausência de reação do condutor;Colisão traseira;Sem Vítimas;Pleno dia;Crescente;Chuva;Dupla;Reta;Não;2;0;0;0;2;0;0;2;-6,782288;-43,021017;SPRF-PI;DEL03-PI;UOP01-DEL03-PI
740838;22/12/2025;segunda-feira;13:50:00;ES;101;288,5;CARIACICA;Velocidade Incompatível;Colisão com objeto;Com Vítimas Feridas;Pleno dia;Decrescente;Céu Claro;Dupla;Curva;Sim;5;0;0;3;1;1;3;3;-20,27532121;-40,39228678;SPRF-ES;DEL01-ES;UOP01-DEL01-ES
740839;22/12/2025;segunda-feira;10:20:00;MG;365;661;MONTE ALEGRE DE MINAS;Ausência de reação do condutor;Tombamento;Com Vítimas Feridas;Pleno dia;Crescente;Céu Claro;Dupla;Reta;Não;1;0;1;0;0;0;1;1;-18,88605883;-48,72811764;SPRF-MG;DEL15-MG;UOP01-DEL15-MG
740840;22/12/2025;segunda-feira;05:25:00;RO;435;36;VILHENA;Velocidade Incompatível;Saída de leito carroçável;Com Vítimas Fatais;Amanhecer;Crescente;Céu Claro;Simples;"Declive;Curva";Não;4;1;0;0;1;4;0;5;-12,85848419;-60,37698042;SPRF-RO;DEL04-RO;UOP02-DEL04-RO
740848;22/12/2025;segunda-feira;13:30:00;BA;324;522;FEIRA DE SANTANA;Condutor deixou de manter distância do veículo da frente;Colisão traseira;Com Vítimas Feridas;Pleno dia;Decrescente;Céu Claro;Dupla;Reta;Sim;3;0;1;0;2;0;1;2;-12,2971671;-38,90244345;SPRF-BA;DEL01-BA;UOP03-DEL01-BA
740849;22/12/2025;segunda-feira;15:20:00;RS;158;565;SANTANA DO LIVRAMENTO;Acesso irregular;Colisão transversal;Com Vítimas Feridas;Pleno dia;Crescente;Céu Claro;Simples;Interseção de Vias;Não;2;0;1;0;1;0;1;2;-30,87602135;-55,51362634;SPRF-RS;DEL11-RS;UOP01-DEL11-RS
740856;22/12/2025;segunda-feira;14:20:00;SP;381;57;MAIRIPORA;Velocidade Incompatível;Engavetamento;Sem Vítimas;Pleno dia;Decrescente;Sol;Dupla;"Reta;Declive";Não;3;0;0;0;3;0;0;3;-23,27240074;-46,58472955;SPRF-SP;DEL03-SP;UOP01-DEL03-SP
740861;22/12/2025;segunda-feira;15:35:00;RS;285;533,6;CAIBATE;Transitar na contramão;Colisão frontal;Com Vítimas Fatais;Pleno dia;Crescente;Chuva;Simples;"Curva;Declive";Não;5;2;0;1;1;1;1;3;-28,40982247;-54,59690094;SPRF-RS;DEL10-RS;UOP01-DEL10-RS
740863;22/12/2025;segunda-feira;15:25:00;PR;376;227;APUCARANA;Acumulo de água sobre o pavimento;Saída de leito carroçável;Com Vítimas Feridas;Pleno dia;Crescente;Chuva;Dupla;Reta;Não;2;0;2;0;0;0;2;1;-23,56825233;-51,54640591;SPRF-PR;DEL07-PR;UOP03-DEL07-PR
740865;22/12/2025;segunda-feira;16:00:00;BA;324;604;SIMOES FILHO;Reação tardia ou ineficiente do condutor;Colisão lateral mesmo sentido;Com Vítimas Feridas;Pleno dia;Decrescente;Sol;Múltipla;"Declive;Reta";Sim;4;0;2;0;1;1;2;3;-12,79267655;-38,40483427;SPRF-BA;DEL01-BA;UOP01-DEL01-BA
740867;22/12/2025;segunda-feira;15:00:00;SP;116;121;CACAPAVA;Reação tardia ou ineficiente do condutor;Colisão traseira;Com Vítimas Feridas;Pleno dia;Decrescente;Céu Claro;Dupla;Reta;Sim;2;0;1;0;1;0;1;2;-23,07210813;-45,64403325;SPRF-SP;DEL02-SP;UOP02-DEL02-SP
740869;19/12/2025;sexta-feira;06:52:00;GO;153;686;ITUMBIARA;Carga excessiva e/ou mal acondicionada;Colisão com objeto;Sem Vítimas;Pleno dia;Decrescente;Chuva;Múltipla;Reta;Não;2;0;0;0;1;1;0;2;-18,26838735;-49,24581796;SPRF-GO;DEL03-GO;UOP02-DEL03-GO
740873;22/12/2025;segunda-feira;13:00:00;MG;381;508;BETIM;Ausência de reação do condutor;Colisão traseira;Com Vítimas Feridas;Pleno dia;Decrescente;Céu Claro;Dupla;Reta;Não;3;0;1;0;1;1;1;3;-19,9965449;-44,2090399;SPRF-MG;DEL01-MG;UOP03-DEL01-MG
740876;22/12/2025;segunda-feira;16:00:00;RJ;116;130;MAGE;Demais falhas mecânicas ou elétricas;Incêndio;Sem Vítimas;Pleno dia;Decrescente;Céu Claro;Dupla;Curva;Sim;1;0;0;0;1;0;0;1;-22,66388585;-43,11457031;SPRF-RJ;DEL04-RJ;UOP02-DEL04-RJ
740896;22/12/2025;segunda-feira;12:50:00;SC;116;156,6;SANTA CECILIA;Reação tardia ou ineficiente do condutor;Colisão lateral mesmo sentido;Com Vítimas Feridas;Pleno dia;Decrescente;Céu Claro;Dupla;"Declive;Curva";Não;4;0;1;0;1;5;1;7;-27,0828;-50,43752;SPRF-SC;DEL06-SC;UOP02-DEL06-SC
740898;22/12/2025;segunda-feira;18:10:00;PA;230;118;MARABA;Manobra de mudança de faixa;Colisão lateral mesmo sentido;Sem Vítimas;Anoitecer;Decrescente;Céu Claro;Dupla;"Declive;Curva";Sim;3;0;0;0;2;1;0;3;-5,35056242;-49,10111904;SPRF-PA;DEL03-PA;UOP01-DEL03-PA
740903;22/12/2025;segunda-feira;17:30:00;RS;116;442,7;CRISTAL;Reação tardia ou ineficiente do condutor;Saída de leito carroçável;Com Vítimas Feridas;Pleno dia;Decrescente;Chuva;Dupla;Reta;Não;1;0;1;0;0;0;1;1;-31,1301011;-52,02879231;SPRF-RS;DEL02-RS;UOP02-DEL02-RS
740913;22/12/2025;segunda-feira;12:33:00;RJ;40;54;PETROPOLIS;Reação tardia ou ineficiente do condutor;Tombamento;Sem Vítimas;Pleno dia;Crescente;Sol;Dupla;"Reta;Declive";Não;2;0;0;0;1;1;0;2;-22,349438;-43,121121;SPRF-RJ;DEL05-RJ;UOP02-DEL05-RJ
740915;22/12/2025;segunda-feira;17:40:00;PR;476;197,7;LAPA;Velocidade Incompatível;Tombamento;Com Vítimas Feridas;Anoitecer;Crescente;Céu Claro;Simples;"Rotatória;Interseção de Vias;Curva";Não;2;0;1;0;1;0;1;1;-25,76316053;-49,73739266;SPRF-PR;DEL01-PR;UOP06-DEL01-PR
740924;22/12/2025;segunda-feira;16:00:00;MT;364;400;CUIABA;Acesso irregular;Colisão transversal;Com Vítimas Feridas;Pleno dia;Decrescente;Céu Claro;Simples;Reta;Sim;2;0;1;0;1;0;1;2;-15,66088;-55,97377;SPRF-MT;DEL01-MT;UOP02-DEL01-MT