id;data_inversa;dia_semana;horario;uf;br;km;municipio;causa_acidente;tipo_acidente;classificacao_acidente;fase_dia;sentido_via;condicao_metereologica;tipo_pista;tracado_via;uso_solo;pessoas;mortos;feridos_leves;feridos_graves;ilesos;ignorados;feridos;veiculos;latitude;longitude;regional;delegacia;uop
740926;22/12/2025;segunda-feira;19:55:00;SC;282;525,9;XAXIM;Chuva;Colisão lateral sentido oposto;Com Vítimas Fatais;Plena Noite;Crescente;Chuva;Simples;Curva;Não;4;1;0;0;2;1;0;3;-26,96870115;-52,57375339;SPRF-SC;DEL07-SC;UOP01-DEL07-SC
740927;22/12/2025;segunda-feira;15:30:00;RJ;101;203;CASIMIRO DE ABREU;Retorno proibido;Colisão transversal;Com Vítimas Feridas;Pleno dia;Crescente;Sol;Simples;Reta;Sim;2;0;0;1;1;0;1;2;-22,4764901;-42,2004249;SPRF-RJ;DEL08-RJ;UOP04-DEL08-RJ
740928;22/12/2025;segunda-feira;17:00:00;MT;364;556;NOBRES;Ausência de reação do condutor;Saída de leito carroçável;Com Vítimas Feridas;Pleno dia;Crescente;Nublado;Dupla;Reta;Não;4;0;2;0;1;2;2;4;-14,76100153;-56,34447813;SPRF-MT;DEL01-MT;UOP01-DEL01-MT
740936;22/12/2025;segunda-feira;15:30:00;PR;163;137,9;CAPITAO LEONIDAS MARQUES;Reação tardia ou ineficiente do condutor;Colisão transversal;Com Vítimas Fatais;Pleno dia;Crescente;Céu Claro;Simples;Reta;Sim;2;1;0;0;1;0;0;2;-25,49153;-53,59502;SPRF-PR;DEL05-PR;UOP05-DEL05-PR
740941;22/12/2025;segunda-feira;16:30:00;MG;251;459,8;GRAO MOGOL;Ultrapassagem Indevida;Colisão lateral sentido oposto;Com Vítimas Feridas;Pleno dia;Crescente;Céu Claro;Simples;Reta;Não;3;0;1;0;1;2;1;4;-16,41647;-43,36387;SPRF-MG;DEL12-MG;UOP01-DEL12-MG
740942;22/12/2025;segunda-feira;19:00:00;RJ;101;21;CAMPOS DOS GOYTACAZES;Acessar a via sem observar a presença dos outros veículos;Colisão transversal;Com Vítimas Feridas;Anoitecer;Crescente;Céu Claro;Simples;Reta;Não;2;0;1;0;0;1;1;2;-21,4475798;-41,343064;SPRF-RJ;DEL08-RJ;UOP01-DEL08-RJ
740949;22/12/2025;segunda-feira;20:00:00;TO;153;251,6;COLINAS DO TOCANTINS;Chuva;Colisão frontal;Com Vítimas Fatais;Plena Noite;Decrescente;Chuva;Simples;Reta;Não;5;3;0;0;1;1;0;3;-8,10046;-48,46823;SPRF-TO;DEL02-TO;UOP02-DEL02-TO
740959;22/12/2025;segunda-feira;21:10:00;SC;470;248;CURITIBANOS;Acessar a via sem observar a presença dos outros veículos;Colisão transversal;Sem Vítimas;Plena Noite;Crescente;Céu Claro;Simples;Interseção de Vias;Não;2;0;0;0;2;0;0;2;-27,31452;-50,57186;SPRF-SC;DEL05-SC;UOP03-DEL05-SC
740961;21/11/2025;sexta-feira;12:30:00;RJ;40;37;AREAL;Demais falhas mecânicas ou elétricas;Incêndio;Sem Vítimas;Pleno dia;Crescente;Sol;Dupla;Curva;Não;2;0;0;0;2;0;0;2;-22,26264798;-43,10799116;SPRF-RJ;DEL05-RJ;UOP02-DEL05-RJ
740962;22/12/2025;segunda-feira;23:00:00;MG;40;445,5;PARAOPEBA;Animais na Pista;Atropelamento de Animal;Com Vítimas Feridas;Plena Noite;Crescente;Céu Claro;Dupla;Reta;Sim;8;0;1;3;3;2;4;4;-19,28913429;-44,39898703;SPRF-MG;DEL02-MG;UOP01-DEL02-MG
740963;22/12/2025;segunda-feira;20:00:00;MA;316;196;ZE DOCA;Transitar na contramão;Colisão frontal;Com Vítimas Feridas;Plena Noite;Crescente;Nublado;Simples;Reta;Sim;3;0;0;1;1;1;1;3;-3,261925;-45,655028;SPRF-MA;DEL02-MA;UOP01-DEL02-MA
740972;22/12/2025;segunda-feira;22:40:00;PR;376;499;PONTA GROSSA;Velocidade Incompatível;Saída de leito carroçável;Com Vítimas Feridas;Plena Noite;Crescente;Céu Claro;Dupla;"Reta;Declive";Não;1;0;1;0;0;0;1;1;-25,187182;-50,086088;SPRF-PR;DEL03-PR;UOP04-DEL03-PR
740974;22/12/2025;segunda-feira;22:30:00;PR;280;316,8;BARRACAO;Condutor deixou de manter distância do veículo da frente;Colisão traseira;Com Vítimas Feridas;Plena Noite;Crescente;Nublado;Simples;Reta;Não;3;0;1;0;1;1;1;3;-26,29002914;-53,55113983;SPRF-PR;DEL02-PR;UOP01-DEL02-PR
740976;23/12/2025;terça-feira;00:20:00;RO;364;252,8;CACOAL;Objeto estático sobre o leito carroçável;Tombamento;Com Vítimas Feridas;Plena Noite;Decrescente;Chuva;Simples;Reta;Não;2;0;2;0;0;0;2;1;-11,437049;-61,581461;SPRF-RO;DEL02-RO;UOP02-DEL02-RO
740981;22/12/2025;segunda-feira;23:00:00;MG;365;533;ROMARIA;Reação tardia ou ineficiente do condutor;Saída de leito carroçável;Com Vítimas Fatais;Plena Noite;Decrescente;Céu Claro;Simples;Reta;Não;1;1;0;0;0;0;0;1;-18,9265;-47,51;SPRF-MG;DEL10-MG;UOP01-DEL10-MG
740990;23/12/2025;terça-feira;05:15:00;PE;101;47,5;ABREU E LIMA;Acessar a via sem observar a presença dos outros veículos;Colisão lateral mesmo sentido;Com Vítimas Feridas;Pleno dia;Decrescente;Nublado;Múltipla;Reta;Sim;3;0;1;0;2;0;1;3;-7,8873585;-34,9039694;SPRF-PE;DEL01-PE;UOP02-DEL01-PE
740992;23/12/2025;terça-feira;05:30:00;BA;116;652,5;JEQUIE;Ausência de reação do condutor;Saída de leito carroçável;Com Vítimas Feridas;Pleno dia;Decrescente;Céu Claro;Simples;Curva;Não;2;0;1;0;1;0;1;1;-13,687212;-40,094018;SPRF-BA;DEL03-BA;UOP01-DEL03-BA
740995;23/12/2025;terça-feira;06:25:00;RS;290;483,9;ROSARIO DO SUL;Transitar na contramão;Colisão frontal;Com Vítimas Feridas;Amanhecer;Decrescente;Nublado;Simples;Reta;Não;5;0;2;2;1;0;4;2;-30,24100818;-54,95940534;SPRF-RS;DEL11-RS;UOP02-DEL11-RS
740998;23/12/2025;terça-feira;01:20:00;MG;251;314;AGUAS VERMELHAS;Transitar no Acostamento;Atropelamento de Pedestre;Com Vítimas Feridas;Plena Noite;Crescente;Ignorado;Simples;Reta;Não;7;0;1;1;4;1;2;3;-15,87273538;-41,45606831;SPRF-MG;DEL12-MG;UOP02-DEL12-MG
741019;23/12/2025;terça-feira;06:40:00;RS;386;304,7;POUSO NOVO;Velocidade Incompatível;Colisão frontal;Com Vítimas Feridas;Pleno dia;Decrescente;Nublado;Simples;"Curva;Aclive";Não;7;0;4;1;1;1;5;3;-29,18789999;-52,1894544;SPRF-RS;DEL04-RS;UOP01-DEL04-RS
741021;23/12/2025;terça-feira;07:30:00;ES;101;30,1;CONCEICAO DA BARRA;Condutor deixou de manter distância do veículo da frente;Engavetamento;Com Vítimas Feridas;Pleno dia;Crescente;Sol;Simples;"Reta;Aclive";Não;6;0;1;1;3;3;2;7;-18,42063121;-39,93451953;SPRF-ES;DEL04-ES;UOP02-DEL04-ES
741025;23/12/2025;terça-feira;08:15:00;RJ;40;120;DUQUE DE CAXIAS;Ausência de reação do condutor;Colisão lateral mesmo sentido;Com Vítimas Feridas;Pleno dia;Crescente;Céu Claro;Dupla;Reta;Não;2;0;1;0;1;0;1;2;-22,77938899;-43,2826894;SPRF-RJ;DEL01-RJ;UOP02-DEL01-RJ
741028;23/12/2025;terça-feira;06:45:00;GO;50;229;CAMPO ALEGRE DE GOIAS;Ausência de reação do condutor;Colisão traseira;Com Vítimas Feridas;Pleno dia;Decrescente;Céu Claro;Dupla;"Aclive;Curva";Não;3;0;1;0;1;1;1;3;-17,798307;-47,765648;SPRF-GO;DEL06-GO;UOP01-DEL06-GO
741033;22/12/2025;segunda-feira;14:10:00;SC;280;231;CANOINHAS;Transitar na calçada;Atropelamento de Pedestre;Com Vítimas Feridas;Pleno dia;Crescente;Céu Claro;Simples;Rotatória;Sim;3;0;0;1;1;1;1;3;-26,18974539;-50,37571549;SPRF-SC;DEL06-SC;UOP04-DEL06-SC
741041;23/12/2025;terça-feira;08:45:00;BA;101;251;CONCEICAO DO ALMEIDA;Acesso irregular;Colisão transversal;Com Vítimas Feridas;Pleno dia;Decrescente;Céu Claro;Simples;"Reta;Declive";Sim;5;0;1;1;2;2;2;6;-12,891404;-39,229526;SPRF-BA;DEL01-BA;UOP02-DEL01-BA
741042;23/12/2025;terça-feira;10:15:00;RS;116;243;SAO LEOPOLDO;Reação tardia ou ineficiente do condutor;Colisão lateral mesmo sentido;Com Vítimas Feridas;Pleno dia;Decrescente;Nublado;Dupla;Interseção de Vias;Não;2;0;0;1;1;0;1;2;-29,7317793;-51,14930782;SPRF-RS;DEL01-RS;UOP02-DEL01-RS
741048;23/12/2025;terça-feira;10:30:00;PR;376;80,1;GUAIRACA;Ausência de reação do condutor;Tombamento;Com Vítimas Feridas;Pleno dia;Decrescente;Céu Claro;Simples;"Reta;Declive";Não;2;0;2;0;0;0;2;1;-22,959398;-52,651314;SPRF-PR;DEL09-PR;UOP02-DEL09-PR
741049;21/12/2025;domingo;20:00:00;TO;153;189;NOVA OLINDA;Reação tardia ou ineficiente do condutor;Saída de leito carroçável;Sem Vítimas;Plena Noite;Decrescente;Nublado;Simples;Reta;Não;2;0;0;0;0;2;0;2;-7,558384;-48,419834;SPRF-TO;DEL02-TO;UOP01-DEL02-TO
741052;23/12/2025;terça-feira;06:00:00;RS;386;392;TRIUNFO;Velocidade Incompatível;Tombamento;Com Vítimas Feridas;Pleno dia;Crescente;Céu Claro;Simples;"Curva;Aclive;Interseção de Vias";Não;2;0;1;0;0;1;1;2;-29,7086351;-51,6516201;SPRF-RS;DEL04-RS;UOP02-DEL04-RS
741053;23/12/2025;terça-feira;10:25:00;MT;364;4;SANTO ANTONIO DO LEVERGER;Sinalização mal posicionada;Colisão traseira;Sem Vítimas;Pleno dia;Decrescente;Garoa/Chuvisco;Dupla;Reta;Não;4;0;0;0;3;2;0;5;-15,79476226;-55,66127658;SPRF-MT;DEL05-MT;UOP02-DEL05-MT
741058;23/12/2025;terça-feira;10:40:00;BA;367;79;EUNAPOLIS;Ausência de reação do condutor;Tombamento;Com Vítimas Feridas;Pleno dia;Decrescente;Céu Claro;Simples;Curva;Não;2;0;1;0;0;1;1;2;-16,367862;-39,538107;SPRF-BA;DEL09-BA;UOP03-DEL09-BA
741062;23/12/2025;terça-feira;12:15:00;RN;304;113,9;ACU;Acessar a via sem observar a presença dos outros veículos;Colisão lateral sentido oposto;Com Vítimas Feridas;Pleno dia;Crescente;Céu Claro;Simples;"Interseção de Vias;Reta";Sim;4;0;1;0;2;2;1;5;-5,60910957;-36,90646648;SPRF-RN;DEL04-RN;UOP01-DEL04-RN
741065;23/12/2025;terça-feira;12:14:00;TO;153;244,6;COLINAS DO TOCANTINS;Carga excessiva e/ou mal acondicionada;Tombamento;Com Vítimas Feridas;Pleno dia;Crescente;Chuva;Dupla;Curva;Não;2;0;1;0;0;1;1;2;-8,03846597;-48,46597;SPRF-TO;DEL02-TO;UOP02-DEL02-TO
741069;23/12/2025;terça-feira;12:10:00;SC;470;158,2;TROMBUDO CENTRAL;Ultrapassagem Indevida;Colisão lateral mesmo sentido;Sem Vítimas;Pleno dia;Crescente;Céu Claro;Simples;Reta;Não;4;0;0;0;3;1;0;3;-27,28578927;-49,783096;SPRF-SC;DEL04-SC;UOP02-DEL04-SC
741072;23/12/2025;terça-feira;12:20:00;SP;116;113;TAUBATE;Reação tardia ou ineficiente do condutor;Tombamento;Com Vítimas Feridas;Pleno dia;Decrescente;Céu Claro;Dupla;Reta;Não;2;0;2;0;0;0;2;1;-23,04442085;-45,58212217;SPRF-SP;DEL02-SP;UOP02-DEL02-SP
741077;23/12/2025;terça-feira;10:10:00;PR;373;435,2;CHOPINZINHO;Velocidade Incompatível;Saída de leito carroçável;Com Vítimas Fatais;Pleno dia;Decrescente;Céu Claro;Simples;Curva;Não;1;1;0;0;0;0;0;1;-25,80421851;-52,28393555;SPRF-PR;DEL02-PR;UOP01-DEL02-PR
741078;23/12/2025;terça-feira;10:25:00;PR;153;50,5;SANTO ANTONIO DA PLATINA;Mal súbito do condutor;Colisão com objeto;Com Vítimas Feridas;Pleno dia;Crescente;Céu Claro;Simples;"Declive;Ponte;Reta";Não;2;0;1;0;0;1;1;2;-23,37021818;-50,06475862;SPRF-PR;DEL07-PR;UOP04-DEL07-PR
741080;23/12/2025;terça-feira;12:15:00;AL;101;234;OLHO DAGUA GRANDE;Reação tardia ou ineficiente do condutor;Tombamento;Com Vítimas Feridas;Pleno dia;Crescente;Céu Claro;Dupla;Curva;Não;5;0;4;0;0;1;4;2;-10,1171588;-36,7696101;SPRF-AL;DEL02-AL;UOP02-DEL02-AL
741085;23/12/2025;terça-feira;12:30:00;CE;222;203;FORQUILHA;Velocidade Incompatível;Saída de leito carroçável;Com Vítimas Feridas;Pleno dia;Crescente;Nublado;Simples;Curva;Não;2;0;0;1;0;1;1;2;-3,77974587;-40,22554843;SPRF-CE;DEL04-CE;UOP01-DEL04-CE
741087;23/12/2025;terça-feira;13:30:00;PE;101;189,4;PALMARES;Acessar a via sem observar a presença dos outros veículos;Colisão lateral mesmo sentido;Sem Vítimas;Pleno dia;Crescente;Garoa/Chuvisco;Dupla;"Curva;Interseção de Vias";Sim;3;0;0;0;3;0;0;2;-8,691733;-35,608725;SPRF-PE;DEL01-PE;UOP03-DEL01-PE
741092;20/12/2025;sábado;00:00:00;SC;480;126;CHAPECO;Reação tardia ou ineficiente do condutor;Saída de leito carroçável;Sem Vítimas;Plena Noite;Crescente;Céu Claro;Dupla;Curva;Não;2;0;0;0;1;1;0;2;-27,04339286;-52,63628695;SPRF-SC;DEL07-SC;UOP01-DEL07-SC
741093;23/12/2025;terça-feira;10:15:00;MT;364;117,9;PEDRA PRETA;Ingestão de álcool pelo condutor;Saída de leito carroçável;Sem Vítimas;Pleno dia;Decrescente;Céu Claro;Simples;Reta;Não;2;0;0;0;1;1;0;2;-16,6188695;-54,4775069;SPRF-MT;DEL02-MT;UOP02-DEL02-MT
741100;23/12/2025;terça-feira;14:30:00;ES;101;310;VIANA;Condutor deixou de manter distância do veículo da frente;Colisão traseira;Com Vítimas Feridas;Pleno dia;Decrescente;Sol;Dupla;"Aclive;Curva";Não;4;0;2;0;1;1;2;3;-20,426109;-40,460255;SPRF-ES;DEL01-ES;UOP01-DEL01-ES
741103;23/12/2025;terça-feira;14:20:00;GO;20;83,4;FORMOSA;Ultrapassagem Indevida;Colisão frontal;Com Vítimas Fatais;Pleno dia;Crescente;Garoa/Chuvisco;Simples;Reta;Não;5;2;0;0;2;2;0;4;-15,069852;-47,083643;SPRF-DF;DEL02-DF;UOP02-DEL02-DF
741105;23/12/2025;terça-feira;10:23:00;MT;163;629;NOVA MUTUM;Acessar a via sem observar a presença dos outros veículos;Colisão transversal;Com Vítimas Feridas;Pleno dia;Crescente;Chuva;Dupla;Reta;Não;3;0;2;0;1;0;2;2;-13,54508;-56,02723;SPRF-MT;DEL01-MT;UOP01-DEL01-MT
741107;23/12/2025;terça-feira;15:00:00;RS;448;10;CANOAS;Reação tardia ou ineficiente do condutor;Colisão traseira;Com Vítimas Feridas;Pleno dia;Crescente;Chuva;Dupla;Curva;Não;6;0;1;0;4;1;1;4;-29,8863683;-51,23912;SPRF-RS;DEL01-RS;UOP01-DEL01-RS
741108;23/12/2025;terça-feira;15:00:00;GO;20;200;POSSE;Avarias e/ou desgaste excessivo no pneu;Incêndio;Sem Vítimas;Pleno dia;Crescente;Céu Claro;Simples;"Declive;Curva";Não;2;0;0;0;1;2;0;3;-14,32460404;-46,44279957;SPRF-DF;DEL02-DF;UOP03-DEL02-DF
741109;23/12/2025;terça-feira;14:10:00;SC;101;1;ARARANGUA;Transitar na contramão;Colisão frontal;Com Vítimas Feridas;Pleno dia;Crescente;Nublado;Simples;Reta;Sim;2;0;0;1;1;0;1;2;-28,92951218;-49,49389905;SPRF-SC;DEL02-SC;UOP02-DEL02-SC
741110;23/12/2025;terça-feira;12:30:00;MT;174;13;PONTES E LACERDA;Condutor Dormindo;Saída de leito carroçável;Com Vítimas Feridas;Pleno dia;Decrescente;Céu Claro;Simples;Curva;Não;1;0;1;0;0;0;1;1;-15,201216;-59,407391;SPRF-MT;DEL04-MT;UOP01-DEL04-MT
741114;23/12/2025;terça-feira;15:30:00;PR;277;596;CASCAVEL;Condutor deixou de manter distância do veículo da frente;Engavetamento;Com Vítimas Feridas;Pleno dia;Crescente;Céu Claro;Simples;Reta;Sim;13;0;3;0;9;2;3;9;-24,97958559;-53,49201892;SPRF-PR;DEL04-PR;UOP01-DEL04-PR
741116;23/12/2025;terça-feira;12:03:00;BA;407;230;CAPIM GROSSO;Reação tardia ou ineficiente do condutor;Colisão lateral mesmo sentido;Com Vítimas Fatais;Pleno dia;Crescente;Nublado;Simples;Reta;Sim;3;1;0;0;1;2;0;4;-11,3756792;-40,0056179;SPRF-BA;DEL04-BA;UOP02-DEL04-BA
741118;23/12/2025;terça-feira;16:00:00;MG;40;524,5;CONTAGEM;Reação tardia ou ineficiente do condutor;Engavetamento;Com Vítimas Feridas;Pleno dia;Decrescente;Céu Claro;Dupla;Reta;Sim;8;0;2;0;5;1;2;4;-19,876687;-44,052457;SPRF-MG;DEL01-MG;UOP02-DEL01-MG
741120;23/12/2025;terça-feira;15:06:00;RS;470;219;BENTO GONCALVES;Velocidade Incompatível;Colisão frontal;Com Vítimas Feridas;Pleno dia;Crescente;Chuva;Simples;"Curva;Declive";Não;4;0;1;2;1;0;3;2;-29,19045278;-51,52202575;SPRF-RS;DEL06-RS;UOP01-DEL06-RS
741141;23/12/2025;terça-feira;16:40:00;ES;101;105;LINHARES;Condutor Dormindo;Colisão lateral mesmo sentido;Com Vítimas Feridas;Pleno dia;Crescente;Céu Claro;Simples;Reta;Não;3;0;2;0;0;1;2;2;-19,021784;-40,015211;SPRF-ES;DEL04-ES;UOP01-DEL04-ES
741151;23/12/2025;terça-feira;17:40:00;RJ;101;69;CAMPOS DOS GOYTACAZES;Reação tardia ou ineficiente do condutor;Colisão traseira;Com Vítimas Feridas;Pleno dia;Decrescente;Céu Claro;Simples;Reta;Não;3;0;1;0;2;0;1;3;-21,77808488;-41,36828826;SPRF-RJ;DEL08-RJ;UOP02-DEL08-RJ
741158;23/12/2025;terça-feira;16:05:00;PR;163;220,3;CASCAVEL;Ausência de reação do condutor;Tombamento;Com Vítimas Feridas;Pleno dia;Decrescente;Céu Claro;Dupla;"Curva;Declive";Não;1;0;1;0;0;0;1;1;-24,85417506;-53,59580665;SPRF-PR;DEL04-PR;UOP01-DEL04-PR
741159;23/12/2025;terça-feira;16:30:00;AM;319;287;BERURI;Demais falhas mecânicas ou elétricas;Eventos atípicos;Com Vítimas Fatais;Anoitecer;Decrescente;Nublado;Simples;Reta;Não;2;1;0;0;1;0;0;2;-4,24480108;-60,83182286;SPRF-AM;DEL01-AM;UOP04-DEL01-AM
741161;23/12/2025;terça-feira;19:10:00;ES;101;9;PEDRO CANARIO;Demais falhas mecânicas ou elétricas;Incêndio;Sem Vítimas;Plena Noite;Crescente;Céu Claro;Simples;Reta;Não;1;0;0;0;1;0;0;1;-18,21039238;-39,94172797;SPRF-ES;DEL04-ES;UOP02-DEL04-ES
741167;23/12/2025;terça-feira;18:30:00;GO;364;224;JATAI;Ingestão de álcool pelo condutor;Saída de leito carroçável;Sem Vítimas;Anoitecer;Crescente;Céu Claro;Simples;Reta;Não;1;0;0;0;1;0;0;1;-17,828375;-51,95556;SPRF-GO;DEL05-GO;UOP01-DEL05-GO
741168;23/12/2025;terça-feira;16:15:00;GO;153;543;HIDROLANDIA;Demais falhas mecânicas ou elétricas;Colisão lateral mesmo sentido;Com Vítimas Feridas;Pleno dia;Crescente;Céu Claro;Dupla;Aclive;Não;3;0;1;0;1;1;1;3;-17,073522;-49,223685;SPRF-GO;DEL01-GO;UOP03-DEL01-GO
741169;23/12/2025;terça-feira;19:40:00;TO;153;666;GURUPI;Reação tardia ou ineficiente do condutor;Colisão com objeto;Sem Vítimas;Plena Noite;Crescente;Céu Claro;Dupla;Reta;Não;5;0;0;0;4;1;0;2;-11,6799334;-49,06700134;SPRF-TO;DEL01-TO;UOP02-DEL01-TO
741175;23/12/2025;terça-feira;16:23:00;PE;423;61,3;LAJEDO;Acessar a via sem observar a presença dos outros veículos;Colisão lateral mesmo sentido;Com Vítimas Feridas;Anoitecer;Crescente;Nublado;Simples;Reta;Sim;2;0;0;1;1;0;1;2;-8,658685;-36,331427;SPRF-PE;DEL03-PE;UOP01-DEL03-PE
741180;23/12/2025;terça-feira;18:00:00;MT;70;286;PRIMAVERA DO LESTE;Ultrapassagem Indevida;Colisão lateral mesmo sentido;Com Vítimas Feridas;Anoitecer;Decrescente;Céu Claro;Simples;Reta;Não;2;0;1;0;0;1;1;2;-15,5769113;-54,3453594;SPRF-MT;DEL05-MT;UOP01-DEL05-MT
741182;23/12/2025;terça-feira;19:45:00;PR;277;446,7;LARANJEIRAS DO SUL;Ingestão de álcool pelo condutor;Colisão lateral mesmo sentido;Sem Vítimas;Plena Noite;Crescente;Céu Claro;Simples;Reta;Não;3;0;0;0;2;1;0;3;-25,3710778;-52,309925;SPRF-PR;DEL04-PR;UOP02-DEL04-PR
741188;23/12/2025;terça-feira;15:00:00;MA;230;494,3;RIACHAO;Transitar na contramão;Colisão frontal;Com Vítimas Fatais;Pleno dia;Decrescente;Nublado;Simples;Reta;Não;4;3;0;0;0;3;0;5;-7,425887;-46,770842;SPRF-MA;DEL05-MA;UOP01-DEL05-MA
741192;23/12/2025;terça-feira;14:45:00;PA;230;126;MARABA;Acessar a via sem observar a presença dos outros veículos;Colisão transversal;Com Vítimas Feridas;Pleno dia;Crescente;Chuva;Simples;Reta;Sim;3;0;2;0;1;0;2;2;-5,37487492;-49,15823819;SPRF-PA;DEL03-PA;UOP01-DEL03-PA
741210;23/12/2025;terça-feira;23:00:00;MG;381;489;BETIM;Pedestre andava na pista;Atropelamento de Pedestre;Com Vítimas Feridas;Plena Noite;Crescente;Céu Claro;Múltipla;Reta;Sim;2;0;0;1;0;1;1;2;-19,95632038;-44,13519055;SPRF-MG;DEL01-MG;UOP03-DEL01-MG
741214;23/12/2025;terça-feira;22:40:00;RJ;493;14;GUAPIMIRIM;Velocidade Incompatível;Colisão traseira;Com Vítimas Feridas;Plena Noite;Crescente;Céu Claro;Simples;Reta;Não;4;0;3;0;1;0;3;2;-22,66924323;-42,9846947;SPRF-RJ;DEL04-RJ;UOP02-DEL04-RJ
741222;23/12/2025;terça-feira;16:20:00;RO;364;380;PRESIDENTE MEDICI;Ultrapassagem Indevida;Saída de leito carroçável;Sem Vítimas;Pleno dia;Crescente;Chuva;Simples;Reta;Não;1;0;0;0;1;0;0;1;-11,37981;-61,806723;SPRF-RO;DEL02-RO;UOP01-DEL02-RO
741229;24/12/2025;quarta-feira;01:45:00;RJ;116;243;PIRAI;Pedestre andava na pista;Atropelamento de Pedestre;Com Vítimas Feridas;Plena Noite;Decrescente;Céu Claro;Dupla;Reta;Sim;6;0;0;2;3;2;2;6;-22,63083126;-43,90969126;SPRF-RJ;DEL07-RJ;UOP01-DEL07-RJ
741230;23/12/2025;terça-feira;22:50:00;PR;277;430,9;CANTAGALO;Demais falhas mecânicas ou elétricas;Colisão frontal;Com Vítimas Feridas;Plena Noite;Crescente;Nublado;Simples;"Curva;Declive";Não;6;0;1;2;3;0;3;2;-25,3857556;-52,1679528;SPRF-PR;DEL04-PR;UOP02-DEL04-PR
741235;24/12/2025;quarta-feira;00:40:00;BA;116;886,1;CANDIDO SALES;Ausência de reação do condutor;Saída de leito carroçável;Com Vítimas Feridas;Plena Noite;Crescente;Garoa/Chuvisco;Simples;Reta;Não;6;0;5;0;0;1;5;2;-15,33318;-41,15823;SPRF-BA;DEL08-BA;UOP03-DEL08-BA
741240;24/12/2025;quarta-feira;03:30:00;PI;343;94;CARAUBAS DO PIAUI;Reação tardia ou ineficiente do condutor;Colisão traseira;Com Vítimas Fatais;Plena Noite;Decrescente;Céu Claro;Simples;Reta;Não;2;1;0;0;0;1;0;2;-3,534402;-41,712502;SPRF-PI;DEL05-PI;UOP01-DEL05-PI
741241;24/12/2025;quarta-feira;04:45:00;RS;290;23;SANTO ANTONIO DA PATRULHA;Reação tardia ou ineficiente do condutor;Tombamento;Com Vítimas Feridas;Amanhecer;Decrescente;Céu Claro;Dupla;Reta;Não;2;0;1;0;1;0;1;1;-29,88113683;-50,50037384;SPRF-RS;DEL03-RS;UOP01-DEL03-RS
741247;24/12/2025;quarta-feira;04:30:00;RJ;393;269;BARRA DO PIRAI;Condutor Dormindo;Colisão frontal;Com Vítimas Feridas;Plena Noite;Decrescente;Céu Claro;Simples;Curva;Não;2;0;1;0;1;0;1;2;-22,482682;-43,957171;SPRF-RJ;DEL05-RJ;UOP04-DEL05-RJ
741254;24/12/2025;quarta-feira;01:40:00;RO;364;633;ITAPUA DO OESTE;Deficiência do Sistema de Iluminação/Sinalização;Colisão traseira;Com Vítimas Feridas;Plena Noite;Crescente;Nublado;Simples;Reta;Não;6;0;3;0;3;0;3;3;-9,07934353;-63,35568398;SPRF-RO;DEL01-RO;UOP04-DEL01-RO
741258;29/11/2025;sábado;12:00:00;RS;285;166;MUITOS CAPOES;Reação tardia ou ineficiente do condutor;Saída de leito carroçável;Com Vítimas Feridas;Pleno dia;Decrescente;Céu Claro;Simples;Curva;Não;2;0;1;0;0;1;1;2;-28,33218639;-51,29027367;SPRF-RS;DEL05-RS;UOP03-DEL05-RS
741265;24/12/2025;quarta-feira;08:22:00;SE;101;71;MARUIM;Problema com o freio;Colisão com objeto;Sem Vítimas;Pleno dia;Crescente;Garoa/Chuvisco;Dupla;"Reta;Declive";Não;2;0;0;0;1;1;0;2;-10,740411;-37,091736;SPRF-SE;DEL01-SE;UOP01-DEL01-SE
741268;24/12/2025;quarta-feira;09:40:00;MG;262;120;RIO CASCA;Entrada inopinada do pedestre;Atropelamento de Pedestre;Com Vítimas Feridas;Pleno dia;Decrescente;Céu Claro;Simples;Reta;Sim;2;0;0;1;1;0;1;2;-20,218028;-42,651498;SPRF-MG;DEL03-MG;UOP03-DEL03-MG
741274;24/12/2025;quarta-feira;09:30:00;PE;101;178;JOAQUIM NABUCO;Acessar a via sem observar a presença dos outros veículos;Colisão traseira;Com Vítimas Feridas;Pleno dia;Crescente;Chuva;Dupla;Reta;Não;2;0;1;0;0;1;1;2;-8,6244367;-35,5557533;SPRF-PE;DEL01-PE;UOP03-DEL01-PE
741278;24/12/2025;quarta-feira;08:45:00;PR;116;27;CAMPINA GRANDE DO SUL;Manobra de mudança de faixa;Colisão com objeto;Com Vítimas Feridas;Pleno dia;Crescente;Céu Claro;Dupla;Reta;Não;3;0;1;0;2;0;1;2;-25,108677;-48,796735;SPRF-PR;DEL01-PR;UOP02-DEL01-PR
741281;24/12/2025;quarta-feira;10:16:00;RS;386;296,1;POUSO NOVO;Transitar na contramão;Colisão lateral sentido oposto;Com Vítimas Feridas;Pleno dia;Crescente;Chuva;Simples;Curva;Não;10;0;2;1;6;2;3;6;-29,1403;-52,239386;SPRF-RS;DEL04-RS;UOP01-DEL04-RS
741283;29/10/2025;quarta-feira;10:00:00;RS;116;231;IVOTI;Ausência de reação do condutor;Colisão transversal;Com Vítimas Feridas;Pleno dia;Crescente;Garoa/Chuvisco;Simples;"Declive;Reta;Interseção de Vias;Retorno Regulamentado";Não;3;0;1;0;2;0;1;2;-29,62485977;-51,13567748;SPRF-RS;DEL01-RS;UOP02-DEL01-RS