id;data_inversa;dia_semana;horario;uf;br;km;municipio;causa_acidente;tipo_acidente;classificacao_acidente;fase_dia;sentido_via;condicao_metereologica;tipo_pista;tracado_via;uso_solo;pessoas;mortos;feridos_leves;feridos_graves;ilesos;ignorados;feridos;veiculos;latitude;longitude;regional;delegacia;uop
741284;24/12/2025;quarta-feira;08:20:00;CE;122;46,2;ARACOIABA;Manobra de mudança de faixa;Colisão lateral mesmo sentido;Com Vítimas Feridas;Pleno dia;Crescente;Céu Claro;Simples;Reta;Não;5;0;3;0;1;1;3;3;-4,65230999;-38,66801262;SPRF-CE;DEL03-CE;UOP01-DEL03-CE
741297;24/12/2025;quarta-feira;12:02:00;GO;153;496;GOIANIA;Reação tardia ou ineficiente do condutor;Colisão lateral mesmo sentido;Com Vítimas Feridas;Pleno dia;Decrescente;Nublado;Dupla;Reta;Sim;3;0;1;0;1;2;1;4;-16,656746;-49,219017;SPRF-GO;DEL01-GO;UOP01-DEL01-GO
741298;24/12/2025;quarta-feira;12:20:00;BA;101;895;TEIXEIRA DE FREITAS;Retorno proibido;Tombamento;Sem Vítimas;Pleno dia;Decrescente;Céu Claro;Simples;"Declive;Reta";Não;2;0;0;0;2;0;0;2;-17,59886661;-39,7492218;SPRF-BA;DEL09-BA;UOP02-DEL09-BA
741307;24/12/2025;quarta-feira;13:00:00;PR;277;40;MORRETES;Ausência de reação do condutor;Colisão traseira;Com Vítimas Fatais;Pleno dia;Crescente;Céu Claro;Dupla;"Reta;Aclive";Não;3;1;0;0;1;1;0;3;-25,58046;-48,87112;SPRF-PR;DEL01-PR;UOP05-DEL01-PR
741312;24/12/2025;quarta-feira;10:00:00;RJ;393;268,4;BARRA DO PIRAI;Desrespeitar a preferência no cruzamento;Colisão transversal;Com Vítimas Feridas;Pleno dia;Decrescente;Sol;Simples;"Aclive;Reta;Interseção de Vias";Sim;2;0;1;0;1;0;1;2;-22,47678169;-43,94389328;SPRF-RJ;DEL05-RJ;UOP04-DEL05-RJ
741317;24/12/2025;quarta-feira;13:30:00;MG;116;765,2;LEOPOLDINA;Condutor Dormindo;Colisão lateral sentido oposto;Com Vítimas Feridas;Pleno dia;Decrescente;Sol;Simples;Reta;Sim;5;0;3;0;1;1;3;3;-21,52430784;-42,65218735;SPRF-MG;DEL07-MG;UOP01-DEL07-MG
741318;24/12/2025;quarta-feira;12:44:00;PA;230;221,8;ITUPIRANGA;Transitar na contramão;Colisão lateral sentido oposto;Com Vítimas Fatais;Pleno dia;Crescente;Nublado;Simples;"Aclive;Curva";Não;2;1;0;0;1;0;0;2;-4,79825;-49,571567;SPRF-PA;DEL03-PA;UOP01-DEL03-PA
741320;24/12/2025;quarta-feira;13:00:00;SP;116;206;GUARULHOS;Suicídio (presumido);Atropelamento de Pedestre;Com Vítimas Fatais;Pleno dia;Crescente;Céu Claro;Múltipla;Reta;Sim;5;1;0;0;0;4;0;2;-23,41873453;-46,38105869;SPRF-SP;DEL01-SP;UOP01-DEL01-SP
741324;26/11/2025;quarta-feira;16:20:00;MG;381;436;SANTA LUZIA;Ultrapassagem Indevida;Colisão lateral mesmo sentido;Com Vítimas Feridas;Pleno dia;Crescente;Céu Claro;Simples;Reta;Não;3;0;1;0;1;1;1;3;-19,80948196;-43,79043672;SPRF-MG;DEL01-MG;UOP01-DEL01-MG
741327;24/12/2025;quarta-feira;14:40:00;RS;116;246;SAO LEOPOLDO;Condutor deixou de manter distância do veículo da frente;Engavetamento;Com Vítimas Feridas;Pleno dia;Crescente;Céu Claro;Dupla;"Reta;Ponte";Sim;6;0;1;0;5;0;1;5;-29,7584993;-51,1525926;SPRF-RS;DEL01-RS;UOP02-DEL01-RS
741332;19/12/2025;sexta-feira;05:00:00;GO;153;45;PORANGATU;Demais falhas na via;Incêndio;Sem Vítimas;Plena Noite;Decrescente;Céu Claro;Simples;Reta;Não;2;0;0;0;1;1;0;2;-13,21269;-49,15165;SPRF-GO;DEL07-GO;UOP01-DEL07-GO
741337;24/12/2025;quarta-feira;14:50:00;CE;222;42;SAO GONCALO DO AMARANTE;Demais falhas mecânicas ou elétricas;Colisão lateral sentido oposto;Com Vítimas Feridas;Pleno dia;Crescente;Céu Claro;Simples;Reta;Não;10;0;2;1;7;0;3;6;-3,6763931;-38,94000323;SPRF-CE;DEL01-CE;UOP03-DEL01-CE
741343;24/12/2025;quarta-feira;16:30:00;MG;40;496,5;PEDRO LEOPOLDO;Ingestão de álcool pelo condutor;Colisão com objeto;Sem Vítimas;Pleno dia;Crescente;Céu Claro;Dupla;"Curva;Declive";Não;2;0;0;0;1;1;0;2;-19,680368;-44,18596;SPRF-MG;DEL02-MG;UOP01-DEL02-MG
741345;24/12/2025;quarta-feira;15:35:00;RS;386;6,4;IRAI;Reação tardia ou ineficiente do condutor;Colisão traseira;Sem Vítimas;Pleno dia;Decrescente;Chuva;Simples;Reta;Não;4;0;0;0;3;1;0;4;-27,19519087;-53,28016732;SPRF-RS;DEL08-RS;UOP02-DEL08-RS
741348;24/12/2025;quarta-feira;15:50:00;SP;116;80,9;ROSEIRA;Velocidade Incompatível;Tombamento;Com Vítimas Feridas;Pleno dia;Crescente;Céu Claro;Dupla;"Curva;Aclive";Não;1;0;1;0;0;0;1;1;-22,9028929;-45,3091467;SPRF-SP;DEL08-SP;UOP01-DEL08-SP
741354;24/12/2025;quarta-feira;16:30:00;PI;316;5,4;TERESINA;Manobra de mudança de faixa;Colisão lateral mesmo sentido;Sem Vítimas;Pleno dia;Crescente;Sol;Múltipla;"Interseção de Vias;Declive;Reta";Sim;3;0;0;0;2;1;0;3;-5,14396957;-42,77837902;SPRF-PI;DEL01-PI;UOP02-DEL01-PI
741378;24/12/2025;quarta-feira;05:08:00;AC;364;542;TARAUACA;Ingestão de álcool pelo condutor;Colisão lateral sentido oposto;Com Vítimas Fatais;Pleno dia;Decrescente;Céu Claro;Simples;Reta;Não;7;1;0;1;1;4;1;3;-8,14032;-70,802852;SPRF-AC;DEL01-AC;UOP03-DEL01-AC
741380;24/12/2025;quarta-feira;17:25:00;SC;470;116,8;IBIRAMA;Velocidade Incompatível;Colisão com objeto;Com Vítimas Feridas;Pleno dia;Crescente;Chuva;Simples;"Curva;Declive";Não;5;0;1;0;3;1;1;3;-27,08163377;-49,50265646;SPRF-SC;DEL04-SC;UOP02-DEL04-SC
741383;24/12/2025;quarta-feira;17:40:00;PI;316;313;PICOS;Acessar a via sem observar a presença dos outros veículos;Colisão transversal;Com Vítimas Feridas;Pleno dia;Crescente;Céu Claro;Simples;Reta;Sim;2;0;1;0;1;0;1;2;-7,08092534;-41,4582602;SPRF-PI;DEL04-PI;UOP01-DEL04-PI
741387;24/12/2025;quarta-feira;19:00:00;ES;101;362,9;ANCHIETA;Ausência de reação do condutor;Colisão frontal;Com Vítimas Feridas;Plena Noite;Crescente;Céu Claro;Simples;Reta;Não;3;0;0;1;1;1;1;3;-20,7113094;-40,7226689;SPRF-ES;DEL03-ES;UOP01-DEL03-ES
741397;24/12/2025;quarta-feira;18:00:00;BA;116;767,9;POCOES;Acessar a via sem observar a presença dos outros veículos;Colisão transversal;Com Vítimas Feridas;Anoitecer;Crescente;Céu Claro;Simples;Reta;Não;3;0;0;1;2;0;1;2;-14,5984018;-40,43851471;SPRF-BA;DEL08-BA;UOP02-DEL08-BA
741408;24/12/2025;quarta-feira;21:05:00;PR;369;347,2;CAMPO MOURAO;Acesso irregular;Colisão traseira;Sem Vítimas;Plena Noite;Crescente;Céu Claro;Simples;Reta;Não;3;0;0;0;2;1;0;3;-24,102818;-52,43240118;SPRF-PR;DEL09-PR;UOP03-DEL09-PR
741415;05/10/2025;domingo;02:35:00;BA;135;127;RIACHAO DAS NEVES;Condutor deixou de manter distância do veículo da frente;Colisão traseira;Com Vítimas Fatais;Plena Noite;Decrescente;Céu Claro;Simples;"Reta;Aclive";Não;47;1;2;1;42;1;3;3;-11,7822;-44,8941;SPRF-BA;DEL10-BA;UOP01-DEL10-BA
741421;24/12/2025;quarta-feira;09:02:00;RJ;101;327;RIO DE JANEIRO;Trafegar com motocicleta (ou similar) entre as faixas;Colisão lateral mesmo sentido;Com Vítimas Feridas;Pleno dia;Decrescente;Céu Claro;Dupla;Ponte;Não;3;0;1;0;2;0;1;3;-22,86963766;-43,17291711;SPRF-RJ;DEL02-RJ;UOP01-DEL02-RJ
741438;24/12/2025;quarta-feira;23:10:00;RO;364;422,7;JARU;Velocidade Incompatível;Tombamento;Com Vítimas Feridas;Plena Noite;Decrescente;Garoa/Chuvisco;Múltipla;"Interseção de Vias;Aclive";Sim;1;0;1;0;0;0;1;1;-10,453556;-62,459932;SPRF-RO;DEL03-RO;UOP02-DEL03-RO
741440;24/12/2025;quarta-feira;23:00:00;MG;116;589,9;MANHUACU;Ultrapassagem Indevida;Colisão frontal;Com Vítimas Fatais;Plena Noite;Crescente;Céu Claro;Simples;Reta;Não;5;1;2;0;1;1;2;4;-20,250322;-42,1424224;SPRF-MG;DEL06-MG;UOP03-DEL06-MG
741448;25/12/2025;quinta-feira;00:15:00;PR;277;684,1;SAO MIGUEL DO IGUACU;Iluminação deficiente;Colisão traseira;Com Vítimas Feridas;Pleno dia;Decrescente;Céu Claro;Dupla;Reta;Não;3;0;1;0;2;0;1;3;-25,33378638;-54,19315338;SPRF-PR;DEL05-PR;UOP01-DEL05-PR
741461;25/12/2025;quinta-feira;02:11:00;PA;163;104;ALTAMIRA;Ausência de reação do condutor;Saída de leito carroçável;Sem Vítimas;Plena Noite;Crescente;Céu Claro;Simples;"Curva;Declive";Não;1;0;0;0;0;1;0;1;-8,72704185;-54,97260801;SPRF-MT;DEL06-MT;UOP03-DEL06-MT
741462;25/12/2025;quinta-feira;04:00:00;MT;70;5;BARRA DO GARCAS;Ingestão de álcool pelo condutor;Colisão lateral sentido oposto;Com Vítimas Feridas;Plena Noite;Crescente;Céu Claro;Simples;"Interseção de Vias;Reta";Sim;5;0;2;0;2;1;2;4;-15,8854589;-52,2706597;SPRF-MT;DEL07-MT;UOP01-DEL07-MT
741467;25/12/2025;quinta-feira;04:10:00;SP;116;79,3;ROSEIRA;Ingestão de álcool pelo condutor;Colisão lateral mesmo sentido;Com Vítimas Feridas;Plena Noite;Crescente;Céu Claro;Dupla;Reta;Não;3;0;2;0;1;0;2;2;-22,895608;-45,297116;SPRF-SP;DEL08-SP;UOP01-DEL08-SP
741477;25/12/2025;quinta-feira;06:00:00;MG;262;473,8;BOM DESPACHO;Ingestão de álcool pelo condutor;Colisão traseira;Sem Vítimas;Pleno dia;Decrescente;Sol;Simples;Reta;Não;3;0;0;0;2;1;0;2;-19,7858;-45,29048;SPRF-MG;DEL08-MG;UOP03-DEL08-MG
741480;25/12/2025;quinta-feira;03:30:00;SC;116;108;MONTE CASTELO;Condutor Dormindo;Tombamento;Com Vítimas Feridas;Plena Noite;Decrescente;Céu Claro;Simples;Declive;Não;2;0;2;0;0;0;2;1;-26,753284;-50,332581;SPRF-SC;DEL06-SC;UOP02-DEL06-SC
741482;25/12/2025;quinta-feira;07:40:00;SE;101;81;LARANJEIRAS;Ingestão de álcool pelo condutor;Colisão traseira;Com Vítimas Feridas;Pleno dia;Crescente;Nublado;Dupla;Reta;Não;4;0;1;0;2;1;1;3;-10,8121;-37,1288;SPRF-SE;DEL01-SE;UOP01-DEL01-SE
741491;25/12/2025;quinta-feira;08:35:00;MG;381;488;BETIM;Ingestão de álcool pelo condutor;Colisão traseira;Com Vítimas Feridas;Pleno dia;Decrescente;Céu Claro;Dupla;Reta;Sim;3;0;0;1;1;1;1;3;-19,956567;-44,127068;SPRF-MG;DEL01-MG;UOP03-DEL01-MG
741497;25/12/2025;quinta-feira;08:45:00;PR;376;668;GUARATUBA;Condutor Dormindo;Colisão traseira;Com Vítimas Feridas;Pleno dia;Crescente;Céu Claro;Dupla;Reta;Não;4;0;0;1;2;1;1;3;-25,86422269;-48,93769138;SPRF-PR;DEL01-PR;UOP04-DEL01-PR
741499;25/12/2025;quinta-feira;08:30:00;MG;262;43,8;MANHUACU;Transitar na contramão;Colisão frontal;Com Vítimas Feridas;Pleno dia;Crescente;Sol;Simples;Curva;Não;3;0;1;0;1;2;1;4;-20,259474;-42,096423;SPRF-MG;DEL06-MG;UOP03-DEL06-MG
741502;25/12/2025;quinta-feira;09:48:00;SP;381;87;GUARULHOS;Acessar a via sem observar a presença dos outros veículos;Colisão lateral mesmo sentido;Sem Vítimas;Pleno dia;Decrescente;Céu Claro;Múltipla;Curva;Sim;2;0;0;0;1;1;0;2;-23,474371;-46,561092;SPRF-SP;DEL03-SP;UOP01-DEL03-SP
741526;25/12/2025;quinta-feira;10:15:00;RS;285;1,6;SAO BORJA;Suicídio (presumido);Colisão lateral sentido oposto;Sem Vítimas;Pleno dia;Crescente;Chuva;Simples;Curva;Não;3;0;0;0;2;1;0;3;-28,652205;-55,979338;SPRF-RS;DEL12-RS;UOP01-DEL12-RS
741532;25/12/2025;quinta-feira;10:30:00;MT;163;1102;GUARANTA DO NORTE;Velocidade Incompatível;Tombamento;Com Vítimas Feridas;Pleno dia;Crescente;Céu Claro;Simples;"Declive;Curva";Não;6;0;3;0;1;3;3;5;-9,64890014;-54,87267494;SPRF-MT;DEL06-MT;UOP03-DEL06-MT
741534;25/12/2025;quinta-feira;11:47:00;MS;163;175;JUTI;Ausência de reação do condutor;Saída de leito carroçável;Com Vítimas Fatais;Pleno dia;Decrescente;Sol;Simples;Reta;Não;2;1;0;0;0;1;0;2;-22,855745;-54,639132;SPRF-MS;DEL09-MS;UOP01-DEL09-MS
741540;13/12/2025;sábado;12:50:00;BA;116;900,3;CANDIDO SALES;Reação tardia ou ineficiente do condutor;Colisão traseira;Com Vítimas Feridas;Pleno dia;Decrescente;Nublado;Simples;Reta;Não;6;0;1;3;1;1;4;3;-15,43829;-41,22299;SPRF-BA;DEL08-BA;UOP03-DEL08-BA
741545;25/12/2025;quinta-feira;15:15:00;PR;277;12,3;PARANAGUA;Acessar a via sem observar a presença dos outros veículos;Colisão transversal;Com Vítimas Feridas;Pleno dia;Crescente;Céu Claro;Dupla;"Reta;Retorno Regulamentado";Não;6;0;2;1;3;0;3;2;-25,562973;-48,6385;SPRF-PR;DEL01-PR;UOP05-DEL01-PR
741559;25/12/2025;quinta-feira;15:30:00;MG;381;379,9;SAO GONCALO DO RIO ABAIXO;Condutor Dormindo;Colisão traseira;Com Vítimas Feridas;Pleno dia;Decrescente;Sol;Simples;Reta;Não;3;0;1;0;1;1;1;3;-19,820136;-43,390261;SPRF-MG;DEL01-MG;UOP01-DEL01-MG
741566;25/12/2025;quinta-feira;16:45:00;MG;262;435;NOVA SERRANA;Manobra de mudança de faixa;Colisão com objeto;Com Vítimas Feridas;Pleno dia;Crescente;Céu Claro;Dupla;Reta;Sim;3;0;2;0;1;0;2;2;-19,87554876;-44,94845867;SPRF-MG;DEL08-MG;UOP03-DEL08-MG
741569;25/12/2025;quinta-feira;17:01:00;DF;70;17,5;BRASILIA;Ausência de reação do condutor;Colisão traseira;Com Vítimas Feridas;Pleno dia;Crescente;Céu Claro;Dupla;"Retorno Regulamentado;Reta";Sim;3;0;1;0;1;2;1;4;-15,79222;-48,2075;SPRF-DF;DEL03-DF;UOP02-DEL03-DF
741580;25/12/2025;quinta-feira;11:30:00;MA;222;640;ACAILANDIA;Curva acentuada;Tombamento;Sem Vítimas;Pleno dia;Decrescente;Nublado;Simples;Curva;Não;2;0;0;0;0;2;0;2;-4,79914;-47,22818;SPRF-MA;DEL04-MA;UOP03-DEL04-MA
741587;25/12/2025;quinta-feira;17:50:00;GO;153;199;URUACU;Condutor deixou de manter distância do veículo da frente;Colisão traseira;Com Vítimas Feridas;Pleno dia;Crescente;Nublado;Simples;Curva;Sim;3;0;1;0;1;1;1;3;-14,52423;-49,158792;SPRF-GO;DEL07-GO;UOP02-DEL07-GO
741608;25/12/2025;quinta-feira;20:00:00;MG;262;153,4;SAO DOMINGOS DO PRATA;Velocidade Incompatível;Colisão com objeto;Com Vítimas Feridas;Plena Noite;Decrescente;Céu Claro;Simples;"Ponte;Declive;Curva";Não;1;0;1;0;0;0;1;1;-19,98838805;-42,79136002;SPRF-MG;DEL03-MG;UOP03-DEL03-MG
741618;25/12/2025;quinta-feira;19:50:00;MA;10;295;SAO FRANCISCO DO BREJAO;Deficiência do Sistema de Iluminação/Sinalização;Colisão traseira;Com Vítimas Feridas;Plena Noite;Crescente;Céu Claro;Simples;"Reta;Aclive";Não;2;0;1;0;1;0;1;2;-5,154906;-47,539066;SPRF-MA;DEL04-MA;UOP01-DEL04-MA
741619;25/12/2025;quinta-feira;20:15:00;MG;50;53;ARAGUARI;Demais falhas mecânicas ou elétricas;Incêndio;Sem Vítimas;Plena Noite;Decrescente;Céu Claro;Dupla;Reta;Não;2;0;0;0;1;1;0;2;-18,766317;-48,244444;SPRF-MG;DEL15-MG;UOP02-DEL15-MG
741620;20/12/2025;sábado;03:20:00;BA;101;20,9;RIO REAL;Demais falhas mecânicas ou elétricas;Incêndio;Sem Vítimas;Plena Noite;Crescente;Ignorado;Dupla;Reta;Não;2;0;0;0;1;1;0;2;-11,6664616;-37,89672098;SPRF-SE;DEL02-SE;UOP03-DEL02-SE
741636;25/12/2025;quinta-feira;23:10:00;PR;376;658,4;TIJUCAS DO SUL;Condutor Dormindo;Saída de leito carroçável;Com Vítimas Feridas;Plena Noite;Crescente;Nublado;Simples;Aclive;Não;4;0;1;0;2;1;1;2;-25,850402;-49,011208;SPRF-PR;DEL01-PR;UOP04-DEL01-PR
741646;26/12/2025;sexta-feira;03:10:00;PB;101;37,3;MAMANGUAPE;Ausência de reação do condutor;Colisão com objeto;Sem Vítimas;Plena Noite;Decrescente;Céu Claro;Dupla;Reta;Não;1;0;0;0;1;0;0;1;-6,815588;-35,138742;SPRF-PB;DEL01-PB;UOP03-DEL01-PB
741649;25/12/2025;quinta-feira;09:15:00;PA;316;31;SANTA IZABEL DO PARA;Avarias e/ou desgaste excessivo no pneu;Colisão traseira;Sem Vítimas;Pleno dia;Decrescente;Sol;Dupla;Reta;Não;3;0;0;0;3;0;0;2;-1,302025;-48,19603;SPRF-PA;DEL01-PA;UOP01-DEL01-PA
741650;26/12/2025;sexta-feira;03:50:00;CE;116;19;EUSEBIO;Problema com o freio;Incêndio;Sem Vítimas;Plena Noite;Crescente;Céu Claro;Dupla;Reta;Sim;2;0;0;0;1;1;0;2;-3,91810696;-38,50677967;SPRF-CE;DEL01-CE;UOP02-DEL01-CE
741651;26/12/2025;sexta-feira;03:25:00;BA;242;844;BARREIRAS;Entrada inopinada do pedestre;Atropelamento de Pedestre;Com Vítimas Fatais;Plena Noite;Crescente;Ignorado;Simples;Reta;Não;2;1;0;0;0;1;0;2;-12,1187407;-45,056716;SPRF-BA;DEL10-BA;UOP01-DEL10-BA
741654;26/12/2025;sexta-feira;04:10:00;GO;40;96;CRISTALINA;Ausência de reação do condutor;Colisão traseira;Com Vítimas Feridas;Plena Noite;Decrescente;Céu Claro;Simples;"Reta;Aclive";Sim;5;0;2;0;2;2;2;4;-16,765452;-47,596094;SPRF-DF;DEL01-DF;UOP02-DEL01-DF
741666;26/12/2025;sexta-feira;07:00:00;RJ;101;385;RIO DE JANEIRO;Condutor deixou de manter distância do veículo da frente;Colisão traseira;Com Vítimas Feridas;Pleno dia;Crescente;Céu Claro;Dupla;Reta;Sim;2;0;1;0;1;0;1;2;-22,880083;-43,629447;SPRF-RJ;DEL03-RJ;UOP01-DEL03-RJ
741671;31/10/2025;sexta-feira;07:50:00;MG;262;351,1;BETIM;Reação tardia ou ineficiente do condutor;Colisão traseira;Com Vítimas Feridas;Pleno dia;Crescente;Nublado;Dupla;"Declive;Curva";Não;3;0;0;1;0;2;1;3;-19,98239801;-44,23202841;SPRF-MG;DEL01-MG;UOP03-DEL01-MG
741681;23/12/2025;terça-feira;05:40:00;MG;381;923,5;CAMANDUCAIA;Condutor Dormindo;Colisão traseira;Sem Vítimas;Pleno dia;Crescente;Sol;Dupla;Reta;Não;3;0;0;0;1;2;0;3;-22,77518733;-46,18677378;SPRF-MG;DEL16-MG;UOP03-DEL16-MG
741689;26/12/2025;sexta-feira;10:45:00;MG;381;404;NOVA UNIAO;Ausência de reação do condutor;Colisão traseira;Com Vítimas Feridas;Pleno dia;Decrescente;Sol;Dupla;"Aclive;Reta";Não;3;0;1;0;1;1;1;3;-19,732447;-43,559586;SPRF-MG;DEL01-MG;UOP01-DEL01-MG
741696;26/12/2025;sexta-feira;11:30:00;GO;60;97;ANAPOLIS;Reação tardia ou ineficiente do condutor;Colisão lateral mesmo sentido;Com Vítimas Feridas;Pleno dia;Crescente;Céu Claro;Dupla;Retorno Regulamentado;Sim;3;0;0;2;1;0;2;2;-16,37766;-48,9489372;SPRF-GO;DEL02-GO;UOP01-DEL02-GO
741708;26/12/2025;sexta-feira;12:20:00;PE;232;69,9;GRAVATA;Ausência de reação do condutor;Colisão traseira;Com Vítimas Feridas;Pleno dia;Crescente;Sol;Dupla;Reta;Não;3;0;0;1;1;2;1;4;-8,16759443;-35,47005622;SPRF-PE;DEL02-PE;UOP02-DEL02PE
741709;26/12/2025;sexta-feira;08:40:00;GO;20;128;FLORES DE GOIAS;Ultrapassagem Indevida;Saída de leito carroçável;Sem Vítimas;Pleno dia;Crescente;Nublado;Simples;Reta;Não;2;0;0;0;1;1;0;2;-14,848447;-46,760484;SPRF-DF;DEL02-DF;UOP03-DEL02-DF
741713;26/12/2025;sexta-feira;10:50:00;SC;163;72,2;SAO MIGUEL DO OESTE;Reação tardia ou ineficiente do condutor;Colisão traseira;Com Vítimas Feridas;Pleno dia;Crescente;Céu Claro;Dupla;"Reta;Interseção de Vias";Sim;4;0;0;1;3;0;1;2;-26,7192831;-53,51555798;SPRF-SC;DEL07-SC;UOP03-DEL07-SC
741714;22/12/2025;segunda-feira;20:00:00;PR;376;667;GUARATUBA;Demais falhas mecânicas ou elétricas;Incêndio;Sem Vítimas;Plena Noite;Decrescente;Nublado;Dupla;Curva;Não;1;0;0;0;1;0;0;1;-25,86271664;-48,944472;SPRF-PR;DEL01-PR;UOP04-DEL01-PR
741720;26/12/2025;sexta-feira;12:45:00;SC;282;502,5;XANXERE;Ausência de reação do condutor;Saída de leito carroçável;Sem Vítimas;Pleno dia;Crescente;Garoa/Chuvisco;Simples;Rotatória;Sim;1;0;0;0;1;0;0;1;-26,88468906;-52,39171743;SPRF-SC;DEL07-SC;UOP01-DEL07-SC
741721;26/12/2025;sexta-feira;13:00:00;GO;60;452;JATAI;Reação tardia ou ineficiente do condutor;Saída de leito carroçável;Com Vítimas Feridas;Pleno dia;Crescente;Chuva;Dupla;"Reta;Aclive";Não;2;0;1;0;1;0;1;1;-17,854882;-51,543925;SPRF-GO;DEL05-GO;UOP01-DEL05-GO
741734;26/12/2025;sexta-feira;14:55:00;BA;116;29;VITORIA DA CONQUISTA;Conversão proibida;Colisão transversal;Com Vítimas Feridas;Pleno dia;Decrescente;Céu Claro;Simples;Curva;Não;2;0;1;0;1;0;1;2;-14,827052;-40,82883;SPRF-BA;DEL08-BA;UOP01-DEL08-BA
741735;26/12/2025;sexta-feira;15:00:00;PR;277;364;GUARAPUAVA;Reação tardia ou ineficiente do condutor;Colisão lateral mesmo sentido;Sem Vítimas;Pleno dia;Decrescente;Céu Claro;Simples;"Aclive;Reta";Não;3;0;0;0;2;1;0;2;-25,40344735;-51,74520636;SPRF-PR;DEL08-PR;UOP01-DEL08-PR
741738;26/12/2025;sexta-feira;15:27:00;ES;101;359,9;ANCHIETA;Ultrapassagem Indevida;Saída de leito carroçável;Com Vítimas Feridas;Pleno dia;Decrescente;Céu Claro;Simples;"Curva;Interseção de Vias";Não;2;0;2;0;0;0;2;1;-20,7100952;-40,72080124;SPRF-ES;DEL03-ES;UOP01-DEL03-ES
741739;26/12/2025;sexta-feira;15:05:00;SC;470;7,1;NAVEGANTES;Retorno proibido;Colisão transversal;Com Vítimas Feridas;Pleno dia;Crescente;Céu Claro;Dupla;Reta;Sim;4;0;2;0;1;2;2;5;-26,84377782;-48,71493612;SPRF-SC;DEL04-SC;UOP04-DEL04-SC
741741;26/12/2025;sexta-feira;14:00:00;MT;163;999;TERRA NOVA DO NORTE;Demais falhas mecânicas ou elétricas;Eventos atípicos;Com Vítimas Feridas;Pleno dia;Crescente;Céu Claro;Simples;"Declive;Reta";Não;4;0;0;1;1;4;1;5;-10,496579;-55,071622;SPRF-MT;DEL06-MT;UOP03-DEL06-MT
741746;26/12/2025;sexta-feira;15:27:00;CE;116;169,5;RUSSAS;Acessar a via sem observar a presença dos outros veículos;Colisão transversal;Com Vítimas Feridas;Pleno dia;Crescente;Céu Claro;Simples;Reta;Não;5;0;1;0;3;2;1;5;-4,98587;-38,02894;SPRF-CE;DEL03-CE;UOP01-DEL03-CE
741749;26/12/2025;sexta-feira;15:50:00;PR;376;310,9;ORTIGUEIRA;Velocidade Incompatível;Tombamento;Com Vítimas Feridas;Pleno dia;Crescente;Céu Claro;Dupla;"Declive;Curva";Não;2;0;1;0;0;1;1;2;-23,980762;-51,085538;SPRF-PR;DEL07-PR;UOP02-DEL07-PR
741757;26/12/2025;sexta-feira;15:39:00;SC;282;507,2;XANXERE;Ingestão de álcool pelo condutor;Colisão traseira;Sem Vítimas;Pleno dia;Crescente;Nublado;Dupla;Retorno Regulamentado;Sim;2;0;0;0;2;0;0;2;-26,8857192;-52,43785122;SPRF-SC;DEL07-SC;UOP01-DEL07-SC
741758;26/12/2025;sexta-feira;14:30:00;CE;116;28;ITAITINGA;Ingestão de álcool pelo condutor;Saída de leito carroçável;Sem Vítimas;Pleno dia;Crescente;Céu Claro;Dupla;Reta;Não;2;0;0;0;1;1;0;2;-3,99928298;-38,51649731;SPRF-CE;DEL01-CE;UOP02-DEL01-CE
741762;26/12/2025;sexta-feira;15:40:00;SC;282;507,2;XANXERE;Condutor deixou de manter distância do veículo da frente;Colisão traseira;Sem Vítimas;Pleno dia;Decrescente;Nublado;Simples;Reta;Não;3;0;0;0;3;0;0;2;-26,88618233;-52,4378804;SPRF-SC;DEL07-SC;UOP01-DEL07-SC
741764;26/12/2025;sexta-feira;13:20:00;PR;369;149;LONDRINA;Condutor deixou de manter distância do veículo da frente;Engavetamento;Com Vítimas Feridas;Pleno dia;Crescente;Sol;Dupla;"Reta;Aclive";Sim;4;0;1;0;3;0;1;3;-23,29293209;-51,15280978;SPRF-PR;DEL07-PR;UOP01-DEL07-PR
741771;26/12/2025;sexta-feira;17:30:00;SC;280;267,5;IRINEOPOLIS;Ausência de reação do condutor;Colisão traseira;Sem Vítimas;Pleno dia;Decrescente;Chuva;Simples;Reta;Sim;3;0;0;0;2;1;0;3;-26,26422127;-50,70760902;SPRF-SC;DEL06-SC;UOP04-DEL06-SC
741772;26/12/2025;sexta-feira;14:00:00;MG;381;317;NOVA ERA;Velocidade Incompatível;Tombamento;Com Vítimas Feridas;Pleno dia;Crescente;Nublado;Simples;"Curva;Aclive";Não;2;0;1;0;0;1;1;2;-19,72364556;-43,0093503;SPRF-MG;DEL03-MG;UOP02-DEL03-MG
741781;26/12/2025;sexta-feira;18:15:00;RJ;101;296;ITABORAI;Trafegar com motocicleta (ou similar) entre as faixas;Colisão lateral mesmo sentido;Com Vítimas Feridas;Pleno dia;Decrescente;Céu Claro;Dupla;Reta;Não;5;0;2;0;2;1;2;4;-22,76712733;-42,91173642;SPRF-RJ;DEL02-RJ;UOP02-DEL02-RJ
741783;24/12/2025;quarta-feira;22:00:00;PR;277;489,9;NOVA LARANJEIRAS;Problema com o freio;Incêndio;Sem Vítimas;Plena Noite;Crescente;Céu Claro;Simples;"Aclive;Reta";Não;2;0;0;0;1;1;0;2;-25,2415;-52,6305;SPRF-PR;DEL04-PR;UOP02-DEL04-PR
741809;26/12/2025;sexta-feira;18:31:00;TO;226;26;PALMEIRAS DO TOCANTINS;Avarias e/ou desgaste excessivo no pneu;Derramamento de carga;Sem Vítimas;Plena Noite;Decrescente;Céu Claro;Simples;"Reta;Aclive";Não;2;0;0;0;1;3;0;4;-6,64250383;-47,66932838;SPRF-TO;DEL02-TO;UOP03-DEL02-TO