id;data_inversa;dia_semana;horario;uf;br;km;municipio;causa_acidente;tipo_acidente;classificacao_acidente;fase_dia;sentido_via;condicao_metereologica;tipo_pista;tracado_via;uso_solo;pessoas;mortos;feridos_leves;feridos_graves;ilesos;ignorados;feridos;veiculos;latitude;longitude;regional;delegacia;uop
741829;02/12/2025;terça-feira;12:00:00;PB;104;136;QUEIMADAS;Condutor deixou de manter distância do veículo da frente;Colisão traseira;Sem Vítimas;Pleno dia;Crescente;Céu Claro;Simples;Reta;Sim;2;0;0;0;2;0;0;2;-7,33478;-35,897969;SPRF-PB;DEL02-PB;UOP03-DEL02-PB
741836;26/12/2025;sexta-feira;18:20:00;MG;381;908,1;CAMBUI;Curva acentuada;Tombamento;Com Vítimas Feridas;Plena Noite;Decrescente;Céu Claro;Dupla;"Declive;Curva";Não;2;0;1;0;0;1;1;2;-22,67312151;-46,09501362;SPRF-MG;DEL16-MG;UOP03-DEL16-MG
741841;26/12/2025;sexta-feira;22:00:00;RJ;101;572;PARATY;Deixar de acionar o farol da motocicleta (ou similar);Colisão traseira;Com Vítimas Feridas;Plena Noite;Crescente;Céu Claro;Simples;Reta;Não;3;0;2;0;1;0;2;2;-23,20040858;-44,72886086;SPRF-RJ;DEL03-RJ;UOP04-DEL03-RJ
741842;26/12/2025;sexta-feira;17:00:00;MG;251;350;PADRE CARVALHO;Reação tardia ou ineficiente do condutor;Colisão com objeto;Com Vítimas Fatais;Pleno dia;Decrescente;Céu Claro;Simples;"Declive;Curva";Não;2;1;0;0;0;1;0;2;-16,257333;-42,522644;SPRF-MG;DEL12-MG;UOP02-DEL12-MG
741845;26/12/2025;sexta-feira;23:30:00;PR;277;643,5;CEU AZUL;Transitar na contramão;Colisão frontal;Com Vítimas Feridas;Plena Noite;Crescente;Céu Claro;Simples;Curva;Não;3;0;0;1;2;0;1;2;-25,18029474;-53,86856942;SPRF-PR;DEL05-PR;UOP02-DEL05-PR
741849;27/12/2025;sábado;01:15:00;MG;381;357;SAO GONCALO DO RIO ABAIXO;Reação tardia ou ineficiente do condutor;Colisão traseira;Com Vítimas Feridas;Plena Noite;Decrescente;Céu Claro;Simples;"Aclive;Reta";Não;4;0;1;0;3;0;1;3;-19,85997362;-43,22965264;SPRF-MG;DEL03-MG;UOP01-DEL03-MG
741855;27/12/2025;sábado;01:30:00;RJ;393;185;PARAIBA DO SUL;Condutor Dormindo;Colisão com objeto;Com Vítimas Feridas;Plena Noite;Crescente;Vento;Simples;Reta;Não;50;0;3;0;46;1;3;3;-22,15654291;-43,30831709;SPRF-RJ;DEL05-RJ;UOP03-DEL05-RJ
741856;26/12/2025;sexta-feira;22:10:00;PR;376;417,8;TIBAGI;Demais falhas mecânicas ou elétricas;Incêndio;Sem Vítimas;Plena Noite;Crescente;Céu Claro;Dupla;Curva;Não;3;0;0;0;2;2;0;3;-24,70519981;-50,55702209;SPRF-PR;DEL03-PR;UOP02-DEL03-PR
741857;26/12/2025;sexta-feira;21:00:00;SC;101;4;GARUVA;Manobra de mudança de faixa;Colisão lateral mesmo sentido;Com Vítimas Feridas;Plena Noite;Decrescente;Nublado;Dupla;"Ponte;Reta";Não;3;0;1;0;2;0;1;2;-26,01773844;-48,86216565;SPRF-SC;DEL03-SC;UOP01-DEL03-SC
741859;27/12/2025;sábado;03:30:00;BA;324;554,3;AMELIA RODRIGUES;Animais na Pista;Colisão frontal;Com Vítimas Fatais;Plena Noite;Crescente;Nevoeiro/Neblina;Dupla;Reta;Não;2;1;0;1;0;0;1;2;-12,4698933;-38,6840033;SPRF-BA;DEL01-BA;UOP03-DEL01-BA
741864;27/12/2025;sábado;05:38:00;GO;60;131;GOIANIA;Reação tardia ou ineficiente do condutor;Colisão traseira;Com Vítimas Feridas;Pleno dia;Crescente;Céu Claro;Dupla;"Reta;Aclive";Não;5;0;0;2;2;1;2;3;-16,581564;-49,176133;SPRF-GO;DEL01-GO;UOP01-DEL01-GO
741887;27/12/2025;sábado;01:30:00;MT;163;1034;MATUPA;Ultrapassagem Indevida;Colisão lateral mesmo sentido;Com Vítimas Fatais;Plena Noite;Decrescente;Chuva;Simples;Reta;Sim;4;1;0;1;1;3;1;5;-10,21497511;-54,96662736;SPRF-MT;DEL06-MT;UOP03-DEL06-MT
741897;27/12/2025;sábado;00:30:00;RO;364;405,8;JARU;Manobra de mudança de faixa;Colisão lateral sentido oposto;Com Vítimas Feridas;Pleno dia;Decrescente;Céu Claro;Simples;"Curva;Aclive";Não;3;0;2;0;1;0;2;2;-10,54532703;-62,39050329;SPRF-RO;DEL03-RO;UOP02-DEL03-RO
741927;27/12/2025;sábado;09:50:00;MT;163;750;SORRISO;Trafegar com motocicleta (ou similar) entre as faixas;Colisão lateral mesmo sentido;Com Vítimas Feridas;Pleno dia;Decrescente;Céu Claro;Dupla;Retorno Regulamentado;Sim;2;0;1;0;1;0;1;2;-12,57079648;-55,7262313;SPRF-MT;DEL06-MT;UOP01-DEL06-MT
741935;27/12/2025;sábado;12:00:00;PE;104;55;CARUARU;Ausência de reação do condutor;Colisão traseira;Com Vítimas Feridas;Pleno dia;Crescente;Céu Claro;Dupla;Reta;Não;2;0;0;1;0;1;1;2;-8,187303;-35,966868;SPRF-PE;DEL02-PE;UOP01-DEL02-PE
741936;27/12/2025;sábado;06:50:00;SP;116;425;JUQUIA;Condutor Dormindo;Tombamento;Com Vítimas Feridas;Pleno dia;Decrescente;Céu Claro;Dupla;Curva;Não;1;0;1;0;0;0;1;1;-24,36864793;-47,69910693;SPRF-SP;DEL05-SP;UOP01-DEL05-SP
741940;27/12/2025;sábado;09:15:00;SP;116;121,4;CACAPAVA;Ausência de reação do condutor;Tombamento;Com Vítimas Fatais;Pleno dia;Decrescente;Céu Claro;Dupla;"Reta;Aclive";Não;3;1;0;0;1;1;0;3;-23,07687;-45,65434;SPRF-SP;DEL02-SP;UOP02-DEL02-SP
741945;27/12/2025;sábado;10:30:00;MG;40;303;TRES MARIAS;Problema com o freio;Saída de leito carroçável;Com Vítimas Feridas;Pleno dia;Decrescente;Céu Claro;Simples;Reta;Não;2;0;1;0;0;2;1;3;-18,384923;-45,10043;SPRF-MG;DEL14-MG;UOP02-DEL14-MG
741948;27/12/2025;sábado;05:15:00;MA;316;38;MARACACUME;Condutor Dormindo;Saída de leito carroçável;Sem Vítimas;Amanhecer;Decrescente;Céu Claro;Simples;Reta;Não;1;0;0;0;0;1;0;1;-1,915352;-46,04618;SPRF-MA;DEL02-MA;UOP02-DEL02-MA
741952;27/12/2025;sábado;11:20:00;MT;163;607;NOVA MUTUM;Ausência de reação do condutor;Colisão traseira;Com Vítimas Fatais;Pleno dia;Decrescente;Céu Claro;Dupla;Reta;Não;7;2;0;2;2;1;2;3;-13,75061122;-56,05319715;SPRF-MT;DEL01-MT;UOP01-DEL01-MT
741954;27/12/2025;sábado;11:30:00;RJ;101;299;ITABORAI;Reação tardia ou ineficiente do condutor;Tombamento;Com Vítimas Feridas;Pleno dia;Crescente;Céu Claro;Dupla;Reta;Sim;2;0;1;0;0;1;1;2;-22,77422097;-42,93842666;SPRF-RJ;DEL02-RJ;UOP02-DEL02-RJ
741964;27/12/2025;sábado;09:00:00;PI;135;540;SAO GONCALO DO GURGUEIA;Demais falhas mecânicas ou elétricas;Incêndio;Sem Vítimas;Pleno dia;Crescente;Céu Claro;Simples;"Aclive;Curva";Não;1;0;0;0;1;0;0;1;-10,05427;-45,284654;SPRF-PI;DEL03-PI;UOP02-DEL03-PI
741967;27/12/2025;sábado;15:30:00;RJ;101;498;ANGRA DOS REIS;Ausência de reação do condutor;Colisão com objeto;Com Vítimas Fatais;Pleno dia;Decrescente;Céu Claro;Simples;Curva;Não;3;1;0;0;2;0;0;1;-22,94385067;-44,42544937;SPRF-RJ;DEL03-RJ;UOP03-DEL03-RJ
741969;27/12/2025;sábado;12:50:00;RO;364;649;CANDEIAS DO JAMARI;Condutor deixou de manter distância do veículo da frente;Colisão traseira;Com Vítimas Feridas;Pleno dia;Crescente;Céu Claro;Simples;"Reta;Aclive";Não;6;0;1;0;4;3;1;6;-8,96172349;-63,42819214;SPRF-RO;DEL01-RO;UOP04-DEL01-RO
741975;27/12/2025;sábado;15:00:00;PI;316;5,2;TERESINA;Objeto estático sobre o leito carroçável;Colisão com objeto;Com Vítimas Feridas;Pleno dia;Crescente;Sol;Múltipla;"Reta;Declive";Sim;3;0;1;1;1;0;2;2;-5,14284;-42,77984;SPRF-PI;DEL01-PI;UOP02-DEL01-PI
741976;27/12/2025;sábado;15:55:00;BA;116;366;SERRINHA;Transitar na contramão;Colisão frontal;Com Vítimas Feridas;Pleno dia;Decrescente;Sol;Simples;Reta;Sim;5;0;4;0;1;0;4;3;-11,728343;-38,986412;SPRF-BA;DEL02-BA;UOP01-DEL02-BA
741991;27/12/2025;sábado;12:53:00;MT;364;542;ROSARIO OESTE;Demais falhas mecânicas ou elétricas;Incêndio;Sem Vítimas;Pleno dia;Decrescente;Nublado;Simples;Reta;Não;2;0;0;0;1;2;0;3;-14,85305674;-56,45086166;SPRF-MT;DEL01-MT;UOP01-DEL01-MT
741994;27/12/2025;sábado;05:30:00;PA;230;583;VITORIA DO XINGU;Reação tardia ou ineficiente do condutor;Saída de leito carroçável;Com Vítimas Feridas;Amanhecer;Decrescente;Ignorado;Simples;"Curva;Declive";Não;1;0;1;0;0;0;1;1;-3,09388;-51,85283;SPRF-PA;DEL04-PA;UOP01-DEL04-PA
742001;27/12/2025;sábado;14:30:00;PR;116;7;CAMPINA GRANDE DO SUL;Reação tardia ou ineficiente do condutor;Colisão com objeto;Com Vítimas Feridas;Pleno dia;Decrescente;Chuva;Dupla;Curva;Não;3;0;1;0;1;1;1;3;-25,10204841;-48,69954944;SPRF-PR;DEL01-PR;UOP02-DEL01-PR
742003;27/12/2025;sábado;17:00:00;MG;365;631;UBERLANDIA;Reação tardia ou ineficiente do condutor;Colisão lateral mesmo sentido;Sem Vítimas;Pleno dia;Decrescente;Céu Claro;Dupla;Reta;Não;3;0;0;0;1;4;0;5;-18,8980505;-48,3831162;SPRF-MG;DEL15-MG;UOP01-DEL15-MG
742012;27/12/2025;sábado;15:05:00;MT;364;172;PEDRA PRETA;Objeto estático sobre o leito carroçável;Saída de leito carroçável;Com Vítimas Feridas;Pleno dia;Decrescente;Nublado;Simples;Reta;Não;2;0;1;0;0;1;1;2;-16,64600163;-54,41813113;SPRF-MT;DEL02-MT;UOP01-DEL02-MT
742026;27/12/2025;sábado;20:45:00;RN;110;98,5;UPANEMA;Transitar na contramão;Colisão frontal;Com Vítimas Fatais;Plena Noite;Crescente;Céu Claro;Simples;Reta;Sim;2;1;0;0;1;0;0;2;-5,635122;-37,262982;SPRF-RN;DEL04-RN;UOP01-DEL04-RN
742034;27/12/2025;sábado;20:40:00;PE;232;174,7;BELO JARDIM;Transitar na contramão;Colisão frontal;Com Vítimas Fatais;Plena Noite;Crescente;Céu Claro;Simples;Curva;Sim;5;2;0;2;1;0;2;2;-8,3392729;-36,3843049;SPRF-PE;DEL03-PE;UOP02-DEL03-PE
742039;27/12/2025;sábado;18:55:00;RJ;40;117;DUQUE DE CAXIAS;Entrada inopinada do pedestre;Atropelamento de Pedestre;Com Vítimas Fatais;Plena Noite;Decrescente;Céu Claro;Múltipla;Reta;Sim;5;1;0;0;2;2;0;4;-22,74726733;-43,28770772;SPRF-RJ;DEL01-RJ;UOP02-DEL01-RJ
742050;27/12/2025;sábado;19:30:00;MT;163;565;NOVA MUTUM;Reação tardia ou ineficiente do condutor;Saída de leito carroçável;Sem Vítimas;Plena Noite;Crescente;Garoa/Chuvisco;Dupla;Reta;Não;2;0;0;0;1;3;0;4;-14,111398;-56,118797;SPRF-MT;DEL01-MT;UOP01-DEL01-MT
742075;28/12/2025;domingo;01:30:00;MS;163;389,3;NOVA ALVORADA DO SUL;Ingestão de álcool pelo condutor;Colisão lateral sentido oposto;Com Vítimas Feridas;Plena Noite;Crescente;Nublado;Simples;Declive;Não;4;0;3;0;1;0;3;2;-21,260857;-54,446436;SPRF-MS;DEL02-MS;UOP01-DEL02-MS
742085;28/12/2025;domingo;04:00:00;RJ;116;197;QUEIMADOS;Condutor Dormindo;Colisão com objeto;Com Vítimas Feridas;Amanhecer;Crescente;Céu Claro;Dupla;Curva;Sim;3;0;0;1;1;1;1;3;-22,73122374;-43,61846924;SPRF-RJ;DEL06-RJ;UOP02-DEL06-RJ
742095;28/12/2025;domingo;05:10:00;PI;316;258;IPIRANGA DO PIAUI;Condutor deixou de manter distância do veículo da frente;Colisão traseira;Com Vítimas Feridas;Amanhecer;Crescente;Nublado;Simples;Aclive;Não;7;0;2;0;3;2;2;3;-6,81554;-41,73794;SPRF-PI;DEL04-PI;UOP02-DEL04-PI
742115;28/12/2025;domingo;08:25:00;RS;386;74;JABOTICABA;Velocidade Incompatível;Tombamento;Com Vítimas Feridas;Pleno dia;Decrescente;Céu Claro;Simples;"Interseção de Vias;Retorno Regulamentado";Não;1;0;1;0;0;0;1;1;-27,6853437;-53,3059835;SPRF-RS;DEL08-RS;UOP02-DEL08-RS
742117;28/12/2025;domingo;08:10:00;RS;153;623;HULHA NEGRA;Frear bruscamente;Tombamento;Sem Vítimas;Pleno dia;Crescente;Garoa/Chuvisco;Simples;"Interseção de Vias;Rotatória";Não;1;0;0;0;1;0;0;1;-31,32864349;-53,98027031;SPRF-RS;DEL11-RS;UOP03-DEL11-RS
742123;20/12/2025;sábado;22:05:00;MG;381;796,4;SAO GONCALO DO SAPUCAI;Ausência de reação do condutor;Tombamento;Com Vítimas Feridas;Pleno dia;Decrescente;Céu Claro;Dupla;"Declive;Reta";Não;2;0;1;0;0;1;1;2;-21,91115;-45,573552;SPRF-MG;DEL16-MG;UOP02-DEL16-MG
742128;28/12/2025;domingo;08:50:00;SC;101;1,8;GARUVA;Demais falhas mecânicas ou elétricas;Incêndio;Sem Vítimas;Pleno dia;Crescente;Céu Claro;Múltipla;Reta;Não;2;0;0;0;1;1;0;2;-25,99561633;-48,87947583;SPRF-SC;DEL03-SC;UOP01-DEL03-SC
742131;28/12/2025;domingo;08:20:00;MS;163;0,3;MUNDO NOVO;Ausência de reação do condutor;Colisão com objeto;Com Vítimas Fatais;Pleno dia;Decrescente;Chuva;Simples;"Declive;Curva";Não;2;1;0;0;0;1;0;2;-24,042875;-54,274669;SPRF-MS;DEL09-MS;UOP02-DEL09-MS
742144;28/12/2025;domingo;09:45:00;MT;364;263;SAO PEDRO DA CIPA;Manobra de mudança de faixa;Colisão lateral mesmo sentido;Com Vítimas Feridas;Pleno dia;Crescente;Céu Claro;Dupla;"Declive;Reta";Não;6;0;1;0;4;3;1;5;-16,013478;-54,90973;SPRF-MT;DEL02-MT;UOP01-DEL02-MT
742153;28/12/2025;domingo;09:00:00;BA;116;51;CHORROCHO;Ausência de reação do condutor;Colisão lateral sentido oposto;Com Vítimas Fatais;Pleno dia;Crescente;Céu Claro;Simples;Reta;Não;5;1;2;0;2;0;2;2;-9,057836;-39,162638;SPRF-PE;DEL05-PE;UOP03-DEL05-PE
742158;28/12/2025;domingo;07:10:00;MT;70;521,5;VARZEA GRANDE;Condutor desrespeitou a iluminação vermelha do semáforo;Colisão transversal;Com Vítimas Feridas;Pleno dia;Crescente;Céu Claro;Simples;Interseção de Vias;Sim;4;0;0;1;1;2;1;4;-15,66769;-56,18196;SPRF-MT;DEL01-MT;UOP02-DEL01-MT
742167;27/12/2025;sábado;21:20:00;MG;365;653,1;MONTE ALEGRE DE MINAS;Ausência de reação do condutor;Colisão traseira;Com Vítimas Feridas;Plena Noite;Decrescente;Céu Claro;Dupla;Reta;Não;3;0;1;0;1;2;1;4;-18,86438866;-48,58515859;SPRF-MG;DEL15-MG;UOP01-DEL15-MG
742169;28/12/2025;domingo;14:45:00;RS;471;192;PANTANO GRANDE;Acessar a via sem observar a presença dos outros veículos;Colisão lateral mesmo sentido;Com Vítimas Feridas;Pleno dia;Decrescente;Sol;Simples;Rotatória;Não;3;0;2;0;1;0;2;2;-30,1646087;-52,37371445;SPRF-RS;DEL02-RS;UOP03-DEL02-RS
742173;28/12/2025;domingo;14:20:00;PE;101;50,6;ABREU E LIMA;Trafegar com motocicleta (ou similar) entre as faixas;Colisão lateral mesmo sentido;Com Vítimas Feridas;Pleno dia;Decrescente;Céu Claro;Múltipla;Reta;Sim;3;0;1;0;1;1;1;3;-7,910097;-34,901165;SPRF-PE;DEL01-PE;UOP02-DEL01-PE
742178;28/12/2025;domingo;12:30:00;PR;376;342;ORTIGUEIRA;Ausência de reação do condutor;Saída de leito carroçável;Com Vítimas Feridas;Pleno dia;Decrescente;Céu Claro;Simples;Curva;Não;2;0;1;0;0;1;1;2;-24,1732189;-50,9659638;SPRF-PR;DEL07-PR;UOP02-DEL07-PR
742184;28/12/2025;domingo;15:00:00;BA;110;374;CATU;Velocidade Incompatível;Colisão lateral sentido oposto;Com Vítimas Feridas;Pleno dia;Crescente;Céu Claro;Simples;Declive;Não;5;0;2;1;2;0;3;4;-12,40589783;-38,40305328;SPRF-BA;DEL01-BA;UOP01-DEL01-BA
742186;28/12/2025;domingo;14:40:00;PE;232;409,3;SERRA TALHADA;Transitar na contramão;Colisão com objeto;Com Vítimas Feridas;Pleno dia;Crescente;Nublado;Simples;Reta;Sim;2;0;0;1;1;0;1;2;-7,981974;-38,29437;SPRF-PE;DEL04-PE;UOP01-DEL04-PE
742224;28/12/2025;domingo;19:09:00;GO;153;81;PORANGATU;Ausência de reação do condutor;Saída de leito carroçável;Com Vítimas Feridas;Plena Noite;Crescente;Céu Claro;Simples;Reta;Não;1;0;1;0;0;0;1;1;-13,52969682;-49,11238253;SPRF-GO;DEL07-GO;UOP01-DEL07-GO
742226;28/12/2025;domingo;19:40:00;PR;116;62;CAMPINA GRANDE DO SUL;Ausência de reação do condutor;Colisão traseira;Com Vítimas Feridas;Anoitecer;Crescente;Nublado;Dupla;Reta;Não;6;0;3;0;2;1;3;3;-25,29126706;-48,93482208;SPRF-PR;DEL01-PR;UOP02-DEL01-PR
742227;28/12/2025;domingo;16:30:00;RS;285;593;BOSSOROCA;Ausência de reação do condutor;Colisão lateral sentido oposto;Com Vítimas Feridas;Pleno dia;Crescente;Céu Claro;Simples;Reta;Não;4;0;1;0;2;1;1;4;-28,474734;-55,172276;SPRF-RS;DEL12-RS;UOP01-DEL12-RS
742235;28/12/2025;domingo;21:25:00;MG;40;448;CAETANOPOLIS;Reação tardia ou ineficiente do condutor;Colisão traseira;Com Vítimas Feridas;Plena Noite;Decrescente;Nublado;Dupla;Reta;Sim;4;0;1;0;2;1;1;3;-19,301485;-44,377548;SPRF-MG;DEL02-MG;UOP01-DEL02-MG
742237;28/12/2025;domingo;20:00:00;PA;308;169;TRACUATEUA;Ausência de reação do condutor;Colisão lateral mesmo sentido;Com Vítimas Fatais;Plena Noite;Decrescente;Céu Claro;Simples;Reta;Não;3;1;0;1;0;1;1;3;-1,188145;-47,023097;SPRF-PA;DEL01-PA;UOP03-DEL01-PA
742240;28/12/2025;domingo;20:30:00;MG;251;475;FRANCISCO SA;Velocidade Incompatível;Saída de leito carroçável;Com Vítimas Feridas;Plena Noite;Crescente;Céu Claro;Simples;"Curva;Declive";Não;3;0;3;0;0;0;3;1;-16,46818861;-43,43976974;SPRF-MG;DEL12-MG;UOP01-DEL12-MG
742257;28/12/2025;domingo;22:30:00;MG;40;438;ESMERALDAS;Condutor deixou de manter distância do veículo da frente;Colisão traseira;Com Vítimas Feridas;Plena Noite;Decrescente;Céu Claro;Dupla;Curva;Não;6;0;2;0;4;0;2;2;-19,69819307;-44,17602539;SPRF-MG;DEL02-MG;UOP01-DEL02-MG
742268;28/12/2025;domingo;23:00:00;SC;282;386,6;JOACABA;Demais falhas mecânicas ou elétricas;Incêndio;Sem Vítimas;Plena Noite;Crescente;Céu Claro;Simples;"Reta;Aclive";Não;3;0;0;0;2;1;0;2;-27,1741366;-51,5525336;SPRF-SC;DEL07-SC;UOP05-DEL07-SC
742271;29/12/2025;segunda-feira;02:20:00;BA;324;487;SANTA BARBARA;Demais falhas mecânicas ou elétricas;Incêndio;Sem Vítimas;Plena Noite;Decrescente;Céu Claro;Simples;Aclive;Não;2;0;0;0;1;2;0;3;-12,01803;-38,97056;SPRF-BA;DEL02-BA;UOP01-DEL02-BA
742282;29/12/2025;segunda-feira;04:00:00;PR;153;33,8;SANTO ANTONIO DA PLATINA;Chuva;Saída de leito carroçável;Com Vítimas Feridas;Plena Noite;Crescente;Chuva;Simples;"Declive;Reta";Não;1;0;0;1;0;0;1;1;-23,24108794;-50,03821246;SPRF-PR;DEL07-PR;UOP04-DEL07-PR
742288;29/12/2025;segunda-feira;04:25:00;MT;364;304;JACIARA;Ausência de reação do condutor;Saída de leito carroçável;Com Vítimas Feridas;Amanhecer;Decrescente;Céu Claro;Dupla;Reta;Não;2;0;1;0;0;2;1;3;-15,83572741;-55,16878579;SPRF-MT;DEL05-MT;UOP02-DEL05-MT
742289;29/12/2025;segunda-feira;06:30:00;SP;116;301;SAO LOURENCO DA SERRA;Mal súbito do condutor;Capotamento;Com Vítimas Feridas;Pleno dia;Decrescente;Sol;Dupla;Reta;Não;4;0;2;0;1;1;2;3;-23,80584219;-46,92285657;SPRF-SP;DEL04-SP;UOP01-DEL04-SP
742294;29/12/2025;segunda-feira;06:50:00;PR;487;7;ALTO PARAISO;Acessar a via sem observar a presença dos outros veículos;Colisão transversal;Com Vítimas Feridas;Pleno dia;Decrescente;Céu Claro;Simples;"Interseção de Vias;Reta";Não;5;0;2;0;3;0;2;2;-23,37784;-53,75019;SPRF-PR;DEL06-PR;UOP03-DEL06-PR
742307;29/12/2025;segunda-feira;06:00:00;RS;158;238,8;TUPANCIRETA;Ultrapassagem Indevida;Saída de leito carroçável;Com Vítimas Feridas;Amanhecer;Decrescente;Nublado;Simples;Reta;Não;2;0;1;0;0;1;1;2;-29,018208;-53,646848;SPRF-RS;DEL10-RS;UOP02-DEL10-RS
742312;29/12/2025;segunda-feira;07:39:00;PE;232;62;POMBOS;Velocidade Incompatível;Colisão traseira;Com Vítimas Feridas;Pleno dia;Decrescente;Sol;Simples;"Reta;Declive";Não;5;0;3;0;2;0;3;3;-8,16432345;-35,44460742;SPRF-PE;DEL02-PE;UOP02-DEL02PE
742316;24/12/2025;quarta-feira;00:00:00;RS;101;71;OSORIO;Ausência de reação do condutor;Colisão traseira;Com Vítimas Feridas;Pleno dia;Crescente;Garoa/Chuvisco;Dupla;Reta;Não;4;0;1;0;2;1;1;2;-29,75646487;-50,21545736;SPRF-RS;DEL03-RS;UOP01-DEL03-RS
742336;03/08/2025;domingo;06:10:00;MS;267;38,1;BATAGUASSU;Reação tardia ou ineficiente do condutor;Colisão traseira;Sem Vítimas;Amanhecer;Decrescente;Sol;Simples;Aclive;Não;4;0;0;0;3;2;0;4;-21,762851;-52,490515;SPRF-MS;DEL02-MS;UOP04-DEL02-MS
742341;29/12/2025;segunda-feira;07:50:00;PR;376;519;PONTA GROSSA;Reação tardia ou ineficiente do condutor;Saída de leito carroçável;Com Vítimas Feridas;Pleno dia;Decrescente;Nublado;Dupla;"Curva;Declive";Não;5;0;1;2;2;0;3;2;-25,2695032;-49,9362145;SPRF-PR;DEL03-PR;UOP04-DEL03-PR
742346;29/12/2025;segunda-feira;10:56:00;GO;50;280;CATALAO;Ausência de reação do condutor;Colisão lateral mesmo sentido;Sem Vítimas;Pleno dia;Crescente;Céu Claro;Múltipla;"Aclive;Interseção de Vias;Curva";Sim;2;0;0;0;2;0;0;2;-18,17686761;-47,93442098;SPRF-GO;DEL06-GO;UOP01-DEL06-GO
742356;22/12/2025;segunda-feira;07:40:00;MG;381;327;NOVA ERA;Velocidade Incompatível;Colisão transversal;Com Vítimas Feridas;Pleno dia;Decrescente;Céu Claro;Simples;Curva;Não;6;0;4;1;1;0;5;2;-19,78242991;-43,04401517;SPRF-MG;DEL03-MG;UOP02-DEL03-MG
742375;29/12/2025;segunda-feira;13:10:00;PR;373;430;CHOPINZINHO;Ausência de reação do condutor;Saída de leito carroçável;Com Vítimas Feridas;Pleno dia;Crescente;Céu Claro;Simples;"Declive;Curva";Não;6;0;1;0;4;2;1;3;-25,878571;-52,348802;SPRF-PR;DEL02-PR;UOP01-DEL02-PR
742382;29/12/2025;segunda-feira;14:15:00;DF;20;18,5;BRASILIA;Velocidade Incompatível;Saída de leito carroçável;Sem Vítimas;Pleno dia;Crescente;Chuva;Dupla;"Reta;Declive";Sim;2;0;0;0;1;2;0;3;-15,58182992;-47,53574887;SPRF-DF;DEL02-DF;UOP01-DEL02-DF
742385;29/12/2025;segunda-feira;14:42:00;SC;280;11,7;SAO FRANCISCO DO SUL;Mal súbito do condutor;Colisão frontal;Com Vítimas Feridas;Pleno dia;Decrescente;Nublado;Simples;Reta;Não;3;0;1;0;1;1;1;3;-26,310318;-48,643195;SPRF-SC;DEL03-SC;UOP03-DEL03-SC
742397;06/12/2025;sábado;23:00:00;PB;230;226,5;SOLEDADE;Reação tardia ou ineficiente do condutor;Colisão lateral mesmo sentido;Com Vítimas Feridas;Plena Noite;Decrescente;Ignorado;Simples;Reta;Não;3;0;0;1;2;0;1;3;-7,0368;-36,462;SPRF-PB;DEL02-PB;UOP02-DEL02-PB
742401;29/12/2025;segunda-feira;15:45:00;MG;365;413;PATOS DE MINAS;Ausência de reação do condutor;Colisão traseira;Com Vítimas Feridas;Pleno dia;Decrescente;Céu Claro;Múltipla;Reta;Não;3;0;1;0;1;1;1;3;-18,68258443;-46,57348752;SPRF-MG;DEL10-MG;UOP01-DEL10-MG
742402;29/12/2025;segunda-feira;16:10:00;MG;40;454;CAETANOPOLIS;Velocidade Incompatível;Saída de leito carroçável;Com Vítimas Feridas;Pleno dia;Crescente;Chuva;Dupla;Reta;Sim;2;0;1;1;0;0;2;1;-19,3531309;-44,350384;SPRF-MG;DEL02-MG;UOP01-DEL02-MG
742418;29/12/2025;segunda-feira;16:30:00;BA;101;104;ALAGOINHAS;Demais falhas mecânicas ou elétricas;Colisão frontal;Com Vítimas Feridas;Pleno dia;Decrescente;Céu Claro;Simples;"Reta;Aclive";Não;8;0;4;0;3;1;4;3;-12,11377894;-38,38939767;SPRF-BA;DEL01-BA;UOP04-DEL01-BA
742419;03/12/2025;quarta-feira;09:30:00;BA;101;725;EUNAPOLIS;Reação tardia ou ineficiente do condutor;Tombamento;Com Vítimas Feridas;Pleno dia;Decrescente;Céu Claro;Simples;"Declive;Curva";Não;4;0;1;0;2;2;1;3;-16,41550326;-39,58614349;SPRF-BA;DEL09-BA;UOP01-DEL09-BA
742427;29/12/2025;segunda-feira;16:30:00;SC;282;529,5;CORDILHEIRA ALTA;Acumulo de óleo sobre o pavimento;Colisão lateral sentido oposto;Com Vítimas Feridas;Pleno dia;Crescente;Chuva;Simples;"Declive;Curva";Não;10;0;2;3;5;0;5;4;-26,983782;-52,603005;SPRF-SC;DEL07-SC;UOP01-DEL07-SC
742433;29/12/2025;segunda-feira;19:00:00;SP;116;154;SAO JOSE DOS CAMPOS;Reação tardia ou ineficiente do condutor;Colisão traseira;Com Vítimas Feridas;Plena Noite;Decrescente;Céu Claro;Múltipla;"Em Obras;Reta";Sim;2;0;2;0;0;0;2;2;-23,23853705;-45,9203589;SPRF-SP;DEL02-SP;UOP01-DEL02-SP
742445;29/12/2025;segunda-feira;19:45:00;AL;316;233;ATALAIA;Transitar na contramão;Colisão lateral sentido oposto;Com Vítimas Fatais;Plena Noite;Crescente;Céu Claro;Simples;Reta;Não;4;1;0;0;2;1;0;4;-9,495167;-36,089495;SPRF-AL;DEL01-AL;UOP01-DEL01-AL