id;data_inversa;dia_semana;horario;uf;br;km;municipio;causa_acidente;tipo_acidente;classificacao_acidente;fase_dia;sentido_via;condicao_metereologica;tipo_pista;tracado_via;uso_solo;pessoas;mortos;feridos_leves;feridos_graves;ilesos;ignorados;feridos;veiculos;latitude;longitude;regional;delegacia;uop
742867;31/12/2025;quarta-feira;15:33:00;TO;153;350,5;FORTALEZA DO TABOCAO;Reação tardia ou ineficiente do condutor;Saída de leito carroçável;Com Vítimas Feridas;Pleno dia;Crescente;Nublado;Simples;Reta;Não;5;0;3;0;1;1;3;3;-8,979379;-48,498012;SPRF-TO;DEL02-TO;UOP02-DEL02-TO
742880;31/12/2025;quarta-feira;20:45:00;SC;101;207,5;SAO JOSE;Ausência de reação do condutor;Saída de leito carroçável;Sem Vítimas;Plena Noite;Crescente;Nublado;Dupla;Declive;Sim;1;0;0;0;1;0;0;1;-27,6021;-48,630465;SPRF-SC;DEL01-SC;UOP01-DEL01-SC
742897;31/12/2025;quarta-feira;19:00:00;PI;343;112;PIRIPIRI;Condutor deixou de manter distância do veículo da frente;Colisão traseira;Com Vítimas Feridas;Plena Noite;Crescente;Céu Claro;Simples;Reta;Não;3;0;0;2;0;1;2;3;-4,3067313;-41,7736979;SPRF-PI;DEL02-PI;UOP01-DEL02-PI
742938;31/12/2025;quarta-feira;08:10:00;RS;101;8,1;TORRES;Acessar a via sem observar a presença dos outros veículos;Colisão lateral mesmo sentido;Com Vítimas Feridas;Pleno dia;Decrescente;Céu Claro;Dupla;Reta;Sim;2;0;0;1;1;0;1;2;-29,35894502;-49,80644915;SPRF-RS;DEL03-RS;UOP02-DEL03-RS
742979;29/12/2025;segunda-feira;08:40:00;RJ;40;125;RIO DE JANEIRO;Frear bruscamente;Colisão traseira;Com Vítimas Feridas;Pleno dia;Decrescente;Céu Claro;Dupla;Curva;Sim;5;0;1;0;4;0;1;4;-22,81368774;-43,28784943;SPRF-RJ;DEL01-RJ;UOP02-DEL01-RJ
743002;31/12/2025;quarta-feira;14:00:00;BA;242;683;MUQUEM DE SAO FRANCISCO;Reação tardia ou ineficiente do condutor;Saída de leito carroçável;Sem Vítimas;Pleno dia;Decrescente;Sol;Simples;"Curva;Declive";Não;2;0;0;0;1;2;0;3;-12,22191771;-43,8246155;SPRF-BA;DEL10-BA;UOP01-DEL10-BA
743177;19/11/2025;quarta-feira;14:50:00;RO;364;134;PIMENTA BUENO;Reação tardia ou ineficiente do condutor;Engavetamento;Com Vítimas Feridas;Pleno dia;Crescente;Nublado;Simples;Reta;Não;8;0;0;5;2;6;5;9;-12,025742;-60,795462;SPRF-RO;DEL02-RO;UOP02-DEL02-RO
743193;21/12/2025;domingo;16:15:00;MG;153;82;PRATA;Demais falhas mecânicas ou elétricas;Eventos atípicos;Com Vítimas Feridas;Pleno dia;Crescente;Céu Claro;Simples;"Reta;Declive";Não;3;0;2;0;0;1;2;2;-19,05304648;-49,01102267;SPRF-MG;DEL15-MG;UOP03-DEL15-MG
743229;04/12/2025;quinta-feira;17:30:00;BA;116;732,5;BOA NOVA;Velocidade Incompatível;Colisão lateral mesmo sentido;Com Vítimas Feridas;Pleno dia;Decrescente;Nublado;Simples;Curva;Não;3;0;1;0;1;2;1;4;-14,33245926;-40,32587528;SPRF-BA;DEL08-BA;UOP02-DEL08-BA
743381;26/12/2025;sexta-feira;12:00:00;RS;116;0,3;PORTO ALEGRE;Condutor deixou de manter distância do veículo da frente;Colisão traseira;Sem Vítimas;Pleno dia;Decrescente;Nublado;Dupla;Curva;Sim;3;0;0;0;2;1;0;3;-29,97526305;-51,17785603;SPRF-RS;DEL01-RS;UOP01-DEL01-RS
743391;24/11/2025;segunda-feira;12:49:00;PA;163;205;NOVO PROGRESSO;Retorno proibido;Saída de leito carroçável;Com Vítimas Feridas;Pleno dia;Crescente;Céu Claro;Simples;Reta;Não;2;0;2;0;0;0;2;2;-7,9118;-55,1696;SPRF-PA;DEL05-PA;UOP03-DEL05-PA
743410;13/11/2025;quinta-feira;04:00:00;MG;40;740,5;SANTOS DUMONT;Transitar na contramão;Colisão frontal;Com Vítimas Feridas;Plena Noite;Crescente;Céu Claro;Simples;Curva;Não;2;0;0;1;1;0;1;2;-21,426;-43,557;SPRF-MG;DEL05-MG;UOP01-DEL05-MG
743532;30/12/2025;terça-feira;13:50:00;RS;386;311,9;MARQUES DE SOUZA;Suicídio (presumido);Colisão frontal;Com Vítimas Fatais;Pleno dia;Crescente;Nublado;Simples;Reta;Não;4;1;0;0;2;1;0;3;-29,22801417;-52,15462659;SPRF-RS;DEL04-RS;UOP01-DEL04-RS
743634;27/11/2025;quinta-feira;03:31:00;PB;230;243;JUAZEIRINHO;Ausência de reação do condutor;Colisão lateral sentido oposto;Com Vítimas Feridas;Plena Noite;Crescente;Céu Claro;Simples;Reta;Não;1;0;1;0;0;0;1;1;-7,068951;-36,588002;SPRF-PB;DEL02-PB;UOP02-DEL02-PB
743705;09/11/2025;domingo;18:57:00;PA;163;422;ALTAMIRA;Acessar a via sem observar a presença dos outros veículos;Colisão frontal;Sem Vítimas;Anoitecer;Crescente;Ignorado;Simples;Reta;Não;2;0;0;0;1;1;0;2;-6;-55;SPRF-PA;DEL05-PA;UOP03-DEL05-PA
743782;28/12/2025;domingo;21:21:00;MG;381;355;JOAO MONLEVADE;Carga excessiva e/ou mal acondicionada;Tombamento;Com Vítimas Feridas;Plena Noite;Decrescente;Céu Claro;Simples;"Curva;Aclive";Não;2;0;1;0;0;1;1;2;-19,85085374;-43,21717858;SPRF-MG;DEL03-MG;UOP01-DEL03-MG
743821;27/11/2025;quinta-feira;06:00:00;CE;116;35;AQUIRAZ;Condutor Dormindo;Colisão com objeto;Com Vítimas Feridas;Pleno dia;Decrescente;Céu Claro;Dupla;Reta;Sim;1;0;1;0;0;0;1;1;-4,0576468;-38,505119;SPRF-CE;DEL01-CE;UOP02-DEL01-CE
743841;11/12/2025;quinta-feira;23:30:00;MG;381;580,3;CARMOPOLIS DE MINAS;Ausência de reação do condutor;Colisão traseira;Com Vítimas Feridas;Plena Noite;Crescente;Céu Claro;Dupla;"Aclive;Curva";Não;39;0;9;2;27;3;11;5;-20,48594;-44,59258;SPRF-MG;DEL04-MG;UOP01-DEL04-MG
743862;24/12/2025;quarta-feira;12:10:00;BA;116;415;FEIRA DE SANTANA;Acessar a via sem observar a presença dos outros veículos;Colisão traseira;Com Vítimas Feridas;Pleno dia;Decrescente;Céu Claro;Dupla;Reta;Não;8;0;5;0;3;0;5;4;-12,11235835;-38,96900654;SPRF-BA;DEL02-BA;UOP01-DEL02-BA
743907;14/10/2025;terça-feira;09:00:00;SP;381;86;SAO PAULO;Ultrapassagem Indevida;Colisão lateral mesmo sentido;Com Vítimas Feridas;Pleno dia;Crescente;Céu Claro;Múltipla;Reta;Não;4;0;1;0;2;1;1;3;-23,46447108;-46,57158661;SPRF-SP;DEL03-SP;UOP01-DEL03-SP
744028;21/11/2025;sexta-feira;14:35:00;MG;381;621,4;OLIVEIRA;Condutor deixou de manter distância do veículo da frente;Colisão traseira;Com Vítimas Feridas;Pleno dia;Crescente;Céu Claro;Dupla;Aclive;Não;5;0;1;1;2;1;2;3;-20,78378768;-44,78639604;SPRF-MG;DEL04-MG;UOP01-DEL04-MG
744041;29/12/2025;segunda-feira;00:19:00;MG;40;244;SAO GONCALO DO ABAETE;Ausência de reação do condutor;Saída de leito carroçável;Sem Vítimas;Plena Noite;Crescente;Céu Claro;Simples;Curva;Não;1;0;0;0;0;1;0;1;-18,0926462;-45,476685;SPRF-MG;DEL14-MG;UOP02-DEL14-MG
744076;26/10/2025;domingo;10:30:00;MS;262;408;TERENOS;Ingestão de álcool pelo condutor;Colisão lateral mesmo sentido;Sem Vítimas;Pleno dia;Decrescente;Chuva;Simples;Reta;Não;3;0;0;0;2;1;0;3;-20,43505595;-54,9010849;SPRF-MS;DEL01-MS;UOP03-DEL01-MS
744176;24/12/2025;quarta-feira;08:00:00;TO;153;412,4;MIRANORTE;Ausência de reação do condutor;Tombamento;Com Vítimas Feridas;Pleno dia;Crescente;Céu Claro;Dupla;"Interseção de Vias;Curva";Sim;4;0;3;0;0;1;3;2;-9,51722;-48,590388;SPRF-TO;DEL02-TO;UOP02-DEL02-TO
744193;28/10/2025;terça-feira;09:30:00;PA;308;204;BRAGANCA;Acessar a via sem observar a presença dos outros veículos;Colisão com objeto;Com Vítimas Feridas;Pleno dia;Decrescente;Céu Claro;Simples;Ponte;Sim;3;0;1;0;1;1;1;3;-1,06190085;-46,75442219;SPRF-PA;DEL01-PA;UOP03-DEL01-PA
744202;21/11/2025;sexta-feira;00:50:00;MG;381;486,5;BETIM;Ausência de reação do condutor;Colisão traseira;Com Vítimas Feridas;Plena Noite;Decrescente;Céu Claro;Dupla;"Interseção de Vias;Reta";Não;3;0;1;0;1;2;1;4;-19,9558751;-44,10053635;SPRF-MG;DEL01-MG;UOP03-DEL01-MG
744209;01/11/2025;sábado;04:20:00;MG;262;348;BETIM;Ausência de reação do condutor;Colisão traseira;Com Vítimas Feridas;Plena Noite;Decrescente;Céu Claro;Dupla;Reta;Não;3;0;1;0;2;0;1;3;-19,98519552;-44,20526918;SPRF-MG;DEL01-MG;UOP03-DEL01-MG
744227;28/11/2025;sexta-feira;14:51:00;PA;163;653;ITAITUBA;Acostamento em desnível;Tombamento;Sem Vítimas;Pleno dia;Crescente;Céu Claro;Simples;"Aclive;Curva";Não;3;0;0;0;1;4;0;5;-4,5092;-55,8641;SPRF-PA;DEL05-PA;UOP02-DEL05-PA
744328;12/12/2025;sexta-feira;09:15:00;MG;381;787;SAO GONCALO DO SAPUCAI;Manobra de mudança de faixa;Colisão lateral mesmo sentido;Sem Vítimas;Pleno dia;Crescente;Sol;Dupla;Reta;Não;3;0;0;0;2;1;0;2;-21,85787;-45,5239466;SPRF-MG;DEL16-MG;UOP02-DEL16-MG
744339;22/09/2025;segunda-feira;20:30:00;MG;153;22;CENTRALINA;Reação tardia ou ineficiente do condutor;Colisão traseira;Com Vítimas Feridas;Plena Noite;Crescente;Garoa/Chuvisco;Dupla;Reta;Não;2;0;1;0;1;0;1;2;-18,6120796;-49,1915648;SPRF-MG;DEL15-MG;UOP03-DEL15-MG
744353;19/12/2025;sexta-feira;17:12:00;RO;429;26;PRESIDENTE MEDICI;Reação tardia ou ineficiente do condutor;Tombamento;Com Vítimas Feridas;Anoitecer;Decrescente;Céu Claro;Simples;Curva;Não;2;0;1;0;0;1;1;2;-11,22605647;-62,12905884;SPRF-RO;DEL02-RO;UOP03-DEL02-RO
744375;30/08/2025;sábado;01:10:00;BA;116;887;CANDIDO SALES;Reação tardia ou ineficiente do condutor;Tombamento;Com Vítimas Feridas;Plena Noite;Crescente;Ignorado;Simples;Reta;Não;2;0;0;1;0;1;1;2;-15,3495;-41,1676;SPRF-BA;DEL08-BA;UOP03-DEL08-BA
744407;23/12/2025;terça-feira;15:20:00;TO;153;733;FIGUEIROPOLIS;Reação tardia ou ineficiente do condutor;Tombamento;Com Vítimas Feridas;Pleno dia;Crescente;Sol;Simples;Reta;Não;3;0;0;1;1;1;1;3;-12,229531;-49,157861;SPRF-TO;DEL01-TO;UOP02-DEL01-TO
744421;24/12/2025;quarta-feira;00:05:00;ES;101;95;SOORETAMA;Velocidade Incompatível;Colisão traseira;Com Vítimas Fatais;Plena Noite;Decrescente;Nublado;Simples;Reta;Não;11;4;3;0;4;0;3;4;-19,19006711;-40,09455621;SPRF-ES;DEL04-ES;UOP02-DEL04-ES
744518;19/12/2025;sexta-feira;17:30:00;GO;153;505,7;APARECIDA DE GOIANIA;Acumulo de água sobre o pavimento;Colisão lateral mesmo sentido;Com Vítimas Feridas;Anoitecer;Decrescente;Nublado;Múltipla;"Reta;Interseção de Vias";Sim;2;0;1;0;0;1;1;2;-16,75144201;-49,24116695;SPRF-GO;DEL01-GO;UOP01-DEL01-GO
744545;08/10/2025;quarta-feira;05:40:00;MG;40;46,9;PARACATU;Falta de acostamento;Colisão traseira;Com Vítimas Feridas;Amanhecer;Crescente;Céu Claro;Simples;"Aclive;Reta";Não;3;0;1;1;1;0;2;2;-17,240796;-46,829535;SPRF-MG;DEL14-MG;UOP01-DEL14-MG
744624;12/12/2025;sexta-feira;10:00:00;PR;476;144;ARAUCARIA;Condutor deixou de manter distância do veículo da frente;Colisão traseira;Com Vítimas Feridas;Pleno dia;Crescente;Céu Claro;Dupla;Reta;Sim;3;0;1;0;1;1;1;3;-25,57484877;-49,38916469;SPRF-PR;DEL01-PR;UOP06-DEL01-PR
744757;10/07/2025;quinta-feira;04:00:00;GO;153;650;MORRINHOS;Reação tardia ou ineficiente do condutor;Colisão traseira;Com Vítimas Feridas;Plena Noite;Decrescente;Céu Claro;Dupla;Reta;Não;3;0;1;0;1;3;1;5;-17,95651806;-49,25054991;SPRF-GO;DEL03-GO;UOP01-DEL03-GO
744758;17/12/2025;quarta-feira;16:45:00;SC;282;618;IRACEMINHA;Demais falhas mecânicas ou elétricas;Incêndio;Sem Vítimas;Pleno dia;Crescente;Sol;Simples;Reta;Não;2;0;0;0;1;1;0;2;-26,7884113;-53,29354662;SPRF-SC;DEL07-SC;UOP02-DEL07-SC
745183;30/12/2025;terça-feira;00:30:00;SC;282;498;XANXERE;Acessar a via sem observar a presença dos outros veículos;Colisão transversal;Com Vítimas Feridas;Plena Noite;Crescente;Nublado;Simples;"Retorno Regulamentado;Reta;Interseção de Vias";Não;2;0;1;0;1;0;1;2;-26,88051679;-52,35949874;SPRF-SC;DEL07-SC;UOP01-DEL07-SC
745223;12/12/2025;sexta-feira;10:45:00;MG;262;92;ABRE CAMPO;Transitar no Acostamento;Colisão traseira;Com Vítimas Feridas;Pleno dia;Decrescente;Céu Claro;Simples;Reta;Não;3;0;1;1;1;0;2;2;-20,32144799;-42,4697113;SPRF-MG;DEL03-MG;UOP03-DEL03-MG
745251;29/10/2025;quarta-feira;03:50:00;SC;101;4;GARUVA;Ausência de reação do condutor;Colisão traseira;Com Vítimas Feridas;Plena Noite;Crescente;Nublado;Dupla;Reta;Não;3;0;0;1;1;3;1;5;-26,01835633;-48,86220329;SPRF-SC;DEL03-SC;UOP01-DEL03-SC
745368;27/09/2025;sábado;19:40:00;RO;364;1036;PORTO VELHO;Reação tardia ou ineficiente do condutor;Saída de leito carroçável;Com Vítimas Feridas;Plena Noite;Decrescente;Ignorado;Simples;Reta;Não;2;0;1;0;0;1;1;2;-9,77131784;-66,3457489;SPRF-RO;DEL01-RO;UOP03-DEL01-RO
745381;23/12/2025;terça-feira;02:30:00;BA;116;738;BOA NOVA;Transitar na contramão;Colisão lateral sentido oposto;Com Vítimas Feridas;Plena Noite;Crescente;Nublado;Simples;Declive;Não;4;0;1;0;1;2;1;3;-14,37581;-40,34739;SPRF-BA;DEL08-BA;UOP02-DEL08-BA
745386;04/12/2025;quinta-feira;10:00:00;BA;242;827;BARREIRAS;Velocidade Incompatível;Colisão frontal;Sem Vítimas;Pleno dia;Decrescente;Chuva;Simples;Reta;Não;3;0;0;0;2;2;0;4;-12,11909852;-45,05308449;SPRF-BA;DEL10-BA;UOP01-DEL10-BA
745402;26/07/2025;sábado;15:28:00;MG;116;508,5;UBAPORANGA;Condutor deixou de manter distância do veículo da frente;Queda de ocupante de veículo;Com Vítimas Feridas;Pleno dia;Decrescente;Céu Claro;Simples;Curva;Sim;4;0;0;1;0;3;1;4;-19,63585227;-42,10579488;SPRF-MG;DEL06-MG;UOP02-DEL06-MG
745484;17/12/2025;quarta-feira;14:25:00;BA;116;493,2;RAFAEL JAMBEIRO;Ausência de reação do condutor;Colisão traseira;Com Vítimas Feridas;Pleno dia;Decrescente;Céu Claro;Dupla;Reta;Não;3;0;0;1;1;4;1;6;-12,57527902;-39,50358175;SPRF-BA;DEL02-BA;UOP01-DEL02-BA
745486;19/09/2025;sexta-feira;17:50:00;MG;381;948;EXTREMA;Trafegar com motocicleta (ou similar) entre as faixas;Colisão lateral mesmo sentido;Com Vítimas Feridas;Pleno dia;Crescente;Céu Claro;Dupla;Reta;Não;4;0;1;0;0;3;1;4;-22,86986834;-46,35746138;SPRF-MG;DEL16-MG;UOP03-DEL16-MG
745561;16/10/2025;quinta-feira;10:25:00;MG;365;16,6;MONTES CLAROS;Velocidade Incompatível;Tombamento;Com Vítimas Feridas;Pleno dia;Crescente;Céu Claro;Simples;"Declive;Curva";Não;4;0;1;0;0;3;1;3;-16,847431;-43,965578;SPRF-MG;DEL12-MG;UOP01-DEL12-MG
745562;08/07/2025;terça-feira;15:01:00;RS;386;316,8;MARQUES DE SOUZA;Sinalização mal posicionada;Engavetamento;Com Vítimas Feridas;Pleno dia;Crescente;Sol;Simples;"Em Obras;Ponte;Curva";Não;5;0;1;0;3;1;1;5;-29,26224146;-52,14737741;SPRF-RS;DEL04-RS;UOP01-DEL04-RS
745703;14/10/2025;terça-feira;23:50:00;MG;116;782,8;LEOPOLDINA;Velocidade Incompatível;Saída de leito carroçável;Com Vítimas Feridas;Plena Noite;Crescente;Nublado;Simples;Curva;Não;2;0;1;0;0;1;1;2;-21,5351296;-42,6573824;SPRF-MG;DEL07-MG;UOP01-DEL07-MG
745752;17/10/2025;sexta-feira;17:30:00;PR;376;185,6;SARANDI;Demais falhas mecânicas ou elétricas;Colisão lateral mesmo sentido;Sem Vítimas;Pleno dia;Decrescente;Nublado;Dupla;Reta;Não;3;0;0;0;2;1;0;3;-23,451113;-51,854608;SPRF-PR;DEL09-PR;UOP01-DEL09-PR
745804;19/12/2025;sexta-feira;04:20:00;MG;381;552,6;ITAGUARA;Ausência de reação do condutor;Colisão lateral mesmo sentido;Com Vítimas Feridas;Plena Noite;Decrescente;Chuva;Dupla;"Reta;Aclive";Não;4;0;0;1;1;3;1;5;-20,318518;-44,454627;SPRF-MG;DEL04-MG;UOP03-DEL04-MG
745856;07/07/2025;segunda-feira;11:15:00;MT;163;829,1;SINOP;Acessar a via sem observar a presença dos outros veículos;Colisão traseira;Com Vítimas Feridas;Pleno dia;Decrescente;Ignorado;Dupla;"Retorno Regulamentado;Interseção de Vias";Sim;4;0;2;0;1;2;2;4;-11,912667;-55,508482;SPRF-MT;DEL06-MT;UOP02-DEL06-MT
745866;18/11/2025;terça-feira;07:00:00;RJ;101;596;PARATY;Velocidade Incompatível;Tombamento;Com Vítimas Feridas;Pleno dia;Decrescente;Céu Claro;Simples;Curva;Não;2;0;1;0;0;1;1;2;-23,33773517;-44,74355351;SPRF-RJ;DEL03-RJ;UOP04-DEL03-RJ
745968;17/11/2025;segunda-feira;21:00:00;MG;381;745,6;TRES CORACOES;Reação tardia ou ineficiente do condutor;Saída de leito carroçável;Com Vítimas Feridas;Plena Noite;Crescente;Ignorado;Dupla;Reta;Não;2;0;1;0;0;1;1;2;-21,6149875;-45,2585317;SPRF-MG;DEL16-MG;UOP02-DEL16-MG
746028;23/12/2025;terça-feira;08:50:00;MG;251;457,5;GRAO MOGOL;Ultrapassagem Indevida;Colisão lateral mesmo sentido;Com Vítimas Feridas;Pleno dia;Decrescente;Céu Claro;Simples;Reta;Não;3;0;1;1;0;1;2;3;-16,43798765;-43,26129149;SPRF-MG;DEL12-MG;UOP01-DEL12-MG
746466;24/03/2025;segunda-feira;18:30:00;MG;251;218,8;CACHOEIRA DE PAJEU;Transitar na contramão;Colisão frontal;Com Vítimas Feridas;Anoitecer;Decrescente;Céu Claro;Simples;Reta;Não;2;0;1;0;0;1;1;2;-15,90520647;-41,54754639;SPRF-MG;DEL12-MG;UOP02-DEL12-MG
746683;12/11/2025;quarta-feira;07:45:00;PR;277;313;PRUDENTOPOLIS;Manobra de mudança de faixa;Colisão lateral mesmo sentido;Com Vítimas Feridas;Pleno dia;Crescente;Céu Claro;Simples;"Declive;Curva";Não;8;0;0;1;5;5;1;8;-25,315859;-51,196881;SPRF-PR;DEL08-PR;UOP01-DEL08-PR
746698;17/11/2025;segunda-feira;05:15:00;SP;381;79;SAO PAULO;Velocidade Incompatível;Tombamento;Com Vítimas Feridas;Pleno dia;Crescente;Céu Claro;Dupla;Curva;Sim;2;0;1;0;0;1;1;2;-23,40547167;-46,57990392;SPRF-SP;DEL03-SP;UOP01-DEL03-SP
746723;16/11/2025;domingo;18:39:00;PA;163;297;NOVO PROGRESSO;Deficiência do Sistema de Iluminação/Sinalização;Colisão traseira;Com Vítimas Feridas;Plena Noite;Crescente;Ignorado;Simples;Reta;Não;2;0;1;0;1;0;1;2;-7,1543;-55,37308;SPRF-PA;DEL05-PA;UOP03-DEL05-PA
746841;11/10/2025;sábado;11:47:00;SP;116;114,2;TAUBATE;Manobra de mudança de faixa;Colisão lateral mesmo sentido;Com Vítimas Feridas;Pleno dia;Crescente;Nublado;Dupla;Reta;Sim;7;0;4;0;1;2;4;4;-23,04731876;-45,5934754;SPRF-SP;DEL02-SP;UOP02-DEL02-SP
746877;16/12/2025;terça-feira;15:45:00;RJ;493;3;ITABORAI;Ausência de reação do condutor;Colisão traseira;Sem Vítimas;Pleno dia;Decrescente;Céu Claro;Dupla;"Reta;Viaduto";Sim;3;0;0;0;2;4;0;6;-22,75870883;-42,93598048;SPRF-RJ;DEL02-RJ;UOP02-DEL02-RJ
746927;16/08/2025;sábado;11:15:00;BA;116;777;PLANALTO;Ausência de reação do condutor;Colisão lateral sentido oposto;Com Vítimas Feridas;Pleno dia;Crescente;Nublado;Simples;Reta;Sim;4;0;0;1;2;3;1;6;-14,67124614;-40,47971103;SPRF-BA;DEL08-BA;UOP02-DEL08-BA
747101;16/12/2025;terça-feira;21:17:00;CE;116;61;CHOROZINHO;Ultrapassagem Indevida;Colisão lateral sentido oposto;Com Vítimas Feridas;Plena Noite;Crescente;Céu Claro;Simples;"Reta;Ponte";Não;4;0;2;0;1;1;2;4;-4,266965;-38,48981;SPRF-CE;DEL01-CE;UOP04-DEL01-CE
747128;19/12/2025;sexta-feira;17:05:00;MG;251;269;SALINAS;Demais Fenômenos da natureza;Incêndio;Sem Vítimas;Anoitecer;Crescente;Céu Claro;Simples;Reta;Não;3;0;0;0;2;1;0;3;-16;-42;SPRF-MG;DEL12-MG;UOP02-DEL12-MG
747130;08/12/2025;segunda-feira;16:20:00;PR;116;114;CURITIBA;Trafegar com motocicleta (ou similar) entre as faixas;Colisão lateral mesmo sentido;Com Vítimas Feridas;Pleno dia;Decrescente;Nublado;Dupla;Reta;Sim;4;0;0;1;2;1;1;4;-25,548284;-49,286592;SPRF-PR;DEL01-PR;UOP03-DEL01-PR
747138;20/12/2025;sábado;23:25:00;GO;153;4,2;PORANGATU;Transitar na contramão;Colisão lateral sentido oposto;Com Vítimas Fatais;Plena Noite;Crescente;Céu Claro;Simples;Reta;Não;5;2;1;1;1;0;2;2;-12,87246;-49,105001;SPRF-GO;DEL07-GO;UOP01-DEL07-GO
747194;19/12/2025;sexta-feira;18:15:00;PR;369;132;IBIPORA;Reação tardia ou ineficiente do condutor;Colisão traseira;Sem Vítimas;Pleno dia;Crescente;Sol;Dupla;Reta;Não;3;0;0;0;3;0;0;2;-23,26014744;-51,00441154;SPRF-PR;DEL07-PR;UOP01-DEL07-PR
747206;08/12/2025;segunda-feira;05:35:00;BA;324;609;SIMOES FILHO;Reação tardia ou ineficiente do condutor;Tombamento;Sem Vítimas;Pleno dia;Decrescente;Céu Claro;Simples;Curva;Não;2;0;0;0;1;1;0;2;-12,821325;-38,408048;SPRF-BA;DEL01-BA;UOP01-DEL01-BA
747249;15/06/2025;domingo;08:40:00;PR;376;667;GUARATUBA;Problema com o freio;Tombamento;Com Vítimas Fatais;Pleno dia;Crescente;Chuva;Dupla;Curva;Não;2;1;0;0;0;1;0;2;-25,863935;-48,934555;SPRF-PR;DEL01-PR;UOP04-DEL01-PR
747277;30/12/2025;terça-feira;23:00:00;PR;369;486,1;CORBELIA;Ausência de reação do condutor;Colisão com objeto;Com Vítimas Feridas;Plena Noite;Decrescente;Céu Claro;Simples;Reta;Sim;2;0;1;0;1;0;1;2;-24,80931857;-53,29366041;SPRF-PR;DEL04-PR;UOP03-DEL04-PR
747308;26/12/2025;sexta-feira;17:25:00;MS;262;604;MIRANDA;Acessar a via sem observar a presença dos outros veículos;Colisão transversal;Com Vítimas Feridas;Pleno dia;Decrescente;Céu Claro;Simples;"Interseção de Vias;Reta;Rotatória";Não;2;0;0;1;1;0;1;2;-20,07640336;-56,76089142;SPRF-MS;DEL03-MS;UOP02-DEL03-MS
747329;01/12/2025;segunda-feira;23:30:00;MG;116;105,1;ITAOBIM;Transitar na contramão;Colisão lateral sentido oposto;Com Vítimas Feridas;Plena Noite;Decrescente;Nublado;Simples;"Curva;Aclive";Não;5;0;0;3;1;1;3;3;-16,47274;-41,503769;SPRF-MG;DEL11-MG;UOP02-DEL11-MG
747334;26/11/2025;quarta-feira;12:55:00;CE;222;207,2;FORQUILHA;Transitar na contramão;Colisão lateral sentido oposto;Com Vítimas Feridas;Pleno dia;Crescente;Céu Claro;Simples;Curva;Não;3;0;1;0;1;1;1;3;-3,79443;-40,25228;SPRF-CE;DEL04-CE;UOP01-DEL04-CE
747447;18/12/2025;quinta-feira;19:00:00;MG;365;430;PATOS DE MINAS;Chuva;Colisão lateral sentido oposto;Com Vítimas Fatais;Plena Noite;Decrescente;Chuva;Simples;"Curva;Aclive";Não;4;1;0;0;2;1;0;4;-18,7435;-46,6299;SPRF-MG;DEL10-MG;UOP01-DEL10-MG
747455;15/11/2025;sábado;18:25:00;PR;116;94,1;SAO JOSE DOS PINHAIS;Manobra de mudança de faixa;Colisão lateral mesmo sentido;Com Vítimas Feridas;Anoitecer;Decrescente;Nublado;Dupla;"Reta;Aclive";Não;4;0;0;1;2;2;1;5;-25,520982;-49,134981;SPRF-PR;DEL01-PR;UOP07-DEL01-PR
747507;27/09/2025;sábado;10:30:00;RS;158;88,8;PALMEIRA DAS MISSOES;Transitar na contramão;Colisão frontal;Com Vítimas Fatais;Pleno dia;Crescente;Céu Claro;Simples;Reta;Não;4;1;0;0;1;2;0;4;-27,8070683;-53,3342603;SPRF-RS;DEL08-RS;UOP02-DEL08-RS
747713;09/12/2025;terça-feira;23:20:00;SC;470;146;RIO DO SUL;Desrespeitar a preferência no cruzamento;Colisão transversal;Com Vítimas Feridas;Plena Noite;Decrescente;Céu Claro;Simples;Interseção de Vias;Sim;2;0;0;1;1;0;1;2;-27,23951558;-49,68459455;SPRF-SC;DEL04-SC;UOP02-DEL04-SC
747802;14/12/2025;domingo;18:10:00;SE;101;130,2;ESTANCIA;Acesso irregular;Colisão transversal;Com Vítimas Fatais;Plena Noite;Decrescente;Céu Claro;Dupla;Reta;Não;3;1;0;0;1;1;0;3;-11,099469;-37,371238;SPRF-SE;DEL02-SE;UOP01-DEL02-SE
748159;21/12/2025;domingo;09:22:00;PA;163;423;ITAITUBA;Reação tardia ou ineficiente do condutor;Tombamento;Sem Vítimas;Pleno dia;Crescente;Ignorado;Simples;"Curva;Declive";Não;2;0;0;0;0;2;0;1;-6,12171177;-55,61522198;SPRF-PA;DEL05-PA;UOP03-DEL05-PA
748372;24/11/2025;segunda-feira;17:10:00;RJ;116;281;BARRA MANSA;Ausência de reação do condutor;Tombamento;Sem Vítimas;Pleno dia;Crescente;Sol;Dupla;Reta;Não;1;0;0;0;1;0;0;1;-22,50992673;-44,21881199;SPRF-RJ;DEL07-RJ;UOP02-DEL07-RJ
748427;13/11/2025;quinta-feira;12:05:00;PB;230;112,8;INGA;Velocidade Incompatível;Tombamento;Com Vítimas Feridas;Pleno dia;Crescente;Céu Claro;Dupla;Curva;Não;1;0;0;1;0;0;1;1;-7,217953;-35,595646;SPRF-PB;DEL01-PB;UOP02-DEL01-PB