id;data_inversa;dia_semana;horario;uf;br;km;municipio;causa_acidente;tipo_acidente;classificacao_acidente;fase_dia;sentido_via;condicao_metereologica;tipo_pista;tracado_via;uso_solo;pessoas;mortos;feridos_leves;feridos_graves;ilesos;ignorados;feridos;veiculos;latitude;longitude;regional;delegacia;uop
748462;09/11/2025;domingo;23:10:00;MA;135;111;ITAPECURU MIRIM;Ingestão de álcool pelo condutor;Colisão lateral sentido oposto;Com Vítimas Fatais;Plena Noite;Crescente;Céu Claro;Simples;Reta;Não;10;1;5;0;1;3;5;5;-3,44861;-44,52556;SPRF-MA;DEL01-MA;UOP02-DEL01-MA
748465;29/12/2025;segunda-feira;03:37:00;PA;10;37,3;DOM ELISEU;Transitar na contramão;Colisão frontal;Com Vítimas Fatais;Plena Noite;Decrescente;Céu Claro;Simples;Reta;Não;3;1;0;0;1;3;0;5;-4,123237;-47,548313;SPRF-PA;DEL02-PA;UOP02-DEL02-PA
748487;12/12/2025;sexta-feira;08:30:00;CE;222;119;ITAPAJE;Avarias e/ou desgaste excessivo no pneu;Tombamento;Sem Vítimas;Pleno dia;Decrescente;Céu Claro;Simples;Reta;Não;2;0;0;0;1;1;0;2;-3,714281;-39,567072;SPRF-CE;DEL04-CE;UOP03-DEL04-CE
748517;22/12/2025;segunda-feira;08:00:00;RN;101;118;SAO JOSE DE MIPIBU;Condutor deixou de manter distância do veículo da frente;Colisão traseira;Com Vítimas Feridas;Pleno dia;Crescente;Nublado;Dupla;Reta;Sim;6;0;2;0;3;1;2;3;-6,02226777;-35,25154218;SPRF-RN;DEL01-RN;UOP01-DEL01-RN
748707;16/12/2025;terça-feira;16:30:00;MT;364;397;CUIABA;Ausência de reação do condutor;Colisão traseira;Com Vítimas Feridas;Pleno dia;Crescente;Chuva;Dupla;Retorno Regulamentado;Sim;4;0;2;0;1;2;2;4;-15,669493;-55,952328;SPRF-MT;DEL01-MT;UOP02-DEL01-MT
748711;02/08/2025;sábado;10:35:00;AM;319;116;CANUTAMA;Transitar na contramão;Colisão frontal;Com Vítimas Fatais;Pleno dia;Decrescente;Nublado;Simples;Reta;Não;2;1;0;1;0;0;1;2;-8,61836213;-63,99707794;SPRF-AM;DEL01-AM;UOP04-DEL01-AM
748720;27/11/2025;quinta-feira;09:41:00;PA;316;64,1;CASTANHAL;Acessar a via sem observar a presença dos outros veículos;Colisão lateral mesmo sentido;Com Vítimas Fatais;Pleno dia;Crescente;Céu Claro;Simples;Interseção de Vias;Sim;2;1;0;0;1;0;0;2;-1,29639;-47,91884;SPRF-PA;DEL01-PA;UOP01-DEL01-PA
748807;14/11/2025;sexta-feira;07:40:00;MA;10;38;CAROLINA;Transitar na contramão;Colisão lateral sentido oposto;Com Vítimas Fatais;Pleno dia;Decrescente;Céu Claro;Simples;"Curva;Declive";Não;4;1;0;1;1;3;1;5;-7,308193;-47,442123;SPRF-MA;DEL04-MA;UOP02-DEL04-MA
748920;17/12/2025;quarta-feira;15:00:00;PR;116;115,1;CURITIBA;Reação tardia ou ineficiente do condutor;Engavetamento;Com Vítimas Feridas;Pleno dia;Crescente;Nublado;Múltipla;Reta;Sim;4;0;1;0;3;0;1;4;-25,552048;-49,305362;SPRF-PR;DEL01-PR;UOP03-DEL01-PR
748931;27/11/2025;quinta-feira;14:00:00;AM;319;160;MANAQUIRI;Pista esburacada;Saída de leito carroçável;Com Vítimas Feridas;Pleno dia;Crescente;Chuva;Simples;Reta;Não;3;0;1;0;0;2;1;3;-4,08088438;-60,68058014;SPRF-AM;DEL01-AM;UOP04-DEL01-AM
748976;06/04/2025;domingo;13:37:00;SC;101;233,7;PALHOCA;Reação tardia ou ineficiente do condutor;Colisão com objeto;Com Vítimas Feridas;Pleno dia;Crescente;Céu Claro;Dupla;"Curva;Declive";Não;33;0;4;4;24;6;8;31;-27,808425;-48,638622;SPRF-SC;DEL01-SC;UOP02-DEL01-SC
749028;15/10/2025;quarta-feira;05:20:00;PA;230;696;BRASIL NOVO;Ausência de reação do condutor;Colisão traseira;Com Vítimas Fatais;Amanhecer;Crescente;Ignorado;Simples;Reta;Não;2;1;0;0;0;1;0;2;-3,3077;-52,52321;SPRF-PA;DEL04-PA;UOP01-DEL04-PA
749350;10/09/2025;quarta-feira;18:30:00;GO;40;45;LUZIANIA;Demais falhas mecânicas ou elétricas;Colisão transversal;Com Vítimas Fatais;Plena Noite;Decrescente;Céu Claro;Dupla;"Reta;Declive";Não;2;1;0;0;1;0;0;2;-16,39385028;-47,82474157;SPRF-DF;DEL01-DF;UOP02-DEL01-DF
749404;25/11/2025;terça-feira;18:30:00;MT;70;89;BARRA DO GARCAS;Restrição de visibilidade em curvas verticais;Saída de leito carroçável;Com Vítimas Feridas;Plena Noite;Decrescente;Céu Claro;Simples;Curva;Não;2;0;1;0;0;2;1;3;-15,8725199;-52,3855256;SPRF-MT;DEL07-MT;UOP01-DEL07-MT
749516;12/12/2025;sexta-feira;21:50:00;MG;251;328;FRUTA DE LEITE;Reação tardia ou ineficiente do condutor;Colisão lateral sentido oposto;Com Vítimas Feridas;Plena Noite;Crescente;Céu Claro;Simples;"Curva;Declive";Não;3;0;0;1;1;2;1;4;-16,234776;-42,381153;SPRF-MG;DEL12-MG;UOP02-DEL12-MG
749767;31/10/2025;sexta-feira;14:00:00;BA;101;220;CRUZ DAS ALMAS;Transitar na contramão;Colisão lateral sentido oposto;Com Vítimas Feridas;Pleno dia;Crescente;Céu Claro;Simples;Reta;Sim;5;0;4;0;1;0;4;3;-12,66457452;-39,1295147;SPRF-BA;DEL01-BA;UOP02-DEL01-BA
749890;22/12/2025;segunda-feira;21:35:00;RS;472;499;ITAQUI;Reação tardia ou ineficiente do condutor;Saída de leito carroçável;Com Vítimas Feridas;Plena Noite;Crescente;Nublado;Simples;Reta;Não;2;0;1;0;1;0;1;1;-29,33538319;-56,60392284;SPRF-RS;DEL13-RS;UOP01-DEL13-RS
749986;26/12/2025;sexta-feira;18:00:00;RJ;101;425;MANGARATIBA;Trafegar com motocicleta (ou similar) entre as faixas;Colisão lateral sentido oposto;Com Vítimas Feridas;Pleno dia;Crescente;Céu Claro;Simples;"Reta;Declive";Não;3;0;1;1;1;0;2;2;-22,92687383;-43,96466129;SPRF-RJ;DEL03-RJ;UOP02-DEL03-RJ
749991;26/08/2025;terça-feira;20:30:00;MG;40;801,9;MATIAS BARBOSA;Condutor deixou de manter distância do veículo da frente;Colisão traseira;Com Vítimas Fatais;Plena Noite;Decrescente;Céu Claro;Dupla;"Reta;Aclive";Não;5;2;0;0;2;2;0;4;-21,844411;-43,37683439;SPRF-MG;DEL05-MG;UOP01-DEL05-MG
750177;18/08/2025;segunda-feira;06:17:00;PA;230;569,4;VITORIA DO XINGU;Acessar a via sem observar a presença dos outros veículos;Colisão transversal;Com Vítimas Feridas;Amanhecer;Decrescente;Céu Claro;Simples;Reta;Não;7;0;4;0;2;1;4;3;-3,12510087;-51,74146632;SPRF-PA;DEL04-PA;UOP01-DEL04-PA
750194;15/12/2025;segunda-feira;05:30:00;PA;155;316;MARABA;Objeto estático sobre o leito carroçável;Colisão lateral mesmo sentido;Com Vítimas Feridas;Amanhecer;Decrescente;Nublado;Simples;Reta;Não;1;0;1;0;0;0;1;1;-5,610008;-49,085663;SPRF-PA;DEL03-PA;UOP01-DEL03-PA
750216;02/08/2025;sábado;06:30:00;SP;116;206;GUARULHOS;Reação tardia ou ineficiente do condutor;Colisão traseira;Com Vítimas Feridas;Pleno dia;Crescente;Nublado;Múltipla;Reta;Sim;4;0;2;0;0;2;2;3;-23,4172663;-46,3758554;SPRF-SP;DEL01-SP;UOP01-DEL01-SP
750284;06/09/2025;sábado;03:50:00;BA;116;321;ARACI;Ingestão de álcool pelo condutor;Colisão frontal;Com Vítimas Feridas;Plena Noite;Crescente;Nublado;Simples;Reta;Sim;2;0;0;1;1;0;1;2;-11,3283916;-38,95335684;SPRF-BA;DEL02-BA;UOP01-DEL02-BA
750441;15/12/2025;segunda-feira;20:15:00;PA;155;77;RIO MARIA;Reação tardia ou ineficiente do condutor;Colisão traseira;Com Vítimas Feridas;Plena Noite;Crescente;Ignorado;Simples;Reta;Não;5;0;1;0;1;6;1;8;-7,37256;-50,0388;SPRF-PA;DEL03-PA;UOP01-DEL03-PA
750525;15/12/2025;segunda-feira;04:55:00;SP;116;231;SAO PAULO;Entrada inopinada do pedestre;Atropelamento de Pedestre;Com Vítimas Feridas;Amanhecer;Crescente;Céu Claro;Dupla;Reta;Sim;3;0;0;1;1;1;1;3;-23,52273601;-46,58579707;SPRF-SP;DEL01-SP;UOP01-DEL01-SP
750950;22/09/2025;segunda-feira;04:00:00;PB;230;64;SAO MIGUEL DE TAIPU;Reação tardia ou ineficiente do condutor;Colisão traseira;Com Vítimas Fatais;Pleno dia;Crescente;Nublado;Dupla;"Reta;Declive";Não;5;2;0;0;3;0;0;2;-7,19604921;-35,17150665;SPRF-PB;DEL01-PB;UOP02-DEL01-PB
751201;11/12/2025;quinta-feira;06:30:00;PR;116;3;CAMPINA GRANDE DO SUL;Ausência de sinalização;Colisão traseira;Com Vítimas Feridas;Pleno dia;Decrescente;Céu Claro;Simples;Reta;Não;3;0;1;0;0;2;1;3;-25,08481001;-48,60123508;SPRF-PR;DEL01-PR;UOP02-DEL01-PR
751386;04/09/2025;quinta-feira;11:15:00;SP;381;54;MAIRIPORA;Demais falhas mecânicas ou elétricas;Colisão traseira;Com Vítimas Feridas;Pleno dia;Crescente;Céu Claro;Dupla;"Curva;Aclive";Sim;5;0;1;0;3;1;1;5;-23,242428;-46,597636;SPRF-SP;DEL03-SP;UOP01-DEL03-SP
751553;26/12/2025;sexta-feira;05:40:00;PE;101;58;RECIFE;Ausência de reação do condutor;Colisão lateral mesmo sentido;Com Vítimas Feridas;Amanhecer;Decrescente;Céu Claro;Dupla;Reta;Não;2;0;1;0;1;0;1;2;-7,96749822;-34,91851894;SPRF-PE;DEL01-PE;UOP02-DEL01-PE
752766;24/10/2025;sexta-feira;04:50:00;MA;222;437;SANTA LUZIA;Ausência de reação do condutor;Colisão traseira;Com Vítimas Fatais;Plena Noite;Crescente;Céu Claro;Simples;"Reta;Aclive";Não;5;2;0;1;1;1;1;3;-4,0784016;-45,85736275;SPRF-MA;DEL02-MA;UOP01-DEL02-MA
753413;07/11/2025;sexta-feira;15:20:00;MG;262;481;BOM DESPACHO;Ausência de reação do condutor;Colisão traseira;Com Vítimas Feridas;Pleno dia;Crescente;Céu Claro;Simples;Reta;Não;2;0;0;1;0;1;1;2;-19,78178726;-45,36115408;SPRF-MG;DEL08-MG;UOP03-DEL08-MG
753909;21/02/2025;sexta-feira;20:00:00;RJ;393;174;TRES RIOS;Velocidade Incompatível;Tombamento;Com Vítimas Feridas;Plena Noite;Crescente;Chuva;Simples;Curva;Não;4;0;4;0;0;0;4;2;-22,13065219;-43,22027493;SPRF-RJ;DEL05-RJ;UOP03-DEL05-RJ
754402;03/12/2025;quarta-feira;10:00:00;PE;101;113;IPOJUCA;Ausência de reação do condutor;Atropelamento de Pedestre;Sem Vítimas;Pleno dia;Decrescente;Céu Claro;Dupla;Curva;Não;3;0;0;0;2;1;0;3;-8,3280759;-35,121615;SPRF-PE;DEL01-PE;UOP03-DEL01-PE
754413;17/10/2025;sexta-feira;21:00:00;ES;101;35,4;CONCEICAO DA BARRA;Acessar a via sem observar a presença dos outros veículos;Colisão transversal;Com Vítimas Feridas;Plena Noite;Decrescente;Céu Claro;Simples;Interseção de Vias;Não;3;0;0;1;1;2;1;4;-18,45926122;-39,93004058;SPRF-ES;DEL04-ES;UOP02-DEL04-ES
754427;09/11/2025;domingo;06:40:00;SP;116;146,4;SAO JOSE DOS CAMPOS;Condutor deixou de manter distância do veículo da frente;Colisão transversal;Com Vítimas Feridas;Pleno dia;Decrescente;Céu Claro;Dupla;"Reta;Declive";Não;6;0;3;0;1;2;3;4;-23,19598082;-45,87253332;SPRF-SP;DEL02-SP;UOP01-DEL02-SP
754448;26/12/2025;sexta-feira;06:10:00;MG;262;188;SAO DOMINGOS DO PRATA;Velocidade Incompatível;Colisão lateral sentido oposto;Com Vítimas Feridas;Pleno dia;Crescente;Céu Claro;Simples;Curva;Não;8;0;3;1;4;0;4;4;-19,88251684;-43,04803848;SPRF-MG;DEL03-MG;UOP01-DEL03-MG
754663;03/11/2025;segunda-feira;07:40:00;MG;365;613;UBERLANDIA;Frear bruscamente;Colisão com objeto;Com Vítimas Feridas;Pleno dia;Decrescente;Céu Claro;Simples;"Declive;Reta";Não;2;0;1;0;0;1;1;2;-18,91210512;-48,21998766;SPRF-MG;DEL15-MG;UOP01-DEL15-MG
754987;24/10/2025;sexta-feira;18:30:00;RJ;493;73;NOVA IGUACU;Problema com o freio;Incêndio;Sem Vítimas;Plena Noite;Decrescente;Céu Claro;Dupla;Reta;Não;2;0;0;0;2;0;0;1;-22,6878507;-43,5120167;SPRF-RJ;DEL01-RJ;UOP03-DEL01-RJ
755001;03/09/2025;quarta-feira;09:50:00;MA;316;268;SANTA INES;Ultrapassagem Indevida;Colisão transversal;Com Vítimas Feridas;Pleno dia;Decrescente;Céu Claro;Simples;Reta;Não;3;0;1;0;1;1;1;3;-3,693745;-45,327817;SPRF-MA;DEL02-MA;UOP01-DEL02-MA
755260;07/11/2025;sexta-feira;21:00:00;MT;364;266;RONDONOPOLIS;Ultrapassagem Indevida;Colisão lateral mesmo sentido;Com Vítimas Feridas;Plena Noite;Decrescente;Céu Claro;Dupla;"Declive;Reta;Desvio Temporário";Não;7;0;0;1;5;3;1;5;-16,4168455;-54,70634322;SPRF-MT;DEL02-MT;UOP01-DEL02-MT
755723;06/11/2025;quinta-feira;15:50:00;BA;116;547;MILAGRES;Problema com o freio;Colisão traseira;Com Vítimas Feridas;Pleno dia;Decrescente;Céu Claro;Simples;Reta;Sim;3;0;1;0;1;1;1;3;-12,880301;-39,858022;SPRF-BA;DEL03-BA;UOP02-DEL03-BA
755804;14/10/2025;terça-feira;13:47:00;MT;364;549;ROSARIO OESTE;Pista Escorregadia;Saída de leito carroçável;Com Vítimas Feridas;Pleno dia;Decrescente;Chuva;Dupla;Reta;Não;5;0;1;1;2;2;2;4;-14,789162;-56,39516;SPRF-MT;DEL01-MT;UOP01-DEL01-MT
756078;13/09/2025;sábado;11:05:00;PB;101;93,9;CONDE;Velocidade Incompatível;Engavetamento;Com Vítimas Feridas;Pleno dia;Decrescente;Céu Claro;Dupla;Reta;Não;6;0;1;0;5;0;1;4;-7,21784067;-34,91270542;SPRF-PB;DEL01-PB;UOP01-DEL01-PB
756507;05/10/2025;domingo;14:30:00;MA;135;19;SAO LUIS;Reação tardia ou ineficiente do condutor;Saída de leito carroçável;Com Vítimas Feridas;Pleno dia;Crescente;Sol;Dupla;"Reta;Aclive";Não;2;0;1;0;1;0;1;1;-2,725905;-44,327148;SPRF-MA;DEL01-MA;UOP01-DEL01-MA
756641;14/04/2025;segunda-feira;12:30:00;PA;163;377,2;NOVO PROGRESSO;Ultrapassagem Indevida;Colisão frontal;Com Vítimas Fatais;Pleno dia;Crescente;Céu Claro;Simples;Reta;Não;5;2;0;1;0;9;1;12;-6,49680406;-55,54520925;SPRF-PA;DEL05-PA;UOP03-DEL05-PA
756873;10/06/2025;terça-feira;05:30:00;SE;101;1,5;PROPRIA;Ausência de reação do condutor;Colisão lateral mesmo sentido;Com Vítimas Feridas;Amanhecer;Crescente;Céu Claro;Dupla;Reta;Não;2;0;0;1;1;0;1;2;-10,22681502;-36,83567673;SPRF-SE;DEL02-SE;UOP02-DEL02-SE
757223;23/12/2025;terça-feira;06:30:00;RO;364;435,4;JARU;Velocidade Incompatível;Colisão lateral sentido oposto;Com Vítimas Feridas;Pleno dia;Decrescente;Céu Claro;Simples;"Curva;Declive";Não;3;0;1;0;1;1;1;3;-10,381638;-62,549077;SPRF-RO;DEL03-RO;UOP02-DEL03-RO
757414;29/03/2025;sábado;16:55:00;DF;20;3;BRASILIA;Ausência de reação do condutor;Colisão traseira;Com Vítimas Feridas;Pleno dia;Decrescente;Céu Claro;Dupla;Aclive;Não;2;0;0;1;1;0;1;2;-15,6810663;-47,8328149;SPRF-DF;DEL02-DF;UOP01-DEL02-DF
757560;11/10/2025;sábado;04:30:00;SC;470;111;APIUNA;Chuva;Tombamento;Com Vítimas Feridas;Amanhecer;Crescente;Garoa/Chuvisco;Simples;Curva;Não;1;0;1;0;0;0;1;1;-27,09939;-49,46265;SPRF-SC;DEL04-SC;UOP02-DEL04-SC
757684;29/12/2025;segunda-feira;14:30:00;PR;376;315;ORTIGUEIRA;Ausência de reação do condutor;Colisão frontal;Sem Vítimas;Pleno dia;Crescente;Nublado;Simples;Curva;Não;4;0;0;0;3;2;0;4;-24,01214;-51,09233;SPRF-PR;DEL07-PR;UOP02-DEL07-PR
653223;04/01/2025;sábado;20:50:00;MS;163;85;ITAQUIRAI;Ausência de reação do condutor;Colisão traseira;Sem Vítimas;Plena Noite;Crescente;Céu Claro;Simples;Reta;Não;2;0;0;0;1;1;0;2;-23,41486497;-54,20829976;SPRF-MS;DEL09-MS;UOP01-DEL09-MS
653975;09/01/2025;quinta-feira;07:40:00;DF;20;13;BRASILIA;Chuva;Saída de leito carroçável;Sem Vítimas;Pleno dia;Decrescente;Chuva;Dupla;Reta;Sim;2;0;0;0;1;1;0;2;-15,63700583;-47,74559498;SPRF-DF;DEL02-DF;UOP01-DEL02-DF
655189;15/01/2025;quarta-feira;05:40:00;BA;116;570,8;BREJOES;Condutor deixou de manter distância do veículo da frente;Colisão traseira;Com Vítimas Feridas;Pleno dia;Decrescente;Chuva;Simples;Declive;Não;3;0;1;0;1;1;1;2;-13,0445;-39,9633;SPRF-BA;DEL03-BA;UOP02-DEL03-BA
655607;17/01/2025;sexta-feira;10:31:00;PI;0;0;FLORIANO;Reação tardia ou ineficiente do condutor;Colisão com objeto;Sem Vítimas;Pleno dia;Não Informado;Nublado;Simples;Reta;Sim;2;0;0;0;1;1;0;2;-6,788374;-43,044399;SPRF-PI;DEL03-PI;UOP01-DEL03-PI
657431;26/01/2025;domingo;09:45:00;MG;381;498,2;BETIM;Ausência de reação do condutor;Colisão lateral mesmo sentido;Com Vítimas Feridas;Pleno dia;Crescente;Céu Claro;Múltipla;"Aclive;Curva";Sim;6;0;4;0;0;2;4;3;-19,98850167;-44,20481152;SPRF-MG;DEL01-MG;UOP03-DEL01-MG
662156;18/02/2025;terça-feira;09:55:00;SC;282;99;CUNHA PORA;Ausência de reação do condutor;Colisão traseira;Com Vítimas Feridas;Pleno dia;Decrescente;Céu Claro;Simples;Reta;Não;5;0;2;0;3;0;2;4;-26,80712721;-53,18156546;SPRF-SC;DEL01-SC;UOP03-DEL01-SC
662525;20/02/2025;quinta-feira;09:00:00;AL;101;178,4;TEOTONIO VILELA;Mal súbito do condutor;Colisão traseira;Com Vítimas Feridas;Pleno dia;Decrescente;Céu Claro;Dupla;Reta;Não;7;0;3;0;4;0;3;3;-9,88723897;-36,390828;SPRF-AL;DEL02-AL;UOP02-DEL02-AL
662779;21/02/2025;sexta-feira;18:30:00;PE;232;13,9;JABOATAO DOS GUARARAPES;Manobra de mudança de faixa;Colisão lateral mesmo sentido;Com Vítimas Feridas;Plena Noite;Crescente;Nublado;Dupla;Reta;Não;3;0;2;0;0;1;2;2;-8,09836;-35,01904;SPRF-PE;DEL01-PE;UOP01-DEL01-PE
662934;22/02/2025;sábado;13:50:00;SC;101;158;PORTO BELO;Ausência de reação do condutor;Colisão lateral mesmo sentido;Com Vítimas Feridas;Pleno dia;Crescente;Céu Claro;Dupla;Reta;Sim;3;0;0;1;0;2;1;3;-27,19306042;-48,61267269;SPRF-SC;DEL04-SC;UOP03-DEL04-SC
663061;08/02/2025;sábado;12:00:00;ES;101;294,6;CARIACICA;Condutor deixou de manter distância do veículo da frente;Colisão traseira;Com Vítimas Feridas;Pleno dia;Crescente;Sol;Múltipla;"Viaduto;Declive;Reta";Sim;9;0;1;0;7;1;1;4;-20,32983151;-40,39897619;SPRF-ES;DEL01-ES;UOP01-DEL01-ES
663606;28/01/2025;terça-feira;13:47:00;BA;101;70;ENTRE RIOS;Demais falhas mecânicas ou elétricas;Incêndio;Sem Vítimas;Pleno dia;Decrescente;Céu Claro;Dupla;Reta;Não;1;0;0;0;1;0;0;1;-11,9674778;-38,1247283;SPRF-BA;DEL01-BA;UOP04-DEL01-BA
664008;12/02/2025;quarta-feira;17:00:00;MG;50;70;UBERLANDIA;Ultrapassagem Indevida;Colisão lateral mesmo sentido;Com Vítimas Feridas;Pleno dia;Crescente;Chuva;Dupla;Reta;Sim;2;0;1;0;0;1;1;2;-18,89049233;-48,25650215;SPRF-MG;DEL15-MG;UOP01-DEL15-MG
664730;02/03/2025;domingo;11:15:00;SP;116;365;MIRACATU;Demais falhas mecânicas ou elétricas;Incêndio;Sem Vítimas;Pleno dia;Crescente;Céu Claro;Dupla;"Declive;Curva";Não;1;0;0;0;1;0;0;1;-24,1449;-47,2745;SPRF-SP;DEL04-SP;UOP02-DEL04-SP
664901;03/03/2025;segunda-feira;00:25:00;MG;40;94,2;LAGOA GRANDE;Avarias e/ou desgaste excessivo no pneu;Incêndio;Sem Vítimas;Plena Noite;Crescente;Céu Claro;Simples;Reta;Não;1;0;0;0;1;0;0;1;-17,526258;-46,546778;SPRF-MG;DEL14-MG;UOP01-DEL14-MG
670007;27/03/2025;quinta-feira;15:20:00;SP;381;28;ATIBAIA;Ausência de reação do condutor;Colisão lateral mesmo sentido;Sem Vítimas;Pleno dia;Crescente;Céu Claro;Dupla;Reta;Não;2;0;0;0;1;1;0;2;-23,035581;-46,549877;SPRF-SP;DEL03-SP;UOP02-DEL03-SP
670728;31/03/2025;segunda-feira;10:50:00;PR;116;106;SAO JOSE DOS PINHAIS;Reação tardia ou ineficiente do condutor;Colisão traseira;Com Vítimas Feridas;Pleno dia;Crescente;Céu Claro;Dupla;Reta;Não;2;0;1;0;0;1;1;2;-25,569184;-49,226769;SPRF-PR;DEL01-PR;UOP03-DEL01-PR
670777;31/03/2025;segunda-feira;16:45:00;CE;116;43;HORIZONTE;Ausência de reação do condutor;Colisão traseira;Com Vítimas Feridas;Pleno dia;Crescente;Céu Claro;Dupla;Reta;Não;2;0;0;1;0;1;1;2;-4,10037236;-38,50189094;SPRF-CE;DEL01-CE;UOP02-DEL01-CE
671015;02/04/2025;quarta-feira;02:30:00;PI;316;248;INHUMA;Condutor deixou de manter distância do veículo da frente;Colisão traseira;Com Vítimas Feridas;Plena Noite;Crescente;Céu Claro;Simples;Reta;Não;3;0;1;1;0;1;2;2;-6,75589452;-41,72495842;SPRF-PI;DEL04-PI;UOP02-DEL04-PI
671472;04/04/2025;sexta-feira;09:00:00;RJ;40;91;PETROPOLIS;Pista Escorregadia;Queda de ocupante de veículo;Com Vítimas Feridas;Pleno dia;Decrescente;Garoa/Chuvisco;Dupla;Curva;Não;2;0;0;1;1;0;1;2;-22,55439407;-43,22535731;SPRF-RJ;DEL01-RJ;UOP01-DEL01-RJ
672147;07/04/2025;segunda-feira;10:30:00;CE;116;6;FORTALEZA;Condutor deixou de manter distância do veículo da frente;Colisão traseira;Sem Vítimas;Pleno dia;Crescente;Céu Claro;Dupla;Reta;Não;4;0;0;0;3;1;0;3;-3,80141;-38,504768;SPRF-CE;DEL01-CE;UOP02-DEL01-CE
673091;12/04/2025;sábado;03:50:00;GO;414;350;COCALZINHO DE GOIAS;Reação tardia ou ineficiente do condutor;Colisão traseira;Com Vítimas Feridas;Plena Noite;Crescente;Nublado;Simples;Reta;Não;2;0;1;0;0;1;1;2;-15,631753;-48,671319;SPRF-GO;DEL02-GO;UOP01-DEL02-GO
673812;15/04/2025;terça-feira;07:50:00;PE;116;82;BELEM DE SAO FRANCISCO;Demais falhas mecânicas ou elétricas;Colisão com objeto;Sem Vítimas;Pleno dia;Crescente;Céu Claro;Simples;Rotatória;Não;1;0;0;0;1;0;0;1;-8,548257;-39,226347;SPRF-PE;DEL05-PE;UOP03-DEL05-PE
685953;19/04/2025;sábado;13:55:00;MG;116;717;MURIAE;Ausência de reação do condutor;Colisão traseira;Com Vítimas Feridas;Pleno dia;Decrescente;Céu Claro;Simples;"Aclive;Curva";Não;2;0;1;0;0;1;1;2;-21,22805191;-42,39439487;SPRF-MG;DEL07-MG;UOP02-DEL07-MG
688989;04/05/2025;domingo;04:16:00;TO;153;132;WANDERLANDIA;Ausência de reação do condutor;Colisão traseira;Com Vítimas Feridas;Plena Noite;Crescente;Nublado;Simples;"Reta;Aclive";Não;2;0;1;0;0;1;1;2;-7,109862;-48,183777;SPRF-TO;DEL02-TO;UOP01-DEL02-TO
690373;21/04/2025;segunda-feira;06:10:00;MG;365;622;UBERLANDIA;Ausência de reação do condutor;Colisão lateral mesmo sentido;Com Vítimas Feridas;Pleno dia;Decrescente;Céu Claro;Dupla;Reta;Sim;3;0;1;0;2;0;1;2;-18,89393;-48,15305;SPRF-MG;DEL15-MG;UOP01-DEL15-MG
690898;12/05/2025;segunda-feira;19:30:00;DF;40;1,6;BRASILIA;Trafegar com motocicleta (ou similar) entre as faixas;Colisão lateral mesmo sentido;Com Vítimas Feridas;Plena Noite;Crescente;Céu Claro;Dupla;Reta;Sim;2;0;1;0;0;1;1;2;-15,990968;-47,986707;SPRF-DF;DEL01-DF;UOP01-DEL01-DF
691250;14/05/2025;quarta-feira;16:25:00;RJ;101;324;NITEROI;Reação tardia ou ineficiente do condutor;Colisão lateral mesmo sentido;Com Vítimas Feridas;Pleno dia;Crescente;Nublado;Dupla;"Ponte;Reta";Sim;2;0;0;1;0;1;1;2;-22,87278368;-43,13677032;SPRF-RJ;DEL02-RJ;UOP01-DEL02-RJ
691263;14/05/2025;quarta-feira;12:45:00;RJ;40;113;DUQUE DE CAXIAS;Manobra de mudança de faixa;Colisão lateral mesmo sentido;Com Vítimas Feridas;Pleno dia;Crescente;Céu Claro;Dupla;Reta;Sim;3;0;2;0;0;1;2;2;-22,6744813;-43,2853538;SPRF-RJ;DEL01-RJ;UOP02-DEL01-RJ
691429;15/05/2025;quinta-feira;12:00:00;MA;222;663,8;ACAILANDIA;Transitar no Acostamento;Tombamento;Com Vítimas Fatais;Pleno dia;Crescente;Céu Claro;Simples;Reta;Sim;3;1;0;0;1;1;0;2;-4,908282;-47,409628;SPRF-MA;DEL04-MA;UOP03-DEL04-MA
691942;17/05/2025;sábado;07:30:00;PI;343;589;FLORIANO;Transitar na calçada;Colisão com objeto;Sem Vítimas;Pleno dia;Crescente;Céu Claro;Dupla;Reta;Sim;1;0;0;0;0;1;0;1;-6,79318728;-42,98378033;SPRF-PI;DEL03-PI;UOP01-DEL03-PI
692805;21/05/2025;quarta-feira;18:17:00;SC;101;232,8;PALHOCA;Trafegar com motocicleta (ou similar) entre as faixas;Colisão lateral mesmo sentido;Com Vítimas Fatais;Plena Noite;Crescente;Chuva;Dupla;"Reta;Aclive";Não;3;1;0;0;0;2;0;3;-27,800894;-48,637484;SPRF-SC;DEL01-SC;UOP02-DEL01-SC
693173;23/05/2025;sexta-feira;13:00:00;MG;381;554;ITAGUARA;Ausência de reação do condutor;Colisão lateral mesmo sentido;Com Vítimas Feridas;Pleno dia;Decrescente;Céu Claro;Dupla;Reta;Não;2;0;1;0;1;0;1;2;-20,35676231;-44,45573044;SPRF-MG;DEL04-MG;UOP03-DEL04-MG
693260;23/05/2025;sexta-feira;05:00:00;MT;158;471;CANARANA;Problema com o freio;Incêndio;Sem Vítimas;Amanhecer;Crescente;Céu Claro;Simples;Reta;Não;1;0;0;0;1;0;0;1;-13,442593;-51,94408894;SPRF-MT;DEL07-MT;UOP02-DEL07-MT
693337;24/05/2025;sábado;06:00:00;RJ;116;186;NOVA IGUACU;Condutor deixou de manter distância do veículo da frente;Colisão traseira;Com Vítimas Feridas;Amanhecer;Decrescente;Chuva;Múltipla;Reta;Sim;2;0;1;0;0;1;1;2;-22,73961935;-43,46600024;SPRF-RJ;DEL06-RJ;UOP01-DEL06-RJ