id;data_inversa;dia_semana;horario;uf;br;km;municipio;causa_acidente;tipo_acidente;classificacao_acidente;fase_dia;sentido_via;condicao_metereologica;tipo_pista;tracado_via;uso_solo;pessoas;mortos;feridos_leves;feridos_graves;ilesos;ignorados;feridos;veiculos;latitude;longitude;regional;delegacia;uop
693767;24/05/2025;sábado;13:00:00;MA;226;60,5;MATOES;Demais falhas mecânicas ou elétricas;Incêndio;Sem Vítimas;Plena Noite;Decrescente;Céu Claro;Simples;Reta;Não;2;0;0;0;1;1;0;2;-5,19945915;-43,31180155;SPRF-MA;DEL03-MA;UOP02-DEL03-MA
694083;27/05/2025;terça-feira;15:10:00;RJ;493;59;DUQUE DE CAXIAS;Ausência de reação do condutor;Colisão traseira;Com Vítimas Feridas;Pleno dia;Decrescente;Céu Claro;Dupla;Reta;Não;2;0;1;0;0;1;1;2;-22,6630713;-43,36403918;SPRF-RJ;DEL01-RJ;UOP03-DEL01-RJ
694393;29/05/2025;quinta-feira;07:45:00;PR;376;183,8;SARANDI;Trafegar com motocicleta (ou similar) entre as faixas;Colisão lateral mesmo sentido;Com Vítimas Feridas;Pleno dia;Crescente;Céu Claro;Dupla;Reta;Sim;4;0;0;1;0;3;1;4;-23,440667;-51,872293;SPRF-PR;DEL09-PR;UOP01-DEL09-PR
695270;01/06/2025;domingo;22:30:00;MG;251;386;GRAO MOGOL;Ausência de reação do condutor;Colisão traseira;Com Vítimas Feridas;Amanhecer;Crescente;Céu Claro;Simples;Reta;Não;6;0;2;3;1;0;5;3;-16,30066;-42,71173;SPRF-MG;DEL12-MG;UOP01-DEL12-MG
696944;09/06/2025;segunda-feira;07:37:00;SP;116;299;ITAPECERICA DA SERRA;Reação tardia ou ineficiente do condutor;Colisão traseira;Sem Vítimas;Amanhecer;Decrescente;Garoa/Chuvisco;Dupla;Reta;Não;2;0;0;0;1;1;0;2;-23,786933;-46,913492;SPRF-SP;DEL04-SP;UOP01-DEL04-SP
698469;16/06/2025;segunda-feira;07:00:00;RJ;116;234;PIRAI;Reação tardia ou ineficiente do condutor;Colisão traseira;Com Vítimas Feridas;Pleno dia;Decrescente;Céu Claro;Dupla;Reta;Não;3;0;1;0;1;1;1;2;-22,66671414;-43,850511;SPRF-RJ;DEL07-RJ;UOP01-DEL07-RJ
698611;16/06/2025;segunda-feira;17:30:00;MA;316;514;TIMON;Condutor Dormindo;Colisão traseira;Com Vítimas Feridas;Anoitecer;Crescente;Céu Claro;Simples;Reta;Sim;2;0;1;0;0;1;1;2;-5,0794404;-42,84295607;SPRF-MA;DEL03-MA;UOP02-DEL03-MA
700528;25/06/2025;quarta-feira;23:28:00;GO;40;27;LUZIANIA;Demais falhas mecânicas ou elétricas;Incêndio;Sem Vítimas;Plena Noite;Decrescente;Céu Claro;Dupla;Reta;Sim;1;0;0;0;0;1;0;1;-16,27139;-47,87625;SPRF-DF;DEL01-DF;UOP01-DEL01-DF
701209;28/06/2025;sábado;22:00:00;BA;116;15;VITORIA DA CONQUISTA;Sinalização mal posicionada;Colisão traseira;Com Vítimas Fatais;Plena Noite;Crescente;Nevoeiro/Neblina;Simples;Reta;Não;2;1;0;0;1;0;0;2;-14,89834049;-40,85849762;SPRF-BA;DEL08-BA;UOP01-DEL08-BA
702628;04/07/2025;sexta-feira;22:30:00;MG;365;404;PATOS DE MINAS;Condutor Dormindo;Colisão com objeto;Com Vítimas Feridas;Plena Noite;Decrescente;Céu Claro;Múltipla;"Reta;Interseção de Vias";Sim;2;0;1;0;1;0;1;2;-18,6361005;-46,48340535;SPRF-MG;DEL10-MG;UOP01-DEL10-MG
702926;06/07/2025;domingo;13:45:00;PR;277;38,9;MORRETES;Manobra de mudança de faixa;Colisão lateral mesmo sentido;Com Vítimas Feridas;Pleno dia;Decrescente;Céu Claro;Dupla;Reta;Não;3;0;0;2;0;1;2;2;-25,578198;-48,860337;SPRF-PR;DEL01-PR;UOP05-DEL01-PR
703426;08/07/2025;terça-feira;18:06:00;CE;222;12;CAUCAIA;Demais falhas mecânicas ou elétricas;Colisão frontal;Com Vítimas Feridas;Plena Noite;Decrescente;Céu Claro;Simples;Reta;Não;3;0;1;0;0;2;1;3;-3,76368908;-38,67640167;SPRF-CE;DEL01-CE;UOP01-DEL01-CE
703806;10/07/2025;quinta-feira;11:50:00;RO;364;198,5;PIMENTA BUENO;Condutor deixou de manter distância do veículo da frente;Colisão traseira;Com Vítimas Feridas;Pleno dia;Crescente;Céu Claro;Simples;Ponte;Sim;2;0;1;0;0;1;1;2;-11,6663312;-61,191835;SPRF-RO;DEL02-RO;UOP02-DEL02-RO
704190;12/07/2025;sábado;04:45:00;PE;232;36,2;MORENO;Manobra de mudança de faixa;Colisão lateral mesmo sentido;Com Vítimas Feridas;Amanhecer;Decrescente;Nublado;Dupla;Curva;Não;2;0;1;0;0;1;1;2;-8,111815;-35,203852;SPRF-PE;DEL02-PE;UOP02-DEL02PE
704621;13/07/2025;domingo;22:40:00;GO;153;72;PORANGATU;Ausência de reação do condutor;Colisão traseira;Com Vítimas Feridas;Plena Noite;Decrescente;Céu Claro;Simples;Reta;Sim;3;0;2;0;0;1;2;2;-13,4086656;-49,1290624;SPRF-GO;DEL07-GO;UOP01-DEL07-GO
705582;18/07/2025;sexta-feira;18:20:00;RS;116;248;SAO LEOPOLDO;Ausência de reação do condutor;Queda de ocupante de veículo;Com Vítimas Feridas;Plena Noite;Decrescente;Céu Claro;Múltipla;Reta;Sim;3;0;1;0;2;0;1;2;-29,77561154;-51,15494523;SPRF-RS;DEL01-RS;UOP02-DEL01-RS
705945;20/07/2025;domingo;03:15:00;RJ;101;44;CAMPOS DOS GOYTACAZES;Ausência de reação do condutor;Colisão traseira;Com Vítimas Fatais;Plena Noite;Crescente;Céu Claro;Simples;Reta;Não;2;1;0;0;0;1;0;2;-21,587605;-41,3173764;SPRF-RJ;DEL08-RJ;UOP01-DEL08-RJ
706634;23/07/2025;quarta-feira;03:30:00;RJ;40;28;PETROPOLIS;Demais falhas mecânicas ou elétricas;Incêndio;Sem Vítimas;Plena Noite;Decrescente;Céu Claro;Dupla;Reta;Sim;2;0;0;0;1;1;0;2;-22,2825516;-43,1191708;SPRF-RJ;DEL05-RJ;UOP02-DEL05-RJ
708788;02/08/2025;sábado;01:00:00;PR;277;727;FOZ DO IGUACU;Reação tardia ou ineficiente do condutor;Colisão traseira;Com Vítimas Feridas;Plena Noite;Decrescente;Nublado;Dupla;Reta;Sim;2;0;0;1;0;1;1;2;-25,50840486;-54,58167225;SPRF-PR;DEL05-PR;UOP03-DEL05-PR
710064;07/08/2025;quinta-feira;19:00:00;MG;40;428;PARAOPEBA;Objeto estático sobre o leito carroçável;Colisão com objeto;Com Vítimas Feridas;Plena Noite;Decrescente;Ignorado;Dupla;Reta;Não;2;0;0;1;1;0;1;2;-19,16777527;-44,51586106;SPRF-MG;DEL02-MG;UOP01-DEL02-MG
710165;08/08/2025;sexta-feira;08:20:00;MG;40;547;NOVA LIMA;Manobra de mudança de faixa;Colisão traseira;Com Vítimas Feridas;Pleno dia;Crescente;Céu Claro;Dupla;Curva;Não;3;0;1;1;0;1;2;2;-20,02094492;-43,9715093;SPRF-MG;DEL01-MG;UOP02-DEL01-MG
710944;11/08/2025;segunda-feira;06:50:00;SP;153;59,9;SAO JOSE DO RIO PRETO;Condutor deixou de manter distância do veículo da frente;Colisão traseira;Com Vítimas Feridas;Pleno dia;Crescente;Céu Claro;Dupla;Reta;Sim;3;0;1;0;1;1;1;3;-20,79116339;-49,3544054;SPRF-SP;DEL09-SP;UOP01-DEL09-SP
711696;14/08/2025;quinta-feira;22:43:00;MT;163;1045;MATUPA;Condutor deixou de manter distância do veículo da frente;Colisão traseira;Sem Vítimas;Plena Noite;Crescente;Céu Claro;Simples;Reta;Não;2;0;0;0;1;1;0;2;-10,1211;-54,933;SPRF-MT;DEL06-MT;UOP03-DEL06-MT
712025;26/06/2025;quinta-feira;16:40:00;PR;376;498;PONTA GROSSA;Reação tardia ou ineficiente do condutor;Colisão traseira;Com Vítimas Feridas;Pleno dia;Decrescente;Chuva;Dupla;"Reta;Declive";Sim;3;0;1;0;1;1;1;2;-25,150392;-50,143785;SPRF-PR;DEL03-PR;UOP04-DEL03-PR
712522;18/08/2025;segunda-feira;17:45:00;SC;470;51;BLUMENAU;Reação tardia ou ineficiente do condutor;Colisão lateral mesmo sentido;Com Vítimas Feridas;Anoitecer;Crescente;Céu Claro;Simples;"Em Obras;Reta";Sim;2;0;1;0;0;1;1;2;-26,87324366;-49,11420822;SPRF-SC;DEL04-SC;UOP01-DEL04-SC
713152;21/08/2025;quinta-feira;23:15:00;SP;116;96;PINDAMONHANGABA;Reação tardia ou ineficiente do condutor;Colisão traseira;Com Vítimas Feridas;Plena Noite;Decrescente;Céu Claro;Dupla;Reta;Sim;2;0;1;0;1;0;1;2;-22,97226;-45,4442917;SPRF-SP;DEL08-SP;UOP01-DEL08-SP
714432;27/08/2025;quarta-feira;17:10:00;PR;163;252;TOLEDO;Ingestão de álcool pelo condutor;Saída de leito carroçável;Com Vítimas Feridas;Pleno dia;Decrescente;Céu Claro;Dupla;Reta;Não;6;0;2;0;4;0;2;4;-24,68092602;-53,78390662;SPRF-PR;DEL06-PR;UOP02-DEL06-PR
715045;30/08/2025;sábado;14:00:00;SC;101;310,9;LAGUNA;Manobra de mudança de faixa;Colisão lateral mesmo sentido;Com Vítimas Feridas;Pleno dia;Crescente;Céu Claro;Múltipla;"Curva;Aclive;Viaduto";Sim;4;0;2;0;0;2;2;3;-28,43966665;-48,81204128;SPRF-SC;DEL02-SC;UOP01-DEL02-SC
715982;03/09/2025;quarta-feira;17:15:00;RN;304;21;MOSSORO;Problema com o freio;Incêndio;Sem Vítimas;Anoitecer;Decrescente;Céu Claro;Simples;Reta;Não;1;0;0;0;1;0;0;1;-5,06602275;-37,33227253;SPRF-RN;DEL04-RN;UOP02-DEL04-RN
716333;05/09/2025;sexta-feira;02:00:00;PI;135;546;SAO GONCALO DO GURGUEIA;Demais falhas mecânicas ou elétricas;Incêndio;Sem Vítimas;Pleno dia;Decrescente;Céu Claro;Simples;Reta;Não;1;0;0;0;0;1;0;1;-10,084342;-45,263153;SPRF-PI;DEL03-PI;UOP02-DEL03-PI
716795;19/08/2025;terça-feira;13:34:00;MG;381;871;POUSO ALEGRE;Carga excessiva e/ou mal acondicionada;Incêndio;Sem Vítimas;Pleno dia;Crescente;Céu Claro;Dupla;"Retorno Regulamentado;Reta";Não;2;0;0;0;1;1;0;2;-22,39763887;-45,96075332;SPRF-MG;DEL16-MG;UOP01-DEL16-MG
717728;11/09/2025;quinta-feira;12:30:00;RJ;116;224;PIRAI;Reação tardia ou ineficiente do condutor;Colisão traseira;Com Vítimas Feridas;Pleno dia;Crescente;Céu Claro;Dupla;"Curva;Em Obras;Declive";Não;4;0;2;0;2;0;2;2;-22,6670007;-43,8409291;SPRF-RJ;DEL06-RJ;UOP02-DEL06-RJ
718903;17/09/2025;quarta-feira;06:15:00;PR;277;27;MORRETES;Demais falhas mecânicas ou elétricas;Incêndio;Sem Vítimas;Amanhecer;Crescente;Céu Claro;Dupla;Reta;Não;1;0;0;0;1;0;0;1;-25,539917;-48,775333;SPRF-PR;DEL01-PR;UOP05-DEL01-PR
721337;27/09/2025;sábado;21:30:00;MS;60;33;CHAPADAO DO SUL;Ausência de reação do condutor;Colisão traseira;Com Vítimas Fatais;Plena Noite;Crescente;Céu Claro;Simples;Reta;Não;2;1;0;0;0;1;0;2;-18,9476;-52,7884;SPRF-MS;DEL08-MS;UOP01-DEL08-MS
721813;30/09/2025;terça-feira;06:10:00;ES;101;283;CARIACICA;Condutor deixou de manter distância do veículo da frente;Colisão traseira;Com Vítimas Feridas;Pleno dia;Crescente;Nublado;Dupla;Curva;Sim;5;0;1;1;2;1;2;5;-20,23463248;-40,36945009;SPRF-ES;DEL01-ES;UOP01-DEL01-ES
724326;11/10/2025;sábado;15:00:00;SP;116;83;ROSEIRA;Demais falhas mecânicas ou elétricas;Incêndio;Sem Vítimas;Pleno dia;Crescente;Céu Claro;Dupla;Reta;Não;1;0;0;0;0;1;0;1;-22,91261623;-45,32457948;SPRF-SP;DEL08-SP;UOP01-DEL08-SP
727660;26/10/2025;domingo;12:35:00;PA;230;82;SAO JOAO DO ARAGUAIA;Manobra de mudança de faixa;Colisão lateral sentido oposto;Com Vítimas Feridas;Pleno dia;Crescente;Céu Claro;Simples;Reta;Sim;2;0;0;1;0;1;1;2;-5,47449;-48,81699;SPRF-PA;DEL03-PA;UOP01-DEL03-PA
729270;02/11/2025;domingo;20:10:00;PR;158;511,6;CORONEL VIVIDA;Reação tardia ou ineficiente do condutor;Colisão lateral sentido oposto;Sem Vítimas;Plena Noite;Crescente;Céu Claro;Simples;"Curva;Declive";Não;3;0;0;0;2;1;0;2;-26,0545072;-52,6233137;SPRF-PR;DEL02-PR;UOP01-DEL02-PR
729554;04/11/2025;terça-feira;11:15:00;GO;153;494;GOIANIA;Condutor deixou de manter distância do veículo da frente;Colisão traseira;Com Vítimas Feridas;Pleno dia;Crescente;Céu Claro;Múltipla;Reta;Sim;4;0;1;0;2;1;1;2;-16,622958;-49,205999;SPRF-GO;DEL01-GO;UOP01-DEL01-GO
730687;09/11/2025;domingo;10:50:00;PE;101;72;RECIFE;Objeto estático sobre o leito carroçável;Colisão lateral mesmo sentido;Sem Vítimas;Pleno dia;Crescente;Céu Claro;Dupla;Curva;Sim;4;0;0;0;3;1;0;2;-8,09058133;-34,94687526;SPRF-PE;DEL01-PE;UOP01-DEL01-PE
731504;13/11/2025;quinta-feira;08:20:00;PI;316;8,7;TERESINA;Ausência de reação do condutor;Saída de leito carroçável;Com Vítimas Feridas;Pleno dia;Decrescente;Sol;Múltipla;Reta;Sim;2;0;0;1;0;1;1;2;-5,1712;-42,76673;SPRF-PI;DEL01-PI;UOP02-DEL01-PI
732235;16/11/2025;domingo;09:00:00;RS;392;352;SANTA MARIA;Ausência de reação do condutor;Colisão lateral mesmo sentido;Sem Vítimas;Pleno dia;Crescente;Céu Claro;Simples;"Rotatória;Curva";Sim;2;0;0;0;1;1;0;2;-29,717352;-53,80946;SPRF-RS;DEL09-RS;UOP01-DEL09-RS
732871;19/11/2025;quarta-feira;06:45:00;ES;101;299;VIANA;Condutor deixou de manter distância do veículo da frente;Colisão traseira;Com Vítimas Feridas;Pleno dia;Decrescente;Chuva;Múltipla;Curva;Sim;2;0;1;0;0;1;1;2;-20,35866585;-40,42450847;SPRF-ES;DEL01-ES;UOP01-DEL01-ES
733739;23/11/2025;domingo;04:15:00;PR;277;598,1;CASCAVEL;Ausência de reação do condutor;Colisão traseira;Sem Vítimas;Plena Noite;Decrescente;Céu Claro;Dupla;Reta;Sim;2;0;0;0;1;1;0;2;-24,99103698;-53,50891113;SPRF-PR;DEL04-PR;UOP01-DEL04-PR
734136;24/11/2025;segunda-feira;12:00:00;GO;153;698;ITUMBIARA;Demais Fenômenos da natureza;Incêndio;Sem Vítimas;Pleno dia;Decrescente;Céu Claro;Dupla;Reta;Sim;1;0;0;0;1;0;0;1;-18,376521;-49,210454;SPRF-GO;DEL03-GO;UOP02-DEL03-GO
735088;29/11/2025;sábado;05:05:00;MS;163;259,9;DOURADOS;Ausência de reação do condutor;Colisão traseira;Com Vítimas Fatais;Amanhecer;Crescente;Céu Claro;Dupla;"Reta;Aclive";Não;2;1;0;0;0;1;0;2;-22,24566625;-54,77257624;SPRF-MS;DEL04-MS;UOP01-DEL04-MS
735374;30/11/2025;domingo;05:55:00;MG;381;502;BETIM;Reação tardia ou ineficiente do condutor;Atropelamento de Pedestre;Com Vítimas Feridas;Pleno dia;Crescente;Céu Claro;Dupla;Curva;Sim;5;0;2;1;2;0;3;3;-20,01980677;-44,22786713;SPRF-MG;DEL01-MG;UOP03-DEL01-MG
736460;04/12/2025;quinta-feira;06:40:00;MA;135;7;SAO LUIS;Pista Escorregadia;Colisão traseira;Com Vítimas Feridas;Amanhecer;Crescente;Céu Claro;Dupla;Reta;Não;4;0;2;0;1;1;2;2;-2,62535724;-44,31622479;SPRF-MA;DEL01-MA;UOP01-DEL01-MA
738502;13/12/2025;sábado;12:15:00;MG;153;24,4;CENTRALINA;Demais falhas mecânicas ou elétricas;Colisão traseira;Com Vítimas Feridas;Pleno dia;Decrescente;Chuva;Múltipla;"Reta;Declive";Não;3;0;1;0;1;1;1;2;-18,63025987;-49,18404865;SPRF-MG;DEL15-MG;UOP03-DEL15-MG
741736;26/12/2025;sexta-feira;13:05:00;MS;158;245,9;TRES LAGOAS;Objeto estático sobre o leito carroçável;Colisão com objeto;Sem Vítimas;Pleno dia;Crescente;Sol;Simples;Reta;Não;4;0;0;0;3;1;0;2;-20,639052;-51,75728;SPRF-MS;DEL07-MS;UOP01-DEL07-MS
742060;27/12/2025;sábado;22:45:00;MT;163;849;SINOP;Ausência de reação do condutor;Colisão traseira;Com Vítimas Feridas;Plena Noite;Decrescente;Céu Claro;Simples;Reta;Não;2;0;1;0;1;0;1;2;-11,740386;-55,463833;SPRF-MT;DEL06-MT;UOP02-DEL06-MT
742236;28/12/2025;domingo;17:40:00;GO;153;406;PIRENOPOLIS;Demais falhas mecânicas ou elétricas;Incêndio;Sem Vítimas;Pleno dia;Decrescente;Céu Claro;Simples;Curva;Não;1;0;0;0;1;0;0;1;-16,10230117;-49,030357;SPRF-GO;DEL02-GO;UOP02-DEL02-GO
655013;14/01/2025;terça-feira;06:30:00;PB;104;145,4;QUEIMADAS;Ausência de reação do condutor;Saída de leito carroçável;Sem Vítimas;Amanhecer;Decrescente;Céu Claro;Simples;Reta;Não;4;0;0;0;0;5;0;4;-7,42278697;-35,89513073;SPRF-PB;DEL02-PB;UOP03-DEL02-PB
660367;09/02/2025;domingo;20:10:00;RS;392;628;SETE DE SETEMBRO;Ingestão de álcool pelo condutor;Colisão lateral sentido oposto;Com Vítimas Feridas;Plena Noite;Decrescente;Céu Claro;Simples;Curva;Não;4;0;1;0;2;2;1;4;-28,16327844;-54,42763111;SPRF-RS;DEL10-RS;UOP01-DEL10-RS
663538;25/02/2025;terça-feira;01:50:00;MG;381;754,5;TRES CORACOES;Reação tardia ou ineficiente do condutor;Saída de leito carroçável;Com Vítimas Feridas;Plena Noite;Crescente;Céu Claro;Dupla;Reta;Não;4;0;2;1;0;1;3;2;-21,6675385;-45,3198355;SPRF-MG;DEL16-MG;UOP02-DEL16-MG
672528;09/04/2025;quarta-feira;08:00:00;MT;163;799;VERA;Avarias e/ou desgaste excessivo no pneu;Colisão lateral sentido oposto;Com Vítimas Feridas;Pleno dia;Decrescente;Chuva;Simples;Reta;Não;4;0;1;0;2;1;1;3;-12,17371;-55,52196;SPRF-MT;DEL06-MT;UOP02-DEL06-MT
673507;13/04/2025;domingo;19:10:00;MG;365;10,1;MONTES CLAROS;Velocidade Incompatível;Colisão transversal;Com Vítimas Feridas;Plena Noite;Decrescente;Céu Claro;Múltipla;"Reta;Aclive";Não;7;0;1;0;5;2;1;4;-16,87736617;-43,99901378;SPRF-MG;DEL12-MG;UOP01-DEL12-MG
686001;19/04/2025;sábado;18:23:00;PE;101;156,9;GAMELEIRA;Acessar a via sem observar a presença dos outros veículos;Colisão transversal;Com Vítimas Feridas;Pleno dia;Decrescente;Céu Claro;Dupla;Reta;Não;3;0;0;1;1;2;1;4;-8,55485917;-35,41884899;SPRF-PE;DEL01-PE;UOP03-DEL01-PE
691783;17/05/2025;sábado;05:40:00;PA;10;27;DOM ELISEU;Ausência de reação do condutor;Colisão traseira;Com Vítimas Feridas;Amanhecer;Crescente;Nevoeiro/Neblina;Simples;"Declive;Reta";Não;3;0;1;0;0;2;1;3;-4,213632;-47,545173;SPRF-PA;DEL02-PA;UOP02-DEL02-PA
693680;25/05/2025;domingo;19:30:00;BA;407;94;JAGUARARI;Transitar na contramão;Colisão frontal;Com Vítimas Fatais;Plena Noite;Crescente;Céu Claro;Simples;Reta;Não;6;2;2;1;0;1;3;3;-10,2502;-40,19852;SPRF-BA;DEL04-BA;UOP01-DEL04-BA
700062;23/06/2025;segunda-feira;16:20:00;AC;317;257;EPITACIOLANDIA;Reação tardia ou ineficiente do condutor;Saída de leito carroçável;Com Vítimas Feridas;Pleno dia;Decrescente;Céu Claro;Simples;Curva;Não;2;0;1;0;0;1;1;2;-10,83806608;-68,49397446;SPRF-AC;DEL01-AC;UOP02-DEL01-AC
700648;07/06/2025;sábado;19:30:00;PA;316;48;CASTANHAL;Ausência de reação do condutor;Colisão traseira;Sem Vítimas;Plena Noite;Decrescente;Nublado;Dupla;Reta;Não;4;0;0;0;3;1;0;3;-1,30786921;-48,02852869;SPRF-PA;DEL01-PA;UOP01-DEL01-PA
701280;28/06/2025;sábado;20:12:00;MT;163;810;SINOP;Reação tardia ou ineficiente do condutor;Capotamento;Sem Vítimas;Plena Noite;Crescente;Céu Claro;Simples;"Aclive;Reta";Não;2;0;0;0;1;1;0;2;-12,0818549;-55,5176446;SPRF-MT;DEL06-MT;UOP02-DEL06-MT
702768;05/07/2025;sábado;16:00:00;RO;364;364,8;OURO PRETO DO OESTE;Reação tardia ou ineficiente do condutor;Saída de leito carroçável;Sem Vítimas;Pleno dia;Crescente;Céu Claro;Simples;Reta;Não;3;0;0;0;2;1;0;2;-10,771943;-62,099818;SPRF-RO;DEL02-RO;UOP01-DEL02-RO
711214;12/08/2025;terça-feira;10:00:00;GO;50;218,3;CAMPO ALEGRE DE GOIAS;Condutor Dormindo;Saída de leito carroçável;Com Vítimas Feridas;Pleno dia;Crescente;Céu Claro;Dupla;Curva;Não;2;0;1;0;0;2;1;3;-17,32177452;-47,78308868;SPRF-GO;DEL06-GO;UOP01-DEL06-GO
713060;21/08/2025;quinta-feira;09:20:00;RO;364;293,6;PRESIDENTE MEDICI;Ultrapassagem Indevida;Saída de leito carroçável;Com Vítimas Feridas;Pleno dia;Decrescente;Céu Claro;Simples;Reta;Não;2;0;0;1;0;1;1;2;-11,301287;-61,891602;SPRF-RO;DEL02-RO;UOP01-DEL02-RO
719627;20/09/2025;sábado;11:40:00;GO;153;609;MORRINHOS;Reação tardia ou ineficiente do condutor;Colisão traseira;Com Vítimas Fatais;Pleno dia;Crescente;Sol;Dupla;Reta;Sim;4;1;0;0;2;1;0;3;-17,6313612;-49,1769256;SPRF-GO;DEL03-GO;UOP01-DEL03-GO
722973;05/10/2025;domingo;15:47:00;SC;282;26;SANTO AMARO DA IMPERATRIZ;Ultrapassagem Indevida;Colisão lateral mesmo sentido;Sem Vítimas;Pleno dia;Decrescente;Céu Claro;Simples;"Retorno Regulamentado;Reta";Sim;4;0;0;0;2;3;0;4;-27,67573725;-48,76779556;SPRF-SC;DEL01-SC;UOP03-DEL01-SC
722996;05/10/2025;domingo;17:40:00;MS;262;408;TERENOS;Ultrapassagem Indevida;Colisão frontal;Com Vítimas Feridas;Anoitecer;Crescente;Céu Claro;Simples;Reta;Não;4;0;2;0;1;1;2;3;-20,438927;-55,109011;SPRF-MS;DEL01-MS;UOP03-DEL01-MS
724768;13/10/2025;segunda-feira;11:20:00;PR;476;225;LAPA;Ausência de reação do condutor;Colisão lateral sentido oposto;Com Vítimas Feridas;Pleno dia;Decrescente;Céu Claro;Simples;Reta;Não;4;0;0;1;2;2;1;5;-25,85173;-49,94809;SPRF-PR;DEL01-PR;UOP06-DEL01-PR
728586;30/10/2025;quinta-feira;19:45:00;PR;277;730,2;FOZ DO IGUACU;Manobra de mudança de faixa;Colisão lateral mesmo sentido;Com Vítimas Feridas;Plena Noite;Crescente;Céu Claro;Dupla;Reta;Sim;3;0;0;1;1;1;1;3;-25,50952066;-54,59963934;SPRF-PR;DEL05-PR;UOP03-DEL05-PR
730467;08/11/2025;sábado;14:40:00;MT;163;657;LUCAS DO RIO VERDE;Reação tardia ou ineficiente do condutor;Colisão traseira;Com Vítimas Feridas;Pleno dia;Crescente;Céu Claro;Simples;"Reta;Em Obras";Não;3;0;1;0;1;1;1;3;-13,326047;-56,04932;SPRF-MT;DEL06-MT;UOP01-DEL06-MT
733126;10/11/2025;segunda-feira;18:30:00;PA;230;130;MARABA;Frear bruscamente;Colisão traseira;Sem Vítimas;Anoitecer;Crescente;Chuva;Dupla;Reta;Sim;3;0;0;0;2;3;0;5;-5,356943;-49,088837;SPRF-PA;DEL03-PA;UOP01-DEL03-PA
734698;27/11/2025;quinta-feira;13:00:00;BA;116;752,9;POCOES;Velocidade Incompatível;Saída de leito carroçável;Com Vítimas Feridas;Pleno dia;Crescente;Nublado;Simples;Reta;Não;4;0;1;0;2;4;1;5;-14,49329178;-40,34623995;SPRF-BA;DEL08-BA;UOP02-DEL08-BA
736911;06/12/2025;sábado;19:40:00;MG;40;425,2;PARAOPEBA;Acessar a via sem observar a presença dos outros veículos;Colisão transversal;Com Vítimas Feridas;Plena Noite;Decrescente;Céu Claro;Dupla;"Reta;Retorno Regulamentado";Não;3;0;1;0;1;1;1;3;-19,16491;-44,51951;SPRF-MG;DEL02-MG;UOP01-DEL02-MG
737334;08/12/2025;segunda-feira;10:00:00;BA;116;408;FEIRA DE SANTANA;Demais falhas mecânicas ou elétricas;Saída de leito carroçável;Com Vítimas Feridas;Pleno dia;Crescente;Céu Claro;Dupla;Reta;Não;7;0;0;1;5;2;1;4;-12,11069;-38,96423;SPRF-BA;DEL02-BA;UOP01-DEL02-BA
737368;08/12/2025;segunda-feira;15:20:00;GO;60;309;ACREUNA;Condutor Dormindo;Saída de leito carroçável;Com Vítimas Feridas;Pleno dia;Decrescente;Nublado;Dupla;Reta;Não;3;0;2;0;0;1;2;2;-17,416655;-50,41713;SPRF-GO;DEL04-GO;UOP02-DEL04-GO
741958;27/12/2025;sábado;10:30:00;MT;174;224;JAURU;Demais falhas mecânicas ou elétricas;Colisão transversal;Com Vítimas Feridas;Pleno dia;Crescente;Céu Claro;Simples;Reta;Não;12;0;6;0;5;1;6;3;-15,5959;-58,886215;SPRF-MT;DEL04-MT;UOP01-DEL04-MT
742440;12/12/2025;sexta-feira;13:20:00;PI;343;67;BURITI DOS LOPES;Velocidade Incompatível;Tombamento;Com Vítimas Feridas;Pleno dia;Crescente;Céu Claro;Simples;Reta;Não;5;0;2;0;2;1;2;2;-3,303618;-41,758275;SPRF-PI;DEL05-PI;UOP01-DEL05-PI
652555;01/01/2025;quarta-feira;13:30:00;RS;290;27,1;SANTO ANTONIO DA PATRULHA;Demais falhas mecânicas ou elétricas;Saída de leito carroçável;Com Vítimas Feridas;Pleno dia;Crescente;Céu Claro;Dupla;Reta;Não;3;0;1;0;1;1;1;2;-29,880135;-50,514297;SPRF-RS;DEL03-RS;UOP01-DEL03-RS
652808;02/01/2025;quinta-feira;14:30:00;MT;70;672,5;CACERES;Ausência de reação do condutor;Colisão lateral sentido oposto;Com Vítimas Feridas;Pleno dia;Crescente;Céu Claro;Simples;Reta;Não;6;0;0;4;1;1;4;3;-16,06383102;-57,27074894;SPRF-MT;DEL03-MT;UOP02-DEL03-MT
653041;03/01/2025;sexta-feira;19:40:00;MS;359;64,3;COSTA RICA;Iluminação deficiente;Colisão traseira;Com Vítimas Fatais;Plena Noite;Crescente;Céu Claro;Simples;Reta;Não;5;1;3;0;0;1;3;3;-18,4612422;-53,60594447;SPRF-MS;DEL06-MS;UOP01-DEL06-MS
653189;04/01/2025;sábado;16:53:00;RO;319;59;PORTO VELHO;Transitar na contramão;Colisão frontal;Com Vítimas Feridas;Pleno dia;Decrescente;Nublado;Dupla;Reta;Sim;3;0;1;0;0;2;1;3;-8,7407094;-63,8944298;SPRF-RO;DEL01-RO;UOP01-DEL01-RO
653221;04/01/2025;sábado;19:30:00;PE;232;461;MIRANDIBA;Animais na Pista;Atropelamento de Animal;Com Vítimas Feridas;Plena Noite;Decrescente;Céu Claro;Simples;"Aclive;Curva";Não;8;0;5;2;0;1;7;3;-8,0274382;-38,72264791;SPRF-PE;DEL05-PE;UOP01-DEL05-PE