id;data_inversa;dia_semana;horario;uf;br;km;municipio;causa_acidente;tipo_acidente;classificacao_acidente;fase_dia;sentido_via;condicao_metereologica;tipo_pista;tracado_via;uso_solo;pessoas;mortos;feridos_leves;feridos_graves;ilesos;ignorados;feridos;veiculos;latitude;longitude;regional;delegacia;uop
672181;07/04/2025;segunda-feira;13:00:00;AL;316;239,9;ATALAIA;Reação tardia ou ineficiente do condutor;Colisão lateral sentido oposto;Com Vítimas Fatais;Pleno dia;Crescente;Céu Claro;Simples;"Curva;Declive";Não;6;1;2;0;2;1;2;4;-9,50400575;-36,05133533;SPRF-AL;DEL01-AL;UOP01-DEL01-AL
672800;06/04/2025;domingo;19:20:00;SC;470;64;INDAIAL;Demais falhas mecânicas ou elétricas;Colisão traseira;Sem Vítimas;Plena Noite;Crescente;Céu Claro;Simples;Reta;Não;3;0;0;0;2;1;0;3;-26,87232791;-49,19248212;SPRF-SC;DEL04-SC;UOP01-DEL04-SC
672869;11/04/2025;sexta-feira;05:00:00;MG;40;783;JUIZ DE FORA;Demais falhas mecânicas ou elétricas;Incêndio;Sem Vítimas;Amanhecer;Decrescente;Céu Claro;Dupla;Declive;Não;2;0;0;0;1;1;0;2;-21,72609522;-43,43882561;SPRF-MG;DEL05-MG;UOP01-DEL05-MG
673018;11/04/2025;sexta-feira;20:00:00;RS;285;267,9;MATO CASTELHANO;Ultrapassagem Indevida;Colisão frontal;Com Vítimas Feridas;Plena Noite;Decrescente;Céu Claro;Simples;Reta;Não;3;0;2;0;0;1;2;3;-28,28971774;-52,16553658;SPRF-RS;DEL08-RS;UOP03-DEL08-RS
673090;12/04/2025;sábado;04:00:00;ES;101;71;SAO MATEUS;Reação tardia ou ineficiente do condutor;Colisão traseira;Com Vítimas Feridas;Amanhecer;Decrescente;Céu Claro;Simples;Reta;Não;5;0;0;1;3;1;1;3;-18,760291;-39,863296;SPRF-ES;DEL04-ES;UOP02-DEL04-ES
673136;12/04/2025;sábado;09:10:00;RN;110;47,5;MOSSORO;Acessar a via sem observar a presença dos outros veículos;Colisão transversal;Com Vítimas Feridas;Pleno dia;Decrescente;Nublado;Simples;Reta;Sim;3;0;1;0;1;1;1;3;-5,20597411;-37,32902169;SPRF-RN;DEL04-RN;UOP01-DEL04-RN
673709;06/04/2025;domingo;17:50:00;MS;163;769;COXIM;Reação tardia ou ineficiente do condutor;Capotamento;Com Vítimas Feridas;Anoitecer;Crescente;Céu Claro;Simples;Reta;Não;5;0;1;0;3;1;1;2;-18,16162567;-54,66633797;SPRF-MS;DEL06-MS;UOP01-DEL06-MS
673922;15/04/2025;terça-feira;19:50:00;SP;381;34;ATIBAIA;Reação tardia ou ineficiente do condutor;Colisão traseira;Sem Vítimas;Plena Noite;Decrescente;Céu Claro;Dupla;"Curva;Aclive";Não;3;0;0;0;2;1;0;3;-23,0833953;-46,5697596;SPRF-SP;DEL03-SP;UOP02-DEL03-SP
685322;17/04/2025;quinta-feira;07:30:00;PB;101;89;JOAO PESSOA;Acessar a via sem observar a presença dos outros veículos;Colisão lateral mesmo sentido;Sem Vítimas;Pleno dia;Crescente;Céu Claro;Dupla;Reta;Não;3;0;0;0;2;1;0;3;-7,18099;-34,90082;SPRF-PB;DEL01-PB;UOP01-DEL01-PB
685492;17/04/2025;quinta-feira;13:01:00;AC;364;132;RIO BRANCO;Transitar na contramão;Colisão transversal;Com Vítimas Fatais;Pleno dia;Crescente;Chuva;Simples;"Reta;Declive";Sim;8;1;0;3;3;2;3;7;-10,00909412;-67,84609616;SPRF-AC;DEL01-AC;UOP01-DEL01-AC
685606;17/04/2025;quinta-feira;23:00:00;PR;277;111,2;CAMPO LARGO;Condutor deixou de manter distância do veículo da frente;Engavetamento;Com Vítimas Feridas;Plena Noite;Crescente;Céu Claro;Dupla;Reta;Não;11;0;2;0;8;1;2;5;-25,439543;-49,4008;SPRF-PR;DEL03-PR;UOP03-DEL03-PR
686031;19/04/2025;sábado;20:15:00;DF;70;14;BRASILIA;Ingestão de álcool pelo condutor;Colisão traseira;Sem Vítimas;Plena Noite;Decrescente;Céu Claro;Dupla;Reta;Sim;3;0;0;0;2;1;0;3;-15,79767;-48,17651;SPRF-DF;DEL03-DF;UOP02-DEL03-DF
686595;21/04/2025;segunda-feira;22:15:00;PR;277;57;SAO JOSE DOS PINHAIS;Ausência de reação do condutor;Colisão traseira;Com Vítimas Feridas;Plena Noite;Crescente;Nevoeiro/Neblina;Dupla;Reta;Não;4;0;1;0;2;1;1;4;-25,55204391;-49,0391922;SPRF-PR;DEL01-PR;UOP01-DEL01-PR
686921;23/04/2025;quarta-feira;18:42:00;DF;70;16;BRASILIA;Demais falhas mecânicas ou elétricas;Incêndio;Sem Vítimas;Plena Noite;Crescente;Céu Claro;Dupla;Rotatória;Sim;2;0;0;0;1;1;0;2;-15,7957385;-48,1959962;SPRF-DF;DEL03-DF;UOP02-DEL03-DF
687091;30/03/2025;domingo;18:40:00;RJ;116;105;GUAPIMIRIM;Transitar na contramão;Colisão frontal;Com Vítimas Feridas;Plena Noite;Crescente;Garoa/Chuvisco;Dupla;Reta;Não;6;0;2;2;1;1;4;3;-22,508694;-42,998417;SPRF-RJ;DEL04-RJ;UOP01-DEL04-RJ
687267;25/04/2025;sexta-feira;15:00:00;MG;251;492;FRANCISCO SA;Demais falhas mecânicas ou elétricas;Colisão lateral sentido oposto;Com Vítimas Feridas;Pleno dia;Crescente;Céu Claro;Simples;Reta;Não;5;0;1;0;3;1;1;3;-16,60520622;-43,63155842;SPRF-MG;DEL12-MG;UOP01-DEL12-MG
687351;25/04/2025;sexta-feira;20:30:00;MA;316;441,8;PERITORO;Ultrapassagem Indevida;Colisão frontal;Com Vítimas Feridas;Plena Noite;Decrescente;Chuva;Simples;Curva;Não;5;0;3;1;0;1;4;3;-4,40905603;-44,25979614;SPRF-MA;DEL03-MA;UOP01-DEL03-MA
687432;26/04/2025;sábado;08:07:00;SC;163;70,9;SAO MIGUEL DO OESTE;Manobra de mudança de faixa;Colisão lateral mesmo sentido;Com Vítimas Feridas;Pleno dia;Decrescente;Céu Claro;Dupla;"Interseção de Vias;Reta";Sim;4;0;1;1;1;1;2;4;-26,72854011;-53,5123965;SPRF-SC;DEL07-SC;UOP03-DEL07-SC
687568;26/04/2025;sábado;22:57:00;GO;60;42;ALEXANIA;Ingestão de álcool pelo condutor;Saída de leito carroçável;Sem Vítimas;Plena Noite;Crescente;Chuva;Dupla;Curva;Não;2;0;0;0;1;1;0;2;-16,109696;-48,581537;SPRF-DF;DEL03-DF;UOP01-DEL03-DF
688109;29/04/2025;terça-feira;17:00:00;MT;163;832;SINOP;Demais falhas mecânicas ou elétricas;Colisão frontal;Sem Vítimas;Anoitecer;Crescente;Ignorado;Simples;Reta;Sim;3;0;0;0;2;1;0;3;-11,87947185;-55,49994204;SPRF-MT;DEL06-MT;UOP02-DEL06-MT
688140;29/04/2025;terça-feira;20:35:00;MG;50;185,5;UBERABA;Ausência de reação do condutor;Colisão traseira;Sem Vítimas;Plena Noite;Crescente;Céu Claro;Dupla;Reta;Não;3;0;0;0;2;1;0;3;-19,820549;-47,893634;SPRF-MG;DEL13-MG;UOP01-DEL13-MG
688411;01/05/2025;quinta-feira;05:30:00;SC;101;36,7;JOINVILLE;Ingestão de álcool pelo condutor;Colisão lateral mesmo sentido;Sem Vítimas;Amanhecer;Crescente;Céu Claro;Dupla;Reta;Não;3;0;0;0;2;1;0;3;-26,28243417;-48,88964145;SPRF-SC;DEL03-SC;UOP01-DEL03-SC
688540;01/05/2025;quinta-feira;19:10:00;MS;463;3;DOURADOS;Ingestão de álcool pelo condutor;Colisão traseira;Sem Vítimas;Plena Noite;Crescente;Céu Claro;Dupla;Reta;Sim;7;0;0;0;5;2;0;3;-22,25922679;-54,8294255;SPRF-MS;DEL04-MS;UOP01-DEL04-MS
688634;02/05/2025;sexta-feira;06:45:00;MG;365;214;BURITIZEIRO;Condutor deixou de manter distância do veículo da frente;Colisão traseira;Com Vítimas Feridas;Pleno dia;Crescente;Céu Claro;Simples;Reta;Não;4;0;1;0;2;1;1;3;-17,563765;-45,316895;SPRF-MG;DEL10-MG;UOP02-DEL010-MG
688838;03/05/2025;sábado;10:35:00;PB;101;86;JOAO PESSOA;Manobra de mudança de faixa;Colisão lateral mesmo sentido;Sem Vítimas;Pleno dia;Crescente;Sol;Dupla;"Curva;Declive";Sim;4;0;0;0;2;2;0;4;-7,1514233;-34,9092609;SPRF-PB;DEL01-PB;UOP01-DEL01-PB
689702;07/05/2025;quarta-feira;18:15:00;MG;381;390;BARAO DE COCAIS;Retorno proibido;Colisão transversal;Com Vítimas Feridas;Plena Noite;Crescente;Nublado;Dupla;Reta;Não;4;0;1;0;1;2;1;4;-19,80151305;-43,41204643;SPRF-MG;DEL01-MG;UOP01-DEL01-MG
689756;08/05/2025;quinta-feira;06:20:00;SC;116;23,4;ITAIOPOLIS;Acessar a via sem observar a presença dos outros veículos;Colisão transversal;Com Vítimas Feridas;Pleno dia;Crescente;Nevoeiro/Neblina;Simples;"Reta;Interseção de Vias";Não;4;0;1;0;2;1;1;3;-26,2700614;-49,9193382;SPRF-SC;DEL06-SC;UOP01-DEL06-SC
690019;09/05/2025;sexta-feira;12:01:00;ES;101;66;SAO MATEUS;Pedestre andava na pista;Atropelamento de Pedestre;Com Vítimas Feridas;Pleno dia;Decrescente;Céu Claro;Dupla;Reta;Sim;3;0;1;0;1;1;1;3;-18,71803733;-39,87065999;SPRF-ES;DEL04-ES;UOP02-DEL04-ES
690261;10/05/2025;sábado;07:30:00;MA;135;0;SAO LUIS;Acesso irregular;Colisão transversal;Sem Vítimas;Pleno dia;Decrescente;Céu Claro;Dupla;"Curva;Declive";Sim;3;0;0;0;2;1;0;3;-2,674177;-44,296427;SPRF-MA;DEL01-MA;UOP01-DEL01-MA
690286;10/05/2025;sábado;10:00:00;PR;116;131;FAZENDA RIO GRANDE;Demais falhas mecânicas ou elétricas;Colisão lateral mesmo sentido;Com Vítimas Feridas;Pleno dia;Crescente;Nublado;Simples;Reta;Não;6;0;2;0;3;1;2;3;-25,68621257;-49,31655105;SPRF-PR;DEL01-PR;UOP03-DEL01-PR
690817;12/05/2025;segunda-feira;13:00:00;GO;414;418;ABADIANIA;Ultrapassagem Indevida;Colisão frontal;Com Vítimas Feridas;Pleno dia;Decrescente;Céu Claro;Simples;"Reta;Ponte;Declive";Não;5;0;0;4;0;1;4;4;-16,109278;-48,876876;SPRF-GO;DEL02-GO;UOP01-DEL02-GO
690998;13/05/2025;terça-feira;10:45:00;PR;116;206;RIO NEGRO;Problema na suspensão;Saída de leito carroçável;Com Vítimas Feridas;Pleno dia;Decrescente;Nublado;Simples;Curva;Sim;2;0;0;1;0;1;1;2;-26,07335967;-49,75896835;SPRF-SC;DEL06-SC;UOP01-DEL06-SC
691056;13/05/2025;terça-feira;04:00:00;BA;116;789;PLANALTO;Condutor Dormindo;Colisão lateral sentido oposto;Sem Vítimas;Amanhecer;Crescente;Garoa/Chuvisco;Simples;"Declive;Reta";Não;7;0;0;0;6;1;0;4;-14,70012338;-40,58178384;SPRF-BA;DEL08-BA;UOP02-DEL08-BA
691209;14/05/2025;quarta-feira;12:58:00;RS;470;224;GARIBALDI;Acessar a via sem observar a presença dos outros veículos;Colisão transversal;Com Vítimas Feridas;Pleno dia;Crescente;Céu Claro;Simples;"Retorno Regulamentado;Reta";Não;3;0;1;0;1;1;1;3;-29,24302176;-51,51721923;SPRF-RS;DEL06-RS;UOP01-DEL06-RS
691723;16/05/2025;sexta-feira;19:30:00;PR;116;18;CURITIBA;Reação tardia ou ineficiente do condutor;Colisão traseira;Com Vítimas Feridas;Plena Noite;Crescente;Garoa/Chuvisco;Dupla;"Interseção de Vias;Aclive;Reta";Sim;4;0;0;1;2;1;1;3;-25,38891123;-49,19977069;SPRF-PR;DEL01-PR;UOP02-DEL01-PR
692218;18/05/2025;domingo;22:40:00;RJ;40;91;PETROPOLIS;Reação tardia ou ineficiente do condutor;Saída de leito carroçável;Com Vítimas Feridas;Plena Noite;Decrescente;Céu Claro;Dupla;"Curva;Aclive";Não;3;0;1;0;1;1;1;2;-22,54827973;-43,24031185;SPRF-RJ;DEL01-RJ;UOP01-DEL01-RJ
692954;22/05/2025;quinta-feira;13:40:00;PI;135;349,1;BOM JESUS;Ausência de reação do condutor;Colisão com objeto;Com Vítimas Feridas;Pleno dia;Crescente;Céu Claro;Simples;Reta;Sim;4;0;0;2;1;1;2;3;-9,071638;-44,329973;SPRF-PI;DEL03-PI;UOP02-DEL03-PI
693008;22/05/2025;quinta-feira;18:35:00;MG;40;453,9;CAETANOPOLIS;Manobra de mudança de faixa;Colisão lateral mesmo sentido;Com Vítimas Feridas;Plena Noite;Decrescente;Nublado;Dupla;Interseção de Vias;Sim;5;0;1;0;3;1;1;3;-19,35124193;-44,35153696;SPRF-MG;DEL02-MG;UOP01-DEL02-MG
693183;23/05/2025;sexta-feira;14:30:00;ES;262;42;MARECHAL FLORIANO;Velocidade Incompatível;Colisão frontal;Com Vítimas Feridas;Pleno dia;Crescente;Chuva;Simples;Curva;Não;8;0;6;0;1;1;6;3;-20,385432;-40,65275;SPRF-ES;DEL01-ES;UOP01-DEL01-ES
693346;24/05/2025;sábado;03:00:00;BA;367;58;PORTO SEGURO;Transitar na contramão;Colisão lateral sentido oposto;Sem Vítimas;Plena Noite;Decrescente;Céu Claro;Simples;Reta;Não;4;0;0;0;3;1;0;3;-16,51748583;-39,09227371;SPRF-BA;DEL09-BA;UOP03-DEL09-BA
693843;26/05/2025;segunda-feira;12:35:00;BA;324;513;FEIRA DE SANTANA;Acesso irregular;Colisão transversal;Com Vítimas Feridas;Pleno dia;Crescente;Céu Claro;Simples;Reta;Sim;3;0;0;1;1;1;1;3;-12,27015407;-38,9346398;SPRF-BA;DEL02-BA;UOP01-DEL02-BA
694470;29/05/2025;quinta-feira;13:45:00;RO;364;430;JARU;Desrespeitar a preferência no cruzamento;Colisão transversal;Com Vítimas Feridas;Pleno dia;Crescente;Nublado;Simples;"Interseção de Vias;Rotatória";Não;5;0;1;1;2;1;2;3;-10,40650027;-62,51641123;SPRF-RO;DEL03-RO;UOP02-DEL03-RO
694792;31/05/2025;sábado;00:30:00;MG;381;552;ITAGUARA;Ingestão de álcool pelo condutor;Colisão traseira;Com Vítimas Feridas;Plena Noite;Crescente;Céu Claro;Dupla;Reta;Não;3;0;0;1;1;1;1;3;-20,313721;-44,45194;SPRF-MG;DEL04-MG;UOP03-DEL04-MG
695010;31/05/2025;sábado;21:20:00;RN;304;154,1;ANGICOS;Deficiência do Sistema de Iluminação/Sinalização;Colisão traseira;Com Vítimas Feridas;Plena Noite;Decrescente;Céu Claro;Simples;Reta;Não;6;0;3;2;0;1;5;3;-5,69584682;-36,55846596;SPRF-RN;DEL04-RN;UOP01-DEL04-RN
695065;01/06/2025;domingo;05:10:00;SC;101;298,5;LAGUNA;Reação tardia ou ineficiente do condutor;Colisão traseira;Sem Vítimas;Plena Noite;Crescente;Céu Claro;Múltipla;Reta;Não;8;0;0;0;7;1;0;3;-28,35133282;-48,74014601;SPRF-SC;DEL02-SC;UOP03-DEL02-SC
695084;01/06/2025;domingo;06:45:00;SC;116;52,5;PAPANDUVA;Ausência de reação do condutor;Saída de leito carroçável;Sem Vítimas;Amanhecer;Crescente;Nublado;Simples;Reta;Não;2;0;0;0;1;1;0;2;-26,3819646;-50,13464626;SPRF-SC;DEL06-SC;UOP01-DEL06-SC
695325;02/06/2025;segunda-feira;09:30:00;AP;210;3;MACAPA;Demais falhas mecânicas ou elétricas;Colisão lateral mesmo sentido;Com Vítimas Feridas;Pleno dia;Decrescente;Céu Claro;Simples;Reta;Sim;4;0;1;0;2;1;1;4;0,08581514;-51,08355371;SPRF-AP;DEL01-AP;UOP01-DEL01-AP
695389;02/06/2025;segunda-feira;15:30:00;BA;324;613;SALVADOR;Manobra de mudança de faixa;Colisão lateral mesmo sentido;Com Vítimas Feridas;Pleno dia;Crescente;Céu Claro;Múltipla;Reta;Sim;3;0;1;0;1;1;1;3;-12,863423;-38,423497;SPRF-BA;DEL01-BA;UOP01-DEL01-BA
695674;03/06/2025;terça-feira;20:05:00;SC;282;175,4;BOCAINA DO SUL;Transitar na contramão;Colisão lateral sentido oposto;Sem Vítimas;Plena Noite;Crescente;Nevoeiro/Neblina;Simples;"Reta;Declive";Não;7;0;0;0;5;2;0;3;-27,74065969;-49,89768147;SPRF-SC;DEL05-SC;UOP01-DEL05-SC
696145;06/06/2025;sexta-feira;04:07:00;PB;230;197,3;POCINHOS;Ausência de reação do condutor;Saída de leito carroçável;Com Vítimas Feridas;Plena Noite;Decrescente;Ignorado;Simples;Reta;Não;2;0;1;0;0;1;1;2;-7,114242;-36,209307;SPRF-PB;DEL02-PB;UOP02-DEL02-PB
696678;08/06/2025;domingo;03:05:00;BA;101;867;TEIXEIRA DE FREITAS;Reação tardia ou ineficiente do condutor;Colisão traseira;Sem Vítimas;Plena Noite;Crescente;Nevoeiro/Neblina;Simples;Reta;Não;4;0;0;0;3;1;0;3;-17,42042534;-39,68158722;SPRF-BA;DEL09-BA;UOP02-DEL09-BA
696695;07/06/2025;sábado;23:30:00;MT;158;668,6;NOVA XAVANTINA;Ausência de reação do condutor;Saída de leito carroçável;Com Vítimas Feridas;Plena Noite;Crescente;Céu Claro;Simples;Curva;Não;6;0;4;0;1;1;4;2;-14,79007;-52,314834;SPRF-MT;DEL07-MT;UOP01-DEL07-MT
696884;08/06/2025;domingo;21:20:00;RJ;393;182;PARAIBA DO SUL;Transitar na contramão;Colisão lateral sentido oposto;Com Vítimas Feridas;Plena Noite;Crescente;Chuva;Simples;Reta;Sim;6;0;3;0;2;1;3;4;-22,14253406;-43,28360081;SPRF-RJ;DEL05-RJ;UOP03-DEL05-RJ
697106;09/06/2025;segunda-feira;17:10:00;TO;242;343,5;PEIXE;Demais falhas mecânicas ou elétricas;Colisão transversal;Com Vítimas Feridas;Anoitecer;Decrescente;Céu Claro;Simples;Reta;Não;6;0;2;2;1;1;4;3;-12,02555358;-48,56781006;SPRF-TO;DEL01-TO;UOP02-DEL01-TO
697461;11/06/2025;quarta-feira;16:50:00;PI;343;344,3;TERESINA;Condutor deixou de manter distância do veículo da frente;Colisão traseira;Sem Vítimas;Pleno dia;Crescente;Céu Claro;Simples;"Reta;Interseção de Vias";Não;4;0;0;0;3;1;0;4;-5,09843649;-42,76457101;SPRF-PI;DEL01-PI;UOP01-DEL01-PI
697475;11/06/2025;quarta-feira;14:40:00;BA;349;928;CORRENTINA;Manobra de mudança de faixa;Colisão frontal;Com Vítimas Fatais;Pleno dia;Crescente;Sol;Simples;"Reta;Aclive";Sim;4;1;1;0;0;2;1;4;-13,355;-44,626;SPRF-BA;DEL10-BA;UOP02-DEL10-BA
697483;11/06/2025;quarta-feira;18:00:00;PR;277;633;CEU AZUL;Acessar a via sem observar a presença dos outros veículos;Colisão transversal;Com Vítimas Feridas;Anoitecer;Decrescente;Nublado;Simples;"Curva;Interseção de Vias";Sim;3;0;1;0;1;1;1;3;-25,1285102;-53,823692;SPRF-PR;DEL05-PR;UOP02-DEL05-PR
698184;14/06/2025;sábado;18:30:00;MG;381;418;CAETE;Ausência de reação do condutor;Colisão traseira;Com Vítimas Feridas;Plena Noite;Crescente;Céu Claro;Dupla;Curva;Não;4;0;1;0;2;1;1;4;-19,75780309;-43,63421381;SPRF-MG;DEL01-MG;UOP01-DEL01-MG
698323;15/06/2025;domingo;16:20:00;SC;470;74;INDAIAL;Ausência de reação do condutor;Colisão transversal;Com Vítimas Feridas;Pleno dia;Crescente;Céu Claro;Simples;Reta;Sim;4;0;1;0;2;1;1;3;-26,92407698;-49,28350925;SPRF-SC;DEL04-SC;UOP01-DEL04-SC
698336;15/06/2025;domingo;14:50:00;MG;262;814,4;UBERABA;Acessar a via sem observar a presença dos outros veículos;Colisão transversal;Com Vítimas Feridas;Pleno dia;Decrescente;Céu Claro;Dupla;Rotatória;Não;4;0;1;0;2;1;1;3;-19,76233;-48,01408;SPRF-MG;DEL13-MG;UOP01-DEL13-MG
698362;15/06/2025;domingo;19:40:00;SC;101;425,7;ARARANGUA;Ingestão de álcool pelo condutor;Colisão lateral mesmo sentido;Sem Vítimas;Plena Noite;Crescente;Céu Claro;Dupla;Reta;Não;4;0;0;0;3;1;0;3;-29,022915;-49,594841;SPRF-SC;DEL02-SC;UOP02-DEL02-SC
698394;15/06/2025;domingo;22:45:00;SC;101;400;MARACAJA;Reação tardia ou ineficiente do condutor;Capotamento;Com Vítimas Feridas;Plena Noite;Crescente;Nublado;Múltipla;Viaduto;Não;3;0;2;0;0;1;2;2;-28,8613251;-49,44461346;SPRF-SC;DEL02-SC;UOP02-DEL02-SC
698493;16/06/2025;segunda-feira;06:00:00;MG;365;90,2;JEQUITAI;Condutor Dormindo;Saída de leito carroçável;Com Vítimas Feridas;Amanhecer;Crescente;Céu Claro;Simples;Reta;Não;3;0;1;1;0;1;2;2;-17,190692;-44,432048;SPRF-MG;DEL12-MG;UOP01-DEL12-MG
698613;16/06/2025;segunda-feira;18:10:00;MG;116;231,7;TEOFILO OTONI;Transitar na contramão;Colisão lateral sentido oposto;Com Vítimas Feridas;Plena Noite;Decrescente;Nublado;Simples;Reta;Não;6;0;1;2;2;1;3;4;-17,500043;-41,491311;SPRF-MG;DEL11-MG;UOP01-DEL11-MG
698849;18/06/2025;quarta-feira;04:15:00;SP;116;225;GUARULHOS;Transitar no Acostamento;Engavetamento;Com Vítimas Feridas;Plena Noite;Crescente;Vento;Múltipla;"Aclive;Reta";Sim;4;0;1;0;2;2;1;5;-23,48844663;-46,54549312;SPRF-SP;DEL01-SP;UOP01-DEL01-SP
699117;19/06/2025;quinta-feira;07:38:00;MG;40;438;PARAOPEBA;Pista esburacada;Saída de leito carroçável;Sem Vítimas;Pleno dia;Decrescente;Céu Claro;Dupla;Reta;Não;5;0;0;0;4;1;0;2;-19,2403758;-44,4285415;SPRF-MG;DEL02-MG;UOP01-DEL02-MG
699156;19/06/2025;quinta-feira;09:45:00;PA;10;178;PARAGOMINAS;Demais falhas mecânicas ou elétricas;Colisão transversal;Com Vítimas Feridas;Pleno dia;Decrescente;Céu Claro;Simples;Reta;Não;7;0;5;0;1;1;5;3;-2,88918154;-47,43428028;SPRF-PA;DEL02-PA;UOP01-DEL02-PA
699186;19/06/2025;quinta-feira;15:00:00;CE;116;9;FORTALEZA;Manobra de mudança de faixa;Colisão lateral mesmo sentido;Com Vítimas Feridas;Pleno dia;Decrescente;Céu Claro;Dupla;Reta;Sim;4;0;1;0;2;1;1;4;-3,8326428;-38,50394424;SPRF-CE;DEL01-CE;UOP02-DEL01-CE
699224;19/06/2025;quinta-feira;19:30:00;GO;153;540,4;HIDROLANDIA;Deficiência do Sistema de Iluminação/Sinalização;Atropelamento de Pedestre;Com Vítimas Fatais;Plena Noite;Crescente;Céu Claro;Dupla;"Declive;Reta";Não;21;1;0;0;19;1;0;4;-17,049178;-49,226278;SPRF-GO;DEL01-GO;UOP03-DEL01-GO
699242;19/06/2025;quinta-feira;21:30:00;SP;116;212;GUARULHOS;Ingestão de álcool pelo condutor;Colisão traseira;Sem Vítimas;Plena Noite;Crescente;Céu Claro;Múltipla;"Declive;Reta";Sim;3;0;0;0;2;1;0;3;-23,43701773;-46,43113822;SPRF-SP;DEL01-SP;UOP01-DEL01-SP
699598;21/06/2025;sábado;18:30:00;PB;230;387;SAO BENTINHO;Condutor Dormindo;Colisão frontal;Com Vítimas Fatais;Plena Noite;Crescente;Céu Claro;Simples;Reta;Não;3;1;0;0;1;1;0;3;-6,895592;-37,716022;SPRF-PB;DEL03-PB;UOP02-DEL03-PB
699787;22/06/2025;domingo;16:00:00;PE;101;69;RECIFE;Manobra de mudança de faixa;Colisão lateral mesmo sentido;Sem Vítimas;Pleno dia;Crescente;Nublado;Múltipla;Curva;Sim;3;0;0;0;2;1;0;3;-8,057363;-34,946467;SPRF-PE;DEL01-PE;UOP01-DEL01-PE
699840;22/06/2025;domingo;18:00:00;PE;101;36;ITAPISSUMA;Ausência de reação do condutor;Colisão traseira;Com Vítimas Feridas;Plena Noite;Crescente;Céu Claro;Dupla;Aclive;Não;3;0;1;0;1;1;1;3;-7,7883269;-34,928924;SPRF-PE;DEL01-PE;UOP02-DEL01-PE
700281;13/05/2025;terça-feira;06:00:00;ES;101;31;CONCEICAO DA BARRA;Acessar a via sem observar a presença dos outros veículos;Colisão transversal;Com Vítimas Feridas;Amanhecer;Crescente;Nublado;Simples;Reta;Não;4;0;0;1;2;1;1;3;-18,49719163;-39,91916656;SPRF-ES;DEL04-ES;UOP02-DEL04-ES
700403;31/01/2025;sexta-feira;16:40:00;RO;364;605;ITAPUA DO OESTE;Acessar a via sem observar a presença dos outros veículos;Colisão transversal;Com Vítimas Feridas;Pleno dia;Crescente;Céu Claro;Simples;"Reta;Interseção de Vias";Sim;3;0;1;0;1;1;1;3;-9,18603983;-63,19487383;SPRF-RO;DEL01-RO;UOP04-DEL01-RO
700718;26/06/2025;quinta-feira;10:05:00;RJ;393;258;BARRA DO PIRAI;Acessar a via sem observar a presença dos outros veículos;Colisão lateral mesmo sentido;Com Vítimas Feridas;Pleno dia;Crescente;Céu Claro;Simples;Reta;Sim;3;0;1;0;1;1;1;3;-22,4668299;-43,8603522;SPRF-RJ;DEL05-RJ;UOP04-DEL05-RJ
700945;27/06/2025;sexta-feira;18:40:00;MG;50;199,6;DELTA;Deficiência do Sistema de Iluminação/Sinalização;Colisão lateral mesmo sentido;Com Vítimas Feridas;Anoitecer;Crescente;Céu Claro;Dupla;Reta;Não;4;0;2;0;1;1;2;3;-19,92807;-47,82088;SPRF-MG;DEL13-MG;UOP01-DEL13-MG
701210;28/06/2025;sábado;21:40:00;RS;471;468;RIO GRANDE;Demais falhas mecânicas ou elétricas;Saída de leito carroçável;Com Vítimas Feridas;Plena Noite;Crescente;Céu Claro;Simples;Reta;Não;2;0;1;0;0;1;1;2;-32,07867653;-52,30589104;SPRF-RS;DEL07-RS;UOP02-DEL07-RS
701439;29/06/2025;domingo;23:00:00;PR;116;52,8;CAMPINA GRANDE DO SUL;Ausência de reação do condutor;Saída de leito carroçável;Sem Vítimas;Plena Noite;Crescente;Chuva;Dupla;Curva;Não;3;0;0;0;2;1;0;2;-25,256;-48,912;SPRF-PR;DEL01-PR;UOP02-DEL01-PR
701470;30/06/2025;segunda-feira;05:15:00;SC;101;87;BARRA VELHA;Transitar na contramão;Colisão lateral sentido oposto;Com Vítimas Feridas;Plena Noite;Crescente;Nublado;Múltipla;Curva;Sim;3;0;1;0;1;1;1;3;-26,63873482;-48,69438813;SPRF-SC;DEL03-SC;UOP02-DEL03-SC
701678;30/06/2025;segunda-feira;20:00:00;GO;251;29,8;CRISTALINA;Ausência de reação do condutor;Colisão transversal;Com Vítimas Feridas;Plena Noite;Crescente;Céu Claro;Simples;Reta;Sim;7;0;0;3;3;1;3;4;-16,08259;-47,52206;SPRF-DF;DEL01-DF;UOP01-DEL01-DF
702016;02/07/2025;quarta-feira;16:40:00;PE;104;92;AGRESTINA;Manobra de mudança de faixa;Colisão frontal;Com Vítimas Fatais;Pleno dia;Crescente;Nublado;Simples;Reta;Não;3;1;0;0;1;1;0;3;-8,496877;-35,948019;SPRF-PE;DEL02-PE;UOP01-DEL02-PE
702060;02/07/2025;quarta-feira;16:00:00;MT;163;555,2;DIAMANTINO;Reação tardia ou ineficiente do condutor;Capotamento;Com Vítimas Feridas;Pleno dia;Crescente;Céu Claro;Dupla;Reta;Não;6;0;4;0;1;1;4;2;-14,15064133;-56,09730721;SPRF-MT;DEL01-MT;UOP01-DEL01-MT