id;data_inversa;dia_semana;horario;uf;br;km;municipio;causa_acidente;tipo_acidente;classificacao_acidente;fase_dia;sentido_via;condicao_metereologica;tipo_pista;tracado_via;uso_solo;pessoas;mortos;feridos_leves;feridos_graves;ilesos;ignorados;feridos;veiculos;latitude;longitude;regional;delegacia;uop
702205;03/07/2025;quinta-feira;16:30:00;PE;428;140,2;LAGOA GRANDE;Velocidade Incompatível;Colisão traseira;Com Vítimas Feridas;Pleno dia;Crescente;Céu Claro;Simples;Ponte;Sim;3;0;0;1;1;1;1;3;-9,001183;-40,272267;SPRF-PE;DEL06-PE;UOP03-DEL06-PE
702909;06/07/2025;domingo;11:32:00;AP;210;4;MACAPA;Acessar a via sem observar a presença dos outros veículos;Colisão transversal;Com Vítimas Feridas;Pleno dia;Decrescente;Céu Claro;Simples;"Interseção de Vias;Reta";Não;3;0;1;0;1;1;1;3;0,08759549;-51,09178185;SPRF-AP;DEL01-AP;UOP01-DEL01-AP
703047;06/07/2025;domingo;20:39:00;GO;153;629;MORRINHOS;Ingestão de álcool pelo condutor;Colisão traseira;Com Vítimas Feridas;Plena Noite;Decrescente;Céu Claro;Dupla;Reta;Não;4;0;1;2;0;1;3;3;-17,784473;-49,186569;SPRF-GO;DEL03-GO;UOP01-DEL03-GO
703235;07/07/2025;segunda-feira;18:00:00;PR;277;246,3;IRATI;Animais na Pista;Atropelamento de Animal;Sem Vítimas;Plena Noite;Crescente;Nevoeiro/Neblina;Simples;"Reta;Aclive";Não;8;0;0;0;5;3;0;4;-25,45399474;-50,63019129;SPRF-PR;DEL08-PR;UOP02-DEL08-PR
704120;11/07/2025;sexta-feira;19:48:00;PB;412;12;BOA VISTA;Condutor deixou de manter distância do veículo da frente;Colisão traseira;Com Vítimas Feridas;Plena Noite;Decrescente;Céu Claro;Simples;Reta;Não;6;0;2;0;3;2;2;5;-7,225432;-36,186814;SPRF-PB;DEL02-PB;UOP02-DEL02-PB
704300;12/07/2025;sábado;16:20:00;RS;386;10,8;IRAI;Manobra de mudança de faixa;Colisão lateral mesmo sentido;Com Vítimas Feridas;Pleno dia;Crescente;Céu Claro;Simples;Reta;Não;5;0;2;0;2;1;2;3;-27,22066;-53,30729;SPRF-RS;DEL08-RS;UOP02-DEL08-RS
704544;13/07/2025;domingo;14:40:00;SC;470;106;APIUNA;Ultrapassagem Indevida;Colisão lateral sentido oposto;Com Vítimas Feridas;Pleno dia;Decrescente;Céu Claro;Simples;Curva;Sim;5;0;2;0;2;1;2;4;-27,075;-49,4258;SPRF-SC;DEL04-SC;UOP02-DEL04-SC
704757;10/07/2025;quinta-feira;08:00:00;RJ;116;231,4;PARACAMBI;Manobra de mudança de faixa;Engavetamento;Sem Vítimas;Pleno dia;Crescente;Céu Claro;Simples;"Reta;Aclive;Em Obras";Não;5;0;0;0;4;1;0;4;-22,65372;-43,8334;SPRF-RJ;DEL07-RJ;UOP01-DEL07-RJ
705015;15/07/2025;terça-feira;17:20:00;MS;60;529;NIOAQUE;Condutor deixou de manter distância do veículo da frente;Saída de leito carroçável;Com Vítimas Feridas;Anoitecer;Crescente;Sol;Simples;Reta;Não;2;0;1;0;0;1;1;2;-21,1297884;-55,7273779;SPRF-MS;DEL05-MS;UOP01-DEL05-MS
705128;16/07/2025;quarta-feira;09:00:00;GO;153;374;SAO FRANCISCO DE GOIAS;Condutor deixou de manter distância do veículo da frente;Colisão traseira;Sem Vítimas;Pleno dia;Crescente;Céu Claro;Simples;Reta;Não;6;0;0;0;5;1;0;4;-15,8852;-49,24304;SPRF-GO;DEL02-GO;UOP02-DEL02-GO
705383;17/07/2025;quinta-feira;13:30:00;MG;381;776,3;CAMPANHA;Velocidade Incompatível;Saída de leito carroçável;Com Vítimas Feridas;Pleno dia;Crescente;Sol;Dupla;"Declive;Reta";Não;3;0;1;0;1;1;1;2;-21,79652261;-45,45464516;SPRF-MG;DEL16-MG;UOP02-DEL16-MG
705811;19/07/2025;sábado;15:10:00;GO;60;374,8;RIO VERDE;Reação tardia ou ineficiente do condutor;Colisão com objeto;Sem Vítimas;Pleno dia;Decrescente;Céu Claro;Dupla;"Curva;Declive";Não;4;0;0;0;3;1;0;2;-17,739403;-50,872733;SPRF-GO;DEL04-GO;UOP02-DEL04-GO
706108;20/07/2025;domingo;19:13:00;MS;60;397;SIDROLANDIA;Ausência de reação do condutor;Colisão traseira;Com Vítimas Feridas;Plena Noite;Crescente;Céu Claro;Simples;"Declive;Reta;Interseção de Vias";Não;6;0;1;0;2;3;1;4;-20,78265968;-54,79279827;SPRF-MS;DEL01-MS;UOP04-DEL01-MS
706194;21/07/2025;segunda-feira;07:30:00;PE;232;5,4;RECIFE;Reação tardia ou ineficiente do condutor;Colisão traseira;Com Vítimas Feridas;Pleno dia;Decrescente;Céu Claro;Dupla;Reta;Sim;5;0;0;1;2;2;1;3;-8,06878;-34,94704;SPRF-PE;DEL01-PE;UOP01-DEL01-PE
706472;22/07/2025;terça-feira;13:00:00;SC;101;443,7;SANTA ROSA DO SUL;Transitar na contramão;Colisão frontal;Com Vítimas Feridas;Pleno dia;Decrescente;Céu Claro;Simples;Viaduto;Sim;3;0;1;0;1;1;1;3;-29,13721023;-49,71153466;SPRF-SC;DEL02-SC;UOP02-DEL02-SC
707253;25/07/2025;sexta-feira;22:15:00;SC;116;65,3;PAPANDUVA;Acesso irregular;Colisão transversal;Com Vítimas Feridas;Plena Noite;Crescente;Céu Claro;Simples;Reta;Não;7;0;0;1;5;1;1;4;-26,426968;-50,228345;SPRF-SC;DEL06-SC;UOP02-DEL06-SC
707772;28/07/2025;segunda-feira;08:20:00;SC;101;206,2;SAO JOSE;Manobra de mudança de faixa;Colisão lateral mesmo sentido;Com Vítimas Feridas;Pleno dia;Decrescente;Céu Claro;Dupla;Reta;Não;4;0;2;0;1;1;2;4;-27,590833;-48,617667;SPRF-SC;DEL01-SC;UOP01-DEL01-SC
708326;30/07/2025;quarta-feira;21:40:00;PI;316;361,8;CAMPO GRANDE DO PIAUI;Ausência de reação do condutor;Colisão traseira;Sem Vítimas;Plena Noite;Crescente;Céu Claro;Simples;Reta;Não;3;0;0;0;1;2;0;3;-7,135025;-41,01273;SPRF-PI;DEL04-PI;UOP03-DEL04-PI
708639;01/08/2025;sexta-feira;12:50:00;PE;101;89,9;JABOATAO DOS GUARARAPES;Demais falhas mecânicas ou elétricas;Capotamento;Com Vítimas Feridas;Pleno dia;Decrescente;Céu Claro;Dupla;Reta;Sim;3;0;1;0;0;2;1;2;-8,21516442;-34,98738885;SPRF-PE;DEL01-PE;UOP01-DEL01-PE
708648;01/08/2025;sexta-feira;14:00:00;MG;116;414;GOVERNADOR VALADARES;Condutor deixou de manter distância do veículo da frente;Colisão traseira;Com Vítimas Feridas;Pleno dia;Decrescente;Sol;Simples;"Reta;Ponte";Não;3;0;1;0;1;1;1;3;-18,883363;-41,9549989;SPRF-MG;DEL06-MG;UOP01-DEL06-MG
708651;01/08/2025;sexta-feira;14:30:00;BA;110;6;PAULO AFONSO;Ultrapassagem Indevida;Colisão frontal;Com Vítimas Feridas;Pleno dia;Crescente;Nublado;Simples;Curva;Não;7;0;2;0;4;1;2;3;-9,469279;-38,205921;SPRF-BA;DEL07-BA;UOP01-DEL07-BA
708842;21/07/2025;segunda-feira;11:20:00;PA;316;108;SANTA MARIA DO PARA;Ausência de reação do condutor;Engavetamento;Com Vítimas Feridas;Pleno dia;Decrescente;Céu Claro;Simples;Reta;Não;7;0;4;0;2;1;4;5;-1,33073;-47,531707;SPRF-PA;DEL01-PA;UOP02-DEL01-PA
708859;02/08/2025;sábado;09:15:00;RS;158;249,6;JULIO DE CASTILHOS;Ausência de reação do condutor;Saída de leito carroçável;Com Vítimas Feridas;Pleno dia;Decrescente;Céu Claro;Simples;"Reta;Declive";Não;2;0;1;0;0;1;1;2;-29,11922;-53,651037;SPRF-RS;DEL10-RS;UOP02-DEL10-RS
709015;03/08/2025;domingo;00:40:00;SP;116;145,7;SAO JOSE DOS CAMPOS;Reação tardia ou ineficiente do condutor;Colisão lateral mesmo sentido;Com Vítimas Feridas;Plena Noite;Decrescente;Céu Claro;Dupla;Reta;Sim;5;0;3;0;1;1;3;4;-23,18894223;-45,85857437;SPRF-SP;DEL02-SP;UOP01-DEL02-SP
709758;06/08/2025;quarta-feira;09:18:00;MT;163;1049;MATUPA;Acesso irregular;Saída de leito carroçável;Com Vítimas Feridas;Pleno dia;Crescente;Céu Claro;Simples;Reta;Não;3;0;1;0;0;2;1;3;-10,09108;-54,917645;SPRF-MT;DEL06-MT;UOP03-DEL06-MT
709776;06/08/2025;quarta-feira;11:35:00;MS;163;256,9;DOURADOS;Ausência de reação do condutor;Tombamento;Com Vítimas Feridas;Pleno dia;Decrescente;Céu Claro;Dupla;Declive;Sim;2;0;1;0;0;1;1;2;-22,258873;-54,794815;SPRF-MS;DEL04-MS;UOP01-DEL04-MS
710323;08/08/2025;sexta-feira;15:30:00;MT;163;691;LUCAS DO RIO VERDE;Reação tardia ou ineficiente do condutor;Saída de leito carroçável;Com Vítimas Feridas;Pleno dia;Crescente;Céu Claro;Simples;Ponte;Sim;3;0;2;0;0;1;2;2;-13,05109418;-55,90830714;SPRF-MT;DEL06-MT;UOP01-DEL06-MT
710915;11/08/2025;segunda-feira;00:00:00;RS;158;494;SANTANA DO LIVRAMENTO;Ingestão de álcool pelo condutor;Saída de leito carroçável;Sem Vítimas;Pleno dia;Crescente;Céu Claro;Simples;Reta;Não;2;0;0;0;1;1;0;2;-30,47855382;-55,06166174;SPRF-RS;DEL11-RS;UOP01-DEL11-RS
711126;11/08/2025;segunda-feira;18:30:00;RO;364;556;ALTO PARAISO;Entrada inopinada do pedestre;Atropelamento de Pedestre;Com Vítimas Feridas;Plena Noite;Decrescente;Céu Claro;Simples;"Em Obras;Reta";Não;3;0;0;1;1;1;1;3;-9,591555;-63,07336;SPRF-RO;DEL03-RO;UOP01-DEL03-RO
711292;12/08/2025;terça-feira;19:30:00;MS;60;374;CAMPO GRANDE;Ausência de reação do condutor;Colisão traseira;Com Vítimas Feridas;Plena Noite;Decrescente;Céu Claro;Simples;Reta;Não;4;0;2;0;0;2;2;3;-20,58874023;-54,72068026;SPRF-MS;DEL01-MS;UOP04-DEL01-MS
711620;14/08/2025;quinta-feira;16:45:00;PR;376;164;MARINGA;Reação tardia ou ineficiente do condutor;Engavetamento;Com Vítimas Feridas;Pleno dia;Decrescente;Céu Claro;Dupla;Reta;Não;5;0;2;0;2;1;2;4;-23,381293;-52,035562;SPRF-PR;DEL09-PR;UOP02-DEL09-PR
711981;16/08/2025;sábado;08:35:00;CE;116;6;FORTALEZA;Reação tardia ou ineficiente do condutor;Tombamento;Com Vítimas Feridas;Pleno dia;Crescente;Céu Claro;Dupla;Reta;Não;2;0;1;0;0;1;1;2;-3,8073586;-38,50187659;SPRF-CE;DEL01-CE;UOP02-DEL01-CE
711982;31/07/2025;quinta-feira;10:30:00;PR;369;402;JURANDA;Manobra de mudança de faixa;Saída de leito carroçável;Com Vítimas Feridas;Pleno dia;Crescente;Céu Claro;Simples;Reta;Não;4;0;0;1;2;1;1;3;-24,3803927;-52,78280631;SPRF-PR;DEL04-PR;UOP03-DEL04-PR
712000;16/08/2025;sábado;11:00:00;GO;60;379;RIO VERDE;Ingestão de álcool pelo condutor;Colisão lateral mesmo sentido;Com Vítimas Feridas;Pleno dia;Decrescente;Céu Claro;Múltipla;"Reta;Declive";Sim;7;0;0;1;5;1;1;4;-17,778258;-50,892235;SPRF-GO;DEL04-GO;UOP02-DEL04-GO
712516;18/08/2025;segunda-feira;17:40:00;RS;392;112;CANGUCU;Acessar a via sem observar a presença dos outros veículos;Colisão transversal;Com Vítimas Feridas;Anoitecer;Decrescente;Nublado;Simples;"Declive;Reta";Não;3;0;1;0;1;1;1;3;-31,4420914;-52,64770444;SPRF-RS;DEL07-RS;UOP01-DEL07-RS
712694;19/08/2025;terça-feira;16:20:00;GO;153;507;APARECIDA DE GOIANIA;Ausência de reação do condutor;Colisão traseira;Com Vítimas Feridas;Pleno dia;Decrescente;Céu Claro;Dupla;Reta;Não;3;0;0;1;1;1;1;3;-16,785598;-49,237642;SPRF-GO;DEL01-GO;UOP03-DEL01-GO
713117;21/08/2025;quinta-feira;18:30:00;RJ;101;71;CAMPOS DOS GOYTACAZES;Retorno proibido;Colisão transversal;Com Vítimas Fatais;Plena Noite;Crescente;Céu Claro;Simples;Reta;Não;7;1;2;0;3;1;2;5;-21,786228;-41,382;SPRF-RJ;DEL08-RJ;UOP02-DEL08-RJ
713181;21/08/2025;quinta-feira;19:20:00;PE;116;23;SALGUEIRO;Iluminação deficiente;Colisão traseira;Sem Vítimas;Plena Noite;Decrescente;Céu Claro;Simples;Reta;Não;3;0;0;0;1;2;0;3;-8,047847;-39,13827;SPRF-PE;DEL05-PE;UOP01-DEL05-PE
713301;22/08/2025;sexta-feira;17:20:00;PB;230;55,1;CRUZ DO ESPIRITO SANTO;Condutor deixou de manter distância do veículo da frente;Colisão traseira;Com Vítimas Feridas;Pleno dia;Decrescente;Céu Claro;Dupla;Reta;Não;3;0;1;0;1;1;1;3;-7,202024;-35,10305;SPRF-PB;DEL01-PB;UOP02-DEL01-PB
714003;25/08/2025;segunda-feira;18:30:00;TO;153;487;PARAISO DO TOCANTINS;Conversão proibida;Colisão lateral mesmo sentido;Com Vítimas Fatais;Plena Noite;Crescente;Céu Claro;Simples;Reta;Não;4;1;0;1;1;1;1;3;-10,100642;-48,869488;SPRF-TO;DEL01-TO;UOP01-DEL01-TO
714061;26/08/2025;terça-feira;05:35:00;MG;40;484;SETE LAGOAS;Velocidade Incompatível;Colisão com objeto;Com Vítimas Feridas;Amanhecer;Decrescente;Céu Claro;Dupla;"Reta;Declive";Não;3;0;1;0;1;1;1;3;-19,577165;-44,229334;SPRF-MG;DEL02-MG;UOP01-DEL02-MG
714185;26/08/2025;terça-feira;14:40:00;PB;230;263;JUNCO DO SERIDO;Reação tardia ou ineficiente do condutor;Colisão com objeto;Com Vítimas Feridas;Pleno dia;Decrescente;Céu Claro;Simples;Reta;Não;2;0;0;1;0;1;1;2;-6,986015;-36,724531;SPRF-PB;DEL03-PB;UOP01-DEL03-PB
714315;27/08/2025;quarta-feira;06:00:00;MS;262;532,3;MIRANDA;Reação tardia ou ineficiente do condutor;Saída de leito carroçável;Com Vítimas Feridas;Pleno dia;Crescente;Céu Claro;Simples;Declive;Não;4;0;1;2;0;1;3;2;-20,3433;-56,1656;SPRF-MS;DEL03-MS;UOP02-DEL03-MS
714658;28/08/2025;quinta-feira;21:00:00;PA;316;125;NOVA TIMBOTEUA;Animais na Pista;Atropelamento de Animal;Com Vítimas Feridas;Plena Noite;Crescente;Ignorado;Simples;"Reta;Aclive";Não;6;0;1;0;4;1;1;2;-1,305342;-47,386778;SPRF-PA;DEL01-PA;UOP02-DEL01-PA
714915;29/08/2025;sexta-feira;18:50:00;SP;101;15,6;UBATUBA;Acessar a via sem observar a presença dos outros veículos;Colisão frontal;Com Vítimas Feridas;Plena Noite;Decrescente;Chuva;Simples;"Declive;Reta";Não;4;0;2;0;1;1;2;3;-23,33375444;-44,8812096;SPRF-SP;DEL06-SP;UOP01-DEL06-SP
714979;30/08/2025;sábado;08:40:00;BA;101;213;MURITIBA;Condutor deixou de manter distância do veículo da frente;Colisão traseira;Com Vítimas Feridas;Pleno dia;Decrescente;Céu Claro;Simples;Reta;Não;3;0;1;0;1;1;1;3;-12,621445;-39,088537;SPRF-BA;DEL01-BA;UOP02-DEL01-BA
715428;01/09/2025;segunda-feira;07:25:00;RJ;116;192;NOVA IGUACU;Condutor deixou de manter distância do veículo da frente;Colisão traseira;Com Vítimas Feridas;Pleno dia;Crescente;Céu Claro;Dupla;Reta;Sim;5;0;1;0;3;1;1;4;-22,74177194;-43,52031112;SPRF-RJ;DEL06-RJ;UOP01-DEL06-RJ
715472;01/09/2025;segunda-feira;11:25:00;MG;116;251,3;TEOFILO OTONI;Estacionar ou parar em local proibido;Colisão traseira;Com Vítimas Feridas;Pleno dia;Decrescente;Céu Claro;Simples;"Declive;Curva";Não;14;0;0;2;10;2;2;7;-17,654543;-41,492492;SPRF-MG;DEL11-MG;UOP01-DEL11-MG
715669;02/09/2025;terça-feira;09:30:00;RO;319;61;PORTO VELHO;Manobra de mudança de faixa;Colisão lateral mesmo sentido;Sem Vítimas;Pleno dia;Crescente;Céu Claro;Simples;Interseção de Vias;Sim;3;0;0;0;2;1;0;3;-8,7449166;-63,88911936;SPRF-RO;DEL01-RO;UOP01-DEL01-RO
715703;02/09/2025;terça-feira;17:30:00;RS;392;4,5;RIO GRANDE;Condutor deixou de manter distância do veículo da frente;Colisão lateral mesmo sentido;Com Vítimas Feridas;Pleno dia;Crescente;Garoa/Chuvisco;Simples;Reta;Não;3;0;1;0;1;1;1;3;-32,08174648;-52,10515458;SPRF-RS;DEL07-RS;UOP02-DEL07-RS
715825;15/08/2025;sexta-feira;21:13:00;TO;153;631;ALIANCA DO TOCANTINS;Deficiência do Sistema de Iluminação/Sinalização;Colisão traseira;Com Vítimas Feridas;Plena Noite;Decrescente;Céu Claro;Simples;Reta;Não;6;0;1;1;3;1;2;3;-11,3440168;-48,9541626;SPRF-TO;DEL01-TO;UOP02-DEL01-TO
716010;04/09/2025;quinta-feira;07:15:00;GO;414;399;CORUMBA DE GOIAS;Condutor Dormindo;Saída de leito carroçável;Sem Vítimas;Pleno dia;Crescente;Céu Claro;Simples;"Curva;Declive";Não;2;0;0;0;1;1;0;2;-15,964458;-48,820652;SPRF-GO;DEL02-GO;UOP01-DEL02-GO
716134;04/09/2025;quinta-feira;18:45:00;SC;282;206,1;LAGES;Demais falhas mecânicas ou elétricas;Incêndio;Sem Vítimas;Plena Noite;Decrescente;Garoa/Chuvisco;Simples;Reta;Não;2;0;0;0;1;1;0;2;-27,77228528;-50,19382417;SPRF-SC;DEL05-SC;UOP01-DEL05-SC
716218;05/09/2025;sexta-feira;07:30:00;MG;262;802;UBERABA;Condutor deixou de manter distância do veículo da frente;Colisão traseira;Com Vítimas Feridas;Pleno dia;Crescente;Céu Claro;Dupla;Reta;Sim;3;0;0;1;1;1;1;3;-19,7686705;-47,89346114;SPRF-MG;DEL13-MG;UOP01-DEL13-MG
716654;13/08/2025;quarta-feira;18:40:00;PB;230;50,2;CRUZ DO ESPIRITO SANTO;Ausência de sinalização;Colisão traseira;Com Vítimas Feridas;Plena Noite;Crescente;Céu Claro;Dupla;Reta;Não;4;0;1;0;2;1;1;4;-7,189103;-35,060539;SPRF-PB;DEL01-PB;UOP02-DEL01-PB
716762;07/09/2025;domingo;09:30:00;RJ;101;570;PARATY;Pista Escorregadia;Colisão frontal;Com Vítimas Feridas;Pleno dia;Decrescente;Chuva;Simples;Curva;Não;7;0;2;3;1;1;5;3;-23,189;-44,711;SPRF-RJ;DEL03-RJ;UOP04-DEL03-RJ
717378;10/09/2025;quarta-feira;10:50:00;SC;101;312;LAGUNA;Problema com o freio;Colisão traseira;Com Vítimas Feridas;Pleno dia;Decrescente;Céu Claro;Dupla;Reta;Não;5;0;1;0;3;1;1;3;-28,43725739;-48,8377355;SPRF-SC;DEL02-SC;UOP01-DEL02-SC
717437;10/09/2025;quarta-feira;13:00:00;PB;230;196,5;POCINHOS;Transitar na contramão;Colisão frontal;Com Vítimas Feridas;Pleno dia;Decrescente;Céu Claro;Simples;Reta;Não;4;0;1;0;2;1;1;3;-7,117578;-36,200215;SPRF-PB;DEL02-PB;UOP02-DEL02-PB
717484;10/09/2025;quarta-feira;19:45:00;MG;262;103;ABRE CAMPO;Demais falhas mecânicas ou elétricas;Incêndio;Sem Vítimas;Plena Noite;Crescente;Céu Claro;Simples;"Reta;Aclive";Não;3;0;0;0;2;1;0;2;-20,28989748;-42,54120469;SPRF-MG;DEL03-MG;UOP03-DEL03-MG
717631;02/08/2025;sábado;18:35:00;MG;381;775,8;CAMPANHA;Demais falhas mecânicas ou elétricas;Colisão com objeto;Com Vítimas Feridas;Anoitecer;Decrescente;Céu Claro;Dupla;Reta;Não;5;0;2;1;0;2;3;3;-21,79427172;-45,45193827;SPRF-MG;DEL16-MG;UOP02-DEL16-MG
717651;11/09/2025;quinta-feira;16:55:00;SC;282;210,9;LAGES;Reação tardia ou ineficiente do condutor;Saída de leito carroçável;Com Vítimas Feridas;Pleno dia;Crescente;Sol;Simples;"Declive;Reta";Não;3;0;2;0;0;1;2;2;-27,780164;-50,241425;SPRF-SC;DEL05-SC;UOP01-DEL05-SC
717774;12/09/2025;sexta-feira;00:15:00;RO;435;133,5;CEREJEIRAS;Transitar na contramão;Colisão frontal;Com Vítimas Fatais;Plena Noite;Decrescente;Nublado;Simples;Reta;Não;6;2;1;0;2;1;1;3;-13,18904;-60,918952;SPRF-RO;DEL04-RO;UOP02-DEL04-RO
717851;12/09/2025;sexta-feira;15:11:00;CE;116;36;HORIZONTE;Reação tardia ou ineficiente do condutor;Colisão com objeto;Com Vítimas Feridas;Pleno dia;Crescente;Céu Claro;Múltipla;Reta;Não;3;0;1;0;1;1;1;2;-4,06638;-38,50271;SPRF-CE;DEL01-CE;UOP02-DEL01-CE
717953;12/09/2025;sexta-feira;20:53:00;PR;376;168;MARINGA;Ingestão de álcool pelo condutor;Saída de leito carroçável;Com Vítimas Feridas;Plena Noite;Crescente;Céu Claro;Dupla;Reta;Não;2;0;1;0;0;1;1;2;-23,392708;-52,006675;SPRF-PR;DEL09-PR;UOP01-DEL09-PR
718115;13/09/2025;sábado;12:35:00;RS;116;174,5;NOVA PETROPOLIS;Reação tardia ou ineficiente do condutor;Engavetamento;Com Vítimas Feridas;Pleno dia;Crescente;Céu Claro;Simples;"Reta;Ponte";Não;6;0;1;0;4;1;1;5;-29,333378;-51,162925;SPRF-RS;DEL05-RS;UOP02-DEL05-RS
718296;14/09/2025;domingo;08:00:00;GO;364;275,4;MINEIROS;Conversão proibida;Colisão transversal;Com Vítimas Feridas;Pleno dia;Crescente;Céu Claro;Simples;"Reta;Aclive";Não;4;0;2;1;0;1;3;3;-17,650393;-52,3554005;SPRF-GO;DEL05-GO;UOP01-DEL05-GO
718432;14/09/2025;domingo;20:00:00;PR;277;12,5;PARANAGUA;Reação tardia ou ineficiente do condutor;Colisão traseira;Com Vítimas Feridas;Plena Noite;Crescente;Nublado;Dupla;"Reta;Retorno Regulamentado";Não;4;0;1;0;2;1;1;3;-25,56282638;-48,63874912;SPRF-PR;DEL01-PR;UOP05-DEL01-PR
718490;14/09/2025;domingo;20:40:00;GO;452;55,6;MAURILANDIA;Reação tardia ou ineficiente do condutor;Colisão traseira;Sem Vítimas;Plena Noite;Decrescente;Céu Claro;Simples;Reta;Não;5;0;0;0;1;4;0;3;-17,985847;-50,428262;SPRF-GO;DEL04-GO;UOP01-DEL04-GO
718626;15/09/2025;segunda-feira;16:30:00;DF;20;40,4;BRASILIA;Ausência de reação do condutor;Saída de leito carroçável;Com Vítimas Feridas;Pleno dia;Crescente;Céu Claro;Dupla;"Reta;Declive";Não;2;0;1;0;0;1;1;2;-15,5822435;-47,5357475;SPRF-DF;DEL02-DF;UOP01-DEL02-DF
718628;15/09/2025;segunda-feira;11:30:00;RO;364;350;JI-PARANA;Demais falhas mecânicas ou elétricas;Colisão lateral sentido oposto;Sem Vítimas;Pleno dia;Decrescente;Céu Claro;Simples;Reta;Não;4;0;0;0;3;1;0;3;-10,8363776;-62,0068864;SPRF-RO;DEL02-RO;UOP01-DEL02-RO
719411;19/09/2025;sexta-feira;14:30:00;RS;290;478;ROSARIO DO SUL;Ausência de reação do condutor;Colisão traseira;Sem Vítimas;Pleno dia;Crescente;Céu Claro;Simples;Reta;Não;3;0;0;0;2;1;0;3;-30,24232434;-54,91293876;SPRF-RS;DEL11-RS;UOP02-DEL11-RS
719456;19/09/2025;sexta-feira;18:20:00;AP;210;5;MACAPA;Acessar a via sem observar a presença dos outros veículos;Colisão transversal;Com Vítimas Feridas;Plena Noite;Decrescente;Ignorado;Dupla;"Reta;Interseção de Vias";Não;3;0;1;0;1;1;1;3;0,089668;-51,100951;SPRF-AP;DEL01-AP;UOP01-DEL01-AP
719919;21/09/2025;domingo;12:25:00;SC;470;193;POUSO REDONDO;Ultrapassagem Indevida;Colisão transversal;Com Vítimas Feridas;Pleno dia;Decrescente;Chuva;Simples;Curva;Não;5;0;0;1;3;1;1;3;-27,3005798;-50,0805559;SPRF-SC;DEL04-SC;UOP02-DEL04-SC
720219;22/09/2025;segunda-feira;08:03:00;AP;210;0;MACAPA;Reação tardia ou ineficiente do condutor;Queda de ocupante de veículo;Com Vítimas Feridas;Pleno dia;Decrescente;Sol;Dupla;Reta;Sim;2;0;1;0;0;1;1;2;0,07735;-51,0659715;SPRF-AP;DEL01-AP;UOP01-DEL01-AP
720232;22/09/2025;segunda-feira;14:00:00;SC;282;51,8;AGUAS MORNAS;Reação tardia ou ineficiente do condutor;Colisão frontal;Com Vítimas Feridas;Pleno dia;Crescente;Garoa/Chuvisco;Simples;Curva;Não;3;0;0;1;1;1;1;3;-27,70203027;-48,8282083;SPRF-SC;DEL01-SC;UOP03-DEL01-SC
720387;22/09/2025;segunda-feira;17:20:00;RO;435;106;COLORADO DO OESTE;Transitar na contramão;Capotamento;Com Vítimas Feridas;Pleno dia;Decrescente;Nublado;Simples;Reta;Não;4;0;2;0;1;1;2;2;-13,19081358;-60,68023682;SPRF-RO;DEL04-RO;UOP02-DEL04-RO
720456;23/09/2025;terça-feira;14:40:00;DF;70;1,3;BRASILIA;Demais falhas mecânicas ou elétricas;Engavetamento;Com Vítimas Feridas;Pleno dia;Crescente;Céu Claro;Dupla;Reta;Sim;7;0;2;0;4;1;2;4;-15,79595;-48,066432;SPRF-DF;DEL03-DF;UOP02-DEL03-DF
720721;25/09/2025;quinta-feira;00:10:00;ES;101;399;ITAPEMIRIM;Transitar na contramão;Colisão lateral sentido oposto;Com Vítimas Feridas;Plena Noite;Decrescente;Chuva;Simples;Reta;Não;5;0;1;1;2;1;2;3;-20,880257;-40,96889;SPRF-ES;DEL03-ES;UOP02-DEL03-ES
720723;24/09/2025;quarta-feira;19:50:00;SC;280;271,2;IRINEOPOLIS;Transitar na contramão;Colisão frontal;Sem Vítimas;Plena Noite;Crescente;Nublado;Simples;"Rotatória;Interseção de Vias";Não;3;0;0;0;2;1;0;3;-26,27270319;-50,74670962;SPRF-SC;DEL06-SC;UOP04-DEL06-SC
720793;20/09/2025;sábado;08:30:00;MA;316;579,3;CAXIAS;Carga excessiva e/ou mal acondicionada;Saída de leito carroçável;Com Vítimas Feridas;Pleno dia;Crescente;Sol;Simples;Reta;Não;3;0;2;0;0;1;2;2;-4,872154;-43,3837284;SPRF-MA;DEL03-MA;UOP02-DEL03-MA
720946;26/09/2025;sexta-feira;07:40:00;CE;116;28;AQUIRAZ;Condutor deixou de manter distância do veículo da frente;Colisão traseira;Com Vítimas Feridas;Pleno dia;Decrescente;Céu Claro;Dupla;Reta;Sim;3;0;1;0;1;1;1;3;-4,001434;-38,516611;SPRF-CE;DEL01-CE;UOP02-DEL01-CE
721273;27/09/2025;sábado;17:00:00;RS;287;279;SAO PEDRO DO SUL;Reação tardia ou ineficiente do condutor;Colisão lateral mesmo sentido;Com Vítimas Feridas;Anoitecer;Decrescente;Chuva;Simples;"Ponte;Reta";Não;4;0;1;0;2;1;1;3;-29,64919734;-54,1590786;SPRF-RS;DEL09-RS;UOP01-DEL09-RS
722324;02/10/2025;quinta-feira;17:00:00;RJ;40;105;DUQUE DE CAXIAS;Transitar na contramão;Colisão frontal;Com Vítimas Feridas;Pleno dia;Decrescente;Nublado;Simples;Reta;Sim;3;0;1;0;1;1;1;3;-22,64178868;-43,28336477;SPRF-RJ;DEL01-RJ;UOP02-DEL01-RJ