id;data_inversa;dia_semana;horario;uf;br;km;municipio;causa_acidente;tipo_acidente;classificacao_acidente;fase_dia;sentido_via;condicao_metereologica;tipo_pista;tracado_via;uso_solo;pessoas;mortos;feridos_leves;feridos_graves;ilesos;ignorados;feridos;veiculos;latitude;longitude;regional;delegacia;uop
722895;04/10/2025;sábado;17:50:00;MA;135;332;PRESIDENTE DUTRA;Ausência de reação do condutor;Colisão traseira;Com Vítimas Fatais;Pleno dia;Decrescente;Céu Claro;Simples;Reta;Não;3;1;0;0;1;1;0;3;-5,228077;-44,479947;SPRF-MA;DEL06-MA;UOP01-DEL06-MA
723224;02/10/2025;quinta-feira;15:30:00;MG;381;3;BETIM;Ausência de reação do condutor;Colisão lateral mesmo sentido;Com Vítimas Feridas;Pleno dia;Decrescente;Céu Claro;Dupla;"Declive;Reta";Não;3;0;0;1;1;1;1;3;-19,98557523;-44,16824392;SPRF-MG;DEL01-MG;UOP03-DEL01-MG
723403;07/10/2025;terça-feira;14:45:00;PE;104;63;CARUARU;Ingestão de álcool pelo condutor;Saída de leito carroçável;Com Vítimas Feridas;Pleno dia;Crescente;Sol;Dupla;Reta;Sim;3;0;1;0;1;1;1;2;-8,26218;-35,97613;SPRF-PE;DEL02-PE;UOP01-DEL02-PE
723730;09/10/2025;quinta-feira;04:36:00;PE;110;240;JATOBA;Velocidade Incompatível;Colisão frontal;Com Vítimas Feridas;Amanhecer;Crescente;Nublado;Simples;Curva;Não;4;0;1;1;1;1;2;3;-9,23540521;-38,2404545;SPRF-BA;DEL07-BA;UOP01-DEL07-BA
723747;09/10/2025;quinta-feira;06:50:00;MG;364;0,2;PLANURA;Mal súbito do condutor;Colisão frontal;Com Vítimas Feridas;Pleno dia;Crescente;Chuva;Simples;"Reta;Ponte";Não;4;0;0;1;2;1;1;3;-20,16167657;-48,68934631;SPRF-MG;DEL13-MG;UOP02-DEL13-MG
724197;11/10/2025;sábado;03:27:00;DF;40;4,9;BRASILIA;Ausência de reação do condutor;Colisão traseira;Com Vítimas Feridas;Plena Noite;Crescente;Céu Claro;Dupla;Reta;Não;3;0;1;0;1;1;1;3;-16,020054;-47,980711;SPRF-DF;DEL01-DF;UOP01-DEL01-DF
724737;13/10/2025;segunda-feira;01:00:00;PA;316;178;SANTA LUZIA DO PARA;Deixar de acionar o farol da motocicleta (ou similar);Colisão traseira;Sem Vítimas;Plena Noite;Crescente;Céu Claro;Simples;Reta;Não;3;0;0;0;1;2;0;3;-1,392749;-47,018002;SPRF-PA;DEL01-PA;UOP03-DEL01-PA
724750;13/10/2025;segunda-feira;09:00:00;MG;381;686,8;LAVRAS;Chuva;Colisão com objeto;Com Vítimas Feridas;Pleno dia;Crescente;Chuva;Dupla;Curva;Não;4;0;1;0;2;1;1;3;-21,17056585;-45,12685776;SPRF-MG;DEL04-MG;UOP02-DEL04-MG
725443;16/10/2025;quinta-feira;17:30:00;RS;386;133,3;SARANDI;Pista Escorregadia;Saída de leito carroçável;Com Vítimas Feridas;Pleno dia;Decrescente;Chuva;Simples;"Interseção de Vias;Curva;Declive";Sim;3;0;0;1;1;1;1;3;-27,94673;-52,93056;SPRF-RS;DEL08-RS;UOP01-DEL08-RS
725872;18/10/2025;sábado;11:33:00;MT;163;844,5;SINOP;Acessar a via sem observar a presença dos outros veículos;Colisão transversal;Com Vítimas Feridas;Pleno dia;Decrescente;Céu Claro;Simples;Reta;Não;5;0;1;0;3;1;1;3;-11,77817443;-55,47359705;SPRF-MT;DEL06-MT;UOP02-DEL06-MT
726230;20/10/2025;segunda-feira;01:47:00;TO;10;463,1;PALMAS;Ingestão de álcool pelo condutor;Colisão traseira;Com Vítimas Feridas;Plena Noite;Decrescente;Ignorado;Múltipla;Reta;Sim;5;0;1;0;1;3;1;3;-10,238376;-48,312016;SPRF-TO;DEL01-TO;UOP03-DEL01-TO
726531;21/10/2025;terça-feira;11:15:00;PB;101;109,7;ALHANDRA;Velocidade Incompatível;Colisão frontal;Sem Vítimas;Pleno dia;Decrescente;Céu Claro;Simples;Reta;Sim;3;0;0;0;2;1;0;3;-7,355673;-34,950008;SPRF-PB;DEL01-PB;UOP01-DEL01-PB
726597;21/10/2025;terça-feira;16:15:00;RS;101;72;OSORIO;Reação tardia ou ineficiente do condutor;Colisão com objeto;Com Vítimas Feridas;Pleno dia;Decrescente;Sol;Dupla;Reta;Não;3;0;2;0;0;1;2;2;-29,764459;-50,217515;SPRF-RS;DEL03-RS;UOP01-DEL03-RS
726710;22/10/2025;quarta-feira;10:00:00;TO;153;333;GUARAI;Condutor deixou de manter distância do veículo da frente;Colisão lateral mesmo sentido;Sem Vítimas;Pleno dia;Crescente;Nublado;Dupla;Rotatória;Sim;3;0;0;0;2;1;0;3;-8,82989459;-48,51199821;SPRF-TO;DEL02-TO;UOP02-DEL02-TO
727018;23/10/2025;quinta-feira;17:25:00;SC;101;55,2;JOINVILLE;Condutor deixou de manter distância do veículo da frente;Colisão traseira;Com Vítimas Feridas;Pleno dia;Decrescente;Céu Claro;Dupla;Reta;Sim;4;0;1;0;2;1;1;3;-26,40587931;-48,83817069;SPRF-SC;DEL03-SC;UOP01-DEL03-SC
727036;23/10/2025;quinta-feira;20:30:00;PR;369;403,9;JURANDA;Condutor deixou de manter distância do veículo da frente;Colisão traseira;Com Vítimas Feridas;Plena Noite;Decrescente;Céu Claro;Simples;Reta;Não;3;0;1;0;1;1;1;3;-24,3901693;-52,7990476;SPRF-PR;DEL04-PR;UOP03-DEL04-PR
727416;25/10/2025;sábado;14:10:00;MG;381;360;SAO GONCALO DO RIO ABAIXO;Ausência de reação do condutor;Colisão lateral sentido oposto;Com Vítimas Fatais;Pleno dia;Crescente;Céu Claro;Simples;Curva;Não;3;1;0;0;1;1;0;3;-19,85613858;-43,24382027;SPRF-MG;DEL03-MG;UOP01-DEL03-MG
727599;26/10/2025;domingo;05:28:00;PA;316;94;SAO FRANCISCO DO PARA;Ingestão de álcool pelo condutor;Colisão traseira;Com Vítimas Feridas;Amanhecer;Decrescente;Céu Claro;Simples;Reta;Não;3;0;1;0;1;1;1;3;-1,326275;-47,652842;SPRF-PA;DEL01-PA;UOP02-DEL01-PA
728048;28/10/2025;terça-feira;07:14:00;MG;381;924,6;ITAPEVA;Velocidade Incompatível;Capotamento;Com Vítimas Feridas;Pleno dia;Crescente;Chuva;Dupla;Curva;Não;10;0;4;1;4;1;5;4;-22,77064816;-46,20122945;SPRF-MG;DEL16-MG;UOP03-DEL16-MG
728179;28/10/2025;terça-feira;20:00:00;TO;10;464;PALMAS;Reação tardia ou ineficiente do condutor;Tombamento;Com Vítimas Feridas;Plena Noite;Decrescente;Céu Claro;Múltipla;Reta;Sim;2;0;0;1;0;1;1;2;-10,23180536;-48,31179857;SPRF-TO;DEL01-TO;UOP03-DEL01-TO
728318;29/10/2025;quarta-feira;12:10:00;MT;163;853;SINOP;Acessar a via sem observar a presença dos outros veículos;Colisão transversal;Com Vítimas Feridas;Pleno dia;Decrescente;Céu Claro;Simples;"Reta;Interseção de Vias";Sim;7;0;1;0;5;1;1;3;-11,6974;-55,45123;SPRF-MT;DEL06-MT;UOP02-DEL06-MT
728363;29/10/2025;quarta-feira;13:32:00;GO;80;126;BARRO ALTO;Condutor Dormindo;Saída de leito carroçável;Com Vítimas Feridas;Pleno dia;Crescente;Céu Claro;Simples;Reta;Não;2;0;1;0;0;1;1;2;-15,00853278;-48,90077592;SPRF-GO;DEL07-GO;UOP02-DEL07-GO
728393;29/10/2025;quarta-feira;18:50:00;RN;304;119,2;ITAJA;Acessar a via sem observar a presença dos outros veículos;Colisão transversal;Com Vítimas Feridas;Plena Noite;Crescente;Céu Claro;Simples;"Aclive;Interseção de Vias;Reta";Não;3;0;1;0;1;1;1;3;-5,63034666;-36,86362624;SPRF-RN;DEL04-RN;UOP01-DEL04-RN
728777;31/10/2025;sexta-feira;17:35:00;SP;116;143,8;SAO JOSE DOS CAMPOS;Reação tardia ou ineficiente do condutor;Engavetamento;Com Vítimas Feridas;Anoitecer;Decrescente;Nublado;Dupla;Reta;Não;4;0;1;0;2;1;1;4;-23,1815176;-45,8416551;SPRF-SP;DEL02-SP;UOP01-DEL02-SP
728941;01/11/2025;sábado;14:00:00;BA;116;859,9;VITORIA DA CONQUISTA;Reação tardia ou ineficiente do condutor;Capotamento;Com Vítimas Feridas;Pleno dia;Crescente;Sol;Simples;"Reta;Declive";Não;3;0;2;0;0;1;2;2;-15,16028748;-41,05693817;SPRF-BA;DEL08-BA;UOP01-DEL08-BA
729255;02/11/2025;domingo;19:56:00;MG;50;20,1;ARAGUARI;Objeto estático sobre o leito carroçável;Saída de leito carroçável;Com Vítimas Feridas;Plena Noite;Crescente;Chuva;Dupla;"Aclive;Curva";Não;5;0;1;0;3;1;1;2;-18,58906;-48,05587;SPRF-MG;DEL15-MG;UOP02-DEL15-MG
729630;04/11/2025;terça-feira;19:45:00;GO;60;336;ACREUNA;Acessar a via sem observar a presença dos outros veículos;Colisão traseira;Com Vítimas Feridas;Plena Noite;Crescente;Nublado;Dupla;"Retorno Regulamentado;Reta";Não;3;0;1;0;1;1;1;3;-17,5566459;-50,53127289;SPRF-GO;DEL04-GO;UOP02-DEL04-GO
729633;04/11/2025;terça-feira;20:00:00;RJ;101;475;ANGRA DOS REIS;Demais falhas mecânicas ou elétricas;Colisão frontal;Com Vítimas Feridas;Plena Noite;Decrescente;Céu Claro;Simples;Curva;Não;4;0;1;0;2;1;1;4;-23,006183;-44,261413;SPRF-RJ;DEL03-RJ;UOP03-DEL03-RJ
730244;07/11/2025;sexta-feira;15:00:00;SC;470;235;SAO CRISTOVAO DO SUL;Transitar na contramão;Colisão frontal;Com Vítimas Feridas;Pleno dia;Crescente;Nublado;Simples;Reta;Não;5;0;1;2;0;2;3;4;-27,30222603;-50,43580469;SPRF-SC;DEL05-SC;UOP03-DEL05-SC
730554;08/11/2025;sábado;19:30:00;RO;364;21;VILHENA;Transitar na contramão;Colisão lateral sentido oposto;Com Vítimas Feridas;Plena Noite;Decrescente;Céu Claro;Simples;Reta;Não;4;0;0;1;2;1;1;3;-12,72568465;-60,20136729;SPRF-RO;DEL04-RO;UOP01-DEL04-RO
730829;09/11/2025;domingo;23:50:00;MG;381;441;SANTA LUZIA;Ausência de reação do condutor;Colisão com objeto;Com Vítimas Feridas;Plena Noite;Decrescente;Céu Claro;Dupla;"Aclive;Reta;Interseção de Vias";Sim;3;0;1;0;1;1;1;3;-19,82629589;-43,83578669;SPRF-MG;DEL01-MG;UOP01-DEL01-MG
730920;10/11/2025;segunda-feira;12:00:00;GO;60;118;TEREZOPOLIS DE GOIAS;Desrespeitar a preferência no cruzamento;Colisão transversal;Com Vítimas Feridas;Pleno dia;Decrescente;Sol;Dupla;Interseção de Vias;Sim;3;0;1;0;1;1;1;3;-16,48350199;-49,09214792;SPRF-GO;DEL01-GO;UOP01-DEL01-GO
730934;10/11/2025;segunda-feira;12:00:00;GO;60;194,6;GUAPO;Avarias e/ou desgaste excessivo no pneu;Saída de leito carroçável;Com Vítimas Feridas;Pleno dia;Crescente;Sol;Dupla;Reta;Não;2;0;1;0;0;1;1;2;-16,84674694;-49,55595866;SPRF-GO;DEL01-GO;UOP02-DEL01-GO
731312;19/10/2025;domingo;21:10:00;AL;104;34;UNIAO DOS PALMARES;Transitar na contramão;Colisão frontal;Com Vítimas Feridas;Plena Noite;Decrescente;Céu Claro;Simples;Reta;Sim;3;0;0;1;1;1;1;3;-9,131419;-36,02831125;SPRF-AL;DEL01-AL;UOP02-DEL01-AL
731522;13/11/2025;quinta-feira;10:15:00;PR;116;115;CURITIBA;Reação tardia ou ineficiente do condutor;Colisão traseira;Com Vítimas Feridas;Pleno dia;Decrescente;Sol;Múltipla;Reta;Sim;3;0;1;0;1;1;1;3;-25,54471102;-49,30201499;SPRF-PR;DEL01-PR;UOP03-DEL01-PR
731802;11/10/2025;sábado;20:30:00;RJ;493;19;MAGE;Reação tardia ou ineficiente do condutor;Colisão traseira;Sem Vítimas;Plena Noite;Crescente;Céu Claro;Simples;Reta;Sim;3;0;0;0;2;1;0;3;-22,66459899;-43,03054212;SPRF-RJ;DEL04-RJ;UOP02-DEL04-RJ
731887;14/11/2025;sexta-feira;20:45:00;RS;386;416,8;MONTENEGRO;Acessar a via sem observar a presença dos outros veículos;Colisão transversal;Com Vítimas Feridas;Plena Noite;Crescente;Céu Claro;Simples;"Declive;Curva";Não;6;0;1;1;3;1;2;3;-29,8181855;-51,4555951;SPRF-RS;DEL04-RS;UOP02-DEL04-RS
732579;13/11/2025;quinta-feira;08:00:00;SC;101;203;SAO JOSE;Reação tardia ou ineficiente do condutor;Colisão traseira;Com Vítimas Feridas;Pleno dia;Crescente;Céu Claro;Dupla;Viaduto;Sim;5;0;1;0;2;2;1;4;-27,56465756;-48,61480236;SPRF-SC;DEL01-SC;UOP01-DEL01-SC
733036;19/11/2025;quarta-feira;19:50:00;SC;470;67;INDAIAL;Estacionar ou parar em local proibido;Colisão traseira;Com Vítimas Feridas;Plena Noite;Crescente;Céu Claro;Dupla;Reta;Sim;3;0;0;1;1;1;1;3;-26,871806;-49,231244;SPRF-SC;DEL04-SC;UOP01-DEL04-SC
733230;20/11/2025;quinta-feira;16:55:00;MG;116;700,1;MURIAE;Velocidade Incompatível;Colisão lateral sentido oposto;Com Vítimas Feridas;Pleno dia;Decrescente;Sol;Simples;Curva;Sim;4;0;0;1;1;2;1;4;-21,107644;-42,379056;SPRF-MG;DEL07-MG;UOP02-DEL07-MG
733500;21/11/2025;sexta-feira;19:30:00;RJ;493;1,7;ITABORAI;Acesso irregular;Colisão lateral mesmo sentido;Com Vítimas Fatais;Plena Noite;Crescente;Céu Claro;Dupla;Reta;Sim;4;1;0;0;2;1;0;4;-22,76308;-42,930065;SPRF-RJ;DEL02-RJ;UOP02-DEL02-RJ
733541;21/11/2025;sexta-feira;20:00:00;GO;60;196;GUAPO;Objeto estático sobre o leito carroçável;Colisão traseira;Sem Vítimas;Plena Noite;Decrescente;Céu Claro;Dupla;Curva;Não;3;0;0;0;2;1;0;3;-16,8570319;-49,59871022;SPRF-GO;DEL01-GO;UOP02-DEL01-GO
733751;23/11/2025;domingo;05:04:00;MG;365;773;ITUIUTABA;Animais na Pista;Atropelamento de Animal;Sem Vítimas;Amanhecer;Decrescente;Nublado;Simples;Declive;Não;5;0;0;0;4;1;0;2;-18,959161;-49,668593;SPRF-MG;DEL15-MG;UOP03-DEL15-MG
734122;24/11/2025;segunda-feira;14:40:00;DF;70;9;BRASILIA;Carga excessiva e/ou mal acondicionada;Colisão traseira;Com Vítimas Feridas;Pleno dia;Decrescente;Céu Claro;Dupla;Reta;Sim;6;0;1;0;4;1;1;3;-15,787651;-48,14178;SPRF-DF;DEL03-DF;UOP02-DEL03-DF
734684;27/11/2025;quinta-feira;11:51:00;PE;232;27,2;MORENO;Retorno proibido;Colisão transversal;Com Vítimas Feridas;Pleno dia;Crescente;Sol;Dupla;Reta;Não;4;0;2;0;1;1;2;3;-8,11405388;-35,12815889;SPRF-PE;DEL02-PE;UOP02-DEL02PE
734790;27/11/2025;quinta-feira;22:02:00;PE;232;128,5;CARUARU;Velocidade Incompatível;Colisão traseira;Com Vítimas Feridas;Plena Noite;Crescente;Nublado;Dupla;Reta;Sim;6;0;0;1;4;1;1;4;-8,30087;-35,98547;SPRF-PE;DEL02-PE;UOP03-DEL02-PE
734930;28/11/2025;sexta-feira;15:15:00;SC;101;41;JOINVILLE;Ausência de reação do condutor;Engavetamento;Com Vítimas Feridas;Pleno dia;Decrescente;Céu Claro;Múltipla;Reta;Sim;6;0;1;0;4;1;1;4;-26,31157388;-48,8758564;SPRF-SC;DEL03-SC;UOP01-DEL03-SC
735265;29/11/2025;sábado;18:30:00;SC;470;138;IBIRAMA;Acessar a via sem observar a presença dos outros veículos;Colisão transversal;Sem Vítimas;Anoitecer;Decrescente;Nublado;Simples;Reta;Não;3;0;0;0;1;2;0;3;-27,081145;-49,484463;SPRF-SC;DEL04-SC;UOP02-DEL04-SC
735490;30/11/2025;domingo;14:00:00;GO;153;559;PROFESSOR JAMIL;Carga excessiva e/ou mal acondicionada;Saída de leito carroçável;Sem Vítimas;Pleno dia;Decrescente;Céu Claro;Dupla;Reta;Não;2;0;0;0;0;2;0;2;-17,209708;-49,217202;SPRF-GO;DEL03-GO;UOP01-DEL03-GO
736188;03/12/2025;quarta-feira;17:45:00;PR;116;96,4;SAO JOSE DOS PINHAIS;Acessar a via sem observar a presença dos outros veículos;Colisão transversal;Com Vítimas Feridas;Pleno dia;Decrescente;Nublado;Múltipla;"Reta;Interseção de Vias";Sim;4;0;1;0;1;2;1;4;-25,540143;-49,15017;SPRF-PR;DEL01-PR;UOP07-DEL01-PR
736236;03/12/2025;quarta-feira;22:00:00;SC;280;70,3;JARAGUA DO SUL;Ingestão de álcool pelo condutor;Saída de leito carroçável;Com Vítimas Feridas;Plena Noite;Crescente;Nublado;Simples;Reta;Sim;2;0;1;0;0;1;1;2;-26,462348;-49,132962;SPRF-SC;DEL03-SC;UOP03-DEL03-SC
736294;04/12/2025;quinta-feira;08:00:00;PE;428;188,5;PETROLINA;Demais falhas mecânicas ou elétricas;Queda de ocupante de veículo;Com Vítimas Feridas;Pleno dia;Crescente;Céu Claro;Dupla;"Declive;Reta";Sim;2;0;1;0;0;1;1;2;-9,376479;-40,4951979;SPRF-PE;DEL06-PE;UOP01-DEL06-PE
736623;05/12/2025;sexta-feira;15:55:00;PR;277;129;CAMPO LARGO;Ausência de reação do condutor;Saída de leito carroçável;Com Vítimas Feridas;Pleno dia;Crescente;Céu Claro;Dupla;"Reta;Declive";Não;2;0;0;1;0;1;1;2;-25,446097;-49,5697;SPRF-PR;DEL03-PR;UOP03-DEL03-PR
736749;06/12/2025;sábado;02:20:00;GO;153;267,1;NOVA GLORIA;Carga excessiva e/ou mal acondicionada;Capotamento;Com Vítimas Feridas;Plena Noite;Crescente;Garoa/Chuvisco;Simples;Reta;Não;6;0;4;0;1;1;4;2;-15,050187;-49,444939;SPRF-GO;DEL07-GO;UOP02-DEL07-GO
737434;08/12/2025;segunda-feira;19:05:00;MT;174;287;PONTES E LACERDA;Transitar na contramão;Colisão lateral sentido oposto;Sem Vítimas;Plena Noite;Decrescente;Nublado;Simples;Reta;Não;5;0;0;0;3;2;0;3;-15,256704;-59,306917;SPRF-MT;DEL04-MT;UOP01-DEL04-MT
737685;09/12/2025;terça-feira;23:11:00;PE;101;73;RECIFE;Ausência de reação do condutor;Engavetamento;Sem Vítimas;Plena Noite;Decrescente;Céu Claro;Múltipla;Reta;Sim;4;0;0;0;3;1;0;4;-8,09626;-34,94954;SPRF-PE;DEL01-PE;UOP01-DEL01-PE
737909;10/12/2025;quarta-feira;09:20:00;RS;386;422,3;MONTENEGRO;Avarias e/ou desgaste excessivo no pneu;Colisão com objeto;Com Vítimas Feridas;Pleno dia;Crescente;Chuva;Dupla;Reta;Não;3;0;2;0;0;1;2;2;-29,81618809;-51,39555423;SPRF-RS;DEL04-RS;UOP02-DEL04-RS
738235;12/12/2025;sexta-feira;15:00:00;PB;230;19,1;JOAO PESSOA;Trafegar com motocicleta (ou similar) entre as faixas;Colisão lateral mesmo sentido;Com Vítimas Feridas;Pleno dia;Decrescente;Céu Claro;Dupla;Declive;Sim;4;0;0;1;2;1;1;3;-7,12963;-34,85041;SPRF-PB;DEL01-PB;UOP01-DEL01-PB
738281;12/12/2025;sexta-feira;16:50:00;RJ;101;499,9;ANGRA DOS REIS;Acesso irregular;Colisão lateral sentido oposto;Sem Vítimas;Pleno dia;Crescente;Céu Claro;Simples;Reta;Não;3;0;0;0;2;1;0;3;-22,91579254;-44,35150266;SPRF-RJ;DEL03-RJ;UOP03-DEL03-RJ
738284;12/12/2025;sexta-feira;17:29:00;SP;381;23;BRAGANCA PAULISTA;Mal súbito do condutor;Colisão com objeto;Sem Vítimas;Pleno dia;Crescente;Céu Claro;Múltipla;Reta;Não;2;0;0;0;1;1;0;2;-23,00091382;-46,51899803;SPRF-SP;DEL03-SP;UOP02-DEL03-SP
738291;12/12/2025;sexta-feira;16:30:00;RJ;116;288;BARRA MANSA;Ausência de reação do condutor;Colisão lateral mesmo sentido;Sem Vítimas;Pleno dia;Decrescente;Céu Claro;Dupla;Reta;Sim;3;0;0;0;2;1;0;3;-22,494624;-44,241213;SPRF-RJ;DEL07-RJ;UOP02-DEL07-RJ
738348;12/12/2025;sexta-feira;20:05:00;PB;104;131;QUEIMADAS;Condutor deixou de manter distância do veículo da frente;Colisão traseira;Sem Vítimas;Plena Noite;Decrescente;Céu Claro;Simples;Reta;Sim;3;0;0;0;1;2;0;3;-7,29274563;-35,8907783;SPRF-PB;DEL02-PB;UOP03-DEL02-PB
738350;12/12/2025;sexta-feira;17:35:00;RN;304;113,7;ACU;Acessar a via sem observar a presença dos outros veículos;Colisão transversal;Com Vítimas Fatais;Anoitecer;Crescente;Céu Claro;Simples;"Reta;Interseção de Vias";Sim;4;2;0;0;0;2;0;3;-5,608848;-36,907133;SPRF-RN;DEL04-RN;UOP01-DEL04-RN
738485;13/12/2025;sábado;09:39:00;PE;101;56,8;RECIFE;Condutor deixou de manter distância do veículo da frente;Colisão traseira;Com Vítimas Feridas;Pleno dia;Decrescente;Céu Claro;Dupla;Retorno Regulamentado;Sim;3;0;0;1;1;1;1;3;-7,962472;-34,91424;SPRF-PE;DEL01-PE;UOP02-DEL01-PE
738520;13/12/2025;sábado;09:20:00;GO;153;221;URUACU;Reação tardia ou ineficiente do condutor;Colisão traseira;Com Vítimas Feridas;Pleno dia;Crescente;Nublado;Simples;Reta;Não;3;0;0;1;1;1;1;3;-14,516224;-49,1487232;SPRF-GO;DEL07-GO;UOP02-DEL07-GO
738889;14/12/2025;domingo;17:10:00;MT;163;550;DIAMANTINO;Reação tardia ou ineficiente do condutor;Colisão traseira;Com Vítimas Feridas;Anoitecer;Crescente;Nublado;Dupla;Reta;Não;3;0;1;0;1;1;1;3;-14,225198;-56,101061;SPRF-MT;DEL01-MT;UOP01-DEL01-MT
738915;14/12/2025;domingo;21:50:00;GO;20;14;FORMOSA;Ingestão de álcool pelo condutor;Saída de leito carroçável;Sem Vítimas;Plena Noite;Crescente;Céu Claro;Dupla;"Retorno Regulamentado;Reta";Não;2;0;0;0;1;1;0;2;-15,54784414;-47,16611143;SPRF-DF;DEL02-DF;UOP02-DEL02-DF
739143;15/12/2025;segunda-feira;18:20:00;SC;280;50;GUARAMIRIM;Carga excessiva e/ou mal acondicionada;Saída de leito carroçável;Com Vítimas Feridas;Anoitecer;Decrescente;Céu Claro;Simples;Reta;Sim;2;0;1;0;0;1;1;2;-26,46425968;-48,95228712;SPRF-SC;DEL03-SC;UOP03-DEL03-SC
739181;16/12/2025;terça-feira;01:15:00;PA;316;45;SANTA IZABEL DO PARA;Animais na Pista;Atropelamento de Animal;Sem Vítimas;Plena Noite;Crescente;Céu Claro;Dupla;Reta;Não;2;0;0;0;1;1;0;2;-1,279013;-48,073297;SPRF-PA;DEL01-PA;UOP01-DEL01-PA
739293;16/12/2025;terça-feira;14:45:00;PE;232;76;GRAVATA;Ausência de reação do condutor;Saída de leito carroçável;Com Vítimas Feridas;Anoitecer;Crescente;Sol;Dupla;Reta;Sim;4;0;2;1;0;1;3;2;-8,19086601;-35,51016681;SPRF-PE;DEL02-PE;UOP02-DEL02PE
739432;16/12/2025;terça-feira;19:30:00;MT;163;771;SORRISO;Demais falhas mecânicas ou elétricas;Atropelamento de Pedestre;Com Vítimas Feridas;Plena Noite;Crescente;Nublado;Simples;Reta;Não;3;0;0;1;1;1;1;3;-12,40606548;-55,62704086;SPRF-MT;DEL06-MT;UOP01-DEL06-MT
739731;18/12/2025;quinta-feira;11:45:00;AL;104;40;UNIAO DOS PALMARES;Condutor Dormindo;Colisão lateral sentido oposto;Com Vítimas Feridas;Pleno dia;Decrescente;Céu Claro;Simples;"Curva;Declive";Não;14;0;1;0;12;1;1;3;-9,19407666;-36,03478718;SPRF-AL;DEL01-AL;UOP02-DEL01-AL
739773;18/12/2025;quinta-feira;11:30:00;PR;277;43,9;MORRETES;Ausência de reação do condutor;Colisão traseira;Sem Vítimas;Pleno dia;Decrescente;Nublado;Dupla;"Declive;Curva";Não;4;0;0;0;3;2;0;5;-25,593;-48,89;SPRF-PR;DEL01-PR;UOP05-DEL01-PR
739969;19/12/2025;sexta-feira;09:30:00;RS;386;389;TRIUNFO;Acessar a via sem observar a presença dos outros veículos;Colisão lateral mesmo sentido;Com Vítimas Feridas;Pleno dia;Decrescente;Céu Claro;Simples;"Curva;Declive";Sim;4;0;1;1;1;1;2;3;-29,70216348;-51,68391855;SPRF-RS;DEL04-RS;UOP02-DEL04-RS
740623;21/12/2025;domingo;14:10:00;SC;282;623,9;IRACEMINHA;Afundamento ou ondulação no pavimento;Colisão traseira;Sem Vítimas;Pleno dia;Decrescente;Nublado;Simples;"Aclive;Curva";Não;3;0;0;0;2;1;0;3;-26,79819109;-53,3412391;SPRF-SC;DEL07-SC;UOP02-DEL07-SC
740738;22/12/2025;segunda-feira;03:30:00;RJ;101;409;ITAGUAI;Velocidade Incompatível;Colisão traseira;Com Vítimas Feridas;Plena Noite;Decrescente;Céu Claro;Dupla;Reta;Não;4;0;1;0;2;1;1;3;-22,893353;-43,844388;SPRF-RJ;DEL03-RJ;UOP01-DEL03-RJ
740853;22/12/2025;segunda-feira;11:10:00;ES;262;84;DOMINGOS MARTINS;Pista Escorregadia;Queda de ocupante de veículo;Com Vítimas Feridas;Pleno dia;Decrescente;Garoa/Chuvisco;Simples;"Reta;Declive";Não;2;0;1;0;0;1;1;2;-20,40438433;-40,97343731;SPRF-ES;DEL01-ES;UOP02-DEL01-ES
740950;22/12/2025;segunda-feira;20:52:00;PR;116;126,9;FAZENDA RIO GRANDE;Carga excessiva e/ou mal acondicionada;Colisão lateral mesmo sentido;Com Vítimas Feridas;Plena Noite;Crescente;Nublado;Dupla;Reta;Sim;3;0;0;1;1;1;1;3;-25,646;-49,313;SPRF-PR;DEL01-PR;UOP03-DEL01-PR
741218;24/12/2025;quarta-feira;00:00:00;SP;116;228,6;SAO PAULO;Velocidade Incompatível;Colisão traseira;Com Vítimas Feridas;Plena Noite;Decrescente;Céu Claro;Múltipla;Reta;Sim;3;0;0;1;1;1;1;3;-23,50967013;-46,57242965;SPRF-SP;DEL01-SP;UOP01-DEL01-SP
741800;26/12/2025;sexta-feira;18:30:00;PR;376;75,7;GUAIRACA;Acessar a via sem observar a presença dos outros veículos;Colisão transversal;Com Vítimas Feridas;Anoitecer;Crescente;Nublado;Simples;Rotatória;Sim;4;0;2;0;1;1;2;3;-22,954174;-52,70154174;SPRF-PR;DEL09-PR;UOP02-DEL09-PR
741939;27/12/2025;sábado;12:00:00;MG;116;814,2;ALEM PARAIBA;Acessar a via sem observar a presença dos outros veículos;Colisão lateral mesmo sentido;Com Vítimas Feridas;Pleno dia;Crescente;Sol;Simples;"Reta;Interseção de Vias";Não;8;0;1;0;6;1;1;3;-21,85892973;-42,66265869;SPRF-MG;DEL07-MG;UOP01-DEL07-MG
741999;27/12/2025;sábado;17:30:00;PR;163;215,9;CASCAVEL;Demais falhas mecânicas ou elétricas;Colisão com objeto;Com Vítimas Feridas;Pleno dia;Decrescente;Céu Claro;Dupla;"Aclive;Reta";Não;7;0;1;0;5;1;1;3;-24,8781432;-53,5616381;SPRF-PR;DEL04-PR;UOP01-DEL04-PR