id;data_inversa;dia_semana;horario;uf;br;km;municipio;causa_acidente;tipo_acidente;classificacao_acidente;fase_dia;sentido_via;condicao_metereologica;tipo_pista;tracado_via;uso_solo;pessoas;mortos;feridos_leves;feridos_graves;ilesos;ignorados;feridos;veiculos;latitude;longitude;regional;delegacia;uop
652674;01/01/2025;quarta-feira;17:30:00;RJ;116;270;VOLTA REDONDA;Reação tardia ou ineficiente do condutor;Colisão com objeto;Com Vítimas Feridas;Pleno dia;Crescente;Sol;Múltipla;Reta;Não;8;0;3;0;5;0;3;4;-22,56923335;-44,12024318;SPRF-RJ;DEL07-RJ;UOP02-DEL07-RJ
652676;01/01/2025;quarta-feira;23:00:00;RJ;40;123,8;DUQUE DE CAXIAS;Reação tardia ou ineficiente do condutor;Colisão lateral mesmo sentido;Com Vítimas Feridas;Plena Noite;Decrescente;Céu Claro;Múltipla;Reta;Sim;3;0;3;0;0;0;3;2;-22,79907687;-43,29015739;SPRF-RJ;DEL01-RJ;UOP02-DEL01-RJ
652677;01/01/2025;quarta-feira;17:00:00;PI;316;336,5;GEMINIANO;Manobra de mudança de faixa;Colisão lateral sentido oposto;Com Vítimas Feridas;Pleno dia;Crescente;Céu Claro;Simples;Reta;Não;2;0;1;0;1;0;1;2;-7,10961002;-41,245025;SPRF-PI;DEL04-PI;UOP01-DEL04-PI
652678;01/01/2025;quarta-feira;22:48:00;MS;262;265,5;RIBAS DO RIO PARDO;Animais na Pista;Atropelamento de Animal;Com Vítimas Fatais;Plena Noite;Decrescente;Céu Claro;Simples;Reta;Não;1;1;0;0;0;0;0;1;-20,4299829;-53,97832505;SPRF-MS;DEL01-MS;UOP05-DEL01-MS
652679;02/01/2025;quinta-feira;00:30:00;PR;277;64;SAO JOSE DOS PINHAIS;Velocidade Incompatível;Saída de leito carroçável;Sem Vítimas;Plena Noite;Crescente;Nublado;Dupla;Reta;Não;1;0;0;0;0;1;0;1;-25,55703867;-49,02612685;SPRF-PR;DEL01-PR;UOP01-DEL01-PR
652680;01/01/2025;quarta-feira;23:40:00;SC;480;125,5;CHAPECO;Ausência de reação do condutor;Saída de leito carroçável;Com Vítimas Feridas;Plena Noite;Decrescente;Chuva;Múltipla;"Aclive;Reta";Não;1;0;1;0;0;0;1;1;-27,01410583;-52,63789058;SPRF-SC;DEL07-SC;UOP01-DEL07-SC
652681;02/01/2025;quinta-feira;01:30:00;PR;153;204;TIBAGI;Reação tardia ou ineficiente do condutor;Saída de leito carroçável;Com Vítimas Feridas;Plena Noite;Crescente;Céu Claro;Simples;"Interseção de Vias;Rotatória";Não;4;0;4;0;0;0;4;1;-24,49947212;-50,44548845;SPRF-PR;DEL03-PR;UOP02-DEL03-PR
652682;02/01/2025;quinta-feira;02:30:00;SC;101;124;ITAJAI;Deficiência do Sistema de Iluminação/Sinalização;Colisão traseira;Com Vítimas Feridas;Plena Noite;Decrescente;Nublado;Dupla;Reta;Não;2;0;1;0;0;1;1;2;-26,94335064;-48,69198648;SPRF-SC;DEL04-SC;UOP04-DEL04-SC
652683;02/01/2025;quinta-feira;03:50:00;PI;316;314;PICOS;Conversão proibida;Colisão transversal;Com Vítimas Feridas;Plena Noite;Crescente;Céu Claro;Simples;"Interseção de Vias;Reta";Sim;3;0;1;1;0;1;2;2;-7,07938614;-41,43321991;SPRF-PI;DEL04-PI;UOP01-DEL04-PI
652684;02/01/2025;quinta-feira;04:30:00;MG;262;37,5;MANHUACU;Ausência de reação do condutor;Saída de leito carroçável;Sem Vítimas;Amanhecer;Crescente;Céu Claro;Simples;Reta;Sim;2;0;0;0;2;0;0;1;-20,25748975;-42,03048732;SPRF-MG;DEL06-MG;UOP03-DEL06-MG
652685;02/01/2025;quinta-feira;05:15:00;RS;470;217;BENTO GONCALVES;Reação tardia ou ineficiente do condutor;Colisão com objeto;Com Vítimas Feridas;Pleno dia;Decrescente;Nublado;Dupla;"Aclive;Curva;Interseção de Vias;Rotatória";Sim;2;0;1;0;1;0;1;1;-29,16462512;-51,52551964;SPRF-RS;DEL06-RS;UOP01-DEL06-RS
652686;02/01/2025;quinta-feira;04:30:00;BA;116;403,9;FEIRA DE SANTANA;Animais na Pista;Atropelamento de Animal;Sem Vítimas;Plena Noite;Crescente;Céu Claro;Dupla;Reta;Não;4;0;0;0;4;0;0;2;-12,06301657;-38,96984811;SPRF-BA;DEL02-BA;UOP01-DEL02-BA
652688;01/01/2025;quarta-feira;22:25:00;MT;70;499,6;CUIABA;Conversão proibida;Colisão lateral mesmo sentido;Com Vítimas Feridas;Plena Noite;Decrescente;Nublado;Simples;Reta;Não;3;0;1;1;0;1;2;2;-15,67966827;-56,01505637;SPRF-MT;DEL01-MT;UOP02-DEL01-MT
652689;02/01/2025;quinta-feira;06:17:00;SC;101;197;SAO JOSE;Acessar a via sem observar a presença dos outros veículos;Colisão lateral mesmo sentido;Com Vítimas Feridas;Pleno dia;Crescente;Céu Claro;Simples;Reta;Sim;2;0;1;0;1;0;1;2;-27,51844497;-48,63848496;SPRF-SC;DEL01-SC;UOP01-DEL01-SC
652692;02/01/2025;quinta-feira;06:54:00;ES;101;51,4;SAO MATEUS;Ausência de reação do condutor;Saída de leito carroçável;Com Vítimas Feridas;Pleno dia;Crescente;Céu Claro;Simples;Reta;Não;2;0;1;0;1;0;1;1;-18,59458104;-39,88970815;SPRF-ES;DEL04-ES;UOP02-DEL04-ES
652693;02/01/2025;quinta-feira;06:35:00;RJ;101;329;RIO DE JANEIRO;Reação tardia ou ineficiente do condutor;Colisão traseira;Com Vítimas Feridas;Pleno dia;Crescente;Céu Claro;Dupla;"Ponte;Declive;Reta";Não;2;0;1;0;0;1;1;2;-22,86939305;-43,175642;SPRF-RJ;DEL02-RJ;UOP01-DEL02-RJ
652694;02/01/2025;quinta-feira;07:00:00;BA;324;609;SIMOES FILHO;Ausência de reação do condutor;Colisão traseira;Sem Vítimas;Pleno dia;Crescente;Céu Claro;Dupla;Reta;Sim;1;0;0;0;1;0;0;1;-12,82066;-38,40798;SPRF-BA;DEL01-BA;UOP01-DEL01-BA
652695;02/01/2025;quinta-feira;07:05:00;PE;101;69;RECIFE;Reação tardia ou ineficiente do condutor;Queda de ocupante de veículo;Com Vítimas Feridas;Pleno dia;Crescente;Céu Claro;Múltipla;Reta;Não;1;0;0;1;0;0;1;1;-8,05951606;-34,94581024;SPRF-PE;DEL01-PE;UOP01-DEL01-PE
652696;02/01/2025;quinta-feira;07:00:00;MG;50;52;ARAGUARI;Reação tardia ou ineficiente do condutor;Colisão com objeto;Com Vítimas Feridas;Pleno dia;Decrescente;Céu Claro;Dupla;Reta;Não;1;0;1;0;0;0;1;1;-18,75140135;-48,2369687;SPRF-MG;DEL15-MG;UOP02-DEL15-MG
652697;02/01/2025;quinta-feira;07:40:00;ES;101;163;LINHARES;Acessar a via sem observar a presença dos outros veículos;Colisão transversal;Com Vítimas Feridas;Pleno dia;Crescente;Nublado;Simples;Interseção de Vias;Não;2;0;1;0;1;0;1;2;-19,49806194;-40,13058524;SPRF-ES;DEL04-ES;UOP01-DEL04-ES
652698;02/01/2025;quinta-feira;06:55:00;RN;304;41;MOSSORO;Acessar a via sem observar a presença dos outros veículos;Colisão lateral mesmo sentido;Com Vítimas Feridas;Pleno dia;Decrescente;Céu Claro;Dupla;Retorno Regulamentado;Sim;3;0;0;2;1;0;2;2;-5,20483515;-37,37615746;SPRF-RN;DEL04-RN;UOP01-DEL04-RN
652700;02/01/2025;quinta-feira;07:00:00;RJ;101;53;CAMPOS DOS GOYTACAZES;Demais falhas mecânicas ou elétricas;Tombamento;Com Vítimas Feridas;Pleno dia;Crescente;Céu Claro;Simples;Reta;Não;2;0;2;0;0;0;2;1;-21,64578107;-41,31151199;SPRF-RJ;DEL08-RJ;UOP01-DEL08-RJ
652702;02/01/2025;quinta-feira;06:40:00;PE;407;110;PETROLINA;Reação tardia ou ineficiente do condutor;Colisão transversal;Com Vítimas Feridas;Pleno dia;Crescente;Céu Claro;Simples;Reta;Sim;2;0;1;0;1;0;1;2;-9,25998286;-40,60533876;SPRF-PE;DEL06-PE;UOP01-DEL06-PE
652704;02/01/2025;quinta-feira;06:40:00;RJ;116;285;BARRA MANSA;Demais falhas mecânicas ou elétricas;Incêndio;Sem Vítimas;Pleno dia;Decrescente;Céu Claro;Dupla;Reta;Sim;1;0;0;0;1;0;0;1;-22,50496778;-44,22509483;SPRF-RJ;DEL07-RJ;UOP02-DEL07-RJ
652705;02/01/2025;quinta-feira;07:50:00;GO;40;2,9;VALPARAISO DE GOIAS;Acessar a via sem observar a presença dos outros veículos;Colisão transversal;Com Vítimas Feridas;Pleno dia;Crescente;Céu Claro;Dupla;Reta;Sim;2;0;1;0;1;0;1;2;-16,067129;-47,984235;SPRF-DF;DEL01-DF;UOP01-DEL01-DF
652707;02/01/2025;quinta-feira;06:00:00;RN;304;192;LAJES;Acessar a via sem observar a presença dos outros veículos;Colisão transversal;Com Vítimas Feridas;Amanhecer;Crescente;Céu Claro;Simples;Reta;Sim;5;0;3;0;2;0;3;2;-5,70618096;-36,22696638;SPRF-RN;DEL01-RN;UOP03-DEL01-RN
652709;02/01/2025;quinta-feira;06:30:00;AL;101;243,2;PORTO REAL DO COLEGIO;Ausência de reação do condutor;Saída de leito carroçável;Com Vítimas Fatais;Amanhecer;Crescente;Céu Claro;Dupla;Reta;Não;6;1;0;4;0;1;4;2;-10,1677149;-36,82012712;SPRF-AL;DEL02-AL;UOP02-DEL02-AL
652710;02/01/2025;quinta-feira;05:30:00;MG;251;457;GRAO MOGOL;Reação tardia ou ineficiente do condutor;Saída de leito carroçável;Com Vítimas Feridas;Pleno dia;Crescente;Chuva;Simples;Curva;Não;4;0;4;0;0;0;4;1;-16,41138662;-43,37539673;SPRF-MG;DEL12-MG;UOP01-DEL12-MG
652711;02/01/2025;quinta-feira;08:15:00;RS;153;403;CACHOEIRA DO SUL;Condutor deixou de manter distância do veículo da frente;Colisão traseira;Com Vítimas Feridas;Pleno dia;Crescente;Céu Claro;Dupla;Reta;Sim;2;0;1;0;1;0;1;2;-30,03550492;-52,91456559;SPRF-RS;DEL02-RS;UOP03-DEL02-RS
652712;02/01/2025;quinta-feira;08:30:00;RJ;101;488;ANGRA DOS REIS;Acessar a via sem observar a presença dos outros veículos;Colisão transversal;Com Vítimas Feridas;Pleno dia;Decrescente;Céu Claro;Simples;Reta;Sim;2;0;1;0;1;0;1;2;-22,95658892;-44,30116385;SPRF-RJ;DEL03-RJ;UOP03-DEL03-RJ
652715;02/01/2025;quinta-feira;08:35:00;PI;343;13,6;PARNAIBA;Acessar a via sem observar a presença dos outros veículos;Colisão transversal;Com Vítimas Feridas;Pleno dia;Crescente;Sol;Simples;Reta;Sim;3;0;1;0;2;0;1;2;-2,919029;-41,754124;SPRF-PI;DEL05-PI;UOP01-DEL05-PI
652716;02/01/2025;quinta-feira;09:00:00;MG;381;484;BETIM;Ausência de reação do condutor;Engavetamento;Com Vítimas Feridas;Pleno dia;Decrescente;Céu Claro;Dupla;"Reta;Aclive";Sim;4;0;3;0;0;1;3;4;-19,9596244;-44,087641;SPRF-MG;DEL01-MG;UOP03-DEL01-MG
652717;02/01/2025;quinta-feira;09:15:00;SC;101;128;BALNEARIO CAMBORIU;Trafegar com motocicleta (ou similar) entre as faixas;Colisão traseira;Com Vítimas Feridas;Pleno dia;Decrescente;Sol;Dupla;Reta;Não;2;0;1;0;1;0;1;2;-26,97284292;-48,68299451;SPRF-SC;DEL04-SC;UOP04-DEL04-SC
652718;02/01/2025;quinta-feira;07:50:00;CE;304;47,7;ARACATI;Acessar a via sem observar a presença dos outros veículos;Colisão transversal;Com Vítimas Feridas;Pleno dia;Crescente;Sol;Simples;Retorno Regulamentado;Sim;3;0;0;1;2;0;1;2;-4,57573881;-37,78945494;SPRF-CE;DEL03-CE;UOP02-DEL03-CE
652721;02/01/2025;quinta-feira;07:30:00;MT;163;1082;GUARANTA DO NORTE;Velocidade Incompatível;Saída de leito carroçável;Com Vítimas Feridas;Pleno dia;Decrescente;Chuva;Simples;Curva;Não;1;0;1;0;0;0;1;1;-9,9350228;-54,9038086;SPRF-MT;DEL06-MT;UOP03-DEL06-MT
652722;02/01/2025;quinta-feira;09:10:00;PR;163;82;PLANALTO;Pedestre cruzava a pista fora da faixa;Atropelamento de Pedestre;Com Vítimas Feridas;Pleno dia;Decrescente;Céu Claro;Simples;"Interseção de Vias;Reta";Sim;2;0;1;0;1;0;1;2;-25,73774102;-53,80206511;SPRF-PR;DEL02-PR;UOP02-DEL02-PR
652723;02/01/2025;quinta-feira;07:10:00;RJ;40;105;DUQUE DE CAXIAS;Reação tardia ou ineficiente do condutor;Colisão traseira;Com Vítimas Feridas;Pleno dia;Decrescente;Nublado;Simples;"Interseção de Vias;Reta;Aclive";Sim;2;0;1;0;1;0;1;2;-22,63784806;-43,28428824;SPRF-RJ;DEL01-RJ;UOP02-DEL01-RJ
652724;02/01/2025;quinta-feira;00:00:00;PR;376;112;PARANAVAI;Ausência de reação do condutor;Colisão com objeto;Sem Vítimas;Plena Noite;Crescente;Céu Claro;Dupla;Reta;Não;1;0;0;0;0;1;0;1;-23,09343108;-52,38419702;SPRF-PR;DEL09-PR;UOP02-DEL09-PR
652725;02/01/2025;quinta-feira;09:10:00;SP;116;227;GUARULHOS;Estacionar ou parar em local proibido;Colisão traseira;Com Vítimas Feridas;Pleno dia;Decrescente;Sol;Dupla;Reta;Sim;2;0;1;0;1;0;1;2;-23,49659264;-46,55648754;SPRF-SP;DEL01-SP;UOP01-DEL01-SP
652726;02/01/2025;quinta-feira;09:30:00;RJ;493;103;SEROPEDICA;Avarias e/ou desgaste excessivo no pneu;Queda de ocupante de veículo;Com Vítimas Feridas;Pleno dia;Decrescente;Céu Claro;Dupla;Reta;Não;2;0;2;0;0;0;2;1;-22,768291;-43,73893;SPRF-RJ;DEL01-RJ;UOP03-DEL01-RJ
652727;02/01/2025;quinta-feira;07:20:00;GO;50;248,6;CATALAO;Demais falhas mecânicas ou elétricas;Incêndio;Sem Vítimas;Pleno dia;Crescente;Céu Claro;Dupla;Reta;Não;1;0;0;0;1;0;0;1;-17,9522;-47,7883;SPRF-GO;DEL06-GO;UOP01-DEL06-GO
652728;02/01/2025;quinta-feira;09:00:00;PR;163;273;QUATRO PONTES;Condutor Dormindo;Saída de leito carroçável;Com Vítimas Feridas;Pleno dia;Crescente;Céu Claro;Dupla;"Curva;Declive";Não;2;0;1;0;1;0;1;1;-24,61478139;-53,93524012;SPRF-PR;DEL06-PR;UOP02-DEL06-PR
652730;02/01/2025;quinta-feira;09:50:00;PB;230;25;JOAO PESSOA;Ausência de reação do condutor;Colisão traseira;Com Vítimas Feridas;Pleno dia;Decrescente;Céu Claro;Dupla;Reta;Sim;2;0;1;0;1;0;1;2;-7,1707;-34,8684;SPRF-PB;DEL01-PB;UOP01-DEL01-PB
652731;02/01/2025;quinta-feira;09:10:00;PI;316;415;MARCOLANDIA;Ingestão de álcool pelo condutor;Saída de leito carroçável;Com Vítimas Feridas;Pleno dia;Decrescente;Céu Claro;Simples;Reta;Sim;2;0;2;0;0;0;2;1;-7,43280012;-40,68261908;SPRF-PI;DEL04-PI;UOP03-DEL04-PI
652733;02/01/2025;quinta-feira;09:15:00;MS;262;328;CAMPO GRANDE;Acessar a via sem observar a presença dos outros veículos;Colisão transversal;Com Vítimas Feridas;Pleno dia;Decrescente;Céu Claro;Múltipla;"Interseção de Vias;Reta";Sim;4;0;1;0;3;0;1;2;-20,46452794;-54,55291421;SPRF-MS;DEL01-MS;UOP01-DEL01-MS
652735;02/01/2025;quinta-feira;09:53:00;SC;101;31;JOINVILLE;Condutor deixou de manter distância do veículo da frente;Colisão traseira;Sem Vítimas;Pleno dia;Decrescente;Céu Claro;Dupla;Reta;Não;7;0;0;0;7;0;0;2;-26,22195899;-48,91634925;SPRF-SC;DEL03-SC;UOP01-DEL03-SC
652737;02/01/2025;quinta-feira;07:50:00;SC;282;606,9;MARAVILHA;Acessar a via sem observar a presença dos outros veículos;Colisão transversal;Com Vítimas Feridas;Pleno dia;Crescente;Chuva;Simples;Reta;Sim;2;0;1;0;1;0;1;2;-26,778643;-53,198692;SPRF-SC;DEL07-SC;UOP02-DEL07-SC
652738;02/01/2025;quinta-feira;10:10:00;SC;101;1,9;BIGUACU;Reação tardia ou ineficiente do condutor;Colisão transversal;Com Vítimas Feridas;Pleno dia;Crescente;Céu Claro;Dupla;Reta;Não;4;0;1;0;3;0;1;2;-27,4946;-48,6561;SPRF-SC;DEL01-SC;UOP01-DEL01-SC
652740;02/01/2025;quinta-feira;09:10:00;MT;364;189;RONDONOPOLIS;Ausência de reação do condutor;Queda de ocupante de veículo;Com Vítimas Feridas;Pleno dia;Decrescente;Céu Claro;Simples;Reta;Não;1;0;1;0;0;0;1;1;-16,55814995;-54,56173598;SPRF-MT;DEL02-MT;UOP01-DEL02-MT
652741;02/01/2025;quinta-feira;10:30:00;SC;282;49,7;AGUAS MORNAS;Velocidade Incompatível;Colisão lateral sentido oposto;Com Vítimas Feridas;Pleno dia;Decrescente;Chuva;Simples;"Curva;Declive";Não;2;0;1;0;1;0;1;2;-27,708536;-48,952251;SPRF-SC;DEL01-SC;UOP03-DEL01-SC
652742;02/01/2025;quinta-feira;09:55:00;SC;282;279;SAO JOSE DO CERRITO;Acessar a via sem observar a presença dos outros veículos;Colisão transversal;Com Vítimas Feridas;Pleno dia;Crescente;Céu Claro;Simples;Reta;Não;2;0;1;0;1;0;1;2;-27,584951;-50,744953;SPRF-SC;DEL05-SC;UOP02-DEL05-SC
652743;02/01/2025;quinta-feira;10:05:00;GO;60;325;ACREUNA;Ausência de reação do condutor;Saída de leito carroçável;Com Vítimas Feridas;Pleno dia;Crescente;Nublado;Dupla;Reta;Não;2;0;1;1;0;0;2;1;-17,5204;-50,4872;SPRF-GO;DEL04-GO;UOP02-DEL04-GO
652744;02/01/2025;quinta-feira;09:50:00;SP;101;50;UBATUBA;Conversão proibida;Colisão transversal;Com Vítimas Feridas;Pleno dia;Crescente;Céu Claro;Simples;Reta;Sim;3;0;1;0;1;1;1;2;-23,45018939;-45,07743735;SPRF-SP;DEL06-SP;UOP01-DEL06-SP
652745;02/01/2025;quinta-feira;11:40:00;PR;116;1;QUATRO BARRAS;Ausência de reação do condutor;Queda de ocupante de veículo;Com Vítimas Feridas;Pleno dia;Decrescente;Céu Claro;Simples;"Curva;Retorno Regulamentado";Não;2;0;2;0;0;0;2;1;-25,3514;-49,0599;SPRF-PR;DEL01-PR;UOP02-DEL01-PR
652746;02/01/2025;quinta-feira;11:27:00;RS;290;11,1;SANTO ANTONIO DA PATRULHA;Manobra de mudança de faixa;Colisão lateral mesmo sentido;Com Vítimas Feridas;Pleno dia;Crescente;Sol;Dupla;Reta;Não;3;0;2;0;1;0;2;2;-29,882519;-50,390564;SPRF-RS;DEL03-RS;UOP01-DEL03-RS
652747;02/01/2025;quinta-feira;09:45:00;MG;262;824;UBERABA;Reação tardia ou ineficiente do condutor;Capotamento;Com Vítimas Feridas;Pleno dia;Decrescente;Céu Claro;Dupla;Reta;Não;4;0;4;0;0;0;4;1;-19,75559016;-48,15903004;SPRF-MG;DEL13-MG;UOP01-DEL13-MG
652748;02/01/2025;quinta-feira;11:10:00;GO;60;444;JATAI;Reação tardia ou ineficiente do condutor;Saída de leito carroçável;Com Vítimas Feridas;Pleno dia;Decrescente;Chuva;Dupla;Reta;Não;5;0;4;0;1;0;4;1;-17,8449;-51,4691;SPRF-GO;DEL05-GO;UOP01-DEL05-GO
652751;02/01/2025;quinta-feira;09:20:00;RJ;393;229;VASSOURAS;Ausência de reação do condutor;Colisão frontal;Com Vítimas Feridas;Pleno dia;Crescente;Céu Claro;Simples;Curva;Sim;2;0;0;1;1;0;1;2;-22,35662374;-43,59317007;SPRF-RJ;DEL05-RJ;UOP03-DEL05-RJ
652752;02/01/2025;quinta-feira;12:05:00;RJ;101;429;MANGARATIBA;Ultrapassagem Indevida;Colisão lateral mesmo sentido;Com Vítimas Feridas;Pleno dia;Decrescente;Céu Claro;Simples;Reta;Não;2;0;2;0;0;0;2;1;-22,935335;-44,0004;SPRF-RJ;DEL03-RJ;UOP02-DEL03-RJ
652753;02/01/2025;quinta-feira;11:45:00;SC;282;30;SANTO AMARO DA IMPERATRIZ;Velocidade Incompatível;Colisão transversal;Com Vítimas Feridas;Pleno dia;Crescente;Chuva;Simples;"Aclive;Curva";Não;6;0;3;0;3;0;3;3;-27,687376;-48,79071;SPRF-SC;DEL01-SC;UOP03-DEL01-SC
652755;02/01/2025;quinta-feira;10:45:00;SC;282;413,7;CATANDUVAS;Transitar na contramão;Colisão frontal;Com Vítimas Feridas;Pleno dia;Crescente;Garoa/Chuvisco;Simples;Curva;Não;14;0;3;1;10;0;4;3;-27,055775;-51,688843;SPRF-SC;DEL07-SC;UOP05-DEL07-SC
652756;02/01/2025;quinta-feira;11:35:00;PE;101;72,2;RECIFE;Manobra de mudança de faixa;Colisão lateral mesmo sentido;Com Vítimas Feridas;Pleno dia;Decrescente;Nublado;Dupla;Reta;Sim;2;0;1;0;1;0;1;2;-8,08493106;-34,9450639;SPRF-PE;DEL01-PE;UOP01-DEL01-PE
652757;02/01/2025;quinta-feira;12:50:00;RJ;101;548,5;PARATY;Velocidade Incompatível;Colisão traseira;Com Vítimas Feridas;Pleno dia;Decrescente;Céu Claro;Simples;Reta;Não;4;0;1;0;3;0;1;3;-23,04505073;-44,64600895;SPRF-RJ;DEL03-RJ;UOP04-DEL03-RJ
652759;02/01/2025;quinta-feira;10:10:00;PR;277;288;PRUDENTOPOLIS;Ultrapassagem Indevida;Colisão traseira;Com Vítimas Feridas;Pleno dia;Crescente;Céu Claro;Simples;Reta;Não;2;0;1;0;0;1;1;2;-25,32270428;-50,9854861;SPRF-PR;DEL08-PR;UOP02-DEL08-PR
652763;02/01/2025;quinta-feira;11:55:00;PR;277;524,8;GUARANIACU;Objeto estático sobre o leito carroçável;Tombamento;Com Vítimas Feridas;Pleno dia;Decrescente;Céu Claro;Simples;"Reta;Aclive";Não;1;0;0;1;0;0;1;1;-25,09489849;-52,9138399;SPRF-PR;DEL04-PR;UOP04-DEL04-PR
652764;02/01/2025;quinta-feira;11:05:00;MG;381;245;SANTANA DO PARAISO;Acessar a via sem observar a presença dos outros veículos;Colisão transversal;Com Vítimas Feridas;Pleno dia;Decrescente;Chuva;Simples;"Aclive;Reta";Não;7;0;1;0;6;0;1;2;-19,45135074;-42,51844723;SPRF-MG;DEL06-MG;UOP01-DEL06-MG
652765;02/01/2025;quinta-feira;13:00:00;PA;230;666,6;ALTAMIRA;Ingestão de álcool pelo condutor;Saída de leito carroçável;Com Vítimas Feridas;Pleno dia;Crescente;Céu Claro;Simples;"Declive;Reta";Não;1;0;0;1;0;0;1;1;-3,25634605;-52,35353196;SPRF-PA;DEL04-PA;UOP01-DEL04-PA
652766;02/01/2025;quinta-feira;09:00:00;RJ;101;282;ITABORAI;Ausência de reação do condutor;Tombamento;Com Vítimas Feridas;Pleno dia;Decrescente;Céu Claro;Dupla;"Retorno Regulamentado;Curva";Sim;1;0;1;0;0;0;1;1;-22,7371391;-42,79664601;SPRF-RJ;DEL02-RJ;UOP02-DEL02-RJ
652767;02/01/2025;quinta-feira;13:30:00;SP;101;50;UBATUBA;Acessar a via sem observar a presença dos outros veículos;Colisão transversal;Com Vítimas Feridas;Pleno dia;Crescente;Céu Claro;Simples;"Reta;Interseção de Vias";Sim;3;0;1;0;2;0;1;2;-23,45018939;-45,07743735;SPRF-SP;DEL06-SP;UOP01-DEL06-SP
652768;02/01/2025;quinta-feira;12:20:00;SC;470;119;IBIRAMA;Ultrapassagem Indevida;Colisão frontal;Com Vítimas Feridas;Pleno dia;Crescente;Céu Claro;Simples;Curva;Não;4;0;1;1;1;1;2;3;-27,081554;-49,520206;SPRF-SC;DEL04-SC;UOP02-DEL04-SC
652769;02/01/2025;quinta-feira;12:50:00;SP;116;102,5;PINDAMONHANGABA;Ausência de reação do condutor;Engavetamento;Com Vítimas Feridas;Pleno dia;Crescente;Sol;Dupla;"Reta;Declive";Sim;3;0;1;0;2;0;1;3;-22,99497994;-45,48951403;SPRF-SP;DEL08-SP;UOP01-DEL08-SP
652771;02/01/2025;quinta-feira;13:50:00;PR;277;3,5;PARANAGUA;Acumulo de óleo sobre o pavimento;Tombamento;Com Vítimas Feridas;Pleno dia;Crescente;Sol;Dupla;Rotatória;Sim;1;0;1;0;0;0;1;1;-25,5406175;-48,5360228;SPRF-PR;DEL01-PR;UOP05-DEL01-PR
652772;02/01/2025;quinta-feira;11:00:00;PA;10;337;SANTA MARIA DO PARA;Ultrapassagem Indevida;Colisão frontal;Com Vítimas Feridas;Pleno dia;Decrescente;Céu Claro;Simples;Reta;Não;5;0;5;0;0;0;5;2;-1,49330205;-47,5266692;SPRF-PA;DEL01-PA;UOP02-DEL01-PA
652773;02/01/2025;quinta-feira;13:45:00;SP;116;100,5;PINDAMONHANGABA;Frear bruscamente;Colisão traseira;Sem Vítimas;Pleno dia;Crescente;Sol;Dupla;"Aclive;Reta";Não;4;0;0;0;4;0;0;4;-22,986552;-45,47276;SPRF-SP;DEL08-SP;UOP01-DEL08-SP
652774;02/01/2025;quinta-feira;13:30:00;PR;376;3,5;SAO JOSE DOS PINHAIS;Reação tardia ou ineficiente do condutor;Colisão transversal;Com Vítimas Feridas;Pleno dia;Crescente;Céu Claro;Dupla;Reta;Sim;2;0;1;0;1;0;1;2;-25,5307;-49,1958;SPRF-PR;DEL01-PR;UOP04-DEL01-PR
652775;02/01/2025;quinta-feira;13:40:00;RS;472;124,8;TRES DE MAIO;Acesso irregular;Colisão transversal;Com Vítimas Feridas;Pleno dia;Crescente;Céu Claro;Simples;"Aclive;Curva";Não;3;0;2;0;1;0;2;2;-27,70969697;-54,17204205;SPRF-RS;DEL10-RS;UOP01-DEL10-RS
652776;02/01/2025;quinta-feira;13:00:00;SP;116;278;EMBU DAS ARTES;Ausência de reação do condutor;Colisão lateral mesmo sentido;Com Vítimas Feridas;Pleno dia;Decrescente;Céu Claro;Múltipla;"Aclive;Viaduto;Reta";Não;2;0;1;0;0;1;1;2;-23,65508497;-46,84918605;SPRF-SP;DEL04-SP;UOP01-DEL04-SP
652777;02/01/2025;quinta-feira;15:00:00;SC;101;350;JAGUARUNA;Velocidade Incompatível;Saída de leito carroçável;Com Vítimas Feridas;Pleno dia;Crescente;Céu Claro;Múltipla;Reta;Sim;1;0;1;0;0;0;1;1;-28,58988203;-49,04517307;SPRF-SC;DEL02-SC;UOP01-DEL02-SC
652779;02/01/2025;quinta-feira;12:00:00;MA;10;245;IMPERATRIZ;Acessar a via sem observar a presença dos outros veículos;Colisão transversal;Com Vítimas Feridas;Pleno dia;Decrescente;Céu Claro;Simples;Rotatória;Sim;2;0;1;0;0;1;1;2;-5,588685;-47,433857;SPRF-MA;DEL04-MA;UOP01-DEL04-MA
652782;02/01/2025;quinta-feira;16:05:00;PB;230;20,2;JOAO PESSOA;Ingestão de álcool pelo condutor;Colisão traseira;Com Vítimas Feridas;Pleno dia;Crescente;Céu Claro;Dupla;Curva;Não;2;0;1;0;1;0;1;2;-7,13917605;-34,8526454;SPRF-PB;DEL01-PB;UOP01-DEL01-PB
652783;02/01/2025;quinta-feira;15:50:00;SC;101;149;ITAPEMA;Condutor deixou de manter distância do veículo da frente;Colisão lateral mesmo sentido;Com Vítimas Feridas;Pleno dia;Decrescente;Céu Claro;Múltipla;Reta;Sim;4;0;3;0;1;0;3;3;-27,1089649;-48,61277586;SPRF-SC;DEL04-SC;UOP03-DEL04-SC