id;data_inversa;dia_semana;horario;uf;br;km;municipio;causa_acidente;tipo_acidente;classificacao_acidente;fase_dia;sentido_via;condicao_metereologica;tipo_pista;tracado_via;uso_solo;pessoas;mortos;feridos_leves;feridos_graves;ilesos;ignorados;feridos;veiculos;latitude;longitude;regional;delegacia;uop
652901;03/01/2025;sexta-feira;08:58:00;PB;230;56,4;CRUZ DO ESPIRITO SANTO;Demais falhas mecânicas ou elétricas;Tombamento;Com Vítimas Feridas;Pleno dia;Decrescente;Céu Claro;Dupla;Reta;Não;2;0;1;1;0;0;2;1;-7,2021;-35,1038;SPRF-PB;DEL01-PB;UOP02-DEL01-PB
652902;03/01/2025;sexta-feira;08:30:00;RJ;101;93;CAMPOS DOS GOYTACAZES;Ausência de reação do condutor;Saída de leito carroçável;Com Vítimas Feridas;Amanhecer;Decrescente;Chuva;Dupla;Reta;Não;4;0;1;0;3;0;1;1;-21,82626899;-41,49641201;SPRF-RJ;DEL08-RJ;UOP02-DEL08-RJ
652903;03/01/2025;sexta-feira;08:35:00;MG;40;782,9;JUIZ DE FORA;Condutor Dormindo;Colisão com objeto;Com Vítimas Feridas;Pleno dia;Crescente;Nublado;Dupla;"Aclive;Reta";Não;2;0;2;0;0;0;2;1;-21,69593719;-43,44982474;SPRF-MG;DEL05-MG;UOP01-DEL05-MG
652904;03/01/2025;sexta-feira;08:00:00;SP;381;86,6;GUARULHOS;Demais falhas mecânicas ou elétricas;Queda de ocupante de veículo;Com Vítimas Feridas;Pleno dia;Crescente;Céu Claro;Múltipla;Reta;Sim;2;0;1;0;1;0;1;1;-23,45930499;-46,57161179;SPRF-SP;DEL03-SP;UOP01-DEL03-SP
652905;03/01/2025;sexta-feira;09:15:00;RJ;493;52;DUQUE DE CAXIAS;Demais falhas mecânicas ou elétricas;Queda de ocupante de veículo;Com Vítimas Feridas;Pleno dia;Crescente;Céu Claro;Dupla;Reta;Não;2;0;1;1;0;0;2;1;-22,672089;-43,285053;SPRF-RJ;DEL01-RJ;UOP03-DEL01-RJ
652907;03/01/2025;sexta-feira;09:30:00;MG;381;3;BETIM;Demais falhas mecânicas ou elétricas;Incêndio;Sem Vítimas;Pleno dia;Decrescente;Nublado;Dupla;Reta;Não;2;0;0;0;2;0;0;1;-19,96825;-44,198708;SPRF-MG;DEL01-MG;UOP03-DEL01-MG
652910;03/01/2025;sexta-feira;08:45:00;PR;116;145;MANDIRITUBA;Ausência de reação do condutor;Atropelamento de Pedestre;Com Vítimas Fatais;Pleno dia;Decrescente;Céu Claro;Simples;"Reta;Aclive";Não;3;1;0;0;1;1;0;2;-25,8127148;-49,3285196;SPRF-PR;DEL01-PR;UOP03-DEL01-PR
652912;03/01/2025;sexta-feira;10:30:00;BA;415;34;ILHEUS;Conversão proibida;Colisão transversal;Com Vítimas Feridas;Pleno dia;Crescente;Céu Claro;Múltipla;Reta;Sim;5;0;1;0;4;0;1;2;-14,8482;-39,281986;SPRF-BA;DEL05-BA;UOP01-DEL05-BA
652913;03/01/2025;sexta-feira;10:45:00;PR;369;133,3;IBIPORA;Acessar a via sem observar a presença dos outros veículos;Colisão transversal;Com Vítimas Fatais;Pleno dia;Crescente;Céu Claro;Dupla;Interseção de Vias;Não;4;1;0;0;3;0;0;2;-23,26060471;-51,01269186;SPRF-PR;DEL07-PR;UOP01-DEL07-PR
652915;03/01/2025;sexta-feira;11:05:00;BA;116;464;SANTO ESTEVAO;Animais na Pista;Colisão traseira;Com Vítimas Feridas;Pleno dia;Decrescente;Céu Claro;Dupla;Reta;Não;8;0;1;0;7;0;1;3;-12,4441144;-39,23773631;SPRF-BA;DEL02-BA;UOP01-DEL02-BA
652916;03/01/2025;sexta-feira;11:20:00;SC;101;218,4;PALHOCA;Trafegar com motocicleta (ou similar) entre as faixas;Colisão lateral mesmo sentido;Com Vítimas Feridas;Pleno dia;Crescente;Céu Claro;Dupla;Reta;Sim;3;0;2;0;1;0;2;2;-27,6758601;-48,67052525;SPRF-SC;DEL01-SC;UOP02-DEL01-SC
652917;03/01/2025;sexta-feira;09:42:00;RS;392;713,2;PORTO XAVIER;Acessar a via sem observar a presença dos outros veículos;Colisão transversal;Com Vítimas Feridas;Pleno dia;Crescente;Céu Claro;Simples;Curva;Sim;2;0;0;1;1;0;1;2;-27,97267189;-55,12920431;SPRF-RS;DEL10-RS;UOP01-DEL10-RS
652919;03/01/2025;sexta-feira;10:40:00;PE;232;5;RECIFE;Condutor deixou de manter distância do veículo da frente;Colisão traseira;Com Vítimas Feridas;Pleno dia;Decrescente;Sol;Múltipla;Reta;Sim;2;0;0;1;1;0;1;2;-8,06795766;-34,94535414;SPRF-PE;DEL01-PE;UOP01-DEL01-PE
652921;03/01/2025;sexta-feira;09:50:00;BA;110;360;CATU;Manobra de mudança de faixa;Capotamento;Com Vítimas Feridas;Pleno dia;Crescente;Céu Claro;Simples;Reta;Não;5;0;5;0;0;0;5;1;-12,36659322;-38,38801135;SPRF-BA;DEL01-BA;UOP04-DEL01-BA
652922;03/01/2025;sexta-feira;10:30:00;SC;101;142;ITAPEMA;Manobra de mudança de faixa;Colisão lateral mesmo sentido;Com Vítimas Feridas;Pleno dia;Crescente;Céu Claro;Dupla;Curva;Sim;3;0;1;0;0;2;1;3;-27,056089;-48,599449;SPRF-SC;DEL04-SC;UOP03-DEL04-SC
652924;03/01/2025;sexta-feira;11:30:00;PB;230;19;JOAO PESSOA;Ausência de reação do condutor;Colisão traseira;Com Vítimas Feridas;Pleno dia;Decrescente;Sol;Dupla;"Reta;Em Obras";Sim;3;0;2;0;1;0;2;2;-7,1281;-34,8466;SPRF-PB;DEL01-PB;UOP01-DEL01-PB
652925;03/01/2025;sexta-feira;11:20:00;SC;280;33;ARAQUARI;Ausência de reação do condutor;Queda de ocupante de veículo;Com Vítimas Feridas;Pleno dia;Decrescente;Céu Claro;Simples;Reta;Não;1;0;1;0;0;0;1;1;-26,42576441;-48,78741376;SPRF-SC;DEL03-SC;UOP03-DEL03-SC
652927;03/01/2025;sexta-feira;10:15:00;GO;153;70;PORANGATU;Desrespeitar a preferência no cruzamento;Colisão transversal;Com Vítimas Feridas;Pleno dia;Crescente;Nublado;Simples;Reta;Sim;5;0;2;0;3;0;2;2;-13,450082;-49,134861;SPRF-GO;DEL07-GO;UOP01-DEL07-GO
652929;03/01/2025;sexta-feira;09:50:00;BA;116;632;JAGUAQUARA;Ausência de reação do condutor;Colisão transversal;Com Vítimas Feridas;Pleno dia;Decrescente;Sol;Simples;"Interseção de Vias;Reta";Sim;2;0;1;0;1;0;1;2;-13,46756485;-40,03652534;SPRF-BA;DEL03-BA;UOP01-DEL03-BA
652932;03/01/2025;sexta-feira;12:40:00;PR;369;182,2;ARAPONGAS;Acessar a via sem observar a presença dos outros veículos;Colisão transversal;Com Vítimas Feridas;Pleno dia;Decrescente;Céu Claro;Simples;"Reta;Interseção de Vias";Sim;2;0;1;0;1;0;1;2;-23,38454812;-51,41923428;SPRF-PR;DEL07-PR;UOP03-DEL07-PR
652933;03/01/2025;sexta-feira;13:00:00;SC;101;196,7;BIGUACU;Reação tardia ou ineficiente do condutor;Colisão traseira;Com Vítimas Feridas;Pleno dia;Decrescente;Sol;Múltipla;"Declive;Reta";Sim;2;0;0;1;1;0;1;2;-27,51101091;-48,64322292;SPRF-SC;DEL01-SC;UOP01-DEL01-SC
652934;03/01/2025;sexta-feira;12:10:00;MG;381;919;CAMANDUCAIA;Ausência de reação do condutor;Colisão com objeto;Com Vítimas Feridas;Pleno dia;Crescente;Chuva;Dupla;Reta;Não;2;0;2;0;0;0;2;1;-22,7716591;-46,19193618;SPRF-MG;DEL16-MG;UOP03-DEL16-MG
652935;03/01/2025;sexta-feira;11:00:00;MG;116;413;GOVERNADOR VALADARES;Transitar no Acostamento;Colisão lateral mesmo sentido;Com Vítimas Feridas;Pleno dia;Crescente;Nublado;Simples;Reta;Sim;2;0;0;1;1;0;1;2;-18,88135621;-41,95887202;SPRF-MG;DEL06-MG;UOP01-DEL06-MG
652936;03/01/2025;sexta-feira;13:00:00;PE;428;186;PETROLINA;Transitar no Acostamento;Colisão traseira;Com Vítimas Feridas;Pleno dia;Crescente;Céu Claro;Dupla;Reta;Sim;2;0;1;0;1;0;1;2;-9,34807826;-40,47441248;SPRF-PE;DEL06-PE;UOP01-DEL06-PE
652939;03/01/2025;sexta-feira;13:00:00;PR;116;105;SAO JOSE DOS PINHAIS;Velocidade Incompatível;Capotamento;Sem Vítimas;Pleno dia;Crescente;Céu Claro;Dupla;Reta;Não;2;0;0;0;2;0;0;1;-25,56635207;-49,16833598;SPRF-PR;DEL01-PR;UOP07-DEL01-PR
652941;03/01/2025;sexta-feira;12:20:00;SE;101;62;ROSARIO DO CATETE;Condutor deixou de manter distância do veículo da frente;Colisão traseira;Com Vítimas Feridas;Pleno dia;Crescente;Céu Claro;Dupla;Reta;Não;7;0;1;0;6;0;1;2;-10,68457007;-37,03562689;SPRF-SE;DEL02-SE;UOP02-DEL02-SE
652943;03/01/2025;sexta-feira;10:40:00;MG;267;185,5;OLARIA;Ultrapassagem Indevida;Colisão frontal;Com Vítimas Feridas;Pleno dia;Decrescente;Céu Claro;Simples;Curva;Não;4;0;4;0;0;0;4;2;-21,88971907;-43,94989589;SPRF-MG;DEL05-MG;UOP01-DEL05-MG
652946;03/01/2025;sexta-feira;09:30:00;MT;364;270,2;JACIARA;Reação tardia ou ineficiente do condutor;Queda de ocupante de veículo;Com Vítimas Feridas;Pleno dia;Crescente;Nublado;Simples;"Declive;Reta";Sim;1;0;1;0;0;0;1;1;-15,9689785;-54,94463002;SPRF-MT;DEL05-MT;UOP02-DEL05-MT
652951;03/01/2025;sexta-feira;14:25:00;RJ;40;100;DUQUE DE CAXIAS;Demais falhas mecânicas ou elétricas;Incêndio;Sem Vítimas;Pleno dia;Decrescente;Nublado;Simples;Curva;Não;1;0;0;0;1;0;0;1;-22,59404803;-43,28079889;SPRF-RJ;DEL01-RJ;UOP01-DEL01-RJ
652952;03/01/2025;sexta-feira;12:30:00;RN;226;325,5;MESSIAS TARGINO;Ultrapassagem Indevida;Saída de leito carroçável;Com Vítimas Feridas;Pleno dia;Decrescente;Céu Claro;Simples;Reta;Não;1;0;1;0;0;0;1;1;-6,07603518;-37,52521992;SPRF-RN;DEL04-RN;UOP01-DEL04-RN
652953;03/01/2025;sexta-feira;07:31:00;MG;381;646,4;SANTO ANTONIO DO AMPARO;Reação tardia ou ineficiente do condutor;Colisão com objeto;Com Vítimas Feridas;Pleno dia;Crescente;Nublado;Dupla;Curva;Não;3;0;2;0;1;0;2;1;-20,92360378;-44,87417221;SPRF-MG;DEL04-MG;UOP02-DEL04-MG
652954;03/01/2025;sexta-feira;15:34:00;PA;230;111;MARABA;Ausência de reação do condutor;Colisão traseira;Com Vítimas Feridas;Pleno dia;Crescente;Céu Claro;Simples;Reta;Sim;2;0;1;0;1;0;1;2;-5,37139594;-49,04004698;SPRF-PA;DEL03-PA;UOP01-DEL03-PA
652955;03/01/2025;sexta-feira;15:25:00;SC;101;133;BALNEARIO CAMBORIU;Manobra de mudança de faixa;Colisão lateral mesmo sentido;Com Vítimas Feridas;Pleno dia;Crescente;Céu Claro;Dupla;Aclive;Sim;2;0;1;0;1;0;1;2;-26,99936;-48,64609;SPRF-SC;DEL04-SC;UOP03-DEL04-SC
652957;03/01/2025;sexta-feira;15:30:00;PI;343;265;CAMPO MAIOR;Condutor deixou de manter distância do veículo da frente;Colisão traseira;Com Vítimas Feridas;Pleno dia;Decrescente;Nublado;Simples;Reta;Sim;4;0;0;1;3;0;1;2;-4,834697;-42,167046;SPRF-PI;DEL01-PI;UOP03-DEL01-PI
652958;03/01/2025;sexta-feira;15:05:00;RJ;116;179;BELFORD ROXO;Reação tardia ou ineficiente do condutor;Colisão traseira;Com Vítimas Feridas;Pleno dia;Crescente;Nublado;Dupla;Reta;Não;2;0;1;0;1;0;1;2;-22,769902;-43,408036;SPRF-RJ;DEL06-RJ;UOP01-DEL06-RJ
652959;03/01/2025;sexta-feira;15:30:00;PI;316;10;TERESINA;Acessar a via sem observar a presença dos outros veículos;Colisão lateral mesmo sentido;Com Vítimas Feridas;Pleno dia;Crescente;Céu Claro;Simples;Reta;Sim;2;0;1;0;1;0;1;2;-5,18280197;-42,76350291;SPRF-PI;DEL01-PI;UOP02-DEL01-PI
652960;03/01/2025;sexta-feira;14:30:00;RJ;465;10;SEROPEDICA;Reação tardia ou ineficiente do condutor;Engavetamento;Sem Vítimas;Pleno dia;Crescente;Nublado;Simples;Reta;Não;4;0;0;0;3;1;0;3;-22,777218;-43,663025;SPRF-RJ;DEL06-RJ;UOP02-DEL06-RJ
652961;03/01/2025;sexta-feira;16:00:00;SP;116;174;GUARAREMA;Demais falhas mecânicas ou elétricas;Queda de ocupante de veículo;Com Vítimas Feridas;Pleno dia;Decrescente;Céu Claro;Dupla;Declive;Não;2;0;2;0;0;0;2;1;-23,31710055;-46,08178719;SPRF-SP;DEL02-SP;UOP01-DEL02-SP
652962;03/01/2025;sexta-feira;10:00:00;SP;116;138;SAO JOSE DOS CAMPOS;Reação tardia ou ineficiente do condutor;Queda de ocupante de veículo;Com Vítimas Feridas;Pleno dia;Decrescente;Céu Claro;Dupla;Reta;Sim;2;0;2;0;0;0;2;1;-23,1572739;-45,79554605;SPRF-SP;DEL02-SP;UOP01-DEL02-SP
652964;03/01/2025;sexta-feira;14:30:00;SC;101;134;BALNEARIO CAMBORIU;Reação tardia ou ineficiente do condutor;Colisão lateral mesmo sentido;Com Vítimas Feridas;Pleno dia;Crescente;Nublado;Múltipla;Reta;Sim;4;0;1;0;2;1;1;4;-27,00218;-48,636433;SPRF-SC;DEL04-SC;UOP03-DEL04-SC
652965;03/01/2025;sexta-feira;14:55:00;SC;101;288,5;IMBITUBA;Desrespeitar a preferência no cruzamento;Colisão transversal;Com Vítimas Feridas;Pleno dia;Decrescente;Céu Claro;Múltipla;"Interseção de Vias;Curva";Sim;3;0;2;0;1;0;2;2;-28,26839437;-48,70066524;SPRF-SC;DEL02-SC;UOP03-DEL02-SC
652967;03/01/2025;sexta-feira;14:00:00;RO;364;422;JARU;Retorno proibido;Colisão transversal;Sem Vítimas;Pleno dia;Crescente;Céu Claro;Simples;Reta;Não;3;0;0;0;3;0;0;2;-10,4597532;-62,4558043;SPRF-RO;DEL03-RO;UOP02-DEL03-RO
652968;03/01/2025;sexta-feira;16:20:00;MG;153;38,9;CANAPOLIS;Chuva;Saída de leito carroçável;Com Vítimas Feridas;Pleno dia;Decrescente;Chuva;Dupla;Reta;Não;6;0;5;0;1;0;5;1;-18,73302108;-49,10715606;SPRF-MG;DEL15-MG;UOP03-DEL15-MG
652969;03/01/2025;sexta-feira;16:20:00;BA;116;417,3;FEIRA DE SANTANA;Pedestre cruzava a pista fora da faixa;Atropelamento de Pedestre;Com Vítimas Fatais;Pleno dia;Decrescente;Sol;Múltipla;Reta;Sim;4;1;0;0;3;0;0;2;-12,18465954;-38,96511555;SPRF-BA;DEL02-BA;UOP01-DEL02-BA
652970;01/01/2025;quarta-feira;07:30:00;PR;277;584,1;CASCAVEL;Retorno proibido;Colisão transversal;Com Vítimas Feridas;Pleno dia;Decrescente;Céu Claro;Múltipla;"Em Obras;Viaduto";Sim;2;0;0;1;1;0;1;2;-24,96584837;-53,40432644;SPRF-PR;DEL04-PR;UOP01-DEL04-PR
652971;03/01/2025;sexta-feira;16:35:00;MG;40;799,2;JUIZ DE FORA;Reação tardia ou ineficiente do condutor;Tombamento;Com Vítimas Feridas;Pleno dia;Crescente;Chuva;Dupla;Curva;Não;1;0;1;0;0;0;1;1;-21,82857001;-43,37364401;SPRF-MG;DEL05-MG;UOP01-DEL05-MG
652972;03/01/2025;sexta-feira;16:30:00;MG;40;827,5;SIMAO PEREIRA;Chuva;Capotamento;Com Vítimas Feridas;Pleno dia;Decrescente;Garoa/Chuvisco;Dupla;Curva;Não;5;0;3;2;0;0;5;1;-21,98932602;-43,2844189;SPRF-MG;DEL05-MG;UOP01-DEL05-MG
652973;03/01/2025;sexta-feira;15:50:00;BA;101;287;LAJE;Ingestão de álcool pelo condutor;Colisão traseira;Sem Vítimas;Pleno dia;Decrescente;Céu Claro;Simples;Curva;Não;2;0;0;0;2;0;0;2;-13,28488593;-39,32243808;SPRF-BA;DEL01-BA;UOP02-DEL01-BA
652974;03/01/2025;sexta-feira;14:15:00;AL;316;226;ATALAIA;Ausência de reação do condutor;Colisão lateral sentido oposto;Com Vítimas Feridas;Pleno dia;Crescente;Nublado;Simples;Reta;Não;4;0;2;0;2;0;2;2;-9,48398693;-36,15120494;SPRF-AL;DEL01-AL;UOP01-DEL01-AL
652975;03/01/2025;sexta-feira;17:00:00;MG;381;489;BETIM;Avarias e/ou desgaste excessivo no pneu;Tombamento;Com Vítimas Feridas;Pleno dia;Crescente;Chuva;Múltipla;"Reta;Declive";Sim;2;0;1;0;1;0;1;1;-19,96245618;-44,16455495;SPRF-MG;DEL01-MG;UOP03-DEL01-MG
652977;03/01/2025;sexta-feira;17:35:00;PE;232;4,4;RECIFE;Acumulo de óleo sobre o pavimento;Queda de ocupante de veículo;Com Vítimas Feridas;Pleno dia;Decrescente;Céu Claro;Simples;Curva;Sim;2;0;2;0;0;0;2;1;-8,064473;-34,936928;SPRF-PE;DEL01-PE;UOP01-DEL01-PE
652978;03/01/2025;sexta-feira;17:22:00;CE;116;11;FORTALEZA;Reação tardia ou ineficiente do condutor;Colisão traseira;Com Vítimas Feridas;Anoitecer;Decrescente;Céu Claro;Dupla;Reta;Sim;8;0;2;0;3;3;2;4;-3,847428;-38,496995;SPRF-CE;DEL01-CE;UOP02-DEL01-CE
652980;03/01/2025;sexta-feira;15:20:00;SC;101;3;BIGUACU;Avarias e/ou desgaste excessivo no pneu;Tombamento;Com Vítimas Feridas;Pleno dia;Decrescente;Céu Claro;Dupla;Curva;Não;1;0;1;0;0;0;1;1;-27,37023721;-48,66064668;SPRF-SC;DEL01-SC;UOP01-DEL01-SC
652981;03/01/2025;sexta-feira;15:40:00;PB;104;130,7;CAMPINA GRANDE;Desrespeitar a preferência no cruzamento;Colisão transversal;Com Vítimas Feridas;Pleno dia;Decrescente;Céu Claro;Simples;Interseção de Vias;Sim;3;0;1;1;1;0;2;2;-7,29013399;-35,89029705;SPRF-PB;DEL02-PB;UOP03-DEL02-PB
652984;03/01/2025;sexta-feira;16:40:00;MG;381;732,5;CARMO DA CACHOEIRA;Chuva;Saída de leito carroçável;Com Vítimas Feridas;Pleno dia;Decrescente;Chuva;Dupla;Curva;Não;4;0;4;0;0;0;4;1;-21,55413799;-45,24499427;SPRF-MG;DEL16-MG;UOP02-DEL16-MG
652985;03/01/2025;sexta-feira;17:00:00;MT;364;587;DIAMANTINO;Condutor deixou de manter distância do veículo da frente;Engavetamento;Com Vítimas Feridas;Pleno dia;Crescente;Céu Claro;Dupla;Reta;Não;9;0;1;0;8;0;1;3;-14,61012536;-56,25164264;SPRF-MT;DEL01-MT;UOP01-DEL01-MT
652986;03/01/2025;sexta-feira;17:45:00;PB;101;84,4;BAYEUX;Acumulo de areia ou detritos sobre o pavimento;Tombamento;Com Vítimas Feridas;Anoitecer;Crescente;Céu Claro;Dupla;"Em Obras;Reta";Sim;1;0;0;1;0;0;1;1;-7,13957906;-34,92312806;SPRF-PB;DEL01-PB;UOP01-DEL01-PB
652987;03/01/2025;sexta-feira;15:00:00;PR;153;493,4;GENERAL CARNEIRO;Demais falhas mecânicas ou elétricas;Saída de leito carroçável;Sem Vítimas;Pleno dia;Decrescente;Céu Claro;Simples;Declive;Não;1;0;0;0;1;0;0;1;-26,438627;-51,318885;SPRF-PR;DEL02-PR;UOP03-DEL02-PR
652990;03/01/2025;sexta-feira;17:55:00;RS;386;34,8;FREDERICO WESTPHALEN;Acessar a via sem observar a presença dos outros veículos;Colisão transversal;Com Vítimas Feridas;Pleno dia;Crescente;Céu Claro;Simples;"Reta;Interseção de Vias";Sim;2;0;1;0;1;0;1;2;-27,358442;-53,388298;SPRF-RS;DEL08-RS;UOP02-DEL08-RS
652991;03/01/2025;sexta-feira;16:10:00;PA;316;99;SANTA MARIA DO PARA;Chuva;Colisão frontal;Sem Vítimas;Pleno dia;Crescente;Chuva;Simples;Reta;Não;2;0;0;0;1;1;0;2;-1,33342734;-47,61283806;SPRF-PA;DEL01-PA;UOP02-DEL01-PA
652993;03/01/2025;sexta-feira;17:45:00;MG;50;8,3;UBERLANDIA;Manobra de mudança de faixa;Colisão lateral mesmo sentido;Com Vítimas Feridas;Pleno dia;Crescente;Nublado;Dupla;Reta;Não;3;0;1;0;1;1;1;3;-18,9113;-48,2622;SPRF-MG;DEL15-MG;UOP01-DEL15-MG
652994;03/01/2025;sexta-feira;15:00:00;RO;364;847;PORTO VELHO;Reação tardia ou ineficiente do condutor;Capotamento;Com Vítimas Fatais;Pleno dia;Crescente;Sol;Simples;Reta;Não;3;2;0;1;0;0;1;1;-9,45071154;-64,73600631;SPRF-RO;DEL01-RO;UOP02-DEL01-RO
652995;03/01/2025;sexta-feira;12:00:00;SP;116;477;JACUPIRANGA;Reação tardia ou ineficiente do condutor;Colisão transversal;Com Vítimas Feridas;Pleno dia;Decrescente;Céu Claro;Simples;Reta;Sim;2;0;1;0;1;0;1;2;-24,69842695;-48,00304804;SPRF-SP;DEL05-SP;UOP01-DEL05-SP
652998;03/01/2025;sexta-feira;17:50:00;PR;116;126;FAZENDA RIO GRANDE;Reação tardia ou ineficiente do condutor;Queda de ocupante de veículo;Com Vítimas Feridas;Pleno dia;Crescente;Céu Claro;Dupla;Reta;Não;2;0;2;0;0;0;2;1;-25,60389895;-49,31824423;SPRF-PR;DEL01-PR;UOP03-DEL01-PR
652999;03/01/2025;sexta-feira;18:40:00;PR;277;722;FOZ DO IGUACU;Condutor deixou de manter distância do veículo da frente;Colisão traseira;Com Vítimas Feridas;Anoitecer;Decrescente;Céu Claro;Dupla;"Retorno Regulamentado;Reta";Sim;2;0;1;0;1;0;1;2;-25,49337331;-54,51696363;SPRF-PR;DEL05-PR;UOP03-DEL05-PR
653000;03/01/2025;sexta-feira;18:30:00;RN;101;4;TOUROS;Deficiência do Sistema de Iluminação/Sinalização;Colisão lateral mesmo sentido;Com Vítimas Feridas;Plena Noite;Decrescente;Céu Claro;Simples;Reta;Não;5;0;2;0;3;0;2;2;-5,190118;-35,508193;SPRF-RN;DEL02-RN;UOP01-DEL02-RN
653001;03/01/2025;sexta-feira;19:00:00;RN;101;84;SAO GONCALO DO AMARANTE;Ausência de reação do condutor;Colisão traseira;Com Vítimas Feridas;Plena Noite;Crescente;Céu Claro;Simples;Reta;Sim;3;0;2;0;1;0;2;2;-5,774175;-35,2578;SPRF-RN;DEL02-RN;UOP01-DEL02-RN
653002;03/01/2025;sexta-feira;17:00:00;MG;262;24,9;REDUTO;Chuva;Capotamento;Com Vítimas Feridas;Pleno dia;Decrescente;Chuva;Simples;"Curva;Aclive";Não;1;0;1;0;0;0;1;1;-20,24814827;-41,94094189;SPRF-MG;DEL06-MG;UOP03-DEL06-MG
653003;03/01/2025;sexta-feira;18:05:00;MG;262;59,4;MANHUACU;Acumulo de água sobre o pavimento;Capotamento;Com Vítimas Feridas;Anoitecer;Crescente;Chuva;Simples;Reta;Não;3;0;2;0;1;0;2;1;-20,28276197;-42,20329303;SPRF-MG;DEL06-MG;UOP03-DEL06-MG
653004;03/01/2025;sexta-feira;18:50:00;MG;381;509;SAO JOAQUIM DE BICAS;Área urbana sem a presença de local apropriado para a travessia de pedestres;Atropelamento de Pedestre;Com Vítimas Feridas;Plena Noite;Decrescente;Chuva;Dupla;"Aclive;Curva";Sim;3;0;2;1;0;0;3;2;-20,07008;-44,298819;SPRF-MG;DEL01-MG;UOP03-DEL01-MG
653007;03/01/2025;sexta-feira;16:00:00;PI;343;262;CAMPO MAIOR;Demais Fenômenos da natureza;Eventos atípicos;Com Vítimas Feridas;Pleno dia;Crescente;Vento;Simples;Reta;Não;2;0;2;0;0;0;2;1;-4,81223;-42,153191;SPRF-PI;DEL01-PI;UOP03-DEL01-PI
653008;03/01/2025;sexta-feira;18:15:00;MG;50;202;DELTA;Chuva;Saída de leito carroçável;Sem Vítimas;Anoitecer;Crescente;Chuva;Dupla;Reta;Não;3;0;0;0;3;0;0;1;-19,92627147;-47,82191068;SPRF-MG;DEL13-MG;UOP01-DEL13-MG
653010;03/01/2025;sexta-feira;18:05:00;MG;40;782,8;JUIZ DE FORA;Chuva;Colisão com objeto;Com Vítimas Feridas;Anoitecer;Crescente;Chuva;Dupla;Reta;Não;1;0;1;0;0;0;1;1;-21,69593719;-43,44982474;SPRF-MG;DEL05-MG;UOP01-DEL05-MG
653011;03/01/2025;sexta-feira;19:00:00;PR;277;12,4;PARANAGUA;Acessar a via sem observar a presença dos outros veículos;Colisão transversal;Com Vítimas Feridas;Anoitecer;Decrescente;Nublado;Dupla;"Retorno Regulamentado;Reta";Não;3;0;2;0;1;0;2;2;-25,568198;-48,615292;SPRF-PR;DEL01-PR;UOP05-DEL01-PR
653012;03/01/2025;sexta-feira;18:15:00;SC;282;102,5;ALFREDO WAGNER;Reação tardia ou ineficiente do condutor;Colisão traseira;Com Vítimas Feridas;Pleno dia;Decrescente;Céu Claro;Simples;Reta;Não;2;0;1;0;1;0;1;2;-27,694818;-49,314419;SPRF-SC;DEL01-SC;UOP03-DEL01-SC
653013;03/01/2025;sexta-feira;18:20:00;PR;277;49;MORRETES;Conversão proibida;Colisão transversal;Com Vítimas Feridas;Anoitecer;Decrescente;Céu Claro;Dupla;"Declive;Reta";Não;2;0;2;0;0;0;2;2;-25,589742;-48,935799;SPRF-PR;DEL01-PR;UOP05-DEL01-PR
653014;03/01/2025;sexta-feira;15:40:00;PR;376;125,2;ALTO PARANA;Reação tardia ou ineficiente do condutor;Saída de leito carroçável;Com Vítimas Feridas;Pleno dia;Decrescente;Céu Claro;Dupla;Reta;Não;3;0;3;0;0;0;3;1;-23,14972357;-52,27427368;SPRF-PR;DEL09-PR;UOP02-DEL09-PR
653015;03/01/2025;sexta-feira;20:20:00;ES;101;224,5;IBIRACU;Chuva;Saída de leito carroçável;Com Vítimas Feridas;Plena Noite;Decrescente;Chuva;Simples;Reta;Não;2;0;2;0;0;0;2;1;-19,89290688;-40,41230369;SPRF-ES;DEL02-ES;UOP01-DEL02-ES
653016;03/01/2025;sexta-feira;20:36:00;AP;156;800;OIAPOQUE;Pedestre cruzava a pista fora da faixa;Atropelamento de Pedestre;Com Vítimas Feridas;Plena Noite;Crescente;Nublado;Simples;Reta;Sim;2;0;2;0;0;0;2;2;3,8387059;-51,81756914;SPRF-AP;DEL01-AP;UOP03-DEL01-AP
653017;03/01/2025;sexta-feira;20:30:00;RS;116;232;NOVO HAMBURGO;Acesso irregular;Colisão lateral sentido oposto;Com Vítimas Feridas;Plena Noite;Decrescente;Céu Claro;Simples;Curva;Sim;3;0;1;0;1;1;1;3;-29,63300002;-51,14325106;SPRF-RS;DEL01-RS;UOP02-DEL01-RS
653019;03/01/2025;sexta-feira;16:45:00;SC;282;101;ALFREDO WAGNER;Conversão proibida;Colisão frontal;Com Vítimas Feridas;Pleno dia;Decrescente;Céu Claro;Simples;Curva;Não;4;0;2;2;0;0;4;2;-27,694626;-49,305317;SPRF-SC;DEL01-SC;UOP03-DEL01-SC
653025;03/01/2025;sexta-feira;20:00:00;SP;116;62,4;GUARATINGUETA;Pedestre andava na pista;Atropelamento de Pedestre;Com Vítimas Feridas;Plena Noite;Decrescente;Garoa/Chuvisco;Dupla;Reta;Sim;2;0;1;1;0;0;2;2;-22,80538606;-45,17236692;SPRF-SP;DEL08-SP;UOP01-DEL08-SP
653028;03/01/2025;sexta-feira;18:15:00;MG;251;211,1;CACHOEIRA DE PAJEU;Acumulo de água sobre o pavimento;Colisão com objeto;Com Vítimas Feridas;Plena Noite;Crescente;Chuva;Simples;Reta;Não;5;0;2;0;3;0;2;1;-15,89906;-41,53467;SPRF-MG;DEL12-MG;UOP02-DEL12-MG