id;data_inversa;dia_semana;horario;uf;br;km;municipio;causa_acidente;tipo_acidente;classificacao_acidente;fase_dia;sentido_via;condicao_metereologica;tipo_pista;tracado_via;uso_solo;pessoas;mortos;feridos_leves;feridos_graves;ilesos;ignorados;feridos;veiculos;latitude;longitude;regional;delegacia;uop
653383;05/01/2025;domingo;14:00:00;BA;418;77;NOVA VICOSA;Entrada inopinada do pedestre;Atropelamento de Pedestre;Com Vítimas Fatais;Pleno dia;Crescente;Céu Claro;Simples;Reta;Não;2;1;0;0;0;1;0;2;-17,872979;-39,764679;SPRF-BA;DEL09-BA;UOP02-DEL09-BA
653384;05/01/2025;domingo;19:20:00;ES;259;31,8;COLATINA;Transitar na contramão;Colisão frontal;Com Vítimas Fatais;Plena Noite;Decrescente;Garoa/Chuvisco;Simples;Curva;Não;3;2;0;0;1;0;0;2;-19,58704806;-40,50913271;SPRF-ES;DEL02-ES;UOP01-DEL02-ES
653386;05/01/2025;domingo;19:30:00;BA;101;805;ITAMARAJU;Reação tardia ou ineficiente do condutor;Tombamento;Com Vítimas Fatais;Plena Noite;Crescente;Nublado;Simples;Reta;Sim;1;1;0;0;0;0;0;1;-17,17509006;-39,57975551;SPRF-BA;DEL09-BA;UOP01-DEL09-BA
653388;05/01/2025;domingo;18:30:00;PI;343;219;COCAL DE TELHA;Transitar na contramão;Colisão lateral sentido oposto;Com Vítimas Feridas;Plena Noite;Decrescente;Nublado;Simples;Reta;Não;6;0;1;0;5;0;1;2;-4,520066;-41,961211;SPRF-PI;DEL01-PI;UOP03-DEL01-PI
653389;05/01/2025;domingo;14:00:00;SC;116;64,6;MONTE CASTELO;Ausência de reação do condutor;Colisão traseira;Com Vítimas Feridas;Pleno dia;Decrescente;Sol;Simples;Declive;Não;3;0;1;0;2;0;1;2;-26,41544499;-50,22732716;SPRF-SC;DEL06-SC;UOP02-DEL06-SC
653390;05/01/2025;domingo;20:00:00;BA;116;364;SERRINHA;Demais falhas mecânicas ou elétricas;Incêndio;Sem Vítimas;Plena Noite;Crescente;Céu Claro;Simples;Reta;Não;1;0;0;0;1;0;0;1;-11,734198;-38,98629845;SPRF-BA;DEL02-BA;UOP01-DEL02-BA
653391;05/01/2025;domingo;19:10:00;SC;470;0;NAVEGANTES;Acessar a via sem observar a presença dos outros veículos;Colisão transversal;Com Vítimas Feridas;Anoitecer;Crescente;Céu Claro;Dupla;"Interseção de Vias;Reta;Rotatória";Sim;2;0;1;0;1;0;1;2;-26,88232;-48,66183;SPRF-SC;DEL04-SC;UOP04-DEL04-SC
653392;05/01/2025;domingo;20:00:00;MG;116;445,1;ENGENHEIRO CALDAS;Entrada inopinada do pedestre;Atropelamento de Pedestre;Com Vítimas Fatais;Plena Noite;Crescente;Chuva;Simples;Reta;Não;2;1;0;0;1;0;0;2;-19,11245363;-42,00351446;SPRF-MG;DEL06-MG;UOP02-DEL06-MG
653393;05/01/2025;domingo;20:30:00;MG;381;3;BETIM;Reação tardia ou ineficiente do condutor;Saída de leito carroçável;Com Vítimas Feridas;Plena Noite;Decrescente;Céu Claro;Dupla;"Declive;Reta";Não;2;0;0;1;1;0;1;2;-19,98690045;-44,17156219;SPRF-MG;DEL01-MG;UOP03-DEL01-MG
653394;05/01/2025;domingo;19:55:00;MG;116;498,5;INHAPIM;Transitar na contramão;Colisão frontal;Com Vítimas Feridas;Plena Noite;Decrescente;Nublado;Simples;"Reta;Viaduto";Não;5;0;4;1;0;0;5;2;-19,54476495;-42,12568405;SPRF-MG;DEL06-MG;UOP02-DEL06-MG
653395;05/01/2025;domingo;21:00:00;PR;277;650;MATELANDIA;Ausência de reação do condutor;Saída de leito carroçável;Sem Vítimas;Plena Noite;Crescente;Céu Claro;Simples;Reta;Não;1;0;0;0;0;1;0;1;-25,19035881;-53,93738222;SPRF-PR;DEL05-PR;UOP02-DEL05-PR
653396;05/01/2025;domingo;17:10:00;MT;174;338;CONQUISTA DOESTE;Velocidade Incompatível;Saída de leito carroçável;Com Vítimas Feridas;Pleno dia;Decrescente;Garoa/Chuvisco;Simples;"Reta;Aclive";Não;4;0;4;0;0;0;4;1;-14,81735399;-59,32239281;SPRF-MT;DEL04-MT;UOP01-DEL04-MT
653397;05/01/2025;domingo;21:15:00;RJ;393;281,3;VOLTA REDONDA;Velocidade Incompatível;Tombamento;Com Vítimas Feridas;Plena Noite;Decrescente;Nublado;Simples;Curva;Não;1;0;1;0;0;0;1;1;-22,48025569;-44,02974901;SPRF-RJ;DEL05-RJ;UOP04-DEL05-RJ
653399;05/01/2025;domingo;17:45:00;PI;316;313;PICOS;Área urbana sem a presença de local apropriado para a travessia de pedestres;Atropelamento de Pedestre;Com Vítimas Feridas;Anoitecer;Crescente;Nublado;Simples;Reta;Não;3;0;0;1;1;1;1;2;-7,07959049;-41,44975182;SPRF-PI;DEL04-PI;UOP01-DEL04-PI
653400;05/01/2025;domingo;21:30:00;PR;277;124;CAMPO LARGO;Pedestre cruzava a pista fora da faixa;Atropelamento de Pedestre;Com Vítimas Fatais;Plena Noite;Decrescente;Ignorado;Dupla;Reta;Sim;2;1;0;0;1;0;0;2;-25,43508097;-49,5220664;SPRF-PR;DEL03-PR;UOP03-DEL03-PR
653401;05/01/2025;domingo;20:38:00;GO;40;35;LUZIANIA;Conversão proibida;Colisão transversal;Com Vítimas Feridas;Plena Noite;Crescente;Céu Claro;Dupla;Reta;Sim;4;0;2;1;1;0;3;2;-16,316414;-47,841304;SPRF-DF;DEL01-DF;UOP01-DEL01-DF
653403;05/01/2025;domingo;19:00:00;RJ;465;6;SEROPEDICA;Acessar a via sem observar a presença dos outros veículos;Colisão transversal;Com Vítimas Feridas;Plena Noite;Crescente;Céu Claro;Simples;Reta;Sim;2;0;2;0;0;0;2;2;-22,754314;-43,692879;SPRF-RJ;DEL06-RJ;UOP02-DEL06-RJ
653405;05/01/2025;domingo;21:45:00;GO;60;101,4;ANAPOLIS;Suicídio (presumido);Atropelamento de Pedestre;Com Vítimas Feridas;Plena Noite;Decrescente;Céu Claro;Dupla;Reta;Sim;5;0;1;1;0;3;2;3;-16,4022;-48,9745;SPRF-GO;DEL02-GO;UOP01-DEL02-GO
653406;05/01/2025;domingo;21:40:00;PR;163;8;BARRACAO;Acessar a via sem observar a presença dos outros veículos;Colisão transversal;Com Vítimas Feridas;Plena Noite;Crescente;Ignorado;Dupla;Reta;Sim;2;0;0;1;1;0;1;2;-26,25066;-53,635523;SPRF-PR;DEL02-PR;UOP02-DEL02-PR
653407;05/01/2025;domingo;20:40:00;ES;101;256,2;SERRA;Acessar a via sem observar a presença dos outros veículos;Capotamento;Com Vítimas Feridas;Plena Noite;Decrescente;Chuva;Múltipla;Reta;Sim;1;0;0;1;0;0;1;1;-20,119123;-40,311005;SPRF-ES;DEL02-ES;UOP01-DEL02-ES
653408;05/01/2025;domingo;21:30:00;BA;101;692,6;EUNAPOLIS;Velocidade Incompatível;Capotamento;Com Vítimas Feridas;Plena Noite;Crescente;Céu Claro;Simples;Curva;Não;4;0;2;0;2;0;2;1;-16,18733831;-39,60649967;SPRF-BA;DEL09-BA;UOP03-DEL09-BA
653409;05/01/2025;domingo;17:05:00;MG;381;768,9;CAMPANHA;Velocidade Incompatível;Saída de leito carroçável;Com Vítimas Feridas;Pleno dia;Decrescente;Sol;Dupla;"Declive;Reta";Não;2;0;2;0;0;0;2;1;-21,77370307;-45,42761992;SPRF-MG;DEL16-MG;UOP02-DEL16-MG
653410;05/01/2025;domingo;22:30:00;RS;290;91,7;PORTO ALEGRE;Ingestão de álcool pelo condutor;Capotamento;Sem Vítimas;Plena Noite;Decrescente;Céu Claro;Simples;Curva;Não;1;0;0;0;1;0;0;1;-29,97152316;-51,17427886;SPRF-RS;DEL01-RS;UOP01-DEL01-RS
653411;05/01/2025;domingo;20:30:00;SP;116;69;APARECIDA;Entrada inopinada do pedestre;Atropelamento de Pedestre;Com Vítimas Feridas;Plena Noite;Decrescente;Nublado;Dupla;Reta;Não;3;0;0;2;0;1;2;2;-22,84017188;-45,22364349;SPRF-SP;DEL08-SP;UOP01-DEL08-SP
653413;05/01/2025;domingo;22:40:00;RS;116;465,3;SAO LOURENCO DO SUL;Deficiência do Sistema de Iluminação/Sinalização;Colisão traseira;Com Vítimas Fatais;Plena Noite;Crescente;Céu Claro;Dupla;Reta;Não;3;1;0;1;1;0;1;2;-31,322943;-52,031993;SPRF-RS;DEL07-RS;UOP01-DEL07-RS
653414;05/01/2025;domingo;22:50:00;RJ;116;181;NOVA IGUACU;Ingestão de álcool pelo condutor;Colisão com objeto;Sem Vítimas;Plena Noite;Crescente;Garoa/Chuvisco;Múltipla;Reta;Sim;1;0;0;0;1;0;0;1;-22,761312;-43,423492;SPRF-RJ;DEL06-RJ;UOP01-DEL06-RJ
653415;05/01/2025;domingo;22:48:00;ES;101;263;SERRA;Manobra de mudança de faixa;Colisão lateral mesmo sentido;Com Vítimas Feridas;Plena Noite;Crescente;Nublado;Dupla;Reta;Sim;4;0;3;0;1;0;3;2;-20,16554736;-40,27301648;SPRF-ES;DEL02-ES;UOP01-DEL02-ES
653416;05/01/2025;domingo;22:30:00;MG;50;176;UBERABA;Reação tardia ou ineficiente do condutor;Colisão com objeto;Sem Vítimas;Plena Noite;Crescente;Céu Claro;Dupla;Reta;Sim;1;0;0;0;0;1;0;1;-19,77919981;-47,960032;SPRF-MG;DEL13-MG;UOP01-DEL13-MG
653417;05/01/2025;domingo;21:40:00;SP;459;15;PIQUETE;Acessar a via sem observar a presença dos outros veículos;Colisão transversal;Com Vítimas Feridas;Plena Noite;Decrescente;Céu Claro;Simples;"Interseção de Vias;Curva";Não;3;0;1;1;1;0;2;2;-22,60604786;-45,17570615;SPRF-SP;DEL08-SP;UOP02-DEL08-SP
653418;06/01/2025;segunda-feira;00:10:00;GO;60;90;ANAPOLIS;Ausência de reação do condutor;Colisão com objeto;Sem Vítimas;Plena Noite;Decrescente;Céu Claro;Dupla;Reta;Sim;1;0;0;0;1;0;0;1;-16,3427;-48,9019;SPRF-GO;DEL02-GO;UOP01-DEL02-GO
653420;06/01/2025;segunda-feira;00:10:00;RJ;116;178;BELFORD ROXO;Ausência de reação do condutor;Queda de ocupante de veículo;Com Vítimas Feridas;Plena Noite;Decrescente;Céu Claro;Simples;Reta;Não;1;0;1;0;0;0;1;1;-22,77496393;-43,40081465;SPRF-RJ;DEL06-RJ;UOP01-DEL06-RJ
653422;06/01/2025;segunda-feira;00:30:00;SP;116;219,7;GUARULHOS;Reação tardia ou ineficiente do condutor;Tombamento;Com Vítimas Feridas;Plena Noite;Crescente;Nublado;Múltipla;"Desvio Temporário;Reta;Em Obras";Sim;1;0;1;0;0;0;1;1;-23,464006;-46,497125;SPRF-SP;DEL01-SP;UOP01-DEL01-SP
653423;05/01/2025;domingo;23:20:00;MA;230;12;BARAO DE GRAJAU;Animais na Pista;Atropelamento de Animal;Com Vítimas Feridas;Plena Noite;Decrescente;Céu Claro;Simples;"Reta;Viaduto";Não;1;0;0;1;0;0;1;1;-6,72235987;-43,10918195;SPRF-PI;DEL03-PI;UOP01-DEL03-PI
653425;06/01/2025;segunda-feira;01:00:00;MG;40;523;CONTAGEM;Ingestão de álcool pelo condutor;Saída de leito carroçável;Sem Vítimas;Plena Noite;Decrescente;Garoa/Chuvisco;Dupla;Reta;Sim;1;0;0;0;1;0;0;1;-19,86874894;-44,05962197;SPRF-MG;DEL01-MG;UOP02-DEL01-MG
653426;06/01/2025;segunda-feira;00:30:00;RJ;40;79;PETROPOLIS;Reação tardia ou ineficiente do condutor;Capotamento;Com Vítimas Feridas;Plena Noite;Crescente;Nublado;Dupla;"Declive;Curva";Sim;3;0;2;0;1;0;2;1;-22,49130098;-43,22294163;SPRF-RJ;DEL01-RJ;UOP01-DEL01-RJ
653427;05/01/2025;domingo;23:45:00;RJ;101;297;ITABORAI;Transtornos Mentais (exceto suicidio);Colisão traseira;Sem Vítimas;Plena Noite;Decrescente;Céu Claro;Dupla;Reta;Sim;2;0;0;0;2;0;0;2;-22,76942037;-42,91873581;SPRF-RJ;DEL02-RJ;UOP02-DEL02-RJ
653428;05/01/2025;domingo;21:30:00;SC;282;325;CAMPOS NOVOS;Acessar a via sem observar a presença dos outros veículos;Colisão lateral mesmo sentido;Com Vítimas Feridas;Plena Noite;Decrescente;Céu Claro;Simples;"Reta;Declive";Não;2;0;1;0;1;0;1;2;-27,380039;-51,061966;SPRF-SC;DEL07-SC;UOP06-DEL07-SC
653429;06/01/2025;segunda-feira;03:30:00;PR;277;39;MORRETES;Curva acentuada;Colisão com objeto;Com Vítimas Feridas;Plena Noite;Crescente;Garoa/Chuvisco;Dupla;Curva;Não;3;0;3;0;0;0;3;1;-25,571233;-48,817137;SPRF-PR;DEL01-PR;UOP05-DEL01-PR
653431;06/01/2025;segunda-feira;03:10:00;RS;290;222,1;PANTANO GRANDE;Ausência de reação do condutor;Saída de leito carroçável;Com Vítimas Feridas;Plena Noite;Crescente;Céu Claro;Dupla;Em Obras;Não;5;0;2;1;2;0;3;1;-30,20255876;-52,44958878;SPRF-RS;DEL02-RS;UOP03-DEL02-RS
653432;06/01/2025;segunda-feira;03:53:00;RS;470;255;SALVADOR DO SUL;Reação tardia ou ineficiente do condutor;Saída de leito carroçável;Com Vítimas Feridas;Amanhecer;Crescente;Céu Claro;Simples;Reta;Não;1;0;0;1;0;0;1;1;-29,40822071;-51,51590208;SPRF-RS;DEL06-RS;UOP01-DEL06-RS
653434;06/01/2025;segunda-feira;05:10:00;PR;376;626,9;SAO JOSE DOS PINHAIS;Condutor Dormindo;Saída de leito carroçável;Com Vítimas Feridas;Plena Noite;Decrescente;Nublado;Dupla;Reta;Não;4;0;1;0;3;0;1;1;-25,684137;-49,1476;SPRF-PR;DEL01-PR;UOP04-DEL01-PR
653436;06/01/2025;segunda-feira;05:00:00;BA;407;33,8;JUAZEIRO;Ausência de reação do condutor;Saída de leito carroçável;Com Vítimas Feridas;Amanhecer;Crescente;Céu Claro;Simples;Reta;Não;4;0;1;3;0;0;4;1;-9,67462089;-40,38279663;SPRF-BA;DEL04-BA;UOP01-DEL04-BA
653437;06/01/2025;segunda-feira;05:30:00;SC;282;528;XAXIM;Reação tardia ou ineficiente do condutor;Capotamento;Com Vítimas Feridas;Amanhecer;Crescente;Céu Claro;Simples;Curva;Não;1;0;1;0;0;0;1;1;-26,978798;-52,588566;SPRF-SC;DEL07-SC;UOP01-DEL07-SC
653438;05/01/2025;domingo;20:30:00;MG;381;430;SABARA;Acumulo de água sobre o pavimento;Colisão frontal;Com Vítimas Feridas;Plena Noite;Decrescente;Chuva;Simples;Curva;Não;3;0;2;0;1;0;2;2;-19,78496805;-43,72311799;SPRF-MG;DEL01-MG;UOP01-DEL01-MG
653439;06/01/2025;segunda-feira;06:27:00;RJ;101;282,9;TANGUA;Acumulo de areia ou detritos sobre o pavimento;Queda de ocupante de veículo;Com Vítimas Feridas;Pleno dia;Decrescente;Sol;Dupla;Curva;Sim;1;0;1;0;0;0;1;1;-22,7371391;-42,79664601;SPRF-RJ;DEL02-RJ;UOP02-DEL02-RJ
653440;05/01/2025;domingo;08:00:00;MT;70;50;BARRA DO GARCAS;Acumulo de água sobre o pavimento;Capotamento;Sem Vítimas;Plena Noite;Crescente;Chuva;Simples;Curva;Não;1;0;0;0;1;0;0;1;-15,72778402;-52,61820889;SPRF-MT;DEL07-MT;UOP01-DEL07-MT
653442;06/01/2025;segunda-feira;02:00:00;PR;376;513,5;PONTA GROSSA;Condutor Dormindo;Colisão com objeto;Com Vítimas Feridas;Plena Noite;Decrescente;Nublado;Dupla;"Aclive;Curva";Não;2;0;0;2;0;0;2;1;-25,26431795;-49,97260494;SPRF-PR;DEL03-PR;UOP04-DEL03-PR
653443;06/01/2025;segunda-feira;07:00:00;GO;153;619;MORRINHOS;Ingestão de álcool pelo condutor;Saída de leito carroçável;Sem Vítimas;Pleno dia;Crescente;Chuva;Dupla;Reta;Não;1;0;0;0;1;0;0;1;-17,7129;-49,1549;SPRF-GO;DEL03-GO;UOP01-DEL03-GO
653444;06/01/2025;segunda-feira;06:45:00;MG;50;21;UBERLANDIA;Ausência de reação do condutor;Colisão lateral mesmo sentido;Com Vítimas Feridas;Pleno dia;Crescente;Nublado;Dupla;"Declive;Reta";Sim;6;0;2;0;4;0;2;2;-18,9113;-48,2622;SPRF-MG;DEL15-MG;UOP01-DEL15-MG
653445;06/01/2025;segunda-feira;07:20:00;PR;116;125,7;FAZENDA RIO GRANDE;Demais falhas mecânicas ou elétricas;Colisão lateral mesmo sentido;Com Vítimas Feridas;Pleno dia;Decrescente;Céu Claro;Dupla;Reta;Sim;2;0;1;0;1;0;1;2;-25,60389895;-49,31824423;SPRF-PR;DEL01-PR;UOP03-DEL01-PR
653446;06/01/2025;segunda-feira;07:45:00;PR;376;617;SAO JOSE DOS PINHAIS;Acessar a via sem observar a presença dos outros veículos;Colisão frontal;Com Vítimas Feridas;Pleno dia;Decrescente;Céu Claro;Dupla;"Declive;Curva";Não;3;0;2;0;0;1;2;2;-25,58426494;-49,17618795;SPRF-PR;DEL01-PR;UOP04-DEL01-PR
653447;06/01/2025;segunda-feira;07:40:00;RS;386;344,6;LAJEADO;Acessar a via sem observar a presença dos outros veículos;Colisão transversal;Com Vítimas Feridas;Pleno dia;Crescente;Céu Claro;Dupla;Reta;Sim;2;0;1;1;0;0;2;2;-29,439268;-51,993633;SPRF-RS;DEL04-RS;UOP01-DEL04-RS
653448;06/01/2025;segunda-feira;06:40:00;MT;163;751;SORRISO;Acessar a via sem observar a presença dos outros veículos;Colisão transversal;Com Vítimas Feridas;Pleno dia;Crescente;Nublado;Dupla;Reta;Sim;2;0;1;0;1;0;1;2;-12,66324288;-55,79151748;SPRF-MT;DEL06-MT;UOP01-DEL06-MT
653449;05/01/2025;domingo;19:40:00;RJ;101;511;ANGRA DOS REIS;Ingestão de álcool pelo condutor;Colisão transversal;Com Vítimas Feridas;Plena Noite;Decrescente;Nublado;Simples;Reta;Sim;2;0;0;1;1;0;1;2;-22,9609111;-44,4382966;SPRF-RJ;DEL03-RJ;UOP03-DEL03-RJ
653450;06/01/2025;segunda-feira;07:30:00;SP;116;111,6;TAUBATE;Reação tardia ou ineficiente do condutor;Colisão traseira;Com Vítimas Feridas;Pleno dia;Crescente;Céu Claro;Dupla;Reta;Sim;2;0;1;0;1;0;1;2;-23,03887149;-45,56097419;SPRF-SP;DEL02-SP;UOP02-DEL02-SP
653451;06/01/2025;segunda-feira;06:10:00;MG;262;70,3;MATIPO;Ausência de reação do condutor;Colisão frontal;Com Vítimas Feridas;Pleno dia;Crescente;Nublado;Simples;Reta;Não;4;0;2;1;1;0;3;2;-20,30858941;-42,29618793;SPRF-MG;DEL06-MG;UOP03-DEL06-MG
653452;06/01/2025;segunda-feira;07:00:00;MG;116;411;GOVERNADOR VALADARES;Acessar a via sem observar a presença dos outros veículos;Colisão transversal;Com Vítimas Feridas;Pleno dia;Crescente;Céu Claro;Múltipla;Reta;Sim;2;0;0;1;1;0;1;2;-18,86244705;-41,97405237;SPRF-MG;DEL06-MG;UOP01-DEL06-MG
653455;06/01/2025;segunda-feira;07:45:00;ES;101;145,5;LINHARES;Velocidade Incompatível;Colisão traseira;Com Vítimas Feridas;Pleno dia;Crescente;Céu Claro;Dupla;Reta;Sim;2;0;1;0;1;0;1;2;-19,36089598;-40,06464018;SPRF-ES;DEL04-ES;UOP01-DEL04-ES
653456;06/01/2025;segunda-feira;06:30:00;RJ;101;477;ANGRA DOS REIS;Velocidade Incompatível;Colisão lateral mesmo sentido;Com Vítimas Feridas;Pleno dia;Decrescente;Céu Claro;Simples;Reta;Não;1;0;1;0;0;0;1;1;-22,99820396;-44,26554599;SPRF-RJ;DEL03-RJ;UOP03-DEL03-RJ
653457;06/01/2025;segunda-feira;08:00:00;PR;277;21,6;MORRETES;Avarias e/ou desgaste excessivo no pneu;Tombamento;Com Vítimas Feridas;Pleno dia;Crescente;Nublado;Dupla;Reta;Não;2;0;2;0;0;0;2;1;-25,529522;-48,722518;SPRF-PR;DEL01-PR;UOP05-DEL01-PR
653458;06/01/2025;segunda-feira;08:20:00;RS;290;80;GRAVATAI;Manobra de mudança de faixa;Colisão traseira;Sem Vítimas;Pleno dia;Crescente;Céu Claro;Dupla;Reta;Sim;2;0;0;0;2;0;0;2;-29,95400125;-51,06362983;SPRF-RS;DEL01-RS;UOP01-DEL01-RS
653459;06/01/2025;segunda-feira;06:00:00;RJ;40;119;DUQUE DE CAXIAS;Ausência de reação do condutor;Colisão com objeto;Com Vítimas Feridas;Pleno dia;Decrescente;Céu Claro;Múltipla;Reta;Sim;1;0;1;0;0;0;1;1;-22,76375592;-43,28683062;SPRF-RJ;DEL01-RJ;UOP02-DEL01-RJ
653460;06/01/2025;segunda-feira;08:10:00;RS;290;86;PORTO ALEGRE;Condutor deixou de manter distância do veículo da frente;Colisão traseira;Sem Vítimas;Pleno dia;Crescente;Céu Claro;Múltipla;Reta;Não;2;0;0;0;2;0;0;2;-29,96787327;-51,12067223;SPRF-RS;DEL01-RS;UOP01-DEL01-RS
653461;06/01/2025;segunda-feira;08:40:00;SC;101;118;ITAJAI;Trafegar com motocicleta (ou similar) entre as faixas;Colisão traseira;Com Vítimas Feridas;Pleno dia;Crescente;Céu Claro;Dupla;Reta;Sim;2;0;1;0;1;0;1;2;-26,895859;-48,71903;SPRF-SC;DEL04-SC;UOP04-DEL04-SC
653462;06/01/2025;segunda-feira;06:55:00;GO;153;328,9;RIANAPOLIS;Reação tardia ou ineficiente do condutor;Saída de leito carroçável;Com Vítimas Feridas;Amanhecer;Crescente;Chuva;Simples;Curva;Não;1;0;1;0;0;0;1;1;-15,512035;-49,473373;SPRF-GO;DEL02-GO;UOP02-DEL02-GO
653463;06/01/2025;segunda-feira;08:30:00;GO;153;513,5;APARECIDA DE GOIANIA;Ingestão de álcool pelo condutor;Colisão transversal;Com Vítimas Feridas;Pleno dia;Decrescente;Céu Claro;Simples;"Reta;Viaduto";Sim;2;0;1;0;1;0;1;2;-16,8244;-49,2421;SPRF-GO;DEL01-GO;UOP03-DEL01-GO
653464;06/01/2025;segunda-feira;08:00:00;SP;381;63,8;MAIRIPORA;Reação tardia ou ineficiente do condutor;Tombamento;Com Vítimas Feridas;Pleno dia;Crescente;Sol;Dupla;"Declive;Reta";Não;1;0;1;0;0;0;1;1;-23,302805;-46,572767;SPRF-SP;DEL03-SP;UOP01-DEL03-SP
653465;06/01/2025;segunda-feira;08:30:00;BA;415;31;ILHEUS;Manobra de mudança de faixa;Colisão lateral mesmo sentido;Com Vítimas Feridas;Pleno dia;Crescente;Céu Claro;Dupla;Reta;Não;3;0;2;0;1;0;2;2;-14,8482;-39,281986;SPRF-BA;DEL05-BA;UOP01-DEL05-BA
653466;06/01/2025;segunda-feira;08:08:00;MS;267;482,1;JARDIM;Ausência de reação do condutor;Colisão traseira;Com Vítimas Feridas;Pleno dia;Crescente;Sol;Simples;Reta;Sim;2;0;1;0;1;0;1;2;-21,48269265;-56,14929914;SPRF-MS;DEL05-MS;UOP01-DEL05-MS
653467;06/01/2025;segunda-feira;09:00:00;SC;101;119;ITAJAI;Reação tardia ou ineficiente do condutor;Colisão traseira;Com Vítimas Feridas;Pleno dia;Decrescente;Nublado;Múltipla;Reta;Sim;2;0;1;0;0;1;1;2;-26,9043179;-48,71555481;SPRF-SC;DEL04-SC;UOP04-DEL04-SC
653469;06/01/2025;segunda-feira;08:00:00;RS;290;376,8;VILA NOVA DO SUL;Reação tardia ou ineficiente do condutor;Colisão traseira;Com Vítimas Feridas;Pleno dia;Decrescente;Céu Claro;Simples;"Reta;Aclive";Não;7;0;0;1;6;0;1;3;-30,339338;-53,87907;SPRF-RS;DEL09-RS;UOP02-DEL09-RS
653473;06/01/2025;segunda-feira;08:57:00;BA;324;610;SIMOES FILHO;Condutor deixou de manter distância do veículo da frente;Colisão traseira;Com Vítimas Feridas;Pleno dia;Crescente;Céu Claro;Dupla;Reta;Não;3;0;2;0;1;0;2;2;-12,82931703;-38,41113193;SPRF-BA;DEL01-BA;UOP01-DEL01-BA
653474;06/01/2025;segunda-feira;09:30:00;GO;70;320;JUSSARA;Retorno proibido;Colisão transversal;Com Vítimas Feridas;Pleno dia;Decrescente;Nublado;Dupla;"Declive;Curva;Interseção de Vias";Sim;2;0;1;0;1;0;1;2;-15,87788149;-50,8864881;SPRF-GO;DEL04-GO;UOP02-DEL04-GO
653477;06/01/2025;segunda-feira;10:40:00;SC;101;205,7;SAO JOSE;Reação tardia ou ineficiente do condutor;Colisão traseira;Com Vítimas Feridas;Pleno dia;Decrescente;Céu Claro;Múltipla;Reta;Sim;3;0;1;0;2;0;1;3;-27,58313237;-48,61532885;SPRF-SC;DEL01-SC;UOP01-DEL01-SC
653480;06/01/2025;segunda-feira;11:10:00;PE;101;60;RECIFE;Animais na Pista;Queda de ocupante de veículo;Com Vítimas Feridas;Pleno dia;Decrescente;Sol;Dupla;Reta;Sim;2;0;2;0;0;0;2;1;-7,98344307;-34,93176727;SPRF-PE;DEL01-PE;UOP02-DEL01-PE
653481;06/01/2025;segunda-feira;10:10:00;RS;386;294,4;POUSO NOVO;Mal súbito do condutor;Saída de leito carroçável;Com Vítimas Feridas;Pleno dia;Crescente;Céu Claro;Simples;Curva;Não;9;0;2;0;7;0;2;1;-29,121178;-52,248886;SPRF-RS;DEL04-RS;UOP01-DEL04-RS
653483;06/01/2025;segunda-feira;11:30:00;MG;262;358;BETIM;Velocidade Incompatível;Saída de leito carroçável;Com Vítimas Feridas;Pleno dia;Crescente;Sol;Dupla;Curva;Sim;1;0;0;1;0;0;1;1;-19,98302866;-44,24503326;SPRF-MG;DEL01-MG;UOP03-DEL01-MG
653484;06/01/2025;segunda-feira;09:30:00;GO;20;108,7;FLORES DE GOIAS;Demais falhas mecânicas ou elétricas;Incêndio;Sem Vítimas;Pleno dia;Decrescente;Céu Claro;Simples;Reta;Não;1;0;0;0;1;0;0;1;-14,908743;-46,931419;SPRF-DF;DEL02-DF;UOP03-DEL02-DF
653485;06/01/2025;segunda-feira;08:30:00;BA;101;273;LAJE;Ausência de reação do condutor;Engavetamento;Sem Vítimas;Pleno dia;Decrescente;Céu Claro;Simples;Aclive;Não;3;0;0;0;3;0;0;3;-13,173819;-39,317437;SPRF-BA;DEL01-BA;UOP02-DEL01-BA
653486;06/01/2025;segunda-feira;11:29:00;PE;104;76,9;CARUARU;Condutor deixou de manter distância do veículo da frente;Colisão traseira;Sem Vítimas;Pleno dia;Crescente;Céu Claro;Simples;Interseção de Vias;Não;2;0;0;0;2;0;0;2;-8,367286;-35,985153;SPRF-PE;DEL02-PE;UOP01-DEL02-PE
653491;06/01/2025;segunda-feira;12:10:00;SC;101;209,8;SAO JOSE;Reação tardia ou ineficiente do condutor;Tombamento;Com Vítimas Feridas;Pleno dia;Crescente;Céu Claro;Dupla;Reta;Sim;1;0;1;0;0;0;1;1;-27,61000542;-48,63895057;SPRF-SC;DEL01-SC;UOP01-DEL01-SC
653494;06/01/2025;segunda-feira;11:50:00;PI;316;395;FRANCISCO MACEDO;Condutor deixou de manter distância do veículo da frente;Colisão traseira;Com Vítimas Feridas;Pleno dia;Decrescente;Chuva;Simples;Reta;Não;2;0;1;0;1;0;1;2;-7,31406115;-40,8024662;SPRF-PI;DEL04-PI;UOP03-DEL04-PI
653495;06/01/2025;segunda-feira;13:00:00;RJ;101;114;CAMPOS DOS GOYTACAZES;Demais falhas mecânicas ou elétricas;Colisão com objeto;Com Vítimas Feridas;Pleno dia;Crescente;Céu Claro;Dupla;Curva;Não;2;0;1;1;0;0;2;1;-21,98517176;-41,66261143;SPRF-RJ;DEL08-RJ;UOP02-DEL08-RJ