id;data_inversa;dia_semana;horario;uf;br;km;municipio;causa_acidente;tipo_acidente;classificacao_acidente;fase_dia;sentido_via;condicao_metereologica;tipo_pista;tracado_via;uso_solo;pessoas;mortos;feridos_leves;feridos_graves;ilesos;ignorados;feridos;veiculos;latitude;longitude;regional;delegacia;uop
653498;06/01/2025;segunda-feira;12:40:00;SC;101;114,3;ITAJAI;Manobra de mudança de faixa;Colisão traseira;Com Vítimas Feridas;Pleno dia;Decrescente;Céu Claro;Simples;Reta;Sim;2;0;1;0;1;0;1;2;-26,85311393;-48,72689927;SPRF-SC;DEL04-SC;UOP04-DEL04-SC
653500;06/01/2025;segunda-feira;13:00:00;PR;277;1,5;PARANAGUA;Reação tardia ou ineficiente do condutor;Tombamento;Com Vítimas Feridas;Pleno dia;Crescente;Nublado;Simples;Reta;Sim;1;0;1;0;0;0;1;1;-25,510023;-48,5310512;SPRF-PR;DEL01-PR;UOP05-DEL01-PR
653504;06/01/2025;segunda-feira;12:39:00;PI;316;1;TERESINA;Ausência de reação do condutor;Colisão traseira;Com Vítimas Feridas;Pleno dia;Decrescente;Céu Claro;Múltipla;Reta;Sim;3;0;1;0;2;0;1;3;-5,12861853;-42,80706778;SPRF-PI;DEL01-PI;UOP02-DEL01-PI
653506;06/01/2025;segunda-feira;09:50:00;RJ;40;121;DUQUE DE CAXIAS;Ultrapassagem Indevida;Colisão lateral mesmo sentido;Com Vítimas Feridas;Pleno dia;Crescente;Céu Claro;Simples;"Curva;Viaduto";Não;3;0;2;0;1;0;2;2;-22,78185499;-43,28571273;SPRF-RJ;DEL01-RJ;UOP02-DEL01-RJ
653507;06/01/2025;segunda-feira;13:40:00;SC;280;52;GUARAMIRIM;Desrespeitar a preferência no cruzamento;Colisão transversal;Com Vítimas Feridas;Pleno dia;Decrescente;Nublado;Simples;"Viaduto;Rotatória;Retorno Regulamentado";Não;3;0;2;0;1;0;2;2;-26,468904;-48,96492;SPRF-SC;DEL03-SC;UOP03-DEL03-SC
653508;06/01/2025;segunda-feira;10:50:00;BA;116;395;SANTA BARBARA;Avarias e/ou desgaste excessivo no pneu;Capotamento;Com Vítimas Feridas;Pleno dia;Crescente;Céu Claro;Dupla;Reta;Não;3;0;1;1;1;0;2;1;-11,97439801;-38,97240143;SPRF-BA;DEL02-BA;UOP01-DEL02-BA
653513;06/01/2025;segunda-feira;11:15:00;SP;153;191,9;GETULINA;Reação tardia ou ineficiente do condutor;Saída de leito carroçável;Com Vítimas Feridas;Pleno dia;Crescente;Céu Claro;Simples;Reta;Não;1;0;1;0;0;0;1;1;-21,7498596;-49,86578427;SPRF-SP;DEL07-SP;UOP01-DEL07-SP
653514;06/01/2025;segunda-feira;13:40:00;MG;116;519,2;CARATINGA;Avarias e/ou desgaste excessivo no pneu;Tombamento;Com Vítimas Feridas;Pleno dia;Crescente;Céu Claro;Simples;Reta;Não;2;0;1;1;0;0;2;1;-19,71798497;-42,12830605;SPRF-MG;DEL06-MG;UOP02-DEL06-MG
653518;06/01/2025;segunda-feira;13:00:00;RJ;101;285;ITABORAI;Reação tardia ou ineficiente do condutor;Colisão traseira;Com Vítimas Feridas;Pleno dia;Crescente;Céu Claro;Dupla;Reta;Não;4;0;1;0;3;0;1;3;-22,7498742;-42,81644087;SPRF-RJ;DEL02-RJ;UOP02-DEL02-RJ
653519;06/01/2025;segunda-feira;13:50:00;SP;116;106,3;TAUBATE;Manobra de mudança de faixa;Colisão lateral mesmo sentido;Com Vítimas Feridas;Pleno dia;Crescente;Nublado;Dupla;Reta;Não;2;0;1;0;1;0;1;2;-23,01250593;-45,52256005;SPRF-SP;DEL02-SP;UOP02-DEL02-SP
653522;06/01/2025;segunda-feira;11:45:00;RJ;101;311;SAO GONCALO;Ausência de reação do condutor;Tombamento;Com Vítimas Feridas;Pleno dia;Decrescente;Céu Claro;Dupla;Reta;Sim;1;0;1;0;0;0;1;1;-22,80062246;-43,05318779;SPRF-RJ;DEL02-RJ;UOP02-DEL02-RJ
653523;06/01/2025;segunda-feira;12:05:00;MS;436;7,3;APARECIDA DO TABOADO;Velocidade Incompatível;Colisão com objeto;Com Vítimas Feridas;Pleno dia;Crescente;Céu Claro;Simples;Rotatória;Não;1;0;1;0;0;0;1;1;-20,087124;-51,09403;SPRF-MS;DEL08-MS;UOP01-DEL08-MS
653524;06/01/2025;segunda-feira;13:20:00;MG;381;543,9;ITATIAIUCU;Velocidade Incompatível;Saída de leito carroçável;Com Vítimas Feridas;Pleno dia;Decrescente;Chuva;Dupla;"Curva;Declive";Não;3;0;1;1;1;0;2;1;-20,27336801;-44,42585498;SPRF-MG;DEL04-MG;UOP03-DEL04-MG
653525;06/01/2025;segunda-feira;14:40:00;GO;60;360;RIO VERDE;Acumulo de água sobre o pavimento;Saída de leito carroçável;Com Vítimas Feridas;Pleno dia;Crescente;Chuva;Dupla;Reta;Não;2;0;2;0;0;0;2;1;-17,6276;-50,7675;SPRF-GO;DEL04-GO;UOP02-DEL04-GO
653527;06/01/2025;segunda-feira;14:45:00;SP;116;154,1;SAO JOSE DOS CAMPOS;Trafegar com motocicleta (ou similar) entre as faixas;Colisão lateral mesmo sentido;Com Vítimas Feridas;Pleno dia;Decrescente;Sol;Dupla;Reta;Sim;2;0;0;1;1;0;1;2;-23,23903999;-45,92061901;SPRF-SP;DEL02-SP;UOP01-DEL02-SP
653531;06/01/2025;segunda-feira;14:58:00;PE;232;443;SAO JOSE DO BELMONTE;Reação tardia ou ineficiente do condutor;Colisão lateral sentido oposto;Com Vítimas Feridas;Pleno dia;Decrescente;Céu Claro;Simples;"Aclive;Reta";Não;9;0;2;0;7;0;2;3;-8,01087223;-38,58501511;SPRF-PE;DEL04-PE;UOP01-DEL04-PE
653532;06/01/2025;segunda-feira;16:00:00;PB;230;26,5;JOAO PESSOA;Condutor deixou de manter distância do veículo da frente;Colisão traseira;Com Vítimas Feridas;Pleno dia;Decrescente;Céu Claro;Dupla;Aclive;Sim;2;0;0;1;0;1;1;2;-7,1693;-34,8782;SPRF-PB;DEL01-PB;UOP01-DEL01-PB
653535;06/01/2025;segunda-feira;08:30:00;BA;116;321;ARACI;Acessar a via sem observar a presença dos outros veículos;Colisão transversal;Com Vítimas Feridas;Pleno dia;Decrescente;Céu Claro;Simples;Rotatória;Sim;2;0;0;1;1;0;1;2;-11,339086;-38,95849;SPRF-BA;DEL02-BA;UOP01-DEL02-BA
653536;06/01/2025;segunda-feira;16:05:00;SC;101;415,1;ARARANGUA;Manobra de mudança de faixa;Colisão traseira;Com Vítimas Feridas;Pleno dia;Decrescente;Céu Claro;Dupla;Curva;Não;3;0;1;0;2;0;1;2;-28,96192931;-49,5220873;SPRF-SC;DEL02-SC;UOP02-DEL02-SC
653538;06/01/2025;segunda-feira;16:20:00;SP;101;29;UBATUBA;Animais na Pista;Queda de ocupante de veículo;Com Vítimas Feridas;Pleno dia;Decrescente;Céu Claro;Simples;Reta;Não;2;0;1;0;0;1;1;2;-23,37341522;-44,96219491;SPRF-SP;DEL06-SP;UOP01-DEL06-SP
653540;06/01/2025;segunda-feira;16:00:00;RJ;101;443;MANGARATIBA;Chuva;Colisão traseira;Com Vítimas Feridas;Pleno dia;Crescente;Chuva;Simples;Curva;Não;5;0;3;1;1;0;4;2;-22,98107919;-44,08441596;SPRF-RJ;DEL03-RJ;UOP02-DEL03-RJ
653541;06/01/2025;segunda-feira;16:40:00;SE;235;1,9;ARACAJU;Condutor deixou de manter distância do veículo da frente;Colisão traseira;Com Vítimas Feridas;Pleno dia;Crescente;Céu Claro;Dupla;Declive;Não;2;0;1;0;1;0;1;2;-10,9073;-37,0947;SPRF-SE;DEL01-SE;UOP01-DEL01-SE
653544;06/01/2025;segunda-feira;16:20:00;RS;290;68,4;GRAVATAI;Ausência de reação do condutor;Tombamento;Com Vítimas Feridas;Pleno dia;Crescente;Sol;Dupla;Reta;Não;2;0;1;0;1;0;1;2;-29,943938;-50,940342;SPRF-RS;DEL03-RS;UOP01-DEL03-RS
653545;06/01/2025;segunda-feira;17:20:00;PB;101;88;JOAO PESSOA;Condutor deixou de manter distância do veículo da frente;Colisão traseira;Com Vítimas Feridas;Pleno dia;Decrescente;Céu Claro;Múltipla;Declive;Sim;2;0;1;0;1;0;1;2;-7,16470016;-34,89993643;SPRF-PB;DEL01-PB;UOP01-DEL01-PB
653546;06/01/2025;segunda-feira;16:20:00;MS;163;486;CAMPO GRANDE;Demais falhas mecânicas ou elétricas;Tombamento;Com Vítimas Feridas;Pleno dia;Crescente;Céu Claro;Simples;"Reta;Declive";Não;2;0;2;0;0;0;2;1;-20,4336361;-54,54376745;SPRF-MS;DEL01-MS;UOP02-DEL01-MS
653547;06/01/2025;segunda-feira;16:20:00;MG;116;373;FREI INOCENCIO;Entrada inopinada do pedestre;Atropelamento de Pedestre;Com Vítimas Feridas;Pleno dia;Crescente;Nublado;Simples;"Reta;Retorno Regulamentado";Sim;3;0;0;2;1;0;2;2;-18,56390406;-41,90695775;SPRF-MG;DEL11-MG;UOP01-DEL11-MG
653550;06/01/2025;segunda-feira;15:00:00;MG;365;399,9;PATOS DE MINAS;Pista Escorregadia;Saída de leito carroçável;Com Vítimas Feridas;Pleno dia;Decrescente;Chuva;Simples;Reta;Não;2;0;2;0;0;0;2;1;-18,63130925;-46,41738594;SPRF-MG;DEL10-MG;UOP01-DEL10-MG
653551;06/01/2025;segunda-feira;17:25:00;PB;230;83;CALDAS BRANDAO;Acessar a via sem observar a presença dos outros veículos;Colisão transversal;Com Vítimas Feridas;Pleno dia;Decrescente;Céu Claro;Dupla;Reta;Sim;2;0;1;0;0;1;1;2;-7,1669;-35,3355;SPRF-PB;DEL01-PB;UOP02-DEL01-PB
653552;06/01/2025;segunda-feira;16:50:00;BA;101;675;EUNAPOLIS;Ausência de reação do condutor;Engavetamento;Com Vítimas Feridas;Pleno dia;Crescente;Nublado;Simples;Reta;Não;5;0;2;0;3;0;2;3;-16,22940098;-39,5977231;SPRF-BA;DEL09-BA;UOP03-DEL09-BA
653554;06/01/2025;segunda-feira;16:35:00;RJ;40;122;DUQUE DE CAXIAS;Manobra de mudança de faixa;Colisão lateral mesmo sentido;Com Vítimas Feridas;Pleno dia;Decrescente;Céu Claro;Dupla;Reta;Sim;3;0;1;0;2;0;1;2;-22,79083113;-43,28611569;SPRF-RJ;DEL01-RJ;UOP02-DEL01-RJ
653555;06/01/2025;segunda-feira;17:49:00;RS;116;264;CANOAS;Ausência de reação do condutor;Queda de ocupante de veículo;Com Vítimas Feridas;Pleno dia;Decrescente;Céu Claro;Dupla;Reta;Sim;1;0;1;0;0;0;1;1;-29,914435;-51,17754495;SPRF-RS;DEL01-RS;UOP01-DEL01-RS
653556;06/01/2025;segunda-feira;16:46:00;RN;304;51;MOSSORO;Ultrapassagem Indevida;Colisão frontal;Com Vítimas Feridas;Pleno dia;Crescente;Céu Claro;Simples;Reta;Não;4;0;1;3;0;0;4;2;-5,25226212;-37,30878323;SPRF-RN;DEL04-RN;UOP01-DEL04-RN
653557;06/01/2025;segunda-feira;17:30:00;RN;101;69;EXTREMOZ;Desrespeitar a preferência no cruzamento;Colisão transversal;Com Vítimas Feridas;Anoitecer;Decrescente;Céu Claro;Simples;"Declive;Interseção de Vias;Reta";Não;3;0;1;0;2;0;1;2;-5,6724731;-35,2597308;SPRF-RN;DEL02-RN;UOP01-DEL02-RN
653558;06/01/2025;segunda-feira;17:50:00;MG;381;483,5;BETIM;Velocidade Incompatível;Tombamento;Com Vítimas Feridas;Pleno dia;Crescente;Chuva;Múltipla;Declive;Não;1;0;1;0;0;0;1;1;-19,95594491;-44,10721699;SPRF-MG;DEL01-MG;UOP03-DEL01-MG
653560;06/01/2025;segunda-feira;17:40:00;MG;116;702,9;MURIAE;Ultrapassagem Indevida;Colisão lateral mesmo sentido;Com Vítimas Feridas;Pleno dia;Decrescente;Nublado;Simples;Reta;Sim;2;0;1;0;1;0;1;2;-21,11938311;-42,38006362;SPRF-MG;DEL07-MG;UOP02-DEL07-MG
653561;06/01/2025;segunda-feira;17:25:00;BA;324;530;FEIRA DE SANTANA;Frear bruscamente;Colisão traseira;Com Vítimas Feridas;Anoitecer;Crescente;Céu Claro;Dupla;Reta;Não;3;0;1;0;1;1;1;3;-12,32818491;-38,86174193;SPRF-BA;DEL01-BA;UOP03-DEL01-BA
653562;06/01/2025;segunda-feira;17:26:00;PA;316;151;CAPANEMA;Acessar a via sem observar a presença dos outros veículos;Colisão transversal;Com Vítimas Feridas;Pleno dia;Decrescente;Nublado;Simples;Curva;Sim;2;0;1;0;0;1;1;2;-1,212873;-47,181547;SPRF-PA;DEL01-PA;UOP03-DEL01-PA
653563;06/01/2025;segunda-feira;15:30:00;SP;381;75,9;SAO PAULO;Demais falhas mecânicas ou elétricas;Incêndio;Sem Vítimas;Pleno dia;Decrescente;Céu Claro;Dupla;Reta;Não;2;0;0;0;2;0;0;1;-23,37660089;-46,56409613;SPRF-SP;DEL03-SP;UOP01-DEL03-SP
653564;06/01/2025;segunda-feira;18:00:00;DF;70;1;BRASILIA;Reação tardia ou ineficiente do condutor;Queda de ocupante de veículo;Com Vítimas Feridas;Anoitecer;Crescente;Céu Claro;Dupla;Reta;Sim;2;0;2;0;0;0;2;1;-15,795264;-48,063801;SPRF-DF;DEL03-DF;UOP02-DEL03-DF
653565;06/01/2025;segunda-feira;14:15:00;MG;365;285,9;JOAO PINHEIRO;Acumulo de água sobre o pavimento;Saída de leito carroçável;Com Vítimas Feridas;Pleno dia;Crescente;Chuva;Simples;"Declive;Reta";Não;5;0;3;2;0;0;5;1;-18,05993805;-45,65638991;SPRF-MG;DEL10-MG;UOP02-DEL010-MG
653566;06/01/2025;segunda-feira;16:00:00;MG;354;742,9;POUSO ALTO;Reação tardia ou ineficiente do condutor;Tombamento;Sem Vítimas;Pleno dia;Decrescente;Céu Claro;Simples;"Declive;Reta";Não;1;0;0;0;1;0;0;1;-22,23118898;-44,9332353;SPRF-MG;DEL17-MG;UOP01-DEL17-MG
653569;06/01/2025;segunda-feira;16:20:00;MG;354;757;ITAMONTE;Velocidade Incompatível;Colisão traseira;Com Vítimas Feridas;Pleno dia;Decrescente;Céu Claro;Simples;Curva;Não;4;0;0;1;3;0;1;2;-22,31949272;-44,84721578;SPRF-MG;DEL17-MG;UOP01-DEL17-MG
653570;06/01/2025;segunda-feira;17:04:00;RS;287;275,6;SAO PEDRO DO SUL;Demais falhas mecânicas ou elétricas;Colisão com objeto;Com Vítimas Feridas;Pleno dia;Decrescente;Céu Claro;Simples;Reta;Não;2;0;2;0;0;0;2;1;-29,66188963;-54,12516993;SPRF-RS;DEL09-RS;UOP01-DEL09-RS
653571;06/01/2025;segunda-feira;18:30:00;MG;381;340;BELA VISTA DE MINAS;Acessar a via sem observar a presença dos outros veículos;Colisão lateral sentido oposto;Com Vítimas Feridas;Anoitecer;Crescente;Céu Claro;Simples;Reta;Não;2;0;1;0;1;0;1;2;-19,84087497;-43,09635354;SPRF-MG;DEL03-MG;UOP01-DEL03-MG
653572;06/01/2025;segunda-feira;16:29:00;RO;174;13;VILHENA;Desrespeitar a preferência no cruzamento;Colisão transversal;Com Vítimas Feridas;Pleno dia;Decrescente;Céu Claro;Múltipla;Interseção de Vias;Sim;2;0;0;1;1;0;1;2;-12,74140004;-60,13026401;SPRF-RO;DEL04-RO;UOP01-DEL04-RO
653573;06/01/2025;segunda-feira;19:00:00;ES;101;265,9;SERRA;Manobra de mudança de faixa;Colisão lateral mesmo sentido;Com Vítimas Feridas;Plena Noite;Decrescente;Chuva;Múltipla;Reta;Sim;2;0;1;0;1;0;1;2;-20,1816849;-40,26536036;SPRF-ES;DEL02-ES;UOP01-DEL02-ES
653575;06/01/2025;segunda-feira;18:15:00;PB;101;88;JOAO PESSOA;Manobra de mudança de faixa;Colisão lateral mesmo sentido;Com Vítimas Feridas;Plena Noite;Crescente;Céu Claro;Dupla;"Reta;Interseção de Vias";Sim;5;0;1;0;4;0;1;2;-7,16470016;-34,89993643;SPRF-PB;DEL01-PB;UOP01-DEL01-PB
653578;06/01/2025;segunda-feira;19:00:00;SC;101;205,1;SAO JOSE;Pedestre andava na pista;Atropelamento de Pedestre;Com Vítimas Feridas;Anoitecer;Decrescente;Nublado;Múltipla;Reta;Sim;2;0;1;0;0;1;1;2;-27,58313237;-48,61532885;SPRF-SC;DEL01-SC;UOP01-DEL01-SC
653579;06/01/2025;segunda-feira;14:30:00;MT;174;379;CONQUISTA DOESTE;Ultrapassagem Indevida;Colisão lateral sentido oposto;Com Vítimas Feridas;Pleno dia;Decrescente;Nublado;Simples;Reta;Não;6;0;5;1;0;0;6;2;-14,54560168;-59,54265515;SPRF-MT;DEL04-MT;UOP01-DEL04-MT
653581;06/01/2025;segunda-feira;18:20:00;PB;104;119,3;CAMPINA GRANDE;Conversão proibida;Colisão transversal;Sem Vítimas;Plena Noite;Decrescente;Céu Claro;Simples;Reta;Não;2;0;0;0;2;0;0;2;-7,20325615;-35,8752172;SPRF-PB;DEL02-PB;UOP04-DEL02-PB
653582;06/01/2025;segunda-feira;19:30:00;RJ;116;321;ITATIAIA;Acumulo de água sobre o pavimento;Colisão com objeto;Com Vítimas Feridas;Plena Noite;Decrescente;Garoa/Chuvisco;Dupla;Curva;Sim;1;0;1;0;0;0;1;1;-22,48093378;-44,53547807;SPRF-RJ;DEL07-RJ;UOP02-DEL07-RJ
653584;06/01/2025;segunda-feira;19:59:00;GO;153;434;ANAPOLIS;Reação tardia ou ineficiente do condutor;Colisão com objeto;Com Vítimas Feridas;Plena Noite;Crescente;Céu Claro;Dupla;Reta;Sim;1;0;1;0;0;0;1;1;-16,275604;-48,967766;SPRF-GO;DEL02-GO;UOP01-DEL02-GO
653585;06/01/2025;segunda-feira;20:05:00;SC;101;34,9;JOINVILLE;Manobra de mudança de faixa;Colisão lateral mesmo sentido;Com Vítimas Feridas;Plena Noite;Decrescente;Garoa/Chuvisco;Dupla;Reta;Não;1;0;0;1;0;0;1;1;-26,23667403;-48,91486706;SPRF-SC;DEL03-SC;UOP01-DEL03-SC
653587;06/01/2025;segunda-feira;17:55:00;PR;476;150;ARAUCARIA;Trafegar com motocicleta (ou similar) entre as faixas;Colisão lateral mesmo sentido;Com Vítimas Feridas;Pleno dia;Crescente;Sol;Dupla;Reta;Sim;3;0;1;0;2;0;1;2;-25,558477;-49,368313;SPRF-PR;DEL01-PR;UOP06-DEL01-PR
653590;06/01/2025;segunda-feira;19:40:00;MT;364;207;RONDONOPOLIS;Chuva;Colisão traseira;Com Vítimas Feridas;Plena Noite;Crescente;Chuva;Dupla;Reta;Sim;5;0;2;0;3;0;2;2;-16,44347006;-54,67236704;SPRF-MT;DEL02-MT;UOP01-DEL02-MT
653591;06/01/2025;segunda-feira;21:20:00;SP;101;45;UBATUBA;Pedestre andava na pista;Atropelamento de Pedestre;Com Vítimas Feridas;Plena Noite;Crescente;Chuva;Simples;Reta;Sim;2;0;1;1;0;0;2;2;-23,41779396;-45,06788408;SPRF-SP;DEL06-SP;UOP01-DEL06-SP
653592;06/01/2025;segunda-feira;21:30:00;SE;235;5,8;NOSSA SENHORA DO SOCORRO;Reação tardia ou ineficiente do condutor;Saída de leito carroçável;Com Vítimas Feridas;Plena Noite;Decrescente;Nublado;Dupla;Reta;Não;1;0;1;0;0;0;1;1;-10,903851;-37,128677;SPRF-SE;DEL01-SE;UOP01-DEL01-SE
653594;06/01/2025;segunda-feira;17:30:00;GO;364;149;JATAI;Acumulo de água sobre o pavimento;Saída de leito carroçável;Sem Vítimas;Anoitecer;Crescente;Chuva;Simples;"Curva;Declive";Não;4;0;0;0;4;0;0;1;-18,165903;-51,420219;SPRF-GO;DEL05-GO;UOP02-DEL05-GO
653596;05/01/2025;domingo;22:00:00;PI;135;640;CRISTALANDIA DO PIAUI;Reação tardia ou ineficiente do condutor;Colisão frontal;Com Vítimas Feridas;Plena Noite;Crescente;Céu Claro;Simples;Reta;Não;4;0;3;0;1;0;3;2;-10,83178905;-45,15505531;SPRF-PI;DEL03-PI;UOP02-DEL03-PI
653597;06/01/2025;segunda-feira;19:40:00;MG;262;438;NOVA SERRANA;Pedestre andava na pista;Atropelamento de Pedestre;Com Vítimas Feridas;Plena Noite;Decrescente;Vento;Dupla;Reta;Não;3;0;1;1;0;1;2;2;-19,89280962;-44,878453;SPRF-MG;DEL08-MG;UOP03-DEL08-MG
653604;06/01/2025;segunda-feira;23:15:00;PR;116;109;CURITIBA;Manobra de mudança de faixa;Colisão traseira;Sem Vítimas;Plena Noite;Decrescente;Nublado;Dupla;Reta;Não;3;0;0;0;3;0;0;2;-25,564277;-49,25185;SPRF-PR;DEL01-PR;UOP03-DEL01-PR
653605;06/01/2025;segunda-feira;22:20:00;MT;163;763;SORRISO;Reação tardia ou ineficiente do condutor;Queda de ocupante de veículo;Com Vítimas Feridas;Plena Noite;Crescente;Céu Claro;Simples;Reta;Não;1;0;0;1;0;0;1;1;-12,46484217;-55,66915154;SPRF-MT;DEL06-MT;UOP01-DEL06-MT
653609;07/01/2025;terça-feira;03:00:00;SC;101;202,4;SAO JOSE;Reação tardia ou ineficiente do condutor;Colisão com objeto;Com Vítimas Feridas;Plena Noite;Crescente;Céu Claro;Dupla;Reta;Sim;1;0;1;0;0;0;1;1;-27,55711595;-48,61897889;SPRF-SC;DEL01-SC;UOP01-DEL01-SC
653610;07/01/2025;terça-feira;02:40:00;CE;20;334;CARIDADE;Animais na Pista;Atropelamento de Animal;Sem Vítimas;Plena Noite;Crescente;Nublado;Simples;Reta;Não;3;0;0;0;3;0;0;1;-4,17203373;-39,1594572;SPRF-CE;DEL02-CE;UOP01-DEL02-CE
653611;07/01/2025;terça-feira;04:52:00;PE;407;117;PETROLINA;Reação tardia ou ineficiente do condutor;Capotamento;Com Vítimas Feridas;Amanhecer;Decrescente;Nublado;Simples;Reta;Não;1;0;1;0;0;0;1;1;-9,314647;-40,57336;SPRF-PE;DEL06-PE;UOP01-DEL06-PE
653612;07/01/2025;terça-feira;05:50:00;ES;101;86;SAO MATEUS;Transitar na contramão;Colisão frontal;Com Vítimas Feridas;Amanhecer;Crescente;Chuva;Simples;Reta;Não;5;0;0;5;0;0;5;2;-18,86552104;-39,93978995;SPRF-ES;DEL04-ES;UOP02-DEL04-ES
653613;07/01/2025;terça-feira;00:10:00;SC;282;406,8;CATANDUVAS;Ingestão de álcool pelo condutor;Saída de leito carroçável;Sem Vítimas;Plena Noite;Crescente;Céu Claro;Simples;"Reta;Declive";Não;3;0;0;0;3;0;0;1;-27,092703;-51,659904;SPRF-SC;DEL07-SC;UOP05-DEL07-SC
653614;07/01/2025;terça-feira;06:50:00;PB;230;18,5;JOAO PESSOA;Demais falhas mecânicas ou elétricas;Queda de ocupante de veículo;Com Vítimas Feridas;Pleno dia;Decrescente;Céu Claro;Dupla;Reta;Sim;2;0;2;0;0;0;2;1;-7,1198;-34,8453;SPRF-PB;DEL01-PB;UOP01-DEL01-PB
653616;07/01/2025;terça-feira;06:30:00;RN;304;215,3;CAICARA DO RIO DO VENTO;Demais falhas mecânicas ou elétricas;Queda de ocupante de veículo;Com Vítimas Feridas;Pleno dia;Decrescente;Sol;Simples;Reta;Não;2;0;2;0;0;0;2;1;-5,75427196;-36,03341699;SPRF-RN;DEL01-RN;UOP03-DEL01-RN
653618;07/01/2025;terça-feira;05:45:00;PR;369;177;ROLANDIA;Desrespeitar a preferência no cruzamento;Colisão transversal;Com Vítimas Feridas;Amanhecer;Crescente;Céu Claro;Dupla;Interseção de Vias;Sim;2;0;1;0;0;1;1;2;-23,33692156;-51,38832101;SPRF-PR;DEL07-PR;UOP01-DEL07-PR
653619;07/01/2025;terça-feira;06:50:00;CE;222;3;FORTALEZA;Manobra de mudança de faixa;Colisão lateral mesmo sentido;Com Vítimas Feridas;Pleno dia;Decrescente;Céu Claro;Múltipla;Ponte;Sim;3;0;2;0;1;0;2;2;-3,7403769;-38,59569202;SPRF-CE;DEL01-CE;UOP01-DEL01-CE
653620;07/01/2025;terça-feira;07:00:00;SP;116;545;BARRA DO TURVO;Reação tardia ou ineficiente do condutor;Colisão com objeto;Com Vítimas Feridas;Pleno dia;Crescente;Nublado;Múltipla;Curva;Não;4;0;2;0;2;0;2;2;-24,95016699;-48,42400302;SPRF-SP;DEL05-SP;UOP02-DEL05-SP
653621;07/01/2025;terça-feira;06:50:00;RS;0;0;IJUI;Objeto estático sobre o leito carroçável;Colisão traseira;Sem Vítimas;Pleno dia;Não Informado;Céu Claro;Simples;Interseção de Vias;Não;4;0;0;0;4;0;0;2;-28,32116937;-53,99631679;SPRF-RS;DEL10-RS;UOP01-DEL10-RS
653623;07/01/2025;terça-feira;07:40:00;SC;101;280,9;IMBITUBA;Ausência de reação do condutor;Colisão traseira;Com Vítimas Feridas;Pleno dia;Crescente;Céu Claro;Dupla;Reta;Não;6;0;0;2;4;0;2;4;-28,20212053;-48,69865274;SPRF-SC;DEL02-SC;UOP03-DEL02-SC
653625;06/01/2025;segunda-feira;21:50:00;MT;163;555;DIAMANTINO;Ausência de reação do condutor;Saída de leito carroçável;Com Vítimas Feridas;Plena Noite;Crescente;Chuva;Simples;Reta;Não;4;0;4;0;0;0;4;1;-14,267496;-56,15044099;SPRF-MT;DEL01-MT;UOP01-DEL01-MT
653626;07/01/2025;terça-feira;06:41:00;SC;101;121;ITAJAI;Reação tardia ou ineficiente do condutor;Tombamento;Com Vítimas Feridas;Pleno dia;Crescente;Céu Claro;Múltipla;Reta;Não;1;0;1;0;0;0;1;1;-26,92103178;-48,70856446;SPRF-SC;DEL04-SC;UOP04-DEL04-SC
653627;07/01/2025;terça-feira;07:15:00;CE;116;8;FORTALEZA;Reação tardia ou ineficiente do condutor;Colisão traseira;Com Vítimas Feridas;Pleno dia;Decrescente;Céu Claro;Dupla;Reta;Sim;3;0;1;0;2;0;1;3;-3,82218511;-38,50323915;SPRF-CE;DEL01-CE;UOP02-DEL01-CE
653628;07/01/2025;terça-feira;07:45:00;RS;116;265;CANOAS;Manobra de mudança de faixa;Tombamento;Com Vítimas Feridas;Pleno dia;Decrescente;Céu Claro;Múltipla;"Viaduto;Reta";Sim;2;0;1;0;0;1;1;2;-29,92342302;-51,17780944;SPRF-RS;DEL01-RS;UOP01-DEL01-RS
653629;07/01/2025;terça-feira;08:00:00;ES;101;295;CARIACICA;Manobra de mudança de faixa;Colisão traseira;Com Vítimas Feridas;Pleno dia;Crescente;Céu Claro;Dupla;Reta;Não;3;0;2;0;1;0;2;2;-20,33223667;-40,40004683;SPRF-ES;DEL01-ES;UOP01-DEL01-ES
653631;07/01/2025;terça-feira;05:34:00;RJ;465;11;SEROPEDICA;Animais na Pista;Queda de ocupante de veículo;Com Vítimas Feridas;Pleno dia;Decrescente;Céu Claro;Dupla;Reta;Sim;1;0;1;0;0;0;1;1;-22,784172;-43,656998;SPRF-RJ;DEL06-RJ;UOP02-DEL06-RJ
653634;07/01/2025;terça-feira;07:40:00;MT;364;204,8;RONDONOPOLIS;Acessar a via sem observar a presença dos outros veículos;Colisão lateral mesmo sentido;Com Vítimas Feridas;Pleno dia;Decrescente;Nublado;Dupla;Reta;Sim;3;0;3;0;0;0;3;2;-16,467325;-54,657196;SPRF-MT;DEL02-MT;UOP01-DEL02-MT
653635;07/01/2025;terça-feira;09:15:00;RS;290;95;PORTO ALEGRE;Trafegar com motocicleta (ou similar) entre as faixas;Colisão lateral mesmo sentido;Com Vítimas Feridas;Pleno dia;Crescente;Céu Claro;Múltipla;Reta;Sim;3;0;1;0;2;0;1;2;-29,982832;-51,201572;SPRF-RS;DEL01-RS;UOP01-DEL01-RS