id;data_inversa;dia_semana;horario;uf;br;km;municipio;causa_acidente;tipo_acidente;classificacao_acidente;fase_dia;sentido_via;condicao_metereologica;tipo_pista;tracado_via;uso_solo;pessoas;mortos;feridos_leves;feridos_graves;ilesos;ignorados;feridos;veiculos;latitude;longitude;regional;delegacia;uop
653942;09/01/2025;quinta-feira;00:00:00;SC;101;89;BARRA VELHA;Ausência de reação do condutor;Colisão traseira;Com Vítimas Feridas;Plena Noite;Crescente;Chuva;Simples;Reta;Não;6;0;4;0;2;0;4;2;-26,65175997;-48,68721921;SPRF-SC;DEL03-SC;UOP02-DEL03-SC
653943;08/01/2025;quarta-feira;23:30:00;PA;230;139;MARABA;Animais na Pista;Atropelamento de Animal;Com Vítimas Feridas;Plena Noite;Crescente;Céu Claro;Simples;Declive;Não;2;0;1;0;1;0;1;1;-5,32771071;-49,23715374;SPRF-PA;DEL03-PA;UOP01-DEL03-PA
653946;09/01/2025;quinta-feira;01:30:00;SC;101;204;SAO JOSE;Pista Escorregadia;Queda de ocupante de veículo;Com Vítimas Feridas;Plena Noite;Decrescente;Chuva;Dupla;"Reta;Declive";Sim;2;0;1;1;0;0;2;1;-27,57413014;-48,61363083;SPRF-SC;DEL01-SC;UOP01-DEL01-SC
653948;09/01/2025;quinta-feira;00:40:00;RJ;101;384,5;RIO DE JANEIRO;Acessar a via sem observar a presença dos outros veículos;Colisão lateral mesmo sentido;Sem Vítimas;Plena Noite;Decrescente;Chuva;Múltipla;Reta;Sim;3;0;0;0;3;0;0;2;-22,8765463;-43,61463385;SPRF-RJ;DEL03-RJ;UOP01-DEL03-RJ
653951;08/01/2025;quarta-feira;22:30:00;RS;158;333;SANTA MARIA;Pedestre andava na pista;Atropelamento de Pedestre;Com Vítimas Fatais;Plena Noite;Crescente;Céu Claro;Simples;Reta;Sim;2;1;0;1;0;0;1;2;-29,70846948;-53,86426102;SPRF-RS;DEL09-RS;UOP01-DEL09-RS
653954;09/01/2025;quinta-feira;01:08:00;MT;163;1066;GUARANTA DO NORTE;Ingestão de álcool pelo condutor;Saída de leito carroçável;Sem Vítimas;Plena Noite;Decrescente;Chuva;Simples;Reta;Sim;2;0;0;0;2;0;0;1;-9,93933;-54,903238;SPRF-MT;DEL06-MT;UOP03-DEL06-MT
653955;09/01/2025;quinta-feira;04:50:00;SC;470;75,2;INDAIAL;Velocidade Incompatível;Saída de leito carroçável;Com Vítimas Feridas;Amanhecer;Decrescente;Nublado;Simples;Reta;Não;1;0;0;1;0;0;1;1;-26,924833;-49,284004;SPRF-SC;DEL04-SC;UOP01-DEL04-SC
653958;09/01/2025;quinta-feira;05:50:00;MG;381;443;SANTA LUZIA;Velocidade Incompatível;Saída de leito carroçável;Com Vítimas Feridas;Amanhecer;Crescente;Chuva;Simples;"Curva;Declive";Não;5;0;4;0;1;0;4;1;-19,808479;-43,78324;SPRF-MG;DEL01-MG;UOP01-DEL01-MG
653959;09/01/2025;quinta-feira;05:10:00;PE;232;134;CARUARU;Condutor deixou de manter distância do veículo da frente;Colisão traseira;Com Vítimas Feridas;Amanhecer;Crescente;Céu Claro;Múltipla;Reta;Sim;2;0;1;0;1;0;1;2;-8,30853497;-36,02442101;SPRF-PE;DEL02-PE;UOP01-DEL02-PE
653969;09/01/2025;quinta-feira;07:07:00;RS;116;38,5;VACARIA;Condutor deixou de manter distância do veículo da frente;Colisão traseira;Com Vítimas Feridas;Pleno dia;Crescente;Nublado;Simples;"Interseção de Vias;Reta";Sim;4;0;1;0;3;0;1;2;-28,50548;-50,92516;SPRF-RS;DEL05-RS;UOP03-DEL05-RS
653971;09/01/2025;quinta-feira;07:35:00;SC;101;79;ARAQUARI;Ausência de reação do condutor;Tombamento;Com Vítimas Feridas;Pleno dia;Decrescente;Nublado;Múltipla;Reta;Não;1;0;1;0;0;0;1;1;-26,58559601;-48,72192112;SPRF-SC;DEL03-SC;UOP02-DEL03-SC
653974;09/01/2025;quinta-feira;07:00:00;ES;101;269,8;SERRA;Ausência de reação do condutor;Colisão traseira;Com Vítimas Feridas;Pleno dia;Crescente;Chuva;Dupla;Reta;Sim;2;0;1;0;1;0;1;2;-20,21740496;-40,26990578;SPRF-ES;DEL02-ES;UOP01-DEL02-ES
653976;09/01/2025;quinta-feira;06:00:00;SC;282;6;SAO JOSE;Ingestão de álcool pelo condutor;Colisão com objeto;Sem Vítimas;Amanhecer;Crescente;Garoa/Chuvisco;Simples;Curva;Sim;1;0;0;0;1;0;0;1;-27,588425;-48,612919;SPRF-SC;DEL01-SC;UOP01-DEL01-SC
653977;09/01/2025;quinta-feira;06:45:00;RN;101;81;NATAL;Ausência de reação do condutor;Colisão traseira;Com Vítimas Feridas;Pleno dia;Crescente;Céu Claro;Dupla;Reta;Sim;2;0;1;0;1;0;1;2;-5,76469466;-35,28295988;SPRF-RN;DEL02-RN;UOP01-DEL02-RN
653978;09/01/2025;quinta-feira;07:30:00;BA;324;602;SIMOES FILHO;Pista esburacada;Tombamento;Com Vítimas Feridas;Pleno dia;Crescente;Céu Claro;Múltipla;Reta;Não;2;0;2;0;0;0;2;1;-12,76402892;-38,42393483;SPRF-BA;DEL01-BA;UOP01-DEL01-BA
653979;09/01/2025;quinta-feira;08:10:00;SC;101;29,6;JOINVILLE;Trafegar com motocicleta (ou similar) entre as faixas;Colisão lateral mesmo sentido;Com Vítimas Feridas;Pleno dia;Crescente;Céu Claro;Dupla;Reta;Não;2;0;1;0;1;0;1;2;-26,211903;-48,91589904;SPRF-SC;DEL03-SC;UOP01-DEL03-SC
653980;09/01/2025;quinta-feira;08:20:00;MG;40;805,9;MATIAS BARBOSA;Retorno proibido;Colisão transversal;Com Vítimas Feridas;Pleno dia;Crescente;Nublado;Dupla;Retorno Regulamentado;Não;2;0;0;1;1;0;1;2;-21,866665;-43,36145192;SPRF-MG;DEL05-MG;UOP01-DEL05-MG
653981;09/01/2025;quinta-feira;08:00:00;CE;116;14;FORTALEZA;Manobra de mudança de faixa;Colisão lateral mesmo sentido;Com Vítimas Feridas;Pleno dia;Crescente;Nublado;Dupla;Reta;Sim;2;0;1;0;1;0;1;2;-3,86973356;-38,49827361;SPRF-CE;DEL01-CE;UOP02-DEL01-CE
653983;09/01/2025;quinta-feira;08:29:00;RN;304;204;LAJES;Ausência de reação do condutor;Colisão traseira;Com Vítimas Feridas;Pleno dia;Crescente;Céu Claro;Simples;Reta;Não;6;0;1;0;5;0;1;2;-5,73480279;-36,13047997;SPRF-RN;DEL01-RN;UOP03-DEL01-RN
653985;09/01/2025;quinta-feira;07:30:00;MG;262;387;FLORESTAL;Acumulo de água sobre o pavimento;Colisão com objeto;Com Vítimas Feridas;Pleno dia;Crescente;Garoa/Chuvisco;Dupla;Reta;Não;3;0;1;0;2;0;1;1;-19,93472988;-44,43457599;SPRF-MG;DEL01-MG;UOP03-DEL01-MG
653988;08/01/2025;quarta-feira;18:10:00;SP;101;31;UBATUBA;Chuva;Colisão traseira;Sem Vítimas;Pleno dia;Decrescente;Chuva;Múltipla;"Reta;Aclive";Não;3;0;0;0;3;0;0;2;-23,38434701;-44,97217398;SPRF-SP;DEL06-SP;UOP01-DEL06-SP
653990;09/01/2025;quinta-feira;08:17:00;PB;230;15,1;CABEDELO;Condutor deixou de manter distância do veículo da frente;Colisão traseira;Com Vítimas Feridas;Pleno dia;Crescente;Céu Claro;Dupla;Reta;Não;3;0;1;0;1;1;1;2;-7,093;-34,8482;SPRF-PB;DEL01-PB;UOP01-DEL01-PB
653992;09/01/2025;quinta-feira;08:00:00;RJ;101;52;CAMPOS DOS GOYTACAZES;Animais na Pista;Atropelamento de Animal;Com Vítimas Feridas;Pleno dia;Crescente;Céu Claro;Simples;Reta;Não;1;0;1;0;0;0;1;1;-21,660484;-41,31128898;SPRF-RJ;DEL08-RJ;UOP01-DEL08-RJ
653993;09/01/2025;quinta-feira;09:35:00;PR;469;21;FOZ DO IGUACU;Condutor Dormindo;Colisão traseira;Sem Vítimas;Pleno dia;Crescente;Céu Claro;Simples;Reta;Sim;3;0;0;0;3;0;0;3;-25,6114;-54,4861;SPRF-PR;DEL05-PR;UOP04-DEL05-PR
653995;09/01/2025;quinta-feira;08:00:00;MG;116;674;MIRADOURO;Acessar a via sem observar a presença dos outros veículos;Saída de leito carroçável;Com Vítimas Feridas;Pleno dia;Crescente;Céu Claro;Simples;Curva;Não;1;0;1;0;0;0;1;1;-20,89732211;-42,34378692;SPRF-MG;DEL07-MG;UOP02-DEL07-MG
653996;09/01/2025;quinta-feira;08:50:00;PR;277;725,7;FOZ DO IGUACU;Reação tardia ou ineficiente do condutor;Colisão traseira;Sem Vítimas;Pleno dia;Crescente;Céu Claro;Simples;"Rotatória;Viaduto";Sim;2;0;0;0;2;0;0;2;-25,5107509;-54,55016077;SPRF-PR;DEL05-PR;UOP03-DEL05-PR
653997;09/01/2025;quinta-feira;07:30:00;PR;376;674;GUARATUBA;Demais falhas mecânicas ou elétricas;Incêndio;Sem Vítimas;Pleno dia;Decrescente;Nublado;Dupla;Reta;Não;1;0;0;0;1;0;0;1;-25,90851198;-48,92070682;SPRF-PR;DEL01-PR;UOP04-DEL01-PR
653998;09/01/2025;quinta-feira;09:20:00;SC;101;339;TUBARAO;Condutor usando celular;Colisão com objeto;Com Vítimas Feridas;Pleno dia;Decrescente;Sol;Múltipla;Ponte;Não;4;0;3;0;1;0;3;1;-28,49351117;-49,04178985;SPRF-SC;DEL02-SC;UOP01-DEL02-SC
653999;09/01/2025;quinta-feira;09:00:00;BA;367;23;PORTO SEGURO;Acesso irregular;Colisão frontal;Com Vítimas Feridas;Pleno dia;Crescente;Céu Claro;Simples;Reta;Sim;2;0;1;0;1;0;1;2;-16,43517732;-39,07201198;SPRF-BA;DEL09-BA;UOP03-DEL09-BA
654002;09/01/2025;quinta-feira;09:41:00;RS;386;113,2;SARANDI;Acessar a via sem observar a presença dos outros veículos;Colisão transversal;Sem Vítimas;Pleno dia;Crescente;Céu Claro;Simples;"Interseção de Vias;Curva";Não;3;0;0;0;3;0;0;2;-27,826075;-53,031448;SPRF-RS;DEL08-RS;UOP01-DEL08-RS
654003;09/01/2025;quinta-feira;09:30:00;PR;369;184;ARAPONGAS;Avarias e/ou desgaste excessivo no pneu;Tombamento;Com Vítimas Feridas;Pleno dia;Decrescente;Céu Claro;Simples;Reta;Sim;2;0;2;0;0;0;2;1;-23,40705487;-51,42811239;SPRF-PR;DEL07-PR;UOP03-DEL07-PR
654006;09/01/2025;quinta-feira;10:30:00;CE;116;19;ITAITINGA;Condutor Dormindo;Colisão com objeto;Com Vítimas Feridas;Pleno dia;Crescente;Céu Claro;Dupla;Reta;Sim;1;0;0;1;0;0;1;1;-3,91384397;-38,50667231;SPRF-CE;DEL01-CE;UOP02-DEL01-CE
654009;09/01/2025;quinta-feira;11:15:00;MG;40;493;ESMERALDAS;Chuva;Saída de leito carroçável;Com Vítimas Feridas;Pleno dia;Decrescente;Chuva;Dupla;"Curva;Declive";Não;2;0;2;0;0;0;2;1;-19,64620694;-44,20301977;SPRF-MG;DEL02-MG;UOP01-DEL02-MG
654010;09/01/2025;quinta-feira;10:35:00;PI;343;3;TERESINA;Reação tardia ou ineficiente do condutor;Colisão traseira;Com Vítimas Feridas;Pleno dia;Crescente;Nublado;Simples;Reta;Sim;3;0;1;0;2;0;1;2;-5,081003;-42,776359;SPRF-PI;DEL01-PI;UOP01-DEL01-PI
654012;09/01/2025;quinta-feira;11:20:00;RS;290;206,5;PANTANO GRANDE;Demais falhas mecânicas ou elétricas;Colisão com objeto;Com Vítimas Feridas;Pleno dia;Crescente;Sol;Simples;"Reta;Em Obras";Não;3;0;1;0;2;0;1;1;-30,169573;-52,278069;SPRF-RS;DEL02-RS;UOP03-DEL02-RS
654014;09/01/2025;quinta-feira;11:49:00;RN;110;46,1;MOSSORO;Conversão proibida;Colisão transversal;Com Vítimas Feridas;Pleno dia;Crescente;Céu Claro;Dupla;Reta;Sim;2;0;0;1;1;0;1;2;-5,19797675;-37,31839819;SPRF-RN;DEL04-RN;UOP01-DEL04-RN
654016;09/01/2025;quinta-feira;12:00:00;MG;50;52,9;ARAGUARI;Manobra de mudança de faixa;Colisão lateral mesmo sentido;Com Vítimas Feridas;Pleno dia;Crescente;Sol;Dupla;"Declive;Reta";Não;2;0;1;0;0;1;1;2;-18,76136852;-48,24076546;SPRF-MG;DEL15-MG;UOP02-DEL15-MG
654017;09/01/2025;quinta-feira;11:20:00;MS;163;183;JUTI;Reação tardia ou ineficiente do condutor;Saída de leito carroçável;Com Vítimas Feridas;Pleno dia;Crescente;Céu Claro;Simples;Curva;Não;4;0;1;0;3;0;1;1;-22,81789076;-54,70297393;SPRF-MS;DEL09-MS;UOP01-DEL09-MS
654019;09/01/2025;quinta-feira;11:50:00;SP;116;283;EMBU DAS ARTES;Afundamento ou ondulação no pavimento;Queda de ocupante de veículo;Com Vítimas Feridas;Pleno dia;Decrescente;Céu Claro;Dupla;Reta;Sim;1;0;1;0;0;0;1;1;-23,69297005;-46,86352786;SPRF-SP;DEL04-SP;UOP01-DEL04-SP
654020;09/01/2025;quinta-feira;12:30:00;PA;316;57;CASTANHAL;Reação tardia ou ineficiente do condutor;Tombamento;Com Vítimas Feridas;Pleno dia;Crescente;Céu Claro;Dupla;"Reta;Aclive";Sim;2;0;2;0;0;0;2;1;-1,30088766;-47,98196704;SPRF-PA;DEL01-PA;UOP01-DEL01-PA
654022;09/01/2025;quinta-feira;11:00:00;PB;361;4,2;PATOS;Reação tardia ou ineficiente do condutor;Colisão lateral mesmo sentido;Com Vítimas Feridas;Pleno dia;Crescente;Céu Claro;Simples;Reta;Sim;2;0;1;1;0;0;2;2;-7,03208047;-37,29365088;SPRF-PB;DEL03-PB;UOP01-DEL03-PB
654028;09/01/2025;quinta-feira;13:40:00;MG;262;478,9;BOM DESPACHO;Transitar na contramão;Colisão frontal;Com Vítimas Feridas;Pleno dia;Decrescente;Sol;Simples;Reta;Sim;2;0;1;0;1;0;1;2;-19,78767779;-45,22989387;SPRF-MG;DEL08-MG;UOP03-DEL08-MG
654029;09/01/2025;quinta-feira;14:08:00;ES;262;0,5;CARIACICA;Avarias e/ou desgaste excessivo no pneu;Colisão com objeto;Com Vítimas Feridas;Pleno dia;Decrescente;Nublado;Dupla;"Reta;Ponte";Sim;1;0;0;1;0;0;1;1;-20,320793;-40,353315;SPRF-ES;DEL01-ES;UOP01-DEL01-ES
654030;09/01/2025;quinta-feira;09:00:00;MG;365;502;PATROCINIO;Ultrapassagem Indevida;Colisão frontal;Com Vítimas Feridas;Pleno dia;Decrescente;Céu Claro;Simples;Reta;Não;5;0;5;0;0;0;5;2;-18,95990548;-47,24650221;SPRF-MG;DEL10-MG;UOP01-DEL10-MG
654031;09/01/2025;quinta-feira;13:40:00;PR;116;130;FAZENDA RIO GRANDE;Reação tardia ou ineficiente do condutor;Colisão lateral mesmo sentido;Com Vítimas Feridas;Pleno dia;Crescente;Sol;Dupla;Reta;Sim;2;0;1;0;1;0;1;2;-25,63927799;-49,31302988;SPRF-PR;DEL01-PR;UOP03-DEL01-PR
654036;06/01/2025;segunda-feira;05:20:00;MT;70;515;VARZEA GRANDE;Acesso irregular;Colisão frontal;Com Vítimas Feridas;Amanhecer;Crescente;Garoa/Chuvisco;Simples;Reta;Sim;3;0;2;0;1;0;2;2;-15,70526;-56,145435;SPRF-MT;DEL01-MT;UOP02-DEL01-MT
654039;09/01/2025;quinta-feira;13:50:00;RS;116;374;TAPES;Avarias e/ou desgaste excessivo no pneu;Tombamento;Com Vítimas Feridas;Pleno dia;Crescente;Céu Claro;Dupla;Curva;Não;2;0;1;0;1;0;1;1;-30,72576022;-51,61377275;SPRF-RS;DEL02-RS;UOP02-DEL02-RS
654041;09/01/2025;quinta-feira;14:59:00;RS;116;495;TURUCU;Demais falhas mecânicas ou elétricas;Tombamento;Com Vítimas Feridas;Pleno dia;Crescente;Céu Claro;Simples;Curva;Não;2;0;2;0;0;0;2;1;-31,51237676;-52,22455149;SPRF-RS;DEL07-RS;UOP01-DEL07-RS
654043;09/01/2025;quinta-feira;12:20:00;RJ;101;318;SAO GONCALO;Ausência de reação do condutor;Tombamento;Com Vítimas Feridas;Pleno dia;Decrescente;Chuva;Dupla;Reta;Não;1;0;1;0;0;0;1;1;-22,84562994;-43,09841211;SPRF-RJ;DEL02-RJ;UOP02-DEL02-RJ
654044;09/01/2025;quinta-feira;12:30:00;RO;364;713;PORTO VELHO;Entrada inopinada do pedestre;Atropelamento de Pedestre;Com Vítimas Feridas;Pleno dia;Crescente;Chuva;Simples;Interseção de Vias;Sim;2;0;1;0;1;0;1;2;-8,77164381;-63,88371706;SPRF-RO;DEL01-RO;UOP01-DEL01-RO
654046;09/01/2025;quinta-feira;15:05:00;PE;101;57;PAULISTA;Condutor deixou de manter distância do veículo da frente;Colisão traseira;Com Vítimas Feridas;Pleno dia;Decrescente;Céu Claro;Dupla;Reta;Sim;3;0;2;0;1;0;2;2;-7,96346213;-34,91513486;SPRF-PE;DEL01-PE;UOP02-DEL01-PE
654050;09/01/2025;quinta-feira;16:10:00;RJ;116;171;RIO DE JANEIRO;Manobra de mudança de faixa;Colisão lateral mesmo sentido;Sem Vítimas;Pleno dia;Crescente;Garoa/Chuvisco;Dupla;Reta;Sim;2;0;0;0;2;0;0;2;-22,8060415;-43,34289573;SPRF-RJ;DEL06-RJ;UOP01-DEL06-RJ
654051;09/01/2025;quinta-feira;16:15:00;MG;50;70;UBERLANDIA;Condutor deixou de manter distância do veículo da frente;Colisão traseira;Com Vítimas Feridas;Pleno dia;Decrescente;Nublado;Dupla;Reta;Sim;2;0;0;1;1;0;1;2;-18,85140204;-48,25345932;SPRF-MG;DEL15-MG;UOP01-DEL15-MG
654057;09/01/2025;quinta-feira;16:30:00;RJ;101;61;CAMPOS DOS GOYTACAZES;Acessar a via sem observar a presença dos outros veículos;Colisão transversal;Com Vítimas Feridas;Pleno dia;Decrescente;Chuva;Simples;Reta;Sim;3;0;2;0;1;0;2;2;-21,72655788;-41,32133519;SPRF-RJ;DEL08-RJ;UOP01-DEL08-RJ
654060;09/01/2025;quinta-feira;17:18:00;ES;101;70;SAO MATEUS;Acessar a via sem observar a presença dos outros veículos;Colisão transversal;Com Vítimas Feridas;Pleno dia;Crescente;Chuva;Simples;Reta;Sim;2;0;1;0;1;0;1;2;-18,74453703;-39,86164665;SPRF-ES;DEL04-ES;UOP02-DEL04-ES
654061;09/01/2025;quinta-feira;16:50:00;RJ;101;273,9;TANGUA;Ausência de reação do condutor;Colisão lateral mesmo sentido;Com Vítimas Feridas;Pleno dia;Crescente;Chuva;Dupla;"Viaduto;Reta;Aclive";Sim;2;0;1;0;0;1;1;2;-22,73506292;-42,71948103;SPRF-RJ;DEL02-RJ;UOP03-DEL02-RJ
654062;09/01/2025;quinta-feira;17:05:00;RS;470;176;VERANOPOLIS;Área urbana sem a presença de local apropriado para a travessia de pedestres;Atropelamento de Pedestre;Com Vítimas Feridas;Pleno dia;Decrescente;Céu Claro;Simples;Curva;Não;3;0;1;0;2;0;1;2;-28,929109;-51,54315;SPRF-RS;DEL06-RS;UOP02-DEL06-RS
654065;09/01/2025;quinta-feira;16:00:00;MG;262;549;LUZ;Reação tardia ou ineficiente do condutor;Saída de leito carroçável;Com Vítimas Feridas;Pleno dia;Crescente;Chuva;Simples;Curva;Não;1;0;1;0;0;0;1;1;-19,72508993;-45,86948395;SPRF-MG;DEL08-MG;UOP02-DEL08-MG
654067;09/01/2025;quinta-feira;17:10:00;MG;381;485;BETIM;Manobra de mudança de faixa;Colisão lateral mesmo sentido;Com Vítimas Feridas;Amanhecer;Crescente;Céu Claro;Múltipla;Reta;Sim;3;0;2;0;1;0;2;2;-19,95659361;-44,12622893;SPRF-MG;DEL01-MG;UOP03-DEL01-MG
654069;09/01/2025;quinta-feira;16:30:00;PI;343;591,3;FLORIANO;Desrespeitar a preferência no cruzamento;Colisão transversal;Com Vítimas Feridas;Pleno dia;Decrescente;Nublado;Dupla;"Retorno Regulamentado;Reta";Sim;2;0;0;1;1;0;1;2;-6,781361;-43,023224;SPRF-PI;DEL03-PI;UOP01-DEL03-PI
654070;09/01/2025;quinta-feira;17:10:00;PR;376;3,3;APUCARANA;Manobra de mudança de faixa;Colisão transversal;Com Vítimas Feridas;Pleno dia;Crescente;Céu Claro;Dupla;"Aclive;Reta;Interseção de Vias";Sim;2;0;1;0;1;0;1;2;-23,55916536;-51,43816531;SPRF-PR;DEL07-PR;UOP03-DEL07-PR
654071;09/01/2025;quinta-feira;18:10:00;BA;101;717;EUNAPOLIS;Acessar a via sem observar a presença dos outros veículos;Colisão lateral mesmo sentido;Com Vítimas Feridas;Plena Noite;Crescente;Chuva;Simples;Reta;Sim;2;0;1;0;0;1;1;2;-16,36758013;-39,58322525;SPRF-BA;DEL09-BA;UOP01-DEL09-BA
654072;09/01/2025;quinta-feira;18:10:00;SC;101;208;SAO JOSE;Ausência de reação do condutor;Queda de ocupante de veículo;Com Vítimas Feridas;Pleno dia;Crescente;Céu Claro;Múltipla;Reta;Não;2;0;1;0;1;0;1;1;-27,60327979;-48,63201818;SPRF-SC;DEL01-SC;UOP01-DEL01-SC
654074;05/01/2025;domingo;19:15:00;SC;101;282,5;IMBITUBA;Ultrapassagem Indevida;Colisão lateral mesmo sentido;Com Vítimas Feridas;Anoitecer;Decrescente;Céu Claro;Dupla;"Viaduto;Aclive;Reta";Sim;5;0;1;1;3;0;2;2;-28,21532334;-48,69973183;SPRF-SC;DEL02-SC;UOP03-DEL02-SC
654076;09/01/2025;quinta-feira;16:00:00;PR;277;581,5;CASCAVEL;Pedestre cruzava a pista fora da faixa;Atropelamento de Pedestre;Com Vítimas Feridas;Pleno dia;Decrescente;Céu Claro;Dupla;Reta;Sim;3;0;1;1;1;0;2;2;-24,98125257;-53,37778678;SPRF-PR;DEL04-PR;UOP01-DEL04-PR
654081;09/01/2025;quinta-feira;19:15:00;RS;116;245;SAO LEOPOLDO;Desrespeitar a preferência no cruzamento;Colisão transversal;Com Vítimas Feridas;Anoitecer;Crescente;Céu Claro;Dupla;Interseção de Vias;Sim;2;0;1;0;1;0;1;2;-29,74980902;-51,15125361;SPRF-RS;DEL01-RS;UOP02-DEL01-RS
654082;09/01/2025;quinta-feira;19:00:00;PR;376;500;PONTA GROSSA;Reação tardia ou ineficiente do condutor;Colisão traseira;Com Vítimas Feridas;Anoitecer;Decrescente;Céu Claro;Dupla;Reta;Sim;5;0;1;1;3;0;2;2;-25,20185079;-50,07092178;SPRF-PR;DEL03-PR;UOP04-DEL03-PR
654085;09/01/2025;quinta-feira;17:20:00;SC;153;7;AGUA DOCE;Ultrapassagem Indevida;Saída de leito carroçável;Com Vítimas Feridas;Anoitecer;Crescente;Céu Claro;Simples;Reta;Não;3;0;3;0;0;0;3;1;-26,652559;-51,528454;SPRF-SC;DEL07-SC;UOP07-DEL07-SC
654086;09/01/2025;quinta-feira;19:00:00;PI;135;351;BOM JESUS;Entrada inopinada do pedestre;Atropelamento de Pedestre;Com Vítimas Feridas;Plena Noite;Decrescente;Garoa/Chuvisco;Dupla;Reta;Sim;2;0;0;1;1;0;1;2;-9,07627817;-44,34586005;SPRF-PI;DEL03-PI;UOP02-DEL03-PI
654087;09/01/2025;quinta-feira;18:40:00;RJ;356;36;ITAPERUNA;Conversão proibida;Colisão traseira;Com Vítimas Feridas;Plena Noite;Decrescente;Chuva;Simples;"Interseção de Vias;Reta";Sim;2;0;1;0;0;1;1;2;-21,21399756;-41,87815475;SPRF-RJ;DEL08-RJ;UOP03-DEL08-RJ
654088;09/01/2025;quinta-feira;19:00:00;RS;116;268;CANOAS;Demais falhas mecânicas ou elétricas;Queda de ocupante de veículo;Com Vítimas Feridas;Anoitecer;Crescente;Céu Claro;Dupla;Reta;Sim;2;0;2;0;0;0;2;1;-29,95042502;-51,17652939;SPRF-RS;DEL01-RS;UOP01-DEL01-RS
654089;09/01/2025;quinta-feira;19:30:00;MG;381;686,5;LAVRAS;Chuva;Colisão com objeto;Com Vítimas Feridas;Plena Noite;Crescente;Chuva;Dupla;Curva;Não;2;0;2;0;0;0;2;1;-21,20030689;-45,11944438;SPRF-MG;DEL04-MG;UOP02-DEL04-MG
654090;09/01/2025;quinta-feira;19:39:00;RN;101;96;NATAL;Pedestre cruzava a pista fora da faixa;Atropelamento de Pedestre;Com Vítimas Feridas;Plena Noite;Decrescente;Céu Claro;Dupla;Reta;Não;2;0;2;0;0;0;2;2;-5,84949622;-35,20890752;SPRF-RN;DEL01-RN;UOP01-DEL01-RN
654092;09/01/2025;quinta-feira;18:20:00;BA;101;664;ITAPEBI;Pista Escorregadia;Colisão com objeto;Sem Vítimas;Plena Noite;Crescente;Chuva;Simples;Curva;Não;4;0;0;0;4;0;0;1;-15,97686319;-39,56384897;SPRF-BA;DEL09-BA;UOP03-DEL09-BA
654094;09/01/2025;quinta-feira;20:20:00;ES;101;278,2;SERRA;Chuva;Tombamento;Com Vítimas Feridas;Plena Noite;Crescente;Céu Claro;Múltipla;Reta;Sim;2;0;0;2;0;0;2;1;-20,21698365;-40,32974606;SPRF-ES;DEL02-ES;UOP01-DEL02-ES
654095;09/01/2025;quinta-feira;17:00:00;MT;364;327;CAMPO VERDE;Reação tardia ou ineficiente do condutor;Saída de leito carroçável;Com Vítimas Feridas;Pleno dia;Decrescente;Chuva;Simples;"Aclive;Curva";Não;3;0;3;0;0;0;3;1;-15,81316926;-55,38561692;SPRF-MT;DEL05-MT;UOP02-DEL05-MT
654096;09/01/2025;quinta-feira;20:20:00;CE;116;14,3;FORTALEZA;Entrada inopinada do pedestre;Atropelamento de Pedestre;Com Vítimas Feridas;Plena Noite;Crescente;Céu Claro;Dupla;Reta;Sim;2;0;0;1;1;0;1;2;-3,86973356;-38,49827361;SPRF-CE;DEL01-CE;UOP02-DEL01-CE
654097;09/01/2025;quinta-feira;19:45:00;RS;472;541;URUGUAIANA;Acessar a via sem observar a presença dos outros veículos;Colisão transversal;Com Vítimas Feridas;Plena Noite;Decrescente;Céu Claro;Simples;Reta;Não;6;0;1;0;5;0;1;2;-29,5324719;-56,78150303;SPRF-RS;DEL13-RS;UOP01-DEL13-RS
654098;09/01/2025;quinta-feira;19:20:00;SC;101;122;ITAJAI;Trafegar com motocicleta (ou similar) entre as faixas;Colisão lateral mesmo sentido;Com Vítimas Feridas;Anoitecer;Decrescente;Garoa/Chuvisco;Dupla;Curva;Não;3;0;1;0;2;0;1;2;-26,92955916;-48,70499836;SPRF-SC;DEL04-SC;UOP04-DEL04-SC
654099;09/01/2025;quinta-feira;17:02:00;SP;116;48,2;LORENA;Condutor deixou de manter distância do veículo da frente;Colisão traseira;Com Vítimas Feridas;Anoitecer;Decrescente;Chuva;Dupla;Reta;Não;2;0;1;0;1;0;1;2;-22,72498915;-45,06884189;SPRF-SP;DEL08-SP;UOP02-DEL08-SP
654100;09/01/2025;quinta-feira;20:37:00;DF;70;7,2;BRASILIA;Acessar a via sem observar a presença dos outros veículos;Colisão transversal;Com Vítimas Feridas;Plena Noite;Decrescente;Nublado;Dupla;"Retorno Regulamentado;Reta";Sim;4;0;1;0;3;0;1;3;-15,787601;-48,114429;SPRF-DF;DEL03-DF;UOP02-DEL03-DF
654101;09/01/2025;quinta-feira;19:56:00;RJ;101;245;SILVA JARDIM;Condutor deixou de manter distância do veículo da frente;Colisão lateral mesmo sentido;Com Vítimas Feridas;Plena Noite;Crescente;Garoa/Chuvisco;Dupla;Reta;Não;2;0;2;0;0;0;2;2;-22,64524706;-42,48167495;SPRF-RJ;DEL02-RJ;UOP03-DEL02-RJ
654103;09/01/2025;quinta-feira;20:40:00;BA;324;621;SALVADOR;Avarias e/ou desgaste excessivo no pneu;Colisão traseira;Com Vítimas Feridas;Plena Noite;Decrescente;Céu Claro;Dupla;Reta;Sim;5;0;3;0;1;1;3;3;-12,91233708;-38,45956983;SPRF-BA;DEL01-BA;UOP01-DEL01-BA