id;data_inversa;dia_semana;horario;uf;br;km;municipio;causa_acidente;tipo_acidente;classificacao_acidente;fase_dia;sentido_via;condicao_metereologica;tipo_pista;tracado_via;uso_solo;pessoas;mortos;feridos_leves;feridos_graves;ilesos;ignorados;feridos;veiculos;latitude;longitude;regional;delegacia;uop
654238;10/01/2025;sexta-feira;14:30:00;RN;101;42;MAXARANGUAPE;Acessar a via sem observar a presença dos outros veículos;Colisão transversal;Com Vítimas Feridas;Pleno dia;Decrescente;Céu Claro;Simples;Reta;Não;3;0;1;0;2;0;1;2;-5,4604668;-35,33254243;SPRF-RN;DEL02-RN;UOP01-DEL02-RN
654239;10/01/2025;sexta-feira;13:00:00;RJ;40;74;PETROPOLIS;Avarias e/ou desgaste excessivo no pneu;Capotamento;Com Vítimas Feridas;Pleno dia;Crescente;Nublado;Múltipla;Curva;Não;1;0;1;0;0;0;1;1;-22,47224973;-43,22332717;SPRF-RJ;DEL01-RJ;UOP01-DEL01-RJ
654240;10/01/2025;sexta-feira;15:15:00;GO;414;439;ANAPOLIS;Mal súbito do condutor;Tombamento;Com Vítimas Feridas;Pleno dia;Crescente;Céu Claro;Simples;Reta;Sim;1;0;0;1;0;0;1;1;-16,298529;-48,928207;SPRF-GO;DEL02-GO;UOP01-DEL02-GO
654241;10/01/2025;sexta-feira;15:00:00;SC;101;151;ITAPEMA;Reação tardia ou ineficiente do condutor;Colisão traseira;Com Vítimas Feridas;Pleno dia;Crescente;Céu Claro;Dupla;Reta;Sim;2;0;1;0;1;0;1;2;-27,126536;-48,609642;SPRF-SC;DEL04-SC;UOP03-DEL04-SC
654242;10/01/2025;sexta-feira;15:20:00;SC;101;147;ITAPEMA;Trafegar com motocicleta (ou similar) entre as faixas;Colisão lateral mesmo sentido;Com Vítimas Feridas;Pleno dia;Decrescente;Céu Claro;Múltipla;Reta;Sim;2;0;1;0;0;1;1;2;-27,09237407;-48,61730888;SPRF-SC;DEL04-SC;UOP03-DEL04-SC
654245;10/01/2025;sexta-feira;11:40:00;RO;364;12;VILHENA;Desrespeitar a preferência no cruzamento;Colisão transversal;Com Vítimas Feridas;Pleno dia;Decrescente;Céu Claro;Dupla;Rotatória;Sim;2;0;1;0;1;0;1;2;-12,74370233;-60,12147609;SPRF-RO;DEL04-RO;UOP01-DEL04-RO
654246;10/01/2025;sexta-feira;15:36:00;DF;251;41;BRASILIA;Ausência de reação do condutor;Saída de leito carroçável;Sem Vítimas;Pleno dia;Crescente;Nublado;Simples;Curva;Não;1;0;0;0;0;1;0;1;-15,933754;-47,817089;SPRF-DF;DEL01-DF;UOP01-DEL01-DF
654251;10/01/2025;sexta-feira;16:30:00;MG;381;498,9;BETIM;Ausência de reação do condutor;Colisão lateral mesmo sentido;Com Vítimas Feridas;Pleno dia;Crescente;Céu Claro;Múltipla;"Aclive;Reta";Sim;2;0;1;0;1;0;1;2;-19,992515;-44,207526;SPRF-MG;DEL01-MG;UOP03-DEL01-MG
654252;10/01/2025;sexta-feira;12:00:00;PE;232;405;SERRA TALHADA;Acessar a via sem observar a presença dos outros veículos;Colisão transversal;Com Vítimas Feridas;Pleno dia;Decrescente;Céu Claro;Simples;Reta;Não;2;0;1;0;1;0;1;2;-7,98895584;-38,25355016;SPRF-PE;DEL04-PE;UOP01-DEL04-PE
654253;10/01/2025;sexta-feira;16:08:00;MG;381;484;BETIM;Reação tardia ou ineficiente do condutor;Colisão traseira;Com Vítimas Feridas;Pleno dia;Decrescente;Céu Claro;Múltipla;"Curva;Aclive";Sim;2;0;1;0;1;0;1;2;-19,95531717;-44,11722196;SPRF-MG;DEL01-MG;UOP03-DEL01-MG
654254;10/01/2025;sexta-feira;15:30:00;BA;110;371;CATU;Ausência de reação do condutor;Saída de leito carroçável;Com Vítimas Feridas;Pleno dia;Crescente;Chuva;Simples;Reta;Não;23;0;21;1;1;0;22;1;-12,3939;-38,3761;SPRF-BA;DEL01-BA;UOP04-DEL01-BA
654255;10/01/2025;sexta-feira;14:30:00;MA;230;405,1;BALSAS;Acessar a via sem observar a presença dos outros veículos;Colisão transversal;Com Vítimas Feridas;Pleno dia;Crescente;Céu Claro;Simples;"Reta;Interseção de Vias";Sim;2;0;1;0;1;0;1;2;-7,52133442;-46,04968976;SPRF-MA;DEL05-MA;UOP01-DEL05-MA
654256;10/01/2025;sexta-feira;16:55:00;DF;20;2,2;BRASILIA;Condutor Dormindo;Colisão traseira;Com Vítimas Feridas;Pleno dia;Crescente;Céu Claro;Dupla;Reta;Sim;3;0;1;0;2;0;1;2;-15,682896;-47,840729;SPRF-DF;DEL02-DF;UOP01-DEL02-DF
654257;10/01/2025;sexta-feira;17:30:00;SC;280;27;ARAQUARI;Trafegar com motocicleta (ou similar) entre as faixas;Colisão lateral mesmo sentido;Com Vítimas Feridas;Pleno dia;Decrescente;Nublado;Simples;Reta;Sim;3;0;2;0;0;1;2;2;-26,39685622;-48,74021969;SPRF-SC;DEL03-SC;UOP03-DEL03-SC
654258;10/01/2025;sexta-feira;14:40:00;MT;174;480;COMODORO;Acessar a via sem observar a presença dos outros veículos;Colisão transversal;Com Vítimas Feridas;Pleno dia;Crescente;Garoa/Chuvisco;Simples;Reta;Não;5;0;3;0;2;0;3;2;-13,70885684;-59,78274157;SPRF-MT;DEL04-MT;UOP02-DEL04-MT
654259;10/01/2025;sexta-feira;17:05:00;TO;153;139;ARAGUAINA;Acessar a via sem observar a presença dos outros veículos;Colisão transversal;Com Vítimas Feridas;Pleno dia;Decrescente;Céu Claro;Simples;Rotatória;Sim;2;0;1;0;1;0;1;2;-7,16325275;-48,20698926;SPRF-TO;DEL02-TO;UOP01-DEL02-TO
654260;10/01/2025;sexta-feira;17:40:00;CE;116;5;FORTALEZA;Condutor deixou de manter distância do veículo da frente;Colisão traseira;Com Vítimas Feridas;Anoitecer;Crescente;Céu Claro;Dupla;Reta;Sim;3;0;1;0;2;0;1;2;-3,79936181;-38,50551367;SPRF-CE;DEL01-CE;UOP02-DEL01-CE
654261;10/01/2025;sexta-feira;17:15:00;SC;101;177;BIGUACU;Reação tardia ou ineficiente do condutor;Colisão traseira;Com Vítimas Feridas;Anoitecer;Crescente;Céu Claro;Múltipla;"Curva;Interseção de Vias";Não;3;0;1;0;0;2;1;3;-27,35538202;-48,63241474;SPRF-SC;DEL01-SC;UOP01-DEL01-SC
654262;10/01/2025;sexta-feira;15:35:00;SE;235;6,2;NOSSA SENHORA DO SOCORRO;Chuva;Tombamento;Com Vítimas Feridas;Pleno dia;Crescente;Chuva;Dupla;"Retorno Regulamentado;Viaduto";Sim;1;0;1;0;0;0;1;1;-10,90267142;-37,1325767;SPRF-SE;DEL01-SE;UOP01-DEL01-SE
654263;10/01/2025;sexta-feira;17:15:00;SC;116;1,7;MAFRA;Ausência de reação do condutor;Colisão traseira;Sem Vítimas;Pleno dia;Crescente;Céu Claro;Simples;Rotatória;Não;2;0;0;0;2;0;0;2;-26,12391791;-49,79303212;SPRF-SC;DEL06-SC;UOP01-DEL06-SC
654264;10/01/2025;sexta-feira;17:30:00;SP;381;27;ATIBAIA;Reação tardia ou ineficiente do condutor;Engavetamento;Com Vítimas Feridas;Pleno dia;Crescente;Céu Claro;Dupla;Curva;Sim;7;0;1;0;5;1;1;3;-23,033741;-46,543553;SPRF-SP;DEL03-SP;UOP02-DEL03-SP
654265;10/01/2025;sexta-feira;17:00:00;MG;381;375;SAO GONCALO DO RIO ABAIXO;Chuva;Saída de leito carroçável;Com Vítimas Feridas;Pleno dia;Decrescente;Chuva;Simples;Curva;Sim;1;0;0;1;0;0;1;1;-19,83666149;-43,33681685;SPRF-MG;DEL01-MG;UOP01-DEL01-MG
654266;10/01/2025;sexta-feira;18:00:00;GO;60;234;INDIARA;Velocidade Incompatível;Saída de leito carroçável;Com Vítimas Fatais;Anoitecer;Decrescente;Nublado;Dupla;Reta;Não;2;1;0;1;0;0;1;1;-17,0892419;-49,85172099;SPRF-GO;DEL01-GO;UOP02-DEL01-GO
654268;10/01/2025;sexta-feira;18:20:00;RS;290;102;ELDORADO DO SUL;Condutor deixou de manter distância do veículo da frente;Engavetamento;Com Vítimas Feridas;Pleno dia;Crescente;Céu Claro;Dupla;"Reta;Aclive;Ponte";Não;4;0;1;0;3;0;1;3;-29,987228;-51,25613;SPRF-RS;DEL01-RS;UOP01-DEL01-RS
654270;10/01/2025;sexta-feira;17:45:00;MG;40;750,4;SANTOS DUMONT;Acumulo de água sobre o pavimento;Saída de leito carroçável;Com Vítimas Feridas;Anoitecer;Crescente;Nublado;Simples;Curva;Não;4;0;3;0;1;0;3;1;-21,45724301;-43,55822199;SPRF-MG;DEL05-MG;UOP01-DEL05-MG
654271;10/01/2025;sexta-feira;16:55:00;SC;101;38,5;JOINVILLE;Desrespeitar a preferência no cruzamento;Colisão transversal;Com Vítimas Feridas;Pleno dia;Decrescente;Céu Claro;Simples;"Viaduto;Rotatória;Interseção de Vias";Sim;6;0;1;0;5;0;1;2;-26,29695467;-48,88366699;SPRF-SC;DEL03-SC;UOP01-DEL03-SC
654272;10/01/2025;sexta-feira;17:48:00;MG;116;507,5;UBAPORANGA;Acessar a via sem observar a presença dos outros veículos;Colisão transversal;Com Vítimas Feridas;Pleno dia;Crescente;Nublado;Simples;Interseção de Vias;Sim;3;0;2;0;1;0;2;2;-19,62715;-42,106257;SPRF-MG;DEL06-MG;UOP02-DEL06-MG
654276;10/01/2025;sexta-feira;18:15:00;PR;369;202;APUCARANA;Mal súbito do condutor;Colisão traseira;Com Vítimas Feridas;Pleno dia;Decrescente;Céu Claro;Simples;"Reta;Declive";Não;2;0;1;0;0;1;1;2;-23,542672;-51,455252;SPRF-PR;DEL07-PR;UOP03-DEL07-PR
654278;10/01/2025;sexta-feira;17:20:00;PR;467;102,8;CASCAVEL;Ausência de sinalização;Colisão transversal;Com Vítimas Feridas;Pleno dia;Crescente;Sol;Dupla;"Aclive;Reta";Não;3;0;2;0;1;0;2;2;-24,9036;-53,5184;SPRF-PR;DEL04-PR;UOP01-DEL04-PR
654279;10/01/2025;sexta-feira;19:30:00;BA;135;139;RIACHAO DAS NEVES;Transitar na contramão;Colisão frontal;Com Vítimas Fatais;Plena Noite;Crescente;Chuva;Simples;Reta;Não;6;1;1;0;4;0;1;2;-11,8613522;-44,84289041;SPRF-BA;DEL10-BA;UOP01-DEL10-BA
654280;10/01/2025;sexta-feira;16:20:00;MG;116;512;UBAPORANGA;Reação tardia ou ineficiente do condutor;Colisão com objeto;Com Vítimas Feridas;Pleno dia;Decrescente;Sol;Simples;Reta;Não;3;0;2;0;1;0;2;1;-19,66095102;-42,11695495;SPRF-MG;DEL06-MG;UOP02-DEL06-MG
654282;10/01/2025;sexta-feira;19:33:00;ES;259;16,6;JOAO NEIVA;Transitar na contramão;Colisão frontal;Com Vítimas Feridas;Plena Noite;Crescente;Nublado;Simples;Reta;Não;5;0;4;0;1;0;4;2;-19,65971112;-40,43161999;SPRF-ES;DEL02-ES;UOP01-DEL02-ES
654285;10/01/2025;sexta-feira;19:40:00;MG;116;277,2;TEOFILO OTONI;Ausência de reação do condutor;Colisão lateral mesmo sentido;Com Vítimas Feridas;Plena Noite;Decrescente;Céu Claro;Simples;Reta;Sim;4;0;0;1;3;0;1;2;-17,859945;-41,515144;SPRF-MG;DEL11-MG;UOP01-DEL11-MG
654286;10/01/2025;sexta-feira;18:30:00;RS;470;168;VILA FLORES;Ausência de reação do condutor;Saída de leito carroçável;Com Vítimas Feridas;Pleno dia;Crescente;Céu Claro;Múltipla;Reta;Sim;3;0;3;0;0;0;3;1;-28,85711814;-51,55698016;SPRF-RS;DEL06-RS;UOP02-DEL06-RS
654288;10/01/2025;sexta-feira;15:00:00;SP;101;48;UBATUBA;Transitar na contramão;Colisão frontal;Com Vítimas Feridas;Pleno dia;Decrescente;Céu Claro;Dupla;Curva;Sim;2;0;1;0;1;0;1;2;-23,43696329;-45,08768768;SPRF-SP;DEL06-SP;UOP01-DEL06-SP
654289;10/01/2025;sexta-feira;18:45:00;SC;101;41,5;PALHOCA;Reação tardia ou ineficiente do condutor;Queda de ocupante de veículo;Com Vítimas Feridas;Anoitecer;Crescente;Céu Claro;Dupla;"Túnel;Reta";Não;1;0;1;0;0;0;1;1;-27,6427;-48,6695;SPRF-SC;DEL01-SC;UOP02-DEL01-SC
654292;10/01/2025;sexta-feira;19:29:00;PB;101;42,3;MAMANGUAPE;Ingestão de álcool pelo condutor;Saída de leito carroçável;Com Vítimas Feridas;Plena Noite;Crescente;Céu Claro;Dupla;Declive;Não;1;0;1;0;0;0;1;1;-6,856615;-35,13444297;SPRF-PB;DEL01-PB;UOP03-DEL01-PB
654293;10/01/2025;sexta-feira;20:45:00;SC;470;121;IBIRAMA;Transitar na contramão;Colisão lateral sentido oposto;Com Vítimas Feridas;Plena Noite;Decrescente;Céu Claro;Simples;"Aclive;Curva";Não;4;0;0;1;3;0;1;2;-27,08379739;-49,48740005;SPRF-SC;DEL04-SC;UOP02-DEL04-SC
654294;10/01/2025;sexta-feira;20:10:00;GO;60;92,3;ANAPOLIS;Reação tardia ou ineficiente do condutor;Colisão com objeto;Com Vítimas Feridas;Plena Noite;Decrescente;Nublado;Dupla;"Curva;Interseção de Vias";Sim;1;0;1;0;0;0;1;1;-16,35260897;-48,91530633;SPRF-GO;DEL02-GO;UOP01-DEL02-GO
654295;10/01/2025;sexta-feira;20:30:00;BA;101;875;TEIXEIRA DE FREITAS;Ingestão de álcool pelo condutor;Colisão lateral sentido oposto;Sem Vítimas;Plena Noite;Crescente;Garoa/Chuvisco;Simples;Reta;Sim;2;0;0;0;2;0;0;2;-17,533083;-39,711652;SPRF-BA;DEL09-BA;UOP02-DEL09-BA
654296;09/01/2025;quinta-feira;00:15:00;RJ;356;178;SAO JOAO DA BARRA;Iluminação deficiente;Colisão traseira;Com Vítimas Feridas;Plena Noite;Crescente;Garoa/Chuvisco;Simples;Reta;Não;3;0;1;1;1;0;2;2;-21,67828605;-41,05590163;SPRF-RJ;DEL08-RJ;UOP02-DEL08-RJ
654297;10/01/2025;sexta-feira;20:40:00;PR;277;124;CAMPO LARGO;Ausência de reação do condutor;Colisão lateral mesmo sentido;Sem Vítimas;Plena Noite;Crescente;Céu Claro;Dupla;Reta;Não;1;0;0;0;1;0;0;1;-25,43508594;-49,52196836;SPRF-PR;DEL03-PR;UOP03-DEL03-PR
654298;10/01/2025;sexta-feira;20:00:00;DF;60;23,2;BRASILIA;Pedestre andava na pista;Atropelamento de Pedestre;Com Vítimas Fatais;Plena Noite;Crescente;Céu Claro;Dupla;Reta;Não;3;1;0;0;2;0;0;2;-15,987903;-48,223103;SPRF-DF;DEL03-DF;UOP01-DEL03-DF
654299;10/01/2025;sexta-feira;19:40:00;MG;40;525;CONTAGEM;Ausência de reação do condutor;Colisão traseira;Com Vítimas Feridas;Plena Noite;Decrescente;Nublado;Dupla;Reta;Sim;2;0;1;0;1;0;1;2;-19,88361702;-44,05039336;SPRF-MG;DEL01-MG;UOP02-DEL01-MG
654300;10/01/2025;sexta-feira;19:50:00;MG;40;738,2;SANTOS DUMONT;Condutor deixou de manter distância do veículo da frente;Colisão traseira;Com Vítimas Feridas;Plena Noite;Decrescente;Nublado;Simples;Reta;Sim;2;0;1;0;1;0;1;2;-21,38880304;-43,56910622;SPRF-MG;DEL05-MG;UOP01-DEL05-MG
654301;10/01/2025;sexta-feira;21:15:00;PR;277;46,5;MORRETES;Ausência de reação do condutor;Tombamento;Com Vítimas Feridas;Plena Noite;Decrescente;Garoa/Chuvisco;Dupla;"Reta;Declive";Não;2;0;2;0;0;0;2;1;-25,58170589;-48,87791023;SPRF-PR;DEL01-PR;UOP05-DEL01-PR
654303;10/01/2025;sexta-feira;20:30:00;BA;110;393;SAO SEBASTIAO DO PASSE;Transitar na contramão;Colisão frontal;Com Vítimas Feridas;Plena Noite;Decrescente;Chuva;Simples;Reta;Não;5;0;4;1;0;0;5;2;-12,50766107;-38,49626949;SPRF-BA;DEL01-BA;UOP01-DEL01-BA
654305;10/01/2025;sexta-feira;20:30:00;ES;101;212,7;IBIRACU;Conversão proibida;Colisão transversal;Com Vítimas Feridas;Plena Noite;Crescente;Garoa/Chuvisco;Simples;Reta;Sim;2;0;2;0;0;0;2;2;-19,82264473;-40,37001486;SPRF-ES;DEL02-ES;UOP01-DEL02-ES
654308;10/01/2025;sexta-feira;22:15:00;PR;116;126;FAZENDA RIO GRANDE;Reação tardia ou ineficiente do condutor;Colisão lateral mesmo sentido;Com Vítimas Feridas;Plena Noite;Crescente;Nublado;Dupla;Reta;Sim;2;0;1;0;0;1;1;2;-25,640072;-49,312987;SPRF-PR;DEL01-PR;UOP03-DEL01-PR
654310;10/01/2025;sexta-feira;21:15:00;MT;364;277;JACIARA;Reação tardia ou ineficiente do condutor;Colisão com objeto;Com Vítimas Feridas;Plena Noite;Crescente;Céu Claro;Dupla;"Curva;Em Obras";Não;1;0;0;1;0;0;1;1;-15,95076591;-54,99952397;SPRF-MT;DEL05-MT;UOP02-DEL05-MT
654311;10/01/2025;sexta-feira;22:13:00;RN;406;152;CEARA-MIRIM;Animais na Pista;Atropelamento de Animal;Com Vítimas Feridas;Plena Noite;Decrescente;Céu Claro;Simples;Reta;Não;1;0;1;0;0;0;1;1;-5,65651272;-35,41672366;SPRF-RN;DEL02-RN;UOP01-DEL02-RN
654312;10/01/2025;sexta-feira;13:10:00;RJ;101;473;ANGRA DOS REIS;Acesso irregular;Queda de ocupante de veículo;Com Vítimas Feridas;Pleno dia;Crescente;Céu Claro;Simples;Reta;Sim;2;0;1;0;0;1;1;2;-22,98960623;-44,24168693;SPRF-RJ;DEL03-RJ;UOP03-DEL03-RJ
654314;10/01/2025;sexta-feira;21:30:00;RS;116;418;CRISTAL;Reação tardia ou ineficiente do condutor;Saída de leito carroçável;Com Vítimas Fatais;Plena Noite;Decrescente;Céu Claro;Dupla;Reta;Não;1;1;0;0;0;0;0;1;-30,95241694;-51,96069403;SPRF-RS;DEL02-RS;UOP02-DEL02-RS
654315;10/01/2025;sexta-feira;20:30:00;MT;163;0,5;ITIQUIRA;Ausência de reação do condutor;Saída de leito carroçável;Com Vítimas Feridas;Plena Noite;Decrescente;Chuva;Simples;"Ponte;Reta";Não;2;0;1;0;0;1;1;1;-17,519682;-54,739803;SPRF-MT;DEL02-MT;UOP03-DEL02-MT
654317;10/01/2025;sexta-feira;20:00:00;MT;163;833;SINOP;Iluminação deficiente;Eventos atípicos;Com Vítimas Feridas;Plena Noite;Crescente;Céu Claro;Simples;Reta;Sim;2;0;1;0;0;1;1;2;-12,004832;-55,51713;SPRF-MT;DEL06-MT;UOP02-DEL06-MT
654318;10/01/2025;sexta-feira;21:30:00;RS;386;147,6;SARANDI;Ausência de reação do condutor;Saída de leito carroçável;Com Vítimas Feridas;Plena Noite;Crescente;Chuva;Simples;"Declive;Reta";Não;2;0;1;0;1;0;1;1;-28,05717342;-52,87035227;SPRF-RS;DEL08-RS;UOP01-DEL08-RS
654319;10/01/2025;sexta-feira;23:20:00;MG;40;503;ESMERALDAS;Velocidade Incompatível;Colisão lateral mesmo sentido;Sem Vítimas;Plena Noite;Decrescente;Nublado;Dupla;"Aclive;Reta";Não;1;0;0;0;0;1;0;1;-19,72138499;-44,15573599;SPRF-MG;DEL02-MG;UOP01-DEL02-MG
654321;10/01/2025;sexta-feira;23:00:00;TO;10;453;PALMAS;Ausência de reação do condutor;Colisão com objeto;Sem Vítimas;Plena Noite;Decrescente;Nublado;Múltipla;Reta;Sim;1;0;0;0;1;0;0;1;-10,30377254;-48,29727173;SPRF-TO;DEL01-TO;UOP03-DEL01-TO
654324;11/01/2025;sábado;00:50:00;GO;60;388;RIO VERDE;Transitar na contramão;Colisão frontal;Com Vítimas Feridas;Plena Noite;Decrescente;Céu Claro;Dupla;Reta;Não;2;0;0;2;0;0;2;2;-17,8151;-50,9343;SPRF-GO;DEL04-GO;UOP02-DEL04-GO
654327;11/01/2025;sábado;01:07:00;PE;408;98;JABOATAO DOS GUARARAPES;Ausência de reação do condutor;Capotamento;Com Vítimas Feridas;Plena Noite;Decrescente;Céu Claro;Dupla;Reta;Não;2;0;0;1;0;1;1;1;-8,066236;-34,990179;SPRF-PE;DEL01-PE;UOP01-DEL01-PE
654329;11/01/2025;sábado;00:50:00;RS;116;520;PELOTAS;Reação tardia ou ineficiente do condutor;Saída de leito carroçável;Com Vítimas Fatais;Plena Noite;Crescente;Céu Claro;Dupla;Reta;Sim;1;1;0;0;0;0;0;1;-31,70060621;-52,36130079;SPRF-RS;DEL07-RS;UOP01-DEL07-RS
654330;10/01/2025;sexta-feira;23:30:00;SC;280;195;MAFRA;Ausência de reação do condutor;Queda de ocupante de veículo;Com Vítimas Feridas;Plena Noite;Crescente;Nublado;Simples;Reta;Não;2;0;2;0;0;0;2;1;-26,17921779;-50,02536489;SPRF-SC;DEL06-SC;UOP01-DEL06-SC
654331;11/01/2025;sábado;00:20:00;MS;163;837;SONORA;Ingestão de álcool pelo condutor;Tombamento;Com Vítimas Feridas;Plena Noite;Crescente;Céu Claro;Simples;Reta;Sim;1;0;1;0;0;0;1;1;-17,60027601;-54,74632566;SPRF-MS;DEL06-MS;UOP01-DEL06-MS
654332;11/01/2025;sábado;00:30:00;MG;365;607;UBERLANDIA;Condutor Dormindo;Saída de leito carroçável;Com Vítimas Feridas;Plena Noite;Crescente;Céu Claro;Simples;Reta;Não;1;0;1;0;0;0;1;1;-18,92245913;-48,18448691;SPRF-MG;DEL15-MG;UOP01-DEL15-MG
654334;11/01/2025;sábado;01:51:00;ES;101;139,4;LINHARES;Desrespeitar a preferência no cruzamento;Colisão transversal;Sem Vítimas;Plena Noite;Decrescente;Céu Claro;Simples;"Interseção de Vias;Reta";Não;2;0;0;0;1;1;0;2;-19,3101728;-40,0799666;SPRF-ES;DEL04-ES;UOP01-DEL04-ES
654336;11/01/2025;sábado;03:00:00;PB;230;4;CABEDELO;Animais na Pista;Atropelamento de Animal;Sem Vítimas;Plena Noite;Crescente;Nublado;Múltipla;"Reta;Viaduto";Sim;2;0;0;0;1;1;0;2;-7,0004;-34,8284;SPRF-PB;DEL01-PB;UOP01-DEL01-PB
654337;11/01/2025;sábado;04:00:00;MG;365;701;MONTE ALEGRE DE MINAS;Reação tardia ou ineficiente do condutor;Tombamento;Com Vítimas Feridas;Plena Noite;Crescente;Céu Claro;Dupla;Reta;Não;1;0;1;0;0;0;1;1;-18,88052284;-49,007675;SPRF-MG;DEL15-MG;UOP03-DEL15-MG
654338;11/01/2025;sábado;03:15:00;PR;376;634;SAO JOSE DOS PINHAIS;Ingestão de álcool pelo condutor;Colisão com objeto;Sem Vítimas;Plena Noite;Crescente;Nublado;Dupla;Curva;Não;1;0;0;0;0;1;0;1;-25,7390103;-49,1305938;SPRF-PR;DEL01-PR;UOP04-DEL01-PR
654340;11/01/2025;sábado;04:40:00;SC;470;54;BLUMENAU;Desrespeitar a preferência no cruzamento;Colisão transversal;Com Vítimas Feridas;Amanhecer;Crescente;Céu Claro;Simples;Interseção de Vias;Sim;3;0;2;0;1;0;2;2;-26,871065;-49,110374;SPRF-SC;DEL04-SC;UOP01-DEL04-SC
654342;11/01/2025;sábado;04:45:00;PR;369;197,4;APUCARANA;Ausência de reação do condutor;Colisão com objeto;Com Vítimas Feridas;Amanhecer;Decrescente;Céu Claro;Dupla;Curva;Sim;1;0;1;0;0;0;1;1;-23,518067;-51,428241;SPRF-PR;DEL07-PR;UOP03-DEL07-PR
654343;11/01/2025;sábado;05:20:00;PB;230;2;CABEDELO;Ausência de reação do condutor;Colisão com objeto;Com Vítimas Feridas;Pleno dia;Decrescente;Céu Claro;Dupla;Reta;Sim;1;0;1;0;0;0;1;1;-6,9837;-34,8295;SPRF-PB;DEL01-PB;UOP01-DEL01-PB
654345;11/01/2025;sábado;05:10:00;AP;210;2,5;MACAPA;Pedestre andava na pista;Atropelamento de Pedestre;Com Vítimas Fatais;Plena Noite;Crescente;Nublado;Dupla;"Aclive;Reta";Sim;6;1;0;0;5;0;0;2;0,085111;-51,081389;SPRF-AP;DEL01-AP;UOP01-DEL01-AP
654346;11/01/2025;sábado;04:40:00;SC;470;178;POUSO REDONDO;Ingestão de álcool pelo condutor;Colisão transversal;Com Vítimas Feridas;Amanhecer;Decrescente;Céu Claro;Simples;Reta;Sim;2;0;2;0;0;0;2;2;-27,248392;-49,967083;SPRF-SC;DEL04-SC;UOP02-DEL04-SC
654347;11/01/2025;sábado;05:30:00;TO;153;151;ARAGUAINA;Transitar na contramão;Colisão frontal;Com Vítimas Fatais;Amanhecer;Crescente;Nevoeiro/Neblina;Simples;Reta;Não;4;2;2;0;0;0;2;2;-7,25638791;-48,25895421;SPRF-TO;DEL02-TO;UOP01-DEL02-TO
654348;11/01/2025;sábado;04:50:00;AL;101;242,5;PORTO REAL DO COLEGIO;Condutor Dormindo;Colisão com objeto;Com Vítimas Feridas;Amanhecer;Crescente;Céu Claro;Dupla;Reta;Não;1;0;0;1;0;0;1;1;-10,16106508;-36,81395391;SPRF-AL;DEL02-AL;UOP02-DEL02-AL
654350;11/01/2025;sábado;05:00:00;RS;471;151,5;SANTA CRUZ DO SUL;Ingestão de álcool pelo condutor;Capotamento;Com Vítimas Feridas;Amanhecer;Crescente;Céu Claro;Simples;Rotatória;Sim;2;0;0;2;0;0;2;1;-29,826267;-52,401089;SPRF-RS;DEL02-RS;UOP03-DEL02-RS
654351;11/01/2025;sábado;05:30:00;PR;369;479,5;CORBELIA;Ingestão de álcool pelo condutor;Colisão frontal;Com Vítimas Feridas;Amanhecer;Crescente;Céu Claro;Simples;Reta;Não;8;0;3;3;1;1;6;4;-24,6286;-53,2084;SPRF-PR;DEL04-PR;UOP03-DEL04-PR
654352;11/01/2025;sábado;05:10:00;PR;277;417,9;CANTAGALO;Acumulo de óleo sobre o pavimento;Saída de leito carroçável;Com Vítimas Feridas;Amanhecer;Crescente;Garoa/Chuvisco;Simples;"Aclive;Curva";Não;2;0;0;1;1;0;1;1;-25,401537;-52,105637;SPRF-PR;DEL04-PR;UOP02-DEL04-PR
654354;11/01/2025;sábado;06:05:00;SC;280;167;MAFRA;Ausência de reação do condutor;Colisão traseira;Com Vítimas Feridas;Pleno dia;Decrescente;Céu Claro;Simples;"Declive;Reta";Não;2;0;1;0;1;0;1;2;-26,16857105;-49,81820938;SPRF-SC;DEL06-SC;UOP01-DEL06-SC
654355;11/01/2025;sábado;04:40:00;RS;290;158;ARROIO DOS RATOS;Velocidade Incompatível;Saída de leito carroçável;Com Vítimas Feridas;Amanhecer;Decrescente;Céu Claro;Simples;Curva;Não;1;0;1;0;0;0;1;1;-30,106596;-51,788307;SPRF-RS;DEL02-RS;UOP01-DEL02-RS
654357;11/01/2025;sábado;03:05:00;MS;163;730;COXIM;Ingestão de álcool pelo condutor;Saída de leito carroçável;Sem Vítimas;Plena Noite;Crescente;Nublado;Simples;"Reta;Aclive";Sim;1;0;0;0;0;1;0;1;-18,50978886;-54,73602351;SPRF-MS;DEL06-MS;UOP01-DEL06-MS
654358;11/01/2025;sábado;05:30:00;BA;116;917,8;ENCRUZILHADA;Velocidade Incompatível;Saída de leito carroçável;Com Vítimas Feridas;Amanhecer;Crescente;Nevoeiro/Neblina;Simples;Reta;Não;3;0;1;1;1;0;2;1;-15,575976;-41,273259;SPRF-BA;DEL08-BA;UOP03-DEL08-BA
654360;11/01/2025;sábado;03:35:00;RS;116;258;ESTEIO;Ingestão de álcool pelo condutor;Saída de leito carroçável;Com Vítimas Feridas;Pleno dia;Decrescente;Céu Claro;Dupla;Reta;Sim;1;0;1;0;0;0;1;1;-29,86150502;-51,18091535;SPRF-RS;DEL01-RS;UOP02-DEL01-RS