id;data_inversa;dia_semana;horario;uf;br;km;municipio;causa_acidente;tipo_acidente;classificacao_acidente;fase_dia;sentido_via;condicao_metereologica;tipo_pista;tracado_via;uso_solo;pessoas;mortos;feridos_leves;feridos_graves;ilesos;ignorados;feridos;veiculos;latitude;longitude;regional;delegacia;uop
654361;11/01/2025;sábado;00:15:00;GO;364;13;SAO SIMAO;Ingestão de álcool pelo condutor;Saída de leito carroçável;Com Vítimas Feridas;Plena Noite;Crescente;Céu Claro;Simples;Reta;Não;1;0;1;0;0;0;1;1;-18,975523;-50,598747;SPRF-GO;DEL05-GO;UOP02-DEL05-GO
654363;07/01/2025;terça-feira;22:30:00;PR;369;85;CORNELIO PROCOPIO;Reação tardia ou ineficiente do condutor;Saída de leito carroçável;Com Vítimas Feridas;Plena Noite;Decrescente;Céu Claro;Simples;Reta;Não;1;0;1;0;0;0;1;1;-23,17260511;-50,61274425;SPRF-PR;DEL07-PR;UOP05-DEL07-PR
654364;11/01/2025;sábado;07:00:00;MG;116;528,7;CARATINGA;Velocidade Incompatível;Colisão traseira;Com Vítimas Feridas;Pleno dia;Decrescente;Céu Claro;Simples;Reta;Sim;2;0;1;0;1;0;1;2;-19,80308778;-42,13615179;SPRF-MG;DEL06-MG;UOP02-DEL06-MG
654365;10/01/2025;sexta-feira;23:30:00;BA;116;321,5;ARACI;Avarias e/ou desgaste excessivo no pneu;Saída de leito carroçável;Com Vítimas Feridas;Plena Noite;Crescente;Chuva;Simples;Reta;Sim;2;0;2;0;0;0;2;1;-11,339086;-38,95849;SPRF-BA;DEL02-BA;UOP01-DEL02-BA
654366;11/01/2025;sábado;07:54:00;PI;316;1,3;TERESINA;Pista esburacada;Queda de ocupante de veículo;Com Vítimas Feridas;Pleno dia;Crescente;Céu Claro;Simples;"Interseção de Vias;Reta";Sim;1;0;1;0;0;0;1;1;-5,12861853;-42,80706778;SPRF-PI;DEL01-PI;UOP02-DEL01-PI
654368;11/01/2025;sábado;08:00:00;PR;376;179;MARINGA;Condutor desrespeitou a iluminação vermelha do semáforo;Colisão transversal;Com Vítimas Feridas;Pleno dia;Crescente;Céu Claro;Múltipla;"Reta;Interseção de Vias";Sim;2;0;1;0;1;0;1;2;-23,42244278;-51,90360392;SPRF-PR;DEL09-PR;UOP01-DEL09-PR
654370;10/01/2025;sexta-feira;18:25:00;RJ;116;275;BARRA MANSA;Problema com o freio;Colisão com objeto;Com Vítimas Feridas;Plena Noite;Crescente;Nublado;Simples;Reta;Não;3;0;1;0;2;0;1;3;-22,56207185;-44,15671311;SPRF-RJ;DEL07-RJ;UOP02-DEL07-RJ
654371;11/01/2025;sábado;05:30:00;RJ;116;193;QUEIMADOS;Ausência de reação do condutor;Colisão com objeto;Com Vítimas Feridas;Amanhecer;Crescente;Céu Claro;Dupla;Reta;Não;1;0;1;0;0;0;1;1;-22,73960178;-43,52859094;SPRF-RJ;DEL06-RJ;UOP01-DEL06-RJ
654372;11/01/2025;sábado;08:00:00;PA;155;300;MARABA;Ausência de reação do condutor;Colisão com objeto;Sem Vítimas;Pleno dia;Crescente;Nublado;Simples;"Reta;Declive";Não;1;0;0;0;0;1;0;1;-5,73211405;-49,14484986;SPRF-PA;DEL03-PA;UOP01-DEL03-PA
654373;11/01/2025;sábado;08:20:00;RS;158;224;CRUZ ALTA;Condutor Dormindo;Saída de leito carroçável;Com Vítimas Feridas;Pleno dia;Decrescente;Sol;Simples;Reta;Não;1;0;1;0;0;0;1;1;-28,89544911;-53,62286977;SPRF-RS;DEL10-RS;UOP02-DEL10-RS
654374;11/01/2025;sábado;05:10:00;RJ;40;115;DUQUE DE CAXIAS;Condutor Dormindo;Colisão com objeto;Com Vítimas Feridas;Amanhecer;Crescente;Céu Claro;Dupla;Reta;Sim;1;0;1;0;0;0;1;1;-22,72756999;-43,2891609;SPRF-RJ;DEL01-RJ;UOP02-DEL01-RJ
654375;10/01/2025;sexta-feira;23:30:00;PR;277;476,5;NOVA LARANJEIRAS;Reação tardia ou ineficiente do condutor;Capotamento;Sem Vítimas;Plena Noite;Crescente;Garoa/Chuvisco;Simples;"Reta;Declive";Não;1;0;0;0;0;1;0;1;-25,2931;-52,5753;SPRF-PR;DEL04-PR;UOP02-DEL04-PR
654376;11/01/2025;sábado;06:55:00;RJ;40;116;DUQUE DE CAXIAS;Condutor Dormindo;Colisão com objeto;Sem Vítimas;Pleno dia;Decrescente;Céu Claro;Dupla;Reta;Sim;1;0;0;0;0;1;0;1;-22,73662299;-43,28858785;SPRF-RJ;DEL01-RJ;UOP02-DEL01-RJ
654377;11/01/2025;sábado;07:40:00;MA;316;401;ALTO ALEGRE DO MARANHAO;Acessar a via sem observar a presença dos outros veículos;Colisão transversal;Com Vítimas Feridas;Pleno dia;Crescente;Nublado;Simples;Reta;Sim;2;0;1;0;1;0;1;2;-4,206411;-44,453041;SPRF-MA;DEL03-MA;UOP01-DEL03-MA
654378;11/01/2025;sábado;08:15:00;MG;381;516;IGARAPE;Ausência de reação do condutor;Colisão com objeto;Com Vítimas Feridas;Pleno dia;Decrescente;Céu Claro;Dupla;Curva;Não;1;0;1;0;0;0;1;1;-20,10866993;-44,31488799;SPRF-MG;DEL01-MG;UOP03-DEL01-MG
654381;11/01/2025;sábado;07:40:00;SP;381;82;SAO PAULO;Demais falhas mecânicas ou elétricas;Incêndio;Sem Vítimas;Pleno dia;Decrescente;Sol;Múltipla;Reta;Sim;1;0;0;0;1;0;0;1;-23,42399;-46,575112;SPRF-SP;DEL03-SP;UOP01-DEL03-SP
654382;11/01/2025;sábado;09:10:00;MG;381;520;IGARAPE;Velocidade Incompatível;Colisão com objeto;Com Vítimas Feridas;Pleno dia;Decrescente;Céu Claro;Dupla;Curva;Não;4;0;3;1;0;0;4;1;-20,13363702;-44,309515;SPRF-MG;DEL01-MG;UOP03-DEL01-MG
654388;11/01/2025;sábado;07:34:00;MG;262;95;ABRE CAMPO;Ausência de reação do condutor;Colisão traseira;Com Vítimas Feridas;Pleno dia;Decrescente;Chuva;Simples;Desvio Temporário;Sim;3;0;1;0;2;0;1;2;-20,3007766;-42,47286782;SPRF-MG;DEL03-MG;UOP03-DEL03-MG
654389;11/01/2025;sábado;08:15:00;PB;230;120,5;RIACHAO DO BACAMARTE;Reação tardia ou ineficiente do condutor;Saída de leito carroçável;Com Vítimas Feridas;Pleno dia;Decrescente;Nublado;Dupla;Reta;Não;3;0;2;1;0;0;3;1;-7,245877;-35,652077;SPRF-PB;DEL02-PB;UOP01-DEL02-PB
654390;11/01/2025;sábado;09:00:00;SP;101;51;UBATUBA;Reação tardia ou ineficiente do condutor;Tombamento;Com Vítimas Feridas;Pleno dia;Decrescente;Céu Claro;Simples;Reta;Sim;2;0;1;0;1;0;1;2;-23,45627795;-45,07111896;SPRF-SP;DEL06-SP;UOP01-DEL06-SP
654392;11/01/2025;sábado;08:30:00;SP;116;110,7;TAUBATE;Condutor deixou de manter distância do veículo da frente;Engavetamento;Com Vítimas Feridas;Pleno dia;Decrescente;Sol;Dupla;Reta;Sim;4;0;2;0;2;0;2;3;-23,03412614;-45,5526999;SPRF-SP;DEL02-SP;UOP02-DEL02-SP
654393;11/01/2025;sábado;08:00:00;RS;158;144,5;PANAMBI;Condutor usando celular;Colisão com objeto;Com Vítimas Feridas;Pleno dia;Decrescente;Céu Claro;Simples;Curva;Não;1;0;1;0;0;0;1;1;-28,23443887;-53,47576408;SPRF-RS;DEL10-RS;UOP02-DEL10-RS
654395;11/01/2025;sábado;09:40:00;PI;343;343;TERESINA;Problema com o freio;Colisão traseira;Com Vítimas Feridas;Pleno dia;Crescente;Céu Claro;Múltipla;Viaduto;Sim;3;0;1;0;2;0;1;2;-5,087362;-42,757851;SPRF-PI;DEL01-PI;UOP01-DEL01-PI
654397;11/01/2025;sábado;09:52:00;SC;101;186;BIGUACU;Ausência de reação do condutor;Saída de leito carroçável;Com Vítimas Feridas;Pleno dia;Crescente;Chuva;Dupla;Reta;Não;1;0;1;0;0;0;1;1;-27,4341098;-48,62567129;SPRF-SC;DEL01-SC;UOP01-DEL01-SC
654398;11/01/2025;sábado;10:25:00;RJ;101;399;ITAGUAI;Manobra de mudança de faixa;Colisão lateral mesmo sentido;Com Vítimas Feridas;Pleno dia;Crescente;Céu Claro;Dupla;Reta;Sim;3;0;2;0;1;0;2;2;-22,85921896;-43,75891497;SPRF-RJ;DEL03-RJ;UOP01-DEL03-RJ
654399;11/01/2025;sábado;10:20:00;RS;290;75;GRAVATAI;Reação tardia ou ineficiente do condutor;Colisão com objeto;Com Vítimas Feridas;Pleno dia;Crescente;Céu Claro;Simples;Curva;Não;6;0;3;1;2;0;4;1;-29,95515765;-51,00237608;SPRF-RS;DEL01-RS;UOP01-DEL01-RS
654401;11/01/2025;sábado;09:39:00;MS;163;795;COXIM;Ausência de reação do condutor;Saída de leito carroçável;Com Vítimas Feridas;Pleno dia;Decrescente;Céu Claro;Simples;Reta;Não;4;0;3;1;0;0;4;1;-17,96130696;-54,6785948;SPRF-MS;DEL06-MS;UOP01-DEL06-MS
654404;11/01/2025;sábado;09:15:00;RO;435;85,2;COLORADO DO OESTE;Ausência de reação do condutor;Colisão lateral mesmo sentido;Sem Vítimas;Pleno dia;Decrescente;Céu Claro;Simples;Reta;Sim;2;0;0;0;2;0;0;2;-13,12893247;-60,5436945;SPRF-RO;DEL04-RO;UOP02-DEL04-RO
654405;11/01/2025;sábado;10:20:00;MG;381;416,5;CAETE;Manobra de mudança de faixa;Colisão lateral mesmo sentido;Com Vítimas Feridas;Pleno dia;Crescente;Nublado;Dupla;Curva;Não;2;0;1;0;1;0;1;2;-19,75309407;-43,62966384;SPRF-MG;DEL01-MG;UOP01-DEL01-MG
654407;11/01/2025;sábado;11:00:00;CE;116;17,1;EUSEBIO;Acessar a via sem observar a presença dos outros veículos;Colisão transversal;Com Vítimas Feridas;Pleno dia;Decrescente;Céu Claro;Dupla;"Retorno Regulamentado;Reta";Sim;2;0;2;0;0;0;2;2;-3,89617918;-38,50336042;SPRF-CE;DEL01-CE;UOP02-DEL01-CE
654408;11/01/2025;sábado;09:30:00;PR;116;17;ANTONINA;Reação tardia ou ineficiente do condutor;Atropelamento de Pedestre;Com Vítimas Feridas;Pleno dia;Crescente;Céu Claro;Dupla;Reta;Não;3;0;1;0;1;1;1;2;-25,10305915;-48,70103892;SPRF-PR;DEL01-PR;UOP02-DEL01-PR
654409;11/01/2025;sábado;10:45:00;RS;448;6;ESTEIO;Ausência de reação do condutor;Colisão traseira;Com Vítimas Feridas;Pleno dia;Decrescente;Céu Claro;Dupla;Reta;Não;4;0;1;0;3;0;1;2;-29,872616;-51,230686;SPRF-RS;DEL01-RS;UOP02-DEL01-RS
654413;11/01/2025;sábado;11:15:00;CE;116;13;FORTALEZA;Trafegar com motocicleta (ou similar) entre as faixas;Colisão traseira;Com Vítimas Feridas;Pleno dia;Crescente;Céu Claro;Múltipla;Reta;Sim;2;0;0;1;1;0;1;2;-3,86088271;-38,49729538;SPRF-CE;DEL01-CE;UOP02-DEL01-CE
654414;11/01/2025;sábado;11:00:00;RS;287;410;SANTIAGO;Ausência de reação do condutor;Saída de leito carroçável;Com Vítimas Feridas;Pleno dia;Decrescente;Céu Claro;Simples;Reta;Não;1;0;1;0;0;0;1;1;-29,08991424;-54,93034212;SPRF-RS;DEL12-RS;UOP02-DEL12-RS
654415;11/01/2025;sábado;11:10:00;PA;155;307;MARABA;Ingestão de álcool pelo condutor;Tombamento;Com Vítimas Feridas;Pleno dia;Decrescente;Céu Claro;Simples;Reta;Não;1;0;0;1;0;0;1;1;-5,67838705;-49,11460166;SPRF-PA;DEL03-PA;UOP01-DEL03-PA
654417;11/01/2025;sábado;11:44:00;PA;316;57;CASTANHAL;Pedestre cruzava a pista fora da faixa;Atropelamento de Pedestre;Sem Vítimas;Pleno dia;Crescente;Chuva;Dupla;Reta;Sim;2;0;0;0;1;1;0;2;-1,30088766;-47,98196704;SPRF-PA;DEL01-PA;UOP01-DEL01-PA
654419;11/01/2025;sábado;11:50:00;MG;40;791,7;JUIZ DE FORA;Reação tardia ou ineficiente do condutor;Saída de leito carroçável;Com Vítimas Feridas;Pleno dia;Crescente;Sol;Dupla;"Interseção de Vias;Reta";Não;2;0;1;0;1;0;1;1;-21,78120901;-43,41890484;SPRF-MG;DEL05-MG;UOP01-DEL05-MG
654420;11/01/2025;sábado;10:40:00;MG;50;22;ARAGUARI;Ingestão de álcool pelo condutor;Tombamento;Com Vítimas Feridas;Pleno dia;Decrescente;Sol;Simples;"Curva;Aclive";Não;1;0;1;0;0;0;1;1;-18,60474;-48,051437;SPRF-MG;DEL15-MG;UOP02-DEL15-MG
654421;11/01/2025;sábado;11:50:00;PR;277;727;FOZ DO IGUACU;Acesso irregular;Colisão transversal;Com Vítimas Feridas;Pleno dia;Decrescente;Céu Claro;Dupla;Reta;Sim;3;0;3;0;0;0;3;2;-25,51017487;-54,56454899;SPRF-PR;DEL05-PR;UOP03-DEL05-PR
654423;11/01/2025;sábado;13:00:00;RJ;101;92;CAMPOS DOS GOYTACAZES;Demais falhas mecânicas ou elétricas;Queda de ocupante de veículo;Com Vítimas Feridas;Pleno dia;Crescente;Céu Claro;Dupla;Reta;Não;1;0;1;0;0;0;1;1;-21,85456357;-41,52621893;SPRF-RJ;DEL08-RJ;UOP02-DEL08-RJ
654425;11/01/2025;sábado;12:00:00;GO;70;317;JUSSARA;Manobra de mudança de faixa;Colisão traseira;Com Vítimas Feridas;Pleno dia;Decrescente;Céu Claro;Dupla;Retorno Regulamentado;Sim;3;0;1;0;1;1;1;3;-15,87581838;-50,86884499;SPRF-GO;DEL04-GO;UOP02-DEL04-GO
654427;11/01/2025;sábado;13:00:00;PE;407;119;PETROLINA;Acessar a via sem observar a presença dos outros veículos;Colisão transversal;Com Vítimas Feridas;Pleno dia;Crescente;Chuva;Dupla;Reta;Não;2;0;1;0;1;0;1;2;-9,34735026;-40,5542922;SPRF-PE;DEL06-PE;UOP01-DEL06-PE
654428;11/01/2025;sábado;12:20:00;RO;174;11;VILHENA;Ultrapassagem Indevida;Colisão lateral mesmo sentido;Com Vítimas Feridas;Pleno dia;Decrescente;Nublado;Simples;"Interseção de Vias;Reta";Sim;3;0;2;1;0;0;3;2;-12,74605898;-60,11270299;SPRF-RO;DEL04-RO;UOP01-DEL04-RO
654429;11/01/2025;sábado;14:10:00;RS;116;263;CANOAS;Demais falhas mecânicas ou elétricas;Tombamento;Com Vítimas Feridas;Pleno dia;Decrescente;Céu Claro;Dupla;Reta;Sim;3;0;2;0;0;1;2;2;-29,90781298;-51,1769557;SPRF-RS;DEL01-RS;UOP01-DEL01-RS
654430;11/01/2025;sábado;12:15:00;PR;376;432;TIBAGI;Velocidade Incompatível;Colisão com objeto;Com Vítimas Feridas;Pleno dia;Crescente;Nublado;Dupla;Curva;Não;3;0;3;0;0;0;3;1;-24,75487094;-50,53509738;SPRF-PR;DEL03-PR;UOP02-DEL03-PR
654432;11/01/2025;sábado;12:00:00;RS;116;222,5;DOIS IRMAOS;Acessar a via sem observar a presença dos outros veículos;Colisão transversal;Com Vítimas Feridas;Pleno dia;Crescente;Céu Claro;Dupla;"Retorno Regulamentado;Reta";Sim;2;0;1;0;1;0;1;2;-29,58096695;-51,09515511;SPRF-RS;DEL01-RS;UOP02-DEL01-RS
654433;11/01/2025;sábado;14:00:00;MG;381;843,1;SAO SEBASTIAO DA BELA VISTA;Manobra de mudança de faixa;Colisão lateral mesmo sentido;Com Vítimas Feridas;Pleno dia;Crescente;Sol;Dupla;Reta;Não;2;0;1;0;1;0;1;2;-22,21565425;-45,86960261;SPRF-MG;DEL16-MG;UOP01-DEL16-MG
654434;11/01/2025;sábado;14:35:00;SE;235;51,2;ITABAIANA;Condutor deixou de manter distância do veículo da frente;Colisão traseira;Com Vítimas Feridas;Pleno dia;Crescente;Céu Claro;Simples;"Aclive;Reta";Sim;2;0;0;1;1;0;1;2;-10,69917421;-37,43265152;SPRF-SE;DEL01-SE;UOP02-DEL01-SE
654435;11/01/2025;sábado;10:50:00;PE;232;147;SAO CAITANO;Ausência de reação do condutor;Tombamento;Com Vítimas Feridas;Pleno dia;Crescente;Céu Claro;Dupla;Reta;Não;1;0;0;1;0;0;1;1;-8,33373137;-36,13751116;SPRF-PE;DEL03-PE;UOP02-DEL03-PE
654437;11/01/2025;sábado;13:00:00;SC;282;54,4;RANCHO QUEIMADO;Velocidade Incompatível;Colisão frontal;Com Vítimas Feridas;Pleno dia;Decrescente;Garoa/Chuvisco;Simples;Curva;Não;4;0;3;0;1;0;3;2;-27,685799;-48,974514;SPRF-SC;DEL01-SC;UOP03-DEL01-SC
654438;11/01/2025;sábado;12:35:00;BA;110;144;CICERO DANTAS;Ausência de reação do condutor;Saída de leito carroçável;Com Vítimas Feridas;Pleno dia;Decrescente;Nublado;Simples;"Curva;Declive";Sim;1;0;1;0;0;0;1;1;-10,611738;-38,392292;SPRF-BA;DEL07-BA;UOP02-DEL07-BA
654439;11/01/2025;sábado;13:00:00;BA;349;956;CORRENTINA;Reação tardia ou ineficiente do condutor;Tombamento;Com Vítimas Feridas;Pleno dia;Crescente;Céu Claro;Simples;Reta;Não;1;0;1;0;0;0;1;1;-13,34775335;-44,63734466;SPRF-BA;DEL10-BA;UOP02-DEL10-BA
654441;11/01/2025;sábado;12:00:00;RJ;101;425;MANGARATIBA;Ultrapassagem Indevida;Colisão frontal;Com Vítimas Feridas;Pleno dia;Crescente;Céu Claro;Simples;Reta;Sim;9;0;6;0;3;0;6;3;-22,92618815;-43,96323294;SPRF-RJ;DEL03-RJ;UOP02-DEL03-RJ
654442;11/01/2025;sábado;09:30:00;RS;285;569,8;SAO LUIZ GONZAGA;Transitar na contramão;Colisão frontal;Com Vítimas Fatais;Pleno dia;Decrescente;Céu Claro;Simples;Reta;Sim;3;1;1;0;1;0;1;2;-28,413052;-54,985699;SPRF-RS;DEL12-RS;UOP01-DEL12-RS
654443;11/01/2025;sábado;14:20:00;MS;463;4;DOURADOS;Acessar a via sem observar a presença dos outros veículos;Colisão transversal;Com Vítimas Feridas;Pleno dia;Crescente;Céu Claro;Simples;"Reta;Em Obras";Sim;2;0;1;0;0;1;1;2;-22,25932395;-54,842668;SPRF-MS;DEL04-MS;UOP01-DEL04-MS
654444;11/01/2025;sábado;11:50:00;RJ;493;72;DUQUE DE CAXIAS;Ausência de reação do condutor;Saída de leito carroçável;Com Vítimas Feridas;Pleno dia;Crescente;Céu Claro;Dupla;Reta;Não;1;0;1;0;0;0;1;1;-22,672089;-43,285053;SPRF-RJ;DEL01-RJ;UOP03-DEL01-RJ
654445;11/01/2025;sábado;09:00:00;PR;487;178,3;CAMPO MOURAO;Manobra de mudança de faixa;Colisão lateral mesmo sentido;Com Vítimas Feridas;Pleno dia;Decrescente;Céu Claro;Dupla;Rotatória;Sim;3;0;2;0;1;0;2;2;-24,04705186;-52,39354134;SPRF-PR;DEL09-PR;UOP03-DEL09-PR
654446;11/01/2025;sábado;13:20:00;BA;418;120;MUCURI;Transitar na contramão;Colisão frontal;Com Vítimas Feridas;Pleno dia;Crescente;Céu Claro;Simples;Reta;Não;6;0;0;1;5;0;1;2;-17,87143911;-40,14042309;SPRF-BA;DEL09-BA;UOP02-DEL09-BA
654447;11/01/2025;sábado;14:00:00;RJ;101;462;ANGRA DOS REIS;Ultrapassagem Indevida;Saída de leito carroçável;Com Vítimas Feridas;Pleno dia;Crescente;Céu Claro;Simples;Curva;Não;5;0;2;0;3;0;2;1;-23,02970078;-44,20784712;SPRF-RJ;DEL03-RJ;UOP03-DEL03-RJ
654450;09/01/2025;quinta-feira;14:15:00;SC;282;555,7;NOVA ITABERABA;Reação tardia ou ineficiente do condutor;Colisão lateral sentido oposto;Com Vítimas Feridas;Pleno dia;Crescente;Céu Claro;Simples;"Curva;Declive";Não;2;0;1;0;1;0;1;2;-26,935896;-52,810684;SPRF-SC;DEL07-SC;UOP01-DEL07-SC
654451;11/01/2025;sábado;15:20:00;PB;101;59,9;SANTA RITA;Demais falhas na via;Tombamento;Com Vítimas Feridas;Pleno dia;Crescente;Céu Claro;Dupla;Reta;Não;2;0;1;1;0;0;2;1;-6,99352402;-35,06896004;SPRF-PB;DEL01-PB;UOP03-DEL01-PB
654452;11/01/2025;sábado;12:00:00;MG;365;381;PATOS DE MINAS;Reação tardia ou ineficiente do condutor;Saída de leito carroçável;Com Vítimas Feridas;Pleno dia;Decrescente;Céu Claro;Simples;Reta;Não;3;0;3;0;0;0;3;1;-18,56330778;-46,23875211;SPRF-MG;DEL10-MG;UOP01-DEL10-MG
654453;11/01/2025;sábado;15:30:00;ES;101;288,9;CARIACICA;Manobra de mudança de faixa;Colisão traseira;Com Vítimas Feridas;Pleno dia;Decrescente;Sol;Dupla;Reta;Sim;2;0;1;0;1;0;1;2;-20,27160351;-40,39091743;SPRF-ES;DEL01-ES;UOP01-DEL01-ES
654454;11/01/2025;sábado;15:36:00;RS;116;256;ESTEIO;Ausência de reação do condutor;Colisão traseira;Com Vítimas Feridas;Pleno dia;Decrescente;Céu Claro;Dupla;Reta;Sim;2;0;2;0;0;0;2;2;-29,84393699;-51,17728603;SPRF-RS;DEL01-RS;UOP02-DEL01-RS
654455;11/01/2025;sábado;13:30:00;SC;101;97;BALNEARIO PICARRAS;Avarias e/ou desgaste excessivo no pneu;Tombamento;Com Vítimas Feridas;Pleno dia;Crescente;Nublado;Dupla;Reta;Não;2;0;2;0;0;0;2;1;-26,72823703;-48,70224928;SPRF-SC;DEL03-SC;UOP02-DEL03-SC
654458;11/01/2025;sábado;15:45:00;PB;230;334;PATOS;Ingestão de álcool pelo condutor;Colisão transversal;Com Vítimas Feridas;Pleno dia;Crescente;Céu Claro;Simples;Curva;Não;2;0;0;1;1;0;1;2;-7,018;-37,2589;SPRF-PB;DEL03-PB;UOP01-DEL03-PB
654459;11/01/2025;sábado;09:47:00;SC;282;132,9;BOM RETIRO;Ultrapassagem Indevida;Colisão frontal;Com Vítimas Fatais;Pleno dia;Decrescente;Céu Claro;Simples;"Curva;Aclive";Não;2;1;1;0;0;0;1;2;-27,8074269;-49,531308;SPRF-SC;DEL05-SC;UOP01-DEL05-SC
654460;11/01/2025;sábado;15:35:00;RS;386;306;POUSO NOVO;Pista Escorregadia;Tombamento;Com Vítimas Feridas;Pleno dia;Decrescente;Sol;Simples;Curva;Não;2;0;2;0;0;0;2;1;-29,194696;-52,185722;SPRF-RS;DEL04-RS;UOP01-DEL04-RS
654461;11/01/2025;sábado;15:45:00;RS;386;306;POUSO NOVO;Pista Escorregadia;Tombamento;Com Vítimas Feridas;Pleno dia;Decrescente;Sol;Simples;Curva;Não;2;0;1;0;1;0;1;1;-29,194696;-52,185722;SPRF-RS;DEL04-RS;UOP01-DEL04-RS
654464;11/01/2025;sábado;14:25:00;RJ;393;275,8;BARRA DO PIRAI;Animais na Pista;Atropelamento de Animal;Com Vítimas Feridas;Pleno dia;Crescente;Céu Claro;Simples;Reta;Não;1;0;1;0;0;0;1;1;-22,48279699;-43,970547;SPRF-RJ;DEL05-RJ;UOP04-DEL05-RJ
654466;11/01/2025;sábado;14:30:00;MS;262;419,8;TERENOS;Ausência de reação do condutor;Tombamento;Com Vítimas Feridas;Pleno dia;Crescente;Céu Claro;Simples;"Reta;Declive";Não;1;0;1;0;0;0;1;1;-20,46449452;-55,19587024;SPRF-MS;DEL01-MS;UOP03-DEL01-MS
654467;11/01/2025;sábado;14:30:00;AM;0;0;MANAUS;Pista Escorregadia;Colisão frontal;Com Vítimas Feridas;Pleno dia;Não Informado;Chuva;Dupla;Aclive;Sim;3;0;0;2;1;0;2;2;-3,10224956;-59,94650245;SPRF-AM;DEL01-AM;UOP03-DEL01-AM
654469;11/01/2025;sábado;15:05:00;RJ;393;284;VOLTA REDONDA;Ausência de reação do condutor;Colisão traseira;Com Vítimas Feridas;Pleno dia;Decrescente;Sol;Simples;Reta;Não;3;0;1;0;1;1;1;2;-22,49663;-44,070893;SPRF-RJ;DEL05-RJ;UOP04-DEL05-RJ
654470;11/01/2025;sábado;14:35:00;SC;282;221;LAGES;Reação tardia ou ineficiente do condutor;Colisão transversal;Com Vítimas Feridas;Pleno dia;Crescente;Nublado;Dupla;"Interseção de Vias;Reta;Rotatória;Aclive";Sim;2;0;1;0;1;0;1;2;-27,796358;-50,343426;SPRF-SC;DEL05-SC;UOP01-DEL05-SC
654471;11/01/2025;sábado;15:10:00;BA;101;796;ITAMARAJU;Demais falhas mecânicas ou elétricas;Saída de leito carroçável;Com Vítimas Feridas;Pleno dia;Crescente;Chuva;Simples;Reta;Não;2;0;2;0;0;0;2;1;-16,90508485;-39,52468872;SPRF-BA;DEL09-BA;UOP01-DEL09-BA
654472;11/01/2025;sábado;15:30:00;GO;40;105,9;CRISTALINA;Condutor Dormindo;Saída de leito carroçável;Com Vítimas Feridas;Pleno dia;Decrescente;Céu Claro;Dupla;Reta;Não;3;0;2;0;1;0;2;1;-16,822591;-47,551275;SPRF-DF;DEL01-DF;UOP02-DEL01-DF
654474;11/01/2025;sábado;16:00:00;SC;116;192;PONTE ALTA;Ausência de reação do condutor;Colisão traseira;Com Vítimas Feridas;Pleno dia;Crescente;Céu Claro;Simples;Reta;Não;2;0;0;1;1;0;1;2;-27,36303564;-50,43355252;SPRF-SC;DEL05-SC;UOP03-DEL05-SC
654475;11/01/2025;sábado;14:30:00;MG;459;74,2;SENADOR JOSE BENTO;Velocidade Incompatível;Saída de leito carroçável;Com Vítimas Feridas;Pleno dia;Decrescente;Céu Claro;Simples;Curva;Não;1;0;1;0;0;0;1;1;-22,138563;-46,146851;SPRF-MG;DEL09-MG;UOP01-DEL09-MG
654476;11/01/2025;sábado;16:00:00;GO;70;319;JUSSARA;Ausência de reação do condutor;Colisão traseira;Sem Vítimas;Pleno dia;Decrescente;Céu Claro;Dupla;Reta;Sim;3;0;0;0;3;0;0;2;-15,876487;-50,87205;SPRF-GO;DEL04-GO;UOP02-DEL04-GO
654479;11/01/2025;sábado;17:30:00;BA;101;813,8;ITAMARAJU;Acesso irregular;Colisão lateral mesmo sentido;Com Vítimas Feridas;Pleno dia;Decrescente;Chuva;Simples;Reta;Não;2;0;1;1;0;0;2;2;-17,066913;-39,557112;SPRF-BA;DEL09-BA;UOP01-DEL09-BA
654481;11/01/2025;sábado;16:50:00;MG;381;584,1;CARMOPOLIS DE MINAS;Condutor Dormindo;Saída de leito carroçável;Com Vítimas Feridas;Pleno dia;Crescente;Céu Claro;Dupla;Reta;Não;4;0;3;0;1;0;3;1;-20,52949002;-44,63874994;SPRF-MG;DEL04-MG;UOP01-DEL04-MG
654482;11/01/2025;sábado;17:50:00;RN;226;13,8;MACAIBA;Transitar na contramão;Colisão frontal;Com Vítimas Feridas;Anoitecer;Crescente;Céu Claro;Simples;Reta;Sim;5;0;4;1;0;0;5;3;-5,85297459;-35,31897913;SPRF-RN;DEL01-RN;UOP02-DEL01-RN
654483;11/01/2025;sábado;18:05:00;PR;369;199;APUCARANA;Manobra de mudança de faixa;Colisão frontal;Com Vítimas Feridas;Pleno dia;Decrescente;Garoa/Chuvisco;Simples;Reta;Sim;2;0;1;0;1;0;1;2;-23,52554288;-51,44486904;SPRF-PR;DEL07-PR;UOP03-DEL07-PR
654484;08/01/2025;quarta-feira;06:30:00;BA;101;578;CAMACAN;Velocidade Incompatível;Saída de leito carroçável;Com Vítimas Feridas;Pleno dia;Decrescente;Céu Claro;Simples;Curva;Não;3;0;2;0;1;0;2;1;-15,497843;-39,43252405;SPRF-BA;DEL05-BA;UOP02-DEL05-BA
654485;11/01/2025;sábado;17:50:00;PB;101;119;CAAPORA;Animais na Pista;Colisão com objeto;Com Vítimas Feridas;Plena Noite;Decrescente;Céu Claro;Simples;Aclive;Sim;3;0;2;0;1;0;2;1;-7,42897814;-34,96672977;SPRF-PB;DEL01-PB;UOP01-DEL01-PB
654486;11/01/2025;sábado;18:10:00;RS;116;145,9;CAXIAS DO SUL;Ausência de reação do condutor;Colisão traseira;Com Vítimas Feridas;Pleno dia;Crescente;Chuva;Dupla;Curva;Sim;2;0;1;0;1;0;1;2;-29,1350217;-51,1302779;SPRF-RS;DEL05-RS;UOP01-DEL05-RS