id;data_inversa;dia_semana;horario;uf;br;km;municipio;causa_acidente;tipo_acidente;classificacao_acidente;fase_dia;sentido_via;condicao_metereologica;tipo_pista;tracado_via;uso_solo;pessoas;mortos;feridos_leves;feridos_graves;ilesos;ignorados;feridos;veiculos;latitude;longitude;regional;delegacia;uop
654704;12/01/2025;domingo;20:00:00;SC;280;231,7;CANOINHAS;Ausência de reação do condutor;Colisão com objeto;Com Vítimas Feridas;Plena Noite;Decrescente;Céu Claro;Simples;Reta;Sim;2;0;1;0;1;0;1;1;-26,1893047;-50,37170989;SPRF-SC;DEL06-SC;UOP04-DEL06-SC
654706;12/01/2025;domingo;20:20:00;SC;470;56;BLUMENAU;Acesso irregular;Colisão traseira;Com Vítimas Feridas;Plena Noite;Decrescente;Ignorado;Dupla;"Curva;Em Obras";Sim;2;0;1;0;1;0;1;2;-26,87655491;-49,12752271;SPRF-SC;DEL04-SC;UOP01-DEL04-SC
654707;12/01/2025;domingo;20:00:00;RN;101;105;PARNAMIRIM;Avarias e/ou desgaste excessivo no pneu;Queda de ocupante de veículo;Com Vítimas Feridas;Plena Noite;Crescente;Céu Claro;Dupla;Reta;Não;2;0;1;1;0;0;2;1;-5,90165196;-35,25928517;SPRF-RN;DEL01-RN;UOP01-DEL01-RN
654708;12/01/2025;domingo;20:15:00;MG;364;31;FRUTAL;Ausência de reação do condutor;Saída de leito carroçável;Com Vítimas Feridas;Plena Noite;Decrescente;Céu Claro;Simples;Reta;Sim;1;0;1;0;0;0;1;1;-20,025185;-48,94096;SPRF-MG;DEL13-MG;UOP02-DEL13-MG
654709;12/01/2025;domingo;19:40:00;PE;407;73,4;PETROLINA;Chuva;Saída de leito carroçável;Com Vítimas Feridas;Plena Noite;Crescente;Chuva;Simples;Curva;Não;2;0;2;0;0;0;2;1;-8,958202;-40,722875;SPRF-PE;DEL06-PE;UOP02-DEL06-PE
654710;12/01/2025;domingo;18:15:00;SC;282;308,5;VARGEM;Ingestão de álcool pelo condutor;Saída de leito carroçável;Com Vítimas Fatais;Pleno dia;Crescente;Céu Claro;Simples;"Curva;Declive";Não;1;1;0;0;0;0;0;1;-27,4892731;-50,9729754;SPRF-SC;DEL07-SC;UOP06-DEL07-SC
654712;12/01/2025;domingo;20:40:00;PR;153;43,9;SANTO ANTONIO DA PLATINA;Velocidade Incompatível;Saída de leito carroçável;Sem Vítimas;Plena Noite;Decrescente;Nublado;Simples;Reta;Sim;1;0;0;0;1;0;0;1;-23,31433009;-50,06953597;SPRF-PR;DEL07-PR;UOP04-DEL07-PR
654713;12/01/2025;domingo;17:02:00;RS;293;0;PELOTAS;Retorno proibido;Colisão com objeto;Com Vítimas Feridas;Pleno dia;Decrescente;Céu Claro;Simples;Interseção de Vias;Sim;1;0;0;1;0;0;1;1;-31,76310187;-52,35646248;SPRF-RS;DEL07-RS;UOP01-DEL07-RS
654715;12/01/2025;domingo;16:30:00;MG;116;424;ALPERCATA;Ausência de reação do condutor;Queda de ocupante de veículo;Com Vítimas Feridas;Pleno dia;Crescente;Céu Claro;Simples;Reta;Sim;1;0;0;1;0;0;1;1;-18,95689528;-41,96500492;SPRF-MG;DEL06-MG;UOP01-DEL06-MG
654716;12/01/2025;domingo;21:20:00;RN;101;99;NATAL;Ausência de reação do condutor;Colisão com objeto;Com Vítimas Feridas;Plena Noite;Decrescente;Céu Claro;Simples;Reta;Sim;2;0;1;0;1;0;1;2;-5,87359183;-35,22063023;SPRF-RN;DEL01-RN;UOP01-DEL01-RN
654717;12/01/2025;domingo;21:20:00;RN;304;280;MACAIBA;Ingestão de álcool pelo condutor;Colisão com objeto;Com Vítimas Feridas;Plena Noite;Decrescente;Céu Claro;Dupla;Reta;Não;1;0;1;0;0;0;1;1;-5,88956382;-35,48954405;SPRF-RN;DEL01-RN;UOP02-DEL01-RN
654719;12/01/2025;domingo;17:20:00;RO;364;491;ARIQUEMES;Conversão proibida;Colisão transversal;Com Vítimas Feridas;Pleno dia;Crescente;Nublado;Simples;Reta;Não;6;0;2;0;4;0;2;2;-10,09972089;-62,95458394;SPRF-RO;DEL03-RO;UOP01-DEL03-RO
654720;12/01/2025;domingo;21:22:00;PR;376;180;MARINGA;Velocidade Incompatível;Tombamento;Com Vítimas Feridas;Plena Noite;Crescente;Céu Claro;Dupla;Curva;Sim;2;0;2;0;0;0;2;1;-23,42244278;-51,90360392;SPRF-PR;DEL09-PR;UOP01-DEL09-PR
654721;12/01/2025;domingo;20:35:00;MG;40;466,8;SETE LAGOAS;Pista esburacada;Colisão com objeto;Com Vítimas Feridas;Plena Noite;Decrescente;Nublado;Dupla;"Reta;Declive";Sim;2;0;2;0;0;0;2;1;-19,447962;-44,319408;SPRF-MG;DEL02-MG;UOP01-DEL02-MG
654722;12/01/2025;domingo;21:30:00;MG;262;368;JUATUBA;Entrada inopinada do pedestre;Atropelamento de Pedestre;Com Vítimas Fatais;Plena Noite;Crescente;Chuva;Dupla;Reta;Não;2;1;0;0;1;0;0;2;-19,97239513;-44,28042402;SPRF-MG;DEL01-MG;UOP03-DEL01-MG
654723;12/01/2025;domingo;20:00:00;SP;116;219;GUARULHOS;Reação tardia ou ineficiente do condutor;Colisão traseira;Sem Vítimas;Plena Noite;Decrescente;Nublado;Múltipla;Reta;Sim;3;0;0;0;3;0;0;3;-23,457972;-46,479927;SPRF-SP;DEL01-SP;UOP01-DEL01-SP
654724;12/01/2025;domingo;22:00:00;SC;101;134;BALNEARIO CAMBORIU;Reação tardia ou ineficiente do condutor;Colisão com objeto;Com Vítimas Feridas;Plena Noite;Decrescente;Céu Claro;Simples;Reta;Sim;1;0;1;0;0;0;1;1;-27,00218;-48,636433;SPRF-SC;DEL04-SC;UOP03-DEL04-SC
654725;12/01/2025;domingo;22:00:00;SC;280;24,9;ARAQUARI;Condutor deixou de manter distância do veículo da frente;Colisão traseira;Com Vítimas Feridas;Plena Noite;Crescente;Céu Claro;Simples;Reta;Sim;1;0;1;0;0;0;1;1;-26,37724921;-48,71953282;SPRF-SC;DEL03-SC;UOP03-DEL03-SC
654727;12/01/2025;domingo;21:50:00;PR;277;452,2;LARANJEIRAS DO SUL;Acessar a via sem observar a presença dos outros veículos;Colisão transversal;Com Vítimas Feridas;Plena Noite;Decrescente;Céu Claro;Simples;Reta;Sim;2;0;1;0;1;0;1;2;-25,37843986;-52,39634693;SPRF-PR;DEL04-PR;UOP02-DEL04-PR
654728;12/01/2025;domingo;21:00:00;PI;135;372,3;BOM JESUS;Ausência de reação do condutor;Colisão traseira;Sem Vítimas;Plena Noite;Decrescente;Nublado;Simples;Reta;Não;2;0;0;0;1;1;0;2;-9,21779976;-44,44649418;SPRF-PI;DEL03-PI;UOP02-DEL03-PI
654730;12/01/2025;domingo;21:15:00;PR;272;373,3;CAMPO MOURAO;Transitar na contramão;Colisão frontal;Com Vítimas Fatais;Plena Noite;Crescente;Céu Claro;Simples;Reta;Não;6;2;3;0;1;0;3;2;-24,0678098;-52,45503794;SPRF-PR;DEL09-PR;UOP03-DEL09-PR
654732;12/01/2025;domingo;22:30:00;PR;163;244;GUAIRA;Ingestão de álcool pelo condutor;Colisão transversal;Com Vítimas Feridas;Plena Noite;Crescente;Céu Claro;Simples;"Declive;Reta";Sim;2;0;0;1;1;0;1;2;-24,10770483;-54,2390728;SPRF-PR;DEL06-PR;UOP02-DEL06-PR
654733;12/01/2025;domingo;22:00:00;RN;304;297,5;MACAIBA;Ingestão de álcool pelo condutor;Colisão traseira;Com Vítimas Feridas;Plena Noite;Crescente;Céu Claro;Dupla;"Aclive;Reta";Não;2;0;1;1;0;0;2;2;-5,86689116;-35,33703089;SPRF-RN;DEL01-RN;UOP02-DEL01-RN
654734;12/01/2025;domingo;22:45:00;SP;116;161;JACAREI;Desrespeitar a preferência no cruzamento;Tombamento;Com Vítimas Feridas;Plena Noite;Crescente;Nublado;Dupla;Retorno Regulamentado;Sim;2;0;1;0;1;0;1;2;-23,27617003;-45,97592098;SPRF-SP;DEL02-SP;UOP01-DEL02-SP
654735;12/01/2025;domingo;23:17:00;SC;282;282;PALHOCA;Ausência de reação do condutor;Colisão transversal;Sem Vítimas;Plena Noite;Crescente;Céu Claro;Múltipla;Rotatória;Não;3;0;0;0;2;1;0;3;-27,65565227;-48,67910457;SPRF-SC;DEL05-SC;UOP02-DEL05-SC
654738;12/01/2025;domingo;18:00:00;SC;280;234;CANOINHAS;Ingestão de álcool pelo condutor;Colisão frontal;Com Vítimas Feridas;Anoitecer;Crescente;Nublado;Simples;"Reta;Aclive";Sim;2;0;1;0;1;0;1;2;-26,19130591;-50,40255601;SPRF-SC;DEL06-SC;UOP04-DEL06-SC
654739;12/01/2025;domingo;19:00:00;MA;230;315,2;SAO RAIMUNDO DAS MANGABEIRAS;Desrespeitar a preferência no cruzamento;Colisão transversal;Com Vítimas Fatais;Plena Noite;Crescente;Nublado;Simples;"Declive;Reta";Sim;3;1;0;1;1;0;1;2;-7,022722;-45,482058;SPRF-MA;DEL05-MA;UOP01-DEL05-MA
654740;12/01/2025;domingo;20:00:00;MG;251;431;GRAO MOGOL;Reação tardia ou ineficiente do condutor;Colisão frontal;Com Vítimas Feridas;Plena Noite;Decrescente;Chuva;Simples;"Declive;Reta";Não;6;0;6;0;0;0;6;2;-16,3602658;-43,16619819;SPRF-MG;DEL12-MG;UOP01-DEL12-MG
654742;13/01/2025;segunda-feira;00:00:00;RS;386;342,6;LAJEADO;Reação tardia ou ineficiente do condutor;Colisão frontal;Com Vítimas Feridas;Plena Noite;Decrescente;Céu Claro;Múltipla;"Reta;Interseção de Vias";Sim;2;0;0;1;1;0;1;2;-29,43419777;-52,0053863;SPRF-RS;DEL04-RS;UOP01-DEL04-RS
654743;12/01/2025;domingo;22:55:00;MS;267;122,3;NOVA ANDRADINA;Velocidade Incompatível;Saída de leito carroçável;Com Vítimas Fatais;Plena Noite;Crescente;Céu Claro;Simples;Curva;Não;3;1;0;0;0;2;0;2;-21,75831;-53,23826;SPRF-MS;DEL02-MS;UOP03-DEL02-MS
654744;12/01/2025;domingo;23:30:00;RJ;101;297;ITABORAI;Reação tardia ou ineficiente do condutor;Tombamento;Com Vítimas Feridas;Plena Noite;Crescente;Nublado;Simples;Curva;Sim;2;0;2;0;0;0;2;1;-22,76942037;-42,91873581;SPRF-RJ;DEL02-RJ;UOP02-DEL02-RJ
654745;13/01/2025;segunda-feira;00:15:00;SC;101;123;ITAJAI;Desrespeitar a preferência no cruzamento;Colisão transversal;Com Vítimas Feridas;Plena Noite;Decrescente;Céu Claro;Simples;Interseção de Vias;Não;2;0;0;1;1;0;1;2;-26,93668609;-48,69876905;SPRF-SC;DEL04-SC;UOP04-DEL04-SC
654747;13/01/2025;segunda-feira;00:00:00;PR;277;5;CURITIBA;Ausência de reação do condutor;Colisão traseira;Com Vítimas Feridas;Plena Noite;Crescente;Céu Claro;Dupla;Curva;Sim;2;0;0;1;1;0;1;2;-25,43047783;-49,3174855;SPRF-PR;DEL01-PR;UOP05-DEL01-PR
654748;13/01/2025;segunda-feira;00:10:00;PR;277;3,8;PARANAGUA;Reação tardia ou ineficiente do condutor;Saída de leito carroçável;Sem Vítimas;Plena Noite;Decrescente;Nublado;Dupla;Reta;Sim;8;0;0;0;8;0;0;3;-25,5395086;-48,5345222;SPRF-PR;DEL01-PR;UOP05-DEL01-PR
654751;13/01/2025;segunda-feira;00:30:00;PB;104;98;ESPERANCA;Ingestão de álcool pelo condutor;Colisão com objeto;Sem Vítimas;Plena Noite;Crescente;Garoa/Chuvisco;Simples;Reta;Sim;1;0;0;0;1;0;0;1;-7,02803215;-35,85657159;SPRF-PB;DEL02-PB;UOP04-DEL02-PB
654752;13/01/2025;segunda-feira;00:26:00;PE;407;119;PETROLINA;Ingestão de álcool pelo condutor;Colisão com objeto;Com Vítimas Feridas;Plena Noite;Decrescente;Nublado;Simples;"Em Obras;Reta";Não;1;0;0;1;0;0;1;1;-9,33026316;-40,56422728;SPRF-PE;DEL06-PE;UOP01-DEL06-PE
654753;13/01/2025;segunda-feira;00:15:00;RO;364;196;PIMENTA BUENO;Ausência de reação do condutor;Saída de leito carroçável;Sem Vítimas;Plena Noite;Decrescente;Nublado;Simples;Reta;Sim;1;0;0;0;0;1;0;1;-11,68671732;-61,18347731;SPRF-RO;DEL02-RO;UOP02-DEL02-RO
654754;12/01/2025;domingo;20:50:00;RS;285;104,7;VACARIA;Ausência de reação do condutor;Saída de leito carroçável;Com Vítimas Feridas;Plena Noite;Crescente;Céu Claro;Simples;Reta;Não;1;0;0;1;0;0;1;1;-28,54488;-50,790276;SPRF-RS;DEL05-RS;UOP03-DEL05-RS
654755;13/01/2025;segunda-feira;00:15:00;MS;267;94,8;BATAGUASSU;Animais na Pista;Atropelamento de Animal;Com Vítimas Feridas;Plena Noite;Crescente;Céu Claro;Simples;Reta;Não;3;0;3;0;0;0;3;1;-21,85640785;-52,99283596;SPRF-MS;DEL02-MS;UOP04-DEL02-MS
654756;13/01/2025;segunda-feira;00:45:00;BA;324;620,2;SALVADOR;Ausência de reação do condutor;Tombamento;Com Vítimas Feridas;Plena Noite;Crescente;Céu Claro;Múltipla;Curva;Sim;1;0;1;0;0;0;1;1;-12,915566;-38,462231;SPRF-BA;DEL01-BA;UOP01-DEL01-BA
654759;13/01/2025;segunda-feira;02:30:00;MG;262;414,7;PARA DE MINAS;Velocidade Incompatível;Saída de leito carroçável;Com Vítimas Feridas;Plena Noite;Decrescente;Chuva;Dupla;Reta;Não;2;0;1;0;1;0;1;1;-19,88636461;-44,71984863;SPRF-MG;DEL08-MG;UOP03-DEL08-MG
654760;13/01/2025;segunda-feira;01:40:00;PI;316;14;TERESINA;Ausência de reação do condutor;Saída de leito carroçável;Com Vítimas Feridas;Plena Noite;Crescente;Chuva;Dupla;Reta;Sim;1;0;1;0;0;0;1;1;-5,21837815;-42,75257727;SPRF-PI;DEL01-PI;UOP02-DEL01-PI
654762;13/01/2025;segunda-feira;01:00:00;SP;153;2;ICEM;Ausência de reação do condutor;Queda de ocupante de veículo;Com Vítimas Feridas;Amanhecer;Crescente;Nublado;Simples;Reta;Não;1;0;0;1;0;0;1;1;-20,32199868;-49,21108763;SPRF-SP;DEL09-SP;UOP01-DEL09-SP
654763;13/01/2025;segunda-feira;01:00:00;RO;364;715;PORTO VELHO;Ausência de reação do condutor;Colisão com objeto;Sem Vítimas;Plena Noite;Crescente;Nublado;Simples;Declive;Sim;2;0;0;0;0;2;0;2;-8,78178366;-63,89433217;SPRF-RO;DEL01-RO;UOP01-DEL01-RO
654765;13/01/2025;segunda-feira;03:40:00;RS;116;262;CANOAS;Ausência de reação do condutor;Tombamento;Com Vítimas Feridas;Plena Noite;Decrescente;Céu Claro;Múltipla;Reta;Sim;1;0;0;1;0;0;1;1;-29,896475;-51,17593;SPRF-RS;DEL01-RS;UOP01-DEL01-RS
654767;13/01/2025;segunda-feira;05:07:00;CE;222;5;CAUCAIA;Condutor desrespeitou a iluminação vermelha do semáforo;Colisão transversal;Com Vítimas Feridas;Amanhecer;Crescente;Céu Claro;Múltipla;"Retorno Regulamentado;Reta";Sim;2;0;1;0;1;0;1;2;-3,74296918;-38,61330997;SPRF-CE;DEL01-CE;UOP01-DEL01-CE
654769;12/01/2025;domingo;22:00:00;MG;381;493,6;BETIM;Velocidade Incompatível;Colisão com objeto;Sem Vítimas;Plena Noite;Decrescente;Garoa/Chuvisco;Dupla;"Aclive;Reta";Sim;1;0;0;0;0;1;0;1;-19,96392042;-44,16953444;SPRF-MG;DEL01-MG;UOP03-DEL01-MG
654770;13/01/2025;segunda-feira;01:00:00;SC;163;69,4;SAO MIGUEL DO OESTE;Ingestão de álcool pelo condutor;Colisão com objeto;Com Vítimas Feridas;Plena Noite;Decrescente;Céu Claro;Dupla;"Curva;Declive";Sim;1;0;1;0;0;0;1;1;-26,73822993;-53,50157797;SPRF-SC;DEL07-SC;UOP03-DEL07-SC
654772;13/01/2025;segunda-feira;06:35:00;GO;153;186;URUACU;Animais na Pista;Atropelamento de Animal;Sem Vítimas;Pleno dia;Crescente;Céu Claro;Simples;Reta;Não;2;0;0;0;2;0;0;1;-14,394958;-49,157684;SPRF-GO;DEL07-GO;UOP02-DEL07-GO
654774;12/01/2025;domingo;16:00:00;MG;262;12,5;MARTINS SOARES;Ingestão de álcool pelo condutor;Tombamento;Com Vítimas Feridas;Pleno dia;Crescente;Garoa/Chuvisco;Simples;Reta;Não;1;0;0;1;0;0;1;1;-20,25303293;-41,85361008;SPRF-MG;DEL06-MG;UOP03-DEL06-MG
654775;13/01/2025;segunda-feira;06:55:00;SP;116;510;CAJATI;Reação tardia ou ineficiente do condutor;Queda de ocupante de veículo;Com Vítimas Feridas;Pleno dia;Crescente;Céu Claro;Dupla;Curva;Não;1;0;1;0;0;0;1;1;-24,82768986;-48,21855823;SPRF-SP;DEL05-SP;UOP02-DEL05-SP
654777;13/01/2025;segunda-feira;05:40:00;MG;40;517;RIBEIRAO DAS NEVES;Mal súbito do condutor;Tombamento;Com Vítimas Feridas;Amanhecer;Crescente;Garoa/Chuvisco;Dupla;Reta;Sim;1;0;0;1;0;0;1;1;-19,82351202;-44,08438913;SPRF-MG;DEL01-MG;UOP02-DEL01-MG
654778;12/01/2025;domingo;23:30:00;SP;101;48;UBATUBA;Transitar na contramão;Colisão transversal;Com Vítimas Feridas;Plena Noite;Crescente;Chuva;Simples;Curva;Sim;4;0;3;0;1;0;3;3;-23,43696329;-45,08768768;SPRF-SP;DEL06-SP;UOP01-DEL06-SP
654779;13/01/2025;segunda-feira;04:30:00;PE;101;45;IGARASSU;Condutor deixou de manter distância do veículo da frente;Colisão traseira;Com Vítimas Feridas;Amanhecer;Crescente;Garoa/Chuvisco;Múltipla;Reta;Sim;3;0;1;0;2;0;1;2;-7,86685713;-34,90720153;SPRF-PE;DEL01-PE;UOP02-DEL01-PE
654780;13/01/2025;segunda-feira;07:00:00;PR;116;126;FAZENDA RIO GRANDE;Condutor desrespeitou a iluminação vermelha do semáforo;Colisão transversal;Com Vítimas Feridas;Pleno dia;Decrescente;Céu Claro;Dupla;Interseção de Vias;Sim;3;0;2;0;1;0;2;3;-25,60389895;-49,31824423;SPRF-PR;DEL01-PR;UOP03-DEL01-PR
654781;13/01/2025;segunda-feira;06:40:00;PR;369;480,4;CORBELIA;Condutor Dormindo;Saída de leito carroçável;Com Vítimas Feridas;Pleno dia;Crescente;Sol;Simples;Curva;Não;1;0;0;1;0;0;1;1;-24,75805;-53,292529;SPRF-PR;DEL04-PR;UOP03-DEL04-PR
654783;12/01/2025;domingo;23:55:00;GO;153;434;ANAPOLIS;Avarias e/ou desgaste excessivo no pneu;Tombamento;Com Vítimas Feridas;Plena Noite;Crescente;Nublado;Dupla;Reta;Sim;1;0;1;0;0;0;1;1;-16,275604;-48,967766;SPRF-GO;DEL02-GO;UOP01-DEL02-GO
654785;13/01/2025;segunda-feira;07:00:00;MG;40;717,5;BARBACENA;Chuva;Colisão com objeto;Com Vítimas Feridas;Pleno dia;Crescente;Chuva;Dupla;Curva;Não;2;0;2;0;0;0;2;1;-21,26034802;-43,66189055;SPRF-MG;DEL05-MG;UOP01-DEL05-MG
654786;13/01/2025;segunda-feira;07:20:00;SC;101;208;SAO JOSE;Avarias e/ou desgaste excessivo no pneu;Queda de ocupante de veículo;Com Vítimas Feridas;Pleno dia;Decrescente;Céu Claro;Dupla;Reta;Sim;2;0;2;0;0;0;2;1;-27,60327979;-48,63201818;SPRF-SC;DEL01-SC;UOP01-DEL01-SC
654787;13/01/2025;segunda-feira;07:30:00;PI;343;332;TERESINA;Ausência de reação do condutor;Saída de leito carroçável;Sem Vítimas;Pleno dia;Decrescente;Céu Claro;Múltipla;Reta;Sim;1;0;0;0;0;1;0;1;-5,058209;-42,66679;SPRF-PI;DEL01-PI;UOP01-DEL01-PI
654788;13/01/2025;segunda-feira;06:00:00;MG;262;731,9;PERDIZES;Neblina;Saída de leito carroçável;Sem Vítimas;Pleno dia;Decrescente;Nevoeiro/Neblina;Simples;Reta;Não;1;0;0;0;1;0;0;1;-19,6187641;-47,3347401;SPRF-MG;DEL08-MG;UOP01-DEL08-MG
654789;13/01/2025;segunda-feira;07:25:00;PR;376;671;GUARATUBA;Reação tardia ou ineficiente do condutor;Colisão traseira;Sem Vítimas;Pleno dia;Crescente;Céu Claro;Dupla;Reta;Não;2;0;0;0;2;0;0;2;-25,885323;-48,935154;SPRF-PR;DEL01-PR;UOP04-DEL01-PR
654790;13/01/2025;segunda-feira;07:00:00;RJ;101;209;CASIMIRO DE ABREU;Avarias e/ou desgaste excessivo no pneu;Tombamento;Com Vítimas Feridas;Pleno dia;Decrescente;Céu Claro;Dupla;"Curva;Aclive";Não;2;0;1;0;1;0;1;1;-22,48133694;-42,22930101;SPRF-RJ;DEL08-RJ;UOP04-DEL08-RJ
654791;13/01/2025;segunda-feira;08:00:00;SC;280;138;RIO NEGRINHO;Ausência de reação do condutor;Colisão traseira;Sem Vítimas;Pleno dia;Decrescente;Céu Claro;Simples;"Declive;Reta";Não;2;0;0;0;2;0;0;2;-26,270102;-49,58121;SPRF-SC;DEL06-SC;UOP03-DEL06-SC
654792;13/01/2025;segunda-feira;07:25:00;SC;101;194,3;BIGUACU;Demais falhas mecânicas ou elétricas;Tombamento;Com Vítimas Feridas;Pleno dia;Decrescente;Céu Claro;Múltipla;Reta;Sim;2;0;2;0;0;0;2;1;-27,49815117;-48,65661236;SPRF-SC;DEL01-SC;UOP01-DEL01-SC
654793;13/01/2025;segunda-feira;07:55:00;MG;40;436,4;PARAOPEBA;Afundamento ou ondulação no pavimento;Queda de ocupante de veículo;Com Vítimas Feridas;Pleno dia;Decrescente;Nublado;Dupla;Reta;Não;1;0;0;1;0;0;1;1;-19,22540708;-44,44298306;SPRF-MG;DEL02-MG;UOP01-DEL02-MG
654794;13/01/2025;segunda-feira;07:49:00;PR;277;78;CURITIBA;Ausência de reação do condutor;Queda de ocupante de veículo;Com Vítimas Feridas;Pleno dia;Crescente;Céu Claro;Dupla;Reta;Sim;1;0;1;0;0;0;1;1;-25,480969;-49,196258;SPRF-PR;DEL01-PR;UOP07-DEL01-PR
654795;13/01/2025;segunda-feira;07:50:00;RS;116;150;CAXIAS DO SUL;Ausência de reação do condutor;Colisão lateral mesmo sentido;Com Vítimas Feridas;Pleno dia;Decrescente;Céu Claro;Dupla;"Declive;Reta";Sim;2;0;1;0;1;0;1;2;-29,168428;-51,158337;SPRF-RS;DEL05-RS;UOP01-DEL05-RS
654796;13/01/2025;segunda-feira;07:30:00;BA;116;461;SANTO ESTEVAO;Ausência de reação do condutor;Colisão lateral mesmo sentido;Com Vítimas Feridas;Pleno dia;Crescente;Céu Claro;Simples;"Interseção de Vias;Túnel;Curva";Sim;2;0;1;0;1;0;1;2;-12,446293;-39,242659;SPRF-BA;DEL02-BA;UOP01-DEL02-BA
654797;13/01/2025;segunda-feira;07:20:00;RJ;101;321;NITEROI;Manobra de mudança de faixa;Colisão lateral mesmo sentido;Com Vítimas Feridas;Pleno dia;Crescente;Chuva;Dupla;Reta;Sim;2;0;1;0;1;0;1;2;-22,86981096;-43,11046465;SPRF-RJ;DEL02-RJ;UOP01-DEL02-RJ
654798;13/01/2025;segunda-feira;07:45:00;PR;376;184,2;SARANDI;Manobra de mudança de faixa;Colisão lateral mesmo sentido;Com Vítimas Feridas;Pleno dia;Crescente;Céu Claro;Dupla;"Reta;Em Obras";Sim;4;0;2;0;2;0;2;3;-23,4429482;-51,86846673;SPRF-PR;DEL09-PR;UOP01-DEL09-PR
654801;13/01/2025;segunda-feira;08:10:00;RN;101;74,3;EXTREMOZ;Demais falhas mecânicas ou elétricas;Queda de ocupante de veículo;Com Vítimas Feridas;Pleno dia;Crescente;Céu Claro;Simples;"Declive;Reta";Não;2;0;2;0;0;0;2;1;-5,716448;-35,273663;SPRF-RN;DEL02-RN;UOP01-DEL02-RN
654802;13/01/2025;segunda-feira;07:30:00;PB;230;158;CAMPINA GRANDE;Acumulo de areia ou detritos sobre o pavimento;Queda de ocupante de veículo;Com Vítimas Feridas;Pleno dia;Decrescente;Céu Claro;Simples;Reta;Sim;1;0;0;1;0;0;1;1;-7,2582;-35,9267;SPRF-PB;DEL02-PB;UOP01-DEL02-PB
654803;13/01/2025;segunda-feira;06:00:00;CE;222;251,9;SOBRAL;Reação tardia ou ineficiente do condutor;Colisão com objeto;Com Vítimas Fatais;Amanhecer;Crescente;Céu Claro;Simples;"Reta;Interseção de Vias";Não;1;1;0;0;0;0;0;1;-3,7542915;-40,58383942;SPRF-CE;DEL04-CE;UOP01-DEL04-CE
654804;13/01/2025;segunda-feira;08:10:00;PA;230;118;MARABA;Condutor deixou de manter distância do veículo da frente;Colisão traseira;Com Vítimas Feridas;Pleno dia;Crescente;Garoa/Chuvisco;Dupla;"Em Obras;Reta";Sim;3;0;1;0;2;0;1;3;-5,35569904;-49,09047302;SPRF-PA;DEL03-PA;UOP01-DEL03-PA
654805;12/01/2025;domingo;18:00:00;AL;101;219;PORTO REAL DO COLEGIO;Acumulo de água sobre o pavimento;Saída de leito carroçável;Com Vítimas Feridas;Plena Noite;Crescente;Chuva;Dupla;Curva;Não;8;0;4;0;4;0;4;2;-10,04787311;-36,67004799;SPRF-AL;DEL02-AL;UOP02-DEL02-AL
654806;13/01/2025;segunda-feira;08:20:00;SC;101;320;PESCARIA BRAVA;Condutor deixou de manter distância do veículo da frente;Colisão traseira;Com Vítimas Feridas;Pleno dia;Crescente;Céu Claro;Dupla;Reta;Não;2;0;0;1;1;0;1;2;-28,42978736;-48,87148792;SPRF-SC;DEL02-SC;UOP01-DEL02-SC
654808;13/01/2025;segunda-feira;08:35:00;SC;470;148;RIO DO SUL;Conversão proibida;Colisão traseira;Com Vítimas Feridas;Pleno dia;Decrescente;Céu Claro;Simples;"Reta;Interseção de Vias";Sim;2;0;0;1;1;0;1;2;-27,246288;-49,694355;SPRF-SC;DEL04-SC;UOP02-DEL04-SC
654817;13/01/2025;segunda-feira;08:10:00;MG;50;154;UBERABA;Ausência de reação do condutor;Saída de leito carroçável;Sem Vítimas;Pleno dia;Crescente;Céu Claro;Dupla;Reta;Não;1;0;0;0;1;0;0;1;-19,59976082;-48,02524854;SPRF-MG;DEL13-MG;UOP01-DEL13-MG
654818;13/01/2025;segunda-feira;08:50:00;PE;101;39;IGARASSU;Reação tardia ou ineficiente do condutor;Colisão lateral mesmo sentido;Com Vítimas Feridas;Pleno dia;Crescente;Chuva;Dupla;"Curva;Declive";Não;3;0;2;0;0;1;2;2;-7,81259899;-34,91890497;SPRF-PE;DEL01-PE;UOP02-DEL01-PE
654823;13/01/2025;segunda-feira;09:50:00;BA;116;16,5;VITORIA DA CONQUISTA;Ausência de reação do condutor;Colisão transversal;Com Vítimas Feridas;Pleno dia;Crescente;Chuva;Simples;Interseção de Vias;Sim;2;0;2;0;0;0;2;2;-14,9021352;-40,84470034;SPRF-BA;DEL08-BA;UOP01-DEL08-BA
654824;13/01/2025;segunda-feira;09:50:00;PE;0;0;PETROLINA;Condutor deixou de manter distância do veículo da frente;Colisão traseira;Sem Vítimas;Pleno dia;Não Informado;Nublado;Dupla;Interseção de Vias;Não;2;0;0;0;2;0;0;2;-9,39912593;-40,50241543;SPRF-PE;DEL06-PE;UOP01-DEL06-PE
654825;13/01/2025;segunda-feira;05:50:00;RN;304;187;LAJES;Animais na Pista;Saída de leito carroçável;Com Vítimas Feridas;Pleno dia;Decrescente;Céu Claro;Simples;Reta;Não;1;0;1;0;0;0;1;1;-5,69228521;-36,2754111;SPRF-RN;DEL01-RN;UOP03-DEL01-RN