id;data_inversa;dia_semana;horario;uf;br;km;municipio;causa_acidente;tipo_acidente;classificacao_acidente;fase_dia;sentido_via;condicao_metereologica;tipo_pista;tracado_via;uso_solo;pessoas;mortos;feridos_leves;feridos_graves;ilesos;ignorados;feridos;veiculos;latitude;longitude;regional;delegacia;uop
654944;13/01/2025;segunda-feira;20:37:00;MS;60;380,3;CAMPO GRANDE;Ausência de reação do condutor;Saída de leito carroçável;Com Vítimas Feridas;Plena Noite;Decrescente;Céu Claro;Simples;Reta;Não;3;0;2;0;1;0;2;1;-20,62581412;-54,74892773;SPRF-MS;DEL01-MS;UOP04-DEL01-MS
654946;13/01/2025;segunda-feira;21:45:00;PI;135;339;SANTA LUZ;Reação tardia ou ineficiente do condutor;Saída de leito carroçável;Com Vítimas Feridas;Plena Noite;Crescente;Chuva;Simples;"Curva;Declive";Não;4;0;2;0;2;0;2;1;-8,99583784;-44,29597012;SPRF-PI;DEL03-PI;UOP02-DEL03-PI
654948;14/01/2025;terça-feira;00:20:00;ES;262;190,3;IUNA;Condutor Dormindo;Saída de leito carroçável;Com Vítimas Feridas;Plena Noite;Crescente;Chuva;Simples;Curva;Não;2;0;1;1;0;0;2;1;-20,30802372;-41,74807167;SPRF-ES;DEL01-ES;UOP02-DEL01-ES
654949;13/01/2025;segunda-feira;18:30:00;MG;365;868,1;SANTA VITORIA;Reação tardia ou ineficiente do condutor;Colisão com objeto;Com Vítimas Feridas;Anoitecer;Crescente;Chuva;Dupla;"Reta;Declive";Sim;1;0;1;0;0;0;1;1;-19,04598199;-50,49476769;SPRF-MG;DEL15-MG;UOP03-DEL15-MG
654950;13/01/2025;segunda-feira;23:30:00;PR;376;228,2;APUCARANA;Reação tardia ou ineficiente do condutor;Saída de leito carroçável;Com Vítimas Feridas;Plena Noite;Decrescente;Nublado;Dupla;Reta;Não;4;0;2;1;1;0;3;1;-23,56382701;-51,53990037;SPRF-PR;DEL07-PR;UOP03-DEL07-PR
654951;14/01/2025;terça-feira;00:30:00;SP;153;36;ONDA VERDE;Animais na Pista;Atropelamento de Animal;Com Vítimas Feridas;Plena Noite;Decrescente;Céu Claro;Simples;Reta;Não;1;0;1;0;0;0;1;1;-20,58930501;-49,31814402;SPRF-SP;DEL09-SP;UOP01-DEL09-SP
654952;14/01/2025;terça-feira;02:00:00;RN;406;141;TAIPU;Condutor Dormindo;Queda de ocupante de veículo;Com Vítimas Feridas;Plena Noite;Decrescente;Céu Claro;Simples;Reta;Não;1;0;1;0;0;0;1;1;-5,650508;-35,513835;SPRF-RN;DEL02-RN;UOP01-DEL02-RN
654954;14/01/2025;terça-feira;03:40:00;MG;365;5,8;MONTES CLAROS;Velocidade Incompatível;Saída de leito carroçável;Com Vítimas Feridas;Plena Noite;Crescente;Chuva;Simples;"Curva;Viaduto";Não;2;0;0;2;0;0;2;1;-16,78382;-43,890787;SPRF-MG;DEL12-MG;UOP01-DEL12-MG
654955;14/01/2025;terça-feira;05:40:00;RS;392;349;SANTA MARIA;Ultrapassagem Indevida;Queda de ocupante de veículo;Com Vítimas Feridas;Amanhecer;Decrescente;Céu Claro;Simples;"Reta;Declive";Não;1;0;1;0;0;0;1;1;-29,7440791;-53,79306521;SPRF-RS;DEL09-RS;UOP01-DEL09-RS
654957;14/01/2025;terça-feira;06:36:00;SP;116;226;GUARULHOS;Reação tardia ou ineficiente do condutor;Colisão lateral mesmo sentido;Com Vítimas Feridas;Pleno dia;Crescente;Céu Claro;Múltipla;"Em Obras;Reta;Declive;Interseção de Vias";Sim;4;0;1;0;2;1;1;3;-23,49102507;-46,54878195;SPRF-SP;DEL01-SP;UOP01-DEL01-SP
654958;14/01/2025;terça-feira;03:30:00;MG;40;49;PARACATU;Animais na Pista;Atropelamento de Animal;Sem Vítimas;Plena Noite;Decrescente;Chuva;Simples;Reta;Não;3;0;0;0;3;0;0;1;-17,23815248;-46,80976606;SPRF-MG;DEL14-MG;UOP01-DEL14-MG
654959;13/01/2025;segunda-feira;17:06:00;MA;135;67;SANTA RITA;Acessar a via sem observar a presença dos outros veículos;Colisão transversal;Com Vítimas Fatais;Anoitecer;Crescente;Nublado;Simples;Reta;Não;2;1;0;0;1;0;0;2;-3,11481199;-44,32344911;SPRF-MA;DEL01-MA;UOP02-DEL01-MA
654960;13/01/2025;segunda-feira;08:15:00;MG;116;413;GOVERNADOR VALADARES;Acumulo de água sobre o pavimento;Tombamento;Com Vítimas Feridas;Pleno dia;Decrescente;Chuva;Simples;Reta;Sim;1;0;1;0;0;0;1;1;-18,873907;-41,966366;SPRF-MG;DEL06-MG;UOP01-DEL06-MG
654961;14/01/2025;terça-feira;05:15:00;GO;153;616;MORRINHOS;Animais na Pista;Atropelamento de Animal;Sem Vítimas;Amanhecer;Crescente;Céu Claro;Dupla;Reta;Não;3;0;0;0;3;0;0;1;-17,6864;-49,159;SPRF-GO;DEL03-GO;UOP01-DEL03-GO
654962;14/01/2025;terça-feira;06:00:00;BA;116;421;FEIRA DE SANTANA;Ausência de reação do condutor;Atropelamento de Animal;Com Vítimas Feridas;Pleno dia;Decrescente;Nublado;Dupla;Reta;Sim;2;0;2;0;0;0;2;1;-12,224721;-38,965;SPRF-BA;DEL02-BA;UOP01-DEL02-BA
654964;14/01/2025;terça-feira;06:40:00;MG;381;521;BRUMADINHO;Velocidade Incompatível;Saída de leito carroçável;Sem Vítimas;Amanhecer;Crescente;Chuva;Dupla;Curva;Não;1;0;0;0;1;0;0;1;-20,13846621;-44,31715274;SPRF-MG;DEL04-MG;UOP03-DEL04-MG
654965;14/01/2025;terça-feira;06:58:00;BA;324;524;FEIRA DE SANTANA;Manobra de mudança de faixa;Colisão lateral mesmo sentido;Com Vítimas Feridas;Pleno dia;Crescente;Céu Claro;Dupla;Reta;Sim;3;0;1;1;1;0;2;3;-12,2955119;-38,90487093;SPRF-BA;DEL01-BA;UOP03-DEL01-BA
654966;14/01/2025;terça-feira;07:20:00;RS;386;45,5;SEBERI;Transitar na contramão;Colisão lateral sentido oposto;Com Vítimas Feridas;Pleno dia;Decrescente;Céu Claro;Simples;Reta;Não;4;0;3;0;1;0;3;2;-27,448933;-53,414272;SPRF-RS;DEL08-RS;UOP02-DEL08-RS
654968;14/01/2025;terça-feira;07:20:00;RN;101;79;EXTREMOZ;Ausência de reação do condutor;Colisão traseira;Com Vítimas Feridas;Pleno dia;Crescente;Nublado;Simples;Reta;Não;2;0;0;1;1;0;1;2;-5,74962896;-35,28918369;SPRF-RN;DEL02-RN;UOP01-DEL02-RN
654969;13/01/2025;segunda-feira;22:20:00;MS;163;258;DOURADOS;Ausência de reação do condutor;Colisão traseira;Com Vítimas Feridas;Plena Noite;Decrescente;Céu Claro;Dupla;Reta;Sim;2;0;1;0;1;0;1;2;-22,25859;-54,783592;SPRF-MS;DEL04-MS;UOP01-DEL04-MS
654970;14/01/2025;terça-feira;06:50:00;RJ;465;12;SEROPEDICA;Transitar no Acostamento;Colisão transversal;Com Vítimas Feridas;Pleno dia;Crescente;Céu Claro;Simples;Reta;Sim;2;0;1;0;1;0;1;2;-22,791252;-43,651257;SPRF-RJ;DEL06-RJ;UOP02-DEL06-RJ
654971;14/01/2025;terça-feira;07:20:00;RS;290;108;ELDORADO DO SUL;Ausência de reação do condutor;Tombamento;Com Vítimas Feridas;Pleno dia;Decrescente;Céu Claro;Dupla;Reta;Sim;1;0;1;0;0;0;1;1;-30,006546;-51,312927;SPRF-RS;DEL02-RS;UOP01-DEL02-RS
654972;14/01/2025;terça-feira;07:15:00;SP;153;57;SAO JOSE DO RIO PRETO;Ausência de reação do condutor;Colisão lateral mesmo sentido;Com Vítimas Feridas;Pleno dia;Decrescente;Céu Claro;Dupla;Reta;Sim;1;0;0;1;0;0;1;1;-20,76991095;-49,34982212;SPRF-SP;DEL09-SP;UOP01-DEL09-SP
654975;14/01/2025;terça-feira;07:53:00;RN;101;97;NATAL;Manobra de mudança de faixa;Colisão traseira;Com Vítimas Feridas;Pleno dia;Decrescente;Nublado;Múltipla;Reta;Sim;3;0;2;0;1;0;2;3;-5,85758898;-35,21271205;SPRF-RN;DEL01-RN;UOP01-DEL01-RN
654977;14/01/2025;terça-feira;07:40:00;RS;285;456,9;IJUI;Transitar na contramão;Colisão lateral sentido oposto;Sem Vítimas;Pleno dia;Crescente;Sol;Simples;Reta;Sim;3;0;0;0;3;0;0;3;-28,3862705;-53,88971508;SPRF-RS;DEL10-RS;UOP01-DEL10-RS
654978;14/01/2025;terça-feira;07:57:00;RS;116;222;DOIS IRMAOS;Ausência de reação do condutor;Colisão frontal;Com Vítimas Feridas;Pleno dia;Crescente;Céu Claro;Simples;"Aclive;Curva";Sim;2;0;1;0;1;0;1;2;-29,58096695;-51,09515511;SPRF-RS;DEL01-RS;UOP02-DEL01-RS
654980;14/01/2025;terça-feira;05:15:00;BA;101;692,9;EUNAPOLIS;Chuva;Saída de leito carroçável;Com Vítimas Feridas;Amanhecer;Crescente;Chuva;Simples;Curva;Não;2;0;2;0;0;0;2;1;-16,35054598;-39,57997178;SPRF-BA;DEL09-BA;UOP01-DEL09-BA
654981;14/01/2025;terça-feira;07:30:00;PB;101;124;CAAPORA;Acumulo de água sobre o pavimento;Saída de leito carroçável;Sem Vítimas;Pleno dia;Crescente;Chuva;Dupla;"Aclive;Curva";Não;1;0;0;0;1;0;0;1;-7,46746892;-34,9772648;SPRF-PB;DEL01-PB;UOP01-DEL01-PB
654983;14/01/2025;terça-feira;08:50:00;MG;116;780;LEOPOLDINA;Velocidade Incompatível;Saída de leito carroçável;Com Vítimas Feridas;Pleno dia;Crescente;Chuva;Simples;Curva;Não;4;0;2;0;2;0;2;1;-21,61482397;-42,69263203;SPRF-MG;DEL07-MG;UOP01-DEL07-MG
654984;14/01/2025;terça-feira;08:00:00;SC;101;121,8;ITAJAI;Trafegar com motocicleta (ou similar) entre as faixas;Colisão lateral mesmo sentido;Com Vítimas Feridas;Pleno dia;Decrescente;Nublado;Múltipla;Reta;Sim;2;0;2;0;0;0;2;2;-26,92103178;-48,70856446;SPRF-SC;DEL04-SC;UOP04-DEL04-SC
654985;14/01/2025;terça-feira;08:15:00;MG;381;485;BETIM;Manobra de mudança de faixa;Colisão traseira;Com Vítimas Feridas;Pleno dia;Crescente;Nublado;Múltipla;"Aclive;Reta";Sim;2;0;1;0;1;0;1;2;-19,9554444;-44,0975104;SPRF-MG;DEL01-MG;UOP03-DEL01-MG
654987;14/01/2025;terça-feira;08:10:00;PB;230;2,7;CABEDELO;Ausência de reação do condutor;Colisão com objeto;Com Vítimas Feridas;Pleno dia;Crescente;Nublado;Dupla;"Reta;Em Obras";Não;1;0;1;0;0;0;1;1;-6,9915;-34,8287;SPRF-PB;DEL01-PB;UOP01-DEL01-PB
654988;14/01/2025;terça-feira;08:00:00;PR;277;81;CURITIBA;Manobra de mudança de faixa;Colisão lateral mesmo sentido;Com Vítimas Feridas;Pleno dia;Crescente;Céu Claro;Dupla;Reta;Sim;2;0;1;0;1;0;1;2;-25,47211068;-49,21082508;SPRF-PR;DEL01-PR;UOP03-DEL01-PR
654992;14/01/2025;terça-feira;04:00:00;PI;135;553;SAO GONCALO DO GURGUEIA;Ausência de reação do condutor;Saída de leito carroçável;Com Vítimas Feridas;Plena Noite;Crescente;Chuva;Simples;"Reta;Declive";Não;2;0;1;0;1;0;1;1;-10,12697426;-45,224383;SPRF-PI;DEL03-PI;UOP02-DEL03-PI
654993;14/01/2025;terça-feira;08:00:00;MA;135;4;SAO LUIS;Reação tardia ou ineficiente do condutor;Colisão traseira;Com Vítimas Feridas;Pleno dia;Decrescente;Chuva;Dupla;Reta;Sim;3;0;2;0;1;0;2;2;-2,61424881;-44,25257023;SPRF-MA;DEL01-MA;UOP01-DEL01-MA
654994;14/01/2025;terça-feira;07:28:00;RN;110;51,4;MOSSORO;Acessar a via sem observar a presença dos outros veículos;Colisão transversal;Com Vítimas Feridas;Pleno dia;Crescente;Céu Claro;Simples;Reta;Sim;3;0;1;0;2;0;1;2;-5,23063363;-37,33198285;SPRF-RN;DEL04-RN;UOP01-DEL04-RN
654995;14/01/2025;terça-feira;08:55:00;PR;277;590,4;CASCAVEL;Reação tardia ou ineficiente do condutor;Colisão traseira;Com Vítimas Feridas;Pleno dia;Decrescente;Céu Claro;Simples;"Aclive;Reta";Sim;5;0;4;0;1;0;4;3;-24,982432;-53,458935;SPRF-PR;DEL04-PR;UOP01-DEL04-PR
654997;14/01/2025;terça-feira;09:25:00;RS;116;249;SAO LEOPOLDO;Ausência de reação do condutor;Colisão com objeto;Com Vítimas Feridas;Pleno dia;Decrescente;Sol;Simples;Reta;Sim;2;0;1;0;1;0;1;1;-29,7831804;-51,16099063;SPRF-RS;DEL01-RS;UOP02-DEL01-RS
654998;14/01/2025;terça-feira;08:35:00;MG;381;337;NOVA ERA;Acumulo de água sobre o pavimento;Capotamento;Com Vítimas Feridas;Pleno dia;Crescente;Céu Claro;Dupla;Curva;Não;3;0;3;0;0;0;3;1;-19,82388218;-43,08235792;SPRF-MG;DEL03-MG;UOP01-DEL03-MG
654999;13/01/2025;segunda-feira;11:30:00;MT;163;1049;MATUPA;Manobra de mudança de faixa;Engavetamento;Com Vítimas Feridas;Pleno dia;Crescente;Chuva;Simples;Reta;Não;5;0;3;1;1;0;4;3;-10,093012;-54,91886;SPRF-MT;DEL06-MT;UOP03-DEL06-MT
655004;07/01/2025;terça-feira;08:00:00;SP;116;224;GUARULHOS;Ausência de reação do condutor;Queda de ocupante de veículo;Com Vítimas Feridas;Pleno dia;Crescente;Nublado;Múltipla;Reta;Sim;1;0;1;0;0;0;1;1;-23,48071896;-46,53271603;SPRF-SP;DEL01-SP;UOP01-DEL01-SP
655005;14/01/2025;terça-feira;10:15:00;SC;101;77,2;ARAQUARI;Frear bruscamente;Saída de leito carroçável;Sem Vítimas;Pleno dia;Crescente;Céu Claro;Dupla;Curva;Não;1;0;0;0;1;0;0;1;-26,56833103;-48,72029393;SPRF-SC;DEL03-SC;UOP02-DEL03-SC
655008;14/01/2025;terça-feira;07:10:00;MA;135;311,8;DOM PEDRO;Acumulo de água sobre o pavimento;Saída de leito carroçável;Sem Vítimas;Pleno dia;Decrescente;Chuva;Simples;Reta;Não;1;0;0;0;1;0;0;1;-5,04635454;-44,44621377;SPRF-MA;DEL06-MA;UOP01-DEL06-MA
655009;14/01/2025;terça-feira;10:00:00;RJ;495;29;PETROPOLIS;Transitar na contramão;Colisão frontal;Com Vítimas Feridas;Pleno dia;Crescente;Céu Claro;Simples;Curva;Sim;2;0;1;0;1;0;1;2;-22,391611;-43,126202;SPRF-RJ;DEL05-RJ;UOP02-DEL05-RJ
655010;14/01/2025;terça-feira;10:35:00;MG;40;736;SANTOS DUMONT;Curva acentuada;Colisão lateral mesmo sentido;Com Vítimas Feridas;Pleno dia;Decrescente;Nublado;Dupla;Curva;Não;2;0;1;0;1;0;1;2;-21,37315079;-43,57055426;SPRF-MG;DEL05-MG;UOP01-DEL05-MG
655011;14/01/2025;terça-feira;10:15:00;SC;280;31,4;ARAQUARI;Reação tardia ou ineficiente do condutor;Colisão traseira;Com Vítimas Feridas;Pleno dia;Decrescente;Nublado;Simples;Reta;Sim;2;0;0;1;1;0;1;2;-26,41649938;-48,77181215;SPRF-SC;DEL03-SC;UOP03-DEL03-SC
655015;14/01/2025;terça-feira;08:15:00;RO;364;341;JI-PARANA;Condutor deixou de manter distância do veículo da frente;Colisão traseira;Com Vítimas Feridas;Pleno dia;Crescente;Nublado;Dupla;Reta;Sim;4;0;2;0;2;0;2;2;-10,88987987;-61,93126772;SPRF-RO;DEL02-RO;UOP01-DEL02-RO
655018;14/01/2025;terça-feira;10:20:00;PI;316;3;TERESINA;Condutor desrespeitou a iluminação vermelha do semáforo;Colisão transversal;Com Vítimas Feridas;Pleno dia;Decrescente;Céu Claro;Simples;Interseção de Vias;Sim;2;0;1;0;1;0;1;2;-5,12826443;-42,79292384;SPRF-PI;DEL01-PI;UOP02-DEL01-PI
655020;14/01/2025;terça-feira;08:45:00;RS;290;326,6;CACAPAVA DO SUL;Manobra de mudança de faixa;Colisão lateral mesmo sentido;Sem Vítimas;Pleno dia;Decrescente;Céu Claro;Simples;Reta;Sim;2;0;0;0;2;0;0;2;-30,361158;-53,444572;SPRF-RS;DEL09-RS;UOP02-DEL09-RS
655024;14/01/2025;terça-feira;08:35:00;MG;116;407;GOVERNADOR VALADARES;Acessar a via sem observar a presença dos outros veículos;Colisão transversal;Com Vítimas Feridas;Pleno dia;Crescente;Nublado;Simples;Reta;Não;2;0;1;0;1;0;1;2;-18,835552;-41,98926799;SPRF-MG;DEL06-MG;UOP01-DEL06-MG
655025;14/01/2025;terça-feira;11:40:00;SC;101;148,7;ITAPEMA;Reação tardia ou ineficiente do condutor;Colisão traseira;Com Vítimas Feridas;Pleno dia;Decrescente;Céu Claro;Dupla;Reta;Sim;2;0;0;1;1;0;1;2;-27,10123686;-48,61807962;SPRF-SC;DEL04-SC;UOP03-DEL04-SC
655027;14/01/2025;terça-feira;11:10:00;PR;476;172,9;CONTENDA;Reação tardia ou ineficiente do condutor;Colisão traseira;Com Vítimas Feridas;Pleno dia;Decrescente;Sol;Dupla;Reta;Sim;2;0;1;0;1;0;1;2;-25,68587798;-49,53550392;SPRF-PR;DEL01-PR;UOP06-DEL01-PR
655029;14/01/2025;terça-feira;09:50:00;MG;116;637,9;DIVINO;Ultrapassagem Indevida;Colisão frontal;Com Vítimas Feridas;Pleno dia;Decrescente;Garoa/Chuvisco;Simples;Curva;Não;4;0;3;1;0;0;4;2;-20,641479;-42,240762;SPRF-MG;DEL07-MG;UOP02-DEL07-MG
655031;14/01/2025;terça-feira;11:45:00;PE;232;73,6;GRAVATA;Chuva;Saída de leito carroçável;Com Vítimas Feridas;Pleno dia;Decrescente;Chuva;Dupla;Reta;Não;1;0;1;0;0;0;1;1;-8,19060018;-35,50931093;SPRF-PE;DEL02-PE;UOP02-DEL02PE
655034;14/01/2025;terça-feira;10:01:00;MG;50;197;DELTA;Velocidade Incompatível;Saída de leito carroçável;Com Vítimas Feridas;Pleno dia;Crescente;Céu Claro;Dupla;"Aclive;Reta";Não;4;0;2;0;2;0;2;1;-19,91076436;-47,83254654;SPRF-MG;DEL13-MG;UOP01-DEL13-MG
655035;14/01/2025;terça-feira;12:45:00;MG;262;388;FLORESTAL;Velocidade Incompatível;Colisão com objeto;Com Vítimas Feridas;Pleno dia;Decrescente;Chuva;Dupla;Curva;Sim;1;0;1;0;0;0;1;1;-19,9171596;-44,4956711;SPRF-MG;DEL01-MG;UOP03-DEL01-MG
655036;03/01/2025;sexta-feira;20:53:00;RJ;116;171;SAO JOAO DE MERITI;Ausência de sinalização;Colisão traseira;Com Vítimas Feridas;Plena Noite;Decrescente;Céu Claro;Dupla;"Aclive;Reta";Sim;4;0;1;0;3;0;1;3;-22,8060415;-43,34289573;SPRF-RJ;DEL06-RJ;UOP01-DEL06-RJ
655037;14/01/2025;terça-feira;11:30:00;MS;163;18;MUNDO NOVO;Ausência de reação do condutor;Tombamento;Com Vítimas Feridas;Pleno dia;Crescente;Céu Claro;Simples;Reta;Sim;1;0;1;0;0;0;1;1;-23,94186304;-54,28068144;SPRF-MS;DEL09-MS;UOP02-DEL09-MS
655038;14/01/2025;terça-feira;12:40:00;SC;101;367,5;ICARA;Condutor deixou de manter distância do veículo da frente;Colisão traseira;Com Vítimas Feridas;Pleno dia;Decrescente;Céu Claro;Dupla;"Declive;Reta";Não;6;0;1;0;5;0;1;2;-28,69145778;-49,16484911;SPRF-SC;DEL02-SC;UOP01-DEL02-SC
655040;14/01/2025;terça-feira;09:50:00;RJ;116;170;RIO DE JANEIRO;Ultrapassagem Indevida;Colisão lateral mesmo sentido;Com Vítimas Feridas;Pleno dia;Crescente;Nublado;Dupla;Reta;Sim;2;0;1;0;1;0;1;2;-22,81113183;-43,3336729;SPRF-RJ;DEL06-RJ;UOP01-DEL06-RJ
655042;14/01/2025;terça-feira;12:30:00;RJ;101;470;ANGRA DOS REIS;Acessar a via sem observar a presença dos outros veículos;Colisão transversal;Com Vítimas Feridas;Pleno dia;Decrescente;Nublado;Simples;"Retorno Regulamentado;Reta";Sim;6;0;2;2;2;0;4;2;-22,99882197;-44,2277813;SPRF-RJ;DEL03-RJ;UOP03-DEL03-RJ
655043;14/01/2025;terça-feira;12:30:00;SP;116;69,2;APARECIDA;Ausência de reação do condutor;Colisão traseira;Com Vítimas Feridas;Pleno dia;Decrescente;Nublado;Dupla;Curva;Sim;2;0;1;0;1;0;1;2;-22,84017188;-45,22364349;SPRF-SP;DEL08-SP;UOP01-DEL08-SP
655044;12/01/2025;domingo;23:35:00;RJ;40;105;DUQUE DE CAXIAS;Ausência de reação do condutor;Colisão frontal;Com Vítimas Feridas;Plena Noite;Decrescente;Céu Claro;Múltipla;"Declive;Reta";Sim;2;0;1;1;0;0;2;2;-22,63784806;-43,28428824;SPRF-RJ;DEL01-RJ;UOP02-DEL01-RJ
655045;14/01/2025;terça-feira;12:17:00;TO;153;494;PARAISO DO TOCANTINS;Reação tardia ou ineficiente do condutor;Colisão transversal;Com Vítimas Feridas;Pleno dia;Decrescente;Garoa/Chuvisco;Simples;Interseção de Vias;Sim;3;0;1;0;2;0;1;2;-10,15679116;-48,88263755;SPRF-TO;DEL01-TO;UOP01-DEL01-TO
655046;14/01/2025;terça-feira;13:00:00;SC;101;333;TUBARAO;Manobra de mudança de faixa;Colisão lateral mesmo sentido;Com Vítimas Feridas;Pleno dia;Crescente;Céu Claro;Dupla;Reta;Sim;2;0;1;0;1;0;1;2;-28,46630107;-48,99653096;SPRF-SC;DEL02-SC;UOP01-DEL02-SC
655047;14/01/2025;terça-feira;13:10:00;RN;110;50;MOSSORO;Condutor deixou de manter distância do veículo da frente;Colisão traseira;Com Vítimas Feridas;Pleno dia;Crescente;Ignorado;Dupla;Reta;Sim;2;0;1;0;1;0;1;2;-5,22432117;-37,32464392;SPRF-RN;DEL04-RN;UOP01-DEL04-RN
655048;14/01/2025;terça-feira;13:55:00;GO;153;356;JARAGUA;Ingestão de álcool pelo condutor;Colisão transversal;Com Vítimas Feridas;Pleno dia;Crescente;Nublado;Dupla;Interseção de Vias;Sim;3;0;1;0;2;0;1;2;-15,73500994;-49,32353854;SPRF-GO;DEL02-GO;UOP02-DEL02-GO
655050;14/01/2025;terça-feira;13:25:00;BA;367;84;EUNAPOLIS;Ausência de reação do condutor;Colisão traseira;Com Vítimas Feridas;Pleno dia;Crescente;Garoa/Chuvisco;Simples;Reta;Sim;3;0;1;0;2;0;1;2;-16,37465;-39,579426;SPRF-BA;DEL09-BA;UOP03-DEL09-BA
655051;14/01/2025;terça-feira;12:10:00;RS;285;292,7;PASSO FUNDO;Desrespeitar a preferência no cruzamento;Colisão transversal;Com Vítimas Feridas;Pleno dia;Decrescente;Céu Claro;Dupla;Interseção de Vias;Sim;2;0;1;0;1;0;1;2;-28,23796993;-52,37109125;SPRF-RS;DEL08-RS;UOP03-DEL08-RS
655052;14/01/2025;terça-feira;13:30:00;RJ;101;54;CAMPOS DOS GOYTACAZES;Acessar a via sem observar a presença dos outros veículos;Colisão transversal;Com Vítimas Feridas;Pleno dia;Decrescente;Garoa/Chuvisco;Simples;"Declive;Reta";Sim;3;0;2;0;1;0;2;2;-21,669741;-41,311119;SPRF-RJ;DEL08-RJ;UOP01-DEL08-RJ
655053;14/01/2025;terça-feira;07:55:00;BA;367;84;EUNAPOLIS;Reação tardia ou ineficiente do condutor;Tombamento;Com Vítimas Feridas;Pleno dia;Decrescente;Garoa/Chuvisco;Simples;Curva;Sim;1;0;0;1;0;0;1;1;-16,37465;-39,579426;SPRF-BA;DEL09-BA;UOP03-DEL09-BA
655054;14/01/2025;terça-feira;12:50:00;MG;40;618,7;CONGONHAS;Velocidade Incompatível;Saída de leito carroçável;Com Vítimas Feridas;Pleno dia;Decrescente;Chuva;Simples;"Aclive;Reta";Sim;1;0;1;0;0;0;1;1;-20,5615888;-43,81227278;SPRF-MG;DEL05-MG;UOP02-DEL05-MG
655056;14/01/2025;terça-feira;12:50:00;SP;116;282;EMBU DAS ARTES;Velocidade Incompatível;Queda de ocupante de veículo;Com Vítimas Feridas;Pleno dia;Decrescente;Nublado;Dupla;Reta;Sim;2;0;1;0;1;0;1;1;-23,68570216;-46,85970975;SPRF-SP;DEL04-SP;UOP01-DEL04-SP
655057;14/01/2025;terça-feira;14:40:00;TO;153;334;GUARAI;Acessar a via sem observar a presença dos outros veículos;Colisão transversal;Com Vítimas Feridas;Pleno dia;Crescente;Garoa/Chuvisco;Dupla;Interseção de Vias;Sim;2;0;1;0;1;0;1;2;-8,835718;-48,512123;SPRF-TO;DEL02-TO;UOP02-DEL02-TO
655059;14/01/2025;terça-feira;14:20:00;ES;101;206,5;JOAO NEIVA;Reação tardia ou ineficiente do condutor;Colisão com objeto;Com Vítimas Feridas;Pleno dia;Decrescente;Chuva;Simples;"Curva;Declive";Não;3;0;1;0;2;0;1;1;-19,76435421;-40,37263919;SPRF-ES;DEL02-ES;UOP01-DEL02-ES
655060;14/01/2025;terça-feira;13:01:00;RJ;116;187;NOVA IGUACU;Demais falhas mecânicas ou elétricas;Tombamento;Com Vítimas Feridas;Pleno dia;Crescente;Céu Claro;Dupla;Reta;Não;2;0;2;0;0;0;2;1;-22,73883756;-43,47245197;SPRF-RJ;DEL06-RJ;UOP01-DEL06-RJ
655061;14/01/2025;terça-feira;12:31:00;MT;70;540;NOSSA SENHORA DO LIVRAMENTO;Ausência de reação do condutor;Colisão traseira;Com Vítimas Feridas;Pleno dia;Decrescente;Nublado;Simples;Reta;Não;3;0;1;0;2;0;1;2;-15,679148;-56,297332;SPRF-MT;DEL03-MT;UOP02-DEL03-MT
655065;14/01/2025;terça-feira;12:50:00;GO;153;424,4;ANAPOLIS;Avarias e/ou desgaste excessivo no pneu;Saída de leito carroçável;Com Vítimas Feridas;Pleno dia;Decrescente;Chuva;Dupla;Reta;Não;2;0;1;0;1;0;1;1;-16,22593443;-49,01092172;SPRF-GO;DEL02-GO;UOP01-DEL02-GO
655066;14/01/2025;terça-feira;13:10:00;RJ;116;201;QUEIMADOS;Animais na Pista;Colisão traseira;Com Vítimas Feridas;Pleno dia;Crescente;Nublado;Dupla;Reta;Não;3;0;0;1;2;0;1;3;-22,73124742;-43,60364806;SPRF-RJ;DEL06-RJ;UOP02-DEL06-RJ
655067;14/01/2025;terça-feira;15:20:00;MG;40;462;SETE LAGOAS;Acumulo de água sobre o pavimento;Saída de leito carroçável;Com Vítimas Feridas;Pleno dia;Decrescente;Chuva;Dupla;"Aclive;Reta";Não;4;0;2;0;2;0;2;1;-19,4136917;-44,33879427;SPRF-MG;DEL02-MG;UOP01-DEL02-MG
655069;14/01/2025;terça-feira;15:15:00;PR;277;724,2;FOZ DO IGUACU;Manobra de mudança de faixa;Colisão lateral mesmo sentido;Com Vítimas Feridas;Pleno dia;Decrescente;Nublado;Dupla;Reta;Sim;2;0;1;0;1;0;1;2;-25,500379;-54,533312;SPRF-PR;DEL05-PR;UOP03-DEL05-PR
655071;14/01/2025;terça-feira;15:50:00;MG;40;457,5;CAETANOPOLIS;Avarias e/ou desgaste excessivo no pneu;Saída de leito carroçável;Com Vítimas Feridas;Pleno dia;Crescente;Chuva;Dupla;Reta;Não;2;0;2;0;0;0;2;1;-19,371466;-44,336132;SPRF-MG;DEL02-MG;UOP01-DEL02-MG
655076;14/01/2025;terça-feira;15:50:00;PR;116;201,8;RIO NEGRO;Velocidade Incompatível;Colisão traseira;Com Vítimas Feridas;Pleno dia;Decrescente;Céu Claro;Simples;"Aclive;Reta";Não;3;0;2;0;1;0;2;2;-26,05781226;-49,72690791;SPRF-SC;DEL06-SC;UOP01-DEL06-SC