id;data_inversa;dia_semana;horario;uf;br;km;municipio;causa_acidente;tipo_acidente;classificacao_acidente;fase_dia;sentido_via;condicao_metereologica;tipo_pista;tracado_via;uso_solo;pessoas;mortos;feridos_leves;feridos_graves;ilesos;ignorados;feridos;veiculos;latitude;longitude;regional;delegacia;uop
655748;17/01/2025;sexta-feira;19:00:00;RS;285;91,8;MONTE ALEGRE DOS CAMPOS;Avarias e/ou desgaste excessivo no pneu;Saída de leito carroçável;Com Vítimas Feridas;Plena Noite;Crescente;Céu Claro;Simples;Reta;Não;1;0;1;0;0;0;1;1;-28,611689;-50,698742;SPRF-RS;DEL05-RS;UOP03-DEL05-RS
655749;18/01/2025;sábado;00:20:00;RS;285;197;LAGOA VERMELHA;Ingestão de álcool pelo condutor;Saída de leito carroçável;Com Vítimas Feridas;Plena Noite;Crescente;Céu Claro;Simples;Reta;Sim;1;0;1;0;0;0;1;1;-28,218493;-51,509666;SPRF-RS;DEL08-RS;UOP05-DEL08-RS
655750;17/01/2025;sexta-feira;23:00:00;MG;356;279,4;EUGENOPOLIS;Condutor usando celular;Saída de leito carroçável;Com Vítimas Feridas;Plena Noite;Decrescente;Nublado;Simples;"Curva;Declive";Não;1;0;1;0;0;0;1;1;-21,12514202;-42,254502;SPRF-MG;DEL07-MG;UOP02-DEL07-MG
655751;18/01/2025;sábado;00:10:00;PR;369;160,1;CAMBE;Ingestão de álcool pelo condutor;Colisão traseira;Com Vítimas Feridas;Pleno dia;Crescente;Chuva;Dupla;"Aclive;Curva";Sim;5;0;1;0;4;0;1;2;-23,2815743;-51,25538282;SPRF-PR;DEL07-PR;UOP01-DEL07-PR
655752;17/01/2025;sexta-feira;22:00:00;MT;364;399;CUIABA;Acesso irregular;Colisão transversal;Com Vítimas Fatais;Plena Noite;Crescente;Céu Claro;Dupla;Reta;Sim;3;1;0;0;1;1;0;3;-15,68642489;-55,91347495;SPRF-MT;DEL01-MT;UOP02-DEL01-MT
655754;18/01/2025;sábado;00:28:00;PE;101;70,8;RECIFE;Pedestre cruzava a pista fora da faixa;Atropelamento de Pedestre;Com Vítimas Feridas;Plena Noite;Crescente;Céu Claro;Dupla;Reta;Não;2;0;1;1;0;0;2;2;-8,06776119;-34,94265074;SPRF-PE;DEL01-PE;UOP01-DEL01-PE
655756;18/01/2025;sábado;01:05:00;PR;376;172,8;MARINGA;Velocidade Incompatível;Colisão com objeto;Sem Vítimas;Plena Noite;Decrescente;Nublado;Dupla;"Desvio Temporário;Em Obras;Reta";Sim;2;0;0;0;0;2;0;2;-23,4172197;-51,9589231;SPRF-PR;DEL09-PR;UOP01-DEL09-PR
655759;18/01/2025;sábado;02:15:00;MG;381;939;EXTREMA;Velocidade Incompatível;Colisão com objeto;Sem Vítimas;Plena Noite;Crescente;Chuva;Dupla;Curva;Não;2;0;0;0;2;0;0;1;-22,81752232;-46,29466936;SPRF-MG;DEL16-MG;UOP03-DEL16-MG
655760;18/01/2025;sábado;01:49:00;GO;153;505;APARECIDA DE GOIANIA;Trafegar com motocicleta (ou similar) entre as faixas;Colisão lateral mesmo sentido;Com Vítimas Feridas;Plena Noite;Crescente;Nublado;Dupla;Reta;Sim;2;0;0;1;1;0;1;2;-16,7537;-49,2411;SPRF-GO;DEL01-GO;UOP01-DEL01-GO
655761;18/01/2025;sábado;02:00:00;RS;392;687,7;ROQUE GONZALES;Ausência de reação do condutor;Saída de leito carroçável;Com Vítimas Feridas;Plena Noite;Crescente;Céu Claro;Simples;Reta;Não;3;0;3;0;0;0;3;1;-28,10773448;-54,99793599;SPRF-RS;DEL10-RS;UOP01-DEL10-RS
655764;17/01/2025;sexta-feira;20:51:00;MA;230;131;PASTOS BONS;Ausência de reação do condutor;Saída de leito carroçável;Com Vítimas Fatais;Plena Noite;Crescente;Céu Claro;Simples;"Curva;Declive";Não;3;1;0;1;0;1;1;2;-6,58135488;-43,99116199;SPRF-MA;DEL05-MA;UOP01-DEL05-MA
655765;18/01/2025;sábado;03:30:00;PR;369;192;ARAPONGAS;Ingestão de álcool pelo condutor;Saída de leito carroçável;Com Vítimas Feridas;Plena Noite;Decrescente;Chuva;Dupla;Reta;Não;1;0;1;0;0;0;1;1;-23,451288;-51,423193;SPRF-PR;DEL07-PR;UOP03-DEL07-PR
655767;18/01/2025;sábado;02:20:00;RJ;116;130;MAGE;Ingestão de álcool pelo condutor;Colisão lateral mesmo sentido;Sem Vítimas;Plena Noite;Decrescente;Céu Claro;Dupla;Reta;Não;4;0;0;0;4;0;0;2;-22,66471224;-43,11056004;SPRF-RJ;DEL04-RJ;UOP02-DEL04-RJ
655768;18/01/2025;sábado;03:30:00;PR;163;197;CASCAVEL;Ausência de reação do condutor;Saída de leito carroçável;Com Vítimas Feridas;Plena Noite;Crescente;Céu Claro;Dupla;Interseção de Vias;Não;1;0;1;0;0;0;1;1;-25,0266387;-53,54866549;SPRF-PR;DEL05-PR;UOP05-DEL05-PR
655770;18/01/2025;sábado;04:15:00;RJ;101;318;SAO GONCALO;Demais falhas mecânicas ou elétricas;Queda de ocupante de veículo;Com Vítimas Feridas;Plena Noite;Crescente;Céu Claro;Dupla;Reta;Sim;1;0;1;0;0;0;1;1;-22,84562994;-43,09841211;SPRF-RJ;DEL02-RJ;UOP02-DEL02-RJ
655772;18/01/2025;sábado;05:05:00;PE;232;24,5;MORENO;Acessar a via sem observar a presença dos outros veículos;Colisão traseira;Com Vítimas Feridas;Amanhecer;Decrescente;Céu Claro;Dupla;Reta;Não;3;0;0;2;1;0;2;2;-8,10482918;-35,10351264;SPRF-PE;DEL01-PE;UOP01-DEL01-PE
655773;18/01/2025;sábado;05:10:00;BA;324;621;SALVADOR;Ausência de reação do condutor;Colisão traseira;Com Vítimas Feridas;Amanhecer;Decrescente;Céu Claro;Múltipla;Reta;Sim;3;0;2;0;1;0;2;2;-12,932743;-38,471325;SPRF-BA;DEL01-BA;UOP01-DEL01-BA
655774;18/01/2025;sábado;05:20:00;GO;60;90;ANAPOLIS;Reação tardia ou ineficiente do condutor;Saída de leito carroçável;Com Vítimas Feridas;Plena Noite;Decrescente;Nevoeiro/Neblina;Dupla;Reta;Sim;1;0;0;1;0;0;1;1;-16,3427;-48,9019;SPRF-GO;DEL02-GO;UOP01-DEL02-GO
655775;18/01/2025;sábado;05:20:00;SC;101;203;SAO JOSE;Velocidade Incompatível;Capotamento;Com Vítimas Feridas;Amanhecer;Crescente;Céu Claro;Dupla;Reta;Sim;2;0;1;1;0;0;2;1;-27,5650044;-48,61460082;SPRF-SC;DEL01-SC;UOP01-DEL01-SC
655777;18/01/2025;sábado;02:00:00;PB;230;512;CAJAZEIRAS;Animais na Pista;Atropelamento de Animal;Com Vítimas Feridas;Plena Noite;Crescente;Nublado;Simples;Reta;Não;1;0;0;1;0;0;1;1;-6,8878;-38,605;SPRF-PB;DEL03-PB;UOP03-DEL03-PB
655779;18/01/2025;sábado;05:00:00;SP;116;156;SAO JOSE DOS CAMPOS;Ausência de reação do condutor;Colisão traseira;Sem Vítimas;Amanhecer;Decrescente;Céu Claro;Múltipla;Reta;Sim;2;0;0;0;2;0;0;2;-23,25044084;-45,93572909;SPRF-SP;DEL02-SP;UOP01-DEL02-SP
655782;18/01/2025;sábado;05:30:00;PR;369;179;ARAPONGAS;Ausência de reação do condutor;Saída de leito carroçável;Com Vítimas Fatais;Amanhecer;Decrescente;Nublado;Dupla;"Desvio Temporário;Reta";Não;1;1;0;0;0;0;0;1;-23,360223;-51,398182;SPRF-PR;DEL07-PR;UOP03-DEL07-PR
655783;18/01/2025;sábado;06:30:00;SC;282;3,6;FLORIANOPOLIS;Manobra de mudança de faixa;Colisão lateral mesmo sentido;Com Vítimas Feridas;Pleno dia;Decrescente;Céu Claro;Múltipla;Reta;Sim;2;0;1;0;1;0;1;2;-27,600384;-48,599705;SPRF-SC;DEL01-SC;UOP01-DEL01-SC
655784;17/01/2025;sexta-feira;22:40:00;RJ;101;236,7;SILVA JARDIM;Ausência de reação do condutor;Colisão com objeto;Com Vítimas Feridas;Plena Noite;Crescente;Céu Claro;Simples;"Viaduto;Curva;Retorno Regulamentado";Não;3;0;2;0;1;0;2;1;-22,61013794;-42,40427401;SPRF-RJ;DEL02-RJ;UOP03-DEL02-RJ
655787;18/01/2025;sábado;06:00:00;RS;392;71,5;PELOTAS;Ausência de reação do condutor;Saída de leito carroçável;Sem Vítimas;Amanhecer;Crescente;Nublado;Simples;Reta;Sim;1;0;0;0;0;1;0;1;-31,72790198;-52,38685478;SPRF-RS;DEL07-RS;UOP01-DEL07-RS
655790;17/01/2025;sexta-feira;03:00:00;AM;0;0;MANAUS;Manobra de mudança de faixa;Colisão lateral mesmo sentido;Sem Vítimas;Plena Noite;Não Informado;Céu Claro;Múltipla;Reta;Sim;2;0;0;0;2;0;0;2;-3,133801;-59,979615;SPRF-AM;DEL01-AM;UOP03-DEL01-AM
655791;18/01/2025;sábado;07:45:00;SC;101;195,2;BIGUACU;Transitar na contramão;Colisão frontal;Com Vítimas Feridas;Pleno dia;Crescente;Céu Claro;Simples;"Reta;Interseção de Vias";Sim;2;0;1;0;1;0;1;2;-27,5047092;-48,65010819;SPRF-SC;DEL01-SC;UOP01-DEL01-SC
655792;18/01/2025;sábado;08:00:00;SC;280;122,4;SAO BENTO DO SUL;Acessar a via sem observar a presença dos outros veículos;Colisão transversal;Com Vítimas Feridas;Pleno dia;Crescente;Céu Claro;Simples;"Declive;Interseção de Vias;Rotatória";Não;2;0;1;0;1;0;1;2;-26,24540725;-49,46037412;SPRF-SC;DEL06-SC;UOP03-DEL06-SC
655793;14/01/2025;terça-feira;22:55:00;PR;277;586;CASCAVEL;Ausência de reação do condutor;Colisão com objeto;Com Vítimas Feridas;Plena Noite;Decrescente;Chuva;Simples;Curva;Sim;1;0;1;0;0;0;1;1;-24,9649472;-53,4210459;SPRF-PR;DEL04-PR;UOP01-DEL04-PR
655794;18/01/2025;sábado;07:00:00;ES;101;148;LINHARES;Ausência de reação do condutor;Engavetamento;Com Vítimas Feridas;Pleno dia;Crescente;Céu Claro;Dupla;Reta;Sim;3;0;1;0;2;0;1;3;-19,38787399;-40,06752766;SPRF-ES;DEL04-ES;UOP01-DEL04-ES
655795;18/01/2025;sábado;07:55:00;RS;470;209;BENTO GONCALVES;Acessar a via sem observar a presença dos outros veículos;Colisão transversal;Com Vítimas Feridas;Pleno dia;Decrescente;Céu Claro;Simples;Curva;Sim;2;0;1;0;1;0;1;2;-29,10894598;-51,54542236;SPRF-RS;DEL06-RS;UOP01-DEL06-RS
655797;18/01/2025;sábado;06:40:00;MG;50;21;UBERLANDIA;Acessar a via sem observar a presença dos outros veículos;Colisão transversal;Com Vítimas Feridas;Pleno dia;Crescente;Céu Claro;Simples;Declive;Não;2;0;0;1;1;0;1;2;-18,9113;-48,2622;SPRF-MG;DEL15-MG;UOP01-DEL15-MG
655798;18/01/2025;sábado;08:40:00;SP;381;44;ATIBAIA;Velocidade Incompatível;Capotamento;Com Vítimas Feridas;Pleno dia;Decrescente;Céu Claro;Simples;"Declive;Reta";Sim;2;0;2;0;0;0;2;1;-23,16458615;-46,57418959;SPRF-SP;DEL03-SP;UOP01-DEL03-SP
655800;18/01/2025;sábado;04:50:00;MA;135;156,7;MATOES DO NORTE;Condutor Dormindo;Saída de leito carroçável;Com Vítimas Feridas;Plena Noite;Crescente;Ignorado;Simples;Reta;Não;2;0;1;0;1;0;1;1;-3,81361914;-44,51476862;SPRF-MA;DEL03-MA;UOP01-DEL03-MA
655801;18/01/2025;sábado;08:45:00;SC;101;126,3;ITAJAI;Avarias e/ou desgaste excessivo no pneu;Capotamento;Com Vítimas Feridas;Pleno dia;Crescente;Céu Claro;Dupla;Curva;Sim;4;0;0;1;3;0;1;1;-26,95564404;-48,67978366;SPRF-SC;DEL04-SC;UOP04-DEL04-SC
655803;18/01/2025;sábado;07:30:00;PR;116;38;CAMPINA GRANDE DO SUL;Ausência de reação do condutor;Saída de leito carroçável;Com Vítimas Feridas;Pleno dia;Decrescente;Chuva;Dupla;Curva;Não;5;0;3;0;2;0;3;1;-25,14802509;-48,85922071;SPRF-PR;DEL01-PR;UOP02-DEL01-PR
655805;18/01/2025;sábado;09:50:00;SP;488;2;APARECIDA;Reação tardia ou ineficiente do condutor;Colisão traseira;Com Vítimas Feridas;Pleno dia;Crescente;Céu Claro;Dupla;Reta;Sim;3;0;1;0;1;1;1;3;-22,849216;-45,236801;SPRF-SP;DEL08-SP;UOP01-DEL08-SP
655806;18/01/2025;sábado;03:45:00;MG;365;651;UBERLANDIA;Condutor Dormindo;Saída de leito carroçável;Com Vítimas Feridas;Plena Noite;Decrescente;Céu Claro;Dupla;"Reta;Declive";Não;3;0;2;0;1;0;2;1;-18,86755464;-48,56819793;SPRF-MG;DEL15-MG;UOP01-DEL15-MG
655807;18/01/2025;sábado;09:00:00;SC;280;92;CORUPA;Demais falhas mecânicas ou elétricas;Incêndio;Sem Vítimas;Pleno dia;Crescente;Céu Claro;Simples;Curva;Não;4;0;0;0;4;0;0;1;-26,39448258;-49,2950379;SPRF-SC;DEL06-SC;UOP03-DEL06-SC
655808;18/01/2025;sábado;10:00:00;SC;470;54,5;BLUMENAU;Falta de elemento de contenção que evite a saída do leito carroçável;Saída de leito carroçável;Sem Vítimas;Pleno dia;Crescente;Céu Claro;Dupla;"Declive;Curva;Interseção de Vias";Sim;1;0;0;0;0;1;0;1;-26,87300156;-49,11417067;SPRF-SC;DEL04-SC;UOP01-DEL04-SC
655809;18/01/2025;sábado;09:50:00;SP;116;145,1;SAO JOSE DOS CAMPOS;Reação tardia ou ineficiente do condutor;Colisão traseira;Com Vítimas Feridas;Pleno dia;Decrescente;Sol;Múltipla;Reta;Sim;3;0;1;0;2;0;1;2;-23,1869844;-45,8548078;SPRF-SP;DEL02-SP;UOP01-DEL02-SP
655810;18/01/2025;sábado;06:45:00;RJ;101;479;ANGRA DOS REIS;Velocidade Incompatível;Queda de ocupante de veículo;Com Vítimas Feridas;Pleno dia;Decrescente;Céu Claro;Simples;Curva;Sim;1;0;0;1;0;0;1;1;-23,00854164;-44,27562028;SPRF-RJ;DEL03-RJ;UOP03-DEL03-RJ
655812;18/01/2025;sábado;10:07:00;PE;316;33;ARARIPINA;Reação tardia ou ineficiente do condutor;Colisão traseira;Com Vítimas Feridas;Pleno dia;Crescente;Céu Claro;Simples;Reta;Não;3;0;2;0;1;0;2;2;-7,63100969;-40,44882886;SPRF-PE;DEL05-PE;UOP02-DEL05-PE
655813;18/01/2025;sábado;10:00:00;SP;116;112,5;TAUBATE;Manobra de mudança de faixa;Colisão traseira;Com Vítimas Feridas;Pleno dia;Decrescente;Sol;Dupla;Reta;Não;3;0;2;0;1;0;2;2;-23,04159343;-45,57065616;SPRF-SP;DEL02-SP;UOP02-DEL02-SP
655814;18/01/2025;sábado;10:35:00;SP;101;47;UBATUBA;Conversão proibida;Colisão transversal;Com Vítimas Feridas;Pleno dia;Decrescente;Céu Claro;Simples;Reta;Sim;5;0;2;0;3;0;2;2;-23,429897;-45,082436;SPRF-SP;DEL06-SP;UOP01-DEL06-SP
655816;18/01/2025;sábado;09:40:00;RJ;101;298;ITABORAI;Reação tardia ou ineficiente do condutor;Colisão traseira;Com Vítimas Feridas;Pleno dia;Crescente;Céu Claro;Dupla;Reta;Sim;2;0;1;0;1;0;1;2;-22,7714;-42,92896;SPRF-RJ;DEL02-RJ;UOP02-DEL02-RJ
655817;18/01/2025;sábado;11:10:00;SP;116;31,7;CRUZEIRO;Manobra de mudança de faixa;Colisão lateral mesmo sentido;Com Vítimas Feridas;Pleno dia;Crescente;Céu Claro;Dupla;"Reta;Aclive";Não;3;0;0;2;0;1;2;2;-22,63966194;-44,93868903;SPRF-SP;DEL08-SP;UOP02-DEL08-SP
655818;18/01/2025;sábado;11:08:00;DF;70;7;BRASILIA;Acessar a via sem observar a presença dos outros veículos;Colisão transversal;Com Vítimas Feridas;Pleno dia;Decrescente;Céu Claro;Dupla;"Aclive;Interseção de Vias;Reta";Sim;3;0;0;1;2;0;1;2;-15,787601;-48,114429;SPRF-DF;DEL03-DF;UOP02-DEL03-DF
655819;18/01/2025;sábado;10:30:00;RS;386;392;TRIUNFO;Velocidade Incompatível;Tombamento;Sem Vítimas;Pleno dia;Decrescente;Sol;Simples;"Reta;Em Obras";Não;2;0;0;0;2;0;0;1;-29,704739;-51,654911;SPRF-RS;DEL04-RS;UOP02-DEL04-RS
655821;18/01/2025;sábado;10:00:00;RJ;101;302;SAO GONCALO;Trafegar com motocicleta (ou similar) entre as faixas;Colisão lateral mesmo sentido;Com Vítimas Feridas;Pleno dia;Decrescente;Céu Claro;Dupla;Reta;Sim;2;0;1;0;1;0;1;2;-22,78069318;-42,96706396;SPRF-RJ;DEL02-RJ;UOP02-DEL02-RJ
655822;18/01/2025;sábado;09:20:00;MS;163;289,8;DOURADINA;Transitar no Acostamento;Colisão traseira;Com Vítimas Feridas;Pleno dia;Decrescente;Céu Claro;Simples;Reta;Sim;2;0;1;0;0;1;1;2;-22,0750759;-54,56541842;SPRF-MS;DEL04-MS;UOP01-DEL04-MS
655823;18/01/2025;sábado;11:00:00;ES;101;156,9;LINHARES;Acessar a via sem observar a presença dos outros veículos;Colisão transversal;Com Vítimas Feridas;Pleno dia;Crescente;Céu Claro;Simples;Rotatória;Sim;3;0;0;2;1;0;2;2;-19,44596035;-40,09435048;SPRF-ES;DEL04-ES;UOP01-DEL04-ES
655824;18/01/2025;sábado;11:48:00;RN;406;168,8;SAO GONCALO DO AMARANTE;Acessar a via sem observar a presença dos outros veículos;Colisão traseira;Com Vítimas Feridas;Pleno dia;Decrescente;Sol;Dupla;Reta;Sim;2;0;1;0;1;0;1;2;-5,754778;-35,309058;SPRF-RN;DEL02-RN;UOP01-DEL02-RN
655825;18/01/2025;sábado;11:30:00;MG;381;869,2;POUSO ALEGRE;Desrespeitar a preferência no cruzamento;Colisão transversal;Com Vítimas Feridas;Pleno dia;Crescente;Sol;Simples;"Declive;Viaduto;Interseção de Vias";Não;3;0;2;0;1;0;2;2;-22,42671983;-45,97163217;SPRF-MG;DEL16-MG;UOP01-DEL16-MG
655828;18/01/2025;sábado;09:00:00;BA;101;379;IBIRAPITANGA;Ultrapassagem Indevida;Saída de leito carroçável;Com Vítimas Fatais;Pleno dia;Decrescente;Céu Claro;Simples;Reta;Não;3;1;1;0;1;0;1;2;-13,98208099;-39,47893602;SPRF-BA;DEL05-BA;UOP03-DEL05-BA
655829;18/01/2025;sábado;12:30:00;AL;104;30,7;UNIAO DOS PALMARES;Acessar a via sem observar a presença dos outros veículos;Colisão transversal;Com Vítimas Feridas;Pleno dia;Decrescente;Sol;Simples;"Reta;Interseção de Vias";Não;2;0;1;1;0;0;2;2;-9,13108003;-36,02846146;SPRF-AL;DEL01-AL;UOP02-DEL01-AL
655830;18/01/2025;sábado;11:55:00;PE;101;70;RECIFE;Estacionar ou parar em local proibido;Colisão lateral mesmo sentido;Com Vítimas Feridas;Pleno dia;Decrescente;Céu Claro;Dupla;Reta;Não;3;0;1;1;0;1;2;2;-8,06776119;-34,94265074;SPRF-PE;DEL01-PE;UOP01-DEL01-PE
655834;18/01/2025;sábado;11:50:00;MG;116;787,5;LEOPOLDINA;Acesso irregular;Colisão transversal;Com Vítimas Feridas;Pleno dia;Decrescente;Céu Claro;Simples;Curva;Não;3;0;0;2;1;0;2;2;-21,65553512;-42,71805691;SPRF-MG;DEL07-MG;UOP01-DEL07-MG
655835;18/01/2025;sábado;13:05:00;RN;101;75;EXTREMOZ;Demais falhas mecânicas ou elétricas;Colisão frontal;Com Vítimas Feridas;Pleno dia;Crescente;Céu Claro;Dupla;Rotatória;Sim;2;0;1;0;1;0;1;2;-5,721906;-35,27672;SPRF-RN;DEL02-RN;UOP01-DEL02-RN
655837;18/01/2025;sábado;13:30:00;RN;101;163;CANGUARETAMA;Acessar a via sem observar a presença dos outros veículos;Colisão transversal;Com Vítimas Feridas;Pleno dia;Crescente;Sol;Dupla;"Retorno Regulamentado;Reta";Não;7;0;4;0;3;0;4;2;-6,393516;-35,13976;SPRF-RN;DEL01-RN;UOP01-DEL01-RN
655838;18/01/2025;sábado;14:10:00;BA;324;513,5;FEIRA DE SANTANA;Ultrapassagem Indevida;Atropelamento de Pedestre;Com Vítimas Feridas;Pleno dia;Crescente;Sol;Simples;Reta;Sim;3;0;2;1;0;0;3;2;-12,23098007;-38,96101401;SPRF-BA;DEL02-BA;UOP01-DEL02-BA
655839;18/01/2025;sábado;08:15:00;SC;101;450;SAO JOAO DO SUL;Pista Escorregadia;Tombamento;Com Vítimas Feridas;Pleno dia;Crescente;Nublado;Dupla;Reta;Não;1;0;0;1;0;0;1;1;-29,17229091;-49,74904711;SPRF-SC;DEL02-SC;UOP02-DEL02-SC
655840;18/01/2025;sábado;12:15:00;MG;50;173,5;UBERABA;Ausência de reação do condutor;Capotamento;Com Vítimas Feridas;Pleno dia;Decrescente;Céu Claro;Dupla;Reta;Sim;2;0;2;0;0;0;2;1;-19,7624352;-47,97701547;SPRF-MG;DEL13-MG;UOP01-DEL13-MG
655841;18/01/2025;sábado;11:00:00;RJ;101;308;SAO GONCALO;Reação tardia ou ineficiente do condutor;Queda de ocupante de veículo;Com Vítimas Feridas;Pleno dia;Decrescente;Céu Claro;Dupla;Reta;Sim;2;0;2;0;0;0;2;1;-22,79309326;-43,02479595;SPRF-RJ;DEL02-RJ;UOP02-DEL02-RJ
655842;01/01/2025;quarta-feira;02:10:00;PR;376;177,5;MARINGA;Manobra de mudança de faixa;Colisão lateral mesmo sentido;Com Vítimas Feridas;Plena Noite;Decrescente;Céu Claro;Dupla;Interseção de Vias;Sim;3;0;1;0;0;2;1;3;-23,41595855;-51,92226484;SPRF-PR;DEL09-PR;UOP01-DEL09-PR
655843;18/01/2025;sábado;14:00:00;RN;101;109;PARNAMIRIM;Acessar a via sem observar a presença dos outros veículos;Colisão transversal;Com Vítimas Feridas;Pleno dia;Decrescente;Céu Claro;Múltipla;Retorno Regulamentado;Sim;2;0;0;1;1;0;1;2;-5,937378;-35,26483;SPRF-RN;DEL01-RN;UOP01-DEL01-RN
655844;18/01/2025;sábado;13:38:00;PE;101;57;RECIFE;Ausência de reação do condutor;Colisão traseira;Com Vítimas Feridas;Pleno dia;Decrescente;Céu Claro;Dupla;Reta;Não;3;0;1;0;2;0;1;2;-7,96346213;-34,91513486;SPRF-PE;DEL01-PE;UOP02-DEL01-PE
655847;18/01/2025;sábado;14:50:00;RS;285;452,5;IJUI;Velocidade Incompatível;Tombamento;Com Vítimas Feridas;Pleno dia;Crescente;Sol;Simples;Declive;Não;1;0;1;0;0;0;1;1;-28,37433443;-53,86021614;SPRF-RS;DEL10-RS;UOP01-DEL10-RS
655848;18/01/2025;sábado;15:10:00;MG;364;21;FRUTAL;Reação tardia ou ineficiente do condutor;Saída de leito carroçável;Com Vítimas Feridas;Pleno dia;Crescente;Nublado;Simples;"Reta;Aclive";Não;1;0;1;0;0;0;1;1;-20,047768;-48,841195;SPRF-MG;DEL13-MG;UOP02-DEL13-MG
655849;18/01/2025;sábado;15:15:00;DF;20;16,6;BRASILIA;Velocidade Incompatível;Colisão lateral mesmo sentido;Com Vítimas Fatais;Pleno dia;Crescente;Céu Claro;Dupla;"Declive;Retorno Regulamentado;Reta";Não;2;1;0;1;0;0;1;2;-15,625675;-47,725159;SPRF-DF;DEL02-DF;UOP01-DEL02-DF
655852;18/01/2025;sábado;15:40:00;ES;101;329,3;GUARAPARI;Condutor deixou de manter distância do veículo da frente;Colisão traseira;Com Vítimas Feridas;Pleno dia;Crescente;Céu Claro;Dupla;Reta;Não;6;0;0;1;5;0;1;2;-20,58543019;-40,49702183;SPRF-ES;DEL03-ES;UOP01-DEL03-ES
655853;18/01/2025;sábado;15:40:00;PR;376;618;SAO JOSE DOS PINHAIS;Reação tardia ou ineficiente do condutor;Saída de leito carroçável;Sem Vítimas;Pleno dia;Crescente;Chuva;Dupla;"Reta;Declive";Sim;1;0;0;0;1;0;0;1;-25,59168398;-49,17197705;SPRF-PR;DEL01-PR;UOP04-DEL01-PR
655854;18/01/2025;sábado;11:10:00;AL;101;4;NOVO LINO;Demais falhas mecânicas ou elétricas;Colisão com objeto;Com Vítimas Feridas;Pleno dia;Crescente;Céu Claro;Dupla;Reta;Não;3;0;3;0;0;0;3;1;-8,91120381;-35,63447367;SPRF-AL;DEL01-AL;UOP02-DEL01-AL
655855;18/01/2025;sábado;14:00:00;PR;376;407;TIBAGI;Velocidade Incompatível;Colisão com objeto;Com Vítimas Feridas;Pleno dia;Crescente;Chuva;Dupla;Curva;Não;3;0;2;1;0;0;3;1;-24,6002;-50,665913;SPRF-PR;DEL03-PR;UOP02-DEL03-PR
655856;18/01/2025;sábado;14:55:00;BA;324;609;SIMOES FILHO;Avarias e/ou desgaste excessivo no pneu;Tombamento;Sem Vítimas;Pleno dia;Crescente;Céu Claro;Simples;Reta;Não;1;0;0;0;1;0;0;1;-12,82066;-38,40798;SPRF-BA;DEL01-BA;UOP01-DEL01-BA
655857;18/01/2025;sábado;15:00:00;RJ;116;277;BARRA MANSA;Ingestão de álcool pelo condutor;Colisão com objeto;Com Vítimas Feridas;Pleno dia;Decrescente;Sol;Dupla;Curva;Sim;1;0;1;0;0;0;1;1;-22,55905501;-44,17284006;SPRF-RJ;DEL07-RJ;UOP02-DEL07-RJ
655859;18/01/2025;sábado;16:20:00;MG;40;518;RIBEIRAO DAS NEVES;Ausência de reação do condutor;Colisão traseira;Com Vítimas Feridas;Pleno dia;Decrescente;Céu Claro;Dupla;"Reta;Retorno Regulamentado";Sim;3;0;1;1;1;0;2;2;-19,8321242;-44,08208533;SPRF-MG;DEL01-MG;UOP02-DEL01-MG
655861;18/01/2025;sábado;16:45:00;SC;101;315;LAGUNA;Ausência de reação do condutor;Colisão transversal;Com Vítimas Feridas;Pleno dia;Crescente;Chuva;Múltipla;Curva;Sim;3;0;1;1;1;0;2;2;-28,44102234;-48,82276475;SPRF-SC;DEL02-SC;UOP01-DEL02-SC
655863;18/01/2025;sábado;16:25:00;MG;50;179;UBERABA;Reação tardia ou ineficiente do condutor;Colisão com objeto;Sem Vítimas;Pleno dia;Crescente;Céu Claro;Dupla;Reta;Não;1;0;0;0;0;1;0;1;-19,77827047;-47,93140998;SPRF-MG;DEL13-MG;UOP01-DEL13-MG
655864;18/01/2025;sábado;14:43:00;MT;364;348,7;SANTO ANTONIO DO LEVERGER;Reação tardia ou ineficiente do condutor;Queda de ocupante de veículo;Com Vítimas Feridas;Pleno dia;Decrescente;Garoa/Chuvisco;Dupla;Curva;Não;1;0;1;0;0;0;1;1;-15,80416834;-55,55429598;SPRF-MT;DEL05-MT;UOP02-DEL05-MT
655865;18/01/2025;sábado;14:40:00;SC;101;3,7;ARARANGUA;Conversão proibida;Colisão transversal;Com Vítimas Feridas;Pleno dia;Decrescente;Nublado;Simples;Rotatória;Sim;2;0;1;0;1;0;1;2;-28,94941481;-49,50706601;SPRF-SC;DEL02-SC;UOP02-DEL02-SC
655866;18/01/2025;sábado;16:30:00;RJ;101;421;MANGARATIBA;Conversão proibida;Colisão transversal;Com Vítimas Feridas;Pleno dia;Crescente;Sol;Simples;Curva;Sim;3;0;2;0;1;0;2;2;-22,91666975;-43,93080593;SPRF-RJ;DEL03-RJ;UOP02-DEL03-RJ
655867;18/01/2025;sábado;16:30:00;PE;408;82,1;PAUDALHO;Ausência de reação do condutor;Colisão com objeto;Sem Vítimas;Pleno dia;Decrescente;Céu Claro;Múltipla;Reta;Sim;3;0;0;0;1;2;0;2;-7,942052;-35,122295;SPRF-PE;DEL01-PE;UOP01-DEL01-PE
655868;18/01/2025;sábado;17:20:00;RN;101;102;PARNAMIRIM;Demais falhas mecânicas ou elétricas;Queda de ocupante de veículo;Com Vítimas Feridas;Anoitecer;Crescente;Céu Claro;Dupla;Reta;Sim;2;0;2;0;0;0;2;1;-5,88858217;-35,24018997;SPRF-RN;DEL01-RN;UOP01-DEL01-RN