id;data_inversa;dia_semana;horario;uf;br;km;municipio;causa_acidente;tipo_acidente;classificacao_acidente;fase_dia;sentido_via;condicao_metereologica;tipo_pista;tracado_via;uso_solo;pessoas;mortos;feridos_leves;feridos_graves;ilesos;ignorados;feridos;veiculos;latitude;longitude;regional;delegacia;uop
655973;19/01/2025;domingo;05:45:00;SP;116;228;SAO PAULO;Ingestão de álcool pelo condutor;Colisão com objeto;Com Vítimas Feridas;Amanhecer;Decrescente;Nublado;Múltipla;"Aclive;Reta";Sim;1;0;1;0;0;0;1;1;-23,50343484;-46,56638712;SPRF-SP;DEL01-SP;UOP01-DEL01-SP
655974;19/01/2025;domingo;04:30:00;MG;50;176;UBERABA;Reação tardia ou ineficiente do condutor;Colisão com objeto;Com Vítimas Feridas;Amanhecer;Decrescente;Céu Claro;Dupla;Reta;Não;3;0;3;0;0;0;3;1;-19,77919981;-47,960032;SPRF-MG;DEL13-MG;UOP01-DEL13-MG
655975;19/01/2025;domingo;06:20:00;SP;381;84;SAO PAULO;Reação tardia ou ineficiente do condutor;Colisão traseira;Com Vítimas Feridas;Pleno dia;Crescente;Céu Claro;Múltipla;Reta;Não;3;0;1;0;2;0;1;3;-23,43937;-46,56807;SPRF-SP;DEL03-SP;UOP01-DEL03-SP
655976;19/01/2025;domingo;05:16:00;DF;70;18;BRASILIA;Ausência de reação do condutor;Colisão lateral mesmo sentido;Com Vítimas Feridas;Amanhecer;Crescente;Chuva;Dupla;Reta;Sim;2;0;1;0;1;0;1;2;-15,791093;-48,21096;SPRF-DF;DEL03-DF;UOP02-DEL03-DF
655977;19/01/2025;domingo;06:20:00;ES;101;202;JOAO NEIVA;Ultrapassagem Indevida;Colisão lateral mesmo sentido;Com Vítimas Feridas;Pleno dia;Decrescente;Céu Claro;Simples;Curva;Não;2;0;1;0;1;0;1;2;-19,74171801;-40,36521517;SPRF-ES;DEL04-ES;UOP01-DEL04-ES
655978;18/01/2025;sábado;23:15:00;CE;403;25,5;BELA CRUZ;Acessar a via sem observar a presença dos outros veículos;Atropelamento de Pedestre;Com Vítimas Fatais;Plena Noite;Decrescente;Céu Claro;Simples;Reta;Sim;2;1;0;0;0;1;0;2;-3,094778;-40,082996;SPRF-CE;DEL01-CE;UOP03-DEL01-CE
655979;19/01/2025;domingo;06:20:00;MG;153;156;COMENDADOR GOMES;Reação tardia ou ineficiente do condutor;Saída de leito carroçável;Sem Vítimas;Amanhecer;Decrescente;Céu Claro;Simples;"Declive;Reta";Não;1;0;0;0;1;0;0;1;-19,62793682;-48,948745;SPRF-MG;DEL13-MG;UOP02-DEL13-MG
655980;19/01/2025;domingo;07:00:00;DF;40;1;BRASILIA;Ausência de reação do condutor;Saída de leito carroçável;Sem Vítimas;Amanhecer;Decrescente;Nublado;Dupla;Reta;Sim;1;0;0;0;1;0;0;1;-15,985532;-47,987747;SPRF-DF;DEL01-DF;UOP01-DEL01-DF
655981;19/01/2025;domingo;06:50:00;SP;116;303;SAO LOURENCO DA SERRA;Velocidade Incompatível;Colisão com objeto;Com Vítimas Feridas;Pleno dia;Decrescente;Céu Claro;Simples;Reta;Não;1;0;1;0;0;0;1;1;-23,82760675;-46,92631345;SPRF-SP;DEL04-SP;UOP01-DEL04-SP
655982;19/01/2025;domingo;06:15:00;RJ;393;237;VASSOURAS;Condutor Dormindo;Colisão frontal;Com Vítimas Feridas;Pleno dia;Decrescente;Céu Claro;Simples;Reta;Sim;4;0;1;1;2;0;2;2;-22,39566493;-43,65681106;SPRF-RJ;DEL05-RJ;UOP03-DEL05-RJ
655985;19/01/2025;domingo;05:40:00;MG;262;76,5;MATIPO;Mal súbito do condutor;Saída de leito carroçável;Com Vítimas Feridas;Amanhecer;Decrescente;Céu Claro;Simples;"Reta;Declive";Não;5;0;1;0;4;0;1;1;-20,32847234;-42,34701169;SPRF-MG;DEL03-MG;UOP03-DEL03-MG
655986;19/01/2025;domingo;06:45:00;RJ;465;20;NOVA IGUACU;Transitar na contramão;Colisão frontal;Com Vítimas Feridas;Pleno dia;Crescente;Céu Claro;Simples;Reta;Sim;2;0;0;1;1;0;1;2;-22,846828;-43,605339;SPRF-RJ;DEL06-RJ;UOP02-DEL06-RJ
655987;19/01/2025;domingo;01:30:00;MS;163;42;ELDORADO;Reação tardia ou ineficiente do condutor;Colisão com objeto;Sem Vítimas;Plena Noite;Crescente;Céu Claro;Simples;Reta;Não;1;0;0;0;1;0;0;1;-23,77140302;-54,27611382;SPRF-MS;DEL09-MS;UOP02-DEL09-MS
655988;19/01/2025;domingo;08:00:00;RN;101;108,6;PARNAMIRIM;Acumulo de água sobre o pavimento;Tombamento;Com Vítimas Feridas;Pleno dia;Decrescente;Chuva;Dupla;"Declive;Reta";Sim;2;0;1;0;0;1;1;1;-5,92825102;-35,26465683;SPRF-RN;DEL01-RN;UOP01-DEL01-RN
655989;19/01/2025;domingo;06:58:00;MS;376;18,4;FATIMA DO SUL;Ausência de reação do condutor;Saída de leito carroçável;Com Vítimas Feridas;Amanhecer;Crescente;Céu Claro;Simples;Reta;Não;1;0;1;0;0;0;1;1;-22,32984206;-54,57225807;SPRF-MS;DEL04-MS;UOP01-DEL04-MS
655991;19/01/2025;domingo;08:30:00;BA;110;169;RIBEIRA DO POMBAL;Ingestão de álcool pelo condutor;Colisão lateral sentido oposto;Com Vítimas Feridas;Pleno dia;Crescente;Céu Claro;Simples;Reta;Não;8;0;3;1;4;0;4;2;-10,83361802;-38,53206537;SPRF-BA;DEL07-BA;UOP02-DEL07-BA
655992;19/01/2025;domingo;07:00:00;MT;174;293;PONTES E LACERDA;Ingestão de álcool pelo condutor;Saída de leito carroçável;Sem Vítimas;Pleno dia;Crescente;Céu Claro;Simples;"Aclive;Reta";Não;1;0;0;0;1;0;0;1;-15,18889293;-59,32384877;SPRF-MT;DEL04-MT;UOP01-DEL04-MT
655993;19/01/2025;domingo;08:40:00;RS;116;235;NOVO HAMBURGO;Ausência de reação do condutor;Colisão traseira;Com Vítimas Feridas;Pleno dia;Crescente;Céu Claro;Dupla;"Reta;Viaduto";Sim;8;0;4;0;1;3;4;5;-29,66972659;-51,14309864;SPRF-RS;DEL01-RS;UOP02-DEL01-RS
655995;19/01/2025;domingo;03:15:00;RJ;40;109;DUQUE DE CAXIAS;Velocidade Incompatível;Capotamento;Sem Vítimas;Plena Noite;Decrescente;Céu Claro;Dupla;Curva;Não;1;0;0;0;0;1;0;1;-22,67374628;-43,28638368;SPRF-RJ;DEL01-RJ;UOP02-DEL01-RJ
655996;19/01/2025;domingo;06:35:00;AC;317;114;CAPIXABA;Reação tardia ou ineficiente do condutor;Queda de ocupante de veículo;Com Vítimas Feridas;Pleno dia;Crescente;Nublado;Simples;Curva;Não;1;0;0;1;0;0;1;1;-10,35033344;-67,68548012;SPRF-AC;DEL01-AC;UOP01-DEL01-AC
655997;19/01/2025;domingo;05:00:00;PR;369;191;ARAPONGAS;Velocidade Incompatível;Saída de leito carroçável;Sem Vítimas;Plena Noite;Crescente;Nublado;Dupla;Reta;Não;1;0;0;0;0;1;0;1;-23,469261;-51,423604;SPRF-PR;DEL07-PR;UOP03-DEL07-PR
655998;19/01/2025;domingo;07:40:00;RS;290;78;GRAVATAI;Manobra de mudança de faixa;Colisão com objeto;Com Vítimas Feridas;Pleno dia;Decrescente;Sol;Dupla;Reta;Sim;1;0;1;0;0;0;1;1;-29,954178;-51,037735;SPRF-RS;DEL01-RS;UOP01-DEL01-RS
656000;19/01/2025;domingo;08:00:00;DF;20;2;BRASILIA;Velocidade Incompatível;Saída de leito carroçável;Com Vítimas Feridas;Pleno dia;Decrescente;Céu Claro;Dupla;Reta;Não;1;0;1;0;0;0;1;1;-15,682896;-47,840729;SPRF-DF;DEL02-DF;UOP01-DEL02-DF
656002;19/01/2025;domingo;08:45:00;PR;116;4;CAMPINA GRANDE DO SUL;Reação tardia ou ineficiente do condutor;Saída de leito carroçável;Sem Vítimas;Pleno dia;Crescente;Chuva;Dupla;"Curva;Interseção de Vias";Sim;2;0;0;0;2;0;0;1;-25,36155186;-49,07996065;SPRF-PR;DEL01-PR;UOP02-DEL01-PR
656004;19/01/2025;domingo;07:00:00;SC;470;20;ILHOTA;Manobra de mudança de faixa;Colisão lateral mesmo sentido;Com Vítimas Feridas;Pleno dia;Decrescente;Céu Claro;Dupla;Curva;Não;2;0;1;0;1;0;1;2;-26,870115;-48,820484;SPRF-SC;DEL04-SC;UOP04-DEL04-SC
656005;19/01/2025;domingo;07:50:00;PR;153;501,9;GENERAL CARNEIRO;Reação tardia ou ineficiente do condutor;Capotamento;Sem Vítimas;Pleno dia;Crescente;Sol;Simples;Reta;Não;1;0;0;0;1;0;0;1;-26,50498883;-51,34906769;SPRF-PR;DEL02-PR;UOP03-DEL02-PR
656006;19/01/2025;domingo;10:10:00;CE;116;174;RUSSAS;Acessar a via sem observar a presença dos outros veículos;Colisão transversal;Com Vítimas Feridas;Pleno dia;Crescente;Nublado;Simples;Reta;Sim;3;0;2;0;1;0;2;2;-5,01213088;-38,05022419;SPRF-CE;DEL03-CE;UOP01-DEL03-CE
656008;19/01/2025;domingo;09:43:00;PB;101;1,7;MATARACA;Velocidade Incompatível;Colisão com objeto;Com Vítimas Feridas;Pleno dia;Decrescente;Garoa/Chuvisco;Dupla;"Reta;Interseção de Vias";Não;2;0;1;0;1;0;1;1;-6,51423092;-35,11133633;SPRF-PB;DEL01-PB;UOP03-DEL01-PB
656011;19/01/2025;domingo;10:30:00;PR;476;145;CURITIBA;Velocidade Incompatível;Saída de leito carroçável;Sem Vítimas;Pleno dia;Crescente;Chuva;Dupla;Curva;Não;1;0;0;0;1;0;0;1;-25,547749;-49,32095;SPRF-PR;DEL01-PR;UOP06-DEL01-PR
656012;19/01/2025;domingo;11:00:00;PR;116;126;FAZENDA RIO GRANDE;Condutor desrespeitou a iluminação vermelha do semáforo;Colisão transversal;Com Vítimas Feridas;Pleno dia;Crescente;Nublado;Dupla;"Retorno Regulamentado;Interseção de Vias";Sim;4;0;1;0;3;0;1;2;-25,60389895;-49,31824423;SPRF-PR;DEL01-PR;UOP03-DEL01-PR
656013;19/01/2025;domingo;11:30:00;PR;277;134;CAMPO LARGO;Reação tardia ou ineficiente do condutor;Colisão com objeto;Sem Vítimas;Pleno dia;Decrescente;Chuva;Dupla;Curva;Não;1;0;0;0;1;0;0;1;-25,468;-49,6239;SPRF-PR;DEL03-PR;UOP03-DEL03-PR
656014;19/01/2025;domingo;11:20:00;RJ;101;308;SAO GONCALO;Avarias e/ou desgaste excessivo no pneu;Tombamento;Com Vítimas Feridas;Pleno dia;Crescente;Céu Claro;Dupla;Reta;Sim;2;0;0;2;0;0;2;1;-22,79446115;-43,03246021;SPRF-RJ;DEL02-RJ;UOP02-DEL02-RJ
656015;19/01/2025;domingo;10:05:00;PR;163;82,6;PLANALTO;Acessar a via sem observar a presença dos outros veículos;Colisão transversal;Sem Vítimas;Pleno dia;Crescente;Céu Claro;Simples;"Interseção de Vias;Reta";Não;2;0;0;0;2;0;0;2;-25,71199046;-53,77547264;SPRF-PR;DEL02-PR;UOP02-DEL02-PR
656017;19/01/2025;domingo;11:30:00;SE;235;5,3;NOSSA SENHORA DO SOCORRO;Condutor deixou de manter distância do veículo da frente;Colisão traseira;Com Vítimas Feridas;Pleno dia;Decrescente;Céu Claro;Dupla;Reta;Sim;2;0;1;0;1;0;1;2;-10,9041;-37,1278;SPRF-SE;DEL01-SE;UOP01-DEL01-SE
656018;19/01/2025;domingo;08:39:00;SP;116;285;ITAPECERICA DA SERRA;Reação tardia ou ineficiente do condutor;Colisão com objeto;Sem Vítimas;Pleno dia;Crescente;Céu Claro;Dupla;Reta;Sim;1;0;0;0;0;1;0;1;-23,70407794;-46,87249709;SPRF-SP;DEL04-SP;UOP01-DEL04-SP
656019;19/01/2025;domingo;10:30:00;SC;470;10;NAVEGANTES;Acessar a via sem observar a presença dos outros veículos;Colisão transversal;Com Vítimas Feridas;Pleno dia;Crescente;Céu Claro;Simples;Interseção de Vias;Não;2;0;1;0;1;0;1;2;-26,833693;-48,73724;SPRF-SC;DEL04-SC;UOP04-DEL04-SC
656021;19/01/2025;domingo;11:10:00;SC;101;108,7;PENHA;Reação tardia ou ineficiente do condutor;Colisão traseira;Sem Vítimas;Pleno dia;Decrescente;Céu Claro;Dupla;Reta;Não;3;0;0;0;3;0;0;3;-26,82606902;-48,69052298;SPRF-SC;DEL03-SC;UOP02-DEL03-SC
656024;19/01/2025;domingo;11:30:00;MG;381;884;ESTIVA;Manobra de mudança de faixa;Colisão lateral mesmo sentido;Com Vítimas Feridas;Pleno dia;Decrescente;Céu Claro;Dupla;Curva;Não;3;0;0;2;1;0;2;2;-22,4978;-46,01368;SPRF-MG;DEL16-MG;UOP01-DEL16-MG
656025;19/01/2025;domingo;12:20:00;PR;116;43;CAMPINA GRANDE DO SUL;Chuva;Colisão com objeto;Com Vítimas Feridas;Pleno dia;Crescente;Chuva;Múltipla;"Aclive;Curva";Não;2;0;2;0;0;0;2;1;-25,18101149;-48,88196442;SPRF-PR;DEL01-PR;UOP02-DEL01-PR
656026;19/01/2025;domingo;11:20:00;PE;232;10,6;JABOATAO DOS GUARARAPES;Desrespeitar a preferência no cruzamento;Colisão transversal;Com Vítimas Feridas;Pleno dia;Crescente;Céu Claro;Simples;Curva;Sim;2;0;1;0;1;0;1;2;-8,08168576;-34,99023199;SPRF-PE;DEL01-PE;UOP01-DEL01-PE
656027;19/01/2025;domingo;12:55:00;SC;101;194,4;BIGUACU;Objeto estático sobre o leito carroçável;Colisão com objeto;Com Vítimas Feridas;Pleno dia;Crescente;Céu Claro;Dupla;Reta;Sim;2;0;2;0;0;0;2;1;-27,49815117;-48,65661236;SPRF-SC;DEL01-SC;UOP01-DEL01-SC
656028;19/01/2025;domingo;09:30:00;GO;60;177;ABADIA DE GOIAS;Acessar a via sem observar a presença dos outros veículos;Saída de leito carroçável;Sem Vítimas;Pleno dia;Crescente;Garoa/Chuvisco;Dupla;Declive;Não;1;0;0;0;1;0;0;1;-16,76419357;-49,46619987;SPRF-GO;DEL01-GO;UOP02-DEL01-GO
656029;19/01/2025;domingo;09:30:00;PR;376;407,7;TIBAGI;Velocidade Incompatível;Saída de leito carroçável;Com Vítimas Feridas;Pleno dia;Decrescente;Chuva;Dupla;"Declive;Curva";Não;3;0;2;1;0;0;3;1;-24,60014036;-50,66609681;SPRF-PR;DEL03-PR;UOP02-DEL03-PR
656030;19/01/2025;domingo;12:20:00;RS;116;216,9;MORRO REUTER;Ausência de reação do condutor;Colisão lateral mesmo sentido;Com Vítimas Feridas;Pleno dia;Decrescente;Sol;Simples;Rotatória;Não;2;0;1;0;1;0;1;2;-29,54001608;-51,07711676;SPRF-RS;DEL05-RS;UOP02-DEL05-RS
656032;19/01/2025;domingo;12:30:00;PR;116;39;CAMPINA GRANDE DO SUL;Chuva;Colisão com objeto;Com Vítimas Feridas;Pleno dia;Crescente;Chuva;Dupla;Curva;Não;3;0;2;0;1;0;2;1;-25,156168;-48,8613401;SPRF-PR;DEL01-PR;UOP02-DEL01-PR
656034;19/01/2025;domingo;10:45:00;SC;282;412,3;CATANDUVAS;Ausência de reação do condutor;Capotamento;Com Vítimas Feridas;Pleno dia;Decrescente;Sol;Simples;"Aclive;Curva";Não;1;0;0;1;0;0;1;1;-27,05813212;-51,68372154;SPRF-SC;DEL07-SC;UOP05-DEL07-SC
656035;19/01/2025;domingo;12:50:00;PR;277;332,9;GUARAPUAVA;Ausência de reação do condutor;Saída de leito carroçável;Sem Vítimas;Pleno dia;Crescente;Nublado;Dupla;"Aclive;Curva";Não;1;0;0;0;0;1;0;1;-25,34585183;-51,38476902;SPRF-PR;DEL08-PR;UOP01-DEL08-PR
656040;19/01/2025;domingo;12:15:00;PR;116;46,9;CAMPINA GRANDE DO SUL;Chuva;Saída de leito carroçável;Sem Vítimas;Pleno dia;Decrescente;Chuva;Dupla;Curva;Não;2;0;0;0;2;0;0;1;-25,21045;-48,897033;SPRF-PR;DEL01-PR;UOP02-DEL01-PR
656042;19/01/2025;domingo;13:23:00;PE;408;98;RECIFE;Mal súbito do condutor;Saída de leito carroçável;Com Vítimas Feridas;Pleno dia;Crescente;Sol;Dupla;Reta;Não;2;0;2;0;0;0;2;1;-8,03598572;-35,03218461;SPRF-PE;DEL01-PE;UOP01-DEL01-PE
656044;19/01/2025;domingo;09:00:00;RJ;101;487;ANGRA DOS REIS;Ausência de reação do condutor;Colisão traseira;Com Vítimas Feridas;Pleno dia;Decrescente;Sol;Simples;Curva;Sim;3;0;1;0;2;0;1;3;-22,96828891;-44,29864663;SPRF-RJ;DEL03-RJ;UOP03-DEL03-RJ
656045;19/01/2025;domingo;13:50:00;MG;40;678,2;CARANDAI;Condutor Dormindo;Saída de leito carroçável;Com Vítimas Feridas;Pleno dia;Crescente;Céu Claro;Simples;Curva;Não;2;0;2;0;0;0;2;1;-21,02723689;-43,78274886;SPRF-MG;DEL05-MG;UOP02-DEL05-MG
656047;19/01/2025;domingo;10:20:00;BA;116;818;VITORIA DA CONQUISTA;Manobra de mudança de faixa;Colisão lateral mesmo sentido;Com Vítimas Feridas;Pleno dia;Decrescente;Nublado;Simples;Reta;Sim;3;0;2;0;1;0;2;2;-14,8262;-40,8237;SPRF-BA;DEL08-BA;UOP01-DEL08-BA
656048;19/01/2025;domingo;12:30:00;MS;267;17,3;BATAGUASSU;Demais falhas mecânicas ou elétricas;Queda de ocupante de veículo;Com Vítimas Feridas;Pleno dia;Decrescente;Sol;Simples;Reta;Não;3;0;2;0;0;1;2;2;-21,72576167;-52,29571101;SPRF-MS;DEL02-MS;UOP04-DEL02-MS
656053;19/01/2025;domingo;15:25:00;SP;116;213;GUARULHOS;Velocidade Incompatível;Colisão traseira;Sem Vítimas;Pleno dia;Crescente;Céu Claro;Simples;Reta;Sim;3;0;0;0;3;0;0;3;-23,43971486;-46,43667806;SPRF-SP;DEL01-SP;UOP01-DEL01-SP
656057;19/01/2025;domingo;15:40:00;MG;381;501;BETIM;Condutor deixou de manter distância do veículo da frente;Colisão traseira;Com Vítimas Feridas;Pleno dia;Decrescente;Céu Claro;Dupla;"Declive;Reta";Sim;2;0;1;0;1;0;1;2;-20,03146447;-44,2377893;SPRF-MG;DEL01-MG;UOP03-DEL01-MG
656058;19/01/2025;domingo;15:50:00;PA;316;64;CASTANHAL;Ausência de reação do condutor;Colisão traseira;Com Vítimas Feridas;Pleno dia;Crescente;Nublado;Dupla;Reta;Sim;2;0;1;0;1;0;1;2;-1,29629557;-47,91983997;SPRF-PA;DEL01-PA;UOP01-DEL01-PA
656059;19/01/2025;domingo;12:43:00;AM;319;705,8;HUMAITA;Problema com o freio;Saída de leito carroçável;Com Vítimas Feridas;Pleno dia;Decrescente;Céu Claro;Simples;Reta;Não;1;0;1;0;0;0;1;1;-7,76048994;-63,14450712;SPRF-AM;DEL02-AM;UOP01-DEL02-AM
656060;19/01/2025;domingo;16:15:00;SP;381;10;VARGEM;Acumulo de água sobre o pavimento;Queda de ocupante de veículo;Com Vítimas Feridas;Pleno dia;Crescente;Nublado;Dupla;"Curva;Interseção de Vias";Sim;1;0;1;0;0;0;1;1;-22,92240388;-46,44345503;SPRF-SP;DEL03-SP;UOP02-DEL03-SP
656061;19/01/2025;domingo;13:47:00;GO;153;659,8;GOIATUBA;Acumulo de água sobre o pavimento;Tombamento;Com Vítimas Feridas;Pleno dia;Crescente;Chuva;Simples;Viaduto;Não;1;0;1;0;0;0;1;1;-18,0464096;-49,26830649;SPRF-GO;DEL03-GO;UOP01-DEL03-GO
656063;19/01/2025;domingo;15:08:00;SP;116;108;TAUBATE;Manobra de mudança de faixa;Colisão lateral mesmo sentido;Com Vítimas Feridas;Pleno dia;Crescente;Nublado;Dupla;Reta;Sim;3;0;2;0;1;0;2;2;-23,0233097;-45,53763622;SPRF-SP;DEL02-SP;UOP02-DEL02-SP
656064;19/01/2025;domingo;15:00:00;PI;316;199;VALENCA DO PIAUI;Reação tardia ou ineficiente do condutor;Queda de ocupante de veículo;Com Vítimas Feridas;Pleno dia;Decrescente;Garoa/Chuvisco;Simples;Reta;Não;1;0;0;1;0;0;1;1;-6,32041515;-41,83796517;SPRF-PI;DEL04-PI;UOP02-DEL04-PI
656065;19/01/2025;domingo;16:10:00;RN;110;111,5;AUGUSTO SEVERO;Pista Escorregadia;Capotamento;Com Vítimas Feridas;Pleno dia;Decrescente;Chuva;Simples;Curva;Não;1;0;1;0;0;0;1;1;-5,725418;-37,301548;SPRF-RN;DEL04-RN;UOP01-DEL04-RN
656066;19/01/2025;domingo;15:55:00;SC;470;139;RIO DO SUL;Ingestão de álcool pelo condutor;Tombamento;Com Vítimas Feridas;Pleno dia;Decrescente;Céu Claro;Simples;Reta;Sim;1;0;1;0;0;0;1;1;-27,217564;-49,65461;SPRF-SC;DEL04-SC;UOP02-DEL04-SC
656067;19/01/2025;domingo;15:00:00;MG;381;908;CAMBUI;Velocidade Incompatível;Saída de leito carroçável;Com Vítimas Feridas;Pleno dia;Decrescente;Chuva;Dupla;"Curva;Declive";Não;4;0;1;1;2;0;2;1;-22,71744092;-46,12652111;SPRF-MG;DEL16-MG;UOP03-DEL16-MG
656068;19/01/2025;domingo;16:20:00;RS;290;144,4;ELDORADO DO SUL;Reação tardia ou ineficiente do condutor;Colisão frontal;Com Vítimas Feridas;Pleno dia;Crescente;Sol;Simples;Reta;Não;5;0;3;2;0;0;5;2;-30,096939;-51,647282;SPRF-RS;DEL02-RS;UOP01-DEL02-RS
656069;19/01/2025;domingo;16:45:00;RS;290;1;OSORIO;Reação tardia ou ineficiente do condutor;Colisão traseira;Sem Vítimas;Pleno dia;Crescente;Céu Claro;Múltipla;Reta;Não;2;0;0;0;2;0;0;2;-29,894957;-50,286026;SPRF-RS;DEL03-RS;UOP01-DEL03-RS
656070;19/01/2025;domingo;16:40:00;PB;101;42,4;MAMANGUAPE;Demais falhas mecânicas ou elétricas;Colisão lateral mesmo sentido;Com Vítimas Feridas;Pleno dia;Decrescente;Céu Claro;Dupla;Reta;Não;3;0;3;0;0;0;3;2;-6,856615;-35,13444297;SPRF-PB;DEL01-PB;UOP03-DEL01-PB
656073;19/01/2025;domingo;14:15:00;PR;376;445,3;TIBAGI;Chuva;Saída de leito carroçável;Com Vítimas Feridas;Pleno dia;Crescente;Chuva;Dupla;"Curva;Declive";Não;3;0;3;0;0;0;3;1;-24,84947954;-50,47309757;SPRF-PR;DEL03-PR;UOP02-DEL03-PR
656075;19/01/2025;domingo;16:31:00;PE;104;68;CARUARU;Ausência de reação do condutor;Colisão traseira;Com Vítimas Feridas;Pleno dia;Crescente;Céu Claro;Dupla;Reta;Sim;2;0;1;0;1;0;1;2;-8,3107;-35,9904;SPRF-PE;DEL02-PE;UOP01-DEL02-PE
656076;19/01/2025;domingo;17:00:00;MG;381;505;BETIM;Ausência de reação do condutor;Engavetamento;Com Vítimas Feridas;Pleno dia;Decrescente;Céu Claro;Dupla;"Aclive;Reta";Não;5;0;1;0;4;0;1;4;-20,04478441;-44,27276484;SPRF-MG;DEL01-MG;UOP03-DEL01-MG
656077;19/01/2025;domingo;16:55:00;MA;10;259;IMPERATRIZ;Ingestão de álcool pelo condutor;Tombamento;Com Vítimas Feridas;Pleno dia;Crescente;Céu Claro;Simples;"Reta;Declive";Sim;1;0;0;1;0;0;1;1;-5,472474;-47,472221;SPRF-MA;DEL04-MA;UOP01-DEL04-MA
656079;19/01/2025;domingo;15:30:00;MG;381;924,8;CAMANDUCAIA;Velocidade Incompatível;Colisão com objeto;Com Vítimas Feridas;Pleno dia;Crescente;Chuva;Dupla;Curva;Não;4;0;4;0;0;0;4;1;-22,77050246;-46,23490598;SPRF-MG;DEL16-MG;UOP03-DEL16-MG
656081;19/01/2025;domingo;17:10:00;RJ;101;427;MANGARATIBA;Transitar no Acostamento;Colisão transversal;Com Vítimas Feridas;Pleno dia;Decrescente;Céu Claro;Dupla;"Retorno Regulamentado;Interseção de Vias;Reta;Rotatória";Não;4;0;1;0;3;0;1;3;-22,93154625;-43,98133788;SPRF-RJ;DEL03-RJ;UOP02-DEL03-RJ
656082;19/01/2025;domingo;17:00:00;RJ;40;25;TRES RIOS;Velocidade Incompatível;Colisão com objeto;Com Vítimas Feridas;Pleno dia;Crescente;Céu Claro;Dupla;"Reta;Declive";Sim;3;0;2;0;1;0;2;2;-22,14680002;-43,15810757;SPRF-RJ;DEL05-RJ;UOP02-DEL05-RJ
656083;19/01/2025;domingo;13:00:00;SC;470;115;IBIRAMA;Reação tardia ou ineficiente do condutor;Queda de ocupante de veículo;Com Vítimas Feridas;Pleno dia;Decrescente;Céu Claro;Simples;Curva;Não;1;0;1;0;0;0;1;1;-27,086386;-49,478001;SPRF-SC;DEL04-SC;UOP02-DEL04-SC
656084;19/01/2025;domingo;17:12:00;PB;230;23,1;JOAO PESSOA;Trafegar com motocicleta (ou similar) entre as faixas;Colisão traseira;Com Vítimas Feridas;Anoitecer;Crescente;Nublado;Dupla;Reta;Sim;2;0;0;2;0;0;2;2;-7,1577916;-34,8583138;SPRF-PB;DEL01-PB;UOP01-DEL01-PB
656085;19/01/2025;domingo;17:59:00;PB;101;89,7;JOAO PESSOA;Ingestão de álcool pelo condutor;Colisão lateral mesmo sentido;Com Vítimas Feridas;Plena Noite;Crescente;Céu Claro;Dupla;Reta;Sim;3;0;0;1;2;0;1;2;-7,1710694;-34,89765372;SPRF-PB;DEL01-PB;UOP01-DEL01-PB
656086;19/01/2025;domingo;15:10:00;SC;280;166,7;MAFRA;Ausência de reação do condutor;Colisão traseira;Com Vítimas Feridas;Pleno dia;Crescente;Céu Claro;Simples;Reta;Não;4;0;2;0;2;0;2;1;-26,17713619;-49,81611416;SPRF-SC;DEL06-SC;UOP01-DEL06-SC
656088;19/01/2025;domingo;11:45:00;SC;280;133;RIO NEGRINHO;Demais falhas mecânicas ou elétricas;Incêndio;Sem Vítimas;Pleno dia;Crescente;Nublado;Simples;"Declive;Reta";Não;1;0;0;0;1;0;0;1;-26,268433;-49,555073;SPRF-SC;DEL06-SC;UOP03-DEL06-SC
656089;19/01/2025;domingo;17:30:00;GO;40;12;LUZIANIA;Chuva;Eventos atípicos;Com Vítimas Feridas;Pleno dia;Decrescente;Chuva;Dupla;Reta;Sim;2;0;1;0;1;0;1;2;-16,145123;-47,945382;SPRF-DF;DEL01-DF;UOP01-DEL01-DF
656092;19/01/2025;domingo;17:48:00;PE;101;49;ABREU E LIMA;Reação tardia ou ineficiente do condutor;Colisão traseira;Sem Vítimas;Plena Noite;Crescente;Céu Claro;Múltipla;"Declive;Reta";Sim;2;0;0;0;2;0;0;2;-7,9005152;-34,90180641;SPRF-PE;DEL01-PE;UOP02-DEL01-PE
656093;19/01/2025;domingo;17:45:00;MG;40;644,9;CONSELHEIRO LAFAIETE;Velocidade Incompatível;Saída de leito carroçável;Com Vítimas Feridas;Pleno dia;Crescente;Céu Claro;Simples;Reta;Não;2;0;1;1;0;0;2;1;-20,77352989;-43,80923618;SPRF-MG;DEL05-MG;UOP02-DEL05-MG
656095;19/01/2025;domingo;17:50:00;RJ;356;171;SAO JOAO DA BARRA;Ausência de reação do condutor;Colisão traseira;Com Vítimas Feridas;Anoitecer;Crescente;Céu Claro;Simples;Reta;Sim;7;0;1;0;6;0;1;2;-21,71837554;-41,069719;SPRF-RJ;DEL08-RJ;UOP02-DEL08-RJ
656096;19/01/2025;domingo;17:15:00;MG;50;172;UBERABA;Ingestão de álcool pelo condutor;Saída de leito carroçável;Com Vítimas Feridas;Pleno dia;Crescente;Céu Claro;Simples;"Aclive;Interseção de Vias";Sim;1;0;1;0;0;0;1;1;-19,75402507;-47,98051917;SPRF-MG;DEL13-MG;UOP01-DEL13-MG