id;data_inversa;dia_semana;horario;uf;br;km;municipio;causa_acidente;tipo_acidente;classificacao_acidente;fase_dia;sentido_via;condicao_metereologica;tipo_pista;tracado_via;uso_solo;pessoas;mortos;feridos_leves;feridos_graves;ilesos;ignorados;feridos;veiculos;latitude;longitude;regional;delegacia;uop
656097;19/01/2025;domingo;14:05:00;BA;367;30;PORTO SEGURO;Acessar a via sem observar a presença dos outros veículos;Colisão transversal;Com Vítimas Feridas;Pleno dia;Crescente;Céu Claro;Simples;Interseção de Vias;Não;2;0;0;1;1;0;1;2;-16,41558116;-39,12658393;SPRF-BA;DEL09-BA;UOP03-DEL09-BA
656098;19/01/2025;domingo;15:40:00;RJ;116;261;PINHEIRAL;Ausência de reação do condutor;Saída de leito carroçável;Com Vítimas Feridas;Pleno dia;Decrescente;Garoa/Chuvisco;Dupla;Reta;Não;2;0;2;0;0;0;2;1;-22,58476877;-44,05026905;SPRF-RJ;DEL07-RJ;UOP02-DEL07-RJ
656099;19/01/2025;domingo;18:00:00;ES;101;357,9;ANCHIETA;Reação tardia ou ineficiente do condutor;Colisão traseira;Com Vítimas Feridas;Anoitecer;Crescente;Céu Claro;Dupla;"Reta;Aclive";Não;3;0;1;0;2;0;1;2;-20,691717;-40,704254;SPRF-ES;DEL03-ES;UOP01-DEL03-ES
656100;19/01/2025;domingo;18:00:00;PI;343;345;TERESINA;Reação tardia ou ineficiente do condutor;Colisão traseira;Com Vítimas Feridas;Plena Noite;Crescente;Ignorado;Simples;Reta;Sim;2;0;1;0;1;0;1;2;-5,102889;-42,766506;SPRF-PI;DEL01-PI;UOP01-DEL01-PI
656101;03/01/2025;sexta-feira;19:15:00;BA;324;592;CANDEIAS;Reação tardia ou ineficiente do condutor;Colisão lateral mesmo sentido;Com Vítimas Feridas;Plena Noite;Crescente;Céu Claro;Dupla;Reta;Não;2;0;2;0;0;0;2;2;-12,69021804;-38,46568118;SPRF-BA;DEL01-BA;UOP01-DEL01-BA
656102;19/01/2025;domingo;17:45:00;RS;470;160;NOVA PRATA;Ausência de reação do condutor;Colisão lateral mesmo sentido;Sem Vítimas;Pleno dia;Crescente;Céu Claro;Simples;"Retorno Regulamentado;Reta";Não;5;0;0;0;5;0;0;2;-28,81066741;-51,60061401;SPRF-RS;DEL06-RS;UOP02-DEL06-RS
656103;19/01/2025;domingo;17:30:00;AL;101;129;SAO MIGUEL DOS CAMPOS;Ausência de reação do condutor;Colisão traseira;Com Vítimas Feridas;Anoitecer;Crescente;Céu Claro;Dupla;Reta;Não;2;0;1;0;1;0;1;2;-9,76239395;-36,07240677;SPRF-AL;DEL02-AL;UOP01-DEL02-AL
656104;19/01/2025;domingo;15:50:00;MG;267;122;JUIZ DE FORA;Acessar a via sem observar a presença dos outros veículos;Colisão lateral mesmo sentido;Com Vítimas Feridas;Pleno dia;Decrescente;Chuva;Simples;Reta;Não;3;0;3;0;0;0;3;2;-21,71024166;-43,49328265;SPRF-MG;DEL05-MG;UOP01-DEL05-MG
656105;19/01/2025;domingo;18:28:00;PE;232;5;RECIFE;Ausência de reação do condutor;Colisão traseira;Com Vítimas Feridas;Anoitecer;Decrescente;Céu Claro;Dupla;Reta;Sim;3;0;2;0;1;0;2;2;-8,06795766;-34,94535414;SPRF-PE;DEL01-PE;UOP01-DEL01-PE
656106;19/01/2025;domingo;16:15:00;RS;290;176,9;BUTIA;Acessar a via sem observar a presença dos outros veículos;Colisão transversal;Com Vítimas Feridas;Pleno dia;Crescente;Sol;Simples;Interseção de Vias;Sim;5;0;4;0;1;0;4;2;-30,131086;-51,972031;SPRF-RS;DEL02-RS;UOP03-DEL02-RS
656107;19/01/2025;domingo;13:30:00;RJ;465;15;SEROPEDICA;Trafegar com motocicleta (ou similar) entre as faixas;Colisão transversal;Com Vítimas Feridas;Pleno dia;Decrescente;Céu Claro;Simples;Reta;Sim;2;0;2;0;0;0;2;2;-22,810925;-43,631504;SPRF-RJ;DEL06-RJ;UOP02-DEL06-RJ
656108;19/01/2025;domingo;19:20:00;SC;282;16;PALHOCA;Acessar a via sem observar a presença dos outros veículos;Colisão transversal;Com Vítimas Feridas;Plena Noite;Crescente;Nublado;Simples;Reta;Sim;2;0;1;0;1;0;1;2;-27,658611;-48,681847;SPRF-SC;DEL01-SC;UOP02-DEL01-SC
656110;19/01/2025;domingo;16:08:00;PR;369;453;CORBELIA;Demais falhas mecânicas ou elétricas;Saída de leito carroçável;Com Vítimas Feridas;Pleno dia;Crescente;Céu Claro;Simples;"Aclive;Reta";Não;5;0;5;0;0;0;5;1;-24,5828031;-53,1672902;SPRF-PR;DEL04-PR;UOP03-DEL04-PR
656111;19/01/2025;domingo;18:00:00;MS;163;372,5;NOVA ALVORADA DO SUL;Ingestão de álcool pelo condutor;Saída de leito carroçável;Sem Vítimas;Anoitecer;Decrescente;Nublado;Dupla;Reta;Não;2;0;0;0;0;2;0;1;-21,40851284;-54,39788682;SPRF-MS;DEL02-MS;UOP01-DEL02-MS
656112;19/01/2025;domingo;19:50:00;GO;60;11;SANTO ANTONIO DO DESCOBERTO;Ingestão de álcool pelo condutor;Colisão lateral mesmo sentido;Sem Vítimas;Plena Noite;Decrescente;Céu Claro;Dupla;Reta;Não;4;0;0;0;4;0;0;2;-16,11617686;-48,32330704;SPRF-DF;DEL03-DF;UOP01-DEL03-DF
656113;19/01/2025;domingo;17:45:00;SC;116;173,5;SAO CRISTOVAO DO SUL;Avarias e/ou desgaste excessivo no pneu;Capotamento;Sem Vítimas;Pleno dia;Crescente;Chuva;Simples;Curva;Não;1;0;0;0;1;0;0;1;-27,21941717;-50,46323405;SPRF-SC;DEL05-SC;UOP03-DEL05-SC
656114;19/01/2025;domingo;19:00:00;RO;364;710;PORTO VELHO;Pedestre - Ingestão de álcool/ substâncias psicoativas;Queda de ocupante de veículo;Com Vítimas Feridas;Plena Noite;Crescente;Céu Claro;Múltipla;Reta;Sim;1;0;0;1;0;0;1;1;-8,78621576;-63,85712687;SPRF-RO;DEL01-RO;UOP01-DEL01-RO
656115;19/01/2025;domingo;18:54:00;ES;101;274,4;SERRA;Demais falhas mecânicas ou elétricas;Incêndio;Sem Vítimas;Plena Noite;Decrescente;Céu Claro;Simples;Reta;Não;1;0;0;0;1;0;0;1;-20,21288515;-40,29612219;SPRF-ES;DEL02-ES;UOP01-DEL02-ES
656116;19/01/2025;domingo;20:20:00;SC;282;5,6;SAO JOSE;Velocidade Incompatível;Tombamento;Com Vítimas Feridas;Plena Noite;Crescente;Chuva;Múltipla;"Curva;Declive";Não;3;0;2;0;1;0;2;3;-27,588425;-48,612919;SPRF-SC;DEL01-SC;UOP01-DEL01-SC
656117;19/01/2025;domingo;18:00:00;MG;262;769;UBERABA;Reação tardia ou ineficiente do condutor;Saída de leito carroçável;Sem Vítimas;Anoitecer;Decrescente;Céu Claro;Simples;Reta;Não;1;0;0;0;1;0;0;1;-19,68962491;-47,6839242;SPRF-MG;DEL13-MG;UOP01-DEL13-MG
656118;19/01/2025;domingo;19:20:00;MA;135;18;SAO LUIS;Entrada inopinada do pedestre;Atropelamento de Pedestre;Com Vítimas Feridas;Plena Noite;Crescente;Céu Claro;Simples;"Curva;Aclive";Não;5;0;0;1;2;2;1;2;-2,53073;-44,3068;SPRF-MA;DEL01-MA;UOP01-DEL01-MA
656120;19/01/2025;domingo;20:25:00;SE;235;112;CARIRA;Ingestão de álcool pelo condutor;Colisão traseira;Sem Vítimas;Plena Noite;Crescente;Céu Claro;Simples;Reta;Não;3;0;0;0;1;2;0;3;-10,33242;-37,724377;SPRF-SE;DEL01-SE;UOP02-DEL01-SE
656122;19/01/2025;domingo;19:00:00;PI;343;23;PARNAIBA;Pedestre andava na pista;Atropelamento de Pedestre;Com Vítimas Fatais;Plena Noite;Crescente;Garoa/Chuvisco;Simples;Reta;Sim;2;1;0;0;0;1;0;2;-3,007861;-41,767223;SPRF-PI;DEL05-PI;UOP01-DEL05-PI
656123;19/01/2025;domingo;19:40:00;AL;316;230,9;ATALAIA;Pedestre andava na pista;Atropelamento de Pedestre;Com Vítimas Fatais;Plena Noite;Crescente;Nublado;Simples;Reta;Não;2;1;1;0;0;0;1;2;-9,49432498;-36,118797;SPRF-AL;DEL01-AL;UOP01-DEL01-AL
656124;19/01/2025;domingo;20:15:00;SP;116;225,9;GUARULHOS;Manobra de mudança de faixa;Colisão lateral mesmo sentido;Com Vítimas Feridas;Plena Noite;Decrescente;Nublado;Múltipla;"Reta;Em Obras";Sim;2;0;0;1;1;0;1;2;-23,48586772;-46,54075317;SPRF-SP;DEL01-SP;UOP01-DEL01-SP
656125;19/01/2025;domingo;08:00:00;SC;101;126;ITAJAI;Reação tardia ou ineficiente do condutor;Saída de leito carroçável;Com Vítimas Feridas;Pleno dia;Crescente;Nublado;Dupla;Curva;Não;1;0;1;0;0;0;1;1;-26,95564404;-48,67978366;SPRF-SC;DEL04-SC;UOP04-DEL04-SC
656126;19/01/2025;domingo;21:00:00;RN;304;284;MACAIBA;Estacionar ou parar em local proibido;Colisão traseira;Com Vítimas Feridas;Plena Noite;Decrescente;Céu Claro;Dupla;"Reta;Viaduto";Não;2;0;0;1;1;0;1;2;-5,87912197;-35,45510001;SPRF-RN;DEL01-RN;UOP02-DEL01-RN
656127;19/01/2025;domingo;16:20:00;RO;364;704;PORTO VELHO;Ausência de reação do condutor;Queda de ocupante de veículo;Com Vítimas Feridas;Pleno dia;Crescente;Céu Claro;Dupla;Reta;Não;2;0;1;0;1;0;1;1;-8,80032739;-63,804543;SPRF-RO;DEL01-RO;UOP01-DEL01-RO
656128;19/01/2025;domingo;19:55:00;BA;116;672;JEQUIE;Ingestão de álcool pelo condutor;Colisão traseira;Com Vítimas Feridas;Plena Noite;Decrescente;Céu Claro;Simples;Reta;Sim;3;0;2;0;0;1;2;2;-13,79970305;-40,11130458;SPRF-BA;DEL03-BA;UOP01-DEL03-BA
656129;19/01/2025;domingo;16:40:00;RJ;40;101;DUQUE DE CAXIAS;Ausência de reação do condutor;Colisão com objeto;Com Vítimas Feridas;Pleno dia;Crescente;Nublado;Dupla;Reta;Não;2;0;1;1;0;0;2;1;-22,60246485;-43,28380739;SPRF-RJ;DEL01-RJ;UOP01-DEL01-RJ
656130;19/01/2025;domingo;21:00:00;SC;280;67,2;JARAGUA DO SUL;Desrespeitar a preferência no cruzamento;Colisão transversal;Com Vítimas Feridas;Plena Noite;Crescente;Nublado;Simples;Interseção de Vias;Sim;2;0;1;1;0;0;2;2;-26,4775146;-49,10363575;SPRF-SC;DEL03-SC;UOP03-DEL03-SC
656131;19/01/2025;domingo;20:45:00;RS;470;220;BENTO GONCALVES;Acessar a via sem observar a presença dos outros veículos;Colisão transversal;Com Vítimas Feridas;Plena Noite;Crescente;Nublado;Dupla;Reta;Sim;6;0;4;0;2;0;4;2;-29,18739172;-51,52056521;SPRF-RS;DEL06-RS;UOP01-DEL06-RS
656132;19/01/2025;domingo;20:10:00;BA;367;79,7;EUNAPOLIS;Reação tardia ou ineficiente do condutor;Saída de leito carroçável;Com Vítimas Feridas;Plena Noite;Crescente;Céu Claro;Simples;Curva;Não;1;0;1;0;0;0;1;1;-16,36747588;-39,53590602;SPRF-BA;DEL09-BA;UOP03-DEL09-BA
656133;19/01/2025;domingo;18:30:00;PE;316;11,5;ARARIPINA;Ingestão de álcool pelo condutor;Colisão transversal;Sem Vítimas;Plena Noite;Crescente;Nublado;Simples;Reta;Sim;2;0;0;0;1;1;0;2;-7,49666371;-40,5842486;SPRF-PE;DEL05-PE;UOP02-DEL05-PE
656134;19/01/2025;domingo;19:55:00;MG;262;22,1;REDUTO;Problema com o freio;Saída de leito carroçável;Com Vítimas Fatais;Plena Noite;Crescente;Céu Claro;Simples;"Curva;Declive";Não;5;2;0;3;0;0;3;1;-20,24575292;-41,92502101;SPRF-MG;DEL06-MG;UOP03-DEL06-MG
656135;19/01/2025;domingo;16:15:00;MS;376;13;DOURADOS;Reação tardia ou ineficiente do condutor;Colisão traseira;Com Vítimas Feridas;Pleno dia;Crescente;Céu Claro;Simples;Reta;Não;8;0;1;0;7;0;1;2;-22,28313614;-54,61405715;SPRF-MS;DEL04-MS;UOP01-DEL04-MS
656137;19/01/2025;domingo;22:16:00;SC;282;5,1;SAO JOSE;Velocidade Incompatível;Colisão com objeto;Com Vítimas Feridas;Plena Noite;Decrescente;Chuva;Múltipla;Curva;Sim;1;0;1;0;0;0;1;1;-27,588425;-48,612919;SPRF-SC;DEL01-SC;UOP01-DEL01-SC
656138;19/01/2025;domingo;18:00:00;RS;392;196;SANTANA DA BOA VISTA;Reação tardia ou ineficiente do condutor;Saída de leito carroçável;Com Vítimas Feridas;Pleno dia;Decrescente;Chuva;Simples;Curva;Não;2;0;2;0;0;0;2;1;-30,89678807;-53,11510534;SPRF-RS;DEL09-RS;UOP02-DEL09-RS
656139;19/01/2025;domingo;20:10:00;SC;101;442,5;SANTA ROSA DO SUL;Reação tardia ou ineficiente do condutor;Atropelamento de Pedestre;Com Vítimas Feridas;Plena Noite;Crescente;Nublado;Múltipla;Reta;Sim;9;0;0;6;3;0;6;2;-29,132667;-49,699306;SPRF-SC;DEL02-SC;UOP02-DEL02-SC
656140;19/01/2025;domingo;21:20:00;RJ;393;248,1;BARRA DO PIRAI;Ausência de reação do condutor;Saída de leito carroçável;Com Vítimas Feridas;Plena Noite;Crescente;Céu Claro;Simples;Reta;Sim;1;0;1;0;0;0;1;1;-22,434778;-43,776766;SPRF-RJ;DEL05-RJ;UOP04-DEL05-RJ
656143;19/01/2025;domingo;19:30:00;PB;405;5,5;UIRAUNA;Transitar na contramão;Colisão frontal;Com Vítimas Feridas;Plena Noite;Decrescente;Céu Claro;Simples;Curva;Não;5;0;1;0;4;0;1;2;-6,494732;-38,394413;SPRF-PB;DEL03-PB;UOP03-DEL03-PB
656144;19/01/2025;domingo;20:45:00;MT;364;402;CUIABA;Entrada inopinada do pedestre;Atropelamento de Pedestre;Com Vítimas Fatais;Plena Noite;Decrescente;Céu Claro;Dupla;Reta;Sim;2;1;1;0;0;0;1;2;-15,66855019;-55,95476508;SPRF-MT;DEL01-MT;UOP02-DEL01-MT
656145;19/01/2025;domingo;18:20:00;PI;230;194,7;OEIRAS;Ausência de reação do condutor;Colisão frontal;Sem Vítimas;Plena Noite;Crescente;Chuva;Simples;"Retorno Regulamentado;Reta";Sim;2;0;0;0;1;1;0;2;-6,99465451;-42,10490528;SPRF-PI;DEL04-PI;UOP01-DEL04-PI
656146;19/01/2025;domingo;23:00:00;SP;381;90;GUARULHOS;Reação tardia ou ineficiente do condutor;Colisão traseira;Com Vítimas Feridas;Plena Noite;Decrescente;Céu Claro;Dupla;Reta;Sim;6;0;5;0;1;0;5;2;-23,49479479;-46,55959864;SPRF-SP;DEL03-SP;UOP01-DEL03-SP
656147;19/01/2025;domingo;21:20:00;RJ;116;293,3;BARRA MANSA;Animais na Pista;Atropelamento de Animal;Com Vítimas Feridas;Plena Noite;Decrescente;Nublado;Dupla;Reta;Não;1;0;1;0;0;0;1;1;-22,45745983;-44,29161274;SPRF-RJ;DEL07-RJ;UOP02-DEL07-RJ
656148;20/01/2025;segunda-feira;00:10:00;ES;101;356,7;ANCHIETA;Entrada inopinada do pedestre;Atropelamento de Pedestre;Com Vítimas Fatais;Plena Noite;Decrescente;Céu Claro;Dupla;Reta;Não;2;1;0;0;0;1;0;2;-20,69339794;-40,68748402;SPRF-ES;DEL03-ES;UOP01-DEL03-ES
656149;19/01/2025;domingo;22:57:00;RS;290;108;ELDORADO DO SUL;Ingestão de álcool pelo condutor;Colisão lateral mesmo sentido;Sem Vítimas;Plena Noite;Crescente;Chuva;Dupla;Reta;Sim;4;0;0;0;3;1;0;3;-30,006546;-51,312927;SPRF-RS;DEL02-RS;UOP01-DEL02-RS
656151;19/01/2025;domingo;23:00:00;SC;470;24;ILHOTA;Ausência de reação do condutor;Saída de leito carroçável;Sem Vítimas;Plena Noite;Decrescente;Garoa/Chuvisco;Dupla;Reta;Não;1;0;0;0;0;1;0;1;-26,881754;-48,856251;SPRF-SC;DEL04-SC;UOP04-DEL04-SC
656152;19/01/2025;domingo;23:30:00;RO;364;422,8;JARU;Iluminação deficiente;Saída de leito carroçável;Com Vítimas Feridas;Plena Noite;Crescente;Chuva;Dupla;"Aclive;Em Obras";Não;1;0;1;0;0;0;1;1;-10,4597532;-62,4558043;SPRF-RO;DEL03-RO;UOP02-DEL03-RO
656154;20/01/2025;segunda-feira;00:30:00;PR;373;245,1;GUAMIRANGA;Ingestão de álcool pelo condutor;Atropelamento de Pedestre;Com Vítimas Fatais;Plena Noite;Crescente;Garoa/Chuvisco;Simples;Reta;Não;3;1;0;0;2;0;0;2;-25,186477;-50,805193;SPRF-PR;DEL03-PR;UOP01-DEL03-PR
656155;19/01/2025;domingo;23:15:00;PB;104;182,1;ALCANTIL;Condutor Dormindo;Saída de leito carroçável;Com Vítimas Feridas;Plena Noite;Crescente;Nublado;Simples;"Reta;Aclive";Não;1;0;1;0;0;0;1;1;-7,652095;-36,078718;SPRF-PB;DEL02-PB;UOP03-DEL02-PB
656157;20/01/2025;segunda-feira;01:30:00;GO;153;494;GOIANIA;Ingestão de álcool pelo condutor;Colisão com objeto;Com Vítimas Feridas;Plena Noite;Crescente;Céu Claro;Simples;"Declive;Reta";Sim;1;0;1;0;0;0;1;1;-16,6614;-49,2218;SPRF-GO;DEL01-GO;UOP01-DEL01-GO
656158;20/01/2025;segunda-feira;01:35:00;SP;116;38,2;CACHOEIRA PAULISTA;Condutor Dormindo;Colisão com objeto;Com Vítimas Feridas;Plena Noite;Crescente;Nublado;Múltipla;Curva;Não;1;0;0;1;0;0;1;1;-22,67026579;-44,99183604;SPRF-SP;DEL08-SP;UOP02-DEL08-SP
656159;19/01/2025;domingo;23:39:00;MT;163;831,5;SINOP;Ausência de reação do condutor;Colisão com objeto;Sem Vítimas;Plena Noite;Decrescente;Nublado;Dupla;Retorno Regulamentado;Sim;1;0;0;0;0;1;0;1;-11,89214;-55,50341;SPRF-MT;DEL06-MT;UOP02-DEL06-MT
656161;20/01/2025;segunda-feira;01:00:00;MT;163;1028;PEIXOTO DE AZEVEDO;Animais na Pista;Atropelamento de Animal;Com Vítimas Feridas;Pleno dia;Crescente;Ignorado;Simples;"Reta;Aclive";Sim;4;0;1;0;3;0;1;1;-10,25377624;-54,99652863;SPRF-MT;DEL06-MT;UOP03-DEL06-MT
656162;20/01/2025;segunda-feira;02:58:00;GO;153;359;JARAGUA;Reação tardia ou ineficiente do condutor;Saída de leito carroçável;Com Vítimas Feridas;Plena Noite;Crescente;Céu Claro;Simples;Reta;Não;1;0;1;0;0;0;1;1;-15,742197;-49,320297;SPRF-GO;DEL02-GO;UOP02-DEL02-GO
656164;19/01/2025;domingo;22:50:00;SC;101;104;PENHA;Ingestão de álcool pelo condutor;Colisão com objeto;Sem Vítimas;Plena Noite;Decrescente;Nublado;Dupla;Reta;Sim;1;0;0;0;0;1;0;1;-26,79281742;-48,68080819;SPRF-SC;DEL03-SC;UOP02-DEL03-SC
656165;20/01/2025;segunda-feira;04:30:00;BA;242;758;CATOLANDIA;Animais na Pista;Atropelamento de Animal;Com Vítimas Feridas;Amanhecer;Crescente;Céu Claro;Simples;Reta;Não;1;0;1;0;0;0;1;1;-12,16402;-44,57349;SPRF-BA;DEL10-BA;UOP01-DEL10-BA
656166;20/01/2025;segunda-feira;05:00:00;MG;381;786;SAO GONCALO DO SAPUCAI;Ausência de reação do condutor;Saída de leito carroçável;Sem Vítimas;Amanhecer;Decrescente;Céu Claro;Dupla;"Declive;Reta";Não;1;0;0;0;1;0;0;1;-21,89171107;-45,54839084;SPRF-MG;DEL16-MG;UOP02-DEL16-MG
656170;20/01/2025;segunda-feira;05:51:00;ES;262;18;VIANA;Pedestre cruzava a pista fora da faixa;Atropelamento de Pedestre;Com Vítimas Feridas;Pleno dia;Decrescente;Sol;Simples;Reta;Sim;2;0;1;0;1;0;1;2;-20,39137228;-40,48080285;SPRF-ES;DEL01-ES;UOP01-DEL01-ES
656173;20/01/2025;segunda-feira;06:40:00;SC;101;207;SAO JOSE;Reação tardia ou ineficiente do condutor;Colisão traseira;Com Vítimas Feridas;Pleno dia;Decrescente;Céu Claro;Dupla;"Curva;Declive";Não;2;0;2;0;0;0;2;2;-27,60001226;-48,6226467;SPRF-SC;DEL01-SC;UOP01-DEL01-SC
656175;15/01/2025;quarta-feira;18:30:00;PR;163;257,5;TOLEDO;Ausência de reação do condutor;Colisão com objeto;Sem Vítimas;Pleno dia;Decrescente;Céu Claro;Dupla;Reta;Não;1;0;0;0;1;0;0;1;-24,67651077;-53,79458787;SPRF-PR;DEL06-PR;UOP02-DEL06-PR
656177;20/01/2025;segunda-feira;05:00:00;PR;376;621,1;SAO JOSE DOS PINHAIS;Reação tardia ou ineficiente do condutor;Colisão com objeto;Com Vítimas Feridas;Amanhecer;Crescente;Céu Claro;Múltipla;"Reta;Declive;Interseção de Vias";Não;3;0;2;1;0;0;3;2;-25,61783292;-49,1690968;SPRF-PR;DEL01-PR;UOP04-DEL01-PR
656178;19/01/2025;domingo;23:10:00;SP;116;64,7;GUARATINGUETA;Pedestre cruzava a pista fora da faixa;Atropelamento de Pedestre;Com Vítimas Feridas;Plena Noite;Crescente;Céu Claro;Dupla;Reta;Não;2;0;2;0;0;0;2;2;-22,81942006;-45,18421298;SPRF-SP;DEL08-SP;UOP01-DEL08-SP
656179;20/01/2025;segunda-feira;01:00:00;MT;70;706,8;CACERES;Velocidade Incompatível;Saída de leito carroçável;Sem Vítimas;Plena Noite;Decrescente;Chuva;Simples;Curva;Não;1;0;0;0;1;0;0;1;-16,24017;-57,56429;SPRF-MT;DEL03-MT;UOP01-DEL03-MT
656180;19/01/2025;domingo;19:30:00;RJ;40;103;DUQUE DE CAXIAS;Ingestão de álcool pelo condutor;Colisão traseira;Com Vítimas Feridas;Plena Noite;Crescente;Céu Claro;Múltipla;Reta;Sim;2;0;0;1;1;0;1;2;-22,62009;-43,286922;SPRF-RJ;DEL01-RJ;UOP02-DEL01-RJ
656182;20/01/2025;segunda-feira;01:00:00;PR;277;155;PALMEIRA;Reação tardia ou ineficiente do condutor;Saída de leito carroçável;Com Vítimas Feridas;Plena Noite;Crescente;Chuva;Simples;Reta;Não;2;0;2;0;0;0;2;1;-25,4719;-49,8057;SPRF-PR;DEL03-PR;UOP03-DEL03-PR
656183;20/01/2025;segunda-feira;07:05:00;PE;101;75,3;RECIFE;Condutor deixou de manter distância do veículo da frente;Engavetamento;Sem Vítimas;Pleno dia;Decrescente;Sol;Dupla;Reta;Sim;3;0;0;0;2;1;0;3;-8,10973523;-34,94660151;SPRF-PE;DEL01-PE;UOP01-DEL01-PE
656184;20/01/2025;segunda-feira;08:00:00;RJ;116;181;NOVA IGUACU;Trafegar com motocicleta (ou similar) entre as faixas;Colisão traseira;Com Vítimas Feridas;Pleno dia;Crescente;Céu Claro;Dupla;Reta;Sim;2;0;0;1;1;0;1;2;-22,761312;-43,423492;SPRF-RJ;DEL06-RJ;UOP01-DEL06-RJ
656185;20/01/2025;segunda-feira;08:00:00;RS;290;95;PORTO ALEGRE;Acessar a via sem observar a presença dos outros veículos;Colisão transversal;Com Vítimas Feridas;Pleno dia;Crescente;Nublado;Dupla;Reta;Não;2;0;1;0;1;0;1;2;-29,9836977;-51,20226502;SPRF-RS;DEL01-RS;UOP01-DEL01-RS
656189;20/01/2025;segunda-feira;06:30:00;AL;101;97;PILAR;Reação tardia ou ineficiente do condutor;Colisão traseira;Com Vítimas Feridas;Pleno dia;Decrescente;Céu Claro;Dupla;Aclive;Não;4;0;3;0;1;0;3;2;-9,53449091;-35,95070517;SPRF-AL;DEL01-AL;UOP01-DEL01-AL
656191;20/01/2025;segunda-feira;08:20:00;MG;381;889,8;CAMBUI;Manobra de mudança de faixa;Colisão traseira;Com Vítimas Feridas;Pleno dia;Crescente;Sol;Dupla;Reta;Não;3;0;1;0;2;0;1;2;-22,57874206;-46,04473491;SPRF-MG;DEL16-MG;UOP01-DEL16-MG
656193;19/01/2025;domingo;20:00:00;RJ;40;108;DUQUE DE CAXIAS;Reação tardia ou ineficiente do condutor;Colisão com objeto;Sem Vítimas;Plena Noite;Decrescente;Chuva;Simples;Curva;Não;1;0;0;0;0;1;0;1;-22,66476979;-43,28495144;SPRF-RJ;DEL01-RJ;UOP02-DEL01-RJ
656195;20/01/2025;segunda-feira;07:30:00;RS;116;113;SAO MARCOS;Conversão proibida;Colisão traseira;Com Vítimas Feridas;Pleno dia;Decrescente;Nublado;Simples;Reta;Não;2;0;1;0;1;0;1;2;-28,95667906;-51,08016019;SPRF-RS;DEL05-RS;UOP01-DEL05-RS
656196;20/01/2025;segunda-feira;08:45:00;RS;290;19;SANTO ANTONIO DA PATRULHA;Ausência de reação do condutor;Colisão traseira;Com Vítimas Feridas;Pleno dia;Crescente;Nublado;Múltipla;Reta;Não;7;0;1;0;6;0;1;2;-29,88553684;-50,4483819;SPRF-RS;DEL03-RS;UOP01-DEL03-RS
656197;20/01/2025;segunda-feira;08:30:00;AL;104;46;BRANQUINHA;Condutor deixou de manter distância do veículo da frente;Colisão traseira;Com Vítimas Feridas;Pleno dia;Crescente;Sol;Simples;"Reta;Aclive";Sim;3;0;0;2;1;0;2;2;-9,24110114;-36,01331702;SPRF-AL;DEL01-AL;UOP02-DEL01-AL
656198;20/01/2025;segunda-feira;08:28:00;DF;70;7,4;BRASILIA;Acessar a via sem observar a presença dos outros veículos;Atropelamento de Pedestre;Com Vítimas Feridas;Pleno dia;Decrescente;Céu Claro;Dupla;Reta;Sim;3;0;1;0;2;0;1;3;-15,787601;-48,114429;SPRF-DF;DEL03-DF;UOP02-DEL03-DF
656199;20/01/2025;segunda-feira;08:00:00;PR;116;44;CAMPINA GRANDE DO SUL;Reação tardia ou ineficiente do condutor;Colisão com objeto;Sem Vítimas;Pleno dia;Crescente;Nublado;Dupla;Curva;Não;1;0;0;0;1;0;0;1;-25,191265;-48,885173;SPRF-PR;DEL01-PR;UOP02-DEL01-PR
656200;20/01/2025;segunda-feira;09:00:00;RS;116;260;CANOAS;Frear bruscamente;Tombamento;Com Vítimas Feridas;Pleno dia;Crescente;Céu Claro;Dupla;"Reta;Em Obras";Sim;1;0;0;1;0;0;1;1;-29,879208;-51,18045622;SPRF-RS;DEL01-RS;UOP01-DEL01-RS
656201;20/01/2025;segunda-feira;09:00:00;ES;101;66,6;SAO MATEUS;Desrespeitar a preferência no cruzamento;Colisão transversal;Com Vítimas Feridas;Pleno dia;Decrescente;Céu Claro;Múltipla;"Interseção de Vias;Reta";Sim;2;0;1;0;1;0;1;2;-18,7165195;-39,87436378;SPRF-ES;DEL04-ES;UOP02-DEL04-ES
656203;20/01/2025;segunda-feira;08:05:00;MG;50;178,2;UBERABA;Reação tardia ou ineficiente do condutor;Saída de leito carroçável;Com Vítimas Feridas;Pleno dia;Crescente;Céu Claro;Dupla;Declive;Sim;1;0;1;0;0;0;1;1;-19,77896821;-47,94093599;SPRF-MG;DEL13-MG;UOP01-DEL13-MG
656204;20/01/2025;segunda-feira;09:25:00;RJ;116;186;NOVA IGUACU;Desrespeitar a preferência no cruzamento;Colisão lateral mesmo sentido;Com Vítimas Feridas;Pleno dia;Decrescente;Céu Claro;Dupla;Reta;Não;3;0;2;0;1;0;2;2;-22,73962339;-43,46276495;SPRF-RJ;DEL06-RJ;UOP01-DEL06-RJ
656205;20/01/2025;segunda-feira;09:30:00;RJ;116;186;NOVA IGUACU;Reação tardia ou ineficiente do condutor;Colisão traseira;Com Vítimas Feridas;Pleno dia;Decrescente;Sol;Dupla;Reta;Sim;3;0;1;0;1;1;1;3;-22,73962339;-43,46276495;SPRF-RJ;DEL06-RJ;UOP01-DEL06-RJ