id;data_inversa;dia_semana;horario;uf;br;km;municipio;causa_acidente;tipo_acidente;classificacao_acidente;fase_dia;sentido_via;condicao_metereologica;tipo_pista;tracado_via;uso_solo;pessoas;mortos;feridos_leves;feridos_graves;ilesos;ignorados;feridos;veiculos;latitude;longitude;regional;delegacia;uop
656207;20/01/2025;segunda-feira;08:50:00;PA;230;109;MARABA;Condutor deixou de manter distância do veículo da frente;Saída de leito carroçável;Com Vítimas Feridas;Pleno dia;Decrescente;Céu Claro;Simples;Reta;Não;4;0;1;0;2;1;1;2;-5,37536896;-49,02246799;SPRF-PA;DEL03-PA;UOP01-DEL03-PA
656208;07/01/2025;terça-feira;03:35:00;MS;163;611;SAO GABRIEL DO OESTE;Ausência de reação do condutor;Tombamento;Com Vítimas Feridas;Plena Noite;Decrescente;Ignorado;Simples;Reta;Não;2;0;1;0;1;0;1;1;-19,42738291;-54,54332791;SPRF-MS;DEL06-MS;UOP02-DEL06-MS
656209;20/01/2025;segunda-feira;07:40:00;MG;40;545;NOVA LIMA;Condutor deixou de manter distância do veículo da frente;Colisão traseira;Com Vítimas Feridas;Pleno dia;Crescente;Céu Claro;Dupla;"Reta;Viaduto";Não;3;0;0;1;2;0;1;2;-20,00670404;-43,96418668;SPRF-MG;DEL01-MG;UOP02-DEL01-MG
656211;20/01/2025;segunda-feira;09:12:00;PR;369;147;LONDRINA;Condutor deixou de manter distância do veículo da frente;Colisão traseira;Com Vítimas Feridas;Pleno dia;Crescente;Céu Claro;Dupla;"Reta;Declive;Interseção de Vias";Sim;3;0;1;0;2;0;1;2;-23,29289592;-51,13418763;SPRF-PR;DEL07-PR;UOP01-DEL07-PR
656212;20/01/2025;segunda-feira;08:30:00;BA;324;622;SALVADOR;Reação tardia ou ineficiente do condutor;Colisão lateral mesmo sentido;Com Vítimas Feridas;Pleno dia;Crescente;Céu Claro;Dupla;Reta;Sim;2;0;1;0;0;1;1;2;-12,91888605;-38,46502095;SPRF-BA;DEL01-BA;UOP01-DEL01-BA
656213;20/01/2025;segunda-feira;09:38:00;RS;290;95;PORTO ALEGRE;Demais falhas mecânicas ou elétricas;Queda de ocupante de veículo;Com Vítimas Feridas;Pleno dia;Crescente;Chuva;Múltipla;Reta;Não;2;0;2;0;0;0;2;1;-29,982832;-51,201572;SPRF-RS;DEL01-RS;UOP01-DEL01-RS
656215;20/01/2025;segunda-feira;09:00:00;RS;290;303,2;CACHOEIRA DO SUL;Transitar na contramão;Colisão frontal;Com Vítimas Feridas;Pleno dia;Crescente;Céu Claro;Simples;"Reta;Aclive";Não;6;0;5;1;0;0;6;2;-30,323257;-53,238743;SPRF-RS;DEL09-RS;UOP02-DEL09-RS
656216;20/01/2025;segunda-feira;07:20:00;PR;116;10;CAMPINA GRANDE DO SUL;Chuva;Saída de leito carroçável;Com Vítimas Feridas;Pleno dia;Crescente;Chuva;Dupla;Curva;Não;2;0;1;0;1;0;1;1;-25,08357197;-48,64281407;SPRF-PR;DEL01-PR;UOP02-DEL01-PR
656219;20/01/2025;segunda-feira;09:30:00;RJ;101;532;ANGRA DOS REIS;Acessar a via sem observar a presença dos outros veículos;Atropelamento de Pedestre;Com Vítimas Feridas;Pleno dia;Crescente;Céu Claro;Simples;Reta;Não;2;0;1;0;1;0;1;2;-23,02210579;-44,53584172;SPRF-RJ;DEL03-RJ;UOP03-DEL03-RJ
656220;20/01/2025;segunda-feira;09:30:00;CE;222;220,5;SOBRAL;Acessar a via sem observar a presença dos outros veículos;Colisão transversal;Com Vítimas Feridas;Pleno dia;Decrescente;Céu Claro;Simples;Interseção de Vias;Não;7;0;1;0;6;0;1;2;-3,73488299;-40,31795598;SPRF-CE;DEL04-CE;UOP01-DEL04-CE
656223;20/01/2025;segunda-feira;08:00:00;PR;116;7;QUATRO BARRAS;Reação tardia ou ineficiente do condutor;Colisão com objeto;Com Vítimas Feridas;Pleno dia;Decrescente;Nublado;Dupla;Reta;Sim;1;0;1;0;0;0;1;1;-25,36734;-49,102043;SPRF-PR;DEL01-PR;UOP02-DEL01-PR
656225;20/01/2025;segunda-feira;09:45:00;SC;282;574,4;PINHALZINHO;Pista Escorregadia;Colisão com objeto;Com Vítimas Feridas;Pleno dia;Crescente;Garoa/Chuvisco;Simples;"Reta;Aclive";Não;2;0;2;0;0;0;2;1;-26,867399;-52,965149;SPRF-SC;DEL07-SC;UOP02-DEL07-SC
656228;20/01/2025;segunda-feira;08:30:00;GO;50;281;CATALAO;Desrespeitar a preferência no cruzamento;Colisão transversal;Com Vítimas Feridas;Pleno dia;Decrescente;Céu Claro;Dupla;Rotatória;Sim;2;0;1;0;1;0;1;2;-18,1838;-47,9441;SPRF-GO;DEL06-GO;UOP01-DEL06-GO
656230;20/01/2025;segunda-feira;10:40:00;RN;226;13,2;MACAIBA;Ingestão de álcool pelo condutor;Colisão frontal;Com Vítimas Feridas;Pleno dia;Crescente;Sol;Simples;Reta;Não;2;0;0;1;1;0;1;2;-5,85273906;-35,32206416;SPRF-RN;DEL01-RN;UOP02-DEL01-RN
656231;20/01/2025;segunda-feira;10:30:00;PI;343;200;PIRIPIRI;Transitar na contramão;Saída de leito carroçável;Com Vítimas Feridas;Pleno dia;Decrescente;Sol;Simples;Reta;Não;6;0;1;1;3;1;2;2;-4,384077;-41,845329;SPRF-PI;DEL02-PI;UOP01-DEL02-PI
656232;20/01/2025;segunda-feira;09:55:00;GO;40;115;CRISTALINA;Condutor Dormindo;Saída de leito carroçável;Com Vítimas Feridas;Pleno dia;Decrescente;Nublado;Dupla;Curva;Não;4;0;3;0;1;0;3;1;-16,849173;-47,467226;SPRF-DF;DEL01-DF;UOP02-DEL01-DF
656233;20/01/2025;segunda-feira;09:40:00;BA;101;367;GANDU;Desrespeitar a preferência no cruzamento;Colisão transversal;Com Vítimas Feridas;Pleno dia;Crescente;Céu Claro;Simples;Reta;Sim;2;0;1;0;1;0;1;2;-13,88580087;-39,48325188;SPRF-BA;DEL05-BA;UOP03-DEL05-BA
656235;20/01/2025;segunda-feira;10:40:00;PR;163;161,7;LINDOESTE;Reação tardia ou ineficiente do condutor;Colisão com objeto;Com Vítimas Feridas;Pleno dia;Crescente;Garoa/Chuvisco;Dupla;"Aclive;Curva";Não;1;0;1;0;0;0;1;1;-25,32790599;-53,59159198;SPRF-PR;DEL05-PR;UOP05-DEL05-PR
656236;20/01/2025;segunda-feira;07:05:00;RJ;101;321;NITEROI;Reação tardia ou ineficiente do condutor;Tombamento;Com Vítimas Feridas;Pleno dia;Crescente;Céu Claro;Dupla;Curva;Não;1;0;1;0;0;0;1;1;-22,86981096;-43,11046465;SPRF-RJ;DEL02-RJ;UOP01-DEL02-RJ
656237;20/01/2025;segunda-feira;06:52:00;MT;163;88,3;RONDONOPOLIS;Ausência de reação do condutor;Colisão com objeto;Com Vítimas Feridas;Pleno dia;Decrescente;Céu Claro;Dupla;"Reta;Declive";Não;2;0;2;0;0;0;2;1;-16,75646914;-54,65421973;SPRF-MT;DEL02-MT;UOP03-DEL02-MT
656238;20/01/2025;segunda-feira;11:30:00;RS;392;352;SANTA MARIA;Acessar a via sem observar a presença dos outros veículos;Colisão transversal;Com Vítimas Feridas;Pleno dia;Crescente;Céu Claro;Simples;"Em Obras;Interseção de Vias";Sim;6;0;5;0;0;1;5;3;-29,720404;-53,807632;SPRF-RS;DEL09-RS;UOP01-DEL09-RS
656239;20/01/2025;segunda-feira;07:30:00;RJ;101;322;NITEROI;Ausência de reação do condutor;Colisão traseira;Com Vítimas Feridas;Pleno dia;Decrescente;Céu Claro;Dupla;Reta;Não;2;0;1;0;0;1;1;2;-22,878923;-43,110676;SPRF-RJ;DEL02-RJ;UOP01-DEL02-RJ
656240;20/01/2025;segunda-feira;11:45:00;ES;101;258;SERRA;Velocidade Incompatível;Colisão traseira;Com Vítimas Feridas;Pleno dia;Decrescente;Sol;Dupla;"Reta;Aclive";Sim;2;0;1;0;1;0;1;2;-20,13059888;-40,2961019;SPRF-ES;DEL02-ES;UOP01-DEL02-ES
656241;20/01/2025;segunda-feira;09:10:00;MG;116;555,7;MANHUACU;Velocidade Incompatível;Saída de leito carroçável;Com Vítimas Feridas;Pleno dia;Crescente;Céu Claro;Simples;Curva;Não;2;0;1;0;1;0;1;2;-20,00911074;-42,14328403;SPRF-MG;DEL06-MG;UOP02-DEL06-MG
656242;20/01/2025;segunda-feira;12:03:00;RN;101;82;NATAL;Problema com o freio;Colisão traseira;Com Vítimas Feridas;Pleno dia;Decrescente;Sol;Dupla;"Reta;Interseção de Vias";Sim;3;0;1;0;2;0;1;3;-5,76791511;-35,27456305;SPRF-RN;DEL02-RN;UOP01-DEL02-RN
656243;20/01/2025;segunda-feira;08:00:00;SC;282;299,6;VARGEM;Ausência de reação do condutor;Colisão frontal;Com Vítimas Fatais;Pleno dia;Decrescente;Céu Claro;Simples;Curva;Não;4;1;2;1;0;0;3;3;-27,519346;-50,909714;SPRF-SC;DEL07-SC;UOP06-DEL07-SC
656246;20/01/2025;segunda-feira;12:20:00;DF;70;7;BRASILIA;Demais falhas mecânicas ou elétricas;Queda de ocupante de veículo;Com Vítimas Feridas;Pleno dia;Decrescente;Sol;Dupla;Reta;Sim;2;0;2;0;0;0;2;1;-15,787601;-48,114429;SPRF-DF;DEL03-DF;UOP02-DEL03-DF
656247;20/01/2025;segunda-feira;12:40:00;BA;135;193;BARREIRAS;Acessar a via sem observar a presença dos outros veículos;Colisão frontal;Com Vítimas Feridas;Pleno dia;Crescente;Céu Claro;Simples;Reta;Não;3;0;0;3;0;0;3;2;-12,30656505;-45,01392172;SPRF-BA;DEL10-BA;UOP01-DEL10-BA
656249;20/01/2025;segunda-feira;11:20:00;RS;290;248;CACHOEIRA DO SUL;Reação tardia ou ineficiente do condutor;Engavetamento;Com Vítimas Feridas;Pleno dia;Crescente;Céu Claro;Simples;"Reta;Em Obras";Não;5;0;2;0;1;2;2;3;-30,233294;-52,704216;SPRF-RS;DEL02-RS;UOP03-DEL02-RS
656250;20/01/2025;segunda-feira;12:30:00;SP;153;122;UBARANA;Manobra de mudança de faixa;Saída de leito carroçável;Com Vítimas Feridas;Pleno dia;Crescente;Sol;Simples;Reta;Não;6;0;6;0;0;0;6;1;-21,18661376;-49,72333446;SPRF-SP;DEL09-SP;UOP01-DEL09-SP
656256;20/01/2025;segunda-feira;13:15:00;GO;153;435,8;ANAPOLIS;Avarias e/ou desgaste excessivo no pneu;Tombamento;Com Vítimas Feridas;Pleno dia;Decrescente;Céu Claro;Dupla;"Reta;Aclive";Sim;2;0;2;0;0;0;2;1;-16,280523;-48,960049;SPRF-GO;DEL02-GO;UOP01-DEL02-GO
656259;20/01/2025;segunda-feira;12:28:00;PE;232;7,8;RECIFE;Condutor deixou de manter distância do veículo da frente;Colisão traseira;Com Vítimas Feridas;Pleno dia;Decrescente;Céu Claro;Dupla;Reta;Não;2;0;1;0;0;1;1;2;-8,07333497;-34,96184301;SPRF-PE;DEL01-PE;UOP01-DEL01-PE
656260;20/01/2025;segunda-feira;13:10:00;PI;135;358;BOM JESUS;Pista Escorregadia;Saída de leito carroçável;Sem Vítimas;Pleno dia;Crescente;Chuva;Simples;"Curva;Declive";Não;1;0;0;0;1;0;0;1;-9,12136518;-44,37810173;SPRF-PI;DEL03-PI;UOP02-DEL03-PI
656261;20/01/2025;segunda-feira;13:15:00;PB;101;119,7;PEDRAS DE FOGO;Ausência de reação do condutor;Colisão com objeto;Com Vítimas Feridas;Pleno dia;Crescente;Céu Claro;Dupla;"Reta;Ponte;Declive";Não;1;0;1;0;0;0;1;1;-7,42897814;-34,96672977;SPRF-PB;DEL01-PB;UOP01-DEL01-PB
656262;20/01/2025;segunda-feira;13:15:00;MT;70;1,2;BARRA DO GARCAS;Reação tardia ou ineficiente do condutor;Colisão lateral mesmo sentido;Com Vítimas Feridas;Pleno dia;Decrescente;Sol;Simples;Reta;Sim;3;0;2;0;0;1;2;3;-15,89164596;-52,26202884;SPRF-MT;DEL07-MT;UOP01-DEL07-MT
656263;20/01/2025;segunda-feira;10:45:00;RO;364;14;VILHENA;Acessar a via sem observar a presença dos outros veículos;Colisão traseira;Com Vítimas Feridas;Pleno dia;Decrescente;Garoa/Chuvisco;Simples;Reta;Sim;2;0;1;0;1;0;1;2;-12,73898138;-60,13911417;SPRF-RO;DEL04-RO;UOP01-DEL04-RO
656264;20/01/2025;segunda-feira;09:50:00;PI;343;327;TERESINA;Condutor deixou de manter distância do veículo da frente;Colisão traseira;Sem Vítimas;Pleno dia;Crescente;Céu Claro;Simples;Reta;Não;2;0;0;0;2;0;0;2;-5,071425;-42,625938;SPRF-PI;DEL01-PI;UOP01-DEL01-PI
656266;20/01/2025;segunda-feira;13:00:00;PR;116;114,5;CURITIBA;Acessar a via sem observar a presença dos outros veículos;Colisão com objeto;Com Vítimas Feridas;Pleno dia;Decrescente;Garoa/Chuvisco;Múltipla;Reta;Sim;5;0;2;0;3;0;2;2;-25,54501352;-49,29991901;SPRF-PR;DEL01-PR;UOP03-DEL01-PR
656267;20/01/2025;segunda-feira;11:15:00;RJ;101;415;MANGARATIBA;Condutor deixou de manter distância do veículo da frente;Colisão traseira;Sem Vítimas;Pleno dia;Crescente;Céu Claro;Dupla;Reta;Não;2;0;0;0;2;0;0;2;-22,90433243;-43,88181398;SPRF-RJ;DEL03-RJ;UOP01-DEL03-RJ
656268;20/01/2025;segunda-feira;13:20:00;PR;373;477,2;CORONEL VIVIDA;Desrespeitar a preferência no cruzamento;Colisão transversal;Com Vítimas Feridas;Pleno dia;Decrescente;Céu Claro;Simples;Reta;Não;2;0;1;0;1;0;1;2;-25,96797377;-52,52685308;SPRF-PR;DEL02-PR;UOP01-DEL02-PR
656269;20/01/2025;segunda-feira;14:15:00;SP;116;143;SAO JOSE DOS CAMPOS;Ausência de reação do condutor;Colisão traseira;Com Vítimas Feridas;Pleno dia;Crescente;Sol;Dupla;Reta;Sim;2;0;1;1;0;0;2;2;-23,17849879;-45,83787411;SPRF-SP;DEL02-SP;UOP01-DEL02-SP
656270;20/01/2025;segunda-feira;12:50:00;RJ;40;110;DUQUE DE CAXIAS;Acessar a via sem observar a presença dos outros veículos;Colisão lateral mesmo sentido;Com Vítimas Feridas;Pleno dia;Decrescente;Céu Claro;Múltipla;Reta;Sim;3;0;1;0;2;0;1;2;-22,68289906;-43,28549346;SPRF-RJ;DEL01-RJ;UOP02-DEL01-RJ
656271;20/01/2025;segunda-feira;14:05:00;SP;116;212;GUARULHOS;Carga excessiva e/ou mal acondicionada;Tombamento;Com Vítimas Feridas;Pleno dia;Crescente;Sol;Múltipla;"Declive;Reta";Sim;1;0;1;0;0;0;1;1;-23,43608315;-46,42805094;SPRF-SP;DEL01-SP;UOP01-DEL01-SP
656274;20/01/2025;segunda-feira;14:20:00;SC;101;201,5;SAO JOSE;Ausência de reação do condutor;Colisão traseira;Com Vítimas Feridas;Pleno dia;Crescente;Céu Claro;Dupla;"Reta;Interseção de Vias";Sim;2;0;1;0;1;0;1;2;-27,54836599;-48,61977975;SPRF-SC;DEL01-SC;UOP01-DEL01-SC
656276;20/01/2025;segunda-feira;14:30:00;SC;101;119;ITAJAI;Ausência de reação do condutor;Tombamento;Com Vítimas Feridas;Pleno dia;Crescente;Sol;Dupla;Reta;Não;1;0;1;0;0;0;1;1;-26,9043179;-48,71555481;SPRF-SC;DEL04-SC;UOP04-DEL04-SC
656277;20/01/2025;segunda-feira;14:40:00;SC;101;134;BALNEARIO CAMBORIU;Acessar a via sem observar a presença dos outros veículos;Colisão transversal;Com Vítimas Feridas;Pleno dia;Crescente;Céu Claro;Múltipla;Reta;Sim;2;0;0;1;1;0;1;2;-27,00218;-48,636433;SPRF-SC;DEL04-SC;UOP03-DEL04-SC
656278;20/01/2025;segunda-feira;13:20:00;PR;376;391,5;IMBAU;Velocidade Incompatível;Colisão com objeto;Com Vítimas Feridas;Pleno dia;Decrescente;Chuva;Dupla;"Reta;Declive";Não;2;0;2;0;0;0;2;1;-24,481;-50,73567;SPRF-PR;DEL03-PR;UOP02-DEL03-PR
656281;20/01/2025;segunda-feira;13:12:00;BA;367;24,5;PORTO SEGURO;Acessar a via sem observar a presença dos outros veículos;Colisão transversal;Com Vítimas Feridas;Pleno dia;Crescente;Céu Claro;Simples;Reta;Sim;3;0;0;1;2;0;1;2;-16,43763962;-39,0813791;SPRF-BA;DEL09-BA;UOP03-DEL09-BA
656284;20/01/2025;segunda-feira;14:40:00;DF;20;5;BRASILIA;Reação tardia ou ineficiente do condutor;Colisão lateral mesmo sentido;Com Vítimas Feridas;Pleno dia;Crescente;Céu Claro;Dupla;"Reta;Aclive";Sim;1;0;1;0;0;0;1;1;-15,670546;-47,816044;SPRF-DF;DEL02-DF;UOP01-DEL02-DF
656286;20/01/2025;segunda-feira;14:20:00;DF;20;5;BRASILIA;Entrada inopinada do pedestre;Atropelamento de Pedestre;Com Vítimas Feridas;Pleno dia;Crescente;Céu Claro;Dupla;Reta;Não;2;0;1;0;1;0;1;2;-15,670546;-47,816044;SPRF-DF;DEL02-DF;UOP01-DEL02-DF
656287;20/01/2025;segunda-feira;12:30:00;MT;163;538,9;DIAMANTINO;Velocidade Incompatível;Saída de leito carroçável;Com Vítimas Feridas;Pleno dia;Crescente;Nublado;Dupla;Curva;Não;1;0;0;1;0;0;1;1;-14,306883;-56,138802;SPRF-MT;DEL01-MT;UOP01-DEL01-MT
656288;20/01/2025;segunda-feira;15:05:00;SC;282;514;XAXIM;Condutor deixou de manter distância do veículo da frente;Colisão traseira;Com Vítimas Feridas;Pleno dia;Crescente;Céu Claro;Simples;Reta;Não;4;0;1;0;3;0;1;2;-26,916084;-52,49052;SPRF-SC;DEL07-SC;UOP01-DEL07-SC
656289;20/01/2025;segunda-feira;15:00:00;SC;280;58;GUARAMIRIM;Manobra de mudança de faixa;Tombamento;Com Vítimas Feridas;Pleno dia;Decrescente;Céu Claro;Simples;"Reta;Rotatória";Sim;2;0;1;0;1;0;1;2;-26,47415593;-49,021211;SPRF-SC;DEL03-SC;UOP03-DEL03-SC
656290;20/01/2025;segunda-feira;14:25:00;SC;153;67;IRANI;Ausência de reação do condutor;Saída de leito carroçável;Com Vítimas Feridas;Pleno dia;Decrescente;Céu Claro;Simples;"Aclive;Curva";Não;1;0;1;0;0;0;1;1;-27,03076753;-51,87955173;SPRF-SC;DEL07-SC;UOP04-DEL07-SC
656291;20/01/2025;segunda-feira;14:50:00;PR;376;594;CURITIBA;Ausência de reação do condutor;Colisão traseira;Com Vítimas Feridas;Pleno dia;Crescente;Chuva;Dupla;Reta;Não;2;0;1;0;1;0;1;2;-25,48479613;-49,34730331;SPRF-PR;DEL03-PR;UOP03-DEL03-PR
656293;20/01/2025;segunda-feira;07:55:00;PR;116;115;CURITIBA;Acessar a via sem observar a presença dos outros veículos;Colisão lateral mesmo sentido;Sem Vítimas;Pleno dia;Decrescente;Céu Claro;Dupla;Reta;Sim;4;0;0;0;4;0;0;3;-25,55953326;-49,26560414;SPRF-PR;DEL01-PR;UOP03-DEL01-PR
656299;20/01/2025;segunda-feira;15:49:00;PE;101;46;IGARASSU;Condutor deixou de manter distância do veículo da frente;Colisão traseira;Com Vítimas Feridas;Pleno dia;Crescente;Céu Claro;Múltipla;Reta;Não;2;0;1;0;1;0;1;2;-7,87406004;-34,90588126;SPRF-PE;DEL01-PE;UOP02-DEL01-PE
656301;20/01/2025;segunda-feira;16:20:00;MA;10;255;IMPERATRIZ;Acessar a via sem observar a presença dos outros veículos;Colisão transversal;Sem Vítimas;Pleno dia;Crescente;Céu Claro;Simples;Reta;Sim;2;0;0;0;2;0;0;2;-5,508798;-47,471718;SPRF-MA;DEL04-MA;UOP01-DEL04-MA
656304;20/01/2025;segunda-feira;17:00:00;RJ;101;484,9;ANGRA DOS REIS;Condutor deixou de manter distância do veículo da frente;Colisão traseira;Sem Vítimas;Pleno dia;Decrescente;Garoa/Chuvisco;Simples;"Reta;Aclive";Não;2;0;0;0;2;0;0;2;-22,99096308;-44,30429882;SPRF-RJ;DEL03-RJ;UOP03-DEL03-RJ
656306;20/01/2025;segunda-feira;16:30:00;RJ;101;245;SILVA JARDIM;Condutor Dormindo;Saída de leito carroçável;Com Vítimas Feridas;Pleno dia;Crescente;Céu Claro;Dupla;Reta;Não;4;0;1;0;3;0;1;1;-22,64524706;-42,48167495;SPRF-RJ;DEL02-RJ;UOP03-DEL02-RJ
656307;20/01/2025;segunda-feira;16:25:00;PE;101;67;RECIFE;Condutor deixou de manter distância do veículo da frente;Colisão traseira;Sem Vítimas;Pleno dia;Crescente;Céu Claro;Múltipla;Reta;Sim;2;0;0;0;2;0;0;2;-8,047727;-34,94513;SPRF-PE;DEL01-PE;UOP01-DEL01-PE
656308;20/01/2025;segunda-feira;16:15:00;RS;290;258,9;CACHOEIRA DO SUL;Demais falhas mecânicas ou elétricas;Incêndio;Sem Vítimas;Pleno dia;Decrescente;Sol;Simples;Reta;Não;1;0;0;0;1;0;0;1;-30,25550857;-52,80544281;SPRF-RS;DEL02-RS;UOP03-DEL02-RS
656309;20/01/2025;segunda-feira;16:55:00;BA;116;783;PLANALTO;Acessar a via sem observar a presença dos outros veículos;Colisão transversal;Com Vítimas Feridas;Pleno dia;Crescente;Céu Claro;Simples;Aclive;Não;5;0;1;0;4;0;1;2;-14,65785594;-40,46029014;SPRF-BA;DEL08-BA;UOP02-DEL08-BA
656312;20/01/2025;segunda-feira;13:45:00;SC;101;118,9;ITAJAI;Ausência de reação do condutor;Tombamento;Com Vítimas Feridas;Pleno dia;Crescente;Sol;Dupla;Reta;Não;1;0;0;1;0;0;1;1;-26,895859;-48,71903;SPRF-SC;DEL04-SC;UOP04-DEL04-SC
656317;20/01/2025;segunda-feira;17:30:00;PI;343;23;PARNAIBA;Acessar a via sem observar a presença dos outros veículos;Atropelamento de Pedestre;Com Vítimas Fatais;Pleno dia;Crescente;Céu Claro;Simples;Reta;Não;6;1;0;0;5;0;0;2;-2,998956;-41,76561;SPRF-PI;DEL05-PI;UOP01-DEL05-PI
656320;20/01/2025;segunda-feira;16:55:00;SC;280;28;ARAQUARI;Transitar no Acostamento;Colisão transversal;Com Vítimas Feridas;Pleno dia;Crescente;Céu Claro;Simples;Reta;Não;2;0;1;0;1;0;1;2;-26,40450077;-48,74561031;SPRF-SC;DEL03-SC;UOP03-DEL03-SC
656324;20/01/2025;segunda-feira;17:50:00;RS;386;349;LAJEADO;Manobra de mudança de faixa;Colisão lateral mesmo sentido;Com Vítimas Feridas;Pleno dia;Crescente;Céu Claro;Dupla;"Reta;Ponte";Sim;2;0;1;1;0;0;2;2;-29,465483;-51,95509;SPRF-RS;DEL04-RS;UOP01-DEL04-RS
656325;20/01/2025;segunda-feira;13:45:00;RJ;101;296;SAO GONCALO;Reação tardia ou ineficiente do condutor;Queda de ocupante de veículo;Com Vítimas Feridas;Pleno dia;Decrescente;Céu Claro;Dupla;Reta;Não;1;0;1;0;0;0;1;1;-22,7670498;-42,91019601;SPRF-RJ;DEL02-RJ;UOP02-DEL02-RJ
656326;20/01/2025;segunda-feira;17:35:00;PR;373;172,4;PONTA GROSSA;Velocidade Incompatível;Colisão traseira;Com Vítimas Feridas;Pleno dia;Decrescente;Chuva;Dupla;Reta;Sim;2;0;0;1;1;0;1;2;-25,08139932;-50,19200981;SPRF-PR;DEL03-PR;UOP01-DEL03-PR
656329;20/01/2025;segunda-feira;17:45:00;RJ;116;186;NOVA IGUACU;Reação tardia ou ineficiente do condutor;Colisão traseira;Com Vítimas Feridas;Pleno dia;Decrescente;Céu Claro;Dupla;Reta;Não;2;0;1;0;1;0;1;2;-22,73962339;-43,46276495;SPRF-RJ;DEL06-RJ;UOP01-DEL06-RJ
656330;20/01/2025;segunda-feira;17:55:00;DF;70;14;BRASILIA;Ausência de reação do condutor;Queda de ocupante de veículo;Com Vítimas Feridas;Pleno dia;Crescente;Céu Claro;Dupla;"Curva;Retorno Regulamentado";Não;1;0;1;0;0;0;1;1;-15,797312;-48,176056;SPRF-DF;DEL03-DF;UOP02-DEL03-DF
656331;20/01/2025;segunda-feira;15:00:00;SP;116;492,9;CAJATI;Avarias e/ou desgaste excessivo no pneu;Tombamento;Com Vítimas Feridas;Pleno dia;Crescente;Céu Claro;Dupla;Reta;Não;2;0;2;0;0;0;2;1;-24,74308052;-48,1325941;SPRF-SP;DEL05-SP;UOP01-DEL05-SP
656332;20/01/2025;segunda-feira;17:45:00;PR;116;210,8;RIO NEGRO;Acessar a via sem observar a presença dos outros veículos;Colisão transversal;Com Vítimas Feridas;Pleno dia;Crescente;Céu Claro;Simples;"Reta;Retorno Regulamentado;Interseção de Vias";Sim;3;0;2;0;1;0;2;2;-26,1012601;-49,7807774;SPRF-SC;DEL06-SC;UOP01-DEL06-SC
656334;20/01/2025;segunda-feira;18:10:00;PR;277;71;SAO JOSE DOS PINHAIS;Reação tardia ou ineficiente do condutor;Colisão traseira;Com Vítimas Feridas;Pleno dia;Crescente;Céu Claro;Dupla;"Reta;Interseção de Vias";Sim;2;0;0;1;1;0;1;2;-25,52920381;-49,08862791;SPRF-PR;DEL01-PR;UOP07-DEL01-PR
656336;20/01/2025;segunda-feira;18:20:00;RN;226;4;NATAL;Manobra de mudança de faixa;Colisão lateral sentido oposto;Com Vítimas Feridas;Plena Noite;Crescente;Céu Claro;Simples;Reta;Sim;2;0;1;0;1;0;1;2;-5,81958019;-35,25969486;SPRF-RN;DEL01-RN;UOP02-DEL01-RN
656338;20/01/2025;segunda-feira;17:30:00;PA;316;252;CACHOEIRA DO PIRIA;Avarias e/ou desgaste excessivo no pneu;Saída de leito carroçável;Com Vítimas Fatais;Pleno dia;Crescente;Céu Claro;Simples;Reta;Não;5;1;2;2;0;0;4;1;-1,78751233;-46,49904013;SPRF-PA;DEL01-PA;UOP04-DEL01-PA
656340;20/01/2025;segunda-feira;19:25:00;ES;101;145;LINHARES;Ausência de reação do condutor;Colisão lateral mesmo sentido;Com Vítimas Feridas;Plena Noite;Crescente;Céu Claro;Dupla;Reta;Não;2;0;1;0;1;0;1;2;-19,36089598;-40,06464018;SPRF-ES;DEL04-ES;UOP01-DEL04-ES
656341;20/01/2025;segunda-feira;19:05:00;PB;230;27;JOAO PESSOA;Ausência de reação do condutor;Colisão lateral mesmo sentido;Com Vítimas Feridas;Plena Noite;Crescente;Céu Claro;Dupla;"Declive;Reta";Sim;2;0;1;0;1;0;1;2;-7,1677;-34,8855;SPRF-PB;DEL01-PB;UOP01-DEL01-PB
656342;20/01/2025;segunda-feira;18:45:00;ES;262;38;DOMINGOS MARTINS;Conversão proibida;Colisão transversal;Com Vítimas Feridas;Plena Noite;Crescente;Céu Claro;Simples;Reta;Não;2;0;1;0;1;0;1;2;-20,38085315;-40,62068704;SPRF-ES;DEL01-ES;UOP01-DEL01-ES
656344;20/01/2025;segunda-feira;19:45:00;GO;153;490;GOIANIA;Pedestre andava na pista;Atropelamento de Pedestre;Com Vítimas Feridas;Anoitecer;Crescente;Nublado;Dupla;Reta;Sim;2;0;0;1;1;0;1;2;-16,6298;-49,2056;SPRF-GO;DEL01-GO;UOP01-DEL01-GO
656345;20/01/2025;segunda-feira;19:45:00;RS;285;408,8;PANAMBI;Animais na Pista;Atropelamento de Animal;Com Vítimas Feridas;Plena Noite;Crescente;Céu Claro;Simples;Reta;Não;2;0;1;0;1;0;1;1;-28,37131362;-53,40745926;SPRF-RS;DEL10-RS;UOP02-DEL10-RS