id;data_inversa;dia_semana;horario;uf;br;km;municipio;causa_acidente;tipo_acidente;classificacao_acidente;fase_dia;sentido_via;condicao_metereologica;tipo_pista;tracado_via;uso_solo;pessoas;mortos;feridos_leves;feridos_graves;ilesos;ignorados;feridos;veiculos;latitude;longitude;regional;delegacia;uop
656346;20/01/2025;segunda-feira;20:00:00;RN;101;78;NATAL;Animais na Pista;Atropelamento de Animal;Com Vítimas Feridas;Plena Noite;Decrescente;Céu Claro;Dupla;Reta;Não;1;0;0;1;0;0;1;1;-5,74071896;-35,29021064;SPRF-RN;DEL02-RN;UOP01-DEL02-RN
656347;20/01/2025;segunda-feira;15:55:00;RJ;40;69,3;PETROPOLIS;Suicídio (presumido);Colisão com objeto;Com Vítimas Feridas;Pleno dia;Decrescente;Nublado;Dupla;"Reta;Declive";Não;1;0;0;1;0;0;1;1;-22,44351715;-43,19229188;SPRF-RJ;DEL05-RJ;UOP02-DEL05-RJ
656348;20/01/2025;segunda-feira;19:40:00;PR;376;4;MANDAGUARI;Desrespeitar a preferência no cruzamento;Colisão transversal;Com Vítimas Feridas;Plena Noite;Crescente;Nublado;Simples;Interseção de Vias;Sim;3;0;1;0;2;0;1;2;-23,547966;-51,671265;SPRF-PR;DEL09-PR;UOP01-DEL09-PR
656349;20/01/2025;segunda-feira;17:00:00;MT;163;809;SINOP;Reação tardia ou ineficiente do condutor;Saída de leito carroçável;Com Vítimas Feridas;Pleno dia;Crescente;Nublado;Simples;Reta;Não;4;0;2;0;2;0;2;2;-12,09;-55,518;SPRF-MT;DEL06-MT;UOP02-DEL06-MT
656350;20/01/2025;segunda-feira;19:45:00;SP;101;45,5;UBATUBA;Acessar a via sem observar a presença dos outros veículos;Atropelamento de Pedestre;Com Vítimas Feridas;Plena Noite;Crescente;Céu Claro;Simples;Reta;Sim;2;0;1;0;1;0;1;2;-23,42080198;-45,07089615;SPRF-SP;DEL06-SP;UOP01-DEL06-SP
656352;20/01/2025;segunda-feira;20:15:00;PB;101;89,5;JOAO PESSOA;Pedestre - Ingestão de álcool/ substâncias psicoativas;Atropelamento de Pedestre;Com Vítimas Feridas;Plena Noite;Crescente;Céu Claro;Dupla;Reta;Não;2;0;1;1;0;0;2;2;-7,1710694;-34,89765372;SPRF-PB;DEL01-PB;UOP01-DEL01-PB
656355;20/01/2025;segunda-feira;15:00:00;SC;470;63;INDAIAL;Condutor deixou de manter distância do veículo da frente;Colisão traseira;Com Vítimas Feridas;Pleno dia;Decrescente;Céu Claro;Simples;Reta;Não;2;0;1;0;1;0;1;2;-26,872396;-49,19228;SPRF-SC;DEL04-SC;UOP01-DEL04-SC
656357;20/01/2025;segunda-feira;21:10:00;MG;40;556;NOVA LIMA;Ausência de reação do condutor;Colisão frontal;Com Vítimas Feridas;Plena Noite;Decrescente;Céu Claro;Dupla;Reta;Não;3;0;1;0;2;0;1;3;-20,09356202;-43,97554136;SPRF-MG;DEL01-MG;UOP02-DEL01-MG
656358;20/01/2025;segunda-feira;18:05:00;SC;101;241,9;PALHOCA;Acumulo de areia ou detritos sobre o pavimento;Tombamento;Com Vítimas Feridas;Pleno dia;Decrescente;Nublado;Dupla;Curva;Não;2;0;1;0;1;0;1;1;-27,86671599;-48,64607012;SPRF-SC;DEL01-SC;UOP02-DEL01-SC
656360;20/01/2025;segunda-feira;19:15:00;PR;277;42;MORRETES;Demais falhas mecânicas ou elétricas;Incêndio;Sem Vítimas;Plena Noite;Crescente;Nublado;Múltipla;"Aclive;Reta";Não;1;0;0;0;1;0;0;1;-25,57361239;-48,84469597;SPRF-PR;DEL01-PR;UOP05-DEL01-PR
656361;20/01/2025;segunda-feira;20:40:00;MG;116;699,1;MURIAE;Acessar a via sem observar a presença dos outros veículos;Colisão lateral mesmo sentido;Com Vítimas Feridas;Plena Noite;Decrescente;Céu Claro;Simples;"Reta;Interseção de Vias";Sim;2;0;1;0;1;0;1;2;-21,09470198;-42,37369904;SPRF-MG;DEL07-MG;UOP02-DEL07-MG
656362;20/01/2025;segunda-feira;20:40:00;PR;376;314;ORTIGUEIRA;Ausência de reação do condutor;Saída de leito carroçável;Sem Vítimas;Plena Noite;Crescente;Chuva;Dupla;Curva;Não;1;0;0;0;1;0;0;1;-24,0189474;-51,09284357;SPRF-PR;DEL07-PR;UOP02-DEL07-PR
656363;20/01/2025;segunda-feira;21:00:00;PR;373;173;PONTA GROSSA;Pedestre cruzava a pista fora da faixa;Atropelamento de Pedestre;Com Vítimas Feridas;Plena Noite;Crescente;Nublado;Dupla;Curva;Sim;2;0;0;1;1;0;1;2;-25,0802783;-50,2019462;SPRF-PR;DEL03-PR;UOP01-DEL03-PR
656364;20/01/2025;segunda-feira;18:30:00;SC;101;122;ITAJAI;Condutor deixou de manter distância do veículo da frente;Colisão traseira;Com Vítimas Feridas;Anoitecer;Crescente;Garoa/Chuvisco;Dupla;Reta;Não;2;0;0;1;1;0;1;2;-26,92955916;-48,70499836;SPRF-SC;DEL04-SC;UOP04-DEL04-SC
656365;20/01/2025;segunda-feira;21:45:00;MG;381;502;BETIM;Demais falhas mecânicas ou elétricas;Tombamento;Com Vítimas Feridas;Plena Noite;Crescente;Céu Claro;Dupla;Reta;Sim;2;0;2;0;0;0;2;1;-20,02016966;-44,22885418;SPRF-MG;DEL01-MG;UOP03-DEL01-MG
656366;20/01/2025;segunda-feira;21:40:00;RJ;393;279;BARRA DO PIRAI;Acessar a via sem observar a presença dos outros veículos;Colisão transversal;Com Vítimas Feridas;Plena Noite;Decrescente;Céu Claro;Simples;Reta;Sim;2;0;1;0;1;0;1;2;-22,47615736;-44,00889998;SPRF-RJ;DEL05-RJ;UOP04-DEL05-RJ
656367;20/01/2025;segunda-feira;20:00:00;MG;262;38,3;MANHUACU;Conversão proibida;Colisão transversal;Com Vítimas Feridas;Plena Noite;Crescente;Céu Claro;Simples;"Aclive;Reta";Sim;2;0;2;0;0;0;2;2;-20,26305859;-42,03684948;SPRF-MG;DEL06-MG;UOP03-DEL06-MG
656368;20/01/2025;segunda-feira;20:30:00;RJ;101;384;RIO DE JANEIRO;Condutor deixou de manter distância do veículo da frente;Colisão traseira;Com Vítimas Feridas;Plena Noite;Decrescente;Céu Claro;Dupla;Reta;Sim;2;0;1;0;1;0;1;2;-22,87911609;-43,62323999;SPRF-RJ;DEL03-RJ;UOP01-DEL03-RJ
656369;20/01/2025;segunda-feira;22:22:00;RS;116;265;CANOAS;Acesso irregular;Tombamento;Com Vítimas Feridas;Plena Noite;Decrescente;Céu Claro;Dupla;Reta;Sim;1;0;0;1;0;0;1;1;-29,92342302;-51,17780944;SPRF-RS;DEL01-RS;UOP01-DEL01-RS
656370;20/01/2025;segunda-feira;21:00:00;MS;158;98,6;PARANAIBA;Ingestão de álcool pelo condutor;Saída de leito carroçável;Sem Vítimas;Plena Noite;Crescente;Céu Claro;Dupla;Reta;Sim;2;0;0;0;2;0;0;1;-19,69914535;-51,16781244;SPRF-MS;DEL08-MS;UOP01-DEL08-MS
656371;20/01/2025;segunda-feira;20:20:00;GO;60;167,2;GOIANIA;Participar de racha;Colisão com objeto;Com Vítimas Fatais;Plena Noite;Crescente;Céu Claro;Dupla;Curva;Sim;1;1;0;0;0;0;0;1;-16,7175;-49,3663;SPRF-GO;DEL01-GO;UOP02-DEL01-GO
656372;20/01/2025;segunda-feira;21:30:00;RS;386;355,4;ESTRELA;Reação tardia ou ineficiente do condutor;Colisão com objeto;Sem Vítimas;Plena Noite;Decrescente;Céu Claro;Dupla;Reta;Não;1;0;0;0;1;0;0;1;-29,515066;-51,940083;SPRF-RS;DEL04-RS;UOP01-DEL04-RS
656377;20/01/2025;segunda-feira;18:10:00;RJ;493;1;ITABORAI;Retorno proibido;Colisão transversal;Com Vítimas Feridas;Plena Noite;Decrescente;Céu Claro;Simples;Reta;Sim;2;0;1;0;1;0;1;2;-22,77062;-42,92223;SPRF-RJ;DEL02-RJ;UOP02-DEL02-RJ
656378;20/01/2025;segunda-feira;12:10:00;RJ;101;328;RIO DE JANEIRO;Ausência de reação do condutor;Tombamento;Com Vítimas Feridas;Pleno dia;Crescente;Céu Claro;Dupla;Reta;Não;2;0;2;0;0;0;2;1;-22,87028692;-43,16579699;SPRF-RJ;DEL02-RJ;UOP01-DEL02-RJ
656379;20/01/2025;segunda-feira;21:30:00;SC;101;56,5;ARAQUARI;Entrada inopinada do pedestre;Atropelamento de Pedestre;Com Vítimas Fatais;Plena Noite;Decrescente;Céu Claro;Dupla;Reta;Não;2;1;0;0;1;0;0;2;-26,43554844;-48,81381691;SPRF-SC;DEL03-SC;UOP01-DEL03-SC
656380;20/01/2025;segunda-feira;22:20:00;BA;324;621,8;SALVADOR;Manobra de mudança de faixa;Colisão transversal;Com Vítimas Feridas;Plena Noite;Decrescente;Céu Claro;Múltipla;"Curva;Aclive";Sim;3;0;3;0;0;0;3;2;-12,927106;-38,46794;SPRF-BA;DEL01-BA;UOP01-DEL01-BA
656382;20/01/2025;segunda-feira;21:45:00;MT;70;5,5;BARRA DO GARCAS;Reação tardia ou ineficiente do condutor;Atropelamento de Animal;Com Vítimas Feridas;Plena Noite;Decrescente;Nublado;Dupla;Reta;Não;2;0;2;0;0;0;2;1;-15,87814789;-52,296134;SPRF-MT;DEL07-MT;UOP01-DEL07-MT
656384;20/01/2025;segunda-feira;21:00:00;BA;101;925;NOVA VICOSA;Manobra de mudança de faixa;Colisão lateral mesmo sentido;Sem Vítimas;Plena Noite;Decrescente;Céu Claro;Simples;Reta;Não;3;0;0;0;3;0;0;2;-17,93366225;-39,84260559;SPRF-BA;DEL09-BA;UOP02-DEL09-BA
656385;21/01/2025;terça-feira;00:10:00;RJ;116;190;NOVA IGUACU;Ultrapassagem Indevida;Colisão lateral mesmo sentido;Sem Vítimas;Plena Noite;Crescente;Céu Claro;Dupla;Reta;Não;5;0;0;0;5;0;0;2;-22,74123776;-43,5007311;SPRF-RJ;DEL06-RJ;UOP01-DEL06-RJ
656389;20/01/2025;segunda-feira;22:00:00;RO;364;341;JI-PARANA;Condutor deixou de manter distância do veículo da frente;Colisão lateral mesmo sentido;Com Vítimas Feridas;Plena Noite;Decrescente;Nublado;Dupla;"Aclive;Viaduto";Sim;2;0;1;0;1;0;1;2;-10,8873802;-61,9328928;SPRF-RO;DEL02-RO;UOP01-DEL02-RO
656392;21/01/2025;terça-feira;01:40:00;PB;230;175,9;POCINHOS;Ausência de reação do condutor;Saída de leito carroçável;Com Vítimas Feridas;Plena Noite;Crescente;Céu Claro;Simples;"Aclive;Reta;Em Obras";Não;1;0;0;1;0;0;1;1;-7,1775;-36,0247;SPRF-PB;DEL02-PB;UOP02-DEL02-PB
656393;21/01/2025;terça-feira;03:50:00;MG;381;527,2;BRUMADINHO;Acumulo de óleo sobre o pavimento;Queda de ocupante de veículo;Com Vítimas Feridas;Plena Noite;Crescente;Nublado;Dupla;Reta;Não;1;0;1;0;0;0;1;1;-20,16283256;-44,35072739;SPRF-MG;DEL04-MG;UOP03-DEL04-MG
656395;21/01/2025;terça-feira;06:00:00;GO;414;439;ANAPOLIS;Desrespeitar a preferência no cruzamento;Atropelamento de Pedestre;Com Vítimas Feridas;Pleno dia;Crescente;Céu Claro;Simples;Rotatória;Não;2;0;1;0;1;0;1;2;-16,28128823;-48,94258908;SPRF-GO;DEL02-GO;UOP01-DEL02-GO
656396;09/01/2025;quinta-feira;14:10:00;PE;232;7;RECIFE;Condutor Dormindo;Colisão com objeto;Com Vítimas Feridas;Pleno dia;Crescente;Céu Claro;Múltipla;Reta;Não;2;0;0;2;0;0;2;1;-8,07333497;-34,96184301;SPRF-PE;DEL01-PE;UOP01-DEL01-PE
656397;21/01/2025;terça-feira;04:00:00;RJ;116;186;NOVA IGUACU;Demais falhas mecânicas ou elétricas;Incêndio;Sem Vítimas;Amanhecer;Crescente;Céu Claro;Dupla;Reta;Não;1;0;0;0;0;1;0;1;-22,73962339;-43,46276495;SPRF-RJ;DEL06-RJ;UOP01-DEL06-RJ
656398;21/01/2025;terça-feira;04:00:00;RJ;116;132;MAGE;Reação tardia ou ineficiente do condutor;Tombamento;Com Vítimas Fatais;Plena Noite;Decrescente;Céu Claro;Dupla;Reta;Não;1;1;0;0;0;0;0;1;-22,65703272;-43,13458092;SPRF-RJ;DEL04-RJ;UOP02-DEL04-RJ
656401;20/01/2025;segunda-feira;21:15:00;MA;316;561,5;CAXIAS;Transitar na contramão;Colisão lateral sentido oposto;Com Vítimas Feridas;Plena Noite;Crescente;Garoa/Chuvisco;Simples;Reta;Não;6;0;1;0;5;0;1;2;-4,893173;-43,275978;SPRF-MA;DEL03-MA;UOP02-DEL03-MA
656402;21/01/2025;terça-feira;03:30:00;RS;472;597,6;URUGUAIANA;Demais falhas na via;Saída de leito carroçável;Com Vítimas Feridas;Plena Noite;Decrescente;Céu Claro;Simples;"Reta;Em Obras";Não;3;0;2;0;1;0;2;1;-29,872252;-57,111932;SPRF-RS;DEL13-RS;UOP01-DEL13-RS
656405;21/01/2025;terça-feira;05:45:00;SC;153;58;IRANI;Desrespeitar a preferência no cruzamento;Colisão transversal;Com Vítimas Feridas;Amanhecer;Crescente;Céu Claro;Simples;"Interseção de Vias;Rotatória";Não;2;0;1;0;1;0;1;2;-26,964373;-51,841362;SPRF-SC;DEL07-SC;UOP07-DEL07-SC
656407;21/01/2025;terça-feira;00:35:00;MG;381;621;OLIVEIRA;Ausência de reação do condutor;Colisão com objeto;Com Vítimas Feridas;Plena Noite;Decrescente;Nublado;Dupla;Curva;Não;1;0;1;0;0;0;1;1;-20,79358497;-44,78938914;SPRF-MG;DEL04-MG;UOP01-DEL04-MG
656410;21/01/2025;terça-feira;07:30:00;SC;101;346,8;JAGUARUNA;Ultrapassagem Indevida;Colisão lateral mesmo sentido;Com Vítimas Feridas;Pleno dia;Crescente;Céu Claro;Dupla;Reta;Não;4;0;2;0;2;0;2;2;-28,54565997;-49,05345334;SPRF-SC;DEL02-SC;UOP01-DEL02-SC
656411;21/01/2025;terça-feira;07:00:00;SC;101;201,3;SAO JOSE;Acessar a via sem observar a presença dos outros veículos;Colisão transversal;Com Vítimas Feridas;Pleno dia;Crescente;Nublado;Múltipla;Reta;Sim;3;0;2;0;1;0;2;2;-27,54836599;-48,61977975;SPRF-SC;DEL01-SC;UOP01-DEL01-SC
656413;21/01/2025;terça-feira;04:50:00;ES;101;81,5;DOMINGOS MARTINS;Velocidade Incompatível;Saída de leito carroçável;Com Vítimas Feridas;Amanhecer;Decrescente;Céu Claro;Simples;"Curva;Declive";Não;1;0;1;0;0;0;1;1;-20,4077324;-40,9543294;SPRF-ES;DEL04-ES;UOP02-DEL04-ES
656414;21/01/2025;terça-feira;07:15:00;PB;230;19;JOAO PESSOA;Entrada inopinada do pedestre;Atropelamento de Pedestre;Com Vítimas Feridas;Pleno dia;Crescente;Céu Claro;Dupla;Curva;Sim;3;0;1;0;2;0;1;3;-7,1281;-34,8466;SPRF-PB;DEL01-PB;UOP01-DEL01-PB
656415;21/01/2025;terça-feira;07:40:00;RJ;116;147;DUQUE DE CAXIAS;Entrada inopinada do pedestre;Atropelamento de Pedestre;Com Vítimas Feridas;Pleno dia;Decrescente;Sol;Múltipla;Reta;Sim;2;0;1;0;0;1;1;2;-22,67134286;-43,27746391;SPRF-RJ;DEL01-RJ;UOP02-DEL01-RJ
656416;21/01/2025;terça-feira;05:30:00;MG;50;139;UBERABA;Animais na Pista;Atropelamento de Animal;Com Vítimas Feridas;Pleno dia;Decrescente;Céu Claro;Dupla;Reta;Não;2;0;1;1;0;0;2;1;-19,46790412;-48,05602538;SPRF-MG;DEL13-MG;UOP01-DEL13-MG
656417;21/01/2025;terça-feira;07:55:00;PR;369;202,3;APUCARANA;Acessar a via sem observar a presença dos outros veículos;Colisão transversal;Com Vítimas Feridas;Pleno dia;Crescente;Céu Claro;Dupla;"Interseção de Vias;Reta";Sim;2;0;1;0;1;0;1;2;-23,54543559;-51,4531213;SPRF-PR;DEL07-PR;UOP03-DEL07-PR
656418;21/01/2025;terça-feira;05:00:00;MG;262;755,1;SACRAMENTO;Desrespeitar a preferência no cruzamento;Colisão transversal;Com Vítimas Feridas;Amanhecer;Decrescente;Céu Claro;Simples;Interseção de Vias;Não;4;0;3;0;1;0;3;2;-19,65112859;-47,54557012;SPRF-MG;DEL13-MG;UOP01-DEL13-MG
656421;21/01/2025;terça-feira;07:45:00;MG;50;173;UBERABA;Ausência de reação do condutor;Tombamento;Com Vítimas Feridas;Pleno dia;Decrescente;Céu Claro;Dupla;"Reta;Declive";Sim;1;0;1;0;0;0;1;1;-19,7624352;-47,97701547;SPRF-MG;DEL13-MG;UOP01-DEL13-MG
656423;21/01/2025;terça-feira;07:40:00;MG;381;1;BETIM;Ausência de reação do condutor;Colisão traseira;Com Vítimas Feridas;Pleno dia;Crescente;Céu Claro;Dupla;Reta;Não;4;0;2;0;2;0;2;2;-19,96917819;-44,15964353;SPRF-MG;DEL01-MG;UOP03-DEL01-MG
656424;21/01/2025;terça-feira;07:30:00;PR;476;115;COLOMBO;Reação tardia ou ineficiente do condutor;Colisão traseira;Com Vítimas Feridas;Amanhecer;Crescente;Nublado;Dupla;Reta;Sim;2;0;1;0;1;0;1;2;-25,34954306;-49,16452646;SPRF-PR;DEL01-PR;UOP01-DEL01-PR
656425;21/01/2025;terça-feira;08:15:00;RJ;116;174;SAO JOAO DE MERITI;Ausência de reação do condutor;Colisão traseira;Com Vítimas Feridas;Pleno dia;Decrescente;Céu Claro;Dupla;Reta;Sim;3;0;1;0;2;0;1;2;-22,79423806;-43,36403759;SPRF-RJ;DEL06-RJ;UOP01-DEL06-RJ
656428;21/01/2025;terça-feira;07:30:00;PB;104;135,8;QUEIMADAS;Condutor deixou de manter distância do veículo da frente;Colisão frontal;Com Vítimas Feridas;Pleno dia;Crescente;Céu Claro;Simples;Reta;Não;2;0;1;0;1;0;1;2;-7,31664;-35,894955;SPRF-PB;DEL02-PB;UOP03-DEL02-PB
656431;09/01/2025;quinta-feira;17:56:00;PR;277;121;CAMPO LARGO;Acessar a via sem observar a presença dos outros veículos;Colisão transversal;Com Vítimas Feridas;Pleno dia;Crescente;Céu Claro;Simples;Declive;Sim;2;0;1;0;0;1;1;2;-25,4465187;-49,48736519;SPRF-PR;DEL03-PR;UOP03-DEL03-PR
656432;21/01/2025;terça-feira;07:20:00;SC;101;210,6;SAO JOSE;Trafegar com motocicleta (ou similar) entre as faixas;Colisão lateral mesmo sentido;Com Vítimas Feridas;Pleno dia;Crescente;Céu Claro;Simples;Reta;Sim;2;0;1;0;0;1;1;2;-27,6167305;-48,6457265;SPRF-SC;DEL01-SC;UOP01-DEL01-SC
656433;21/01/2025;terça-feira;02:00:00;RJ;116;133,6;MAGE;Reação tardia ou ineficiente do condutor;Saída de leito carroçável;Com Vítimas Fatais;Plena Noite;Decrescente;Céu Claro;Simples;Reta;Não;1;1;0;0;0;0;0;1;-22,65418284;-43,14382995;SPRF-RJ;DEL04-RJ;UOP02-DEL04-RJ
656435;21/01/2025;terça-feira;06:30:00;ES;101;265;SERRA;Reação tardia ou ineficiente do condutor;Tombamento;Com Vítimas Feridas;Pleno dia;Crescente;Sol;Dupla;Reta;Sim;2;0;2;0;0;0;2;1;-20,1816849;-40,26536036;SPRF-ES;DEL02-ES;UOP01-DEL02-ES
656436;21/01/2025;terça-feira;09:05:00;MG;50;85;UBERLANDIA;Frear bruscamente;Saída de leito carroçável;Com Vítimas Feridas;Pleno dia;Decrescente;Sol;Dupla;Declive;Não;1;0;1;0;0;0;1;1;-19,00488399;-48,20910294;SPRF-MG;DEL15-MG;UOP01-DEL15-MG
656437;21/01/2025;terça-feira;09:30:00;RN;304;134,9;ANGICOS;Manobra de mudança de faixa;Colisão transversal;Com Vítimas Feridas;Pleno dia;Decrescente;Céu Claro;Simples;Reta;Não;4;0;2;2;0;0;4;2;-5,66107457;-36,73526097;SPRF-RN;DEL04-RN;UOP01-DEL04-RN
656438;21/01/2025;terça-feira;09:00:00;RJ;116;214;SEROPEDICA;Acessar a via sem observar a presença dos outros veículos;Colisão traseira;Com Vítimas Feridas;Pleno dia;Crescente;Céu Claro;Simples;Interseção de Vias;Não;3;0;1;0;2;0;1;2;-22,713438;-43,734085;SPRF-RJ;DEL06-RJ;UOP02-DEL06-RJ
656439;21/01/2025;terça-feira;09:30:00;RJ;465;2;SEROPEDICA;Conversão proibida;Colisão transversal;Com Vítimas Feridas;Pleno dia;Decrescente;Céu Claro;Simples;Reta;Sim;2;0;1;0;1;0;1;2;-22,727266;-43,718712;SPRF-RJ;DEL06-RJ;UOP02-DEL06-RJ
656441;21/01/2025;terça-feira;10:10:00;RS;386;344,8;LAJEADO;Objeto estático sobre o leito carroçável;Colisão com objeto;Com Vítimas Feridas;Pleno dia;Crescente;Sol;Dupla;"Em Obras;Reta";Sim;1;0;1;0;0;0;1;1;-29,439268;-51,993633;SPRF-RS;DEL04-RS;UOP01-DEL04-RS
656442;21/01/2025;terça-feira;10:10:00;RS;290;577;ALEGRETE;Acessar a via sem observar a presença dos outros veículos;Colisão transversal;Com Vítimas Feridas;Pleno dia;Crescente;Céu Claro;Simples;"Interseção de Vias;Reta";Não;2;0;1;0;1;0;1;2;-29,812544;-55,748367;SPRF-RS;DEL13-RS;UOP02-DEL13-RS
656443;21/01/2025;terça-feira;09:40:00;SE;235;2;ARACAJU;Entrada inopinada do pedestre;Atropelamento de Pedestre;Com Vítimas Feridas;Pleno dia;Decrescente;Sol;Dupla;"Declive;Reta";Sim;3;0;1;0;1;1;1;2;-10,9062;-37,1034;SPRF-SE;DEL01-SE;UOP01-DEL01-SE
656444;21/01/2025;terça-feira;10:15:00;ES;101;288;CARIACICA;Ausência de reação do condutor;Colisão transversal;Com Vítimas Fatais;Pleno dia;Crescente;Céu Claro;Dupla;"Reta;Retorno Regulamentado";Sim;3;1;0;0;2;0;0;3;-20,27160351;-40,39091743;SPRF-ES;DEL01-ES;UOP01-DEL01-ES
656445;21/01/2025;terça-feira;07:00:00;PA;308;187;TRACUATEUA;Acessar a via sem observar a presença dos outros veículos;Colisão transversal;Com Vítimas Fatais;Pleno dia;Decrescente;Céu Claro;Simples;Reta;Não;3;1;2;0;0;0;2;2;-1,085483;-46,902207;SPRF-PA;DEL01-PA;UOP03-DEL01-PA
656446;21/01/2025;terça-feira;09:30:00;AC;364;138;RIO BRANCO;Acessar a via sem observar a presença dos outros veículos;Colisão lateral mesmo sentido;Com Vítimas Feridas;Pleno dia;Crescente;Chuva;Dupla;Rotatória;Não;2;0;1;0;1;0;1;2;-9,96112502;-67,85646604;SPRF-AC;DEL01-AC;UOP01-DEL01-AC
656447;21/01/2025;terça-feira;10:20:00;RJ;116;144;DUQUE DE CAXIAS;Reação tardia ou ineficiente do condutor;Tombamento;Com Vítimas Feridas;Pleno dia;Crescente;Céu Claro;Dupla;Reta;Sim;2;0;1;0;0;1;1;1;-22,65737709;-43,24724694;SPRF-RJ;DEL01-RJ;UOP02-DEL01-RJ
656449;21/01/2025;terça-feira;07:35:00;PE;316;268,6;BELEM DE SAO FRANCISCO;Ausência de reação do condutor;Saída de leito carroçável;Com Vítimas Feridas;Amanhecer;Crescente;Céu Claro;Simples;Reta;Não;1;0;1;0;0;0;1;1;-8,70795366;-38,87816217;SPRF-PE;DEL04-PE;UOP03-DEL04-PE
656455;21/01/2025;terça-feira;12:29:00;RJ;116;264;VOLTA REDONDA;Reação tardia ou ineficiente do condutor;Queda de ocupante de veículo;Com Vítimas Feridas;Pleno dia;Crescente;Sol;Múltipla;"Curva;Declive";Não;2;0;2;0;0;0;2;1;-22,59213864;-44,07723781;SPRF-RJ;DEL07-RJ;UOP02-DEL07-RJ
656456;21/01/2025;terça-feira;09:10:00;MG;116;530,8;CARATINGA;Demais falhas mecânicas ou elétricas;Tombamento;Com Vítimas Feridas;Pleno dia;Crescente;Céu Claro;Simples;Reta;Não;2;0;1;0;0;1;1;2;-19,81067298;-42,13539446;SPRF-MG;DEL06-MG;UOP02-DEL06-MG
656457;21/01/2025;terça-feira;11:30:00;PR;369;36,9;ANDIRA;Acessar a via sem observar a presença dos outros veículos;Colisão transversal;Com Vítimas Feridas;Pleno dia;Decrescente;Nublado;Simples;"Interseção de Vias;Reta";Sim;2;0;1;0;1;0;1;2;-23,04485617;-50,23146629;SPRF-PR;DEL07-PR;UOP05-DEL07-PR
656458;21/01/2025;terça-feira;13:00:00;PB;230;16;JOAO PESSOA;Condutor deixou de manter distância do veículo da frente;Engavetamento;Sem Vítimas;Pleno dia;Decrescente;Céu Claro;Dupla;Reta;Sim;4;0;0;0;3;1;0;4;-7,1039;-34,8458;SPRF-PB;DEL01-PB;UOP01-DEL01-PB
656461;21/01/2025;terça-feira;06:40:00;PA;316;119;SANTA MARIA DO PARA;Ultrapassagem Indevida;Colisão frontal;Com Vítimas Feridas;Pleno dia;Decrescente;Céu Claro;Simples;Reta;Sim;4;0;0;1;2;1;1;3;-1,31062901;-47,443276;SPRF-PA;DEL01-PA;UOP02-DEL01-PA
656463;21/01/2025;terça-feira;11:00:00;RJ;101;507,5;ANGRA DOS REIS;Acessar a via sem observar a presença dos outros veículos;Colisão transversal;Com Vítimas Feridas;Pleno dia;Decrescente;Céu Claro;Simples;"Em Obras;Desvio Temporário;Reta";Não;3;0;2;0;0;1;2;3;-22,93795948;-44,41352691;SPRF-RJ;DEL03-RJ;UOP03-DEL03-RJ
656466;21/01/2025;terça-feira;14:00:00;SC;101;73;ARAQUARI;Ausência de reação do condutor;Queda de ocupante de veículo;Com Vítimas Feridas;Pleno dia;Decrescente;Sol;Múltipla;Reta;Não;1;0;1;0;0;0;1;1;-26,53567108;-48,71326731;SPRF-SC;DEL03-SC;UOP02-DEL03-SC
656467;21/01/2025;terça-feira;14:30:00;SC;101;146;ITAPEMA;Reação tardia ou ineficiente do condutor;Colisão traseira;Com Vítimas Feridas;Pleno dia;Decrescente;Céu Claro;Dupla;Reta;Sim;2;0;1;0;1;0;1;1;-27,08666525;-48,60955587;SPRF-SC;DEL04-SC;UOP03-DEL04-SC
656471;21/01/2025;terça-feira;08:00:00;RJ;465;19;NOVA IGUACU;Ultrapassagem Indevida;Colisão transversal;Com Vítimas Feridas;Pleno dia;Crescente;Céu Claro;Simples;Reta;Sim;3;0;1;0;2;0;1;2;-22,839184;-43,610451;SPRF-RJ;DEL06-RJ;UOP02-DEL06-RJ
656472;21/01/2025;terça-feira;14:00:00;PR;376;647;TIJUCAS DO SUL;Entrada inopinada do pedestre;Atropelamento de Pedestre;Com Vítimas Feridas;Pleno dia;Decrescente;Nublado;Dupla;Reta;Não;2;0;0;1;1;0;1;2;-25,83292397;-49,11120797;SPRF-PR;DEL01-PR;UOP04-DEL01-PR
656474;21/01/2025;terça-feira;14:50:00;RJ;101;87;CAMPOS DOS GOYTACAZES;Condutor Dormindo;Saída de leito carroçável;Com Vítimas Feridas;Pleno dia;Decrescente;Chuva;Dupla;Reta;Não;1;0;1;0;0;0;1;1;-21,82626899;-41,49641201;SPRF-RJ;DEL08-RJ;UOP02-DEL08-RJ
656476;21/01/2025;terça-feira;15:00:00;PR;476;144,3;CURITIBA;Condutor deixou de manter distância do veículo da frente;Colisão traseira;Com Vítimas Feridas;Pleno dia;Decrescente;Céu Claro;Dupla;"Reta;Aclive";Sim;2;0;1;0;1;0;1;2;-25,54382897;-49,31437969;SPRF-PR;DEL01-PR;UOP06-DEL01-PR
656477;21/01/2025;terça-feira;13:15:00;RJ;116;2;SAPUCAIA;Conversão proibida;Colisão transversal;Com Vítimas Feridas;Pleno dia;Crescente;Sol;Simples;Reta;Sim;2;0;1;0;1;0;1;2;-21,879488;-42,681053;SPRF-RJ;DEL05-RJ;UOP01-DEL05-RJ