id;data_inversa;dia_semana;horario;uf;br;km;municipio;causa_acidente;tipo_acidente;classificacao_acidente;fase_dia;sentido_via;condicao_metereologica;tipo_pista;tracado_via;uso_solo;pessoas;mortos;feridos_leves;feridos_graves;ilesos;ignorados;feridos;veiculos;latitude;longitude;regional;delegacia;uop
656609;22/01/2025;quarta-feira;06:20:00;PR;277;584;CASCAVEL;Acessar a via sem observar a presença dos outros veículos;Colisão lateral mesmo sentido;Com Vítimas Feridas;Pleno dia;Crescente;Céu Claro;Simples;Interseção de Vias;Sim;2;0;1;0;1;0;1;2;-24,96684176;-53,40258186;SPRF-PR;DEL04-PR;UOP01-DEL04-PR
656610;22/01/2025;quarta-feira;07:58:00;PR;376;1;MARINGA;Demais falhas mecânicas ou elétricas;Tombamento;Com Vítimas Feridas;Pleno dia;Crescente;Céu Claro;Dupla;Reta;Não;1;0;0;1;0;0;1;1;-23,40181966;-51,98078156;SPRF-PR;DEL09-PR;UOP01-DEL09-PR
656611;22/01/2025;quarta-feira;06:15:00;PR;376;501,4;PONTA GROSSA;Ausência de reação do condutor;Saída de leito carroçável;Sem Vítimas;Pleno dia;Crescente;Sol;Dupla;Reta;Não;1;0;0;0;0;1;0;1;-25,164474;-50,117852;SPRF-PR;DEL03-PR;UOP04-DEL03-PR
656613;22/01/2025;quarta-feira;08:30:00;CE;116;3;FORTALEZA;Condutor deixou de manter distância do veículo da frente;Colisão traseira;Com Vítimas Feridas;Pleno dia;Decrescente;Nublado;Dupla;Reta;Não;2;0;1;0;1;0;1;2;-3,78030624;-38,51424694;SPRF-CE;DEL01-CE;UOP02-DEL01-CE
656616;22/01/2025;quarta-feira;08:50:00;PB;230;416,6;POMBAL;Acessar a via sem observar a presença dos outros veículos;Colisão transversal;Com Vítimas Feridas;Pleno dia;Decrescente;Céu Claro;Simples;Declive;Não;2;0;1;0;1;0;1;2;-6,7174;-37,8107;SPRF-PB;DEL03-PB;UOP02-DEL03-PB
656618;22/01/2025;quarta-feira;07:30:00;AL;316;266;SATUBA;Acumulo de água sobre o pavimento;Colisão frontal;Com Vítimas Fatais;Pleno dia;Crescente;Céu Claro;Simples;Declive;Não;3;2;1;0;0;0;1;2;-9,59005875;-35,89598604;SPRF-AL;DEL02-AL;UOP01-DEL02-AL
656619;22/01/2025;quarta-feira;08:40:00;SC;101;40,7;PALHOCA;Reação tardia ou ineficiente do condutor;Colisão com objeto;Com Vítimas Feridas;Pleno dia;Decrescente;Céu Claro;Dupla;Curva;Não;1;0;0;1;0;0;1;1;-27,64984;-48,72553;SPRF-SC;DEL01-SC;UOP02-DEL01-SC
656621;22/01/2025;quarta-feira;08:40:00;MG;381;481,6;CONTAGEM;Ausência de reação do condutor;Colisão lateral mesmo sentido;Com Vítimas Feridas;Pleno dia;Crescente;Céu Claro;Múltipla;Reta;Sim;2;0;1;0;1;0;1;2;-19,9589118;-44,0656654;SPRF-MG;DEL01-MG;UOP03-DEL01-MG
656626;22/01/2025;quarta-feira;07:30:00;SC;282;368;ERVAL VELHO;Acessar a via sem observar a presença dos outros veículos;Colisão transversal;Com Vítimas Feridas;Pleno dia;Decrescente;Céu Claro;Simples;"Interseção de Vias;Reta";Sim;6;0;2;0;4;0;2;2;-27,284508;-51,433643;SPRF-SC;DEL07-SC;UOP05-DEL07-SC
656628;22/01/2025;quarta-feira;08:20:00;SC;116;32;ITAIOPOLIS;Ausência de reação do condutor;Saída de leito carroçável;Com Vítimas Feridas;Pleno dia;Decrescente;Sol;Simples;Reta;Não;1;0;1;0;0;0;1;1;-26,32181178;-49,97952713;SPRF-SC;DEL06-SC;UOP01-DEL06-SC
656631;22/01/2025;quarta-feira;09:42:00;PE;101;49;ABREU E LIMA;Reação tardia ou ineficiente do condutor;Colisão traseira;Com Vítimas Feridas;Pleno dia;Decrescente;Céu Claro;Múltipla;Reta;Sim;2;0;2;0;0;0;2;2;-7,9005152;-34,90180641;SPRF-PE;DEL01-PE;UOP02-DEL01-PE
656634;22/01/2025;quarta-feira;10:20:00;CE;116;24;AQUIRAZ;Acumulo de água sobre o pavimento;Saída de leito carroçável;Com Vítimas Feridas;Pleno dia;Decrescente;Chuva;Dupla;Curva;Não;2;0;1;0;1;0;1;1;-3,95797982;-38,5131124;SPRF-CE;DEL01-CE;UOP02-DEL01-CE
656635;22/01/2025;quarta-feira;10:10:00;GO;40;8,3;LUZIANIA;Reação tardia ou ineficiente do condutor;Colisão traseira;Com Vítimas Feridas;Pleno dia;Crescente;Sol;Dupla;Reta;Não;3;0;1;0;2;0;1;3;-16,116158;-47,96761;SPRF-DF;DEL01-DF;UOP01-DEL01-DF
656637;22/01/2025;quarta-feira;08:00:00;RJ;116;111;GUAPIMIRIM;Velocidade Incompatível;Saída de leito carroçável;Com Vítimas Feridas;Pleno dia;Decrescente;Céu Claro;Dupla;Reta;Sim;2;0;2;0;0;0;2;1;-22,55838319;-42,99482067;SPRF-RJ;DEL04-RJ;UOP02-DEL04-RJ
656639;22/01/2025;quarta-feira;11:15:00;GO;60;52;ABADIANIA;Reação tardia ou ineficiente do condutor;Colisão com objeto;Com Vítimas Feridas;Pleno dia;Decrescente;Céu Claro;Dupla;Reta;Não;6;0;6;0;0;0;6;1;-16,1702;-48,6402;SPRF-GO;DEL02-GO;UOP01-DEL02-GO
656640;22/01/2025;quarta-feira;09:20:00;MS;267;481,2;JARDIM;Acessar a via sem observar a presença dos outros veículos;Colisão transversal;Com Vítimas Feridas;Pleno dia;Crescente;Céu Claro;Simples;Reta;Sim;2;0;1;0;1;0;1;2;-21,48200378;-56,14166021;SPRF-MS;DEL05-MS;UOP01-DEL05-MS
656642;22/01/2025;quarta-feira;11:40:00;PI;316;10;TERESINA;Ausência de reação do condutor;Tombamento;Com Vítimas Feridas;Pleno dia;Crescente;Céu Claro;Dupla;Reta;Sim;1;0;1;0;0;0;1;1;-5,18280197;-42,76350291;SPRF-PI;DEL01-PI;UOP02-DEL01-PI
656643;22/01/2025;quarta-feira;11:40:00;SC;282;4,5;FLORIANOPOLIS;Reação tardia ou ineficiente do condutor;Colisão traseira;Com Vítimas Feridas;Pleno dia;Decrescente;Céu Claro;Dupla;Reta;Sim;3;0;2;0;1;0;2;2;-27,592646;-48,604034;SPRF-SC;DEL01-SC;UOP01-DEL01-SC
656646;22/01/2025;quarta-feira;12:45:00;MG;381;484;BETIM;Ausência de reação do condutor;Tombamento;Com Vítimas Feridas;Pleno dia;Decrescente;Céu Claro;Múltipla;Reta;Sim;1;0;1;0;0;0;1;1;-19,9547211;-44,0983678;SPRF-MG;DEL01-MG;UOP03-DEL01-MG
656648;22/01/2025;quarta-feira;11:20:00;RJ;356;77;ITALVA;Reação tardia ou ineficiente do condutor;Colisão traseira;Sem Vítimas;Pleno dia;Crescente;Sol;Simples;Reta;Sim;3;0;0;0;3;0;0;2;-21,43699107;-41,68072343;SPRF-RJ;DEL08-RJ;UOP03-DEL08-RJ
656649;22/01/2025;quarta-feira;12:20:00;BA;324;517;FEIRA DE SANTANA;Conversão proibida;Colisão transversal;Com Vítimas Feridas;Pleno dia;Decrescente;Céu Claro;Simples;Reta;Sim;2;0;1;0;1;0;1;2;-12,24953308;-38,93362525;SPRF-BA;DEL02-BA;UOP01-DEL02-BA
656650;22/01/2025;quarta-feira;12:30:00;RN;101;96;NATAL;Condutor deixou de manter distância do veículo da frente;Colisão traseira;Com Vítimas Feridas;Pleno dia;Decrescente;Sol;Dupla;Reta;Sim;2;0;1;0;1;0;1;2;-5,84949622;-35,20890752;SPRF-RN;DEL01-RN;UOP01-DEL01-RN
656651;22/01/2025;quarta-feira;12:40:00;MG;153;241,5;FRONTEIRA;Acessar a via sem observar a presença dos outros veículos;Colisão transversal;Com Vítimas Feridas;Pleno dia;Decrescente;Céu Claro;Simples;Reta;Não;5;0;2;1;2;0;3;2;-20,29847332;-49,20614844;SPRF-MG;DEL13-MG;UOP02-DEL13-MG
656652;22/01/2025;quarta-feira;11:00:00;PR;369;24,5;CAMBARA;Reação tardia ou ineficiente do condutor;Colisão transversal;Com Vítimas Feridas;Pleno dia;Decrescente;Céu Claro;Simples;"Declive;Em Obras";Não;4;0;0;1;3;0;1;2;-23,038359;-50,124856;SPRF-PR;DEL07-PR;UOP05-DEL07-PR
656653;22/01/2025;quarta-feira;12:30:00;RN;101;96;NATAL;Condutor deixou de manter distância do veículo da frente;Engavetamento;Sem Vítimas;Pleno dia;Decrescente;Sol;Dupla;Reta;Sim;3;0;0;0;3;0;0;3;-5,84949622;-35,20890752;SPRF-RN;DEL01-RN;UOP01-DEL01-RN
656654;22/01/2025;quarta-feira;12:50:00;SC;470;317,5;CAMPOS NOVOS;Demais falhas mecânicas ou elétricas;Incêndio;Sem Vítimas;Pleno dia;Crescente;Céu Claro;Simples;Reta;Sim;1;0;0;0;0;1;0;1;-27,404869;-51,206257;SPRF-SC;DEL07-SC;UOP06-DEL07-SC
656656;22/01/2025;quarta-feira;13:20:00;PR;277;2,8;PARANAGUA;Demais falhas mecânicas ou elétricas;Tombamento;Com Vítimas Feridas;Pleno dia;Crescente;Chuva;Dupla;Reta;Sim;1;0;1;0;0;0;1;1;-25,5205;-48,5095;SPRF-PR;DEL01-PR;UOP05-DEL01-PR
656659;22/01/2025;quarta-feira;14:15:00;ES;101;280,9;SERRA;Pista esburacada;Tombamento;Com Vítimas Feridas;Pleno dia;Crescente;Céu Claro;Simples;Reta;Não;1;0;1;0;0;0;1;1;-20,21828666;-40,34895595;SPRF-ES;DEL02-ES;UOP01-DEL02-ES
656660;22/01/2025;quarta-feira;13:40:00;PE;101;69,1;RECIFE;Acessar a via sem observar a presença dos outros veículos;Colisão traseira;Com Vítimas Feridas;Pleno dia;Crescente;Céu Claro;Múltipla;Reta;Sim;4;0;2;0;2;0;2;3;-8,060847;-34,945717;SPRF-PE;DEL01-PE;UOP01-DEL01-PE
656662;22/01/2025;quarta-feira;11:40:00;AL;101;50,9;FLEXEIRAS;Demais falhas mecânicas ou elétricas;Incêndio;Sem Vítimas;Pleno dia;Decrescente;Céu Claro;Dupla;Curva;Não;3;0;0;0;3;0;0;1;-9,23058131;-35,77286231;SPRF-AL;DEL01-AL;UOP02-DEL01-AL
656665;22/01/2025;quarta-feira;13:40:00;SE;235;0;ARACAJU;Reação tardia ou ineficiente do condutor;Colisão lateral mesmo sentido;Com Vítimas Feridas;Pleno dia;Crescente;Sol;Dupla;"Interseção de Vias;Rotatória";Sim;3;0;2;0;0;1;2;2;-10,9087;-37,0855;SPRF-SE;DEL01-SE;UOP01-DEL01-SE
656666;22/01/2025;quarta-feira;14:30:00;MG;116;441;ENGENHEIRO CALDAS;Ausência de reação do condutor;Saída de leito carroçável;Com Vítimas Feridas;Pleno dia;Crescente;Céu Claro;Simples;Curva;Não;2;0;2;0;0;0;2;1;-19,07303683;-42,00329661;SPRF-MG;DEL06-MG;UOP01-DEL06-MG
656667;22/01/2025;quarta-feira;14:15:00;RJ;101;203;CASIMIRO DE ABREU;Ingestão de álcool pelo condutor;Colisão traseira;Sem Vítimas;Pleno dia;Crescente;Céu Claro;Simples;Reta;Não;4;0;0;0;4;0;0;2;-22,47557761;-42,17219006;SPRF-RJ;DEL08-RJ;UOP04-DEL08-RJ
656668;22/01/2025;quarta-feira;13:11:00;MA;10;263;IMPERATRIZ;Acesso irregular;Colisão traseira;Com Vítimas Feridas;Pleno dia;Decrescente;Céu Claro;Simples;Reta;Sim;2;0;1;0;1;0;1;2;-5,436281;-47,472649;SPRF-MA;DEL04-MA;UOP01-DEL04-MA
656673;04/01/2025;sábado;09:15:00;GO;364;69;CACHOEIRA ALTA;Ausência de reação do condutor;Saída de leito carroçável;Com Vítimas Feridas;Pleno dia;Crescente;Chuva;Simples;"Aclive;Curva";Não;2;0;2;0;0;0;2;1;-18,663525;-50,993385;SPRF-GO;DEL05-GO;UOP02-DEL05-GO
656674;03/01/2025;sexta-feira;20:00:00;PE;424;86;GARANHUNS;Ingestão de álcool pelo condutor;Colisão lateral sentido oposto;Com Vítimas Feridas;Plena Noite;Decrescente;Céu Claro;Simples;Reta;Sim;5;0;1;0;4;0;1;2;-8,86552886;-36,50934159;SPRF-PE;DEL03-PE;UOP01-DEL03-PE
656681;22/01/2025;quarta-feira;14:18:00;SE;101;171;SANTA LUZIA DO ITANHY;Acessar a via sem observar a presença dos outros veículos;Colisão lateral mesmo sentido;Com Vítimas Feridas;Pleno dia;Crescente;Céu Claro;Simples;Reta;Não;2;0;0;1;1;0;1;2;-11,33387805;-37,57638299;SPRF-SE;DEL02-SE;UOP01-DEL02-SE
656682;22/01/2025;quarta-feira;15:20:00;MG;262;36,5;MANHUACU;Acumulo de areia ou detritos sobre o pavimento;Queda de ocupante de veículo;Com Vítimas Feridas;Pleno dia;Decrescente;Nublado;Simples;Rotatória;Sim;1;0;1;0;0;0;1;1;-20,25932046;-42,02298331;SPRF-MG;DEL06-MG;UOP03-DEL06-MG
656683;22/01/2025;quarta-feira;15:50:00;GO;70;9;AGUAS LINDAS DE GOIAS;Ingestão de álcool pelo condutor;Saída de leito carroçável;Com Vítimas Feridas;Pleno dia;Decrescente;Céu Claro;Múltipla;Reta;Sim;3;0;1;1;1;0;2;2;-15,73576731;-48,28288046;SPRF-DF;DEL03-DF;UOP02-DEL03-DF
656684;22/01/2025;quarta-feira;15:15:00;PR;369;161,8;CAMBE;Condutor deixou de manter distância do veículo da frente;Colisão traseira;Sem Vítimas;Pleno dia;Crescente;Chuva;Dupla;Declive;Sim;2;0;0;0;2;0;0;2;-23,2926583;-51,2672915;SPRF-PR;DEL07-PR;UOP01-DEL07-PR
656685;22/01/2025;quarta-feira;16:25:00;SC;480;129;CHAPECO;Acesso irregular;Colisão frontal;Com Vítimas Feridas;Pleno dia;Crescente;Céu Claro;Simples;Curva;Sim;2;0;1;0;1;0;1;2;-27,03965216;-52,63510108;SPRF-SC;DEL07-SC;UOP01-DEL07-SC
656686;22/01/2025;quarta-feira;16:00:00;MG;40;780,5;JUIZ DE FORA;Pista Escorregadia;Tombamento;Com Vítimas Feridas;Pleno dia;Crescente;Nublado;Dupla;Curva;Não;2;0;0;1;1;0;1;1;-21,67939981;-43,44987329;SPRF-MG;DEL05-MG;UOP01-DEL05-MG
656688;22/01/2025;quarta-feira;11:35:00;MG;262;37,5;MANHUACU;Acessar a via sem observar a presença dos outros veículos;Colisão transversal;Com Vítimas Feridas;Pleno dia;Decrescente;Céu Claro;Simples;Reta;Não;2;0;1;0;0;1;1;2;-20,25748975;-42,03048732;SPRF-MG;DEL06-MG;UOP03-DEL06-MG
656689;22/01/2025;quarta-feira;16:30:00;SP;116;58,3;GUARATINGUETA;Ausência de sinalização;Colisão traseira;Com Vítimas Feridas;Pleno dia;Crescente;Nublado;Dupla;Reta;Sim;1;0;1;0;0;0;1;1;-22,78005511;-45,14572791;SPRF-SP;DEL08-SP;UOP01-DEL08-SP
656690;22/01/2025;quarta-feira;16:30:00;MG;381;896,4;CAMBUI;Avarias e/ou desgaste excessivo no pneu;Colisão com objeto;Sem Vítimas;Pleno dia;Crescente;Chuva;Dupla;Curva;Não;1;0;0;0;1;0;0;1;-22,59457793;-46,05621099;SPRF-MG;DEL16-MG;UOP01-DEL16-MG
656694;22/01/2025;quarta-feira;17:15:00;RS;472;139;TRES DE MAIO;Acessar a via sem observar a presença dos outros veículos;Colisão transversal;Com Vítimas Feridas;Pleno dia;Crescente;Sol;Simples;Reta;Não;2;0;2;0;0;0;2;2;-27,77433212;-54,301426;SPRF-RS;DEL10-RS;UOP01-DEL10-RS
656695;22/01/2025;quarta-feira;17:20:00;SC;470;121,5;IBIRAMA;Transitar na contramão;Colisão frontal;Com Vítimas Feridas;Anoitecer;Crescente;Céu Claro;Dupla;"Curva;Declive";Não;4;0;0;4;0;0;4;2;-27,09624249;-49,53099132;SPRF-SC;DEL04-SC;UOP02-DEL04-SC
656696;22/01/2025;quarta-feira;16:30:00;GO;40;11;LUZIANIA;Área urbana sem a presença de local apropriado para a travessia de pedestres;Atropelamento de Pedestre;Com Vítimas Feridas;Pleno dia;Crescente;Sol;Dupla;Reta;Sim;2;0;0;1;1;0;1;2;-16,138336;-47,951644;SPRF-DF;DEL01-DF;UOP01-DEL01-DF
656697;22/01/2025;quarta-feira;17:00:00;PR;376;299,4;MAUA DA SERRA;Velocidade Incompatível;Capotamento;Com Vítimas Feridas;Pleno dia;Decrescente;Chuva;Dupla;Curva;Não;4;0;2;0;2;0;2;1;-23,93589703;-51,13894199;SPRF-PR;DEL07-PR;UOP02-DEL07-PR
656698;22/01/2025;quarta-feira;17:30:00;RS;290;91;PORTO ALEGRE;Manobra de mudança de faixa;Colisão lateral mesmo sentido;Com Vítimas Feridas;Pleno dia;Decrescente;Céu Claro;Dupla;"Retorno Regulamentado;Reta";Sim;3;0;1;0;2;0;1;2;-29,969055;-51,167439;SPRF-RS;DEL01-RS;UOP01-DEL01-RS
656699;22/01/2025;quarta-feira;14:50:00;RJ;101;508;ANGRA DOS REIS;Condutor deixou de manter distância do veículo da frente;Colisão traseira;Com Vítimas Feridas;Pleno dia;Crescente;Céu Claro;Simples;Reta;Sim;5;0;1;0;4;0;1;2;-22,94163902;-44,42239099;SPRF-RJ;DEL03-RJ;UOP03-DEL03-RJ
656700;22/01/2025;quarta-feira;17:15:00;BA;101;191;CONCEICAO DA FEIRA;Desrespeitar a preferência no cruzamento;Colisão transversal;Com Vítimas Feridas;Pleno dia;Decrescente;Céu Claro;Dupla;Interseção de Vias;Não;2;0;1;0;1;0;1;2;-12,59676106;-38,99611595;SPRF-BA;DEL01-BA;UOP03-DEL01-BA
656701;22/01/2025;quarta-feira;17:20:00;SC;101;204,5;FLORIANOPOLIS;Reação tardia ou ineficiente do condutor;Colisão lateral mesmo sentido;Com Vítimas Feridas;Pleno dia;Crescente;Céu Claro;Múltipla;Reta;Sim;2;0;1;0;0;1;1;2;-27,57413014;-48,61363083;SPRF-SC;DEL01-SC;UOP01-DEL01-SC
656702;22/01/2025;quarta-feira;14:30:00;BA;20;74;SAO DESIDERIO;Acessar a via sem observar a presença dos outros veículos;Colisão transversal;Com Vítimas Feridas;Pleno dia;Crescente;Nublado;Simples;"Interseção de Vias;Reta";Não;4;0;2;0;2;0;2;2;-13,29082168;-46,05734825;SPRF-BA;DEL10-BA;UOP01-DEL10-BA
656703;22/01/2025;quarta-feira;17:15:00;SP;153;62,8;SAO JOSE DO RIO PRETO;Manobra de mudança de faixa;Colisão lateral mesmo sentido;Com Vítimas Feridas;Pleno dia;Crescente;Céu Claro;Dupla;"Reta;Aclive";Sim;2;0;1;0;1;0;1;2;-20,81325404;-49,35675563;SPRF-SP;DEL09-SP;UOP01-DEL09-SP
656704;22/01/2025;quarta-feira;16:25:00;PR;116;40;CAMPINA GRANDE DO SUL;Reação tardia ou ineficiente do condutor;Queda de ocupante de veículo;Com Vítimas Feridas;Pleno dia;Crescente;Chuva;Dupla;Reta;Não;1;0;1;0;0;0;1;1;-25,16445203;-48,86237697;SPRF-PR;DEL01-PR;UOP02-DEL01-PR
656705;22/01/2025;quarta-feira;17:35:00;RS;116;527,7;CAPAO DO LEAO;Condutor deixou de manter distância do veículo da frente;Colisão traseira;Com Vítimas Feridas;Pleno dia;Crescente;Céu Claro;Simples;Reta;Não;3;0;1;0;2;0;1;2;-31,7470243;-52,40899728;SPRF-RS;DEL07-RS;UOP01-DEL07-RS
656708;22/01/2025;quarta-feira;17:30:00;SC;282;5,3;SAO JOSE;Reação tardia ou ineficiente do condutor;Colisão traseira;Sem Vítimas;Pleno dia;Crescente;Céu Claro;Dupla;Reta;Sim;2;0;0;0;1;1;0;2;-27,588425;-48,612919;SPRF-SC;DEL01-SC;UOP01-DEL01-SC
656712;22/01/2025;quarta-feira;17:30:00;DF;60;7,1;BRASILIA;Reação tardia ou ineficiente do condutor;Queda de ocupante de veículo;Com Vítimas Feridas;Pleno dia;Decrescente;Céu Claro;Dupla;Reta;Sim;2;0;2;0;0;0;2;1;-15,901237;-48,122334;SPRF-DF;DEL03-DF;UOP01-DEL03-DF
656713;22/01/2025;quarta-feira;14:30:00;MT;70;649;CACERES;Reação tardia ou ineficiente do condutor;Capotamento;Com Vítimas Feridas;Pleno dia;Crescente;Céu Claro;Simples;Reta;Não;5;0;1;0;4;0;1;1;-15,93563878;-57,11966185;SPRF-MT;DEL03-MT;UOP02-DEL03-MT
656714;13/01/2025;segunda-feira;14:24:00;BA;324;625;SALVADOR;Acessar a via sem observar a presença dos outros veículos;Queda de ocupante de veículo;Com Vítimas Feridas;Pleno dia;Crescente;Nublado;Múltipla;Interseção de Vias;Sim;2;0;1;0;0;1;1;2;-12,94194706;-38,47081224;SPRF-BA;DEL01-BA;UOP01-DEL01-BA
656715;22/01/2025;quarta-feira;18:37:00;CE;116;18;ITAITINGA;Acessar a via sem observar a presença dos outros veículos;Colisão lateral mesmo sentido;Com Vítimas Feridas;Plena Noite;Crescente;Ignorado;Dupla;Reta;Sim;4;0;1;0;3;0;1;3;-3,90496605;-38,50518756;SPRF-CE;DEL01-CE;UOP02-DEL01-CE
656716;22/01/2025;quarta-feira;18:20:00;RJ;116;186;NOVA IGUACU;Ausência de reação do condutor;Colisão lateral mesmo sentido;Com Vítimas Feridas;Anoitecer;Decrescente;Céu Claro;Dupla;Reta;Sim;2;0;1;0;1;0;1;2;-22,73962339;-43,46276495;SPRF-RJ;DEL06-RJ;UOP01-DEL06-RJ
656717;22/01/2025;quarta-feira;19:00:00;CE;222;4;CAUCAIA;Condutor deixou de manter distância do veículo da frente;Colisão traseira;Com Vítimas Feridas;Plena Noite;Crescente;Céu Claro;Dupla;Reta;Sim;3;0;1;1;1;0;2;2;-3,74164754;-38,60449792;SPRF-CE;DEL01-CE;UOP01-DEL01-CE
656718;22/01/2025;quarta-feira;18:35:00;RS;287;250;SANTA MARIA;Animais na Pista;Colisão traseira;Com Vítimas Feridas;Pleno dia;Crescente;Céu Claro;Dupla;Reta;Não;5;0;1;0;3;1;1;4;-29,69077137;-53,87064812;SPRF-RS;DEL09-RS;UOP01-DEL09-RS
656719;22/01/2025;quarta-feira;19:00:00;SC;101;215,2;PALHOCA;Acessar a via sem observar a presença dos outros veículos;Colisão lateral mesmo sentido;Com Vítimas Feridas;Anoitecer;Decrescente;Céu Claro;Dupla;"Reta;Viaduto";Sim;2;0;2;0;0;0;2;2;-27,65184843;-48,67604941;SPRF-SC;DEL01-SC;UOP02-DEL01-SC
656721;22/01/2025;quarta-feira;17:20:00;MG;40;792,5;JUIZ DE FORA;Ausência de reação do condutor;Colisão com objeto;Com Vítimas Feridas;Pleno dia;Decrescente;Nublado;Dupla;Curva;Sim;3;0;2;1;0;0;3;1;-21,7848652;-43,41450125;SPRF-MG;DEL05-MG;UOP01-DEL05-MG
656722;22/01/2025;quarta-feira;18:30:00;MG;381;379;SAO GONCALO DO RIO ABAIXO;Acessar a via sem observar a presença dos outros veículos;Colisão transversal;Com Vítimas Feridas;Anoitecer;Decrescente;Céu Claro;Simples;Curva;Não;2;0;1;0;1;0;1;2;-19,83530691;-43,36946606;SPRF-MG;DEL01-MG;UOP01-DEL01-MG
656724;22/01/2025;quarta-feira;18:25:00;MG;116;412;GOVERNADOR VALADARES;Condutor deixou de manter distância do veículo da frente;Colisão traseira;Sem Vítimas;Plena Noite;Crescente;Céu Claro;Simples;Retorno Regulamentado;Sim;2;0;0;0;2;0;0;2;-18,86882342;-41,97144241;SPRF-MG;DEL06-MG;UOP01-DEL06-MG
656725;22/01/2025;quarta-feira;19:20:00;RS;116;262;CANOAS;Ausência de reação do condutor;Colisão traseira;Com Vítimas Feridas;Anoitecer;Decrescente;Céu Claro;Múltipla;Reta;Sim;2;0;1;0;1;0;1;2;-29,896475;-51,17593;SPRF-RS;DEL01-RS;UOP01-DEL01-RS
656727;22/01/2025;quarta-feira;16:04:00;PA;163;64,8;ALTAMIRA;Reação tardia ou ineficiente do condutor;Saída de leito carroçável;Com Vítimas Feridas;Pleno dia;Crescente;Céu Claro;Simples;Declive;Não;2;0;2;0;0;0;2;1;-9,04260577;-54,92817587;SPRF-MT;DEL06-MT;UOP03-DEL06-MT
656730;22/01/2025;quarta-feira;14:00:00;RJ;465;5;SEROPEDICA;Ausência de reação do condutor;Queda de ocupante de veículo;Com Vítimas Feridas;Pleno dia;Crescente;Céu Claro;Simples;Reta;Sim;2;0;1;0;1;0;1;2;-22,747673;-43,699196;SPRF-RJ;DEL06-RJ;UOP02-DEL06-RJ
656731;22/01/2025;quarta-feira;19:50:00;SP;101;45;UBATUBA;Ausência de reação do condutor;Tombamento;Com Vítimas Feridas;Plena Noite;Crescente;Céu Claro;Simples;Reta;Sim;1;0;1;0;0;0;1;1;-23,41779396;-45,06788408;SPRF-SP;DEL06-SP;UOP01-DEL06-SP
656733;22/01/2025;quarta-feira;18:30:00;SE;235;34;AREIA BRANCA;Acessar a via sem observar a presença dos outros veículos;Colisão transversal;Sem Vítimas;Plena Noite;Crescente;Céu Claro;Simples;"Interseção de Vias;Reta";Sim;2;0;0;0;2;0;0;2;-10,760385;-37,313049;SPRF-SE;DEL01-SE;UOP02-DEL01-SE
656734;22/01/2025;quarta-feira;18:48:00;MT;364;272,2;JACIARA;Reação tardia ou ineficiente do condutor;Colisão traseira;Com Vítimas Feridas;Plena Noite;Decrescente;Chuva;Dupla;"Curva;Rotatória";Sim;2;0;1;0;0;1;1;2;-15,96667987;-54,96121981;SPRF-MT;DEL05-MT;UOP02-DEL05-MT
656735;22/01/2025;quarta-feira;20:00:00;MG;381;483;BETIM;Ausência de reação do condutor;Colisão traseira;Com Vítimas Feridas;Plena Noite;Crescente;Céu Claro;Dupla;"Curva;Declive";Sim;2;0;0;1;1;0;1;2;-19,958315;-44,080283;SPRF-MG;DEL01-MG;UOP03-DEL01-MG
656736;22/01/2025;quarta-feira;16:50:00;MG;381;907;CAMBUI;Pista Escorregadia;Tombamento;Com Vítimas Feridas;Pleno dia;Decrescente;Garoa/Chuvisco;Dupla;"Curva;Declive";Não;1;0;1;0;0;0;1;1;-22,67744885;-46,09839462;SPRF-MG;DEL16-MG;UOP03-DEL16-MG
656738;22/01/2025;quarta-feira;20:10:00;CE;222;5;CAUCAIA;Ausência de reação do condutor;Colisão com objeto;Com Vítimas Feridas;Plena Noite;Crescente;Céu Claro;Dupla;Reta;Sim;1;0;1;0;0;0;1;1;-3,74296918;-38,61330997;SPRF-CE;DEL01-CE;UOP01-DEL01-CE
656740;22/01/2025;quarta-feira;17:45:00;RJ;465;14;SEROPEDICA;Trafegar com motocicleta (ou similar) entre as faixas;Colisão transversal;Com Vítimas Feridas;Anoitecer;Crescente;Sol;Simples;Reta;Sim;3;0;0;1;1;1;1;2;-22,804979;-43,638828;SPRF-RJ;DEL06-RJ;UOP02-DEL06-RJ
656742;22/01/2025;quarta-feira;19:30:00;MG;365;241;JOAO PINHEIRO;Entrada inopinada do pedestre;Atropelamento de Pedestre;Com Vítimas Feridas;Plena Noite;Crescente;Céu Claro;Simples;Reta;Não;2;0;0;1;1;0;1;2;-17,76908394;-45,41775659;SPRF-MG;DEL10-MG;UOP02-DEL010-MG
656743;22/01/2025;quarta-feira;19:30:00;BA;410;24;TUCANO;Condutor deixou de manter distância do veículo da frente;Colisão traseira;Com Vítimas Feridas;Plena Noite;Crescente;Céu Claro;Simples;Reta;Não;1;0;0;1;0;0;1;1;-10,93410721;-38,71143983;SPRF-BA;DEL07-BA;UOP02-DEL07-BA