id;data_inversa;dia_semana;horario;uf;br;km;municipio;causa_acidente;tipo_acidente;classificacao_acidente;fase_dia;sentido_via;condicao_metereologica;tipo_pista;tracado_via;uso_solo;pessoas;mortos;feridos_leves;feridos_graves;ilesos;ignorados;feridos;veiculos;latitude;longitude;regional;delegacia;uop
656744;22/01/2025;quarta-feira;20:38:00;RJ;465;22;NOVA IGUACU;Acessar a via sem observar a presença dos outros veículos;Colisão lateral mesmo sentido;Com Vítimas Feridas;Pleno dia;Crescente;Ignorado;Simples;Reta;Sim;3;0;2;0;1;0;2;2;-22,863579;-43,601479;SPRF-RJ;DEL03-RJ;UOP01-DEL03-RJ
656745;22/01/2025;quarta-feira;21:20:00;ES;101;147,3;LINHARES;Acessar a via sem observar a presença dos outros veículos;Colisão transversal;Com Vítimas Feridas;Plena Noite;Crescente;Céu Claro;Simples;"Interseção de Vias;Rotatória";Sim;2;0;1;0;1;0;1;2;-19,37887202;-40,06657892;SPRF-ES;DEL04-ES;UOP01-DEL04-ES
656746;22/01/2025;quarta-feira;20:00:00;RS;101;63,2;MAQUINE;Transitar na contramão;Colisão frontal;Sem Vítimas;Plena Noite;Crescente;Céu Claro;Simples;Declive;Sim;2;0;0;0;2;0;0;2;-29,69621105;-50,16781159;SPRF-RS;DEL03-RS;UOP02-DEL03-RS
656748;22/01/2025;quarta-feira;22:17:00;MG;40;515;RIBEIRAO DAS NEVES;Ausência de reação do condutor;Saída de leito carroçável;Sem Vítimas;Plena Noite;Decrescente;Nublado;Dupla;"Declive;Reta";Não;1;0;0;0;0;1;0;1;-19,8090079;-44,09493479;SPRF-MG;DEL01-MG;UOP02-DEL01-MG
656751;22/01/2025;quarta-feira;21:55:00;SP;116;199;ARUJA;Reação tardia ou ineficiente do condutor;Colisão lateral mesmo sentido;Com Vítimas Feridas;Plena Noite;Crescente;Nublado;Dupla;"Aclive;Reta";Sim;5;0;1;0;4;0;1;3;-23,401978;-46,312678;SPRF-SP;DEL01-SP;UOP01-DEL01-SP
656752;22/01/2025;quarta-feira;20:00:00;MT;163;834;SINOP;Ingestão de álcool pelo condutor;Queda de ocupante de veículo;Sem Vítimas;Plena Noite;Crescente;Nublado;Simples;Reta;Sim;1;0;0;0;1;0;0;1;-11,870213;-55,498047;SPRF-MT;DEL06-MT;UOP02-DEL06-MT
656753;22/01/2025;quarta-feira;21:50:00;SC;101;205,5;SAO JOSE;Ausência de reação do condutor;Colisão traseira;Sem Vítimas;Plena Noite;Decrescente;Nublado;Simples;Reta;Sim;2;0;0;0;1;1;0;2;-27,58313237;-48,61532885;SPRF-SC;DEL01-SC;UOP01-DEL01-SC
656754;22/01/2025;quarta-feira;21:50:00;MG;40;697;BARBACENA;Avarias e/ou desgaste excessivo no pneu;Saída de leito carroçável;Com Vítimas Fatais;Plena Noite;Crescente;Céu Claro;Dupla;"Declive;Curva;Interseção de Vias";Sim;1;1;0;0;0;0;0;1;-21,18123052;-43,75566959;SPRF-MG;DEL05-MG;UOP02-DEL05-MG
656755;22/01/2025;quarta-feira;20:50:00;MS;267;20,6;BATAGUASSU;Acessar a via sem observar a presença dos outros veículos;Colisão transversal;Com Vítimas Feridas;Plena Noite;Decrescente;Nublado;Simples;"Declive;Reta";Não;3;0;2;0;1;0;2;2;-21,72671;-52,335178;SPRF-MS;DEL02-MS;UOP04-DEL02-MS
656756;22/01/2025;quarta-feira;22:50:00;RS;116;38;VACARIA;Conversão proibida;Colisão frontal;Com Vítimas Feridas;Plena Noite;Crescente;Céu Claro;Simples;Reta;Sim;2;0;1;0;1;0;1;2;-28,50548;-50,92516;SPRF-RS;DEL05-RS;UOP03-DEL05-RS
656757;22/01/2025;quarta-feira;23:30:00;SC;101;216;PALHOCA;Acessar a via sem observar a presença dos outros veículos;Colisão traseira;Com Vítimas Feridas;Plena Noite;Decrescente;Nublado;Simples;"Interseção de Vias;Reta";Sim;3;0;0;1;0;2;1;3;-27,65981409;-48,67747798;SPRF-SC;DEL01-SC;UOP02-DEL01-SC
656759;22/01/2025;quarta-feira;23:45:00;SP;116;66,2;GUARATINGUETA;Ausência de reação do condutor;Colisão lateral mesmo sentido;Com Vítimas Feridas;Plena Noite;Crescente;Ignorado;Dupla;Reta;Não;2;0;1;0;1;0;1;2;-22,82270215;-45,20193286;SPRF-SP;DEL08-SP;UOP01-DEL08-SP
656760;23/01/2025;quinta-feira;00:01:00;RN;226;80;TANGARA;Transitar na contramão;Colisão frontal;Com Vítimas Fatais;Plena Noite;Crescente;Céu Claro;Simples;Curva;Não;3;1;1;0;1;0;1;2;-6,19172946;-35,79119344;SPRF-RN;DEL01-RN;UOP02-DEL01-RN
656761;22/01/2025;quarta-feira;23:40:00;SP;116;215;GUARULHOS;Ausência de reação do condutor;Colisão com objeto;Sem Vítimas;Plena Noite;Crescente;Nublado;Múltipla;Reta;Sim;1;0;0;0;0;1;0;1;-23,44695693;-46,45394103;SPRF-SP;DEL01-SP;UOP01-DEL01-SP
656762;23/01/2025;quinta-feira;00:10:00;SP;116;160;JACAREI;Condutor Dormindo;Colisão traseira;Com Vítimas Feridas;Plena Noite;Decrescente;Céu Claro;Dupla;Reta;Não;2;0;1;0;1;0;1;2;-23,27101606;-45,96787896;SPRF-SP;DEL02-SP;UOP01-DEL02-SP
656765;23/01/2025;quinta-feira;01:15:00;SP;153;280;OCAUCU;Ausência de reação do condutor;Saída de leito carroçável;Com Vítimas Feridas;Plena Noite;Crescente;Nublado;Simples;Interseção de Vias;Não;1;0;1;0;0;0;1;1;-22,41321412;-49,86091715;SPRF-SP;DEL07-SP;UOP02-DEL07-SP
656766;22/01/2025;quarta-feira;20:00:00;BA;349;1029;CORRENTINA;Velocidade Incompatível;Colisão traseira;Com Vítimas Feridas;Plena Noite;Crescente;Nublado;Simples;Reta;Não;2;0;1;1;0;0;2;2;-13,63230753;-45,58673859;SPRF-BA;DEL10-BA;UOP02-DEL10-BA
656767;23/01/2025;quinta-feira;03:00:00;PR;369;133;IBIPORA;Reação tardia ou ineficiente do condutor;Tombamento;Com Vítimas Feridas;Plena Noite;Decrescente;Céu Claro;Dupla;Declive;Não;1;0;1;0;0;0;1;1;-23,26033461;-51,00784355;SPRF-PR;DEL07-PR;UOP01-DEL07-PR
656772;23/01/2025;quinta-feira;04:53:00;RJ;101;389;RIO DE JANEIRO;Acesso irregular;Colisão frontal;Com Vítimas Feridas;Pleno dia;Crescente;Céu Claro;Dupla;Reta;Não;2;0;1;0;1;0;1;2;-22,89077885;-43,66684705;SPRF-RJ;DEL03-RJ;UOP01-DEL03-RJ
656775;23/01/2025;quinta-feira;06:02:00;PE;101;40;IGARASSU;Reação tardia ou ineficiente do condutor;Colisão traseira;Com Vítimas Feridas;Amanhecer;Crescente;Sol;Múltipla;Reta;Não;3;0;1;1;0;1;2;2;-7,821475;-34,916545;SPRF-PE;DEL01-PE;UOP02-DEL01-PE
656777;23/01/2025;quinta-feira;05:50:00;SC;282;3,8;FLORIANOPOLIS;Reação tardia ou ineficiente do condutor;Saída de leito carroçável;Sem Vítimas;Amanhecer;Crescente;Nublado;Múltipla;Curva;Sim;1;0;0;0;0;1;0;1;-27,600384;-48,599705;SPRF-SC;DEL01-SC;UOP01-DEL01-SC
656778;23/01/2025;quinta-feira;02:20:00;MT;163;929;ITAUBA;Ausência de reação do condutor;Atropelamento de Animal;Sem Vítimas;Plena Noite;Crescente;Céu Claro;Simples;Reta;Não;1;0;0;0;1;0;0;1;-11,18101607;-55,31012039;SPRF-MT;DEL06-MT;UOP02-DEL06-MT
656779;23/01/2025;quinta-feira;06:10:00;MG;365;607;UBERLANDIA;Reação tardia ou ineficiente do condutor;Colisão com objeto;Com Vítimas Feridas;Pleno dia;Decrescente;Céu Claro;Simples;Reta;Não;1;0;0;1;0;0;1;1;-18,92245913;-48,18448691;SPRF-MG;DEL15-MG;UOP01-DEL15-MG
656780;23/01/2025;quinta-feira;06:45:00;GO;60;99;ANAPOLIS;Acessar a via sem observar a presença dos outros veículos;Colisão transversal;Com Vítimas Feridas;Pleno dia;Decrescente;Céu Claro;Dupla;Reta;Não;2;0;2;0;0;0;2;2;-16,390216;-48,957749;SPRF-GO;DEL02-GO;UOP01-DEL02-GO
656781;22/01/2025;quarta-feira;20:00:00;SC;280;128;RIO NEGRINHO;Conversão proibida;Colisão lateral mesmo sentido;Com Vítimas Feridas;Plena Noite;Decrescente;Céu Claro;Simples;Interseção de Vias;Sim;3;0;1;0;2;0;1;2;-26,24317941;-49,51320018;SPRF-SC;DEL06-SC;UOP03-DEL06-SC
656782;22/01/2025;quarta-feira;23:30:00;RJ;116;144;DUQUE DE CAXIAS;Ingestão de álcool pelo condutor;Saída de leito carroçável;Sem Vítimas;Plena Noite;Decrescente;Céu Claro;Dupla;Reta;Sim;1;0;0;0;1;0;0;1;-22,65737709;-43,24724694;SPRF-RJ;DEL01-RJ;UOP02-DEL01-RJ
656784;19/01/2025;domingo;21:23:00;RJ;101;313;SAO GONCALO;Pedestre cruzava a pista fora da faixa;Atropelamento de Pedestre;Com Vítimas Feridas;Plena Noite;Crescente;Céu Claro;Dupla;Reta;Sim;2;0;0;1;1;0;1;2;-22,81049093;-43,06983304;SPRF-RJ;DEL02-RJ;UOP02-DEL02-RJ
656785;23/01/2025;quinta-feira;05:15:00;PR;376;42,6;NOVA LONDRINA;Ultrapassagem Indevida;Colisão frontal;Com Vítimas Fatais;Plena Noite;Decrescente;Céu Claro;Simples;Reta;Não;2;1;1;0;0;0;1;2;-22,85198276;-52,97393773;SPRF-PR;DEL09-PR;UOP02-DEL09-PR
656786;23/01/2025;quinta-feira;07:00:00;SP;116;219;GUARULHOS;Reação tardia ou ineficiente do condutor;Colisão lateral mesmo sentido;Com Vítimas Feridas;Pleno dia;Crescente;Nublado;Múltipla;"Em Obras;Reta";Sim;3;0;1;0;2;0;1;2;-23,46143954;-46,48885316;SPRF-SP;DEL01-SP;UOP01-DEL01-SP
656787;23/01/2025;quinta-feira;07:15:00;SP;116;220;GUARULHOS;Ausência de reação do condutor;Colisão traseira;Com Vítimas Feridas;Pleno dia;Crescente;Sol;Múltipla;"Reta;Em Obras";Sim;3;0;1;0;2;0;1;2;-23,46472809;-46,49793962;SPRF-SP;DEL01-SP;UOP01-DEL01-SP
656788;23/01/2025;quinta-feira;07:40:00;SC;101;218,1;PALHOCA;Demais falhas mecânicas ou elétricas;Tombamento;Com Vítimas Feridas;Pleno dia;Crescente;Céu Claro;Dupla;Reta;Sim;2;0;2;0;0;0;2;1;-27,6758601;-48,67052525;SPRF-SC;DEL01-SC;UOP02-DEL01-SC
656789;22/01/2025;quarta-feira;19:15:00;RJ;393;285;VOLTA REDONDA;Iluminação deficiente;Tombamento;Com Vítimas Feridas;Pleno dia;Crescente;Nublado;Simples;Reta;Sim;1;0;1;0;0;0;1;1;-22,481726;-44,06308602;SPRF-RJ;DEL05-RJ;UOP04-DEL05-RJ
656790;23/01/2025;quinta-feira;06:00:00;MT;70;678;CACERES;Chuva;Saída de leito carroçável;Com Vítimas Fatais;Amanhecer;Crescente;Chuva;Simples;Curva;Não;5;1;2;2;0;0;4;1;-16,166453;-57,353325;SPRF-MT;DEL03-MT;UOP02-DEL03-MT
656791;23/01/2025;quinta-feira;07:18:00;TO;153;147;ARAGUAINA;Manobra de mudança de faixa;Colisão lateral mesmo sentido;Com Vítimas Feridas;Pleno dia;Crescente;Céu Claro;Simples;Rotatória;Sim;3;0;0;2;1;0;2;2;-7,22175693;-48,24826214;SPRF-TO;DEL02-TO;UOP01-DEL02-TO
656793;23/01/2025;quinta-feira;08:00:00;RS;290;96;PORTO ALEGRE;Condutor deixou de manter distância do veículo da frente;Tombamento;Com Vítimas Feridas;Pleno dia;Crescente;Céu Claro;Dupla;"Reta;Ponte";Não;3;0;0;1;2;0;1;3;-29,99627305;-51,21517181;SPRF-RS;DEL01-RS;UOP01-DEL01-RS
656794;23/01/2025;quinta-feira;07:40:00;RS;293;13,7;CAPAO DO LEAO;Velocidade Incompatível;Colisão traseira;Com Vítimas Feridas;Pleno dia;Crescente;Céu Claro;Simples;Reta;Não;2;0;1;0;1;0;1;2;-31,7543548;-52,45089496;SPRF-RS;DEL07-RS;UOP01-DEL07-RS
656796;23/01/2025;quinta-feira;06:45:00;PR;153;1,8;JACAREZINHO;Condutor deixou de manter distância do veículo da frente;Colisão traseira;Com Vítimas Feridas;Amanhecer;Decrescente;Céu Claro;Simples;"Desvio Temporário;Curva";Não;2;0;1;0;1;0;1;2;-23,00924078;-49,90786314;SPRF-PR;DEL07-PR;UOP04-DEL07-PR
656797;23/01/2025;quinta-feira;08:13:00;CE;116;18,8;EUSEBIO;Condutor deixou de manter distância do veículo da frente;Colisão traseira;Sem Vítimas;Plena Noite;Decrescente;Chuva;Dupla;Reta;Não;2;0;0;0;2;0;0;2;-3,90496605;-38,50518756;SPRF-CE;DEL01-CE;UOP02-DEL01-CE
656801;23/01/2025;quinta-feira;08:24:00;DF;20;19;BRASILIA;Acessar a via sem observar a presença dos outros veículos;Colisão transversal;Com Vítimas Feridas;Pleno dia;Decrescente;Céu Claro;Dupla;"Retorno Regulamentado;Reta";Sim;2;0;1;0;1;0;1;2;-15,612175;-47,700928;SPRF-DF;DEL02-DF;UOP01-DEL02-DF
656805;23/01/2025;quinta-feira;06:45:00;MG;153;54,8;MONTE ALEGRE DE MINAS;Velocidade Incompatível;Saída de leito carroçável;Sem Vítimas;Pleno dia;Crescente;Chuva;Dupla;"Retorno Regulamentado;Declive;Reta";Não;1;0;0;0;1;0;0;1;-18,85277763;-49,08301967;SPRF-MG;DEL15-MG;UOP03-DEL15-MG
656806;23/01/2025;quinta-feira;09:40:00;RS;116;268;CANOAS;Reação tardia ou ineficiente do condutor;Colisão lateral mesmo sentido;Com Vítimas Feridas;Pleno dia;Crescente;Céu Claro;Múltipla;Reta;Sim;2;0;1;0;1;0;1;2;-29,95042502;-51,17652939;SPRF-RS;DEL01-RS;UOP01-DEL01-RS
656807;22/01/2025;quarta-feira;21:54:00;MT;163;1010;TERRA NOVA DO NORTE;Reação tardia ou ineficiente do condutor;Queda de ocupante de veículo;Com Vítimas Feridas;Pleno dia;Crescente;Céu Claro;Simples;Reta;Não;1;0;0;1;0;0;1;1;-10,53593598;-55,08238905;SPRF-MT;DEL06-MT;UOP03-DEL06-MT
656809;23/01/2025;quinta-feira;06:05:00;RJ;101;327;NITEROI;Reação tardia ou ineficiente do condutor;Colisão lateral mesmo sentido;Com Vítimas Feridas;Pleno dia;Decrescente;Céu Claro;Múltipla;Reta;Sim;2;0;1;0;1;0;1;2;-22,87117393;-43,15595099;SPRF-RJ;DEL02-RJ;UOP01-DEL02-RJ
656810;19/01/2025;domingo;21:20:00;ES;101;93,5;JAGUARE;Ausência de reação do condutor;Tombamento;Com Vítimas Feridas;Plena Noite;Crescente;Céu Claro;Simples;Reta;Não;1;0;1;0;0;0;1;1;-18,92266916;-39,96785068;SPRF-ES;DEL04-ES;UOP02-DEL04-ES
656811;22/01/2025;quarta-feira;07:00:00;RO;364;641,7;CANDEIAS DO JAMARI;Ausência de reação do condutor;Saída de leito carroçável;Com Vítimas Feridas;Pleno dia;Crescente;Céu Claro;Simples;Curva;Não;2;0;0;1;1;0;1;1;-9,011074;-63,42149106;SPRF-RO;DEL01-RO;UOP04-DEL01-RO
656812;11/01/2025;sábado;10:10:00;RJ;101;323;NITEROI;Ausência de reação do condutor;Engavetamento;Com Vítimas Feridas;Pleno dia;Decrescente;Céu Claro;Múltipla;Reta;Não;6;0;1;0;5;0;1;4;-22,87684786;-43,11728689;SPRF-RJ;DEL02-RJ;UOP01-DEL02-RJ
656813;23/01/2025;quinta-feira;08:10:00;RS;287;399;SANTIAGO;Acessar a via sem observar a presença dos outros veículos;Colisão transversal;Com Vítimas Feridas;Pleno dia;Crescente;Céu Claro;Simples;Reta;Sim;2;0;0;1;1;0;1;2;-29,16794191;-54,86705298;SPRF-RS;DEL12-RS;UOP02-DEL12-RS
656816;23/01/2025;quinta-feira;10:15:00;RS;470;176,4;VERANOPOLIS;Acessar a via sem observar a presença dos outros veículos;Colisão transversal;Com Vítimas Feridas;Pleno dia;Decrescente;Sol;Simples;Reta;Sim;2;0;1;0;1;0;1;2;-28,93155684;-51,54161811;SPRF-RS;DEL06-RS;UOP02-DEL06-RS
656817;23/01/2025;quinta-feira;10:20:00;RJ;116;170;RIO DE JANEIRO;Demais falhas mecânicas ou elétricas;Queda de ocupante de veículo;Com Vítimas Feridas;Pleno dia;Crescente;Céu Claro;Dupla;Reta;Sim;2;0;2;0;0;0;2;1;-22,81113183;-43,3336729;SPRF-RJ;DEL06-RJ;UOP01-DEL06-RJ
656819;23/01/2025;quinta-feira;09:15:00;SP;153;138,5;PROMISSAO;Condutor Dormindo;Saída de leito carroçável;Com Vítimas Feridas;Pleno dia;Crescente;Céu Claro;Simples;Reta;Não;1;0;1;0;0;0;1;1;-21,31002302;-49,79450084;SPRF-SP;DEL07-SP;UOP01-DEL07-SP
656820;23/01/2025;quinta-feira;09:20:00;PB;101;84;BAYEUX;Reação tardia ou ineficiente do condutor;Colisão lateral mesmo sentido;Sem Vítimas;Pleno dia;Decrescente;Céu Claro;Dupla;Reta;Sim;2;0;0;0;2;0;0;2;-7,13957906;-34,92312806;SPRF-PB;DEL01-PB;UOP01-DEL01-PB
656822;23/01/2025;quinta-feira;10:55:00;PB;230;16;JOAO PESSOA;Ausência de reação do condutor;Colisão traseira;Com Vítimas Feridas;Pleno dia;Decrescente;Céu Claro;Dupla;Reta;Sim;2;0;1;0;1;0;1;2;-7,10888816;-34,84331131;SPRF-PB;DEL01-PB;UOP01-DEL01-PB
656824;23/01/2025;quinta-feira;10:22:00;SC;280;60;GUARAMIRIM;Transitar na contramão;Colisão frontal;Com Vítimas Feridas;Pleno dia;Crescente;Sol;Dupla;Reta;Sim;2;0;1;0;1;0;1;2;-26,47802633;-49,03894425;SPRF-SC;DEL03-SC;UOP03-DEL03-SC
656825;23/01/2025;quinta-feira;09:47:00;MA;230;406;BALSAS;Ultrapassagem Indevida;Colisão lateral sentido oposto;Com Vítimas Feridas;Pleno dia;Decrescente;Céu Claro;Simples;Reta;Sim;2;0;1;0;1;0;1;2;-7,51971965;-46,05845601;SPRF-MA;DEL05-MA;UOP01-DEL05-MA
656827;23/01/2025;quinta-feira;10:30:00;GO;60;90;ANAPOLIS;Manobra de mudança de faixa;Colisão traseira;Com Vítimas Feridas;Pleno dia;Crescente;Céu Claro;Dupla;"Retorno Regulamentado;Reta";Sim;4;0;2;0;0;2;2;3;-16,3427;-48,9019;SPRF-GO;DEL02-GO;UOP01-DEL02-GO
656829;23/01/2025;quinta-feira;11:20:00;RN;110;45,3;MOSSORO;Condutor deixou de manter distância do veículo da frente;Colisão traseira;Com Vítimas Feridas;Pleno dia;Decrescente;Céu Claro;Simples;Reta;Não;2;0;1;0;1;0;1;2;-5,19257993;-37,31114905;SPRF-RN;DEL04-RN;UOP01-DEL04-RN
656832;23/01/2025;quinta-feira;12:20:00;SC;282;16;PALHOCA;Conversão proibida;Colisão lateral mesmo sentido;Com Vítimas Feridas;Pleno dia;Crescente;Céu Claro;Simples;Reta;Sim;2;0;1;0;1;0;1;2;-27,658611;-48,681847;SPRF-SC;DEL01-SC;UOP02-DEL01-SC
656833;23/01/2025;quinta-feira;11:38:00;PE;104;75,8;CARUARU;Reação tardia ou ineficiente do condutor;Engavetamento;Com Vítimas Feridas;Pleno dia;Decrescente;Sol;Simples;Reta;Não;6;0;1;0;5;0;1;3;-8,367286;-35,985153;SPRF-PE;DEL02-PE;UOP01-DEL02-PE
656834;23/01/2025;quinta-feira;12:30:00;SC;282;5,2;SAO JOSE;Reação tardia ou ineficiente do condutor;Engavetamento;Com Vítimas Feridas;Pleno dia;Decrescente;Céu Claro;Múltipla;Reta;Sim;7;0;6;0;1;0;6;4;-27,588425;-48,612919;SPRF-SC;DEL01-SC;UOP01-DEL01-SC
656835;23/01/2025;quinta-feira;12:00:00;RS;101;50,5;TERRA DE AREIA;Ausência de reação do condutor;Saída de leito carroçável;Com Vítimas Feridas;Pleno dia;Decrescente;Céu Claro;Dupla;Reta;Sim;1;0;0;1;0;0;1;1;-29,61301328;-50,09009242;SPRF-RS;DEL03-RS;UOP02-DEL03-RS
656836;23/01/2025;quinta-feira;12:40:00;SP;153;59,7;SAO JOSE DO RIO PRETO;Demais falhas mecânicas ou elétricas;Tombamento;Com Vítimas Feridas;Pleno dia;Crescente;Céu Claro;Dupla;Reta;Não;1;0;1;0;0;0;1;1;-20,78733103;-49,35399276;SPRF-SP;DEL09-SP;UOP01-DEL09-SP
656838;23/01/2025;quinta-feira;12:00:00;MG;40;614,4;CONGONHAS;Reação tardia ou ineficiente do condutor;Queda de ocupante de veículo;Com Vítimas Feridas;Pleno dia;Crescente;Céu Claro;Simples;Reta;Não;1;0;1;0;0;0;1;1;-20,52977973;-43,82351464;SPRF-MG;DEL05-MG;UOP02-DEL05-MG
656839;23/01/2025;quinta-feira;10:00:00;RJ;116;198;QUEIMADOS;Reação tardia ou ineficiente do condutor;Colisão traseira;Com Vítimas Feridas;Pleno dia;Crescente;Sol;Dupla;Reta;Não;2;0;1;0;1;0;1;2;-22,72952183;-43,57481597;SPRF-RJ;DEL06-RJ;UOP02-DEL06-RJ
656847;23/01/2025;quinta-feira;12:15:00;PR;476;100;BOCAIUVA DO SUL;Acessar a via sem observar a presença dos outros veículos;Colisão transversal;Com Vítimas Feridas;Pleno dia;Crescente;Céu Claro;Simples;Reta;Não;4;0;3;0;1;0;3;2;-25,249336;-49,139526;SPRF-PR;DEL01-PR;UOP01-DEL01-PR
656848;23/01/2025;quinta-feira;12:30:00;MS;163;615;SAO GABRIEL DO OESTE;Acessar a via sem observar a presença dos outros veículos;Colisão transversal;Com Vítimas Feridas;Pleno dia;Crescente;Céu Claro;Simples;"Reta;Interseção de Vias";Sim;2;0;0;1;1;0;1;2;-19,39156822;-54,57002521;SPRF-MS;DEL06-MS;UOP02-DEL06-MS
656851;23/01/2025;quinta-feira;12:45:00;MG;381;158,5;GOVERNADOR VALADARES;Velocidade Incompatível;Tombamento;Com Vítimas Feridas;Pleno dia;Decrescente;Céu Claro;Simples;Reta;Não;1;0;0;1;0;0;1;1;-18,91795246;-42,01337465;SPRF-MG;DEL06-MG;UOP01-DEL06-MG
656852;23/01/2025;quinta-feira;13:00:00;MS;163;11;MUNDO NOVO;Reação tardia ou ineficiente do condutor;Colisão com objeto;Com Vítimas Feridas;Pleno dia;Crescente;Chuva;Simples;Curva;Não;1;0;1;0;0;0;1;1;-23,96872579;-54,32871421;SPRF-MS;DEL09-MS;UOP02-DEL09-MS
656858;23/01/2025;quinta-feira;12:15:00;PR;158;535;PATO BRANCO;Acessar a via sem observar a presença dos outros veículos;Colisão transversal;Com Vítimas Feridas;Pleno dia;Decrescente;Sol;Simples;Reta;Sim;2;0;0;1;1;0;1;2;-26,23547098;-52,69066504;SPRF-PR;DEL02-PR;UOP01-DEL02-PR
656861;23/01/2025;quinta-feira;12:30:00;GO;452;22;RIO VERDE;Reação tardia ou ineficiente do condutor;Saída de leito carroçável;Com Vítimas Feridas;Pleno dia;Crescente;Sol;Dupla;"Retorno Regulamentado;Curva";Não;2;0;1;0;1;0;1;1;-17,87601952;-50,71654288;SPRF-GO;DEL04-GO;UOP01-DEL04-GO
656862;23/01/2025;quinta-feira;11:10:00;MA;226;231;TUNTUM;Manobra de mudança de faixa;Colisão frontal;Com Vítimas Fatais;Pleno dia;Crescente;Céu Claro;Simples;Reta;Não;2;1;0;0;0;1;0;2;-5,3482063;-44,7181329;SPRF-MA;DEL06-MA;UOP01-DEL06-MA
656865;23/01/2025;quinta-feira;09:05:00;PR;487;170,8;CAMPO MOURAO;Condutor Dormindo;Saída de leito carroçável;Com Vítimas Feridas;Pleno dia;Crescente;Céu Claro;Simples;Reta;Não;1;0;0;1;0;0;1;1;-24,014101;-52,46035;SPRF-PR;DEL09-PR;UOP03-DEL09-PR
656866;23/01/2025;quinta-feira;07:20:00;MT;158;637;NOVA XAVANTINA;Mal súbito do condutor;Saída de leito carroçável;Com Vítimas Feridas;Pleno dia;Crescente;Céu Claro;Simples;Curva;Não;1;0;1;0;0;0;1;1;-14,53457492;-52,363506;SPRF-MT;DEL07-MT;UOP02-DEL07-MT
656867;23/01/2025;quinta-feira;15:35:00;GO;414;440;ANAPOLIS;Acesso irregular;Colisão traseira;Com Vítimas Feridas;Pleno dia;Crescente;Céu Claro;Simples;"Reta;Aclive";Não;3;0;0;1;2;0;1;2;-16,28128823;-48,94258908;SPRF-GO;DEL02-GO;UOP01-DEL02-GO
656870;23/01/2025;quinta-feira;14:18:00;MG;262;37,9;MANHUACU;Acessar a via sem observar a presença dos outros veículos;Colisão transversal;Com Vítimas Feridas;Pleno dia;Crescente;Céu Claro;Simples;Reta;Não;2;0;1;0;1;0;1;2;-20,25748975;-42,03048732;SPRF-MG;DEL06-MG;UOP03-DEL06-MG
656872;23/01/2025;quinta-feira;14:30:00;MG;381;292;ANTONIO DIAS;Pista esburacada;Colisão lateral mesmo sentido;Com Vítimas Feridas;Pleno dia;Decrescente;Céu Claro;Simples;Reta;Não;3;0;2;0;1;0;2;2;-19,62231934;-42,8398724;SPRF-MG;DEL03-MG;UOP02-DEL03-MG
656873;23/01/2025;quinta-feira;15:15:00;RS;116;552,5;CAPAO DO LEAO;Condutor Dormindo;Colisão frontal;Com Vítimas Feridas;Pleno dia;Crescente;Céu Claro;Simples;Reta;Não;5;0;2;2;1;0;4;2;-31,87340513;-52,62139493;SPRF-RS;DEL07-RS;UOP03-DEL07-RS
656874;23/01/2025;quinta-feira;16:10:00;ES;101;301,9;VIANA;Demais falhas mecânicas ou elétricas;Tombamento;Com Vítimas Feridas;Pleno dia;Crescente;Céu Claro;Dupla;Curva;Sim;2;0;2;0;0;0;2;1;-20,36278187;-40,4401343;SPRF-ES;DEL01-ES;UOP01-DEL01-ES
656875;23/01/2025;quinta-feira;12:00:00;RS;290;179;BUTIA;Acessar a via sem observar a presença dos outros veículos;Colisão transversal;Com Vítimas Feridas;Pleno dia;Decrescente;Céu Claro;Simples;Interseção de Vias;Não;3;0;1;0;1;1;1;2;-30,136271;-52,002666;SPRF-RS;DEL02-RS;UOP03-DEL02-RS
656876;23/01/2025;quinta-feira;16:00:00;BA;116;3,5;VITORIA DA CONQUISTA;Reação tardia ou ineficiente do condutor;Saída de leito carroçável;Com Vítimas Feridas;Pleno dia;Crescente;Céu Claro;Simples;Reta;Não;1;0;0;1;0;0;1;1;-14,851;-40,8485;SPRF-BA;DEL08-BA;UOP01-DEL08-BA
656878;23/01/2025;quinta-feira;16:40:00;PR;116;148;MANDIRITUBA;Reação tardia ou ineficiente do condutor;Colisão lateral mesmo sentido;Com Vítimas Feridas;Pleno dia;Decrescente;Sol;Simples;Reta;Não;2;0;0;1;1;0;1;2;-25,79935303;-49,32952786;SPRF-PR;DEL01-PR;UOP03-DEL01-PR
656880;23/01/2025;quinta-feira;17:00:00;RS;290;101;PORTO ALEGRE;Demais falhas mecânicas ou elétricas;Colisão lateral mesmo sentido;Com Vítimas Feridas;Pleno dia;Decrescente;Céu Claro;Dupla;Curva;Não;3;0;1;1;1;0;2;2;-29,985779;-51,246201;SPRF-RS;DEL01-RS;UOP01-DEL01-RS
656881;23/01/2025;quinta-feira;17:00:00;MG;267;70,6;BICAS;Transitar na contramão;Colisão frontal;Com Vítimas Fatais;Pleno dia;Crescente;Ignorado;Simples;Reta;Não;5;1;1;3;0;0;4;2;-21,74480506;-43,13260598;SPRF-MG;DEL05-MG;UOP01-DEL05-MG