id;data_inversa;dia_semana;horario;uf;br;km;municipio;causa_acidente;tipo_acidente;classificacao_acidente;fase_dia;sentido_via;condicao_metereologica;tipo_pista;tracado_via;uso_solo;pessoas;mortos;feridos_leves;feridos_graves;ilesos;ignorados;feridos;veiculos;latitude;longitude;regional;delegacia;uop
657262;13/01/2025;segunda-feira;19:00:00;BA;101;283,8;LAJE;Reação tardia ou ineficiente do condutor;Capotamento;Com Vítimas Feridas;Plena Noite;Decrescente;Céu Claro;Simples;Curva;Não;1;0;0;1;0;0;1;1;-13,137704;-39,294103;SPRF-BA;DEL01-BA;UOP02-DEL01-BA
657263;25/01/2025;sábado;14:10:00;PR;369;25,3;CAMBARA;Reação tardia ou ineficiente do condutor;Colisão traseira;Com Vítimas Feridas;Pleno dia;Decrescente;Céu Claro;Simples;Reta;Não;2;0;0;1;1;0;1;2;-23,03487454;-50,14984131;SPRF-PR;DEL07-PR;UOP05-DEL07-PR
657265;25/01/2025;sábado;14:42:00;MA;230;398;BALSAS;Ingestão de álcool pelo condutor;Colisão lateral sentido oposto;Com Vítimas Feridas;Pleno dia;Crescente;Céu Claro;Simples;Curva;Não;3;0;0;1;1;1;1;3;-7,47496903;-46,01938735;SPRF-MA;DEL05-MA;UOP01-DEL05-MA
657266;25/01/2025;sábado;16:20:00;SP;116;223;GUARULHOS;Condutor deixou de manter distância do veículo da frente;Colisão traseira;Com Vítimas Feridas;Pleno dia;Crescente;Céu Claro;Múltipla;Reta;Sim;3;0;1;0;2;0;1;2;-23,47559815;-46,5246609;SPRF-SP;DEL01-SP;UOP01-DEL01-SP
657268;25/01/2025;sábado;16:00:00;PR;116;71,5;QUATRO BARRAS;Ausência de reação do condutor;Colisão com objeto;Com Vítimas Feridas;Pleno dia;Crescente;Nublado;Dupla;"Interseção de Vias;Curva";Não;2;0;1;0;1;0;1;1;-25,34478233;-49,04386997;SPRF-PR;DEL01-PR;UOP02-DEL01-PR
657270;25/01/2025;sábado;15:00:00;RN;406;44,5;GUAMARE;Animais na Pista;Atropelamento de Animal;Sem Vítimas;Pleno dia;Crescente;Céu Claro;Simples;Reta;Não;1;0;0;0;1;0;0;1;-5,28919893;-36,27733597;SPRF-RN;DEL02-RN;UOP01-DEL02-RN
657271;25/01/2025;sábado;16:05:00;RS;470;267;SAO JOSE DO SUL;Reação tardia ou ineficiente do condutor;Saída de leito carroçável;Com Vítimas Feridas;Pleno dia;Crescente;Nublado;Simples;Curva;Não;2;0;0;1;1;0;1;1;-29,5121557;-51,48685794;SPRF-RS;DEL06-RS;UOP01-DEL06-RS
657272;25/01/2025;sábado;15:30:00;SP;116;299;SAO LOURENCO DA SERRA;Objeto estático sobre o leito carroçável;Queda de ocupante de veículo;Com Vítimas Feridas;Pleno dia;Crescente;Sol;Múltipla;Reta;Sim;2;0;1;0;1;0;1;1;-23,79881101;-46,91523899;SPRF-SP;DEL04-SP;UOP01-DEL04-SP
657274;25/01/2025;sábado;16:30:00;PA;230;117;MARABA;Animais na Pista;Atropelamento de Animal;Com Vítimas Feridas;Pleno dia;Crescente;Céu Claro;Dupla;"Aclive;Reta";Sim;1;0;1;0;0;0;1;1;-5,35569904;-49,09047302;SPRF-PA;DEL03-PA;UOP01-DEL03-PA
657276;25/01/2025;sábado;16:40:00;RS;285;443,2;BOZANO;Transitar na contramão;Colisão transversal;Com Vítimas Feridas;Pleno dia;Crescente;Céu Claro;Simples;Viaduto;Sim;5;0;1;0;4;0;1;2;-28,3639878;-53,76854897;SPRF-RS;DEL10-RS;UOP01-DEL10-RS
657277;25/01/2025;sábado;16:02:00;BA;324;513;FEIRA DE SANTANA;Acessar a via sem observar a presença dos outros veículos;Colisão transversal;Com Vítimas Feridas;Pleno dia;Decrescente;Céu Claro;Simples;Reta;Sim;2;0;1;0;1;0;1;2;-12,2325259;-38,95076573;SPRF-BA;DEL02-BA;UOP01-DEL02-BA
657280;25/01/2025;sábado;16:00:00;BA;324;513,3;FEIRA DE SANTANA;Ingestão de álcool pelo condutor;Colisão transversal;Com Vítimas Feridas;Pleno dia;Decrescente;Céu Claro;Simples;Reta;Sim;2;0;2;0;0;0;2;2;-12,23149473;-38,95730016;SPRF-BA;DEL02-BA;UOP01-DEL02-BA
657281;25/01/2025;sábado;15:00:00;SP;116;472;JACUPIRANGA;Avarias e/ou desgaste excessivo no pneu;Queda de ocupante de veículo;Com Vítimas Feridas;Pleno dia;Crescente;Céu Claro;Dupla;Reta;Não;2;0;1;0;1;0;1;1;-24,6649709;-47,9738381;SPRF-SP;DEL05-SP;UOP01-DEL05-SP
657282;25/01/2025;sábado;17:15:00;MG;381;792;SAO GONCALO DO SAPUCAI;Ausência de reação do condutor;Saída de leito carroçável;Com Vítimas Feridas;Pleno dia;Decrescente;Chuva;Dupla;Curva;Não;1;0;1;0;0;0;1;1;-21,91931581;-45,59934602;SPRF-MG;DEL16-MG;UOP02-DEL16-MG
657283;25/01/2025;sábado;17:52:00;MG;116;632,6;DIVINO;Condutor Dormindo;Saída de leito carroçável;Com Vítimas Fatais;Anoitecer;Crescente;Céu Claro;Simples;Curva;Não;5;2;3;0;0;0;3;1;-20,60151499;-42,20862002;SPRF-MG;DEL07-MG;UOP02-DEL07-MG
657284;25/01/2025;sábado;18:00:00;SP;381;73,8;SAO PAULO;Demais falhas mecânicas ou elétricas;Incêndio;Sem Vítimas;Pleno dia;Crescente;Céu Claro;Dupla;Reta;Não;1;0;0;0;1;0;0;1;-23,36553404;-46,55253934;SPRF-SP;DEL03-SP;UOP01-DEL03-SP
657286;25/01/2025;sábado;13:00:00;MT;364;325;SANTO ANTONIO DO LEVERGER;Reação tardia ou ineficiente do condutor;Queda de ocupante de veículo;Com Vítimas Feridas;Pleno dia;Decrescente;Céu Claro;Dupla;Reta;Não;1;0;1;0;0;0;1;1;-15,8126764;-55,3680389;SPRF-MT;DEL05-MT;UOP02-DEL05-MT
657287;25/01/2025;sábado;18:48:00;RJ;116;186;NOVA IGUACU;Ausência de reação do condutor;Colisão traseira;Com Vítimas Feridas;Anoitecer;Decrescente;Céu Claro;Dupla;Reta;Sim;2;0;0;1;1;0;1;2;-22,73962339;-43,46276495;SPRF-RJ;DEL06-RJ;UOP01-DEL06-RJ
657288;25/01/2025;sábado;17:30:00;RJ;101;418;MANGARATIBA;Reação tardia ou ineficiente do condutor;Colisão transversal;Com Vítimas Feridas;Pleno dia;Decrescente;Chuva;Simples;Túnel;Sim;5;0;0;2;3;0;2;4;-22,9178274;-43,90471593;SPRF-RJ;DEL03-RJ;UOP02-DEL03-RJ
657292;25/01/2025;sábado;17:15:00;PI;343;338,6;TERESINA;Condutor deixou de manter distância do veículo da frente;Colisão traseira;Com Vítimas Feridas;Anoitecer;Crescente;Sol;Dupla;Reta;Não;5;0;3;0;0;2;3;3;-5,065277;-42,728433;SPRF-PI;DEL01-PI;UOP01-DEL01-PI
657293;25/01/2025;sábado;16:41:00;MG;381;279;JAGUARACU;Condutor deixou de manter distância do veículo da frente;Colisão lateral mesmo sentido;Com Vítimas Feridas;Pleno dia;Decrescente;Sol;Simples;Curva;Não;7;0;2;0;5;0;2;3;-19,6016332;-42,75481785;SPRF-MG;DEL03-MG;UOP02-DEL03-MG
657294;25/01/2025;sábado;19:00:00;MG;381;729,3;CARMO DA CACHOEIRA;Chuva;Colisão com objeto;Com Vítimas Feridas;Plena Noite;Crescente;Chuva;Dupla;Curva;Não;1;0;1;0;0;0;1;1;-21,53065495;-45,23082007;SPRF-MG;DEL04-MG;UOP02-DEL04-MG
657295;25/01/2025;sábado;15:30:00;RS;285;411;PANAMBI;Acostamento em desnível;Saída de leito carroçável;Com Vítimas Feridas;Pleno dia;Decrescente;Céu Claro;Simples;"Declive;Reta";Não;2;0;1;0;1;0;1;1;-28,356352;-53,460957;SPRF-RS;DEL10-RS;UOP02-DEL10-RS
657296;25/01/2025;sábado;18:00:00;MG;40;454;CAETANOPOLIS;Acessar a via sem observar a presença dos outros veículos;Atropelamento de Pedestre;Com Vítimas Feridas;Amanhecer;Decrescente;Céu Claro;Dupla;Reta;Não;2;0;1;0;0;1;1;2;-19,34996189;-44,35227779;SPRF-MG;DEL02-MG;UOP01-DEL02-MG
657298;25/01/2025;sábado;18:25:00;RS;158;191,8;CRUZ ALTA;Velocidade Incompatível;Saída de leito carroçável;Com Vítimas Feridas;Pleno dia;Crescente;Céu Claro;Simples;Curva;Não;1;0;0;1;0;0;1;1;-28,62212411;-53,57010841;SPRF-RS;DEL10-RS;UOP02-DEL10-RS
657303;25/01/2025;sábado;18:20:00;MG;116;406,7;GOVERNADOR VALADARES;Ausência de reação do condutor;Colisão traseira;Com Vítimas Feridas;Anoitecer;Crescente;Céu Claro;Simples;Reta;Sim;2;0;1;0;1;0;1;2;-18,82669347;-41,98753335;SPRF-MG;DEL06-MG;UOP01-DEL06-MG
657305;25/01/2025;sábado;18:20:00;RJ;40;53,5;PETROPOLIS;Velocidade Incompatível;Colisão com objeto;Com Vítimas Feridas;Anoitecer;Decrescente;Céu Claro;Dupla;"Aclive;Curva";Não;4;0;1;0;3;0;1;2;-22,34399896;-43,13243691;SPRF-RJ;DEL05-RJ;UOP02-DEL05-RJ
657306;25/01/2025;sábado;18:30:00;PI;407;425;PICOS;Reação tardia ou ineficiente do condutor;Colisão transversal;Com Vítimas Feridas;Plena Noite;Crescente;Nublado;Simples;Reta;Não;2;0;0;1;0;1;1;2;-7,094478;-41,423126;SPRF-PI;DEL04-PI;UOP01-DEL04-PI
657307;25/01/2025;sábado;17:25:00;SP;101;50;UBATUBA;Acessar a via sem observar a presença dos outros veículos;Colisão transversal;Com Vítimas Feridas;Pleno dia;Decrescente;Céu Claro;Simples;Reta;Sim;3;0;1;0;2;0;1;2;-23,45018939;-45,07743735;SPRF-SP;DEL06-SP;UOP01-DEL06-SP
657308;25/01/2025;sábado;16:50:00;PR;376;495,5;PONTA GROSSA;Avarias e/ou desgaste excessivo no pneu;Saída de leito carroçável;Com Vítimas Feridas;Pleno dia;Crescente;Chuva;Dupla;Curva;Sim;2;0;2;0;0;0;2;1;-25,13827;-50,162922;SPRF-PR;DEL03-PR;UOP04-DEL03-PR
657310;25/01/2025;sábado;17:45:00;MT;70;277;PRIMAVERA DO LESTE;Frear bruscamente;Colisão traseira;Com Vítimas Feridas;Anoitecer;Crescente;Céu Claro;Simples;Reta;Não;7;0;2;0;4;1;2;3;-15,55572064;-54,27085588;SPRF-MT;DEL05-MT;UOP01-DEL05-MT
657311;25/01/2025;sábado;20:15:00;PE;232;254,5;ARCOVERDE;Ausência de reação do condutor;Colisão traseira;Sem Vítimas;Plena Noite;Crescente;Vento;Simples;Reta;Sim;4;0;0;0;4;0;0;2;-8,41875994;-37,07859892;SPRF-PE;DEL04-PE;UOP02-DEL04-PE
657312;25/01/2025;sábado;19:00:00;PE;232;212,5;PESQUEIRA;Manobra de mudança de faixa;Colisão frontal;Com Vítimas Fatais;Plena Noite;Crescente;Chuva;Simples;Reta;Não;2;1;0;0;0;1;0;2;-8,37328104;-36,71376998;SPRF-PE;DEL03-PE;UOP02-DEL03-PE
657314;25/01/2025;sábado;19:40:00;RO;364;235,7;CACOAL;Acessar a via sem observar a presença dos outros veículos;Colisão transversal;Com Vítimas Feridas;Plena Noite;Crescente;Nublado;Simples;Reta;Sim;3;0;1;0;2;0;1;2;-11,445753;-61,437405;SPRF-RO;DEL02-RO;UOP02-DEL02-RO
657315;25/01/2025;sábado;17:15:00;SC;280;102,2;SAO BENTO DO SUL;Reação tardia ou ineficiente do condutor;Saída de leito carroçável;Com Vítimas Feridas;Pleno dia;Decrescente;Nublado;Simples;"Curva;Declive";Não;1;0;1;0;0;0;1;1;-26,36381888;-49,34016753;SPRF-SC;DEL06-SC;UOP03-DEL06-SC
657316;25/01/2025;sábado;18:15:00;SC;280;237,5;CANOINHAS;Reação tardia ou ineficiente do condutor;Saída de leito carroçável;Com Vítimas Feridas;Plena Noite;Decrescente;Nublado;Simples;"Curva;Declive";Não;4;0;3;0;1;0;3;1;-26,19844599;-50,43216601;SPRF-SC;DEL06-SC;UOP04-DEL06-SC
657317;25/01/2025;sábado;20:00:00;ES;101;258;SERRA;Manobra de mudança de faixa;Colisão lateral mesmo sentido;Com Vítimas Feridas;Plena Noite;Decrescente;Céu Claro;Dupla;"Reta;Declive";Sim;2;0;1;0;1;0;1;2;-20,13059888;-40,2961019;SPRF-ES;DEL02-ES;UOP01-DEL02-ES
657318;25/01/2025;sábado;17:30:00;AC;317;240;XAPURI;Ingestão de álcool pelo condutor;Saída de leito carroçável;Com Vítimas Feridas;Pleno dia;Crescente;Céu Claro;Simples;Reta;Não;1;0;0;1;0;0;1;1;-10,74730662;-68,43418121;SPRF-AC;DEL01-AC;UOP02-DEL01-AC
657319;25/01/2025;sábado;18:50:00;BA;110;161;RIBEIRA DO POMBAL;Ingestão de álcool pelo condutor;Atropelamento de Pedestre;Com Vítimas Feridas;Plena Noite;Crescente;Céu Claro;Simples;Reta;Não;2;0;1;0;1;0;1;2;-10,76468984;-38,51131045;SPRF-BA;DEL07-BA;UOP02-DEL07-BA
657320;25/01/2025;sábado;16:40:00;PI;135;131;BERTOLINIA;Ausência de reação do condutor;Tombamento;Com Vítimas Feridas;Pleno dia;Decrescente;Céu Claro;Simples;Curva;Não;1;0;0;1;0;0;1;1;-7,68281273;-43,92158582;SPRF-PI;DEL03-PI;UOP01-DEL03-PI
657321;25/01/2025;sábado;18:40:00;ES;259;62,9;COLATINA;Entrada inopinada do pedestre;Atropelamento de Pedestre;Com Vítimas Feridas;Plena Noite;Crescente;Céu Claro;Simples;Reta;Sim;2;0;1;0;1;0;1;2;-19,53124185;-40,68990791;SPRF-ES;DEL02-ES;UOP01-DEL02-ES
657322;25/01/2025;sábado;17:50:00;PA;10;354;SANTA MARIA DO PARA;Acessar a via sem observar a presença dos outros veículos;Colisão transversal;Com Vítimas Feridas;Pleno dia;Decrescente;Céu Claro;Simples;Reta;Sim;2;0;1;0;1;0;1;2;-1,34759789;-47,57735696;SPRF-PA;DEL01-PA;UOP02-DEL01-PA
657323;25/01/2025;sábado;20:25:00;RJ;393;285,8;VOLTA REDONDA;Acessar a via sem observar a presença dos outros veículos;Colisão transversal;Com Vítimas Feridas;Plena Noite;Decrescente;Nublado;Dupla;Reta;Não;4;0;2;0;2;0;2;2;-22,481726;-44,06308602;SPRF-RJ;DEL05-RJ;UOP04-DEL05-RJ
657324;25/01/2025;sábado;21:26:00;GO;70;6;AGUAS LINDAS DE GOIAS;Restrição de visibilidade em curvas horizontais;Colisão lateral mesmo sentido;Com Vítimas Fatais;Plena Noite;Decrescente;Céu Claro;Múltipla;Curva;Não;2;1;0;0;1;0;0;2;-15,743542;-48,268245;SPRF-DF;DEL03-DF;UOP02-DEL03-DF
657325;25/01/2025;sábado;20:50:00;GO;153;510;APARECIDA DE GOIANIA;Ingestão de álcool pelo condutor;Colisão com objeto;Sem Vítimas;Plena Noite;Decrescente;Nublado;Múltipla;Reta;Sim;2;0;0;0;2;0;0;1;-16,7977;-49,2386;SPRF-GO;DEL01-GO;UOP03-DEL01-GO
657326;25/01/2025;sábado;19:30:00;BA;367;28,9;PORTO SEGURO;Acessar a via sem observar a presença dos outros veículos;Colisão transversal;Sem Vítimas;Plena Noite;Decrescente;Céu Claro;Simples;Curva;Não;5;0;0;0;5;0;0;2;-16,41760283;-39,10888793;SPRF-BA;DEL09-BA;UOP03-DEL09-BA
657327;25/01/2025;sábado;17:20:00;SC;280;110,1;SAO BENTO DO SUL;Ausência de reação do condutor;Saída de leito carroçável;Sem Vítimas;Pleno dia;Crescente;Céu Claro;Simples;Curva;Não;1;0;0;0;0;1;0;1;-26,32140672;-49,38932175;SPRF-SC;DEL06-SC;UOP03-DEL06-SC
657328;25/01/2025;sábado;21:00:00;PR;116;17;CAMPINA GRANDE DO SUL;Ingestão de álcool pelo condutor;Saída de leito carroçável;Com Vítimas Feridas;Plena Noite;Decrescente;Chuva;Simples;Curva;Não;2;0;1;0;1;0;1;1;-25,10305915;-48,70103892;SPRF-PR;DEL01-PR;UOP02-DEL01-PR
657329;25/01/2025;sábado;20:00:00;PE;423;43;CACHOEIRINHA;Deficiência do Sistema de Iluminação/Sinalização;Colisão frontal;Com Vítimas Fatais;Plena Noite;Decrescente;Céu Claro;Simples;Reta;Não;3;1;0;0;2;0;0;2;-8,51683426;-36,25551854;SPRF-PE;DEL03-PE;UOP01-DEL03-PE
657330;25/01/2025;sábado;21:30:00;MG;381;831,9;SAO SEBASTIAO DA BELA VISTA;Ausência de reação do condutor;Saída de leito carroçável;Sem Vítimas;Pleno dia;Decrescente;Céu Claro;Dupla;Reta;Não;2;0;0;0;2;0;0;1;-22,15138412;-45,82353661;SPRF-MG;DEL16-MG;UOP01-DEL16-MG
657331;25/01/2025;sábado;20:00:00;SC;101;138;BALNEARIO CAMBORIU;Reação tardia ou ineficiente do condutor;Colisão traseira;Com Vítimas Feridas;Plena Noite;Decrescente;Chuva;Dupla;Curva;Sim;3;0;1;0;2;0;1;2;-27,02397426;-48,60761649;SPRF-SC;DEL04-SC;UOP03-DEL04-SC
657332;25/01/2025;sábado;20:30:00;MG;381;490;BETIM;Manobra de mudança de faixa;Colisão com objeto;Com Vítimas Feridas;Plena Noite;Crescente;Céu Claro;Múltipla;"Aclive;Reta";Sim;4;0;1;0;3;0;1;2;-19,96502819;-44,17422195;SPRF-MG;DEL01-MG;UOP03-DEL01-MG
657333;25/01/2025;sábado;19:50:00;PI;343;329;TERESINA;Conversão proibida;Colisão transversal;Com Vítimas Feridas;Plena Noite;Crescente;Nublado;Simples;Reta;Não;2;0;0;1;1;0;1;2;-5,064808;-42,641769;SPRF-PI;DEL01-PI;UOP01-DEL01-PI
657334;25/01/2025;sábado;21:24:00;SP;116;388;MIRACATU;Acumulo de água sobre o pavimento;Saída de leito carroçável;Sem Vítimas;Plena Noite;Decrescente;Chuva;Dupla;Reta;Sim;1;0;0;0;1;0;0;1;-24,26919492;-47,39740603;SPRF-SP;DEL04-SP;UOP02-DEL04-SP
657335;25/01/2025;sábado;20:00:00;MA;316;577,8;CAXIAS;Reação tardia ou ineficiente do condutor;Colisão traseira;Com Vítimas Fatais;Plena Noite;Decrescente;Nublado;Simples;"Aclive;Reta";Sim;3;2;0;0;1;0;0;2;-4,947546;-43,143326;SPRF-MA;DEL03-MA;UOP02-DEL03-MA
657336;25/01/2025;sábado;20:30:00;SC;101;416,6;ARARANGUA;Iluminação deficiente;Colisão traseira;Com Vítimas Feridas;Plena Noite;Crescente;Nublado;Simples;Reta;Sim;3;0;1;0;2;0;1;3;-28,980626;-49,53679562;SPRF-SC;DEL02-SC;UOP02-DEL02-SC
657338;25/01/2025;sábado;21:50:00;MG;459;32;CALDAS;Ingestão de álcool pelo condutor;Colisão com objeto;Com Vítimas Feridas;Plena Noite;Crescente;Nublado;Simples;"Curva;Interseção de Vias";Não;1;0;1;0;0;0;1;1;-21,92767944;-46,36470795;SPRF-MG;DEL09-MG;UOP01-DEL09-MG
657340;25/01/2025;sábado;20:45:00;BA;324;513,8;FEIRA DE SANTANA;Velocidade Incompatível;Colisão traseira;Com Vítimas Feridas;Plena Noite;Crescente;Céu Claro;Simples;Reta;Sim;5;0;1;0;2;2;1;4;-12,23220747;-38,95301825;SPRF-BA;DEL02-BA;UOP01-DEL02-BA
657341;25/01/2025;sábado;20:00:00;PR;376;139,2;NOVA ESPERANCA;Conversão proibida;Saída de leito carroçável;Sem Vítimas;Plena Noite;Crescente;Céu Claro;Dupla;Retorno Regulamentado;Não;1;0;0;0;1;0;0;1;-23,16684663;-52,25159883;SPRF-PR;DEL09-PR;UOP02-DEL09-PR
657342;25/01/2025;sábado;21:15:00;PR;373;395;CANDOI;Reação tardia ou ineficiente do condutor;Colisão traseira;Com Vítimas Feridas;Plena Noite;Crescente;Céu Claro;Simples;Reta;Não;2;0;1;0;1;0;1;2;-25,54187475;-52,01243164;SPRF-PR;DEL08-PR;UOP01-DEL08-PR
657343;25/01/2025;sábado;21:20:00;RS;470;11,4;BARRACAO;Acessar a via sem observar a presença dos outros veículos;Colisão transversal;Com Vítimas Feridas;Plena Noite;Crescente;Nublado;Simples;"Interseção de Vias;Rotatória;Reta";Não;3;0;2;1;0;0;3;2;-27,675197;-51,454799;SPRF-RS;DEL08-RS;UOP05-DEL08-RS
657344;25/01/2025;sábado;22:00:00;BA;116;15,6;VITORIA DA CONQUISTA;Acessar a via sem observar a presença dos outros veículos;Colisão transversal;Sem Vítimas;Plena Noite;Decrescente;Nublado;Simples;Reta;Não;2;0;0;0;2;0;0;2;-14,900341;-40,853484;SPRF-PE;DEL05-PE;UOP03-DEL05-PE
657345;25/01/2025;sábado;15:50:00;PR;277;187;PALMEIRA;Ausência de reação do condutor;Saída de leito carroçável;Com Vítimas Feridas;Pleno dia;Decrescente;Chuva;Simples;Curva;Não;4;0;3;0;1;0;3;1;-25,4207591;-50,083596;SPRF-PR;DEL08-PR;UOP02-DEL08-PR
657346;25/01/2025;sábado;19:29:00;RJ;493;86;JAPERI;Reação tardia ou ineficiente do condutor;Saída de leito carroçável;Sem Vítimas;Plena Noite;Crescente;Céu Claro;Dupla;Reta;Não;1;0;0;0;1;0;0;1;-22,661891;-43,623853;SPRF-RJ;DEL01-RJ;UOP03-DEL01-RJ
657348;25/01/2025;sábado;21:30:00;MG;365;606;UBERLANDIA;Reação tardia ou ineficiente do condutor;Saída de leito carroçável;Com Vítimas Feridas;Plena Noite;Decrescente;Céu Claro;Simples;Reta;Não;1;0;1;0;0;0;1;1;-18,91688593;-48,17707923;SPRF-MG;DEL15-MG;UOP01-DEL15-MG
657350;25/01/2025;sábado;21:40:00;RS;285;161,8;MUITOS CAPOES;Reação tardia ou ineficiente do condutor;Saída de leito carroçável;Com Vítimas Feridas;Plena Noite;Crescente;Chuva;Simples;"Curva;Declive";Não;1;0;1;0;0;0;1;1;-28,32184;-51,237194;SPRF-RS;DEL05-RS;UOP03-DEL05-RS
657351;25/01/2025;sábado;22:45:00;PR;376;4,8;MANDAGUARI;Desrespeitar a preferência no cruzamento;Colisão transversal;Com Vítimas Feridas;Plena Noite;Crescente;Céu Claro;Simples;"Interseção de Vias;Reta";Sim;2;0;2;0;0;0;2;2;-23,52382502;-51,67827666;SPRF-PR;DEL09-PR;UOP01-DEL09-PR
657352;25/01/2025;sábado;22:45:00;MG;40;573;ITABIRITO;Velocidade Incompatível;Colisão com objeto;Sem Vítimas;Plena Noite;Crescente;Céu Claro;Dupla;Retorno Regulamentado;Não;2;0;0;0;2;0;0;1;-20,23925113;-43,9663564;SPRF-MG;DEL01-MG;UOP02-DEL01-MG
657353;25/01/2025;sábado;22:35:00;RJ;40;120;DUQUE DE CAXIAS;Ingestão de álcool pelo condutor;Colisão traseira;Sem Vítimas;Plena Noite;Crescente;Ignorado;Múltipla;Reta;Sim;3;0;0;0;3;0;0;2;-22,77280597;-43,28626763;SPRF-RJ;DEL01-RJ;UOP02-DEL01-RJ
657354;25/01/2025;sábado;22:50:00;ES;101;64,3;SAO MATEUS;Animais na Pista;Atropelamento de Animal;Com Vítimas Feridas;Plena Noite;Decrescente;Céu Claro;Simples;Curva;Não;2;0;2;0;0;0;2;1;-18,70428583;-39,87065983;SPRF-ES;DEL04-ES;UOP02-DEL04-ES
657355;25/01/2025;sábado;22:40:00;ES;262;58,8;MARECHAL FLORIANO;Conversão proibida;Eventos atípicos;Com Vítimas Feridas;Plena Noite;Decrescente;Nublado;Simples;Reta;Não;2;0;2;0;0;0;2;2;-20,42076276;-40,76927908;SPRF-ES;DEL01-ES;UOP01-DEL01-ES
657356;25/01/2025;sábado;20:00:00;RJ;356;78;ITALVA;Reação tardia ou ineficiente do condutor;Queda de ocupante de veículo;Com Vítimas Feridas;Plena Noite;Crescente;Céu Claro;Simples;Reta;Sim;1;0;1;0;0;0;1;1;-21,43975905;-41,67832968;SPRF-RJ;DEL08-RJ;UOP03-DEL08-RJ
657357;25/01/2025;sábado;22:00:00;PE;428;173,6;PETROLINA;Reação tardia ou ineficiente do condutor;Colisão traseira;Com Vítimas Fatais;Plena Noite;Decrescente;Céu Claro;Simples;Reta;Não;3;2;0;0;0;1;0;2;-9,259369;-40,428972;SPRF-PE;DEL06-PE;UOP01-DEL06-PE
657359;25/01/2025;sábado;14:30:00;MT;174;328;PONTES E LACERDA;Objeto estático sobre o leito carroçável;Saída de leito carroçável;Com Vítimas Feridas;Pleno dia;Crescente;Chuva;Simples;"Aclive;Reta";Não;1;0;1;0;0;0;1;1;-14,897952;-59,29475;SPRF-MT;DEL04-MT;UOP01-DEL04-MT
657361;25/01/2025;sábado;21:20:00;SP;116;407;JUQUIA;Ausência de reação do condutor;Queda de ocupante de veículo;Com Vítimas Feridas;Plena Noite;Decrescente;Chuva;Dupla;Reta;Não;1;0;1;0;0;0;1;1;-24,32689195;-47,56569901;SPRF-SP;DEL05-SP;UOP01-DEL05-SP
657364;25/01/2025;sábado;23:10:00;PI;316;3,9;TERESINA;Velocidade Incompatível;Saída de leito carroçável;Com Vítimas Feridas;Plena Noite;Decrescente;Garoa/Chuvisco;Múltipla;Reta;Sim;1;0;1;0;0;0;1;1;-5,139383;-42,785563;SPRF-PI;DEL01-PI;UOP02-DEL01-PI
657365;25/01/2025;sábado;12:30:00;RO;364;308,3;PRESIDENTE MEDICI;Desrespeitar a preferência no cruzamento;Colisão transversal;Com Vítimas Feridas;Pleno dia;Decrescente;Sol;Múltipla;"Interseção de Vias;Reta";Sim;2;0;0;1;1;0;1;2;-11,172427;-61,901573;SPRF-RO;DEL02-RO;UOP01-DEL02-RO
657367;26/01/2025;domingo;00:30:00;SP;116;123;CACAPAVA;Reação tardia ou ineficiente do condutor;Colisão com objeto;Com Vítimas Feridas;Plena Noite;Decrescente;Nublado;Dupla;Reta;Não;5;0;2;0;2;1;2;3;-23,08754228;-45,66969781;SPRF-SP;DEL02-SP;UOP02-DEL02-SP
657369;26/01/2025;domingo;01:00:00;SC;101;156;PORTO BELO;Desrespeitar a preferência no cruzamento;Colisão frontal;Com Vítimas Feridas;Plena Noite;Decrescente;Nublado;Dupla;Interseção de Vias;Sim;2;0;1;1;0;0;2;2;-27,172272;-48,61170204;SPRF-SC;DEL04-SC;UOP03-DEL04-SC
657370;25/01/2025;sábado;21:50:00;RJ;40;92;PETROPOLIS;Reação tardia ou ineficiente do condutor;Tombamento;Com Vítimas Feridas;Plena Noite;Crescente;Céu Claro;Dupla;"Curva;Declive";Sim;1;0;1;0;0;0;1;1;-22,55191954;-43,25068815;SPRF-RJ;DEL01-RJ;UOP01-DEL01-RJ
657371;25/01/2025;sábado;21:40:00;MG;146;458,9;BOTELHOS;Ingestão de álcool pelo condutor;Colisão transversal;Com Vítimas Feridas;Plena Noite;Crescente;Céu Claro;Simples;"Reta;Declive;Interseção de Vias";Não;4;0;2;1;1;0;3;2;-21,632192;-46,407369;SPRF-MG;DEL09-MG;UOP01-DEL09-MG
657372;25/01/2025;sábado;23:00:00;SC;101;58,9;ARAQUARI;Condutor deixou de manter distância do veículo da frente;Colisão traseira;Com Vítimas Feridas;Plena Noite;Crescente;Nublado;Dupla;"Reta;Declive";Não;3;0;3;0;0;0;3;2;-26,44456229;-48,79654884;SPRF-SC;DEL03-SC;UOP02-DEL03-SC
657374;26/01/2025;domingo;00:35:00;PE;101;65;RECIFE;Ausência de reação do condutor;Saída de leito carroçável;Com Vítimas Feridas;Plena Noite;Crescente;Céu Claro;Dupla;Reta;Sim;1;0;0;1;0;0;1;1;-8,02478597;-34,94276635;SPRF-PE;DEL01-PE;UOP01-DEL01-PE