id;data_inversa;dia_semana;horario;uf;br;km;municipio;causa_acidente;tipo_acidente;classificacao_acidente;fase_dia;sentido_via;condicao_metereologica;tipo_pista;tracado_via;uso_solo;pessoas;mortos;feridos_leves;feridos_graves;ilesos;ignorados;feridos;veiculos;latitude;longitude;regional;delegacia;uop
657607;27/01/2025;segunda-feira;01:30:00;SC;101;214;PALHOCA;Reação tardia ou ineficiente do condutor;Colisão com objeto;Sem Vítimas;Plena Noite;Decrescente;Céu Claro;Múltipla;Reta;Sim;2;0;0;0;1;1;0;1;-27,65139207;-48,67550611;SPRF-SC;DEL01-SC;UOP02-DEL01-SC
657608;27/01/2025;segunda-feira;00:20:00;MS;262;2;TRES LAGOAS;Condutor Dormindo;Saída de leito carroçável;Com Vítimas Feridas;Plena Noite;Decrescente;Chuva;Simples;Rotatória;Não;1;0;0;1;0;0;1;1;-20,78949837;-51,64329529;SPRF-MS;DEL07-MS;UOP01-DEL07-MS
657609;27/01/2025;segunda-feira;01:00:00;PR;272;433;GOIOERE;Reação tardia ou ineficiente do condutor;Colisão lateral mesmo sentido;Com Vítimas Feridas;Plena Noite;Decrescente;Céu Claro;Simples;Reta;Não;2;0;2;0;0;0;2;2;-24,19011334;-52,99214065;SPRF-PR;DEL09-PR;UOP03-DEL09-PR
657612;26/01/2025;domingo;12:15:00;MA;316;619,5;TIMON;Conversão proibida;Colisão traseira;Com Vítimas Feridas;Pleno dia;Decrescente;Céu Claro;Simples;Reta;Sim;3;0;1;0;2;0;1;2;-5,119788;-42,824196;SPRF-MA;DEL03-MA;UOP02-DEL03-MA
657614;27/01/2025;segunda-feira;03:30:00;SP;116;147;SAO JOSE DOS CAMPOS;Ausência de reação do condutor;Colisão com objeto;Sem Vítimas;Plena Noite;Crescente;Chuva;Dupla;Curva;Não;1;0;0;0;0;1;0;1;-23,19542994;-45,87176303;SPRF-SP;DEL02-SP;UOP01-DEL02-SP
657615;27/01/2025;segunda-feira;02:30:00;PR;277;725;FOZ DO IGUACU;Ausência de reação do condutor;Colisão com objeto;Com Vítimas Feridas;Plena Noite;Crescente;Céu Claro;Dupla;"Curva;Aclive";Sim;2;0;1;0;0;1;1;2;-25,50823541;-54,54619865;SPRF-PR;DEL05-PR;UOP03-DEL05-PR
657616;27/01/2025;segunda-feira;02:30:00;AL;101;41;FLEXEIRAS;Condutor Dormindo;Saída de leito carroçável;Com Vítimas Feridas;Plena Noite;Decrescente;Céu Claro;Dupla;Curva;Não;3;0;3;0;0;0;3;1;-9,17104293;-35,77460326;SPRF-AL;DEL01-AL;UOP02-DEL01-AL
657617;27/01/2025;segunda-feira;05:40:00;ES;101;267,9;SERRA;Condutor deixou de manter distância do veículo da frente;Colisão traseira;Com Vítimas Feridas;Amanhecer;Crescente;Céu Claro;Dupla;Reta;Sim;2;0;1;0;0;1;1;2;-20,19930999;-40,26884609;SPRF-ES;DEL02-ES;UOP01-DEL02-ES
657618;27/01/2025;segunda-feira;04:25:00;MG;50;180;UBERABA;Transitar na contramão;Colisão com objeto;Sem Vítimas;Amanhecer;Decrescente;Garoa/Chuvisco;Simples;"Viaduto;Reta";Sim;1;0;0;0;0;1;0;1;-19,77848216;-47,92194709;SPRF-MG;DEL13-MG;UOP01-DEL13-MG
657621;27/01/2025;segunda-feira;06:15:00;PB;230;19,9;JOAO PESSOA;Condutor deixou de manter distância do veículo da frente;Engavetamento;Com Vítimas Feridas;Amanhecer;Decrescente;Nublado;Dupla;Reta;Sim;5;0;1;0;4;0;1;4;-7,1337;-34,8544;SPRF-PB;DEL01-PB;UOP01-DEL01-PB
657622;26/01/2025;domingo;19:20:00;BA;101;909;IBIRAPUA;Demais falhas mecânicas ou elétricas;Incêndio;Sem Vítimas;Plena Noite;Crescente;Céu Claro;Simples;Reta;Não;1;0;0;0;1;0;0;1;-17,805867;-39,782755;SPRF-BA;DEL09-BA;UOP02-DEL09-BA
657624;27/01/2025;segunda-feira;05:00:00;PR;277;675;MEDIANEIRA;Reação tardia ou ineficiente do condutor;Saída de leito carroçável;Com Vítimas Feridas;Amanhecer;Decrescente;Céu Claro;Dupla;Reta;Sim;1;0;1;0;0;0;1;1;-25,29891949;-54,12338731;SPRF-PR;DEL05-PR;UOP01-DEL05-PR
657626;26/01/2025;domingo;18:32:00;GO;80;137;VILA PROPICIO;Frear bruscamente;Saída de leito carroçável;Com Vítimas Feridas;Plena Noite;Crescente;Céu Claro;Simples;Curva;Não;5;0;2;0;3;0;2;2;-15,208875;-48,697312;SPRF-GO;DEL07-GO;UOP02-DEL07-GO
657628;27/01/2025;segunda-feira;06:30:00;MS;262;406;TERENOS;Reação tardia ou ineficiente do condutor;Saída de leito carroçável;Com Vítimas Fatais;Amanhecer;Crescente;Céu Claro;Simples;Reta;Não;5;1;3;1;0;0;4;1;-20,43409079;-55,08493423;SPRF-MS;DEL01-MS;UOP03-DEL01-MS
657629;27/01/2025;segunda-feira;06:40:00;PB;101;82;BAYEUX;Trafegar com motocicleta (ou similar) entre as faixas;Tombamento;Com Vítimas Feridas;Pleno dia;Crescente;Nublado;Dupla;Reta;Sim;1;0;0;1;0;0;1;1;-7,12911;-34,93714;SPRF-PB;DEL01-PB;UOP01-DEL01-PB
657630;27/01/2025;segunda-feira;07:00:00;PE;232;409;SERRA TALHADA;Acesso irregular;Colisão transversal;Com Vítimas Feridas;Pleno dia;Decrescente;Céu Claro;Simples;Reta;Sim;5;0;0;1;4;0;1;2;-7,981944;-38,289467;SPRF-PE;DEL04-PE;UOP01-DEL04-PE
657631;27/01/2025;segunda-feira;05:40:00;MT;163;522;DIAMANTINO;Condutor Dormindo;Saída de leito carroçável;Com Vítimas Feridas;Pleno dia;Crescente;Sol;Dupla;Reta;Não;1;0;1;0;0;0;1;1;-14,50402729;-56,19741276;SPRF-MT;DEL01-MT;UOP01-DEL01-MT
657632;27/01/2025;segunda-feira;06:30:00;MG;40;523,7;CONTAGEM;Acessar a via sem observar a presença dos outros veículos;Atropelamento de Pedestre;Com Vítimas Feridas;Pleno dia;Crescente;Céu Claro;Dupla;Reta;Sim;3;0;2;0;1;0;2;2;-19,86874894;-44,05962197;SPRF-MG;DEL01-MG;UOP02-DEL01-MG
657634;27/01/2025;segunda-feira;06:30:00;BA;101;17;RIO REAL;Ausência de reação do condutor;Saída de leito carroçável;Com Vítimas Feridas;Pleno dia;Decrescente;Céu Claro;Dupla;Reta;Não;4;0;3;0;1;0;3;1;-11,68406398;-37,90122415;SPRF-SE;DEL02-SE;UOP03-DEL02-SE
657635;27/01/2025;segunda-feira;06:50:00;ES;101;268;SERRA;Condutor deixou de manter distância do veículo da frente;Colisão traseira;Com Vítimas Feridas;Pleno dia;Decrescente;Céu Claro;Dupla;Reta;Sim;2;0;1;0;1;0;1;2;-20,20842;-40,269405;SPRF-ES;DEL02-ES;UOP01-DEL02-ES
657636;27/01/2025;segunda-feira;06:45:00;PR;369;157;LONDRINA;Acessar a via sem observar a presença dos outros veículos;Colisão lateral mesmo sentido;Com Vítimas Feridas;Pleno dia;Crescente;Céu Claro;Dupla;Reta;Não;2;0;1;0;1;0;1;2;-23,2855525;-51,2307145;SPRF-PR;DEL07-PR;UOP01-DEL07-PR
657639;27/01/2025;segunda-feira;06:30:00;PR;369;86;CORNELIO PROCOPIO;Demais falhas mecânicas ou elétricas;Capotamento;Com Vítimas Feridas;Pleno dia;Crescente;Nublado;Simples;Curva;Sim;3;0;2;0;1;0;2;1;-23,17331706;-50,61831594;SPRF-PR;DEL07-PR;UOP05-DEL07-PR
657641;27/01/2025;segunda-feira;08:00:00;GO;414;440;ANAPOLIS;Acessar a via sem observar a presença dos outros veículos;Colisão traseira;Com Vítimas Feridas;Pleno dia;Crescente;Céu Claro;Simples;Rotatória;Sim;2;0;0;1;0;1;1;2;-16,28704724;-48,94387364;SPRF-GO;DEL02-GO;UOP01-DEL02-GO
657642;27/01/2025;segunda-feira;08:20:00;PB;230;26;JOAO PESSOA;Manobra de mudança de faixa;Colisão lateral mesmo sentido;Com Vítimas Feridas;Pleno dia;Decrescente;Nublado;Múltipla;Reta;Sim;3;0;1;1;1;0;2;2;-7,16941323;-34,87839226;SPRF-PB;DEL01-PB;UOP01-DEL01-PB
657647;26/01/2025;domingo;22:00:00;MS;163;567,8;BANDEIRANTES;Ingestão de álcool pelo condutor;Saída de leito carroçável;Sem Vítimas;Plena Noite;Crescente;Chuva;Simples;Reta;Não;1;0;0;0;1;0;0;1;-19,75811396;-54,35853617;SPRF-MS;DEL01-MS;UOP02-DEL01-MS
657648;27/01/2025;segunda-feira;07:40:00;BA;116;827;VITORIA DA CONQUISTA;Acesso irregular;Colisão transversal;Com Vítimas Feridas;Pleno dia;Decrescente;Céu Claro;Dupla;Reta;Sim;2;0;2;0;0;0;2;2;-14,88108716;-40,85609436;SPRF-BA;DEL08-BA;UOP01-DEL08-BA
657649;26/01/2025;domingo;14:45:00;MT;70;514;VARZEA GRANDE;Ingestão de álcool pelo condutor;Queda de ocupante de veículo;Com Vítimas Feridas;Pleno dia;Decrescente;Sol;Simples;Interseção de Vias;Sim;2;0;1;0;1;0;1;1;-15,70620348;-56,13234043;SPRF-MT;DEL01-MT;UOP02-DEL01-MT
657650;27/01/2025;segunda-feira;08:30:00;PB;230;15,6;JOAO PESSOA;Demais falhas mecânicas ou elétricas;Colisão lateral mesmo sentido;Com Vítimas Feridas;Pleno dia;Crescente;Chuva;Dupla;"Reta;Aclive";Sim;2;0;1;0;1;0;1;2;-7,093;-34,8482;SPRF-PB;DEL01-PB;UOP01-DEL01-PB
657651;27/01/2025;segunda-feira;09:10:00;RS;158;178,8;PEJUCARA;Acessar a via sem observar a presença dos outros veículos;Colisão transversal;Com Vítimas Feridas;Pleno dia;Crescente;Céu Claro;Simples;Interseção de Vias;Não;6;0;4;2;0;0;6;2;-28,51048335;-53,55337143;SPRF-RS;DEL10-RS;UOP02-DEL10-RS
657652;27/01/2025;segunda-feira;08:01:00;MA;135;7;SAO LUIS;Condutor deixou de manter distância do veículo da frente;Colisão traseira;Sem Vítimas;Pleno dia;Crescente;Sol;Dupla;Reta;Sim;2;0;0;0;2;0;0;2;-2,63608835;-44,26848552;SPRF-MA;DEL01-MA;UOP01-DEL01-MA
657653;27/01/2025;segunda-feira;08:45:00;SC;101;148,2;ITAPEMA;Mal súbito do condutor;Colisão com objeto;Com Vítimas Feridas;Pleno dia;Crescente;Nublado;Múltipla;Reta;Sim;2;0;1;0;0;1;1;2;-27,10123686;-48,61807962;SPRF-SC;DEL04-SC;UOP03-DEL04-SC
657655;27/01/2025;segunda-feira;07:40:00;RS;116;529;CAPAO DO LEAO;Transitar na contramão;Colisão frontal;Com Vítimas Feridas;Pleno dia;Crescente;Céu Claro;Simples;Reta;Sim;2;0;2;0;0;0;2;2;-31,75446042;-52,42803583;SPRF-RS;DEL07-RS;UOP01-DEL07-RS
657657;26/01/2025;domingo;21:30:00;BA;242;432;SEABRA;Ultrapassagem Indevida;Colisão frontal;Com Vítimas Feridas;Plena Noite;Crescente;Céu Claro;Simples;Reta;Não;5;0;5;0;0;0;5;2;-12,39205239;-41,91496307;SPRF-BA;DEL06-BA;UOP01-DEL06-BA
657658;27/01/2025;segunda-feira;09:40:00;PE;232;54,1;POMBOS;Acessar a via sem observar a presença dos outros veículos;Colisão transversal;Com Vítimas Fatais;Pleno dia;Decrescente;Chuva;Dupla;Reta;Não;2;1;0;1;0;0;1;2;-8,13038599;-35,3593576;SPRF-PE;DEL02-PE;UOP02-DEL02PE
657661;27/01/2025;segunda-feira;08:20:00;PE;428;188,1;PETROLINA;Ingestão de álcool pelo condutor;Colisão traseira;Com Vítimas Feridas;Pleno dia;Crescente;Céu Claro;Dupla;Reta;Sim;5;0;1;0;2;2;1;3;-9,37575434;-40,49191475;SPRF-PE;DEL06-PE;UOP01-DEL06-PE
657662;27/01/2025;segunda-feira;10:15:00;PB;230;28;JOAO PESSOA;Condutor deixou de manter distância do veículo da frente;Colisão traseira;Com Vítimas Feridas;Pleno dia;Crescente;Nublado;Dupla;Reta;Não;2;0;0;1;1;0;1;2;-7,1651;-34,8941;SPRF-PB;DEL01-PB;UOP01-DEL01-PB
657664;27/01/2025;segunda-feira;05:15:00;RS;392;117,8;CANGUCU;Ausência de reação do condutor;Colisão com objeto;Sem Vítimas;Plena Noite;Crescente;Céu Claro;Simples;Ponte;Não;1;0;0;0;0;1;0;1;-31,41369338;-52,67628308;SPRF-RS;DEL07-RS;UOP01-DEL07-RS
657665;27/01/2025;segunda-feira;09:10:00;SP;116;151;SAO JOSE DOS CAMPOS;Reação tardia ou ineficiente do condutor;Colisão traseira;Com Vítimas Feridas;Pleno dia;Crescente;Sol;Dupla;Reta;Sim;4;0;3;0;1;0;3;2;-23,21980694;-45,89991605;SPRF-SP;DEL02-SP;UOP01-DEL02-SP
657667;27/01/2025;segunda-feira;10:30:00;RO;364;352,5;JI-PARANA;Animais na Pista;Atropelamento de Animal;Sem Vítimas;Pleno dia;Crescente;Céu Claro;Simples;Reta;Não;2;0;0;0;2;0;0;1;-10,83322284;-62,01156957;SPRF-RO;DEL02-RO;UOP01-DEL02-RO
657669;27/01/2025;segunda-feira;10:45:00;DF;20;29,1;BRASILIA;Ingestão de álcool pelo condutor;Saída de leito carroçável;Com Vítimas Fatais;Pleno dia;Decrescente;Chuva;Dupla;Curva;Não;2;1;1;0;0;0;1;2;-15,598102;-47,612637;SPRF-DF;DEL02-DF;UOP01-DEL02-DF
657670;27/01/2025;segunda-feira;11:55:00;SC;101;215;PALHOCA;Objeto estático sobre o leito carroçável;Colisão com objeto;Com Vítimas Feridas;Pleno dia;Decrescente;Céu Claro;Múltipla;Reta;Sim;2;0;1;0;1;0;1;2;-27,65184843;-48,67604941;SPRF-SC;DEL01-SC;UOP02-DEL01-SC
657672;27/01/2025;segunda-feira;12:30:00;ES;101;270,3;SERRA;Ausência de reação do condutor;Colisão traseira;Com Vítimas Feridas;Pleno dia;Decrescente;Sol;Dupla;Reta;Sim;2;0;1;0;1;0;1;2;-20,22662056;-40,27075088;SPRF-ES;DEL02-ES;UOP01-DEL02-ES
657675;27/01/2025;segunda-feira;11:10:00;SC;116;10,2;MAFRA;Ausência de reação do condutor;Tombamento;Com Vítimas Feridas;Pleno dia;Crescente;Céu Claro;Simples;Reta;Não;2;0;1;0;1;0;1;1;-26,16829411;-49,85476074;SPRF-SC;DEL06-SC;UOP01-DEL06-SC
657676;27/01/2025;segunda-feira;12:20:00;PB;230;24;JOAO PESSOA;Acumulo de areia ou detritos sobre o pavimento;Tombamento;Com Vítimas Feridas;Pleno dia;Crescente;Céu Claro;Múltipla;"Desvio Temporário;Em Obras;Curva";Sim;1;0;1;0;0;0;1;1;-7,1637;-34,8618;SPRF-PB;DEL01-PB;UOP01-DEL01-PB
657677;27/01/2025;segunda-feira;05:30:00;MG;267;231;LIBERDADE;Mal súbito do condutor;Saída de leito carroçável;Com Vítimas Fatais;Amanhecer;Decrescente;Ignorado;Simples;"Aclive;Curva";Não;1;1;0;0;0;0;0;1;-21,94947166;-44,33481086;SPRF-MG;DEL17-MG;UOP01-DEL17-MG
657678;27/01/2025;segunda-feira;12:20:00;SC;101;324,6;CAPIVARI DE BAIXO;Condutor deixou de manter distância do veículo da frente;Colisão traseira;Com Vítimas Feridas;Pleno dia;Decrescente;Céu Claro;Múltipla;Curva;Sim;2;0;1;0;1;0;1;2;-28,42890047;-48,92285509;SPRF-SC;DEL02-SC;UOP01-DEL02-SC
657679;27/01/2025;segunda-feira;07:00:00;RS;290;310;CACAPAVA DO SUL;Reação tardia ou ineficiente do condutor;Saída de leito carroçável;Com Vítimas Feridas;Amanhecer;Decrescente;Céu Claro;Simples;Reta;Não;1;0;0;1;0;0;1;1;-30,336958;-53,311825;SPRF-RS;DEL09-RS;UOP02-DEL09-RS
657680;27/01/2025;segunda-feira;11:40:00;SE;101;39,7;CAPELA;Chuva;Colisão traseira;Com Vítimas Feridas;Pleno dia;Crescente;Chuva;Dupla;"Declive;Reta";Não;3;0;2;0;1;0;2;2;-10,517972;-36,950147;SPRF-SE;DEL02-SE;UOP02-DEL02-SE
657682;27/01/2025;segunda-feira;13:00:00;SP;381;49;ATIBAIA;Reação tardia ou ineficiente do condutor;Colisão traseira;Com Vítimas Feridas;Pleno dia;Crescente;Céu Claro;Dupla;Reta;Não;2;0;1;0;1;0;1;2;-23,20535293;-46,59066516;SPRF-SP;DEL03-SP;UOP01-DEL03-SP
657683;27/01/2025;segunda-feira;11:00:00;PI;402;79;LUIS CORREIA;Ausência de reação do condutor;Colisão traseira;Com Vítimas Feridas;Pleno dia;Decrescente;Sol;Simples;Reta;Sim;2;0;1;0;1;0;1;2;-3,07581078;-41,42705109;SPRF-PI;DEL05-PI;UOP01-DEL05-PI
657684;27/01/2025;segunda-feira;12:00:00;PI;343;12,1;PARNAIBA;Acessar a via sem observar a presença dos outros veículos;Colisão transversal;Com Vítimas Feridas;Pleno dia;Crescente;Sol;Simples;Reta;Sim;2;0;1;0;0;1;1;2;-2,910035;-41,753662;SPRF-PI;DEL05-PI;UOP01-DEL05-PI
657685;27/01/2025;segunda-feira;12:30:00;PR;163;62,6;PEROLA DOESTE;Chuva;Colisão lateral sentido oposto;Com Vítimas Feridas;Pleno dia;Decrescente;Chuva;Múltipla;"Curva;Aclive";Não;3;0;2;0;1;0;2;2;-25,849808;-53,751462;SPRF-PR;DEL02-PR;UOP02-DEL02-PR
657687;18/01/2025;sábado;16:40:00;SP;153;59,7;SAO JOSE DO RIO PRETO;Reação tardia ou ineficiente do condutor;Colisão com objeto;Com Vítimas Feridas;Pleno dia;Crescente;Sol;Dupla;Reta;Sim;4;0;1;0;3;0;1;2;-20,78733103;-49,35399276;SPRF-SP;DEL09-SP;UOP01-DEL09-SP
657688;27/01/2025;segunda-feira;12:30:00;PR;277;632;CEU AZUL;Condutor deixou de manter distância do veículo da frente;Colisão traseira;Com Vítimas Feridas;Pleno dia;Decrescente;Céu Claro;Simples;Reta;Sim;2;0;1;0;1;0;1;2;-25,12256565;-53,80997113;SPRF-PR;DEL05-PR;UOP02-DEL05-PR
657689;27/01/2025;segunda-feira;11:45:00;DF;20;10,3;BRASILIA;Ausência de sinalização;Colisão transversal;Com Vítimas Feridas;Pleno dia;Decrescente;Nublado;Dupla;"Em Obras;Desvio Temporário;Reta";Sim;3;0;1;0;2;0;1;2;-15,650243;-47,773872;SPRF-DF;DEL02-DF;UOP01-DEL02-DF
657690;27/01/2025;segunda-feira;13:04:00;PE;101;67;RECIFE;Reação tardia ou ineficiente do condutor;Colisão traseira;Com Vítimas Feridas;Pleno dia;Crescente;Céu Claro;Dupla;Reta;Sim;2;0;1;0;1;0;1;2;-8,050081;-34,945829;SPRF-PE;DEL01-PE;UOP01-DEL01-PE
657691;27/01/2025;segunda-feira;13:30:00;RS;471;657,5;SANTA VITORIA DO PALMAR;Acessar a via sem observar a presença dos outros veículos;Colisão transversal;Com Vítimas Feridas;Pleno dia;Crescente;Céu Claro;Simples;Reta;Sim;2;0;0;1;1;0;1;2;-33,514408;-53,330658;SPRF-RS;DEL07-RS;UOP04-DEL07-RS
657693;27/01/2025;segunda-feira;11:20:00;MG;262;40,2;MANHUACU;Acessar a via sem observar a presença dos outros veículos;Colisão transversal;Com Vítimas Feridas;Pleno dia;Decrescente;Céu Claro;Simples;"Rotatória;Reta;Retorno Regulamentado;Declive";Sim;2;0;0;1;1;0;1;2;-20,27142167;-42,06546063;SPRF-MG;DEL06-MG;UOP03-DEL06-MG
657695;27/01/2025;segunda-feira;13:40:00;MG;381;1;BETIM;Avarias e/ou desgaste excessivo no pneu;Queda de ocupante de veículo;Com Vítimas Feridas;Pleno dia;Decrescente;Nublado;Dupla;Reta;Não;2;0;2;0;0;0;2;1;-19,97095494;-44,16006947;SPRF-MG;DEL01-MG;UOP03-DEL01-MG
657698;27/01/2025;segunda-feira;13:05:00;SC;101;328,9;TUBARAO;Ultrapassagem Indevida;Colisão lateral mesmo sentido;Sem Vítimas;Pleno dia;Crescente;Céu Claro;Dupla;"Reta;Ponte";Não;3;0;0;0;1;2;0;3;-28,43648094;-48,95989307;SPRF-SC;DEL02-SC;UOP01-DEL02-SC
657699;27/01/2025;segunda-feira;14:00:00;MG;381;837,2;SAO SEBASTIAO DA BELA VISTA;Velocidade Incompatível;Colisão com objeto;Com Vítimas Feridas;Pleno dia;Crescente;Chuva;Dupla;Curva;Não;4;0;1;0;3;0;1;1;-22,18544691;-45,84411022;SPRF-MG;DEL16-MG;UOP01-DEL16-MG
657701;27/01/2025;segunda-feira;14:20:00;MG;381;3,9;BETIM;Avarias e/ou desgaste excessivo no pneu;Tombamento;Com Vítimas Feridas;Pleno dia;Crescente;Céu Claro;Dupla;Reta;Sim;2;0;2;0;0;0;2;1;-19,96825;-44,198708;SPRF-MG;DEL01-MG;UOP03-DEL01-MG
657702;27/01/2025;segunda-feira;09:00:00;PR;369;371;MAMBORE;Desrespeitar a preferência no cruzamento;Colisão transversal;Com Vítimas Feridas;Pleno dia;Decrescente;Céu Claro;Simples;Reta;Não;3;0;2;0;1;0;2;2;-24,2732433;-52,5122958;SPRF-PR;DEL04-PR;UOP03-DEL04-PR
657706;27/01/2025;segunda-feira;14:30:00;RS;290;79;GRAVATAI;Ausência de reação do condutor;Colisão lateral mesmo sentido;Com Vítimas Feridas;Pleno dia;Decrescente;Céu Claro;Múltipla;Reta;Não;2;0;1;0;1;0;1;2;-29,952908;-51,048054;SPRF-RS;DEL01-RS;UOP01-DEL01-RS
657707;21/01/2025;terça-feira;19:30:00;MS;163;591,1;BANDEIRANTES;Entrada inopinada do pedestre;Atropelamento de Pedestre;Com Vítimas Feridas;Plena Noite;Decrescente;Céu Claro;Dupla;"Reta;Declive";Não;2;0;0;1;1;0;1;2;-19,56443495;-54,42305893;SPRF-MS;DEL06-MS;UOP02-DEL06-MS
657709;27/01/2025;segunda-feira;14:35:00;GO;414;440;ANAPOLIS;Ausência de reação do condutor;Colisão traseira;Com Vítimas Feridas;Pleno dia;Crescente;Céu Claro;Dupla;Rotatória;Sim;2;0;1;0;1;0;1;2;-16,28128823;-48,94258908;SPRF-GO;DEL02-GO;UOP01-DEL02-GO
657711;27/01/2025;segunda-feira;13:30:00;MG;116;667,8;MIRADOURO;Ingestão de álcool pelo condutor;Tombamento;Com Vítimas Feridas;Pleno dia;Crescente;Nublado;Simples;Reta;Não;1;0;1;0;0;0;1;1;-20,85515645;-42,32152831;SPRF-MG;DEL07-MG;UOP02-DEL07-MG
657713;21/01/2025;terça-feira;01:45:00;RJ;101;316;SAO GONCALO;Reação tardia ou ineficiente do condutor;Colisão lateral mesmo sentido;Com Vítimas Feridas;Plena Noite;Decrescente;Céu Claro;Dupla;Reta;Sim;2;0;1;0;1;0;1;2;-22,82835879;-43,09208739;SPRF-RJ;DEL02-RJ;UOP02-DEL02-RJ
657715;27/01/2025;segunda-feira;15:45:00;PB;230;16;JOAO PESSOA;Pista Escorregadia;Queda de ocupante de veículo;Com Vítimas Feridas;Pleno dia;Decrescente;Sol;Dupla;Reta;Sim;1;0;1;0;0;0;1;1;-7,1092;-34,8431;SPRF-PB;DEL01-PB;UOP01-DEL01-PB
657716;27/01/2025;segunda-feira;15:40:00;DF;20;31,5;BRASILIA;Avarias e/ou desgaste excessivo no pneu;Saída de leito carroçável;Com Vítimas Feridas;Pleno dia;Decrescente;Céu Claro;Dupla;"Aclive;Reta";Não;1;0;1;0;0;0;1;1;-15,592531;-47,594936;SPRF-DF;DEL02-DF;UOP01-DEL02-DF
657717;27/01/2025;segunda-feira;15:15:00;PR;277;8;PARANAGUA;Ausência de reação do condutor;Saída de leito carroçável;Com Vítimas Feridas;Pleno dia;Decrescente;Céu Claro;Dupla;Reta;Não;4;0;3;1;0;0;4;1;-25,568198;-48,615292;SPRF-PR;DEL01-PR;UOP05-DEL01-PR
657718;27/01/2025;segunda-feira;14:00:00;MG;356;271,2;MURIAE;Restrição de visibilidade em curvas horizontais;Colisão traseira;Com Vítimas Feridas;Pleno dia;Decrescente;Nublado;Simples;"Curva;Aclive";Não;4;0;1;0;3;0;1;3;-21,13210421;-42,31711942;SPRF-MG;DEL07-MG;UOP02-DEL07-MG
657720;27/01/2025;segunda-feira;15:30:00;SP;101;42;UBATUBA;Acessar a via sem observar a presença dos outros veículos;Colisão transversal;Com Vítimas Feridas;Pleno dia;Decrescente;Chuva;Simples;Reta;Sim;2;0;1;0;1;0;1;2;-23,41389015;-45,05312415;SPRF-SP;DEL06-SP;UOP01-DEL06-SP
657721;27/01/2025;segunda-feira;15:35:00;RN;110;48;MOSSORO;Transitar no Acostamento;Colisão traseira;Com Vítimas Feridas;Pleno dia;Crescente;Sol;Simples;Reta;Sim;2;0;1;0;1;0;1;2;-5,20881178;-37,33285083;SPRF-RN;DEL04-RN;UOP01-DEL04-RN
657722;15/01/2025;quarta-feira;23:45:00;SC;101;210,2;SAO JOSE;Reação tardia ou ineficiente do condutor;Colisão traseira;Com Vítimas Feridas;Plena Noite;Decrescente;Céu Claro;Múltipla;Reta;Sim;2;0;0;1;1;0;1;2;-27,6167305;-48,6457265;SPRF-SC;DEL01-SC;UOP01-DEL01-SC
657724;27/01/2025;segunda-feira;15:30:00;AL;316;261;PILAR;Velocidade Incompatível;Colisão traseira;Sem Vítimas;Pleno dia;Crescente;Céu Claro;Simples;Reta;Sim;2;0;0;0;2;0;0;2;-9,59005875;-35,89598604;SPRF-AL;DEL02-AL;UOP01-DEL02-AL
657727;27/01/2025;segunda-feira;15:10:00;PR;369;150;LONDRINA;Condutor usando celular;Colisão com objeto;Sem Vítimas;Pleno dia;Crescente;Céu Claro;Dupla;Reta;Sim;1;0;0;0;1;0;0;1;-23,29284232;-51,16357148;SPRF-PR;DEL07-PR;UOP01-DEL07-PR
657729;27/01/2025;segunda-feira;16:00:00;MG;40;516;RIBEIRAO DAS NEVES;Acessar a via sem observar a presença dos outros veículos;Colisão lateral mesmo sentido;Com Vítimas Feridas;Pleno dia;Decrescente;Céu Claro;Dupla;Reta;Não;3;0;2;0;1;0;2;2;-19,81628624;-44,08960124;SPRF-MG;DEL01-MG;UOP02-DEL01-MG
657730;27/01/2025;segunda-feira;15:50:00;SP;116;562;BARRA DO TURVO;Reação tardia ou ineficiente do condutor;Colisão lateral mesmo sentido;Com Vítimas Feridas;Pleno dia;Crescente;Nublado;Dupla;Curva;Não;3;0;2;0;1;0;2;2;-25,02464023;-48,52213701;SPRF-SP;DEL05-SP;UOP02-DEL05-SP
657731;27/01/2025;segunda-feira;16:45:00;SC;280;28,7;ARAQUARI;Ausência de reação do condutor;Colisão transversal;Com Vítimas Feridas;Pleno dia;Decrescente;Céu Claro;Simples;"Reta;Interseção de Vias";Sim;2;0;0;1;1;0;1;2;-26,40450077;-48,74561031;SPRF-SC;DEL03-SC;UOP03-DEL03-SC
657732;27/01/2025;segunda-feira;16:45:00;RS;386;399;TRIUNFO;Retorno proibido;Colisão transversal;Com Vítimas Feridas;Pleno dia;Crescente;Céu Claro;Dupla;Reta;Não;4;0;2;2;0;0;4;2;-29,749271;-51,609505;SPRF-RS;DEL04-RS;UOP02-DEL04-RS
657733;27/01/2025;segunda-feira;15:20:00;BA;101;722;EUNAPOLIS;Ultrapassagem Indevida;Colisão frontal;Com Vítimas Feridas;Pleno dia;Decrescente;Sol;Simples;Curva;Não;6;0;1;0;5;0;1;2;-16,41097;-39,588016;SPRF-BA;DEL09-BA;UOP01-DEL09-BA
657734;27/01/2025;segunda-feira;15:15:00;AC;364;124;RIO BRANCO;Desrespeitar a preferência no cruzamento;Colisão transversal;Com Vítimas Feridas;Pleno dia;Decrescente;Céu Claro;Dupla;Rotatória;Sim;2;0;0;1;1;0;1;2;-10,01152469;-67,79140099;SPRF-AC;DEL01-AC;UOP01-DEL01-AC