id;data_inversa;dia_semana;horario;uf;br;km;municipio;causa_acidente;tipo_acidente;classificacao_acidente;fase_dia;sentido_via;condicao_metereologica;tipo_pista;tracado_via;uso_solo;pessoas;mortos;feridos_leves;feridos_graves;ilesos;ignorados;feridos;veiculos;latitude;longitude;regional;delegacia;uop
658692;01/02/2025;sábado;19:50:00;PR;373;274;PRUDENTOPOLIS;Ausência de reação do condutor;Saída de leito carroçável;Com Vítimas Feridas;Plena Noite;Decrescente;Nublado;Simples;Reta;Não;1;0;1;0;0;0;1;1;-25,25190132;-51,05917383;SPRF-PR;DEL08-PR;UOP01-DEL08-PR
658693;01/02/2025;sábado;20:23:00;AP;210;0;MACAPA;Reação tardia ou ineficiente do condutor;Colisão traseira;Com Vítimas Feridas;Plena Noite;Decrescente;Céu Claro;Múltipla;Reta;Sim;2;0;1;0;1;0;1;2;0,07780012;-51,06097;SPRF-AP;DEL01-AP;UOP01-DEL01-AP
658694;01/02/2025;sábado;20:30:00;RS;116;151,9;CAXIAS DO SUL;Reação tardia ou ineficiente do condutor;Saída de leito carroçável;Com Vítimas Feridas;Plena Noite;Crescente;Céu Claro;Dupla;Reta;Sim;4;0;3;0;1;0;3;1;-29,17694502;-51,16173896;SPRF-RS;DEL05-RS;UOP01-DEL05-RS
658696;01/02/2025;sábado;17:00:00;RJ;40;10;COMENDADOR LEVY GASPARIAN;Ausência de reação do condutor;Colisão com objeto;Com Vítimas Feridas;Anoitecer;Decrescente;Nublado;Dupla;"Curva;Aclive";Não;1;0;1;0;0;0;1;1;-22,044804;-43,20572;SPRF-RJ;DEL05-RJ;UOP02-DEL05-RJ
658697;01/02/2025;sábado;20:20:00;ES;101;144,1;LINHARES;Manobra de mudança de faixa;Colisão lateral mesmo sentido;Com Vítimas Feridas;Plena Noite;Crescente;Nublado;Múltipla;Reta;Sim;4;0;1;0;3;0;1;2;-19,35188295;-40,0636685;SPRF-ES;DEL04-ES;UOP01-DEL04-ES
658698;01/02/2025;sábado;19:30:00;MS;163;495;CAMPO GRANDE;Ausência de reação do condutor;Colisão com objeto;Com Vítimas Feridas;Plena Noite;Decrescente;Céu Claro;Dupla;Retorno Regulamentado;Não;1;0;1;0;0;0;1;1;-20,36407713;-54,52845097;SPRF-MS;DEL01-MS;UOP02-DEL01-MS
658700;01/02/2025;sábado;21:15:00;RJ;465;14;SEROPEDICA;Pedestre cruzava a pista fora da faixa;Atropelamento de Pedestre;Com Vítimas Feridas;Plena Noite;Crescente;Céu Claro;Simples;Reta;Sim;3;0;0;1;2;0;1;2;-22,804979;-43,638828;SPRF-RJ;DEL06-RJ;UOP02-DEL06-RJ
658701;01/02/2025;sábado;21:46:00;GO;50;105;CRISTALINA;Ingestão de álcool pelo condutor;Saída de leito carroçável;Sem Vítimas;Anoitecer;Crescente;Chuva;Dupla;Reta;Não;1;0;0;0;1;0;0;1;-16,9309;-47,7117;SPRF-DF;DEL01-DF;UOP02-DEL01-DF
658702;01/02/2025;sábado;21:20:00;RS;290;91;PORTO ALEGRE;Manobra de mudança de faixa;Colisão lateral mesmo sentido;Com Vítimas Feridas;Plena Noite;Decrescente;Céu Claro;Dupla;Retorno Regulamentado;Sim;4;0;2;0;2;0;2;2;-29,969055;-51,167439;SPRF-RS;DEL01-RS;UOP01-DEL01-RS
658703;01/02/2025;sábado;22:20:00;SP;116;188;SANTA ISABEL;Demais falhas mecânicas ou elétricas;Incêndio;Sem Vítimas;Plena Noite;Crescente;Garoa/Chuvisco;Dupla;Reta;Não;1;0;0;0;1;0;0;1;-23,3594352;-46,21675791;SPRF-SP;DEL01-SP;UOP01-DEL01-SP
658704;01/02/2025;sábado;20:50:00;RJ;116;182;NOVA IGUACU;Condutor Dormindo;Colisão com objeto;Com Vítimas Feridas;Plena Noite;Crescente;Céu Claro;Dupla;Reta;Sim;1;0;1;0;0;0;1;1;-22,7567755;-43,43107234;SPRF-RJ;DEL06-RJ;UOP01-DEL06-RJ
658705;01/02/2025;sábado;20:50:00;BA;116;779;PLANALTO;Reação tardia ou ineficiente do condutor;Tombamento;Com Vítimas Feridas;Plena Noite;Crescente;Nublado;Simples;Reta;Sim;2;0;0;2;0;0;2;1;-14,62420805;-40,44735388;SPRF-BA;DEL08-BA;UOP02-DEL08-BA
658707;01/02/2025;sábado;20:40:00;MT;163;839,1;SINOP;Ausência de reação do condutor;Colisão traseira;Sem Vítimas;Plena Noite;Crescente;Nublado;Dupla;Retorno Regulamentado;Sim;2;0;0;0;2;0;0;2;-11,951051;-55,516876;SPRF-MT;DEL06-MT;UOP02-DEL06-MT
658708;01/02/2025;sábado;22:30:00;BA;101;503;ITABUNA;Acesso irregular;Colisão transversal;Sem Vítimas;Plena Noite;Crescente;Céu Claro;Simples;Curva;Não;3;0;0;0;3;0;0;2;-14,7754298;-39,2882452;SPRF-BA;DEL05-BA;UOP01-DEL05-BA
658709;01/02/2025;sábado;22:40:00;PR;476;198;LAPA;Reação tardia ou ineficiente do condutor;Colisão traseira;Com Vítimas Feridas;Plena Noite;Crescente;Céu Claro;Simples;Reta;Não;3;0;1;0;1;1;1;2;-25,76652012;-49,73986566;SPRF-PR;DEL01-PR;UOP06-DEL01-PR
658711;01/02/2025;sábado;22:30:00;PR;376;107;PARANAVAI;Ausência de reação do condutor;Colisão com objeto;Sem Vítimas;Plena Noite;Crescente;Céu Claro;Dupla;Reta;Sim;1;0;0;0;0;1;0;1;-23,06330691;-52,4325943;SPRF-PR;DEL09-PR;UOP02-DEL09-PR
658712;01/02/2025;sábado;21:30:00;MT;163;839;SINOP;Acessar a via sem observar a presença dos outros veículos;Colisão transversal;Sem Vítimas;Plena Noite;Crescente;Chuva;Simples;Reta;Sim;3;0;0;0;2;1;0;2;-11,82673262;-55,48605507;SPRF-MT;DEL06-MT;UOP02-DEL06-MT
658713;01/02/2025;sábado;22:55:00;RS;158;328;SANTA MARIA;Acumulo de areia ou detritos sobre o pavimento;Tombamento;Com Vítimas Feridas;Plena Noite;Crescente;Céu Claro;Dupla;Reta;Não;1;0;1;0;0;0;1;1;-29,71032631;-53,8209486;SPRF-RS;DEL09-RS;UOP01-DEL09-RS
658714;01/02/2025;sábado;23:20:00;RS;116;529,5;CAPAO DO LEAO;Acessar a via sem observar a presença dos outros veículos;Colisão traseira;Com Vítimas Feridas;Plena Noite;Crescente;Céu Claro;Simples;Interseção de Vias;Sim;2;0;1;0;1;0;1;2;-31,75446042;-52,42803583;SPRF-RS;DEL07-RS;UOP01-DEL07-RS
658715;01/02/2025;sábado;22:45:00;RN;427;103,9;CAICO;Iluminação deficiente;Tombamento;Com Vítimas Feridas;Plena Noite;Crescente;Céu Claro;Dupla;Interseção de Vias;Não;2;0;2;0;0;0;2;1;-6,42894379;-37,08355308;SPRF-RN;DEL03-RN;UOP01-DEL03-RN
658716;01/02/2025;sábado;21:33:00;MT;174;6;PONTES E LACERDA;Ultrapassagem Indevida;Colisão lateral mesmo sentido;Com Vítimas Feridas;Plena Noite;Crescente;Chuva;Simples;"Reta;Interseção de Vias";Sim;3;0;0;2;1;0;2;2;-15,22721451;-59,34926033;SPRF-MT;DEL04-MT;UOP01-DEL04-MT
658717;01/02/2025;sábado;23:50:00;MG;262;812,9;UBERABA;Reação tardia ou ineficiente do condutor;Tombamento;Com Vítimas Feridas;Plena Noite;Crescente;Chuva;Dupla;Reta;Sim;1;0;1;0;0;0;1;1;-19,76009757;-48,07322705;SPRF-MG;DEL13-MG;UOP01-DEL13-MG
658718;01/02/2025;sábado;20:30:00;MG;116;408;GOVERNADOR VALADARES;Ausência de reação do condutor;Tombamento;Com Vítimas Feridas;Plena Noite;Crescente;Céu Claro;Simples;"Interseção de Vias;Curva;Aclive";Sim;1;0;1;0;0;0;1;1;-18,83964855;-41,98699951;SPRF-MG;DEL06-MG;UOP01-DEL06-MG
658719;01/02/2025;sábado;23:56:00;ES;101;397;RIO NOVO DO SUL;Transitar na contramão;Colisão frontal;Com Vítimas Fatais;Plena Noite;Crescente;Céu Claro;Simples;Reta;Sim;3;2;0;0;0;1;0;2;-20,87297988;-40,94948206;SPRF-ES;DEL03-ES;UOP02-DEL03-ES
658720;01/02/2025;sábado;23:00:00;SC;282;19;PALHOCA;Chuva;Incêndio;Sem Vítimas;Plena Noite;Crescente;Céu Claro;Múltipla;Curva;Não;2;0;0;0;0;2;0;2;-27,67940471;-48,7040019;SPRF-SC;DEL01-SC;UOP02-DEL01-SC
658722;01/02/2025;sábado;21:50:00;RO;364;337;JI-PARANA;Conversão proibida;Colisão traseira;Com Vítimas Feridas;Plena Noite;Crescente;Céu Claro;Simples;"Interseção de Vias;Reta";Não;2;0;1;0;1;0;1;2;-10,92164039;-61,92993164;SPRF-RO;DEL02-RO;UOP01-DEL02-RO
658723;01/02/2025;sábado;21:10:00;RJ;101;73,5;CAMPOS DOS GOYTACAZES;Animais na Pista;Atropelamento de Animal;Com Vítimas Feridas;Plena Noite;Decrescente;Céu Claro;Simples;Reta;Sim;1;0;1;0;0;0;1;1;-21,798874;-41,393955;SPRF-RJ;DEL08-RJ;UOP02-DEL08-RJ
658724;01/02/2025;sábado;23:45:00;SC;470;63;INDAIAL;Acessar a via sem observar a presença dos outros veículos;Colisão transversal;Com Vítimas Feridas;Plena Noite;Crescente;Nublado;Dupla;Reta;Não;2;0;0;1;1;0;1;2;-26,872396;-49,19228;SPRF-SC;DEL04-SC;UOP01-DEL04-SC
658725;01/02/2025;sábado;23:40:00;MA;316;552;CAXIAS;Velocidade Incompatível;Colisão com objeto;Com Vítimas Feridas;Plena Noite;Decrescente;Céu Claro;Dupla;Reta;Sim;4;0;1;1;1;1;2;3;-4,882649;-43,345581;SPRF-MA;DEL03-MA;UOP02-DEL03-MA
658728;02/02/2025;domingo;01:25:00;DF;60;18;BRASILIA;Condutor Dormindo;Saída de leito carroçável;Com Vítimas Feridas;Plena Noite;Crescente;Céu Claro;Dupla;Reta;Não;1;0;1;0;0;0;1;1;-15,967793;-48,183559;SPRF-DF;DEL03-DF;UOP01-DEL03-DF
658729;02/02/2025;domingo;01:50:00;SE;101;92;NOSSA SENHORA DO SOCORRO;Ausência de reação do condutor;Colisão com objeto;Com Vítimas Feridas;Plena Noite;Crescente;Céu Claro;Dupla;"Curva;Retorno Regulamentado";Sim;1;0;1;0;0;0;1;1;-10,90169474;-37,13619222;SPRF-SE;DEL01-SE;UOP01-DEL01-SE
658730;02/02/2025;domingo;01:10:00;BA;415;49;ITABUNA;Ingestão de álcool pelo condutor;Colisão traseira;Sem Vítimas;Plena Noite;Decrescente;Céu Claro;Simples;Reta;Não;4;0;0;0;4;0;0;2;-14,81574494;-39,29612388;SPRF-BA;DEL05-BA;UOP01-DEL05-BA
658731;02/02/2025;domingo;00:50:00;GO;153;699;ITUMBIARA;Velocidade Incompatível;Saída de leito carroçável;Sem Vítimas;Plena Noite;Crescente;Chuva;Simples;Reta;Sim;1;0;0;0;0;1;0;1;-18,3862;-49,2076;SPRF-GO;DEL03-GO;UOP02-DEL03-GO
658732;02/02/2025;domingo;01:50:00;MG;40;571;ITABIRITO;Pedestre andava na pista;Atropelamento de Pedestre;Com Vítimas Fatais;Plena Noite;Decrescente;Nublado;Simples;"Reta;Declive";Sim;2;1;0;0;1;0;0;2;-20,22179201;-43,97116103;SPRF-MG;DEL01-MG;UOP02-DEL01-MG
658733;02/02/2025;domingo;01:00:00;MA;135;22;SAO LUIS;Reação tardia ou ineficiente do condutor;Colisão traseira;Com Vítimas Feridas;Plena Noite;Decrescente;Garoa/Chuvisco;Dupla;Reta;Sim;4;0;1;0;3;0;1;2;-2,53073;-44,3068;SPRF-MA;DEL01-MA;UOP01-DEL01-MA
658734;02/02/2025;domingo;03:05:00;GO;153;506;APARECIDA DE GOIANIA;Suicídio (presumido);Queda de ocupante de veículo;Com Vítimas Feridas;Plena Noite;Crescente;Nublado;Dupla;Reta;Sim;2;0;0;1;1;0;1;1;-16,7633;-49,24;SPRF-GO;DEL01-GO;UOP01-DEL01-GO
658735;02/02/2025;domingo;01:37:00;MG;381;691,5;LAVRAS;Animais na Pista;Atropelamento de Animal;Com Vítimas Feridas;Plena Noite;Crescente;Ignorado;Dupla;Reta;Não;2;0;1;0;1;0;1;1;-21,24242696;-45,13576519;SPRF-MG;DEL04-MG;UOP02-DEL04-MG
658736;02/02/2025;domingo;02:24:00;SP;116;142,9;SAO JOSE DOS CAMPOS;Condutor Dormindo;Saída de leito carroçável;Sem Vítimas;Plena Noite;Decrescente;Nublado;Dupla;Reta;Sim;1;0;0;0;1;0;0;1;-23,17426078;-45,82940111;SPRF-SP;DEL02-SP;UOP01-DEL02-SP
658737;02/02/2025;domingo;02:00:00;MS;163;519,8;JARAGUARI;Condutor Dormindo;Capotamento;Com Vítimas Feridas;Plena Noite;Crescente;Céu Claro;Dupla;Reta;Não;2;0;2;0;0;0;2;1;-20,16993505;-54,4490649;SPRF-MS;DEL01-MS;UOP02-DEL01-MS
658738;02/02/2025;domingo;03:30:00;MG;116;768;LEOPOLDINA;Condutor Dormindo;Saída de leito carroçável;Sem Vítimas;Plena Noite;Crescente;Céu Claro;Simples;Reta;Sim;1;0;0;0;1;0;0;1;-21,54357124;-42,65688182;SPRF-MG;DEL07-MG;UOP01-DEL07-MG
658739;02/02/2025;domingo;03:15:00;SC;282;514,7;XAXIM;Reação tardia ou ineficiente do condutor;Saída de leito carroçável;Sem Vítimas;Plena Noite;Crescente;Céu Claro;Simples;Curva;Não;1;0;0;0;1;0;0;1;-26,930862;-52,499157;SPRF-SC;DEL07-SC;UOP01-DEL07-SC
658741;02/02/2025;domingo;03:50:00;MG;40;774,8;JUIZ DE FORA;Ausência de reação do condutor;Saída de leito carroçável;Com Vítimas Feridas;Plena Noite;Crescente;Nublado;Dupla;Curva;Não;2;0;2;0;0;0;2;1;-21,659983;-43,433757;SPRF-MG;DEL05-MG;UOP01-DEL05-MG
658744;02/02/2025;domingo;04:50:00;PE;232;249,6;ARCOVERDE;Ausência de reação do condutor;Capotamento;Com Vítimas Feridas;Amanhecer;Crescente;Vento;Simples;Reta;Não;4;0;2;0;1;1;2;1;-8,42322358;-37,04374191;SPRF-PE;DEL04-PE;UOP02-DEL04-PE
658745;02/02/2025;domingo;04:40:00;RS;392;684,5;ROQUE GONZALES;Manobra de mudança de faixa;Colisão frontal;Com Vítimas Fatais;Plena Noite;Decrescente;Céu Claro;Simples;Reta;Não;3;1;0;1;0;1;1;3;-28,12237715;-54,93986501;SPRF-RS;DEL10-RS;UOP01-DEL10-RS
658746;02/02/2025;domingo;02:25:00;BA;324;618;SALVADOR;Ingestão de álcool pelo condutor;Colisão frontal;Com Vítimas Fatais;Plena Noite;Decrescente;Céu Claro;Múltipla;Reta;Sim;5;1;1;0;1;2;1;5;-12,899641;-38,451049;SPRF-BA;DEL01-BA;UOP01-DEL01-BA
658747;02/02/2025;domingo;05:00:00;ES;101;262,4;SERRA;Ausência de reação do condutor;Colisão com objeto;Com Vítimas Feridas;Amanhecer;Crescente;Sol;Dupla;Reta;Sim;2;0;1;0;1;0;1;1;-20,1572331;-40,27678329;SPRF-ES;DEL02-ES;UOP01-DEL02-ES
658748;01/02/2025;sábado;19:30:00;RJ;116;295;BARRA MANSA;Chuva;Capotamento;Com Vítimas Feridas;Plena Noite;Decrescente;Chuva;Dupla;Reta;Não;1;0;0;1;0;0;1;1;-22,45013044;-44,3107408;SPRF-RJ;DEL07-RJ;UOP02-DEL07-RJ
658749;02/02/2025;domingo;04:20:00;PR;373;241,5;GUAMIRANGA;Ausência de reação do condutor;Saída de leito carroçável;Com Vítimas Feridas;Plena Noite;Decrescente;Nublado;Simples;Reta;Não;2;0;1;0;1;0;1;1;-25,19760594;-50,767904;SPRF-PR;DEL03-PR;UOP01-DEL03-PR
658750;01/02/2025;sábado;22:25:00;SC;163;1,2;DIONISIO CERQUEIRA;Velocidade Incompatível;Tombamento;Sem Vítimas;Plena Noite;Decrescente;Céu Claro;Simples;"Interseção de Vias;Rotatória";Sim;1;0;0;0;1;0;0;1;-26,26675538;-53,62625778;SPRF-SC;DEL07-SC;UOP03-DEL07-SC
658751;02/02/2025;domingo;05:20:00;TO;153;340;GUARAI;Ausência de reação do condutor;Colisão traseira;Com Vítimas Fatais;Amanhecer;Crescente;Nublado;Simples;Reta;Não;2;1;0;0;1;0;0;2;-8,890417;-48,50889702;SPRF-TO;DEL02-TO;UOP02-DEL02-TO
658752;02/02/2025;domingo;05:40:00;SE;101;171,7;SANTA LUZIA DO ITANHY;Acessar a via sem observar a presença dos outros veículos;Colisão transversal;Com Vítimas Feridas;Pleno dia;Decrescente;Nublado;Simples;Reta;Não;4;0;0;2;2;0;2;2;-11,33329259;-37,58386374;SPRF-SE;DEL02-SE;UOP01-DEL02-SE
658753;02/02/2025;domingo;05:45:00;RS;386;272,8;FONTOURA XAVIER;Ausência de reação do condutor;Saída de leito carroçável;Sem Vítimas;Amanhecer;Decrescente;Céu Claro;Simples;"Declive;Reta";Não;1;0;0;0;0;1;0;1;-28,98914;-52,366314;SPRF-RS;DEL04-RS;UOP03-DEL04-RS
658754;02/02/2025;domingo;05:30:00;MG;116;741,1;LEOPOLDINA;Demais falhas mecânicas ou elétricas;Colisão com objeto;Sem Vítimas;Plena Noite;Crescente;Céu Claro;Simples;"Reta;Declive";Não;1;0;0;0;0;1;0;1;-21,39943786;-42,49496925;SPRF-MG;DEL07-MG;UOP01-DEL07-MG
658755;02/02/2025;domingo;05:40:00;MG;40;472,4;SETE LAGOAS;Pista esburacada;Colisão com objeto;Com Vítimas Feridas;Amanhecer;Crescente;Nublado;Dupla;Reta;Não;1;0;1;0;0;0;1;1;-19,483338;-44,28245;SPRF-MG;DEL02-MG;UOP01-DEL02-MG
658757;02/02/2025;domingo;04:50:00;CE;222;124,3;ITAPAJE;Transitar na contramão;Colisão frontal;Com Vítimas Fatais;Plena Noite;Crescente;Céu Claro;Simples;Curva;Sim;2;1;1;0;0;0;1;2;-3,71506803;-39,56689605;SPRF-CE;DEL04-CE;UOP03-DEL04-CE
658759;02/02/2025;domingo;05:40:00;RS;392;56;RIO GRANDE;Ausência de reação do condutor;Colisão com objeto;Com Vítimas Feridas;Amanhecer;Crescente;Céu Claro;Dupla;"Reta;Ponte";Não;4;0;2;0;2;0;2;1;-31,8205679;-52,3256513;SPRF-RS;DEL07-RS;UOP02-DEL07-RS
658760;02/02/2025;domingo;06:30:00;PB;101;88;JOAO PESSOA;Reação tardia ou ineficiente do condutor;Tombamento;Com Vítimas Feridas;Pleno dia;Decrescente;Céu Claro;Dupla;Declive;Sim;1;0;0;1;0;0;1;1;-7,16470016;-34,89993643;SPRF-PB;DEL01-PB;UOP01-DEL01-PB
658762;02/02/2025;domingo;04:00:00;GO;60;104,8;GOIANAPOLIS;Ausência de reação do condutor;Saída de leito carroçável;Sem Vítimas;Plena Noite;Crescente;Nublado;Dupla;Reta;Não;1;0;0;0;0;1;0;1;-16,4118;-49,0004;SPRF-GO;DEL02-GO;UOP01-DEL02-GO
658763;02/02/2025;domingo;05:00:00;RN;427;97,3;CAICO;Ausência de reação do condutor;Colisão com objeto;Com Vítimas Fatais;Amanhecer;Decrescente;Céu Claro;Dupla;Interseção de Vias;Não;1;1;0;0;0;0;0;1;-6,45622894;-37,05506444;SPRF-RN;DEL03-RN;UOP01-DEL03-RN
658764;02/02/2025;domingo;05:40:00;MA;316;551;CAXIAS;Avarias e/ou desgaste excessivo no pneu;Saída de leito carroçável;Com Vítimas Feridas;Amanhecer;Crescente;Céu Claro;Simples;Reta;Não;3;0;2;1;0;0;3;1;-4,886332;-43,353386;SPRF-MA;DEL03-MA;UOP02-DEL03-MA
658765;02/02/2025;domingo;06:15:00;PE;101;46;IGARASSU;Condutor deixou de manter distância do veículo da frente;Colisão traseira;Sem Vítimas;Pleno dia;Crescente;Céu Claro;Múltipla;Reta;Sim;2;0;0;0;1;1;0;2;-7,87406004;-34,90588126;SPRF-PE;DEL01-PE;UOP02-DEL01-PE
658766;02/02/2025;domingo;04:00:00;BA;110;233;OLINDINA;Animais na Pista;Atropelamento de Animal;Com Vítimas Feridas;Plena Noite;Decrescente;Céu Claro;Simples;Reta;Não;1;0;1;0;0;0;1;1;-11,33728269;-38,35441969;SPRF-BA;DEL01-BA;UOP04-DEL01-BA
658769;02/02/2025;domingo;07:25:00;SC;101;190,7;BIGUACU;Mal súbito do condutor;Colisão com objeto;Com Vítimas Feridas;Pleno dia;Crescente;Nublado;Dupla;Reta;Sim;1;0;1;0;0;0;1;1;-27,468056;-48,641712;SPRF-SC;DEL01-SC;UOP01-DEL01-SC
658770;02/02/2025;domingo;04:20:00;PR;153;306;IMBITUVA;Velocidade Incompatível;Saída de leito carroçável;Com Vítimas Feridas;Plena Noite;Crescente;Nublado;Simples;Reta;Não;2;0;1;0;0;1;1;1;-25,25766;-50,640564;SPRF-PR;DEL08-PR;UOP02-DEL08-PR
658773;02/02/2025;domingo;05:34:00;MS;262;214;RIBAS DO RIO PARDO;Animais na Pista;Atropelamento de Animal;Com Vítimas Feridas;Amanhecer;Crescente;Céu Claro;Simples;Reta;Não;2;0;1;0;1;0;1;1;-20,46490467;-53,51927602;SPRF-MS;DEL01-MS;UOP05-DEL01-MS
658774;02/02/2025;domingo;07:00:00;PR;373;213,6;IMBITUVA;Ingestão de álcool pelo condutor;Saída de leito carroçável;Sem Vítimas;Amanhecer;Decrescente;Céu Claro;Dupla;Reta;Não;1;0;0;0;1;0;0;1;-25,15414172;-50,522089;SPRF-PR;DEL03-PR;UOP01-DEL03-PR
658775;02/02/2025;domingo;06:00:00;MG;381;728,3;CARMO DA CACHOEIRA;Velocidade Incompatível;Colisão com objeto;Com Vítimas Feridas;Pleno dia;Crescente;Nublado;Dupla;Curva;Não;2;0;2;0;0;0;2;1;-21,52361199;-45,22481701;SPRF-MG;DEL04-MG;UOP02-DEL04-MG
658777;02/02/2025;domingo;03:00:00;AL;316;243,7;ATALAIA;Velocidade Incompatível;Saída de leito carroçável;Com Vítimas Fatais;Plena Noite;Decrescente;Céu Claro;Simples;Curva;Não;1;1;0;0;0;0;0;1;-9,50948818;-36,01302293;SPRF-AL;DEL01-AL;UOP01-DEL01-AL
658779;29/01/2025;quarta-feira;11:30:00;PR;476;154;ARAUCARIA;Reação tardia ou ineficiente do condutor;Colisão traseira;Com Vítimas Feridas;Pleno dia;Decrescente;Céu Claro;Dupla;"Reta;Aclive";Sim;2;0;1;0;1;0;1;2;-25,58641765;-49,40424621;SPRF-PR;DEL01-PR;UOP06-DEL01-PR
658780;02/02/2025;domingo;07:15:00;PR;369;482,1;CORBELIA;Ingestão de álcool pelo condutor;Colisão lateral mesmo sentido;Com Vítimas Feridas;Pleno dia;Decrescente;Céu Claro;Simples;"Reta;Declive";Não;4;0;3;1;0;0;4;2;-24,77466266;-53,2926411;SPRF-PR;DEL04-PR;UOP03-DEL04-PR
658781;02/02/2025;domingo;08:00:00;RJ;101;66;CAMPOS DOS GOYTACAZES;Velocidade Incompatível;Saída de leito carroçável;Com Vítimas Feridas;Pleno dia;Decrescente;Céu Claro;Simples;Rotatória;Sim;2;0;2;0;0;0;2;1;-21,76653441;-41,34569407;SPRF-RJ;DEL08-RJ;UOP02-DEL08-RJ
658782;02/02/2025;domingo;09:08:00;GO;70;1;AGUAS LINDAS DE GOIAS;Chuva;Colisão traseira;Com Vítimas Feridas;Pleno dia;Decrescente;Chuva;Dupla;"Reta;Declive";Não;5;0;4;0;0;1;4;2;-15,77579351;-48,23259001;SPRF-DF;DEL03-DF;UOP02-DEL03-DF
658783;02/02/2025;domingo;01:29:00;BA;324;542;AMELIA RODRIGUES;Animais na Pista;Atropelamento de Animal;Com Vítimas Feridas;Plena Noite;Crescente;Céu Claro;Dupla;Reta;Sim;1;0;0;1;0;0;1;1;-12,39916193;-38,76306725;SPRF-BA;DEL01-BA;UOP03-DEL01-BA
658784;02/02/2025;domingo;09:00:00;SP;116;93,5;PINDAMONHANGABA;Ausência de reação do condutor;Colisão com objeto;Com Vítimas Feridas;Pleno dia;Crescente;Nublado;Dupla;Reta;Não;1;0;1;0;0;0;1;1;-22,95222732;-45,40443885;SPRF-SP;DEL08-SP;UOP01-DEL08-SP
658786;22/01/2025;quarta-feira;02:00:00;RR;174;421;IRACEMA;Animais na Pista;Atropelamento de Animal;Sem Vítimas;Plena Noite;Crescente;Ignorado;Simples;Reta;Não;2;0;0;0;2;0;0;1;2,23982;-60,985523;SPRF-RR;DEL01-RR;UOP01-DEL01-RR
658788;02/02/2025;domingo;08:45:00;PB;230;251;JUAZEIRINHO;Conversão proibida;Colisão frontal;Com Vítimas Fatais;Pleno dia;Decrescente;Céu Claro;Simples;Interseção de Vias;Não;5;1;1;0;3;0;1;2;-7,06021042;-36,65161371;SPRF-PB;DEL03-PB;UOP01-DEL03-PB
658789;02/02/2025;domingo;09:20:00;ES;262;69;DOMINGOS MARTINS;Ultrapassagem Indevida;Colisão frontal;Com Vítimas Fatais;Pleno dia;Decrescente;Céu Claro;Simples;"Reta;Aclive";Não;2;1;0;0;1;0;0;2;-20,41226608;-40,85971695;SPRF-ES;DEL01-ES;UOP02-DEL01-ES
658790;02/02/2025;domingo;09:45:00;PI;343;308,1;ALTOS;Acessar a via sem observar a presença dos outros veículos;Colisão transversal;Com Vítimas Feridas;Pleno dia;Crescente;Céu Claro;Simples;Reta;Sim;2;0;0;1;1;0;1;2;-5,038669;-42,468166;SPRF-PI;DEL01-PI;UOP01-DEL01-PI
658791;02/02/2025;domingo;09:05:00;RS;290;50,4;GLORINHA;Condutor Dormindo;Saída de leito carroçável;Com Vítimas Feridas;Pleno dia;Crescente;Céu Claro;Múltipla;Reta;Não;4;0;1;0;3;0;1;1;-29,906633;-50,757706;SPRF-RS;DEL03-RS;UOP01-DEL03-RS
658793;02/02/2025;domingo;09:35:00;RS;285;341,3;CARAZINHO;Acessar a via sem observar a presença dos outros veículos;Colisão traseira;Com Vítimas Feridas;Pleno dia;Crescente;Céu Claro;Simples;Reta;Sim;3;0;1;0;2;0;1;2;-28,31768661;-52,80614555;SPRF-RS;DEL08-RS;UOP03-DEL08-RS
658795;02/02/2025;domingo;09:30:00;DF;251;33,7;BRASILIA;Conversão proibida;Colisão frontal;Com Vítimas Feridas;Pleno dia;Crescente;Garoa/Chuvisco;Simples;Reta;Não;3;0;2;0;1;0;2;2;-15,937679;-47,748878;SPRF-DF;DEL01-DF;UOP01-DEL01-DF
658797;02/02/2025;domingo;10:30:00;PE;101;69,1;RECIFE;Reação tardia ou ineficiente do condutor;Colisão lateral mesmo sentido;Com Vítimas Feridas;Pleno dia;Decrescente;Céu Claro;Múltipla;Reta;Sim;2;0;0;1;1;0;1;2;-8,05990949;-34,94573951;SPRF-PE;DEL01-PE;UOP01-DEL01-PE
658798;02/02/2025;domingo;10:45:00;BA;101;490;ITAJUIPE;Acessar a via sem observar a presença dos outros veículos;Colisão transversal;Com Vítimas Feridas;Pleno dia;Crescente;Chuva;Simples;"Reta;Interseção de Vias";Não;6;0;6;0;0;0;6;2;-14,69537257;-39,36535109;SPRF-BA;DEL05-BA;UOP01-DEL05-BA
658799;02/02/2025;domingo;11:30:00;RJ;393;268,1;BARRA DO PIRAI;Acessar a via sem observar a presença dos outros veículos;Colisão transversal;Com Vítimas Feridas;Pleno dia;Crescente;Nublado;Simples;Reta;Não;8;0;4;1;3;0;5;2;-22,48780458;-43,90932706;SPRF-RJ;DEL05-RJ;UOP04-DEL05-RJ
658800;02/02/2025;domingo;10:45:00;TO;153;228;COLINAS DO TOCANTINS;Transitar na contramão;Colisão lateral sentido oposto;Com Vítimas Feridas;Pleno dia;Decrescente;Nublado;Simples;Reta;Não;3;0;0;2;1;0;2;2;-7,88937503;-48,45674192;SPRF-TO;DEL02-TO;UOP01-DEL02-TO
658801;02/02/2025;domingo;12:10:00;MG;381;557;ITAGUARA;Chuva;Capotamento;Com Vítimas Feridas;Pleno dia;Crescente;Chuva;Dupla;Curva;Não;2;0;1;0;1;0;1;1;-20,36904195;-44,46938756;SPRF-MG;DEL04-MG;UOP03-DEL04-MG