id;data_inversa;dia_semana;horario;uf;br;km;municipio;causa_acidente;tipo_acidente;classificacao_acidente;fase_dia;sentido_via;condicao_metereologica;tipo_pista;tracado_via;uso_solo;pessoas;mortos;feridos_leves;feridos_graves;ilesos;ignorados;feridos;veiculos;latitude;longitude;regional;delegacia;uop
658804;02/02/2025;domingo;08:26:00;RS;116;221;DOIS IRMAOS;Velocidade Incompatível;Colisão com objeto;Com Vítimas Feridas;Pleno dia;Decrescente;Céu Claro;Simples;Curva;Não;2;0;1;1;0;0;2;1;-29,57244205;-51,09624556;SPRF-RS;DEL01-RS;UOP02-DEL01-RS
658805;02/02/2025;domingo;11:30:00;MG;116;574;MANHUACU;Reação tardia ou ineficiente do condutor;Colisão traseira;Com Vítimas Feridas;Pleno dia;Decrescente;Céu Claro;Simples;"Curva;Declive";Não;2;0;1;0;1;0;1;2;-20,13900489;-42,17990632;SPRF-MG;DEL06-MG;UOP03-DEL06-MG
658806;02/02/2025;domingo;12:00:00;SC;101;424,5;ARARANGUA;Demais falhas mecânicas ou elétricas;Incêndio;Sem Vítimas;Pleno dia;Decrescente;Céu Claro;Múltipla;Reta;Não;1;0;0;0;1;0;0;1;-29,020803;-49,59121227;SPRF-SC;DEL02-SC;UOP02-DEL02-SC
658808;02/02/2025;domingo;13:10:00;MG;40;662;CARANDAI;Pista Escorregadia;Tombamento;Com Vítimas Feridas;Pleno dia;Decrescente;Chuva;Simples;"Aclive;Reta";Não;1;0;1;0;0;0;1;1;-20,92196871;-43,82240524;SPRF-MG;DEL05-MG;UOP02-DEL05-MG
658810;02/02/2025;domingo;12:55:00;SC;101;113;ITAJAI;Demais falhas mecânicas ou elétricas;Tombamento;Com Vítimas Feridas;Pleno dia;Decrescente;Céu Claro;Múltipla;Reta;Sim;2;0;1;1;0;0;2;1;-26,85311393;-48,72689927;SPRF-SC;DEL04-SC;UOP04-DEL04-SC
658811;02/02/2025;domingo;13:50:00;MG;116;533;SANTA RITA DE MINAS;Ausência de sinalização;Saída de leito carroçável;Com Vítimas Feridas;Pleno dia;Crescente;Céu Claro;Simples;Curva;Não;3;0;3;0;0;0;3;1;-19,85292504;-42,14058636;SPRF-MG;DEL06-MG;UOP02-DEL06-MG
658812;02/02/2025;domingo;08:40:00;PB;361;19,7;SANTA TERESINHA;Reação tardia ou ineficiente do condutor;Saída de leito carroçável;Com Vítimas Feridas;Pleno dia;Decrescente;Céu Claro;Simples;"Curva;Declive";Não;3;0;2;0;1;0;2;1;-7,07275181;-37,41688032;SPRF-PB;DEL03-PB;UOP01-DEL03-PB
658813;02/02/2025;domingo;12:40:00;SC;101;348,5;JAGUARUNA;Ausência de reação do condutor;Saída de leito carroçável;Com Vítimas Feridas;Pleno dia;Decrescente;Céu Claro;Dupla;Curva;Não;1;0;0;1;0;0;1;1;-28,59356561;-49,04537201;SPRF-SC;DEL02-SC;UOP01-DEL02-SC
658814;02/02/2025;domingo;11:30:00;ES;101;396,5;RIO NOVO DO SUL;Manobra de mudança de faixa;Colisão com objeto;Com Vítimas Feridas;Pleno dia;Crescente;Céu Claro;Simples;"Declive;Curva";Não;2;0;1;0;1;0;1;1;-20,868874;-40,94103;SPRF-ES;DEL03-ES;UOP02-DEL03-ES
658815;02/02/2025;domingo;13:40:00;GO;60;52,6;ABADIANIA;Animais na Pista;Capotamento;Com Vítimas Feridas;Pleno dia;Crescente;Nublado;Dupla;Reta;Não;1;0;1;0;0;0;1;1;-16,17138;-48,645333;SPRF-GO;DEL02-GO;UOP01-DEL02-GO
658816;02/02/2025;domingo;10:35:00;MG;381;521,7;BRUMADINHO;Velocidade Incompatível;Capotamento;Com Vítimas Feridas;Pleno dia;Decrescente;Chuva;Dupla;Curva;Não;2;0;1;0;1;0;1;1;-20,13846621;-44,31715274;SPRF-MG;DEL04-MG;UOP03-DEL04-MG
658817;02/02/2025;domingo;08:20:00;MG;381;410;NOVA UNIAO;Demais falhas mecânicas ou elétricas;Queda de ocupante de veículo;Com Vítimas Feridas;Pleno dia;Crescente;Céu Claro;Dupla;Curva;Não;1;0;0;1;0;0;1;1;-19,72572734;-43,58721586;SPRF-MG;DEL01-MG;UOP01-DEL01-MG
658820;02/02/2025;domingo;14:30:00;SP;381;61;MAIRIPORA;Manobra de mudança de faixa;Colisão traseira;Com Vítimas Feridas;Pleno dia;Decrescente;Céu Claro;Dupla;"Curva;Aclive";Não;4;0;2;0;2;0;2;3;-23,29011611;-46,5800681;SPRF-SP;DEL03-SP;UOP01-DEL03-SP
658821;02/02/2025;domingo;13:50:00;RJ;493;0,9;ITABORAI;Conversão proibida;Colisão lateral mesmo sentido;Com Vítimas Feridas;Pleno dia;Crescente;Céu Claro;Múltipla;Reta;Sim;4;0;3;0;1;0;3;2;-22,76504615;-42,92539307;SPRF-RJ;DEL02-RJ;UOP02-DEL02-RJ
658822;02/02/2025;domingo;13:54:00;PE;101;82,6;JABOATAO DOS GUARARAPES;Condutor deixou de manter distância do veículo da frente;Colisão traseira;Com Vítimas Feridas;Pleno dia;Crescente;Céu Claro;Dupla;Reta;Sim;2;0;0;1;0;1;1;2;-8,172877;-34,940563;SPRF-PE;DEL01-PE;UOP01-DEL01-PE
658823;02/02/2025;domingo;12:20:00;RO;364;190;PIMENTA BUENO;Chuva;Saída de leito carroçável;Com Vítimas Feridas;Pleno dia;Crescente;Chuva;Simples;Reta;Não;2;0;1;0;1;0;1;1;-11,72293306;-61,14312304;SPRF-RO;DEL02-RO;UOP02-DEL02-RO
658824;02/02/2025;domingo;11:05:00;RJ;116;115;MAGE;Acesso irregular;Colisão transversal;Com Vítimas Fatais;Pleno dia;Decrescente;Céu Claro;Dupla;Reta;Não;4;1;2;0;1;0;2;2;-22,58686665;-43,0179492;SPRF-RJ;DEL04-RJ;UOP02-DEL04-RJ
658825;02/02/2025;domingo;13:10:00;MT;163;1020;TERRA NOVA DO NORTE;Ultrapassagem Indevida;Capotamento;Com Vítimas Feridas;Pleno dia;Decrescente;Chuva;Simples;Reta;Não;1;0;0;1;0;0;1;1;-10,31758;-55,035905;SPRF-MT;DEL06-MT;UOP03-DEL06-MT
658826;02/02/2025;domingo;14:20:00;DF;70;11;BRASILIA;Acessar a via sem observar a presença dos outros veículos;Colisão lateral mesmo sentido;Com Vítimas Feridas;Pleno dia;Decrescente;Céu Claro;Múltipla;Reta;Sim;3;0;2;0;1;0;2;2;-15,789762;-48,148727;SPRF-DF;DEL03-DF;UOP02-DEL03-DF
658827;02/02/2025;domingo;13:40:00;PR;116;7,9;CAMPINA GRANDE DO SUL;Velocidade Incompatível;Capotamento;Com Vítimas Feridas;Pleno dia;Crescente;Chuva;Dupla;Curva;Não;1;0;1;0;0;0;1;1;-25,08235366;-48,61499799;SPRF-PR;DEL01-PR;UOP02-DEL01-PR
658828;02/02/2025;domingo;14:00:00;PB;230;6;CABEDELO;Reação tardia ou ineficiente do condutor;Colisão traseira;Sem Vítimas;Pleno dia;Decrescente;Sol;Simples;Reta;Sim;2;0;0;0;1;1;0;2;-7,02;-34,8359;SPRF-PB;DEL01-PB;UOP01-DEL01-PB
658829;02/02/2025;domingo;13:40:00;PA;10;263,8;AURORA DO PARA;Acessar a via sem observar a presença dos outros veículos;Colisão transversal;Com Vítimas Feridas;Pleno dia;Crescente;Céu Claro;Simples;Reta;Não;4;0;1;2;1;0;3;2;-2,12325701;-47,56058366;SPRF-PA;DEL02-PA;UOP01-DEL02-PA
658830;02/02/2025;domingo;15:00:00;PR;116;3,2;CAMPINA GRANDE DO SUL;Chuva;Colisão com objeto;Sem Vítimas;Pleno dia;Decrescente;Garoa/Chuvisco;Dupla;Curva;Não;1;0;0;0;1;0;0;1;-25,07163889;-48,58564619;SPRF-PR;DEL01-PR;UOP02-DEL01-PR
658831;02/02/2025;domingo;14:40:00;SP;116;503;CAJATI;Reação tardia ou ineficiente do condutor;Capotamento;Com Vítimas Feridas;Pleno dia;Decrescente;Nublado;Dupla;Reta;Não;1;0;1;0;0;0;1;1;-24,78162109;-48,18342711;SPRF-SP;DEL05-SP;UOP02-DEL05-SP
658832;02/02/2025;domingo;15:08:00;MG;40;747,4;SANTOS DUMONT;Acessar a via sem observar a presença dos outros veículos;Colisão transversal;Com Vítimas Feridas;Pleno dia;Crescente;Chuva;Simples;Interseção de Vias;Sim;10;0;2;0;8;0;2;2;-21,47138133;-43,54567766;SPRF-MG;DEL05-MG;UOP01-DEL05-MG
658834;02/02/2025;domingo;11:00:00;MA;222;285;ARARI;Pista esburacada;Capotamento;Com Vítimas Fatais;Pleno dia;Decrescente;Céu Claro;Simples;Reta;Não;2;1;1;0;0;0;1;1;-3,45302173;-44,81608494;SPRF-MA;DEL02-MA;UOP01-DEL02-MA
658835;02/02/2025;domingo;15:00:00;PR;277;469,2;NOVA LARANJEIRAS;Ausência de reação do condutor;Colisão traseira;Com Vítimas Feridas;Pleno dia;Decrescente;Céu Claro;Simples;Reta;Não;2;0;1;0;1;0;1;2;-25,33808247;-52,50498704;SPRF-PR;DEL04-PR;UOP02-DEL04-PR
658837;02/02/2025;domingo;15:00:00;PB;101;88;JOAO PESSOA;Velocidade Incompatível;Saída de leito carroçável;Com Vítimas Feridas;Pleno dia;Decrescente;Céu Claro;Dupla;Retorno Regulamentado;Sim;1;0;1;0;0;0;1;1;-7,16470016;-34,89993643;SPRF-PB;DEL01-PB;UOP01-DEL01-PB
658838;02/02/2025;domingo;11:35:00;GO;60;232;CEZARINA;Ausência de reação do condutor;Queda de ocupante de veículo;Com Vítimas Feridas;Pleno dia;Decrescente;Ignorado;Dupla;"Declive;Reta";Não;2;0;1;0;1;0;1;1;-17,0685;-49,806;SPRF-GO;DEL01-GO;UOP02-DEL01-GO
658839;02/02/2025;domingo;14:30:00;RJ;393;142,4;SAPUCAIA;Transitar no Acostamento;Atropelamento de Pedestre;Com Vítimas Feridas;Pleno dia;Crescente;Céu Claro;Simples;Reta;Sim;3;0;2;0;0;1;2;2;-22,01940357;-42,96428732;SPRF-RJ;DEL05-RJ;UOP01-DEL05-RJ
658840;28/01/2025;terça-feira;09:00:00;RJ;101;293;ITABORAI;Ausência de reação do condutor;Colisão traseira;Com Vítimas Feridas;Pleno dia;Crescente;Nublado;Dupla;Reta;Sim;2;0;1;0;1;0;1;2;-22,756203;-42,88724;SPRF-RJ;DEL02-RJ;UOP02-DEL02-RJ
658841;02/02/2025;domingo;15:15:00;RS;290;355;VILA NOVA DO SUL;Demais falhas mecânicas ou elétricas;Incêndio;Sem Vítimas;Pleno dia;Crescente;Sol;Simples;Reta;Não;3;0;0;0;3;0;0;1;-30,378529;-53,722672;SPRF-RS;DEL09-RS;UOP02-DEL09-RS
658842;02/02/2025;domingo;15:30:00;MG;40;464;SETE LAGOAS;Afundamento ou ondulação no pavimento;Queda de ocupante de veículo;Com Vítimas Feridas;Pleno dia;Crescente;Céu Claro;Dupla;"Declive;Reta";Não;1;0;1;0;0;0;1;1;-19,43110896;-44,33657482;SPRF-MG;DEL02-MG;UOP01-DEL02-MG
658843;02/02/2025;domingo;16:10:00;PB;104;131,7;QUEIMADAS;Condutor deixou de manter distância do veículo da frente;Colisão traseira;Sem Vítimas;Pleno dia;Decrescente;Céu Claro;Simples;Reta;Sim;2;0;0;0;1;1;0;2;-7,29900408;-35,89187256;SPRF-PB;DEL02-PB;UOP03-DEL02-PB
658845;02/02/2025;domingo;16:10:00;RS;101;87;OSORIO;Condutor deixou de manter distância do veículo da frente;Engavetamento;Com Vítimas Feridas;Pleno dia;Crescente;Céu Claro;Dupla;Reta;Sim;5;0;1;0;4;0;1;3;-29,88149021;-50,26433789;SPRF-RS;DEL03-RS;UOP01-DEL03-RS
658847;02/02/2025;domingo;15:10:00;AL;104;33,6;UNIAO DOS PALMARES;Ausência de reação do condutor;Colisão transversal;Com Vítimas Feridas;Pleno dia;Decrescente;Céu Claro;Simples;Reta;Não;3;0;2;0;1;0;2;2;-9,15129812;-36,01313531;SPRF-AL;DEL01-AL;UOP02-DEL01-AL
658848;02/02/2025;domingo;15:30:00;PR;163;184;SANTA TEREZA DO OESTE;Acumulo de água sobre o pavimento;Saída de leito carroçável;Sem Vítimas;Pleno dia;Crescente;Chuva;Dupla;Reta;Não;2;0;0;0;2;0;0;1;-25,14321919;-53,58795779;SPRF-PR;DEL05-PR;UOP05-DEL05-PR
658849;02/02/2025;domingo;15:50:00;PR;487;167,4;CAMPO MOURAO;Conversão proibida;Colisão transversal;Com Vítimas Feridas;Pleno dia;Crescente;Sol;Simples;"Aclive;Reta";Não;6;0;5;0;1;0;5;2;-24,00018095;-52,48924255;SPRF-PR;DEL09-PR;UOP03-DEL09-PR
658850;02/02/2025;domingo;15:45:00;RS;386;349,1;LAJEADO;Condutor deixou de manter distância do veículo da frente;Colisão traseira;Com Vítimas Feridas;Pleno dia;Decrescente;Sol;Dupla;"Ponte;Desvio Temporário;Em Obras";Sim;4;0;2;0;2;0;2;2;-29,465483;-51,95509;SPRF-RS;DEL04-RS;UOP01-DEL04-RS
658851;02/02/2025;domingo;15:38:00;SC;282;97,1;ALFREDO WAGNER;Transitar na contramão;Colisão frontal;Com Vítimas Feridas;Pleno dia;Decrescente;Garoa/Chuvisco;Simples;Curva;Não;4;0;1;1;2;0;2;2;-27,707966;-49,272182;SPRF-SC;DEL01-SC;UOP03-DEL01-SC
658853;02/02/2025;domingo;15:45:00;MG;381;865;POUSO ALEGRE;Avarias e/ou desgaste excessivo no pneu;Queda de ocupante de veículo;Com Vítimas Feridas;Pleno dia;Crescente;Nublado;Dupla;"Curva;Declive";Não;2;0;1;0;1;0;1;1;-22,39502394;-45,95810707;SPRF-MG;DEL16-MG;UOP01-DEL16-MG
658855;02/02/2025;domingo;15:50:00;MS;60;28,5;CHAPADAO DO SUL;Ingestão de álcool pelo condutor;Colisão frontal;Com Vítimas Fatais;Pleno dia;Crescente;Nublado;Simples;Reta;Não;8;3;0;2;3;0;2;2;-18,90668472;-52,73015006;SPRF-MS;DEL08-MS;UOP01-DEL08-MS
658856;02/02/2025;domingo;14:50:00;SC;470;325,5;CAMPOS NOVOS;Reação tardia ou ineficiente do condutor;Saída de leito carroçável;Com Vítimas Feridas;Pleno dia;Decrescente;Sol;Simples;"Retorno Regulamentado;Reta";Não;1;0;1;0;0;0;1;1;-27,44826697;-51,24710083;SPRF-SC;DEL07-SC;UOP06-DEL07-SC
658857;02/02/2025;domingo;17:30:00;CE;222;4;CAUCAIA;Condutor deixou de manter distância do veículo da frente;Engavetamento;Sem Vítimas;Anoitecer;Decrescente;Céu Claro;Múltipla;Reta;Sim;4;0;0;0;4;0;0;4;-3,74164754;-38,60449792;SPRF-CE;DEL01-CE;UOP01-DEL01-CE
658858;02/02/2025;domingo;13:15:00;RJ;116;107;GUAPIMIRIM;Velocidade Incompatível;Tombamento;Com Vítimas Feridas;Pleno dia;Decrescente;Céu Claro;Simples;Curva;Não;1;0;1;0;0;0;1;1;-22,52826187;-42,99737551;SPRF-RJ;DEL04-RJ;UOP01-DEL04-RJ
658859;02/02/2025;domingo;17:40:00;RS;290;7,2;OSORIO;Ingestão de álcool pelo condutor;Atropelamento de Pedestre;Com Vítimas Feridas;Pleno dia;Crescente;Céu Claro;Múltipla;Curva;Não;4;0;0;1;2;1;1;2;-29,897289;-50,344341;SPRF-RS;DEL03-RS;UOP01-DEL03-RS
658861;31/01/2025;sexta-feira;23:30:00;SP;381;65;MAIRIPORA;Chuva;Colisão com objeto;Sem Vítimas;Plena Noite;Decrescente;Chuva;Múltipla;Reta;Não;1;0;0;0;1;0;0;1;-23,316547;-46,58251;SPRF-SP;DEL03-SP;UOP01-DEL03-SP
658862;02/02/2025;domingo;17:40:00;PR;277;694,5;SAO MIGUEL DO IGUACU;Acessar a via sem observar a presença dos outros veículos;Colisão transversal;Com Vítimas Feridas;Pleno dia;Crescente;Céu Claro;Dupla;Reta;Não;6;0;1;0;5;0;1;2;-25,37728075;-54,27853715;SPRF-PR;DEL05-PR;UOP01-DEL05-PR
658864;02/02/2025;domingo;17:10:00;SC;101;344;TUBARAO;Reação tardia ou ineficiente do condutor;Colisão traseira;Com Vítimas Feridas;Pleno dia;Decrescente;Garoa/Chuvisco;Múltipla;Reta;Sim;7;0;1;0;6;0;1;2;-28,53647889;-49,0531826;SPRF-SC;DEL02-SC;UOP01-DEL02-SC
658865;02/02/2025;domingo;17:45:00;MS;262;346,8;CAMPO GRANDE;Reação tardia ou ineficiente do condutor;Tombamento;Com Vítimas Feridas;Pleno dia;Decrescente;Nublado;Simples;Reta;Não;1;0;1;0;0;0;1;1;-20,56706395;-54,60179329;SPRF-MS;DEL01-MS;UOP03-DEL01-MS
658867;02/02/2025;domingo;18:50:00;PR;376;209;MANDAGUARI;Avarias e/ou desgaste excessivo no pneu;Tombamento;Com Vítimas Feridas;Anoitecer;Decrescente;Céu Claro;Dupla;Reta;Não;2;0;2;0;0;0;2;1;-23,54935302;-51,68414211;SPRF-PR;DEL09-PR;UOP01-DEL09-PR
658868;02/02/2025;domingo;16:00:00;MG;381;933;EXTREMA;Ingestão de álcool pelo condutor;Saída de leito carroçável;Com Vítimas Feridas;Pleno dia;Crescente;Chuva;Dupla;"Curva;Aclive";Não;3;0;0;2;0;1;2;1;-22,79976607;-46,25884754;SPRF-MG;DEL16-MG;UOP03-DEL16-MG
658869;02/02/2025;domingo;18:20:00;PE;104;62,2;CARUARU;Entrada inopinada do pedestre;Atropelamento de Pedestre;Com Vítimas Feridas;Plena Noite;Decrescente;Céu Claro;Dupla;Reta;Sim;2;0;0;1;1;0;1;2;-8,2618;-35,976;SPRF-PE;DEL02-PE;UOP01-DEL02-PE
658870;02/02/2025;domingo;14:20:00;SC;470;341,8;CAMPOS NOVOS;Ausência de reação do condutor;Queda de ocupante de veículo;Com Vítimas Feridas;Pleno dia;Crescente;Céu Claro;Simples;Reta;Não;2;0;2;0;0;0;2;1;-27,527861;-51,380497;SPRF-SC;DEL07-SC;UOP06-DEL07-SC
658872;02/02/2025;domingo;18:30:00;PR;369;164,2;CAMBE;Ingestão de álcool pelo condutor;Colisão lateral mesmo sentido;Sem Vítimas;Pleno dia;Decrescente;Nublado;Dupla;"Reta;Declive";Não;5;0;0;0;5;0;0;2;-23,295312;-51,289196;SPRF-PR;DEL07-PR;UOP01-DEL07-PR
658873;02/02/2025;domingo;18:15:00;PB;230;188,8;POCINHOS;Demais falhas mecânicas ou elétricas;Tombamento;Com Vítimas Feridas;Plena Noite;Decrescente;Ignorado;Simples;"Reta;Declive";Não;2;0;1;0;1;0;1;1;-7,1435;-36,1364;SPRF-PB;DEL02-PB;UOP02-DEL02-PB
658874;02/02/2025;domingo;19:16:00;PE;101;44;IGARASSU;Manobra de mudança de faixa;Colisão lateral mesmo sentido;Sem Vítimas;Plena Noite;Decrescente;Céu Claro;Dupla;Reta;Sim;2;0;0;0;2;0;0;2;-7,85637001;-34,90842109;SPRF-PE;DEL01-PE;UOP02-DEL01-PE
658876;02/02/2025;domingo;18:00:00;PR;373;248;GUAMIRANGA;Acessar a via sem observar a presença dos outros veículos;Colisão lateral mesmo sentido;Com Vítimas Feridas;Anoitecer;Decrescente;Céu Claro;Simples;"Declive;Reta";Não;4;0;1;0;3;0;1;2;-25,19042059;-50,83313898;SPRF-PR;DEL03-PR;UOP01-DEL03-PR
658878;02/02/2025;domingo;20:00:00;GO;60;80,7;ANAPOLIS;Ingestão de álcool pelo condutor;Colisão lateral mesmo sentido;Com Vítimas Feridas;Plena Noite;Crescente;Nublado;Dupla;"Aclive;Reta";Não;4;0;2;1;0;1;3;3;-16,3053;-48,8208;SPRF-GO;DEL02-GO;UOP01-DEL02-GO
658879;02/02/2025;domingo;20:00:00;CE;116;17,7;EUSEBIO;Reação tardia ou ineficiente do condutor;Colisão com objeto;Com Vítimas Feridas;Plena Noite;Decrescente;Céu Claro;Dupla;Aclive;Sim;1;0;0;1;0;0;1;1;-3,89957854;-38,5037756;SPRF-CE;DEL01-CE;UOP02-DEL01-CE
658880;02/02/2025;domingo;19:50:00;SC;101;208,1;SAO JOSE;Ingestão de álcool pelo condutor;Colisão transversal;Com Vítimas Feridas;Plena Noite;Decrescente;Céu Claro;Simples;"Reta;Interseção de Vias";Sim;2;0;1;0;1;0;1;2;-27,60327979;-48,63201818;SPRF-SC;DEL01-SC;UOP01-DEL01-SC
658881;02/02/2025;domingo;19:00:00;PE;104;122;PANELAS;Transitar na contramão;Colisão lateral sentido oposto;Sem Vítimas;Plena Noite;Crescente;Céu Claro;Simples;Reta;Não;2;0;0;0;2;0;0;2;-8,715256;-36,026833;SPRF-PE;DEL02-PE;NPF/DEL02-PE
658886;02/02/2025;domingo;16:15:00;BA;420;251;MUTUIPE;Acessar a via sem observar a presença dos outros veículos;Colisão transversal;Com Vítimas Feridas;Pleno dia;Crescente;Céu Claro;Simples;Declive;Não;2;0;0;1;1;0;1;2;-13,21268032;-39,47833997;SPRF-BA;DEL01-BA;UOP02-DEL01-BA
658887;02/02/2025;domingo;19:17:00;RS;293;170;HULHA NEGRA;Ingestão de álcool pelo condutor;Saída de leito carroçável;Com Vítimas Feridas;Pleno dia;Crescente;Céu Claro;Simples;"Reta;Aclive";Não;2;0;0;1;1;0;1;1;-31,34327723;-53,95664424;SPRF-RS;DEL11-RS;UOP03-DEL11-RS
658888;02/02/2025;domingo;14:50:00;MG;116;489,1;INHAPIM;Ausência de reação do condutor;Saída de leito carroçável;Com Vítimas Feridas;Pleno dia;Decrescente;Sol;Simples;Reta;Não;1;0;1;0;0;0;1;1;-19,46771319;-42,13403065;SPRF-MG;DEL06-MG;UOP02-DEL06-MG
658889;02/02/2025;domingo;12:00:00;RN;304;31;MOSSORO;Ausência de reação do condutor;Tombamento;Com Vítimas Feridas;Pleno dia;Crescente;Céu Claro;Simples;Reta;Não;1;0;0;1;0;0;1;1;-5,12587296;-37,34293919;SPRF-RN;DEL04-RN;UOP02-DEL04-RN
658890;02/02/2025;domingo;18:45:00;SC;282;585;PINHALZINHO;Acessar a via sem observar a presença dos outros veículos;Colisão transversal;Com Vítimas Feridas;Anoitecer;Decrescente;Céu Claro;Simples;Reta;Não;4;0;1;0;2;1;1;2;-26,830591;-53,025528;SPRF-SC;DEL07-SC;UOP02-DEL07-SC
658892;02/02/2025;domingo;16:00:00;BA;101;250;SANTO ANTONIO DE JESUS;Acessar a via sem observar a presença dos outros veículos;Colisão transversal;Com Vítimas Feridas;Pleno dia;Decrescente;Céu Claro;Simples;Declive;Não;2;0;0;1;1;0;1;2;-12,984957;-39,291156;SPRF-BA;DEL01-BA;UOP02-DEL01-BA
658894;02/02/2025;domingo;19:45:00;RS;386;261,4;FONTOURA XAVIER;Ultrapassagem Indevida;Colisão frontal;Com Vítimas Feridas;Anoitecer;Crescente;Céu Claro;Simples;"Reta;Em Obras";Não;7;0;3;1;3;0;4;3;-28,892323;-52,40966;SPRF-RS;DEL04-RS;UOP03-DEL04-RS
658896;02/02/2025;domingo;20:00:00;SC;101;75,2;ARAQUARI;Condutor deixou de manter distância do veículo da frente;Colisão traseira;Com Vítimas Feridas;Plena Noite;Decrescente;Nublado;Múltipla;Interseção de Vias;Não;1;0;1;0;0;0;1;1;-26,54446209;-48,71214452;SPRF-SC;DEL03-SC;UOP02-DEL03-SC
658898;02/02/2025;domingo;20:40:00;RS;290;86;PORTO ALEGRE;Reação tardia ou ineficiente do condutor;Capotamento;Com Vítimas Feridas;Plena Noite;Crescente;Céu Claro;Dupla;Reta;Sim;4;0;1;0;3;0;1;1;-29,968412;-51,117138;SPRF-RS;DEL01-RS;UOP01-DEL01-RS
658900;02/02/2025;domingo;20:20:00;PR;376;5;APUCARANA;Ingestão de álcool pelo condutor;Colisão frontal;Com Vítimas Feridas;Plena Noite;Crescente;Céu Claro;Simples;Reta;Não;2;0;0;1;1;0;1;2;-23,54779668;-51,4512723;SPRF-PR;DEL07-PR;UOP03-DEL07-PR
658901;02/02/2025;domingo;17:15:00;PR;153;68,4;CONSELHEIRO MAIRINCK;Acessar a via sem observar a presença dos outros veículos;Colisão transversal;Com Vítimas Feridas;Pleno dia;Crescente;Céu Claro;Simples;Interseção de Vias;Não;4;0;2;0;1;1;2;2;-23,51110782;-50,11259079;SPRF-PR;DEL07-PR;UOP04-DEL07-PR
658902;02/02/2025;domingo;16:20:00;MG;381;732,5;CARMO DA CACHOEIRA;Chuva;Colisão com objeto;Com Vítimas Feridas;Pleno dia;Decrescente;Garoa/Chuvisco;Dupla;Curva;Não;2;0;1;0;1;0;1;1;-21,55413799;-45,24499427;SPRF-MG;DEL16-MG;UOP02-DEL16-MG
658903;02/02/2025;domingo;18:20:00;MG;381;732,5;CARMO DA CACHOEIRA;Reação tardia ou ineficiente do condutor;Colisão com objeto;Com Vítimas Feridas;Pleno dia;Decrescente;Garoa/Chuvisco;Dupla;Curva;Não;2;0;1;0;1;0;1;1;-21,55413799;-45,24499427;SPRF-MG;DEL16-MG;UOP02-DEL16-MG
658904;02/02/2025;domingo;21:00:00;MG;153;231,7;FRONTEIRA;Pista esburacada;Tombamento;Com Vítimas Feridas;Plena Noite;Crescente;Nublado;Simples;Reta;Não;2;0;0;2;0;0;2;1;-20,23980467;-49,16101941;SPRF-MG;DEL13-MG;UOP02-DEL13-MG
658905;02/02/2025;domingo;19:35:00;MG;459;31,3;CALDAS;Avarias e/ou desgaste excessivo no pneu;Colisão com objeto;Com Vítimas Feridas;Plena Noite;Crescente;Chuva;Simples;"Aclive;Curva";Não;2;0;1;1;0;0;2;1;-21,91974;-46,377429;SPRF-MG;DEL09-MG;UOP01-DEL09-MG
658906;02/02/2025;domingo;20:50:00;RN;101;79,5;NATAL;Ingestão de álcool pelo condutor;Colisão transversal;Com Vítimas Feridas;Plena Noite;Decrescente;Céu Claro;Dupla;Reta;Sim;3;0;3;0;0;0;3;2;-5,74962896;-35,28918369;SPRF-RN;DEL02-RN;UOP01-DEL02-RN
658908;02/02/2025;domingo;19:50:00;RJ;40;84;PETROPOLIS;Pedestre andava na pista;Atropelamento de Pedestre;Com Vítimas Feridas;Plena Noite;Crescente;Céu Claro;Dupla;"Curva;Declive";Sim;3;0;1;0;2;0;1;2;-22,52145512;-43,23707996;SPRF-RJ;DEL01-RJ;UOP01-DEL01-RJ
658910;02/02/2025;domingo;20:30:00;BA;101;690;EUNAPOLIS;Demais falhas mecânicas ou elétricas;Tombamento;Com Vítimas Feridas;Plena Noite;Crescente;Céu Claro;Simples;Curva;Não;2;0;2;0;0;0;2;1;-16,33255702;-39,58174321;SPRF-BA;DEL09-BA;UOP03-DEL09-BA
658911;02/02/2025;domingo;18:45:00;MS;163;270,4;DOURADOS;Desrespeitar a preferência no cruzamento;Colisão lateral mesmo sentido;Com Vítimas Feridas;Plena Noite;Decrescente;Céu Claro;Dupla;Rotatória;Não;2;0;1;0;1;0;1;2;-22,19173633;-54,68873978;SPRF-MS;DEL04-MS;UOP01-DEL04-MS
658912;02/02/2025;domingo;19:00:00;RO;364;702;PORTO VELHO;Acessar a via sem observar a presença dos outros veículos;Colisão transversal;Sem Vítimas;Plena Noite;Crescente;Céu Claro;Dupla;Retorno Regulamentado;Não;2;0;0;0;2;0;0;2;-8,80030356;-63,79692078;SPRF-RO;DEL01-RO;UOP01-DEL01-RO
658913;02/02/2025;domingo;18:40:00;RJ;101;517;ANGRA DOS REIS;Chuva;Colisão com objeto;Com Vítimas Feridas;Plena Noite;Crescente;Chuva;Simples;Curva;Não;3;0;3;0;0;0;3;1;-22,99712334;-44,44431803;SPRF-RJ;DEL03-RJ;UOP03-DEL03-RJ
658915;02/02/2025;domingo;21:40:00;SC;101;224;PALHOCA;Condutor deixou de manter distância do veículo da frente;Colisão traseira;Sem Vítimas;Plena Noite;Decrescente;Chuva;Dupla;Reta;Não;2;0;0;0;2;0;0;2;-27,72384789;-48,64386769;SPRF-SC;DEL01-SC;UOP02-DEL01-SC