id;data_inversa;dia_semana;horario;uf;br;km;municipio;causa_acidente;tipo_acidente;classificacao_acidente;fase_dia;sentido_via;condicao_metereologica;tipo_pista;tracado_via;uso_solo;pessoas;mortos;feridos_leves;feridos_graves;ilesos;ignorados;feridos;veiculos;latitude;longitude;regional;delegacia;uop
658916;02/02/2025;domingo;19:20:00;PE;232;102;BEZERROS;Reação tardia ou ineficiente do condutor;Queda de ocupante de veículo;Com Vítimas Feridas;Plena Noite;Decrescente;Garoa/Chuvisco;Dupla;Reta;Sim;2;0;2;0;0;0;2;1;-8,250975;-35,763835;SPRF-PE;DEL02-PE;UOP02-DEL02PE
658918;02/02/2025;domingo;21:32:00;DF;251;5,9;BRASILIA;Reação tardia ou ineficiente do condutor;Saída de leito carroçável;Com Vítimas Feridas;Plena Noite;Crescente;Nublado;Simples;"Retorno Regulamentado;Curva";Não;1;0;1;0;0;0;1;1;-16,007332;-47,552052;SPRF-DF;DEL01-DF;UOP01-DEL01-DF
658919;02/02/2025;domingo;21:00:00;SP;116;401;MIRACATU;Chuva;Saída de leito carroçável;Sem Vítimas;Plena Noite;Decrescente;Chuva;Dupla;"Retorno Regulamentado;Reta";Não;1;0;0;0;1;0;0;1;-24,31051469;-47,50995275;SPRF-SP;DEL04-SP;UOP02-DEL04-SP
658920;02/02/2025;domingo;21:26:00;MG;40;43;PARACATU;Ausência de reação do condutor;Tombamento;Com Vítimas Feridas;Plena Noite;Crescente;Garoa/Chuvisco;Simples;"Reta;Declive";Não;1;0;1;0;0;0;1;1;-17,22598002;-46,86163701;SPRF-MG;DEL14-MG;UOP01-DEL14-MG
658922;02/02/2025;domingo;19:30:00;RJ;116;245,6;PIRAI;Reação tardia ou ineficiente do condutor;Queda de ocupante de veículo;Com Vítimas Feridas;Plena Noite;Decrescente;Céu Claro;Múltipla;Curva;Não;2;0;1;0;1;0;1;1;-22,62040692;-43,92593694;SPRF-RJ;DEL07-RJ;UOP01-DEL07-RJ
658924;02/02/2025;domingo;20:40:00;PR;116;114;CURITIBA;Reação tardia ou ineficiente do condutor;Saída de leito carroçável;Sem Vítimas;Plena Noite;Crescente;Nublado;Múltipla;Reta;Sim;1;0;0;0;1;0;0;1;-25,54547816;-49,2971617;SPRF-PR;DEL01-PR;UOP03-DEL01-PR
658925;02/02/2025;domingo;21:00:00;PR;116;119;CURITIBA;Ausência de reação do condutor;Colisão com objeto;Sem Vítimas;Anoitecer;Decrescente;Céu Claro;Dupla;Reta;Sim;1;0;0;0;1;0;0;1;-25,58312314;-49,31342125;SPRF-PR;DEL01-PR;UOP03-DEL01-PR
658926;02/02/2025;domingo;21:00:00;MA;316;401,6;ALTO ALEGRE DO MARANHAO;Pedestre andava na pista;Atropelamento de Pedestre;Com Vítimas Feridas;Plena Noite;Crescente;Chuva;Simples;Reta;Sim;8;0;0;2;6;0;2;3;-4,206411;-44,453041;SPRF-MA;DEL03-MA;UOP01-DEL03-MA
658927;02/02/2025;domingo;22:23:00;SP;116;215;GUARULHOS;Ausência de reação do condutor;Colisão lateral mesmo sentido;Com Vítimas Feridas;Plena Noite;Decrescente;Nublado;Múltipla;Reta;Sim;4;0;1;0;3;0;1;2;-23,44695693;-46,45394103;SPRF-SP;DEL01-SP;UOP01-DEL01-SP
658928;02/02/2025;domingo;19:45:00;SC;470;56;BLUMENAU;Transitar na contramão;Colisão transversal;Sem Vítimas;Plena Noite;Crescente;Céu Claro;Dupla;"Desvio Temporário;Em Obras";Sim;2;0;0;0;2;0;0;2;-26,87674;-49,127743;SPRF-SC;DEL04-SC;UOP01-DEL04-SC
658929;02/02/2025;domingo;22:20:00;RN;304;301;MACAIBA;Demais falhas mecânicas ou elétricas;Incêndio;Sem Vítimas;Plena Noite;Crescente;Céu Claro;Múltipla;Reta;Sim;1;0;0;0;1;0;0;1;-5,87657067;-35,30647289;SPRF-RN;DEL01-RN;UOP02-DEL01-RN
658930;02/02/2025;domingo;22:40:00;SC;101;204;SAO JOSE;Condutor deixou de manter distância do veículo da frente;Colisão traseira;Com Vítimas Feridas;Plena Noite;Decrescente;Chuva;Múltipla;Reta;Sim;2;0;1;0;1;0;1;2;-27,57413014;-48,61363083;SPRF-SC;DEL01-SC;UOP01-DEL01-SC
658933;02/02/2025;domingo;19:40:00;MT;163;821;SINOP;Animais na Pista;Atropelamento de Animal;Com Vítimas Feridas;Pleno dia;Decrescente;Chuva;Simples;Reta;Sim;1;0;1;0;0;0;1;1;-11,97888544;-55,51707029;SPRF-MT;DEL06-MT;UOP02-DEL06-MT
658934;02/02/2025;domingo;23:10:00;PR;116;115;CURITIBA;Suicídio (presumido);Colisão com objeto;Com Vítimas Feridas;Plena Noite;Crescente;Nublado;Múltipla;Reta;Sim;1;0;1;0;0;0;1;1;-25,55953326;-49,26560414;SPRF-PR;DEL01-PR;UOP03-DEL01-PR
658935;02/02/2025;domingo;22:30:00;ES;262;172;IBATIBA;Ingestão de álcool pelo condutor;Colisão frontal;Com Vítimas Feridas;Plena Noite;Decrescente;Céu Claro;Simples;Reta;Não;3;0;2;0;1;0;2;2;-20,26658734;-41,60261276;SPRF-ES;DEL01-ES;UOP02-DEL01-ES
658937;02/02/2025;domingo;22:50:00;RJ;40;102;DUQUE DE CAXIAS;Reação tardia ou ineficiente do condutor;Queda de ocupante de veículo;Com Vítimas Feridas;Plena Noite;Decrescente;Céu Claro;Múltipla;Interseção de Vias;Sim;1;0;1;0;0;0;1;1;-22,61089297;-43,28656077;SPRF-RJ;DEL01-RJ;UOP02-DEL01-RJ
658938;02/02/2025;domingo;23:20:00;PR;369;126;JATAIZINHO;Ingestão de álcool pelo condutor;Colisão com objeto;Sem Vítimas;Plena Noite;Decrescente;Céu Claro;Dupla;Reta;Não;1;0;0;0;0;1;0;1;-23,27954323;-50,95983201;SPRF-PR;DEL07-PR;UOP05-DEL07-PR
658939;02/02/2025;domingo;20:09:00;GO;153;259,5;SAO LUIZ DO NORTE;Pedestre andava na pista;Atropelamento de Pedestre;Com Vítimas Fatais;Pleno dia;Decrescente;Nublado;Simples;"Aclive;Reta";Não;2;1;0;0;1;0;0;2;-14,985942;-49,401287;SPRF-GO;DEL07-GO;UOP02-DEL07-GO
658940;02/02/2025;domingo;22:57:00;PE;101;76,1;RECIFE;Condutor usando celular;Colisão com objeto;Com Vítimas Feridas;Plena Noite;Crescente;Céu Claro;Dupla;"Reta;Viaduto";Sim;1;0;0;1;0;0;1;1;-8,11912757;-34,94326115;SPRF-PE;DEL01-PE;UOP01-DEL01-PE
658941;02/02/2025;domingo;22:10:00;PB;230;368;MALTA;Animais na Pista;Saída de leito carroçável;Sem Vítimas;Plena Noite;Decrescente;Céu Claro;Simples;Reta;Sim;1;0;0;0;1;0;0;1;-6,9057;-37,5322;SPRF-PB;DEL03-PB;UOP02-DEL03-PB
658942;02/02/2025;domingo;21:40:00;SP;381;85;SAO PAULO;Acesso irregular;Atropelamento de Pedestre;Com Vítimas Fatais;Plena Noite;Crescente;Chuva;Dupla;Reta;Sim;2;1;1;0;0;0;1;2;-23,449343;-46,56983501;SPRF-SP;DEL03-SP;UOP01-DEL03-SP
658943;02/02/2025;domingo;21:20:00;RJ;101;556,9;PARATY;Velocidade Incompatível;Saída de leito carroçável;Com Vítimas Fatais;Plena Noite;Decrescente;Chuva;Simples;Curva;Não;1;1;0;0;0;0;0;1;-23,090766;-44,693993;SPRF-RJ;DEL03-RJ;UOP04-DEL03-RJ
658944;02/02/2025;domingo;23:30:00;PA;10;213;IPIXUNA DO PARA;Manobra de mudança de faixa;Colisão lateral sentido oposto;Com Vítimas Feridas;Plena Noite;Crescente;Nublado;Simples;Reta;Não;3;0;1;1;1;0;2;2;-2,56547102;-47,49270611;SPRF-PA;DEL02-PA;UOP01-DEL02-PA
658945;02/02/2025;domingo;23:15:00;GO;20;180;ALVORADA DO NORTE;Pedestre andava na pista;Atropelamento de Pedestre;Com Vítimas Feridas;Plena Noite;Crescente;Nublado;Simples;"Ponte;Reta";Sim;2;0;1;0;0;1;1;2;-14,477743;-46,492165;SPRF-DF;DEL02-DF;UOP03-DEL02-DF
658946;02/02/2025;domingo;23:12:00;PE;101;43;IGARASSU;Manobra de mudança de faixa;Colisão traseira;Com Vítimas Feridas;Plena Noite;Decrescente;Céu Claro;Dupla;Reta;Sim;3;0;1;0;1;1;1;2;-7,84753808;-34,90977038;SPRF-PE;DEL01-PE;UOP02-DEL01-PE
658947;03/02/2025;segunda-feira;00:10:00;PB;230;161,7;CAMPINA GRANDE;Ingestão de álcool pelo condutor;Saída de leito carroçável;Com Vítimas Feridas;Plena Noite;Decrescente;Céu Claro;Simples;Reta;Sim;1;0;1;0;0;0;1;1;-7,23428718;-35,94197668;SPRF-PB;DEL02-PB;UOP01-DEL02-PB
658948;02/02/2025;domingo;15:50:00;GO;80;126;BARRO ALTO;Velocidade Incompatível;Saída de leito carroçável;Com Vítimas Feridas;Pleno dia;Crescente;Nublado;Simples;"Retorno Regulamentado;Reta";Não;1;0;1;0;0;0;1;1;-15,02209041;-48,89658451;SPRF-GO;DEL07-GO;UOP02-DEL07-GO
658949;02/02/2025;domingo;18:40:00;MG;153;2;ARAPORA;Reação tardia ou ineficiente do condutor;Colisão com objeto;Com Vítimas Feridas;Anoitecer;Decrescente;Chuva;Dupla;Retorno Regulamentado;Sim;1;0;1;0;0;0;1;1;-18,4343521;-49,19082831;SPRF-MG;DEL15-MG;UOP03-DEL15-MG
658951;02/02/2025;domingo;21:54:00;MT;364;357;SANTO ANTONIO DO LEVERGER;Reação tardia ou ineficiente do condutor;Queda de ocupante de veículo;Com Vítimas Feridas;Plena Noite;Crescente;Céu Claro;Dupla;"Declive;Curva";Não;1;0;0;1;0;0;1;1;-15,78489984;-55,60855772;SPRF-MT;DEL05-MT;UOP02-DEL05-MT
658952;02/02/2025;domingo;17:48:00;GO;80;123,5;BARRO ALTO;Ingestão de álcool pelo condutor;Queda de ocupante de veículo;Com Vítimas Feridas;Pleno dia;Crescente;Nublado;Simples;Reta;Não;1;0;1;0;0;0;1;1;-15,04455445;-48,88863444;SPRF-GO;DEL07-GO;UOP02-DEL07-GO
658953;03/02/2025;segunda-feira;00:43:00;PB;230;17;JOAO PESSOA;Avarias e/ou desgaste excessivo no pneu;Saída de leito carroçável;Com Vítimas Feridas;Plena Noite;Crescente;Céu Claro;Dupla;Reta;Sim;1;0;0;1;0;0;1;1;-7,11987884;-34,84527111;SPRF-PB;DEL01-PB;UOP01-DEL01-PB
658954;03/02/2025;segunda-feira;01:44:00;PI;343;13;PARNAIBA;Ingestão de álcool pelo condutor;Colisão transversal;Com Vítimas Feridas;Plena Noite;Decrescente;Céu Claro;Dupla;Interseção de Vias;Sim;3;0;2;0;1;0;2;2;-2,919029;-41,754124;SPRF-PI;DEL05-PI;UOP01-DEL05-PI
658956;03/02/2025;segunda-feira;00:35:00;SC;101;69,5;ARAQUARI;Manobra de mudança de faixa;Colisão lateral mesmo sentido;Com Vítimas Feridas;Plena Noite;Crescente;Nublado;Dupla;Reta;Não;3;0;1;0;2;0;1;2;-26,50298009;-48,72814515;SPRF-SC;DEL03-SC;UOP02-DEL03-SC
658957;03/02/2025;segunda-feira;00:45:00;SC;116;42,2;ITAIOPOLIS;Condutor Dormindo;Saída de leito carroçável;Sem Vítimas;Plena Noite;Crescente;Nublado;Simples;Reta;Não;1;0;0;0;1;0;0;1;-26,33771152;-50,07228395;SPRF-SC;DEL06-SC;UOP01-DEL06-SC
658960;02/02/2025;domingo;20:00:00;BA;324;603;SIMOES FILHO;Condutor deixou de manter distância do veículo da frente;Colisão traseira;Com Vítimas Feridas;Plena Noite;Crescente;Céu Claro;Dupla;Reta;Sim;3;0;2;0;0;1;2;2;-12,77190917;-38,41991733;SPRF-BA;DEL01-BA;UOP01-DEL01-BA
658962;03/02/2025;segunda-feira;03:15:00;RJ;40;109;DUQUE DE CAXIAS;Reação tardia ou ineficiente do condutor;Queda de ocupante de veículo;Com Vítimas Feridas;Plena Noite;Crescente;Céu Claro;Múltipla;Reta;Sim;1;0;1;0;0;0;1;1;-22,67374628;-43,28638368;SPRF-RJ;DEL01-RJ;UOP02-DEL01-RJ
658963;03/02/2025;segunda-feira;02:25:00;RJ;116;148;DUQUE DE CAXIAS;Objeto estático sobre o leito carroçável;Tombamento;Com Vítimas Feridas;Plena Noite;Decrescente;Céu Claro;Dupla;Reta;Sim;1;0;1;0;0;0;1;1;-22,6723488;-43,28215398;SPRF-RJ;DEL01-RJ;UOP02-DEL01-RJ
658964;03/02/2025;segunda-feira;04:10:00;RJ;116;191;NOVA IGUACU;Ausência de reação do condutor;Colisão traseira;Com Vítimas Feridas;Amanhecer;Crescente;Céu Claro;Simples;Reta;Não;4;0;1;1;2;0;2;2;-22,74421443;-43,509822;SPRF-RJ;DEL06-RJ;UOP01-DEL06-RJ
658965;03/02/2025;segunda-feira;02:00:00;GO;70;12;AGUAS LINDAS DE GOIAS;Ingestão de álcool pelo condutor;Colisão com objeto;Com Vítimas Feridas;Plena Noite;Crescente;Chuva;Dupla;Reta;Sim;2;0;1;0;1;0;1;2;-15,74050371;-48,31075788;SPRF-DF;DEL03-DF;UOP02-DEL03-DF
658966;03/02/2025;segunda-feira;03:40:00;RJ;116;184;NOVA IGUACU;Ausência de reação do condutor;Colisão com objeto;Sem Vítimas;Plena Noite;Decrescente;Céu Claro;Dupla;Interseção de Vias;Sim;1;0;0;0;0;1;0;1;-22,74647215;-43,44594311;SPRF-RJ;DEL06-RJ;UOP01-DEL06-RJ
658967;03/02/2025;segunda-feira;04:30:00;DF;40;1;BRASILIA;Condutor Dormindo;Saída de leito carroçável;Com Vítimas Feridas;Plena Noite;Crescente;Céu Claro;Dupla;Reta;Sim;2;0;2;0;0;0;2;1;-15,985532;-47,987747;SPRF-DF;DEL01-DF;UOP01-DEL01-DF
658968;03/02/2025;segunda-feira;04:30:00;BA;324;520;FEIRA DE SANTANA;Avarias e/ou desgaste excessivo no pneu;Queda de ocupante de veículo;Com Vítimas Feridas;Amanhecer;Decrescente;Nublado;Dupla;Reta;Não;2;0;0;2;0;0;2;1;-12,27376054;-38,93366564;SPRF-BA;DEL01-BA;UOP03-DEL01-BA
658969;03/02/2025;segunda-feira;05:00:00;SC;101;436,7;SOMBRIO;Objeto estático sobre o leito carroçável;Colisão com objeto;Com Vítimas Feridas;Amanhecer;Decrescente;Céu Claro;Múltipla;Aclive;Sim;2;0;0;1;1;0;1;2;-29,12247345;-49,64481354;SPRF-SC;DEL02-SC;UOP02-DEL02-SC
658972;03/02/2025;segunda-feira;01:30:00;PR;277;1;PARANAGUA;Ausência de reação do condutor;Colisão com objeto;Sem Vítimas;Plena Noite;Crescente;Céu Claro;Dupla;Reta;Sim;1;0;0;0;0;1;0;1;-25,5205;-48,5095;SPRF-PR;DEL01-PR;UOP05-DEL01-PR
658973;03/02/2025;segunda-feira;05:40:00;BA;242;857;BARREIRAS;Deficiência do Sistema de Iluminação/Sinalização;Colisão traseira;Com Vítimas Feridas;Amanhecer;Crescente;Céu Claro;Simples;Reta;Não;2;0;0;1;1;0;1;2;-12,106;-45,315;SPRF-BA;DEL10-BA;UOP01-DEL10-BA
658975;02/02/2025;domingo;18:00:00;BA;324;382;GAVIAO;Avarias e/ou desgaste excessivo no pneu;Queda de ocupante de veículo;Com Vítimas Feridas;Anoitecer;Decrescente;Céu Claro;Simples;Reta;Não;2;0;2;0;0;0;2;1;-11,47615416;-39,78112108;SPRF-BA;DEL04-BA;UOP02-DEL04-BA
658976;03/02/2025;segunda-feira;06:20:00;GO;153;95,1;ANAPOLIS;Ingestão de álcool pelo condutor;Colisão traseira;Sem Vítimas;Pleno dia;Decrescente;Céu Claro;Dupla;Reta;Não;2;0;0;0;2;0;0;2;-16,366119;-48,937206;SPRF-GO;DEL07-GO;UOP01-DEL07-GO
658978;02/02/2025;domingo;22:00:00;SC;101;111;ITAJAI;Ausência de reação do condutor;Saída de leito carroçável;Sem Vítimas;Plena Noite;Crescente;Nublado;Dupla;Reta;Não;1;0;0;0;0;1;0;1;-26,83955734;-48,71418074;SPRF-SC;DEL04-SC;UOP04-DEL04-SC
658979;03/02/2025;segunda-feira;06:30:00;PE;232;24;MORENO;Problema na suspensão;Saída de leito carroçável;Com Vítimas Feridas;Pleno dia;Decrescente;Céu Claro;Dupla;Reta;Não;2;0;1;0;1;0;1;1;-8,10482918;-35,10351264;SPRF-PE;DEL01-PE;UOP01-DEL01-PE
658980;03/02/2025;segunda-feira;06:05:00;MT;70;6,5;BARRA DO GARCAS;Ausência de reação do condutor;Colisão traseira;Sem Vítimas;Amanhecer;Decrescente;Chuva;Dupla;Reta;Sim;3;0;0;0;3;0;0;2;-15,878268;-52,306705;SPRF-MT;DEL07-MT;UOP01-DEL07-MT
658982;03/02/2025;segunda-feira;06:50:00;SP;116;108;TAUBATE;Reação tardia ou ineficiente do condutor;Colisão lateral mesmo sentido;Com Vítimas Feridas;Pleno dia;Decrescente;Garoa/Chuvisco;Dupla;Reta;Sim;2;0;1;0;1;0;1;2;-23,0233097;-45,53763622;SPRF-SP;DEL02-SP;UOP02-DEL02-SP
658985;03/02/2025;segunda-feira;07:02:00;PE;101;67,9;RECIFE;Ausência de reação do condutor;Colisão com objeto;Com Vítimas Feridas;Pleno dia;Crescente;Sol;Múltipla;"Reta;Viaduto;Aclive";Sim;3;0;2;0;0;1;2;2;-8,049803;-34,945823;SPRF-PE;DEL01-PE;UOP01-DEL01-PE
658987;03/02/2025;segunda-feira;06:45:00;AL;316;156;PALMEIRA DOS INDIOS;Desrespeitar a preferência no cruzamento;Colisão transversal;Com Vítimas Feridas;Pleno dia;Decrescente;Céu Claro;Simples;Rotatória;Não;2;0;0;1;0;1;1;2;-9,42150066;-36,62537421;SPRF-AL;DEL03-AL;UOP01-DEL03-AL
658990;03/02/2025;segunda-feira;07:00:00;CE;116;10;FORTALEZA;Ausência de reação do condutor;Colisão traseira;Com Vítimas Feridas;Pleno dia;Decrescente;Céu Claro;Múltipla;Reta;Sim;3;0;1;0;2;0;1;2;-3,83603805;-38,5027281;SPRF-CE;DEL01-CE;UOP02-DEL01-CE
658991;03/02/2025;segunda-feira;08:00:00;SC;101;216,8;PALHOCA;Acesso irregular;Colisão traseira;Com Vítimas Feridas;Pleno dia;Decrescente;Nublado;Simples;Reta;Sim;2;0;0;1;1;0;1;2;-27,65981409;-48,67747798;SPRF-SC;DEL01-SC;UOP02-DEL01-SC
658992;02/02/2025;domingo;21:15:00;BA;324;380;SAO JOSE DO JACUIPE;Iluminação deficiente;Colisão lateral sentido oposto;Com Vítimas Feridas;Plena Noite;Decrescente;Céu Claro;Simples;Reta;Não;2;0;0;1;1;0;1;2;-11,46536628;-39,79596721;SPRF-BA;DEL04-BA;UOP02-DEL04-BA
658994;03/02/2025;segunda-feira;08:05:00;PB;230;27,8;JOAO PESSOA;Reação tardia ou ineficiente do condutor;Colisão lateral mesmo sentido;Com Vítimas Feridas;Pleno dia;Crescente;Céu Claro;Dupla;Reta;Sim;2;0;1;0;1;0;1;2;-7,16499853;-34,89381731;SPRF-PB;DEL01-PB;UOP01-DEL01-PB
658995;26/01/2025;domingo;21:25:00;SC;101;79,8;ARAQUARI;Manobra de mudança de faixa;Colisão lateral mesmo sentido;Com Vítimas Feridas;Plena Noite;Crescente;Céu Claro;Múltipla;Reta;Não;3;0;1;0;0;2;1;3;-26,58559601;-48,72192112;SPRF-SC;DEL03-SC;UOP02-DEL03-SC
658996;03/02/2025;segunda-feira;06:30:00;MA;316;291,6;PIO XII;Pista esburacada;Saída de leito carroçável;Com Vítimas Feridas;Pleno dia;Crescente;Céu Claro;Simples;Reta;Não;2;0;1;0;1;0;1;1;-3,82923;-45,190002;SPRF-MA;DEL02-MA;UOP01-DEL02-MA
658998;03/02/2025;segunda-feira;06:00:00;SC;282;530,5;CORDILHEIRA ALTA;Ingestão de álcool pelo condutor;Saída de leito carroçável;Sem Vítimas;Amanhecer;Decrescente;Céu Claro;Simples;Curva;Não;1;0;0;0;0;1;0;1;-26,986555;-52,60524;SPRF-SC;DEL07-SC;UOP01-DEL07-SC
658999;03/02/2025;segunda-feira;07:55:00;MG;116;417,4;GOVERNADOR VALADARES;Conversão proibida;Colisão transversal;Com Vítimas Feridas;Pleno dia;Decrescente;Nublado;Simples;Reta;Sim;2;0;1;1;0;0;2;2;-18,91060324;-41,94159441;SPRF-MG;DEL06-MG;UOP01-DEL06-MG
659004;03/02/2025;segunda-feira;08:00:00;MG;381;456,4;BELO HORIZONTE;Manobra de mudança de faixa;Colisão lateral mesmo sentido;Com Vítimas Feridas;Pleno dia;Decrescente;Sol;Dupla;Reta;Sim;3;0;1;1;1;0;2;2;-19,85862954;-43,91292495;SPRF-MG;DEL01-MG;UOP01-DEL01-MG
659006;03/02/2025;segunda-feira;08:00:00;MG;40;523;CONTAGEM;Ausência de reação do condutor;Colisão traseira;Com Vítimas Feridas;Pleno dia;Crescente;Céu Claro;Dupla;Reta;Sim;4;0;2;0;1;1;2;3;-19,86874894;-44,05962197;SPRF-MG;DEL01-MG;UOP02-DEL01-MG
659007;03/02/2025;segunda-feira;09:00:00;ES;262;18,9;VIANA;Acessar a via sem observar a presença dos outros veículos;Colisão transversal;Com Vítimas Feridas;Pleno dia;Crescente;Sol;Simples;Reta;Sim;2;0;1;0;1;0;1;2;-20,39137228;-40,48080285;SPRF-ES;DEL01-ES;UOP01-DEL01-ES
659009;03/02/2025;segunda-feira;08:30:00;PB;101;82,7;BAYEUX;Condutor deixou de manter distância do veículo da frente;Colisão traseira;Com Vítimas Feridas;Pleno dia;Crescente;Sol;Dupla;"Viaduto;Declive";Sim;4;0;1;0;3;0;1;2;-7,1320647;-34,93197441;SPRF-PB;DEL01-PB;UOP01-DEL01-PB
659011;03/02/2025;segunda-feira;08:30:00;PI;402;13;PARNAIBA;Ausência de reação do condutor;Tombamento;Com Vítimas Feridas;Pleno dia;Crescente;Céu Claro;Simples;Curva;Não;1;0;1;0;0;0;1;1;-3,100406;-41,789944;SPRF-PI;DEL05-PI;UOP01-DEL05-PI
659013;03/02/2025;segunda-feira;05:50:00;AM;174;985;MANAUS;Acessar a via sem observar a presença dos outros veículos;Colisão frontal;Com Vítimas Feridas;Amanhecer;Decrescente;Céu Claro;Simples;"Declive;Interseção de Vias";Sim;2;0;0;1;1;0;1;2;-2,09583986;-59,99879874;SPRF-AM;DEL01-AM;UOP02-DEL01-AM
659014;03/02/2025;segunda-feira;09:45:00;PB;230;27,5;JOAO PESSOA;Ausência de reação do condutor;Colisão traseira;Com Vítimas Feridas;Pleno dia;Crescente;Céu Claro;Dupla;Reta;Sim;2;0;0;1;0;1;1;2;-7,1677;-34,8855;SPRF-PB;DEL01-PB;UOP01-DEL01-PB
659015;03/02/2025;segunda-feira;08:15:00;MG;40;645,8;CRISTIANO OTONI;Mal súbito do condutor;Colisão com objeto;Com Vítimas Feridas;Pleno dia;Crescente;Céu Claro;Simples;"Aclive;Interseção de Vias";Não;2;0;0;1;1;0;1;1;-20,78218897;-43,81150169;SPRF-MG;DEL05-MG;UOP02-DEL05-MG
659017;03/02/2025;segunda-feira;10:10:00;ES;101;180;ARACRUZ;Acessar a via sem observar a presença dos outros veículos;Colisão transversal;Com Vítimas Feridas;Pleno dia;Crescente;Céu Claro;Simples;Reta;Não;4;0;3;0;1;0;3;2;-19,62382591;-40,22074012;SPRF-ES;DEL04-ES;UOP01-DEL04-ES
659018;03/02/2025;segunda-feira;10:15:00;SP;381;67;MAIRIPORA;Animais na Pista;Colisão com objeto;Com Vítimas Feridas;Pleno dia;Crescente;Nublado;Dupla;Reta;Não;2;0;1;0;1;0;1;1;-23,33226094;-46,57675379;SPRF-SP;DEL03-SP;UOP01-DEL03-SP
659019;03/02/2025;segunda-feira;07:20:00;RJ;356;157,6;CAMPOS DOS GOYTACAZES;Reação tardia ou ineficiente do condutor;Colisão traseira;Com Vítimas Feridas;Pleno dia;Decrescente;Céu Claro;Simples;Reta;Não;4;0;3;0;1;0;3;2;-21,745232;-41,216444;SPRF-RJ;DEL08-RJ;UOP02-DEL08-RJ
659021;03/02/2025;segunda-feira;08:28:00;RO;364;13;VILHENA;Reação tardia ou ineficiente do condutor;Colisão lateral mesmo sentido;Com Vítimas Feridas;Pleno dia;Crescente;Nublado;Dupla;Rotatória;Sim;3;0;1;1;1;0;2;2;-12,74140004;-60,13026401;SPRF-RO;DEL04-RO;UOP01-DEL04-RO
659022;03/02/2025;segunda-feira;10:25:00;ES;101;284;CARIACICA;Ausência de reação do condutor;Saída de leito carroçável;Com Vítimas Feridas;Pleno dia;Decrescente;Sol;Dupla;Curva;Sim;2;0;1;0;1;0;1;1;-20,24334991;-40,3696926;SPRF-ES;DEL01-ES;UOP01-DEL01-ES
659024;03/02/2025;segunda-feira;07:20:00;SP;116;340;MIRACATU;Chuva;Saída de leito carroçável;Com Vítimas Feridas;Pleno dia;Decrescente;Nublado;Dupla;Curva;Não;5;0;2;0;3;0;2;1;-24,00328505;-47,15633198;SPRF-SP;DEL04-SP;UOP03-DEL04-SP
659025;03/02/2025;segunda-feira;10:50:00;PE;101;50,7;ABREU E LIMA;Reação tardia ou ineficiente do condutor;Colisão traseira;Com Vítimas Feridas;Pleno dia;Decrescente;Céu Claro;Múltipla;Reta;Sim;2;0;0;1;1;0;1;2;-7,90938602;-34,90123228;SPRF-PE;DEL01-PE;UOP02-DEL01-PE
659026;03/02/2025;segunda-feira;09:00:00;MS;163;269;DOURADOS;Ausência de reação do condutor;Colisão traseira;Com Vítimas Feridas;Pleno dia;Decrescente;Céu Claro;Dupla;Reta;Não;2;0;1;0;1;0;1;2;-22,19753772;-54,69646454;SPRF-MS;DEL04-MS;UOP01-DEL04-MS
659027;02/02/2025;domingo;21:30:00;RJ;0;0;SAO GONCALO;Demais falhas na via;Eventos atípicos;Sem Vítimas;Plena Noite;Não Informado;Nublado;Simples;Reta;Sim;4;0;0;0;4;0;0;1;-22,77883708;-42,97409719;SPRF-RJ;DEL02-RJ;UOP02-DEL02-RJ
659028;03/02/2025;segunda-feira;08:30:00;PR;277;416,9;CANTAGALO;Condutor Dormindo;Saída de leito carroçável;Com Vítimas Feridas;Pleno dia;Crescente;Céu Claro;Simples;"Curva;Aclive";Não;1;0;1;0;0;0;1;1;-25,404183;-52,100752;SPRF-PR;DEL04-PR;UOP02-DEL04-PR
659030;03/02/2025;segunda-feira;11:00:00;RJ;101;491;ANGRA DOS REIS;Desrespeitar a preferência no cruzamento;Colisão traseira;Com Vítimas Feridas;Pleno dia;Decrescente;Céu Claro;Simples;Reta;Sim;2;0;1;0;1;0;1;2;-22,95442983;-44,32193004;SPRF-RJ;DEL03-RJ;UOP03-DEL03-RJ
659032;26/01/2025;domingo;16:32:00;BA;101;656;ITAPEBI;Acessar a via sem observar a presença dos outros veículos;Colisão transversal;Com Vítimas Feridas;Pleno dia;Crescente;Céu Claro;Simples;Reta;Sim;2;0;1;0;1;0;1;2;-15,9062;-39,560556;SPRF-BA;DEL05-BA;UOP02-DEL05-BA
659033;03/02/2025;segunda-feira;11:30:00;PB;230;25,1;JOAO PESSOA;Condutor deixou de manter distância do veículo da frente;Colisão traseira;Com Vítimas Feridas;Pleno dia;Crescente;Céu Claro;Múltipla;"Desvio Temporário;Em Obras;Reta";Sim;2;0;1;0;1;0;1;2;-7,17054457;-34,86950576;SPRF-PB;DEL01-PB;UOP01-DEL01-PB
659037;03/02/2025;segunda-feira;10:30:00;MS;163;681,9;RIO VERDE DE MATO GROSSO;Entrada inopinada do pedestre;Atropelamento de Pedestre;Com Vítimas Feridas;Pleno dia;Decrescente;Chuva;Simples;Reta;Sim;3;0;0;1;1;1;1;2;-18,91578008;-54,83862738;SPRF-MS;DEL06-MS;UOP02-DEL06-MS