id;data_inversa;dia_semana;horario;uf;br;km;municipio;causa_acidente;tipo_acidente;classificacao_acidente;fase_dia;sentido_via;condicao_metereologica;tipo_pista;tracado_via;uso_solo;pessoas;mortos;feridos_leves;feridos_graves;ilesos;ignorados;feridos;veiculos;latitude;longitude;regional;delegacia;uop
659153;03/02/2025;segunda-feira;22:45:00;PE;232;253;ARCOVERDE;Iluminação deficiente;Atropelamento de Pedestre;Com Vítimas Fatais;Plena Noite;Crescente;Céu Claro;Simples;Reta;Sim;2;1;0;0;0;1;0;2;-8,42522112;-37,07235809;SPRF-PE;DEL04-PE;UOP02-DEL04-PE
659154;03/02/2025;segunda-feira;22:50:00;MT;174;385;CONQUISTA DOESTE;Ingestão de álcool pelo condutor;Colisão com objeto;Sem Vítimas;Plena Noite;Crescente;Céu Claro;Simples;Reta;Não;3;0;0;0;2;1;0;2;-14,5036131;-59,5672337;SPRF-MT;DEL04-MT;UOP01-DEL04-MT
659155;04/02/2025;terça-feira;01:30:00;SC;282;55,8;RANCHO QUEIMADO;Avarias e/ou desgaste excessivo no pneu;Saída de leito carroçável;Sem Vítimas;Plena Noite;Crescente;Nublado;Simples;Curva;Não;1;0;0;0;1;0;0;1;-27,689514;-48,982376;SPRF-SC;DEL01-SC;UOP03-DEL01-SC
659157;04/02/2025;terça-feira;02:50:00;BA;324;514;FEIRA DE SANTANA;Acessar a via sem observar a presença dos outros veículos;Colisão transversal;Com Vítimas Feridas;Plena Noite;Crescente;Céu Claro;Simples;"Reta;Interseção de Vias";Sim;3;0;0;2;1;0;2;2;-12,23221446;-38,95291686;SPRF-BA;DEL02-BA;UOP01-DEL02-BA
659160;04/02/2025;terça-feira;01:50:00;RS;290;454;ROSARIO DO SUL;Entrada inopinada do pedestre;Eventos atípicos;Com Vítimas Fatais;Plena Noite;Decrescente;Céu Claro;Simples;"Reta;Declive";Não;4;1;0;0;1;2;0;3;-30,230925;-54,655495;SPRF-RS;DEL11-RS;UOP02-DEL11-RS
659161;04/02/2025;terça-feira;04:00:00;MG;381;483,2;BETIM;Velocidade Incompatível;Colisão com objeto;Sem Vítimas;Plena Noite;Decrescente;Céu Claro;Múltipla;"Curva;Declive";Sim;1;0;0;0;1;0;0;1;-19,95964;-44,081383;SPRF-MG;DEL01-MG;UOP03-DEL01-MG
659162;03/02/2025;segunda-feira;21:50:00;MG;40;699,9;BARBACENA;Manobra de mudança de faixa;Tombamento;Com Vítimas Feridas;Plena Noite;Decrescente;Céu Claro;Dupla;"Curva;Declive";Não;2;0;1;0;1;0;1;1;-21,204338;-43,74918938;SPRF-MG;DEL05-MG;UOP02-DEL05-MG
659163;04/02/2025;terça-feira;04:24:00;PE;232;508;SALGUEIRO;Pedestre cruzava a pista fora da faixa;Atropelamento de Pedestre;Com Vítimas Fatais;Amanhecer;Decrescente;Céu Claro;Simples;Reta;Sim;2;1;0;0;0;1;0;2;-8,06223271;-39,12095006;SPRF-PE;DEL05-PE;UOP01-DEL05-PE
659165;03/02/2025;segunda-feira;20:00:00;RJ;465;3;SEROPEDICA;Retorno proibido;Colisão traseira;Com Vítimas Feridas;Plena Noite;Crescente;Céu Claro;Simples;Reta;Sim;4;0;1;0;3;0;1;2;-22,73427;-43,711994;SPRF-RJ;DEL06-RJ;UOP02-DEL06-RJ
659166;04/02/2025;terça-feira;06:30:00;SP;116;222;GUARULHOS;Trafegar com motocicleta (ou similar) entre as faixas;Colisão lateral mesmo sentido;Com Vítimas Feridas;Pleno dia;Crescente;Céu Claro;Múltipla;Reta;Sim;2;0;1;0;1;0;1;2;-23,47093408;-46,51631097;SPRF-SP;DEL01-SP;UOP01-DEL01-SP
659167;04/02/2025;terça-feira;06:40:00;SC;282;5;SAO JOSE;Reação tardia ou ineficiente do condutor;Colisão traseira;Com Vítimas Feridas;Pleno dia;Decrescente;Céu Claro;Dupla;"Reta;Viaduto";Sim;3;0;1;0;2;0;1;3;-27,588425;-48,612919;SPRF-SC;DEL01-SC;UOP01-DEL01-SC
659168;04/02/2025;terça-feira;06:45:00;DF;40;5;BRASILIA;Trafegar com motocicleta (ou similar) entre as faixas;Colisão lateral mesmo sentido;Com Vítimas Feridas;Pleno dia;Decrescente;Céu Claro;Dupla;Reta;Sim;2;0;1;0;1;0;1;2;-16,020903;-47,980541;SPRF-DF;DEL01-DF;UOP01-DEL01-DF
659169;04/02/2025;terça-feira;07:05:00;BA;324;619;SALVADOR;Trafegar com motocicleta (ou similar) entre as faixas;Queda de ocupante de veículo;Com Vítimas Feridas;Pleno dia;Crescente;Céu Claro;Dupla;Reta;Não;3;0;2;0;0;1;2;2;-12,89820999;-38,45012202;SPRF-BA;DEL01-BA;UOP01-DEL01-BA
659170;04/02/2025;terça-feira;06:30:00;PB;230;512,7;BOM JESUS;Animais na Pista;Atropelamento de Animal;Com Vítimas Feridas;Pleno dia;Decrescente;Nublado;Simples;"Declive;Reta";Sim;3;0;3;0;0;0;3;1;-6,8878;-38,605;SPRF-PB;DEL03-PB;UOP03-DEL03-PB
659171;04/02/2025;terça-feira;07:30:00;RS;290;104,2;ELDORADO DO SUL;Ausência de reação do condutor;Tombamento;Com Vítimas Feridas;Pleno dia;Decrescente;Céu Claro;Dupla;Reta;Não;2;0;1;0;1;0;1;1;-29,993122;-51,275398;SPRF-RS;DEL02-RS;UOP01-DEL02-RS
659172;04/02/2025;terça-feira;07:40:00;RS;116;149,4;CAXIAS DO SUL;Pedestre cruzava a pista fora da faixa;Atropelamento de Pedestre;Com Vítimas Feridas;Pleno dia;Crescente;Céu Claro;Dupla;Curva;Sim;2;0;2;0;0;0;2;2;-29,15996905;-51,15645292;SPRF-RS;DEL05-RS;UOP01-DEL05-RS
659173;04/02/2025;terça-feira;07:35:00;SE;101;100;SAO CRISTOVAO;Avarias e/ou desgaste excessivo no pneu;Tombamento;Com Vítimas Feridas;Pleno dia;Decrescente;Céu Claro;Dupla;"Reta;Declive";Não;2;0;2;0;0;0;2;1;-10,94085093;-37,19456903;SPRF-SE;DEL02-SE;UOP01-DEL02-SE
659174;04/02/2025;terça-feira;07:30:00;MG;116;714,8;MURIAE;Condutor deixou de manter distância do veículo da frente;Colisão lateral mesmo sentido;Com Vítimas Feridas;Pleno dia;Decrescente;Sol;Simples;Reta;Não;5;0;1;0;4;0;1;2;-21,1671331;-42,37130608;SPRF-MG;DEL07-MG;UOP02-DEL07-MG
659175;03/02/2025;segunda-feira;14:30:00;RO;425;81;NOVA MAMORE;Acessar a via sem observar a presença dos outros veículos;Colisão transversal;Com Vítimas Feridas;Pleno dia;Crescente;Chuva;Dupla;Rotatória;Sim;2;0;1;0;1;0;1;2;-10,246915;-65,287827;SPRF-RO;DEL01-RO;UOP03-DEL01-RO
659176;04/02/2025;terça-feira;07:58:00;SE;235;3;ARACAJU;Reação tardia ou ineficiente do condutor;Colisão traseira;Com Vítimas Feridas;Pleno dia;Crescente;Sol;Dupla;Reta;Sim;2;0;1;0;1;0;1;2;-10,9059;-37,111;SPRF-SE;DEL01-SE;UOP01-DEL01-SE
659179;04/02/2025;terça-feira;06:00:00;MT;163;732;SORRISO;Manobra de mudança de faixa;Colisão frontal;Com Vítimas Feridas;Pleno dia;Crescente;Céu Claro;Simples;Curva;Não;3;0;1;2;0;0;3;2;-12,70292;-55,81583833;SPRF-MT;DEL06-MT;UOP01-DEL06-MT
659180;04/02/2025;terça-feira;08:50:00;RJ;101;307;SAO GONCALO;Manobra de mudança de faixa;Colisão com objeto;Com Vítimas Feridas;Pleno dia;Crescente;Sol;Dupla;Reta;Não;3;0;1;0;2;0;1;2;-22,79115777;-43,01514205;SPRF-RJ;DEL02-RJ;UOP02-DEL02-RJ
659181;04/02/2025;terça-feira;08:30:00;MG;381;483;BETIM;Reação tardia ou ineficiente do condutor;Colisão traseira;Com Vítimas Feridas;Pleno dia;Decrescente;Céu Claro;Múltipla;"Aclive;Reta";Sim;2;0;0;1;1;0;1;2;-19,95594491;-44,10721699;SPRF-MG;DEL01-MG;UOP03-DEL01-MG
659182;04/02/2025;terça-feira;08:35:00;SC;101;215,5;PALHOCA;Reação tardia ou ineficiente do condutor;Colisão traseira;Com Vítimas Feridas;Pleno dia;Decrescente;Sol;Múltipla;"Reta;Aclive";Sim;2;0;0;1;1;0;1;2;-27,65184843;-48,67604941;SPRF-SC;DEL01-SC;UOP02-DEL01-SC
659183;04/02/2025;terça-feira;08:00:00;PR;277;136;BALSA NOVA;Pista Escorregadia;Colisão lateral mesmo sentido;Com Vítimas Feridas;Pleno dia;Decrescente;Chuva;Dupla;Curva;Não;6;0;1;0;5;0;1;2;-25,47830225;-49,64382648;SPRF-PR;DEL03-PR;UOP03-DEL03-PR
659186;04/02/2025;terça-feira;08:30:00;ES;101;267,9;SERRA;Manobra de mudança de faixa;Colisão lateral mesmo sentido;Com Vítimas Feridas;Pleno dia;Crescente;Sol;Múltipla;Interseção de Vias;Sim;2;0;1;0;0;1;1;2;-20,19930999;-40,26884609;SPRF-ES;DEL02-ES;UOP01-DEL02-ES
659190;04/02/2025;terça-feira;07:50:00;GO;153;507;APARECIDA DE GOIANIA;Trafegar com motocicleta (ou similar) entre as faixas;Engavetamento;Com Vítimas Feridas;Pleno dia;Decrescente;Céu Claro;Dupla;Reta;Sim;3;0;3;0;0;0;3;3;-16,7715;-49,2387;SPRF-GO;DEL01-GO;UOP03-DEL01-GO
659191;04/02/2025;terça-feira;07:35:00;RN;101;97;NATAL;Avarias e/ou desgaste excessivo no pneu;Queda de ocupante de veículo;Com Vítimas Feridas;Pleno dia;Decrescente;Céu Claro;Múltipla;Reta;Não;2;0;2;0;0;0;2;1;-5,85758898;-35,21271205;SPRF-RN;DEL01-RN;UOP01-DEL01-RN
659192;04/02/2025;terça-feira;08:50:00;PR;277;660;MATELANDIA;Velocidade Incompatível;Queda de ocupante de veículo;Com Vítimas Feridas;Pleno dia;Crescente;Céu Claro;Dupla;Curva;Sim;1;0;0;1;0;0;1;1;-25,25136237;-53,99027796;SPRF-PR;DEL05-PR;UOP02-DEL05-PR
659194;04/02/2025;terça-feira;08:20:00;RJ;40;83;PETROPOLIS;Ausência de reação do condutor;Queda de ocupante de veículo;Com Vítimas Feridas;Pleno dia;Crescente;Céu Claro;Dupla;"Curva;Declive";Não;2;0;2;0;0;0;2;1;-22,51910302;-43,22873364;SPRF-RJ;DEL01-RJ;UOP01-DEL01-RJ
659195;04/02/2025;terça-feira;06:30:00;MT;364;201;RONDONOPOLIS;Reação tardia ou ineficiente do condutor;Queda de ocupante de veículo;Com Vítimas Feridas;Pleno dia;Decrescente;Nublado;Dupla;"Em Obras;Reta";Sim;1;0;1;0;0;0;1;1;-16,48563747;-54,64882851;SPRF-MT;DEL02-MT;UOP01-DEL02-MT
659196;04/02/2025;terça-feira;08:15:00;SC;101;214,3;PALHOCA;Condutor deixou de manter distância do veículo da frente;Colisão traseira;Com Vítimas Feridas;Pleno dia;Decrescente;Sol;Múltipla;Reta;Sim;4;0;0;3;1;0;3;3;-27,64443;-48,67057;SPRF-SC;DEL01-SC;UOP02-DEL01-SC
659197;04/02/2025;terça-feira;07:50:00;SC;101;214,2;PALHOCA;Trafegar com motocicleta (ou similar) entre as faixas;Colisão traseira;Com Vítimas Feridas;Pleno dia;Decrescente;Céu Claro;Múltipla;Reta;Não;5;0;4;0;1;0;4;4;-27,64443;-48,67057;SPRF-SC;DEL01-SC;UOP02-DEL01-SC
659198;04/02/2025;terça-feira;08:20:00;MG;50;173;UBERABA;Objeto estático sobre o leito carroçável;Colisão com objeto;Com Vítimas Feridas;Pleno dia;Decrescente;Garoa/Chuvisco;Dupla;Reta;Sim;1;0;1;0;0;0;1;1;-19,7624352;-47,97701547;SPRF-MG;DEL13-MG;UOP01-DEL13-MG
659199;04/02/2025;terça-feira;07:50:00;BA;330;817,9;JITAUNA;Ultrapassagem Indevida;Colisão lateral mesmo sentido;Com Vítimas Feridas;Pleno dia;Decrescente;Céu Claro;Simples;Reta;Não;5;0;2;0;3;0;2;3;-14,00848308;-39,86592302;SPRF-BA;DEL03-BA;UOP01-DEL03-BA
659201;03/02/2025;segunda-feira;21:35:00;PE;101;105;CABO DE SANTO AGOSTINHO;Curva acentuada;Saída de leito carroçável;Com Vítimas Feridas;Plena Noite;Decrescente;Garoa/Chuvisco;Dupla;Curva;Não;1;0;1;0;0;0;1;1;-8,30242751;-35,06989924;SPRF-PE;DEL01-PE;UOP03-DEL01-PE
659203;04/02/2025;terça-feira;08:40:00;RJ;101;315;SAO GONCALO;Manobra de mudança de faixa;Colisão lateral mesmo sentido;Com Vítimas Feridas;Pleno dia;Crescente;Céu Claro;Simples;Reta;Não;3;0;2;0;1;0;2;2;-22,82262092;-43,08460805;SPRF-RJ;DEL02-RJ;UOP02-DEL02-RJ
659206;04/02/2025;terça-feira;10:50:00;ES;101;270,7;SERRA;Ultrapassagem Indevida;Colisão lateral mesmo sentido;Com Vítimas Feridas;Pleno dia;Decrescente;Céu Claro;Dupla;Reta;Sim;2;0;1;0;0;1;1;2;-20,22662056;-40,27075088;SPRF-ES;DEL02-ES;UOP01-DEL02-ES
659207;04/02/2025;terça-feira;10:45:00;SC;101;204,9;SAO JOSE;Reação tardia ou ineficiente do condutor;Colisão lateral mesmo sentido;Com Vítimas Feridas;Pleno dia;Crescente;Céu Claro;Múltipla;Reta;Sim;2;0;1;0;1;0;1;2;-27,57413014;-48,61363083;SPRF-SC;DEL01-SC;UOP01-DEL01-SC
659208;04/02/2025;terça-feira;08:55:00;AC;364;140;RIO BRANCO;Reação tardia ou ineficiente do condutor;Colisão lateral mesmo sentido;Com Vítimas Feridas;Pleno dia;Decrescente;Céu Claro;Dupla;Rotatória;Sim;2;0;1;0;1;0;1;2;-9,94391188;-67,87332058;SPRF-AC;DEL01-AC;UOP01-DEL01-AC
659210;19/01/2025;domingo;19:45:00;PA;230;124;MARABA;Transitar na contramão;Colisão frontal;Com Vítimas Fatais;Plena Noite;Crescente;Céu Claro;Simples;Reta;Sim;2;1;0;0;1;0;0;2;-5,37407079;-49,13575802;SPRF-PA;DEL03-PA;UOP01-DEL03-PA
659211;04/02/2025;terça-feira;11:10:00;CE;222;4,8;CAUCAIA;Manobra de mudança de faixa;Queda de ocupante de veículo;Com Vítimas Feridas;Pleno dia;Decrescente;Céu Claro;Múltipla;"Reta;Declive";Sim;1;0;1;0;0;0;1;1;-3,74164754;-38,60449792;SPRF-CE;DEL01-CE;UOP01-DEL01-CE
659214;04/02/2025;terça-feira;07:38:00;RO;364;341,3;JI-PARANA;Acessar a via sem observar a presença dos outros veículos;Colisão traseira;Com Vítimas Feridas;Pleno dia;Crescente;Sol;Múltipla;Reta;Sim;2;0;0;1;1;0;1;2;-10,885857;-61,934158;SPRF-RO;DEL02-RO;UOP01-DEL02-RO
659215;04/02/2025;terça-feira;09:16:00;RJ;465;20;NOVA IGUACU;Trafegar com motocicleta (ou similar) entre as faixas;Colisão transversal;Com Vítimas Feridas;Pleno dia;Decrescente;Céu Claro;Simples;Reta;Sim;3;0;0;1;2;0;1;2;-22,846828;-43,605339;SPRF-RJ;DEL06-RJ;UOP02-DEL06-RJ
659216;04/02/2025;terça-feira;10:40:00;RO;364;12;VILHENA;Acessar a via sem observar a presença dos outros veículos;Colisão transversal;Com Vítimas Feridas;Pleno dia;Decrescente;Nublado;Múltipla;Rotatória;Sim;2;0;1;0;1;0;1;2;-12,7434592;-60,12331796;SPRF-RO;DEL04-RO;UOP01-DEL04-RO
659217;04/02/2025;terça-feira;11:50:00;PB;230;133,1;MASSARANDUBA;Condutor Dormindo;Saída de leito carroçável;Com Vítimas Feridas;Pleno dia;Decrescente;Chuva;Dupla;Curva;Não;1;0;1;0;0;0;1;1;-7,2767;-35,7464;SPRF-PB;DEL02-PB;UOP01-DEL02-PB
659218;04/02/2025;terça-feira;12:08:00;RS;386;343;LAJEADO;Avarias e/ou desgaste excessivo no pneu;Tombamento;Com Vítimas Feridas;Pleno dia;Decrescente;Sol;Dupla;"Reta;Em Obras";Sim;1;0;1;0;0;0;1;1;-29,434835;-52,002365;SPRF-RS;DEL04-RS;UOP01-DEL04-RS
659219;04/02/2025;terça-feira;11:54:00;SP;381;89;GUARULHOS;Afundamento ou ondulação no pavimento;Queda de ocupante de veículo;Com Vítimas Feridas;Pleno dia;Decrescente;Céu Claro;Dupla;Interseção de Vias;Não;1;0;1;0;0;0;1;1;-23,48469299;-46,55983288;SPRF-SP;DEL03-SP;UOP01-DEL03-SP
659221;04/02/2025;terça-feira;07:40:00;RS;293;14,1;CAPAO DO LEAO;Ausência de reação do condutor;Engavetamento;Sem Vítimas;Pleno dia;Decrescente;Céu Claro;Simples;Reta;Sim;3;0;0;0;3;0;0;3;-31,75233352;-52,4609969;SPRF-RS;DEL07-RS;UOP01-DEL07-RS
659222;04/02/2025;terça-feira;11:48:00;SP;116;511,8;CAJATI;Reação tardia ou ineficiente do condutor;Colisão com objeto;Com Vítimas Feridas;Pleno dia;Decrescente;Garoa/Chuvisco;Simples;"Declive;Curva";Não;2;0;1;0;1;0;1;1;-24,83558399;-48,2223738;SPRF-SP;DEL05-SP;UOP02-DEL05-SP
659223;04/02/2025;terça-feira;13:05:00;GO;60;48;ABADIANIA;Condutor usando celular;Saída de leito carroçável;Com Vítimas Feridas;Pleno dia;Crescente;Nublado;Dupla;"Reta;Declive";Não;1;0;1;0;0;0;1;1;-16,1529;-48,6109;SPRF-GO;DEL02-GO;UOP01-DEL02-GO
659224;04/02/2025;terça-feira;09:10:00;SC;101;153;PORTO BELO;Condutor deixou de manter distância do veículo da frente;Colisão traseira;Com Vítimas Feridas;Pleno dia;Crescente;Céu Claro;Dupla;Rotatória;Não;2;0;1;0;1;0;1;2;-27,144717;-48,61063935;SPRF-SC;DEL04-SC;UOP03-DEL04-SC
659225;04/02/2025;terça-feira;12:45:00;SC;101;118;ITAJAI;Condutor deixou de manter distância do veículo da frente;Colisão lateral mesmo sentido;Com Vítimas Feridas;Pleno dia;Crescente;Céu Claro;Dupla;Reta;Sim;2;0;1;0;1;0;1;2;-26,895859;-48,71903;SPRF-SC;DEL04-SC;UOP04-DEL04-SC
659233;04/02/2025;terça-feira;13:08:00;RS;101;66;MAQUINE;Acessar a via sem observar a presença dos outros veículos;Colisão transversal;Sem Vítimas;Pleno dia;Crescente;Céu Claro;Simples;Reta;Não;3;0;0;0;2;1;0;3;-29,72186188;-50,19807816;SPRF-RS;DEL03-RS;UOP02-DEL03-RS
659234;04/02/2025;terça-feira;11:30:00;SC;101;331;TUBARAO;Condutor deixou de manter distância do veículo da frente;Colisão traseira;Com Vítimas Feridas;Pleno dia;Decrescente;Sol;Dupla;Viaduto;Sim;2;0;0;1;1;0;1;2;-28,46580169;-48,99546146;SPRF-SC;DEL02-SC;UOP01-DEL02-SC
659236;04/02/2025;terça-feira;13:50:00;RS;290;91;PORTO ALEGRE;Demais falhas mecânicas ou elétricas;Colisão lateral mesmo sentido;Com Vítimas Feridas;Pleno dia;Crescente;Céu Claro;Múltipla;Reta;Não;10;0;1;0;8;1;1;3;-29,969055;-51,167439;SPRF-RS;DEL01-RS;UOP01-DEL01-RS
659237;04/02/2025;terça-feira;13:50:00;RJ;393;275;BARRA DO PIRAI;Demais falhas mecânicas ou elétricas;Tombamento;Com Vítimas Feridas;Pleno dia;Crescente;Sol;Simples;Reta;Não;1;0;1;0;0;0;1;1;-22,47599943;-44,00822639;SPRF-RJ;DEL05-RJ;UOP04-DEL05-RJ
659238;04/02/2025;terça-feira;13:00:00;SP;116;227,5;SAO PAULO;Transitar no Acostamento;Colisão lateral mesmo sentido;Com Vítimas Feridas;Pleno dia;Decrescente;Nublado;Dupla;Curva;Não;3;0;1;0;2;0;1;2;-23,49659264;-46,55648754;SPRF-SP;DEL01-SP;UOP01-DEL01-SP
659240;04/02/2025;terça-feira;13:50:00;RS;386;36,1;FREDERICO WESTPHALEN;Acessar a via sem observar a presença dos outros veículos;Colisão transversal;Com Vítimas Feridas;Pleno dia;Crescente;Céu Claro;Simples;Interseção de Vias;Sim;2;0;1;0;1;0;1;2;-27,373381;-53,39772;SPRF-RS;DEL08-RS;UOP02-DEL08-RS
659243;04/02/2025;terça-feira;10:15:00;SC;101;322,7;PESCARIA BRAVA;Reação tardia ou ineficiente do condutor;Colisão traseira;Com Vítimas Feridas;Pleno dia;Crescente;Céu Claro;Dupla;"Reta;Em Obras";Sim;5;0;3;1;1;0;4;4;-28,42896787;-48,92231226;SPRF-SC;DEL02-SC;UOP01-DEL02-SC
659244;04/02/2025;terça-feira;14:00:00;RS;158;563,6;SANTANA DO LIVRAMENTO;Acessar a via sem observar a presença dos outros veículos;Colisão transversal;Com Vítimas Feridas;Pleno dia;Crescente;Céu Claro;Simples;"Interseção de Vias;Reta";Não;4;0;1;0;3;0;1;2;-30,8582476;-55,50159931;SPRF-RS;DEL11-RS;UOP01-DEL11-RS
659245;04/02/2025;terça-feira;15:35:00;MG;381;876;ESTIVA;Ausência de reação do condutor;Saída de leito carroçável;Com Vítimas Feridas;Pleno dia;Decrescente;Céu Claro;Dupla;Curva;Não;4;0;2;0;2;0;2;1;-22,472813;-46,01072791;SPRF-MG;DEL16-MG;UOP01-DEL16-MG
659247;04/02/2025;terça-feira;12:58:00;PB;230;10,8;CABEDELO;Acostamento em desnível;Queda de ocupante de veículo;Com Vítimas Feridas;Pleno dia;Crescente;Nublado;Dupla;"Reta;Em Obras";Sim;2;0;2;0;0;0;2;1;-7,0514;-34,8499;SPRF-PB;DEL01-PB;UOP01-DEL01-PB
659250;04/02/2025;terça-feira;12:15:00;RJ;356;23;ITAPERUNA;Velocidade Incompatível;Saída de leito carroçável;Com Vítimas Feridas;Pleno dia;Decrescente;Céu Claro;Simples;Curva;Não;1;0;1;0;0;0;1;1;-21,18026434;-41,98292495;SPRF-RJ;DEL08-RJ;UOP03-DEL08-RJ
659253;04/02/2025;terça-feira;15:20:00;MG;262;667;IBIA;Ausência de reação do condutor;Saída de leito carroçável;Sem Vítimas;Pleno dia;Decrescente;Céu Claro;Simples;Reta;Não;1;0;0;0;1;0;0;1;-19,554176;-46,775442;SPRF-MG;DEL08-MG;UOP01-DEL08-MG
659256;31/01/2025;sexta-feira;17:30:00;MS;163;7;MUNDO NOVO;Demais falhas mecânicas ou elétricas;Incêndio;Sem Vítimas;Pleno dia;Crescente;Céu Claro;Dupla;Reta;Não;1;0;0;0;0;1;0;1;-24,00094566;-54,32020706;SPRF-MS;DEL09-MS;UOP02-DEL09-MS
659258;04/02/2025;terça-feira;13:00:00;RS;285;648;SANTO ANTONIO DAS MISSOES;Condutor Dormindo;Saída de leito carroçável;Com Vítimas Feridas;Pleno dia;Decrescente;Céu Claro;Simples;Curva;Não;1;0;1;0;0;0;1;1;-28,620085;-55,741142;SPRF-RS;DEL12-RS;UOP01-DEL12-RS
659260;04/02/2025;terça-feira;16:00:00;DF;251;7;BRASILIA;Acessar a via sem observar a presença dos outros veículos;Colisão transversal;Com Vítimas Feridas;Pleno dia;Crescente;Céu Claro;Simples;Interseção de Vias;Sim;3;0;1;0;2;0;1;2;-15,998561;-47,565559;SPRF-DF;DEL01-DF;UOP01-DEL01-DF
659262;04/02/2025;terça-feira;16:40:00;RJ;101;405;ITAGUAI;Animais na Pista;Colisão traseira;Com Vítimas Feridas;Pleno dia;Decrescente;Céu Claro;Dupla;Reta;Sim;2;0;1;0;1;0;1;2;-22,867606;-43,802743;SPRF-RJ;DEL03-RJ;UOP01-DEL03-RJ
659263;04/02/2025;terça-feira;16:15:00;PB;230;11;CABEDELO;Trafegar com motocicleta (ou similar) entre as faixas;Tombamento;Sem Vítimas;Anoitecer;Crescente;Chuva;Dupla;"Reta;Em Obras";Sim;2;0;0;0;2;0;0;1;-7,0596;-34,8506;SPRF-PB;DEL01-PB;UOP01-DEL01-PB
659264;04/02/2025;terça-feira;11:50:00;SE;235;5;NOSSA SENHORA DO SOCORRO;Manobra de mudança de faixa;Colisão lateral mesmo sentido;Com Vítimas Feridas;Pleno dia;Decrescente;Céu Claro;Dupla;Declive;Não;4;0;2;0;1;1;2;3;-10,9041;-37,1278;SPRF-SE;DEL01-SE;UOP01-DEL01-SE
659266;04/02/2025;terça-feira;16:30:00;RJ;101;396;ITAGUAI;Reação tardia ou ineficiente do condutor;Tombamento;Com Vítimas Feridas;Pleno dia;Decrescente;Céu Claro;Dupla;Reta;Não;3;0;1;0;2;0;1;1;-22,87854523;-43,73100666;SPRF-RJ;DEL03-RJ;UOP01-DEL03-RJ
659267;04/02/2025;terça-feira;16:15:00;SP;153;257,2;MARILIA;Acumulo de areia ou detritos sobre o pavimento;Queda de ocupante de veículo;Com Vítimas Feridas;Pleno dia;Crescente;Nublado;Dupla;Reta;Sim;1;0;1;0;0;0;1;1;-22,24616297;-49,92071986;SPRF-SP;DEL07-SP;UOP02-DEL07-SP
659269;04/02/2025;terça-feira;16:45:00;RJ;356;45;ITAPERUNA;Chuva;Capotamento;Com Vítimas Feridas;Pleno dia;Crescente;Chuva;Simples;Curva;Não;2;0;1;0;1;0;1;1;-21,23252866;-41,80850162;SPRF-RJ;DEL08-RJ;UOP03-DEL08-RJ
659271;04/02/2025;terça-feira;16:48:00;DF;20;43;BRASILIA;Manobra de mudança de faixa;Saída de leito carroçável;Com Vítimas Feridas;Pleno dia;Decrescente;Nublado;Dupla;"Declive;Reta";Não;3;0;1;0;1;1;1;2;-15,577199;-47,485268;SPRF-DF;DEL02-DF;UOP01-DEL02-DF
659274;04/02/2025;terça-feira;14:35:00;MA;135;38,8;BACABEIRA;Acumulo de água sobre o pavimento;Capotamento;Sem Vítimas;Pleno dia;Decrescente;Chuva;Dupla;Reta;Não;1;0;0;0;0;1;0;1;-2,876096;-44,37489;SPRF-MA;DEL01-MA;UOP01-DEL01-MA
659276;12/01/2025;domingo;04:40:00;RJ;40;64;PETROPOLIS;Ausência de reação do condutor;Colisão com objeto;Com Vítimas Feridas;Amanhecer;Crescente;Garoa/Chuvisco;Dupla;Curva;Não;2;0;2;0;0;0;2;1;-22,420418;-43,155285;SPRF-RJ;DEL05-RJ;UOP02-DEL05-RJ
659277;04/02/2025;terça-feira;17:38:00;AL;316;154,5;PALMEIRA DOS INDIOS;Demais falhas mecânicas ou elétricas;Queda de ocupante de veículo;Com Vítimas Feridas;Pleno dia;Decrescente;Céu Claro;Simples;Viaduto;Não;2;0;2;0;0;0;2;1;-9,43055371;-36,64101415;SPRF-AL;DEL03-AL;UOP01-DEL03-AL
659279;04/02/2025;terça-feira;19:00:00;RS;116;525;PELOTAS;Ausência de reação do condutor;Colisão com objeto;Com Vítimas Feridas;Anoitecer;Decrescente;Céu Claro;Simples;Reta;Sim;2;0;2;0;0;0;2;2;-31,7359522;-52,39349776;SPRF-RS;DEL07-RS;UOP01-DEL07-RS
659280;04/02/2025;terça-feira;16:20:00;MA;135;24;SAO LUIS;Pista Escorregadia;Saída de leito carroçável;Com Vítimas Feridas;Pleno dia;Decrescente;Chuva;Dupla;Reta;Não;1;0;1;0;0;0;1;1;-2,75938096;-44,35428204;SPRF-MA;DEL01-MA;UOP01-DEL01-MA
659281;04/02/2025;terça-feira;18:49:00;PB;101;86,6;JOAO PESSOA;Animais na Pista;Atropelamento de Animal;Com Vítimas Feridas;Plena Noite;Decrescente;Céu Claro;Dupla;"Curva;Declive";Sim;2;0;1;0;1;0;1;1;-7,151532;-34,909311;SPRF-PB;DEL01-PB;UOP01-DEL01-PB
659282;04/02/2025;terça-feira;18:05:00;MG;40;518,1;RIBEIRAO DAS NEVES;Acumulo de óleo sobre o pavimento;Tombamento;Com Vítimas Feridas;Anoitecer;Decrescente;Céu Claro;Dupla;Retorno Regulamentado;Sim;1;0;1;0;0;0;1;1;-19,8321242;-44,08208533;SPRF-MG;DEL01-MG;UOP02-DEL01-MG