id;data_inversa;dia_semana;horario;uf;br;km;municipio;causa_acidente;tipo_acidente;classificacao_acidente;fase_dia;sentido_via;condicao_metereologica;tipo_pista;tracado_via;uso_solo;pessoas;mortos;feridos_leves;feridos_graves;ilesos;ignorados;feridos;veiculos;latitude;longitude;regional;delegacia;uop
659283;04/02/2025;terça-feira;18:20:00;RJ;40;112;DUQUE DE CAXIAS;Ausência de reação do condutor;Colisão traseira;Com Vítimas Feridas;Anoitecer;Decrescente;Nublado;Múltipla;Reta;Sim;2;0;0;1;1;0;1;2;-22,7004454;-43,29014851;SPRF-RJ;DEL01-RJ;UOP02-DEL01-RJ
659285;04/02/2025;terça-feira;18:00:00;RS;471;174,7;RIO PARDO;Acessar a via sem observar a presença dos outros veículos;Atropelamento de Pedestre;Com Vítimas Feridas;Pleno dia;Crescente;Céu Claro;Dupla;Rotatória;Sim;2;0;0;1;1;0;1;2;-30,022757;-52,373554;SPRF-RS;DEL02-RS;UOP03-DEL02-RS
659286;04/02/2025;terça-feira;18:55:00;BA;116;431;FEIRA DE SANTANA;Reação tardia ou ineficiente do condutor;Colisão com objeto;Com Vítimas Feridas;Plena Noite;Crescente;Céu Claro;Dupla;Reta;Não;2;0;2;0;0;0;2;1;-12,28317201;-38,99865998;SPRF-BA;DEL02-BA;UOP01-DEL02-BA
659287;04/02/2025;terça-feira;16:10:00;RO;364;237,7;CACOAL;Entrada inopinada do pedestre;Atropelamento de Pedestre;Com Vítimas Feridas;Pleno dia;Decrescente;Sol;Simples;Reta;Sim;2;0;0;1;1;0;1;2;-11,440389;-61,452354;SPRF-RO;DEL02-RO;UOP02-DEL02-RO
659292;04/02/2025;terça-feira;18:40:00;GO;60;94;ANAPOLIS;Avarias e/ou desgaste excessivo no pneu;Saída de leito carroçável;Com Vítimas Feridas;Anoitecer;Decrescente;Céu Claro;Simples;Reta;Sim;1;0;1;0;0;0;1;1;-16,3611;-48,9328;SPRF-GO;DEL02-GO;UOP01-DEL02-GO
659294;04/02/2025;terça-feira;19:40:00;GO;153;441;ANAPOLIS;Ingestão de álcool pelo condutor;Engavetamento;Com Vítimas Feridas;Plena Noite;Crescente;Nublado;Dupla;Reta;Não;4;0;1;1;2;0;2;3;-16,315866;-48,921612;SPRF-GO;DEL02-GO;UOP01-DEL02-GO
659296;04/02/2025;terça-feira;09:00:00;ES;101;99;JAGUARE;Acumulo de areia ou detritos sobre o pavimento;Tombamento;Com Vítimas Feridas;Pleno dia;Decrescente;Sol;Simples;Reta;Não;1;0;1;0;0;0;1;1;-18,97188909;-39,99152282;SPRF-ES;DEL04-ES;UOP02-DEL04-ES
659297;04/02/2025;terça-feira;19:20:00;BA;235;346;JUAZEIRO;Ausência de reação do condutor;Atropelamento de Pedestre;Com Vítimas Feridas;Plena Noite;Crescente;Céu Claro;Dupla;Reta;Sim;3;0;1;0;2;0;1;3;-9,45259129;-40,48292825;SPRF-PE;DEL06-PE;UOP01-DEL06-PE
659298;04/02/2025;terça-feira;18:00:00;MG;40;474;SETE LAGOAS;Objeto estático sobre o leito carroçável;Colisão com objeto;Com Vítimas Feridas;Pleno dia;Decrescente;Céu Claro;Dupla;Reta;Sim;1;0;1;0;0;0;1;1;-19,49804878;-44,27929974;SPRF-MG;DEL02-MG;UOP01-DEL02-MG
659299;04/02/2025;terça-feira;19:40:00;RJ;40;122;DUQUE DE CAXIAS;Reação tardia ou ineficiente do condutor;Colisão traseira;Com Vítimas Feridas;Plena Noite;Decrescente;Céu Claro;Dupla;Reta;Sim;2;0;1;0;1;0;1;2;-22,79083113;-43,28611569;SPRF-RJ;DEL01-RJ;UOP02-DEL01-RJ
659300;04/02/2025;terça-feira;19:50:00;GO;153;617,8;MORRINHOS;Reação tardia ou ineficiente do condutor;Queda de ocupante de veículo;Com Vítimas Feridas;Plena Noite;Crescente;Chuva;Dupla;Reta;Não;1;0;1;0;0;0;1;1;-17,6951;-49,1559;SPRF-GO;DEL03-GO;UOP01-DEL03-GO
659301;04/02/2025;terça-feira;17:00:00;GO;60;301;ACREUNA;Chuva;Capotamento;Com Vítimas Feridas;Pleno dia;Crescente;Chuva;Dupla;Reta;Não;1;0;1;0;0;0;1;1;-17,3713;-50,3425;SPRF-GO;DEL04-GO;UOP02-DEL04-GO
659302;04/02/2025;terça-feira;20:00:00;RN;110;41,4;MOSSORO;Animais na Pista;Atropelamento de Animal;Com Vítimas Feridas;Plena Noite;Crescente;Ignorado;Simples;Aclive;Não;2;0;2;0;0;0;2;1;-5,16877677;-37,23530801;SPRF-RN;DEL04-RN;UOP01-DEL04-RN
659304;04/02/2025;terça-feira;19:55:00;MS;163;341,1;RIO BRILHANTE;Reação tardia ou ineficiente do condutor;Colisão lateral mesmo sentido;Com Vítimas Feridas;Plena Noite;Crescente;Garoa/Chuvisco;Simples;Reta;Não;2;0;2;0;0;0;2;2;-21,65950995;-54,43842301;SPRF-MS;DEL02-MS;UOP02-DEL02-MS
659305;04/02/2025;terça-feira;20:20:00;RJ;101;495;ANGRA DOS REIS;Ausência de reação do condutor;Queda de ocupante de veículo;Com Vítimas Feridas;Plena Noite;Decrescente;Céu Claro;Simples;Curva;Não;1;0;0;1;0;0;1;1;-22,93180313;-44,32178488;SPRF-RJ;DEL03-RJ;UOP03-DEL03-RJ
659307;04/02/2025;terça-feira;20:00:00;AL;104;91,7;RIO LARGO;Ingestão de álcool pelo condutor;Colisão com objeto;Com Vítimas Fatais;Plena Noite;Crescente;Céu Claro;Dupla;"Reta;Viaduto";Sim;1;1;0;0;0;0;0;1;-9,51818474;-35,80329441;SPRF-AL;DEL01-AL;UOP01-DEL01-AL
659308;04/02/2025;terça-feira;17:00:00;RJ;101;322;NITEROI;Afundamento ou ondulação no pavimento;Queda de ocupante de veículo;Com Vítimas Feridas;Pleno dia;Decrescente;Céu Claro;Múltipla;Reta;Sim;1;0;1;0;0;0;1;1;-22,878923;-43,110676;SPRF-RJ;DEL02-RJ;UOP01-DEL02-RJ
659310;04/02/2025;terça-feira;21:40:00;SP;116;283;EMBU DAS ARTES;Pista esburacada;Tombamento;Com Vítimas Feridas;Plena Noite;Decrescente;Garoa/Chuvisco;Dupla;Reta;Sim;2;0;1;0;1;0;1;1;-23,69297005;-46,86352786;SPRF-SP;DEL04-SP;UOP01-DEL04-SP
659311;04/02/2025;terça-feira;21:26:00;RN;304;6,6;MOSSORO;Reação tardia ou ineficiente do condutor;Colisão lateral sentido oposto;Com Vítimas Feridas;Plena Noite;Decrescente;Céu Claro;Simples;Reta;Não;2;0;0;2;0;0;2;2;-4,9257959;-37,41798185;SPRF-RN;DEL04-RN;UOP02-DEL04-RN
659312;04/02/2025;terça-feira;21:30:00;RS;290;86;PORTO ALEGRE;Acumulo de óleo sobre o pavimento;Tombamento;Com Vítimas Feridas;Plena Noite;Decrescente;Céu Claro;Simples;"Curva;Declive";Não;1;0;1;0;0;0;1;1;-29,968412;-51,117138;SPRF-RS;DEL01-RS;UOP01-DEL01-RS
659313;04/02/2025;terça-feira;06:30:00;MG;40;457;CAETANOPOLIS;Avarias e/ou desgaste excessivo no pneu;Colisão com objeto;Com Vítimas Feridas;Pleno dia;Decrescente;Céu Claro;Dupla;"Declive;Reta";Sim;1;0;1;0;0;0;1;1;-19,371466;-44,336132;SPRF-MG;DEL02-MG;UOP01-DEL02-MG
659314;04/02/2025;terça-feira;18:50:00;MG;354;760,6;ITAMONTE;Velocidade Incompatível;Queda de ocupante de veículo;Com Vítimas Feridas;Plena Noite;Decrescente;Garoa/Chuvisco;Simples;Curva;Não;3;0;3;0;0;0;3;2;-22,33176436;-44,83256463;SPRF-MG;DEL17-MG;UOP01-DEL17-MG
659316;04/02/2025;terça-feira;22:20:00;DF;20;23;BRASILIA;Chuva;Colisão com objeto;Sem Vítimas;Plena Noite;Decrescente;Chuva;Dupla;"Curva;Declive";Sim;1;0;0;0;1;0;0;1;-15,595297;-47,667912;SPRF-DF;DEL02-DF;UOP01-DEL02-DF
659317;04/02/2025;terça-feira;22:30:00;SC;101;212,9;PALHOCA;Reação tardia ou ineficiente do condutor;Colisão com objeto;Com Vítimas Feridas;Plena Noite;Crescente;Nublado;Múltipla;Reta;Sim;1;0;1;0;0;0;1;1;-27,62996929;-48,65903871;SPRF-SC;DEL01-SC;UOP02-DEL01-SC
659319;04/02/2025;terça-feira;18:54:00;PI;343;342;TERESINA;Acessar a via sem observar a presença dos outros veículos;Colisão transversal;Com Vítimas Feridas;Plena Noite;Decrescente;Céu Claro;Simples;Reta;Não;2;0;0;1;0;1;1;2;-5,08284;-42,750385;SPRF-PI;DEL01-PI;UOP01-DEL01-PI
659320;04/02/2025;terça-feira;22:10:00;SC;282;220;LAGES;Reação tardia ou ineficiente do condutor;Colisão com objeto;Com Vítimas Feridas;Plena Noite;Decrescente;Nublado;Simples;Rotatória;Sim;1;0;1;0;0;0;1;1;-27,794014;-50,33363;SPRF-SC;DEL05-SC;UOP01-DEL05-SC
659321;04/02/2025;terça-feira;18:30:00;RO;364;307,3;PRESIDENTE MEDICI;Acessar a via sem observar a presença dos outros veículos;Colisão transversal;Com Vítimas Feridas;Anoitecer;Decrescente;Céu Claro;Simples;"Reta;Interseção de Vias;Declive";Sim;2;0;2;0;0;0;2;2;-11,181447;-61,90154;SPRF-RO;DEL02-RO;UOP01-DEL02-RO
659322;04/02/2025;terça-feira;22:50:00;PE;104;72,2;CARUARU;Ausência de reação do condutor;Colisão frontal;Com Vítimas Feridas;Plena Noite;Crescente;Garoa/Chuvisco;Simples;Reta;Não;2;0;1;0;1;0;1;2;-8,332917;-35,981609;SPRF-PE;DEL02-PE;UOP01-DEL02-PE
659323;04/02/2025;terça-feira;19:15:00;SC;101;314,2;LAGUNA;Avarias e/ou desgaste excessivo no pneu;Tombamento;Com Vítimas Feridas;Plena Noite;Decrescente;Céu Claro;Dupla;Reta;Não;2;0;0;2;0;0;2;1;-28,43626885;-48,84086095;SPRF-SC;DEL02-SC;UOP01-DEL02-SC
659324;04/02/2025;terça-feira;22:50:00;PE;101;70,9;RECIFE;Reação tardia ou ineficiente do condutor;Tombamento;Com Vítimas Feridas;Plena Noite;Decrescente;Nublado;Dupla;Reta;Sim;3;0;1;0;0;2;1;2;-8,06776119;-34,94265074;SPRF-PE;DEL01-PE;UOP01-DEL01-PE
659326;04/02/2025;terça-feira;23:15:00;SC;101;198,8;BIGUACU;Ausência de reação do condutor;Colisão lateral mesmo sentido;Com Vítimas Feridas;Plena Noite;Decrescente;Nublado;Múltipla;Reta;Sim;1;0;1;0;0;0;1;1;-27,52658712;-48,63506019;SPRF-SC;DEL01-SC;UOP01-DEL01-SC
659327;04/02/2025;terça-feira;21:45:00;MS;60;427,2;SIDROLANDIA;Ausência de reação do condutor;Colisão traseira;Com Vítimas Feridas;Plena Noite;Crescente;Céu Claro;Simples;Reta;Sim;2;0;1;0;1;0;1;2;-20,947264;-54,968508;SPRF-MS;DEL01-MS;UOP04-DEL01-MS
659332;05/02/2025;quarta-feira;01:05:00;SC;280;231,5;CANOINHAS;Reação tardia ou ineficiente do condutor;Colisão com objeto;Com Vítimas Feridas;Plena Noite;Crescente;Nublado;Simples;Reta;Sim;2;0;2;0;0;0;2;1;-26,1893047;-50,37170989;SPRF-SC;DEL06-SC;UOP04-DEL06-SC
659335;05/02/2025;quarta-feira;04:00:00;PE;232;59,4;POMBOS;Animais na Pista;Atropelamento de Animal;Com Vítimas Feridas;Amanhecer;Decrescente;Nublado;Dupla;"Declive;Reta";Sim;2;0;1;0;1;0;1;2;-8,1471233;-35,39890998;SPRF-PE;DEL02-PE;UOP02-DEL02PE
659337;05/02/2025;quarta-feira;03:00:00;BA;101;34;ESPLANADA;Manobra de mudança de faixa;Colisão transversal;Com Vítimas Feridas;Plena Noite;Decrescente;Céu Claro;Dupla;Reta;Não;4;0;1;0;3;0;1;2;-11,81613317;-37,96879889;SPRF-SE;DEL02-SE;UOP03-DEL02-SE
659338;05/02/2025;quarta-feira;04:30:00;SC;470;58,5;BLUMENAU;Acesso irregular;Colisão lateral sentido oposto;Com Vítimas Feridas;Plena Noite;Decrescente;Céu Claro;Simples;Declive;Não;2;0;1;0;1;0;1;2;-26,883879;-49,145622;SPRF-SC;DEL04-SC;UOP01-DEL04-SC
659342;04/02/2025;terça-feira;20:15:00;SC;470;176,9;POUSO REDONDO;Acessar a via sem observar a presença dos outros veículos;Colisão transversal;Com Vítimas Feridas;Plena Noite;Decrescente;Garoa/Chuvisco;Simples;Rotatória;Sim;2;0;1;0;1;0;1;2;-27,247908;-49,977165;SPRF-SC;DEL04-SC;UOP02-DEL04-SC
659343;05/02/2025;quarta-feira;06:30:00;GO;153;435;ANAPOLIS;Animais na Pista;Atropelamento de Animal;Com Vítimas Feridas;Pleno dia;Crescente;Sol;Dupla;Reta;Sim;1;0;1;0;0;0;1;1;-16,280523;-48,960049;SPRF-GO;DEL02-GO;UOP01-DEL02-GO
659344;05/02/2025;quarta-feira;00:02:00;MG;116;337;CAMPANARIO;Demais falhas mecânicas ou elétricas;Incêndio;Sem Vítimas;Plena Noite;Crescente;Céu Claro;Simples;Retorno Regulamentado;Não;1;0;0;0;1;0;0;1;-18,294514;-41,748676;SPRF-MG;DEL11-MG;UOP01-DEL11-MG
659346;05/02/2025;quarta-feira;06:30:00;RJ;116;198;QUEIMADOS;Pedestre cruzava a pista fora da faixa;Atropelamento de Pedestre;Com Vítimas Fatais;Amanhecer;Crescente;Céu Claro;Dupla;"Reta;Declive";Sim;4;1;1;0;2;0;1;2;-22,72952183;-43,57481597;SPRF-RJ;DEL06-RJ;UOP02-DEL06-RJ
659347;04/02/2025;terça-feira;16:45:00;BA;101;540;SAO JOSE DA VITORIA;Acessar a via sem observar a presença dos outros veículos;Colisão transversal;Com Vítimas Feridas;Pleno dia;Crescente;Céu Claro;Simples;Reta;Sim;2;0;1;0;1;0;1;2;-15,078636;-39,338412;SPRF-BA;DEL05-BA;UOP01-DEL05-BA
659350;05/02/2025;quarta-feira;06:55:00;SC;282;33;AGUAS MORNAS;Acessar a via sem observar a presença dos outros veículos;Colisão transversal;Com Vítimas Feridas;Pleno dia;Decrescente;Céu Claro;Simples;Curva;Sim;2;0;0;1;1;0;1;2;-27,706587;-48,808144;SPRF-SC;DEL01-SC;UOP03-DEL01-SC
659351;05/02/2025;quarta-feira;07:20:00;RS;116;141,6;CAXIAS DO SUL;Conversão proibida;Colisão transversal;Com Vítimas Feridas;Pleno dia;Crescente;Céu Claro;Múltipla;Reta;Sim;2;0;0;1;1;0;1;2;-29,11161425;-51,11040472;SPRF-RS;DEL05-RS;UOP01-DEL05-RS
659352;05/02/2025;quarta-feira;07:30:00;MG;40;530;CONTAGEM;Condutor deixou de manter distância do veículo da frente;Queda de ocupante de veículo;Com Vítimas Feridas;Pleno dia;Crescente;Céu Claro;Dupla;"Aclive;Reta";Não;2;0;0;1;1;0;1;1;-19,92064782;-44,0335681;SPRF-MG;DEL01-MG;UOP02-DEL01-MG
659353;05/02/2025;quarta-feira;07:25:00;PR;376;177,5;MARINGA;Trafegar com motocicleta (ou similar) entre as faixas;Colisão lateral mesmo sentido;Com Vítimas Feridas;Pleno dia;Decrescente;Céu Claro;Dupla;Reta;Sim;2;0;1;0;1;0;1;2;-23,41595855;-51,92226484;SPRF-PR;DEL09-PR;UOP01-DEL09-PR
659354;05/02/2025;quarta-feira;07:15:00;MG;116;522,9;CARATINGA;Acessar a via sem observar a presença dos outros veículos;Colisão transversal;Com Vítimas Feridas;Pleno dia;Decrescente;Céu Claro;Simples;Reta;Sim;3;0;2;0;1;0;2;2;-19,74300101;-42,13231969;SPRF-MG;DEL06-MG;UOP02-DEL06-MG
659355;05/02/2025;quarta-feira;07:50:00;SP;116;222;GUARULHOS;Ausência de reação do condutor;Colisão traseira;Com Vítimas Feridas;Pleno dia;Crescente;Nublado;Múltipla;Reta;Sim;2;0;1;0;1;0;1;2;-23,47093408;-46,51631097;SPRF-SP;DEL01-SP;UOP01-DEL01-SP
659357;08/01/2025;quarta-feira;20:30:00;ES;101;315,4;VILA VELHA;Pedestre andava na pista;Atropelamento de Pedestre;Com Vítimas Fatais;Plena Noite;Crescente;Chuva;Dupla;"Reta;Declive";Não;2;1;0;0;0;1;0;2;-20,46976694;-40,46795209;SPRF-ES;DEL01-ES;UOP01-DEL01-ES
659358;05/02/2025;quarta-feira;07:05:00;RJ;116;146;DUQUE DE CAXIAS;Trafegar com motocicleta (ou similar) entre as faixas;Colisão lateral mesmo sentido;Com Vítimas Feridas;Amanhecer;Decrescente;Céu Claro;Simples;Reta;Sim;2;0;2;0;0;0;2;2;-22,66687859;-43,26368215;SPRF-RJ;DEL01-RJ;UOP02-DEL01-RJ
659359;05/02/2025;quarta-feira;02:20:00;PR;476;271;SAO MATEUS DO SUL;Reação tardia ou ineficiente do condutor;Saída de leito carroçável;Com Vítimas Feridas;Plena Noite;Crescente;Garoa/Chuvisco;Simples;Reta;Não;1;0;1;0;0;0;1;1;-25,89579;-50,348907;SPRF-PR;DEL02-PR;UOP03-DEL02-PR
659361;05/02/2025;quarta-feira;08:25:00;RS;290;96;PORTO ALEGRE;Manobra de mudança de faixa;Colisão lateral mesmo sentido;Com Vítimas Feridas;Pleno dia;Crescente;Céu Claro;Múltipla;Reta;Não;2;0;1;0;1;0;1;2;-29,992107;-51,204525;SPRF-RS;DEL01-RS;UOP01-DEL01-RS
659362;05/02/2025;quarta-feira;08:00:00;MG;40;526;CONTAGEM;Ausência de reação do condutor;Colisão traseira;Com Vítimas Feridas;Pleno dia;Decrescente;Céu Claro;Dupla;Reta;Sim;3;0;1;0;2;0;1;2;-19,89255399;-44,04985478;SPRF-MG;DEL01-MG;UOP02-DEL01-MG
659364;29/01/2025;quarta-feira;13:30:00;PR;376;671,5;GUARATUBA;Avarias e/ou desgaste excessivo no pneu;Saída de leito carroçável;Com Vítimas Feridas;Pleno dia;Crescente;Chuva;Dupla;Declive;Não;1;0;1;0;0;0;1;1;-25,897773;-48,928523;SPRF-PR;DEL01-PR;UOP04-DEL01-PR
659365;05/02/2025;quarta-feira;08:10:00;PE;232;31;MORENO;Acumulo de água sobre o pavimento;Colisão com objeto;Sem Vítimas;Pleno dia;Decrescente;Chuva;Dupla;Curva;Não;1;0;0;0;0;1;0;1;-8,10678602;-35,15841205;SPRF-PE;DEL01-PE;UOP01-DEL01-PE
659367;05/02/2025;quarta-feira;07:24:00;DF;251;15;BRASILIA;Acumulo de areia ou detritos sobre o pavimento;Queda de ocupante de veículo;Com Vítimas Feridas;Pleno dia;Crescente;Sol;Dupla;Curva;Não;1;0;1;0;0;0;1;1;-15,939043;-47,606361;SPRF-DF;DEL01-DF;UOP01-DEL01-DF
659368;05/02/2025;quarta-feira;07:00:00;BA;101;356;GANDU;Pista Escorregadia;Saída de leito carroçável;Com Vítimas Feridas;Amanhecer;Decrescente;Céu Claro;Simples;"Curva;Declive";Não;4;0;2;0;2;0;2;1;-13,79742486;-39,49583826;SPRF-BA;DEL05-BA;UOP03-DEL05-BA
659373;05/02/2025;quarta-feira;05:30:00;RJ;40;114;DUQUE DE CAXIAS;Demais falhas mecânicas ou elétricas;Incêndio;Sem Vítimas;Amanhecer;Crescente;Nublado;Múltipla;Reta;Sim;1;0;0;0;0;1;0;1;-22,71853604;-43,28993324;SPRF-RJ;DEL01-RJ;UOP02-DEL01-RJ
659374;05/02/2025;quarta-feira;09:00:00;SC;101;124;ITAJAI;Reação tardia ou ineficiente do condutor;Colisão lateral mesmo sentido;Com Vítimas Feridas;Pleno dia;Crescente;Céu Claro;Múltipla;"Reta;Interseção de Vias";Não;3;0;1;0;2;0;1;2;-26,94335064;-48,69198648;SPRF-SC;DEL04-SC;UOP04-DEL04-SC
659375;05/02/2025;quarta-feira;08:10:00;RJ;101;313;SAO GONCALO;Manobra de mudança de faixa;Colisão traseira;Com Vítimas Feridas;Pleno dia;Crescente;Céu Claro;Dupla;Reta;Não;2;0;1;0;1;0;1;2;-22,81049093;-43,06983304;SPRF-RJ;DEL02-RJ;UOP02-DEL02-RJ
659376;05/02/2025;quarta-feira;08:39:00;PR;277;632;CEU AZUL;Ultrapassagem Indevida;Capotamento;Com Vítimas Feridas;Pleno dia;Crescente;Nublado;Simples;Reta;Não;2;0;2;0;0;0;2;1;-25,12256565;-53,80997113;SPRF-PR;DEL05-PR;UOP02-DEL05-PR
659377;05/02/2025;quarta-feira;09:25:00;SC;282;2,9;FLORIANOPOLIS;Manobra de mudança de faixa;Colisão lateral mesmo sentido;Com Vítimas Feridas;Pleno dia;Decrescente;Céu Claro;Múltipla;Reta;Sim;3;0;1;0;2;0;1;2;-27,603289;-48,590416;SPRF-SC;DEL01-SC;UOP01-DEL01-SC
659378;05/02/2025;quarta-feira;08:30:00;PR;277;1,2;PARANAGUA;Trafegar com motocicleta (ou similar) entre as faixas;Colisão lateral mesmo sentido;Com Vítimas Feridas;Pleno dia;Crescente;Nublado;Dupla;Reta;Sim;3;0;0;1;2;0;1;2;-25,55258309;-48,55368555;SPRF-PR;DEL01-PR;UOP05-DEL01-PR
659379;05/02/2025;quarta-feira;08:50:00;DF;20;2,7;BRASILIA;Condutor deixou de manter distância do veículo da frente;Colisão traseira;Com Vítimas Feridas;Pleno dia;Decrescente;Céu Claro;Dupla;"Reta;Aclive";Sim;2;0;0;1;1;0;1;2;-15,682896;-47,840729;SPRF-DF;DEL02-DF;UOP01-DEL02-DF
659382;05/02/2025;quarta-feira;07:50:00;PR;277;455,8;LARANJEIRAS DO SUL;Reação tardia ou ineficiente do condutor;Saída de leito carroçável;Com Vítimas Feridas;Pleno dia;Decrescente;Garoa/Chuvisco;Simples;"Curva;Aclive";Não;1;0;1;0;0;0;1;1;-25,384188;-52,426842;SPRF-PR;DEL04-PR;UOP02-DEL04-PR
659384;05/02/2025;quarta-feira;08:05:00;MS;419;223;AQUIDAUANA;Acessar a via sem observar a presença dos outros veículos;Atropelamento de Animal;Com Vítimas Feridas;Pleno dia;Decrescente;Nublado;Simples;"Declive;Reta";Não;2;0;0;1;1;0;1;2;-20,329681;-55,74905;SPRF-MS;DEL03-MS;UOP01-DEL03-MS
659385;05/02/2025;quarta-feira;07:30:00;AC;364;125;RIO BRANCO;Manobra de mudança de faixa;Colisão lateral mesmo sentido;Com Vítimas Feridas;Pleno dia;Crescente;Céu Claro;Dupla;Reta;Sim;3;0;1;0;2;0;1;2;-10,01280606;-67,80005697;SPRF-AC;DEL01-AC;UOP01-DEL01-AC
659388;20/01/2025;segunda-feira;15:50:00;SP;116;72,4;APARECIDA;Ausência de reação do condutor;Colisão traseira;Com Vítimas Feridas;Pleno dia;Decrescente;Céu Claro;Dupla;Reta;Não;2;0;0;1;1;0;1;2;-22,86354218;-45,23746093;SPRF-SP;DEL08-SP;UOP01-DEL08-SP
659389;05/02/2025;quarta-feira;08:30:00;BA;116;0,1;VITORIA DA CONQUISTA;Avarias e/ou desgaste excessivo no pneu;Tombamento;Com Vítimas Feridas;Pleno dia;Decrescente;Céu Claro;Simples;Reta;Não;2;0;2;0;0;0;2;1;-14,82566811;-40,83240509;SPRF-PE;DEL05-PE;UOP03-DEL05-PE
659390;05/02/2025;quarta-feira;09:40:00;RN;101;96;NATAL;Frear bruscamente;Queda de ocupante de veículo;Com Vítimas Feridas;Pleno dia;Crescente;Céu Claro;Dupla;Reta;Sim;1;0;0;1;0;0;1;1;-5,84949622;-35,20890752;SPRF-RN;DEL01-RN;UOP01-DEL01-RN
659392;02/02/2025;domingo;06:00:00;SC;116;216,9;PONTE ALTA;Ausência de reação do condutor;Saída de leito carroçável;Com Vítimas Feridas;Amanhecer;Decrescente;Nublado;Simples;Curva;Não;2;0;1;0;0;1;1;2;-27,54634396;-50,3770563;SPRF-SC;DEL05-SC;UOP03-DEL05-SC
659393;05/02/2025;quarta-feira;08:00:00;SC;101;40;JOINVILLE;Desrespeitar a preferência no cruzamento;Colisão transversal;Com Vítimas Feridas;Pleno dia;Crescente;Nublado;Dupla;Interseção de Vias;Sim;2;0;1;0;1;0;1;2;-26,3104775;-48,87789488;SPRF-SC;DEL03-SC;UOP01-DEL03-SC
659394;05/02/2025;quarta-feira;09:00:00;MG;262;64,1;MANHUACU;Ausência de reação do condutor;Saída de leito carroçável;Com Vítimas Feridas;Pleno dia;Decrescente;Céu Claro;Simples;Curva;Não;3;0;3;0;0;0;3;1;-20,29548779;-42,24392398;SPRF-MG;DEL06-MG;UOP03-DEL06-MG
659395;05/02/2025;quarta-feira;10:00:00;PB;104;139,5;QUEIMADAS;Acesso irregular;Colisão lateral sentido oposto;Com Vítimas Feridas;Pleno dia;Crescente;Chuva;Simples;Reta;Sim;2;0;0;1;0;1;1;2;-7,36948311;-35,89979635;SPRF-PB;DEL02-PB;UOP03-DEL02-PB
659396;05/02/2025;quarta-feira;09:30:00;MG;40;544;NOVA LIMA;Condutor deixou de manter distância do veículo da frente;Colisão lateral mesmo sentido;Com Vítimas Feridas;Pleno dia;Decrescente;Céu Claro;Dupla;Reta;Não;3;0;1;0;2;0;1;3;-19,99848032;-43,96256558;SPRF-MG;DEL01-MG;UOP02-DEL01-MG
659397;05/02/2025;quarta-feira;10:40:00;BA;116;19;VITORIA DA CONQUISTA;Acessar a via sem observar a presença dos outros veículos;Colisão transversal;Com Vítimas Feridas;Pleno dia;Decrescente;Céu Claro;Simples;Reta;Sim;5;0;4;0;1;0;4;2;-14,892976;-40,82004;SPRF-BA;DEL08-BA;UOP01-DEL08-BA
659398;05/02/2025;quarta-feira;10:15:00;BA;407;223;CAPIM GROSSO;Acostamento em desnível;Capotamento;Com Vítimas Feridas;Pleno dia;Decrescente;Nublado;Simples;Reta;Não;4;0;2;0;2;0;2;1;-11,29671301;-40,02009905;SPRF-BA;DEL04-BA;UOP02-DEL04-BA
659400;05/02/2025;quarta-feira;10:35:00;AL;101;143,9;SAO MIGUEL DOS CAMPOS;Pista Escorregadia;Colisão com objeto;Sem Vítimas;Pleno dia;Crescente;Chuva;Dupla;"Reta;Aclive";Não;1;0;0;0;1;0;0;1;-9,81757382;-36,1216713;SPRF-AL;DEL02-AL;UOP01-DEL02-AL
659401;05/02/2025;quarta-feira;10:15:00;PA;230;118,9;MARABA;Ausência de reação do condutor;Colisão transversal;Com Vítimas Fatais;Pleno dia;Crescente;Sol;Simples;"Interseção de Vias;Declive";Sim;2;1;0;0;1;0;0;2;-5,350112;-49,103391;SPRF-PA;DEL03-PA;UOP01-DEL03-PA
659402;28/01/2025;terça-feira;09:15:00;RJ;493;23,3;MAGE;Transitar na contramão;Colisão frontal;Com Vítimas Feridas;Pleno dia;Crescente;Nublado;Simples;Reta;Não;3;0;0;1;2;0;1;2;-22,65705297;-43,061742;SPRF-RJ;DEL04-RJ;UOP02-DEL04-RJ
659403;05/02/2025;quarta-feira;09:00:00;RS;285;568,4;SAO LUIZ GONZAGA;Acessar a via sem observar a presença dos outros veículos;Colisão transversal;Com Vítimas Feridas;Pleno dia;Crescente;Sol;Simples;Rotatória;Não;2;0;1;0;1;0;1;2;-28,41767354;-54,96356964;SPRF-RS;DEL12-RS;UOP01-DEL12-RS
659405;05/02/2025;quarta-feira;11:25:00;PE;104;47,8;CARUARU;Acumulo de água sobre o pavimento;Capotamento;Com Vítimas Feridas;Pleno dia;Crescente;Chuva;Dupla;Reta;Não;2;0;1;0;0;1;1;2;-8,1354;-35,9906;SPRF-PE;DEL02-PE;UOP01-DEL02-PE
659406;05/02/2025;quarta-feira;08:01:00;MS;262;326;CAMPO GRANDE;Ausência de reação do condutor;Colisão traseira;Com Vítimas Feridas;Pleno dia;Crescente;Nublado;Dupla;Reta;Sim;2;0;1;0;1;0;1;2;-20,4672474;-54,54058957;SPRF-MS;DEL01-MS;UOP01-DEL01-MS