id;data_inversa;dia_semana;horario;uf;br;km;municipio;causa_acidente;tipo_acidente;classificacao_acidente;fase_dia;sentido_via;condicao_metereologica;tipo_pista;tracado_via;uso_solo;pessoas;mortos;feridos_leves;feridos_graves;ilesos;ignorados;feridos;veiculos;latitude;longitude;regional;delegacia;uop
659407;05/02/2025;quarta-feira;08:40:00;AL;101;53;FLEXEIRAS;Chuva;Saída de leito carroçável;Com Vítimas Feridas;Pleno dia;Crescente;Chuva;Dupla;Curva;Não;4;0;4;0;0;0;4;1;-9,24853718;-35,76615286;SPRF-AL;DEL01-AL;UOP02-DEL01-AL
659408;05/02/2025;quarta-feira;11:30:00;GO;60;10,2;SANTO ANTONIO DO DESCOBERTO;Ausência de reação do condutor;Saída de leito carroçável;Com Vítimas Feridas;Pleno dia;Crescente;Céu Claro;Dupla;Reta;Não;1;0;1;0;0;0;1;1;-16,116892;-48,318712;SPRF-DF;DEL03-DF;UOP01-DEL03-DF
659411;05/02/2025;quarta-feira;12:00:00;PB;101;123;PEDRAS DE FOGO;Reação tardia ou ineficiente do condutor;Saída de leito carroçável;Com Vítimas Feridas;Pleno dia;Crescente;Chuva;Dupla;"Curva;Declive";Não;2;0;1;1;0;0;2;1;-7,45909075;-34,98049935;SPRF-PB;DEL01-PB;UOP01-DEL01-PB
659414;05/02/2025;quarta-feira;11:46:00;MS;163;550,1;BANDEIRANTES;Ausência de reação do condutor;Saída de leito carroçável;Com Vítimas Feridas;Pleno dia;Crescente;Céu Claro;Simples;Reta;Não;2;0;1;1;0;0;2;1;-19,906046;-54,372375;SPRF-MS;DEL01-MS;UOP02-DEL01-MS
659415;05/02/2025;quarta-feira;12:20:00;RS;448;22;PORTO ALEGRE;Condutor deixou de manter distância do veículo da frente;Colisão traseira;Com Vítimas Feridas;Pleno dia;Crescente;Céu Claro;Dupla;"Viaduto;Curva;Declive";Sim;2;0;0;1;1;0;1;2;-29,972212;-51,199139;SPRF-RS;DEL01-RS;UOP01-DEL01-RS
659416;05/02/2025;quarta-feira;12:50:00;RS;290;41;SANTO ANTONIO DA PATRULHA;Ausência de reação do condutor;Saída de leito carroçável;Com Vítimas Feridas;Pleno dia;Decrescente;Céu Claro;Dupla;Reta;Não;1;0;1;0;0;0;1;1;-29,887197;-50,668839;SPRF-RS;DEL03-RS;UOP01-DEL03-RS
659419;05/02/2025;quarta-feira;11:40:00;MG;267;24;ARGIRITA;Demais falhas mecânicas ou elétricas;Incêndio;Sem Vítimas;Pleno dia;Crescente;Céu Claro;Simples;"Aclive;Reta";Não;1;0;0;0;1;0;0;1;-21,6071359;-42,80271614;SPRF-MG;DEL07-MG;UOP01-DEL07-MG
659425;05/02/2025;quarta-feira;13:40:00;PR;277;576,9;CASCAVEL;Demais falhas mecânicas ou elétricas;Tombamento;Com Vítimas Feridas;Pleno dia;Decrescente;Sol;Dupla;Reta;Não;2;0;2;0;0;0;2;1;-24,98692731;-53,33030208;SPRF-PR;DEL04-PR;UOP01-DEL04-PR
659426;05/02/2025;quarta-feira;13:40:00;RS;116;246;SAO LEOPOLDO;Condutor deixou de manter distância do veículo da frente;Colisão traseira;Com Vítimas Feridas;Pleno dia;Crescente;Sol;Dupla;"Reta;Interseção de Vias;Viaduto";Não;2;0;1;0;1;0;1;2;-29,758751;-51,15186806;SPRF-RS;DEL01-RS;UOP02-DEL01-RS
659427;05/02/2025;quarta-feira;13:45:00;SP;153;61,7;SAO JOSE DO RIO PRETO;Condutor deixou de manter distância do veículo da frente;Colisão lateral mesmo sentido;Com Vítimas Feridas;Pleno dia;Crescente;Céu Claro;Dupla;Reta;Não;3;0;1;0;0;2;1;3;-20,80502876;-49,35574909;SPRF-SP;DEL09-SP;UOP01-DEL09-SP
659429;05/02/2025;quarta-feira;13:45:00;SP;116;227;GUARULHOS;Entrada inopinada do pedestre;Atropelamento de Pedestre;Com Vítimas Feridas;Pleno dia;Crescente;Nublado;Múltipla;Reta;Sim;2;0;1;0;1;0;1;2;-23,49659264;-46,55648754;SPRF-SP;DEL01-SP;UOP01-DEL01-SP
659430;05/02/2025;quarta-feira;13:50:00;SC;101;199;BIGUACU;Reação tardia ou ineficiente do condutor;Colisão traseira;Com Vítimas Feridas;Pleno dia;Decrescente;Céu Claro;Múltipla;Reta;Sim;2;0;0;1;1;0;1;2;-27,53413705;-48,63003205;SPRF-SC;DEL01-SC;UOP01-DEL01-SC
659431;05/02/2025;quarta-feira;14:00:00;ES;101;64,8;SAO MATEUS;Condutor deixou de manter distância do veículo da frente;Colisão traseira;Com Vítimas Feridas;Pleno dia;Crescente;Céu Claro;Simples;Reta;Não;2;0;1;0;1;0;1;2;-18,70428583;-39,87065983;SPRF-ES;DEL04-ES;UOP02-DEL04-ES
659433;05/02/2025;quarta-feira;13:25:00;MG;50;0,7;ARAGUARI;Transitar no Acostamento;Colisão traseira;Com Vítimas Feridas;Pleno dia;Crescente;Nublado;Dupla;"Reta;Declive";Não;1;0;0;1;0;0;1;1;-18,4301077;-48,06381226;SPRF-MG;DEL15-MG;UOP02-DEL15-MG
659435;05/02/2025;quarta-feira;13:10:00;PR;163;350;GUAIRA;Demais falhas mecânicas ou elétricas;Colisão com objeto;Sem Vítimas;Pleno dia;Crescente;Céu Claro;Simples;Reta;Não;2;0;0;0;0;2;0;2;-24,07405146;-54,24533844;SPRF-PR;DEL06-PR;UOP01-DEL06-PR
659436;05/02/2025;quarta-feira;14:10:00;RN;101;108;PARNAMIRIM;Demais falhas na via;Queda de ocupante de veículo;Com Vítimas Feridas;Pleno dia;Decrescente;Garoa/Chuvisco;Dupla;Reta;Não;2;0;1;0;1;0;1;1;-5,92825102;-35,26465683;SPRF-RN;DEL01-RN;UOP01-DEL01-RN
659437;05/02/2025;quarta-feira;12:45:00;PR;376;407;TIBAGI;Velocidade Incompatível;Colisão com objeto;Com Vítimas Feridas;Pleno dia;Crescente;Chuva;Dupla;"Aclive;Curva";Não;1;0;1;0;0;0;1;1;-24,59934;-50,667844;SPRF-PR;DEL03-PR;UOP02-DEL03-PR
659438;05/02/2025;quarta-feira;14:10:00;CE;222;3,9;FORTALEZA;Manobra de mudança de faixa;Colisão lateral mesmo sentido;Com Vítimas Feridas;Pleno dia;Decrescente;Céu Claro;Dupla;Reta;Sim;2;0;1;0;1;0;1;2;-3,7403769;-38,59569202;SPRF-CE;DEL01-CE;UOP01-DEL01-CE
659440;05/02/2025;quarta-feira;13:40:00;MG;262;49;MANHUACU;Conversão proibida;Colisão transversal;Com Vítimas Feridas;Pleno dia;Decrescente;Céu Claro;Simples;Curva;Não;2;0;1;0;0;1;1;2;-20,24782001;-42,12958192;SPRF-MG;DEL06-MG;UOP03-DEL06-MG
659441;05/02/2025;quarta-feira;12:15:00;MG;40;617,3;CONGONHAS;Pista esburacada;Tombamento;Com Vítimas Feridas;Pleno dia;Crescente;Sol;Simples;Reta;Não;1;0;0;1;0;0;1;1;-20,561668;-43,812364;SPRF-MG;DEL05-MG;UOP02-DEL05-MG
659442;05/02/2025;quarta-feira;12:50:00;BA;330;792,3;JEQUIE;Reação tardia ou ineficiente do condutor;Colisão transversal;Com Vítimas Feridas;Pleno dia;Crescente;Céu Claro;Simples;Reta;Não;3;0;3;0;0;0;3;2;-13,9122441;-40,01406707;SPRF-BA;DEL03-BA;UOP01-DEL03-BA
659443;05/02/2025;quarta-feira;12:05:00;SC;163;106;SAO JOSE DO CEDRO;Ausência de reação do condutor;Colisão traseira;Com Vítimas Feridas;Pleno dia;Crescente;Céu Claro;Dupla;"Reta;Aclive";Sim;2;0;1;0;1;0;1;2;-26,43752707;-53,51693708;SPRF-SC;DEL07-SC;UOP03-DEL07-SC
659445;05/02/2025;quarta-feira;13:40:00;PB;101;99,9;CONDE;Chuva;Saída de leito carroçável;Com Vítimas Feridas;Pleno dia;Decrescente;Chuva;Dupla;"Retorno Regulamentado;Curva;Interseção de Vias";Não;1;0;1;0;0;0;1;1;-7,26235092;-34,93618011;SPRF-PB;DEL01-PB;UOP01-DEL01-PB
659446;05/02/2025;quarta-feira;12:00:00;MG;262;56,6;MATIPO;Acesso irregular;Colisão transversal;Com Vítimas Feridas;Pleno dia;Crescente;Céu Claro;Simples;Curva;Sim;3;0;2;0;1;0;2;2;-20,26638115;-42,18214384;SPRF-MG;DEL06-MG;UOP03-DEL06-MG
659448;05/02/2025;quarta-feira;15:00:00;SC;282;522,7;XAXIM;Reação tardia ou ineficiente do condutor;Saída de leito carroçável;Com Vítimas Feridas;Pleno dia;Decrescente;Céu Claro;Simples;"Interseção de Vias;Rotatória";Sim;1;0;1;0;0;0;1;1;-26,963129;-52,548851;SPRF-SC;DEL07-SC;UOP01-DEL07-SC
659450;05/02/2025;quarta-feira;15:30:00;RJ;101;72;CAMPOS DOS GOYTACAZES;Acessar a via sem observar a presença dos outros veículos;Atropelamento de Pedestre;Com Vítimas Feridas;Pleno dia;Crescente;Céu Claro;Simples;Reta;Não;2;0;2;0;0;0;2;2;-21,79172802;-41,38837798;SPRF-RJ;DEL08-RJ;UOP02-DEL08-RJ
659457;05/02/2025;quarta-feira;16:15:00;RS;158;322,6;SANTA MARIA;Desrespeitar a preferência no cruzamento;Colisão traseira;Com Vítimas Feridas;Pleno dia;Decrescente;Céu Claro;Dupla;"Em Obras;Interseção de Vias;Rotatória";Sim;2;0;1;0;1;0;1;2;-29,69569528;-53,77553344;SPRF-RS;DEL09-RS;UOP01-DEL09-RS
659459;05/02/2025;quarta-feira;16:00:00;RS;290;86;PORTO ALEGRE;Condutor deixou de manter distância do veículo da frente;Colisão traseira;Com Vítimas Feridas;Pleno dia;Crescente;Céu Claro;Múltipla;Reta;Sim;2;0;1;0;1;0;1;2;-29,968412;-51,117138;SPRF-RS;DEL01-RS;UOP01-DEL01-RS
659460;05/02/2025;quarta-feira;13:30:00;MT;163;734;SORRISO;Acessar a via sem observar a presença dos outros veículos;Colisão transversal;Com Vítimas Feridas;Pleno dia;Decrescente;Céu Claro;Simples;Reta;Não;9;0;4;5;0;0;9;2;-12,69024867;-55,80350876;SPRF-MT;DEL06-MT;UOP01-DEL06-MT
659464;05/02/2025;quarta-feira;17:00:00;CE;116;1;FORTALEZA;Condutor deixou de manter distância do veículo da frente;Colisão traseira;Com Vítimas Feridas;Pleno dia;Crescente;Céu Claro;Múltipla;Reta;Sim;3;0;2;0;1;0;2;2;-3,76318799;-38,51873159;SPRF-CE;DEL01-CE;UOP02-DEL01-CE
659466;05/02/2025;quarta-feira;17:00:00;PR;163;34;SANTO ANTONIO DO SUDOESTE;Desrespeitar a preferência no cruzamento;Colisão transversal;Com Vítimas Feridas;Pleno dia;Decrescente;Céu Claro;Simples;"Interseção de Vias;Reta";Sim;2;0;0;1;1;0;1;2;-26,11304807;-53,69821507;SPRF-PR;DEL02-PR;UOP02-DEL02-PR
659470;05/02/2025;quarta-feira;17:50:00;SC;101;355,5;SANGAO;Demais falhas mecânicas ou elétricas;Saída de leito carroçável;Com Vítimas Feridas;Pleno dia;Crescente;Céu Claro;Dupla;"Aclive;Reta";Não;1;0;1;0;0;0;1;1;-28,62380715;-49,07828489;SPRF-SC;DEL02-SC;UOP01-DEL02-SC
659471;05/02/2025;quarta-feira;18:00:00;RS;116;529;CAPAO DO LEAO;Acessar a via sem observar a presença dos outros veículos;Colisão transversal;Com Vítimas Feridas;Anoitecer;Crescente;Céu Claro;Dupla;Reta;Sim;2;0;1;0;1;0;1;2;-31,75446042;-52,42803583;SPRF-RS;DEL07-RS;UOP01-DEL07-RS
659472;05/02/2025;quarta-feira;17:30:00;SP;116;120,2;CACAPAVA;Condutor deixou de manter distância do veículo da frente;Engavetamento;Com Vítimas Feridas;Pleno dia;Decrescente;Céu Claro;Dupla;Reta;Não;4;0;1;0;2;1;1;3;-23,0715638;-45,64459209;SPRF-SP;DEL02-SP;UOP02-DEL02-SP
659473;05/02/2025;quarta-feira;16:10:00;PE;104;64;CARUARU;Manobra de mudança de faixa;Colisão lateral mesmo sentido;Com Vítimas Feridas;Pleno dia;Decrescente;Céu Claro;Dupla;Reta;Não;2;0;1;0;0;1;1;2;-8,2783;-35,9815;SPRF-PE;DEL02-PE;UOP01-DEL02-PE
659474;05/02/2025;quarta-feira;17:30:00;PR;277;433,9;VIRMOND;Velocidade Incompatível;Capotamento;Com Vítimas Feridas;Pleno dia;Crescente;Chuva;Simples;Curva;Não;3;0;2;0;1;0;2;1;-25,3784;-52,202767;SPRF-PR;DEL04-PR;UOP02-DEL04-PR
659477;05/02/2025;quarta-feira;18:45:00;ES;101;64,2;SAO MATEUS;Avarias e/ou desgaste excessivo no pneu;Queda de ocupante de veículo;Com Vítimas Feridas;Plena Noite;Decrescente;Céu Claro;Simples;Reta;Não;2;0;2;0;0;0;2;1;-18,70428583;-39,87065983;SPRF-ES;DEL04-ES;UOP02-DEL04-ES
659478;05/02/2025;quarta-feira;18:50:00;RJ;101;472,8;ANGRA DOS REIS;Condutor deixou de manter distância do veículo da frente;Colisão traseira;Com Vítimas Feridas;Anoitecer;Crescente;Céu Claro;Simples;Reta;Não;2;0;1;0;0;1;1;2;-22,98960623;-44,24168693;SPRF-RJ;DEL03-RJ;UOP03-DEL03-RJ
659479;05/02/2025;quarta-feira;17:40:00;MG;381;498,5;BETIM;Trafegar com motocicleta (ou similar) entre as faixas;Colisão lateral mesmo sentido;Com Vítimas Feridas;Anoitecer;Crescente;Céu Claro;Dupla;Reta;Não;2;0;1;0;1;0;1;2;-20,01172662;-44,21976041;SPRF-MG;DEL01-MG;UOP03-DEL01-MG
659481;05/02/2025;quarta-feira;18:30:00;RS;116;264;CANOAS;Acessar a via sem observar a presença dos outros veículos;Colisão lateral mesmo sentido;Com Vítimas Feridas;Anoitecer;Decrescente;Céu Claro;Dupla;Reta;Sim;3;0;2;0;1;0;2;2;-29,914435;-51,17754495;SPRF-RS;DEL01-RS;UOP01-DEL01-RS
659483;05/02/2025;quarta-feira;17:45:00;SC;280;14,9;SAO FRANCISCO DO SUL;Manobra de mudança de faixa;Colisão frontal;Com Vítimas Feridas;Pleno dia;Decrescente;Nublado;Simples;Reta;Não;3;0;3;0;0;0;3;2;-26,3301861;-48,65148076;SPRF-SC;DEL03-SC;UOP03-DEL03-SC
659484;05/02/2025;quarta-feira;18:50:00;SP;116;88;PINDAMONHANGABA;Demais falhas mecânicas ou elétricas;Incêndio;Sem Vítimas;Plena Noite;Decrescente;Nublado;Dupla;Reta;Sim;1;0;0;0;1;0;0;1;-22,93500994;-45,37019403;SPRF-SP;DEL08-SP;UOP01-DEL08-SP
659485;05/02/2025;quarta-feira;20:00:00;PR;116;120;CURITIBA;Reação tardia ou ineficiente do condutor;Colisão traseira;Com Vítimas Feridas;Plena Noite;Crescente;Chuva;Dupla;"Reta;Aclive";Sim;2;0;1;0;1;0;1;2;-25,55122256;-49,30503748;SPRF-PR;DEL01-PR;UOP03-DEL01-PR
659487;05/02/2025;quarta-feira;19:30:00;SP;116;280;EMBU DAS ARTES;Ausência de reação do condutor;Colisão traseira;Com Vítimas Feridas;Anoitecer;Crescente;Garoa/Chuvisco;Dupla;Reta;Sim;3;0;1;0;2;0;1;3;-23,66996108;-46,85590758;SPRF-SP;DEL04-SP;UOP01-DEL04-SP
659488;05/02/2025;quarta-feira;20:00:00;RS;472;607;URUGUAIANA;Demais falhas na via;Saída de leito carroçável;Com Vítimas Feridas;Plena Noite;Crescente;Céu Claro;Simples;Reta;Não;2;0;0;2;0;0;2;1;-29,94101294;-57,17650007;SPRF-RS;DEL13-RS;UOP01-DEL13-RS
659492;05/02/2025;quarta-feira;19:00:00;MG;50;3,5;UBERLANDIA;Animais na Pista;Atropelamento de Animal;Com Vítimas Fatais;Plena Noite;Decrescente;Céu Claro;Dupla;Declive;Não;1;1;0;0;0;0;0;1;-18,85374178;-48,24049473;SPRF-MG;DEL15-MG;UOP01-DEL15-MG
659493;05/02/2025;quarta-feira;14:00:00;MG;153;173;COMENDADOR GOMES;Chuva;Saída de leito carroçável;Com Vítimas Feridas;Pleno dia;Crescente;Chuva;Simples;Reta;Não;2;0;0;1;1;0;1;1;-19,737109;-48,971989;SPRF-MG;DEL13-MG;UOP02-DEL13-MG
659494;05/02/2025;quarta-feira;20:18:00;MG;381;482,5;BETIM;Acessar a via sem observar a presença dos outros veículos;Atropelamento de Pedestre;Com Vítimas Feridas;Plena Noite;Crescente;Céu Claro;Dupla;Reta;Sim;2;0;0;1;1;0;1;2;-19,955532;-44,097209;SPRF-MG;DEL01-MG;UOP03-DEL01-MG
659495;05/02/2025;quarta-feira;18:45:00;PA;230;3;ALTAMIRA;Acessar a via sem observar a presença dos outros veículos;Colisão transversal;Com Vítimas Feridas;Anoitecer;Decrescente;Chuva;Simples;Reta;Sim;3;0;1;2;0;0;3;2;-3,18418905;-52,19202304;SPRF-PA;DEL03-PA;UOP01-DEL03-PA
659496;05/02/2025;quarta-feira;19:27:00;MS;262;370,2;TERENOS;Pedestre andava na pista;Atropelamento de Pedestre;Com Vítimas Fatais;Plena Noite;Decrescente;Céu Claro;Simples;Reta;Não;3;1;0;0;1;1;0;2;-20,48258;-54,781183;SPRF-MS;DEL01-MS;UOP03-DEL01-MS
659497;05/02/2025;quarta-feira;19:00:00;MG;365;26,2;MONTES CLAROS;Demais falhas mecânicas ou elétricas;Incêndio;Sem Vítimas;Plena Noite;Crescente;Céu Claro;Simples;Reta;Não;1;0;0;0;1;0;0;1;-16,85144573;-44,06967486;SPRF-MG;DEL12-MG;UOP01-DEL12-MG
659498;05/02/2025;quarta-feira;20:50:00;RS;101;5;TORRES;Manobra de mudança de faixa;Colisão lateral mesmo sentido;Com Vítimas Feridas;Plena Noite;Decrescente;Céu Claro;Dupla;Reta;Sim;2;0;1;0;1;0;1;2;-29,34105776;-49,78584432;SPRF-RS;DEL03-RS;UOP02-DEL03-RS
659499;05/02/2025;quarta-feira;17:50:00;BA;324;411;NOVA FATIMA;Avarias e/ou desgaste excessivo no pneu;Capotamento;Com Vítimas Feridas;Pleno dia;Decrescente;Céu Claro;Simples;Reta;Não;2;0;2;0;0;0;2;1;-11,64981516;-39,58499016;SPRF-BA;DEL04-BA;UOP02-DEL04-BA
659500;05/02/2025;quarta-feira;18:00:00;PR;153;88,2;CONSELHEIRO MAIRINCK;Reação tardia ou ineficiente do condutor;Queda de ocupante de veículo;Com Vítimas Feridas;Plena Noite;Decrescente;Céu Claro;Simples;Reta;Não;1;0;0;1;0;0;1;1;-23,67245519;-50,16169279;SPRF-PR;DEL07-PR;UOP04-DEL07-PR
659501;05/02/2025;quarta-feira;19:10:00;SC;282;446;PONTE SERRADA;Ingestão de álcool pelo condutor;Colisão frontal;Com Vítimas Feridas;Anoitecer;Crescente;Nublado;Dupla;"Curva;Declive";Não;6;0;2;0;4;0;2;2;-26,910217;-51,914951;SPRF-SC;DEL07-SC;UOP04-DEL07-SC
659502;05/02/2025;quarta-feira;17:10:00;PB;230;257,1;TENORIO;Demais falhas mecânicas ou elétricas;Saída de leito carroçável;Sem Vítimas;Pleno dia;Crescente;Chuva;Simples;Curva;Não;1;0;0;0;1;0;0;1;-7,0114;-36,6808;SPRF-PB;DEL03-PB;UOP01-DEL03-PB
659504;05/02/2025;quarta-feira;22:10:00;SC;470;59;BLUMENAU;Acesso irregular;Colisão com objeto;Com Vítimas Feridas;Plena Noite;Decrescente;Garoa/Chuvisco;Dupla;"Em Obras;Reta";Não;1;0;1;0;0;0;1;1;-26,882812;-49,1548;SPRF-SC;DEL04-SC;UOP01-DEL04-SC
659505;05/02/2025;quarta-feira;20:40:00;AC;364;124;RIO BRANCO;Transitar no Acostamento;Colisão lateral mesmo sentido;Com Vítimas Feridas;Plena Noite;Crescente;Céu Claro;Dupla;Reta;Não;3;0;1;1;1;0;2;2;-10,01152469;-67,79140099;SPRF-AC;DEL01-AC;UOP01-DEL01-AC
659507;05/02/2025;quarta-feira;20:00:00;RJ;101;400;ITAGUAI;Transitar no Acostamento;Atropelamento de Pedestre;Com Vítimas Feridas;Plena Noite;Decrescente;Céu Claro;Múltipla;Reta;Sim;2;0;0;2;0;0;2;2;-22,8483707;-43,76952338;SPRF-RJ;DEL03-RJ;UOP01-DEL03-RJ
659509;05/02/2025;quarta-feira;23:00:00;RS;153;2,1;CACHOEIRA DO SUL;Acessar a via sem observar a presença dos outros veículos;Atropelamento de Pedestre;Com Vítimas Feridas;Plena Noite;Crescente;Céu Claro;Simples;Reta;Não;2;0;1;1;0;0;2;2;-30,03964;-52,894356;SPRF-RS;DEL02-RS;UOP03-DEL02-RS
659511;05/02/2025;quarta-feira;23:00:00;PA;155;340;MARABA;Transitar na contramão;Colisão frontal;Com Vítimas Feridas;Plena Noite;Decrescente;Chuva;Simples;Reta;Não;4;0;0;2;0;2;2;3;-5,396032;-49,077478;SPRF-PA;DEL03-PA;UOP01-DEL03-PA
659513;06/02/2025;quinta-feira;00:30:00;PR;469;20;FOZ DO IGUACU;Demais falhas mecânicas ou elétricas;Incêndio;Sem Vítimas;Plena Noite;Decrescente;Nublado;Simples;"Em Obras;Reta;Aclive";Sim;1;0;0;0;0;1;0;1;-25,6062;-54,4945;SPRF-PR;DEL05-PR;UOP04-DEL05-PR
659514;06/02/2025;quinta-feira;01:00:00;TO;153;714;CARIRI DO TOCANTINS;Ingestão de álcool pelo condutor;Queda de ocupante de veículo;Sem Vítimas;Plena Noite;Decrescente;Céu Claro;Simples;Reta;Não;1;0;0;0;1;0;0;1;-12,075405;-49,20445399;SPRF-TO;DEL01-TO;UOP02-DEL01-TO
659519;06/02/2025;quinta-feira;04:00:00;PR;376;605;CURITIBA;Pedestre cruzava a pista fora da faixa;Atropelamento de Pedestre;Com Vítimas Feridas;Plena Noite;Decrescente;Nublado;Dupla;Reta;Não;2;0;1;0;1;0;1;2;-25,55177228;-49,27905516;SPRF-PR;DEL01-PR;UOP06-DEL01-PR
659520;06/02/2025;quinta-feira;04:00:00;SC;101;249;PAULO LOPES;Ausência de reação do condutor;Queda de ocupante de veículo;Com Vítimas Feridas;Plena Noite;Crescente;Céu Claro;Dupla;Reta;Não;1;0;1;0;0;0;1;1;-27,93414102;-48,66237393;SPRF-SC;DEL02-SC;UOP03-DEL02-SC
659521;05/02/2025;quarta-feira;16:15:00;SC;101;282,6;IMBITUBA;Avarias e/ou desgaste excessivo no pneu;Queda de ocupante de veículo;Com Vítimas Feridas;Pleno dia;Crescente;Céu Claro;Dupla;Reta;Sim;1;0;1;0;0;0;1;1;-28,19626005;-48,69739859;SPRF-SC;DEL02-SC;UOP03-DEL02-SC
659526;06/02/2025;quinta-feira;06:40:00;MG;153;2;ARAPORA;Velocidade Incompatível;Colisão com objeto;Com Vítimas Feridas;Amanhecer;Crescente;Céu Claro;Dupla;Reta;Sim;4;0;0;2;2;0;2;1;-18,4343521;-49,19082831;SPRF-MG;DEL15-MG;UOP03-DEL15-MG
659529;06/02/2025;quinta-feira;06:50:00;RS;116;247,1;SAO LEOPOLDO;Condutor deixou de manter distância do veículo da frente;Colisão traseira;Sem Vítimas;Pleno dia;Crescente;Garoa/Chuvisco;Dupla;Reta;Não;7;0;0;0;7;0;0;3;-29,76733091;-51,1535296;SPRF-RS;DEL01-RS;UOP02-DEL01-RS
659531;06/02/2025;quinta-feira;06:50:00;SP;153;73,7;BADY BASSITT;Condutor deixou de manter distância do veículo da frente;Colisão traseira;Com Vítimas Feridas;Pleno dia;Decrescente;Céu Claro;Dupla;"Reta;Aclive";Sim;2;0;1;0;1;0;1;2;-20,882776;-49,424718;SPRF-SP;DEL09-SP;UOP01-DEL09-SP
659532;06/02/2025;quinta-feira;06:40:00;RJ;101;533;PARATY;Acessar a via sem observar a presença dos outros veículos;Colisão lateral mesmo sentido;Com Vítimas Feridas;Pleno dia;Decrescente;Céu Claro;Simples;Reta;Sim;2;0;1;0;1;0;1;2;-23,02405776;-44,53703641;SPRF-RJ;DEL03-RJ;UOP03-DEL03-RJ
659533;06/02/2025;quinta-feira;06:30:00;MG;381;877,6;ESTIVA;Velocidade Incompatível;Colisão com objeto;Sem Vítimas;Pleno dia;Crescente;Chuva;Dupla;Reta;Não;1;0;0;0;1;0;0;1;-22,44008829;-45,98576974;SPRF-MG;DEL16-MG;UOP01-DEL16-MG
659534;06/02/2025;quinta-feira;05:40:00;MG;381;604,5;OLIVEIRA;Reação tardia ou ineficiente do condutor;Colisão com objeto;Com Vítimas Feridas;Pleno dia;Crescente;Céu Claro;Dupla;Reta;Não;3;0;1;0;2;0;1;1;-20,65861706;-44,73695366;SPRF-MG;DEL04-MG;UOP01-DEL04-MG
659535;06/02/2025;quinta-feira;07:10:00;SC;470;60,3;BLUMENAU;Acessar a via sem observar a presença dos outros veículos;Colisão transversal;Com Vítimas Feridas;Pleno dia;Decrescente;Garoa/Chuvisco;Simples;Retorno Regulamentado;Não;2;0;1;0;1;0;1;2;-26,88138;-49,164543;SPRF-SC;DEL04-SC;UOP01-DEL04-SC
659536;05/02/2025;quarta-feira;17:00:00;SC;280;128;RIO NEGRINHO;Transitar na contramão;Colisão transversal;Com Vítimas Feridas;Pleno dia;Decrescente;Chuva;Simples;Reta;Sim;2;0;1;0;1;0;1;2;-26,24317941;-49,51320018;SPRF-SC;DEL06-SC;UOP03-DEL06-SC
659537;05/02/2025;quarta-feira;11:00:00;MG;365;480;PATROCINIO;Demais falhas mecânicas ou elétricas;Incêndio;Sem Vítimas;Pleno dia;Crescente;Céu Claro;Simples;Reta;Não;1;0;0;0;1;0;0;1;-18,8914384;-47,0845871;SPRF-MG;DEL10-MG;UOP01-DEL10-MG
659541;06/02/2025;quinta-feira;07:40:00;PE;101;80;JABOATAO DOS GUARARAPES;Ultrapassagem Indevida;Colisão lateral mesmo sentido;Com Vítimas Feridas;Pleno dia;Decrescente;Céu Claro;Dupla;Reta;Sim;2;0;2;0;0;0;2;2;-8,15112589;-34,9428866;SPRF-PE;DEL01-PE;UOP01-DEL01-PE
659542;06/02/2025;quinta-feira;07:30:00;PR;376;180,6;MARINGA;Pedestre cruzava a pista fora da faixa;Atropelamento de Pedestre;Com Vítimas Feridas;Pleno dia;Crescente;Chuva;Simples;Reta;Não;2;0;1;0;1;0;1;2;-23,42725352;-51,89512271;SPRF-PR;DEL09-PR;UOP01-DEL09-PR
659544;06/02/2025;quinta-feira;06:50:00;RS;386;435,5;NOVA SANTA RITA;Avarias e/ou desgaste excessivo no pneu;Saída de leito carroçável;Com Vítimas Feridas;Pleno dia;Decrescente;Chuva;Simples;Reta;Sim;1;0;1;0;0;0;1;1;-29,846369;-51,275738;SPRF-RS;DEL04-RS;UOP02-DEL04-RS
659545;06/02/2025;quinta-feira;08:15:00;BA;324;622;SALVADOR;Ausência de reação do condutor;Colisão traseira;Com Vítimas Feridas;Pleno dia;Crescente;Nublado;Dupla;Reta;Não;2;0;1;0;0;1;1;2;-12,91888605;-38,46502095;SPRF-BA;DEL01-BA;UOP01-DEL01-BA
659547;06/02/2025;quinta-feira;08:42:00;RN;406;151,3;CEARA-MIRIM;Desrespeitar a preferência no cruzamento;Colisão transversal;Com Vítimas Feridas;Pleno dia;Decrescente;Céu Claro;Simples;Curva;Sim;2;0;1;0;1;0;1;2;-5,651553;-35,421148;SPRF-RN;DEL02-RN;UOP01-DEL02-RN
659548;06/02/2025;quinta-feira;08:30:00;RS;101;45,5;TERRA DE AREIA;Ausência de reação do condutor;Colisão com objeto;Com Vítimas Feridas;Pleno dia;Crescente;Céu Claro;Simples;Reta;Sim;2;0;1;0;1;0;1;2;-29,569855;-50,056385;SPRF-RS;DEL03-RS;UOP02-DEL03-RS
659550;06/02/2025;quinta-feira;07:50:00;SC;470;146;RIO DO SUL;Trafegar com motocicleta (ou similar) entre as faixas;Colisão lateral mesmo sentido;Com Vítimas Feridas;Pleno dia;Decrescente;Nublado;Simples;Reta;Não;2;0;1;0;0;1;1;2;-27,240673;-49,685822;SPRF-SC;DEL04-SC;UOP02-DEL04-SC