id;data_inversa;dia_semana;horario;uf;br;km;municipio;causa_acidente;tipo_acidente;classificacao_acidente;fase_dia;sentido_via;condicao_metereologica;tipo_pista;tracado_via;uso_solo;pessoas;mortos;feridos_leves;feridos_graves;ilesos;ignorados;feridos;veiculos;latitude;longitude;regional;delegacia;uop
659689;06/02/2025;quinta-feira;21:15:00;SP;116;213;GUARULHOS;Entrada inopinada do pedestre;Atropelamento de Pedestre;Com Vítimas Fatais;Plena Noite;Crescente;Nublado;Múltipla;"Aclive;Reta";Sim;4;1;0;0;3;0;0;2;-23,43971486;-46,43667806;SPRF-SP;DEL01-SP;UOP01-DEL01-SP
659690;06/02/2025;quinta-feira;00:30:00;SC;280;298;PORTO UNIAO;Ingestão de álcool pelo condutor;Saída de leito carroçável;Com Vítimas Feridas;Plena Noite;Crescente;Nublado;Simples;Reta;Não;2;0;1;0;1;0;1;1;-26,28153973;-51,00136008;SPRF-SC;DEL06-SC;UOP04-DEL06-SC
659691;06/02/2025;quinta-feira;20:45:00;RS;116;252;SAPUCAIA DO SUL;Ingestão de álcool pelo condutor;Colisão traseira;Com Vítimas Feridas;Plena Noite;Crescente;Céu Claro;Múltipla;Reta;Não;3;0;1;0;2;0;1;2;-29,80913395;-51,1675292;SPRF-RS;DEL01-RS;UOP02-DEL01-RS
659692;06/02/2025;quinta-feira;19:40:00;SC;101;87,5;BARRA VELHA;Pedestre cruzava a pista fora da faixa;Atropelamento de Pedestre;Com Vítimas Feridas;Plena Noite;Decrescente;Céu Claro;Dupla;"Reta;Aclive";Sim;2;0;0;1;1;0;1;2;-26,64157075;-48,69035482;SPRF-SC;DEL03-SC;UOP02-DEL03-SC
659694;06/02/2025;quinta-feira;21:00:00;SP;101;35,5;UBATUBA;Conversão proibida;Colisão transversal;Com Vítimas Feridas;Plena Noite;Decrescente;Céu Claro;Simples;Reta;Não;2;0;2;0;0;0;2;2;-23,39562327;-45,01485055;SPRF-SP;DEL06-SP;UOP01-DEL06-SP
659695;06/02/2025;quinta-feira;20:40:00;SC;163;72,6;SAO MIGUEL DO OESTE;Velocidade Incompatível;Saída de leito carroçável;Com Vítimas Feridas;Plena Noite;Crescente;Garoa/Chuvisco;Dupla;Reta;Sim;5;0;1;1;0;3;2;2;-26,71579042;-53,51612091;SPRF-SC;DEL07-SC;UOP03-DEL07-SC
659696;06/02/2025;quinta-feira;22:00:00;MG;116;279;TEOFILO OTONI;Ausência de reação do condutor;Tombamento;Com Vítimas Feridas;Plena Noite;Decrescente;Céu Claro;Simples;Reta;Sim;1;0;1;0;0;0;1;1;-17,87634412;-41,52080762;SPRF-MG;DEL11-MG;UOP01-DEL11-MG
659698;06/02/2025;quinta-feira;19:00:00;MT;163;691;LUCAS DO RIO VERDE;Reação tardia ou ineficiente do condutor;Queda de ocupante de veículo;Com Vítimas Feridas;Plena Noite;Decrescente;Céu Claro;Simples;Reta;Não;1;0;1;0;0;0;1;1;-13,05365;-55,911232;SPRF-MT;DEL06-MT;UOP01-DEL06-MT
659699;06/02/2025;quinta-feira;19:40:00;PE;104;114;PANELAS;Chuva;Colisão lateral mesmo sentido;Com Vítimas Feridas;Plena Noite;Crescente;Chuva;Simples;Reta;Não;2;0;0;1;0;1;1;2;-8,651909;-36,01405;SPRF-PE;DEL02-PE;NPF/DEL02-PE
659702;06/02/2025;quinta-feira;11:30:00;MT;364;1153;SAPEZAL;Ultrapassagem Indevida;Colisão frontal;Com Vítimas Fatais;Pleno dia;Decrescente;Chuva;Simples;"Ponte;Reta";Não;4;2;2;0;0;0;2;2;-13,54754294;-59,02650903;SPRF-MT;DEL04-MT;UOP02-DEL04-MT
659704;06/02/2025;quinta-feira;18:30:00;RJ;101;497;ANGRA DOS REIS;Ausência de reação do condutor;Colisão lateral mesmo sentido;Com Vítimas Feridas;Plena Noite;Crescente;Céu Claro;Simples;Reta;Sim;2;0;1;0;1;0;1;2;-22,91687742;-44,32911645;SPRF-RJ;DEL03-RJ;UOP03-DEL03-RJ
659705;06/02/2025;quinta-feira;17:37:00;AC;364;123;RIO BRANCO;Reação tardia ou ineficiente do condutor;Colisão traseira;Com Vítimas Feridas;Anoitecer;Decrescente;Céu Claro;Dupla;Reta;Não;2;0;2;0;0;0;2;2;-10,0117071;-67,782373;SPRF-AC;DEL01-AC;UOP01-DEL01-AC
659706;06/02/2025;quinta-feira;20:30:00;MT;364;494;JANGADA;Acessar a via sem observar a presença dos outros veículos;Colisão transversal;Com Vítimas Feridas;Plena Noite;Decrescente;Céu Claro;Simples;Reta;Não;2;0;1;0;1;0;1;2;-15,29227197;-56,43455719;SPRF-MT;DEL01-MT;UOP01-DEL01-MT
659707;06/02/2025;quinta-feira;22:40:00;PR;369;143,4;LONDRINA;Ingestão de álcool pelo condutor;Colisão traseira;Com Vítimas Feridas;Plena Noite;Decrescente;Nublado;Dupla;"Aclive;Reta";Sim;3;0;2;1;0;0;3;2;-23,29297;-51,097351;SPRF-PR;DEL07-PR;UOP01-DEL07-PR
659708;06/02/2025;quinta-feira;11:40:00;SC;101;339,2;TUBARAO;Desrespeitar a preferência no cruzamento;Colisão transversal;Com Vítimas Feridas;Pleno dia;Crescente;Céu Claro;Dupla;"Interseção de Vias;Viaduto";Sim;3;0;2;0;1;0;2;2;-28,5069828;-49,04996932;SPRF-SC;DEL02-SC;UOP01-DEL02-SC
659709;06/02/2025;quinta-feira;20:50:00;MT;364;205;RONDONOPOLIS;Acessar a via sem observar a presença dos outros veículos;Colisão lateral mesmo sentido;Com Vítimas Feridas;Plena Noite;Decrescente;Céu Claro;Dupla;"Declive;Reta;Retorno Regulamentado";Sim;3;0;1;0;2;0;1;2;-16,457313;-54,661958;SPRF-MT;DEL02-MT;UOP01-DEL02-MT
659710;06/02/2025;quinta-feira;22:40:00;PI;343;336;TERESINA;Chuva;Saída de leito carroçável;Com Vítimas Feridas;Plena Noite;Decrescente;Chuva;Dupla;Curva;Não;5;0;5;0;0;0;5;1;-5,062547;-42,705189;SPRF-PI;DEL01-PI;UOP01-DEL01-PI
659711;06/02/2025;quinta-feira;23:40:00;RS;116;233;NOVO HAMBURGO;Ausência de reação do condutor;Colisão com objeto;Sem Vítimas;Plena Noite;Decrescente;Céu Claro;Simples;Reta;Sim;1;0;0;0;0;1;0;1;-29,64206007;-51,14268362;SPRF-RS;DEL01-RS;UOP02-DEL01-RS
659712;06/02/2025;quinta-feira;23:30:00;ES;101;142,5;LINHARES;Reação tardia ou ineficiente do condutor;Colisão com objeto;Sem Vítimas;Plena Noite;Decrescente;Céu Claro;Dupla;Declive;Sim;2;0;0;0;2;0;0;1;-19,33458987;-40,06755477;SPRF-ES;DEL04-ES;UOP01-DEL04-ES
659717;06/02/2025;quinta-feira;19:30:00;MT;364;205,5;RONDONOPOLIS;Ingestão de álcool pelo condutor;Queda de ocupante de veículo;Com Vítimas Feridas;Plena Noite;Crescente;Céu Claro;Dupla;Reta;Não;2;0;1;0;0;1;1;2;-16,45928621;-54,66092345;SPRF-MT;DEL02-MT;UOP01-DEL02-MT
659719;06/02/2025;quinta-feira;23:30:00;MS;163;725;COXIM;Ingestão de álcool pelo condutor;Saída de leito carroçável;Sem Vítimas;Plena Noite;Crescente;Céu Claro;Simples;Reta;Sim;1;0;0;0;1;0;0;1;-18,55245685;-54,75080527;SPRF-MS;DEL06-MS;UOP01-DEL06-MS
659722;07/02/2025;sexta-feira;02:00:00;MG;381;490;BETIM;Ausência de reação do condutor;Queda de ocupante de veículo;Com Vítimas Feridas;Plena Noite;Crescente;Céu Claro;Dupla;Reta;Não;2;0;2;0;0;0;2;1;-19,95595175;-44,14498115;SPRF-MG;DEL01-MG;UOP03-DEL01-MG
659723;07/02/2025;sexta-feira;00:00:00;MS;60;453,7;SIDROLANDIA;Animais na Pista;Atropelamento de Animal;Com Vítimas Feridas;Plena Noite;Crescente;Céu Claro;Simples;Reta;Não;2;0;2;0;0;0;2;1;-21,00164432;-55,14813806;SPRF-MS;DEL01-MS;UOP04-DEL01-MS
659727;07/02/2025;sexta-feira;02:40:00;RJ;393;285;VOLTA REDONDA;Ingestão de álcool pelo condutor;Saída de leito carroçável;Com Vítimas Feridas;Plena Noite;Decrescente;Céu Claro;Simples;Reta;Sim;1;0;0;1;0;0;1;1;-22,50571802;-44,07431602;SPRF-RJ;DEL05-RJ;UOP04-DEL05-RJ
659728;07/02/2025;sexta-feira;03:00:00;PE;424;10;PEDRA;Ultrapassagem Indevida;Colisão frontal;Com Vítimas Fatais;Plena Noite;Crescente;Céu Claro;Simples;"Aclive;Reta";Não;6;2;0;3;0;1;3;3;-8,49698318;-37,010177;SPRF-PE;DEL04-PE;UOP02-DEL04-PE
659729;07/02/2025;sexta-feira;03:08:00;MG;354;709;CAXAMBU;Condutor Dormindo;Colisão com objeto;Com Vítimas Feridas;Plena Noite;Decrescente;Céu Claro;Simples;Reta;Não;1;0;1;0;0;0;1;1;-22,02469499;-44,9270357;SPRF-MG;DEL17-MG;UOP01-DEL17-MG
659732;07/02/2025;sexta-feira;03:00:00;SC;470;18,7;ILHOTA;Transitar na contramão;Colisão frontal;Com Vítimas Fatais;Plena Noite;Decrescente;Céu Claro;Dupla;Reta;Não;3;1;2;0;0;0;2;2;-26,8598395;-48,8126131;SPRF-SC;DEL04-SC;UOP04-DEL04-SC
659734;07/02/2025;sexta-feira;04:30:00;PR;277;634;CEU AZUL;Ultrapassagem Indevida;Colisão lateral sentido oposto;Com Vítimas Feridas;Plena Noite;Crescente;Céu Claro;Simples;Reta;Sim;3;0;1;0;2;0;1;3;-25,13216493;-53,8249287;SPRF-PR;DEL05-PR;UOP02-DEL05-PR
659736;07/02/2025;sexta-feira;04:20:00;SC;280;71;JARAGUA DO SUL;Acessar a via sem observar a presença dos outros veículos;Colisão transversal;Com Vítimas Feridas;Plena Noite;Decrescente;Céu Claro;Simples;Curva;Não;3;0;0;1;2;0;1;2;-26,46151693;-49,13480597;SPRF-SC;DEL03-SC;UOP03-DEL03-SC
659738;07/02/2025;sexta-feira;06:00:00;DF;20;17;BRASILIA;Ingestão de álcool pelo condutor;Colisão lateral mesmo sentido;Sem Vítimas;Amanhecer;Decrescente;Céu Claro;Dupla;"Reta;Aclive";Sim;3;0;0;0;3;0;0;2;-15,621374;-47,71698;SPRF-DF;DEL02-DF;UOP01-DEL02-DF
659739;07/02/2025;sexta-feira;05:45:00;SC;101;148;ITAPEMA;Ingestão de álcool pelo condutor;Colisão traseira;Sem Vítimas;Amanhecer;Decrescente;Nublado;Múltipla;Reta;Sim;2;0;0;0;1;1;0;2;-27,10123686;-48,61807962;SPRF-SC;DEL04-SC;UOP03-DEL04-SC
659740;07/02/2025;sexta-feira;05:15:00;PR;277;608,1;SANTA TEREZA DO OESTE;Transitar na contramão;Colisão frontal;Com Vítimas Fatais;Pleno dia;Decrescente;Céu Claro;Simples;Reta;Sim;5;1;2;2;0;0;4;2;-25,04299405;-53,60478197;SPRF-PR;DEL05-PR;UOP02-DEL05-PR
659742;07/02/2025;sexta-feira;05:10:00;SP;116;137;CACAPAVA;Demais falhas mecânicas ou elétricas;Incêndio;Sem Vítimas;Pleno dia;Decrescente;Céu Claro;Dupla;Reta;Não;3;0;0;0;3;0;0;1;-23,15300766;-45,78709317;SPRF-SP;DEL02-SP;UOP01-DEL02-SP
659743;07/02/2025;sexta-feira;04:30:00;PR;153;339;IRATI;Acesso irregular;Colisão lateral sentido oposto;Com Vítimas Feridas;Amanhecer;Crescente;Céu Claro;Simples;Interseção de Vias;Sim;3;0;1;0;2;0;1;2;-25,52383787;-50,65389862;SPRF-PR;DEL08-PR;UOP02-DEL08-PR
659744;06/02/2025;quinta-feira;22:00:00;MG;262;456;NOVA SERRANA;Reação tardia ou ineficiente do condutor;Saída de leito carroçável;Sem Vítimas;Plena Noite;Crescente;Céu Claro;Simples;Reta;Não;1;0;0;0;1;0;0;1;-19,84401343;-45,04068778;SPRF-MG;DEL08-MG;UOP03-DEL08-MG
659745;07/02/2025;sexta-feira;02:52:00;RO;429;18,3;PRESIDENTE MEDICI;Ausência de reação do condutor;Capotamento;Com Vítimas Feridas;Plena Noite;Crescente;Céu Claro;Simples;Reta;Não;1;0;1;0;0;0;1;1;-11,00269714;-61,91721255;SPRF-RO;DEL02-RO;UOP03-DEL02-RO
659746;07/02/2025;sexta-feira;04:45:00;RS;290;674;URUGUAIANA;Animais na Pista;Atropelamento de Animal;Sem Vítimas;Plena Noite;Decrescente;Céu Claro;Simples;Reta;Não;3;0;0;0;3;0;0;1;-29,926233;-56,637955;SPRF-RS;DEL13-RS;UOP01-DEL13-RS
659747;07/02/2025;sexta-feira;05:30:00;BA;116;471,5;SANTO ESTEVAO;Animais na Pista;Atropelamento de Animal;Com Vítimas Feridas;Amanhecer;Crescente;Nublado;Dupla;Reta;Não;3;0;2;0;1;0;2;1;-12,48924;-39,32894;SPRF-BA;DEL02-BA;UOP01-DEL02-BA
659750;07/02/2025;sexta-feira;04:50:00;SC;280;199,8;MAFRA;Condutor Dormindo;Colisão com objeto;Com Vítimas Feridas;Plena Noite;Decrescente;Ignorado;Simples;Reta;Não;3;0;1;0;2;0;1;1;-26,17454276;-50,07167101;SPRF-SC;DEL06-SC;UOP01-DEL06-SC
659755;07/02/2025;sexta-feira;07:30:00;PR;277;3,5;PARANAGUA;Acessar a via sem observar a presença dos outros veículos;Colisão transversal;Com Vítimas Feridas;Pleno dia;Crescente;Céu Claro;Simples;"Rotatória;Reta";Não;2;0;2;0;0;0;2;2;-25,546317;-48,560175;SPRF-PR;DEL01-PR;UOP05-DEL01-PR
659757;07/02/2025;sexta-feira;06:40:00;PR;277;306;PRUDENTOPOLIS;Demais falhas mecânicas ou elétricas;Incêndio;Sem Vítimas;Pleno dia;Crescente;Céu Claro;Simples;Curva;Não;2;0;0;0;2;0;0;1;-25,32414713;-51,19551659;SPRF-PR;DEL08-PR;UOP01-DEL08-PR
659758;07/02/2025;sexta-feira;07:10:00;SE;235;4,2;NOSSA SENHORA DO SOCORRO;Condutor deixou de manter distância do veículo da frente;Colisão traseira;Com Vítimas Feridas;Pleno dia;Decrescente;Chuva;Dupla;"Declive;Reta";Não;2;0;1;0;0;1;1;2;-10,9064;-37,1197;SPRF-SE;DEL01-SE;UOP01-DEL01-SE
659759;07/02/2025;sexta-feira;07:15:00;MG;116;277;TEOFILO OTONI;Acessar a via sem observar a presença dos outros veículos;Atropelamento de Pedestre;Com Vítimas Feridas;Pleno dia;Crescente;Céu Claro;Dupla;Reta;Sim;3;0;0;1;2;0;1;2;-17,859945;-41,515144;SPRF-MG;DEL11-MG;UOP01-DEL11-MG
659761;07/02/2025;sexta-feira;02:25:00;RO;364;423;JARU;Velocidade Incompatível;Tombamento;Com Vítimas Feridas;Plena Noite;Crescente;Céu Claro;Simples;"Reta;Em Obras;Ponte";Sim;2;0;2;0;0;0;2;1;-10,45220802;-62,46072003;SPRF-RO;DEL03-RO;UOP02-DEL03-RO
659763;07/02/2025;sexta-feira;08:00:00;SE;101;93;NOSSA SENHORA DO SOCORRO;Transitar no Acostamento;Colisão lateral mesmo sentido;Com Vítimas Feridas;Pleno dia;Crescente;Nublado;Dupla;Reta;Não;3;0;1;0;1;1;1;3;-10,90212319;-37,14494787;SPRF-SE;DEL01-SE;UOP01-DEL01-SE
659764;07/02/2025;sexta-feira;08:15:00;RS;116;230;DOIS IRMAOS;Ingestão de álcool pelo condutor;Colisão transversal;Sem Vítimas;Pleno dia;Crescente;Nublado;Simples;"Reta;Aclive";Sim;2;0;0;0;2;0;0;2;-29,62222179;-51,13039371;SPRF-RS;DEL01-RS;UOP02-DEL01-RS
659765;03/01/2025;sexta-feira;19:40:00;ES;101;289,6;CARIACICA;Manobra de mudança de faixa;Colisão lateral mesmo sentido;Com Vítimas Feridas;Plena Noite;Decrescente;Nublado;Dupla;Aclive;Sim;2;0;1;0;1;0;1;2;-20,28029304;-40,39302931;SPRF-ES;DEL01-ES;UOP01-DEL01-ES
659767;07/02/2025;sexta-feira;07:25:00;MS;163;481;CAMPO GRANDE;Condutor deixou de manter distância do veículo da frente;Colisão traseira;Com Vítimas Feridas;Pleno dia;Crescente;Céu Claro;Simples;Reta;Sim;2;0;1;0;1;0;1;2;-20,469381;-54,55955;SPRF-MS;DEL01-MS;UOP01-DEL01-MS
659768;07/02/2025;sexta-feira;08:30:00;SC;101;5,3;ARARANGUA;Demais falhas mecânicas ou elétricas;Tombamento;Com Vítimas Feridas;Pleno dia;Decrescente;Sol;Simples;Reta;Sim;2;0;1;1;0;0;2;1;-28,96090259;-49,51684535;SPRF-SC;DEL02-SC;UOP02-DEL02-SC
659770;07/02/2025;sexta-feira;08:18:00;PR;277;76;SAO JOSE DOS PINHAIS;Manobra de mudança de faixa;Colisão lateral mesmo sentido;Com Vítimas Feridas;Pleno dia;Crescente;Céu Claro;Dupla;Reta;Sim;2;0;1;0;1;0;1;2;-25,51327981;-49,12433291;SPRF-PR;DEL01-PR;UOP07-DEL01-PR
659771;06/02/2025;quinta-feira;20:30:00;SC;101;370,1;ICARA;Ingestão de álcool pelo condutor;Saída de leito carroçável;Sem Vítimas;Pleno dia;Crescente;Nublado;Dupla;Reta;Não;1;0;0;0;1;0;0;1;-28,69956788;-49,19239904;SPRF-SC;DEL02-SC;UOP01-DEL02-SC
659772;07/02/2025;sexta-feira;08:16:00;SC;101;373,1;ICARA;Condutor Dormindo;Saída de leito carroçável;Com Vítimas Feridas;Pleno dia;Decrescente;Céu Claro;Dupla;Curva;Não;5;0;1;0;4;0;1;1;-28,7132671;-49,21763596;SPRF-SC;DEL02-SC;UOP01-DEL02-SC
659773;07/02/2025;sexta-feira;08:15:00;MG;40;518;RIBEIRAO DAS NEVES;Trafegar com motocicleta (ou similar) entre as faixas;Colisão traseira;Com Vítimas Feridas;Pleno dia;Crescente;Céu Claro;Dupla;Reta;Sim;2;0;0;1;1;0;1;2;-19,8321242;-44,08208533;SPRF-MG;DEL01-MG;UOP02-DEL01-MG
659777;07/02/2025;sexta-feira;09:35:00;SP;116;228;SAO PAULO;Ausência de reação do condutor;Colisão lateral mesmo sentido;Com Vítimas Feridas;Pleno dia;Crescente;Sol;Múltipla;Reta;Sim;2;0;1;0;1;0;1;2;-23,50343484;-46,56638712;SPRF-SP;DEL01-SP;UOP01-DEL01-SP
659778;07/02/2025;sexta-feira;08:58:00;PR;116;14,8;COLOMBO;Avarias e/ou desgaste excessivo no pneu;Tombamento;Com Vítimas Feridas;Pleno dia;Decrescente;Céu Claro;Dupla;"Reta;Declive";Sim;2;0;1;0;1;0;1;1;-25,3818;-49,1643;SPRF-PR;DEL01-PR;UOP02-DEL01-PR
659779;07/02/2025;sexta-feira;07:00:00;ES;101;368,5;ANCHIETA;Pista Escorregadia;Tombamento;Com Vítimas Feridas;Pleno dia;Decrescente;Céu Claro;Simples;"Curva;Aclive";Não;1;0;0;1;0;0;1;1;-20,74480799;-40,7602114;SPRF-ES;DEL03-ES;UOP01-DEL03-ES
659780;07/02/2025;sexta-feira;08:30:00;SE;101;114,8;ITAPORANGA DAJUDA;Velocidade Incompatível;Colisão com objeto;Sem Vítimas;Pleno dia;Decrescente;Chuva;Dupla;"Curva;Declive";Não;1;0;0;0;1;0;0;1;-10,997623;-37,302944;SPRF-SE;DEL02-SE;UOP01-DEL02-SE
659785;22/01/2025;quarta-feira;17:55:00;RJ;40;113;DUQUE DE CAXIAS;Trafegar com motocicleta (ou similar) entre as faixas;Colisão lateral mesmo sentido;Com Vítimas Feridas;Anoitecer;Decrescente;Céu Claro;Dupla;Reta;Não;2;0;1;0;0;1;1;2;-22,70948502;-43,29040354;SPRF-RJ;DEL01-RJ;UOP02-DEL01-RJ
659788;06/02/2025;quinta-feira;14:20:00;BA;110;218;NOVA SOURE;Ingestão de álcool pelo condutor;Colisão transversal;Com Vítimas Feridas;Pleno dia;Decrescente;Céu Claro;Simples;Reta;Sim;2;0;0;1;1;0;1;2;-11,23767425;-38,48167419;SPRF-BA;DEL07-BA;UOP02-DEL07-BA
659790;07/02/2025;sexta-feira;11:35:00;RN;101;100,8;PARNAMIRIM;Reação tardia ou ineficiente do condutor;Colisão com objeto;Sem Vítimas;Pleno dia;Crescente;Sol;Múltipla;Reta;Sim;3;0;0;0;3;0;0;2;-5,88106901;-35,22542396;SPRF-RN;DEL01-RN;UOP01-DEL01-RN
659791;07/02/2025;sexta-feira;09:40:00;RJ;116;301;PORTO REAL;Manobra de mudança de faixa;Colisão lateral mesmo sentido;Com Vítimas Feridas;Pleno dia;Decrescente;Céu Claro;Dupla;Aclive;Não;3;0;1;1;1;0;2;2;-22,4529399;-44,36236901;SPRF-RJ;DEL07-RJ;UOP02-DEL07-RJ
659794;28/01/2025;terça-feira;11:17:00;MT;364;253,3;JUSCIMEIRA;Ausência de reação do condutor;Saída de leito carroçável;Com Vítimas Feridas;Pleno dia;Decrescente;Céu Claro;Dupla;Declive;Não;1;0;1;0;0;0;1;1;-16,09747205;-54,86610212;SPRF-MT;DEL02-MT;UOP01-DEL02-MT
659797;07/02/2025;sexta-feira;10:15:00;RJ;116;184;NOVA IGUACU;Condutor deixou de manter distância do veículo da frente;Tombamento;Com Vítimas Feridas;Pleno dia;Decrescente;Céu Claro;Dupla;Reta;Sim;1;0;1;0;0;0;1;1;-22,74647215;-43,44594311;SPRF-RJ;DEL06-RJ;UOP01-DEL06-RJ
659799;07/02/2025;sexta-feira;07:40:00;SC;280;98;CORUPA;Transitar na contramão;Colisão frontal;Com Vítimas Fatais;Pleno dia;Crescente;Céu Claro;Simples;Reta;Não;3;1;1;0;1;0;1;2;-26,3765009;-49,3253421;SPRF-SC;DEL06-SC;UOP03-DEL06-SC
659800;06/02/2025;quinta-feira;13:10:00;PR;277;6;PARANAGUA;Entrada inopinada do pedestre;Atropelamento de Pedestre;Com Vítimas Feridas;Pleno dia;Crescente;Nublado;Dupla;Reta;Sim;2;0;0;1;1;0;1;2;-25,52092;-48,52529;SPRF-PR;DEL01-PR;UOP05-DEL01-PR
659801;07/02/2025;sexta-feira;11:00:00;SC;101;163;TIJUCAS;Reação tardia ou ineficiente do condutor;Colisão traseira;Com Vítimas Feridas;Pleno dia;Decrescente;Nublado;Múltipla;Reta;Sim;2;0;1;0;1;0;1;2;-27,23461699;-48,63039809;SPRF-SC;DEL04-SC;UOP03-DEL04-SC
659802;07/02/2025;sexta-feira;11:25:00;RN;101;75,6;SAO GONCALO DO AMARANTE;Ausência de reação do condutor;Colisão traseira;Com Vítimas Feridas;Pleno dia;Crescente;Sol;Dupla;Reta;Sim;2;0;1;0;1;0;1;2;-5,724;-35,280682;SPRF-RN;DEL02-RN;UOP01-DEL02-RN
659803;07/02/2025;sexta-feira;06:50:00;SP;381;89;GUARULHOS;Ausência de reação do condutor;Colisão lateral mesmo sentido;Com Vítimas Feridas;Pleno dia;Crescente;Sol;Múltipla;Reta;Sim;2;0;1;0;1;0;1;2;-23,48469299;-46,55983288;SPRF-SP;DEL03-SP;UOP01-DEL03-SP
659804;07/02/2025;sexta-feira;11:40:00;ES;259;50;COLATINA;Reação tardia ou ineficiente do condutor;Colisão frontal;Com Vítimas Feridas;Pleno dia;Crescente;Céu Claro;Simples;Reta;Sim;3;0;2;1;0;0;3;2;-19,510103;-40,60615;SPRF-ES;DEL02-ES;UOP01-DEL02-ES
659805;07/02/2025;sexta-feira;12:20:00;MG;381;511,9;IGARAPE;Desrespeitar a preferência no cruzamento;Colisão transversal;Com Vítimas Feridas;Pleno dia;Decrescente;Céu Claro;Simples;Interseção de Vias;Sim;2;0;1;0;1;0;1;2;-20,0678577;-44,2966926;SPRF-MG;DEL01-MG;UOP03-DEL01-MG
659808;18/01/2025;sábado;13:45:00;SC;282;560,3;NOVA ITABERABA;Reação tardia ou ineficiente do condutor;Colisão com objeto;Com Vítimas Feridas;Pleno dia;Decrescente;Ignorado;Simples;"Curva;Aclive";Não;1;0;1;0;0;0;1;1;-26,927135;-52,856205;SPRF-SC;DEL07-SC;UOP01-DEL07-SC
659809;07/02/2025;sexta-feira;12:15:00;RJ;101;521;ANGRA DOS REIS;Reação tardia ou ineficiente do condutor;Colisão traseira;Com Vítimas Feridas;Pleno dia;Decrescente;Céu Claro;Simples;"Rotatória;Reta";Não;2;0;1;0;1;0;1;2;-23,00313345;-44,4598209;SPRF-RJ;DEL03-RJ;UOP03-DEL03-RJ
659822;07/02/2025;sexta-feira;11:00:00;RJ;101;317;SAO GONCALO;Condutor deixou de manter distância do veículo da frente;Colisão traseira;Com Vítimas Feridas;Pleno dia;Crescente;Céu Claro;Dupla;Reta;Não;3;0;1;0;2;0;1;2;-22,83707798;-43,09492006;SPRF-RJ;DEL02-RJ;UOP02-DEL02-RJ
659823;07/02/2025;sexta-feira;12:54:00;PR;116;90;PIRAQUARA;Manobra de mudança de faixa;Colisão lateral mesmo sentido;Com Vítimas Feridas;Pleno dia;Crescente;Nublado;Simples;Reta;Não;3;0;2;0;1;0;2;2;-25,49705906;-49,11752712;SPRF-PR;DEL01-PR;UOP07-DEL01-PR
659825;07/02/2025;sexta-feira;08:50:00;PE;101;157,4;GAMELEIRA;Ausência de reação do condutor;Saída de leito carroçável;Com Vítimas Feridas;Pleno dia;Crescente;Chuva;Dupla;Curva;Não;1;0;1;0;0;0;1;1;-8,55352976;-35,3964161;SPRF-PE;DEL01-PE;UOP03-DEL01-PE
659827;13/01/2025;segunda-feira;16:40:00;MG;381;3;BETIM;Entrada inopinada do pedestre;Atropelamento de Pedestre;Com Vítimas Feridas;Pleno dia;Crescente;Garoa/Chuvisco;Simples;Reta;Sim;2;0;0;1;1;0;1;2;-19,96825;-44,198708;SPRF-MG;DEL01-MG;UOP03-DEL01-MG
659828;07/02/2025;sexta-feira;09:20:00;MG;40;449;CAETANOPOLIS;Pista esburacada;Colisão traseira;Com Vítimas Feridas;Pleno dia;Decrescente;Céu Claro;Dupla;Reta;Não;5;0;3;0;2;0;3;3;-19,30931885;-44,37278577;SPRF-MG;DEL02-MG;UOP01-DEL02-MG
659829;07/02/2025;sexta-feira;09:50:00;AL;316;262;SATUBA;Desrespeitar a preferência no cruzamento;Colisão transversal;Com Vítimas Feridas;Pleno dia;Crescente;Céu Claro;Simples;Interseção de Vias;Não;2;0;0;1;1;0;1;2;-9,5877592;-35,87975979;SPRF-AL;DEL02-AL;UOP01-DEL02-AL
659831;07/02/2025;sexta-feira;13:30:00;BA;242;815;BARREIRAS;Reação tardia ou ineficiente do condutor;Colisão com objeto;Com Vítimas Feridas;Pleno dia;Crescente;Céu Claro;Simples;Reta;Não;1;0;1;0;0;0;1;1;-12,14882598;-44,999386;SPRF-BA;DEL10-BA;UOP01-DEL10-BA
659832;07/02/2025;sexta-feira;14:15:00;ES;101;359,3;ANCHIETA;Acesso irregular;Colisão transversal;Com Vítimas Feridas;Pleno dia;Crescente;Nublado;Simples;"Reta;Aclive";Não;4;0;1;0;3;0;1;2;-20,69768274;-40,71161014;SPRF-ES;DEL03-ES;UOP01-DEL03-ES
659833;07/02/2025;sexta-feira;14:30:00;MG;50;98;UBERLANDIA;Demais falhas mecânicas ou elétricas;Incêndio;Sem Vítimas;Pleno dia;Crescente;Céu Claro;Dupla;Reta;Não;1;0;0;0;1;0;0;1;-19,11861301;-48,17588405;SPRF-MG;DEL15-MG;UOP01-DEL15-MG
659834;07/02/2025;sexta-feira;14:20:00;DF;20;10,3;BRASILIA;Ausência de reação do condutor;Colisão lateral mesmo sentido;Com Vítimas Feridas;Pleno dia;Decrescente;Céu Claro;Dupla;Reta;Não;4;0;2;0;2;0;2;2;-15,650243;-47,773872;SPRF-DF;DEL02-DF;UOP01-DEL02-DF
659835;29/01/2025;quarta-feira;17:00:00;GO;20;146,9;ALVORADA DO NORTE;Acessar a via sem observar a presença dos outros veículos;Colisão transversal;Com Vítimas Feridas;Pleno dia;Crescente;Nublado;Simples;Reta;Não;2;0;0;1;1;0;1;2;-14,734658;-46,652908;SPRF-DF;DEL02-DF;UOP03-DEL02-DF