id;data_inversa;dia_semana;horario;uf;br;km;municipio;causa_acidente;tipo_acidente;classificacao_acidente;fase_dia;sentido_via;condicao_metereologica;tipo_pista;tracado_via;uso_solo;pessoas;mortos;feridos_leves;feridos_graves;ilesos;ignorados;feridos;veiculos;latitude;longitude;regional;delegacia;uop
660074;08/02/2025;sábado;15:00:00;GO;20;221,8;POSSE;Acessar a via sem observar a presença dos outros veículos;Colisão transversal;Com Vítimas Feridas;Pleno dia;Decrescente;Sol;Simples;Reta;Não;3;0;3;0;0;0;3;2;-14,197667;-46,332184;SPRF-DF;DEL02-DF;UOP03-DEL02-DF
660075;08/02/2025;sábado;14:45:00;BA;101;745;ITABELA;Desrespeitar a preferência no cruzamento;Colisão lateral sentido oposto;Com Vítimas Feridas;Pleno dia;Crescente;Céu Claro;Simples;"Reta;Interseção de Vias";Sim;4;0;1;0;3;0;1;2;-16,57176017;-39,5591757;SPRF-BA;DEL09-BA;UOP01-DEL09-BA
660076;08/02/2025;sábado;09:15:00;RS;290;382,9;SANTA MARGARIDA DO SUL;Ausência de reação do condutor;Saída de leito carroçável;Com Vítimas Feridas;Pleno dia;Decrescente;Céu Claro;Simples;Curva;Não;2;0;1;0;1;0;1;1;-30,345226;-53,972523;SPRF-RS;DEL09-RS;UOP02-DEL09-RS
660079;08/02/2025;sábado;15:20:00;MG;459;14,8;CALDAS;Reação tardia ou ineficiente do condutor;Colisão lateral mesmo sentido;Com Vítimas Feridas;Pleno dia;Crescente;Céu Claro;Simples;"Reta;Declive";Sim;3;0;0;1;1;1;1;3;-21,827617;-46,450375;SPRF-MG;DEL09-MG;UOP01-DEL09-MG
660080;08/02/2025;sábado;15:40:00;MG;50;55;ARAGUARI;Chuva;Saída de leito carroçável;Com Vítimas Feridas;Pleno dia;Crescente;Chuva;Dupla;Curva;Não;1;0;1;0;0;0;1;1;-18,77290538;-48,24124319;SPRF-MG;DEL15-MG;UOP02-DEL15-MG
660081;08/02/2025;sábado;14:00:00;AL;316;86;SANTANA DO IPANEMA;Acessar a via sem observar a presença dos outros veículos;Colisão transversal;Com Vítimas Feridas;Pleno dia;Crescente;Sol;Simples;"Reta;Interseção de Vias";Sim;2;0;0;1;1;0;1;2;-9,37323821;-37,23532807;SPRF-AL;DEL03-AL;UOP02-DEL03-AL
660082;08/02/2025;sábado;11:00:00;RJ;101;284;ITABORAI;Ultrapassagem Indevida;Colisão lateral mesmo sentido;Com Vítimas Feridas;Pleno dia;Decrescente;Céu Claro;Dupla;Reta;Sim;2;0;0;1;1;0;1;2;-22,74822315;-42,81399965;SPRF-RJ;DEL02-RJ;UOP02-DEL02-RJ
660083;08/02/2025;sábado;15:50:00;ES;262;0,9;CARIACICA;Reação tardia ou ineficiente do condutor;Colisão traseira;Com Vítimas Feridas;Pleno dia;Crescente;Sol;Dupla;"Ponte;Reta";Sim;2;0;1;1;0;0;2;2;-20,320793;-40,353315;SPRF-ES;DEL01-ES;UOP01-DEL01-ES
660084;08/02/2025;sábado;15:31:00;PB;101;117,8;PEDRAS DE FOGO;Ingestão de álcool pelo condutor;Saída de leito carroçável;Sem Vítimas;Pleno dia;Crescente;Céu Claro;Dupla;Reta;Não;1;0;0;0;1;0;0;1;-7,41357983;-34,95743528;SPRF-PB;DEL01-PB;UOP01-DEL01-PB
660086;08/02/2025;sábado;16:00:00;SC;101;423,5;ARARANGUA;Ausência de reação do condutor;Tombamento;Com Vítimas Feridas;Pleno dia;Crescente;Céu Claro;Múltipla;"Aclive;Reta;Viaduto";Não;1;0;1;0;0;0;1;1;-29,01601155;-49,58269226;SPRF-SC;DEL02-SC;UOP02-DEL02-SC
660087;08/02/2025;sábado;16:20:00;GO;414;434,1;ANAPOLIS;Velocidade Incompatível;Tombamento;Com Vítimas Feridas;Pleno dia;Decrescente;Céu Claro;Dupla;Reta;Sim;3;0;1;0;2;0;1;2;-16,285816;-48,946599;SPRF-GO;DEL02-GO;UOP01-DEL02-GO
660089;08/02/2025;sábado;12:15:00;RN;304;24;MOSSORO;Ausência de reação do condutor;Saída de leito carroçável;Sem Vítimas;Pleno dia;Crescente;Céu Claro;Simples;Rotatória;Não;1;0;0;0;1;0;0;1;-5,06488233;-37,33287055;SPRF-RN;DEL04-RN;UOP02-DEL04-RN
660091;08/02/2025;sábado;13:57:00;RS;116;453,5;SAO LOURENCO DO SUL;Ausência de reação do condutor;Saída de leito carroçável;Com Vítimas Feridas;Pleno dia;Crescente;Céu Claro;Dupla;Retorno Regulamentado;Não;1;0;1;0;0;0;1;1;-31,22115587;-52,01062788;SPRF-RS;DEL02-RS;UOP02-DEL02-RS
660093;08/02/2025;sábado;17:00:00;MG;40;511;RIBEIRAO DAS NEVES;Condutor deixou de manter distância do veículo da frente;Colisão traseira;Com Vítimas Feridas;Pleno dia;Decrescente;Céu Claro;Dupla;"Reta;Declive";Sim;2;0;1;0;0;1;1;2;-19,78164295;-44,11733194;SPRF-MG;DEL01-MG;UOP02-DEL01-MG
660094;08/02/2025;sábado;16:00:00;RJ;493;17;GUAPIMIRIM;Ausência de reação do condutor;Colisão traseira;Com Vítimas Feridas;Pleno dia;Crescente;Céu Claro;Simples;Reta;Sim;2;0;1;0;1;0;1;2;-22,66791406;-43,00902598;SPRF-RJ;DEL04-RJ;UOP02-DEL04-RJ
660096;08/02/2025;sábado;17:00:00;GO;364;173;JATAI;Ingestão de álcool pelo condutor;Saída de leito carroçável;Com Vítimas Feridas;Pleno dia;Decrescente;Céu Claro;Simples;"Rotatória;Interseção de Vias";Não;1;0;1;0;0;0;1;1;-18,008829;-51,563248;SPRF-GO;DEL05-GO;UOP01-DEL05-GO
660098;08/02/2025;sábado;18:00:00;SC;101;87,5;BARRA VELHA;Ausência de reação do condutor;Colisão com objeto;Com Vítimas Feridas;Pleno dia;Crescente;Nublado;Múltipla;Reta;Sim;1;0;0;1;0;0;1;1;-26,63713377;-48,69651057;SPRF-SC;DEL03-SC;UOP02-DEL03-SC
660100;08/02/2025;sábado;17:40:00;GO;153;436,7;ANAPOLIS;Reação tardia ou ineficiente do condutor;Colisão traseira;Sem Vítimas;Pleno dia;Crescente;Céu Claro;Dupla;Reta;Sim;3;0;0;0;3;0;0;2;-16,299656;-48,927599;SPRF-GO;DEL02-GO;UOP01-DEL02-GO
660101;08/02/2025;sábado;17:20:00;MG;365;10,6;MONTES CLAROS;Velocidade Incompatível;Queda de ocupante de veículo;Com Vítimas Feridas;Anoitecer;Decrescente;Nublado;Simples;"Reta;Declive";Não;1;0;0;1;0;0;1;1;-16,83478113;-43,95261496;SPRF-MG;DEL12-MG;UOP01-DEL12-MG
660103;08/02/2025;sábado;17:45:00;SP;116;218,5;GUARULHOS;Demais Fenômenos da natureza;Eventos atípicos;Com Vítimas Feridas;Pleno dia;Decrescente;Céu Claro;Múltipla;"Em Obras;Reta;Interseção de Vias";Sim;1;0;1;0;0;0;1;1;-23,457972;-46,479927;SPRF-SP;DEL01-SP;UOP01-DEL01-SP
660106;08/02/2025;sábado;15:10:00;MT;174;19;PONTES E LACERDA;Frear bruscamente;Capotamento;Com Vítimas Feridas;Pleno dia;Decrescente;Garoa/Chuvisco;Simples;Reta;Não;1;0;1;0;0;0;1;1;-15,226537;-59,335728;SPRF-MT;DEL04-MT;UOP01-DEL04-MT
660107;08/02/2025;sábado;18:45:00;DF;70;3;BRASILIA;Manobra de mudança de faixa;Colisão lateral mesmo sentido;Com Vítimas Feridas;Anoitecer;Crescente;Chuva;Dupla;Reta;Sim;2;0;1;0;1;0;1;2;-15,802453;-48,080387;SPRF-DF;DEL03-DF;UOP02-DEL03-DF
660108;08/02/2025;sábado;18:30:00;MG;381;498,5;BETIM;Condutor deixou de manter distância do veículo da frente;Colisão traseira;Com Vítimas Feridas;Plena Noite;Decrescente;Céu Claro;Dupla;Curva;Sim;3;0;1;0;2;0;1;2;-20,01172662;-44,21976041;SPRF-MG;DEL01-MG;UOP03-DEL01-MG
660110;08/02/2025;sábado;18:34:00;PB;101;88;JOAO PESSOA;Reação tardia ou ineficiente do condutor;Queda de ocupante de veículo;Com Vítimas Feridas;Plena Noite;Decrescente;Céu Claro;Dupla;Aclive;Sim;1;0;1;0;0;0;1;1;-7,16470016;-34,89993643;SPRF-PB;DEL01-PB;UOP01-DEL01-PB
660112;08/02/2025;sábado;18:15:00;MA;135;1,8;SAO LUIS;Condutor deixou de manter distância do veículo da frente;Colisão traseira;Sem Vítimas;Plena Noite;Crescente;Garoa/Chuvisco;Dupla;Reta;Não;2;0;0;0;2;0;0;2;-2,58917895;-44,24423719;SPRF-MA;DEL01-MA;UOP01-DEL01-MA
660113;19/01/2025;domingo;14:43:00;MT;364;262;JUSCIMEIRA;Transitar na contramão;Colisão transversal;Com Vítimas Feridas;Pleno dia;Decrescente;Céu Claro;Dupla;"Reta;Retorno Regulamentado";Não;3;0;0;2;1;0;2;2;-16,023325;-54,899853;SPRF-MT;DEL02-MT;UOP01-DEL02-MT
660114;08/02/2025;sábado;18:40:00;PR;469;17,5;FOZ DO IGUACU;Condutor deixou de manter distância do veículo da frente;Colisão transversal;Com Vítimas Feridas;Anoitecer;Decrescente;Nublado;Simples;"Em Obras;Reta";Sim;2;0;1;0;1;0;1;2;-25,5906;-54,5172;SPRF-PR;DEL05-PR;UOP04-DEL05-PR
660117;08/02/2025;sábado;19:05:00;PR;476;157;ARAUCARIA;Reação tardia ou ineficiente do condutor;Colisão traseira;Com Vítimas Feridas;Pleno dia;Decrescente;Nublado;Simples;Reta;Sim;2;0;1;0;1;0;1;2;-25,60639;-49,421112;SPRF-PR;DEL01-PR;UOP06-DEL01-PR
660118;08/02/2025;sábado;19:15:00;SC;101;203;SAO JOSE;Reação tardia ou ineficiente do condutor;Queda de ocupante de veículo;Com Vítimas Feridas;Plena Noite;Decrescente;Céu Claro;Dupla;Curva;Não;1;0;1;0;0;0;1;1;-27,5650044;-48,61460082;SPRF-SC;DEL01-SC;UOP01-DEL01-SC
660119;08/02/2025;sábado;19:10:00;ES;101;68;SAO MATEUS;Ingestão de álcool pelo condutor;Colisão traseira;Com Vítimas Feridas;Plena Noite;Decrescente;Céu Claro;Simples;"Reta;Declive";Sim;2;0;1;0;1;0;1;2;-18,726597;-39,85975;SPRF-ES;DEL04-ES;UOP02-DEL04-ES
660120;08/02/2025;sábado;17:40:00;SC;101;226,9;PALHOCA;Participar de racha;Colisão com objeto;Com Vítimas Feridas;Pleno dia;Crescente;Céu Claro;Dupla;Reta;Não;4;0;1;3;0;0;4;3;-27,74200001;-48,63806504;SPRF-SC;DEL01-SC;UOP02-DEL01-SC
660121;08/02/2025;sábado;19:50:00;TO;153;150;ARAGUAINA;Reação tardia ou ineficiente do condutor;Colisão traseira;Sem Vítimas;Plena Noite;Crescente;Garoa/Chuvisco;Múltipla;Rotatória;Sim;2;0;0;0;2;0;0;2;-7,24812605;-48,25533885;SPRF-TO;DEL02-TO;UOP01-DEL02-TO
660122;08/02/2025;sábado;19:00:00;SP;101;52;UBATUBA;Ultrapassagem Indevida;Colisão lateral mesmo sentido;Com Vítimas Feridas;Plena Noite;Crescente;Céu Claro;Simples;Reta;Sim;2;0;1;0;1;0;1;2;-23,4623355;-45,06476561;SPRF-SP;DEL06-SP;UOP01-DEL06-SP
660123;08/02/2025;sábado;19:15:00;PB;230;152;CAMPINA GRANDE;Animais na Pista;Atropelamento de Animal;Com Vítimas Feridas;Plena Noite;Crescente;Nublado;Simples;Reta;Não;1;0;1;0;0;0;1;1;-7,2688;-35,8837;SPRF-PB;DEL02-PB;UOP01-DEL02-PB
660124;08/02/2025;sábado;20:00:00;GO;40;1;VALPARAISO DE GOIAS;Ingestão de álcool pelo condutor;Colisão traseira;Sem Vítimas;Plena Noite;Crescente;Céu Claro;Dupla;Reta;Sim;2;0;0;0;2;0;0;2;-16,058245;-47,982825;SPRF-DF;DEL01-DF;UOP01-DEL01-DF
660125;08/02/2025;sábado;19:00:00;SP;116;528;BARRA DO TURVO;Avarias e/ou desgaste excessivo no pneu;Saída de leito carroçável;Sem Vítimas;Anoitecer;Decrescente;Garoa/Chuvisco;Dupla;Reta;Não;1;0;0;0;1;0;0;1;-24,93621048;-48,29215184;SPRF-SP;DEL05-SP;UOP02-DEL05-SP
660126;08/02/2025;sábado;18:30:00;PR;153;328,9;PAULA FREITAS;Demais falhas na via;Queda de ocupante de veículo;Com Vítimas Feridas;Pleno dia;Crescente;Sol;Simples;Reta;Não;2;0;2;0;0;0;2;1;-26,11351973;-50,81451416;SPRF-PR;DEL08-PR;UOP02-DEL08-PR
660127;08/02/2025;sábado;19:40:00;PA;230;110;MARABA;Ausência de reação do condutor;Colisão transversal;Sem Vítimas;Plena Noite;Crescente;Garoa/Chuvisco;Simples;Reta;Sim;2;0;0;0;1;1;0;2;-5,37342727;-49,03126806;SPRF-PA;DEL03-PA;UOP01-DEL03-PA
660128;08/02/2025;sábado;18:40:00;RJ;40;25,8;TRES RIOS;Demais falhas mecânicas ou elétricas;Incêndio;Sem Vítimas;Plena Noite;Crescente;Ignorado;Dupla;Reta;Não;1;0;0;0;0;1;0;1;-22,14680002;-43,15810757;SPRF-RJ;DEL05-RJ;UOP02-DEL05-RJ
660129;08/02/2025;sábado;20:30:00;TO;242;378;GURUPI;Iluminação deficiente;Colisão lateral mesmo sentido;Com Vítimas Feridas;Plena Noite;Crescente;Céu Claro;Simples;Reta;Sim;2;0;2;0;0;0;2;2;-11,73417488;-49,04745001;SPRF-TO;DEL01-TO;UOP02-DEL01-TO
660130;08/02/2025;sábado;19:50:00;RS;158;329;SANTA MARIA;Reação tardia ou ineficiente do condutor;Colisão com objeto;Com Vítimas Feridas;Plena Noite;Crescente;Céu Claro;Dupla;"Aclive;Reta;Viaduto";Sim;1;0;0;1;0;0;1;1;-29,70069989;-53,84020686;SPRF-RS;DEL09-RS;UOP01-DEL09-RS
660131;08/02/2025;sábado;17:50:00;BA;324;574,5;SAO SEBASTIAO DO PASSE;Reação tardia ou ineficiente do condutor;Colisão traseira;Com Vítimas Feridas;Anoitecer;Crescente;Céu Claro;Dupla;Reta;Não;2;0;1;0;1;0;1;2;-12,56758892;-38,55238794;SPRF-BA;DEL01-BA;UOP01-DEL01-BA
660132;08/02/2025;sábado;01:20:00;BA;101;311;PRESIDENTE TANCREDO NEVES;Condutor Dormindo;Saída de leito carroçável;Com Vítimas Fatais;Plena Noite;Crescente;Garoa/Chuvisco;Simples;Curva;Não;1;1;0;0;0;0;0;1;-13,44561083;-39,42167573;SPRF-BA;DEL05-BA;UOP03-DEL05-BA
660133;08/02/2025;sábado;17:40:00;SC;101;333,7;TUBARAO;Ingestão de álcool pelo condutor;Tombamento;Com Vítimas Feridas;Pleno dia;Crescente;Céu Claro;Dupla;Rotatória;Sim;1;0;1;0;0;0;1;1;-28,46933264;-49,01530981;SPRF-SC;DEL02-SC;UOP01-DEL02-SC
660134;08/02/2025;sábado;19:20:00;SC;101;313;LAGUNA;Ingestão de álcool pelo condutor;Colisão traseira;Com Vítimas Feridas;Plena Noite;Crescente;Céu Claro;Dupla;"Reta;Ponte";Não;7;0;5;0;2;0;5;2;-28,43905343;-48,82987261;SPRF-SC;DEL02-SC;UOP01-DEL02-SC
660135;08/02/2025;sábado;20:00:00;PR;163;183,5;LINDOESTE;Ausência de reação do condutor;Saída de leito carroçável;Com Vítimas Feridas;Plena Noite;Crescente;Nublado;Dupla;Curva;Não;3;0;1;0;2;0;1;1;-25,126448;-53,58785605;SPRF-PR;DEL05-PR;UOP05-DEL05-PR
660136;08/02/2025;sábado;19:40:00;PI;316;305;PICOS;Animais na Pista;Atropelamento de Animal;Com Vítimas Feridas;Plena Noite;Decrescente;Céu Claro;Simples;"Aclive;Reta";Não;1;0;1;0;0;0;1;1;-7,06858767;-41,50981752;SPRF-PI;DEL04-PI;UOP01-DEL04-PI
660137;08/02/2025;sábado;20:00:00;SC;101;5,6;SAO JOSE;Reação tardia ou ineficiente do condutor;Colisão com objeto;Com Vítimas Fatais;Plena Noite;Crescente;Céu Claro;Dupla;Curva;Não;6;1;0;1;4;0;1;2;-27,58498068;-48,6177206;SPRF-SC;DEL03-SC;UOP01-DEL03-SC
660138;08/02/2025;sábado;18:00:00;MT;163;1037;MATUPA;Condutor deixou de manter distância do veículo da frente;Colisão traseira;Sem Vítimas;Anoitecer;Crescente;Céu Claro;Simples;Reta;Não;2;0;0;0;1;1;0;2;-10,19356548;-54,95164286;SPRF-MT;DEL06-MT;UOP03-DEL06-MT
660139;08/02/2025;sábado;21:10:00;RS;290;107;ELDORADO DO SUL;Reação tardia ou ineficiente do condutor;Colisão transversal;Com Vítimas Feridas;Plena Noite;Crescente;Ignorado;Simples;Rotatória;Sim;2;0;1;0;1;0;1;2;-30,001852;-51,304264;SPRF-RS;DEL02-RS;UOP01-DEL02-RS
660140;08/02/2025;sábado;19:00:00;MA;316;429,7;PERITORO;Transitar na contramão;Colisão lateral mesmo sentido;Com Vítimas Feridas;Plena Noite;Crescente;Nublado;Simples;Reta;Não;3;0;0;1;0;2;1;3;-4,384668;-44,297157;SPRF-MA;DEL03-MA;UOP01-DEL03-MA
660141;08/02/2025;sábado;17:00:00;CE;230;113;FARIAS BRITO;Reação tardia ou ineficiente do condutor;Saída de leito carroçável;Com Vítimas Feridas;Anoitecer;Decrescente;Ignorado;Simples;"Declive;Reta";Não;1;0;0;1;0;0;1;1;-6,91219752;-39,56039429;SPRF-CE;DEL05-CE;UOP01-DEL05-CE
660144;08/02/2025;sábado;20:20:00;RS;116;206,6;PICADA CAFE;Transitar na contramão;Colisão lateral sentido oposto;Com Vítimas Feridas;Plena Noite;Crescente;Céu Claro;Simples;Reta;Não;2;0;1;0;1;0;1;2;-29,49966726;-51,1306017;SPRF-RS;DEL05-RS;UOP02-DEL05-RS
660145;08/02/2025;sábado;18:40:00;MS;163;14;MUNDO NOVO;Ausência de reação do condutor;Saída de leito carroçável;Com Vítimas Feridas;Plena Noite;Crescente;Nublado;Simples;Interseção de Vias;Não;1;0;1;0;0;0;1;1;-23,95046914;-54,31400299;SPRF-MS;DEL09-MS;UOP02-DEL09-MS
660147;08/02/2025;sábado;21:00:00;RJ;40;85;PETROPOLIS;Demais falhas na via;Queda de ocupante de veículo;Com Vítimas Feridas;Plena Noite;Decrescente;Céu Claro;Simples;Curva;Não;2;0;1;0;1;0;1;1;-22,52850694;-43,2349802;SPRF-RJ;DEL01-RJ;UOP01-DEL01-RJ
660148;08/02/2025;sábado;18:30:00;AC;317;296;BRASILEIA;Ingestão de álcool pelo condutor;Colisão traseira;Sem Vítimas;Plena Noite;Crescente;Nublado;Simples;"Aclive;Reta";Sim;4;0;0;0;3;1;0;3;-10,99196042;-68,75827789;SPRF-AC;DEL01-AC;UOP02-DEL01-AC
660150;08/02/2025;sábado;17:50:00;SC;101;164;PORTO BELO;Trafegar com motocicleta (ou similar) entre as faixas;Colisão lateral mesmo sentido;Com Vítimas Feridas;Pleno dia;Decrescente;Céu Claro;Dupla;"Viaduto;Reta";Sim;3;0;0;1;2;0;1;2;-27,243868;-48,6309;SPRF-SC;DEL04-SC;UOP03-DEL04-SC
660151;08/02/2025;sábado;21:00:00;RS;153;407,5;CACHOEIRA DO SUL;Participar de racha;Atropelamento de Pedestre;Com Vítimas Feridas;Plena Noite;Crescente;Céu Claro;Dupla;Reta;Sim;4;0;1;3;0;0;4;2;-30,06371388;-52,89421396;SPRF-RS;DEL02-RS;UOP03-DEL02-RS
660152;08/02/2025;sábado;21:40:00;CE;116;12;FORTALEZA;Ausência de reação do condutor;Colisão com objeto;Sem Vítimas;Plena Noite;Decrescente;Céu Claro;Dupla;Curva;Não;1;0;0;0;0;1;0;1;-3,852077;-38,495525;SPRF-CE;DEL01-CE;UOP02-DEL01-CE
660153;08/02/2025;sábado;18:15:00;MG;40;452,5;CAETANOPOLIS;Reação tardia ou ineficiente do condutor;Saída de leito carroçável;Com Vítimas Feridas;Anoitecer;Crescente;Céu Claro;Dupla;"Reta;Declive";Sim;1;0;1;0;0;0;1;1;-19,33648887;-44,35964238;SPRF-MG;DEL02-MG;UOP01-DEL02-MG
660155;08/02/2025;sábado;21:40:00;RJ;101;410;ITAGUAI;Ausência de reação do condutor;Colisão traseira;Com Vítimas Feridas;Plena Noite;Decrescente;Céu Claro;Dupla;Reta;Não;2;0;0;1;0;1;1;2;-22,88990471;-43,84007225;SPRF-RJ;DEL03-RJ;UOP01-DEL03-RJ
660157;08/02/2025;sábado;20:50:00;SP;116;39;CACHOEIRA PAULISTA;Ausência de reação do condutor;Atropelamento de Pedestre;Com Vítimas Feridas;Plena Noite;Decrescente;Céu Claro;Simples;Curva;Não;2;0;1;0;1;0;1;2;-22,67527958;-44,99918431;SPRF-SP;DEL08-SP;UOP02-DEL08-SP
660160;08/02/2025;sábado;15:00:00;AC;364;67;PLACIDO DE CASTRO;Reação tardia ou ineficiente do condutor;Saída de leito carroçável;Com Vítimas Feridas;Pleno dia;Decrescente;Nublado;Simples;Reta;Não;2;0;0;1;0;1;1;2;-10,06103729;-67,31302104;SPRF-AC;DEL01-AC;UOP03-DEL01-AC
660161;08/02/2025;sábado;20:30:00;MT;70;3;BARRA DO GARCAS;Ausência de reação do condutor;Colisão traseira;Com Vítimas Feridas;Plena Noite;Decrescente;Céu Claro;Dupla;Declive;Não;4;0;3;0;1;0;3;3;-15,88252843;-52,27574027;SPRF-MT;DEL07-MT;UOP01-DEL07-MT
660162;08/02/2025;sábado;22:30:00;RJ;101;52;CAMPOS DOS GOYTACAZES;Acessar a via sem observar a presença dos outros veículos;Colisão transversal;Com Vítimas Fatais;Plena Noite;Crescente;Céu Claro;Simples;Reta;Sim;3;1;1;1;0;0;2;2;-21,65160802;-41,31128624;SPRF-RJ;DEL08-RJ;UOP01-DEL08-RJ
660163;08/02/2025;sábado;19:30:00;PB;230;463;SOUSA;Ingestão de álcool pelo condutor;Colisão traseira;Com Vítimas Fatais;Plena Noite;Decrescente;Céu Claro;Simples;Reta;Não;3;1;0;0;0;2;0;3;-6,781318;-38,263033;SPRF-PB;DEL03-PB;UOP03-DEL03-PB
660164;08/02/2025;sábado;22:40:00;MG;50;10,4;UBERLANDIA;Animais na Pista;Atropelamento de Animal;Com Vítimas Feridas;Plena Noite;Decrescente;Nublado;Dupla;"Curva;Declive";Não;3;0;2;1;0;0;3;1;-18,8851616;-48,1996357;SPRF-MG;DEL15-MG;UOP01-DEL15-MG
660165;08/02/2025;sábado;21:15:00;MG;381;373;SAO GONCALO DO RIO ABAIXO;Demais falhas mecânicas ou elétricas;Saída de leito carroçável;Com Vítimas Feridas;Plena Noite;Decrescente;Céu Claro;Simples;"Curva;Declive";Não;1;0;1;0;0;0;1;1;-19,83992808;-43,3214812;SPRF-MG;DEL01-MG;UOP01-DEL01-MG
660167;08/02/2025;sábado;21:45:00;SC;116;149,6;SANTA CECILIA;Ingestão de álcool pelo condutor;Saída de leito carroçável;Sem Vítimas;Plena Noite;Decrescente;Céu Claro;Simples;Curva;Não;1;0;0;0;1;0;0;1;-27,02405304;-50,42005513;SPRF-SC;DEL06-SC;UOP02-DEL06-SC
660168;08/02/2025;sábado;21:40:00;PR;376;546;PALMEIRA;Ausência de reação do condutor;Saída de leito carroçável;Sem Vítimas;Plena Noite;Crescente;Nublado;Dupla;Reta;Não;1;0;0;0;1;0;0;1;-25,45305085;-49,7368738;SPRF-PR;DEL03-PR;UOP03-DEL03-PR
660169;08/02/2025;sábado;22:50:00;SC;101;132;BALNEARIO CAMBORIU;Manobra de mudança de faixa;Colisão lateral mesmo sentido;Com Vítimas Feridas;Plena Noite;Decrescente;Nublado;Múltipla;Reta;Sim;2;0;1;0;1;0;1;2;-26,99654133;-48,65564711;SPRF-SC;DEL04-SC;UOP03-DEL04-SC
660171;08/02/2025;sábado;23:00:00;PR;116;101,5;SAO JOSE DOS PINHAIS;Ausência de reação do condutor;Saída de leito carroçável;Com Vítimas Feridas;Plena Noite;Crescente;Nublado;Dupla;"Reta;Viaduto";Sim;1;0;1;0;0;0;1;1;-25,56765304;-49,17339385;SPRF-PR;DEL01-PR;UOP07-DEL01-PR
660172;08/02/2025;sábado;21:40:00;GO;153;110,9;ESTRELA DO NORTE;Condutor Dormindo;Colisão lateral sentido oposto;Com Vítimas Feridas;Plena Noite;Decrescente;Céu Claro;Simples;"Reta;Declive";Não;4;0;3;0;1;0;3;2;-13,735314;-49,027287;SPRF-GO;DEL07-GO;UOP01-DEL07-GO
660173;08/02/2025;sábado;22:00:00;PR;376;466,5;PONTA GROSSA;Ausência de reação do condutor;Colisão traseira;Sem Vítimas;Plena Noite;Crescente;Céu Claro;Dupla;Reta;Não;2;0;0;0;0;2;0;2;-25,03339973;-50,30655477;SPRF-PR;DEL03-PR;UOP01-DEL03-PR
660175;08/02/2025;sábado;22:30:00;RO;364;342,3;JI-PARANA;Animais na Pista;Atropelamento de Animal;Com Vítimas Feridas;Plena Noite;Crescente;Céu Claro;Dupla;Reta;Sim;3;0;2;0;1;0;2;1;-10,88145;-61,940983;SPRF-RO;DEL02-RO;UOP01-DEL02-RO
660177;08/02/2025;sábado;19:00:00;RJ;116;258;PINHEIRAL;Manobra de mudança de faixa;Capotamento;Com Vítimas Feridas;Plena Noite;Crescente;Céu Claro;Dupla;Reta;Não;1;0;1;0;0;0;1;1;-22,58138777;-44,02160689;SPRF-RJ;DEL07-RJ;UOP02-DEL07-RJ
660178;08/02/2025;sábado;21:15:00;MA;10;168,3;PORTO FRANCO;Transitar na contramão;Colisão lateral sentido oposto;Com Vítimas Fatais;Plena Noite;Decrescente;Chuva;Simples;Reta;Não;4;2;0;0;2;0;0;2;-6,248398;-47,352127;SPRF-MA;DEL04-MA;UOP02-DEL04-MA
660179;09/02/2025;domingo;00:51:00;SC;101;223;PALHOCA;Ingestão de álcool pelo condutor;Colisão traseira;Com Vítimas Feridas;Plena Noite;Crescente;Céu Claro;Dupla;Reta;Não;2;0;1;1;0;0;2;2;-27,71552634;-48,64881251;SPRF-SC;DEL01-SC;UOP02-DEL01-SC
660180;09/02/2025;domingo;00:50:00;PR;116;11;COLOMBO;Reação tardia ou ineficiente do condutor;Colisão traseira;Com Vítimas Feridas;Plena Noite;Decrescente;Nublado;Dupla;Reta;Não;2;0;0;1;0;1;1;2;-25,3727;-49,1408;SPRF-PR;DEL01-PR;UOP02-DEL01-PR
660181;09/02/2025;domingo;00:40:00;PR;277;8;PARANAGUA;Ingestão de álcool pelo condutor;Saída de leito carroçável;Com Vítimas Feridas;Plena Noite;Decrescente;Nublado;Dupla;Reta;Não;1;0;1;0;0;0;1;1;-25,56452693;-48,59786689;SPRF-PR;DEL01-PR;UOP05-DEL01-PR
660184;09/02/2025;domingo;01:43:00;PR;277;68;SAO JOSE DOS PINHAIS;Ausência de reação do condutor;Colisão traseira;Com Vítimas Feridas;Plena Noite;Crescente;Nublado;Dupla;Reta;Não;3;0;1;0;2;0;1;2;-25,518098;-49,113185;SPRF-PR;DEL01-PR;UOP01-DEL01-PR
660185;09/02/2025;domingo;01:50:00;PR;376;135;NOVA ESPERANCA;Acessar a via sem observar a presença dos outros veículos;Colisão lateral mesmo sentido;Com Vítimas Feridas;Plena Noite;Decrescente;Céu Claro;Múltipla;Declive;Sim;2;0;0;1;0;1;1;2;-23,20194138;-52,19689503;SPRF-PR;DEL09-PR;UOP02-DEL09-PR
660187;08/02/2025;sábado;23:15:00;MG;116;539;SANTA BARBARA DO LESTE;Pista Escorregadia;Saída de leito carroçável;Com Vítimas Feridas;Plena Noite;Decrescente;Nublado;Simples;Curva;Não;3;0;0;3;0;0;3;1;-19,88240027;-42,13242591;SPRF-MG;DEL06-MG;UOP02-DEL06-MG
660188;09/02/2025;domingo;03:30:00;RS;116;233;NOVO HAMBURGO;Ausência de reação do condutor;Colisão com objeto;Com Vítimas Feridas;Plena Noite;Decrescente;Céu Claro;Simples;Reta;Sim;1;0;1;0;0;0;1;1;-29,64206007;-51,14268362;SPRF-RS;DEL01-RS;UOP02-DEL01-RS