id;data_inversa;dia_semana;horario;uf;br;km;municipio;causa_acidente;tipo_acidente;classificacao_acidente;fase_dia;sentido_via;condicao_metereologica;tipo_pista;tracado_via;uso_solo;pessoas;mortos;feridos_leves;feridos_graves;ilesos;ignorados;feridos;veiculos;latitude;longitude;regional;delegacia;uop
660189;09/02/2025;domingo;02:50:00;PI;343;165;BRASILEIRA;Ausência de reação do condutor;Tombamento;Com Vítimas Fatais;Plena Noite;Decrescente;Nublado;Simples;Reta;Não;1;1;0;0;0;0;0;1;-4,116477;-41,784775;SPRF-PI;DEL02-PI;UOP01-DEL02-PI
660191;09/02/2025;domingo;03:45:00;RS;116;482,5;TURUCU;Condutor Dormindo;Queda de ocupante de veículo;Com Vítimas Feridas;Plena Noite;Crescente;Céu Claro;Dupla;"Curva;Declive";Não;1;0;1;0;0;0;1;1;-31,40823579;-52,16643032;SPRF-RS;DEL07-RS;UOP01-DEL07-RS
660192;09/02/2025;domingo;01:00:00;GO;153;111,8;SANTA TEREZA DE GOIAS;Chuva;Colisão frontal;Com Vítimas Feridas;Plena Noite;Crescente;Chuva;Simples;Declive;Não;2;0;0;2;0;0;2;2;-13,752461;-49,029457;SPRF-GO;DEL07-GO;UOP01-DEL07-GO
660193;09/02/2025;domingo;03:30:00;PR;376;1;SAO JOSE DOS PINHAIS;Reação tardia ou ineficiente do condutor;Capotamento;Com Vítimas Feridas;Amanhecer;Decrescente;Nublado;Dupla;Reta;Sim;1;0;1;0;0;0;1;1;-25,5307;-49,1958;SPRF-PR;DEL01-PR;UOP04-DEL01-PR
660194;09/02/2025;domingo;04:25:00;SC;101;109;PENHA;Reação tardia ou ineficiente do condutor;Capotamento;Com Vítimas Feridas;Plena Noite;Crescente;Céu Claro;Dupla;Curva;Não;1;0;0;1;0;0;1;1;-26,8333519;-48,69632106;SPRF-SC;DEL03-SC;UOP02-DEL03-SC
660195;09/02/2025;domingo;04:00:00;PR;277;82,6;CURITIBA;Entrada inopinada do pedestre;Atropelamento de Pedestre;Com Vítimas Feridas;Plena Noite;Decrescente;Nublado;Dupla;Reta;Sim;3;0;0;1;2;0;1;2;-25,45104147;-49,22777832;SPRF-PR;DEL01-PR;UOP03-DEL01-PR
660196;09/02/2025;domingo;04:40:00;MG;262;442,5;NOVA SERRANA;Animais na Pista;Atropelamento de Animal;Com Vítimas Feridas;Amanhecer;Crescente;Céu Claro;Dupla;Reta;Sim;1;0;0;1;0;0;1;1;-19,8806236;-44,91232265;SPRF-MG;DEL08-MG;UOP03-DEL08-MG
660197;09/02/2025;domingo;05:20:00;RS;386;343;LAJEADO;Transitar na contramão;Colisão frontal;Com Vítimas Feridas;Pleno dia;Decrescente;Céu Claro;Dupla;Reta;Sim;5;0;0;1;4;0;1;2;-29,434835;-52,002365;SPRF-RS;DEL04-RS;UOP01-DEL04-RS
660198;09/02/2025;domingo;05:30:00;SC;101;133;BALNEARIO CAMBORIU;Ausência de reação do condutor;Colisão com objeto;Com Vítimas Feridas;Pleno dia;Crescente;Céu Claro;Múltipla;Reta;Sim;1;0;1;0;0;0;1;1;-26,99936;-48,64609;SPRF-SC;DEL04-SC;UOP03-DEL04-SC
660199;09/02/2025;domingo;03:30:00;RS;158;153,6;PANAMBI;Ingestão de álcool pelo condutor;Saída de leito carroçável;Com Vítimas Feridas;Plena Noite;Crescente;Céu Claro;Simples;Curva;Não;1;0;0;1;0;0;1;1;-28,30997263;-53,49243164;SPRF-RS;DEL10-RS;UOP02-DEL10-RS
660200;09/02/2025;domingo;04:00:00;SC;101;415;ARARANGUA;Condutor Dormindo;Saída de leito carroçável;Com Vítimas Feridas;Plena Noite;Decrescente;Céu Claro;Múltipla;Curva;Sim;2;0;0;2;0;0;2;1;-28,96040535;-49,51653267;SPRF-SC;DEL02-SC;UOP02-DEL02-SC
660201;09/02/2025;domingo;04:51:00;RS;290;88;PORTO ALEGRE;Ausência de reação do condutor;Colisão com objeto;Sem Vítimas;Plena Noite;Crescente;Céu Claro;Múltipla;Reta;Não;1;0;0;0;1;0;0;1;-29,967531;-51,137264;SPRF-RS;DEL01-RS;UOP01-DEL01-RS
660203;09/02/2025;domingo;05:55:00;SC;470;50;BLUMENAU;Condutor Dormindo;Colisão traseira;Com Vítimas Feridas;Amanhecer;Decrescente;Céu Claro;Dupla;Reta;Não;2;0;1;0;0;1;1;2;-26,859768;-49,074493;SPRF-SC;DEL04-SC;UOP01-DEL04-SC
660205;09/02/2025;domingo;05:55:00;PR;277;591,2;CASCAVEL;Ausência de reação do condutor;Colisão lateral sentido oposto;Com Vítimas Feridas;Pleno dia;Decrescente;Céu Claro;Simples;Reta;Sim;2;0;0;1;1;0;1;2;-24,98473242;-53,46501885;SPRF-PR;DEL04-PR;UOP01-DEL04-PR
660208;09/02/2025;domingo;02:56:00;MT;70;505;CUIABA;Reação tardia ou ineficiente do condutor;Colisão frontal;Com Vítimas Feridas;Plena Noite;Crescente;Céu Claro;Simples;Reta;Não;2;0;0;1;1;0;1;2;-15,66438002;-55,96475201;SPRF-MT;DEL01-MT;UOP02-DEL01-MT
660211;09/02/2025;domingo;06:50:00;RS;290;91;PORTO ALEGRE;Demais falhas mecânicas ou elétricas;Incêndio;Sem Vítimas;Pleno dia;Crescente;Céu Claro;Simples;Curva;Sim;1;0;0;0;1;0;0;1;-29,969055;-51,167439;SPRF-RS;DEL01-RS;UOP01-DEL01-RS
660212;08/02/2025;sábado;23:30:00;RO;364;444;JARU;Demais falhas mecânicas ou elétricas;Saída de leito carroçável;Com Vítimas Feridas;Plena Noite;Decrescente;Nublado;Simples;Reta;Não;2;0;2;0;0;0;2;1;-10,33240944;-62,61010833;SPRF-RO;DEL03-RO;UOP02-DEL03-RO
660213;09/02/2025;domingo;01:00:00;SP;116;224;GUARULHOS;Reação tardia ou ineficiente do condutor;Colisão traseira;Com Vítimas Feridas;Plena Noite;Crescente;Céu Claro;Múltipla;Reta;Sim;3;0;1;0;2;0;1;2;-23,48071896;-46,53271603;SPRF-SP;DEL01-SP;UOP01-DEL01-SP
660214;09/02/2025;domingo;06:40:00;PR;277;72;SAO JOSE DOS PINHAIS;Condutor deixou de manter distância do veículo da frente;Colisão traseira;Com Vítimas Feridas;Pleno dia;Crescente;Nublado;Dupla;Reta;Não;3;0;1;0;2;0;1;2;-25,50583;-49,140688;SPRF-PR;DEL01-PR;UOP07-DEL01-PR
660215;08/02/2025;sábado;19:40:00;RJ;393;296;BARRA MANSA;Conversão proibida;Colisão transversal;Com Vítimas Feridas;Plena Noite;Decrescente;Céu Claro;Simples;Curva;Sim;2;0;0;1;0;1;1;2;-22,527174;-44,116318;SPRF-RJ;DEL07-RJ;UOP02-DEL07-RJ
660216;09/02/2025;domingo;06:00:00;TO;153;241;COLINAS DO TOCANTINS;Ultrapassagem Indevida;Colisão lateral mesmo sentido;Com Vítimas Feridas;Amanhecer;Decrescente;Garoa/Chuvisco;Simples;Reta;Não;2;0;2;0;0;0;2;2;-7,994203;-48,46468483;SPRF-TO;DEL02-TO;UOP01-DEL02-TO
660218;09/02/2025;domingo;00:30:00;CE;230;46;LAVRAS DA MANGABEIRA;Animais na Pista;Atropelamento de Animal;Com Vítimas Feridas;Plena Noite;Decrescente;Céu Claro;Simples;Reta;Não;2;0;1;1;0;0;2;1;-6,76838187;-39,01241399;SPRF-CE;DEL05-CE;UOP01-DEL05-CE
660219;09/02/2025;domingo;08:05:00;SC;101;53,1;JOINVILLE;Velocidade Incompatível;Saída de leito carroçável;Com Vítimas Feridas;Pleno dia;Decrescente;Céu Claro;Dupla;Curva;Não;1;0;1;0;0;0;1;1;-26,41498481;-48,83531213;SPRF-SC;DEL03-SC;UOP01-DEL03-SC
660220;09/02/2025;domingo;05:40:00;MT;163;746;SORRISO;Afundamento ou ondulação no pavimento;Queda de ocupante de veículo;Com Vítimas Feridas;Pleno dia;Decrescente;Céu Claro;Dupla;Reta;Sim;1;0;1;0;0;0;1;1;-12,59752474;-55,7465744;SPRF-MT;DEL06-MT;UOP01-DEL06-MT
660221;09/02/2025;domingo;01:40:00;RO;364;318,4;PRESIDENTE MEDICI;Ausência de reação do condutor;Colisão traseira;Sem Vítimas;Plena Noite;Crescente;Chuva;Simples;Reta;Sim;4;0;0;0;4;0;0;2;-11,081358;-61,917035;SPRF-RO;DEL02-RO;UOP01-DEL02-RO
660222;09/02/2025;domingo;05:40:00;PB;412;43;SAO JOAO DO CARIRI;Ausência de reação do condutor;Saída de leito carroçável;Com Vítimas Feridas;Pleno dia;Crescente;Céu Claro;Simples;"Declive;Reta";Não;5;0;1;0;4;0;1;1;-7,337673;-36,428707;SPRF-PB;DEL02-PB;UOP02-DEL02-PB
660223;09/02/2025;domingo;02:15:00;RO;364;339,1;JI-PARANA;Ingestão de álcool pelo condutor;Colisão com objeto;Com Vítimas Feridas;Plena Noite;Decrescente;Céu Claro;Simples;"Declive;Interseção de Vias";Sim;2;0;1;0;0;1;1;1;-10,91683399;-61,9298606;SPRF-RO;DEL02-RO;UOP01-DEL02-RO
660225;09/02/2025;domingo;08:00:00;SE;235;45,5;ITABAIANA;Velocidade Incompatível;Colisão lateral sentido oposto;Sem Vítimas;Pleno dia;Crescente;Céu Claro;Simples;Reta;Não;2;0;0;0;2;0;0;2;-10,746924;-37,399899;SPRF-SE;DEL01-SE;UOP02-DEL01-SE
660226;09/02/2025;domingo;07:15:00;GO;40;12,9;LUZIANIA;Acessar a via sem observar a presença dos outros veículos;Colisão transversal;Com Vítimas Feridas;Pleno dia;Decrescente;Céu Claro;Dupla;Reta;Sim;3;0;2;0;0;1;2;2;-16,15029677;-47,94025898;SPRF-DF;DEL01-DF;UOP01-DEL01-DF
660228;09/02/2025;domingo;07:23:00;PR;376;353;ORTIGUEIRA;Reação tardia ou ineficiente do condutor;Colisão com objeto;Sem Vítimas;Pleno dia;Decrescente;Céu Claro;Dupla;Reta;Não;1;0;0;0;0;1;0;1;-24,22939419;-50,92532158;SPRF-PR;DEL07-PR;UOP02-DEL07-PR
660229;09/02/2025;domingo;08:00:00;SC;282;42;AGUAS MORNAS;Reação tardia ou ineficiente do condutor;Queda de ocupante de veículo;Com Vítimas Feridas;Pleno dia;Crescente;Céu Claro;Simples;Reta;Sim;1;0;1;0;0;0;1;1;-27,72077;-48,887478;SPRF-SC;DEL01-SC;UOP03-DEL01-SC
660230;09/02/2025;domingo;09:00:00;MG;153;83,2;PRATA;Carga excessiva e/ou mal acondicionada;Colisão com objeto;Com Vítimas Feridas;Pleno dia;Crescente;Céu Claro;Simples;"Reta;Aclive";Não;4;0;1;0;2;1;1;2;-19,09180667;-48,98869157;SPRF-MG;DEL15-MG;UOP03-DEL15-MG
660231;09/02/2025;domingo;06:20:00;RJ;116;195;QUEIMADOS;Ausência de reação do condutor;Colisão traseira;Com Vítimas Feridas;Pleno dia;Crescente;Céu Claro;Dupla;Reta;Sim;3;0;0;1;1;1;1;2;-22,73573614;-43,54749701;SPRF-RJ;DEL06-RJ;UOP01-DEL06-RJ
660232;09/02/2025;domingo;09:05:00;SC;470;49,5;BLUMENAU;Manobra de mudança de faixa;Colisão transversal;Com Vítimas Feridas;Pleno dia;Decrescente;Céu Claro;Dupla;"Declive;Curva";Não;4;0;1;0;3;0;1;2;-26,86160568;-49,07026291;SPRF-SC;DEL04-SC;UOP01-DEL04-SC
660233;09/02/2025;domingo;06:30:00;SP;381;89;SAO PAULO;Demais falhas mecânicas ou elétricas;Incêndio;Sem Vítimas;Pleno dia;Decrescente;Céu Claro;Múltipla;Reta;Sim;1;0;0;0;1;0;0;1;-23,48469299;-46,55983288;SPRF-SP;DEL03-SP;UOP01-DEL03-SP
660234;09/02/2025;domingo;06:40:00;MT;364;205;RONDONOPOLIS;Ingestão de álcool pelo condutor;Tombamento;Com Vítimas Feridas;Pleno dia;Crescente;Céu Claro;Dupla;Curva;Não;1;0;0;1;0;0;1;1;-16,45928621;-54,66092345;SPRF-MT;DEL02-MT;UOP01-DEL02-MT
660235;09/02/2025;domingo;08:35:00;DF;20;25;BRASILIA;Velocidade Incompatível;Saída de leito carroçável;Com Vítimas Feridas;Pleno dia;Crescente;Nublado;Dupla;Curva;Sim;1;0;0;1;0;0;1;1;-15,595603;-47,649715;SPRF-DF;DEL02-DF;UOP01-DEL02-DF
660236;09/02/2025;domingo;07:25:00;MS;60;396,9;SIDROLANDIA;Ausência de reação do condutor;Colisão traseira;Com Vítimas Feridas;Pleno dia;Crescente;Céu Claro;Simples;Reta;Não;4;0;1;0;3;0;1;2;-20,77427;-54,790667;SPRF-MS;DEL01-MS;UOP04-DEL01-MS
660237;09/02/2025;domingo;08:30:00;BA;367;24;PORTO SEGURO;Velocidade Incompatível;Colisão traseira;Com Vítimas Feridas;Pleno dia;Decrescente;Céu Claro;Simples;Reta;Não;3;0;1;0;0;2;1;3;-16,43763962;-39,0813791;SPRF-BA;DEL09-BA;UOP03-DEL09-BA
660238;09/02/2025;domingo;09:00:00;BA;110;324;ALAGOINHAS;Reação tardia ou ineficiente do condutor;Saída de leito carroçável;Com Vítimas Feridas;Pleno dia;Decrescente;Sol;Simples;Curva;Não;1;0;0;1;0;0;1;1;-12,04970688;-38,36089325;SPRF-BA;DEL01-BA;UOP04-DEL01-BA
660239;09/02/2025;domingo;10:00:00;RN;101;112;SAO JOSE DE MIPIBU;Acessar a via sem observar a presença dos outros veículos;Colisão transversal;Com Vítimas Feridas;Pleno dia;Crescente;Céu Claro;Dupla;"Retorno Regulamentado;Reta";Não;3;0;1;0;2;0;1;2;-5,96429;-35,264877;SPRF-RN;DEL01-RN;UOP01-DEL01-RN
660240;09/02/2025;domingo;09:00:00;RS;116;103;ELDORADO DO SUL;Demais falhas mecânicas ou elétricas;Queda de ocupante de veículo;Com Vítimas Feridas;Pleno dia;Crescente;Céu Claro;Dupla;"Aclive;Reta";Não;2;0;2;0;0;0;2;1;-29,99175162;-51,27097249;SPRF-RS;DEL05-RS;UOP01-DEL05-RS
660242;09/02/2025;domingo;10:25:00;SC;280;26;ARAQUARI;Acessar a via sem observar a presença dos outros veículos;Colisão transversal;Com Vítimas Feridas;Pleno dia;Decrescente;Sol;Simples;Reta;Sim;3;0;2;0;1;0;2;2;-26,38972308;-48,73411593;SPRF-SC;DEL03-SC;UOP03-DEL03-SC
660243;09/02/2025;domingo;10:30:00;SC;101;217,4;PALHOCA;Avarias e/ou desgaste excessivo no pneu;Queda de ocupante de veículo;Com Vítimas Feridas;Pleno dia;Decrescente;Céu Claro;Dupla;Reta;Não;2;0;2;0;0;0;2;1;-27,66779034;-48,67393586;SPRF-SC;DEL01-SC;UOP02-DEL01-SC
660244;09/02/2025;domingo;09:45:00;SC;470;98,5;APIUNA;Reação tardia ou ineficiente do condutor;Colisão traseira;Com Vítimas Feridas;Pleno dia;Crescente;Nublado;Simples;Reta;Sim;2;0;1;0;1;0;1;2;-27,03707199;-49,39221382;SPRF-SC;DEL04-SC;UOP02-DEL04-SC
660245;09/02/2025;domingo;10:50:00;MG;50;15;UBERLANDIA;Demais falhas mecânicas ou elétricas;Queda de ocupante de veículo;Com Vítimas Feridas;Pleno dia;Decrescente;Céu Claro;Dupla;Reta;Sim;1;0;1;0;0;0;1;1;-18,9113;-48,2622;SPRF-MG;DEL15-MG;UOP01-DEL15-MG
660247;09/02/2025;domingo;10:00:00;SP;116;58;GUARATINGUETA;Ausência de reação do condutor;Colisão traseira;Com Vítimas Feridas;Pleno dia;Decrescente;Céu Claro;Dupla;Reta;Sim;1;0;0;1;0;0;1;1;-22,78005511;-45,14572791;SPRF-SP;DEL08-SP;UOP01-DEL08-SP
660248;09/02/2025;domingo;10:40:00;RN;101;94;NATAL;Condutor deixou de manter distância do veículo da frente;Colisão traseira;Com Vítimas Feridas;Pleno dia;Crescente;Céu Claro;Múltipla;Reta;Sim;2;0;1;0;1;0;1;2;-5,83176615;-35,21191342;SPRF-RN;DEL01-RN;UOP01-DEL01-RN
660249;09/02/2025;domingo;09:50:00;PR;376;467;PONTA GROSSA;Reação tardia ou ineficiente do condutor;Colisão com objeto;Com Vítimas Fatais;Pleno dia;Decrescente;Sol;Dupla;"Aclive;Curva";Não;1;1;0;0;0;0;0;1;-25,036419;-50,297497;SPRF-PR;DEL03-PR;UOP01-DEL03-PR
660253;09/02/2025;domingo;11:15:00;GO;60;120;TEREZOPOLIS DE GOIAS;Ausência de reação do condutor;Queda de ocupante de veículo;Com Vítimas Feridas;Pleno dia;Decrescente;Céu Claro;Dupla;Declive;Não;1;0;1;0;0;0;1;1;-16,4979;-49,1065;SPRF-GO;DEL01-GO;UOP01-DEL01-GO
660254;09/02/2025;domingo;12:01:00;PB;101;25;RIO TINTO;Retorno proibido;Colisão lateral mesmo sentido;Com Vítimas Feridas;Pleno dia;Crescente;Céu Claro;Dupla;"Retorno Regulamentado;Reta";Não;2;0;0;1;1;0;1;2;-6,69578701;-35,1161778;SPRF-PB;DEL01-PB;UOP03-DEL01-PB
660255;09/02/2025;domingo;09:12:00;PR;376;654;TIJUCAS DO SUL;Velocidade Incompatível;Tombamento;Com Vítimas Feridas;Pleno dia;Crescente;Céu Claro;Dupla;Curva;Não;2;0;0;1;0;1;1;2;-25,84325961;-49,05169114;SPRF-PR;DEL01-PR;UOP04-DEL01-PR
660257;09/02/2025;domingo;08:20:00;SC;282;446;PONTE SERRADA;Transitar na contramão;Colisão frontal;Com Vítimas Fatais;Pleno dia;Crescente;Céu Claro;Simples;Curva;Não;2;1;0;0;1;0;0;2;-26,912537;-51,905172;SPRF-SC;DEL07-SC;UOP04-DEL07-SC
660259;09/02/2025;domingo;11:55:00;BA;415;30;ILHEUS;Ausência de reação do condutor;Saída de leito carroçável;Com Vítimas Feridas;Pleno dia;Decrescente;Chuva;Simples;Curva;Não;3;0;3;0;0;0;3;1;-14,8482;-39,281986;SPRF-BA;DEL05-BA;UOP01-DEL05-BA
660260;09/02/2025;domingo;12:30:00;ES;101;275;SERRA;Reação tardia ou ineficiente do condutor;Queda de ocupante de veículo;Com Vítimas Feridas;Pleno dia;Decrescente;Céu Claro;Dupla;Reta;Não;1;0;1;0;0;0;1;1;-20,20828089;-40,30388897;SPRF-ES;DEL02-ES;UOP01-DEL02-ES
660261;09/02/2025;domingo;12:55:00;RN;304;53,9;MOSSORO;Conversão proibida;Colisão transversal;Com Vítimas Feridas;Pleno dia;Decrescente;Céu Claro;Simples;Reta;Não;4;0;0;1;3;0;1;2;-5,26805991;-37,30005184;SPRF-RN;DEL04-RN;UOP01-DEL04-RN
660263;09/02/2025;domingo;10:30:00;RJ;40;62;PETROPOLIS;Retorno proibido;Colisão transversal;Sem Vítimas;Pleno dia;Decrescente;Céu Claro;Dupla;"Reta;Aclive";Não;4;0;0;0;4;0;0;2;-22,40542358;-43,14664526;SPRF-RJ;DEL05-RJ;UOP02-DEL05-RJ
660264;09/02/2025;domingo;12:15:00;SC;101;157,3;PORTO BELO;Reação tardia ou ineficiente do condutor;Colisão com objeto;Com Vítimas Feridas;Pleno dia;Decrescente;Céu Claro;Dupla;Reta;Sim;2;0;1;0;1;0;1;1;-27,181625;-48,6121179;SPRF-SC;DEL04-SC;UOP03-DEL04-SC
660266;09/02/2025;domingo;13:15:00;SP;101;51;UBATUBA;Acessar a via sem observar a presença dos outros veículos;Colisão transversal;Com Vítimas Feridas;Pleno dia;Crescente;Céu Claro;Simples;Reta;Sim;2;0;1;1;0;0;2;2;-23,45627795;-45,07111896;SPRF-SP;DEL06-SP;UOP01-DEL06-SP
660268;09/02/2025;domingo;13:25:00;RN;304;75,2;MOSSORO;Demais falhas mecânicas ou elétricas;Queda de ocupante de veículo;Com Vítimas Feridas;Pleno dia;Crescente;Sol;Simples;Reta;Não;2;0;2;0;0;0;2;1;-5,44441141;-37,19221552;SPRF-RN;DEL04-RN;UOP01-DEL04-RN
660270;09/02/2025;domingo;12:45:00;RJ;116;185;NOVA IGUACU;Ausência de reação do condutor;Colisão traseira;Com Vítimas Feridas;Pleno dia;Crescente;Céu Claro;Dupla;Reta;Não;5;0;1;0;4;0;1;4;-22,74151051;-43,45351823;SPRF-RJ;DEL06-RJ;UOP01-DEL06-RJ
660272;09/02/2025;domingo;13:20:00;RJ;116;279,1;BARRA MANSA;Reação tardia ou ineficiente do condutor;Colisão lateral mesmo sentido;Com Vítimas Feridas;Pleno dia;Crescente;Céu Claro;Dupla;Curva;Sim;2;0;1;0;1;0;1;2;-22,54744306;-44,1836602;SPRF-RJ;DEL07-RJ;UOP02-DEL07-RJ
660273;09/02/2025;domingo;12:00:00;SC;101;99;BALNEARIO PICARRAS;Avarias e/ou desgaste excessivo no pneu;Tombamento;Com Vítimas Feridas;Pleno dia;Crescente;Céu Claro;Dupla;Reta;Não;2;0;2;0;0;0;2;1;-26,7471002;-48,69654831;SPRF-SC;DEL03-SC;UOP02-DEL03-SC
660274;09/02/2025;domingo;13:15:00;RS;101;15;DOM PEDRO DE ALCANTARA;Condutor Dormindo;Saída de leito carroçável;Com Vítimas Feridas;Pleno dia;Crescente;Céu Claro;Dupla;Curva;Não;3;0;2;0;1;0;2;1;-29,40232826;-49,8584686;SPRF-RS;DEL03-RS;UOP02-DEL03-RS
660276;09/02/2025;domingo;12:45:00;DF;60;2,5;BRASILIA;Reação tardia ou ineficiente do condutor;Saída de leito carroçável;Com Vítimas Feridas;Pleno dia;Decrescente;Nublado;Dupla;Reta;Sim;3;0;1;0;2;0;1;1;-15,887383;-48,077988;SPRF-DF;DEL03-DF;UOP01-DEL03-DF
660277;09/02/2025;domingo;13:10:00;SP;116;378;MIRACATU;Condutor Dormindo;Colisão com objeto;Sem Vítimas;Pleno dia;Decrescente;Céu Claro;Dupla;Curva;Não;1;0;0;0;1;0;0;1;-24,20096745;-47,3709514;SPRF-SP;DEL04-SP;UOP02-DEL04-SP
660278;09/02/2025;domingo;14:40:00;SP;116;231;GUARULHOS;Reação tardia ou ineficiente do condutor;Colisão lateral mesmo sentido;Com Vítimas Feridas;Pleno dia;Crescente;Sol;Múltipla;"Reta;Declive";Não;2;0;1;0;1;0;1;2;-23,5290581;-46,59398303;SPRF-SP;DEL01-SP;UOP01-DEL01-SP
660279;09/02/2025;domingo;14:15:00;MG;381;453,5;SABARA;Condutor deixou de manter distância do veículo da frente;Colisão traseira;Com Vítimas Feridas;Pleno dia;Crescente;Céu Claro;Simples;"Ponte;Reta";Sim;2;0;1;0;1;0;1;2;-19,8415497;-43,86868596;SPRF-MG;DEL01-MG;UOP01-DEL01-MG
660284;09/02/2025;domingo;14:20:00;MT;163;847;SINOP;Ausência de reação do condutor;Queda de ocupante de veículo;Com Vítimas Feridas;Pleno dia;Decrescente;Ignorado;Simples;Reta;Não;2;0;1;0;1;0;1;1;-11,88145004;-55,50045981;SPRF-MT;DEL06-MT;UOP02-DEL06-MT
660285;09/02/2025;domingo;15:20:00;SC;470;53,2;BLUMENAU;Ingestão de álcool pelo condutor;Colisão lateral sentido oposto;Com Vítimas Feridas;Pleno dia;Crescente;Sol;Simples;Curva;Não;2;0;1;1;0;0;2;2;-26,867121;-49,102066;SPRF-SC;DEL04-SC;UOP01-DEL04-SC
660287;09/02/2025;domingo;15:32:00;PB;230;97;GURINHEM;Reação tardia ou ineficiente do condutor;Saída de leito carroçável;Com Vítimas Feridas;Pleno dia;Decrescente;Sol;Dupla;Reta;Não;6;0;0;1;5;0;1;3;-7,1867;-35,4537;SPRF-PB;DEL01-PB;UOP02-DEL01-PB
660288;09/02/2025;domingo;14:30:00;CE;222;3;FORTALEZA;Condutor desrespeitou a iluminação vermelha do semáforo;Colisão transversal;Com Vítimas Feridas;Pleno dia;Decrescente;Céu Claro;Múltipla;"Reta;Interseção de Vias";Sim;2;0;1;0;1;0;1;2;-3,7403769;-38,59569202;SPRF-CE;DEL01-CE;UOP01-DEL01-CE
660289;09/02/2025;domingo;15:30:00;RS;392;45,5;RIO GRANDE;Reação tardia ou ineficiente do condutor;Saída de leito carroçável;Com Vítimas Feridas;Pleno dia;Decrescente;Céu Claro;Dupla;Reta;Não;3;0;2;0;1;0;2;1;-31,91917407;-52,3144974;SPRF-RS;DEL07-RS;UOP02-DEL07-RS
660291;09/02/2025;domingo;15:50:00;MG;40;496,5;ESMERALDAS;Velocidade Incompatível;Colisão com objeto;Com Vítimas Feridas;Pleno dia;Crescente;Nublado;Dupla;"Curva;Declive";Sim;2;0;2;0;0;0;2;1;-19,67806052;-44,18852448;SPRF-MG;DEL02-MG;UOP01-DEL02-MG
660292;09/02/2025;domingo;16:00:00;PR;163;202;CASCAVEL;Acumulo de água sobre o pavimento;Saída de leito carroçável;Com Vítimas Fatais;Pleno dia;Crescente;Chuva;Dupla;Reta;Não;1;1;0;0;0;0;0;1;-25,01364099;-53,55458482;SPRF-PR;DEL05-PR;UOP05-DEL05-PR
660293;09/02/2025;domingo;16:00:00;PR;376;183;SARANDI;Velocidade Incompatível;Colisão traseira;Com Vítimas Feridas;Pleno dia;Crescente;Céu Claro;Múltipla;Reta;Sim;3;0;1;0;2;0;1;2;-23,44159097;-51,87067398;SPRF-PR;DEL09-PR;UOP01-DEL09-PR
660295;09/02/2025;domingo;13:45:00;GO;60;95;ANAPOLIS;Ausência de reação do condutor;Colisão traseira;Com Vítimas Feridas;Pleno dia;Decrescente;Céu Claro;Múltipla;Reta;Sim;2;0;1;0;1;0;1;2;-16,3679;-48,939;SPRF-GO;DEL02-GO;UOP01-DEL02-GO
660296;09/02/2025;domingo;15:45:00;MS;163;40;ELDORADO;Ausência de reação do condutor;Saída de leito carroçável;Com Vítimas Feridas;Pleno dia;Decrescente;Céu Claro;Simples;Reta;Não;2;0;1;0;1;0;1;1;-23,78880331;-54,27961975;SPRF-MS;DEL09-MS;UOP02-DEL09-MS
660297;09/02/2025;domingo;17:05:00;PR;476;143;CURITIBA;Demais falhas mecânicas ou elétricas;Queda de ocupante de veículo;Com Vítimas Feridas;Pleno dia;Decrescente;Céu Claro;Dupla;Reta;Sim;2;0;2;0;0;0;2;1;-25,543802;-49,305328;SPRF-PR;DEL01-PR;UOP06-DEL01-PR
660298;09/02/2025;domingo;16:45:00;PB;230;14;CABEDELO;Ingestão de álcool pelo condutor;Saída de leito carroçável;Com Vítimas Feridas;Pleno dia;Crescente;Céu Claro;Múltipla;Reta;Sim;1;0;1;0;0;0;1;1;-7,08878739;-34,84822512;SPRF-PB;DEL01-PB;UOP01-DEL01-PB
660299;09/02/2025;domingo;15:00:00;RN;405;92;ITAU;Ingestão de álcool pelo condutor;Colisão traseira;Com Vítimas Feridas;Pleno dia;Crescente;Céu Claro;Simples;Reta;Não;3;0;1;0;2;0;1;2;-5,74759952;-37,86997688;SPRF-RN;DEL04-RN;UOP02-DEL04-RN
660300;09/02/2025;domingo;16:00:00;MG;40;510;RIBEIRAO DAS NEVES;Condutor deixou de manter distância do veículo da frente;Colisão traseira;Sem Vítimas;Pleno dia;Crescente;Céu Claro;Dupla;Reta;Não;3;0;0;0;3;0;0;3;-19,77463885;-44,12321882;SPRF-MG;DEL01-MG;UOP02-DEL01-MG
660301;09/02/2025;domingo;08:45:00;SC;280;85;CORUPA;Reação tardia ou ineficiente do condutor;Colisão traseira;Com Vítimas Feridas;Pleno dia;Crescente;Céu Claro;Simples;"Aclive;Reta";Não;7;0;1;0;6;0;1;2;-26,41662398;-49,25617218;SPRF-SC;DEL06-SC;UOP03-DEL06-SC
660302;16/01/2025;quinta-feira;20:50:00;PB;230;46;SANTA RITA;Ingestão de álcool pelo condutor;Colisão traseira;Com Vítimas Feridas;Plena Noite;Decrescente;Céu Claro;Dupla;Reta;Não;2;0;0;1;0;1;1;2;-7,1635;-35,025;SPRF-PB;DEL01-PB;UOP02-DEL01-PB