id;data_inversa;dia_semana;horario;uf;br;km;municipio;causa_acidente;tipo_acidente;classificacao_acidente;fase_dia;sentido_via;condicao_metereologica;tipo_pista;tracado_via;uso_solo;pessoas;mortos;feridos_leves;feridos_graves;ilesos;ignorados;feridos;veiculos;latitude;longitude;regional;delegacia;uop
660304;09/02/2025;domingo;16:30:00;DF;70;10;BRASILIA;Ingestão de álcool pelo condutor;Queda de ocupante de veículo;Com Vítimas Feridas;Pleno dia;Decrescente;Céu Claro;Dupla;Reta;Sim;2;0;2;0;0;0;2;1;-15,787066;-48,140709;SPRF-DF;DEL03-DF;UOP02-DEL03-DF
660305;09/02/2025;domingo;16:15:00;MG;262;358;BETIM;Velocidade Incompatível;Saída de leito carroçável;Com Vítimas Feridas;Pleno dia;Crescente;Nublado;Dupla;Reta;Não;1;0;1;0;0;0;1;1;-19,97562699;-44,197751;SPRF-MG;DEL01-MG;UOP03-DEL01-MG
660306;09/02/2025;domingo;17:00:00;ES;101;350,1;GUARAPARI;Ausência de reação do condutor;Capotamento;Com Vítimas Feridas;Pleno dia;Crescente;Sol;Dupla;Curva;Não;2;0;2;0;0;0;2;1;-20,665676;-40,655926;SPRF-ES;DEL03-ES;UOP01-DEL03-ES
660307;09/02/2025;domingo;14:40:00;SC;101;30,9;JOINVILLE;Avarias e/ou desgaste excessivo no pneu;Tombamento;Com Vítimas Feridas;Pleno dia;Crescente;Céu Claro;Dupla;Reta;Não;2;0;2;0;0;0;2;1;-26,23665019;-48,91503811;SPRF-SC;DEL03-SC;UOP01-DEL03-SC
660308;09/02/2025;domingo;16:50:00;SC;101;164;TIJUCAS;Ausência de reação do condutor;Colisão traseira;Com Vítimas Feridas;Pleno dia;Decrescente;Céu Claro;Dupla;"Reta;Declive;Interseção de Vias";Sim;3;0;1;0;2;0;1;2;-27,243868;-48,6309;SPRF-SC;DEL04-SC;UOP03-DEL04-SC
660309;09/02/2025;domingo;16:32:00;GO;70;14;AGUAS LINDAS DE GOIAS;Reação tardia ou ineficiente do condutor;Colisão traseira;Sem Vítimas;Pleno dia;Crescente;Nublado;Dupla;"Curva;Aclive";Não;3;0;0;0;3;0;0;2;-15,75117968;-48,3251492;SPRF-DF;DEL03-DF;UOP02-DEL03-DF
660310;09/02/2025;domingo;16:20:00;SC;116;224,3;CORREIA PINTO;Mal súbito do condutor;Saída de leito carroçável;Com Vítimas Feridas;Pleno dia;Decrescente;Céu Claro;Simples;Curva;Não;2;0;2;0;0;0;2;1;-27,621103;-50,344333;SPRF-SC;DEL05-SC;UOP03-DEL05-SC
660312;09/02/2025;domingo;17:30:00;RS;386;335;MARQUES DE SOUZA;Ultrapassagem Indevida;Colisão lateral mesmo sentido;Com Vítimas Feridas;Pleno dia;Crescente;Céu Claro;Simples;Curva;Não;9;0;6;1;1;1;7;3;-29,385532;-52,052769;SPRF-RS;DEL04-RS;UOP01-DEL04-RS
660314;09/02/2025;domingo;17:30:00;ES;101;260;SERRA;Ausência de reação do condutor;Queda de ocupante de veículo;Com Vítimas Feridas;Plena Noite;Crescente;Céu Claro;Simples;Reta;Não;1;0;1;0;0;0;1;1;-20,14616415;-40,28836206;SPRF-ES;DEL02-ES;UOP01-DEL02-ES
660315;09/02/2025;domingo;17:10:00;GO;452;0,5;RIO VERDE;Ausência de reação do condutor;Colisão traseira;Com Vítimas Feridas;Pleno dia;Decrescente;Céu Claro;Dupla;Reta;Sim;2;0;1;0;1;0;1;2;-17,786345;-50,901516;SPRF-GO;DEL04-GO;UOP01-DEL04-GO
660316;09/02/2025;domingo;17:30:00;PE;101;67,7;RECIFE;Condutor deixou de manter distância do veículo da frente;Colisão traseira;Com Vítimas Feridas;Anoitecer;Crescente;Nublado;Múltipla;Reta;Não;3;0;1;1;1;0;2;2;-8,042334;-34,943096;SPRF-PE;DEL01-PE;UOP01-DEL01-PE
660317;09/02/2025;domingo;18:06:00;RS;290;105;ELDORADO DO SUL;Ausência de reação do condutor;Engavetamento;Com Vítimas Feridas;Pleno dia;Decrescente;Céu Claro;Dupla;Reta;Não;6;0;2;0;4;0;2;4;-29,99608;-51,285023;SPRF-RS;DEL02-RS;UOP01-DEL02-RS
660319;09/02/2025;domingo;18:20:00;MG;381;451;SABARA;Condutor deixou de manter distância do veículo da frente;Colisão traseira;Com Vítimas Feridas;Anoitecer;Crescente;Céu Claro;Simples;Reta;Sim;2;0;0;1;1;0;1;2;-19,83832024;-43,8806931;SPRF-MG;DEL01-MG;UOP01-DEL01-MG
660320;09/02/2025;domingo;18:10:00;SC;282;16,4;PALHOCA;Manobra de mudança de faixa;Colisão lateral mesmo sentido;Com Vítimas Feridas;Pleno dia;Decrescente;Sol;Simples;Reta;Sim;3;0;1;0;2;0;1;2;-27,658611;-48,681847;SPRF-SC;DEL01-SC;UOP02-DEL01-SC
660321;09/02/2025;domingo;18:10:00;SC;470;158,7;TROMBUDO CENTRAL;Ingestão de álcool pelo condutor;Colisão traseira;Com Vítimas Feridas;Anoitecer;Decrescente;Céu Claro;Simples;Curva;Sim;3;0;2;0;1;0;2;2;-27,2861268;-49,78975567;SPRF-SC;DEL04-SC;UOP02-DEL04-SC
660322;09/02/2025;domingo;18:20:00;PB;230;308,9;SAO MAMEDE;Demais falhas mecânicas ou elétricas;Queda de ocupante de veículo;Com Vítimas Feridas;Plena Noite;Decrescente;Céu Claro;Simples;Reta;Não;2;0;1;1;0;0;2;1;-6,9222;-37,052;SPRF-PB;DEL03-PB;UOP01-DEL03-PB
660324;09/02/2025;domingo;18:20:00;SC;101;213,3;PALHOCA;Desrespeitar a preferência no cruzamento;Colisão transversal;Com Vítimas Feridas;Anoitecer;Decrescente;Nublado;Dupla;"Reta;Interseção de Vias;Viaduto";Sim;2;0;0;1;1;0;1;2;-27,63697369;-48,66514142;SPRF-SC;DEL01-SC;UOP02-DEL01-SC
660325;09/02/2025;domingo;18:03:00;PB;101;42;MAMANGUAPE;Manobra de mudança de faixa;Colisão lateral mesmo sentido;Com Vítimas Feridas;Plena Noite;Decrescente;Céu Claro;Simples;Curva;Não;2;0;0;1;1;0;1;2;-6,856615;-35,13444297;SPRF-PB;DEL01-PB;UOP03-DEL01-PB
660327;09/02/2025;domingo;17:10:00;BA;116;670;JEQUIE;Reação tardia ou ineficiente do condutor;Saída de leito carroçável;Com Vítimas Feridas;Pleno dia;Decrescente;Chuva;Simples;Rotatória;Não;3;0;2;0;1;0;2;1;-13,78272786;-40,10685828;SPRF-BA;DEL03-BA;UOP01-DEL03-BA
660328;09/02/2025;domingo;17:40:00;SP;116;284,5;ITAPECERICA DA SERRA;Ausência de reação do condutor;Colisão traseira;Sem Vítimas;Pleno dia;Decrescente;Céu Claro;Dupla;Reta;Sim;2;0;0;0;2;0;0;2;-23,69998;-46,867767;SPRF-SP;DEL04-SP;UOP01-DEL04-SP
660329;09/02/2025;domingo;17:20:00;SC;101;369;ICARA;Ausência de reação do condutor;Tombamento;Com Vítimas Feridas;Pleno dia;Decrescente;Céu Claro;Múltipla;Reta;Não;2;0;2;0;0;0;2;1;-28,69775604;-49,182934;SPRF-SC;DEL02-SC;UOP01-DEL02-SC
660330;09/02/2025;domingo;18:00:00;RS;470;239,3;CARLOS BARBOSA;Acessar a via sem observar a presença dos outros veículos;Colisão transversal;Com Vítimas Feridas;Anoitecer;Crescente;Céu Claro;Simples;Curva;Sim;2;0;0;1;1;0;1;2;-29,345757;-51,508812;SPRF-RS;DEL06-RS;UOP01-DEL06-RS
660331;09/02/2025;domingo;18:10:00;SP;116;220;GUARULHOS;Trafegar com motocicleta (ou similar) entre as faixas;Colisão lateral mesmo sentido;Com Vítimas Feridas;Anoitecer;Crescente;Céu Claro;Múltipla;"Reta;Em Obras";Sim;2;0;1;0;1;0;1;2;-23,46472809;-46,49793962;SPRF-SP;DEL01-SP;UOP01-DEL01-SP
660332;09/02/2025;domingo;18:00:00;ES;101;270;SERRA;Conversão proibida;Colisão transversal;Com Vítimas Feridas;Anoitecer;Decrescente;Céu Claro;Múltipla;"Reta;Interseção de Vias";Sim;4;0;1;0;2;1;1;3;-20,22662056;-40,27075088;SPRF-ES;DEL02-ES;UOP01-DEL02-ES
660333;09/02/2025;domingo;19:00:00;RJ;116;187;NOVA IGUACU;Reação tardia ou ineficiente do condutor;Colisão traseira;Com Vítimas Feridas;Plena Noite;Decrescente;Céu Claro;Dupla;Reta;Não;2;0;1;0;1;0;1;2;-22,73883756;-43,47245197;SPRF-RJ;DEL06-RJ;UOP01-DEL06-RJ
660334;09/02/2025;domingo;18:00:00;RS;116;149,7;CAXIAS DO SUL;Manobra de mudança de faixa;Colisão lateral mesmo sentido;Sem Vítimas;Anoitecer;Crescente;Céu Claro;Dupla;Reta;Não;3;0;0;0;3;0;0;2;-29,15996905;-51,15645292;SPRF-RS;DEL05-RS;UOP01-DEL05-RS
660335;09/02/2025;domingo;17:45:00;PE;101;124,5;ESCADA;Acessar a via sem observar a presença dos outros veículos;Colisão traseira;Com Vítimas Feridas;Plena Noite;Decrescente;Céu Claro;Dupla;Reta;Sim;2;0;1;0;1;0;1;2;-8,361745;-35,213108;SPRF-PE;DEL01-PE;UOP03-DEL01-PE
660336;09/02/2025;domingo;18:15:00;RS;290;39;SANTO ANTONIO DA PATRULHA;Ausência de reação do condutor;Saída de leito carroçável;Com Vítimas Feridas;Pleno dia;Decrescente;Céu Claro;Dupla;Reta;Não;2;0;1;0;1;0;1;1;-29,88625;-50,648232;SPRF-RS;DEL03-RS;UOP01-DEL03-RS
660337;09/02/2025;domingo;18:55:00;RS;116;307;GUAIBA;Condutor deixou de manter distância do veículo da frente;Engavetamento;Com Vítimas Feridas;Pleno dia;Decrescente;Céu Claro;Simples;Reta;Não;10;0;2;0;8;0;2;3;-30,18291689;-51,39555744;SPRF-RS;DEL02-RS;UOP01-DEL02-RS
660339;05/02/2025;quarta-feira;16:20:00;RJ;101;333;RIO DE JANEIRO;Avarias e/ou desgaste excessivo no pneu;Tombamento;Com Vítimas Feridas;Pleno dia;Crescente;Sol;Dupla;Reta;Sim;2;0;2;0;0;0;2;1;-22,87827816;-43,21053578;SPRF-RJ;DEL02-RJ;UOP01-DEL02-RJ
660340;09/02/2025;domingo;19:00:00;SE;101;108;SAO CRISTOVAO;Demais falhas mecânicas ou elétricas;Incêndio;Sem Vítimas;Plena Noite;Crescente;Nublado;Dupla;"Aclive;Retorno Regulamentado";Não;1;0;0;0;1;0;0;1;-10,96566319;-37,2682851;SPRF-SE;DEL02-SE;UOP01-DEL02-SE
660342;09/02/2025;domingo;19:15:00;RS;290;95;PORTO ALEGRE;Manobra de mudança de faixa;Colisão lateral mesmo sentido;Com Vítimas Feridas;Anoitecer;Crescente;Céu Claro;Dupla;Reta;Não;3;0;2;0;1;0;2;2;-29,982832;-51,201572;SPRF-RS;DEL01-RS;UOP01-DEL01-RS
660343;09/02/2025;domingo;18:00:00;RJ;393;282;VOLTA REDONDA;Conversão proibida;Colisão frontal;Sem Vítimas;Anoitecer;Decrescente;Céu Claro;Simples;Rotatória;Não;3;0;0;0;2;1;0;2;-22,48082784;-44,04047201;SPRF-RJ;DEL05-RJ;UOP04-DEL05-RJ
660344;09/02/2025;domingo;19:00:00;MG;365;21,1;MONTES CLAROS;Velocidade Incompatível;Colisão frontal;Com Vítimas Fatais;Anoitecer;Crescente;Nublado;Simples;"Reta;Declive";Não;6;1;4;1;0;0;5;2;-16,86408314;-44,02535005;SPRF-MG;DEL12-MG;UOP01-DEL12-MG
660345;09/02/2025;domingo;19:00:00;ES;101;231;FUNDAO;Velocidade Incompatível;Colisão traseira;Com Vítimas Feridas;Pleno dia;Decrescente;Céu Claro;Simples;Reta;Não;3;0;2;0;0;1;2;2;-19,94425773;-40,40662323;SPRF-ES;DEL02-ES;UOP01-DEL02-ES
660346;09/02/2025;domingo;17:30:00;RS;290;68;GRAVATAI;Demais falhas mecânicas ou elétricas;Tombamento;Com Vítimas Feridas;Pleno dia;Crescente;Céu Claro;Dupla;Reta;Não;2;0;2;0;0;0;2;1;-29,943384;-50,936207;SPRF-RS;DEL03-RS;UOP01-DEL03-RS
660347;09/02/2025;domingo;17:40:00;PR;376;14,5;MARINGA;Reação tardia ou ineficiente do condutor;Colisão traseira;Com Vítimas Fatais;Anoitecer;Crescente;Nublado;Dupla;Reta;Não;6;1;3;2;0;0;5;2;-23,4273;-51,9375;SPRF-PR;DEL09-PR;UOP01-DEL09-PR
660348;09/02/2025;domingo;18:50:00;SP;381;57;MAIRIPORA;Condutor deixou de manter distância do veículo da frente;Colisão lateral mesmo sentido;Com Vítimas Feridas;Anoitecer;Decrescente;Céu Claro;Dupla;Reta;Sim;2;0;1;0;1;0;1;2;-23,2658219;-46,5839857;SPRF-SP;DEL03-SP;UOP01-DEL03-SP
660350;09/02/2025;domingo;17:30:00;RJ;493;19;MAGE;Condutor deixou de manter distância do veículo da frente;Colisão traseira;Com Vítimas Feridas;Pleno dia;Crescente;Nublado;Simples;Reta;Sim;3;0;2;0;1;0;2;2;-22,6687122;-43,01862696;SPRF-RJ;DEL04-RJ;UOP02-DEL04-RJ
660352;09/02/2025;domingo;16:40:00;MS;463;109,6;PONTA PORA;Transitar na contramão;Colisão transversal;Com Vítimas Feridas;Pleno dia;Crescente;Céu Claro;Dupla;"Interseção de Vias;Reta";Sim;4;0;2;0;2;0;2;2;-22,58039272;-55,68886181;SPRF-MS;DEL04-MS;UOP03-DEL04-MS
660354;09/02/2025;domingo;19:30:00;SC;101;65;ARAQUARI;Ausência de reação do condutor;Saída de leito carroçável;Com Vítimas Feridas;Plena Noite;Crescente;Céu Claro;Múltipla;Curva;Não;2;0;1;0;1;0;1;1;-26,47135714;-48,74457217;SPRF-SC;DEL03-SC;UOP02-DEL03-SC
660355;09/02/2025;domingo;19:05:00;GO;414;436;ANAPOLIS;Ausência de reação do condutor;Saída de leito carroçável;Com Vítimas Feridas;Plena Noite;Crescente;Céu Claro;Simples;Reta;Sim;1;0;1;0;0;0;1;1;-16,25482505;-48,9361188;SPRF-GO;DEL02-GO;UOP01-DEL02-GO
660357;09/02/2025;domingo;19:30:00;CE;116;44,6;PACAJUS;Acesso irregular;Colisão transversal;Com Vítimas Feridas;Plena Noite;Crescente;Céu Claro;Dupla;"Retorno Regulamentado;Reta";Sim;2;0;0;1;0;1;1;2;-4,131965;-38,482975;SPRF-CE;DEL01-CE;UOP02-DEL01-CE
660358;09/02/2025;domingo;19:40:00;MG;40;803;MATIAS BARBOSA;Declive acentuado;Tombamento;Com Vítimas Feridas;Plena Noite;Crescente;Céu Claro;Dupla;"Declive;Retorno Regulamentado";Não;1;0;0;1;0;0;1;1;-21,85782703;-43,37661004;SPRF-MG;DEL05-MG;UOP01-DEL05-MG
660361;09/02/2025;domingo;19:25:00;RO;364;239,1;CACOAL;Manobra de mudança de faixa;Colisão lateral mesmo sentido;Com Vítimas Feridas;Plena Noite;Crescente;Céu Claro;Simples;"Retorno Regulamentado;Reta";Sim;2;0;1;0;0;1;1;2;-11,433598;-61,463382;SPRF-RO;DEL02-RO;UOP02-DEL02-RO
660362;09/02/2025;domingo;19:15:00;RS;116;586,5;ARROIO GRANDE;Ausência de reação do condutor;Saída de leito carroçável;Com Vítimas Feridas;Plena Noite;Crescente;Céu Claro;Simples;Reta;Não;3;0;2;0;1;0;2;1;-32,07459663;-52,88596038;SPRF-RS;DEL07-RS;UOP03-DEL07-RS
660363;09/02/2025;domingo;19:20:00;PR;153;365;RIO AZUL;Ausência de reação do condutor;Saída de leito carroçável;Sem Vítimas;Plena Noite;Crescente;Céu Claro;Simples;"Aclive;Reta";Não;1;0;0;0;0;1;0;1;-25,7080611;-50,7839591;SPRF-PR;DEL08-PR;UOP02-DEL08-PR
660364;09/02/2025;domingo;18:30:00;MG;40;616;CONGONHAS;Reação tardia ou ineficiente do condutor;Colisão traseira;Com Vítimas Feridas;Anoitecer;Decrescente;Nublado;Simples;Reta;Não;7;0;5;0;2;0;5;3;-20,54605704;-43,81990003;SPRF-MG;DEL05-MG;UOP02-DEL05-MG
660365;09/02/2025;domingo;20:20:00;PR;369;93;CORNELIO PROCOPIO;Reação tardia ou ineficiente do condutor;Tombamento;Com Vítimas Feridas;Plena Noite;Decrescente;Céu Claro;Dupla;Curva;Não;2;0;2;0;0;0;2;1;-23,21006;-50,666684;SPRF-PR;DEL07-PR;UOP05-DEL07-PR
660366;09/02/2025;domingo;18:35:00;RJ;116;189;NOVA IGUACU;Trafegar com motocicleta (ou similar) entre as faixas;Colisão lateral mesmo sentido;Com Vítimas Feridas;Anoitecer;Decrescente;Céu Claro;Dupla;Reta;Não;2;0;2;0;0;0;2;1;-22,73765712;-43,49182298;SPRF-RJ;DEL06-RJ;UOP01-DEL06-RJ
660368;09/02/2025;domingo;20:20:00;SP;116;197;ARUJA;Reação tardia ou ineficiente do condutor;Colisão traseira;Sem Vítimas;Plena Noite;Crescente;Céu Claro;Dupla;Reta;Não;2;0;0;0;2;0;0;2;-23,39721625;-46,29284287;SPRF-SP;DEL01-SP;UOP01-DEL01-SP
660369;09/02/2025;domingo;19:30:00;SC;101;131;BALNEARIO CAMBORIU;Manobra de mudança de faixa;Colisão lateral mesmo sentido;Com Vítimas Feridas;Plena Noite;Decrescente;Céu Claro;Dupla;Reta;Sim;2;0;0;1;1;0;1;2;-26,99064209;-48,66310912;SPRF-SC;DEL04-SC;UOP03-DEL04-SC
660370;09/02/2025;domingo;17:50:00;MG;381;274;CORONEL FABRICIANO;Reação tardia ou ineficiente do condutor;Colisão com objeto;Sem Vítimas;Anoitecer;Crescente;Nublado;Simples;Reta;Não;1;0;0;0;0;1;0;1;-19,57460683;-42,71801809;SPRF-MG;DEL03-MG;UOP02-DEL03-MG
660371;09/02/2025;domingo;20:30:00;ES;101;423;ATILIO VIVACQUA;Velocidade Incompatível;Saída de leito carroçável;Com Vítimas Feridas;Plena Noite;Crescente;Céu Claro;Simples;Curva;Não;2;0;2;0;0;0;2;1;-20,989783;-41,118799;SPRF-ES;DEL03-ES;UOP02-DEL03-ES
660372;09/02/2025;domingo;16:50:00;BA;101;131;TEODORO SAMPAIO;Condutor Dormindo;Colisão com objeto;Com Vítimas Feridas;Pleno dia;Decrescente;Céu Claro;Simples;"Reta;Declive";Não;5;0;1;2;2;0;3;1;-12,23241796;-38,62304209;SPRF-BA;DEL01-BA;UOP04-DEL01-BA
660373;09/02/2025;domingo;19:15:00;SC;101;283,3;IMBITUBA;Transitar na contramão;Colisão frontal;Com Vítimas Fatais;Plena Noite;Decrescente;Céu Claro;Dupla;Reta;Não;4;1;0;0;3;0;0;2;-28,223731;-48,700628;SPRF-SC;DEL02-SC;UOP03-DEL02-SC
660374;09/02/2025;domingo;07:20:00;RO;364;535;ALTO PARAISO;Ausência de reação do condutor;Saída de leito carroçável;Sem Vítimas;Pleno dia;Decrescente;Chuva;Simples;Curva;Não;1;0;0;0;0;1;0;1;-9,75412198;-63,09728697;SPRF-RO;DEL03-RO;UOP01-DEL03-RO
660376;09/02/2025;domingo;09:30:00;RJ;465;13;SEROPEDICA;Ausência de reação do condutor;Queda de ocupante de veículo;Com Vítimas Feridas;Pleno dia;Crescente;Céu Claro;Simples;Reta;Sim;1;0;1;0;0;0;1;1;-22,804979;-43,638828;SPRF-RJ;DEL06-RJ;UOP02-DEL06-RJ
660377;09/02/2025;domingo;21:20:00;SP;116;198;ARUJA;Ingestão de álcool pelo condutor;Engavetamento;Sem Vítimas;Plena Noite;Crescente;Céu Claro;Múltipla;Reta;Sim;3;0;0;0;3;0;0;3;-23,399937;-46,302038;SPRF-SP;DEL01-SP;UOP01-DEL01-SP
660378;09/02/2025;domingo;21:20:00;RJ;393;167;TRES RIOS;Conversão proibida;Colisão transversal;Com Vítimas Feridas;Plena Noite;Crescente;Nublado;Simples;Reta;Sim;2;0;0;1;0;1;1;2;-22,127502;-43,147022;SPRF-RJ;DEL05-RJ;UOP01-DEL05-RJ
660379;09/02/2025;domingo;16:50:00;MG;381;550,4;ITAGUARA;Ausência de reação do condutor;Tombamento;Com Vítimas Feridas;Pleno dia;Decrescente;Céu Claro;Dupla;Reta;Não;1;0;1;0;0;0;1;1;-20,32661215;-44,45627931;SPRF-MG;DEL04-MG;UOP03-DEL04-MG
660381;09/02/2025;domingo;19:40:00;MS;436;1;APARECIDA DO TABOADO;Ausência de reação do condutor;Colisão com objeto;Com Vítimas Feridas;Plena Noite;Crescente;Céu Claro;Simples;Rotatória;Não;1;0;1;0;0;0;1;1;-20,087124;-51,09403;SPRF-MS;DEL08-MS;UOP01-DEL08-MS
660383;09/02/2025;domingo;19:10:00;RS;101;73;OSORIO;Reação tardia ou ineficiente do condutor;Colisão com objeto;Sem Vítimas;Plena Noite;Decrescente;Garoa/Chuvisco;Dupla;Reta;Não;1;0;0;0;1;0;0;1;-29,77364194;-50,21889907;SPRF-RS;DEL03-RS;UOP01-DEL03-RS
660385;09/02/2025;domingo;21:29:00;SC;282;371;ERVAL VELHO;Ausência de reação do condutor;Saída de leito carroçável;Sem Vítimas;Plena Noite;Decrescente;Céu Claro;Simples;"Curva;Declive";Não;1;0;0;0;0;1;0;1;-27,262321;-51,442307;SPRF-SC;DEL07-SC;UOP05-DEL07-SC
660387;09/02/2025;domingo;21:20:00;RN;304;291,9;MACAIBA;Animais na Pista;Atropelamento de Animal;Com Vítimas Feridas;Plena Noite;Crescente;Céu Claro;Dupla;Reta;Não;4;0;2;0;2;0;2;1;-5,86769816;-35,39394002;SPRF-RN;DEL01-RN;UOP02-DEL01-RN
660388;09/02/2025;domingo;21:30:00;SP;116;120;CACAPAVA;Ingestão de álcool pelo condutor;Saída de leito carroçável;Sem Vítimas;Plena Noite;Decrescente;Céu Claro;Dupla;Reta;Não;1;0;0;0;1;0;0;1;-23,0715638;-45,64459209;SPRF-SP;DEL02-SP;UOP02-DEL02-SP
660389;09/02/2025;domingo;17:42:00;MA;222;463;SANTA LUZIA;Ingestão de álcool pelo condutor;Queda de ocupante de veículo;Com Vítimas Feridas;Plena Noite;Decrescente;Céu Claro;Simples;Curva;Não;1;0;0;1;0;0;1;1;-4,16658811;-46,02807088;SPRF-MA;DEL02-MA;UOP01-DEL02-MA
660390;09/02/2025;domingo;22:00:00;RS;392;110,5;CANGUCU;Manobra de mudança de faixa;Colisão frontal;Com Vítimas Fatais;Plena Noite;Decrescente;Céu Claro;Simples;"Aclive;Reta";Não;5;1;2;0;2;0;2;2;-31,46286685;-52,63497175;SPRF-RS;DEL07-RS;UOP01-DEL07-RS
660391;09/02/2025;domingo;20:05:00;RJ;101;410;ITAGUAI;Suicídio (presumido);Atropelamento de Pedestre;Com Vítimas Feridas;Plena Noite;Decrescente;Céu Claro;Dupla;Reta;Sim;2;0;1;0;0;1;1;2;-22,88990471;-43,84007225;SPRF-RJ;DEL03-RJ;UOP01-DEL03-RJ
660392;09/02/2025;domingo;21:00:00;ES;101;426,2;ATILIO VIVACQUA;Pedestre andava na pista;Atropelamento de Pedestre;Com Vítimas Fatais;Plena Noite;Crescente;Céu Claro;Simples;Reta;Não;3;1;0;0;2;0;0;2;-21,00770847;-41,13888973;SPRF-ES;DEL03-ES;UOP02-DEL03-ES
660393;09/02/2025;domingo;22:25:00;TO;230;89,7;SAO BENTO DO TOCANTINS;Ausência de reação do condutor;Colisão traseira;Com Vítimas Feridas;Plena Noite;Decrescente;Nublado;Simples;Reta;Não;3;0;2;0;0;1;2;2;-6,05247899;-47,93466297;SPRF-TO;DEL02-TO;UOP03-DEL02-TO
660394;09/02/2025;domingo;16:40:00;GO;364;17;SAO SIMAO;Ausência de reação do condutor;Saída de leito carroçável;Com Vítimas Feridas;Pleno dia;Crescente;Nublado;Simples;Reta;Não;1;0;0;1;0;0;1;1;-18,949745;-50,628994;SPRF-GO;DEL05-GO;UOP02-DEL05-GO
660396;09/02/2025;domingo;21:15:00;MG;116;806,5;ALEM PARAIBA;Ingestão de álcool pelo condutor;Colisão traseira;Com Vítimas Fatais;Plena Noite;Crescente;Céu Claro;Simples;Reta;Não;2;1;0;0;0;1;0;2;-21,80656688;-42,70294586;SPRF-MG;DEL07-MG;UOP01-DEL07-MG
660397;09/02/2025;domingo;19:20:00;PE;101;48,1;ABREU E LIMA;Ausência de reação do condutor;Colisão traseira;Com Vítimas Feridas;Plena Noite;Decrescente;Céu Claro;Múltipla;"Declive;Reta;Retorno Regulamentado";Sim;2;0;1;0;1;0;1;2;-7,89174705;-34,9033493;SPRF-PE;DEL01-PE;UOP02-DEL01-PE
660398;09/02/2025;domingo;21:50:00;GO;60;79;ANAPOLIS;Reação tardia ou ineficiente do condutor;Saída de leito carroçável;Sem Vítimas;Plena Noite;Decrescente;Céu Claro;Dupla;Retorno Regulamentado;Não;2;0;0;0;0;2;0;1;-16,3007;-48,8128;SPRF-GO;DEL02-GO;UOP01-DEL02-GO
660399;09/02/2025;domingo;21:50:00;RS;101;52;TERRA DE AREIA;Ausência de reação do condutor;Saída de leito carroçável;Com Vítimas Feridas;Plena Noite;Decrescente;Céu Claro;Dupla;Reta;Não;1;0;1;0;0;0;1;1;-29,62267366;-50,09718947;SPRF-RS;DEL03-RS;UOP02-DEL03-RS
660400;09/02/2025;domingo;19:50:00;MG;262;572,8;CORREGO DANTA;Ingestão de álcool pelo condutor;Colisão frontal;Com Vítimas Feridas;Plena Noite;Crescente;Céu Claro;Simples;"Declive;Reta";Não;3;0;2;1;0;0;3;2;-19,69358695;-46,03580475;SPRF-MG;DEL08-MG;UOP02-DEL08-MG
660401;09/02/2025;domingo;20:00:00;PI;343;274;CAMPO MAIOR;Animais na Pista;Atropelamento de Animal;Com Vítimas Feridas;Plena Noite;Crescente;Céu Claro;Simples;Reta;Não;2;0;1;1;0;0;2;1;-4,879998;-42,226444;SPRF-PI;DEL01-PI;UOP03-DEL01-PI
660402;09/02/2025;domingo;20:00:00;RO;364;378;OURO PRETO DO OESTE;Pista esburacada;Queda de ocupante de veículo;Com Vítimas Feridas;Plena Noite;Crescente;Céu Claro;Múltipla;Reta;Não;1;0;1;0;0;0;1;1;-10,7422942;-62,20886998;SPRF-RO;DEL02-RO;UOP01-DEL02-RO
660403;09/02/2025;domingo;18:45:00;PE;232;213;PESQUEIRA;Manobra de mudança de faixa;Colisão frontal;Com Vítimas Fatais;Plena Noite;Crescente;Céu Claro;Simples;Reta;Não;5;2;1;1;0;1;2;2;-8,37683577;-36,7222201;SPRF-PE;DEL03-PE;UOP02-DEL03-PE
660406;09/02/2025;domingo;22:50:00;PR;376;644;TIJUCAS DO SUL;Transitar na contramão;Colisão frontal;Com Vítimas Feridas;Plena Noite;Crescente;Céu Claro;Simples;Curva;Sim;5;0;1;0;4;0;1;2;-25,81419584;-49,13167969;SPRF-PR;DEL01-PR;UOP04-DEL01-PR
660407;09/02/2025;domingo;23:00:00;RJ;493;26;MAGE;Ausência de reação do condutor;Queda de ocupante de veículo;Com Vítimas Feridas;Plena Noite;Crescente;Céu Claro;Simples;"Declive;Reta";Não;1;0;1;0;0;0;1;1;-22,65667;-43,088413;SPRF-RJ;DEL04-RJ;UOP02-DEL04-RJ
660408;09/02/2025;domingo;19:00:00;RJ;116;131;MAGE;Transitar na contramão;Colisão frontal;Com Vítimas Feridas;Anoitecer;Crescente;Céu Claro;Simples;Curva;Sim;3;0;1;1;1;0;2;2;-22,65608024;-43,12511494;SPRF-RJ;DEL04-RJ;UOP02-DEL04-RJ
660412;09/02/2025;domingo;21:15:00;MA;316;196;ZE DOCA;Ingestão de álcool pelo condutor;Colisão frontal;Com Vítimas Fatais;Plena Noite;Decrescente;Chuva;Simples;Reta;Sim;2;1;1;0;0;0;1;2;-3,259696;-45,654808;SPRF-MA;DEL02-MA;UOP01-DEL02-MA
660413;09/02/2025;domingo;22:40:00;MT;364;221;RONDONOPOLIS;Ingestão de álcool pelo condutor;Saída de leito carroçável;Sem Vítimas;Plena Noite;Decrescente;Chuva;Dupla;Curva;Não;1;0;0;0;1;0;0;1;-16,34067812;-54,74489333;SPRF-MT;DEL02-MT;UOP01-DEL02-MT