id;data_inversa;dia_semana;horario;uf;br;km;municipio;causa_acidente;tipo_acidente;classificacao_acidente;fase_dia;sentido_via;condicao_metereologica;tipo_pista;tracado_via;uso_solo;pessoas;mortos;feridos_leves;feridos_graves;ilesos;ignorados;feridos;veiculos;latitude;longitude;regional;delegacia;uop
661073;20/01/2025;segunda-feira;08:00:00;AL;316;243;ATALAIA;Velocidade Incompatível;Colisão transversal;Com Vítimas Feridas;Pleno dia;Decrescente;Céu Claro;Simples;"Curva;Declive";Não;2;0;1;0;1;0;1;2;-9,50948818;-36,01302293;SPRF-AL;DEL01-AL;UOP01-DEL01-AL
661075;13/02/2025;quinta-feira;09:15:00;MG;40;446,1;PARAOPEBA;Velocidade Incompatível;Tombamento;Com Vítimas Feridas;Pleno dia;Decrescente;Nublado;Dupla;"Aclive;Reta";Sim;2;0;1;0;1;0;1;1;-19,28907;-44,39014;SPRF-MG;DEL02-MG;UOP01-DEL02-MG
661076;13/02/2025;quinta-feira;08:40:00;SC;101;92,8;BARRA VELHA;Demais falhas mecânicas ou elétricas;Tombamento;Com Vítimas Feridas;Pleno dia;Decrescente;Nublado;Múltipla;Reta;Não;2;0;0;2;0;0;2;1;-26,6806041;-48,6931497;SPRF-SC;DEL03-SC;UOP02-DEL03-SC
661078;01/02/2025;sábado;10:45:00;RS;290;58;GLORINHA;Manobra de mudança de faixa;Colisão lateral mesmo sentido;Com Vítimas Feridas;Pleno dia;Decrescente;Céu Claro;Dupla;Reta;Não;6;0;1;0;5;0;1;2;-29,920788;-50,838261;SPRF-RS;DEL03-RS;UOP01-DEL03-RS
661079;13/02/2025;quinta-feira;06:20:00;SE;101;13,8;CEDRO DE SAO JOAO;Ausência de reação do condutor;Colisão traseira;Com Vítimas Feridas;Amanhecer;Decrescente;Céu Claro;Dupla;Reta;Não;4;0;1;0;3;0;1;2;-10,30352286;-36,88758029;SPRF-SE;DEL02-SE;UOP02-DEL02-SE
661083;13/02/2025;quinta-feira;09:29:00;RN;226;2,7;NATAL;Ultrapassagem Indevida;Colisão frontal;Com Vítimas Feridas;Pleno dia;Decrescente;Céu Claro;Simples;Reta;Sim;3;0;1;0;1;1;1;2;-5,81364934;-35,2466547;SPRF-RN;DEL01-RN;UOP02-DEL01-RN
661085;13/02/2025;quinta-feira;07:00:00;GO;153;542;HIDROLANDIA;Demais falhas na via;Capotamento;Com Vítimas Feridas;Pleno dia;Decrescente;Céu Claro;Dupla;Aclive;Não;1;0;1;0;0;0;1;1;-17,0727;-49,2238;SPRF-GO;DEL01-GO;UOP03-DEL01-GO
661087;13/02/2025;quinta-feira;10:13:00;PI;316;17;TERESINA;Condutor Dormindo;Colisão traseira;Com Vítimas Feridas;Pleno dia;Crescente;Céu Claro;Dupla;Reta;Não;2;0;1;0;1;0;1;2;-5,23885376;-42,74027875;SPRF-PI;DEL01-PI;UOP02-DEL01-PI
661089;13/02/2025;quinta-feira;11:10:00;TO;10;462,1;PALMAS;Avarias e/ou desgaste excessivo no pneu;Queda de ocupante de veículo;Com Vítimas Feridas;Pleno dia;Crescente;Nublado;Múltipla;Reta;Sim;2;0;2;0;0;0;2;1;-10,247952;-48,312302;SPRF-TO;DEL01-TO;UOP03-DEL01-TO
661090;05/01/2025;domingo;14:00:00;RJ;101;286;ITABORAI;Ingestão de álcool pelo condutor;Colisão com objeto;Com Vítimas Feridas;Pleno dia;Crescente;Céu Claro;Dupla;"Aclive;Reta";Sim;1;0;1;0;0;0;1;1;-22,75409331;-42,82491696;SPRF-RJ;DEL02-RJ;UOP02-DEL02-RJ
661091;13/02/2025;quinta-feira;09:30:00;SE;235;15;NOSSA SENHORA DO SOCORRO;Condutor usando celular;Colisão traseira;Com Vítimas Feridas;Pleno dia;Decrescente;Céu Claro;Simples;Reta;Não;4;0;1;0;3;0;1;4;-10,857119;-37,185043;SPRF-SE;DEL01-SE;UOP01-DEL01-SE
661093;13/02/2025;quinta-feira;09:35:00;MA;135;1;SAO LUIS;Reação tardia ou ineficiente do condutor;Colisão transversal;Com Vítimas Feridas;Pleno dia;Decrescente;Céu Claro;Dupla;Reta;Sim;4;0;1;2;0;1;3;3;-2,58917895;-44,24423719;SPRF-MA;DEL01-MA;UOP01-DEL01-MA
661095;03/02/2025;segunda-feira;17:05:00;PE;232;75;GRAVATA;Ausência de reação do condutor;Colisão traseira;Sem Vítimas;Pleno dia;Decrescente;Céu Claro;Dupla;Reta;Não;1;0;0;0;1;0;0;1;-8,19737799;-35,525476;SPRF-PE;DEL02-PE;UOP02-DEL02PE
661096;13/02/2025;quinta-feira;07:50:00;RO;364;416,5;JARU;Acessar a via sem observar a presença dos outros veículos;Colisão transversal;Com Vítimas Feridas;Pleno dia;Crescente;Céu Claro;Simples;"Reta;Declive;Interseção de Vias";Não;2;0;0;1;1;0;1;2;-10,49204616;-62,42765112;SPRF-RO;DEL03-RO;UOP02-DEL03-RO
661098;02/02/2025;domingo;12:58:00;SC;470;54,6;BLUMENAU;Acessar a via sem observar a presença dos outros veículos;Colisão transversal;Com Vítimas Feridas;Pleno dia;Crescente;Céu Claro;Simples;Interseção de Vias;Não;2;0;1;0;1;0;1;2;-26,871065;-49,110374;SPRF-SC;DEL04-SC;UOP01-DEL04-SC
661099;13/02/2025;quinta-feira;07:40:00;RJ;101;64;CAMPOS DOS GOYTACAZES;Reação tardia ou ineficiente do condutor;Queda de ocupante de veículo;Com Vítimas Feridas;Pleno dia;Crescente;Céu Claro;Dupla;Reta;Sim;1;0;1;0;0;0;1;1;-21,74908605;-41,33632461;SPRF-RJ;DEL08-RJ;UOP02-DEL08-RJ
661101;13/02/2025;quinta-feira;10:00:00;SC;101;149;ITAPEMA;Reação tardia ou ineficiente do condutor;Colisão traseira;Com Vítimas Feridas;Pleno dia;Decrescente;Céu Claro;Simples;Reta;Sim;2;0;0;1;0;1;1;2;-27,1089649;-48,61277586;SPRF-SC;DEL04-SC;UOP03-DEL04-SC
661102;09/02/2025;domingo;05:07:00;SC;282;524,2;XAXIM;Ingestão de álcool pelo condutor;Colisão frontal;Com Vítimas Feridas;Amanhecer;Crescente;Céu Claro;Simples;"Curva;Declive";Não;6;0;3;2;0;1;5;3;-26,9638631;-52,55902827;SPRF-SC;DEL07-SC;UOP01-DEL07-SC
661103;13/02/2025;quinta-feira;11:50:00;RS;386;279,5;SAO JOSE DO HERVAL;Velocidade Incompatível;Saída de leito carroçável;Com Vítimas Feridas;Pleno dia;Crescente;Garoa/Chuvisco;Simples;Curva;Não;1;0;1;0;0;0;1;1;-29,022665;-52,319885;SPRF-RS;DEL04-RS;UOP03-DEL04-RS
661104;13/02/2025;quinta-feira;12:55:00;CE;116;375;ICO;Acessar a via sem observar a presença dos outros veículos;Colisão transversal;Sem Vítimas;Pleno dia;Decrescente;Céu Claro;Simples;Reta;Não;2;0;0;0;1;1;0;2;-6,3951252;-38,83101685;SPRF-CE;DEL05-CE;UOP01-DEL05-CE
661109;13/02/2025;quinta-feira;13:05:00;PB;101;88,2;JOAO PESSOA;Pista Escorregadia;Tombamento;Com Vítimas Feridas;Pleno dia;Crescente;Céu Claro;Simples;Viaduto;Sim;2;0;1;1;0;0;2;1;-7,16470016;-34,89993643;SPRF-PB;DEL01-PB;UOP01-DEL01-PB
661110;13/02/2025;quinta-feira;09:20:00;SC;101;421;ARARANGUA;Condutor deixou de manter distância do veículo da frente;Colisão traseira;Com Vítimas Feridas;Pleno dia;Crescente;Nublado;Dupla;Reta;Não;9;0;1;0;8;0;1;2;-29,00048611;-49,5576719;SPRF-SC;DEL02-SC;UOP02-DEL02-SC
661113;05/02/2025;quarta-feira;12:40:00;MS;267;370;MARACAJU;Ultrapassagem Indevida;Colisão frontal;Com Vítimas Feridas;Pleno dia;Crescente;Nublado;Simples;Reta;Não;4;0;1;2;0;1;3;3;-21,64753173;-55,19642708;SPRF-MS;DEL05-MS;UOP01-DEL05-MS
661116;13/02/2025;quinta-feira;14:38:00;RS;392;1,1;RIO GRANDE;Ausência de reação do condutor;Colisão lateral mesmo sentido;Com Vítimas Feridas;Pleno dia;Crescente;Céu Claro;Simples;Interseção de Vias;Sim;2;0;2;0;0;0;2;2;-32,04488513;-52,0855305;SPRF-RS;DEL07-RS;UOP02-DEL07-RS
661118;13/02/2025;quinta-feira;14:10:00;RJ;101;530;ANGRA DOS REIS;Acessar a via sem observar a presença dos outros veículos;Colisão transversal;Com Vítimas Feridas;Pleno dia;Crescente;Céu Claro;Dupla;Interseção de Vias;Não;2;0;1;0;1;0;1;2;-23,0232454;-44,51684972;SPRF-RJ;DEL03-RJ;UOP03-DEL03-RJ
661119;13/02/2025;quinta-feira;15:00:00;SP;101;43;UBATUBA;Reação tardia ou ineficiente do condutor;Tombamento;Com Vítimas Feridas;Pleno dia;Crescente;Céu Claro;Dupla;Rotatória;Não;1;0;1;0;0;0;1;1;-23,41495528;-45,03516778;SPRF-SP;DEL06-SP;UOP01-DEL06-SP
661120;13/02/2025;quinta-feira;15:00:00;SC;282;40;AGUAS MORNAS;Acesso irregular;Colisão frontal;Com Vítimas Feridas;Pleno dia;Decrescente;Garoa/Chuvisco;Simples;Reta;Sim;3;0;1;1;1;0;2;2;-27,716148;-48,869583;SPRF-SC;DEL01-SC;UOP03-DEL01-SC
661123;13/02/2025;quinta-feira;13:30:00;MG;262;37,7;MANHUACU;Acessar a via sem observar a presença dos outros veículos;Colisão transversal;Com Vítimas Feridas;Pleno dia;Crescente;Céu Claro;Simples;Curva;Sim;2;0;1;0;1;0;1;2;-20,25748975;-42,03048732;SPRF-MG;DEL06-MG;UOP03-DEL06-MG
661124;13/02/2025;quinta-feira;15:10:00;MG;381;490;BETIM;Condutor deixou de manter distância do veículo da frente;Colisão traseira;Com Vítimas Feridas;Pleno dia;Decrescente;Céu Claro;Dupla;Reta;Não;2;0;1;0;1;0;1;2;-19,97018187;-44,18210416;SPRF-MG;DEL01-MG;UOP03-DEL01-MG
661125;13/02/2025;quinta-feira;14:30:00;GO;40;4;VALPARAISO DE GOIAS;Ausência de reação do condutor;Colisão transversal;Com Vítimas Feridas;Pleno dia;Crescente;Céu Claro;Dupla;Retorno Regulamentado;Sim;2;0;1;0;1;0;1;2;-16,085241;-47,986752;SPRF-DF;DEL01-DF;UOP01-DEL01-DF
661128;13/02/2025;quinta-feira;15:50:00;RJ;101;59;CAMPOS DOS GOYTACAZES;Acessar a via sem observar a presença dos outros veículos;Colisão transversal;Com Vítimas Feridas;Pleno dia;Crescente;Céu Claro;Dupla;Reta;Sim;4;0;1;1;2;0;2;2;-21,71366497;-41,30861915;SPRF-RJ;DEL08-RJ;UOP01-DEL08-RJ
661130;13/02/2025;quinta-feira;16:00:00;MG;381;493;BETIM;Ausência de reação do condutor;Colisão traseira;Com Vítimas Feridas;Pleno dia;Crescente;Céu Claro;Dupla;Reta;Sim;3;0;1;0;2;0;1;2;-19,97670801;-44,19962698;SPRF-MG;DEL01-MG;UOP03-DEL01-MG
661132;06/02/2025;quinta-feira;16:10:00;SE;235;59,3;ITABAIANA;Manobra de mudança de faixa;Colisão transversal;Com Vítimas Feridas;Pleno dia;Decrescente;Céu Claro;Simples;Reta;Não;4;0;1;0;3;0;1;3;-10,63273;-37,45686;SPRF-SE;DEL01-SE;UOP02-DEL01-SE
661133;18/01/2025;sábado;08:18:00;PE;423;161;LAJEDO;Acessar a via sem observar a presença dos outros veículos;Colisão transversal;Com Vítimas Feridas;Pleno dia;Decrescente;Céu Claro;Simples;Reta;Sim;2;0;0;1;0;1;1;2;-8,65640685;-36,32303422;SPRF-PE;DEL03-PE;UOP01-DEL03-PE
661136;13/02/2025;quinta-feira;15:30:00;SC;101;121,2;ITAJAI;Reação tardia ou ineficiente do condutor;Colisão traseira;Com Vítimas Feridas;Pleno dia;Crescente;Nublado;Dupla;Reta;Sim;2;0;1;0;1;0;1;2;-26,92103178;-48,70856446;SPRF-SC;DEL04-SC;UOP04-DEL04-SC
661138;13/02/2025;quinta-feira;13:25:00;GO;153;352,9;JARAGUA;Avarias e/ou desgaste excessivo no pneu;Saída de leito carroçável;Com Vítimas Feridas;Pleno dia;Crescente;Chuva;Simples;"Curva;Declive";Não;1;0;1;0;0;0;1;1;-15,71307466;-49,33020115;SPRF-GO;DEL02-GO;UOP02-DEL02-GO
661139;13/02/2025;quinta-feira;15:30:00;RS;471;174,4;RIO PARDO;Desrespeitar a preferência no cruzamento;Colisão transversal;Com Vítimas Feridas;Pleno dia;Crescente;Nublado;Múltipla;Interseção de Vias;Sim;2;0;1;0;1;0;1;2;-29,98528025;-52,36869335;SPRF-RS;DEL02-RS;UOP03-DEL02-RS
661141;11/02/2025;terça-feira;10:00:00;PA;10;114;PARAGOMINAS;Manobra de mudança de faixa;Saída de leito carroçável;Com Vítimas Feridas;Pleno dia;Decrescente;Céu Claro;Simples;"Reta;Declive";Não;3;0;1;0;2;0;1;1;-3,44438508;-47,46089677;SPRF-PA;DEL02-PA;UOP01-DEL02-PA
661143;13/02/2025;quinta-feira;17:20:00;RJ;101;72;CAMPOS DOS GOYTACAZES;Acessar a via sem observar a presença dos outros veículos;Colisão lateral mesmo sentido;Com Vítimas Feridas;Pleno dia;Crescente;Céu Claro;Simples;Reta;Sim;2;0;1;0;1;0;1;2;-21,79172802;-41,38837798;SPRF-RJ;DEL08-RJ;UOP02-DEL08-RJ
661146;12/02/2025;quarta-feira;19:10:00;PE;423;22,3;SAO CAITANO;Reação tardia ou ineficiente do condutor;Saída de leito carroçável;Com Vítimas Feridas;Plena Noite;Crescente;Céu Claro;Simples;Reta;Não;2;0;1;0;1;0;1;1;-8,35258392;-36,17123712;SPRF-PE;DEL03-PE;UOP02-DEL03-PE
661147;13/02/2025;quinta-feira;17:15:00;RS;290;91;PORTO ALEGRE;Manobra de mudança de faixa;Colisão transversal;Com Vítimas Feridas;Pleno dia;Decrescente;Nublado;Dupla;Reta;Sim;4;0;0;1;1;2;1;3;-29,969055;-51,167439;SPRF-RS;DEL01-RS;UOP01-DEL01-RS
661148;13/02/2025;quinta-feira;16:15:00;AL;104;72,5;MESSIAS;Ultrapassagem Indevida;Colisão lateral sentido oposto;Com Vítimas Fatais;Pleno dia;Decrescente;Céu Claro;Simples;Reta;Não;2;1;0;0;1;0;0;2;-9,36295794;-35,84986962;SPRF-AL;DEL01-AL;UOP02-DEL01-AL
661149;13/02/2025;quinta-feira;12:30:00;RJ;493;3;ITABORAI;Acesso irregular;Colisão transversal;Com Vítimas Feridas;Pleno dia;Decrescente;Céu Claro;Simples;Reta;Não;2;0;0;1;1;0;1;2;-22,7525329;-42,94160092;SPRF-RJ;DEL02-RJ;UOP02-DEL02-RJ
661152;13/02/2025;quinta-feira;15:30:00;SP;116;413;JUQUIA;Demais falhas mecânicas ou elétricas;Incêndio;Sem Vítimas;Pleno dia;Decrescente;Garoa/Chuvisco;Simples;Reta;Sim;2;0;0;0;2;0;0;1;-24,33005991;-47,62299901;SPRF-SP;DEL05-SP;UOP01-DEL05-SP
661154;13/02/2025;quinta-feira;17:40:00;PR;277;687;SAO MIGUEL DO IGUACU;Frear bruscamente;Colisão traseira;Sem Vítimas;Pleno dia;Decrescente;Céu Claro;Dupla;Reta;Sim;2;0;0;0;2;0;0;2;-25,34377452;-54,22446208;SPRF-PR;DEL05-PR;UOP01-DEL05-PR
661155;13/02/2025;quinta-feira;17:30:00;RJ;101;319;NITEROI;Condutor deixou de manter distância do veículo da frente;Colisão traseira;Com Vítimas Feridas;Pleno dia;Decrescente;Céu Claro;Dupla;Reta;Não;3;0;1;0;2;0;1;3;-22,85411774;-43,1018014;SPRF-RJ;DEL02-RJ;UOP02-DEL02-RJ
661157;13/02/2025;quinta-feira;17:40:00;MG;381;500;BETIM;Ausência de reação do condutor;Tombamento;Com Vítimas Feridas;Pleno dia;Decrescente;Céu Claro;Dupla;"Reta;Aclive";Não;1;0;1;0;0;0;1;1;-20,02513493;-44,23112709;SPRF-MG;DEL01-MG;UOP03-DEL01-MG
661158;13/02/2025;quinta-feira;17:45:00;GO;153;498,8;GOIANIA;Manobra de mudança de faixa;Colisão transversal;Com Vítimas Feridas;Pleno dia;Crescente;Nublado;Dupla;"Reta;Viaduto";Sim;3;0;2;0;1;0;2;3;-16,69607233;-49,23163533;SPRF-GO;DEL01-GO;UOP01-DEL01-GO
661159;13/02/2025;quinta-feira;17:30:00;DF;70;7;BRASILIA;Manobra de mudança de faixa;Colisão lateral mesmo sentido;Com Vítimas Feridas;Pleno dia;Crescente;Céu Claro;Dupla;Reta;Sim;2;0;1;0;1;0;1;2;-15,787601;-48,114429;SPRF-DF;DEL03-DF;UOP02-DEL03-DF
661161;13/02/2025;quinta-feira;18:20:00;MG;40;468;SETE LAGOAS;Demais falhas mecânicas ou elétricas;Queda de ocupante de veículo;Com Vítimas Feridas;Anoitecer;Decrescente;Céu Claro;Dupla;Reta;Não;1;0;1;0;0;0;1;1;-19,455233;-44,31053;SPRF-MG;DEL02-MG;UOP01-DEL02-MG
661162;13/02/2025;quinta-feira;14:30:00;RJ;101;319;SAO GONCALO;Reação tardia ou ineficiente do condutor;Tombamento;Com Vítimas Feridas;Pleno dia;Crescente;Céu Claro;Dupla;Reta;Sim;2;0;2;0;0;0;2;1;-22,85411774;-43,1018014;SPRF-RJ;DEL02-RJ;UOP02-DEL02-RJ
661163;13/02/2025;quinta-feira;16:00:00;RJ;101;311;SAO GONCALO;Problema com o freio;Engavetamento;Com Vítimas Feridas;Pleno dia;Decrescente;Céu Claro;Dupla;Reta;Sim;6;0;3;0;3;0;3;4;-22,80062246;-43,05318779;SPRF-RJ;DEL02-RJ;UOP02-DEL02-RJ
661164;13/02/2025;quinta-feira;18:20:00;ES;101;263;SERRA;Reação tardia ou ineficiente do condutor;Queda de ocupante de veículo;Com Vítimas Feridas;Anoitecer;Decrescente;Céu Claro;Dupla;Reta;Sim;1;0;1;0;0;0;1;1;-20,16554736;-40,27301648;SPRF-ES;DEL02-ES;UOP01-DEL02-ES
661165;13/02/2025;quinta-feira;18:40:00;SC;101;103,4;BALNEARIO PICARRAS;Manobra de mudança de faixa;Tombamento;Com Vítimas Feridas;Anoitecer;Crescente;Chuva;Dupla;Reta;Sim;2;0;1;0;0;1;1;2;-26,7832381;-48,68314632;SPRF-SC;DEL03-SC;UOP02-DEL03-SC
661166;13/02/2025;quinta-feira;18:00:00;GO;60;64,2;ABADIANIA;Animais na Pista;Colisão traseira;Com Vítimas Feridas;Anoitecer;Crescente;Céu Claro;Dupla;Reta;Não;3;0;1;0;2;0;1;2;-16,1993;-48,7348;SPRF-GO;DEL02-GO;UOP01-DEL02-GO
661168;13/02/2025;quinta-feira;18:36:00;RN;304;298;MACAIBA;Iluminação deficiente;Tombamento;Com Vítimas Feridas;Plena Noite;Decrescente;Céu Claro;Dupla;"Retorno Regulamentado;Reta";Não;1;0;1;0;0;0;1;1;-5,8682343;-35,3321791;SPRF-RN;DEL01-RN;UOP02-DEL01-RN
661170;13/02/2025;quinta-feira;18:40:00;PE;232;36,1;MORENO;Entrada inopinada do pedestre;Atropelamento de Pedestre;Com Vítimas Fatais;Plena Noite;Crescente;Nublado;Dupla;Reta;Sim;3;1;0;1;0;1;1;3;-8,11082778;-35,20125807;SPRF-PE;DEL01-PE;UOP01-DEL01-PE
661174;13/02/2025;quinta-feira;19:00:00;CE;20;204;BOA VIAGEM;Acessar a via sem observar a presença dos outros veículos;Colisão transversal;Com Vítimas Feridas;Plena Noite;Decrescente;Céu Claro;Simples;"Reta;Interseção de Vias";Sim;2;0;0;2;0;0;2;2;-5,12155025;-39,73264757;SPRF-CE;DEL02-CE;UOP02-DEL02-CE
661175;13/02/2025;quinta-feira;19:45:00;MG;50;184;UBERABA;Reação tardia ou ineficiente do condutor;Tombamento;Com Vítimas Feridas;Plena Noite;Decrescente;Céu Claro;Dupla;Reta;Sim;1;0;1;0;0;0;1;1;-19,80945315;-47,90078523;SPRF-MG;DEL13-MG;UOP01-DEL13-MG
661176;13/02/2025;quinta-feira;18:30:00;MT;364;204;RONDONOPOLIS;Desrespeitar a preferência no cruzamento;Colisão transversal;Com Vítimas Feridas;Plena Noite;Decrescente;Nublado;Dupla;"Retorno Regulamentado;Reta";Sim;2;0;0;1;1;0;1;2;-16,467325;-54,657196;SPRF-MT;DEL02-MT;UOP01-DEL02-MT
661178;13/02/2025;quinta-feira;15:15:00;SC;280;26,8;ARAQUARI;Transitar na contramão;Colisão transversal;Com Vítimas Feridas;Pleno dia;Decrescente;Céu Claro;Simples;Reta;Sim;2;0;1;0;1;0;1;2;-26,38972308;-48,73411593;SPRF-SC;DEL03-SC;UOP03-DEL03-SC
661179;13/02/2025;quinta-feira;09:30:00;SC;280;31,2;ARAQUARI;Acessar a via sem observar a presença dos outros veículos;Colisão transversal;Com Vítimas Feridas;Pleno dia;Decrescente;Céu Claro;Simples;Reta;Sim;2;0;1;0;1;0;1;2;-26,41649938;-48,77181215;SPRF-SC;DEL03-SC;UOP03-DEL03-SC
661180;13/02/2025;quinta-feira;18:45:00;DF;20;9;BRASILIA;Acessar a via sem observar a presença dos outros veículos;Colisão lateral mesmo sentido;Com Vítimas Feridas;Plena Noite;Crescente;Céu Claro;Dupla;Declive;Sim;2;0;1;0;1;0;1;2;-15,654671;-47,782917;SPRF-DF;DEL02-DF;UOP01-DEL02-DF
661182;13/02/2025;quinta-feira;17:30:00;MG;40;608,5;CONGONHAS;Conversão proibida;Colisão transversal;Com Vítimas Feridas;Anoitecer;Crescente;Céu Claro;Simples;Declive;Não;2;0;0;1;1;0;1;2;-20,48427186;-43,83895771;SPRF-MG;DEL05-MG;UOP02-DEL05-MG
661183;13/02/2025;quinta-feira;20:40:00;PB;230;13,5;CABEDELO;Pedestre cruzava a pista fora da faixa;Atropelamento de Pedestre;Com Vítimas Feridas;Plena Noite;Crescente;Céu Claro;Múltipla;Reta;Sim;3;0;2;1;0;0;3;2;-7,08624656;-34,84875798;SPRF-PB;DEL01-PB;UOP01-DEL01-PB
661185;13/02/2025;quinta-feira;20:20:00;MG;116;408,7;GOVERNADOR VALADARES;Acesso irregular;Colisão transversal;Com Vítimas Feridas;Plena Noite;Decrescente;Céu Claro;Dupla;Reta;Sim;2;0;1;1;0;0;2;2;-18,84221919;-41,98289416;SPRF-MG;DEL06-MG;UOP01-DEL06-MG
661186;13/02/2025;quinta-feira;21:00:00;DF;70;8;BRASILIA;Manobra de mudança de faixa;Colisão lateral mesmo sentido;Com Vítimas Feridas;Plena Noite;Crescente;Ignorado;Dupla;Reta;Sim;2;0;1;0;1;0;1;2;-15,784966;-48,122108;SPRF-DF;DEL03-DF;UOP02-DEL03-DF
661187;13/02/2025;quinta-feira;21:00:00;PE;232;7;RECIFE;Ingestão de álcool pelo condutor;Queda de ocupante de veículo;Com Vítimas Feridas;Plena Noite;Crescente;Céu Claro;Dupla;Reta;Não;1;0;0;1;0;0;1;1;-8,075517;-34,969132;SPRF-PE;DEL01-PE;UOP01-DEL01-PE
661188;13/02/2025;quinta-feira;20:30:00;RJ;116;324;ITATIAIA;Acumulo de água sobre o pavimento;Colisão com objeto;Com Vítimas Feridas;Plena Noite;Decrescente;Chuva;Dupla;Curva;Sim;2;0;1;0;1;0;1;1;-22,49106419;-44,56183985;SPRF-RJ;DEL07-RJ;UOP02-DEL07-RJ
661189;13/02/2025;quinta-feira;19:40:00;GO;153;514;APARECIDA DE GOIANIA;Acessar a via sem observar a presença dos outros veículos;Colisão transversal;Com Vítimas Feridas;Plena Noite;Crescente;Céu Claro;Dupla;Interseção de Vias;Sim;3;0;2;0;1;0;2;2;-16,8268066;-49,24258947;SPRF-GO;DEL01-GO;UOP03-DEL01-GO
661190;13/02/2025;quinta-feira;21:10:00;PB;101;89;JOAO PESSOA;Reação tardia ou ineficiente do condutor;Colisão lateral mesmo sentido;Sem Vítimas;Plena Noite;Crescente;Céu Claro;Dupla;"Em Obras;Reta";Sim;3;0;0;0;2;1;0;2;-7,1710694;-34,89765372;SPRF-PB;DEL01-PB;UOP01-DEL01-PB
661192;13/02/2025;quinta-feira;21:00:00;SC;280;51,3;GUARAMIRIM;Ausência de reação do condutor;Colisão traseira;Sem Vítimas;Plena Noite;Decrescente;Chuva;Dupla;Reta;Não;2;0;0;0;2;0;0;2;-26,46538871;-48,95544449;SPRF-SC;DEL03-SC;UOP03-DEL03-SC
661193;13/02/2025;quinta-feira;21:53:00;SC;101;136,4;BALNEARIO CAMBORIU;Manobra de mudança de faixa;Atropelamento de Pedestre;Com Vítimas Feridas;Plena Noite;Crescente;Nublado;Dupla;Reta;Sim;3;0;1;0;0;2;1;2;-27,008113;-48,617245;SPRF-SC;DEL04-SC;UOP03-DEL04-SC
661196;13/02/2025;quinta-feira;22:15:00;SC;282;605;MARAVILHA;Velocidade Incompatível;Colisão lateral sentido oposto;Sem Vítimas;Plena Noite;Decrescente;Céu Claro;Simples;Reta;Não;2;0;0;0;2;0;0;2;-26,786951;-53,195248;SPRF-SC;DEL07-SC;UOP02-DEL07-SC
661197;13/02/2025;quinta-feira;16:30:00;SC;280;23;ARAQUARI;Reação tardia ou ineficiente do condutor;Atropelamento de Pedestre;Com Vítimas Feridas;Pleno dia;Crescente;Nublado;Simples;"Rotatória;Interseção de Vias";Sim;2;0;1;0;1;0;1;2;-26,37152895;-48,7122041;SPRF-SC;DEL03-SC;UOP03-DEL03-SC
661198;13/02/2025;quinta-feira;22:20:00;RJ;101;522;ANGRA DOS REIS;Objeto estático sobre o leito carroçável;Colisão com objeto;Com Vítimas Feridas;Plena Noite;Crescente;Chuva;Simples;Reta;Não;2;0;2;0;0;0;2;1;-23,00449741;-44,46944694;SPRF-RJ;DEL03-RJ;UOP03-DEL03-RJ
661200;13/02/2025;quinta-feira;18:20:00;RJ;493;62,5;ITAGUAI;Velocidade Incompatível;Capotamento;Com Vítimas Feridas;Anoitecer;Decrescente;Ignorado;Dupla;Curva;Não;6;0;3;0;3;0;3;1;-22,84507842;-43,81158829;SPRF-RJ;DEL01-RJ;UOP03-DEL01-RJ
661201;13/02/2025;quinta-feira;21:40:00;SC;101;350;JAGUARUNA;Chuva;Queda de ocupante de veículo;Com Vítimas Feridas;Plena Noite;Decrescente;Céu Claro;Dupla;Reta;Não;1;0;0;1;0;0;1;1;-28,58988203;-49,04517307;SPRF-SC;DEL02-SC;UOP01-DEL02-SC
661203;13/02/2025;quinta-feira;21:46:00;PA;10;19;DOM ELISEU;Ausência de reação do condutor;Queda de ocupante de veículo;Com Vítimas Feridas;Plena Noite;Decrescente;Nublado;Simples;Reta;Sim;1;0;0;1;0;0;1;1;-4,28420096;-47,55821975;SPRF-PA;DEL02-PA;UOP02-DEL02-PA
661204;13/02/2025;quinta-feira;23:00:00;SP;116;89,5;PINDAMONHANGABA;Animais na Pista;Colisão frontal;Com Vítimas Feridas;Plena Noite;Decrescente;Nublado;Dupla;Reta;Sim;2;0;1;1;0;0;2;2;-22,93930884;-45,37874708;SPRF-SP;DEL08-SP;UOP01-DEL08-SP
661206;13/02/2025;quinta-feira;22:00:00;MG;116;549;SANTA BARBARA DO LESTE;Participar de racha;Colisão com objeto;Com Vítimas Feridas;Plena Noite;Decrescente;Céu Claro;Simples;Reta;Não;1;0;0;1;0;0;1;1;-19,960735;-42,13329299;SPRF-MG;DEL06-MG;UOP02-DEL06-MG
661209;14/02/2025;sexta-feira;00:30:00;BA;324;595;CANDEIAS;Velocidade Incompatível;Queda de ocupante de veículo;Com Vítimas Fatais;Plena Noite;Crescente;Céu Claro;Dupla;Reta;Não;3;1;0;0;2;0;0;2;-12,71235341;-38,45524557;SPRF-BA;DEL01-BA;UOP01-DEL01-BA