id;data_inversa;dia_semana;horario;uf;br;km;municipio;causa_acidente;tipo_acidente;classificacao_acidente;fase_dia;sentido_via;condicao_metereologica;tipo_pista;tracado_via;uso_solo;pessoas;mortos;feridos_leves;feridos_graves;ilesos;ignorados;feridos;veiculos;latitude;longitude;regional;delegacia;uop
661356;14/02/2025;sexta-feira;17:30:00;SC;101;162;TIJUCAS;Condutor deixou de manter distância do veículo da frente;Colisão traseira;Com Vítimas Feridas;Pleno dia;Crescente;Céu Claro;Dupla;Reta;Sim;3;0;3;0;0;0;3;2;-27,22554009;-48,6279367;SPRF-SC;DEL04-SC;UOP03-DEL04-SC
661357;14/02/2025;sexta-feira;18:00:00;PE;101;68,1;RECIFE;Condutor deixou de manter distância do veículo da frente;Engavetamento;Com Vítimas Feridas;Plena Noite;Decrescente;Céu Claro;Dupla;"Reta;Viaduto";Sim;5;0;1;0;2;2;1;3;-8,05174;-34,946044;SPRF-PE;DEL01-PE;UOP01-DEL01-PE
661358;14/02/2025;sexta-feira;18:10:00;PE;232;11,2;JABOATAO DOS GUARARAPES;Entrada inopinada do pedestre;Atropelamento de Pedestre;Com Vítimas Fatais;Plena Noite;Decrescente;Céu Claro;Dupla;"Aclive;Reta";Sim;2;1;0;0;1;0;0;2;-8,08294981;-34,99680877;SPRF-PE;DEL01-PE;UOP01-DEL01-PE
661359;14/02/2025;sexta-feira;19:17:00;MG;40;481;SETE LAGOAS;Afundamento ou ondulação no pavimento;Queda de ocupante de veículo;Com Vítimas Feridas;Plena Noite;Crescente;Céu Claro;Dupla;"Aclive;Reta";Não;1;0;0;1;0;0;1;1;-19,5511262;-44,24459038;SPRF-MG;DEL02-MG;UOP01-DEL02-MG
661360;14/02/2025;sexta-feira;18:57:00;PR;277;722;FOZ DO IGUACU;Ausência de reação do condutor;Colisão traseira;Com Vítimas Feridas;Pleno dia;Decrescente;Céu Claro;Dupla;Reta;Sim;4;0;0;2;2;0;2;3;-25,49494908;-54,52095097;SPRF-PR;DEL05-PR;UOP03-DEL05-PR
661361;14/02/2025;sexta-feira;18:30:00;PR;277;74,7;SAO JOSE DOS PINHAIS;Trafegar com motocicleta (ou similar) entre as faixas;Colisão lateral mesmo sentido;Com Vítimas Feridas;Plena Noite;Decrescente;Nublado;Dupla;Reta;Sim;2;0;1;0;1;0;1;2;-25,49530581;-49,16483223;SPRF-PR;DEL01-PR;UOP07-DEL01-PR
661362;14/02/2025;sexta-feira;19:15:00;SC;280;46,2;GUARAMIRIM;Acessar a via sem observar a presença dos outros veículos;Colisão lateral mesmo sentido;Com Vítimas Feridas;Plena Noite;Decrescente;Nublado;Simples;"Reta;Aclive;Interseção de Vias";Não;2;0;0;1;1;0;1;2;-26,45314994;-48,91018867;SPRF-SC;DEL03-SC;UOP03-DEL03-SC
661363;14/02/2025;sexta-feira;17:10:00;RS;116;146;CAXIAS DO SUL;Condutor desrespeitou a iluminação vermelha do semáforo;Colisão transversal;Sem Vítimas;Pleno dia;Crescente;Céu Claro;Dupla;"Reta;Interseção de Vias";Sim;2;0;0;0;2;0;0;2;-29,14228897;-51,13622202;SPRF-RS;DEL05-RS;UOP01-DEL05-RS
661364;14/02/2025;sexta-feira;17:46:00;MA;222;670;ACAILANDIA;Ultrapassagem Indevida;Colisão lateral sentido oposto;Com Vítimas Feridas;Pleno dia;Crescente;Céu Claro;Simples;Reta;Sim;2;0;0;1;1;0;1;2;-4,91607953;-47,42281928;SPRF-MA;DEL04-MA;UOP03-DEL04-MA
661366;14/02/2025;sexta-feira;18:10:00;RJ;40;116;DUQUE DE CAXIAS;Reação tardia ou ineficiente do condutor;Colisão traseira;Com Vítimas Feridas;Plena Noite;Decrescente;Céu Claro;Múltipla;Reta;Não;2;0;1;0;1;0;1;2;-22,73662299;-43,28858785;SPRF-RJ;DEL01-RJ;UOP02-DEL01-RJ
661367;14/02/2025;sexta-feira;19:05:00;PB;101;26;RIO TINTO;Reação tardia ou ineficiente do condutor;Queda de ocupante de veículo;Com Vítimas Feridas;Plena Noite;Decrescente;Céu Claro;Dupla;"Reta;Em Obras";Não;1;0;0;1;0;0;1;1;-6,69006397;-35,11528625;SPRF-PB;DEL01-PB;UOP03-DEL01-PB
661368;14/02/2025;sexta-feira;19:03:00;MG;381;921;CAMANDUCAIA;Velocidade Incompatível;Colisão com objeto;Com Vítimas Feridas;Plena Noite;Crescente;Chuva;Dupla;"Curva;Declive";Não;1;0;1;0;0;0;1;1;-22,7680939;-46,20854399;SPRF-MG;DEL16-MG;UOP03-DEL16-MG
661369;14/02/2025;sexta-feira;19:30:00;SP;153;79,9;BADY BASSITT;Ausência de reação do condutor;Colisão traseira;Com Vítimas Feridas;Plena Noite;Crescente;Nublado;Dupla;Aclive;Não;3;0;0;1;2;0;1;2;-20,90910476;-49,48021806;SPRF-SP;DEL09-SP;UOP01-DEL09-SP
661371;14/02/2025;sexta-feira;16:45:00;MG;381;906;CAMBUI;Acumulo de água sobre o pavimento;Saída de leito carroçável;Com Vítimas Feridas;Pleno dia;Decrescente;Chuva;Dupla;Reta;Não;1;0;1;0;0;0;1;1;-22,67322395;-46,09349154;SPRF-MG;DEL16-MG;UOP03-DEL16-MG
661374;14/02/2025;sexta-feira;18:15:00;MA;135;95;ITAPECURU MIRIM;Acessar a via sem observar a presença dos outros veículos;Colisão transversal;Com Vítimas Feridas;Anoitecer;Decrescente;Nublado;Simples;"Interseção de Vias;Rotatória;Reta";Sim;6;0;2;0;4;0;2;2;-3,33199794;-44,44591567;SPRF-MA;DEL01-MA;UOP02-DEL01-MA
661375;14/02/2025;sexta-feira;19:00:00;RJ;393;253;BARRA DO PIRAI;Demais falhas mecânicas ou elétricas;Incêndio;Sem Vítimas;Plena Noite;Crescente;Céu Claro;Simples;"Aclive;Reta";Não;1;0;0;0;1;0;0;1;-22,47606388;-44,04976392;SPRF-RJ;DEL05-RJ;UOP04-DEL05-RJ
661376;14/02/2025;sexta-feira;17:50:00;PB;230;251,2;JUAZEIRINHO;Condutor deixou de manter distância do veículo da frente;Colisão traseira;Sem Vítimas;Anoitecer;Crescente;Nublado;Simples;"Reta;Interseção de Vias";Não;6;0;0;0;6;0;0;2;-7,06008;-36,651417;SPRF-PB;DEL03-PB;UOP01-DEL03-PB
661378;14/02/2025;sexta-feira;17:45:00;MT;163;831;SINOP;Reação tardia ou ineficiente do condutor;Colisão lateral mesmo sentido;Com Vítimas Feridas;Pleno dia;Crescente;Céu Claro;Dupla;Reta;Sim;2;0;1;0;1;0;1;2;-11,88648775;-55,50178355;SPRF-MT;DEL06-MT;UOP02-DEL06-MT
661381;14/02/2025;sexta-feira;20:00:00;ES;101;308;VIANA;Reação tardia ou ineficiente do condutor;Saída de leito carroçável;Com Vítimas Feridas;Plena Noite;Decrescente;Céu Claro;Dupla;Reta;Não;3;0;2;1;0;0;3;1;-20,40809191;-40,45835336;SPRF-ES;DEL01-ES;UOP01-DEL01-ES
661382;14/02/2025;sexta-feira;20:15:00;RS;116;302,6;GUAIBA;Acessar a via sem observar a presença dos outros veículos;Colisão transversal;Sem Vítimas;Pleno dia;Decrescente;Céu Claro;Simples;Reta;Não;3;0;0;0;2;1;0;2;-30,14581003;-51,36328125;SPRF-RS;DEL02-RS;UOP01-DEL02-RS
661383;14/02/2025;sexta-feira;19:45:00;PR;277;82;CURITIBA;Trafegar com motocicleta (ou similar) entre as faixas;Colisão traseira;Com Vítimas Feridas;Plena Noite;Decrescente;Céu Claro;Dupla;Reta;Sim;2;0;1;0;1;0;1;2;-25,46293729;-49,21825111;SPRF-PR;DEL01-PR;UOP03-DEL01-PR
661384;14/02/2025;sexta-feira;12:00:00;RJ;101;503;ANGRA DOS REIS;Acessar a via sem observar a presença dos outros veículos;Colisão transversal;Sem Vítimas;Pleno dia;Decrescente;Céu Claro;Simples;Reta;Sim;2;0;0;0;2;0;0;2;-22,92894705;-44,37879998;SPRF-RJ;DEL03-RJ;UOP03-DEL03-RJ
661385;14/02/2025;sexta-feira;17:15:00;RO;364;162,9;PIMENTA BUENO;Pista esburacada;Colisão traseira;Sem Vítimas;Pleno dia;Crescente;Nublado;Simples;"Aclive;Reta";Não;8;0;0;0;8;0;0;2;-11,898468;-60,978368;SPRF-RO;DEL02-RO;UOP02-DEL02-RO
661386;14/02/2025;sexta-feira;19:50:00;RJ;101;324;NITEROI;Condutor deixou de manter distância do veículo da frente;Colisão traseira;Com Vítimas Feridas;Plena Noite;Decrescente;Céu Claro;Simples;"Reta;Ponte";Não;2;0;1;0;1;0;1;2;-22,87381074;-43,12640997;SPRF-RJ;DEL02-RJ;UOP01-DEL02-RJ
661387;14/02/2025;sexta-feira;19:20:00;RJ;493;23;MAGE;Acessar a via sem observar a presença dos outros veículos;Colisão transversal;Sem Vítimas;Plena Noite;Decrescente;Céu Claro;Simples;Reta;Não;2;0;0;0;2;0;0;2;-22,6593875;-43,0910045;SPRF-RJ;DEL04-RJ;UOP02-DEL04-RJ
661390;14/02/2025;sexta-feira;20:10:00;SE;235;108;CARIRA;Manobra de mudança de faixa;Colisão frontal;Com Vítimas Feridas;Plena Noite;Decrescente;Céu Claro;Simples;"Reta;Interseção de Vias";Não;4;0;0;1;3;0;1;2;-10,34869488;-37,70662308;SPRF-SE;DEL01-SE;UOP02-DEL01-SE
661391;14/02/2025;sexta-feira;20:40:00;TO;153;468;MIRACEMA DO TOCANTINS;Transitar na contramão;Colisão frontal;Com Vítimas Feridas;Plena Noite;Crescente;Céu Claro;Simples;Reta;Não;2;0;1;1;0;0;2;2;-9,98289731;-48,75211852;SPRF-TO;DEL01-TO;UOP01-DEL01-TO
661393;14/02/2025;sexta-feira;17:00:00;MG;262;753;SACRAMENTO;Acumulo de água sobre o pavimento;Capotamento;Com Vítimas Feridas;Pleno dia;Crescente;Chuva;Simples;Reta;Não;3;0;1;0;2;0;1;1;-19,64861651;-47,53625088;SPRF-MG;DEL13-MG;UOP01-DEL13-MG
661394;14/02/2025;sexta-feira;20:20:00;PR;116;148;MANDIRITUBA;Acessar a via sem observar a presença dos outros veículos;Colisão transversal;Com Vítimas Feridas;Plena Noite;Crescente;Nublado;Simples;Curva;Não;2;0;0;1;1;0;1;2;-25,83332724;-49,33678865;SPRF-PR;DEL01-PR;UOP03-DEL01-PR
661397;14/02/2025;sexta-feira;19:00:00;SC;470;123,1;IBIRAMA;Ingestão de álcool pelo condutor;Queda de ocupante de veículo;Com Vítimas Feridas;Plena Noite;Decrescente;Céu Claro;Simples;"Reta;Declive";Sim;1;0;0;1;0;0;1;1;-27,10729664;-49,52278376;SPRF-SC;DEL04-SC;UOP02-DEL04-SC
661398;14/02/2025;sexta-feira;18:50:00;RR;401;12;BOA VISTA;Acessar a via sem observar a presença dos outros veículos;Colisão transversal;Com Vítimas Feridas;Plena Noite;Crescente;Céu Claro;Múltipla;"Interseção de Vias;Reta";Sim;2;0;2;0;0;0;2;2;2,82085577;-60,59767475;SPRF-RR;DEL01-RR;UOP01-DEL01-RR
661399;14/02/2025;sexta-feira;20:55:00;RJ;116;170;RIO DE JANEIRO;Objeto estático sobre o leito carroçável;Queda de ocupante de veículo;Com Vítimas Feridas;Plena Noite;Crescente;Céu Claro;Dupla;Reta;Sim;1;0;1;0;0;0;1;1;-22,81113183;-43,3336729;SPRF-RJ;DEL06-RJ;UOP01-DEL06-RJ
661401;14/02/2025;sexta-feira;20:25:00;RS;158;470,4;ROSARIO DO SUL;Demais falhas mecânicas ou elétricas;Incêndio;Sem Vítimas;Plena Noite;Decrescente;Céu Claro;Simples;"Curva;Declive";Não;1;0;0;0;1;0;0;1;-30,26806191;-54,9740301;SPRF-RS;DEL11-RS;UOP02-DEL11-RS
661402;14/02/2025;sexta-feira;18:20:00;BA;116;816;VITORIA DA CONQUISTA;Acessar a via sem observar a presença dos outros veículos;Colisão transversal;Com Vítimas Feridas;Anoitecer;Decrescente;Nublado;Simples;Reta;Sim;3;0;2;0;1;0;2;2;-14,77751018;-40,73036091;SPRF-BA;DEL08-BA;UOP01-DEL08-BA
661404;14/02/2025;sexta-feira;21:30:00;GO;153;436,5;ANAPOLIS;Condutor deixou de manter distância do veículo da frente;Colisão traseira;Com Vítimas Feridas;Plena Noite;Crescente;Nublado;Dupla;Desvio Temporário;Não;3;0;2;0;0;1;2;2;-16,283987;-48,951763;SPRF-GO;DEL02-GO;UOP01-DEL02-GO
661405;14/02/2025;sexta-feira;08:45:00;SC;101;121;ITAJAI;Reação tardia ou ineficiente do condutor;Queda de ocupante de veículo;Com Vítimas Feridas;Pleno dia;Crescente;Céu Claro;Dupla;Reta;Não;1;0;1;0;0;0;1;1;-26,92103178;-48,70856446;SPRF-SC;DEL04-SC;UOP04-DEL04-SC
661407;14/02/2025;sexta-feira;20:00:00;PI;316;346;FRANCISCO SANTOS;Ultrapassagem Indevida;Colisão frontal;Com Vítimas Feridas;Plena Noite;Decrescente;Céu Claro;Simples;Reta;Sim;2;0;0;1;0;1;1;2;-7,119521;-41,155262;SPRF-PI;DEL04-PI;UOP01-DEL04-PI
661408;14/02/2025;sexta-feira;19:45:00;SC;101;118;ITAJAI;Desrespeitar a preferência no cruzamento;Colisão transversal;Com Vítimas Feridas;Pleno dia;Crescente;Céu Claro;Simples;"Curva;Rotatória;Interseção de Vias;Viaduto";Não;2;0;1;0;1;0;1;2;-26,895859;-48,71903;SPRF-SC;DEL04-SC;UOP04-DEL04-SC
661409;14/02/2025;sexta-feira;21:50:00;GO;153;491;GOIANIA;Reação tardia ou ineficiente do condutor;Colisão traseira;Com Vítimas Feridas;Plena Noite;Crescente;Chuva;Dupla;Declive;Sim;4;0;1;0;3;0;1;2;-16,639;-49,2063;SPRF-GO;DEL01-GO;UOP01-DEL01-GO
661410;06/02/2025;quinta-feira;07:40:00;SP;153;58,2;SAO JOSE DO RIO PRETO;Afundamento ou ondulação no pavimento;Tombamento;Com Vítimas Feridas;Pleno dia;Crescente;Céu Claro;Dupla;Reta;Sim;1;0;1;0;0;0;1;1;-20,77838195;-49,35300538;SPRF-SP;DEL09-SP;UOP01-DEL09-SP
661411;14/02/2025;sexta-feira;20:15:00;PE;428;168;PETROLINA;Animais na Pista;Atropelamento de Animal;Com Vítimas Feridas;Plena Noite;Decrescente;Céu Claro;Simples;Reta;Não;2;0;2;0;0;0;2;1;-9,20669407;-40,39689092;SPRF-PE;DEL06-PE;UOP01-DEL06-PE
661412;14/02/2025;sexta-feira;20:50:00;PE;407;118,8;PETROLINA;Ausência de reação do condutor;Colisão traseira;Com Vítimas Feridas;Plena Noite;Crescente;Céu Claro;Simples;Reta;Não;4;0;0;1;3;0;1;2;-9,32245397;-40,56878794;SPRF-PE;DEL06-PE;UOP01-DEL06-PE
661413;14/02/2025;sexta-feira;20:02:00;PR;369;94;CORNELIO PROCOPIO;Ausência de reação do condutor;Colisão traseira;Com Vítimas Feridas;Plena Noite;Decrescente;Céu Claro;Dupla;"Curva;Aclive";Não;2;0;1;0;1;0;1;2;-23,223701;-50,6724;SPRF-PR;DEL07-PR;UOP05-DEL07-PR
661414;14/02/2025;sexta-feira;19:00:00;RJ;101;68;CAMPOS DOS GOYTACAZES;Condutor deixou de manter distância do veículo da frente;Colisão traseira;Com Vítimas Feridas;Plena Noite;Decrescente;Céu Claro;Simples;Reta;Não;2;0;1;1;0;0;2;2;-21,77186768;-41,35705017;SPRF-RJ;DEL08-RJ;UOP02-DEL08-RJ
661415;14/02/2025;sexta-feira;20:30:00;PA;10;347;SANTA MARIA DO PARA;Ultrapassagem Indevida;Colisão lateral mesmo sentido;Com Vítimas Fatais;Plena Noite;Crescente;Garoa/Chuvisco;Simples;Reta;Não;3;1;0;1;0;1;1;3;-1,404545;-47,557139;SPRF-PA;DEL01-PA;UOP02-DEL01-PA
661417;14/02/2025;sexta-feira;22:40:00;GO;60;94;ANAPOLIS;Ausência de reação do condutor;Queda de ocupante de veículo;Com Vítimas Feridas;Plena Noite;Decrescente;Nublado;Dupla;"Desvio Temporário;Reta";Sim;1;0;1;0;0;0;1;1;-16,3611;-48,9328;SPRF-GO;DEL02-GO;UOP01-DEL02-GO
661418;14/02/2025;sexta-feira;22:30:00;SC;101;210;SAO JOSE;Condutor deixou de manter distância do veículo da frente;Colisão traseira;Com Vítimas Feridas;Plena Noite;Decrescente;Chuva;Simples;Reta;Sim;4;0;1;0;2;1;1;2;-27,6167305;-48,6457265;SPRF-SC;DEL01-SC;UOP01-DEL01-SC
661419;14/02/2025;sexta-feira;21:30:00;SP;116;129;CACAPAVA;Ausência de reação do condutor;Colisão traseira;Com Vítimas Feridas;Pleno dia;Crescente;Nublado;Dupla;Reta;Não;3;0;1;0;2;0;1;2;-23,11885593;-45,71948203;SPRF-SP;DEL02-SP;UOP02-DEL02-SP
661420;14/02/2025;sexta-feira;21:30:00;PI;316;310,2;PICOS;Retorno proibido;Colisão transversal;Com Vítimas Feridas;Plena Noite;Decrescente;Céu Claro;Múltipla;Reta;Sim;3;0;0;1;0;2;1;3;-7,07639186;-41,47475001;SPRF-PI;DEL04-PI;UOP01-DEL04-PI
661421;14/02/2025;sexta-feira;20:55:00;PR;277;164,4;PORTO AMAZONAS;Velocidade Incompatível;Colisão com objeto;Com Vítimas Feridas;Plena Noite;Decrescente;Céu Claro;Simples;Interseção de Vias;Não;1;0;1;0;0;0;1;1;-25,47331415;-49,89548206;SPRF-PR;DEL03-PR;UOP03-DEL03-PR
661422;14/02/2025;sexta-feira;21:30:00;RN;304;133,5;ITAJA;Animais na Pista;Atropelamento de Animal;Com Vítimas Feridas;Plena Noite;Decrescente;Céu Claro;Simples;"Aclive;Reta";Não;4;0;3;0;1;0;3;1;-5,66041541;-36,74426003;SPRF-RN;DEL04-RN;UOP01-DEL04-RN
661423;14/02/2025;sexta-feira;22:20:00;SC;280;128;RIO NEGRINHO;Desrespeitar a preferência no cruzamento;Colisão transversal;Com Vítimas Feridas;Plena Noite;Crescente;Céu Claro;Simples;Interseção de Vias;Sim;2;0;2;0;0;0;2;2;-26,24317941;-49,51320018;SPRF-SC;DEL06-SC;UOP03-DEL06-SC
661424;14/02/2025;sexta-feira;19:00:00;RJ;40;123;DUQUE DE CAXIAS;Condutor deixou de manter distância do veículo da frente;Colisão traseira;Com Vítimas Feridas;Plena Noite;Decrescente;Céu Claro;Múltipla;Reta;Sim;2;0;1;0;1;0;1;2;-22,79907687;-43,29015739;SPRF-RJ;DEL01-RJ;UOP02-DEL01-RJ
661425;14/02/2025;sexta-feira;22:30:00;PI;343;173;PIRIPIRI;Condutor deixou de manter distância do veículo da frente;Colisão traseira;Com Vítimas Feridas;Plena Noite;Crescente;Céu Claro;Simples;Reta;Não;2;0;0;1;1;0;1;2;-4,185441;-41,788273;SPRF-PI;DEL02-PI;UOP01-DEL02-PI
661426;14/02/2025;sexta-feira;23:15:00;SC;101;63;ARAQUARI;Reação tardia ou ineficiente do condutor;Tombamento;Com Vítimas Feridas;Plena Noite;Decrescente;Nublado;Dupla;Reta;Não;1;0;1;0;0;0;1;1;-26,45898367;-48,7584088;SPRF-SC;DEL03-SC;UOP02-DEL03-SC
661427;14/02/2025;sexta-feira;22:30:00;SC;282;144,8;BOM RETIRO;Acessar a via sem observar a presença dos outros veículos;Colisão transversal;Com Vítimas Feridas;Plena Noite;Decrescente;Nublado;Simples;Reta;Não;4;0;0;1;3;0;1;2;-27,802912;-49,632038;SPRF-SC;DEL05-SC;UOP01-DEL05-SC
661428;14/02/2025;sexta-feira;19:20:00;MG;262;365;JUATUBA;Ausência de reação do condutor;Tombamento;Com Vítimas Feridas;Plena Noite;Crescente;Céu Claro;Dupla;"Aclive;Reta";Não;1;0;0;1;0;0;1;1;-19,97856934;-44,25336717;SPRF-MG;DEL01-MG;UOP03-DEL01-MG
661429;14/02/2025;sexta-feira;22:10:00;PR;277;346;GUARAPUAVA;Reação tardia ou ineficiente do condutor;Saída de leito carroçável;Com Vítimas Feridas;Plena Noite;Crescente;Céu Claro;Dupla;Reta;Sim;2;0;1;0;1;0;1;1;-25,33928412;-51,42880296;SPRF-PR;DEL08-PR;UOP01-DEL08-PR
661430;14/02/2025;sexta-feira;23:00:00;MT;163;837;SINOP;Ausência de reação do condutor;Colisão com objeto;Sem Vítimas;Plena Noite;Decrescente;Céu Claro;Simples;Reta;Sim;1;0;0;0;1;0;0;1;-11,968963;-55,51695578;SPRF-MT;DEL06-MT;UOP02-DEL06-MT
661432;14/02/2025;sexta-feira;20:40:00;PR;163;131;CAPITAO LEONIDAS MARQUES;Retorno proibido;Colisão transversal;Com Vítimas Feridas;Plena Noite;Crescente;Nublado;Dupla;Reta;Não;4;0;2;0;2;0;2;3;-25,55013945;-53,5913381;SPRF-PR;DEL05-PR;UOP05-DEL05-PR
661434;14/02/2025;sexta-feira;23:45:00;PR;369;172,7;ROLANDIA;Desrespeitar a preferência no cruzamento;Colisão transversal;Com Vítimas Feridas;Plena Noite;Crescente;Nublado;Simples;"Reta;Interseção de Vias";Sim;5;0;0;1;3;1;1;3;-23,307654;-51,366708;SPRF-PR;DEL07-PR;UOP01-DEL07-PR
661435;15/02/2025;sábado;00:20:00;RN;101;99;NATAL;Ausência de reação do condutor;Colisão com objeto;Com Vítimas Feridas;Plena Noite;Crescente;Garoa/Chuvisco;Dupla;Reta;Sim;1;0;1;0;0;0;1;1;-5,87359183;-35,22063023;SPRF-RN;DEL01-RN;UOP01-DEL01-RN
661436;14/02/2025;sexta-feira;23:20:00;SC;282;480;FAXINAL DOS GUEDES;Reação tardia ou ineficiente do condutor;Saída de leito carroçável;Com Vítimas Feridas;Plena Noite;Crescente;Nublado;Simples;"Reta;Rotatória";Não;3;0;3;0;0;0;3;1;-26,87817221;-52,18823433;SPRF-SC;DEL07-SC;UOP01-DEL07-SC
661437;15/02/2025;sábado;00:30:00;PR;277;47;MORRETES;Demais falhas mecânicas ou elétricas;Incêndio;Sem Vítimas;Plena Noite;Crescente;Céu Claro;Múltipla;Reta;Não;1;0;0;0;1;0;0;1;-25,58937591;-48,87336932;SPRF-PR;DEL01-PR;UOP05-DEL01-PR
661439;14/02/2025;sexta-feira;21:00:00;PI;135;213,5;ELISEU MARTINS;Ausência de reação do condutor;Saída de leito carroçável;Com Vítimas Feridas;Anoitecer;Decrescente;Céu Claro;Simples;Reta;Não;1;0;0;1;0;0;1;1;-8,12011904;-43,68332493;SPRF-PI;DEL03-PI;UOP02-DEL03-PI
661441;15/02/2025;sábado;01:10:00;MG;50;113;UBERABA;Condutor Dormindo;Saída de leito carroçável;Com Vítimas Fatais;Plena Noite;Crescente;Nublado;Dupla;"Curva;Declive";Não;1;1;0;0;0;0;0;1;-19,24933392;-48,13570581;SPRF-MG;DEL13-MG;UOP01-DEL13-MG
661445;15/02/2025;sábado;02:00:00;SP;116;207;GUARULHOS;Reação tardia ou ineficiente do condutor;Queda de ocupante de veículo;Com Vítimas Feridas;Plena Noite;Decrescente;Céu Claro;Múltipla;Reta;Sim;1;0;1;0;0;0;1;1;-23,41972188;-46,38419203;SPRF-SP;DEL01-SP;UOP01-DEL01-SP
661446;14/02/2025;sexta-feira;23:45:00;GO;452;35;SANTA HELENA DE GOIAS;Objeto estático sobre o leito carroçável;Colisão transversal;Com Vítimas Feridas;Plena Noite;Crescente;Nublado;Simples;"Declive;Reta";Não;6;0;1;0;5;0;1;2;-17,915328;-50,599578;SPRF-GO;DEL04-GO;UOP01-DEL04-GO
661447;15/02/2025;sábado;02:15:00;PR;373;279;PRUDENTOPOLIS;Reação tardia ou ineficiente do condutor;Saída de leito carroçável;Com Vítimas Feridas;Plena Noite;Decrescente;Céu Claro;Simples;Reta;Não;1;0;1;0;0;0;1;1;-25,27142442;-51,1010937;SPRF-PR;DEL08-PR;UOP01-DEL08-PR
661448;15/02/2025;sábado;02:20:00;ES;101;327,3;GUARAPARI;Ausência de reação do condutor;Colisão com objeto;Com Vítimas Feridas;Plena Noite;Decrescente;Céu Claro;Dupla;Reta;Não;1;0;0;1;0;0;1;1;-20,57231099;-40,48455601;SPRF-ES;DEL03-ES;UOP01-DEL03-ES
661449;15/02/2025;sábado;00:20:00;PA;10;161,9;PARAGOMINAS;Ausência de reação do condutor;Colisão traseira;Com Vítimas Fatais;Plena Noite;Decrescente;Céu Claro;Simples;Reta;Sim;3;1;0;1;0;1;1;2;-3,0272761;-47,46507953;SPRF-PA;DEL02-PA;UOP01-DEL02-PA
661450;15/02/2025;sábado;02:26:00;CE;116;11,7;FORTALEZA;Ingestão de álcool pelo condutor;Colisão frontal;Com Vítimas Fatais;Plena Noite;Crescente;Céu Claro;Simples;"Viaduto;Aclive;Curva";Não;2;1;0;0;1;0;0;2;-3,84394724;-38,49891546;SPRF-CE;DEL01-CE;UOP02-DEL01-CE
661451;15/02/2025;sábado;03:09:00;PR;116;72;QUATRO BARRAS;Ausência de reação do condutor;Saída de leito carroçável;Sem Vítimas;Plena Noite;Crescente;Céu Claro;Dupla;Curva;Não;1;0;0;0;1;0;0;1;-25,33849717;-49,03792883;SPRF-PR;DEL01-PR;UOP02-DEL01-PR
661452;15/02/2025;sábado;01:00:00;MT;163;13;ITIQUIRA;Reação tardia ou ineficiente do condutor;Colisão com objeto;Com Vítimas Feridas;Plena Noite;Crescente;Nublado;Simples;"Reta;Rotatória";Não;1;0;1;0;0;0;1;1;-17,397367;-54,756665;SPRF-MT;DEL02-MT;UOP03-DEL02-MT
661453;15/02/2025;sábado;01:10:00;SC;101;230;PALHOCA;Ausência de reação do condutor;Saída de leito carroçável;Sem Vítimas;Plena Noite;Decrescente;Chuva;Dupla;"Aclive;Reta";Não;1;0;0;0;1;0;0;1;-27,77781898;-48,63489608;SPRF-SC;DEL01-SC;UOP02-DEL01-SC
661454;15/02/2025;sábado;03:00:00;ES;101;392,5;RIO NOVO DO SUL;Manobra de mudança de faixa;Colisão lateral mesmo sentido;Com Vítimas Feridas;Plena Noite;Crescente;Céu Claro;Simples;Interseção de Vias;Não;2;0;0;1;1;0;1;2;-20,865694;-40,91366;SPRF-ES;DEL03-ES;UOP02-DEL03-ES
661456;15/02/2025;sábado;03:15:00;RS;116;236;NOVO HAMBURGO;Ingestão de álcool pelo condutor;Colisão com objeto;Com Vítimas Feridas;Plena Noite;Crescente;Céu Claro;Dupla;Reta;Sim;1;0;1;0;0;0;1;1;-29,66938502;-51,14304731;SPRF-RS;DEL01-RS;UOP02-DEL01-RS
661457;15/02/2025;sábado;02:00:00;MT;163;1021;PEIXOTO DE AZEVEDO;Ingestão de álcool pelo condutor;Saída de leito carroçável;Sem Vítimas;Plena Noite;Decrescente;Chuva;Simples;Reta;Não;1;0;0;0;1;0;0;1;-10,30379118;-55,03189899;SPRF-MT;DEL06-MT;UOP03-DEL06-MT
661459;15/02/2025;sábado;04:00:00;PR;277;683;SAO MIGUEL DO IGUACU;Velocidade Incompatível;Saída de leito carroçável;Com Vítimas Feridas;Plena Noite;Crescente;Céu Claro;Dupla;Curva;Não;1;0;0;1;0;0;1;1;-25,33269888;-54,19204103;SPRF-PR;DEL05-PR;UOP01-DEL05-PR
661460;15/02/2025;sábado;02:10:00;MG;262;9,4;MARTINS SOARES;Suicídio (presumido);Atropelamento de Pedestre;Com Vítimas Feridas;Plena Noite;Crescente;Céu Claro;Simples;Curva;Não;3;0;0;1;1;1;1;2;-20,25054582;-41,83493898;SPRF-MG;DEL06-MG;UOP03-DEL06-MG
661461;15/02/2025;sábado;04:40:00;RS;472;184,1;SANTO CRISTO;Ultrapassagem Indevida;Colisão frontal;Com Vítimas Feridas;Plena Noite;Crescente;Chuva;Simples;"Reta;Declive";Não;3;0;1;2;0;0;3;2;-27,84533132;-54,55667318;SPRF-RS;DEL10-RS;UOP01-DEL10-RS