id;data_inversa;dia_semana;horario;uf;br;km;municipio;causa_acidente;tipo_acidente;classificacao_acidente;fase_dia;sentido_via;condicao_metereologica;tipo_pista;tracado_via;uso_solo;pessoas;mortos;feridos_leves;feridos_graves;ilesos;ignorados;feridos;veiculos;latitude;longitude;regional;delegacia;uop
662593;20/02/2025;quinta-feira;15:30:00;PR;277;27;MORRETES;Ausência de reação do condutor;Tombamento;Com Vítimas Feridas;Pleno dia;Crescente;Chuva;Dupla;Curva;Não;2;0;2;0;0;0;2;1;-25,52935033;-48,72534598;SPRF-PR;DEL01-PR;UOP05-DEL01-PR
662594;20/02/2025;quinta-feira;16:30:00;RN;101;94;NATAL;Manobra de mudança de faixa;Colisão lateral mesmo sentido;Com Vítimas Feridas;Pleno dia;Decrescente;Céu Claro;Múltipla;Reta;Sim;3;0;2;0;1;0;2;2;-5,83176615;-35,21191342;SPRF-RN;DEL01-RN;UOP01-DEL01-RN
662597;20/02/2025;quinta-feira;18:00:00;SP;381;39;ATIBAIA;Reação tardia ou ineficiente do condutor;Colisão com objeto;Com Vítimas Feridas;Anoitecer;Crescente;Céu Claro;Dupla;Reta;Sim;1;0;0;1;0;0;1;1;-23,1215761;-46,57471572;SPRF-SP;DEL03-SP;UOP01-DEL03-SP
662599;20/02/2025;quinta-feira;17:40:00;PR;373;222,5;IMBITUVA;Acessar a via sem observar a presença dos outros veículos;Colisão transversal;Com Vítimas Feridas;Pleno dia;Decrescente;Sol;Simples;"Interseção de Vias;Declive";Não;2;0;1;0;1;0;1;2;-25,18082863;-50,5963984;SPRF-PR;DEL03-PR;UOP01-DEL03-PR
662600;20/02/2025;quinta-feira;17:40:00;PR;116;148;MANDIRITUBA;Reação tardia ou ineficiente do condutor;Colisão traseira;Sem Vítimas;Pleno dia;Crescente;Nublado;Simples;Reta;Não;2;0;0;0;2;0;0;2;-25,80213893;-49,32898343;SPRF-PR;DEL01-PR;UOP03-DEL01-PR
662602;20/02/2025;quinta-feira;17:30:00;PE;316;64;OURICURI;Ausência de reação do condutor;Saída de leito carroçável;Com Vítimas Feridas;Anoitecer;Decrescente;Céu Claro;Simples;Reta;Não;1;0;0;1;0;0;1;1;-7,78543662;-40,22695512;SPRF-PE;DEL05-PE;UOP02-DEL05-PE
662603;20/02/2025;quinta-feira;18:30:00;CE;304;49,9;ARACATI;Entrada inopinada do pedestre;Atropelamento de Pedestre;Com Vítimas Fatais;Anoitecer;Crescente;Céu Claro;Dupla;Curva;Não;2;1;1;0;0;0;1;2;-4,5759725;-37,7317098;SPRF-CE;DEL03-CE;UOP02-DEL03-CE
662604;20/02/2025;quinta-feira;17:00:00;RJ;116;233;PIRAI;Acumulo de óleo sobre o pavimento;Capotamento;Com Vítimas Feridas;Anoitecer;Decrescente;Céu Claro;Múltipla;"Curva;Declive";Não;2;0;2;0;0;0;2;1;-22,66620289;-43,83873224;SPRF-RJ;DEL07-RJ;UOP01-DEL07-RJ
662605;20/02/2025;quinta-feira;17:40:00;PR;369;207,9;APUCARANA;Pedestre cruzava a pista fora da faixa;Atropelamento de Pedestre;Com Vítimas Feridas;Pleno dia;Decrescente;Sol;Simples;Reta;Sim;2;0;0;2;0;0;2;2;-23,56385744;-51,49388552;SPRF-PR;DEL07-PR;UOP03-DEL07-PR
662607;20/02/2025;quinta-feira;19:00:00;SP;101;15;UBATUBA;Conversão proibida;Colisão lateral mesmo sentido;Com Vítimas Feridas;Plena Noite;Crescente;Garoa/Chuvisco;Simples;Interseção de Vias;Não;2;0;1;0;1;0;1;2;-23,33509719;-44,88011527;SPRF-SP;DEL06-SP;UOP01-DEL06-SP
662609;20/02/2025;quinta-feira;20:15:00;PB;101;54,8;SANTA RITA;Ausência de reação do condutor;Colisão com objeto;Com Vítimas Feridas;Plena Noite;Crescente;Céu Claro;Dupla;Reta;Não;1;0;1;0;0;0;1;1;-6,95396379;-35,09058058;SPRF-PB;DEL01-PB;UOP03-DEL01-PB
662611;20/02/2025;quinta-feira;19:07:00;RO;364;605;ITAPUA DO OESTE;Transitar na contramão;Colisão frontal;Com Vítimas Feridas;Plena Noite;Crescente;Céu Claro;Simples;Reta;Sim;2;0;1;0;1;0;1;2;-9,18603983;-63,19487383;SPRF-RO;DEL01-RO;UOP04-DEL01-RO
662612;20/02/2025;quinta-feira;19:50:00;ES;262;172,7;IBATIBA;Iluminação deficiente;Atropelamento de Pedestre;Com Vítimas Feridas;Plena Noite;Crescente;Garoa/Chuvisco;Simples;Reta;Não;2;0;0;1;0;1;1;2;-20,26658734;-41,60261276;SPRF-ES;DEL01-ES;UOP02-DEL01-ES
662613;20/02/2025;quinta-feira;20:30:00;GO;153;421;ANAPOLIS;Velocidade Incompatível;Saída de leito carroçável;Com Vítimas Feridas;Plena Noite;Crescente;Céu Claro;Dupla;Aclive;Não;1;0;0;1;0;0;1;1;-16,185572;-49,038864;SPRF-GO;DEL02-GO;UOP01-DEL02-GO
662614;20/02/2025;quinta-feira;20:25:00;RJ;101;484;ANGRA DOS REIS;Ausência de reação do condutor;Colisão traseira;Com Vítimas Feridas;Plena Noite;Decrescente;Céu Claro;Simples;"Aclive;Reta";Sim;2;0;1;0;1;0;1;2;-22,99096308;-44,30429882;SPRF-RJ;DEL03-RJ;UOP03-DEL03-RJ
662616;20/02/2025;quinta-feira;20:00:00;RJ;101;326;RIO DE JANEIRO;Ausência de reação do condutor;Queda de ocupante de veículo;Com Vítimas Feridas;Plena Noite;Crescente;Céu Claro;Múltipla;Reta;Não;2;0;2;0;0;0;2;1;-22,87206203;-43,146105;SPRF-RJ;DEL02-RJ;UOP01-DEL02-RJ
662617;20/02/2025;quinta-feira;19:23:00;PR;153;109,6;IBAITI;Pedestre cruzava a pista fora da faixa;Atropelamento de Pedestre;Com Vítimas Feridas;Plena Noite;Decrescente;Céu Claro;Simples;Reta;Sim;3;0;0;1;2;0;1;2;-23,84682092;-50,19305065;SPRF-PR;DEL07-PR;UOP04-DEL07-PR
662620;20/02/2025;quinta-feira;22:00:00;RN;427;97,4;CAICO;Iluminação deficiente;Queda de ocupante de veículo;Com Vítimas Feridas;Plena Noite;Decrescente;Céu Claro;Simples;"Curva;Interseção de Vias";Não;2;0;2;0;0;0;2;1;-6,45672278;-37,05499649;SPRF-RN;DEL03-RN;UOP01-DEL03-RN
662622;20/02/2025;quinta-feira;10:30:00;PB;230;27,7;JOAO PESSOA;Velocidade Incompatível;Tombamento;Com Vítimas Feridas;Pleno dia;Crescente;Céu Claro;Simples;Curva;Não;1;0;1;0;0;0;1;1;-7,16522213;-34,89490986;SPRF-PB;DEL01-PB;UOP01-DEL01-PB
662625;20/02/2025;quinta-feira;17:20:00;RJ;40;123;DUQUE DE CAXIAS;Entrada inopinada do pedestre;Atropelamento de Pedestre;Com Vítimas Feridas;Pleno dia;Decrescente;Céu Claro;Dupla;Curva;Não;2;0;1;1;0;0;2;2;-22,80605282;-43,2891798;SPRF-RJ;DEL01-RJ;UOP02-DEL01-RJ
662627;20/02/2025;quinta-feira;22:00:00;MG;116;409;GOVERNADOR VALADARES;Acessar a via sem observar a presença dos outros veículos;Colisão transversal;Com Vítimas Feridas;Plena Noite;Decrescente;Céu Claro;Dupla;Retorno Regulamentado;Sim;3;0;1;1;1;0;2;2;-18,84936788;-41,97891368;SPRF-MG;DEL06-MG;UOP01-DEL06-MG
662628;20/02/2025;quinta-feira;22:45:00;ES;262;14;VIANA;Acumulo de areia ou detritos sobre o pavimento;Queda de ocupante de veículo;Com Vítimas Feridas;Plena Noite;Crescente;Céu Claro;Simples;Reta;Não;2;0;2;0;0;0;2;1;-20,37037726;-40,46264648;SPRF-ES;DEL01-ES;UOP01-DEL01-ES
662630;20/02/2025;quinta-feira;21:50:00;GO;414;429,8;ABADIANIA;Transitar na contramão;Colisão frontal;Com Vítimas Fatais;Plena Noite;Crescente;Céu Claro;Simples;Reta;Não;4;1;0;3;0;0;3;2;-16,197245;-48,90861;SPRF-GO;DEL02-GO;UOP01-DEL02-GO
662632;20/02/2025;quinta-feira;22:40:00;RS;290;107;ELDORADO DO SUL;Ausência de reação do condutor;Colisão com objeto;Com Vítimas Feridas;Plena Noite;Crescente;Céu Claro;Dupla;Declive;Sim;2;0;0;2;0;0;2;1;-30,001852;-51,304264;SPRF-RS;DEL02-RS;UOP01-DEL02-RS
662633;20/02/2025;quinta-feira;23:00:00;RN;110;26,6;AREIA BRANCA;Demais falhas mecânicas ou elétricas;Incêndio;Sem Vítimas;Plena Noite;Decrescente;Céu Claro;Simples;Reta;Não;1;0;0;0;1;0;0;1;-5,08935544;-37,14496494;SPRF-RN;DEL04-RN;UOP01-DEL04-RN
662636;20/02/2025;quinta-feira;23:35:00;RJ;101;318;NITEROI;Condutor Dormindo;Queda de ocupante de veículo;Com Vítimas Feridas;Plena Noite;Decrescente;Céu Claro;Dupla;Reta;Sim;1;0;1;0;0;0;1;1;-22,84562994;-43,09841211;SPRF-RJ;DEL02-RJ;UOP02-DEL02-RJ
662637;21/02/2025;sexta-feira;00:01:00;SC;101;212,6;PALHOCA;Velocidade Incompatível;Saída de leito carroçável;Com Vítimas Feridas;Plena Noite;Crescente;Céu Claro;Dupla;Reta;Sim;2;0;2;0;0;0;2;1;-27,62996929;-48,65903871;SPRF-SC;DEL01-SC;UOP02-DEL01-SC
662638;20/02/2025;quinta-feira;21:25:00;MG;262;6,9;MARTINS SOARES;Velocidade Incompatível;Saída de leito carroçável;Com Vítimas Fatais;Plena Noite;Crescente;Céu Claro;Simples;"Curva;Aclive";Não;3;1;0;1;0;1;1;2;-20,25265863;-41,80892091;SPRF-MG;DEL06-MG;UOP03-DEL06-MG
662641;21/02/2025;sexta-feira;03:30:00;ES;101;15;PEDRO CANARIO;Ausência de reação do condutor;Tombamento;Com Vítimas Feridas;Plena Noite;Decrescente;Céu Claro;Simples;"Declive;Reta";Não;1;0;1;0;0;0;1;1;-18,29002497;-39,95475507;SPRF-ES;DEL04-ES;UOP02-DEL04-ES
662646;21/02/2025;sexta-feira;03:00:00;MG;153;1,9;ARAPORA;Condutor Dormindo;Saída de leito carroçável;Com Vítimas Feridas;Plena Noite;Crescente;Céu Claro;Dupla;Reta;Sim;1;0;1;0;0;0;1;1;-18,42413279;-49,19437408;SPRF-MG;DEL15-MG;UOP03-DEL15-MG
662647;21/02/2025;sexta-feira;05:30:00;DF;20;9;BRASILIA;Condutor Dormindo;Saída de leito carroçável;Sem Vítimas;Amanhecer;Crescente;Céu Claro;Simples;Reta;Sim;1;0;0;0;1;0;0;1;-15,652663;-47,778803;SPRF-DF;DEL02-DF;UOP01-DEL02-DF
662649;21/02/2025;sexta-feira;06:30:00;PR;376;155,6;MANDAGUACU;Trafegar com motocicleta (ou similar) entre as faixas;Colisão lateral mesmo sentido;Com Vítimas Feridas;Pleno dia;Crescente;Céu Claro;Dupla;Reta;Não;6;0;0;1;5;0;1;2;-23,33851773;-52,09845693;SPRF-PR;DEL09-PR;UOP02-DEL09-PR
662651;21/02/2025;sexta-feira;06:40:00;SP;116;127;CACAPAVA;Avarias e/ou desgaste excessivo no pneu;Queda de ocupante de veículo;Com Vítimas Feridas;Pleno dia;Crescente;Nublado;Dupla;Reta;Sim;1;0;1;0;0;0;1;1;-23,10991026;-45,70246044;SPRF-SP;DEL02-SP;UOP02-DEL02-SP
662655;21/02/2025;sexta-feira;07:00:00;RJ;116;319;ITATIAIA;Objeto estático sobre o leito carroçável;Colisão com objeto;Com Vítimas Feridas;Pleno dia;Decrescente;Céu Claro;Dupla;Reta;Não;2;0;1;0;1;0;1;1;-22,47568333;-44,52592667;SPRF-RJ;DEL07-RJ;UOP02-DEL07-RJ
662656;21/02/2025;sexta-feira;12:15:00;SP;381;61;MAIRIPORA;Entrada inopinada do pedestre;Atropelamento de Pedestre;Com Vítimas Feridas;Pleno dia;Decrescente;Céu Claro;Dupla;Reta;Não;2;0;1;0;1;0;1;2;-23,29190908;-46,57682776;SPRF-SP;DEL03-SP;UOP01-DEL03-SP
662657;21/02/2025;sexta-feira;00:20:00;AL;316;199,5;MARIBONDO;Demais falhas mecânicas ou elétricas;Incêndio;Com Vítimas Feridas;Plena Noite;Crescente;Céu Claro;Simples;Reta;Não;1;0;1;0;0;0;1;1;-9,5823;-36,32929;SPRF-AL;DEL03-AL;UOP01-DEL03-AL
662658;21/02/2025;sexta-feira;08:35:00;CE;116;5;FORTALEZA;Manobra de mudança de faixa;Colisão traseira;Com Vítimas Feridas;Pleno dia;Decrescente;Nublado;Múltipla;Reta;Sim;3;0;1;0;2;0;1;2;-3,79467116;-38,50772734;SPRF-CE;DEL01-CE;UOP02-DEL01-CE
662661;21/02/2025;sexta-feira;07:20:00;RO;364;694;PORTO VELHO;Pedestre cruzava a pista fora da faixa;Atropelamento de Pedestre;Com Vítimas Feridas;Pleno dia;Decrescente;Nublado;Simples;"Aclive;Desvio Temporário;Ponte;Curva";Não;2;0;2;0;0;0;2;2;-8,80041439;-63,71966779;SPRF-RO;DEL01-RO;UOP01-DEL01-RO
662663;21/02/2025;sexta-feira;08:10:00;MG;381;363;BETIM;Ausência de reação do condutor;Colisão traseira;Com Vítimas Feridas;Pleno dia;Crescente;Céu Claro;Dupla;Reta;Sim;3;0;2;0;1;0;2;2;-19,95594825;-44,097209;SPRF-MG;DEL03-MG;UOP01-DEL03-MG
662665;21/02/2025;sexta-feira;07:15:00;PB;230;394;SAO BENTINHO;Mal súbito do condutor;Saída de leito carroçável;Com Vítimas Feridas;Pleno dia;Crescente;Céu Claro;Simples;Reta;Não;1;0;1;0;0;0;1;1;-6,865531;-37,736478;SPRF-PB;DEL03-PB;UOP02-DEL03-PB
662667;21/02/2025;sexta-feira;07:30:00;AL;104;88,5;RIO LARGO;Acessar a via sem observar a presença dos outros veículos;Colisão transversal;Com Vítimas Feridas;Pleno dia;Crescente;Céu Claro;Dupla;Reta;Sim;4;0;0;2;1;1;2;3;-9,48439175;-35,81785977;SPRF-AL;DEL01-AL;UOP01-DEL01-AL
662668;21/02/2025;sexta-feira;07:00:00;RS;116;116;SAO MARCOS;Acessar a via sem observar a presença dos outros veículos;Colisão transversal;Com Vítimas Feridas;Pleno dia;Crescente;Céu Claro;Simples;Reta;Sim;2;0;1;0;1;0;1;2;-28,97609141;-51,06640231;SPRF-RS;DEL05-RS;UOP01-DEL05-RS
662669;21/02/2025;sexta-feira;07:40:00;RO;364;351;JI-PARANA;Ausência de reação do condutor;Tombamento;Com Vítimas Feridas;Pleno dia;Decrescente;Céu Claro;Simples;Reta;Não;2;0;2;0;0;0;2;1;-10,84031861;-62,00639574;SPRF-RO;DEL02-RO;UOP01-DEL02-RO
662670;21/02/2025;sexta-feira;07:20:00;MT;364;576;DIAMANTINO;Acumulo de água sobre o pavimento;Saída de leito carroçável;Com Vítimas Feridas;Pleno dia;Decrescente;Chuva;Dupla;"Reta;Declive";Não;3;0;1;0;2;0;1;1;-14,61174;-56,253642;SPRF-MT;DEL01-MT;UOP01-DEL01-MT
662672;21/02/2025;sexta-feira;08:50:00;MA;316;0,3;TIMON;Condutor deixou de manter distância do veículo da frente;Colisão traseira;Com Vítimas Feridas;Pleno dia;Crescente;Nublado;Simples;Ponte;Não;2;0;1;0;1;0;1;2;-5,13069677;-42,81344175;SPRF-MA;DEL02-MA;UOP02-DEL02-MA
662675;21/02/2025;sexta-feira;09:20:00;RS;290;96;PORTO ALEGRE;Manobra de mudança de faixa;Colisão traseira;Com Vítimas Feridas;Pleno dia;Crescente;Céu Claro;Dupla;Reta;Sim;2;0;1;0;1;0;1;2;-29,992107;-51,204525;SPRF-RS;DEL01-RS;UOP01-DEL01-RS
662677;21/02/2025;sexta-feira;09:00:00;PR;277;70;SAO JOSE DOS PINHAIS;Reação tardia ou ineficiente do condutor;Queda de ocupante de veículo;Com Vítimas Feridas;Pleno dia;Decrescente;Sol;Dupla;Reta;Não;2;0;1;0;1;0;1;1;-25,51327038;-49,12454009;SPRF-PR;DEL01-PR;UOP01-DEL01-PR
662678;21/02/2025;sexta-feira;07:30:00;MT;163;836;SINOP;Pista Escorregadia;Queda de ocupante de veículo;Com Vítimas Feridas;Pleno dia;Crescente;Céu Claro;Dupla;Reta;Sim;1;0;1;0;0;0;1;1;-11,84935;-55,49344;SPRF-MT;DEL06-MT;UOP02-DEL06-MT
662682;21/02/2025;sexta-feira;10:00:00;SC;101;204,9;SAO JOSE;Reação tardia ou ineficiente do condutor;Colisão lateral mesmo sentido;Com Vítimas Feridas;Pleno dia;Crescente;Céu Claro;Múltipla;Reta;Não;2;0;1;0;1;0;1;2;-27,57413014;-48,61363083;SPRF-SC;DEL01-SC;UOP01-DEL01-SC
662684;21/02/2025;sexta-feira;09:50:00;MG;116;530,9;CARATINGA;Ausência de reação do condutor;Colisão traseira;Com Vítimas Feridas;Pleno dia;Crescente;Céu Claro;Simples;Reta;Sim;2;0;1;0;1;0;1;2;-19,8188367;-42,1370453;SPRF-MG;DEL06-MG;UOP02-DEL06-MG
662686;21/02/2025;sexta-feira;08:35:00;RS;290;77;PORTO ALEGRE;Condutor deixou de manter distância do veículo da frente;Colisão lateral mesmo sentido;Com Vítimas Feridas;Pleno dia;Decrescente;Céu Claro;Simples;Reta;Sim;3;0;2;0;1;0;2;3;-29,96762145;-51,13176953;SPRF-RS;DEL01-RS;UOP01-DEL01-RS
662688;21/02/2025;sexta-feira;10:00:00;MG;40;569;NOVA LIMA;Acesso irregular;Colisão lateral mesmo sentido;Com Vítimas Feridas;Pleno dia;Decrescente;Céu Claro;Simples;Reta;Sim;4;0;1;0;1;2;1;4;-20,08175849;-43,97922515;SPRF-MG;DEL01-MG;UOP02-DEL01-MG
662689;21/02/2025;sexta-feira;09:30:00;DF;60;10;BRASILIA;Problema na suspensão;Colisão lateral mesmo sentido;Com Vítimas Feridas;Pleno dia;Crescente;Céu Claro;Dupla;Reta;Sim;2;0;0;1;1;0;1;2;-15,909338;-48,150072;SPRF-DF;DEL03-DF;UOP01-DEL03-DF
662690;21/02/2025;sexta-feira;10:05:00;PR;476;117;COLOMBO;Acesso irregular;Colisão transversal;Com Vítimas Feridas;Pleno dia;Crescente;Nublado;Dupla;Reta;Sim;2;0;1;0;1;0;1;2;-25,348;-49,172;SPRF-PR;DEL01-PR;UOP01-DEL01-PR
662691;21/02/2025;sexta-feira;10:40:00;RJ;116;174;SAO JOAO DE MERITI;Reação tardia ou ineficiente do condutor;Colisão traseira;Com Vítimas Feridas;Pleno dia;Crescente;Céu Claro;Dupla;Reta;Não;2;0;1;0;1;0;1;2;-22,79580631;-43,36140633;SPRF-RJ;DEL06-RJ;UOP01-DEL06-RJ
662694;21/02/2025;sexta-feira;04:00:00;SC;282;480;VARGEAO;Ausência de reação do condutor;Colisão com objeto;Com Vítimas Feridas;Plena Noite;Crescente;Céu Claro;Simples;Rotatória;Não;1;0;1;0;0;0;1;1;-26,87325706;-52,15371799;SPRF-SC;DEL07-SC;UOP01-DEL07-SC
662698;21/02/2025;sexta-feira;09:05:00;SC;101;401,5;MARACAJA;Reação tardia ou ineficiente do condutor;Engavetamento;Com Vítimas Feridas;Pleno dia;Crescente;Sol;Múltipla;Reta;Não;7;0;1;1;5;0;2;4;-28,87462929;-49,45480585;SPRF-SC;DEL02-SC;UOP02-DEL02-SC
662699;21/02/2025;sexta-feira;11:30:00;AP;210;3;MACAPA;Reação tardia ou ineficiente do condutor;Saída de leito carroçável;Com Vítimas Feridas;Pleno dia;Decrescente;Chuva;Simples;Reta;Sim;1;0;1;0;0;0;1;1;0,0874592;-51,0910964;SPRF-AP;DEL01-AP;UOP01-DEL01-AP
662700;21/02/2025;sexta-feira;11:50:00;SC;101;38,1;JOINVILLE;Reação tardia ou ineficiente do condutor;Engavetamento;Com Vítimas Feridas;Pleno dia;Crescente;Nublado;Dupla;Reta;Sim;4;0;1;0;3;0;1;3;-26,29171682;-48,88487399;SPRF-SC;DEL03-SC;UOP01-DEL03-SC
662701;21/02/2025;sexta-feira;11:50:00;SP;116;160;JACAREI;Reação tardia ou ineficiente do condutor;Queda de ocupante de veículo;Com Vítimas Feridas;Pleno dia;Decrescente;Céu Claro;Dupla;Reta;Sim;1;0;1;0;0;0;1;1;-23,27113918;-45,96376598;SPRF-SP;DEL02-SP;UOP01-DEL02-SP
662703;21/02/2025;sexta-feira;08:30:00;RO;364;418;JARU;Velocidade Incompatível;Tombamento;Com Vítimas Feridas;Pleno dia;Decrescente;Céu Claro;Simples;Curva;Não;1;0;1;0;0;0;1;1;-10,48517052;-62,43963718;SPRF-RO;DEL03-RO;UOP02-DEL03-RO
662705;21/02/2025;sexta-feira;09:20:00;SC;101;116,4;ITAJAI;Ausência de reação do condutor;Colisão lateral mesmo sentido;Com Vítimas Feridas;Pleno dia;Crescente;Sol;Dupla;Reta;Não;2;0;1;0;1;0;1;2;-26,88702303;-48,72280955;SPRF-SC;DEL04-SC;UOP04-DEL04-SC
662706;21/02/2025;sexta-feira;12:19:00;PI;135;351;BOM JESUS;Ausência de reação do condutor;Colisão frontal;Com Vítimas Feridas;Pleno dia;Crescente;Céu Claro;Dupla;"Em Obras;Desvio Temporário;Reta";Sim;2;0;0;1;1;0;1;2;-9,07516401;-44,35121298;SPRF-PI;DEL03-PI;UOP02-DEL03-PI
662708;12/01/2025;domingo;11:00:00;RJ;101;504;ANGRA DOS REIS;Velocidade Incompatível;Colisão traseira;Com Vítimas Feridas;Pleno dia;Decrescente;Nublado;Simples;Reta;Não;2;0;1;0;1;0;1;2;-22,93155828;-44,38812093;SPRF-RJ;DEL03-RJ;UOP03-DEL03-RJ
662709;21/02/2025;sexta-feira;13:03:00;PE;104;74,5;CARUARU;Transitar na contramão;Colisão lateral sentido oposto;Com Vítimas Fatais;Pleno dia;Crescente;Nublado;Simples;Curva;Não;6;1;5;0;0;0;5;3;-8,353712;-35,98644;SPRF-PE;DEL02-PE;UOP01-DEL02-PE
662710;21/02/2025;sexta-feira;13:06:00;ES;101;286,8;CARIACICA;Reação tardia ou ineficiente do condutor;Queda de ocupante de veículo;Com Vítimas Feridas;Pleno dia;Decrescente;Céu Claro;Dupla;Reta;Sim;1;0;0;1;0;0;1;1;-20,2649997;-40,38474977;SPRF-ES;DEL01-ES;UOP01-DEL01-ES
662712;21/02/2025;sexta-feira;11:45:00;RS;472;548;URUGUAIANA;Demais falhas mecânicas ou elétricas;Incêndio;Sem Vítimas;Pleno dia;Decrescente;Céu Claro;Simples;Reta;Não;1;0;0;0;1;0;0;1;-29,6138271;-56,86909676;SPRF-RS;DEL13-RS;UOP01-DEL13-RS
662713;21/02/2025;sexta-feira;13:30:00;SC;101;192,7;BIGUACU;Manobra de mudança de faixa;Colisão traseira;Com Vítimas Feridas;Pleno dia;Decrescente;Céu Claro;Múltipla;Reta;Não;2;0;1;0;1;0;1;2;-27,48848092;-48,6538285;SPRF-SC;DEL01-SC;UOP01-DEL01-SC
662714;21/02/2025;sexta-feira;13:45:00;ES;101;327;GUARAPARI;Ausência de reação do condutor;Colisão com objeto;Com Vítimas Feridas;Pleno dia;Decrescente;Céu Claro;Dupla;Reta;Não;1;0;1;0;0;0;1;1;-20,53282676;-40,48427582;SPRF-ES;DEL03-ES;UOP01-DEL03-ES
662715;21/02/2025;sexta-feira;07:10:00;BA;116;263;TUCANO;Acesso irregular;Colisão transversal;Com Vítimas Feridas;Pleno dia;Decrescente;Céu Claro;Simples;"Aclive;Reta";Sim;2;0;0;1;1;0;1;2;-10,97502657;-38,79304218;SPRF-BA;DEL07-BA;UOP02-DEL07-BA
662716;09/02/2025;domingo;20:00:00;GO;80;153;VILA PROPICIO;Reação tardia ou ineficiente do condutor;Saída de leito carroçável;Sem Vítimas;Plena Noite;Crescente;Garoa/Chuvisco;Simples;Reta;Não;2;0;0;0;2;0;0;1;-15,208875;-48,697312;SPRF-GO;DEL07-GO;UOP02-DEL07-GO
662718;21/02/2025;sexta-feira;11:20:00;RO;364;11;VILHENA;Desrespeitar a preferência no cruzamento;Colisão transversal;Com Vítimas Feridas;Pleno dia;Crescente;Céu Claro;Dupla;Rotatória;Sim;2;0;1;0;1;0;1;2;-12,73200757;-60,17509461;SPRF-RO;DEL04-RO;UOP01-DEL04-RO
662719;20/01/2025;segunda-feira;12:00:00;AP;210;1;MACAPA;Manobra de mudança de faixa;Colisão transversal;Com Vítimas Feridas;Pleno dia;Crescente;Céu Claro;Dupla;"Retorno Regulamentado;Reta";Não;2;0;1;1;0;0;2;2;0,07816717;-51,06998693;SPRF-AP;DEL01-AP;UOP01-DEL01-AP
662720;10/02/2025;segunda-feira;05:06:00;SC;282;413;CATANDUVAS;Transitar na contramão;Colisão frontal;Com Vítimas Fatais;Amanhecer;Decrescente;Céu Claro;Simples;Reta;Não;2;1;0;1;0;0;1;2;-27,056145;-51,687874;SPRF-SC;DEL07-SC;UOP05-DEL07-SC
662724;21/02/2025;sexta-feira;14:15:00;RJ;101;471;ANGRA DOS REIS;Condutor deixou de manter distância do veículo da frente;Colisão traseira;Com Vítimas Feridas;Pleno dia;Crescente;Sol;Simples;Reta;Não;2;0;1;0;0;1;1;2;-22,993331;-44,231542;SPRF-RJ;DEL03-RJ;UOP03-DEL03-RJ
662726;21/02/2025;sexta-feira;15:00:00;SC;280;169;MAFRA;Acessar a via sem observar a presença dos outros veículos;Colisão transversal;Com Vítimas Feridas;Pleno dia;Crescente;Céu Claro;Simples;"Reta;Declive";Sim;3;0;1;0;2;0;1;2;-26,15184298;-49,81305778;SPRF-SC;DEL06-SC;UOP01-DEL06-SC
662727;21/02/2025;sexta-feira;14:45:00;RS;471;661;SANTA VITORIA DO PALMAR;Velocidade Incompatível;Saída de leito carroçável;Com Vítimas Feridas;Pleno dia;Crescente;Céu Claro;Simples;Reta;Sim;1;0;1;0;0;0;1;1;-33,54397003;-53,35716248;SPRF-RS;DEL07-RS;UOP04-DEL07-RS
662731;05/01/2025;domingo;06:15:00;PE;232;410;SERRA TALHADA;Acessar a via sem observar a presença dos outros veículos;Tombamento;Com Vítimas Feridas;Pleno dia;Decrescente;Céu Claro;Simples;"Interseção de Vias;Reta";Sim;1;0;0;1;0;0;1;1;-7,98219005;-38,2959277;SPRF-PE;DEL04-PE;UOP01-DEL04-PE
662733;21/02/2025;sexta-feira;15:28:00;RN;101;109;PARNAMIRIM;Acesso irregular;Colisão com objeto;Com Vítimas Feridas;Pleno dia;Crescente;Céu Claro;Múltipla;"Interseção de Vias;Reta";Sim;1;0;0;1;0;0;1;1;-5,9298305;-35,2641168;SPRF-RN;DEL01-RN;UOP01-DEL01-RN
662734;21/02/2025;sexta-feira;15:00:00;SC;101;215;PALHOCA;Reação tardia ou ineficiente do condutor;Colisão traseira;Com Vítimas Feridas;Pleno dia;Crescente;Nublado;Múltipla;Reta;Sim;2;0;1;0;1;0;1;2;-27,6573298;-48,67812395;SPRF-SC;DEL01-SC;UOP02-DEL01-SC
662735;21/02/2025;sexta-feira;15:00:00;MG;262;46;MANHUACU;Ingestão de álcool pelo condutor;Colisão com objeto;Com Vítimas Feridas;Pleno dia;Crescente;Céu Claro;Simples;Curva;Não;1;0;1;0;0;0;1;1;-20,257168;-42,109853;SPRF-MG;DEL06-MG;UOP03-DEL06-MG
662740;21/02/2025;sexta-feira;14:15:00;MA;222;364;SANTA INES;Pista Escorregadia;Queda de ocupante de veículo;Com Vítimas Feridas;Pleno dia;Crescente;Nublado;Simples;Reta;Não;1;0;1;0;0;0;1;1;-3,686711;-45,398558;SPRF-MA;DEL02-MA;UOP01-DEL02-MA
662741;21/02/2025;sexta-feira;16:30:00;BA;324;614;SALVADOR;Condutor deixou de manter distância do veículo da frente;Colisão traseira;Sem Vítimas;Pleno dia;Crescente;Céu Claro;Múltipla;Reta;Sim;2;0;0;0;2;0;0;2;-12,871618;-38,4271764;SPRF-BA;DEL01-BA;UOP01-DEL01-BA