id;data_inversa;dia_semana;horario;uf;br;km;municipio;causa_acidente;tipo_acidente;classificacao_acidente;fase_dia;sentido_via;condicao_metereologica;tipo_pista;tracado_via;uso_solo;pessoas;mortos;feridos_leves;feridos_graves;ilesos;ignorados;feridos;veiculos;latitude;longitude;regional;delegacia;uop
662743;21/02/2025;sexta-feira;12:50:00;RJ;40;112;DUQUE DE CAXIAS;Avarias e/ou desgaste excessivo no pneu;Queda de ocupante de veículo;Com Vítimas Feridas;Pleno dia;Crescente;Sol;Dupla;Reta;Sim;2;0;1;0;1;0;1;1;-22,69923096;-43,28994808;SPRF-RJ;DEL01-RJ;UOP02-DEL01-RJ
662745;21/02/2025;sexta-feira;16:20:00;PR;376;201,7;MANDAGUARI;Animais na Pista;Queda de ocupante de veículo;Com Vítimas Feridas;Pleno dia;Decrescente;Nublado;Dupla;Reta;Não;1;0;1;0;0;0;1;1;-23,50715;-51,732133;SPRF-PR;DEL09-PR;UOP01-DEL09-PR
662746;21/02/2025;sexta-feira;17:00:00;RJ;101;570;PARATY;Pista Escorregadia;Tombamento;Com Vítimas Fatais;Pleno dia;Decrescente;Chuva;Simples;Curva;Não;2;1;1;0;0;0;1;1;-23,18544735;-44,71831072;SPRF-RJ;DEL03-RJ;UOP04-DEL03-RJ
662747;21/02/2025;sexta-feira;14:51:00;SC;101;274,1;IMBITUBA;Condutor deixou de manter distância do veículo da frente;Colisão traseira;Com Vítimas Feridas;Pleno dia;Crescente;Nublado;Dupla;Reta;Sim;4;0;4;0;0;0;4;2;-28,141483;-48,692129;SPRF-SC;DEL02-SC;UOP03-DEL02-SC
662749;21/02/2025;sexta-feira;14:34:00;BA;101;766;ITABELA;Acessar a via sem observar a presença dos outros veículos;Colisão transversal;Com Vítimas Feridas;Pleno dia;Crescente;Céu Claro;Simples;"Curva;Declive";Não;4;0;2;0;2;0;2;2;-16,717442;-39,449455;SPRF-BA;DEL09-BA;UOP01-DEL09-BA
662751;21/02/2025;sexta-feira;17:10:00;SP;459;30;LORENA;Ausência de reação do condutor;Colisão traseira;Com Vítimas Feridas;Pleno dia;Decrescente;Sol;Simples;Rotatória;Sim;2;0;1;0;1;0;1;2;-22,73316324;-45,0984478;SPRF-SP;DEL08-SP;UOP02-DEL08-SP
662752;21/02/2025;sexta-feira;16:30:00;SC;101;127,7;ITAJAI;Ausência de reação do condutor;Colisão traseira;Com Vítimas Feridas;Pleno dia;Crescente;Sol;Dupla;Reta;Não;2;0;1;0;1;0;1;2;-26,96984834;-48,68363857;SPRF-SC;DEL04-SC;UOP04-DEL04-SC
662753;21/02/2025;sexta-feira;14:30:00;PR;277;583;CASCAVEL;Ultrapassagem Indevida;Atropelamento de Pedestre;Com Vítimas Feridas;Pleno dia;Crescente;Céu Claro;Simples;"Aclive;Interseção de Vias;Reta";Não;3;0;0;1;2;0;1;3;-24,97118269;-53,39455431;SPRF-PR;DEL04-PR;UOP01-DEL04-PR
662755;21/02/2025;sexta-feira;13:30:00;AP;210;105;PORTO GRANDE;Ausência de reação do condutor;Colisão transversal;Com Vítimas Feridas;Pleno dia;Crescente;Céu Claro;Simples;Reta;Sim;3;0;0;1;1;1;1;2;0,70313;-51,40613;SPRF-AP;DEL01-AP;UOP01-DEL01-AP
662757;21/02/2025;sexta-feira;17:20:00;SP;116;116;CACAPAVA;Trafegar com motocicleta (ou similar) entre as faixas;Colisão lateral mesmo sentido;Com Vítimas Feridas;Pleno dia;Decrescente;Sol;Dupla;Reta;Não;3;0;1;0;2;0;1;3;-23,07480963;-45,65125986;SPRF-SP;DEL02-SP;UOP02-DEL02-SP
662759;21/02/2025;sexta-feira;17:00:00;SC;101;54,6;JOINVILLE;Avarias e/ou desgaste excessivo no pneu;Tombamento;Com Vítimas Feridas;Pleno dia;Decrescente;Nublado;Dupla;"Aclive;Reta";Não;1;0;1;0;0;0;1;1;-26,42371488;-48,82912159;SPRF-SC;DEL03-SC;UOP01-DEL03-SC
662761;21/02/2025;sexta-feira;17:10:00;RN;0;0;MACAIBA;Ultrapassagem Indevida;Colisão transversal;Com Vítimas Feridas;Pleno dia;Não Informado;Céu Claro;Simples;Curva;Sim;3;0;2;0;1;0;2;2;-5,859162;-35,347695;SPRF-RN;DEL01-RN;UOP02-DEL01-RN
662764;21/02/2025;sexta-feira;18:15:00;BA;101;508;ITABUNA;Acessar a via sem observar a presença dos outros veículos;Colisão transversal;Com Vítimas Feridas;Anoitecer;Crescente;Céu Claro;Simples;Reta;Não;3;0;2;0;1;0;2;2;-14,8174181;-39,29517746;SPRF-BA;DEL05-BA;UOP01-DEL05-BA
662765;21/02/2025;sexta-feira;18:00:00;ES;101;279,2;SERRA;Demais falhas mecânicas ou elétricas;Colisão lateral mesmo sentido;Com Vítimas Feridas;Anoitecer;Decrescente;Céu Claro;Dupla;Reta;Não;2;0;1;0;1;0;1;2;-20,21834819;-40,33939362;SPRF-ES;DEL02-ES;UOP01-DEL02-ES
662769;21/02/2025;sexta-feira;16:55:00;PR;373;256,9;PRUDENTOPOLIS;Transitar na contramão;Colisão frontal;Com Vítimas Feridas;Pleno dia;Crescente;Nublado;Simples;"Interseção de Vias;Declive;Reta";Não;3;0;0;3;0;0;3;2;-25,1931185;-50,9191517;SPRF-PR;DEL08-PR;UOP01-DEL08-PR
662770;21/02/2025;sexta-feira;18:00:00;PE;232;194;SANHARO;Ingestão de álcool pelo condutor;Colisão lateral sentido oposto;Com Vítimas Feridas;Plena Noite;Crescente;Céu Claro;Dupla;Reta;Não;2;0;1;0;1;0;1;2;-8,362658;-36,556365;SPRF-PE;DEL03-PE;UOP02-DEL03-PE
662771;21/02/2025;sexta-feira;15:17:00;RN;405;177;JOSE DA PENHA;Acesso irregular;Colisão com objeto;Com Vítimas Feridas;Pleno dia;Crescente;Sol;Simples;"Aclive;Reta";Não;3;0;1;0;2;0;1;3;-6,326997;-38,289852;SPRF-RN;DEL04-RN;UOP02-DEL04-RN
662772;21/02/2025;sexta-feira;17:35:00;RJ;101;312,1;SAO GONCALO;Reação tardia ou ineficiente do condutor;Colisão traseira;Com Vítimas Feridas;Pleno dia;Decrescente;Céu Claro;Dupla;Reta;Sim;2;0;1;0;1;0;1;2;-22,7934208;-43,0309376;SPRF-RJ;DEL02-RJ;UOP02-DEL02-RJ
662773;21/02/2025;sexta-feira;16:40:00;BA;101;251;CONCEICAO DO ALMEIDA;Acessar a via sem observar a presença dos outros veículos;Colisão lateral mesmo sentido;Com Vítimas Feridas;Pleno dia;Decrescente;Céu Claro;Simples;Reta;Não;2;0;1;0;1;0;1;2;-12,89242;-39,23038;SPRF-BA;DEL01-BA;UOP02-DEL01-BA
662774;21/02/2025;sexta-feira;18:10:00;RS;470;337,8;TRIUNFO;Acessar a via sem observar a presença dos outros veículos;Colisão transversal;Com Vítimas Feridas;Pleno dia;Decrescente;Céu Claro;Simples;Reta;Sim;2;0;1;0;1;0;1;2;-29,923551;-51,714754;SPRF-RS;DEL04-RS;UOP02-DEL04-RS
662778;21/02/2025;sexta-feira;16:30:00;SP;101;48;UBATUBA;Acessar a via sem observar a presença dos outros veículos;Colisão transversal;Com Vítimas Feridas;Pleno dia;Decrescente;Chuva;Simples;Reta;Sim;2;0;1;0;0;1;1;2;-23,44049029;-45,08707523;SPRF-SP;DEL06-SP;UOP01-DEL06-SP
662781;21/02/2025;sexta-feira;18:40:00;SP;116;144;SAO JOSE DOS CAMPOS;Trafegar com motocicleta (ou similar) entre as faixas;Colisão traseira;Com Vítimas Feridas;Plena Noite;Decrescente;Nublado;Dupla;Reta;Não;2;0;1;0;1;0;1;2;-23,18087654;-45,84276265;SPRF-SP;DEL02-SP;UOP01-DEL02-SP
662782;21/02/2025;sexta-feira;19:00:00;RN;101;115;SAO JOSE DE MIPIBU;Ausência de reação do condutor;Queda de ocupante de veículo;Com Vítimas Fatais;Plena Noite;Decrescente;Céu Claro;Dupla;Curva;Não;1;1;0;0;0;0;0;1;-6,014386;-35,25391;SPRF-RN;DEL01-RN;UOP01-DEL01-RN
662783;21/02/2025;sexta-feira;16:30:00;SP;116;515;BARRA DO TURVO;Reação tardia ou ineficiente do condutor;Queda de ocupante de veículo;Com Vítimas Feridas;Anoitecer;Decrescente;Garoa/Chuvisco;Simples;"Curva;Aclive";Não;1;0;1;0;0;0;1;1;-24,9288191;-48,2715751;SPRF-SP;DEL05-SP;UOP02-DEL05-SP
662784;21/02/2025;sexta-feira;16:15:00;SC;101;333,7;TUBARAO;Desrespeitar a preferência no cruzamento;Colisão transversal;Com Vítimas Feridas;Pleno dia;Crescente;Céu Claro;Múltipla;Interseção de Vias;Sim;2;0;0;1;1;0;1;2;-28,47020032;-49,01618958;SPRF-SC;DEL02-SC;UOP01-DEL02-SC
662785;21/02/2025;sexta-feira;19:30:00;ES;101;161;LINHARES;Transitar na contramão;Colisão frontal;Com Vítimas Fatais;Plena Noite;Decrescente;Céu Claro;Simples;Reta;Não;3;2;1;0;0;0;1;2;-19,48456249;-40,12082267;SPRF-ES;DEL04-ES;UOP01-DEL04-ES
662786;21/02/2025;sexta-feira;19:25:00;RS;470;334,5;TRIUNFO;Ultrapassagem Indevida;Colisão frontal;Com Vítimas Fatais;Plena Noite;Decrescente;Ignorado;Simples;Reta;Não;6;1;1;1;2;1;2;4;-29,887999;-51,709422;SPRF-RS;DEL04-RS;UOP02-DEL04-RS
662787;21/02/2025;sexta-feira;17:40:00;ES;262;168;IBATIBA;Ingestão de álcool pelo condutor;Saída de leito carroçável;Sem Vítimas;Pleno dia;Crescente;Nublado;Simples;Curva;Não;2;0;0;0;1;1;0;2;-20,2650207;-41,5737016;SPRF-ES;DEL01-ES;UOP02-DEL01-ES
662789;21/02/2025;sexta-feira;17:35:00;SC;101;311;LAGUNA;Condutor deixou de manter distância do veículo da frente;Colisão traseira;Com Vítimas Feridas;Pleno dia;Decrescente;Céu Claro;Dupla;Rotatória;Não;2;0;1;0;1;0;1;2;-28,44035961;-48,81271183;SPRF-SC;DEL02-SC;UOP01-DEL02-SC
662791;21/02/2025;sexta-feira;19:00:00;SP;116;283;ITAPECERICA DA SERRA;Ausência de reação do condutor;Colisão lateral mesmo sentido;Com Vítimas Feridas;Plena Noite;Decrescente;Céu Claro;Dupla;Reta;Sim;3;0;1;0;2;0;1;2;-23,700244;-46,868917;SPRF-SP;DEL04-SP;UOP01-DEL04-SP
662792;21/02/2025;sexta-feira;19:15:00;GO;153;436;ANAPOLIS;Reação tardia ou ineficiente do condutor;Colisão traseira;Com Vítimas Feridas;Plena Noite;Decrescente;Céu Claro;Dupla;Reta;Não;3;0;2;0;1;0;2;2;-16,31723388;-48,92165445;SPRF-GO;DEL02-GO;UOP01-DEL02-GO
662794;21/02/2025;sexta-feira;18:55:00;BA;110;365,3;CATU;Velocidade Incompatível;Colisão transversal;Com Vítimas Feridas;Plena Noite;Crescente;Céu Claro;Simples;"Interseção de Vias;Reta";Sim;2;0;0;1;1;0;1;2;-12,355783;-38,391728;SPRF-BA;DEL01-BA;UOP04-DEL01-BA
662795;21/02/2025;sexta-feira;15:40:00;MG;381;588;CARMOPOLIS DE MINAS;Acumulo de areia ou detritos sobre o pavimento;Queda de ocupante de veículo;Com Vítimas Feridas;Pleno dia;Crescente;Céu Claro;Simples;"Rotatória;Retorno Regulamentado;Declive;Viaduto;Curva";Sim;1;0;1;0;0;0;1;1;-20,538334;-44,639885;SPRF-MG;DEL04-MG;UOP01-DEL04-MG
662797;08/01/2025;quarta-feira;19:50:00;AL;101;205,2;SAO SEBASTIAO;Ingestão de álcool pelo condutor;Colisão transversal;Com Vítimas Feridas;Plena Noite;Decrescente;Céu Claro;Simples;Desvio Temporário;Sim;4;0;0;1;3;0;1;2;-9,98580388;-36,567173;SPRF-AL;DEL02-AL;UOP02-DEL02-AL
662798;21/02/2025;sexta-feira;19:10:00;PE;232;236;PESQUEIRA;Demais falhas mecânicas ou elétricas;Incêndio;Sem Vítimas;Plena Noite;Crescente;Vento;Dupla;"Aclive;Reta";Não;1;0;0;0;0;1;0;1;-8,41296;-36,927447;SPRF-PE;DEL04-PE;UOP02-DEL04-PE
662799;21/02/2025;sexta-feira;22:05:00;SC;101;120,5;ITAJAI;Ausência de reação do condutor;Tombamento;Com Vítimas Feridas;Plena Noite;Decrescente;Nublado;Dupla;Reta;Não;2;0;1;0;1;0;1;1;-26,91010212;-48,71303558;SPRF-SC;DEL04-SC;UOP04-DEL04-SC
662800;21/02/2025;sexta-feira;21:30:00;SC;470;52,6;BLUMENAU;Acessar a via sem observar a presença dos outros veículos;Colisão transversal;Com Vítimas Feridas;Plena Noite;Crescente;Céu Claro;Simples;Retorno Regulamentado;Não;2;0;0;2;0;0;2;2;-26,86494;-49,09922784;SPRF-SC;DEL04-SC;UOP01-DEL04-SC
662801;21/02/2025;sexta-feira;21:20:00;DF;40;5,7;BRASILIA;Trafegar com motocicleta (ou similar) entre as faixas;Colisão lateral mesmo sentido;Com Vítimas Feridas;Plena Noite;Decrescente;Céu Claro;Dupla;Reta;Sim;2;0;1;0;1;0;1;2;-16,038473;-47,979837;SPRF-DF;DEL01-DF;UOP01-DEL01-DF
662802;21/02/2025;sexta-feira;20:30:00;CE;222;185;SOBRAL;Demais falhas mecânicas ou elétricas;Colisão com objeto;Com Vítimas Feridas;Pleno dia;Crescente;Céu Claro;Simples;Reta;Não;3;0;3;0;0;0;3;1;-3,79213038;-40,12979507;SPRF-CE;DEL04-CE;UOP01-DEL04-CE
662803;21/02/2025;sexta-feira;21:30:00;SP;101;51;UBATUBA;Conversão proibida;Colisão traseira;Com Vítimas Feridas;Plena Noite;Crescente;Nublado;Simples;Reta;Sim;3;0;0;1;2;0;1;3;-23,45990456;-45,06738966;SPRF-SP;DEL06-SP;UOP01-DEL06-SP
662804;21/02/2025;sexta-feira;21:55:00;SC;101;121,9;ITAJAI;Ausência de reação do condutor;Tombamento;Com Vítimas Feridas;Plena Noite;Decrescente;Nublado;Dupla;Reta;Não;1;0;1;0;0;0;1;1;-26,94767779;-48,68475437;SPRF-SC;DEL04-SC;UOP04-DEL04-SC
662805;21/02/2025;sexta-feira;20:45:00;PR;153;68,4;GUAPIRAMA;Acessar a via sem observar a presença dos outros veículos;Colisão transversal;Com Vítimas Feridas;Plena Noite;Crescente;Céu Claro;Simples;Reta;Não;3;0;0;1;1;1;1;3;-23,5107195;-50,1126576;SPRF-PR;DEL07-PR;UOP04-DEL07-PR
662806;24/01/2025;sexta-feira;08:37:00;PI;343;329,6;TERESINA;Ausência de reação do condutor;Colisão traseira;Com Vítimas Feridas;Pleno dia;Decrescente;Céu Claro;Simples;Curva;Não;2;0;1;0;1;0;1;2;-5,064808;-42,641769;SPRF-PI;DEL01-PI;UOP01-DEL01-PI
662807;21/02/2025;sexta-feira;22:20:00;SP;101;50;UBATUBA;Transitar na contramão;Colisão frontal;Com Vítimas Feridas;Plena Noite;Crescente;Céu Claro;Simples;Reta;Sim;2;0;1;0;1;0;1;2;-23,45681414;-45,07053673;SPRF-SP;DEL06-SP;UOP01-DEL06-SP
662808;21/02/2025;sexta-feira;22:05:00;RS;116;530,8;CAPAO DO LEAO;Iluminação deficiente;Colisão transversal;Com Vítimas Feridas;Plena Noite;Crescente;Céu Claro;Simples;"Interseção de Vias;Reta";Sim;2;0;1;0;1;0;1;2;-31,764218;-52,443382;SPRF-RS;DEL07-RS;UOP01-DEL07-RS
662809;21/02/2025;sexta-feira;22:35:00;MG;381;350;JOAO MONLEVADE;Velocidade Incompatível;Queda de ocupante de veículo;Com Vítimas Feridas;Plena Noite;Decrescente;Céu Claro;Simples;Curva;Não;2;0;2;0;0;0;2;1;-19,86174537;-43,12408447;SPRF-MG;DEL03-MG;UOP01-DEL03-MG
662810;21/02/2025;sexta-feira;22:20:00;RS;471;176;RIO PARDO;Acessar a via sem observar a presença dos outros veículos;Colisão transversal;Com Vítimas Feridas;Plena Noite;Decrescente;Céu Claro;Simples;Reta;Sim;3;0;1;0;2;0;1;2;-29,96975073;-52,37388611;SPRF-RS;DEL02-RS;UOP03-DEL02-RS
662811;21/02/2025;sexta-feira;16:50:00;MT;174;6;PONTES E LACERDA;Acessar a via sem observar a presença dos outros veículos;Colisão transversal;Com Vítimas Feridas;Pleno dia;Crescente;Céu Claro;Dupla;"Interseção de Vias;Reta";Sim;2;0;0;1;1;0;1;2;-15,22659446;-59,34941769;SPRF-MT;DEL03-MT;UOP01-DEL03-MT
662813;21/02/2025;sexta-feira;18:30:00;RJ;116;76,3;TERESOPOLIS;Ingestão de álcool pelo condutor;Colisão frontal;Sem Vítimas;Anoitecer;Crescente;Céu Claro;Simples;Curva;Sim;2;0;0;0;2;0;0;2;-22,36069286;-42,9475522;SPRF-RJ;DEL04-RJ;UOP01-DEL04-RJ
662814;21/02/2025;sexta-feira;21:45:00;ES;262;56;MARECHAL FLORIANO;Desrespeitar a preferência no cruzamento;Colisão transversal;Sem Vítimas;Plena Noite;Decrescente;Céu Claro;Simples;Retorno Regulamentado;Sim;6;0;0;0;5;1;0;2;-20,413305;-40,758813;SPRF-ES;DEL01-ES;UOP01-DEL01-ES
662815;21/02/2025;sexta-feira;18:30:00;MT;163;634;NOVA MUTUM;Falta de acostamento;Capotamento;Com Vítimas Feridas;Plena Noite;Decrescente;Céu Claro;Simples;Reta;Não;1;0;0;1;0;0;1;1;-13,68829687;-56,03868484;SPRF-MT;DEL01-MT;UOP01-DEL01-MT
662816;21/02/2025;sexta-feira;22:00:00;GO;60;53;ABADIANIA;Ingestão de álcool pelo condutor;Saída de leito carroçável;Com Vítimas Feridas;Plena Noite;Crescente;Céu Claro;Dupla;Curva;Não;1;0;1;0;0;0;1;1;-16,18759503;-48,66266772;SPRF-GO;DEL02-GO;UOP01-DEL02-GO
662817;21/02/2025;sexta-feira;22:20:00;MS;463;100;PONTA PORA;Transitar na contramão;Colisão frontal;Com Vítimas Fatais;Plena Noite;Crescente;Céu Claro;Simples;Curva;Não;2;1;0;1;0;0;1;2;-22,62156;-55,617058;SPRF-MS;DEL04-MS;UOP03-DEL04-MS
662818;21/02/2025;sexta-feira;19:30:00;CE;116;484,6;MILAGRES;Pedestre andava na pista;Atropelamento de Pedestre;Com Vítimas Feridas;Plena Noite;Crescente;Céu Claro;Simples;Reta;Sim;2;0;0;2;0;0;2;2;-7,339307;-38,936673;SPRF-CE;DEL05-CE;UOP03-DEL05-CE
662823;21/02/2025;sexta-feira;17:55:00;PA;163;610;TRAIRAO;Ausência de reação do condutor;Queda de ocupante de veículo;Com Vítimas Feridas;Anoitecer;Crescente;Nublado;Simples;Reta;Não;1;0;1;0;0;0;1;1;-4,73282531;-56,04136705;SPRF-PA;DEL05-PA;UOP03-DEL05-PA
662824;21/02/2025;sexta-feira;23:00:00;CE;116;37;AQUIRAZ;Animais na Pista;Atropelamento de Animal;Com Vítimas Feridas;Plena Noite;Crescente;Céu Claro;Dupla;Reta;Não;2;0;1;0;1;0;1;1;-4,0489227;-38,5068648;SPRF-CE;DEL01-CE;UOP02-DEL01-CE
662826;21/02/2025;sexta-feira;23:50:00;PR;163;275;QUATRO PONTES;Condutor Dormindo;Saída de leito carroçável;Com Vítimas Feridas;Plena Noite;Decrescente;Garoa/Chuvisco;Dupla;Declive;Não;2;0;1;0;0;1;1;2;-24,57557233;-53,99443924;SPRF-PR;DEL06-PR;UOP02-DEL06-PR
662827;21/02/2025;sexta-feira;23:00:00;ES;101;179,7;ARACRUZ;Transitar na contramão;Colisão frontal;Com Vítimas Fatais;Plena Noite;Crescente;Céu Claro;Dupla;Reta;Não;2;2;0;0;0;0;0;2;-19,6221091;-40,2194505;SPRF-ES;DEL04-ES;UOP01-DEL04-ES
662828;21/02/2025;sexta-feira;22:22:00;PI;343;304,6;ALTOS;Reação tardia ou ineficiente do condutor;Atropelamento de Pedestre;Com Vítimas Feridas;Plena Noite;Decrescente;Garoa/Chuvisco;Simples;Reta;Sim;2;0;0;1;1;0;1;2;-5,03251;-42,44124;SPRF-PI;DEL01-PI;UOP01-DEL01-PI
662831;22/02/2025;sábado;01:40:00;PR;376;490,2;PONTA GROSSA;Ingestão de álcool pelo condutor;Saída de leito carroçável;Sem Vítimas;Plena Noite;Crescente;Nublado;Dupla;"Curva;Declive";Sim;1;0;0;0;0;1;0;1;-25,10361099;-50,19527816;SPRF-PR;DEL03-PR;UOP04-DEL03-PR
662832;22/02/2025;sábado;03:15:00;RS;472;577;URUGUAIANA;Ingestão de álcool pelo condutor;Colisão com objeto;Com Vítimas Feridas;Plena Noite;Decrescente;Céu Claro;Simples;Rotatória;Não;2;0;1;0;1;0;1;1;-29,78020336;-57,06330585;SPRF-RS;DEL13-RS;UOP01-DEL13-RS
662833;22/02/2025;sábado;01:50:00;PE;101;42;IGARASSU;Manobra de mudança de faixa;Colisão lateral mesmo sentido;Com Vítimas Feridas;Plena Noite;Decrescente;Céu Claro;Múltipla;"Aclive;Reta";Sim;3;0;1;0;1;1;1;2;-7,844329;-34,910497;SPRF-PE;DEL01-PE;UOP02-DEL01-PE
662835;22/02/2025;sábado;02:05:00;PE;101;42;IGARASSU;Reação tardia ou ineficiente do condutor;Colisão traseira;Com Vítimas Feridas;Plena Noite;Decrescente;Céu Claro;Múltipla;Aclive;Sim;3;0;0;2;1;0;2;2;-7,84397471;-34,91062403;SPRF-PE;DEL01-PE;UOP02-DEL01-PE
662836;22/02/2025;sábado;02:45:00;GO;50;157;CAMPO ALEGRE DE GOIAS;Ausência de reação do condutor;Colisão traseira;Com Vítimas Fatais;Plena Noite;Decrescente;Céu Claro;Dupla;Reta;Não;2;1;0;0;0;1;0;2;-17,2287097;-47,759093;SPRF-GO;DEL06-GO;UOP01-DEL06-GO
662837;22/02/2025;sábado;02:40:00;SC;470;133,9;RIO DO SUL;Transitar na contramão;Colisão frontal;Com Vítimas Fatais;Plena Noite;Decrescente;Nublado;Simples;Reta;Sim;2;1;1;0;0;0;1;2;-27,17404915;-49,58817065;SPRF-SC;DEL04-SC;UOP02-DEL04-SC
662838;22/02/2025;sábado;03:00:00;SC;470;58,9;BLUMENAU;Ingestão de álcool pelo condutor;Colisão frontal;Com Vítimas Feridas;Plena Noite;Crescente;Ignorado;Simples;"Em Obras;Aclive;Reta";Sim;4;0;0;2;2;0;2;2;-26,88279433;-49,15496707;SPRF-SC;DEL04-SC;UOP01-DEL04-SC
662839;22/02/2025;sábado;04:40:00;PR;277;730;FOZ DO IGUACU;Ausência de reação do condutor;Colisão traseira;Sem Vítimas;Plena Noite;Decrescente;Nublado;Simples;Curva;Sim;2;0;0;0;2;0;0;2;-25,50964993;-54,59796309;SPRF-PR;DEL05-PR;UOP03-DEL05-PR
662840;22/02/2025;sábado;03:30:00;GO;153;431,8;ANAPOLIS;Ausência de reação do condutor;Colisão com objeto;Com Vítimas Fatais;Plena Noite;Decrescente;Céu Claro;Dupla;Reta;Sim;1;1;0;0;0;0;0;1;-16,2770738;-48,9652557;SPRF-GO;DEL02-GO;UOP01-DEL02-GO
662843;22/02/2025;sábado;04:10:00;PR;469;2;FOZ DO IGUACU;Ingestão de álcool pelo condutor;Saída de leito carroçável;Sem Vítimas;Plena Noite;Decrescente;Céu Claro;Simples;Curva;Não;1;0;0;0;0;1;0;1;-25,58667212;-54,56299782;SPRF-PR;DEL05-PR;UOP04-DEL05-PR
662844;22/02/2025;sábado;04:50:00;RS;116;265;CANOAS;Entrada inopinada do pedestre;Atropelamento de Pedestre;Com Vítimas Fatais;Plena Noite;Decrescente;Céu Claro;Simples;Reta;Sim;2;1;0;0;1;0;0;2;-29,92204106;-51,17787838;SPRF-RS;DEL01-RS;UOP01-DEL01-RS
662845;22/02/2025;sábado;02:17:00;SC;282;513,7;XAXIM;Acessar a via sem observar a presença dos outros veículos;Colisão transversal;Com Vítimas Feridas;Plena Noite;Decrescente;Céu Claro;Simples;Reta;Não;6;0;0;1;5;0;1;3;-26,915385;-52,484887;SPRF-SC;DEL07-SC;UOP01-DEL07-SC
662847;22/02/2025;sábado;02:30:00;RS;471;611,9;SANTA VITORIA DO PALMAR;Animais na Pista;Atropelamento de Animal;Com Vítimas Feridas;Plena Noite;Decrescente;Céu Claro;Simples;Reta;Não;1;0;0;1;0;0;1;1;-33,45808347;-53,26638793;SPRF-RS;DEL07-RS;UOP04-DEL07-RS
662848;22/02/2025;sábado;05:30:00;RS;116;261;CANOAS;Acostamento em desnível;Colisão com objeto;Com Vítimas Feridas;Plena Noite;Decrescente;Céu Claro;Dupla;Reta;Sim;1;0;1;0;0;0;1;1;-29,8946232;-51,1756295;SPRF-RS;DEL01-RS;UOP01-DEL01-RS
662849;22/02/2025;sábado;04:50:00;RS;293;524,2;PELOTAS;Condutor Dormindo;Tombamento;Com Vítimas Feridas;Plena Noite;Crescente;Céu Claro;Dupla;Reta;Sim;1;0;1;0;0;0;1;1;-31,74784863;-52,41108298;SPRF-RS;DEL13-RS;UOP01-DEL13-RS
662850;22/02/2025;sábado;05:25:00;RS;116;239;NOVO HAMBURGO;Reação tardia ou ineficiente do condutor;Colisão traseira;Com Vítimas Feridas;Plena Noite;Decrescente;Céu Claro;Dupla;Reta;Sim;2;0;1;0;1;0;1;2;-29,68089434;-51,14221573;SPRF-RS;DEL01-RS;UOP02-DEL01-RS
662852;22/02/2025;sábado;04:00:00;MG;40;505;ESMERALDAS;Condutor Dormindo;Saída de leito carroçável;Com Vítimas Feridas;Plena Noite;Crescente;Céu Claro;Dupla;Reta;Não;1;0;1;0;0;0;1;1;-19,738035;-44,14955;SPRF-MG;DEL02-MG;UOP01-DEL02-MG
662853;22/02/2025;sábado;05:00:00;RJ;356;158;CAMPOS DOS GOYTACAZES;Demais falhas mecânicas ou elétricas;Incêndio;Sem Vítimas;Amanhecer;Decrescente;Céu Claro;Simples;Reta;Sim;1;0;0;0;0;1;0;1;-21,7366666;-41,1997024;SPRF-RJ;DEL08-RJ;UOP02-DEL08-RJ
662854;22/02/2025;sábado;04:35:00;MG;381;421;CAETE;Velocidade Incompatível;Colisão com objeto;Com Vítimas Feridas;Plena Noite;Crescente;Céu Claro;Dupla;"Rotatória;Declive";Não;4;0;4;0;0;0;4;1;-19,761688;-43,640524;SPRF-MG;DEL01-MG;UOP01-DEL01-MG
662856;22/02/2025;sábado;05:50:00;RS;470;216;BENTO GONCALVES;Velocidade Incompatível;Saída de leito carroçável;Sem Vítimas;Amanhecer;Decrescente;Céu Claro;Dupla;Reta;Sim;1;0;0;0;0;1;0;1;-29,16662585;-51,52572602;SPRF-RS;DEL06-RS;UOP01-DEL06-RS
662857;22/02/2025;sábado;05:23:00;SC;470;2;ITAJAI;Acessar a via sem observar a presença dos outros veículos;Colisão transversal;Com Vítimas Feridas;Amanhecer;Decrescente;Nublado;Dupla;"Interseção de Vias;Em Obras;Viaduto;Reta";Não;2;0;1;0;0;1;1;2;-26,8896967;-48,6775899;SPRF-SC;DEL04-SC;UOP04-DEL04-SC
662858;22/02/2025;sábado;06:30:00;PE;101;70;RECIFE;Demais falhas mecânicas ou elétricas;Colisão com objeto;Com Vítimas Feridas;Pleno dia;Crescente;Céu Claro;Simples;Curva;Não;1;0;1;0;0;0;1;1;-8,06962;-34,94297;SPRF-PE;DEL01-PE;UOP01-DEL01-PE
662859;22/02/2025;sábado;02:00:00;PR;277;267;PRUDENTOPOLIS;Reação tardia ou ineficiente do condutor;Saída de leito carroçável;Sem Vítimas;Plena Noite;Decrescente;Céu Claro;Simples;Curva;Não;1;0;0;0;1;0;0;1;-25,40234446;-50,79872131;SPRF-PR;DEL08-PR;UOP02-DEL08-PR
662860;22/02/2025;sábado;04:10:00;SC;116;67,6;MONTE CASTELO;Ausência de reação do condutor;Colisão com objeto;Com Vítimas Feridas;Plena Noite;Decrescente;Céu Claro;Simples;"Declive;Reta";Sim;2;0;1;0;1;0;1;1;-26,448962;-50,228042;SPRF-SC;DEL06-SC;UOP02-DEL06-SC