id;data_inversa;dia_semana;horario;uf;br;km;municipio;causa_acidente;tipo_acidente;classificacao_acidente;fase_dia;sentido_via;condicao_metereologica;tipo_pista;tracado_via;uso_solo;pessoas;mortos;feridos_leves;feridos_graves;ilesos;ignorados;feridos;veiculos;latitude;longitude;regional;delegacia;uop
662862;22/02/2025;sábado;05:22:00;MT;163;751;SORRISO;Ingestão de álcool pelo condutor;Tombamento;Com Vítimas Feridas;Pleno dia;Decrescente;Céu Claro;Dupla;Reta;Sim;1;0;1;0;0;0;1;1;-12,56415576;-55,72215915;SPRF-MT;DEL06-MT;UOP01-DEL06-MT
662864;22/02/2025;sábado;02:10:00;GO;364;55;CACHOEIRA ALTA;Ausência de reação do condutor;Saída de leito carroçável;Sem Vítimas;Plena Noite;Crescente;Chuva;Simples;"Reta;Declive";Não;1;0;0;0;0;1;0;1;-18,76464;-50,92837;SPRF-GO;DEL05-GO;UOP02-DEL05-GO
662865;22/02/2025;sábado;05:30:00;PR;277;129;CAMPO LARGO;Demais falhas mecânicas ou elétricas;Incêndio;Sem Vítimas;Plena Noite;Decrescente;Céu Claro;Dupla;Rotatória;Sim;1;0;0;0;0;1;0;1;-25,44578294;-49,56579566;SPRF-PR;DEL03-PR;UOP03-DEL03-PR
662866;22/02/2025;sábado;06:50:00;SP;116;402;MIRACATU;Demais falhas mecânicas ou elétricas;Incêndio;Sem Vítimas;Pleno dia;Crescente;Nublado;Dupla;Reta;Não;5;0;0;0;5;0;0;1;-24,3155;-47,523;SPRF-SP;DEL04-SP;UOP02-DEL04-SP
662867;22/02/2025;sábado;06:30:00;RS;290;72,3;GRAVATAI;Reação tardia ou ineficiente do condutor;Colisão traseira;Sem Vítimas;Pleno dia;Crescente;Céu Claro;Dupla;Reta;Não;3;0;0;0;3;0;0;2;-29,952907;-50,97936;SPRF-RS;DEL03-RS;UOP01-DEL03-RS
662868;22/02/2025;sábado;07:00:00;DF;70;3,2;BRASILIA;Manobra de mudança de faixa;Colisão lateral mesmo sentido;Com Vítimas Feridas;Pleno dia;Decrescente;Céu Claro;Dupla;"Reta;Retorno Regulamentado";Sim;4;0;1;0;2;1;1;3;-15,802153;-48,083573;SPRF-DF;DEL03-DF;UOP02-DEL03-DF
662869;21/02/2025;sexta-feira;21:00:00;MG;50;182;UBERABA;Ausência de reação do condutor;Colisão traseira;Com Vítimas Feridas;Plena Noite;Crescente;Céu Claro;Dupla;Reta;Sim;3;0;2;0;0;1;2;2;-19,80934616;-47,90107727;SPRF-MG;DEL13-MG;UOP01-DEL13-MG
662870;06/02/2025;quinta-feira;16:50:00;SP;153;51;SAO JOSE DO RIO PRETO;Transitar na contramão;Colisão lateral sentido oposto;Com Vítimas Feridas;Pleno dia;Decrescente;Nublado;Simples;Reta;Sim;4;0;1;0;3;0;1;2;-20,71801801;-49,33874223;SPRF-SP;DEL09-SP;UOP01-DEL09-SP
662871;22/02/2025;sábado;07:35:00;CE;222;4,7;CAUCAIA;Manobra de mudança de faixa;Colisão traseira;Com Vítimas Feridas;Pleno dia;Decrescente;Céu Claro;Múltipla;Reta;Sim;2;0;1;0;1;0;1;2;-3,74241921;-38,61080003;SPRF-CE;DEL01-CE;UOP01-DEL01-CE
662872;22/02/2025;sábado;04:30:00;RJ;40;51,3;AREAL;Velocidade Incompatível;Tombamento;Com Vítimas Feridas;Amanhecer;Crescente;Céu Claro;Dupla;"Curva;Viaduto";Sim;1;0;0;1;0;0;1;1;-22,2825032;-43,1192847;SPRF-RJ;DEL05-RJ;UOP02-DEL05-RJ
662873;22/02/2025;sábado;07:35:00;MG;262;378,5;MATEUS LEME;Ausência de reação do condutor;Saída de leito carroçável;Com Vítimas Feridas;Pleno dia;Decrescente;Céu Claro;Dupla;Reta;Não;3;0;2;0;1;0;2;1;-19,9229272;-44,46625328;SPRF-MG;DEL01-MG;UOP03-DEL01-MG
662876;22/02/2025;sábado;04:15:00;SC;470;66,3;INDAIAL;Acessar a via sem observar a presença dos outros veículos;Colisão frontal;Com Vítimas Feridas;Plena Noite;Decrescente;Nublado;Simples;"Em Obras;Rotatória";Sim;2;0;0;1;1;0;1;2;-26,87004465;-49,22544827;SPRF-SC;DEL04-SC;UOP01-DEL04-SC
662877;22/02/2025;sábado;08:00:00;SP;381;26;ATIBAIA;Reação tardia ou ineficiente do condutor;Queda de ocupante de veículo;Com Vítimas Feridas;Pleno dia;Crescente;Sol;Dupla;Reta;Sim;2;0;2;0;0;0;2;1;-23,1907722;-46,584931;SPRF-SP;DEL03-SP;UOP02-DEL03-SP
662878;22/02/2025;sábado;07:40:00;RJ;116;204;SEROPEDICA;Acesso irregular;Colisão transversal;Com Vítimas Feridas;Pleno dia;Decrescente;Céu Claro;Dupla;Reta;Não;7;0;1;1;5;0;2;4;-22,71887359;-43,69915009;SPRF-RJ;DEL06-RJ;UOP02-DEL06-RJ
662879;22/02/2025;sábado;08:40:00;BA;101;919,9;NOVA VICOSA;Demais falhas mecânicas ou elétricas;Colisão frontal;Com Vítimas Feridas;Pleno dia;Crescente;Céu Claro;Simples;Reta;Não;2;0;1;0;1;0;1;2;-17,886102;-39,815346;SPRF-BA;DEL09-BA;UOP02-DEL09-BA
662881;22/02/2025;sábado;07:30:00;SE;235;54,4;ITABAIANA;Acessar a via sem observar a presença dos outros veículos;Colisão traseira;Com Vítimas Feridas;Pleno dia;Crescente;Céu Claro;Simples;Reta;Sim;2;0;1;0;1;0;1;2;-10,67117993;-37,44483411;SPRF-SE;DEL01-SE;UOP02-DEL01-SE
662882;22/02/2025;sábado;09:05:00;ES;101;266,7;SERRA;Manobra de mudança de faixa;Tombamento;Com Vítimas Feridas;Pleno dia;Decrescente;Céu Claro;Dupla;Reta;Sim;1;0;0;1;0;0;1;1;-20,19446565;-40,26849747;SPRF-ES;DEL02-ES;UOP01-DEL02-ES
662883;17/01/2025;sexta-feira;19:45:00;PR;272;367,9;CAMPO MOURAO;Manobra de mudança de faixa;Colisão transversal;Com Vítimas Feridas;Anoitecer;Decrescente;Nublado;Dupla;Reta;Sim;2;0;0;1;0;1;1;2;-24,05281967;-52,40680754;SPRF-PR;DEL09-PR;UOP03-DEL09-PR
662884;22/02/2025;sábado;09:30:00;SP;381;6;VARGEM;Reação tardia ou ineficiente do condutor;Colisão lateral mesmo sentido;Com Vítimas Feridas;Pleno dia;Crescente;Céu Claro;Dupla;"Aclive;Reta";Não;2;0;1;0;1;0;1;2;-22,90028;-46,4202483;SPRF-SP;DEL03-SP;UOP02-DEL03-SP
662886;22/02/2025;sábado;09:30:00;RJ;101;327;RIO DE JANEIRO;Ausência de reação do condutor;Colisão traseira;Com Vítimas Feridas;Pleno dia;Crescente;Céu Claro;Dupla;"Reta;Ponte";Sim;3;0;1;1;1;0;2;2;-22,870587;-43,160749;SPRF-RJ;DEL02-RJ;UOP01-DEL02-RJ
662887;22/02/2025;sábado;08:40:00;SC;101;349,5;TUBARAO;Condutor deixou de manter distância do veículo da frente;Colisão com objeto;Com Vítimas Feridas;Pleno dia;Crescente;Céu Claro;Dupla;Curva;Não;2;0;1;1;0;0;2;1;-28,497413;-49,044625;SPRF-SC;DEL02-SC;UOP01-DEL02-SC
662888;22/02/2025;sábado;09:20:00;SP;116;219;GUARULHOS;Reação tardia ou ineficiente do condutor;Queda de ocupante de veículo;Com Vítimas Feridas;Pleno dia;Decrescente;Céu Claro;Múltipla;Reta;Sim;1;0;1;0;0;0;1;1;-23,46379922;-46,495097;SPRF-SP;DEL01-SP;UOP01-DEL01-SP
662889;22/02/2025;sábado;08:30:00;SC;470;96,8;APIUNA;Retorno proibido;Colisão transversal;Com Vítimas Feridas;Pleno dia;Decrescente;Céu Claro;Simples;Reta;Não;2;0;0;1;1;0;1;2;-27,0269981;-49,3789091;SPRF-SC;DEL04-SC;UOP01-DEL04-SC
662890;22/02/2025;sábado;04:00:00;PR;376;160,7;MARINGA;Ausência de reação do condutor;Colisão com objeto;Sem Vítimas;Plena Noite;Decrescente;Nublado;Dupla;"Interseção de Vias;Reta";Sim;1;0;0;0;0;1;0;1;-23,367785;-52,06693;SPRF-PR;DEL09-PR;UOP02-DEL09-PR
662893;22/02/2025;sábado;09:00:00;PE;101;45;IGARASSU;Acessar a via sem observar a presença dos outros veículos;Colisão traseira;Com Vítimas Feridas;Pleno dia;Decrescente;Céu Claro;Dupla;Reta;Sim;3;0;1;0;2;0;1;3;-7,86702;-34,90677;SPRF-PE;DEL01-PE;UOP02-DEL01-PE
662894;22/02/2025;sábado;09:45:00;AL;104;88,2;RIO LARGO;Transitar no Acostamento;Colisão transversal;Com Vítimas Feridas;Pleno dia;Decrescente;Sol;Dupla;Reta;Sim;2;0;1;0;1;0;1;2;-9,481602;-35,818797;SPRF-AL;DEL01-AL;UOP01-DEL01-AL
662895;22/02/2025;sábado;10:26:00;ES;101;154;LINHARES;Demais falhas mecânicas ou elétricas;Tombamento;Com Vítimas Feridas;Pleno dia;Decrescente;Sol;Simples;Reta;Não;2;0;2;0;0;0;2;1;-19,4264286;-40,08086085;SPRF-ES;DEL04-ES;UOP01-DEL04-ES
662896;22/02/2025;sábado;08:45:00;RJ;101;389;RIO DE JANEIRO;Acesso irregular;Colisão traseira;Com Vítimas Feridas;Pleno dia;Decrescente;Sol;Múltipla;Reta;Sim;3;0;2;0;1;0;2;2;-22,894222;-43,675029;SPRF-RJ;DEL03-RJ;UOP01-DEL03-RJ
662897;22/02/2025;sábado;06:00:00;PR;487;108,3;CRUZEIRO DO OESTE;Ingestão de álcool pelo condutor;Colisão frontal;Com Vítimas Feridas;Amanhecer;Decrescente;Nublado;Simples;Reta;Não;5;0;0;1;4;0;1;3;-23,80100732;-53,02503526;SPRF-PR;DEL09-PR;UOP03-DEL09-PR
662898;22/02/2025;sábado;09:25:00;SC;470;58;BLUMENAU;Acessar a via sem observar a presença dos outros veículos;Colisão transversal;Com Vítimas Feridas;Pleno dia;Decrescente;Nublado;Simples;"Em Obras;Reta";Sim;2;0;1;0;1;0;1;2;-26,88427494;-49,14866924;SPRF-SC;DEL04-SC;UOP01-DEL04-SC
662899;22/02/2025;sábado;10:20:00;SC;101;216,5;SANTO AMARO DA IMPERATRIZ;Acumulo de areia ou detritos sobre o pavimento;Tombamento;Com Vítimas Feridas;Pleno dia;Crescente;Céu Claro;Dupla;Retorno Regulamentado;Sim;1;0;1;0;0;0;1;1;-27,663913;-48,675197;SPRF-SC;DEL01-SC;UOP02-DEL01-SC
662902;22/02/2025;sábado;03:50:00;SC;280;271;IRINEOPOLIS;Ausência de reação do condutor;Capotamento;Com Vítimas Feridas;Plena Noite;Crescente;Nublado;Simples;Declive;Não;2;0;2;0;0;0;2;1;-26,27286742;-50,74756622;SPRF-SC;DEL06-SC;UOP04-DEL06-SC
662904;22/02/2025;sábado;10:45:00;PR;376;350;ORTIGUEIRA;Reação tardia ou ineficiente do condutor;Colisão com objeto;Com Vítimas Feridas;Pleno dia;Decrescente;Céu Claro;Dupla;"Aclive;Reta";Sim;1;0;1;0;0;0;1;1;-24,2094838;-50,9430493;SPRF-PR;DEL07-PR;UOP02-DEL07-PR
662906;22/02/2025;sábado;09:00:00;RJ;493;100;SEROPEDICA;Demais falhas mecânicas ou elétricas;Tombamento;Com Vítimas Fatais;Pleno dia;Crescente;Céu Claro;Dupla;Reta;Não;2;1;1;0;0;0;1;1;-22,76351884;-43,73622894;SPRF-RJ;DEL01-RJ;UOP03-DEL01-RJ
662907;22/02/2025;sábado;11:15:00;MG;40;596,7;OURO PRETO;Demais falhas mecânicas ou elétricas;Tombamento;Com Vítimas Feridas;Pleno dia;Decrescente;Sol;Simples;"Aclive;Reta";Não;2;0;2;0;0;0;2;1;-20,4175055;-43,88794656;SPRF-MG;DEL05-MG;UOP02-DEL05-MG
662908;22/02/2025;sábado;10:45:00;SC;470;40,6;GASPAR;Ausência de reação do condutor;Saída de leito carroçável;Com Vítimas Feridas;Pleno dia;Crescente;Céu Claro;Dupla;Reta;Não;1;0;1;0;0;0;1;1;-26,8843862;-48,994872;SPRF-SC;DEL04-SC;UOP01-DEL04-SC
662909;22/02/2025;sábado;10:15:00;MT;163;831;SINOP;Manobra de mudança de faixa;Colisão traseira;Com Vítimas Feridas;Pleno dia;Decrescente;Céu Claro;Simples;Reta;Sim;2;0;0;1;1;0;1;2;-11,8887061;-55,50243616;SPRF-MT;DEL06-MT;UOP02-DEL06-MT
662910;22/02/2025;sábado;10:46:00;BA;101;714,2;EUNAPOLIS;Acessar a via sem observar a presença dos outros veículos;Colisão transversal;Com Vítimas Feridas;Pleno dia;Decrescente;Céu Claro;Simples;Reta;Não;2;0;1;0;0;1;1;2;-16,346345;-39,580308;SPRF-BA;DEL09-BA;UOP01-DEL09-BA
662911;22/02/2025;sábado;08:45:00;PA;10;355;SANTA MARIA DO PARA;Acessar a via sem observar a presença dos outros veículos;Colisão transversal;Com Vítimas Feridas;Pleno dia;Decrescente;Céu Claro;Simples;"Interseção de Vias;Reta";Sim;3;0;0;2;1;0;2;2;-1,34305216;-47,57899761;SPRF-PA;DEL01-PA;UOP02-DEL01-PA
662912;22/02/2025;sábado;11:30:00;SC;101;218,5;PALHOCA;Demais falhas mecânicas ou elétricas;Tombamento;Com Vítimas Feridas;Pleno dia;Decrescente;Céu Claro;Dupla;Reta;Não;2;0;2;0;0;0;2;1;-27,679993;-48,670409;SPRF-SC;DEL01-SC;UOP02-DEL01-SC
662913;22/02/2025;sábado;11:00:00;SC;101;77,1;ARAQUARI;Velocidade Incompatível;Colisão traseira;Com Vítimas Feridas;Pleno dia;Decrescente;Nublado;Dupla;Reta;Não;2;0;0;1;1;0;1;2;-26,57177161;-48,7220639;SPRF-SC;DEL03-SC;UOP02-DEL03-SC
662919;22/02/2025;sábado;12:25:00;SC;101;378,5;ICARA;Ultrapassagem Indevida;Colisão lateral mesmo sentido;Com Vítimas Feridas;Pleno dia;Crescente;Céu Claro;Múltipla;"Interseção de Vias;Curva";Sim;2;0;2;0;0;0;2;2;-28,75076137;-49,27038789;SPRF-SC;DEL02-SC;UOP02-DEL02-SC
662920;22/02/2025;sábado;13:15:00;MG;381;896;CAMBUI;Avarias e/ou desgaste excessivo no pneu;Saída de leito carroçável;Com Vítimas Feridas;Pleno dia;Crescente;Nublado;Dupla;Curva;Não;1;0;1;0;0;0;1;1;-22,59735305;-46,05706215;SPRF-MG;DEL16-MG;UOP01-DEL16-MG
662921;02/02/2025;domingo;14:00:00;PR;277;468,1;LARANJEIRAS DO SUL;Trafegar com motocicleta (ou similar) entre as faixas;Colisão frontal;Com Vítimas Feridas;Pleno dia;Crescente;Céu Claro;Simples;Reta;Não;2;0;0;1;1;0;1;2;-25,34211314;-52,49655008;SPRF-PR;DEL04-PR;UOP02-DEL04-PR
662922;22/02/2025;sábado;13:16:00;CE;116;35;AQUIRAZ;Acumulo de areia ou detritos sobre o pavimento;Queda de ocupante de veículo;Com Vítimas Feridas;Pleno dia;Decrescente;Céu Claro;Dupla;"Em Obras;Reta";Sim;2;0;2;0;0;0;2;1;-4,0505002;-38,50605011;SPRF-CE;DEL01-CE;UOP02-DEL01-CE
662923;22/02/2025;sábado;13:15:00;GO;153;439,9;ANAPOLIS;Ingestão de álcool pelo condutor;Colisão lateral mesmo sentido;Com Vítimas Feridas;Pleno dia;Decrescente;Céu Claro;Simples;Curva;Sim;2;0;1;0;1;0;1;2;-16,287323;-48,943282;SPRF-GO;DEL02-GO;UOP01-DEL02-GO
662924;22/02/2025;sábado;13:20:00;PB;101;58;SANTA RITA;Demais falhas mecânicas ou elétricas;Incêndio;Sem Vítimas;Pleno dia;Decrescente;Céu Claro;Dupla;Reta;Não;1;0;0;0;1;0;0;1;-6,981938;-35,075374;SPRF-PB;DEL01-PB;UOP03-DEL01-PB
662926;21/02/2025;sexta-feira;19:50:00;GO;40;55,7;LUZIANIA;Ausência de reação do condutor;Saída de leito carroçável;Com Vítimas Fatais;Plena Noite;Decrescente;Céu Claro;Dupla;"Declive;Curva";Não;1;1;0;0;0;0;0;1;-16,49222583;-47,81338692;SPRF-DF;DEL01-DF;UOP02-DEL01-DF
662927;22/02/2025;sábado;13:35:00;RJ;101;330,3;RIO DE JANEIRO;Demais falhas mecânicas ou elétricas;Tombamento;Com Vítimas Feridas;Pleno dia;Crescente;Céu Claro;Múltipla;Reta;Sim;1;0;1;0;0;0;1;1;-22,86889965;-43,18056107;SPRF-RJ;DEL02-RJ;UOP01-DEL02-RJ
662930;22/02/2025;sábado;14:00:00;GO;60;97;ANAPOLIS;Manobra de mudança de faixa;Colisão lateral mesmo sentido;Com Vítimas Feridas;Pleno dia;Crescente;Céu Claro;Dupla;Reta;Sim;2;0;1;0;1;0;1;2;-16,376;-48,947;SPRF-GO;DEL02-GO;UOP01-DEL02-GO
662931;22/02/2025;sábado;13:50:00;MG;262;822;UBERABA;Acumulo de areia ou detritos sobre o pavimento;Saída de leito carroçável;Com Vítimas Feridas;Pleno dia;Crescente;Sol;Dupla;Reta;Não;1;0;1;0;0;0;1;1;-19,76379569;-48,0991745;SPRF-MG;DEL13-MG;UOP01-DEL13-MG
662932;22/02/2025;sábado;13:59:00;PB;101;88,3;JOAO PESSOA;Acumulo de areia ou detritos sobre o pavimento;Colisão com objeto;Com Vítimas Feridas;Pleno dia;Decrescente;Sol;Simples;"Curva;Viaduto";Não;2;0;1;1;0;0;2;1;-7,16444814;-34,89549637;SPRF-PB;DEL01-PB;UOP01-DEL01-PB
662937;22/02/2025;sábado;13:30:00;PR;153;358;UNIAO DA VITORIA;Acessar a via sem observar a presença dos outros veículos;Colisão lateral sentido oposto;Com Vítimas Feridas;Pleno dia;Decrescente;Céu Claro;Simples;Interseção de Vias;Sim;3;0;1;0;2;0;1;2;-26,1979789;-51,0543251;SPRF-PR;DEL08-PR;UOP02-DEL08-PR
662939;22/02/2025;sábado;14:50:00;DF;70;16,2;BRASILIA;Ingestão de álcool pelo condutor;Colisão lateral mesmo sentido;Sem Vítimas;Pleno dia;Crescente;Céu Claro;Dupla;Rotatória;Não;2;0;0;0;2;0;0;2;-15,795886;-48,195446;SPRF-DF;DEL03-DF;UOP02-DEL03-DF
662940;22/02/2025;sábado;08:50:00;RJ;101;446;MANGARATIBA;Ultrapassagem Indevida;Colisão lateral mesmo sentido;Com Vítimas Feridas;Pleno dia;Crescente;Sol;Simples;Aclive;Não;3;0;1;0;2;0;1;2;-22,9988;-44,0981;SPRF-RJ;DEL03-RJ;UOP02-DEL03-RJ
662941;22/02/2025;sábado;10:45:00;MT;163;919;ITAUBA;Ingestão de álcool pelo condutor;Saída de leito carroçável;Sem Vítimas;Pleno dia;Crescente;Nublado;Simples;Reta;Não;1;0;0;0;1;0;0;1;-11,055755;-55,2724991;SPRF-MT;DEL06-MT;UOP02-DEL06-MT
662942;22/02/2025;sábado;14:05:00;PR;116;146;MANDIRITUBA;Acessar a via sem observar a presença dos outros veículos;Colisão transversal;Com Vítimas Feridas;Pleno dia;Crescente;Céu Claro;Simples;"Aclive;Reta";Não;4;0;1;3;0;0;4;2;-25,81324935;-49,32893515;SPRF-PR;DEL01-PR;UOP03-DEL01-PR
662944;22/02/2025;sábado;15:25:00;BA;324;619;SALVADOR;Condutor deixou de manter distância do veículo da frente;Colisão traseira;Com Vítimas Feridas;Pleno dia;Crescente;Céu Claro;Dupla;Reta;Não;2;0;0;1;1;0;1;1;-12,9078063;-38,4572641;SPRF-BA;DEL01-BA;UOP01-DEL01-BA
662945;22/02/2025;sábado;15:20:00;RJ;101;432;MANGARATIBA;Reação tardia ou ineficiente do condutor;Queda de ocupante de veículo;Com Vítimas Feridas;Pleno dia;Decrescente;Céu Claro;Simples;"Declive;Curva";Sim;2;0;1;1;0;0;2;1;-22,9337;-44,0325;SPRF-RJ;DEL03-RJ;UOP02-DEL03-RJ
662946;22/02/2025;sábado;12:15:00;RJ;40;108;DUQUE DE CAXIAS;Reação tardia ou ineficiente do condutor;Colisão lateral mesmo sentido;Com Vítimas Fatais;Pleno dia;Decrescente;Sol;Múltipla;Curva;Sim;2;1;0;0;1;0;0;2;-22,673216;-43,285119;SPRF-RJ;DEL01-RJ;UOP02-DEL01-RJ
662948;22/02/2025;sábado;16:00:00;MG;381;450,3;SABARA;Velocidade Incompatível;Colisão com objeto;Com Vítimas Feridas;Pleno dia;Decrescente;Céu Claro;Simples;Curva;Não;1;0;0;1;0;0;1;1;-19,82783722;-43,83918285;SPRF-MG;DEL01-MG;UOP01-DEL01-MG
662951;22/02/2025;sábado;16:02:00;PB;230;20;JOAO PESSOA;Reação tardia ou ineficiente do condutor;Tombamento;Com Vítimas Feridas;Pleno dia;Crescente;Céu Claro;Dupla;Reta;Sim;2;0;2;0;0;0;2;1;-7,15698589;-34,83816147;SPRF-PB;DEL01-PB;UOP01-DEL01-PB
662953;22/02/2025;sábado;15:55:00;PR;476;120;COLOMBO;Acessar a via sem observar a presença dos outros veículos;Colisão transversal;Com Vítimas Feridas;Pleno dia;Decrescente;Céu Claro;Múltipla;Interseção de Vias;Sim;2;0;1;0;1;0;1;2;-25,37373162;-49,19294715;SPRF-PR;DEL01-PR;UOP01-DEL01-PR
662954;22/02/2025;sábado;15:20:00;ES;101;142,6;LINHARES;Reação tardia ou ineficiente do condutor;Colisão com objeto;Com Vítimas Feridas;Pleno dia;Crescente;Céu Claro;Dupla;"Retorno Regulamentado;Reta";Sim;1;0;1;0;0;0;1;1;-19,33859829;-40,06563466;SPRF-ES;DEL04-ES;UOP01-DEL04-ES
662955;22/02/2025;sábado;15:49:00;PB;101;65,8;SANTA RITA;Avarias e/ou desgaste excessivo no pneu;Queda de ocupante de veículo;Com Vítimas Feridas;Pleno dia;Crescente;Céu Claro;Dupla;Reta;Não;2;0;1;1;0;0;2;1;-7,046698;-35,045518;SPRF-PB;DEL01-PB;UOP03-DEL01-PB
662956;22/02/2025;sábado;16:35:00;SP;153;335,2;SALTO GRANDE;Reação tardia ou ineficiente do condutor;Saída de leito carroçável;Com Vítimas Feridas;Pleno dia;Crescente;Céu Claro;Simples;"Aclive;Reta";Não;3;0;2;0;0;1;2;2;-22,90622221;-49,88960266;SPRF-SP;DEL07-SP;UOP03-DEL07-SP
662958;22/02/2025;sábado;15:00:00;RJ;101;385;RIO DE JANEIRO;Manobra de mudança de faixa;Colisão lateral mesmo sentido;Com Vítimas Feridas;Pleno dia;Decrescente;Céu Claro;Múltipla;Reta;Sim;3;0;2;0;1;0;2;2;-22,88150927;-43,63310337;SPRF-RJ;DEL03-RJ;UOP01-DEL03-RJ
662959;22/02/2025;sábado;17:00:00;PE;232;58;POMBOS;Ausência de reação do condutor;Colisão com objeto;Com Vítimas Feridas;Pleno dia;Crescente;Céu Claro;Dupla;"Aclive;Reta";Sim;3;0;2;0;1;0;2;2;-8,14500022;-35,39114714;SPRF-PE;DEL02-PE;UOP02-DEL02PE
662962;22/02/2025;sábado;16:58:00;PE;428;172;PETROLINA;Ingestão de álcool pelo condutor;Colisão traseira;Com Vítimas Feridas;Pleno dia;Crescente;Céu Claro;Simples;"Viaduto;Reta";Não;5;0;2;0;3;0;2;2;-9,261777;-40,4256859;SPRF-PE;DEL06-PE;UOP01-DEL06-PE
662963;22/02/2025;sábado;17:10:00;SC;470;55,5;BLUMENAU;Acessar a via sem observar a presença dos outros veículos;Colisão lateral mesmo sentido;Com Vítimas Feridas;Pleno dia;Crescente;Céu Claro;Simples;"Em Obras;Reta;Desvio Temporário";Sim;2;0;1;0;1;0;1;2;-26,87638265;-49,12335992;SPRF-SC;DEL04-SC;UOP01-DEL04-SC
662964;22/02/2025;sábado;16:30:00;SC;101;399,9;MARACAJA;Demais falhas mecânicas ou elétricas;Tombamento;Com Vítimas Feridas;Pleno dia;Crescente;Céu Claro;Múltipla;Aclive;Sim;2;0;1;1;0;0;2;1;-28,8656596;-49,44795012;SPRF-SC;DEL02-SC;UOP02-DEL02-SC
662965;22/02/2025;sábado;11:30:00;MS;163;100,5;ITAQUIRAI;Pista esburacada;Colisão traseira;Com Vítimas Feridas;Pleno dia;Decrescente;Céu Claro;Simples;Reta;Não;2;0;1;0;1;0;1;2;-23,29159866;-54,22430992;SPRF-MS;DEL09-MS;UOP01-DEL09-MS
662966;22/02/2025;sábado;17:30:00;GO;40;4,8;VALPARAISO DE GOIAS;Acessar a via sem observar a presença dos outros veículos;Colisão transversal;Com Vítimas Feridas;Pleno dia;Crescente;Sol;Múltipla;Retorno Regulamentado;Sim;2;0;1;0;1;0;1;2;-16,093446;-47,98216;SPRF-DF;DEL01-DF;UOP01-DEL01-DF
662967;22/02/2025;sábado;15:00:00;BA;407;135;SENHOR DO BONFIM;Ingestão de álcool pelo condutor;Colisão transversal;Com Vítimas Feridas;Pleno dia;Crescente;Céu Claro;Simples;Curva;Não;2;0;0;1;1;0;1;2;-10,48346;-40,1663;SPRF-BA;DEL04-BA;UOP01-DEL04-BA
662968;22/02/2025;sábado;09:00:00;BA;367;71;EUNAPOLIS;Velocidade Incompatível;Colisão traseira;Com Vítimas Feridas;Pleno dia;Decrescente;Sol;Simples;Curva;Não;3;0;1;0;2;0;1;3;-16,392795;-39,468384;SPRF-BA;DEL09-BA;UOP03-DEL09-BA
662969;22/02/2025;sábado;17:00:00;ES;262;34;DOMINGOS MARTINS;Conversão proibida;Colisão transversal;Com Vítimas Feridas;Pleno dia;Crescente;Céu Claro;Simples;Curva;Não;3;0;2;0;1;0;2;2;-20,3639;-40,6598;SPRF-ES;DEL01-ES;UOP01-DEL01-ES
662970;22/02/2025;sábado;17:00:00;CE;116;113;BEBERIBE;Manobra de mudança de faixa;Colisão transversal;Com Vítimas Feridas;Anoitecer;Crescente;Céu Claro;Simples;Reta;Não;3;0;1;0;2;0;1;2;-4,59029;-38,214291;SPRF-CE;DEL03-CE;UOP01-DEL03-CE
662973;22/02/2025;sábado;16:45:00;GO;60;185;GUAPO;Reação tardia ou ineficiente do condutor;Saída de leito carroçável;Com Vítimas Feridas;Pleno dia;Decrescente;Céu Claro;Dupla;Aclive;Não;2;0;1;1;0;0;2;1;-16,805725;-49,523651;SPRF-GO;DEL01-GO;UOP02-DEL01-GO
662975;01/01/2025;quarta-feira;18:00:00;SC;280;143,9;MAFRA;Transitar na contramão;Colisão frontal;Com Vítimas Feridas;Anoitecer;Decrescente;Garoa/Chuvisco;Simples;Curva;Não;7;0;4;1;2;0;5;3;-26,24541406;-49,63661103;SPRF-SC;DEL06-SC;UOP03-DEL06-SC
662976;22/02/2025;sábado;15:50:00;PR;153;5;IBAITI;Ausência de reação do condutor;Tombamento;Com Vítimas Feridas;Pleno dia;Crescente;Céu Claro;Simples;Reta;Não;1;0;0;1;0;0;1;1;-23,84659193;-50,19258499;SPRF-PR;DEL07-PR;UOP04-DEL07-PR
662978;22/02/2025;sábado;11:00:00;BA;324;597;SIMOES FILHO;Ausência de reação do condutor;Tombamento;Com Vítimas Feridas;Pleno dia;Decrescente;Céu Claro;Múltipla;Reta;Não;1;0;1;0;0;0;1;1;-12,735398;-38,440668;SPRF-BA;DEL01-BA;UOP01-DEL01-BA
662979;22/02/2025;sábado;18:55:00;PR;158;532;PATO BRANCO;Ingestão de álcool pelo condutor;Colisão traseira;Com Vítimas Feridas;Anoitecer;Decrescente;Nublado;Simples;Declive;Sim;3;0;1;0;2;0;1;2;-26,20996551;-52,68042505;SPRF-PR;DEL02-PR;UOP01-DEL02-PR
662980;22/02/2025;sábado;19:05:00;SE;101;87;NOSSA SENHORA DO SOCORRO;Ingestão de álcool pelo condutor;Colisão lateral mesmo sentido;Com Vítimas Feridas;Plena Noite;Crescente;Céu Claro;Dupla;"Aclive;Reta;Em Obras";Não;4;0;1;0;3;0;1;3;-10,8669722;-37,1349194;SPRF-SE;DEL01-SE;UOP01-DEL01-SE