id;data_inversa;dia_semana;horario;uf;br;km;municipio;causa_acidente;tipo_acidente;classificacao_acidente;fase_dia;sentido_via;condicao_metereologica;tipo_pista;tracado_via;uso_solo;pessoas;mortos;feridos_leves;feridos_graves;ilesos;ignorados;feridos;veiculos;latitude;longitude;regional;delegacia;uop
662981;22/02/2025;sábado;18:30:00;MG;40;379;FELIXLANDIA;Condutor Dormindo;Colisão transversal;Com Vítimas Feridas;Pleno dia;Crescente;Céu Claro;Simples;Reta;Não;4;0;1;0;3;0;1;3;-18,8305909;-44,77787018;SPRF-MG;DEL02-MG;UOP01-DEL02-MG
662982;22/02/2025;sábado;18:30:00;MG;116;528;CARATINGA;Ausência de reação do condutor;Tombamento;Com Vítimas Feridas;Plena Noite;Decrescente;Céu Claro;Simples;Curva;Sim;1;0;1;0;0;0;1;1;-19,7763888;-42,1350378;SPRF-MG;DEL06-MG;UOP02-DEL06-MG
662983;22/02/2025;sábado;18:20:00;SC;101;84,5;BARRA VELHA;Ausência de reação do condutor;Colisão com objeto;Com Vítimas Feridas;Plena Noite;Decrescente;Nublado;Múltipla;Reta;Não;2;0;1;0;1;0;1;1;-26,62216725;-48,71623278;SPRF-SC;DEL03-SC;UOP02-DEL03-SC
662986;22/02/2025;sábado;18:50:00;SP;116;139,8;SAO JOSE DOS CAMPOS;Demais falhas mecânicas ou elétricas;Tombamento;Com Vítimas Feridas;Anoitecer;Crescente;Céu Claro;Dupla;Reta;Sim;2;0;1;0;1;0;1;1;-23,16215199;-45,80558538;SPRF-SP;DEL02-SP;UOP01-DEL02-SP
662987;22/02/2025;sábado;15:22:00;MA;10;316;ACAILANDIA;Transitar na contramão;Colisão frontal;Com Vítimas Fatais;Pleno dia;Decrescente;Céu Claro;Simples;"Reta;Declive";Não;3;2;0;0;1;0;0;2;-4,974727;-47,517072;SPRF-MA;DEL04-MA;UOP03-DEL04-MA
662990;22/02/2025;sábado;10:50:00;BA;110;107;ALAGOINHAS;Condutor deixou de manter distância do veículo da frente;Colisão transversal;Com Vítimas Feridas;Pleno dia;Crescente;Céu Claro;Simples;"Interseção de Vias;Rotatória";Sim;3;0;2;0;1;0;2;2;-12,10091972;-38,37229706;SPRF-BA;DEL07-BA;UOP02-DEL07-BA
662991;22/02/2025;sábado;19:30:00;PR;369;148;LONDRINA;Desrespeitar a preferência no cruzamento;Colisão transversal;Com Vítimas Feridas;Plena Noite;Crescente;Céu Claro;Dupla;"Interseção de Vias;Reta";Sim;2;0;0;1;1;0;1;2;-23,293;-51,143;SPRF-PR;DEL07-PR;UOP01-DEL07-PR
662992;22/02/2025;sábado;18:00:00;BA;110;344;ALAGOINHAS;Condutor deixou de manter distância do veículo da frente;Colisão traseira;Com Vítimas Feridas;Plena Noite;Crescente;Nublado;Simples;"Reta;Aclive";Não;4;0;2;0;2;0;2;2;-12,10092122;-38,37229712;SPRF-BA;DEL01-BA;UOP04-DEL01-BA
662993;22/02/2025;sábado;19:00:00;PB;230;372,9;CONDADO;Ingestão de álcool pelo condutor;Saída de leito carroçável;Sem Vítimas;Plena Noite;Crescente;Céu Claro;Simples;Reta;Não;1;0;0;0;0;1;0;1;-6,906968;-37,574453;SPRF-PB;DEL03-PB;UOP02-DEL03-PB
662994;22/02/2025;sábado;17:25:00;RS;470;3;BARRACAO;Velocidade Incompatível;Saída de leito carroçável;Com Vítimas Feridas;Pleno dia;Crescente;Céu Claro;Simples;Curva;Não;1;0;1;0;0;0;1;1;-27,619628;-51,487331;SPRF-RS;DEL08-RS;UOP05-DEL08-RS
662995;22/02/2025;sábado;20:19:00;SP;116;56,2;LORENA;Condutor deixou de manter distância do veículo da frente;Colisão traseira;Com Vítimas Feridas;Plena Noite;Crescente;Céu Claro;Dupla;Reta;Não;2;0;1;0;1;0;1;2;-22,76983351;-45,13138109;SPRF-SP;DEL08-SP;UOP02-DEL08-SP
662996;22/02/2025;sábado;19:25:00;MS;163;690;RIO VERDE DE MATO GROSSO;Ingestão de álcool pelo condutor;Colisão traseira;Com Vítimas Feridas;Plena Noite;Crescente;Céu Claro;Simples;Reta;Não;3;0;0;2;0;1;2;2;-18,86249996;-54,82497454;SPRF-MS;DEL06-MS;UOP01-DEL06-MS
662997;22/02/2025;sábado;19:44:00;ES;101;253;SERRA;Acessar a via sem observar a presença dos outros veículos;Colisão frontal;Sem Vítimas;Plena Noite;Crescente;Ignorado;Simples;Reta;Não;2;0;0;0;2;0;0;2;-20,10449153;-40,33268452;SPRF-ES;DEL02-ES;UOP01-DEL02-ES
662999;22/02/2025;sábado;20:20:00;BA;116;444,8;ANTONIO CARDOSO;Ingestão de álcool pelo condutor;Colisão com objeto;Com Vítimas Fatais;Plena Noite;Decrescente;Céu Claro;Dupla;Declive;Não;1;1;0;0;0;0;0;1;-12,37138;-39,1161;SPRF-BA;DEL02-BA;UOP01-DEL02-BA
663000;22/02/2025;sábado;20:12:00;ES;101;261,2;SERRA;Retorno proibido;Colisão transversal;Com Vítimas Feridas;Plena Noite;Decrescente;Céu Claro;Dupla;Reta;Sim;2;0;0;1;1;0;1;2;-20,15022357;-40,27900749;SPRF-ES;DEL02-ES;UOP01-DEL02-ES
663001;22/02/2025;sábado;20:30:00;RN;101;82;SAO GONCALO DO AMARANTE;Ingestão de álcool pelo condutor;Colisão com objeto;Com Vítimas Feridas;Plena Noite;Crescente;Céu Claro;Dupla;Reta;Sim;2;0;2;0;0;0;2;1;-5,77628647;-35,25452614;SPRF-RN;DEL02-RN;UOP01-DEL02-RN
663002;22/02/2025;sábado;19:52:00;RJ;40;104;DUQUE DE CAXIAS;Conversão proibida;Colisão transversal;Com Vítimas Feridas;Plena Noite;Decrescente;Céu Claro;Múltipla;Reta;Sim;3;0;1;0;2;0;1;3;-22,62350504;-43,2868964;SPRF-RJ;DEL01-RJ;UOP02-DEL01-RJ
663004;22/02/2025;sábado;19:35:00;PE;104;67,5;CARUARU;Condutor deixou de manter distância do veículo da frente;Colisão traseira;Com Vítimas Feridas;Plena Noite;Crescente;Céu Claro;Simples;Reta;Sim;2;0;1;0;0;1;1;2;-8,29488;-35,98725;SPRF-PE;DEL02-PE;UOP01-DEL02-PE
663005;22/02/2025;sábado;19:40:00;ES;101;296;CARIACICA;Reação tardia ou ineficiente do condutor;Colisão traseira;Sem Vítimas;Plena Noite;Decrescente;Nublado;Múltipla;Reta;Sim;4;0;0;0;4;0;0;4;-20,34374309;-40,40738298;SPRF-ES;DEL01-ES;UOP01-DEL01-ES
663006;22/02/2025;sábado;20:03:00;PB;101;86,7;JOAO PESSOA;Entrada inopinada do pedestre;Atropelamento de Pedestre;Com Vítimas Feridas;Plena Noite;Decrescente;Nublado;Dupla;Reta;Sim;2;0;1;0;1;0;1;2;-7,15875998;-34,90625739;SPRF-PB;DEL01-PB;UOP01-DEL01-PB
663007;22/02/2025;sábado;20:36:00;ES;101;256;SERRA;Velocidade Incompatível;Colisão transversal;Com Vítimas Feridas;Plena Noite;Decrescente;Céu Claro;Simples;"Declive;Reta";Sim;2;0;0;1;1;0;1;2;-20,12205432;-40,30606227;SPRF-ES;DEL02-ES;UOP01-DEL02-ES
663008;22/02/2025;sábado;16:10:00;RO;421;37;MONTE NEGRO;Reação tardia ou ineficiente do condutor;Colisão traseira;Com Vítimas Feridas;Pleno dia;Crescente;Céu Claro;Simples;Reta;Não;3;0;0;1;2;0;1;3;-10,17629;-63,225252;SPRF-RO;DEL03-RO;UOP01-DEL03-RO
663009;22/02/2025;sábado;19:55:00;GO;50;261,9;CATALAO;Demais falhas mecânicas ou elétricas;Incêndio;Sem Vítimas;Plena Noite;Crescente;Céu Claro;Dupla;Reta;Não;1;0;0;0;1;0;0;1;-18,043254;-47,859307;SPRF-GO;DEL06-GO;UOP01-DEL06-GO
663010;22/02/2025;sábado;19:09:00;RJ;465;5;SEROPEDICA;Ausência de reação do condutor;Queda de ocupante de veículo;Com Vítimas Feridas;Plena Noite;Crescente;Céu Claro;Simples;Reta;Sim;1;0;1;0;0;0;1;1;-22,7147776;-43,7256192;SPRF-RJ;DEL06-RJ;UOP02-DEL06-RJ
663013;22/02/2025;sábado;21:15:00;BA;418;86;NOVA VICOSA;Acessar a via sem observar a presença dos outros veículos;Colisão transversal;Com Vítimas Feridas;Plena Noite;Crescente;Céu Claro;Simples;Reta;Sim;2;0;0;1;1;0;1;2;-17,8855;-39,84016;SPRF-BA;DEL09-BA;UOP02-DEL09-BA
663014;22/02/2025;sábado;21:05:00;RN;101;107;PARNAMIRIM;Transitar na contramão;Colisão frontal;Com Vítimas Feridas;Plena Noite;Crescente;Céu Claro;Dupla;Reta;Sim;3;0;1;0;2;0;1;2;-5,920124;-35,264806;SPRF-RN;DEL01-RN;UOP01-DEL01-RN
663015;22/02/2025;sábado;18:30:00;RR;432;174,9;CANTA;Conversão proibida;Colisão transversal;Com Vítimas Feridas;Anoitecer;Crescente;Céu Claro;Simples;Reta;Não;2;0;1;0;1;0;1;2;2,495216;-60,635908;SPRF-RR;DEL01-RR;UOP01-DEL01-RR
663016;22/02/2025;sábado;20:43:00;PE;101;54;PAULISTA;Entrada inopinada do pedestre;Atropelamento de Pedestre;Com Vítimas Fatais;Plena Noite;Crescente;Céu Claro;Dupla;Reta;Não;2;1;0;0;1;0;0;2;-7,937512;-34,903445;SPRF-PE;DEL01-PE;UOP02-DEL01-PE
663017;22/02/2025;sábado;16:30:00;RO;435;33;VILHENA;Reação tardia ou ineficiente do condutor;Colisão com objeto;Com Vítimas Feridas;Pleno dia;Crescente;Céu Claro;Simples;Reta;Não;1;0;1;0;0;0;1;1;-12,8421287;-60,3777534;SPRF-RO;DEL04-RO;UOP02-DEL04-RO
663018;22/02/2025;sábado;20:10:00;MT;158;560,6;AGUA BOA;Transitar na contramão;Colisão frontal;Com Vítimas Feridas;Plena Noite;Crescente;Céu Claro;Simples;Reta;Não;2;0;1;0;0;1;1;2;-13,93873221;-52,10746765;SPRF-MT;DEL07-MT;UOP02-DEL07-MT
663021;22/02/2025;sábado;21:20:00;RN;406;0,9;MACAU;Ingestão de álcool pelo condutor;Saída de leito carroçável;Com Vítimas Feridas;Plena Noite;Decrescente;Céu Claro;Simples;Curva;Não;1;0;1;0;0;0;1;1;-5,12148603;-36,62656403;SPRF-RN;DEL02-RN;UOP01-DEL02-RN
663022;22/02/2025;sábado;20:30:00;RJ;116;144;DUQUE DE CAXIAS;Avarias e/ou desgaste excessivo no pneu;Tombamento;Com Vítimas Feridas;Plena Noite;Crescente;Céu Claro;Dupla;Reta;Sim;2;0;2;0;0;0;2;1;-22,65697184;-43,24578571;SPRF-RJ;DEL01-RJ;UOP02-DEL01-RJ
663023;22/02/2025;sábado;22:20:00;BA;116;428,9;FEIRA DE SANTANA;Transitar no Acostamento;Atropelamento de Pedestre;Com Vítimas Fatais;Plena Noite;Crescente;Céu Claro;Dupla;Curva;Não;2;1;0;0;0;1;0;2;-12,28766276;-39,00327444;SPRF-BA;DEL02-BA;UOP01-DEL02-BA
663024;22/02/2025;sábado;22:10:00;CE;116;34;AQUIRAZ;Acumulo de areia ou detritos sobre o pavimento;Tombamento;Com Vítimas Feridas;Plena Noite;Decrescente;Céu Claro;Dupla;"Reta;Em Obras";Não;1;0;1;0;0;0;1;1;-4,03200586;-38,51057064;SPRF-CE;DEL01-CE;UOP02-DEL01-CE
663026;22/02/2025;sábado;21:27:00;SC;470;36,3;GASPAR;Ingestão de álcool pelo condutor;Colisão frontal;Com Vítimas Feridas;Plena Noite;Crescente;Céu Claro;Simples;Reta;Não;2;0;1;0;1;0;1;2;-26,9142144;-48,9719117;SPRF-SC;DEL04-SC;UOP01-DEL04-SC
663027;22/02/2025;sábado;22:15:00;PB;101;85;BAYEUX;Demais falhas mecânicas ou elétricas;Tombamento;Com Vítimas Feridas;Plena Noite;Crescente;Céu Claro;Dupla;Reta;Sim;2;0;2;0;0;0;2;1;-7,148652;-34,912924;SPRF-PB;DEL01-PB;UOP01-DEL01-PB
663028;22/02/2025;sábado;18:42:00;MA;135;39;BACABEIRA;Ausência de reação do condutor;Saída de leito carroçável;Sem Vítimas;Anoitecer;Decrescente;Chuva;Dupla;Reta;Não;1;0;0;0;0;1;0;1;-2,88651;-44,37505;SPRF-MA;DEL01-MA;UOP01-DEL01-MA
663029;22/02/2025;sábado;21:30:00;MG;381;294;ANTONIO DIAS;Iluminação deficiente;Colisão transversal;Com Vítimas Feridas;Plena Noite;Decrescente;Céu Claro;Simples;Reta;Não;2;0;0;2;0;0;2;2;-19,63633273;-42,83023238;SPRF-MG;DEL03-MG;UOP02-DEL03-MG
663032;22/02/2025;sábado;21:45:00;PR;476;89,5;BOCAIUVA DO SUL;Ingestão de álcool pelo condutor;Saída de leito carroçável;Com Vítimas Feridas;Plena Noite;Decrescente;Céu Claro;Simples;Curva;Não;4;0;3;0;1;0;3;1;-25,18467344;-49,12020993;SPRF-PR;DEL01-PR;UOP01-DEL01-PR
663033;22/02/2025;sábado;22:05:00;PR;277;591,4;CASCAVEL;Ingestão de álcool pelo condutor;Colisão frontal;Sem Vítimas;Plena Noite;Decrescente;Céu Claro;Simples;Reta;Sim;2;0;0;0;2;0;0;2;-24,98627;-53,46842;SPRF-PR;DEL04-PR;UOP01-DEL04-PR
663034;22/02/2025;sábado;22:25:00;SP;116;277;EMBU DAS ARTES;Reação tardia ou ineficiente do condutor;Queda de ocupante de veículo;Com Vítimas Feridas;Plena Noite;Decrescente;Nublado;Dupla;Reta;Sim;2;0;2;0;0;0;2;1;-23,62810073;-46,81744916;SPRF-SP;DEL04-SP;UOP01-DEL04-SP
663035;29/01/2025;quarta-feira;11:20:00;RJ;116;199;QUEIMADOS;Avarias e/ou desgaste excessivo no pneu;Queda de ocupante de veículo;Com Vítimas Feridas;Pleno dia;Crescente;Céu Claro;Dupla;Reta;Não;2;0;2;0;0;0;2;1;-22,72898648;-43,58452101;SPRF-RJ;DEL06-RJ;UOP02-DEL06-RJ
663036;22/02/2025;sábado;22:55:00;MG;262;481,3;CONTAGEM;Ausência de reação do condutor;Queda de ocupante de veículo;Com Vítimas Feridas;Plena Noite;Decrescente;Céu Claro;Dupla;Declive;Não;1;0;1;0;0;0;1;1;-19,95907902;-44,06325459;SPRF-MG;DEL08-MG;UOP03-DEL08-MG
663037;22/02/2025;sábado;21:50:00;MG;116;701,1;MURIAE;Desrespeitar a preferência no cruzamento;Colisão transversal;Com Vítimas Feridas;Plena Noite;Crescente;Céu Claro;Simples;"Curva;Interseção de Vias";Sim;3;0;1;1;1;0;2;2;-21,11510919;-42,37997532;SPRF-MG;DEL07-MG;UOP02-DEL07-MG
663038;22/02/2025;sábado;18:50:00;RJ;116;320;ITATIAIA;Reação tardia ou ineficiente do condutor;Saída de leito carroçável;Com Vítimas Feridas;Anoitecer;Decrescente;Céu Claro;Dupla;Reta;Sim;1;0;1;0;0;0;1;1;-22,480512;-44,533936;SPRF-RJ;DEL07-RJ;UOP02-DEL07-RJ
663039;22/02/2025;sábado;22:30:00;SC;282;519;XAXIM;Ausência de reação do condutor;Colisão traseira;Sem Vítimas;Plena Noite;Decrescente;Céu Claro;Simples;"Reta;Declive";Não;6;0;0;0;6;0;0;2;-26,947913;-52,51815;SPRF-SC;DEL07-SC;UOP01-DEL07-SC
663040;22/02/2025;sábado;22:30:00;SC;101;203,1;SAO JOSE;Desrespeitar a preferência no cruzamento;Colisão transversal;Com Vítimas Feridas;Plena Noite;Crescente;Chuva;Múltipla;"Interseção de Vias;Viaduto";Sim;2;0;2;0;0;0;2;2;-27,56367793;-48,61577607;SPRF-SC;DEL01-SC;UOP01-DEL01-SC
663041;22/02/2025;sábado;23:35:00;RS;116;152,5;CAXIAS DO SUL;Ingestão de álcool pelo condutor;Saída de leito carroçável;Com Vítimas Feridas;Plena Noite;Decrescente;Céu Claro;Simples;Curva;Sim;1;0;1;0;0;0;1;1;-29,1847339;-51,1743708;SPRF-RS;DEL05-RS;UOP01-DEL05-RS
663044;22/02/2025;sábado;22:25:00;RJ;116;121;DUQUE DE CAXIAS;Reação tardia ou ineficiente do condutor;Queda de ocupante de veículo;Com Vítimas Feridas;Plena Noite;Crescente;Céu Claro;Simples;"Curva;Aclive;Viaduto";Sim;1;0;1;0;0;0;1;1;-22,785505;-43,286081;SPRF-RJ;DEL04-RJ;UOP02-DEL04-RJ
663046;23/02/2025;domingo;00:00:00;BA;116;427;FEIRA DE SANTANA;Ingestão de álcool pelo condutor;Queda de ocupante de veículo;Com Vítimas Feridas;Plena Noite;Decrescente;Céu Claro;Simples;Rotatória;Não;1;0;1;0;0;0;1;1;-12,26975819;-38,98899078;SPRF-BA;DEL02-BA;UOP01-DEL02-BA
663047;22/02/2025;sábado;23:55:00;RS;287;328;SANTA MARIA;Falta de elemento de contenção que evite a saída do leito carroçável;Saída de leito carroçável;Sem Vítimas;Plena Noite;Decrescente;Céu Claro;Simples;Reta;Sim;1;0;0;0;0;1;0;1;-29,7081653;-53,82610493;SPRF-RS;DEL09-RS;UOP01-DEL09-RS
663048;22/02/2025;sábado;23:00:00;SP;116;107;TAUBATE;Reação tardia ou ineficiente do condutor;Colisão com objeto;Sem Vítimas;Plena Noite;Crescente;Nublado;Dupla;Reta;Sim;1;0;0;0;1;0;0;1;-23,01554105;-45,52682877;SPRF-SP;DEL02-SP;UOP02-DEL02-SP
663050;22/02/2025;sábado;23:15:00;RJ;101;56;CAMPOS DOS GOYTACAZES;Ausência de reação do condutor;Colisão traseira;Com Vítimas Feridas;Plena Noite;Crescente;Céu Claro;Simples;Reta;Não;2;0;0;1;0;1;1;2;-21,696609;-41,310219;SPRF-RJ;DEL08-RJ;UOP01-DEL08-RJ
663051;22/02/2025;sábado;20:30:00;PI;222;72,7;PIRIPIRI;Afundamento ou ondulação no pavimento;Tombamento;Com Vítimas Feridas;Plena Noite;Decrescente;Céu Claro;Dupla;Reta;Não;2;0;2;0;0;0;2;1;-4,257202;-41,750947;SPRF-PI;DEL02-PI;UOP01-DEL02-PI
663052;23/02/2025;domingo;00:22:00;MG;381;884,1;ESTIVA;Ausência de reação do condutor;Saída de leito carroçável;Com Vítimas Feridas;Plena Noite;Crescente;Céu Claro;Dupla;Curva;Não;1;0;1;0;0;0;1;1;-22,49638084;-46,01383209;SPRF-MG;DEL16-MG;UOP01-DEL16-MG
663053;22/02/2025;sábado;21:40:00;PR;373;225;IMBITUVA;Ingestão de álcool pelo condutor;Queda de ocupante de veículo;Sem Vítimas;Plena Noite;Decrescente;Céu Claro;Simples;Reta;Não;1;0;0;0;1;0;0;1;-25,18525306;-50,70392132;SPRF-PR;DEL03-PR;UOP01-DEL03-PR
663055;22/02/2025;sábado;23:15:00;BA;415;51;ITABUNA;Acesso irregular;Colisão frontal;Com Vítimas Fatais;Plena Noite;Crescente;Garoa/Chuvisco;Simples;Reta;Sim;2;1;0;1;0;0;1;2;-14,83823268;-39,32677721;SPRF-BA;DEL05-BA;UOP01-DEL05-BA
663056;23/02/2025;domingo;00:54:00;PB;101;27,8;JOAO PESSOA;Ausência de reação do condutor;Tombamento;Com Vítimas Feridas;Plena Noite;Decrescente;Garoa/Chuvisco;Dupla;"Declive;Reta";Sim;1;0;0;1;0;0;1;1;-7,16561;-34,8955;SPRF-PB;DEL01-PB;UOP03-DEL01-PB
663057;23/02/2025;domingo;00:10:00;SP;116;144,5;SAO JOSE DOS CAMPOS;Reação tardia ou ineficiente do condutor;Colisão com objeto;Sem Vítimas;Plena Noite;Decrescente;Céu Claro;Dupla;Reta;Sim;1;0;0;0;0;1;0;1;-23,18314493;-45,84691823;SPRF-SP;DEL02-SP;UOP01-DEL02-SP
663058;23/02/2025;domingo;01:00:00;DF;40;2,7;BRASILIA;Velocidade Incompatível;Colisão com objeto;Com Vítimas Feridas;Plena Noite;Crescente;Céu Claro;Dupla;"Viaduto;Curva;Aclive";Sim;2;0;0;1;0;1;1;2;-16,000706;-47,984744;SPRF-DF;DEL01-DF;UOP01-DEL01-DF
663059;23/02/2025;domingo;01:05:00;SP;116;225;GUARULHOS;Acessar a via sem observar a presença dos outros veículos;Colisão lateral mesmo sentido;Sem Vítimas;Plena Noite;Decrescente;Céu Claro;Múltipla;Reta;Sim;2;0;0;0;1;1;0;2;-23,48998806;-46,54702842;SPRF-SP;DEL01-SP;UOP01-DEL01-SP
663060;23/02/2025;domingo;01:30:00;ES;101;262,3;SERRA;Manobra de mudança de faixa;Tombamento;Com Vítimas Feridas;Plena Noite;Crescente;Céu Claro;Dupla;Reta;Sim;1;0;0;1;0;0;1;1;-20,17287558;-40,26772499;SPRF-ES;DEL02-ES;UOP01-DEL02-ES
663065;23/02/2025;domingo;00:45:00;PB;104;119;CAMPINA GRANDE;Animais na Pista;Atropelamento de Animal;Com Vítimas Feridas;Plena Noite;Crescente;Céu Claro;Simples;"Reta;Aclive";Sim;1;0;0;1;0;0;1;1;-7,19738723;-35,87712765;SPRF-PB;DEL02-PB;UOP04-DEL02-PB
663068;23/02/2025;domingo;02:00:00;BA;324;620,2;SALVADOR;Ausência de reação do condutor;Saída de leito carroçável;Sem Vítimas;Plena Noite;Decrescente;Céu Claro;Dupla;Reta;Não;1;0;0;0;0;1;0;1;-12,91076023;-38,45855355;SPRF-BA;DEL01-BA;UOP01-DEL01-BA
663070;23/02/2025;domingo;02:00:00;RJ;116;186;RIO DE JANEIRO;Ausência de reação do condutor;Engavetamento;Com Vítimas Feridas;Plena Noite;Crescente;Céu Claro;Dupla;Reta;Sim;4;0;2;0;2;0;2;3;-22,804467;-43,3451877;SPRF-RJ;DEL06-RJ;UOP01-DEL06-RJ
663072;22/02/2025;sábado;23:50:00;SC;101;93,5;BARRA VELHA;Manobra de mudança de faixa;Colisão lateral mesmo sentido;Com Vítimas Feridas;Plena Noite;Crescente;Nublado;Dupla;Reta;Não;3;0;2;0;1;0;2;2;-26,69531821;-48,69827271;SPRF-SC;DEL03-SC;UOP02-DEL03-SC
663073;23/02/2025;domingo;01:15:00;SC;280;46,5;GUARAMIRIM;Ingestão de álcool pelo condutor;Colisão com objeto;Com Vítimas Feridas;Plena Noite;Crescente;Nublado;Dupla;"Em Obras;Aclive;Desvio Temporário;Reta";Não;1;0;1;0;0;0;1;1;-26,453177;-48,912785;SPRF-SC;DEL03-SC;UOP03-DEL03-SC
663074;23/02/2025;domingo;02:15:00;GO;153;417,7;ANAPOLIS;Ingestão de álcool pelo condutor;Colisão com objeto;Sem Vítimas;Plena Noite;Crescente;Céu Claro;Dupla;"Aclive;Reta";Não;1;0;0;0;1;0;0;1;-16,17903;-49,04307;SPRF-GO;DEL02-GO;UOP01-DEL02-GO
663075;23/02/2025;domingo;02:00:00;RS;290;178;BUTIA;Iluminação deficiente;Colisão traseira;Com Vítimas Feridas;Plena Noite;Crescente;Nublado;Simples;Reta;Sim;3;0;0;1;2;0;1;2;-30,12849992;-51,95331573;SPRF-RS;DEL02-RS;UOP03-DEL02-RS
663076;23/02/2025;domingo;00:30:00;BA;135;68;FORMOSA DO RIO PRETO;Reação tardia ou ineficiente do condutor;Colisão com objeto;Com Vítimas Fatais;Plena Noite;Decrescente;Céu Claro;Simples;Reta;Não;1;1;0;0;0;0;0;1;-11,306865;-44,98616;SPRF-BA;DEL10-BA;UOP01-DEL10-BA
663077;23/02/2025;domingo;01:50:00;SP;116;447;REGISTRO;Ingestão de álcool pelo condutor;Colisão traseira;Com Vítimas Feridas;Plena Noite;Crescente;Céu Claro;Dupla;Reta;Sim;3;0;2;1;0;0;3;2;-24,51643662;-47,85241127;SPRF-SP;DEL05-SP;UOP01-DEL05-SP
663078;23/02/2025;domingo;03:00:00;PR;116;115;CURITIBA;Entrada inopinada do pedestre;Atropelamento de Pedestre;Com Vítimas Feridas;Plena Noite;Decrescente;Céu Claro;Múltipla;Reta;Sim;2;0;0;1;1;0;1;2;-25,54501639;-49,30099726;SPRF-PR;DEL01-PR;UOP03-DEL01-PR
663080;23/02/2025;domingo;01:20:00;MG;365;389;PATOS DE MINAS;Transitar na contramão;Colisão frontal;Com Vítimas Fatais;Plena Noite;Crescente;Céu Claro;Simples;Reta;Não;3;2;1;0;0;0;1;2;-18,63772608;-46,32636309;SPRF-MG;DEL10-MG;UOP01-DEL10-MG
663081;23/02/2025;domingo;03:24:00;MG;116;528;CARATINGA;Ausência de reação do condutor;Colisão com objeto;Com Vítimas Feridas;Plena Noite;Decrescente;Céu Claro;Simples;Reta;Sim;2;0;1;0;1;0;1;1;-19,7885952;-42,1429248;SPRF-MG;DEL06-MG;UOP02-DEL06-MG
663083;22/02/2025;sábado;18:16:00;CE;116;144;RUSSAS;Ausência de reação do condutor;Colisão traseira;Com Vítimas Feridas;Plena Noite;Decrescente;Nublado;Simples;Reta;Não;4;0;0;1;3;0;1;2;-4,793531;-38,058637;SPRF-CE;DEL03-CE;UOP01-DEL03-CE
663084;23/02/2025;domingo;04:00:00;PI;316;24,4;DEMERVAL LOBAO;Transitar na contramão;Colisão frontal;Com Vítimas Fatais;Plena Noite;Decrescente;Nublado;Múltipla;Reta;Sim;4;1;0;0;3;0;0;2;-5,30286238;-42,70753384;SPRF-PI;DEL01-PI;UOP02-DEL01-PI
663085;23/02/2025;domingo;04:15:00;SP;381;62;MAIRIPORA;Pedestre andava na pista;Atropelamento de Pedestre;Com Vítimas Fatais;Plena Noite;Decrescente;Céu Claro;Dupla;"Aclive;Reta";Não;2;1;0;0;1;0;0;2;-23,28457026;-46,58944139;SPRF-SP;DEL03-SP;UOP01-DEL03-SP
663087;23/02/2025;domingo;04:45:00;MG;381;484;BETIM;Ingestão de álcool pelo condutor;Colisão lateral mesmo sentido;Com Vítimas Feridas;Amanhecer;Crescente;Céu Claro;Dupla;"Aclive;Reta";Sim;1;0;1;0;0;0;1;1;-19,95646909;-44,09468794;SPRF-MG;DEL01-MG;UOP03-DEL01-MG
663088;20/01/2025;segunda-feira;05:10:00;SC;101;206,2;SAO JOSE;Velocidade Incompatível;Capotamento;Com Vítimas Feridas;Amanhecer;Crescente;Céu Claro;Múltipla;Reta;Sim;2;0;2;0;0;0;2;1;-27,59193546;-48,61824557;SPRF-SC;DEL01-SC;UOP01-DEL01-SC
663089;23/02/2025;domingo;04:00:00;RJ;40;57;PETROPOLIS;Ingestão de álcool pelo condutor;Colisão com objeto;Com Vítimas Feridas;Plena Noite;Decrescente;Céu Claro;Dupla;Reta;Não;2;0;2;0;0;0;2;1;-22,36279633;-43,12694907;SPRF-RJ;DEL05-RJ;UOP02-DEL05-RJ
663090;23/02/2025;domingo;04:15:00;MG;381;932;ITAPEVA;Velocidade Incompatível;Colisão com objeto;Com Vítimas Feridas;Amanhecer;Decrescente;Nublado;Dupla;"Aclive;Reta";Não;1;0;1;0;0;0;1;1;-22,78550009;-46,24144793;SPRF-MG;DEL16-MG;UOP03-DEL16-MG
663091;23/02/2025;domingo;04:55:00;PR;369;430,5;UBIRATA;Ausência de reação do condutor;Colisão com objeto;Com Vítimas Feridas;Plena Noite;Decrescente;Céu Claro;Simples;"Aclive;Reta";Não;1;0;1;0;0;0;1;1;-24,55491075;-52,96933651;SPRF-PR;DEL04-PR;UOP03-DEL04-PR
663092;23/02/2025;domingo;02:20:00;PR;163;126,5;REALEZA;Velocidade Incompatível;Colisão com objeto;Com Vítimas Feridas;Plena Noite;Crescente;Céu Claro;Simples;"Reta;Declive";Não;1;0;0;1;0;0;1;1;-25,579383;-53,563517;SPRF-PR;DEL02-PR;UOP02-DEL02-PR
663094;23/02/2025;domingo;05:30:00;BA;324;525;FEIRA DE SANTANA;Ausência de reação do condutor;Saída de leito carroçável;Sem Vítimas;Pleno dia;Crescente;Céu Claro;Dupla;Reta;Sim;1;0;0;0;0;1;0;1;-12,30209254;-38,89682248;SPRF-BA;DEL01-BA;UOP03-DEL01-BA
663095;23/02/2025;domingo;05:45:00;SP;153;70;SAO JOSE DO RIO PRETO;Animais na Pista;Atropelamento de Animal;Com Vítimas Feridas;Amanhecer;Decrescente;Céu Claro;Dupla;Reta;Sim;1;0;1;0;0;0;1;1;-20,86149865;-49,40890789;SPRF-SP;DEL09-SP;UOP01-DEL09-SP