id;data_inversa;dia_semana;horario;uf;br;km;municipio;causa_acidente;tipo_acidente;classificacao_acidente;fase_dia;sentido_via;condicao_metereologica;tipo_pista;tracado_via;uso_solo;pessoas;mortos;feridos_leves;feridos_graves;ilesos;ignorados;feridos;veiculos;latitude;longitude;regional;delegacia;uop
663096;23/02/2025;domingo;03:00:00;MT;163;252,2;JUSCIMEIRA;Reação tardia ou ineficiente do condutor;Tombamento;Com Vítimas Feridas;Plena Noite;Decrescente;Céu Claro;Dupla;Reta;Não;1;0;1;0;0;0;1;1;-16,104096;-54,86334;SPRF-MT;DEL05-MT;UOP02-DEL05-MT
663097;23/02/2025;domingo;05:40:00;BA;101;715;EUNAPOLIS;Transitar na contramão;Colisão lateral sentido oposto;Com Vítimas Feridas;Pleno dia;Crescente;Céu Claro;Simples;"Declive;Reta";Sim;4;0;1;0;3;0;1;2;-16,360233;-39,580002;SPRF-BA;DEL09-BA;UOP01-DEL09-BA
663098;23/02/2025;domingo;03:30:00;BA;367;25;PORTO SEGURO;Reação tardia ou ineficiente do condutor;Colisão com objeto;Com Vítimas Feridas;Plena Noite;Crescente;Céu Claro;Simples;Reta;Sim;1;0;1;0;0;0;1;1;-16,43597664;-39,09417456;SPRF-BA;DEL09-BA;UOP03-DEL09-BA
663099;23/02/2025;domingo;05:20:00;PI;316;6;TERESINA;Transitar na contramão;Colisão frontal;Com Vítimas Feridas;Amanhecer;Decrescente;Céu Claro;Dupla;Reta;Sim;2;0;1;0;0;1;1;2;-5,147427;-42,774083;SPRF-PI;DEL01-PI;UOP02-DEL01-PI
663100;23/02/2025;domingo;05:20:00;RJ;101;541,9;PARATY;Condutor Dormindo;Colisão com objeto;Com Vítimas Feridas;Amanhecer;Decrescente;Céu Claro;Dupla;Curva;Não;2;0;1;1;0;0;2;1;-23,04350808;-44,59259927;SPRF-RJ;DEL03-RJ;UOP04-DEL03-RJ
663102;23/02/2025;domingo;06:40:00;RN;304;102,8;PARNAMIRIM;Demais falhas mecânicas ou elétricas;Queda de ocupante de veículo;Com Vítimas Feridas;Pleno dia;Decrescente;Céu Claro;Dupla;Reta;Sim;2;0;2;0;0;0;2;1;-5,889963;-35,245783;SPRF-RN;DEL04-RN;UOP01-DEL04-RN
663103;23/02/2025;domingo;04:20:00;PE;424;90,4;GARANHUNS;Ingestão de álcool pelo condutor;Colisão com objeto;Sem Vítimas;Amanhecer;Crescente;Céu Claro;Simples;"Curva;Aclive";Sim;1;0;0;0;0;1;0;1;-8,89995389;-36,50268674;SPRF-PE;DEL03-PE;UOP01-DEL03-PE
663104;23/02/2025;domingo;03:30:00;BA;324;548;AMELIA RODRIGUES;Ingestão de álcool pelo condutor;Colisão com objeto;Sem Vítimas;Plena Noite;Decrescente;Céu Claro;Dupla;Aclive;Não;1;0;0;0;1;0;0;1;-12,43043454;-38,73320455;SPRF-BA;DEL01-BA;UOP03-DEL01-BA
663105;23/02/2025;domingo;05:35:00;SP;116;167;JACAREI;Ausência de reação do condutor;Tombamento;Com Vítimas Feridas;Amanhecer;Crescente;Céu Claro;Simples;Retorno Regulamentado;Sim;1;0;1;0;0;0;1;1;-23,30093992;-46,02324665;SPRF-SP;DEL02-SP;UOP01-DEL02-SP
663106;22/02/2025;sábado;23:40:00;MG;116;487,3;INHAPIM;Velocidade Incompatível;Saída de leito carroçável;Com Vítimas Feridas;Plena Noite;Decrescente;Céu Claro;Simples;Curva;Não;2;0;0;2;0;0;2;1;-19,454478;-42,129828;SPRF-MG;DEL06-MG;UOP02-DEL06-MG
663107;23/02/2025;domingo;04:30:00;MA;230;405,6;BALSAS;Reação tardia ou ineficiente do condutor;Queda de ocupante de veículo;Com Vítimas Fatais;Plena Noite;Crescente;Nublado;Simples;Reta;Sim;1;1;0;0;0;0;0;1;-7,51967;-46,054127;SPRF-MA;DEL05-MA;UOP01-DEL05-MA
663108;23/02/2025;domingo;05:00:00;MS;163;622;SAO GABRIEL DO OESTE;Condutor Dormindo;Saída de leito carroçável;Sem Vítimas;Amanhecer;Crescente;Céu Claro;Dupla;Reta;Não;1;0;0;0;1;0;0;1;-19,33988816;-54,6020937;SPRF-MS;DEL06-MS;UOP02-DEL06-MS
663109;22/02/2025;sábado;18:20:00;MA;222;267;BELA VISTA DO MARANHAO;Ingestão de álcool pelo condutor;Colisão traseira;Sem Vítimas;Plena Noite;Crescente;Garoa/Chuvisco;Simples;Reta;Não;2;0;0;0;2;0;0;2;-3,6978282;-45,320519;SPRF-MA;DEL01-MA;UOP02-DEL01-MA
663110;23/02/2025;domingo;05:50:00;PB;104;118,5;CAMPINA GRANDE;Manobra de mudança de faixa;Colisão lateral mesmo sentido;Com Vítimas Feridas;Amanhecer;Crescente;Céu Claro;Simples;"Reta;Viaduto";Não;4;0;1;0;2;1;1;3;-7,195301;-35,874288;SPRF-PB;DEL02-PB;UOP04-DEL02-PB
663112;22/02/2025;sábado;18:40:00;RJ;356;78;SAO JOAO DA BARRA;Velocidade Incompatível;Capotamento;Com Vítimas Feridas;Plena Noite;Decrescente;Céu Claro;Dupla;Curva;Não;1;0;1;0;0;0;1;1;-21,71766128;-41,16965532;SPRF-RJ;DEL08-RJ;UOP03-DEL08-RJ
663113;22/02/2025;sábado;21:10:00;RO;364;340,7;JI-PARANA;Ausência de reação do condutor;Colisão traseira;Com Vítimas Feridas;Plena Noite;Decrescente;Céu Claro;Dupla;"Interseção de Vias;Reta";Sim;2;0;1;0;1;0;1;2;-10,89252971;-61,93063617;SPRF-RO;DEL02-RO;UOP01-DEL02-RO
663114;23/02/2025;domingo;02:40:00;RJ;356;162;SAO JOAO DA BARRA;Ultrapassagem Indevida;Colisão frontal;Com Vítimas Feridas;Plena Noite;Crescente;Céu Claro;Simples;Reta;Não;5;0;3;0;2;0;3;2;-21,715516;-41,166397;SPRF-RJ;DEL08-RJ;UOP02-DEL08-RJ
663116;23/02/2025;domingo;01:43:00;MG;381;531,3;ITATIAIUCU;Condutor Dormindo;Saída de leito carroçável;Com Vítimas Feridas;Plena Noite;Decrescente;Céu Claro;Dupla;"Curva;Declive";Não;4;0;1;0;3;0;1;1;-20,163851;-44,360418;SPRF-MG;DEL04-MG;UOP03-DEL04-MG
663117;23/02/2025;domingo;06:00:00;AP;210;9;MACAPA;Ausência de reação do condutor;Saída de leito carroçável;Sem Vítimas;Pleno dia;Decrescente;Céu Claro;Simples;Curva;Sim;1;0;0;0;1;0;0;1;0,11366323;-51,12801813;SPRF-AP;DEL01-AP;UOP01-DEL01-AP
663118;22/02/2025;sábado;22:17:00;RJ;465;15;NOVA IGUACU;Ausência de reação do condutor;Queda de ocupante de veículo;Com Vítimas Feridas;Plena Noite;Decrescente;Céu Claro;Simples;Reta;Não;1;0;1;0;0;0;1;1;-22,85118366;-43,60301971;SPRF-RJ;DEL06-RJ;UOP02-DEL06-RJ
663119;22/02/2025;sábado;21:40:00;MG;262;58,5;MANHUACU;Reação tardia ou ineficiente do condutor;Saída de leito carroçável;Com Vítimas Feridas;Plena Noite;Decrescente;Chuva;Simples;Curva;Não;3;0;1;0;2;0;1;1;-20,2774183;-42,2002696;SPRF-MG;DEL06-MG;UOP03-DEL06-MG
663122;23/02/2025;domingo;05:22:00;RJ;101;333;RIO DE JANEIRO;Condutor deixou de manter distância do veículo da frente;Colisão lateral mesmo sentido;Sem Vítimas;Amanhecer;Crescente;Céu Claro;Dupla;"Ponte;Reta";Não;2;0;0;0;2;0;0;2;-22,87219258;-43,20505953;SPRF-RJ;DEL02-RJ;UOP01-DEL02-RJ
663123;23/02/2025;domingo;05:40:00;RJ;393;105;CARMO;Ausência de reação do condutor;Queda de ocupante de veículo;Com Vítimas Feridas;Amanhecer;Crescente;Ignorado;Simples;Reta;Não;1;0;1;0;0;0;1;1;-21,87522918;-42,66733646;SPRF-RJ;DEL05-RJ;UOP01-DEL05-RJ
663124;23/02/2025;domingo;06:00:00;RO;364;342;JI-PARANA;Acessar a via sem observar a presença dos outros veículos;Colisão lateral mesmo sentido;Com Vítimas Feridas;Pleno dia;Decrescente;Céu Claro;Dupla;"Reta;Ponte";Não;2;0;1;0;1;0;1;2;-10,8396544;-62,0101632;SPRF-RO;DEL02-RO;UOP01-DEL02-RO
663125;23/02/2025;domingo;07:15:00;PB;230;25,7;JOAO PESSOA;Condutor deixou de manter distância do veículo da frente;Colisão traseira;Com Vítimas Feridas;Pleno dia;Crescente;Céu Claro;Dupla;Reta;Sim;2;0;1;0;0;1;1;2;-7,169276;-34,877649;SPRF-PB;DEL01-PB;UOP01-DEL01-PB
663126;23/02/2025;domingo;08:10:00;BA;324;624;SALVADOR;Ausência de reação do condutor;Colisão traseira;Com Vítimas Feridas;Pleno dia;Crescente;Nublado;Múltipla;Curva;Sim;3;0;1;0;2;0;1;2;-12,950714;-38,470963;SPRF-BA;DEL01-BA;UOP01-DEL01-BA
663129;23/02/2025;domingo;08:10:00;PB;230;52,4;CRUZ DO ESPIRITO SANTO;Manobra de mudança de faixa;Colisão traseira;Com Vítimas Feridas;Pleno dia;Crescente;Céu Claro;Dupla;Reta;Não;2;0;1;0;0;1;1;2;-7,198867;-35,074075;SPRF-PB;DEL01-PB;UOP02-DEL01-PB
663131;22/02/2025;sábado;09:05:00;SP;116;153,6;SAO JOSE DOS CAMPOS;Suicídio (presumido);Sinistro pessoal de trânsito;Com Vítimas Feridas;Pleno dia;Crescente;Céu Claro;Dupla;Reta;Sim;1;0;0;1;0;0;1;1;-23,2346764;-45,91643035;SPRF-SP;DEL02-SP;UOP01-DEL02-SP
663133;15/01/2025;quarta-feira;06:30:00;SC;470;136,8;RIO DO SUL;Conversão proibida;Colisão transversal;Com Vítimas Feridas;Pleno dia;Crescente;Céu Claro;Simples;Reta;Sim;3;0;1;1;1;0;2;2;-27,188492;-49,61232;SPRF-SC;DEL04-SC;UOP02-DEL04-SC
663134;23/02/2025;domingo;09:35:00;RS;293;68;PELOTAS;Acumulo de areia ou detritos sobre o pavimento;Tombamento;Com Vítimas Feridas;Pleno dia;Crescente;Céu Claro;Simples;Curva;Sim;1;0;1;0;0;0;1;1;-31,745208;-52,403711;SPRF-RS;DEL07-RS;UOP01-DEL07-RS
663135;23/02/2025;domingo;09:20:00;PE;232;19;MORENO;Ausência de reação do condutor;Tombamento;Com Vítimas Feridas;Pleno dia;Decrescente;Céu Claro;Dupla;Reta;Não;1;0;1;0;0;0;1;1;-8,098072;-35,065778;SPRF-PE;DEL01-PE;UOP01-DEL01-PE
663136;23/02/2025;domingo;09:15:00;PR;376;86,9;PARANAVAI;Acessar a via sem observar a presença dos outros veículos;Colisão transversal;Com Vítimas Feridas;Pleno dia;Decrescente;Céu Claro;Simples;"Rotatória;Reta";Não;4;0;1;0;3;0;1;2;-22,983379;-52,601987;SPRF-PR;DEL09-PR;UOP02-DEL09-PR
663137;23/02/2025;domingo;10:00:00;RJ;116;181;NOVA IGUACU;Ausência de reação do condutor;Tombamento;Com Vítimas Feridas;Pleno dia;Decrescente;Sol;Múltipla;Reta;Não;2;0;1;0;1;0;1;1;-22,7584273;-43,4283775;SPRF-RJ;DEL06-RJ;UOP01-DEL06-RJ
663138;23/02/2025;domingo;09:25:00;RS;101;41,6;TERRA DE AREIA;Reação tardia ou ineficiente do condutor;Colisão com objeto;Com Vítimas Feridas;Pleno dia;Crescente;Céu Claro;Dupla;Curva;Não;3;0;3;0;0;0;3;1;-29,552631;-50,03429;SPRF-RS;DEL03-RS;UOP02-DEL03-RS
663139;23/02/2025;domingo;10:20:00;SC;101;73;ARAQUARI;Avarias e/ou desgaste excessivo no pneu;Queda de ocupante de veículo;Com Vítimas Feridas;Pleno dia;Decrescente;Céu Claro;Dupla;Reta;Não;2;0;2;0;0;0;2;1;-26,5358525;-48,7130785;SPRF-SC;DEL03-SC;UOP02-DEL03-SC
663141;23/02/2025;domingo;10:15:00;RJ;356;1,6;ITAPERUNA;Acessar a via sem observar a presença dos outros veículos;Colisão transversal;Com Vítimas Feridas;Pleno dia;Decrescente;Céu Claro;Simples;Reta;Não;2;0;2;0;0;0;2;2;-21,14663257;-42,16827393;SPRF-RJ;DEL08-RJ;UOP03-DEL08-RJ
663142;21/02/2025;sexta-feira;07:15:00;AC;0;0;RIO BRANCO;Ausência de reação do condutor;Colisão traseira;Sem Vítimas;Pleno dia;Não Informado;Céu Claro;Dupla;Reta;Sim;3;0;0;0;3;0;0;2;-9,989286;-67,807764;SPRF-AC;DEL01-AC;UOP01-DEL01-AC
663143;23/02/2025;domingo;07:40:00;MG;381;938;EXTREMA;Ingestão de álcool pelo condutor;Colisão lateral mesmo sentido;Com Vítimas Feridas;Pleno dia;Crescente;Céu Claro;Dupla;Curva;Não;7;0;4;0;3;0;4;2;-22,8175941;-46,2949098;SPRF-MG;DEL16-MG;UOP03-DEL16-MG
663144;23/02/2025;domingo;10:35:00;RS;158;548,1;SANTANA DO LIVRAMENTO;Velocidade Incompatível;Saída de leito carroçável;Sem Vítimas;Pleno dia;Decrescente;Céu Claro;Simples;"Curva;Aclive";Não;2;0;0;0;2;0;0;1;-30,828157;-55,351852;SPRF-RS;DEL11-RS;UOP01-DEL11-RS
663147;23/02/2025;domingo;06:30:00;MS;158;178,5;APARECIDA DO TABOADO;Ingestão de álcool pelo condutor;Saída de leito carroçável;Com Vítimas Feridas;Amanhecer;Decrescente;Céu Claro;Simples;Reta;Não;1;0;1;0;0;0;1;1;-20,243521;-51,349162;SPRF-MS;DEL08-MS;UOP01-DEL08-MS
663149;23/02/2025;domingo;10:45:00;RJ;116;81;TERESOPOLIS;Ausência de reação do condutor;Atropelamento de Pedestre;Com Vítimas Feridas;Pleno dia;Crescente;Céu Claro;Simples;Curva;Sim;2;0;2;0;0;0;2;2;-22,395771;-42,953608;SPRF-RJ;DEL04-RJ;UOP01-DEL04-RJ
663150;23/02/2025;domingo;11:00:00;PR;277;35,5;MORRETES;Reação tardia ou ineficiente do condutor;Colisão traseira;Sem Vítimas;Pleno dia;Crescente;Sol;Dupla;"Reta;Declive";Não;3;0;0;0;2;1;0;2;-25,573694;-48,831306;SPRF-PR;DEL01-PR;UOP05-DEL01-PR
663152;23/02/2025;domingo;11:45:00;GO;153;600;MORRINHOS;Ausência de reação do condutor;Colisão traseira;Com Vítimas Feridas;Pleno dia;Decrescente;Sol;Dupla;Reta;Não;2;0;1;0;0;1;1;2;-17,540777;-49,210581;SPRF-GO;DEL03-GO;UOP01-DEL03-GO
663153;23/02/2025;domingo;11:30:00;SP;116;210;GUARULHOS;Manobra de mudança de faixa;Tombamento;Com Vítimas Feridas;Pleno dia;Decrescente;Céu Claro;Múltipla;"Retorno Regulamentado;Interseção de Vias";Sim;2;0;2;0;0;0;2;1;-23,42764031;-46,40775204;SPRF-SP;DEL01-SP;UOP01-DEL01-SP
663155;23/02/2025;domingo;11:20:00;SC;282;652,3;SAO MIGUEL DO OESTE;Desrespeitar a preferência no cruzamento;Colisão transversal;Com Vítimas Feridas;Pleno dia;Decrescente;Céu Claro;Simples;Interseção de Vias;Não;3;0;1;0;2;0;1;2;-26,70408811;-53,52890968;SPRF-SC;DEL07-SC;UOP03-DEL07-SC
663156;23/02/2025;domingo;11:00:00;RJ;101;278;TANGUA;Reação tardia ou ineficiente do condutor;Colisão traseira;Com Vítimas Feridas;Pleno dia;Crescente;Sol;Dupla;Reta;Não;2;0;1;0;1;0;1;2;-22,73959;-42,76262;SPRF-RJ;DEL02-RJ;UOP03-DEL02-RJ
663157;23/02/2025;domingo;09:45:00;BA;367;37;PORTO SEGURO;Animais na Pista;Atropelamento de Animal;Com Vítimas Feridas;Pleno dia;Decrescente;Céu Claro;Simples;Curva;Não;2;0;2;0;0;0;2;1;-16,396807;-39,182407;SPRF-BA;DEL09-BA;UOP03-DEL09-BA
663160;23/02/2025;domingo;11:55:00;SC;470;89,8;RODEIO;Afundamento ou ondulação no pavimento;Saída de leito carroçável;Com Vítimas Feridas;Pleno dia;Crescente;Céu Claro;Simples;Curva;Não;2;0;1;0;1;0;1;1;-26,9511894;-49,3264928;SPRF-SC;DEL04-SC;UOP01-DEL04-SC
663162;23/02/2025;domingo;12:00:00;MS;267;24,1;BATAGUASSU;Avarias e/ou desgaste excessivo no pneu;Tombamento;Com Vítimas Feridas;Pleno dia;Crescente;Céu Claro;Simples;Reta;Não;2;0;2;0;0;0;2;1;-21,726584;-52,368801;SPRF-MS;DEL02-MS;UOP04-DEL02-MS
663164;23/02/2025;domingo;13:50:00;ES;101;270,5;SERRA;Reação tardia ou ineficiente do condutor;Colisão transversal;Com Vítimas Feridas;Pleno dia;Decrescente;Céu Claro;Dupla;Interseção de Vias;Sim;3;0;2;0;1;0;2;2;-20,230717;-40,273077;SPRF-ES;DEL02-ES;UOP01-DEL02-ES
663165;23/02/2025;domingo;13:00:00;AL;101;54;FLEXEIRAS;Demais falhas mecânicas ou elétricas;Incêndio;Sem Vítimas;Pleno dia;Crescente;Céu Claro;Dupla;Reta;Não;1;0;0;0;0;1;0;1;-9,25993;-35,777099;SPRF-AL;DEL01-AL;UOP02-DEL01-AL
663166;23/02/2025;domingo;00:15:00;BA;324;615;SALVADOR;Ingestão de álcool pelo condutor;Colisão lateral mesmo sentido;Com Vítimas Feridas;Plena Noite;Crescente;Chuva;Dupla;Reta;Sim;3;0;2;0;0;1;2;2;-12,87207225;-38,42780018;SPRF-BA;DEL01-BA;UOP01-DEL01-BA
663167;23/02/2025;domingo;11:45:00;MG;116;505,3;INHAPIM;Velocidade Incompatível;Colisão frontal;Com Vítimas Feridas;Pleno dia;Crescente;Chuva;Simples;Curva;Não;3;0;2;0;1;0;2;2;-19,60911794;-42,11451173;SPRF-MG;DEL06-MG;UOP02-DEL06-MG
663169;23/02/2025;domingo;11:45:00;PA;222;111;RONDON DO PARA;Desrespeitar a preferência no cruzamento;Colisão transversal;Sem Vítimas;Pleno dia;Decrescente;Céu Claro;Simples;"Interseção de Vias;Reta";Não;1;0;0;0;1;0;0;1;-4,8516;-48,2134;SPRF-PA;DEL02-PA;UOP02-DEL02-PA
663170;23/02/2025;domingo;10:50:00;CE;403;146,9;SOBRAL;Ingestão de álcool pelo condutor;Colisão frontal;Com Vítimas Feridas;Pleno dia;Decrescente;Céu Claro;Simples;Reta;Não;4;0;0;2;2;0;2;3;-3,7142406;-40,3343727;SPRF-CE;DEL04-CE;UOP01-DEL04-CE
663171;23/02/2025;domingo;14:20:00;RS;386;310,5;POUSO NOVO;Condutor Dormindo;Saída de leito carroçável;Com Vítimas Feridas;Pleno dia;Decrescente;Sol;Simples;"Curva;Ponte";Não;1;0;0;1;0;0;1;1;-29,22795799;-52,16723263;SPRF-RS;DEL04-RS;UOP01-DEL04-RS
663173;23/02/2025;domingo;15:00:00;PB;101;90;JOAO PESSOA;Ausência de reação do condutor;Atropelamento de Pedestre;Com Vítimas Feridas;Pleno dia;Decrescente;Céu Claro;Dupla;Reta;Sim;3;0;2;0;0;1;2;2;-7,18076;-34,900398;SPRF-PB;DEL01-PB;UOP01-DEL01-PB
663174;23/02/2025;domingo;15:45:00;AL;316;242;ATALAIA;Reação tardia ou ineficiente do condutor;Colisão transversal;Com Vítimas Feridas;Pleno dia;Decrescente;Céu Claro;Simples;"Interseção de Vias;Rotatória;Declive";Sim;2;0;1;0;1;0;1;2;-9,50740722;-36,02118194;SPRF-AL;DEL01-AL;UOP01-DEL01-AL
663175;23/02/2025;domingo;15:25:00;BA;324;619,2;SALVADOR;Demais falhas mecânicas ou elétricas;Tombamento;Com Vítimas Feridas;Pleno dia;Crescente;Céu Claro;Dupla;Reta;Sim;2;0;1;0;1;0;1;1;-12,907466;-38,457324;SPRF-BA;DEL01-BA;UOP01-DEL01-BA
663177;23/02/2025;domingo;14:10:00;MG;50;36;ARAGUARI;Reação tardia ou ineficiente do condutor;Saída de leito carroçável;Com Vítimas Feridas;Pleno dia;Crescente;Céu Claro;Dupla;Reta;Sim;1;0;1;0;0;0;1;1;-18,65795561;-48,15307617;SPRF-MG;DEL15-MG;UOP02-DEL15-MG
663178;23/02/2025;domingo;15:45:00;RJ;116;85;TERESOPOLIS;Velocidade Incompatível;Queda de ocupante de veículo;Com Vítimas Feridas;Pleno dia;Decrescente;Chuva;Simples;Curva;Sim;1;0;1;0;0;0;1;1;-22,425536;-42,95337037;SPRF-RJ;DEL04-RJ;UOP01-DEL04-RJ
663179;23/02/2025;domingo;15:07:00;PR;369;150;LONDRINA;Condutor desrespeitou a iluminação vermelha do semáforo;Colisão transversal;Com Vítimas Feridas;Pleno dia;Decrescente;Céu Claro;Dupla;Interseção de Vias;Não;2;0;0;1;1;0;1;2;-23,293;-51,161;SPRF-PR;DEL07-PR;UOP01-DEL07-PR
663180;23/02/2025;domingo;15:20:00;RJ;101;316;SAO GONCALO;Condutor deixou de manter distância do veículo da frente;Colisão lateral mesmo sentido;Com Vítimas Feridas;Pleno dia;Decrescente;Céu Claro;Dupla;Reta;Sim;3;0;1;0;2;0;1;2;-22,7934208;-43,0309376;SPRF-RJ;DEL02-RJ;UOP02-DEL02-RJ
663181;23/02/2025;domingo;15:20:00;MG;40;145;JOAO PINHEIRO;Ingestão de álcool pelo condutor;Saída de leito carroçável;Com Vítimas Feridas;Pleno dia;Decrescente;Céu Claro;Simples;Curva;Não;2;0;2;0;0;0;2;1;-17,7564912;-46,1561498;SPRF-MG;DEL14-MG;UOP01-DEL14-MG
663184;23/02/2025;domingo;15:45:00;SC;101;124,8;ITAJAI;Trafegar com motocicleta (ou similar) entre as faixas;Colisão lateral mesmo sentido;Com Vítimas Feridas;Pleno dia;Decrescente;Céu Claro;Dupla;Reta;Sim;2;0;1;0;1;0;1;2;-26,947222;-48,684698;SPRF-SC;DEL04-SC;UOP04-DEL04-SC
663185;23/02/2025;domingo;15:45:00;MG;40;515;RIBEIRAO DAS NEVES;Manobra de mudança de faixa;Colisão lateral mesmo sentido;Com Vítimas Feridas;Pleno dia;Crescente;Céu Claro;Dupla;Reta;Não;3;0;2;0;1;0;2;2;-19,7990796;-44,1053009;SPRF-MG;DEL01-MG;UOP02-DEL01-MG
663187;23/02/2025;domingo;15:10:00;PR;376;6;MARINGA;Reação tardia ou ineficiente do condutor;Saída de leito carroçável;Com Vítimas Feridas;Pleno dia;Crescente;Céu Claro;Dupla;Reta;Sim;1;0;1;0;0;0;1;1;-23,377927;-51,944468;SPRF-PR;DEL09-PR;UOP01-DEL09-PR
663188;23/02/2025;domingo;16:20:00;SC;280;24,7;ARAQUARI;Acessar a via sem observar a presença dos outros veículos;Colisão transversal;Com Vítimas Feridas;Pleno dia;Crescente;Céu Claro;Simples;Reta;Sim;3;0;1;0;2;0;1;3;-26,382707;-48,72598;SPRF-SC;DEL03-SC;UOP03-DEL03-SC
663189;23/02/2025;domingo;16:05:00;RJ;116;211;SEROPEDICA;Demais falhas mecânicas ou elétricas;Incêndio;Sem Vítimas;Pleno dia;Crescente;Sol;Dupla;Reta;Não;2;0;0;0;2;0;0;1;-22,717645;-43,7064433;SPRF-RJ;DEL06-RJ;UOP02-DEL06-RJ
663190;23/02/2025;domingo;16:40:00;SC;101;225;PALHOCA;Ausência de reação do condutor;Queda de ocupante de veículo;Com Vítimas Feridas;Pleno dia;Crescente;Céu Claro;Dupla;Reta;Não;2;0;2;0;0;0;2;1;-27,74566255;-48,63658904;SPRF-SC;DEL01-SC;UOP02-DEL01-SC
663191;23/02/2025;domingo;13:00:00;RJ;101;471;ANGRA DOS REIS;Condutor deixou de manter distância do veículo da frente;Colisão traseira;Com Vítimas Feridas;Pleno dia;Decrescente;Céu Claro;Simples;Reta;Não;2;0;1;0;1;0;1;2;-23,0091691;-44,2692103;SPRF-RJ;DEL03-RJ;UOP03-DEL03-RJ
663192;23/02/2025;domingo;15:50:00;MG;381;531;ITATIAIUCU;Avarias e/ou desgaste excessivo no pneu;Queda de ocupante de veículo;Com Vítimas Feridas;Pleno dia;Decrescente;Céu Claro;Dupla;Curva;Não;1;0;1;0;0;0;1;1;-20,16467413;-44,3643415;SPRF-MG;DEL04-MG;UOP03-DEL04-MG
663193;23/02/2025;domingo;17:05:00;RS;116;521;PELOTAS;Desrespeitar a preferência no cruzamento;Colisão transversal;Com Vítimas Feridas;Pleno dia;Decrescente;Céu Claro;Simples;Interseção de Vias;Sim;3;0;1;0;2;0;1;2;-31,707431;-52,367583;SPRF-RS;DEL07-RS;UOP01-DEL07-RS
663194;23/02/2025;domingo;15:25:00;SC;470;244,5;CURITIBANOS;Demais falhas mecânicas ou elétricas;Queda de ocupante de veículo;Com Vítimas Feridas;Pleno dia;Crescente;Nublado;Simples;Reta;Não;2;0;0;2;0;0;2;1;-27,315017;-50,532997;SPRF-SC;DEL05-SC;UOP03-DEL05-SC
663195;23/02/2025;domingo;15:00:00;RJ;101;282;ITABORAI;Trafegar com motocicleta (ou similar) entre as faixas;Colisão lateral mesmo sentido;Com Vítimas Feridas;Pleno dia;Crescente;Chuva;Dupla;Reta;Não;2;0;1;0;1;0;1;2;-22,73692343;-42,79964447;SPRF-RJ;DEL02-RJ;UOP02-DEL02-RJ
663196;23/02/2025;domingo;16:50:00;RJ;101;520;ANGRA DOS REIS;Ausência de reação do condutor;Colisão traseira;Com Vítimas Feridas;Pleno dia;Decrescente;Nublado;Simples;Reta;Não;3;0;1;0;2;0;1;2;-23,00441;-44,4529;SPRF-RJ;DEL03-RJ;UOP03-DEL03-RJ
663197;23/02/2025;domingo;16:07:00;PE;101;136;ESCADA;Acessar a via sem observar a presença dos outros veículos;Colisão lateral mesmo sentido;Sem Vítimas;Anoitecer;Crescente;Céu Claro;Dupla;Reta;Não;2;0;0;0;2;0;0;2;-8,41357869;-35,30340672;SPRF-PE;DEL01-PE;UOP03-DEL01-PE
663198;23/02/2025;domingo;17:15:00;GO;60;97;ANAPOLIS;Condutor deixou de manter distância do veículo da frente;Colisão traseira;Sem Vítimas;Pleno dia;Decrescente;Céu Claro;Dupla;Reta;Sim;2;0;0;0;2;0;0;2;-16,37713276;-48,94804001;SPRF-GO;DEL02-GO;UOP01-DEL02-GO
663199;23/02/2025;domingo;17:20:00;PR;163;238,1;TOLEDO;Ingestão de álcool pelo condutor;Saída de leito carroçável;Com Vítimas Feridas;Pleno dia;Crescente;Sol;Dupla;Retorno Regulamentado;Não;1;0;1;0;0;0;1;1;-24,73792193;-53,69536972;SPRF-PR;DEL04-PR;UOP01-DEL04-PR
663200;23/02/2025;domingo;17:35:00;SE;101;58;ROSARIO DO CATETE;Acessar a via sem observar a presença dos outros veículos;Colisão transversal;Com Vítimas Feridas;Anoitecer;Crescente;Céu Claro;Simples;"Interseção de Vias;Reta";Não;6;0;2;0;4;0;2;2;-10,65963794;-37,02864647;SPRF-SE;DEL02-SE;UOP02-DEL02-SE
663201;23/02/2025;domingo;18:00:00;RS;101;20,8;TRES CACHOEIRAS;Avarias e/ou desgaste excessivo no pneu;Tombamento;Com Vítimas Feridas;Pleno dia;Decrescente;Nublado;Dupla;Curva;Sim;2;0;2;0;0;0;2;1;-29,436083;-49,894368;SPRF-RS;DEL03-RS;UOP02-DEL03-RS
663202;23/02/2025;domingo;16:55:00;RO;364;712;PORTO VELHO;Condutor deixou de manter distância do veículo da frente;Colisão traseira;Sem Vítimas;Pleno dia;Crescente;Céu Claro;Dupla;Reta;Sim;2;0;0;0;2;0;0;2;-8,77321791;-63,87987077;SPRF-RO;DEL01-RO;UOP01-DEL01-RO
663203;23/02/2025;domingo;17:14:00;AL;316;267,4;SATUBA;Condutor Dormindo;Colisão frontal;Com Vítimas Feridas;Anoitecer;Crescente;Céu Claro;Simples;Curva;Não;3;0;3;0;0;0;3;2;-9,58684648;-35,84355384;SPRF-AL;DEL02-AL;UOP01-DEL02-AL