id;data_inversa;dia_semana;horario;uf;br;km;municipio;causa_acidente;tipo_acidente;classificacao_acidente;fase_dia;sentido_via;condicao_metereologica;tipo_pista;tracado_via;uso_solo;pessoas;mortos;feridos_leves;feridos_graves;ilesos;ignorados;feridos;veiculos;latitude;longitude;regional;delegacia;uop
663458;24/02/2025;segunda-feira;17:50:00;GO;40;3;VALPARAISO DE GOIAS;Reação tardia ou ineficiente do condutor;Saída de leito carroçável;Com Vítimas Feridas;Anoitecer;Decrescente;Céu Claro;Dupla;Reta;Sim;1;0;1;0;0;0;1;1;-16,081724;-47,98647;SPRF-DF;DEL01-DF;UOP01-DEL01-DF
663459;24/02/2025;segunda-feira;17:50:00;MG;381;495,3;BETIM;Condutor deixou de manter distância do veículo da frente;Colisão traseira;Com Vítimas Feridas;Anoitecer;Decrescente;Céu Claro;Dupla;"Curva;Declive";Não;2;0;1;0;1;0;1;2;-19,97018187;-44,18210416;SPRF-MG;DEL01-MG;UOP03-DEL01-MG
663460;24/02/2025;segunda-feira;17:00:00;RJ;493;110;DUQUE DE CAXIAS;Ausência de reação do condutor;Queda de ocupante de veículo;Com Vítimas Feridas;Pleno dia;Decrescente;Céu Claro;Dupla;Reta;Sim;1;0;1;0;0;0;1;1;-22,671713;-43,2779505;SPRF-RJ;DEL01-RJ;UOP03-DEL01-RJ
663461;24/02/2025;segunda-feira;18:10:00;DF;60;3;BRASILIA;Trafegar com motocicleta (ou similar) entre as faixas;Colisão lateral mesmo sentido;Com Vítimas Feridas;Anoitecer;Crescente;Nublado;Dupla;Reta;Sim;2;0;1;0;1;0;1;2;-15,889831;-48,085951;SPRF-DF;DEL03-DF;UOP01-DEL03-DF
663464;24/02/2025;segunda-feira;17:40:00;RJ;465;14;SEROPEDICA;Ultrapassagem Indevida;Colisão lateral mesmo sentido;Com Vítimas Feridas;Pleno dia;Decrescente;Céu Claro;Simples;Reta;Sim;2;0;0;1;1;0;1;2;-22,80681;-43,6362;SPRF-RJ;DEL06-RJ;UOP02-DEL06-RJ
663465;08/02/2025;sábado;15:20:00;PR;376;188;MARIALVA;Condutor deixou de manter distância do veículo da frente;Colisão com objeto;Com Vítimas Feridas;Pleno dia;Decrescente;Céu Claro;Dupla;Reta;Sim;1;0;1;0;0;0;1;1;-23,45355633;-51,85016602;SPRF-PR;DEL09-PR;UOP01-DEL09-PR
663466;24/02/2025;segunda-feira;18:05:00;SP;116;146;SAO JOSE DOS CAMPOS;Ausência de reação do condutor;Engavetamento;Com Vítimas Feridas;Pleno dia;Crescente;Céu Claro;Dupla;"Reta;Aclive";Sim;3;0;1;1;1;0;2;3;-23,18411492;-45,84955996;SPRF-SP;DEL02-SP;UOP01-DEL02-SP
663467;24/02/2025;segunda-feira;18:00:00;PI;343;36;PARNAIBA;Acessar a via sem observar a presença dos outros veículos;Colisão frontal;Com Vítimas Feridas;Anoitecer;Decrescente;Céu Claro;Simples;Reta;Sim;3;0;0;1;2;0;1;2;-3,11274836;-41,78031921;SPRF-PI;DEL05-PI;UOP01-DEL05-PI
663468;24/02/2025;segunda-feira;17:00:00;MA;230;404;BALSAS;Acessar a via sem observar a presença dos outros veículos;Colisão transversal;Com Vítimas Feridas;Pleno dia;Decrescente;Céu Claro;Simples;Reta;Sim;2;0;2;0;0;0;2;2;-7,52389115;-46,04206285;SPRF-MA;DEL05-MA;UOP01-DEL05-MA
663469;24/02/2025;segunda-feira;17:00:00;SC;101;376,7;ICARA;Demais falhas mecânicas ou elétricas;Tombamento;Com Vítimas Feridas;Pleno dia;Crescente;Céu Claro;Múltipla;Curva;Sim;1;0;1;0;0;0;1;1;-28,72463918;-49,23804045;SPRF-SC;DEL02-SC;UOP01-DEL02-SC
663470;24/02/2025;segunda-feira;18:10:00;SC;280;3;SAO FRANCISCO DO SUL;Acessar a via sem observar a presença dos outros veículos;Colisão transversal;Com Vítimas Feridas;Anoitecer;Crescente;Céu Claro;Simples;"Rotatória;Interseção de Vias";Sim;3;0;2;0;1;0;2;2;-26,25171436;-48,61785471;SPRF-SC;DEL03-SC;UOP03-DEL03-SC
663471;24/02/2025;segunda-feira;10:00:00;PI;230;302;FLORIANO;Acessar a via sem observar a presença dos outros veículos;Colisão transversal;Com Vítimas Feridas;Pleno dia;Crescente;Chuva;Simples;Curva;Não;2;0;2;0;0;0;2;2;-6,809661;-42,9532;SPRF-PI;DEL03-PI;UOP01-DEL03-PI
663472;24/02/2025;segunda-feira;18:10:00;CE;116;22,5;AQUIRAZ;Avarias e/ou desgaste excessivo no pneu;Tombamento;Com Vítimas Feridas;Plena Noite;Crescente;Nublado;Múltipla;Reta;Sim;2;0;2;0;0;0;2;1;-3,94658918;-38,51098537;SPRF-CE;DEL01-CE;UOP02-DEL01-CE
663474;24/02/2025;segunda-feira;17:20:00;MG;267;123;JUIZ DE FORA;Acessar a via sem observar a presença dos outros veículos;Colisão lateral mesmo sentido;Com Vítimas Feridas;Pleno dia;Decrescente;Nublado;Simples;"Interseção de Vias;Reta";Não;2;0;1;0;1;0;1;2;-21,71122413;-43,49030256;SPRF-MG;DEL05-MG;UOP01-DEL05-MG
663475;24/02/2025;segunda-feira;18:35:00;PE;232;515;SALGUEIRO;Animais na Pista;Atropelamento de Animal;Com Vítimas Feridas;Pleno dia;Crescente;Céu Claro;Simples;Reta;Não;2;0;1;1;0;0;2;1;-8,066963;-39,184298;SPRF-PE;DEL05-PE;UOP01-DEL05-PE
663477;24/02/2025;segunda-feira;18:40:00;MG;381;894;CAMBUI;Ausência de reação do condutor;Saída de leito carroçável;Com Vítimas Feridas;Anoitecer;Crescente;Céu Claro;Dupla;"Reta;Aclive";Não;2;0;1;0;1;0;1;1;-22,58118;-46,04597;SPRF-MG;DEL16-MG;UOP01-DEL16-MG
663478;24/02/2025;segunda-feira;18:32:00;RN;101;102;SAO JOSE DE MIPIBU;Ausência de reação do condutor;Colisão com objeto;Com Vítimas Feridas;Plena Noite;Decrescente;Céu Claro;Múltipla;Reta;Não;3;0;1;0;1;1;1;3;-6,018491;-35,252473;SPRF-RN;DEL01-RN;UOP01-DEL01-RN
663480;24/02/2025;segunda-feira;19:00:00;SC;101;208,2;SAO JOSE;Reação tardia ou ineficiente do condutor;Colisão traseira;Com Vítimas Feridas;Plena Noite;Decrescente;Céu Claro;Múltipla;"Reta;Declive";Sim;2;0;0;1;1;0;1;2;-27,60491023;-48,633185;SPRF-SC;DEL01-SC;UOP01-DEL01-SC
663485;01/02/2025;sábado;17:30:00;PE;232;383;CALUMBI;Reação tardia ou ineficiente do condutor;Colisão transversal;Com Vítimas Feridas;Pleno dia;Crescente;Céu Claro;Simples;Reta;Não;2;0;0;1;1;0;1;2;-8,03850174;-38,08422661;SPRF-PE;DEL04-PE;UOP01-DEL04-PE
663486;17/02/2025;segunda-feira;05:30:00;MG;40;702,6;BARBACENA;Reação tardia ou ineficiente do condutor;Colisão traseira;Sem Vítimas;Amanhecer;Crescente;Céu Claro;Dupla;Reta;Não;2;0;0;0;2;0;0;2;-21,220512;-43,734247;SPRF-MG;DEL05-MG;UOP02-DEL05-MG
663487;24/02/2025;segunda-feira;19:30:00;SC;282;210,2;SAO JOSE;Reação tardia ou ineficiente do condutor;Colisão traseira;Sem Vítimas;Plena Noite;Decrescente;Céu Claro;Múltipla;Reta;Sim;2;0;0;0;2;0;0;2;-27,615942;-48,644925;SPRF-SC;DEL05-SC;UOP01-DEL05-SC
663491;24/02/2025;segunda-feira;19:30:00;RJ;101;508;ANGRA DOS REIS;Conversão proibida;Colisão transversal;Com Vítimas Feridas;Plena Noite;Crescente;Céu Claro;Simples;Reta;Não;4;0;1;0;2;1;1;3;-22,94416683;-44,42742348;SPRF-RJ;DEL03-RJ;UOP03-DEL03-RJ
663492;24/02/2025;segunda-feira;20:00:00;SC;101;320,1;PESCARIA BRAVA;Conversão proibida;Colisão transversal;Com Vítimas Feridas;Plena Noite;Decrescente;Céu Claro;Simples;Reta;Sim;2;0;1;0;1;0;1;2;-28,42469047;-48,89753401;SPRF-SC;DEL02-SC;UOP01-DEL02-SC
663494;24/02/2025;segunda-feira;19:37:00;SC;280;4;SAO FRANCISCO DO SUL;Condutor deixou de manter distância do veículo da frente;Colisão traseira;Com Vítimas Feridas;Plena Noite;Decrescente;Céu Claro;Simples;Reta;Não;3;0;1;0;2;0;1;2;-26,25708872;-48,62205505;SPRF-SC;DEL03-SC;UOP03-DEL03-SC
663495;24/02/2025;segunda-feira;19:50:00;SC;101;206,6;SAO JOSE;Reação tardia ou ineficiente do condutor;Colisão traseira;Com Vítimas Feridas;Plena Noite;Decrescente;Céu Claro;Múltipla;"Reta;Declive";Sim;2;0;1;0;1;0;1;2;-27,597782;-48,620298;SPRF-SC;DEL01-SC;UOP01-DEL01-SC
663498;24/02/2025;segunda-feira;18:10:00;PR;373;193;PONTA GROSSA;Condutor deixou de manter distância do veículo da frente;Engavetamento;Com Vítimas Feridas;Anoitecer;Decrescente;Céu Claro;Simples;Aclive;Não;6;0;1;0;5;0;1;3;-25,07076;-50,359408;SPRF-PR;DEL03-PR;UOP01-DEL03-PR
663500;24/02/2025;segunda-feira;18:40:00;PR;116;102,9;SAO JOSE DOS PINHAIS;Demais falhas mecânicas ou elétricas;Incêndio;Sem Vítimas;Anoitecer;Decrescente;Céu Claro;Dupla;Reta;Não;1;0;0;0;1;0;0;1;-25,569979;-49,187011;SPRF-PR;DEL01-PR;UOP07-DEL01-PR
663502;24/02/2025;segunda-feira;15:50:00;MG;116;404,9;GOVERNADOR VALADARES;Demais Fenômenos da natureza;Colisão com objeto;Com Vítimas Feridas;Pleno dia;Decrescente;Chuva;Simples;Curva;Não;5;0;1;0;4;0;1;1;-18,80753647;-41,98476792;SPRF-MG;DEL06-MG;UOP01-DEL06-MG
663503;24/02/2025;segunda-feira;13:10:00;PA;163;524;ITAITUBA;Reação tardia ou ineficiente do condutor;Saída de leito carroçável;Sem Vítimas;Pleno dia;Crescente;Chuva;Simples;"Curva;Declive";Não;5;0;0;0;1;4;0;1;-4,81026481;-56,12557983;SPRF-PA;DEL05-PA;UOP03-DEL05-PA
663506;24/02/2025;segunda-feira;20:15:00;RS;293;105;PINHEIRO MACHADO;Sinalização mal posicionada;Colisão com objeto;Com Vítimas Feridas;Plena Noite;Crescente;Ignorado;Simples;Reta;Não;1;0;0;1;0;0;1;1;-31,57828864;-53,36369634;SPRF-RS;DEL11-RS;UOP03-DEL11-RS
663507;30/01/2025;quinta-feira;16:00:00;PE;407;128;PETROLINA;Acessar a via sem observar a presença dos outros veículos;Saída de leito carroçável;Com Vítimas Feridas;Pleno dia;Decrescente;Céu Claro;Múltipla;Reta;Sim;1;0;1;0;0;0;1;1;-9,39920045;-40,50481081;SPRF-PE;DEL06-PE;UOP01-DEL06-PE
663508;24/02/2025;segunda-feira;20:30:00;MG;50;42;ARAGUARI;Velocidade Incompatível;Tombamento;Com Vítimas Feridas;Plena Noite;Decrescente;Céu Claro;Dupla;Reta;Não;1;0;1;0;0;0;1;1;-18,6757971;-48,1703639;SPRF-MG;DEL15-MG;UOP02-DEL15-MG
663509;24/02/2025;segunda-feira;11:05:00;RS;386;435,2;NOVA SANTA RITA;Desrespeitar a preferência no cruzamento;Colisão transversal;Com Vítimas Feridas;Pleno dia;Decrescente;Céu Claro;Dupla;Rotatória;Não;4;0;3;0;1;0;3;2;-29,84780952;-51,27100468;SPRF-RS;DEL04-RS;UOP02-DEL04-RS
663511;24/02/2025;segunda-feira;18:55:00;PI;316;10;TERESINA;Ausência de reação do condutor;Queda de ocupante de veículo;Com Vítimas Feridas;Amanhecer;Decrescente;Céu Claro;Múltipla;Reta;Sim;1;0;0;1;0;0;1;1;-5,2678834;-42,7275407;SPRF-PI;DEL01-PI;UOP02-DEL01-PI
663512;24/02/2025;segunda-feira;21:30:00;SC;470;53,9;BLUMENAU;Ausência de reação do condutor;Colisão com objeto;Com Vítimas Feridas;Plena Noite;Decrescente;Céu Claro;Simples;"Em Obras;Reta";Não;1;0;1;0;0;0;1;1;-26,87120952;-49,11093056;SPRF-SC;DEL04-SC;UOP01-DEL04-SC
663513;24/02/2025;segunda-feira;16:40:00;RJ;393;155;TRES RIOS;Problema na suspensão;Queda de ocupante de veículo;Com Vítimas Feridas;Pleno dia;Decrescente;Céu Claro;Simples;Curva;Não;1;0;0;1;0;0;1;1;-22,10240539;-43,07539165;SPRF-RJ;DEL05-RJ;UOP01-DEL05-RJ
663514;24/02/2025;segunda-feira;21:20:00;PR;277;75,5;SAO JOSE DOS PINHAIS;Condutor deixou de manter distância do veículo da frente;Colisão traseira;Com Vítimas Feridas;Plena Noite;Crescente;Nublado;Dupla;Reta;Não;2;0;1;0;1;0;1;2;-25,4923889;-49,17051315;SPRF-PR;DEL01-PR;UOP07-DEL01-PR
663515;24/02/2025;segunda-feira;17:50:00;SP;153;321;RIBEIRAO DO SUL;Acessar a via sem observar a presença dos outros veículos;Colisão transversal;Com Vítimas Feridas;Pleno dia;Decrescente;Céu Claro;Simples;Reta;Não;2;0;0;1;1;0;1;2;-22,77421742;-49,88953292;SPRF-SP;DEL07-SP;UOP03-DEL07-SP
663516;24/02/2025;segunda-feira;19:35:00;MG;50;174,3;UBERABA;Ausência de reação do condutor;Colisão traseira;Sem Vítimas;Plena Noite;Decrescente;Céu Claro;Dupla;Reta;Sim;2;0;0;0;1;1;0;2;-19,772471;-47,973108;SPRF-MG;DEL13-MG;UOP01-DEL13-MG
663517;24/02/2025;segunda-feira;21:30:00;MG;381;429,7;SABARA;Ultrapassagem Indevida;Saída de leito carroçável;Com Vítimas Fatais;Plena Noite;Decrescente;Nublado;Simples;Curva;Não;1;1;0;0;0;0;0;1;-19,7885749;-43,698001;SPRF-MG;DEL01-MG;UOP01-DEL01-MG
663518;24/02/2025;segunda-feira;22:00:00;TO;153;143;ARAGUAINA;Reação tardia ou ineficiente do condutor;Capotamento;Com Vítimas Feridas;Plena Noite;Crescente;Céu Claro;Dupla;Reta;Sim;1;0;1;0;0;0;1;1;-7,19554615;-48,235969;SPRF-TO;DEL02-TO;UOP01-DEL02-TO
663519;24/02/2025;segunda-feira;19:40:00;MS;163;373,3;NOVA ALVORADA DO SUL;Animais na Pista;Atropelamento de Animal;Com Vítimas Feridas;Plena Noite;Decrescente;Céu Claro;Dupla;"Aclive;Curva";Não;1;0;1;0;0;0;1;1;-21,39936894;-54,40567757;SPRF-MS;DEL02-MS;UOP01-DEL02-MS
663520;24/02/2025;segunda-feira;20:35:00;MT;364;202,5;RONDONOPOLIS;Chuva;Colisão com objeto;Com Vítimas Feridas;Plena Noite;Decrescente;Chuva;Dupla;"Reta;Declive";Sim;1;0;0;1;0;0;1;1;-16,47460425;-54,65407389;SPRF-MT;DEL02-MT;UOP01-DEL02-MT
663521;24/02/2025;segunda-feira;22:30:00;RS;116;252;SAPUCAIA DO SUL;Condutor usando celular;Colisão com objeto;Sem Vítimas;Plena Noite;Crescente;Céu Claro;Dupla;Reta;Sim;1;0;0;0;1;0;0;1;-29,80808506;-51,1675787;SPRF-RS;DEL01-RS;UOP02-DEL01-RS
663522;24/02/2025;segunda-feira;16:15:00;PE;0;0;PETROLINA;Desrespeitar a preferência no cruzamento;Colisão transversal;Sem Vítimas;Pleno dia;Não Informado;Sol;Dupla;Interseção de Vias;Sim;2;0;0;0;2;0;0;2;-9,360533;-40,477707;SPRF-PE;DEL06-PE;UOP01-DEL06-PE
663523;24/02/2025;segunda-feira;21:00:00;PR;116;111;CURITIBA;Demais falhas mecânicas ou elétricas;Incêndio;Sem Vítimas;Plena Noite;Crescente;Nublado;Dupla;Reta;Sim;1;0;0;0;1;0;0;1;-25,55924644;-49,26625055;SPRF-PR;DEL01-PR;UOP03-DEL01-PR
663528;24/02/2025;segunda-feira;23:28:00;SP;116;55,1;LORENA;Condutor Dormindo;Tombamento;Com Vítimas Feridas;Plena Noite;Decrescente;Céu Claro;Dupla;Reta;Não;1;0;1;0;0;0;1;1;-22,757619;-45,114076;SPRF-SP;DEL08-SP;UOP02-DEL08-SP
663530;24/02/2025;segunda-feira;22:00:00;MT;174;278;PONTES E LACERDA;Animais na Pista;Atropelamento de Animal;Com Vítimas Feridas;Plena Noite;Crescente;Céu Claro;Simples;Reta;Não;2;0;1;0;0;1;1;2;-15,31357523;-59,24398899;SPRF-MT;DEL04-MT;UOP01-DEL04-MT
663531;24/02/2025;segunda-feira;16:58:00;MT;364;436;VARZEA GRANDE;Reação tardia ou ineficiente do condutor;Queda de ocupante de veículo;Com Vítimas Feridas;Anoitecer;Decrescente;Nublado;Dupla;Reta;Não;1;0;1;0;0;0;1;1;-15,64827853;-56,19675994;SPRF-MT;DEL01-MT;UOP02-DEL01-MT
663534;24/02/2025;segunda-feira;22:30:00;RJ;101;482;ANGRA DOS REIS;Reação tardia ou ineficiente do condutor;Colisão transversal;Com Vítimas Fatais;Plena Noite;Crescente;Céu Claro;Simples;Reta;Sim;4;1;1;1;1;0;2;3;-23,00036262;-44,29881692;SPRF-RJ;DEL03-RJ;UOP03-DEL03-RJ
663535;24/02/2025;segunda-feira;23:04:00;SC;101;309;LAGUNA;Ingestão de álcool pelo condutor;Saída de leito carroçável;Com Vítimas Feridas;Plena Noite;Crescente;Céu Claro;Múltipla;Reta;Não;1;0;1;0;0;0;1;1;-28,42192822;-48,79829764;SPRF-SC;DEL02-SC;UOP01-DEL02-SC
663537;25/02/2025;terça-feira;01:00:00;RJ;116;185;NOVA IGUACU;Condutor Dormindo;Colisão traseira;Sem Vítimas;Plena Noite;Crescente;Céu Claro;Simples;Reta;Não;3;0;0;0;3;0;0;2;-22,74195901;-43,50241542;SPRF-RJ;DEL06-RJ;UOP01-DEL06-RJ
663539;25/02/2025;terça-feira;01:50:00;PR;163;282;MARECHAL CANDIDO RONDON;Condutor Dormindo;Queda de ocupante de veículo;Com Vítimas Feridas;Plena Noite;Crescente;Céu Claro;Simples;Reta;Sim;1;0;1;0;0;0;1;1;-24,5516265;-54,04101312;SPRF-PR;DEL06-PR;UOP02-DEL06-PR
663542;25/02/2025;terça-feira;03:30:00;PR;277;204,5;PALMEIRA;Ausência de reação do condutor;Saída de leito carroçável;Sem Vítimas;Plena Noite;Decrescente;Nublado;Simples;Reta;Não;1;0;0;0;1;0;0;1;-25,464682;-50,256002;SPRF-PR;DEL08-PR;UOP02-DEL08-PR
663543;25/02/2025;terça-feira;02:00:00;MG;116;567,9;MANHUACU;Condutor Dormindo;Saída de leito carroçável;Com Vítimas Feridas;Plena Noite;Crescente;Céu Claro;Simples;Curva;Não;4;0;3;0;1;0;3;1;-20,10055725;-42,17929681;SPRF-MG;DEL06-MG;UOP03-DEL06-MG
663544;25/02/2025;terça-feira;04:00:00;MG;381;524,6;CONTAGEM;Condutor deixou de manter distância do veículo da frente;Colisão traseira;Com Vítimas Feridas;Plena Noite;Crescente;Céu Claro;Dupla;Aclive;Sim;1;0;1;0;0;0;1;1;-19,8812191;-44,0507555;SPRF-MG;DEL04-MG;UOP03-DEL04-MG
663545;25/02/2025;terça-feira;04:51:00;PE;101;152;RIBEIRAO;Ausência de reação do condutor;Colisão com objeto;Com Vítimas Feridas;Amanhecer;Crescente;Céu Claro;Dupla;Reta;Não;1;0;1;0;0;0;1;1;-8,51607879;-35,38931103;SPRF-PE;DEL01-PE;UOP03-DEL01-PE
663546;25/02/2025;terça-feira;05:21:00;PE;232;127;CARUARU;Condutor Dormindo;Saída de leito carroçável;Com Vítimas Feridas;Pleno dia;Decrescente;Céu Claro;Dupla;"Reta;Declive";Sim;1;0;1;0;0;0;1;1;-8,30630631;-35,96283957;SPRF-PE;DEL02-PE;UOP01-DEL02-PE
663547;25/02/2025;terça-feira;03:50:00;MG;40;524,6;CONTAGEM;Manobra de mudança de faixa;Colisão transversal;Com Vítimas Feridas;Plena Noite;Crescente;Céu Claro;Dupla;Curva;Sim;3;0;1;0;2;0;1;2;-19,880655;-44,050731;SPRF-MG;DEL01-MG;UOP02-DEL01-MG
663548;25/02/2025;terça-feira;00:23:00;SP;116;38,7;CACHOEIRA PAULISTA;Demais falhas mecânicas ou elétricas;Capotamento;Com Vítimas Feridas;Plena Noite;Crescente;Céu Claro;Dupla;Reta;Não;1;0;1;0;0;0;1;1;-22,6735208;-44,99651527;SPRF-SP;DEL08-SP;UOP02-DEL08-SP
663549;25/02/2025;terça-feira;06:45:00;BA;324;605;SIMOES FILHO;Ausência de reação do condutor;Queda de ocupante de veículo;Com Vítimas Feridas;Pleno dia;Decrescente;Chuva;Dupla;Reta;Não;1;0;1;0;0;0;1;1;-12,8014482;-38,4036205;SPRF-BA;DEL01-BA;UOP01-DEL01-BA
663550;25/02/2025;terça-feira;06:40:00;MG;381;483,8;BETIM;Trafegar com motocicleta (ou similar) entre as faixas;Colisão traseira;Com Vítimas Fatais;Amanhecer;Decrescente;Céu Claro;Dupla;"Reta;Aclive";Não;4;1;1;0;1;1;1;4;-19,95959639;-44,08663922;SPRF-MG;DEL01-MG;UOP03-DEL01-MG
663552;25/02/2025;terça-feira;07:15:00;DF;70;0;BRASILIA;Trafegar com motocicleta (ou similar) entre as faixas;Queda de ocupante de veículo;Com Vítimas Feridas;Pleno dia;Crescente;Céu Claro;Dupla;"Reta;Aclive";Não;2;0;1;0;0;1;1;2;-15,78405388;-48,23241234;SPRF-DF;DEL03-DF;UOP02-DEL03-DF
663553;25/02/2025;terça-feira;07:30:00;PE;101;69,5;RECIFE;Acessar a via sem observar a presença dos outros veículos;Colisão transversal;Com Vítimas Feridas;Pleno dia;Crescente;Céu Claro;Dupla;Reta;Sim;2;0;1;0;1;0;1;2;-8,06367;-34,94461;SPRF-PE;DEL01-PE;UOP01-DEL01-PE
663554;25/02/2025;terça-feira;07:15:00;SP;101;38,9;UBATUBA;Conversão proibida;Colisão lateral mesmo sentido;Com Vítimas Feridas;Pleno dia;Crescente;Céu Claro;Simples;Declive;Não;2;0;0;1;1;0;1;2;-23,43625755;-45,08752584;SPRF-SP;DEL06-SP;UOP01-DEL06-SP
663555;24/02/2025;segunda-feira;23:18:00;BA;110;115;ANTAS;Manobra de mudança de faixa;Saída de leito carroçável;Com Vítimas Feridas;Plena Noite;Decrescente;Céu Claro;Simples;Reta;Não;2;0;2;0;0;0;2;1;-10,42839086;-38,3731842;SPRF-BA;DEL07-BA;UOP02-DEL07-BA
663556;25/02/2025;terça-feira;06:40:00;SC;470;65,2;INDAIAL;Ingestão de álcool pelo condutor;Colisão traseira;Sem Vítimas;Amanhecer;Decrescente;Céu Claro;Simples;"Em Obras;Reta";Não;2;0;0;0;2;0;0;2;-26,87044711;-49,2120402;SPRF-SC;DEL04-SC;UOP01-DEL04-SC
663557;25/02/2025;terça-feira;07:30:00;SC;101;200,4;SAO JOSE;Reação tardia ou ineficiente do condutor;Colisão traseira;Com Vítimas Feridas;Pleno dia;Crescente;Céu Claro;Dupla;Reta;Sim;2;0;0;1;1;0;1;2;-27,54358;-48,62088;SPRF-SC;DEL01-SC;UOP01-DEL01-SC
663560;25/02/2025;terça-feira;07:45:00;SP;116;215;GUARULHOS;Trafegar com motocicleta (ou similar) entre as faixas;Colisão traseira;Com Vítimas Feridas;Pleno dia;Crescente;Sol;Múltipla;Reta;Sim;3;0;1;1;1;0;2;2;-23,45087601;-46,4645;SPRF-SP;DEL01-SP;UOP01-DEL01-SP
663562;21/02/2025;sexta-feira;02:00:00;GO;153;97;ANAPOLIS;Ingestão de álcool pelo condutor;Colisão traseira;Sem Vítimas;Plena Noite;Decrescente;Céu Claro;Dupla;Reta;Sim;2;0;0;0;2;0;0;2;-16,36450326;-48,9355123;SPRF-GO;DEL07-GO;UOP01-DEL07-GO
663563;25/02/2025;terça-feira;07:50:00;PR;277;79;CURITIBA;Trafegar com motocicleta (ou similar) entre as faixas;Colisão lateral mesmo sentido;Com Vítimas Feridas;Pleno dia;Crescente;Céu Claro;Dupla;Reta;Sim;2;0;1;0;1;0;1;2;-25,47678769;-49,2064333;SPRF-PR;DEL01-PR;UOP07-DEL01-PR
663564;25/02/2025;terça-feira;08:10:00;ES;101;219;IBIRACU;Condutor deixou de manter distância do veículo da frente;Colisão lateral mesmo sentido;Com Vítimas Feridas;Pleno dia;Decrescente;Nublado;Dupla;Curva;Não;2;0;1;0;1;0;1;2;-19,8646009;-40,3833662;SPRF-ES;DEL02-ES;UOP01-DEL02-ES
663565;05/02/2025;quarta-feira;13:30:00;PR;277;114;CAMPO LARGO;Reação tardia ou ineficiente do condutor;Colisão traseira;Com Vítimas Feridas;Pleno dia;Crescente;Garoa/Chuvisco;Dupla;Curva;Não;2;0;0;1;0;1;1;2;-25,4338;-49,43751;SPRF-PR;DEL03-PR;UOP03-DEL03-PR
663566;25/02/2025;terça-feira;08:05:00;PR;376;169,2;MARINGA;Reação tardia ou ineficiente do condutor;Engavetamento;Com Vítimas Feridas;Pleno dia;Decrescente;Céu Claro;Dupla;"Aclive;Reta";Não;5;0;2;0;3;0;2;3;-23,401943;-51,997973;SPRF-PR;DEL09-PR;UOP01-DEL09-PR
663567;12/02/2025;quarta-feira;07:05:00;RS;386;414;MONTENEGRO;Chuva;Colisão frontal;Com Vítimas Feridas;Pleno dia;Decrescente;Chuva;Simples;Reta;Não;10;0;2;6;2;0;8;2;-29,816236;-51,483341;SPRF-RS;DEL04-RS;UOP02-DEL04-RS
663568;25/02/2025;terça-feira;06:00:00;RS;472;471,2;ITAQUI;Condutor deixou de manter distância do veículo da frente;Colisão traseira;Com Vítimas Feridas;Amanhecer;Decrescente;Céu Claro;Simples;Reta;Não;2;0;2;0;0;0;2;2;-29,16595271;-56,42990112;SPRF-RS;DEL12-RS;UOP01-DEL12-RS
663570;25/02/2025;terça-feira;07:30:00;MA;135;4;SAO LUIS;Reação tardia ou ineficiente do condutor;Engavetamento;Sem Vítimas;Pleno dia;Crescente;Nublado;Dupla;Reta;Sim;4;0;0;0;4;0;0;4;-2,615512;-44,253662;SPRF-MA;DEL01-MA;UOP01-DEL01-MA
663573;25/02/2025;terça-feira;08:45:00;BA;324;542,7;AMELIA RODRIGUES;Reação tardia ou ineficiente do condutor;Engavetamento;Com Vítimas Feridas;Pleno dia;Decrescente;Garoa/Chuvisco;Dupla;Reta;Não;5;0;1;0;4;0;1;4;-12,39578;-38,77134;SPRF-BA;DEL01-BA;UOP03-DEL01-BA
663575;25/02/2025;terça-feira;07:15:00;PR;116;126;FAZENDA RIO GRANDE;Manobra de mudança de faixa;Colisão lateral mesmo sentido;Com Vítimas Feridas;Pleno dia;Decrescente;Céu Claro;Dupla;Interseção de Vias;Não;2;0;1;0;1;0;1;2;-25,6408685;-49,3132526;SPRF-PR;DEL01-PR;UOP03-DEL01-PR
663576;25/02/2025;terça-feira;06:50:00;MG;116;412;GOVERNADOR VALADARES;Ausência de reação do condutor;Engavetamento;Com Vítimas Feridas;Pleno dia;Crescente;Céu Claro;Dupla;Aclive;Não;4;0;1;0;3;0;1;3;-18,873541;-41,966859;SPRF-MG;DEL06-MG;UOP01-DEL06-MG
663577;25/02/2025;terça-feira;08:05:00;PR;116;17;COLOMBO;Reação tardia ou ineficiente do condutor;Engavetamento;Com Vítimas Feridas;Pleno dia;Crescente;Sol;Dupla;"Aclive;Reta";Sim;5;0;1;0;3;1;1;5;-25,38822;-49,18252;SPRF-PR;DEL01-PR;UOP02-DEL01-PR
663578;16/01/2025;quinta-feira;02:30:00;GO;153;139;MARA ROSA;Chuva;Colisão traseira;Com Vítimas Fatais;Plena Noite;Crescente;Chuva;Simples;Reta;Não;59;1;27;1;30;0;28;2;-13,985113;-49,090572;SPRF-GO;DEL07-GO;UOP01-DEL07-GO