id;data_inversa;dia_semana;horario;uf;br;km;municipio;causa_acidente;tipo_acidente;classificacao_acidente;fase_dia;sentido_via;condicao_metereologica;tipo_pista;tracado_via;uso_solo;pessoas;mortos;feridos_leves;feridos_graves;ilesos;ignorados;feridos;veiculos;latitude;longitude;regional;delegacia;uop
664129;27/02/2025;quinta-feira;22:50:00;PI;135;502;MONTE ALEGRE DO PIAUI;Transitar na contramão;Colisão frontal;Com Vítimas Fatais;Plena Noite;Crescente;Céu Claro;Simples;Reta;Não;3;1;0;0;2;0;0;2;-9,745863;-45,291208;SPRF-PI;DEL03-PI;UOP02-DEL03-PI
664130;28/02/2025;sexta-feira;02:05:00;TO;153;414,7;MIRANORTE;Reação tardia ou ineficiente do condutor;Colisão com objeto;Com Vítimas Feridas;Plena Noite;Crescente;Ignorado;Dupla;Curva;Sim;1;0;0;1;0;0;1;1;-9,535832;-48,594057;SPRF-TO;DEL01-TO;UOP01-DEL01-TO
664131;27/02/2025;quinta-feira;20:00:00;RO;364;713;PORTO VELHO;Reação tardia ou ineficiente do condutor;Queda de ocupante de veículo;Com Vítimas Feridas;Plena Noite;Crescente;Céu Claro;Dupla;Reta;Sim;2;0;1;0;1;0;1;2;-8,7716062;-63,88352931;SPRF-RO;DEL01-RO;UOP01-DEL01-RO
664132;27/02/2025;quinta-feira;23:15:00;PR;277;679;MEDIANEIRA;Ausência de reação do condutor;Saída de leito carroçável;Com Vítimas Feridas;Plena Noite;Crescente;Ignorado;Dupla;Reta;Não;2;0;0;2;0;0;2;1;-25,3204897;-54,1615831;SPRF-PR;DEL05-PR;UOP01-DEL05-PR
664134;28/02/2025;sexta-feira;03:20:00;PB;230;87;GURINHEM;Ausência de reação do condutor;Tombamento;Sem Vítimas;Plena Noite;Decrescente;Chuva;Dupla;Reta;Não;1;0;0;0;0;1;0;1;-7,17114068;-35,38394272;SPRF-PB;DEL01-PB;UOP02-DEL01-PB
664135;28/02/2025;sexta-feira;04:35:00;RS;290;156;RIO PARDO;Ausência de reação do condutor;Colisão transversal;Sem Vítimas;Plena Noite;Crescente;Céu Claro;Dupla;"Retorno Regulamentado;Rotatória;Interseção de Vias";Sim;2;0;0;0;2;0;0;2;-29,98669925;-52,36869764;SPRF-RS;DEL02-RS;UOP01-DEL02-RS
664137;27/02/2025;quinta-feira;22:00:00;BA;324;571;SAO SEBASTIAO DO PASSE;Reação tardia ou ineficiente do condutor;Capotamento;Com Vítimas Feridas;Plena Noite;Decrescente;Chuva;Dupla;Reta;Não;4;0;2;0;2;0;2;1;-12,5608026;-38,5610996;SPRF-BA;DEL01-BA;UOP01-DEL01-BA
664138;27/02/2025;quinta-feira;12:30:00;BA;101;448;AURELINO LEAL;Ultrapassagem Indevida;Saída de leito carroçável;Sem Vítimas;Pleno dia;Crescente;Chuva;Simples;"Declive;Curva";Não;2;0;0;0;1;1;0;2;-14,33658427;-39,31566239;SPRF-BA;DEL05-BA;UOP01-DEL05-BA
664139;28/02/2025;sexta-feira;05:19:00;SC;282;206;SAO JOSE;Ingestão de álcool pelo condutor;Colisão com objeto;Sem Vítimas;Amanhecer;Decrescente;Céu Claro;Múltipla;Reta;Não;1;0;0;0;0;1;0;1;-27,58923034;-48,61719489;SPRF-SC;DEL05-SC;UOP01-DEL05-SC
664141;28/02/2025;sexta-feira;05:40:00;SP;116;281;EMBU DAS ARTES;Trafegar com motocicleta (ou similar) entre as faixas;Colisão traseira;Com Vítimas Feridas;Amanhecer;Decrescente;Céu Claro;Dupla;Reta;Sim;2;0;1;0;1;0;1;2;-23,67061435;-46,85601036;SPRF-SP;DEL04-SP;UOP01-DEL04-SP
664143;28/02/2025;sexta-feira;05:45:00;SC;101;374;ICARA;Ingestão de álcool pelo condutor;Saída de leito carroçável;Sem Vítimas;Amanhecer;Decrescente;Céu Claro;Dupla;Reta;Não;1;0;0;0;1;0;0;1;-28,74733188;-49,2611289;SPRF-SC;DEL02-SC;UOP01-DEL02-SC
664146;28/02/2025;sexta-feira;06:30:00;CE;116;17;EUSEBIO;Ausência de reação do condutor;Colisão traseira;Sem Vítimas;Pleno dia;Decrescente;Chuva;Dupla;Reta;Não;2;0;0;0;2;0;0;2;-3,901425;-38,504112;SPRF-CE;DEL01-CE;UOP02-DEL01-CE
664148;28/02/2025;sexta-feira;06:50:00;DF;70;6;BRASILIA;Trafegar com motocicleta (ou similar) entre as faixas;Queda de ocupante de veículo;Com Vítimas Feridas;Pleno dia;Decrescente;Céu Claro;Dupla;Reta;Sim;1;0;1;0;0;0;1;1;-15,7952609;-48,1991689;SPRF-DF;DEL03-DF;UOP02-DEL03-DF
664149;28/02/2025;sexta-feira;06:50:00;PR;116;17;COLOMBO;Reação tardia ou ineficiente do condutor;Queda de ocupante de veículo;Com Vítimas Feridas;Amanhecer;Decrescente;Céu Claro;Dupla;Reta;Sim;2;0;2;0;0;0;2;1;-25,38900285;-49,18750226;SPRF-PR;DEL01-PR;UOP02-DEL01-PR
664152;28/02/2025;sexta-feira;07:00:00;ES;101;445;MIMOSO DO SUL;Acessar a via sem observar a presença dos outros veículos;Colisão transversal;Com Vítimas Feridas;Pleno dia;Crescente;Céu Claro;Simples;Reta;Não;2;0;1;1;0;0;2;2;-21,115537;-41,266551;SPRF-ES;DEL03-ES;UOP02-DEL03-ES
664154;28/02/2025;sexta-feira;07:30:00;RJ;116;82;TERESOPOLIS;Acessar a via sem observar a presença dos outros veículos;Colisão transversal;Com Vítimas Feridas;Pleno dia;Crescente;Céu Claro;Simples;Retorno Regulamentado;Sim;2;0;1;0;1;0;1;2;-22,399012;-42,955102;SPRF-RJ;DEL04-RJ;UOP01-DEL04-RJ
664156;28/02/2025;sexta-feira;07:50:00;DF;40;4,2;BRASILIA;Trafegar com motocicleta (ou similar) entre as faixas;Colisão lateral mesmo sentido;Com Vítimas Feridas;Pleno dia;Decrescente;Céu Claro;Dupla;"Reta;Declive";Sim;3;0;0;1;2;0;1;2;-16,012673;-47,98237;SPRF-DF;DEL01-DF;UOP01-DEL01-DF
664158;28/02/2025;sexta-feira;07:26:00;DF;20;4;BRASILIA;Trafegar com motocicleta (ou similar) entre as faixas;Colisão lateral mesmo sentido;Com Vítimas Feridas;Pleno dia;Decrescente;Céu Claro;Múltipla;"Aclive;Reta";Sim;3;0;1;0;2;0;1;3;-15,6742588;-47,8229147;SPRF-DF;DEL02-DF;UOP01-DEL02-DF
664159;28/02/2025;sexta-feira;07:30:00;RJ;116;181;NOVA IGUACU;Ausência de reação do condutor;Tombamento;Com Vítimas Feridas;Pleno dia;Decrescente;Sol;Múltipla;Reta;Não;1;0;1;0;0;0;1;1;-22,7625673;-43,4214164;SPRF-RJ;DEL06-RJ;UOP01-DEL06-RJ
664160;28/02/2025;sexta-feira;07:23:00;RN;101;101;PARNAMIRIM;Avarias e/ou desgaste excessivo no pneu;Tombamento;Com Vítimas Feridas;Pleno dia;Decrescente;Céu Claro;Dupla;Reta;Sim;1;0;1;0;0;0;1;1;-5,887317;-35,233346;SPRF-RN;DEL01-RN;UOP01-DEL01-RN
664161;28/02/2025;sexta-feira;06:49:00;PE;101;56;RECIFE;Ausência de reação do condutor;Saída de leito carroçável;Com Vítimas Fatais;Pleno dia;Crescente;Céu Claro;Múltipla;Reta;Sim;1;1;0;0;0;0;0;1;-7,96221;-34,913332;SPRF-PE;DEL01-PE;UOP02-DEL01-PE
664162;28/02/2025;sexta-feira;08:00:00;SC;101;199;SAO JOSE;Acessar a via sem observar a presença dos outros veículos;Colisão transversal;Com Vítimas Feridas;Pleno dia;Crescente;Céu Claro;Múltipla;Reta;Não;3;0;1;1;1;0;2;2;-27,53345617;-48,63103509;SPRF-SC;DEL01-SC;UOP01-DEL01-SC
664163;28/02/2025;sexta-feira;07:44:00;SC;470;167,9;POUSO REDONDO;Velocidade Incompatível;Tombamento;Com Vítimas Feridas;Pleno dia;Decrescente;Céu Claro;Simples;Reta;Não;1;0;1;0;0;0;1;1;-27,252385;-49,95424;SPRF-SC;DEL04-SC;UOP02-DEL04-SC
664165;28/02/2025;sexta-feira;07:40:00;TO;10;465;PALMAS;Avarias e/ou desgaste excessivo no pneu;Tombamento;Com Vítimas Feridas;Pleno dia;Decrescente;Céu Claro;Dupla;Reta;Sim;2;0;2;0;0;0;2;1;-10,23647;-48,303543;SPRF-TO;DEL01-TO;UOP03-DEL01-TO
664166;28/02/2025;sexta-feira;08:50:00;MG;381;488;BETIM;Trafegar com motocicleta (ou similar) entre as faixas;Colisão traseira;Com Vítimas Feridas;Pleno dia;Decrescente;Céu Claro;Dupla;Reta;Sim;2;0;0;1;1;0;1;2;-19,95694663;-44,1257447;SPRF-MG;DEL01-MG;UOP03-DEL01-MG
664168;28/02/2025;sexta-feira;07:30:00;SP;381;89;ATIBAIA;Ausência de reação do condutor;Colisão traseira;Com Vítimas Feridas;Pleno dia;Crescente;Céu Claro;Simples;Reta;Sim;2;0;1;0;1;0;1;2;-23,1907397;-46,5849561;SPRF-SP;DEL03-SP;UOP01-DEL03-SP
664170;28/02/2025;sexta-feira;07:40:00;PR;476;146;CURITIBA;Trafegar com motocicleta (ou similar) entre as faixas;Colisão traseira;Com Vítimas Feridas;Pleno dia;Decrescente;Céu Claro;Dupla;Reta;Sim;2;0;0;1;1;0;1;2;-25,55146752;-49,33082879;SPRF-PR;DEL01-PR;UOP06-DEL01-PR
664173;27/02/2025;quinta-feira;14:17:00;PE;232;4,6;RECIFE;Condutor deixou de manter distância do veículo da frente;Colisão traseira;Com Vítimas Feridas;Pleno dia;Crescente;Nublado;Dupla;Reta;Sim;2;0;0;1;1;0;1;2;-8,0661;-34,94057;SPRF-PE;DEL01-PE;UOP01-DEL01-PE
664174;28/02/2025;sexta-feira;08:00:00;PR;277;83,5;CURITIBA;Manobra de mudança de faixa;Colisão traseira;Com Vítimas Feridas;Pleno dia;Crescente;Céu Claro;Dupla;"Reta;Viaduto";Sim;2;0;1;0;1;0;1;2;-25,446084;-49,23158;SPRF-PR;DEL01-PR;UOP03-DEL01-PR
664175;28/02/2025;sexta-feira;06:00:00;MS;262;296,7;CAMPO GRANDE;Entrada inopinada do pedestre;Atropelamento de Pedestre;Com Vítimas Fatais;Amanhecer;Decrescente;Céu Claro;Simples;Reta;Não;2;1;0;0;0;1;0;2;-20,5;-54,26;SPRF-MS;DEL01-MS;UOP05-DEL01-MS
664176;28/02/2025;sexta-feira;07:30:00;PR;116;79;PIRAQUARA;Reação tardia ou ineficiente do condutor;Saída de leito carroçável;Com Vítimas Feridas;Pleno dia;Crescente;Céu Claro;Dupla;Reta;Não;1;0;0;1;0;0;1;1;-25,46063472;-49,08554077;SPRF-PR;DEL01-PR;UOP02-DEL01-PR
664178;28/02/2025;sexta-feira;08:40:00;SC;101;143;ITAPEMA;Ausência de reação do condutor;Colisão traseira;Com Vítimas Feridas;Pleno dia;Crescente;Céu Claro;Dupla;Reta;Não;4;0;1;0;3;0;1;2;-27,076714;-48,597706;SPRF-SC;DEL04-SC;UOP03-DEL04-SC
664179;28/02/2025;sexta-feira;09:30:00;RJ;116;182;NOVA IGUACU;Ausência de reação do condutor;Colisão lateral mesmo sentido;Com Vítimas Feridas;Pleno dia;Crescente;Céu Claro;Dupla;Reta;Sim;2;0;1;0;1;0;1;2;-22,7552512;-43,4336219;SPRF-RJ;DEL06-RJ;UOP01-DEL06-RJ
664180;28/02/2025;sexta-feira;09:10:00;PR;153;17,9;JACAREZINHO;Manobra de mudança de faixa;Colisão lateral mesmo sentido;Com Vítimas Feridas;Pleno dia;Crescente;Céu Claro;Simples;"Declive;Reta";Não;5;0;2;0;3;0;2;2;-23,14577;-49,951;SPRF-PR;DEL07-PR;UOP04-DEL07-PR
664181;28/02/2025;sexta-feira;09:30:00;ES;101;2;SERRA;Chuva;Saída de leito carroçável;Sem Vítimas;Pleno dia;Crescente;Garoa/Chuvisco;Dupla;Reta;Não;2;0;0;0;2;0;0;1;-20,0488573;-40,3866917;SPRF-ES;DEL04-ES;UOP02-DEL04-ES
664182;28/02/2025;sexta-feira;08:10:00;RJ;40;120;DUQUE DE CAXIAS;Reação tardia ou ineficiente do condutor;Colisão traseira;Com Vítimas Feridas;Pleno dia;Decrescente;Céu Claro;Simples;"Aclive;Viaduto";Sim;4;0;1;0;2;1;1;2;-22,78203388;-43,28533827;SPRF-RJ;DEL01-RJ;UOP02-DEL01-RJ
664183;28/02/2025;sexta-feira;10:00:00;PB;230;12,9;CABEDELO;Reação tardia ou ineficiente do condutor;Tombamento;Com Vítimas Feridas;Pleno dia;Decrescente;Céu Claro;Dupla;Reta;Sim;2;0;2;0;0;0;2;1;-7,08252;-34,84887;SPRF-PB;DEL01-PB;UOP01-DEL01-PB
664188;18/02/2025;terça-feira;22:47:00;BA;110;62;JEREMOABO;Demais falhas mecânicas ou elétricas;Incêndio;Sem Vítimas;Plena Noite;Decrescente;Céu Claro;Simples;"Aclive;Reta";Não;1;0;0;0;1;0;0;1;-9,953586;-38,302682;SPRF-BA;DEL07-BA;UOP01-DEL07-BA
664189;28/02/2025;sexta-feira;10:00:00;MG;40;681,7;RESSAQUINHA;Transitar na contramão;Colisão frontal;Com Vítimas Feridas;Pleno dia;Decrescente;Sol;Simples;Reta;Não;3;0;0;1;2;0;1;2;-21,062064;-43,762112;SPRF-MG;DEL05-MG;UOP02-DEL05-MG
664190;28/02/2025;sexta-feira;10:45:00;PE;104;47,3;CARUARU;Avarias e/ou desgaste excessivo no pneu;Tombamento;Com Vítimas Feridas;Pleno dia;Crescente;Céu Claro;Dupla;"Reta;Declive";Não;1;0;0;1;0;0;1;1;-8,11648817;-35,9491539;SPRF-PE;DEL02-PE;UOP01-DEL02-PE
664192;09/02/2025;domingo;01:05:00;RJ;101;52;CAMPOS DOS GOYTACAZES;Ausência de reação do condutor;Engavetamento;Com Vítimas Feridas;Plena Noite;Decrescente;Céu Claro;Simples;Reta;Não;4;0;1;0;3;0;1;3;-21,65160802;-41,31128624;SPRF-RJ;DEL08-RJ;UOP01-DEL08-RJ
664193;28/02/2025;sexta-feira;10:50:00;PI;343;15,2;PARNAIBA;Demais falhas mecânicas ou elétricas;Tombamento;Com Vítimas Feridas;Pleno dia;Decrescente;Nublado;Simples;Reta;Sim;2;0;2;0;0;0;2;1;-2,9186835;-41,7543261;SPRF-PI;DEL05-PI;UOP01-DEL05-PI
664195;28/02/2025;sexta-feira;07:30:00;MA;135;49;BACABEIRA;Reação tardia ou ineficiente do condutor;Colisão lateral mesmo sentido;Com Vítimas Feridas;Pleno dia;Decrescente;Céu Claro;Dupla;Reta;Não;3;0;1;0;2;0;1;3;-2,95333;-44,32467;SPRF-MA;DEL01-MA;UOP01-DEL01-MA
664197;28/02/2025;sexta-feira;11:30:00;RS;116;268;CANOAS;Ausência de reação do condutor;Colisão lateral mesmo sentido;Com Vítimas Feridas;Pleno dia;Crescente;Céu Claro;Múltipla;Reta;Sim;2;0;1;0;1;0;1;2;-29,95612439;-51,17706299;SPRF-RS;DEL01-RS;UOP01-DEL01-RS
664198;28/02/2025;sexta-feira;11:30:00;SC;282;20,4;PALHOCA;Manobra de mudança de faixa;Colisão lateral mesmo sentido;Com Vítimas Feridas;Pleno dia;Crescente;Céu Claro;Simples;"Declive;Reta;Retorno Regulamentado";Sim;2;0;1;0;1;0;1;2;-27,68663387;-48,71321797;SPRF-SC;DEL01-SC;UOP02-DEL01-SC
664200;11/02/2025;terça-feira;16:40:00;MG;40;481;SETE LAGOAS;Reação tardia ou ineficiente do condutor;Saída de leito carroçável;Com Vítimas Feridas;Pleno dia;Crescente;Céu Claro;Dupla;Reta;Não;1;0;1;0;0;0;1;1;-19,5511262;-44,24459038;SPRF-MG;DEL02-MG;UOP01-DEL02-MG
664201;28/02/2025;sexta-feira;11:50:00;RJ;101;74;CAMPOS DOS GOYTACAZES;Mal súbito do condutor;Colisão lateral mesmo sentido;Com Vítimas Feridas;Pleno dia;Crescente;Céu Claro;Simples;Reta;Sim;2;0;0;1;0;1;1;2;-21,815468;-41,397042;SPRF-RJ;DEL08-RJ;UOP02-DEL08-RJ
664203;28/02/2025;sexta-feira;12:15:00;PI;343;264;CAMPO MAIOR;Acessar a via sem observar a presença dos outros veículos;Colisão transversal;Com Vítimas Feridas;Pleno dia;Crescente;Céu Claro;Simples;Reta;Sim;2;0;1;0;1;0;1;2;-4,83014355;-42,16380358;SPRF-PI;DEL01-PI;UOP03-DEL01-PI
664204;28/02/2025;sexta-feira;10:30:00;RJ;101;387;ITAGUAI;Condutor Dormindo;Colisão traseira;Com Vítimas Feridas;Pleno dia;Crescente;Céu Claro;Múltipla;Reta;Sim;2;0;1;0;1;0;1;2;-22,8589277;-43,7591199;SPRF-RJ;DEL03-RJ;UOP01-DEL03-RJ
664206;28/02/2025;sexta-feira;10:20:00;PE;232;126;CARUARU;Condutor Dormindo;Capotamento;Com Vítimas Feridas;Pleno dia;Decrescente;Céu Claro;Dupla;"Curva;Aclive";Não;1;0;1;0;0;0;1;1;-8,303977;-35,927016;SPRF-PE;DEL02-PE;UOP01-DEL02-PE
664209;28/02/2025;sexta-feira;11:15:00;MG;356;265,7;MURIAE;Condutor deixou de manter distância do veículo da frente;Colisão traseira;Com Vítimas Feridas;Pleno dia;Crescente;Céu Claro;Simples;Reta;Sim;2;0;1;0;1;0;1;2;-21,13062153;-42,35229492;SPRF-MG;DEL07-MG;UOP02-DEL07-MG
664210;28/02/2025;sexta-feira;12:35:00;SC;282;5,1;SAO JOSE;Trafegar com motocicleta (ou similar) entre as faixas;Colisão lateral mesmo sentido;Com Vítimas Feridas;Pleno dia;Decrescente;Céu Claro;Múltipla;"Reta;Declive";Sim;2;0;1;0;1;0;1;2;-27,58821377;-48,61338615;SPRF-SC;DEL01-SC;UOP01-DEL01-SC
664213;28/02/2025;sexta-feira;09:25:00;SC;101;285;IMBITUBA;Manobra de mudança de faixa;Colisão lateral mesmo sentido;Sem Vítimas;Pleno dia;Crescente;Céu Claro;Dupla;Reta;Não;3;0;0;0;3;0;0;2;-28,241101;-48,700177;SPRF-SC;DEL02-SC;UOP03-DEL02-SC
664214;28/02/2025;sexta-feira;10:45:00;SP;116;143;SAO JOSE DOS CAMPOS;Reação tardia ou ineficiente do condutor;Tombamento;Com Vítimas Feridas;Pleno dia;Crescente;Céu Claro;Dupla;Reta;Sim;1;0;0;1;0;0;1;1;-23,2423424;-45,924352;SPRF-SP;DEL02-SP;UOP01-DEL02-SP
664217;28/02/2025;sexta-feira;13:00:00;MG;262;128;RIO CASCA;Velocidade Incompatível;Saída de leito carroçável;Com Vítimas Feridas;Pleno dia;Crescente;Céu Claro;Simples;Curva;Não;1;0;1;0;0;0;1;1;-20,17522002;-42,69668627;SPRF-MG;DEL03-MG;UOP03-DEL03-MG
664218;28/02/2025;sexta-feira;13:15:00;MG;116;550;SANTA BARBARA DO LESTE;Acessar a via sem observar a presença dos outros veículos;Colisão transversal;Com Vítimas Feridas;Pleno dia;Decrescente;Céu Claro;Simples;Reta;Sim;2;0;2;0;0;0;2;2;-19,97617752;-42,13855935;SPRF-MG;DEL06-MG;UOP02-DEL06-MG
664219;28/02/2025;sexta-feira;13:00:00;SP;116;227;GUARULHOS;Demais falhas mecânicas ou elétricas;Incêndio;Sem Vítimas;Pleno dia;Decrescente;Céu Claro;Múltipla;"Reta;Em Obras";Sim;1;0;0;0;1;0;0;1;-23,499645;-46,558833;SPRF-SP;DEL01-SP;UOP01-DEL01-SP
664220;28/02/2025;sexta-feira;13:00:00;SP;101;47;UBATUBA;Acessar a via sem observar a presença dos outros veículos;Colisão lateral mesmo sentido;Com Vítimas Feridas;Pleno dia;Crescente;Céu Claro;Simples;Reta;Sim;3;0;1;0;2;0;1;2;-23,4259882;-45,0779644;SPRF-SP;DEL06-SP;UOP01-DEL06-SP
664223;28/02/2025;sexta-feira;14:00:00;RS;290;251,9;CACHOEIRA DO SUL;Acessar a via sem observar a presença dos outros veículos;Colisão transversal;Com Vítimas Feridas;Pleno dia;Crescente;Céu Claro;Simples;Declive;Não;4;0;3;0;1;0;3;2;-30,23962755;-52,7290535;SPRF-RS;DEL02-RS;UOP03-DEL02-RS
664225;28/02/2025;sexta-feira;13:00:00;RJ;116;85;TERESOPOLIS;Condutor deixou de manter distância do veículo da frente;Colisão traseira;Com Vítimas Feridas;Pleno dia;Crescente;Céu Claro;Simples;Reta;Não;1;0;1;0;0;0;1;1;-22,45224004;-42,95346782;SPRF-RJ;DEL04-RJ;UOP01-DEL04-RJ
664228;28/02/2025;sexta-feira;13:40:00;RJ;101;49;CAMPOS DOS GOYTACAZES;Ultrapassagem Indevida;Colisão frontal;Com Vítimas Feridas;Pleno dia;Crescente;Céu Claro;Simples;Reta;Sim;2;0;1;0;0;1;1;2;-21,6284072;-41,3137325;SPRF-RJ;DEL08-RJ;UOP01-DEL08-RJ
664229;21/02/2025;sexta-feira;17:20:00;MS;262;370,9;TERENOS;Condutor Dormindo;Saída de leito carroçável;Com Vítimas Feridas;Pleno dia;Decrescente;Nublado;Simples;Reta;Não;2;0;1;0;1;0;1;1;-20,482857;-54,787006;SPRF-MS;DEL01-MS;UOP03-DEL01-MS
664231;28/02/2025;sexta-feira;13:35:00;PR;476;145;CURITIBA;Condutor deixou de manter distância do veículo da frente;Colisão traseira;Com Vítimas Feridas;Pleno dia;Decrescente;Sol;Dupla;Reta;Sim;2;0;1;0;1;0;1;2;-25,54892375;-49,32416618;SPRF-PR;DEL01-PR;UOP06-DEL01-PR
664232;28/02/2025;sexta-feira;13:20:00;MT;70;526;VARZEA GRANDE;Acessar a via sem observar a presença dos outros veículos;Colisão transversal;Com Vítimas Feridas;Pleno dia;Crescente;Chuva;Simples;Interseção de Vias;Não;3;0;1;0;2;0;1;2;-15,6531347;-56,2004797;SPRF-MT;DEL01-MT;UOP02-DEL01-MT
664234;28/02/2025;sexta-feira;14:20:00;ES;101;98;JAGUARE;Demais falhas mecânicas ou elétricas;Incêndio;Sem Vítimas;Pleno dia;Decrescente;Céu Claro;Simples;Reta;Não;2;0;0;0;2;0;0;1;-18,96084406;-39,98508453;SPRF-ES;DEL04-ES;UOP02-DEL04-ES
664236;28/02/2025;sexta-feira;14:35:00;PR;369;194,3;ARAPONGAS;Acessar a via sem observar a presença dos outros veículos;Colisão transversal;Com Vítimas Feridas;Pleno dia;Crescente;Céu Claro;Dupla;"Reta;Retorno Regulamentado";Não;3;0;1;0;2;0;1;2;-23,49095773;-51,42348289;SPRF-PR;DEL07-PR;UOP03-DEL07-PR
664237;28/02/2025;sexta-feira;13:53:00;PB;101;122,9;PEDRAS DE FOGO;Reação tardia ou ineficiente do condutor;Colisão traseira;Com Vítimas Feridas;Pleno dia;Crescente;Chuva;Dupla;"Curva;Declive";Não;4;0;3;0;1;0;3;2;-7,49455803;-34,98390198;SPRF-PB;DEL01-PB;UOP01-DEL01-PB
664238;28/02/2025;sexta-feira;10:50:00;RS;386;408;TRIUNFO;Condutor deixou de manter distância do veículo da frente;Colisão traseira;Sem Vítimas;Pleno dia;Crescente;Céu Claro;Simples;Reta;Não;1;0;0;0;1;0;0;1;-29,80652573;-51,50842845;SPRF-RS;DEL04-RS;UOP02-DEL04-RS
664240;28/02/2025;sexta-feira;14:00:00;PR;376;488;PONTA GROSSA;Acessar a via sem observar a presença dos outros veículos;Colisão lateral mesmo sentido;Com Vítimas Feridas;Pleno dia;Crescente;Céu Claro;Dupla;Declive;Sim;2;0;1;0;1;0;1;2;-25,08556378;-50,19201014;SPRF-PR;DEL03-PR;UOP04-DEL03-PR
664241;28/02/2025;sexta-feira;14:50:00;AL;316;268;SATUBA;Acessar a via sem observar a presença dos outros veículos;Colisão transversal;Sem Vítimas;Pleno dia;Decrescente;Céu Claro;Simples;Curva;Não;2;0;0;0;2;0;0;2;-9,579802;-35,835937;SPRF-AL;DEL02-AL;UOP01-DEL02-AL
664243;28/02/2025;sexta-feira;14:50:00;ES;101;269;SERRA;Trafegar com motocicleta (ou similar) entre as faixas;Colisão lateral mesmo sentido;Com Vítimas Feridas;Pleno dia;Decrescente;Céu Claro;Dupla;Reta;Sim;2;0;1;0;1;0;1;2;-20,0488766;-40,3867382;SPRF-ES;DEL02-ES;UOP01-DEL02-ES
664245;28/02/2025;sexta-feira;15:00:00;SP;381;26;BRAGANCA PAULISTA;Manobra de mudança de faixa;Colisão traseira;Com Vítimas Feridas;Pleno dia;Decrescente;Céu Claro;Dupla;Reta;Sim;2;0;1;0;1;0;1;2;-23,022012;-46,531216;SPRF-SP;DEL03-SP;UOP02-DEL03-SP
664246;28/02/2025;sexta-feira;12:50:00;RO;364;199;PIMENTA BUENO;Desrespeitar a preferência no cruzamento;Colisão transversal;Com Vítimas Feridas;Pleno dia;Decrescente;Sol;Simples;"Interseção de Vias;Reta";Sim;3;0;2;0;1;0;2;2;-11,655808;-61,192413;SPRF-RO;DEL02-RO;UOP02-DEL02-RO
664247;28/02/2025;sexta-feira;15:10:00;SC;101;215,5;PALHOCA;Ausência de reação do condutor;Colisão lateral mesmo sentido;Com Vítimas Feridas;Pleno dia;Crescente;Céu Claro;Dupla;Reta;Sim;3;0;2;0;1;0;2;2;-27,653957;-48,678052;SPRF-SC;DEL01-SC;UOP02-DEL01-SC
664248;28/02/2025;sexta-feira;15:00:00;RS;386;289,3;SAO JOSE DO HERVAL;Reação tardia ou ineficiente do condutor;Saída de leito carroçável;Com Vítimas Feridas;Pleno dia;Decrescente;Chuva;Dupla;Reta;Não;4;0;2;0;2;0;2;1;-29,09395;-52,251277;SPRF-RS;DEL04-RS;UOP03-DEL04-RS
664249;28/02/2025;sexta-feira;15:15:00;SC;101;207;SAO JOSE;Manobra de mudança de faixa;Colisão lateral mesmo sentido;Com Vítimas Feridas;Pleno dia;Decrescente;Céu Claro;Múltipla;Reta;Sim;3;0;1;1;0;1;2;2;-27,60213831;-48,6283797;SPRF-SC;DEL01-SC;UOP01-DEL01-SC
664250;28/02/2025;sexta-feira;15:20:00;RJ;116;70;RIO DE JANEIRO;Condutor deixou de manter distância do veículo da frente;Colisão traseira;Com Vítimas Feridas;Pleno dia;Crescente;Sol;Dupla;Reta;Sim;4;0;1;0;3;0;1;2;-22,8057574;-43,3422593;SPRF-RJ;DEL04-RJ;UOP01-DEL04-RJ
664251;28/02/2025;sexta-feira;14:00:00;MT;163;587;DIAMANTINO;Reação tardia ou ineficiente do condutor;Colisão traseira;Com Vítimas Feridas;Pleno dia;Decrescente;Garoa/Chuvisco;Dupla;Curva;Não;6;0;1;0;5;0;1;2;-14,31560694;-56,13500842;SPRF-MT;DEL01-MT;UOP01-DEL01-MT
664254;28/02/2025;sexta-feira;12:40:00;MG;356;280;EUGENOPOLIS;Pedestre andava na pista;Atropelamento de Pedestre;Com Vítimas Fatais;Pleno dia;Decrescente;Sol;Simples;Reta;Não;3;1;0;0;1;1;0;2;-21,12630279;-42,24862402;SPRF-MG;DEL07-MG;UOP02-DEL07-MG
664256;08/02/2025;sábado;21:50:00;MG;50;174,2;UBERABA;Condutor deixou de manter distância do veículo da frente;Colisão traseira;Com Vítimas Feridas;Plena Noite;Crescente;Nublado;Dupla;Reta;Sim;2;0;1;0;0;1;1;2;-19,34165402;-48,09547304;SPRF-MG;DEL13-MG;UOP01-DEL13-MG
664257;28/02/2025;sexta-feira;07:30:00;RJ;493;20;MAGE;Conversão proibida;Colisão frontal;Com Vítimas Feridas;Pleno dia;Decrescente;Sol;Simples;Reta;Não;3;0;1;1;1;0;2;2;-22,66360994;-43,04108988;SPRF-RJ;DEL04-RJ;UOP02-DEL04-RJ
664259;28/02/2025;sexta-feira;16:00:00;SP;153;50,8;SAO JOSE DO RIO PRETO;Conversão proibida;Colisão transversal;Sem Vítimas;Pleno dia;Decrescente;Céu Claro;Simples;Reta;Sim;2;0;0;0;2;0;0;2;-20,71627613;-49,3389076;SPRF-SP;DEL09-SP;UOP01-DEL09-SP