id;data_inversa;dia_semana;horario;uf;br;km;municipio;causa_acidente;tipo_acidente;classificacao_acidente;fase_dia;sentido_via;condicao_metereologica;tipo_pista;tracado_via;uso_solo;pessoas;mortos;feridos_leves;feridos_graves;ilesos;ignorados;feridos;veiculos;latitude;longitude;regional;delegacia;uop
664380;28/02/2025;sexta-feira;22:30:00;MG;116;399;GOVERNADOR VALADARES;Demais falhas mecânicas ou elétricas;Queda de ocupante de veículo;Com Vítimas Feridas;Plena Noite;Crescente;Céu Claro;Simples;Reta;Não;2;0;1;0;1;0;1;2;-18,71552031;-41,98768616;SPRF-MG;DEL06-MG;UOP01-DEL06-MG
664381;01/03/2025;sábado;00:40:00;MG;116;573,4;MANHUACU;Reação tardia ou ineficiente do condutor;Colisão traseira;Com Vítimas Fatais;Plena Noite;Decrescente;Céu Claro;Simples;"Reta;Aclive";Não;2;1;0;0;0;1;0;2;-20,20233047;-42,18403819;SPRF-MG;DEL06-MG;UOP03-DEL06-MG
664383;01/03/2025;sábado;00:30:00;GO;20;229,9;POSSE;Ingestão de álcool pelo condutor;Colisão transversal;Com Vítimas Feridas;Plena Noite;Decrescente;Céu Claro;Simples;Reta;Não;4;0;1;0;3;0;1;2;-14,113257;-46,30865;SPRF-DF;DEL02-DF;UOP03-DEL02-DF
664384;01/03/2025;sábado;00:32:00;MG;116;511,6;UBAPORANGA;Ingestão de álcool pelo condutor;Colisão frontal;Com Vítimas Fatais;Plena Noite;Crescente;Céu Claro;Simples;Curva;Não;4;1;0;0;1;2;0;3;-19,660397;-42,116757;SPRF-MG;DEL06-MG;UOP02-DEL06-MG
664386;01/03/2025;sábado;02:40:00;MG;153;33;CENTRALINA;Afundamento ou ondulação no pavimento;Queda de ocupante de veículo;Com Vítimas Feridas;Plena Noite;Crescente;Céu Claro;Dupla;Reta;Não;1;0;1;0;0;0;1;1;-18,73550178;-49,10345256;SPRF-MG;DEL15-MG;UOP03-DEL15-MG
664387;01/03/2025;sábado;01:50:00;MS;163;267;DOURADOS;Ingestão de álcool pelo condutor;Saída de leito carroçável;Sem Vítimas;Plena Noite;Decrescente;Céu Claro;Dupla;Rotatória;Sim;1;0;0;0;1;0;0;1;-22,21287449;-54,71571207;SPRF-MS;DEL04-MS;UOP01-DEL04-MS
664388;01/03/2025;sábado;02:30:00;GO;153;507;APARECIDA DE GOIANIA;Ingestão de álcool pelo condutor;Saída de leito carroçável;Sem Vítimas;Plena Noite;Decrescente;Ignorado;Dupla;Reta;Sim;1;0;0;0;1;0;0;1;-16,78531339;-49,23750401;SPRF-GO;DEL01-GO;UOP03-DEL01-GO
664389;01/03/2025;sábado;01:29:00;PR;277;73;SAO JOSE DOS PINHAIS;Velocidade Incompatível;Saída de leito carroçável;Com Vítimas Fatais;Plena Noite;Decrescente;Céu Claro;Dupla;Reta;Não;7;1;0;6;0;0;6;1;-25,500222;-49,153653;SPRF-PR;DEL01-PR;UOP07-DEL01-PR
664390;01/03/2025;sábado;03:20:00;PR;277;73,4;SAO JOSE DOS PINHAIS;Ingestão de álcool pelo condutor;Colisão traseira;Sem Vítimas;Plena Noite;Decrescente;Céu Claro;Dupla;Reta;Sim;2;0;0;0;2;0;0;2;-25,500092;-49,153807;SPRF-PR;DEL01-PR;UOP07-DEL01-PR
664391;01/03/2025;sábado;02:20:00;RS;116;325,5;BARRA DO RIBEIRO;Objeto estático sobre o leito carroçável;Saída de leito carroçável;Com Vítimas Feridas;Plena Noite;Crescente;Nublado;Dupla;Reta;Não;5;0;3;2;0;0;5;1;-30,33242083;-51,42408555;SPRF-RS;DEL02-RS;UOP01-DEL02-RS
664392;01/03/2025;sábado;04:00:00;SP;101;49;UBATUBA;Velocidade Incompatível;Colisão traseira;Com Vítimas Feridas;Plena Noite;Crescente;Céu Claro;Simples;Reta;Sim;3;0;0;2;0;1;2;2;-23,44386084;-45,08412968;SPRF-SP;DEL06-SP;UOP01-DEL06-SP
664395;01/03/2025;sábado;04:10:00;PB;101;85,6;JOAO PESSOA;Condutor Dormindo;Saída de leito carroçável;Com Vítimas Feridas;Plena Noite;Decrescente;Chuva;Múltipla;Reta;Sim;2;0;1;1;0;0;2;1;-7,1443577;-34,91792026;SPRF-PB;DEL01-PB;UOP01-DEL01-PB
664396;01/03/2025;sábado;04:30:00;RS;116;233;NOVO HAMBURGO;Ausência de reação do condutor;Colisão com objeto;Sem Vítimas;Plena Noite;Decrescente;Céu Claro;Simples;Reta;Sim;1;0;0;0;0;1;0;1;-29,64446648;-51,14311966;SPRF-RS;DEL01-RS;UOP02-DEL01-RS
664397;01/03/2025;sábado;03:45:00;MS;163;777;COXIM;Ingestão de álcool pelo condutor;Saída de leito carroçável;Sem Vítimas;Amanhecer;Decrescente;Céu Claro;Dupla;Reta;Não;1;0;0;0;1;0;0;1;-18,12227;-54,70013;SPRF-MS;DEL06-MS;UOP01-DEL06-MS
664398;28/02/2025;sexta-feira;07:30:00;RJ;493;6;ITABORAI;Ausência de reação do condutor;Colisão lateral mesmo sentido;Com Vítimas Feridas;Amanhecer;Crescente;Sol;Simples;Reta;Sim;2;0;1;0;1;0;1;2;-22,76545789;-42,92495728;SPRF-RJ;DEL02-RJ;UOP02-DEL02-RJ
664401;01/03/2025;sábado;04:30:00;SP;116;73,8;APARECIDA;Pedestre andava na pista;Atropelamento de Pedestre;Com Vítimas Fatais;Plena Noite;Crescente;Céu Claro;Dupla;Reta;Não;2;1;0;0;0;1;0;2;-22,8721816;-45,24860859;SPRF-SP;DEL08-SP;UOP01-DEL08-SP
664402;01/03/2025;sábado;04:35:00;PE;104;62,2;CARUARU;Reação tardia ou ineficiente do condutor;Capotamento;Com Vítimas Feridas;Amanhecer;Crescente;Céu Claro;Múltipla;Reta;Sim;5;0;4;1;0;0;5;1;-8,25765835;-35,97568631;SPRF-PE;DEL02-PE;UOP01-DEL02-PE
664403;01/03/2025;sábado;05:00:00;PR;277;714;SANTA TEREZINHA DE ITAIPU;Ausência de reação do condutor;Colisão com objeto;Sem Vítimas;Plena Noite;Decrescente;Céu Claro;Dupla;Reta;Não;1;0;0;0;1;0;0;1;-25,46457721;-54,44769502;SPRF-PR;DEL05-PR;UOP01-DEL05-PR
664404;01/03/2025;sábado;04:15:00;PR;116;38;CAMPINA GRANDE DO SUL;Reação tardia ou ineficiente do condutor;Capotamento;Com Vítimas Feridas;Plena Noite;Crescente;Nevoeiro/Neblina;Dupla;Curva;Não;2;0;1;0;1;0;1;1;-25,14802509;-48,85922071;SPRF-PR;DEL01-PR;UOP02-DEL01-PR
664406;01/03/2025;sábado;04:55:00;RS;116;62,8;CAMPESTRE DA SERRA;Transitar na contramão;Colisão transversal;Com Vítimas Feridas;Plena Noite;Decrescente;Céu Claro;Simples;"Reta;Aclive";Não;3;0;2;0;1;0;2;2;-28,662377;-51,05876;SPRF-RS;DEL05-RS;UOP03-DEL05-RS
664408;01/03/2025;sábado;05:00:00;RS;116;226,8;DOIS IRMAOS;Ingestão de álcool pelo condutor;Colisão com objeto;Com Vítimas Feridas;Plena Noite;Crescente;Céu Claro;Simples;Curva;Não;2;0;1;0;1;0;1;1;-29,59939426;-51,11384869;SPRF-RS;DEL01-RS;UOP02-DEL01-RS
664409;01/03/2025;sábado;04:45:00;PR;277;467,5;LARANJEIRAS DO SUL;Pedestre andava na pista;Atropelamento de Pedestre;Com Vítimas Fatais;Plena Noite;Crescente;Céu Claro;Simples;Curva;Não;3;1;0;0;2;0;0;2;-25,3296137;-52,50868857;SPRF-PR;DEL04-PR;UOP02-DEL04-PR
664411;01/03/2025;sábado;04:40:00;MG;40;526;CONTAGEM;Condutor Dormindo;Colisão com objeto;Com Vítimas Feridas;Amanhecer;Decrescente;Céu Claro;Dupla;Reta;Sim;2;0;0;1;0;1;1;2;-19,89516203;-44,04976845;SPRF-MG;DEL01-MG;UOP02-DEL01-MG
664412;01/03/2025;sábado;04:30:00;PR;116;71;CAMPINA GRANDE DO SUL;Reação tardia ou ineficiente do condutor;Colisão com objeto;Com Vítimas Feridas;Plena Noite;Crescente;Nevoeiro/Neblina;Dupla;"Curva;Interseção de Vias";Não;1;0;1;0;0;0;1;1;-25,34465098;-49,04383242;SPRF-PR;DEL01-PR;UOP02-DEL01-PR
664413;01/03/2025;sábado;06:00:00;ES;101;249,7;SERRA;Ausência de reação do condutor;Colisão frontal;Com Vítimas Feridas;Amanhecer;Crescente;Nublado;Simples;Reta;Sim;5;0;0;2;3;0;2;3;-20,0783513;-40,3514725;SPRF-ES;DEL02-ES;UOP01-DEL02-ES
664417;01/03/2025;sábado;06:00:00;ES;262;79,1;DOMINGOS MARTINS;Ausência de reação do condutor;Colisão lateral sentido oposto;Com Vítimas Feridas;Pleno dia;Decrescente;Céu Claro;Simples;Curva;Não;8;0;7;1;0;0;8;2;-20,409564;-40,928933;SPRF-ES;DEL01-ES;UOP02-DEL01-ES
664418;01/03/2025;sábado;05:31:00;PR;376;174,9;MARINGA;Ingestão de álcool pelo condutor;Queda de ocupante de veículo;Com Vítimas Feridas;Amanhecer;Crescente;Céu Claro;Múltipla;"Reta;Declive";Não;2;0;1;0;1;0;1;1;-23,4150069;-51,95130652;SPRF-PR;DEL09-PR;UOP01-DEL09-PR
664419;01/03/2025;sábado;05:50:00;RS;101;13;DOM PEDRO DE ALCANTARA;Ausência de reação do condutor;Colisão com objeto;Com Vítimas Feridas;Amanhecer;Decrescente;Céu Claro;Simples;Reta;Não;3;0;2;0;1;0;2;1;-29,39741987;-49,8484211;SPRF-RS;DEL03-RS;UOP02-DEL03-RS
664421;01/03/2025;sábado;06:40:00;BA;324;613,8;SALVADOR;Acumulo de areia ou detritos sobre o pavimento;Queda de ocupante de veículo;Com Vítimas Feridas;Pleno dia;Decrescente;Chuva;Múltipla;Reta;Sim;1;0;1;0;0;0;1;1;-12,8709777;-38,4263464;SPRF-BA;DEL01-BA;UOP01-DEL01-BA
664422;01/03/2025;sábado;06:00:00;SP;116;225;GUARULHOS;Ausência de reação do condutor;Tombamento;Com Vítimas Feridas;Pleno dia;Decrescente;Céu Claro;Múltipla;"Reta;Declive;Em Obras";Sim;1;0;1;0;0;0;1;1;-23,49056589;-46,54796529;SPRF-SP;DEL01-SP;UOP01-DEL01-SP
664426;01/03/2025;sábado;05:30:00;SP;116;225;GUARULHOS;Condutor deixou de manter distância do veículo da frente;Colisão traseira;Sem Vítimas;Amanhecer;Decrescente;Céu Claro;Múltipla;Reta;Sim;4;0;0;0;3;1;0;2;-23,490398;-46,547801;SPRF-SP;DEL01-SP;UOP01-DEL01-SP
664429;01/03/2025;sábado;07:00:00;AL;104;42;BRANQUINHA;Condutor deixou de manter distância do veículo da frente;Colisão traseira;Com Vítimas Feridas;Pleno dia;Crescente;Sol;Simples;Reta;Não;5;0;2;0;3;0;2;3;-9,20684282;-36,03200197;SPRF-AL;DEL01-AL;UOP02-DEL01-AL
664430;01/03/2025;sábado;01:30:00;MG;364;18;FRUTAL;Transitar na contramão;Colisão lateral sentido oposto;Sem Vítimas;Plena Noite;Crescente;Nublado;Simples;Reta;Não;5;0;0;0;5;0;0;2;-20,05675169;-48,82035613;SPRF-MG;DEL13-MG;UOP02-DEL13-MG
664431;01/03/2025;sábado;06:50:00;MG;116;522,1;CARATINGA;Velocidade Incompatível;Tombamento;Com Vítimas Feridas;Pleno dia;Decrescente;Chuva;Simples;"Curva;Retorno Regulamentado";Sim;3;0;1;1;1;0;2;2;-19,748692;-42,132862;SPRF-MG;DEL06-MG;UOP02-DEL06-MG
664432;01/03/2025;sábado;06:10:00;GO;60;198,2;GUAPO;Velocidade Incompatível;Colisão traseira;Com Vítimas Feridas;Pleno dia;Crescente;Céu Claro;Dupla;"Reta;Declive";Não;2;0;0;1;0;1;1;2;-16,87007402;-49,61028266;SPRF-GO;DEL01-GO;UOP02-DEL01-GO
664433;01/03/2025;sábado;01:40:00;BA;367;33;PORTO SEGURO;Ingestão de álcool pelo condutor;Saída de leito carroçável;Com Vítimas Feridas;Plena Noite;Crescente;Céu Claro;Simples;Curva;Sim;1;0;1;0;0;0;1;1;-16,41124719;-39,16739887;SPRF-BA;DEL09-BA;UOP03-DEL09-BA
664435;01/03/2025;sábado;07:55:00;CE;222;21;CAUCAIA;Desrespeitar a preferência no cruzamento;Colisão transversal;Com Vítimas Feridas;Pleno dia;Crescente;Chuva;Simples;"Em Obras;Reta";Não;2;0;0;1;1;0;1;2;-3,7365625;-38,74423027;SPRF-CE;DEL01-CE;UOP01-DEL01-CE
664437;01/03/2025;sábado;07:50:00;SP;116;302;SAO LOURENCO DA SERRA;Condutor deixou de manter distância do veículo da frente;Engavetamento;Com Vítimas Feridas;Pleno dia;Crescente;Céu Claro;Dupla;"Declive;Curva";Não;6;0;1;0;4;1;1;3;-23,82837786;-46,92672729;SPRF-SP;DEL04-SP;UOP01-DEL04-SP
664438;01/03/2025;sábado;08:00:00;MG;365;47,5;CLARO DOS POCOES;Ausência de reação do condutor;Colisão frontal;Com Vítimas Feridas;Pleno dia;Crescente;Céu Claro;Simples;Curva;Não;5;0;1;0;4;0;1;2;-16,91579;-44,2117;SPRF-MG;DEL12-MG;UOP01-DEL12-MG
664439;01/03/2025;sábado;07:30:00;CE;20;310,3;CANINDE;Condutor deixou de manter distância do veículo da frente;Colisão traseira;Com Vítimas Feridas;Pleno dia;Decrescente;Nublado;Simples;"Declive;Reta";Sim;4;0;1;0;3;0;1;3;-4,331749;-39,285946;SPRF-CE;DEL02-CE;UOP01-DEL02-CE
664441;01/03/2025;sábado;05:20:00;PR;369;15;CAMBARA;Animais na Pista;Atropelamento de Animal;Com Vítimas Feridas;Amanhecer;Decrescente;Céu Claro;Simples;"Reta;Declive";Não;1;0;1;0;0;0;1;1;-23,02126462;-50,02894878;SPRF-PR;DEL07-PR;UOP05-DEL07-PR
664442;01/03/2025;sábado;04:00:00;MG;116;556,6;MANHUACU;Condutor Dormindo;Saída de leito carroçável;Com Vítimas Feridas;Plena Noite;Decrescente;Nublado;Simples;Curva;Não;3;0;1;0;2;0;1;1;-20,013633;-42,16396;SPRF-MG;DEL06-MG;UOP03-DEL06-MG
664445;01/03/2025;sábado;05:50:00;RJ;116;192;NOVA IGUACU;Manobra de mudança de faixa;Colisão traseira;Com Vítimas Feridas;Pleno dia;Decrescente;Céu Claro;Dupla;Reta;Sim;4;0;2;0;2;0;2;2;-22,74288014;-43,51708174;SPRF-RJ;DEL06-RJ;UOP01-DEL06-RJ
664447;01/03/2025;sábado;04:40:00;PB;412;77;SERRA BRANCA;Condutor Dormindo;Saída de leito carroçável;Com Vítimas Feridas;Pleno dia;Decrescente;Céu Claro;Simples;Curva;Não;1;0;1;0;0;0;1;1;-7,49164;-36,674842;SPRF-PB;DEL02-PB;UOP02-DEL02-PB
664450;01/03/2025;sábado;08:40:00;PR;277;720,2;FOZ DO IGUACU;Acessar a via sem observar a presença dos outros veículos;Colisão transversal;Com Vítimas Feridas;Pleno dia;Crescente;Céu Claro;Dupla;"Reta;Retorno Regulamentado";Sim;2;0;1;0;1;0;1;2;-25,493079;-54,517159;SPRF-PR;DEL05-PR;UOP03-DEL05-PR
664452;01/03/2025;sábado;08:05:00;RN;406;122;JOAO CAMARA;Condutor Dormindo;Colisão com objeto;Com Vítimas Feridas;Pleno dia;Crescente;Chuva;Simples;Reta;Não;1;0;1;0;0;0;1;1;-5,55926504;-35,74745178;SPRF-RN;DEL02-RN;UOP01-DEL02-RN
664454;01/03/2025;sábado;08:40:00;PI;316;2;TERESINA;Manobra de mudança de faixa;Colisão lateral mesmo sentido;Com Vítimas Feridas;Pleno dia;Crescente;Céu Claro;Múltipla;"Rotatória;Viaduto";Sim;4;0;1;1;2;0;2;2;-5,12505929;-42,79970527;SPRF-PI;DEL01-PI;UOP02-DEL01-PI
664455;01/03/2025;sábado;08:00:00;RS;290;653;URUGUAIANA;Acessar a via sem observar a presença dos outros veículos;Atropelamento de Pedestre;Com Vítimas Feridas;Pleno dia;Crescente;Nublado;Simples;Reta;Não;5;0;1;0;4;0;1;2;-30,01440897;-56,43745422;SPRF-RS;DEL13-RS;UOP01-DEL13-RS
664456;01/03/2025;sábado;08:50:00;PR;277;51;SAO JOSE DOS PINHAIS;Ausência de reação do condutor;Queda de ocupante de veículo;Com Vítimas Feridas;Pleno dia;Decrescente;Céu Claro;Dupla;"Reta;Declive";Não;2;0;0;1;1;0;1;2;-25,5861399;-48,95516396;SPRF-PR;DEL01-PR;UOP05-DEL01-PR
664457;01/03/2025;sábado;08:00:00;SP;116;101,9;PINDAMONHANGABA;Reação tardia ou ineficiente do condutor;Colisão traseira;Sem Vítimas;Pleno dia;Decrescente;Sol;Múltipla;"Reta;Aclive";Não;2;0;0;0;2;0;0;2;-22,993707;-45,487201;SPRF-SP;DEL08-SP;UOP01-DEL08-SP
664458;01/03/2025;sábado;08:45:00;PR;373;227,8;IMBITUVA;Ultrapassagem Indevida;Colisão lateral sentido oposto;Com Vítimas Feridas;Pleno dia;Decrescente;Céu Claro;Simples;"Curva;Declive";Não;4;0;0;2;2;0;2;2;-25,17645;-50,646314;SPRF-PR;DEL03-PR;UOP01-DEL03-PR
664459;01/03/2025;sábado;08:15:00;SC;101;230,9;PALHOCA;Demais falhas mecânicas ou elétricas;Incêndio;Sem Vítimas;Pleno dia;Crescente;Céu Claro;Dupla;Reta;Não;1;0;0;0;1;0;0;1;-27,78724335;-48,63589525;SPRF-SC;DEL01-SC;UOP02-DEL01-SC
664460;01/03/2025;sábado;07:20:00;RJ;101;272;TANGUA;Trafegar com motocicleta (ou similar) entre as faixas;Colisão lateral mesmo sentido;Com Vítimas Feridas;Pleno dia;Decrescente;Céu Claro;Dupla;Reta;Não;4;0;2;0;2;0;2;2;-22,730365;-42,705382;SPRF-RJ;DEL02-RJ;UOP03-DEL02-RJ
664461;01/03/2025;sábado;08:11:00;RJ;101;296;ITABORAI;Trafegar com motocicleta (ou similar) entre as faixas;Tombamento;Com Vítimas Fatais;Pleno dia;Decrescente;Céu Claro;Dupla;Reta;Não;5;2;0;2;1;0;2;2;-22,767239;-42,914225;SPRF-RJ;DEL02-RJ;UOP02-DEL02-RJ
664462;01/03/2025;sábado;07:30:00;MA;226;310;BARRA DO CORDA;Curva acentuada;Saída de leito carroçável;Com Vítimas Fatais;Pleno dia;Decrescente;Nublado;Simples;"Curva;Declive";Não;1;1;0;0;0;0;0;1;-5,44610086;-45,30355454;SPRF-MA;DEL06-MA;UOP01-DEL06-MA
664463;17/02/2025;segunda-feira;07:00:00;PR;116;9;CAMPINA GRANDE DO SUL;Ausência de reação do condutor;Colisão lateral mesmo sentido;Com Vítimas Feridas;Pleno dia;Crescente;Nublado;Dupla;"Declive;Reta";Sim;1;0;1;0;0;0;1;1;-25,08319454;-48,63391824;SPRF-PR;DEL01-PR;UOP02-DEL01-PR
664464;01/03/2025;sábado;09:45:00;RS;392;296,9;SAO SEPE;Desrespeitar a preferência no cruzamento;Colisão transversal;Com Vítimas Feridas;Pleno dia;Decrescente;Sol;Simples;"Interseção de Vias;Declive;Reta";Sim;2;0;1;0;1;0;1;2;-30,164446;-53,583602;SPRF-RS;DEL09-RS;UOP01-DEL09-RS
664466;01/03/2025;sábado;08:40:00;PR;369;352,3;CAMPO MOURAO;Ausência de reação do condutor;Colisão traseira;Com Vítimas Feridas;Pleno dia;Decrescente;Céu Claro;Simples;Aclive;Não;5;0;1;0;4;0;1;2;-24,141462;-52,449713;SPRF-PR;DEL09-PR;UOP03-DEL09-PR
664467;01/03/2025;sábado;07:30:00;PB;101;124,1;CAAPORA;Reação tardia ou ineficiente do condutor;Saída de leito carroçável;Sem Vítimas;Pleno dia;Crescente;Céu Claro;Dupla;"Aclive;Curva";Não;1;0;0;0;1;0;0;1;-7,469375;-34,977018;SPRF-PB;DEL01-PB;UOP01-DEL01-PB
664468;01/03/2025;sábado;09:45:00;MG;381;489;BETIM;Ausência de reação do condutor;Colisão traseira;Com Vítimas Feridas;Pleno dia;Crescente;Céu Claro;Dupla;"Aclive;Reta";Não;2;0;0;1;1;0;1;2;-19,9874946;-44,2004845;SPRF-MG;DEL01-MG;UOP03-DEL01-MG
664469;01/03/2025;sábado;08:40:00;RJ;101;159;MACAE;Condutor deixou de manter distância do veículo da frente;Colisão frontal;Com Vítimas Feridas;Pleno dia;Decrescente;Garoa/Chuvisco;Simples;"Reta;Ponte";Não;7;0;5;0;2;0;5;3;-22,29536578;-41,880009;SPRF-RJ;DEL08-RJ;UOP04-DEL08-RJ
664472;01/03/2025;sábado;10:15:00;MG;40;469,5;SETE LAGOAS;Condutor deixou de manter distância do veículo da frente;Colisão traseira;Com Vítimas Feridas;Pleno dia;Decrescente;Nublado;Dupla;Reta;Não;5;0;1;0;4;0;1;2;-19,4669319;-44,3130008;SPRF-MG;DEL02-MG;UOP01-DEL02-MG
664473;01/03/2025;sábado;07:45:00;SC;282;169;BOCAINA DO SUL;Ausência de reação do condutor;Saída de leito carroçável;Sem Vítimas;Pleno dia;Crescente;Céu Claro;Simples;Curva;Não;3;0;0;0;0;3;0;1;-27,74135288;-49,84282494;SPRF-SC;DEL05-SC;UOP01-DEL05-SC
664474;01/03/2025;sábado;10:35:00;SC;101;126;ITAJAI;Manobra de mudança de faixa;Colisão transversal;Com Vítimas Feridas;Pleno dia;Crescente;Céu Claro;Dupla;Reta;Sim;3;0;1;0;2;0;1;2;-26,962732;-48,682703;SPRF-SC;DEL04-SC;UOP04-DEL04-SC
664475;01/03/2025;sábado;10:20:00;RN;304;252;SANTA MARIA;Avarias e/ou desgaste excessivo no pneu;Tombamento;Com Vítimas Feridas;Pleno dia;Decrescente;Nublado;Simples;Reta;Não;2;0;2;0;0;0;2;1;-5,83360221;-35,73624015;SPRF-RN;DEL01-RN;UOP02-DEL01-RN
664476;01/03/2025;sábado;08:30:00;RJ;101;505;ANGRA DOS REIS;Reação tardia ou ineficiente do condutor;Colisão traseira;Sem Vítimas;Pleno dia;Crescente;Céu Claro;Simples;Reta;Não;3;0;0;0;3;0;0;3;-22,935549;-44,396127;SPRF-RJ;DEL03-RJ;UOP03-DEL03-RJ
664477;01/03/2025;sábado;10:00:00;BA;101;160,8;CONCEICAO DO JACUIPE;Retorno proibido;Colisão transversal;Com Vítimas Feridas;Pleno dia;Decrescente;Céu Claro;Dupla;Reta;Não;2;0;1;0;1;0;1;2;-12,33896492;-38,75900746;SPRF-BA;DEL01-BA;UOP03-DEL01-BA
664478;01/03/2025;sábado;10:45:00;SC;101;212;PALHOCA;Acumulo de areia ou detritos sobre o pavimento;Tombamento;Com Vítimas Feridas;Pleno dia;Crescente;Céu Claro;Dupla;Reta;Sim;2;0;2;0;0;0;2;1;-27,87792833;-48,72389317;SPRF-SC;DEL01-SC;UOP02-DEL01-SC
664479;01/03/2025;sábado;10:50:00;GO;153;188;URUACU;Desrespeitar a preferência no cruzamento;Colisão transversal;Com Vítimas Fatais;Pleno dia;Crescente;Céu Claro;Simples;Reta;Não;3;1;1;1;0;0;2;2;-14,43119;-49,15713;SPRF-GO;DEL07-GO;UOP02-DEL07-GO
664481;01/03/2025;sábado;09:00:00;RJ;116;81,5;TERESOPOLIS;Condutor deixou de manter distância do veículo da frente;Engavetamento;Sem Vítimas;Pleno dia;Decrescente;Nublado;Simples;Reta;Sim;3;0;0;0;3;0;0;3;-22,396883;-42,954552;SPRF-RJ;DEL04-RJ;UOP01-DEL04-RJ
664482;01/03/2025;sábado;11:05:00;PB;101;101,3;ALHANDRA;Velocidade Incompatível;Colisão traseira;Com Vítimas Feridas;Pleno dia;Decrescente;Céu Claro;Dupla;Reta;Não;2;0;1;0;1;0;1;2;-7,28019965;-34,93890915;SPRF-PB;DEL01-PB;UOP01-DEL01-PB
664483;01/03/2025;sábado;11:00:00;MG;381;503;BETIM;Animais na Pista;Tombamento;Com Vítimas Feridas;Pleno dia;Decrescente;Céu Claro;Simples;Reta;Não;1;0;1;0;0;0;1;1;-19,9965405;-44,2090518;SPRF-MG;DEL01-MG;UOP03-DEL01-MG
664484;01/03/2025;sábado;11:10:00;RN;101;141,2;ARES;Acumulo de água sobre o pavimento;Saída de leito carroçável;Com Vítimas Feridas;Pleno dia;Decrescente;Chuva;Dupla;"Declive;Reta";Não;1;0;1;0;0;0;1;1;-6,2254437;-35,2157055;SPRF-RN;DEL01-RN;UOP01-DEL01-RN
664485;01/03/2025;sábado;11:05:00;SC;101;311;LAGUNA;Desrespeitar a preferência no cruzamento;Colisão transversal;Com Vítimas Feridas;Pleno dia;Decrescente;Céu Claro;Simples;"Retorno Regulamentado;Interseção de Vias;Viaduto;Rotatória;Declive";Sim;5;0;1;0;4;0;1;2;-28,440319;-48,81266;SPRF-SC;DEL02-SC;UOP01-DEL02-SC
664486;01/03/2025;sábado;11:40:00;RJ;101;471,9;ANGRA DOS REIS;Condutor Dormindo;Capotamento;Com Vítimas Feridas;Pleno dia;Crescente;Céu Claro;Simples;Curva;Não;7;0;3;0;4;0;3;1;-22,98813;-44,23297;SPRF-RJ;DEL03-RJ;UOP03-DEL03-RJ
664488;01/03/2025;sábado;09:50:00;RJ;393;207,1;VASSOURAS;Condutor Dormindo;Saída de leito carroçável;Com Vítimas Feridas;Pleno dia;Crescente;Céu Claro;Simples;Reta;Não;3;0;2;0;1;0;2;1;-22,2656753;-43,45216545;SPRF-RJ;DEL05-RJ;UOP03-DEL05-RJ
664489;01/03/2025;sábado;11:35:00;RS;116;38;VACARIA;Acessar a via sem observar a presença dos outros veículos;Colisão transversal;Sem Vítimas;Pleno dia;Crescente;Céu Claro;Simples;"Interseção de Vias;Reta";Sim;2;0;0;0;2;0;0;2;-28,51067756;-50,93103497;SPRF-RS;DEL05-RS;UOP03-DEL05-RS
664490;01/03/2025;sábado;11:15:00;MG;262;50,5;MANHUACU;Acesso irregular;Colisão lateral mesmo sentido;Com Vítimas Feridas;Pleno dia;Crescente;Céu Claro;Simples;Reta;Não;2;0;1;0;1;0;1;2;-20,247697;-42,144172;SPRF-MG;DEL06-MG;UOP03-DEL06-MG
664491;01/03/2025;sábado;11:50:00;SC;101;221;PALHOCA;Acessar a via sem observar a presença dos outros veículos;Colisão lateral mesmo sentido;Com Vítimas Feridas;Pleno dia;Decrescente;Céu Claro;Dupla;"Interseção de Vias;Viaduto";Sim;2;0;1;0;1;0;1;2;-27,70617965;-48,65731537;SPRF-SC;DEL01-SC;UOP02-DEL01-SC
664492;01/03/2025;sábado;10:20:00;RS;386;34,1;FREDERICO WESTPHALEN;Condutor deixou de manter distância do veículo da frente;Colisão traseira;Sem Vítimas;Pleno dia;Crescente;Céu Claro;Simples;"Reta;Rotatória";Sim;3;0;0;0;3;0;0;2;-27,36173688;-53,39008504;SPRF-RS;DEL08-RS;UOP02-DEL08-RS
664494;01/03/2025;sábado;08:40:00;MS;60;499,9;MARACAJU;Ausência de reação do condutor;Saída de leito carroçável;Com Vítimas Feridas;Pleno dia;Crescente;Céu Claro;Simples;Reta;Não;2;0;1;0;1;0;1;1;-21,218708;-55,534489;SPRF-MS;DEL01-MS;UOP04-DEL01-MS
664496;01/03/2025;sábado;11:00:00;SP;381;41;ATIBAIA;Manobra de mudança de faixa;Colisão lateral mesmo sentido;Com Vítimas Feridas;Pleno dia;Decrescente;Céu Claro;Dupla;Reta;Não;3;0;1;0;2;0;1;2;-23,1964672;-46,5829888;SPRF-SP;DEL03-SP;UOP01-DEL03-SP
664497;01/03/2025;sábado;12:15:00;SP;381;33;ATIBAIA;Condutor deixou de manter distância do veículo da frente;Engavetamento;Com Vítimas Feridas;Pleno dia;Decrescente;Céu Claro;Dupla;Reta;Sim;4;0;1;0;3;0;1;3;-23,07691941;-46,56733811;SPRF-SP;DEL03-SP;UOP02-DEL03-SP
664498;26/02/2025;quarta-feira;01:13:00;RS;0;0;SANTA MARIA;Reação tardia ou ineficiente do condutor;Colisão frontal;Sem Vítimas;Plena Noite;Não Informado;Céu Claro;Simples;Reta;Sim;5;0;0;0;5;0;0;2;-29,69554398;-53,82684218;SPRF-RS;DEL09-RS;UOP01-DEL09-RS