id;data_inversa;dia_semana;horario;uf;br;km;municipio;causa_acidente;tipo_acidente;classificacao_acidente;fase_dia;sentido_via;condicao_metereologica;tipo_pista;tracado_via;uso_solo;pessoas;mortos;feridos_leves;feridos_graves;ilesos;ignorados;feridos;veiculos;latitude;longitude;regional;delegacia;uop
664499;01/03/2025;sábado;12:30:00;MG;40;467,3;SETE LAGOAS;Trafegar com motocicleta (ou similar) entre as faixas;Colisão lateral mesmo sentido;Com Vítimas Feridas;Pleno dia;Decrescente;Céu Claro;Dupla;Reta;Sim;3;0;1;0;2;0;1;3;-19,450868;-44,31591;SPRF-MG;DEL02-MG;UOP01-DEL02-MG
664500;01/03/2025;sábado;09:30:00;MT;163;834;SINOP;Ausência de reação do condutor;Colisão traseira;Com Vítimas Feridas;Pleno dia;Crescente;Céu Claro;Simples;"Reta;Retorno Regulamentado";Sim;3;0;2;0;1;0;2;2;-11,87197542;-55,498007;SPRF-MT;DEL06-MT;UOP02-DEL06-MT
664501;01/03/2025;sábado;12:05:00;MG;40;577,2;ITABIRITO;Reação tardia ou ineficiente do condutor;Saída de leito carroçável;Com Vítimas Feridas;Pleno dia;Decrescente;Nublado;Simples;Curva;Não;4;0;4;0;0;0;4;1;-20,27693145;-43,94728661;SPRF-MG;DEL01-MG;UOP02-DEL01-MG
664503;01/03/2025;sábado;13:00:00;SC;101;228,8;PALHOCA;Conversão proibida;Colisão lateral mesmo sentido;Com Vítimas Feridas;Pleno dia;Decrescente;Céu Claro;Múltipla;"Reta;Declive";Sim;2;0;1;0;1;0;1;2;-27,7634513;-48,63045037;SPRF-SC;DEL01-SC;UOP02-DEL01-SC
664504;01/03/2025;sábado;13:30:00;RS;116;245;SAO LEOPOLDO;Acessar a via sem observar a presença dos outros veículos;Colisão transversal;Com Vítimas Feridas;Pleno dia;Crescente;Céu Claro;Simples;"Interseção de Vias;Rotatória";Sim;2;0;1;0;1;0;1;2;-29,7440302;-51,1515285;SPRF-RS;DEL01-RS;UOP02-DEL01-RS
664506;01/03/2025;sábado;11:50:00;GO;153;657,5;GOIATUBA;Condutor Dormindo;Saída de leito carroçável;Com Vítimas Feridas;Pleno dia;Crescente;Céu Claro;Dupla;"Aclive;Reta";Não;5;0;4;0;1;0;4;1;-18,024272;-49,264365;SPRF-GO;DEL03-GO;UOP01-DEL03-GO
664507;01/03/2025;sábado;10:45:00;SC;101;131,6;CAMBORIU;Manobra de mudança de faixa;Colisão lateral mesmo sentido;Com Vítimas Feridas;Pleno dia;Crescente;Céu Claro;Dupla;Reta;Sim;2;0;0;1;0;1;1;2;-26,9943;-48,65938;SPRF-SC;DEL04-SC;UOP03-DEL04-SC
664509;01/03/2025;sábado;13:00:00;GO;153;435,9;ANAPOLIS;Reação tardia ou ineficiente do condutor;Colisão traseira;Com Vítimas Feridas;Pleno dia;Crescente;Céu Claro;Dupla;Reta;Sim;3;0;1;0;2;0;1;2;-16,29750443;-48,92942213;SPRF-GO;DEL02-GO;UOP01-DEL02-GO
664510;01/03/2025;sábado;11:10:00;RJ;101;418;MANGARATIBA;Ultrapassagem Indevida;Colisão lateral mesmo sentido;Com Vítimas Feridas;Pleno dia;Crescente;Céu Claro;Simples;Reta;Não;2;0;0;1;0;1;1;2;-22,91768783;-43,91292572;SPRF-RJ;DEL03-RJ;UOP02-DEL03-RJ
664512;01/03/2025;sábado;12:30:00;PR;277;328;GUARAPUAVA;Reação tardia ou ineficiente do condutor;Saída de leito carroçável;Sem Vítimas;Pleno dia;Decrescente;Céu Claro;Simples;Curva;Não;1;0;0;0;1;0;0;1;-25,3646197;-51,3494704;SPRF-PR;DEL08-PR;UOP01-DEL08-PR
664513;01/03/2025;sábado;14:10:00;RJ;101;468;ANGRA DOS REIS;Acessar a via sem observar a presença dos outros veículos;Colisão transversal;Com Vítimas Feridas;Pleno dia;Crescente;Céu Claro;Simples;Reta;Não;3;0;1;0;2;0;1;2;-23,007033;-44,222264;SPRF-RJ;DEL03-RJ;UOP03-DEL03-RJ
664514;01/03/2025;sábado;13:00:00;RJ;40;118;DUQUE DE CAXIAS;Acumulo de óleo sobre o pavimento;Queda de ocupante de veículo;Com Vítimas Feridas;Pleno dia;Crescente;Sol;Simples;"Viaduto;Curva";Não;2;0;1;0;1;0;1;1;-22,7645131;-43,28717908;SPRF-RJ;DEL01-RJ;UOP02-DEL01-RJ
664515;01/03/2025;sábado;14:00:00;SP;116;286;ITAPECERICA DA SERRA;Reação tardia ou ineficiente do condutor;Capotamento;Com Vítimas Feridas;Pleno dia;Crescente;Céu Claro;Dupla;Reta;Não;5;0;2;0;3;0;2;1;-23,68973208;-46,86257666;SPRF-SP;DEL04-SP;UOP01-DEL04-SP
664516;01/03/2025;sábado;13:10:00;RJ;101;443;MANGARATIBA;Velocidade Incompatível;Colisão com objeto;Com Vítimas Feridas;Pleno dia;Crescente;Céu Claro;Simples;Curva;Não;2;0;1;0;1;0;1;1;-22,98165851;-44,08560158;SPRF-RJ;DEL03-RJ;UOP02-DEL03-RJ
664517;01/03/2025;sábado;14:30:00;PR;476;147;ARAUCARIA;Ultrapassagem Indevida;Colisão lateral mesmo sentido;Com Vítimas Feridas;Pleno dia;Decrescente;Céu Claro;Dupla;Reta;Não;2;0;1;0;1;0;1;2;-25,55624473;-49,34345126;SPRF-PR;DEL01-PR;UOP06-DEL01-PR
664518;01/03/2025;sábado;14:00:00;SC;282;44;RANCHO QUEIMADO;Reação tardia ou ineficiente do condutor;Tombamento;Sem Vítimas;Pleno dia;Decrescente;Céu Claro;Simples;Curva;Não;1;0;0;0;1;0;0;1;-27,709665;-48,948835;SPRF-SC;DEL01-SC;UOP03-DEL01-SC
664521;01/03/2025;sábado;13:40:00;PI;343;329,8;TERESINA;Conversão proibida;Colisão transversal;Com Vítimas Feridas;Pleno dia;Crescente;Chuva;Simples;Reta;Sim;2;0;0;1;1;0;1;2;-5,05573;-42,65111;SPRF-PI;DEL01-PI;UOP01-DEL01-PI
664522;01/03/2025;sábado;15:10:00;ES;393;7,2;CACHOEIRO DE ITAPEMIRIM;Velocidade Incompatível;Saída de leito carroçável;Com Vítimas Feridas;Pleno dia;Decrescente;Céu Claro;Simples;Reta;Não;1;0;0;1;0;0;1;1;-20,82792406;-41,21012986;SPRF-ES;DEL03-ES;UOP02-DEL03-ES
664523;01/03/2025;sábado;15:00:00;MG;40;463;SETE LAGOAS;Demais falhas mecânicas ou elétricas;Incêndio;Sem Vítimas;Pleno dia;Decrescente;Nublado;Dupla;Reta;Não;5;0;0;0;4;1;0;2;-19,428934;-44,336868;SPRF-MG;DEL02-MG;UOP01-DEL02-MG
664524;01/03/2025;sábado;14:43:00;SP;116;139,4;SAO JOSE DOS CAMPOS;Reação tardia ou ineficiente do condutor;Colisão com objeto;Sem Vítimas;Pleno dia;Crescente;Céu Claro;Dupla;"Declive;Retorno Regulamentado";Sim;1;0;0;0;1;0;0;1;-23,16143135;-45,80434084;SPRF-SP;DEL02-SP;UOP01-DEL02-SP
664525;05/02/2025;quarta-feira;15:50:00;ES;101;263;SERRA;Manobra de mudança de faixa;Colisão lateral mesmo sentido;Com Vítimas Feridas;Pleno dia;Crescente;Céu Claro;Dupla;Reta;Sim;2;0;1;0;1;0;1;2;-20,16554736;-40,27301648;SPRF-ES;DEL02-ES;UOP01-DEL02-ES
664527;01/03/2025;sábado;14:00:00;RJ;116;216;PARACAMBI;Manobra de mudança de faixa;Colisão lateral mesmo sentido;Com Vítimas Feridas;Pleno dia;Crescente;Céu Claro;Dupla;Reta;Não;5;0;1;0;4;0;1;1;-22,69057595;-43,7894547;SPRF-RJ;DEL06-RJ;UOP02-DEL06-RJ
664528;01/03/2025;sábado;15:30:00;ES;101;219,6;IBIRACU;Ausência de reação do condutor;Colisão lateral mesmo sentido;Com Vítimas Feridas;Pleno dia;Crescente;Céu Claro;Dupla;Curva;Sim;3;0;1;0;1;1;1;2;-19,83645623;-40,38043141;SPRF-ES;DEL02-ES;UOP01-DEL02-ES
664529;01/03/2025;sábado;14:35:00;RJ;465;21;NOVA IGUACU;Conversão proibida;Colisão transversal;Com Vítimas Feridas;Pleno dia;Crescente;Céu Claro;Simples;Reta;Sim;2;0;1;0;1;0;1;2;-22,85768902;-43,601861;SPRF-RJ;DEL06-RJ;UOP02-DEL06-RJ
664530;01/03/2025;sábado;14:00:00;MG;40;511,5;RIBEIRAO DAS NEVES;Trafegar com motocicleta (ou similar) entre as faixas;Tombamento;Com Vítimas Fatais;Pleno dia;Decrescente;Sol;Dupla;Reta;Sim;1;1;0;0;0;0;0;1;-19,7848061;-44,1154867;SPRF-MG;DEL01-MG;UOP02-DEL01-MG
664531;01/03/2025;sábado;15:30:00;PR;476;154;ARAUCARIA;Ingestão de álcool pelo condutor;Colisão traseira;Sem Vítimas;Pleno dia;Decrescente;Céu Claro;Dupla;Reta;Sim;2;0;0;0;2;0;0;2;-25,58481;-49,402332;SPRF-PR;DEL01-PR;UOP06-DEL01-PR
664532;01/03/2025;sábado;15:00:00;MG;381;890,9;CAMBUI;Velocidade Incompatível;Colisão com objeto;Com Vítimas Feridas;Pleno dia;Decrescente;Céu Claro;Dupla;Reta;Não;6;0;3;0;3;0;3;1;-22,54518;-46,03929;SPRF-MG;DEL16-MG;UOP01-DEL16-MG
664533;27/02/2025;quinta-feira;18:00:00;MS;376;48;JATEI;Mal súbito do condutor;Saída de leito carroçável;Com Vítimas Feridas;Anoitecer;Crescente;Nublado;Simples;Reta;Não;1;0;1;0;0;0;1;1;-22,452246;-54,327514;SPRF-MS;DEL04-MS;UOP01-DEL04-MS
664534;01/03/2025;sábado;14:55:00;GO;40;45;LUZIANIA;Conversão proibida;Colisão transversal;Com Vítimas Feridas;Pleno dia;Crescente;Nublado;Simples;"Reta;Aclive";Não;4;0;2;0;2;0;2;2;-16,407048;-47,822718;SPRF-DF;DEL01-DF;UOP02-DEL01-DF
664535;01/03/2025;sábado;15:10:00;PE;0;0;IGARASSU;Demais falhas mecânicas ou elétricas;Colisão com objeto;Sem Vítimas;Pleno dia;Não Informado;Nublado;Simples;Curva;Não;2;0;0;0;2;0;0;1;-7,731652;-34,94453;SPRF-PE;DEL01-PE;UOP02-DEL01-PE
664537;01/03/2025;sábado;14:05:00;RO;364;224,8;CACOAL;Transitar na contramão;Colisão frontal;Sem Vítimas;Pleno dia;Crescente;Céu Claro;Simples;"Interseção de Vias;Reta";Sim;3;0;0;0;3;0;0;2;-11,510052;-61,36073;SPRF-RO;DEL02-RO;UOP02-DEL02-RO
664538;01/03/2025;sábado;16:00:00;SP;381;81;SAO PAULO;Entrada inopinada do pedestre;Atropelamento de Pedestre;Com Vítimas Feridas;Pleno dia;Crescente;Céu Claro;Dupla;Reta;Não;4;0;0;1;3;0;1;4;-23,4586391;-46,5853227;SPRF-SP;DEL03-SP;UOP01-DEL03-SP
664541;01/03/2025;sábado;15:40:00;PB;230;11,2;CABEDELO;Ausência de reação do condutor;Colisão traseira;Com Vítimas Feridas;Pleno dia;Decrescente;Céu Claro;Dupla;Reta;Não;2;0;0;1;1;0;1;2;-7,07307;-34,849432;SPRF-PB;DEL01-PB;UOP01-DEL01-PB
664542;01/03/2025;sábado;16:05:00;RJ;116;111;DUQUE DE CAXIAS;Acessar a via sem observar a presença dos outros veículos;Colisão lateral mesmo sentido;Com Vítimas Feridas;Pleno dia;Decrescente;Céu Claro;Múltipla;Reta;Sim;2;0;1;0;1;0;1;2;-22,6943414;-43,2881064;SPRF-RJ;DEL04-RJ;UOP02-DEL04-RJ
664543;01/02/2025;sábado;15:00:00;MG;116;340;CAMPANARIO;Reação tardia ou ineficiente do condutor;Saída de leito carroçável;Com Vítimas Feridas;Pleno dia;Crescente;Céu Claro;Simples;Reta;Não;3;0;3;0;0;0;3;1;-18,32278023;-41,76017046;SPRF-MG;DEL11-MG;UOP01-DEL11-MG
664544;01/03/2025;sábado;16:00:00;MG;262;120;RIO CASCA;Acesso irregular;Colisão transversal;Sem Vítimas;Pleno dia;Decrescente;Céu Claro;Simples;"Interseção de Vias;Reta";Sim;2;0;0;0;2;0;0;2;-20,219297;-42,650172;SPRF-MG;DEL03-MG;UOP03-DEL03-MG
664545;01/03/2025;sábado;06:30:00;PB;230;484;SAO JOAO DO RIO DO PEIXE;Ausência de reação do condutor;Saída de leito carroçável;Sem Vítimas;Pleno dia;Crescente;Nublado;Simples;Reta;Não;1;0;0;0;0;1;0;1;-6,8677;-38,385745;SPRF-PB;DEL03-PB;UOP03-DEL03-PB
664546;01/03/2025;sábado;16:15:00;SC;470;0,7;NAVEGANTES;Objeto estático sobre o leito carroçável;Colisão com objeto;Com Vítimas Fatais;Pleno dia;Crescente;Céu Claro;Dupla;Reta;Sim;2;1;1;0;0;0;1;1;-26,87679415;-48,66668701;SPRF-SC;DEL04-SC;UOP04-DEL04-SC
664547;01/03/2025;sábado;12:00:00;RJ;393;132;SAPUCAIA;Reação tardia ou ineficiente do condutor;Colisão com objeto;Com Vítimas Feridas;Pleno dia;Decrescente;Céu Claro;Simples;Reta;Sim;1;0;1;0;0;0;1;1;-21,9818912;-42,895088;SPRF-RJ;DEL05-RJ;UOP01-DEL05-RJ
664550;01/03/2025;sábado;16:15:00;SP;116;118;TAUBATE;Avarias e/ou desgaste excessivo no pneu;Tombamento;Com Vítimas Feridas;Pleno dia;Crescente;Céu Claro;Dupla;Reta;Não;2;0;2;0;0;0;2;1;-23,06575497;-45,63343048;SPRF-SP;DEL02-SP;UOP02-DEL02-SP
664553;01/03/2025;sábado;17:30:00;SC;101;149;ITAPEMA;Carga excessiva e/ou mal acondicionada;Colisão traseira;Com Vítimas Feridas;Pleno dia;Crescente;Céu Claro;Dupla;"Reta;Declive";Sim;2;0;1;0;1;0;1;2;-27,108012;-48,613646;SPRF-SC;DEL04-SC;UOP03-DEL04-SC
664555;01/03/2025;sábado;17:30:00;SC;282;4,9;SAO JOSE;Demais falhas mecânicas ou elétricas;Queda de ocupante de veículo;Com Vítimas Feridas;Pleno dia;Crescente;Céu Claro;Dupla;Reta;Sim;2;0;2;0;0;0;2;1;-27,58848531;-48,61242819;SPRF-SC;DEL01-SC;UOP01-DEL01-SC
664556;01/03/2025;sábado;15:30:00;MA;10;246;IMPERATRIZ;Conversão proibida;Colisão transversal;Com Vítimas Feridas;Pleno dia;Decrescente;Céu Claro;Dupla;Reta;Sim;3;0;2;0;0;1;2;2;-5,57627;-47,44312;SPRF-MA;DEL04-MA;UOP01-DEL04-MA
664557;01/03/2025;sábado;17:20:00;SC;101;204,1;SAO JOSE;Ingestão de álcool pelo condutor;Colisão com objeto;Com Vítimas Feridas;Pleno dia;Decrescente;Céu Claro;Múltipla;Reta;Sim;1;0;1;0;0;0;1;1;-27,57535171;-48,61316621;SPRF-SC;DEL01-SC;UOP01-DEL01-SC
664559;01/03/2025;sábado;16:50:00;MS;262;379,5;TERENOS;Ausência de reação do condutor;Colisão lateral sentido oposto;Com Vítimas Feridas;Pleno dia;Decrescente;Céu Claro;Simples;Reta;Não;3;0;0;1;2;0;1;3;-20,459024;-54,843787;SPRF-MS;DEL01-MS;UOP03-DEL01-MS
664561;01/03/2025;sábado;17:10:00;RJ;101;135;CARAPEBUS;Condutor Dormindo;Colisão com objeto;Com Vítimas Feridas;Pleno dia;Decrescente;Céu Claro;Dupla;Reta;Não;2;0;1;0;1;0;1;1;-22,13549808;-41,71500206;SPRF-RJ;DEL08-RJ;UOP04-DEL08-RJ
664563;01/03/2025;sábado;14:44:00;RJ;393;133;SAPUCAIA;Falta de acostamento;Colisão lateral mesmo sentido;Com Vítimas Feridas;Pleno dia;Decrescente;Sol;Simples;Reta;Sim;2;0;1;0;1;0;1;2;-22,00146928;-42,92873383;SPRF-RJ;DEL05-RJ;UOP01-DEL05-RJ
664564;01/03/2025;sábado;18:00:00;AL;423;88;CANAPI;Ingestão de álcool pelo condutor;Colisão traseira;Com Vítimas Feridas;Anoitecer;Crescente;Ignorado;Simples;Reta;Não;3;0;0;2;1;0;2;2;-9,2034027;-37,5321237;SPRF-BA;DEL07-BA;UOP01-DEL07-BA
664565;01/03/2025;sábado;17:20:00;SP;101;44;UBATUBA;Acessar a via sem observar a presença dos outros veículos;Colisão transversal;Com Vítimas Feridas;Pleno dia;Crescente;Céu Claro;Simples;Curva;Não;2;0;1;0;1;0;1;2;-23,40837175;-45,061782;SPRF-SP;DEL06-SP;UOP01-DEL06-SP
664567;01/03/2025;sábado;16:40:00;MT;364;347;SANTO ANTONIO DO LEVERGER;Reação tardia ou ineficiente do condutor;Queda de ocupante de veículo;Com Vítimas Feridas;Pleno dia;Decrescente;Nublado;Dupla;Curva;Não;1;0;1;0;0;0;1;1;-15,801351;-55,572809;SPRF-MT;DEL05-MT;UOP02-DEL05-MT
664568;01/03/2025;sábado;16:00:00;RJ;116;120;DUQUE DE CAXIAS;Ausência de reação do condutor;Colisão traseira;Com Vítimas Feridas;Pleno dia;Crescente;Céu Claro;Múltipla;Reta;Sim;2;0;1;0;1;0;1;2;-22,77738238;-43,28602633;SPRF-RJ;DEL04-RJ;UOP02-DEL04-RJ
664569;01/03/2025;sábado;18:50:00;PB;230;0,9;CABEDELO;Reação tardia ou ineficiente do condutor;Colisão traseira;Com Vítimas Feridas;Plena Noite;Crescente;Céu Claro;Simples;Reta;Sim;2;0;1;0;1;0;1;2;-6,9755552;-34,83170271;SPRF-PB;DEL01-PB;UOP01-DEL01-PB
664570;01/03/2025;sábado;19:00:00;SC;101;264;GAROPABA;Ausência de reação do condutor;Capotamento;Com Vítimas Feridas;Anoitecer;Crescente;Céu Claro;Dupla;Curva;Sim;4;0;0;4;0;0;4;1;-28,056819;-48,71752024;SPRF-SC;DEL02-SC;UOP03-DEL02-SC
664571;01/03/2025;sábado;19:05:00;SC;101;126,5;ITAJAI;Ausência de reação do condutor;Tombamento;Com Vítimas Feridas;Anoitecer;Decrescente;Céu Claro;Dupla;Reta;Não;2;0;1;1;0;0;2;1;-26,95785094;-48,67938995;SPRF-SC;DEL04-SC;UOP04-DEL04-SC
664572;01/03/2025;sábado;11:45:00;MT;158;2,8;BARRA DO GARCAS;Ausência de reação do condutor;Colisão transversal;Com Vítimas Feridas;Pleno dia;Decrescente;Sol;Dupla;Reta;Sim;3;0;3;0;0;0;3;2;-15,8845477;-52,27260708;SPRF-MT;DEL07-MT;UOP02-DEL07-MT
664573;01/03/2025;sábado;18:55:00;RN;101;69;EXTREMOZ;Acessar a via sem observar a presença dos outros veículos;Colisão transversal;Sem Vítimas;Plena Noite;Crescente;Nublado;Simples;Interseção de Vias;Sim;2;0;0;0;2;0;0;2;-5,67169433;-35,25894826;SPRF-RN;DEL02-RN;UOP01-DEL02-RN
664574;01/03/2025;sábado;19:00:00;PR;158;533,9;PATO BRANCO;Conversão proibida;Colisão lateral mesmo sentido;Com Vítimas Feridas;Plena Noite;Decrescente;Céu Claro;Simples;Curva;Não;5;0;1;0;4;0;1;2;-26,22485444;-52,68827308;SPRF-PR;DEL02-PR;UOP01-DEL02-PR
664575;01/03/2025;sábado;18:20:00;CE;304;39,9;ARACATI;Acessar a via sem observar a presença dos outros veículos;Colisão transversal;Com Vítimas Feridas;Plena Noite;Crescente;Garoa/Chuvisco;Simples;"Interseção de Vias;Retorno Regulamentado;Reta";Não;2;0;1;0;0;1;1;2;-4,579794;-37,849883;SPRF-CE;DEL03-CE;UOP02-DEL03-CE
664576;01/03/2025;sábado;19:40:00;RS;290;81;GRAVATAI;Ingestão de álcool pelo condutor;Colisão com objeto;Sem Vítimas;Plena Noite;Decrescente;Céu Claro;Múltipla;Reta;Sim;1;0;0;0;1;0;0;1;-29,95415371;-51,06196404;SPRF-RS;DEL01-RS;UOP01-DEL01-RS
664577;01/03/2025;sábado;18:10:00;SC;101;133,7;BALNEARIO CAMBORIU;Desrespeitar a preferência no cruzamento;Colisão transversal;Com Vítimas Feridas;Pleno dia;Crescente;Sol;Múltipla;Interseção de Vias;Sim;2;0;0;1;0;1;1;2;-27,00216959;-48,63797241;SPRF-SC;DEL04-SC;UOP03-DEL04-SC
664578;01/03/2025;sábado;18:45:00;MG;116;537,7;SANTA RITA DE MINAS;Ingestão de álcool pelo condutor;Colisão traseira;Com Vítimas Feridas;Anoitecer;Decrescente;Céu Claro;Simples;Reta;Sim;2;0;0;1;1;0;1;2;-19,876339;-42,13145;SPRF-MG;DEL06-MG;UOP02-DEL06-MG
664582;01/03/2025;sábado;17:30:00;SC;101;226,8;PALHOCA;Avarias e/ou desgaste excessivo no pneu;Tombamento;Com Vítimas Feridas;Anoitecer;Decrescente;Céu Claro;Múltipla;"Aclive;Reta";Sim;2;0;2;0;0;0;2;1;-27,74732028;-48,63612592;SPRF-SC;DEL01-SC;UOP02-DEL01-SC
664583;01/03/2025;sábado;16:00:00;MA;316;557,3;CAXIAS;Acumulo de água sobre o pavimento;Saída de leito carroçável;Com Vítimas Feridas;Pleno dia;Decrescente;Chuva;Simples;Curva;Não;2;0;1;0;1;0;1;1;-4,8791552;-43,4438144;SPRF-MA;DEL03-MA;UOP02-DEL03-MA
664584;01/03/2025;sábado;18:00:00;MG;116;99,7;MEDINA;Reação tardia ou ineficiente do condutor;Saída de leito carroçável;Com Vítimas Feridas;Plena Noite;Crescente;Nublado;Simples;Curva;Não;4;0;3;1;0;0;4;1;-16,427676;-41,494461;SPRF-MG;DEL11-MG;UOP02-DEL11-MG
664585;01/03/2025;sábado;20:00:00;DF;70;12;BRASILIA;Ingestão de álcool pelo condutor;Saída de leito carroçável;Com Vítimas Feridas;Plena Noite;Crescente;Céu Claro;Dupla;Reta;Sim;3;0;3;0;0;0;3;1;-15,79229444;-48,15847389;SPRF-DF;DEL03-DF;UOP02-DEL03-DF
664586;01/03/2025;sábado;20:10:00;MG;262;175,5;UBERABA;Acesso irregular;Colisão com objeto;Com Vítimas Feridas;Plena Noite;Decrescente;Céu Claro;Dupla;Reta;Sim;1;0;0;1;0;0;1;1;-19,778799;-47,966248;SPRF-MG;DEL03-MG;UOP01-DEL03-MG
664587;01/03/2025;sábado;19:40:00;ES;259;65,9;COLATINA;Ultrapassagem Indevida;Colisão lateral sentido oposto;Com Vítimas Feridas;Plena Noite;Decrescente;Chuva;Simples;Reta;Não;3;0;0;1;2;0;1;2;-19,51892315;-40,71749836;SPRF-ES;DEL02-ES;UOP01-DEL02-ES
664588;01/03/2025;sábado;21:01:00;RS;101;81;OSORIO;Ausência de reação do condutor;Saída de leito carroçável;Com Vítimas Feridas;Plena Noite;Crescente;Céu Claro;Simples;Curva;Não;2;0;1;0;1;0;1;1;-29,84007948;-50,24667383;SPRF-RS;DEL03-RS;UOP01-DEL03-RS
664589;01/03/2025;sábado;19:35:00;PR;376;672;GUARATUBA;Reação tardia ou ineficiente do condutor;Colisão traseira;Sem Vítimas;Plena Noite;Crescente;Céu Claro;Dupla;Reta;Não;2;0;0;0;2;0;0;2;-25,8956533;-48,9302367;SPRF-PR;DEL01-PR;UOP04-DEL01-PR
664590;01/03/2025;sábado;19:00:00;SC;282;96;ALFREDO WAGNER;Mal súbito do condutor;Saída de leito carroçável;Com Vítimas Feridas;Plena Noite;Crescente;Céu Claro;Simples;Curva;Não;1;0;0;1;0;0;1;1;-27,71287603;-49,24970085;SPRF-SC;DEL01-SC;UOP03-DEL01-SC
664591;01/03/2025;sábado;20:45:00;SC;101;326;CAPIVARI DE BAIXO;Demais falhas mecânicas ou elétricas;Tombamento;Com Vítimas Feridas;Plena Noite;Decrescente;Céu Claro;Múltipla;Reta;Sim;1;0;1;0;0;0;1;1;-28,42901505;-48,94928455;SPRF-SC;DEL02-SC;UOP01-DEL02-SC
664593;10/02/2025;segunda-feira;00:15:00;SP;101;48;UBATUBA;Transitar na contramão;Colisão frontal;Com Vítimas Feridas;Plena Noite;Crescente;Céu Claro;Simples;Reta;Sim;2;0;1;1;0;0;2;2;-23,44213121;-45,08590043;SPRF-SP;DEL06-SP;UOP01-DEL06-SP
664594;01/03/2025;sábado;20:00:00;RS;158;267,7;JULIO DE CASTILHOS;Ausência de reação do condutor;Saída de leito carroçável;Com Vítimas Feridas;Plena Noite;Crescente;Chuva;Simples;"Interseção de Vias;Reta";Não;1;0;1;0;0;0;1;1;-29,266226;-53,666786;SPRF-RS;DEL09-RS;UOP01-DEL09-RS
664595;01/03/2025;sábado;21:15:00;PB;230;85;BAYEUX;Demais falhas mecânicas ou elétricas;Tombamento;Com Vítimas Feridas;Plena Noite;Crescente;Chuva;Dupla;Reta;Não;2;0;2;0;0;0;2;1;-7,149137;-34,912364;SPRF-PB;DEL01-PB;UOP02-DEL01-PB
664596;01/03/2025;sábado;19:15:00;SC;280;305;PORTO UNIAO;Acessar a via sem observar a presença dos outros veículos;Colisão transversal;Com Vítimas Feridas;Plena Noite;Crescente;Céu Claro;Simples;Reta;Sim;3;0;1;0;2;0;1;2;-26,2639058;-51,0623595;SPRF-SC;DEL06-SC;UOP04-DEL06-SC
664598;01/03/2025;sábado;19:40:00;DF;70;7,8;BRASILIA;Acessar a via sem observar a presença dos outros veículos;Colisão traseira;Com Vítimas Feridas;Plena Noite;Decrescente;Céu Claro;Dupla;"Interseção de Vias;Aclive;Curva";Sim;5;0;3;0;2;0;3;2;-15,78381931;-48,12507324;SPRF-DF;DEL03-DF;UOP02-DEL03-DF
664599;01/03/2025;sábado;20:40:00;SC;470;9,6;NAVEGANTES;Ausência de reação do condutor;Colisão transversal;Com Vítimas Feridas;Plena Noite;Crescente;Céu Claro;Dupla;Reta;Não;2;0;0;1;1;0;1;2;-26,8340624;-48,73608112;SPRF-SC;DEL04-SC;UOP04-DEL04-SC
664600;01/03/2025;sábado;21:10:00;RS;472;577;URUGUAIANA;Demais falhas mecânicas ou elétricas;Colisão com objeto;Sem Vítimas;Plena Noite;Decrescente;Garoa/Chuvisco;Simples;Rotatória;Sim;2;0;0;0;2;0;0;1;-29,77992028;-57,06342816;SPRF-RS;DEL13-RS;UOP01-DEL13-RS
664601;01/03/2025;sábado;20:20:00;RJ;101;308;SAO GONCALO;Transitar na contramão;Colisão frontal;Sem Vítimas;Plena Noite;Crescente;Céu Claro;Dupla;Reta;Sim;4;0;0;0;4;0;0;2;-22,79438202;-43,03254604;SPRF-RJ;DEL02-RJ;UOP02-DEL02-RJ
664602;01/03/2025;sábado;19:30:00;MG;116;502,3;INHAPIM;Ausência de reação do condutor;Saída de leito carroçável;Com Vítimas Feridas;Plena Noite;Crescente;Céu Claro;Simples;Curva;Não;3;0;1;1;1;0;2;1;-19,58056086;-42,11380006;SPRF-MG;DEL06-MG;UOP02-DEL06-MG
664603;01/03/2025;sábado;21:00:00;PR;153;513;GENERAL CARNEIRO;Velocidade Incompatível;Saída de leito carroçável;Com Vítimas Feridas;Plena Noite;Crescente;Chuva;Simples;"Curva;Declive";Não;1;0;0;1;0;0;1;1;-26,547;-51,43;SPRF-PR;DEL02-PR;UOP03-DEL02-PR
664604;01/03/2025;sábado;21:30:00;SC;101;112;NAVEGANTES;Reação tardia ou ineficiente do condutor;Tombamento;Com Vítimas Feridas;Plena Noite;Decrescente;Céu Claro;Dupla;Reta;Sim;2;0;1;0;1;0;1;1;-26,8414948;-48,71599674;SPRF-SC;DEL04-SC;UOP04-DEL04-SC
664605;01/03/2025;sábado;18:00:00;MG;116;595,3;SAO JOAO DO MANHUACU;Ausência de reação do condutor;Queda de ocupante de veículo;Com Vítimas Feridas;Plena Noite;Crescente;Céu Claro;Simples;Reta;Não;1;0;0;1;0;0;1;1;-20,304;-42,151;SPRF-MG;DEL06-MG;UOP03-DEL06-MG
664608;01/03/2025;sábado;18:30:00;BA;101;292;INHAMBUPE;Ingestão de álcool pelo condutor;Colisão frontal;Sem Vítimas;Plena Noite;Decrescente;Chuva;Simples;"Reta;Aclive";Não;8;0;0;0;8;0;0;3;-11,7859;-38,3495;SPRF-BA;DEL01-BA;UOP02-DEL01-BA