id;data_inversa;dia_semana;horario;uf;br;km;municipio;causa_acidente;tipo_acidente;classificacao_acidente;fase_dia;sentido_via;condicao_metereologica;tipo_pista;tracado_via;uso_solo;pessoas;mortos;feridos_leves;feridos_graves;ilesos;ignorados;feridos;veiculos;latitude;longitude;regional;delegacia;uop
665057;04/03/2025;terça-feira;00:50:00;PR;376;0,3;SAO JOSE DOS PINHAIS;Velocidade Incompatível;Saída de leito carroçável;Com Vítimas Feridas;Plena Noite;Crescente;Céu Claro;Simples;"Interseção de Vias;Viaduto";Não;2;0;1;0;1;0;1;1;-25,56677186;-49,18287277;SPRF-PR;DEL01-PR;UOP04-DEL01-PR
665059;04/03/2025;terça-feira;01:30:00;SP;101;52;UBATUBA;Ausência de reação do condutor;Saída de leito carroçável;Sem Vítimas;Plena Noite;Crescente;Céu Claro;Simples;Rotatória;Sim;1;0;0;0;1;0;0;1;-23,46321888;-45,06431517;SPRF-SP;DEL06-SP;UOP01-DEL06-SP
665060;04/03/2025;terça-feira;00:30:00;MG;40;693,7;ALFREDO VASCONCELOS;Animais na Pista;Atropelamento de Animal;Com Vítimas Feridas;Plena Noite;Decrescente;Céu Claro;Simples;Curva;Não;2;0;2;0;0;0;2;1;-21,15088386;-43,76262302;SPRF-MG;DEL05-MG;UOP02-DEL05-MG
665062;04/03/2025;terça-feira;03:20:00;MG;381;661,6;SANTO ANTONIO DO AMPARO;Reação tardia ou ineficiente do condutor;Colisão com objeto;Com Vítimas Feridas;Plena Noite;Decrescente;Nublado;Dupla;Reta;Não;4;0;1;0;3;0;1;1;-21,01905;-44,99004;SPRF-MG;DEL04-MG;UOP02-DEL04-MG
665063;04/03/2025;terça-feira;03:10:00;GO;153;498;GOIANIA;Ingestão de álcool pelo condutor;Colisão traseira;Sem Vítimas;Plena Noite;Decrescente;Céu Claro;Dupla;Reta;Sim;2;0;0;0;2;0;0;2;-16,5821;-49,1655;SPRF-GO;DEL01-GO;UOP01-DEL01-GO
665066;04/03/2025;terça-feira;04:30:00;MG;381;686;LAVRAS;Reação tardia ou ineficiente do condutor;Colisão com objeto;Sem Vítimas;Amanhecer;Decrescente;Céu Claro;Dupla;Curva;Não;1;0;0;0;1;0;0;1;-21,1782688;-45,1230778;SPRF-MG;DEL04-MG;UOP02-DEL04-MG
665067;04/03/2025;terça-feira;04:45:00;PR;476;175;CONTENDA;Reação tardia ou ineficiente do condutor;Saída de leito carroçável;Com Vítimas Feridas;Amanhecer;Crescente;Céu Claro;Simples;Reta;Não;1;0;1;0;0;0;1;1;-25,69417487;-49,55284059;SPRF-PR;DEL01-PR;UOP06-DEL01-PR
665068;04/03/2025;terça-feira;05:20:00;GO;153;95;ANAPOLIS;Ingestão de álcool pelo condutor;Saída de leito carroçável;Com Vítimas Feridas;Plena Noite;Crescente;Céu Claro;Dupla;Retorno Regulamentado;Sim;2;0;1;0;1;0;1;1;-16,36563222;-48,93692005;SPRF-GO;DEL07-GO;UOP01-DEL07-GO
665069;04/03/2025;terça-feira;04:40:00;PR;153;34,3;SANTO ANTONIO DA PLATINA;Condutor Dormindo;Saída de leito carroçável;Com Vítimas Feridas;Amanhecer;Crescente;Céu Claro;Simples;"Reta;Aclive";Não;2;0;1;0;1;0;1;1;-23,24668729;-50,04184484;SPRF-PR;DEL07-PR;UOP04-DEL07-PR
665071;04/03/2025;terça-feira;06:13:00;PE;101;47;ITAPISSUMA;Manobra de mudança de faixa;Colisão traseira;Com Vítimas Feridas;Pleno dia;Crescente;Céu Claro;Simples;Reta;Não;2;0;0;1;1;0;1;2;-7,7299712;-34,9405184;SPRF-PE;DEL01-PE;UOP02-DEL01-PE
665072;04/03/2025;terça-feira;06:00:00;SP;381;70;MAIRIPORA;Reação tardia ou ineficiente do condutor;Colisão com objeto;Sem Vítimas;Plena Noite;Crescente;Céu Claro;Múltipla;"Aclive;Reta";Não;1;0;0;0;0;1;0;1;-23,3494293;-46,55638678;SPRF-SP;DEL03-SP;UOP01-DEL03-SP
665075;04/03/2025;terça-feira;06:50:00;PE;101;50,8;ABREU E LIMA;Pedestre cruzava a pista fora da faixa;Tombamento;Com Vítimas Feridas;Pleno dia;Crescente;Céu Claro;Múltipla;Reta;Sim;1;0;1;0;0;0;1;1;-7,916028;-34,897908;SPRF-PE;DEL01-PE;UOP02-DEL01-PE
665076;04/03/2025;terça-feira;06:00:00;RJ;356;84;CARDOSO MOREIRA;Ausência de reação do condutor;Colisão com objeto;Com Vítimas Feridas;Amanhecer;Crescente;Nublado;Simples;Reta;Não;4;0;1;0;3;0;1;1;-21,50716272;-41,60866153;SPRF-RJ;DEL08-RJ;UOP03-DEL08-RJ
665077;04/03/2025;terça-feira;06:30:00;RJ;101;422;MANGARATIBA;Demais falhas mecânicas ou elétricas;Saída de leito carroçável;Com Vítimas Feridas;Pleno dia;Decrescente;Céu Claro;Simples;Curva;Sim;2;0;2;0;0;0;2;1;-22,91823916;-43,94835949;SPRF-RJ;DEL03-RJ;UOP02-DEL03-RJ
665078;04/03/2025;terça-feira;05:30:00;MT;174;4;PONTES E LACERDA;Ingestão de álcool pelo condutor;Atropelamento de Pedestre;Com Vítimas Feridas;Amanhecer;Decrescente;Nublado;Simples;Reta;Sim;3;0;0;1;1;1;1;2;-15,233919;-59,3444203;SPRF-MT;DEL03-MT;UOP01-DEL03-MT
665079;04/03/2025;terça-feira;05:50:00;RJ;101;58;CAMPOS DOS GOYTACAZES;Reação tardia ou ineficiente do condutor;Colisão frontal;Com Vítimas Feridas;Amanhecer;Crescente;Nublado;Simples;Reta;Sim;2;0;0;1;0;1;1;2;-21,70697237;-41,30945742;SPRF-RJ;DEL08-RJ;UOP01-DEL08-RJ
665080;04/03/2025;terça-feira;05:22:00;MT;163;74,9;RONDONOPOLIS;Animais na Pista;Atropelamento de Animal;Com Vítimas Feridas;Amanhecer;Crescente;Céu Claro;Dupla;Reta;Não;2;0;1;0;1;0;1;1;-16,85000392;-54,70417857;SPRF-MT;DEL02-MT;UOP03-DEL02-MT
665082;04/03/2025;terça-feira;06:30:00;SC;101;244,7;PAULO LOPES;Ausência de reação do condutor;Capotamento;Com Vítimas Feridas;Amanhecer;Decrescente;Céu Claro;Dupla;Reta;Não;2;0;1;0;1;0;1;1;-28,082176;-48,709632;SPRF-SC;DEL01-SC;UOP02-DEL01-SC
665084;04/03/2025;terça-feira;07:10:00;PR;116;121;CURITIBA;Condutor deixou de manter distância do veículo da frente;Colisão traseira;Com Vítimas Feridas;Pleno dia;Decrescente;Céu Claro;Simples;Reta;Sim;2;0;1;0;0;1;1;2;-25,595698;-49,316297;SPRF-PR;DEL01-PR;UOP03-DEL01-PR
665085;04/03/2025;terça-feira;07:45:00;SP;116;339;JUQUITIBA;Reação tardia ou ineficiente do condutor;Colisão traseira;Com Vítimas Feridas;Pleno dia;Crescente;Céu Claro;Dupla;"Reta;Declive";Não;3;0;2;0;1;0;2;2;-24,00097301;-47,1508386;SPRF-SP;DEL04-SP;UOP03-DEL04-SP
665087;04/03/2025;terça-feira;07:15:00;PR;277;60;SAO JOSE DOS PINHAIS;Avarias e/ou desgaste excessivo no pneu;Tombamento;Com Vítimas Feridas;Pleno dia;Decrescente;Céu Claro;Dupla;Reta;Não;1;0;1;0;0;0;1;1;-25,55012199;-49,04174927;SPRF-PR;DEL01-PR;UOP01-DEL01-PR
665088;04/03/2025;terça-feira;08:50:00;MG;40;557,3;NOVA LIMA;Avarias e/ou desgaste excessivo no pneu;Tombamento;Com Vítimas Feridas;Pleno dia;Crescente;Nublado;Dupla;Curva;Não;2;0;2;0;0;0;2;1;-20,1120858;-43,9697497;SPRF-MG;DEL01-MG;UOP02-DEL01-MG
665090;04/03/2025;terça-feira;06:45:00;RN;304;179;ANGICOS;Reação tardia ou ineficiente do condutor;Saída de leito carroçável;Com Vítimas Feridas;Pleno dia;Decrescente;Céu Claro;Simples;Reta;Não;1;0;1;0;0;0;1;1;-5,690493;-36,341805;SPRF-RN;DEL01-RN;UOP03-DEL01-RN
665092;03/03/2025;segunda-feira;20:40:00;AC;364;510;FEIJO;Ingestão de álcool pelo condutor;Colisão traseira;Sem Vítimas;Plena Noite;Decrescente;Ignorado;Simples;Reta;Não;3;0;0;0;3;0;0;2;-8,15980727;-70,42646582;SPRF-AC;DEL01-AC;UOP01-DEL01-AC
665093;04/03/2025;terça-feira;07:30:00;MG;365;771;ITUIUTABA;Condutor Dormindo;Saída de leito carroçável;Com Vítimas Feridas;Amanhecer;Decrescente;Céu Claro;Simples;Reta;Não;4;0;3;1;0;0;4;1;-18,96055995;-49,63511467;SPRF-MG;DEL15-MG;UOP03-DEL15-MG
665095;04/03/2025;terça-feira;09:00:00;PR;487;169,1;CAMPO MOURAO;Acessar a via sem observar a presença dos outros veículos;Colisão transversal;Com Vítimas Feridas;Pleno dia;Crescente;Céu Claro;Simples;"Reta;Declive";Não;4;0;1;0;3;0;1;2;-24,02157978;-52,44497001;SPRF-PR;DEL09-PR;UOP03-DEL09-PR
665096;04/03/2025;terça-feira;09:15:00;PB;230;119;RIACHAO DO BACAMARTE;Reação tardia ou ineficiente do condutor;Saída de leito carroçável;Com Vítimas Feridas;Pleno dia;Crescente;Sol;Dupla;Reta;Não;1;0;1;0;0;0;1;1;-7,243405;-35,638282;SPRF-PB;DEL02-PB;UOP01-DEL02-PB
665097;04/03/2025;terça-feira;10:30:00;SP;116;220;GUARULHOS;Estacionar ou parar em local proibido;Colisão transversal;Com Vítimas Feridas;Pleno dia;Decrescente;Sol;Múltipla;Reta;Sim;2;0;0;1;1;0;1;2;-23,4160128;-46,3896576;SPRF-SP;DEL01-SP;UOP01-DEL01-SP
665098;04/03/2025;terça-feira;08:40:00;AL;101;40,8;FLEXEIRAS;Velocidade Incompatível;Saída de leito carroçável;Com Vítimas Feridas;Pleno dia;Decrescente;Chuva;Dupla;Curva;Não;1;0;1;0;0;0;1;1;-9,26866014;-35,77646255;SPRF-AL;DEL01-AL;UOP02-DEL01-AL
665099;04/03/2025;terça-feira;09:50:00;MT;163;831;SINOP;Reação tardia ou ineficiente do condutor;Colisão com objeto;Com Vítimas Feridas;Pleno dia;Decrescente;Nublado;Dupla;"Retorno Regulamentado;Rotatória";Sim;2;0;2;0;0;0;2;1;-11,87987912;-55,50093842;SPRF-MT;DEL06-MT;UOP02-DEL06-MT
665100;04/03/2025;terça-feira;10:05:00;RS;392;6,7;RIO GRANDE;Ausência de reação do condutor;Colisão com objeto;Com Vítimas Feridas;Pleno dia;Crescente;Sol;Simples;Curva;Sim;1;0;1;0;0;0;1;1;-32,10671538;-52,11158752;SPRF-RS;DEL07-RS;UOP02-DEL07-RS
665101;04/03/2025;terça-feira;10:00:00;MG;262;169;SAO DOMINGOS DO PRATA;Acessar a via sem observar a presença dos outros veículos;Colisão transversal;Com Vítimas Feridas;Pleno dia;Decrescente;Céu Claro;Simples;Reta;Não;5;0;3;2;0;0;5;2;-19,959878;-42,910331;SPRF-MG;DEL03-MG;UOP01-DEL03-MG
665103;04/03/2025;terça-feira;11:00:00;ES;101;278,9;SERRA;Ausência de reação do condutor;Saída de leito carroçável;Com Vítimas Feridas;Pleno dia;Crescente;Chuva;Simples;"Curva;Aclive;Viaduto";Não;2;0;2;0;0;0;2;1;-20,21726296;-40,33709049;SPRF-ES;DEL02-ES;UOP01-DEL02-ES
665104;04/03/2025;terça-feira;10:55:00;ES;259;8;JOAO NEIVA;Transitar na contramão;Colisão lateral sentido oposto;Com Vítimas Feridas;Pleno dia;Crescente;Céu Claro;Simples;Curva;Não;2;0;1;0;1;0;1;2;-19,691426;-40,388475;SPRF-ES;DEL02-ES;UOP01-DEL02-ES
665105;04/03/2025;terça-feira;11:40:00;BA;101;716;EUNAPOLIS;Acessar a via sem observar a presença dos outros veículos;Colisão transversal;Com Vítimas Feridas;Pleno dia;Decrescente;Nublado;Simples;Reta;Sim;2;0;1;0;1;0;1;2;-16,37537716;-39,58738144;SPRF-BA;DEL09-BA;UOP01-DEL09-BA
665106;04/03/2025;terça-feira;10:30:00;SC;280;30,9;MAFRA;Ausência de reação do condutor;Tombamento;Sem Vítimas;Pleno dia;Crescente;Céu Claro;Simples;Reta;Não;1;0;0;0;1;0;0;1;-26,20386631;-49,79088509;SPRF-SC;DEL03-SC;UOP03-DEL03-SC
665107;23/02/2025;domingo;01:50:00;MS;463;45;PONTA PORA;Animais na Pista;Atropelamento de Animal;Com Vítimas Feridas;Plena Noite;Crescente;Céu Claro;Simples;Reta;Não;2;0;2;0;0;0;2;1;-22,341977;-55,200605;SPRF-MS;DEL04-MS;UOP03-DEL04-MS
665108;04/03/2025;terça-feira;11:10:00;SP;101;39,5;UBATUBA;Velocidade Incompatível;Colisão lateral sentido oposto;Com Vítimas Feridas;Pleno dia;Decrescente;Céu Claro;Simples;Curva;Não;2;0;1;0;1;0;1;2;-23,3959419;-45,0070038;SPRF-SP;DEL06-SP;UOP01-DEL06-SP
665109;04/03/2025;terça-feira;11:45:00;AL;104;74,5;MESSIAS;Velocidade Incompatível;Saída de leito carroçável;Com Vítimas Feridas;Pleno dia;Decrescente;Nublado;Simples;"Aclive;Viaduto;Curva";Não;2;0;1;0;1;0;1;1;-9,36858548;-35,830985;SPRF-AL;DEL01-AL;UOP01-DEL01-AL
665110;04/03/2025;terça-feira;10:45:00;SC;282;532;CORDILHEIRA ALTA;Reação tardia ou ineficiente do condutor;Tombamento;Com Vítimas Feridas;Pleno dia;Crescente;Céu Claro;Simples;Curva;Não;1;0;1;0;0;0;1;1;-26,9880838;-52,61088354;SPRF-SC;DEL07-SC;UOP01-DEL07-SC
665111;04/03/2025;terça-feira;11:30:00;GO;60;118,1;TEREZOPOLIS DE GOIAS;Manobra de mudança de faixa;Colisão traseira;Com Vítimas Feridas;Pleno dia;Crescente;Sol;Dupla;Reta;Sim;2;0;2;0;0;0;2;2;-16,484137;-49,093103;SPRF-GO;DEL01-GO;UOP01-DEL01-GO
665112;04/03/2025;terça-feira;10:30:00;RJ;116;146;DUQUE DE CAXIAS;Ausência de reação do condutor;Colisão com objeto;Com Vítimas Feridas;Pleno dia;Decrescente;Céu Claro;Dupla;Reta;Sim;1;0;1;0;0;0;1;1;-22,6657179;-43,2608888;SPRF-RJ;DEL01-RJ;UOP02-DEL01-RJ
665113;04/03/2025;terça-feira;12:30:00;SC;101;136,5;BALNEARIO CAMBORIU;Acessar a via sem observar a presença dos outros veículos;Colisão lateral mesmo sentido;Com Vítimas Feridas;Pleno dia;Crescente;Céu Claro;Múltipla;Curva;Sim;2;0;1;0;1;0;1;2;-27,01570205;-48,61175537;SPRF-SC;DEL04-SC;UOP03-DEL04-SC
665114;04/03/2025;terça-feira;12:05:00;RJ;116;134;MAGE;Manobra de mudança de faixa;Colisão traseira;Com Vítimas Feridas;Pleno dia;Crescente;Céu Claro;Dupla;Reta;Sim;2;0;1;0;1;0;1;2;-22,65365768;-43,15329725;SPRF-RJ;DEL04-RJ;UOP02-DEL04-RJ
665115;04/03/2025;terça-feira;11:20:00;BA;116;554,7;MILAGRES;Velocidade Incompatível;Saída de leito carroçável;Com Vítimas Feridas;Pleno dia;Crescente;Chuva;Simples;"Declive;Curva";Não;2;0;2;0;0;0;2;1;-12,9346454;-39,8926161;SPRF-BA;DEL03-BA;UOP02-DEL03-BA
665116;04/03/2025;terça-feira;12:40:00;MG;262;368;JUATUBA;Ausência de reação do condutor;Saída de leito carroçável;Com Vítimas Feridas;Pleno dia;Crescente;Céu Claro;Dupla;Reta;Sim;1;0;1;0;0;0;1;1;-19,965463;-44,3423145;SPRF-MG;DEL01-MG;UOP03-DEL01-MG
665121;04/03/2025;terça-feira;12:50:00;MS;60;564,1;BANDEIRANTES;Velocidade Incompatível;Saída de leito carroçável;Com Vítimas Feridas;Pleno dia;Crescente;Céu Claro;Simples;"Reta;Declive";Não;2;0;1;0;1;0;1;1;-19,7790097;-54,36405;SPRF-MS;DEL05-MS;UOP01-DEL05-MS
665122;04/03/2025;terça-feira;07:50:00;MG;381;245;SANTANA DO PARAISO;Ultrapassagem Indevida;Colisão frontal;Com Vítimas Feridas;Pleno dia;Decrescente;Chuva;Simples;Reta;Não;2;0;1;1;0;0;2;2;-19,39869;-42,483929;SPRF-MG;DEL06-MG;UOP01-DEL06-MG
665123;04/03/2025;terça-feira;12:10:00;RJ;101;278;TANGUA;Condutor Dormindo;Colisão com objeto;Com Vítimas Feridas;Pleno dia;Crescente;Sol;Dupla;Reta;Sim;3;0;2;1;0;0;3;1;-22,73887905;-42,74756094;SPRF-RJ;DEL02-RJ;UOP03-DEL02-RJ
665124;04/03/2025;terça-feira;07:40:00;SC;101;41,3;JOINVILLE;Transitar na contramão;Colisão transversal;Com Vítimas Feridas;Pleno dia;Decrescente;Sol;Dupla;"Interseção de Vias;Viaduto;Rotatória";Sim;2;0;1;0;1;0;1;2;-26,31865635;-48,8713342;SPRF-SC;DEL03-SC;UOP01-DEL03-SC
665125;04/03/2025;terça-feira;10:30:00;RS;472;126,3;SAO JOSE DO INHACORA;Animais na Pista;Saída de leito carroçável;Com Vítimas Feridas;Pleno dia;Crescente;Céu Claro;Simples;Curva;Não;1;0;0;1;0;0;1;1;-27,72630036;-54,1917479;SPRF-RS;DEL10-RS;UOP01-DEL10-RS
665126;04/03/2025;terça-feira;14:15:00;RS;116;222,5;DOIS IRMAOS;Ausência de reação do condutor;Saída de leito carroçável;Com Vítimas Feridas;Pleno dia;Crescente;Céu Claro;Simples;Curva;Sim;1;0;1;0;0;0;1;1;-29,5815356;-51,0957249;SPRF-RS;DEL01-RS;UOP02-DEL01-RS
665127;04/03/2025;terça-feira;14:10:00;MG;40;562,7;NOVA LIMA;Retorno proibido;Colisão lateral mesmo sentido;Com Vítimas Feridas;Pleno dia;Crescente;Céu Claro;Dupla;Curva;Não;2;0;1;0;1;0;1;2;-20,1567869;-43,9644662;SPRF-MG;DEL01-MG;UOP02-DEL01-MG
665129;04/03/2025;terça-feira;04:10:00;RJ;40;116;DUQUE DE CAXIAS;Ingestão de álcool pelo condutor;Saída de leito carroçável;Sem Vítimas;Plena Noite;Decrescente;Céu Claro;Múltipla;Reta;Não;2;0;0;0;2;0;0;1;-22,74345054;-43,28789897;SPRF-RJ;DEL01-RJ;UOP02-DEL01-RJ
665132;04/03/2025;terça-feira;14:10:00;DF;40;8;BRASILIA;Manobra de mudança de faixa;Colisão traseira;Com Vítimas Feridas;Pleno dia;Crescente;Céu Claro;Dupla;Reta;Sim;2;0;0;1;1;0;1;2;-16,04479993;-47,98070854;SPRF-DF;DEL01-DF;UOP01-DEL01-DF
665133;04/03/2025;terça-feira;15:20:00;RN;101;102,3;PARNAMIRIM;Velocidade Incompatível;Capotamento;Com Vítimas Feridas;Pleno dia;Crescente;Céu Claro;Dupla;Curva;Sim;3;0;1;0;0;2;1;2;-5,88909;-35,24229;SPRF-RN;DEL01-RN;UOP01-DEL01-RN
665134;04/03/2025;terça-feira;14:40:00;SP;116;205,8;GUARULHOS;Ausência de sinalização;Queda de ocupante de veículo;Com Vítimas Feridas;Pleno dia;Crescente;Céu Claro;Dupla;Reta;Não;1;0;1;0;0;0;1;1;-23,41617926;-46,3722986;SPRF-SP;DEL01-SP;UOP01-DEL01-SP
665135;04/03/2025;terça-feira;13:00:00;RJ;101;334;RIO DE JANEIRO;Ausência de reação do condutor;Queda de ocupante de veículo;Com Vítimas Feridas;Pleno dia;Crescente;Céu Claro;Múltipla;"Ponte;Reta";Sim;2;0;2;0;0;0;2;1;-22,88162619;-43,21405113;SPRF-RJ;DEL02-RJ;UOP01-DEL02-RJ
665136;04/03/2025;terça-feira;15:20:00;RS;290;176;BUTIA;Desrespeitar a preferência no cruzamento;Colisão transversal;Com Vítimas Feridas;Pleno dia;Crescente;Céu Claro;Simples;Reta;Sim;2;0;1;0;1;0;1;2;-30,1311909;-51,9726491;SPRF-RS;DEL02-RS;UOP03-DEL02-RS
665137;04/03/2025;terça-feira;10:35:00;RJ;465;21;NOVA IGUACU;Transitar no Acostamento;Atropelamento de Pedestre;Com Vítimas Feridas;Plena Noite;Crescente;Ignorado;Simples;Curva;Sim;2;0;0;1;0;1;1;2;-22,85337851;-43,60207558;SPRF-RJ;DEL06-RJ;UOP02-DEL06-RJ
665138;04/03/2025;terça-feira;13:00:00;MG;40;304,5;TRES MARIAS;Reação tardia ou ineficiente do condutor;Saída de leito carroçável;Com Vítimas Feridas;Pleno dia;Crescente;Céu Claro;Simples;Reta;Não;3;0;1;0;2;0;1;1;-18,37150615;-45,09717509;SPRF-MG;DEL14-MG;UOP02-DEL14-MG
665139;04/03/2025;terça-feira;13:10:00;SC;101;150;ITAPEMA;Trafegar com motocicleta (ou similar) entre as faixas;Colisão lateral mesmo sentido;Com Vítimas Feridas;Pleno dia;Decrescente;Céu Claro;Múltipla;Reta;Sim;2;0;1;0;1;0;1;2;-27,12364787;-48,60928707;SPRF-SC;DEL04-SC;UOP03-DEL04-SC
665140;01/03/2025;sábado;01:40:00;SC;101;136,3;BALNEARIO CAMBORIU;Transitar na contramão;Colisão lateral sentido oposto;Com Vítimas Feridas;Plena Noite;Crescente;Céu Claro;Múltipla;"Interseção de Vias;Reta";Sim;2;0;0;1;0;1;1;2;-27,01088513;-48,61486606;SPRF-SC;DEL04-SC;UOP03-DEL04-SC
665141;04/03/2025;terça-feira;14:50:00;MG;40;634,9;CONSELHEIRO LAFAIETE;Demais falhas mecânicas ou elétricas;Saída de leito carroçável;Com Vítimas Feridas;Pleno dia;Crescente;Sol;Simples;"Declive;Reta";Não;4;0;2;1;1;0;3;1;-20,700862;-43,792957;SPRF-MG;DEL05-MG;UOP02-DEL05-MG
665142;04/03/2025;terça-feira;15:40:00;CE;222;20;CAUCAIA;Acessar a via sem observar a presença dos outros veículos;Colisão transversal;Com Vítimas Feridas;Pleno dia;Crescente;Nublado;Simples;"Em Obras;Reta";Não;2;0;2;0;0;0;2;2;-3,737;-38,744;SPRF-CE;DEL01-CE;UOP01-DEL01-CE
665144;04/03/2025;terça-feira;15:50:00;RJ;101;542;PARATY;Acessar a via sem observar a presença dos outros veículos;Colisão lateral mesmo sentido;Com Vítimas Feridas;Pleno dia;Crescente;Céu Claro;Simples;Curva;Sim;3;0;2;0;1;0;2;2;-23,04182523;-44,59796906;SPRF-RJ;DEL03-RJ;UOP04-DEL03-RJ
665145;04/03/2025;terça-feira;16:00:00;PR;369;81,9;CORNELIO PROCOPIO;Reação tardia ou ineficiente do condutor;Tombamento;Com Vítimas Feridas;Pleno dia;Crescente;Céu Claro;Simples;Reta;Não;1;0;1;0;0;0;1;1;-23,147706;-50,594142;SPRF-PR;DEL07-PR;UOP05-DEL07-PR
665146;04/03/2025;terça-feira;16:20:00;SC;101;88;BARRA VELHA;Transitar na contramão;Colisão transversal;Com Vítimas Feridas;Pleno dia;Decrescente;Sol;Dupla;"Interseção de Vias;Reta";Sim;2;0;1;1;0;0;2;2;-26,64869047;-48,68642271;SPRF-SC;DEL03-SC;UOP02-DEL03-SC
665148;04/03/2025;terça-feira;16:18:00;ES;101;269;FUNDAO;Condutor desrespeitou a iluminação vermelha do semáforo;Colisão transversal;Com Vítimas Feridas;Pleno dia;Decrescente;Garoa/Chuvisco;Dupla;Reta;Sim;3;0;0;1;2;0;1;2;-20,0245248;-40,1965056;SPRF-ES;DEL02-ES;UOP01-DEL02-ES
665149;04/03/2025;terça-feira;16:40:00;RS;386;421;MONTENEGRO;Afundamento ou ondulação no pavimento;Tombamento;Com Vítimas Feridas;Pleno dia;Crescente;Céu Claro;Dupla;Curva;Não;3;0;1;0;2;0;1;2;-29,8165345;-51,4030838;SPRF-RS;DEL04-RS;UOP02-DEL04-RS
665150;04/03/2025;terça-feira;16:50:00;RS;386;421;MONTENEGRO;Ausência de reação do condutor;Colisão traseira;Sem Vítimas;Pleno dia;Crescente;Céu Claro;Dupla;Curva;Não;2;0;0;0;2;0;0;2;-29,815164;-51,400998;SPRF-RS;DEL04-RS;UOP02-DEL04-RS
665151;04/03/2025;terça-feira;16:40:00;PR;376;631,3;SAO JOSE DOS PINHAIS;Condutor deixou de manter distância do veículo da frente;Colisão traseira;Com Vítimas Feridas;Pleno dia;Decrescente;Céu Claro;Dupla;Reta;Sim;6;0;2;0;4;0;2;2;-25,71416664;-49,13889312;SPRF-PR;DEL01-PR;UOP04-DEL01-PR
665152;04/03/2025;terça-feira;16:56:00;RN;226;61;SENADOR ELOI DE SOUZA;Ausência de reação do condutor;Engavetamento;Com Vítimas Feridas;Pleno dia;Crescente;Sol;Simples;Reta;Não;7;0;1;0;6;0;1;5;-6,049628;-35,674495;SPRF-RN;DEL01-RN;UOP02-DEL01-RN
665154;04/03/2025;terça-feira;16:45:00;SC;101;196;BIGUACU;Pedestre andava na pista;Atropelamento de Pedestre;Com Vítimas Feridas;Pleno dia;Crescente;Céu Claro;Dupla;Reta;Sim;2;0;1;0;0;1;1;2;-27,52340493;-48,63715589;SPRF-SC;DEL01-SC;UOP01-DEL01-SC
665155;04/03/2025;terça-feira;15:45:00;MS;163;673;RIO VERDE DE MATO GROSSO;Ausência de reação do condutor;Colisão traseira;Com Vítimas Feridas;Pleno dia;Crescente;Céu Claro;Simples;Reta;Não;5;0;1;0;4;0;1;2;-19,01805401;-54,82730001;SPRF-MS;DEL06-MS;UOP02-DEL06-MS
665156;04/03/2025;terça-feira;17:10:00;GO;60;102;ANAPOLIS;Ingestão de álcool pelo condutor;Engavetamento;Com Vítimas Feridas;Pleno dia;Crescente;Sol;Dupla;Reta;Sim;3;0;1;0;2;0;1;3;-16,40264;-48,97656;SPRF-GO;DEL02-GO;UOP01-DEL02-GO
665158;04/03/2025;terça-feira;12:29:00;MT;163;696;SORRISO;Condutor Dormindo;Saída de leito carroçável;Com Vítimas Feridas;Pleno dia;Decrescente;Nublado;Simples;Reta;Não;1;0;1;0;0;0;1;1;-13,0081;-55,8898;SPRF-MT;DEL06-MT;UOP01-DEL06-MT
665159;04/03/2025;terça-feira;17:00:00;PR;277;62;SAO JOSE DOS PINHAIS;Avarias e/ou desgaste excessivo no pneu;Tombamento;Com Vítimas Feridas;Pleno dia;Crescente;Céu Claro;Dupla;Reta;Não;2;0;2;0;0;0;2;1;-25,543732;-49,055589;SPRF-PR;DEL01-PR;UOP01-DEL01-PR
665160;09/02/2025;domingo;05:38:00;MT;163;746;SORRISO;Demais falhas na via;Tombamento;Com Vítimas Feridas;Pleno dia;Decrescente;Nublado;Dupla;"Em Obras;Reta;Desvio Temporário";Sim;1;0;1;0;0;0;1;1;-12,60122014;-55,74980952;SPRF-MT;DEL06-MT;UOP01-DEL06-MT
665161;04/03/2025;terça-feira;16:45:00;MG;40;757,1;EWBANK DA CAMARA;Reação tardia ou ineficiente do condutor;Colisão com objeto;Com Vítimas Feridas;Pleno dia;Crescente;Céu Claro;Simples;Curva;Não;1;0;1;0;0;0;1;1;-21,54380868;-43,51176023;SPRF-MG;DEL05-MG;UOP01-DEL05-MG
665162;04/03/2025;terça-feira;16:44:00;RS;290;24,5;SANTO ANTONIO DA PATRULHA;Condutor deixou de manter distância do veículo da frente;Colisão lateral mesmo sentido;Com Vítimas Feridas;Pleno dia;Crescente;Céu Claro;Dupla;Reta;Não;2;0;0;2;0;0;2;2;-29,880722;-50,499717;SPRF-RS;DEL03-RS;UOP01-DEL03-RS
665164;04/03/2025;terça-feira;17:30:00;SP;116;179;GUARAREMA;Ausência de reação do condutor;Queda de ocupante de veículo;Com Vítimas Feridas;Pleno dia;Crescente;Céu Claro;Dupla;Curva;Não;1;0;1;0;0;0;1;1;-23,329606;-46,1354076;SPRF-SP;DEL01-SP;UOP01-DEL01-SP
665165;04/03/2025;terça-feira;17:10:00;CE;222;3;CAUCAIA;Acessar a via sem observar a presença dos outros veículos;Colisão lateral mesmo sentido;Com Vítimas Feridas;Anoitecer;Decrescente;Nublado;Múltipla;Reta;Não;2;0;2;0;0;0;2;2;-3,7562839;-38,6267534;SPRF-CE;DEL01-CE;UOP01-DEL01-CE