id;data_inversa;dia_semana;horario;uf;br;km;municipio;causa_acidente;tipo_acidente;classificacao_acidente;fase_dia;sentido_via;condicao_metereologica;tipo_pista;tracado_via;uso_solo;pessoas;mortos;feridos_leves;feridos_graves;ilesos;ignorados;feridos;veiculos;latitude;longitude;regional;delegacia;uop
665400;05/03/2025;quarta-feira;19:00:00;RO;364;650;ITAPUA DO OESTE;Demais falhas mecânicas ou elétricas;Incêndio;Sem Vítimas;Anoitecer;Decrescente;Nublado;Simples;Reta;Não;2;0;0;0;1;1;0;1;-9,19105715;-63,19044113;SPRF-RO;DEL01-RO;UOP01-DEL01-RO
665401;05/03/2025;quarta-feira;19:45:00;RR;401;16;CANTA;Iluminação deficiente;Colisão lateral mesmo sentido;Com Vítimas Feridas;Plena Noite;Crescente;Céu Claro;Simples;Reta;Não;2;0;0;1;0;1;1;2;2,81582142;-60,6027507;SPRF-RR;DEL01-RR;UOP01-DEL01-RR
665402;05/03/2025;quarta-feira;21:30:00;SC;101;137,8;BALNEARIO CAMBORIU;Reação tardia ou ineficiente do condutor;Colisão com objeto;Com Vítimas Feridas;Plena Noite;Crescente;Céu Claro;Simples;Reta;Sim;1;0;0;1;0;0;1;1;-27,02126;-48,60931;SPRF-SC;DEL04-SC;UOP03-DEL04-SC
665403;05/03/2025;quarta-feira;21:20:00;RJ;101;533;PARATY;Transitar na contramão;Colisão frontal;Com Vítimas Feridas;Plena Noite;Decrescente;Céu Claro;Simples;Reta;Não;2;0;1;1;0;0;2;2;-23,02777588;-44,53967862;SPRF-RJ;DEL03-RJ;UOP03-DEL03-RJ
665404;05/03/2025;quarta-feira;18:00:00;RJ;393;298;BARRA MANSA;Acessar a via sem observar a presença dos outros veículos;Colisão transversal;Com Vítimas Feridas;Plena Noite;Crescente;Céu Claro;Simples;Reta;Sim;2;0;1;0;1;0;1;2;-22,5426046;-44,11325097;SPRF-RJ;DEL07-RJ;UOP02-DEL07-RJ
665405;05/03/2025;quarta-feira;21:00:00;MA;135;24,8;BACABEIRA;Condutor Dormindo;Saída de leito carroçável;Sem Vítimas;Plena Noite;Crescente;Chuva;Dupla;"Declive;Curva";Não;1;0;0;0;0;1;0;1;-2,765383;-44,36249;SPRF-MA;DEL01-MA;UOP01-DEL01-MA
665406;05/03/2025;quarta-feira;18:15:00;PI;343;451;AGUA BRANCA;Reação tardia ou ineficiente do condutor;Capotamento;Com Vítimas Feridas;Plena Noite;Decrescente;Garoa/Chuvisco;Simples;Reta;Não;3;0;3;0;0;0;3;1;-5,90599433;-42,67227173;SPRF-PI;DEL01-PI;UOP02-DEL01-PI
665407;05/03/2025;quarta-feira;21:00:00;RJ;356;44;ITAPERUNA;Reação tardia ou ineficiente do condutor;Colisão traseira;Com Vítimas Feridas;Plena Noite;Decrescente;Céu Claro;Simples;Reta;Não;7;0;2;0;5;0;2;2;-21,21129954;-41,87850952;SPRF-RJ;DEL08-RJ;UOP03-DEL08-RJ
665408;05/03/2025;quarta-feira;22:00:00;RJ;101;477;ANGRA DOS REIS;Objeto estático sobre o leito carroçável;Queda de ocupante de veículo;Com Vítimas Feridas;Plena Noite;Crescente;Céu Claro;Simples;Curva;Sim;1;0;1;0;0;0;1;1;-22,99843779;-44,26672563;SPRF-RJ;DEL03-RJ;UOP03-DEL03-RJ
665409;05/03/2025;quarta-feira;21:48:00;PB;101;18;RIO TINTO;Demais falhas mecânicas ou elétricas;Colisão com objeto;Com Vítimas Feridas;Plena Noite;Decrescente;Céu Claro;Dupla;Reta;Não;2;0;2;0;0;0;2;1;-6,64977425;-35,12075257;SPRF-PB;DEL01-PB;UOP03-DEL01-PB
665410;05/03/2025;quarta-feira;19:00:00;SC;280;33,4;ARAQUARI;Acessar a via sem observar a presença dos outros veículos;Colisão transversal;Com Vítimas Feridas;Plena Noite;Crescente;Céu Claro;Simples;Reta;Sim;2;0;1;0;1;0;1;2;-26,426663;-48,788463;SPRF-SC;DEL03-SC;UOP03-DEL03-SC
665411;05/03/2025;quarta-feira;21:30:00;RJ;101;249;SILVA JARDIM;Avarias e/ou desgaste excessivo no pneu;Saída de leito carroçável;Sem Vítimas;Plena Noite;Crescente;Céu Claro;Dupla;Reta;Não;3;0;0;0;3;0;0;1;-22,671198;-42,510702;SPRF-RJ;DEL02-RJ;UOP03-DEL02-RJ
665412;05/03/2025;quarta-feira;19:10:00;SC;280;58;GUARAMIRIM;Manobra de mudança de faixa;Colisão lateral mesmo sentido;Com Vítimas Feridas;Plena Noite;Decrescente;Céu Claro;Simples;Rotatória;Não;2;0;1;0;1;0;1;2;-26,47434451;-49,02020032;SPRF-SC;DEL03-SC;UOP03-DEL03-SC
665414;05/03/2025;quarta-feira;22:50:00;PE;232;74;GRAVATA;Reação tardia ou ineficiente do condutor;Saída de leito carroçável;Com Vítimas Feridas;Plena Noite;Crescente;Chuva;Dupla;"Reta;Declive";Não;1;0;1;0;0;0;1;1;-8,197552;-35,524361;SPRF-PE;DEL02-PE;UOP02-DEL02PE
665415;01/03/2025;sábado;18:25:00;PR;369;129,4;JATAIZINHO;Conversão proibida;Colisão frontal;Com Vítimas Feridas;Pleno dia;Crescente;Céu Claro;Dupla;"Reta;Interseção de Vias;Declive";Sim;2;0;0;1;1;0;1;2;-23,25988716;-50,98000646;SPRF-PR;DEL07-PR;UOP01-DEL07-PR
665418;06/03/2025;quinta-feira;00:10:00;SC;101;192,5;BIGUACU;Pista Escorregadia;Tombamento;Com Vítimas Feridas;Plena Noite;Crescente;Garoa/Chuvisco;Múltipla;Curva;Não;1;0;1;0;0;0;1;1;-27,48575454;-48,64825487;SPRF-SC;DEL01-SC;UOP01-DEL01-SC
665419;05/03/2025;quarta-feira;23:50:00;PE;428;186,8;PETROLINA;Condutor deixou de manter distância do veículo da frente;Colisão lateral mesmo sentido;Com Vítimas Feridas;Plena Noite;Crescente;Céu Claro;Dupla;Reta;Sim;3;0;2;0;0;1;2;2;-9,36718824;-40,48435422;SPRF-PE;DEL06-PE;UOP01-DEL06-PE
665420;06/03/2025;quinta-feira;01:00:00;PR;277;10;CURITIBA;Ingestão de álcool pelo condutor;Colisão com objeto;Sem Vítimas;Plena Noite;Crescente;Céu Claro;Simples;Curva;Não;2;0;0;0;2;0;0;1;-25,4509056;-49,250304;SPRF-PR;DEL01-PR;UOP05-DEL01-PR
665422;06/03/2025;quinta-feira;02:00:00;SP;116;135,5;SAO JOSE DOS CAMPOS;Objeto estático sobre o leito carroçável;Queda de ocupante de veículo;Com Vítimas Feridas;Plena Noite;Decrescente;Céu Claro;Dupla;Reta;Não;1;0;1;0;0;0;1;1;-23,14493976;-45,77102041;SPRF-SP;DEL02-SP;UOP01-DEL02-SP
665424;06/03/2025;quinta-feira;01:30:00;MG;251;427,8;GRAO MOGOL;Reação tardia ou ineficiente do condutor;Saída de leito carroçável;Com Vítimas Feridas;Amanhecer;Decrescente;Chuva;Simples;Curva;Não;5;0;5;0;0;0;5;1;-16,33690716;-43,13798285;SPRF-MG;DEL12-MG;UOP01-DEL12-MG
665427;06/03/2025;quinta-feira;03:20:00;SP;116;98,1;PINDAMONHANGABA;Ausência de reação do condutor;Capotamento;Com Vítimas Feridas;Plena Noite;Crescente;Nublado;Dupla;Reta;Não;29;0;25;4;0;0;29;1;-22,97451486;-45,44837952;SPRF-SP;DEL08-SP;UOP01-DEL08-SP
665430;06/03/2025;quinta-feira;04:30:00;BA;101;108;ALAGOINHAS;Animais na Pista;Atropelamento de Animal;Com Vítimas Feridas;Plena Noite;Crescente;Céu Claro;Simples;Reta;Sim;1;0;0;1;0;0;1;1;-12,1007;-38,37248;SPRF-BA;DEL01-BA;UOP04-DEL01-BA
665431;06/03/2025;quinta-feira;05:00:00;PR;277;721;FOZ DO IGUACU;Demais falhas mecânicas ou elétricas;Saída de leito carroçável;Sem Vítimas;Plena Noite;Decrescente;Céu Claro;Dupla;Reta;Sim;2;0;0;0;2;0;0;1;-25,4898072;-54,5084393;SPRF-PR;DEL05-PR;UOP03-DEL05-PR
665435;06/03/2025;quinta-feira;02:00:00;SP;381;86;SAO PAULO;Acumulo de areia ou detritos sobre o pavimento;Colisão transversal;Sem Vítimas;Plena Noite;Crescente;Céu Claro;Simples;Curva;Sim;2;0;0;0;2;0;0;2;-23,46825029;-46,570943;SPRF-SP;DEL03-SP;UOP01-DEL03-SP
665438;06/03/2025;quinta-feira;07:20:00;MA;10;319;ACAILANDIA;Ultrapassagem Indevida;Colisão transversal;Sem Vítimas;Pleno dia;Decrescente;Céu Claro;Simples;Reta;Sim;2;0;0;0;1;1;0;2;-4,954812;-47,504057;SPRF-MA;DEL04-MA;UOP03-DEL04-MA
665439;06/03/2025;quinta-feira;07:35:00;RS;290;96;PORTO ALEGRE;Acessar a via sem observar a presença dos outros veículos;Colisão lateral mesmo sentido;Sem Vítimas;Pleno dia;Crescente;Céu Claro;Dupla;Reta;Sim;2;0;0;0;2;0;0;2;-29,99512928;-51,21670604;SPRF-RS;DEL01-RS;UOP01-DEL01-RS
665440;06/03/2025;quinta-feira;07:32:00;PR;277;0,4;PARANAGUA;Desrespeitar a preferência no cruzamento;Colisão transversal;Com Vítimas Feridas;Pleno dia;Decrescente;Sol;Dupla;Interseção de Vias;Sim;2;0;0;1;1;0;1;2;-25,51722926;-48,54023695;SPRF-PR;DEL01-PR;UOP05-DEL01-PR
665441;06/03/2025;quinta-feira;05:45:00;PR;163;341;GUAIRA;Deficiência do Sistema de Iluminação/Sinalização;Colisão traseira;Com Vítimas Fatais;Plena Noite;Decrescente;Céu Claro;Simples;Reta;Não;2;1;0;0;1;0;0;2;-24,12760278;-54,24048901;SPRF-PR;DEL06-PR;UOP01-DEL06-PR
665442;06/03/2025;quinta-feira;07:42:00;ES;101;276;SERRA;Animais na Pista;Colisão frontal;Com Vítimas Feridas;Pleno dia;Decrescente;Céu Claro;Dupla;Reta;Não;2;0;2;0;0;0;2;2;-20,2091426;-40,3077458;SPRF-ES;DEL02-ES;UOP01-DEL02-ES
665443;06/03/2025;quinta-feira;07:30:00;RN;101;79;NATAL;Retorno proibido;Colisão transversal;Com Vítimas Feridas;Pleno dia;Decrescente;Sol;Dupla;Reta;Sim;2;0;0;2;0;0;2;2;-5,75340939;-35,28881335;SPRF-RN;DEL02-RN;UOP01-DEL02-RN
665444;06/03/2025;quinta-feira;07:00:00;CE;116;5;FORTALEZA;Ausência de reação do condutor;Colisão traseira;Sem Vítimas;Pleno dia;Decrescente;Céu Claro;Múltipla;Reta;Sim;4;0;0;0;3;1;0;3;-3,799958;-38,505031;SPRF-CE;DEL01-CE;UOP02-DEL01-CE
665446;06/03/2025;quinta-feira;08:10:00;SP;116;215;GUARULHOS;Reação tardia ou ineficiente do condutor;Colisão lateral mesmo sentido;Com Vítimas Feridas;Pleno dia;Crescente;Céu Claro;Múltipla;Reta;Sim;2;0;1;0;1;0;1;2;-23,44981672;-46,46113253;SPRF-SP;DEL01-SP;UOP01-DEL01-SP
665447;06/03/2025;quinta-feira;07:55:00;SP;116;108;TAUBATE;Trafegar com motocicleta (ou similar) entre as faixas;Colisão traseira;Com Vítimas Feridas;Pleno dia;Crescente;Céu Claro;Dupla;Reta;Sim;3;0;1;1;1;0;2;2;-23,02482305;-45,53996086;SPRF-SP;DEL02-SP;UOP02-DEL02-SP
665448;06/03/2025;quinta-feira;08:16:00;GO;60;18,9;ALEXANIA;Reação tardia ou ineficiente do condutor;Tombamento;Com Vítimas Feridas;Pleno dia;Crescente;Sol;Dupla;"Reta;Aclive";Não;1;0;1;0;0;0;1;1;-16,116305;-48,392575;SPRF-DF;DEL03-DF;UOP01-DEL03-DF
665449;06/03/2025;quinta-feira;07:45:00;MG;381;571,8;ITAGUARA;Demais falhas mecânicas ou elétricas;Incêndio;Sem Vítimas;Pleno dia;Decrescente;Céu Claro;Dupla;Reta;Não;1;0;0;0;1;0;0;1;-20,3941447;-44,49665934;SPRF-MG;DEL04-MG;UOP03-DEL04-MG
665450;06/03/2025;quinta-feira;07:40:00;SC;101;133;CAMBORIU;Desrespeitar a preferência no cruzamento;Colisão transversal;Com Vítimas Feridas;Pleno dia;Crescente;Céu Claro;Dupla;"Interseção de Vias;Reta";Sim;2;0;1;0;1;0;1;2;-26,99985176;-48,64615202;SPRF-SC;DEL04-SC;UOP03-DEL04-SC
665452;06/03/2025;quinta-feira;08:30:00;RN;101;83,7;NATAL;Condutor deixou de manter distância do veículo da frente;Colisão traseira;Com Vítimas Feridas;Pleno dia;Crescente;Céu Claro;Dupla;Reta;Sim;2;0;2;0;0;0;2;2;-5,77341723;-35,25994956;SPRF-RN;DEL02-RN;UOP01-DEL02-RN
665453;06/03/2025;quinta-feira;08:15:00;CE;222;3,2;FORTALEZA;Ausência de reação do condutor;Colisão traseira;Com Vítimas Feridas;Pleno dia;Decrescente;Céu Claro;Dupla;Ponte;Sim;3;0;2;0;1;0;2;2;-3,74111958;-38,60068733;SPRF-CE;DEL01-CE;UOP01-DEL01-CE
665454;06/03/2025;quinta-feira;06:30:00;MT;364;401;CUIABA;Avarias e/ou desgaste excessivo no pneu;Tombamento;Com Vítimas Feridas;Pleno dia;Decrescente;Céu Claro;Dupla;"Declive;Viaduto";Sim;2;0;1;1;0;0;2;1;-15,65405057;-55,9905982;SPRF-MT;DEL01-MT;UOP02-DEL01-MT
665455;06/03/2025;quinta-feira;08:45:00;PR;277;726;FOZ DO IGUACU;Condutor deixou de manter distância do veículo da frente;Colisão traseira;Com Vítimas Feridas;Pleno dia;Crescente;Céu Claro;Dupla;Aclive;Sim;2;0;0;1;1;0;1;2;-25,51066376;-54,55208475;SPRF-PR;DEL05-PR;UOP03-DEL05-PR
665456;06/03/2025;quinta-feira;08:45:00;PR;277;78;CURITIBA;Trafegar com motocicleta (ou similar) entre as faixas;Colisão lateral mesmo sentido;Com Vítimas Feridas;Pleno dia;Crescente;Sol;Dupla;Reta;Sim;3;0;2;0;1;0;2;2;-25,477932;-49,203206;SPRF-PR;DEL01-PR;UOP07-DEL01-PR
665457;06/03/2025;quinta-feira;08:40:00;PR;116;116;CURITIBA;Manobra de mudança de faixa;Colisão lateral mesmo sentido;Com Vítimas Feridas;Pleno dia;Decrescente;Céu Claro;Múltipla;Reta;Sim;2;0;1;0;1;0;1;2;-25,55330662;-49,30520112;SPRF-PR;DEL01-PR;UOP03-DEL01-PR
665458;06/03/2025;quinta-feira;08:00:00;MS;163;486;CAMPO GRANDE;Conversão proibida;Colisão lateral sentido oposto;Sem Vítimas;Pleno dia;Crescente;Céu Claro;Simples;"Reta;Declive";Sim;5;0;0;0;5;0;0;2;-20,4354782;-54,54338551;SPRF-MS;DEL01-MS;UOP02-DEL01-MS
665459;06/03/2025;quinta-feira;07:55:00;PR;376;3;SAO JOSE DOS PINHAIS;Pedestre cruzava a pista fora da faixa;Atropelamento de Pedestre;Com Vítimas Feridas;Pleno dia;Crescente;Céu Claro;Dupla;Reta;Sim;2;0;0;1;1;0;1;2;-25,54351;-49,190447;SPRF-PR;DEL01-PR;UOP04-DEL01-PR
665460;06/03/2025;quinta-feira;08:59:00;ES;101;267,8;SERRA;Trafegar com motocicleta (ou similar) entre as faixas;Colisão lateral mesmo sentido;Com Vítimas Feridas;Pleno dia;Crescente;Céu Claro;Múltipla;Reta;Sim;2;0;0;1;1;0;1;2;-20,048846;-40,386408;SPRF-ES;DEL02-ES;UOP01-DEL02-ES
665461;06/03/2025;quinta-feira;08:57:00;PB;230;17,7;JOAO PESSOA;Ausência de reação do condutor;Colisão traseira;Com Vítimas Feridas;Pleno dia;Decrescente;Céu Claro;Dupla;Reta;Sim;2;0;1;0;1;0;1;2;-7,121535;-34,845435;SPRF-PB;DEL01-PB;UOP01-DEL01-PB
665465;06/03/2025;quinta-feira;08:55:00;SP;101;40;UBATUBA;Condutor deixou de manter distância do veículo da frente;Colisão traseira;Sem Vítimas;Pleno dia;Decrescente;Céu Claro;Simples;Curva;Não;2;0;0;0;2;0;0;2;-23,41380653;-45,03028214;SPRF-SP;DEL06-SP;UOP01-DEL06-SP
665466;06/03/2025;quinta-feira;09:18:00;RJ;101;322;NITEROI;Manobra de mudança de faixa;Colisão traseira;Com Vítimas Feridas;Pleno dia;Crescente;Céu Claro;Dupla;Reta;Não;2;0;1;0;1;0;1;2;-22,87918019;-43,11284065;SPRF-RJ;DEL02-RJ;UOP01-DEL02-RJ
665467;06/03/2025;quinta-feira;08:00:00;ES;101;268,7;SERRA;Manobra de mudança de faixa;Colisão lateral mesmo sentido;Com Vítimas Feridas;Pleno dia;Crescente;Céu Claro;Múltipla;Reta;Não;2;0;1;0;1;0;1;2;-20,21026189;-40,26943177;SPRF-ES;DEL02-ES;UOP01-DEL02-ES
665468;06/03/2025;quinta-feira;08:30:00;PR;376;596,4;CURITIBA;Manobra de mudança de faixa;Colisão traseira;Com Vítimas Feridas;Pleno dia;Decrescente;Sol;Dupla;Reta;Sim;2;0;1;0;1;0;1;2;-25,47715488;-49,35039339;SPRF-PR;DEL01-PR;UOP06-DEL01-PR
665469;06/03/2025;quinta-feira;08:50:00;BA;116;15;VITORIA DA CONQUISTA;Acumulo de areia ou detritos sobre o pavimento;Tombamento;Com Vítimas Feridas;Pleno dia;Decrescente;Nublado;Simples;Reta;Sim;2;0;1;0;1;0;1;1;-14,90000031;-40,85419273;SPRF-BA;DEL08-BA;UOP01-DEL08-BA
665470;06/03/2025;quinta-feira;07:40:00;RJ;101;252;RIO BONITO;Demais falhas mecânicas ou elétricas;Incêndio;Sem Vítimas;Pleno dia;Decrescente;Céu Claro;Dupla;Reta;Não;1;0;0;0;1;0;0;1;-22,69005226;-42,54421234;SPRF-RJ;DEL02-RJ;UOP03-DEL02-RJ
665471;06/03/2025;quinta-feira;06:50:00;PB;361;47,9;CATINGUEIRA;Reação tardia ou ineficiente do condutor;Colisão frontal;Com Vítimas Feridas;Pleno dia;Decrescente;Céu Claro;Simples;Reta;Não;2;0;2;0;0;0;2;2;-7,148692;-37,635008;SPRF-PB;DEL03-PB;UOP01-DEL03-PB
665472;06/03/2025;quinta-feira;09:25:00;RS;116;263;CANOAS;Conversão proibida;Colisão transversal;Com Vítimas Feridas;Pleno dia;Decrescente;Céu Claro;Dupla;Viaduto;Não;3;0;2;0;1;0;2;2;-29,90387105;-51,176407;SPRF-RS;DEL01-RS;UOP01-DEL01-RS
665473;20/02/2025;quinta-feira;20:30:00;RJ;101;249;SILVA JARDIM;Demais falhas mecânicas ou elétricas;Incêndio;Sem Vítimas;Plena Noite;Crescente;Céu Claro;Dupla;Reta;Não;1;0;0;0;1;0;0;1;-22,66899692;-42,50868109;SPRF-RJ;DEL02-RJ;UOP03-DEL02-RJ
665474;06/03/2025;quinta-feira;09:30:00;SC;101;204;SAO JOSE;Condutor deixou de manter distância do veículo da frente;Colisão traseira;Com Vítimas Feridas;Pleno dia;Decrescente;Céu Claro;Dupla;Reta;Sim;2;0;1;0;1;0;1;2;-27,574115;-48,613426;SPRF-SC;DEL01-SC;UOP01-DEL01-SC
665475;06/03/2025;quinta-feira;07:50:00;SC;101;435,5;SOMBRIO;Desrespeitar a preferência no cruzamento;Colisão transversal;Com Vítimas Feridas;Pleno dia;Crescente;Céu Claro;Múltipla;"Retorno Regulamentado;Viaduto;Rotatória";Sim;2;0;1;0;1;0;1;2;-29,11331142;-49,6382314;SPRF-SC;DEL02-SC;UOP02-DEL02-SC
665477;28/02/2025;sexta-feira;00:20:00;RS;285;479,8;CORONEL BARROS;Ausência de reação do condutor;Tombamento;Com Vítimas Feridas;Plena Noite;Decrescente;Céu Claro;Simples;Reta;Não;1;0;1;0;0;0;1;1;-28,373276;-54,102421;SPRF-RS;DEL10-RS;UOP01-DEL10-RS
665478;14/02/2025;sexta-feira;21:30:00;RJ;40;111;DUQUE DE CAXIAS;Reação tardia ou ineficiente do condutor;Engavetamento;Com Vítimas Feridas;Plena Noite;Decrescente;Céu Claro;Múltipla;"Declive;Reta";Sim;8;0;2;0;5;1;2;4;-22,698933;-43,289545;SPRF-RJ;DEL01-RJ;UOP02-DEL01-RJ
665481;06/03/2025;quinta-feira;10:00:00;MG;381;500;BETIM;Manobra de mudança de faixa;Colisão traseira;Sem Vítimas;Pleno dia;Crescente;Céu Claro;Dupla;Reta;Não;7;0;0;0;7;0;0;3;-20,008793;-44,217307;SPRF-MG;DEL01-MG;UOP03-DEL01-MG
665485;06/03/2025;quinta-feira;10:30:00;PB;101;90;JOAO PESSOA;Manobra de mudança de faixa;Colisão lateral mesmo sentido;Com Vítimas Feridas;Pleno dia;Crescente;Céu Claro;Dupla;Reta;Não;3;0;1;0;1;1;1;2;-7,181343;-34,900472;SPRF-PB;DEL01-PB;UOP01-DEL01-PB
665487;26/02/2025;quarta-feira;18:00:00;RS;448;15;CANOAS;Demais falhas mecânicas ou elétricas;Incêndio;Sem Vítimas;Anoitecer;Decrescente;Nublado;Múltipla;Reta;Não;1;0;0;0;1;0;0;1;-29,93509563;-51,20948553;SPRF-RS;DEL01-RS;UOP01-DEL01-RS
665488;06/03/2025;quinta-feira;10:10:00;GO;153;509;APARECIDA DE GOIANIA;Reação tardia ou ineficiente do condutor;Queda de ocupante de veículo;Com Vítimas Feridas;Pleno dia;Decrescente;Céu Claro;Múltipla;"Reta;Aclive";Não;2;0;1;0;1;0;1;1;-16,77959;-49,236833;SPRF-GO;DEL01-GO;UOP03-DEL01-GO
665489;06/03/2025;quinta-feira;10:30:00;PR;153;43;SANTO ANTONIO DA PLATINA;Desrespeitar a preferência no cruzamento;Colisão transversal;Com Vítimas Feridas;Pleno dia;Decrescente;Céu Claro;Simples;"Rotatória;Curva";Sim;2;0;1;0;1;0;1;2;-23,309748;-50,070214;SPRF-PR;DEL07-PR;UOP04-DEL07-PR
665490;06/03/2025;quinta-feira;10:00:00;PR;277;114,1;CAMPO LARGO;Reação tardia ou ineficiente do condutor;Engavetamento;Com Vítimas Feridas;Pleno dia;Decrescente;Céu Claro;Dupla;"Aclive;Reta";Sim;7;0;2;0;5;0;2;3;-25,432056;-49,429806;SPRF-PR;DEL03-PR;UOP03-DEL03-PR
665496;01/03/2025;sábado;08:50:00;PA;316;119;SANTA MARIA DO PARA;Acessar a via sem observar a presença dos outros veículos;Colisão lateral mesmo sentido;Com Vítimas Feridas;Pleno dia;Crescente;Nublado;Simples;"Reta;Aclive";Não;2;0;1;0;1;0;1;2;-1,3117;-47,4387;SPRF-PA;DEL01-PA;UOP02-DEL01-PA
665497;06/03/2025;quinta-feira;11:20:00;PE;101;72;RECIFE;Manobra de mudança de faixa;Colisão transversal;Com Vítimas Feridas;Pleno dia;Decrescente;Sol;Dupla;Reta;Sim;2;0;1;0;1;0;1;2;-8,085423;-34,945407;SPRF-PE;DEL01-PE;UOP01-DEL01-PE
665498;22/01/2025;quarta-feira;05:45:00;PR;369;458,7;CORBELIA;Manobra de mudança de faixa;Colisão frontal;Com Vítimas Feridas;Amanhecer;Decrescente;Céu Claro;Simples;Curva;Não;8;0;0;3;5;0;3;4;-24,61612098;-53,20386887;SPRF-PR;DEL04-PR;UOP03-DEL04-PR
665499;06/03/2025;quinta-feira;12:09:00;RN;101;120;SAO JOSE DE MIPIBU;Condutor deixou de manter distância do veículo da frente;Colisão traseira;Sem Vítimas;Pleno dia;Crescente;Céu Claro;Dupla;Reta;Sim;3;0;0;0;3;0;0;3;-6,03139;-35,249487;SPRF-RN;DEL01-RN;UOP01-DEL01-RN
665501;06/03/2025;quinta-feira;12:05:00;RS;116;248;SAO LEOPOLDO;Acessar a via sem observar a presença dos outros veículos;Colisão lateral mesmo sentido;Com Vítimas Feridas;Pleno dia;Decrescente;Céu Claro;Simples;Reta;Sim;2;0;0;1;1;0;1;2;-29,77744978;-51,15538019;SPRF-RS;DEL01-RS;UOP02-DEL01-RS
665503;06/03/2025;quinta-feira;12:27:00;ES;262;19;VIANA;Acesso irregular;Colisão transversal;Com Vítimas Feridas;Pleno dia;Crescente;Céu Claro;Simples;Reta;Sim;2;0;0;1;1;0;1;2;-20,39245272;-40,48893213;SPRF-ES;DEL01-ES;UOP01-DEL01-ES
665505;06/03/2025;quinta-feira;10:36:00;RO;364;704;PORTO VELHO;Manobra de mudança de faixa;Colisão lateral mesmo sentido;Com Vítimas Feridas;Pleno dia;Decrescente;Céu Claro;Dupla;Reta;Não;2;0;0;1;0;1;1;2;-8,80085489;-63,78052711;SPRF-RO;DEL01-RO;UOP01-DEL01-RO
665507;06/03/2025;quinta-feira;12:40:00;PR;376;460;TIBAGI;Acumulo de óleo sobre o pavimento;Saída de leito carroçável;Com Vítimas Feridas;Pleno dia;Crescente;Sol;Dupla;"Declive;Curva;Ponte";Não;4;0;3;0;0;1;3;2;-24,94778966;-50,39494341;SPRF-PR;DEL03-PR;UOP01-DEL03-PR
665508;06/03/2025;quinta-feira;13:00:00;RS;392;67;PELOTAS;Desrespeitar a preferência no cruzamento;Colisão transversal;Com Vítimas Feridas;Pleno dia;Crescente;Céu Claro;Simples;Interseção de Vias;Sim;2;0;1;0;1;0;1;2;-31,7554715;-52,3988463;SPRF-RS;DEL07-RS;UOP01-DEL07-RS
665509;06/03/2025;quinta-feira;09:30:00;SC;116;6,8;MAFRA;Acessar a via sem observar a presença dos outros veículos;Colisão transversal;Sem Vítimas;Pleno dia;Decrescente;Céu Claro;Simples;Reta;Sim;3;0;0;0;3;0;0;2;-26,15323604;-49,83292099;SPRF-SC;DEL06-SC;UOP01-DEL06-SC
665510;06/03/2025;quinta-feira;12:40:00;PE;407;122,8;PETROLINA;Retorno proibido;Colisão transversal;Com Vítimas Feridas;Pleno dia;Crescente;Sol;Dupla;"Reta;Em Obras";Sim;3;0;1;1;1;0;2;2;-9,364128;-40,544426;SPRF-PE;DEL06-PE;UOP01-DEL06-PE
665511;06/03/2025;quinta-feira;13:15:00;CE;222;2;FORTALEZA;Acessar a via sem observar a presença dos outros veículos;Atropelamento de Pedestre;Com Vítimas Feridas;Pleno dia;Decrescente;Céu Claro;Múltipla;Reta;Sim;2;0;2;0;0;0;2;2;-3,73975343;-38,59139156;SPRF-CE;DEL01-CE;UOP01-DEL01-CE
665512;06/03/2025;quinta-feira;12:30:00;PR;376;489,7;PONTA GROSSA;Velocidade Incompatível;Engavetamento;Sem Vítimas;Pleno dia;Decrescente;Céu Claro;Dupla;"Aclive;Reta";Não;4;0;0;0;4;0;0;3;-25,09801639;-50,19704819;SPRF-PR;DEL03-PR;UOP04-DEL03-PR
665513;06/03/2025;quinta-feira;11:20:00;RJ;116;131;MAGE;Acumulo de óleo sobre o pavimento;Queda de ocupante de veículo;Com Vítimas Feridas;Pleno dia;Crescente;Sol;Dupla;Curva;Sim;2;0;1;0;1;0;1;1;-22,6623488;-43,0866432;SPRF-RJ;DEL04-RJ;UOP02-DEL04-RJ
665514;06/03/2025;quinta-feira;12:25:00;SC;280;28,7;ARAQUARI;Reação tardia ou ineficiente do condutor;Atropelamento de Pedestre;Com Vítimas Feridas;Pleno dia;Crescente;Céu Claro;Simples;"Em Obras;Reta";Sim;2;0;0;1;0;1;1;2;-26,408892;-48,750594;SPRF-SC;DEL03-SC;UOP03-DEL03-SC
665519;05/03/2025;quarta-feira;00:06:00;RO;174;15;VILHENA;Reação tardia ou ineficiente do condutor;Saída de leito carroçável;Sem Vítimas;Plena Noite;Crescente;Nublado;Simples;"Interseção de Vias;Reta";Não;1;0;0;0;1;0;0;1;-12,7207998;-60,12756658;SPRF-RO;DEL04-RO;UOP01-DEL04-RO
665521;06/03/2025;quinta-feira;10:00:00;RJ;40;109;DUQUE DE CAXIAS;Trafegar com motocicleta (ou similar) entre as faixas;Colisão traseira;Com Vítimas Feridas;Pleno dia;Crescente;Céu Claro;Múltipla;Reta;Sim;4;0;2;0;1;1;2;3;-22,681127;-43,285797;SPRF-RJ;DEL01-RJ;UOP02-DEL01-RJ