id;data_inversa;dia_semana;horario;uf;br;km;municipio;causa_acidente;tipo_acidente;classificacao_acidente;fase_dia;sentido_via;condicao_metereologica;tipo_pista;tracado_via;uso_solo;pessoas;mortos;feridos_leves;feridos_graves;ilesos;ignorados;feridos;veiculos;latitude;longitude;regional;delegacia;uop
665639;07/03/2025;sexta-feira;05:55:00;PB;101;122,8;CAAPORA;Reação tardia ou ineficiente do condutor;Saída de leito carroçável;Com Vítimas Feridas;Pleno dia;Crescente;Garoa/Chuvisco;Dupla;Declive;Não;1;0;1;0;0;0;1;1;-7,457947;-34,980948;SPRF-PB;DEL01-PB;UOP01-DEL01-PB
665640;06/03/2025;quinta-feira;21:41:00;MT;364;364,7;SANTO ANTONIO DO LEVERGER;Demais falhas mecânicas ou elétricas;Incêndio;Sem Vítimas;Plena Noite;Crescente;Nublado;Dupla;Reta;Não;1;0;0;0;1;0;0;1;-15,72161221;-55,67931892;SPRF-MT;DEL01-MT;UOP02-DEL01-MT
665644;07/03/2025;sexta-feira;06:40:00;MG;40;524,4;CONTAGEM;Pedestre cruzava a pista fora da faixa;Engavetamento;Com Vítimas Feridas;Pleno dia;Crescente;Céu Claro;Dupla;"Aclive;Reta";Sim;4;0;1;1;1;1;2;3;-19,877074;-44,0523882;SPRF-MG;DEL01-MG;UOP02-DEL01-MG
665645;07/03/2025;sexta-feira;07:10:00;MG;365;621,9;UBERLANDIA;Manobra de mudança de faixa;Colisão lateral mesmo sentido;Com Vítimas Feridas;Pleno dia;Decrescente;Céu Claro;Dupla;Reta;Sim;3;0;2;0;1;0;2;2;-18,89989187;-48,27386141;SPRF-MG;DEL15-MG;UOP01-DEL15-MG
665646;07/03/2025;sexta-feira;07:35:00;RS;470;209;BENTO GONCALVES;Acessar a via sem observar a presença dos outros veículos;Colisão lateral mesmo sentido;Sem Vítimas;Pleno dia;Decrescente;Céu Claro;Simples;Reta;Sim;2;0;0;0;2;0;0;2;-29,122964;-51,544067;SPRF-RS;DEL06-RS;UOP01-DEL06-RS
665648;07/03/2025;sexta-feira;08:00:00;SC;101;200;SAO JOSE;Reação tardia ou ineficiente do condutor;Queda de ocupante de veículo;Com Vítimas Feridas;Pleno dia;Crescente;Nublado;Múltipla;Reta;Sim;1;0;1;0;0;0;1;1;-27,5430032;-48,62124503;SPRF-SC;DEL01-SC;UOP01-DEL01-SC
665649;07/03/2025;sexta-feira;07:25:00;GO;60;171,8;GOIANIA;Reação tardia ou ineficiente do condutor;Capotamento;Com Vítimas Feridas;Pleno dia;Crescente;Céu Claro;Dupla;Reta;Não;1;0;1;0;0;0;1;1;-16,7381228;-49,2030851;SPRF-GO;DEL01-GO;UOP02-DEL01-GO
665651;07/03/2025;sexta-feira;08:00:00;TO;153;334;GUARAI;Ausência de reação do condutor;Colisão traseira;Com Vítimas Feridas;Pleno dia;Crescente;Céu Claro;Dupla;Reta;Sim;2;0;1;0;1;0;1;2;-8,85382237;-48,50916266;SPRF-TO;DEL02-TO;UOP02-DEL02-TO
665652;07/03/2025;sexta-feira;08:05:00;MG;365;621;UBERLANDIA;Desvio temporário;Colisão traseira;Com Vítimas Feridas;Amanhecer;Crescente;Céu Claro;Dupla;Curva;Sim;2;0;1;0;1;0;1;2;-18,89498534;-48,27148698;SPRF-MG;DEL15-MG;UOP01-DEL15-MG
665653;07/03/2025;sexta-feira;07:35:00;DF;20;26;BRASILIA;Animais na Pista;Colisão traseira;Com Vítimas Feridas;Pleno dia;Decrescente;Céu Claro;Dupla;Reta;Sim;2;0;1;0;1;0;1;2;-15,658386;-47,791534;SPRF-DF;DEL02-DF;UOP01-DEL02-DF
665654;07/03/2025;sexta-feira;08:00:00;RJ;116;128;MAGE;Reação tardia ou ineficiente do condutor;Colisão com objeto;Sem Vítimas;Pleno dia;Crescente;Céu Claro;Dupla;Reta;Não;1;0;0;0;0;1;0;1;-22,66154167;-43,09352875;SPRF-RJ;DEL04-RJ;UOP02-DEL04-RJ
665655;07/03/2025;sexta-feira;07:50:00;PB;230;16,6;JOAO PESSOA;Reação tardia ou ineficiente do condutor;Colisão traseira;Com Vítimas Feridas;Pleno dia;Decrescente;Nublado;Dupla;Reta;Sim;2;0;1;0;1;0;1;2;-7,112752;-34,842343;SPRF-PB;DEL01-PB;UOP01-DEL01-PB
665657;04/03/2025;terça-feira;16:00:00;GO;414;437;ANAPOLIS;Ingestão de álcool pelo condutor;Colisão com objeto;Com Vítimas Feridas;Pleno dia;Crescente;Céu Claro;Simples;Curva;Sim;1;0;1;0;0;0;1;1;-16,25628131;-48,9367497;SPRF-GO;DEL02-GO;UOP01-DEL02-GO
665660;07/03/2025;sexta-feira;08:35:00;RS;290;95,9;PORTO ALEGRE;Trafegar com motocicleta (ou similar) entre as faixas;Colisão lateral mesmo sentido;Com Vítimas Feridas;Pleno dia;Crescente;Céu Claro;Múltipla;Reta;Sim;4;0;1;0;3;0;1;4;-29,98907165;-51,20385289;SPRF-RS;DEL01-RS;UOP01-DEL01-RS
665662;07/03/2025;sexta-feira;08:15:00;SP;116;499;CAJATI;Reação tardia ou ineficiente do condutor;Saída de leito carroçável;Com Vítimas Feridas;Pleno dia;Crescente;Chuva;Simples;Curva;Não;2;0;1;0;1;0;1;1;-24,784674;-48,181658;SPRF-SP;DEL05-SP;UOP02-DEL05-SP
665665;07/03/2025;sexta-feira;08:25:00;RJ;465;0;SEROPEDICA;Retorno proibido;Colisão transversal;Com Vítimas Feridas;Pleno dia;Decrescente;Céu Claro;Múltipla;Reta;Sim;2;0;1;0;1;0;1;2;-22,71611995;-43,72921991;SPRF-RJ;DEL06-RJ;UOP02-DEL06-RJ
665666;07/03/2025;sexta-feira;09:00:00;SP;116;227;GUARULHOS;Condutor deixou de manter distância do veículo da frente;Colisão traseira;Com Vítimas Feridas;Pleno dia;Crescente;Sol;Múltipla;Reta;Sim;2;0;1;0;1;0;1;2;-23,49505097;-46,55490875;SPRF-SP;DEL01-SP;UOP01-DEL01-SP
665667;07/03/2025;sexta-feira;08:30:00;RJ;116;70;TERESOPOLIS;Acessar a via sem observar a presença dos outros veículos;Colisão transversal;Com Vítimas Feridas;Pleno dia;Decrescente;Céu Claro;Simples;Reta;Sim;2;0;1;0;1;0;1;2;-22,31594691;-42,93776751;SPRF-RJ;DEL04-RJ;UOP01-DEL04-RJ
665669;07/03/2025;sexta-feira;08:03:00;PE;232;41;VITORIA DE SANTO ANTAO;Ausência de reação do condutor;Saída de leito carroçável;Com Vítimas Feridas;Pleno dia;Crescente;Céu Claro;Dupla;Reta;Não;1;0;0;1;0;0;1;1;-8,115061;-35,250778;SPRF-PE;DEL01-PE;UOP01-DEL01-PE
665671;07/03/2025;sexta-feira;08:30:00;GO;153;520;HIDROLANDIA;Desrespeitar a preferência no cruzamento;Colisão transversal;Com Vítimas Feridas;Pleno dia;Crescente;Céu Claro;Dupla;Interseção de Vias;Sim;2;0;1;0;1;0;1;2;-16,87851766;-49,25282121;SPRF-GO;DEL01-GO;UOP03-DEL01-GO
665675;07/03/2025;sexta-feira;09:00:00;PB;230;14;CABEDELO;Reação tardia ou ineficiente do condutor;Colisão lateral mesmo sentido;Com Vítimas Feridas;Pleno dia;Crescente;Céu Claro;Dupla;Reta;Sim;2;0;1;0;1;0;1;2;-7,0907688;-34,84844685;SPRF-PB;DEL01-PB;UOP01-DEL01-PB
665677;07/03/2025;sexta-feira;08:00:00;RJ;116;148;DUQUE DE CAXIAS;Reação tardia ou ineficiente do condutor;Colisão traseira;Com Vítimas Feridas;Pleno dia;Crescente;Céu Claro;Múltipla;Reta;Sim;3;0;1;0;2;0;1;2;-22,671667;-43,284398;SPRF-RJ;DEL01-RJ;UOP02-DEL01-RJ
665678;07/03/2025;sexta-feira;09:15:00;RS;116;267;CANOAS;Acessar a via sem observar a presença dos outros veículos;Colisão lateral mesmo sentido;Com Vítimas Feridas;Pleno dia;Decrescente;Céu Claro;Múltipla;Reta;Sim;2;0;1;0;1;0;1;2;-29,94177102;-51,17671967;SPRF-RS;DEL01-RS;UOP01-DEL01-RS
665679;07/03/2025;sexta-feira;06:30:00;MG;381;455;BELO HORIZONTE;Ausência de reação do condutor;Colisão traseira;Com Vítimas Feridas;Pleno dia;Crescente;Céu Claro;Simples;Reta;Sim;2;0;1;0;1;0;1;2;-19,84025544;-43,875938;SPRF-MG;DEL01-MG;UOP01-DEL01-MG
665680;07/03/2025;sexta-feira;08:09:00;PR;376;671;GUARATUBA;Chuva;Colisão com objeto;Sem Vítimas;Pleno dia;Crescente;Chuva;Dupla;Curva;Não;2;0;0;0;2;0;0;1;-25,892198;-48,93234;SPRF-PR;DEL01-PR;UOP04-DEL01-PR
665682;07/03/2025;sexta-feira;09:00:00;RS;158;308;ITAARA;Restrição de visibilidade em curvas verticais;Colisão transversal;Com Vítimas Feridas;Pleno dia;Crescente;Céu Claro;Simples;Reta;Sim;2;0;2;0;0;0;2;2;-29,58149843;-53,76681089;SPRF-RS;DEL09-RS;UOP01-DEL09-RS
665683;07/03/2025;sexta-feira;09:10:00;SP;116;100;PINDAMONHANGABA;Demais falhas mecânicas ou elétricas;Queda de ocupante de veículo;Com Vítimas Feridas;Pleno dia;Crescente;Sol;Dupla;Reta;Sim;1;0;1;0;0;0;1;1;-22,986821;-45,473605;SPRF-SP;DEL08-SP;UOP01-DEL08-SP
665684;20/02/2025;quinta-feira;07:15:00;GO;40;23;LUZIANIA;Acessar a via sem observar a presença dos outros veículos;Colisão transversal;Com Vítimas Feridas;Pleno dia;Crescente;Céu Claro;Dupla;Reta;Sim;4;0;2;1;1;0;3;2;-16,236391;-47,912182;SPRF-DF;DEL01-DF;UOP01-DEL01-DF
665685;07/03/2025;sexta-feira;09:45:00;BA;324;1,5;FEIRA DE SANTANA;Demais falhas mecânicas ou elétricas;Queda de ocupante de veículo;Com Vítimas Feridas;Pleno dia;Crescente;Céu Claro;Dupla;Reta;Não;2;0;2;0;0;0;2;1;-12,28202119;-38,94520397;SPRF-BA;DEL02-BA;UOP01-DEL02-BA
665686;07/03/2025;sexta-feira;08:29:00;RS;116;529;CAPAO DO LEAO;Reação tardia ou ineficiente do condutor;Colisão traseira;Com Vítimas Feridas;Pleno dia;Decrescente;Céu Claro;Dupla;Rotatória;Sim;1;0;1;0;0;0;1;1;-31,75692653;-52,43481946;SPRF-RS;DEL07-RS;UOP01-DEL07-RS
665688;07/03/2025;sexta-feira;08:30:00;RJ;40;77;PETROPOLIS;Chuva;Capotamento;Com Vítimas Feridas;Pleno dia;Crescente;Chuva;Dupla;Curva;Não;1;0;1;0;0;0;1;1;-22,5351799;-43,2134389;SPRF-RJ;DEL01-RJ;UOP01-DEL01-RJ
665689;06/03/2025;quinta-feira;19:30:00;PA;10;114;PARAGOMINAS;Animais na Pista;Atropelamento de Animal;Com Vítimas Feridas;Anoitecer;Crescente;Garoa/Chuvisco;Simples;"Reta;Ponte";Não;3;0;2;1;0;0;3;1;-3,449505;-47,462659;SPRF-PA;DEL02-PA;UOP01-DEL02-PA
665691;07/03/2025;sexta-feira;09:40:00;BA;418;87,5;NOVA VICOSA;Acessar a via sem observar a presença dos outros veículos;Colisão transversal;Com Vítimas Feridas;Pleno dia;Crescente;Céu Claro;Simples;Reta;Sim;4;0;1;2;1;0;3;3;-17,884667;-39,844653;SPRF-BA;DEL09-BA;UOP02-DEL09-BA
665692;07/03/2025;sexta-feira;08:45:00;BA;407;1,8;JUAZEIRO;Ausência de reação do condutor;Colisão traseira;Com Vítimas Feridas;Pleno dia;Decrescente;Céu Claro;Simples;Reta;Sim;3;0;1;0;0;2;1;2;-9,42344937;-40,50653815;SPRF-PE;DEL06-PE;UOP01-DEL06-PE
665693;07/03/2025;sexta-feira;06:00:00;PE;316;304;FLORESTA;Condutor deixou de manter distância do veículo da frente;Colisão traseira;Com Vítimas Feridas;Pleno dia;Decrescente;Céu Claro;Simples;Reta;Não;3;0;0;1;2;0;1;2;-8,6006072;-38,5585312;SPRF-PE;DEL04-PE;UOP03-DEL04-PE
665694;07/03/2025;sexta-feira;10:20:00;MG;381;482;BETIM;Demais falhas mecânicas ou elétricas;Tombamento;Com Vítimas Feridas;Pleno dia;Crescente;Céu Claro;Múltipla;Reta;Sim;1;0;0;1;0;0;1;1;-19,9589001;-44,0703136;SPRF-MG;DEL01-MG;UOP03-DEL01-MG
665695;19/02/2025;quarta-feira;18:50:00;MG;381;485;BETIM;Ausência de reação do condutor;Colisão lateral mesmo sentido;Com Vítimas Feridas;Anoitecer;Crescente;Céu Claro;Múltipla;Reta;Não;2;0;0;1;1;0;1;2;-19,95692326;-44,09399612;SPRF-MG;DEL01-MG;UOP03-DEL01-MG
665696;07/03/2025;sexta-feira;09:31:00;SP;381;7;VARGEM;Reação tardia ou ineficiente do condutor;Colisão traseira;Sem Vítimas;Pleno dia;Crescente;Céu Claro;Dupla;"Aclive;Reta";Não;4;0;0;0;4;0;0;2;-22,90615211;-46,42309796;SPRF-SP;DEL03-SP;UOP02-DEL03-SP
665697;07/03/2025;sexta-feira;09:40:00;MG;153;176,3;COMENDADOR GOMES;Demais falhas mecânicas ou elétricas;Tombamento;Com Vítimas Feridas;Pleno dia;Decrescente;Céu Claro;Simples;Reta;Não;2;0;1;1;0;0;2;1;-19,765263;-48,965548;SPRF-MG;DEL13-MG;UOP02-DEL13-MG
665698;07/03/2025;sexta-feira;10:30:00;MG;365;3,1;MONTES CLAROS;Demais falhas mecânicas ou elétricas;Incêndio;Sem Vítimas;Pleno dia;Crescente;Céu Claro;Simples;Reta;Não;1;0;0;0;1;0;0;1;-16,6536926;-43,7179563;SPRF-MG;DEL12-MG;UOP01-DEL12-MG
665699;07/03/2025;sexta-feira;10:15:00;SC;101;152;ITAPEMA;Acessar a via sem observar a presença dos outros veículos;Colisão transversal;Com Vítimas Feridas;Pleno dia;Crescente;Garoa/Chuvisco;Simples;Reta;Sim;2;0;1;0;1;0;1;2;-27,09849656;-48,61904025;SPRF-SC;DEL04-SC;UOP03-DEL04-SC
665700;20/02/2025;quinta-feira;08:35:00;CE;116;7;FORTALEZA;Demais falhas mecânicas ou elétricas;Colisão traseira;Com Vítimas Feridas;Pleno dia;Decrescente;Chuva;Dupla;Reta;Não;5;0;2;0;3;0;2;4;-3,81073099;-38,50074867;SPRF-CE;DEL01-CE;UOP02-DEL01-CE
665702;07/03/2025;sexta-feira;08:00:00;PR;116;100;SAO JOSE DOS PINHAIS;Reação tardia ou ineficiente do condutor;Colisão lateral mesmo sentido;Com Vítimas Feridas;Pleno dia;Decrescente;Céu Claro;Simples;Reta;Sim;2;0;1;0;1;0;1;2;-25,56381359;-49,153862;SPRF-PR;DEL01-PR;UOP07-DEL01-PR
665703;19/02/2025;quarta-feira;17:45:00;DF;70;15;BRASILIA;Manobra de mudança de faixa;Tombamento;Sem Vítimas;Pleno dia;Crescente;Céu Claro;Dupla;Reta;Sim;2;0;0;0;2;0;0;2;-15,79833446;-48,17950007;SPRF-DF;DEL03-DF;UOP02-DEL03-DF
665704;01/03/2025;sábado;21:40:00;PB;230;163,8;CAMPINA GRANDE;Ingestão de álcool pelo condutor;Tombamento;Com Vítimas Feridas;Plena Noite;Crescente;Nublado;Simples;"Em Obras;Reta;Aclive";Não;1;0;1;0;0;0;1;1;-7,219318;-35,944345;SPRF-PB;DEL02-PB;UOP01-DEL02-PB
665705;07/03/2025;sexta-feira;10:00:00;MT;364;250;JUSCIMEIRA;Reação tardia ou ineficiente do condutor;Colisão traseira;Com Vítimas Feridas;Pleno dia;Decrescente;Céu Claro;Dupla;Reta;Sim;5;0;1;1;3;0;2;2;-16,11870506;-54,85583603;SPRF-MT;DEL02-MT;UOP01-DEL02-MT
665706;07/03/2025;sexta-feira;10:55:00;SE;101;149,3;ESTANCIA;Retorno proibido;Colisão transversal;Com Vítimas Feridas;Pleno dia;Decrescente;Sol;Simples;"Reta;Declive";Não;2;0;1;0;1;0;1;2;-11,24396701;-37,43290901;SPRF-SE;DEL02-SE;UOP01-DEL02-SE
665707;07/03/2025;sexta-feira;11:35:00;GO;153;616,2;MORRINHOS;Ausência de reação do condutor;Saída de leito carroçável;Com Vítimas Fatais;Pleno dia;Crescente;Céu Claro;Dupla;Reta;Não;1;1;0;0;0;0;0;1;-17,67262483;-49,16385162;SPRF-GO;DEL03-GO;UOP01-DEL03-GO
665710;07/03/2025;sexta-feira;10:00:00;AL;101;131;SAO MIGUEL DOS CAMPOS;Condutor deixou de manter distância do veículo da frente;Colisão traseira;Com Vítimas Feridas;Pleno dia;Decrescente;Nublado;Simples;"Aclive;Curva";Não;3;0;1;0;2;0;1;2;-9,76917048;-36,07605089;SPRF-AL;DEL02-AL;UOP01-DEL02-AL
665711;07/03/2025;sexta-feira;11:45:00;RS;153;47,7;ERECHIM;Acessar a via sem observar a presença dos outros veículos;Colisão transversal;Com Vítimas Feridas;Pleno dia;Decrescente;Céu Claro;Simples;"Reta;Declive";Sim;2;0;1;0;0;1;1;2;-27,64575637;-52,25052595;SPRF-RS;DEL08-RS;UOP04-DEL08-RS
665712;07/03/2025;sexta-feira;10:40:00;SP;381;86;ATIBAIA;Transitar na contramão;Colisão frontal;Com Vítimas Feridas;Pleno dia;Decrescente;Céu Claro;Simples;Curva;Sim;2;0;1;0;1;0;1;2;-23,1964672;-46,5829888;SPRF-SP;DEL03-SP;UOP01-DEL03-SP
665713;20/02/2025;quinta-feira;21:00:00;SC;101;326,7;CAPIVARI DE BAIXO;Reação tardia ou ineficiente do condutor;Tombamento;Com Vítimas Feridas;Plena Noite;Decrescente;Ignorado;Múltipla;"Reta;Aclive";Não;1;0;1;0;0;0;1;1;-28,43659773;-48,95983988;SPRF-SC;DEL02-SC;UOP01-DEL02-SC
665714;07/03/2025;sexta-feira;12:20:00;MG;116;715,7;MURIAE;Velocidade Incompatível;Saída de leito carroçável;Com Vítimas Feridas;Pleno dia;Crescente;Chuva;Simples;Curva;Não;1;0;1;0;0;0;1;1;-21,213;-42,39;SPRF-MG;DEL07-MG;UOP02-DEL07-MG
665715;07/03/2025;sexta-feira;11:30:00;RJ;101;310;SAO GONCALO;Ausência de reação do condutor;Colisão traseira;Com Vítimas Feridas;Pleno dia;Crescente;Céu Claro;Dupla;Reta;Sim;2;0;1;0;1;0;1;2;-22,79767014;-43,04904938;SPRF-RJ;DEL02-RJ;UOP02-DEL02-RJ
665716;07/03/2025;sexta-feira;11:05:00;RJ;101;0,5;NITEROI;Reação tardia ou ineficiente do condutor;Colisão com objeto;Com Vítimas Feridas;Pleno dia;Decrescente;Céu Claro;Simples;"Curva;Viaduto";Não;1;0;1;0;0;0;1;1;-22,88373607;-43,11577667;SPRF-RJ;DEL02-RJ;UOP01-DEL02-RJ
665717;07/03/2025;sexta-feira;11:30:00;PR;476;1;ADRIANOPOLIS;Ultrapassagem Indevida;Colisão lateral mesmo sentido;Com Vítimas Feridas;Pleno dia;Crescente;Céu Claro;Simples;Reta;Não;2;0;1;0;1;0;1;2;-24,65645322;-48,99737038;SPRF-PR;DEL01-PR;UOP01-DEL01-PR
665718;07/03/2025;sexta-feira;12:30:00;SC;101;212,9;PALHOCA;Manobra de mudança de faixa;Colisão lateral mesmo sentido;Com Vítimas Feridas;Pleno dia;Crescente;Céu Claro;Múltipla;"Interseção de Vias;Reta";Sim;2;0;1;0;1;0;1;2;-27,63621;-48,66423;SPRF-SC;DEL01-SC;UOP02-DEL01-SC
665719;07/03/2025;sexta-feira;11:32:00;PA;230;115;MARABA;Manobra de mudança de faixa;Colisão lateral mesmo sentido;Com Vítimas Fatais;Pleno dia;Decrescente;Céu Claro;Dupla;Reta;Sim;4;1;1;0;2;0;1;3;-5,36074721;-49,0809614;SPRF-PA;DEL03-PA;UOP01-DEL03-PA
665720;07/03/2025;sexta-feira;12:15:00;MG;40;707,8;BARBACENA;Avarias e/ou desgaste excessivo no pneu;Colisão com objeto;Com Vítimas Feridas;Pleno dia;Decrescente;Chuva;Dupla;Curva;Não;2;0;1;0;1;0;1;1;-21,23752;-43,70566;SPRF-MG;DEL05-MG;UOP02-DEL05-MG
665722;07/03/2025;sexta-feira;12:20:00;RS;285;111;VACARIA;Reação tardia ou ineficiente do condutor;Saída de leito carroçável;Sem Vítimas;Pleno dia;Crescente;Céu Claro;Simples;"Declive;Curva";Não;1;0;0;0;1;0;0;1;-28,5109597;-50,8498523;SPRF-RS;DEL05-RS;UOP03-DEL05-RS
665723;07/03/2025;sexta-feira;13:05:00;SC;101;196,6;BIGUACU;Reação tardia ou ineficiente do condutor;Colisão com objeto;Sem Vítimas;Pleno dia;Decrescente;Céu Claro;Múltipla;"Declive;Curva";Sim;1;0;0;0;1;0;0;1;-27,51392192;-48,64014387;SPRF-SC;DEL01-SC;UOP01-DEL01-SC
665724;07/03/2025;sexta-feira;10:00:00;ES;101;66;SAO MATEUS;Acessar a via sem observar a presença dos outros veículos;Colisão lateral mesmo sentido;Com Vítimas Feridas;Pleno dia;Crescente;Céu Claro;Dupla;Reta;Sim;2;0;1;0;1;0;1;2;-18,7153374;-39,87708807;SPRF-ES;DEL04-ES;UOP02-DEL04-ES
665725;07/03/2025;sexta-feira;12:30:00;BA;324;612,9;SALVADOR;Ausência de reação do condutor;Colisão frontal;Com Vítimas Feridas;Pleno dia;Decrescente;Céu Claro;Simples;"Reta;Desvio Temporário";Sim;2;0;1;0;1;0;1;2;-12,864391;-38,423555;SPRF-BA;DEL01-BA;UOP01-DEL01-BA
665729;07/03/2025;sexta-feira;12:05:00;RO;319;63,3;PORTO VELHO;Reação tardia ou ineficiente do condutor;Engavetamento;Sem Vítimas;Pleno dia;Crescente;Garoa/Chuvisco;Múltipla;Reta;Sim;6;0;0;0;6;0;0;3;-8,75825634;-63,88623297;SPRF-RO;DEL01-RO;UOP01-DEL01-RO
665731;07/03/2025;sexta-feira;12:20:00;ES;393;2,4;CACHOEIRO DE ITAPEMIRIM;Transtornos Mentais (exceto suicidio);Atropelamento de Pedestre;Com Vítimas Feridas;Pleno dia;Crescente;Céu Claro;Simples;Reta;Sim;2;0;1;1;0;0;2;2;-20,832164;-41,178164;SPRF-ES;DEL03-ES;UOP02-DEL03-ES
665733;07/03/2025;sexta-feira;11:15:00;SP;116;506;CAJATI;Reação tardia ou ineficiente do condutor;Saída de leito carroçável;Com Vítimas Feridas;Pleno dia;Decrescente;Nublado;Simples;Curva;Não;2;0;1;0;1;0;1;1;-24,80640867;-48,21298599;SPRF-SP;DEL05-SP;UOP02-DEL05-SP
665734;07/03/2025;sexta-feira;12:50:00;PB;230;16;JOAO PESSOA;Velocidade Incompatível;Colisão lateral mesmo sentido;Com Vítimas Feridas;Pleno dia;Decrescente;Céu Claro;Dupla;Reta;Sim;3;0;0;1;2;0;1;3;-7,11377947;-34,84211203;SPRF-PB;DEL01-PB;UOP01-DEL01-PB
665735;07/03/2025;sexta-feira;13:25:00;SC;101;194,7;BIGUACU;Reação tardia ou ineficiente do condutor;Engavetamento;Com Vítimas Feridas;Pleno dia;Crescente;Céu Claro;Múltipla;Reta;Sim;3;0;1;0;2;0;1;3;-27,50319;-48,6566;SPRF-SC;DEL01-SC;UOP01-DEL01-SC
665737;07/03/2025;sexta-feira;13:19:00;PR;376;660;TIJUCAS DO SUL;Chuva;Capotamento;Com Vítimas Feridas;Pleno dia;Decrescente;Chuva;Dupla;"Declive;Curva";Não;2;0;2;0;0;0;2;1;-25,85168704;-48,99341226;SPRF-PR;DEL01-PR;UOP04-DEL01-PR
665740;07/03/2025;sexta-feira;13:00:00;RJ;101;491;ANGRA DOS REIS;Reação tardia ou ineficiente do condutor;Saída de leito carroçável;Com Vítimas Feridas;Pleno dia;Decrescente;Céu Claro;Simples;Curva;Não;1;0;1;0;0;0;1;1;-22,9900288;-44,2400768;SPRF-RJ;DEL03-RJ;UOP03-DEL03-RJ
665741;07/03/2025;sexta-feira;14:00:00;MG;40;728,9;OLIVEIRA FORTES;Velocidade Incompatível;Colisão com objeto;Com Vítimas Feridas;Pleno dia;Crescente;Nublado;Dupla;"Declive;Curva";Não;4;0;2;0;2;0;2;1;-21,34548503;-43,58272076;SPRF-MG;DEL05-MG;UOP01-DEL05-MG
665744;28/02/2025;sexta-feira;15:15:00;RJ;116;268,5;BARRA MANSA;Ausência de reação do condutor;Colisão com objeto;Com Vítimas Feridas;Pleno dia;Decrescente;Céu Claro;Dupla;Curva;Não;2;0;1;0;1;0;1;1;-22,575775;-44,11477;SPRF-RJ;DEL07-RJ;UOP02-DEL07-RJ
665747;07/03/2025;sexta-feira;14:03:00;PR;277;698;SAO MIGUEL DO IGUACU;Acessar a via sem observar a presença dos outros veículos;Colisão lateral mesmo sentido;Com Vítimas Feridas;Pleno dia;Decrescente;Céu Claro;Dupla;Reta;Não;2;0;1;0;1;0;1;2;-25,37570551;-54,27361965;SPRF-PR;DEL05-PR;UOP01-DEL05-PR
665749;07/03/2025;sexta-feira;14:10:00;PR;376;5,6;MANDAGUARI;Velocidade Incompatível;Colisão frontal;Com Vítimas Feridas;Pleno dia;Crescente;Céu Claro;Simples;Reta;Sim;3;0;0;2;0;1;2;3;-23,52849;-51,67634;SPRF-PR;DEL09-PR;UOP01-DEL09-PR
665753;07/03/2025;sexta-feira;11:40:00;RS;116;517;PELOTAS;Transitar na contramão;Colisão frontal;Com Vítimas Feridas;Pleno dia;Decrescente;Céu Claro;Simples;Reta;Não;1;0;1;0;0;0;1;1;-31,682756;-52,344203;SPRF-RS;DEL07-RS;UOP01-DEL07-RS
665754;22/02/2025;sábado;02:20:00;RO;364;318,1;PRESIDENTE MEDICI;Ausência de reação do condutor;Colisão traseira;Sem Vítimas;Plena Noite;Crescente;Céu Claro;Simples;Reta;Não;6;0;0;0;6;0;0;2;-11,081517;-61,916725;SPRF-RO;DEL02-RO;UOP01-DEL02-RO
665755;07/03/2025;sexta-feira;14:45:00;PR;376;209,4;MANDAGUARI;Ausência de reação do condutor;Saída de leito carroçável;Com Vítimas Feridas;Pleno dia;Decrescente;Céu Claro;Dupla;Reta;Não;1;0;0;1;0;0;1;1;-23,54925467;-51,68121;SPRF-PR;DEL09-PR;UOP01-DEL09-PR
665756;07/03/2025;sexta-feira;15:10:00;RJ;40;112;DUQUE DE CAXIAS;Manobra de mudança de faixa;Colisão lateral mesmo sentido;Com Vítimas Feridas;Pleno dia;Decrescente;Sol;Dupla;Reta;Sim;2;0;1;0;0;1;1;2;-22,7073228;-43,2900637;SPRF-RJ;DEL01-RJ;UOP02-DEL01-RJ
665758;07/03/2025;sexta-feira;13:11:00;PR;277;724;FOZ DO IGUACU;Transitar na contramão;Colisão lateral sentido oposto;Com Vítimas Feridas;Pleno dia;Decrescente;Céu Claro;Dupla;Reta;Sim;4;0;0;2;1;1;2;3;-25,50034429;-54,53311801;SPRF-PR;DEL05-PR;UOP03-DEL05-PR
665760;07/03/2025;sexta-feira;15:40:00;SC;101;136,6;BALNEARIO CAMBORIU;Reação tardia ou ineficiente do condutor;Colisão traseira;Com Vítimas Feridas;Pleno dia;Decrescente;Céu Claro;Dupla;Reta;Sim;3;0;1;0;2;0;1;2;-27,01203961;-48,61371535;SPRF-SC;DEL04-SC;UOP03-DEL04-SC
665761;07/03/2025;sexta-feira;16:40:00;PR;277;70;CURITIBA;Ausência de reação do condutor;Tombamento;Com Vítimas Feridas;Pleno dia;Decrescente;Céu Claro;Simples;Curva;Não;1;0;1;0;0;0;1;1;-25,4509056;-49,250304;SPRF-PR;DEL01-PR;UOP01-DEL01-PR
665762;07/03/2025;sexta-feira;15:48:00;SP;459;22;LORENA;Avarias e/ou desgaste excessivo no pneu;Tombamento;Com Vítimas Feridas;Pleno dia;Crescente;Céu Claro;Simples;Reta;Não;2;0;0;2;0;0;2;1;-22,67881861;-45,13570847;SPRF-SP;DEL08-SP;UOP02-DEL08-SP
665763;07/03/2025;sexta-feira;15:30:00;RS;448;17;CANOAS;Manobra de mudança de faixa;Colisão lateral mesmo sentido;Com Vítimas Feridas;Pleno dia;Crescente;Céu Claro;Múltipla;Reta;Não;3;0;1;0;1;1;1;3;-29,93390554;-51,21068716;SPRF-RS;DEL01-RS;UOP01-DEL01-RS