id;data_inversa;dia_semana;horario;uf;br;km;municipio;causa_acidente;tipo_acidente;classificacao_acidente;fase_dia;sentido_via;condicao_metereologica;tipo_pista;tracado_via;uso_solo;pessoas;mortos;feridos_leves;feridos_graves;ilesos;ignorados;feridos;veiculos;latitude;longitude;regional;delegacia;uop
665764;07/03/2025;sexta-feira;12:30:00;PR;277;175;PALMEIRA;Acessar a via sem observar a presença dos outros veículos;Colisão lateral mesmo sentido;Com Vítimas Feridas;Pleno dia;Decrescente;Céu Claro;Dupla;Rotatória;Sim;3;0;2;0;1;0;2;2;-25,43496619;-49,98596722;SPRF-PR;DEL08-PR;UOP02-DEL08-PR
665765;07/03/2025;sexta-feira;16:31:00;MG;381;677;PERDOES;Reação tardia ou ineficiente do condutor;Colisão com objeto;Com Vítimas Feridas;Pleno dia;Decrescente;Céu Claro;Simples;Curva;Sim;1;0;1;0;0;0;1;1;-21,1063415;-45,09094834;SPRF-MG;DEL04-MG;UOP02-DEL04-MG
665766;07/03/2025;sexta-feira;16:00:00;PE;101;70;RECIFE;Acessar a via sem observar a presença dos outros veículos;Colisão transversal;Com Vítimas Feridas;Pleno dia;Crescente;Céu Claro;Dupla;Reta;Sim;2;0;1;0;1;0;1;2;-8,071121;-34,939258;SPRF-PE;DEL01-PE;UOP01-DEL01-PE
665768;07/03/2025;sexta-feira;16:40:00;ES;101;392,3;RIO NOVO DO SUL;Acessar a via sem observar a presença dos outros veículos;Colisão transversal;Com Vítimas Feridas;Pleno dia;Crescente;Nublado;Simples;Interseção de Vias;Não;2;0;1;0;1;0;1;2;-20,8673897;-40,9044014;SPRF-ES;DEL03-ES;UOP02-DEL03-ES
665772;07/03/2025;sexta-feira;16:14:00;MG;365;644;INDIANOPOLIS;Mal súbito do condutor;Queda de ocupante de veículo;Com Vítimas Feridas;Pleno dia;Crescente;Sol;Dupla;Aclive;Não;2;0;1;0;1;0;1;1;-18,884065;-48;SPRF-MG;DEL15-MG;UOP01-DEL15-MG
665773;07/03/2025;sexta-feira;17:40:00;SC;101;207,7;SAO JOSE;Manobra de mudança de faixa;Colisão lateral mesmo sentido;Com Vítimas Feridas;Pleno dia;Decrescente;Céu Claro;Múltipla;Reta;Sim;4;0;0;1;3;0;1;3;-27,60231;-48,62929;SPRF-SC;DEL01-SC;UOP01-DEL01-SC
665775;07/03/2025;sexta-feira;17:20:00;ES;101;296,9;CARIACICA;Avarias e/ou desgaste excessivo no pneu;Tombamento;Com Vítimas Feridas;Pleno dia;Decrescente;Céu Claro;Dupla;Reta;Sim;2;0;2;0;0;0;2;1;-20,344795;-40,409725;SPRF-ES;DEL01-ES;UOP01-DEL01-ES
665776;07/03/2025;sexta-feira;17:01:00;SC;282;24;SANTO AMARO DA IMPERATRIZ;Reação tardia ou ineficiente do condutor;Engavetamento;Com Vítimas Feridas;Pleno dia;Decrescente;Céu Claro;Simples;Reta;Não;4;0;2;0;2;0;2;3;-27,68213;-48,745528;SPRF-SC;DEL01-SC;UOP03-DEL01-SC
665777;07/03/2025;sexta-feira;17:40:00;MG;381;502,5;BETIM;Trafegar com motocicleta (ou similar) entre as faixas;Colisão traseira;Com Vítimas Feridas;Pleno dia;Decrescente;Céu Claro;Dupla;Reta;Sim;4;0;2;0;2;0;2;3;-20,01944009;-44,2283392;SPRF-MG;DEL01-MG;UOP03-DEL01-MG
665778;07/03/2025;sexta-feira;17:30:00;RN;226;4,4;NATAL;Conversão proibida;Colisão transversal;Com Vítimas Feridas;Anoitecer;Crescente;Céu Claro;Simples;Reta;Sim;3;0;1;0;2;0;1;2;-5,819147;-35,263328;SPRF-RN;DEL01-RN;UOP02-DEL01-RN
665782;07/03/2025;sexta-feira;18:30:00;SP;381;71;MAIRIPORA;Reação tardia ou ineficiente do condutor;Colisão traseira;Com Vítimas Feridas;Plena Noite;Crescente;Céu Claro;Dupla;Reta;Não;3;0;1;0;2;0;1;2;-23,354518;-46,550081;SPRF-SP;DEL03-SP;UOP01-DEL03-SP
665783;07/03/2025;sexta-feira;18:35:00;BA;116;426;FEIRA DE SANTANA;Acesso irregular;Colisão transversal;Com Vítimas Feridas;Plena Noite;Crescente;Céu Claro;Dupla;Reta;Sim;2;0;1;1;0;0;2;2;-12,25062307;-38,98847337;SPRF-BA;DEL02-BA;UOP01-DEL02-BA
665784;07/03/2025;sexta-feira;17:34:00;RJ;116;142;DUQUE DE CAXIAS;Ausência de reação do condutor;Queda de ocupante de veículo;Com Vítimas Feridas;Pleno dia;Crescente;Céu Claro;Dupla;Reta;Não;1;0;1;0;0;0;1;1;-22,64724456;-43,2200861;SPRF-RJ;DEL01-RJ;UOP02-DEL01-RJ
665785;07/03/2025;sexta-feira;16:00:00;MG;153;244,5;FRONTEIRA;Ultrapassagem Indevida;Colisão frontal;Com Vítimas Feridas;Pleno dia;Decrescente;Céu Claro;Simples;Reta;Sim;4;0;2;2;0;0;4;2;-20,285461;-49,198775;SPRF-MG;DEL13-MG;UOP02-DEL13-MG
665786;07/03/2025;sexta-feira;18:00:00;PR;476;145;CURITIBA;Reação tardia ou ineficiente do condutor;Engavetamento;Com Vítimas Feridas;Anoitecer;Decrescente;Céu Claro;Dupla;"Reta;Aclive";Sim;6;0;1;0;5;0;1;3;-25,5489056;-49,3241192;SPRF-PR;DEL01-PR;UOP06-DEL01-PR
665787;07/03/2025;sexta-feira;17:30:00;RS;116;523;PELOTAS;Reação tardia ou ineficiente do condutor;Colisão lateral mesmo sentido;Com Vítimas Feridas;Pleno dia;Crescente;Céu Claro;Dupla;Reta;Sim;2;0;1;0;1;0;1;2;-31,72895239;-52,38755102;SPRF-RS;DEL07-RS;UOP01-DEL07-RS
665788;07/03/2025;sexta-feira;15:36:00;MA;135;48;BACABEIRA;Manobra de mudança de faixa;Capotamento;Com Vítimas Feridas;Pleno dia;Decrescente;Chuva;Dupla;"Reta;Declive";Não;2;0;0;1;1;0;1;2;-2,95101;-44,32595;SPRF-MA;DEL01-MA;UOP01-DEL01-MA
665789;07/03/2025;sexta-feira;19:00:00;PE;101;83;JABOATAO DOS GUARARAPES;Condutor deixou de manter distância do veículo da frente;Colisão lateral mesmo sentido;Com Vítimas Feridas;Plena Noite;Decrescente;Céu Claro;Dupla;Curva;Sim;2;0;1;0;1;0;1;2;-8,144191;-34,947544;SPRF-PE;DEL01-PE;UOP01-DEL01-PE
665791;07/03/2025;sexta-feira;18:20:00;MG;116;702;MURIAE;Desrespeitar a preferência no cruzamento;Colisão transversal;Com Vítimas Feridas;Plena Noite;Crescente;Céu Claro;Simples;"Interseção de Vias;Rotatória";Sim;3;0;1;0;0;2;1;3;-21,125;-42,382;SPRF-MG;DEL07-MG;UOP02-DEL07-MG
665792;07/03/2025;sexta-feira;18:30:00;CE;20;391;CAUCAIA;Entrada inopinada do pedestre;Atropelamento de Pedestre;Com Vítimas Feridas;Plena Noite;Crescente;Céu Claro;Simples;Reta;Não;2;0;0;1;1;0;1;2;-3,85457038;-38,78611196;SPRF-CE;DEL01-CE;UOP01-DEL01-CE
665793;07/03/2025;sexta-feira;19:30:00;RJ;40;104;DUQUE DE CAXIAS;Deixar de acionar o farol da motocicleta (ou similar);Colisão transversal;Com Vítimas Feridas;Plena Noite;Decrescente;Céu Claro;Simples;Reta;Sim;2;0;1;0;1;0;1;2;-22,6355622;-43,2838204;SPRF-RJ;DEL01-RJ;UOP02-DEL01-RJ
665795;07/03/2025;sexta-feira;17:50:00;RS;386;40,3;FREDERICO WESTPHALEN;Ausência de reação do condutor;Colisão traseira;Com Vítimas Feridas;Pleno dia;Crescente;Céu Claro;Dupla;Rotatória;Não;2;0;1;0;0;1;1;2;-27,40694047;-53,41477529;SPRF-RS;DEL08-RS;UOP02-DEL08-RS
665796;07/03/2025;sexta-feira;14:40:00;SP;116;54;LORENA;Animais na Pista;Atropelamento de Animal;Com Vítimas Feridas;Pleno dia;Crescente;Céu Claro;Dupla;Reta;Não;1;0;1;0;0;0;1;1;-22,76294804;-45,12188973;SPRF-SP;DEL08-SP;UOP02-DEL08-SP
665798;07/03/2025;sexta-feira;18:00:00;SP;153;277,3;MARILIA;Ultrapassagem Indevida;Saída de leito carroçável;Com Vítimas Feridas;Pleno dia;Decrescente;Céu Claro;Simples;Reta;Não;3;0;1;0;0;2;1;3;-22,2625792;-49,9286016;SPRF-SP;DEL07-SP;UOP02-DEL07-SP
665799;07/03/2025;sexta-feira;18:12:00;MG;381;694,5;LAVRAS;Afundamento ou ondulação no pavimento;Queda de ocupante de veículo;Com Vítimas Feridas;Anoitecer;Decrescente;Céu Claro;Dupla;"Declive;Reta";Não;1;0;1;0;0;0;1;1;-21,236668;-45,135295;SPRF-MG;DEL04-MG;UOP02-DEL04-MG
665800;07/03/2025;sexta-feira;20:35:00;SP;116;207;GUARULHOS;Objeto estático sobre o leito carroçável;Queda de ocupante de veículo;Com Vítimas Feridas;Plena Noite;Crescente;Nublado;Múltipla;Reta;Sim;1;0;1;0;0;0;1;1;-23,42112416;-46,39289162;SPRF-SP;DEL01-SP;UOP01-DEL01-SP
665801;07/03/2025;sexta-feira;17:20:00;MG;50;110;UBERABA;Ausência de reação do condutor;Saída de leito carroçável;Com Vítimas Feridas;Pleno dia;Crescente;Céu Claro;Dupla;"Reta;Declive";Não;1;0;0;1;0;0;1;1;-19,228876;-48,143394;SPRF-MG;DEL13-MG;UOP01-DEL13-MG
665802;07/03/2025;sexta-feira;13:00:00;RO;364;424;JARU;Desrespeitar a preferência no cruzamento;Colisão transversal;Com Vítimas Feridas;Pleno dia;Decrescente;Garoa/Chuvisco;Múltipla;Interseção de Vias;Sim;2;0;1;0;1;0;1;2;-10,43977585;-62,46908784;SPRF-RO;DEL03-RO;UOP02-DEL03-RO
665803;07/03/2025;sexta-feira;17:50:00;MG;50;175,9;UBERABA;Condutor deixou de manter distância do veículo da frente;Colisão transversal;Com Vítimas Feridas;Anoitecer;Decrescente;Céu Claro;Dupla;"Declive;Reta";Sim;3;0;2;0;1;0;2;2;-19,779205;-47,960621;SPRF-MG;DEL13-MG;UOP01-DEL13-MG
665804;07/03/2025;sexta-feira;20:00:00;RJ;116;129;MAGE;Ausência de reação do condutor;Tombamento;Com Vítimas Feridas;Plena Noite;Crescente;Céu Claro;Dupla;Reta;Não;1;0;1;0;0;0;1;1;-22,65579924;-43,12374115;SPRF-RJ;DEL04-RJ;UOP02-DEL04-RJ
665805;07/03/2025;sexta-feira;20:50:00;SP;116;220;GUARULHOS;Objeto estático sobre o leito carroçável;Colisão com objeto;Com Vítimas Feridas;Plena Noite;Decrescente;Céu Claro;Múltipla;"Reta;Em Obras";Sim;1;0;1;0;0;0;1;1;-23,46315587;-46,49549757;SPRF-SP;DEL01-SP;UOP01-DEL01-SP
665806;07/03/2025;sexta-feira;20:30:00;MG;153;147,8;COMENDADOR GOMES;Velocidade Incompatível;Saída de leito carroçável;Com Vítimas Feridas;Plena Noite;Crescente;Céu Claro;Simples;Interseção de Vias;Não;1;0;1;0;0;0;1;1;-19,629243;-48,848944;SPRF-MG;DEL13-MG;UOP02-DEL13-MG
665807;07/03/2025;sexta-feira;20:00:00;BA;116;17,1;VITORIA DA CONQUISTA;Acessar a via sem observar a presença dos outros veículos;Colisão transversal;Com Vítimas Feridas;Plena Noite;Crescente;Céu Claro;Simples;"Interseção de Vias;Curva";Sim;2;0;0;1;1;0;1;2;-14,90222851;-40,84045172;SPRF-BA;DEL08-BA;UOP01-DEL08-BA
665808;07/03/2025;sexta-feira;20:00:00;SC;101;79;ARAQUARI;Demais falhas mecânicas ou elétricas;Saída de leito carroçável;Com Vítimas Feridas;Plena Noite;Decrescente;Céu Claro;Dupla;"Reta;Retorno Regulamentado";Não;3;0;2;0;1;0;2;1;-26,59579407;-48,72255743;SPRF-SC;DEL03-SC;UOP02-DEL03-SC
665809;07/03/2025;sexta-feira;18:00:00;MG;50;176;UBERABA;Demais falhas mecânicas ou elétricas;Tombamento;Com Vítimas Feridas;Anoitecer;Crescente;Céu Claro;Dupla;Reta;Não;2;0;2;0;0;0;2;1;-19,779401;-47,959306;SPRF-MG;DEL13-MG;UOP01-DEL13-MG
665810;07/03/2025;sexta-feira;21:01:00;BA;324;615,1;SALVADOR;Acumulo de areia ou detritos sobre o pavimento;Tombamento;Com Vítimas Feridas;Plena Noite;Decrescente;Chuva;Dupla;Curva;Não;2;0;2;0;0;0;2;1;-12,880639;-38,432556;SPRF-BA;DEL01-BA;UOP01-DEL01-BA
665811;07/03/2025;sexta-feira;19:10:00;MT;163;811;SINOP;Demais falhas mecânicas ou elétricas;Colisão transversal;Sem Vítimas;Plena Noite;Crescente;Chuva;Simples;Reta;Não;2;0;0;0;1;1;0;2;-12,076728;-55,517559;SPRF-MT;DEL06-MT;UOP02-DEL06-MT
665812;07/03/2025;sexta-feira;18:10:00;BA;110;366;CATU;Reação tardia ou ineficiente do condutor;Colisão traseira;Com Vítimas Feridas;Anoitecer;Decrescente;Céu Claro;Simples;Reta;Sim;2;0;1;0;1;0;1;2;-12,35878724;-38,39218175;SPRF-BA;DEL01-BA;UOP04-DEL01-BA
665813;07/03/2025;sexta-feira;16:20:00;BA;101;263;SANTO ANTONIO DE JESUS;Acessar a via sem observar a presença dos outros veículos;Colisão transversal;Sem Vítimas;Pleno dia;Crescente;Sol;Simples;"Rotatória;Reta;Declive";Sim;2;0;0;0;2;0;0;2;-12,975351;-39,275873;SPRF-BA;DEL01-BA;UOP02-DEL01-BA
665816;07/03/2025;sexta-feira;21:10:00;SC;101;206,3;SAO JOSE;Reação tardia ou ineficiente do condutor;Colisão lateral mesmo sentido;Com Vítimas Feridas;Plena Noite;Decrescente;Céu Claro;Múltipla;Reta;Sim;2;0;1;0;1;0;1;2;-27,59271053;-48,61809611;SPRF-SC;DEL01-SC;UOP01-DEL01-SC
665817;07/03/2025;sexta-feira;20:41:00;ES;101;291,7;CARIACICA;Frear bruscamente;Colisão traseira;Com Vítimas Feridas;Plena Noite;Decrescente;Céu Claro;Dupla;Reta;Não;2;0;1;0;0;1;1;2;-20,3048807;-40,39483925;SPRF-ES;DEL01-ES;UOP01-DEL01-ES
665818;07/03/2025;sexta-feira;19:30:00;PB;230;473;SOUSA;Transitar na contramão;Colisão frontal;Com Vítimas Fatais;Plena Noite;Crescente;Nublado;Simples;"Curva;Aclive";Não;2;1;1;0;0;0;1;2;-6,839808;-38,316278;SPRF-PB;DEL03-PB;UOP03-DEL03-PB
665820;07/03/2025;sexta-feira;19:00:00;RJ;116;210;SEROPEDICA;Demais falhas mecânicas ou elétricas;Incêndio;Sem Vítimas;Plena Noite;Crescente;Céu Claro;Dupla;Reta;Sim;1;0;0;0;1;0;0;1;-22,7147776;-43,7256192;SPRF-RJ;DEL06-RJ;UOP02-DEL06-RJ
665822;07/03/2025;sexta-feira;20:16:00;AL;104;88;RIO LARGO;Reação tardia ou ineficiente do condutor;Colisão traseira;Com Vítimas Feridas;Plena Noite;Decrescente;Nublado;Dupla;Reta;Sim;2;0;0;1;0;1;1;2;-9,479779;-35,819675;SPRF-AL;DEL01-AL;UOP01-DEL01-AL
665823;07/03/2025;sexta-feira;18:20:00;SP;116;509;CAJATI;Reação tardia ou ineficiente do condutor;Colisão com objeto;Com Vítimas Feridas;Anoitecer;Decrescente;Céu Claro;Simples;"Aclive;Curva";Não;1;0;1;0;0;0;1;1;-24,832208;-48,214594;SPRF-SP;DEL05-SP;UOP02-DEL05-SP
665825;07/03/2025;sexta-feira;21:40:00;PE;423;29;SAO CAITANO;Animais na Pista;Atropelamento de Animal;Com Vítimas Feridas;Plena Noite;Crescente;Céu Claro;Simples;Reta;Não;1;0;1;0;0;0;1;1;-8,3295734;-36,1226676;SPRF-PE;DEL03-PE;UOP02-DEL03-PE
665826;07/03/2025;sexta-feira;21:10:00;GO;60;163;GOIANIA;Ausência de reação do condutor;Atropelamento de Pedestre;Com Vítimas Feridas;Plena Noite;Crescente;Céu Claro;Dupla;Reta;Não;2;0;1;1;0;0;2;2;-16,702551;-49,338378;SPRF-GO;DEL01-GO;UOP02-DEL01-GO
665827;07/03/2025;sexta-feira;20:15:00;MG;356;265,7;MURIAE;Transitar na contramão;Colisão frontal;Com Vítimas Feridas;Plena Noite;Crescente;Nublado;Simples;Reta;Sim;2;0;0;2;0;0;2;2;-21,12686322;-42,37209147;SPRF-MG;DEL07-MG;UOP02-DEL07-MG
665828;07/03/2025;sexta-feira;20:30:00;MG;116;120;ITAOBIM;Ausência de reação do condutor;Atropelamento de Pedestre;Com Vítimas Fatais;Plena Noite;Crescente;Céu Claro;Simples;"Reta;Declive";Não;8;1;0;0;7;0;0;3;-16,613738;-41,500786;SPRF-MG;DEL11-MG;UOP02-DEL11-MG
665829;07/03/2025;sexta-feira;22:05:00;RS;290;29,9;SANTO ANTONIO DA PATRULHA;Entrada inopinada do pedestre;Atropelamento de Pedestre;Com Vítimas Fatais;Plena Noite;Decrescente;Céu Claro;Dupla;Reta;Não;4;1;0;0;3;0;0;4;-29,883774;-50,554814;SPRF-RS;DEL03-RS;UOP01-DEL03-RS
665831;07/03/2025;sexta-feira;17:20:00;MS;163;177;JUTI;Frear bruscamente;Colisão traseira;Sem Vítimas;Anoitecer;Decrescente;Céu Claro;Simples;Reta;Não;3;0;0;0;2;1;0;2;-22,84936892;-54,65531583;SPRF-MS;DEL09-MS;UOP01-DEL09-MS
665832;07/03/2025;sexta-feira;22:15:00;SC;280;29,7;ARAQUARI;Desrespeitar a preferência no cruzamento;Colisão transversal;Com Vítimas Feridas;Plena Noite;Decrescente;Chuva;Simples;Reta;Sim;3;0;2;0;1;0;2;2;-26,4151393;-48,768321;SPRF-SC;DEL03-SC;UOP03-DEL03-SC
665834;07/03/2025;sexta-feira;20:55:00;MG;459;38,4;CALDAS;Frear bruscamente;Saída de leito carroçável;Com Vítimas Feridas;Plena Noite;Decrescente;Céu Claro;Simples;Reta;Não;1;0;1;0;0;0;1;1;-21,9638659;-46,3363966;SPRF-MG;DEL09-MG;UOP01-DEL09-MG
665836;07/03/2025;sexta-feira;20:20:00;RS;285;84;VACARIA;Animais na Pista;Atropelamento de Animal;Sem Vítimas;Plena Noite;Crescente;Céu Claro;Simples;Reta;Não;1;0;0;0;1;0;0;1;-28,4938331;-50,9237258;SPRF-RS;DEL05-RS;UOP03-DEL05-RS
665838;07/03/2025;sexta-feira;22:35:00;PR;116;10,7;COLOMBO;Pedestre andava na pista;Atropelamento de Pedestre;Com Vítimas Feridas;Plena Noite;Crescente;Céu Claro;Dupla;Reta;Sim;3;0;0;1;2;0;1;2;-25,37183296;-49,13487521;SPRF-PR;DEL01-PR;UOP02-DEL01-PR
665841;07/03/2025;sexta-feira;23:45:00;MG;116;276;TEOFILO OTONI;Animais na Pista;Atropelamento de Animal;Com Vítimas Feridas;Plena Noite;Crescente;Céu Claro;Simples;"Reta;Declive";Não;1;0;0;1;0;0;1;1;-18,000904;-41,581685;SPRF-MG;DEL11-MG;UOP01-DEL11-MG
665842;08/03/2025;sábado;00:00:00;RO;364;228;CACOAL;Ingestão de álcool pelo condutor;Colisão traseira;Com Vítimas Feridas;Plena Noite;Crescente;Nublado;Simples;Reta;Não;3;0;0;1;2;0;1;2;-11,485273;-61,38513;SPRF-RO;DEL02-RO;UOP02-DEL02-RO
665844;07/03/2025;sexta-feira;22:15:00;RO;174;16;VILHENA;Conversão proibida;Colisão frontal;Com Vítimas Feridas;Plena Noite;Crescente;Garoa/Chuvisco;Simples;Reta;Sim;3;0;0;2;1;0;2;2;-12,7130233;-60,12607098;SPRF-RO;DEL04-RO;UOP01-DEL04-RO
665845;08/03/2025;sábado;01:05:00;RS;386;347,1;LAJEADO;Ingestão de álcool pelo condutor;Colisão com objeto;Com Vítimas Feridas;Plena Noite;Decrescente;Céu Claro;Dupla;"Em Obras;Reta;Desvio Temporário;Viaduto";Sim;3;0;0;1;1;1;1;2;-29,45213062;-51,9653374;SPRF-RS;DEL04-RS;UOP01-DEL04-RS
665847;08/03/2025;sábado;01:55:00;PR;116;126;FAZENDA RIO GRANDE;Ausência de reação do condutor;Colisão traseira;Com Vítimas Feridas;Plena Noite;Decrescente;Céu Claro;Dupla;Reta;Sim;2;0;1;0;1;0;1;2;-25,637275;-49,313062;SPRF-PR;DEL01-PR;UOP03-DEL01-PR
665848;08/03/2025;sábado;00:30:00;PR;376;618;SAO JOSE DOS PINHAIS;Ingestão de álcool pelo condutor;Colisão com objeto;Com Vítimas Feridas;Plena Noite;Crescente;Nublado;Dupla;Reta;Sim;2;0;1;0;1;0;1;2;-25,59517225;-49,1736536;SPRF-PR;DEL01-PR;UOP04-DEL01-PR
665850;08/03/2025;sábado;01:00:00;RS;285;83,9;BOM JESUS;Ausência de reação do condutor;Saída de leito carroçável;Com Vítimas Fatais;Plena Noite;Decrescente;Céu Claro;Simples;Curva;Não;1;1;0;0;0;0;0;1;-28,644955;-50,638019;SPRF-RS;DEL05-RS;UOP03-DEL05-RS
665852;08/03/2025;sábado;01:30:00;RS;116;259;ESTEIO;Transitar na contramão;Colisão frontal;Com Vítimas Feridas;Plena Noite;Crescente;Céu Claro;Simples;Curva;Sim;3;0;1;0;0;2;1;3;-29,866041;-51,1796179;SPRF-RS;DEL01-RS;UOP02-DEL01-RS
665854;08/03/2025;sábado;00:20:00;RS;293;273;DOM PEDRITO;Ingestão de álcool pelo condutor;Capotamento;Com Vítimas Feridas;Plena Noite;Crescente;Céu Claro;Simples;Reta;Não;3;0;2;1;0;0;3;1;-30,88456631;-54,87662315;SPRF-RS;DEL11-RS;UOP01-DEL11-RS
665855;08/03/2025;sábado;03:00:00;SC;285;35,8;TIMBE DO SUL;Reação tardia ou ineficiente do condutor;Tombamento;Com Vítimas Feridas;Plena Noite;Decrescente;Céu Claro;Simples;Reta;Não;1;0;1;0;0;0;1;1;-28,83202;-49,848778;SPRF-SC;DEL02-SC;UOP02-DEL02-SC
665856;08/03/2025;sábado;03:15:00;SC;470;56;BLUMENAU;Ingestão de álcool pelo condutor;Colisão com objeto;Sem Vítimas;Plena Noite;Crescente;Céu Claro;Dupla;Reta;Sim;1;0;0;0;0;1;0;1;-26,87744;-49,13024;SPRF-SC;DEL04-SC;UOP01-DEL04-SC
665861;08/03/2025;sábado;03:35:00;SP;116;131;CACAPAVA;Condutor Dormindo;Colisão com objeto;Com Vítimas Feridas;Plena Noite;Crescente;Céu Claro;Dupla;Reta;Não;1;0;1;0;0;0;1;1;-23,12742083;-45,73636609;SPRF-SP;DEL02-SP;UOP02-DEL02-SP
665863;08/03/2025;sábado;00:50:00;MT;163;1016;TERRA NOVA DO NORTE;Ingestão de álcool pelo condutor;Queda de ocupante de veículo;Sem Vítimas;Plena Noite;Decrescente;Garoa/Chuvisco;Simples;Reta;Não;2;0;0;0;2;0;0;1;-10,36157871;-55,04563649;SPRF-MT;DEL06-MT;UOP03-DEL06-MT
665865;08/03/2025;sábado;04:00:00;PR;277;683;SAO MIGUEL DO IGUACU;Reação tardia ou ineficiente do condutor;Colisão com objeto;Com Vítimas Feridas;Plena Noite;Crescente;Céu Claro;Dupla;"Declive;Curva";Não;1;0;0;1;0;0;1;1;-25,333803;-54,194523;SPRF-PR;DEL05-PR;UOP01-DEL05-PR
665866;08/03/2025;sábado;04:00:00;SC;282;525,1;XAXIM;Transitar na contramão;Colisão frontal;Com Vítimas Feridas;Plena Noite;Crescente;Céu Claro;Simples;Curva;Não;2;0;0;1;1;0;1;2;-26,936973;-52,499061;SPRF-SC;DEL07-SC;UOP01-DEL07-SC
665867;08/03/2025;sábado;04:10:00;AL;316;152;PALMEIRA DOS INDIOS;Animais na Pista;Atropelamento de Animal;Sem Vítimas;Plena Noite;Crescente;Nublado;Simples;Reta;Não;1;0;0;0;1;0;0;1;-9,423087;-36,663038;SPRF-AL;DEL03-AL;UOP01-DEL03-AL
665868;08/03/2025;sábado;04:30:00;PE;104;34,4;CARUARU;Animais na Pista;Atropelamento de Animal;Com Vítimas Feridas;Amanhecer;Decrescente;Céu Claro;Dupla;Reta;Não;2;0;1;0;1;0;1;2;-8,03781;-36,05181;SPRF-PE;DEL02-PE;UOP01-DEL02-PE
665869;08/03/2025;sábado;04:00:00;SC;163;112;GUARUJA DO SUL;Ingestão de álcool pelo condutor;Saída de leito carroçável;Sem Vítimas;Plena Noite;Crescente;Céu Claro;Simples;Reta;Não;1;0;0;0;1;0;0;1;-26,39318071;-53,5208796;SPRF-SC;DEL07-SC;UOP03-DEL07-SC
665870;08/03/2025;sábado;05:10:00;RJ;40;60;PETROPOLIS;Condutor Dormindo;Saída de leito carroçável;Com Vítimas Feridas;Amanhecer;Crescente;Céu Claro;Dupla;Reta;Não;1;0;1;0;0;0;1;1;-22,28576084;-43,12095165;SPRF-RJ;DEL05-RJ;UOP02-DEL05-RJ
665873;08/03/2025;sábado;02:20:00;MG;365;350,5;VARJAO DE MINAS;Reação tardia ou ineficiente do condutor;Queda de ocupante de veículo;Com Vítimas Feridas;Plena Noite;Crescente;Céu Claro;Simples;Reta;Não;2;0;2;0;0;0;2;1;-18,428608;-46,068883;SPRF-MG;DEL10-MG;UOP01-DEL10-MG
665874;08/03/2025;sábado;02:00:00;SC;480;128;CHAPECO;Acessar a via sem observar a presença dos outros veículos;Colisão transversal;Com Vítimas Feridas;Plena Noite;Decrescente;Nublado;Simples;"Reta;Declive";Sim;2;0;0;2;0;0;2;2;-27,037898;-52,634112;SPRF-SC;DEL07-SC;UOP01-DEL07-SC
665876;08/03/2025;sábado;06:45:00;SC;101;190,8;BIGUACU;Ausência de reação do condutor;Saída de leito carroçável;Com Vítimas Feridas;Pleno dia;Decrescente;Garoa/Chuvisco;Dupla;Curva;Não;3;0;1;1;1;0;2;2;-27,47693;-48,64083;SPRF-SC;DEL01-SC;UOP01-DEL01-SC
665877;08/03/2025;sábado;06:00:00;SC;470;7;NAVEGANTES;Ingestão de álcool pelo condutor;Colisão frontal;Com Vítimas Feridas;Amanhecer;Decrescente;Nublado;Dupla;Curva;Sim;2;0;0;1;0;1;1;2;-26,84534125;-48,7149024;SPRF-SC;DEL04-SC;UOP04-DEL04-SC
665881;08/03/2025;sábado;00:00:00;RJ;116;335;RESENDE;Ausência de sinalização;Colisão lateral mesmo sentido;Com Vítimas Feridas;Plena Noite;Crescente;Céu Claro;Dupla;Curva;Não;2;0;1;0;1;0;1;2;-22,49265373;-44,65538979;SPRF-RJ;DEL07-RJ;UOP02-DEL07-RJ
665884;08/03/2025;sábado;07:00:00;SC;282;68;RANCHO QUEIMADO;Reação tardia ou ineficiente do condutor;Saída de leito carroçável;Com Vítimas Feridas;Amanhecer;Crescente;Garoa/Chuvisco;Simples;"Declive;Curva";Não;1;0;1;0;0;0;1;1;-27,69118;-49,07219;SPRF-SC;DEL01-SC;UOP03-DEL01-SC
665885;08/03/2025;sábado;04:39:00;MS;163;680;RIO VERDE DE MATO GROSSO;Ausência de reação do condutor;Tombamento;Com Vítimas Feridas;Amanhecer;Crescente;Céu Claro;Simples;Reta;Sim;1;0;1;0;0;0;1;1;-18,91596743;-54,83783506;SPRF-MS;DEL06-MS;UOP02-DEL06-MS
665889;08/03/2025;sábado;07:40:00;RJ;116;176;SAO JOAO DE MERITI;Reação tardia ou ineficiente do condutor;Tombamento;Com Vítimas Feridas;Pleno dia;Decrescente;Céu Claro;Múltipla;Reta;Sim;2;0;2;0;0;0;2;1;-22,78563724;-43,37950945;SPRF-RJ;DEL06-RJ;UOP01-DEL06-RJ
665890;08/03/2025;sábado;07:09:00;PE;101;46,2;IGARASSU;Transitar na calçada;Colisão transversal;Com Vítimas Feridas;Pleno dia;Crescente;Céu Claro;Múltipla;"Reta;Interseção de Vias";Sim;2;0;1;0;1;0;1;2;-7,87396711;-34,90628958;SPRF-PE;DEL01-PE;UOP02-DEL01-PE