id;data_inversa;dia_semana;horario;uf;br;km;municipio;causa_acidente;tipo_acidente;classificacao_acidente;fase_dia;sentido_via;condicao_metereologica;tipo_pista;tracado_via;uso_solo;pessoas;mortos;feridos_leves;feridos_graves;ilesos;ignorados;feridos;veiculos;latitude;longitude;regional;delegacia;uop
665892;08/03/2025;sábado;07:10:00;CE;116;38,4;HORIZONTE;Ausência de reação do condutor;Saída de leito carroçável;Com Vítimas Fatais;Pleno dia;Decrescente;Céu Claro;Dupla;Curva;Sim;2;1;0;0;0;1;0;1;-4,083885;-38,498447;SPRF-CE;DEL01-CE;UOP02-DEL01-CE
665894;08/03/2025;sábado;08:27:00;ES;262;33;DOMINGOS MARTINS;Acessar a via sem observar a presença dos outros veículos;Colisão transversal;Com Vítimas Feridas;Pleno dia;Crescente;Céu Claro;Dupla;Reta;Não;2;0;0;1;1;0;1;2;-20,375474;-40,584106;SPRF-ES;DEL01-ES;UOP01-DEL01-ES
665895;08/03/2025;sábado;06:35:00;SC;101;151;ITAPEMA;Ausência de reação do condutor;Saída de leito carroçável;Sem Vítimas;Pleno dia;Decrescente;Céu Claro;Múltipla;Reta;Sim;1;0;0;0;0;1;0;1;-27,12672598;-48,60921264;SPRF-SC;DEL04-SC;UOP03-DEL04-SC
665901;08/03/2025;sábado;05:00:00;RJ;101;23;CAMPOS DOS GOYTACAZES;Mal súbito do condutor;Saída de leito carroçável;Com Vítimas Fatais;Amanhecer;Crescente;Nublado;Simples;Reta;Não;1;1;0;0;0;0;0;1;-21,40915478;-41,34433854;SPRF-RJ;DEL08-RJ;UOP01-DEL08-RJ
665902;08/03/2025;sábado;08:00:00;SP;381;36;ATIBAIA;Afundamento ou ondulação no pavimento;Queda de ocupante de veículo;Com Vítimas Feridas;Pleno dia;Crescente;Céu Claro;Dupla;Reta;Não;1;0;1;0;0;0;1;1;-23,10648462;-46,56935119;SPRF-SP;DEL03-SP;UOP01-DEL03-SP
665903;08/03/2025;sábado;08:30:00;RS;293;147,9;CANDIOTA;Transitar na contramão;Colisão frontal;Com Vítimas Feridas;Pleno dia;Crescente;Céu Claro;Simples;Reta;Não;5;0;3;0;1;1;3;3;-31,405811;-53,753341;SPRF-RS;DEL11-RS;UOP03-DEL11-RS
665904;08/03/2025;sábado;08:30:00;MG;40;511;RIBEIRAO DAS NEVES;Objeto estático sobre o leito carroçável;Colisão com objeto;Com Vítimas Feridas;Pleno dia;Crescente;Céu Claro;Dupla;Reta;Sim;2;0;2;0;0;0;2;1;-19,78275644;-44,11650181;SPRF-MG;DEL01-MG;UOP02-DEL01-MG
665905;08/03/2025;sábado;09:00:00;GO;414;416;ANAPOLIS;Velocidade Incompatível;Queda de ocupante de veículo;Com Vítimas Feridas;Pleno dia;Crescente;Céu Claro;Simples;Declive;Não;2;0;2;0;0;0;2;1;-16,3203147;-48,8705763;SPRF-GO;DEL02-GO;UOP01-DEL02-GO
665906;08/03/2025;sábado;09:04:00;ES;101;269;SERRA;Condutor desrespeitou a iluminação vermelha do semáforo;Colisão transversal;Com Vítimas Feridas;Pleno dia;Crescente;Nublado;Simples;Reta;Não;3;0;0;1;2;0;1;2;-20,054016;-40,3800064;SPRF-ES;DEL02-ES;UOP01-DEL02-ES
665907;08/03/2025;sábado;06:30:00;RJ;101;194;CASIMIRO DE ABREU;Ingestão de álcool pelo condutor;Colisão com objeto;Com Vítimas Feridas;Amanhecer;Crescente;Céu Claro;Dupla;Reta;Não;2;0;2;0;0;0;2;1;-22,48488197;-42,09754944;SPRF-RJ;DEL08-RJ;UOP04-DEL08-RJ
665909;08/03/2025;sábado;07:38:00;SC;280;30;ARAQUARI;Condutor deixou de manter distância do veículo da frente;Colisão traseira;Com Vítimas Feridas;Pleno dia;Decrescente;Céu Claro;Simples;Reta;Não;4;0;1;0;3;0;1;3;-26,41484878;-48,76152992;SPRF-SC;DEL03-SC;UOP03-DEL03-SC
665910;08/03/2025;sábado;08:30:00;PR;467;109,1;CASCAVEL;Ausência de reação do condutor;Queda de ocupante de veículo;Com Vítimas Feridas;Pleno dia;Decrescente;Céu Claro;Dupla;"Reta;Retorno Regulamentado";Sim;1;0;1;0;0;0;1;1;-24,92490345;-53,46627474;SPRF-PR;DEL04-PR;UOP01-DEL04-PR
665913;08/03/2025;sábado;10:00:00;PE;232;8;RECIFE;Reação tardia ou ineficiente do condutor;Saída de leito carroçável;Com Vítimas Feridas;Pleno dia;Crescente;Chuva;Simples;Reta;Sim;1;0;1;0;0;0;1;1;-8,07647;-34,9713;SPRF-PE;DEL01-PE;UOP01-DEL01-PE
665914;08/03/2025;sábado;08:48:00;MT;364;290;JACIARA;Reação tardia ou ineficiente do condutor;Saída de leito carroçável;Com Vítimas Feridas;Pleno dia;Decrescente;Céu Claro;Dupla;Reta;Não;2;0;1;1;0;0;2;1;-15,901325;-55,096522;SPRF-MT;DEL05-MT;UOP02-DEL05-MT
665916;08/03/2025;sábado;09:15:00;RJ;101;312;SAO GONCALO;Avarias e/ou desgaste excessivo no pneu;Tombamento;Com Vítimas Feridas;Pleno dia;Crescente;Céu Claro;Dupla;Reta;Sim;2;0;0;2;0;0;2;1;-22,80071207;-43,05370331;SPRF-RJ;DEL02-RJ;UOP02-DEL02-RJ
665917;08/03/2025;sábado;09:50:00;PB;101;86,6;JOAO PESSOA;Ausência de reação do condutor;Colisão lateral mesmo sentido;Com Vítimas Feridas;Pleno dia;Decrescente;Céu Claro;Dupla;Reta;Não;2;0;1;0;0;1;1;2;-7,1548406;-34,9077807;SPRF-PB;DEL01-PB;UOP01-DEL01-PB
665918;08/03/2025;sábado;10:30:00;SP;101;40;UBATUBA;Acessar a via sem observar a presença dos outros veículos;Colisão transversal;Com Vítimas Feridas;Pleno dia;Crescente;Céu Claro;Simples;Reta;Sim;3;0;2;0;1;0;2;2;-23,4136433;-45,0337068;SPRF-SP;DEL06-SP;UOP01-DEL06-SP
665919;08/03/2025;sábado;10:15:00;SC;282;557;NOVA ITABERABA;Ingestão de álcool pelo condutor;Capotamento;Com Vítimas Feridas;Pleno dia;Crescente;Céu Claro;Simples;"Declive;Curva";Não;1;0;0;1;0;0;1;1;-26,92907972;-52,8436985;SPRF-SC;DEL07-SC;UOP01-DEL07-SC
665920;08/03/2025;sábado;11:00:00;SC;280;47;GUARAMIRIM;Manobra de mudança de faixa;Colisão lateral mesmo sentido;Com Vítimas Feridas;Pleno dia;Decrescente;Céu Claro;Dupla;"Reta;Em Obras";Não;2;0;1;0;1;0;1;2;-26,453235;-48,912664;SPRF-SC;DEL03-SC;UOP03-DEL03-SC
665921;08/03/2025;sábado;09:45:00;PR;163;316;TERRA ROXA;Ultrapassagem Indevida;Colisão frontal;Com Vítimas Feridas;Pleno dia;Crescente;Sol;Simples;Aclive;Não;3;0;1;0;2;0;1;2;-24,33152708;-54,15364176;SPRF-PR;DEL06-PR;UOP02-DEL06-PR
665923;08/03/2025;sábado;11:15:00;RJ;101;399;ITAGUAI;Demais falhas mecânicas ou elétricas;Queda de ocupante de veículo;Com Vítimas Feridas;Pleno dia;Crescente;Sol;Dupla;Reta;Sim;2;0;1;0;1;0;1;1;-22,86138645;-43,75640988;SPRF-RJ;DEL03-RJ;UOP01-DEL03-RJ
665926;08/03/2025;sábado;11:30:00;SP;381;85;SAO PAULO;Manobra de mudança de faixa;Colisão transversal;Com Vítimas Feridas;Pleno dia;Crescente;Céu Claro;Múltipla;Curva;Sim;5;0;3;0;2;0;3;2;-23,46878823;-46,57019331;SPRF-SP;DEL03-SP;UOP01-DEL03-SP
665927;08/03/2025;sábado;10:30:00;MG;365;405;PATOS DE MINAS;Acumulo de óleo sobre o pavimento;Tombamento;Com Vítimas Feridas;Pleno dia;Decrescente;Sol;Simples;"Retorno Regulamentado;Rotatória";Não;1;0;1;0;0;0;1;1;-18,6326338;-46,47157665;SPRF-MG;DEL10-MG;UOP01-DEL10-MG
665930;08/03/2025;sábado;10:30:00;PR;153;339,5;IRATI;Reação tardia ou ineficiente do condutor;Capotamento;Com Vítimas Feridas;Pleno dia;Decrescente;Céu Claro;Simples;Reta;Sim;2;0;2;0;0;0;2;1;-25,5347982;-50,65580064;SPRF-PR;DEL08-PR;UOP02-DEL08-PR
665931;08/03/2025;sábado;08:40:00;MG;356;267,2;MURIAE;Ultrapassagem Indevida;Colisão lateral mesmo sentido;Com Vítimas Feridas;Pleno dia;Crescente;Nublado;Simples;"Curva;Declive";Sim;3;0;1;0;2;0;1;3;-21,12611124;-42,35620391;SPRF-MG;DEL07-MG;UOP02-DEL07-MG
665932;08/03/2025;sábado;08:50:00;MG;365;530,2;ROMARIA;Demais falhas mecânicas ou elétricas;Incêndio;Sem Vítimas;Pleno dia;Decrescente;Céu Claro;Simples;Reta;Não;1;0;0;0;1;0;0;1;-18,92090188;-47,49286652;SPRF-MG;DEL10-MG;UOP01-DEL10-MG
665934;08/03/2025;sábado;10:30:00;BA;349;985;CORRENTINA;Reação tardia ou ineficiente do condutor;Saída de leito carroçável;Com Vítimas Feridas;Pleno dia;Decrescente;Céu Claro;Simples;Reta;Não;3;0;2;1;0;0;3;1;-13,55284982;-45,07765979;SPRF-BA;DEL10-BA;UOP02-DEL10-BA
665935;08/03/2025;sábado;12:20:00;PA;230;121;MARABA;Transitar no Acostamento;Colisão transversal;Com Vítimas Feridas;Pleno dia;Decrescente;Céu Claro;Dupla;Interseção de Vias;Sim;4;0;2;1;1;0;3;2;-5,36384536;-49,12447998;SPRF-PA;DEL03-PA;UOP01-DEL03-PA
665937;08/03/2025;sábado;04:00:00;MT;158;619,8;AGUA BOA;Ingestão de álcool pelo condutor;Capotamento;Com Vítimas Feridas;Plena Noite;Crescente;Céu Claro;Simples;Reta;Não;1;0;1;0;0;0;1;1;-14,450898;-52,26358;SPRF-MT;DEL07-MT;UOP02-DEL07-MT
665938;08/03/2025;sábado;13:35:00;SC;101;202;SAO JOSE;Acessar a via sem observar a presença dos outros veículos;Colisão transversal;Com Vítimas Feridas;Pleno dia;Crescente;Céu Claro;Dupla;"Aclive;Reta";Sim;2;0;1;0;1;0;1;2;-27,55195445;-48,61981088;SPRF-SC;DEL01-SC;UOP01-DEL01-SC
665939;24/02/2025;segunda-feira;19:00:00;MA;222;606;BOM JESUS DAS SELVAS;Área urbana sem a presença de local apropriado para a travessia de pedestres;Atropelamento de Pedestre;Com Vítimas Feridas;Plena Noite;Decrescente;Ignorado;Simples;Reta;Sim;3;0;0;1;2;0;1;2;-4,50318827;-46,86125994;SPRF-MA;DEL04-MA;UOP03-DEL04-MA
665942;08/03/2025;sábado;07:45:00;SC;282;633,1;DESCANSO;Velocidade Incompatível;Saída de leito carroçável;Sem Vítimas;Pleno dia;Crescente;Céu Claro;Simples;"Declive;Curva";Não;2;0;0;0;2;0;0;1;-26,82579949;-53,41356817;SPRF-SC;DEL07-SC;UOP03-DEL07-SC
665945;08/03/2025;sábado;12:30:00;MT;364;208;RONDONOPOLIS;Acessar a via sem observar a presença dos outros veículos;Colisão transversal;Com Vítimas Feridas;Pleno dia;Decrescente;Nublado;Dupla;Reta;Sim;3;0;0;1;2;0;1;3;-16,436926;-54,681809;SPRF-MT;DEL02-MT;UOP01-DEL02-MT
665948;08/03/2025;sábado;13:56:00;MG;381;646,6;OLIVEIRA;Condutor Dormindo;Capotamento;Sem Vítimas;Pleno dia;Crescente;Céu Claro;Dupla;Curva;Não;1;0;0;0;1;0;0;1;-20,66961;-44,738164;SPRF-MG;DEL04-MG;UOP02-DEL04-MG
665949;08/03/2025;sábado;13:05:00;RJ;116;187;NOVA IGUACU;Trafegar com motocicleta (ou similar) entre as faixas;Colisão lateral mesmo sentido;Com Vítimas Feridas;Pleno dia;Decrescente;Céu Claro;Dupla;Reta;Sim;2;0;1;0;1;0;1;2;-22,74001515;-43,46021354;SPRF-RJ;DEL06-RJ;UOP01-DEL06-RJ
665951;08/03/2025;sábado;09:30:00;BA;110;352;CATU;Velocidade Incompatível;Capotamento;Com Vítimas Feridas;Pleno dia;Decrescente;Céu Claro;Simples;Curva;Não;2;0;2;0;0;0;2;1;-12,2470592;-38,39761041;SPRF-BA;DEL01-BA;UOP04-DEL01-BA
665952;08/03/2025;sábado;14:20:00;SC;101;232,1;PALHOCA;Reação tardia ou ineficiente do condutor;Colisão lateral mesmo sentido;Com Vítimas Feridas;Pleno dia;Crescente;Céu Claro;Dupla;"Aclive;Reta";Não;4;0;1;1;2;0;2;2;-27,793915;-48,638155;SPRF-SC;DEL01-SC;UOP02-DEL01-SC
665953;08/03/2025;sábado;13:30:00;RJ;40;103;DUQUE DE CAXIAS;Pedestre cruzava a pista fora da faixa;Atropelamento de Pedestre;Com Vítimas Feridas;Pleno dia;Decrescente;Sol;Dupla;Reta;Sim;2;0;1;0;1;0;1;2;-22,61333656;-43,28653772;SPRF-RJ;DEL01-RJ;UOP02-DEL01-RJ
665954;08/03/2025;sábado;14:00:00;RJ;101;306;SAO GONCALO;Condutor deixou de manter distância do veículo da frente;Colisão traseira;Sem Vítimas;Pleno dia;Crescente;Sol;Dupla;Reta;Sim;2;0;0;0;1;1;0;2;-22,79034647;-43,01237583;SPRF-RJ;DEL02-RJ;UOP02-DEL02-RJ
665955;08/03/2025;sábado;14:00:00;SC;101;119;ITAJAI;Acesso irregular;Colisão lateral mesmo sentido;Com Vítimas Feridas;Pleno dia;Decrescente;Céu Claro;Dupla;"Interseção de Vias;Reta";Sim;2;0;1;0;1;0;1;2;-26,94802427;-48,68338515;SPRF-SC;DEL04-SC;UOP04-DEL04-SC
665956;08/03/2025;sábado;13:45:00;CE;20;203;BOA VIAGEM;Reação tardia ou ineficiente do condutor;Saída de leito carroçável;Com Vítimas Feridas;Pleno dia;Crescente;Sol;Simples;Reta;Sim;1;0;0;1;0;0;1;1;-5,0975017;-39,7128717;SPRF-CE;DEL02-CE;UOP02-DEL02-CE
665958;08/03/2025;sábado;14:35:00;SP;116;401;MIRACATU;Ingestão de álcool pelo condutor;Saída de leito carroçável;Com Vítimas Feridas;Pleno dia;Decrescente;Céu Claro;Dupla;Reta;Não;2;0;2;0;0;0;2;1;-24,2734344;-47,4056994;SPRF-SP;DEL04-SP;UOP02-DEL04-SP
665960;08/03/2025;sábado;15:00:00;SP;153;42,2;ONDA VERDE;Ausência de reação do condutor;Colisão frontal;Com Vítimas Fatais;Pleno dia;Decrescente;Sol;Simples;Reta;Não;5;1;0;4;0;0;4;2;-20,63893906;-49,33887005;SPRF-SP;DEL09-SP;UOP01-DEL09-SP
665961;08/03/2025;sábado;13:20:00;PB;412;38,7;SAO JOAO DO CARIRI;Demais falhas mecânicas ou elétricas;Saída de leito carroçável;Com Vítimas Feridas;Pleno dia;Decrescente;Sol;Simples;Reta;Não;2;0;2;0;0;0;2;1;-7,326705;-36,394218;SPRF-PB;DEL02-PB;UOP02-DEL02-PB
665963;08/03/2025;sábado;15:39:00;SC;280;30;ARAQUARI;Acessar a via sem observar a presença dos outros veículos;Colisão transversal;Com Vítimas Feridas;Pleno dia;Decrescente;Sol;Simples;Reta;Sim;3;0;2;0;1;0;2;2;-26,41479;-48,76453;SPRF-SC;DEL03-SC;UOP03-DEL03-SC
665965;08/03/2025;sábado;14:10:00;RJ;101;388;RIO DE JANEIRO;Ausência de reação do condutor;Colisão traseira;Com Vítimas Feridas;Pleno dia;Decrescente;Sol;Dupla;Reta;Não;2;0;0;1;0;1;1;2;-22,89279;-43,6718;SPRF-RJ;DEL03-RJ;UOP01-DEL03-RJ
665966;08/03/2025;sábado;14:25:00;SP;381;75;SAO PAULO;Condutor Dormindo;Saída de leito carroçável;Sem Vítimas;Pleno dia;Crescente;Céu Claro;Dupla;Curva;Não;1;0;0;0;1;0;0;1;-23,37631;-46,5639;SPRF-SP;DEL03-SP;UOP01-DEL03-SP
665967;08/03/2025;sábado;15:00:00;MG;40;527;CONTAGEM;Demais falhas mecânicas ou elétricas;Incêndio;Sem Vítimas;Pleno dia;Decrescente;Céu Claro;Dupla;Reta;Sim;1;0;0;0;1;0;0;1;-19,89189189;-44,05171219;SPRF-MG;DEL01-MG;UOP02-DEL01-MG
665968;08/03/2025;sábado;15:15:00;RJ;116;147;DUQUE DE CAXIAS;Acumulo de óleo sobre o pavimento;Queda de ocupante de veículo;Com Vítimas Feridas;Pleno dia;Decrescente;Céu Claro;Dupla;Curva;Sim;2;0;2;0;0;0;2;1;-22,67149481;-43,28705185;SPRF-RJ;DEL01-RJ;UOP02-DEL01-RJ
665972;08/03/2025;sábado;16:15:00;ES;101;288;CARIACICA;Demais falhas mecânicas ou elétricas;Incêndio;Sem Vítimas;Pleno dia;Crescente;Céu Claro;Dupla;Reta;Sim;1;0;0;0;1;0;0;1;-20,27631767;-40,39238821;SPRF-ES;DEL01-ES;UOP01-DEL01-ES
665973;08/03/2025;sábado;14:55:00;BA;101;445;UBAITABA;Ausência de reação do condutor;Colisão com objeto;Com Vítimas Feridas;Pleno dia;Crescente;Céu Claro;Simples;Curva;Não;2;0;0;1;0;1;1;1;-14,31472;-39,313809;SPRF-BA;DEL05-BA;UOP01-DEL05-BA
665974;08/03/2025;sábado;14:00:00;PR;376;529,7;PONTA GROSSA;Manobra de mudança de faixa;Colisão lateral mesmo sentido;Com Vítimas Feridas;Pleno dia;Crescente;Céu Claro;Dupla;"Declive;Reta";Não;3;0;1;0;1;1;1;2;-25,29305193;-49,89822865;SPRF-PR;DEL03-PR;UOP04-DEL03-PR
665975;08/03/2025;sábado;14:45:00;PB;230;216;SOLEDADE;Ingestão de álcool pelo condutor;Colisão transversal;Com Vítimas Feridas;Pleno dia;Decrescente;Céu Claro;Simples;Reta;Sim;2;0;0;1;1;0;1;2;-7,05364088;-36,3741231;SPRF-PB;DEL02-PB;UOP02-DEL02-PB
665977;08/03/2025;sábado;16:20:00;SC;101;161;TIJUCAS;Manobra de mudança de faixa;Colisão lateral mesmo sentido;Com Vítimas Feridas;Pleno dia;Crescente;Céu Claro;Dupla;Reta;Não;2;0;1;1;0;0;2;2;-27,21952522;-48,6258316;SPRF-SC;DEL04-SC;UOP03-DEL04-SC
665979;08/03/2025;sábado;14:15:00;RO;364;368,4;OURO PRETO DO OESTE;Ultrapassagem Indevida;Colisão lateral mesmo sentido;Com Vítimas Feridas;Pleno dia;Crescente;Céu Claro;Simples;Reta;Não;2;0;0;1;1;0;1;2;-10,763503;-62,132367;SPRF-RO;DEL02-RO;UOP01-DEL02-RO
665980;08/03/2025;sábado;16:22:00;PE;232;46,8;VITORIA DE SANTO ANTAO;Ausência de reação do condutor;Saída de leito carroçável;Com Vítimas Feridas;Pleno dia;Crescente;Céu Claro;Dupla;Reta;Não;3;0;2;0;1;0;2;1;-8,137448;-35,296274;SPRF-PE;DEL01-PE;UOP01-DEL01-PE
665981;08/03/2025;sábado;17:10:00;SC;280;22;ARAQUARI;Reação tardia ou ineficiente do condutor;Engavetamento;Com Vítimas Feridas;Pleno dia;Decrescente;Céu Claro;Simples;Reta;Não;5;0;2;0;3;0;2;4;-26,370979;-48,70286;SPRF-SC;DEL03-SC;UOP03-DEL03-SC
665982;08/03/2025;sábado;17:15:00;ES;101;314;VILA VELHA;Reação tardia ou ineficiente do condutor;Queda de ocupante de veículo;Com Vítimas Feridas;Pleno dia;Decrescente;Céu Claro;Dupla;Reta;Não;1;0;1;0;0;0;1;1;-20,4625531;-40,4651956;SPRF-ES;DEL01-ES;UOP01-DEL01-ES
665985;08/03/2025;sábado;16:00:00;RJ;40;104;DUQUE DE CAXIAS;Acessar a via sem observar a presença dos outros veículos;Colisão transversal;Com Vítimas Feridas;Pleno dia;Decrescente;Céu Claro;Dupla;"Aclive;Reta";Sim;2;0;1;0;1;0;1;2;-22,6358457;-43,284495;SPRF-RJ;DEL01-RJ;UOP02-DEL01-RJ
665986;08/03/2025;sábado;17:30:00;ES;101;108,3;SOORETAMA;Acessar a via sem observar a presença dos outros veículos;Colisão traseira;Com Vítimas Fatais;Pleno dia;Decrescente;Céu Claro;Simples;Reta;Não;2;1;0;0;1;0;0;2;-19,04860232;-40,02819031;SPRF-ES;DEL04-ES;UOP01-DEL04-ES
665987;08/03/2025;sábado;16:25:00;RR;401;14;BOA VISTA;Condutor deixou de manter distância do veículo da frente;Colisão lateral mesmo sentido;Com Vítimas Fatais;Pleno dia;Crescente;Chuva;Simples;"Reta;Ponte";Não;4;1;0;0;3;0;0;3;2,79805223;-60,67460418;SPRF-RR;DEL01-RR;UOP01-DEL01-RR
665988;08/03/2025;sábado;16:00:00;MG;262;799;UBERABA;Acessar a via sem observar a presença dos outros veículos;Colisão transversal;Com Vítimas Feridas;Pleno dia;Crescente;Céu Claro;Simples;Reta;Não;3;0;1;0;2;0;1;2;-19,76596097;-47,8758412;SPRF-MG;DEL13-MG;UOP01-DEL13-MG
665990;08/03/2025;sábado;18:00:00;SC;101;195,9;BIGUACU;Animais na Pista;Atropelamento de Animal;Com Vítimas Feridas;Pleno dia;Decrescente;Céu Claro;Simples;Reta;Sim;3;0;3;0;0;0;3;1;-27,51004;-48,64365;SPRF-SC;DEL01-SC;UOP01-DEL01-SC
665991;08/03/2025;sábado;17:30:00;SC;116;251,4;LAGES;Condutor deixou de manter distância do veículo da frente;Colisão traseira;Com Vítimas Feridas;Pleno dia;Decrescente;Céu Claro;Simples;Interseção de Vias;Não;2;0;1;0;1;0;1;2;-27,84676468;-50,37887514;SPRF-SC;DEL05-SC;UOP02-DEL05-SC
665992;08/03/2025;sábado;18:20:00;PI;343;593;FLORIANO;Ingestão de álcool pelo condutor;Atropelamento de Animal;Com Vítimas Feridas;Plena Noite;Crescente;Céu Claro;Simples;Reta;Sim;1;0;0;1;0;0;1;1;-6,7718837;-43,0290248;SPRF-PI;DEL03-PI;UOP01-DEL03-PI
665993;08/03/2025;sábado;16:35:00;PR;373;176,9;PONTA GROSSA;Pedestre andava na pista;Atropelamento de Pedestre;Com Vítimas Feridas;Pleno dia;Crescente;Sol;Dupla;Reta;Sim;2;0;1;0;0;1;1;2;-25,05664413;-50,2254274;SPRF-PR;DEL03-PR;UOP01-DEL03-PR
665995;08/03/2025;sábado;19:30:00;SC;101;6;BIGUACU;Animais na Pista;Atropelamento de Animal;Com Vítimas Feridas;Plena Noite;Crescente;Céu Claro;Dupla;Reta;Sim;1;0;1;0;0;0;1;1;-27,41829059;-48,7086153;SPRF-SC;DEL01-SC;UOP01-DEL01-SC
665996;08/03/2025;sábado;18:20:00;RJ;101;334;NITEROI;Manobra de mudança de faixa;Colisão lateral mesmo sentido;Com Vítimas Feridas;Anoitecer;Crescente;Céu Claro;Múltipla;Reta;Sim;3;0;1;0;2;0;1;2;-22,87941387;-43,11399407;SPRF-RJ;DEL02-RJ;UOP01-DEL02-RJ
665999;08/03/2025;sábado;18:50:00;PB;104;142,1;QUEIMADAS;Animais na Pista;Atropelamento de Animal;Com Vítimas Feridas;Pleno dia;Crescente;Céu Claro;Simples;"Reta;Declive";Não;1;0;1;0;0;0;1;1;-7,3911759;-35,8971262;SPRF-PB;DEL02-PB;UOP03-DEL02-PB
666000;08/03/2025;sábado;20:00:00;PR;277;71;SAO JOSE DOS PINHAIS;Acessar a via sem observar a presença dos outros veículos;Tombamento;Com Vítimas Feridas;Plena Noite;Crescente;Céu Claro;Dupla;"Curva;Interseção de Vias";Não;2;0;2;0;0;0;2;1;-25,50992498;-49,13152087;SPRF-PR;DEL01-PR;UOP07-DEL01-PR
666001;08/03/2025;sábado;19:15:00;SC;470;63,2;INDAIAL;Acessar a via sem observar a presença dos outros veículos;Colisão lateral mesmo sentido;Sem Vítimas;Plena Noite;Crescente;Céu Claro;Simples;"Reta;Aclive";Sim;5;0;0;0;5;0;0;3;-26,8720543;-49,19367671;SPRF-SC;DEL04-SC;UOP01-DEL04-SC
666003;08/03/2025;sábado;17:00:00;MT;364;563;NOBRES;Reação tardia ou ineficiente do condutor;Saída de leito carroçável;Sem Vítimas;Anoitecer;Decrescente;Nublado;Dupla;Reta;Não;1;0;0;0;0;1;0;1;-14,70748198;-56,3224411;SPRF-MT;DEL01-MT;UOP01-DEL01-MT
666007;08/03/2025;sábado;20:00:00;SC;280;30;ARAQUARI;Entrada inopinada do pedestre;Atropelamento de Pedestre;Com Vítimas Feridas;Plena Noite;Crescente;Céu Claro;Simples;"Reta;Interseção de Vias";Sim;2;0;0;1;1;0;1;2;-26,44834528;-48,82746935;SPRF-SC;DEL03-SC;UOP03-DEL03-SC
666008;08/03/2025;sábado;20:15:00;SC;101;122;ITAJAI;Condutor deixou de manter distância do veículo da frente;Colisão lateral mesmo sentido;Com Vítimas Feridas;Plena Noite;Decrescente;Céu Claro;Dupla;Reta;Sim;1;0;1;0;0;0;1;1;-26,93562334;-48,6998713;SPRF-SC;DEL04-SC;UOP04-DEL04-SC
666009;08/03/2025;sábado;18:15:00;PR;277;301;PRUDENTOPOLIS;Reação tardia ou ineficiente do condutor;Tombamento;Com Vítimas Feridas;Pleno dia;Crescente;Céu Claro;Simples;Curva;Não;1;0;1;0;0;0;1;1;-25,31113196;-51,09294891;SPRF-PR;DEL08-PR;UOP01-DEL08-PR
666010;08/03/2025;sábado;19:00:00;RJ;40;112;DUQUE DE CAXIAS;Avarias e/ou desgaste excessivo no pneu;Queda de ocupante de veículo;Com Vítimas Feridas;Plena Noite;Decrescente;Ignorado;Múltipla;Reta;Sim;1;0;1;0;0;0;1;1;-22,70362361;-43,29022758;SPRF-RJ;DEL01-RJ;UOP02-DEL01-RJ
666011;08/03/2025;sábado;20:10:00;RJ;116;191;NOVA IGUACU;Demais falhas na via;Colisão traseira;Com Vítimas Feridas;Plena Noite;Crescente;Céu Claro;Dupla;Curva;Não;3;0;2;0;1;0;2;2;-22,74414372;-43,50895816;SPRF-RJ;DEL06-RJ;UOP01-DEL06-RJ
666013;08/03/2025;sábado;21:15:00;SC;101;205;SAO JOSE;Ausência de reação do condutor;Queda de ocupante de veículo;Com Vítimas Feridas;Plena Noite;Crescente;Céu Claro;Múltipla;Reta;Sim;1;0;0;1;0;0;1;1;-27,58289294;-48,61520821;SPRF-SC;DEL01-SC;UOP01-DEL01-SC
666015;08/03/2025;sábado;18:30:00;RJ;101;300;SAO GONCALO;Demais falhas mecânicas ou elétricas;Incêndio;Sem Vítimas;Plena Noite;Crescente;Céu Claro;Simples;Reta;Não;1;0;0;0;1;0;0;1;-22,7934208;-43,0309376;SPRF-RJ;DEL02-RJ;UOP02-DEL02-RJ
666016;08/03/2025;sábado;21:00:00;CE;304;53,4;ARACATI;Ingestão de álcool pelo condutor;Tombamento;Com Vítimas Feridas;Plena Noite;Decrescente;Garoa/Chuvisco;Simples;Interseção de Vias;Não;1;0;1;0;0;0;1;1;-4,5759998;-37,731681;SPRF-CE;DEL03-CE;UOP02-DEL03-CE
666017;08/03/2025;sábado;20:50:00;GO;50;277,9;CATALAO;Ausência de reação do condutor;Saída de leito carroçável;Com Vítimas Feridas;Plena Noite;Crescente;Céu Claro;Simples;"Em Obras;Reta;Desvio Temporário";Sim;2;0;0;2;0;0;2;1;-18,1965;-47,8596;SPRF-GO;DEL06-GO;UOP01-DEL06-GO
666018;08/03/2025;sábado;19:30:00;RS;468;79;CAMPO NOVO;Velocidade Incompatível;Colisão traseira;Com Vítimas Fatais;Plena Noite;Decrescente;Ignorado;Simples;Reta;Não;5;1;2;0;1;1;2;3;-27,632652;-53,857461;SPRF-RS;DEL08-RS;UOP02-DEL08-RS
666020;08/03/2025;sábado;20:30:00;PR;369;158;CAMBE;Condutor deixou de manter distância do veículo da frente;Colisão traseira;Com Vítimas Feridas;Plena Noite;Crescente;Céu Claro;Dupla;Reta;Sim;2;0;1;0;1;0;1;2;-23,2850251;-51,24052221;SPRF-PR;DEL07-PR;UOP01-DEL07-PR