id;data_inversa;dia_semana;horario;uf;br;km;municipio;causa_acidente;tipo_acidente;classificacao_acidente;fase_dia;sentido_via;condicao_metereologica;tipo_pista;tracado_via;uso_solo;pessoas;mortos;feridos_leves;feridos_graves;ilesos;ignorados;feridos;veiculos;latitude;longitude;regional;delegacia;uop
666023;08/03/2025;sábado;21:27:00;RN;406;165;SAO GONCALO DO AMARANTE;Pedestre - Ingestão de álcool/ substâncias psicoativas;Atropelamento de Pedestre;Com Vítimas Feridas;Plena Noite;Decrescente;Chuva;Simples;Reta;Não;2;0;0;1;1;0;1;2;-5,74208753;-35,34424437;SPRF-RN;DEL02-RN;UOP01-DEL02-RN
666024;08/03/2025;sábado;20:25:00;PR;153;23,9;JACAREZINHO;Condutor deixou de manter distância do veículo da frente;Colisão traseira;Com Vítimas Feridas;Plena Noite;Crescente;Céu Claro;Simples;"Reta;Aclive";Não;4;0;1;0;2;1;1;2;-23,18228515;-49,98157893;SPRF-PR;DEL07-PR;UOP04-DEL07-PR
666025;08/03/2025;sábado;21:40:00;SC;101;211,7;PALHOCA;Ingestão de álcool pelo condutor;Capotamento;Com Vítimas Feridas;Plena Noite;Decrescente;Céu Claro;Dupla;Reta;Sim;3;0;0;1;2;0;1;1;-27,628272;-48,657152;SPRF-SC;DEL01-SC;UOP02-DEL01-SC
666027;08/03/2025;sábado;19:00:00;PI;222;58;PIRIPIRI;Animais na Pista;Atropelamento de Animal;Com Vítimas Feridas;Plena Noite;Decrescente;Chuva;Simples;Reta;Não;1;0;1;0;0;0;1;1;-4,3072524;-41,7712105;SPRF-PI;DEL02-PI;UOP01-DEL02-PI
666028;08/03/2025;sábado;20:10:00;RS;153;27;TRES ARROIOS;Ingestão de álcool pelo condutor;Colisão frontal;Com Vítimas Feridas;Plena Noite;Crescente;Céu Claro;Simples;Interseção de Vias;Sim;8;0;3;0;5;0;3;3;-27,51109477;-52,1432966;SPRF-RS;DEL08-RS;UOP04-DEL08-RS
666029;08/03/2025;sábado;20:00:00;PB;104;103;SAO SEBASTIAO DE LAGOA DE  ROCA;Ingestão de álcool pelo condutor;Colisão lateral sentido oposto;Com Vítimas Feridas;Plena Noite;Decrescente;Nublado;Simples;"Declive;Reta";Não;3;0;3;0;0;0;3;2;-7,06677;-35,855131;SPRF-PB;DEL02-PB;UOP04-DEL02-PB
666032;08/03/2025;sábado;22:15:00;SC;101;335,3;TUBARAO;Acessar a via sem observar a presença dos outros veículos;Colisão transversal;Com Vítimas Feridas;Plena Noite;Crescente;Céu Claro;Dupla;"Rotatória;Viaduto";Não;2;0;1;0;1;0;1;2;-28,47632875;-49,03004386;SPRF-SC;DEL02-SC;UOP01-DEL02-SC
666033;08/03/2025;sábado;21:30:00;SC;280;236,5;CANOINHAS;Velocidade Incompatível;Queda de ocupante de veículo;Sem Vítimas;Plena Noite;Decrescente;Céu Claro;Simples;"Reta;Declive";Não;1;0;0;0;0;1;0;1;-26,2331478;-50,4748779;SPRF-SC;DEL06-SC;UOP04-DEL06-SC
666034;08/03/2025;sábado;21:00:00;RJ;465;19;SEROPEDICA;Ausência de reação do condutor;Tombamento;Com Vítimas Feridas;Plena Noite;Crescente;Céu Claro;Simples;Reta;Sim;2;0;2;0;0;0;2;1;-22,80884179;-43,63388658;SPRF-RJ;DEL06-RJ;UOP02-DEL06-RJ
666035;08/03/2025;sábado;22:00:00;RS;158;328;SANTA MARIA;Ausência de reação do condutor;Colisão com objeto;Com Vítimas Feridas;Plena Noite;Crescente;Nublado;Dupla;Reta;Não;1;0;0;1;0;0;1;1;-29,70127815;-53,83915691;SPRF-RS;DEL09-RS;UOP01-DEL09-RS
666036;08/03/2025;sábado;19:55:00;RS;392;59,3;RIO GRANDE;Velocidade Incompatível;Atropelamento de Animal;Com Vítimas Feridas;Plena Noite;Decrescente;Chuva;Dupla;Curva;Não;2;0;2;0;0;0;2;1;-31,79552489;-52,34109879;SPRF-RS;DEL07-RS;UOP02-DEL07-RS
666037;08/03/2025;sábado;22:15:00;PR;476;175;CONTENDA;Acessar a via sem observar a presença dos outros veículos;Colisão transversal;Com Vítimas Feridas;Plena Noite;Decrescente;Céu Claro;Simples;Reta;Não;3;0;1;0;2;0;1;2;-25,69404193;-49,55210382;SPRF-PR;DEL01-PR;UOP06-DEL01-PR
666038;08/03/2025;sábado;21:20:00;MT;364;400;CUIABA;Acumulo de água sobre o pavimento;Saída de leito carroçável;Com Vítimas Feridas;Plena Noite;Crescente;Chuva;Dupla;"Reta;Viaduto;Aclive";Não;1;0;0;1;0;0;1;1;-15,6551471;-55,9869845;SPRF-MT;DEL01-MT;UOP02-DEL01-MT
666039;08/03/2025;sábado;22:15:00;SP;101;47,7;UBATUBA;Acessar a via sem observar a presença dos outros veículos;Colisão lateral mesmo sentido;Com Vítimas Feridas;Plena Noite;Crescente;Céu Claro;Simples;Reta;Não;2;0;1;0;0;1;1;2;-23,43255441;-45,08457877;SPRF-SP;DEL06-SP;UOP01-DEL06-SP
666040;08/03/2025;sábado;22:10:00;SC;470;68,5;INDAIAL;Acesso irregular;Colisão traseira;Com Vítimas Feridas;Plena Noite;Crescente;Nublado;Múltipla;Reta;Sim;4;0;2;0;2;0;2;2;-26,88075;-49,24359;SPRF-SC;DEL04-SC;UOP01-DEL04-SC
666042;08/03/2025;sábado;22:50:00;CE;116;48,8;PACAJUS;Chuva;Queda de ocupante de veículo;Com Vítimas Feridas;Plena Noite;Crescente;Chuva;Dupla;Reta;Não;3;0;2;0;0;1;2;3;-4,18794679;-38,4838028;SPRF-CE;DEL01-CE;UOP02-DEL01-CE
666044;08/03/2025;sábado;23:00:00;RJ;101;185;CASIMIRO DE ABREU;Ingestão de álcool pelo condutor;Saída de leito carroçável;Com Vítimas Feridas;Plena Noite;Decrescente;Céu Claro;Simples;Reta;Não;1;0;1;0;0;0;1;1;-22,4408164;-42,04550897;SPRF-RJ;DEL08-RJ;UOP04-DEL08-RJ
666045;08/03/2025;sábado;22:35:00;PR;376;625;SAO JOSE DOS PINHAIS;Ausência de reação do condutor;Saída de leito carroçável;Com Vítimas Feridas;Plena Noite;Decrescente;Céu Claro;Dupla;Reta;Não;3;0;2;0;1;0;2;1;-25,61288733;-49,17104591;SPRF-PR;DEL01-PR;UOP04-DEL01-PR
666046;08/03/2025;sábado;22:00:00;RS;468;104;TRES PASSOS;Desrespeitar a preferência no cruzamento;Colisão transversal;Com Vítimas Feridas;Plena Noite;Crescente;Ignorado;Múltipla;Rotatória;Sim;3;0;1;0;2;0;1;2;-27,4449739;-53,94944;SPRF-RS;DEL08-RS;UOP02-DEL08-RS
666047;08/03/2025;sábado;22:10:00;PI;316;311,9;PICOS;Demais falhas mecânicas ou elétricas;Incêndio;Sem Vítimas;Plena Noite;Crescente;Céu Claro;Dupla;"Reta;Ponte";Sim;1;0;0;0;1;0;0;1;-7,080253;-41,459177;SPRF-PI;DEL04-PI;UOP01-DEL04-PI
666048;08/03/2025;sábado;20:30:00;RS;468;122;TIRADENTES DO SUL;Desrespeitar a preferência no cruzamento;Colisão transversal;Com Vítimas Feridas;Plena Noite;Decrescente;Céu Claro;Simples;Interseção de Vias;Não;6;0;2;1;3;0;3;2;-27,3907254;-54,09105277;SPRF-RS;DEL08-RS;UOP02-DEL08-RS
666049;08/03/2025;sábado;22:20:00;PI;316;309,7;PICOS;Desrespeitar a preferência no cruzamento;Colisão transversal;Com Vítimas Feridas;Plena Noite;Crescente;Céu Claro;Múltipla;"Reta;Interseção de Vias";Sim;3;0;2;1;0;0;3;2;-7,077112;-41,478505;SPRF-PI;DEL04-PI;UOP01-DEL04-PI
666052;08/03/2025;sábado;21:20:00;BA;324;622,5;SALVADOR;Ausência de reação do condutor;Colisão traseira;Com Vítimas Feridas;Plena Noite;Crescente;Céu Claro;Múltipla;Reta;Sim;2;0;1;0;1;0;1;2;-12,93396359;-38,4719881;SPRF-BA;DEL01-BA;UOP01-DEL01-BA
666053;09/03/2025;domingo;00:05:00;PR;116;8,8;CAMPINA GRANDE DO SUL;Velocidade Incompatível;Saída de leito carroçável;Com Vítimas Feridas;Plena Noite;Crescente;Nublado;Dupla;Reta;Não;1;0;0;1;0;0;1;1;-25,369642;-49,117271;SPRF-PR;DEL01-PR;UOP02-DEL01-PR
666056;09/03/2025;domingo;00:25:00;MS;262;353;CAMPO GRANDE;Reação tardia ou ineficiente do condutor;Colisão traseira;Com Vítimas Feridas;Plena Noite;Crescente;Céu Claro;Simples;Reta;Não;3;0;1;1;1;0;2;2;-20,55689807;-54,66423512;SPRF-MS;DEL01-MS;UOP03-DEL01-MS
666057;09/03/2025;domingo;01:20:00;MG;381;646,6;SANTO ANTONIO DO AMPARO;Condutor Dormindo;Saída de leito carroçável;Com Vítimas Feridas;Plena Noite;Crescente;Nublado;Dupla;Curva;Não;2;0;2;0;0;0;2;1;-20,94583321;-44,88138962;SPRF-MG;DEL04-MG;UOP02-DEL04-MG
666058;09/03/2025;domingo;01:35:00;SP;116;277;ITAPECERICA DA SERRA;Velocidade Incompatível;Colisão com objeto;Com Vítimas Feridas;Plena Noite;Decrescente;Céu Claro;Dupla;Curva;Sim;3;0;2;0;1;0;2;1;-23,7010944;-46,874624;SPRF-SP;DEL04-SP;UOP01-DEL04-SP
666062;09/03/2025;domingo;02:15:00;PB;230;16,7;JOAO PESSOA;Ausência de reação do condutor;Saída de leito carroçável;Sem Vítimas;Plena Noite;Decrescente;Céu Claro;Dupla;Reta;Sim;1;0;0;0;1;0;0;1;-7,1124263;-34,8424155;SPRF-PB;DEL01-PB;UOP01-DEL01-PB
666066;09/03/2025;domingo;02:45:00;SP;101;47,8;UBATUBA;Ausência de reação do condutor;Colisão traseira;Com Vítimas Fatais;Plena Noite;Crescente;Céu Claro;Simples;Reta;Sim;3;1;0;0;0;2;0;3;-23,4337123;-45,0846895;SPRF-SP;DEL06-SP;UOP01-DEL06-SP
666067;09/03/2025;domingo;03:00:00;SP;116;445;REGISTRO;Ausência de reação do condutor;Saída de leito carroçável;Sem Vítimas;Plena Noite;Crescente;Céu Claro;Dupla;Reta;Sim;1;0;0;0;0;1;0;1;-24,4678656;-47,8216192;SPRF-SP;DEL05-SP;UOP01-DEL05-SP
666068;09/03/2025;domingo;00:40:00;RO;174;13;VILHENA;Ausência de reação do condutor;Colisão com objeto;Sem Vítimas;Plena Noite;Crescente;Chuva;Simples;Reta;Sim;1;0;0;0;0;1;0;1;-12,74015033;-60,13165712;SPRF-RO;DEL04-RO;UOP01-DEL04-RO
666070;09/03/2025;domingo;05:00:00;SP;116;227,5;SAO PAULO;Ausência de reação do condutor;Saída de leito carroçável;Com Vítimas Feridas;Plena Noite;Decrescente;Céu Claro;Múltipla;"Reta;Em Obras";Sim;4;0;1;1;2;0;2;1;-23,501674;-46,563929;SPRF-SP;DEL01-SP;UOP01-DEL01-SP
666071;09/03/2025;domingo;04:20:00;MS;163;489;CAMPO GRANDE;Ausência de reação do condutor;Tombamento;Com Vítimas Feridas;Amanhecer;Crescente;Céu Claro;Simples;"Reta;Aclive";Sim;1;0;1;0;0;0;1;1;-20,3971763;-54,5567416;SPRF-MS;DEL01-MS;UOP02-DEL01-MS
666072;08/03/2025;sábado;19:07:00;MT;70;545;CUIABA;Transitar na contramão;Colisão lateral sentido oposto;Com Vítimas Feridas;Pleno dia;Decrescente;Chuva;Simples;Reta;Não;2;0;1;0;0;1;1;2;-15,6172288;-56,0955392;SPRF-MT;DEL03-MT;UOP02-DEL03-MT
666073;09/03/2025;domingo;03:00:00;PB;230;269;JUNCO DO SERIDO;Ingestão de álcool pelo condutor;Saída de leito carroçável;Sem Vítimas;Plena Noite;Crescente;Céu Claro;Simples;Reta;Não;1;0;0;0;1;0;0;1;-6,967343;-36,770438;SPRF-PB;DEL03-PB;UOP01-DEL03-PB
666076;09/03/2025;domingo;01:55:00;RS;290;387,1;SANTA MARGARIDA DO SUL;Acumulo de areia ou detritos sobre o pavimento;Colisão com objeto;Com Vítimas Feridas;Plena Noite;Decrescente;Céu Claro;Simples;"Declive;Em Obras;Curva";Não;5;0;1;2;2;0;3;2;-30,35939703;-54,16594505;SPRF-RS;DEL09-RS;UOP02-DEL09-RS
666077;09/03/2025;domingo;06:50:00;SC;101;107;PENHA;Reação tardia ou ineficiente do condutor;Queda de ocupante de veículo;Com Vítimas Feridas;Pleno dia;Decrescente;Nevoeiro/Neblina;Dupla;Reta;Sim;1;0;0;1;0;0;1;1;-26,81507485;-48,68319685;SPRF-SC;DEL03-SC;UOP02-DEL03-SC
666078;09/03/2025;domingo;06:40:00;SP;381;86;SAO PAULO;Reação tardia ou ineficiente do condutor;Colisão com objeto;Sem Vítimas;Amanhecer;Crescente;Céu Claro;Múltipla;Curva;Sim;1;0;0;0;0;1;0;1;-23,46762;-46,57025;SPRF-SP;DEL03-SP;UOP01-DEL03-SP
666079;09/03/2025;domingo;06:05:00;MG;40;565,4;NOVA LIMA;Condutor Dormindo;Saída de leito carroçável;Com Vítimas Feridas;Pleno dia;Crescente;Sol;Simples;Reta;Não;1;0;1;0;0;0;1;1;-20,17595121;-43,96620154;SPRF-MG;DEL01-MG;UOP02-DEL01-MG
666080;09/03/2025;domingo;06:45:00;PA;316;103;SANTA MARIA DO PARA;Acessar a via sem observar a presença dos outros veículos;Colisão transversal;Com Vítimas Feridas;Pleno dia;Crescente;Céu Claro;Simples;Reta;Não;2;0;1;0;1;0;1;2;-1,341577;-47,566865;SPRF-PA;DEL01-PA;UOP02-DEL01-PA
666081;08/03/2025;sábado;21:50:00;RS;293;218;DOM PEDRITO;Demais falhas mecânicas ou elétricas;Incêndio;Sem Vítimas;Plena Noite;Crescente;Chuva;Simples;Reta;Não;1;0;0;0;1;0;0;1;-31,128129;-54,390226;SPRF-RS;DEL11-RS;UOP03-DEL11-RS
666082;08/03/2025;sábado;17:27:00;MA;230;175,3;PASTOS BONS;Transitar na contramão;Colisão frontal;Com Vítimas Fatais;Anoitecer;Crescente;Céu Claro;Simples;Reta;Não;4;1;2;0;1;0;2;2;-6,741216;-44,321325;SPRF-MA;DEL05-MA;UOP01-DEL05-MA
666084;09/03/2025;domingo;05:30:00;PR;277;81,5;CURITIBA;Reação tardia ou ineficiente do condutor;Tombamento;Com Vítimas Feridas;Amanhecer;Decrescente;Céu Claro;Dupla;Reta;Sim;1;0;1;0;0;0;1;1;-25,460556;-49,220024;SPRF-PR;DEL01-PR;UOP03-DEL01-PR
666085;09/03/2025;domingo;06:00:00;PA;222;19;DOM ELISEU;Reação tardia ou ineficiente do condutor;Queda de ocupante de veículo;Com Vítimas Feridas;Pleno dia;Crescente;Nublado;Simples;Reta;Sim;2;0;2;0;0;0;2;1;-4,2840378;-47,5584625;SPRF-PA;DEL02-PA;UOP02-DEL02-PA
666087;09/03/2025;domingo;07:15:00;SC;101;202,5;SAO JOSE;Pedestre andava na pista;Atropelamento de Pedestre;Com Vítimas Feridas;Pleno dia;Crescente;Céu Claro;Dupla;Reta;Sim;3;0;0;1;1;1;1;2;-27,56101;-48,61686;SPRF-SC;DEL01-SC;UOP01-DEL01-SC
666089;01/02/2025;sábado;16:25:00;PR;277;722;FOZ DO IGUACU;Reação tardia ou ineficiente do condutor;Colisão traseira;Com Vítimas Feridas;Pleno dia;Decrescente;Céu Claro;Dupla;Reta;Sim;2;0;1;0;0;1;1;2;-25,49184083;-54,51316053;SPRF-PR;DEL05-PR;UOP03-DEL05-PR
666090;09/03/2025;domingo;07:03:00;MG;50;123,6;UBERABA;Transitar no Acostamento;Atropelamento de Pedestre;Com Vítimas Fatais;Pleno dia;Crescente;Céu Claro;Dupla;Reta;Não;2;1;0;0;0;1;0;2;-19,337553;-48,097508;SPRF-MG;DEL13-MG;UOP01-DEL13-MG
666092;09/03/2025;domingo;08:10:00;RN;304;301,4;MACAIBA;Condutor deixou de manter distância do veículo da frente;Colisão traseira;Com Vítimas Feridas;Pleno dia;Crescente;Sol;Dupla;Reta;Não;2;0;1;0;1;0;1;2;-5,87773445;-35,30357838;SPRF-RN;DEL01-RN;UOP02-DEL01-RN
666093;09/03/2025;domingo;07:40:00;MG;262;367;JUATUBA;Reação tardia ou ineficiente do condutor;Saída de leito carroçável;Com Vítimas Feridas;Pleno dia;Crescente;Céu Claro;Dupla;Reta;Sim;2;0;1;0;1;0;1;1;-19,96985197;-44,3320116;SPRF-MG;DEL01-MG;UOP03-DEL01-MG
666095;08/03/2025;sábado;22:50:00;RJ;40;123;DUQUE DE CAXIAS;Pedestre andava na pista;Atropelamento de Pedestre;Com Vítimas Feridas;Plena Noite;Crescente;Céu Claro;Múltipla;Curva;Sim;2;0;1;0;0;1;1;2;-22,80065188;-43,29049666;SPRF-RJ;DEL01-RJ;UOP02-DEL01-RJ
666096;09/03/2025;domingo;07:30:00;SC;282;18,5;PALHOCA;Ingestão de álcool pelo condutor;Colisão transversal;Com Vítimas Feridas;Pleno dia;Decrescente;Céu Claro;Simples;Reta;Sim;2;0;1;0;1;0;1;2;-27,67508596;-48,69656498;SPRF-SC;DEL01-SC;UOP02-DEL01-SC
666097;09/03/2025;domingo;05:20:00;BA;418;44;CARAVELAS;Reação tardia ou ineficiente do condutor;Saída de leito carroçável;Com Vítimas Feridas;Amanhecer;Crescente;Chuva;Simples;Reta;Não;4;0;3;1;0;0;4;1;-17,710858;-39,498993;SPRF-BA;DEL09-BA;UOP02-DEL09-BA
666098;09/03/2025;domingo;08:15:00;MG;365;620,3;UBERLANDIA;Condutor deixou de manter distância do veículo da frente;Colisão traseira;Sem Vítimas;Pleno dia;Crescente;Céu Claro;Dupla;"Interseção de Vias;Viaduto;Reta";Sim;2;0;0;0;1;1;0;2;-18,88768049;-48,26861501;SPRF-MG;DEL15-MG;UOP01-DEL15-MG
666099;09/03/2025;domingo;08:10:00;RS;290;25,1;SANTO ANTONIO DA PATRULHA;Chuva;Tombamento;Com Vítimas Feridas;Pleno dia;Crescente;Chuva;Dupla;Reta;Não;2;0;2;0;0;0;2;1;-29,88188018;-50,52079276;SPRF-RS;DEL03-RS;UOP01-DEL03-RS
666100;09/03/2025;domingo;07:15:00;SC;101;266,1;PAULO LOPES;Condutor deixou de manter distância do veículo da frente;Colisão traseira;Com Vítimas Feridas;Pleno dia;Crescente;Céu Claro;Dupla;Reta;Não;3;0;2;0;1;0;2;2;-28,0771183;-48,7125309;SPRF-SC;DEL02-SC;UOP03-DEL02-SC
666101;09/03/2025;domingo;07:45:00;RJ;356;26;ITAPERUNA;Acessar a via sem observar a presença dos outros veículos;Colisão transversal;Com Vítimas Feridas;Pleno dia;Crescente;Sol;Simples;Interseção de Vias;Não;6;0;5;0;1;0;5;2;-21,17932974;-41,95386887;SPRF-RJ;DEL08-RJ;UOP03-DEL08-RJ
666103;09/03/2025;domingo;07:00:00;RS;290;352,6;SAO SEPE;Ausência de reação do condutor;Saída de leito carroçável;Com Vítimas Feridas;Pleno dia;Decrescente;Chuva;Simples;Reta;Não;2;0;1;0;1;0;1;1;-30,374925;-53,705734;SPRF-RS;DEL09-RS;UOP02-DEL09-RS
666105;09/03/2025;domingo;07:40:00;MS;262;318,5;CAMPO GRANDE;Reação tardia ou ineficiente do condutor;Colisão traseira;Com Vítimas Feridas;Pleno dia;Decrescente;Céu Claro;Simples;Reta;Sim;6;0;1;0;5;0;1;2;-20,47625;-54,463093;SPRF-MS;DEL01-MS;UOP01-DEL01-MS
666106;09/03/2025;domingo;07:50:00;PI;343;209;CAPITAO DE CAMPOS;Ausência de reação do condutor;Derramamento de carga;Com Vítimas Feridas;Pleno dia;Crescente;Céu Claro;Simples;Reta;Não;4;0;2;0;2;0;2;1;-4,44225904;-41,91696167;SPRF-PI;DEL02-PI;UOP01-DEL02-PI
666108;09/03/2025;domingo;07:40:00;MG;262;56,1;MANHUACU;Acessar a via sem observar a presença dos outros veículos;Colisão transversal;Com Vítimas Feridas;Pleno dia;Decrescente;Céu Claro;Simples;"Declive;Reta";Não;2;0;1;0;1;0;1;2;-20,2662667;-42,182119;SPRF-MG;DEL06-MG;UOP03-DEL06-MG
666112;15/01/2025;quarta-feira;17:30:00;BA;110;47;JEREMOABO;Acumulo de água sobre o pavimento;Saída de leito carroçável;Com Vítimas Feridas;Anoitecer;Crescente;Chuva;Simples;"Declive;Reta";Não;1;0;1;0;0;0;1;1;-9,86821804;-38,26834278;SPRF-BA;DEL07-BA;UOP01-DEL07-BA
666114;09/03/2025;domingo;08:20:00;RS;287;402,5;SANTIAGO;Desrespeitar a preferência no cruzamento;Colisão transversal;Com Vítimas Feridas;Pleno dia;Decrescente;Chuva;Simples;Interseção de Vias;Não;2;0;1;0;1;0;1;2;-29,14835111;-54,88697197;SPRF-RS;DEL12-RS;UOP02-DEL12-RS
666115;09/03/2025;domingo;10:20:00;RS;290;86;PORTO ALEGRE;Acumulo de água sobre o pavimento;Capotamento;Com Vítimas Feridas;Pleno dia;Decrescente;Chuva;Múltipla;Reta;Não;2;0;2;0;0;0;2;1;-29,96812554;-51,12070149;SPRF-RS;DEL01-RS;UOP01-DEL01-RS
666116;05/03/2025;quarta-feira;19:00:00;SC;282;595,6;CUNHA PORA;Ingestão de álcool pelo condutor;Saída de leito carroçável;Sem Vítimas;Plena Noite;Crescente;Chuva;Simples;Curva;Não;2;0;0;0;1;1;0;2;-26,81313452;-53,1666968;SPRF-SC;DEL07-SC;UOP02-DEL07-SC
666117;09/03/2025;domingo;07:30:00;SC;470;5,6;NAVEGANTES;Reação tardia ou ineficiente do condutor;Saída de leito carroçável;Com Vítimas Fatais;Pleno dia;Crescente;Céu Claro;Dupla;Reta;Sim;2;1;0;1;0;0;1;1;-26,85389;-48,70584;SPRF-SC;DEL04-SC;UOP04-DEL04-SC
666118;09/03/2025;domingo;10:05:00;SC;101;40,4;JOINVILLE;Velocidade Incompatível;Engavetamento;Sem Vítimas;Pleno dia;Decrescente;Céu Claro;Dupla;Reta;Sim;3;0;0;0;3;0;0;3;-26,3215226;-48,8701777;SPRF-SC;DEL03-SC;UOP01-DEL03-SC
666119;09/03/2025;domingo;09:30:00;SC;282;129,6;BOM RETIRO;Ausência de reação do condutor;Saída de leito carroçável;Com Vítimas Feridas;Pleno dia;Crescente;Céu Claro;Simples;Reta;Não;3;0;1;0;2;0;1;1;-27,80770199;-49,53303164;SPRF-SC;DEL05-SC;UOP01-DEL05-SC
666120;09/03/2025;domingo;10:00:00;PR;153;44,5;SANTO ANTONIO DA PLATINA;Ingestão de álcool pelo condutor;Colisão lateral sentido oposto;Com Vítimas Feridas;Pleno dia;Crescente;Céu Claro;Simples;Reta;Não;2;0;1;0;1;0;1;2;-23,31715011;-50,06888822;SPRF-PR;DEL07-PR;UOP04-DEL07-PR
666121;09/03/2025;domingo;09:30:00;GO;414;387,8;CORUMBA DE GOIAS;Velocidade Incompatível;Saída de leito carroçável;Com Vítimas Feridas;Pleno dia;Crescente;Céu Claro;Simples;Curva;Não;1;0;1;0;0;0;1;1;-15,873382;-48,784583;SPRF-GO;DEL02-GO;UOP01-DEL02-GO
666123;09/03/2025;domingo;10:40:00;RS;290;235,5;RIO PARDO;Problema com o freio;Incêndio;Sem Vítimas;Pleno dia;Decrescente;Chuva;Simples;Reta;Não;1;0;0;0;1;0;0;1;-30,2150062;-52,56528854;SPRF-RS;DEL02-RS;UOP03-DEL02-RS
666128;09/03/2025;domingo;10:45:00;ES;101;288,2;CARIACICA;Reação tardia ou ineficiente do condutor;Tombamento;Com Vítimas Feridas;Pleno dia;Decrescente;Céu Claro;Dupla;Reta;Sim;2;0;2;0;0;0;2;1;-20,27436921;-40,39206851;SPRF-ES;DEL01-ES;UOP01-DEL01-ES
666129;09/03/2025;domingo;10:25:00;RS;116;165;CAXIAS DO SUL;Acumulo de óleo sobre o pavimento;Colisão com objeto;Com Vítimas Feridas;Pleno dia;Crescente;Garoa/Chuvisco;Simples;"Declive;Curva";Não;1;0;1;0;0;0;1;1;-29,2367599;-51,1573961;SPRF-RS;DEL05-RS;UOP02-DEL05-RS
666130;09/03/2025;domingo;10:30:00;RJ;40;116;DUQUE DE CAXIAS;Demais falhas mecânicas ou elétricas;Tombamento;Com Vítimas Feridas;Pleno dia;Decrescente;Céu Claro;Múltipla;Reta;Não;2;0;1;0;1;0;1;1;-22,73913991;-43,28887939;SPRF-RJ;DEL01-RJ;UOP02-DEL01-RJ
666131;09/03/2025;domingo;10:00:00;MS;163;485;CAMPO GRANDE;Condutor deixou de manter distância do veículo da frente;Colisão traseira;Com Vítimas Feridas;Pleno dia;Crescente;Céu Claro;Simples;"Aclive;Reta";Não;5;0;1;0;3;1;1;3;-20,43728;-54,543021;SPRF-MS;DEL01-MS;UOP02-DEL01-MS
666132;09/03/2025;domingo;11:20:00;RJ;40;105;DUQUE DE CAXIAS;Acessar a via sem observar a presença dos outros veículos;Colisão transversal;Com Vítimas Feridas;Pleno dia;Decrescente;Sol;Múltipla;Reta;Sim;2;0;1;0;1;0;1;2;-22,64447209;-43,28391194;SPRF-RJ;DEL01-RJ;UOP02-DEL01-RJ
666133;09/03/2025;domingo;11:40:00;MG;356;273,7;MURIAE;Ausência de reação do condutor;Saída de leito carroçável;Com Vítimas Feridas;Pleno dia;Decrescente;Céu Claro;Simples;Reta;Não;5;0;2;0;3;0;2;1;-21,13778294;-42,31145427;SPRF-MG;DEL07-MG;UOP02-DEL07-MG
666134;17/02/2025;segunda-feira;19:00:00;SP;381;90;GUARULHOS;Acessar a via sem observar a presença dos outros veículos;Colisão lateral mesmo sentido;Com Vítimas Feridas;Plena Noite;Decrescente;Céu Claro;Simples;"Reta;Interseção de Vias";Sim;1;0;1;0;0;0;1;1;-23,49876727;-46,55932015;SPRF-SP;DEL03-SP;UOP01-DEL03-SP
666137;09/03/2025;domingo;11:30:00;MG;381;764,8;CAMPANHA;Ausência de reação do condutor;Tombamento;Com Vítimas Feridas;Pleno dia;Decrescente;Céu Claro;Dupla;Reta;Não;1;0;1;0;0;0;1;1;-21,731725;-45,38278;SPRF-MG;DEL16-MG;UOP02-DEL16-MG
666138;09/03/2025;domingo;13:10:00;BA;116;815,5;VITORIA DA CONQUISTA;Transitar no Acostamento;Atropelamento de Pedestre;Com Vítimas Feridas;Pleno dia;Crescente;Céu Claro;Simples;Reta;Sim;3;0;2;1;0;0;3;2;-14,8124524;-40,7974735;SPRF-BA;DEL08-BA;UOP01-DEL08-BA
666140;09/03/2025;domingo;09:15:00;RJ;101;320;NITEROI;Acessar a via sem observar a presença dos outros veículos;Colisão transversal;Com Vítimas Feridas;Pleno dia;Decrescente;Sol;Simples;Reta;Sim;3;0;2;0;1;0;2;2;-22,86775293;-43,11035156;SPRF-RJ;DEL02-RJ;UOP01-DEL02-RJ
666141;09/03/2025;domingo;13:40:00;SC;470;138,7;RIO DO SUL;Transitar na contramão;Colisão frontal;Com Vítimas Feridas;Pleno dia;Crescente;Sol;Simples;Reta;Sim;2;0;0;1;1;0;1;2;-27,19767078;-49,6283083;SPRF-SC;DEL04-SC;UOP02-DEL04-SC
666142;09/03/2025;domingo;13:30:00;SP;116;283;EMBU DAS ARTES;Ausência de reação do condutor;Colisão lateral mesmo sentido;Sem Vítimas;Pleno dia;Decrescente;Céu Claro;Dupla;Reta;Sim;2;0;0;0;2;0;0;2;-23,6721154;-46,85607791;SPRF-SP;DEL04-SP;UOP01-DEL04-SP
666145;09/03/2025;domingo;13:30:00;RN;110;43;MOSSORO;Acessar a via sem observar a presença dos outros veículos;Colisão lateral mesmo sentido;Com Vítimas Feridas;Pleno dia;Decrescente;Chuva;Simples;Reta;Sim;2;0;1;0;1;0;1;2;-5,302762;-37,280897;SPRF-RN;DEL04-RN;UOP01-DEL04-RN
666146;09/03/2025;domingo;14:00:00;RS;448;0;SAPUCAIA DO SUL;Reação tardia ou ineficiente do condutor;Saída de leito carroçável;Com Vítimas Feridas;Pleno dia;Decrescente;Chuva;Dupla;Reta;Não;2;0;1;0;1;0;1;1;-29,82730575;-51,1727449;SPRF-RS;DEL01-RS;UOP02-DEL01-RS