id;data_inversa;dia_semana;horario;uf;br;km;municipio;causa_acidente;tipo_acidente;classificacao_acidente;fase_dia;sentido_via;condicao_metereologica;tipo_pista;tracado_via;uso_solo;pessoas;mortos;feridos_leves;feridos_graves;ilesos;ignorados;feridos;veiculos;latitude;longitude;regional;delegacia;uop
666147;09/03/2025;domingo;11:00:00;MG;40;688,9;ALFREDO VASCONCELOS;Reação tardia ou ineficiente do condutor;Colisão transversal;Com Vítimas Feridas;Pleno dia;Crescente;Céu Claro;Simples;Reta;Não;4;0;3;0;1;0;3;2;-21,1123759;-43,7608042;SPRF-MG;DEL05-MG;UOP02-DEL05-MG
666148;09/03/2025;domingo;11:40:00;MG;40;513;RIBEIRAO DAS NEVES;Manobra de mudança de faixa;Colisão lateral mesmo sentido;Sem Vítimas;Pleno dia;Decrescente;Céu Claro;Dupla;Curva;Não;2;0;0;0;1;1;0;2;-19,79674288;-44,10865718;SPRF-MG;DEL01-MG;UOP02-DEL01-MG
666149;09/03/2025;domingo;12:30:00;RS;158;166,9;PEJUCARA;Acumulo de água sobre o pavimento;Saída de leito carroçável;Sem Vítimas;Pleno dia;Decrescente;Chuva;Simples;Curva;Não;1;0;0;0;1;0;0;1;-28,40890622;-53,54239583;SPRF-RS;DEL10-RS;UOP02-DEL10-RS
666151;09/03/2025;domingo;13:15:00;RS;116;52,3;VACARIA;Acumulo de água sobre o pavimento;Tombamento;Com Vítimas Feridas;Pleno dia;Crescente;Chuva;Simples;"Declive;Curva";Não;2;0;2;0;0;0;2;1;-28,583862;-51,027513;SPRF-RS;DEL05-RS;UOP03-DEL05-RS
666152;09/03/2025;domingo;15:08:00;SP;116;99;PINDAMONHANGABA;Reação tardia ou ineficiente do condutor;Colisão traseira;Com Vítimas Feridas;Pleno dia;Crescente;Céu Claro;Dupla;Reta;Sim;3;0;1;0;2;0;1;2;-22,985301;-45,47052336;SPRF-SP;DEL08-SP;UOP01-DEL08-SP
666154;09/03/2025;domingo;14:00:00;MG;116;177,2;PADRE PARAISO;Conversão proibida;Colisão traseira;Com Vítimas Feridas;Pleno dia;Decrescente;Sol;Simples;Reta;Sim;5;0;0;1;4;0;1;2;-17,067016;-41,476752;SPRF-MG;DEL11-MG;UOP02-DEL11-MG
666158;09/03/2025;domingo;15:45:00;SC;101;107,9;PENHA;Ingestão de álcool pelo condutor;Colisão traseira;Sem Vítimas;Pleno dia;Crescente;Céu Claro;Dupla;Reta;Não;5;0;0;0;5;0;0;2;-26,82035076;-48,68405342;SPRF-SC;DEL03-SC;UOP02-DEL03-SC
666161;09/03/2025;domingo;09:00:00;ES;262;80;DOMINGOS MARTINS;Reação tardia ou ineficiente do condutor;Tombamento;Com Vítimas Feridas;Pleno dia;Decrescente;Céu Claro;Simples;"Declive;Reta";Não;1;0;1;0;0;0;1;1;-20,409002;-40,935514;SPRF-ES;DEL01-ES;UOP02-DEL01-ES
666163;09/03/2025;domingo;16:00:00;SC;101;38;JOINVILLE;Mal súbito do condutor;Saída de leito carroçável;Com Vítimas Feridas;Pleno dia;Decrescente;Nublado;Simples;Reta;Sim;2;0;1;0;1;0;1;1;-26,2987192;-48,8833862;SPRF-SC;DEL03-SC;UOP01-DEL03-SC
666165;09/03/2025;domingo;14:45:00;ES;101;270;SERRA;Desrespeitar a preferência no cruzamento;Colisão transversal;Com Vítimas Feridas;Pleno dia;Decrescente;Céu Claro;Dupla;Interseção de Vias;Sim;2;0;0;1;1;0;1;2;-20,22207531;-40,27021162;SPRF-ES;DEL02-ES;UOP01-DEL02-ES
666166;09/03/2025;domingo;16:30:00;SP;116;108;TAUBATE;Reação tardia ou ineficiente do condutor;Colisão traseira;Com Vítimas Feridas;Pleno dia;Crescente;Céu Claro;Dupla;Reta;Sim;3;0;1;1;1;0;2;2;-23,0187889;-45,53117394;SPRF-SP;DEL02-SP;UOP02-DEL02-SP
666169;09/03/2025;domingo;16:20:00;RS;285;230,2;CASEIROS;Chuva;Saída de leito carroçável;Com Vítimas Feridas;Pleno dia;Crescente;Chuva;Simples;Reta;Não;5;0;0;2;3;0;2;1;-28,246517;-51,78800583;SPRF-RS;DEL08-RS;UOP05-DEL08-RS
666170;09/03/2025;domingo;16:30:00;SC;101;223;PALHOCA;Trafegar com motocicleta (ou similar) entre as faixas;Colisão traseira;Com Vítimas Feridas;Pleno dia;Decrescente;Céu Claro;Dupla;Reta;Não;4;0;2;0;1;1;2;3;-27,72122887;-48,64518274;SPRF-SC;DEL01-SC;UOP02-DEL01-SC
666173;09/03/2025;domingo;16:18:00;MG;116;704,1;MURIAE;Acessar a via sem observar a presença dos outros veículos;Colisão transversal;Com Vítimas Feridas;Pleno dia;Crescente;Sol;Simples;"Interseção de Vias;Curva";Sim;3;0;0;1;1;1;1;3;-21,06912762;-42,3852256;SPRF-MG;DEL07-MG;UOP02-DEL07-MG
666174;09/03/2025;domingo;15:10:00;MS;163;575,3;BANDEIRANTES;Acessar a via sem observar a presença dos outros veículos;Colisão transversal;Com Vítimas Feridas;Pleno dia;Decrescente;Nublado;Simples;"Reta;Interseção de Vias;Rotatória";Não;5;0;1;0;4;0;1;2;-19,67779786;-54,34970856;SPRF-MS;DEL06-MS;UOP02-DEL06-MS
666175;09/03/2025;domingo;17:15:00;ES;101;265,5;SERRA;Manobra de mudança de faixa;Colisão lateral mesmo sentido;Com Vítimas Feridas;Anoitecer;Decrescente;Céu Claro;Dupla;Reta;Sim;4;0;1;0;1;2;1;3;-20,188112;-40,268147;SPRF-ES;DEL02-ES;UOP01-DEL02-ES
666176;09/03/2025;domingo;17:30:00;SP;101;35;UBATUBA;Condutor deixou de manter distância do veículo da frente;Engavetamento;Com Vítimas Feridas;Pleno dia;Crescente;Céu Claro;Simples;Reta;Não;8;0;2;0;6;0;2;6;-23,3939666;-45,0116225;SPRF-SP;DEL06-SP;UOP01-DEL06-SP
666177;09/03/2025;domingo;14:45:00;MT;163;769;SORRISO;Reação tardia ou ineficiente do condutor;Saída de leito carroçável;Com Vítimas Feridas;Pleno dia;Crescente;Sol;Simples;"Reta;Declive";Não;1;0;1;0;0;0;1;1;-12,4193006;-55,6368285;SPRF-MT;DEL06-MT;UOP01-DEL06-MT
666178;09/03/2025;domingo;17:20:00;BA;116;818,8;VITORIA DA CONQUISTA;Desrespeitar a preferência no cruzamento;Colisão transversal;Com Vítimas Feridas;Anoitecer;Decrescente;Céu Claro;Simples;"Interseção de Vias;Declive;Curva";Não;5;0;2;0;3;0;2;2;-14,82928018;-40,82951736;SPRF-BA;DEL08-BA;UOP01-DEL08-BA
666179;09/03/2025;domingo;15:40:00;SC;101;367;ICARA;Avarias e/ou desgaste excessivo no pneu;Saída de leito carroçável;Com Vítimas Feridas;Pleno dia;Decrescente;Chuva;Dupla;Curva;Não;3;0;2;0;1;0;2;1;-28,6972885;-49,17772293;SPRF-SC;DEL02-SC;UOP01-DEL02-SC
666180;09/03/2025;domingo;17:50:00;MA;222;673;ACAILANDIA;Ingestão de álcool pelo condutor;Colisão com objeto;Com Vítimas Feridas;Anoitecer;Decrescente;Nublado;Simples;Reta;Sim;1;0;1;0;0;0;1;1;-4,9263679;-47,4392448;SPRF-MA;DEL04-MA;UOP03-DEL04-MA
666182;09/03/2025;domingo;18:00:00;SC;282;16,5;PALHOCA;Acessar a via sem observar a presença dos outros veículos;Colisão transversal;Com Vítimas Feridas;Anoitecer;Decrescente;Chuva;Simples;Reta;Sim;2;0;1;0;1;0;1;2;-27,66278614;-48,68543029;SPRF-SC;DEL01-SC;UOP02-DEL01-SC
666183;09/03/2025;domingo;18:20:00;MG;381;804;SAO GONCALO DO SAPUCAI;Manobra de mudança de faixa;Colisão traseira;Com Vítimas Feridas;Anoitecer;Decrescente;Céu Claro;Dupla;"Declive;Reta";Não;2;0;1;0;1;0;1;2;-21,964598;-45,628912;SPRF-MG;DEL16-MG;UOP02-DEL16-MG
666184;09/03/2025;domingo;17:45:00;MG;116;114,7;ITAOBIM;Entrada inopinada do pedestre;Atropelamento de Pedestre;Com Vítimas Feridas;Anoitecer;Decrescente;Céu Claro;Simples;Reta;Sim;4;0;0;1;3;0;1;2;-16,5542551;-41,50141239;SPRF-MG;DEL11-MG;UOP02-DEL11-MG
666186;09/03/2025;domingo;17:40:00;SC;470;96,9;APIUNA;Reação tardia ou ineficiente do condutor;Colisão traseira;Com Vítimas Feridas;Pleno dia;Decrescente;Chuva;Simples;Reta;Não;4;0;2;0;2;0;2;2;-27,02741014;-49,37981129;SPRF-SC;DEL04-SC;UOP01-DEL04-SC
666187;09/03/2025;domingo;15:20:00;RJ;116;142;DUQUE DE CAXIAS;Transitar no Acostamento;Colisão traseira;Sem Vítimas;Pleno dia;Crescente;Céu Claro;Dupla;Reta;Não;2;0;0;0;2;0;0;2;-22,65735;-43,247485;SPRF-RJ;DEL01-RJ;UOP02-DEL01-RJ
666188;09/03/2025;domingo;14:35:00;MG;262;29;REDUTO;Condutor Dormindo;Colisão com objeto;Com Vítimas Feridas;Pleno dia;Crescente;Céu Claro;Simples;Curva;Sim;3;0;1;2;0;0;3;1;-20,247314;-41,982584;SPRF-MG;DEL06-MG;UOP03-DEL06-MG
666189;09/03/2025;domingo;17:40:00;MG;381;491,2;BETIM;Trafegar com motocicleta (ou similar) entre as faixas;Colisão lateral mesmo sentido;Com Vítimas Fatais;Anoitecer;Decrescente;Céu Claro;Dupla;Reta;Não;4;1;1;0;2;0;1;3;-19,95995731;-44,15542603;SPRF-MG;DEL01-MG;UOP03-DEL01-MG
666190;09/03/2025;domingo;17:55:00;RJ;465;3;SEROPEDICA;Conversão proibida;Colisão transversal;Com Vítimas Feridas;Anoitecer;Decrescente;Céu Claro;Simples;Reta;Não;1;0;1;0;0;0;1;1;-22,72825135;-43,71801808;SPRF-RJ;DEL06-RJ;UOP02-DEL06-RJ
666191;09/03/2025;domingo;18:00:00;SC;101;121,3;ITAJAI;Ausência de reação do condutor;Colisão transversal;Com Vítimas Feridas;Anoitecer;Decrescente;Chuva;Dupla;Reta;Não;2;0;0;2;0;0;2;2;-26,93200317;-48,70327497;SPRF-SC;DEL04-SC;UOP04-DEL04-SC
666192;09/03/2025;domingo;16:35:00;GO;153;702;ITUMBIARA;Velocidade Incompatível;Capotamento;Com Vítimas Feridas;Pleno dia;Decrescente;Sol;Dupla;"Reta;Interseção de Vias";Sim;1;0;0;1;0;0;1;1;-18,404018;-49,201347;SPRF-GO;DEL03-GO;UOP02-DEL03-GO
666193;09/03/2025;domingo;17:50:00;RJ;116;223;PARACAMBI;Chuva;Tombamento;Com Vítimas Feridas;Anoitecer;Crescente;Chuva;Dupla;Reta;Não;1;0;1;0;0;0;1;1;-22,71015;-43,7220239;SPRF-RJ;DEL06-RJ;UOP02-DEL06-RJ
666195;09/03/2025;domingo;18:50:00;RS;386;307,8;POUSO NOVO;Reação tardia ou ineficiente do condutor;Colisão traseira;Sem Vítimas;Anoitecer;Crescente;Chuva;Simples;Reta;Não;2;0;0;0;2;0;0;2;-29,21011941;-52,17743866;SPRF-RS;DEL04-RS;UOP01-DEL04-RS
666196;09/03/2025;domingo;16:00:00;RJ;101;316;SAO GONCALO;Reação tardia ou ineficiente do condutor;Colisão traseira;Com Vítimas Feridas;Pleno dia;Crescente;Céu Claro;Dupla;Reta;Sim;2;0;1;0;1;0;1;2;-22,82988802;-43,09300137;SPRF-RJ;DEL02-RJ;UOP02-DEL02-RJ
666197;09/03/2025;domingo;17:35:00;PR;163;229,1;CASCAVEL;Avarias e/ou desgaste excessivo no pneu;Saída de leito carroçável;Com Vítimas Feridas;Pleno dia;Crescente;Sol;Dupla;Reta;Não;1;0;1;0;0;0;1;1;-24,8202431;-53,6560367;SPRF-PR;DEL04-PR;UOP01-DEL04-PR
666198;09/03/2025;domingo;18:20:00;MG;40;431,2;PARAOPEBA;Reação tardia ou ineficiente do condutor;Saída de leito carroçável;Com Vítimas Feridas;Plena Noite;Decrescente;Céu Claro;Dupla;"Reta;Declive";Não;4;0;2;2;0;0;4;1;-19,200775;-44,475395;SPRF-MG;DEL02-MG;UOP01-DEL02-MG
666199;09/03/2025;domingo;18:30:00;MG;381;438,2;SANTA LUZIA;Afundamento ou ondulação no pavimento;Queda de ocupante de veículo;Com Vítimas Feridas;Plena Noite;Crescente;Céu Claro;Simples;Reta;Não;1;0;0;1;0;0;1;1;-19,8142117;-43,8565655;SPRF-MG;DEL01-MG;UOP01-DEL01-MG
666200;07/01/2025;terça-feira;19:00:00;RR;174;175;BOA VISTA;Ausência de reação do condutor;Colisão traseira;Com Vítimas Feridas;Plena Noite;Crescente;Céu Claro;Simples;Reta;Não;3;0;1;2;0;0;3;2;2,67008405;-60,87112427;SPRF-RR;DEL01-RR;UOP01-DEL01-RR
666202;09/03/2025;domingo;16:00:00;PR;272;366,4;CAMPO MOURAO;Condutor desrespeitou a iluminação vermelha do semáforo;Colisão transversal;Com Vítimas Feridas;Pleno dia;Decrescente;Céu Claro;Dupla;Rotatória;Sim;2;0;0;1;1;0;1;2;-24,047038;-52,393826;SPRF-PR;DEL09-PR;UOP03-DEL09-PR
666204;09/03/2025;domingo;14:30:00;RS;285;575;SAO BORJA;Ausência de reação do condutor;Colisão lateral sentido oposto;Com Vítimas Feridas;Pleno dia;Decrescente;Céu Claro;Simples;Reta;Não;3;0;1;0;2;0;1;2;-28,58865987;-55,97147942;SPRF-RS;DEL12-RS;UOP01-DEL12-RS
666205;09/03/2025;domingo;19:15:00;RS;290;68,3;GRAVATAI;Ausência de reação do condutor;Colisão traseira;Com Vítimas Feridas;Pleno dia;Crescente;Nublado;Múltipla;Reta;Não;4;0;2;0;2;0;2;2;-29,94445692;-50,94402194;SPRF-RS;DEL03-RS;UOP01-DEL03-RS
666206;09/03/2025;domingo;17:00:00;SC;101;404,5;ARARANGUA;Condutor deixou de manter distância do veículo da frente;Engavetamento;Com Vítimas Feridas;Pleno dia;Crescente;Nublado;Múltipla;Reta;Não;7;0;3;0;4;0;3;3;-28,89772392;-49,47323447;SPRF-SC;DEL02-SC;UOP02-DEL02-SC
666207;09/03/2025;domingo;18:00:00;GO;153;518;HIDROLANDIA;Ausência de reação do condutor;Saída de leito carroçável;Sem Vítimas;Anoitecer;Decrescente;Céu Claro;Dupla;"Reta;Declive";Sim;2;0;0;0;2;0;0;1;-16,857681;-49,24842;SPRF-GO;DEL01-GO;UOP03-DEL01-GO
666208;09/03/2025;domingo;17:55:00;PI;343;592;FLORIANO;Acessar a via sem observar a presença dos outros veículos;Colisão transversal;Com Vítimas Feridas;Plena Noite;Decrescente;Céu Claro;Dupla;"Interseção de Vias;Rotatória;Reta";Sim;2;0;1;0;1;0;1;2;-6,779243;-43,028411;SPRF-PI;DEL03-PI;UOP01-DEL03-PI
666209;09/03/2025;domingo;19:00:00;RJ;495;1;TERESOPOLIS;Transitar na contramão;Colisão frontal;Com Vítimas Feridas;Plena Noite;Crescente;Chuva;Simples;"Em Obras;Reta;Desvio Temporário";Sim;6;0;2;0;4;0;2;2;-22,401892;-42,970963;SPRF-RJ;DEL04-RJ;UOP01-DEL04-RJ
666210;09/03/2025;domingo;18:06:00;RN;405;86;APODI;Ultrapassagem Indevida;Colisão frontal;Com Vítimas Fatais;Plena Noite;Crescente;Chuva;Simples;Reta;Não;3;1;0;0;2;0;0;3;-5,73876575;-37,83359528;SPRF-RN;DEL04-RN;UOP02-DEL04-RN
666211;09/03/2025;domingo;19:00:00;SC;101;208,3;SAO JOSE;Ausência de reação do condutor;Engavetamento;Sem Vítimas;Plena Noite;Crescente;Chuva;Dupla;Reta;Sim;3;0;0;0;3;0;0;3;-27,605099;-48,63429;SPRF-SC;DEL01-SC;UOP01-DEL01-SC
666213;09/03/2025;domingo;18:15:00;PR;153;2,2;IMBITUVA;Participar de racha;Saída de leito carroçável;Com Vítimas Fatais;Pleno dia;Decrescente;Nublado;Simples;"Reta;Declive";Sim;2;1;0;1;0;0;1;1;-25,20027732;-50,59805679;SPRF-PR;DEL03-PR;UOP01-DEL03-PR
666214;09/03/2025;domingo;17:30:00;RJ;393;172;TRES RIOS;Condutor deixou de manter distância do veículo da frente;Colisão traseira;Com Vítimas Feridas;Pleno dia;Crescente;Céu Claro;Simples;Reta;Não;2;0;1;0;1;0;1;2;-22,13227811;-43,18564653;SPRF-RJ;DEL05-RJ;UOP03-DEL05-RJ
666215;09/03/2025;domingo;15:30:00;PR;158;338;PALMITAL;Velocidade Incompatível;Saída de leito carroçável;Com Vítimas Feridas;Pleno dia;Decrescente;Céu Claro;Simples;Curva;Não;2;0;1;0;1;0;1;1;-24,90512166;-52,27355003;SPRF-PR;DEL04-PR;UOP02-DEL04-PR
666216;09/03/2025;domingo;16:15:00;MT;174;458;COMODORO;Acumulo de água sobre o pavimento;Colisão com objeto;Sem Vítimas;Pleno dia;Crescente;Chuva;Simples;"Declive;Curva";Não;5;0;0;0;5;0;0;1;-13,9056867;-59,761029;SPRF-MT;DEL04-MT;UOP02-DEL04-MT
666217;09/03/2025;domingo;19:15:00;BA;242;689;CRISTOPOLIS;Acessar a via sem observar a presença dos outros veículos;Colisão lateral mesmo sentido;Com Vítimas Feridas;Plena Noite;Crescente;Céu Claro;Simples;Reta;Não;2;0;2;0;0;0;2;2;-12,23293619;-44,37746018;SPRF-BA;DEL10-BA;UOP01-DEL10-BA
666218;09/03/2025;domingo;18:30:00;PR;277;32;MORRETES;Reação tardia ou ineficiente do condutor;Colisão com objeto;Com Vítimas Feridas;Anoitecer;Decrescente;Chuva;Dupla;"Declive;Curva";Não;8;0;2;0;6;0;2;2;-25,56536215;-48,81195545;SPRF-PR;DEL01-PR;UOP05-DEL01-PR
666219;09/03/2025;domingo;19:30:00;MG;262;357;BETIM;Pedestre andava na pista;Atropelamento de Pedestre;Com Vítimas Feridas;Plena Noite;Decrescente;Céu Claro;Dupla;Reta;Sim;2;0;0;1;1;0;1;2;-19,9832393;-44,23365395;SPRF-MG;DEL01-MG;UOP03-DEL01-MG
666220;09/03/2025;domingo;16:00:00;MG;116;396;GOVERNADOR VALADARES;Ultrapassagem Indevida;Colisão lateral sentido oposto;Com Vítimas Feridas;Pleno dia;Crescente;Céu Claro;Simples;Curva;Não;3;0;1;1;0;1;2;2;-18,7331666;-41,98715333;SPRF-MG;DEL06-MG;UOP01-DEL06-MG
666221;09/03/2025;domingo;18:45:00;PR;376;504;PONTA GROSSA;Demais falhas mecânicas ou elétricas;Incêndio;Sem Vítimas;Anoitecer;Crescente;Céu Claro;Dupla;"Reta;Aclive";Sim;1;0;0;0;1;0;0;1;-25,179538;-50,0969342;SPRF-PR;DEL03-PR;UOP04-DEL03-PR
666222;09/03/2025;domingo;17:50:00;PR;116;10;CAMPINA GRANDE DO SUL;Velocidade Incompatível;Saída de leito carroçável;Com Vítimas Feridas;Pleno dia;Crescente;Chuva;Dupla;Curva;Não;1;0;1;0;0;0;1;1;-25,08254721;-48,63692048;SPRF-PR;DEL01-PR;UOP02-DEL01-PR
666224;09/03/2025;domingo;20:00:00;CE;20;303;CANINDE;Animais na Pista;Atropelamento de Animal;Com Vítimas Feridas;Plena Noite;Crescente;Chuva;Simples;Reta;Sim;1;0;1;0;0;0;1;1;-4,385787;-39,312308;SPRF-CE;DEL02-CE;UOP01-DEL02-CE
666225;09/03/2025;domingo;18:30:00;BA;101;325;PRESIDENTE TANCREDO NEVES;Mal súbito do condutor;Colisão frontal;Com Vítimas Feridas;Plena Noite;Decrescente;Chuva;Simples;"Curva;Em Obras;Declive";Sim;2;0;1;1;0;0;2;2;-13,46282658;-39,41804314;SPRF-BA;DEL05-BA;UOP03-DEL05-BA
666226;09/03/2025;domingo;13:30:00;RJ;40;88;PETROPOLIS;Reação tardia ou ineficiente do condutor;Tombamento;Com Vítimas Feridas;Pleno dia;Decrescente;Céu Claro;Dupla;Aclive;Não;2;0;2;0;0;0;2;1;-22,33128;-43,13408;SPRF-RJ;DEL01-RJ;UOP01-DEL01-RJ
666227;09/03/2025;domingo;19:40:00;PI;316;31;DEMERVAL LOBAO;Ingestão de álcool pelo condutor;Tombamento;Com Vítimas Feridas;Plena Noite;Decrescente;Nublado;Dupla;Reta;Sim;1;0;0;1;0;0;1;1;-5,35335044;-42,67773271;SPRF-PI;DEL01-PI;UOP02-DEL01-PI
666228;09/03/2025;domingo;19:00:00;RJ;465;15;SEROPEDICA;Acessar a via sem observar a presença dos outros veículos;Colisão transversal;Com Vítimas Feridas;Plena Noite;Decrescente;Céu Claro;Simples;"Reta;Interseção de Vias";Sim;3;0;1;0;1;1;1;2;-22,81089887;-43,63142967;SPRF-RJ;DEL06-RJ;UOP02-DEL06-RJ
666229;09/03/2025;domingo;19:15:00;RJ;101;488;ANGRA DOS REIS;Desrespeitar a preferência no cruzamento;Colisão transversal;Com Vítimas Feridas;Plena Noite;Decrescente;Céu Claro;Dupla;Reta;Não;2;0;1;0;1;0;1;2;-22,96181;-44,297422;SPRF-RJ;DEL03-RJ;UOP03-DEL03-RJ
666230;09/03/2025;domingo;20:30:00;PR;376;667;GUARATUBA;Acumulo de água sobre o pavimento;Saída de leito carroçável;Com Vítimas Feridas;Plena Noite;Crescente;Chuva;Dupla;Curva;Não;6;0;1;0;5;0;1;2;-25,93671835;-48,9100777;SPRF-PR;DEL01-PR;UOP04-DEL01-PR
666231;09/03/2025;domingo;18:45:00;SC;153;99;CONCORDIA;Acessar a via sem observar a presença dos outros veículos;Colisão transversal;Com Vítimas Feridas;Anoitecer;Decrescente;Nublado;Simples;Reta;Sim;5;0;1;0;4;0;1;2;-27,24188861;-51,95227772;SPRF-SC;DEL07-SC;UOP04-DEL07-SC
666232;09/03/2025;domingo;20:30:00;MG;354;754;ITAMONTE;Acessar a via sem observar a presença dos outros veículos;Colisão transversal;Com Vítimas Feridas;Plena Noite;Crescente;Céu Claro;Simples;Reta;Sim;2;0;1;0;1;0;1;2;-22,28494327;-44,86924645;SPRF-MG;DEL17-MG;UOP01-DEL17-MG
666233;09/03/2025;domingo;20:10:00;PE;408;78;PAUDALHO;Pedestre - Ingestão de álcool/ substâncias psicoativas;Atropelamento de Pedestre;Com Vítimas Feridas;Plena Noite;Decrescente;Nublado;Dupla;Reta;Não;2;0;0;1;0;1;1;2;-7,92371;-35,154742;SPRF-PE;DEL01-PE;UOP01-DEL01-PE
666234;09/03/2025;domingo;20:15:00;BA;349;870;SAO FELIX DO CORIBE;Transitar na contramão;Colisão frontal;Com Vítimas Feridas;Plena Noite;Decrescente;Céu Claro;Simples;"Interseção de Vias;Reta";Não;4;0;1;0;1;2;1;3;-13,391658;-44,11466;SPRF-BA;DEL10-BA;UOP02-DEL10-BA
666235;09/03/2025;domingo;19:05:00;PR;369;101,2;CORNELIO PROCOPIO;Manobra de mudança de faixa;Colisão com objeto;Com Vítimas Feridas;Plena Noite;Decrescente;Céu Claro;Dupla;Viaduto;Não;2;0;1;0;1;0;1;2;-23,24625986;-50,72548443;SPRF-PR;DEL07-PR;UOP05-DEL07-PR
666236;09/03/2025;domingo;20:30:00;MG;40;490,9;ESMERALDAS;Animais na Pista;Saída de leito carroçável;Com Vítimas Feridas;Plena Noite;Crescente;Céu Claro;Dupla;Reta;Não;4;0;4;0;0;0;4;1;-19,64194084;-44,20284748;SPRF-MG;DEL02-MG;UOP01-DEL02-MG
666238;01/01/2025;quarta-feira;12:30:00;BA;110;60,2;JEREMOABO;Velocidade Incompatível;Colisão traseira;Com Vítimas Feridas;Pleno dia;Crescente;Sol;Simples;Reta;Não;6;0;1;1;4;0;2;2;-9,949353;-38,294997;SPRF-BA;DEL07-BA;UOP01-DEL07-BA
666239;09/03/2025;domingo;20:50:00;SP;116;208;GUARULHOS;Redutor de velocidade em desacordo;Colisão traseira;Com Vítimas Feridas;Plena Noite;Crescente;Ignorado;Dupla;Reta;Sim;3;0;2;0;0;1;2;2;-23,41733565;-46,37656021;SPRF-SP;DEL01-SP;UOP01-DEL01-SP
666240;09/03/2025;domingo;19:50:00;PR;116;158;QUITANDINHA;Chuva;Colisão frontal;Com Vítimas Feridas;Plena Noite;Crescente;Chuva;Simples;Curva;Não;2;0;0;1;1;0;1;2;-25,886167;-49,503834;SPRF-PR;DEL01-PR;UOP03-DEL01-PR
666241;03/02/2025;segunda-feira;15:00:00;MT;364;203;RONDONOPOLIS;Manobra de mudança de faixa;Colisão lateral mesmo sentido;Com Vítimas Feridas;Pleno dia;Decrescente;Nublado;Dupla;Reta;Sim;3;0;1;0;2;0;1;2;-16,47555256;-54,65344724;SPRF-MT;DEL02-MT;UOP01-DEL02-MT
666242;09/03/2025;domingo;20:50:00;PE;232;408;SERRA TALHADA;Pista Escorregadia;Tombamento;Com Vítimas Feridas;Plena Noite;Crescente;Céu Claro;Simples;"Reta;Declive";Sim;1;0;1;0;0;0;1;1;-7,982189;-38,287535;SPRF-PE;DEL04-PE;UOP01-DEL04-PE
666243;09/03/2025;domingo;21:00:00;SE;101;72,5;MARUIM;Animais na Pista;Atropelamento de Animal;Com Vítimas Feridas;Plena Noite;Decrescente;Céu Claro;Dupla;Reta;Não;4;0;4;0;0;0;4;1;-10,74769563;-37,09709276;SPRF-SE;DEL01-SE;UOP01-DEL01-SE
666244;09/03/2025;domingo;15:20:00;SE;101;128,5;ESTANCIA;Mal súbito do condutor;Eventos atípicos;Sem Vítimas;Pleno dia;Crescente;Céu Claro;Dupla;Reta;Não;2;0;0;0;2;0;0;1;-11,0836167;-37,36938357;SPRF-SE;DEL02-SE;UOP01-DEL02-SE
666245;09/03/2025;domingo;21:23:00;TO;10;464,1;PALMAS;Ausência de reação do condutor;Tombamento;Sem Vítimas;Plena Noite;Crescente;Céu Claro;Múltipla;Curva;Sim;1;0;0;0;0;1;0;1;-10,229335;-48,310907;SPRF-TO;DEL01-TO;UOP03-DEL01-TO
666246;09/03/2025;domingo;20:25:00;RJ;493;104;SEROPEDICA;Condutor Dormindo;Saída de leito carroçável;Com Vítimas Feridas;Plena Noite;Decrescente;Céu Claro;Dupla;Reta;Não;5;0;4;0;1;0;4;1;-22,78045;-43,75021;SPRF-RJ;DEL01-RJ;UOP03-DEL01-RJ
666247;09/03/2025;domingo;21:30:00;SC;101;222,3;PALHOCA;Pedestre andava na pista;Atropelamento de Pedestre;Com Vítimas Feridas;Plena Noite;Decrescente;Nublado;Dupla;Reta;Sim;2;0;1;0;0;1;1;2;-27,71293822;-48,65080833;SPRF-SC;DEL01-SC;UOP02-DEL01-SC
666248;09/03/2025;domingo;19:00:00;SC;280;95,2;CORUPA;Pista Escorregadia;Colisão frontal;Com Vítimas Fatais;Plena Noite;Crescente;Garoa/Chuvisco;Simples;"Curva;Declive";Não;4;1;1;0;1;1;1;3;-26,382731;-49,31461;SPRF-SC;DEL06-SC;UOP03-DEL06-SC
666250;09/03/2025;domingo;20:50:00;PI;316;6;TERESINA;Acessar a via sem observar a presença dos outros veículos;Colisão transversal;Com Vítimas Feridas;Plena Noite;Decrescente;Ignorado;Múltipla;Reta;Sim;4;0;2;1;0;1;3;3;-5,149180593;-42,77362031;SPRF-PI;DEL01-PI;UOP02-DEL01-PI
666251;09/03/2025;domingo;21:55:00;PE;116;25;SALGUEIRO;Transitar na contramão;Colisão frontal;Com Vítimas Feridas;Plena Noite;Crescente;Nublado;Simples;Reta;Sim;2;0;1;0;1;0;1;2;-8,07040474;-39,13400888;SPRF-PE;DEL05-PE;UOP01-DEL05-PE
666253;09/03/2025;domingo;19:40:00;SC;101;371;ICARA;Chuva;Queda de ocupante de veículo;Com Vítimas Feridas;Plena Noite;Crescente;Céu Claro;Dupla;Reta;Não;1;0;1;0;0;0;1;1;-28,75411551;-49,2760849;SPRF-SC;DEL02-SC;UOP01-DEL02-SC