id;data_inversa;dia_semana;horario;uf;br;km;municipio;causa_acidente;tipo_acidente;classificacao_acidente;fase_dia;sentido_via;condicao_metereologica;tipo_pista;tracado_via;uso_solo;pessoas;mortos;feridos_leves;feridos_graves;ilesos;ignorados;feridos;veiculos;latitude;longitude;regional;delegacia;uop
666255;09/03/2025;domingo;15:20:00;GO;60;306;ACREUNA;Ingestão de álcool pelo condutor;Capotamento;Com Vítimas Feridas;Pleno dia;Crescente;Céu Claro;Dupla;Reta;Sim;2;0;1;1;0;0;2;1;-17,40473893;-50,39546544;SPRF-GO;DEL04-GO;UOP02-DEL04-GO
666257;09/03/2025;domingo;21:55:00;ES;101;308,2;VIANA;Acessar a via sem observar a presença dos outros veículos;Atropelamento de Pedestre;Com Vítimas Feridas;Plena Noite;Crescente;Céu Claro;Múltipla;Reta;Sim;3;0;0;1;0;2;1;2;-20,4194822;-40,4578394;SPRF-ES;DEL01-ES;UOP01-DEL01-ES
666258;09/03/2025;domingo;20:00:00;PR;376;625;SAO JOSE DOS PINHAIS;Ausência de reação do condutor;Colisão traseira;Sem Vítimas;Plena Noite;Decrescente;Chuva;Dupla;Reta;Não;5;0;0;0;5;0;0;4;-25,65521092;-49,15649761;SPRF-PR;DEL01-PR;UOP04-DEL01-PR
666259;09/03/2025;domingo;21:30:00;PR;277;73;SAO JOSE DOS PINHAIS;Manobra de mudança de faixa;Colisão traseira;Com Vítimas Feridas;Plena Noite;Crescente;Céu Claro;Dupla;"Reta;Declive";Não;2;0;0;1;1;0;1;2;-25,49908359;-49,15569998;SPRF-PR;DEL01-PR;UOP07-DEL01-PR
666261;09/03/2025;domingo;22:15:00;MG;146;469,4;BANDEIRA DO SUL;Transitar na contramão;Colisão frontal;Com Vítimas Fatais;Plena Noite;Crescente;Céu Claro;Simples;"Declive;Curva";Não;6;1;0;0;3;2;0;3;-21,712784;-46,421421;SPRF-MG;DEL09-MG;UOP01-DEL09-MG
666262;09/03/2025;domingo;22:15:00;PR;369;178,8;ROLANDIA;Reação tardia ou ineficiente do condutor;Colisão com objeto;Com Vítimas Feridas;Plena Noite;Crescente;Céu Claro;Múltipla;Reta;Sim;1;0;1;0;0;0;1;1;-23,356;-51,402;SPRF-PR;DEL07-PR;UOP03-DEL07-PR
666263;09/03/2025;domingo;18:30:00;AL;416;20,5;COLONIA LEOPOLDINA;Ingestão de álcool pelo condutor;Colisão frontal;Com Vítimas Feridas;Plena Noite;Crescente;Nublado;Simples;Curva;Não;4;0;1;2;0;1;3;2;-8,92499904;-35,74479472;SPRF-AL;DEL01-AL;UOP02-DEL01-AL
666264;09/03/2025;domingo;19:30:00;RO;319;39;PORTO VELHO;Condutor deixou de manter distância do veículo da frente;Colisão traseira;Com Vítimas Feridas;Plena Noite;Crescente;Nublado;Simples;Reta;Não;3;0;0;1;2;0;1;2;-8,6258055;-63,99664342;SPRF-RO;DEL01-RO;UOP01-DEL01-RO
666265;08/03/2025;sábado;01:20:00;RJ;116;142;DUQUE DE CAXIAS;Ausência de reação do condutor;Capotamento;Com Vítimas Feridas;Plena Noite;Crescente;Céu Claro;Dupla;Reta;Sim;1;0;1;0;0;0;1;1;-22,6669954;-43,26456362;SPRF-RJ;DEL01-RJ;UOP02-DEL01-RJ
666266;09/03/2025;domingo;22:21:00;PB;230;153;CAMPINA GRANDE;Desvio temporário;Tombamento;Com Vítimas Feridas;Plena Noite;Crescente;Nublado;Simples;Reta;Não;2;0;1;0;1;0;1;1;-7,2788895;-35,8932942;SPRF-PB;DEL02-PB;UOP01-DEL02-PB
666268;09/03/2025;domingo;21:40:00;PR;376;456,9;TIBAGI;Reação tardia ou ineficiente do condutor;Colisão traseira;Com Vítimas Feridas;Plena Noite;Crescente;Nublado;Dupla;"Reta;Desvio Temporário";Não;6;0;1;0;5;0;1;2;-24,923489;-50,409181;SPRF-PR;DEL03-PR;UOP01-DEL03-PR
666269;23/01/2025;quinta-feira;06:40:00;MT;70;282,8;PRIMAVERA DO LESTE;Acessar a via sem observar a presença dos outros veículos;Colisão transversal;Com Vítimas Feridas;Amanhecer;Decrescente;Ignorado;Simples;Reta;Não;3;0;2;0;1;0;2;3;-15,57387718;-54,32311627;SPRF-MT;DEL05-MT;UOP01-DEL05-MT
666270;09/03/2025;domingo;19:00:00;RJ;101;528,8;ANGRA DOS REIS;Ausência de reação do condutor;Colisão traseira;Com Vítimas Feridas;Plena Noite;Decrescente;Céu Claro;Simples;Reta;Não;3;0;0;1;1;1;1;3;-23,026052;-44,505097;SPRF-RJ;DEL03-RJ;UOP03-DEL03-RJ
666272;09/03/2025;domingo;22:30:00;SP;116;357;MIRACATU;Demais falhas mecânicas ou elétricas;Incêndio;Sem Vítimas;Plena Noite;Decrescente;Nublado;Dupla;"Curva;Aclive";Não;2;0;0;0;2;0;0;1;-24,09930211;-47,25490093;SPRF-SP;DEL04-SP;UOP03-DEL04-SP
666273;09/03/2025;domingo;23:30:00;BA;116;13,3;VITORIA DA CONQUISTA;Acostamento em desnível;Queda de ocupante de veículo;Com Vítimas Feridas;Plena Noite;Crescente;Céu Claro;Simples;Curva;Não;1;0;1;0;0;0;1;1;-14,89213331;-40,86760334;SPRF-BA;DEL08-BA;UOP01-DEL08-BA
666275;09/03/2025;domingo;22:30:00;MS;463;18;DOURADOS;Reação tardia ou ineficiente do condutor;Colisão com objeto;Com Vítimas Fatais;Plena Noite;Crescente;Chuva;Simples;Rotatória;Não;1;1;0;0;0;0;0;1;-22,248365;-54,970308;SPRF-MS;DEL04-MS;UOP03-DEL04-MS
666276;09/03/2025;domingo;15:00:00;MT;163;1006;TERRA NOVA DO NORTE;Condutor deixou de manter distância do veículo da frente;Colisão traseira;Com Vítimas Feridas;Pleno dia;Crescente;Céu Claro;Simples;"Reta;Aclive";Não;2;0;1;0;1;0;1;2;-10,440583;-55,060598;SPRF-MT;DEL06-MT;UOP03-DEL06-MT
666277;09/03/2025;domingo;14:46:00;PA;163;149;ALTAMIRA;Pista esburacada;Queda de ocupante de veículo;Com Vítimas Feridas;Pleno dia;Crescente;Céu Claro;Simples;"Reta;Aclive";Não;1;0;1;0;0;0;1;1;-8,399487;-55,092378;SPRF-MT;DEL06-MT;UOP03-DEL06-MT
666278;09/03/2025;domingo;23:20:00;PR;277;534,6;IBEMA;Animais na Pista;Capotamento;Com Vítimas Feridas;Plena Noite;Decrescente;Céu Claro;Simples;Reta;Não;1;0;1;0;0;0;1;1;-25,1021674;-53,0419444;SPRF-PR;DEL04-PR;UOP04-DEL04-PR
666279;09/03/2025;domingo;20:39:00;PA;230;1121;ITAITUBA;Ingestão de álcool pelo condutor;Tombamento;Sem Vítimas;Plena Noite;Decrescente;Nublado;Simples;Reta;Não;1;0;0;0;1;0;0;1;-4,37356605;-55,95993396;SPRF-PA;DEL05-PA;UOP02-DEL05-PA
666281;10/03/2025;segunda-feira;01:30:00;DF;70;1,8;BRASILIA;Ingestão de álcool pelo condutor;Queda de ocupante de veículo;Sem Vítimas;Plena Noite;Decrescente;Céu Claro;Múltipla;Reta;Sim;1;0;0;0;0;1;0;1;-15,797491;-48,070578;SPRF-DF;DEL03-DF;UOP02-DEL03-DF
666283;10/03/2025;segunda-feira;02:30:00;RS;287;253;SANTA MARIA;Ausência de reação do condutor;Saída de leito carroçável;Com Vítimas Feridas;Plena Noite;Crescente;Céu Claro;Dupla;Reta;Não;1;0;0;1;0;0;1;1;-29,68710205;-53,90608191;SPRF-RS;DEL09-RS;UOP01-DEL09-RS
666285;10/03/2025;segunda-feira;01:15:00;RJ;101;397;ITAGUAI;Reação tardia ou ineficiente do condutor;Colisão traseira;Com Vítimas Feridas;Plena Noite;Crescente;Céu Claro;Dupla;Reta;Não;3;0;0;2;0;1;2;3;-22,871474;-43,744481;SPRF-RJ;DEL03-RJ;UOP01-DEL03-RJ
666287;10/03/2025;segunda-feira;02:20:00;SC;101;133;BALNEARIO CAMBORIU;Reação tardia ou ineficiente do condutor;Colisão com objeto;Com Vítimas Feridas;Plena Noite;Decrescente;Nublado;Dupla;Reta;Sim;3;0;0;2;1;0;2;1;-26,99890627;-48,64741433;SPRF-SC;DEL04-SC;UOP03-DEL04-SC
666289;10/03/2025;segunda-feira;04:20:00;BA;324;605,8;SIMOES FILHO;Ausência de reação do condutor;Capotamento;Com Vítimas Feridas;Amanhecer;Crescente;Céu Claro;Dupla;Reta;Não;1;0;1;0;0;0;1;1;-12,804221;-38,4025919;SPRF-BA;DEL01-BA;UOP01-DEL01-BA
666291;10/03/2025;segunda-feira;05:00:00;RJ;101;68;CAMPOS DOS GOYTACAZES;Transitar no Acostamento;Colisão traseira;Com Vítimas Feridas;Amanhecer;Decrescente;Céu Claro;Simples;Reta;Sim;3;0;1;1;1;0;2;3;-21,8358722;-41,4205903;SPRF-RJ;DEL08-RJ;UOP02-DEL08-RJ
666293;10/03/2025;segunda-feira;04:40:00;ES;101;159,8;LINHARES;Animais na Pista;Atropelamento de Animal;Com Vítimas Feridas;Amanhecer;Crescente;Céu Claro;Simples;Reta;Não;1;0;0;1;0;0;1;1;-19,4756755;-40,1136392;SPRF-ES;DEL04-ES;UOP01-DEL04-ES
666298;10/03/2025;segunda-feira;06:00:00;DF;70;6;BRASILIA;Manobra de mudança de faixa;Colisão lateral mesmo sentido;Com Vítimas Feridas;Pleno dia;Decrescente;Céu Claro;Dupla;Reta;Sim;2;0;1;0;1;0;1;2;-15,791219;-48,106007;SPRF-DF;DEL03-DF;UOP02-DEL03-DF
666299;10/03/2025;segunda-feira;06:30:00;SP;381;89;GUARULHOS;Ausência de reação do condutor;Colisão com objeto;Sem Vítimas;Amanhecer;Crescente;Céu Claro;Múltipla;Reta;Sim;1;0;0;0;0;1;0;1;-23,49549148;-46,55961871;SPRF-SP;DEL03-SP;UOP01-DEL03-SP
666300;10/03/2025;segunda-feira;07:00:00;SP;381;75,9;SAO PAULO;Objeto estático sobre o leito carroçável;Queda de ocupante de veículo;Com Vítimas Feridas;Amanhecer;Crescente;Céu Claro;Dupla;"Declive;Curva";Não;1;0;1;0;0;0;1;1;-23,38544817;-46,56495397;SPRF-SP;DEL03-SP;UOP01-DEL03-SP
666302;09/03/2025;domingo;21:00:00;MS;262;456;DOIS IRMAOS DO BURITI;Animais na Pista;Atropelamento de Animal;Com Vítimas Feridas;Plena Noite;Crescente;Céu Claro;Simples;Aclive;Sim;1;0;1;0;0;0;1;1;-20,55415;-55,51752;SPRF-MS;DEL03-MS;UOP01-DEL03-MS
666303;10/03/2025;segunda-feira;06:30:00;RJ;101;322;NITEROI;Suicídio (presumido);Atropelamento de Pedestre;Com Vítimas Feridas;Pleno dia;Crescente;Céu Claro;Dupla;Reta;Sim;2;0;2;0;0;0;2;2;-22,88222467;-43,11481476;SPRF-RJ;DEL02-RJ;UOP01-DEL02-RJ
666304;10/03/2025;segunda-feira;05:00:00;MT;163;865;SINOP;Animais na Pista;Atropelamento de Animal;Sem Vítimas;Amanhecer;Crescente;Céu Claro;Simples;"Reta;Declive";Não;1;0;0;0;1;0;0;1;-11,616;-55,431;SPRF-MT;DEL06-MT;UOP02-DEL06-MT
666306;10/03/2025;segunda-feira;07:10:00;PR;376;158,7;MANDAGUACU;Acessar a via sem observar a presença dos outros veículos;Colisão transversal;Com Vítimas Feridas;Pleno dia;Crescente;Sol;Dupla;Reta;Não;2;0;1;0;1;0;1;2;-23,35789787;-52,08869219;SPRF-PR;DEL09-PR;UOP02-DEL09-PR
666307;10/03/2025;segunda-feira;04:00:00;MG;381;656,5;SANTO ANTONIO DO AMPARO;Pista Escorregadia;Saída de leito carroçável;Com Vítimas Feridas;Plena Noite;Crescente;Garoa/Chuvisco;Dupla;"Declive;Curva";Não;2;0;2;0;0;0;2;1;-20,97746886;-44,94094849;SPRF-MG;DEL04-MG;UOP02-DEL04-MG
666309;10/03/2025;segunda-feira;07:00:00;PR;476;146;CURITIBA;Ausência de reação do condutor;Colisão lateral mesmo sentido;Com Vítimas Feridas;Pleno dia;Decrescente;Nublado;Dupla;Reta;Não;2;0;1;0;1;0;1;2;-25,56574202;-49,30901438;SPRF-PR;DEL01-PR;UOP06-DEL01-PR
666310;10/03/2025;segunda-feira;06:43:00;SC;282;556;NOVA ITABERABA;Demais Fenômenos da natureza;Colisão traseira;Com Vítimas Feridas;Pleno dia;Decrescente;Sol;Simples;Reta;Não;3;0;1;0;2;0;1;2;-26,930626;-52,82489955;SPRF-SC;DEL07-SC;UOP01-DEL07-SC
666311;09/03/2025;domingo;22:00:00;MT;364;264;SAO PEDRO DA CIPA;Velocidade Incompatível;Saída de leito carroçável;Sem Vítimas;Plena Noite;Crescente;Céu Claro;Dupla;Reta;Não;1;0;0;0;0;1;0;1;-15,999897;-54,916322;SPRF-MT;DEL02-MT;UOP01-DEL02-MT
666312;10/03/2025;segunda-feira;06:40:00;MG;381;671,8;PERDOES;Condutor Dormindo;Saída de leito carroçável;Com Vítimas Feridas;Pleno dia;Decrescente;Céu Claro;Dupla;Reta;Não;1;0;1;0;0;0;1;1;-21,06924686;-45,05199535;SPRF-MG;DEL04-MG;UOP02-DEL04-MG
666313;10/03/2025;segunda-feira;07:30:00;ES;101;263,9;SERRA;Retorno proibido;Colisão traseira;Com Vítimas Feridas;Pleno dia;Crescente;Sol;Dupla;"Aclive;Interseção de Vias;Reta";Sim;3;0;1;1;0;1;2;2;-20,17318412;-40,26727312;SPRF-ES;DEL02-ES;UOP01-DEL02-ES
666314;10/03/2025;segunda-feira;00:06:00;MT;174;87;CACERES;Ausência de reação do condutor;Atropelamento de Animal;Sem Vítimas;Pleno dia;Decrescente;Céu Claro;Simples;Reta;Não;1;0;0;0;1;0;0;1;-15,9265019;-57,79572487;SPRF-MT;DEL03-MT;UOP01-DEL03-MT
666315;10/03/2025;segunda-feira;07:30:00;PB;101;87;JOAO PESSOA;Retorno proibido;Colisão traseira;Com Vítimas Feridas;Pleno dia;Crescente;Céu Claro;Dupla;Reta;Sim;3;0;0;2;0;1;2;2;-7,160154;-34,905617;SPRF-PB;DEL01-PB;UOP01-DEL01-PB
666316;06/03/2025;quinta-feira;08:00:00;MG;381;494,1;BETIM;Condutor deixou de manter distância do veículo da frente;Colisão traseira;Com Vítimas Feridas;Pleno dia;Crescente;Céu Claro;Dupla;Reta;Sim;6;0;4;0;2;0;4;2;-19,96597662;-44,17725921;SPRF-MG;DEL01-MG;UOP03-DEL01-MG
666317;10/03/2025;segunda-feira;06:55:00;PE;316;23;ARARIPINA;Ausência de reação do condutor;Colisão traseira;Com Vítimas Feridas;Pleno dia;Decrescente;Céu Claro;Simples;Reta;Sim;3;0;1;1;1;0;2;2;-7,57707345;-40,51481009;SPRF-PE;DEL05-PE;UOP02-DEL05-PE
666318;09/03/2025;domingo;18:05:00;RO;364;345,4;JI-PARANA;Acesso irregular;Colisão transversal;Com Vítimas Feridas;Anoitecer;Decrescente;Céu Claro;Simples;Interseção de Vias;Sim;2;0;1;0;0;1;1;2;-10,8677199;-61,96619511;SPRF-RO;DEL02-RO;UOP01-DEL02-RO
666319;10/03/2025;segunda-feira;07:50:00;SP;116;212;GUARULHOS;Ausência de reação do condutor;Queda de ocupante de veículo;Com Vítimas Feridas;Pleno dia;Crescente;Céu Claro;Múltipla;Reta;Sim;1;0;1;0;0;0;1;1;-23,43685264;-46,43066699;SPRF-SP;DEL01-SP;UOP01-DEL01-SP
666320;10/03/2025;segunda-feira;07:30:00;SC;101;97;BALNEARIO PICARRAS;Avarias e/ou desgaste excessivo no pneu;Tombamento;Com Vítimas Feridas;Pleno dia;Crescente;Nublado;Dupla;Reta;Sim;2;0;2;0;0;0;2;1;-26,7319797;-48,70131601;SPRF-SC;DEL03-SC;UOP02-DEL03-SC
666322;10/03/2025;segunda-feira;08:25:00;RJ;116;296;PORTO REAL;Transtornos Mentais (exceto suicidio);Colisão frontal;Com Vítimas Feridas;Pleno dia;Decrescente;Céu Claro;Simples;Reta;Não;2;0;1;0;1;0;1;2;-22,44934501;-44,32574374;SPRF-RJ;DEL07-RJ;UOP02-DEL07-RJ
666325;18/02/2025;terça-feira;18:50:00;RJ;495;26;PETROPOLIS;Reação tardia ou ineficiente do condutor;Queda de ocupante de veículo;Com Vítimas Feridas;Plena Noite;Decrescente;Céu Claro;Simples;Reta;Sim;1;0;1;0;0;0;1;1;-22,401716;-43,103745;SPRF-RJ;DEL05-RJ;UOP02-DEL05-RJ
666326;26/01/2025;domingo;22:45:00;SC;116;135;SANTA CECILIA;Ausência de reação do condutor;Tombamento;Com Vítimas Feridas;Plena Noite;Crescente;Garoa/Chuvisco;Simples;Curva;Não;2;0;2;0;0;0;2;1;-26,92904296;-50,4345818;SPRF-SC;DEL06-SC;UOP02-DEL06-SC
666327;10/03/2025;segunda-feira;07:00:00;BA;242;928;LUIS EDUARDO MAGALHAES;Conversão proibida;Colisão transversal;Sem Vítimas;Pleno dia;Decrescente;Céu Claro;Simples;Reta;Não;2;0;0;0;1;1;0;2;-12,11369232;-45,96464127;SPRF-BA;DEL10-BA;UOP01-DEL10-BA
666330;10/03/2025;segunda-feira;08:45:00;RS;290;84;CACHOEIRINHA;Velocidade Incompatível;Colisão traseira;Com Vítimas Feridas;Pleno dia;Crescente;Céu Claro;Múltipla;Reta;Não;2;0;1;0;1;0;1;2;-29,96318875;-51,09642506;SPRF-RS;DEL01-RS;UOP01-DEL01-RS
666333;10/03/2025;segunda-feira;06:10:00;MA;135;47;BACABEIRA;Reação tardia ou ineficiente do condutor;Colisão traseira;Com Vítimas Feridas;Pleno dia;Crescente;Céu Claro;Dupla;Reta;Sim;3;0;1;0;2;0;1;2;-2,941973;-44,32936;SPRF-MA;DEL01-MA;UOP01-DEL01-MA
666335;10/03/2025;segunda-feira;06:55:00;RR;432;196;CANTA;Ausência de reação do condutor;Eventos atípicos;Com Vítimas Feridas;Pleno dia;Crescente;Céu Claro;Simples;Reta;Não;2;0;2;0;0;0;2;2;2,65019279;-60,5909729;SPRF-RR;DEL01-RR;UOP01-DEL01-RR
666336;10/03/2025;segunda-feira;07:40:00;RO;364;714;PORTO VELHO;Acessar a via sem observar a presença dos outros veículos;Colisão lateral mesmo sentido;Com Vítimas Feridas;Plena Noite;Decrescente;Céu Claro;Simples;Rotatória;Sim;2;0;1;0;1;0;1;2;-8,77440548;-63,88580382;SPRF-RO;DEL01-RO;UOP01-DEL01-RO
666338;10/03/2025;segunda-feira;09:35:00;CE;116;412;ICO;Pista esburacada;Saída de leito carroçável;Com Vítimas Feridas;Pleno dia;Crescente;Céu Claro;Simples;Reta;Não;2;0;1;1;0;0;2;1;-6,46220239;-38,8556385;SPRF-CE;DEL05-CE;UOP01-DEL05-CE
666340;23/01/2025;quinta-feira;12:50:00;RS;470;218;BENTO GONCALVES;Acessar a via sem observar a presença dos outros veículos;Colisão transversal;Com Vítimas Feridas;Pleno dia;Crescente;Céu Claro;Dupla;Reta;Sim;2;0;0;1;1;0;1;2;-29,17292214;-51,52424936;SPRF-RS;DEL06-RS;UOP01-DEL06-RS
666341;10/03/2025;segunda-feira;08:46:00;SC;101;136;BALNEARIO CAMBORIU;Manobra de mudança de faixa;Colisão lateral mesmo sentido;Com Vítimas Feridas;Pleno dia;Decrescente;Céu Claro;Múltipla;Reta;Não;2;0;1;0;1;0;1;2;-27,01043017;-48,61441428;SPRF-SC;DEL04-SC;UOP03-DEL04-SC
666342;10/03/2025;segunda-feira;10:30:00;SC;101;214,4;PALHOCA;Ausência de reação do condutor;Colisão traseira;Com Vítimas Feridas;Pleno dia;Crescente;Céu Claro;Múltipla;"Interseção de Vias;Viaduto";Sim;2;0;1;0;1;0;1;2;-27,64709122;-48,67267186;SPRF-SC;DEL01-SC;UOP02-DEL01-SC
666344;10/03/2025;segunda-feira;09:00:00;BA;324;619;SALVADOR;Condutor deixou de manter distância do veículo da frente;Colisão traseira;Com Vítimas Feridas;Pleno dia;Crescente;Nublado;Múltipla;Reta;Sim;3;0;2;0;1;0;2;2;-12,90451697;-38,45489502;SPRF-BA;DEL01-BA;UOP01-DEL01-BA
666345;10/03/2025;segunda-feira;10:15:00;GO;153;49;PORANGATU;Reação tardia ou ineficiente do condutor;Saída de leito carroçável;Sem Vítimas;Pleno dia;Crescente;Céu Claro;Simples;Reta;Não;1;0;0;0;1;0;0;1;-13,46375404;-49,1342926;SPRF-GO;DEL07-GO;UOP01-DEL07-GO
666346;10/03/2025;segunda-feira;08:30:00;BA;324;618;SALVADOR;Acumulo de areia ou detritos sobre o pavimento;Saída de leito carroçável;Com Vítimas Feridas;Pleno dia;Crescente;Céu Claro;Múltipla;Reta;Sim;1;0;1;0;0;0;1;1;-12,9010031;-38,45171928;SPRF-BA;DEL01-BA;UOP01-DEL01-BA
666347;06/03/2025;quinta-feira;08:40:00;RJ;101;301;SAO GONCALO;Ausência de reação do condutor;Capotamento;Com Vítimas Feridas;Pleno dia;Decrescente;Céu Claro;Dupla;Reta;Não;2;0;2;0;0;0;2;1;-22,78159335;-42,96303293;SPRF-RJ;DEL02-RJ;UOP02-DEL02-RJ
666348;10/03/2025;segunda-feira;08:56:00;MT;70;1,1;BARRA DO GARCAS;Acessar a via sem observar a presença dos outros veículos;Atropelamento de Pedestre;Com Vítimas Feridas;Pleno dia;Decrescente;Céu Claro;Simples;Reta;Sim;2;0;0;1;1;0;1;2;-15,88874747;-52,2663654;SPRF-MT;DEL07-MT;UOP01-DEL07-MT
666350;10/03/2025;segunda-feira;11:20:00;PR;277;729,3;FOZ DO IGUACU;Reação tardia ou ineficiente do condutor;Colisão com objeto;Com Vítimas Feridas;Pleno dia;Decrescente;Céu Claro;Dupla;Reta;Sim;2;0;1;1;0;0;2;1;-25,506437;-54,587199;SPRF-PR;DEL05-PR;UOP03-DEL05-PR
666351;10/03/2025;segunda-feira;12:25:00;DF;70;16,7;BRASILIA;Condutor deixou de manter distância do veículo da frente;Colisão traseira;Com Vítimas Feridas;Pleno dia;Decrescente;Céu Claro;Dupla;Reta;Sim;3;0;1;0;1;1;1;3;-15,7948687;-48,19969951;SPRF-DF;DEL03-DF;UOP02-DEL03-DF
666352;10/03/2025;segunda-feira;10:50:00;SC;470;147;LAURENTINO;Condutor deixou de manter distância do veículo da frente;Colisão traseira;Com Vítimas Feridas;Pleno dia;Crescente;Sol;Simples;Reta;Não;2;0;1;0;1;0;1;2;-27,24255;-49,688687;SPRF-SC;DEL04-SC;UOP02-DEL04-SC
666353;10/03/2025;segunda-feira;11:53:00;SP;116;169,3;JACAREI;Ausência de reação do condutor;Colisão com objeto;Com Vítimas Feridas;Pleno dia;Decrescente;Céu Claro;Dupla;"Reta;Aclive";Não;1;0;1;0;0;0;1;1;-23,307892;-46,046655;SPRF-SP;DEL02-SP;UOP01-DEL02-SP
666355;10/03/2025;segunda-feira;08:30:00;RS;287;330;SAO VICENTE DO SUL;Desrespeitar a preferência no cruzamento;Colisão frontal;Com Vítimas Feridas;Pleno dia;Decrescente;Céu Claro;Simples;Interseção de Vias;Não;6;0;2;0;4;0;2;2;-29,68463545;-54,66551806;SPRF-RS;DEL12-RS;UOP02-DEL12-RS
666356;10/03/2025;segunda-feira;12:00:00;RJ;101;496;ANGRA DOS REIS;Ingestão de álcool pelo condutor;Colisão traseira;Sem Vítimas;Pleno dia;Crescente;Sol;Simples;Reta;Não;2;0;0;0;2;0;0;2;-22,92510939;-44,32202339;SPRF-RJ;DEL03-RJ;UOP03-DEL03-RJ
666357;20/02/2025;quinta-feira;08:00:00;MT;163;838;SINOP;Reação tardia ou ineficiente do condutor;Queda de ocupante de veículo;Com Vítimas Feridas;Pleno dia;Crescente;Céu Claro;Dupla;Reta;Sim;2;0;1;0;0;1;1;2;-11,82823739;-55,4865253;SPRF-MT;DEL06-MT;UOP02-DEL06-MT
666362;10/03/2025;segunda-feira;12:05:00;RS;287;399;SANTIAGO;Desrespeitar a preferência no cruzamento;Colisão transversal;Com Vítimas Feridas;Pleno dia;Decrescente;Céu Claro;Simples;"Interseção de Vias;Reta";Sim;2;0;1;0;0;1;1;2;-29,16576022;-54,87475449;SPRF-RS;DEL12-RS;UOP02-DEL12-RS
666363;19/02/2025;quarta-feira;09:00:00;RS;392;6;CAPAO DO LEAO;Conversão proibida;Colisão transversal;Com Vítimas Feridas;Pleno dia;Crescente;Céu Claro;Simples;Reta;Sim;2;0;1;0;1;0;1;2;-31,7602;-52,4381;SPRF-RS;DEL07-RS;UOP01-DEL07-RS
666364;10/03/2025;segunda-feira;12:40:00;PR;158;506,8;CORONEL VIVIDA;Reação tardia ou ineficiente do condutor;Colisão lateral sentido oposto;Com Vítimas Feridas;Pleno dia;Decrescente;Céu Claro;Simples;Curva;Não;4;0;1;0;2;1;1;3;-26,02232856;-52,58244731;SPRF-PR;DEL02-PR;UOP01-DEL02-PR
666365;10/03/2025;segunda-feira;13:20:00;RJ;101;322;NITEROI;Condutor Dormindo;Engavetamento;Com Vítimas Feridas;Pleno dia;Crescente;Céu Claro;Simples;Reta;Sim;5;0;2;0;3;0;2;3;-22,8823596;-43,1068537;SPRF-RJ;DEL02-RJ;UOP01-DEL02-RJ
666367;23/02/2025;domingo;11:30:00;GO;364;63;CACHOEIRA ALTA;Ausência de reação do condutor;Queda de ocupante de veículo;Com Vítimas Feridas;Pleno dia;Crescente;Céu Claro;Simples;Curva;Não;1;0;1;0;0;0;1;1;-18,71335589;-50,95995426;SPRF-GO;DEL05-GO;UOP02-DEL05-GO
666368;10/03/2025;segunda-feira;12:15:00;PR;277;116;CAMPO LARGO;Manobra de mudança de faixa;Queda de ocupante de veículo;Com Vítimas Feridas;Pleno dia;Decrescente;Nublado;Dupla;Reta;Sim;1;0;0;1;0;0;1;1;-25,43099806;-49,42321647;SPRF-PR;DEL03-PR;UOP03-DEL03-PR
666371;10/03/2025;segunda-feira;13:00:00;SP;116;224;GUARULHOS;Trafegar com motocicleta (ou similar) entre as faixas;Queda de ocupante de veículo;Com Vítimas Feridas;Pleno dia;Crescente;Céu Claro;Múltipla;Reta;Sim;4;0;2;0;2;0;2;4;-23,482909;-46,537082;SPRF-SP;DEL01-SP;UOP01-DEL01-SP
666373;10/03/2025;segunda-feira;14:35:00;SC;101;148;ITAPEMA;Condutor deixou de manter distância do veículo da frente;Colisão traseira;Com Vítimas Feridas;Pleno dia;Decrescente;Nublado;Dupla;Reta;Sim;2;0;0;1;1;0;1;2;-27,0980787;-48,61857707;SPRF-SC;DEL04-SC;UOP03-DEL04-SC
666374;10/03/2025;segunda-feira;14:10:00;BA;116;483;RAFAEL JAMBEIRO;Condutor Dormindo;Saída de leito carroçável;Com Vítimas Feridas;Pleno dia;Decrescente;Sol;Dupla;"Reta;Declive";Não;4;0;2;0;2;0;2;1;-12,535455;-39,422213;SPRF-BA;DEL02-BA;UOP01-DEL02-BA
666375;08/03/2025;sábado;15:20:00;SC;282;527;CORDILHEIRA ALTA;Ausência de reação do condutor;Colisão frontal;Com Vítimas Feridas;Pleno dia;Crescente;Céu Claro;Simples;Curva;Não;4;0;0;4;0;0;4;2;-26,97810081;-52,58812839;SPRF-SC;DEL07-SC;UOP01-DEL07-SC
666376;10/03/2025;segunda-feira;11:50:00;AL;101;129,7;SAO MIGUEL DOS CAMPOS;Ausência de reação do condutor;Colisão traseira;Sem Vítimas;Pleno dia;Decrescente;Céu Claro;Simples;Reta;Não;2;0;0;0;2;0;0;2;-9,76615087;-36,07394343;SPRF-AL;DEL02-AL;UOP01-DEL02-AL
666377;10/03/2025;segunda-feira;14:40:00;PR;116;96;SAO JOSE DOS PINHAIS;Ausência de reação do condutor;Colisão traseira;Com Vítimas Feridas;Pleno dia;Crescente;Nublado;Dupla;"Reta;Aclive";Sim;2;0;0;1;1;0;1;2;-25,50469959;-49,12311458;SPRF-PR;DEL01-PR;UOP07-DEL01-PR