id;data_inversa;dia_semana;horario;uf;br;km;municipio;causa_acidente;tipo_acidente;classificacao_acidente;fase_dia;sentido_via;condicao_metereologica;tipo_pista;tracado_via;uso_solo;pessoas;mortos;feridos_leves;feridos_graves;ilesos;ignorados;feridos;veiculos;latitude;longitude;regional;delegacia;uop
666378;10/03/2025;segunda-feira;12:50:00;AC;364;129;RIO BRANCO;Ausência de reação do condutor;Tombamento;Com Vítimas Feridas;Pleno dia;Crescente;Céu Claro;Simples;Reta;Sim;1;0;0;1;0;0;1;1;-10,02666561;-67,83424031;SPRF-AC;DEL01-AC;UOP01-DEL01-AC
666380;10/03/2025;segunda-feira;12:40:00;MG;262;811;UBERABA;Acumulo de óleo sobre o pavimento;Queda de ocupante de veículo;Com Vítimas Feridas;Pleno dia;Decrescente;Céu Claro;Dupla;Reta;Sim;1;0;0;1;0;0;1;1;-19,7132288;-47,988736;SPRF-MG;DEL13-MG;UOP01-DEL13-MG
666381;24/02/2025;segunda-feira;16:05:00;MS;359;170;ALCINOPOLIS;Animais na Pista;Atropelamento de Animal;Com Vítimas Feridas;Pleno dia;Crescente;Céu Claro;Simples;Curva;Não;4;0;2;0;0;2;2;2;-18,25804507;-53,96072388;SPRF-MS;DEL06-MS;UOP01-DEL06-MS
666385;19/01/2025;domingo;20:00:00;AM;319;396;MANICORE;Pista Escorregadia;Tombamento;Com Vítimas Feridas;Plena Noite;Decrescente;Chuva;Simples;Reta;Não;2;0;0;1;1;0;1;1;-5,45853828;-62,10194349;SPRF-AM;DEL01-AM;UOP04-DEL01-AM
666386;10/03/2025;segunda-feira;13:50:00;MT;364;348;SANTO ANTONIO DO LEVERGER;Reação tardia ou ineficiente do condutor;Saída de leito carroçável;Com Vítimas Feridas;Pleno dia;Decrescente;Céu Claro;Dupla;Curva;Não;1;0;1;0;0;0;1;1;-15,80653012;-55,55457592;SPRF-MT;DEL05-MT;UOP02-DEL05-MT
666390;10/03/2025;segunda-feira;16:00:00;MG;365;625;UBERLANDIA;Acumulo de óleo sobre o pavimento;Queda de ocupante de veículo;Com Vítimas Feridas;Pleno dia;Decrescente;Sol;Dupla;Curva;Sim;1;0;1;0;0;0;1;1;-18,90843273;-48,30224806;SPRF-MG;DEL15-MG;UOP01-DEL15-MG
666392;10/03/2025;segunda-feira;08:50:00;MA;135;4;SAO LUIS;Transitar no Acostamento;Colisão lateral mesmo sentido;Com Vítimas Feridas;Pleno dia;Decrescente;Sol;Dupla;Reta;Sim;3;0;1;0;1;1;1;3;-2,619181;-44,256051;SPRF-MA;DEL01-MA;UOP01-DEL01-MA
666395;10/03/2025;segunda-feira;16:05:00;MG;381;929;ITAPEVA;Velocidade Incompatível;Saída de leito carroçável;Com Vítimas Feridas;Pleno dia;Crescente;Nublado;Dupla;Curva;Não;2;0;1;0;1;0;1;1;-22,77112534;-46,23715756;SPRF-MG;DEL16-MG;UOP03-DEL16-MG
666396;10/03/2025;segunda-feira;15:45:00;MA;230;405,4;BALSAS;Acessar a via sem observar a presença dos outros veículos;Colisão transversal;Com Vítimas Feridas;Pleno dia;Decrescente;Céu Claro;Simples;Interseção de Vias;Sim;2;0;0;1;1;0;1;2;-7,520945;-46,050612;SPRF-MA;DEL05-MA;UOP01-DEL05-MA
666397;10/03/2025;segunda-feira;15:50:00;GO;50;178;CAMPO ALEGRE DE GOIAS;Condutor Dormindo;Saída de leito carroçável;Com Vítimas Feridas;Pleno dia;Decrescente;Céu Claro;Dupla;Curva;Não;1;0;1;0;0;0;1;1;-17,404908;-47,778221;SPRF-GO;DEL06-GO;UOP01-DEL06-GO
666398;10/03/2025;segunda-feira;15:20:00;RJ;116;245;PIRAI;Objeto estático sobre o leito carroçável;Colisão traseira;Com Vítimas Feridas;Pleno dia;Crescente;Sol;Múltipla;Curva;Não;5;0;3;0;2;0;3;2;-22,61089357;-43,9313221;SPRF-RJ;DEL07-RJ;UOP01-DEL07-RJ
666399;10/03/2025;segunda-feira;13:55:00;RO;364;343;JI-PARANA;Manobra de mudança de faixa;Colisão transversal;Com Vítimas Feridas;Pleno dia;Decrescente;Céu Claro;Dupla;Interseção de Vias;Sim;2;0;1;0;0;1;1;2;-10,87772932;-61,94700122;SPRF-RO;DEL02-RO;UOP01-DEL02-RO
666401;10/03/2025;segunda-feira;16:20:00;MG;116;796;ALEM PARAIBA;Avarias e/ou desgaste excessivo no pneu;Tombamento;Com Vítimas Feridas;Pleno dia;Crescente;Céu Claro;Simples;Reta;Não;2;0;2;0;0;0;2;1;-21,733531;-42,730137;SPRF-MG;DEL07-MG;UOP01-DEL07-MG
666402;10/03/2025;segunda-feira;16:55:00;PE;232;14,4;JABOATAO DOS GUARARAPES;Ausência de reação do condutor;Colisão frontal;Sem Vítimas;Pleno dia;Decrescente;Céu Claro;Dupla;Reta;Não;2;0;0;0;2;0;0;2;-8,090527;-35,020669;SPRF-PE;DEL01-PE;UOP01-DEL01-PE
666403;10/03/2025;segunda-feira;14:00:00;RJ;493;63;NOVA IGUACU;Avarias e/ou desgaste excessivo no pneu;Tombamento;Com Vítimas Feridas;Pleno dia;Decrescente;Céu Claro;Dupla;Reta;Não;2;0;1;0;1;0;1;1;-22,684294;-43,421381;SPRF-RJ;DEL01-RJ;UOP03-DEL01-RJ
666404;10/03/2025;segunda-feira;16:40:00;ES;101;140,5;LINHARES;Mal súbito do condutor;Colisão transversal;Com Vítimas Feridas;Anoitecer;Decrescente;Céu Claro;Simples;Reta;Não;3;0;1;0;2;0;1;2;-19,321568;-40,07417;SPRF-ES;DEL04-ES;UOP01-DEL04-ES
666405;10/03/2025;segunda-feira;17:08:00;TO;10;456;PALMAS;Manobra de mudança de faixa;Colisão com objeto;Com Vítimas Feridas;Pleno dia;Decrescente;Céu Claro;Múltipla;Reta;Sim;2;0;1;1;0;0;2;1;-10,30026637;-48,29755909;SPRF-TO;DEL01-TO;UOP03-DEL01-TO
666407;10/03/2025;segunda-feira;10:50:00;AL;316;84;SANTANA DO IPANEMA;Desrespeitar a preferência no cruzamento;Colisão traseira;Com Vítimas Feridas;Pleno dia;Crescente;Céu Claro;Dupla;Reta;Sim;3;0;1;1;1;0;2;2;-9,36670118;-37,25553755;SPRF-AL;DEL03-AL;UOP02-DEL03-AL
666408;10/03/2025;segunda-feira;13:30:00;MS;163;519;JARAGUARI;Reação tardia ou ineficiente do condutor;Saída de leito carroçável;Com Vítimas Feridas;Pleno dia;Crescente;Nublado;Dupla;Reta;Não;1;0;1;0;0;0;1;1;-20,1589982;-54,4430974;SPRF-MS;DEL01-MS;UOP02-DEL01-MS
666409;10/03/2025;segunda-feira;13:30:00;PE;232;19,4;MORENO;Reação tardia ou ineficiente do condutor;Colisão traseira;Com Vítimas Feridas;Pleno dia;Decrescente;Céu Claro;Dupla;Declive;Não;2;0;1;0;0;1;1;2;-8,097782;-35,066448;SPRF-PE;DEL01-PE;UOP01-DEL01-PE
666410;10/03/2025;segunda-feira;13:10:00;PR;476;330,8;PAULA FREITAS;Reação tardia ou ineficiente do condutor;Colisão lateral sentido oposto;Com Vítimas Feridas;Pleno dia;Decrescente;Céu Claro;Simples;Reta;Não;3;0;1;1;1;0;2;3;-26,14456013;-50,87007344;SPRF-PR;DEL02-PR;UOP03-DEL02-PR
666411;10/03/2025;segunda-feira;17:20:00;RS;101;86;OSORIO;Pedestre cruzava a pista fora da faixa;Atropelamento de Pedestre;Com Vítimas Feridas;Anoitecer;Decrescente;Céu Claro;Dupla;Rotatória;Sim;2;0;1;0;1;0;1;2;-29,880389;-50,261981;SPRF-RS;DEL03-RS;UOP01-DEL03-RS
666412;10/03/2025;segunda-feira;09:40:00;PR;369;172;ROLANDIA;Desrespeitar a preferência no cruzamento;Tombamento;Com Vítimas Feridas;Pleno dia;Decrescente;Céu Claro;Simples;"Interseção de Vias;Reta";Sim;2;0;1;0;1;0;1;2;-23,30832021;-51,36763746;SPRF-PR;DEL07-PR;UOP01-DEL07-PR
666413;10/03/2025;segunda-feira;16:20:00;MT;163;595;NOVA MUTUM;Acesso irregular;Colisão transversal;Com Vítimas Fatais;Pleno dia;Crescente;Chuva;Dupla;Reta;Sim;5;1;0;0;4;0;0;2;-13,834399;-56,082395;SPRF-MT;DEL01-MT;UOP01-DEL01-MT
666414;10/03/2025;segunda-feira;14:00:00;MG;381;733;TRES CORACOES;Reação tardia ou ineficiente do condutor;Colisão com objeto;Com Vítimas Feridas;Pleno dia;Decrescente;Nublado;Dupla;Reta;Não;2;0;1;0;1;0;1;1;-21,553047;-45,244825;SPRF-MG;DEL16-MG;UOP02-DEL16-MG
666415;10/03/2025;segunda-feira;16:00:00;RO;425;80;NOVA MAMORE;Ausência de reação do condutor;Colisão traseira;Sem Vítimas;Pleno dia;Decrescente;Céu Claro;Simples;Reta;Sim;2;0;0;0;2;0;0;2;-10,41634547;-65,33212602;SPRF-RO;DEL01-RO;UOP03-DEL01-RO
666416;10/03/2025;segunda-feira;17:40:00;PB;230;26;JOAO PESSOA;Ausência de reação do condutor;Colisão traseira;Com Vítimas Feridas;Plena Noite;Crescente;Céu Claro;Dupla;Reta;Sim;2;0;0;1;1;0;1;2;-7,16938861;-34,87832808;SPRF-PB;DEL01-PB;UOP01-DEL01-PB
666417;10/03/2025;segunda-feira;15:30:00;GO;452;187,5;ITUMBIARA;Reação tardia ou ineficiente do condutor;Saída de leito carroçável;Com Vítimas Feridas;Pleno dia;Crescente;Céu Claro;Simples;Curva;Sim;1;0;1;0;0;0;1;1;-18,38535696;-49,34266806;SPRF-GO;DEL03-GO;UOP02-DEL03-GO
666418;02/03/2025;domingo;06:50:00;GO;452;186,6;ITUMBIARA;Acumulo de areia ou detritos sobre o pavimento;Saída de leito carroçável;Com Vítimas Feridas;Pleno dia;Crescente;Céu Claro;Simples;Aclive;Não;5;0;5;0;0;0;5;1;-18,39926604;-49,30275433;SPRF-GO;DEL03-GO;UOP02-DEL03-GO
666420;10/03/2025;segunda-feira;17:30:00;PR;376;385;IMBAU;Acessar a via sem observar a presença dos outros veículos;Atropelamento de Pedestre;Com Vítimas Feridas;Pleno dia;Decrescente;Céu Claro;Dupla;"Reta;Declive";Sim;2;0;0;1;1;0;1;2;-24,43755276;-50,76329285;SPRF-PR;DEL03-PR;UOP02-DEL03-PR
666423;10/03/2025;segunda-feira;17:04:00;PR;163;235,4;CASCAVEL;Sinalização mal posicionada;Colisão com objeto;Com Vítimas Feridas;Pleno dia;Crescente;Céu Claro;Simples;"Reta;Viaduto";Não;1;0;1;0;0;0;1;1;-24,81;-53,66;SPRF-PR;DEL04-PR;UOP01-DEL04-PR
666424;10/03/2025;segunda-feira;16:40:00;PE;232;99,3;BEZERROS;Transitar na contramão;Colisão frontal;Com Vítimas Fatais;Pleno dia;Decrescente;Céu Claro;Simples;Reta;Sim;2;1;0;0;0;1;0;2;-8,23792;-35,73679;SPRF-PE;DEL02-PE;UOP02-DEL02PE
666425;10/03/2025;segunda-feira;17:45:00;ES;262;157;IBATIBA;Velocidade Incompatível;Colisão frontal;Com Vítimas Feridas;Anoitecer;Crescente;Nublado;Dupla;Curva;Sim;3;0;2;0;1;0;2;2;-20,23091789;-41,49991438;SPRF-ES;DEL01-ES;UOP02-DEL01-ES
666426;10/03/2025;segunda-feira;18:10:00;CE;222;0,1;FORTALEZA;Acessar a via sem observar a presença dos outros veículos;Atropelamento de Pedestre;Com Vítimas Feridas;Plena Noite;Crescente;Céu Claro;Múltipla;Reta;Sim;2;0;2;0;0;0;2;2;-3,73683069;-38,57133146;SPRF-CE;DEL01-CE;UOP01-DEL01-CE
666427;10/03/2025;segunda-feira;17:38:00;PE;423;100;GARANHUNS;Ausência de reação do condutor;Colisão traseira;Com Vítimas Feridas;Anoitecer;Decrescente;Céu Claro;Simples;"Reta;Declive";Não;3;0;1;0;2;0;1;2;-8,874732;-36,525035;SPRF-PE;DEL03-PE;UOP01-DEL03-PE
666428;10/03/2025;segunda-feira;16:10:00;GO;60;165;GOIANIA;Demais falhas mecânicas ou elétricas;Incêndio;Sem Vítimas;Pleno dia;Crescente;Céu Claro;Dupla;Reta;Sim;1;0;0;0;1;0;0;1;-16,719365;-49,369548;SPRF-GO;DEL01-GO;UOP02-DEL01-GO
666429;10/03/2025;segunda-feira;18:00:00;RJ;101;333;RIO DE JANEIRO;Demais falhas mecânicas ou elétricas;Incêndio;Sem Vítimas;Plena Noite;Decrescente;Céu Claro;Dupla;Reta;Sim;1;0;0;0;1;0;0;1;-22,87016499;-43,20201874;SPRF-RJ;DEL02-RJ;UOP01-DEL02-RJ
666430;10/03/2025;segunda-feira;17:25:00;SC;280;128,6;RIO NEGRINHO;Ausência de reação do condutor;Colisão traseira;Com Vítimas Feridas;Amanhecer;Crescente;Nublado;Simples;Reta;Sim;2;0;1;0;1;0;1;2;-26,2452;-49,5196;SPRF-SC;DEL06-SC;UOP03-DEL06-SC
666431;10/03/2025;segunda-feira;17:50:00;SC;116;52,1;PAPANDUVA;Acessar a via sem observar a presença dos outros veículos;Colisão lateral mesmo sentido;Sem Vítimas;Pleno dia;Decrescente;Céu Claro;Simples;Reta;Não;5;0;0;0;5;0;0;2;-26,3903657;-50,1461946;SPRF-SC;DEL06-SC;UOP01-DEL06-SC
666438;10/03/2025;segunda-feira;13:00:00;MT;70;553;NOSSA SENHORA DO LIVRAMENTO;Reação tardia ou ineficiente do condutor;Eventos atípicos;Com Vítimas Fatais;Pleno dia;Decrescente;Céu Claro;Simples;Reta;Não;2;1;0;0;1;0;0;2;-15,7019786;-56,4136489;SPRF-MT;DEL03-MT;UOP02-DEL03-MT
666440;10/03/2025;segunda-feira;17:00:00;PR;277;725;FOZ DO IGUACU;Demais falhas mecânicas ou elétricas;Tombamento;Com Vítimas Feridas;Pleno dia;Decrescente;Céu Claro;Dupla;Reta;Sim;2;0;2;0;0;0;2;1;-25,50384004;-54,54062819;SPRF-PR;DEL05-PR;UOP03-DEL05-PR
666441;10/03/2025;segunda-feira;18:59:00;MG;381;489;BETIM;Pedestre cruzava a pista fora da faixa;Atropelamento de Pedestre;Com Vítimas Feridas;Plena Noite;Crescente;Céu Claro;Dupla;Reta;Sim;3;0;0;1;1;1;1;2;-19,95640295;-44,13427651;SPRF-MG;DEL01-MG;UOP03-DEL01-MG
666442;10/03/2025;segunda-feira;19:35:00;MG;365;627;UBERLANDIA;Ausência de reação do condutor;Colisão lateral mesmo sentido;Com Vítimas Feridas;Plena Noite;Crescente;Céu Claro;Dupla;Reta;Sim;2;0;1;0;1;0;1;2;-18,905746;-48,326681;SPRF-MG;DEL15-MG;UOP01-DEL15-MG
666444;10/03/2025;segunda-feira;19:20:00;RS;116;256,9;ESTEIO;Entrada inopinada do pedestre;Atropelamento de Pedestre;Com Vítimas Feridas;Plena Noite;Crescente;Céu Claro;Dupla;"Reta;Em Obras";Sim;4;0;0;1;3;0;1;3;-29,84661906;-51,17807262;SPRF-RS;DEL01-RS;UOP02-DEL01-RS
666449;10/03/2025;segunda-feira;19:00:00;MS;463;0;DOURADOS;Manobra de mudança de faixa;Colisão lateral mesmo sentido;Sem Vítimas;Plena Noite;Decrescente;Céu Claro;Dupla;Reta;Não;2;0;0;0;2;0;0;2;-22,25920693;-54,80435187;SPRF-MS;DEL04-MS;UOP01-DEL04-MS
666450;10/03/2025;segunda-feira;16:00:00;PR;373;399;CANDOI;Desrespeitar a preferência no cruzamento;Colisão transversal;Com Vítimas Feridas;Pleno dia;Crescente;Céu Claro;Simples;Reta;Sim;4;0;2;1;1;0;3;2;-25,567;-52,050417;SPRF-PR;DEL08-PR;UOP01-DEL08-PR
666451;02/03/2025;domingo;21:50:00;RJ;101;473;ANGRA DOS REIS;Acessar a via sem observar a presença dos outros veículos;Colisão transversal;Sem Vítimas;Plena Noite;Crescente;Céu Claro;Dupla;Reta;Não;2;0;0;0;2;0;0;2;-22,989379;-44,241473;SPRF-RJ;DEL03-RJ;UOP03-DEL03-RJ
666452;10/03/2025;segunda-feira;17:00:00;MT;163;710,6;SORRISO;Demais falhas mecânicas ou elétricas;Queda de ocupante de veículo;Com Vítimas Feridas;Plena Noite;Crescente;Céu Claro;Simples;Reta;Não;2;0;2;0;0;0;2;1;-12,904368;-55,849666;SPRF-MT;DEL06-MT;UOP01-DEL06-MT
666453;10/03/2025;segunda-feira;21:07:00;PE;101;45;ITAPISSUMA;Entrada inopinada do pedestre;Atropelamento de Pedestre;Com Vítimas Feridas;Plena Noite;Decrescente;Céu Claro;Múltipla;Reta;Sim;2;0;2;0;0;0;2;2;-7,7299712;-34,9405184;SPRF-PE;DEL01-PE;UOP02-DEL01-PE
666454;10/03/2025;segunda-feira;19:00:00;PR;487;111;CRUZEIRO DO OESTE;Avarias e/ou desgaste excessivo no pneu;Saída de leito carroçável;Com Vítimas Feridas;Anoitecer;Decrescente;Céu Claro;Simples;Aclive;Não;2;0;1;1;0;0;2;1;-23,815807;-52,996;SPRF-PR;DEL09-PR;UOP03-DEL09-PR
666456;10/03/2025;segunda-feira;20:00:00;MS;262;411;TERENOS;Ausência de reação do condutor;Colisão traseira;Com Vítimas Feridas;Plena Noite;Crescente;Céu Claro;Simples;"Aclive;Reta";Não;4;0;0;1;3;0;1;2;-20,442232;-55,123698;SPRF-MS;DEL01-MS;UOP03-DEL01-MS
666457;22/02/2025;sábado;22:50:00;MS;163;260;DOURADOS;Acessar a via sem observar a presença dos outros veículos;Colisão traseira;Com Vítimas Feridas;Plena Noite;Crescente;Nublado;Dupla;Reta;Sim;3;0;1;1;0;1;2;3;-22,2404194;-54,76840675;SPRF-MS;DEL04-MS;UOP01-DEL04-MS
666458;10/03/2025;segunda-feira;21:10:00;PE;116;62,7;CABROBO;Animais na Pista;Atropelamento de Animal;Com Vítimas Feridas;Plena Noite;Decrescente;Céu Claro;Simples;Reta;Não;3;0;3;0;0;0;3;1;-8,38316;-39,1558933;SPRF-PE;DEL05-PE;UOP03-DEL05-PE
666459;10/03/2025;segunda-feira;16:40:00;PA;10;165;PARAGOMINAS;Reação tardia ou ineficiente do condutor;Tombamento;Com Vítimas Fatais;Pleno dia;Crescente;Chuva;Simples;Reta;Não;1;1;0;0;0;0;0;1;-2,991357;-47,456768;SPRF-PA;DEL02-PA;UOP01-DEL02-PA
666460;10/03/2025;segunda-feira;21:40:00;SC;101;206,3;SAO JOSE;Ausência de reação do condutor;Colisão lateral mesmo sentido;Com Vítimas Feridas;Plena Noite;Decrescente;Céu Claro;Múltipla;Reta;Sim;2;0;1;0;1;0;1;2;-27,59605838;-48,61928701;SPRF-SC;DEL01-SC;UOP01-DEL01-SC
666462;10/03/2025;segunda-feira;20:00:00;RJ;101;293,1;ITABORAI;Reação tardia ou ineficiente do condutor;Colisão lateral mesmo sentido;Com Vítimas Feridas;Plena Noite;Decrescente;Céu Claro;Dupla;Reta;Sim;2;0;1;0;1;0;1;2;-22,75629947;-42,89195333;SPRF-RJ;DEL02-RJ;UOP02-DEL02-RJ
666464;10/03/2025;segunda-feira;19:30:00;SC;280;6,1;SAO FRANCISCO DO SUL;Acessar a via sem observar a presença dos outros veículos;Colisão transversal;Com Vítimas Feridas;Plena Noite;Crescente;Nublado;Simples;Reta;Sim;2;0;0;1;1;0;1;2;-26,26662355;-48,63489747;SPRF-SC;DEL03-SC;UOP03-DEL03-SC
666465;10/03/2025;segunda-feira;16:40:00;SP;116;329;JUQUITIBA;Ausência de reação do condutor;Saída de leito carroçável;Com Vítimas Fatais;Pleno dia;Crescente;Garoa/Chuvisco;Dupla;Reta;Não;3;2;0;1;0;0;1;1;-23,93793863;-47,08348932;SPRF-SP;DEL04-SP;UOP03-DEL04-SP
666466;10/03/2025;segunda-feira;20:00:00;RS;472;630;BARRA DO QUARAI;Animais na Pista;Atropelamento de Animal;Com Vítimas Feridas;Plena Noite;Crescente;Céu Claro;Simples;Reta;Não;1;0;1;0;0;0;1;1;-30,143093;-57,381911;SPRF-RS;DEL13-RS;UOP01-DEL13-RS
666467;10/03/2025;segunda-feira;22:10:00;MG;381;483;BETIM;Ausência de reação do condutor;Colisão com objeto;Com Vítimas Feridas;Plena Noite;Crescente;Céu Claro;Dupla;Curva;Não;1;0;1;0;0;0;1;1;-19,95806601;-44,08003986;SPRF-MG;DEL01-MG;UOP03-DEL01-MG
666468;10/03/2025;segunda-feira;20:55:00;MG;262;41,1;MANHUACU;Pedestre andava na pista;Atropelamento de Pedestre;Com Vítimas Feridas;Plena Noite;Crescente;Céu Claro;Simples;Reta;Sim;3;0;1;1;0;1;2;2;-20,2632546;-42,026703;SPRF-MG;DEL06-MG;UOP03-DEL06-MG
666471;10/03/2025;segunda-feira;20:40:00;MG;262;436;NOVA SERRANA;Velocidade Incompatível;Saída de leito carroçável;Com Vítimas Fatais;Plena Noite;Decrescente;Céu Claro;Dupla;Reta;Não;1;1;0;0;0;0;0;1;-19,879868;-44,919058;SPRF-MG;DEL08-MG;UOP03-DEL08-MG
666473;10/03/2025;segunda-feira;22:30:00;PR;369;36,5;ANDIRA;Ausência de reação do condutor;Colisão com objeto;Com Vítimas Feridas;Plena Noite;Decrescente;Nublado;Simples;Reta;Sim;1;0;0;1;0;0;1;1;-23,042316;-50,228765;SPRF-PR;DEL07-PR;UOP05-DEL07-PR
666474;10/03/2025;segunda-feira;18:50:00;SC;280;51,6;GUARAMIRIM;Ausência de reação do condutor;Saída de leito carroçável;Com Vítimas Feridas;Plena Noite;Decrescente;Céu Claro;Simples;"Em Obras;Reta";Não;1;0;0;1;0;0;1;1;-26,464697;-48,953706;SPRF-SC;DEL03-SC;UOP03-DEL03-SC
666475;11/03/2025;terça-feira;00:30:00;SC;101;57;ARAQUARI;Ausência de reação do condutor;Tombamento;Com Vítimas Feridas;Plena Noite;Decrescente;Nublado;Dupla;Reta;Sim;2;0;2;0;0;0;2;1;-26,32317657;-48,72361958;SPRF-SC;DEL03-SC;UOP01-DEL03-SC
666477;11/03/2025;terça-feira;01:15:00;PE;101;68;RECIFE;Reação tardia ou ineficiente do condutor;Colisão com objeto;Com Vítimas Feridas;Plena Noite;Crescente;Céu Claro;Dupla;Rotatória;Sim;1;0;0;1;0;0;1;1;-8,0518849;-34,9464713;SPRF-PE;DEL01-PE;UOP01-DEL01-PE
666480;11/03/2025;terça-feira;01:40:00;PR;376;305,9;MAUA DA SERRA;Pista Escorregadia;Saída de leito carroçável;Com Vítimas Feridas;Plena Noite;Decrescente;Chuva;Dupla;"Declive;Curva";Não;2;0;1;0;1;0;1;1;-23,93940075;-51,12109113;SPRF-PR;DEL07-PR;UOP02-DEL07-PR
666482;10/03/2025;segunda-feira;21:40:00;BA;324;619;SALVADOR;Ausência de reação do condutor;Colisão traseira;Com Vítimas Feridas;Plena Noite;Crescente;Céu Claro;Múltipla;Reta;Sim;2;0;1;0;0;1;1;2;-12,91020598;-38,45832825;SPRF-BA;DEL01-BA;UOP01-DEL01-BA
666483;11/03/2025;terça-feira;04:00:00;SP;116;393;MIRACATU;Demais falhas mecânicas ou elétricas;Incêndio;Sem Vítimas;Plena Noite;Decrescente;Nublado;Dupla;Reta;Não;1;0;0;0;1;0;0;1;-24,28765276;-47,44525909;SPRF-SP;DEL04-SP;UOP02-DEL04-SP
666486;10/03/2025;segunda-feira;10:00:00;RJ;101;304;SAO GONCALO;Demais falhas mecânicas ou elétricas;Queda de ocupante de veículo;Com Vítimas Feridas;Pleno dia;Decrescente;Céu Claro;Dupla;Reta;Sim;2;0;2;0;0;0;2;1;-22,7934208;-43,0309376;SPRF-RJ;DEL02-RJ;UOP02-DEL02-RJ
666488;11/03/2025;terça-feira;06:00:00;ES;101;176,5;ARACRUZ;Acessar a via sem observar a presença dos outros veículos;Colisão transversal;Com Vítimas Feridas;Pleno dia;Crescente;Céu Claro;Simples;Reta;Sim;6;0;1;0;5;0;1;2;-19,597018;-40,20016;SPRF-ES;DEL04-ES;UOP01-DEL04-ES
666490;11/03/2025;terça-feira;06:14:00;RS;116;256;ESTEIO;Demais falhas mecânicas ou elétricas;Queda de ocupante de veículo;Com Vítimas Feridas;Amanhecer;Crescente;Céu Claro;Dupla;Curva;Sim;1;0;1;0;0;0;1;1;-29,85003882;-51,17925024;SPRF-RS;DEL01-RS;UOP02-DEL01-RS
666493;10/03/2025;segunda-feira;22:06:00;SP;381;71,8;MAIRIPORA;Reação tardia ou ineficiente do condutor;Capotamento;Com Vítimas Feridas;Plena Noite;Crescente;Céu Claro;Dupla;Curva;Não;2;0;1;0;1;0;1;1;-23,3547549;-46,55009855;SPRF-SP;DEL03-SP;UOP01-DEL03-SP
666497;11/03/2025;terça-feira;05:55:00;DF;70;15,8;BRASILIA;Demais falhas mecânicas ou elétricas;Colisão traseira;Sem Vítimas;Amanhecer;Decrescente;Céu Claro;Dupla;Rotatória;Não;2;0;0;0;2;0;0;2;-15,796206;-48,196062;SPRF-DF;DEL03-DF;UOP02-DEL03-DF
666498;11/03/2025;terça-feira;06:50:00;MG;50;48,6;ARAGUARI;Demais falhas mecânicas ou elétricas;Tombamento;Com Vítimas Feridas;Pleno dia;Crescente;Céu Claro;Dupla;"Reta;Declive";Não;1;0;1;0;0;0;1;1;-18,72891672;-48,21828503;SPRF-MG;DEL15-MG;UOP02-DEL15-MG
666499;13/02/2025;quinta-feira;17:10:00;RJ;116;186;NOVA IGUACU;Manobra de mudança de faixa;Queda de ocupante de veículo;Com Vítimas Feridas;Pleno dia;Decrescente;Céu Claro;Dupla;Reta;Sim;2;0;1;0;0;1;1;1;-22,73962339;-43,46276495;SPRF-RJ;DEL06-RJ;UOP01-DEL06-RJ
666501;11/03/2025;terça-feira;06:40:00;RN;101;82,3;NATAL;Manobra de mudança de faixa;Colisão traseira;Com Vítimas Feridas;Pleno dia;Crescente;Céu Claro;Dupla;Reta;Sim;2;0;1;0;1;0;1;2;-5,768837;-35,2719342;SPRF-RN;DEL02-RN;UOP01-DEL02-RN
666502;11/03/2025;terça-feira;06:45:00;RN;101;82,2;NATAL;Reação tardia ou ineficiente do condutor;Colisão traseira;Com Vítimas Feridas;Pleno dia;Decrescente;Nublado;Dupla;Reta;Sim;2;0;1;0;0;1;1;2;-5,768837;-35,2719342;SPRF-RN;DEL02-RN;UOP01-DEL02-RN
666503;11/03/2025;terça-feira;06:40:00;MS;163;462,5;CAMPO GRANDE;Acessar a via sem observar a presença dos outros veículos;Colisão transversal;Com Vítimas Feridas;Pleno dia;Crescente;Nublado;Simples;Reta;Não;6;0;5;0;1;0;5;2;-20,61689909;-54,57503557;SPRF-MS;DEL01-MS;UOP01-DEL01-MS
666504;11/03/2025;terça-feira;06:40:00;PI;343;342;TERESINA;Reação tardia ou ineficiente do condutor;Colisão traseira;Com Vítimas Feridas;Pleno dia;Crescente;Céu Claro;Simples;Reta;Não;2;0;1;0;1;0;1;2;-5,08577945;-42,75603533;SPRF-PI;DEL01-PI;UOP01-DEL01-PI
666506;10/03/2025;segunda-feira;23:00:00;MG;381;704;LAVRAS;Ausência de reação do condutor;Colisão com objeto;Sem Vítimas;Plena Noite;Decrescente;Chuva;Dupla;Reta;Não;1;0;0;0;0;1;0;1;-21,308353;-45,160556;SPRF-MG;DEL04-MG;UOP02-DEL04-MG
666507;11/03/2025;terça-feira;07:40:00;SP;116;165;JACAREI;Acessar a via sem observar a presença dos outros veículos;Colisão lateral mesmo sentido;Com Vítimas Feridas;Pleno dia;Decrescente;Céu Claro;Múltipla;Reta;Sim;2;0;1;0;1;0;1;2;-23,2967173;-46,0071539;SPRF-SP;DEL02-SP;UOP01-DEL02-SP
666508;11/03/2025;terça-feira;04:50:00;RJ;40;119;DUQUE DE CAXIAS;Pedestre cruzava a pista fora da faixa;Atropelamento de Pedestre;Com Vítimas Feridas;Amanhecer;Crescente;Céu Claro;Múltipla;Reta;Sim;2;0;1;0;1;0;1;2;-22,76197403;-43,28702997;SPRF-RJ;DEL01-RJ;UOP02-DEL01-RJ