id;data_inversa;dia_semana;horario;uf;br;km;municipio;causa_acidente;tipo_acidente;classificacao_acidente;fase_dia;sentido_via;condicao_metereologica;tipo_pista;tracado_via;uso_solo;pessoas;mortos;feridos_leves;feridos_graves;ilesos;ignorados;feridos;veiculos;latitude;longitude;regional;delegacia;uop
666510;11/03/2025;terça-feira;07:40:00;BA;324;526;FEIRA DE SANTANA;Acessar a via sem observar a presença dos outros veículos;Colisão transversal;Com Vítimas Feridas;Pleno dia;Crescente;Céu Claro;Dupla;Interseção de Vias;Não;3;0;0;1;2;0;1;2;-12,30824865;-38,88776875;SPRF-BA;DEL01-BA;UOP03-DEL01-BA
666511;11/03/2025;terça-feira;07:50:00;RS;472;571;URUGUAIANA;Acessar a via sem observar a presença dos outros veículos;Colisão transversal;Com Vítimas Feridas;Pleno dia;Crescente;Céu Claro;Simples;Reta;Não;3;0;1;0;2;0;1;2;-29,76624004;-57,02925682;SPRF-RS;DEL13-RS;UOP01-DEL13-RS
666512;11/03/2025;terça-feira;08:00:00;SP;116;212;GUARULHOS;Manobra de mudança de faixa;Colisão lateral mesmo sentido;Com Vítimas Feridas;Pleno dia;Crescente;Nublado;Múltipla;"Reta;Declive";Não;2;0;1;0;0;1;1;2;-23,43788622;-46,43320972;SPRF-SP;DEL01-SP;UOP01-DEL01-SP
666513;11/03/2025;terça-feira;07:40:00;CE;116;24;AQUIRAZ;Acessar a via sem observar a presença dos outros veículos;Colisão traseira;Com Vítimas Feridas;Pleno dia;Decrescente;Chuva;Dupla;"Reta;Aclive";Sim;2;0;0;1;0;1;1;2;-3,9654639;-38,51517851;SPRF-CE;DEL01-CE;UOP02-DEL01-CE
666514;11/03/2025;terça-feira;07:32:00;DF;70;7;BRASILIA;Manobra de mudança de faixa;Colisão traseira;Com Vítimas Feridas;Pleno dia;Decrescente;Céu Claro;Múltipla;Reta;Não;3;0;2;0;1;0;2;2;-15,7884369;-48,1129808;SPRF-DF;DEL03-DF;UOP02-DEL03-DF
666515;11/03/2025;terça-feira;08:00:00;RJ;116;189;NOVA IGUACU;Demais falhas mecânicas ou elétricas;Queda de ocupante de veículo;Com Vítimas Feridas;Pleno dia;Decrescente;Céu Claro;Dupla;Reta;Não;2;0;1;1;0;0;2;1;-22,74430311;-43,511374;SPRF-RJ;DEL06-RJ;UOP01-DEL06-RJ
666516;11/03/2025;terça-feira;07:50:00;PR;476;145;CURITIBA;Trafegar com motocicleta (ou similar) entre as faixas;Colisão transversal;Com Vítimas Feridas;Pleno dia;Decrescente;Nublado;Dupla;"Reta;Aclive";Não;2;0;1;0;1;0;1;2;-25,549082;-49,324334;SPRF-PR;DEL01-PR;UOP06-DEL01-PR
666517;15/02/2025;sábado;23:20:00;RJ;0;0;DUQUE DE CAXIAS;Ausência de reação do condutor;Colisão transversal;Com Vítimas Feridas;Plena Noite;Não Informado;Céu Claro;Simples;Interseção de Vias;Sim;3;0;1;0;2;0;1;2;-22,68441001;-43,28256011;SPRF-RJ;DEL01-RJ;UOP02-DEL01-RJ
666518;11/03/2025;terça-feira;07:50:00;MG;116;416;GOVERNADOR VALADARES;Condutor deixou de manter distância do veículo da frente;Colisão lateral mesmo sentido;Com Vítimas Feridas;Pleno dia;Decrescente;Céu Claro;Simples;Reta;Sim;3;0;1;0;2;0;1;2;-18,899406;-41,945986;SPRF-MG;DEL06-MG;UOP01-DEL06-MG
666519;11/03/2025;terça-feira;08:00:00;BA;324;515;FEIRA DE SANTANA;Trafegar com motocicleta (ou similar) entre as faixas;Colisão transversal;Com Vítimas Feridas;Pleno dia;Crescente;Céu Claro;Simples;"Interseção de Vias;Reta";Sim;2;0;1;0;1;0;1;2;-12,237076;-38,942057;SPRF-BA;DEL02-BA;UOP01-DEL02-BA
666520;07/03/2025;sexta-feira;19:50:00;SC;282;231,9;LAGES;Animais na Pista;Atropelamento de Animal;Com Vítimas Feridas;Plena Noite;Crescente;Céu Claro;Simples;"Reta;Declive";Não;3;0;2;0;1;0;2;2;-27,78524905;-50,44436395;SPRF-SC;DEL05-SC;UOP02-DEL05-SC
666521;11/03/2025;terça-feira;08:53:00;PB;230;21;JOAO PESSOA;Ausência de reação do condutor;Colisão traseira;Com Vítimas Feridas;Pleno dia;Crescente;Céu Claro;Dupla;Reta;Sim;2;0;1;0;1;0;1;2;-7,14259347;-34,85181101;SPRF-PB;DEL01-PB;UOP01-DEL01-PB
666523;11/03/2025;terça-feira;08:00:00;PA;308;158;CAPANEMA;Pista esburacada;Engavetamento;Com Vítimas Feridas;Pleno dia;Decrescente;Céu Claro;Simples;Reta;Não;7;0;1;0;6;0;1;3;-1,210947;-47,11915;SPRF-PA;DEL01-PA;UOP03-DEL01-PA
666526;11/03/2025;terça-feira;09:00:00;SP;116;222;GUARULHOS;Ausência de reação do condutor;Colisão lateral mesmo sentido;Com Vítimas Feridas;Pleno dia;Crescente;Céu Claro;Múltipla;"Reta;Em Obras";Sim;2;0;0;1;1;0;1;2;-23,4741351;-46,52301371;SPRF-SP;DEL01-SP;UOP01-DEL01-SP
666527;11/03/2025;terça-feira;08:40:00;PR;277;70,5;SAO JOSE DOS PINHAIS;Reação tardia ou ineficiente do condutor;Colisão lateral mesmo sentido;Com Vítimas Feridas;Pleno dia;Crescente;Nublado;Dupla;Reta;Não;2;0;2;0;0;0;2;2;-25,50965749;-49,13216125;SPRF-PR;DEL01-PR;UOP07-DEL01-PR
666529;11/03/2025;terça-feira;07:40:00;RJ;40;121;DUQUE DE CAXIAS;Condutor deixou de manter distância do veículo da frente;Colisão lateral mesmo sentido;Com Vítimas Feridas;Pleno dia;Crescente;Céu Claro;Múltipla;Reta;Sim;2;0;1;0;1;0;1;2;-22,79110093;-43,28631236;SPRF-RJ;DEL01-RJ;UOP02-DEL01-RJ
666534;11/03/2025;terça-feira;07:55:00;BA;324;525;FEIRA DE SANTANA;Condutor deixou de manter distância do veículo da frente;Colisão traseira;Com Vítimas Feridas;Pleno dia;Crescente;Céu Claro;Dupla;Reta;Sim;2;0;1;0;1;0;1;2;-12,302942;-38,895372;SPRF-BA;DEL01-BA;UOP03-DEL01-BA
666536;11/03/2025;terça-feira;10:35:00;PB;230;10;CABEDELO;Acessar a via sem observar a presença dos outros veículos;Tombamento;Com Vítimas Feridas;Pleno dia;Decrescente;Sol;Dupla;"Reta;Viaduto";Sim;3;0;2;0;1;0;2;2;-7,06563883;-34,84980583;SPRF-PB;DEL01-PB;UOP01-DEL01-PB
666537;11/03/2025;terça-feira;09:30:00;RJ;101;303;SAO GONCALO;Reação tardia ou ineficiente do condutor;Colisão traseira;Sem Vítimas;Pleno dia;Crescente;Céu Claro;Dupla;Reta;Não;4;0;0;0;4;0;0;2;-22,7825124;-42,97430992;SPRF-RJ;DEL02-RJ;UOP02-DEL02-RJ
666539;11/03/2025;terça-feira;08:40:00;MG;381;306;ANTONIO DIAS;Demais falhas mecânicas ou elétricas;Incêndio;Sem Vítimas;Pleno dia;Decrescente;Céu Claro;Dupla;Reta;Não;1;0;0;0;1;0;0;1;-19,64041;-42,89986;SPRF-MG;DEL03-MG;UOP02-DEL03-MG
666541;11/03/2025;terça-feira;10:20:00;RJ;356;26;ITAPERUNA;Acessar a via sem observar a presença dos outros veículos;Colisão transversal;Com Vítimas Feridas;Pleno dia;Crescente;Céu Claro;Simples;"Retorno Regulamentado;Reta";Não;6;0;4;0;2;0;4;2;-21,179333;-41,953851;SPRF-RJ;DEL08-RJ;UOP03-DEL08-RJ
666542;11/03/2025;terça-feira;10:20:00;MT;158;790;BARRA DO GARCAS;Demais falhas mecânicas ou elétricas;Colisão com objeto;Sem Vítimas;Pleno dia;Decrescente;Céu Claro;Simples;Aclive;Não;3;0;0;0;3;0;0;2;-15,815823;-52,302721;SPRF-MT;DEL07-MT;UOP01-DEL07-MT
666543;11/03/2025;terça-feira;10:30:00;RJ;101;420;MANGARATIBA;Demais falhas mecânicas ou elétricas;Queda de ocupante de veículo;Com Vítimas Feridas;Pleno dia;Crescente;Céu Claro;Dupla;Curva;Não;2;0;2;0;0;0;2;1;-22,9175741;-43,9292436;SPRF-RJ;DEL03-RJ;UOP02-DEL03-RJ
666546;11/03/2025;terça-feira;06:00:00;GO;80;9,1;PADRE BERNARDO;Desvio temporário;Capotamento;Com Vítimas Feridas;Amanhecer;Crescente;Céu Claro;Simples;Reta;Não;3;0;2;0;1;0;2;1;-15,453838;-48,211832;SPRF-DF;DEL03-DF;UOP02-DEL03-DF
666547;11/03/2025;terça-feira;12:00:00;MG;50;58;UBERLANDIA;Condutor usando celular;Saída de leito carroçável;Com Vítimas Feridas;Pleno dia;Decrescente;Céu Claro;Dupla;Reta;Não;2;0;1;0;1;0;1;1;-18,9083;-48,3153;SPRF-MG;DEL15-MG;UOP02-DEL15-MG
666548;11/03/2025;terça-feira;11:40:00;RJ;101;382;RIO DE JANEIRO;Acessar a via sem observar a presença dos outros veículos;Colisão lateral mesmo sentido;Com Vítimas Feridas;Pleno dia;Decrescente;Céu Claro;Dupla;Reta;Não;3;0;2;0;1;0;2;2;-22,890695;-43,665261;SPRF-RJ;DEL03-RJ;UOP01-DEL03-RJ
666549;11/03/2025;terça-feira;10:00:00;MS;163;457;CAMPO GRANDE;Acessar a via sem observar a presença dos outros veículos;Colisão transversal;Com Vítimas Feridas;Pleno dia;Decrescente;Céu Claro;Simples;"Reta;Aclive";Não;2;0;1;0;1;0;1;2;-20,66208084;-54,56206377;SPRF-MS;DEL01-MS;UOP01-DEL01-MS
666550;24/02/2025;segunda-feira;15:15:00;SP;116;315;JUQUITIBA;Objeto estático sobre o leito carroçável;Colisão com objeto;Sem Vítimas;Pleno dia;Crescente;Sol;Dupla;Reta;Sim;2;0;0;0;2;0;0;1;-23,90121343;-46,98975736;SPRF-SP;DEL04-SP;UOP03-DEL04-SP
666551;28/01/2025;terça-feira;13:00:00;MS;376;13;DOURADOS;Chuva;Colisão com objeto;Sem Vítimas;Pleno dia;Crescente;Chuva;Simples;Reta;Não;1;0;0;0;0;1;0;1;-22,22928219;-54,66230392;SPRF-MS;DEL04-MS;UOP01-DEL04-MS
666555;11/03/2025;terça-feira;10:40:00;MS;158;97,2;PARANAIBA;Ausência de reação do condutor;Colisão traseira;Sem Vítimas;Pleno dia;Crescente;Céu Claro;Dupla;Rotatória;Não;3;0;0;0;3;0;0;2;-19,69538308;-51,18061759;SPRF-MS;DEL08-MS;UOP01-DEL08-MS
666556;11/03/2025;terça-feira;10:00:00;SC;280;23,5;ARAQUARI;Acesso irregular;Colisão transversal;Com Vítimas Feridas;Pleno dia;Crescente;Garoa/Chuvisco;Simples;Reta;Sim;2;0;1;0;1;0;1;2;-26,375843;-48,717806;SPRF-SC;DEL03-SC;UOP03-DEL03-SC
666557;11/03/2025;terça-feira;10:50:00;MG;381;713;CARMO DA CACHOEIRA;Demais falhas mecânicas ou elétricas;Tombamento;Com Vítimas Feridas;Pleno dia;Crescente;Céu Claro;Dupla;Reta;Não;1;0;1;0;0;0;1;1;-21,37418;-45,19172;SPRF-MG;DEL04-MG;UOP02-DEL04-MG
666559;11/03/2025;terça-feira;11:05:00;MG;50;151;UBERABA;Reação tardia ou ineficiente do condutor;Colisão traseira;Com Vítimas Feridas;Pleno dia;Decrescente;Céu Claro;Dupla;Reta;Não;2;0;1;0;1;0;1;2;-19,581775;-48,031269;SPRF-MG;DEL13-MG;UOP01-DEL13-MG
666560;11/03/2025;terça-feira;11:50:00;MG;459;96,1;POUSO ALEGRE;Reação tardia ou ineficiente do condutor;Colisão lateral sentido oposto;Com Vítimas Feridas;Pleno dia;Decrescente;Céu Claro;Simples;"Aclive;Curva";Não;4;0;3;0;1;0;3;3;-22,1865112;-45,9837927;SPRF-MG;DEL09-MG;UOP01-DEL09-MG
666561;11/03/2025;terça-feira;11:50:00;MS;163;615,3;SAO GABRIEL DO OESTE;Reação tardia ou ineficiente do condutor;Tombamento;Com Vítimas Feridas;Pleno dia;Crescente;Céu Claro;Simples;"Reta;Rotatória";Sim;1;0;1;0;0;0;1;1;-19,38925527;-54,57155406;SPRF-MS;DEL06-MS;UOP02-DEL06-MS
666562;11/03/2025;terça-feira;07:50:00;MG;381;946,8;EXTREMA;Demais falhas mecânicas ou elétricas;Tombamento;Com Vítimas Feridas;Pleno dia;Decrescente;Céu Claro;Dupla;"Reta;Aclive";Não;2;0;2;0;0;0;2;1;-22,862579;-46,344549;SPRF-MG;DEL16-MG;UOP03-DEL16-MG
666563;11/03/2025;terça-feira;13:00:00;PI;343;0,2;TERESINA;Frear bruscamente;Colisão traseira;Com Vítimas Feridas;Pleno dia;Decrescente;Céu Claro;Múltipla;"Reta;Viaduto";Sim;2;0;1;0;1;0;1;2;-5,07839809;-42,74977684;SPRF-PI;DEL01-PI;UOP01-DEL01-PI
666564;23/02/2025;domingo;17:00:00;RJ;356;86;CARDOSO MOREIRA;Conversão proibida;Colisão lateral sentido oposto;Com Vítimas Feridas;Pleno dia;Decrescente;Céu Claro;Simples;Curva;Não;2;0;1;0;1;0;1;2;-21,489969;-41,635899;SPRF-RJ;DEL08-RJ;UOP03-DEL08-RJ
666565;11/03/2025;terça-feira;13:30:00;SC;101;148;ITAPEMA;Acessar a via sem observar a presença dos outros veículos;Colisão transversal;Com Vítimas Feridas;Pleno dia;Decrescente;Céu Claro;Simples;"Interseção de Vias;Reta";Sim;2;0;0;1;1;0;1;2;-27,0659241;-48,5955255;SPRF-SC;DEL04-SC;UOP03-DEL04-SC
666571;11/03/2025;terça-feira;14:40:00;MG;267;28,2;ARGIRITA;Condutor Dormindo;Saída de leito carroçável;Com Vítimas Feridas;Pleno dia;Crescente;Nublado;Simples;"Curva;Aclive";Não;1;0;1;0;0;0;1;1;-21,640642;-42,836065;SPRF-MG;DEL07-MG;UOP01-DEL07-MG
666572;11/03/2025;terça-feira;14:00:00;SP;116;146;SAO JOSE DOS CAMPOS;Reação tardia ou ineficiente do condutor;Colisão traseira;Com Vítimas Feridas;Pleno dia;Decrescente;Céu Claro;Dupla;Aclive;Não;4;0;1;1;2;0;2;4;-23,19122919;-45,86327591;SPRF-SP;DEL02-SP;UOP01-DEL02-SP
666573;02/03/2025;domingo;20:00:00;MS;163;249;DOURADOS;Ausência de reação do condutor;Colisão traseira;Com Vítimas Feridas;Plena Noite;Crescente;Céu Claro;Simples;Reta;Não;7;0;1;5;0;1;6;3;-22,30541865;-54,82059598;SPRF-MS;DEL04-MS;UOP02-DEL04-MS
666576;11/03/2025;terça-feira;11:23:00;MS;419;256,9;ANASTACIO;Reação tardia ou ineficiente do condutor;Colisão traseira;Sem Vítimas;Pleno dia;Crescente;Céu Claro;Simples;Reta;Não;3;0;0;0;2;1;0;3;-20,51112317;-55,62892914;SPRF-MS;DEL03-MS;UOP01-DEL03-MS
666578;11/03/2025;terça-feira;15:00:00;SP;116;86;PINDAMONHANGABA;Demais falhas mecânicas ou elétricas;Incêndio;Sem Vítimas;Pleno dia;Crescente;Nublado;Dupla;Reta;Não;2;0;0;0;2;0;0;1;-22,9247257;-45,351299;SPRF-SP;DEL08-SP;UOP01-DEL08-SP
666580;11/03/2025;terça-feira;14:03:00;RS;116;329;BARRA DO RIBEIRO;Condutor Dormindo;Saída de leito carroçável;Com Vítimas Feridas;Pleno dia;Crescente;Sol;Dupla;Reta;Não;2;0;1;0;1;0;1;1;-30,39521211;-51,43982431;SPRF-RS;DEL02-RS;UOP02-DEL02-RS
666581;01/03/2025;sábado;21:45:00;RS;285;6;SAO BORJA;Desrespeitar a preferência no cruzamento;Colisão transversal;Com Vítimas Feridas;Plena Noite;Decrescente;Céu Claro;Simples;Rotatória;Sim;9;0;3;0;6;0;3;2;-28,632453;-55,99874568;SPRF-RS;DEL12-RS;UOP01-DEL12-RS
666585;11/03/2025;terça-feira;15:00:00;PE;424;86;GARANHUNS;Acessar a via sem observar a presença dos outros veículos;Colisão transversal;Com Vítimas Feridas;Pleno dia;Crescente;Céu Claro;Simples;Reta;Não;3;0;0;3;0;0;3;2;-8,8714778;-36,5076646;SPRF-PE;DEL03-PE;UOP01-DEL03-PE
666586;11/03/2025;terça-feira;15:00:00;GO;153;491;GOIANIA;Ultrapassagem Indevida;Colisão transversal;Com Vítimas Feridas;Pleno dia;Decrescente;Céu Claro;Simples;Reta;Sim;2;0;0;1;1;0;1;2;-16,62683146;-49,20538723;SPRF-GO;DEL01-GO;UOP01-DEL01-GO
666587;11/03/2025;terça-feira;14:40:00;MG;116;501,5;INHAPIM;Demais falhas mecânicas ou elétricas;Queda de ocupante de veículo;Com Vítimas Feridas;Pleno dia;Decrescente;Céu Claro;Simples;Reta;Não;2;0;1;1;0;0;2;1;-19,575757;-42,116845;SPRF-MG;DEL06-MG;UOP02-DEL06-MG
666589;11/03/2025;terça-feira;12:45:00;MG;40;552;NOVA LIMA;Entrada inopinada do pedestre;Atropelamento de Pedestre;Com Vítimas Feridas;Pleno dia;Decrescente;Céu Claro;Múltipla;Reta;Sim;2;0;1;0;1;0;1;2;-20,082;-43,979;SPRF-MG;DEL01-MG;UOP02-DEL01-MG
666591;11/03/2025;terça-feira;10:20:00;RJ;116;145;DUQUE DE CAXIAS;Demais falhas mecânicas ou elétricas;Incêndio;Sem Vítimas;Pleno dia;Crescente;Céu Claro;Dupla;Reta;Sim;1;0;0;0;1;0;0;1;-22,6721792;-43,2832512;SPRF-RJ;DEL01-RJ;UOP02-DEL01-RJ
666592;11/03/2025;terça-feira;16:02:00;MG;381;878;ESTIVA;Chuva;Capotamento;Com Vítimas Feridas;Pleno dia;Decrescente;Chuva;Dupla;Curva;Não;1;0;1;0;0;0;1;1;-22,43805556;-45,98444444;SPRF-MG;DEL16-MG;UOP01-DEL16-MG
666594;11/03/2025;terça-feira;15:20:00;BA;324;532;FEIRA DE SANTANA;Condutor deixou de manter distância do veículo da frente;Colisão traseira;Sem Vítimas;Pleno dia;Decrescente;Céu Claro;Dupla;Reta;Não;4;0;0;0;3;1;0;3;-12,347089;-38,837375;SPRF-BA;DEL01-BA;UOP03-DEL01-BA
666595;11/03/2025;terça-feira;16:00:00;RN;406;167;SAO GONCALO DO AMARANTE;Avarias e/ou desgaste excessivo no pneu;Queda de ocupante de veículo;Com Vítimas Feridas;Pleno dia;Crescente;Nublado;Simples;Reta;Não;2;0;1;0;1;0;1;1;-5,7487677;-35,3264867;SPRF-RN;DEL02-RN;UOP01-DEL02-RN
666596;11/03/2025;terça-feira;16:00:00;PB;101;88;JOAO PESSOA;Avarias e/ou desgaste excessivo no pneu;Saída de leito carroçável;Com Vítimas Feridas;Pleno dia;Decrescente;Céu Claro;Simples;"Interseção de Vias;Viaduto;Curva";Sim;1;0;1;0;0;0;1;1;-7,16685503;-34,8962998;SPRF-PB;DEL01-PB;UOP01-DEL01-PB
666597;11/03/2025;terça-feira;16:30:00;MA;316;610;TIMON;Mal súbito do condutor;Colisão com objeto;Com Vítimas Feridas;Pleno dia;Crescente;Nublado;Simples;Rotatória;Sim;1;0;0;1;0;0;1;1;-5,07114119;-42,87376744;SPRF-MA;DEL03-MA;UOP02-DEL03-MA
666598;11/03/2025;terça-feira;16:00:00;RJ;101;515;ANGRA DOS REIS;Mal súbito do condutor;Colisão frontal;Com Vítimas Feridas;Pleno dia;Crescente;Nublado;Simples;Curva;Não;4;0;3;1;0;0;4;2;-22,98324854;-44,43938559;SPRF-RJ;DEL03-RJ;UOP03-DEL03-RJ
666601;08/03/2025;sábado;06:45:00;RJ;101;498;ANGRA DOS REIS;Velocidade Incompatível;Tombamento;Com Vítimas Feridas;Pleno dia;Crescente;Céu Claro;Simples;Reta;Não;1;0;1;0;0;0;1;1;-22,92447697;-44,3228817;SPRF-RJ;DEL03-RJ;UOP03-DEL03-RJ
666602;11/03/2025;terça-feira;12:30:00;RS;290;57,8;GLORINHA;Pista esburacada;Tombamento;Com Vítimas Feridas;Pleno dia;Crescente;Céu Claro;Dupla;"Reta;Declive";Não;1;0;1;0;0;0;1;1;-29,920478;-50,836284;SPRF-RS;DEL03-RS;UOP01-DEL03-RS
666603;11/03/2025;terça-feira;16:00:00;RS;470;255;SALVADOR DO SUL;Pedestre andava na pista;Atropelamento de Pedestre;Com Vítimas Feridas;Pleno dia;Crescente;Céu Claro;Simples;Curva;Não;2;0;1;0;1;0;1;2;-29,44083513;-51,50789553;SPRF-RS;DEL06-RS;UOP01-DEL06-RS
666605;11/03/2025;terça-feira;15:30:00;RJ;116;250;PIRAI;Demais falhas mecânicas ou elétricas;Incêndio;Sem Vítimas;Pleno dia;Crescente;Chuva;Dupla;"Curva;Declive";Não;1;0;0;0;1;0;0;1;-22,57946152;-43,98857117;SPRF-RJ;DEL07-RJ;UOP01-DEL07-RJ
666607;11/03/2025;terça-feira;15:30:00;BA;101;32,5;ESPLANADA;Velocidade Incompatível;Saída de leito carroçável;Com Vítimas Feridas;Pleno dia;Decrescente;Céu Claro;Múltipla;"Reta;Retorno Regulamentado";Não;5;0;2;0;3;0;2;1;-11,75525606;-37,94254304;SPRF-SE;DEL02-SE;UOP03-DEL02-SE
666608;11/03/2025;terça-feira;17:15:00;SP;116;73;APARECIDA;Acumulo de água sobre o pavimento;Colisão com objeto;Com Vítimas Feridas;Pleno dia;Decrescente;Chuva;Dupla;"Reta;Aclive";Não;2;0;1;0;1;0;1;1;-22,866375;-45,2417852;SPRF-SP;DEL08-SP;UOP01-DEL08-SP
666610;11/03/2025;terça-feira;14:20:00;PR;487;119,6;TUNEIRAS DO OESTE;Ausência de reação do condutor;Saída de leito carroçável;Com Vítimas Feridas;Pleno dia;Decrescente;Chuva;Simples;"Curva;Declive";Não;1;0;1;0;0;0;1;1;-23,84803887;-52,92903716;SPRF-PR;DEL09-PR;UOP03-DEL09-PR
666611;11/03/2025;terça-feira;09:30:00;PR;277;137;CAMPO LARGO;Demais falhas mecânicas ou elétricas;Incêndio;Sem Vítimas;Pleno dia;Crescente;Céu Claro;Dupla;"Aclive;Reta";Não;1;0;0;0;1;0;0;1;-25,45656254;-49,63415578;SPRF-PR;DEL03-PR;UOP03-DEL03-PR
666612;11/03/2025;terça-feira;17:00:00;PR;163;249;QUATRO PONTES;Ingestão de substâncias psicoativas pelo condutor;Saída de leito carroçável;Com Vítimas Feridas;Pleno dia;Crescente;Chuva;Dupla;Reta;Sim;1;0;1;0;0;0;1;1;-24,60696489;-53,97183895;SPRF-PR;DEL06-PR;UOP02-DEL06-PR
666614;11/03/2025;terça-feira;17:00:00;RS;158;326;SANTA MARIA;Acessar a via sem observar a presença dos outros veículos;Colisão transversal;Com Vítimas Feridas;Pleno dia;Decrescente;Céu Claro;Dupla;"Em Obras;Reta;Viaduto";Sim;3;0;1;1;1;0;2;2;-29,71216202;-53,80564928;SPRF-RS;DEL09-RS;UOP01-DEL09-RS
666615;11/03/2025;terça-feira;14:35:00;AL;101;3;NOVO LINO;Reação tardia ou ineficiente do condutor;Queda de ocupante de veículo;Com Vítimas Feridas;Pleno dia;Crescente;Nublado;Dupla;Reta;Não;1;0;1;0;0;0;1;1;-8,91368682;-35,63388303;SPRF-AL;DEL01-AL;UOP02-DEL01-AL
666617;11/03/2025;terça-feira;17:20:00;RJ;101;505;ANGRA DOS REIS;Conversão proibida;Colisão frontal;Com Vítimas Feridas;Anoitecer;Decrescente;Céu Claro;Simples;Reta;Sim;2;0;1;0;1;0;1;2;-22,9900288;-44,2400768;SPRF-RJ;DEL03-RJ;UOP03-DEL03-RJ
666619;11/03/2025;terça-feira;18:03:00;SC;470;138;RIO DO SUL;Trafegar com motocicleta (ou similar) entre as faixas;Colisão transversal;Com Vítimas Feridas;Pleno dia;Crescente;Nublado;Simples;"Interseção de Vias;Retorno Regulamentado";Sim;2;0;1;0;1;0;1;2;-27,20465411;-49,63881612;SPRF-SC;DEL04-SC;UOP02-DEL04-SC
666621;11/03/2025;terça-feira;17:00:00;MG;153;211,2;FRUTAL;Afundamento ou ondulação no pavimento;Tombamento;Com Vítimas Feridas;Pleno dia;Decrescente;Céu Claro;Simples;Reta;Não;1;0;1;0;0;0;1;1;-20,032025;-49,048119;SPRF-MG;DEL13-MG;UOP02-DEL13-MG
666622;11/03/2025;terça-feira;17:30:00;MG;365;431,5;PATOS DE MINAS;Manobra de mudança de faixa;Colisão transversal;Com Vítimas Feridas;Pleno dia;Crescente;Sol;Simples;"Interseção de Vias;Reta";Não;2;0;1;0;1;0;1;2;-18,759079;-46,663891;SPRF-MG;DEL10-MG;UOP01-DEL10-MG
666623;11/03/2025;terça-feira;18:00:00;PE;423;96;GARANHUNS;Acessar a via sem observar a presença dos outros veículos;Colisão transversal;Com Vítimas Feridas;Plena Noite;Crescente;Céu Claro;Simples;Aclive;Sim;2;0;0;1;1;0;1;2;-8,880658;-36,4926114;SPRF-PE;DEL03-PE;UOP01-DEL03-PE
666624;11/03/2025;terça-feira;18:06:00;RN;101;81,7;SAO GONCALO DO AMARANTE;Transitar na contramão;Colisão transversal;Com Vítimas Feridas;Anoitecer;Decrescente;Chuva;Dupla;Interseção de Vias;Sim;3;0;1;0;2;0;1;2;-5,767172;-35,2776557;SPRF-RN;DEL02-RN;UOP01-DEL02-RN
666627;11/03/2025;terça-feira;18:30:00;RN;406;169;SAO GONCALO DO AMARANTE;Reação tardia ou ineficiente do condutor;Colisão traseira;Com Vítimas Feridas;Plena Noite;Decrescente;Chuva;Dupla;Interseção de Vias;Não;2;0;0;1;1;0;1;2;-5,757767;-35,300963;SPRF-RN;DEL02-RN;UOP01-DEL02-RN
666628;11/03/2025;terça-feira;16:30:00;AM;319;46;CANUTAMA;Demais falhas na via;Saída de leito carroçável;Com Vítimas Feridas;Pleno dia;Crescente;Céu Claro;Simples;Reta;Não;1;0;0;1;0;0;1;1;-8,363787;-63,956103;SPRF-AM;DEL01-AM;UOP04-DEL01-AM
666629;11/03/2025;terça-feira;18:45:00;GO;414;438;ANAPOLIS;Desrespeitar a preferência no cruzamento;Colisão transversal;Com Vítimas Feridas;Plena Noite;Decrescente;Céu Claro;Simples;"Rotatória;Reta";Sim;2;0;0;1;1;0;1;2;-16,253521;-48,935853;SPRF-GO;DEL02-GO;UOP01-DEL02-GO
666630;11/03/2025;terça-feira;18:45:00;MG;40;749;SANTOS DUMONT;Ausência de reação do condutor;Capotamento;Com Vítimas Feridas;Plena Noite;Crescente;Nublado;Simples;"Declive;Curva";Não;1;0;1;0;0;0;1;1;-21,48611507;-43,53502035;SPRF-MG;DEL05-MG;UOP01-DEL05-MG
666631;11/03/2025;terça-feira;18:00:00;SC;280;170,1;MAFRA;Pista Escorregadia;Tombamento;Com Vítimas Feridas;Amanhecer;Crescente;Chuva;Simples;"Reta;Aclive";Sim;1;0;1;0;0;0;1;1;-26,14102626;-49,8124795;SPRF-SC;DEL06-SC;UOP01-DEL06-SC
666632;11/03/2025;terça-feira;17:20:00;MT;364;271,8;JACIARA;Reação tardia ou ineficiente do condutor;Colisão traseira;Com Vítimas Feridas;Anoitecer;Decrescente;Céu Claro;Dupla;"Reta;Declive";Sim;2;0;1;0;1;0;1;2;-15,969447;-54,959177;SPRF-MT;DEL05-MT;UOP02-DEL05-MT
666633;11/03/2025;terça-feira;17:20:00;RS;470;227;GARIBALDI;Reação tardia ou ineficiente do condutor;Colisão traseira;Com Vítimas Feridas;Pleno dia;Crescente;Céu Claro;Simples;"Reta;Declive";Sim;2;0;1;0;1;0;1;2;-29,26086557;-51,50746286;SPRF-RS;DEL06-RS;UOP01-DEL06-RS
666636;11/03/2025;terça-feira;19:35:00;SP;381;28;ATIBAIA;Chuva;Colisão com objeto;Com Vítimas Feridas;Plena Noite;Crescente;Chuva;Dupla;Reta;Sim;1;0;1;0;0;0;1;1;-23,03560332;-46,55029535;SPRF-SP;DEL03-SP;UOP02-DEL03-SP