id;data_inversa;dia_semana;horario;uf;br;km;municipio;causa_acidente;tipo_acidente;classificacao_acidente;fase_dia;sentido_via;condicao_metereologica;tipo_pista;tracado_via;uso_solo;pessoas;mortos;feridos_leves;feridos_graves;ilesos;ignorados;feridos;veiculos;latitude;longitude;regional;delegacia;uop
666637;11/03/2025;terça-feira;19:00:00;PR;369;505,7;CASCAVEL;Transitar na contramão;Colisão frontal;Sem Vítimas;Plena Noite;Decrescente;Chuva;Simples;"Aclive;Reta";Sim;2;0;0;0;2;0;0;2;-24,94141976;-53,39795753;SPRF-PR;DEL04-PR;UOP01-DEL04-PR
666638;11/03/2025;terça-feira;19:00:00;PA;230;115;MARABA;Reação tardia ou ineficiente do condutor;Queda de ocupante de veículo;Com Vítimas Feridas;Plena Noite;Decrescente;Nublado;Dupla;Rotatória;Sim;2;0;1;0;1;0;1;1;-5,5448238;-49,0752985;SPRF-PA;DEL03-PA;UOP01-DEL03-PA
666639;11/03/2025;terça-feira;18:57:00;ES;101;270;SERRA;Reação tardia ou ineficiente do condutor;Colisão lateral mesmo sentido;Com Vítimas Feridas;Plena Noite;Decrescente;Céu Claro;Múltipla;Reta;Sim;2;0;1;0;1;0;1;2;-20,230644;-40,273011;SPRF-ES;DEL02-ES;UOP01-DEL02-ES
666640;11/03/2025;terça-feira;19:17:00;TO;226;2;AGUIARNOPOLIS;Suicídio (presumido);Atropelamento de Pedestre;Com Vítimas Fatais;Plena Noite;Crescente;Chuva;Simples;Declive;Sim;4;1;0;0;1;2;0;2;-6,563672;-47,47571;SPRF-TO;DEL02-TO;UOP03-DEL02-TO
666641;11/03/2025;terça-feira;16:15:00;RS;386;136;SARANDI;Desrespeitar a preferência no cruzamento;Colisão frontal;Com Vítimas Feridas;Pleno dia;Decrescente;Nublado;Simples;Reta;Sim;2;0;1;0;1;0;1;2;-27,965652;-52,908312;SPRF-RS;DEL08-RS;UOP01-DEL08-RS
666642;11/03/2025;terça-feira;19:10:00;MG;40;547,1;NOVA LIMA;Manobra de mudança de faixa;Colisão lateral mesmo sentido;Com Vítimas Feridas;Plena Noite;Decrescente;Nublado;Dupla;Curva;Não;2;0;1;0;1;0;1;2;-20,02484695;-43,96930218;SPRF-MG;DEL01-MG;UOP02-DEL01-MG
666644;11/03/2025;terça-feira;20:00:00;SC;101;186,5;BIGUACU;Manobra de mudança de faixa;Colisão traseira;Com Vítimas Feridas;Plena Noite;Crescente;Céu Claro;Dupla;Reta;Sim;3;0;1;0;2;0;1;2;-27,43546992;-48,6258316;SPRF-SC;DEL01-SC;UOP01-DEL01-SC
666646;11/03/2025;terça-feira;15:30:00;PR;277;336,8;GUARAPUAVA;Ausência de reação do condutor;Saída de leito carroçável;Com Vítimas Feridas;Pleno dia;Crescente;Chuva;Dupla;Curva;Não;4;0;4;0;0;0;4;1;-25,33948185;-51,41713019;SPRF-PR;DEL08-PR;UOP01-DEL08-PR
666647;11/03/2025;terça-feira;19:15:00;MG;116;515,6;UBAPORANGA;Suicídio (presumido);Colisão traseira;Com Vítimas Feridas;Plena Noite;Decrescente;Céu Claro;Simples;Reta;Não;3;0;0;1;2;0;1;3;-19,695964;-42,117194;SPRF-MG;DEL06-MG;UOP02-DEL06-MG
666648;11/03/2025;terça-feira;19:20:00;RS;116;150,3;CAXIAS DO SUL;Manobra de mudança de faixa;Colisão lateral mesmo sentido;Com Vítimas Feridas;Plena Noite;Decrescente;Céu Claro;Dupla;Reta;Sim;3;0;1;0;2;0;1;3;-29,17196912;-51,16025627;SPRF-RS;DEL05-RS;UOP01-DEL05-RS
666649;11/03/2025;terça-feira;14:30:00;PR;277;5;PARANAGUA;Manobra de mudança de faixa;Colisão lateral mesmo sentido;Com Vítimas Feridas;Pleno dia;Crescente;Céu Claro;Dupla;Reta;Sim;3;0;2;0;1;0;2;2;-25,52955735;-48,52847692;SPRF-PR;DEL01-PR;UOP05-DEL01-PR
666650;11/03/2025;terça-feira;20:00:00;PR;476;198;LAPA;Acessar a via sem observar a presença dos outros veículos;Colisão transversal;Com Vítimas Feridas;Plena Noite;Crescente;Chuva;Simples;"Reta;Declive";Não;2;0;2;0;0;0;2;2;-25,76783;-49,740885;SPRF-PR;DEL01-PR;UOP06-DEL01-PR
666651;11/03/2025;terça-feira;20:30:00;RJ;40;52,5;PETROPOLIS;Acesso irregular;Colisão transversal;Com Vítimas Feridas;Plena Noite;Decrescente;Céu Claro;Dupla;Reta;Não;5;0;0;1;4;0;1;2;-22,2855168;-43,1259648;SPRF-RJ;DEL05-RJ;UOP02-DEL05-RJ
666652;11/03/2025;terça-feira;17:35:00;SC;480;124,5;CHAPECO;Ingestão de álcool pelo condutor;Colisão com objeto;Sem Vítimas;Pleno dia;Decrescente;Nublado;Dupla;Reta;Sim;1;0;0;0;1;0;0;1;-27,01099463;-52,63998159;SPRF-SC;DEL07-SC;UOP01-DEL07-SC
666653;11/03/2025;terça-feira;20:35:00;GO;40;62,7;CRISTALINA;Chuva;Saída de leito carroçável;Com Vítimas Feridas;Plena Noite;Decrescente;Chuva;Simples;"Declive;Curva";Não;1;0;1;0;0;0;1;1;-16,54503;-47,78841;SPRF-DF;DEL01-DF;UOP02-DEL01-DF
666655;11/03/2025;terça-feira;21:45:00;SC;116;209,9;PONTE ALTA;Chuva;Saída de leito carroçável;Sem Vítimas;Plena Noite;Crescente;Chuva;Simples;Reta;Não;1;0;0;0;1;0;0;1;-27,502784;-50,365795;SPRF-SC;DEL05-SC;UOP03-DEL05-SC
666656;11/03/2025;terça-feira;22:30:00;SC;101;200,9;SAO JOSE;Acesso irregular;Colisão transversal;Com Vítimas Feridas;Plena Noite;Crescente;Ignorado;Múltipla;Declive;Sim;3;0;1;0;2;0;1;2;-27,53918327;-48,62342466;SPRF-SC;DEL01-SC;UOP01-DEL01-SC
666657;11/03/2025;terça-feira;23:00:00;PB;230;26;JOAO PESSOA;Manobra de mudança de faixa;Colisão traseira;Com Vítimas Feridas;Plena Noite;Decrescente;Céu Claro;Dupla;Reta;Sim;2;0;1;0;1;0;1;2;-7,1692331;-34,8795932;SPRF-PB;DEL01-PB;UOP01-DEL01-PB
666658;11/03/2025;terça-feira;20:50:00;BA;235;350,8;JUAZEIRO;Conversão proibida;Colisão transversal;Com Vítimas Feridas;Plena Noite;Crescente;Céu Claro;Simples;Reta;Sim;2;0;1;0;1;0;1;2;-9,428942;-40,504222;SPRF-PE;DEL06-PE;UOP01-DEL06-PE
666659;11/03/2025;terça-feira;22:50:00;GO;70;6;AGUAS LINDAS DE GOIAS;Acesso irregular;Colisão transversal;Com Vítimas Feridas;Plena Noite;Crescente;Céu Claro;Dupla;Reta;Sim;2;0;2;0;0;0;2;2;-15,75285852;-48,25891798;SPRF-DF;DEL03-DF;UOP02-DEL03-DF
666660;11/03/2025;terça-feira;22:40:00;ES;101;273,4;SERRA;Transitar na contramão;Colisão frontal;Com Vítimas Feridas;Plena Noite;Decrescente;Céu Claro;Múltipla;"Reta;Declive";Não;2;0;0;1;0;1;1;2;-20,21683;-40,29342;SPRF-ES;DEL02-ES;UOP01-DEL02-ES
666661;12/03/2025;quarta-feira;00:10:00;SP;116;455;REGISTRO;Ausência de reação do condutor;Atropelamento de Pedestre;Com Vítimas Feridas;Plena Noite;Crescente;Céu Claro;Dupla;Reta;Não;2;0;0;1;0;1;1;2;-24,57715877;-47,88439608;SPRF-SP;DEL05-SP;UOP01-DEL05-SP
666662;11/03/2025;terça-feira;20:17:00;AC;364;20;ACRELANDIA;Reação tardia ou ineficiente do condutor;Colisão traseira;Com Vítimas Fatais;Plena Noite;Decrescente;Céu Claro;Simples;"Declive;Reta";Não;2;1;0;0;0;1;0;2;-9,8969335;-66,94138527;SPRF-AC;DEL01-AC;UOP03-DEL01-AC
666663;11/03/2025;terça-feira;22:30:00;GO;60;83,2;ANAPOLIS;Acumulo de água sobre o pavimento;Saída de leito carroçável;Com Vítimas Fatais;Plena Noite;Decrescente;Chuva;Dupla;"Declive;Curva";Não;1;1;0;0;0;0;0;1;-16,314673;-48,842404;SPRF-GO;DEL02-GO;UOP01-DEL02-GO
666664;12/03/2025;quarta-feira;01:40:00;PR;369;197,7;APUCARANA;Mal súbito do condutor;Colisão com objeto;Com Vítimas Feridas;Plena Noite;Crescente;Céu Claro;Dupla;Curva;Sim;1;0;1;0;0;0;1;1;-23,519366;-51,429892;SPRF-PR;DEL07-PR;UOP03-DEL07-PR
666665;11/03/2025;terça-feira;23:26:00;RO;319;51;PORTO VELHO;Iluminação deficiente;Colisão frontal;Com Vítimas Feridas;Plena Noite;Decrescente;Céu Claro;Simples;Reta;Não;2;0;2;0;0;0;2;2;-8,67664747;-63,99511993;SPRF-RO;DEL01-RO;UOP01-DEL01-RO
666667;12/03/2025;quarta-feira;03:00:00;GO;414;323,9;COCALZINHO DE GOIAS;Reação tardia ou ineficiente do condutor;Saída de leito carroçável;Com Vítimas Feridas;Plena Noite;Decrescente;Chuva;Simples;Reta;Não;5;0;4;0;1;0;4;1;-15,414041;-48,625805;SPRF-GO;DEL02-GO;UOP01-DEL02-GO
666669;12/03/2025;quarta-feira;04:35:00;SC;101;101;TIJUCAS;Condutor deixou de manter distância do veículo da frente;Colisão traseira;Com Vítimas Feridas;Plena Noite;Decrescente;Céu Claro;Dupla;Reta;Não;3;0;1;0;2;0;1;3;-27,30084454;-48,63126576;SPRF-SC;DEL03-SC;UOP02-DEL03-SC
666673;11/03/2025;terça-feira;22:40:00;SC;101;213,9;PALHOCA;Pedestre cruzava a pista fora da faixa;Atropelamento de Pedestre;Com Vítimas Feridas;Plena Noite;Decrescente;Garoa/Chuvisco;Múltipla;"Reta;Interseção de Vias";Sim;3;0;0;1;0;2;1;2;-27,64367;-48,67023;SPRF-SC;DEL01-SC;UOP02-DEL01-SC
666674;12/03/2025;quarta-feira;05:30:00;TO;230;2;AGUIARNOPOLIS;Animais na Pista;Atropelamento de Animal;Com Vítimas Feridas;Amanhecer;Crescente;Nublado;Simples;Reta;Não;6;0;4;0;2;0;4;1;-6,54774;-47,482217;SPRF-TO;DEL02-TO;UOP03-DEL02-TO
666677;12/03/2025;quarta-feira;05:40:00;MG;40;517;RIBEIRAO DAS NEVES;Transitar no Acostamento;Colisão transversal;Com Vítimas Feridas;Amanhecer;Crescente;Céu Claro;Dupla;"Reta;Retorno Regulamentado";Sim;3;0;1;0;2;0;1;2;-19,82958327;-44,08357501;SPRF-MG;DEL01-MG;UOP02-DEL01-MG
666678;11/03/2025;terça-feira;20:30:00;BA;116;915,8;ENCRUZILHADA;Reação tardia ou ineficiente do condutor;Saída de leito carroçável;Com Vítimas Feridas;Plena Noite;Decrescente;Céu Claro;Simples;Reta;Não;2;0;2;0;0;0;2;1;-15,561488;-41,265305;SPRF-BA;DEL08-BA;UOP03-DEL08-BA
666679;12/03/2025;quarta-feira;06:30:00;MG;381;483,1;BETIM;Demais falhas mecânicas ou elétricas;Tombamento;Com Vítimas Feridas;Pleno dia;Decrescente;Céu Claro;Dupla;Declive;Sim;2;0;2;0;0;0;2;1;-19,9597093;-44,08237338;SPRF-MG;DEL01-MG;UOP03-DEL01-MG
666681;12/03/2025;quarta-feira;05:40:00;GO;60;455;JATAI;Ausência de reação do condutor;Colisão traseira;Com Vítimas Feridas;Amanhecer;Decrescente;Ignorado;Dupla;Reta;Não;2;0;1;0;1;0;1;2;-17,866632;-51,579115;SPRF-GO;DEL05-GO;UOP01-DEL05-GO
666682;12/03/2025;quarta-feira;01:20:00;SP;381;27;ATIBAIA;Ausência de reação do condutor;Saída de leito carroçável;Sem Vítimas;Plena Noite;Decrescente;Chuva;Dupla;Reta;Sim;1;0;0;0;0;1;0;1;-23,04491445;-46,561596;SPRF-SP;DEL03-SP;UOP02-DEL03-SP
666685;12/03/2025;quarta-feira;04:30:00;SP;381;85;SAO PAULO;Acessar a via sem observar a presença dos outros veículos;Atropelamento de Pedestre;Com Vítimas Feridas;Plena Noite;Crescente;Céu Claro;Dupla;Reta;Sim;2;0;1;0;0;1;1;2;-23,46666137;-46,57158136;SPRF-SP;DEL03-SP;UOP01-DEL03-SP
666686;12/03/2025;quarta-feira;06:50:00;BA;116;818;VITORIA DA CONQUISTA;Desrespeitar a preferência no cruzamento;Colisão transversal;Com Vítimas Fatais;Pleno dia;Decrescente;Céu Claro;Simples;"Reta;Interseção de Vias";Não;2;1;0;0;1;0;0;2;-14,823411;-40,818285;SPRF-BA;DEL08-BA;UOP01-DEL08-BA
666687;12/03/2025;quarta-feira;07:14:00;ES;447;14;VILA VELHA;Falta de acostamento;Colisão lateral mesmo sentido;Com Vítimas Fatais;Pleno dia;Decrescente;Céu Claro;Dupla;Reta;Sim;2;1;0;0;1;0;0;2;-20,3520306;-40,33355713;SPRF-ES;DEL01-ES;UOP01-DEL01-ES
666690;12/03/2025;quarta-feira;07:18:00;CE;116;17;EUSEBIO;Ausência de reação do condutor;Colisão traseira;Com Vítimas Feridas;Pleno dia;Decrescente;Céu Claro;Dupla;"Aclive;Reta";Sim;2;0;1;0;1;0;1;2;-3,901253;-38,504148;SPRF-CE;DEL01-CE;UOP02-DEL01-CE
666691;12/03/2025;quarta-feira;07:29:00;PE;101;65;RECIFE;Reação tardia ou ineficiente do condutor;Colisão traseira;Com Vítimas Feridas;Pleno dia;Crescente;Céu Claro;Dupla;Reta;Sim;2;0;1;0;1;0;1;2;-8,02870896;-34,94312167;SPRF-PE;DEL01-PE;UOP01-DEL01-PE
666693;12/03/2025;quarta-feira;07:17:00;DF;70;8;BRASILIA;Manobra de mudança de faixa;Colisão lateral mesmo sentido;Com Vítimas Feridas;Pleno dia;Decrescente;Céu Claro;Múltipla;Reta;Sim;2;0;1;0;1;0;1;2;-15,78439695;-48,12317491;SPRF-DF;DEL03-DF;UOP02-DEL03-DF
666694;12/03/2025;quarta-feira;07:19:00;PB;101;82,9;BAYEUX;Acessar a via sem observar a presença dos outros veículos;Colisão lateral mesmo sentido;Com Vítimas Feridas;Pleno dia;Crescente;Sol;Dupla;Viaduto;Sim;3;0;2;0;0;1;2;2;-7,13143;-34,932808;SPRF-PB;DEL01-PB;UOP01-DEL01-PB
666697;12/03/2025;quarta-feira;05:30:00;GO;20;97;VILA BOA;Ultrapassagem Indevida;Colisão frontal;Sem Vítimas;Amanhecer;Decrescente;Céu Claro;Simples;Reta;Não;6;0;0;0;6;0;0;2;-14,966912;-47,009011;SPRF-DF;DEL02-DF;UOP02-DEL02-DF
666698;12/03/2025;quarta-feira;07:50:00;SC;101;210,8;SAO JOSE;Trafegar com motocicleta (ou similar) entre as faixas;Colisão traseira;Com Vítimas Feridas;Pleno dia;Decrescente;Sol;Múltipla;Reta;Sim;2;0;1;0;1;0;1;2;-27,62235;-48,65121;SPRF-SC;DEL01-SC;UOP01-DEL01-SC
666699;12/03/2025;quarta-feira;07:25:00;PE;232;492;VERDEJANTE;Demais falhas mecânicas ou elétricas;Capotamento;Com Vítimas Feridas;Pleno dia;Decrescente;Céu Claro;Simples;Reta;Não;1;0;0;1;0;0;1;1;-8,01697813;-39,02372396;SPRF-PE;DEL05-PE;UOP01-DEL05-PE
666703;12/03/2025;quarta-feira;06:10:00;BA;324;586,8;CANDEIAS;Ausência de reação do condutor;Saída de leito carroçável;Com Vítimas Feridas;Pleno dia;Decrescente;Céu Claro;Dupla;Reta;Não;2;0;2;0;0;0;2;1;-12,6594177;-38,4714091;SPRF-BA;DEL01-BA;UOP01-DEL01-BA
666704;12/03/2025;quarta-feira;07:00:00;SC;470;105;APIUNA;Ausência de reação do condutor;Saída de leito carroçável;Com Vítimas Feridas;Pleno dia;Decrescente;Céu Claro;Simples;Curva;Não;3;0;3;0;0;0;3;1;-27,07414076;-49,38793704;SPRF-SC;DEL04-SC;UOP02-DEL04-SC
666705;12/03/2025;quarta-feira;06:50:00;PB;230;504,9;CAJAZEIRAS;Ausência de reação do condutor;Colisão traseira;Com Vítimas Feridas;Pleno dia;Decrescente;Céu Claro;Simples;Reta;Sim;2;0;1;0;1;0;1;2;-6,902047;-38,562227;SPRF-PB;DEL03-PB;UOP03-DEL03-PB
666706;12/03/2025;quarta-feira;08:00:00;PR;158;536,8;PATO BRANCO;Transitar na contramão;Colisão frontal;Com Vítimas Feridas;Pleno dia;Decrescente;Céu Claro;Simples;Reta;Sim;3;0;1;0;2;0;1;2;-26,24558;-52,70089833;SPRF-PR;DEL02-PR;UOP01-DEL02-PR
666707;12/03/2025;quarta-feira;08:10:00;RJ;101;306;SAO GONCALO;Manobra de mudança de faixa;Colisão lateral mesmo sentido;Com Vítimas Feridas;Pleno dia;Crescente;Nublado;Dupla;Reta;Não;2;0;1;0;1;0;1;2;-22,7934208;-43,0309376;SPRF-RJ;DEL02-RJ;UOP02-DEL02-RJ
666708;12/03/2025;quarta-feira;06:45:00;RS;290;127;ELDORADO DO SUL;Transitar na contramão;Colisão frontal;Com Vítimas Fatais;Pleno dia;Crescente;Céu Claro;Simples;Reta;Não;3;1;1;0;1;0;1;2;-30,05676;-51,485988;SPRF-RS;DEL02-RS;UOP01-DEL02-RS
666710;12/03/2025;quarta-feira;06:40:00;PR;376;100;PARANAVAI;Ultrapassagem Indevida;Colisão lateral sentido oposto;Com Vítimas Fatais;Pleno dia;Crescente;Sol;Simples;"Reta;Aclive";Não;2;1;0;0;1;0;0;2;-23,033194;-52,480379;SPRF-PR;DEL09-PR;UOP02-DEL09-PR
666711;12/03/2025;quarta-feira;08:30:00;SC;101;122;ITAJAI;Acessar a via sem observar a presença dos outros veículos;Colisão lateral mesmo sentido;Com Vítimas Feridas;Pleno dia;Crescente;Céu Claro;Dupla;"Reta;Interseção de Vias";Sim;2;0;1;0;1;0;1;2;-26,93780023;-48,69884491;SPRF-SC;DEL04-SC;UOP04-DEL04-SC
666713;12/03/2025;quarta-feira;06:00:00;AL;316;82;SANTANA DO IPANEMA;Reação tardia ou ineficiente do condutor;Colisão traseira;Com Vítimas Feridas;Pleno dia;Crescente;Sol;Simples;Aclive;Sim;2;0;0;1;1;0;1;2;-9,366682;-37,257226;SPRF-AL;DEL03-AL;UOP02-DEL03-AL
666716;12/03/2025;quarta-feira;08:30:00;SE;235;55;ITABAIANA;Acesso irregular;Colisão transversal;Com Vítimas Feridas;Pleno dia;Decrescente;Céu Claro;Simples;Reta;Não;4;0;2;1;1;0;3;2;-10,67051455;-37,44509763;SPRF-SE;DEL01-SE;UOP02-DEL01-SE
666719;12/03/2025;quarta-feira;09:30:00;DF;70;6;BRASILIA;Acumulo de óleo sobre o pavimento;Queda de ocupante de veículo;Com Vítimas Feridas;Pleno dia;Decrescente;Céu Claro;Dupla;Reta;Sim;1;0;1;0;0;0;1;1;-15,78946046;-48,11054522;SPRF-DF;DEL03-DF;UOP02-DEL03-DF
666720;12/02/2025;quarta-feira;17:20:00;ES;101;142;LINHARES;Manobra de mudança de faixa;Colisão lateral mesmo sentido;Com Vítimas Feridas;Pleno dia;Crescente;Céu Claro;Múltipla;Reta;Sim;2;0;0;1;1;0;1;2;-19,33458987;-40,06755477;SPRF-ES;DEL04-ES;UOP01-DEL04-ES
666721;12/03/2025;quarta-feira;06:50:00;PR;153;335;IRATI;Acessar a via sem observar a presença dos outros veículos;Colisão frontal;Com Vítimas Feridas;Amanhecer;Decrescente;Céu Claro;Simples;"Reta;Interseção de Vias;Declive";Sim;2;0;0;1;1;0;1;2;-25,49479591;-50,64724799;SPRF-PR;DEL08-PR;UOP02-DEL08-PR
666724;21/02/2025;sexta-feira;18:00:00;DF;20;24;BRASILIA;Manobra de mudança de faixa;Colisão lateral mesmo sentido;Com Vítimas Feridas;Anoitecer;Crescente;Céu Claro;Dupla;"Curva;Aclive";Não;1;0;0;1;0;0;1;1;-15,594957;-47,656666;SPRF-DF;DEL02-DF;UOP01-DEL02-DF
666726;12/03/2025;quarta-feira;07:20:00;RS;470;153,3;NOVA PRATA;Acessar a via sem observar a presença dos outros veículos;Tombamento;Com Vítimas Feridas;Pleno dia;Crescente;Nublado;Simples;"Reta;Aclive";Não;2;0;1;0;1;0;1;2;-28,76327644;-51,62527084;SPRF-RS;DEL06-RS;UOP02-DEL06-RS
666728;12/03/2025;quarta-feira;10:00:00;SP;116;221;GUARULHOS;Trafegar com motocicleta (ou similar) entre as faixas;Colisão lateral mesmo sentido;Com Vítimas Feridas;Pleno dia;Crescente;Céu Claro;Múltipla;"Em Obras;Reta";Sim;2;0;1;0;0;1;1;2;-23,46942854;-46,51358891;SPRF-SP;DEL01-SP;UOP01-DEL01-SP
666731;12/03/2025;quarta-feira;10:00:00;PR;369;187;ARAPONGAS;Ausência de reação do condutor;Tombamento;Com Vítimas Feridas;Pleno dia;Crescente;Céu Claro;Simples;"Reta;Rotatória";Sim;1;0;1;0;0;0;1;1;-23,41755758;-51,42664254;SPRF-PR;DEL07-PR;UOP03-DEL07-PR
666735;20/02/2025;quinta-feira;15:56:00;PR;116;211,2;RIO NEGRO;Condutor deixou de manter distância do veículo da frente;Colisão traseira;Sem Vítimas;Pleno dia;Decrescente;Sol;Simples;Interseção de Vias;Sim;3;0;0;0;3;0;0;2;-26,099529;-49,780484;SPRF-SC;DEL06-SC;UOP01-DEL06-SC
666736;12/03/2025;quarta-feira;09:07:00;RO;364;426;JARU;Ausência de reação do condutor;Queda de ocupante de veículo;Com Vítimas Feridas;Pleno dia;Decrescente;Sol;Dupla;Reta;Sim;1;0;1;0;0;0;1;1;-10,429732;-62,484137;SPRF-RO;DEL03-RO;UOP02-DEL03-RO
666740;12/03/2025;quarta-feira;11:35:00;CE;116;501;BREJO SANTO;Conversão proibida;Colisão traseira;Com Vítimas Feridas;Pleno dia;Crescente;Sol;Simples;"Declive;Reta";Sim;4;0;0;2;2;0;2;3;-7,47959126;-38,9815414;SPRF-CE;DEL05-CE;UOP03-DEL05-CE
666743;12/03/2025;quarta-feira;10:30:00;RS;293;139;CANDIOTA;Animais na Pista;Capotamento;Sem Vítimas;Pleno dia;Crescente;Céu Claro;Simples;"Reta;Declive";Não;2;0;0;0;2;0;0;1;-31,45581;-53,674352;SPRF-RS;DEL11-RS;UOP03-DEL11-RS
666744;12/03/2025;quarta-feira;12:10:00;SC;101;117;ITAJAI;Velocidade Incompatível;Colisão frontal;Com Vítimas Feridas;Pleno dia;Decrescente;Céu Claro;Múltipla;Reta;Sim;2;0;0;1;1;0;1;2;-26,8894638;-48,72108912;SPRF-SC;DEL04-SC;UOP04-DEL04-SC
666746;12/03/2025;quarta-feira;11:25:00;RJ;116;184;NOVA IGUACU;Demais falhas mecânicas ou elétricas;Incêndio;Sem Vítimas;Pleno dia;Decrescente;Céu Claro;Dupla;Reta;Sim;1;0;0;0;1;0;0;1;-22,7531421;-43,4366839;SPRF-RJ;DEL06-RJ;UOP01-DEL06-RJ
666747;12/03/2025;quarta-feira;11:15:00;MT;163;690;LUCAS DO RIO VERDE;Acessar a via sem observar a presença dos outros veículos;Colisão transversal;Com Vítimas Feridas;Pleno dia;Decrescente;Céu Claro;Simples;Reta;Sim;2;0;1;0;1;0;1;2;-13,05658017;-55,91396213;SPRF-MT;DEL06-MT;UOP01-DEL06-MT
666748;12/03/2025;quarta-feira;08:30:00;PI;316;309;PICOS;Condutor deixou de manter distância do veículo da frente;Colisão traseira;Com Vítimas Feridas;Pleno dia;Decrescente;Céu Claro;Simples;"Declive;Reta";Sim;2;0;0;1;1;0;1;2;-7,07755485;-41,48222923;SPRF-PI;DEL04-PI;UOP01-DEL04-PI
666749;12/03/2025;quarta-feira;11:15:00;GO;364;120;APARECIDA DO RIO DOCE;Carga excessiva e/ou mal acondicionada;Capotamento;Sem Vítimas;Pleno dia;Decrescente;Céu Claro;Simples;Reta;Não;1;0;0;0;1;0;0;1;-18,28068;-51,19629;SPRF-GO;DEL05-GO;UOP02-DEL05-GO
666750;12/03/2025;quarta-feira;12:41:00;ES;101;297;CARIACICA;Ausência de reação do condutor;Tombamento;Com Vítimas Feridas;Pleno dia;Crescente;Céu Claro;Dupla;Reta;Sim;1;0;1;0;0;0;1;1;-20,348363;-40,411917;SPRF-ES;DEL01-ES;UOP01-DEL01-ES
666751;12/03/2025;quarta-feira;09:15:00;PI;343;341,1;TERESINA;Carga excessiva e/ou mal acondicionada;Colisão com objeto;Com Vítimas Feridas;Pleno dia;Crescente;Céu Claro;Dupla;"Aclive;Reta";Sim;1;0;0;1;0;0;1;1;-5,07754166;-42,74574833;SPRF-PI;DEL01-PI;UOP01-DEL01-PI
666754;12/03/2025;quarta-feira;12:45:00;MG;381;480;CONTAGEM;Ausência de reação do condutor;Atropelamento de Pedestre;Com Vítimas Fatais;Pleno dia;Crescente;Céu Claro;Dupla;"Reta;Declive";Sim;2;1;0;0;1;0;0;2;-19,96140945;-44,05208588;SPRF-MG;DEL01-MG;UOP03-DEL01-MG
666755;12/03/2025;quarta-feira;13:15:00;GO;60;89;ANAPOLIS;Acessar a via sem observar a presença dos outros veículos;Colisão transversal;Sem Vítimas;Pleno dia;Crescente;Sol;Dupla;"Reta;Retorno Regulamentado";Sim;3;0;0;0;3;0;0;2;-16,33400222;-48,89257431;SPRF-GO;DEL02-GO;UOP01-DEL02-GO
666756;12/03/2025;quarta-feira;12:20:00;RJ;116;141;MAGE;Transtornos Mentais (exceto suicidio);Colisão com objeto;Com Vítimas Feridas;Pleno dia;Crescente;Céu Claro;Dupla;Reta;Não;1;0;1;0;0;0;1;1;-22,64684354;-43,1919729;SPRF-RJ;DEL01-RJ;UOP02-DEL01-RJ
666758;12/03/2025;quarta-feira;13:00:00;SC;101;199;SAO JOSE;Manobra de mudança de faixa;Colisão transversal;Com Vítimas Feridas;Pleno dia;Crescente;Céu Claro;Simples;Reta;Sim;4;0;1;0;3;0;1;3;-27,5326698;-48,6314275;SPRF-SC;DEL01-SC;UOP01-DEL01-SC
666759;12/02/2025;quarta-feira;06:30:00;MG;40;521,5;CONTAGEM;Trafegar com motocicleta (ou similar) entre as faixas;Tombamento;Com Vítimas Feridas;Pleno dia;Crescente;Céu Claro;Dupla;Curva;Não;1;0;1;0;0;0;1;1;-19,86053;-44,0712;SPRF-MG;DEL01-MG;UOP02-DEL01-MG
666760;12/03/2025;quarta-feira;11:40:00;ES;262;34;DOMINGOS MARTINS;Condutor deixou de manter distância do veículo da frente;Colisão traseira;Com Vítimas Feridas;Pleno dia;Crescente;Sol;Simples;Curva;Não;2;0;1;0;0;1;1;2;-20,3728647;-40,5922998;SPRF-ES;DEL01-ES;UOP01-DEL01-ES
666762;12/03/2025;quarta-feira;13:10:00;SC;282;18,4;PALHOCA;Acessar a via sem observar a presença dos outros veículos;Colisão transversal;Com Vítimas Feridas;Pleno dia;Decrescente;Nublado;Simples;Interseção de Vias;Sim;2;0;2;0;0;0;2;2;-27,675778;-48,698245;SPRF-SC;DEL01-SC;UOP02-DEL01-SC
666763;04/03/2025;terça-feira;16:30:00;AM;230;605;HUMAITA;Pista Escorregadia;Saída de leito carroçável;Sem Vítimas;Pleno dia;Crescente;Nublado;Simples;Reta;Não;3;0;0;0;3;0;0;1;-7,4876548;-62,9667201;SPRF-AM;DEL02-AM;UOP01-DEL02-AM
666764;12/03/2025;quarta-feira;13:30:00;SP;116;230;SAO PAULO;Demais falhas mecânicas ou elétricas;Incêndio;Sem Vítimas;Pleno dia;Decrescente;Céu Claro;Múltipla;Reta;Sim;1;0;0;0;1;0;0;1;-23,5185989;-46,58148224;SPRF-SP;DEL01-SP;UOP01-DEL01-SP
666766;21/02/2025;sexta-feira;21:15:00;RJ;0;0;RIO DE JANEIRO;Reação tardia ou ineficiente do condutor;Colisão traseira;Sem Vítimas;Plena Noite;Não Informado;Céu Claro;Simples;Declive;Sim;7;0;0;0;7;0;0;2;-22,806135;-43,355273;SPRF-RJ;N/A;N/A