id;data_inversa;dia_semana;horario;uf;br;km;municipio;causa_acidente;tipo_acidente;classificacao_acidente;fase_dia;sentido_via;condicao_metereologica;tipo_pista;tracado_via;uso_solo;pessoas;mortos;feridos_leves;feridos_graves;ilesos;ignorados;feridos;veiculos;latitude;longitude;regional;delegacia;uop
666768;12/03/2025;quarta-feira;14:30:00;DF;70;11;BRASILIA;Chuva;Tombamento;Com Vítimas Feridas;Pleno dia;Decrescente;Chuva;Dupla;Reta;Sim;1;0;1;0;0;0;1;1;-15,789945;-48,148889;SPRF-DF;DEL03-DF;UOP02-DEL03-DF
666770;12/03/2025;quarta-feira;13:20:00;RJ;356;26;ITAPERUNA;Acessar a via sem observar a presença dos outros veículos;Colisão transversal;Com Vítimas Feridas;Pleno dia;Decrescente;Sol;Simples;"Interseção de Vias;Reta;Rotatória";Não;3;0;1;0;2;0;1;2;-21,18007505;-41,95432484;SPRF-RJ;DEL08-RJ;UOP03-DEL08-RJ
666771;12/03/2025;quarta-feira;14:00:00;DF;20;15,5;BRASILIA;Velocidade Incompatível;Tombamento;Com Vítimas Feridas;Pleno dia;Crescente;Chuva;Dupla;"Reta;Declive";Não;1;0;1;0;0;0;1;1;-15,6288548;-47,730253;SPRF-DF;DEL02-DF;UOP01-DEL02-DF
666775;12/03/2025;quarta-feira;11:40:00;PR;277;271;IRATI;Ausência de reação do condutor;Tombamento;Com Vítimas Feridas;Pleno dia;Decrescente;Céu Claro;Simples;Reta;Não;1;0;1;0;0;0;1;1;-25,36903;-50,9042957;SPRF-PR;DEL08-PR;UOP02-DEL08-PR
666776;12/03/2025;quarta-feira;15:23:00;PE;232;54,1;POMBOS;Estacionar ou parar em local proibido;Colisão traseira;Com Vítimas Feridas;Pleno dia;Crescente;Sol;Dupla;Curva;Não;2;0;1;0;1;0;1;2;-8,13014868;-35,35947377;SPRF-PE;DEL02-PE;UOP02-DEL02PE
666778;12/03/2025;quarta-feira;10:00:00;MS;158;14;CASSILANDIA;Reação tardia ou ineficiente do condutor;Colisão traseira;Com Vítimas Feridas;Pleno dia;Crescente;Céu Claro;Simples;Reta;Não;2;0;1;0;1;0;1;2;-19,160467;-51,643406;SPRF-MS;DEL08-MS;UOP01-DEL08-MS
666779;12/03/2025;quarta-feira;13:20:00;MG;262;810,8;UBERABA;Reação tardia ou ineficiente do condutor;Colisão lateral mesmo sentido;Com Vítimas Feridas;Pleno dia;Decrescente;Sol;Dupla;Reta;Sim;2;0;1;0;1;0;1;2;-19,76942963;-47,98124313;SPRF-MG;DEL13-MG;UOP01-DEL13-MG
666780;26/02/2025;quarta-feira;11:00:00;MS;267;590;CARACOL;Ausência de reação do condutor;Saída de leito carroçável;Sem Vítimas;Pleno dia;Crescente;Chuva;Simples;"Curva;Declive";Não;1;0;0;0;0;1;0;1;-21,732919;-57,024824;SPRF-MS;DEL05-MS;UOP01-DEL05-MS
666782;12/03/2025;quarta-feira;15:35:00;PR;469;12,9;FOZ DO IGUACU;Condutor deixou de manter distância do veículo da frente;Colisão traseira;Com Vítimas Feridas;Pleno dia;Crescente;Céu Claro;Simples;Reta;Sim;3;0;1;0;2;0;1;2;-25,57756071;-54,54262191;SPRF-PR;DEL05-PR;UOP04-DEL05-PR
666785;12/03/2025;quarta-feira;14:00:00;PR;476;350;UNIAO DA VITORIA;Velocidade Incompatível;Colisão traseira;Com Vítimas Feridas;Pleno dia;Crescente;Céu Claro;Simples;Reta;Não;6;0;1;0;5;0;1;6;-26,19826532;-50,99475861;SPRF-PR;DEL02-PR;UOP03-DEL02-PR
666787;24/02/2025;segunda-feira;13:19:00;MG;116;701,8;MURIAE;Acessar a via sem observar a presença dos outros veículos;Colisão transversal;Com Vítimas Feridas;Pleno dia;Decrescente;Nublado;Simples;Interseção de Vias;Sim;3;0;2;0;1;0;2;2;-21,11981764;-42,38004154;SPRF-MG;DEL07-MG;UOP02-DEL07-MG
666788;12/03/2025;quarta-feira;15:50:00;PI;343;345;TERESINA;Acessar a via sem observar a presença dos outros veículos;Colisão transversal;Com Vítimas Feridas;Pleno dia;Decrescente;Céu Claro;Simples;Reta;Sim;2;0;1;0;0;1;1;2;-5,106375;-42,7675364;SPRF-PI;DEL01-PI;UOP01-DEL01-PI
666789;12/03/2025;quarta-feira;16:30:00;SC;101;201,5;SAO JOSE;Reação tardia ou ineficiente do condutor;Queda de ocupante de veículo;Com Vítimas Feridas;Pleno dia;Decrescente;Céu Claro;Múltipla;Reta;Sim;1;0;1;0;0;0;1;1;-27,55373319;-48,61911351;SPRF-SC;DEL01-SC;UOP01-DEL01-SC
666791;12/03/2025;quarta-feira;13:30:00;PA;222;38,3;DOM ELISEU;Acessar a via sem observar a presença dos outros veículos;Colisão traseira;Com Vítimas Feridas;Pleno dia;Decrescente;Sol;Simples;Reta;Não;2;0;1;0;1;0;1;2;-4,32319;-47,734011;SPRF-PA;DEL02-PA;UOP02-DEL02-PA
666795;12/03/2025;quarta-feira;15:43:00;MT;174;16;COMODORO;Condutor deixou de manter distância do veículo da frente;Colisão traseira;Com Vítimas Feridas;Pleno dia;Crescente;Céu Claro;Simples;Reta;Sim;2;0;1;0;1;0;1;2;-12,8330066;-60,0746113;SPRF-MT;DEL03-MT;UOP01-DEL03-MT
666796;22/02/2025;sábado;05:30:00;RS;116;265;CANOAS;Demais falhas mecânicas ou elétricas;Eventos atípicos;Sem Vítimas;Plena Noite;Decrescente;Céu Claro;Dupla;Reta;Sim;2;0;0;0;2;0;0;1;-29,92197876;-51,17779684;SPRF-RS;DEL01-RS;UOP01-DEL01-RS
666802;12/03/2025;quarta-feira;16:40:00;PR;277;722;FOZ DO IGUACU;Demais falhas mecânicas ou elétricas;Tombamento;Com Vítimas Feridas;Pleno dia;Decrescente;Céu Claro;Dupla;Reta;Sim;1;0;1;0;0;0;1;1;-25,50384004;-54,54062819;SPRF-PR;DEL05-PR;UOP03-DEL05-PR
666804;12/03/2025;quarta-feira;16:50:00;BA;407;100;JAGUARARI;Demais falhas mecânicas ou elétricas;Incêndio;Sem Vítimas;Pleno dia;Decrescente;Céu Claro;Simples;Declive;Não;1;0;0;0;1;0;0;1;-10,23774;-40,20258;SPRF-BA;DEL04-BA;UOP01-DEL04-BA
666805;12/03/2025;quarta-feira;17:40:00;SC;101;87;BARRA VELHA;Acessar a via sem observar a presença dos outros veículos;Colisão transversal;Com Vítimas Feridas;Anoitecer;Crescente;Chuva;Simples;Interseção de Vias;Sim;2;0;1;0;1;0;1;2;-26,64405881;-48,68855054;SPRF-SC;DEL03-SC;UOP02-DEL03-SC
666806;12/03/2025;quarta-feira;16:20:00;CE;20;253,7;MADALENA;Entrada inopinada do pedestre;Atropelamento de Pedestre;Com Vítimas Fatais;Pleno dia;Crescente;Nublado;Simples;Reta;Sim;3;1;0;0;2;0;0;2;-4,761398;-39,484418;SPRF-CE;DEL02-CE;UOP01-DEL02-CE
666811;12/03/2025;quarta-feira;16:50:00;ES;101;422,6;ATILIO VIVACQUA;Ausência de reação do condutor;Saída de leito carroçável;Com Vítimas Feridas;Pleno dia;Decrescente;Céu Claro;Simples;Curva;Não;1;0;0;1;0;0;1;1;-20,98623007;-41,118398;SPRF-ES;DEL03-ES;UOP02-DEL03-ES
666812;12/03/2025;quarta-feira;16:50:00;MG;116;274;TEOFILO OTONI;Ingestão de álcool pelo condutor;Colisão lateral mesmo sentido;Com Vítimas Feridas;Pleno dia;Crescente;Céu Claro;Dupla;Reta;Sim;2;0;1;0;0;1;1;2;-17,83983457;-41,51327664;SPRF-MG;DEL11-MG;UOP01-DEL11-MG
666814;12/03/2025;quarta-feira;16:15:00;MG;267;31,4;ARGIRITA;Demais falhas na via;Saída de leito carroçável;Com Vítimas Feridas;Pleno dia;Decrescente;Céu Claro;Simples;Reta;Não;1;0;1;0;0;0;1;1;-21,64081106;-42,83499196;SPRF-MG;DEL07-MG;UOP01-DEL07-MG
666815;12/03/2025;quarta-feira;18:15:00;RS;386;49,1;SEBERI;Reação tardia ou ineficiente do condutor;Colisão transversal;Com Vítimas Feridas;Anoitecer;Crescente;Nublado;Simples;Reta;Sim;2;0;1;0;1;0;1;2;-27,47977;-53,39628;SPRF-RS;DEL08-RS;UOP02-DEL08-RS
666816;12/03/2025;quarta-feira;18:00:00;CE;116;12,7;FORTALEZA;Reação tardia ou ineficiente do condutor;Tombamento;Com Vítimas Feridas;Pleno dia;Crescente;Céu Claro;Dupla;Reta;Sim;2;0;2;0;0;0;2;1;-3,858992;-38,49687;SPRF-CE;DEL01-CE;UOP02-DEL01-CE
666817;24/01/2025;sexta-feira;11:30:00;MT;163;818;SINOP;Acumulo de areia ou detritos sobre o pavimento;Colisão com objeto;Sem Vítimas;Pleno dia;Crescente;Céu Claro;Simples;Reta;Não;1;0;0;0;1;0;0;1;-12,0055793;-55,5172044;SPRF-MT;DEL06-MT;UOP02-DEL06-MT
666818;12/03/2025;quarta-feira;17:10:00;SC;280;58;GUARAMIRIM;Acumulo de água sobre o pavimento;Queda de ocupante de veículo;Com Vítimas Feridas;Pleno dia;Crescente;Chuva;Dupla;Rotatória;Sim;1;0;1;0;0;0;1;1;-26,47404439;-49,02009303;SPRF-SC;DEL03-SC;UOP03-DEL03-SC
666820;22/02/2025;sábado;02:15:00;SC;116;249,9;LAGES;Reação tardia ou ineficiente do condutor;Colisão traseira;Sem Vítimas;Plena Noite;Crescente;Céu Claro;Simples;Reta;Não;3;0;0;0;3;0;0;2;-27,835384;-50,38069;SPRF-SC;DEL05-SC;UOP02-DEL05-SC
666822;12/03/2025;quarta-feira;18:00:00;RN;101;93,8;NATAL;Manobra de mudança de faixa;Colisão lateral mesmo sentido;Com Vítimas Feridas;Anoitecer;Crescente;Céu Claro;Múltipla;Interseção de Vias;Sim;2;0;1;0;1;0;1;2;-5,82581;-35,211188;SPRF-RN;DEL01-RN;UOP01-DEL01-RN
666824;12/03/2025;quarta-feira;17:00:00;RJ;116;302;PORTO REAL;Avarias e/ou desgaste excessivo no pneu;Tombamento;Com Vítimas Feridas;Pleno dia;Crescente;Nublado;Dupla;Reta;Não;2;0;1;1;0;0;2;1;-22,4524734;-44,3586459;SPRF-RJ;DEL07-RJ;UOP02-DEL07-RJ
666826;12/03/2025;quarta-feira;18:30:00;PB;230;507;CAJAZEIRAS;Acessar a via sem observar a presença dos outros veículos;Colisão frontal;Com Vítimas Feridas;Pleno dia;Decrescente;Nublado;Simples;Aclive;Sim;3;0;0;2;1;0;2;2;-6,894;-38,5792;SPRF-PB;DEL03-PB;UOP03-DEL03-PB
666828;12/03/2025;quarta-feira;18:10:00;MT;70;498;CUIABA;Acesso irregular;Colisão transversal;Com Vítimas Feridas;Plena Noite;Crescente;Céu Claro;Simples;Reta;Não;3;0;1;0;2;0;1;3;-15,613952;-56,098816;SPRF-MT;DEL01-MT;UOP02-DEL01-MT
666830;12/03/2025;quarta-feira;18:20:00;BA;116;25;VITORIA DA CONQUISTA;Acessar a via sem observar a presença dos outros veículos;Colisão transversal;Com Vítimas Feridas;Plena Noite;Crescente;Céu Claro;Simples;Interseção de Vias;Não;3;0;0;3;0;0;3;2;-14,85268512;-40,80079432;SPRF-BA;DEL08-BA;UOP01-DEL08-BA
666831;12/03/2025;quarta-feira;19:00:00;SC;101;118;ITAJAI;Ausência de reação do condutor;Colisão lateral mesmo sentido;Com Vítimas Feridas;Plena Noite;Crescente;Céu Claro;Dupla;Reta;Sim;2;0;1;0;1;0;1;2;-26,89111941;-48,7194407;SPRF-SC;DEL04-SC;UOP04-DEL04-SC
666833;12/03/2025;quarta-feira;17:25:00;SC;101;376,1;ICARA;Ausência de reação do condutor;Capotamento;Com Vítimas Feridas;Pleno dia;Decrescente;Nublado;Dupla;Reta;Não;1;0;1;0;0;0;1;1;-28,73791555;-49,24844004;SPRF-SC;DEL02-SC;UOP01-DEL02-SC
666834;12/03/2025;quarta-feira;19:00:00;PE;428;187;PETROLINA;Acessar a via sem observar a presença dos outros veículos;Colisão traseira;Com Vítimas Feridas;Plena Noite;Decrescente;Céu Claro;Dupla;"Em Obras;Reta";Sim;2;0;0;1;1;0;1;2;-9,364493;-40,482626;SPRF-PE;DEL06-PE;UOP01-DEL06-PE
666835;12/03/2025;quarta-feira;19:00:00;RN;304;33;MOSSORO;Animais na Pista;Atropelamento de Animal;Com Vítimas Feridas;Plena Noite;Decrescente;Céu Claro;Dupla;Reta;Sim;4;0;1;0;0;3;1;2;-5,151579;-37,348367;SPRF-RN;DEL04-RN;UOP02-DEL04-RN
666837;12/03/2025;quarta-feira;19:35:00;SC;282;20,4;PALHOCA;Acessar a via sem observar a presença dos outros veículos;Colisão transversal;Sem Vítimas;Plena Noite;Crescente;Chuva;Simples;"Interseção de Vias;Declive;Reta";Não;2;0;0;0;2;0;0;2;-27,68711928;-48,71372223;SPRF-SC;DEL01-SC;UOP02-DEL01-SC
666838;12/03/2025;quarta-feira;18:50:00;SP;116;216;GUARULHOS;Reação tardia ou ineficiente do condutor;Queda de ocupante de veículo;Sem Vítimas;Plena Noite;Crescente;Chuva;Múltipla;Declive;Não;1;0;0;0;0;1;0;1;-23,4240141;-46,3979628;SPRF-SP;DEL01-SP;UOP01-DEL01-SP
666841;12/03/2025;quarta-feira;19:20:00;RS;285;122;VACARIA;Transitar na contramão;Colisão com objeto;Com Vítimas Feridas;Plena Noite;Crescente;Nublado;Simples;Rotatória;Sim;2;0;1;0;1;0;1;2;-28,50604279;-50,94344258;SPRF-RS;DEL05-RS;UOP03-DEL05-RS
666842;12/03/2025;quarta-feira;15:40:00;GO;60;413;RIO VERDE;Retorno proibido;Colisão transversal;Com Vítimas Feridas;Pleno dia;Decrescente;Nublado;Dupla;Reta;Não;3;0;0;1;2;0;1;2;-17,819037;-51,187942;SPRF-GO;DEL04-GO;UOP02-DEL04-GO
666843;12/03/2025;quarta-feira;20:50:00;SP;116;220;GUARULHOS;Objeto estático sobre o leito carroçável;Colisão com objeto;Com Vítimas Feridas;Plena Noite;Decrescente;Nublado;Múltipla;"Reta;Em Obras";Sim;1;0;1;0;0;0;1;1;-23,464603;-46,498173;SPRF-SP;DEL01-SP;UOP01-DEL01-SP
666844;12/03/2025;quarta-feira;18:20:00;BA;116;20;VITORIA DA CONQUISTA;Animais na Pista;Atropelamento de Animal;Com Vítimas Feridas;Plena Noite;Decrescente;Céu Claro;Simples;Reta;Sim;1;0;1;0;0;0;1;1;-14,8903;-40,8169;SPRF-BA;DEL08-BA;UOP01-DEL08-BA
666846;12/03/2025;quarta-feira;21:15:00;SP;116;220;GUARULHOS;Objeto estático sobre o leito carroçável;Queda de ocupante de veículo;Com Vítimas Feridas;Plena Noite;Decrescente;Céu Claro;Múltipla;Reta;Sim;2;0;1;0;1;0;1;1;-23,46672454;-46,50470973;SPRF-SP;DEL01-SP;UOP01-DEL01-SP
666847;12/03/2025;quarta-feira;20:55:00;RJ;101;208;CASIMIRO DE ABREU;Demais falhas mecânicas ou elétricas;Queda de ocupante de veículo;Com Vítimas Feridas;Plena Noite;Crescente;Céu Claro;Dupla;Reta;Não;2;0;2;0;0;0;2;1;-22,4821248;-42,1691392;SPRF-RJ;DEL08-RJ;UOP04-DEL08-RJ
666850;12/03/2025;quarta-feira;22:00:00;PE;232;78,7;GRAVATA;Objeto estático sobre o leito carroçável;Colisão com objeto;Sem Vítimas;Plena Noite;Crescente;Céu Claro;Dupla;"Declive;Reta";Sim;1;0;0;0;1;0;0;1;-8,19442;-35,558569;SPRF-PE;DEL02-PE;UOP02-DEL02PE
666851;12/03/2025;quarta-feira;17:20:00;SC;470;32,9;GASPAR;Ultrapassagem Indevida;Colisão lateral mesmo sentido;Com Vítimas Feridas;Pleno dia;Crescente;Chuva;Dupla;Interseção de Vias;Sim;2;0;1;0;1;0;1;2;-26,905012;-48,938711;SPRF-SC;DEL04-SC;UOP01-DEL04-SC
666853;12/03/2025;quarta-feira;22:20:00;MG;365;828;SANTA VITORIA;Animais na Pista;Atropelamento de Animal;Com Vítimas Feridas;Plena Noite;Crescente;Céu Claro;Simples;Reta;Não;1;0;1;0;0;0;1;1;-18,91495946;-50,23275375;SPRF-MG;DEL15-MG;UOP03-DEL15-MG
666854;12/03/2025;quarta-feira;21:30:00;SE;101;96,4;SAO CRISTOVAO;Acessar a via sem observar a presença dos outros veículos;Colisão transversal;Com Vítimas Fatais;Plena Noite;Crescente;Céu Claro;Dupla;Reta;Não;2;1;0;0;1;0;0;2;-10,9245479;-37,17734814;SPRF-SE;DEL02-SE;UOP01-DEL02-SE
666855;12/03/2025;quarta-feira;22:30:00;SP;116;221;GUARULHOS;Reação tardia ou ineficiente do condutor;Engavetamento;Com Vítimas Feridas;Plena Noite;Decrescente;Chuva;Múltipla;Reta;Sim;4;0;2;0;0;2;2;3;-23,47071796;-46,5158205;SPRF-SP;DEL01-SP;UOP01-DEL01-SP
666856;12/03/2025;quarta-feira;20:00:00;MT;364;360;SANTO ANTONIO DO LEVERGER;Acumulo de água sobre o pavimento;Saída de leito carroçável;Sem Vítimas;Plena Noite;Crescente;Chuva;Dupla;"Reta;Retorno Regulamentado";Não;1;0;0;0;1;0;0;1;-15,77202207;-55,65394387;SPRF-MT;DEL01-MT;UOP02-DEL01-MT
666858;12/03/2025;quarta-feira;22:05:00;PE;232;78,7;GRAVATA;Objeto estático sobre o leito carroçável;Colisão com objeto;Com Vítimas Feridas;Plena Noite;Crescente;Céu Claro;Dupla;"Declive;Reta";Sim;2;0;2;0;0;0;2;1;-8,19442;-35,558569;SPRF-PE;DEL02-PE;UOP02-DEL02PE
666860;12/03/2025;quarta-feira;23:00:00;CE;116;9;FORTALEZA;Condutor deixou de manter distância do veículo da frente;Colisão traseira;Com Vítimas Feridas;Plena Noite;Crescente;Céu Claro;Dupla;Reta;Sim;2;0;0;1;1;0;1;2;-3,81716516;-38,50117492;SPRF-CE;DEL01-CE;UOP02-DEL01-CE
666861;12/03/2025;quarta-feira;22:30:00;RO;364;695;PORTO VELHO;Ultrapassagem Indevida;Colisão frontal;Com Vítimas Feridas;Plena Noite;Crescente;Garoa/Chuvisco;Dupla;"Declive;Reta";Não;3;0;1;0;2;0;1;2;-8,80077007;-63,72688293;SPRF-RO;DEL01-RO;UOP01-DEL01-RO
666863;12/03/2025;quarta-feira;23:40:00;PE;101;53;PAULISTA;Ausência de reação do condutor;Queda de ocupante de veículo;Com Vítimas Feridas;Plena Noite;Crescente;Céu Claro;Dupla;Reta;Sim;1;0;1;0;0;0;1;1;-7,9339635;-34,9025119;SPRF-PE;DEL01-PE;UOP02-DEL01-PE
666864;12/03/2025;quarta-feira;23:40:00;SC;101;88,3;BARRA VELHA;Ausência de reação do condutor;Saída de leito carroçável;Sem Vítimas;Plena Noite;Crescente;Nublado;Dupla;Reta;Sim;1;0;0;0;1;0;0;1;-26,65280858;-48,68701994;SPRF-SC;DEL03-SC;UOP02-DEL03-SC
666866;13/03/2025;quinta-feira;01:10:00;SC;101;142,5;ITAPEMA;Acumulo de água sobre o pavimento;Colisão com objeto;Com Vítimas Feridas;Plena Noite;Crescente;Chuva;Dupla;"Declive;Reta";Não;1;0;1;0;0;0;1;1;-27,0851653;-48,60686118;SPRF-SC;DEL04-SC;UOP03-DEL04-SC
666867;13/03/2025;quinta-feira;00:10:00;PR;376;88;PARANAVAI;Chuva;Capotamento;Com Vítimas Fatais;Plena Noite;Crescente;Chuva;Simples;Reta;Não;5;1;3;1;0;0;4;1;-22,999074;-52,569313;SPRF-PR;DEL09-PR;UOP02-DEL09-PR
666868;13/03/2025;quinta-feira;00:50:00;DF;20;4,6;BRASILIA;Condutor Dormindo;Saída de leito carroçável;Com Vítimas Feridas;Plena Noite;Decrescente;Céu Claro;Múltipla;Reta;Sim;1;0;1;0;0;0;1;1;-15,68246047;-47,84024477;SPRF-DF;DEL02-DF;UOP01-DEL02-DF
666871;12/03/2025;quarta-feira;23:35:00;PE;232;216,7;PESQUEIRA;Ingestão de álcool pelo condutor;Capotamento;Com Vítimas Feridas;Plena Noite;Decrescente;Céu Claro;Simples;Aclive;Não;1;0;0;1;0;0;1;1;-8,391172;-36,753828;SPRF-PE;DEL03-PE;UOP02-DEL03-PE
666874;13/03/2025;quinta-feira;03:30:00;SP;101;45;UBATUBA;Ausência de reação do condutor;Tombamento;Com Vítimas Feridas;Plena Noite;Crescente;Céu Claro;Simples;Reta;Não;1;0;1;0;0;0;1;1;-23,41747067;-45,06761983;SPRF-SP;DEL06-SP;UOP01-DEL06-SP
666876;13/03/2025;quinta-feira;05:07:00;PE;232;5;RECIFE;Acessar a via sem observar a presença dos outros veículos;Colisão transversal;Com Vítimas Fatais;Amanhecer;Decrescente;Nublado;Múltipla;"Interseção de Vias;Curva";Não;2;1;0;0;1;0;0;2;-8,069067;-34,947416;SPRF-PE;DEL01-PE;UOP01-DEL01-PE
666880;13/03/2025;quinta-feira;06:00:00;MG;262;434;NOVA SERRANA;Ausência de reação do condutor;Tombamento;Com Vítimas Feridas;Pleno dia;Crescente;Céu Claro;Dupla;Reta;Não;2;0;2;0;0;0;2;1;-19,88265179;-44,9048996;SPRF-MG;DEL08-MG;UOP03-DEL08-MG
666881;13/03/2025;quinta-feira;06:20:00;CE;116;17;EUSEBIO;Manobra de mudança de faixa;Tombamento;Com Vítimas Feridas;Pleno dia;Decrescente;Chuva;Dupla;"Reta;Aclive";Sim;3;0;2;0;0;1;2;2;-3,8961316;-38,5027778;SPRF-CE;DEL01-CE;UOP02-DEL01-CE
666882;13/03/2025;quinta-feira;05:15:00;TO;153;133;WANDERLANDIA;Condutor Dormindo;Saída de leito carroçável;Sem Vítimas;Amanhecer;Decrescente;Céu Claro;Simples;Reta;Não;1;0;0;0;1;0;0;1;-7,11575462;-48,18830432;SPRF-TO;DEL02-TO;UOP01-DEL02-TO
666884;13/03/2025;quinta-feira;06:30:00;PB;230;156;CAMPINA GRANDE;Manobra de mudança de faixa;Colisão transversal;Com Vítimas Feridas;Pleno dia;Crescente;Céu Claro;Simples;Reta;Sim;2;0;1;0;1;0;1;2;-7,2720205;-35,9105461;SPRF-PB;DEL02-PB;UOP01-DEL02-PB
666887;13/03/2025;quinta-feira;07:18:00;TO;153;140;ARAGUAINA;Demais falhas mecânicas ou elétricas;Tombamento;Com Vítimas Feridas;Pleno dia;Crescente;Céu Claro;Dupla;Reta;Sim;2;0;2;0;0;0;2;1;-7,3596928;-48,3196928;SPRF-TO;DEL02-TO;UOP01-DEL02-TO
666888;13/03/2025;quinta-feira;07:20:00;ES;101;407,8;ITAPEMIRIM;Velocidade Incompatível;Saída de leito carroçável;Com Vítimas Feridas;Pleno dia;Crescente;Céu Claro;Simples;Curva;Não;1;0;1;0;0;0;1;1;-20,88981252;-41,03637988;SPRF-ES;DEL03-ES;UOP02-DEL03-ES
666889;13/03/2025;quinta-feira;05:00:00;BA;110;231;OLINDINA;Velocidade Incompatível;Saída de leito carroçável;Com Vítimas Fatais;Amanhecer;Crescente;Céu Claro;Simples;"Declive;Curva";Não;1;1;0;0;0;0;0;1;-11,306033;-38,399951;SPRF-BA;DEL07-BA;UOP02-DEL07-BA
666890;13/03/2025;quinta-feira;07:00:00;MA;230;394;BALSAS;Reação tardia ou ineficiente do condutor;Saída de leito carroçável;Com Vítimas Feridas;Pleno dia;Decrescente;Céu Claro;Simples;Aclive;Não;2;0;1;1;0;0;2;1;-7,443992;-46,007511;SPRF-MA;DEL05-MA;UOP01-DEL05-MA
666891;13/03/2025;quinta-feira;01:15:00;MG;365;704;MONTE ALEGRE DE MINAS;Ingestão de álcool pelo condutor;Colisão com objeto;Sem Vítimas;Plena Noite;Decrescente;Céu Claro;Dupla;Reta;Não;1;0;0;0;1;0;0;1;-18,88149833;-49,03753996;SPRF-MG;DEL15-MG;UOP03-DEL15-MG
666892;13/03/2025;quinta-feira;07:00:00;PR;376;182;MARINGA;Acessar a via sem observar a presença dos outros veículos;Colisão transversal;Com Vítimas Feridas;Pleno dia;Decrescente;Céu Claro;Dupla;"Interseção de Vias;Rotatória";Sim;2;0;0;1;1;0;1;2;-23,43169047;-51,8867991;SPRF-PR;DEL09-PR;UOP01-DEL09-PR
666894;13/03/2025;quinta-feira;07:20:00;PR;116;44;CAMPINA GRANDE DO SUL;Reação tardia ou ineficiente do condutor;Saída de leito carroçável;Com Vítimas Feridas;Pleno dia;Crescente;Chuva;Dupla;Curva;Não;2;0;1;0;1;0;1;1;-25,20104314;-48,89602477;SPRF-PR;DEL01-PR;UOP02-DEL01-PR
666895;13/03/2025;quinta-feira;07:15:00;SP;116;150;SAO JOSE DOS CAMPOS;Trafegar com motocicleta (ou similar) entre as faixas;Colisão lateral mesmo sentido;Com Vítimas Feridas;Pleno dia;Crescente;Céu Claro;Múltipla;Declive;Sim;3;0;2;0;1;0;2;2;-23,20272056;-45,88200504;SPRF-SP;DEL02-SP;UOP01-DEL02-SP
666899;12/03/2025;quarta-feira;21:30:00;MT;70;285;PRIMAVERA DO LESTE;Reação tardia ou ineficiente do condutor;Saída de leito carroçável;Com Vítimas Feridas;Plena Noite;Decrescente;Céu Claro;Dupla;Rotatória;Sim;1;0;1;0;0;0;1;1;-15,57432352;-54,32910296;SPRF-MT;DEL05-MT;UOP01-DEL05-MT
666900;13/03/2025;quinta-feira;06:30:00;PR;153;477;GENERAL CARNEIRO;Ingestão de álcool pelo condutor;Saída de leito carroçável;Com Vítimas Feridas;Pleno dia;Decrescente;Céu Claro;Simples;Curva;Não;2;0;2;0;0;0;2;1;-26,42015987;-51,29962921;SPRF-PR;DEL02-PR;UOP03-DEL02-PR
666904;13/03/2025;quinta-feira;06:40:00;RJ;356;65;ITALVA;Acessar a via sem observar a presença dos outros veículos;Colisão transversal;Com Vítimas Feridas;Pleno dia;Crescente;Céu Claro;Simples;Interseção de Vias;Sim;2;0;1;0;1;0;1;2;-21,42185057;-41,69054031;SPRF-RJ;DEL08-RJ;UOP03-DEL08-RJ
666905;11/03/2025;terça-feira;13:40:00;MS;267;30,1;BATAGUASSU;Condutor deixou de manter distância do veículo da frente;Colisão traseira;Sem Vítimas;Pleno dia;Decrescente;Céu Claro;Dupla;Reta;Sim;2;0;0;0;2;0;0;2;-21,72021475;-52,4283886;SPRF-MS;DEL02-MS;UOP04-DEL02-MS
666906;13/03/2025;quinta-feira;08:00:00;SP;116;227;SAO PAULO;Trafegar com motocicleta (ou similar) entre as faixas;Colisão lateral mesmo sentido;Com Vítimas Feridas;Pleno dia;Crescente;Céu Claro;Múltipla;Reta;Não;2;0;2;0;0;0;2;2;-23,50182027;-46,56502604;SPRF-SP;DEL01-SP;UOP01-DEL01-SP
666908;13/03/2025;quinta-feira;08:20:00;MG;381;494;BETIM;Objeto estático sobre o leito carroçável;Colisão com objeto;Com Vítimas Feridas;Pleno dia;Crescente;Céu Claro;Dupla;Reta;Não;2;0;1;0;1;0;1;1;-19,96754058;-44,177742;SPRF-MG;DEL01-MG;UOP03-DEL01-MG
666909;13/03/2025;quinta-feira;08:00:00;PR;277;38;MORRETES;Chuva;Saída de leito carroçável;Com Vítimas Feridas;Pleno dia;Crescente;Chuva;Dupla;Curva;Não;2;0;1;0;1;0;1;1;-25,57424479;-48,85409094;SPRF-PR;DEL01-PR;UOP05-DEL01-PR
666911;13/03/2025;quinta-feira;09:00:00;MG;381;486;BETIM;Reação tardia ou ineficiente do condutor;Colisão traseira;Com Vítimas Feridas;Pleno dia;Crescente;Céu Claro;Dupla;Curva;Sim;2;0;1;0;1;0;1;2;-19,96026488;-44,11577225;SPRF-MG;DEL01-MG;UOP03-DEL01-MG