id;data_inversa;dia_semana;horario;uf;br;km;municipio;causa_acidente;tipo_acidente;classificacao_acidente;fase_dia;sentido_via;condicao_metereologica;tipo_pista;tracado_via;uso_solo;pessoas;mortos;feridos_leves;feridos_graves;ilesos;ignorados;feridos;veiculos;latitude;longitude;regional;delegacia;uop
667182;14/03/2025;sexta-feira;13:30:00;MG;364;31,6;FRUTAL;Reação tardia ou ineficiente do condutor;Colisão transversal;Com Vítimas Feridas;Pleno dia;Decrescente;Céu Claro;Simples;Reta;Sim;4;0;0;1;3;0;1;2;-20,010111;-48,928145;SPRF-MG;DEL13-MG;UOP02-DEL13-MG
667184;14/03/2025;sexta-feira;10:30:00;RO;429;162,1;SAO MIGUEL DO GUAPORE;Transitar na contramão;Colisão transversal;Com Vítimas Feridas;Pleno dia;Decrescente;Chuva;Dupla;Interseção de Vias;Sim;2;0;0;1;1;0;1;2;-11,70199656;-62,72094727;SPRF-RO;DEL02-RO;UOP03-DEL02-RO
667185;28/02/2025;sexta-feira;01:15:00;BA;20;251;CORRENTINA;Ingestão de álcool pelo condutor;Colisão lateral sentido oposto;Sem Vítimas;Plena Noite;Crescente;Céu Claro;Simples;"Curva;Declive";Não;4;0;0;0;4;0;0;2;-13,96674776;-46,19278908;SPRF-BA;DEL10-BA;UOP01-DEL10-BA
667187;30/01/2025;quinta-feira;13:50:00;MT;163;729;SORRISO;Acostamento em desnível;Saída de leito carroçável;Sem Vítimas;Pleno dia;Crescente;Nublado;Simples;Reta;Não;6;0;0;0;6;0;0;1;-12,69049987;-55,80368042;SPRF-MT;DEL06-MT;UOP01-DEL06-MT
667188;14/03/2025;sexta-feira;14:04:00;PB;101;89,8;JOAO PESSOA;Manobra de mudança de faixa;Colisão transversal;Sem Vítimas;Pleno dia;Crescente;Céu Claro;Múltipla;"Reta;Retorno Regulamentado";Sim;3;0;0;0;3;0;0;2;-7,181348;-34,900812;SPRF-PB;DEL01-PB;UOP01-DEL01-PB
667189;14/03/2025;sexta-feira;13:30:00;SC;282;343;CAMPOS NOVOS;Ausência de reação do condutor;Colisão transversal;Com Vítimas Feridas;Pleno dia;Crescente;Sol;Simples;Reta;Sim;2;0;1;1;0;0;2;2;-27,38930112;-51,2267893;SPRF-SC;DEL07-SC;UOP06-DEL07-SC
667190;05/03/2025;quarta-feira;14:00:00;RS;470;221;GARIBALDI;Ausência de reação do condutor;Tombamento;Com Vítimas Feridas;Pleno dia;Decrescente;Céu Claro;Simples;Retorno Regulamentado;Sim;1;0;1;0;0;0;1;1;-29,20877208;-51,51785736;SPRF-RS;DEL06-RS;UOP01-DEL06-RS
667191;14/03/2025;sexta-feira;14:22:00;RJ;116;175;SAO JOAO DE MERITI;Ausência de reação do condutor;Queda de ocupante de veículo;Com Vítimas Feridas;Pleno dia;Decrescente;Céu Claro;Dupla;Reta;Não;1;0;1;0;0;0;1;1;-22,78930696;-43,3733331;SPRF-RJ;DEL06-RJ;UOP01-DEL06-RJ
667193;14/03/2025;sexta-feira;13:58:00;MG;40;450;CAETANOPOLIS;Pista esburacada;Tombamento;Com Vítimas Fatais;Pleno dia;Crescente;Céu Claro;Dupla;Reta;Sim;4;1;0;0;0;3;0;2;-19,348275;-44,353469;SPRF-MG;DEL02-MG;UOP01-DEL02-MG
667194;14/03/2025;sexta-feira;12:40:00;BA;367;29,3;PORTO SEGURO;Acessar a via sem observar a presença dos outros veículos;Colisão transversal;Sem Vítimas;Pleno dia;Crescente;Céu Claro;Simples;Interseção de Vias;Não;2;0;0;0;2;0;0;2;-16,415367;-39,119087;SPRF-BA;DEL09-BA;UOP03-DEL09-BA
667195;14/03/2025;sexta-feira;14:20:00;MG;40;751,7;SANTOS DUMONT;Acumulo de água sobre o pavimento;Saída de leito carroçável;Com Vítimas Feridas;Pleno dia;Decrescente;Chuva;Simples;"Declive;Curva";Não;2;0;1;0;1;0;1;1;-21,503054;-43,532484;SPRF-MG;DEL05-MG;UOP01-DEL05-MG
667196;14/03/2025;sexta-feira;14:00:00;CE;222;88,5;UMIRIM;Conversão proibida;Colisão transversal;Com Vítimas Feridas;Pleno dia;Crescente;Céu Claro;Simples;"Reta;Declive";Não;2;0;0;1;1;0;1;2;-3,676951;-39,333647;SPRF-CE;DEL04-CE;UOP03-DEL04-CE
667199;07/03/2025;sexta-feira;22:10:00;ES;259;30,8;COLATINA;Velocidade Incompatível;Colisão traseira;Com Vítimas Feridas;Plena Noite;Crescente;Céu Claro;Simples;Reta;Não;2;0;1;0;1;0;1;2;-19,58667;-40,50897;SPRF-ES;DEL02-ES;UOP01-DEL02-ES
667202;14/03/2025;sexta-feira;15:00:00;SC;101;124;ITAJAI;Condutor deixou de manter distância do veículo da frente;Engavetamento;Com Vítimas Feridas;Pleno dia;Crescente;Céu Claro;Dupla;Reta;Sim;4;0;1;0;3;0;1;3;-26,93965578;-48,6974144;SPRF-SC;DEL04-SC;UOP04-DEL04-SC
667203;14/03/2025;sexta-feira;15:30:00;MG;381;862,6;POUSO ALEGRE;Ausência de reação do condutor;Saída de leito carroçável;Com Vítimas Feridas;Pleno dia;Crescente;Céu Claro;Dupla;"Reta;Declive";Não;3;0;3;0;0;0;3;1;-22,3378913;-45,9239709;SPRF-MG;DEL16-MG;UOP01-DEL16-MG
667204;14/03/2025;sexta-feira;14:40:00;BA;116;15;VITORIA DA CONQUISTA;Acessar a via sem observar a presença dos outros veículos;Colisão lateral mesmo sentido;Com Vítimas Feridas;Pleno dia;Crescente;Céu Claro;Simples;Reta;Sim;2;0;1;0;1;0;1;2;-14,89885886;-40,85632604;SPRF-BA;DEL08-BA;UOP01-DEL08-BA
667205;14/03/2025;sexta-feira;15:13:00;ES;101;278,2;SERRA;Manobra de mudança de faixa;Tombamento;Com Vítimas Feridas;Pleno dia;Crescente;Céu Claro;Simples;Interseção de Vias;Sim;1;0;0;1;0;0;1;1;-20,054016;-40,3800064;SPRF-ES;DEL02-ES;UOP01-DEL02-ES
667207;14/03/2025;sexta-feira;14:40:00;MG;381;924,5;CAMANDUCAIA;Ausência de reação do condutor;Colisão lateral mesmo sentido;Sem Vítimas;Pleno dia;Decrescente;Chuva;Dupla;Curva;Não;4;0;0;0;4;0;0;2;-22,77518486;-46,18705403;SPRF-MG;DEL16-MG;UOP03-DEL16-MG
667208;14/03/2025;sexta-feira;15:10:00;PB;230;13,4;CABEDELO;Pedestre andava na pista;Atropelamento de Pedestre;Com Vítimas Feridas;Pleno dia;Decrescente;Céu Claro;Dupla;Reta;Sim;3;0;1;2;0;0;3;2;-7,085505;-34,84864;SPRF-PB;DEL01-PB;UOP01-DEL01-PB
667210;14/03/2025;sexta-feira;15:00:00;SP;381;38,8;ATIBAIA;Manobra de mudança de faixa;Colisão lateral mesmo sentido;Com Vítimas Feridas;Pleno dia;Crescente;Céu Claro;Dupla;"Aclive;Reta";Sim;2;0;2;0;0;0;2;2;-23,10350581;-46,56863093;SPRF-SP;DEL03-SP;UOP01-DEL03-SP
667211;14/03/2025;sexta-feira;16:00:00;PE;428;185;PETROLINA;Ingestão de álcool pelo condutor;Colisão traseira;Com Vítimas Feridas;Pleno dia;Crescente;Céu Claro;Dupla;Reta;Sim;2;0;0;1;1;0;1;2;-9,358127;-40,479635;SPRF-PE;DEL06-PE;UOP01-DEL06-PE
667213;14/03/2025;sexta-feira;15:00:00;SP;381;37,3;ATIBAIA;Reação tardia ou ineficiente do condutor;Colisão traseira;Com Vítimas Feridas;Pleno dia;Crescente;Céu Claro;Dupla;Reta;Sim;2;0;1;0;1;0;1;2;-23,1964672;-46,5829888;SPRF-SP;DEL03-SP;UOP01-DEL03-SP
667215;14/03/2025;sexta-feira;10:30:00;PI;343;15,3;PARNAIBA;Ausência de reação do condutor;Colisão traseira;Com Vítimas Feridas;Pleno dia;Decrescente;Nublado;Simples;Reta;Sim;2;0;0;1;1;0;1;2;-2,93991691;-41,75549984;SPRF-PI;DEL05-PI;UOP01-DEL05-PI
667216;14/03/2025;sexta-feira;15:55:00;PR;376;282;MAUA DA SERRA;Ausência de reação do condutor;Saída de leito carroçável;Com Vítimas Feridas;Pleno dia;Crescente;Céu Claro;Dupla;Reta;Não;1;0;1;0;0;0;1;1;-23,83591503;-51,26255035;SPRF-PR;DEL07-PR;UOP02-DEL07-PR
667217;14/03/2025;sexta-feira;16:15:00;SC;282;17,5;PALHOCA;Conversão proibida;Colisão transversal;Com Vítimas Feridas;Pleno dia;Decrescente;Céu Claro;Simples;"Reta;Retorno Regulamentado";Sim;2;0;1;0;1;0;1;2;-27,66943248;-48,69128639;SPRF-SC;DEL01-SC;UOP02-DEL01-SC
667218;14/03/2025;sexta-feira;16:35:00;RJ;101;319;NITEROI;Reação tardia ou ineficiente do condutor;Tombamento;Com Vítimas Feridas;Pleno dia;Decrescente;Céu Claro;Simples;Reta;Sim;1;0;1;0;0;0;1;1;-22,86004194;-43,10623169;SPRF-RJ;DEL02-RJ;UOP02-DEL02-RJ
667219;14/03/2025;sexta-feira;14:00:00;BA;101;764;ITABELA;Acessar a via sem observar a presença dos outros veículos;Colisão transversal;Com Vítimas Feridas;Pleno dia;Decrescente;Céu Claro;Simples;Reta;Não;4;0;0;1;3;0;1;2;-16,69773712;-39,47143078;SPRF-BA;DEL09-BA;UOP01-DEL09-BA
667221;14/03/2025;sexta-feira;15:02:00;RN;304;45,5;MOSSORO;Ausência de reação do condutor;Tombamento;Com Vítimas Feridas;Pleno dia;Decrescente;Nublado;Dupla;Reta;Sim;1;0;1;0;0;0;1;1;-5,22558112;-37,3436546;SPRF-RN;DEL04-RN;UOP01-DEL04-RN
667222;14/03/2025;sexta-feira;16:40:00;MG;50;62,8;UBERLANDIA;Velocidade Incompatível;Saída de leito carroçável;Com Vítimas Feridas;Pleno dia;Decrescente;Chuva;Dupla;"Declive;Curva";Não;2;0;1;0;1;0;1;1;-18,8223346;-48,2491502;SPRF-MG;DEL15-MG;UOP02-DEL15-MG
667223;14/03/2025;sexta-feira;11:30:00;MA;230;555,8;CAROLINA;Suicídio (presumido);Atropelamento de Pedestre;Com Vítimas Fatais;Pleno dia;Crescente;Céu Claro;Simples;Reta;Não;2;1;0;0;0;1;0;2;-7,376397;-47,312078;SPRF-MA;DEL05-MA;UOP01-DEL05-MA
667224;26/02/2025;quarta-feira;12:15:00;SC;0;0;SAO JOSE;Demais falhas mecânicas ou elétricas;Colisão com objeto;Sem Vítimas;Pleno dia;Não Informado;Céu Claro;Simples;Reta;Sim;2;0;0;0;2;0;0;1;-27,57443116;-48,61287653;SPRF-SC;DEL01-SC;UOP01-DEL01-SC
667225;14/03/2025;sexta-feira;17:15:00;RS;116;244;SAO LEOPOLDO;Retorno proibido;Colisão traseira;Com Vítimas Feridas;Pleno dia;Decrescente;Céu Claro;Simples;Reta;Sim;3;0;2;0;1;0;2;2;-29,74152862;-51,15028946;SPRF-RS;DEL01-RS;UOP02-DEL01-RS
667228;14/03/2025;sexta-feira;17:10:00;PR;369;428,4;UBIRATA;Ingestão de álcool pelo condutor;Colisão traseira;Sem Vítimas;Pleno dia;Crescente;Nublado;Simples;Curva;Não;3;0;0;0;3;0;0;2;-24,55201;-52,95105;SPRF-PR;DEL04-PR;UOP03-DEL04-PR
667230;14/03/2025;sexta-feira;17:35:00;PR;369;149,6;LONDRINA;Trafegar com motocicleta (ou similar) entre as faixas;Tombamento;Com Vítimas Feridas;Pleno dia;Crescente;Nublado;Dupla;Reta;Sim;2;0;0;1;0;1;1;2;-23,29279654;-51,15840554;SPRF-PR;DEL07-PR;UOP01-DEL07-PR
667231;14/03/2025;sexta-feira;13:40:00;PE;101;57,5;RECIFE;Acesso irregular;Queda de ocupante de veículo;Com Vítimas Feridas;Pleno dia;Crescente;Chuva;Dupla;Reta;Sim;2;0;2;0;0;0;2;1;-7,970364;-34,920507;SPRF-PE;DEL01-PE;UOP02-DEL01-PE
667232;14/03/2025;sexta-feira;15:40:00;GO;153;535;HIDROLANDIA;Mal súbito do condutor;Saída de leito carroçável;Com Vítimas Feridas;Pleno dia;Decrescente;Céu Claro;Dupla;"Reta;Aclive";Não;2;0;1;0;1;0;1;1;-17,00202;-49,222281;SPRF-GO;DEL01-GO;UOP03-DEL01-GO
667233;14/03/2025;sexta-feira;16:03:00;PA;316;111;SANTA MARIA DO PARA;Conversão proibida;Colisão transversal;Com Vítimas Feridas;Pleno dia;Decrescente;Céu Claro;Simples;Interseção de Vias;Não;2;0;1;0;1;0;1;2;-1,31650832;-47,51089446;SPRF-PA;DEL01-PA;UOP02-DEL01-PA
667234;14/03/2025;sexta-feira;16:25:00;RS;116;624,4;ARROIO GRANDE;Ausência de reação do condutor;Saída de leito carroçável;Com Vítimas Fatais;Pleno dia;Decrescente;Céu Claro;Simples;"Reta;Declive";Não;2;1;0;0;0;1;0;2;-32,338727;-53,157026;SPRF-RS;DEL07-RS;UOP03-DEL07-RS
667235;14/03/2025;sexta-feira;18:00:00;MG;40;426,3;PARAOPEBA;Entrada inopinada do pedestre;Atropelamento de Pedestre;Com Vítimas Fatais;Anoitecer;Decrescente;Céu Claro;Dupla;"Reta;Declive";Não;2;1;0;0;1;0;0;2;-19,16741176;-44,51742064;SPRF-MG;DEL02-MG;UOP01-DEL02-MG
667236;14/03/2025;sexta-feira;17:10:00;PR;277;607;SANTA TEREZA DO OESTE;Condutor deixou de manter distância do veículo da frente;Colisão traseira;Com Vítimas Feridas;Pleno dia;Crescente;Céu Claro;Simples;Reta;Sim;4;0;1;1;0;2;2;3;-25,03832705;-53,59714508;SPRF-PR;DEL05-PR;UOP02-DEL05-PR
667237;14/03/2025;sexta-feira;17:30:00;MG;365;168;BURITIZEIRO;Acessar a via sem observar a presença dos outros veículos;Colisão transversal;Com Vítimas Feridas;Anoitecer;Decrescente;Sol;Simples;Reta;Sim;2;0;1;0;1;0;1;2;-17,3623327;-44,9614657;SPRF-MG;DEL10-MG;UOP02-DEL010-MG
667238;14/03/2025;sexta-feira;18:15:00;SC;470;57;BLUMENAU;Acessar a via sem observar a presença dos outros veículos;Colisão transversal;Com Vítimas Feridas;Anoitecer;Crescente;Nublado;Dupla;"Em Obras;Interseção de Vias;Reta";Sim;2;0;1;0;1;0;1;2;-26,8837038;-49,14549;SPRF-SC;DEL04-SC;UOP01-DEL04-SC
667239;14/03/2025;sexta-feira;18:10:00;SC;101;357;SANGAO;Manobra de mudança de faixa;Capotamento;Com Vítimas Feridas;Pleno dia;Decrescente;Céu Claro;Dupla;Reta;Sim;2;0;2;0;0;0;2;1;-28,65489704;-49,1077047;SPRF-SC;DEL02-SC;UOP01-DEL02-SC
667240;14/03/2025;sexta-feira;17:30:00;MG;40;697,8;BARBACENA;Manobra de mudança de faixa;Colisão lateral mesmo sentido;Com Vítimas Feridas;Pleno dia;Crescente;Chuva;Simples;"Aclive;Curva";Não;4;0;1;0;2;1;1;2;-21,18563274;-43,75263272;SPRF-MG;DEL05-MG;UOP02-DEL05-MG
667243;14/03/2025;sexta-feira;18:00:00;PR;116;18;CURITIBA;Acessar a via sem observar a presença dos outros veículos;Colisão transversal;Com Vítimas Feridas;Anoitecer;Crescente;Nublado;Múltipla;Reta;Sim;2;0;1;0;1;0;1;2;-25,3888502;-49,2025047;SPRF-PR;DEL01-PR;UOP02-DEL01-PR
667244;14/03/2025;sexta-feira;17:30:00;SC;101;102,8;BALNEARIO PICARRAS;Manobra de mudança de faixa;Colisão lateral mesmo sentido;Com Vítimas Feridas;Pleno dia;Crescente;Nublado;Dupla;"Aclive;Reta";Sim;2;0;1;0;0;1;1;2;-26,78112831;-48,68396932;SPRF-SC;DEL03-SC;UOP02-DEL03-SC
667245;14/03/2025;sexta-feira;16:20:00;SE;235;18,3;LARANJEIRAS;Avarias e/ou desgaste excessivo no pneu;Colisão com objeto;Com Vítimas Feridas;Pleno dia;Crescente;Céu Claro;Simples;Reta;Não;1;0;1;0;0;0;1;1;-10,83294573;-37,2243619;SPRF-SE;DEL01-SE;UOP02-DEL01-SE
667246;14/03/2025;sexta-feira;18:10:00;RS;158;304;ITAARA;Ausência de reação do condutor;Tombamento;Com Vítimas Feridas;Pleno dia;Decrescente;Céu Claro;Simples;Reta;Não;2;0;2;0;0;0;2;1;-29,551359;-53,759554;SPRF-RS;DEL09-RS;UOP01-DEL09-RS
667248;14/03/2025;sexta-feira;17:30:00;BA;242;411;SEABRA;Acessar a via sem observar a presença dos outros veículos;Colisão transversal;Com Vítimas Feridas;Pleno dia;Crescente;Céu Claro;Simples;Reta;Não;2;0;0;1;1;0;1;2;-12,443;-41,754;SPRF-BA;DEL06-BA;UOP01-DEL06-BA
667250;14/03/2025;sexta-feira;19:00:00;SP;153;71,8;SAO JOSE DO RIO PRETO;Ingestão de álcool pelo condutor;Colisão transversal;Com Vítimas Feridas;Plena Noite;Crescente;Nublado;Dupla;Reta;Sim;2;0;0;2;0;0;2;2;-20,87075644;-49,41604793;SPRF-SP;DEL09-SP;UOP01-DEL09-SP
667257;14/03/2025;sexta-feira;16:20:00;RS;287;340;SAO VICENTE DO SUL;Ausência de reação do condutor;Saída de leito carroçável;Com Vítimas Feridas;Pleno dia;Crescente;Céu Claro;Simples;Reta;Não;2;0;2;0;0;0;2;1;-29,63129345;-54,67972755;SPRF-RS;DEL12-RS;UOP02-DEL12-RS
667258;14/03/2025;sexta-feira;18:30:00;MT;163;826,5;SINOP;Retorno proibido;Colisão lateral sentido oposto;Com Vítimas Feridas;Pleno dia;Crescente;Céu Claro;Dupla;Reta;Sim;6;0;0;1;5;0;1;2;-11,93547804;-55,51461339;SPRF-MT;DEL06-MT;UOP02-DEL06-MT
667259;14/03/2025;sexta-feira;16:50:00;PI;316;101;BARRO DURO;Transitar na contramão;Colisão frontal;Com Vítimas Feridas;Anoitecer;Crescente;Céu Claro;Simples;Reta;Não;5;0;1;1;3;0;2;2;-5,838151;-42,4782249;SPRF-PI;DEL04-PI;UOP02-DEL04-PI
667260;14/03/2025;sexta-feira;19:34:00;ES;101;269;SERRA;Acessar a via sem observar a presença dos outros veículos;Colisão transversal;Com Vítimas Feridas;Plena Noite;Crescente;Nublado;Múltipla;"Reta;Interseção de Vias";Sim;2;0;1;0;1;0;1;2;-20,20620719;-40,26934736;SPRF-ES;DEL02-ES;UOP01-DEL02-ES
667263;14/03/2025;sexta-feira;18:40:00;PI;316;6,2;TERESINA;Entrada inopinada do pedestre;Atropelamento de Pedestre;Com Vítimas Feridas;Plena Noite;Crescente;Céu Claro;Múltipla;Reta;Sim;3;0;0;3;0;0;3;2;-5,14936951;-42,77384698;SPRF-PI;DEL01-PI;UOP02-DEL01-PI
667264;14/03/2025;sexta-feira;18:11:00;MG;381;636;SANTO ANTONIO DO AMPARO;Reação tardia ou ineficiente do condutor;Capotamento;Com Vítimas Feridas;Anoitecer;Decrescente;Chuva;Dupla;Curva;Não;2;0;1;0;1;0;1;1;-20,86506768;-44,84095573;SPRF-MG;DEL04-MG;UOP01-DEL04-MG
667265;14/03/2025;sexta-feira;18:40:00;SC;101;2,8;ARARANGUA;Desrespeitar a preferência no cruzamento;Colisão transversal;Com Vítimas Feridas;Anoitecer;Decrescente;Nublado;Simples;"Reta;Interseção de Vias";Sim;2;0;1;0;1;0;1;2;-28,94316854;-49,50131007;SPRF-SC;DEL03-SC;UOP01-DEL03-SC
667266;14/03/2025;sexta-feira;20:10:00;SP;116;168,1;JACAREI;Animais na Pista;Atropelamento de Animal;Com Vítimas Feridas;Plena Noite;Crescente;Céu Claro;Dupla;"Reta;Declive";Sim;8;0;5;0;3;0;5;4;-23,30490555;-46,03371967;SPRF-SP;DEL02-SP;UOP01-DEL02-SP
667267;14/03/2025;sexta-feira;19:05:00;SC;470;231,1;SAO CRISTOVAO DO SUL;Velocidade Incompatível;Saída de leito carroçável;Com Vítimas Feridas;Plena Noite;Decrescente;Céu Claro;Simples;Reta;Não;2;0;1;0;1;0;1;1;-27,30398065;-50,40302927;SPRF-SC;DEL05-SC;UOP03-DEL05-SC
667269;14/03/2025;sexta-feira;20:10:00;RS;386;348,9;LAJEADO;Ausência de reação do condutor;Colisão traseira;Com Vítimas Feridas;Plena Noite;Decrescente;Ignorado;Dupla;"Reta;Em Obras";Sim;2;0;1;0;1;0;1;2;-29,46372377;-51,95526654;SPRF-RS;DEL04-RS;UOP01-DEL04-RS
667271;14/03/2025;sexta-feira;20:57:00;ES;101;262;SERRA;Reação tardia ou ineficiente do condutor;Tombamento;Com Vítimas Feridas;Plena Noite;Crescente;Céu Claro;Simples;Reta;Não;1;0;1;0;0;0;1;1;-20,15744099;-40,27716398;SPRF-ES;DEL02-ES;UOP01-DEL02-ES
667272;14/03/2025;sexta-feira;20:40:00;MG;262;880,1;CAMPO FLORIDO;Reação tardia ou ineficiente do condutor;Colisão traseira;Sem Vítimas;Plena Noite;Crescente;Céu Claro;Simples;"Reta;Aclive";Não;3;0;0;0;3;0;0;2;-19,76175611;-48,60802;SPRF-MG;DEL13-MG;UOP02-DEL13-MG
667274;14/03/2025;sexta-feira;19:10:00;RO;364;425;JARU;Acessar a via sem observar a presença dos outros veículos;Colisão traseira;Com Vítimas Feridas;Plena Noite;Decrescente;Nublado;Simples;Aclive;Sim;2;0;2;0;0;0;2;2;-10,43519081;-62,47572714;SPRF-RO;DEL03-RO;UOP02-DEL03-RO
667276;14/03/2025;sexta-feira;18:15:00;SC;101;48;JOINVILLE;Avarias e/ou desgaste excessivo no pneu;Queda de ocupante de veículo;Com Vítimas Feridas;Anoitecer;Crescente;Céu Claro;Dupla;Reta;Não;1;0;1;0;0;0;1;1;-26,378128;-48,852472;SPRF-SC;DEL03-SC;UOP01-DEL03-SC
667278;14/03/2025;sexta-feira;16:00:00;SC;101;3,7;ARARANGUA;Acessar a via sem observar a presença dos outros veículos;Colisão transversal;Com Vítimas Feridas;Pleno dia;Crescente;Céu Claro;Múltipla;Interseção de Vias;Sim;2;0;0;1;1;0;1;2;-28,94949417;-49,50660819;SPRF-SC;DEL02-SC;UOP02-DEL02-SC
667279;14/03/2025;sexta-feira;19:20:00;RJ;116;78;TERESOPOLIS;Transitar na contramão;Colisão frontal;Com Vítimas Feridas;Plena Noite;Decrescente;Céu Claro;Simples;Reta;Não;2;0;0;2;0;0;2;2;-22,3641629;-42,95329;SPRF-RJ;DEL04-RJ;UOP01-DEL04-RJ
667280;14/03/2025;sexta-feira;19:30:00;RO;364;138,3;PIMENTA BUENO;Falta de elemento de contenção que evite a saída do leito carroçável;Saída de leito carroçável;Com Vítimas Feridas;Plena Noite;Crescente;Céu Claro;Simples;"Reta;Declive";Não;2;0;2;0;0;0;2;1;-12,01727;-60,831095;SPRF-RO;DEL02-RO;UOP02-DEL02-RO
667281;14/03/2025;sexta-feira;20:40:00;PR;116;125;FAZENDA RIO GRANDE;Trafegar com motocicleta (ou similar) entre as faixas;Colisão traseira;Com Vítimas Feridas;Plena Noite;Crescente;Nublado;Dupla;Reta;Sim;2;0;0;1;1;0;1;2;-25,63803373;-49,31318153;SPRF-PR;DEL01-PR;UOP03-DEL01-PR
667282;14/03/2025;sexta-feira;17:25:00;RJ;40;85;PETROPOLIS;Reação tardia ou ineficiente do condutor;Tombamento;Com Vítimas Feridas;Pleno dia;Decrescente;Céu Claro;Dupla;"Aclive;Curva";Não;1;0;1;0;0;0;1;1;-22,54603378;-43,22566337;SPRF-RJ;DEL01-RJ;UOP01-DEL01-RJ
667283;14/03/2025;sexta-feira;21:45:00;SP;116;500;BARRA DO TURVO;Reação tardia ou ineficiente do condutor;Capotamento;Com Vítimas Feridas;Plena Noite;Crescente;Chuva;Múltipla;Curva;Não;2;0;1;0;1;0;1;1;-24,9288173;-48,2715893;SPRF-SP;DEL05-SP;UOP02-DEL05-SP
667284;14/03/2025;sexta-feira;20:30:00;MG;116;525,9;CARATINGA;Acessar a via sem observar a presença dos outros veículos;Colisão transversal;Com Vítimas Feridas;Plena Noite;Decrescente;Nublado;Dupla;Interseção de Vias;Sim;3;0;2;0;1;0;2;2;-19,76833785;-42,13105238;SPRF-MG;DEL06-MG;UOP02-DEL06-MG
667286;14/03/2025;sexta-feira;17:50:00;RJ;493;18,8;MAGE;Conversão proibida;Colisão frontal;Com Vítimas Feridas;Anoitecer;Decrescente;Céu Claro;Simples;Reta;Sim;2;0;1;0;1;0;1;2;-22,66566024;-43,03001404;SPRF-RJ;DEL04-RJ;UOP02-DEL04-RJ
667288;14/03/2025;sexta-feira;22:05:00;RN;101;108;PARNAMIRIM;Conversão proibida;Colisão transversal;Com Vítimas Feridas;Plena Noite;Crescente;Céu Claro;Dupla;Reta;Sim;2;0;0;1;1;0;1;2;-5,92771698;-35,26488304;SPRF-RN;DEL01-RN;UOP01-DEL01-RN
667289;14/03/2025;sexta-feira;19:00:00;PE;104;65;CARUARU;Ausência de reação do condutor;Colisão traseira;Com Vítimas Feridas;Plena Noite;Crescente;Céu Claro;Dupla;Reta;Sim;2;0;1;0;1;0;1;2;-8,2104215;-35,9719725;SPRF-PE;DEL02-PE;UOP01-DEL02-PE
667290;14/03/2025;sexta-feira;22:05:00;SP;116;189;SANTA ISABEL;Reação tardia ou ineficiente do condutor;Queda de ocupante de veículo;Com Vítimas Feridas;Plena Noite;Crescente;Céu Claro;Dupla;Reta;Não;1;0;1;0;0;0;1;1;-23,3628915;-46,2225552;SPRF-SP;DEL01-SP;UOP01-DEL01-SP
667291;14/03/2025;sexta-feira;22:00:00;MG;116;585,3;MANHUACU;Transitar no Acostamento;Atropelamento de Pedestre;Com Vítimas Feridas;Plena Noite;Crescente;Céu Claro;Simples;Reta;Sim;2;0;2;0;0;0;2;2;-20,23761772;-42,16415282;SPRF-MG;DEL06-MG;UOP03-DEL06-MG
667292;14/03/2025;sexta-feira;21:55:00;SC;101;206,2;SAO JOSE;Condutor deixou de manter distância do veículo da frente;Colisão traseira;Com Vítimas Feridas;Plena Noite;Decrescente;Nublado;Múltipla;Reta;Sim;3;0;1;1;1;0;2;2;-27,58901252;-48,61724854;SPRF-SC;DEL01-SC;UOP01-DEL01-SC
667293;14/03/2025;sexta-feira;22:45:00;SP;381;37,5;ATIBAIA;Ausência de reação do condutor;Capotamento;Com Vítimas Feridas;Plena Noite;Decrescente;Céu Claro;Dupla;Reta;Sim;2;0;2;0;0;0;2;1;-23,10593499;-46,56881869;SPRF-SP;DEL03-SP;UOP01-DEL03-SP
667295;14/03/2025;sexta-feira;22:50:00;SC;101;329;TUBARAO;Ausência de reação do condutor;Colisão com objeto;Com Vítimas Feridas;Plena Noite;Crescente;Céu Claro;Múltipla;"Curva;Desvio Temporário";Não;1;0;1;0;0;0;1;1;-28,45440591;-48,97901231;SPRF-SC;DEL02-SC;UOP01-DEL02-SC
667296;14/03/2025;sexta-feira;20:30:00;SC;163;117,9;DIONISIO CERQUEIRA;Reação tardia ou ineficiente do condutor;Saída de leito carroçável;Com Vítimas Feridas;Plena Noite;Crescente;Nublado;Simples;"Aclive;Reta";Não;2;0;0;2;0;0;2;1;-26,34626789;-53,54624748;SPRF-SC;DEL07-SC;UOP03-DEL07-SC
667297;14/03/2025;sexta-feira;21:30:00;CE;20;83,2;TAUA;Ingestão de álcool pelo condutor;Colisão frontal;Com Vítimas Fatais;Plena Noite;Crescente;Céu Claro;Simples;Reta;Sim;2;1;0;0;1;0;0;2;-6,0067214;-40,2859736;SPRF-CE;DEL02-CE;UOP02-DEL02-CE
667299;14/03/2025;sexta-feira;23:00:00;RJ;101;300;SAO GONCALO;Reação tardia ou ineficiente do condutor;Colisão traseira;Com Vítimas Feridas;Plena Noite;Crescente;Céu Claro;Dupla;Reta;Sim;3;0;1;0;2;0;1;2;-22,77529234;-42,94544935;SPRF-RJ;DEL02-RJ;UOP02-DEL02-RJ