id;data_inversa;dia_semana;horario;uf;br;km;municipio;causa_acidente;tipo_acidente;classificacao_acidente;fase_dia;sentido_via;condicao_metereologica;tipo_pista;tracado_via;uso_solo;pessoas;mortos;feridos_leves;feridos_graves;ilesos;ignorados;feridos;veiculos;latitude;longitude;regional;delegacia;uop
667300;14/03/2025;sexta-feira;21:28:00;PE;232;57;POMBOS;Pedestre cruzava a pista fora da faixa;Atropelamento de Pedestre;Sem Vítimas;Plena Noite;Decrescente;Nublado;Dupla;Curva;Não;2;0;0;0;1;1;0;2;-8,14113;-35,38214;SPRF-PE;DEL02-PE;UOP02-DEL02PE
667301;14/03/2025;sexta-feira;23:00:00;PI;316;312;PICOS;Transitar na contramão;Colisão frontal;Com Vítimas Feridas;Plena Noite;Decrescente;Céu Claro;Dupla;Reta;Não;2;0;0;1;1;0;1;2;-7,07938614;-41,44939899;SPRF-PI;DEL04-PI;UOP01-DEL04-PI
667302;14/03/2025;sexta-feira;22:22:00;SC;101;29,1;JOINVILLE;Reação tardia ou ineficiente do condutor;Colisão traseira;Sem Vítimas;Plena Noite;Decrescente;Nublado;Dupla;Reta;Não;4;0;0;0;4;0;0;4;-26,22064956;-48,91611636;SPRF-SC;DEL03-SC;UOP01-DEL03-SC
667303;14/03/2025;sexta-feira;23:40:00;PB;230;184;BOA VISTA;Ausência de reação do condutor;Saída de leito carroçável;Com Vítimas Feridas;Plena Noite;Crescente;Chuva;Simples;Reta;Não;1;0;1;0;0;0;1;1;-7,152992;-36,109658;SPRF-PB;DEL02-PB;UOP02-DEL02-PB
667304;14/03/2025;sexta-feira;23:39:00;RS;116;151,7;CAXIAS DO SUL;Reação tardia ou ineficiente do condutor;Colisão com objeto;Sem Vítimas;Plena Noite;Crescente;Céu Claro;Dupla;Interseção de Vias;Sim;2;0;0;0;2;0;0;1;-29,1499603;-51,1449365;SPRF-RS;DEL05-RS;UOP01-DEL05-RS
667305;14/03/2025;sexta-feira;22:30:00;SC;116;1;MAFRA;Pista Escorregadia;Queda de ocupante de veículo;Com Vítimas Feridas;Plena Noite;Decrescente;Ignorado;Simples;Rotatória;Sim;1;0;1;0;0;0;1;1;-26,1184039;-49,78766799;SPRF-SC;DEL06-SC;UOP01-DEL06-SC
667308;15/03/2025;sábado;00:03:00;PB;230;10;CABEDELO;Desvio temporário;Saída de leito carroçável;Com Vítimas Feridas;Plena Noite;Crescente;Céu Claro;Dupla;"Desvio Temporário;Em Obras";Sim;1;0;1;0;0;0;1;1;-7,06085038;-34,85052824;SPRF-PB;DEL01-PB;UOP01-DEL01-PB
667309;15/03/2025;sábado;00:00:00;RO;364;241;CACOAL;Ingestão de álcool pelo condutor;Saída de leito carroçável;Com Vítimas Feridas;Plena Noite;Crescente;Céu Claro;Simples;"Reta;Declive";Não;1;0;1;0;0;0;1;1;-11,440498;-61,478703;SPRF-RO;DEL02-RO;UOP02-DEL02-RO
667310;14/03/2025;sexta-feira;22:45:00;BA;116;450,5;ANTONIO CARDOSO;Transitar na contramão;Tombamento;Sem Vítimas;Plena Noite;Crescente;Céu Claro;Dupla;Reta;Não;2;0;0;0;0;2;0;1;-12,3958;-39,16;SPRF-BA;DEL02-BA;UOP01-DEL02-BA
667311;15/03/2025;sábado;00:40:00;PR;158;527,4;PATO BRANCO;Transitar na contramão;Colisão frontal;Com Vítimas Fatais;Plena Noite;Decrescente;Céu Claro;Simples;Reta;Não;6;2;4;0;0;0;4;2;-26,175477;-52,663212;SPRF-PR;DEL02-PR;UOP01-DEL02-PR
667312;15/03/2025;sábado;00:40:00;RS;116;250;SAO LEOPOLDO;Ingestão de álcool pelo condutor;Colisão com objeto;Com Vítimas Feridas;Plena Noite;Crescente;Céu Claro;Múltipla;Reta;Não;1;0;1;0;0;0;1;1;-29,79231858;-51,16437642;SPRF-RS;DEL01-RS;UOP02-DEL01-RS
667313;15/03/2025;sábado;00:30:00;PI;343;348,8;TERESINA;Manobra de mudança de faixa;Colisão frontal;Com Vítimas Feridas;Plena Noite;Crescente;Céu Claro;Dupla;Reta;Sim;2;0;0;1;1;0;1;2;-5,12079202;-42,79087778;SPRF-PI;DEL01-PI;UOP01-DEL01-PI
667314;15/03/2025;sábado;01:00:00;PR;116;107;SAO JOSE DOS PINHAIS;Reação tardia ou ineficiente do condutor;Capotamento;Com Vítimas Feridas;Plena Noite;Decrescente;Nublado;Dupla;Reta;Não;1;0;1;0;0;0;1;1;-25,568516;-49,231505;SPRF-PR;DEL01-PR;UOP03-DEL01-PR
667315;14/03/2025;sexta-feira;23:30:00;MT;163;1063;GUARANTA DO NORTE;Conversão proibida;Colisão frontal;Com Vítimas Feridas;Plena Noite;Decrescente;Céu Claro;Simples;"Reta;Aclive;Interseção de Vias";Sim;2;0;0;1;1;0;1;2;-9,96516276;-54,90516186;SPRF-MT;DEL06-MT;UOP03-DEL06-MT
667320;15/03/2025;sábado;02:40:00;SC;470;44,5;GASPAR;Ingestão de álcool pelo condutor;Saída de leito carroçável;Com Vítimas Feridas;Plena Noite;Crescente;Céu Claro;Dupla;Reta;Não;1;0;1;0;0;0;1;1;-26,86945379;-49,02526617;SPRF-SC;DEL04-SC;UOP01-DEL04-SC
667321;15/03/2025;sábado;02:30:00;PR;376;3;SAO JOSE DOS PINHAIS;Velocidade Incompatível;Colisão traseira;Sem Vítimas;Plena Noite;Crescente;Garoa/Chuvisco;Dupla;Reta;Sim;2;0;0;0;2;0;0;2;-25,54162545;-49,19102853;SPRF-PR;DEL01-PR;UOP04-DEL01-PR
667322;15/03/2025;sábado;01:40:00;RS;290;72,9;GRAVATAI;Ausência de reação do condutor;Queda de ocupante de veículo;Com Vítimas Feridas;Plena Noite;Crescente;Céu Claro;Múltipla;Reta;Não;1;0;1;0;0;0;1;1;-29,95286;-50,985949;SPRF-RS;DEL03-RS;UOP01-DEL03-RS
667323;15/03/2025;sábado;02:40:00;RJ;116;307,4;RESENDE;Ausência de reação do condutor;Saída de leito carroçável;Com Vítimas Feridas;Plena Noite;Decrescente;Céu Claro;Simples;Reta;Não;1;0;0;1;0;0;1;1;-22,45704281;-44,41291809;SPRF-RJ;DEL07-RJ;UOP02-DEL07-RJ
667324;15/03/2025;sábado;04:21:00;SP;116;4;GUARULHOS;Reação tardia ou ineficiente do condutor;Colisão com objeto;Sem Vítimas;Plena Noite;Crescente;Nublado;Dupla;"Declive;Curva";Sim;3;0;0;0;3;0;0;1;-23,4215213;-46,4779508;SPRF-SP;DEL01-SP;UOP01-DEL01-SP
667325;15/03/2025;sábado;01:00:00;RJ;393;249;BARRA DO PIRAI;Velocidade Incompatível;Colisão com objeto;Sem Vítimas;Plena Noite;Decrescente;Céu Claro;Simples;Curva;Não;1;0;0;0;0;1;0;1;-22,4410726;-43,7878222;SPRF-RJ;DEL05-RJ;UOP04-DEL05-RJ
667327;15/03/2025;sábado;04:35:00;DF;20;22;BRASILIA;Velocidade Incompatível;Saída de leito carroçável;Com Vítimas Feridas;Plena Noite;Crescente;Chuva;Dupla;Reta;Sim;2;0;1;0;1;0;1;1;-15,59569305;-47,65079116;SPRF-DF;DEL02-DF;UOP01-DEL02-DF
667328;15/03/2025;sábado;03:35:00;MG;116;760;LEOPOLDINA;Reação tardia ou ineficiente do condutor;Saída de leito carroçável;Com Vítimas Feridas;Amanhecer;Crescente;Chuva;Simples;Reta;Não;1;0;0;1;0;0;1;1;-21,52702255;-42,62094498;SPRF-MG;DEL07-MG;UOP01-DEL07-MG
667332;15/03/2025;sábado;05:10:00;SC;282;572;PINHALZINHO;Velocidade Incompatível;Saída de leito carroçável;Com Vítimas Feridas;Amanhecer;Crescente;Céu Claro;Simples;Curva;Não;1;0;1;0;0;0;1;1;-26,87761485;-52,95156013;SPRF-SC;DEL07-SC;UOP02-DEL07-SC
667333;15/03/2025;sábado;04:30:00;SP;116;60,1;GUARATINGUETA;Ausência de reação do condutor;Colisão traseira;Com Vítimas Fatais;Plena Noite;Crescente;Nublado;Dupla;Reta;Não;4;1;1;0;2;0;1;4;-22,8162;-45,1935;SPRF-SP;DEL08-SP;UOP01-DEL08-SP
667334;15/03/2025;sábado;05:40:00;PR;277;671,5;MEDIANEIRA;Acessar a via sem observar a presença dos outros veículos;Colisão lateral mesmo sentido;Com Vítimas Feridas;Amanhecer;Crescente;Céu Claro;Dupla;Reta;Sim;3;0;0;1;1;1;1;2;-25,28670594;-54,09388281;SPRF-PR;DEL05-PR;UOP02-DEL05-PR
667335;15/03/2025;sábado;05:55:00;PR;277;632;CEU AZUL;Reação tardia ou ineficiente do condutor;Colisão com objeto;Com Vítimas Feridas;Amanhecer;Decrescente;Nublado;Simples;"Reta;Retorno Regulamentado";Sim;2;0;1;0;1;0;1;1;-25,12473208;-53,81657124;SPRF-PR;DEL05-PR;UOP02-DEL05-PR
667336;15/03/2025;sábado;02:30:00;MG;356;270;MURIAE;Ingestão de álcool pelo condutor;Tombamento;Com Vítimas Feridas;Plena Noite;Decrescente;Nublado;Simples;Curva;Não;1;0;1;0;0;0;1;1;-21,12608434;-42,32848428;SPRF-MG;DEL07-MG;UOP02-DEL07-MG
667338;15/03/2025;sábado;07:00:00;SC;101;350,6;JAGUARUNA;Ausência de reação do condutor;Saída de leito carroçável;Com Vítimas Feridas;Pleno dia;Decrescente;Céu Claro;Dupla;Reta;Não;1;0;1;0;0;0;1;1;-28,602796;-49,054046;SPRF-SC;DEL02-SC;UOP01-DEL02-SC
667340;15/03/2025;sábado;06:50:00;PR;476;149;ARAUCARIA;Reação tardia ou ineficiente do condutor;Colisão traseira;Sem Vítimas;Pleno dia;Decrescente;Céu Claro;Dupla;Reta;Não;2;0;0;0;1;1;0;2;-25,55180434;-49,37098414;SPRF-PR;DEL01-PR;UOP06-DEL01-PR
667342;15/03/2025;sábado;05:40:00;SP;116;546;BARRA DO TURVO;Chuva;Capotamento;Com Vítimas Feridas;Amanhecer;Crescente;Garoa/Chuvisco;Dupla;Curva;Não;3;0;1;0;2;0;1;1;-24,94709199;-48,42676163;SPRF-SP;DEL05-SP;UOP02-DEL05-SP
667344;15/03/2025;sábado;02:50:00;MT;70;514,3;VARZEA GRANDE;Ausência de reação do condutor;Colisão transversal;Com Vítimas Feridas;Plena Noite;Crescente;Nublado;Simples;Reta;Sim;2;0;0;1;0;1;1;2;-15,70603306;-56,13478415;SPRF-MT;DEL01-MT;UOP02-DEL01-MT
667345;15/03/2025;sábado;00:17:00;MG;116;502,3;INHAPIM;Velocidade Incompatível;Colisão com objeto;Com Vítimas Feridas;Plena Noite;Decrescente;Céu Claro;Simples;Curva;Não;2;0;2;0;0;0;2;1;-19,58152;-42,114513;SPRF-MG;DEL06-MG;UOP02-DEL06-MG
667346;15/03/2025;sábado;05:20:00;MA;316;260,9;SANTA INES;Ingestão de álcool pelo condutor;Colisão frontal;Com Vítimas Feridas;Amanhecer;Crescente;Nublado;Simples;Rotatória;Sim;2;0;0;1;1;0;1;2;-3,67517199;-45,39001465;SPRF-MA;DEL02-MA;UOP01-DEL02-MA
667347;15/03/2025;sábado;06:30:00;SP;116;58,7;GUARATINGUETA;Acessar a via sem observar a presença dos outros veículos;Colisão lateral mesmo sentido;Com Vítimas Feridas;Pleno dia;Crescente;Nublado;Dupla;Reta;Não;2;0;1;0;1;0;1;2;-22,78339276;-45,15058994;SPRF-SP;DEL08-SP;UOP01-DEL08-SP
667348;15/03/2025;sábado;05:30:00;MG;116;569,1;MANHUACU;Ausência de reação do condutor;Saída de leito carroçável;Sem Vítimas;Pleno dia;Crescente;Céu Claro;Simples;Reta;Não;1;0;0;0;1;0;0;1;-20,250624;-42,1429248;SPRF-MG;DEL06-MG;UOP03-DEL06-MG
667350;15/03/2025;sábado;07:25:00;MA;135;13;SAO LUIS;Acessar a via sem observar a presença dos outros veículos;Colisão transversal;Com Vítimas Feridas;Pleno dia;Decrescente;Céu Claro;Dupla;"Reta;Retorno Regulamentado";Sim;2;0;2;0;0;0;2;2;-2,67915972;-44,29460973;SPRF-MA;DEL01-MA;UOP01-DEL01-MA
667351;15/03/2025;sábado;07:50:00;SC;101;220;PALHOCA;Avarias e/ou desgaste excessivo no pneu;Tombamento;Com Vítimas Feridas;Pleno dia;Crescente;Céu Claro;Dupla;Reta;Sim;2;0;2;0;0;0;2;1;-27,694213;-48,662945;SPRF-SC;DEL01-SC;UOP02-DEL01-SC
667352;15/03/2025;sábado;08:05:00;MG;381;444,9;SANTA LUZIA;Transitar na contramão;Colisão lateral sentido oposto;Com Vítimas Feridas;Pleno dia;Crescente;Céu Claro;Simples;Reta;Não;2;0;0;1;1;0;1;2;-19,81587;-43,81192;SPRF-MG;DEL01-MG;UOP01-DEL01-MG
667359;11/03/2025;terça-feira;20:10:00;PR;373;185;PONTA GROSSA;Ausência de reação do condutor;Saída de leito carroçável;Com Vítimas Feridas;Plena Noite;Decrescente;Chuva;Simples;Curva;Não;1;0;1;0;0;0;1;1;-25,04688088;-50,28871536;SPRF-PR;DEL03-PR;UOP01-DEL03-PR
667362;15/03/2025;sábado;08:30:00;RJ;101;422,1;MANGARATIBA;Velocidade Incompatível;Atropelamento de Pedestre;Com Vítimas Feridas;Pleno dia;Decrescente;Nublado;Simples;Reta;Sim;2;0;0;2;0;0;2;2;-22,9183154;-43,9478571;SPRF-RJ;DEL03-RJ;UOP02-DEL03-RJ
667364;27/02/2025;quinta-feira;22:06:00;SC;101;46,1;JOINVILLE;Ausência de reação do condutor;Tombamento;Com Vítimas Feridas;Plena Noite;Decrescente;Nublado;Simples;Reta;Sim;1;0;1;0;0;0;1;1;-26,363135;-48,859033;SPRF-SC;DEL03-SC;UOP01-DEL03-SC
667366;15/03/2025;sábado;08:45:00;GO;153;439,9;ANAPOLIS;Objeto estático sobre o leito carroçável;Colisão com objeto;Com Vítimas Feridas;Pleno dia;Decrescente;Céu Claro;Dupla;"Reta;Interseção de Vias;Declive";Sim;1;0;0;1;0;0;1;1;-16,32774074;-48,92094324;SPRF-GO;DEL02-GO;UOP01-DEL02-GO
667367;15/03/2025;sábado;09:15:00;RS;386;342;LAJEADO;Reação tardia ou ineficiente do condutor;Tombamento;Com Vítimas Feridas;Pleno dia;Crescente;Nublado;Dupla;"Curva;Desvio Temporário;Em Obras;Aclive";Sim;1;0;1;0;0;0;1;1;-29,4317871;-52,01221582;SPRF-RS;DEL04-RS;UOP01-DEL04-RS
667368;15/03/2025;sábado;09:07:00;SC;282;17,5;PALHOCA;Conversão proibida;Colisão frontal;Com Vítimas Feridas;Pleno dia;Decrescente;Nublado;Simples;Reta;Sim;3;0;0;1;2;0;1;3;-27,6698;-48,6917;SPRF-SC;DEL01-SC;UOP02-DEL01-SC
667370;15/03/2025;sábado;09:00:00;PE;101;157;GAMELEIRA;Ausência de reação do condutor;Colisão traseira;Com Vítimas Feridas;Pleno dia;Crescente;Garoa/Chuvisco;Dupla;Reta;Não;3;0;2;0;0;1;2;2;-8,543843;-35,390694;SPRF-PE;DEL01-PE;UOP03-DEL01-PE
667372;15/03/2025;sábado;09:00:00;SC;282;38,5;AGUAS MORNAS;Conversão proibida;Colisão traseira;Com Vítimas Feridas;Pleno dia;Crescente;Nublado;Simples;"Declive;Curva";Não;7;0;2;0;5;0;2;2;-27,7132757;-48,8587318;SPRF-SC;DEL01-SC;UOP03-DEL01-SC
667373;15/03/2025;sábado;09:45:00;SC;280;50;GUARAMIRIM;Conversão proibida;Colisão transversal;Com Vítimas Feridas;Pleno dia;Crescente;Céu Claro;Simples;"Aclive;Em Obras;Reta";Não;2;0;1;0;1;0;1;2;-26,45765393;-48,93427491;SPRF-SC;DEL03-SC;UOP03-DEL03-SC
667374;15/03/2025;sábado;09:00:00;PR;277;34;MORRETES;Manobra de mudança de faixa;Colisão lateral mesmo sentido;Com Vítimas Feridas;Pleno dia;Decrescente;Nublado;Dupla;Reta;Sim;5;0;2;0;3;0;2;2;-25,572103;-48,83249;SPRF-PR;DEL01-PR;UOP05-DEL01-PR
667375;15/03/2025;sábado;09:00:00;BA;407;6;JUAZEIRO;Ultrapassagem Indevida;Colisão transversal;Com Vítimas Feridas;Pleno dia;Decrescente;Céu Claro;Dupla;Retorno Regulamentado;Sim;2;0;0;1;1;0;1;2;-9,46531734;-40,4825592;SPRF-PE;DEL06-PE;UOP01-DEL06-PE
667376;15/03/2025;sábado;09:20:00;RS;290;24,5;SANTO ANTONIO DA PATRULHA;Manobra de mudança de faixa;Colisão lateral mesmo sentido;Sem Vítimas;Pleno dia;Crescente;Céu Claro;Dupla;Reta;Não;3;0;0;0;3;0;0;2;-29,881748;-50,495006;SPRF-RS;DEL03-RS;UOP01-DEL03-RS
667380;15/03/2025;sábado;07:20:00;MG;146;443,2;CABO VERDE;Velocidade Incompatível;Saída de leito carroçável;Com Vítimas Fatais;Pleno dia;Decrescente;Céu Claro;Simples;Reta;Não;1;1;0;0;0;0;0;1;-21,501193;-46,392332;SPRF-MG;DEL09-MG;UOP01-DEL09-MG
667382;15/03/2025;sábado;07:05:00;RS;290;720;URUGUAIANA;Ingestão de álcool pelo condutor;Tombamento;Com Vítimas Feridas;Amanhecer;Crescente;Céu Claro;Simples;Aclive;Sim;1;0;1;0;0;0;1;1;-29,77203883;-57,05369174;SPRF-RS;DEL13-RS;UOP01-DEL13-RS
667387;15/03/2025;sábado;11:00:00;ES;101;426;ATILIO VIVACQUA;Velocidade Incompatível;Saída de leito carroçável;Com Vítimas Feridas;Pleno dia;Crescente;Céu Claro;Simples;"Rotatória;Curva";Não;1;0;1;0;0;0;1;1;-21,01072177;-41,14598628;SPRF-ES;DEL03-ES;UOP02-DEL03-ES
667388;15/03/2025;sábado;09:45:00;MG;262;801,6;UBERABA;Reação tardia ou ineficiente do condutor;Tombamento;Com Vítimas Feridas;Pleno dia;Crescente;Céu Claro;Dupla;Reta;Sim;1;0;1;0;0;0;1;1;-19,77046;-47,950447;SPRF-MG;DEL13-MG;UOP01-DEL13-MG
667389;15/03/2025;sábado;10:00:00;PR;0;0;PAICANDU;Desrespeitar a preferência no cruzamento;Colisão transversal;Sem Vítimas;Pleno dia;Não Informado;Céu Claro;Simples;Interseção de Vias;Sim;2;0;0;0;2;0;0;2;-23,463733;-52,030777;SPRF-PR;DEL09-PR;UOP01-DEL09-PR
667390;15/03/2025;sábado;11:30:00;SP;153;69;SAO JOSE DO RIO PRETO;Manobra de mudança de faixa;Colisão lateral mesmo sentido;Com Vítimas Feridas;Pleno dia;Crescente;Céu Claro;Dupla;Reta;Sim;3;0;2;0;1;0;2;2;-20,850723;-49,397098;SPRF-SP;DEL09-SP;UOP01-DEL09-SP
667391;15/03/2025;sábado;11:00:00;PB;230;81,6;CALDAS BRANDAO;Ingestão de álcool pelo condutor;Saída de leito carroçável;Com Vítimas Feridas;Pleno dia;Decrescente;Nublado;Dupla;Reta;Não;1;0;0;1;0;0;1;1;-7,174267;-35,332977;SPRF-PB;DEL01-PB;UOP02-DEL01-PB
667394;15/03/2025;sábado;12:20:00;RS;116;292;ELDORADO DO SUL;Reação tardia ou ineficiente do condutor;Tombamento;Com Vítimas Feridas;Pleno dia;Crescente;Sol;Dupla;Reta;Sim;2;0;2;0;0;0;2;1;-30,0362893;-51,3277109;SPRF-RS;DEL02-RS;UOP01-DEL02-RS
667395;15/03/2025;sábado;12:00:00;PB;104;111;LAGOA SECA;Ingestão de álcool pelo condutor;Colisão traseira;Sem Vítimas;Pleno dia;Crescente;Céu Claro;Simples;Reta;Não;2;0;0;0;1;1;0;2;-7,13779433;-35,86082697;SPRF-PB;DEL02-PB;UOP04-DEL02-PB
667396;15/03/2025;sábado;12:40:00;GO;40;3;VALPARAISO DE GOIAS;Reação tardia ou ineficiente do condutor;Colisão traseira;Sem Vítimas;Pleno dia;Decrescente;Céu Claro;Dupla;Reta;Sim;3;0;0;0;3;0;0;2;-16,07608;-47,98567;SPRF-DF;DEL01-DF;UOP01-DEL01-DF
667400;15/03/2025;sábado;09:10:00;MG;262;486,4;BOM DESPACHO;Transitar na contramão;Colisão transversal;Com Vítimas Fatais;Pleno dia;Decrescente;Céu Claro;Simples;Reta;Não;3;1;1;0;0;1;1;3;-19,804824;-45,23414612;SPRF-MG;DEL08-MG;UOP03-DEL08-MG
667403;15/03/2025;sábado;11:40:00;SC;282;52,8;PALHOCA;Ultrapassagem Indevida;Colisão frontal;Com Vítimas Feridas;Pleno dia;Decrescente;Nublado;Simples;Curva;Não;2;0;2;0;0;0;2;2;-27,67362793;-48,69498968;SPRF-SC;DEL01-SC;UOP03-DEL01-SC
667404;25/02/2025;terça-feira;17:40:00;RS;153;46,2;ERECHIM;Conversão proibida;Colisão transversal;Com Vítimas Feridas;Pleno dia;Crescente;Céu Claro;Simples;"Declive;Reta";Sim;3;0;1;0;2;0;1;2;-27,63702188;-52,23968983;SPRF-RS;DEL08-RS;UOP04-DEL08-RS
667405;15/03/2025;sábado;11:30:00;MA;10;257;IMPERATRIZ;Acessar a via sem observar a presença dos outros veículos;Colisão transversal;Com Vítimas Feridas;Pleno dia;Decrescente;Céu Claro;Simples;Reta;Sim;2;0;1;0;1;0;1;2;-5,48743905;-47,472049;SPRF-MA;DEL04-MA;UOP01-DEL04-MA
667406;15/03/2025;sábado;13:30:00;PR;277;454,9;LARANJEIRAS DO SUL;Ultrapassagem Indevida;Colisão lateral mesmo sentido;Com Vítimas Feridas;Pleno dia;Crescente;Nublado;Simples;Curva;Não;4;0;2;0;2;0;2;2;-25,384357;-52,420773;SPRF-PR;DEL04-PR;UOP02-DEL04-PR
667407;15/03/2025;sábado;14:10:00;SP;153;62,9;SAO JOSE DO RIO PRETO;Reação tardia ou ineficiente do condutor;Colisão lateral mesmo sentido;Com Vítimas Feridas;Pleno dia;Crescente;Céu Claro;Dupla;"Reta;Aclive";Sim;4;0;1;0;3;0;1;2;-20,8186315;-49,3572479;SPRF-SP;DEL09-SP;UOP01-DEL09-SP
667408;15/03/2025;sábado;05:00:00;MS;60;71;PARAISO DAS AGUAS;Reação tardia ou ineficiente do condutor;Saída de leito carroçável;Com Vítimas Feridas;Amanhecer;Crescente;Ignorado;Simples;Reta;Não;2;0;2;0;0;0;2;1;-19,11049758;-53,04160595;SPRF-MS;DEL06-MS;UOP02-DEL06-MS
667409;15/03/2025;sábado;13:35:00;BA;116;421;FEIRA DE SANTANA;Entrada inopinada do pedestre;Atropelamento de Pedestre;Com Vítimas Fatais;Pleno dia;Decrescente;Céu Claro;Dupla;Reta;Sim;2;1;0;0;1;0;0;2;-12,224822;-38,965198;SPRF-BA;DEL02-BA;UOP01-DEL02-BA
667411;15/03/2025;sábado;14:35:00;PE;101;46;IGARASSU;Ausência de reação do condutor;Colisão traseira;Com Vítimas Feridas;Pleno dia;Decrescente;Nublado;Múltipla;Reta;Sim;3;0;1;1;1;0;2;2;-7,881095;-34,904827;SPRF-PE;DEL01-PE;UOP02-DEL01-PE
667412;15/03/2025;sábado;12:20:00;MS;163;832;SONORA;Transitar na contramão;Colisão frontal;Com Vítimas Feridas;Pleno dia;Crescente;Céu Claro;Simples;Reta;Não;4;0;2;2;0;0;4;2;-17,59278419;-54,74525928;SPRF-MS;DEL06-MS;UOP01-DEL06-MS
667414;15/03/2025;sábado;15:30:00;PR;376;617;SAO JOSE DOS PINHAIS;Ausência de reação do condutor;Queda de ocupante de veículo;Com Vítimas Feridas;Pleno dia;Decrescente;Nublado;Dupla;Curva;Não;1;0;1;0;0;0;1;1;-25,5889084;-49,171702;SPRF-PR;DEL01-PR;UOP04-DEL01-PR
667415;19/02/2025;quarta-feira;12:55:00;RJ;40;110;DUQUE DE CAXIAS;Demais falhas mecânicas ou elétricas;Colisão com objeto;Com Vítimas Feridas;Pleno dia;Decrescente;Céu Claro;Dupla;Reta;Sim;1;0;0;1;0;0;1;1;-22,68347951;-43,28518867;SPRF-RJ;DEL01-RJ;UOP02-DEL01-RJ
667416;15/03/2025;sábado;15:45:00;RN;427;27,4;ACARI;Reação tardia ou ineficiente do condutor;Colisão traseira;Sem Vítimas;Pleno dia;Crescente;Céu Claro;Simples;Reta;Sim;4;0;0;0;4;0;0;2;-6,43382701;-36,63962245;SPRF-RN;DEL03-RN;UOP01-DEL03-RN
667417;15/03/2025;sábado;15:40:00;SP;116;279;EMBU DAS ARTES;Manobra de mudança de faixa;Colisão lateral mesmo sentido;Com Vítimas Feridas;Pleno dia;Crescente;Céu Claro;Dupla;"Aclive;Reta";Sim;2;0;1;0;1;0;1;2;-23,64187381;-46,83806382;SPRF-SP;DEL04-SP;UOP01-DEL04-SP
667418;15/03/2025;sábado;16:15:00;SP;116;224;GUARULHOS;Ausência de reação do condutor;Colisão traseira;Com Vítimas Feridas;Pleno dia;Decrescente;Céu Claro;Múltipla;Reta;Sim;3;0;1;0;0;2;1;2;-23,48259047;-46,53529848;SPRF-SP;DEL01-SP;UOP01-DEL01-SP
667419;15/03/2025;sábado;16:00:00;MG;40;567,2;NOVA LIMA;Velocidade Incompatível;Saída de leito carroçável;Com Vítimas Feridas;Pleno dia;Decrescente;Nublado;Simples;Reta;Não;6;0;0;5;0;1;5;2;-20,19266401;-43,97211289;SPRF-MG;DEL01-MG;UOP02-DEL01-MG
667420;15/03/2025;sábado;16:00:00;MG;381;896,6;CAMBUI;Velocidade Incompatível;Colisão com objeto;Sem Vítimas;Pleno dia;Crescente;Chuva;Dupla;Curva;Não;1;0;0;0;1;0;0;1;-22,59491627;-46,05631076;SPRF-MG;DEL16-MG;UOP01-DEL16-MG
667421;15/03/2025;sábado;11:45:00;RS;116;225;DOIS IRMAOS;Acessar a via sem observar a presença dos outros veículos;Colisão transversal;Com Vítimas Feridas;Pleno dia;Decrescente;Nublado;Simples;"Aclive;Reta";Sim;3;0;2;0;1;0;2;2;-29,597907;-51,110335;SPRF-RS;DEL01-RS;UOP02-DEL01-RS
667422;15/03/2025;sábado;14:15:00;RS;290;395;SANTA MARGARIDA DO SUL;Reação tardia ou ineficiente do condutor;Colisão traseira;Com Vítimas Feridas;Pleno dia;Decrescente;Sol;Simples;"Reta;Em Obras";Não;7;0;3;0;4;0;3;2;-30,34534123;-54,11190726;SPRF-RS;DEL09-RS;UOP02-DEL09-RS
667423;15/03/2025;sábado;15:15:00;SC;470;98,4;APIUNA;Reação tardia ou ineficiente do condutor;Colisão traseira;Com Vítimas Feridas;Pleno dia;Crescente;Nublado;Simples;Reta;Sim;2;0;1;0;1;0;1;2;-27,03661762;-49,39163262;SPRF-SC;DEL04-SC;UOP02-DEL04-SC
667425;15/03/2025;sábado;14:55:00;PI;316;2,8;TERESINA;Transitar na contramão;Colisão frontal;Com Vítimas Feridas;Pleno dia;Decrescente;Sol;Múltipla;Reta;Sim;2;0;1;0;0;1;1;2;-5,12982108;-42,79221414;SPRF-PI;DEL01-PI;UOP02-DEL01-PI
667427;15/03/2025;sábado;14:30:00;BA;242;442;SEABRA;Acessar a via sem observar a presença dos outros veículos;Colisão transversal;Com Vítimas Feridas;Pleno dia;Crescente;Sol;Simples;Reta;Não;4;0;1;0;3;0;1;2;-12,392414;-41,917777;SPRF-BA;DEL06-BA;UOP01-DEL06-BA
667429;15/03/2025;sábado;16:30:00;DF;70;5;BRASILIA;Acessar a via sem observar a presença dos outros veículos;Colisão traseira;Com Vítimas Feridas;Pleno dia;Decrescente;Céu Claro;Múltipla;Reta;Sim;2;0;0;1;1;0;1;2;-15,79307023;-48,10103774;SPRF-DF;DEL03-DF;UOP02-DEL03-DF
667431;15/03/2025;sábado;14:30:00;RS;386;307,3;POUSO NOVO;Transitar na contramão;Colisão frontal;Com Vítimas Fatais;Pleno dia;Crescente;Sol;Simples;"Declive;Curva";Não;3;2;0;0;0;1;0;3;-29,20808963;-52,18187548;SPRF-RS;DEL04-RS;UOP01-DEL04-RS
667432;15/03/2025;sábado;15:20:00;BA;135;188;BARREIRAS;Ultrapassagem Indevida;Colisão frontal;Com Vítimas Feridas;Pleno dia;Crescente;Céu Claro;Simples;"Interseção de Vias;Curva";Sim;8;0;1;0;4;3;1;3;-12,22461625;-45,02115604;SPRF-BA;DEL10-BA;UOP01-DEL10-BA