id;data_inversa;dia_semana;horario;uf;br;km;municipio;causa_acidente;tipo_acidente;classificacao_acidente;fase_dia;sentido_via;condicao_metereologica;tipo_pista;tracado_via;uso_solo;pessoas;mortos;feridos_leves;feridos_graves;ilesos;ignorados;feridos;veiculos;latitude;longitude;regional;delegacia;uop
667541;16/03/2025;domingo;03:35:00;RS;386;176,4;CARAZINHO;Ausência de reação do condutor;Saída de leito carroçável;Com Vítimas Feridas;Plena Noite;Crescente;Céu Claro;Simples;Reta;Não;1;0;1;0;0;0;1;1;-28,277325;-52,767035;SPRF-RS;DEL08-RS;UOP01-DEL08-RS
667543;16/03/2025;domingo;05:10:00;MG;40;503,5;ESMERALDAS;Velocidade Incompatível;Saída de leito carroçável;Sem Vítimas;Amanhecer;Decrescente;Céu Claro;Dupla;"Reta;Declive";Não;2;0;0;0;1;1;0;2;-19,7248227;-44,152489;SPRF-MG;DEL02-MG;UOP01-DEL02-MG
667545;16/03/2025;domingo;05:20:00;MG;40;749,5;SANTOS DUMONT;Velocidade Incompatível;Colisão com objeto;Com Vítimas Feridas;Amanhecer;Crescente;Garoa/Chuvisco;Simples;Curva;Não;1;0;1;0;0;0;1;1;-21,4858664;-43,5351518;SPRF-MG;DEL05-MG;UOP01-DEL05-MG
667548;16/03/2025;domingo;05:00:00;SC;101;372,4;ICARA;Ausência de reação do condutor;Saída de leito carroçável;Sem Vítimas;Amanhecer;Crescente;Céu Claro;Simples;Interseção de Vias;Sim;3;0;0;0;3;0;0;1;-28,715303;-49,228388;SPRF-SC;DEL02-SC;UOP01-DEL02-SC
667549;16/03/2025;domingo;05:00:00;PR;369;60,8;BANDEIRANTES;Ingestão de álcool pelo condutor;Saída de leito carroçável;Com Vítimas Feridas;Amanhecer;Crescente;Céu Claro;Simples;Rotatória;Não;4;0;4;0;0;0;4;1;-23,135501;-50,402854;SPRF-PR;DEL07-PR;UOP05-DEL07-PR
667550;15/03/2025;sábado;23:30:00;MS;376;85,6;DEODAPOLIS;Pedestre andava na pista;Atropelamento de Pedestre;Com Vítimas Feridas;Plena Noite;Crescente;Céu Claro;Simples;Reta;Não;3;0;0;1;2;0;1;2;-22,2694063;-54,1866681;SPRF-MS;DEL04-MS;UOP04-DEL04-MS
667551;16/03/2025;domingo;02:00:00;SC;282;457,4;PONTE SERRADA;Transitar na contramão;Colisão frontal;Com Vítimas Feridas;Plena Noite;Decrescente;Céu Claro;Simples;Reta;Não;5;0;5;0;0;0;5;2;-26,88866979;-51,99401021;SPRF-SC;DEL07-SC;UOP04-DEL07-SC
667552;16/03/2025;domingo;06:30:00;ES;101;243;SERRA;Ultrapassagem Indevida;Colisão lateral mesmo sentido;Com Vítimas Feridas;Pleno dia;Decrescente;Céu Claro;Simples;Reta;Não;2;0;1;0;0;1;1;2;-20,0488468;-40,3867006;SPRF-ES;DEL02-ES;UOP01-DEL02-ES
667553;16/03/2025;domingo;05:30:00;RJ;101;475;ANGRA DOS REIS;Ingestão de álcool pelo condutor;Saída de leito carroçável;Com Vítimas Feridas;Amanhecer;Crescente;Céu Claro;Simples;Curva;Não;1;0;1;0;0;0;1;1;-23,00395858;-44,26179972;SPRF-RJ;DEL03-RJ;UOP03-DEL03-RJ
667554;16/03/2025;domingo;06:45:00;PR;277;75;SAO JOSE DOS PINHAIS;Velocidade Incompatível;Tombamento;Com Vítimas Feridas;Pleno dia;Decrescente;Nublado;Dupla;Reta;Sim;1;0;0;1;0;0;1;1;-25,4893;-49,1778;SPRF-PR;DEL01-PR;UOP07-DEL01-PR
667555;15/03/2025;sábado;19:50:00;PA;308;155;CAPANEMA;Reação tardia ou ineficiente do condutor;Capotamento;Com Vítimas Feridas;Plena Noite;Decrescente;Chuva;Simples;Reta;Não;1;0;1;0;0;0;1;1;-1,211381;-47,144838;SPRF-PA;DEL01-PA;UOP03-DEL01-PA
667556;16/03/2025;domingo;07:10:00;PR;116;121;SAO JOSE DOS PINHAIS;Velocidade Incompatível;Tombamento;Com Vítimas Feridas;Amanhecer;Crescente;Céu Claro;Dupla;Reta;Sim;2;0;2;0;0;0;2;1;-25,56812653;-49,17665594;SPRF-PR;DEL01-PR;UOP03-DEL01-PR
667557;15/03/2025;sábado;20:10:00;PR;153;492;GENERAL CARNEIRO;Trafegar com motocicleta (ou similar) entre as faixas;Colisão com objeto;Com Vítimas Feridas;Plena Noite;Crescente;Nevoeiro/Neblina;Simples;"Rotatória;Viaduto;Curva";Sim;2;0;0;2;0;0;2;1;-26,42982238;-51,3148522;SPRF-PR;DEL02-PR;UOP03-DEL02-PR
667559;16/03/2025;domingo;06:40:00;BA;101;262;SANTO ANTONIO DE JESUS;Animais na Pista;Atropelamento de Animal;Sem Vítimas;Pleno dia;Crescente;Céu Claro;Dupla;"Reta;Declive";Não;1;0;0;0;1;0;0;1;-12,96725627;-39,27299023;SPRF-BA;DEL01-BA;UOP02-DEL01-BA
667560;16/03/2025;domingo;07:00:00;PR;376;603;CURITIBA;Transitar na contramão;Colisão frontal;Com Vítimas Feridas;Pleno dia;Crescente;Céu Claro;Dupla;Reta;Sim;2;0;1;0;1;0;1;2;-25,53187016;-49,32296448;SPRF-PR;DEL01-PR;UOP06-DEL01-PR
667561;16/03/2025;domingo;06:20:00;MT;70;283;PRIMAVERA DO LESTE;Ingestão de álcool pelo condutor;Colisão transversal;Com Vítimas Feridas;Amanhecer;Crescente;Céu Claro;Simples;Reta;Sim;2;0;2;0;0;0;2;2;-15,57379656;-54,32274902;SPRF-MT;DEL05-MT;UOP01-DEL05-MT
667563;15/03/2025;sábado;21:00:00;MT;163;583,5;NOVA MUTUM;Ingestão de álcool pelo condutor;Saída de leito carroçável;Sem Vítimas;Plena Noite;Decrescente;Céu Claro;Dupla;Reta;Não;1;0;0;0;1;0;0;1;-13,954075;-56,097208;SPRF-MT;DEL01-MT;UOP01-DEL01-MT
667564;16/03/2025;domingo;03:35:00;PA;163;618,9;TRAIRAO;Reação tardia ou ineficiente do condutor;Tombamento;Com Vítimas Feridas;Plena Noite;Decrescente;Céu Claro;Simples;"Declive;Curva";Não;1;0;0;1;0;0;1;1;-4,729914;-56,039575;SPRF-PA;DEL05-PA;UOP03-DEL05-PA
667565;16/03/2025;domingo;07:10:00;RN;427;110,8;CAICO;Ingestão de álcool pelo condutor;Saída de leito carroçável;Com Vítimas Feridas;Pleno dia;Crescente;Céu Claro;Simples;Declive;Não;1;0;0;1;0;0;1;1;-6,44990039;-37,13202892;SPRF-RN;DEL03-RN;UOP01-DEL03-RN
667568;16/03/2025;domingo;07:50:00;PA;230;117;MARABA;Condutor desrespeitou a iluminação vermelha do semáforo;Colisão transversal;Com Vítimas Feridas;Pleno dia;Crescente;Céu Claro;Dupla;Interseção de Vias;Sim;3;0;0;1;2;0;1;2;-5,3502309;-49,102096;SPRF-PA;DEL03-PA;UOP01-DEL03-PA
667569;16/03/2025;domingo;09:10:00;RJ;116;176;SAO JOAO DE MERITI;Ausência de reação do condutor;Tombamento;Com Vítimas Feridas;Pleno dia;Decrescente;Céu Claro;Dupla;Reta;Não;2;0;1;0;1;0;1;1;-22,7855405;-43,3788412;SPRF-RJ;DEL06-RJ;UOP01-DEL06-RJ
667570;16/03/2025;domingo;07:25:00;DF;60;4;BRASILIA;Ingestão de álcool pelo condutor;Saída de leito carroçável;Sem Vítimas;Pleno dia;Crescente;Céu Claro;Múltipla;Reta;Sim;1;0;0;0;1;0;0;1;-15,89503257;-48,10217857;SPRF-DF;DEL03-DF;UOP01-DEL03-DF
667571;16/03/2025;domingo;07:50:00;RS;116;351;SENTINELA DO SUL;Ausência de reação do condutor;Saída de leito carroçável;Com Vítimas Feridas;Pleno dia;Crescente;Céu Claro;Dupla;"Reta;Ponte";Não;1;0;1;0;0;0;1;1;-30,54274758;-51,50974274;SPRF-RS;DEL02-RS;UOP02-DEL02-RS
667572;16/03/2025;domingo;08:30:00;SP;116;108,4;TAUBATE;Acessar a via sem observar a presença dos outros veículos;Colisão traseira;Com Vítimas Feridas;Pleno dia;Decrescente;Chuva;Dupla;Reta;Sim;11;0;2;0;9;0;2;4;-23,02584008;-45,54110885;SPRF-SP;DEL02-SP;UOP02-DEL02-SP
667574;16/03/2025;domingo;09:00:00;GO;60;50;ABADIANIA;Velocidade Incompatível;Queda de ocupante de veículo;Com Vítimas Feridas;Pleno dia;Crescente;Céu Claro;Dupla;Curva;Não;2;0;1;1;0;0;2;1;-16,16327;-48,63006;SPRF-GO;DEL02-GO;UOP01-DEL02-GO
667575;07/03/2025;sexta-feira;09:14:00;SC;480;125;CHAPECO;Ausência de reação do condutor;Capotamento;Com Vítimas Fatais;Pleno dia;Crescente;Céu Claro;Múltipla;Reta;Não;1;1;0;0;0;0;0;1;-27,012042;-52,6394;SPRF-SC;DEL07-SC;UOP01-DEL07-SC
667576;16/03/2025;domingo;09:30:00;AP;156;340;FERREIRA GOMES;Demais falhas mecânicas ou elétricas;Incêndio;Sem Vítimas;Pleno dia;Decrescente;Nublado;Simples;Reta;Não;1;0;0;0;0;1;0;1;0,753236;-51,319539;SPRF-AP;DEL01-AP;UOP01-DEL01-AP
667578;16/03/2025;domingo;09:56:00;ES;101;308;VIANA;Avarias e/ou desgaste excessivo no pneu;Queda de ocupante de veículo;Com Vítimas Feridas;Pleno dia;Crescente;Céu Claro;Dupla;Reta;Não;2;0;1;1;0;0;2;1;-20,414173;-40,459802;SPRF-ES;DEL01-ES;UOP01-DEL01-ES
667579;16/03/2025;domingo;10:15:00;SP;101;32,2;UBATUBA;Condutor deixou de manter distância do veículo da frente;Colisão traseira;Com Vítimas Feridas;Pleno dia;Crescente;Chuva;Simples;Reta;Sim;2;0;0;1;1;0;1;2;-23,388407;-44,981079;SPRF-SP;DEL06-SP;UOP01-DEL06-SP
667580;14/03/2025;sexta-feira;21:00:00;MT;70;14;BARRA DO GARCAS;Reação tardia ou ineficiente do condutor;Saída de leito carroçável;Com Vítimas Feridas;Plena Noite;Crescente;Céu Claro;Simples;Reta;Não;2;0;1;0;1;0;1;1;-15,8793728;-52,3108352;SPRF-MT;DEL07-MT;UOP01-DEL07-MT
667581;16/03/2025;domingo;10:35:00;PB;230;72;SOBRADO;Acumulo de água sobre o pavimento;Saída de leito carroçável;Com Vítimas Feridas;Pleno dia;Decrescente;Chuva;Dupla;Reta;Não;3;0;2;0;1;0;2;1;-7,190732;-35,24426;SPRF-PB;DEL01-PB;UOP02-DEL01-PB
667582;16/03/2025;domingo;09:50:00;GO;364;121,8;APARECIDA DO RIO DOCE;Reação tardia ou ineficiente do condutor;Saída de leito carroçável;Com Vítimas Feridas;Pleno dia;Decrescente;Céu Claro;Simples;Reta;Não;1;0;1;0;0;0;1;1;-18,267563;-51,218126;SPRF-GO;DEL05-GO;UOP02-DEL05-GO
667583;23/02/2025;domingo;16:45:00;SP;153;293;OCAUCU;Reação tardia ou ineficiente do condutor;Colisão traseira;Com Vítimas Feridas;Pleno dia;Decrescente;Céu Claro;Simples;Reta;Não;2;0;2;0;0;0;2;2;-22,47829943;-49,88857269;SPRF-SP;DEL07-SP;UOP02-DEL07-SP
667584;16/03/2025;domingo;05:20:00;BA;242;347;LENCOIS;Transitar na contramão;Colisão frontal;Com Vítimas Fatais;Plena Noite;Crescente;Céu Claro;Simples;Reta;Sim;3;1;0;0;2;0;0;3;-12,49784131;-41,29576139;SPRF-BA;DEL06-BA;UOP02-DEL06-BA
667586;16/03/2025;domingo;10:15:00;GO;364;204;JATAI;Transitar na contramão;Colisão frontal;Com Vítimas Fatais;Pleno dia;Crescente;Céu Claro;Simples;Reta;Não;7;2;4;0;0;1;4;3;-17,908073;-51,789746;SPRF-GO;DEL05-GO;UOP01-DEL05-GO
667587;16/03/2025;domingo;09:25:00;PA;316;62;CASTANHAL;Ausência de reação do condutor;Colisão transversal;Com Vítimas Feridas;Pleno dia;Decrescente;Céu Claro;Dupla;"Reta;Interseção de Vias";Sim;2;0;0;1;1;0;1;2;-1,296548;-47,928528;SPRF-PA;DEL01-PA;UOP01-DEL01-PA
667588;16/03/2025;domingo;08:00:00;BA;101;60;ENTRE RIOS;Reação tardia ou ineficiente do condutor;Queda de ocupante de veículo;Com Vítimas Feridas;Pleno dia;Decrescente;Céu Claro;Simples;Reta;Não;2;0;1;0;1;0;1;1;-11,94358579;-38,06069613;SPRF-BA;DEL01-BA;UOP04-DEL01-BA
667590;16/03/2025;domingo;09:00:00;MG;50;171;UBERABA;Ausência de reação do condutor;Tombamento;Com Vítimas Feridas;Pleno dia;Crescente;Céu Claro;Simples;Curva;Sim;1;0;1;0;0;0;1;1;-19,75092626;-47,98233211;SPRF-MG;DEL13-MG;UOP01-DEL13-MG
667591;16/03/2025;domingo;01:20:00;PE;428;186;PETROLINA;Ingestão de álcool pelo condutor;Colisão com objeto;Com Vítimas Feridas;Plena Noite;Decrescente;Céu Claro;Dupla;Reta;Sim;2;0;1;1;0;0;2;1;-9,3610931;-40,48101425;SPRF-PE;DEL06-PE;UOP01-DEL06-PE
667594;16/03/2025;domingo;10:06:00;RJ;40;80;DUQUE DE CAXIAS;Manobra de mudança de faixa;Colisão lateral mesmo sentido;Com Vítimas Feridas;Pleno dia;Decrescente;Céu Claro;Dupla;Reta;Não;3;0;1;0;2;0;1;2;-22,52334447;-43,22763735;SPRF-RJ;DEL01-RJ;UOP01-DEL01-RJ
667596;16/03/2025;domingo;11:00:00;MG;381;494;BETIM;Ausência de reação do condutor;Colisão traseira;Com Vítimas Feridas;Pleno dia;Decrescente;Céu Claro;Dupla;Reta;Sim;3;0;1;0;2;0;1;3;-19,96828869;-44,18034704;SPRF-MG;DEL01-MG;UOP03-DEL01-MG
667597;16/03/2025;domingo;11:32:00;RN;304;303,4;PARNAMIRIM;Avarias e/ou desgaste excessivo no pneu;Colisão com objeto;Sem Vítimas;Pleno dia;Decrescente;Chuva;Dupla;Reta;Não;1;0;0;0;0;1;0;1;-5,883713;-35,285295;SPRF-RN;DEL01-RN;UOP02-DEL01-RN
667598;16/03/2025;domingo;10:50:00;RN;101;95;NATAL;Manobra de mudança de faixa;Colisão lateral mesmo sentido;Com Vítimas Feridas;Pleno dia;Crescente;Chuva;Múltipla;Reta;Não;2;0;1;0;1;0;1;2;-5,83110949;-35,21192729;SPRF-RN;DEL01-RN;UOP01-DEL01-RN
667600;16/03/2025;domingo;10:20:00;PI;135;311;CRISTINO CASTRO;Ingestão de álcool pelo condutor;Colisão frontal;Com Vítimas Feridas;Pleno dia;Crescente;Céu Claro;Simples;Reta;Não;1;0;0;1;0;0;1;1;-8,781263;-44,19477;SPRF-PI;DEL03-PI;UOP02-DEL03-PI
667601;16/03/2025;domingo;11:40:00;MG;40;696,9;BARBACENA;Ausência de reação do condutor;Colisão com objeto;Com Vítimas Feridas;Pleno dia;Crescente;Chuva;Dupla;Curva;Não;2;0;0;1;1;0;1;1;-21,18276363;-43,75456721;SPRF-MG;DEL05-MG;UOP02-DEL05-MG
667603;16/03/2025;domingo;11:15:00;SP;101;45,7;UBATUBA;Ultrapassagem Indevida;Tombamento;Com Vítimas Feridas;Pleno dia;Decrescente;Chuva;Simples;Reta;Sim;1;0;0;1;0;0;1;1;-23,42258297;-45,07280219;SPRF-SP;DEL06-SP;UOP01-DEL06-SP
667605;16/03/2025;domingo;12:00:00;PR;277;79;CURITIBA;Reação tardia ou ineficiente do condutor;Colisão traseira;Com Vítimas Feridas;Pleno dia;Crescente;Céu Claro;Dupla;Reta;Sim;2;0;1;0;1;0;1;2;-25,47678769;-49,2064333;SPRF-PR;DEL01-PR;UOP07-DEL01-PR
667606;16/03/2025;domingo;12:46:00;CE;116;2;FORTALEZA;Condutor deixou de manter distância do veículo da frente;Colisão traseira;Com Vítimas Feridas;Pleno dia;Crescente;Céu Claro;Dupla;Reta;Sim;3;0;1;0;2;0;1;2;-3,7766881;-38,5156766;SPRF-CE;DEL01-CE;UOP02-DEL01-CE
667607;16/03/2025;domingo;12:15:00;MG;153;66,1;MONTE ALEGRE DE MINAS;Velocidade Incompatível;Colisão traseira;Com Vítimas Feridas;Pleno dia;Crescente;Céu Claro;Simples;Aclive;Não;4;0;1;0;3;0;1;2;-18,95685129;-49,02906418;SPRF-MG;DEL15-MG;UOP03-DEL15-MG
667608;16/03/2025;domingo;12:00:00;MG;40;656;CRISTIANO OTONI;Reação tardia ou ineficiente do condutor;Colisão traseira;Com Vítimas Feridas;Pleno dia;Crescente;Nublado;Simples;Curva;Não;2;0;1;0;1;0;1;2;-20,876164;-43,801355;SPRF-MG;DEL05-MG;UOP02-DEL05-MG
667611;16/03/2025;domingo;13:00:00;SC;116;0,6;MAFRA;Ultrapassagem Indevida;Colisão traseira;Com Vítimas Feridas;Pleno dia;Crescente;Céu Claro;Dupla;"Reta;Aclive";Sim;3;0;1;0;2;0;1;2;-26,113512;-49,78623;SPRF-SC;DEL06-SC;UOP01-DEL06-SC
667613;16/03/2025;domingo;11:00:00;PR;376;415,7;TIBAGI;Reação tardia ou ineficiente do condutor;Tombamento;Sem Vítimas;Pleno dia;Crescente;Sol;Dupla;Curva;Não;1;0;0;0;1;0;0;1;-24,65317455;-50,61540658;SPRF-PR;DEL03-PR;UOP02-DEL03-PR
667614;16/03/2025;domingo;12:50:00;RJ;465;20;NOVA IGUACU;Trafegar com motocicleta (ou similar) entre as faixas;Colisão transversal;Com Vítimas Feridas;Pleno dia;Decrescente;Nublado;Simples;Reta;Sim;2;0;1;0;1;0;1;2;-22,84844947;-43,60383326;SPRF-RJ;DEL06-RJ;UOP02-DEL06-RJ
667615;16/03/2025;domingo;10:50:00;PI;230;298;FLORIANO;Acumulo de areia ou detritos sobre o pavimento;Tombamento;Com Vítimas Feridas;Pleno dia;Crescente;Sol;Simples;Rotatória;Não;2;0;0;1;1;0;1;1;-6,81460546;-42,94062853;SPRF-PI;DEL03-PI;UOP01-DEL03-PI
667616;16/03/2025;domingo;13:13:00;PB;101;25,7;RIO TINTO;Velocidade Incompatível;Colisão com objeto;Com Vítimas Feridas;Pleno dia;Crescente;Chuva;Dupla;Reta;Não;1;0;1;0;0;0;1;1;-6,71936852;-35,11929631;SPRF-PB;DEL01-PB;UOP03-DEL01-PB
667617;16/03/2025;domingo;08:25:00;SC;282;407;CATANDUVAS;Ingestão de álcool pelo condutor;Saída de leito carroçável;Com Vítimas Feridas;Pleno dia;Crescente;Céu Claro;Simples;"Declive;Curva";Sim;1;0;1;0;0;0;1;1;-27,085418;-51,661765;SPRF-SC;DEL07-SC;UOP05-DEL07-SC
667618;16/03/2025;domingo;12:00:00;MG;40;476;SETE LAGOAS;Demais falhas mecânicas ou elétricas;Tombamento;Com Vítimas Feridas;Pleno dia;Decrescente;Céu Claro;Dupla;Reta;Sim;1;0;1;0;0;0;1;1;-19,516976;-44,268137;SPRF-MG;DEL02-MG;UOP01-DEL02-MG
667619;16/03/2025;domingo;00:30:00;RS;290;92;PORTO ALEGRE;Ausência de reação do condutor;Colisão com objeto;Com Vítimas Fatais;Plena Noite;Crescente;Céu Claro;Dupla;"Viaduto;Curva;Aclive";Não;1;1;0;0;0;0;0;1;-29,96951817;-51,1768775;SPRF-RS;DEL01-RS;UOP01-DEL01-RS
667620;18/01/2025;sábado;00:30:00;BA;101;44;ESPLANADA;Condutor Dormindo;Colisão frontal;Com Vítimas Feridas;Plena Noite;Crescente;Céu Claro;Simples;Curva;Não;6;0;5;0;1;0;5;2;-11,88149901;-38,009833;SPRF-SE;DEL02-SE;UOP03-DEL02-SE
667622;16/03/2025;domingo;14:00:00;GO;60;92;ANAPOLIS;Retorno proibido;Colisão traseira;Com Vítimas Feridas;Pleno dia;Crescente;Céu Claro;Dupla;Reta;Sim;3;0;2;0;1;0;2;2;-16,352429;-48,91624;SPRF-GO;DEL02-GO;UOP01-DEL02-GO
667623;16/03/2025;domingo;14:30:00;RS;116;512,5;PELOTAS;Condutor deixou de manter distância do veículo da frente;Colisão traseira;Com Vítimas Feridas;Pleno dia;Crescente;Céu Claro;Dupla;Reta;Não;3;0;2;0;1;0;2;2;-31,63842895;-52,33422864;SPRF-RS;DEL07-RS;UOP01-DEL07-RS
667624;16/03/2025;domingo;14:40:00;SC;282;57;RANCHO QUEIMADO;Condutor Dormindo;Saída de leito carroçável;Com Vítimas Feridas;Pleno dia;Crescente;Nublado;Simples;"Aclive;Curva";Sim;2;0;1;1;0;0;2;1;-27,68150353;-49,00577892;SPRF-SC;DEL01-SC;UOP03-DEL01-SC
667625;16/03/2025;domingo;15:00:00;PB;101;93;JOAO PESSOA;Acumulo de água sobre o pavimento;Saída de leito carroçável;Com Vítimas Feridas;Pleno dia;Decrescente;Chuva;Dupla;Reta;Não;1;0;1;0;0;0;1;1;-7,206647;-34,908938;SPRF-PB;DEL01-PB;UOP01-DEL01-PB
667626;16/03/2025;domingo;15:15:00;RS;285;293;PASSO FUNDO;Desrespeitar a preferência no cruzamento;Colisão transversal;Com Vítimas Feridas;Pleno dia;Crescente;Céu Claro;Dupla;"Reta;Interseção de Vias";Sim;4;0;1;2;1;0;3;2;-28,23696565;-52,37405593;SPRF-RS;DEL08-RS;UOP03-DEL08-RS
667628;16/03/2025;domingo;15:00:00;PB;230;123,1;RIACHAO DO BACAMARTE;Avarias e/ou desgaste excessivo no pneu;Saída de leito carroçável;Com Vítimas Feridas;Pleno dia;Crescente;Chuva;Dupla;"Declive;Curva";Sim;3;0;1;1;1;0;2;1;-7,247528;-35,673177;SPRF-PB;DEL02-PB;UOP01-DEL02-PB
667629;16/03/2025;domingo;12:30:00;MG;381;369;SAO GONCALO DO RIO ABAIXO;Velocidade Incompatível;Saída de leito carroçável;Com Vítimas Feridas;Pleno dia;Crescente;Nublado;Simples;Curva;Não;4;0;4;0;0;0;4;1;-19,848796;-43,253789;SPRF-MG;DEL03-MG;UOP01-DEL03-MG
667630;16/03/2025;domingo;08:50:00;RS;448;10;CANOAS;Ausência de reação do condutor;Saída de leito carroçável;Sem Vítimas;Pleno dia;Decrescente;Céu Claro;Simples;Curva;Não;1;0;0;0;1;0;0;1;-29,88466825;-51,23564243;SPRF-RS;DEL01-RS;UOP01-DEL01-RS
667631;16/03/2025;domingo;13:35:00;GO;70;31;COCALZINHO DE GOIAS;Avarias e/ou desgaste excessivo no pneu;Colisão com objeto;Com Vítimas Feridas;Pleno dia;Crescente;Céu Claro;Simples;Reta;Não;3;0;1;0;2;0;1;1;-15,772211;-48,463426;SPRF-DF;DEL03-DF;UOP02-DEL03-DF
667632;16/03/2025;domingo;14:55:00;RJ;40;31;AREAL;Velocidade Incompatível;Saída de leito carroçável;Com Vítimas Feridas;Pleno dia;Crescente;Chuva;Dupla;Curva;Não;1;0;1;0;0;0;1;1;-22,19900365;-43,15880588;SPRF-RJ;DEL05-RJ;UOP02-DEL05-RJ
667634;16/03/2025;domingo;15:14:00;PE;232;20;MORENO;Reação tardia ou ineficiente do condutor;Saída de leito carroçável;Com Vítimas Feridas;Pleno dia;Decrescente;Sol;Dupla;Reta;Sim;3;0;2;1;0;0;3;1;-8,095888;-35,07295;SPRF-PE;DEL01-PE;UOP01-DEL01-PE
667635;16/03/2025;domingo;05:00:00;SP;116;509;CAJATI;Ausência de reação do condutor;Saída de leito carroçável;Sem Vítimas;Amanhecer;Crescente;Garoa/Chuvisco;Múltipla;"Curva;Aclive";Não;1;0;0;0;0;1;0;1;-24,79285139;-48,17183018;SPRF-SP;DEL05-SP;UOP02-DEL05-SP
667636;16/03/2025;domingo;15:40:00;MG;381;3;BETIM;Reação tardia ou ineficiente do condutor;Tombamento;Com Vítimas Feridas;Pleno dia;Crescente;Céu Claro;Dupla;Reta;Sim;2;0;1;1;0;0;2;1;-19,9864445;-44,1703874;SPRF-MG;DEL01-MG;UOP03-DEL01-MG
667637;16/03/2025;domingo;14:15:00;RJ;116;131;MAGE;Demais falhas mecânicas ou elétricas;Queda de ocupante de veículo;Com Vítimas Feridas;Pleno dia;Decrescente;Céu Claro;Dupla;Viaduto;Sim;2;0;1;0;1;0;1;1;-22,65659132;-43,12760353;SPRF-RJ;DEL04-RJ;UOP02-DEL04-RJ
667638;16/03/2025;domingo;15:30:00;SP;116;421;JUQUIA;Ausência de reação do condutor;Colisão traseira;Com Vítimas Feridas;Pleno dia;Decrescente;Nublado;Dupla;Reta;Não;7;0;1;0;6;0;1;2;-24,34951401;-47,65229333;SPRF-SP;DEL05-SP;UOP01-DEL05-SP
667639;16/03/2025;domingo;13:00:00;ES;262;166;IBATIBA;Desrespeitar a preferência no cruzamento;Colisão transversal;Com Vítimas Feridas;Pleno dia;Decrescente;Céu Claro;Simples;Interseção de Vias;Não;2;0;1;0;0;1;1;2;-20,251859;-41,563811;SPRF-ES;DEL01-ES;UOP02-DEL01-ES
667640;16/03/2025;domingo;13:20:00;MA;135;181,2;SAO MATEUS DO MARANHAO;Reação tardia ou ineficiente do condutor;Colisão transversal;Com Vítimas Feridas;Pleno dia;Crescente;Chuva;Simples;Reta;Sim;3;0;0;2;1;0;2;2;-4,030993;-44,465472;SPRF-MA;DEL03-MA;UOP01-DEL03-MA
667641;16/03/2025;domingo;15:00:00;RS;392;47;RIO GRANDE;Retorno proibido;Colisão traseira;Sem Vítimas;Pleno dia;Decrescente;Céu Claro;Dupla;Reta;Não;4;0;0;0;3;1;0;2;-31,89029807;-52,31901348;SPRF-RS;DEL07-RS;UOP02-DEL07-RS
667642;16/03/2025;domingo;16:00:00;SP;116;230,5;SAO PAULO;Manobra de mudança de faixa;Colisão lateral mesmo sentido;Com Vítimas Feridas;Pleno dia;Crescente;Céu Claro;Múltipla;Interseção de Vias;Sim;2;0;1;0;1;0;1;2;-23,52101884;-46,58462477;SPRF-SP;DEL01-SP;UOP01-DEL01-SP
667643;16/03/2025;domingo;15:54:00;ES;262;19;VIANA;Reação tardia ou ineficiente do condutor;Colisão lateral mesmo sentido;Com Vítimas Feridas;Pleno dia;Crescente;Céu Claro;Simples;Reta;Não;3;0;1;1;1;0;2;2;-20,387477;-40,494995;SPRF-ES;DEL01-ES;UOP01-DEL01-ES
667644;16/03/2025;domingo;16:13:00;ES;262;40;DOMINGOS MARTINS;Chuva;Colisão frontal;Com Vítimas Feridas;Pleno dia;Crescente;Chuva;Simples;Curva;Não;3;0;3;0;0;0;3;2;-20,38370745;-40,63549876;SPRF-ES;DEL01-ES;UOP01-DEL01-ES
667648;16/03/2025;domingo;15:05:00;BA;330;790;JEQUIE;Acessar a via sem observar a presença dos outros veículos;Colisão traseira;Com Vítimas Feridas;Pleno dia;Decrescente;Céu Claro;Simples;Reta;Não;2;0;1;0;1;0;1;2;-13,873816;-40,040711;SPRF-BA;DEL03-BA;UOP01-DEL03-BA
667649;16/03/2025;domingo;16:14:00;GO;40;11;LUZIANIA;Transitar na contramão;Colisão transversal;Com Vítimas Feridas;Pleno dia;Crescente;Céu Claro;Dupla;"Retorno Regulamentado;Reta";Sim;2;0;0;1;1;0;1;2;-16,13746718;-47,95237061;SPRF-DF;DEL01-DF;UOP01-DEL01-DF
667650;16/03/2025;domingo;15:00:00;GO;40;126,3;CRISTALINA;Avarias e/ou desgaste excessivo no pneu;Saída de leito carroçável;Com Vítimas Feridas;Pleno dia;Crescente;Céu Claro;Dupla;Reta;Não;3;0;1;2;0;0;3;1;-16,882682;-47,370094;SPRF-DF;DEL01-DF;UOP02-DEL01-DF
667653;16/03/2025;domingo;16:45:00;PE;232;28,2;MORENO;Manobra de mudança de faixa;Tombamento;Com Vítimas Feridas;Pleno dia;Decrescente;Céu Claro;Dupla;Reta;Sim;3;0;2;0;0;1;2;2;-8,11173;-35,14066;SPRF-PE;DEL01-PE;UOP01-DEL01-PE
667655;16/03/2025;domingo;08:25:00;MT;163;885;CLAUDIA;Reação tardia ou ineficiente do condutor;Queda de ocupante de veículo;Com Vítimas Feridas;Pleno dia;Crescente;Nublado;Simples;"Declive;Reta";Não;1;0;1;0;0;0;1;1;-11,44380833;-55,35673833;SPRF-MT;DEL06-MT;UOP02-DEL06-MT