id;data_inversa;dia_semana;horario;uf;br;km;municipio;causa_acidente;tipo_acidente;classificacao_acidente;fase_dia;sentido_via;condicao_metereologica;tipo_pista;tracado_via;uso_solo;pessoas;mortos;feridos_leves;feridos_graves;ilesos;ignorados;feridos;veiculos;latitude;longitude;regional;delegacia;uop
668285;19/03/2025;quarta-feira;15:24:00;MS;163;126,9;NAVIRAI;Ausência de reação do condutor;Colisão com objeto;Sem Vítimas;Pleno dia;Crescente;Céu Claro;Dupla;Interseção de Vias;Não;3;0;0;0;3;0;0;1;-23,055905;-54,235039;SPRF-MS;DEL09-MS;UOP01-DEL09-MS
668288;19/03/2025;quarta-feira;15:10:00;SC;280;10;SAO FRANCISCO DO SUL;Acessar a via sem observar a presença dos outros veículos;Colisão transversal;Com Vítimas Feridas;Pleno dia;Crescente;Sol;Simples;Reta;Não;2;0;1;0;1;0;1;2;-26,294568;-48,643188;SPRF-SC;DEL03-SC;UOP03-DEL03-SC
668291;19/03/2025;quarta-feira;15:15:00;GO;60;87,5;ANAPOLIS;Reação tardia ou ineficiente do condutor;Saída de leito carroçável;Com Vítimas Fatais;Pleno dia;Decrescente;Céu Claro;Dupla;"Reta;Declive";Não;4;1;0;3;0;0;3;1;-16,32635074;-48,87917429;SPRF-GO;DEL02-GO;UOP01-DEL02-GO
668297;19/03/2025;quarta-feira;17:07:00;RS;392;57;RIO GRANDE;Manobra de mudança de faixa;Colisão com objeto;Sem Vítimas;Pleno dia;Crescente;Céu Claro;Dupla;Reta;Não;1;0;0;0;1;0;0;1;-31,8009333;-52,3326617;SPRF-RS;DEL07-RS;UOP02-DEL07-RS
668299;19/03/2025;quarta-feira;17:20:00;PR;376;435;TIBAGI;Retorno proibido;Colisão frontal;Com Vítimas Feridas;Pleno dia;Decrescente;Céu Claro;Simples;Reta;Não;3;0;3;0;0;0;3;2;-24,7741334;-50,5192856;SPRF-PR;DEL03-PR;UOP02-DEL03-PR
668300;19/03/2025;quarta-feira;18:00:00;PR;376;601;CURITIBA;Manobra de mudança de faixa;Colisão lateral mesmo sentido;Com Vítimas Feridas;Anoitecer;Crescente;Nublado;Dupla;Reta;Sim;3;0;1;1;1;0;2;2;-25,5165482;-49,3364282;SPRF-PR;DEL01-PR;UOP06-DEL01-PR
668301;19/03/2025;quarta-feira;18:40:00;PR;116;119;CURITIBA;Reação tardia ou ineficiente do condutor;Colisão traseira;Sem Vítimas;Plena Noite;Crescente;Céu Claro;Dupla;Curva;Sim;3;0;0;0;3;0;0;2;-25,574402;-49,311662;SPRF-PR;DEL01-PR;UOP03-DEL01-PR
668302;19/03/2025;quarta-feira;19:00:00;MA;316;546,8;CAXIAS;Acessar a via sem observar a presença dos outros veículos;Colisão traseira;Com Vítimas Feridas;Plena Noite;Crescente;Céu Claro;Simples;Reta;Não;3;0;2;0;1;0;2;2;-4,878168;-43,390043;SPRF-MA;DEL03-MA;UOP02-DEL03-MA
668304;19/03/2025;quarta-feira;19:00:00;MG;40;798,6;JUIZ DE FORA;Ausência de reação do condutor;Colisão com objeto;Com Vítimas Feridas;Plena Noite;Decrescente;Chuva;Dupla;Reta;Não;2;0;1;0;1;0;1;1;-21,81791354;-43,38049829;SPRF-MG;DEL05-MG;UOP01-DEL05-MG
668307;19/03/2025;quarta-feira;19:20:00;RN;304;29,3;MOSSORO;Objeto estático sobre o leito carroçável;Colisão traseira;Com Vítimas Feridas;Plena Noite;Crescente;Céu Claro;Simples;Reta;Não;2;0;0;1;0;1;1;2;-5,08190087;-37,33356949;SPRF-RN;DEL04-RN;UOP02-DEL04-RN
668308;19/03/2025;quarta-feira;19:45:00;RS;158;326;SANTA MARIA;Iluminação deficiente;Colisão transversal;Com Vítimas Feridas;Plena Noite;Crescente;Céu Claro;Múltipla;"Em Obras;Interseção de Vias;Rotatória";Sim;2;0;1;0;1;0;1;2;-29,714738;-53,810628;SPRF-RS;DEL09-RS;UOP01-DEL09-RS
668312;19/03/2025;quarta-feira;20:00:00;RJ;101;274;TANGUA;Reação tardia ou ineficiente do condutor;Colisão frontal;Sem Vítimas;Plena Noite;Decrescente;Chuva;Simples;Reta;Não;2;0;0;0;1;1;0;2;-22,736137;-42,725242;SPRF-RJ;DEL02-RJ;UOP03-DEL02-RJ
668313;19/03/2025;quarta-feira;20:00:00;PR;369;505,7;CASCAVEL;Ausência de reação do condutor;Colisão frontal;Com Vítimas Feridas;Plena Noite;Decrescente;Céu Claro;Simples;"Reta;Aclive";Sim;3;0;1;0;1;1;1;2;-24,94621039;-53,3982281;SPRF-PR;DEL04-PR;UOP01-DEL04-PR
668314;19/03/2025;quarta-feira;20:45:00;TO;153;410;MIRANORTE;Reação tardia ou ineficiente do condutor;Tombamento;Com Vítimas Feridas;Plena Noite;Crescente;Céu Claro;Dupla;Curva;Sim;1;0;1;0;0;0;1;1;-9,55259288;-48,60136986;SPRF-TO;DEL02-TO;UOP02-DEL02-TO
668316;19/03/2025;quarta-feira;19:30:00;MG;40;43;PARACATU;Acesso irregular;Colisão frontal;Com Vítimas Feridas;Plena Noite;Crescente;Céu Claro;Simples;Interseção de Vias;Sim;2;0;0;1;1;0;1;2;-17,22769366;-46,85916966;SPRF-MG;DEL14-MG;UOP01-DEL14-MG
668317;19/03/2025;quarta-feira;20:40:00;MA;135;23;SAO LUIS;Acessar a via sem observar a presença dos outros veículos;Colisão transversal;Com Vítimas Feridas;Plena Noite;Decrescente;Céu Claro;Dupla;Rotatória;Sim;3;0;2;0;1;0;2;2;-2,55187858;-44,30763602;SPRF-MA;DEL01-MA;UOP01-DEL01-MA
668319;19/03/2025;quarta-feira;20:45:00;DF;70;3,2;BRASILIA;Reação tardia ou ineficiente do condutor;Colisão traseira;Com Vítimas Feridas;Plena Noite;Decrescente;Nublado;Dupla;Curva;Sim;2;0;1;0;1;0;1;2;-15,80229281;-48,0836839;SPRF-DF;DEL03-DF;UOP02-DEL03-DF
668320;19/03/2025;quarta-feira;20:40:00;RJ;116;183;NOVA IGUACU;Demais falhas mecânicas ou elétricas;Incêndio;Sem Vítimas;Plena Noite;Crescente;Chuva;Dupla;Reta;Sim;1;0;0;0;1;0;0;1;-22,7520535;-43,4379455;SPRF-RJ;DEL06-RJ;UOP01-DEL06-RJ
668322;19/03/2025;quarta-feira;18:40:00;PI;230;263,1;NAZARE DO PIAUI;Ausência de reação do condutor;Atropelamento de Pedestre;Com Vítimas Fatais;Anoitecer;Decrescente;Céu Claro;Simples;Reta;Não;2;1;0;0;0;1;0;2;-6,982738;-42,654478;SPRF-PI;DEL03-PI;UOP01-DEL03-PI
668323;19/03/2025;quarta-feira;20:40:00;RS;290;99;PORTO ALEGRE;Ausência de reação do condutor;Colisão com objeto;Sem Vítimas;Plena Noite;Decrescente;Céu Claro;Dupla;Reta;Não;1;0;0;0;1;0;0;1;-29,99054047;-51,23098302;SPRF-RS;DEL01-RS;UOP01-DEL01-RS
668325;19/03/2025;quarta-feira;22:00:00;SP;116;222;GUARULHOS;Avarias e/ou desgaste excessivo no pneu;Queda de ocupante de veículo;Com Vítimas Feridas;Plena Noite;Decrescente;Nublado;Dupla;Reta;Sim;2;0;2;0;0;0;2;1;-23,47447973;-46,52269894;SPRF-SP;DEL01-SP;UOP01-DEL01-SP
668326;19/03/2025;quarta-feira;19:00:00;RJ;465;18;NOVA IGUACU;Ausência de reação do condutor;Colisão lateral sentido oposto;Com Vítimas Feridas;Plena Noite;Crescente;Chuva;Simples;Reta;Sim;3;0;1;0;0;2;1;2;-22,83595713;-43,61239672;SPRF-RJ;DEL06-RJ;UOP02-DEL06-RJ
668328;19/03/2025;quarta-feira;22:15:00;PR;116;0,6;QUATRO BARRAS;Reação tardia ou ineficiente do condutor;Colisão com objeto;Com Vítimas Feridas;Plena Noite;Crescente;Nublado;Dupla;Reta;Sim;1;0;1;0;0;0;1;1;-25,34773259;-49,04910187;SPRF-PR;DEL01-PR;UOP02-DEL01-PR
668330;19/03/2025;quarta-feira;20:00:00;RJ;465;5;SEROPEDICA;Ausência de reação do condutor;Colisão transversal;Com Vítimas Feridas;Plena Noite;Decrescente;Céu Claro;Simples;Interseção de Vias;Sim;2;0;1;0;1;0;1;2;-22,747673;-43,699196;SPRF-RJ;DEL06-RJ;UOP02-DEL06-RJ
668333;19/03/2025;quarta-feira;23:00:00;RJ;101;312;SAO GONCALO;Ausência de reação do condutor;Tombamento;Com Vítimas Feridas;Plena Noite;Decrescente;Chuva;Dupla;Curva;Não;1;0;1;0;0;0;1;1;-22,80584492;-43,06231511;SPRF-RJ;DEL02-RJ;UOP02-DEL02-RJ
668334;19/03/2025;quarta-feira;23:25:00;MG;40;792,9;JUIZ DE FORA;Reação tardia ou ineficiente do condutor;Colisão com objeto;Com Vítimas Feridas;Pleno dia;Decrescente;Garoa/Chuvisco;Dupla;Curva;Não;2;0;2;0;0;0;2;1;-21,79066495;-43,41479301;SPRF-MG;DEL05-MG;UOP01-DEL05-MG
668335;19/03/2025;quarta-feira;21:50:00;AL;101;190,4;JUNQUEIRO;Reação tardia ou ineficiente do condutor;Colisão lateral mesmo sentido;Com Vítimas Feridas;Plena Noite;Decrescente;Céu Claro;Simples;Reta;Sim;3;0;1;1;1;0;2;2;-9,92041814;-36,47275329;SPRF-AL;DEL02-AL;UOP02-DEL02-AL
668338;19/03/2025;quarta-feira;23:10:00;PR;376;598;CURITIBA;Ausência de reação do condutor;Colisão lateral mesmo sentido;Com Vítimas Feridas;Plena Noite;Crescente;Céu Claro;Dupla;"Reta;Declive";Não;2;0;0;1;1;0;1;2;-25,4509056;-49,2470272;SPRF-PR;DEL01-PR;UOP06-DEL01-PR
668340;20/03/2025;quinta-feira;00:50:00;RJ;116;170;DUQUE DE CAXIAS;Ausência de reação do condutor;Capotamento;Com Vítimas Feridas;Plena Noite;Crescente;Chuva;Dupla;Reta;Sim;3;0;1;0;2;0;1;2;-22,81667435;-43,3237052;SPRF-RJ;DEL06-RJ;UOP01-DEL06-RJ
668341;19/03/2025;quarta-feira;23:10:00;MG;50;180,8;UBERABA;Acesso irregular;Colisão transversal;Com Vítimas Fatais;Plena Noite;Decrescente;Céu Claro;Dupla;Reta;Sim;2;1;0;0;0;1;0;2;-19,78394;-47,91781;SPRF-MG;DEL13-MG;UOP01-DEL13-MG
668342;19/03/2025;quarta-feira;20:45:00;BA;324;587;CANDEIAS;Reação tardia ou ineficiente do condutor;Colisão com objeto;Sem Vítimas;Plena Noite;Crescente;Céu Claro;Dupla;Reta;Não;1;0;0;0;1;0;0;1;-12,667472;-38,47034454;SPRF-BA;DEL01-BA;UOP01-DEL01-BA
668344;19/03/2025;quarta-feira;22:50:00;MT;70;497;CUIABA;Reação tardia ou ineficiente do condutor;Queda de ocupante de veículo;Com Vítimas Feridas;Plena Noite;Crescente;Nublado;Dupla;Interseção de Vias;Não;1;0;1;0;0;0;1;1;-15,663313;-56,006322;SPRF-MT;DEL01-MT;UOP02-DEL01-MT
668345;20/03/2025;quinta-feira;01:16:00;PE;232;464,6;MIRANDIBA;Animais na Pista;Atropelamento de Animal;Sem Vítimas;Plena Noite;Crescente;Céu Claro;Simples;Reta;Não;4;0;0;0;4;0;0;1;-8,0249;-38,7585;SPRF-PE;DEL05-PE;UOP01-DEL05-PE
668346;20/03/2025;quinta-feira;01:35:00;MG;364;0,8;PLANURA;Ingestão de álcool pelo condutor;Colisão frontal;Com Vítimas Feridas;Plena Noite;Decrescente;Céu Claro;Simples;"Reta;Ponte";Não;1;0;0;1;0;0;1;1;-20,160369;-48,6892;SPRF-MG;DEL13-MG;UOP02-DEL13-MG
668348;20/03/2025;quinta-feira;03:00:00;RJ;116;183;NOVA IGUACU;Pedestre andava na pista;Atropelamento de Pedestre;Com Vítimas Feridas;Plena Noite;Decrescente;Chuva;Múltipla;Reta;Não;2;0;1;0;0;1;1;2;-22,7546926;-43,4349879;SPRF-RJ;DEL06-RJ;UOP01-DEL06-RJ
668350;20/03/2025;quinta-feira;01:30:00;MG;365;577,7;INDIANOPOLIS;Entrada inopinada do pedestre;Atropelamento de Pedestre;Com Vítimas Fatais;Plena Noite;Crescente;Céu Claro;Simples;Reta;Não;3;1;0;0;2;0;0;2;-18,89222955;-47,91924714;SPRF-MG;DEL15-MG;UOP02-DEL15-MG
668351;20/03/2025;quinta-feira;03:40:00;RS;116;246;SAO LEOPOLDO;Acessar a via sem observar a presença dos outros veículos;Colisão traseira;Com Vítimas Feridas;Plena Noite;Decrescente;Céu Claro;Dupla;Reta;Sim;2;0;1;0;1;0;1;2;-29,76339357;-51,15305603;SPRF-RS;DEL01-RS;UOP02-DEL01-RS
668354;20/03/2025;quinta-feira;04:00:00;ES;447;14;CARIACICA;Velocidade Incompatível;Capotamento;Sem Vítimas;Plena Noite;Crescente;Garoa/Chuvisco;Simples;Reta;Sim;1;0;0;0;0;1;0;1;-20,34802;-40,331815;SPRF-ES;DEL01-ES;UOP01-DEL01-ES
668356;20/03/2025;quinta-feira;05:09:00;MG;365;750;ITUIUTABA;Afundamento ou ondulação no pavimento;Queda de ocupante de veículo;Com Vítimas Feridas;Amanhecer;Crescente;Céu Claro;Dupla;Declive;Sim;1;0;1;0;0;0;1;1;-18,950103;-49,4645009;SPRF-MG;DEL15-MG;UOP03-DEL15-MG
668357;20/03/2025;quinta-feira;05:50:00;GO;60;99,5;ANAPOLIS;Manobra de mudança de faixa;Colisão transversal;Com Vítimas Feridas;Amanhecer;Crescente;Céu Claro;Dupla;Reta;Sim;4;0;0;1;3;0;1;2;-16,391371;-48,958384;SPRF-GO;DEL02-GO;UOP01-DEL02-GO
668358;20/03/2025;quinta-feira;05:20:00;PB;230;12;CABEDELO;Condutor deixou de manter distância do veículo da frente;Colisão traseira;Com Vítimas Feridas;Amanhecer;Decrescente;Céu Claro;Dupla;"Reta;Em Obras";Sim;2;0;0;1;0;1;1;2;-7,0727028;-34,8492945;SPRF-PB;DEL01-PB;UOP01-DEL01-PB
668359;20/03/2025;quinta-feira;06:15:00;DF;40;3;BRASILIA;Condutor deixou de manter distância do veículo da frente;Colisão lateral mesmo sentido;Com Vítimas Feridas;Pleno dia;Decrescente;Céu Claro;Dupla;Reta;Sim;2;0;1;0;1;0;1;2;-16,02691599;-47,97921538;SPRF-DF;DEL01-DF;UOP01-DEL01-DF
668360;20/03/2025;quinta-feira;06:30:00;SP;153;57;SAO JOSE DO RIO PRETO;Acessar a via sem observar a presença dos outros veículos;Colisão lateral mesmo sentido;Com Vítimas Feridas;Pleno dia;Crescente;Céu Claro;Dupla;Reta;Não;2;0;1;0;1;0;1;2;-20,77478221;-49,35197344;SPRF-SP;DEL09-SP;UOP01-DEL09-SP
668361;20/03/2025;quinta-feira;06:45:00;RJ;101;470;ANGRA DOS REIS;Ausência de sinalização;Saída de leito carroçável;Com Vítimas Feridas;Pleno dia;Crescente;Chuva;Simples;Reta;Não;1;0;1;0;0;0;1;1;-22,9900288;-44,2400768;SPRF-RJ;DEL03-RJ;UOP03-DEL03-RJ
668364;20/03/2025;quinta-feira;06:20:00;GO;60;99,3;ANAPOLIS;Reação tardia ou ineficiente do condutor;Colisão traseira;Com Vítimas Feridas;Amanhecer;Crescente;Céu Claro;Dupla;Reta;Sim;1;0;1;0;0;0;1;1;-16,389392;-48,957147;SPRF-GO;DEL02-GO;UOP01-DEL02-GO
668365;20/03/2025;quinta-feira;06:40:00;PE;232;4,3;RECIFE;Condutor deixou de manter distância do veículo da frente;Colisão traseira;Com Vítimas Feridas;Pleno dia;Decrescente;Céu Claro;Dupla;Reta;Sim;2;0;1;0;1;0;1;2;-8,065631;-34,939477;SPRF-PE;DEL01-PE;UOP01-DEL01-PE
668366;27/01/2025;segunda-feira;02:00:00;BA;30;725,6;BOA NOVA;Velocidade Incompatível;Capotamento;Com Vítimas Feridas;Plena Noite;Crescente;Ignorado;Simples;Curva;Não;1;0;0;1;0;0;1;1;-14,38225573;-40,19270897;SPRF-BA;DEL05-BA;UOP01-DEL05-BA
668367;20/03/2025;quinta-feira;07:00:00;BA;324;622;SALVADOR;Ausência de reação do condutor;Queda de ocupante de veículo;Com Vítimas Feridas;Pleno dia;Crescente;Céu Claro;Múltipla;Reta;Sim;1;0;1;0;0;0;1;1;-12,9331314;-38,4721491;SPRF-BA;DEL01-BA;UOP01-DEL01-BA
668368;20/03/2025;quinta-feira;07:10:00;RN;101;110;SAO JOSE DE MIPIBU;Demais falhas mecânicas ou elétricas;Tombamento;Com Vítimas Feridas;Pleno dia;Decrescente;Céu Claro;Dupla;Reta;Não;1;0;1;0;0;0;1;1;-5,98675895;-35,26447487;SPRF-RN;DEL01-RN;UOP01-DEL01-RN
668369;20/03/2025;quinta-feira;04:06:00;MT;163;759;SORRISO;Ingestão de álcool pelo condutor;Saída de leito carroçável;Com Vítimas Feridas;Plena Noite;Crescente;Céu Claro;Simples;Reta;Não;2;0;2;0;0;0;2;1;-12,496192;-55,686068;SPRF-MT;DEL06-MT;UOP01-DEL06-MT
668370;20/03/2025;quinta-feira;07:15:00;RN;101;97,8;NATAL;Reação tardia ou ineficiente do condutor;Colisão traseira;Com Vítimas Feridas;Pleno dia;Decrescente;Céu Claro;Múltipla;Aclive;Sim;4;0;1;0;3;0;1;3;-5,859337;-35,213535;SPRF-RN;DEL01-RN;UOP01-DEL01-RN
668371;20/03/2025;quinta-feira;07:10:00;GO;153;521,5;HIDROLANDIA;Entrada inopinada do pedestre;Atropelamento de Pedestre;Com Vítimas Fatais;Pleno dia;Crescente;Céu Claro;Dupla;Reta;Sim;2;1;0;0;1;0;0;2;-16,881789;-49,253;SPRF-GO;DEL01-GO;UOP03-DEL01-GO
668372;20/03/2025;quinta-feira;06:55:00;PB;230;22,8;JOAO PESSOA;Condutor deixou de manter distância do veículo da frente;Colisão traseira;Com Vítimas Feridas;Pleno dia;Crescente;Céu Claro;Dupla;Reta;Sim;3;0;1;0;0;2;1;2;-7,157147;-34,857678;SPRF-PB;DEL01-PB;UOP01-DEL01-PB
668374;20/03/2025;quinta-feira;07:30:00;RS;116;251;SAPUCAIA DO SUL;Trafegar com motocicleta (ou similar) entre as faixas;Queda de ocupante de veículo;Com Vítimas Feridas;Pleno dia;Crescente;Céu Claro;Múltipla;Reta;Sim;3;0;1;0;1;1;1;3;-29,79771047;-51,16525618;SPRF-RS;DEL01-RS;UOP02-DEL01-RS
668377;20/03/2025;quinta-feira;07:40:00;SC;101;117;ITAJAI;Acessar a via sem observar a presença dos outros veículos;Colisão traseira;Com Vítimas Feridas;Pleno dia;Decrescente;Céu Claro;Dupla;Reta;Sim;2;0;1;0;1;0;1;2;-26,88504151;-48,72619629;SPRF-SC;DEL04-SC;UOP04-DEL04-SC
668378;18/03/2025;terça-feira;07:20:00;BA;116;11,9;VITORIA DA CONQUISTA;Ausência de reação do condutor;Colisão traseira;Com Vítimas Feridas;Pleno dia;Crescente;Sol;Simples;Reta;Não;2;0;1;0;0;1;1;2;-14,87649;-40,87127;SPRF-BA;DEL08-BA;UOP01-DEL08-BA
668379;20/03/2025;quinta-feira;08:00:00;SP;116;147,8;SAO JOSE DOS CAMPOS;Trafegar com motocicleta (ou similar) entre as faixas;Colisão traseira;Com Vítimas Feridas;Pleno dia;Decrescente;Nublado;Múltipla;Reta;Sim;3;0;2;0;1;0;2;2;-23,19642089;-45,87425664;SPRF-SP;DEL02-SP;UOP01-DEL02-SP
668380;20/03/2025;quinta-feira;05:35:00;MS;267;384,5;MARACAJU;Animais na Pista;Saída de leito carroçável;Com Vítimas Feridas;Amanhecer;Crescente;Céu Claro;Simples;Reta;Não;2;0;2;0;0;0;2;1;-21,634172;-55,338131;SPRF-MS;DEL05-MS;UOP01-DEL05-MS
668382;20/03/2025;quinta-feira;08:40:00;SC;101;206;SAO JOSE;Trafegar com motocicleta (ou similar) entre as faixas;Colisão lateral mesmo sentido;Com Vítimas Feridas;Pleno dia;Crescente;Céu Claro;Dupla;Reta;Sim;3;0;2;0;1;0;2;2;-27,591241;-48,618186;SPRF-SC;DEL01-SC;UOP01-DEL01-SC
668383;20/03/2025;quinta-feira;07:00:00;SC;101;328,6;CAPIVARI DE BAIXO;Ausência de reação do condutor;Colisão com objeto;Com Vítimas Feridas;Pleno dia;Crescente;Sol;Dupla;Desvio Temporário;Sim;1;0;1;0;0;0;1;1;-28,44960881;-48,97108186;SPRF-SC;DEL02-SC;UOP01-DEL02-SC
668384;20/03/2025;quinta-feira;08:35:00;RS;386;435,3;NOVA SANTA RITA;Acessar a via sem observar a presença dos outros veículos;Colisão transversal;Com Vítimas Feridas;Pleno dia;Decrescente;Céu Claro;Dupla;"Interseção de Vias;Rotatória";Sim;2;0;1;0;1;0;1;2;-29,84770812;-51,27104636;SPRF-RS;DEL04-RS;UOP02-DEL04-RS
668385;20/03/2025;quinta-feira;08:50:00;PE;101;170,1;AGUA PRETA;Demais falhas mecânicas ou elétricas;Queda de ocupante de veículo;Com Vítimas Feridas;Pleno dia;Crescente;Céu Claro;Dupla;"Curva;Declive";Não;1;0;1;0;0;0;1;1;-8,58639;-35,50141;SPRF-PE;DEL01-PE;UOP03-DEL01-PE
668386;19/03/2025;quarta-feira;22:30:00;BA;110;139;CICERO DANTAS;Reação tardia ou ineficiente do condutor;Saída de leito carroçável;Sem Vítimas;Plena Noite;Decrescente;Céu Claro;Simples;Reta;Não;1;0;0;0;1;0;0;1;-10,60135524;-38,39265059;SPRF-BA;DEL07-BA;UOP02-DEL07-BA
668387;20/03/2025;quinta-feira;08:00:00;MG;40;773;JUIZ DE FORA;Reação tardia ou ineficiente do condutor;Tombamento;Com Vítimas Feridas;Pleno dia;Decrescente;Céu Claro;Dupla;"Viaduto;Curva";Não;1;0;1;0;0;0;1;1;-21,64470982;-43,43543768;SPRF-MG;DEL05-MG;UOP01-DEL05-MG
668389;20/03/2025;quinta-feira;08:45:00;MG;40;527,8;CONTAGEM;Manobra de mudança de faixa;Colisão lateral mesmo sentido;Com Vítimas Feridas;Pleno dia;Crescente;Céu Claro;Múltipla;"Reta;Aclive";Sim;3;0;1;0;2;0;1;3;-19,9088839;-44,04459469;SPRF-MG;DEL01-MG;UOP02-DEL01-MG
668391;20/03/2025;quinta-feira;08:50:00;BA;324;624;SALVADOR;Manobra de mudança de faixa;Colisão traseira;Com Vítimas Feridas;Pleno dia;Crescente;Nublado;Dupla;Reta;Sim;2;0;1;0;1;0;1;2;-12,9462444;-38,4700115;SPRF-BA;DEL01-BA;UOP01-DEL01-BA
668392;20/03/2025;quinta-feira;08:00:00;ES;101;299;VIANA;Reação tardia ou ineficiente do condutor;Capotamento;Sem Vítimas;Pleno dia;Crescente;Nublado;Dupla;Reta;Sim;1;0;0;0;0;1;0;1;-20,35724567;-40,42843759;SPRF-ES;DEL01-ES;UOP01-DEL01-ES
668393;20/03/2025;quinta-feira;08:01:00;PR;277;472,9;NOVA LARANJEIRAS;Acessar a via sem observar a presença dos outros veículos;Colisão transversal;Com Vítimas Feridas;Pleno dia;Decrescente;Sol;Simples;Curva;Não;2;0;1;0;1;0;1;2;-25,28667758;-52,67415405;SPRF-PR;DEL04-PR;UOP02-DEL04-PR
668395;20/03/2025;quinta-feira;10:00:00;PR;116;210,8;RIO NEGRO;Desrespeitar a preferência no cruzamento;Colisão transversal;Com Vítimas Feridas;Pleno dia;Decrescente;Céu Claro;Simples;Reta;Sim;2;0;1;0;1;0;1;2;-26,09928077;-49,78072576;SPRF-SC;DEL06-SC;UOP01-DEL06-SC
668398;20/03/2025;quinta-feira;09:57:00;PR;116;104;SAO JOSE DOS PINHAIS;Ausência de reação do condutor;Tombamento;Com Vítimas Feridas;Pleno dia;Crescente;Nublado;Dupla;Reta;Não;1;0;1;0;0;0;1;1;-25,571117;-49,195572;SPRF-PR;DEL01-PR;UOP07-DEL01-PR
668399;12/03/2025;quarta-feira;08:00:00;BA;324;518;FEIRA DE SANTANA;Reação tardia ou ineficiente do condutor;Queda de ocupante de veículo;Com Vítimas Feridas;Pleno dia;Decrescente;Ignorado;Simples;Reta;Sim;1;0;1;0;0;0;1;1;-12,27453655;-38,93526078;SPRF-BA;DEL02-BA;UOP01-DEL02-BA
668402;20/03/2025;quinta-feira;10:40:00;RN;101;98;NATAL;Ausência de reação do condutor;Colisão traseira;Com Vítimas Feridas;Pleno dia;Crescente;Céu Claro;Múltipla;Interseção de Vias;Sim;2;0;1;0;1;0;1;2;-5,8648279;-35,2166311;SPRF-RN;DEL01-RN;UOP01-DEL01-RN
668404;20/03/2025;quinta-feira;10:30:00;RN;406;4,5;MACAU;Acessar a via sem observar a presença dos outros veículos;Colisão transversal;Com Vítimas Fatais;Pleno dia;Crescente;Céu Claro;Simples;"Interseção de Vias;Curva";Não;2;1;0;0;1;0;0;2;-5,1489623;-36,6054477;SPRF-RN;DEL02-RN;UOP01-DEL02-RN
668405;20/03/2025;quinta-feira;09:00:00;MA;226;304;BARRA DO CORDA;Acostamento em desnível;Capotamento;Com Vítimas Feridas;Pleno dia;Decrescente;Céu Claro;Simples;Curva;Sim;4;0;4;0;0;0;4;1;-5,482753;-45,275383;SPRF-MA;DEL06-MA;UOP01-DEL06-MA
668407;20/03/2025;quinta-feira;11:00:00;SE;235;52;ITABAIANA;Pista Escorregadia;Queda de ocupante de veículo;Com Vítimas Feridas;Pleno dia;Decrescente;Céu Claro;Simples;Curva;Sim;1;0;1;0;0;0;1;1;-10,705723;-37,4274304;SPRF-SE;DEL01-SE;UOP02-DEL01-SE
668409;08/01/2025;quarta-feira;15:35:00;ES;101;7,1;SERRA;Acumulo de água sobre o pavimento;Colisão com objeto;Com Vítimas Feridas;Pleno dia;Crescente;Chuva;Dupla;Reta;Não;2;0;1;1;0;0;2;1;-20,129093;-40,308125;SPRF-ES;DEL02-ES;UOP01-DEL02-ES
668410;16/02/2025;domingo;13:50:00;RJ;40;62;PETROPOLIS;Retorno proibido;Colisão transversal;Com Vítimas Feridas;Pleno dia;Crescente;Céu Claro;Simples;"Reta;Aclive";Sim;2;0;1;0;1;0;1;2;-22,40542358;-43,14664526;SPRF-RJ;DEL05-RJ;UOP02-DEL05-RJ
668413;20/03/2025;quinta-feira;10:10:00;BA;101;679,9;ITAGIMIRIM;Velocidade Incompatível;Colisão transversal;Com Vítimas Feridas;Pleno dia;Crescente;Céu Claro;Simples;Interseção de Vias;Não;3;0;1;1;1;0;2;3;-16,08012608;-39,62048527;SPRF-BA;DEL09-BA;UOP03-DEL09-BA
668414;20/03/2025;quinta-feira;11:35:00;SC;280;26;GUARAMIRIM;Trafegar com motocicleta (ou similar) entre as faixas;Colisão transversal;Com Vítimas Feridas;Pleno dia;Crescente;Céu Claro;Simples;Reta;Sim;2;0;1;0;1;0;1;2;-26,476544;-48,9947136;SPRF-SC;DEL03-SC;UOP03-DEL03-SC
668415;20/03/2025;quinta-feira;11:30:00;RJ;101;262;RIO BONITO;Acumulo de água sobre o pavimento;Capotamento;Com Vítimas Feridas;Pleno dia;Crescente;Nublado;Dupla;Curva;Sim;2;0;1;0;1;0;1;1;-22,71336867;-42,61838841;SPRF-RJ;DEL02-RJ;UOP03-DEL02-RJ
668417;20/03/2025;quinta-feira;10:20:00;RJ;101;521;ANGRA DOS REIS;Acumulo de água sobre o pavimento;Tombamento;Com Vítimas Feridas;Pleno dia;Decrescente;Chuva;Simples;Rotatória;Sim;1;0;1;0;0;0;1;1;-23,00297402;-44,45503234;SPRF-RJ;DEL03-RJ;UOP03-DEL03-RJ
668418;20/03/2025;quinta-feira;09:30:00;MG;381;925;ITAPEVA;Velocidade Incompatível;Queda de ocupante de veículo;Com Vítimas Feridas;Pleno dia;Crescente;Céu Claro;Dupla;"Curva;Declive";Não;1;0;1;0;0;0;1;1;-22,770279;-46,204627;SPRF-MG;DEL16-MG;UOP03-DEL16-MG