id;data_inversa;dia_semana;horario;uf;br;km;municipio;causa_acidente;tipo_acidente;classificacao_acidente;fase_dia;sentido_via;condicao_metereologica;tipo_pista;tracado_via;uso_solo;pessoas;mortos;feridos_leves;feridos_graves;ilesos;ignorados;feridos;veiculos;latitude;longitude;regional;delegacia;uop
668805;22/03/2025;sábado;08:30:00;RS;470;247;BARAO;Reação tardia ou ineficiente do condutor;Saída de leito carroçável;Com Vítimas Feridas;Pleno dia;Decrescente;Céu Claro;Simples;Curva;Não;1;0;1;0;0;0;1;1;-29,3928417;-51,4929866;SPRF-RS;DEL06-RS;UOP01-DEL06-RS
668806;22/03/2025;sábado;08:50:00;SC;101;226,6;PALHOCA;Velocidade Incompatível;Saída de leito carroçável;Com Vítimas Feridas;Pleno dia;Decrescente;Sol;Dupla;Reta;Não;3;0;0;1;2;0;1;1;-27,7488524;-48,63555193;SPRF-SC;DEL01-SC;UOP02-DEL01-SC
668808;22/03/2025;sábado;08:09:00;PE;101;146,5;RIBEIRAO;Reação tardia ou ineficiente do condutor;Colisão traseira;Com Vítimas Feridas;Pleno dia;Crescente;Céu Claro;Dupla;"Reta;Aclive";Não;6;0;5;1;0;0;6;2;-8,48374791;-35,37217855;SPRF-PE;DEL01-PE;UOP03-DEL01-PE
668811;22/03/2025;sábado;09:37:00;PB;101;96;CONDE;Ausência de reação do condutor;Atropelamento de Pedestre;Com Vítimas Feridas;Pleno dia;Decrescente;Céu Claro;Dupla;Reta;Sim;3;0;0;1;1;1;1;2;-7,233168;-34,922317;SPRF-PB;DEL01-PB;UOP01-DEL01-PB
668812;22/03/2025;sábado;09:30:00;RS;386;435;MONTENEGRO;Acessar a via sem observar a presença dos outros veículos;Colisão transversal;Com Vítimas Feridas;Pleno dia;Crescente;Céu Claro;Dupla;"Reta;Rotatória";Sim;2;0;1;0;1;0;1;2;-29,8221568;-51,3736704;SPRF-RS;DEL04-RS;UOP02-DEL04-RS
668813;22/03/2025;sábado;09:00:00;PR;153;349;REBOUCAS;Falta de elemento de contenção que evite a saída do leito carroçável;Saída de leito carroçável;Sem Vítimas;Pleno dia;Crescente;Céu Claro;Simples;Reta;Não;1;0;0;0;0;1;0;1;-25,607;-50,696;SPRF-PR;DEL08-PR;UOP02-DEL08-PR
668815;22/03/2025;sábado;09:15:00;PI;316;53;MONSENHOR GIL;Ausência de reação do condutor;Capotamento;Com Vítimas Feridas;Pleno dia;Crescente;Sol;Simples;Reta;Não;3;0;1;0;2;0;1;1;-5,52404;-42,6388;SPRF-PI;DEL01-PI;UOP02-DEL01-PI
668816;22/03/2025;sábado;09:15:00;SP;101;44;UBATUBA;Retorno proibido;Colisão transversal;Com Vítimas Feridas;Pleno dia;Crescente;Céu Claro;Simples;Reta;Sim;4;0;1;0;3;0;1;2;-23,419205;-45,06863;SPRF-SP;DEL06-SP;UOP01-DEL06-SP
668817;22/03/2025;sábado;10:35:00;AL;101;139;SAO MIGUEL DOS CAMPOS;Reação tardia ou ineficiente do condutor;Colisão transversal;Com Vítimas Feridas;Pleno dia;Crescente;Céu Claro;Simples;Reta;Não;2;0;1;0;1;0;1;2;-9,8071205;-36,1157345;SPRF-AL;DEL02-AL;UOP01-DEL02-AL
668818;02/03/2025;domingo;20:56:00;PI;343;343;TERESINA;Acessar a via sem observar a presença dos outros veículos;Colisão traseira;Com Vítimas Feridas;Plena Noite;Crescente;Céu Claro;Dupla;Rotatória;Não;5;0;2;0;1;2;2;4;-5,07819504;-42,74975538;SPRF-PI;DEL01-PI;UOP01-DEL01-PI
668820;22/03/2025;sábado;10:45:00;PR;153;335;IRATI;Conversão proibida;Colisão lateral mesmo sentido;Sem Vítimas;Pleno dia;Crescente;Sol;Simples;Reta;Sim;3;0;0;0;3;0;0;2;-25,497;-50,648;SPRF-PR;DEL08-PR;UOP02-DEL08-PR
668822;22/03/2025;sábado;11:30:00;RJ;101;308;SAO GONCALO;Demais falhas mecânicas ou elétricas;Tombamento;Com Vítimas Feridas;Pleno dia;Crescente;Céu Claro;Dupla;Reta;Sim;2;0;2;0;0;0;2;1;-22,7934208;-43,0309376;SPRF-RJ;DEL02-RJ;UOP02-DEL02-RJ
668825;22/03/2025;sábado;08:50:00;RJ;116;82;TERESOPOLIS;Acessar a via sem observar a presença dos outros veículos;Colisão transversal;Com Vítimas Feridas;Pleno dia;Crescente;Céu Claro;Simples;Reta;Sim;2;0;1;1;0;0;2;2;-22,406925;-42,951261;SPRF-RJ;DEL04-RJ;UOP01-DEL04-RJ
668826;22/03/2025;sábado;11:30:00;DF;60;19,2;BRASILIA;Reação tardia ou ineficiente do condutor;Tombamento;Com Vítimas Feridas;Pleno dia;Crescente;Céu Claro;Dupla;Declive;Não;1;0;1;0;0;0;1;1;-15,975203;-48,193148;SPRF-DF;DEL03-DF;UOP01-DEL03-DF
668828;22/03/2025;sábado;11:30:00;PI;343;52;BURITI DOS LOPES;Acessar a via sem observar a presença dos outros veículos;Colisão transversal;Com Vítimas Feridas;Pleno dia;Decrescente;Sol;Simples;"Reta;Interseção de Vias";Não;2;0;1;0;1;0;1;2;-3,20004188;-41,83708906;SPRF-PI;DEL05-PI;UOP01-DEL05-PI
668829;22/03/2025;sábado;12:05:00;PI;343;2,7;TERESINA;Condutor deixou de manter distância do veículo da frente;Colisão traseira;Com Vítimas Feridas;Pleno dia;Crescente;Céu Claro;Dupla;Interseção de Vias;Sim;2;0;1;0;1;0;1;2;-5,08114568;-42,77426954;SPRF-PI;DEL01-PI;UOP01-DEL01-PI
668830;22/03/2025;sábado;12:10:00;RS;290;75;GRAVATAI;Animais na Pista;Colisão com objeto;Com Vítimas Feridas;Pleno dia;Crescente;Céu Claro;Múltipla;Reta;Não;1;0;1;0;0;0;1;1;-29,9550388;-51,0036875;SPRF-RS;DEL01-RS;UOP01-DEL01-RS
668831;22/03/2025;sábado;07:50:00;RS;287;337,7;SAO VICENTE DO SUL;Reação tardia ou ineficiente do condutor;Saída de leito carroçável;Com Vítimas Feridas;Pleno dia;Decrescente;Nublado;Simples;Curva;Não;1;0;1;0;0;0;1;1;-29,615913;-54,683978;SPRF-RS;DEL12-RS;UOP02-DEL12-RS
668832;22/03/2025;sábado;12:40:00;RS;116;268;CANOAS;Acessar a via sem observar a presença dos outros veículos;Queda de ocupante de veículo;Com Vítimas Feridas;Pleno dia;Decrescente;Céu Claro;Dupla;Reta;Sim;2;0;2;0;0;0;2;2;-29,93999951;-51,17701823;SPRF-RS;DEL01-RS;UOP01-DEL01-RS
668834;22/03/2025;sábado;12:30:00;GO;80;140;BARRO ALTO;Velocidade Incompatível;Saída de leito carroçável;Com Vítimas Feridas;Pleno dia;Decrescente;Chuva;Dupla;Interseção de Vias;Sim;1;0;0;1;0;0;1;1;-14,96465804;-48,93123195;SPRF-GO;DEL07-GO;UOP02-DEL07-GO
668835;22/03/2025;sábado;10:50:00;RJ;40;123;DUQUE DE CAXIAS;Reação tardia ou ineficiente do condutor;Colisão lateral mesmo sentido;Com Vítimas Feridas;Pleno dia;Crescente;Céu Claro;Múltipla;Reta;Sim;3;0;2;0;1;0;2;2;-22,80509998;-43,28985529;SPRF-RJ;DEL01-RJ;UOP02-DEL01-RJ
668836;22/03/2025;sábado;12:25:00;PR;277;610,9;SANTA TEREZA DO OESTE;Desrespeitar a preferência no cruzamento;Colisão transversal;Com Vítimas Feridas;Pleno dia;Crescente;Céu Claro;Simples;"Reta;Interseção de Vias";Sim;5;0;1;1;3;0;2;2;-25,051657;-53,631517;SPRF-PR;DEL05-PR;UOP02-DEL05-PR
668837;22/03/2025;sábado;11:50:00;RJ;493;18;GUAPIMIRIM;Acessar a via sem observar a presença dos outros veículos;Colisão transversal;Com Vítimas Feridas;Pleno dia;Crescente;Céu Claro;Simples;Reta;Sim;2;0;1;0;1;0;1;2;-22,66732758;-43,02654935;SPRF-RJ;DEL04-RJ;UOP02-DEL04-RJ
668838;22/03/2025;sábado;12:05:00;SC;101;146;ITAPEMA;Reação tardia ou ineficiente do condutor;Colisão transversal;Com Vítimas Feridas;Pleno dia;Crescente;Céu Claro;Múltipla;Reta;Sim;2;0;2;0;0;0;2;2;-27,09014906;-48,61552656;SPRF-SC;DEL04-SC;UOP03-DEL04-SC
668839;22/03/2025;sábado;07:50:00;GO;153;18;PORANGATU;Demais falhas mecânicas ou elétricas;Saída de leito carroçável;Sem Vítimas;Pleno dia;Decrescente;Céu Claro;Simples;Reta;Não;2;0;0;0;2;0;0;1;-13,4152192;-49,1454464;SPRF-GO;DEL07-GO;UOP01-DEL07-GO
668840;22/03/2025;sábado;12:00:00;DF;70;0,7;BRASILIA;Ausência de reação do condutor;Colisão traseira;Com Vítimas Feridas;Pleno dia;Crescente;Nublado;Dupla;Reta;Sim;2;0;1;0;1;0;1;2;-15,794189;-48,060844;SPRF-DF;DEL03-DF;UOP02-DEL03-DF
668841;22/03/2025;sábado;13:10:00;PR;376;201;MARIALVA;Demais falhas mecânicas ou elétricas;Colisão com objeto;Sem Vítimas;Pleno dia;Crescente;Céu Claro;Dupla;Declive;Não;2;0;0;0;1;1;0;2;-23,5071556;-51,7334612;SPRF-PR;DEL09-PR;UOP01-DEL09-PR
668843;22/03/2025;sábado;11:40:00;PR;373;400;CANDOI;Desrespeitar a preferência no cruzamento;Colisão transversal;Com Vítimas Feridas;Pleno dia;Decrescente;Céu Claro;Simples;Interseção de Vias;Sim;4;0;1;0;3;0;1;2;-25,567;-52,050417;SPRF-PR;DEL08-PR;UOP01-DEL08-PR
668844;22/03/2025;sábado;13:50:00;GO;153;651;GOIATUBA;Velocidade Incompatível;Saída de leito carroçável;Com Vítimas Feridas;Pleno dia;Crescente;Nublado;Dupla;Reta;Não;2;0;2;0;0;0;2;1;-17,966348;-49,253306;SPRF-GO;DEL03-GO;UOP01-DEL03-GO
668845;13/03/2025;quinta-feira;05:10:00;BA;101;267;SANTO ANTONIO DE JESUS;Animais na Pista;Atropelamento de Animal;Com Vítimas Feridas;Amanhecer;Crescente;Céu Claro;Simples;Curva;Não;3;0;1;0;2;0;1;2;-13,00652303;-39,29423332;SPRF-BA;DEL01-BA;UOP02-DEL01-BA
668846;22/03/2025;sábado;14:06:00;PE;101;72;RECIFE;Animais na Pista;Atropelamento de Animal;Com Vítimas Feridas;Pleno dia;Decrescente;Céu Claro;Dupla;Reta;Sim;2;0;1;1;0;0;2;1;-8,09063;-34,946661;SPRF-PE;DEL01-PE;UOP01-DEL01-PE
668848;22/03/2025;sábado;14:10:00;RN;304;304,1;PARNAMIRIM;Ingestão de álcool pelo condutor;Colisão com objeto;Com Vítimas Feridas;Pleno dia;Decrescente;Sol;Dupla;"Reta;Retorno Regulamentado";Sim;1;0;0;1;0;0;1;1;-5,8854716;-35,27865259;SPRF-RN;DEL01-RN;UOP02-DEL01-RN
668849;22/03/2025;sábado;14:15:00;RS;392;347;SANTA MARIA;Ausência de reação do condutor;Colisão transversal;Com Vítimas Feridas;Pleno dia;Crescente;Céu Claro;Simples;"Reta;Interseção de Vias";Sim;4;0;1;0;3;0;1;2;-29,76407935;-53,78525376;SPRF-RS;DEL09-RS;UOP01-DEL09-RS
668850;22/03/2025;sábado;10:30:00;MG;116;695,5;MURIAE;Reação tardia ou ineficiente do condutor;Capotamento;Com Vítimas Feridas;Pleno dia;Crescente;Céu Claro;Simples;Reta;Não;5;0;5;0;0;0;5;1;-21,0687489;-42,36775182;SPRF-MG;DEL07-MG;UOP02-DEL07-MG
668851;22/03/2025;sábado;12:45:00;GO;60;385;RIO VERDE;Ingestão de álcool pelo condutor;Colisão traseira;Com Vítimas Feridas;Pleno dia;Decrescente;Céu Claro;Simples;"Interseção de Vias;Viaduto";Sim;3;0;1;0;2;0;1;2;-17,81360577;-50,93076294;SPRF-GO;DEL04-GO;UOP02-DEL04-GO
668852;22/03/2025;sábado;14:40:00;SC;470;80;RODEIO;Reação tardia ou ineficiente do condutor;Saída de leito carroçável;Com Vítimas Feridas;Pleno dia;Crescente;Céu Claro;Simples;Curva;Não;1;0;1;0;0;0;1;1;-26,9481536;-49,31828141;SPRF-SC;DEL04-SC;UOP01-DEL04-SC
668853;22/03/2025;sábado;15:20:00;RN;101;104;PARNAMIRIM;Ingestão de álcool pelo condutor;Colisão traseira;Com Vítimas Feridas;Pleno dia;Crescente;Céu Claro;Simples;Reta;Sim;2;0;1;0;1;0;1;2;-5,8908728;-35,2561628;SPRF-RN;DEL01-RN;UOP01-DEL01-RN
668854;22/03/2025;sábado;14:15:00;PR;373;426;FOZ DO JORDAO;Manobra de mudança de faixa;Colisão lateral mesmo sentido;Com Vítimas Feridas;Pleno dia;Crescente;Céu Claro;Simples;Reta;Não;3;0;1;0;2;0;1;2;-25,7269;-52,21571;SPRF-PR;DEL08-PR;UOP01-DEL08-PR
668855;22/03/2025;sábado;15:10:00;SC;282;0,6;FLORIANOPOLIS;Condutor deixou de manter distância do veículo da frente;Engavetamento;Com Vítimas Feridas;Pleno dia;Decrescente;Céu Claro;Múltipla;"Reta;Declive";Não;5;0;1;0;4;0;1;4;-27,600335;-48,577247;SPRF-SC;DEL01-SC;UOP01-DEL01-SC
668857;22/03/2025;sábado;15:20:00;SP;116;118;TAUBATE;Reação tardia ou ineficiente do condutor;Tombamento;Com Vítimas Feridas;Pleno dia;Decrescente;Sol;Dupla;Reta;Sim;2;0;1;0;1;0;1;1;-23,06536013;-45,63212156;SPRF-SP;DEL02-SP;UOP02-DEL02-SP
668858;22/03/2025;sábado;14:45:00;PR;476;147;CURITIBA;Demais falhas mecânicas ou elétricas;Tombamento;Com Vítimas Feridas;Pleno dia;Decrescente;Sol;Dupla;Reta;Não;2;0;1;0;1;0;1;1;-25,554909;-49,33996439;SPRF-PR;DEL01-PR;UOP06-DEL01-PR
668861;22/03/2025;sábado;15:05:00;MG;40;519;RIBEIRAO DAS NEVES;Ausência de reação do condutor;Colisão traseira;Com Vítimas Feridas;Pleno dia;Crescente;Nublado;Dupla;"Reta;Aclive";Sim;2;0;1;0;1;0;1;2;-19,83982701;-44,07682657;SPRF-MG;DEL01-MG;UOP02-DEL01-MG
668862;22/03/2025;sábado;15:00:00;SC;101;138;BALNEARIO CAMBORIU;Reação tardia ou ineficiente do condutor;Tombamento;Com Vítimas Feridas;Pleno dia;Decrescente;Céu Claro;Dupla;Curva;Sim;1;0;1;0;0;0;1;1;-27,02880981;-48,60515529;SPRF-SC;DEL04-SC;UOP03-DEL04-SC
668864;22/03/2025;sábado;12:39:00;RJ;40;62;PETROPOLIS;Acessar a via sem observar a presença dos outros veículos;Colisão transversal;Com Vítimas Feridas;Pleno dia;Crescente;Céu Claro;Simples;"Interseção de Vias;Rotatória";Sim;2;0;1;0;1;0;1;2;-22,40877158;-43,1495207;SPRF-RJ;DEL05-RJ;UOP02-DEL05-RJ
668865;22/03/2025;sábado;15:25:00;SC;101;2,3;FLORIANOPOLIS;Condutor deixou de manter distância do veículo da frente;Colisão traseira;Com Vítimas Feridas;Pleno dia;Decrescente;Céu Claro;Múltipla;Reta;Sim;2;0;0;1;1;0;1;2;-27,60428749;-48,58835042;SPRF-SC;DEL03-SC;UOP01-DEL03-SC
668866;22/03/2025;sábado;15:00:00;DF;70;4;BRASILIA;Manobra de mudança de faixa;Capotamento;Com Vítimas Feridas;Pleno dia;Crescente;Céu Claro;Dupla;Reta;Sim;2;0;2;0;0;0;2;1;-15,79630479;-48,09213147;SPRF-DF;DEL03-DF;UOP02-DEL03-DF
668868;22/03/2025;sábado;15:41:00;RS;470;159;NOVA PRATA;Ingestão de álcool pelo condutor;Colisão frontal;Sem Vítimas;Pleno dia;Decrescente;Céu Claro;Simples;"Rotatória;Declive";Não;2;0;0;0;2;0;0;2;-28,80171548;-51,60964228;SPRF-RS;DEL06-RS;UOP02-DEL06-RS
668869;22/03/2025;sábado;16:20:00;PE;101;67,2;RECIFE;Acessar a via sem observar a presença dos outros veículos;Colisão lateral mesmo sentido;Com Vítimas Feridas;Pleno dia;Crescente;Céu Claro;Dupla;Reta;Sim;2;0;0;1;1;0;1;2;-8,044366;-34,944223;SPRF-PE;DEL01-PE;UOP01-DEL01-PE
668870;22/03/2025;sábado;16:10:00;MG;381;601,2;CARMOPOLIS DE MINAS;Reação tardia ou ineficiente do condutor;Saída de leito carroçável;Com Vítimas Feridas;Pleno dia;Crescente;Sol;Dupla;"Aclive;Curva";Não;2;0;1;0;1;0;1;1;-20,60758846;-44,72910851;SPRF-MG;DEL04-MG;UOP01-DEL04-MG
668872;22/03/2025;sábado;16:30:00;RN;101;75,6;SAO GONCALO DO AMARANTE;Condutor deixou de manter distância do veículo da frente;Colisão traseira;Com Vítimas Feridas;Pleno dia;Crescente;Céu Claro;Dupla;Reta;Não;2;0;1;0;0;1;1;2;-5,724093;-35,280762;SPRF-RN;DEL02-RN;UOP01-DEL02-RN
668873;22/03/2025;sábado;16:30:00;MG;50;21;UBERLANDIA;Problema na suspensão;Colisão com objeto;Com Vítimas Feridas;Pleno dia;Crescente;Céu Claro;Dupla;"Reta;Declive";Sim;1;0;1;0;0;0;1;1;-18,93782699;-48,21512908;SPRF-MG;DEL15-MG;UOP01-DEL15-MG
668875;22/03/2025;sábado;15:00:00;SC;282;0,2;FLORIANOPOLIS;Velocidade Incompatível;Colisão com objeto;Com Vítimas Feridas;Pleno dia;Crescente;Céu Claro;Múltipla;Curva;Não;1;0;0;1;0;0;1;1;-27,599449;-48,574515;SPRF-SC;DEL01-SC;UOP01-DEL01-SC
668876;22/03/2025;sábado;17:40:00;SC;101;204;SAO JOSE;Trafegar com motocicleta (ou similar) entre as faixas;Colisão lateral mesmo sentido;Com Vítimas Feridas;Anoitecer;Crescente;Céu Claro;Múltipla;Reta;Sim;3;0;1;0;2;0;1;2;-27,579654;-48,614153;SPRF-SC;DEL01-SC;UOP01-DEL01-SC
668877;22/03/2025;sábado;15:30:00;BA;324;543;AMELIA RODRIGUES;Pedestre cruzava a pista fora da faixa;Atropelamento de Pedestre;Com Vítimas Feridas;Pleno dia;Decrescente;Nublado;Dupla;Reta;Sim;2;0;1;0;1;0;1;2;-12,403135;-38,754799;SPRF-BA;DEL01-BA;UOP03-DEL01-BA
668879;22/03/2025;sábado;16:30:00;MG;262;456,9;NOVA SERRANA;Reação tardia ou ineficiente do condutor;Saída de leito carroçável;Com Vítimas Feridas;Pleno dia;Decrescente;Chuva;Simples;Curva;Não;3;0;0;3;0;0;3;1;-19,821456;-45,084388;SPRF-MG;DEL08-MG;UOP03-DEL08-MG
668881;22/03/2025;sábado;16:40:00;AM;174;947;MANAUS;Mal súbito do condutor;Saída de leito carroçável;Com Vítimas Feridas;Pleno dia;Decrescente;Céu Claro;Simples;"Reta;Aclive";Não;4;0;4;0;0;0;4;1;-2,420768;-60,03105;SPRF-AM;DEL01-AM;UOP01-DEL01-AM
668882;01/03/2025;sábado;22:22:00;GO;60;44,4;ALEXANIA;Entrada inopinada do pedestre;Atropelamento de Pedestre;Com Vítimas Feridas;Plena Noite;Crescente;Céu Claro;Dupla;Reta;Sim;2;0;0;1;1;0;1;2;-16,127886;-48,5957807;SPRF-GO;DEL02-GO;UOP01-DEL02-GO
668884;22/03/2025;sábado;18:10:00;PB;104;141,9;QUEIMADAS;Reação tardia ou ineficiente do condutor;Tombamento;Com Vítimas Feridas;Plena Noite;Crescente;Ignorado;Simples;Reta;Sim;2;0;1;1;0;0;2;1;-7,379723;-35,896932;SPRF-PB;DEL02-PB;UOP03-DEL02-PB
668885;22/03/2025;sábado;18:45:00;RS;116;1;PORTO ALEGRE;Manobra de mudança de faixa;Colisão traseira;Com Vítimas Feridas;Plena Noite;Crescente;Céu Claro;Simples;Reta;Sim;2;0;1;0;1;0;1;2;-29,9856055;-51,18152618;SPRF-RS;DEL01-RS;UOP01-DEL01-RS
668887;22/03/2025;sábado;11:20:00;RJ;40;99;DUQUE DE CAXIAS;Trafegar com motocicleta (ou similar) entre as faixas;Colisão lateral mesmo sentido;Com Vítimas Feridas;Pleno dia;Decrescente;Céu Claro;Dupla;Curva;Sim;2;0;1;0;1;0;1;2;-22,59199168;-43,27619422;SPRF-RJ;DEL01-RJ;UOP01-DEL01-RJ
668889;22/03/2025;sábado;16:00:00;PE;407;101,5;PETROLINA;Condutor deixou de manter distância do veículo da frente;Colisão traseira;Com Vítimas Feridas;Pleno dia;Crescente;Céu Claro;Simples;Reta;Não;3;0;1;1;1;0;2;2;-9,195743;-40,633772;SPRF-PE;DEL06-PE;UOP01-DEL06-PE
668890;22/03/2025;sábado;19:10:00;SC;101;200;SAO JOSE;Condutor deixou de manter distância do veículo da frente;Colisão traseira;Com Vítimas Feridas;Plena Noite;Crescente;Céu Claro;Dupla;Reta;Sim;2;0;1;0;1;0;1;2;-27,540549;-48,622708;SPRF-SC;DEL01-SC;UOP01-DEL01-SC
668891;22/03/2025;sábado;19:10:00;RN;101;82;NATAL;Ausência de reação do condutor;Atropelamento de Pedestre;Com Vítimas Feridas;Plena Noite;Decrescente;Céu Claro;Dupla;Reta;Sim;2;0;1;1;0;0;2;2;-5,76620128;-35,27901823;SPRF-RN;DEL02-RN;UOP01-DEL02-RN
668892;22/03/2025;sábado;18:40:00;MS;262;486;ANASTACIO;Velocidade Incompatível;Tombamento;Com Vítimas Feridas;Plena Noite;Crescente;Céu Claro;Simples;Reta;Não;2;0;2;0;0;0;2;1;-20,50007928;-55,77800632;SPRF-MS;DEL03-MS;UOP01-DEL03-MS
668893;22/03/2025;sábado;03:40:00;RJ;101;576;PARATY;Ingestão de álcool pelo condutor;Saída de leito carroçável;Sem Vítimas;Plena Noite;Decrescente;Nublado;Simples;Reta;Não;1;0;0;0;1;0;0;1;-23,2273048;-44,7279073;SPRF-RJ;DEL03-RJ;UOP04-DEL03-RJ
668894;22/03/2025;sábado;19:30:00;RS;392;117;CANGUCU;Manobra de mudança de faixa;Colisão lateral mesmo sentido;Sem Vítimas;Plena Noite;Decrescente;Céu Claro;Simples;Reta;Sim;2;0;0;0;2;0;0;2;-31,414232;-52,6748298;SPRF-RS;DEL07-RS;UOP01-DEL07-RS
668895;22/03/2025;sábado;19:20:00;PR;277;121;CAMPO LARGO;Acessar a via sem observar a presença dos outros veículos;Colisão transversal;Com Vítimas Feridas;Plena Noite;Crescente;Céu Claro;Dupla;Retorno Regulamentado;Sim;2;0;0;1;1;0;1;2;-25,446311;-49,487344;SPRF-PR;DEL03-PR;UOP03-DEL03-PR
668898;22/03/2025;sábado;18:30:00;SP;153;61,3;SAO JOSE DO RIO PRETO;Ingestão de álcool pelo condutor;Colisão traseira;Sem Vítimas;Plena Noite;Decrescente;Céu Claro;Dupla;"Aclive;Reta";Sim;2;0;0;0;2;0;0;2;-20,806408;-49,355918;SPRF-SP;DEL09-SP;UOP01-DEL09-SP
668899;22/03/2025;sábado;19:20:00;PE;104;93;AGRESTINA;Velocidade Incompatível;Saída de leito carroçável;Com Vítimas Fatais;Plena Noite;Crescente;Céu Claro;Simples;Reta;Não;1;1;0;0;0;0;0;1;-8,51555;-35,94152;SPRF-PE;DEL02-PE;NPF/DEL02-PE
668900;22/03/2025;sábado;17:00:00;MS;163;42;ELDORADO;Ingestão de álcool pelo condutor;Saída de leito carroçável;Com Vítimas Feridas;Pleno dia;Crescente;Céu Claro;Simples;"Reta;Declive";Sim;1;0;1;0;0;0;1;1;-23,7714602;-54,2760196;SPRF-MS;DEL09-MS;UOP02-DEL09-MS
668901;22/03/2025;sábado;19:30:00;GO;50;240,6;CATALAO;Ausência de reação do condutor;Saída de leito carroçável;Com Vítimas Feridas;Plena Noite;Decrescente;Céu Claro;Dupla;Reta;Não;2;0;2;0;0;0;2;1;-17,88871;-47,792399;SPRF-GO;DEL06-GO;UOP01-DEL06-GO
668902;22/03/2025;sábado;17:20:00;MG;381;665;PERDOES;Condutor deixou de manter distância do veículo da frente;Colisão traseira;Com Vítimas Feridas;Anoitecer;Decrescente;Nublado;Dupla;Reta;Não;6;0;1;0;5;0;1;2;-21,05493912;-45,03103599;SPRF-MG;DEL04-MG;UOP02-DEL04-MG
668903;22/03/2025;sábado;17:15:00;MG;365;611,9;UBERLANDIA;Ultrapassagem Indevida;Colisão lateral mesmo sentido;Com Vítimas Feridas;Pleno dia;Crescente;Sol;Simples;Reta;Sim;2;0;0;1;0;1;1;2;-18,92486439;-48,19865799;SPRF-MG;DEL15-MG;UOP01-DEL15-MG
668904;22/03/2025;sábado;20:20:00;SP;116;225;GUARULHOS;Reação tardia ou ineficiente do condutor;Tombamento;Com Vítimas Feridas;Plena Noite;Decrescente;Céu Claro;Múltipla;"Em Obras;Desvio Temporário;Reta;Declive";Sim;1;0;1;0;0;0;1;1;-23,4869;-46,542044;SPRF-SP;DEL01-SP;UOP01-DEL01-SP
668905;22/03/2025;sábado;20:15:00;RJ;116;177;MESQUITA;Acessar a via sem observar a presença dos outros veículos;Colisão traseira;Sem Vítimas;Plena Noite;Decrescente;Céu Claro;Múltipla;Reta;Não;2;0;0;0;2;0;0;2;-22,77607717;-43,39990675;SPRF-RJ;DEL06-RJ;UOP01-DEL06-RJ
668906;22/03/2025;sábado;18:30:00;BA;420;341;JAGUAQUARA;Ingestão de álcool pelo condutor;Colisão transversal;Com Vítimas Feridas;Anoitecer;Crescente;Céu Claro;Simples;Curva;Sim;2;0;0;1;1;0;1;2;-13,526252;-39,97047;SPRF-BA;DEL03-BA;UOP01-DEL03-BA
668907;22/03/2025;sábado;20:05:00;RN;226;2,8;MACAIBA;Deficiência do Sistema de Iluminação/Sinalização;Colisão traseira;Com Vítimas Feridas;Plena Noite;Decrescente;Céu Claro;Simples;Reta;Sim;3;0;2;0;1;0;2;2;-5,867592;-35,3709583;SPRF-RN;DEL01-RN;UOP02-DEL01-RN
668908;22/03/2025;sábado;19:00:00;SC;101;331,7;TUBARAO;Ausência de reação do condutor;Colisão traseira;Com Vítimas Feridas;Plena Noite;Crescente;Céu Claro;Múltipla;Reta;Sim;3;0;1;0;2;0;1;2;-28,46530018;-48,99438674;SPRF-SC;DEL02-SC;UOP01-DEL02-SC
668909;22/03/2025;sábado;17:45:00;RS;386;115,9;SARANDI;Transitar na contramão;Colisão frontal;Com Vítimas Fatais;Pleno dia;Decrescente;Céu Claro;Simples;Curva;Não;6;1;2;3;0;0;5;2;-27,83274712;-53,02084565;SPRF-RS;DEL08-RS;UOP01-DEL08-RS
668911;22/03/2025;sábado;20:00:00;MG;381;570,5;ITAGUARA;Demais falhas mecânicas ou elétricas;Saída de leito carroçável;Com Vítimas Feridas;Plena Noite;Crescente;Chuva;Dupla;Reta;Não;1;0;1;0;0;0;1;1;-20,42179;-44,536709;SPRF-MG;DEL04-MG;UOP03-DEL04-MG
668912;22/03/2025;sábado;20:00:00;BA;110;172;RIBEIRA DO POMBAL;Transitar no Acostamento;Colisão transversal;Com Vítimas Feridas;Plena Noite;Crescente;Céu Claro;Simples;Reta;Sim;2;0;0;1;1;0;1;2;-10,823386;-38,531609;SPRF-BA;DEL07-BA;UOP02-DEL07-BA
668913;22/03/2025;sábado;20:15:00;PR;376;591,4;CURITIBA;Velocidade Incompatível;Saída de leito carroçável;Com Vítimas Feridas;Plena Noite;Decrescente;Céu Claro;Dupla;"Interseção de Vias;Curva;Declive";Não;3;0;2;0;1;0;2;1;-25,429585;-49,3659;SPRF-PR;DEL03-PR;UOP03-DEL03-PR
668916;22/03/2025;sábado;19:50:00;PR;369;188,3;ARAPONGAS;Ingestão de álcool pelo condutor;Saída de leito carroçável;Sem Vítimas;Anoitecer;Crescente;Chuva;Dupla;Reta;Não;3;0;0;0;3;0;0;1;-23,4390866;-51,42232769;SPRF-PR;DEL07-PR;UOP03-DEL07-PR
668918;22/03/2025;sábado;20:10:00;SP;116;444;REGISTRO;Demais falhas na via;Tombamento;Com Vítimas Feridas;Plena Noite;Decrescente;Nublado;Dupla;Reta;Sim;2;0;2;0;0;0;2;1;-24,477696;-47,8281728;SPRF-SP;DEL05-SP;UOP01-DEL05-SP