id;data_inversa;dia_semana;horario;uf;br;km;municipio;causa_acidente;tipo_acidente;classificacao_acidente;fase_dia;sentido_via;condicao_metereologica;tipo_pista;tracado_via;uso_solo;pessoas;mortos;feridos_leves;feridos_graves;ilesos;ignorados;feridos;veiculos;latitude;longitude;regional;delegacia;uop
669151;23/03/2025;domingo;17:40:00;PR;153;2;IMBITUVA;Ultrapassagem Indevida;Colisão frontal;Sem Vítimas;Anoitecer;Crescente;Céu Claro;Simples;Reta;Sim;2;0;0;0;2;0;0;2;-25,2013395;-50,5979898;SPRF-PR;DEL07-PR;UOP04-DEL07-PR
669152;23/03/2025;domingo;21:30:00;ES;101;257;SERRA;Ingestão de álcool pelo condutor;Saída de leito carroçável;Sem Vítimas;Plena Noite;Decrescente;Céu Claro;Dupla;"Reta;Aclive";Não;1;0;0;0;1;0;0;1;-20,129535;-40,297318;SPRF-ES;DEL02-ES;UOP01-DEL02-ES
669154;23/03/2025;domingo;20:13:00;MA;316;263;SANTA INES;Ingestão de álcool pelo condutor;Colisão frontal;Com Vítimas Feridas;Plena Noite;Crescente;Nublado;Simples;Curva;Sim;3;0;0;3;0;0;3;2;-3,676;-45,3846;SPRF-MA;DEL02-MA;UOP01-DEL02-MA
669155;23/03/2025;domingo;18:40:00;MG;381;944;EXTREMA;Velocidade Incompatível;Saída de leito carroçável;Com Vítimas Feridas;Plena Noite;Decrescente;Nublado;Dupla;Reta;Não;1;0;1;0;0;0;1;1;-22,8453958;-46,33153734;SPRF-MG;DEL16-MG;UOP03-DEL16-MG
669157;23/03/2025;domingo;19:15:00;RS;386;109,8;SARANDI;Condutor deixou de manter distância do veículo da frente;Colisão traseira;Sem Vítimas;Plena Noite;Decrescente;Céu Claro;Simples;Reta;Não;12;0;0;0;12;0;0;3;-27,798496;-53,053582;SPRF-RS;DEL08-RS;UOP01-DEL08-RS
669159;23/03/2025;domingo;21:30:00;RJ;116;213;SEROPEDICA;Chuva;Colisão lateral mesmo sentido;Com Vítimas Feridas;Plena Noite;Crescente;Céu Claro;Dupla;Reta;Sim;2;0;1;0;1;0;1;2;-22,7115008;-43,7223424;SPRF-RJ;DEL06-RJ;UOP02-DEL06-RJ
669160;23/03/2025;domingo;22:00:00;PE;232;86;GRAVATA;Pedestre - Ingestão de álcool/ substâncias psicoativas;Atropelamento de Pedestre;Com Vítimas Fatais;Plena Noite;Decrescente;Céu Claro;Dupla;Reta;Não;2;1;0;0;0;1;0;2;-8,2157228;-35,6412891;SPRF-PE;DEL02-PE;UOP02-DEL02PE
669162;23/03/2025;domingo;21:30:00;RJ;116;324;ITATIAIA;Ingestão de álcool pelo condutor;Colisão traseira;Sem Vítimas;Plena Noite;Crescente;Chuva;Múltipla;Reta;Sim;2;0;0;0;2;0;0;2;-22,46797868;-44,51030403;SPRF-RJ;DEL07-RJ;UOP02-DEL07-RJ
669163;23/03/2025;domingo;21:00:00;RJ;116;205;QUEIMADOS;Demais falhas mecânicas ou elétricas;Tombamento;Com Vítimas Feridas;Plena Noite;Crescente;Chuva;Dupla;"Reta;Declive";Não;2;0;2;0;0;0;2;1;-22,726177;-43,634382;SPRF-RJ;DEL06-RJ;UOP02-DEL06-RJ
669164;23/03/2025;domingo;18:00:00;RS;116;201,6;PICADA CAFE;Velocidade Incompatível;Saída de leito carroçável;Com Vítimas Feridas;Anoitecer;Crescente;Céu Claro;Simples;Curva;Não;1;0;0;1;0;0;1;1;-29,48430001;-51,14450801;SPRF-RS;DEL05-RS;UOP02-DEL05-RS
669165;23/03/2025;domingo;22:50:00;MG;267;20,5;ARGIRITA;Ausência de reação do condutor;Saída de leito carroçável;Com Vítimas Feridas;Plena Noite;Crescente;Nublado;Simples;Curva;Não;2;0;1;0;1;0;1;1;-21,59455446;-42,79586792;SPRF-MG;DEL07-MG;UOP01-DEL07-MG
669169;23/03/2025;domingo;21:10:00;RS;101;23,8;TRES CACHOEIRAS;Reação tardia ou ineficiente do condutor;Saída de leito carroçável;Com Vítimas Feridas;Plena Noite;Crescente;Céu Claro;Dupla;Reta;Sim;5;0;4;0;1;0;4;1;-29,452138;-49,919932;SPRF-RS;DEL03-RS;UOP02-DEL03-RS
669170;23/03/2025;domingo;21:30:00;RS;285;110,9;VACARIA;Velocidade Incompatível;Saída de leito carroçável;Com Vítimas Feridas;Plena Noite;Decrescente;Céu Claro;Simples;"Curva;Aclive";Não;2;0;2;0;0;0;2;1;-28,51123757;-50,84730148;SPRF-RS;DEL05-RS;UOP03-DEL05-RS
669171;23/03/2025;domingo;22:50:00;PR;376;600;CURITIBA;Ausência de reação do condutor;Colisão traseira;Com Vítimas Feridas;Plena Noite;Decrescente;Nublado;Dupla;"Reta;Declive";Sim;5;0;2;0;3;0;2;2;-25,525394;-49,330415;SPRF-PR;DEL01-PR;UOP06-DEL01-PR
669172;23/03/2025;domingo;21:30:00;MG;381;652;PERDOES;Velocidade Incompatível;Capotamento;Sem Vítimas;Plena Noite;Decrescente;Nublado;Dupla;"Curva;Aclive";Não;1;0;0;0;1;0;0;1;-21,119831;-45,09552;SPRF-MG;DEL04-MG;UOP02-DEL04-MG
669173;23/03/2025;domingo;23:34:00;PE;232;5;RECIFE;Pista esburacada;Queda de ocupante de veículo;Com Vítimas Feridas;Plena Noite;Decrescente;Céu Claro;Dupla;Curva;Sim;1;0;0;1;0;0;1;1;-8,06923621;-34,94793694;SPRF-PE;DEL01-PE;UOP01-DEL01-PE
669174;23/03/2025;domingo;17:41:00;RO;364;343,1;JI-PARANA;Ausência de reação do condutor;Colisão lateral mesmo sentido;Com Vítimas Feridas;Anoitecer;Decrescente;Céu Claro;Múltipla;Interseção de Vias;Sim;2;0;0;1;1;0;1;2;-10,877633;-61,947143;SPRF-RO;DEL02-RO;UOP01-DEL02-RO
669175;23/03/2025;domingo;23:00:00;RJ;101;307;SAO GONCALO;Ingestão de álcool pelo condutor;Capotamento;Com Vítimas Fatais;Plena Noite;Decrescente;Garoa/Chuvisco;Dupla;Reta;Não;6;2;3;0;1;0;3;2;-22,791026;-43,014102;SPRF-RJ;DEL02-RJ;UOP02-DEL02-RJ
669177;23/03/2025;domingo;20:45:00;PA;163;674;ITAITUBA;Pedestre andava na pista;Atropelamento de Pedestre;Com Vítimas Fatais;Anoitecer;Decrescente;Céu Claro;Simples;Reta;Não;2;1;0;0;0;1;0;2;-4,35044;-55,785437;SPRF-PA;DEL05-PA;UOP02-DEL05-PA
669178;23/03/2025;domingo;23:45:00;DF;20;9;BRASILIA;Velocidade Incompatível;Saída de leito carroçável;Sem Vítimas;Plena Noite;Crescente;Nublado;Dupla;Reta;Sim;1;0;0;0;0;1;0;1;-15,65170383;-47,77714849;SPRF-DF;DEL02-DF;UOP01-DEL02-DF
669180;23/03/2025;domingo;21:00:00;PI;343;476;ANGICAL DO PIAUI;Acessar a via sem observar a presença dos outros veículos;Colisão transversal;Com Vítimas Feridas;Plena Noite;Crescente;Céu Claro;Simples;Reta;Não;2;0;0;1;1;0;1;2;-6,133385;-42,719003;SPRF-PI;DEL01-PI;UOP02-DEL01-PI
669181;23/03/2025;domingo;23:30:00;PB;230;218,5;SOLEDADE;Acessar a via sem observar a presença dos outros veículos;Colisão frontal;Com Vítimas Fatais;Plena Noite;Crescente;Céu Claro;Simples;Aclive;Não;2;1;0;0;1;0;0;2;-7,05016;-36,38191;SPRF-PB;DEL02-PB;UOP02-DEL02-PB
669184;23/03/2025;domingo;23:52:00;RO;364;640;CANDEIAS DO JAMARI;Ausência de reação do condutor;Capotamento;Sem Vítimas;Plena Noite;Crescente;Céu Claro;Simples;Reta;Não;1;0;0;0;0;1;0;1;-9,012901;-63,421381;SPRF-RO;DEL01-RO;UOP04-DEL01-RO
669185;24/03/2025;segunda-feira;00:10:00;MA;10;239,8;IMPERATRIZ;Reação tardia ou ineficiente do condutor;Colisão traseira;Com Vítimas Feridas;Plena Noite;Crescente;Céu Claro;Simples;Reta;Não;3;0;1;1;0;1;2;2;-5,624282;-47,410058;SPRF-MA;DEL04-MA;UOP01-DEL04-MA
669187;24/03/2025;segunda-feira;02:30:00;RJ;101;505;ANGRA DOS REIS;Animais na Pista;Atropelamento de Animal;Com Vítimas Fatais;Plena Noite;Crescente;Céu Claro;Simples;Reta;Sim;3;1;1;0;1;0;1;2;-22,93278754;-44,39248935;SPRF-RJ;DEL03-RJ;UOP03-DEL03-RJ
669188;24/03/2025;segunda-feira;03:10:00;GO;40;2;VALPARAISO DE GOIAS;Condutor Dormindo;Colisão traseira;Com Vítimas Feridas;Plena Noite;Crescente;Céu Claro;Dupla;Reta;Sim;2;0;1;0;1;0;1;2;-16,05620652;-47,98253059;SPRF-DF;DEL01-DF;UOP01-DEL01-DF
669190;24/03/2025;segunda-feira;03:30:00;RJ;101;329;RIO DE JANEIRO;Demais falhas mecânicas ou elétricas;Colisão traseira;Com Vítimas Feridas;Plena Noite;Decrescente;Nublado;Dupla;"Reta;Ponte";Não;3;0;2;0;1;0;2;2;-22,86857452;-43,18779755;SPRF-RJ;DEL02-RJ;UOP01-DEL02-RJ
669192;24/03/2025;segunda-feira;02:00:00;RS;101;65,5;MAQUINE;Pedestre andava na pista;Atropelamento de Pedestre;Com Vítimas Fatais;Plena Noite;Decrescente;Céu Claro;Dupla;Reta;Não;2;1;0;0;0;1;0;2;-29,713573;-50,18794;SPRF-RS;DEL03-RS;UOP02-DEL03-RS
669194;24/03/2025;segunda-feira;05:25:00;RN;101;158,9;CANGUARETAMA;Animais na Pista;Atropelamento de Animal;Com Vítimas Feridas;Amanhecer;Decrescente;Céu Claro;Múltipla;Reta;Sim;1;0;1;0;0;0;1;1;-6,3596156;-35,1595615;SPRF-RN;DEL01-RN;UOP01-DEL01-RN
669196;23/03/2025;domingo;17:30:00;MA;135;357;PRESIDENTE DUTRA;Transitar na contramão;Colisão frontal;Com Vítimas Fatais;Plena Noite;Crescente;Céu Claro;Simples;Curva;Não;4;2;1;1;0;0;2;2;-5,444959;-44,46854;SPRF-MA;DEL06-MA;UOP01-DEL06-MA
669199;24/03/2025;segunda-feira;06:52:00;PB;230;27;JOAO PESSOA;Reação tardia ou ineficiente do condutor;Colisão traseira;Com Vítimas Feridas;Pleno dia;Decrescente;Céu Claro;Dupla;"Reta;Aclive";Sim;2;0;1;0;0;1;1;2;-7,1675506;-34,8864877;SPRF-PB;DEL01-PB;UOP01-DEL01-PB
669200;24/03/2025;segunda-feira;06:11:00;PE;423;38;SAO CAITANO;Ausência de reação do condutor;Colisão traseira;Com Vítimas Feridas;Amanhecer;Decrescente;Sol;Dupla;Reta;Não;3;0;1;0;2;0;1;2;-8,32978461;-36,12281724;SPRF-PE;DEL03-PE;UOP02-DEL03-PE
669201;24/03/2025;segunda-feira;04:30:00;MT;364;562;NOBRES;Animais na Pista;Atropelamento de Animal;Sem Vítimas;Plena Noite;Decrescente;Nublado;Dupla;Reta;Sim;1;0;0;0;1;0;0;1;-14,70147776;-56,31947503;SPRF-MT;DEL01-MT;UOP01-DEL01-MT
669202;23/03/2025;domingo;22:15:00;SC;282;441,4;IRANI;Velocidade Incompatível;Saída de leito carroçável;Com Vítimas Feridas;Plena Noite;Decrescente;Céu Claro;Simples;Reta;Não;1;0;1;0;0;0;1;1;-26,934878;-51,870912;SPRF-SC;DEL07-SC;UOP04-DEL07-SC
669203;24/03/2025;segunda-feira;06:57:00;CE;116;17,5;EUSEBIO;Condutor deixou de manter distância do veículo da frente;Engavetamento;Sem Vítimas;Pleno dia;Decrescente;Céu Claro;Múltipla;Reta;Sim;3;0;0;0;3;0;0;3;-3,901327;-38,504165;SPRF-CE;DEL01-CE;UOP02-DEL01-CE
669205;23/03/2025;domingo;22:00:00;SC;470;54;BLUMENAU;Condutor usando celular;Colisão frontal;Com Vítimas Feridas;Plena Noite;Crescente;Céu Claro;Simples;Reta;Sim;2;0;1;0;1;0;1;2;-26,88250202;-49,14013445;SPRF-SC;DEL04-SC;UOP01-DEL04-SC
669207;24/03/2025;segunda-feira;06:25:00;SC;101;268;IMBITUBA;Reação tardia ou ineficiente do condutor;Tombamento;Com Vítimas Feridas;Amanhecer;Decrescente;Céu Claro;Dupla;"Reta;Ponte";Não;1;0;1;0;0;0;1;1;-28,0955;-48,707639;SPRF-SC;DEL02-SC;UOP03-DEL02-SC
669208;23/03/2025;domingo;21:00:00;PA;316;176;SANTA LUZIA DO PARA;Demais falhas mecânicas ou elétricas;Incêndio;Sem Vítimas;Plena Noite;Crescente;Céu Claro;Simples;Reta;Não;1;0;0;0;0;1;0;1;-1,385513;-47,024258;SPRF-PA;DEL01-PA;UOP03-DEL01-PA
669209;24/03/2025;segunda-feira;06:40:00;MG;381;785;SAO GONCALO DO SAPUCAI;Reação tardia ou ineficiente do condutor;Colisão com objeto;Sem Vítimas;Amanhecer;Crescente;Céu Claro;Simples;"Retorno Regulamentado;Aclive;Curva";Não;1;0;0;0;1;0;0;1;-21,84160119;-45,51746678;SPRF-MG;DEL16-MG;UOP02-DEL16-MG
669210;24/03/2025;segunda-feira;06:00:00;MG;381;646;SANTO ANTONIO DO AMPARO;Reação tardia ou ineficiente do condutor;Colisão com objeto;Com Vítimas Feridas;Pleno dia;Crescente;Nublado;Dupla;Curva;Não;1;0;1;0;0;0;1;1;-20,94587;-44,88163;SPRF-MG;DEL04-MG;UOP02-DEL04-MG
669212;24/03/2025;segunda-feira;07:02:00;PE;101;66;RECIFE;Manobra de mudança de faixa;Colisão lateral mesmo sentido;Com Vítimas Feridas;Pleno dia;Crescente;Sol;Dupla;Viaduto;Sim;4;0;1;1;1;1;2;3;-8,03952;-34,94216;SPRF-PE;DEL01-PE;UOP01-DEL01-PE
669213;24/03/2025;segunda-feira;07:15:00;PB;230;57;CRUZ DO ESPIRITO SANTO;Ausência de reação do condutor;Saída de leito carroçável;Com Vítimas Feridas;Pleno dia;Decrescente;Céu Claro;Dupla;Reta;Não;1;0;0;1;0;0;1;1;-7,203395;-35,119385;SPRF-PB;DEL01-PB;UOP02-DEL01-PB
669214;24/03/2025;segunda-feira;07:15:00;GO;40;3,9;VALPARAISO DE GOIAS;Trafegar com motocicleta (ou similar) entre as faixas;Colisão traseira;Com Vítimas Feridas;Pleno dia;Decrescente;Céu Claro;Dupla;Reta;Sim;3;0;2;0;1;0;2;2;-16,084312;-47,986664;SPRF-DF;DEL01-DF;UOP01-DEL01-DF
669215;24/03/2025;segunda-feira;08:00:00;ES;101;260,9;SERRA;Condutor deixou de manter distância do veículo da frente;Colisão traseira;Com Vítimas Feridas;Pleno dia;Crescente;Céu Claro;Dupla;Reta;Não;2;0;1;0;1;0;1;2;-20,048852;-40,3867003;SPRF-ES;DEL02-ES;UOP01-DEL02-ES
669216;24/03/2025;segunda-feira;07:20:00;PE;428;186;PETROLINA;Acessar a via sem observar a presença dos outros veículos;Colisão transversal;Com Vítimas Feridas;Pleno dia;Decrescente;Céu Claro;Múltipla;"Reta;Retorno Regulamentado";Sim;2;0;2;0;0;0;2;2;-9,35926916;-40,48002183;SPRF-PE;DEL06-PE;UOP01-DEL06-PE
669217;24/03/2025;segunda-feira;07:30:00;PR;277;334,3;GUARAPUAVA;Reação tardia ou ineficiente do condutor;Colisão com objeto;Com Vítimas Feridas;Pleno dia;Decrescente;Nevoeiro/Neblina;Dupla;"Curva;Declive";Não;2;0;2;0;0;0;2;1;-25,34515079;-51,39254093;SPRF-PR;DEL08-PR;UOP01-DEL08-PR
669220;24/03/2025;segunda-feira;07:50:00;SC;282;19,3;PALHOCA;Trafegar com motocicleta (ou similar) entre as faixas;Colisão traseira;Com Vítimas Feridas;Pleno dia;Crescente;Céu Claro;Simples;Reta;Sim;2;0;2;0;0;0;2;2;-27,680015;-48,704106;SPRF-SC;DEL01-SC;UOP02-DEL01-SC
669221;24/03/2025;segunda-feira;07:40:00;SP;116;276;EMBU DAS ARTES;Manobra de mudança de faixa;Colisão lateral mesmo sentido;Com Vítimas Feridas;Pleno dia;Decrescente;Céu Claro;Dupla;Reta;Sim;2;0;1;0;1;0;1;2;-23,62593629;-46,81702948;SPRF-SP;DEL04-SP;UOP01-DEL04-SP
669222;20/03/2025;quinta-feira;08:45:00;PR;277;4,8;CURITIBA;Ausência de reação do condutor;Colisão traseira;Com Vítimas Feridas;Pleno dia;Crescente;Céu Claro;Dupla;Reta;Não;2;0;1;0;1;0;1;2;-25,4300159;-49,3196141;SPRF-PR;DEL01-PR;UOP06-DEL01-PR
669223;24/03/2025;segunda-feira;07:10:00;SP;381;89;GUARULHOS;Condutor deixou de manter distância do veículo da frente;Colisão traseira;Com Vítimas Feridas;Pleno dia;Crescente;Céu Claro;Múltipla;Reta;Sim;1;0;1;0;0;0;1;1;-23,493586;-46,559456;SPRF-SP;DEL03-SP;UOP01-DEL03-SP
669224;24/03/2025;segunda-feira;08:30:00;RJ;116;173;SAO JOAO DE MERITI;Transitar no Acostamento;Colisão lateral mesmo sentido;Sem Vítimas;Pleno dia;Decrescente;Céu Claro;Múltipla;Reta;Sim;3;0;0;0;3;0;0;3;-22,79801992;-43,35791468;SPRF-RJ;DEL06-RJ;UOP01-DEL06-RJ
669225;24/03/2025;segunda-feira;08:00:00;RS;116;244;SAO LEOPOLDO;Ausência de reação do condutor;Colisão lateral mesmo sentido;Com Vítimas Feridas;Pleno dia;Crescente;Céu Claro;Múltipla;Reta;Sim;3;0;2;0;1;0;2;2;-29,72506701;-51,14882469;SPRF-RS;DEL01-RS;UOP02-DEL01-RS
669226;24/03/2025;segunda-feira;08:29:00;PE;101;70,1;RECIFE;Transitar na contramão;Colisão lateral sentido oposto;Com Vítimas Feridas;Pleno dia;Decrescente;Céu Claro;Simples;Viaduto;Sim;5;0;4;0;0;1;4;2;-8,068311;-34,940553;SPRF-PE;DEL01-PE;UOP01-DEL01-PE
669227;24/03/2025;segunda-feira;05:37:00;RJ;40;97;DUQUE DE CAXIAS;Chuva;Capotamento;Com Vítimas Feridas;Pleno dia;Decrescente;Chuva;Dupla;Curva;Sim;2;0;1;0;1;0;1;1;-22,58743154;-43,27347916;SPRF-RJ;DEL01-RJ;UOP01-DEL01-RJ
669228;22/03/2025;sábado;19:10:00;PE;408;98,3;SAO LOURENCO DA MATA;Reação tardia ou ineficiente do condutor;Engavetamento;Sem Vítimas;Plena Noite;Decrescente;Céu Claro;Dupla;Reta;Não;3;0;0;0;3;0;0;3;-8,038382;-35,029728;SPRF-PE;DEL01-PE;UOP01-DEL01-PE
669229;24/03/2025;segunda-feira;08:11:00;PR;376;4,7;APUCARANA;Reação tardia ou ineficiente do condutor;Colisão lateral mesmo sentido;Com Vítimas Feridas;Pleno dia;Decrescente;Céu Claro;Simples;"Declive;Curva";Sim;2;0;0;1;1;0;1;2;-23,551251;-51,449255;SPRF-PR;DEL07-PR;UOP03-DEL07-PR
669230;24/03/2025;segunda-feira;07:50:00;MG;40;637;CONSELHEIRO LAFAIETE;Velocidade Incompatível;Saída de leito carroçável;Com Vítimas Feridas;Pleno dia;Decrescente;Garoa/Chuvisco;Simples;"Declive;Reta";Não;2;0;1;0;1;0;1;1;-20,72337;-43,80026;SPRF-MG;DEL05-MG;UOP02-DEL05-MG
669231;24/03/2025;segunda-feira;08:32:00;CE;116;4;FORTALEZA;Ausência de reação do condutor;Colisão traseira;Com Vítimas Feridas;Pleno dia;Crescente;Céu Claro;Dupla;Reta;Sim;2;0;1;0;1;0;1;2;-3,7713521;-38,5169125;SPRF-CE;DEL01-CE;UOP02-DEL01-CE
669232;24/03/2025;segunda-feira;08:15:00;SC;101;149,8;ITAPEMA;Acessar a via sem observar a presença dos outros veículos;Colisão lateral mesmo sentido;Com Vítimas Feridas;Pleno dia;Decrescente;Céu Claro;Múltipla;Reta;Sim;2;0;1;0;1;0;1;2;-27,12002113;-48,60949427;SPRF-SC;DEL04-SC;UOP03-DEL04-SC
669233;24/03/2025;segunda-feira;08:40:00;PR;277;71,9;SAO JOSE DOS PINHAIS;Condutor deixou de manter distância do veículo da frente;Colisão traseira;Sem Vítimas;Pleno dia;Decrescente;Céu Claro;Dupla;Reta;Sim;2;0;0;0;2;0;0;2;-25,505684;-49,141307;SPRF-PR;DEL01-PR;UOP07-DEL01-PR
669236;24/03/2025;segunda-feira;06:45:00;RN;304;306,2;PARNAMIRIM;Pedestre cruzava a pista fora da faixa;Atropelamento de Pedestre;Com Vítimas Feridas;Pleno dia;Crescente;Céu Claro;Múltipla;Reta;Sim;4;0;2;0;0;2;2;3;-5,891242;-35,260048;SPRF-RN;DEL01-RN;UOP02-DEL01-RN
669238;24/03/2025;segunda-feira;07:00:00;PR;476;148;ARAUCARIA;Condutor deixou de manter distância do veículo da frente;Colisão traseira;Com Vítimas Feridas;Pleno dia;Decrescente;Céu Claro;Dupla;Reta;Não;2;0;1;0;1;0;1;2;-25,55768934;-49,35210139;SPRF-PR;DEL01-PR;UOP06-DEL01-PR
669241;24/03/2025;segunda-feira;08:30:00;GO;153;308;RIALMA;Acessar a via sem observar a presença dos outros veículos;Colisão lateral mesmo sentido;Sem Vítimas;Pleno dia;Crescente;Nublado;Simples;"Reta;Aclive";Não;5;0;0;0;5;0;0;2;-15,37600259;-49,55618844;SPRF-GO;DEL02-GO;UOP02-DEL02-GO
669242;24/03/2025;segunda-feira;09:15:00;GO;60;32;ALEXANIA;Transitar na contramão;Colisão transversal;Com Vítimas Feridas;Pleno dia;Decrescente;Céu Claro;Dupla;Reta;Sim;2;0;1;0;1;0;1;2;-16,089701;-48,501515;SPRF-DF;DEL03-DF;UOP01-DEL03-DF
669243;24/03/2025;segunda-feira;07:20:00;SC;158;110;CUNHA PORA;Velocidade Incompatível;Colisão transversal;Com Vítimas Feridas;Pleno dia;Decrescente;Céu Claro;Simples;"Interseção de Vias;Rotatória";Não;2;0;1;0;0;1;1;2;-26,88774783;-53,17716694;SPRF-SC;DEL07-SC;UOP02-DEL07-SC
669244;17/03/2025;segunda-feira;09:30:00;PR;163;230;CASCAVEL;Avarias e/ou desgaste excessivo no pneu;Saída de leito carroçável;Com Vítimas Feridas;Pleno dia;Crescente;Céu Claro;Dupla;Curva;Não;1;0;1;0;0;0;1;1;-24,8052173;-53,672085;SPRF-PR;DEL04-PR;UOP01-DEL04-PR
669245;24/03/2025;segunda-feira;08:22:00;PI;135;364;BOM JESUS;Ausência de reação do condutor;Saída de leito carroçável;Com Vítimas Feridas;Pleno dia;Crescente;Céu Claro;Simples;"Curva;Declive";Não;1;0;1;0;0;0;1;1;-9,08108108;-44,35778331;SPRF-PI;DEL03-PI;UOP02-DEL03-PI
669246;24/03/2025;segunda-feira;09:20:00;MG;40;735;SANTOS DUMONT;Chuva;Colisão lateral sentido oposto;Com Vítimas Feridas;Pleno dia;Decrescente;Chuva;Simples;Curva;Não;2;0;1;0;1;0;1;2;-21,3917822;-43,5673943;SPRF-MG;DEL05-MG;UOP01-DEL05-MG
669247;24/03/2025;segunda-feira;10:25:00;MG;116;524;CARATINGA;Acessar a via sem observar a presença dos outros veículos;Colisão transversal;Sem Vítimas;Pleno dia;Decrescente;Sol;Simples;Curva;Não;2;0;0;0;1;1;0;2;-19,76027;-42,13399;SPRF-MG;DEL06-MG;UOP02-DEL06-MG
669248;16/03/2025;domingo;07:38:00;MS;267;342,7;RIO BRILHANTE;Acessar a via sem observar a presença dos outros veículos;Colisão transversal;Com Vítimas Feridas;Pleno dia;Crescente;Sol;Simples;Reta;Não;6;0;4;0;2;0;4;2;-21,610805;-54,958428;SPRF-MS;DEL02-MS;UOP02-DEL02-MS
669251;24/03/2025;segunda-feira;10:50:00;PE;408;96,7;JABOATAO DOS GUARARAPES;Condutor usando celular;Colisão com objeto;Com Vítimas Feridas;Pleno dia;Crescente;Sol;Dupla;Reta;Sim;1;0;0;1;0;0;1;1;-8,06982;-34,99163;SPRF-PE;DEL01-PE;UOP01-DEL01-PE
669252;23/03/2025;domingo;11:00:00;MA;10;255;IMPERATRIZ;Acessar a via sem observar a presença dos outros veículos;Colisão transversal;Com Vítimas Feridas;Pleno dia;Crescente;Céu Claro;Simples;Reta;Sim;2;0;1;0;1;0;1;2;-5,48687192;-47,4719806;SPRF-MA;DEL04-MA;UOP01-DEL04-MA
669256;24/03/2025;segunda-feira;10:40:00;SC;101;360;SANGAO;Animais na Pista;Atropelamento de Animal;Com Vítimas Feridas;Pleno dia;Decrescente;Céu Claro;Múltipla;Reta;Não;2;0;2;0;0;0;2;1;-28,68663118;-49,15416241;SPRF-SC;DEL02-SC;UOP01-DEL02-SC
669258;24/03/2025;segunda-feira;08:00:00;MG;40;654,6;CRISTIANO OTONI;Acumulo de água sobre o pavimento;Saída de leito carroçável;Com Vítimas Feridas;Pleno dia;Decrescente;Chuva;Dupla;Curva;Não;1;0;1;0;0;0;1;1;-20,86631;-43,796853;SPRF-MG;DEL05-MG;UOP02-DEL05-MG
669259;24/03/2025;segunda-feira;10:45:00;PR;277;729;FOZ DO IGUACU;Acesso irregular;Colisão transversal;Com Vítimas Feridas;Pleno dia;Decrescente;Céu Claro;Dupla;"Viaduto;Reta";Sim;2;0;0;1;1;0;1;2;-25,50736187;-54,58462531;SPRF-PR;DEL05-PR;UOP03-DEL05-PR
669260;24/03/2025;segunda-feira;10:30:00;MG;381;430;SABARA;Velocidade Incompatível;Saída de leito carroçável;Com Vítimas Feridas;Pleno dia;Crescente;Chuva;Simples;"Curva;Declive";Não;1;0;0;1;0;0;1;1;-19,78692;-43,70144;SPRF-MG;DEL01-MG;UOP01-DEL01-MG
669262;08/03/2025;sábado;15:05:00;PB;230;7;CABEDELO;Ausência de reação do condutor;Colisão traseira;Com Vítimas Feridas;Pleno dia;Crescente;Céu Claro;Simples;Reta;Sim;2;0;1;0;1;0;1;2;-7,02935764;-34,84011769;SPRF-PB;DEL01-PB;UOP01-DEL01-PB
669265;24/03/2025;segunda-feira;09:46:00;MT;364;336,5;SANTO ANTONIO DO LEVERGER;Demais falhas mecânicas ou elétricas;Incêndio;Sem Vítimas;Pleno dia;Decrescente;Nublado;Dupla;Reta;Não;1;0;0;0;1;0;0;1;-15,83561357;-55,47671408;SPRF-MT;DEL05-MT;UOP02-DEL05-MT
669266;24/03/2025;segunda-feira;10:40:00;PR;277;729;FOZ DO IGUACU;Ingestão de álcool pelo condutor;Colisão com objeto;Com Vítimas Feridas;Pleno dia;Decrescente;Sol;Dupla;"Reta;Viaduto";Sim;2;0;0;1;1;0;1;2;-25,50737892;-54,58458208;SPRF-PR;DEL05-PR;UOP03-DEL05-PR
669267;24/03/2025;segunda-feira;11:45:00;RS;116;242,8;SAO LEOPOLDO;Manobra de mudança de faixa;Colisão lateral mesmo sentido;Com Vítimas Feridas;Pleno dia;Decrescente;Céu Claro;Múltipla;Reta;Sim;2;0;1;0;1;0;1;2;-29,73123152;-51,14922702;SPRF-RS;DEL01-RS;UOP02-DEL01-RS
669270;24/03/2025;segunda-feira;11:00:00;BA;101;586;CAMACAN;Acesso irregular;Colisão transversal;Com Vítimas Feridas;Pleno dia;Decrescente;Garoa/Chuvisco;Simples;Reta;Não;3;0;2;0;1;0;2;2;-15,5418;-39,4553;SPRF-BA;DEL05-BA;UOP02-DEL05-BA
669271;21/03/2025;sexta-feira;01:00:00;RJ;356;57;ITAPERUNA;Animais na Pista;Atropelamento de Animal;Com Vítimas Feridas;Plena Noite;Crescente;Nublado;Simples;Reta;Não;1;0;1;0;0;0;1;1;-21,29143178;-41,71199061;SPRF-RJ;DEL08-RJ;UOP03-DEL08-RJ
669274;24/03/2025;segunda-feira;12:04:00;MS;376;49,1;JATEI;Ingestão de álcool pelo condutor;Saída de leito carroçável;Com Vítimas Feridas;Pleno dia;Decrescente;Céu Claro;Simples;Reta;Não;1;0;1;0;0;0;1;1;-22,454486;-54,322243;SPRF-MS;DEL04-MS;UOP01-DEL04-MS