id;data_inversa;dia_semana;horario;uf;br;km;municipio;causa_acidente;tipo_acidente;classificacao_acidente;fase_dia;sentido_via;condicao_metereologica;tipo_pista;tracado_via;uso_solo;pessoas;mortos;feridos_leves;feridos_graves;ilesos;ignorados;feridos;veiculos;latitude;longitude;regional;delegacia;uop
669387;24/03/2025;segunda-feira;18:40:00;MT;163;1066;GUARANTA DO NORTE;Acessar a via sem observar a presença dos outros veículos;Colisão frontal;Com Vítimas Feridas;Plena Noite;Crescente;Nublado;Simples;Reta;Não;2;0;2;0;0;0;2;2;-9,93638762;-54,9041748;SPRF-MT;DEL06-MT;UOP03-DEL06-MT
669389;24/03/2025;segunda-feira;20:20:00;MG;262;802,8;UBERABA;Velocidade Incompatível;Colisão com objeto;Com Vítimas Feridas;Plena Noite;Decrescente;Céu Claro;Dupla;Interseção de Vias;Sim;1;0;0;1;0;0;1;1;-19,772753;-47,914353;SPRF-MG;DEL13-MG;UOP01-DEL13-MG
669391;24/03/2025;segunda-feira;12:45:00;RO;425;78;NOVA MAMORE;Acumulo de água sobre o pavimento;Saída de leito carroçável;Com Vítimas Feridas;Pleno dia;Crescente;Chuva;Simples;Reta;Não;3;0;1;0;2;0;1;1;-10,39227645;-65,32479191;SPRF-RO;DEL01-RO;UOP03-DEL01-RO
669393;24/03/2025;segunda-feira;22:20:00;SC;101;88,2;BARRA VELHA;Pedestre cruzava a pista fora da faixa;Atropelamento de Pedestre;Com Vítimas Fatais;Plena Noite;Crescente;Nublado;Múltipla;Reta;Sim;2;1;0;0;0;1;0;2;-26,65149;-48,68719;SPRF-SC;DEL03-SC;UOP02-DEL03-SC
669395;25/03/2025;terça-feira;00:01:00;RS;392;257,1;CACAPAVA DO SUL;Avarias e/ou desgaste excessivo no pneu;Tombamento;Com Vítimas Feridas;Plena Noite;Crescente;Céu Claro;Simples;"Reta;Aclive";Não;2;0;2;0;0;0;2;1;-30,5012994;-53,47595137;SPRF-RS;DEL09-RS;UOP02-DEL09-RS
669399;25/03/2025;terça-feira;00:25:00;PR;116;130;FAZENDA RIO GRANDE;Demais falhas mecânicas ou elétricas;Tombamento;Com Vítimas Feridas;Plena Noite;Crescente;Céu Claro;Dupla;Reta;Não;2;0;2;0;0;0;2;1;-25,67884046;-49,31609089;SPRF-PR;DEL01-PR;UOP03-DEL01-PR
669400;24/03/2025;segunda-feira;22:45:00;PR;376;3;SAO JOSE DOS PINHAIS;Condutor deixou de manter distância do veículo da frente;Colisão traseira;Com Vítimas Feridas;Plena Noite;Crescente;Ignorado;Dupla;Reta;Sim;3;0;1;0;2;0;1;2;-25,54688765;-49,18911327;SPRF-PR;DEL01-PR;UOP04-DEL01-PR
669402;25/03/2025;terça-feira;00:45:00;RJ;116;319;ITATIAIA;Ingestão de álcool pelo condutor;Saída de leito carroçável;Sem Vítimas;Plena Noite;Crescente;Céu Claro;Dupla;Reta;Não;1;0;0;0;1;0;0;1;-22,47300355;-44,52247359;SPRF-RJ;DEL07-RJ;UOP02-DEL07-RJ
669403;25/03/2025;terça-feira;02:10:00;BA;324;525;FEIRA DE SANTANA;Condutor deixou de manter distância do veículo da frente;Colisão traseira;Com Vítimas Feridas;Plena Noite;Crescente;Céu Claro;Dupla;Reta;Sim;2;0;1;0;0;1;1;2;-12,30885;-38,887368;SPRF-BA;DEL01-BA;UOP03-DEL01-BA
669405;25/03/2025;terça-feira;02:00:00;SP;116;420;JUQUIA;Ausência de reação do condutor;Saída de leito carroçável;Com Vítimas Fatais;Plena Noite;Crescente;Céu Claro;Dupla;Reta;Não;2;1;0;1;0;0;1;1;-24,3564887;-47,681749;SPRF-SP;DEL05-SP;UOP01-DEL05-SP
669407;25/03/2025;terça-feira;01:40:00;AP;210;90;PORTO GRANDE;Transitar na contramão;Colisão frontal;Com Vítimas Fatais;Plena Noite;Decrescente;Céu Claro;Simples;Reta;Não;9;5;0;4;0;0;4;2;0,63684702;-51,30493105;SPRF-AP;DEL01-AP;UOP01-DEL01-AP
669408;25/03/2025;terça-feira;04:00:00;SC;280;58;GUARAMIRIM;Demais falhas mecânicas ou elétricas;Colisão com objeto;Com Vítimas Feridas;Plena Noite;Decrescente;Garoa/Chuvisco;Dupla;Rotatória;Sim;1;0;1;0;0;0;1;1;-26,474324;-49,020004;SPRF-SC;DEL03-SC;UOP03-DEL03-SC
669409;25/03/2025;terça-feira;04:25:00;SC;280;57;GUARAMIRIM;Reação tardia ou ineficiente do condutor;Queda de ocupante de veículo;Com Vítimas Feridas;Plena Noite;Crescente;Garoa/Chuvisco;Simples;"Viaduto;Reta";Sim;2;0;2;0;0;0;2;2;-26,47731308;-49,01455142;SPRF-SC;DEL03-SC;UOP03-DEL03-SC
669410;25/03/2025;terça-feira;05:20:00;RS;386;400,5;TRIUNFO;Velocidade Incompatível;Saída de leito carroçável;Com Vítimas Feridas;Amanhecer;Crescente;Céu Claro;Simples;Curva;Não;1;0;1;0;0;0;1;1;-29,77892215;-51,55754305;SPRF-RS;DEL04-RS;UOP02-DEL04-RS
669412;25/03/2025;terça-feira;05:45:00;MG;40;555,9;NOVA LIMA;Reação tardia ou ineficiente do condutor;Colisão lateral mesmo sentido;Com Vítimas Feridas;Pleno dia;Crescente;Céu Claro;Dupla;Reta;Não;2;0;1;0;1;0;1;2;-20,09505484;-43,97577238;SPRF-MG;DEL01-MG;UOP02-DEL01-MG
669413;24/03/2025;segunda-feira;19:40:00;GO;40;46;LUZIANIA;Deficiência do Sistema de Iluminação/Sinalização;Colisão traseira;Com Vítimas Feridas;Plena Noite;Crescente;Garoa/Chuvisco;Simples;"Reta;Aclive";Não;3;0;2;0;1;0;2;2;-16,4114;-47,823456;SPRF-DF;DEL01-DF;UOP02-DEL01-DF
669415;25/03/2025;terça-feira;05:45:00;PR;476;154;ARAUCARIA;Reação tardia ou ineficiente do condutor;Colisão traseira;Com Vítimas Feridas;Plena Noite;Decrescente;Garoa/Chuvisco;Dupla;Reta;Sim;2;0;1;0;1;0;1;2;-25,58261222;-49,39928228;SPRF-PR;DEL01-PR;UOP06-DEL01-PR
669416;25/03/2025;terça-feira;06:00:00;MG;40;521,6;CONTAGEM;Manobra de mudança de faixa;Colisão lateral mesmo sentido;Com Vítimas Feridas;Pleno dia;Crescente;Nublado;Dupla;Reta;Não;3;0;1;0;2;0;1;2;-19,8609388;-44,069802;SPRF-MG;DEL01-MG;UOP02-DEL01-MG
669417;25/03/2025;terça-feira;07:00:00;RJ;101;473;ANGRA DOS REIS;Animais na Pista;Colisão lateral mesmo sentido;Com Vítimas Feridas;Pleno dia;Decrescente;Céu Claro;Simples;Reta;Sim;2;0;1;0;1;0;1;2;-22,9895616;-44,2418114;SPRF-RJ;DEL03-RJ;UOP03-DEL03-RJ
669418;25/03/2025;terça-feira;07:00:00;PE;407;123,3;PETROLINA;Conversão proibida;Colisão transversal;Com Vítimas Feridas;Pleno dia;Decrescente;Céu Claro;Dupla;Reta;Sim;2;0;1;1;0;0;2;2;-9,379298;-40,5165352;SPRF-PE;DEL06-PE;UOP01-DEL06-PE
669419;25/03/2025;terça-feira;07:05:00;SC;280;132,7;RIO NEGRINHO;Pista Escorregadia;Tombamento;Com Vítimas Feridas;Pleno dia;Decrescente;Céu Claro;Simples;"Rotatória;Interseção de Vias";Sim;2;0;1;0;1;0;1;1;-26,26836494;-49,55400467;SPRF-SC;DEL06-SC;UOP03-DEL06-SC
669421;25/03/2025;terça-feira;05:30:00;MS;267;80,1;BATAGUASSU;Avarias e/ou desgaste excessivo no pneu;Saída de leito carroçável;Com Vítimas Feridas;Amanhecer;Decrescente;Céu Claro;Simples;Reta;Não;1;0;1;0;0;0;1;1;-21,878096;-52,861708;SPRF-MS;DEL02-MS;UOP04-DEL02-MS
669422;25/03/2025;terça-feira;07:35:00;SP;116;223;GUARULHOS;Reação tardia ou ineficiente do condutor;Colisão traseira;Com Vítimas Feridas;Pleno dia;Crescente;Céu Claro;Múltipla;Reta;Sim;3;0;2;0;0;1;2;2;-23,47759785;-46,52855563;SPRF-SP;DEL01-SP;UOP01-DEL01-SP
669423;25/03/2025;terça-feira;07:30:00;ES;262;119;CONCEICAO DO CASTELO;Reação tardia ou ineficiente do condutor;Colisão traseira;Sem Vítimas;Pleno dia;Crescente;Nublado;Simples;Reta;Não;2;0;0;0;2;0;0;2;-20,3088403;-41,23399448;SPRF-ES;DEL01-ES;UOP02-DEL01-ES
669424;25/03/2025;terça-feira;07:40:00;PR;116;125;FAZENDA RIO GRANDE;Trafegar com motocicleta (ou similar) entre as faixas;Colisão lateral mesmo sentido;Com Vítimas Feridas;Amanhecer;Decrescente;Céu Claro;Dupla;Reta;Sim;3;0;1;0;2;0;1;2;-25,65067416;-49,31221224;SPRF-PR;DEL01-PR;UOP03-DEL01-PR
669425;25/03/2025;terça-feira;07:45:00;MG;50;174;UBERABA;Reação tardia ou ineficiente do condutor;Tombamento;Com Vítimas Feridas;Pleno dia;Decrescente;Céu Claro;Simples;"Curva;Retorno Regulamentado";Não;1;0;1;0;0;0;1;1;-19,7142145;-47,9911305;SPRF-MG;DEL13-MG;UOP01-DEL13-MG
669426;25/03/2025;terça-feira;06:50:00;SC;101;107;PENHA;Avarias e/ou desgaste excessivo no pneu;Tombamento;Com Vítimas Feridas;Amanhecer;Crescente;Nublado;Dupla;Reta;Sim;1;0;1;0;0;0;1;1;-26,82315781;-48,68623233;SPRF-SC;DEL03-SC;UOP02-DEL03-SC
669427;25/03/2025;terça-feira;07:30:00;RJ;101;296;ITABORAI;Ausência de reação do condutor;Colisão lateral mesmo sentido;Com Vítimas Fatais;Pleno dia;Decrescente;Céu Claro;Simples;Reta;Não;5;2;0;2;1;0;2;2;-22,76729798;-42,9127264;SPRF-RJ;DEL02-RJ;UOP02-DEL02-RJ
669430;25/03/2025;terça-feira;06:20:00;MG;50;108,9;UBERABA;Condutor Dormindo;Saída de leito carroçável;Com Vítimas Feridas;Amanhecer;Decrescente;Céu Claro;Dupla;"Aclive;Reta";Não;2;0;1;0;1;0;1;1;-19,21468;-48,147387;SPRF-MG;DEL13-MG;UOP01-DEL13-MG
669431;25/03/2025;terça-feira;08:00:00;ES;101;269,6;SERRA;Acessar a via sem observar a presença dos outros veículos;Atropelamento de Pedestre;Com Vítimas Feridas;Pleno dia;Decrescente;Sol;Múltipla;Reta;Sim;2;0;1;0;1;0;1;2;-20,223273;-40,270356;SPRF-ES;DEL02-ES;UOP01-DEL02-ES
669432;25/03/2025;terça-feira;08:00:00;SC;282;510,3;MARAVILHA;Condutor usando celular;Colisão com objeto;Com Vítimas Feridas;Pleno dia;Crescente;Sol;Simples;Curva;Não;1;0;1;0;0;0;1;1;-26,7664681;-53,2142669;SPRF-SC;DEL07-SC;UOP01-DEL07-SC
669433;25/03/2025;terça-feira;06:30:00;MT;163;823;SINOP;Manobra de mudança de faixa;Colisão lateral mesmo sentido;Com Vítimas Feridas;Pleno dia;Crescente;Céu Claro;Simples;Retorno Regulamentado;Sim;2;0;1;0;1;0;1;2;-11,960913;-55,516994;SPRF-MT;DEL06-MT;UOP02-DEL06-MT
669434;25/03/2025;terça-feira;08:20:00;SP;116;223,9;SAO PAULO;Trafegar com motocicleta (ou similar) entre as faixas;Colisão lateral mesmo sentido;Com Vítimas Feridas;Pleno dia;Crescente;Sol;Múltipla;"Desvio Temporário;Em Obras";Sim;3;0;3;0;0;0;3;2;-23,4829664;-46,5370178;SPRF-SP;DEL01-SP;UOP01-DEL01-SP
669435;25/03/2025;terça-feira;08:10:00;SC;470;49;BLUMENAU;Ultrapassagem Indevida;Colisão transversal;Com Vítimas Feridas;Pleno dia;Decrescente;Sol;Simples;Reta;Não;2;0;1;0;1;0;1;2;-26,8632084;-49,04928619;SPRF-SC;DEL04-SC;UOP01-DEL04-SC
669437;25/03/2025;terça-feira;07:10:00;MA;135;7;SAO LUIS;Desrespeitar a preferência no cruzamento;Colisão transversal;Com Vítimas Feridas;Pleno dia;Crescente;Céu Claro;Dupla;"Rotatória;Reta;Declive";Sim;2;0;1;0;1;0;1;2;-2,640317;-44,271883;SPRF-MA;DEL01-MA;UOP01-DEL01-MA
669438;25/03/2025;terça-feira;08:20:00;TO;153;138;ARAGUAINA;Reação tardia ou ineficiente do condutor;Colisão frontal;Com Vítimas Feridas;Pleno dia;Decrescente;Céu Claro;Múltipla;"Interseção de Vias;Rotatória;Curva";Sim;2;0;1;0;1;0;1;2;-7,16206798;-48,21693;SPRF-TO;DEL02-TO;UOP01-DEL02-TO
669439;25/03/2025;terça-feira;08:00:00;BA;324;622;SALVADOR;Trafegar com motocicleta (ou similar) entre as faixas;Colisão traseira;Com Vítimas Feridas;Pleno dia;Crescente;Sol;Dupla;Reta;Não;2;0;1;0;1;0;1;2;-12,932978;-38,471644;SPRF-BA;DEL01-BA;UOP01-DEL01-BA
669440;25/03/2025;terça-feira;08:55:00;SC;101;133,8;BALNEARIO CAMBORIU;Desrespeitar a preferência no cruzamento;Colisão transversal;Com Vítimas Feridas;Pleno dia;Crescente;Sol;Simples;"Rotatória;Interseção de Vias";Sim;2;0;1;0;1;0;1;2;-27,00221;-48,63821;SPRF-SC;DEL04-SC;UOP03-DEL04-SC
669441;25/03/2025;terça-feira;07:35:00;MG;50;67;UBERLANDIA;Ausência de reação do condutor;Colisão traseira;Com Vítimas Feridas;Pleno dia;Crescente;Céu Claro;Dupla;Reta;Sim;2;0;1;0;1;0;1;2;-18,873485;-48,258002;SPRF-MG;DEL15-MG;UOP02-DEL15-MG
669442;25/03/2025;terça-feira;08:20:00;PB;230;1;CABEDELO;Acessar a via sem observar a presença dos outros veículos;Colisão lateral mesmo sentido;Com Vítimas Feridas;Pleno dia;Decrescente;Céu Claro;Simples;Reta;Sim;3;0;1;0;1;1;1;3;-6,98326647;-34,82943557;SPRF-PB;DEL01-PB;UOP01-DEL01-PB
669443;24/03/2025;segunda-feira;20:40:00;RJ;116;187;NOVA IGUACU;Demais falhas mecânicas ou elétricas;Queda de ocupante de veículo;Com Vítimas Feridas;Plena Noite;Crescente;Céu Claro;Dupla;Reta;Não;1;0;1;0;0;0;1;1;-22,73867392;-43,47416271;SPRF-RJ;DEL06-RJ;UOP01-DEL06-RJ
669444;25/03/2025;terça-feira;07:50:00;PR;277;3,6;CURITIBA;Manobra de mudança de faixa;Colisão lateral mesmo sentido;Com Vítimas Feridas;Amanhecer;Crescente;Céu Claro;Dupla;Reta;Sim;2;0;1;0;1;0;1;2;-25,43083864;-49,33120782;SPRF-PR;DEL01-PR;UOP06-DEL01-PR
669445;22/03/2025;sábado;04:38:00;PR;376;158;MANDAGUACU;Reação tardia ou ineficiente do condutor;Saída de leito carroçável;Com Vítimas Feridas;Plena Noite;Crescente;Céu Claro;Dupla;Curva;Não;1;0;1;0;0;0;1;1;-23,36577729;-52,08319902;SPRF-PR;DEL09-PR;UOP02-DEL09-PR
669446;25/03/2025;terça-feira;08:15:00;SC;101;326,8;CAPIVARI DE BAIXO;Condutor deixou de manter distância do veículo da frente;Colisão traseira;Com Vítimas Feridas;Pleno dia;Decrescente;Nublado;Múltipla;Aclive;Sim;2;0;0;1;1;0;1;2;-28,435343;-48,958764;SPRF-SC;DEL02-SC;UOP01-DEL02-SC
669447;25/03/2025;terça-feira;08:30:00;PR;376;2,9;APUCARANA;Acessar a via sem observar a presença dos outros veículos;Colisão transversal;Com Vítimas Feridas;Pleno dia;Crescente;Céu Claro;Simples;Reta;Sim;2;0;1;0;1;0;1;2;-23,56;-51,43;SPRF-PR;DEL07-PR;UOP03-DEL07-PR
669448;25/03/2025;terça-feira;08:00:00;GO;60;190,7;GUAPO;Avarias e/ou desgaste excessivo no pneu;Tombamento;Com Vítimas Feridas;Pleno dia;Crescente;Nublado;Dupla;"Reta;Declive";Não;2;0;2;0;0;0;2;1;-16,84602446;-49,55520445;SPRF-GO;DEL01-GO;UOP02-DEL01-GO
669449;25/03/2025;terça-feira;09:15:00;ES;262;43,8;MARECHAL FLORIANO;Acessar a via sem observar a presença dos outros veículos;Colisão transversal;Com Vítimas Feridas;Pleno dia;Decrescente;Sol;Simples;Reta;Não;2;0;1;0;1;0;1;2;-20,38780657;-40,66830754;SPRF-ES;DEL01-ES;UOP01-DEL01-ES
669450;25/03/2025;terça-feira;07:50:00;PI;343;14,5;PARNAIBA;Condutor deixou de manter distância do veículo da frente;Colisão transversal;Com Vítimas Feridas;Pleno dia;Crescente;Sol;Dupla;"Interseção de Vias;Reta";Sim;2;0;1;1;0;0;2;2;-2,933031;-41,754469;SPRF-PI;DEL05-PI;UOP01-DEL05-PI
669451;25/03/2025;terça-feira;08:25:00;PR;116;16,8;COLOMBO;Reação tardia ou ineficiente do condutor;Engavetamento;Com Vítimas Feridas;Pleno dia;Decrescente;Sol;Dupla;"Aclive;Reta";Sim;4;0;1;0;2;1;1;3;-25,38865;-49,184355;SPRF-PR;DEL01-PR;UOP02-DEL01-PR
669452;25/03/2025;terça-feira;09:15:00;DF;20;24;BRASILIA;Ausência de reação do condutor;Saída de leito carroçável;Sem Vítimas;Pleno dia;Crescente;Céu Claro;Dupla;Reta;Não;1;0;0;0;1;0;0;1;-15,601964;-47,681053;SPRF-DF;DEL02-DF;UOP01-DEL02-DF
669454;25/03/2025;terça-feira;09:20:00;BA;324;617,9;SALVADOR;Manobra de mudança de faixa;Colisão traseira;Com Vítimas Feridas;Pleno dia;Crescente;Céu Claro;Múltipla;Reta;Sim;2;0;1;0;1;0;1;2;-12,899488;-38,451197;SPRF-BA;DEL01-BA;UOP01-DEL01-BA
669455;25/03/2025;terça-feira;09:14:00;PB;230;27;JOAO PESSOA;Condutor deixou de manter distância do veículo da frente;Colisão traseira;Com Vítimas Feridas;Pleno dia;Crescente;Céu Claro;Dupla;Reta;Sim;2;0;1;0;1;0;1;2;-7,15311101;-34,90827441;SPRF-PB;DEL01-PB;UOP01-DEL01-PB
669456;25/03/2025;terça-feira;08:10:00;SC;480;128,1;CHAPECO;Condutor deixou de manter distância do veículo da frente;Colisão traseira;Com Vítimas Feridas;Pleno dia;Crescente;Céu Claro;Dupla;"Curva;Declive";Sim;2;0;1;0;1;0;1;2;-27,04542389;-52,63612032;SPRF-SC;DEL07-SC;UOP01-DEL07-SC
669461;05/03/2025;quarta-feira;06:00:00;RJ;101;327;NITEROI;Condutor deixou de manter distância do veículo da frente;Colisão traseira;Com Vítimas Feridas;Pleno dia;Decrescente;Sol;Múltipla;Reta;Não;3;0;1;0;1;1;1;3;-22,87016499;-43,16356659;SPRF-RJ;DEL02-RJ;UOP01-DEL02-RJ
669462;25/03/2025;terça-feira;05:30:00;PR;476;162;CONTENDA;Ausência de reação do condutor;Saída de leito carroçável;Com Vítimas Feridas;Amanhecer;Decrescente;Chuva;Simples;"Reta;Aclive";Não;1;0;1;0;0;0;1;1;-25,65320263;-49,48010445;SPRF-PR;DEL01-PR;UOP06-DEL01-PR
669464;25/03/2025;terça-feira;09:00:00;SE;235;41,7;ITABAIANA;Ausência de reação do condutor;Colisão transversal;Sem Vítimas;Pleno dia;Crescente;Céu Claro;Simples;Reta;Não;2;0;0;0;2;0;0;2;-10,7674702;-37,38031626;SPRF-SE;DEL01-SE;UOP02-DEL01-SE
669466;25/03/2025;terça-feira;10:25:00;SC;470;58;BLUMENAU;Ultrapassagem Indevida;Colisão transversal;Com Vítimas Feridas;Pleno dia;Crescente;Céu Claro;Simples;"Em Obras;Reta;Desvio Temporário";Sim;2;0;0;1;1;0;1;2;-26,88368428;-49,14559007;SPRF-SC;DEL04-SC;UOP01-DEL04-SC
669467;25/03/2025;terça-feira;09:46:00;RO;364;712;PORTO VELHO;Manobra de mudança de faixa;Colisão lateral mesmo sentido;Sem Vítimas;Pleno dia;Crescente;Nublado;Dupla;"Reta;Viaduto;Retorno Regulamentado";Sim;2;0;0;0;2;0;0;2;-8,77751943;-63,87204623;SPRF-RO;DEL01-RO;UOP01-DEL01-RO
669469;25/03/2025;terça-feira;11:20:00;SC;101;131;CAMBORIU;Reação tardia ou ineficiente do condutor;Tombamento;Com Vítimas Feridas;Pleno dia;Decrescente;Céu Claro;Dupla;Reta;Não;1;0;1;0;0;0;1;1;-26,98655;-48,66717;SPRF-SC;DEL04-SC;UOP03-DEL04-SC
669470;25/03/2025;terça-feira;11:30:00;BA;324;613;SALVADOR;Demais falhas mecânicas ou elétricas;Queda de ocupante de veículo;Com Vítimas Feridas;Pleno dia;Crescente;Céu Claro;Dupla;Reta;Sim;2;0;1;0;1;0;1;1;-12,862619;-38,423245;SPRF-BA;DEL01-BA;UOP01-DEL01-BA
669471;25/03/2025;terça-feira;11:00:00;SC;101;206,2;SAO JOSE;Ausência de reação do condutor;Colisão traseira;Com Vítimas Feridas;Pleno dia;Decrescente;Céu Claro;Múltipla;Reta;Sim;2;0;1;0;1;0;1;2;-27,59377548;-48,6186396;SPRF-SC;DEL01-SC;UOP01-DEL01-SC
669473;25/03/2025;terça-feira;04:00:00;BA;110;390;SAO SEBASTIAO DO PASSE;Animais na Pista;Atropelamento de Animal;Com Vítimas Fatais;Amanhecer;Crescente;Nevoeiro/Neblina;Simples;Reta;Não;3;1;2;0;0;0;2;2;-12,49892865;-38,4923172;SPRF-BA;DEL01-BA;UOP01-DEL01-BA
669474;25/03/2025;terça-feira;11:45:00;SC;101;131,3;CAMBORIU;Trafegar com motocicleta (ou similar) entre as faixas;Tombamento;Com Vítimas Feridas;Pleno dia;Crescente;Sol;Dupla;Reta;Não;1;0;1;0;0;0;1;1;-26,98655;-48,66717;SPRF-SC;DEL04-SC;UOP03-DEL04-SC
669475;25/03/2025;terça-feira;11:40:00;PE;101;126,8;ESCADA;Condutor deixou de manter distância do veículo da frente;Colisão traseira;Com Vítimas Feridas;Pleno dia;Decrescente;Céu Claro;Dupla;Reta;Sim;2;0;0;1;1;0;1;2;-8,373897;-35,235465;SPRF-PE;DEL01-PE;UOP03-DEL01-PE
669476;25/03/2025;terça-feira;11:50:00;MG;40;529;BELO HORIZONTE;Ausência de reação do condutor;Queda de ocupante de veículo;Com Vítimas Feridas;Pleno dia;Decrescente;Céu Claro;Dupla;Curva;Sim;2;0;1;0;1;0;1;2;-19,94527379;-44,01603699;SPRF-MG;DEL01-MG;UOP02-DEL01-MG
669477;09/02/2025;domingo;19:00:00;ES;101;71,8;SAO MATEUS;Ausência de reação do condutor;Colisão traseira;Com Vítimas Feridas;Plena Noite;Decrescente;Nublado;Simples;Reta;Não;4;0;0;1;3;0;1;2;-18,753513;-39,862598;SPRF-ES;DEL04-ES;UOP02-DEL04-ES
669478;25/03/2025;terça-feira;12:40:00;RS;386;392;TRIUNFO;Retorno proibido;Colisão lateral mesmo sentido;Com Vítimas Feridas;Pleno dia;Crescente;Nublado;Simples;Curva;Não;4;0;1;0;2;1;1;3;-29,70925381;-51,65027976;SPRF-RS;DEL04-RS;UOP02-DEL04-RS
669481;30/01/2025;quinta-feira;16:40:00;MG;116;606,2;SAO JOAO DO MANHUACU;Ausência de reação do condutor;Tombamento;Com Vítimas Feridas;Pleno dia;Crescente;Céu Claro;Simples;"Reta;Rotatória";Não;1;0;0;1;0;0;1;1;-20,378722;-42,14721389;SPRF-MG;DEL06-MG;UOP03-DEL06-MG
669482;25/03/2025;terça-feira;11:20:00;PI;343;347;TERESINA;Condutor deixou de manter distância do veículo da frente;Colisão traseira;Com Vítimas Feridas;Pleno dia;Crescente;Sol;Dupla;Reta;Sim;2;0;1;0;1;0;1;2;-5,117882;-42,784928;SPRF-PI;DEL01-PI;UOP01-DEL01-PI
669484;25/03/2025;terça-feira;13:00:00;TO;153;482,9;PARAISO DO TOCANTINS;Manobra de mudança de faixa;Colisão com objeto;Com Vítimas Feridas;Pleno dia;Decrescente;Garoa/Chuvisco;Simples;Reta;Não;3;0;2;0;1;0;2;1;-10,069452;-48,849827;SPRF-TO;DEL01-TO;UOP01-DEL01-TO
669486;25/03/2025;terça-feira;12:20:00;SC;280;30,9;ARAQUARI;Transitar no Acostamento;Colisão transversal;Com Vítimas Feridas;Pleno dia;Decrescente;Sol;Simples;Interseção de Vias;Sim;2;0;1;0;1;0;1;2;-26,4164261;-48,771312;SPRF-SC;DEL03-SC;UOP03-DEL03-SC
669487;25/03/2025;terça-feira;13:15:00;PR;369;147,8;LONDRINA;Ausência de reação do condutor;Queda de ocupante de veículo;Com Vítimas Feridas;Pleno dia;Crescente;Céu Claro;Dupla;Reta;Sim;1;0;1;0;0;0;1;1;-23,29295811;-51,14187056;SPRF-PR;DEL07-PR;UOP01-DEL07-PR
669488;25/03/2025;terça-feira;08:00:00;SC;101;219,9;PALHOCA;Demais falhas mecânicas ou elétricas;Queda de ocupante de veículo;Com Vítimas Feridas;Pleno dia;Decrescente;Céu Claro;Múltipla;Reta;Não;1;0;1;0;0;0;1;1;-27,67777483;-48,6697107;SPRF-SC;DEL01-SC;UOP02-DEL01-SC
669490;25/03/2025;terça-feira;11:00:00;RJ;101;329;NITEROI;Condutor deixou de manter distância do veículo da frente;Colisão traseira;Com Vítimas Feridas;Pleno dia;Crescente;Céu Claro;Dupla;Reta;Não;3;0;1;0;2;0;1;2;-22,8786176;-43,106304;SPRF-RJ;DEL02-RJ;UOP01-DEL02-RJ
669492;25/03/2025;terça-feira;13:25:00;SC;101;415,6;ARARANGUA;Condutor deixou de manter distância do veículo da frente;Colisão traseira;Com Vítimas Feridas;Pleno dia;Crescente;Céu Claro;Múltipla;"Interseção de Vias;Reta";Sim;2;0;1;0;1;0;1;2;-28,96906678;-49,5256787;SPRF-SC;DEL02-SC;UOP02-DEL02-SC
669494;25/03/2025;terça-feira;11:50:00;PR;469;0;FOZ DO IGUACU;Demais falhas mecânicas ou elétricas;Saída de leito carroçável;Com Vítimas Feridas;Pleno dia;Crescente;Nublado;Simples;"Em Obras;Curva;Desvio Temporário";Sim;2;0;1;0;1;0;1;1;-25,57659826;-54,55384612;SPRF-PR;DEL05-PR;UOP04-DEL05-PR
669498;25/03/2025;terça-feira;14:47:00;MG;354;753,7;ITAMONTE;Ultrapassagem Indevida;Colisão transversal;Com Vítimas Feridas;Pleno dia;Crescente;Sol;Simples;Reta;Sim;2;0;2;0;0;0;2;2;-22,28219685;-44,87036347;SPRF-MG;DEL17-MG;UOP01-DEL17-MG
669501;15/02/2025;sábado;17:00:00;MG;251;336;RUBELITA;Reação tardia ou ineficiente do condutor;Tombamento;Com Vítimas Feridas;Anoitecer;Decrescente;Céu Claro;Simples;Reta;Não;1;0;1;0;0;0;1;1;-16,256612;-42,4318676;SPRF-MG;DEL12-MG;UOP02-DEL12-MG
669502;25/03/2025;terça-feira;14:15:00;DF;70;4;BRASILIA;Ausência de reação do condutor;Queda de ocupante de veículo;Sem Vítimas;Pleno dia;Decrescente;Nublado;Dupla;Curva;Sim;2;0;0;0;0;2;0;1;-15,796875;-48,091908;SPRF-DF;DEL03-DF;UOP02-DEL03-DF
669503;25/03/2025;terça-feira;12:55:00;TO;153;647;GURUPI;Acumulo de água sobre o pavimento;Saída de leito carroçável;Com Vítimas Feridas;Pleno dia;Crescente;Nublado;Simples;"Reta;Declive";Não;3;0;2;0;1;0;2;1;-11,6019224;-49,04102088;SPRF-TO;DEL01-TO;UOP02-DEL01-TO
669505;25/03/2025;terça-feira;14:10:00;SC;101;157,7;PORTO BELO;Manobra de mudança de faixa;Colisão transversal;Com Vítimas Feridas;Pleno dia;Decrescente;Céu Claro;Dupla;"Reta;Retorno Regulamentado";Não;3;0;1;1;1;0;2;2;-27,18918;-48,61233;SPRF-SC;DEL04-SC;UOP03-DEL04-SC