id;data_inversa;dia_semana;horario;uf;br;km;municipio;causa_acidente;tipo_acidente;classificacao_acidente;fase_dia;sentido_via;condicao_metereologica;tipo_pista;tracado_via;uso_solo;pessoas;mortos;feridos_leves;feridos_graves;ilesos;ignorados;feridos;veiculos;latitude;longitude;regional;delegacia;uop
669623;26/03/2025;quarta-feira;07:30:00;MG;381;753,1;TRES CORACOES;Área urbana sem a presença de local apropriado para a travessia de pedestres;Atropelamento de Pedestre;Com Vítimas Feridas;Amanhecer;Crescente;Sol;Dupla;Curva;Não;3;0;0;1;1;1;1;2;-21,66497;-45,309871;SPRF-MG;DEL16-MG;UOP02-DEL16-MG
669624;26/03/2025;quarta-feira;07:55:00;RS;471;161;RIO PARDO;Acessar a via sem observar a presença dos outros veículos;Colisão transversal;Com Vítimas Feridas;Pleno dia;Decrescente;Céu Claro;Simples;Reta;Não;3;0;1;1;1;0;2;2;-29,865547;-52,390632;SPRF-RS;DEL02-RS;UOP03-DEL02-RS
669625;25/03/2025;terça-feira;15:07:00;BA;410;2;RIBEIRA DO POMBAL;Velocidade Incompatível;Tombamento;Com Vítimas Feridas;Pleno dia;Crescente;Céu Claro;Simples;Reta;Sim;1;0;0;1;0;0;1;1;-10,824594;-38,544895;SPRF-BA;DEL07-BA;UOP02-DEL07-BA
669626;26/03/2025;quarta-feira;07:30:00;RJ;101;301,5;SAO GONCALO;Demais falhas mecânicas ou elétricas;Queda de ocupante de veículo;Com Vítimas Feridas;Pleno dia;Crescente;Céu Claro;Dupla;Reta;Sim;2;0;1;0;1;0;1;1;-22,7802767;-42,9629398;SPRF-RJ;DEL02-RJ;UOP02-DEL02-RJ
669627;26/03/2025;quarta-feira;07:30:00;SP;116;225;GUARULHOS;Trafegar com motocicleta (ou similar) entre as faixas;Colisão traseira;Com Vítimas Feridas;Pleno dia;Crescente;Nublado;Múltipla;Reta;Sim;3;0;1;0;2;0;1;2;-23,47993685;-46,53899575;SPRF-SP;DEL01-SP;UOP01-DEL01-SP
669628;26/03/2025;quarta-feira;07:59:00;RN;304;302;PARNAMIRIM;Ausência de reação do condutor;Colisão traseira;Com Vítimas Feridas;Pleno dia;Crescente;Céu Claro;Múltipla;Reta;Não;2;0;1;0;1;0;1;2;-5,88621;-35,27748;SPRF-RN;DEL01-RN;UOP02-DEL01-RN
669629;26/03/2025;quarta-feira;07:45:00;SC;470;67,5;INDAIAL;Desrespeitar a preferência no cruzamento;Colisão transversal;Com Vítimas Feridas;Pleno dia;Crescente;Nublado;Simples;Interseção de Vias;Não;2;0;1;0;1;0;1;2;-26,871755;-49,23079467;SPRF-SC;DEL04-SC;UOP01-DEL04-SC
669630;26/03/2025;quarta-feira;07:55:00;PR;369;154,5;LONDRINA;Manobra de mudança de faixa;Colisão lateral mesmo sentido;Com Vítimas Feridas;Pleno dia;Decrescente;Céu Claro;Dupla;Reta;Sim;2;0;1;0;1;0;1;2;-23,29569129;-51,20842673;SPRF-PR;DEL07-PR;UOP01-DEL07-PR
669631;26/03/2025;quarta-feira;07:20:00;MG;116;702,5;MURIAE;Desrespeitar a preferência no cruzamento;Colisão transversal;Com Vítimas Feridas;Pleno dia;Decrescente;Céu Claro;Simples;Interseção de Vias;Sim;2;0;1;0;1;0;1;2;-21,1464428;-42,3813274;SPRF-MG;DEL07-MG;UOP02-DEL07-MG
669632;26/03/2025;quarta-feira;07:50:00;RS;116;146,5;CAXIAS DO SUL;Trafegar com motocicleta (ou similar) entre as faixas;Atropelamento de Pedestre;Com Vítimas Feridas;Pleno dia;Crescente;Céu Claro;Dupla;Reta;Sim;3;0;2;0;1;0;2;2;-29,14605865;-51,14029527;SPRF-RS;DEL05-RS;UOP01-DEL05-RS
669633;26/03/2025;quarta-feira;07:45:00;MG;40;520,7;CONTAGEM;Trafegar com motocicleta (ou similar) entre as faixas;Colisão lateral mesmo sentido;Com Vítimas Feridas;Pleno dia;Crescente;Céu Claro;Dupla;"Retorno Regulamentado;Reta";Não;11;0;1;1;9;0;2;4;-19,85351578;-44,07259053;SPRF-MG;DEL01-MG;UOP02-DEL01-MG
669638;25/03/2025;terça-feira;21:00:00;PR;376;286;MAUA DA SERRA;Reação tardia ou ineficiente do condutor;Saída de leito carroçável;Com Vítimas Feridas;Plena Noite;Decrescente;Chuva;Dupla;"Declive;Reta";Não;1;0;1;0;0;0;1;1;-23,86359774;-51,26090653;SPRF-PR;DEL07-PR;UOP02-DEL07-PR
669641;26/03/2025;quarta-feira;08:20:00;PR;277;82,9;CURITIBA;Reação tardia ou ineficiente do condutor;Colisão lateral mesmo sentido;Com Vítimas Feridas;Pleno dia;Crescente;Nublado;Dupla;Reta;Sim;3;0;2;0;1;0;2;3;-25,45112624;-49,22748679;SPRF-PR;DEL01-PR;UOP03-DEL01-PR
669642;26/03/2025;quarta-feira;08:10:00;SP;116;446;REGISTRO;Pista Escorregadia;Tombamento;Com Vítimas Feridas;Pleno dia;Decrescente;Garoa/Chuvisco;Simples;"Rotatória;Curva";Sim;2;0;1;1;0;0;2;2;-24,477696;-47,8281728;SPRF-SP;DEL05-SP;UOP01-DEL05-SP
669643;26/03/2025;quarta-feira;08:10:00;RJ;116;186;NOVA IGUACU;Manobra de mudança de faixa;Colisão lateral mesmo sentido;Com Vítimas Feridas;Pleno dia;Decrescente;Céu Claro;Múltipla;Reta;Sim;3;0;1;0;2;0;1;3;-22,742624;-43,518062;SPRF-RJ;DEL06-RJ;UOP01-DEL06-RJ
669644;26/03/2025;quarta-feira;07:50:00;PR;277;83;CURITIBA;Trafegar com motocicleta (ou similar) entre as faixas;Colisão traseira;Com Vítimas Feridas;Amanhecer;Crescente;Garoa/Chuvisco;Múltipla;Reta;Sim;2;0;1;0;1;0;1;2;-25,44892273;-49,22928572;SPRF-PR;DEL01-PR;UOP03-DEL01-PR
669645;26/03/2025;quarta-feira;08:50:00;SP;116;211;GUARULHOS;Ausência de reação do condutor;Tombamento;Com Vítimas Feridas;Pleno dia;Crescente;Nublado;Múltipla;Reta;Sim;1;0;0;1;0;0;1;1;-23,4341968;-46,424607;SPRF-SP;DEL01-SP;UOP01-DEL01-SP
669646;26/03/2025;quarta-feira;08:10:00;PR;277;11;PARANAGUA;Retorno proibido;Colisão transversal;Com Vítimas Feridas;Pleno dia;Crescente;Céu Claro;Dupla;Reta;Não;2;0;0;1;1;0;1;2;-25,56613354;-48,62440282;SPRF-PR;DEL01-PR;UOP05-DEL01-PR
669647;26/03/2025;quarta-feira;07:30:00;GO;70;11,8;AGUAS LINDAS DE GOIAS;Ausência de reação do condutor;Queda de ocupante de veículo;Com Vítimas Fatais;Pleno dia;Decrescente;Céu Claro;Dupla;"Curva;Aclive";Sim;1;1;0;0;0;0;0;1;-15,74069;-48,311478;SPRF-DF;DEL03-DF;UOP02-DEL03-DF
669651;26/03/2025;quarta-feira;09:00:00;SP;116;169;JACAREI;Reação tardia ou ineficiente do condutor;Capotamento;Com Vítimas Feridas;Pleno dia;Decrescente;Céu Claro;Dupla;Reta;Não;2;0;1;0;1;0;1;1;-23,29028308;-45,9959559;SPRF-SP;DEL02-SP;UOP01-DEL02-SP
669652;26/03/2025;quarta-feira;04:00:00;PB;230;156;CAMPINA GRANDE;Ausência de reação do condutor;Saída de leito carroçável;Sem Vítimas;Amanhecer;Crescente;Céu Claro;Simples;"Reta;Em Obras;Interseção de Vias";Sim;1;0;0;0;0;1;0;1;-7,267738;-35,915422;SPRF-PB;DEL02-PB;UOP01-DEL02-PB
669653;26/03/2025;quarta-feira;07:40:00;RO;364;535,6;ALTO PARAISO;Condutor deixou de manter distância do veículo da frente;Colisão traseira;Sem Vítimas;Pleno dia;Crescente;Chuva;Simples;Reta;Não;7;0;0;0;7;0;0;2;-9,752817;-63,101997;SPRF-RO;DEL03-RO;UOP01-DEL03-RO
669655;07/03/2025;sexta-feira;06:50:00;SC;280;28;ARAQUARI;Acessar a via sem observar a presença dos outros veículos;Colisão transversal;Com Vítimas Feridas;Pleno dia;Crescente;Céu Claro;Simples;Reta;Sim;2;0;1;0;1;0;1;2;-26,39627996;-48,73973966;SPRF-SC;DEL03-SC;UOP03-DEL03-SC
669656;26/03/2025;quarta-feira;08:25:00;BA;330;795;JEQUIE;Reação tardia ou ineficiente do condutor;Saída de leito carroçável;Com Vítimas Feridas;Pleno dia;Crescente;Céu Claro;Simples;Reta;Não;2;0;2;0;0;0;2;1;-13,913075;-40,013063;SPRF-BA;DEL03-BA;UOP01-DEL03-BA
669657;25/03/2025;terça-feira;17:39:00;PE;316;25;ARARIPINA;Fumaça;Eventos atípicos;Sem Vítimas;Plena Noite;Crescente;Céu Claro;Simples;Curva;Sim;2;0;0;0;2;0;0;1;-7,585932;-40,498347;SPRF-PE;DEL05-PE;UOP02-DEL05-PE
669658;26/03/2025;quarta-feira;09:26:00;GO;153;612;MORRINHOS;Chuva;Saída de leito carroçável;Com Vítimas Feridas;Pleno dia;Decrescente;Chuva;Dupla;Reta;Não;1;0;1;0;0;0;1;1;-17,642116;-49,173785;SPRF-GO;DEL03-GO;UOP01-DEL03-GO
669662;26/03/2025;quarta-feira;10:15:00;RS;285;472,3;CORONEL BARROS;Ausência de reação do condutor;Colisão traseira;Com Vítimas Feridas;Pleno dia;Crescente;Céu Claro;Simples;"Reta;Declive";Não;3;0;0;1;2;0;1;2;-28,3840553;-54,02955271;SPRF-RS;DEL10-RS;UOP01-DEL10-RS
669664;26/03/2025;quarta-feira;09:30:00;RJ;101;297;ITABORAI;Transitar na calçada;Colisão lateral mesmo sentido;Com Vítimas Feridas;Pleno dia;Crescente;Céu Claro;Simples;Reta;Sim;3;0;1;0;2;0;1;2;-22,77084054;-42,92835506;SPRF-RJ;DEL02-RJ;UOP02-DEL02-RJ
669665;26/03/2025;quarta-feira;09:40:00;PR;277;721;FOZ DO IGUACU;Manobra de mudança de faixa;Colisão traseira;Com Vítimas Feridas;Pleno dia;Crescente;Céu Claro;Dupla;Reta;Sim;3;0;1;0;2;0;1;2;-25,5096622;-54,5956527;SPRF-PR;DEL05-PR;UOP03-DEL05-PR
669666;26/03/2025;quarta-feira;10:00:00;PR;116;40;CAMPINA GRANDE DO SUL;Reação tardia ou ineficiente do condutor;Saída de leito carroçável;Com Vítimas Feridas;Pleno dia;Decrescente;Céu Claro;Dupla;Reta;Não;2;0;1;0;1;0;1;1;-25,28768269;-48,93098652;SPRF-PR;DEL01-PR;UOP02-DEL01-PR
669667;26/03/2025;quarta-feira;00:10:00;PE;0;0;OURICURI;Demais falhas na via;Tombamento;Sem Vítimas;Plena Noite;Não Informado;Céu Claro;Simples;Reta;Sim;2;0;0;0;2;0;0;2;-7,88240423;-40,08315849;SPRF-PE;DEL05-PE;UOP02-DEL05-PE
669668;26/03/2025;quarta-feira;11:10:00;PE;232;58;POMBOS;Pedestre cruzava a pista fora da faixa;Atropelamento de Pedestre;Com Vítimas Feridas;Pleno dia;Decrescente;Céu Claro;Dupla;Reta;Sim;2;0;0;1;1;0;1;2;-8,145842;-35,392587;SPRF-PE;DEL02-PE;UOP02-DEL02PE
669673;26/03/2025;quarta-feira;11:30:00;SP;116;513;BARRA DO TURVO;Reação tardia ou ineficiente do condutor;Capotamento;Com Vítimas Feridas;Pleno dia;Crescente;Chuva;Múltipla;Curva;Não;2;0;1;0;1;0;1;1;-24,9288213;-48,2715915;SPRF-SP;DEL05-SP;UOP02-DEL05-SP
669674;26/03/2025;quarta-feira;11:00:00;MS;163;475,7;CAMPO GRANDE;Acessar a via sem observar a presença dos outros veículos;Colisão transversal;Com Vítimas Feridas;Pleno dia;Crescente;Céu Claro;Simples;"Reta;Interseção de Vias";Sim;3;0;1;0;2;0;1;2;-20,51380064;-54,56223423;SPRF-MS;DEL01-MS;UOP01-DEL01-MS
669677;26/03/2025;quarta-feira;11:00:00;GO;60;5;SANTO ANTONIO DO DESCOBERTO;Acumulo de água sobre o pavimento;Saída de leito carroçável;Com Vítimas Feridas;Pleno dia;Decrescente;Chuva;Dupla;Reta;Não;3;0;2;0;1;0;2;2;-16,09103171;-48,27740192;SPRF-DF;DEL03-DF;UOP01-DEL03-DF
669678;26/03/2025;quarta-feira;10:45:00;SC;282;674,6;PARAISO;Ausência de reação do condutor;Saída de leito carroçável;Com Vítimas Feridas;Pleno dia;Decrescente;Sol;Simples;"Declive;Curva";Não;1;0;0;1;0;0;1;1;-26,61350771;-53,68310452;SPRF-SC;DEL07-SC;UOP03-DEL07-SC
669679;26/03/2025;quarta-feira;12:10:00;SC;101;145;ITAPEMA;Condutor deixou de manter distância do veículo da frente;Engavetamento;Com Vítimas Feridas;Pleno dia;Decrescente;Céu Claro;Dupla;Curva;Sim;3;0;1;0;2;0;1;3;-27,07931159;-48,59986413;SPRF-SC;DEL04-SC;UOP03-DEL04-SC
669681;26/03/2025;quarta-feira;11:40:00;PR;116;42;CAMPINA GRANDE DO SUL;Velocidade Incompatível;Saída de leito carroçável;Com Vítimas Feridas;Pleno dia;Crescente;Garoa/Chuvisco;Simples;Curva;Não;2;0;1;0;1;0;1;1;-25,176951;-48,878069;SPRF-PR;DEL01-PR;UOP02-DEL01-PR
669683;28/02/2025;sexta-feira;19:00:00;RS;386;11;IRAI;Acumulo de areia ou detritos sobre o pavimento;Colisão traseira;Sem Vítimas;Anoitecer;Crescente;Céu Claro;Simples;"Reta;Retorno Regulamentado";Não;2;0;0;0;2;0;0;2;-27,2241655;-53,31480296;SPRF-RS;DEL08-RS;UOP02-DEL08-RS
669686;26/03/2025;quarta-feira;12:25:00;SC;101;420,9;ARARANGUA;Acessar a via sem observar a presença dos outros veículos;Tombamento;Com Vítimas Feridas;Pleno dia;Decrescente;Nublado;Simples;"Reta;Interseção de Vias";Sim;2;0;1;0;1;0;1;2;-29,00488679;-49,56291631;SPRF-SC;DEL02-SC;UOP02-DEL02-SC
669687;26/03/2025;quarta-feira;12:35:00;GO;153;423,3;ANAPOLIS;Avarias e/ou desgaste excessivo no pneu;Saída de leito carroçável;Sem Vítimas;Pleno dia;Decrescente;Chuva;Dupla;Declive;Não;1;0;0;0;1;0;0;1;-16,218636;-49,014598;SPRF-GO;DEL02-GO;UOP01-DEL02-GO
669688;26/03/2025;quarta-feira;13:15:00;RS;285;460,3;IJUI;Desrespeitar a preferência no cruzamento;Colisão transversal;Com Vítimas Feridas;Pleno dia;Crescente;Sol;Simples;Interseção de Vias;Sim;2;0;2;0;0;0;2;2;-28,41850819;-53,91589696;SPRF-RS;DEL10-RS;UOP01-DEL10-RS
669689;26/03/2025;quarta-feira;13:20:00;PE;232;253;ARCOVERDE;Reação tardia ou ineficiente do condutor;Colisão transversal;Com Vítimas Feridas;Pleno dia;Decrescente;Céu Claro;Dupla;Interseção de Vias;Não;2;0;2;0;0;0;2;2;-8,43068126;-37,06345618;SPRF-PE;DEL04-PE;UOP02-DEL04-PE
669691;26/03/2025;quarta-feira;13:20:00;PB;101;28,7;RIO TINTO;Velocidade Incompatível;Engavetamento;Sem Vítimas;Pleno dia;Decrescente;Céu Claro;Dupla;"Em Obras;Reta";Não;4;0;0;0;4;0;0;4;-6,738491;-35,129886;SPRF-PB;DEL01-PB;UOP03-DEL01-PB
669693;26/03/2025;quarta-feira;08:45:00;SC;163;86;GUARACIABA;Ultrapassagem Indevida;Colisão lateral mesmo sentido;Com Vítimas Feridas;Pleno dia;Decrescente;Céu Claro;Simples;"Em Obras;Reta;Declive";Não;4;0;1;0;1;2;1;3;-26,60183278;-53,51642534;SPRF-SC;DEL07-SC;UOP03-DEL07-SC
669696;12/03/2025;quarta-feira;06:30:00;TO;153;6;XAMBIOA;Transitar no Acostamento;Atropelamento de Pedestre;Com Vítimas Feridas;Amanhecer;Crescente;Sol;Simples;Reta;Não;3;0;2;0;0;1;2;2;-6,4116899;-48,54266479;SPRF-TO;DEL02-TO;UOP01-DEL02-TO
669697;26/03/2025;quarta-feira;09:30:00;RO;364;10;VILHENA;Acessar a via sem observar a presença dos outros veículos;Colisão transversal;Com Vítimas Feridas;Pleno dia;Decrescente;Nublado;Simples;Reta;Sim;2;0;1;0;1;0;1;2;-12,74727614;-60,11161147;SPRF-RO;DEL04-RO;UOP01-DEL04-RO
669698;26/03/2025;quarta-feira;09:20:00;MG;365;549;ROMARIA;Acumulo de óleo sobre o pavimento;Saída de leito carroçável;Com Vítimas Feridas;Pleno dia;Decrescente;Chuva;Simples;Reta;Não;2;0;1;0;1;0;1;1;-18,93026072;-47,65796693;SPRF-MG;DEL10-MG;UOP01-DEL10-MG
669699;04/02/2025;terça-feira;14:05:00;MG;381;488;BETIM;Ausência de reação do condutor;Colisão com objeto;Com Vítimas Feridas;Pleno dia;Decrescente;Céu Claro;Dupla;Curva;Não;1;0;1;0;0;0;1;1;-19,95727485;-44,11939859;SPRF-MG;DEL01-MG;UOP03-DEL01-MG
669701;26/03/2025;quarta-feira;12:20:00;BA;116;384;SANTA BARBARA;Ultrapassagem Indevida;Colisão frontal;Com Vítimas Feridas;Pleno dia;Decrescente;Sol;Simples;"Declive;Reta";Não;2;0;1;0;1;0;1;2;-11,89164;-38,98112;SPRF-BA;DEL02-BA;UOP01-DEL02-BA
669702;26/03/2025;quarta-feira;13:25:00;PE;232;48;VITORIA DE SANTO ANTAO;Reação tardia ou ineficiente do condutor;Colisão traseira;Sem Vítimas;Pleno dia;Crescente;Céu Claro;Dupla;Viaduto;Sim;2;0;0;0;2;0;0;2;-8,143576;-35,310154;SPRF-PE;DEL01-PE;UOP01-DEL01-PE
669705;26/03/2025;quarta-feira;12:50:00;MG;40;103,1;LAGOA GRANDE;Objeto estático sobre o leito carroçável;Colisão com objeto;Com Vítimas Feridas;Pleno dia;Decrescente;Chuva;Simples;Reta;Não;1;0;1;0;0;0;1;1;-17,581769;-46,489328;SPRF-MG;DEL14-MG;UOP01-DEL14-MG
669706;26/03/2025;quarta-feira;14:30:00;PB;230;41;SANTA RITA;Condutor usando celular;Colisão com objeto;Com Vítimas Fatais;Pleno dia;Decrescente;Céu Claro;Dupla;Curva;Sim;1;1;0;0;0;0;0;1;-7,142046;-34,994225;SPRF-PB;DEL01-PB;UOP02-DEL01-PB
669707;26/03/2025;quarta-feira;14:35:00;SC;101;205;SAO JOSE;Condutor deixou de manter distância do veículo da frente;Colisão traseira;Com Vítimas Feridas;Pleno dia;Decrescente;Nublado;Múltipla;Reta;Sim;3;0;2;0;1;0;2;2;-27,58334152;-48,61517385;SPRF-SC;DEL01-SC;UOP01-DEL01-SC
669708;19/03/2025;quarta-feira;06:25:00;PR;376;606;CURITIBA;Manobra de mudança de faixa;Colisão lateral mesmo sentido;Com Vítimas Feridas;Amanhecer;Decrescente;Céu Claro;Múltipla;Reta;Não;2;0;1;0;0;1;1;2;-25,54383381;-49,30542111;SPRF-PR;DEL01-PR;UOP06-DEL01-PR
669711;26/03/2025;quarta-feira;13:20:00;MT;70;732;CACERES;Acesso irregular;Colisão transversal;Com Vítimas Feridas;Pleno dia;Crescente;Sol;Simples;Reta;Sim;2;0;1;0;1;0;1;2;-16,08994;-57,69059;SPRF-MT;DEL03-MT;UOP01-DEL03-MT
669713;26/03/2025;quarta-feira;08:06:00;RJ;101;318;SAO GONCALO;Acessar a via sem observar a presença dos outros veículos;Colisão lateral mesmo sentido;Com Vítimas Feridas;Pleno dia;Crescente;Céu Claro;Dupla;Reta;Sim;2;0;1;0;1;0;1;2;-22,84399487;-43,0969288;SPRF-RJ;DEL02-RJ;UOP02-DEL02-RJ
669714;26/03/2025;quarta-feira;15:15:00;MG;40;740,5;SANTOS DUMONT;Transitar na contramão;Colisão frontal;Com Vítimas Feridas;Pleno dia;Decrescente;Nublado;Simples;"Aclive;Curva";Sim;2;0;0;2;0;0;2;2;-21,433084;-43,552238;SPRF-MG;DEL05-MG;UOP01-DEL05-MG
669715;26/03/2025;quarta-feira;15:00:00;MA;10;236;GOVERNADOR EDISON LOBAO;Acessar a via sem observar a presença dos outros veículos;Colisão transversal;Com Vítimas Feridas;Pleno dia;Crescente;Céu Claro;Simples;Reta;Sim;2;0;0;1;1;0;1;2;-5,64912;-47,393415;SPRF-MA;DEL04-MA;UOP01-DEL04-MA
669717;26/03/2025;quarta-feira;10:00:00;RJ;101;510;ANGRA DOS REIS;Condutor deixou de manter distância do veículo da frente;Colisão traseira;Com Vítimas Feridas;Pleno dia;Crescente;Céu Claro;Simples;Reta;Não;4;0;1;0;3;0;1;3;-22,94743757;-44,43279004;SPRF-RJ;DEL03-RJ;UOP03-DEL03-RJ
669718;26/03/2025;quarta-feira;16:15:00;RJ;116;181;SAO JOAO DE MERITI;Acessar a via sem observar a presença dos outros veículos;Colisão lateral mesmo sentido;Com Vítimas Feridas;Pleno dia;Crescente;Céu Claro;Simples;Reta;Não;4;0;2;0;2;0;2;3;-22,8032512;-43,3422336;SPRF-RJ;DEL06-RJ;UOP01-DEL06-RJ
669720;09/01/2025;quinta-feira;20:20:00;RS;116;266;CANOAS;Velocidade Incompatível;Colisão lateral mesmo sentido;Sem Vítimas;Plena Noite;Crescente;Céu Claro;Dupla;Reta;Não;2;0;0;0;2;0;0;2;-29,93242399;-51,17742077;SPRF-RS;DEL01-RS;UOP01-DEL01-RS
669724;26/03/2025;quarta-feira;15:30:00;SP;101;32,9;UBATUBA;Conversão proibida;Colisão transversal;Com Vítimas Feridas;Pleno dia;Crescente;Nublado;Simples;Curva;Não;3;0;0;1;2;0;1;2;-23,38990956;-44,98695189;SPRF-SP;DEL06-SP;UOP01-DEL06-SP
669725;26/03/2025;quarta-feira;16:30:00;CE;20;203;BOA VIAGEM;Manobra de mudança de faixa;Capotamento;Com Vítimas Feridas;Pleno dia;Decrescente;Céu Claro;Simples;Reta;Sim;1;0;0;1;0;0;1;1;-5,1257679;-39,7360384;SPRF-CE;DEL02-CE;UOP02-DEL02-CE
669728;26/03/2025;quarta-feira;15:00:00;AL;101;39;FLEXEIRAS;Condutor Dormindo;Saída de leito carroçável;Com Vítimas Feridas;Pleno dia;Decrescente;Céu Claro;Dupla;Curva;Não;3;0;3;0;0;0;3;1;-9,157111;-35,767818;SPRF-AL;DEL01-AL;UOP02-DEL01-AL
669729;26/03/2025;quarta-feira;16:00:00;PE;232;40,9;VITORIA DE SANTO ANTAO;Reação tardia ou ineficiente do condutor;Colisão traseira;Sem Vítimas;Pleno dia;Crescente;Céu Claro;Dupla;"Reta;Aclive";Não;3;0;0;0;1;2;0;2;-8,113981;-35,242506;SPRF-PE;DEL01-PE;UOP01-DEL01-PE
669730;26/03/2025;quarta-feira;16:50:00;SC;101;120;ITAJAI;Acumulo de óleo sobre o pavimento;Tombamento;Com Vítimas Feridas;Anoitecer;Crescente;Nublado;Simples;"Curva;Declive";Não;1;0;0;1;0;0;1;1;-26,91948181;-48,71075923;SPRF-SC;DEL04-SC;UOP04-DEL04-SC
669731;26/03/2025;quarta-feira;16:00:00;GO;60;338;SANTO ANTONIO DA BARRA;Animais na Pista;Capotamento;Com Vítimas Feridas;Pleno dia;Decrescente;Céu Claro;Dupla;Reta;Sim;1;0;1;0;0;0;1;1;-17,557035;-50,617932;SPRF-GO;DEL04-GO;UOP02-DEL04-GO
669733;26/03/2025;quarta-feira;16:57:00;RJ;101;325;RIO DE JANEIRO;Ausência de reação do condutor;Colisão traseira;Com Vítimas Feridas;Amanhecer;Crescente;Céu Claro;Dupla;"Reta;Ponte";Sim;3;0;1;0;2;0;1;3;-22,872385;-43,141333;SPRF-RJ;DEL02-RJ;UOP01-DEL02-RJ
669735;26/03/2025;quarta-feira;16:30:00;MS;262;325,7;CAMPO GRANDE;Pedestre andava na pista;Tombamento;Com Vítimas Feridas;Pleno dia;Crescente;Garoa/Chuvisco;Dupla;Reta;Sim;1;0;1;0;0;0;1;1;-20,46817367;-54,53648502;SPRF-MS;DEL01-MS;UOP01-DEL01-MS
669736;26/03/2025;quarta-feira;16:20:00;RJ;116;182;NOVA IGUACU;Condutor deixou de manter distância do veículo da frente;Colisão traseira;Com Vítimas Feridas;Pleno dia;Crescente;Céu Claro;Dupla;Reta;Não;2;0;1;0;1;0;1;2;-22,75656284;-43,43131173;SPRF-RJ;DEL06-RJ;UOP01-DEL06-RJ
669737;26/03/2025;quarta-feira;16:40:00;PR;277;708;SANTA TEREZINHA DE ITAIPU;Ausência de reação do condutor;Saída de leito carroçável;Sem Vítimas;Pleno dia;Crescente;Céu Claro;Dupla;Reta;Sim;1;0;0;0;1;0;0;1;-25,444457;-54,399113;SPRF-PR;DEL05-PR;UOP01-DEL05-PR
669739;26/03/2025;quarta-feira;17:20:00;RJ;40;110;DUQUE DE CAXIAS;Acumulo de areia ou detritos sobre o pavimento;Tombamento;Com Vítimas Feridas;Pleno dia;Decrescente;Nublado;Múltipla;Reta;Sim;1;0;1;0;0;0;1;1;-22,68221376;-43,28527141;SPRF-RJ;DEL01-RJ;UOP02-DEL01-RJ
669740;26/03/2025;quarta-feira;17:20:00;SC;282;17,9;PALHOCA;Velocidade Incompatível;Colisão lateral sentido oposto;Com Vítimas Fatais;Pleno dia;Decrescente;Nublado;Simples;Reta;Sim;4;1;0;1;2;0;1;3;-27,67242;-48,692851;SPRF-SC;DEL01-SC;UOP02-DEL01-SC
669742;26/03/2025;quarta-feira;18:00:00;RS;116;232,5;NOVO HAMBURGO;Acessar a via sem observar a presença dos outros veículos;Colisão transversal;Com Vítimas Feridas;Anoitecer;Decrescente;Céu Claro;Simples;"Aclive;Curva;Interseção de Vias";Sim;4;0;1;0;3;0;1;2;-29,63748039;-51,1420263;SPRF-RS;DEL01-RS;UOP02-DEL01-RS
669743;26/03/2025;quarta-feira;18:30:00;PB;230;23;JOAO PESSOA;Ausência de reação do condutor;Colisão traseira;Com Vítimas Feridas;Anoitecer;Decrescente;Céu Claro;Dupla;Reta;Não;3;0;0;2;1;0;2;2;-7,16;-34,859;SPRF-PB;DEL01-PB;UOP01-DEL01-PB
669744;26/03/2025;quarta-feira;18:20:00;MG;262;442,3;NOVA SERRANA;Velocidade Incompatível;Colisão traseira;Com Vítimas Feridas;Pleno dia;Decrescente;Céu Claro;Dupla;"Reta;Aclive";Não;2;0;1;0;1;0;1;2;-19,87263;-44,967103;SPRF-MG;DEL08-MG;UOP03-DEL08-MG
669745;26/03/2025;quarta-feira;18:00:00;RJ;101;308;SAO GONCALO;Reação tardia ou ineficiente do condutor;Engavetamento;Com Vítimas Feridas;Anoitecer;Crescente;Céu Claro;Dupla;Reta;Sim;5;0;1;0;4;0;1;3;-22,79423814;-43,03095633;SPRF-RJ;DEL02-RJ;UOP02-DEL02-RJ
669746;26/03/2025;quarta-feira;16:20:00;BA;235;350;JUAZEIRO;Acessar a via sem observar a presença dos outros veículos;Colisão transversal;Com Vítimas Feridas;Pleno dia;Crescente;Céu Claro;Dupla;Reta;Sim;2;0;0;1;1;0;1;2;-9,43385334;-40,50161362;SPRF-PE;DEL06-PE;UOP01-DEL06-PE
669747;26/03/2025;quarta-feira;18:45:00;RS;290;1,4;PORTO ALEGRE;Avarias e/ou desgaste excessivo no pneu;Tombamento;Com Vítimas Feridas;Plena Noite;Crescente;Céu Claro;Dupla;Reta;Não;2;0;1;1;0;0;2;1;-29,99028059;-51,22605103;SPRF-RS;DEL01-RS;UOP01-DEL01-RS
669751;26/03/2025;quarta-feira;15:20:00;MS;163;3;MUNDO NOVO;Condutor usando celular;Engavetamento;Com Vítimas Feridas;Pleno dia;Decrescente;Céu Claro;Simples;Reta;Não;3;0;1;0;2;0;1;3;-24,026824;-54,2888912;SPRF-MS;DEL09-MS;UOP02-DEL09-MS