id;data_inversa;dia_semana;horario;uf;br;km;municipio;causa_acidente;tipo_acidente;classificacao_acidente;fase_dia;sentido_via;condicao_metereologica;tipo_pista;tracado_via;uso_solo;pessoas;mortos;feridos_leves;feridos_graves;ilesos;ignorados;feridos;veiculos;latitude;longitude;regional;delegacia;uop
669891;27/03/2025;quinta-feira;16:00:00;MG;381;483;BETIM;Ausência de reação do condutor;Saída de leito carroçável;Com Vítimas Feridas;Pleno dia;Crescente;Céu Claro;Simples;"Reta;Declive";Sim;1;0;0;1;0;0;1;1;-19,95824296;-44,08043146;SPRF-MG;DEL01-MG;UOP03-DEL01-MG
669892;27/03/2025;quinta-feira;14:00:00;SC;101;185;BIGUACU;Acessar a via sem observar a presença dos outros veículos;Atropelamento de Pedestre;Com Vítimas Feridas;Pleno dia;Crescente;Céu Claro;Dupla;Reta;Sim;2;0;1;0;0;1;1;2;-27,423;-48,635;SPRF-SC;DEL01-SC;UOP01-DEL01-SC
669893;27/03/2025;quinta-feira;17:00:00;MG;381;488,7;BETIM;Reação tardia ou ineficiente do condutor;Colisão traseira;Com Vítimas Feridas;Anoitecer;Decrescente;Céu Claro;Múltipla;Reta;Sim;3;0;2;0;1;0;2;2;-19,955983;-44,129221;SPRF-MG;DEL01-MG;UOP03-DEL01-MG
669894;27/03/2025;quinta-feira;16:40:00;RN;101;81;SAO GONCALO DO AMARANTE;Conversão proibida;Colisão lateral mesmo sentido;Com Vítimas Feridas;Pleno dia;Decrescente;Céu Claro;Dupla;Rotatória;Sim;2;0;1;0;1;0;1;2;-5,76330363;-35,2872169;SPRF-RN;DEL02-RN;UOP01-DEL02-RN
669897;27/03/2025;quinta-feira;16:50:00;SC;101;200,3;SAO JOSE;Reação tardia ou ineficiente do condutor;Colisão traseira;Com Vítimas Feridas;Anoitecer;Crescente;Nublado;Simples;"Declive;Reta";Sim;2;0;1;0;1;0;1;2;-27,54209;-48,62168;SPRF-SC;DEL01-SC;UOP01-DEL01-SC
669898;27/03/2025;quinta-feira;14:47:00;SC;101;395,1;MARACAJA;Velocidade Incompatível;Capotamento;Com Vítimas Feridas;Pleno dia;Crescente;Céu Claro;Dupla;Reta;Não;2;0;2;0;0;0;2;1;-28,82745564;-49,40852165;SPRF-SC;DEL02-SC;UOP02-DEL02-SC
669901;27/03/2025;quinta-feira;15:50:00;MS;262;513,9;AQUIDAUANA;Ultrapassagem Indevida;Saída de leito carroçável;Com Vítimas Feridas;Pleno dia;Decrescente;Céu Claro;Simples;Reta;Não;3;0;0;1;0;2;1;2;-20,439082;-56,024778;SPRF-MS;DEL03-MS;UOP01-DEL03-MS
669902;27/03/2025;quinta-feira;16:20:00;SP;459;21;LORENA;Retorno proibido;Colisão frontal;Com Vítimas Feridas;Pleno dia;Crescente;Céu Claro;Simples;Curva;Não;2;0;0;1;1;0;1;2;-22,654876;-45,143623;SPRF-SP;DEL08-SP;UOP02-DEL08-SP
669903;27/03/2025;quinta-feira;16:30:00;SC;101;118;ITAJAI;Manobra de mudança de faixa;Colisão lateral mesmo sentido;Com Vítimas Feridas;Pleno dia;Crescente;Céu Claro;Múltipla;Reta;Sim;2;0;1;0;0;1;1;2;-26,89335506;-48,7200706;SPRF-SC;DEL04-SC;UOP04-DEL04-SC
669904;27/03/2025;quinta-feira;17:30:00;RN;101;97;NATAL;Trafegar com motocicleta (ou similar) entre as faixas;Queda de ocupante de veículo;Com Vítimas Feridas;Plena Noite;Crescente;Céu Claro;Múltipla;Reta;Sim;1;0;1;0;0;0;1;1;-5,85498737;-35,21175027;SPRF-RN;DEL01-RN;UOP01-DEL01-RN
669906;27/03/2025;quinta-feira;18:00:00;GO;414;402;CORUMBA DE GOIAS;Objeto estático sobre o leito carroçável;Capotamento;Com Vítimas Feridas;Anoitecer;Crescente;Céu Claro;Simples;Reta;Não;3;0;1;0;1;1;1;1;-15,9870803;-48,8307494;SPRF-GO;DEL02-GO;UOP01-DEL02-GO
669907;27/03/2025;quinta-feira;17:15:00;BA;101;719,3;EUNAPOLIS;Velocidade Incompatível;Colisão traseira;Com Vítimas Feridas;Pleno dia;Decrescente;Céu Claro;Simples;"Declive;Reta";Sim;2;0;1;0;1;0;1;2;-16,38162069;-39,58379388;SPRF-BA;DEL09-BA;UOP01-DEL09-BA
669910;27/03/2025;quinta-feira;18:00:00;SP;116;216;GUARULHOS;Ausência de reação do condutor;Colisão traseira;Com Vítimas Feridas;Plena Noite;Crescente;Nublado;Múltipla;Reta;Sim;2;0;1;0;1;0;1;2;-23,45505776;-46,47491455;SPRF-SP;DEL01-SP;UOP01-DEL01-SP
669911;27/03/2025;quinta-feira;17:00:00;RS;153;50,8;ERECHIM;Acessar a via sem observar a presença dos outros veículos;Colisão transversal;Com Vítimas Feridas;Anoitecer;Crescente;Chuva;Simples;"Rotatória;Reta;Aclive;Interseção de Vias;Retorno Regulamentado";Sim;2;0;1;0;1;0;1;2;-27,65632857;-52,27647364;SPRF-RS;DEL08-RS;UOP04-DEL08-RS
669915;27/03/2025;quinta-feira;18:30:00;SC;101;217,8;PALHOCA;Pedestre - Ingestão de álcool/ substâncias psicoativas;Colisão transversal;Com Vítimas Feridas;Plena Noite;Crescente;Céu Claro;Dupla;Reta;Sim;2;0;0;1;1;0;1;2;-27,67504697;-48,67107735;SPRF-SC;DEL01-SC;UOP02-DEL01-SC
669918;27/03/2025;quinta-feira;17:40:00;CE;116;15;FORTALEZA;Ausência de reação do condutor;Colisão traseira;Com Vítimas Feridas;Anoitecer;Decrescente;Céu Claro;Dupla;Reta;Sim;2;0;0;1;0;1;1;2;-3,88585644;-38,5014296;SPRF-CE;DEL01-CE;UOP02-DEL01-CE
669919;27/03/2025;quinta-feira;18:35:00;PB;230;23;JOAO PESSOA;Entrada inopinada do pedestre;Atropelamento de Pedestre;Com Vítimas Feridas;Plena Noite;Crescente;Céu Claro;Dupla;Reta;Sim;2;0;1;1;0;0;2;2;-7,163322;-34,861678;SPRF-PB;DEL01-PB;UOP01-DEL01-PB
669920;27/03/2025;quinta-feira;18:25:00;PR;373;173;PONTA GROSSA;Manobra de mudança de faixa;Colisão traseira;Com Vítimas Feridas;Plena Noite;Crescente;Ignorado;Múltipla;Curva;Sim;2;0;1;0;1;0;1;2;-25,08127677;-50,20559693;SPRF-PR;DEL03-PR;UOP01-DEL03-PR
669921;27/03/2025;quinta-feira;18:45:00;PA;230;2;ALTAMIRA;Reação tardia ou ineficiente do condutor;Colisão lateral mesmo sentido;Com Vítimas Feridas;Anoitecer;Decrescente;Céu Claro;Simples;Rotatória;Sim;2;0;1;0;1;0;1;2;-3,1815912;-52,1857329;SPRF-PA;DEL04-PA;UOP01-DEL04-PA
669922;27/03/2025;quinta-feira;17:45:00;MT;364;209;RONDONOPOLIS;Condutor deixou de manter distância do veículo da frente;Colisão traseira;Sem Vítimas;Anoitecer;Crescente;Céu Claro;Dupla;Interseção de Vias;Não;2;0;0;0;2;0;0;2;-16,42752336;-54,69577789;SPRF-MT;DEL02-MT;UOP01-DEL02-MT
669923;27/03/2025;quinta-feira;19:00:00;PI;343;343,6;TERESINA;Condutor deixou de manter distância do veículo da frente;Colisão traseira;Com Vítimas Feridas;Plena Noite;Crescente;Céu Claro;Simples;"Reta;Aclive";Sim;2;0;1;0;1;0;1;2;-5,05664;-42,684138;SPRF-PI;DEL01-PI;UOP01-DEL01-PI
669925;27/03/2025;quinta-feira;19:30:00;RJ;101;484;ANGRA DOS REIS;Acessar a via sem observar a presença dos outros veículos;Colisão frontal;Com Vítimas Feridas;Plena Noite;Decrescente;Céu Claro;Simples;Curva;Não;2;0;1;0;1;0;1;2;-22,989563;-44,2417945;SPRF-RJ;DEL03-RJ;UOP03-DEL03-RJ
669926;27/03/2025;quinta-feira;19:00:00;SC;101;362;SANGAO;Transitar na contramão;Colisão traseira;Com Vítimas Feridas;Plena Noite;Decrescente;Céu Claro;Simples;"Reta;Declive";Não;4;0;1;0;3;0;1;2;-28,677177;-49,133264;SPRF-SC;DEL02-SC;UOP01-DEL02-SC
669927;27/03/2025;quinta-feira;18:50:00;RJ;101;487;ANGRA DOS REIS;Ausência de reação do condutor;Colisão traseira;Sem Vítimas;Anoitecer;Crescente;Céu Claro;Simples;Reta;Sim;2;0;0;0;2;0;0;2;-22,96621012;-44,29930941;SPRF-RJ;DEL03-RJ;UOP03-DEL03-RJ
669928;27/03/2025;quinta-feira;18:50:00;ES;101;143,9;LINHARES;Reação tardia ou ineficiente do condutor;Colisão transversal;Com Vítimas Feridas;Plena Noite;Decrescente;Céu Claro;Simples;Reta;Sim;3;0;3;0;0;0;3;2;-19,34719172;-40,06360352;SPRF-ES;DEL04-ES;UOP01-DEL04-ES
669929;27/03/2025;quinta-feira;18:40:00;MT;163;1063;GUARANTA DO NORTE;Conversão proibida;Colisão transversal;Com Vítimas Feridas;Plena Noite;Crescente;Céu Claro;Simples;Reta;Não;2;0;1;1;0;0;2;2;-9,96821;-54,905253;SPRF-MT;DEL06-MT;UOP03-DEL06-MT
669930;27/03/2025;quinta-feira;19:40:00;SC;101;119;ITAJAI;Avarias e/ou desgaste excessivo no pneu;Tombamento;Com Vítimas Feridas;Plena Noite;Decrescente;Céu Claro;Múltipla;Reta;Sim;2;0;2;0;0;0;2;1;-26,90144748;-48,71635567;SPRF-SC;DEL04-SC;UOP04-DEL04-SC
669934;27/03/2025;quinta-feira;19:15:00;PR;116;16,8;COLOMBO;Reação tardia ou ineficiente do condutor;Saída de leito carroçável;Com Vítimas Feridas;Plena Noite;Crescente;Nublado;Dupla;"Reta;Aclive";Sim;1;0;1;0;0;0;1;1;-25,3880142;-49,18131525;SPRF-PR;DEL01-PR;UOP02-DEL01-PR
669935;27/03/2025;quinta-feira;19:25:00;SC;101;151;ITAPEMA;Reação tardia ou ineficiente do condutor;Colisão traseira;Com Vítimas Feridas;Plena Noite;Crescente;Céu Claro;Múltipla;Reta;Sim;2;0;0;1;1;0;1;2;-27,12151844;-48,6093328;SPRF-SC;DEL04-SC;UOP03-DEL04-SC
669936;27/03/2025;quinta-feira;18:40:00;SP;153;75;BADY BASSITT;Condutor deixou de manter distância do veículo da frente;Colisão traseira;Com Vítimas Feridas;Anoitecer;Crescente;Céu Claro;Dupla;Reta;Não;2;0;1;0;1;0;1;2;-20,89770638;-49,43976402;SPRF-SP;DEL09-SP;UOP01-DEL09-SP
669937;27/03/2025;quinta-feira;18:27:00;PE;104;131,8;QUIPAPA;Transitar na contramão;Colisão lateral sentido oposto;Com Vítimas Feridas;Plena Noite;Crescente;Céu Claro;Simples;Curva;Não;2;0;1;0;1;0;1;2;-8,79127009;-36,01593018;SPRF-PE;DEL02-PE;NPF/DEL02-PE
669939;27/03/2025;quinta-feira;18:05:00;GO;153;580;PIRACANJUBA;Chuva;Saída de leito carroçável;Com Vítimas Feridas;Anoitecer;Crescente;Chuva;Dupla;Reta;Não;1;0;1;0;0;0;1;1;-17,377393;-49,238018;SPRF-GO;DEL03-GO;UOP01-DEL03-GO
669940;27/03/2025;quinta-feira;19:10:00;PR;376;2;SAO JOSE DOS PINHAIS;Pedestre cruzava a pista fora da faixa;Atropelamento de Pedestre;Com Vítimas Feridas;Plena Noite;Decrescente;Nublado;Dupla;Reta;Sim;2;0;0;1;1;0;1;2;-25,54911421;-49,18866444;SPRF-PR;DEL01-PR;UOP04-DEL01-PR
669942;27/03/2025;quinta-feira;19:30:00;MG;116;414;GOVERNADOR VALADARES;Acessar a via sem observar a presença dos outros veículos;Colisão transversal;Com Vítimas Feridas;Plena Noite;Crescente;Nublado;Simples;Retorno Regulamentado;Sim;3;0;2;0;1;0;2;2;-18,88446522;-41,9480494;SPRF-MG;DEL06-MG;UOP01-DEL06-MG
669944;27/03/2025;quinta-feira;18:00:00;RS;116;475,9;SAO LOURENCO DO SUL;Reação tardia ou ineficiente do condutor;Saída de leito carroçável;Sem Vítimas;Plena Noite;Decrescente;Nublado;Simples;Reta;Não;1;0;0;0;1;0;0;1;-31,379897;-52,118322;SPRF-RS;DEL07-RS;UOP01-DEL07-RS
669945;27/03/2025;quinta-feira;20:30:00;RS;290;91;PORTO ALEGRE;Chuva;Tombamento;Com Vítimas Feridas;Plena Noite;Decrescente;Chuva;Múltipla;Curva;Não;1;0;1;0;0;0;1;1;-29,9732323;-51,17653418;SPRF-RS;DEL01-RS;UOP01-DEL01-RS
669947;27/03/2025;quinta-feira;20:10:00;RJ;116;99;GUAPIMIRIM;Reação tardia ou ineficiente do condutor;Colisão frontal;Com Vítimas Feridas;Plena Noite;Crescente;Céu Claro;Simples;"Declive;Curva";Não;2;0;1;0;1;0;1;2;-22,55890442;-42,99457261;SPRF-RJ;DEL04-RJ;UOP01-DEL04-RJ
669949;27/03/2025;quinta-feira;20:05:00;PB;101;55;SANTA RITA;Velocidade Incompatível;Colisão com objeto;Com Vítimas Feridas;Plena Noite;Crescente;Céu Claro;Dupla;Curva;Não;1;0;0;1;0;0;1;1;-6,9874611;-35,07270455;SPRF-PB;DEL01-PB;UOP03-DEL01-PB
669950;27/03/2025;quinta-feira;19:20:00;SC;470;142;RIO DO SUL;Acessar a via sem observar a presença dos outros veículos;Colisão transversal;Com Vítimas Feridas;Plena Noite;Crescente;Nublado;Simples;"Reta;Aclive";Sim;2;0;0;1;1;0;1;2;-27,210369;-49,652012;SPRF-SC;DEL04-SC;UOP02-DEL04-SC
669951;27/03/2025;quinta-feira;21:00:00;RS;116;242;SAO LEOPOLDO;Avarias e/ou desgaste excessivo no pneu;Tombamento;Com Vítimas Feridas;Plena Noite;Crescente;Nublado;Múltipla;"Reta;Em Obras";Sim;1;0;1;0;0;0;1;1;-29,7272798;-51,1494655;SPRF-RS;DEL01-RS;UOP02-DEL01-RS
669953;27/03/2025;quinta-feira;21:00:00;PE;104;87,6;AGRESTINA;Ultrapassagem Indevida;Colisão lateral mesmo sentido;Com Vítimas Feridas;Plena Noite;Crescente;Céu Claro;Simples;Reta;Sim;2;0;0;1;1;0;1;2;-8,458968;-35,941798;SPRF-PE;DEL02-PE;UOP01-DEL02-PE
669954;27/03/2025;quinta-feira;19:30:00;MT;174;286;PONTES E LACERDA;Iluminação deficiente;Colisão traseira;Com Vítimas Feridas;Plena Noite;Decrescente;Chuva;Simples;"Reta;Aclive";Não;5;0;2;0;3;0;2;2;-15,2609692;-59,3034972;SPRF-MT;DEL04-MT;UOP01-DEL04-MT
669955;27/03/2025;quinta-feira;20:20:00;BA;101;808,3;ITAMARAJU;Pedestre andava na pista;Atropelamento de Pedestre;Com Vítimas Feridas;Plena Noite;Crescente;Céu Claro;Simples;Rotatória;Sim;2;0;1;0;1;0;1;2;-17,026468;-39,540172;SPRF-BA;DEL09-BA;UOP01-DEL09-BA
669959;27/03/2025;quinta-feira;22:10:00;AL;104;86,6;RIO LARGO;Afundamento ou ondulação no pavimento;Queda de ocupante de veículo;Com Vítimas Feridas;Plena Noite;Crescente;Céu Claro;Dupla;Reta;Sim;1;0;1;0;0;0;1;1;-9,46814;-35,82465;SPRF-AL;DEL01-AL;UOP01-DEL01-AL
669960;27/03/2025;quinta-feira;21:50:00;PA;163;982;SANTAREM;Acessar a via sem observar a presença dos outros veículos;Atropelamento de Pedestre;Com Vítimas Feridas;Plena Noite;Crescente;Garoa/Chuvisco;Simples;Reta;Sim;3;0;2;1;0;0;3;2;-2,62447086;-54,73714828;SPRF-PA;DEL05-PA;UOP01-DEL05-PA
669961;27/03/2025;quinta-feira;19:40:00;RO;364;562;ALTO PARAISO;Afundamento ou ondulação no pavimento;Colisão com objeto;Com Vítimas Feridas;Plena Noite;Crescente;Céu Claro;Simples;"Reta;Em Obras";Não;1;0;0;1;0;0;1;1;-9,542662;-63,076393;SPRF-RO;DEL01-RO;UOP04-DEL01-RO
669963;27/03/2025;quinta-feira;16:20:00;BA;101;214;MURITIBA;Acessar a via sem observar a presença dos outros veículos;Colisão transversal;Com Vítimas Feridas;Pleno dia;Decrescente;Céu Claro;Simples;Reta;Não;2;0;0;1;1;0;1;2;-12,63018;-39,092497;SPRF-BA;DEL01-BA;UOP02-DEL01-BA
669966;27/03/2025;quinta-feira;23:00:00;RS;116;269;PORTO ALEGRE;Ausência de reação do condutor;Colisão lateral mesmo sentido;Sem Vítimas;Plena Noite;Crescente;Ignorado;Múltipla;Reta;Não;2;0;0;0;2;0;0;2;-29,9699883;-51,1711885;SPRF-RS;DEL01-RS;UOP01-DEL01-RS
669969;27/03/2025;quinta-feira;23:07:00;DF;80;15;BRASILIA;Reação tardia ou ineficiente do condutor;Saída de leito carroçável;Sem Vítimas;Plena Noite;Crescente;Céu Claro;Simples;"Reta;Aclive";Sim;1;0;0;0;1;0;0;1;-15,70257737;-48,20145652;SPRF-DF;DEL03-DF;UOP02-DEL03-DF
669970;27/03/2025;quinta-feira;22:40:00;SC;101;134,5;BALNEARIO CAMBORIU;Reação tardia ou ineficiente do condutor;Colisão traseira;Com Vítimas Feridas;Plena Noite;Crescente;Céu Claro;Múltipla;Reta;Sim;2;0;1;0;1;0;1;2;-27,0034101;-48,63319373;SPRF-SC;DEL04-SC;UOP03-DEL04-SC
669971;27/03/2025;quinta-feira;20:30:00;SC;101;137;BALNEARIO CAMBORIU;Acessar a via sem observar a presença dos outros veículos;Tombamento;Com Vítimas Feridas;Plena Noite;Decrescente;Céu Claro;Múltipla;"Interseção de Vias;Reta";Não;1;0;1;0;0;0;1;1;-27,01659528;-48,6114102;SPRF-SC;DEL04-SC;UOP03-DEL04-SC
669972;23/03/2025;domingo;06:30:00;MS;163;277;DOURADOS;Ausência de reação do condutor;Saída de leito carroçável;Sem Vítimas;Pleno dia;Decrescente;Céu Claro;Dupla;Reta;Não;1;0;0;0;1;0;0;1;-22,15421;-54,639972;SPRF-MS;DEL04-MS;UOP01-DEL04-MS
669974;27/03/2025;quinta-feira;19:22:00;GO;153;47,5;PORANGATU;Afundamento ou ondulação no pavimento;Tombamento;Com Vítimas Feridas;Plena Noite;Decrescente;Céu Claro;Simples;Reta;Não;1;0;1;0;0;0;1;1;-13,23488;-49,1439;SPRF-GO;DEL07-GO;UOP01-DEL07-GO
669976;27/03/2025;quinta-feira;18:11:00;RO;364;345;JI-PARANA;Manobra de mudança de faixa;Queda de ocupante de veículo;Com Vítimas Feridas;Anoitecer;Crescente;Céu Claro;Dupla;Reta;Sim;2;0;1;0;1;0;1;2;-10,877633;-61,947143;SPRF-RO;DEL02-RO;UOP01-DEL02-RO
669977;28/03/2025;sexta-feira;00:00:00;MG;381;482,9;BETIM;Reação tardia ou ineficiente do condutor;Tombamento;Com Vítimas Feridas;Plena Noite;Crescente;Céu Claro;Múltipla;"Curva;Declive";Sim;2;0;1;0;1;0;1;1;-19,95785975;-44,0795517;SPRF-MG;DEL01-MG;UOP03-DEL01-MG
669981;28/03/2025;sexta-feira;01:00:00;GO;60;163;GOIANIA;Velocidade Incompatível;Colisão com objeto;Com Vítimas Feridas;Plena Noite;Crescente;Céu Claro;Dupla;Reta;Sim;1;0;0;1;0;0;1;1;-16,70794135;-49,34966326;SPRF-GO;DEL01-GO;UOP02-DEL01-GO
669982;28/03/2025;sexta-feira;00:10:00;SC;101;88,2;BARRA VELHA;Velocidade Incompatível;Saída de leito carroçável;Com Vítimas Fatais;Plena Noite;Decrescente;Céu Claro;Múltipla;"Interseção de Vias;Reta;Viaduto";Sim;2;1;1;0;0;0;1;1;-26,6508699;-48,6867639;SPRF-SC;DEL03-SC;UOP02-DEL03-SC
669984;28/03/2025;sexta-feira;01:30:00;RJ;116;190;NOVA IGUACU;Ingestão de álcool pelo condutor;Queda de ocupante de veículo;Com Vítimas Feridas;Plena Noite;Crescente;Céu Claro;Dupla;Reta;Sim;1;0;0;1;0;0;1;1;-22,74098484;-43,50009615;SPRF-RJ;DEL06-RJ;UOP01-DEL06-RJ
669987;28/03/2025;sexta-feira;02:30:00;MG;40;493,7;ESMERALDAS;Ausência de reação do condutor;Saída de leito carroçável;Sem Vítimas;Plena Noite;Decrescente;Céu Claro;Dupla;"Reta;Declive";Não;1;0;0;0;1;0;0;1;-19,630364;-44,2089417;SPRF-MG;DEL02-MG;UOP01-DEL02-MG
669990;28/03/2025;sexta-feira;02:30:00;PI;343;349;TERESINA;Ausência de reação do condutor;Capotamento;Com Vítimas Feridas;Plena Noite;Decrescente;Céu Claro;Dupla;Curva;Sim;3;0;2;0;0;1;2;1;-5,0566455;-42,6841488;SPRF-PI;DEL01-PI;UOP01-DEL01-PI
669996;28/03/2025;sexta-feira;03:21:00;GO;60;391;RIO VERDE;Ausência de reação do condutor;Saída de leito carroçável;Sem Vítimas;Plena Noite;Crescente;Céu Claro;Dupla;"Reta;Aclive";Não;1;0;0;0;1;0;0;1;-17,8058657;-50,9328417;SPRF-GO;DEL04-GO;UOP02-DEL04-GO
669999;27/03/2025;quinta-feira;16:35:00;BA;101;434;MARAU;Avarias e/ou desgaste excessivo no pneu;Colisão traseira;Com Vítimas Feridas;Pleno dia;Decrescente;Céu Claro;Simples;Reta;Não;3;0;1;0;2;0;1;2;-14,25074042;-39,32144165;SPRF-BA;DEL05-BA;UOP01-DEL05-BA
670000;28/03/2025;sexta-feira;04:40:00;SC;101;122;ITAJAI;Ingestão de álcool pelo condutor;Saída de leito carroçável;Sem Vítimas;Plena Noite;Decrescente;Nublado;Múltipla;Reta;Sim;2;0;0;0;2;0;0;1;-26,92833659;-48,70513678;SPRF-SC;DEL04-SC;UOP04-DEL04-SC
670001;28/03/2025;sexta-feira;04:40:00;BA;324;530;FEIRA DE SANTANA;Condutor Dormindo;Saída de leito carroçável;Com Vítimas Feridas;Amanhecer;Crescente;Céu Claro;Dupla;Retorno Regulamentado;Não;1;0;1;0;0;0;1;1;-12,339523;-38,84673;SPRF-BA;DEL01-BA;UOP03-DEL01-BA
670002;28/03/2025;sexta-feira;08:00:00;SP;116;218;GUARULHOS;Ausência de reação do condutor;Capotamento;Com Vítimas Feridas;Pleno dia;Decrescente;Céu Claro;Múltipla;Reta;Sim;2;0;1;0;1;0;1;2;-23,4602195;-46,48549134;SPRF-SP;DEL01-SP;UOP01-DEL01-SP
670003;28/03/2025;sexta-feira;04:00:00;RJ;101;497;ANGRA DOS REIS;Ausência de reação do condutor;Colisão com objeto;Sem Vítimas;Plena Noite;Decrescente;Céu Claro;Simples;Reta;Não;1;0;0;0;1;0;0;1;-22,91371;-44,33612;SPRF-RJ;DEL03-RJ;UOP03-DEL03-RJ
670008;28/03/2025;sexta-feira;07:05:00;SP;101;46;UBATUBA;Condutor deixou de manter distância do veículo da frente;Colisão traseira;Com Vítimas Feridas;Pleno dia;Decrescente;Céu Claro;Simples;Reta;Sim;3;0;1;0;0;2;1;3;-23,4342751;-45,0841521;SPRF-SP;DEL06-SP;UOP01-DEL06-SP
670010;28/03/2025;sexta-feira;06:45:00;PR;376;437;TIBAGI;Chuva;Colisão com objeto;Com Vítimas Feridas;Amanhecer;Decrescente;Garoa/Chuvisco;Dupla;Curva;Não;1;0;1;0;0;0;1;1;-24,7905689;-50,5017143;SPRF-PR;DEL03-PR;UOP02-DEL03-PR
670013;27/03/2025;quinta-feira;21:30:00;PR;376;474;PONTA GROSSA;Demais falhas mecânicas ou elétricas;Incêndio;Sem Vítimas;Plena Noite;Crescente;Céu Claro;Dupla;Reta;Não;1;0;0;0;1;0;0;1;-25,03563091;-50,29908426;SPRF-PR;DEL03-PR;UOP01-DEL03-PR
670014;27/03/2025;quinta-feira;22:36:00;PR;277;654;MATELANDIA;Chuva;Saída de leito carroçável;Com Vítimas Fatais;Plena Noite;Crescente;Chuva;Simples;Reta;Não;1;1;0;0;0;0;0;1;-25,21849962;-53,95088768;SPRF-PR;DEL05-PR;UOP02-DEL05-PR
670016;28/03/2025;sexta-feira;06:50:00;RJ;116;171;RIO DE JANEIRO;Trafegar com motocicleta (ou similar) entre as faixas;Colisão lateral mesmo sentido;Com Vítimas Feridas;Pleno dia;Decrescente;Céu Claro;Dupla;Reta;Não;2;0;1;0;1;0;1;2;-22,8090555;-43,339129;SPRF-RJ;DEL06-RJ;UOP01-DEL06-RJ
670017;28/03/2025;sexta-feira;07:00:00;RN;101;124;SAO JOSE DE MIPIBU;Reação tardia ou ineficiente do condutor;Colisão traseira;Com Vítimas Feridas;Pleno dia;Crescente;Céu Claro;Dupla;Interseção de Vias;Não;2;0;1;0;1;0;1;2;-6,069912;-35,238552;SPRF-RN;DEL01-RN;UOP01-DEL01-RN
670022;28/03/2025;sexta-feira;06:40:00;BA;101;261;SANTO ANTONIO DE JESUS;Transitar na contramão;Colisão frontal;Com Vítimas Feridas;Pleno dia;Crescente;Sol;Simples;Reta;Sim;2;0;0;2;0;0;2;2;-12,96328975;-39,27169991;SPRF-BA;DEL01-BA;UOP02-DEL01-BA
670023;27/03/2025;quinta-feira;19:00:00;RO;364;751;PORTO VELHO;Avarias e/ou desgaste excessivo no pneu;Tombamento;Com Vítimas Feridas;Plena Noite;Crescente;Nublado;Simples;Reta;Não;2;0;2;0;0;0;2;1;-8,91974557;-63,96865323;SPRF-RO;DEL01-RO;UOP02-DEL01-RO
670025;28/03/2025;sexta-feira;07:00:00;PR;116;120;CURITIBA;Condutor deixou de manter distância do veículo da frente;Colisão traseira;Com Vítimas Feridas;Pleno dia;Decrescente;Céu Claro;Dupla;Reta;Sim;3;0;1;0;1;1;1;3;-25,57115847;-49,31079973;SPRF-PR;DEL01-PR;UOP03-DEL01-PR
670026;28/03/2025;sexta-feira;06:30:00;RJ;116;189;NOVA IGUACU;Demais falhas mecânicas ou elétricas;Incêndio;Sem Vítimas;Pleno dia;Decrescente;Céu Claro;Dupla;Reta;Sim;1;0;0;0;1;0;0;1;-22,7390803;-43,4945619;SPRF-RJ;DEL06-RJ;UOP01-DEL06-RJ
670029;28/03/2025;sexta-feira;06:55:00;MG;116;528,1;CARATINGA;Ingestão de álcool pelo condutor;Queda de ocupante de veículo;Com Vítimas Feridas;Pleno dia;Decrescente;Céu Claro;Dupla;"Reta;Declive";Não;2;0;2;0;0;0;2;1;-19,7885952;-42,1429248;SPRF-MG;DEL06-MG;UOP02-DEL06-MG
670030;28/03/2025;sexta-feira;08:00:00;SP;116;209;GUARULHOS;Condutor deixou de manter distância do veículo da frente;Colisão traseira;Com Vítimas Feridas;Pleno dia;Crescente;Céu Claro;Múltipla;Reta;Sim;2;0;1;0;1;0;1;2;-23,42567018;-46,40344441;SPRF-SP;DEL01-SP;UOP01-DEL01-SP
670031;28/03/2025;sexta-feira;07:00:00;RN;101;94;NATAL;Reação tardia ou ineficiente do condutor;Colisão lateral mesmo sentido;Com Vítimas Feridas;Pleno dia;Crescente;Céu Claro;Simples;Curva;Sim;2;0;1;0;1;0;1;2;-5,82695538;-35,21013732;SPRF-RN;DEL01-RN;UOP01-DEL01-RN
670032;28/03/2025;sexta-feira;06:20:00;MS;262;361;CAMPO GRANDE;Ausência de reação do condutor;Saída de leito carroçável;Com Vítimas Feridas;Pleno dia;Decrescente;Nublado;Simples;Reta;Não;1;0;1;0;0;0;1;1;-20,52976112;-54,70586172;SPRF-MS;DEL01-MS;UOP03-DEL01-MS
670033;28/03/2025;sexta-feira;07:45:00;PR;369;136;IBIPORA;Acessar a via sem observar a presença dos outros veículos;Colisão transversal;Com Vítimas Feridas;Pleno dia;Decrescente;Céu Claro;Simples;Curva;Não;2;0;0;1;1;0;1;2;-23,26606279;-51,03769356;SPRF-PR;DEL07-PR;UOP01-DEL07-PR
670034;28/03/2025;sexta-feira;08:00:00;RJ;116;130;MAGE;Objeto estático sobre o leito carroçável;Colisão lateral mesmo sentido;Com Vítimas Feridas;Pleno dia;Decrescente;Céu Claro;Dupla;Reta;Não;2;0;2;0;0;0;2;2;-22,6506;-43,169708;SPRF-RJ;DEL04-RJ;UOP02-DEL04-RJ