id;data_inversa;dia_semana;horario;uf;br;km;municipio;causa_acidente;tipo_acidente;classificacao_acidente;fase_dia;sentido_via;condicao_metereologica;tipo_pista;tracado_via;uso_solo;pessoas;mortos;feridos_leves;feridos_graves;ilesos;ignorados;feridos;veiculos;latitude;longitude;regional;delegacia;uop
670035;28/03/2025;sexta-feira;07:59:00;PE;428;188;PETROLINA;Condutor deixou de manter distância do veículo da frente;Colisão traseira;Com Vítimas Feridas;Pleno dia;Crescente;Céu Claro;Dupla;Reta;Sim;2;0;1;1;0;0;2;1;-9,37216752;-40,48688391;SPRF-PE;DEL06-PE;UOP01-DEL06-PE
670037;28/03/2025;sexta-feira;08:10:00;TO;153;137;ARAGUAINA;Acesso irregular;Colisão traseira;Com Vítimas Feridas;Pleno dia;Decrescente;Nublado;Dupla;"Reta;Retorno Regulamentado";Sim;2;0;0;1;1;0;1;2;-7,13700433;-48,20084095;SPRF-TO;DEL02-TO;UOP01-DEL02-TO
670038;24/03/2025;segunda-feira;16:10:00;MS;463;1;DOURADOS;Acessar a via sem observar a presença dos outros veículos;Colisão lateral mesmo sentido;Sem Vítimas;Pleno dia;Decrescente;Sol;Simples;"Interseção de Vias;Reta";Sim;2;0;0;0;2;0;0;2;-22,25912002;-54,81787916;SPRF-MS;DEL04-MS;UOP01-DEL04-MS
670039;28/03/2025;sexta-feira;06:40:00;ES;262;0,8;CARIACICA;Condutor deixou de manter distância do veículo da frente;Colisão traseira;Com Vítimas Feridas;Pleno dia;Decrescente;Sol;Dupla;"Reta;Ponte;Interseção de Vias";Sim;2;0;1;0;1;0;1;2;-20,3300629;-40,354654;SPRF-ES;DEL01-ES;UOP01-DEL01-ES
670041;28/03/2025;sexta-feira;08:50:00;SC;101;92,8;BARRA VELHA;Reação tardia ou ineficiente do condutor;Colisão traseira;Sem Vítimas;Pleno dia;Crescente;Céu Claro;Dupla;Reta;Não;2;0;0;0;2;0;0;2;-26,61000269;-48,72236199;SPRF-SC;DEL03-SC;UOP02-DEL03-SC
670042;28/03/2025;sexta-feira;07:00:00;RJ;40;102;DUQUE DE CAXIAS;Acessar a via sem observar a presença dos outros veículos;Colisão traseira;Com Vítimas Feridas;Pleno dia;Crescente;Céu Claro;Múltipla;Reta;Não;2;0;1;0;1;0;1;2;-22,60577053;-43,28544617;SPRF-RJ;DEL01-RJ;UOP02-DEL01-RJ
670043;28/03/2025;sexta-feira;08:05:00;RJ;116;136;MAGE;Ausência de reação do condutor;Capotamento;Com Vítimas Feridas;Pleno dia;Decrescente;Céu Claro;Dupla;Reta;Não;1;0;1;0;0;0;1;1;-22,66423459;-43,11404228;SPRF-RJ;DEL04-RJ;UOP02-DEL04-RJ
670046;27/03/2025;quinta-feira;21:30:00;RJ;40;117;DUQUE DE CAXIAS;Demais falhas mecânicas ou elétricas;Incêndio;Sem Vítimas;Plena Noite;Decrescente;Céu Claro;Dupla;Reta;Sim;1;0;0;0;1;0;0;1;-22,75318999;-43,28724861;SPRF-RJ;DEL01-RJ;UOP02-DEL01-RJ
670047;28/03/2025;sexta-feira;08:30:00;PR;116;115;CURITIBA;Reação tardia ou ineficiente do condutor;Colisão traseira;Com Vítimas Feridas;Pleno dia;Decrescente;Céu Claro;Dupla;Reta;Sim;2;0;1;0;1;0;1;2;-25,55826237;-49,30646712;SPRF-PR;DEL01-PR;UOP03-DEL01-PR
670049;28/03/2025;sexta-feira;08:40:00;PR;376;171;MARINGA;Manobra de mudança de faixa;Colisão lateral mesmo sentido;Com Vítimas Feridas;Pleno dia;Crescente;Céu Claro;Múltipla;Reta;Sim;3;0;1;0;2;0;1;3;-23,41562961;-51,98030211;SPRF-PR;DEL09-PR;UOP01-DEL09-PR
670051;28/03/2025;sexta-feira;08:40:00;ES;101;300;VIANA;Acumulo de areia ou detritos sobre o pavimento;Tombamento;Com Vítimas Feridas;Pleno dia;Decrescente;Céu Claro;Múltipla;Viaduto;Sim;2;0;1;0;1;0;1;1;-20,36888318;-40,44385845;SPRF-ES;DEL01-ES;UOP01-DEL01-ES
670052;28/03/2025;sexta-feira;09:00:00;PI;343;33,4;PARNAIBA;Acessar a via sem observar a presença dos outros veículos;Colisão transversal;Com Vítimas Feridas;Pleno dia;Crescente;Sol;Simples;Interseção de Vias;Não;2;0;1;0;1;0;1;2;-3,10033302;-41,78016543;SPRF-PI;DEL05-PI;UOP01-DEL05-PI
670054;28/03/2025;sexta-feira;05:03:00;PR;369;151;LONDRINA;Mal súbito do condutor;Colisão com objeto;Sem Vítimas;Plena Noite;Decrescente;Céu Claro;Dupla;Reta;Sim;1;0;0;0;0;1;0;1;-23,29273146;-51,18039781;SPRF-PR;DEL07-PR;UOP01-DEL07-PR
670055;28/03/2025;sexta-feira;08:48:00;ES;259;12,5;JOAO NEIVA;Ultrapassagem Indevida;Colisão frontal;Com Vítimas Feridas;Pleno dia;Decrescente;Sol;Simples;"Declive;Reta";Não;5;0;1;4;0;0;5;2;-19,64721;-40,41098833;SPRF-ES;DEL02-ES;UOP01-DEL02-ES
670056;28/03/2025;sexta-feira;09:30:00;SC;101;331,8;TUBARAO;Acessar a via sem observar a presença dos outros veículos;Colisão transversal;Com Vítimas Feridas;Pleno dia;Crescente;Céu Claro;Múltipla;"Interseção de Vias;Rotatória";Sim;2;0;0;1;1;0;1;2;-28,4659246;-48,99537027;SPRF-SC;DEL02-SC;UOP01-DEL02-SC
670057;28/03/2025;sexta-feira;09:30:00;RN;304;36;NATAL;Avarias e/ou desgaste excessivo no pneu;Tombamento;Com Vítimas Feridas;Pleno dia;Crescente;Céu Claro;Dupla;Reta;Não;2;0;2;0;0;0;2;1;-5,8097664;-35,2354304;SPRF-RN;DEL04-RN;UOP02-DEL04-RN
670060;28/03/2025;sexta-feira;08:15:00;SP;116;108,5;TAUBATE;Trafegar com motocicleta (ou similar) entre as faixas;Colisão traseira;Com Vítimas Feridas;Pleno dia;Crescente;Sol;Dupla;Reta;Sim;3;0;2;0;0;1;2;2;-23,02665256;-45,54247074;SPRF-SP;DEL02-SP;UOP02-DEL02-SP
670062;28/03/2025;sexta-feira;07:30:00;SC;153;99,5;CONCORDIA;Condutor deixou de manter distância do veículo da frente;Colisão traseira;Com Vítimas Feridas;Pleno dia;Crescente;Sol;Simples;Reta;Sim;2;0;1;0;1;0;1;2;-27,24452009;-51,95195666;SPRF-SC;DEL07-SC;UOP04-DEL07-SC
670063;28/03/2025;sexta-feira;10:41:00;RN;226;110;SANTA CRUZ;Conversão proibida;Colisão transversal;Com Vítimas Feridas;Pleno dia;Crescente;Céu Claro;Simples;Reta;Sim;3;0;2;0;1;0;2;2;-6,23373594;-36,01387024;SPRF-RN;DEL03-RN;UOP02-DEL03-RN
670064;28/03/2025;sexta-feira;09:20:00;SP;101;50,3;UBATUBA;Acessar a via sem observar a presença dos outros veículos;Colisão lateral mesmo sentido;Com Vítimas Feridas;Pleno dia;Crescente;Céu Claro;Simples;Reta;Sim;3;0;1;0;1;1;1;2;-23,45179238;-45,07593416;SPRF-SP;DEL06-SP;UOP01-DEL06-SP
670065;28/03/2025;sexta-feira;08:30:00;SC;470;68;INDAIAL;Condutor usando celular;Colisão lateral sentido oposto;Com Vítimas Feridas;Pleno dia;Decrescente;Céu Claro;Múltipla;Viaduto;Sim;2;0;1;0;1;0;1;2;-26,884028;-49,247336;SPRF-SC;DEL04-SC;UOP01-DEL04-SC
670066;28/03/2025;sexta-feira;11:10:00;RS;290;107;ELDORADO DO SUL;Ausência de reação do condutor;Saída de leito carroçável;Com Vítimas Feridas;Pleno dia;Crescente;Céu Claro;Dupla;Em Obras;Sim;1;0;1;0;0;0;1;1;-30,003164;-51,309332;SPRF-RS;DEL02-RS;UOP01-DEL02-RS
670067;20/03/2025;quinta-feira;13:50:00;PR;277;603,2;SANTA TEREZA DO OESTE;Manobra de mudança de faixa;Colisão lateral sentido oposto;Com Vítimas Feridas;Pleno dia;Crescente;Céu Claro;Simples;"Reta;Aclive";Não;3;0;1;0;2;0;1;2;-25,0284;-53,5627;SPRF-PR;DEL05-PR;UOP02-DEL05-PR
670068;28/03/2025;sexta-feira;10:50:00;RJ;116;196;RIO DE JANEIRO;Ultrapassagem Indevida;Colisão traseira;Com Vítimas Feridas;Pleno dia;Decrescente;Céu Claro;Simples;Reta;Não;2;0;1;0;1;0;1;2;-22,8044539;-43,345174;SPRF-RJ;DEL06-RJ;UOP01-DEL06-RJ
670069;28/03/2025;sexta-feira;07:30:00;SC;101;43,8;JOINVILLE;Ausência de reação do condutor;Colisão traseira;Com Vítimas Feridas;Pleno dia;Crescente;Nublado;Simples;"Reta;Interseção de Vias;Viaduto";Sim;4;0;1;0;3;0;1;3;-26,33320552;-48,8610273;SPRF-SC;DEL03-SC;UOP01-DEL03-SC
670070;28/03/2025;sexta-feira;08:55:00;SC;280;34;AGUAS MORNAS;Condutor Dormindo;Queda de ocupante de veículo;Com Vítimas Feridas;Pleno dia;Crescente;Céu Claro;Simples;Reta;Sim;1;0;1;0;0;0;1;1;-27,70563629;-48,83814722;SPRF-SC;DEL03-SC;UOP03-DEL03-SC
670071;28/03/2025;sexta-feira;11:07:00;SP;381;58;MAIRIPORA;Reação tardia ou ineficiente do condutor;Colisão traseira;Sem Vítimas;Pleno dia;Crescente;Sol;Dupla;Reta;Sim;2;0;0;0;2;0;0;2;-23,280346;-46,586563;SPRF-SP;DEL03-SP;UOP01-DEL03-SP
670072;28/03/2025;sexta-feira;11:15:00;MG;153;226,6;FRONTEIRA;Reação tardia ou ineficiente do condutor;Tombamento;Com Vítimas Feridas;Pleno dia;Crescente;Céu Claro;Simples;Reta;Não;3;0;2;0;0;1;2;1;-20,156251;-49,112006;SPRF-MG;DEL13-MG;UOP02-DEL13-MG
670073;28/03/2025;sexta-feira;11:45:00;SC;101;207;SAO JOSE;Condutor deixou de manter distância do veículo da frente;Colisão traseira;Com Vítimas Feridas;Pleno dia;Crescente;Céu Claro;Múltipla;Reta;Sim;8;0;2;0;5;1;2;4;-27,602335;-48,62981;SPRF-SC;DEL01-SC;UOP01-DEL01-SC
670074;28/03/2025;sexta-feira;10:30:00;RO;364;12;VILHENA;Acessar a via sem observar a presença dos outros veículos;Colisão frontal;Com Vítimas Feridas;Pleno dia;Decrescente;Céu Claro;Múltipla;Reta;Sim;2;0;0;1;1;0;1;2;-12,74494515;-60,11999506;SPRF-RO;DEL04-RO;UOP01-DEL04-RO
670075;28/03/2025;sexta-feira;11:35:00;MA;10;245,8;IMPERATRIZ;Retorno proibido;Colisão transversal;Com Vítimas Feridas;Pleno dia;Decrescente;Céu Claro;Múltipla;"Reta;Declive";Sim;2;0;0;1;1;0;1;2;-5,57586541;-47,44253445;SPRF-MA;DEL04-MA;UOP01-DEL04-MA
670077;28/03/2025;sexta-feira;11:10:00;PE;232;190;SANHARO;Velocidade Incompatível;Saída de leito carroçável;Com Vítimas Feridas;Pleno dia;Crescente;Céu Claro;Simples;Reta;Não;2;0;1;1;0;0;2;1;-8,356563;-36,52031;SPRF-PE;DEL03-PE;UOP02-DEL03-PE
670079;28/03/2025;sexta-feira;09:20:00;MG;116;178,9;PADRE PARAISO;Reação tardia ou ineficiente do condutor;Colisão lateral mesmo sentido;Com Vítimas Feridas;Pleno dia;Crescente;Nublado;Dupla;Reta;Sim;2;0;1;0;1;0;1;2;-17,075404;-41,486527;SPRF-MG;DEL11-MG;UOP02-DEL11-MG
670080;28/03/2025;sexta-feira;12:25:00;RJ;493;0;SAO GONCALO;Conversão proibida;Colisão transversal;Sem Vítimas;Pleno dia;Crescente;Sol;Simples;Reta;Sim;2;0;0;0;2;0;0;2;-22,7863533;-42,9818147;SPRF-RJ;DEL02-RJ;UOP02-DEL02-RJ
670082;28/03/2025;sexta-feira;12:40:00;PE;232;4;RECIFE;Condutor deixou de manter distância do veículo da frente;Colisão traseira;Com Vítimas Feridas;Pleno dia;Decrescente;Sol;Dupla;"Reta;Viaduto;Declive";Sim;2;0;1;0;1;0;1;2;-8,06653;-34,941373;SPRF-PE;DEL01-PE;UOP01-DEL01-PE
670083;28/03/2025;sexta-feira;12:00:00;PI;343;338,6;TERESINA;Ingestão de álcool pelo condutor;Colisão lateral mesmo sentido;Com Vítimas Fatais;Pleno dia;Crescente;Céu Claro;Dupla;Reta;Sim;3;1;1;0;1;0;1;2;-5,065145;-42,728245;SPRF-PI;DEL01-PI;UOP01-DEL01-PI
670084;28/03/2025;sexta-feira;11:40:00;PR;369;182;ARAPONGAS;Acesso irregular;Colisão transversal;Com Vítimas Feridas;Pleno dia;Decrescente;Céu Claro;Simples;Reta;Sim;2;0;1;0;1;0;1;2;-23,38694822;-51,42036525;SPRF-PR;DEL07-PR;UOP03-DEL07-PR
670086;28/03/2025;sexta-feira;13:20:00;BA;101;262;SANTO ANTONIO DE JESUS;Ultrapassagem Indevida;Colisão transversal;Com Vítimas Feridas;Pleno dia;Decrescente;Céu Claro;Simples;"Retorno Regulamentado;Aclive;Em Obras";Não;4;0;1;2;1;0;3;2;-12,9753856;-39,2756048;SPRF-BA;DEL01-BA;UOP02-DEL01-BA
670090;28/03/2025;sexta-feira;12:05:00;PI;343;592,2;FLORIANO;Acessar a via sem observar a presença dos outros veículos;Colisão transversal;Com Vítimas Feridas;Pleno dia;Decrescente;Chuva;Dupla;"Retorno Regulamentado;Reta;Interseção de Vias";Sim;2;0;1;0;1;0;1;2;-6,778081;-43,031199;SPRF-PI;DEL03-PI;UOP01-DEL03-PI
670091;14/02/2025;sexta-feira;14:25:00;MG;267;157,6;LIMA DUARTE;Avarias e/ou desgaste excessivo no pneu;Colisão lateral sentido oposto;Com Vítimas Feridas;Pleno dia;Decrescente;Sol;Simples;"Curva;Declive";Não;4;0;2;0;2;0;2;2;-21,83885727;-43,77999692;SPRF-MG;DEL05-MG;UOP01-DEL05-MG
670092;28/03/2025;sexta-feira;13:10:00;AP;210;3;MACAPA;Desrespeitar a preferência no cruzamento;Colisão frontal;Com Vítimas Feridas;Pleno dia;Decrescente;Céu Claro;Simples;Reta;Sim;2;0;1;0;1;0;1;2;0,087621;-51,092157;SPRF-AP;DEL01-AP;UOP01-DEL01-AP
670094;28/03/2025;sexta-feira;12:35:00;RS;287;342,1;SAO VICENTE DO SUL;Transtornos Mentais (exceto suicidio);Queda de ocupante de veículo;Com Vítimas Feridas;Pleno dia;Crescente;Nublado;Simples;Curva;Não;2;0;0;1;1;0;1;1;-29,58372;-54,68393;SPRF-RS;DEL12-RS;UOP02-DEL12-RS
670095;28/03/2025;sexta-feira;11:40:00;ES;101;295,6;CARIACICA;Reação tardia ou ineficiente do condutor;Queda de ocupante de veículo;Com Vítimas Feridas;Pleno dia;Crescente;Céu Claro;Múltipla;Reta;Sim;1;0;1;0;0;0;1;1;-20,33628185;-40,40247029;SPRF-ES;DEL01-ES;UOP01-DEL01-ES
670097;28/03/2025;sexta-feira;07:12:00;SE;235;61;ITABAIANA;Ausência de reação do condutor;Colisão traseira;Com Vítimas Feridas;Pleno dia;Crescente;Céu Claro;Simples;Reta;Não;3;0;2;0;0;1;2;2;-10,62711945;-37,46320724;SPRF-SE;DEL01-SE;UOP02-DEL01-SE
670098;27/03/2025;quinta-feira;21:00:00;MT;70;185;NOVO SAO JOAQUIM;Animais na Pista;Atropelamento de Animal;Com Vítimas Feridas;Plena Noite;Crescente;Nublado;Simples;Reta;Não;1;0;1;0;0;0;1;1;-15;-53;SPRF-MT;DEL05-MT;UOP01-DEL05-MT
670099;28/03/2025;sexta-feira;12:30:00;SE;101;152,6;ESTANCIA;Desrespeitar a preferência no cruzamento;Colisão transversal;Sem Vítimas;Pleno dia;Decrescente;Céu Claro;Simples;Reta;Sim;2;0;0;0;2;0;0;2;-11,27403399;-37,44790227;SPRF-SE;DEL02-SE;UOP01-DEL02-SE
670100;28/03/2025;sexta-feira;12:05:00;PR;163;37,8;SANTO ANTONIO DO SUDOESTE;Velocidade Incompatível;Saída de leito carroçável;Com Vítimas Feridas;Pleno dia;Decrescente;Céu Claro;Simples;Reta;Sim;1;0;1;0;0;0;1;1;-26,045552;-53,727095;SPRF-PR;DEL02-PR;UOP02-DEL02-PR
670101;28/03/2025;sexta-feira;13:15:00;RJ;393;285,5;VOLTA REDONDA;Condutor deixou de manter distância do veículo da frente;Colisão traseira;Com Vítimas Feridas;Pleno dia;Decrescente;Céu Claro;Simples;Curva;Não;2;0;1;0;1;0;1;2;-22,505805;-44,073033;SPRF-RJ;DEL05-RJ;UOP04-DEL05-RJ
670102;28/03/2025;sexta-feira;14:20:00;SP;153;63,8;SAO JOSE DO RIO PRETO;Manobra de mudança de faixa;Colisão lateral mesmo sentido;Com Vítimas Feridas;Pleno dia;Crescente;Céu Claro;Dupla;Curva;Sim;2;0;1;0;1;0;1;2;-20,8549661;-49,4047584;SPRF-SP;DEL09-SP;UOP01-DEL09-SP
670103;28/03/2025;sexta-feira;13:10:00;MT;70;581;POCONE;Avarias e/ou desgaste excessivo no pneu;Saída de leito carroçável;Com Vítimas Feridas;Pleno dia;Crescente;Céu Claro;Simples;Reta;Não;3;0;1;0;2;0;1;1;-15,8500619;-56,8050954;SPRF-MT;DEL03-MT;UOP02-DEL03-MT
670104;26/02/2025;quarta-feira;23:16:00;PR;153;9;JACAREZINHO;Ausência de reação do condutor;Tombamento;Com Vítimas Feridas;Plena Noite;Crescente;Céu Claro;Simples;"Reta;Interseção de Vias";Não;1;0;1;0;0;0;1;1;-23,09224354;-49,93805224;SPRF-PR;DEL07-PR;UOP04-DEL07-PR
670106;28/03/2025;sexta-feira;13:30:00;ES;101;292,8;CARIACICA;Acesso irregular;Colisão lateral mesmo sentido;Com Vítimas Feridas;Pleno dia;Crescente;Sol;Múltipla;Reta;Sim;3;0;2;0;1;0;2;2;-20,311744;-40,395167;SPRF-ES;DEL01-ES;UOP01-DEL01-ES
670107;28/03/2025;sexta-feira;12:14:00;MT;364;200,3;RONDONOPOLIS;Ausência de reação do condutor;Queda de ocupante de veículo;Com Vítimas Feridas;Pleno dia;Decrescente;Sol;Dupla;Curva;Sim;1;0;1;0;0;0;1;1;-16,49171649;-54,6454848;SPRF-MT;DEL02-MT;UOP01-DEL02-MT
670108;28/03/2025;sexta-feira;15:15:00;PR;369;60,4;BANDEIRANTES;Acostamento em desnível;Queda de ocupante de veículo;Com Vítimas Feridas;Pleno dia;Crescente;Céu Claro;Simples;Reta;Não;1;0;1;0;0;0;1;1;-23,1345046;-50,40143788;SPRF-PR;DEL07-PR;UOP05-DEL07-PR
670109;28/03/2025;sexta-feira;15:40:00;MG;40;632,1;CONSELHEIRO LAFAIETE;Desrespeitar a preferência no cruzamento;Colisão transversal;Com Vítimas Feridas;Pleno dia;Decrescente;Sol;Dupla;"Aclive;Reta;Rotatória";Não;3;0;2;1;0;0;3;2;-20,67788;-43,79428;SPRF-MG;DEL05-MG;UOP02-DEL05-MG
670110;28/03/2025;sexta-feira;15:50:00;RJ;101;68;CAMPOS DOS GOYTACAZES;Retorno proibido;Colisão transversal;Com Vítimas Feridas;Pleno dia;Decrescente;Céu Claro;Simples;Reta;Sim;2;0;1;0;1;0;1;2;-21,77194;-41,35689;SPRF-RJ;DEL08-RJ;UOP02-DEL08-RJ
670111;28/03/2025;sexta-feira;15:00:00;SC;470;147;LAURENTINO;Trafegar com motocicleta (ou similar) entre as faixas;Colisão transversal;Com Vítimas Feridas;Pleno dia;Crescente;Nublado;Simples;Interseção de Vias;Sim;3;0;1;0;2;0;1;2;-27,24274926;-49,68892515;SPRF-SC;DEL04-SC;UOP02-DEL04-SC
670114;28/03/2025;sexta-feira;15:25:00;MG;116;528,7;CARATINGA;Acessar a via sem observar a presença dos outros veículos;Colisão transversal;Com Vítimas Feridas;Pleno dia;Decrescente;Céu Claro;Simples;"Curva;Rotatória";Sim;2;0;1;0;1;0;1;2;-19,80687513;-42,13781549;SPRF-MG;DEL06-MG;UOP02-DEL06-MG
670115;28/03/2025;sexta-feira;16:00:00;SP;381;37;BRAGANCA PAULISTA;Ausência de reação do condutor;Colisão traseira;Sem Vítimas;Pleno dia;Decrescente;Céu Claro;Dupla;Reta;Não;2;0;0;0;2;0;0;2;-23,0277681;-46,5305541;SPRF-SP;DEL03-SP;UOP01-DEL03-SP
670116;28/03/2025;sexta-feira;16:30:00;PB;230;12;CABEDELO;Ausência de reação do condutor;Colisão traseira;Com Vítimas Feridas;Pleno dia;Decrescente;Céu Claro;Simples;"Reta;Em Obras";Sim;2;0;1;0;0;1;1;2;-7,07353134;-34,84941121;SPRF-PB;DEL01-PB;UOP01-DEL01-PB
670118;28/03/2025;sexta-feira;14:00:00;MG;50;17;ARAGUARI;Curva acentuada;Tombamento;Com Vítimas Feridas;Pleno dia;Crescente;Céu Claro;Dupla;Curva;Não;1;0;1;0;0;0;1;1;-18,565289;-48,056964;SPRF-MG;DEL15-MG;UOP02-DEL15-MG
670119;28/03/2025;sexta-feira;16:30:00;SE;101;102,7;SAO CRISTOVAO;Manobra de mudança de faixa;Colisão com objeto;Com Vítimas Feridas;Pleno dia;Crescente;Céu Claro;Dupla;"Curva;Aclive";Não;7;0;4;2;1;0;6;1;-10,95103021;-37,21592903;SPRF-SE;DEL02-SE;UOP01-DEL02-SE
670122;28/03/2025;sexta-feira;14:50:00;PR;277;230;TEIXEIRA SOARES;Frear bruscamente;Colisão traseira;Sem Vítimas;Pleno dia;Crescente;Céu Claro;Simples;Reta;Não;4;0;0;0;4;0;0;4;-25,468889;-50,474142;SPRF-PR;DEL08-PR;UOP02-DEL08-PR
670123;28/03/2025;sexta-feira;10:45:00;GO;153;645;MORRINHOS;Reação tardia ou ineficiente do condutor;Saída de leito carroçável;Com Vítimas Feridas;Pleno dia;Crescente;Sol;Dupla;Reta;Não;2;0;1;1;0;0;2;1;-17,6261383;-49,178014;SPRF-GO;DEL03-GO;UOP01-DEL03-GO
670126;28/03/2025;sexta-feira;17:20:00;MG;40;551;NOVA LIMA;Velocidade Incompatível;Colisão lateral mesmo sentido;Com Vítimas Feridas;Pleno dia;Decrescente;Céu Claro;Dupla;Reta;Sim;2;0;1;0;1;0;1;2;-20,09009009;-43,97288568;SPRF-MG;DEL01-MG;UOP02-DEL01-MG
670127;28/03/2025;sexta-feira;17:40:00;ES;101;283;CARIACICA;Reação tardia ou ineficiente do condutor;Tombamento;Com Vítimas Feridas;Anoitecer;Crescente;Céu Claro;Múltipla;Reta;Sim;2;0;1;1;0;0;2;1;-20,242584;-40,369826;SPRF-ES;DEL01-ES;UOP01-DEL01-ES
670128;28/03/2025;sexta-feira;17:15:00;SC;470;60,6;BLUMENAU;Demais falhas mecânicas ou elétricas;Colisão lateral sentido oposto;Com Vítimas Feridas;Pleno dia;Crescente;Céu Claro;Simples;Reta;Não;2;0;0;1;1;0;1;2;-26,87973;-49,17094;SPRF-SC;DEL04-SC;UOP01-DEL04-SC
670130;28/03/2025;sexta-feira;17:00:00;SP;116;144;SAO JOSE DOS CAMPOS;Manobra de mudança de faixa;Colisão lateral mesmo sentido;Com Vítimas Feridas;Pleno dia;Decrescente;Nublado;Múltipla;Reta;Sim;2;0;1;0;1;0;1;2;-23,18150649;-45,84365917;SPRF-SP;DEL02-SP;UOP01-DEL02-SP
670131;28/03/2025;sexta-feira;15:00:00;MG;262;631,4;IBIA;Acessar a via sem observar a presença dos outros veículos;Colisão transversal;Com Vítimas Feridas;Pleno dia;Decrescente;Sol;Simples;Reta;Não;3;0;1;0;2;0;1;2;-19,5786473;-46,72559196;SPRF-MG;DEL08-MG;UOP01-DEL08-MG
670132;28/03/2025;sexta-feira;17:35:00;MG;381;510;IGARAPE;Ultrapassagem Indevida;Colisão lateral mesmo sentido;Com Vítimas Feridas;Anoitecer;Crescente;Céu Claro;Simples;Reta;Não;2;0;0;1;0;1;1;2;-20,05762896;-44,28823644;SPRF-MG;DEL01-MG;UOP03-DEL01-MG
670133;28/03/2025;sexta-feira;15:45:00;MS;163;513;JARAGUARI;Reação tardia ou ineficiente do condutor;Saída de leito carroçável;Sem Vítimas;Pleno dia;Crescente;Céu Claro;Dupla;Reta;Não;1;0;0;0;1;0;0;1;-20,2108575;-54,4702105;SPRF-MS;DEL01-MS;UOP02-DEL01-MS
670134;28/03/2025;sexta-feira;17:30:00;RJ;101;269;RIO BONITO;Manobra de mudança de faixa;Colisão traseira;Com Vítimas Feridas;Anoitecer;Crescente;Céu Claro;Dupla;Retorno Regulamentado;Sim;2;0;1;0;1;0;1;2;-22,72077369;-42,69012451;SPRF-RJ;DEL02-RJ;UOP03-DEL02-RJ
670135;28/03/2025;sexta-feira;16:30:00;RJ;465;21;NOVA IGUACU;Trafegar com motocicleta (ou similar) entre as faixas;Colisão transversal;Com Vítimas Feridas;Pleno dia;Decrescente;Ignorado;Simples;Reta;Sim;3;0;2;0;1;0;2;2;-22,8538971;-43,60195572;SPRF-RJ;DEL06-RJ;UOP02-DEL06-RJ
670136;28/03/2025;sexta-feira;17:10:00;RJ;116;180;NOVA IGUACU;Ausência de reação do condutor;Colisão lateral mesmo sentido;Com Vítimas Feridas;Pleno dia;Crescente;Céu Claro;Dupla;Reta;Não;2;0;0;1;1;0;1;2;-22,76537503;-43,41529325;SPRF-RJ;DEL06-RJ;UOP01-DEL06-RJ
670137;28/03/2025;sexta-feira;17:22:00;CE;222;1,4;FORTALEZA;Condutor deixou de manter distância do veículo da frente;Colisão traseira;Sem Vítimas;Anoitecer;Crescente;Céu Claro;Múltipla;Reta;Sim;2;0;0;0;2;0;0;2;-3,738337;-38,58239;SPRF-CE;DEL01-CE;UOP01-DEL01-CE
670140;28/03/2025;sexta-feira;17:00:00;PR;277;82;CURITIBA;Velocidade Incompatível;Colisão traseira;Com Vítimas Feridas;Pleno dia;Decrescente;Nublado;Dupla;Reta;Sim;4;0;1;0;3;0;1;2;-25,45815486;-49,22218323;SPRF-PR;DEL01-PR;UOP03-DEL01-PR
670141;28/03/2025;sexta-feira;17:40:00;SP;116;286,9;ITAPECERICA DA SERRA;Transitar no Acostamento;Atropelamento de Pedestre;Com Vítimas Feridas;Anoitecer;Crescente;Garoa/Chuvisco;Dupla;Reta;Sim;2;0;1;0;1;0;1;2;-23,7002467;-46,8689224;SPRF-SP;DEL04-SP;UOP01-DEL04-SP
670142;28/03/2025;sexta-feira;18:00:00;SC;282;2,9;FLORIANOPOLIS;Condutor deixou de manter distância do veículo da frente;Colisão traseira;Com Vítimas Feridas;Plena Noite;Crescente;Céu Claro;Múltipla;Reta;Sim;2;0;1;0;1;0;1;2;-27,60114;-48,598677;SPRF-SC;DEL01-SC;UOP01-DEL01-SC
670143;28/03/2025;sexta-feira;17:35:00;RN;304;66,1;MOSSORO;Ausência de reação do condutor;Saída de leito carroçável;Com Vítimas Feridas;Anoitecer;Crescente;Chuva;Simples;Reta;Não;1;0;0;1;0;0;1;1;-5,3715;-37,24301;SPRF-RN;DEL04-RN;UOP01-DEL04-RN
670144;28/03/2025;sexta-feira;17:10:00;MT;70;521;VARZEA GRANDE;Acesso irregular;Colisão lateral mesmo sentido;Com Vítimas Feridas;Pleno dia;Decrescente;Sol;Simples;Reta;Sim;2;0;2;0;0;0;2;2;-15,67794301;-56,17541218;SPRF-MT;DEL01-MT;UOP02-DEL01-MT
670145;28/03/2025;sexta-feira;16:55:00;BA;116;11,2;VITORIA DA CONQUISTA;Desrespeitar a preferência no cruzamento;Colisão transversal;Com Vítimas Feridas;Pleno dia;Crescente;Céu Claro;Simples;"Reta;Interseção de Vias";Sim;2;0;1;0;1;0;1;2;-14,87304066;-40,87137222;SPRF-BA;DEL08-BA;UOP01-DEL08-BA
670146;28/03/2025;sexta-feira;18:10:00;BA;101;527;BUERAREMA;Ausência de reação do condutor;Atropelamento de Pedestre;Com Vítimas Feridas;Anoitecer;Crescente;Céu Claro;Simples;Reta;Não;2;0;1;0;1;0;1;2;-14,962748;-39,311501;SPRF-BA;DEL05-BA;UOP01-DEL05-BA