id;data_inversa;dia_semana;horario;uf;br;km;municipio;causa_acidente;tipo_acidente;classificacao_acidente;fase_dia;sentido_via;condicao_metereologica;tipo_pista;tracado_via;uso_solo;pessoas;mortos;feridos_leves;feridos_graves;ilesos;ignorados;feridos;veiculos;latitude;longitude;regional;delegacia;uop
670390;29/03/2025;sábado;19:45:00;PE;101;80;JABOATAO DOS GUARARAPES;Acessar a via sem observar a presença dos outros veículos;Colisão lateral mesmo sentido;Com Vítimas Feridas;Plena Noite;Decrescente;Céu Claro;Simples;Interseção de Vias;Sim;3;0;2;0;1;0;2;2;-8,16803566;-34,93776798;SPRF-PE;DEL01-PE;UOP01-DEL01-PE
670391;29/03/2025;sábado;20:20:00;SP;116;293;ITAPECERICA DA SERRA;Ausência de reação do condutor;Saída de leito carroçável;Com Vítimas Feridas;Plena Noite;Decrescente;Céu Claro;Dupla;Reta;Sim;2;0;2;0;0;0;2;1;-23,700243;-46,8689267;SPRF-SP;DEL04-SP;UOP01-DEL04-SP
670395;29/03/2025;sábado;19:00:00;SC;282;342,9;CAMPOS NOVOS;Reação tardia ou ineficiente do condutor;Colisão transversal;Com Vítimas Feridas;Anoitecer;Decrescente;Chuva;Simples;Reta;Sim;3;0;2;0;1;0;2;2;-27,390094;-51,224369;SPRF-SC;DEL07-SC;UOP06-DEL07-SC
670396;29/03/2025;sábado;18:23:00;PE;232;341,3;CUSTODIA;Transitar no Acostamento;Atropelamento de Pedestre;Com Vítimas Feridas;Plena Noite;Decrescente;Nublado;Simples;Reta;Não;2;0;1;1;0;0;2;2;-8,087967;-37,707643;SPRF-PE;DEL04-PE;UOP02-DEL04-PE
670398;29/03/2025;sábado;18:45:00;SC;101;86;BARRA VELHA;Ingestão de álcool pelo condutor;Colisão transversal;Com Vítimas Feridas;Plena Noite;Crescente;Céu Claro;Simples;"Viaduto;Interseção de Vias";Sim;2;0;0;1;0;1;1;2;-26,64501731;-48,68809808;SPRF-SC;DEL03-SC;UOP02-DEL03-SC
670399;29/03/2025;sábado;19:45:00;PR;467;107,8;CASCAVEL;Reação tardia ou ineficiente do condutor;Colisão traseira;Com Vítimas Feridas;Plena Noite;Decrescente;Nublado;Dupla;Reta;Não;3;0;1;1;0;1;2;2;-24,9210257;-53,4740513;SPRF-PR;DEL04-PR;UOP01-DEL04-PR
670400;29/03/2025;sábado;19:00:00;PR;369;179;ROLANDIA;Pista Escorregadia;Colisão traseira;Com Vítimas Feridas;Anoitecer;Decrescente;Chuva;Múltipla;"Curva;Aclive";Sim;2;0;0;1;1;0;1;2;-23,35786293;-51,39556462;SPRF-PR;DEL07-PR;UOP03-DEL07-PR
670401;29/03/2025;sábado;20:30:00;PR;277;30,5;MORRETES;Ingestão de álcool pelo condutor;Colisão lateral mesmo sentido;Sem Vítimas;Plena Noite;Decrescente;Nublado;Múltipla;Reta;Sim;6;0;0;0;6;0;0;3;-25,5529925;-48,80017519;SPRF-PR;DEL01-PR;UOP05-DEL01-PR
670402;29/03/2025;sábado;21:00:00;RJ;116;187;NOVA IGUACU;Ausência de reação do condutor;Colisão traseira;Com Vítimas Feridas;Plena Noite;Decrescente;Céu Claro;Múltipla;Reta;Sim;5;0;3;0;2;0;3;2;-22,741374;-43,522085;SPRF-RJ;DEL06-RJ;UOP01-DEL06-RJ
670403;29/03/2025;sábado;21:20:00;SE;101;93;NOSSA SENHORA DO SOCORRO;Acessar a via sem observar a presença dos outros veículos;Atropelamento de Pedestre;Com Vítimas Feridas;Plena Noite;Crescente;Céu Claro;Dupla;Reta;Sim;2;0;0;1;0;1;1;2;-10,904863;-37,148991;SPRF-SE;DEL01-SE;UOP01-DEL01-SE
670405;29/03/2025;sábado;17:30:00;MT;70;524;VARZEA GRANDE;Desrespeitar a preferência no cruzamento;Colisão transversal;Com Vítimas Feridas;Anoitecer;Crescente;Céu Claro;Múltipla;Rotatória;Não;2;0;0;1;1;0;1;2;-15,64969282;-56,19626999;SPRF-MT;DEL01-MT;UOP02-DEL01-MT
670406;29/03/2025;sábado;19:21:00;SC;280;244;BELA VISTA DO TOLDO;Acessar a via sem observar a presença dos outros veículos;Colisão transversal;Com Vítimas Feridas;Plena Noite;Decrescente;Céu Claro;Simples;Reta;Não;2;0;2;0;0;0;2;2;-26,23537026;-50,4825747;SPRF-SC;DEL06-SC;UOP04-DEL06-SC
670408;29/03/2025;sábado;20:10:00;RJ;465;21;SEROPEDICA;Conversão proibida;Colisão transversal;Com Vítimas Feridas;Plena Noite;Decrescente;Céu Claro;Simples;Reta;Não;2;0;1;0;1;0;1;2;-22,77293681;-43,66885185;SPRF-RJ;DEL06-RJ;UOP02-DEL06-RJ
670410;29/03/2025;sábado;20:40:00;PB;230;41,6;SANTA RITA;Pedestre andava na pista;Atropelamento de Pedestre;Com Vítimas Fatais;Plena Noite;Crescente;Céu Claro;Múltipla;Reta;Não;3;1;1;0;1;0;1;2;-7,142739;-34,995026;SPRF-PB;DEL01-PB;UOP02-DEL01-PB
670411;29/03/2025;sábado;19:30:00;RJ;101;62,1;CAMPOS DOS GOYTACAZES;Ingestão de álcool pelo condutor;Colisão com objeto;Com Vítimas Feridas;Plena Noite;Crescente;Céu Claro;Simples;"Declive;Interseção de Vias";Sim;2;0;2;0;0;0;2;1;-21,735742;-41,325904;SPRF-RJ;DEL08-RJ;UOP01-DEL08-RJ
670412;29/03/2025;sábado;20:40:00;RR;174;474;BOA VISTA;Ingestão de álcool pelo condutor;Colisão traseira;Sem Vítimas;Plena Noite;Crescente;Céu Claro;Simples;Reta;Não;4;0;0;0;4;0;0;2;2,59463275;-60,87730408;SPRF-RR;DEL01-RR;UOP01-DEL01-RR
670413;29/03/2025;sábado;21:40:00;PE;101;51;PAULISTA;Entrada inopinada do pedestre;Atropelamento de Pedestre;Sem Vítimas;Plena Noite;Decrescente;Céu Claro;Múltipla;Reta;Sim;2;0;0;0;1;1;0;2;-7,921008;-34,893782;SPRF-PE;DEL01-PE;UOP02-DEL01-PE
670415;29/03/2025;sábado;21:40:00;RJ;101;274,5;TANGUA;Ausência de reação do condutor;Colisão frontal;Com Vítimas Feridas;Plena Noite;Crescente;Céu Claro;Simples;Reta;Sim;2;0;1;0;1;0;1;2;-22,735548;-42,724458;SPRF-RJ;DEL02-RJ;UOP03-DEL02-RJ
670416;29/03/2025;sábado;22:20:00;SP;116;208;GUARULHOS;Ausência de reação do condutor;Colisão com objeto;Com Vítimas Feridas;Plena Noite;Decrescente;Céu Claro;Dupla;Reta;Não;2;0;1;0;1;0;1;1;-23,42407766;-46,39943409;SPRF-SP;DEL01-SP;UOP01-DEL01-SP
670417;29/03/2025;sábado;21:10:00;SC;282;6,2;SAO FRANCISCO DO SUL;Ingestão de álcool pelo condutor;Colisão transversal;Com Vítimas Feridas;Plena Noite;Decrescente;Ignorado;Simples;Reta;Não;2;0;1;1;0;0;2;2;-26,25564159;-48,64219523;SPRF-SC;DEL01-SC;UOP01-DEL01-SC
670418;29/03/2025;sábado;20:40:00;ES;262;73,6;DOMINGOS MARTINS;Velocidade Incompatível;Colisão lateral sentido oposto;Sem Vítimas;Plena Noite;Crescente;Nublado;Simples;Curva;Não;2;0;0;0;2;0;0;2;-20,41003037;-40,88822722;SPRF-ES;DEL01-ES;UOP02-DEL01-ES
670419;29/03/2025;sábado;19:30:00;SP;101;47;UBATUBA;Ingestão de álcool pelo condutor;Colisão traseira;Com Vítimas Feridas;Plena Noite;Decrescente;Céu Claro;Simples;Reta;Sim;3;0;2;0;1;0;2;2;-23,43298401;-45,08508855;SPRF-SP;DEL06-SP;UOP01-DEL06-SP
670420;29/03/2025;sábado;22:15:00;SP;116;225;GUARULHOS;Mal súbito do condutor;Queda de ocupante de veículo;Com Vítimas Feridas;Pleno dia;Decrescente;Céu Claro;Dupla;Reta;Não;1;0;1;0;0;0;1;1;-23,4240097;-46,3979542;SPRF-SP;DEL01-SP;UOP01-DEL01-SP
670421;29/03/2025;sábado;20:15:00;RS;290;417,8;SAO GABRIEL;Acessar a via sem observar a presença dos outros veículos;Atropelamento de Pedestre;Com Vítimas Feridas;Plena Noite;Decrescente;Céu Claro;Simples;Reta;Sim;2;0;1;0;1;0;1;2;-30,35642949;-54,32426864;SPRF-RS;DEL11-RS;UOP02-DEL11-RS
670424;29/03/2025;sábado;22:50:00;MG;365;751,3;ITUIUTABA;Ingestão de álcool pelo condutor;Colisão com objeto;Sem Vítimas;Pleno dia;Decrescente;Céu Claro;Simples;Reta;Não;1;0;0;0;0;1;0;1;-18,96322471;-49,47577;SPRF-MG;DEL15-MG;UOP03-DEL15-MG
670425;29/03/2025;sábado;21:10:00;AP;156;800;OIAPOQUE;Acessar a via sem observar a presença dos outros veículos;Colisão transversal;Com Vítimas Feridas;Plena Noite;Decrescente;Chuva;Simples;Reta;Sim;3;0;1;1;1;0;2;2;3,83906669;-51,81848645;SPRF-AP;DEL01-AP;UOP03-DEL01-AP
670426;29/03/2025;sábado;22:25:00;RJ;116;185;NOVA IGUACU;Ausência de reação do condutor;Colisão lateral mesmo sentido;Com Vítimas Feridas;Plena Noite;Crescente;Céu Claro;Dupla;Reta;Sim;2;0;1;0;1;0;1;2;-22,75038009;-43,44054222;SPRF-RJ;DEL06-RJ;UOP01-DEL06-RJ
670427;29/03/2025;sábado;21:30:00;MT;163;593,5;NOVA MUTUM;Ingestão de álcool pelo condutor;Saída de leito carroçável;Com Vítimas Feridas;Plena Noite;Decrescente;Nublado;Dupla;Reta;Sim;1;0;0;1;0;0;1;1;-13,857785;-56,085698;SPRF-MT;DEL01-MT;UOP01-DEL01-MT
670428;29/03/2025;sábado;22:00:00;MG;381;804;CAREACU;Ausência de reação do condutor;Queda de ocupante de veículo;Com Vítimas Feridas;Plena Noite;Decrescente;Céu Claro;Dupla;"Declive;Reta";Não;1;0;1;0;0;0;1;1;-21,989647;-45,665247;SPRF-MG;DEL16-MG;UOP02-DEL16-MG
670429;29/03/2025;sábado;22:55:00;PB;230;20,7;JOAO PESSOA;Pista Escorregadia;Tombamento;Com Vítimas Feridas;Plena Noite;Crescente;Garoa/Chuvisco;Dupla;Reta;Sim;2;0;2;0;0;0;2;1;-7,14012462;-34,85226274;SPRF-PB;DEL01-PB;UOP01-DEL01-PB
670431;29/03/2025;sábado;21:40:00;SC;101;71;BARRA VELHA;Reação tardia ou ineficiente do condutor;Queda de ocupante de veículo;Com Vítimas Feridas;Plena Noite;Decrescente;Nublado;Múltipla;Viaduto;Não;2;0;2;0;0;0;2;1;-26,6103894;-48,7224839;SPRF-SC;DEL03-SC;UOP02-DEL03-SC
670432;29/03/2025;sábado;23:10:00;PB;104;139;QUEIMADAS;Transitar no Acostamento;Colisão lateral mesmo sentido;Com Vítimas Fatais;Plena Noite;Crescente;Céu Claro;Simples;Reta;Sim;3;1;0;0;0;2;0;3;-7,368982;-35,89995;SPRF-PB;DEL02-PB;UOP03-DEL02-PB
670433;29/03/2025;sábado;23:25:00;RN;304;108,4;ACU;Acessar a via sem observar a presença dos outros veículos;Colisão lateral mesmo sentido;Com Vítimas Feridas;Plena Noite;Crescente;Céu Claro;Simples;Reta;Sim;5;0;2;0;3;0;2;2;-5,58779329;-36,94972515;SPRF-RN;DEL04-RN;UOP01-DEL04-RN
670436;30/03/2025;domingo;00:00:00;SC;282;3;FLORIANOPOLIS;Ausência de reação do condutor;Colisão com objeto;Sem Vítimas;Plena Noite;Decrescente;Céu Claro;Múltipla;Reta;Não;1;0;0;0;1;0;0;1;-27,59713281;-48,60085487;SPRF-SC;DEL01-SC;UOP01-DEL01-SC
670437;29/03/2025;sábado;22:30:00;GO;50;278,7;CATALAO;Reação tardia ou ineficiente do condutor;Saída de leito carroçável;Sem Vítimas;Plena Noite;Crescente;Céu Claro;Simples;"Em Obras;Reta;Rotatória";Não;2;0;0;0;2;0;0;1;-18,17257612;-47,92627746;SPRF-GO;DEL06-GO;UOP01-DEL06-GO
670438;29/03/2025;sábado;21:10:00;PE;232;88;GRAVATA;Transitar na contramão;Colisão frontal;Com Vítimas Feridas;Plena Noite;Decrescente;Nublado;Dupla;"Em Obras;Desvio Temporário;Aclive";Não;3;0;0;2;0;1;2;2;-8,21476091;-35,63355446;SPRF-PE;DEL02-PE;UOP02-DEL02PE
670439;30/03/2025;domingo;00:10:00;MG;40;467;SETE LAGOAS;Avarias e/ou desgaste excessivo no pneu;Queda de ocupante de veículo;Com Vítimas Feridas;Plena Noite;Decrescente;Céu Claro;Dupla;Reta;Não;2;0;2;0;0;0;2;1;-19,44686021;-44,32069838;SPRF-MG;DEL02-MG;UOP01-DEL02-MG
670440;29/03/2025;sábado;23:45:00;PR;116;67;QUATRO BARRAS;Desrespeitar a preferência no cruzamento;Colisão transversal;Sem Vítimas;Plena Noite;Decrescente;Nublado;Dupla;"Viaduto;Rotatória";Não;2;0;0;0;2;0;0;2;-25,313391;-49,01579745;SPRF-PR;DEL01-PR;UOP02-DEL01-PR
670441;29/03/2025;sábado;22:10:00;MT;163;843;SINOP;Condutor deixou de manter distância do veículo da frente;Colisão traseira;Sem Vítimas;Plena Noite;Decrescente;Céu Claro;Simples;Reta;Sim;5;0;0;0;5;0;0;2;-11,78218078;-55,47464311;SPRF-MT;DEL06-MT;UOP02-DEL06-MT
670442;30/03/2025;domingo;00:18:00;DF;20;12;BRASILIA;Condutor Dormindo;Colisão com objeto;Com Vítimas Feridas;Anoitecer;Crescente;Céu Claro;Dupla;Reta;Sim;3;0;2;0;1;0;2;1;-15,63968642;-47,75099202;SPRF-DF;DEL02-DF;UOP01-DEL02-DF
670443;29/03/2025;sábado;23:40:00;SC;101;8,8;GARUVA;Reação tardia ou ineficiente do condutor;Colisão com objeto;Sem Vítimas;Plena Noite;Decrescente;Céu Claro;Dupla;Reta;Não;1;0;0;0;0;1;0;1;-26,05770816;-48,85929108;SPRF-SC;DEL03-SC;UOP01-DEL03-SC
670446;29/03/2025;sábado;23:50:00;MT;364;206;RONDONOPOLIS;Ausência de reação do condutor;Saída de leito carroçável;Com Vítimas Feridas;Plena Noite;Crescente;Céu Claro;Dupla;"Interseção de Vias;Retorno Regulamentado";Sim;1;0;1;0;0;0;1;1;-16,44879447;-54,66571277;SPRF-MT;DEL02-MT;UOP01-DEL02-MT
670447;29/03/2025;sábado;23:50:00;RJ;101;200;CASIMIRO DE ABREU;Ingestão de álcool pelo condutor;Atropelamento de Animal;Com Vítimas Feridas;Plena Noite;Decrescente;Céu Claro;Dupla;"Reta;Desvio Temporário";Não;2;0;1;0;1;0;1;2;-22,48066864;-42,14850782;SPRF-RJ;DEL08-RJ;UOP04-DEL08-RJ
670448;30/03/2025;domingo;00:10:00;MG;381;156;GOVERNADOR VALADARES;Animais na Pista;Atropelamento de Animal;Com Vítimas Feridas;Plena Noite;Crescente;Céu Claro;Simples;Reta;Não;1;0;0;1;0;0;1;1;-18,85953361;-41,98529899;SPRF-MG;DEL06-MG;UOP01-DEL06-MG
670450;30/03/2025;domingo;01:30:00;BA;324;619,9;SALVADOR;Acumulo de água sobre o pavimento;Tombamento;Com Vítimas Feridas;Plena Noite;Decrescente;Chuva;Múltipla;Reta;Sim;2;0;2;0;0;0;2;1;-12,913694;-38,460011;SPRF-BA;DEL01-BA;UOP01-DEL01-BA
670453;30/03/2025;domingo;01:40:00;MG;116;506,9;UBAPORANGA;Ausência de reação do condutor;Colisão traseira;Com Vítimas Feridas;Plena Noite;Decrescente;Nublado;Simples;Reta;Não;3;0;1;0;2;0;1;2;-19,7640123;-42,1320571;SPRF-MG;DEL06-MG;UOP02-DEL06-MG
670454;30/03/2025;domingo;02:51:00;GO;40;9;LUZIANIA;Reação tardia ou ineficiente do condutor;Colisão com objeto;Com Vítimas Feridas;Plena Noite;Decrescente;Céu Claro;Dupla;Curva;Sim;1;0;1;0;0;0;1;1;-16,126685;-47,960678;SPRF-DF;DEL01-DF;UOP01-DEL01-DF
670456;30/03/2025;domingo;01:30:00;SC;101;315;LAGUNA;Pedestre andava na pista;Atropelamento de Pedestre;Com Vítimas Feridas;Plena Noite;Crescente;Nublado;Simples;Curva;Não;3;0;0;1;2;0;1;2;-28,42921;-48,84942;SPRF-SC;DEL02-SC;UOP01-DEL02-SC
670458;30/03/2025;domingo;02:15:00;SP;116;148;SAO JOSE DOS CAMPOS;Entrada inopinada do pedestre;Atropelamento de Pedestre;Com Vítimas Fatais;Plena Noite;Decrescente;Nublado;Dupla;Reta;Não;2;1;0;0;1;0;0;2;-23,19798917;-45,87577159;SPRF-SP;DEL02-SP;UOP01-DEL02-SP
670459;30/03/2025;domingo;02:10:00;RJ;393;285;VOLTA REDONDA;Ingestão de álcool pelo condutor;Saída de leito carroçável;Com Vítimas Feridas;Plena Noite;Decrescente;Céu Claro;Simples;Reta;Sim;1;0;1;0;0;0;1;1;-22,50327971;-44,07264233;SPRF-RJ;DEL05-RJ;UOP04-DEL05-RJ
670460;30/03/2025;domingo;02:00:00;RJ;101;583;PARATY;Objeto estático sobre o leito carroçável;Colisão com objeto;Com Vítimas Feridas;Plena Noite;Decrescente;Nublado;Simples;Reta;Não;1;0;1;0;0;0;1;1;-23,2629131;-44,68621411;SPRF-RJ;DEL03-RJ;UOP04-DEL03-RJ
670461;30/03/2025;domingo;01:50:00;RS;468;37,2;CORONEL BICACO;Condutor Dormindo;Saída de leito carroçável;Com Vítimas Feridas;Plena Noite;Crescente;Céu Claro;Simples;Reta;Não;3;0;2;0;1;0;2;1;-27,777594;-53,58994;SPRF-RS;DEL08-RS;UOP01-DEL08-RS
670462;30/03/2025;domingo;03:39:00;PR;277;703;SAO MIGUEL DO IGUACU;Condutor deixou de manter distância do veículo da frente;Colisão traseira;Com Vítimas Feridas;Plena Noite;Crescente;Céu Claro;Simples;"Reta;Em Obras";Não;2;0;1;0;1;0;1;2;-25,42835014;-54,36574414;SPRF-PR;DEL05-PR;UOP01-DEL05-PR
670463;30/03/2025;domingo;04:00:00;RJ;101;214,1;CASIMIRO DE ABREU;Reação tardia ou ineficiente do condutor;Colisão com objeto;Com Vítimas Feridas;Plena Noite;Crescente;Céu Claro;Dupla;Reta;Não;4;0;0;1;3;0;1;3;-22,496714;-42,266206;SPRF-RJ;DEL08-RJ;UOP04-DEL08-RJ
670464;30/03/2025;domingo;03:30:00;SP;116;65,6;GUARATINGUETA;Ausência de reação do condutor;Queda de ocupante de veículo;Com Vítimas Feridas;Plena Noite;Crescente;Céu Claro;Dupla;"Aclive;Reta";Sim;1;0;0;1;0;0;1;1;-22,82298806;-45,19208724;SPRF-SP;DEL08-SP;UOP01-DEL08-SP
670465;30/03/2025;domingo;04:30:00;SC;101;116;ITAJAI;Transitar na contramão;Colisão frontal;Com Vítimas Feridas;Plena Noite;Crescente;Chuva;Múltipla;Reta;Sim;3;0;1;1;1;0;2;2;-26,88627276;-48,72270226;SPRF-SC;DEL04-SC;UOP04-DEL04-SC
670466;30/03/2025;domingo;03:00:00;BA;116;442;ANTONIO CARDOSO;Ingestão de álcool pelo condutor;Saída de leito carroçável;Sem Vítimas;Plena Noite;Decrescente;Céu Claro;Dupla;Reta;Não;1;0;0;0;0;1;0;1;-12,356322;-39,097277;SPRF-BA;DEL02-BA;UOP01-DEL02-BA
670468;30/03/2025;domingo;04:05:00;MG;381;404,9;BOM JESUS DO AMPARO;Animais na Pista;Tombamento;Com Vítimas Feridas;Plena Noite;Decrescente;Nublado;Dupla;Curva;Não;1;0;0;1;0;0;1;1;-19,74936726;-43,5226745;SPRF-MG;DEL01-MG;UOP01-DEL01-MG
670469;30/03/2025;domingo;04:50:00;MG;116;721,6;MURIAE;Reação tardia ou ineficiente do condutor;Colisão com objeto;Com Vítimas Feridas;Amanhecer;Decrescente;Céu Claro;Simples;Curva;Sim;1;0;1;0;0;0;1;1;-21,260103;-42,402569;SPRF-MG;DEL07-MG;UOP02-DEL07-MG
670470;30/03/2025;domingo;04:45:00;RJ;116;174;SAO JOAO DE MERITI;Reação tardia ou ineficiente do condutor;Colisão traseira;Com Vítimas Feridas;Amanhecer;Decrescente;Céu Claro;Múltipla;Reta;Sim;4;0;2;0;2;0;2;2;-22,79697157;-43,36028315;SPRF-RJ;DEL06-RJ;UOP01-DEL06-RJ
670471;30/03/2025;domingo;04:50:00;RJ;40;97;DUQUE DE CAXIAS;Velocidade Incompatível;Colisão lateral mesmo sentido;Com Vítimas Feridas;Amanhecer;Crescente;Nublado;Dupla;"Curva;Declive";Não;2;0;1;0;0;1;1;2;-22,572071;-43,280302;SPRF-RJ;DEL01-RJ;UOP01-DEL01-RJ
670472;30/03/2025;domingo;05:30:00;SC;470;9;NAVEGANTES;Transitar na contramão;Colisão frontal;Com Vítimas Feridas;Amanhecer;Crescente;Chuva;Dupla;Reta;Não;3;0;0;1;2;0;1;3;-26,83316428;-48,73095274;SPRF-SC;DEL04-SC;UOP04-DEL04-SC
670473;30/03/2025;domingo;05:48:00;RN;101;85;SAO GONCALO DO AMARANTE;Demais falhas mecânicas ou elétricas;Queda de ocupante de veículo;Com Vítimas Feridas;Amanhecer;Crescente;Nublado;Dupla;"Reta;Em Obras;Declive;Desvio Temporário;Ponte";Sim;1;0;0;1;0;0;1;1;-5,7787631;-35,24895406;SPRF-RN;DEL02-RN;UOP01-DEL02-RN
670474;30/03/2025;domingo;05:50:00;RS;116;296;GUAIBA;Ausência de reação do condutor;Saída de leito carroçável;Sem Vítimas;Amanhecer;Decrescente;Nublado;Simples;Reta;Sim;1;0;0;0;1;0;0;1;-30,08908351;-51,34207702;SPRF-RS;DEL02-RS;UOP01-DEL02-RS
670476;30/03/2025;domingo;05:30:00;RS;153;400;CACHOEIRA DO SUL;Reação tardia ou ineficiente do condutor;Colisão traseira;Com Vítimas Feridas;Plena Noite;Crescente;Céu Claro;Dupla;"Reta;Aclive";Não;3;0;0;2;1;0;2;2;-29,97960145;-52,93024459;SPRF-RS;DEL02-RS;UOP03-DEL02-RS
670478;30/03/2025;domingo;05:50:00;PR;369;33,9;CAMBARA;Reação tardia ou ineficiente do condutor;Saída de leito carroçável;Sem Vítimas;Amanhecer;Decrescente;Céu Claro;Simples;"Aclive;Curva";Não;3;0;0;0;3;0;0;1;-23,03114682;-50,20655209;SPRF-PR;DEL07-PR;UOP05-DEL07-PR
670479;30/03/2025;domingo;05:05:00;SP;116;462;PARIQUERA-ACU;Ausência de reação do condutor;Capotamento;Sem Vítimas;Pleno dia;Crescente;Nublado;Dupla;Reta;Não;1;0;0;0;0;1;0;1;-24,7102;-47,884;SPRF-SP;DEL05-SP;UOP01-DEL05-SP
670480;30/03/2025;domingo;06:15:00;SP;116;288;ITAPECERICA DA SERRA;Ausência de reação do condutor;Colisão lateral sentido oposto;Sem Vítimas;Amanhecer;Crescente;Céu Claro;Dupla;Viaduto;Sim;3;0;0;0;3;0;0;3;-23,7002584;-46,8689523;SPRF-SP;DEL04-SP;UOP01-DEL04-SP
670481;29/03/2025;sábado;12:00:00;MG;262;771;CAMPO FLORIDO;Ingestão de álcool pelo condutor;Tombamento;Com Vítimas Feridas;Pleno dia;Crescente;Céu Claro;Simples;Reta;Não;1;0;1;0;0;0;1;1;-19,77542683;-48,56437683;SPRF-MG;DEL13-MG;UOP01-DEL13-MG
670482;30/03/2025;domingo;04:25:00;RJ;393;283,2;VOLTA REDONDA;Ultrapassagem Indevida;Colisão frontal;Com Vítimas Fatais;Plena Noite;Crescente;Céu Claro;Simples;Curva;Não;2;1;0;0;0;1;0;2;-22,49767844;-44,06212438;SPRF-RJ;DEL05-RJ;UOP04-DEL05-RJ
670483;30/03/2025;domingo;07:30:00;MG;40;510;RIBEIRAO DAS NEVES;Frear bruscamente;Colisão com objeto;Com Vítimas Feridas;Pleno dia;Decrescente;Céu Claro;Dupla;Reta;Sim;2;0;2;0;0;0;2;1;-19,774918;-44,123037;SPRF-MG;DEL01-MG;UOP02-DEL01-MG
670484;29/03/2025;sábado;10:00:00;SP;101;45;UBATUBA;Carga excessiva e/ou mal acondicionada;Queda de ocupante de veículo;Com Vítimas Feridas;Pleno dia;Decrescente;Céu Claro;Simples;Reta;Sim;1;0;1;0;0;0;1;1;-23,42110178;-45,0710839;SPRF-SP;DEL06-SP;UOP01-DEL06-SP
670485;29/03/2025;sábado;19:30:00;MT;70;709;CACERES;Chuva;Capotamento;Com Vítimas Feridas;Plena Noite;Crescente;Chuva;Simples;Curva;Não;3;0;2;0;1;0;2;1;-16,21527897;-57,57346201;SPRF-MT;DEL03-MT;UOP01-DEL03-MT
670486;30/03/2025;domingo;07:20:00;DF;20;9;BRASILIA;Ingestão de álcool pelo condutor;Colisão lateral mesmo sentido;Sem Vítimas;Pleno dia;Crescente;Céu Claro;Múltipla;Reta;Sim;2;0;0;0;2;0;0;2;-15,5821947;-47,5357633;SPRF-DF;DEL02-DF;UOP01-DEL02-DF
670487;30/03/2025;domingo;07:30:00;PB;104;112,6;LAGOA SECA;Acessar a via sem observar a presença dos outros veículos;Colisão transversal;Com Vítimas Feridas;Pleno dia;Crescente;Céu Claro;Simples;"Curva;Interseção de Vias;Declive";Sim;3;0;1;1;0;1;2;2;-7,14836;-35,854133;SPRF-PB;DEL02-PB;UOP04-DEL02-PB
670488;30/03/2025;domingo;04:00:00;PE;316;25;ARARIPINA;Ingestão de álcool pelo condutor;Saída de leito carroçável;Com Vítimas Feridas;Plena Noite;Decrescente;Nublado;Simples;Curva;Sim;1;0;1;0;0;0;1;1;-7,5865832;-40,4972226;SPRF-PE;DEL05-PE;UOP02-DEL05-PE
670489;30/03/2025;domingo;06:20:00;RJ;116;129;MAGE;Avarias e/ou desgaste excessivo no pneu;Queda de ocupante de veículo;Com Vítimas Feridas;Pleno dia;Decrescente;Céu Claro;Dupla;Curva;Sim;1;0;1;0;0;0;1;1;-22,66280894;-43,11618805;SPRF-RJ;DEL04-RJ;UOP02-DEL04-RJ
670490;30/03/2025;domingo;04:45:00;RO;364;295;PRESIDENTE MEDICI;Objeto estático sobre o leito carroçável;Saída de leito carroçável;Com Vítimas Feridas;Amanhecer;Decrescente;Ignorado;Simples;Curva;Não;2;0;1;0;1;0;1;1;-11,366347;-61,842313;SPRF-RO;DEL02-RO;UOP01-DEL02-RO
670491;30/03/2025;domingo;08:30:00;MT;158;743;BARRA DO GARCAS;Condutor Dormindo;Tombamento;Com Vítimas Feridas;Pleno dia;Crescente;Céu Claro;Simples;"Reta;Ponte";Não;1;0;1;0;0;0;1;1;-15,436448;-52,201939;SPRF-MT;DEL07-MT;UOP01-DEL07-MT
670492;30/03/2025;domingo;08:20:00;MG;381;879,3;ESTIVA;Mal súbito do condutor;Saída de leito carroçável;Com Vítimas Feridas;Pleno dia;Decrescente;Céu Claro;Dupla;"Declive;Reta";Não;1;0;1;0;0;0;1;1;-22,45476724;-46,00550115;SPRF-MG;DEL16-MG;UOP01-DEL16-MG
670493;30/03/2025;domingo;08:10:00;RJ;116;103,4;GUAPIMIRIM;Reação tardia ou ineficiente do condutor;Queda de ocupante de veículo;Com Vítimas Feridas;Pleno dia;Decrescente;Céu Claro;Dupla;"Aclive;Curva";Não;2;0;2;0;0;0;2;1;-22,49582773;-43,00229931;SPRF-RJ;DEL04-RJ;UOP01-DEL04-RJ
670494;30/03/2025;domingo;09:20:00;SP;116;65;GUARATINGUETA;Reação tardia ou ineficiente do condutor;Colisão traseira;Com Vítimas Feridas;Pleno dia;Crescente;Céu Claro;Dupla;"Aclive;Curva";Não;3;0;1;1;0;1;2;2;-22,821223;-45,1989046;SPRF-SP;DEL08-SP;UOP01-DEL08-SP
670495;27/03/2025;quinta-feira;06:00:00;BA;242;393;SEABRA;Reação tardia ou ineficiente do condutor;Saída de leito carroçável;Com Vítimas Feridas;Pleno dia;Decrescente;Céu Claro;Simples;Reta;Não;1;0;1;0;0;0;1;1;-12,4594924;-41,64939881;SPRF-BA;DEL06-BA;UOP01-DEL06-BA