id;data_inversa;dia_semana;horario;uf;br;km;municipio;causa_acidente;tipo_acidente;classificacao_acidente;fase_dia;sentido_via;condicao_metereologica;tipo_pista;tracado_via;uso_solo;pessoas;mortos;feridos_leves;feridos_graves;ilesos;ignorados;feridos;veiculos;latitude;longitude;regional;delegacia;uop
671541;04/04/2025;sexta-feira;16:20:00;SC;101;214,7;PALHOCA;Reação tardia ou ineficiente do condutor;Colisão lateral mesmo sentido;Com Vítimas Feridas;Pleno dia;Decrescente;Nublado;Simples;Interseção de Vias;Sim;3;0;1;0;2;0;1;2;-27,64975;-48,6756;SPRF-SC;DEL01-SC;UOP02-DEL01-SC
671542;04/04/2025;sexta-feira;17:15:00;SC;101;334;TUBARAO;Condutor deixou de manter distância do veículo da frente;Colisão traseira;Com Vítimas Feridas;Pleno dia;Crescente;Céu Claro;Simples;Reta;Sim;2;0;1;0;1;0;1;2;-28,469406;-49,016834;SPRF-SC;DEL02-SC;UOP01-DEL02-SC
671546;04/04/2025;sexta-feira;16:45:00;MS;262;356;CAMPO GRANDE;Reação tardia ou ineficiente do condutor;Tombamento;Com Vítimas Feridas;Anoitecer;Decrescente;Nublado;Simples;Reta;Não;2;0;1;0;1;0;1;1;-20,546345;-54,683882;SPRF-MS;DEL01-MS;UOP03-DEL01-MS
671548;04/04/2025;sexta-feira;17:30:00;MG;40;530;CONTAGEM;Manobra de mudança de faixa;Colisão lateral mesmo sentido;Com Vítimas Feridas;Anoitecer;Crescente;Céu Claro;Dupla;Curva;Sim;2;0;0;1;1;0;1;2;-19,919;-44,027;SPRF-MG;DEL01-MG;UOP02-DEL01-MG
671549;04/04/2025;sexta-feira;17:10:00;RJ;101;570;PARATY;Pista Escorregadia;Colisão frontal;Com Vítimas Feridas;Pleno dia;Crescente;Chuva;Simples;Curva;Não;4;0;3;0;1;0;3;2;-23,18557648;-44,71860409;SPRF-RJ;DEL03-RJ;UOP04-DEL03-RJ
671551;04/04/2025;sexta-feira;17:30:00;SP;116;145,2;SAO JOSE DOS CAMPOS;Condutor deixou de manter distância do veículo da frente;Colisão traseira;Com Vítimas Feridas;Pleno dia;Decrescente;Nublado;Múltipla;Reta;Sim;2;0;1;0;1;0;1;2;-23,19012293;-45,85687459;SPRF-SP;DEL02-SP;UOP01-DEL02-SP
671552;04/04/2025;sexta-feira;17:50:00;GO;414;436;ANAPOLIS;Conversão proibida;Colisão lateral mesmo sentido;Com Vítimas Feridas;Pleno dia;Decrescente;Céu Claro;Simples;Reta;Sim;3;0;1;0;2;0;1;2;-16,2553249;-48,9368482;SPRF-GO;DEL02-GO;UOP01-DEL02-GO
671554;04/04/2025;sexta-feira;12:30:00;RJ;493;1;ITABORAI;Acessar a via sem observar a presença dos outros veículos;Colisão transversal;Com Vítimas Feridas;Pleno dia;Crescente;Céu Claro;Simples;Reta;Sim;2;0;1;0;1;0;1;2;-22,75730208;-42,93687299;SPRF-RJ;DEL02-RJ;UOP02-DEL02-RJ
671555;04/04/2025;sexta-feira;17:30:00;MG;381;873;ESTIVA;Velocidade Incompatível;Saída de leito carroçável;Sem Vítimas;Pleno dia;Decrescente;Chuva;Dupla;Curva;Não;1;0;0;0;1;0;0;1;-22,419752;-45,96462719;SPRF-MG;DEL16-MG;UOP01-DEL16-MG
671556;04/04/2025;sexta-feira;18:00:00;BA;101;718,4;EUNAPOLIS;Ultrapassagem Indevida;Colisão transversal;Com Vítimas Feridas;Anoitecer;Crescente;Céu Claro;Simples;"Reta;Declive";Sim;3;0;3;0;0;0;3;2;-16,38186;-39,583917;SPRF-BA;DEL09-BA;UOP01-DEL09-BA
671557;04/04/2025;sexta-feira;17:00:00;RS;153;52,7;ERECHIM;Ultrapassagem Indevida;Colisão traseira;Com Vítimas Feridas;Pleno dia;Decrescente;Céu Claro;Simples;"Reta;Aclive";Não;3;0;2;0;1;0;2;2;-27,6688134;-52,29103442;SPRF-RS;DEL08-RS;UOP04-DEL08-RS
671558;04/04/2025;sexta-feira;17:10:00;MT;364;201;RONDONOPOLIS;Animais na Pista;Atropelamento de Animal;Com Vítimas Feridas;Anoitecer;Crescente;Nublado;Dupla;Reta;Sim;1;0;1;0;0;0;1;1;-16,41721523;-54,70614806;SPRF-MT;DEL02-MT;UOP01-DEL02-MT
671559;04/04/2025;sexta-feira;17:30:00;MG;40;627;CONSELHEIRO LAFAIETE;Condutor deixou de manter distância do veículo da frente;Colisão traseira;Com Vítimas Feridas;Anoitecer;Crescente;Chuva;Simples;Reta;Sim;2;0;1;0;1;0;1;2;-20,64431;-43,8113;SPRF-MG;DEL05-MG;UOP02-DEL05-MG
671560;04/04/2025;sexta-feira;17:30:00;RJ;101;429,4;MANGARATIBA;Demais falhas mecânicas ou elétricas;Incêndio;Sem Vítimas;Anoitecer;Decrescente;Chuva;Simples;Reta;Não;1;0;0;0;1;0;0;1;-22,93412835;-44,01801109;SPRF-RJ;DEL03-RJ;UOP02-DEL03-RJ
671561;04/04/2025;sexta-feira;18:00:00;PR;369;198,7;APUCARANA;Velocidade Incompatível;Saída de leito carroçável;Com Vítimas Feridas;Anoitecer;Crescente;Céu Claro;Dupla;Curva;Sim;1;0;1;0;0;0;1;1;-23,518406;-51,428537;SPRF-PR;DEL07-PR;UOP03-DEL07-PR
671562;04/04/2025;sexta-feira;18:45:00;MG;40;447;CAETANOPOLIS;Manobra de mudança de faixa;Colisão lateral mesmo sentido;Com Vítimas Feridas;Plena Noite;Decrescente;Céu Claro;Dupla;Reta;Sim;2;0;1;0;0;1;1;2;-19,2932626;-44,3834248;SPRF-MG;DEL02-MG;UOP01-DEL02-MG
671563;04/04/2025;sexta-feira;18:30:00;SC;101;205;SAO JOSE;Reação tardia ou ineficiente do condutor;Colisão lateral mesmo sentido;Com Vítimas Feridas;Plena Noite;Crescente;Vento;Múltipla;Reta;Sim;3;0;2;0;1;0;2;2;-27,58299234;-48,61518491;SPRF-SC;DEL01-SC;UOP01-DEL01-SC
671564;04/04/2025;sexta-feira;18:45:00;SP;153;75,2;BADY BASSITT;Ausência de reação do condutor;Engavetamento;Com Vítimas Feridas;Plena Noite;Crescente;Céu Claro;Dupla;Reta;Sim;4;0;1;0;3;0;1;4;-20,89662388;-49,43770409;SPRF-SP;DEL09-SP;UOP01-DEL09-SP
671565;04/04/2025;sexta-feira;14:00:00;RJ;101;221;CASIMIRO DE ABREU;Reação tardia ou ineficiente do condutor;Tombamento;Com Vítimas Feridas;Pleno dia;Crescente;Nublado;Dupla;Reta;Não;2;0;1;0;1;0;1;1;-22,48216084;-42,2361932;SPRF-RJ;DEL02-RJ;UOP03-DEL02-RJ
671567;04/04/2025;sexta-feira;18:55:00;BA;101;502;ITABUNA;Reação tardia ou ineficiente do condutor;Colisão traseira;Sem Vítimas;Plena Noite;Crescente;Céu Claro;Simples;"Declive;Reta";Não;6;0;0;0;6;0;0;2;-14,76785346;-39,29608405;SPRF-BA;DEL05-BA;UOP01-DEL05-BA
671568;04/04/2025;sexta-feira;17:45:00;BA;101;713,8;EUNAPOLIS;Acessar a via sem observar a presença dos outros veículos;Colisão transversal;Com Vítimas Feridas;Pleno dia;Crescente;Céu Claro;Simples;Reta;Sim;2;0;1;0;1;0;1;2;-16,343933;-39,580522;SPRF-BA;DEL09-BA;UOP01-DEL09-BA
671569;04/04/2025;sexta-feira;18:00:00;RJ;101;89;CAMPOS DOS GOYTACAZES;Ausência de reação do condutor;Saída de leito carroçável;Com Vítimas Feridas;Plena Noite;Decrescente;Chuva;Dupla;Curva;Não;1;0;1;0;0;0;1;1;-21,834636;-41,50249;SPRF-RJ;DEL08-RJ;UOP02-DEL08-RJ
671570;04/04/2025;sexta-feira;19:15:00;MG;146;439,4;CABO VERDE;Acessar a via sem observar a presença dos outros veículos;Colisão transversal;Com Vítimas Feridas;Plena Noite;Crescente;Nublado;Simples;"Interseção de Vias;Reta";Sim;2;0;0;1;1;0;1;2;-21,47229052;-46,40262242;SPRF-MG;DEL09-MG;UOP01-DEL09-MG
671572;04/04/2025;sexta-feira;18:49:00;RN;304;299;MACAIBA;Manobra de mudança de faixa;Colisão traseira;Com Vítimas Feridas;Plena Noite;Decrescente;Céu Claro;Dupla;Reta;Não;3;0;1;0;2;0;1;3;-5,87029;-35,324717;SPRF-RN;DEL01-RN;UOP02-DEL01-RN
671573;04/04/2025;sexta-feira;14:50:00;RS;285;568;SAO LUIZ GONZAGA;Desrespeitar a preferência no cruzamento;Colisão transversal;Com Vítimas Feridas;Pleno dia;Crescente;Céu Claro;Simples;Interseção de Vias;Sim;2;0;1;0;1;0;1;2;-28,41809649;-54,96423575;SPRF-RS;DEL12-RS;UOP01-DEL12-RS
671574;04/04/2025;sexta-feira;14:48:00;RJ;101;321;NITEROI;Demais falhas mecânicas ou elétricas;Queda de ocupante de veículo;Com Vítimas Feridas;Pleno dia;Decrescente;Nublado;Dupla;Reta;Não;2;0;1;0;1;0;1;1;-22,8679;-43,11047;SPRF-RJ;DEL02-RJ;UOP01-DEL02-RJ
671575;04/04/2025;sexta-feira;18:30:00;SC;470;91,6;ASCURRA;Ausência de reação do condutor;Colisão lateral mesmo sentido;Com Vítimas Feridas;Anoitecer;Decrescente;Céu Claro;Simples;Reta;Não;2;0;1;0;1;0;1;2;-26,98369688;-49,37217236;SPRF-SC;DEL04-SC;UOP01-DEL04-SC
671576;04/04/2025;sexta-feira;19:30:00;PI;316;13;TERESINA;Reação tardia ou ineficiente do condutor;Tombamento;Com Vítimas Feridas;Plena Noite;Crescente;Céu Claro;Múltipla;Reta;Não;1;0;0;1;0;0;1;1;-5,212783;-42,75456;SPRF-PI;DEL01-PI;UOP02-DEL01-PI
671577;04/04/2025;sexta-feira;17:30:00;MT;163;832;SINOP;Manobra de mudança de faixa;Colisão lateral mesmo sentido;Com Vítimas Feridas;Anoitecer;Crescente;Céu Claro;Simples;Reta;Sim;2;0;1;0;1;0;1;2;-11,887873;-55,502204;SPRF-MT;DEL06-MT;UOP02-DEL06-MT
671578;04/04/2025;sexta-feira;18:30:00;BA;116;420;FEIRA DE SANTANA;Acumulo de óleo sobre o pavimento;Queda de ocupante de veículo;Com Vítimas Feridas;Plena Noite;Decrescente;Céu Claro;Dupla;Rotatória;Sim;1;0;1;0;0;0;1;1;-12,23062544;-38,96373723;SPRF-BA;DEL02-BA;UOP01-DEL02-BA
671579;04/04/2025;sexta-feira;19:00:00;SC;101;137;ITAPEMA;Trafegar com motocicleta (ou similar) entre as faixas;Colisão lateral mesmo sentido;Com Vítimas Feridas;Pleno dia;Decrescente;Céu Claro;Dupla;Reta;Não;2;0;1;0;1;0;1;2;-27,0659693;-48,5955459;SPRF-SC;DEL04-SC;UOP03-DEL04-SC
671581;04/04/2025;sexta-feira;18:00:00;MA;316;611,7;TIMON;Estacionar ou parar em local proibido;Colisão traseira;Com Vítimas Feridas;Plena Noite;Crescente;Nublado;Simples;Reta;Sim;2;0;1;1;0;0;2;2;-5,073821;-42,863621;SPRF-MA;DEL03-MA;UOP02-DEL03-MA
671582;04/04/2025;sexta-feira;19:10:00;RJ;101;415;MANGARATIBA;Chuva;Colisão frontal;Com Vítimas Feridas;Plena Noite;Crescente;Chuva;Dupla;Retorno Regulamentado;Não;7;0;2;0;5;0;2;3;-22,9105224;-43,8931479;SPRF-RJ;DEL03-RJ;UOP01-DEL03-RJ
671584;04/04/2025;sexta-feira;17:30:00;RJ;116;310;RESENDE;Ultrapassagem Indevida;Colisão transversal;Com Vítimas Feridas;Anoitecer;Decrescente;Nublado;Simples;Reta;Sim;2;0;0;1;1;0;1;2;-22,45960541;-44,43735654;SPRF-RJ;DEL07-RJ;UOP02-DEL07-RJ
671585;04/04/2025;sexta-feira;19:45:00;RJ;116;169;RIO DE JANEIRO;Ausência de sinalização;Colisão com objeto;Sem Vítimas;Plena Noite;Crescente;Chuva;Dupla;Reta;Sim;1;0;0;0;1;0;0;1;-22,8176435;-43,32149506;SPRF-RJ;DEL06-RJ;UOP01-DEL06-RJ
671586;04/04/2025;sexta-feira;12:40:00;BA;101;596,3;CAMACAN;Velocidade Incompatível;Capotamento;Sem Vítimas;Pleno dia;Crescente;Garoa/Chuvisco;Simples;Curva;Não;1;0;0;0;0;1;0;1;-15,475905;-39,43866;SPRF-BA;DEL05-BA;UOP02-DEL05-BA
671587;04/04/2025;sexta-feira;18:55:00;MG;116;413,1;GOVERNADOR VALADARES;Ausência de reação do condutor;Colisão lateral sentido oposto;Com Vítimas Feridas;Plena Noite;Crescente;Ignorado;Simples;"Reta;Declive";Sim;2;0;0;1;1;0;1;2;-18,88209171;-41,95733964;SPRF-MG;DEL06-MG;UOP01-DEL06-MG
671588;04/04/2025;sexta-feira;18:34:00;RO;364;14;VILHENA;Reação tardia ou ineficiente do condutor;Colisão lateral mesmo sentido;Com Vítimas Feridas;Plena Noite;Crescente;Nublado;Dupla;Rotatória;Sim;2;0;1;0;1;0;1;2;-12,73906091;-60,13916016;SPRF-RO;DEL04-RO;UOP01-DEL04-RO
671590;04/04/2025;sexta-feira;18:50:00;PR;476;167,7;CONTENDA;Ausência de reação do condutor;Saída de leito carroçável;Com Vítimas Feridas;Plena Noite;Decrescente;Nublado;Simples;Reta;Não;1;0;1;0;0;0;1;1;-25,661337;-49,490023;SPRF-PR;DEL01-PR;UOP06-DEL01-PR
671591;04/04/2025;sexta-feira;18:00:00;RJ;101;319;SAO GONCALO;Ausência de reação do condutor;Colisão traseira;Com Vítimas Feridas;Plena Noite;Decrescente;Chuva;Dupla;Reta;Não;4;0;2;0;2;0;2;2;-22,7934208;-43,0309376;SPRF-RJ;DEL02-RJ;UOP02-DEL02-RJ
671592;04/04/2025;sexta-feira;19:10:00;MG;381;588,7;CARMOPOLIS DE MINAS;Condutor deixou de manter distância do veículo da frente;Colisão traseira;Com Vítimas Feridas;Plena Noite;Decrescente;Nublado;Simples;Rotatória;Sim;2;0;1;0;1;0;1;2;-20,53845228;-44,63981643;SPRF-MG;DEL04-MG;UOP01-DEL04-MG
671593;04/04/2025;sexta-feira;15:10:00;RO;364;342;JI-PARANA;Reação tardia ou ineficiente do condutor;Colisão traseira;Com Vítimas Feridas;Pleno dia;Decrescente;Nublado;Múltipla;Reta;Sim;7;0;2;0;4;1;2;4;-10,877633;-61,947143;SPRF-RO;DEL02-RO;UOP01-DEL02-RO
671595;04/04/2025;sexta-feira;20:00:00;SC;101;148;ITAPEMA;Velocidade Incompatível;Colisão traseira;Com Vítimas Feridas;Plena Noite;Decrescente;Céu Claro;Múltipla;Reta;Sim;2;0;0;1;1;0;1;2;-27,09145071;-48,61641613;SPRF-SC;DEL04-SC;UOP03-DEL04-SC
671596;04/04/2025;sexta-feira;19:30:00;SC;101;1;GARUVA;Chuva;Tombamento;Com Vítimas Feridas;Plena Noite;Crescente;Chuva;Múltipla;Reta;Não;1;0;1;0;0;0;1;1;-25,992857;-48,881237;SPRF-SC;DEL03-SC;UOP01-DEL03-SC
671597;04/04/2025;sexta-feira;20:15:00;SC;282;17,4;PALHOCA;Trafegar com motocicleta (ou similar) entre as faixas;Colisão traseira;Com Vítimas Feridas;Plena Noite;Crescente;Nublado;Simples;Reta;Não;3;0;1;0;2;0;1;2;-27,6693;-48,69117;SPRF-SC;DEL01-SC;UOP02-DEL01-SC
671598;04/04/2025;sexta-feira;18:10:00;MG;40;697,2;BARBACENA;Chuva;Colisão com objeto;Com Vítimas Feridas;Plena Noite;Crescente;Garoa/Chuvisco;Simples;Declive;Sim;1;0;1;0;0;0;1;1;-21,1828;-43,75391;SPRF-MG;DEL05-MG;UOP02-DEL05-MG
671599;04/04/2025;sexta-feira;19:00:00;MG;40;695,3;ALFREDO VASCONCELOS;Pista Escorregadia;Tombamento;Com Vítimas Feridas;Plena Noite;Decrescente;Nublado;Simples;Curva;Não;1;0;0;1;0;0;1;1;-21,16642;-43,75687;SPRF-MG;DEL05-MG;UOP02-DEL05-MG
671601;04/04/2025;sexta-feira;19:45:00;GO;153;509;APARECIDA DE GOIANIA;Condutor deixou de manter distância do veículo da frente;Engavetamento;Com Vítimas Feridas;Pleno dia;Decrescente;Chuva;Dupla;Reta;Não;4;0;1;0;3;0;1;3;-16,783052;-49,237222;SPRF-GO;DEL01-GO;UOP03-DEL01-GO
671603;04/04/2025;sexta-feira;19:00:00;MG;365;140;MONTES CLAROS;Velocidade Incompatível;Colisão com objeto;Com Vítimas Feridas;Plena Noite;Crescente;Céu Claro;Simples;Curva;Não;3;0;1;0;2;0;1;1;-16,6536985;-43,7179585;SPRF-MG;DEL12-MG;UOP01-DEL12-MG
671605;04/04/2025;sexta-feira;18:03:00;RS;116;110;SAO MARCOS;Acessar a via sem observar a presença dos outros veículos;Colisão transversal;Com Vítimas Feridas;Anoitecer;Decrescente;Nublado;Simples;Reta;Não;2;0;1;0;1;0;1;2;-28,9367731;-51,0953931;SPRF-RS;DEL05-RS;UOP01-DEL05-RS
671606;04/04/2025;sexta-feira;20:25:00;BA;324;543;AMELIA RODRIGUES;Pedestre cruzava a pista fora da faixa;Atropelamento de Pedestre;Com Vítimas Fatais;Plena Noite;Decrescente;Céu Claro;Dupla;Reta;Sim;2;1;0;0;1;0;0;2;-12,4082492;-38,7525429;SPRF-BA;DEL01-BA;UOP03-DEL01-BA
671609;04/04/2025;sexta-feira;20:30:00;MS;267;482,9;JARDIM;Acessar a via sem observar a presença dos outros veículos;Colisão transversal;Com Vítimas Feridas;Plena Noite;Crescente;Nublado;Simples;Reta;Sim;2;0;1;0;1;0;1;2;-21,48134487;-56,14081264;SPRF-MS;DEL05-MS;UOP01-DEL05-MS
671612;04/04/2025;sexta-feira;21:15:00;RS;116;523;PELOTAS;Reação tardia ou ineficiente do condutor;Tombamento;Com Vítimas Feridas;Plena Noite;Decrescente;Céu Claro;Dupla;Viaduto;Sim;1;0;1;0;0;0;1;1;-31,72501394;-52,38372153;SPRF-RS;DEL07-RS;UOP01-DEL07-RS
671613;04/04/2025;sexta-feira;21:15:00;PR;277;79;CURITIBA;Velocidade Incompatível;Colisão traseira;Com Vítimas Feridas;Plena Noite;Decrescente;Céu Claro;Dupla;Reta;Sim;3;0;1;1;1;0;2;2;-25,46202425;-49,21900037;SPRF-PR;DEL01-PR;UOP07-DEL01-PR
671614;04/04/2025;sexta-feira;21:10:00;RJ;101;331;RIO DE JANEIRO;Demais falhas mecânicas ou elétricas;Incêndio;Sem Vítimas;Plena Noite;Crescente;Chuva;Dupla;"Reta;Ponte";Não;1;0;0;0;1;0;0;1;-22,870065;-43,2029361;SPRF-RJ;DEL02-RJ;UOP01-DEL02-RJ
671615;04/04/2025;sexta-feira;20:00:00;MS;163;404;NOVA ALVORADA DO SUL;Animais na Pista;Tombamento;Com Vítimas Feridas;Plena Noite;Crescente;Céu Claro;Simples;Reta;Não;1;0;1;0;0;0;1;1;-21,13069409;-54,47997004;SPRF-MS;DEL02-MS;UOP01-DEL02-MS
671616;04/04/2025;sexta-feira;21:15:00;RN;226;8;NATAL;Transitar na contramão;Colisão frontal;Com Vítimas Feridas;Plena Noite;Decrescente;Céu Claro;Simples;Reta;Sim;3;0;2;0;1;0;2;2;-5,835495;-35,279947;SPRF-RN;DEL01-RN;UOP02-DEL01-RN
671617;04/04/2025;sexta-feira;19:20:00;SP;116;564;BARRA DO TURVO;Reação tardia ou ineficiente do condutor;Tombamento;Sem Vítimas;Plena Noite;Crescente;Garoa/Chuvisco;Dupla;"Curva;Aclive";Não;3;0;0;0;3;0;0;1;-25,03565278;-48,53704957;SPRF-SP;DEL05-SP;UOP02-DEL05-SP
671618;04/04/2025;sexta-feira;20:53:00;RJ;393;280;BARRA DO PIRAI;Ingestão de álcool pelo condutor;Colisão traseira;Sem Vítimas;Plena Noite;Crescente;Chuva;Simples;Reta;Sim;2;0;0;0;2;0;0;2;-22,4759093;-44,049953;SPRF-RJ;DEL05-RJ;UOP04-DEL05-RJ
671621;04/04/2025;sexta-feira;21:00:00;MS;262;201;RIBAS DO RIO PARDO;Condutor Dormindo;Colisão lateral sentido oposto;Com Vítimas Feridas;Plena Noite;Decrescente;Céu Claro;Simples;Aclive;Não;5;0;3;0;2;0;3;2;-20,463589;-53,391399;SPRF-MS;DEL01-MS;UOP05-DEL01-MS
671622;04/04/2025;sexta-feira;20:30:00;PR;376;489,7;PONTA GROSSA;Reação tardia ou ineficiente do condutor;Queda de ocupante de veículo;Com Vítimas Feridas;Plena Noite;Decrescente;Nublado;Dupla;"Aclive;Reta";Não;1;0;1;0;0;0;1;1;-25,098018;-50,196889;SPRF-PR;DEL03-PR;UOP04-DEL03-PR
671623;04/04/2025;sexta-feira;22:03:00;RS;386;438,1;NOVA SANTA RITA;Deficiência do Sistema de Iluminação/Sinalização;Colisão traseira;Com Vítimas Fatais;Plena Noite;Crescente;Céu Claro;Dupla;"Declive;Curva";Sim;2;1;1;0;0;0;1;2;-29,86534314;-51,25165936;SPRF-RS;DEL04-RS;UOP02-DEL04-RS
671624;04/04/2025;sexta-feira;22:30:00;ES;101;132,5;LINHARES;Transitar na contramão;Colisão lateral sentido oposto;Com Vítimas Feridas;Plena Noite;Crescente;Céu Claro;Simples;Reta;Não;2;0;0;1;1;0;1;2;-19,35188295;-40,0636685;SPRF-ES;DEL04-ES;UOP01-DEL04-ES
671627;04/04/2025;sexta-feira;20:30:00;MA;10;253;IMPERATRIZ;Acesso irregular;Colisão frontal;Com Vítimas Feridas;Pleno dia;Decrescente;Céu Claro;Simples;Reta;Não;3;0;0;3;0;0;3;2;-5,526778;-47,471437;SPRF-MA;DEL04-MA;UOP01-DEL04-MA
671628;04/04/2025;sexta-feira;18:36:00;RO;364;425,8;JARU;Conversão proibida;Colisão lateral mesmo sentido;Com Vítimas Feridas;Plena Noite;Decrescente;Nublado;Dupla;Reta;Não;2;0;1;0;1;0;1;2;-10,43417309;-62,47703791;SPRF-RO;DEL03-RO;UOP02-DEL03-RO
671629;04/04/2025;sexta-feira;22:30:00;MA;230;403;BALSAS;Conversão proibida;Colisão transversal;Sem Vítimas;Plena Noite;Crescente;Céu Claro;Simples;Reta;Sim;2;0;0;0;2;0;0;2;-7,52010434;-46,03710148;SPRF-MA;DEL05-MA;UOP01-DEL05-MA
671630;04/04/2025;sexta-feira;20:00:00;RO;364;427,2;JARU;Acessar a via sem observar a presença dos outros veículos;Colisão transversal;Com Vítimas Feridas;Plena Noite;Decrescente;Nublado;Simples;"Reta;Rotatória";Sim;3;0;0;2;1;0;2;2;-10,42692418;-62,48821735;SPRF-RO;DEL03-RO;UOP02-DEL03-RO
671631;04/04/2025;sexta-feira;21:40:00;RJ;116;307;RESENDE;Pedestre cruzava a pista fora da faixa;Atropelamento de Pedestre;Com Vítimas Fatais;Plena Noite;Crescente;Chuva;Dupla;Reta;Não;3;1;0;0;2;0;0;2;-22,4557758;-44,4017983;SPRF-RJ;DEL07-RJ;UOP02-DEL07-RJ
671632;04/04/2025;sexta-feira;22:45:00;RJ;493;52;DUQUE DE CAXIAS;Ausência de reação do condutor;Tombamento;Com Vítimas Feridas;Plena Noite;Decrescente;Chuva;Dupla;Reta;Não;2;0;1;0;1;0;1;1;-22,6677161;-43,3268951;SPRF-RJ;DEL01-RJ;UOP03-DEL01-RJ
671633;04/04/2025;sexta-feira;22:20:00;PE;428;192;PETROLINA;Ingestão de álcool pelo condutor;Colisão traseira;Sem Vítimas;Plena Noite;Decrescente;Céu Claro;Dupla;Reta;Sim;2;0;0;0;2;0;0;2;-9,385023;-40,52061;SPRF-PE;DEL06-PE;UOP01-DEL06-PE
671635;04/04/2025;sexta-feira;20:30:00;SC;280;231,8;CANOINHAS;Desrespeitar a preferência no cruzamento;Colisão frontal;Com Vítimas Feridas;Plena Noite;Crescente;Céu Claro;Simples;"Interseção de Vias;Reta";Sim;4;0;0;1;3;0;1;2;-26,190023;-50,378516;SPRF-SC;DEL06-SC;UOP04-DEL06-SC
671636;04/04/2025;sexta-feira;23:15:00;RJ;101;319;NITEROI;Acumulo de água sobre o pavimento;Tombamento;Com Vítimas Feridas;Plena Noite;Decrescente;Chuva;Dupla;Reta;Sim;2;0;2;0;0;0;2;1;-22,856385;-43,103143;SPRF-RJ;DEL02-RJ;UOP02-DEL02-RJ
671637;04/04/2025;sexta-feira;23:45:00;SP;116;204;ARUJA;Condutor deixou de manter distância do veículo da frente;Colisão lateral mesmo sentido;Com Vítimas Feridas;Plena Noite;Decrescente;Nublado;Múltipla;Reta;Não;2;0;1;0;0;1;1;2;-23,41519519;-46,35812581;SPRF-SP;DEL01-SP;UOP01-DEL01-SP
671639;04/04/2025;sexta-feira;19:45:00;MA;10;140;PORTO FRANCO;Ausência de reação do condutor;Atropelamento de Pedestre;Com Vítimas Fatais;Plena Noite;Decrescente;Céu Claro;Simples;Reta;Não;2;1;0;0;0;1;0;2;-6,48616728;-47,26154307;SPRF-MA;DEL04-MA;UOP02-DEL04-MA
671641;05/04/2025;sábado;00:05:00;SP;153;64,4;SAO JOSE DO RIO PRETO;Demais falhas mecânicas ou elétricas;Tombamento;Com Vítimas Feridas;Plena Noite;Crescente;Céu Claro;Dupla;Reta;Sim;3;0;1;0;2;0;1;2;-20,831706;-49,362655;SPRF-SP;DEL09-SP;UOP01-DEL09-SP
671642;04/04/2025;sexta-feira;23:40:00;SC;282;75,1;RANCHO QUEIMADO;Velocidade Incompatível;Saída de leito carroçável;Com Vítimas Feridas;Plena Noite;Decrescente;Nublado;Simples;Curva;Não;1;0;1;0;0;0;1;1;-27,691145;-49,129703;SPRF-SC;DEL01-SC;UOP03-DEL01-SC
671645;04/04/2025;sexta-feira;22:45:00;RJ;116;2;SAPUCAIA;Transitar na contramão;Colisão frontal;Com Vítimas Feridas;Plena Noite;Decrescente;Chuva;Simples;"Curva;Rotatória";Sim;4;0;2;0;2;0;2;2;-22,01300116;-42,95272921;SPRF-RJ;DEL05-RJ;UOP01-DEL05-RJ
671647;05/04/2025;sábado;00:20:00;PE;407;119;PETROLINA;Acesso irregular;Colisão frontal;Com Vítimas Feridas;Plena Noite;Decrescente;Céu Claro;Simples;Interseção de Vias;Não;2;0;0;2;0;0;2;2;-9,337102;-40,560177;SPRF-PE;DEL06-PE;UOP01-DEL06-PE
671651;04/04/2025;sexta-feira;15:30:00;AC;317;56;SENADOR GUIOMARD;Velocidade Incompatível;Saída de leito carroçável;Com Vítimas Fatais;Pleno dia;Crescente;Chuva;Simples;Curva;Não;2;1;0;1;0;0;1;1;-10,022187;-67,502785;SPRF-AC;DEL01-AC;UOP01-DEL01-AC
671652;05/04/2025;sábado;01:20:00;AL;104;90;RIO LARGO;Condutor deixou de manter distância do veículo da frente;Colisão traseira;Com Vítimas Feridas;Plena Noite;Crescente;Céu Claro;Dupla;Reta;Não;2;0;1;0;1;0;1;2;-9,4770736;-35,82091916;SPRF-AL;DEL01-AL;UOP01-DEL01-AL
671655;05/04/2025;sábado;01:00:00;MG;381;450;SABARA;Velocidade Incompatível;Saída de leito carroçável;Com Vítimas Feridas;Plena Noite;Crescente;Chuva;Simples;Curva;Não;1;0;0;1;0;0;1;1;-19,8276153;-43,8380129;SPRF-MG;DEL01-MG;UOP01-DEL01-MG
671657;05/04/2025;sábado;02:10:00;RS;116;249;SAO LEOPOLDO;Ingestão de álcool pelo condutor;Colisão transversal;Com Vítimas Feridas;Plena Noite;Decrescente;Nublado;Múltipla;Curva;Sim;6;0;2;0;3;1;2;3;-29,7812748;-51,1593566;SPRF-RS;DEL01-RS;UOP02-DEL01-RS
671659;05/04/2025;sábado;02:00:00;PR;373;266;PRUDENTOPOLIS;Ausência de reação do condutor;Saída de leito carroçável;Com Vítimas Feridas;Pleno dia;Decrescente;Nublado;Simples;Reta;Não;2;0;1;0;0;1;1;2;-25,2239779;-51,0278172;SPRF-PR;DEL08-PR;UOP01-DEL08-PR
671660;05/04/2025;sábado;03:05:00;SC;101;320,1;PESCARIA BRAVA;Chuva;Tombamento;Com Vítimas Feridas;Plena Noite;Decrescente;Garoa/Chuvisco;Dupla;Reta;Não;1;0;1;0;0;0;1;1;-28,426453;-48,907361;SPRF-SC;DEL02-SC;UOP01-DEL02-SC