id;data_inversa;dia_semana;horario;uf;br;km;municipio;causa_acidente;tipo_acidente;classificacao_acidente;fase_dia;sentido_via;condicao_metereologica;tipo_pista;tracado_via;uso_solo;pessoas;mortos;feridos_leves;feridos_graves;ilesos;ignorados;feridos;veiculos;latitude;longitude;regional;delegacia;uop
671661;05/04/2025;sábado;01:50:00;RJ;116;309;RESENDE;Condutor deixou de manter distância do veículo da frente;Colisão traseira;Sem Vítimas;Plena Noite;Crescente;Chuva;Dupla;Reta;Sim;4;0;0;0;4;0;0;2;-22,45824704;-44,4251042;SPRF-RJ;DEL07-RJ;UOP02-DEL07-RJ
671662;05/04/2025;sábado;03:00:00;GO;50;283;CATALAO;Acumulo de areia ou detritos sobre o pavimento;Queda de ocupante de veículo;Com Vítimas Feridas;Plena Noite;Decrescente;Céu Claro;Dupla;"Rotatória;Em Obras";Sim;1;0;0;1;0;0;1;1;-18,1965;-47,9567;SPRF-GO;DEL06-GO;UOP01-DEL06-GO
671663;05/04/2025;sábado;03:00:00;PR;277;83;CURITIBA;Avarias e/ou desgaste excessivo no pneu;Colisão com objeto;Com Vítimas Fatais;Plena Noite;Crescente;Nublado;Simples;Reta;Sim;2;1;1;0;0;0;1;1;-25,46485;-49,2182;SPRF-PR;DEL01-PR;UOP03-DEL01-PR
671665;05/04/2025;sábado;04:00:00;SP;153;79;MIRASSOL;Ingestão de álcool pelo condutor;Saída de leito carroçável;Sem Vítimas;Amanhecer;Crescente;Céu Claro;Dupla;Reta;Não;1;0;0;0;1;0;0;1;-20,92360378;-49,50576782;SPRF-SP;DEL09-SP;UOP01-DEL09-SP
671666;05/04/2025;sábado;03:30:00;SP;116;34;CACHOEIRA PAULISTA;Pista Escorregadia;Colisão com objeto;Com Vítimas Feridas;Plena Noite;Decrescente;Chuva;Dupla;"Declive;Curva";Não;1;0;1;0;0;0;1;1;-22,65356;-44,958353;SPRF-SP;DEL08-SP;UOP02-DEL08-SP
671667;05/04/2025;sábado;04:35:00;SC;101;201,1;SAO JOSE;Reação tardia ou ineficiente do condutor;Saída de leito carroçável;Sem Vítimas;Plena Noite;Crescente;Nublado;Múltipla;Reta;Sim;2;0;0;0;2;0;0;1;-27,54865;-48,619763;SPRF-SC;DEL01-SC;UOP01-DEL01-SC
671668;05/04/2025;sábado;04:00:00;MG;262;384,8;MATEUS LEME;Ingestão de álcool pelo condutor;Saída de leito carroçável;Com Vítimas Feridas;Plena Noite;Crescente;Nublado;Dupla;"Declive;Curva";Não;1;0;1;0;0;0;1;1;-19,921913;-44,4670775;SPRF-MG;DEL01-MG;UOP03-DEL01-MG
671670;05/04/2025;sábado;03:25:00;MT;364;204;RONDONOPOLIS;Ingestão de álcool pelo condutor;Colisão com objeto;Sem Vítimas;Plena Noite;Decrescente;Nublado;Dupla;"Interseção de Vias;Reta;Declive";Sim;1;0;0;0;1;0;0;1;-16,46462305;-54,65866501;SPRF-MT;DEL02-MT;UOP01-DEL02-MT
671671;05/04/2025;sábado;04:50:00;RS;470;226,6;GARIBALDI;Ingestão de álcool pelo condutor;Colisão com objeto;Sem Vítimas;Plena Noite;Decrescente;Céu Claro;Simples;Curva;Não;1;0;0;0;0;1;0;1;-29,25436727;-51,51142901;SPRF-RS;DEL06-RS;UOP01-DEL06-RS
671674;05/04/2025;sábado;05:20:00;GO;153;514;APARECIDA DE GOIANIA;Ausência de reação do condutor;Queda de ocupante de veículo;Com Vítimas Feridas;Plena Noite;Decrescente;Nublado;Dupla;Reta;Sim;2;0;2;0;0;0;2;1;-16,820315;-49,240697;SPRF-GO;DEL01-GO;UOP03-DEL01-GO
671675;05/04/2025;sábado;05:30:00;RS;116;265;PORTO ALEGRE;Ausência de reação do condutor;Colisão lateral mesmo sentido;Sem Vítimas;Plena Noite;Decrescente;Ignorado;Múltipla;Reta;Sim;1;0;0;0;1;0;0;1;-29,9696128;-51,1705088;SPRF-RS;DEL01-RS;UOP01-DEL01-RS
671677;05/04/2025;sábado;04:20:00;GO;153;263;NOVA GLORIA;Reação tardia ou ineficiente do condutor;Queda de ocupante de veículo;Com Vítimas Feridas;Plena Noite;Crescente;Céu Claro;Simples;Reta;Não;1;0;1;0;0;0;1;1;-15,1643842;-49,53402808;SPRF-GO;DEL07-GO;UOP02-DEL07-GO
671678;05/04/2025;sábado;05:08:00;CE;222;89;UMIRIM;Acesso irregular;Colisão lateral mesmo sentido;Com Vítimas Feridas;Amanhecer;Crescente;Nublado;Dupla;Declive;Não;4;0;1;0;3;0;1;2;-3,6706671;-39,3225471;SPRF-CE;DEL04-CE;UOP03-DEL04-CE
671680;05/04/2025;sábado;03:30:00;MT;364;205;RONDONOPOLIS;Ausência de reação do condutor;Saída de leito carroçável;Com Vítimas Feridas;Plena Noite;Crescente;Céu Claro;Dupla;"Retorno Regulamentado;Reta";Não;1;0;0;1;0;0;1;1;-16,448757;-54,665782;SPRF-MT;DEL02-MT;UOP01-DEL02-MT
671681;05/04/2025;sábado;02:15:00;SC;163;0,5;DIONISIO CERQUEIRA;Ingestão de álcool pelo condutor;Colisão com objeto;Com Vítimas Feridas;Plena Noite;Decrescente;Céu Claro;Simples;Reta;Sim;2;0;2;0;0;0;2;1;-26,26231235;-53,62130273;SPRF-SC;DEL07-SC;UOP03-DEL07-SC
671682;04/04/2025;sexta-feira;20:00:00;SC;282;441,2;IRANI;Ultrapassagem Indevida;Saída de leito carroçável;Com Vítimas Feridas;Plena Noite;Crescente;Céu Claro;Simples;Reta;Não;2;0;1;0;1;0;1;1;-26,936487;-51,869351;SPRF-SC;DEL07-SC;UOP04-DEL07-SC
671683;05/04/2025;sábado;06:10:00;GO;414;373,7;COCALZINHO DE GOIAS;Reação tardia ou ineficiente do condutor;Colisão com objeto;Com Vítimas Feridas;Amanhecer;Decrescente;Nublado;Dupla;"Declive;Retorno Regulamentado;Reta";Sim;1;0;0;1;0;0;1;1;-15,774695;-48,763585;SPRF-GO;DEL02-GO;UOP01-DEL02-GO
671684;05/04/2025;sábado;00:15:00;SC;101;292,5;IMBITUBA;Ausência de reação do condutor;Saída de leito carroçável;Com Vítimas Feridas;Plena Noite;Decrescente;Céu Claro;Dupla;Curva;Não;1;0;1;0;0;0;1;1;-28,30162238;-48,71925831;SPRF-SC;DEL02-SC;UOP03-DEL02-SC
671686;05/04/2025;sábado;06:20:00;PR;376;160;MANDAGUACU;Velocidade Incompatível;Saída de leito carroçável;Com Vítimas Feridas;Pleno dia;Crescente;Céu Claro;Dupla;"Reta;Aclive";Não;1;0;1;0;0;0;1;1;-23,363021;-52,0852;SPRF-PR;DEL09-PR;UOP02-DEL09-PR
671687;05/04/2025;sábado;06:00:00;SC;101;89,3;BARRA VELHA;Velocidade Incompatível;Colisão lateral mesmo sentido;Com Vítimas Feridas;Amanhecer;Decrescente;Céu Claro;Dupla;Reta;Sim;2;0;1;0;1;0;1;2;-26,66271328;-48,68852019;SPRF-SC;DEL03-SC;UOP02-DEL03-SC
671688;05/04/2025;sábado;05:40:00;RJ;116;176;RIO DE JANEIRO;Acessar a via sem observar a presença dos outros veículos;Colisão com objeto;Com Vítimas Feridas;Amanhecer;Crescente;Chuva;Dupla;Interseção de Vias;Sim;2;0;1;0;0;1;1;2;-22,8044663;-43,3450241;SPRF-RJ;DEL06-RJ;UOP01-DEL06-RJ
671689;04/04/2025;sexta-feira;21:30:00;PA;230;285;NOVO REPARTIMENTO;Ausência de reação do condutor;Saída de leito carroçável;Com Vítimas Fatais;Plena Noite;Decrescente;Garoa/Chuvisco;Simples;Curva;Não;2;1;0;1;0;0;1;1;-4,39233;-49,942037;SPRF-PA;DEL03-PA;UOP01-DEL03-PA
671692;04/04/2025;sexta-feira;23:30:00;SP;101;25;UBATUBA;Objeto estático sobre o leito carroçável;Tombamento;Com Vítimas Feridas;Pleno dia;Decrescente;Chuva;Simples;Curva;Não;1;0;1;0;0;0;1;1;-23,36774806;-44,9492569;SPRF-SP;DEL06-SP;UOP01-DEL06-SP
671693;05/04/2025;sábado;07:15:00;RN;406;86,5;JOAO CAMARA;Condutor Dormindo;Saída de leito carroçável;Com Vítimas Feridas;Pleno dia;Crescente;Nublado;Simples;Reta;Não;3;0;3;0;0;0;3;1;-5,460715;-35,937328;SPRF-RN;DEL02-RN;UOP01-DEL02-RN
671694;05/04/2025;sábado;07:35:00;ES;101;270,7;SERRA;Condutor deixou de manter distância do veículo da frente;Colisão traseira;Com Vítimas Feridas;Pleno dia;Crescente;Nublado;Dupla;Curva;Sim;2;0;0;1;1;0;1;2;-20,23250385;-40,2762961;SPRF-ES;DEL02-ES;UOP01-DEL02-ES
671695;05/04/2025;sábado;03:30:00;BA;101;356;WENCESLAU GUIMARAES;Acessar a via sem observar a presença dos outros veículos;Atropelamento de Pedestre;Com Vítimas Fatais;Plena Noite;Decrescente;Ignorado;Simples;"Declive;Reta";Não;2;1;0;0;0;1;0;2;-13,6476172;-39,4863774;SPRF-BA;DEL05-BA;UOP03-DEL05-BA
671697;05/04/2025;sábado;02:05:00;MG;262;581;CAMPOS ALTOS;Velocidade Incompatível;Queda de ocupante de veículo;Com Vítimas Feridas;Plena Noite;Crescente;Nevoeiro/Neblina;Simples;Reta;Não;1;0;0;1;0;0;1;1;-19,648917;-46,076567;SPRF-MG;DEL08-MG;UOP02-DEL08-MG
671698;05/04/2025;sábado;07:50:00;MG;381;497;BETIM;Ausência de reação do condutor;Tombamento;Com Vítimas Feridas;Pleno dia;Crescente;Chuva;Dupla;Curva;Sim;1;0;1;0;0;0;1;1;-19,98370866;-44,2026394;SPRF-MG;DEL01-MG;UOP03-DEL01-MG
671699;05/04/2025;sábado;06:15:00;PE;232;113;BEZERROS;Condutor Dormindo;Colisão com objeto;Sem Vítimas;Pleno dia;Decrescente;Céu Claro;Dupla;Reta;Sim;1;0;0;0;0;1;0;1;-8,299997;-35,851264;SPRF-PE;DEL02-PE;UOP02-DEL02PE
671700;05/04/2025;sábado;07:55:00;SC;101;149;ITAPEMA;Manobra de mudança de faixa;Colisão traseira;Com Vítimas Feridas;Pleno dia;Crescente;Céu Claro;Múltipla;Reta;Sim;2;0;0;1;1;0;1;2;-27,11515807;-48,60957742;SPRF-SC;DEL04-SC;UOP03-DEL04-SC
671701;08/03/2025;sábado;20:00:00;RS;392;59;RIO GRANDE;Velocidade Incompatível;Atropelamento de Animal;Com Vítimas Feridas;Plena Noite;Decrescente;Chuva;Dupla;Curva;Não;1;0;1;0;0;0;1;1;-31,79584975;-52,34125569;SPRF-RS;DEL07-RS;UOP02-DEL07-RS
671703;04/04/2025;sexta-feira;18:30:00;RJ;465;5;SEROPEDICA;Ausência de reação do condutor;Colisão transversal;Com Vítimas Feridas;Plena Noite;Crescente;Chuva;Simples;Reta;Sim;3;0;2;0;1;0;2;2;-22,7147776;-43,7223424;SPRF-RJ;DEL06-RJ;UOP02-DEL06-RJ
671704;05/04/2025;sábado;08:55:00;PB;230;18;JOAO PESSOA;Velocidade Incompatível;Colisão lateral mesmo sentido;Com Vítimas Feridas;Pleno dia;Decrescente;Céu Claro;Dupla;Reta;Sim;3;0;0;1;2;0;1;3;-7,12136659;-34,84506601;SPRF-PB;DEL01-PB;UOP01-DEL01-PB
671705;05/04/2025;sábado;08:05:00;RJ;495;27;PETROPOLIS;Ausência de sinalização;Colisão lateral sentido oposto;Com Vítimas Feridas;Pleno dia;Crescente;Céu Claro;Dupla;Interseção de Vias;Não;2;0;1;0;1;0;1;2;-22,2789632;-43,1259648;SPRF-RJ;DEL05-RJ;UOP02-DEL05-RJ
671708;05/04/2025;sábado;06:30:00;MG;153;164,8;COMENDADOR GOMES;Velocidade Incompatível;Saída de leito carroçável;Sem Vítimas;Amanhecer;Crescente;Céu Claro;Simples;Reta;Não;1;0;0;0;0;1;0;1;-19,66365;-48,982325;SPRF-MG;DEL13-MG;UOP02-DEL13-MG
671709;05/04/2025;sábado;08:00:00;SC;116;209;MAFRA;Ingestão de álcool pelo condutor;Colisão com objeto;Com Vítimas Feridas;Pleno dia;Crescente;Céu Claro;Dupla;Reta;Sim;2;0;1;0;1;0;1;1;-26,08647487;-49,77916002;SPRF-SC;DEL05-SC;UOP03-DEL05-SC
671710;05/04/2025;sábado;08:15:00;DF;60;3;BRASILIA;Acessar a via sem observar a presença dos outros veículos;Colisão traseira;Com Vítimas Feridas;Pleno dia;Decrescente;Céu Claro;Dupla;Reta;Sim;5;0;1;0;4;0;1;3;-15,8907;-48,0867;SPRF-DF;DEL03-DF;UOP01-DEL03-DF
671711;05/04/2025;sábado;09:20:00;CE;116;13,8;FORTALEZA;Reação tardia ou ineficiente do condutor;Colisão com objeto;Com Vítimas Feridas;Pleno dia;Decrescente;Céu Claro;Múltipla;Reta;Sim;1;0;0;1;0;0;1;1;-3,868527;-38,497675;SPRF-CE;DEL01-CE;UOP02-DEL01-CE
671712;05/04/2025;sábado;09:20:00;MG;40;770,4;JUIZ DE FORA;Ausência de reação do condutor;Capotamento;Com Vítimas Feridas;Pleno dia;Decrescente;Garoa/Chuvisco;Simples;Curva;Não;1;0;0;1;0;0;1;1;-21,6258228;-43,4510855;SPRF-MG;DEL05-MG;UOP01-DEL05-MG
671713;05/04/2025;sábado;09:30:00;PE;101;41;IGARASSU;Manobra de mudança de faixa;Saída de leito carroçável;Com Vítimas Feridas;Pleno dia;Decrescente;Céu Claro;Dupla;"Viaduto;Declive;Curva";Sim;1;0;1;0;0;0;1;1;-7,83178;-34,91362;SPRF-PE;DEL01-PE;UOP02-DEL01-PE
671715;05/04/2025;sábado;10:13:00;ES;101;297;CARIACICA;Acesso irregular;Colisão lateral mesmo sentido;Com Vítimas Feridas;Pleno dia;Decrescente;Céu Claro;Dupla;"Curva;Aclive;Interseção de Vias";Sim;3;0;1;1;1;0;2;2;-20,345774;-40,410576;SPRF-ES;DEL01-ES;UOP01-DEL01-ES
671716;05/04/2025;sábado;09:45:00;RS;116;252;SAPUCAIA DO SUL;Manobra de mudança de faixa;Colisão traseira;Com Vítimas Feridas;Pleno dia;Crescente;Céu Claro;Múltipla;Reta;Sim;4;0;2;0;2;0;2;2;-29,79722849;-51,1651551;SPRF-RS;DEL01-RS;UOP02-DEL01-RS
671718;05/04/2025;sábado;07:55:00;AC;364;123;RIO BRANCO;Ausência de reação do condutor;Engavetamento;Com Vítimas Feridas;Pleno dia;Crescente;Nublado;Dupla;Reta;Sim;8;0;2;1;5;0;3;4;-10,01152733;-67,78549433;SPRF-AC;DEL01-AC;UOP01-DEL01-AC
671719;05/04/2025;sábado;10:30:00;PR;376;296,9;MAUA DA SERRA;Demais falhas mecânicas ou elétricas;Saída de leito carroçável;Com Vítimas Feridas;Pleno dia;Decrescente;Nublado;Simples;"Declive;Interseção de Vias";Não;1;0;0;1;0;0;1;1;-23,908612;-51,194546;SPRF-PR;DEL07-PR;UOP02-DEL07-PR
671720;05/04/2025;sábado;10:24:00;SC;101;121;ITAJAI;Reação tardia ou ineficiente do condutor;Colisão traseira;Com Vítimas Feridas;Pleno dia;Decrescente;Céu Claro;Múltipla;Reta;Não;2;0;1;0;1;0;1;2;-26,92516928;-48,70651245;SPRF-SC;DEL04-SC;UOP04-DEL04-SC
671721;05/04/2025;sábado;10:40:00;RN;101;151,2;GOIANINHA;Reação tardia ou ineficiente do condutor;Tombamento;Com Vítimas Feridas;Pleno dia;Crescente;Nublado;Dupla;Reta;Não;1;0;1;0;0;0;1;1;-6,30363;-35,19132;SPRF-RN;DEL01-RN;UOP01-DEL01-RN
671725;05/04/2025;sábado;09:30:00;MG;381;567,4;ITAGUARA;Chuva;Saída de leito carroçável;Com Vítimas Feridas;Pleno dia;Decrescente;Nublado;Dupla;Curva;Não;2;0;2;0;0;0;2;1;-20,40581714;-44,5192194;SPRF-MG;DEL04-MG;UOP03-DEL04-MG
671727;05/04/2025;sábado;08:55:00;MG;459;18;CALDAS;Velocidade Incompatível;Tombamento;Com Vítimas Fatais;Pleno dia;Crescente;Céu Claro;Simples;Curva;Não;1;1;0;0;0;0;0;1;-21,85048;-46,437825;SPRF-MG;DEL09-MG;UOP01-DEL09-MG
671729;05/04/2025;sábado;09:40:00;MG;40;741,4;SANTOS DUMONT;Reação tardia ou ineficiente do condutor;Tombamento;Com Vítimas Feridas;Pleno dia;Decrescente;Garoa/Chuvisco;Simples;Curva;Não;2;0;1;0;1;0;1;2;-21,4370235;-43,5558725;SPRF-MG;DEL05-MG;UOP01-DEL05-MG
671730;05/04/2025;sábado;07:45:00;GO;40;95,3;CRISTALINA;Retorno proibido;Colisão lateral mesmo sentido;Com Vítimas Feridas;Pleno dia;Crescente;Nublado;Simples;Interseção de Vias;Sim;2;0;1;0;0;1;1;2;-16,752797;-47,605647;SPRF-DF;DEL01-DF;UOP02-DEL01-DF
671731;05/04/2025;sábado;00:15:00;PR;376;591;CURITIBA;Ausência de reação do condutor;Saída de leito carroçável;Sem Vítimas;Plena Noite;Decrescente;Nublado;Simples;Curva;Não;1;0;0;0;0;1;0;1;-25,43149311;-49,36494112;SPRF-PR;DEL03-PR;UOP03-DEL03-PR
671732;05/04/2025;sábado;11:20:00;SC;282;3;FLORIANOPOLIS;Reação tardia ou ineficiente do condutor;Engavetamento;Com Vítimas Feridas;Pleno dia;Decrescente;Céu Claro;Múltipla;Reta;Sim;5;0;5;0;0;0;5;3;-27,596927;-48,60082805;SPRF-SC;DEL01-SC;UOP01-DEL01-SC
671734;05/04/2025;sábado;11:40:00;RS;472;574;URUGUAIANA;Acessar a via sem observar a presença dos outros veículos;Colisão transversal;Com Vítimas Feridas;Pleno dia;Decrescente;Céu Claro;Simples;"Reta;Rotatória";Sim;3;0;2;0;0;1;2;3;-29,76361367;-57,05183029;SPRF-RS;DEL13-RS;UOP01-DEL13-RS
671735;05/04/2025;sábado;11:00:00;PB;230;170;CAMPINA GRANDE;Condutor deixou de manter distância do veículo da frente;Colisão traseira;Com Vítimas Feridas;Pleno dia;Decrescente;Sol;Simples;Reta;Não;2;0;1;0;1;0;1;2;-7,179863;-36,000858;SPRF-PB;DEL02-PB;UOP02-DEL02-PB
671736;05/04/2025;sábado;12:17:00;RJ;101;399;ITAGUAI;Chuva;Colisão com objeto;Sem Vítimas;Pleno dia;Crescente;Chuva;Múltipla;Reta;Sim;2;0;0;0;1;1;0;2;-22,8524032;-43,761664;SPRF-RJ;DEL03-RJ;UOP01-DEL03-RJ
671737;05/04/2025;sábado;12:30:00;MG;381;922,9;CAMANDUCAIA;Acessar a via sem observar a presença dos outros veículos;Colisão transversal;Com Vítimas Feridas;Pleno dia;Decrescente;Nublado;Dupla;"Retorno Regulamentado;Reta;Interseção de Vias";Não;5;0;1;0;4;0;1;2;-22,77166364;-46,18287201;SPRF-MG;DEL16-MG;UOP03-DEL16-MG
671738;05/04/2025;sábado;11:30:00;SC;116;247,9;LAGES;Acessar a via sem observar a presença dos outros veículos;Colisão transversal;Com Vítimas Feridas;Pleno dia;Crescente;Céu Claro;Simples;Reta;Sim;2;0;1;0;1;0;1;2;-27,817869;-50,372856;SPRF-SC;DEL05-SC;UOP02-DEL05-SC
671739;05/04/2025;sábado;12:45:00;SP;116;223;GUARULHOS;Trafegar com motocicleta (ou similar) entre as faixas;Colisão lateral mesmo sentido;Com Vítimas Feridas;Pleno dia;Crescente;Garoa/Chuvisco;Múltipla;"Reta;Interseção de Vias";Sim;2;0;1;0;1;0;1;2;-23,48019861;-46,53281498;SPRF-SP;DEL01-SP;UOP01-DEL01-SP
671742;05/04/2025;sábado;12:15:00;RS;285;516,2;VITORIA DAS MISSOES;Ultrapassagem Indevida;Colisão lateral mesmo sentido;Com Vítimas Feridas;Pleno dia;Decrescente;Céu Claro;Simples;"Reta;Em Obras";Não;3;0;3;0;0;0;3;2;-28,398707;-54,435654;SPRF-RS;DEL10-RS;UOP01-DEL10-RS
671743;05/04/2025;sábado;12:00:00;RJ;40;31;AREAL;Acumulo de água sobre o pavimento;Saída de leito carroçável;Com Vítimas Feridas;Pleno dia;Crescente;Chuva;Dupla;Curva;Não;3;0;2;0;1;0;2;1;-22,19547414;-43,15892862;SPRF-RJ;DEL05-RJ;UOP02-DEL05-RJ
671744;05/04/2025;sábado;10:00:00;RS;470;243;BARAO;Manobra de mudança de faixa;Colisão lateral mesmo sentido;Com Vítimas Feridas;Pleno dia;Crescente;Céu Claro;Simples;Reta;Não;2;0;1;0;1;0;1;2;-29,36384988;-51,51738167;SPRF-RS;DEL06-RS;UOP01-DEL06-RS
671745;05/04/2025;sábado;11:20:00;SC;101;205;SAO JOSE;Reação tardia ou ineficiente do condutor;Engavetamento;Com Vítimas Feridas;Pleno dia;Crescente;Nublado;Múltipla;Reta;Sim;3;0;1;0;2;0;1;3;-27,58292336;-48,61516039;SPRF-SC;DEL01-SC;UOP01-DEL01-SC
671749;05/04/2025;sábado;13:00:00;RO;364;710;PORTO VELHO;Manobra de mudança de faixa;Colisão transversal;Com Vítimas Feridas;Pleno dia;Crescente;Céu Claro;Dupla;"Interseção de Vias;Curva";Sim;3;0;1;0;2;0;1;2;-8,7846999;-63,8592509;SPRF-RO;DEL01-RO;UOP01-DEL01-RO
671750;05/04/2025;sábado;12:15:00;SC;280;82,3;CORUPA;Reação tardia ou ineficiente do condutor;Queda de ocupante de veículo;Com Vítimas Feridas;Pleno dia;Crescente;Céu Claro;Simples;"Aclive;Rotatória;Interseção de Vias";Sim;1;0;1;0;0;0;1;1;-26,43530151;-49,24551845;SPRF-SC;DEL06-SC;UOP03-DEL06-SC
671752;05/04/2025;sábado;10:50:00;MA;316;324,1;OLHO DAGUA DAS CUNHAS;Transitar na contramão;Saída de leito carroçável;Com Vítimas Fatais;Pleno dia;Crescente;Céu Claro;Simples;Reta;Não;4;1;0;3;0;0;3;1;-4,08475741;-45,0496;SPRF-MA;DEL02-MA;UOP01-DEL02-MA
671753;05/04/2025;sábado;14:10:00;MG;381;487;BETIM;Condutor deixou de manter distância do veículo da frente;Colisão traseira;Com Vítimas Feridas;Pleno dia;Decrescente;Chuva;Dupla;Curva;Sim;2;0;1;0;1;0;1;2;-19,95693691;-44,1190953;SPRF-MG;DEL01-MG;UOP03-DEL01-MG
671756;05/04/2025;sábado;15:00:00;PR;277;59;SAO JOSE DOS PINHAIS;Ingestão de álcool pelo condutor;Colisão traseira;Sem Vítimas;Pleno dia;Crescente;Nublado;Dupla;Reta;Não;2;0;0;0;2;0;0;2;-25,55063553;-49,04393971;SPRF-PR;DEL01-PR;UOP01-DEL01-PR
671757;05/04/2025;sábado;13:40:00;MG;381;531,1;ITATIAIUCU;Chuva;Saída de leito carroçável;Com Vítimas Feridas;Pleno dia;Crescente;Nublado;Dupla;Curva;Não;2;0;1;0;1;0;1;1;-20,16284485;-44,35858727;SPRF-MG;DEL04-MG;UOP03-DEL04-MG
671758;05/04/2025;sábado;10:10:00;MG;381;550,2;ITATIAIUCU;Acumulo de água sobre o pavimento;Saída de leito carroçável;Com Vítimas Feridas;Pleno dia;Crescente;Chuva;Dupla;Curva;Não;1;0;1;0;0;0;1;1;-20,2211328;-44,4301312;SPRF-MG;DEL04-MG;UOP03-DEL04-MG
671759;05/04/2025;sábado;15:00:00;PR;369;149,1;LONDRINA;Manobra de mudança de faixa;Colisão lateral mesmo sentido;Com Vítimas Feridas;Pleno dia;Crescente;Céu Claro;Múltipla;Reta;Sim;2;0;1;0;1;0;1;2;-23,2928432;-51,1530368;SPRF-PR;DEL07-PR;UOP01-DEL07-PR
671762;05/04/2025;sábado;13:20:00;BA;367;58;PORTO SEGURO;Ingestão de álcool pelo condutor;Engavetamento;Com Vítimas Feridas;Pleno dia;Decrescente;Nublado;Simples;Reta;Não;7;0;3;0;4;0;3;3;-16,38799;-39,34384;SPRF-BA;DEL09-BA;UOP03-DEL09-BA
671763;05/04/2025;sábado;15:00:00;RJ;101;198;CASIMIRO DE ABREU;Problema na suspensão;Capotamento;Sem Vítimas;Pleno dia;Crescente;Chuva;Dupla;Curva;Não;1;0;0;0;1;0;0;1;-22,49002498;-42,13329054;SPRF-RJ;DEL08-RJ;UOP04-DEL08-RJ
671764;05/04/2025;sábado;15:50:00;PA;230;109;MARABA;Manobra de mudança de faixa;Colisão com objeto;Sem Vítimas;Pleno dia;Crescente;Céu Claro;Simples;"Reta;Ponte";Não;1;0;0;0;0;1;0;1;-5,35038318;-49,09794103;SPRF-PA;DEL03-PA;UOP01-DEL03-PA
671768;05/04/2025;sábado;15:00:00;PR;376;438,7;TIBAGI;Avarias e/ou desgaste excessivo no pneu;Saída de leito carroçável;Sem Vítimas;Pleno dia;Crescente;Chuva;Dupla;"Declive;Curva";Não;1;0;0;0;0;1;0;1;-24,79692079;-50,49448706;SPRF-PR;DEL03-PR;UOP02-DEL03-PR
671769;05/04/2025;sábado;16:00:00;AL;316;256,2;PILAR;Acessar a via sem observar a presença dos outros veículos;Colisão transversal;Com Vítimas Feridas;Pleno dia;Crescente;Céu Claro;Simples;Reta;Não;3;0;2;0;1;0;2;2;-9,59194845;-35,92254639;SPRF-AL;DEL02-AL;UOP01-DEL02-AL
671770;05/04/2025;sábado;11:15:00;PI;230;15,6;FRONTEIRAS;Ausência de reação do condutor;Colisão com objeto;Com Vítimas Fatais;Pleno dia;Crescente;Sol;Simples;"Reta;Declive";Não;2;1;0;1;0;0;1;1;-7,08907485;-40,59729338;SPRF-PI;DEL04-PI;UOP03-DEL04-PI
671772;05/04/2025;sábado;12:24:00;MT;70;523;VARZEA GRANDE;Reação tardia ou ineficiente do condutor;Queda de ocupante de veículo;Com Vítimas Feridas;Pleno dia;Crescente;Nublado;Simples;Reta;Sim;1;0;0;1;0;0;1;1;-15,65066373;-56,19462725;SPRF-MT;DEL01-MT;UOP02-DEL01-MT
671773;05/04/2025;sábado;16:00:00;GO;153;503,8;APARECIDA DE GOIANIA;Ausência de reação do condutor;Queda de ocupante de veículo;Com Vítimas Feridas;Pleno dia;Crescente;Vento;Dupla;Reta;Sim;2;0;1;0;1;0;1;1;-16,733922;-49,242889;SPRF-GO;DEL01-GO;UOP01-DEL01-GO
671775;05/04/2025;sábado;16:30:00;MG;40;618,2;CONGONHAS;Condutor deixou de manter distância do veículo da frente;Colisão traseira;Com Vítimas Feridas;Pleno dia;Crescente;Chuva;Simples;Reta;Não;3;0;1;0;2;0;1;2;-20,4768188;-43,8424405;SPRF-MG;DEL05-MG;UOP02-DEL05-MG
671776;05/04/2025;sábado;16:30:00;SC;101;208,1;SAO JOSE;Acessar a via sem observar a presença dos outros veículos;Colisão traseira;Com Vítimas Feridas;Pleno dia;Crescente;Céu Claro;Múltipla;Interseção de Vias;Não;4;0;2;0;2;0;2;2;-27,604357;-48,632727;SPRF-SC;DEL01-SC;UOP01-DEL01-SC
671777;05/04/2025;sábado;15:48:00;MS;163;558,3;BANDEIRANTES;Acessar a via sem observar a presença dos outros veículos;Colisão transversal;Com Vítimas Feridas;Pleno dia;Crescente;Nublado;Simples;Reta;Não;4;0;1;0;3;0;1;2;-19,829462;-54,370174;SPRF-MS;DEL01-MS;UOP02-DEL01-MS
671779;05/04/2025;sábado;16:35:00;SC;101;216;PALHOCA;Ausência de reação do condutor;Colisão traseira;Com Vítimas Feridas;Pleno dia;Crescente;Céu Claro;Múltipla;Reta;Sim;3;0;1;0;2;0;1;3;-27,66207776;-48,67664153;SPRF-SC;DEL01-SC;UOP02-DEL01-SC
671780;05/04/2025;sábado;13:30:00;RS;285;160,4;MUITOS CAPOES;Velocidade Incompatível;Saída de leito carroçável;Com Vítimas Feridas;Pleno dia;Crescente;Céu Claro;Simples;Curva;Não;2;0;2;0;0;0;2;1;-28,32252;-51,233931;SPRF-RS;DEL05-RS;UOP03-DEL05-RS