id;data_inversa;dia_semana;horario;uf;br;km;municipio;causa_acidente;tipo_acidente;classificacao_acidente;fase_dia;sentido_via;condicao_metereologica;tipo_pista;tracado_via;uso_solo;pessoas;mortos;feridos_leves;feridos_graves;ilesos;ignorados;feridos;veiculos;latitude;longitude;regional;delegacia;uop
671781;05/04/2025;sábado;14:15:00;PR;277;722,8;FOZ DO IGUACU;Acessar a via sem observar a presença dos outros veículos;Colisão traseira;Com Vítimas Feridas;Pleno dia;Decrescente;Céu Claro;Simples;Reta;Sim;2;0;0;1;1;0;1;2;-25,498612;-54,529549;SPRF-PR;DEL05-PR;UOP03-DEL05-PR
671782;05/04/2025;sábado;15:00:00;AM;230;611;HUMAITA;Acessar a via sem observar a presença dos outros veículos;Colisão transversal;Com Vítimas Feridas;Pleno dia;Decrescente;Céu Claro;Simples;"Reta;Interseção de Vias";Não;2;0;1;0;1;0;1;2;-7,50662043;-63,02991629;SPRF-AM;DEL02-AM;UOP01-DEL02-AM
671783;05/04/2025;sábado;17:00:00;SE;101;86,9;NOSSA SENHORA DO SOCORRO;Ingestão de álcool pelo condutor;Saída de leito carroçável;Sem Vítimas;Pleno dia;Decrescente;Céu Claro;Dupla;"Declive;Reta";Não;1;0;0;0;1;0;0;1;-10,86505895;-37,13450605;SPRF-SE;DEL01-SE;UOP01-DEL01-SE
671784;05/04/2025;sábado;17:00:00;BA;324;570;SAO SEBASTIAO DO PASSE;Demais falhas mecânicas ou elétricas;Incêndio;Sem Vítimas;Anoitecer;Decrescente;Céu Claro;Dupla;Reta;Não;1;0;0;0;1;0;0;1;-12,54576375;-38,58125615;SPRF-BA;DEL01-BA;UOP01-DEL01-BA
671785;05/04/2025;sábado;17:04:00;PE;232;32;MORENO;Acumulo de água sobre o pavimento;Colisão com objeto;Com Vítimas Feridas;Anoitecer;Crescente;Chuva;Dupla;"Declive;Curva;Ponte";Não;2;0;2;0;0;0;2;1;-8,104598;-35,169813;SPRF-PE;DEL01-PE;UOP01-DEL01-PE
671786;05/04/2025;sábado;17:10:00;SC;101;102,2;BALNEARIO PICARRAS;Avarias e/ou desgaste excessivo no pneu;Saída de leito carroçável;Com Vítimas Feridas;Pleno dia;Decrescente;Céu Claro;Múltipla;Reta;Sim;1;0;0;1;0;0;1;1;-26,7773969;-48,6851313;SPRF-SC;DEL03-SC;UOP02-DEL03-SC
671787;05/04/2025;sábado;16:18:00;MG;116;527,3;CARATINGA;Ultrapassagem Indevida;Colisão traseira;Com Vítimas Feridas;Pleno dia;Decrescente;Nublado;Simples;Reta;Sim;3;0;2;0;0;1;2;2;-19,79104475;-42,13691354;SPRF-MG;DEL06-MG;UOP02-DEL06-MG
671789;05/04/2025;sábado;16:40:00;PI;230;307;FLORIANO;Transitar no Acostamento;Atropelamento de Pedestre;Com Vítimas Feridas;Pleno dia;Crescente;Céu Claro;Simples;Reta;Sim;4;0;0;1;0;3;1;2;-6,79335407;-42,98352801;SPRF-PI;DEL03-PI;UOP01-DEL03-PI
671790;05/04/2025;sábado;15:30:00;MG;381;652,5;SANTO ANTONIO DO AMPARO;Reação tardia ou ineficiente do condutor;Saída de leito carroçável;Com Vítimas Feridas;Pleno dia;Crescente;Nublado;Dupla;"Declive;Curva";Não;1;0;1;0;0;0;1;1;-20,96267098;-44,92967952;SPRF-MG;DEL04-MG;UOP02-DEL04-MG
671791;05/04/2025;sábado;16:10:00;SC;101;333,7;TUBARAO;Desrespeitar a preferência no cruzamento;Colisão transversal;Com Vítimas Feridas;Pleno dia;Decrescente;Céu Claro;Múltipla;Interseção de Vias;Não;2;0;1;0;1;0;1;2;-28,46968587;-49,01501477;SPRF-SC;DEL02-SC;UOP01-DEL02-SC
671792;05/04/2025;sábado;17:00:00;PR;277;3;CURITIBA;Reação tardia ou ineficiente do condutor;Colisão traseira;Com Vítimas Feridas;Pleno dia;Crescente;Nublado;Dupla;Reta;Sim;2;0;0;1;1;0;1;2;-25,43048834;-49,3332932;SPRF-PR;DEL01-PR;UOP06-DEL01-PR
671793;05/04/2025;sábado;17:50:00;RJ;101;88;CAMPOS DOS GOYTACAZES;Chuva;Saída de leito carroçável;Com Vítimas Feridas;Plena Noite;Decrescente;Chuva;Dupla;Curva;Não;2;0;2;0;0;0;2;1;-21,835863;-41,503622;SPRF-RJ;DEL08-RJ;UOP02-DEL08-RJ
671795;05/04/2025;sábado;15:18:00;PB;110;182;MONTEIRO;Animais na Pista;Atropelamento de Animal;Com Vítimas Feridas;Pleno dia;Crescente;Céu Claro;Simples;Reta;Sim;1;0;0;1;0;0;1;1;-7,91049426;-37,14508079;SPRF-PB;DEL02-PB;UOP02-DEL02-PB
671797;05/04/2025;sábado;17:00:00;MG;116;700,8;MURIAE;Conversão proibida;Colisão lateral sentido oposto;Com Vítimas Feridas;Pleno dia;Crescente;Nublado;Simples;Interseção de Vias;Sim;2;0;1;0;1;0;1;2;-21,11183638;-42,38103747;SPRF-MG;DEL07-MG;UOP02-DEL07-MG
671798;05/04/2025;sábado;16:45:00;SC;282;657,2;SAO MIGUEL DO OESTE;Conversão proibida;Colisão lateral mesmo sentido;Com Vítimas Feridas;Pleno dia;Crescente;Céu Claro;Simples;"Curva;Declive";Não;2;0;1;0;1;0;1;2;-26,6846085;-53,5496123;SPRF-SC;DEL07-SC;UOP03-DEL07-SC
671800;05/04/2025;sábado;17:20:00;MG;40;723,3;BARBACENA;Velocidade Incompatível;Saída de leito carroçável;Com Vítimas Fatais;Pleno dia;Decrescente;Ignorado;Dupla;Curva;Não;2;1;0;0;0;1;0;2;-21,31346143;-43,59595478;SPRF-MG;DEL05-MG;UOP01-DEL05-MG
671802;05/04/2025;sábado;19:00:00;RS;116;232;NOVO HAMBURGO;Ingestão de álcool pelo condutor;Colisão traseira;Sem Vítimas;Plena Noite;Crescente;Céu Claro;Simples;Reta;Sim;3;0;0;0;3;0;0;3;-29,64977512;-51,14423839;SPRF-RS;DEL01-RS;UOP02-DEL01-RS
671803;05/04/2025;sábado;19:15:00;ES;259;61,6;COLATINA;Ingestão de álcool pelo condutor;Colisão transversal;Com Vítimas Feridas;Plena Noite;Crescente;Nublado;Simples;Reta;Não;4;0;2;1;0;1;3;2;-19,5296775;-40,6925889;SPRF-ES;DEL02-ES;UOP01-DEL02-ES
671806;05/04/2025;sábado;19:15:00;PR;376;347;ORTIGUEIRA;Acesso irregular;Colisão transversal;Com Vítimas Feridas;Plena Noite;Decrescente;Céu Claro;Simples;Reta;Não;2;0;1;0;1;0;1;2;-24,18741729;-50,96075264;SPRF-PR;DEL07-PR;UOP02-DEL07-PR
671807;05/04/2025;sábado;17:40:00;MG;116;409;GOVERNADOR VALADARES;Acumulo de areia ou detritos sobre o pavimento;Queda de ocupante de veículo;Com Vítimas Feridas;Anoitecer;Decrescente;Ignorado;Dupla;Reta;Não;1;0;1;0;0;0;1;1;-18,84801528;-41,97966099;SPRF-MG;DEL06-MG;UOP01-DEL06-MG
671808;05/04/2025;sábado;19:00:00;RJ;116;323;ITATIAIA;Transitar na contramão;Colisão frontal;Com Vítimas Feridas;Plena Noite;Crescente;Garoa/Chuvisco;Dupla;Curva;Não;2;0;0;1;1;0;1;2;-22,48949167;-44,55602;SPRF-RJ;DEL07-RJ;UOP02-DEL07-RJ
671809;05/04/2025;sábado;19:50:00;TO;153;334;GUARAI;Transitar na contramão;Colisão frontal;Com Vítimas Feridas;Plena Noite;Crescente;Céu Claro;Múltipla;Reta;Sim;2;0;0;1;0;1;1;2;-8,82623048;-48,51243731;SPRF-TO;DEL02-TO;UOP02-DEL02-TO
671810;05/04/2025;sábado;19:40:00;MG;40;32;PARACATU;Ausência de reação do condutor;Saída de leito carroçável;Com Vítimas Fatais;Plena Noite;Crescente;Céu Claro;Simples;Reta;Não;2;1;0;1;0;0;1;1;-17,1760101;-46,92902997;SPRF-MG;DEL14-MG;UOP01-DEL14-MG
671811;05/04/2025;sábado;05:48:00;SC;101;138;BALNEARIO CAMBORIU;Reação tardia ou ineficiente do condutor;Tombamento;Com Vítimas Feridas;Amanhecer;Crescente;Céu Claro;Dupla;Reta;Sim;1;0;1;0;0;0;1;1;-27,02571135;-48,60674769;SPRF-SC;DEL04-SC;UOP03-DEL04-SC
671812;05/04/2025;sábado;19:10:00;SC;101;331,8;TUBARAO;Acessar a via sem observar a presença dos outros veículos;Colisão transversal;Com Vítimas Feridas;Plena Noite;Decrescente;Céu Claro;Múltipla;Rotatória;Sim;2;0;1;0;1;0;1;2;-28,4658963;-48,99539525;SPRF-SC;DEL02-SC;UOP01-DEL02-SC
671813;05/04/2025;sábado;16:10:00;SC;101;135;BALNEARIO CAMBORIU;Reação tardia ou ineficiente do condutor;Engavetamento;Com Vítimas Feridas;Pleno dia;Decrescente;Céu Claro;Múltipla;Reta;Sim;4;0;1;0;3;0;1;3;-27,00628355;-48,62201428;SPRF-SC;DEL04-SC;UOP03-DEL04-SC
671816;05/04/2025;sábado;20:35:00;RN;101;100,1;NATAL;Velocidade Incompatível;Colisão com objeto;Com Vítimas Feridas;Plena Noite;Decrescente;Céu Claro;Dupla;Reta;Sim;1;0;0;1;0;0;1;1;-5,880295;-35,225063;SPRF-RN;DEL01-RN;UOP01-DEL01-RN
671817;05/04/2025;sábado;20:45:00;MG;381;357;JOAO MONLEVADE;Pedestre - Ingestão de álcool/ substâncias psicoativas;Atropelamento de Pedestre;Com Vítimas Feridas;Plena Noite;Decrescente;Chuva;Simples;Rotatória;Sim;3;0;3;0;0;0;3;2;-19,8392629;-43,18097826;SPRF-MG;DEL03-MG;UOP01-DEL03-MG
671819;05/04/2025;sábado;19:00:00;RO;364;236;CACOAL;Desrespeitar a preferência no cruzamento;Colisão transversal;Com Vítimas Feridas;Plena Noite;Decrescente;Nublado;Simples;"Interseção de Vias;Retorno Regulamentado;Aclive;Reta";Sim;3;0;2;0;1;0;2;2;-11,44566693;-61,43939668;SPRF-RO;DEL02-RO;UOP02-DEL02-RO
671820;05/04/2025;sábado;15:40:00;RJ;101;316,5;SAO GONCALO;Acumulo de óleo sobre o pavimento;Queda de ocupante de veículo;Com Vítimas Feridas;Pleno dia;Decrescente;Chuva;Dupla;Reta;Sim;1;0;1;0;0;0;1;1;-22,8917248;-43,1259648;SPRF-RJ;DEL02-RJ;UOP02-DEL02-RJ
671822;05/04/2025;sábado;20:44:00;SC;101;115;ITAJAI;Condutor deixou de manter distância do veículo da frente;Colisão traseira;Com Vítimas Feridas;Plena Noite;Decrescente;Céu Claro;Dupla;Reta;Sim;3;0;2;0;1;0;2;2;-26,87840668;-48,72722627;SPRF-SC;DEL04-SC;UOP04-DEL04-SC
671823;05/04/2025;sábado;20:50:00;BA;101;171;FEIRA DE SANTANA;Ingestão de álcool pelo condutor;Colisão traseira;Com Vítimas Feridas;Pleno dia;Crescente;Céu Claro;Simples;Reta;Não;2;0;1;0;1;0;1;2;-12,3591746;-38,8631592;SPRF-BA;DEL01-BA;UOP03-DEL01-BA
671824;05/04/2025;sábado;21:00:00;SE;235;47,2;ITABAIANA;Ingestão de álcool pelo condutor;Colisão com objeto;Sem Vítimas;Plena Noite;Decrescente;Céu Claro;Simples;Reta;Não;1;0;0;0;1;0;0;1;-10,70724161;-37,42690086;SPRF-SE;DEL01-SE;UOP02-DEL01-SE
671825;05/04/2025;sábado;23:10:00;GO;60;100;ANAPOLIS;Ingestão de álcool pelo condutor;Saída de leito carroçável;Sem Vítimas;Plena Noite;Crescente;Ignorado;Dupla;Viaduto;Sim;1;0;0;0;0;1;0;1;-16,32041853;-48,87052294;SPRF-GO;DEL02-GO;UOP01-DEL02-GO
671827;05/04/2025;sábado;14:50:00;PR;116;8;CAMPINA GRANDE DO SUL;Chuva;Saída de leito carroçável;Sem Vítimas;Pleno dia;Decrescente;Chuva;Dupla;Reta;Não;1;0;0;0;0;1;0;1;-25,08195;-48,626089;SPRF-PR;DEL01-PR;UOP02-DEL01-PR
671832;05/04/2025;sábado;16:05:00;PR;163;31,8;SANTO ANTONIO DO SUDOESTE;Ultrapassagem Indevida;Colisão frontal;Com Vítimas Feridas;Pleno dia;Crescente;Nublado;Simples;"Declive;Curva";Não;6;0;0;2;2;2;2;3;-26,093117;-53,712473;SPRF-PR;DEL02-PR;UOP02-DEL02-PR
671833;05/04/2025;sábado;21:00:00;ES;259;55;COLATINA;Conversão proibida;Colisão lateral sentido oposto;Com Vítimas Feridas;Plena Noite;Crescente;Nublado;Simples;Curva;Sim;2;0;1;0;0;1;1;2;-19,50134934;-40,62826227;SPRF-ES;DEL02-ES;UOP01-DEL02-ES
671834;05/04/2025;sábado;21:30:00;RJ;116;172;SAO JOAO DE MERITI;Pedestre - Ingestão de álcool/ substâncias psicoativas;Colisão com objeto;Com Vítimas Feridas;Plena Noite;Crescente;Céu Claro;Dupla;Reta;Sim;3;0;1;0;2;0;1;1;-22,8004857;-43,3521619;SPRF-RJ;DEL06-RJ;UOP01-DEL06-RJ
671835;05/04/2025;sábado;20:00:00;PR;277;122;CAMPO LARGO;Acessar a via sem observar a presença dos outros veículos;Colisão traseira;Com Vítimas Feridas;Plena Noite;Decrescente;Garoa/Chuvisco;Dupla;Reta;Não;2;0;1;0;1;0;1;2;-25,445323;-49,498367;SPRF-PR;DEL03-PR;UOP03-DEL03-PR
671837;05/04/2025;sábado;21:10:00;SP;381;75;SAO PAULO;Chuva;Saída de leito carroçável;Sem Vítimas;Plena Noite;Decrescente;Garoa/Chuvisco;Dupla;Curva;Não;2;0;0;0;2;0;0;1;-23,37669345;-46,56329119;SPRF-SP;DEL03-SP;UOP01-DEL03-SP
671838;05/04/2025;sábado;20:30:00;AL;416;48;IBATEGUARA;Falta de elemento de contenção que evite a saída do leito carroçável;Saída de leito carroçável;Com Vítimas Fatais;Plena Noite;Decrescente;Céu Claro;Simples;Reta;Não;2;1;0;1;0;0;1;1;-8,962369;-35,939293;SPRF-AL;DEL01-AL;UOP02-DEL01-AL
671840;05/04/2025;sábado;19:00:00;MT;364;202,2;RONDONOPOLIS;Mal súbito do condutor;Colisão frontal;Com Vítimas Feridas;Plena Noite;Crescente;Garoa/Chuvisco;Dupla;Reta;Sim;6;0;3;3;0;0;6;2;-16,478759;-54,651877;SPRF-MT;DEL02-MT;UOP01-DEL02-MT
671841;05/04/2025;sábado;21:40:00;SP;116;156,2;SAO JOSE DOS CAMPOS;Reação tardia ou ineficiente do condutor;Tombamento;Com Vítimas Feridas;Plena Noite;Decrescente;Chuva;Dupla;Reta;Sim;1;0;1;0;0;0;1;1;-23,25035676;-45,93552232;SPRF-SP;DEL02-SP;UOP01-DEL02-SP
671842;05/04/2025;sábado;21:58:00;PE;104;33;CARUARU;Transitar na contramão;Colisão frontal;Com Vítimas Fatais;Plena Noite;Crescente;Nublado;Simples;"Em Obras;Reta";Não;4;1;0;2;1;0;2;3;-8,2104401;-35,9719199;SPRF-PE;DEL02-PE;UOP01-DEL02-PE
671843;05/04/2025;sábado;21:15:00;RS;285;127,1;VACARIA;Acessar a via sem observar a presença dos outros veículos;Colisão transversal;Com Vítimas Feridas;Plena Noite;Crescente;Céu Claro;Simples;Curva;Não;4;0;1;0;3;0;1;2;-28,46662578;-50,97192764;SPRF-RS;DEL05-RS;UOP03-DEL05-RS
671849;05/04/2025;sábado;21:55:00;PE;423;101,6;GARANHUNS;Acessar a via sem observar a presença dos outros veículos;Colisão transversal;Com Vítimas Feridas;Plena Noite;Decrescente;Céu Claro;Simples;"Reta;Declive";Não;3;0;0;3;0;0;3;2;-8,872482;-36,534837;SPRF-PE;DEL03-PE;UOP01-DEL03-PE
671851;05/04/2025;sábado;21:00:00;RN;226;4;NATAL;Acessar a via sem observar a presença dos outros veículos;Colisão transversal;Com Vítimas Feridas;Plena Noite;Decrescente;Céu Claro;Simples;Reta;Sim;2;0;0;1;1;0;1;2;-5,819361;-35,261264;SPRF-RN;DEL01-RN;UOP02-DEL01-RN
671852;05/04/2025;sábado;20:50:00;AC;364;126;RIO BRANCO;Ausência de reação do condutor;Queda de ocupante de veículo;Com Vítimas Feridas;Plena Noite;Crescente;Nublado;Simples;Interseção de Vias;Não;1;0;0;1;0;0;1;1;-10,01335484;-67,80959781;SPRF-AC;DEL01-AC;UOP01-DEL01-AC
671853;05/04/2025;sábado;22:20:00;SP;116;170;JACAREI;Reação tardia ou ineficiente do condutor;Colisão com objeto;Com Vítimas Feridas;Pleno dia;Decrescente;Chuva;Dupla;Curva;Não;2;0;2;0;0;0;2;1;-23,31365337;-46,06576681;SPRF-SP;DEL02-SP;UOP01-DEL02-SP
671855;05/04/2025;sábado;18:50:00;GO;80;128;BARRO ALTO;Velocidade Incompatível;Colisão traseira;Com Vítimas Feridas;Plena Noite;Decrescente;Céu Claro;Simples;"Reta;Declive";Não;2;0;1;1;0;0;2;2;-15,005732;-48,90305;SPRF-GO;DEL07-GO;UOP02-DEL07-GO
671856;05/04/2025;sábado;20:00:00;BA;116;10,5;VITORIA DA CONQUISTA;Acessar a via sem observar a presença dos outros veículos;Colisão transversal;Com Vítimas Fatais;Plena Noite;Crescente;Céu Claro;Simples;Curva;Sim;2;1;1;0;0;0;1;2;-14,86426;-40,87281;SPRF-BA;DEL08-BA;UOP01-DEL08-BA
671857;05/04/2025;sábado;21:30:00;BA;116;14;VITORIA DA CONQUISTA;Faróis desregulados;Colisão frontal;Com Vítimas Feridas;Plena Noite;Crescente;Céu Claro;Simples;Reta;Não;3;0;2;0;1;0;2;2;-14,89437;-40,86391;SPRF-BA;DEL08-BA;UOP01-DEL08-BA
671858;05/04/2025;sábado;21:50:00;SP;381;54;ATIBAIA;Reação tardia ou ineficiente do condutor;Queda de ocupante de veículo;Com Vítimas Fatais;Plena Noite;Decrescente;Nublado;Dupla;"Reta;Declive";Não;4;1;0;1;2;0;1;2;-23,23304329;-46,60181484;SPRF-SP;DEL03-SP;UOP01-DEL03-SP
671859;05/04/2025;sábado;23:15:00;SC;470;67,5;INDAIAL;Condutor Dormindo;Saída de leito carroçável;Com Vítimas Feridas;Plena Noite;Crescente;Céu Claro;Simples;Reta;Não;1;0;0;1;0;0;1;1;-26,87075971;-49,22892982;SPRF-SC;DEL04-SC;UOP01-DEL04-SC
671860;05/04/2025;sábado;11:00:00;SC;282;110;ALFREDO WAGNER;Ausência de reação do condutor;Colisão traseira;Com Vítimas Feridas;Pleno dia;Crescente;Céu Claro;Simples;"Reta;Aclive";Não;4;0;3;0;1;0;3;2;-27,71542491;-49,35735919;SPRF-SC;DEL01-SC;UOP03-DEL01-SC
671861;05/04/2025;sábado;23:00:00;MA;222;672;ACAILANDIA;Transitar na contramão;Colisão transversal;Com Vítimas Feridas;Plena Noite;Crescente;Céu Claro;Simples;Reta;Sim;3;0;1;2;0;0;3;2;-4,945519;-47,473365;SPRF-MA;DEL04-MA;UOP03-DEL04-MA
671862;05/04/2025;sábado;22:40:00;RJ;101;316;SAO GONCALO;Ausência de sinalização;Saída de leito carroçável;Com Vítimas Feridas;Plena Noite;Decrescente;Garoa/Chuvisco;Dupla;Curva;Sim;4;0;3;0;1;0;3;1;-22,7928728;-43,0248147;SPRF-RJ;DEL02-RJ;UOP02-DEL02-RJ
671863;05/04/2025;sábado;22:40:00;MG;40;514;RIBEIRAO DAS NEVES;Ausência de reação do condutor;Saída de leito carroçável;Sem Vítimas;Plena Noite;Crescente;Garoa/Chuvisco;Dupla;Reta;Sim;1;0;0;0;1;0;0;1;-19,81696349;-44,08928197;SPRF-MG;DEL01-MG;UOP02-DEL01-MG
671864;05/04/2025;sábado;23:50:00;RJ;101;61;CAMPOS DOS GOYTACAZES;Acessar a via sem observar a presença dos outros veículos;Colisão transversal;Com Vítimas Feridas;Plena Noite;Crescente;Chuva;Dupla;Reta;Sim;2;0;1;0;1;0;1;2;-21,72758026;-41,32229447;SPRF-RJ;DEL08-RJ;UOP01-DEL08-RJ
671866;05/04/2025;sábado;22:30:00;GO;50;276,9;CATALAO;Ingestão de álcool pelo condutor;Tombamento;Com Vítimas Feridas;Plena Noite;Decrescente;Céu Claro;Simples;Interseção de Vias;Sim;1;0;1;0;0;0;1;1;-18,1653746;-47,91058302;SPRF-GO;DEL06-GO;UOP01-DEL06-GO
671867;06/04/2025;domingo;00:28:00;ES;262;162;IBATIBA;Ultrapassagem Indevida;Colisão lateral mesmo sentido;Com Vítimas Feridas;Plena Noite;Crescente;Céu Claro;Simples;Curva;Não;3;0;1;1;0;1;2;2;-20,2351362;-41,5299927;SPRF-ES;DEL01-ES;UOP02-DEL01-ES
671869;05/04/2025;sábado;21:20:00;RR;174;366;CARACARAI;Iluminação deficiente;Colisão traseira;Com Vítimas Fatais;Plena Noite;Decrescente;Nublado;Simples;Reta;Não;2;1;0;0;1;0;0;2;1,824933;-61,135156;SPRF-RR;DEL01-RR;UOP01-DEL01-RR
671870;05/04/2025;sábado;22:15:00;MG;262;42;MANHUACU;Reação tardia ou ineficiente do condutor;Saída de leito carroçável;Com Vítimas Fatais;Plena Noite;Crescente;Nublado;Simples;Curva;Não;1;1;0;0;0;0;0;1;-20,2609021;-42,09682346;SPRF-MG;DEL06-MG;UOP03-DEL06-MG
671872;05/04/2025;sábado;23:40:00;MT;163;835;SINOP;Reação tardia ou ineficiente do condutor;Saída de leito carroçável;Sem Vítimas;Plena Noite;Crescente;Céu Claro;Dupla;"Curva;Em Obras;Viaduto;Declive";Sim;1;0;0;0;1;0;0;1;-11,85794224;-55,49426204;SPRF-MT;DEL06-MT;UOP02-DEL06-MT
671873;06/04/2025;domingo;00:30:00;RN;304;105;ACU;Condutor deixou de manter distância do veículo da frente;Colisão traseira;Com Vítimas Feridas;Plena Noite;Crescente;Céu Claro;Simples;Reta;Não;2;0;2;0;0;0;2;2;-5,58731446;-36,98324941;SPRF-RN;DEL04-RN;UOP01-DEL04-RN
671874;06/04/2025;domingo;01:12:00;SC;101;112;NAVEGANTES;Reação tardia ou ineficiente do condutor;Tombamento;Com Vítimas Feridas;Anoitecer;Decrescente;Céu Claro;Múltipla;Reta;Não;2;0;2;0;0;0;2;1;-26,84337618;-48,71816301;SPRF-SC;DEL04-SC;UOP04-DEL04-SC
671877;06/04/2025;domingo;02:30:00;PR;116;114;CURITIBA;Ingestão de álcool pelo condutor;Saída de leito carroçável;Sem Vítimas;Plena Noite;Crescente;Céu Claro;Dupla;Reta;Não;1;0;0;0;1;0;0;1;-25,5472109;-49,29006552;SPRF-PR;DEL01-PR;UOP03-DEL01-PR
671878;06/04/2025;domingo;00:20:00;PB;230;155,4;CAMPINA GRANDE;Desrespeitar a preferência no cruzamento;Colisão transversal;Sem Vítimas;Plena Noite;Crescente;Céu Claro;Simples;"Reta;Em Obras";Sim;2;0;0;0;1;1;0;2;-7,275145;-35,9048843;SPRF-PB;DEL02-PB;UOP01-DEL02-PB
671879;06/04/2025;domingo;01:00:00;SC;282;226;LAGES;Reação tardia ou ineficiente do condutor;Saída de leito carroçável;Com Vítimas Feridas;Plena Noite;Crescente;Céu Claro;Simples;"Reta;Declive";Não;2;0;1;0;1;0;1;1;-27,79526957;-50,38494045;SPRF-SC;DEL05-SC;UOP02-DEL05-SC
671880;06/04/2025;domingo;00:10:00;SC;101;372,7;ICARA;Condutor Dormindo;Colisão com objeto;Sem Vítimas;Plena Noite;Crescente;Céu Claro;Dupla;"Curva;Viaduto";Não;1;0;0;0;1;0;0;1;-28,71588299;-49,22975779;SPRF-SC;DEL02-SC;UOP01-DEL02-SC
671882;06/04/2025;domingo;01:10:00;SC;101;84,6;BARRA VELHA;Pedestre cruzava a pista fora da faixa;Atropelamento de Pedestre;Com Vítimas Fatais;Plena Noite;Crescente;Nublado;Múltipla;Reta;Sim;9;2;1;0;3;3;1;3;-26,630042;-48,705923;SPRF-SC;DEL03-SC;UOP02-DEL03-SC
671883;06/04/2025;domingo;02:30:00;PR;277;82,5;CURITIBA;Condutor deixou de manter distância do veículo da frente;Colisão traseira;Com Vítimas Feridas;Plena Noite;Decrescente;Nublado;Dupla;Reta;Sim;6;0;1;0;5;0;1;2;-25,454098;-49,225246;SPRF-PR;DEL01-PR;UOP03-DEL01-PR
671884;06/04/2025;domingo;02:10:00;MS;376;168,6;NOVA ANDRADINA;Reação tardia ou ineficiente do condutor;Saída de leito carroçável;Com Vítimas Feridas;Plena Noite;Decrescente;Céu Claro;Simples;Reta;Não;2;0;2;0;0;0;2;1;-22,291165;-53,384061;SPRF-MS;DEL04-MS;UOP04-DEL04-MS
671886;06/04/2025;domingo;03:40:00;MG;116;753;LEOPOLDINA;Demais falhas mecânicas ou elétricas;Incêndio;Sem Vítimas;Plena Noite;Crescente;Céu Claro;Simples;Reta;Não;3;0;0;0;3;0;0;1;-21,4783306;-42,572936;SPRF-MG;DEL07-MG;UOP01-DEL07-MG
671887;06/04/2025;domingo;01:40:00;GO;364;114;APARECIDA DO RIO DOCE;Ingestão de álcool pelo condutor;Saída de leito carroçável;Sem Vítimas;Plena Noite;Decrescente;Céu Claro;Simples;Reta;Não;1;0;0;0;1;0;0;1;-18,2924008;-51,15652314;SPRF-GO;DEL05-GO;UOP02-DEL05-GO
671889;06/04/2025;domingo;04:20:00;GO;153;435;ANAPOLIS;Ingestão de álcool pelo condutor;Colisão lateral mesmo sentido;Sem Vítimas;Plena Noite;Crescente;Ignorado;Dupla;"Declive;Curva";Sim;2;0;0;0;1;1;0;2;-16,28857;-48,938567;SPRF-GO;DEL02-GO;UOP01-DEL02-GO
671890;06/04/2025;domingo;00:03:00;PR;277;708;SANTA TEREZINHA DE ITAIPU;Ingestão de substâncias psicoativas pelo condutor;Colisão lateral sentido oposto;Com Vítimas Feridas;Plena Noite;Decrescente;Céu Claro;Dupla;Reta;Sim;3;0;3;0;0;0;3;2;-25,445393;-54,40112;SPRF-PR;DEL05-PR;UOP01-DEL05-PR
671891;06/04/2025;domingo;04:45:00;MG;381;491;BETIM;Reação tardia ou ineficiente do condutor;Colisão com objeto;Com Vítimas Feridas;Plena Noite;Decrescente;Nublado;Dupla;Reta;Sim;1;0;1;0;0;0;1;1;-19,95889;-44,151466;SPRF-MG;DEL01-MG;UOP03-DEL01-MG
671892;06/04/2025;domingo;04:35:00;RS;116;150,8;CAXIAS DO SUL;Ingestão de álcool pelo condutor;Colisão com objeto;Sem Vítimas;Plena Noite;Decrescente;Céu Claro;Dupla;"Reta;Aclive";Sim;2;0;0;0;0;2;0;2;-29,173899;-51,160939;SPRF-RS;DEL05-RS;UOP01-DEL05-RS
671893;06/04/2025;domingo;04:20:00;PE;104;82,3;AGRESTINA;Ingestão de álcool pelo condutor;Colisão lateral sentido oposto;Sem Vítimas;Amanhecer;Crescente;Chuva;Simples;"Ponte;Declive";Não;4;0;0;0;4;0;0;2;-8,418448;-35,965151;SPRF-PE;DEL02-PE;UOP01-DEL02-PE
671894;06/04/2025;domingo;04:15:00;SC;101;9;GARUVA;Ingestão de álcool pelo condutor;Tombamento;Com Vítimas Feridas;Plena Noite;Decrescente;Garoa/Chuvisco;Múltipla;Reta;Não;2;0;2;0;0;0;2;1;-26,05208365;-48,85943944;SPRF-SC;DEL03-SC;UOP01-DEL03-SC
671895;06/04/2025;domingo;04:30:00;BA;101;951;MUCURI;Ausência de reação do condutor;Saída de leito carroçável;Com Vítimas Feridas;Amanhecer;Crescente;Céu Claro;Simples;Reta;Não;2;0;2;0;0;0;2;1;-18,11727552;-39,89120009;SPRF-BA;DEL09-BA;UOP02-DEL09-BA
671896;06/04/2025;domingo;05:15:00;PB;230;513,5;CAJAZEIRAS;Ingestão de álcool pelo condutor;Tombamento;Com Vítimas Feridas;Amanhecer;Crescente;Céu Claro;Simples;"Reta;Declive";Não;1;0;0;1;0;0;1;1;-6,877752;-38,635307;SPRF-PB;DEL03-PB;UOP03-DEL03-PB
671898;06/04/2025;domingo;04:00:00;RJ;393;227;VASSOURAS;Ausência de reação do condutor;Colisão traseira;Com Vítimas Feridas;Plena Noite;Crescente;Nublado;Simples;Reta;Não;4;0;1;1;2;0;2;2;-22,37586694;-43,62934456;SPRF-RJ;DEL05-RJ;UOP03-DEL05-RJ