id;data_inversa;dia_semana;horario;uf;br;km;municipio;causa_acidente;tipo_acidente;classificacao_acidente;fase_dia;sentido_via;condicao_metereologica;tipo_pista;tracado_via;uso_solo;pessoas;mortos;feridos_leves;feridos_graves;ilesos;ignorados;feridos;veiculos;latitude;longitude;regional;delegacia;uop
671899;06/04/2025;domingo;04:47:00;GO;153;34;PORANGATU;Ausência de reação do condutor;Colisão com objeto;Sem Vítimas;Plena Noite;Crescente;Céu Claro;Simples;Reta;Não;1;0;0;0;1;0;0;1;-13,4063692;-49,1313425;SPRF-GO;DEL07-GO;UOP01-DEL07-GO
671900;06/04/2025;domingo;05:50:00;PE;428;187;PETROLINA;Ingestão de álcool pelo condutor;Colisão traseira;Com Vítimas Feridas;Amanhecer;Crescente;Céu Claro;Dupla;Reta;Sim;3;0;1;0;1;1;1;2;-9,368359;-40,485023;SPRF-PE;DEL06-PE;UOP01-DEL06-PE
671902;06/04/2025;domingo;05:20:00;MG;40;718,3;BARBACENA;Transitar na contramão;Colisão frontal;Com Vítimas Feridas;Amanhecer;Crescente;Nublado;Dupla;Curva;Não;3;0;0;2;1;0;2;2;-21,288036;-43,642009;SPRF-MG;DEL05-MG;UOP01-DEL05-MG
671903;06/04/2025;domingo;04:40:00;SC;101;134;BALNEARIO CAMBORIU;Ausência de reação do condutor;Colisão com objeto;Sem Vítimas;Plena Noite;Decrescente;Nublado;Múltipla;Interseção de Vias;Sim;2;0;0;0;1;1;0;1;-27,00372555;-48,63027549;SPRF-SC;DEL04-SC;UOP03-DEL04-SC
671904;06/04/2025;domingo;03:30:00;PE;232;56,4;POMBOS;Pedestre andava na pista;Saída de leito carroçável;Com Vítimas Feridas;Plena Noite;Decrescente;Chuva;Dupla;Reta;Não;2;0;2;0;0;0;2;1;-8,13767674;-35,37304575;SPRF-PE;DEL02-PE;UOP02-DEL02PE
671905;06/04/2025;domingo;06:33:00;RJ;116;184;NOVA IGUACU;Ausência de reação do condutor;Colisão traseira;Com Vítimas Feridas;Amanhecer;Decrescente;Nublado;Dupla;Reta;Não;4;0;2;0;1;1;2;3;-22,7482422;-43,4443263;SPRF-RJ;DEL06-RJ;UOP01-DEL06-RJ
671906;06/04/2025;domingo;06:04:00;BA;324;536;CONCEICAO DO JACUIPE;Velocidade Incompatível;Saída de leito carroçável;Com Vítimas Feridas;Pleno dia;Decrescente;Céu Claro;Dupla;Reta;Não;3;0;2;0;1;0;2;1;-12,366155;-38,81767333;SPRF-BA;DEL01-BA;UOP03-DEL01-BA
671907;06/04/2025;domingo;05:55:00;SP;116;119;CACAPAVA;Ausência de reação do condutor;Colisão traseira;Com Vítimas Feridas;Amanhecer;Decrescente;Nublado;Dupla;Reta;Não;2;0;1;0;0;1;1;2;-23,07363773;-45,64767569;SPRF-SP;DEL02-SP;UOP02-DEL02-SP
671908;06/04/2025;domingo;06:50:00;MG;381;523,1;BRUMADINHO;Ausência de reação do condutor;Queda de ocupante de veículo;Com Vítimas Feridas;Pleno dia;Decrescente;Nublado;Dupla;Curva;Não;1;0;1;0;0;0;1;1;-20,16361027;-44,33940411;SPRF-MG;DEL04-MG;UOP03-DEL04-MG
671909;06/04/2025;domingo;02:16:00;RO;364;426;JARU;Ausência de reação do condutor;Tombamento;Com Vítimas Feridas;Plena Noite;Decrescente;Nublado;Simples;Reta;Não;1;0;1;0;0;0;1;1;-10,43465648;-62,47626543;SPRF-RO;DEL03-RO;UOP02-DEL03-RO
671911;06/04/2025;domingo;05:50:00;PE;232;25,1;MORENO;Reação tardia ou ineficiente do condutor;Saída de leito carroçável;Com Vítimas Feridas;Pleno dia;Crescente;Chuva;Dupla;Curva;Não;4;0;4;0;0;0;4;1;-8,11576;-35,112;SPRF-PE;DEL01-PE;UOP01-DEL01-PE
671912;06/04/2025;domingo;02:30:00;MT;70;515;VARZEA GRANDE;Reação tardia ou ineficiente do condutor;Colisão frontal;Com Vítimas Feridas;Plena Noite;Crescente;Chuva;Simples;Reta;Não;3;0;1;2;0;0;3;2;-15,70633495;-56,13921281;SPRF-MT;DEL01-MT;UOP02-DEL01-MT
671913;06/04/2025;domingo;03:30:00;MT;364;399;CUIABA;Ausência de reação do condutor;Eventos atípicos;Sem Vítimas;Plena Noite;Crescente;Chuva;Dupla;Reta;Sim;1;0;0;0;0;1;0;1;-15,68309315;-55,92225552;SPRF-MT;DEL01-MT;UOP02-DEL01-MT
671914;06/04/2025;domingo;07:00:00;ES;101;267;SERRA;Ausência de reação do condutor;Colisão traseira;Com Vítimas Feridas;Pleno dia;Crescente;Garoa/Chuvisco;Múltipla;Reta;Sim;3;0;0;2;1;0;2;2;-20,205417;-40,269545;SPRF-ES;DEL02-ES;UOP01-DEL02-ES
671915;06/04/2025;domingo;05:46:00;AP;210;66;FERREIRA GOMES;Ausência de reação do condutor;Capotamento;Sem Vítimas;Amanhecer;Crescente;Nublado;Simples;Curva;Não;1;0;0;0;0;1;0;1;0,43277031;-51,0436821;SPRF-AP;DEL01-AP;UOP01-DEL01-AP
671916;06/04/2025;domingo;06:50:00;PA;316;44,8;SANTA IZABEL DO PARA;Ausência de reação do condutor;Saída de leito carroçável;Sem Vítimas;Amanhecer;Crescente;Nublado;Dupla;Reta;Não;1;0;0;0;0;1;0;1;-1,306038;-48,007091;SPRF-PA;DEL01-PA;UOP01-DEL01-PA
671917;05/04/2025;sábado;20:30:00;SP;116;515;CAJATI;Demais falhas mecânicas ou elétricas;Incêndio;Sem Vítimas;Pleno dia;Crescente;Chuva;Simples;"Curva;Aclive";Não;1;0;0;0;1;0;0;1;-24,869376;-48,216164;SPRF-SP;DEL05-SP;UOP02-DEL05-SP
671918;05/04/2025;sábado;21:00:00;PR;163;244;TOLEDO;Ingestão de álcool pelo condutor;Colisão com objeto;Sem Vítimas;Plena Noite;Decrescente;Céu Claro;Múltipla;"Declive;Curva";Não;1;0;0;0;1;0;0;1;-24,705841;-53,724738;SPRF-PR;DEL06-PR;UOP02-DEL06-PR
671919;06/04/2025;domingo;05:50:00;PR;153;313,9;IMBITUVA;Reação tardia ou ineficiente do condutor;Saída de leito carroçável;Sem Vítimas;Amanhecer;Crescente;Garoa/Chuvisco;Simples;Reta;Não;1;0;0;0;0;1;0;1;-25,335336;-50,635728;SPRF-PR;DEL08-PR;UOP02-DEL08-PR
671920;06/04/2025;domingo;07:55:00;RS;158;323;SANTA MARIA;Reação tardia ou ineficiente do condutor;Colisão com objeto;Sem Vítimas;Pleno dia;Crescente;Céu Claro;Dupla;Reta;Sim;1;0;0;0;0;1;0;1;-29,696044;-53,786833;SPRF-RS;DEL09-RS;UOP01-DEL09-RS
671922;06/04/2025;domingo;06:30:00;RR;174;457;BOA VISTA;Condutor Dormindo;Saída de leito carroçável;Com Vítimas Feridas;Amanhecer;Crescente;Nublado;Simples;Reta;Não;1;0;0;1;0;0;1;1;2,50063745;-60,8831209;SPRF-RR;DEL01-RR;UOP01-DEL01-RR
671923;06/04/2025;domingo;05:40:00;MT;174;384;CONQUISTA DOESTE;Animais na Pista;Atropelamento de Animal;Com Vítimas Fatais;Amanhecer;Crescente;Céu Claro;Simples;Reta;Não;2;1;0;0;1;0;0;2;-14,5095913;-59,5660351;SPRF-MT;DEL04-MT;UOP01-DEL04-MT
671924;06/04/2025;domingo;07:09:00;PI;343;345;TERESINA;Desrespeitar a preferência no cruzamento;Colisão transversal;Com Vítimas Feridas;Pleno dia;Decrescente;Nublado;Dupla;"Em Obras;Interseção de Vias";Sim;2;0;0;1;1;0;1;2;-5,10620433;-42,76805878;SPRF-PI;DEL01-PI;UOP01-DEL01-PI
671925;06/04/2025;domingo;08:00:00;SP;116;54;LORENA;Demais falhas mecânicas ou elétricas;Tombamento;Com Vítimas Feridas;Pleno dia;Crescente;Nublado;Dupla;Reta;Sim;1;0;1;0;0;0;1;1;-22,75632055;-45,11242881;SPRF-SP;DEL08-SP;UOP02-DEL08-SP
671926;06/04/2025;domingo;08:20:00;MA;226;299;BARRA DO CORDA;Conversão proibida;Colisão transversal;Com Vítimas Feridas;Pleno dia;Crescente;Sol;Simples;Reta;Não;2;0;1;0;1;0;1;2;-5,502;-45,24666;SPRF-MA;DEL06-MA;UOP01-DEL06-MA
671927;06/04/2025;domingo;09:00:00;PB;104;115;LAGOA SECA;Ingestão de álcool pelo condutor;Colisão traseira;Sem Vítimas;Pleno dia;Decrescente;Céu Claro;Simples;Reta;Não;2;0;0;0;2;0;0;2;-7,1620632;-35,85705042;SPRF-PB;DEL02-PB;UOP04-DEL02-PB
671928;06/04/2025;domingo;08:13:00;PE;104;13,6;TAQUARITINGA DO NORTE;Ultrapassagem Indevida;Colisão frontal;Com Vítimas Feridas;Pleno dia;Decrescente;Céu Claro;Simples;Reta;Não;4;0;1;0;1;2;1;3;-7,902072;-36,114998;SPRF-PE;DEL02-PE;UOP01-DEL02-PE
671930;06/04/2025;domingo;09:45:00;RS;290;92;PORTO ALEGRE;Reação tardia ou ineficiente do condutor;Colisão lateral mesmo sentido;Com Vítimas Feridas;Pleno dia;Decrescente;Céu Claro;Dupla;Reta;Não;3;0;2;0;1;0;2;2;-29,97156222;-51,17647994;SPRF-RS;DEL01-RS;UOP01-DEL01-RS
671931;06/04/2025;domingo;10:15:00;RS;116;231;IVOTI;Acessar a via sem observar a presença dos outros veículos;Colisão transversal;Com Vítimas Feridas;Pleno dia;Crescente;Sol;Simples;"Reta;Declive";Sim;2;0;1;0;1;0;1;2;-29,6215876;-51,1285914;SPRF-RS;DEL01-RS;UOP02-DEL01-RS
671933;01/03/2025;sábado;21:40:00;SC;280;125;RIO NEGRINHO;Acessar a via sem observar a presença dos outros veículos;Colisão transversal;Com Vítimas Feridas;Plena Noite;Decrescente;Céu Claro;Simples;"Retorno Regulamentado;Interseção de Vias";Sim;2;0;0;1;1;0;1;2;-26,23882968;-49,50090704;SPRF-SC;DEL06-SC;UOP03-DEL06-SC
671934;06/04/2025;domingo;09:00:00;MG;381;588,8;CARMOPOLIS DE MINAS;Ausência de reação do condutor;Colisão traseira;Com Vítimas Feridas;Pleno dia;Crescente;Nublado;Dupla;Reta;Não;2;0;1;0;1;0;1;2;-20,53921668;-44,64108825;SPRF-MG;DEL04-MG;UOP01-DEL04-MG
671936;06/04/2025;domingo;09:48:00;PE;101;85,5;JABOATAO DOS GUARARAPES;Manobra de mudança de faixa;Colisão traseira;Com Vítimas Feridas;Pleno dia;Decrescente;Sol;Dupla;Reta;Não;3;0;1;0;1;1;1;3;-8,18342;-34,96469;SPRF-PE;DEL01-PE;UOP01-DEL01-PE
671938;06/04/2025;domingo;10:00:00;DF;20;26,7;BRASILIA;Demais falhas mecânicas ou elétricas;Saída de leito carroçável;Com Vítimas Feridas;Pleno dia;Decrescente;Céu Claro;Dupla;Reta;Não;2;0;1;0;1;0;1;1;-15,59668954;-47,63713829;SPRF-DF;DEL02-DF;UOP01-DEL02-DF
671939;06/04/2025;domingo;10:26:00;ES;262;41;DOMINGOS MARTINS;Velocidade Incompatível;Saída de leito carroçável;Com Vítimas Feridas;Pleno dia;Crescente;Chuva;Dupla;"Aclive;Curva";Não;1;0;0;1;0;0;1;1;-20,38480015;-40,64425042;SPRF-ES;DEL01-ES;UOP01-DEL01-ES
671940;06/04/2025;domingo;10:00:00;ES;101;150,6;LINHARES;Condutor deixou de manter distância do veículo da frente;Colisão traseira;Com Vítimas Feridas;Pleno dia;Decrescente;Céu Claro;Múltipla;"Interseção de Vias;Declive;Curva";Sim;4;0;2;1;1;0;3;2;-19,40711212;-40,06402731;SPRF-ES;DEL04-ES;UOP01-DEL04-ES
671941;06/04/2025;domingo;10:10:00;PR;277;32;MORRETES;Velocidade Incompatível;Queda de ocupante de veículo;Com Vítimas Fatais;Pleno dia;Decrescente;Nublado;Múltipla;"Declive;Curva";Não;3;1;0;1;0;1;1;3;-25,56071642;-48,81122589;SPRF-PR;DEL01-PR;UOP05-DEL01-PR
671943;06/04/2025;domingo;07:30:00;PI;407;430;GEMINIANO;Reação tardia ou ineficiente do condutor;Colisão traseira;Com Vítimas Fatais;Pleno dia;Crescente;Sol;Simples;Reta;Não;2;1;0;0;1;0;0;2;-7,129729;-41,390924;SPRF-PI;DEL04-PI;UOP01-DEL04-PI
671944;06/04/2025;domingo;10:40:00;PI;343;2;TERESINA;Trafegar com motocicleta (ou similar) entre as faixas;Colisão transversal;Com Vítimas Feridas;Pleno dia;Decrescente;Céu Claro;Múltipla;Retorno Regulamentado;Não;3;0;2;0;1;0;2;2;-5,08165168;-42,77136862;SPRF-PI;DEL01-PI;UOP01-DEL01-PI
671945;06/04/2025;domingo;10:50:00;DF;70;9,4;BRASILIA;Condutor deixou de manter distância do veículo da frente;Colisão traseira;Com Vítimas Feridas;Pleno dia;Crescente;Céu Claro;Dupla;Reta;Não;2;0;1;0;0;1;1;2;-15,785837;-48,136525;SPRF-DF;DEL03-DF;UOP02-DEL03-DF
671946;06/04/2025;domingo;02:30:00;MT;163;1049;MATUPA;Estacionar ou parar em local proibido;Eventos atípicos;Sem Vítimas;Plena Noite;Crescente;Céu Claro;Simples;Reta;Não;1;0;0;0;0;1;0;1;-10,0949296;-54,9200203;SPRF-MT;DEL06-MT;UOP03-DEL06-MT
671947;06/04/2025;domingo;11:10:00;SP;153;51,6;SAO JOSE DO RIO PRETO;Ultrapassagem Indevida;Colisão traseira;Com Vítimas Feridas;Pleno dia;Decrescente;Céu Claro;Simples;Reta;Sim;3;0;1;0;1;1;1;3;-20,72413185;-49,33850423;SPRF-SP;DEL09-SP;UOP01-DEL09-SP
671950;06/04/2025;domingo;11:20:00;PA;163;989;SANTAREM;Frear bruscamente;Saída de leito carroçável;Com Vítimas Feridas;Pleno dia;Decrescente;Céu Claro;Simples;Reta;Sim;2;0;2;0;0;0;2;1;-2,565743;-54,72151;SPRF-PA;DEL05-PA;UOP01-DEL05-PA
671951;06/04/2025;domingo;12:30:00;RJ;101;66;CAMPOS DOS GOYTACAZES;Ausência de reação do condutor;Colisão traseira;Com Vítimas Feridas;Pleno dia;Decrescente;Chuva;Simples;Rotatória;Sim;2;0;1;0;1;0;1;2;-21,76691304;-41,34730339;SPRF-RJ;DEL08-RJ;UOP02-DEL08-RJ
671953;06/04/2025;domingo;13:00:00;RS;290;80;GRAVATAI;Ausência de reação do condutor;Saída de leito carroçável;Com Vítimas Feridas;Pleno dia;Crescente;Céu Claro;Dupla;Curva;Não;1;0;1;0;0;0;1;1;-29,95304325;-51,0563403;SPRF-RS;DEL01-RS;UOP01-DEL01-RS
671954;06/04/2025;domingo;12:00:00;PB;104;7,4;CUITE;Ingestão de álcool pelo condutor;Saída de leito carroçável;Com Vítimas Feridas;Pleno dia;Decrescente;Céu Claro;Simples;Reta;Sim;2;0;1;0;0;1;1;2;-6,479603;-36,16678;SPRF-PB;DEL02-PB;UOP04-DEL02-PB
671955;06/04/2025;domingo;13:30:00;ES;101;268,2;SERRA;Condutor deixou de manter distância do veículo da frente;Colisão traseira;Com Vítimas Feridas;Pleno dia;Crescente;Céu Claro;Múltipla;Reta;Sim;3;0;1;0;2;0;1;2;-20,0488865;-40,3867121;SPRF-ES;DEL02-ES;UOP01-DEL02-ES
671956;06/04/2025;domingo;12:54:00;TO;153;234;COLINAS DO TOCANTINS;Transitar na contramão;Colisão frontal;Com Vítimas Fatais;Pleno dia;Decrescente;Céu Claro;Simples;Reta;Não;5;1;4;0;0;0;4;2;-8,0223931;-48,4655589;SPRF-TO;DEL02-TO;UOP01-DEL02-TO
671957;06/04/2025;domingo;11:30:00;MA;10;345;ACAILANDIA;Transitar na contramão;Colisão transversal;Com Vítimas Feridas;Pleno dia;Crescente;Céu Claro;Simples;Aclive;Não;6;0;4;0;2;0;4;2;-4,9283072;-47,4415104;SPRF-MA;DEL04-MA;UOP03-DEL04-MA
671958;02/04/2025;quarta-feira;05:50:00;SC;480;129,1;CHAPECO;Acessar a via sem observar a presença dos outros veículos;Colisão frontal;Com Vítimas Feridas;Amanhecer;Crescente;Céu Claro;Simples;Declive;Sim;2;0;1;0;1;0;1;2;-27,04801776;-52,63567507;SPRF-SC;DEL07-SC;UOP01-DEL07-SC
671959;06/04/2025;domingo;14:20:00;SC;101;194;BIGUACU;Reação tardia ou ineficiente do condutor;Colisão traseira;Com Vítimas Feridas;Pleno dia;Crescente;Céu Claro;Múltipla;Curva;Sim;3;0;3;0;0;0;3;2;-27,495079;-48,657131;SPRF-SC;DEL01-SC;UOP01-DEL01-SC
671960;06/04/2025;domingo;13:06:00;RJ;116;189;NOVA IGUACU;Reação tardia ou ineficiente do condutor;Colisão traseira;Com Vítimas Feridas;Pleno dia;Decrescente;Garoa/Chuvisco;Dupla;Reta;Não;2;0;1;0;1;0;1;2;-22,75117162;-43,44200134;SPRF-RJ;DEL06-RJ;UOP01-DEL06-RJ
671961;06/04/2025;domingo;13:10:00;BA;235;349;JUAZEIRO;Transitar na contramão;Colisão frontal;Com Vítimas Feridas;Pleno dia;Crescente;Céu Claro;Simples;Reta;Sim;2;0;1;0;1;0;1;2;-9,441623;-40,493953;SPRF-PE;DEL06-PE;UOP01-DEL06-PE
671963;06/04/2025;domingo;15:10:00;PE;101;68,9;RECIFE;Manobra de mudança de faixa;Colisão lateral mesmo sentido;Com Vítimas Feridas;Pleno dia;Crescente;Chuva;Dupla;Reta;Sim;3;0;2;0;1;0;2;2;-8,059682;-34,945767;SPRF-PE;DEL01-PE;UOP01-DEL01-PE
671964;06/04/2025;domingo;09:10:00;MG;381;446,5;SANTANA DO PARAISO;Transitar na contramão;Colisão frontal;Com Vítimas Feridas;Pleno dia;Decrescente;Céu Claro;Simples;Reta;Não;3;0;2;1;0;0;3;2;-19,42834722;-42,50202656;SPRF-MG;DEL01-MG;UOP01-DEL01-MG
671966;06/04/2025;domingo;15:15:00;MG;40;516;RIBEIRAO DAS NEVES;Demais falhas mecânicas ou elétricas;Tombamento;Com Vítimas Feridas;Pleno dia;Decrescente;Céu Claro;Dupla;Reta;Sim;2;0;2;0;0;0;2;1;-19,81354519;-44,09431458;SPRF-MG;DEL01-MG;UOP02-DEL01-MG
671967;06/04/2025;domingo;15:00:00;SC;470;66,3;INDAIAL;Condutor deixou de manter distância do veículo da frente;Colisão traseira;Com Vítimas Feridas;Pleno dia;Decrescente;Céu Claro;Simples;Retorno Regulamentado;Não;3;0;2;0;1;0;2;2;-26,86998451;-49,22496015;SPRF-SC;DEL04-SC;UOP01-DEL04-SC
671968;06/04/2025;domingo;15:15:00;MG;381;921,1;BAEPENDI;Ausência de reação do condutor;Queda de ocupante de veículo;Com Vítimas Feridas;Pleno dia;Crescente;Nublado;Dupla;"Declive;Curva";Não;1;0;1;0;0;0;1;1;-22,0004352;-44,9150976;SPRF-MG;DEL16-MG;UOP03-DEL16-MG
671969;06/04/2025;domingo;15:27:00;PB;230;7,1;CABEDELO;Ausência de reação do condutor;Colisão traseira;Com Vítimas Feridas;Pleno dia;Crescente;Céu Claro;Dupla;Reta;Sim;3;0;1;0;2;0;1;2;-7,021452;-34,836602;SPRF-PB;DEL01-PB;UOP01-DEL01-PB
671970;06/04/2025;domingo;15:15:00;SC;101;129;CAMBORIU;Trafegar com motocicleta (ou similar) entre as faixas;Colisão lateral mesmo sentido;Com Vítimas Feridas;Pleno dia;Crescente;Céu Claro;Dupla;Reta;Não;4;0;1;1;2;0;2;3;-26,98132218;-48,67705777;SPRF-SC;DEL04-SC;UOP03-DEL04-SC
671973;06/04/2025;domingo;14:40:00;SC;282;523,7;XAXIM;Reação tardia ou ineficiente do condutor;Colisão lateral mesmo sentido;Com Vítimas Feridas;Pleno dia;Crescente;Nublado;Simples;"Reta;Declive";Não;2;0;1;0;1;0;1;2;-26,96533333;-52,55339563;SPRF-SC;DEL07-SC;UOP01-DEL07-SC
671974;06/04/2025;domingo;14:35:00;RS;392;19;RIO GRANDE;Acessar a via sem observar a presença dos outros veículos;Colisão lateral mesmo sentido;Com Vítimas Feridas;Pleno dia;Crescente;Céu Claro;Dupla;Curva;Sim;3;0;1;0;2;0;1;2;-32,0825149;-52,2432518;SPRF-RS;DEL07-RS;UOP02-DEL07-RS
671976;06/04/2025;domingo;15:00:00;PB;104;22;CUITE;Ingestão de álcool pelo condutor;Colisão traseira;Sem Vítimas;Pleno dia;Crescente;Céu Claro;Simples;Reta;Não;8;0;0;0;8;0;0;2;-6,583936;-36,134642;SPRF-PB;DEL02-PB;UOP04-DEL02-PB
671979;06/04/2025;domingo;15:20:00;GO;60;170,5;GOIANIA;Acessar a via sem observar a presença dos outros veículos;Colisão traseira;Com Vítimas Fatais;Pleno dia;Decrescente;Céu Claro;Dupla;Reta;Sim;3;1;0;1;1;0;1;2;-16,739975;-49,41074;SPRF-GO;DEL01-GO;UOP02-DEL01-GO
671980;06/04/2025;domingo;15:15:00;CE;116;64,8;CHOROZINHO;Acessar a via sem observar a presença dos outros veículos;Colisão transversal;Com Vítimas Feridas;Pleno dia;Crescente;Céu Claro;Simples;"Rotatória;Interseção de Vias";Sim;3;0;2;0;1;0;2;2;-4,29318642;-38,49800732;SPRF-CE;DEL01-CE;UOP02-DEL01-CE
671982;06/04/2025;domingo;14:40:00;PR;277;347;GUARAPUAVA;Demais falhas na via;Colisão com objeto;Com Vítimas Feridas;Pleno dia;Decrescente;Céu Claro;Dupla;Reta;Sim;1;0;1;0;0;0;1;1;-25,3761775;-51,5042988;SPRF-PR;DEL08-PR;UOP01-DEL08-PR
671983;06/04/2025;domingo;14:30:00;ES;262;87;DOMINGOS MARTINS;Chuva;Tombamento;Com Vítimas Feridas;Pleno dia;Crescente;Chuva;Simples;Reta;Não;1;0;1;0;0;0;1;1;-20,39614518;-40,99593094;SPRF-ES;DEL01-ES;UOP02-DEL01-ES
671984;06/04/2025;domingo;16:26:00;PB;230;6;CABEDELO;Manobra de mudança de faixa;Colisão lateral mesmo sentido;Sem Vítimas;Pleno dia;Crescente;Céu Claro;Múltipla;"Interseção de Vias;Reta";Sim;2;0;0;0;2;0;0;2;-7,024967;-34,8381;SPRF-PB;DEL01-PB;UOP01-DEL01-PB
671985;06/04/2025;domingo;15:50:00;AL;104;66;MURICI;Ausência de reação do condutor;Tombamento;Com Vítimas Feridas;Pleno dia;Crescente;Céu Claro;Simples;Reta;Não;3;0;2;1;0;0;3;1;-9,342082;-35,887647;SPRF-AL;DEL01-AL;UOP02-DEL01-AL
671986;06/04/2025;domingo;16:50:00;MG;40;606,3;CONGONHAS;Conversão proibida;Colisão transversal;Com Vítimas Feridas;Pleno dia;Crescente;Nublado;Simples;"Reta;Aclive";Não;4;0;2;1;1;0;3;2;-20,473156;-43,843947;SPRF-MG;DEL05-MG;UOP02-DEL05-MG
671988;06/04/2025;domingo;17:13:00;ES;101;144,1;LINHARES;Manobra de mudança de faixa;Queda de ocupante de veículo;Com Vítimas Feridas;Pleno dia;Decrescente;Nublado;Múltipla;Reta;Sim;1;0;1;0;0;0;1;1;-19,35184157;-40,06355524;SPRF-ES;DEL04-ES;UOP01-DEL04-ES
671989;06/04/2025;domingo;16:30:00;MG;459;68,3;SENADOR JOSE BENTO;Curva acentuada;Saída de leito carroçável;Com Vítimas Feridas;Pleno dia;Crescente;Céu Claro;Simples;"Declive;Curva";Não;2;0;2;0;0;0;2;1;-22,131018;-46,182227;SPRF-MG;DEL09-MG;UOP01-DEL09-MG
671990;06/04/2025;domingo;15:05:00;GO;153;561;PROFESSOR JAMIL;Falta de elemento de contenção que evite a saída do leito carroçável;Saída de leito carroçável;Com Vítimas Feridas;Pleno dia;Decrescente;Nublado;Dupla;Declive;Não;1;0;0;1;0;0;1;1;-17,23262824;-49,23334122;SPRF-GO;DEL03-GO;UOP01-DEL03-GO
671991;06/04/2025;domingo;17:10:00;PB;101;88;JOAO PESSOA;Manobra de mudança de faixa;Queda de ocupante de veículo;Com Vítimas Feridas;Pleno dia;Decrescente;Céu Claro;Dupla;Reta;Sim;2;0;1;0;0;1;1;1;-7,1663739;-34,89655852;SPRF-PB;DEL01-PB;UOP01-DEL01-PB
671992;06/04/2025;domingo;17:40:00;RJ;101;546;PARATY;Velocidade Incompatível;Colisão com objeto;Com Vítimas Fatais;Anoitecer;Crescente;Chuva;Simples;Curva;Não;2;2;0;0;0;0;0;1;-23,04795075;-44,63168258;SPRF-RJ;DEL03-RJ;UOP04-DEL03-RJ
671993;06/04/2025;domingo;17:20:00;MG;365;627;UBERLANDIA;Velocidade Incompatível;Saída de leito carroçável;Com Vítimas Feridas;Pleno dia;Crescente;Chuva;Dupla;"Declive;Reta";Não;2;0;2;0;0;0;2;1;-18,902583;-48,348001;SPRF-MG;DEL15-MG;UOP01-DEL15-MG
671994;06/04/2025;domingo;07:09:00;PR;163;14,7;BARRACAO;Ingestão de álcool pelo condutor;Saída de leito carroçável;Com Vítimas Feridas;Amanhecer;Decrescente;Nublado;Simples;Reta;Não;1;0;1;0;0;0;1;1;-26,20984;-53,639555;SPRF-PR;DEL02-PR;UOP02-DEL02-PR
671995;06/04/2025;domingo;17:21:00;MG;153;33;MONTE ALEGRE DE MINAS;Velocidade Incompatível;Colisão com objeto;Com Vítimas Feridas;Pleno dia;Crescente;Céu Claro;Dupla;Rotatória;Não;2;0;2;0;0;0;2;1;-18,86807751;-49,06642773;SPRF-MG;DEL15-MG;UOP03-DEL15-MG
671997;06/04/2025;domingo;17:55:00;SP;153;60,8;SAO JOSE DO RIO PRETO;Frear bruscamente;Tombamento;Com Vítimas Feridas;Anoitecer;Crescente;Nublado;Dupla;Interseção de Vias;Não;1;0;1;0;0;0;1;1;-20,80131518;-49,35558457;SPRF-SP;DEL09-SP;UOP01-DEL09-SP
672000;06/04/2025;domingo;17:00:00;RJ;40;70,3;PETROPOLIS;Chuva;Saída de leito carroçável;Com Vítimas Feridas;Plena Noite;Crescente;Chuva;Dupla;Curva;Não;2;0;1;0;1;0;1;1;-22,2824889;-43,1192798;SPRF-RJ;DEL05-RJ;UOP02-DEL05-RJ
672001;06/04/2025;domingo;18:30:00;ES;101;209,1;IBIRACU;Condutor deixou de manter distância do veículo da frente;Colisão traseira;Com Vítimas Feridas;Plena Noite;Decrescente;Chuva;Simples;Reta;Não;4;0;3;0;1;0;3;2;-19,79174;-40,37139;SPRF-ES;DEL02-ES;UOP01-DEL02-ES
672002;29/03/2025;sábado;17:55:00;PR;116;126;FAZENDA RIO GRANDE;Condutor deixou de manter distância do veículo da frente;Colisão traseira;Com Vítimas Feridas;Anoitecer;Decrescente;Nublado;Dupla;Reta;Sim;4;0;0;2;2;0;2;3;-25,6424779;-49,3128379;SPRF-PR;DEL01-PR;UOP03-DEL01-PR
672003;06/04/2025;domingo;18:25:00;PI;343;328,9;TERESINA;Reação tardia ou ineficiente do condutor;Colisão lateral sentido oposto;Com Vítimas Feridas;Plena Noite;Crescente;Céu Claro;Simples;Reta;Não;2;0;0;1;1;0;1;2;-5,0566437;-42,6841547;SPRF-PI;DEL01-PI;UOP01-DEL01-PI
672005;06/04/2025;domingo;16:30:00;RO;364;721;PORTO VELHO;Manobra de mudança de faixa;Colisão traseira;Com Vítimas Feridas;Pleno dia;Decrescente;Céu Claro;Dupla;"Aclive;Reta";Não;4;0;3;0;1;0;3;2;-8,82451315;-63,93026764;SPRF-RO;DEL01-RO;UOP01-DEL01-RO
672006;06/04/2025;domingo;18:15:00;MG;381;547,1;ITATIAIUCU;Pedestre andava na pista;Atropelamento de Pedestre;Com Vítimas Fatais;Plena Noite;Decrescente;Céu Claro;Dupla;"Aclive;Reta";Não;2;1;0;0;0;1;0;2;-20,2080256;-44,4203008;SPRF-MG;DEL04-MG;UOP03-DEL04-MG