id;data_inversa;dia_semana;horario;uf;br;km;municipio;causa_acidente;tipo_acidente;classificacao_acidente;fase_dia;sentido_via;condicao_metereologica;tipo_pista;tracado_via;uso_solo;pessoas;mortos;feridos_leves;feridos_graves;ilesos;ignorados;feridos;veiculos;latitude;longitude;regional;delegacia;uop
672007;06/04/2025;domingo;18:30:00;PR;277;721,2;FOZ DO IGUACU;Acessar a via sem observar a presença dos outros veículos;Colisão transversal;Com Vítimas Feridas;Pleno dia;Crescente;Céu Claro;Dupla;"Reta;Retorno Regulamentado";Não;3;0;2;1;0;0;3;2;-25,49534742;-54,52188492;SPRF-PR;DEL05-PR;UOP03-DEL05-PR
672011;06/04/2025;domingo;17:00:00;TO;153;401,8;MIRANORTE;Velocidade Incompatível;Saída de leito carroçável;Com Vítimas Feridas;Pleno dia;Decrescente;Garoa/Chuvisco;Simples;"Aclive;Reta";Não;2;0;1;0;1;0;1;1;-9,42100885;-48,57192502;SPRF-TO;DEL02-TO;UOP02-DEL02-TO
672014;06/04/2025;domingo;18:40:00;SC;101;127,8;CAMBORIU;Ingestão de álcool pelo condutor;Engavetamento;Sem Vítimas;Anoitecer;Crescente;Nublado;Dupla;Reta;Não;3;0;0;0;3;0;0;3;-26,97394439;-48,68299484;SPRF-SC;DEL04-SC;UOP04-DEL04-SC
672015;06/04/2025;domingo;19:00:00;MA;316;549;CAXIAS;Manobra de mudança de faixa;Colisão frontal;Com Vítimas Fatais;Pleno dia;Decrescente;Céu Claro;Simples;Reta;Não;2;1;1;0;0;0;1;2;-4,860473;-43,4282239;SPRF-MA;DEL03-MA;UOP02-DEL03-MA
672017;06/04/2025;domingo;19:36:00;ES;101;18;SAO MATEUS;Ausência de reação do condutor;Eventos atípicos;Com Vítimas Feridas;Anoitecer;Crescente;Céu Claro;Dupla;Reta;Não;1;0;1;0;0;0;1;1;-18,6489235;-39,8735974;SPRF-ES;DEL04-ES;UOP02-DEL04-ES
672020;06/04/2025;domingo;19:30:00;SP;153;58,7;SAO JOSE DO RIO PRETO;Ingestão de álcool pelo condutor;Saída de leito carroçável;Com Vítimas Feridas;Plena Noite;Crescente;Céu Claro;Dupla;"Reta;Aclive";Sim;1;0;1;0;0;0;1;1;-20,784717;-49,353807;SPRF-SP;DEL09-SP;UOP01-DEL09-SP
672022;06/04/2025;domingo;17:10:00;RJ;40;84;DUQUE DE CAXIAS;Velocidade Incompatível;Colisão lateral mesmo sentido;Sem Vítimas;Anoitecer;Crescente;Chuva;Dupla;"Declive;Curva";Não;3;0;0;0;3;0;0;2;-22,521748;-43,237513;SPRF-RJ;DEL01-RJ;UOP01-DEL01-RJ
672023;06/04/2025;domingo;19:50:00;RS;290;109;ELDORADO DO SUL;Avarias e/ou desgaste excessivo no pneu;Queda de ocupante de veículo;Com Vítimas Feridas;Plena Noite;Crescente;Céu Claro;Dupla;Reta;Sim;2;0;2;0;0;0;2;1;-30,0362826;-51,3276924;SPRF-RS;DEL02-RS;UOP01-DEL02-RS
672024;06/04/2025;domingo;14:30:00;MT;70;273;PRIMAVERA DO LESTE;Ingestão de álcool pelo condutor;Saída de leito carroçável;Com Vítimas Feridas;Pleno dia;Crescente;Céu Claro;Simples;Reta;Não;1;0;1;0;0;0;1;1;-15,54447966;-54,23235118;SPRF-MT;DEL05-MT;UOP01-DEL05-MT
672025;06/04/2025;domingo;16:00:00;SC;282;126;BOM RETIRO;Ausência de reação do condutor;Colisão com objeto;Com Vítimas Feridas;Pleno dia;Crescente;Sol;Simples;Curva;Não;1;0;0;1;0;0;1;1;-27,7999785;-49,4744352;SPRF-SC;DEL05-SC;UOP01-DEL05-SC
672029;06/04/2025;domingo;18:27:00;RJ;101;489,1;ANGRA DOS REIS;Demais falhas mecânicas ou elétricas;Incêndio;Sem Vítimas;Plena Noite;Decrescente;Chuva;Simples;Reta;Sim;1;0;0;0;1;0;0;1;-22,95619;-44,30336;SPRF-RJ;DEL03-RJ;UOP03-DEL03-RJ
672030;06/04/2025;domingo;18:40:00;RO;319;62;PORTO VELHO;Desrespeitar a preferência no cruzamento;Colisão transversal;Com Vítimas Feridas;Plena Noite;Crescente;Céu Claro;Dupla;Interseção de Vias;Sim;2;0;0;2;0;0;2;2;-8,75138506;-63,88773853;SPRF-RO;DEL01-RO;UOP01-DEL01-RO
672031;06/04/2025;domingo;20:15:00;SC;101;46;JOINVILLE;Reação tardia ou ineficiente do condutor;Queda de ocupante de veículo;Com Vítimas Feridas;Plena Noite;Decrescente;Nublado;Dupla;Reta;Sim;2;0;2;0;0;0;2;1;-26,36603343;-48,85894775;SPRF-SC;DEL03-SC;UOP01-DEL03-SC
672033;06/04/2025;domingo;20:03:00;SC;101;149;ITAPEMA;Condutor usando celular;Colisão traseira;Com Vítimas Feridas;Plena Noite;Crescente;Nublado;Simples;Reta;Sim;2;0;1;0;1;0;1;2;-27,10794;-48,61354;SPRF-SC;DEL04-SC;UOP03-DEL04-SC
672034;06/04/2025;domingo;18:00:00;MG;364;7,4;PLANURA;Ingestão de álcool pelo condutor;Colisão lateral sentido oposto;Com Vítimas Feridas;Anoitecer;Crescente;Céu Claro;Simples;Reta;Não;2;0;2;0;0;0;2;2;-20,11586;-48,72654;SPRF-MG;DEL13-MG;UOP02-DEL13-MG
672035;06/04/2025;domingo;19:50:00;PE;104;45;CARUARU;Avarias e/ou desgaste excessivo no pneu;Queda de ocupante de veículo;Com Vítimas Feridas;Plena Noite;Crescente;Nublado;Dupla;Reta;Não;2;0;2;0;0;0;2;1;-8,116016;-36,005429;SPRF-PE;DEL02-PE;UOP01-DEL02-PE
672036;06/04/2025;domingo;18:50:00;MS;419;236,5;AQUIDAUANA;Reação tardia ou ineficiente do condutor;Colisão traseira;Com Vítimas Feridas;Plena Noite;Decrescente;Céu Claro;Simples;"Interseção de Vias;Reta;Aclive";Não;3;0;1;0;2;0;1;2;-20,454168;-55,784882;SPRF-MS;DEL03-MS;UOP01-DEL03-MS
672037;06/04/2025;domingo;18:40:00;BA;407;8;JUAZEIRO;Acessar a via sem observar a presença dos outros veículos;Colisão frontal;Com Vítimas Feridas;Plena Noite;Decrescente;Céu Claro;Simples;"Interseção de Vias;Reta";Não;2;0;1;0;1;0;1;2;-9,472145;-40,47883;SPRF-PE;DEL06-PE;UOP01-DEL06-PE
672038;06/04/2025;domingo;20:00:00;SC;101;116,1;ITAJAI;Ausência de reação do condutor;Colisão traseira;Com Vítimas Feridas;Plena Noite;Crescente;Nublado;Dupla;Reta;Sim;2;0;1;0;1;0;1;2;-26,8808592;-48,7254303;SPRF-SC;DEL04-SC;UOP04-DEL04-SC
672039;06/04/2025;domingo;17:15:00;PR;0;0;LONDRINA;Reação tardia ou ineficiente do condutor;Colisão traseira;Sem Vítimas;Pleno dia;Não Informado;Céu Claro;Dupla;Reta;Sim;2;0;0;0;2;0;0;2;-23,2897174;-51,2219105;SPRF-PR;DEL07-PR;UOP01-DEL07-PR
672040;06/04/2025;domingo;20:22:00;GO;60;20;ALEXANIA;Reação tardia ou ineficiente do condutor;Colisão traseira;Com Vítimas Feridas;Plena Noite;Decrescente;Céu Claro;Dupla;Reta;Não;5;0;1;0;2;2;1;3;-16,119753;-48,401483;SPRF-DF;DEL03-DF;UOP01-DEL03-DF
672042;06/04/2025;domingo;19:10:00;GO;452;170;ITUMBIARA;Deficiência do Sistema de Iluminação/Sinalização;Colisão lateral mesmo sentido;Com Vítimas Feridas;Plena Noite;Crescente;Céu Claro;Simples;Declive;Não;2;0;1;0;1;0;1;2;-18,33822281;-49,43513867;SPRF-GO;DEL03-GO;UOP02-DEL03-GO
672043;06/04/2025;domingo;20:20:00;PR;277;345;GUARAPUAVA;Demais falhas na via;Colisão lateral mesmo sentido;Com Vítimas Feridas;Plena Noite;Decrescente;Céu Claro;Dupla;Reta;Não;4;0;0;2;2;0;2;2;-25,3659666;-51,48559213;SPRF-PR;DEL08-PR;UOP01-DEL08-PR
672044;06/04/2025;domingo;20:00:00;SC;101;199;SAO JOSE;Acessar a via sem observar a presença dos outros veículos;Queda de ocupante de veículo;Com Vítimas Feridas;Pleno dia;Crescente;Céu Claro;Múltipla;Reta;Sim;1;0;1;0;0;0;1;1;-27,532972;-48,631228;SPRF-SC;DEL01-SC;UOP01-DEL01-SC
672045;06/04/2025;domingo;18:45:00;MT;174;125;MIRASSOL DOESTE;Acessar a via sem observar a presença dos outros veículos;Colisão transversal;Com Vítimas Feridas;Anoitecer;Crescente;Ignorado;Simples;Interseção de Vias;Não;4;0;1;0;3;0;1;2;-15,8180636;-58,08754628;SPRF-MT;DEL03-MT;UOP01-DEL03-MT
672046;06/04/2025;domingo;21:30:00;RS;470;217;BENTO GONCALVES;Acessar a via sem observar a presença dos outros veículos;Colisão transversal;Com Vítimas Feridas;Plena Noite;Decrescente;Céu Claro;Dupla;Rotatória;Sim;3;0;1;0;2;0;1;2;-29,17506278;-51,52307684;SPRF-RS;DEL06-RS;UOP01-DEL06-RS
672047;06/04/2025;domingo;20:15:00;BA;101;705,2;EUNAPOLIS;Transitar na contramão;Colisão frontal;Com Vítimas Feridas;Plena Noite;Crescente;Céu Claro;Simples;Reta;Não;7;0;4;1;2;0;5;2;-16,2834;-39,582363;SPRF-BA;DEL09-BA;UOP01-DEL09-BA
672049;06/04/2025;domingo;19:15:00;PR;277;236,5;FERNANDES PINHEIRO;Ausência de reação do condutor;Saída de leito carroçável;Com Vítimas Feridas;Plena Noite;Decrescente;Céu Claro;Simples;Curva;Não;1;0;0;1;0;0;1;1;-25,466476;-50,53407;SPRF-PR;DEL08-PR;UOP02-DEL08-PR
672051;06/04/2025;domingo;18:45:00;BA;101;187,3;CONCEICAO DA FEIRA;Ausência de reação do condutor;Colisão traseira;Com Vítimas Fatais;Anoitecer;Decrescente;Céu Claro;Simples;Reta;Não;4;1;0;1;1;1;1;3;-12,49112985;-38,95333864;SPRF-BA;DEL01-BA;UOP03-DEL01-BA
672052;06/04/2025;domingo;21:40:00;PE;232;73;GRAVATA;Ingestão de álcool pelo condutor;Colisão com objeto;Sem Vítimas;Plena Noite;Decrescente;Céu Claro;Dupla;Reta;Não;1;0;0;0;0;1;0;1;-8,1910893;-35,5113131;SPRF-PE;DEL02-PE;UOP02-DEL02PE
672053;06/04/2025;domingo;19:28:00;PE;428;42;OROCO;Animais na Pista;Atropelamento de Animal;Com Vítimas Feridas;Plena Noite;Decrescente;Céu Claro;Simples;Reta;Não;1;0;1;0;0;0;1;1;-8,570372;-39,57781;SPRF-PE;DEL05-PE;UOP03-DEL05-PE
672054;06/04/2025;domingo;20:50:00;RS;285;346,2;CARAZINHO;Ausência de reação do condutor;Saída de leito carroçável;Com Vítimas Feridas;Plena Noite;Decrescente;Céu Claro;Simples;Curva;Não;1;0;1;0;0;0;1;1;-28,33550533;-52,8438502;SPRF-RS;DEL08-RS;UOP03-DEL08-RS
672055;06/04/2025;domingo;20:14:00;MT;163;1037;MATUPA;Condutor deixou de manter distância do veículo da frente;Colisão traseira;Com Vítimas Feridas;Plena Noite;Crescente;Céu Claro;Simples;Reta;Não;3;0;0;2;0;1;2;2;-10,19063;-54,94978;SPRF-MT;DEL06-MT;UOP03-DEL06-MT
672057;06/04/2025;domingo;09:10:00;MG;262;34,5;MANHUACU;Acessar a via sem observar a presença dos outros veículos;Colisão transversal;Com Vítimas Feridas;Pleno dia;Crescente;Céu Claro;Simples;Rotatória;Sim;2;0;1;0;1;0;1;2;-20,25610878;-42,02862617;SPRF-MG;DEL06-MG;UOP03-DEL06-MG
672058;06/04/2025;domingo;21:25:00;MG;381;479,3;CONTAGEM;Pedestre andava na pista;Atropelamento de Pedestre;Com Vítimas Feridas;Plena Noite;Crescente;Céu Claro;Dupla;"Aclive;Reta";Não;2;0;1;0;1;0;1;2;-19,96399101;-44,04830933;SPRF-MG;DEL01-MG;UOP03-DEL01-MG
672060;06/04/2025;domingo;22:20:00;AL;104;81;RIO LARGO;Condutor Dormindo;Saída de leito carroçável;Com Vítimas Feridas;Plena Noite;Crescente;Céu Claro;Múltipla;Reta;Não;1;0;0;1;0;0;1;1;-9,44489679;-35,8341282;SPRF-AL;DEL01-AL;UOP01-DEL01-AL
672061;06/04/2025;domingo;17:20:00;BA;101;170;FEIRA DE SANTANA;Acessar a via sem observar a presença dos outros veículos;Colisão transversal;Com Vítimas Feridas;Anoitecer;Crescente;Céu Claro;Simples;Reta;Sim;2;0;1;0;1;0;1;2;-12,35500228;-38,85958672;SPRF-BA;DEL01-BA;UOP03-DEL01-BA
672062;06/04/2025;domingo;19:00:00;SC;470;8;NAVEGANTES;Ausência de reação do condutor;Saída de leito carroçável;Com Vítimas Feridas;Plena Noite;Crescente;Nublado;Dupla;Reta;Não;1;0;0;1;0;0;1;1;-26,83505804;-48,72106075;SPRF-SC;DEL04-SC;UOP04-DEL04-SC
672063;06/04/2025;domingo;19:00:00;RS;287;357;JAGUARI;Afundamento ou ondulação no pavimento;Tombamento;Com Vítimas Feridas;Plena Noite;Crescente;Céu Claro;Simples;Reta;Não;1;0;1;0;0;0;1;1;-29,4739757;-54,69303131;SPRF-RS;DEL12-RS;UOP02-DEL12-RS
672065;06/04/2025;domingo;21:20:00;PA;163;969;BELTERRA;Acessar a via sem observar a presença dos outros veículos;Colisão transversal;Com Vítimas Feridas;Plena Noite;Decrescente;Céu Claro;Simples;Reta;Não;2;0;0;2;0;0;2;2;-2,66185322;-54,83684063;SPRF-PA;DEL05-PA;UOP01-DEL05-PA
672066;06/04/2025;domingo;23:30:00;PB;230;149,2;CAMPINA GRANDE;Ingestão de álcool pelo condutor;Saída de leito carroçável;Com Vítimas Feridas;Plena Noite;Decrescente;Céu Claro;Dupla;Reta;Sim;1;0;1;0;0;0;1;1;-7,25420698;-35,83056515;SPRF-PB;DEL02-PB;UOP01-DEL02-PB
672067;06/04/2025;domingo;19:50:00;PA;230;7;ALTAMIRA;Condutor Dormindo;Colisão com objeto;Com Vítimas Feridas;Plena Noite;Crescente;Ignorado;Simples;Reta;Sim;2;0;2;0;0;0;2;1;-3,19256792;-52,22472662;SPRF-PA;DEL03-PA;UOP01-DEL03-PA
672068;06/04/2025;domingo;23:00:00;MT;163;593;NOVA MUTUM;Reação tardia ou ineficiente do condutor;Saída de leito carroçável;Com Vítimas Feridas;Plena Noite;Decrescente;Nevoeiro/Neblina;Dupla;Curva;Não;4;0;0;2;1;1;2;1;-13,85859149;-56,08578081;SPRF-MT;DEL01-MT;UOP01-DEL01-MT
672071;06/04/2025;domingo;22:20:00;AP;156;796;OIAPOQUE;Conversão proibida;Colisão transversal;Sem Vítimas;Plena Noite;Crescente;Garoa/Chuvisco;Simples;"Aclive;Reta";Não;2;0;0;0;1;1;0;2;3,8288275;-51,7970398;SPRF-AP;DEL01-AP;UOP03-DEL01-AP
672072;06/04/2025;domingo;23:15:00;MG;381;553;ITATIAIUCU;Animais na Pista;Atropelamento de Animal;Com Vítimas Feridas;Plena Noite;Crescente;Céu Claro;Dupla;Reta;Não;2;0;2;0;0;0;2;1;-20,2080256;-44,4203008;SPRF-MG;DEL04-MG;UOP03-DEL04-MG
672075;07/04/2025;segunda-feira;00:00:00;RJ;116;182;NOVA IGUACU;Ausência de reação do condutor;Colisão lateral mesmo sentido;Com Vítimas Feridas;Plena Noite;Crescente;Garoa/Chuvisco;Dupla;Reta;Sim;4;0;2;0;2;0;2;3;-22,746515;-43,445923;SPRF-RJ;DEL06-RJ;UOP01-DEL06-RJ
672076;07/04/2025;segunda-feira;01:00:00;MG;40;510;NOVA LIMA;Velocidade Incompatível;Saída de leito carroçável;Com Vítimas Feridas;Plena Noite;Decrescente;Céu Claro;Dupla;"Reta;Declive";Não;4;0;2;1;1;0;3;2;-20,08179728;-43,97908189;SPRF-MG;DEL01-MG;UOP02-DEL01-MG
672077;07/04/2025;segunda-feira;00:40:00;MT;163;839;SINOP;Acessar a via sem observar a presença dos outros veículos;Queda de ocupante de veículo;Com Vítimas Feridas;Plena Noite;Crescente;Céu Claro;Simples;Reta;Sim;1;0;0;1;0;0;1;1;-11,80619485;-55,48130035;SPRF-MT;DEL06-MT;UOP02-DEL06-MT
672078;06/04/2025;domingo;00:40:00;MG;40;430,2;PARAOPEBA;Ausência de reação do condutor;Saída de leito carroçável;Com Vítimas Feridas;Plena Noite;Crescente;Céu Claro;Dupla;"Reta;Aclive";Não;1;0;1;0;0;0;1;1;-19,19519;-44,48288;SPRF-MG;DEL02-MG;UOP01-DEL02-MG
672080;07/04/2025;segunda-feira;01:00:00;BA;101;436,6;MARAU;Condutor Dormindo;Saída de leito carroçável;Com Vítimas Fatais;Plena Noite;Decrescente;Céu Claro;Simples;Reta;Não;2;1;0;0;1;0;0;1;-14,24524985;-39,32006836;SPRF-BA;DEL05-BA;UOP01-DEL05-BA
672083;07/04/2025;segunda-feira;01:40:00;PR;277;124;CAMPO LARGO;Reação tardia ou ineficiente do condutor;Saída de leito carroçável;Sem Vítimas;Plena Noite;Decrescente;Chuva;Dupla;Curva;Não;1;0;0;0;1;0;0;1;-25,4371;-49,5142;SPRF-PR;DEL03-PR;UOP03-DEL03-PR
672084;07/04/2025;segunda-feira;03:45:00;RS;116;237;NOVO HAMBURGO;Ausência de reação do condutor;Colisão traseira;Com Vítimas Feridas;Plena Noite;Decrescente;Céu Claro;Dupla;Reta;Sim;2;0;2;0;0;0;2;2;-29,6817883;-51,1424453;SPRF-RS;DEL01-RS;UOP02-DEL01-RS
672086;07/04/2025;segunda-feira;04:20:00;PR;476;118;COLOMBO;Reação tardia ou ineficiente do condutor;Colisão traseira;Sem Vítimas;Plena Noite;Crescente;Céu Claro;Dupla;Curva;Não;3;0;0;0;3;0;0;2;-25,35951431;-49,18169076;SPRF-PR;DEL01-PR;UOP01-DEL01-PR
672087;07/04/2025;segunda-feira;03:40:00;SC;101;257,4;PAULO LOPES;Ingestão de álcool pelo condutor;Saída de leito carroçável;Com Vítimas Feridas;Plena Noite;Decrescente;Chuva;Dupla;Reta;Não;1;0;1;0;0;0;1;1;-27,9995824;-48,68919242;SPRF-SC;DEL02-SC;UOP03-DEL02-SC
672088;07/04/2025;segunda-feira;03:30:00;PR;376;618;SAO JOSE DOS PINHAIS;Avarias e/ou desgaste excessivo no pneu;Saída de leito carroçável;Com Vítimas Feridas;Amanhecer;Crescente;Garoa/Chuvisco;Múltipla;"Reta;Declive";Sim;1;0;1;0;0;0;1;1;-25,6002558;-49,1725283;SPRF-PR;DEL01-PR;UOP04-DEL01-PR
672089;07/04/2025;segunda-feira;03:00:00;RO;435;30;VILHENA;Ausência de reação do condutor;Queda de ocupante de veículo;Sem Vítimas;Pleno dia;Decrescente;Nublado;Simples;Reta;Não;1;0;0;0;1;0;0;1;-12,8350462;-60,37395359;SPRF-RO;DEL04-RO;UOP02-DEL04-RO
672090;07/04/2025;segunda-feira;01:40:00;MS;163;680,4;RIO VERDE DE MATO GROSSO;Ausência de reação do condutor;Tombamento;Com Vítimas Feridas;Plena Noite;Crescente;Nublado;Simples;"Reta;Retorno Regulamentado";Sim;1;0;0;1;0;0;1;1;-18,915728;-54,838534;SPRF-MS;DEL06-MS;UOP02-DEL06-MS
672091;07/04/2025;segunda-feira;02:40:00;RJ;101;413;ITAGUAI;Ausência de reação do condutor;Colisão traseira;Com Vítimas Feridas;Plena Noite;Crescente;Nublado;Dupla;Reta;Sim;3;0;2;0;1;0;2;2;-22,9040348;-43,87518882;SPRF-RJ;DEL03-RJ;UOP01-DEL03-RJ
672092;07/04/2025;segunda-feira;05:45:00;DF;20;10;BRASILIA;Manobra de mudança de faixa;Colisão lateral mesmo sentido;Sem Vítimas;Amanhecer;Decrescente;Céu Claro;Dupla;Em Obras;Sim;2;0;0;0;2;0;0;2;-15,649148;-47,772018;SPRF-DF;DEL02-DF;UOP01-DEL02-DF
672093;07/04/2025;segunda-feira;06:00:00;BA;242;823;BARREIRAS;Velocidade Incompatível;Colisão traseira;Com Vítimas Feridas;Amanhecer;Decrescente;Céu Claro;Simples;Reta;Sim;5;0;0;1;4;0;1;2;-12,126868;-45,024853;SPRF-BA;DEL10-BA;UOP01-DEL10-BA
672094;07/04/2025;segunda-feira;05:40:00;RJ;493;21;MAGE;Ausência de reação do condutor;Colisão frontal;Com Vítimas Feridas;Amanhecer;Decrescente;Céu Claro;Simples;Reta;Sim;2;0;1;0;1;0;1;2;-22,65956155;-43,05387497;SPRF-RJ;DEL04-RJ;UOP02-DEL04-RJ
672099;07/04/2025;segunda-feira;06:25:00;RS;290;22;SANTO ANTONIO DA PATRULHA;Demais falhas mecânicas ou elétricas;Tombamento;Com Vítimas Feridas;Amanhecer;Crescente;Céu Claro;Dupla;Reta;Não;2;0;2;0;0;0;2;1;-29,8895204;-50,46771526;SPRF-RS;DEL03-RS;UOP01-DEL03-RS
672100;07/04/2025;segunda-feira;04:15:00;SC;280;69,8;JARAGUA DO SUL;Conversão proibida;Colisão frontal;Com Vítimas Feridas;Plena Noite;Decrescente;Céu Claro;Simples;Reta;Não;2;0;0;1;1;0;1;2;-26,46474756;-49,12791783;SPRF-SC;DEL03-SC;UOP03-DEL03-SC
672101;07/04/2025;segunda-feira;00:15:00;SP;116;219,4;GUARULHOS;Reação tardia ou ineficiente do condutor;Colisão com objeto;Sem Vítimas;Plena Noite;Crescente;Céu Claro;Múltipla;Reta;Sim;1;0;0;0;0;1;0;1;-23,46286841;-46,49383712;SPRF-SP;DEL01-SP;UOP01-DEL01-SP
672102;07/04/2025;segunda-feira;06:50:00;PB;230;22,2;JOAO PESSOA;Reação tardia ou ineficiente do condutor;Colisão traseira;Com Vítimas Feridas;Pleno dia;Decrescente;Chuva;Dupla;Reta;Sim;2;0;1;0;0;1;1;2;-7,153205;-34,854585;SPRF-PB;DEL01-PB;UOP01-DEL01-PB
672103;07/04/2025;segunda-feira;06:45:00;PR;277;4;PARANAGUA;Ausência de reação do condutor;Colisão traseira;Com Vítimas Feridas;Pleno dia;Decrescente;Céu Claro;Dupla;Reta;Sim;2;0;1;0;1;0;1;2;-25,55132226;-48,55195644;SPRF-PR;DEL01-PR;UOP05-DEL01-PR
672104;07/04/2025;segunda-feira;06:45:00;ES;101;336;GUARAPARI;Chuva;Saída de leito carroçável;Com Vítimas Feridas;Amanhecer;Decrescente;Chuva;Dupla;"Aclive;Reta";Não;2;0;1;0;1;0;1;1;-20,6635008;-40,6061056;SPRF-ES;DEL03-ES;UOP01-DEL03-ES
672106;07/04/2025;segunda-feira;05:00:00;MG;262;443;NOVA SERRANA;Objeto estático sobre o leito carroçável;Tombamento;Com Vítimas Feridas;Pleno dia;Decrescente;Céu Claro;Dupla;Aclive;Sim;1;0;1;0;0;0;1;1;-19,872221;-44,969013;SPRF-MG;DEL08-MG;UOP03-DEL08-MG
672108;06/04/2025;domingo;17:50:00;PE;407;129;PETROLINA;Trafegar com motocicleta (ou similar) entre as faixas;Colisão lateral mesmo sentido;Com Vítimas Feridas;Plena Noite;Crescente;Céu Claro;Múltipla;"Reta;Ponte";Sim;3;0;1;1;0;1;2;2;-9,40682142;-40,50471425;SPRF-PE;DEL06-PE;UOP01-DEL06-PE
672110;07/04/2025;segunda-feira;06:40:00;BA;101;18;ILHEUS;Acesso irregular;Colisão transversal;Com Vítimas Feridas;Pleno dia;Crescente;Céu Claro;Simples;Reta;Não;2;0;1;0;1;0;1;2;-14,80150079;-39,12945986;SPRF-SE;DEL02-SE;UOP03-DEL02-SE
672112;07/04/2025;segunda-feira;06:40:00;BA;324;619;SALVADOR;Ausência de reação do condutor;Queda de ocupante de veículo;Com Vítimas Feridas;Pleno dia;Decrescente;Céu Claro;Dupla;Reta;Sim;1;0;1;0;0;0;1;1;-12,90811445;-38,45746994;SPRF-BA;DEL01-BA;UOP01-DEL01-BA
672113;07/04/2025;segunda-feira;06:40:00;PR;277;7,9;PARANAGUA;Velocidade Incompatível;Atropelamento de Pedestre;Com Vítimas Fatais;Amanhecer;Decrescente;Nublado;Múltipla;"Aclive;Reta";Não;2;1;0;0;0;1;0;2;-25,56365873;-48,59355927;SPRF-PR;DEL01-PR;UOP05-DEL01-PR
672115;07/04/2025;segunda-feira;07:00:00;PR;376;161;MARINGA;Reação tardia ou ineficiente do condutor;Queda de ocupante de veículo;Com Vítimas Feridas;Pleno dia;Crescente;Céu Claro;Dupla;Reta;Não;1;0;1;0;0;0;1;1;-23,3688152;-52,06539636;SPRF-PR;DEL09-PR;UOP02-DEL09-PR
672116;07/04/2025;segunda-feira;06:50:00;GO;153;78;PORANGATU;Reação tardia ou ineficiente do condutor;Colisão lateral mesmo sentido;Com Vítimas Feridas;Pleno dia;Crescente;Céu Claro;Simples;Declive;Não;2;0;2;0;0;0;2;2;-13,4086656;-49,1323392;SPRF-GO;DEL07-GO;UOP01-DEL07-GO
672118;07/04/2025;segunda-feira;07:00:00;MS;163;478;CAMPO GRANDE;Ausência de reação do condutor;Colisão transversal;Com Vítimas Feridas;Pleno dia;Crescente;Sol;Simples;Reta;Sim;2;0;1;0;1;0;1;2;-20,49494498;-54,55914617;SPRF-MS;DEL01-MS;UOP01-DEL01-MS
672119;07/04/2025;segunda-feira;07:10:00;PB;101;31,6;RIO TINTO;Condutor deixou de manter distância do veículo da frente;Colisão traseira;Com Vítimas Feridas;Amanhecer;Decrescente;Chuva;Dupla;"Reta;Em Obras";Não;3;0;0;1;2;0;1;2;-6,76921337;-35,13323307;SPRF-PB;DEL01-PB;UOP03-DEL01-PB
672122;07/04/2025;segunda-feira;07:30:00;PR;369;159;LONDRINA;Ausência de reação do condutor;Colisão traseira;Com Vítimas Feridas;Pleno dia;Crescente;Céu Claro;Dupla;Reta;Não;2;0;0;1;1;0;1;2;-23,2881001;-51,2258932;SPRF-PR;DEL07-PR;UOP01-DEL07-PR
672123;07/04/2025;segunda-feira;07:48:00;BA;242;825;BARREIRAS;Reação tardia ou ineficiente do condutor;Queda de ocupante de veículo;Com Vítimas Feridas;Pleno dia;Crescente;Céu Claro;Simples;Declive;Não;2;0;2;0;0;0;2;1;-12,12022922;-45,04016876;SPRF-BA;DEL10-BA;UOP01-DEL10-BA
672124;07/04/2025;segunda-feira;07:20:00;PR;116;6,5;CAMPINA GRANDE DO SUL;Velocidade Incompatível;Saída de leito carroçável;Sem Vítimas;Pleno dia;Decrescente;Garoa/Chuvisco;Dupla;"Declive;Curva";Não;4;0;0;0;4;0;0;1;-25,08775602;-48,60478163;SPRF-PR;DEL01-PR;UOP02-DEL01-PR
672125;07/04/2025;segunda-feira;07:50:00;BA;101;851;ALCOBACA;Ultrapassagem Indevida;Saída de leito carroçável;Com Vítimas Feridas;Pleno dia;Decrescente;Nublado;Simples;Reta;Não;7;0;6;0;0;1;6;2;-17,327795;-39,63118;SPRF-BA;DEL09-BA;UOP02-DEL09-BA
672126;07/04/2025;segunda-feira;08:00:00;MG;381;0;BETIM;Trafegar com motocicleta (ou similar) entre as faixas;Colisão lateral mesmo sentido;Com Vítimas Feridas;Pleno dia;Crescente;Nublado;Dupla;Aclive;Não;3;0;1;1;0;1;2;2;-19,96302192;-44,15705287;SPRF-MG;DEL01-MG;UOP03-DEL01-MG
672128;24/03/2025;segunda-feira;19:20:00;MG;40;749,5;SANTOS DUMONT;Chuva;Colisão lateral sentido oposto;Com Vítimas Feridas;Plena Noite;Crescente;Chuva;Simples;Curva;Sim;2;0;1;0;1;0;1;2;-21,48540516;-43,53571236;SPRF-MG;DEL05-MG;UOP01-DEL05-MG
672130;07/04/2025;segunda-feira;08:32:00;SP;116;224;GUARULHOS;Acessar a via sem observar a presença dos outros veículos;Colisão lateral mesmo sentido;Com Vítimas Feridas;Pleno dia;Crescente;Sol;Múltipla;Reta;Sim;2;0;1;0;1;0;1;2;-23,48435056;-46,53927326;SPRF-SP;DEL01-SP;UOP01-DEL01-SP