id;data_inversa;dia_semana;horario;uf;br;km;municipio;causa_acidente;tipo_acidente;classificacao_acidente;fase_dia;sentido_via;condicao_metereologica;tipo_pista;tracado_via;uso_solo;pessoas;mortos;feridos_leves;feridos_graves;ilesos;ignorados;feridos;veiculos;latitude;longitude;regional;delegacia;uop
672262;07/04/2025;segunda-feira;16:40:00;PA;230;695,7;BRASIL NOVO;Manobra de mudança de faixa;Colisão frontal;Com Vítimas Fatais;Pleno dia;Decrescente;Céu Claro;Simples;"Reta;Aclive";Não;2;1;0;0;1;0;0;2;-3,30808824;-52,52413273;SPRF-PA;DEL04-PA;UOP01-DEL04-PA
672263;07/04/2025;segunda-feira;18:30:00;PB;104;116,5;LAGOA SECA;Ausência de reação do condutor;Tombamento;Com Vítimas Feridas;Plena Noite;Crescente;Céu Claro;Simples;Reta;Não;1;0;0;1;0;0;1;1;-7,17866;-35,863948;SPRF-PB;DEL02-PB;UOP04-DEL02-PB
672264;07/04/2025;segunda-feira;15:15:00;SC;101;324;CAPIVARI DE BAIXO;Demais falhas mecânicas ou elétricas;Incêndio;Sem Vítimas;Pleno dia;Crescente;Nublado;Dupla;Curva;Não;1;0;0;0;1;0;0;1;-28,42448661;-48,93861298;SPRF-SC;DEL02-SC;UOP01-DEL02-SC
672265;07/04/2025;segunda-feira;16:00:00;PI;407;427;PICOS;Ausência de reação do condutor;Saída de leito carroçável;Com Vítimas Fatais;Plena Noite;Decrescente;Céu Claro;Simples;Reta;Não;1;1;0;0;0;0;0;1;-7,114928;-41,409115;SPRF-PI;DEL04-PI;UOP01-DEL04-PI
672267;07/04/2025;segunda-feira;20:10:00;RJ;493;105;SEROPEDICA;Reação tardia ou ineficiente do condutor;Colisão traseira;Com Vítimas Feridas;Plena Noite;Crescente;Céu Claro;Dupla;Reta;Não;10;0;1;0;9;0;1;3;-22,778825;-43,748727;SPRF-RJ;DEL01-RJ;UOP03-DEL01-RJ
672268;07/04/2025;segunda-feira;22:00:00;RS;287;248;SANTA MARIA;Pedestre cruzava a pista fora da faixa;Atropelamento de Pedestre;Com Vítimas Feridas;Plena Noite;Decrescente;Chuva;Dupla;Reta;Sim;3;0;0;2;0;1;2;2;-29,696331;-53,849524;SPRF-RS;DEL09-RS;UOP01-DEL09-RS
672269;06/04/2025;domingo;21:50:00;PA;316;110;SANTA MARIA DO PARA;Acessar a via sem observar a presença dos outros veículos;Colisão transversal;Com Vítimas Feridas;Plena Noite;Crescente;Nublado;Simples;Curva;Não;3;0;1;1;0;1;2;2;-1,316564;-47,510822;SPRF-PA;DEL01-PA;UOP02-DEL01-PA
672271;07/04/2025;segunda-feira;17:42:00;CE;116;3,5;FORTALEZA;Trafegar com motocicleta (ou similar) entre as faixas;Colisão lateral mesmo sentido;Com Vítimas Feridas;Anoitecer;Crescente;Céu Claro;Múltipla;Reta;Sim;4;0;1;1;1;1;2;3;-3,78500477;-38,51225859;SPRF-CE;DEL01-CE;UOP02-DEL01-CE
672272;07/04/2025;segunda-feira;21:40:00;SP;116;475;JACUPIRANGA;Condutor desrespeitou a iluminação vermelha do semáforo;Colisão frontal;Com Vítimas Feridas;Plena Noite;Decrescente;Nublado;Simples;"Interseção de Vias;Viaduto";Sim;2;0;2;0;0;0;2;2;-24,69804543;-48,00189614;SPRF-SP;DEL05-SP;UOP01-DEL05-SP
672274;07/04/2025;segunda-feira;19:00:00;RR;401;74;BONFIM;Ausência de reação do condutor;Atropelamento de Animal;Com Vítimas Feridas;Plena Noite;Decrescente;Ignorado;Simples;Reta;Não;2;0;1;0;1;0;1;2;3,187007;-60,195883;SPRF-RR;DEL01-RR;UOP01-DEL01-RR
672278;07/04/2025;segunda-feira;21:30:00;SC;470;155,5;TROMBUDO CENTRAL;Velocidade Incompatível;Saída de leito carroçável;Sem Vítimas;Plena Noite;Crescente;Garoa/Chuvisco;Simples;Curva;Não;1;0;0;0;0;1;0;1;-27,279;-49,757;SPRF-SC;DEL04-SC;UOP02-DEL04-SC
672279;07/04/2025;segunda-feira;22:55:00;MG;116;519;CARATINGA;Animais na Pista;Atropelamento de Animal;Com Vítimas Feridas;Plena Noite;Crescente;Nublado;Simples;Reta;Não;2;0;2;0;0;0;2;1;-19,71798497;-42,12830605;SPRF-MG;DEL06-MG;UOP02-DEL06-MG
672281;07/04/2025;segunda-feira;23:00:00;MG;459;99,7;POUSO ALEGRE;Velocidade Incompatível;Saída de leito carroçável;Com Vítimas Feridas;Plena Noite;Decrescente;Chuva;Simples;Curva;Não;1;0;1;0;0;0;1;1;-22,202833;-45,959169;SPRF-MG;DEL09-MG;UOP01-DEL09-MG
672283;07/04/2025;segunda-feira;23:00:00;MG;262;767,9;UBERABA;Condutor Dormindo;Saída de leito carroçável;Com Vítimas Feridas;Plena Noite;Crescente;Céu Claro;Simples;"Retorno Regulamentado;Reta";Não;2;0;2;0;0;0;2;1;-19,67164545;-47,62484193;SPRF-MG;DEL13-MG;UOP01-DEL13-MG
672285;08/04/2025;terça-feira;00:30:00;RN;101;83,6;NATAL;Condutor deixou de manter distância do veículo da frente;Colisão lateral mesmo sentido;Com Vítimas Feridas;Plena Noite;Decrescente;Céu Claro;Dupla;Reta;Sim;3;0;3;0;0;0;3;2;-5,77299631;-35,26106534;SPRF-RN;DEL02-RN;UOP01-DEL02-RN
672286;08/04/2025;terça-feira;01:00:00;SC;101;163;TIJUCAS;Animais na Pista;Atropelamento de Animal;Com Vítimas Feridas;Plena Noite;Crescente;Garoa/Chuvisco;Dupla;Reta;Sim;2;0;1;1;0;0;2;1;-27,23385644;-48,6302917;SPRF-SC;DEL04-SC;UOP03-DEL04-SC
672287;08/04/2025;terça-feira;00:10:00;RO;319;63;PORTO VELHO;Ausência de reação do condutor;Atropelamento de Pedestre;Com Vítimas Feridas;Plena Noite;Crescente;Céu Claro;Múltipla;Reta;Sim;2;0;0;1;1;0;1;2;-8,75938033;-63,88600046;SPRF-RO;DEL01-RO;UOP01-DEL01-RO
672289;07/04/2025;segunda-feira;23:20:00;RO;429;200;SAO FRANCISCO DO GUAPORE;Animais na Pista;Atropelamento de Animal;Sem Vítimas;Plena Noite;Decrescente;Nublado;Simples;Reta;Não;1;0;0;0;1;0;0;1;-12,04559521;-63,36257816;SPRF-RO;DEL02-RO;UOP03-DEL02-RO
672290;08/04/2025;terça-feira;03:05:00;RS;472;492;ITAQUI;Animais na Pista;Atropelamento de Animal;Com Vítimas Feridas;Plena Noite;Crescente;Céu Claro;Simples;Reta;Não;3;0;1;0;2;0;1;1;-29,23777858;-56,57442358;SPRF-RS;DEL13-RS;UOP01-DEL13-RS
672291;08/04/2025;terça-feira;02:10:00;MG;381;542,5;ITATIAIUCU;Condutor Dormindo;Saída de leito carroçável;Sem Vítimas;Plena Noite;Decrescente;Céu Claro;Dupla;Reta;Não;1;0;0;0;1;0;0;1;-20,24671887;-44,4120276;SPRF-MG;DEL04-MG;UOP03-DEL04-MG
672293;07/04/2025;segunda-feira;18:40:00;BA;324;564;SAO SEBASTIAO DO PASSE;Reação tardia ou ineficiente do condutor;Queda de ocupante de veículo;Com Vítimas Feridas;Plena Noite;Crescente;Nublado;Dupla;Reta;Não;1;0;1;0;0;0;1;1;-12,51623204;-38,62200737;SPRF-BA;DEL01-BA;UOP01-DEL01-BA
672294;08/04/2025;terça-feira;03:40:00;CE;116;11,4;FORTALEZA;Avarias e/ou desgaste excessivo no pneu;Queda de ocupante de veículo;Sem Vítimas;Plena Noite;Crescente;Nublado;Dupla;Reta;Sim;1;0;0;0;0;1;0;1;-3,847484;-38,497247;SPRF-CE;DEL01-CE;UOP02-DEL01-CE
672295;08/04/2025;terça-feira;03:44:00;RS;116;238,9;NOVO HAMBURGO;Ausência de reação do condutor;Colisão traseira;Com Vítimas Feridas;Plena Noite;Crescente;Nublado;Múltipla;Reta;Sim;2;0;0;1;1;0;1;2;-29,69184479;-51,14339211;SPRF-RS;DEL01-RS;UOP02-DEL01-RS
672298;08/04/2025;terça-feira;05:20:00;GO;60;84,2;ANAPOLIS;Condutor Dormindo;Saída de leito carroçável;Com Vítimas Feridas;Amanhecer;Crescente;Céu Claro;Dupla;"Declive;Reta";Não;3;0;1;1;1;0;2;1;-16,31620614;-48,85733843;SPRF-GO;DEL02-GO;UOP01-DEL02-GO
672300;07/04/2025;segunda-feira;22:00:00;MA;226;301;BARRA DO CORDA;Animais na Pista;Atropelamento de Animal;Com Vítimas Feridas;Plena Noite;Decrescente;Céu Claro;Simples;"Declive;Reta";Sim;1;0;1;0;0;0;1;1;-5,498337;-45,255967;SPRF-MA;DEL06-MA;UOP01-DEL06-MA
672303;08/04/2025;terça-feira;06:30:00;BA;324;7;FEIRA DE SANTANA;Acessar a via sem observar a presença dos outros veículos;Colisão lateral mesmo sentido;Com Vítimas Feridas;Pleno dia;Decrescente;Sol;Dupla;Reta;Sim;3;0;1;0;2;0;1;2;-12,27085368;-38,98704495;SPRF-BA;DEL02-BA;UOP01-DEL02-BA
672304;08/04/2025;terça-feira;05:14:00;PR;376;3;SAO JOSE DOS PINHAIS;Reação tardia ou ineficiente do condutor;Colisão traseira;Com Vítimas Feridas;Amanhecer;Crescente;Céu Claro;Dupla;Reta;Sim;2;0;1;0;1;0;1;2;-25,541594;-49,190794;SPRF-PR;DEL01-PR;UOP04-DEL01-PR
672305;08/04/2025;terça-feira;05:50:00;SC;282;588,9;SAUDADES;Ausência de reação do condutor;Saída de leito carroçável;Com Vítimas Feridas;Amanhecer;Crescente;Garoa/Chuvisco;Simples;Reta;Não;3;0;1;2;0;0;3;1;-26,82583873;-53,06280613;SPRF-SC;DEL07-SC;UOP02-DEL07-SC
672306;08/04/2025;terça-feira;07:00:00;PE;101;79,3;JABOATAO DOS GUARARAPES;Acesso irregular;Colisão transversal;Com Vítimas Feridas;Pleno dia;Crescente;Céu Claro;Múltipla;"Reta;Declive";Sim;2;0;1;0;1;0;1;2;-8,146107;-34,946487;SPRF-PE;DEL01-PE;UOP01-DEL01-PE
672307;08/04/2025;terça-feira;07:05:00;SC;470;64;INDAIAL;Reação tardia ou ineficiente do condutor;Colisão traseira;Com Vítimas Feridas;Pleno dia;Decrescente;Céu Claro;Simples;Reta;Não;2;0;1;0;1;0;1;2;-26,86953708;-49,20320576;SPRF-SC;DEL04-SC;UOP01-DEL04-SC
672309;08/04/2025;terça-feira;05:40:00;MS;262;302;CAMPO GRANDE;Afundamento ou ondulação no pavimento;Tombamento;Com Vítimas Feridas;Amanhecer;Crescente;Céu Claro;Simples;Curva;Não;1;0;0;1;0;0;1;1;-20,50639017;-54,28123713;SPRF-MS;DEL01-MS;UOP05-DEL01-MS
672310;08/04/2025;terça-feira;07:10:00;SE;235;45,6;ITABAIANA;Acostamento em desnível;Tombamento;Com Vítimas Feridas;Pleno dia;Decrescente;Céu Claro;Simples;Reta;Não;1;0;1;0;0;0;1;1;-10,74225184;-37,40344226;SPRF-SE;DEL01-SE;UOP02-DEL01-SE
672311;08/04/2025;terça-feira;07:00:00;RS;285;457;IJUI;Transitar no Acostamento;Colisão traseira;Com Vítimas Feridas;Pleno dia;Decrescente;Garoa/Chuvisco;Simples;Reta;Sim;2;0;1;0;1;0;1;2;-28,39846432;-53,89774377;SPRF-RS;DEL10-RS;UOP01-DEL10-RS
672313;08/04/2025;terça-feira;06:30:00;SC;101;7;BIGUACU;Ausência de reação do condutor;Saída de leito carroçável;Com Vítimas Feridas;Pleno dia;Decrescente;Céu Claro;Dupla;Curva;Não;1;0;1;0;0;0;1;1;-27,38547;-48,68936;SPRF-SC;DEL01-SC;UOP01-DEL01-SC
672314;08/04/2025;terça-feira;07:10:00;PB;230;336,2;PATOS;Acessar a via sem observar a presença dos outros veículos;Colisão transversal;Com Vítimas Feridas;Pleno dia;Decrescente;Céu Claro;Simples;Reta;Sim;3;0;2;0;1;0;2;2;-7,008076;-37,284134;SPRF-PB;DEL03-PB;UOP01-DEL03-PB
672317;08/04/2025;terça-feira;07:20:00;PR;153;17;JACAREZINHO;Condutor deixou de manter distância do veículo da frente;Colisão traseira;Sem Vítimas;Pleno dia;Crescente;Céu Claro;Simples;Reta;Sim;3;0;0;0;3;0;0;2;-23,142979;-49,948975;SPRF-PR;DEL07-PR;UOP04-DEL07-PR
672319;08/04/2025;terça-feira;07:30:00;MG;40;518;RIBEIRAO DAS NEVES;Manobra de mudança de faixa;Colisão lateral mesmo sentido;Com Vítimas Feridas;Pleno dia;Crescente;Céu Claro;Dupla;Reta;Sim;2;0;1;0;1;0;1;2;-19,83534608;-44,08036709;SPRF-MG;DEL01-MG;UOP02-DEL01-MG
672321;08/04/2025;terça-feira;08:00:00;MG;262;803;UBERABA;Condutor deixou de manter distância do veículo da frente;Colisão traseira;Com Vítimas Feridas;Pleno dia;Crescente;Céu Claro;Dupla;Reta;Sim;2;0;1;0;1;0;1;2;-19,775923;-47,920025;SPRF-MG;DEL13-MG;UOP01-DEL13-MG
672322;08/04/2025;terça-feira;07:55:00;CE;116;1;FORTALEZA;Reação tardia ou ineficiente do condutor;Colisão lateral mesmo sentido;Com Vítimas Feridas;Pleno dia;Decrescente;Céu Claro;Múltipla;Reta;Sim;2;0;1;0;1;0;1;2;-3,769916;-38,51703459;SPRF-CE;DEL01-CE;UOP02-DEL01-CE
672324;05/04/2025;sábado;08:35:00;RJ;40;74;PETROPOLIS;Chuva;Saída de leito carroçável;Com Vítimas Feridas;Pleno dia;Decrescente;Chuva;Dupla;Curva;Sim;2;0;1;0;1;0;1;1;-22,49620738;-43,22347641;SPRF-RJ;DEL01-RJ;UOP01-DEL01-RJ
672325;08/04/2025;terça-feira;08:55:00;ES;101;269,2;SERRA;Manobra de mudança de faixa;Colisão lateral mesmo sentido;Com Vítimas Feridas;Pleno dia;Crescente;Sol;Múltipla;Reta;Sim;2;0;2;0;0;0;2;2;-20,22002047;-40,2702665;SPRF-ES;DEL02-ES;UOP01-DEL02-ES
672327;05/04/2025;sábado;03:00:00;RJ;40;121;DUQUE DE CAXIAS;Ausência de reação do condutor;Colisão traseira;Com Vítimas Feridas;Plena Noite;Decrescente;Chuva;Dupla;Reta;Sim;2;0;1;0;0;1;1;2;-22,7906206;-43,28571751;SPRF-RJ;DEL01-RJ;UOP02-DEL01-RJ
672328;08/04/2025;terça-feira;03:20:00;MS;163;265;DOURADOS;Ausência de reação do condutor;Colisão com objeto;Com Vítimas Feridas;Plena Noite;Decrescente;Céu Claro;Dupla;Rotatória;Não;1;0;1;0;0;0;1;1;-22,22319466;-54,7317294;SPRF-MS;DEL04-MS;UOP01-DEL04-MS
672329;08/04/2025;terça-feira;07:00:00;RJ;116;264;VOLTA REDONDA;Avarias e/ou desgaste excessivo no pneu;Queda de ocupante de veículo;Com Vítimas Feridas;Pleno dia;Decrescente;Sol;Simples;"Curva;Retorno Regulamentado";Não;1;0;1;0;0;0;1;1;-22,59111101;-44,08298492;SPRF-RJ;DEL07-RJ;UOP02-DEL07-RJ
672331;08/04/2025;terça-feira;07:00:00;PR;376;600;CURITIBA;Reação tardia ou ineficiente do condutor;Colisão traseira;Com Vítimas Feridas;Pleno dia;Crescente;Céu Claro;Dupla;"Aclive;Reta";Sim;2;0;1;0;1;0;1;2;-25,5059377;-49,3408985;SPRF-PR;DEL01-PR;UOP06-DEL01-PR
672332;08/04/2025;terça-feira;07:30:00;GO;153;513;APARECIDA DE GOIANIA;Ausência de reação do condutor;Colisão traseira;Com Vítimas Feridas;Pleno dia;Decrescente;Céu Claro;Simples;Reta;Não;3;0;1;0;1;1;1;2;-16,818858;-49,24045;SPRF-GO;DEL01-GO;UOP03-DEL01-GO
672333;08/04/2025;terça-feira;07:30:00;PR;376;257;CALIFORNIA;Pedestre cruzava a pista fora da faixa;Atropelamento de Pedestre;Com Vítimas Feridas;Pleno dia;Crescente;Céu Claro;Simples;Reta;Sim;2;0;1;1;0;0;2;2;-23,66323031;-51,36549169;SPRF-PR;DEL07-PR;UOP03-DEL07-PR
672334;08/04/2025;terça-feira;09:10:00;SC;101;201,6;SAO JOSE;Pista Escorregadia;Queda de ocupante de veículo;Com Vítimas Feridas;Pleno dia;Crescente;Nublado;Simples;Reta;Sim;2;0;1;0;1;0;1;1;-27,553853;-48,619763;SPRF-SC;DEL01-SC;UOP01-DEL01-SC
672335;08/04/2025;terça-feira;09:00:00;PB;230;149,2;CAMPINA GRANDE;Reação tardia ou ineficiente do condutor;Colisão traseira;Sem Vítimas;Pleno dia;Decrescente;Sol;Dupla;Reta;Sim;2;0;0;0;2;0;0;2;-7,246887;-35,871422;SPRF-PB;DEL02-PB;UOP01-DEL02-PB
672337;08/04/2025;terça-feira;07:40:00;PR;376;595;CURITIBA;Manobra de mudança de faixa;Colisão lateral mesmo sentido;Com Vítimas Feridas;Pleno dia;Crescente;Céu Claro;Dupla;Reta;Sim;3;0;1;0;2;0;1;3;-25,463343;-49,357872;SPRF-PR;DEL01-PR;UOP06-DEL01-PR
672339;08/04/2025;terça-feira;08:30:00;MG;40;282,5;TRES MARIAS;Acesso irregular;Colisão transversal;Com Vítimas Feridas;Pleno dia;Crescente;Sol;Simples;Curva;Sim;3;0;2;0;1;0;2;2;-18,25152418;-45,19638062;SPRF-MG;DEL14-MG;UOP02-DEL14-MG
672340;24/02/2025;segunda-feira;07:10:00;PR;116;122;CURITIBA;Condutor deixou de manter distância do veículo da frente;Colisão traseira;Sem Vítimas;Pleno dia;Decrescente;Céu Claro;Simples;Reta;Não;2;0;0;0;0;2;0;2;-25,6155541;-49,3176871;SPRF-PR;DEL01-PR;UOP03-DEL01-PR
672341;08/04/2025;terça-feira;07:50:00;RJ;40;105;DUQUE DE CAXIAS;Entrada inopinada do pedestre;Atropelamento de Pedestre;Com Vítimas Fatais;Pleno dia;Crescente;Céu Claro;Múltipla;Reta;Sim;2;1;0;0;1;0;0;2;-22,64431366;-43,28391194;SPRF-RJ;DEL01-RJ;UOP02-DEL01-RJ
672342;08/04/2025;terça-feira;07:35:00;RJ;465;21;NOVA IGUACU;Ausência de reação do condutor;Atropelamento de Animal;Com Vítimas Feridas;Pleno dia;Crescente;Céu Claro;Simples;Reta;Sim;1;0;1;0;0;0;1;1;-22,85492082;-43,60195756;SPRF-RJ;DEL06-RJ;UOP02-DEL06-RJ
672343;08/04/2025;terça-feira;08:45:00;RJ;101;333;RIO DE JANEIRO;Reação tardia ou ineficiente do condutor;Colisão traseira;Com Vítimas Feridas;Pleno dia;Crescente;Sol;Dupla;Reta;Não;2;0;1;0;1;0;1;2;-22,88503185;-43,2172966;SPRF-RJ;DEL02-RJ;UOP01-DEL02-RJ
672344;08/04/2025;terça-feira;08:00:00;RJ;116;144;DUQUE DE CAXIAS;Reação tardia ou ineficiente do condutor;Colisão traseira;Com Vítimas Feridas;Pleno dia;Decrescente;Céu Claro;Dupla;Reta;Sim;4;0;1;0;2;1;1;3;-22,66862662;-43,26846477;SPRF-RJ;DEL01-RJ;UOP02-DEL01-RJ
672346;08/04/2025;terça-feira;07:40:00;MG;116;699,1;MURIAE;Acessar a via sem observar a presença dos outros veículos;Colisão transversal;Com Vítimas Feridas;Pleno dia;Decrescente;Céu Claro;Simples;"Interseção de Vias;Reta";Não;5;0;4;0;0;1;4;3;-21,09886453;-42,37625241;SPRF-MG;DEL07-MG;UOP02-DEL07-MG
672347;08/04/2025;terça-feira;09:10:00;MG;40;517;RIBEIRAO DAS NEVES;Acessar a via sem observar a presença dos outros veículos;Colisão transversal;Com Vítimas Feridas;Pleno dia;Crescente;Céu Claro;Dupla;Retorno Regulamentado;Sim;2;0;1;0;1;0;1;2;-19,82955299;-44,08344626;SPRF-MG;DEL01-MG;UOP02-DEL01-MG
672349;28/03/2025;sexta-feira;07:00:00;RS;470;179;VERANOPOLIS;Velocidade Incompatível;Engavetamento;Com Vítimas Feridas;Pleno dia;Crescente;Céu Claro;Simples;Reta;Sim;4;0;0;1;3;0;1;4;-28,94926885;-51,55557448;SPRF-RS;DEL06-RS;UOP02-DEL06-RS
672350;08/04/2025;terça-feira;09:50:00;RS;448;22;PORTO ALEGRE;Acumulo de óleo sobre o pavimento;Colisão com objeto;Com Vítimas Feridas;Pleno dia;Crescente;Chuva;Dupla;"Declive;Curva";Sim;1;0;1;0;0;0;1;1;-29,97545832;-51,19957209;SPRF-RS;DEL01-RS;UOP01-DEL01-RS
672351;08/04/2025;terça-feira;10:05:00;BA;110;342;ALAGOINHAS;Trafegar com motocicleta (ou similar) entre as faixas;Colisão traseira;Com Vítimas Feridas;Pleno dia;Crescente;Céu Claro;Simples;Reta;Não;3;0;1;0;2;0;1;2;-12,16464;-38,41301;SPRF-BA;DEL01-BA;UOP04-DEL01-BA
672353;08/04/2025;terça-feira;10:44:00;PR;376;75,7;GUAIRACA;Desrespeitar a preferência no cruzamento;Colisão transversal;Com Vítimas Feridas;Pleno dia;Decrescente;Céu Claro;Simples;"Reta;Interseção de Vias";Não;4;0;2;0;2;0;2;2;-22,95410577;-52,70154476;SPRF-PR;DEL09-PR;UOP02-DEL09-PR
672356;06/04/2025;domingo;17:30:00;PA;230;3;ALTAMIRA;Ausência de reação do condutor;Colisão traseira;Com Vítimas Feridas;Pleno dia;Crescente;Sol;Simples;Reta;Sim;3;0;0;1;1;1;1;2;-3,18766285;-52,20300671;SPRF-PA;DEL03-PA;UOP01-DEL03-PA
672358;23/03/2025;domingo;10:30:00;SP;101;45;UBATUBA;Conversão proibida;Colisão transversal;Com Vítimas Feridas;Pleno dia;Crescente;Céu Claro;Simples;Reta;Não;2;0;1;0;1;0;1;2;-23,41954182;-45,06905079;SPRF-SP;DEL06-SP;UOP01-DEL06-SP
672359;08/04/2025;terça-feira;11:57:00;PE;101;177;AGUA PRETA;Demais falhas mecânicas ou elétricas;Incêndio;Com Vítimas Feridas;Pleno dia;Decrescente;Sol;Dupla;Reta;Não;1;0;1;0;0;0;1;1;-8,5730799;-35,4809826;SPRF-PE;DEL01-PE;UOP03-DEL01-PE
672360;08/04/2025;terça-feira;10:55:00;RS;158;95,1;PALMEIRA DAS MISSOES;Acessar a via sem observar a presença dos outros veículos;Colisão transversal;Com Vítimas Feridas;Pleno dia;Decrescente;Chuva;Simples;Reta;Não;2;0;1;0;1;0;1;2;-27,85818635;-53,32490748;SPRF-RS;DEL08-RS;UOP02-DEL08-RS
672362;08/04/2025;terça-feira;11:00:00;RJ;465;21;NOVA IGUACU;Ausência de reação do condutor;Colisão transversal;Com Vítimas Feridas;Pleno dia;Decrescente;Céu Claro;Simples;Reta;Sim;2;0;0;1;1;0;1;2;-22,848631;-43,603726;SPRF-RJ;DEL06-RJ;UOP02-DEL06-RJ
672365;05/04/2025;sábado;15:45:00;RS;285;292,7;PASSO FUNDO;Desrespeitar a preferência no cruzamento;Atropelamento de Pedestre;Com Vítimas Feridas;Pleno dia;Decrescente;Sol;Simples;Rotatória;Não;2;0;0;1;1;0;1;2;-28,2375656;-52,3709877;SPRF-RS;DEL08-RS;UOP03-DEL08-RS
672367;08/04/2025;terça-feira;08:50:00;MG;365;495,3;PATROCINIO;Ausência de reação do condutor;Queda de ocupante de veículo;Com Vítimas Feridas;Pleno dia;Decrescente;Céu Claro;Simples;"Declive;Curva;Em Obras";Não;1;0;0;1;0;0;1;1;-18,913675;-47,190736;SPRF-MG;DEL10-MG;UOP01-DEL10-MG
672370;08/04/2025;terça-feira;09:30:00;RJ;101;66,7;CAMPOS DOS GOYTACAZES;Acessar a via sem observar a presença dos outros veículos;Colisão lateral mesmo sentido;Com Vítimas Feridas;Pleno dia;Decrescente;Céu Claro;Simples;Curva;Sim;2;0;1;0;1;0;1;2;-21,76597457;-41,34530783;SPRF-RJ;DEL08-RJ;UOP02-DEL08-RJ
672371;08/04/2025;terça-feira;13:00:00;GO;414;438;ANAPOLIS;Avarias e/ou desgaste excessivo no pneu;Queda de ocupante de veículo;Com Vítimas Feridas;Pleno dia;Crescente;Céu Claro;Simples;Reta;Sim;2;0;2;0;0;0;2;1;-16,268029;-48,939358;SPRF-GO;DEL02-GO;UOP01-DEL02-GO
672374;08/04/2025;terça-feira;12:00:00;RJ;101;594,2;PARATY;Curva acentuada;Colisão traseira;Com Vítimas Feridas;Pleno dia;Decrescente;Céu Claro;Simples;"Declive;Curva";Não;3;0;1;0;2;0;1;2;-23,34;-44,74;SPRF-RJ;DEL03-RJ;UOP04-DEL03-RJ
672376;08/04/2025;terça-feira;11:50:00;SP;116;113,8;TAUBATE;Demais falhas mecânicas ou elétricas;Tombamento;Com Vítimas Feridas;Pleno dia;Crescente;Sol;Dupla;Reta;Sim;1;0;1;0;0;0;1;1;-23,04614096;-45,58888167;SPRF-SP;DEL02-SP;UOP02-DEL02-SP
672377;08/04/2025;terça-feira;13:30:00;MG;40;793,2;JUIZ DE FORA;Avarias e/ou desgaste excessivo no pneu;Colisão com objeto;Com Vítimas Feridas;Pleno dia;Crescente;Céu Claro;Dupla;Reta;Não;1;0;1;0;0;0;1;1;-21,79213935;-43,41507196;SPRF-MG;DEL05-MG;UOP01-DEL05-MG
672378;08/04/2025;terça-feira;12:27:00;MS;163;14;MUNDO NOVO;Ausência de reação do condutor;Saída de leito carroçável;Sem Vítimas;Pleno dia;Crescente;Chuva;Simples;"Curva;Declive";Não;1;0;0;0;0;1;0;1;-23,95066524;-54,3081665;SPRF-MS;DEL09-MS;UOP02-DEL09-MS
672379;30/03/2025;domingo;10:45:00;MS;163;487;CAMPO GRANDE;Ausência de reação do condutor;Colisão frontal;Com Vítimas Feridas;Pleno dia;Decrescente;Céu Claro;Simples;"Reta;Aclive";Não;4;0;2;0;2;0;2;2;-20,4304998;-54,5443978;SPRF-MS;DEL01-MS;UOP02-DEL01-MS
672380;08/04/2025;terça-feira;13:45:00;MA;10;259;IMPERATRIZ;Transitar no Acostamento;Colisão transversal;Com Vítimas Feridas;Pleno dia;Crescente;Céu Claro;Simples;Reta;Sim;2;0;1;1;0;0;2;2;-5,473117;-47,472138;SPRF-MA;DEL04-MA;UOP01-DEL04-MA
672381;08/04/2025;terça-feira;14:22:00;PB;101;12;MAMANGUAPE;Reação tardia ou ineficiente do condutor;Queda de ocupante de veículo;Com Vítimas Feridas;Pleno dia;Decrescente;Céu Claro;Dupla;Reta;Não;2;0;1;0;0;1;1;1;-6,601404;-35,142668;SPRF-PB;DEL01-PB;UOP03-DEL01-PB
672382;08/04/2025;terça-feira;10:00:00;BA;324;515;FEIRA DE SANTANA;Ausência de reação do condutor;Colisão traseira;Com Vítimas Feridas;Pleno dia;Crescente;Céu Claro;Simples;Reta;Sim;4;0;3;0;1;0;3;3;-12,23725188;-38,94174993;SPRF-BA;DEL02-BA;UOP01-DEL02-BA
672383;08/04/2025;terça-feira;14:30:00;PR;277;586;CASCAVEL;Desrespeitar a preferência no cruzamento;Colisão traseira;Com Vítimas Feridas;Pleno dia;Decrescente;Chuva;Simples;"Reta;Interseção de Vias";Sim;6;0;2;0;3;1;2;3;-24,967146;-53,42466;SPRF-PR;DEL04-PR;UOP01-DEL04-PR
672384;08/04/2025;terça-feira;14:55:00;RS;386;426;MONTENEGRO;Condutor deixou de manter distância do veículo da frente;Colisão traseira;Sem Vítimas;Pleno dia;Decrescente;Céu Claro;Simples;Reta;Não;2;0;0;0;2;0;0;2;-29,81964759;-51,36127587;SPRF-RS;DEL04-RS;UOP02-DEL04-RS
672385;08/04/2025;terça-feira;15:00:00;RJ;495;3;TERESOPOLIS;Condutor deixou de manter distância do veículo da frente;Colisão traseira;Com Vítimas Feridas;Pleno dia;Decrescente;Céu Claro;Simples;Curva;Sim;3;0;1;0;1;1;1;3;-22,392836;-42,987816;SPRF-RJ;DEL04-RJ;UOP01-DEL04-RJ