id;data_inversa;dia_semana;horario;uf;br;km;municipio;causa_acidente;tipo_acidente;classificacao_acidente;fase_dia;sentido_via;condicao_metereologica;tipo_pista;tracado_via;uso_solo;pessoas;mortos;feridos_leves;feridos_graves;ilesos;ignorados;feridos;veiculos;latitude;longitude;regional;delegacia;uop
672386;08/04/2025;terça-feira;12:00:00;PR;476;239,5;LAPA;Reação tardia ou ineficiente do condutor;Capotamento;Com Vítimas Feridas;Pleno dia;Crescente;Nublado;Simples;Curva;Não;1;0;1;0;0;0;1;1;-25,85627406;-49,96301472;SPRF-PR;DEL02-PR;UOP03-DEL02-PR
672390;08/04/2025;terça-feira;13:35:00;SC;470;140,1;RIO DO SUL;Acessar a via sem observar a presença dos outros veículos;Colisão transversal;Com Vítimas Feridas;Pleno dia;Decrescente;Chuva;Simples;Reta;Sim;3;0;1;0;2;0;1;2;-27,20473089;-49,63883573;SPRF-SC;DEL04-SC;UOP02-DEL04-SC
672392;08/04/2025;terça-feira;15:45:00;MG;381;499,5;BETIM;Ausência de reação do condutor;Colisão lateral mesmo sentido;Com Vítimas Feridas;Pleno dia;Decrescente;Sol;Dupla;Reta;Sim;2;0;0;1;1;0;1;2;-19,99994496;-44,21097994;SPRF-MG;DEL01-MG;UOP03-DEL01-MG
672394;08/04/2025;terça-feira;16:15:00;SP;153;59,2;SAO JOSE DO RIO PRETO;Reação tardia ou ineficiente do condutor;Saída de leito carroçável;Com Vítimas Feridas;Pleno dia;Decrescente;Sol;Dupla;Declive;Sim;2;0;1;0;0;1;1;2;-20,789206;-49,354179;SPRF-SP;DEL09-SP;UOP01-DEL09-SP
672395;08/04/2025;terça-feira;14:00:00;PI;343;162;BRASILEIRA;Animais na Pista;Tombamento;Com Vítimas Feridas;Pleno dia;Crescente;Céu Claro;Simples;Reta;Não;1;0;0;1;0;0;1;1;-4,10911757;-41,78535432;SPRF-PI;DEL02-PI;UOP01-DEL02-PI
672397;08/04/2025;terça-feira;16:00:00;BA;101;864;TEIXEIRA DE FREITAS;Ultrapassagem Indevida;Saída de leito carroçável;Com Vítimas Feridas;Pleno dia;Crescente;Nublado;Simples;"Reta;Aclive";Não;5;0;4;0;1;0;4;1;-17,441983;-39,69209;SPRF-BA;DEL09-BA;UOP02-DEL09-BA
672399;08/04/2025;terça-feira;13:30:00;MG;50;72;UBERLANDIA;Acessar a via sem observar a presença dos outros veículos;Colisão transversal;Com Vítimas Feridas;Pleno dia;Crescente;Céu Claro;Dupla;Interseção de Vias;Sim;2;0;1;0;1;0;1;2;-18,896;-48,247;SPRF-MG;DEL15-MG;UOP01-DEL15-MG
672400;08/04/2025;terça-feira;15:00:00;MG;50;53;ARAGUARI;Avarias e/ou desgaste excessivo no pneu;Queda de ocupante de veículo;Com Vítimas Feridas;Pleno dia;Crescente;Céu Claro;Dupla;Reta;Não;2;0;1;0;1;0;1;1;-18,6948035;-48,1896249;SPRF-MG;DEL15-MG;UOP02-DEL15-MG
672402;08/04/2025;terça-feira;17:10:00;ES;101;287;CARIACICA;Acessar a via sem observar a presença dos outros veículos;Colisão transversal;Com Vítimas Feridas;Anoitecer;Crescente;Céu Claro;Dupla;Reta;Sim;2;0;1;0;1;0;1;2;-20,25231936;-40,37333965;SPRF-ES;DEL01-ES;UOP01-DEL01-ES
672404;08/04/2025;terça-feira;17:10:00;BA;101;445;AURELINO LEAL;Frear bruscamente;Colisão traseira;Sem Vítimas;Pleno dia;Crescente;Céu Claro;Simples;"Ponte;Reta";Sim;3;0;0;0;3;0;0;2;-14,31617829;-39,31429625;SPRF-BA;DEL05-BA;UOP01-DEL05-BA
672405;08/04/2025;terça-feira;16:40:00;PE;104;65,1;CARUARU;Reação tardia ou ineficiente do condutor;Colisão com objeto;Com Vítimas Feridas;Pleno dia;Decrescente;Céu Claro;Dupla;"Viaduto;Reta";Sim;2;0;1;1;0;0;2;1;-8,27664698;-35,98182857;SPRF-PE;DEL02-PE;UOP01-DEL02-PE
672408;08/04/2025;terça-feira;17:30:00;PB;230;147,8;CAMPINA GRANDE;Ausência de reação do condutor;Colisão traseira;Sem Vítimas;Anoitecer;Crescente;Céu Claro;Simples;Rotatória;Sim;2;0;0;0;2;0;0;2;-7,23638182;-35,86722851;SPRF-PB;DEL02-PB;UOP01-DEL02-PB
672413;08/04/2025;terça-feira;17:50:00;ES;101;215,8;IBIRACU;Reação tardia ou ineficiente do condutor;Tombamento;Com Vítimas Feridas;Anoitecer;Crescente;Nublado;Simples;Reta;Não;1;0;1;0;0;0;1;1;-19,83920833;-40,38316333;SPRF-ES;DEL02-ES;UOP01-DEL02-ES
672414;08/04/2025;terça-feira;16:00:00;SC;101;71;ARAQUARI;Chuva;Tombamento;Com Vítimas Feridas;Pleno dia;Decrescente;Chuva;Múltipla;Curva;Não;1;0;1;0;0;0;1;1;-26,52369042;-48,71606112;SPRF-SC;DEL03-SC;UOP02-DEL03-SC
672416;08/04/2025;terça-feira;18:40:00;RN;101;121,2;SAO JOSE DE MIPIBU;Ausência de sinalização;Colisão traseira;Com Vítimas Feridas;Plena Noite;Crescente;Céu Claro;Dupla;Reta;Não;2;0;1;0;0;1;1;2;-6,041498;-35,246821;SPRF-RN;DEL01-RN;UOP01-DEL01-RN
672417;08/04/2025;terça-feira;18:40:00;RJ;116;83;TERESOPOLIS;Ultrapassagem Indevida;Colisão lateral sentido oposto;Com Vítimas Feridas;Plena Noite;Decrescente;Céu Claro;Simples;"Reta;Aclive";Sim;4;0;1;0;1;2;1;4;-22,405758;-42,951673;SPRF-RJ;DEL04-RJ;UOP01-DEL04-RJ
672418;08/04/2025;terça-feira;18:30:00;SC;101;208;SAO JOSE;Reação tardia ou ineficiente do condutor;Queda de ocupante de veículo;Com Vítimas Feridas;Plena Noite;Crescente;Chuva;Simples;Reta;Sim;1;0;1;0;0;0;1;1;-27,6044;-48,63343;SPRF-SC;DEL01-SC;UOP01-DEL01-SC
672423;08/04/2025;terça-feira;16:35:00;GO;50;265;CATALAO;Ausência de reação do condutor;Saída de leito carroçável;Com Vítimas Feridas;Pleno dia;Decrescente;Céu Claro;Dupla;"Reta;Declive";Não;1;0;1;0;0;0;1;1;-18,08491431;-47,86957741;SPRF-GO;DEL06-GO;UOP01-DEL06-GO
672424;08/04/2025;terça-feira;18:05:00;BA;101;884;TEIXEIRA DE FREITAS;Transitar na contramão;Colisão frontal;Com Vítimas Feridas;Anoitecer;Crescente;Chuva;Simples;Curva;Não;2;0;1;0;1;0;1;2;-17,60158497;-39,74868536;SPRF-BA;DEL09-BA;UOP02-DEL09-BA
672428;08/04/2025;terça-feira;17:45:00;MG;116;521,9;CARATINGA;Acessar a via sem observar a presença dos outros veículos;Colisão lateral mesmo sentido;Com Vítimas Feridas;Anoitecer;Decrescente;Nublado;Simples;Reta;Sim;2;0;0;1;1;0;1;2;-19,7341039;-42,13264957;SPRF-MG;DEL06-MG;UOP02-DEL06-MG
672430;08/04/2025;terça-feira;18:05:00;MG;40;669,9;CARANDAI;Conversão proibida;Colisão transversal;Com Vítimas Fatais;Plena Noite;Decrescente;Céu Claro;Simples;Reta;Sim;4;1;0;1;1;1;1;3;-20,97154;-43,78458;SPRF-MG;DEL05-MG;UOP02-DEL05-MG
672431;08/04/2025;terça-feira;19:25:00;PR;467;108,8;CASCAVEL;Desrespeitar a preferência no cruzamento;Colisão transversal;Com Vítimas Feridas;Plena Noite;Decrescente;Garoa/Chuvisco;Dupla;"Declive;Retorno Regulamentado;Reta";Sim;2;0;1;0;1;0;1;2;-24,92473801;-53,46588414;SPRF-PR;DEL04-PR;UOP01-DEL04-PR
672436;08/04/2025;terça-feira;17:30:00;PI;316;311;PICOS;Ausência de reação do condutor;Atropelamento de Pedestre;Com Vítimas Feridas;Anoitecer;Crescente;Céu Claro;Simples;Reta;Sim;2;0;1;0;1;0;1;2;-7,076331;-41,46596;SPRF-PI;DEL04-PI;UOP01-DEL04-PI
672437;08/04/2025;terça-feira;20:30:00;PB;230;23,6;JOAO PESSOA;Reação tardia ou ineficiente do condutor;Tombamento;Com Vítimas Feridas;Plena Noite;Decrescente;Céu Claro;Dupla;Reta;Sim;3;0;2;0;0;1;2;2;-7,16255797;-34,86095902;SPRF-PB;DEL01-PB;UOP01-DEL01-PB
672438;08/04/2025;terça-feira;19:00:00;PR;369;7,1;JACAREZINHO;Pista esburacada;Queda de ocupante de veículo;Com Vítimas Feridas;Plena Noite;Crescente;Céu Claro;Simples;"Reta;Declive";Não;2;0;2;0;0;0;2;1;-23,00145143;-49,96590614;SPRF-PR;DEL07-PR;UOP05-DEL07-PR
672439;08/04/2025;terça-feira;17:40:00;MG;153;243,1;FRONTEIRA;Transitar na contramão;Colisão lateral sentido oposto;Com Vítimas Feridas;Pleno dia;Decrescente;Céu Claro;Simples;Reta;Sim;5;0;1;0;4;0;1;3;-20,277583;-49,1904;SPRF-MG;DEL13-MG;UOP02-DEL13-MG
672440;08/04/2025;terça-feira;16:00:00;MG;364;22,8;FRUTAL;Reação tardia ou ineficiente do condutor;Colisão com objeto;Com Vítimas Feridas;Pleno dia;Crescente;Céu Claro;Simples;"Reta;Ponte";Não;3;0;1;0;2;0;1;2;-20,04308101;-48,85145903;SPRF-MG;DEL13-MG;UOP02-DEL13-MG
672445;08/04/2025;terça-feira;21:30:00;MT;364;239;JUSCIMEIRA;Ausência de reação do condutor;Queda de ocupante de veículo;Com Vítimas Feridas;Plena Noite;Decrescente;Céu Claro;Dupla;Reta;Não;1;0;1;0;0;0;1;1;-16,07778484;-54,87636566;SPRF-MT;DEL02-MT;UOP01-DEL02-MT
672447;08/04/2025;terça-feira;22:05:00;RS;386;368,6;FAZENDA VILANOVA;Ingestão de álcool pelo condutor;Saída de leito carroçável;Sem Vítimas;Plena Noite;Crescente;Nublado;Dupla;Reta;Não;1;0;0;0;1;0;0;1;-29,58713382;-51,83244467;SPRF-RS;DEL04-RS;UOP01-DEL04-RS
672448;08/04/2025;terça-feira;19:15:00;RJ;101;409;ITAGUAI;Área urbana sem a presença de local apropriado para a travessia de pedestres;Atropelamento de Pedestre;Com Vítimas Fatais;Plena Noite;Crescente;Céu Claro;Dupla;Reta;Sim;2;1;0;0;1;0;0;2;-22,890425;-43,840851;SPRF-RJ;DEL03-RJ;UOP01-DEL03-RJ
672450;08/04/2025;terça-feira;22:00:00;DF;20;1,4;BRASILIA;Ingestão de álcool pelo condutor;Tombamento;Sem Vítimas;Plena Noite;Decrescente;Céu Claro;Dupla;Reta;Não;1;0;0;0;1;0;0;1;-15,68440205;-47,84625315;SPRF-DF;DEL02-DF;UOP01-DEL02-DF
672451;08/04/2025;terça-feira;21:54:00;RS;285;575;SAO LUIZ GONZAGA;Ingestão de álcool pelo condutor;Saída de leito carroçável;Sem Vítimas;Plena Noite;Decrescente;Céu Claro;Simples;Reta;Não;4;0;0;0;4;0;0;1;-28,4191833;-55,03742695;SPRF-RS;DEL12-RS;UOP01-DEL12-RS
672452;08/04/2025;terça-feira;23:20:00;CE;222;4;CAUCAIA;Ausência de reação do condutor;Atropelamento de Pedestre;Com Vítimas Feridas;Plena Noite;Decrescente;Céu Claro;Simples;Reta;Sim;3;0;2;1;0;0;3;2;-3,74249847;-38,60893428;SPRF-CE;DEL01-CE;UOP01-DEL01-CE
672456;08/04/2025;terça-feira;22:24:00;MG;381;946,5;EXTREMA;Velocidade Incompatível;Saída de leito carroçável;Com Vítimas Feridas;Plena Noite;Crescente;Nublado;Dupla;Interseção de Vias;Sim;1;0;1;0;0;0;1;1;-22,86130786;-46,34431954;SPRF-MG;DEL16-MG;UOP03-DEL16-MG
672457;09/04/2025;quarta-feira;00:50:00;SP;153;68,2;SAO JOSE DO RIO PRETO;Ausência de reação do condutor;Saída de leito carroçável;Com Vítimas Feridas;Plena Noite;Crescente;Céu Claro;Dupla;Reta;Sim;2;0;2;0;0;0;2;1;-20,8506607;-49,39424157;SPRF-SP;DEL09-SP;UOP01-DEL09-SP
672459;08/04/2025;terça-feira;22:00:00;MT;364;154;PEDRA PRETA;Ingestão de álcool pelo condutor;Saída de leito carroçável;Sem Vítimas;Plena Noite;Crescente;Nublado;Simples;Reta;Não;1;0;0;0;1;0;0;1;-16,69199546;-54,28700858;SPRF-MT;DEL02-MT;UOP01-DEL02-MT
672460;09/04/2025;quarta-feira;01:50:00;PR;163;278,8;MARECHAL CANDIDO RONDON;Reação tardia ou ineficiente do condutor;Colisão com objeto;Com Vítimas Feridas;Plena Noite;Crescente;Ignorado;Dupla;Reta;Sim;4;0;0;1;0;3;1;2;-24,56845932;-54,02000958;SPRF-PR;DEL06-PR;UOP02-DEL06-PR
672461;08/04/2025;terça-feira;21:50:00;RO;435;90;COLORADO DO OESTE;Demais falhas na via;Queda de ocupante de veículo;Com Vítimas Feridas;Plena Noite;Decrescente;Nublado;Simples;Reta;Não;1;0;1;0;0;0;1;1;-13,18746764;-60,54485152;SPRF-RO;DEL04-RO;UOP02-DEL04-RO
672463;09/04/2025;quarta-feira;02:10:00;PR;376;183,5;SARANDI;Ausência de reação do condutor;Colisão com objeto;Com Vítimas Feridas;Plena Noite;Decrescente;Céu Claro;Dupla;"Reta;Em Obras";Sim;2;0;1;0;0;1;1;1;-23,434;-51,883;SPRF-PR;DEL09-PR;UOP01-DEL09-PR
672466;09/04/2025;quarta-feira;04:10:00;MG;381;744,9;TRES CORACOES;Reação tardia ou ineficiente do condutor;Saída de leito carroçável;Com Vítimas Feridas;Plena Noite;Crescente;Ignorado;Dupla;Reta;Sim;2;0;1;0;0;1;1;2;-21,61889;-45,25181;SPRF-MG;DEL16-MG;UOP02-DEL16-MG
672467;09/04/2025;quarta-feira;05:35:00;SC;280;26,7;ARAQUARI;Reação tardia ou ineficiente do condutor;Atropelamento de Pedestre;Com Vítimas Fatais;Amanhecer;Crescente;Nublado;Simples;"Reta;Em Obras";Sim;2;1;0;1;0;0;1;2;-26,394703;-48,738756;SPRF-SC;DEL03-SC;UOP03-DEL03-SC
672468;09/04/2025;quarta-feira;04:55:00;PR;376;156,6;MANDAGUACU;Animais na Pista;Colisão com objeto;Com Vítimas Feridas;Plena Noite;Crescente;Nevoeiro/Neblina;Dupla;"Curva;Declive";Não;1;0;1;0;0;0;1;1;-23,3473301;-52,090162;SPRF-PR;DEL09-PR;UOP02-DEL09-PR
672469;09/04/2025;quarta-feira;06:30:00;SP;116;202;ARUJA;Ausência de reação do condutor;Colisão transversal;Com Vítimas Feridas;Pleno dia;Decrescente;Céu Claro;Múltipla;Curva;Não;2;0;1;0;1;0;1;2;-23,40951268;-46,34198237;SPRF-SP;DEL01-SP;UOP01-DEL01-SP
672472;09/04/2025;quarta-feira;06:30:00;ES;259;63,2;COLATINA;Reação tardia ou ineficiente do condutor;Colisão transversal;Com Vítimas Feridas;Pleno dia;Crescente;Céu Claro;Simples;Reta;Sim;3;0;1;1;1;0;2;2;-19,522715;-40,707203;SPRF-ES;DEL02-ES;UOP01-DEL02-ES
672474;09/04/2025;quarta-feira;04:40:00;MS;60;436;SIDROLANDIA;Animais na Pista;Atropelamento de Animal;Com Vítimas Feridas;Amanhecer;Crescente;Céu Claro;Simples;Reta;Não;3;0;1;0;2;0;1;1;-20,983283;-55,00962;SPRF-MS;DEL01-MS;UOP04-DEL01-MS
672475;09/04/2025;quarta-feira;07:00:00;DF;20;7;BRASILIA;Velocidade Incompatível;Engavetamento;Com Vítimas Feridas;Amanhecer;Decrescente;Céu Claro;Dupla;Reta;Sim;3;0;1;0;2;0;1;2;-15,660349;-47,796515;SPRF-DF;DEL02-DF;UOP01-DEL02-DF
672477;09/04/2025;quarta-feira;06:30:00;SP;116;281;EMBU DAS ARTES;Trafegar com motocicleta (ou similar) entre as faixas;Colisão lateral mesmo sentido;Com Vítimas Feridas;Pleno dia;Decrescente;Céu Claro;Dupla;"Reta;Declive";Sim;2;0;1;0;1;0;1;2;-23,67125408;-46,85668945;SPRF-SP;DEL04-SP;UOP01-DEL04-SP
672479;08/04/2025;terça-feira;20:25:00;RJ;40;123;DUQUE DE CAXIAS;Retorno proibido;Colisão traseira;Com Vítimas Feridas;Plena Noite;Crescente;Céu Claro;Dupla;Reta;Sim;3;0;1;0;2;0;1;2;-22,8051864;-43,2897681;SPRF-RJ;DEL01-RJ;UOP02-DEL01-RJ
672480;08/04/2025;terça-feira;23:30:00;SC;158;124;PALMITOS;Demais falhas mecânicas ou elétricas;Incêndio;Sem Vítimas;Plena Noite;Crescente;Nublado;Simples;Reta;Não;1;0;0;0;0;1;0;1;-27,1272935;-53,2120194;SPRF-SC;DEL07-SC;UOP02-DEL07-SC
672481;09/04/2025;quarta-feira;07:12:00;PE;101;37;ITAPISSUMA;Condutor deixou de manter distância do veículo da frente;Colisão traseira;Com Vítimas Feridas;Pleno dia;Crescente;Céu Claro;Dupla;Reta;Não;2;0;0;1;1;0;1;2;-7,799;-34,92;SPRF-PE;DEL01-PE;UOP02-DEL01-PE
672482;09/04/2025;quarta-feira;07:30:00;RS;116;224;DOIS IRMAOS;Acessar a via sem observar a presença dos outros veículos;Colisão transversal;Com Vítimas Feridas;Pleno dia;Decrescente;Nublado;Dupla;Reta;Sim;2;0;1;0;1;0;1;2;-29,58924067;-51,10686986;SPRF-RS;DEL01-RS;UOP02-DEL01-RS
672483;09/04/2025;quarta-feira;07:00:00;DF;70;0;BRASILIA;Reação tardia ou ineficiente do condutor;Colisão traseira;Com Vítimas Feridas;Pleno dia;Crescente;Céu Claro;Dupla;Reta;Sim;2;0;1;0;1;0;1;2;-15,79277894;-48,05656719;SPRF-DF;DEL03-DF;UOP02-DEL03-DF
672484;09/04/2025;quarta-feira;07:20:00;RN;101;84,5;SAO GONCALO DO AMARANTE;Ingestão de álcool pelo condutor;Colisão transversal;Com Vítimas Feridas;Pleno dia;Crescente;Céu Claro;Dupla;"Interseção de Vias;Retorno Regulamentado;Reta;Viaduto";Sim;4;0;0;1;3;0;1;2;-5,775817;-35,253697;SPRF-RN;DEL02-RN;UOP01-DEL02-RN
672485;09/04/2025;quarta-feira;07:30:00;RS;386;259,5;FONTOURA XAVIER;Acessar a via sem observar a presença dos outros veículos;Colisão transversal;Com Vítimas Feridas;Pleno dia;Decrescente;Céu Claro;Simples;"Declive;Em Obras;Curva";Não;2;0;2;0;0;0;2;2;-28,8907217;-52,41303563;SPRF-RS;DEL04-RS;UOP03-DEL04-RS
672488;09/04/2025;quarta-feira;07:30:00;RN;226;83;TANGARA;Acessar a via sem observar a presença dos outros veículos;Colisão transversal;Com Vítimas Feridas;Pleno dia;Crescente;Céu Claro;Simples;Aclive;Sim;3;0;2;0;1;0;2;2;-6,194455;-35,794733;SPRF-RN;DEL01-RN;UOP02-DEL01-RN
672489;09/04/2025;quarta-feira;07:40:00;SC;101;143;ITAPEMA;Carga excessiva e/ou mal acondicionada;Derramamento de carga;Com Vítimas Feridas;Pleno dia;Crescente;Nublado;Dupla;Reta;Não;2;0;1;0;1;0;1;2;-27,06703299;-48,59560445;SPRF-SC;DEL04-SC;UOP03-DEL04-SC
672490;09/04/2025;quarta-feira;06:50:00;RJ;101;420;MANGARATIBA;Acessar a via sem observar a presença dos outros veículos;Colisão transversal;Com Vítimas Feridas;Pleno dia;Decrescente;Céu Claro;Dupla;Interseção de Vias;Não;2;0;1;0;1;0;1;2;-22,91607;-43,93297;SPRF-RJ;DEL03-RJ;UOP02-DEL03-RJ
672494;09/04/2025;quarta-feira;08:40:00;BA;324;621;SALVADOR;Reação tardia ou ineficiente do condutor;Queda de ocupante de veículo;Com Vítimas Feridas;Pleno dia;Crescente;Garoa/Chuvisco;Múltipla;"Curva;Declive";Sim;1;0;1;0;0;0;1;1;-12,9296272;-38,4685286;SPRF-BA;DEL01-BA;UOP01-DEL01-BA
672495;09/04/2025;quarta-feira;07:10:00;SC;282;389;JOACABA;Manobra de mudança de faixa;Colisão lateral mesmo sentido;Com Vítimas Feridas;Pleno dia;Crescente;Nevoeiro/Neblina;Simples;Reta;Não;6;0;0;2;3;1;2;5;-27,179787;-51,535016;SPRF-SC;DEL07-SC;UOP05-DEL07-SC
672496;09/04/2025;quarta-feira;08:16:00;PE;232;5,7;RECIFE;Ausência de reação do condutor;Colisão traseira;Com Vítimas Feridas;Pleno dia;Crescente;Céu Claro;Múltipla;Reta;Sim;2;0;1;0;1;0;1;2;-8,0698689;-34,9521525;SPRF-PE;DEL01-PE;UOP01-DEL01-PE
672497;09/04/2025;quarta-feira;07:50:00;PR;476;146;ARAUCARIA;Trafegar com motocicleta (ou similar) entre as faixas;Colisão traseira;Com Vítimas Feridas;Pleno dia;Decrescente;Nublado;Dupla;Reta;Sim;2;0;1;0;1;0;1;2;-25,55602663;-49,34357643;SPRF-PR;DEL01-PR;UOP06-DEL01-PR
672500;09/04/2025;quarta-feira;08:30:00;RJ;493;68;DUQUE DE CAXIAS;Condutor Dormindo;Saída de leito carroçável;Com Vítimas Feridas;Pleno dia;Crescente;Céu Claro;Dupla;Reta;Não;1;0;1;0;0;0;1;1;-22,6689024;-43,2799744;SPRF-RJ;DEL01-RJ;UOP03-DEL01-RJ
672501;09/04/2025;quarta-feira;08:30:00;SP;381;73;SAO PAULO;Ausência de reação do condutor;Colisão lateral mesmo sentido;Com Vítimas Feridas;Pleno dia;Decrescente;Céu Claro;Múltipla;"Curva;Aclive";Não;2;0;1;0;1;0;1;1;-23,36342983;-46,55214608;SPRF-SP;DEL03-SP;UOP01-DEL03-SP
672502;09/04/2025;quarta-feira;07:30:00;PR;277;108;CURITIBA;Condutor deixou de manter distância do veículo da frente;Colisão traseira;Com Vítimas Feridas;Pleno dia;Decrescente;Nublado;Dupla;Reta;Sim;3;0;2;0;1;0;2;2;-25,43002422;-49,37832642;SPRF-PR;DEL03-PR;UOP03-DEL03-PR
672503;09/04/2025;quarta-feira;07:25:00;PI;343;308,5;ALTOS;Acessar a via sem observar a presença dos outros veículos;Colisão lateral mesmo sentido;Com Vítimas Feridas;Pleno dia;Decrescente;Nublado;Simples;Reta;Sim;3;0;3;0;0;0;3;2;-5,03610312;-42,44523034;SPRF-PI;DEL01-PI;UOP01-DEL01-PI
672504;09/04/2025;quarta-feira;07:40:00;PE;101;57,8;PAULISTA;Condutor deixou de manter distância do veículo da frente;Colisão traseira;Com Vítimas Feridas;Pleno dia;Decrescente;Céu Claro;Dupla;Reta;Sim;4;0;1;0;3;0;1;4;-7,969167;-34,9;SPRF-PE;DEL01-PE;UOP02-DEL01-PE
672508;09/04/2025;quarta-feira;09:00:00;MG;116;508,8;UBAPORANGA;Ultrapassagem Indevida;Colisão lateral mesmo sentido;Sem Vítimas;Pleno dia;Crescente;Céu Claro;Simples;"Reta;Declive";Sim;2;0;0;0;1;1;0;2;-19,63768338;-42,11577421;SPRF-MG;DEL06-MG;UOP02-DEL06-MG
672509;09/04/2025;quarta-feira;09:45:00;RS;116;530,1;CAPAO DO LEAO;Acessar a via sem observar a presença dos outros veículos;Colisão transversal;Com Vítimas Feridas;Pleno dia;Decrescente;Chuva;Simples;Interseção de Vias;Não;2;0;1;0;1;0;1;2;-31,76024322;-52,43815854;SPRF-RS;DEL07-RS;UOP01-DEL07-RS
672510;09/04/2025;quarta-feira;07:40:00;SC;116;5,7;MAFRA;Ausência de reação do condutor;Colisão transversal;Com Vítimas Feridas;Pleno dia;Decrescente;Garoa/Chuvisco;Simples;Reta;Sim;2;0;1;0;1;0;1;2;-26,145519;-49,821786;SPRF-SC;DEL06-SC;UOP01-DEL06-SC
672511;09/04/2025;quarta-feira;07:30:00;ES;262;70;MARECHAL FLORIANO;Reação tardia ou ineficiente do condutor;Colisão traseira;Com Vítimas Feridas;Pleno dia;Crescente;Céu Claro;Simples;"Curva;Aclive";Não;2;0;1;0;1;0;1;2;-20,415415;-40,867134;SPRF-ES;DEL01-ES;UOP02-DEL01-ES
672512;09/04/2025;quarta-feira;10:00:00;PB;230;13;CABEDELO;Condutor deixou de manter distância do veículo da frente;Colisão lateral mesmo sentido;Com Vítimas Feridas;Pleno dia;Decrescente;Céu Claro;Dupla;Reta;Sim;2;0;1;0;1;0;1;2;-7,08924328;-34,84837116;SPRF-PB;DEL01-PB;UOP01-DEL01-PB
672513;09/04/2025;quarta-feira;09:05:00;AL;101;137;SAO MIGUEL DOS CAMPOS;Condutor deixou de manter distância do veículo da frente;Colisão traseira;Com Vítimas Feridas;Pleno dia;Crescente;Céu Claro;Dupla;"Reta;Aclive";Não;3;0;1;0;2;0;1;2;-9,7871561;-36,10560179;SPRF-AL;DEL02-AL;UOP01-DEL02-AL
672514;09/04/2025;quarta-feira;07:50:00;RO;319;64;PORTO VELHO;Condutor deixou de manter distância do veículo da frente;Colisão traseira;Com Vítimas Feridas;Pleno dia;Decrescente;Céu Claro;Dupla;Reta;Sim;2;0;1;0;1;0;1;2;-8,767869;-63,88383508;SPRF-RO;DEL01-RO;UOP01-DEL01-RO
672515;09/04/2025;quarta-feira;08:30:00;RS;392;8,9;RIO GRANDE;Pista Escorregadia;Tombamento;Com Vítimas Feridas;Pleno dia;Crescente;Nublado;Simples;Curva;Não;1;0;1;0;0;0;1;1;-32,11059323;-52,11198449;SPRF-RS;DEL07-RS;UOP02-DEL07-RS
672517;09/04/2025;quarta-feira;10:00:00;RJ;116;186;NOVA IGUACU;Ausência de reação do condutor;Queda de ocupante de veículo;Com Vítimas Feridas;Pleno dia;Decrescente;Céu Claro;Dupla;Reta;Sim;2;0;2;0;0;0;2;1;-22,73944665;-43,46680641;SPRF-RJ;DEL06-RJ;UOP01-DEL06-RJ
672518;09/04/2025;quarta-feira;07:55:00;PE;232;176;BELO JARDIM;Ausência de reação do condutor;Tombamento;Com Vítimas Feridas;Pleno dia;Crescente;Céu Claro;Simples;Reta;Sim;1;0;1;0;0;0;1;1;-8,34602;-36,395728;SPRF-PE;DEL03-PE;UOP02-DEL03-PE
672522;09/04/2025;quarta-feira;09:50:00;BA;324;620,1;SALVADOR;Ausência de reação do condutor;Colisão transversal;Com Vítimas Feridas;Pleno dia;Crescente;Nublado;Múltipla;Reta;Sim;2;0;1;0;1;0;1;2;-12,9174089;-38,4635998;SPRF-BA;DEL01-BA;UOP01-DEL01-BA
672523;09/04/2025;quarta-feira;09:30:00;DF;20;31;BRASILIA;Avarias e/ou desgaste excessivo no pneu;Capotamento;Com Vítimas Feridas;Pleno dia;Decrescente;Céu Claro;Dupla;Reta;Não;2;0;1;0;1;0;1;1;-15,58799477;-47,57731408;SPRF-DF;DEL02-DF;UOP01-DEL02-DF
672524;09/04/2025;quarta-feira;09:45:00;SE;235;3,9;NOSSA SENHORA DO SOCORRO;Condutor deixou de manter distância do veículo da frente;Colisão traseira;Com Vítimas Feridas;Pleno dia;Crescente;Céu Claro;Dupla;Reta;Sim;2;0;1;0;1;0;1;2;-10,90565385;-37,10972777;SPRF-SE;DEL01-SE;UOP01-DEL01-SE
672525;09/04/2025;quarta-feira;09:50:00;PE;101;63;RECIFE;Reação tardia ou ineficiente do condutor;Colisão traseira;Com Vítimas Feridas;Pleno dia;Crescente;Céu Claro;Múltipla;Interseção de Vias;Sim;2;0;1;0;1;0;1;2;-8,01113376;-34,93796879;SPRF-PE;DEL01-PE;UOP01-DEL01-PE
672526;09/04/2025;quarta-feira;09:20:00;ES;0;0;VITORIA;Condutor deixou de manter distância do veículo da frente;Colisão traseira;Sem Vítimas;Pleno dia;Não Informado;Céu Claro;Dupla;Reta;Sim;2;0;0;0;2;0;0;2;-20,28727685;-40,30412793;SPRF-ES;DEL02-ES;UOP01-DEL02-ES