id;data_inversa;dia_semana;horario;uf;br;km;municipio;causa_acidente;tipo_acidente;classificacao_acidente;fase_dia;sentido_via;condicao_metereologica;tipo_pista;tracado_via;uso_solo;pessoas;mortos;feridos_leves;feridos_graves;ilesos;ignorados;feridos;veiculos;latitude;longitude;regional;delegacia;uop
672527;09/04/2025;quarta-feira;10:40:00;RS;116;412;CAMAQUA;Ausência de reação do condutor;Saída de leito carroçável;Com Vítimas Feridas;Pleno dia;Decrescente;Nublado;Dupla;Reta;Não;2;0;1;0;1;0;1;1;-30,89116327;-51,83916092;SPRF-RS;DEL02-RS;UOP02-DEL02-RS
672530;16/02/2025;domingo;20:15:00;PI;343;307,5;ALTOS;Acessar a via sem observar a presença dos outros veículos;Colisão transversal;Com Vítimas Feridas;Plena Noite;Crescente;Céu Claro;Simples;"Reta;Interseção de Vias";Sim;3;0;0;1;2;0;1;2;-5,038918;-42,464937;SPRF-PI;DEL01-PI;UOP01-DEL01-PI
672531;09/04/2025;quarta-feira;11:19:00;SP;116;282,9;ITAPECERICA DA SERRA;Trafegar com motocicleta (ou similar) entre as faixas;Colisão lateral mesmo sentido;Com Vítimas Feridas;Pleno dia;Decrescente;Céu Claro;Dupla;Reta;Sim;4;0;2;0;2;0;2;2;-23,6978176;-46,874624;SPRF-SP;DEL04-SP;UOP01-DEL04-SP
672533;02/04/2025;quarta-feira;06:15:00;ES;101;36;CONCEICAO DA BARRA;Desrespeitar a preferência no cruzamento;Tombamento;Com Vítimas Feridas;Pleno dia;Decrescente;Céu Claro;Simples;Reta;Não;2;0;1;0;1;0;1;2;-18,45953599;-39,92997939;SPRF-ES;DEL04-ES;UOP02-DEL04-ES
672534;23/03/2025;domingo;00:10:00;MA;222;370,3;PINDARE-MIRIM;Animais na Pista;Atropelamento de Animal;Com Vítimas Fatais;Plena Noite;Decrescente;Céu Claro;Simples;Reta;Não;2;1;1;0;0;0;1;1;-3,730103;-45,428562;SPRF-MA;DEL02-MA;UOP01-DEL02-MA
672536;09/04/2025;quarta-feira;12:30:00;RJ;101;66;CAMPOS DOS GOYTACAZES;Condutor deixou de manter distância do veículo da frente;Colisão traseira;Com Vítimas Feridas;Pleno dia;Decrescente;Céu Claro;Simples;"Interseção de Vias;Rotatória";Sim;3;0;1;0;2;0;1;2;-21,765465;-41,346672;SPRF-RJ;DEL08-RJ;UOP02-DEL08-RJ
672537;09/04/2025;quarta-feira;09:00:00;MG;262;405;PARA DE MINAS;Ausência de reação do condutor;Saída de leito carroçável;Com Vítimas Feridas;Pleno dia;Crescente;Céu Claro;Dupla;"Reta;Declive";Não;1;0;1;0;0;0;1;1;-19,88921326;-44,58977508;SPRF-MG;DEL01-MG;UOP03-DEL01-MG
672538;09/04/2025;quarta-feira;12:20:00;SC;282;5,8;SAO JOSE;Manobra de mudança de faixa;Colisão lateral mesmo sentido;Com Vítimas Feridas;Pleno dia;Crescente;Nublado;Dupla;"Declive;Curva";Sim;2;0;1;0;0;1;1;2;-27,58544337;-48,61777425;SPRF-SC;DEL01-SC;UOP01-DEL01-SC
672539;09/04/2025;quarta-feira;12:00:00;RN;101;125;SAO JOSE DE MIPIBU;Acumulo de areia ou detritos sobre o pavimento;Tombamento;Com Vítimas Feridas;Pleno dia;Decrescente;Céu Claro;Dupla;Reta;Sim;1;0;1;0;0;0;1;1;-6,068658;-35,238822;SPRF-RN;DEL01-RN;UOP01-DEL01-RN
672540;09/04/2025;quarta-feira;10:30:00;GO;153;434;ANAPOLIS;Acessar a via sem observar a presença dos outros veículos;Colisão lateral mesmo sentido;Com Vítimas Feridas;Pleno dia;Crescente;Céu Claro;Simples;"Reta;Interseção de Vias";Sim;2;0;1;0;0;1;1;2;-16,28556579;-48,94657016;SPRF-GO;DEL02-GO;UOP01-DEL02-GO
672541;09/04/2025;quarta-feira;12:30:00;PE;428;174;PETROLINA;Acessar a via sem observar a presença dos outros veículos;Colisão transversal;Sem Vítimas;Pleno dia;Crescente;Céu Claro;Simples;Reta;Não;3;0;0;0;2;1;0;2;-9,26077284;-40,42961669;SPRF-PE;DEL06-PE;UOP01-DEL06-PE
672543;09/04/2025;quarta-feira;11:37:00;SP;153;256;MARILIA;Acumulo de óleo sobre o pavimento;Tombamento;Com Vítimas Feridas;Pleno dia;Crescente;Céu Claro;Dupla;Curva;Sim;1;0;1;0;0;0;1;1;-22,23235;-49,91875;SPRF-SP;DEL07-SP;UOP02-DEL07-SP
672544;09/04/2025;quarta-feira;11:30:00;SP;153;256;MARILIA;Acumulo de óleo sobre o pavimento;Tombamento;Com Vítimas Feridas;Pleno dia;Crescente;Céu Claro;Dupla;Curva;Sim;1;0;1;0;0;0;1;1;-22,23189414;-49,91880655;SPRF-SP;DEL07-SP;UOP02-DEL07-SP
672546;09/04/2025;quarta-feira;13:25:00;RS;158;566,3;SANTANA DO LIVRAMENTO;Acessar a via sem observar a presença dos outros veículos;Colisão transversal;Com Vítimas Feridas;Pleno dia;Decrescente;Nublado;Simples;"Reta;Interseção de Vias";Sim;3;0;0;1;1;1;1;3;-30,87482425;-55,50807953;SPRF-RS;DEL11-RS;UOP01-DEL11-RS
672547;09/04/2025;quarta-feira;12:30:00;MG;116;702,2;MURIAE;Reação tardia ou ineficiente do condutor;Colisão traseira;Com Vítimas Feridas;Pleno dia;Crescente;Céu Claro;Simples;Rotatória;Sim;2;0;1;0;1;0;1;2;-21,1464446;-42,3813348;SPRF-MG;DEL07-MG;UOP02-DEL07-MG
672550;09/04/2025;quarta-feira;10:45:00;GO;153;395,1;PIRENOPOLIS;Ingestão de álcool pelo condutor;Saída de leito carroçável;Sem Vítimas;Pleno dia;Crescente;Céu Claro;Simples;Aclive;Não;1;0;0;0;1;0;0;1;-16,01411344;-49,11774874;SPRF-GO;DEL02-GO;UOP02-DEL02-GO
672552;09/04/2025;quarta-feira;13:30:00;PB;361;4,5;PATOS;Acessar a via sem observar a presença dos outros veículos;Colisão transversal;Com Vítimas Feridas;Pleno dia;Crescente;Sol;Simples;Reta;Sim;2;0;0;1;1;0;1;2;-7,033496;-37,298992;SPRF-PB;DEL03-PB;UOP01-DEL03-PB
672553;09/04/2025;quarta-feira;13:05:00;CE;116;8,6;FORTALEZA;Reação tardia ou ineficiente do condutor;Colisão traseira;Sem Vítimas;Pleno dia;Crescente;Céu Claro;Múltipla;Reta;Sim;2;0;0;0;2;0;0;2;-3,82401566;-38,50399017;SPRF-CE;DEL01-CE;UOP02-DEL01-CE
672555;09/04/2025;quarta-feira;12:40:00;RS;472;156,4;SANTA ROSA;Desrespeitar a preferência no cruzamento;Colisão transversal;Com Vítimas Feridas;Pleno dia;Crescente;Sol;Simples;Interseção de Vias;Sim;4;0;3;0;1;0;3;2;-27,84191181;-54,43473458;SPRF-RS;DEL10-RS;UOP01-DEL10-RS
672556;09/04/2025;quarta-feira;14:20:00;SP;153;66;SAO JOSE DO RIO PRETO;Ausência de reação do condutor;Saída de leito carroçável;Com Vítimas Feridas;Pleno dia;Decrescente;Céu Claro;Dupla;Reta;Não;1;0;1;0;0;0;1;1;-20,854967;-49,4047598;SPRF-SP;DEL09-SP;UOP01-DEL09-SP
672557;09/04/2025;quarta-feira;13:30:00;PE;232;28;MORENO;Demais falhas mecânicas ou elétricas;Tombamento;Com Vítimas Fatais;Pleno dia;Decrescente;Sol;Dupla;Reta;Não;2;1;0;0;1;0;0;1;-8,11542;-35,11914;SPRF-PE;DEL01-PE;UOP01-DEL01-PE
672563;09/04/2025;quarta-feira;10:06:00;RO;364;424,1;JARU;Retorno proibido;Colisão transversal;Com Vítimas Feridas;Pleno dia;Crescente;Céu Claro;Simples;"Desvio Temporário;Reta;Interseção de Vias";Não;2;0;0;1;1;0;1;2;-10,44303616;-62,4668026;SPRF-RO;DEL03-RO;UOP02-DEL03-RO
672564;09/04/2025;quarta-feira;14:30:00;SP;116;144;SAO JOSE DOS CAMPOS;Ausência de reação do condutor;Colisão traseira;Com Vítimas Feridas;Pleno dia;Decrescente;Sol;Dupla;Reta;Sim;2;0;0;1;1;0;1;2;-23,30050836;-45,85876408;SPRF-SP;DEL02-SP;UOP01-DEL02-SP
672565;09/04/2025;quarta-feira;12:00:00;SC;101;49;JOINVILLE;Ausência de reação do condutor;Tombamento;Com Vítimas Feridas;Pleno dia;Decrescente;Nublado;Dupla;Curva;Não;1;0;1;0;0;0;1;1;-26,38421576;-48,8502641;SPRF-SC;DEL03-SC;UOP01-DEL03-SC
672568;09/04/2025;quarta-feira;13:00:00;MT;364;400;CUIABA;Ausência de reação do condutor;Colisão com objeto;Com Vítimas Feridas;Pleno dia;Decrescente;Céu Claro;Dupla;Reta;Sim;1;0;1;0;0;0;1;1;-15,64749395;-56,00590277;SPRF-MT;DEL01-MT;UOP02-DEL01-MT
672570;09/04/2025;quarta-feira;14:55:00;RN;304;24;MOSSORO;Velocidade Incompatível;Saída de leito carroçável;Com Vítimas Feridas;Pleno dia;Crescente;Céu Claro;Simples;Curva;Não;1;0;1;0;0;0;1;1;-5,0669298;-37,33128302;SPRF-RN;DEL04-RN;UOP02-DEL04-RN
672571;08/04/2025;terça-feira;06:00:00;RJ;101;310;SAO GONCALO;Pedestre andava na pista;Atropelamento de Pedestre;Com Vítimas Fatais;Amanhecer;Decrescente;Céu Claro;Simples;Reta;Sim;2;1;0;0;0;1;0;2;-22,79534948;-43,03567149;SPRF-RJ;DEL02-RJ;UOP02-DEL02-RJ
672574;09/04/2025;quarta-feira;16:00:00;RS;116;92;PORTO ALEGRE;Acumulo de areia ou detritos sobre o pavimento;Saída de leito carroçável;Com Vítimas Feridas;Pleno dia;Crescente;Céu Claro;Simples;Curva;Sim;1;0;1;0;0;0;1;1;-29,96945207;-51,17699552;SPRF-RS;DEL05-RS;UOP03-DEL05-RS
672575;12/03/2025;quarta-feira;16:53:00;GO;40;8;LUZIANIA;Chuva;Colisão transversal;Com Vítimas Feridas;Pleno dia;Crescente;Chuva;Dupla;Reta;Sim;3;0;1;0;2;0;1;2;-16,120174;-47,9634208;SPRF-DF;DEL01-DF;UOP01-DEL01-DF
672578;09/04/2025;quarta-feira;13:40:00;PR;369;187,4;ARAPONGAS;Desrespeitar a preferência no cruzamento;Colisão transversal;Com Vítimas Feridas;Pleno dia;Decrescente;Nublado;Simples;"Reta;Interseção de Vias";Sim;2;0;0;1;1;0;1;2;-23,42309582;-51,42381549;SPRF-PR;DEL07-PR;UOP03-DEL07-PR
672579;09/04/2025;quarta-feira;15:50:00;PE;232;410;SERRA TALHADA;Acessar a via sem observar a presença dos outros veículos;Colisão transversal;Com Vítimas Feridas;Pleno dia;Decrescente;Céu Claro;Simples;Reta;Sim;3;0;2;1;0;0;3;2;-7,9954705;-38,259888;SPRF-PE;DEL04-PE;UOP01-DEL04-PE
672580;09/04/2025;quarta-feira;16:05:00;RJ;101;303;SAO GONCALO;Ausência de reação do condutor;Colisão traseira;Com Vítimas Feridas;Pleno dia;Decrescente;Sol;Dupla;Reta;Não;3;0;1;0;2;0;1;2;-22,7934208;-43,0211072;SPRF-RJ;DEL02-RJ;UOP02-DEL02-RJ
672581;09/04/2025;quarta-feira;14:10:00;SC;101;321,2;PESCARIA BRAVA;Ausência de reação do condutor;Colisão com objeto;Com Vítimas Feridas;Pleno dia;Crescente;Céu Claro;Múltipla;"Declive;Interseção de Vias";Não;2;0;0;1;0;1;1;2;-28,42606803;-48,90731871;SPRF-SC;DEL02-SC;UOP01-DEL02-SC
672585;09/04/2025;quarta-feira;17:10:00;SP;101;42;UBATUBA;Afundamento ou ondulação no pavimento;Tombamento;Com Vítimas Feridas;Pleno dia;Decrescente;Nublado;Dupla;Reta;Não;1;0;1;0;0;0;1;1;-23,41376396;-45,05274243;SPRF-SP;DEL06-SP;UOP01-DEL06-SP
672588;09/04/2025;quarta-feira;15:30:00;RJ;101;573,9;PARATY;Acessar a via sem observar a presença dos outros veículos;Colisão transversal;Com Vítimas Fatais;Pleno dia;Crescente;Céu Claro;Simples;Reta;Sim;3;1;0;0;2;0;0;2;-23,21028;-44,733375;SPRF-RJ;DEL03-RJ;UOP04-DEL03-RJ
672590;09/04/2025;quarta-feira;17:20:00;SP;116;153;SAO JOSE DOS CAMPOS;Ausência de reação do condutor;Colisão traseira;Com Vítimas Feridas;Pleno dia;Decrescente;Nublado;Múltipla;Reta;Não;2;0;1;0;1;0;1;2;-23,23056973;-45,91141094;SPRF-SP;DEL02-SP;UOP01-DEL02-SP
672592;09/04/2025;quarta-feira;17:45:00;RJ;116;178;MESQUITA;Condutor deixou de manter distância do veículo da frente;Queda de ocupante de veículo;Com Vítimas Feridas;Plena Noite;Crescente;Céu Claro;Dupla;Reta;Não;2;0;2;0;0;0;2;1;-22,77595306;-43,39951146;SPRF-RJ;DEL06-RJ;UOP01-DEL06-RJ
672595;09/04/2025;quarta-feira;17:52:00;PR;277;722;FOZ DO IGUACU;Demais falhas mecânicas ou elétricas;Incêndio;Sem Vítimas;Pleno dia;Crescente;Céu Claro;Dupla;Reta;Sim;1;0;0;0;1;0;0;1;-25,495111;-54,521357;SPRF-PR;DEL05-PR;UOP03-DEL05-PR
672597;09/04/2025;quarta-feira;16:40:00;SC;282;606,4;MARAVILHA;Acessar a via sem observar a presença dos outros veículos;Colisão transversal;Com Vítimas Feridas;Pleno dia;Crescente;Céu Claro;Simples;Interseção de Vias;Sim;4;0;3;0;1;0;3;2;-26,77498671;-53,20318651;SPRF-SC;DEL07-SC;UOP02-DEL07-SC
672598;09/04/2025;quarta-feira;17:40:00;RN;304;302;PARNAMIRIM;Reação tardia ou ineficiente do condutor;Colisão traseira;Sem Vítimas;Plena Noite;Crescente;Céu Claro;Dupla;Reta;Sim;2;0;0;0;1;1;0;2;-5,88651;-35,276587;SPRF-RN;DEL01-RN;UOP02-DEL01-RN
672599;09/04/2025;quarta-feira;18:00:00;SP;116;227;SAO PAULO;Reação tardia ou ineficiente do condutor;Tombamento;Com Vítimas Feridas;Plena Noite;Decrescente;Nublado;Múltipla;"Curva;Em Obras";Sim;3;0;1;1;0;1;2;2;-23,501092;-46,562812;SPRF-SP;DEL01-SP;UOP01-DEL01-SP
672601;09/04/2025;quarta-feira;17:45:00;PR;153;339;IRATI;Pedestre cruzava a pista fora da faixa;Atropelamento de Pedestre;Com Vítimas Feridas;Anoitecer;Crescente;Céu Claro;Simples;Interseção de Vias;Sim;3;0;2;0;1;0;2;2;-25,4441214;-50,6818843;SPRF-PR;DEL08-PR;UOP02-DEL08-PR
672604;09/04/2025;quarta-feira;18:25:00;RJ;101;67;CAMPOS DOS GOYTACAZES;Entrada inopinada do pedestre;Atropelamento de Pedestre;Com Vítimas Feridas;Anoitecer;Crescente;Céu Claro;Simples;Reta;Sim;2;0;2;0;0;0;2;2;-21,7683;-41,35033;SPRF-RJ;DEL08-RJ;UOP02-DEL08-RJ
672605;09/04/2025;quarta-feira;19:18:00;RJ;116;175,5;SAO JOAO DE MERITI;Condutor deixou de manter distância do veículo da frente;Colisão traseira;Com Vítimas Fatais;Plena Noite;Crescente;Céu Claro;Dupla;Reta;Sim;2;1;0;0;1;0;0;2;-22,7886615;-43,37377069;SPRF-RJ;DEL06-RJ;UOP01-DEL06-RJ
672606;09/04/2025;quarta-feira;18:30:00;PE;101;49;ABREU E LIMA;Entrada inopinada do pedestre;Atropelamento de Pedestre;Com Vítimas Feridas;Plena Noite;Crescente;Céu Claro;Múltipla;Reta;Sim;2;0;1;0;1;0;1;2;-7,90663061;-34,90217751;SPRF-PE;DEL01-PE;UOP02-DEL01-PE
672609;09/04/2025;quarta-feira;19:00:00;SC;282;0,5;FLORIANOPOLIS;Ausência de reação do condutor;Colisão traseira;Com Vítimas Feridas;Plena Noite;Crescente;Céu Claro;Múltipla;"Reta;Aclive";Sim;3;0;3;0;0;0;3;2;-27,60039838;-48,57680971;SPRF-SC;DEL01-SC;UOP01-DEL01-SC
672610;09/04/2025;quarta-feira;19:05:00;RJ;101;70;CAMPOS DOS GOYTACAZES;Transitar no Acostamento;Colisão frontal;Com Vítimas Feridas;Plena Noite;Crescente;Céu Claro;Simples;Reta;Não;3;0;1;2;0;0;3;2;-21,77623597;-41,36550838;SPRF-RJ;DEL08-RJ;UOP02-DEL08-RJ
672612;09/04/2025;quarta-feira;19:45:00;SP;116;230;SAO PAULO;Acesso irregular;Colisão com objeto;Com Vítimas Feridas;Plena Noite;Decrescente;Garoa/Chuvisco;Múltipla;"Reta;Em Obras";Sim;1;0;0;1;0;0;1;1;-23,517697;-46,581844;SPRF-SP;DEL01-SP;UOP01-DEL01-SP
672615;09/04/2025;quarta-feira;19:00:00;RS;153;2,2;CACHOEIRA DO SUL;Velocidade Incompatível;Colisão com objeto;Com Vítimas Feridas;Plena Noite;Decrescente;Céu Claro;Simples;"Reta;Ponte";Sim;1;0;0;1;0;0;1;1;-30,0088905;-52,90595055;SPRF-RS;DEL08-RS;UOP04-DEL08-RS
672616;09/04/2025;quarta-feira;18:50:00;SC;282;0,5;FLORIANOPOLIS;Ausência de reação do condutor;Colisão traseira;Com Vítimas Feridas;Plena Noite;Decrescente;Céu Claro;Dupla;"Reta;Declive";Sim;2;0;0;1;1;0;1;2;-27,58096771;-48,57444048;SPRF-SC;DEL01-SC;UOP01-DEL01-SC
672617;09/04/2025;quarta-feira;18:50:00;SC;282;0,5;FLORIANOPOLIS;Ausência de reação do condutor;Colisão traseira;Sem Vítimas;Plena Noite;Decrescente;Céu Claro;Dupla;"Declive;Reta";Sim;6;0;0;0;6;0;0;6;-27,60057145;-48,57684189;SPRF-SC;DEL01-SC;UOP01-DEL01-SC
672619;09/04/2025;quarta-feira;19:08:00;GO;153;101;ESTRELA DO NORTE;Reação tardia ou ineficiente do condutor;Saída de leito carroçável;Com Vítimas Feridas;Plena Noite;Crescente;Céu Claro;Simples;Reta;Não;1;0;1;0;0;0;1;1;-13,70378137;-49,15523529;SPRF-GO;DEL07-GO;UOP01-DEL07-GO
672620;09/04/2025;quarta-feira;19:10:00;SC;280;30,8;ARAQUARI;Condutor deixou de manter distância do veículo da frente;Saída de leito carroçável;Com Vítimas Feridas;Plena Noite;Crescente;Nublado;Simples;"Em Obras;Reta";Sim;2;0;1;0;0;1;1;2;-26,416073;-48,769978;SPRF-SC;DEL03-SC;UOP03-DEL03-SC
672621;09/04/2025;quarta-feira;20:15:00;MG;40;552;NOVA LIMA;Desrespeitar a preferência no cruzamento;Colisão transversal;Com Vítimas Feridas;Plena Noite;Decrescente;Céu Claro;Dupla;Reta;Sim;2;0;1;0;1;0;1;2;-20,0621105;-43,9787001;SPRF-MG;DEL01-MG;UOP02-DEL01-MG
672622;09/04/2025;quarta-feira;19:00:00;RJ;116;110;GUAPIMIRIM;Ultrapassagem Indevida;Colisão frontal;Com Vítimas Feridas;Plena Noite;Crescente;Chuva;Simples;Reta;Não;1;0;0;1;0;0;1;1;-22,55206796;-42,9906199;SPRF-RJ;DEL04-RJ;UOP02-DEL04-RJ
672625;09/04/2025;quarta-feira;18:02:00;RO;364;11;VILHENA;Velocidade Incompatível;Tombamento;Com Vítimas Feridas;Plena Noite;Crescente;Céu Claro;Dupla;Rotatória;Sim;1;0;1;0;0;0;1;1;-12,74524189;-60,11555487;SPRF-RO;DEL04-RO;UOP01-DEL04-RO
672626;09/04/2025;quarta-feira;19:00:00;MG;50;18;UBERLANDIA;Ausência de reação do condutor;Saída de leito carroçável;Com Vítimas Feridas;Plena Noite;Decrescente;Chuva;Dupla;"Curva;Interseção de Vias;Viaduto";Sim;1;0;1;0;0;0;1;1;-18,92782153;-48,19126345;SPRF-MG;DEL15-MG;UOP01-DEL15-MG
672628;09/04/2025;quarta-feira;20:50:00;RJ;101;403;ITAGUAI;Acesso irregular;Atropelamento de Pedestre;Com Vítimas Feridas;Plena Noite;Decrescente;Ignorado;Dupla;Reta;Sim;2;0;1;0;1;0;1;2;-22,86199;-43,793779;SPRF-RJ;DEL03-RJ;UOP01-DEL03-RJ
672629;09/04/2025;quarta-feira;20:35:00;RS;116;331;BARRA DO RIBEIRO;Ausência de reação do condutor;Colisão lateral mesmo sentido;Sem Vítimas;Plena Noite;Decrescente;Nublado;Dupla;Reta;Não;5;0;0;0;5;0;0;2;-30,384979;-51,432045;SPRF-RS;DEL02-RS;UOP02-DEL02-RS
672630;09/04/2025;quarta-feira;18:50:00;MG;262;445,1;NOVA SERRANA;Manobra de mudança de faixa;Tombamento;Com Vítimas Feridas;Plena Noite;Decrescente;Céu Claro;Dupla;Reta;Sim;1;0;1;0;0;0;1;1;-19,866939;-44,990723;SPRF-MG;DEL08-MG;UOP03-DEL08-MG
672632;27/02/2025;quinta-feira;18:15:00;PR;116;123;CURITIBA;Trafegar com motocicleta (ou similar) entre as faixas;Tombamento;Sem Vítimas;Anoitecer;Crescente;Céu Claro;Dupla;Reta;Não;1;0;0;0;0;1;0;1;-25,612498;-49,318672;SPRF-PR;DEL01-PR;UOP03-DEL01-PR
672633;09/04/2025;quarta-feira;21:15:00;SP;116;218,6;GUARULHOS;Manobra de mudança de faixa;Queda de ocupante de veículo;Com Vítimas Feridas;Plena Noite;Decrescente;Garoa/Chuvisco;Múltipla;Reta;Sim;1;0;1;0;0;0;1;1;-23,46312623;-46,49306629;SPRF-SP;DEL01-SP;UOP01-DEL01-SP
672635;05/04/2025;sábado;12:20:00;RJ;101;326;NITEROI;Ausência de reação do condutor;Engavetamento;Com Vítimas Feridas;Pleno dia;Crescente;Chuva;Múltipla;Reta;Não;5;0;3;0;2;0;3;3;-22,87072161;-43,15785351;SPRF-RJ;DEL02-RJ;UOP01-DEL02-RJ
672637;09/04/2025;quarta-feira;18:30:00;MT;364;1202;CAMPOS DE JULIO;Acumulo de água sobre o pavimento;Saída de leito carroçável;Com Vítimas Feridas;Plena Noite;Crescente;Chuva;Simples;Reta;Não;3;0;1;0;2;0;1;1;-13,79264506;-59,38022554;SPRF-MT;DEL04-MT;UOP02-DEL04-MT
672638;09/04/2025;quarta-feira;20:30:00;PE;101;70;RECIFE;Ausência de reação do condutor;Saída de leito carroçável;Sem Vítimas;Plena Noite;Decrescente;Céu Claro;Dupla;Reta;Sim;1;0;0;0;0;1;0;1;-8,070814;-34,942369;SPRF-PE;DEL01-PE;UOP01-DEL01-PE
672641;09/04/2025;quarta-feira;22:50:00;GO;50;267,5;CATALAO;Chuva;Saída de leito carroçável;Sem Vítimas;Plena Noite;Crescente;Chuva;Dupla;"Reta;Aclive";Não;1;0;0;0;1;0;0;1;-18,1942034;-47,9554672;SPRF-GO;DEL06-GO;UOP01-DEL06-GO
672643;09/04/2025;quarta-feira;19:00:00;MG;354;731,2;POUSO ALTO;Transitar na contramão;Colisão frontal;Com Vítimas Feridas;Plena Noite;Decrescente;Nublado;Simples;"Curva;Declive";Não;3;0;3;0;0;0;3;2;-22,164771;-44,962864;SPRF-MG;DEL17-MG;UOP01-DEL17-MG
672646;09/04/2025;quarta-feira;23:30:00;RS;285;419;PANAMBI;Ingestão de álcool pelo condutor;Colisão frontal;Com Vítimas Feridas;Plena Noite;Crescente;Nublado;Simples;Reta;Não;5;0;2;1;2;0;3;2;-28,3433471;-53,5393437;SPRF-RS;DEL10-RS;UOP01-DEL10-RS
672647;09/04/2025;quarta-feira;22:50:00;SC;101;330;TUBARAO;Reação tardia ou ineficiente do condutor;Saída de leito carroçável;Com Vítimas Feridas;Plena Noite;Crescente;Chuva;Múltipla;Reta;Não;1;0;1;0;0;0;1;1;-28,45426958;-48,97867084;SPRF-SC;DEL02-SC;UOP01-DEL02-SC
672649;09/04/2025;quarta-feira;22:40:00;RS;386;133,9;SARANDI;Transitar na contramão;Colisão lateral sentido oposto;Sem Vítimas;Plena Noite;Decrescente;Céu Claro;Simples;Curva;Sim;4;0;0;0;4;0;0;2;-27,95046817;-52,92798573;SPRF-RS;DEL08-RS;UOP01-DEL08-RS
672650;09/04/2025;quarta-feira;23:50:00;SP;381;60;MAIRIPORA;Reação tardia ou ineficiente do condutor;Queda de ocupante de veículo;Com Vítimas Feridas;Plena Noite;Crescente;Céu Claro;Dupla;"Curva;Declive";Não;1;0;1;0;0;0;1;1;-23,28657131;-46,59033281;SPRF-SP;DEL03-SP;UOP01-DEL03-SP
672652;09/04/2025;quarta-feira;23:40:00;RS;116;235;NOVO HAMBURGO;Velocidade Incompatível;Saída de leito carroçável;Sem Vítimas;Plena Noite;Decrescente;Nublado;Dupla;"Reta;Viaduto";Sim;1;0;0;0;0;1;0;1;-29,65799892;-51,14393234;SPRF-RS;DEL01-RS;UOP02-DEL01-RS
672653;09/04/2025;quarta-feira;22:50:00;SC;280;57,5;GUARAMIRIM;Ausência de reação do condutor;Saída de leito carroçável;Com Vítimas Feridas;Plena Noite;Decrescente;Garoa/Chuvisco;Dupla;Desvio Temporário;Sim;5;0;3;0;1;1;3;1;-26,47644;-49,01649;SPRF-SC;DEL03-SC;UOP03-DEL03-SC
672655;09/04/2025;quarta-feira;20:40:00;RJ;101;47;CAMPOS DOS GOYTACAZES;Acessar a via sem observar a presença dos outros veículos;Colisão transversal;Com Vítimas Feridas;Plena Noite;Crescente;Céu Claro;Simples;"Reta;Interseção de Vias";Sim;2;0;1;0;0;1;1;2;-21,60705;-41,316328;SPRF-RJ;DEL08-RJ;UOP01-DEL08-RJ
672656;09/04/2025;quarta-feira;23:06:00;PA;230;106;SAO JOAO DO ARAGUAIA;Ingestão de álcool pelo condutor;Colisão frontal;Com Vítimas Feridas;Plena Noite;Decrescente;Nublado;Simples;"Em Obras;Reta";Não;4;0;2;0;2;0;2;3;-5,38033268;-48,97087097;SPRF-PA;DEL03-PA;UOP01-DEL03-PA
672657;09/04/2025;quarta-feira;20:30:00;RS;293;16;CAPAO DO LEAO;Ausência de reação do condutor;Colisão traseira;Com Vítimas Feridas;Pleno dia;Crescente;Chuva;Simples;Reta;Não;2;0;1;0;1;0;1;2;-31,74711875;-52,49118447;SPRF-RS;DEL07-RS;UOP01-DEL07-RS
672658;10/04/2025;quinta-feira;00:30:00;DF;20;10;BRASILIA;Ausência de reação do condutor;Capotamento;Sem Vítimas;Plena Noite;Decrescente;Céu Claro;Dupla;Reta;Sim;1;0;0;0;1;0;0;1;-15,65006474;-47,77396202;SPRF-DF;DEL02-DF;UOP01-DEL02-DF
672659;09/04/2025;quarta-feira;22:00:00;RS;392;102;CANGUCU;Velocidade Incompatível;Saída de leito carroçável;Sem Vítimas;Plena Noite;Decrescente;Chuva;Simples;Declive;Não;1;0;0;0;0;1;0;1;-31,4728079;-52,62943267;SPRF-RS;DEL07-RS;UOP01-DEL07-RS
672660;09/04/2025;quarta-feira;23:54:00;MS;163;251;DOURADOS;Ausência de reação do condutor;Colisão lateral mesmo sentido;Com Vítimas Feridas;Plena Noite;Decrescente;Céu Claro;Simples;Reta;Não;3;0;0;1;2;0;1;2;-22,30194659;-54,82068837;SPRF-MS;DEL04-MS;UOP02-DEL04-MS
672663;09/04/2025;quarta-feira;22:35:00;MT;163;1005;TERRA NOVA DO NORTE;Demais falhas mecânicas ou elétricas;Eventos atípicos;Com Vítimas Feridas;Plena Noite;Crescente;Céu Claro;Simples;Reta;Não;2;0;2;0;0;0;2;1;-10,451;-55,063;SPRF-MT;DEL06-MT;UOP03-DEL06-MT
672665;10/04/2025;quinta-feira;00:30:00;SP;116;182;SANTA ISABEL;Ausência de reação do condutor;Colisão traseira;Sem Vítimas;Plena Noite;Decrescente;Ignorado;Dupla;"Reta;Declive";Não;3;0;0;0;3;0;0;2;-23,34639899;-46,164891;SPRF-SP;DEL01-SP;UOP01-DEL01-SP
672666;10/04/2025;quinta-feira;02:00:00;PR;277;110,9;CAMPO LARGO;Velocidade Incompatível;Atropelamento de Pedestre;Com Vítimas Fatais;Plena Noite;Decrescente;Nublado;Dupla;Reta;Sim;3;1;0;0;1;1;0;2;-25,43026;-49,3963;SPRF-PR;DEL03-PR;UOP03-DEL03-PR