id;data_inversa;dia_semana;horario;uf;br;km;municipio;causa_acidente;tipo_acidente;classificacao_acidente;fase_dia;sentido_via;condicao_metereologica;tipo_pista;tracado_via;uso_solo;pessoas;mortos;feridos_leves;feridos_graves;ilesos;ignorados;feridos;veiculos;latitude;longitude;regional;delegacia;uop
672668;10/04/2025;quinta-feira;02:00:00;SP;381;34;ATIBAIA;Ultrapassagem Indevida;Saída de leito carroçável;Com Vítimas Feridas;Plena Noite;Crescente;Nublado;Dupla;Reta;Não;1;0;1;0;0;0;1;1;-23,06839;-46,56883;SPRF-SP;DEL03-SP;UOP02-DEL03-SP
672670;10/04/2025;quinta-feira;01:10:00;MS;163;589,2;BANDEIRANTES;Reação tardia ou ineficiente do condutor;Saída de leito carroçável;Com Vítimas Feridas;Plena Noite;Crescente;Nublado;Dupla;"Reta;Declive";Não;2;0;2;0;0;0;2;1;-19,573465;-54,41581;SPRF-MS;DEL06-MS;UOP02-DEL06-MS
672671;10/04/2025;quinta-feira;03:00:00;RS;285;425,5;PANAMBI;Ingestão de álcool pelo condutor;Saída de leito carroçável;Com Vítimas Feridas;Plena Noite;Crescente;Céu Claro;Simples;Reta;Não;3;0;1;2;0;0;3;1;-28,329135;-53,58563;SPRF-RS;DEL10-RS;UOP01-DEL10-RS
672672;10/04/2025;quinta-feira;05:00:00;ES;101;137;LINHARES;Reação tardia ou ineficiente do condutor;Tombamento;Com Vítimas Feridas;Amanhecer;Decrescente;Céu Claro;Simples;Reta;Não;1;0;1;0;0;0;1;1;-19,29994957;-40,08390248;SPRF-ES;DEL04-ES;UOP01-DEL04-ES
672674;10/04/2025;quinta-feira;05:46:00;PR;277;587,4;CASCAVEL;Acessar a via sem observar a presença dos outros veículos;Colisão transversal;Com Vítimas Feridas;Plena Noite;Crescente;Céu Claro;Simples;"Reta;Declive";Não;3;0;1;0;2;0;1;3;-24,96897573;-53,43027046;SPRF-PR;DEL04-PR;UOP01-DEL04-PR
672676;10/04/2025;quinta-feira;04:15:00;SC;101;438,2;SOMBRIO;Frear bruscamente;Colisão traseira;Sem Vítimas;Plena Noite;Crescente;Céu Claro;Dupla;Reta;Não;4;0;0;0;4;0;0;2;-29,12366376;-49,6573019;SPRF-SC;DEL02-SC;UOP02-DEL02-SC
672680;10/04/2025;quinta-feira;05:00:00;MS;60;242;BANDEIRANTES;Neblina;Saída de leito carroçável;Com Vítimas Feridas;Amanhecer;Crescente;Nevoeiro/Neblina;Simples;Interseção de Vias;Não;2;0;1;0;1;0;1;1;-19,679075;-54,349609;SPRF-MS;DEL06-MS;UOP02-DEL06-MS
672681;10/04/2025;quinta-feira;05:00:00;MT;174;294;PONTES E LACERDA;Ultrapassagem Indevida;Colisão com objeto;Com Vítimas Feridas;Amanhecer;Crescente;Nevoeiro/Neblina;Simples;Reta;Não;1;0;1;0;0;0;1;1;-15,19675839;-59,3226289;SPRF-MT;DEL04-MT;UOP01-DEL04-MT
672682;10/04/2025;quinta-feira;07:10:00;SP;116;219;GUARULHOS;Demais falhas mecânicas ou elétricas;Queda de ocupante de veículo;Com Vítimas Feridas;Pleno dia;Decrescente;Céu Claro;Múltipla;"Em Obras;Reta";Sim;2;0;1;0;0;1;1;1;-23,46384575;-46,49546731;SPRF-SP;DEL01-SP;UOP01-DEL01-SP
672683;10/04/2025;quinta-feira;06:40:00;CE;116;4;FORTALEZA;Acumulo de óleo sobre o pavimento;Tombamento;Com Vítimas Feridas;Pleno dia;Decrescente;Chuva;Múltipla;Reta;Sim;1;0;1;0;0;0;1;1;-3,7898816;-38,5097721;SPRF-CE;DEL01-CE;UOP02-DEL01-CE
672685;10/04/2025;quinta-feira;06:55:00;BA;101;876;TEIXEIRA DE FREITAS;Ausência de reação do condutor;Colisão traseira;Com Vítimas Feridas;Pleno dia;Crescente;Céu Claro;Simples;Reta;Sim;4;0;0;1;2;1;1;4;-17,54950608;-39,72071406;SPRF-BA;DEL09-BA;UOP02-DEL09-BA
672687;10/04/2025;quinta-feira;07:25:00;PR;277;118;CAMPO LARGO;Avarias e/ou desgaste excessivo no pneu;Queda de ocupante de veículo;Com Vítimas Feridas;Pleno dia;Crescente;Nublado;Dupla;Reta;Não;1;0;1;0;0;0;1;1;-25,445;-49,469;SPRF-PR;DEL03-PR;UOP03-DEL03-PR
672688;10/04/2025;quinta-feira;07:20:00;PR;369;182,2;ARAPONGAS;Acessar a via sem observar a presença dos outros veículos;Colisão transversal;Com Vítimas Feridas;Pleno dia;Decrescente;Céu Claro;Dupla;"Interseção de Vias;Reta";Sim;3;0;1;0;2;0;1;2;-23,38417837;-51,41898567;SPRF-PR;DEL07-PR;UOP03-DEL07-PR
672689;10/04/2025;quinta-feira;06:00:00;MG;354;749,2;ITANHANDU;Ausência de reação do condutor;Saída de leito carroçável;Com Vítimas Feridas;Amanhecer;Decrescente;Céu Claro;Simples;Reta;Não;1;0;1;0;0;0;1;1;-22,265037;-44,901082;SPRF-MG;DEL17-MG;UOP01-DEL17-MG
672692;10/04/2025;quinta-feira;06:30:00;PE;423;75;JUCATI;Reação tardia ou ineficiente do condutor;Colisão traseira;Com Vítimas Feridas;Pleno dia;Crescente;Céu Claro;Simples;"Aclive;Reta";Não;4;0;1;0;3;0;1;3;-8,729312;-36,431728;SPRF-PE;DEL03-PE;UOP01-DEL03-PE
672693;10/04/2025;quinta-feira;08:00:00;ES;101;288,5;CARIACICA;Trafegar com motocicleta (ou similar) entre as faixas;Colisão traseira;Com Vítimas Feridas;Pleno dia;Decrescente;Céu Claro;Dupla;Reta;Sim;2;0;0;1;1;0;1;2;-20,2667107;-40,38679177;SPRF-ES;DEL01-ES;UOP01-DEL01-ES
672694;10/04/2025;quinta-feira;08:05:00;RS;116;246;SAO LEOPOLDO;Ausência de reação do condutor;Colisão traseira;Com Vítimas Feridas;Pleno dia;Crescente;Céu Claro;Dupla;Reta;Sim;2;0;1;0;1;0;1;2;-29,75263918;-51,15163634;SPRF-RS;DEL01-RS;UOP02-DEL01-RS
672695;10/04/2025;quinta-feira;08:05:00;PR;277;74;CURITIBA;Demais falhas mecânicas ou elétricas;Colisão traseira;Com Vítimas Feridas;Pleno dia;Crescente;Céu Claro;Dupla;Reta;Não;2;0;1;0;1;0;1;2;-25,48263596;-49,19299895;SPRF-PR;DEL01-PR;UOP07-DEL01-PR
672696;10/04/2025;quinta-feira;08:00:00;PE;104;60;CARUARU;Manobra de mudança de faixa;Colisão transversal;Com Vítimas Feridas;Pleno dia;Decrescente;Céu Claro;Dupla;"Retorno Regulamentado;Reta";Sim;2;0;1;0;1;0;1;2;-8,23593414;-35,97625494;SPRF-PE;DEL02-PE;UOP01-DEL02-PE
672697;10/04/2025;quinta-feira;07:54:00;MG;381;455;BELO HORIZONTE;Trafegar com motocicleta (ou similar) entre as faixas;Queda de ocupante de veículo;Com Vítimas Feridas;Pleno dia;Crescente;Céu Claro;Simples;Reta;Não;1;0;0;1;0;0;1;1;-19,83876545;-43,87963057;SPRF-MG;DEL01-MG;UOP01-DEL01-MG
672698;10/04/2025;quinta-feira;08:10:00;SC;101;202;SAO JOSE;Ausência de reação do condutor;Colisão lateral mesmo sentido;Com Vítimas Feridas;Pleno dia;Decrescente;Céu Claro;Múltipla;Reta;Sim;2;0;1;0;1;0;1;2;-27,56395375;-48,61736655;SPRF-SC;DEL01-SC;UOP01-DEL01-SC
672700;10/04/2025;quinta-feira;08:20:00;SP;116;144;SAO JOSE DOS CAMPOS;Reação tardia ou ineficiente do condutor;Engavetamento;Com Vítimas Feridas;Pleno dia;Decrescente;Céu Claro;Dupla;Reta;Não;3;0;2;0;1;0;2;3;-23,17866189;-45,83819736;SPRF-SP;DEL02-SP;UOP01-DEL02-SP
672701;10/04/2025;quinta-feira;08:30:00;ES;101;268;SERRA;Pedestre cruzava a pista fora da faixa;Atropelamento de Pedestre;Com Vítimas Feridas;Pleno dia;Crescente;Céu Claro;Dupla;Reta;Sim;2;0;1;0;1;0;1;2;-20,21641;-40,27012;SPRF-ES;DEL02-ES;UOP01-DEL02-ES
672702;10/04/2025;quinta-feira;03:30:00;PA;10;226,5;IPIXUNA DO PARA;Pedestre andava na pista;Atropelamento de Pedestre;Com Vítimas Fatais;Plena Noite;Crescente;Nublado;Simples;Aclive;Não;2;1;0;0;0;1;0;2;-2,449316;-47,509358;SPRF-PA;DEL02-PA;UOP01-DEL02-PA
672703;10/04/2025;quinta-feira;07:50:00;RN;101;103,9;PARNAMIRIM;Reação tardia ou ineficiente do condutor;Colisão traseira;Com Vítimas Feridas;Pleno dia;Crescente;Nublado;Múltipla;Reta;Sim;3;0;1;0;2;0;1;3;-5,8905573;-35,2529695;SPRF-RN;DEL01-RN;UOP01-DEL01-RN
672704;10/04/2025;quinta-feira;08:10:00;PA;163;988;SANTAREM;Conversão proibida;Colisão lateral mesmo sentido;Com Vítimas Feridas;Pleno dia;Decrescente;Nublado;Simples;Reta;Não;2;0;1;0;1;0;1;2;-2,57581963;-54,72086728;SPRF-PA;DEL05-PA;UOP01-DEL05-PA
672706;29/03/2025;sábado;09:35:00;MG;459;34,2;CALDAS;Desrespeitar a preferência no cruzamento;Colisão transversal;Com Vítimas Feridas;Pleno dia;Decrescente;Céu Claro;Simples;"Declive;Interseção de Vias";Não;2;0;1;0;1;0;1;2;-21,93508108;-46,35554016;SPRF-MG;DEL09-MG;UOP01-DEL09-MG
672707;10/04/2025;quinta-feira;09:00:00;PE;101;72;RECIFE;Reação tardia ou ineficiente do condutor;Colisão traseira;Com Vítimas Feridas;Pleno dia;Decrescente;Garoa/Chuvisco;Dupla;"Reta;Viaduto";Sim;2;0;0;1;1;0;1;2;-8,089663;-34,946663;SPRF-PE;DEL01-PE;UOP01-DEL01-PE
672708;10/04/2025;quinta-feira;07:57:00;RN;226;2,6;NATAL;Transitar na contramão;Colisão frontal;Com Vítimas Feridas;Pleno dia;Decrescente;Céu Claro;Simples;Reta;Sim;2;0;1;0;1;0;1;2;-5,818138;-35,250395;SPRF-RN;DEL01-RN;UOP02-DEL01-RN
672710;10/04/2025;quinta-feira;08:35:00;MG;40;529,8;CONTAGEM;Reação tardia ou ineficiente do condutor;Tombamento;Com Vítimas Feridas;Pleno dia;Crescente;Céu Claro;Dupla;"Aclive;Curva";Sim;1;0;1;0;0;0;1;1;-19,9211785;-44,0330283;SPRF-MG;DEL01-MG;UOP02-DEL01-MG
672711;10/04/2025;quinta-feira;08:35:00;SC;101;83;BARRA VELHA;Reação tardia ou ineficiente do condutor;Saída de leito carroçável;Com Vítimas Feridas;Pleno dia;Crescente;Nublado;Dupla;Reta;Sim;1;0;0;1;0;0;1;1;-26,61861059;-48,71855021;SPRF-SC;DEL03-SC;UOP02-DEL03-SC
672712;29/03/2025;sábado;09:10:00;SC;101;323,5;CAPIVARI DE BAIXO;Frear bruscamente;Colisão traseira;Com Vítimas Feridas;Pleno dia;Decrescente;Nublado;Múltipla;Reta;Sim;3;0;1;0;2;0;1;3;-28,42453332;-48,93759012;SPRF-SC;DEL02-SC;UOP01-DEL02-SC
672713;10/04/2025;quinta-feira;09:05:00;PI;316;33;DEMERVAL LOBAO;Acessar a via sem observar a presença dos outros veículos;Colisão transversal;Com Vítimas Feridas;Pleno dia;Crescente;Sol;Dupla;"Interseção de Vias;Reta";Sim;2;0;1;0;1;0;1;2;-5,358928;-42,675928;SPRF-PI;DEL01-PI;UOP02-DEL01-PI
672714;10/04/2025;quinta-feira;09:50:00;RS;290;721;URUGUAIANA;Ausência de reação do condutor;Colisão traseira;Com Vítimas Feridas;Pleno dia;Crescente;Céu Claro;Dupla;Rotatória;Não;6;0;1;0;5;0;1;3;-29,760573;-57,058822;SPRF-RS;DEL13-RS;UOP01-DEL13-RS
672715;10/04/2025;quinta-feira;07:45:00;BA;116;858,4;VITORIA DA CONQUISTA;Demais falhas mecânicas ou elétricas;Incêndio;Sem Vítimas;Pleno dia;Crescente;Céu Claro;Simples;"Retorno Regulamentado;Reta";Não;1;0;0;0;1;0;0;1;-15,11579439;-41,03006403;SPRF-BA;DEL08-BA;UOP01-DEL08-BA
672717;09/04/2025;quarta-feira;23:30:00;PB;230;360;PATOS;Condutor deixou de manter distância do veículo da frente;Colisão traseira;Com Vítimas Feridas;Plena Noite;Decrescente;Céu Claro;Simples;"Declive;Reta";Não;2;0;0;1;0;1;1;2;-6,917498;-37,460688;SPRF-PB;DEL03-PB;UOP02-DEL03-PB
672719;01/03/2025;sábado;08:40:00;BA;110;343;ALAGOINHAS;Velocidade Incompatível;Saída de leito carroçável;Com Vítimas Feridas;Pleno dia;Crescente;Nublado;Simples;Curva;Não;2;0;0;2;0;0;2;1;-12,21168772;-38,41458356;SPRF-BA;DEL01-BA;UOP04-DEL01-BA
672722;10/04/2025;quinta-feira;10:30:00;TO;153;346;GUARAI;Ausência de reação do condutor;Colisão traseira;Com Vítimas Feridas;Pleno dia;Crescente;Nublado;Simples;Reta;Não;3;0;0;1;2;0;1;2;-8,943069;-48,504056;SPRF-TO;DEL02-TO;UOP02-DEL02-TO
672724;10/04/2025;quinta-feira;11:00:00;RS;290;80;GRAVATAI;Reação tardia ou ineficiente do condutor;Colisão com objeto;Com Vítimas Feridas;Pleno dia;Decrescente;Sol;Simples;"Curva;Rotatória";Sim;3;0;0;2;1;0;2;1;-29,95413512;-51,06084824;SPRF-RS;DEL01-RS;UOP01-DEL01-RS
672725;10/04/2025;quinta-feira;11:15:00;CE;116;6;FORTALEZA;Avarias e/ou desgaste excessivo no pneu;Queda de ocupante de veículo;Com Vítimas Feridas;Pleno dia;Decrescente;Chuva;Múltipla;Reta;Não;1;0;1;0;0;0;1;1;-3,8020686;-38,5047527;SPRF-CE;DEL01-CE;UOP02-DEL01-CE
672727;10/04/2025;quinta-feira;05:30:00;MG;365;751;ITUIUTABA;Ausência de reação do condutor;Saída de leito carroçável;Sem Vítimas;Amanhecer;Crescente;Céu Claro;Dupla;Reta;Sim;1;0;0;0;1;0;0;1;-18,947393;-49,459628;SPRF-MG;DEL15-MG;UOP03-DEL15-MG
672730;10/04/2025;quinta-feira;11:40:00;PR;277;723;FOZ DO IGUACU;Condutor deixou de manter distância do veículo da frente;Colisão traseira;Sem Vítimas;Pleno dia;Decrescente;Céu Claro;Dupla;Reta;Sim;2;0;0;0;2;0;0;2;-25,49893486;-54,53016574;SPRF-PR;DEL05-PR;UOP03-DEL05-PR
672732;02/04/2025;quarta-feira;13:50:00;GO;153;580;PIRACANJUBA;Reação tardia ou ineficiente do condutor;Saída de leito carroçável;Com Vítimas Feridas;Pleno dia;Decrescente;Céu Claro;Dupla;Reta;Não;2;0;1;0;1;0;1;1;-17,38081;-49,23701;SPRF-GO;DEL03-GO;UOP01-DEL03-GO
672734;10/04/2025;quinta-feira;11:47:00;RJ;101;325;NITEROI;Ausência de reação do condutor;Colisão lateral mesmo sentido;Com Vítimas Feridas;Pleno dia;Decrescente;Céu Claro;Dupla;Reta;Não;3;0;1;0;2;0;1;3;-22,8715928;-43,14182393;SPRF-RJ;DEL02-RJ;UOP01-DEL02-RJ
672735;10/04/2025;quinta-feira;04:40:00;RN;405;126;TABOLEIRO GRANDE;Afundamento ou ondulação no pavimento;Colisão com objeto;Com Vítimas Feridas;Plena Noite;Crescente;Céu Claro;Simples;Reta;Não;2;0;1;1;0;0;2;1;-5,931553;-38,106324;SPRF-RN;DEL04-RN;UOP02-DEL04-RN
672736;10/04/2025;quinta-feira;12:30:00;PR;116;43,7;CAMPINA GRANDE DO SUL;Chuva;Saída de leito carroçável;Com Vítimas Feridas;Pleno dia;Crescente;Nublado;Múltipla;Curva;Não;4;0;2;0;2;0;2;1;-25,18568;-48,885986;SPRF-PR;DEL01-PR;UOP02-DEL01-PR
672737;10/04/2025;quinta-feira;12:05:00;RS;386;439,4;NOVA SANTA RITA;Condutor deixou de manter distância do veículo da frente;Colisão traseira;Sem Vítimas;Pleno dia;Crescente;Céu Claro;Dupla;Em Obras;Sim;3;0;0;0;3;0;0;2;-29,87688969;-51,24345839;SPRF-RS;DEL04-RS;UOP02-DEL04-RS
672738;24/01/2025;sexta-feira;19:30:00;MG;116;414,3;GOVERNADOR VALADARES;Reação tardia ou ineficiente do condutor;Atropelamento de Pedestre;Com Vítimas Feridas;Plena Noite;Decrescente;Ignorado;Simples;Curva;Sim;2;0;1;0;1;0;1;2;-18,88450315;-41,94783926;SPRF-MG;DEL06-MG;UOP01-DEL06-MG
672739;10/04/2025;quinta-feira;12:30:00;GO;40;2,2;VALPARAISO DE GOIAS;Condutor usando celular;Colisão traseira;Com Vítimas Feridas;Pleno dia;Decrescente;Sol;Dupla;Reta;Sim;2;0;1;0;1;0;1;2;-16,06876;-47,9766;SPRF-DF;DEL01-DF;UOP01-DEL01-DF
672740;10/04/2025;quinta-feira;12:10:00;BA;235;349,5;JUAZEIRO;Condutor deixou de manter distância do veículo da frente;Colisão traseira;Com Vítimas Feridas;Pleno dia;Decrescente;Sol;Simples;Reta;Sim;4;0;1;0;3;0;1;2;-9,43816569;-40,49762065;SPRF-PE;DEL06-PE;UOP01-DEL06-PE
672741;10/04/2025;quinta-feira;11:30:00;AL;101;36,8;JOAQUIM GOMES;Reação tardia ou ineficiente do condutor;Saída de leito carroçável;Com Vítimas Feridas;Pleno dia;Decrescente;Céu Claro;Dupla;Reta;Não;1;0;0;1;0;0;1;1;-9,137968;-35,770694;SPRF-AL;DEL01-AL;UOP02-DEL01-AL
672742;10/04/2025;quinta-feira;05:35:00;RS;158;488,8;ROSARIO DO SUL;Ausência de reação do condutor;Colisão traseira;Sem Vítimas;Plena Noite;Crescente;Céu Claro;Simples;Reta;Não;3;0;0;0;2;1;0;2;-30,422218;-55,04652;SPRF-RS;DEL11-RS;UOP02-DEL11-RS
672743;10/04/2025;quinta-feira;12:20:00;PB;230;16,1;JOAO PESSOA;Ausência de reação do condutor;Colisão traseira;Com Vítimas Feridas;Pleno dia;Crescente;Céu Claro;Dupla;"Declive;Reta";Sim;2;0;1;0;1;0;1;2;-7,10307421;-34,84677672;SPRF-PB;DEL01-PB;UOP01-DEL01-PB
672744;07/04/2025;segunda-feira;07:24:00;SP;116;217;GUARULHOS;Reação tardia ou ineficiente do condutor;Colisão lateral mesmo sentido;Com Vítimas Feridas;Pleno dia;Crescente;Ignorado;Múltipla;Reta;Sim;3;0;2;0;1;0;2;2;-23,4240239;-46,3979583;SPRF-SP;DEL01-SP;UOP01-DEL01-SP
672745;10/04/2025;quinta-feira;11:40:00;SP;153;155;PROMISSAO;Acessar a via sem observar a presença dos outros veículos;Colisão transversal;Com Vítimas Feridas;Pleno dia;Crescente;Céu Claro;Simples;Reta;Não;2;0;1;0;1;0;1;2;-21,45838535;-49,78295619;SPRF-SP;DEL07-SP;UOP01-DEL07-SP
672747;10/04/2025;quinta-feira;13:00:00;RJ;116;296,9;PORTO REAL;Velocidade Incompatível;Colisão traseira;Com Vítimas Feridas;Pleno dia;Decrescente;Céu Claro;Dupla;Curva;Não;4;0;1;1;0;2;2;3;-22,45092746;-44,30502892;SPRF-RJ;DEL07-RJ;UOP02-DEL07-RJ
672748;06/04/2025;domingo;20:50:00;SP;116;337;JUQUITIBA;Ausência de reação do condutor;Colisão frontal;Com Vítimas Feridas;Plena Noite;Crescente;Céu Claro;Dupla;"Reta;Retorno Regulamentado";Sim;3;0;2;0;1;0;2;2;-23,97923972;-47,14530284;SPRF-SP;DEL04-SP;UOP03-DEL04-SP
672749;10/04/2025;quinta-feira;12:40:00;PR;116;85;PIRAQUARA;Velocidade Incompatível;Tombamento;Com Vítimas Feridas;Pleno dia;Decrescente;Nublado;Dupla;Curva;Não;1;0;1;0;0;0;1;1;-25,46048154;-49,08751848;SPRF-PR;DEL01-PR;UOP02-DEL01-PR
672750;10/04/2025;quinta-feira;13:15:00;MG;40;784;JUIZ DE FORA;Condutor deixou de manter distância do veículo da frente;Colisão traseira;Com Vítimas Feridas;Pleno dia;Decrescente;Nublado;Dupla;Curva;Não;4;0;2;0;2;0;2;2;-21,5996193;-43,4580549;SPRF-MG;DEL05-MG;UOP01-DEL05-MG
672751;10/04/2025;quinta-feira;13:10:00;ES;101;205;JOAO NEIVA;Ausência de reação do condutor;Queda de ocupante de veículo;Com Vítimas Feridas;Pleno dia;Crescente;Nublado;Simples;Reta;Sim;1;0;1;0;0;0;1;1;-19,75707974;-40,37979119;SPRF-ES;DEL02-ES;UOP01-DEL02-ES
672752;10/04/2025;quinta-feira;13:33:00;PB;230;52;CRUZ DO ESPIRITO SANTO;Velocidade Incompatível;Colisão com objeto;Sem Vítimas;Pleno dia;Decrescente;Céu Claro;Dupla;Curva;Não;1;0;0;0;1;0;0;1;-7,199998;-35,0762;SPRF-PB;DEL01-PB;UOP02-DEL01-PB
672754;10/04/2025;quinta-feira;10:56:00;CE;116;33;AQUIRAZ;Condutor deixou de manter distância do veículo da frente;Colisão traseira;Com Vítimas Feridas;Pleno dia;Crescente;Nublado;Dupla;"Reta;Retorno Regulamentado";Não;2;0;1;0;0;1;1;2;-4,03443795;-38,51052403;SPRF-CE;DEL01-CE;UOP02-DEL01-CE
672755;10/04/2025;quinta-feira;12:05:00;PR;163;141;LINDOESTE;Condutor deixou de manter distância do veículo da frente;Colisão traseira;Com Vítimas Feridas;Pleno dia;Decrescente;Sol;Dupla;Curva;Não;4;0;2;0;2;0;2;2;-25,1832319;-53,6019058;SPRF-PR;DEL05-PR;UOP05-DEL05-PR
672756;10/04/2025;quinta-feira;14:10:00;CE;222;2,3;FORTALEZA;Velocidade Incompatível;Atropelamento de Pedestre;Com Vítimas Fatais;Pleno dia;Decrescente;Nublado;Múltipla;Reta;Sim;2;1;0;1;0;0;1;2;-3,73921759;-38,58261108;SPRF-CE;DEL01-CE;UOP01-DEL01-CE
672758;02/04/2025;quarta-feira;18:40:00;RJ;493;0;ITABORAI;Acesso irregular;Colisão transversal;Com Vítimas Feridas;Plena Noite;Decrescente;Céu Claro;Simples;Reta;Sim;2;0;1;0;0;1;1;2;-22,7697415;-42,92294025;SPRF-RJ;DEL02-RJ;UOP02-DEL02-RJ
672760;10/04/2025;quinta-feira;11:10:00;PI;316;317;PICOS;Retorno proibido;Colisão transversal;Com Vítimas Feridas;Pleno dia;Crescente;Céu Claro;Dupla;Reta;Sim;3;0;2;0;1;0;2;2;-7,08277508;-41,41746636;SPRF-PI;DEL04-PI;UOP01-DEL04-PI
672762;10/04/2025;quinta-feira;15:30:00;MG;381;943;EXTREMA;Chuva;Queda de ocupante de veículo;Com Vítimas Feridas;Pleno dia;Crescente;Chuva;Dupla;Interseção de Vias;Sim;1;0;1;0;0;0;1;1;-22,83535916;-46,3257551;SPRF-MG;DEL16-MG;UOP03-DEL16-MG
672763;10/04/2025;quinta-feira;14:20:00;SE;101;91;NOSSA SENHORA DO SOCORRO;Reação tardia ou ineficiente do condutor;Saída de leito carroçável;Sem Vítimas;Pleno dia;Decrescente;Céu Claro;Múltipla;Reta;Não;1;0;0;0;1;0;0;1;-10,903083;-37,131853;SPRF-SE;DEL01-SE;UOP01-DEL01-SE
672764;10/04/2025;quinta-feira;16:00:00;PB;101;89,4;JOAO PESSOA;Acessar a via sem observar a presença dos outros veículos;Colisão transversal;Com Vítimas Feridas;Pleno dia;Crescente;Céu Claro;Dupla;"Retorno Regulamentado;Reta";Sim;2;0;0;1;1;0;1;2;-7,18123622;-34,90079518;SPRF-PB;DEL01-PB;UOP01-DEL01-PB
672766;10/04/2025;quinta-feira;14:00:00;SP;116;495;CAJATI;Reação tardia ou ineficiente do condutor;Tombamento;Com Vítimas Feridas;Pleno dia;Decrescente;Garoa/Chuvisco;Simples;Curva;Não;2;0;2;0;0;0;2;1;-24,74527232;-48,14380646;SPRF-SP;DEL05-SP;UOP01-DEL05-SP
672767;10/04/2025;quinta-feira;15:15:00;PE;407;18;AFRANIO;Avarias e/ou desgaste excessivo no pneu;Capotamento;Com Vítimas Feridas;Pleno dia;Crescente;Céu Claro;Simples;"Aclive;Reta";Não;2;0;2;0;0;0;2;1;-8,576992;-40,997645;SPRF-PE;DEL06-PE;UOP02-DEL06-PE
672768;14/02/2025;sexta-feira;05:15:00;RS;116;251,6;SAPUCAIA DO SUL;Suicídio (presumido);Saída de leito carroçável;Com Vítimas Fatais;Plena Noite;Crescente;Nublado;Dupla;"Declive;Reta";Sim;1;1;0;0;0;0;0;1;-29,80115295;-51,16610681;SPRF-RS;DEL01-RS;UOP02-DEL01-RS
672770;10/04/2025;quinta-feira;15:30:00;MG;262;37,9;MANHUACU;Acesso irregular;Colisão frontal;Com Vítimas Feridas;Pleno dia;Decrescente;Céu Claro;Simples;Reta;Sim;2;0;1;0;1;0;1;2;-20,271907;-42,045527;SPRF-MG;DEL06-MG;UOP03-DEL06-MG
672771;05/04/2025;sábado;20:45:00;GO;153;492,5;GOIANIA;Velocidade Incompatível;Saída de leito carroçável;Com Vítimas Feridas;Plena Noite;Crescente;Nublado;Dupla;Reta;Não;1;0;1;0;0;0;1;1;-16,642985;-49,209265;SPRF-GO;DEL01-GO;UOP01-DEL01-GO
672772;02/04/2025;quarta-feira;22:20:00;RS;290;292,9;CACHOEIRA DO SUL;Reação tardia ou ineficiente do condutor;Saída de leito carroçável;Com Vítimas Feridas;Plena Noite;Crescente;Garoa/Chuvisco;Simples;Reta;Não;1;0;1;0;0;0;1;1;-30,26720801;-53,09160233;SPRF-RS;DEL02-RS;UOP03-DEL02-RS
672773;10/04/2025;quinta-feira;16:40:00;ES;101;159,9;LINHARES;Acessar a via sem observar a presença dos outros veículos;Colisão lateral mesmo sentido;Com Vítimas Feridas;Pleno dia;Decrescente;Nublado;Simples;Reta;Sim;3;0;2;0;1;0;2;2;-19,47847375;-40,11491778;SPRF-ES;DEL04-ES;UOP01-DEL04-ES
672775;10/04/2025;quinta-feira;16:55:00;PR;116;122;CURITIBA;Reação tardia ou ineficiente do condutor;Colisão traseira;Com Vítimas Feridas;Pleno dia;Crescente;Céu Claro;Dupla;"Reta;Declive";Não;2;0;1;0;1;0;1;2;-25,60718;-49,318975;SPRF-PR;DEL01-PR;UOP03-DEL01-PR
672777;10/04/2025;quinta-feira;17:15:00;RJ;101;69;CAMPOS DOS GOYTACAZES;Ausência de reação do condutor;Queda de ocupante de veículo;Com Vítimas Feridas;Pleno dia;Crescente;Chuva;Simples;Reta;Não;1;0;1;0;0;0;1;1;-21,77367337;-41,35820389;SPRF-RJ;DEL08-RJ;UOP02-DEL08-RJ
672778;02/04/2025;quarta-feira;12:20:00;MS;262;324;CAMPO GRANDE;Reação tardia ou ineficiente do condutor;Tombamento;Com Vítimas Feridas;Pleno dia;Crescente;Ignorado;Simples;Reta;Sim;1;0;1;0;0;0;1;1;-20,46858437;-54,51527596;SPRF-MS;DEL01-MS;UOP01-DEL01-MS
672779;10/04/2025;quinta-feira;17:15:00;MG;40;735;JUIZ DE FORA;Ausência de reação do condutor;Colisão transversal;Com Vítimas Feridas;Anoitecer;Crescente;Chuva;Simples;Curva;Não;2;0;0;1;1;0;1;2;-21,59946929;-43,45786608;SPRF-MG;DEL05-MG;UOP01-DEL05-MG
672780;10/04/2025;quinta-feira;16:45:00;DF;20;52;BRASILIA;Ausência de reação do condutor;Saída de leito carroçável;Com Vítimas Feridas;Pleno dia;Crescente;Chuva;Dupla;"Declive;Reta";Não;1;0;1;0;0;0;1;1;-15,5815558;-47,4335678;SPRF-DF;DEL02-DF;UOP01-DEL02-DF
672781;10/04/2025;quinta-feira;17:10:00;RN;101;95;NATAL;Condutor deixou de manter distância do veículo da frente;Colisão traseira;Com Vítimas Feridas;Plena Noite;Decrescente;Céu Claro;Dupla;Reta;Sim;3;0;1;0;2;0;1;3;-5,836036;-35,211708;SPRF-RN;DEL01-RN;UOP01-DEL01-RN