id;data_inversa;dia_semana;horario;uf;br;km;municipio;causa_acidente;tipo_acidente;classificacao_acidente;fase_dia;sentido_via;condicao_metereologica;tipo_pista;tracado_via;uso_solo;pessoas;mortos;feridos_leves;feridos_graves;ilesos;ignorados;feridos;veiculos;latitude;longitude;regional;delegacia;uop
672913;11/04/2025;sexta-feira;09:00:00;PR;369;144;LONDRINA;Acessar a via sem observar a presença dos outros veículos;Colisão transversal;Com Vítimas Feridas;Pleno dia;Decrescente;Céu Claro;Dupla;"Reta;Declive";Sim;3;0;1;0;2;0;1;3;-23,29346022;-51,10519756;SPRF-PR;DEL07-PR;UOP01-DEL07-PR
672914;08/02/2025;sábado;12:00:00;SP;116;161;JACAREI;Ausência de reação do condutor;Colisão traseira;Com Vítimas Feridas;Pleno dia;Crescente;Sol;Dupla;Reta;Não;2;0;1;0;1;0;1;2;-23,27617003;-45,97592098;SPRF-SP;DEL02-SP;UOP01-DEL02-SP
672915;11/04/2025;sexta-feira;10:10:00;SP;116;287;ITAPECERICA DA SERRA;Reação tardia ou ineficiente do condutor;Colisão lateral mesmo sentido;Sem Vítimas;Pleno dia;Crescente;Céu Claro;Dupla;Reta;Não;2;0;0;0;1;1;0;2;-23,7002609;-46,8689525;SPRF-SP;DEL04-SP;UOP01-DEL04-SP
672916;11/04/2025;sexta-feira;10:25:00;RS;448;15;CANOAS;Avarias e/ou desgaste excessivo no pneu;Colisão com objeto;Com Vítimas Feridas;Pleno dia;Crescente;Céu Claro;Simples;Curva;Não;1;0;1;0;0;0;1;1;-29,9119812;-51,2211408;SPRF-RS;DEL01-RS;UOP01-DEL01-RS
672918;11/04/2025;sexta-feira;10:00:00;MG;365;626;UBERLANDIA;Demais falhas na via;Colisão com objeto;Com Vítimas Feridas;Pleno dia;Decrescente;Céu Claro;Dupla;Reta;Não;1;0;1;0;0;0;1;1;-18,90657346;-48,33407785;SPRF-MG;DEL15-MG;UOP01-DEL15-MG
672919;11/04/2025;sexta-feira;06:50:00;GO;452;135,5;ITUMBIARA;Acessar a via sem observar a presença dos outros veículos;Colisão transversal;Com Vítimas Feridas;Amanhecer;Decrescente;Céu Claro;Dupla;"Retorno Regulamentado;Reta";Sim;2;0;1;1;0;0;2;2;-18,226725;-49,735645;SPRF-GO;DEL03-GO;UOP02-DEL03-GO
672921;11/04/2025;sexta-feira;00:12:00;RO;364;708;PORTO VELHO;Reação tardia ou ineficiente do condutor;Tombamento;Com Vítimas Feridas;Plena Noite;Crescente;Céu Claro;Dupla;Reta;Sim;1;0;1;0;0;0;1;1;-8,79235379;-63,84644263;SPRF-RO;DEL01-RO;UOP01-DEL01-RO
672922;07/04/2025;segunda-feira;18:34:00;PR;277;84;CURITIBA;Trafegar com motocicleta (ou similar) entre as faixas;Colisão lateral mesmo sentido;Com Vítimas Feridas;Plena Noite;Crescente;Nublado;Dupla;"Reta;Viaduto";Sim;2;0;1;0;1;0;1;2;-25,44372708;-49,23503453;SPRF-PR;DEL01-PR;UOP03-DEL01-PR
672925;11/04/2025;sexta-feira;09:50:00;CE;20;384;CAUCAIA;Afundamento ou ondulação no pavimento;Saída de leito carroçável;Sem Vítimas;Pleno dia;Decrescente;Céu Claro;Simples;Reta;Não;1;0;0;0;1;0;0;1;-3,87196178;-38,80714417;SPRF-CE;DEL01-CE;UOP01-DEL01-CE
672927;11/04/2025;sexta-feira;11:20:00;ES;101;298;VIANA;Reação tardia ou ineficiente do condutor;Colisão lateral mesmo sentido;Com Vítimas Feridas;Pleno dia;Crescente;Céu Claro;Dupla;Reta;Não;2;0;1;0;0;1;1;2;-20,357507;-40,426507;SPRF-ES;DEL01-ES;UOP01-DEL01-ES
672928;05/04/2025;sábado;10:15:00;MA;135;24;SAO LUIS;Acessar a via sem observar a presença dos outros veículos;Colisão traseira;Com Vítimas Feridas;Pleno dia;Decrescente;Céu Claro;Dupla;"Retorno Regulamentado;Reta";Sim;2;0;1;0;1;0;1;2;-2,55121405;-44,30698156;SPRF-MA;DEL01-MA;UOP01-DEL01-MA
672930;11/04/2025;sexta-feira;11:36:00;RS;116;241,3;SAO LEOPOLDO;Transitar no Acostamento;Colisão traseira;Com Vítimas Feridas;Pleno dia;Decrescente;Céu Claro;Múltipla;Reta;Não;3;0;0;1;1;1;1;3;-29,716182;-51,14814;SPRF-RS;DEL01-RS;UOP02-DEL01-RS
672932;11/04/2025;sexta-feira;10:00:00;MG;116;526,1;CARATINGA;Ausência de reação do condutor;Colisão traseira;Com Vítimas Feridas;Pleno dia;Decrescente;Céu Claro;Simples;Reta;Sim;3;0;2;0;1;0;2;2;-19,763975;-42,1320691;SPRF-MG;DEL06-MG;UOP02-DEL06-MG
672936;11/04/2025;sexta-feira;11:30:00;MG;50;18;UBERLANDIA;Reação tardia ou ineficiente do condutor;Colisão com objeto;Com Vítimas Feridas;Pleno dia;Decrescente;Céu Claro;Dupla;Reta;Sim;2;0;2;0;0;0;2;1;-18,927721;-48,191387;SPRF-MG;DEL15-MG;UOP01-DEL15-MG
672938;11/04/2025;sexta-feira;12:40:00;SP;381;87;SAO PAULO;Condutor deixou de manter distância do veículo da frente;Colisão lateral mesmo sentido;Com Vítimas Feridas;Pleno dia;Decrescente;Céu Claro;Múltipla;Reta;Sim;3;0;1;0;1;1;1;3;-23,47364519;-46,56217647;SPRF-SP;DEL03-SP;UOP01-DEL03-SP
672941;11/04/2025;sexta-feira;13:00:00;RS;116;265;CANOAS;Condutor desrespeitou a iluminação vermelha do semáforo;Colisão transversal;Sem Vítimas;Pleno dia;Crescente;Céu Claro;Múltipla;"Interseção de Vias;Retorno Regulamentado;Viaduto";Sim;2;0;0;0;2;0;0;2;-29,92612421;-51,17809262;SPRF-RS;DEL01-RS;UOP01-DEL01-RS
672945;11/04/2025;sexta-feira;12:26:00;CE;116;4;FORTALEZA;Condutor deixou de manter distância do veículo da frente;Colisão traseira;Com Vítimas Feridas;Pleno dia;Crescente;Sol;Múltipla;Reta;Sim;2;0;1;0;1;0;1;2;-3,7882936;-38,5108009;SPRF-CE;DEL01-CE;UOP02-DEL01-CE
672946;11/04/2025;sexta-feira;13:50:00;SP;381;48;ATIBAIA;Condutor Dormindo;Capotamento;Com Vítimas Feridas;Pleno dia;Crescente;Céu Claro;Dupla;Reta;Sim;1;0;1;0;0;0;1;1;-23,19994954;-46,5883791;SPRF-SP;DEL03-SP;UOP01-DEL03-SP
672948;11/04/2025;sexta-feira;14:00:00;RS;116;520,8;PELOTAS;Acessar a via sem observar a presença dos outros veículos;Colisão transversal;Com Vítimas Feridas;Pleno dia;Crescente;Nublado;Dupla;"Interseção de Vias;Viaduto";Sim;2;0;0;1;1;0;1;2;-31,706657;-52,367627;SPRF-RS;DEL07-RS;UOP01-DEL07-RS
672950;11/04/2025;sexta-feira;13:30:00;AL;316;140;ESTRELA DE ALAGOAS;Acessar a via sem observar a presença dos outros veículos;Colisão transversal;Com Vítimas Feridas;Pleno dia;Decrescente;Céu Claro;Simples;Reta;Sim;2;0;0;1;1;0;1;2;-9,391833;-36,750788;SPRF-AL;DEL03-AL;UOP01-DEL03-AL
672951;11/04/2025;sexta-feira;14:30:00;SP;381;51;ATIBAIA;Avarias e/ou desgaste excessivo no pneu;Queda de ocupante de veículo;Com Vítimas Feridas;Pleno dia;Decrescente;Céu Claro;Dupla;Reta;Não;1;0;1;0;0;0;1;1;-23,22841152;-46,59885406;SPRF-SP;DEL03-SP;UOP01-DEL03-SP
672952;11/04/2025;sexta-feira;14:50:00;MG;116;765;LEOPOLDINA;Ausência de reação do condutor;Colisão transversal;Com Vítimas Feridas;Pleno dia;Crescente;Céu Claro;Simples;"Reta;Rotatória";Não;2;0;1;0;1;0;1;2;-21,5197389;-42,6491103;SPRF-MG;DEL07-MG;UOP01-DEL07-MG
672953;11/04/2025;sexta-feira;14:03:00;SC;470;233;RIO DO SUL;Acessar a via sem observar a presença dos outros veículos;Colisão lateral mesmo sentido;Com Vítimas Feridas;Pleno dia;Decrescente;Nublado;Simples;Reta;Não;4;0;3;0;1;0;3;2;-27,17151547;-49,57932472;SPRF-SC;DEL05-SC;UOP03-DEL05-SC
672954;11/04/2025;sexta-feira;11:45:00;RO;364;425;JARU;Condutor deixou de manter distância do veículo da frente;Colisão traseira;Sem Vítimas;Pleno dia;Decrescente;Céu Claro;Dupla;Reta;Sim;2;0;0;0;2;0;0;2;-10,43624117;-62,47366905;SPRF-RO;DEL03-RO;UOP02-DEL03-RO
672956;11/04/2025;sexta-feira;14:30:00;DF;60;22,8;BRASILIA;Manobra de mudança de faixa;Colisão lateral mesmo sentido;Com Vítimas Feridas;Pleno dia;Decrescente;Céu Claro;Dupla;"Aclive;Curva";Não;3;0;1;0;2;0;1;2;-15,987965;-48,223168;SPRF-DF;DEL03-DF;UOP01-DEL03-DF
672957;11/04/2025;sexta-feira;13:45:00;SC;101;24,6;JOINVILLE;Acessar a via sem observar a presença dos outros veículos;Colisão transversal;Com Vítimas Feridas;Pleno dia;Decrescente;Garoa/Chuvisco;Simples;"Interseção de Vias;Reta";Sim;2;0;0;1;1;0;1;2;-26,17892807;-48,90862042;SPRF-SC;DEL03-SC;UOP01-DEL03-SC
672958;11/04/2025;sexta-feira;15:11:00;TO;153;677;GURUPI;Ultrapassagem Indevida;Colisão transversal;Com Vítimas Feridas;Pleno dia;Crescente;Céu Claro;Simples;Reta;Sim;4;0;2;0;2;0;2;2;-11,7006518;-49,07318115;SPRF-TO;DEL01-TO;UOP02-DEL01-TO
672961;11/04/2025;sexta-feira;14:30:00;PR;277;267;IRATI;Trafegar com motocicleta (ou similar) entre as faixas;Colisão lateral mesmo sentido;Com Vítimas Feridas;Pleno dia;Decrescente;Céu Claro;Simples;Reta;Não;3;0;1;0;2;0;1;2;-25,39;-50,822;SPRF-PR;DEL08-PR;UOP02-DEL08-PR
672962;11/04/2025;sexta-feira;14:45:00;RJ;40;111;DUQUE DE CAXIAS;Manobra de mudança de faixa;Colisão traseira;Com Vítimas Feridas;Pleno dia;Decrescente;Nublado;Múltipla;Reta;Sim;3;0;2;0;1;0;2;2;-22,693201;-43,28768;SPRF-RJ;DEL01-RJ;UOP02-DEL01-RJ
672963;04/04/2025;sexta-feira;04:30:00;PR;116;13;COLOMBO;Velocidade Incompatível;Capotamento;Sem Vítimas;Plena Noite;Decrescente;Garoa/Chuvisco;Dupla;Reta;Não;1;0;0;0;0;1;0;1;-25,3781473;-49,15530258;SPRF-PR;DEL01-PR;UOP02-DEL01-PR
672967;11/04/2025;sexta-feira;16:15:00;DF;40;0,2;BRASILIA;Condutor deixou de manter distância do veículo da frente;Colisão traseira;Com Vítimas Feridas;Pleno dia;Crescente;Céu Claro;Dupla;Reta;Não;3;0;1;0;2;0;1;2;-15,98032407;-47,98930876;SPRF-DF;DEL01-DF;UOP01-DEL01-DF
672971;11/04/2025;sexta-feira;15:45:00;RJ;116;137;MAGE;Ausência de reação do condutor;Queda de ocupante de veículo;Com Vítimas Feridas;Pleno dia;Decrescente;Céu Claro;Dupla;Reta;Sim;1;0;1;0;0;0;1;1;-22,6593968;-43,0910076;SPRF-RJ;DEL04-RJ;UOP02-DEL04-RJ
672972;11/04/2025;sexta-feira;16:40:00;CE;304;50;ARACATI;Desrespeitar a preferência no cruzamento;Colisão transversal;Com Vítimas Feridas;Pleno dia;Crescente;Céu Claro;Simples;"Interseção de Vias;Curva";Sim;2;0;2;0;0;0;2;2;-4,57810846;-37,75084683;SPRF-CE;DEL03-CE;UOP02-DEL03-CE
672973;11/04/2025;sexta-feira;15:40:00;GO;40;90;CRISTALINA;Ingestão de álcool pelo condutor;Colisão traseira;Com Vítimas Feridas;Pleno dia;Decrescente;Céu Claro;Simples;"Em Obras;Reta";Não;2;0;2;0;0;0;2;2;-16,72708053;-47,63596773;SPRF-DF;DEL01-DF;UOP02-DEL01-DF
672974;11/04/2025;sexta-feira;16:44:00;MG;40;552;NOVA LIMA;Condutor deixou de manter distância do veículo da frente;Colisão traseira;Com Vítimas Feridas;Pleno dia;Decrescente;Céu Claro;Dupla;"Reta;Declive";Sim;6;0;1;1;3;1;2;5;-20,06287406;-43,97841096;SPRF-MG;DEL01-MG;UOP02-DEL01-MG
672976;11/04/2025;sexta-feira;17:05:00;ES;101;267,7;SERRA;Manobra de mudança de faixa;Colisão lateral mesmo sentido;Com Vítimas Feridas;Pleno dia;Decrescente;Céu Claro;Dupla;Reta;Sim;2;0;1;0;1;0;1;2;-20,19848;-40,26808;SPRF-ES;DEL02-ES;UOP01-DEL02-ES
672978;11/04/2025;sexta-feira;16:50:00;DF;70;6;BRASILIA;Ausência de reação do condutor;Colisão traseira;Com Vítimas Feridas;Pleno dia;Crescente;Céu Claro;Dupla;Reta;Não;2;0;1;0;1;0;1;2;-15,7919268;-48,1051915;SPRF-DF;DEL03-DF;UOP02-DEL03-DF
672979;11/04/2025;sexta-feira;16:45:00;BA;324;514;FEIRA DE SANTANA;Acesso irregular;Colisão transversal;Com Vítimas Feridas;Pleno dia;Crescente;Céu Claro;Simples;Reta;Não;2;0;1;0;1;0;1;2;-12,23382;-38,946648;SPRF-BA;DEL02-BA;UOP01-DEL02-BA
672980;11/04/2025;sexta-feira;16:00:00;SC;282;62,5;RANCHO QUEIMADO;Ausência de reação do condutor;Colisão lateral mesmo sentido;Com Vítimas Feridas;Pleno dia;Decrescente;Nublado;Simples;"Declive;Reta";Não;5;0;2;1;2;0;3;2;-27,6911628;-49,03957844;SPRF-SC;DEL01-SC;UOP03-DEL01-SC
672981;11/04/2025;sexta-feira;17:10:00;PR;376;4,5;APUCARANA;Conversão proibida;Colisão transversal;Com Vítimas Feridas;Pleno dia;Crescente;Céu Claro;Simples;Reta;Sim;4;0;1;0;3;0;1;2;-23,553653;-51,446203;SPRF-PR;DEL07-PR;UOP03-DEL07-PR
672982;11/04/2025;sexta-feira;16:00:00;MA;226;276;BARRA DO CORDA;Velocidade Incompatível;Saída de leito carroçável;Sem Vítimas;Pleno dia;Crescente;Chuva;Simples;Reta;Não;1;0;0;0;0;1;0;1;-5,436605;-45,065138;SPRF-MA;DEL06-MA;UOP01-DEL06-MA
672983;11/04/2025;sexta-feira;17:45:00;SP;116;156;SAO JOSE DOS CAMPOS;Reação tardia ou ineficiente do condutor;Colisão lateral mesmo sentido;Com Vítimas Feridas;Anoitecer;Crescente;Céu Claro;Dupla;Reta;Sim;2;0;1;0;1;0;1;2;-23,25108195;-45,93605474;SPRF-SP;DEL02-SP;UOP01-DEL02-SP
672984;11/04/2025;sexta-feira;15:22:00;MT;163;829,5;SINOP;Afundamento ou ondulação no pavimento;Queda de ocupante de veículo;Com Vítimas Feridas;Pleno dia;Decrescente;Céu Claro;Dupla;Reta;Sim;1;0;1;0;0;0;1;1;-11,90553401;-55,5068028;SPRF-MT;DEL06-MT;UOP02-DEL06-MT
672985;11/04/2025;sexta-feira;17:36:00;RS;116;236;NOVO HAMBURGO;Condutor deixou de manter distância do veículo da frente;Colisão traseira;Com Vítimas Feridas;Pleno dia;Decrescente;Céu Claro;Dupla;Reta;Sim;5;0;0;1;3;1;1;3;-29,67448539;-51,14259308;SPRF-RS;DEL01-RS;UOP02-DEL01-RS
672987;11/04/2025;sexta-feira;13:50:00;RJ;116;28,3;SAPUCAIA;Reação tardia ou ineficiente do condutor;Tombamento;Com Vítimas Feridas;Pleno dia;Crescente;Nublado;Simples;Curva;Não;1;0;1;0;0;0;1;1;-22,0575;-42,7951389;SPRF-RJ;DEL05-RJ;UOP01-DEL05-RJ
672988;11/04/2025;sexta-feira;17:30:00;SC;282;54,5;AGUAS MORNAS;Chuva;Saída de leito carroçável;Sem Vítimas;Plena Noite;Decrescente;Chuva;Simples;"Declive;Curva";Não;1;0;0;0;0;1;0;1;-27,68829063;-48,9792038;SPRF-SC;DEL01-SC;UOP03-DEL01-SC
672989;11/04/2025;sexta-feira;15:00:00;RS;386;159,5;ALMIRANTE TAMANDARE DO SUL;Reação tardia ou ineficiente do condutor;Saída de leito carroçável;Com Vítimas Feridas;Pleno dia;Decrescente;Céu Claro;Simples;Reta;Não;1;0;0;1;0;0;1;1;-28,15244045;-52,84726918;SPRF-RS;DEL08-RS;UOP01-DEL08-RS
672990;11/04/2025;sexta-feira;16:00:00;RJ;116;6,8;SAPUCAIA;Reação tardia ou ineficiente do condutor;Saída de leito carroçável;Com Vítimas Feridas;Pleno dia;Decrescente;Nublado;Simples;"Curva;Ponte";Não;1;0;1;0;0;0;1;1;-21,9153611;-42,6956389;SPRF-RJ;DEL05-RJ;UOP01-DEL05-RJ
672992;11/04/2025;sexta-feira;18:00:00;PR;158;530,9;PATO BRANCO;Conversão proibida;Tombamento;Com Vítimas Feridas;Pleno dia;Decrescente;Céu Claro;Simples;"Interseção de Vias;Reta";Sim;3;0;1;0;2;0;1;2;-26,20190851;-52,67770344;SPRF-PR;DEL02-PR;UOP01-DEL02-PR
672993;11/04/2025;sexta-feira;16:25:00;RJ;40;114;DUQUE DE CAXIAS;Reação tardia ou ineficiente do condutor;Tombamento;Com Vítimas Feridas;Pleno dia;Crescente;Nublado;Dupla;"Curva;Retorno Regulamentado";Não;1;0;1;0;0;0;1;1;-22,71729016;-43,29097152;SPRF-RJ;DEL01-RJ;UOP02-DEL01-RJ
672994;11/04/2025;sexta-feira;17:00:00;BA;367;29;PORTO SEGURO;Acessar a via sem observar a presença dos outros veículos;Colisão transversal;Com Vítimas Feridas;Pleno dia;Crescente;Céu Claro;Simples;Curva;Não;2;0;1;0;1;0;1;2;-16,415355;-39,119012;SPRF-BA;DEL09-BA;UOP03-DEL09-BA
672995;11/04/2025;sexta-feira;11:26:00;MA;316;497,9;CODO;Acessar a via sem observar a presença dos outros veículos;Colisão transversal;Com Vítimas Feridas;Pleno dia;Decrescente;Céu Claro;Simples;Declive;Não;4;0;0;1;2;1;1;2;-4,701947;-43,781127;SPRF-MA;DEL03-MA;UOP02-DEL03-MA
672998;11/04/2025;sexta-feira;17:15:00;RS;287;401;SANTIAGO;Desrespeitar a preferência no cruzamento;Colisão transversal;Com Vítimas Feridas;Pleno dia;Crescente;Céu Claro;Simples;"Declive;Reta;Interseção de Vias";Sim;2;0;1;0;1;0;1;2;-29,1617335;-54,87883691;SPRF-RS;DEL12-RS;UOP02-DEL12-RS
672999;11/04/2025;sexta-feira;18:15:00;GO;60;172,7;ABADIA DE GOIAS;Manobra de mudança de faixa;Colisão lateral mesmo sentido;Com Vítimas Feridas;Pleno dia;Crescente;Céu Claro;Dupla;"Aclive;Retorno Regulamentado;Reta";Não;2;0;1;0;1;0;1;2;-16,74868838;-49,42624837;SPRF-GO;DEL01-GO;UOP02-DEL01-GO
673000;11/04/2025;sexta-feira;15:30:00;MG;381;753;TRES CORACOES;Ultrapassagem Indevida;Queda de ocupante de veículo;Com Vítimas Feridas;Pleno dia;Crescente;Céu Claro;Dupla;Reta;Não;1;0;1;0;0;0;1;1;-21,67856574;-45,34113742;SPRF-MG;DEL16-MG;UOP02-DEL16-MG
673001;11/04/2025;sexta-feira;17:50:00;PI;316;47,1;TERESINA;Avarias e/ou desgaste excessivo no pneu;Tombamento;Com Vítimas Feridas;Pleno dia;Crescente;Nublado;Simples;Reta;Não;2;0;2;0;0;0;2;1;-5,2679226;-42,7275612;SPRF-PI;DEL01-PI;UOP02-DEL01-PI
673002;11/04/2025;sexta-feira;18:45:00;SC;101;332;TUBARAO;Transitar no Acostamento;Colisão transversal;Com Vítimas Feridas;Plena Noite;Decrescente;Céu Claro;Dupla;Interseção de Vias;Sim;2;0;0;1;1;0;1;2;-28,46818627;-49,00152141;SPRF-SC;DEL02-SC;UOP01-DEL02-SC
673003;11/04/2025;sexta-feira;18:50:00;RS;116;530,1;CAPAO DO LEAO;Desrespeitar a preferência no cruzamento;Colisão transversal;Com Vítimas Feridas;Plena Noite;Decrescente;Céu Claro;Simples;Rotatória;Sim;5;0;1;0;4;0;1;2;-31,760068;-52,438137;SPRF-RS;DEL07-RS;UOP01-DEL07-RS
673005;11/04/2025;sexta-feira;18:45:00;PR;277;721;FOZ DO IGUACU;Acessar a via sem observar a presença dos outros veículos;Colisão transversal;Com Vítimas Feridas;Pleno dia;Crescente;Céu Claro;Dupla;"Reta;Retorno Regulamentado";Sim;2;0;1;0;1;0;1;2;-25,49379796;-54,51828003;SPRF-PR;DEL05-PR;UOP03-DEL05-PR
673006;11/04/2025;sexta-feira;18:10:00;MG;116;524,7;CARATINGA;Pedestre cruzava a pista fora da faixa;Atropelamento de Pedestre;Com Vítimas Feridas;Plena Noite;Decrescente;Nublado;Simples;Reta;Sim;2;0;1;0;1;0;1;2;-19,769736;-42,13195;SPRF-MG;DEL06-MG;UOP02-DEL06-MG
673007;11/04/2025;sexta-feira;17:30:00;PB;230;140,8;CAMPINA GRANDE;Carga excessiva e/ou mal acondicionada;Colisão com objeto;Com Vítimas Feridas;Plena Noite;Decrescente;Nublado;Dupla;"Curva;Retorno Regulamentado";Não;1;0;1;0;0;0;1;1;-7,260378;-35,808137;SPRF-PB;DEL02-PB;UOP01-DEL02-PB
673008;11/04/2025;sexta-feira;19:00:00;PE;101;86,5;JABOATAO DOS GUARARAPES;Manobra de mudança de faixa;Colisão lateral mesmo sentido;Com Vítimas Feridas;Plena Noite;Crescente;Céu Claro;Dupla;Interseção de Vias;Não;3;0;1;0;1;1;1;2;-8,186825;-34,972184;SPRF-PE;DEL01-PE;UOP01-DEL01-PE
673009;11/04/2025;sexta-feira;14:00:00;PA;222;113;RONDON DO PARA;Transitar na contramão;Colisão frontal;Com Vítimas Feridas;Pleno dia;Crescente;Céu Claro;Simples;"Reta;Aclive";Não;4;0;0;2;2;0;2;2;-4,806363;-48,135643;SPRF-PA;DEL02-PA;UOP02-DEL02-PA
673011;11/04/2025;sexta-feira;17:20:00;RR;174;524;BOA VISTA;Condutor Dormindo;Saída de leito carroçável;Com Vítimas Feridas;Anoitecer;Decrescente;Céu Claro;Simples;Reta;Não;1;0;1;0;0;0;1;1;2,98385;-60,751358;SPRF-RR;DEL01-RR;UOP01-DEL01-RR
673012;11/04/2025;sexta-feira;19:40:00;SP;381;37,3;ATIBAIA;Reação tardia ou ineficiente do condutor;Colisão traseira;Com Vítimas Feridas;Plena Noite;Decrescente;Nublado;Dupla;Reta;Sim;3;0;1;0;2;0;1;2;-23,10762183;-46,56943456;SPRF-SP;DEL03-SP;UOP01-DEL03-SP
673013;11/04/2025;sexta-feira;19:45:00;RJ;40;114;DUQUE DE CAXIAS;Reação tardia ou ineficiente do condutor;Colisão traseira;Com Vítimas Feridas;Plena Noite;Decrescente;Céu Claro;Múltipla;Reta;Não;2;0;1;0;1;0;1;2;-22,72057662;-43,28947742;SPRF-RJ;DEL01-RJ;UOP02-DEL01-RJ
673015;11/04/2025;sexta-feira;20:30:00;RJ;101;321;NITEROI;Pedestre andava na pista;Atropelamento de Pedestre;Com Vítimas Feridas;Plena Noite;Decrescente;Céu Claro;Dupla;Reta;Sim;2;0;1;0;1;0;1;2;-22,87409392;-43,11004579;SPRF-RJ;DEL02-RJ;UOP01-DEL02-RJ
673016;11/04/2025;sexta-feira;19:15:00;SC;116;220;CORREIA PINTO;Acessar a via sem observar a presença dos outros veículos;Colisão transversal;Com Vítimas Feridas;Plena Noite;Decrescente;Céu Claro;Simples;Reta;Sim;3;0;3;0;0;0;3;2;-27,586336;-50,364808;SPRF-SC;DEL05-SC;UOP03-DEL05-SC
673019;11/04/2025;sexta-feira;19:00:00;PA;10;16,5;DOM ELISEU;Acessar a via sem observar a presença dos outros veículos;Colisão lateral sentido oposto;Com Vítimas Feridas;Plena Noite;Decrescente;Nublado;Simples;Reta;Sim;3;0;0;2;0;1;2;2;-4,302702;-47,5557;SPRF-PA;DEL02-PA;UOP02-DEL02-PA
673020;11/04/2025;sexta-feira;20:10:00;RS;290;152;ARROIO DOS RATOS;Reação tardia ou ineficiente do condutor;Colisão transversal;Com Vítimas Feridas;Plena Noite;Crescente;Nublado;Simples;Reta;Não;2;0;1;1;0;0;2;2;-30,103862;-51,732205;SPRF-RS;DEL02-RS;UOP01-DEL02-RS
673023;11/04/2025;sexta-feira;20:20:00;MG;50;18,9;UBERLANDIA;Ausência de reação do condutor;Colisão com objeto;Com Vítimas Feridas;Plena Noite;Decrescente;Céu Claro;Dupla;Reta;Sim;1;0;1;0;0;0;1;1;-18,931601;-48,196842;SPRF-MG;DEL15-MG;UOP01-DEL15-MG
673024;11/04/2025;sexta-feira;19:20:00;SP;153;298,9;CAMPOS NOVOS PAULISTA;Frear bruscamente;Tombamento;Com Vítimas Feridas;Plena Noite;Decrescente;Céu Claro;Simples;Reta;Não;3;0;1;0;0;2;1;2;-22,57625899;-49,88956419;SPRF-SP;DEL07-SP;UOP03-DEL07-SP
673027;11/04/2025;sexta-feira;20:00:00;DF;20;8;BRASILIA;Manobra de mudança de faixa;Colisão lateral mesmo sentido;Com Vítimas Feridas;Plena Noite;Crescente;Nublado;Múltipla;Reta;Sim;3;0;1;0;2;0;1;2;-15,65676025;-47,78798338;SPRF-DF;DEL02-DF;UOP01-DEL02-DF
673028;11/04/2025;sexta-feira;20:30:00;PB;230;17;JOAO PESSOA;Ingestão de álcool pelo condutor;Colisão lateral mesmo sentido;Com Vítimas Feridas;Plena Noite;Decrescente;Céu Claro;Dupla;Reta;Sim;2;0;0;1;1;0;1;2;-7,11342;-34,842206;SPRF-PB;DEL01-PB;UOP01-DEL01-PB
673029;11/04/2025;sexta-feira;19:40:00;SC;163;71,4;SAO MIGUEL DO OESTE;Acessar a via sem observar a presença dos outros veículos;Colisão transversal;Com Vítimas Feridas;Plena Noite;Decrescente;Céu Claro;Dupla;"Reta;Interseção de Vias";Sim;3;0;1;0;2;0;1;2;-26,72548851;-53,51333141;SPRF-SC;DEL07-SC;UOP03-DEL07-SC
673030;11/04/2025;sexta-feira;20:30:00;ES;393;1;CACHOEIRO DE ITAPEMIRIM;Reação tardia ou ineficiente do condutor;Colisão transversal;Com Vítimas Feridas;Plena Noite;Crescente;Céu Claro;Simples;Reta;Sim;2;0;1;0;1;0;1;2;-20,83681886;-41,15815938;SPRF-ES;DEL03-ES;UOP02-DEL03-ES
673031;11/04/2025;sexta-feira;20:30:00;RJ;116;233,6;PIRAI;Objeto estático sobre o leito carroçável;Tombamento;Com Vítimas Feridas;Plena Noite;Crescente;Nublado;Dupla;Curva;Não;1;0;1;0;0;0;1;1;-22,6301521;-43,9108903;SPRF-RJ;DEL07-RJ;UOP01-DEL07-RJ
673032;11/04/2025;sexta-feira;19:05:00;RJ;493;53;DUQUE DE CAXIAS;Demais falhas mecânicas ou elétricas;Incêndio;Sem Vítimas;Plena Noite;Decrescente;Céu Claro;Dupla;Reta;Não;1;0;0;0;1;0;0;1;-22,665656;-43,335331;SPRF-RJ;DEL01-RJ;UOP03-DEL01-RJ
673033;11/04/2025;sexta-feira;17:30:00;MG;365;773,3;ITUIUTABA;Animais na Pista;Atropelamento de Animal;Com Vítimas Feridas;Anoitecer;Crescente;Céu Claro;Simples;"Aclive;Reta";Não;5;0;5;0;0;0;5;1;-18,95920742;-49,66697395;SPRF-MG;DEL15-MG;UOP03-DEL15-MG
673034;11/04/2025;sexta-feira;20:58:00;ES;101;143;LINHARES;Velocidade Incompatível;Colisão transversal;Com Vítimas Fatais;Plena Noite;Decrescente;Céu Claro;Múltipla;Reta;Não;2;1;0;0;0;1;0;2;-19,34286302;-40,06369686;SPRF-ES;DEL04-ES;UOP01-DEL04-ES