id;data_inversa;dia_semana;horario;uf;br;km;municipio;causa_acidente;tipo_acidente;classificacao_acidente;fase_dia;sentido_via;condicao_metereologica;tipo_pista;tracado_via;uso_solo;pessoas;mortos;feridos_leves;feridos_graves;ilesos;ignorados;feridos;veiculos;latitude;longitude;regional;delegacia;uop
673035;11/04/2025;sexta-feira;21:00:00;RJ;101;328;RIO DE JANEIRO;Manobra de mudança de faixa;Colisão lateral mesmo sentido;Com Vítimas Feridas;Plena Noite;Decrescente;Céu Claro;Simples;"Ponte;Reta";Sim;3;0;2;0;0;1;2;2;-22,87079766;-43,16082001;SPRF-RJ;DEL02-RJ;UOP01-DEL02-RJ
673037;11/04/2025;sexta-feira;21:00:00;PE;408;76,9;PAUDALHO;Velocidade Incompatível;Colisão com objeto;Com Vítimas Fatais;Plena Noite;Crescente;Nublado;Dupla;"Declive;Curva";Não;2;1;0;0;0;1;0;1;-7,95324201;-35,10387182;SPRF-PE;DEL01-PE;UOP01-DEL01-PE
673038;11/04/2025;sexta-feira;21:45:00;BA;101;506;ITABUNA;Velocidade Incompatível;Saída de leito carroçável;Sem Vítimas;Plena Noite;Crescente;Céu Claro;Simples;Reta;Não;1;0;0;0;0;1;0;1;-14,802678;-39,293112;SPRF-BA;DEL05-BA;UOP01-DEL05-BA
673039;11/04/2025;sexta-feira;21:50:00;MG;459;97,8;POUSO ALEGRE;Pedestre andava na pista;Atropelamento de Pedestre;Com Vítimas Fatais;Plena Noite;Crescente;Céu Claro;Simples;"Declive;Reta";Não;3;1;0;0;1;1;0;3;-22,197184;-45,97557;SPRF-MG;DEL09-MG;UOP01-DEL09-MG
673041;11/04/2025;sexta-feira;21:10:00;SP;101;51;UBATUBA;Ingestão de álcool pelo condutor;Queda de ocupante de veículo;Com Vítimas Feridas;Plena Noite;Decrescente;Céu Claro;Simples;Reta;Sim;4;0;1;0;0;3;1;2;-23,45740467;-45,06998956;SPRF-SP;DEL06-SP;UOP01-DEL06-SP
673046;11/04/2025;sexta-feira;21:18:00;MT;163;838;SINOP;Demais falhas na via;Queda de ocupante de veículo;Com Vítimas Feridas;Plena Noite;Crescente;Céu Claro;Simples;Reta;Não;2;0;2;0;0;0;2;1;-11,83771965;-55,48908949;SPRF-MT;DEL06-MT;UOP02-DEL06-MT
673048;11/04/2025;sexta-feira;20:00:00;RJ;101;458;ANGRA DOS REIS;Acessar a via sem observar a presença dos outros veículos;Colisão lateral mesmo sentido;Com Vítimas Feridas;Plena Noite;Crescente;Céu Claro;Simples;Curva;Não;2;0;1;0;1;0;1;2;-22,9895673;-44,2417473;SPRF-RJ;DEL03-RJ;UOP03-DEL03-RJ
673050;02/02/2025;domingo;21:00:00;RS;290;91,6;PORTO ALEGRE;Ingestão de álcool pelo condutor;Colisão com objeto;Com Vítimas Feridas;Anoitecer;Crescente;Céu Claro;Múltipla;Reta;Sim;2;0;1;0;1;0;1;1;-29,969055;-51,167439;SPRF-RS;DEL01-RS;UOP01-DEL01-RS
673051;11/04/2025;sexta-feira;21:30:00;SC;280;58,6;GUARAMIRIM;Acessar a via sem observar a presença dos outros veículos;Colisão lateral mesmo sentido;Com Vítimas Feridas;Plena Noite;Crescente;Céu Claro;Dupla;Reta;Não;2;0;1;0;1;0;1;2;-26,47582;-49,03155;SPRF-SC;DEL03-SC;UOP03-DEL03-SC
673052;11/04/2025;sexta-feira;22:40:00;SP;116;57;GUARATINGUETA;Ausência de reação do condutor;Colisão traseira;Com Vítimas Feridas;Plena Noite;Decrescente;Céu Claro;Dupla;Reta;Não;3;0;2;0;1;0;2;2;-22,7751951;-45,1379179;SPRF-SP;DEL08-SP;UOP01-DEL08-SP
673053;11/04/2025;sexta-feira;21:55:00;PR;376;474;PONTA GROSSA;Ingestão de álcool pelo condutor;Saída de leito carroçável;Sem Vítimas;Plena Noite;Decrescente;Céu Claro;Dupla;"Aclive;Reta";Não;1;0;0;0;1;0;0;1;-25,036846;-50,297112;SPRF-PR;DEL03-PR;UOP01-DEL03-PR
673054;11/04/2025;sexta-feira;21:40:00;PR;277;603,2;SANTA TEREZA DO OESTE;Reação tardia ou ineficiente do condutor;Saída de leito carroçável;Com Vítimas Feridas;Plena Noite;Crescente;Céu Claro;Simples;"Aclive;Reta";Não;1;0;1;0;0;0;1;1;-25,02837276;-53,56452942;SPRF-PR;DEL05-PR;UOP02-DEL05-PR
673055;11/04/2025;sexta-feira;21:10:00;RJ;116;197;SEROPEDICA;Velocidade Incompatível;Colisão traseira;Sem Vítimas;Plena Noite;Decrescente;Céu Claro;Múltipla;Reta;Sim;2;0;0;0;2;0;0;2;-22,7268301;-43,7190298;SPRF-RJ;DEL06-RJ;UOP02-DEL06-RJ
673058;11/04/2025;sexta-feira;21:45:00;RS;153;41,9;ERECHIM;Velocidade Incompatível;Tombamento;Com Vítimas Feridas;Plena Noite;Crescente;Céu Claro;Simples;"Desvio Temporário;Aclive;Curva;Em Obras";Não;2;0;1;0;1;0;1;1;-27,60440633;-52,23643899;SPRF-RS;DEL08-RS;UOP04-DEL08-RS
673059;11/04/2025;sexta-feira;21:50:00;GO;70;7;AGUAS LINDAS DE GOIAS;Pedestre cruzava a pista fora da faixa;Atropelamento de Pedestre;Com Vítimas Feridas;Plena Noite;Crescente;Chuva;Dupla;Reta;Sim;2;0;1;0;1;0;1;2;-15,74046004;-48,27100631;SPRF-DF;DEL03-DF;UOP02-DEL03-DF
673062;11/04/2025;sexta-feira;22:30:00;PR;277;123,3;CAMPO LARGO;Ausência de reação do condutor;Colisão traseira;Com Vítimas Fatais;Plena Noite;Crescente;Céu Claro;Dupla;Reta;Não;4;1;0;1;1;1;1;3;-25,43847;-49,512583;SPRF-PR;DEL03-PR;UOP03-DEL03-PR
673063;11/04/2025;sexta-feira;23:00:00;RS;392;644;GUARANI DAS MISSOES;Condutor deixou de manter distância do veículo da frente;Colisão traseira;Com Vítimas Feridas;Plena Noite;Crescente;Céu Claro;Simples;Reta;Não;2;0;1;0;1;0;1;2;-28,149279;-54,568928;SPRF-RS;DEL10-RS;UOP01-DEL10-RS
673064;11/04/2025;sexta-feira;22:45:00;PB;101;85;BAYEUX;Ausência de reação do condutor;Tombamento;Com Vítimas Feridas;Plena Noite;Crescente;Céu Claro;Dupla;Reta;Sim;1;0;1;0;0;0;1;1;-7,14289248;-34,91971012;SPRF-PB;DEL01-PB;UOP01-DEL01-PB
673066;11/04/2025;sexta-feira;21:40:00;RO;364;425;JARU;Ingestão de álcool pelo condutor;Colisão com objeto;Com Vítimas Feridas;Plena Noite;Decrescente;Chuva;Dupla;"Retorno Regulamentado;Reta;Declive";Sim;4;0;1;0;3;0;1;1;-10,4334556;-62,47851849;SPRF-RO;DEL03-RO;UOP02-DEL03-RO
673068;11/04/2025;sexta-feira;22:30:00;SC;163;69,4;SAO MIGUEL DO OESTE;Acessar a via sem observar a presença dos outros veículos;Colisão transversal;Com Vítimas Feridas;Plena Noite;Decrescente;Céu Claro;Dupla;"Reta;Declive;Interseção de Vias";Sim;2;0;1;0;1;0;1;2;-26,73676678;-53,50354671;SPRF-SC;DEL07-SC;UOP03-DEL07-SC
673069;11/04/2025;sexta-feira;20:15:00;PR;158;354,9;MARQUINHO;Velocidade Incompatível;Saída de leito carroçável;Com Vítimas Feridas;Plena Noite;Crescente;Céu Claro;Simples;Curva;Não;1;0;1;0;0;0;1;1;-25,0150343;-52,27702618;SPRF-PR;DEL04-PR;UOP02-DEL04-PR
673071;12/04/2025;sábado;00:30:00;RJ;116;173;RIO DE JANEIRO;Ausência de reação do condutor;Engavetamento;Com Vítimas Feridas;Plena Noite;Crescente;Céu Claro;Múltipla;Reta;Não;4;0;2;0;2;0;2;4;-22,806528;-43,3455104;SPRF-RJ;DEL06-RJ;UOP01-DEL06-RJ
673072;12/04/2025;sábado;00:45:00;ES;101;395;RIO NOVO DO SUL;Pedestre andava na pista;Atropelamento de Pedestre;Com Vítimas Feridas;Plena Noite;Crescente;Nublado;Simples;Curva;Não;2;0;1;0;0;1;1;2;-20,865157;-40,917123;SPRF-ES;DEL03-ES;UOP02-DEL03-ES
673073;11/04/2025;sexta-feira;21:30:00;SC;101;117,5;ITAJAI;Reação tardia ou ineficiente do condutor;Colisão lateral mesmo sentido;Sem Vítimas;Plena Noite;Decrescente;Nublado;Múltipla;Reta;Sim;1;0;0;0;1;0;0;1;-26,891829;-48,72053;SPRF-SC;DEL04-SC;UOP04-DEL04-SC
673074;12/04/2025;sábado;01:07:00;MA;230;407,4;BALSAS;Ingestão de álcool pelo condutor;Colisão frontal;Com Vítimas Feridas;Plena Noite;Decrescente;Céu Claro;Simples;Reta;Não;3;0;1;0;1;1;1;3;-7,5190807;-46,0691182;SPRF-MA;DEL05-MA;UOP01-DEL05-MA
673075;12/04/2025;sábado;01:03:00;SC;101;197,4;BIGUACU;Ingestão de álcool pelo condutor;Colisão transversal;Com Vítimas Feridas;Plena Noite;Decrescente;Céu Claro;Dupla;Reta;Sim;2;0;1;0;1;0;1;2;-27,522269;-48,636947;SPRF-SC;DEL01-SC;UOP01-DEL01-SC
673077;11/04/2025;sexta-feira;22:55:00;SC;280;18,6;BALNEARIO BARRA DO SUL;Ingestão de álcool pelo condutor;Saída de leito carroçável;Com Vítimas Feridas;Plena Noite;Decrescente;Garoa/Chuvisco;Simples;"Em Obras;Reta";Não;1;0;1;0;0;0;1;1;-26,368242;-48,668407;SPRF-SC;DEL03-SC;UOP03-DEL03-SC
673078;12/04/2025;sábado;01:00:00;SC;101;114,9;ITAJAI;Condutor deixou de manter distância do veículo da frente;Colisão traseira;Com Vítimas Feridas;Plena Noite;Decrescente;Nevoeiro/Neblina;Múltipla;"Reta;Interseção de Vias";Sim;2;0;0;1;0;1;1;2;-26,87068261;-48,72941386;SPRF-SC;DEL04-SC;UOP04-DEL04-SC
673079;12/04/2025;sábado;00:03:00;PI;343;310,3;ALTOS;Animais na Pista;Atropelamento de Animal;Sem Vítimas;Plena Noite;Decrescente;Garoa/Chuvisco;Simples;Reta;Não;2;0;0;0;2;0;0;1;-5,040228;-42,487153;SPRF-PI;DEL01-PI;UOP01-DEL01-PI
673081;12/04/2025;sábado;02:15:00;RS;290;86;PORTO ALEGRE;Ingestão de álcool pelo condutor;Colisão com objeto;Com Vítimas Feridas;Plena Noite;Crescente;Céu Claro;Dupla;Reta;Sim;3;0;1;0;2;0;1;1;-29,96794762;-51,12067223;SPRF-RS;DEL01-RS;UOP01-DEL01-RS
673082;11/04/2025;sexta-feira;23:53:00;PA;163;640;TRAIRAO;Animais na Pista;Atropelamento de Animal;Com Vítimas Feridas;Plena Noite;Crescente;Céu Claro;Simples;"Ponte;Reta";Não;3;0;1;0;2;0;1;1;-4,586595;-55,931927;SPRF-PA;DEL05-PA;UOP02-DEL05-PA
673083;12/04/2025;sábado;03:20:00;PE;101;129,9;ESCADA;Reação tardia ou ineficiente do condutor;Colisão traseira;Com Vítimas Feridas;Plena Noite;Decrescente;Céu Claro;Dupla;Reta;Não;2;0;2;0;0;0;2;2;-8,3916344;-35,2553836;SPRF-PE;DEL01-PE;UOP03-DEL01-PE
673084;12/04/2025;sábado;01:50:00;SP;116;523;BARRA DO TURVO;Demais falhas mecânicas ou elétricas;Incêndio;Sem Vítimas;Plena Noite;Crescente;Nublado;Dupla;Reta;Não;71;0;0;0;71;0;0;1;-24,92069047;-48,25950623;SPRF-SP;DEL05-SP;UOP02-DEL05-SP
673085;12/04/2025;sábado;02:00:00;PR;369;184,8;ARAPONGAS;Ausência de reação do condutor;Saída de leito carroçável;Com Vítimas Fatais;Plena Noite;Decrescente;Nublado;Simples;"Reta;Interseção de Vias";Sim;2;1;0;1;0;0;1;1;-23,407353;-51,428102;SPRF-PR;DEL07-PR;UOP03-DEL07-PR
673086;12/04/2025;sábado;02:35:00;PI;316;2,4;TERESINA;Ingestão de álcool pelo condutor;Colisão traseira;Sem Vítimas;Plena Noite;Crescente;Chuva;Dupla;"Interseção de Vias;Rotatória";Sim;2;0;0;0;2;0;0;2;-5,12333774;-42,79516745;SPRF-PI;DEL01-PI;UOP02-DEL01-PI
673087;12/04/2025;sábado;01:00:00;MT;163;820;SINOP;Ingestão de álcool pelo condutor;Queda de ocupante de veículo;Com Vítimas Feridas;Plena Noite;Decrescente;Céu Claro;Simples;Reta;Sim;1;0;1;0;0;0;1;1;-11,99365179;-55,51747799;SPRF-MT;DEL06-MT;UOP02-DEL06-MT
673088;12/04/2025;sábado;03:20:00;SC;470;122,7;IBIRAMA;Velocidade Incompatível;Saída de leito carroçável;Com Vítimas Feridas;Plena Noite;Decrescente;Céu Claro;Simples;Curva;Não;1;0;1;0;0;0;1;1;-27,106;-49,523;SPRF-SC;DEL04-SC;UOP02-DEL04-SC
673089;12/04/2025;sábado;04:10:00;RN;304;51,8;MOSSORO;Ausência de reação do condutor;Tombamento;Com Vítimas Feridas;Plena Noite;Decrescente;Nublado;Simples;Reta;Não;1;0;0;1;0;0;1;1;-5,2577181;-37,30578465;SPRF-RN;DEL04-RN;UOP01-DEL04-RN
673094;12/04/2025;sábado;03:30:00;SP;116;278,7;EMBU DAS ARTES;Ausência de reação do condutor;Colisão com objeto;Com Vítimas Fatais;Plena Noite;Decrescente;Céu Claro;Dupla;Reta;Sim;1;1;0;0;0;0;0;1;-23,63688323;-46,83298738;SPRF-SP;DEL04-SP;UOP01-DEL04-SP
673095;11/04/2025;sexta-feira;19:50:00;RN;110;35,5;MOSSORO;Avarias e/ou desgaste excessivo no pneu;Tombamento;Com Vítimas Feridas;Plena Noite;Decrescente;Nublado;Simples;Reta;Não;2;0;2;0;0;0;2;1;-5,168779;-37,23185;SPRF-RN;DEL04-RN;UOP01-DEL04-RN
673096;12/04/2025;sábado;04:15:00;SC;470;57,5;BLUMENAU;Ausência de reação do condutor;Colisão com objeto;Com Vítimas Feridas;Plena Noite;Decrescente;Nublado;Simples;Rotatória;Sim;1;0;1;0;0;0;1;1;-26,88297351;-49,14171696;SPRF-SC;DEL04-SC;UOP01-DEL04-SC
673097;12/04/2025;sábado;02:55:00;SC;470;72;INDAIAL;Deficiência do Sistema de Iluminação/Sinalização;Saída de leito carroçável;Com Vítimas Feridas;Pleno dia;Crescente;Garoa/Chuvisco;Dupla;Reta;Sim;4;0;2;0;2;0;2;1;-26,9013156;-49,26799536;SPRF-SC;DEL04-SC;UOP01-DEL04-SC
673098;12/04/2025;sábado;02:50:00;MS;262;239;RIBAS DO RIO PARDO;Ausência de reação do condutor;Colisão traseira;Sem Vítimas;Plena Noite;Decrescente;Céu Claro;Simples;Reta;Não;4;0;0;0;4;0;0;2;-20,45573398;-53,7417661;SPRF-MS;DEL01-MS;UOP05-DEL01-MS
673099;12/04/2025;sábado;03:30:00;PR;369;202;APUCARANA;Acessar a via sem observar a presença dos outros veículos;Colisão transversal;Com Vítimas Feridas;Plena Noite;Crescente;Céu Claro;Simples;Interseção de Vias;Não;3;0;2;0;0;1;2;2;-23,5444069;-51,4538483;SPRF-PR;DEL07-PR;UOP03-DEL07-PR
673100;11/04/2025;sexta-feira;09:15:00;RJ;101;297;ITABORAI;Condutor deixou de manter distância do veículo da frente;Colisão traseira;Com Vítimas Feridas;Pleno dia;Crescente;Céu Claro;Dupla;Retorno Regulamentado;Sim;2;0;1;0;1;0;1;2;-22,77145107;-42,92400576;SPRF-RJ;DEL02-RJ;UOP02-DEL02-RJ
673101;11/04/2025;sexta-feira;23:00:00;PI;230;194;OEIRAS;Ausência de reação do condutor;Colisão frontal;Sem Vítimas;Plena Noite;Crescente;Céu Claro;Simples;Reta;Não;2;0;0;0;2;0;0;2;-6,996295;-42,107865;SPRF-PI;DEL04-PI;UOP01-DEL04-PI
673102;12/04/2025;sábado;05:30:00;GO;40;96;CRISTALINA;Objeto estático sobre o leito carroçável;Colisão traseira;Sem Vítimas;Amanhecer;Crescente;Céu Claro;Múltipla;"Aclive;Reta";Não;2;0;0;0;1;1;0;2;-16,763;-47,597;SPRF-DF;DEL01-DF;UOP02-DEL01-DF
673103;12/04/2025;sábado;05:40:00;RS;116;143,1;CAXIAS DO SUL;Conversão proibida;Colisão lateral mesmo sentido;Com Vítimas Feridas;Amanhecer;Crescente;Céu Claro;Dupla;"Interseção de Vias;Reta";Sim;3;0;0;1;0;2;1;3;-29,12135225;-51,12240179;SPRF-RS;DEL05-RS;UOP01-DEL05-RS
673105;12/04/2025;sábado;06:20:00;PR;467;108,8;CASCAVEL;Desrespeitar a preferência no cruzamento;Colisão transversal;Com Vítimas Feridas;Pleno dia;Crescente;Céu Claro;Dupla;Reta;Sim;3;0;2;0;1;0;2;2;-24,925083;-53,465722;SPRF-PR;DEL04-PR;UOP01-DEL04-PR
673106;12/04/2025;sábado;07:05:00;SC;101;216,2;PALHOCA;Ausência de reação do condutor;Saída de leito carroçável;Com Vítimas Feridas;Amanhecer;Crescente;Nublado;Múltipla;Reta;Sim;1;0;0;1;0;0;1;1;-27,66096;-48,67605;SPRF-SC;DEL01-SC;UOP02-DEL01-SC
673110;12/04/2025;sábado;05:40:00;SP;116;22;QUELUZ;Condutor Dormindo;Colisão com objeto;Com Vítimas Feridas;Amanhecer;Decrescente;Céu Claro;Múltipla;Curva;Não;1;0;1;0;0;0;1;1;-22,54807432;-44,7857666;SPRF-SP;DEL08-SP;UOP02-DEL08-SP
673111;12/04/2025;sábado;06:30:00;SP;116;389,9;MIRACATU;Ausência de reação do condutor;Saída de leito carroçável;Com Vítimas Feridas;Pleno dia;Decrescente;Céu Claro;Dupla;Reta;Não;1;0;1;0;0;0;1;1;-24,27717402;-47,41726858;SPRF-SP;DEL04-SP;UOP02-DEL04-SP
673112;12/04/2025;sábado;05:50:00;RS;471;151;SANTA CRUZ DO SUL;Desrespeitar a preferência no cruzamento;Colisão transversal;Com Vítimas Feridas;Amanhecer;Decrescente;Céu Claro;Simples;"Rotatória;Interseção de Vias";Não;2;0;0;1;1;0;1;2;-29,7776844;-52,415893;SPRF-RS;DEL02-RS;UOP03-DEL02-RS
673114;12/04/2025;sábado;07:00:00;SP;116;131;CACAPAVA;Demais falhas mecânicas ou elétricas;Incêndio;Sem Vítimas;Pleno dia;Decrescente;Sol;Dupla;Reta;Sim;1;0;0;0;1;0;0;1;-23,13018713;-45,74176303;SPRF-SP;DEL02-SP;UOP02-DEL02-SP
673115;12/04/2025;sábado;06:45:00;DF;70;11,9;BRASILIA;Condutor deixou de manter distância do veículo da frente;Colisão traseira;Sem Vítimas;Pleno dia;Decrescente;Céu Claro;Múltipla;Reta;Sim;2;0;0;0;2;0;0;2;-15,7952587;-48,1990984;SPRF-DF;DEL03-DF;UOP02-DEL03-DF
673117;12/04/2025;sábado;07:25:00;RN;101;82;SAO GONCALO DO AMARANTE;Acesso irregular;Colisão transversal;Com Vítimas Feridas;Pleno dia;Crescente;Céu Claro;Dupla;Reta;Sim;3;0;1;2;0;0;3;2;-5,76950401;-35,27078726;SPRF-RN;DEL02-RN;UOP01-DEL02-RN
673118;12/04/2025;sábado;07:20:00;RS;290;94;PORTO ALEGRE;Manobra de mudança de faixa;Colisão lateral mesmo sentido;Com Vítimas Feridas;Pleno dia;Crescente;Céu Claro;Dupla;Reta;Sim;3;0;1;0;2;0;1;2;-29,97242236;-51,19673783;SPRF-RS;DEL01-RS;UOP01-DEL01-RS
673121;12/04/2025;sábado;08:05:00;SE;101;59,5;ROSARIO DO CATETE;Chuva;Saída de leito carroçável;Com Vítimas Feridas;Pleno dia;Crescente;Chuva;Simples;"Curva;Aclive";Não;3;0;2;0;1;0;2;1;-10,664455;-37,029715;SPRF-SE;DEL02-SE;UOP02-DEL02-SE
673122;12/04/2025;sábado;08:00:00;PB;230;18;JOAO PESSOA;Demais falhas mecânicas ou elétricas;Incêndio;Sem Vítimas;Pleno dia;Decrescente;Céu Claro;Dupla;Reta;Sim;1;0;0;0;1;0;0;1;-7,12524483;-34,84513521;SPRF-PB;DEL01-PB;UOP01-DEL01-PB
673123;11/04/2025;sexta-feira;13:30:00;RJ;493;19;MAGE;Conversão proibida;Colisão transversal;Com Vítimas Feridas;Pleno dia;Decrescente;Céu Claro;Simples;Reta;Sim;3;0;0;1;0;2;1;2;-22,66442757;-43,03183117;SPRF-RJ;DEL04-RJ;UOP02-DEL04-RJ
673125;12/04/2025;sábado;08:00:00;CE;116;0;FORTALEZA;Manobra de mudança de faixa;Colisão lateral mesmo sentido;Com Vítimas Feridas;Pleno dia;Decrescente;Céu Claro;Múltipla;Reta;Sim;2;0;0;1;1;0;1;2;-3,75588667;-38,52251887;SPRF-CE;DEL01-CE;UOP02-DEL01-CE
673126;12/04/2025;sábado;06:00:00;RO;364;631;ITAPUA DO OESTE;Demais falhas na via;Eventos atípicos;Com Vítimas Feridas;Amanhecer;Decrescente;Céu Claro;Simples;"Curva;Retorno Regulamentado";Sim;1;0;1;0;0;0;1;1;-9,08225522;-63,37814089;SPRF-RO;DEL01-RO;UOP04-DEL01-RO
673127;12/04/2025;sábado;07:20:00;SC;282;623,9;IRACEMINHA;Velocidade Incompatível;Saída de leito carroçável;Com Vítimas Feridas;Pleno dia;Decrescente;Nublado;Simples;Curva;Não;1;0;0;1;0;0;1;1;-26,798029;-53,342306;SPRF-SC;DEL07-SC;UOP02-DEL07-SC
673128;12/04/2025;sábado;08:00:00;PE;101;65;RECIFE;Ingestão de álcool pelo condutor;Tombamento;Com Vítimas Feridas;Pleno dia;Crescente;Céu Claro;Dupla;Reta;Não;2;0;2;0;0;0;2;1;-8,03748455;-34,94147158;SPRF-PE;DEL01-PE;UOP01-DEL01-PE
673129;12/04/2025;sábado;06:20:00;RS;290;383,4;SANTA MARGARIDA DO SUL;Ausência de reação do condutor;Saída de leito carroçável;Com Vítimas Feridas;Amanhecer;Decrescente;Céu Claro;Simples;Curva;Não;1;0;1;0;0;0;1;1;-30,35013898;-54,02586937;SPRF-RS;DEL09-RS;UOP02-DEL09-RS
673132;12/04/2025;sábado;01:10:00;PE;232;4,5;RECIFE;Reação tardia ou ineficiente do condutor;Saída de leito carroçável;Sem Vítimas;Plena Noite;Decrescente;Ignorado;Dupla;Curva;Sim;1;0;0;0;0;1;0;1;-8,067834;-34,940887;SPRF-PE;DEL01-PE;UOP01-DEL01-PE
673133;12/04/2025;sábado;06:15:00;PR;277;596;CASCAVEL;Transitar na contramão;Colisão lateral sentido oposto;Com Vítimas Feridas;Amanhecer;Crescente;Céu Claro;Simples;Reta;Sim;3;0;1;1;0;1;2;2;-24,98675288;-53,50649178;SPRF-PR;DEL04-PR;UOP01-DEL04-PR
673134;12/04/2025;sábado;08:30:00;RS;116;143,7;CAXIAS DO SUL;Reação tardia ou ineficiente do condutor;Colisão lateral mesmo sentido;Com Vítimas Feridas;Pleno dia;Decrescente;Céu Claro;Dupla;Curva;Sim;4;0;0;1;3;0;1;3;-29,12564556;-51,12740809;SPRF-RS;DEL05-RS;UOP01-DEL05-RS
673135;12/04/2025;sábado;04:45:00;SP;116;93,7;PINDAMONHANGABA;Avarias e/ou desgaste excessivo no pneu;Incêndio;Sem Vítimas;Amanhecer;Decrescente;Céu Claro;Dupla;Reta;Não;1;0;0;0;0;1;0;1;-22,959;-45,418;SPRF-SP;DEL08-SP;UOP01-DEL08-SP
673137;12/04/2025;sábado;09:10:00;BA;324;622;SALVADOR;Avarias e/ou desgaste excessivo no pneu;Tombamento;Com Vítimas Feridas;Pleno dia;Crescente;Nublado;Dupla;Reta;Sim;2;0;2;0;0;0;2;1;-12,934103;-38,472035;SPRF-BA;DEL01-BA;UOP01-DEL01-BA
673138;15/03/2025;sábado;13:45:00;SP;116;219;GUARULHOS;Condutor deixou de manter distância do veículo da frente;Colisão traseira;Com Vítimas Feridas;Pleno dia;Crescente;Céu Claro;Múltipla;Reta;Sim;2;0;1;0;1;0;1;2;-23,4628276;-46,49367744;SPRF-SP;DEL01-SP;UOP01-DEL01-SP
673139;12/04/2025;sábado;09:45:00;PB;230;18,1;CABEDELO;Reação tardia ou ineficiente do condutor;Colisão traseira;Com Vítimas Feridas;Pleno dia;Decrescente;Céu Claro;Dupla;Reta;Sim;3;0;1;0;2;0;1;2;-7,0842025;-34,84781;SPRF-PB;DEL01-PB;UOP01-DEL01-PB
673140;12/04/2025;sábado;06:40:00;BA;324;582;CANDEIAS;Reação tardia ou ineficiente do condutor;Saída de leito carroçável;Com Vítimas Feridas;Pleno dia;Crescente;Céu Claro;Dupla;Reta;Não;1;0;1;0;0;0;1;1;-12,622061;-38,482164;SPRF-BA;DEL01-BA;UOP01-DEL01-BA
673141;12/04/2025;sábado;09:43:00;PE;101;42,9;IGARASSU;Entrada inopinada do pedestre;Atropelamento de Pedestre;Com Vítimas Feridas;Pleno dia;Decrescente;Nublado;Múltipla;"Declive;Reta";Não;3;0;0;1;2;0;1;3;-7,848036;-34,9097;SPRF-PE;DEL01-PE;UOP02-DEL01-PE
673142;12/04/2025;sábado;09:50:00;SC;101;184;BIGUACU;Animais na Pista;Colisão traseira;Sem Vítimas;Pleno dia;Decrescente;Céu Claro;Múltipla;Reta;Não;2;0;0;0;2;0;0;2;-27,42308639;-48,62492728;SPRF-SC;DEL01-SC;UOP01-DEL01-SC
673144;12/04/2025;sábado;09:35:00;SP;116;154,5;SAO JOSE DOS CAMPOS;Reação tardia ou ineficiente do condutor;Colisão traseira;Com Vítimas Feridas;Pleno dia;Crescente;Céu Claro;Múltipla;"Em Obras;Desvio Temporário;Declive;Reta";Sim;2;0;1;0;1;0;1;2;-23,2494219;-45,9354408;SPRF-SP;DEL02-SP;UOP01-DEL02-SP
673146;12/04/2025;sábado;10:00:00;PR;277;77;SAO JOSE DOS PINHAIS;Reação tardia ou ineficiente do condutor;Queda de ocupante de veículo;Com Vítimas Feridas;Pleno dia;Crescente;Céu Claro;Dupla;Reta;Não;1;0;1;0;0;0;1;1;-25,48845982;-49,17936374;SPRF-PR;DEL01-PR;UOP07-DEL01-PR
673147;12/04/2025;sábado;10:20:00;PB;230;19;JOAO PESSOA;Reação tardia ou ineficiente do condutor;Colisão traseira;Com Vítimas Feridas;Pleno dia;Decrescente;Sol;Dupla;Reta;Sim;2;0;1;0;1;0;1;2;-7,13123543;-34,85230085;SPRF-PB;DEL01-PB;UOP01-DEL01-PB
673148;12/04/2025;sábado;09:00:00;MG;40;505,5;RIBEIRAO DAS NEVES;Condutor deixou de manter distância do veículo da frente;Colisão traseira;Sem Vítimas;Pleno dia;Decrescente;Céu Claro;Dupla;"Reta;Aclive";Sim;5;0;0;0;5;0;0;2;-19,7463174;-44,1477317;SPRF-MG;DEL02-MG;UOP01-DEL02-MG
673149;12/04/2025;sábado;09:10:00;MT;70;3;BARRA DO GARCAS;Acessar a via sem observar a presença dos outros veículos;Colisão transversal;Com Vítimas Feridas;Pleno dia;Decrescente;Sol;Simples;Reta;Sim;2;0;1;0;1;0;1;2;-15,893;-52,2599;SPRF-MT;DEL07-MT;UOP01-DEL07-MT
673150;12/04/2025;sábado;09:45:00;MG;40;550;NOVA LIMA;Ausência de reação do condutor;Atropelamento de Pedestre;Com Vítimas Feridas;Pleno dia;Decrescente;Céu Claro;Dupla;Reta;Sim;2;0;0;1;0;1;1;2;-20,049788;-43,965808;SPRF-MG;DEL01-MG;UOP02-DEL01-MG
673152;12/04/2025;sábado;10:39:00;ES;101;145,6;LINHARES;Ausência de reação do condutor;Tombamento;Com Vítimas Feridas;Pleno dia;Crescente;Céu Claro;Dupla;Reta;Sim;1;0;1;0;0;0;1;1;-19,40572083;-40,06166077;SPRF-ES;DEL04-ES;UOP01-DEL04-ES
673153;12/04/2025;sábado;08:10:00;PA;230;605;VITORIA DO XINGU;Ultrapassagem Indevida;Colisão frontal;Com Vítimas Feridas;Pleno dia;Crescente;Céu Claro;Simples;"Reta;Aclive";Não;3;0;1;0;2;0;1;2;-3,168;-52,00969;SPRF-PA;DEL04-PA;UOP01-DEL04-PA
673154;12/04/2025;sábado;09:40:00;MT;163;833;SINOP;Retorno proibido;Colisão lateral mesmo sentido;Com Vítimas Feridas;Pleno dia;Crescente;Céu Claro;Simples;Em Obras;Sim;2;0;1;0;1;0;1;2;-11,87896313;-55,49993634;SPRF-MT;DEL06-MT;UOP02-DEL06-MT