id;data_inversa;dia_semana;horario;uf;br;km;municipio;causa_acidente;tipo_acidente;classificacao_acidente;fase_dia;sentido_via;condicao_metereologica;tipo_pista;tracado_via;uso_solo;pessoas;mortos;feridos_leves;feridos_graves;ilesos;ignorados;feridos;veiculos;latitude;longitude;regional;delegacia;uop
673155;12/04/2025;sábado;11:10:00;SE;101;199;CRISTINAPOLIS;Ausência de reação do condutor;Queda de ocupante de veículo;Com Vítimas Feridas;Pleno dia;Decrescente;Chuva;Simples;"Interseção de Vias;Reta";Sim;1;0;1;0;0;0;1;1;-11,4814204;-37,765108;SPRF-SE;DEL02-SE;UOP03-DEL02-SE
673156;12/04/2025;sábado;08:45:00;SP;116;117,4;TAUBATE;Ausência de reação do condutor;Colisão traseira;Com Vítimas Feridas;Pleno dia;Decrescente;Céu Claro;Dupla;Reta;Sim;3;0;3;0;0;0;3;2;-23,0582298;-45,6176951;SPRF-SP;DEL02-SP;UOP02-DEL02-SP
673157;12/04/2025;sábado;10:50:00;SC;101;213,9;PALHOCA;Frear bruscamente;Colisão traseira;Com Vítimas Feridas;Pleno dia;Decrescente;Nublado;Dupla;"Interseção de Vias;Reta";Sim;6;0;1;1;4;0;2;5;-27,63676005;-48,66476119;SPRF-SC;DEL01-SC;UOP02-DEL01-SC
673158;12/04/2025;sábado;10:45:00;SP;116;228;SAO PAULO;Trafegar com motocicleta (ou similar) entre as faixas;Colisão traseira;Com Vítimas Feridas;Pleno dia;Crescente;Nublado;Múltipla;Reta;Sim;5;0;1;0;4;0;1;2;-23,50505866;-46,5690903;SPRF-SP;DEL01-SP;UOP01-DEL01-SP
673159;12/04/2025;sábado;09:50:00;RJ;40;119;DUQUE DE CAXIAS;Trafegar com motocicleta (ou similar) entre as faixas;Colisão lateral mesmo sentido;Com Vítimas Feridas;Pleno dia;Decrescente;Céu Claro;Dupla;Reta;Sim;2;0;0;1;1;0;1;2;-22,76469584;-43,28664415;SPRF-RJ;DEL01-RJ;UOP02-DEL01-RJ
673160;12/04/2025;sábado;10:45:00;GO;60;386;RIO VERDE;Reação tardia ou ineficiente do condutor;Saída de leito carroçável;Com Vítimas Feridas;Pleno dia;Decrescente;Sol;Dupla;Reta;Sim;7;0;1;0;6;0;1;2;-17,816488;-50,937067;SPRF-GO;DEL04-GO;UOP02-DEL04-GO
673161;12/04/2025;sábado;11:10:00;SP;381;84;SAO PAULO;Frear bruscamente;Colisão traseira;Com Vítimas Feridas;Pleno dia;Crescente;Céu Claro;Dupla;Reta;Sim;2;0;1;0;1;0;1;2;-23,448355;-46,56955;SPRF-SP;DEL03-SP;UOP01-DEL03-SP
673164;04/04/2025;sexta-feira;22:00:00;BA;101;207;GOVERNADOR MANGABEIRA;Animais na Pista;Atropelamento de Animal;Com Vítimas Feridas;Plena Noite;Crescente;Céu Claro;Simples;Reta;Não;1;0;1;0;0;0;1;1;-12,59737772;-39,02841568;SPRF-BA;DEL01-BA;UOP02-DEL01-BA
673165;12/04/2025;sábado;12:00:00;ES;101;149;LINHARES;Transitar na contramão;Colisão transversal;Com Vítimas Feridas;Pleno dia;Decrescente;Céu Claro;Dupla;Interseção de Vias;Sim;2;0;1;1;0;0;2;2;-19,39710134;-40,06365485;SPRF-ES;DEL04-ES;UOP01-DEL04-ES
673167;12/04/2025;sábado;12:00:00;CE;116;3;FORTALEZA;Demais falhas mecânicas ou elétricas;Colisão lateral mesmo sentido;Com Vítimas Feridas;Pleno dia;Crescente;Sol;Múltipla;Reta;Sim;2;0;1;0;0;1;1;2;-3,78182642;-38,51398945;SPRF-CE;DEL01-CE;UOP02-DEL01-CE
673168;12/04/2025;sábado;11:30:00;SE;235;55;ITABAIANA;Acostamento em desnível;Tombamento;Com Vítimas Feridas;Pleno dia;Crescente;Chuva;Simples;"Interseção de Vias;Reta";Sim;1;0;1;0;0;0;1;1;-10,66941919;-37,44537408;SPRF-SE;DEL01-SE;UOP02-DEL01-SE
673169;12/04/2025;sábado;11:50:00;PB;230;14;CABEDELO;Manobra de mudança de faixa;Colisão traseira;Com Vítimas Feridas;Pleno dia;Crescente;Céu Claro;Dupla;Reta;Sim;2;0;1;0;1;0;1;2;-7,09344;-34,848038;SPRF-PB;DEL01-PB;UOP01-DEL01-PB
673171;12/04/2025;sábado;11:35:00;PR;277;303;PRUDENTOPOLIS;Acesso irregular;Colisão transversal;Sem Vítimas;Pleno dia;Crescente;Céu Claro;Simples;Reta;Não;3;0;0;0;3;0;0;2;-25,31242906;-51,17251104;SPRF-PR;DEL08-PR;UOP01-DEL08-PR
673172;12/04/2025;sábado;09:50:00;MG;40;523;CONTAGEM;Manobra de mudança de faixa;Queda de ocupante de veículo;Com Vítimas Feridas;Pleno dia;Crescente;Céu Claro;Dupla;Reta;Sim;1;0;1;0;0;0;1;1;-19,87270342;-44,05580878;SPRF-MG;DEL01-MG;UOP02-DEL01-MG
673174;16/03/2025;domingo;13:05:00;ES;259;82;COLATINA;Ausência de reação do condutor;Colisão lateral mesmo sentido;Com Vítimas Feridas;Pleno dia;Crescente;Ignorado;Simples;Reta;Não;3;0;1;0;0;2;1;3;-19,51063749;-40,85212469;SPRF-ES;DEL02-ES;UOP01-DEL02-ES
673177;12/04/2025;sábado;13:20:00;ES;262;36,9;DOMINGOS MARTINS;Ausência de reação do condutor;Queda de ocupante de veículo;Com Vítimas Feridas;Pleno dia;Decrescente;Chuva;Simples;Reta;Sim;1;0;1;0;0;0;1;1;-20,3819927;-40,6147423;SPRF-ES;DEL01-ES;UOP01-DEL01-ES
673179;12/04/2025;sábado;12:40:00;CE;20;325;CARIDADE;Desrespeitar a preferência no cruzamento;Colisão transversal;Com Vítimas Feridas;Pleno dia;Crescente;Céu Claro;Simples;"Interseção de Vias;Reta";Sim;2;0;0;1;1;0;1;2;-4,228874;-39,198035;SPRF-CE;DEL02-CE;UOP01-DEL02-CE
673180;12/04/2025;sábado;13:47:00;PI;343;345;TERESINA;Acessar a via sem observar a presença dos outros veículos;Colisão transversal;Com Vítimas Feridas;Pleno dia;Decrescente;Céu Claro;Dupla;Interseção de Vias;Sim;4;0;3;0;1;0;3;2;-5,10587773;-42,76795026;SPRF-PI;DEL01-PI;UOP01-DEL01-PI
673183;12/04/2025;sábado;14:05:00;DF;70;11,8;BRASILIA;Frear bruscamente;Queda de ocupante de veículo;Com Vítimas Feridas;Pleno dia;Crescente;Céu Claro;Dupla;Reta;Sim;1;0;1;0;0;0;1;1;-15,79549266;-48,16933617;SPRF-DF;DEL03-DF;UOP02-DEL03-DF
673184;12/04/2025;sábado;12:00:00;RJ;116;83;TERESOPOLIS;Acessar a via sem observar a presença dos outros veículos;Colisão transversal;Com Vítimas Feridas;Pleno dia;Decrescente;Céu Claro;Simples;Curva;Sim;2;0;2;0;0;0;2;2;-22,409696;-42,95023;SPRF-RJ;DEL04-RJ;UOP01-DEL04-RJ
673186;12/04/2025;sábado;13:30:00;MS;262;385;TERENOS;Ausência de reação do condutor;Colisão traseira;Com Vítimas Feridas;Pleno dia;Crescente;Nublado;Simples;Reta;Não;3;0;2;0;1;0;2;2;-20,43351223;-54,87977559;SPRF-MS;DEL01-MS;UOP03-DEL01-MS
673188;12/04/2025;sábado;13:40:00;PI;222;73,6;PIRIPIRI;Reação tardia ou ineficiente do condutor;Colisão lateral mesmo sentido;Sem Vítimas;Pleno dia;Decrescente;Nublado;Simples;Rotatória;Sim;5;0;0;0;4;1;0;2;-4,2770982;-41,7737118;SPRF-PI;DEL02-PI;UOP01-DEL02-PI
673190;12/04/2025;sábado;10:45:00;SC;470;106,9;APIUNA;Transitar na contramão;Colisão frontal;Com Vítimas Fatais;Pleno dia;Decrescente;Nublado;Simples;Reta;Sim;6;2;1;2;1;0;3;3;-27,078667;-49,434;SPRF-SC;DEL04-SC;UOP02-DEL04-SC
673191;12/04/2025;sábado;15:00:00;SC;280;46;GUARAMIRIM;Conversão proibida;Colisão traseira;Com Vítimas Feridas;Pleno dia;Decrescente;Céu Claro;Simples;"Reta;Em Obras";Sim;3;0;1;0;2;0;1;2;-26,45307744;-48,90805179;SPRF-SC;DEL03-SC;UOP03-DEL03-SC
673192;12/04/2025;sábado;12:20:00;MG;116;458,2;ENGENHEIRO CALDAS;Reação tardia ou ineficiente do condutor;Colisão traseira;Com Vítimas Feridas;Pleno dia;Crescente;Céu Claro;Simples;"Reta;Declive";Não;2;0;1;0;1;0;1;2;-19,23104019;-42,03612333;SPRF-MG;DEL06-MG;UOP02-DEL06-MG
673194;12/04/2025;sábado;14:50:00;PR;277;608,5;SANTA TEREZA DO OESTE;Chuva;Colisão lateral mesmo sentido;Com Vítimas Feridas;Pleno dia;Crescente;Chuva;Simples;Reta;Sim;2;0;1;0;1;0;1;2;-25,04508708;-53,60841924;SPRF-PR;DEL05-PR;UOP02-DEL05-PR
673195;12/04/2025;sábado;15:00:00;MG;116;138;PONTO DOS VOLANTES;Manobra de mudança de faixa;Colisão frontal;Com Vítimas Feridas;Pleno dia;Crescente;Nublado;Simples;Reta;Sim;4;0;0;1;2;1;1;4;-16,750853;-41,503805;SPRF-MG;DEL11-MG;UOP02-DEL11-MG
673197;12/04/2025;sábado;10:39:00;MT;163;621,6;NOVA MUTUM;Avarias e/ou desgaste excessivo no pneu;Queda de ocupante de veículo;Com Vítimas Feridas;Pleno dia;Decrescente;Céu Claro;Simples;Reta;Não;1;0;1;0;0;0;1;1;-13,63255777;-56,03439331;SPRF-MT;DEL01-MT;UOP01-DEL01-MT
673198;12/04/2025;sábado;13:30:00;MG;381;521,2;BRUMADINHO;Velocidade Incompatível;Colisão com objeto;Com Vítimas Feridas;Pleno dia;Crescente;Céu Claro;Dupla;"Declive;Curva";Não;1;0;1;0;0;0;1;1;-20,1191;-44,302229;SPRF-MG;DEL04-MG;UOP03-DEL04-MG
673199;12/04/2025;sábado;14:55:00;CE;20;399;CAUCAIA;Condutor Dormindo;Colisão frontal;Com Vítimas Fatais;Pleno dia;Crescente;Céu Claro;Simples;Reta;Não;3;1;0;0;2;0;0;3;-3,799543;-38,717273;SPRF-CE;DEL01-CE;UOP01-DEL01-CE
673200;12/04/2025;sábado;15:10:00;GO;414;439,7;ANAPOLIS;Conversão proibida;Colisão transversal;Com Vítimas Feridas;Pleno dia;Crescente;Céu Claro;Simples;"Aclive;Reta";Sim;3;0;3;0;0;0;3;2;-16,27751183;-48,9416188;SPRF-GO;DEL02-GO;UOP01-DEL02-GO
673202;12/04/2025;sábado;14:20:00;PI;343;576;FLORIANO;Ausência de reação do condutor;Saída de leito carroçável;Com Vítimas Feridas;Pleno dia;Crescente;Nublado;Simples;Reta;Não;2;0;2;0;0;0;2;1;-6,787752;-42,922375;SPRF-PI;DEL03-PI;UOP01-DEL03-PI
673203;12/04/2025;sábado;15:00:00;PB;361;7,7;JOAO PESSOA;Reação tardia ou ineficiente do condutor;Tombamento;Com Vítimas Feridas;Pleno dia;Crescente;Céu Claro;Simples;Curva;Não;2;0;2;0;0;0;2;1;-7,1696384;-34,8749824;SPRF-PB;DEL03-PB;UOP01-DEL03-PB
673204;12/04/2025;sábado;16:20:00;MG;381;503,5;BETIM;Velocidade Incompatível;Colisão com objeto;Com Vítimas Feridas;Pleno dia;Decrescente;Céu Claro;Dupla;"Aclive;Reta";Sim;1;0;0;1;0;0;1;1;-20,0276602;-44,2336597;SPRF-MG;DEL01-MG;UOP03-DEL01-MG
673205;12/04/2025;sábado;16:00:00;RS;290;98;PORTO ALEGRE;Estacionar ou parar em local proibido;Colisão lateral mesmo sentido;Com Vítimas Feridas;Pleno dia;Crescente;Nublado;Dupla;Reta;Não;2;0;1;0;0;1;1;2;-29,9934242;-51,22081149;SPRF-RS;DEL01-RS;UOP01-DEL01-RS
673206;12/04/2025;sábado;08:30:00;RO;429;38;ALVORADA DOESTE;Demais falhas na via;Colisão lateral mesmo sentido;Com Vítimas Feridas;Pleno dia;Decrescente;Sol;Simples;Reta;Não;2;0;0;1;1;0;1;2;-11,262578;-62,221018;SPRF-RO;DEL02-RO;UOP03-DEL02-RO
673207;12/04/2025;sábado;15:55:00;BA;101;260;SANTO ANTONIO DE JESUS;Ingestão de álcool pelo condutor;Colisão com objeto;Com Vítimas Feridas;Pleno dia;Crescente;Céu Claro;Múltipla;Reta;Não;1;0;1;0;0;0;1;1;-12,965701;-39,272597;SPRF-BA;DEL01-BA;UOP02-DEL01-BA
673208;12/04/2025;sábado;16:00:00;MG;381;353;JOAO MONLEVADE;Condutor deixou de manter distância do veículo da frente;Colisão lateral mesmo sentido;Com Vítimas Feridas;Pleno dia;Decrescente;Sol;Simples;Reta;Não;3;0;1;0;2;0;1;2;-19,8499651;-43,1510475;SPRF-MG;DEL03-MG;UOP01-DEL03-MG
673209;12/04/2025;sábado;15:32:00;BA;116;505;SANTA TERESINHA;Velocidade Incompatível;Colisão frontal;Com Vítimas Fatais;Pleno dia;Crescente;Nublado;Simples;Reta;Sim;2;1;0;1;0;0;1;2;-12,6373703;-39,6001977;SPRF-BA;DEL02-BA;UOP01-DEL02-BA
673214;12/04/2025;sábado;17:00:00;MG;381;449;SANTA LUZIA;Retorno proibido;Colisão transversal;Com Vítimas Feridas;Pleno dia;Decrescente;Sol;Simples;Curva;Não;2;0;1;0;1;0;1;2;-19,822857;-43,826569;SPRF-MG;DEL01-MG;UOP01-DEL01-MG
673215;12/04/2025;sábado;16:30:00;MG;365;624;UBERLANDIA;Reação tardia ou ineficiente do condutor;Tombamento;Com Vítimas Feridas;Pleno dia;Crescente;Céu Claro;Dupla;Reta;Sim;1;0;1;0;0;0;1;1;-18,906706;-48,297728;SPRF-MG;DEL15-MG;UOP01-DEL15-MG
673217;12/04/2025;sábado;16:20:00;MG;40;550,6;NOVA LIMA;Reação tardia ou ineficiente do condutor;Engavetamento;Com Vítimas Feridas;Pleno dia;Crescente;Nublado;Dupla;Reta;Não;6;0;3;0;3;0;3;4;-20,052539;-43,9692;SPRF-MG;DEL01-MG;UOP02-DEL01-MG
673218;12/04/2025;sábado;17:00:00;SP;101;46;UBATUBA;Acessar a via sem observar a presença dos outros veículos;Colisão transversal;Com Vítimas Feridas;Pleno dia;Decrescente;Céu Claro;Simples;Reta;Sim;3;0;0;1;2;0;1;2;-23,42661479;-45,07825429;SPRF-SP;DEL06-SP;UOP01-DEL06-SP
673220;12/04/2025;sábado;17:45:00;DF;70;18;BRASILIA;Animais na Pista;Atropelamento de Animal;Com Vítimas Feridas;Anoitecer;Crescente;Céu Claro;Múltipla;Reta;Não;2;0;1;1;0;0;2;1;-15,79094071;-48,2139203;SPRF-DF;DEL03-DF;UOP02-DEL03-DF
673221;12/04/2025;sábado;17:30:00;SC;101;134;ITAPEMA;Demais falhas mecânicas ou elétricas;Tombamento;Com Vítimas Feridas;Pleno dia;Crescente;Céu Claro;Dupla;Reta;Sim;2;0;1;1;0;0;2;1;-27,0660264;-48,5956032;SPRF-SC;DEL04-SC;UOP03-DEL04-SC
673224;12/04/2025;sábado;16:00:00;MT;70;580;POCONE;Avarias e/ou desgaste excessivo no pneu;Saída de leito carroçável;Com Vítimas Feridas;Pleno dia;Decrescente;Céu Claro;Simples;Reta;Não;1;0;0;1;0;0;1;1;-15,785946;-56,636574;SPRF-MT;DEL03-MT;UOP02-DEL03-MT
673227;12/04/2025;sábado;17:45:00;MG;40;472,5;SETE LAGOAS;Demais falhas mecânicas ou elétricas;Tombamento;Com Vítimas Feridas;Anoitecer;Crescente;Céu Claro;Dupla;Curva;Não;1;0;0;1;0;0;1;1;-19,4815202;-44,2834509;SPRF-MG;DEL02-MG;UOP01-DEL02-MG
673229;12/04/2025;sábado;17:50:00;SP;116;279;EMBU DAS ARTES;Manobra de mudança de faixa;Colisão traseira;Com Vítimas Feridas;Anoitecer;Crescente;Céu Claro;Dupla;Reta;Sim;2;0;1;0;1;0;1;2;-23,64497049;-46,84065841;SPRF-SP;DEL04-SP;UOP01-DEL04-SP
673230;12/04/2025;sábado;18:30:00;RN;101;83,6;SAO GONCALO DO AMARANTE;Ingestão de álcool pelo condutor;Colisão lateral mesmo sentido;Com Vítimas Feridas;Plena Noite;Crescente;Céu Claro;Dupla;"Declive;Viaduto";Sim;2;0;0;2;0;0;2;2;-5,77084887;-35,26715088;SPRF-RN;DEL02-RN;UOP01-DEL02-RN
673231;12/04/2025;sábado;18:55:00;SP;381;79;SAO PAULO;Reação tardia ou ineficiente do condutor;Colisão traseira;Com Vítimas Feridas;Plena Noite;Decrescente;Céu Claro;Múltipla;"Aclive;Reta";Não;2;0;1;0;1;0;1;2;-23,40755355;-46,58040864;SPRF-SP;DEL03-SP;UOP01-DEL03-SP
673233;12/04/2025;sábado;18:55:00;SE;235;2,9;ARACAJU;Velocidade Incompatível;Queda de ocupante de veículo;Com Vítimas Feridas;Plena Noite;Crescente;Nublado;Simples;"Declive;Reta";Sim;1;0;0;1;0;0;1;1;-10,90609583;-37,10207278;SPRF-SE;DEL01-SE;UOP01-DEL01-SE
673235;12/04/2025;sábado;17:30:00;SC;163;83;GUARACIABA;Ingestão de álcool pelo condutor;Saída de leito carroçável;Com Vítimas Feridas;Pleno dia;Crescente;Céu Claro;Simples;Declive;Não;3;0;1;0;1;1;1;2;-26,61818856;-53,51873875;SPRF-SC;DEL07-SC;UOP03-DEL07-SC
673236;12/04/2025;sábado;18:45:00;RS;116;243;SAO LEOPOLDO;Velocidade Incompatível;Colisão com objeto;Com Vítimas Feridas;Plena Noite;Crescente;Nublado;Múltipla;"Aclive;Reta;Viaduto";Sim;5;0;1;0;4;0;1;2;-29,729932;-51,149431;SPRF-RS;DEL01-RS;UOP02-DEL01-RS
673237;12/04/2025;sábado;18:25:00;RN;110;47,2;MOSSORO;Ausência de reação do condutor;Atropelamento de Pedestre;Com Vítimas Feridas;Plena Noite;Crescente;Céu Claro;Simples;"Interseção de Vias;Reta";Sim;3;0;2;1;0;0;3;2;-5,20516;-37,328245;SPRF-RN;DEL04-RN;UOP01-DEL04-RN
673239;12/04/2025;sábado;18:40:00;RS;116;444;PORTO ALEGRE;Acesso irregular;Colisão transversal;Com Vítimas Feridas;Anoitecer;Decrescente;Ignorado;Dupla;Reta;Não;3;0;2;0;1;0;2;3;-29,969984;-51,1711873;SPRF-RS;DEL02-RS;UOP02-DEL02-RS
673242;12/04/2025;sábado;17:15:00;BA;415;50;ITABUNA;Ultrapassagem Indevida;Colisão traseira;Com Vítimas Feridas;Anoitecer;Crescente;Céu Claro;Simples;Reta;Sim;3;0;3;0;0;0;3;2;-14,83461953;-39,32263836;SPRF-BA;DEL05-BA;UOP01-DEL05-BA
673243;12/04/2025;sábado;19:20:00;RS;392;278;SAO SEPE;Ultrapassagem Indevida;Colisão frontal;Com Vítimas Feridas;Plena Noite;Decrescente;Céu Claro;Simples;"Declive;Curva";Não;5;0;1;3;1;0;4;2;-30,32805036;-53,52945149;SPRF-RS;DEL09-RS;UOP02-DEL09-RS
673244;12/04/2025;sábado;19:35:00;PR;277;590;CASCAVEL;Acessar a via sem observar a presença dos outros veículos;Colisão transversal;Sem Vítimas;Plena Noite;Decrescente;Chuva;Múltipla;Reta;Não;2;0;0;0;2;0;0;2;-24,9812484;-53,4559385;SPRF-PR;DEL04-PR;UOP01-DEL04-PR
673245;12/04/2025;sábado;18:55:00;SC;101;214,7;PALHOCA;Ultrapassagem Indevida;Colisão lateral mesmo sentido;Com Vítimas Feridas;Anoitecer;Crescente;Garoa/Chuvisco;Múltipla;Reta;Sim;2;0;0;1;1;0;1;2;-27,6497;-48,67462;SPRF-SC;DEL01-SC;UOP02-DEL01-SC
673246;12/04/2025;sábado;19:00:00;DF;20;5,7;BRASILIA;Acessar a via sem observar a presença dos outros veículos;Colisão lateral mesmo sentido;Sem Vítimas;Plena Noite;Crescente;Nublado;Dupla;"Ponte;Reta;Declive";Não;2;0;0;0;1;1;0;2;-15,6664983;-47,8095417;SPRF-DF;DEL02-DF;UOP01-DEL02-DF
673249;12/04/2025;sábado;17:20:00;RJ;40;52;PETROPOLIS;Velocidade Incompatível;Colisão com objeto;Com Vítimas Feridas;Pleno dia;Decrescente;Nublado;Dupla;"Curva;Declive";Não;1;0;1;0;0;0;1;1;-22,34105563;-43,13383698;SPRF-RJ;DEL05-RJ;UOP02-DEL05-RJ
673251;12/04/2025;sábado;19:25:00;MG;40;612;CONGONHAS;Ingestão de álcool pelo condutor;Colisão com objeto;Com Vítimas Feridas;Plena Noite;Decrescente;Céu Claro;Simples;Viaduto;Sim;1;0;1;0;0;0;1;1;-20,51956382;-43,83284211;SPRF-MG;DEL05-MG;UOP02-DEL05-MG
673252;12/04/2025;sábado;19:20:00;PE;232;198;SANHARO;Ingestão de álcool pelo condutor;Colisão traseira;Sem Vítimas;Plena Noite;Crescente;Nublado;Simples;Reta;Não;2;0;0;0;1;1;0;2;-8,369538;-36,590511;SPRF-PE;DEL03-PE;UOP02-DEL03-PE
673254;12/04/2025;sábado;19:30:00;RS;285;506,7;ENTRE-IJUIS;Ingestão de álcool pelo condutor;Saída de leito carroçável;Com Vítimas Feridas;Anoitecer;Decrescente;Chuva;Simples;Curva;Não;1;0;1;0;0;0;1;1;-28,395324;-54,342876;SPRF-RS;DEL10-RS;UOP01-DEL10-RS
673255;12/04/2025;sábado;19:45:00;RS;293;14;PELOTAS;Acessar a via sem observar a presença dos outros veículos;Colisão transversal;Com Vítimas Feridas;Plena Noite;Crescente;Céu Claro;Simples;Reta;Sim;2;0;1;0;1;0;1;2;-31,75055827;-52,47040272;SPRF-RS;DEL07-RS;UOP01-DEL07-RS
673257;12/04/2025;sábado;19:00:00;MG;262;660,6;IBIA;Mal súbito do condutor;Colisão frontal;Com Vítimas Feridas;Plena Noite;Crescente;Céu Claro;Simples;Curva;Não;2;0;1;0;1;0;1;2;-19,57145;-46,74165;SPRF-MG;DEL08-MG;UOP01-DEL08-MG
673258;12/04/2025;sábado;20:15:00;SC;101;330,4;TUBARAO;Ingestão de álcool pelo condutor;Tombamento;Com Vítimas Feridas;Plena Noite;Decrescente;Céu Claro;Simples;"Reta;Aclive";Sim;1;0;1;0;0;0;1;1;-28,46469655;-48,99357134;SPRF-SC;DEL02-SC;UOP01-DEL02-SC
673259;12/04/2025;sábado;20:00:00;RS;470;222,8;GARIBALDI;Ingestão de álcool pelo condutor;Saída de leito carroçável;Com Vítimas Feridas;Plena Noite;Decrescente;Céu Claro;Dupla;Reta;Não;1;0;1;0;0;0;1;1;-29,22043768;-51,51656524;SPRF-RS;DEL06-RS;UOP01-DEL06-RS
673261;12/04/2025;sábado;17:40:00;SC;101;104,4;BALNEARIO PICARRAS;Ingestão de álcool pelo condutor;Colisão lateral mesmo sentido;Com Vítimas Feridas;Anoitecer;Decrescente;Céu Claro;Dupla;"Aclive;Reta;Viaduto";Não;4;0;1;1;2;0;2;2;-26,79758317;-48,67946841;SPRF-SC;DEL03-SC;UOP02-DEL03-SC
673262;12/04/2025;sábado;20:20:00;PR;277;704;SAO MIGUEL DO IGUACU;Ausência de reação do condutor;Saída de leito carroçável;Sem Vítimas;Pleno dia;Decrescente;Céu Claro;Dupla;"Reta;Aclive";Não;2;0;0;0;2;0;0;1;-25,42832909;-54,36649734;SPRF-PR;DEL05-PR;UOP01-DEL05-PR
673263;19/03/2025;quarta-feira;15:30:00;CE;116;8;FORTALEZA;Condutor deixou de manter distância do veículo da frente;Colisão traseira;Com Vítimas Feridas;Pleno dia;Decrescente;Sol;Dupla;Reta;Sim;2;0;1;0;0;1;1;2;-3,82370522;-38,50352883;SPRF-CE;DEL01-CE;UOP02-DEL01-CE
673264;12/04/2025;sábado;20:00:00;BA;116;359,7;SERRINHA;Desrespeitar a preferência no cruzamento;Colisão transversal;Com Vítimas Feridas;Plena Noite;Crescente;Céu Claro;Dupla;"Interseção de Vias;Rotatória";Sim;3;0;2;0;1;0;2;2;-11,6672711;-39,00104992;SPRF-BA;DEL02-BA;UOP01-DEL02-BA
673266;12/04/2025;sábado;20:30:00;SC;101;133,7;BALNEARIO CAMBORIU;Desrespeitar a preferência no cruzamento;Colisão transversal;Com Vítimas Feridas;Plena Noite;Crescente;Nublado;Múltipla;Interseção de Vias;Sim;2;0;1;0;1;0;1;2;-27,00227641;-48,63799626;SPRF-SC;DEL04-SC;UOP03-DEL04-SC
673267;12/04/2025;sábado;17:40:00;RO;364;2;JI-PARANA;Reação tardia ou ineficiente do condutor;Colisão traseira;Com Vítimas Feridas;Pleno dia;Crescente;Céu Claro;Simples;Reta;Não;3;0;0;1;2;0;1;3;-10,829824;-62,01344;SPRF-RO;DEL04-RO;UOP01-DEL04-RO
673268;12/04/2025;sábado;21:00:00;MG;40;506;RIBEIRAO DAS NEVES;Reação tardia ou ineficiente do condutor;Queda de ocupante de veículo;Com Vítimas Feridas;Plena Noite;Decrescente;Céu Claro;Dupla;Reta;Sim;2;0;1;1;0;0;2;1;-19,75063895;-44,14470792;SPRF-MG;DEL02-MG;UOP01-DEL02-MG
673269;12/04/2025;sábado;19:20:00;PR;116;207;RIO NEGRO;Transitar na contramão;Colisão traseira;Com Vítimas Feridas;Plena Noite;Crescente;Nublado;Simples;Reta;Não;3;0;1;0;1;1;1;3;-26,078656;-49,767904;SPRF-SC;DEL06-SC;UOP01-DEL06-SC
673271;12/04/2025;sábado;20:55:00;RS;392;24,3;RIO GRANDE;Ingestão de álcool pelo condutor;Colisão transversal;Sem Vítimas;Plena Noite;Decrescente;Chuva;Dupla;"Reta;Retorno Regulamentado";Não;3;0;0;0;1;2;0;3;-32,0841793;-52,2413592;SPRF-RS;DEL07-RS;UOP02-DEL07-RS
673272;12/04/2025;sábado;18:20:00;MT;364;404;CUIABA;Condutor deixou de manter distância do veículo da frente;Colisão traseira;Com Vítimas Feridas;Anoitecer;Crescente;Céu Claro;Múltipla;Reta;Sim;7;0;1;0;6;0;1;2;-15,642723;-56,01743;SPRF-MT;DEL01-MT;UOP02-DEL01-MT
673273;12/04/2025;sábado;18:40:00;SC;282;465,7;PONTE SERRADA;Ultrapassagem Indevida;Colisão frontal;Com Vítimas Feridas;Plena Noite;Crescente;Nublado;Simples;Reta;Não;4;0;1;3;0;0;4;3;-26,8566303;-52,0542345;SPRF-SC;DEL07-SC;UOP04-DEL07-SC
673274;12/04/2025;sábado;18:00:00;GO;20;102;VILA BOA;Chuva;Saída de leito carroçável;Com Vítimas Feridas;Plena Noite;Decrescente;Chuva;Simples;Reta;Não;3;0;3;0;0;0;3;1;-14,936893;-46,981903;SPRF-DF;DEL02-DF;UOP02-DEL02-DF
673275;12/04/2025;sábado;18:50:00;SP;116;99,4;PINDAMONHANGABA;Ausência de reação do condutor;Colisão com objeto;Com Vítimas Feridas;Plena Noite;Decrescente;Céu Claro;Dupla;Reta;Não;1;0;1;0;0;0;1;1;-22,983943;-45,467265;SPRF-SP;DEL08-SP;UOP01-DEL08-SP
673277;12/04/2025;sábado;17:40:00;MG;40;131,1;JOAO PINHEIRO;Reação tardia ou ineficiente do condutor;Colisão traseira;Com Vítimas Feridas;Pleno dia;Decrescente;Chuva;Simples;Reta;Não;2;0;1;0;1;0;1;2;-17,70879046;-46,27750397;SPRF-MG;DEL14-MG;UOP01-DEL14-MG
673278;12/04/2025;sábado;19:50:00;RJ;101;295;ITABORAI;Ausência de reação do condutor;Colisão traseira;Com Vítimas Feridas;Plena Noite;Crescente;Céu Claro;Dupla;Reta;Sim;2;0;1;0;1;0;1;2;-22,76572051;-42,90561416;SPRF-RJ;DEL02-RJ;UOP02-DEL02-RJ
673279;12/04/2025;sábado;19:00:00;PB;230;69;SOBRADO;Animais na Pista;Atropelamento de Animal;Sem Vítimas;Plena Noite;Crescente;Céu Claro;Dupla;"Declive;Reta";Não;2;0;0;0;1;1;0;2;-7,188602;-35,214555;SPRF-PB;DEL01-PB;UOP02-DEL01-PB