id;data_inversa;dia_semana;horario;uf;br;km;municipio;causa_acidente;tipo_acidente;classificacao_acidente;fase_dia;sentido_via;condicao_metereologica;tipo_pista;tracado_via;uso_solo;pessoas;mortos;feridos_leves;feridos_graves;ilesos;ignorados;feridos;veiculos;latitude;longitude;regional;delegacia;uop
673282;12/04/2025;sábado;21:30:00;MG;116;815;ALEM PARAIBA;Manobra de mudança de faixa;Colisão lateral mesmo sentido;Com Vítimas Feridas;Plena Noite;Decrescente;Nublado;Simples;"Declive;Curva";Não;2;0;1;0;0;1;1;2;-21,86335312;-42,67010116;SPRF-MG;DEL07-MG;UOP01-DEL07-MG
673284;12/04/2025;sábado;22:10:00;BA;116;19,1;VITORIA DA CONQUISTA;Acessar a via sem observar a presença dos outros veículos;Queda de ocupante de veículo;Com Vítimas Feridas;Plena Noite;Crescente;Nublado;Simples;Reta;Não;2;0;0;1;0;1;1;2;-14,896183;-40,824213;SPRF-BA;DEL08-BA;UOP01-DEL08-BA
673285;12/04/2025;sábado;19:00:00;MT;70;390;CAMPO VERDE;Reação tardia ou ineficiente do condutor;Saída de leito carroçável;Com Vítimas Feridas;Plena Noite;Crescente;Céu Claro;Simples;"Retorno Regulamentado;Reta";Não;2;0;0;2;0;0;2;1;-15,606572;-55,190028;SPRF-MT;DEL05-MT;UOP02-DEL05-MT
673289;12/04/2025;sábado;22:40:00;MG;381;0,5;BETIM;Reação tardia ou ineficiente do condutor;Colisão transversal;Com Vítimas Feridas;Plena Noite;Decrescente;Céu Claro;Dupla;"Aclive;Reta";Sim;2;0;0;1;1;0;1;2;-19,97173542;-44,16057587;SPRF-MG;DEL01-MG;UOP03-DEL01-MG
673290;12/04/2025;sábado;22:30:00;DF;80;12,8;BRASILIA;Retorno proibido;Colisão transversal;Sem Vítimas;Plena Noite;Decrescente;Nublado;Simples;"Declive;Curva";Sim;2;0;0;0;2;0;0;2;-15,73048;-48,190798;SPRF-DF;DEL03-DF;UOP02-DEL03-DF
673291;12/04/2025;sábado;22:45:00;RS;392;716,8;PORTO XAVIER;Ingestão de álcool pelo condutor;Colisão lateral sentido oposto;Sem Vítimas;Plena Noite;Crescente;Nublado;Simples;Curva;Não;2;0;0;0;2;0;0;2;-27,936723;-55,137547;SPRF-RS;DEL10-RS;UOP01-DEL10-RS
673293;12/04/2025;sábado;22:50:00;BA;116;14,1;VITORIA DA CONQUISTA;Velocidade Incompatível;Queda de ocupante de veículo;Com Vítimas Feridas;Plena Noite;Decrescente;Céu Claro;Simples;Reta;Sim;1;0;1;0;0;0;1;1;-14,893696;-40,864837;SPRF-BA;DEL08-BA;UOP01-DEL08-BA
673294;12/04/2025;sábado;18:35:00;RJ;465;21;NOVA IGUACU;Conversão proibida;Colisão transversal;Com Vítimas Feridas;Plena Noite;Crescente;Céu Claro;Simples;Reta;Sim;4;0;3;0;1;0;3;3;-22,74578914;-43,47564697;SPRF-RJ;DEL06-RJ;UOP02-DEL06-RJ
673297;12/04/2025;sábado;21:02:00;MS;262;327;CAMPO GRANDE;Ausência de reação do condutor;Saída de leito carroçável;Sem Vítimas;Plena Noite;Crescente;Céu Claro;Dupla;Curva;Sim;1;0;0;0;1;0;0;1;-20,465;-54,549;SPRF-MS;DEL01-MS;UOP01-DEL01-MS
673298;12/04/2025;sábado;22:25:00;SP;116;145,9;SAO JOSE DOS CAMPOS;Ausência de reação do condutor;Capotamento;Com Vítimas Fatais;Plena Noite;Decrescente;Céu Claro;Dupla;Aclive;Sim;3;1;1;1;0;0;2;1;-23,18941068;-45,85954059;SPRF-SP;DEL02-SP;UOP01-DEL02-SP
673299;12/04/2025;sábado;22:45:00;MG;40;522;CONTAGEM;Ingestão de álcool pelo condutor;Queda de ocupante de veículo;Com Vítimas Feridas;Plena Noite;Decrescente;Céu Claro;Dupla;Curva;Sim;1;0;1;0;0;0;1;1;-19,86210864;-44,06959534;SPRF-MG;DEL01-MG;UOP02-DEL01-MG
673300;12/04/2025;sábado;18:00:00;MS;163;444;CAMPO GRANDE;Acumulo de água sobre o pavimento;Saída de leito carroçável;Com Vítimas Feridas;Plena Noite;Decrescente;Chuva;Simples;Reta;Não;1;0;1;0;0;0;1;1;-20,787;-54,523;SPRF-MS;DEL01-MS;UOP01-DEL01-MS
673302;12/04/2025;sábado;22:50:00;SC;282;0,5;FLORIANOPOLIS;Reação tardia ou ineficiente do condutor;Saída de leito carroçável;Sem Vítimas;Plena Noite;Decrescente;Garoa/Chuvisco;Dupla;Curva;Sim;1;0;0;0;1;0;0;1;-27,59815969;-48,57120037;SPRF-SC;DEL01-SC;UOP01-DEL01-SC
673303;12/04/2025;sábado;20:40:00;GO;70;474;ARAGARCAS;Ausência de reação do condutor;Colisão traseira;Com Vítimas Feridas;Plena Noite;Crescente;Céu Claro;Dupla;Reta;Sim;3;0;1;1;0;1;2;3;-15,895974;-52,249593;SPRF-GO;DEL04-GO;UOP02-DEL04-GO
673304;12/04/2025;sábado;21:20:00;PB;104;84,1;REMIGIO;Reação tardia ou ineficiente do condutor;Colisão frontal;Com Vítimas Feridas;Plena Noite;Crescente;Céu Claro;Simples;Reta;Não;4;0;2;1;1;0;3;2;-6,949021;-35,818206;SPRF-PB;DEL02-PB;UOP04-DEL02-PB
673305;12/04/2025;sábado;23:30:00;MG;116;675;MURIAE;Ausência de reação do condutor;Atropelamento de Animal;Com Vítimas Feridas;Plena Noite;Crescente;Céu Claro;Simples;Reta;Não;1;0;1;0;0;0;1;1;-21,02665288;-42,36345291;SPRF-MG;DEL07-MG;UOP02-DEL07-MG
673306;12/04/2025;sábado;22:50:00;MG;116;192;CARAI;Ausência de reação do condutor;Saída de leito carroçável;Com Vítimas Feridas;Plena Noite;Decrescente;Céu Claro;Simples;Curva;Não;2;0;0;2;0;0;2;1;-17,182074;-41,48803;SPRF-MG;DEL11-MG;UOP01-DEL11-MG
673307;13/04/2025;domingo;00:15:00;RS;116;252;SAPUCAIA DO SUL;Velocidade Incompatível;Colisão traseira;Com Vítimas Feridas;Plena Noite;Crescente;Céu Claro;Dupla;Reta;Sim;6;0;0;1;5;0;1;2;-29,810104;-51,168045;SPRF-RS;DEL01-RS;UOP02-DEL01-RS
673308;13/04/2025;domingo;00:30:00;MG;381;500,8;BETIM;Ingestão de álcool pelo condutor;Colisão traseira;Com Vítimas Feridas;Plena Noite;Crescente;Céu Claro;Dupla;Reta;Sim;2;0;1;0;1;0;1;2;-20,0082256;-44,2166068;SPRF-MG;DEL01-MG;UOP03-DEL01-MG
673309;12/04/2025;sábado;23:15:00;RJ;101;521;ANGRA DOS REIS;Reação tardia ou ineficiente do condutor;Tombamento;Com Vítimas Feridas;Plena Noite;Crescente;Céu Claro;Simples;Reta;Não;1;0;1;0;0;0;1;1;-23,01370828;-44,486063;SPRF-RJ;DEL03-RJ;UOP03-DEL03-RJ
673310;13/04/2025;domingo;00:10:00;MG;262;36;MANHUACU;Ingestão de álcool pelo condutor;Colisão traseira;Sem Vítimas;Plena Noite;Decrescente;Nublado;Simples;Reta;Sim;2;0;0;0;2;0;0;2;-20,267556;-42,037445;SPRF-MG;DEL06-MG;UOP03-DEL06-MG
673312;12/04/2025;sábado;23:10:00;PI;343;592;FLORIANO;Ultrapassagem Indevida;Colisão lateral sentido oposto;Com Vítimas Feridas;Plena Noite;Decrescente;Céu Claro;Simples;"Reta;Interseção de Vias";Sim;3;0;0;3;0;0;3;2;-6,778727;-43,034705;SPRF-PI;DEL03-PI;UOP01-DEL03-PI
673313;12/04/2025;sábado;23:20:00;PA;230;113;MARABA;Manobra de mudança de faixa;Colisão traseira;Com Vítimas Feridas;Plena Noite;Decrescente;Garoa/Chuvisco;Simples;Reta;Sim;2;0;1;0;1;0;1;2;-5,36245147;-49,0755415;SPRF-PA;DEL03-PA;UOP01-DEL03-PA
673314;13/04/2025;domingo;01:25:00;SC;101;191;BIGUACU;Acumulo de água sobre o pavimento;Saída de leito carroçável;Com Vítimas Feridas;Plena Noite;Crescente;Chuva;Múltipla;Curva;Não;4;0;1;0;3;0;1;1;-27,47774915;-48,6419142;SPRF-SC;DEL01-SC;UOP01-DEL01-SC
673316;12/04/2025;sábado;22:30:00;RJ;116;95;GUAPIMIRIM;Ingestão de substâncias psicoativas pelo condutor;Tombamento;Sem Vítimas;Plena Noite;Decrescente;Nublado;Simples;"Reta;Aclive";Não;1;0;0;0;1;0;0;1;-22,46536143;-42,99394369;SPRF-RJ;DEL04-RJ;UOP01-DEL04-RJ
673318;13/04/2025;domingo;01:30:00;PR;277;586,4;CASCAVEL;Ingestão de álcool pelo condutor;Colisão transversal;Com Vítimas Feridas;Plena Noite;Crescente;Céu Claro;Simples;"Interseção de Vias;Reta";Não;3;0;1;1;1;0;2;2;-24,9669607;-53,4247747;SPRF-PR;DEL04-PR;UOP01-DEL04-PR
673319;13/04/2025;domingo;01:40:00;PB;230;38;SANTA RITA;Ausência de reação do condutor;Atropelamento de Pedestre;Com Vítimas Feridas;Plena Noite;Crescente;Céu Claro;Dupla;Reta;Sim;2;0;1;0;0;1;1;2;-7,138114;-34,970745;SPRF-PB;DEL01-PB;UOP02-DEL01-PB
673320;13/04/2025;domingo;02:00:00;GO;60;101,5;ANAPOLIS;Ingestão de álcool pelo condutor;Saída de leito carroçável;Com Vítimas Feridas;Plena Noite;Crescente;Céu Claro;Dupla;Interseção de Vias;Sim;1;0;1;0;0;0;1;1;-16,40347525;-48,97848598;SPRF-GO;DEL02-GO;UOP01-DEL02-GO
673322;13/04/2025;domingo;02:05:00;PE;232;4,5;RECIFE;Ausência de reação do condutor;Tombamento;Sem Vítimas;Plena Noite;Decrescente;Céu Claro;Dupla;"Declive;Viaduto";Sim;1;0;0;0;0;1;0;1;-8,06665;-34,941708;SPRF-PE;DEL01-PE;UOP01-DEL01-PE
673323;13/04/2025;domingo;01:00:00;PA;316;121;SANTA MARIA DO PARA;Ausência de reação do condutor;Colisão traseira;Sem Vítimas;Plena Noite;Crescente;Céu Claro;Simples;Reta;Não;2;0;0;0;1;1;0;2;-1,3467648;-47,5758592;SPRF-PA;DEL01-PA;UOP02-DEL01-PA
673325;23/03/2025;domingo;12:20:00;PB;230;53;CRUZ DO ESPIRITO SANTO;Condutor Dormindo;Saída de leito carroçável;Com Vítimas Feridas;Pleno dia;Crescente;Céu Claro;Dupla;Reta;Não;2;0;1;0;1;0;1;1;-7,1956844;-35,0698906;SPRF-PB;DEL01-PB;UOP02-DEL01-PB
673326;13/04/2025;domingo;00:30:00;MT;174;280;PONTES E LACERDA;Condutor Dormindo;Saída de leito carroçável;Sem Vítimas;Plena Noite;Decrescente;Céu Claro;Simples;Reta;Não;1;0;0;0;0;1;0;1;-15,3023772;-59,2596276;SPRF-MT;DEL04-MT;UOP01-DEL04-MT
673328;13/04/2025;domingo;00:10:00;MS;163;231;CAARAPO;Manobra de mudança de faixa;Saída de leito carroçável;Com Vítimas Feridas;Plena Noite;Decrescente;Nevoeiro/Neblina;Dupla;Reta;Não;1;0;0;1;0;0;1;1;-22,44871377;-54,83362198;SPRF-MS;DEL04-MS;UOP02-DEL04-MS
673329;12/04/2025;sábado;23:20:00;SC;282;0,5;FLORIANOPOLIS;Reação tardia ou ineficiente do condutor;Colisão traseira;Sem Vítimas;Plena Noite;Decrescente;Garoa/Chuvisco;Múltipla;Curva;Sim;2;0;0;0;2;0;0;2;-27,59893;-48,57784;SPRF-SC;DEL01-SC;UOP01-DEL01-SC
673330;13/04/2025;domingo;01:20:00;MG;40;708,3;BARBACENA;Ausência de reação do condutor;Colisão com objeto;Com Vítimas Feridas;Plena Noite;Crescente;Céu Claro;Dupla;Reta;Não;2;0;2;0;0;0;2;1;-21,23890244;-43,70146751;SPRF-MG;DEL05-MG;UOP02-DEL05-MG
673331;13/04/2025;domingo;03:00:00;MG;381;0,2;BETIM;Animais na Pista;Atropelamento de Animal;Com Vítimas Feridas;Plena Noite;Crescente;Céu Claro;Dupla;"Reta;Declive";Sim;2;0;2;0;0;0;2;1;-19,96199;-44,15672;SPRF-MG;DEL01-MG;UOP03-DEL01-MG
673332;13/04/2025;domingo;03:20:00;MG;381;0;BETIM;Animais na Pista;Atropelamento de Animal;Com Vítimas Feridas;Plena Noite;Decrescente;Céu Claro;Dupla;Declive;Sim;3;0;2;0;1;0;2;1;-19,96008;-44,15474;SPRF-MG;DEL01-MG;UOP03-DEL01-MG
673334;13/04/2025;domingo;04:00:00;GO;50;280;CATALAO;Ingestão de álcool pelo condutor;Saída de leito carroçável;Sem Vítimas;Plena Noite;Decrescente;Céu Claro;Dupla;"Reta;Em Obras";Sim;1;0;0;0;0;1;0;1;-18,179765;-47,937787;SPRF-GO;DEL06-GO;UOP01-DEL06-GO
673335;13/04/2025;domingo;03:50:00;SC;101;40;JOINVILLE;Ingestão de álcool pelo condutor;Saída de leito carroçável;Sem Vítimas;Plena Noite;Crescente;Nublado;Múltipla;Reta;Sim;1;0;0;0;1;0;0;1;-26,30449533;-48,88298035;SPRF-SC;DEL03-SC;UOP01-DEL03-SC
673336;13/04/2025;domingo;03:50:00;BA;324;596;CANDEIAS;Ausência de reação do condutor;Capotamento;Com Vítimas Feridas;Plena Noite;Decrescente;Chuva;Dupla;Reta;Não;5;0;5;0;0;0;5;1;-12,732663;-38,44415;SPRF-BA;DEL01-BA;UOP01-DEL01-BA
673337;13/04/2025;domingo;04:20:00;MG;381;907,9;CAMBUI;Condutor Dormindo;Saída de leito carroçável;Com Vítimas Feridas;Pleno dia;Crescente;Nublado;Dupla;Curva;Não;1;0;1;0;0;0;1;1;-22,67966233;-46,10031724;SPRF-MG;DEL16-MG;UOP03-DEL16-MG
673338;13/04/2025;domingo;04:20:00;SC;101;145;ITAPEMA;Ausência de reação do condutor;Colisão traseira;Com Vítimas Feridas;Amanhecer;Decrescente;Garoa/Chuvisco;Dupla;Reta;Não;2;0;1;0;0;1;1;2;-27,0659671;-48,595521;SPRF-SC;DEL04-SC;UOP03-DEL04-SC
673340;13/04/2025;domingo;03:30:00;RJ;116;132;MAGE;Reação tardia ou ineficiente do condutor;Saída de leito carroçável;Sem Vítimas;Plena Noite;Crescente;Céu Claro;Dupla;Reta;Não;1;0;0;0;0;1;0;1;-22,66523085;-43,10879671;SPRF-RJ;DEL04-RJ;UOP02-DEL04-RJ
673341;13/04/2025;domingo;04:10:00;PR;153;26,6;JACAREZINHO;Condutor Dormindo;Saída de leito carroçável;Com Vítimas Feridas;Plena Noite;Crescente;Céu Claro;Simples;Reta;Não;1;0;1;0;0;0;1;1;-23,2097317;-49,9869862;SPRF-PR;DEL07-PR;UOP04-DEL07-PR
673342;13/04/2025;domingo;02:00:00;MT;158;521;CANARANA;Ausência de reação do condutor;Saída de leito carroçável;Com Vítimas Feridas;Plena Noite;Crescente;Céu Claro;Simples;Curva;Não;1;0;0;1;0;0;1;1;-13,67673;-52,01013;SPRF-MT;DEL07-MT;UOP02-DEL07-MT
673343;13/04/2025;domingo;04:40:00;MG;262;848;CONCEICAO DAS ALAGOAS;Condutor Dormindo;Saída de leito carroçável;Com Vítimas Feridas;Plena Noite;Crescente;Céu Claro;Dupla;Reta;Não;1;0;1;0;0;0;1;1;-19,756252;-48,324165;SPRF-MG;DEL13-MG;UOP01-DEL13-MG
673345;13/04/2025;domingo;05:39:00;GO;364;27;SAO SIMAO;Reação tardia ou ineficiente do condutor;Colisão traseira;Sem Vítimas;Amanhecer;Crescente;Céu Claro;Simples;Reta;Não;2;0;0;0;1;1;0;2;-18,91595791;-50,66834204;SPRF-GO;DEL05-GO;UOP02-DEL05-GO
673347;13/04/2025;domingo;06:00:00;SP;101;47;UBATUBA;Ausência de reação do condutor;Colisão traseira;Com Vítimas Feridas;Pleno dia;Decrescente;Céu Claro;Simples;Reta;Sim;2;0;1;0;0;1;1;2;-23,43498232;-45,08675152;SPRF-SP;DEL06-SP;UOP01-DEL06-SP
673349;12/04/2025;sábado;23:00:00;MG;50;186,6;UBERABA;Demais falhas mecânicas ou elétricas;Colisão com objeto;Sem Vítimas;Plena Noite;Decrescente;Céu Claro;Dupla;Reta;Não;1;0;0;0;1;0;0;1;-19,82809;-47,88839;SPRF-MG;DEL13-MG;UOP01-DEL13-MG
673350;12/04/2025;sábado;23:00:00;SP;116;146,8;SAO JOSE DOS CAMPOS;Acesso irregular;Colisão lateral mesmo sentido;Com Vítimas Feridas;Plena Noite;Decrescente;Nublado;Dupla;Interseção de Vias;Sim;5;0;2;0;3;0;2;2;-23,19542994;-45,87176303;SPRF-SP;DEL02-SP;UOP01-DEL02-SP
673352;13/04/2025;domingo;05:40:00;BA;116;18,2;VITORIA DA CONQUISTA;Transitar na contramão;Colisão transversal;Sem Vítimas;Amanhecer;Crescente;Nublado;Simples;Reta;Sim;2;0;0;0;2;0;0;2;-14,896451;-40,83234;SPRF-BA;DEL08-BA;UOP01-DEL08-BA
673353;13/04/2025;domingo;04:59:00;SC;116;5,7;MAFRA;Transitar na contramão;Colisão lateral sentido oposto;Sem Vítimas;Plena Noite;Crescente;Céu Claro;Simples;"Reta;Aclive";Sim;2;0;0;0;1;1;0;2;-26,146255;-49,822759;SPRF-SC;DEL06-SC;UOP01-DEL06-SC
673354;09/03/2025;domingo;23:25:00;SP;153;68;SAO JOSE DO RIO PRETO;Ingestão de álcool pelo condutor;Saída de leito carroçável;Com Vítimas Feridas;Plena Noite;Crescente;Céu Claro;Dupla;Reta;Sim;2;0;1;0;1;0;1;1;-20,850593;-49,385125;SPRF-SP;DEL09-SP;UOP01-DEL09-SP
673355;13/04/2025;domingo;06:00:00;MG;381;430;CAETE;Ausência de reação do condutor;Saída de leito carroçável;Com Vítimas Feridas;Pleno dia;Crescente;Céu Claro;Simples;Curva;Sim;2;0;1;0;1;0;1;1;-19,78689;-43,70128;SPRF-MG;DEL01-MG;UOP01-DEL01-MG
673360;12/04/2025;sábado;23:00:00;SP;116;512;CAJATI;Reação tardia ou ineficiente do condutor;Saída de leito carroçável;Sem Vítimas;Plena Noite;Decrescente;Céu Claro;Simples;Curva;Não;1;0;0;0;0;1;0;1;-24,85109616;-48,21802405;SPRF-SP;DEL05-SP;UOP02-DEL05-SP
673362;13/04/2025;domingo;02:30:00;SP;381;14;BRAGANCA PAULISTA;Velocidade Incompatível;Capotamento;Sem Vítimas;Plena Noite;Decrescente;Céu Claro;Dupla;Reta;Sim;1;0;0;0;0;1;0;1;-22,93792778;-46,47221088;SPRF-SP;DEL03-SP;UOP02-DEL03-SP
673363;13/04/2025;domingo;04:30:00;RJ;40;113;DUQUE DE CAXIAS;Ausência de reação do condutor;Colisão traseira;Com Vítimas Feridas;Plena Noite;Crescente;Garoa/Chuvisco;Múltipla;"Aclive;Reta";Não;2;0;1;0;0;1;1;2;-22,674487;-43,2853477;SPRF-RJ;DEL01-RJ;UOP02-DEL01-RJ
673365;13/04/2025;domingo;05:00:00;RS;471;176;RIO PARDO;Ingestão de álcool pelo condutor;Saída de leito carroçável;Com Vítimas Feridas;Plena Noite;Decrescente;Garoa/Chuvisco;Simples;"Rotatória;Reta";Sim;3;0;3;0;0;0;3;1;-29,992881;-52,36816;SPRF-RS;DEL02-RS;UOP03-DEL02-RS
673367;13/04/2025;domingo;06:40:00;PR;277;442,5;LARANJEIRAS DO SUL;Ausência de reação do condutor;Saída de leito carroçável;Com Vítimas Feridas;Amanhecer;Crescente;Chuva;Simples;"Declive;Curva";Não;2;0;2;0;0;0;2;1;-25,3714;-52,305308;SPRF-PR;DEL04-PR;UOP02-DEL04-PR
673369;13/04/2025;domingo;06:00:00;GO;153;507;APARECIDA DE GOIANIA;Ingestão de álcool pelo condutor;Saída de leito carroçável;Sem Vítimas;Pleno dia;Decrescente;Nublado;Dupla;Viaduto;Sim;1;0;0;0;1;0;0;1;-16,78736537;-49,23577543;SPRF-GO;DEL01-GO;UOP03-DEL01-GO
673370;13/04/2025;domingo;06:49:00;PE;232;29,9;MORENO;Acessar a via sem observar a presença dos outros veículos;Colisão transversal;Com Vítimas Feridas;Pleno dia;Crescente;Céu Claro;Dupla;Reta;Não;4;0;0;2;0;2;2;4;-8,110602;-35,15144;SPRF-PE;DEL01-PE;UOP01-DEL01-PE
673371;12/04/2025;sábado;22:20:00;RJ;40;120;DUQUE DE CAXIAS;Entrada inopinada do pedestre;Atropelamento de Pedestre;Com Vítimas Fatais;Plena Noite;Crescente;Céu Claro;Dupla;Reta;Sim;3;1;0;0;2;0;0;3;-22,6744851;-43,2853362;SPRF-RJ;DEL01-RJ;UOP02-DEL01-RJ
673372;13/04/2025;domingo;06:30:00;MT;364;554,5;ROSARIO OESTE;Falta de elemento de contenção que evite a saída do leito carroçável;Saída de leito carroçável;Com Vítimas Feridas;Amanhecer;Crescente;Nublado;Dupla;Reta;Não;1;0;0;1;0;0;1;1;-14,76901669;-56,35437012;SPRF-MT;DEL01-MT;UOP01-DEL01-MT
673373;13/04/2025;domingo;07:30:00;DF;70;15;BRASILIA;Ausência de reação do condutor;Colisão lateral mesmo sentido;Com Vítimas Feridas;Pleno dia;Crescente;Céu Claro;Dupla;Reta;Sim;4;0;2;0;1;1;2;3;-15,795308;-48,1990971;SPRF-DF;DEL03-DF;UOP02-DEL03-DF
673374;13/04/2025;domingo;06:55:00;MG;40;528,4;CONTAGEM;Reação tardia ou ineficiente do condutor;Colisão traseira;Com Vítimas Feridas;Pleno dia;Decrescente;Céu Claro;Múltipla;"Declive;Curva";Sim;2;0;1;0;1;0;1;2;-19,912081;-44,041317;SPRF-MG;DEL01-MG;UOP02-DEL01-MG
673375;13/04/2025;domingo;04:55:00;MT;163;1035;MATUPA;Reação tardia ou ineficiente do condutor;Colisão lateral mesmo sentido;Com Vítimas Feridas;Amanhecer;Crescente;Céu Claro;Simples;Reta;Não;2;0;1;0;0;1;1;2;-10,1984;-54,9551;SPRF-MT;DEL06-MT;UOP03-DEL06-MT
673376;13/04/2025;domingo;00:40:00;MG;381;211,9;NAQUE;Animais na Pista;Atropelamento de Animal;Com Vítimas Feridas;Plena Noite;Crescente;Nublado;Simples;Curva;Não;1;0;1;0;0;0;1;1;-19,22229725;-42,31397152;SPRF-MG;DEL06-MG;UOP01-DEL06-MG
673377;13/04/2025;domingo;09:00:00;SP;153;76;BADY BASSITT;Frear bruscamente;Colisão traseira;Com Vítimas Feridas;Pleno dia;Decrescente;Céu Claro;Dupla;Curva;Sim;3;0;1;0;0;2;1;3;-20,898555;-49,439562;SPRF-SP;DEL09-SP;UOP01-DEL09-SP
673378;13/04/2025;domingo;01:30:00;MT;70;556;NOSSA SENHORA DO LIVRAMENTO;Reação tardia ou ineficiente do condutor;Atropelamento de Pedestre;Com Vítimas Fatais;Plena Noite;Crescente;Chuva;Simples;Reta;Não;2;1;0;0;0;1;0;2;-15,70112;-56,418103;SPRF-MT;DEL03-MT;UOP02-DEL03-MT
673379;13/04/2025;domingo;05:00:00;MT;70;627,8;POCONE;Acumulo de água sobre o pavimento;Saída de leito carroçável;Sem Vítimas;Amanhecer;Decrescente;Chuva;Simples;Reta;Não;2;0;0;0;2;0;0;1;-15,9355;-57,011884;SPRF-MT;DEL03-MT;UOP02-DEL03-MT
673380;13/04/2025;domingo;09:33:00;RJ;116;292,7;BARRA MANSA;Reação tardia ou ineficiente do condutor;Colisão traseira;Com Vítimas Feridas;Pleno dia;Decrescente;Nublado;Dupla;"Aclive;Reta";Não;2;0;0;1;1;0;1;2;-22,47212212;-44,27751649;SPRF-RJ;DEL07-RJ;UOP02-DEL07-RJ
673382;12/04/2025;sábado;17:00:00;PI;135;617;CRISTALANDIA DO PIAUI;Ausência de reação do condutor;Capotamento;Com Vítimas Feridas;Pleno dia;Decrescente;Céu Claro;Simples;Curva;Não;1;0;0;1;0;0;1;1;-10,65351912;-45,17824465;SPRF-PI;DEL03-PI;UOP02-DEL03-PI
673383;13/04/2025;domingo;07:30:00;RJ;40;120;DUQUE DE CAXIAS;Manobra de mudança de faixa;Colisão lateral mesmo sentido;Com Vítimas Feridas;Pleno dia;Crescente;Céu Claro;Dupla;Reta;Sim;3;0;0;1;2;0;1;2;-22,77282715;-43,2864948;SPRF-RJ;DEL01-RJ;UOP02-DEL01-RJ
673385;13/04/2025;domingo;07:00:00;BA;116;818;VITORIA DA CONQUISTA;Acessar a via sem observar a presença dos outros veículos;Colisão transversal;Com Vítimas Feridas;Pleno dia;Decrescente;Céu Claro;Simples;Reta;Sim;1;0;1;0;0;0;1;1;-14,8234;-40,8179;SPRF-BA;DEL08-BA;UOP01-DEL08-BA
673386;13/04/2025;domingo;09:45:00;AP;156;800;OIAPOQUE;Ultrapassagem Indevida;Colisão traseira;Com Vítimas Feridas;Pleno dia;Crescente;Céu Claro;Simples;"Reta;Declive";Sim;3;0;2;0;0;1;2;2;3,84212824;-51,82210207;SPRF-AP;DEL01-AP;UOP03-DEL01-AP
673387;13/04/2025;domingo;09:30:00;DF;251;31;BRASILIA;Acessar a via sem observar a presença dos outros veículos;Colisão transversal;Com Vítimas Feridas;Pleno dia;Decrescente;Chuva;Simples;Aclive;Não;2;0;1;0;1;0;1;2;-15,94197215;-47,734389;SPRF-DF;DEL01-DF;UOP01-DEL01-DF
673389;19/03/2025;quarta-feira;21:00:00;RS;116;258;ESTEIO;Afundamento ou ondulação no pavimento;Tombamento;Com Vítimas Feridas;Plena Noite;Decrescente;Céu Claro;Múltipla;"Em Obras;Reta";Sim;1;0;1;0;0;0;1;1;-29,86340975;-51,18058586;SPRF-RS;DEL01-RS;UOP02-DEL01-RS
673390;13/04/2025;domingo;10:00:00;SC;470;54;BLUMENAU;Acessar a via sem observar a presença dos outros veículos;Colisão transversal;Com Vítimas Feridas;Pleno dia;Crescente;Nublado;Simples;"Interseção de Vias;Reta";Sim;4;0;1;0;3;0;1;2;-26,87338891;-49,11430168;SPRF-SC;DEL04-SC;UOP01-DEL04-SC
673391;13/04/2025;domingo;10:07:00;PE;101;136;RIBEIRAO;Ausência de reação do condutor;Colisão com objeto;Com Vítimas Fatais;Pleno dia;Crescente;Céu Claro;Dupla;Curva;Não;1;1;0;0;0;0;0;1;-8,41941;-35,31673;SPRF-PE;DEL01-PE;UOP03-DEL01-PE
673392;09/04/2025;quarta-feira;08:00:00;BA;101;662,9;ITAPEBI;Acumulo de água sobre o pavimento;Capotamento;Sem Vítimas;Pleno dia;Crescente;Nublado;Simples;Reta;Não;4;0;0;0;4;0;0;1;-15,95424;-39,55981;SPRF-BA;DEL09-BA;UOP03-DEL09-BA
673393;13/04/2025;domingo;10:30:00;ES;259;70;COLATINA;Ausência de reação do condutor;Queda de ocupante de veículo;Com Vítimas Feridas;Pleno dia;Crescente;Céu Claro;Simples;Reta;Não;1;0;1;0;0;0;1;1;-19,49606621;-40,76092958;SPRF-ES;DEL02-ES;UOP01-DEL02-ES
673394;13/04/2025;domingo;10:30:00;PR;376;251,6;APUCARANA;Ausência de reação do condutor;Colisão com objeto;Com Vítimas Feridas;Pleno dia;Crescente;Nublado;Dupla;Curva;Não;1;0;1;0;0;0;1;1;-23,623812;-51,385286;SPRF-PR;DEL07-PR;UOP03-DEL07-PR
673395;23/03/2025;domingo;19:00:00;PR;158;534,6;PATO BRANCO;Ingestão de álcool pelo condutor;Colisão transversal;Com Vítimas Feridas;Plena Noite;Crescente;Céu Claro;Simples;Reta;Sim;3;0;1;0;0;2;1;2;-26,2225885;-52,6856624;SPRF-PR;DEL02-PR;UOP01-DEL02-PR
673396;13/04/2025;domingo;07:30:00;PR;376;346;ORTIGUEIRA;Carga excessiva e/ou mal acondicionada;Saída de leito carroçável;Com Vítimas Feridas;Pleno dia;Crescente;Chuva;Simples;"Declive;Curva";Não;2;0;1;0;1;0;1;1;-24,15662872;-50,97453919;SPRF-PR;DEL07-PR;UOP02-DEL07-PR
673397;13/04/2025;domingo;10:51:00;PR;376;678,9;GUARATUBA;Reação tardia ou ineficiente do condutor;Colisão com objeto;Com Vítimas Feridas;Pleno dia;Crescente;Nublado;Dupla;Curva;Não;1;0;1;0;0;0;1;1;-25,90560693;-48,92193273;SPRF-PR;DEL01-PR;UOP04-DEL01-PR