id;data_inversa;dia_semana;horario;uf;br;km;municipio;causa_acidente;tipo_acidente;classificacao_acidente;fase_dia;sentido_via;condicao_metereologica;tipo_pista;tracado_via;uso_solo;pessoas;mortos;feridos_leves;feridos_graves;ilesos;ignorados;feridos;veiculos;latitude;longitude;regional;delegacia;uop
673512;13/04/2025;domingo;20:10:00;MG;459;13,2;CALDAS;Chuva;Tombamento;Com Vítimas Feridas;Plena Noite;Crescente;Chuva;Simples;"Declive;Curva";Não;2;0;2;0;0;0;2;1;-21,817888;-46,460947;SPRF-MG;DEL09-MG;UOP01-DEL09-MG
673514;13/04/2025;domingo;18:55:00;PR;277;670;MEDIANEIRA;Condutor deixou de manter distância do veículo da frente;Colisão traseira;Com Vítimas Feridas;Plena Noite;Decrescente;Nublado;Dupla;Reta;Sim;3;0;0;2;0;1;2;2;-25,28159441;-54,080454;SPRF-PR;DEL05-PR;UOP02-DEL05-PR
673516;13/04/2025;domingo;18:05:00;MG;116;579,5;MANHUACU;Conversão proibida;Colisão transversal;Com Vítimas Feridas;Anoitecer;Crescente;Nublado;Simples;Reta;Não;2;0;0;1;1;0;1;2;-20,190833;-42,18452;SPRF-MG;DEL06-MG;UOP03-DEL06-MG
673517;13/04/2025;domingo;21:15:00;SC;101;94,2;BARRA VELHA;Pedestre andava na pista;Atropelamento de Pedestre;Com Vítimas Fatais;Plena Noite;Crescente;Garoa/Chuvisco;Dupla;Reta;Não;3;1;1;0;1;0;1;2;-26,705956;-48,701174;SPRF-SC;DEL03-SC;UOP02-DEL03-SC
673518;13/04/2025;domingo;18:15:00;MG;116;206;CARAI;Pedestre andava na pista;Atropelamento de Pedestre;Com Vítimas Fatais;Plena Noite;Crescente;Céu Claro;Simples;Reta;Sim;2;1;0;1;0;0;1;2;-17,291024;-41,518289;SPRF-MG;DEL11-MG;UOP01-DEL11-MG
673519;13/04/2025;domingo;20:45:00;SC;282;15,6;PALHOCA;Desrespeitar a preferência no cruzamento;Colisão transversal;Com Vítimas Feridas;Plena Noite;Crescente;Nublado;Simples;Rotatória;Sim;3;0;1;0;0;2;1;3;-27,655717;-48,679246;SPRF-SC;DEL01-SC;UOP02-DEL01-SC
673520;13/04/2025;domingo;19:50:00;RO;174;16;VILHENA;Ultrapassagem Indevida;Colisão lateral mesmo sentido;Com Vítimas Feridas;Plena Noite;Crescente;Céu Claro;Simples;Reta;Sim;3;0;0;1;2;0;1;2;-12,71712216;-60,12684222;SPRF-RO;DEL04-RO;UOP01-DEL04-RO
673522;13/04/2025;domingo;19:35:00;RR;432;209;CANTA;Reação tardia ou ineficiente do condutor;Saída de leito carroçável;Com Vítimas Feridas;Plena Noite;Crescente;Céu Claro;Simples;"Ponte;Reta";Não;2;0;1;0;1;0;1;1;2,76717343;-60,60899243;SPRF-RR;DEL01-RR;UOP01-DEL01-RR
673524;13/04/2025;domingo;17:00:00;MA;135;20;SAO LUIS;Reação tardia ou ineficiente do condutor;Colisão traseira;Sem Vítimas;Pleno dia;Decrescente;Céu Claro;Dupla;Reta;Sim;2;0;0;0;2;0;0;2;-2,565998;-44,324938;SPRF-MA;DEL01-MA;UOP01-DEL01-MA
673525;13/04/2025;domingo;21:50:00;SP;116;216;GUARULHOS;Reação tardia ou ineficiente do condutor;Colisão com objeto;Sem Vítimas;Plena Noite;Crescente;Garoa/Chuvisco;Múltipla;"Reta;Declive";Não;1;0;0;0;0;1;0;1;-23,45380239;-46,47144729;SPRF-SP;DEL01-SP;UOP01-DEL01-SP
673527;13/04/2025;domingo;18:55:00;SC;116;5,4;MAFRA;Acessar a via sem observar a presença dos outros veículos;Colisão transversal;Sem Vítimas;Plena Noite;Crescente;Nublado;Simples;Rotatória;Sim;2;0;0;0;2;0;0;2;-26,11613;-49,78526;SPRF-SC;DEL06-SC;UOP01-DEL06-SC
673528;13/04/2025;domingo;21:55:00;RS;116;266;PORTO ALEGRE;Ausência de reação do condutor;Saída de leito carroçável;Sem Vítimas;Plena Noite;Decrescente;Céu Claro;Múltipla;Reta;Não;2;0;0;0;2;0;0;1;-29,9696128;-51,1705088;SPRF-RS;DEL01-RS;UOP01-DEL01-RS
673529;13/04/2025;domingo;22:07:00;ES;101;146,8;LINHARES;Conversão proibida;Colisão transversal;Com Vítimas Feridas;Pleno dia;Decrescente;Céu Claro;Dupla;Interseção de Vias;Sim;7;0;1;0;0;6;1;3;-19,3812525;-40,0666143;SPRF-ES;DEL04-ES;UOP01-DEL04-ES
673530;13/04/2025;domingo;21:50:00;SP;116;218;GUARULHOS;Ausência de reação do condutor;Colisão lateral mesmo sentido;Sem Vítimas;Plena Noite;Crescente;Garoa/Chuvisco;Múltipla;"Reta;Em Obras";Não;2;0;0;0;2;0;0;2;-23,459087;-46,481662;SPRF-SP;DEL01-SP;UOP01-DEL01-SP
673531;13/04/2025;domingo;22:10:00;SP;116;2;GUARULHOS;Ausência de reação do condutor;Atropelamento de Pedestre;Com Vítimas Feridas;Plena Noite;Crescente;Nublado;Simples;Curva;Sim;2;0;1;0;1;0;1;2;-23,4493122;-46,4927318;SPRF-SP;DEL01-SP;UOP01-DEL01-SP
673533;13/04/2025;domingo;21:00:00;RJ;101;331;RIO DE JANEIRO;Ausência de reação do condutor;Colisão traseira;Com Vítimas Feridas;Plena Noite;Decrescente;Céu Claro;Múltipla;"Reta;Ponte";Sim;3;0;1;1;1;0;2;2;-22,87067532;-43,20394993;SPRF-RJ;DEL02-RJ;UOP01-DEL02-RJ
673535;13/04/2025;domingo;20:20:00;RJ;493;91;JAPERI;Animais na Pista;Atropelamento de Animal;Com Vítimas Feridas;Plena Noite;Decrescente;Nublado;Dupla;Reta;Não;1;0;1;0;0;0;1;1;-22,66540097;-43,63095023;SPRF-RJ;DEL01-RJ;UOP03-DEL01-RJ
673536;13/04/2025;domingo;20:35:00;MA;135;15;SAO LUIS;Acumulo de areia ou detritos sobre o pavimento;Queda de ocupante de veículo;Com Vítimas Feridas;Plena Noite;Decrescente;Céu Claro;Dupla;Curva;Sim;1;0;1;0;0;0;1;1;-2,568645;-44,35783;SPRF-MA;DEL01-MA;UOP01-DEL01-MA
673537;13/04/2025;domingo;17:40:00;MA;10;296,2;SAO FRANCISCO DO BREJAO;Ultrapassagem Indevida;Colisão lateral sentido oposto;Com Vítimas Feridas;Anoitecer;Crescente;Chuva;Simples;Reta;Não;6;0;3;0;3;0;3;2;-5,144222;-47,541951;SPRF-MA;DEL04-MA;UOP03-DEL04-MA
673538;13/04/2025;domingo;21:40:00;RS;386;143,2;SARANDI;Ingestão de álcool pelo condutor;Colisão traseira;Com Vítimas Feridas;Plena Noite;Decrescente;Nublado;Simples;Reta;Não;3;0;0;1;2;0;1;2;-28,0215;-52,885225;SPRF-RS;DEL08-RS;UOP01-DEL08-RS
673539;13/04/2025;domingo;20:02:00;PR;153;490;GENERAL CARNEIRO;Ausência de sinalização;Colisão frontal;Com Vítimas Feridas;Plena Noite;Crescente;Céu Claro;Simples;"Interseção de Vias;Reta";Não;2;0;1;1;0;0;2;2;-26,42859562;-51,31295443;SPRF-PR;DEL02-PR;UOP03-DEL02-PR
673540;13/04/2025;domingo;22:36:00;SP;116;344;MIRACATU;Demais falhas mecânicas ou elétricas;Incêndio;Sem Vítimas;Plena Noite;Decrescente;Nublado;Dupla;"Reta;Aclive";Não;2;0;0;0;2;0;0;1;-24,03200451;-47,18036868;SPRF-SP;DEL04-SP;UOP03-DEL04-SP
673542;13/04/2025;domingo;22:45:00;RS;290;89;PORTO ALEGRE;Reação tardia ou ineficiente do condutor;Colisão com objeto;Sem Vítimas;Plena Noite;Decrescente;Céu Claro;Múltipla;Reta;Não;1;0;0;0;1;0;0;1;-29,96828222;-51,15725756;SPRF-RS;DEL01-RS;UOP01-DEL01-RS
673543;13/04/2025;domingo;22:00:00;PR;277;37,8;MORRETES;Reação tardia ou ineficiente do condutor;Colisão com objeto;Com Vítimas Feridas;Plena Noite;Crescente;Nublado;Dupla;Curva;Sim;3;0;1;0;2;0;1;2;-25,5771413;-48,85884888;SPRF-PR;DEL01-PR;UOP05-DEL01-PR
673545;13/04/2025;domingo;22:40:00;RJ;101;506;ANGRA DOS REIS;Acessar a via sem observar a presença dos outros veículos;Colisão transversal;Com Vítimas Feridas;Plena Noite;Crescente;Céu Claro;Simples;"Reta;Aclive";Não;3;0;1;0;2;0;1;3;-22,9900288;-44,2400768;SPRF-RJ;DEL03-RJ;UOP03-DEL03-RJ
673546;13/04/2025;domingo;21:10:00;PB;230;264;JUNCO DO SERIDO;Velocidade Incompatível;Colisão traseira;Com Vítimas Fatais;Plena Noite;Decrescente;Céu Claro;Simples;Reta;Não;4;1;1;1;0;1;2;2;-6,97042807;-36,69252014;SPRF-PB;DEL03-PB;UOP01-DEL03-PB
673547;13/04/2025;domingo;20:00:00;SC;280;155;MAFRA;Ausência de reação do condutor;Saída de leito carroçável;Com Vítimas Feridas;Plena Noite;Crescente;Garoa/Chuvisco;Simples;Reta;Não;3;0;1;1;0;1;2;2;-26,209833;-49,730873;SPRF-SC;DEL06-SC;UOP03-DEL06-SC
673548;13/04/2025;domingo;21:00:00;SC;280;143;MAFRA;Ingestão de substâncias psicoativas pelo condutor;Colisão frontal;Sem Vítimas;Plena Noite;Crescente;Céu Claro;Simples;Curva;Não;2;0;0;0;2;0;0;2;-26,25531;-49,625519;SPRF-SC;DEL06-SC;UOP03-DEL06-SC
673549;13/04/2025;domingo;23:00:00;GO;153;434;ANAPOLIS;Velocidade Incompatível;Colisão com objeto;Sem Vítimas;Plena Noite;Decrescente;Céu Claro;Simples;Reta;Sim;1;0;0;0;0;1;0;1;-16,285623;-48,946332;SPRF-GO;DEL02-GO;UOP01-DEL02-GO
673550;13/04/2025;domingo;23:30:00;PR;376;614;SAO JOSE DOS PINHAIS;Reação tardia ou ineficiente do condutor;Saída de leito carroçável;Com Vítimas Feridas;Plena Noite;Crescente;Chuva;Múltipla;"Reta;Interseção de Vias;Viaduto";Sim;5;0;3;0;2;0;3;1;-25,56962057;-49,18175697;SPRF-PR;DEL01-PR;UOP03-DEL01-PR
673551;13/04/2025;domingo;22:30:00;PR;277;3;PARANAGUA;Ausência de reação do condutor;Colisão com objeto;Sem Vítimas;Plena Noite;Crescente;Céu Claro;Dupla;Rotatória;Não;1;0;0;0;1;0;0;1;-25,52240165;-48,50589395;SPRF-PR;DEL01-PR;UOP05-DEL01-PR
673552;13/04/2025;domingo;18:15:00;MG;116;208;CATUJI;Reação tardia ou ineficiente do condutor;Colisão transversal;Com Vítimas Feridas;Plena Noite;Crescente;Céu Claro;Simples;"Interseção de Vias;Curva";Sim;2;0;1;0;1;0;1;2;-17,30377583;-41,51636655;SPRF-MG;DEL11-MG;UOP01-DEL11-MG
673553;14/04/2025;segunda-feira;00:05:00;SC;101;23;SAO JOSE;Reação tardia ou ineficiente do condutor;Saída de leito carroçável;Sem Vítimas;Plena Noite;Crescente;Nublado;Dupla;Reta;Não;1;0;0;0;0;1;0;1;-27,52626358;-48,70802522;SPRF-SC;DEL03-SC;UOP01-DEL03-SC
673554;13/04/2025;domingo;23:35:00;RJ;116;82;TERESOPOLIS;Velocidade Incompatível;Colisão com objeto;Com Vítimas Feridas;Plena Noite;Decrescente;Nublado;Simples;Reta;Sim;1;0;1;0;0;0;1;1;-22,3444992;-42,9228032;SPRF-RJ;DEL04-RJ;UOP01-DEL04-RJ
673556;13/04/2025;domingo;21:33:00;PE;232;248;ARCOVERDE;Animais na Pista;Atropelamento de Animal;Sem Vítimas;Plena Noite;Crescente;Céu Claro;Simples;Reta;Não;4;0;0;0;4;0;0;1;-8,42363;-37,041915;SPRF-PE;DEL04-PE;UOP02-DEL04-PE
673557;13/04/2025;domingo;21:40:00;PE;424;0,7;ARCOVERDE;Ingestão de álcool pelo condutor;Colisão lateral sentido oposto;Sem Vítimas;Plena Noite;Crescente;Céu Claro;Simples;Reta;Sim;2;0;0;0;2;0;0;2;-8,43614;-37,059605;SPRF-PE;DEL04-PE;UOP02-DEL04-PE
673558;14/04/2025;segunda-feira;00:20:00;RJ;101;163;MACAE;Condutor Dormindo;Colisão lateral sentido oposto;Com Vítimas Feridas;Plena Noite;Decrescente;Céu Claro;Simples;Reta;Não;2;0;1;0;0;1;1;2;-22,30694888;-41,88803488;SPRF-RJ;DEL08-RJ;UOP04-DEL08-RJ
673559;14/04/2025;segunda-feira;00:20:00;RJ;101;265;RIO BONITO;Condutor Dormindo;Colisão com objeto;Com Vítimas Feridas;Plena Noite;Decrescente;Céu Claro;Dupla;Reta;Sim;1;0;1;0;0;0;1;1;-22,70778918;-42,65304565;SPRF-RJ;DEL02-RJ;UOP03-DEL02-RJ
673560;13/04/2025;domingo;23:00:00;SP;381;74;SAO PAULO;Reação tardia ou ineficiente do condutor;Capotamento;Com Vítimas Feridas;Plena Noite;Decrescente;Céu Claro;Dupla;Curva;Não;2;0;2;0;0;0;2;1;-23,3517122;-46,55250549;SPRF-SP;DEL03-SP;UOP01-DEL03-SP
673561;13/04/2025;domingo;22:20:00;PE;424;44,2;VENTUROSA;Transitar na contramão;Colisão frontal;Com Vítimas Fatais;Plena Noite;Decrescente;Céu Claro;Simples;Reta;Não;2;1;0;0;1;0;0;2;-8,683333;-36,800207;SPRF-PE;DEL03-PE;UOP01-DEL03-PE
673562;14/04/2025;segunda-feira;00:30:00;PR;277;518,2;GUARANIACU;Ingestão de álcool pelo condutor;Colisão traseira;Sem Vítimas;Plena Noite;Crescente;Céu Claro;Simples;"Rotatória;Desvio Temporário";Sim;2;0;0;0;2;0;0;2;-25,10925424;-52,8550905;SPRF-PR;DEL04-PR;UOP04-DEL04-PR
673563;13/04/2025;domingo;23:16:00;AP;210;103;PORTO GRANDE;Ausência de reação do condutor;Colisão traseira;Com Vítimas Feridas;Plena Noite;Crescente;Céu Claro;Simples;Reta;Não;2;0;1;0;1;0;1;2;0,46632913;-51,07914124;SPRF-AP;DEL01-AP;UOP01-DEL01-AP
673564;14/04/2025;segunda-feira;01:15:00;PR;376;179;MARINGA;Ausência de reação do condutor;Colisão com objeto;Com Vítimas Feridas;Plena Noite;Crescente;Céu Claro;Múltipla;"Reta;Viaduto";Sim;1;0;1;0;0;0;1;1;-23,42099349;-51,90830642;SPRF-PR;DEL09-PR;UOP01-DEL09-PR
673565;14/04/2025;segunda-feira;01:00:00;RS;116;150,2;CAXIAS DO SUL;Ingestão de álcool pelo condutor;Colisão transversal;Com Vítimas Feridas;Plena Noite;Decrescente;Garoa/Chuvisco;Dupla;Reta;Sim;2;0;1;0;1;0;1;2;-29,1499238;-51,1449627;SPRF-RS;DEL05-RS;UOP01-DEL05-RS
673567;14/04/2025;segunda-feira;03:40:00;RJ;101;52;CAMPOS DOS GOYTACAZES;Ultrapassagem Indevida;Colisão lateral sentido oposto;Com Vítimas Feridas;Plena Noite;Crescente;Céu Claro;Simples;Reta;Não;3;0;0;2;0;1;2;2;-21,658693;-41,311192;SPRF-RJ;DEL08-RJ;UOP01-DEL08-RJ
673568;14/04/2025;segunda-feira;02:40:00;PR;153;23,4;JACAREZINHO;Ingestão de álcool pelo condutor;Saída de leito carroçável;Sem Vítimas;Plena Noite;Crescente;Céu Claro;Simples;Reta;Sim;1;0;0;0;1;0;0;1;-23,18161177;-49,98087287;SPRF-PR;DEL07-PR;UOP04-DEL07-PR
673569;14/04/2025;segunda-feira;03:10:00;GO;153;341;JARAGUA;Animais na Pista;Atropelamento de Animal;Sem Vítimas;Plena Noite;Crescente;Céu Claro;Simples;"Reta;Declive";Não;1;0;0;0;1;0;0;1;-15,55581068;-49,43533325;SPRF-GO;DEL02-GO;UOP02-DEL02-GO
673571;14/04/2025;segunda-feira;05:20:00;BA;116;416,9;FEIRA DE SANTANA;Animais na Pista;Atropelamento de Animal;Com Vítimas Feridas;Amanhecer;Crescente;Nevoeiro/Neblina;Dupla;"Aclive;Reta";Sim;3;0;2;1;0;0;3;2;-12,1814341;-38,9653298;SPRF-BA;DEL02-BA;UOP01-DEL02-BA
673572;14/04/2025;segunda-feira;02:45:00;BA;407;162,8;FILADELFIA;Animais na Pista;Atropelamento de Animal;Com Vítimas Fatais;Plena Noite;Crescente;Céu Claro;Simples;Reta;Não;5;2;2;1;0;0;3;1;-10,7737;-40,1188;SPRF-BA;DEL04-BA;UOP01-DEL04-BA
673573;14/04/2025;segunda-feira;05:10:00;SP;116;287;ITAPECERICA DA SERRA;Pista Escorregadia;Tombamento;Com Vítimas Feridas;Pleno dia;Decrescente;Garoa/Chuvisco;Dupla;Reta;Sim;1;0;1;0;0;0;1;1;-23,69992365;-46,86767578;SPRF-SP;DEL04-SP;UOP01-DEL04-SP
673575;13/04/2025;domingo;18:50:00;PI;343;2;TERESINA;Ingestão de álcool pelo condutor;Colisão lateral mesmo sentido;Sem Vítimas;Plena Noite;Crescente;Céu Claro;Dupla;Rotatória;Sim;2;0;0;0;2;0;0;2;-5,0593792;-42,68032;SPRF-PI;DEL01-PI;UOP01-DEL01-PI
673577;14/04/2025;segunda-feira;02:30:00;MS;158;12,2;CASSILANDIA;Reação tardia ou ineficiente do condutor;Colisão com objeto;Sem Vítimas;Plena Noite;Crescente;Céu Claro;Simples;"Ponte;Reta;Declive";Não;1;0;0;0;1;0;0;1;-19,153532;-51,6599;SPRF-MS;DEL08-MS;UOP01-DEL08-MS
673578;14/04/2025;segunda-feira;03:55:00;SC;101;369,8;ICARA;Condutor Dormindo;Saída de leito carroçável;Sem Vítimas;Plena Noite;Crescente;Garoa/Chuvisco;Dupla;Reta;Não;1;0;0;0;0;1;0;1;-28,7086152;-49,20875072;SPRF-SC;DEL02-SC;UOP01-DEL02-SC
673579;14/04/2025;segunda-feira;06:25:00;RS;290;723;URUGUAIANA;Reação tardia ou ineficiente do condutor;Atropelamento de Animal;Com Vítimas Feridas;Amanhecer;Crescente;Céu Claro;Simples;Reta;Sim;1;0;1;0;0;0;1;1;-29,755557;-57,065613;SPRF-RS;DEL13-RS;UOP01-DEL13-RS
673580;14/04/2025;segunda-feira;05:30:00;MG;40;573,4;ITABIRITO;Ausência de reação do condutor;Saída de leito carroçável;Com Vítimas Feridas;Amanhecer;Decrescente;Céu Claro;Dupla;Retorno Regulamentado;Não;2;0;2;0;0;0;2;1;-20,24508434;-43,96461812;SPRF-MG;DEL01-MG;UOP02-DEL01-MG
673581;14/04/2025;segunda-feira;07:00:00;RS;290;94;PORTO ALEGRE;Reação tardia ou ineficiente do condutor;Colisão com objeto;Com Vítimas Feridas;Pleno dia;Crescente;Céu Claro;Múltipla;Reta;Não;1;0;1;0;0;0;1;1;-29,98081684;-51,20128686;SPRF-RS;DEL01-RS;UOP01-DEL01-RS
673582;14/04/2025;segunda-feira;04:00:00;MG;365;224;BURITIZEIRO;Condutor Dormindo;Saída de leito carroçável;Com Vítimas Feridas;Plena Noite;Crescente;Nublado;Simples;Reta;Não;3;0;3;0;0;0;3;1;-17,61792;-45,39154;SPRF-MG;DEL10-MG;UOP02-DEL010-MG
673583;14/04/2025;segunda-feira;06:20:00;DF;20;13;BRASILIA;Trafegar com motocicleta (ou similar) entre as faixas;Colisão traseira;Com Vítimas Feridas;Amanhecer;Crescente;Céu Claro;Dupla;Reta;Não;3;0;1;0;2;0;1;3;-15,63823554;-47,74797507;SPRF-DF;DEL02-DF;UOP01-DEL02-DF
673585;14/04/2025;segunda-feira;06:00:00;MG;365;418;PATOS DE MINAS;Condutor deixou de manter distância do veículo da frente;Colisão traseira;Sem Vítimas;Pleno dia;Crescente;Céu Claro;Simples;Reta;Sim;2;0;0;0;2;0;0;2;-18,68239047;-46,56967163;SPRF-MG;DEL10-MG;UOP01-DEL10-MG
673586;14/04/2025;segunda-feira;06:30:00;RS;386;350,1;ESTRELA;Retorno proibido;Colisão transversal;Com Vítimas Feridas;Amanhecer;Crescente;Céu Claro;Dupla;"Em Obras;Reta";Não;2;0;1;0;1;0;1;2;-29,47517126;-51,95297241;SPRF-RS;DEL04-RS;UOP01-DEL04-RS
673587;14/04/2025;segunda-feira;06:55:00;SC;101;212;PALHOCA;Trafegar com motocicleta (ou similar) entre as faixas;Colisão lateral mesmo sentido;Com Vítimas Feridas;Pleno dia;Decrescente;Céu Claro;Múltipla;Reta;Não;3;0;2;0;1;0;2;2;-27,64940063;-48,67397005;SPRF-SC;DEL01-SC;UOP02-DEL01-SC
673588;14/04/2025;segunda-feira;07:10:00;RJ;116;184;NOVA IGUACU;Ausência de reação do condutor;Queda de ocupante de veículo;Com Vítimas Feridas;Amanhecer;Decrescente;Céu Claro;Dupla;Reta;Sim;1;0;1;0;0;0;1;1;-22,74472;-43,44907;SPRF-RJ;DEL06-RJ;UOP01-DEL06-RJ
673589;14/04/2025;segunda-feira;07:05:00;PB;230;151,9;CAMPINA GRANDE;Conversão proibida;Colisão transversal;Com Vítimas Feridas;Pleno dia;Crescente;Céu Claro;Simples;Reta;Sim;3;0;0;1;1;1;1;3;-7,269732;-35,884338;SPRF-PB;DEL02-PB;UOP01-DEL02-PB
673590;14/04/2025;segunda-feira;07:05:00;BA;101;719;EUNAPOLIS;Desrespeitar a preferência no cruzamento;Colisão transversal;Com Vítimas Feridas;Pleno dia;Crescente;Sol;Simples;"Rotatória;Interseção de Vias;Reta";Sim;2;0;0;1;1;0;1;2;-16,38670551;-39,5865941;SPRF-BA;DEL09-BA;UOP01-DEL09-BA
673591;14/04/2025;segunda-feira;07:00:00;SP;116;218;GUARULHOS;Trafegar com motocicleta (ou similar) entre as faixas;Tombamento;Com Vítimas Feridas;Pleno dia;Crescente;Nublado;Múltipla;"Reta;Em Obras";Sim;1;0;1;0;0;0;1;1;-23,46239775;-46,49251032;SPRF-SP;DEL01-SP;UOP01-DEL01-SP
673592;14/04/2025;segunda-feira;01:00:00;GO;60;397;RIO VERDE;Reação tardia ou ineficiente do condutor;Saída de leito carroçável;Com Vítimas Feridas;Plena Noite;Decrescente;Céu Claro;Dupla;"Curva;Aclive";Não;3;0;1;0;2;0;1;1;-17,822018;-51,039528;SPRF-GO;DEL04-GO;UOP02-DEL04-GO
673593;14/04/2025;segunda-feira;07:40:00;SP;116;1;GUARULHOS;Mal súbito do condutor;Queda de ocupante de veículo;Com Vítimas Feridas;Amanhecer;Decrescente;Nublado;Múltipla;Reta;Não;1;0;1;0;0;0;1;1;-23,44795211;-46,49313476;SPRF-SP;DEL01-SP;UOP01-DEL01-SP
673594;14/04/2025;segunda-feira;07:55:00;RJ;116;172;SAO JOAO DE MERITI;Ausência de reação do condutor;Colisão traseira;Com Vítimas Feridas;Pleno dia;Decrescente;Céu Claro;Dupla;Reta;Sim;2;0;1;0;1;0;1;2;-22,80326379;-43,34868193;SPRF-RJ;DEL06-RJ;UOP01-DEL06-RJ
673596;14/04/2025;segunda-feira;06:50:00;RN;304;30;MOSSORO;Acessar a via sem observar a presença dos outros veículos;Colisão transversal;Com Vítimas Feridas;Pleno dia;Decrescente;Céu Claro;Simples;Interseção de Vias;Não;3;0;1;0;2;0;1;2;-5,11493177;-37,34050691;SPRF-RN;DEL04-RN;UOP02-DEL04-RN
673597;14/04/2025;segunda-feira;07:45:00;MA;10;258;IMPERATRIZ;Conversão proibida;Colisão transversal;Com Vítimas Feridas;Pleno dia;Decrescente;Céu Claro;Simples;Reta;Sim;3;0;1;2;0;0;3;2;-5,48196;-47,472174;SPRF-MA;DEL04-MA;UOP01-DEL04-MA
673598;14/04/2025;segunda-feira;07:55:00;PR;376;615,3;SAO JOSE DOS PINHAIS;Reação tardia ou ineficiente do condutor;Tombamento;Com Vítimas Feridas;Pleno dia;Decrescente;Nublado;Dupla;"Declive;Reta";Sim;4;0;1;0;2;1;1;4;-25,58094943;-49,17746544;SPRF-PR;DEL01-PR;UOP04-DEL01-PR
673599;14/04/2025;segunda-feira;08:20:00;CE;116;8;FORTALEZA;Ausência de reação do condutor;Colisão traseira;Com Vítimas Feridas;Pleno dia;Decrescente;Céu Claro;Múltipla;Reta;Sim;2;0;1;0;1;0;1;2;-3,8404476;-38,49420547;SPRF-CE;DEL01-CE;UOP02-DEL01-CE
673601;14/04/2025;segunda-feira;06:55:00;PE;101;42,4;IGARASSU;Reação tardia ou ineficiente do condutor;Colisão traseira;Com Vítimas Feridas;Pleno dia;Crescente;Nublado;Múltipla;"Declive;Reta";Sim;3;0;1;0;1;1;1;2;-7,844081;-34,910864;SPRF-PE;DEL01-PE;UOP02-DEL01-PE
673602;14/04/2025;segunda-feira;08:00:00;RS;290;93;PORTO ALEGRE;Reação tardia ou ineficiente do condutor;Colisão traseira;Com Vítimas Feridas;Pleno dia;Crescente;Céu Claro;Dupla;Reta;Não;2;0;1;0;1;0;1;2;-29,96856759;-51,16210515;SPRF-RS;DEL01-RS;UOP01-DEL01-RS
673603;14/04/2025;segunda-feira;07:07:00;ES;101;66;SAO MATEUS;Pedestre cruzava a pista fora da faixa;Atropelamento de Pedestre;Com Vítimas Feridas;Pleno dia;Crescente;Céu Claro;Simples;Reta;Sim;2;0;0;1;1;0;1;2;-18,71941778;-39,86773133;SPRF-ES;DEL04-ES;UOP02-DEL04-ES
673604;14/04/2025;segunda-feira;07:55:00;SC;282;5,8;SAO JOSE;Trafegar com motocicleta (ou similar) entre as faixas;Colisão lateral mesmo sentido;Com Vítimas Feridas;Pleno dia;Decrescente;Céu Claro;Múltipla;"Declive;Reta";Sim;3;0;1;0;2;0;1;3;-27,58798556;-48,61389041;SPRF-SC;DEL01-SC;UOP01-DEL01-SC
673606;14/04/2025;segunda-feira;06:35:00;PR;376;166;MARINGA;Demais falhas mecânicas ou elétricas;Saída de leito carroçável;Com Vítimas Feridas;Pleno dia;Crescente;Céu Claro;Dupla;Reta;Não;1;0;1;0;0;0;1;1;-23,37900621;-52,04048399;SPRF-PR;DEL09-PR;UOP01-DEL09-PR
673607;10/04/2025;quinta-feira;13:05:00;RS;293;386,3;SANTANA DO LIVRAMENTO;Condutor Dormindo;Saída de leito carroçável;Com Vítimas Feridas;Pleno dia;Crescente;Céu Claro;Simples;Reta;Não;3;0;3;0;0;0;3;1;-30,57408532;-56,06872559;SPRF-RS;DEL11-RS;UOP01-DEL11-RS
673608;14/04/2025;segunda-feira;06:30:00;RN;226;177;CURRAIS NOVOS;Acessar a via sem observar a presença dos outros veículos;Colisão transversal;Com Vítimas Feridas;Pleno dia;Crescente;Céu Claro;Simples;Declive;Sim;2;0;1;0;1;0;1;2;-6,26837459;-36,52244544;SPRF-RN;DEL03-RN;UOP02-DEL03-RN
673609;14/04/2025;segunda-feira;08:41:00;PB;230;11;CABEDELO;Ausência de reação do condutor;Colisão lateral mesmo sentido;Com Vítimas Feridas;Pleno dia;Crescente;Céu Claro;Dupla;Reta;Sim;2;0;1;0;0;1;1;2;-7,07041979;-34,8498497;SPRF-PB;DEL01-PB;UOP01-DEL01-PB
673610;14/04/2025;segunda-feira;06:20:00;RJ;493;102;SEROPEDICA;Desvio temporário;Colisão com objeto;Com Vítimas Feridas;Pleno dia;Crescente;Céu Claro;Dupla;Reta;Não;1;0;1;0;0;0;1;1;-22,76072944;-43,73486276;SPRF-RJ;DEL01-RJ;UOP03-DEL01-RJ
673611;14/04/2025;segunda-feira;06:56:00;RJ;493;51;DUQUE DE CAXIAS;Ausência de reação do condutor;Saída de leito carroçável;Com Vítimas Feridas;Pleno dia;Decrescente;Céu Claro;Dupla;Reta;Não;2;0;1;0;1;0;1;1;-22,66635375;-43,3230042;SPRF-RJ;DEL01-RJ;UOP03-DEL01-RJ
673612;14/04/2025;segunda-feira;07:30:00;PR;376;166;MARINGA;Condutor deixou de manter distância do veículo da frente;Colisão traseira;Com Vítimas Feridas;Pleno dia;Crescente;Céu Claro;Dupla;"Declive;Reta";Não;5;0;1;0;4;0;1;2;-23,386648;-52,022764;SPRF-PR;DEL09-PR;UOP01-DEL09-PR