id;data_inversa;dia_semana;horario;uf;br;km;municipio;causa_acidente;tipo_acidente;classificacao_acidente;fase_dia;sentido_via;condicao_metereologica;tipo_pista;tracado_via;uso_solo;pessoas;mortos;feridos_leves;feridos_graves;ilesos;ignorados;feridos;veiculos;latitude;longitude;regional;delegacia;uop
674013;16/04/2025;quarta-feira;09:20:00;RN;304;91,9;ACU;Acessar a via sem observar a presença dos outros veículos;Colisão transversal;Com Vítimas Feridas;Pleno dia;Decrescente;Sol;Simples;"Reta;Aclive";Não;3;0;0;1;2;0;1;2;-5,53948;-37,08628;SPRF-RN;DEL04-RN;UOP01-DEL04-RN
674016;16/04/2025;quarta-feira;09:15:00;SE;101;76,5;MARUIM;Entrada inopinada do pedestre;Atropelamento de Pedestre;Com Vítimas Fatais;Pleno dia;Decrescente;Sol;Simples;Reta;Não;3;1;0;0;1;1;0;2;-10,775452;-37,13103;SPRF-SE;DEL01-SE;UOP01-DEL01-SE
674019;16/04/2025;quarta-feira;08:20:00;MG;40;464,4;SETE LAGOAS;Reação tardia ou ineficiente do condutor;Saída de leito carroçável;Sem Vítimas;Pleno dia;Crescente;Chuva;Dupla;"Aclive;Curva";Não;1;0;0;0;1;0;0;1;-19,4407099;-44,3301059;SPRF-MG;DEL02-MG;UOP01-DEL02-MG
675129;16/04/2025;quarta-feira;10:25:00;SC;101;118,1;ITAJAI;Reação tardia ou ineficiente do condutor;Colisão traseira;Com Vítimas Feridas;Pleno dia;Crescente;Céu Claro;Dupla;Reta;Sim;6;0;1;0;5;0;1;5;-26,89880281;-48,71827126;SPRF-SC;DEL04-SC;UOP04-DEL04-SC
675130;16/04/2025;quarta-feira;13:40:00;RS;158;95,6;PALMEIRA DAS MISSOES;Transitar na contramão;Colisão frontal;Sem Vítimas;Pleno dia;Decrescente;Sol;Simples;"Declive;Reta";Não;2;0;0;0;2;0;0;2;-27,8621;-53,32925;SPRF-RS;DEL08-RS;UOP02-DEL08-RS
675132;16/04/2025;quarta-feira;11:20:00;BA;101;795;ITAMARAJU;Ausência de reação do condutor;Colisão traseira;Com Vítimas Feridas;Pleno dia;Decrescente;Céu Claro;Simples;Reta;Não;2;0;0;1;1;0;1;2;-16,921187;-39,53838;SPRF-BA;DEL09-BA;UOP01-DEL09-BA
675926;16/04/2025;quarta-feira;05:35:00;RJ;101;300;SAO GONCALO;Ausência de reação do condutor;Colisão lateral mesmo sentido;Com Vítimas Feridas;Amanhecer;Crescente;Nublado;Dupla;Reta;Não;2;0;1;0;1;0;1;2;-22,77599355;-42,94759512;SPRF-RJ;DEL02-RJ;UOP02-DEL02-RJ
675928;16/04/2025;quarta-feira;15:50:00;RS;116;235;NOVO HAMBURGO;Reação tardia ou ineficiente do condutor;Colisão traseira;Sem Vítimas;Pleno dia;Decrescente;Céu Claro;Dupla;Reta;Sim;2;0;0;0;2;0;0;2;-29,6601272;-51,1439139;SPRF-RS;DEL01-RS;UOP02-DEL01-RS
675930;16/04/2025;quarta-feira;11:15:00;MS;163;124,4;NAVIRAI;Ausência de reação do condutor;Colisão com objeto;Com Vítimas Feridas;Pleno dia;Decrescente;Nublado;Simples;Rotatória;Não;1;0;1;0;0;0;1;1;-23,078092;-54,228517;SPRF-MS;DEL09-MS;UOP01-DEL09-MS
675931;16/04/2025;quarta-feira;13:40:00;PR;116;186;CAMPO DO TENENTE;Velocidade Incompatível;Tombamento;Com Vítimas Feridas;Pleno dia;Crescente;Céu Claro;Simples;"Reta;Declive";Não;1;0;1;0;0;0;1;1;-25,953818;-49,648546;SPRF-PR;DEL01-PR;UOP03-DEL01-PR
675933;16/04/2025;quarta-feira;15:30:00;BA;324;534;CONCEICAO DO JACUIPE;Ausência de reação do condutor;Engavetamento;Sem Vítimas;Pleno dia;Decrescente;Céu Claro;Dupla;Reta;Não;3;0;0;0;3;0;0;3;-12,3615214;-38,8206543;SPRF-BA;DEL01-BA;UOP03-DEL01-BA
675934;16/04/2025;quarta-feira;11:00:00;SC;280;55,6;GUARAMIRIM;Acessar a via sem observar a presença dos outros veículos;Colisão transversal;Com Vítimas Feridas;Pleno dia;Crescente;Céu Claro;Múltipla;"Viaduto;Rotatória";Sim;2;0;1;0;1;0;1;2;-26,47896487;-49,0008916;SPRF-SC;DEL03-SC;UOP03-DEL03-SC
675935;16/04/2025;quarta-feira;12:45:00;SC;101;86,2;BARRA VELHA;Acessar a via sem observar a presença dos outros veículos;Colisão lateral mesmo sentido;Com Vítimas Feridas;Pleno dia;Crescente;Sol;Múltipla;Rotatória;Sim;2;0;1;0;1;0;1;2;-26,63959959;-48,6939582;SPRF-SC;DEL03-SC;UOP02-DEL03-SC
676290;16/04/2025;quarta-feira;15:10:00;SP;101;47;UBATUBA;Acessar a via sem observar a presença dos outros veículos;Colisão transversal;Com Vítimas Feridas;Pleno dia;Crescente;Nublado;Simples;Reta;Sim;3;0;1;0;0;2;1;3;-23,42963701;-45,08212421;SPRF-SP;DEL06-SP;UOP01-DEL06-SP
676292;16/04/2025;quarta-feira;14:35:00;MG;262;37,9;MANHUACU;Acessar a via sem observar a presença dos outros veículos;Colisão transversal;Com Vítimas Feridas;Pleno dia;Decrescente;Chuva;Simples;"Declive;Reta";Sim;3;0;2;0;1;0;2;2;-20,27294841;-42,04015948;SPRF-MG;DEL06-MG;UOP03-DEL06-MG
676293;16/04/2025;quarta-feira;16:00:00;SP;116;228;SAO PAULO;Manobra de mudança de faixa;Colisão lateral mesmo sentido;Com Vítimas Feridas;Pleno dia;Decrescente;Céu Claro;Múltipla;Reta;Sim;2;0;1;0;1;0;1;2;-23,50393015;-46,56717181;SPRF-SP;DEL01-SP;UOP01-DEL01-SP
678339;16/04/2025;quarta-feira;18:10:00;SE;235;5;NOSSA SENHORA DO SOCORRO;Ausência de reação do condutor;Colisão traseira;Com Vítimas Feridas;Plena Noite;Crescente;Céu Claro;Dupla;Declive;Sim;3;0;2;0;1;0;2;2;-10,90643772;-37,11900104;SPRF-SE;DEL01-SE;UOP01-DEL01-SE
678439;16/04/2025;quarta-feira;12:10:00;SC;101;126;ITAJAI;Ausência de reação do condutor;Queda de ocupante de veículo;Com Vítimas Feridas;Pleno dia;Crescente;Céu Claro;Dupla;Reta;Não;1;0;1;0;0;0;1;1;-26,9623933;-48,68262269;SPRF-SC;DEL04-SC;UOP04-DEL04-SC
678444;16/04/2025;quarta-feira;11:50:00;MG;381;635,4;SANTO ANTONIO DO AMPARO;Velocidade Incompatível;Capotamento;Com Vítimas Feridas;Pleno dia;Crescente;Chuva;Dupla;Curva;Não;4;0;4;0;0;0;4;1;-20,86715742;-44,84172486;SPRF-MG;DEL04-MG;UOP01-DEL04-MG
678445;16/04/2025;quarta-feira;17:00:00;RS;386;257,2;SOLEDADE;Condutor deixou de manter distância do veículo da frente;Colisão traseira;Sem Vítimas;Pleno dia;Crescente;Céu Claro;Simples;Reta;Não;2;0;0;0;2;0;0;2;-28,85242563;-52,44688142;SPRF-RS;DEL04-RS;UOP03-DEL04-RS
680491;16/04/2025;quarta-feira;19:30:00;SC;101;201;SAO JOSE;Ausência de reação do condutor;Colisão com objeto;Com Vítimas Feridas;Plena Noite;Decrescente;Céu Claro;Múltipla;Reta;Sim;1;0;1;0;0;0;1;1;-27,55363;-48,61969;SPRF-SC;DEL01-SC;UOP01-DEL01-SC
681978;16/04/2025;quarta-feira;18:00:00;RS;386;347,5;LAJEADO;Reação tardia ou ineficiente do condutor;Colisão transversal;Com Vítimas Feridas;Anoitecer;Crescente;Céu Claro;Dupla;"Reta;Em Obras;Declive";Sim;2;0;1;0;1;0;1;2;-29,45420036;-51,96069717;SPRF-RS;DEL04-RS;UOP01-DEL04-RS
681979;16/04/2025;quarta-feira;20:10:00;SC;101;214,3;PALHOCA;Reação tardia ou ineficiente do condutor;Tombamento;Com Vítimas Feridas;Plena Noite;Decrescente;Céu Claro;Dupla;"Viaduto;Retorno Regulamentado;Curva";Sim;1;0;1;0;0;0;1;1;-27,64698;-48,67258;SPRF-SC;DEL01-SC;UOP02-DEL01-SC
681982;16/04/2025;quarta-feira;18:40:00;SC;282;216,9;LAGES;Reação tardia ou ineficiente do condutor;Colisão traseira;Com Vítimas Feridas;Plena Noite;Decrescente;Nublado;Dupla;Reta;Sim;3;0;2;0;1;0;2;2;-27,797046;-50,289636;SPRF-SC;DEL05-SC;UOP01-DEL05-SC
681984;16/04/2025;quarta-feira;19:45:00;MG;116;412;GOVERNADOR VALADARES;Condutor deixou de manter distância do veículo da frente;Colisão traseira;Com Vítimas Feridas;Plena Noite;Crescente;Chuva;Simples;"Reta;Declive";Sim;5;0;0;2;3;0;2;2;-18,879206;-41,961164;SPRF-MG;DEL06-MG;UOP01-DEL06-MG
685186;12/03/2025;quarta-feira;12:10:00;SC;470;246;CURITIBANOS;Ausência de reação do condutor;Capotamento;Com Vítimas Feridas;Pleno dia;Crescente;Céu Claro;Simples;Reta;Não;1;0;1;0;0;0;1;1;-27,31341319;-50,56640983;SPRF-SC;DEL05-SC;UOP03-DEL05-SC
685312;17/04/2025;quinta-feira;10:45:00;CE;304;64,2;ARACATI;Acessar a via sem observar a presença dos outros veículos;Colisão transversal;Com Vítimas Feridas;Pleno dia;Decrescente;Céu Claro;Simples;"Reta;Interseção de Vias";Não;2;0;1;0;1;0;1;2;-4,57343043;-37,73765087;SPRF-CE;DEL03-CE;UOP02-DEL03-CE
685313;12/04/2025;sábado;08:05:00;PR;277;700;SAO MIGUEL DO IGUACU;Ausência de reação do condutor;Saída de leito carroçável;Com Vítimas Feridas;Pleno dia;Decrescente;Céu Claro;Dupla;Reta;Não;1;0;1;0;0;0;1;1;-25,3902382;-54,30075992;SPRF-PR;DEL05-PR;UOP01-DEL05-PR
685316;17/04/2025;quinta-feira;10:00:00;PR;277;241,7;FERNANDES PINHEIRO;Conversão proibida;Colisão transversal;Com Vítimas Feridas;Pleno dia;Decrescente;Nublado;Simples;Curva;Não;3;0;2;0;1;0;2;2;-25,46524028;-50,58385307;SPRF-PR;DEL08-PR;UOP02-DEL08-PR
685319;17/04/2025;quinta-feira;09:00:00;SP;116;115;TAUBATE;Reação tardia ou ineficiente do condutor;Colisão lateral mesmo sentido;Com Vítimas Feridas;Pleno dia;Crescente;Céu Claro;Dupla;Reta;Sim;3;0;1;0;2;0;1;2;-23,05015959;-45,60155706;SPRF-SP;DEL02-SP;UOP02-DEL02-SP
685321;17/04/2025;quinta-feira;07:00:00;RS;153;547;CACAPAVA DO SUL;Condutor Dormindo;Saída de leito carroçável;Com Vítimas Feridas;Pleno dia;Crescente;Céu Claro;Simples;Curva;Não;1;0;1;0;0;0;1;1;-30,820223;-53,586571;SPRF-RS;DEL09-RS;UOP02-DEL09-RS
685323;17/04/2025;quinta-feira;11:10:00;MG;116;730,4;LARANJAL;Ingestão de álcool pelo condutor;Colisão traseira;Com Vítimas Feridas;Pleno dia;Decrescente;Céu Claro;Simples;Reta;Não;2;0;1;0;1;0;1;2;-21,3215797;-42,4481693;SPRF-MG;DEL07-MG;UOP02-DEL07-MG
685324;17/04/2025;quinta-feira;11:00:00;PB;101;85,9;JOAO PESSOA;Ausência de reação do condutor;Colisão lateral mesmo sentido;Com Vítimas Feridas;Pleno dia;Decrescente;Céu Claro;Dupla;Reta;Sim;2;0;0;1;1;0;1;2;-7,1497995;-34,9084468;SPRF-PB;DEL01-PB;UOP01-DEL01-PB
685325;16/04/2025;quarta-feira;14:25:00;PB;230;7,9;CABEDELO;Manobra de mudança de faixa;Colisão traseira;Com Vítimas Feridas;Pleno dia;Crescente;Céu Claro;Dupla;Reta;Sim;2;0;0;1;1;0;1;2;-7,03573;-34,843365;SPRF-PB;DEL01-PB;UOP01-DEL01-PB
685326;17/04/2025;quinta-feira;10:34:00;GO;40;5;VALPARAISO DE GOIAS;Reação tardia ou ineficiente do condutor;Colisão traseira;Com Vítimas Feridas;Pleno dia;Decrescente;Céu Claro;Dupla;Reta;Não;2;0;1;0;1;0;1;2;-16,09212656;-47,98259251;SPRF-DF;DEL01-DF;UOP01-DEL01-DF
685327;18/03/2025;terça-feira;19:19:00;MT;70;1,6;BARRA DO GARCAS;Conversão proibida;Colisão transversal;Com Vítimas Feridas;Plena Noite;Decrescente;Céu Claro;Simples;Reta;Sim;2;0;1;0;0;1;1;2;-15,889148;-52,265652;SPRF-MT;DEL07-MT;UOP01-DEL07-MT
685328;16/04/2025;quarta-feira;19:30:00;PB;101;92,7;JOAO PESSOA;Ausência de reação do condutor;Colisão traseira;Com Vítimas Feridas;Plena Noite;Crescente;Céu Claro;Dupla;"Reta;Declive";Não;4;0;2;0;2;0;2;2;-7,20584422;-34,908033;SPRF-PB;DEL01-PB;UOP01-DEL01-PB
685329;16/04/2025;quarta-feira;16:15:00;PB;230;3;CABEDELO;Manobra de mudança de faixa;Colisão lateral mesmo sentido;Com Vítimas Feridas;Pleno dia;Crescente;Céu Claro;Dupla;Reta;Sim;2;0;0;1;1;0;1;2;-6,994932;-34,828338;SPRF-PB;DEL01-PB;UOP01-DEL01-PB
685330;16/04/2025;quarta-feira;18:10:00;PB;101;91;JOAO PESSOA;Reação tardia ou ineficiente do condutor;Colisão traseira;Com Vítimas Feridas;Anoitecer;Crescente;Céu Claro;Dupla;Reta;Sim;2;0;1;0;1;0;1;2;-7,20072154;-34,90629137;SPRF-PB;DEL01-PB;UOP01-DEL01-PB
685334;16/04/2025;quarta-feira;17:34:00;SC;101;204,1;SAO JOSE;Manobra de mudança de faixa;Colisão traseira;Com Vítimas Feridas;Pleno dia;Decrescente;Céu Claro;Múltipla;Ponte;Sim;2;0;1;0;1;0;1;2;-27,57324997;-48,61337358;SPRF-SC;DEL01-SC;UOP01-DEL01-SC
685335;17/04/2025;quinta-feira;10:25:00;SC;101;205;SAO JOSE;Demais falhas mecânicas ou elétricas;Tombamento;Com Vítimas Feridas;Pleno dia;Decrescente;Céu Claro;Múltipla;Reta;Sim;2;0;1;1;0;0;2;1;-27,58505156;-48,61550862;SPRF-SC;DEL01-SC;UOP01-DEL01-SC
685336;17/04/2025;quinta-feira;07:30:00;CE;116;2;FORTALEZA;Manobra de mudança de faixa;Colisão lateral mesmo sentido;Com Vítimas Feridas;Pleno dia;Decrescente;Céu Claro;Múltipla;Reta;Sim;2;0;1;0;1;0;1;2;-3,768487;-38,517235;SPRF-CE;DEL01-CE;UOP02-DEL01-CE
685342;17/04/2025;quinta-feira;09:47:00;MT;364;435;VARZEA GRANDE;Acesso irregular;Colisão transversal;Com Vítimas Feridas;Pleno dia;Decrescente;Céu Claro;Dupla;Reta;Não;2;0;1;0;1;0;1;2;-15,64559036;-56,19894147;SPRF-MT;DEL01-MT;UOP02-DEL01-MT
685343;17/04/2025;quinta-feira;09:05:00;MG;50;139,3;UBERABA;Condutor Dormindo;Saída de leito carroçável;Com Vítimas Feridas;Pleno dia;Decrescente;Céu Claro;Dupla;Reta;Não;1;0;1;0;0;0;1;1;-19,46985;-48,05541;SPRF-MG;DEL13-MG;UOP01-DEL13-MG
685347;17/04/2025;quinta-feira;11:50:00;PB;101;86;JOAO PESSOA;Manobra de mudança de faixa;Saída de leito carroçável;Sem Vítimas;Pleno dia;Decrescente;Céu Claro;Dupla;Reta;Sim;1;0;0;0;1;0;0;1;-7,1531595;-34,90830326;SPRF-PB;DEL01-PB;UOP01-DEL01-PB
685348;16/04/2025;quarta-feira;18:10:00;AL;104;88,1;RIO LARGO;Ingestão de álcool pelo condutor;Colisão traseira;Com Vítimas Feridas;Anoitecer;Crescente;Céu Claro;Dupla;Reta;Sim;2;0;1;0;1;0;1;2;-9,48032291;-35,82001495;SPRF-AL;DEL01-AL;UOP01-DEL01-AL
685349;16/04/2025;quarta-feira;20:05:00;AL;423;44;CANAPI;Manobra de mudança de faixa;Colisão frontal;Com Vítimas Fatais;Plena Noite;Decrescente;Céu Claro;Simples;"Reta;Aclive";Não;3;1;0;0;2;0;0;2;-9,16536;-37,53928;SPRF-AL;DEL03-AL;UOP02-DEL03-AL
685350;17/04/2025;quinta-feira;01:30:00;GO;20;209,6;POSSE;Ultrapassagem Indevida;Colisão frontal;Com Vítimas Feridas;Plena Noite;Decrescente;Nublado;Simples;"Reta;Aclive";Não;6;0;4;0;2;0;4;2;-14,2;-46,3;SPRF-DF;DEL02-DF;UOP03-DEL02-DF
685351;17/04/2025;quinta-feira;05:00:00;PE;424;33,3;VENTUROSA;Transitar na contramão;Colisão frontal;Com Vítimas Fatais;Amanhecer;Crescente;Céu Claro;Simples;"Reta;Aclive";Não;2;1;0;0;1;0;0;2;-8,602902;-36,856978;SPRF-PE;DEL04-PE;UOP02-DEL04-PE
685353;17/04/2025;quinta-feira;10:58:00;SP;116;507;BARRA DO TURVO;Velocidade Incompatível;Queda de ocupante de veículo;Com Vítimas Feridas;Pleno dia;Crescente;Nublado;Simples;"Declive;Curva";Não;1;0;0;1;0;0;1;1;-24,9288298;-48,2715861;SPRF-SP;DEL05-SP;UOP02-DEL05-SP
685355;17/04/2025;quinta-feira;10:00:00;PR;369;188;ARAPONGAS;Transitar no Acostamento;Colisão traseira;Com Vítimas Feridas;Pleno dia;Crescente;Céu Claro;Simples;"Reta;Interseção de Vias";Sim;2;0;1;0;1;0;1;2;-23,42598029;-51,42337561;SPRF-PR;DEL07-PR;UOP03-DEL07-PR
685356;17/04/2025;quinta-feira;10:30:00;SP;381;58;MAIRIPORA;Manobra de mudança de faixa;Colisão lateral mesmo sentido;Sem Vítimas;Pleno dia;Crescente;Céu Claro;Dupla;Reta;Não;2;0;0;0;2;0;0;2;-23,2755819;-46,58564825;SPRF-SP;DEL03-SP;UOP01-DEL03-SP
685357;07/04/2025;segunda-feira;14:20:00;PR;369;160;CAMBE;Ausência de reação do condutor;Saída de leito carroçável;Com Vítimas Feridas;Pleno dia;Crescente;Céu Claro;Dupla;Reta;Não;1;0;1;0;0;0;1;1;-23,28228493;-51,25181783;SPRF-PR;DEL07-PR;UOP01-DEL07-PR
685358;16/04/2025;quarta-feira;13:00:00;GO;153;500;GOIANIA;Acessar a via sem observar a presença dos outros veículos;Colisão lateral mesmo sentido;Com Vítimas Feridas;Pleno dia;Crescente;Céu Claro;Múltipla;Reta;Sim;2;0;1;0;1;0;1;2;-16,702898;-49,231184;SPRF-GO;DEL01-GO;UOP01-DEL01-GO
685359;17/04/2025;quinta-feira;08:30:00;SC;101;111,5;ITAJAI;Reação tardia ou ineficiente do condutor;Tombamento;Com Vítimas Feridas;Pleno dia;Decrescente;Sol;Dupla;"Ponte;Reta";Não;1;0;1;0;0;0;1;1;-26,8449027;-48,71964455;SPRF-SC;DEL04-SC;UOP04-DEL04-SC
685360;17/04/2025;quinta-feira;10:00:00;MG;381;190,9;PERIQUITO;Velocidade Incompatível;Saída de leito carroçável;Com Vítimas Feridas;Pleno dia;Crescente;Chuva;Simples;Curva;Não;1;0;0;1;0;0;1;1;-19,08226686;-42,18362019;SPRF-MG;DEL06-MG;UOP01-DEL06-MG
685361;17/04/2025;quinta-feira;11:00:00;AL;104;93,1;MACEIO;Transitar na contramão;Colisão frontal;Com Vítimas Feridas;Pleno dia;Decrescente;Sol;Dupla;Reta;Sim;2;0;0;1;1;0;1;2;-9,5363949;-35,7935707;SPRF-AL;DEL01-AL;UOP01-DEL01-AL
685362;17/04/2025;quinta-feira;08:45:00;PR;153;82,7;CONSELHEIRO MAIRINCK;Desrespeitar a preferência no cruzamento;Colisão transversal;Com Vítimas Feridas;Pleno dia;Decrescente;Céu Claro;Simples;Reta;Não;2;0;1;0;1;0;1;2;-23,62788406;-50,14767408;SPRF-PR;DEL07-PR;UOP04-DEL07-PR
685366;17/04/2025;quinta-feira;08:40:00;RJ;101;59;CAMPOS DOS GOYTACAZES;Mal súbito do condutor;Colisão frontal;Com Vítimas Feridas;Pleno dia;Decrescente;Céu Claro;Simples;Curva;Sim;2;0;2;0;0;0;2;2;-21,715153;-41,309223;SPRF-RJ;DEL08-RJ;UOP01-DEL08-RJ
685367;17/04/2025;quinta-feira;07:30:00;SC;101;117;ITAJAI;Trafegar com motocicleta (ou similar) entre as faixas;Colisão lateral mesmo sentido;Sem Vítimas;Pleno dia;Crescente;Céu Claro;Dupla;Reta;Não;2;0;0;0;2;0;0;2;-26,88525364;-48,72350693;SPRF-SC;DEL04-SC;UOP04-DEL04-SC
685368;17/04/2025;quinta-feira;11:15:00;SC;101;215;PALHOCA;Condutor deixou de manter distância do veículo da frente;Colisão traseira;Com Vítimas Feridas;Pleno dia;Decrescente;Céu Claro;Dupla;Reta;Sim;3;0;0;2;1;0;2;2;-27,6469209;-48,671339;SPRF-SC;DEL01-SC;UOP02-DEL01-SC
685369;16/04/2025;quarta-feira;12:15:00;RS;116;216;MORRO REUTER;Acessar a via sem observar a presença dos outros veículos;Colisão lateral mesmo sentido;Com Vítimas Feridas;Pleno dia;Crescente;Céu Claro;Simples;Interseção de Vias;Sim;3;0;0;1;2;0;1;2;-29,5384821;-51,07818092;SPRF-RS;DEL05-RS;UOP02-DEL05-RS
685370;17/04/2025;quinta-feira;12:50:00;PR;369;157;LONDRINA;Condutor deixou de manter distância do veículo da frente;Colisão traseira;Sem Vítimas;Pleno dia;Decrescente;Nublado;Dupla;Reta;Sim;3;0;0;0;3;0;0;2;-23,28574594;-51,23098152;SPRF-PR;DEL07-PR;UOP01-DEL07-PR
685371;16/04/2025;quarta-feira;10:00:00;TO;10;465;PALMAS;Condutor deixou de manter distância do veículo da frente;Colisão traseira;Sem Vítimas;Pleno dia;Crescente;Sol;Dupla;Retorno Regulamentado;Não;2;0;0;0;2;0;0;2;-10,23411666;-48,30546665;SPRF-TO;DEL01-TO;UOP03-DEL01-TO
685372;17/04/2025;quinta-feira;12:08:00;RS;116;38,8;VACARIA;Acessar a via sem observar a presença dos outros veículos;Colisão transversal;Com Vítimas Feridas;Pleno dia;Crescente;Céu Claro;Simples;Reta;Sim;2;0;1;0;1;0;1;2;-28,51087416;-50,93113476;SPRF-RS;DEL05-RS;UOP03-DEL05-RS
685373;16/04/2025;quarta-feira;19:00:00;RN;304;219;CAICARA DO RIO DO VENTO;Iluminação deficiente;Atropelamento de Pedestre;Com Vítimas Feridas;Plena Noite;Crescente;Céu Claro;Simples;Reta;Não;9;0;1;1;5;2;2;2;-5,757073;-35,997462;SPRF-RN;DEL01-RN;UOP03-DEL01-RN
685374;17/04/2025;quinta-feira;11:45:00;PR;376;500;PONTA GROSSA;Desrespeitar a preferência no cruzamento;Colisão transversal;Com Vítimas Feridas;Pleno dia;Crescente;Céu Claro;Simples;Interseção de Vias;Sim;2;0;1;0;1;0;1;2;-25,15714251;-50,12929076;SPRF-PR;DEL03-PR;UOP04-DEL03-PR
685375;17/04/2025;quinta-feira;06:45:00;RN;101;53;CEARA-MIRIM;Ausência de reação do condutor;Colisão traseira;Com Vítimas Feridas;Pleno dia;Crescente;Céu Claro;Simples;Reta;Não;4;0;2;0;2;0;2;2;-5,55758;-35,30337;SPRF-RN;DEL02-RN;UOP01-DEL02-RN
685376;17/04/2025;quinta-feira;12:25:00;RS;116;256;ESTEIO;Trafegar com motocicleta (ou similar) entre as faixas;Colisão lateral mesmo sentido;Com Vítimas Feridas;Pleno dia;Crescente;Céu Claro;Dupla;Reta;Sim;3;0;1;0;1;1;1;3;-29,8451983;-51,17757869;SPRF-RS;DEL01-RS;UOP02-DEL01-RS
685378;17/04/2025;quinta-feira;12:40:00;SC;101;212,2;PALHOCA;Demais falhas mecânicas ou elétricas;Queda de ocupante de veículo;Com Vítimas Feridas;Pleno dia;Crescente;Céu Claro;Múltipla;Reta;Não;2;0;2;0;0;0;2;1;-27,62805767;-48,65713466;SPRF-SC;DEL01-SC;UOP02-DEL01-SC
685379;17/04/2025;quinta-feira;12:20:00;MG;381;512;IGARAPE;Ultrapassagem Indevida;Colisão lateral mesmo sentido;Com Vítimas Feridas;Pleno dia;Decrescente;Céu Claro;Simples;Reta;Sim;2;0;1;0;1;0;1;2;-20,065568;-44,295031;SPRF-MG;DEL01-MG;UOP03-DEL01-MG
685380;17/04/2025;quinta-feira;11:50:00;RO;364;579;ALTO PARAISO;Demais falhas na via;Colisão com objeto;Sem Vítimas;Pleno dia;Crescente;Céu Claro;Simples;Reta;Não;2;0;0;0;2;0;0;1;-9,6116589;-63,07213694;SPRF-RO;DEL01-RO;UOP04-DEL01-RO
685381;17/04/2025;quinta-feira;06:50:00;SP;153;59,6;SAO JOSE DO RIO PRETO;Reação tardia ou ineficiente do condutor;Colisão lateral mesmo sentido;Com Vítimas Feridas;Pleno dia;Crescente;Céu Claro;Dupla;Reta;Sim;3;0;2;0;1;0;2;2;-20,794781;-49,354871;SPRF-SP;DEL09-SP;UOP01-DEL09-SP
685382;10/04/2025;quinta-feira;07:00:00;GO;40;6,8;VALPARAISO DE GOIAS;Reação tardia ou ineficiente do condutor;Colisão traseira;Com Vítimas Feridas;Pleno dia;Decrescente;Céu Claro;Dupla;Reta;Sim;2;0;1;0;1;0;1;2;-16,109598;-47,971397;SPRF-DF;DEL01-DF;UOP01-DEL01-DF
685383;17/04/2025;quinta-feira;11:40:00;MG;381;361;JOAO MONLEVADE;Acessar a via sem observar a presença dos outros veículos;Colisão transversal;Com Vítimas Feridas;Pleno dia;Decrescente;Nublado;Dupla;"Reta;Declive;Retorno Regulamentado";Sim;4;0;1;1;2;0;2;2;-19,84090735;-43,1988823;SPRF-MG;DEL03-MG;UOP01-DEL03-MG
685384;16/04/2025;quarta-feira;18:45:00;PR;369;187;ARAPONGAS;Ausência de reação do condutor;Colisão lateral mesmo sentido;Com Vítimas Feridas;Plena Noite;Crescente;Garoa/Chuvisco;Simples;"Reta;Interseção de Vias";Sim;3;0;2;0;0;1;2;2;-23,42595132;-51,42331123;SPRF-PR;DEL07-PR;UOP03-DEL07-PR
685385;17/04/2025;quinta-feira;07:30:00;RJ;40;17;TRES RIOS;Manobra de mudança de faixa;Colisão lateral mesmo sentido;Com Vítimas Feridas;Pleno dia;Crescente;Céu Claro;Dupla;Curva;Não;9;0;2;0;7;0;2;2;-22,09783273;-43,17194849;SPRF-RJ;DEL05-RJ;UOP02-DEL05-RJ
685387;17/04/2025;quinta-feira;10:50:00;ES;101;122,4;LINHARES;Ausência de reação do condutor;Saída de leito carroçável;Com Vítimas Feridas;Pleno dia;Decrescente;Nublado;Simples;"Reta;Declive";Não;4;0;3;0;1;0;3;1;-19,16405956;-40,08504326;SPRF-ES;DEL04-ES;UOP01-DEL04-ES
685390;17/04/2025;quinta-feira;12:30:00;GO;60;445;JATAI;Acumulo de água sobre o pavimento;Colisão frontal;Com Vítimas Feridas;Pleno dia;Decrescente;Chuva;Dupla;Reta;Não;2;0;1;0;1;0;1;2;-17,845893;-51,476541;SPRF-GO;DEL05-GO;UOP01-DEL05-GO
685391;17/04/2025;quinta-feira;08:30:00;CE;222;5;CAUCAIA;Reação tardia ou ineficiente do condutor;Colisão lateral mesmo sentido;Com Vítimas Feridas;Pleno dia;Decrescente;Sol;Dupla;Reta;Sim;2;0;1;0;1;0;1;2;-3,74340848;-38,61567551;SPRF-CE;DEL01-CE;UOP01-DEL01-CE
685393;17/04/2025;quinta-feira;13:30:00;DF;70;16;BRASILIA;Demais falhas mecânicas ou elétricas;Queda de ocupante de veículo;Com Vítimas Feridas;Pleno dia;Decrescente;Céu Claro;Dupla;Reta;Sim;1;0;1;0;0;0;1;1;-15,79527;-48,199073;SPRF-DF;DEL03-DF;UOP02-DEL03-DF
685395;16/04/2025;quarta-feira;12:55:00;PR;369;156;LONDRINA;Condutor desrespeitou a iluminação vermelha do semáforo;Colisão traseira;Sem Vítimas;Pleno dia;Decrescente;Céu Claro;Dupla;Reta;Sim;2;0;0;0;2;0;0;2;-23,29132;-51,2179533;SPRF-PR;DEL07-PR;UOP01-DEL07-PR