id;data_inversa;dia_semana;horario;uf;br;km;municipio;causa_acidente;tipo_acidente;classificacao_acidente;fase_dia;sentido_via;condicao_metereologica;tipo_pista;tracado_via;uso_solo;pessoas;mortos;feridos_leves;feridos_graves;ilesos;ignorados;feridos;veiculos;latitude;longitude;regional;delegacia;uop
685621;18/04/2025;sexta-feira;02:50:00;SP;116;144;SAO JOSE DOS CAMPOS;Condutor Dormindo;Tombamento;Com Vítimas Feridas;Plena Noite;Decrescente;Nublado;Múltipla;"Declive;Reta";Sim;4;0;1;0;3;0;1;1;-23,18377945;-45,84827581;SPRF-SP;DEL02-SP;UOP01-DEL02-SP
685622;18/04/2025;sexta-feira;03:30:00;ES;101;283;CARIACICA;Condutor Dormindo;Saída de leito carroçável;Com Vítimas Feridas;Plena Noite;Decrescente;Céu Claro;Múltipla;Reta;Sim;4;0;3;0;1;0;3;1;-20,2334214;-40,36909103;SPRF-ES;DEL01-ES;UOP01-DEL01-ES
685623;18/04/2025;sexta-feira;00:30:00;SP;116;504;CAJATI;Ausência de reação do condutor;Capotamento;Com Vítimas Feridas;Plena Noite;Crescente;Céu Claro;Simples;Curva;Não;2;0;2;0;0;0;2;1;-24,789613;-48,210933;SPRF-SP;DEL05-SP;UOP02-DEL05-SP
685624;18/04/2025;sexta-feira;01:30:00;MS;262;290;CAMPO GRANDE;Demais falhas mecânicas ou elétricas;Incêndio;Sem Vítimas;Plena Noite;Decrescente;Nublado;Simples;Curva;Não;1;0;0;0;1;0;0;1;-20,49384769;-54,2029271;SPRF-MS;DEL01-MS;UOP05-DEL01-MS
685625;18/04/2025;sexta-feira;02:30:00;MS;262;319,3;CAMPO GRANDE;Avarias e/ou desgaste excessivo no pneu;Saída de leito carroçável;Com Vítimas Feridas;Plena Noite;Crescente;Céu Claro;Simples;Reta;Não;3;0;3;0;0;0;3;1;-20,470396;-54,470345;SPRF-MS;DEL01-MS;UOP01-DEL01-MS
685626;18/04/2025;sexta-feira;02:20:00;MS;163;202;CAARAPO;Reação tardia ou ineficiente do condutor;Colisão traseira;Com Vítimas Feridas;Amanhecer;Decrescente;Chuva;Dupla;Reta;Não;6;0;1;0;5;0;1;2;-22,680475;-54,792147;SPRF-MS;DEL04-MS;UOP02-DEL04-MS
685627;18/04/2025;sexta-feira;04:10:00;PR;277;584,5;CASCAVEL;Velocidade Incompatível;Colisão com objeto;Com Vítimas Feridas;Plena Noite;Decrescente;Céu Claro;Múltipla;"Interseção de Vias;Curva";Sim;1;0;1;0;0;0;1;1;-24,9665512;-53,4056773;SPRF-PR;DEL04-PR;UOP01-DEL04-PR
685628;18/04/2025;sexta-feira;03:30:00;RS;392;348;SANTA MARIA;Reação tardia ou ineficiente do condutor;Colisão traseira;Com Vítimas Feridas;Plena Noite;Crescente;Céu Claro;Simples;Reta;Sim;4;0;1;0;3;0;1;2;-29,76752526;-53,78449202;SPRF-RS;DEL09-RS;UOP01-DEL09-RS
685629;18/04/2025;sexta-feira;04:25:00;SC;101;58;ARAQUARI;Manobra de mudança de faixa;Queda de ocupante de veículo;Com Vítimas Feridas;Plena Noite;Crescente;Céu Claro;Dupla;Reta;Não;3;0;1;1;1;0;2;2;-26,43959215;-48,80229212;SPRF-SC;DEL03-SC;UOP02-DEL03-SC
685630;18/04/2025;sexta-feira;01:03:00;RJ;101;348;RIO DE JANEIRO;Afundamento ou ondulação no pavimento;Capotamento;Com Vítimas Fatais;Plena Noite;Crescente;Céu Claro;Múltipla;"Viaduto;Reta;Declive";Sim;7;3;3;0;1;0;3;2;-22,81549801;-43,30182548;SPRF-RJ;DEL06-RJ;UOP01-DEL06-RJ
685631;18/04/2025;sexta-feira;04:58:00;PB;230;133,1;MASSARANDUBA;Afundamento ou ondulação no pavimento;Tombamento;Com Vítimas Feridas;Amanhecer;Decrescente;Céu Claro;Dupla;"Curva;Em Obras";Não;1;0;1;0;0;0;1;1;-7,2751099;-35,7384701;SPRF-PB;DEL02-PB;UOP01-DEL02-PB
685632;18/04/2025;sexta-feira;04:20:00;PR;373;175;PONTA GROSSA;Ingestão de álcool pelo condutor;Colisão com objeto;Sem Vítimas;Plena Noite;Crescente;Céu Claro;Dupla;Interseção de Vias;Sim;1;0;0;0;1;0;0;1;-25,06718318;-50,21210779;SPRF-PR;DEL03-PR;UOP01-DEL03-PR
685633;18/04/2025;sexta-feira;05:22:00;PR;369;149;LONDRINA;Ingestão de álcool pelo condutor;Colisão traseira;Com Vítimas Feridas;Amanhecer;Decrescente;Céu Claro;Dupla;Reta;Sim;5;0;1;0;2;2;1;3;-23,2929054;-51,1575034;SPRF-PR;DEL07-PR;UOP01-DEL07-PR
685634;18/04/2025;sexta-feira;05:30:00;RN;304;280;MACAIBA;Condutor Dormindo;Saída de leito carroçável;Com Vítimas Feridas;Amanhecer;Crescente;Céu Claro;Simples;"Curva;Viaduto";Não;1;0;0;1;0;0;1;1;-5,88887036;-35,48890706;SPRF-RN;DEL01-RN;UOP02-DEL01-RN
685636;18/04/2025;sexta-feira;04:30:00;MG;381;544;ITATIAIUCU;Ausência de reação do condutor;Saída de leito carroçável;Sem Vítimas;Amanhecer;Decrescente;Chuva;Dupla;Curva;Não;1;0;0;0;1;0;0;1;-20,24616491;-44,41203082;SPRF-MG;DEL04-MG;UOP03-DEL04-MG
685637;18/04/2025;sexta-feira;05:50:00;SC;101;200;SAO JOSE;Ingestão de álcool pelo condutor;Colisão com objeto;Sem Vítimas;Amanhecer;Crescente;Céu Claro;Dupla;Reta;Sim;1;0;0;0;1;0;0;1;-27,54104194;-48,6221126;SPRF-SC;DEL01-SC;UOP01-DEL01-SC
685638;18/04/2025;sexta-feira;04:30:00;PR;376;326;ORTIGUEIRA;Neblina;Colisão com objeto;Com Vítimas Feridas;Plena Noite;Crescente;Nevoeiro/Neblina;Simples;"Declive;Curva";Não;4;0;1;0;3;0;1;1;-24,0651104;-51,0636508;SPRF-PR;DEL07-PR;UOP02-DEL07-PR
685639;18/04/2025;sexta-feira;06:00:00;SP;381;52;ATIBAIA;Manobra de mudança de faixa;Queda de ocupante de veículo;Com Vítimas Feridas;Pleno dia;Decrescente;Céu Claro;Dupla;Reta;Não;2;0;1;0;0;1;1;2;-23,21962847;-46,59544992;SPRF-SP;DEL03-SP;UOP01-DEL03-SP
685642;18/04/2025;sexta-feira;06:15:00;SP;116;207;GUARULHOS;Trafegar com motocicleta (ou similar) entre as faixas;Colisão traseira;Com Vítimas Feridas;Pleno dia;Decrescente;Céu Claro;Múltipla;Reta;Sim;2;0;1;0;1;0;1;2;-23,42034955;-46,38614106;SPRF-SP;DEL01-SP;UOP01-DEL01-SP
685645;18/04/2025;sexta-feira;06:35:00;SC;282;29,6;SANTO AMARO DA IMPERATRIZ;Condutor Dormindo;Colisão frontal;Com Vítimas Feridas;Amanhecer;Decrescente;Céu Claro;Simples;Curva;Não;11;0;6;0;5;0;6;3;-27,68581;-48,79043;SPRF-SC;DEL01-SC;UOP03-DEL01-SC
685646;18/04/2025;sexta-feira;06:45:00;SC;101;421;ARARANGUA;Ingestão de álcool pelo condutor;Colisão com objeto;Com Vítimas Feridas;Amanhecer;Decrescente;Nublado;Simples;Reta;Não;1;0;1;0;0;0;1;1;-29,0106142;-49,573937;SPRF-SC;DEL02-SC;UOP02-DEL02-SC
685647;18/04/2025;sexta-feira;03:00:00;GO;153;563,9;PROFESSOR JAMIL;Condutor Dormindo;Saída de leito carroçável;Com Vítimas Feridas;Amanhecer;Decrescente;Céu Claro;Dupla;Reta;Não;1;0;1;0;0;0;1;1;-17,240657;-49,239768;SPRF-GO;DEL03-GO;UOP01-DEL03-GO
685648;18/04/2025;sexta-feira;05:30:00;RS;386;438;CANOAS;Reação tardia ou ineficiente do condutor;Colisão traseira;Sem Vítimas;Plena Noite;Decrescente;Nevoeiro/Neblina;Simples;"Reta;Ponte";Não;3;0;0;0;3;0;0;2;-29,88337153;-51,23058895;SPRF-RS;DEL04-RS;UOP02-DEL04-RS
685651;16/04/2025;quarta-feira;21:30:00;SC;280;31;ARAQUARI;Acessar a via sem observar a presença dos outros veículos;Colisão transversal;Com Vítimas Feridas;Plena Noite;Crescente;Céu Claro;Simples;Reta;Não;4;0;2;0;2;0;2;2;-26,415228;-48,7656;SPRF-SC;DEL03-SC;UOP03-DEL03-SC
685652;18/04/2025;sexta-feira;07:30:00;MG;40;630,9;CONSELHEIRO LAFAIETE;Transitar na contramão;Colisão frontal;Com Vítimas Feridas;Pleno dia;Crescente;Nublado;Simples;Reta;Sim;3;0;2;1;0;0;3;2;-20,66921758;-43,80167735;SPRF-MG;DEL05-MG;UOP02-DEL05-MG
685653;18/04/2025;sexta-feira;04:30:00;MG;365;611,8;UBERLANDIA;Animais na Pista;Atropelamento de Animal;Com Vítimas Feridas;Plena Noite;Crescente;Céu Claro;Simples;Reta;Sim;2;0;1;0;1;0;1;1;-18,92475295;-48,19886148;SPRF-MG;DEL15-MG;UOP01-DEL15-MG
685656;18/04/2025;sexta-feira;06:50:00;PI;343;314,3;ALTOS;Condutor deixou de manter distância do veículo da frente;Colisão traseira;Com Vítimas Feridas;Pleno dia;Decrescente;Céu Claro;Simples;Reta;Não;2;0;1;0;1;0;1;2;-5,04721;-42,5218;SPRF-PI;DEL01-PI;UOP01-DEL01-PI
685657;18/04/2025;sexta-feira;05:40:00;PR;277;123,5;CAMPO LARGO;Manobra de mudança de faixa;Colisão lateral mesmo sentido;Com Vítimas Feridas;Amanhecer;Crescente;Nublado;Dupla;Curva;Não;3;0;1;1;1;0;2;2;-25,436;-49,516;SPRF-PR;DEL03-PR;UOP03-DEL03-PR
685658;18/04/2025;sexta-feira;05:30:00;MT;364;392;CUIABA;Condutor deixou de manter distância do veículo da frente;Saída de leito carroçável;Com Vítimas Feridas;Pleno dia;Decrescente;Céu Claro;Dupla;Reta;Não;3;0;3;0;0;0;3;1;-15,687207;-55,9141086;SPRF-MT;DEL01-MT;UOP02-DEL01-MT
685659;16/04/2025;quarta-feira;16:55:00;GO;50;279,9;CATALAO;Condutor deixou de manter distância do veículo da frente;Colisão traseira;Com Vítimas Feridas;Pleno dia;Decrescente;Céu Claro;Simples;Reta;Sim;2;0;1;0;1;0;1;2;-18,178285;-47,936389;SPRF-GO;DEL06-GO;UOP01-DEL06-GO
685660;12/04/2025;sábado;15:45:00;RS;116;212,2;MORRO REUTER;Condutor Dormindo;Saída de leito carroçável;Com Vítimas Feridas;Pleno dia;Decrescente;Céu Claro;Simples;Curva;Não;2;0;0;1;1;0;1;1;-29,52157627;-51,08579094;SPRF-RS;DEL05-RS;UOP02-DEL05-RS
685662;16/04/2025;quarta-feira;13:00:00;MG;40;632,7;CONSELHEIRO LAFAIETE;Conversão proibida;Colisão transversal;Com Vítimas Feridas;Pleno dia;Decrescente;Chuva;Simples;"Reta;Declive";Não;3;0;0;1;2;0;1;2;-20,68157407;-43,79423976;SPRF-MG;DEL05-MG;UOP02-DEL05-MG
685663;18/04/2025;sexta-feira;07:28:00;SC;101;19;JOINVILLE;Reação tardia ou ineficiente do condutor;Colisão traseira;Com Vítimas Feridas;Pleno dia;Crescente;Céu Claro;Dupla;"Reta;Aclive";Não;3;0;1;0;2;0;1;2;-26,1342774;-48,8970721;SPRF-SC;DEL03-SC;UOP01-DEL03-SC
685664;18/04/2025;sexta-feira;07:38:00;SP;116;282;EMBU DAS ARTES;Pedestre cruzava a pista fora da faixa;Atropelamento de Pedestre;Com Vítimas Feridas;Pleno dia;Crescente;Céu Claro;Dupla;Reta;Sim;2;0;1;0;1;0;1;2;-23,66041;-46,85193121;SPRF-SP;DEL04-SP;UOP01-DEL04-SP
685666;18/04/2025;sexta-feira;07:30:00;MG;381;399,2;BOM JESUS DO AMPARO;Pista esburacada;Saída de leito carroçável;Com Vítimas Feridas;Pleno dia;Decrescente;Sol;Dupla;Curva;Não;1;0;0;1;0;0;1;1;-19,74931278;-43,52781237;SPRF-MG;DEL01-MG;UOP01-DEL01-MG
685668;18/04/2025;sexta-feira;04:40:00;MG;381;287;JAGUARACU;Ultrapassagem Indevida;Colisão frontal;Com Vítimas Feridas;Plena Noite;Decrescente;Céu Claro;Simples;Reta;Não;2;0;1;0;1;0;1;2;-19,6128641;-42,7690442;SPRF-MG;DEL03-MG;UOP02-DEL03-MG
685669;18/04/2025;sexta-feira;07:30:00;SP;116;222;GUARULHOS;Reação tardia ou ineficiente do condutor;Colisão com objeto;Sem Vítimas;Pleno dia;Crescente;Nublado;Múltipla;Reta;Não;1;0;0;0;1;0;0;1;-23,47654184;-46,52674556;SPRF-SP;DEL01-SP;UOP01-DEL01-SP
685670;18/04/2025;sexta-feira;04:30:00;MT;163;911;ITAUBA;Reação tardia ou ineficiente do condutor;Saída de leito carroçável;Com Vítimas Feridas;Amanhecer;Crescente;Nublado;Simples;"Reta;Aclive";Não;2;0;1;1;0;0;2;1;-11,209393;-55,305008;SPRF-MT;DEL06-MT;UOP02-DEL06-MT
685673;16/04/2025;quarta-feira;10:30:00;PI;343;56;BURITI DOS LOPES;Demais falhas mecânicas ou elétricas;Eventos atípicos;Sem Vítimas;Pleno dia;Crescente;Céu Claro;Simples;Reta;Não;2;0;0;0;2;0;0;1;-3,21593093;-41,82495117;SPRF-PI;DEL05-PI;UOP01-DEL05-PI
685674;18/04/2025;sexta-feira;07:35:00;SC;470;87;ASCURRA;Acesso irregular;Colisão transversal;Com Vítimas Feridas;Pleno dia;Decrescente;Céu Claro;Simples;Reta;Sim;2;0;0;1;1;0;1;2;-26,94984639;-49,36839581;SPRF-SC;DEL04-SC;UOP01-DEL04-SC
685675;16/04/2025;quarta-feira;18:50:00;RJ;101;60;CAMPOS DOS GOYTACAZES;Retorno proibido;Colisão transversal;Com Vítimas Feridas;Anoitecer;Decrescente;Nublado;Simples;Reta;Sim;3;0;1;0;2;0;1;2;-21,72288591;-41,31779458;SPRF-RJ;DEL08-RJ;UOP01-DEL08-RJ
685680;18/04/2025;sexta-feira;07:30:00;PR;163;147;CAPITAO LEONIDAS MARQUES;Reação tardia ou ineficiente do condutor;Saída de leito carroçável;Com Vítimas Feridas;Plena Noite;Crescente;Céu Claro;Dupla;Curva;Não;1;0;1;0;0;0;1;1;-25,44227677;-53,57721057;SPRF-PR;DEL05-PR;UOP05-DEL05-PR
685681;18/04/2025;sexta-feira;09:15:00;SP;116;139;SAO JOSE DOS CAMPOS;Reação tardia ou ineficiente do condutor;Colisão traseira;Sem Vítimas;Pleno dia;Decrescente;Céu Claro;Dupla;Reta;Não;3;0;0;0;3;0;0;2;-23,15931857;-45,79897642;SPRF-SP;DEL02-SP;UOP01-DEL02-SP
685682;18/04/2025;sexta-feira;09:30:00;MG;262;860,5;CAMPO FLORIDO;Acumulo de água sobre o pavimento;Saída de leito carroçável;Sem Vítimas;Pleno dia;Crescente;Chuva;Dupla;Reta;Não;2;0;0;0;2;0;0;1;-19,7752931;-48,493357;SPRF-MG;DEL13-MG;UOP01-DEL13-MG
685683;18/04/2025;sexta-feira;09:16:00;PI;343;340;TERESINA;Manobra de mudança de faixa;Queda de ocupante de veículo;Com Vítimas Feridas;Pleno dia;Decrescente;Céu Claro;Múltipla;Reta;Não;2;0;2;0;0;0;2;1;-5,074964;-42,737226;SPRF-PI;DEL01-PI;UOP01-DEL01-PI
685685;18/04/2025;sexta-feira;08:00:00;SC;280;147,8;MAFRA;Condutor Dormindo;Colisão lateral sentido oposto;Com Vítimas Feridas;Pleno dia;Decrescente;Céu Claro;Simples;Reta;Não;10;0;3;0;7;0;3;3;-26,24952;-49,6753;SPRF-SC;DEL06-SC;UOP03-DEL06-SC
685687;18/04/2025;sexta-feira;09:40:00;RS;158;101,8;PALMEIRA DAS MISSOES;Acessar a via sem observar a presença dos outros veículos;Colisão transversal;Com Vítimas Feridas;Pleno dia;Crescente;Nublado;Simples;Reta;Não;3;0;1;0;2;0;1;2;-27,911766;-53,338051;SPRF-RS;DEL08-RS;UOP01-DEL08-RS
685689;18/04/2025;sexta-feira;09:10:00;ES;101;214;IBIRACU;Ausência de reação do condutor;Colisão traseira;Sem Vítimas;Pleno dia;Crescente;Nublado;Simples;Reta;Sim;2;0;0;0;2;0;0;2;-19,830006;-40,372636;SPRF-ES;DEL02-ES;UOP01-DEL02-ES
685691;18/04/2025;sexta-feira;09:50:00;SC;101;123,2;ITAJAI;Manobra de mudança de faixa;Colisão lateral mesmo sentido;Com Vítimas Feridas;Pleno dia;Decrescente;Nublado;Dupla;Reta;Não;3;0;0;2;1;0;2;2;-26,93428424;-48,70094419;SPRF-SC;DEL04-SC;UOP04-DEL04-SC
685693;18/04/2025;sexta-feira;09:00:00;RS;116;430;CRISTAL;Reação tardia ou ineficiente do condutor;Colisão traseira;Sem Vítimas;Pleno dia;Crescente;Céu Claro;Simples;Reta;Não;2;0;0;0;1;1;0;2;-31,02635;-52,04951;SPRF-RS;DEL02-RS;UOP02-DEL02-RS
685694;18/04/2025;sexta-feira;09:00:00;MS;163;261,8;DOURADOS;Reação tardia ou ineficiente do condutor;Tombamento;Com Vítimas Feridas;Pleno dia;Decrescente;Chuva;Dupla;Reta;Sim;2;0;1;0;1;0;1;2;-22,23580472;-54,75831505;SPRF-MS;DEL04-MS;UOP01-DEL04-MS
685695;18/04/2025;sexta-feira;10:15:00;RS;116;527,9;CAPAO DO LEAO;Ausência de reação do condutor;Colisão traseira;Com Vítimas Feridas;Pleno dia;Crescente;Céu Claro;Simples;Reta;Não;2;0;1;0;1;0;1;2;-31,7499329;-52,41670305;SPRF-RS;DEL07-RS;UOP01-DEL07-RS
685696;18/04/2025;sexta-feira;09:30:00;SP;116;82;ROSEIRA;Ausência de reação do condutor;Colisão lateral mesmo sentido;Com Vítimas Feridas;Pleno dia;Decrescente;Nublado;Dupla;Reta;Não;2;0;1;0;1;0;1;2;-22,90986336;-45,32045726;SPRF-SP;DEL08-SP;UOP01-DEL08-SP
685698;18/04/2025;sexta-feira;10:00:00;SC;101;457;SAO JOAO DO SUL;Ausência de reação do condutor;Colisão lateral mesmo sentido;Com Vítimas Feridas;Pleno dia;Decrescente;Céu Claro;Dupla;Reta;Não;3;0;2;0;0;1;2;2;-29,23918;-49,7567426;SPRF-SC;DEL02-SC;UOP02-DEL02-SC
685699;18/04/2025;sexta-feira;10:15:00;PR;116;83;PIRAQUARA;Ingestão de álcool pelo condutor;Saída de leito carroçável;Com Vítimas Feridas;Pleno dia;Crescente;Céu Claro;Dupla;Reta;Não;2;0;2;0;0;0;2;2;-25,42857572;-49,08053745;SPRF-PR;DEL01-PR;UOP02-DEL01-PR
685701;18/04/2025;sexta-feira;10:20:00;RJ;101;330;RIO DE JANEIRO;Condutor deixou de manter distância do veículo da frente;Engavetamento;Com Vítimas Feridas;Pleno dia;Decrescente;Céu Claro;Dupla;Reta;Não;4;0;1;0;3;0;1;3;-22,86946719;-43,17633826;SPRF-RJ;DEL02-RJ;UOP01-DEL02-RJ
685702;18/04/2025;sexta-feira;10:15:00;PR;116;149;MANDIRITUBA;Condutor deixou de manter distância do veículo da frente;Colisão traseira;Sem Vítimas;Pleno dia;Crescente;Céu Claro;Simples;Reta;Não;3;0;0;0;3;0;0;3;-25,840285;-49,3451;SPRF-PR;DEL01-PR;UOP03-DEL01-PR
685703;18/04/2025;sexta-feira;11:10:00;DF;70;18,4;BRASILIA;Avarias e/ou desgaste excessivo no pneu;Queda de ocupante de veículo;Com Vítimas Feridas;Pleno dia;Decrescente;Céu Claro;Múltipla;Reta;Não;2;0;2;0;0;0;2;1;-15,789625;-48,214654;SPRF-DF;DEL03-DF;UOP02-DEL03-DF
685704;18/04/2025;sexta-feira;11:00:00;SP;116;144,1;SAO JOSE DOS CAMPOS;Manobra de mudança de faixa;Colisão lateral mesmo sentido;Com Vítimas Feridas;Pleno dia;Decrescente;Céu Claro;Dupla;Reta;Não;3;0;1;0;1;1;1;3;-23,18084248;-45,8425355;SPRF-SP;DEL02-SP;UOP01-DEL02-SP
685705;18/04/2025;sexta-feira;08:30:00;BA;116;528;ITATIM;Velocidade Incompatível;Saída de leito carroçável;Com Vítimas Feridas;Pleno dia;Crescente;Céu Claro;Simples;"Reta;Declive";Não;2;0;1;0;1;0;1;1;-12,73336802;-39,78003502;SPRF-BA;DEL03-BA;UOP02-DEL03-BA
685706;18/04/2025;sexta-feira;11:15:00;RS;392;346;SANTA MARIA;Ingestão de álcool pelo condutor;Colisão traseira;Sem Vítimas;Pleno dia;Crescente;Sol;Simples;Reta;Sim;3;0;0;0;3;0;0;2;-29,75262489;-53,7897803;SPRF-RS;DEL09-RS;UOP01-DEL09-RS
685707;18/04/2025;sexta-feira;10:00:00;RJ;101;312;SAO GONCALO;Manobra de mudança de faixa;Colisão transversal;Com Vítimas Feridas;Pleno dia;Decrescente;Céu Claro;Dupla;Reta;Sim;3;0;1;0;1;1;1;2;-22,80580016;-43,06202;SPRF-RJ;DEL02-RJ;UOP02-DEL02-RJ
685710;17/04/2025;quinta-feira;16:30:00;MA;316;244;BOM JARDIM;Ausência de reação do condutor;Capotamento;Com Vítimas Fatais;Pleno dia;Crescente;Nublado;Simples;Reta;Não;2;1;0;0;1;0;0;1;-3,62214848;-45,51444769;SPRF-MA;DEL02-MA;UOP01-DEL02-MA
685711;18/04/2025;sexta-feira;10:30:00;RS;158;542,4;SANTANA DO LIVRAMENTO;Ultrapassagem Indevida;Capotamento;Com Vítimas Feridas;Pleno dia;Crescente;Céu Claro;Simples;"Reta;Declive";Não;6;0;2;0;4;0;2;2;-30,8115;-55,291;SPRF-RS;DEL11-RS;UOP01-DEL11-RS
685714;18/04/2025;sexta-feira;08:10:00;RS;285;265,9;MATO CASTELHANO;Ultrapassagem Indevida;Colisão frontal;Com Vítimas Feridas;Pleno dia;Decrescente;Céu Claro;Simples;Reta;Não;4;0;1;1;2;0;2;2;-28,30257321;-52,12795788;SPRF-RS;DEL08-RS;UOP03-DEL08-RS
685715;16/04/2025;quarta-feira;21:40:00;SP;459;32;LORENA;Ausência de reação do condutor;Queda de ocupante de veículo;Com Vítimas Feridas;Plena Noite;Decrescente;Nublado;Simples;Reta;Sim;5;0;5;0;0;0;5;3;-22,739923;-45,094269;SPRF-SP;DEL08-SP;UOP02-DEL08-SP
685716;18/04/2025;sexta-feira;10:15:00;MG;381;856,9;POUSO ALEGRE;Velocidade Incompatível;Saída de leito carroçável;Com Vítimas Feridas;Pleno dia;Crescente;Sol;Dupla;Reta;Não;2;0;1;0;1;0;1;2;-22,29555888;-45,89901209;SPRF-MG;DEL16-MG;UOP01-DEL16-MG
685717;18/04/2025;sexta-feira;11:25:00;SP;381;42;ATIBAIA;Área urbana sem a presença de local apropriado para a travessia de pedestres;Atropelamento de Pedestre;Com Vítimas Feridas;Pleno dia;Decrescente;Céu Claro;Dupla;"Reta;Aclive";Sim;5;0;3;1;1;0;4;2;-23,14519;-46,574981;SPRF-SP;DEL03-SP;UOP01-DEL03-SP
685718;18/04/2025;sexta-feira;11:00:00;RS;392;317,8;SAO SEPE;Acessar a via sem observar a presença dos outros veículos;Colisão transversal;Com Vítimas Feridas;Pleno dia;Crescente;Céu Claro;Simples;"Reta;Interseção de Vias";Não;3;0;2;0;0;1;2;3;-30,009743;-53,683691;SPRF-RS;DEL09-RS;UOP01-DEL09-RS
685720;18/04/2025;sexta-feira;11:00:00;BA;116;1;VITORIA DA CONQUISTA;Ausência de reação do condutor;Saída de leito carroçável;Com Vítimas Feridas;Pleno dia;Crescente;Céu Claro;Simples;Reta;Não;1;0;1;0;0;0;1;1;-14,825372;-40,84807;SPRF-BA;DEL08-BA;UOP01-DEL08-BA
685722;18/04/2025;sexta-feira;11:00:00;RO;364;702;PORTO VELHO;Demais falhas mecânicas ou elétricas;Tombamento;Com Vítimas Feridas;Pleno dia;Decrescente;Céu Claro;Dupla;Reta;Não;2;0;2;0;0;0;2;1;-8,80062644;-63,78392631;SPRF-RO;DEL01-RO;UOP01-DEL01-RO
685723;18/04/2025;sexta-feira;10:30:00;MT;70;423,7;CAMPO VERDE;Avarias e/ou desgaste excessivo no pneu;Saída de leito carroçável;Com Vítimas Feridas;Pleno dia;Crescente;Sol;Simples;Reta;Não;1;0;0;1;0;0;1;1;-15,79305235;-55,39185973;SPRF-MT;DEL05-MT;UOP02-DEL05-MT
685724;18/04/2025;sexta-feira;11:35:00;ES;101;151;LINHARES;Transitar na contramão;Colisão frontal;Sem Vítimas;Pleno dia;Decrescente;Nublado;Simples;Curva;Sim;2;0;0;0;2;0;0;2;-19,4044895;-40,0609856;SPRF-ES;DEL04-ES;UOP01-DEL04-ES
685726;16/04/2025;quarta-feira;19:45:00;PA;316;85;SAO FRANCISCO DO PARA;Conversão proibida;Colisão frontal;Com Vítimas Feridas;Plena Noite;Decrescente;Garoa/Chuvisco;Simples;"Reta;Declive";Não;2;0;0;1;1;0;1;2;-1,312627;-47,730242;SPRF-PA;DEL01-PA;UOP02-DEL01-PA
685727;18/04/2025;sexta-feira;09:10:00;PR;277;651,3;MATELANDIA;Transitar na contramão;Colisão transversal;Com Vítimas Feridas;Pleno dia;Crescente;Céu Claro;Simples;Reta;Sim;5;0;2;0;3;0;2;2;-25,197742;-53,943837;SPRF-PR;DEL05-PR;UOP02-DEL05-PR
685728;18/04/2025;sexta-feira;11:30:00;MS;267;578,2;CARACOL;Chuva;Saída de leito carroçável;Com Vítimas Feridas;Pleno dia;Crescente;Chuva;Simples;"Aclive;Curva";Não;2;0;0;1;1;0;1;1;-21,75663;-56,942216;SPRF-MS;DEL05-MS;UOP01-DEL05-MS
685731;18/04/2025;sexta-feira;09:35:00;MG;262;56,1;MANHUACU;Transitar na contramão;Colisão transversal;Com Vítimas Feridas;Pleno dia;Crescente;Céu Claro;Simples;Reta;Não;2;0;1;0;1;0;1;2;-20,266529;-42,182263;SPRF-MG;DEL06-MG;UOP03-DEL06-MG
685732;18/04/2025;sexta-feira;12:43:00;MG;381;726,7;CARMO DA CACHOEIRA;Ausência de reação do condutor;Saída de leito carroçável;Com Vítimas Feridas;Pleno dia;Decrescente;Nublado;Dupla;"Declive;Curva";Não;5;0;0;2;3;0;2;2;-21,47532465;-45,20322561;SPRF-MG;DEL04-MG;UOP02-DEL04-MG
685733;18/04/2025;sexta-feira;12:20:00;SC;101;48,5;JOINVILLE;Ausência de reação do condutor;Colisão traseira;Com Vítimas Feridas;Pleno dia;Crescente;Céu Claro;Dupla;Reta;Não;1;0;1;0;0;0;1;1;-26,37785368;-48,85245496;SPRF-SC;DEL03-SC;UOP01-DEL03-SC
685734;18/04/2025;sexta-feira;13:05:00;PR;376;659;TIJUCAS DO SUL;Condutor deixou de manter distância do veículo da frente;Colisão traseira;Com Vítimas Feridas;Pleno dia;Crescente;Céu Claro;Simples;"Reta;Declive";Não;3;0;2;0;1;0;2;2;-25,85497548;-48,99772525;SPRF-PR;DEL01-PR;UOP04-DEL01-PR
685735;18/04/2025;sexta-feira;09:50:00;SC;101;334,3;TUBARAO;Reação tardia ou ineficiente do condutor;Colisão traseira;Com Vítimas Feridas;Pleno dia;Decrescente;Céu Claro;Múltipla;Reta;Não;5;0;1;2;2;0;3;3;-28,47225118;-49,02256066;SPRF-SC;DEL02-SC;UOP01-DEL02-SC
685736;18/04/2025;sexta-feira;11:00:00;PR;376;664;GUARATUBA;Demais falhas mecânicas ou elétricas;Incêndio;Sem Vítimas;Pleno dia;Decrescente;Céu Claro;Dupla;"Curva;Aclive";Não;1;0;0;0;1;0;0;1;-25,85383748;-48,95171357;SPRF-PR;DEL01-PR;UOP04-DEL01-PR
685737;16/04/2025;quarta-feira;10:10:00;RO;421;9;ARIQUEMES;Reação tardia ou ineficiente do condutor;Capotamento;Com Vítimas Feridas;Pleno dia;Crescente;Céu Claro;Simples;"Reta;Declive";Não;4;0;0;3;0;1;3;2;-9,97223198;-63,12744141;SPRF-RO;DEL03-RO;UOP01-DEL03-RO