id;data_inversa;dia_semana;horario;uf;br;km;municipio;causa_acidente;tipo_acidente;classificacao_acidente;fase_dia;sentido_via;condicao_metereologica;tipo_pista;tracado_via;uso_solo;pessoas;mortos;feridos_leves;feridos_graves;ilesos;ignorados;feridos;veiculos;latitude;longitude;regional;delegacia;uop
686289;20/04/2025;domingo;19:30:00;PE;101;82;JABOATAO DOS GUARARAPES;Acessar a via sem observar a presença dos outros veículos;Colisão traseira;Com Vítimas Feridas;Plena Noite;Crescente;Chuva;Dupla;Reta;Sim;2;0;0;1;1;0;1;2;-8,166275;-34,938534;SPRF-PE;DEL01-PE;UOP01-DEL01-PE
686290;20/04/2025;domingo;18:00:00;MT;163;962;NOVA SANTA HELENA;Afundamento ou ondulação no pavimento;Queda de ocupante de veículo;Com Vítimas Feridas;Plena Noite;Crescente;Ignorado;Simples;Declive;Não;1;0;0;1;0;0;1;1;-10,79;-55,162;SPRF-MT;DEL06-MT;UOP02-DEL06-MT
686291;20/04/2025;domingo;19:20:00;RN;226;110,5;SANTA CRUZ;Velocidade Incompatível;Colisão transversal;Com Vítimas Feridas;Plena Noite;Decrescente;Céu Claro;Simples;"Reta;Aclive";Sim;3;0;0;1;2;0;1;3;-6,23237;-36,015107;SPRF-RN;DEL03-RN;UOP02-DEL03-RN
686292;20/04/2025;domingo;19:40:00;ES;101;48;CONCEICAO DA BARRA;Transitar na contramão;Colisão frontal;Com Vítimas Feridas;Plena Noite;Crescente;Nublado;Simples;"Reta;Declive";Não;3;0;1;0;2;0;1;2;-18,56955634;-39,89731528;SPRF-ES;DEL04-ES;UOP02-DEL04-ES
686293;20/04/2025;domingo;19:00:00;PR;277;389;CANDOI;Acessar a via sem observar a presença dos outros veículos;Colisão transversal;Com Vítimas Feridas;Plena Noite;Crescente;Céu Claro;Simples;Reta;Não;4;0;1;0;3;0;1;2;-25,44444931;-51,86578404;SPRF-PR;DEL08-PR;UOP01-DEL08-PR
686294;20/04/2025;domingo;18:20:00;RJ;40;96;RIO DE JANEIRO;Pista Escorregadia;Colisão com objeto;Com Vítimas Feridas;Anoitecer;Crescente;Chuva;Dupla;Reta;Não;2;0;2;0;0;0;2;1;-22,904832;-43,2898048;SPRF-RJ;DEL01-RJ;UOP01-DEL01-RJ
686295;20/04/2025;domingo;18:30:00;PI;222;64,5;PIRIPIRI;Reação tardia ou ineficiente do condutor;Saída de leito carroçável;Com Vítimas Feridas;Plena Noite;Crescente;Nublado;Simples;Reta;Não;2;0;1;0;0;1;1;1;-4,2869311;-41,7705886;SPRF-PI;DEL02-PI;UOP01-DEL02-PI
686296;20/04/2025;domingo;20:50:00;DF;40;4;BRASILIA;Transtornos Mentais (exceto suicidio);Queda de ocupante de veículo;Com Vítimas Feridas;Plena Noite;Decrescente;Céu Claro;Dupla;Reta;Sim;1;0;0;1;0;0;1;1;-16,00971018;-47,98235178;SPRF-DF;DEL01-DF;UOP01-DEL01-DF
686297;20/04/2025;domingo;19:00:00;PB;361;4,5;SAO MAMEDE;Ultrapassagem Indevida;Colisão lateral sentido oposto;Com Vítimas Feridas;Plena Noite;Crescente;Garoa/Chuvisco;Simples;Reta;Sim;3;0;1;1;1;0;2;2;-6,92698172;-37,06953933;SPRF-PB;DEL03-PB;UOP01-DEL03-PB
686298;20/04/2025;domingo;18:00:00;MS;262;361;CAMPO GRANDE;Ultrapassagem Indevida;Colisão frontal;Com Vítimas Feridas;Plena Noite;Decrescente;Céu Claro;Simples;Reta;Não;3;0;2;0;1;0;2;2;-20,5208707;-54,7142291;SPRF-MS;DEL01-MS;UOP03-DEL01-MS
686299;20/04/2025;domingo;18:10:00;BA;101;286;LAJE;Ingestão de álcool pelo condutor;Colisão traseira;Com Vítimas Feridas;Plena Noite;Decrescente;Céu Claro;Simples;Reta;Não;2;0;1;0;1;0;1;2;-13,161457;-39,304367;SPRF-BA;DEL01-BA;UOP02-DEL01-BA
686300;20/04/2025;domingo;03:30:00;SC;280;237,9;CANOINHAS;Acessar a via sem observar a presença dos outros veículos;Colisão transversal;Sem Vítimas;Plena Noite;Decrescente;Nublado;Simples;Reta;Não;3;0;0;0;3;0;0;3;-26,20534507;-50,43866694;SPRF-SC;DEL06-SC;UOP04-DEL06-SC
686301;20/04/2025;domingo;20:40:00;RS;101;80,7;OSORIO;Acessar a via sem observar a presença dos outros veículos;Colisão lateral mesmo sentido;Com Vítimas Feridas;Plena Noite;Crescente;Céu Claro;Dupla;Reta;Não;4;0;1;0;3;0;1;2;-29,835329;-50,24653;SPRF-RS;DEL03-RS;UOP01-DEL03-RS
686302;20/04/2025;domingo;21:00:00;TO;153;334;GUARAI;Ingestão de álcool pelo condutor;Colisão com objeto;Sem Vítimas;Plena Noite;Crescente;Céu Claro;Simples;Interseção de Vias;Sim;2;0;0;0;1;1;0;2;-8,82695847;-48,51247665;SPRF-TO;DEL02-TO;UOP02-DEL02-TO
686304;20/04/2025;domingo;19:50:00;RJ;101;311;SAO GONCALO;Trafegar com motocicleta (ou similar) entre as faixas;Colisão traseira;Com Vítimas Feridas;Plena Noite;Decrescente;Garoa/Chuvisco;Dupla;Reta;Sim;4;0;2;0;2;0;2;2;-22,8046682;-43,06022644;SPRF-RJ;DEL02-RJ;UOP02-DEL02-RJ
686305;16/04/2025;quarta-feira;16:15:00;PR;469;14,5;FOZ DO IGUACU;Condutor deixou de manter distância do veículo da frente;Colisão lateral mesmo sentido;Com Vítimas Feridas;Pleno dia;Decrescente;Céu Claro;Simples;"Reta;Em Obras";Sim;2;0;1;0;1;0;1;2;-25,5811304;-54,5321504;SPRF-PR;DEL05-PR;UOP04-DEL05-PR
686306;20/04/2025;domingo;20:30:00;SC;282;486,7;FAXINAL DOS GUEDES;Reação tardia ou ineficiente do condutor;Saída de leito carroçável;Com Vítimas Feridas;Plena Noite;Crescente;Céu Claro;Simples;Reta;Não;4;0;4;0;0;0;4;1;-26,856223;-52,24712;SPRF-SC;DEL07-SC;UOP01-DEL07-SC
686307;20/04/2025;domingo;21:20:00;SP;116;89,9;PINDAMONHANGABA;Entrada inopinada do pedestre;Colisão transversal;Com Vítimas Feridas;Plena Noite;Crescente;Nublado;Dupla;Reta;Sim;2;0;1;1;0;0;2;2;-22,942782;-45,385938;SPRF-SP;DEL08-SP;UOP01-DEL08-SP
686308;20/04/2025;domingo;16:50:00;SP;116;124,5;CACAPAVA;Ingestão de álcool pelo condutor;Saída de leito carroçável;Com Vítimas Feridas;Pleno dia;Crescente;Céu Claro;Dupla;"Curva;Interseção de Vias;Aclive";Não;2;0;1;0;0;1;1;2;-23,09532562;-45,68186045;SPRF-SP;DEL02-SP;UOP02-DEL02-SP
686311;20/04/2025;domingo;18:45:00;SC;470;319,8;CAMPOS NOVOS;Ausência de reação do condutor;Colisão traseira;Com Vítimas Feridas;Anoitecer;Decrescente;Céu Claro;Simples;"Reta;Aclive";Não;4;0;1;0;3;0;1;3;-27,41304167;-51,23286366;SPRF-SC;DEL07-SC;UOP06-DEL07-SC
686312;16/04/2025;quarta-feira;17:40:00;RJ;101;321;NITEROI;Condutor deixou de manter distância do veículo da frente;Colisão lateral mesmo sentido;Com Vítimas Feridas;Anoitecer;Decrescente;Céu Claro;Dupla;"Reta;Aclive";Sim;3;0;2;0;1;0;2;2;-22,87343363;-43,10994923;SPRF-RJ;DEL02-RJ;UOP01-DEL02-RJ
686313;20/04/2025;domingo;21:25:00;PR;376;221,8;CAMBIRA;Ausência de reação do condutor;Saída de leito carroçável;Com Vítimas Feridas;Plena Noite;Crescente;Céu Claro;Dupla;Retorno Regulamentado;Não;2;0;1;0;1;0;1;1;-23,602;-51,597;SPRF-PR;DEL09-PR;UOP01-DEL09-PR
686314;20/04/2025;domingo;22:00:00;PR;277;729;FOZ DO IGUACU;Condutor deixou de manter distância do veículo da frente;Colisão traseira;Sem Vítimas;Plena Noite;Crescente;Céu Claro;Simples;"Declive;Reta";Não;2;0;0;0;2;0;0;2;-25,50813164;-54,59212285;SPRF-PR;DEL05-PR;UOP03-DEL05-PR
686316;20/04/2025;domingo;22:10:00;PR;277;340;GUARAPUAVA;Reação tardia ou ineficiente do condutor;Capotamento;Sem Vítimas;Plena Noite;Crescente;Céu Claro;Simples;Reta;Não;2;0;0;0;1;1;0;1;-25,34476294;-51,44283772;SPRF-PR;DEL08-PR;UOP01-DEL08-PR
686317;20/04/2025;domingo;21:02:00;PE;316;59;TRINDADE;Transitar na contramão;Colisão frontal;Com Vítimas Feridas;Plena Noite;Crescente;Céu Claro;Simples;Reta;Sim;5;0;4;1;0;0;5;2;-7,7698961;-40,25846529;SPRF-PE;DEL05-PE;UOP02-DEL05-PE
686318;20/04/2025;domingo;22:30:00;RS;285;120,6;VACARIA;Desrespeitar a preferência no cruzamento;Colisão transversal;Com Vítimas Feridas;Plena Noite;Crescente;Céu Claro;Simples;Reta;Sim;4;0;1;0;3;0;1;2;-28,50961599;-50,93144774;SPRF-RS;DEL05-RS;UOP03-DEL05-RS
686319;20/04/2025;domingo;22:40:00;RS;116;264;CANOAS;Estacionar ou parar em local proibido;Colisão traseira;Com Vítimas Feridas;Plena Noite;Crescente;Céu Claro;Dupla;Reta;Sim;4;0;1;0;3;0;1;2;-29,91777198;-51,17808927;SPRF-RS;DEL01-RS;UOP01-DEL01-RS
686320;16/04/2025;quarta-feira;17:35:00;RJ;101;323;NITEROI;Condutor deixou de manter distância do veículo da frente;Colisão lateral mesmo sentido;Com Vítimas Feridas;Anoitecer;Decrescente;Céu Claro;Dupla;Reta;Não;2;0;1;0;1;0;1;2;-22,87414335;-43,12332809;SPRF-RJ;DEL02-RJ;UOP01-DEL02-RJ
686321;20/04/2025;domingo;19:00:00;RJ;465;13;SEROPEDICA;Velocidade Incompatível;Colisão transversal;Com Vítimas Feridas;Plena Noite;Crescente;Nublado;Simples;Reta;Sim;3;0;1;0;0;2;1;2;-22,800021;-43,644364;SPRF-RJ;DEL06-RJ;UOP02-DEL06-RJ
686322;20/04/2025;domingo;22:40:00;SC;101;149;ITAPEMA;Trafegar com motocicleta (ou similar) entre as faixas;Colisão traseira;Com Vítimas Feridas;Plena Noite;Decrescente;Garoa/Chuvisco;Dupla;Reta;Sim;2;0;2;0;0;0;2;2;-27,0659589;-48,5955563;SPRF-SC;DEL04-SC;UOP03-DEL04-SC
686324;20/04/2025;domingo;22:20:00;SC;163;89,9;GUARACIABA;Deficiência do Sistema de Iluminação/Sinalização;Tombamento;Com Vítimas Feridas;Plena Noite;Crescente;Céu Claro;Simples;"Curva;Aclive;Rotatória";Não;1;0;1;0;0;0;1;1;-26,563234;-53,508583;SPRF-SC;DEL07-SC;UOP03-DEL07-SC
686325;20/04/2025;domingo;17:00:00;RO;435;75,5;COLORADO DO OESTE;Ultrapassagem Indevida;Colisão traseira;Com Vítimas Feridas;Pleno dia;Crescente;Nublado;Simples;"Reta;Declive";Não;9;0;8;0;1;0;8;2;-13,10918834;-60,46309467;SPRF-RO;DEL04-RO;UOP02-DEL04-RO
686326;20/04/2025;domingo;19:50:00;MG;354;751,9;POUSO ALTO;Ingestão de álcool pelo condutor;Colisão frontal;Com Vítimas Feridas;Plena Noite;Crescente;Céu Claro;Simples;Curva;Sim;4;0;2;0;1;1;2;3;-22,100115;-44,955958;SPRF-MG;DEL17-MG;UOP01-DEL17-MG
686328;20/04/2025;domingo;21:00:00;MT;163;115;RONDONOPOLIS;Transitar na contramão;Colisão frontal;Com Vítimas Feridas;Plena Noite;Decrescente;Céu Claro;Dupla;"Reta;Declive";Não;2;0;0;1;0;1;1;2;-16,60273956;-54,69780054;SPRF-MT;DEL02-MT;UOP01-DEL02-MT
686329;20/04/2025;domingo;22:33:00;RJ;393;178;PARAIBA DO SUL;Ultrapassagem Indevida;Colisão lateral mesmo sentido;Sem Vítimas;Plena Noite;Crescente;Céu Claro;Simples;Reta;Não;2;0;0;0;2;0;0;2;-22,139232;-43,254678;SPRF-RJ;DEL05-RJ;UOP03-DEL05-RJ
686330;20/04/2025;domingo;23:50:00;ES;101;210,4;IBIRACU;Condutor Dormindo;Saída de leito carroçável;Com Vítimas Fatais;Plena Noite;Crescente;Céu Claro;Simples;"Curva;Declive";Não;4;1;1;2;0;0;3;1;-19,801326;-40,368169;SPRF-ES;DEL02-ES;UOP01-DEL02-ES
686332;20/04/2025;domingo;23:55:00;SC;470;142,9;RIO DO SUL;Reação tardia ou ineficiente do condutor;Saída de leito carroçável;Com Vítimas Feridas;Plena Noite;Decrescente;Céu Claro;Simples;Reta;Não;2;0;1;0;1;0;1;1;-27,2179725;-49,6533836;SPRF-SC;DEL04-SC;UOP02-DEL04-SC
686334;20/04/2025;domingo;21:00:00;PB;405;8;UIRAUNA;Mal súbito do condutor;Colisão com objeto;Com Vítimas Feridas;Plena Noite;Crescente;Céu Claro;Simples;Reta;Não;1;0;0;1;0;0;1;1;-6,498023;-38,396017;SPRF-PB;DEL03-PB;UOP03-DEL03-PB
686335;20/04/2025;domingo;20:54:00;GO;70;473;ARAGARCAS;Acessar a via sem observar a presença dos outros veículos;Colisão lateral sentido oposto;Com Vítimas Feridas;Plena Noite;Crescente;Céu Claro;Dupla;"Reta;Retorno Regulamentado";Sim;2;0;2;0;0;0;2;2;-15,89628112;-52,2454834;SPRF-GO;DEL04-GO;UOP02-DEL04-GO
686336;20/04/2025;domingo;23:00:00;MG;40;214;JOAO PINHEIRO;Velocidade Incompatível;Colisão com objeto;Com Vítimas Feridas;Plena Noite;Crescente;Céu Claro;Simples;"Curva;Aclive";Não;1;0;0;1;0;0;1;1;-17,96422608;-45,64948274;SPRF-MG;DEL14-MG;UOP02-DEL14-MG
686337;21/04/2025;segunda-feira;00:40:00;MG;40;524;CONTAGEM;Ausência de sinalização;Colisão com objeto;Sem Vítimas;Plena Noite;Crescente;Céu Claro;Dupla;Curva;Sim;1;0;0;0;1;0;0;1;-19,879878;-44,05089;SPRF-MG;DEL01-MG;UOP02-DEL01-MG
686338;21/04/2025;segunda-feira;00:55:00;SC;101;434,3;SOMBRIO;Suicídio (presumido);Atropelamento de Pedestre;Com Vítimas Feridas;Plena Noite;Crescente;Céu Claro;Dupla;Reta;Não;4;0;0;1;3;0;1;2;-29,0998176;-49,63494301;SPRF-SC;DEL02-SC;UOP02-DEL02-SC
686340;21/04/2025;segunda-feira;02:10:00;RJ;40;50;PETROPOLIS;Animais na Pista;Atropelamento de Animal;Com Vítimas Feridas;Plena Noite;Decrescente;Céu Claro;Dupla;Reta;Não;2;0;2;0;0;0;2;1;-22,3299056;-43,1321047;SPRF-RJ;DEL05-RJ;UOP02-DEL05-RJ
686341;21/04/2025;segunda-feira;02:30:00;SE;235;4,5;BARRA DOS COQUEIROS;Ausência de reação do condutor;Tombamento;Com Vítimas Feridas;Plena Noite;Decrescente;Céu Claro;Dupla;Reta;Não;1;0;1;0;0;0;1;1;-10,85133005;-36,97511494;SPRF-SE;DEL01-SE;UOP01-DEL01-SE
686343;21/04/2025;segunda-feira;01:40:00;PE;101;92;CABO DE SANTO AGOSTINHO;Condutor Dormindo;Capotamento;Sem Vítimas;Plena Noite;Decrescente;Céu Claro;Dupla;Reta;Não;2;0;0;0;1;1;0;1;-8,232532;-34,999137;SPRF-PE;DEL01-PE;UOP01-DEL01-PE
686345;21/04/2025;segunda-feira;00:50:00;SP;116;106,4;TAUBATE;Ingestão de álcool pelo condutor;Colisão com objeto;Com Vítimas Fatais;Plena Noite;Crescente;Nublado;Dupla;Reta;Sim;3;2;1;0;0;0;1;1;-23,0152323;-45,5266675;SPRF-SP;DEL02-SP;UOP02-DEL02-SP
686347;21/04/2025;segunda-feira;01:45:00;RS;116;422;CRISTAL;Ausência de reação do condutor;Saída de leito carroçável;Sem Vítimas;Plena Noite;Crescente;Céu Claro;Dupla;Reta;Não;1;0;0;0;0;1;0;1;-30,96928866;-51,99520216;SPRF-RS;DEL02-RS;UOP02-DEL02-RS
686349;21/04/2025;segunda-feira;03:30:00;PR;277;20;MORRETES;Demais falhas mecânicas ou elétricas;Saída de leito carroçável;Sem Vítimas;Plena Noite;Crescente;Céu Claro;Dupla;Reta;Não;2;0;0;0;2;0;0;1;-25,53583405;-48,70201522;SPRF-PR;DEL01-PR;UOP05-DEL01-PR
686350;21/04/2025;segunda-feira;03:50:00;SC;282;517,9;XAXIM;Condutor deixou de manter distância do veículo da frente;Colisão traseira;Sem Vítimas;Plena Noite;Decrescente;Céu Claro;Simples;Reta;Sim;2;0;0;0;2;0;0;2;-26,942842;-52,505912;SPRF-SC;DEL07-SC;UOP01-DEL07-SC
686351;21/04/2025;segunda-feira;03:40:00;RS;116;298;GUAIBA;Ingestão de álcool pelo condutor;Saída de leito carroçável;Com Vítimas Feridas;Plena Noite;Crescente;Céu Claro;Múltipla;Reta;Não;2;0;2;0;0;0;2;1;-30,098405;-51,343009;SPRF-RS;DEL02-RS;UOP01-DEL02-RS
686352;21/04/2025;segunda-feira;04:00:00;MG;381;923;CAMANDUCAIA;Condutor Dormindo;Colisão com objeto;Com Vítimas Feridas;Plena Noite;Crescente;Nevoeiro/Neblina;Dupla;Curva;Não;2;0;1;0;1;0;1;1;-22,770945;-46,182964;SPRF-MG;DEL16-MG;UOP03-DEL16-MG
686353;21/04/2025;segunda-feira;02:15:00;AL;423;29;CANAPI;Condutor Dormindo;Colisão com objeto;Sem Vítimas;Plena Noite;Crescente;Céu Claro;Simples;Declive;Não;1;0;0;0;1;0;0;1;-9,1936627;-37,5146344;SPRF-AL;DEL03-AL;UOP02-DEL03-AL
686354;21/04/2025;segunda-feira;03:00:00;MT;163;1062;GUARANTA DO NORTE;Condutor deixou de manter distância do veículo da frente;Colisão traseira;Com Vítimas Feridas;Plena Noite;Crescente;Céu Claro;Simples;Reta;Sim;3;0;2;0;1;0;2;2;-9,975953;-54,90576;SPRF-MT;DEL06-MT;UOP03-DEL06-MT
686355;21/04/2025;segunda-feira;04:20:00;RS;386;46;SEBERI;Ausência de reação do condutor;Queda de ocupante de veículo;Sem Vítimas;Plena Noite;Crescente;Céu Claro;Simples;Reta;Não;1;0;0;0;1;0;0;1;-27,45748678;-53,40955031;SPRF-RS;DEL08-RS;UOP02-DEL08-RS
686356;21/04/2025;segunda-feira;04:51:00;PE;101;68;RECIFE;Animais na Pista;Atropelamento de Animal;Com Vítimas Feridas;Amanhecer;Crescente;Céu Claro;Dupla;"Reta;Viaduto";Não;1;0;1;0;0;0;1;1;-8,05192102;-34,94617939;SPRF-PE;DEL01-PE;UOP01-DEL01-PE
686357;21/04/2025;segunda-feira;05:45:00;SP;116;212,4;GUARULHOS;Velocidade Incompatível;Colisão com objeto;Com Vítimas Fatais;Amanhecer;Crescente;Nublado;Dupla;Reta;Sim;2;1;1;0;0;0;1;2;-23,43782716;-46,43269474;SPRF-SP;DEL01-SP;UOP01-DEL01-SP
686358;21/04/2025;segunda-feira;03:40:00;RJ;393;235;VASSOURAS;Entrada inopinada do pedestre;Atropelamento de Pedestre;Com Vítimas Fatais;Plena Noite;Decrescente;Chuva;Simples;Reta;Sim;2;1;0;0;1;0;0;2;-22,4015022;-43,6608373;SPRF-RJ;DEL05-RJ;UOP03-DEL05-RJ
686359;21/04/2025;segunda-feira;05:07:00;PE;232;82;GRAVATA;Transitar na contramão;Colisão frontal;Com Vítimas Fatais;Amanhecer;Crescente;Céu Claro;Múltipla;"Reta;Declive;Desvio Temporário";Sim;3;1;0;0;2;0;0;2;-8,199188;-35,587837;SPRF-PE;DEL02-PE;UOP02-DEL02PE
686360;21/04/2025;segunda-feira;05:00:00;MG;50;177;UBERABA;Ausência de reação do condutor;Saída de leito carroçável;Sem Vítimas;Amanhecer;Decrescente;Nublado;Dupla;"Reta;Declive";Sim;1;0;0;0;1;0;0;1;-19,779145;-47,950564;SPRF-MG;DEL13-MG;UOP01-DEL13-MG
686362;21/04/2025;segunda-feira;04:30:00;RJ;101;457;ANGRA DOS REIS;Ingestão de álcool pelo condutor;Colisão lateral sentido oposto;Sem Vítimas;Plena Noite;Crescente;Chuva;Simples;Reta;Não;3;0;0;0;3;0;0;2;-23,03105796;-44,17382061;SPRF-RJ;DEL03-RJ;UOP03-DEL03-RJ
686363;21/04/2025;segunda-feira;03:10:00;RJ;101;54;CAMPOS DOS GOYTACAZES;Reação tardia ou ineficiente do condutor;Queda de ocupante de veículo;Com Vítimas Feridas;Plena Noite;Decrescente;Nublado;Simples;"Reta;Declive";Sim;1;0;1;0;0;0;1;1;-21,669576;-41,311118;SPRF-RJ;DEL08-RJ;UOP01-DEL08-RJ
686364;20/04/2025;domingo;23:30:00;PR;373;237;IMBITUVA;Demais falhas mecânicas ou elétricas;Saída de leito carroçável;Sem Vítimas;Plena Noite;Crescente;Ignorado;Simples;Curva;Não;1;0;0;0;1;0;0;1;-25,180324;-50,728193;SPRF-PR;DEL03-PR;UOP01-DEL03-PR
686367;21/04/2025;segunda-feira;04:20:00;MS;262;498;ANASTACIO;Condutor Dormindo;Colisão traseira;Com Vítimas Feridas;Plena Noite;Decrescente;Céu Claro;Simples;Reta;Não;3;0;2;0;1;0;2;2;-20,501694;-55,888791;SPRF-MS;DEL03-MS;UOP01-DEL03-MS
686369;21/04/2025;segunda-feira;06:45:00;MG;40;797,2;JUIZ DE FORA;Condutor Dormindo;Colisão com objeto;Com Vítimas Feridas;Amanhecer;Crescente;Céu Claro;Dupla;Curva;Não;2;0;0;2;0;0;2;1;-21,81162393;-43,38925838;SPRF-MG;DEL05-MG;UOP01-DEL05-MG
686371;21/04/2025;segunda-feira;06:00:00;PR;116;29;CAMPINA GRANDE DO SUL;Ausência de reação do condutor;Saída de leito carroçável;Com Vítimas Feridas;Pleno dia;Decrescente;Garoa/Chuvisco;Dupla;"Curva;Declive";Não;1;0;1;0;0;0;1;1;-25,1114245;-48,8118038;SPRF-PR;DEL01-PR;UOP02-DEL01-PR
686372;21/04/2025;segunda-feira;06:00:00;SC;101;58;ARAQUARI;Ausência de reação do condutor;Colisão traseira;Com Vítimas Feridas;Pleno dia;Decrescente;Céu Claro;Dupla;Reta;Não;6;0;1;0;4;1;1;2;-26,44493532;-48,79569709;SPRF-SC;DEL03-SC;UOP02-DEL03-SC
686374;20/04/2025;domingo;23:41:00;PR;116;42,1;CAMPINA GRANDE DO SUL;Ausência de reação do condutor;Saída de leito carroçável;Com Vítimas Feridas;Plena Noite;Crescente;Garoa/Chuvisco;Dupla;Curva;Não;1;0;1;0;0;0;1;1;-25,17697547;-48,87812907;SPRF-PR;DEL01-PR;UOP02-DEL01-PR
686375;16/04/2025;quarta-feira;12:30:00;PR;277;120;CAMPO LARGO;Ausência de reação do condutor;Colisão traseira;Com Vítimas Feridas;Pleno dia;Decrescente;Céu Claro;Dupla;Reta;Sim;3;0;0;1;2;0;1;2;-25,447305;-49,481028;SPRF-PR;DEL03-PR;UOP03-DEL03-PR
686376;21/04/2025;segunda-feira;06:50:00;RS;290;412;SAO GABRIEL;Ingestão de álcool pelo condutor;Saída de leito carroçável;Sem Vítimas;Amanhecer;Decrescente;Céu Claro;Simples;Rotatória;Não;2;0;0;0;2;0;0;1;-30,358813;-54,278752;SPRF-RS;DEL11-RS;UOP02-DEL11-RS
686377;21/04/2025;segunda-feira;08:00:00;PI;402;7;BURITI DOS LOPES;Ausência de reação do condutor;Saída de leito carroçável;Com Vítimas Feridas;Pleno dia;Decrescente;Céu Claro;Simples;Reta;Não;2;0;1;0;1;0;1;1;-3,10543135;-41,87677324;SPRF-PI;DEL05-PI;UOP01-DEL05-PI
686378;20/04/2025;domingo;16:30:00;MS;463;1;DOURADOS;Acessar a via sem observar a presença dos outros veículos;Eventos atípicos;Com Vítimas Feridas;Pleno dia;Decrescente;Céu Claro;Simples;"Reta;Interseção de Vias";Sim;3;0;1;0;0;2;1;2;-22,2591925;-54,81791496;SPRF-MS;DEL04-MS;UOP01-DEL04-MS
686381;21/04/2025;segunda-feira;07:05:00;PR;277;309;GUARAPUAVA;Reação tardia ou ineficiente do condutor;Engavetamento;Com Vítimas Feridas;Pleno dia;Decrescente;Garoa/Chuvisco;Simples;"Reta;Aclive";Não;9;0;4;0;5;0;4;3;-25,311435;-51,213133;SPRF-PR;DEL08-PR;UOP01-DEL08-PR
686382;21/04/2025;segunda-feira;08:00:00;PE;101;76;RECIFE;Acessar a via sem observar a presença dos outros veículos;Colisão frontal;Com Vítimas Feridas;Pleno dia;Crescente;Nublado;Dupla;Reta;Não;5;0;2;0;2;1;2;4;-8,12162;-34,943231;SPRF-PE;DEL01-PE;UOP01-DEL01-PE
686383;21/04/2025;segunda-feira;07:30:00;PR;376;172;MARINGA;Ausência de reação do condutor;Colisão lateral mesmo sentido;Com Vítimas Feridas;Pleno dia;Crescente;Céu Claro;Dupla;"Reta;Em Obras;Declive;Desvio Temporário";Sim;2;0;1;0;1;0;1;2;-23,41915183;-51,96925874;SPRF-PR;DEL09-PR;UOP01-DEL09-PR
686384;21/04/2025;segunda-feira;06:45:00;SC;101;112,2;ITAJAI;Ingestão de álcool pelo condutor;Colisão com objeto;Sem Vítimas;Pleno dia;Crescente;Céu Claro;Múltipla;Reta;Sim;1;0;0;0;1;0;0;1;-26,85060784;-48,72598529;SPRF-SC;DEL04-SC;UOP04-DEL04-SC
686385;21/04/2025;segunda-feira;08:20:00;SC;101;207;SAO JOSE;Reação tardia ou ineficiente do condutor;Colisão traseira;Com Vítimas Feridas;Pleno dia;Crescente;Céu Claro;Múltipla;Reta;Sim;2;0;1;0;0;1;1;2;-27,59842072;-48,62115199;SPRF-SC;DEL01-SC;UOP01-DEL01-SC
686386;21/04/2025;segunda-feira;08:00:00;GO;50;131,2;IPAMERI;Demais falhas mecânicas ou elétricas;Queda de ocupante de veículo;Com Vítimas Feridas;Pleno dia;Crescente;Nublado;Dupla;Reta;Não;2;0;2;0;0;0;2;1;-16,97428537;-47,74549305;SPRF-GO;DEL06-GO;UOP01-DEL06-GO
686387;20/04/2025;domingo;21:20:00;MG;381;360;JOAO MONLEVADE;Ausência de reação do condutor;Colisão transversal;Sem Vítimas;Plena Noite;Decrescente;Nublado;Simples;Reta;Sim;2;0;0;0;1;1;0;2;-19,8415737;-43,1984976;SPRF-MG;DEL03-MG;UOP01-DEL03-MG
686388;21/04/2025;segunda-feira;08:20:00;PB;101;90;JOAO PESSOA;Ausência de reação do condutor;Colisão traseira;Com Vítimas Feridas;Pleno dia;Crescente;Sol;Dupla;"Reta;Retorno Regulamentado";Sim;2;0;1;0;0;1;1;2;-7,17773321;-34,89975438;SPRF-PB;DEL01-PB;UOP01-DEL01-PB
686390;21/04/2025;segunda-feira;08:30:00;SP;101;50;UBATUBA;Acessar a via sem observar a presença dos outros veículos;Colisão transversal;Com Vítimas Feridas;Pleno dia;Decrescente;Céu Claro;Simples;Reta;Sim;2;0;1;0;1;0;1;2;-23,45104098;-45,07633495;SPRF-SP;DEL06-SP;UOP01-DEL06-SP
686391;21/04/2025;segunda-feira;07:00:00;SC;470;65,5;INDAIAL;Conversão proibida;Colisão frontal;Com Vítimas Fatais;Pleno dia;Crescente;Céu Claro;Simples;"Em Obras;Curva";Sim;3;1;1;0;1;0;1;2;-26,87091;-49,218013;SPRF-SC;DEL04-SC;UOP01-DEL04-SC
686394;21/04/2025;segunda-feira;08:10:00;CE;304;53;BEBERIBE;Acessar a via sem observar a presença dos outros veículos;Colisão transversal;Com Vítimas Feridas;Pleno dia;Crescente;Céu Claro;Simples;"Interseção de Vias;Reta";Não;3;0;1;0;2;0;1;2;-4,2830292;-38,0286351;SPRF-CE;DEL03-CE;UOP02-DEL03-CE