id;data_inversa;dia_semana;horario;uf;br;km;municipio;causa_acidente;tipo_acidente;classificacao_acidente;fase_dia;sentido_via;condicao_metereologica;tipo_pista;tracado_via;uso_solo;pessoas;mortos;feridos_leves;feridos_graves;ilesos;ignorados;feridos;veiculos;latitude;longitude;regional;delegacia;uop
686515;21/04/2025;segunda-feira;17:30:00;BA;415;22;ILHEUS;Desrespeitar a preferência no cruzamento;Colisão transversal;Com Vítimas Feridas;Plena Noite;Decrescente;Céu Claro;Simples;"Reta;Rotatória;Retorno Regulamentado";Não;2;0;1;0;1;0;1;2;-14,799842;-39,154634;SPRF-BA;DEL05-BA;UOP01-DEL05-BA
686516;21/04/2025;segunda-feira;13:30:00;SC;470;172,4;POUSO REDONDO;Condutor deixou de manter distância do veículo da frente;Colisão traseira;Com Vítimas Feridas;Pleno dia;Decrescente;Nublado;Simples;"Aclive;Reta";Sim;3;0;1;0;2;0;1;2;-27,25993675;-49,92028177;SPRF-SC;DEL04-SC;UOP02-DEL04-SC
686517;21/04/2025;segunda-feira;16:40:00;SC;470;134,7;RIO DO SUL;Reação tardia ou ineficiente do condutor;Engavetamento;Com Vítimas Feridas;Pleno dia;Crescente;Nublado;Simples;Reta;Sim;7;0;3;0;4;0;3;4;-27,17972;-49,59801;SPRF-SC;DEL04-SC;UOP02-DEL04-SC
686518;21/04/2025;segunda-feira;16:30:00;MG;365;835;SANTA VITORIA;Ausência de reação do condutor;Colisão traseira;Com Vítimas Feridas;Pleno dia;Decrescente;Céu Claro;Múltipla;Reta;Não;3;0;1;0;2;0;1;2;-18,92429672;-50,25724232;SPRF-MG;DEL15-MG;UOP03-DEL15-MG
686519;21/04/2025;segunda-feira;16:30:00;RJ;40;85;PETROPOLIS;Pista Escorregadia;Capotamento;Com Vítimas Feridas;Pleno dia;Decrescente;Garoa/Chuvisco;Simples;Curva;Não;1;0;1;0;0;0;1;1;-22,5285064;-43,222709;SPRF-RJ;DEL01-RJ;UOP01-DEL01-RJ
686520;21/04/2025;segunda-feira;16:00:00;MG;40;686,6;RESSAQUINHA;Retorno proibido;Colisão traseira;Com Vítimas Feridas;Pleno dia;Crescente;Céu Claro;Simples;Reta;Não;2;0;1;0;1;0;1;2;-21,0944566;-43,76972166;SPRF-MG;DEL05-MG;UOP02-DEL05-MG
686521;21/04/2025;segunda-feira;16:20:00;SC;101;128,3;CAMBORIU;Demais falhas mecânicas ou elétricas;Tombamento;Com Vítimas Feridas;Pleno dia;Crescente;Céu Claro;Dupla;Reta;Não;2;0;2;0;0;0;2;1;-26,97531066;-48,682648;SPRF-SC;DEL04-SC;UOP03-DEL04-SC
686523;21/04/2025;segunda-feira;17:45:00;RS;290;175;BUTIA;Reação tardia ou ineficiente do condutor;Colisão traseira;Sem Vítimas;Anoitecer;Decrescente;Céu Claro;Simples;"Retorno Regulamentado;Interseção de Vias";Sim;5;0;0;0;5;0;0;2;-30,129993;-51,966108;SPRF-RS;DEL02-RS;UOP03-DEL02-RS
686524;21/04/2025;segunda-feira;17:25:00;PI;343;263;CAMPO MAIOR;Acessar a via sem observar a presença dos outros veículos;Colisão transversal;Com Vítimas Feridas;Anoitecer;Decrescente;Nublado;Simples;Interseção de Vias;Sim;3;0;1;0;2;0;1;3;-4,80545952;-42,185532;SPRF-PI;DEL01-PI;UOP03-DEL01-PI
686526;21/04/2025;segunda-feira;18:00:00;RS;386;179,9;CARAZINHO;Ausência de reação do condutor;Colisão traseira;Com Vítimas Feridas;Anoitecer;Crescente;Céu Claro;Simples;Reta;Não;9;0;2;0;7;0;2;2;-28,298879;-52,747723;SPRF-RS;DEL08-RS;UOP01-DEL08-RS
686527;21/04/2025;segunda-feira;18:26:00;SP;153;60,8;SAO JOSE DO RIO PRETO;Ausência de reação do condutor;Colisão traseira;Sem Vítimas;Anoitecer;Crescente;Céu Claro;Simples;"Aclive;Curva";Sim;2;0;0;0;2;0;0;2;-20,80172485;-49,35565964;SPRF-SP;DEL09-SP;UOP01-DEL09-SP
686530;19/04/2025;sábado;20:30:00;SC;282;547,4;CHAPECO;Velocidade Incompatível;Colisão com objeto;Com Vítimas Feridas;Plena Noite;Crescente;Céu Claro;Simples;"Interseção de Vias;Rotatória";Não;7;0;6;0;1;0;6;3;-26,97451809;-52,74402022;SPRF-SC;DEL07-SC;UOP01-DEL07-SC
686531;21/04/2025;segunda-feira;17:30:00;ES;262;146;IBATIBA;Acessar a via sem observar a presença dos outros veículos;Colisão transversal;Com Vítimas Feridas;Anoitecer;Decrescente;Céu Claro;Simples;"Reta;Declive";Não;2;0;0;1;1;0;1;2;-20,22517894;-41,4166556;SPRF-ES;DEL01-ES;UOP02-DEL01-ES
686532;21/04/2025;segunda-feira;17:40:00;PE;232;88,5;GRAVATA;Condutor deixou de manter distância do veículo da frente;Colisão traseira;Com Vítimas Feridas;Anoitecer;Decrescente;Nublado;Dupla;Reta;Não;3;0;1;0;2;0;1;2;-8,21652843;-35,64733917;SPRF-PE;DEL02-PE;UOP02-DEL02PE
686533;21/04/2025;segunda-feira;15:40:00;RJ;101;295;ITABORAI;Transtornos Mentais (exceto suicidio);Incêndio;Sem Vítimas;Pleno dia;Decrescente;Garoa/Chuvisco;Dupla;Reta;Sim;2;0;0;0;1;1;0;2;-22,76531939;-42,90450811;SPRF-RJ;DEL02-RJ;UOP02-DEL02-RJ
686534;21/04/2025;segunda-feira;18:20:00;GO;153;355;JARAGUA;Condutor deixou de manter distância do veículo da frente;Colisão traseira;Com Vítimas Feridas;Plena Noite;Crescente;Céu Claro;Simples;Reta;Não;3;0;1;0;2;0;1;3;-15,72901466;-49,32594717;SPRF-GO;DEL02-GO;UOP02-DEL02-GO
686535;21/04/2025;segunda-feira;17:10:00;MG;40;675,4;CARANDAI;Pedestre cruzava a pista fora da faixa;Atropelamento de Pedestre;Com Vítimas Feridas;Pleno dia;Decrescente;Céu Claro;Simples;Reta;Não;2;0;0;1;1;0;1;2;-21,017183;-43,7832149;SPRF-MG;DEL05-MG;UOP02-DEL05-MG
686536;21/04/2025;segunda-feira;18:10:00;CE;222;2;FORTALEZA;Condutor desrespeitou a iluminação vermelha do semáforo;Colisão transversal;Com Vítimas Feridas;Plena Noite;Crescente;Céu Claro;Múltipla;Retorno Regulamentado;Sim;2;0;1;0;1;0;1;2;-3,7391475;-38,58758742;SPRF-CE;DEL01-CE;UOP01-DEL01-CE
686537;21/04/2025;segunda-feira;18:09:00;RN;304;295;MACAIBA;Acessar a via sem observar a presença dos outros veículos;Colisão lateral sentido oposto;Com Vítimas Feridas;Plena Noite;Decrescente;Céu Claro;Simples;Reta;Sim;4;0;1;0;3;0;1;2;-5,86544935;-35,35374273;SPRF-RN;DEL01-RN;UOP02-DEL01-RN
686538;21/04/2025;segunda-feira;17:45:00;MG;40;503;ESMERALDAS;Pedestre cruzava a pista fora da faixa;Atropelamento de Pedestre;Com Vítimas Feridas;Anoitecer;Crescente;Céu Claro;Dupla;Reta;Sim;2;0;1;0;1;0;1;2;-19,727152;-44,15373;SPRF-MG;DEL02-MG;UOP01-DEL02-MG
686539;21/04/2025;segunda-feira;17:00:00;PR;376;305,9;MAUA DA SERRA;Demais falhas na via;Saída de leito carroçável;Com Vítimas Feridas;Pleno dia;Decrescente;Sol;Dupla;Curva;Não;4;0;4;0;0;0;4;1;-23,94051598;-51,12081527;SPRF-PR;DEL07-PR;UOP02-DEL07-PR
686540;21/04/2025;segunda-feira;14:30:00;MA;316;368,9;BACABAL;Conversão proibida;Colisão traseira;Com Vítimas Feridas;Pleno dia;Crescente;Sol;Simples;Reta;Sim;2;0;0;1;0;1;1;2;-4,2253;-44,8036;SPRF-MA;DEL03-MA;UOP01-DEL03-MA
686541;21/04/2025;segunda-feira;18:20:00;RJ;393;241,7;VASSOURAS;Pedestre andava na pista;Atropelamento de Pedestre;Com Vítimas Fatais;Plena Noite;Decrescente;Garoa/Chuvisco;Simples;Reta;Não;3;1;0;0;2;0;0;2;-22,433913;-43,72612;SPRF-RJ;DEL05-RJ;UOP04-DEL05-RJ
686542;21/04/2025;segunda-feira;18:30:00;PR;373;173,1;PONTA GROSSA;Reação tardia ou ineficiente do condutor;Colisão com objeto;Com Vítimas Feridas;Plena Noite;Crescente;Céu Claro;Dupla;Curva;Sim;2;0;0;1;0;1;1;2;-25,08027835;-50,20237857;SPRF-PR;DEL03-PR;UOP01-DEL03-PR
686543;21/04/2025;segunda-feira;19:10:00;MG;381;510;SAO JOAQUIM DE BICAS;Pedestre andava na pista;Atropelamento de Pedestre;Com Vítimas Feridas;Plena Noite;Crescente;Céu Claro;Dupla;Reta;Não;2;0;0;1;1;0;1;2;-20,0513401;-44,28064043;SPRF-MG;DEL01-MG;UOP03-DEL01-MG
686546;21/04/2025;segunda-feira;19:00:00;MG;381;492;BETIM;Manobra de mudança de faixa;Colisão lateral mesmo sentido;Com Vítimas Feridas;Plena Noite;Decrescente;Céu Claro;Múltipla;Reta;Sim;5;0;1;1;3;0;2;2;-19,96201451;-44,16169167;SPRF-MG;DEL01-MG;UOP03-DEL01-MG
686547;21/04/2025;segunda-feira;19:40:00;SC;101;98,5;BALNEARIO PICARRAS;Pedestre cruzava a pista fora da faixa;Atropelamento de Pedestre;Com Vítimas Fatais;Plena Noite;Crescente;Nublado;Dupla;Reta;Não;4;1;0;0;1;2;0;2;-26,74490113;-48,69744589;SPRF-SC;DEL03-SC;UOP02-DEL03-SC
686548;21/04/2025;segunda-feira;19:15:00;PR;376;158;MANDAGUACU;Pedestre andava na pista;Atropelamento de Pedestre;Com Vítimas Fatais;Plena Noite;Crescente;Céu Claro;Dupla;Curva;Sim;3;1;0;0;2;0;0;3;-23,35284941;-52,09149057;SPRF-PR;DEL09-PR;UOP02-DEL09-PR
686549;21/04/2025;segunda-feira;17:55:00;AM;174;903;MANAUS;Pista Escorregadia;Tombamento;Com Vítimas Feridas;Plena Noite;Decrescente;Chuva;Simples;"Reta;Declive";Não;2;0;2;0;0;0;2;1;-2,81274;-60,03636;SPRF-AM;DEL01-AM;UOP01-DEL01-AM
686550;21/04/2025;segunda-feira;18:10:00;MG;40;50,4;PARACATU;Acessar a via sem observar a presença dos outros veículos;Colisão transversal;Com Vítimas Feridas;Plena Noite;Crescente;Céu Claro;Simples;Interseção de Vias;Não;2;0;1;1;0;0;2;2;-17,241808;-46,795272;SPRF-MG;DEL14-MG;UOP01-DEL14-MG
686551;21/04/2025;segunda-feira;18:53:00;RO;319;64;PORTO VELHO;Condutor deixou de manter distância do veículo da frente;Colisão traseira;Com Vítimas Feridas;Plena Noite;Crescente;Nublado;Dupla;Reta;Sim;2;0;1;0;1;0;1;2;-8,7660831;-63,8842532;SPRF-RO;DEL01-RO;UOP01-DEL01-RO
686552;21/04/2025;segunda-feira;18:15:00;PR;158;532;PATO BRANCO;Transitar na contramão;Colisão transversal;Com Vítimas Feridas;Anoitecer;Decrescente;Céu Claro;Simples;Interseção de Vias;Sim;2;0;1;0;1;0;1;2;-26,22052008;-52,6815033;SPRF-PR;DEL02-PR;UOP01-DEL02-PR
686553;21/04/2025;segunda-feira;19:20:00;SC;101;400,8;MARACAJA;Condutor deixou de manter distância do veículo da frente;Engavetamento;Com Vítimas Feridas;Plena Noite;Crescente;Céu Claro;Múltipla;Reta;Não;9;0;1;0;8;0;1;3;-28,87072515;-49,45187503;SPRF-SC;DEL02-SC;UOP02-DEL02-SC
686554;21/04/2025;segunda-feira;19:10:00;PE;428;16,1;CABROBO;Animais na Pista;Atropelamento de Animal;Com Vítimas Feridas;Plena Noite;Decrescente;Céu Claro;Simples;"Reta;Declive";Não;2;0;1;0;1;0;1;1;-8,498147;-39,361922;SPRF-PE;DEL05-PE;UOP03-DEL05-PE
686556;21/04/2025;segunda-feira;19:20:00;PR;369;132;IBIPORA;Reação tardia ou ineficiente do condutor;Colisão traseira;Com Vítimas Fatais;Plena Noite;Crescente;Céu Claro;Dupla;"Reta;Aclive";Não;8;1;0;0;7;0;0;3;-23,260212;-51,001333;SPRF-PR;DEL07-PR;UOP01-DEL07-PR
686557;21/04/2025;segunda-feira;19:50:00;PR;116;152;MANDIRITUBA;Acesso irregular;Colisão lateral mesmo sentido;Com Vítimas Feridas;Plena Noite;Crescente;Céu Claro;Dupla;Rotatória;Não;2;0;1;0;1;0;1;2;-25,862022;-49,361763;SPRF-PR;DEL01-PR;UOP03-DEL01-PR
686558;21/04/2025;segunda-feira;16:15:00;SP;153;312,9;SAO PEDRO DO TURVO;Reação tardia ou ineficiente do condutor;Queda de ocupante de veículo;Com Vítimas Feridas;Pleno dia;Decrescente;Céu Claro;Simples;Reta;Não;2;0;2;0;0;0;2;1;-22,69131926;-49,89028931;SPRF-SP;DEL07-SP;UOP03-DEL07-SP
686560;21/04/2025;segunda-feira;20:10:00;PB;230;26,5;JOAO PESSOA;Pedestre andava na pista;Atropelamento de Pedestre;Com Vítimas Fatais;Plena Noite;Crescente;Céu Claro;Dupla;"Reta;Declive";Sim;2;1;0;0;0;1;0;2;-7,1686373;-34,8824224;SPRF-PB;DEL01-PB;UOP01-DEL01-PB
686561;21/04/2025;segunda-feira;19:30:00;BA;324;565;SANTO AMARO;Reação tardia ou ineficiente do condutor;Tombamento;Com Vítimas Feridas;Plena Noite;Decrescente;Céu Claro;Dupla;Curva;Não;2;0;1;0;1;0;1;1;-12,53007615;-38,6018157;SPRF-BA;DEL01-BA;UOP01-DEL01-BA
686562;21/04/2025;segunda-feira;19:20:00;ES;101;390,3;RIO NOVO DO SUL;Acessar a via sem observar a presença dos outros veículos;Colisão transversal;Com Vítimas Feridas;Plena Noite;Crescente;Chuva;Simples;Reta;Não;3;0;1;0;2;0;1;2;-20,8626313;-40,8814921;SPRF-ES;DEL03-ES;UOP02-DEL03-ES
686563;21/04/2025;segunda-feira;18:10:00;MT;364;311,8;JACIARA;Reação tardia ou ineficiente do condutor;Colisão traseira;Sem Vítimas;Anoitecer;Crescente;Céu Claro;Dupla;Reta;Não;6;0;0;0;6;0;0;2;-15,820847;-55,211331;SPRF-MT;DEL05-MT;UOP02-DEL05-MT
686565;21/04/2025;segunda-feira;20:30:00;SP;116;89;PINDAMONHANGABA;Trafegar com motocicleta (ou similar) entre as faixas;Colisão lateral mesmo sentido;Com Vítimas Feridas;Plena Noite;Crescente;Nublado;Dupla;Reta;Sim;2;0;1;0;1;0;1;2;-22,9360976;-45,37244967;SPRF-SP;DEL08-SP;UOP01-DEL08-SP
686566;21/04/2025;segunda-feira;20:20:00;MG;40;613,8;CONGONHAS;Retorno proibido;Colisão transversal;Com Vítimas Feridas;Plena Noite;Crescente;Nublado;Simples;Curva;Não;6;0;2;0;4;0;2;4;-20,53152166;-43,82295962;SPRF-MG;DEL05-MG;UOP02-DEL05-MG
686567;21/04/2025;segunda-feira;19:40:00;RO;364;656;CANDEIAS DO JAMARI;Animais na Pista;Atropelamento de Animal;Sem Vítimas;Plena Noite;Crescente;Céu Claro;Simples;Reta;Não;3;0;0;0;3;0;0;1;-8,868921;-63,443059;SPRF-RO;DEL01-RO;UOP01-DEL01-RO
686569;21/04/2025;segunda-feira;21:30:00;RN;110;48;MOSSORO;Acessar a via sem observar a presença dos outros veículos;Colisão lateral mesmo sentido;Com Vítimas Feridas;Plena Noite;Decrescente;Céu Claro;Simples;Reta;Sim;3;0;1;0;2;0;1;2;-5,21502036;-37,33038215;SPRF-RN;DEL04-RN;UOP01-DEL04-RN
686571;21/04/2025;segunda-feira;18:45:00;MA;316;577,9;CAXIAS;Acessar a via sem observar a presença dos outros veículos;Atropelamento de Pedestre;Com Vítimas Fatais;Plena Noite;Decrescente;Céu Claro;Simples;Reta;Sim;2;1;0;0;0;1;0;2;-4,950782;-43,137538;SPRF-MA;DEL03-MA;UOP02-DEL03-MA
686572;21/04/2025;segunda-feira;21:10:00;BA;110;348;ALAGOINHAS;Entrada inopinada do pedestre;Atropelamento de Pedestre;Com Vítimas Fatais;Plena Noite;Decrescente;Céu Claro;Simples;Reta;Não;2;1;0;0;1;0;0;2;-12,2210967;-38,41334572;SPRF-BA;DEL01-BA;UOP04-DEL01-BA
686573;21/04/2025;segunda-feira;19:10:00;PR;469;2;FOZ DO IGUACU;Acumulo de areia ou detritos sobre o pavimento;Tombamento;Com Vítimas Feridas;Plena Noite;Decrescente;Céu Claro;Simples;Reta;Sim;1;0;1;0;0;0;1;1;-25,57635632;-54,55367446;SPRF-PR;DEL05-PR;UOP04-DEL05-PR
686574;21/04/2025;segunda-feira;18:00:00;MG;381;948;EXTREMA;Manobra de mudança de faixa;Colisão lateral mesmo sentido;Com Vítimas Feridas;Anoitecer;Crescente;Nublado;Dupla;Reta;Não;3;0;2;0;1;0;2;2;-22,86930496;-46,3563931;SPRF-MG;DEL16-MG;UOP03-DEL16-MG
686575;21/04/2025;segunda-feira;20:50:00;PR;369;153;LONDRINA;Velocidade Incompatível;Colisão com objeto;Com Vítimas Feridas;Plena Noite;Decrescente;Céu Claro;Dupla;"Reta;Declive";Sim;2;0;2;0;0;0;2;1;-23,2955442;-51,1902595;SPRF-PR;DEL07-PR;UOP01-DEL07-PR
686576;21/04/2025;segunda-feira;21:58:00;PR;277;40;MORRETES;Acessar a via sem observar a presença dos outros veículos;Atropelamento de Pedestre;Com Vítimas Fatais;Plena Noite;Decrescente;Garoa/Chuvisco;Dupla;"Curva;Declive";Não;3;1;0;0;2;0;0;3;-25,583088;-48,868191;SPRF-PR;DEL01-PR;UOP05-DEL01-PR
686577;21/04/2025;segunda-feira;22:00:00;TO;153;685,1;CARIRI DO TOCANTINS;Demais falhas mecânicas ou elétricas;Tombamento;Com Vítimas Feridas;Plena Noite;Crescente;Céu Claro;Simples;Reta;Não;2;0;2;0;0;0;2;1;-11,827807;-49,13601;SPRF-TO;DEL01-TO;UOP02-DEL01-TO
686579;21/04/2025;segunda-feira;18:00:00;MT;364;441,9;VARZEA GRANDE;Transitar na contramão;Colisão frontal;Com Vítimas Fatais;Plena Noite;Decrescente;Céu Claro;Simples;Curva;Não;2;1;0;1;0;0;1;2;-15,6155973;-56,2050676;SPRF-MT;DEL01-MT;UOP02-DEL01-MT
686580;21/04/2025;segunda-feira;20:45:00;BA;116;420;FEIRA DE SANTANA;Entrada inopinada do pedestre;Colisão com objeto;Com Vítimas Feridas;Plena Noite;Crescente;Céu Claro;Dupla;Reta;Sim;2;0;2;0;0;0;2;2;-12,21022022;-38,96576464;SPRF-BA;DEL02-BA;UOP01-DEL02-BA
686581;21/04/2025;segunda-feira;22:20:00;SP;381;30;ATIBAIA;Ausência de reação do condutor;Colisão traseira;Com Vítimas Feridas;Plena Noite;Decrescente;Nublado;Dupla;Reta;Não;2;0;1;0;1;0;1;2;-23,050304;-46,565735;SPRF-SP;DEL03-SP;UOP02-DEL03-SP
686583;21/04/2025;segunda-feira;21:20:00;RJ;101;139;CARAPEBUS;Velocidade Incompatível;Saída de leito carroçável;Sem Vítimas;Plena Noite;Crescente;Céu Claro;Dupla;"Declive;Curva";Não;1;0;0;0;1;0;0;1;-22,178046;-41,749235;SPRF-RJ;DEL08-RJ;UOP04-DEL08-RJ
686585;21/04/2025;segunda-feira;22:50:00;SC;101;86;BARRA VELHA;Transitar na contramão;Colisão frontal;Com Vítimas Feridas;Plena Noite;Crescente;Céu Claro;Dupla;"Interseção de Vias;Rotatória";Sim;2;0;2;0;0;0;2;2;-26,63959959;-48,69390422;SPRF-SC;DEL03-SC;UOP02-DEL03-SC
686587;21/04/2025;segunda-feira;21:00:00;MG;40;501,5;ESMERALDAS;Reação tardia ou ineficiente do condutor;Engavetamento;Sem Vítimas;Plena Noite;Crescente;Céu Claro;Dupla;Reta;Não;3;0;0;0;3;0;0;3;-19,698448;-44,176055;SPRF-MG;DEL02-MG;UOP01-DEL02-MG
686588;21/04/2025;segunda-feira;21:40:00;PR;277;179,6;PALMEIRA;Transitar na contramão;Colisão lateral sentido oposto;Com Vítimas Feridas;Plena Noite;Decrescente;Nublado;Simples;Reta;Não;4;0;0;1;3;0;1;2;-25,4289527;-50,02885558;SPRF-PR;DEL08-PR;UOP02-DEL08-PR
686591;21/04/2025;segunda-feira;23:20:00;SC;101;58;ARAQUARI;Reação tardia ou ineficiente do condutor;Colisão lateral mesmo sentido;Com Vítimas Feridas;Plena Noite;Decrescente;Nublado;Dupla;Curva;Não;2;0;0;1;1;0;1;2;-26,438397;-48,80317032;SPRF-SC;DEL03-SC;UOP02-DEL03-SC
686592;21/04/2025;segunda-feira;19:00:00;PE;232;511;SALGUEIRO;Pedestre andava na pista;Atropelamento de Pedestre;Com Vítimas Feridas;Plena Noite;Crescente;Céu Claro;Simples;Reta;Não;2;0;0;1;0;1;1;2;-8,07521275;-39,16066712;SPRF-PE;DEL05-PE;UOP01-DEL05-PE
686594;21/04/2025;segunda-feira;22:00:00;MT;163;612;NOVA MUTUM;Ausência de reação do condutor;Queda de ocupante de veículo;Com Vítimas Feridas;Plena Noite;Crescente;Nublado;Simples;"Reta;Em Obras";Não;1;0;1;0;0;0;1;1;-13,692319;-56,039864;SPRF-MT;DEL01-MT;UOP01-DEL01-MT
686600;21/04/2025;segunda-feira;21:30:00;GO;80;101;VILA PROPICIO;Deficiência do Sistema de Iluminação/Sinalização;Eventos atípicos;Sem Vítimas;Plena Noite;Crescente;Céu Claro;Simples;Reta;Não;2;0;0;0;0;2;0;2;-15,198857;-48,761431;SPRF-GO;DEL07-GO;UOP02-DEL07-GO
686601;22/04/2025;terça-feira;00:15:00;MG;262;179;SAO DOMINGOS DO PRATA;Pista esburacada;Tombamento;Com Vítimas Feridas;Plena Noite;Crescente;Céu Claro;Simples;Reta;Não;1;0;1;0;0;0;1;1;-19,927991;-42,99305;SPRF-MG;DEL03-MG;UOP01-DEL03-MG
686602;22/04/2025;terça-feira;00:30:00;RS;386;331,5;MARQUES DE SOUZA;Demais falhas mecânicas ou elétricas;Incêndio;Sem Vítimas;Plena Noite;Crescente;Céu Claro;Simples;"Em Obras;Curva";Não;1;0;0;0;1;0;0;1;-29,37356685;-52,06126124;SPRF-RS;DEL04-RS;UOP01-DEL04-RS
686603;21/04/2025;segunda-feira;23:59:00;PR;469;19,3;FOZ DO IGUACU;Ausência de reação do condutor;Tombamento;Com Vítimas Feridas;Plena Noite;Decrescente;Céu Claro;Simples;"Em Obras;Rotatória";Não;1;0;1;0;0;0;1;1;-25,60606747;-54,49727833;SPRF-PR;DEL05-PR;UOP04-DEL05-PR
686605;22/04/2025;terça-feira;00:45:00;MG;381;332;NOVA ERA;Velocidade Incompatível;Saída de leito carroçável;Com Vítimas Feridas;Plena Noite;Crescente;Céu Claro;Simples;"Reta;Aclive";Não;4;0;1;0;3;0;1;1;-19,774084;-43,045525;SPRF-MG;DEL03-MG;UOP01-DEL03-MG
686606;21/04/2025;segunda-feira;18:00:00;BA;324;591;CANDEIAS;Condutor deixou de manter distância do veículo da frente;Colisão traseira;Com Vítimas Feridas;Plena Noite;Crescente;Céu Claro;Dupla;Reta;Não;3;0;2;0;1;0;2;2;-12,701098;-38,464107;SPRF-BA;DEL01-BA;UOP01-DEL01-BA
686607;21/04/2025;segunda-feira;21:00:00;PR;116;164;QUITANDINHA;Acessar a via sem observar a presença dos outros veículos;Colisão transversal;Sem Vítimas;Plena Noite;Decrescente;Céu Claro;Dupla;Reta;Não;3;0;0;0;1;2;0;2;-25,87489;-49,473173;SPRF-PR;DEL01-PR;UOP03-DEL01-PR
686609;22/04/2025;terça-feira;02:00:00;SC;101;79,9;ARAQUARI;Reação tardia ou ineficiente do condutor;Colisão com objeto;Com Vítimas Feridas;Plena Noite;Decrescente;Nublado;Dupla;Curva;Não;2;0;1;1;0;0;2;1;-26,59490186;-48,72203523;SPRF-SC;DEL03-SC;UOP02-DEL03-SC
686611;22/04/2025;terça-feira;02:50:00;PR;277;4,7;CURITIBA;Velocidade Incompatível;Tombamento;Com Vítimas Fatais;Plena Noite;Decrescente;Nublado;Dupla;Curva;Sim;1;1;0;0;0;0;0;1;-25,42991815;-49,32032911;SPRF-PR;DEL01-PR;UOP06-DEL01-PR
686613;22/04/2025;terça-feira;03:30:00;TO;153;335,5;GUARAI;Reação tardia ou ineficiente do condutor;Saída de leito carroçável;Com Vítimas Feridas;Plena Noite;Crescente;Chuva;Simples;Reta;Sim;5;0;1;0;4;0;1;1;-8,851427;-48,509223;SPRF-TO;DEL02-TO;UOP02-DEL02-TO
686614;22/04/2025;terça-feira;05:00:00;SP;101;32,9;UBATUBA;Velocidade Incompatível;Colisão com objeto;Com Vítimas Feridas;Plena Noite;Decrescente;Nublado;Simples;Reta;Não;4;0;2;0;2;0;2;1;-23,3865216;-44,97408;SPRF-SP;DEL06-SP;UOP01-DEL06-SP
686615;22/04/2025;terça-feira;04:15:00;GO;364;68,1;CACHOEIRA ALTA;Ingestão de álcool pelo condutor;Colisão com objeto;Sem Vítimas;Plena Noite;Crescente;Nevoeiro/Neblina;Simples;Reta;Não;1;0;0;0;1;0;0;1;-18,669965;-50,989072;SPRF-GO;DEL05-GO;UOP02-DEL05-GO
686616;22/04/2025;terça-feira;04:20:00;MG;116;725;LARANJAL;Reação tardia ou ineficiente do condutor;Saída de leito carroçável;Com Vítimas Feridas;Plena Noite;Decrescente;Céu Claro;Simples;Curva;Não;1;0;1;0;0;0;1;1;-21,285;-42,416;SPRF-MG;DEL07-MG;UOP02-DEL07-MG
686617;22/04/2025;terça-feira;06:00:00;PI;343;30;PARNAIBA;Ultrapassagem Indevida;Colisão lateral sentido oposto;Com Vítimas Feridas;Pleno dia;Crescente;Céu Claro;Simples;Reta;Não;7;0;4;0;3;0;4;2;-3,08635118;-41,78014755;SPRF-PI;DEL05-PI;UOP01-DEL05-PI
686618;21/04/2025;segunda-feira;21:20:00;GO;153;156;CAMPINORTE;Reação tardia ou ineficiente do condutor;Queda de ocupante de veículo;Com Vítimas Feridas;Plena Noite;Decrescente;Céu Claro;Simples;Reta;Não;1;0;1;0;0;0;1;1;-14,04067289;-49,08966064;SPRF-GO;DEL07-GO;UOP02-DEL07-GO
686619;22/04/2025;terça-feira;00:30:00;SC;101;132;CAMBORIU;Reação tardia ou ineficiente do condutor;Colisão com objeto;Sem Vítimas;Plena Noite;Decrescente;Nublado;Múltipla;Reta;Não;1;0;0;0;1;0;0;1;-26,9955768;-48,65758158;SPRF-SC;DEL04-SC;UOP03-DEL04-SC
686620;22/04/2025;terça-feira;04:30:00;CE;116;4;FORTALEZA;Ausência de reação do condutor;Colisão com objeto;Sem Vítimas;Amanhecer;Decrescente;Céu Claro;Simples;Viaduto;Sim;1;0;0;0;1;0;0;1;-3,7992914;-38,5045408;SPRF-CE;DEL01-CE;UOP02-DEL01-CE
686621;22/04/2025;terça-feira;05:45:00;MG;40;669,9;CARANDAI;Acessar a via sem observar a presença dos outros veículos;Colisão transversal;Com Vítimas Feridas;Amanhecer;Decrescente;Nublado;Simples;Reta;Não;2;0;0;1;1;0;1;2;-20,9717583;-43,7844916;SPRF-MG;DEL05-MG;UOP02-DEL05-MG
686623;21/04/2025;segunda-feira;20:05:00;PR;116;194;CAMPO DO TENENTE;Demais falhas mecânicas ou elétricas;Tombamento;Com Vítimas Feridas;Plena Noite;Decrescente;Nublado;Simples;Reta;Não;2;0;1;0;1;0;1;1;-26,015791;-49,673024;SPRF-SC;DEL06-SC;UOP01-DEL06-SC