id;data_inversa;dia_semana;horario;uf;br;km;municipio;causa_acidente;tipo_acidente;classificacao_acidente;fase_dia;sentido_via;condicao_metereologica;tipo_pista;tracado_via;uso_solo;pessoas;mortos;feridos_leves;feridos_graves;ilesos;ignorados;feridos;veiculos;latitude;longitude;regional;delegacia;uop
687005;24/04/2025;quinta-feira;07:35:00;BA;324;617;SALVADOR;Chuva;Tombamento;Com Vítimas Feridas;Pleno dia;Crescente;Chuva;Dupla;Reta;Sim;2;0;2;0;0;0;2;1;-12,8944736;-38,4473255;SPRF-BA;DEL01-BA;UOP01-DEL01-BA
687006;23/04/2025;quarta-feira;20:00:00;RJ;493;59;NOVA IGUACU;Pedestre andava na pista;Colisão traseira;Com Vítimas Fatais;Plena Noite;Decrescente;Céu Claro;Dupla;Reta;Não;3;2;0;0;1;0;0;3;-22,675531;-43,391802;SPRF-RJ;DEL01-RJ;UOP03-DEL01-RJ
687007;24/04/2025;quinta-feira;08:00:00;SP;116;123;PINDAMONHANGABA;Reação tardia ou ineficiente do condutor;Tombamento;Com Vítimas Feridas;Pleno dia;Decrescente;Céu Claro;Dupla;Reta;Não;1;0;0;1;0;0;1;1;-22,99803991;-45,49509421;SPRF-SP;DEL02-SP;UOP02-DEL02-SP
687008;24/04/2025;quinta-feira;08:15:00;SP;116;211;GUARULHOS;Ausência de reação do condutor;Colisão traseira;Com Vítimas Feridas;Pleno dia;Crescente;Nublado;Múltipla;Reta;Não;1;0;1;0;0;0;1;1;-23,46143954;-46,48885316;SPRF-SP;DEL01-SP;UOP01-DEL01-SP
687009;24/04/2025;quinta-feira;05:00:00;MG;50;119;UBERABA;Pedestre andava na pista;Atropelamento de Pedestre;Com Vítimas Feridas;Pleno dia;Crescente;Céu Claro;Dupla;Reta;Não;2;0;0;1;0;1;1;2;-19,306711;-48,110982;SPRF-MG;DEL13-MG;UOP01-DEL13-MG
687010;24/04/2025;quinta-feira;08:25:00;GO;153;516,3;APARECIDA DE GOIANIA;Avarias e/ou desgaste excessivo no pneu;Tombamento;Com Vítimas Feridas;Pleno dia;Crescente;Nublado;Dupla;"Reta;Declive";Sim;5;0;2;0;0;3;2;2;-16,84672;-49,246507;SPRF-GO;DEL01-GO;UOP03-DEL01-GO
687011;24/04/2025;quinta-feira;07:15:00;MG;381;753,1;TRES CORACOES;Manobra de mudança de faixa;Saída de leito carroçável;Com Vítimas Feridas;Pleno dia;Crescente;Nublado;Dupla;Curva;Sim;2;0;2;0;0;0;2;1;-21,66266611;-45,30765688;SPRF-MG;DEL16-MG;UOP02-DEL16-MG
687013;24/04/2025;quinta-feira;08:00:00;RS;472;156,5;SANTA ROSA;Acessar a via sem observar a presença dos outros veículos;Colisão transversal;Com Vítimas Feridas;Pleno dia;Crescente;Nublado;Simples;Interseção de Vias;Sim;3;0;1;0;2;0;1;2;-27,841403;-54,434827;SPRF-RS;DEL10-RS;UOP01-DEL10-RS
687014;24/04/2025;quinta-feira;06:50:00;PR;0;0;MARINGA;Demais falhas mecânicas ou elétricas;Colisão lateral mesmo sentido;Sem Vítimas;Amanhecer;Não Informado;Nublado;Dupla;Reta;Sim;3;0;0;0;3;0;0;2;-23,43922;-51,97943;SPRF-PR;DEL09-PR;UOP03-DEL09-PR
687016;04/04/2025;sexta-feira;08:06:00;PI;343;15;PARNAIBA;Acessar a via sem observar a presença dos outros veículos;Colisão lateral mesmo sentido;Com Vítimas Feridas;Pleno dia;Decrescente;Sol;Simples;Rotatória;Sim;3;0;2;0;1;0;2;2;-2,94245619;-41,756117;SPRF-PI;DEL05-PI;UOP01-DEL05-PI
687018;24/04/2025;quinta-feira;07:40:00;PR;277;213;PALMEIRA;Ausência de reação do condutor;Saída de leito carroçável;Com Vítimas Feridas;Amanhecer;Decrescente;Chuva;Simples;Curva;Não;1;0;1;0;0;0;1;1;-25,459941;-50,332175;SPRF-PR;DEL08-PR;UOP02-DEL08-PR
687019;24/04/2025;quinta-feira;08:50:00;RS;471;658,5;SANTA VITORIA DO PALMAR;Demais falhas mecânicas ou elétricas;Saída de leito carroçável;Com Vítimas Feridas;Pleno dia;Decrescente;Céu Claro;Simples;Interseção de Vias;Sim;4;0;3;0;1;0;3;1;-33,51439352;-53,33071589;SPRF-RS;DEL07-RS;UOP04-DEL07-RS
687020;24/04/2025;quinta-feira;08:53:00;MG;50;55;ARAGUARI;Ausência de reação do condutor;Colisão com objeto;Com Vítimas Feridas;Pleno dia;Crescente;Chuva;Dupla;Ponte;Não;1;0;1;0;0;0;1;1;-18,772005;-48,243183;SPRF-MG;DEL15-MG;UOP02-DEL15-MG
687021;16/04/2025;quarta-feira;08:40:00;RJ;40;3;COMENDADOR LEVY GASPARIAN;Pista Escorregadia;Tombamento;Com Vítimas Feridas;Pleno dia;Crescente;Garoa/Chuvisco;Simples;Reta;Não;3;0;1;0;2;0;1;1;-22,03054191;-43,22838016;SPRF-RJ;DEL05-RJ;UOP02-DEL05-RJ
687022;24/04/2025;quinta-feira;09:17:00;PE;101;52;ABREU E LIMA;Acostamento em desnível;Tombamento;Com Vítimas Feridas;Pleno dia;Crescente;Nublado;Dupla;"Reta;Interseção de Vias";Sim;1;0;1;0;0;0;1;1;-7,925;-34,897;SPRF-PE;DEL01-PE;UOP02-DEL01-PE
687023;24/04/2025;quinta-feira;09:15:00;TO;10;463;PALMAS;Ausência de reação do condutor;Saída de leito carroçável;Com Vítimas Feridas;Pleno dia;Crescente;Céu Claro;Dupla;Reta;Sim;2;0;2;0;0;0;2;1;-10,23293505;-48,31132881;SPRF-TO;DEL01-TO;UOP03-DEL01-TO
687027;24/04/2025;quinta-feira;06:30:00;GO;60;234;CEZARINA;Acumulo de água sobre o pavimento;Capotamento;Com Vítimas Feridas;Pleno dia;Crescente;Chuva;Dupla;Reta;Não;1;0;1;0;0;0;1;1;-17,07701215;-49,82437914;SPRF-GO;DEL01-GO;UOP02-DEL01-GO
687029;08/04/2025;terça-feira;15:55:00;PB;230;16,4;JOAO PESSOA;Velocidade Incompatível;Colisão lateral mesmo sentido;Com Vítimas Feridas;Pleno dia;Decrescente;Céu Claro;Dupla;Reta;Não;3;0;1;0;2;0;1;3;-7,11072043;-34,84277364;SPRF-PB;DEL01-PB;UOP01-DEL01-PB
687030;16/04/2025;quarta-feira;15:25:00;ES;101;147,5;LINHARES;Pedestre cruzava a pista fora da faixa;Atropelamento de Pedestre;Com Vítimas Feridas;Pleno dia;Crescente;Céu Claro;Dupla;Reta;Não;2;0;1;0;1;0;1;2;-19,38642139;-40,06740924;SPRF-ES;DEL04-ES;UOP01-DEL04-ES
687032;24/04/2025;quinta-feira;07:30:00;BA;110;340;ALAGOINHAS;Desrespeitar a preferência no cruzamento;Colisão transversal;Com Vítimas Feridas;Pleno dia;Crescente;Chuva;Simples;Interseção de Vias;Não;2;0;1;0;1;0;1;2;-12,163151;-38,415083;SPRF-BA;DEL01-BA;UOP04-DEL01-BA
687033;24/04/2025;quinta-feira;10:30:00;SC;101;419;ARARANGUA;Ultrapassagem Indevida;Colisão transversal;Com Vítimas Feridas;Pleno dia;Decrescente;Céu Claro;Simples;"Reta;Interseção de Vias";Sim;2;0;1;0;1;0;1;2;-28,9994486;-49,5560229;SPRF-SC;DEL02-SC;UOP02-DEL02-SC
687034;24/04/2025;quinta-feira;09:20:00;BA;367;82;EUNAPOLIS;Condutor deixou de manter distância do veículo da frente;Eventos atípicos;Com Vítimas Feridas;Pleno dia;Decrescente;Nublado;Simples;"Reta;Rotatória";Sim;2;0;0;1;0;1;1;2;-16,372243;-39,562283;SPRF-BA;DEL09-BA;UOP03-DEL09-BA
687036;24/04/2025;quinta-feira;09:20:00;RJ;40;112,8;DUQUE DE CAXIAS;Demais falhas mecânicas ou elétricas;Tombamento;Com Vítimas Feridas;Pleno dia;Crescente;Céu Claro;Dupla;Reta;Sim;2;0;2;0;0;0;2;1;-22,71206471;-43,29042435;SPRF-RJ;DEL01-RJ;UOP02-DEL01-RJ
687037;24/04/2025;quinta-feira;07:05:00;GO;80;136,3;BARRO ALTO;Chuva;Capotamento;Com Vítimas Feridas;Pleno dia;Decrescente;Chuva;Simples;Curva;Não;4;0;3;1;0;0;4;1;-14,94942876;-48,93396378;SPRF-GO;DEL07-GO;UOP02-DEL07-GO
687038;24/04/2025;quinta-feira;10:30:00;PR;376;437,5;TIBAGI;Velocidade Incompatível;Saída de leito carroçável;Com Vítimas Feridas;Pleno dia;Crescente;Chuva;Dupla;"Curva;Declive";Não;1;0;1;0;0;0;1;1;-24,78951346;-50,50442036;SPRF-PR;DEL03-PR;UOP02-DEL03-PR
687040;24/04/2025;quinta-feira;11:30:00;SP;116;471;JACUPIRANGA;Condutor deixou de manter distância do veículo da frente;Colisão traseira;Com Vítimas Feridas;Pleno dia;Decrescente;Céu Claro;Dupla;Reta;Não;2;0;1;0;0;1;1;2;-24,66445336;-47,97309941;SPRF-SP;DEL05-SP;UOP01-DEL05-SP
687045;24/04/2025;quinta-feira;08:00:00;MG;116;629,6;ORIZANIA;Demais falhas mecânicas ou elétricas;Queda de ocupante de veículo;Com Vítimas Feridas;Pleno dia;Crescente;Céu Claro;Simples;"Reta;Aclive";Não;1;0;0;1;0;0;1;1;-20,58823;-42,208368;SPRF-MG;DEL07-MG;UOP02-DEL07-MG
687046;24/04/2025;quinta-feira;10:40:00;GO;452;2,5;RIO VERDE;Reação tardia ou ineficiente do condutor;Colisão traseira;Com Vítimas Feridas;Pleno dia;Decrescente;Céu Claro;Dupla;Reta;Sim;5;0;1;0;4;0;1;2;-17,79823;-50,881695;SPRF-GO;DEL04-GO;UOP01-DEL04-GO
687047;24/04/2025;quinta-feira;12:50:00;MG;116;275;TEOFILO OTONI;Manobra de mudança de faixa;Colisão lateral mesmo sentido;Com Vítimas Feridas;Pleno dia;Crescente;Nublado;Simples;"Reta;Aclive";Sim;2;0;1;0;1;0;1;2;-17,843248;-41,514389;SPRF-MG;DEL11-MG;UOP01-DEL11-MG
687049;24/04/2025;quinta-feira;11:20:00;PA;316;59;CASTANHAL;Ausência de reação do condutor;Colisão traseira;Com Vítimas Feridas;Pleno dia;Decrescente;Céu Claro;Dupla;Reta;Sim;2;0;1;0;0;1;1;2;-1,2975787;-47,9550209;SPRF-PA;DEL01-PA;UOP01-DEL01-PA
687051;24/04/2025;quinta-feira;11:20:00;MG;40;42,8;PARACATU;Condutor deixou de manter distância do veículo da frente;Colisão traseira;Com Vítimas Feridas;Pleno dia;Decrescente;Céu Claro;Simples;"Interseção de Vias;Reta;Rotatória";Sim;3;0;1;0;2;0;1;3;-17,2188441;-46,8666753;SPRF-MG;DEL14-MG;UOP01-DEL14-MG
687052;24/04/2025;quinta-feira;12:10:00;MT;174;0;PONTES E LACERDA;Acessar a via sem observar a presença dos outros veículos;Colisão transversal;Com Vítimas Feridas;Pleno dia;Decrescente;Nublado;Simples;Rotatória;Sim;2;0;1;0;1;0;1;2;-15,24379803;-59,31446671;SPRF-MT;DEL04-MT;UOP01-DEL04-MT
687053;24/04/2025;quinta-feira;12:40:00;SC;280;82,3;CORUPA;Desrespeitar a preferência no cruzamento;Colisão lateral mesmo sentido;Com Vítimas Feridas;Pleno dia;Decrescente;Céu Claro;Simples;Rotatória;Sim;2;0;1;0;1;0;1;2;-26,435555;-49,245278;SPRF-SC;DEL06-SC;UOP03-DEL06-SC
687056;24/04/2025;quinta-feira;12:10:00;RJ;40;119;DUQUE DE CAXIAS;Acumulo de óleo sobre o pavimento;Queda de ocupante de veículo;Com Vítimas Feridas;Pleno dia;Crescente;Céu Claro;Dupla;Curva;Não;1;0;1;0;0;0;1;1;-22,7196772;-43,2811485;SPRF-RJ;DEL01-RJ;UOP02-DEL01-RJ
687057;24/04/2025;quinta-feira;14:00:00;RJ;40;105;DUQUE DE CAXIAS;Demais falhas mecânicas ou elétricas;Tombamento;Com Vítimas Feridas;Pleno dia;Crescente;Céu Claro;Múltipla;Reta;Sim;2;0;2;0;0;0;2;1;-22,644943;-43,283778;SPRF-RJ;DEL01-RJ;UOP02-DEL01-RJ
687058;24/04/2025;quinta-feira;15:25:00;GO;60;253;INDIARA;Chuva;Capotamento;Com Vítimas Feridas;Pleno dia;Decrescente;Chuva;Dupla;Reta;Não;4;0;2;2;0;0;4;1;-17,140439;-49,99812;SPRF-GO;DEL01-GO;UOP02-DEL01-GO
687059;24/01/2025;sexta-feira;14:00:00;BA;324;519;FEIRA DE SANTANA;Reação tardia ou ineficiente do condutor;Colisão traseira;Sem Vítimas;Pleno dia;Decrescente;Céu Claro;Múltipla;Reta;Sim;4;0;0;0;4;0;0;3;-12,280201;-38,924789;SPRF-BA;DEL02-BA;UOP01-DEL02-BA
687061;24/04/2025;quinta-feira;11:50:00;RJ;40;121;DUQUE DE CAXIAS;Acessar a via sem observar a presença dos outros veículos;Colisão com objeto;Com Vítimas Feridas;Pleno dia;Crescente;Céu Claro;Dupla;Reta;Sim;3;0;1;0;2;0;1;1;-22,7196772;-43,2811485;SPRF-RJ;DEL01-RJ;UOP02-DEL01-RJ
687065;24/04/2025;quinta-feira;15:40:00;MG;459;69,3;SENADOR JOSE BENTO;Pista Escorregadia;Colisão frontal;Com Vítimas Feridas;Pleno dia;Crescente;Chuva;Simples;Curva;Não;4;0;4;0;0;0;4;2;-22,1308389;-46,1741125;SPRF-MG;DEL09-MG;UOP01-DEL09-MG
687066;17/04/2025;quinta-feira;00:02:00;RS;116;265;PORTO ALEGRE;Deficiência do Sistema de Iluminação/Sinalização;Colisão transversal;Com Vítimas Feridas;Plena Noite;Crescente;Ignorado;Simples;Reta;Sim;2;0;1;0;1;0;1;2;-29,9699793;-51,1711897;SPRF-RS;DEL01-RS;UOP01-DEL01-RS
687067;24/04/2025;quinta-feira;15:53:00;PR;116;26,1;CAMPINA GRANDE DO SUL;Acumulo de água sobre o pavimento;Saída de leito carroçável;Com Vítimas Feridas;Pleno dia;Crescente;Chuva;Múltipla;Curva;Não;2;0;1;0;1;0;1;1;-25,111638;-48,782683;SPRF-PR;DEL01-PR;UOP02-DEL01-PR
687068;24/04/2025;quinta-feira;15:30:00;ES;101;265;SERRA;Pista esburacada;Tombamento;Com Vítimas Feridas;Pleno dia;Crescente;Nublado;Múltipla;Reta;Sim;2;0;1;1;0;0;2;1;-20,18240833;-40,26541;SPRF-ES;DEL02-ES;UOP01-DEL02-ES
687069;08/02/2025;sábado;23:00:00;RJ;465;11;SEROPEDICA;Animais na Pista;Atropelamento de Animal;Com Vítimas Feridas;Plena Noite;Crescente;Ignorado;Simples;Reta;Não;2;0;1;1;0;0;2;1;-22,77629279;-43,6640507;SPRF-RJ;DEL06-RJ;UOP02-DEL06-RJ
687071;24/04/2025;quinta-feira;14:54:00;RO;364;714;PORTO VELHO;Ausência de reação do condutor;Queda de ocupante de veículo;Com Vítimas Feridas;Pleno dia;Decrescente;Céu Claro;Dupla;Curva;Não;1;0;1;0;0;0;1;1;-8,8080384;-63,7599744;SPRF-RO;DEL01-RO;UOP01-DEL01-RO
687073;24/04/2025;quinta-feira;14:30:00;PR;153;1;JACAREZINHO;Pista Escorregadia;Queda de ocupante de veículo;Com Vítimas Feridas;Plena Noite;Crescente;Chuva;Simples;Reta;Não;1;0;1;0;0;0;1;1;-23,009351;-49,906467;SPRF-PR;DEL07-PR;UOP04-DEL07-PR
687075;24/04/2025;quinta-feira;16:30:00;PR;369;144;LONDRINA;Ausência de reação do condutor;Colisão traseira;Com Vítimas Feridas;Pleno dia;Decrescente;Chuva;Dupla;Declive;Não;2;0;1;0;1;0;1;2;-23,293297;-51,102612;SPRF-PR;DEL07-PR;UOP01-DEL07-PR
687076;24/04/2025;quinta-feira;16:45:00;SC;101;201,3;SAO JOSE;Manobra de mudança de faixa;Colisão lateral mesmo sentido;Com Vítimas Feridas;Pleno dia;Crescente;Céu Claro;Múltipla;Reta;Sim;2;0;1;0;1;0;1;2;-27,551395;-48,619962;SPRF-SC;DEL01-SC;UOP01-DEL01-SC
687081;24/04/2025;quinta-feira;16:10:00;PB;230;121;RIACHAO DO BACAMARTE;Animais na Pista;Saída de leito carroçável;Com Vítimas Feridas;Pleno dia;Crescente;Chuva;Dupla;Reta;Sim;2;0;1;0;1;0;1;1;-7,24634502;-35,65612704;SPRF-PB;DEL02-PB;UOP01-DEL02-PB
687083;24/04/2025;quinta-feira;16:15:00;RJ;101;586;PARATY;Conversão proibida;Colisão transversal;Com Vítimas Feridas;Pleno dia;Crescente;Nublado;Simples;Reta;Não;2;0;2;0;0;0;2;2;-23,27620014;-44,68948603;SPRF-RJ;DEL03-RJ;UOP04-DEL03-RJ
687085;24/04/2025;quinta-feira;17:20:00;PA;316;55;CASTANHAL;Avarias e/ou desgaste excessivo no pneu;Tombamento;Com Vítimas Feridas;Pleno dia;Crescente;Céu Claro;Dupla;Reta;Não;2;0;2;0;0;0;2;1;-1,30716129;-48,02963054;SPRF-PA;DEL01-PA;UOP01-DEL01-PA
687086;24/04/2025;quinta-feira;17:20:00;SC;101;100,8;BALNEARIO PICARRAS;Acessar a via sem observar a presença dos outros veículos;Colisão transversal;Com Vítimas Feridas;Anoitecer;Decrescente;Nublado;Simples;"Reta;Aclive";Sim;3;0;2;0;0;1;2;2;-26,76302206;-48,68623344;SPRF-SC;DEL03-SC;UOP02-DEL03-SC
687087;08/03/2025;sábado;09:00:00;AP;156;529;AMAPA;Reação tardia ou ineficiente do condutor;Tombamento;Com Vítimas Feridas;Pleno dia;Decrescente;Nublado;Simples;Reta;Não;3;0;3;0;0;0;3;1;2,07066055;-50,89702797;SPRF-AP;DEL01-AP;UOP02-DEL01-AP
687088;24/04/2025;quinta-feira;07:40:00;SC;101;132;BALNEARIO CAMBORIU;Trafegar com motocicleta (ou similar) entre as faixas;Colisão lateral mesmo sentido;Com Vítimas Feridas;Pleno dia;Crescente;Céu Claro;Múltipla;Reta;Sim;2;0;1;0;1;0;1;1;-26,99903577;-48,64802806;SPRF-SC;DEL04-SC;UOP03-DEL04-SC
687089;24/04/2025;quinta-feira;18:00:00;RS;448;6;ESTEIO;Acessar a via sem observar a presença dos outros veículos;Colisão lateral mesmo sentido;Com Vítimas Feridas;Plena Noite;Decrescente;Céu Claro;Dupla;Reta;Não;3;0;1;0;1;1;1;3;-29,84689626;-51,20860445;SPRF-RS;DEL01-RS;UOP02-DEL01-RS
687090;24/04/2025;quinta-feira;18:20:00;BA;116;12,8;VITORIA DA CONQUISTA;Ingestão de álcool pelo condutor;Colisão transversal;Com Vítimas Feridas;Plena Noite;Crescente;Nublado;Simples;Reta;Sim;2;0;0;1;1;0;1;2;-14,883506;-40,870686;SPRF-BA;DEL08-BA;UOP01-DEL08-BA
687092;24/04/2025;quinta-feira;17:30:00;CE;222;15;CAUCAIA;Ausência de reação do condutor;Colisão frontal;Com Vítimas Feridas;Plena Noite;Crescente;Céu Claro;Simples;"Reta;Desvio Temporário;Em Obras";Não;3;0;1;0;2;0;1;2;-3,7426435;-38,73298645;SPRF-CE;DEL01-CE;UOP01-DEL01-CE
687093;24/04/2025;quinta-feira;18:00:00;PR;369;150;LONDRINA;Reação tardia ou ineficiente do condutor;Colisão traseira;Com Vítimas Feridas;Plena Noite;Decrescente;Chuva;Dupla;Reta;Sim;3;0;1;0;2;0;1;2;-23,293232;-51,100335;SPRF-PR;DEL07-PR;UOP01-DEL07-PR
687095;24/04/2025;quinta-feira;15:15:00;SC;280;154,1;MAFRA;Velocidade Incompatível;Colisão frontal;Com Vítimas Feridas;Pleno dia;Decrescente;Chuva;Simples;"Curva;Aclive";Não;5;0;2;2;0;1;4;3;-26,213115;-49,719376;SPRF-SC;DEL06-SC;UOP03-DEL06-SC
687096;24/04/2025;quinta-feira;19:00:00;MG;40;552;NOVA LIMA;Reação tardia ou ineficiente do condutor;Colisão lateral sentido oposto;Com Vítimas Feridas;Plena Noite;Crescente;Céu Claro;Dupla;"Reta;Aclive";Sim;2;0;0;1;1;0;1;2;-20,064;-43,979;SPRF-MG;DEL01-MG;UOP02-DEL01-MG
687097;24/04/2025;quinta-feira;18:05:00;SC;163;70,1;SAO MIGUEL DO OESTE;Condutor deixou de manter distância do veículo da frente;Colisão traseira;Com Vítimas Feridas;Anoitecer;Crescente;Garoa/Chuvisco;Dupla;Declive;Sim;2;0;1;0;1;0;1;2;-26,73493765;-53,50630313;SPRF-SC;DEL07-SC;UOP03-DEL07-SC
687098;24/04/2025;quinta-feira;18:00:00;SP;116;221;GUARULHOS;Trafegar com motocicleta (ou similar) entre as faixas;Colisão traseira;Com Vítimas Feridas;Plena Noite;Crescente;Garoa/Chuvisco;Múltipla;"Reta;Em Obras";Sim;1;0;1;0;0;0;1;1;-23,46882893;-46,51053965;SPRF-SP;DEL01-SP;UOP01-DEL01-SP
687100;24/04/2025;quinta-feira;10:40:00;RJ;101;229;SILVA JARDIM;Afundamento ou ondulação no pavimento;Capotamento;Com Vítimas Feridas;Pleno dia;Decrescente;Céu Claro;Dupla;Curva;Não;2;0;2;0;0;0;2;1;-22,5660079;-42,37220764;SPRF-RJ;DEL02-RJ;UOP03-DEL02-RJ
687101;24/04/2025;quinta-feira;18:50:00;RS;116;255;ESTEIO;Condutor deixou de manter distância do veículo da frente;Colisão traseira;Com Vítimas Feridas;Plena Noite;Decrescente;Nublado;Dupla;Reta;Sim;4;0;1;0;3;0;1;2;-29,835065;-51,174853;SPRF-RS;DEL01-RS;UOP02-DEL01-RS
687102;24/04/2025;quinta-feira;18:00:00;PA;163;145;ALTAMIRA;Transitar na contramão;Colisão transversal;Com Vítimas Fatais;Anoitecer;Crescente;Céu Claro;Simples;Reta;Não;5;1;0;2;2;0;2;2;-8,4305;-55,111;SPRF-MT;DEL06-MT;UOP03-DEL06-MT
687104;24/04/2025;quinta-feira;13:00:00;MA;226;75,6;MATOES;Acessar a via sem observar a presença dos outros veículos;Colisão transversal;Com Vítimas Feridas;Pleno dia;Decrescente;Céu Claro;Simples;"Interseção de Vias;Reta";Não;11;0;8;3;0;0;11;2;-5,22432995;-43,4501338;SPRF-MA;DEL03-MA;UOP02-DEL03-MA
687106;24/04/2025;quinta-feira;19:30:00;SP;116;219;GUARULHOS;Ausência de reação do condutor;Queda de ocupante de veículo;Com Vítimas Feridas;Plena Noite;Crescente;Chuva;Múltipla;Reta;Sim;1;0;1;0;0;0;1;1;-23,4621908;-46,49156295;SPRF-SP;DEL01-SP;UOP01-DEL01-SP
687107;24/04/2025;quinta-feira;18:40:00;CE;116;18;EUSEBIO;Ingestão de álcool pelo condutor;Queda de ocupante de veículo;Com Vítimas Feridas;Plena Noite;Crescente;Céu Claro;Dupla;Reta;Sim;1;0;1;0;0;0;1;1;-3,91248546;-38,50651614;SPRF-CE;DEL01-CE;UOP02-DEL01-CE
687108;24/04/2025;quinta-feira;15:00:00;MG;146;467,1;BOTELHOS;Velocidade Incompatível;Saída de leito carroçável;Com Vítimas Feridas;Pleno dia;Decrescente;Chuva;Simples;"Reta;Declive";Não;2;0;1;0;1;0;1;1;-21,69578;-46,42743;SPRF-MG;DEL09-MG;UOP01-DEL09-MG
687109;24/04/2025;quinta-feira;18:40:00;PR;277;244;FERNANDES PINHEIRO;Pedestre andava na pista;Atropelamento de Pedestre;Com Vítimas Feridas;Plena Noite;Crescente;Chuva;Múltipla;"Reta;Aclive";Não;2;0;0;1;1;0;1;2;-25,46446536;-50,56882231;SPRF-PR;DEL08-PR;UOP02-DEL08-PR
687110;24/04/2025;quinta-feira;18:10:00;RJ;116;132;MAGE;Animais na Pista;Atropelamento de Animal;Com Vítimas Feridas;Anoitecer;Decrescente;Nublado;Dupla;Reta;Não;1;0;1;0;0;0;1;1;-22,64639;-43,206843;SPRF-RJ;DEL04-RJ;UOP02-DEL04-RJ
687111;24/04/2025;quinta-feira;17:20:00;GO;153;375;SAO FRANCISCO DE GOIAS;Demais falhas mecânicas ou elétricas;Colisão com objeto;Com Vítimas Feridas;Pleno dia;Decrescente;Céu Claro;Simples;Reta;Não;1;0;1;0;0;0;1;1;-15,87477513;-49,25069042;SPRF-GO;DEL02-GO;UOP02-DEL02-GO
687112;24/04/2025;quinta-feira;20:15:00;PE;101;59;RECIFE;Reação tardia ou ineficiente do condutor;Tombamento;Com Vítimas Feridas;Plena Noite;Decrescente;Chuva;Dupla;Curva;Sim;1;0;1;0;0;0;1;1;-7,981725;-34,931626;SPRF-PE;DEL01-PE;UOP02-DEL01-PE
687114;24/04/2025;quinta-feira;18:30:00;RS;116;657;JAGUARAO;Acessar a via sem observar a presença dos outros veículos;Colisão transversal;Com Vítimas Feridas;Plena Noite;Decrescente;Céu Claro;Simples;"Interseção de Vias;Reta";Sim;2;0;1;0;1;0;1;2;-32,55401746;-53,38541794;SPRF-RS;DEL07-RS;UOP03-DEL07-RS
687116;24/04/2025;quinta-feira;19:00:00;RS;386;401;TRIUNFO;Curva acentuada;Colisão com objeto;Com Vítimas Feridas;Plena Noite;Crescente;Céu Claro;Dupla;Rotatória;Não;1;0;1;0;0;0;1;1;-29,7585601;-51,59313161;SPRF-RS;DEL04-RS;UOP02-DEL04-RS
687117;24/04/2025;quinta-feira;20:00:00;RJ;116;173;SAO JOAO DE MERITI;Reação tardia ou ineficiente do condutor;Colisão traseira;Com Vítimas Feridas;Plena Noite;Crescente;Nublado;Múltipla;Reta;Sim;2;0;1;0;1;0;1;2;-22,79843539;-43,35603587;SPRF-RJ;DEL06-RJ;UOP01-DEL06-RJ
687118;24/04/2025;quinta-feira;19:30:00;RJ;493;93;SEROPEDICA;Reação tardia ou ineficiente do condutor;Saída de leito carroçável;Com Vítimas Feridas;Plena Noite;Decrescente;Nublado;Dupla;"Reta;Ponte";Não;1;0;1;0;0;0;1;1;-22,7104771;-43,7006219;SPRF-RJ;DEL01-RJ;UOP03-DEL01-RJ
687119;24/04/2025;quinta-feira;16:10:00;MS;376;90;IVINHEMA;Reação tardia ou ineficiente do condutor;Saída de leito carroçável;Com Vítimas Feridas;Pleno dia;Crescente;Chuva;Simples;"Reta;Declive";Não;4;0;4;0;0;0;4;1;-22,310661;-54,060562;SPRF-MS;DEL04-MS;UOP04-DEL04-MS
687120;24/04/2025;quinta-feira;20:10:00;CE;116;13;FORTALEZA;Entrada inopinada do pedestre;Atropelamento de Pedestre;Com Vítimas Fatais;Plena Noite;Decrescente;Céu Claro;Múltipla;Reta;Sim;3;1;0;0;1;1;0;2;-3,85662316;-38,4960313;SPRF-CE;DEL01-CE;UOP02-DEL01-CE
687121;24/04/2025;quinta-feira;18:55:00;RJ;393;286;VOLTA REDONDA;Transitar no Acostamento;Atropelamento de Pedestre;Com Vítimas Feridas;Plena Noite;Crescente;Céu Claro;Simples;Reta;Sim;2;0;2;0;0;0;2;2;-22,50634349;-44,07729775;SPRF-RJ;DEL05-RJ;UOP04-DEL05-RJ
687122;24/04/2025;quinta-feira;21:00:00;SP;116;228;SAO PAULO;Reação tardia ou ineficiente do condutor;Colisão traseira;Com Vítimas Feridas;Plena Noite;Decrescente;Chuva;Múltipla;Declive;Sim;5;0;1;0;4;0;1;3;-23,5033954;-46,56631468;SPRF-SP;DEL01-SP;UOP01-DEL01-SP
687123;24/04/2025;quinta-feira;21:00:00;BA;116;16,6;VITORIA DA CONQUISTA;Acessar a via sem observar a presença dos outros veículos;Colisão transversal;Com Vítimas Feridas;Plena Noite;Crescente;Céu Claro;Simples;Reta;Não;3;0;2;0;1;0;2;2;-14,9025;-40,844794;SPRF-BA;DEL08-BA;UOP01-DEL08-BA
687124;24/04/2025;quinta-feira;21:00:00;SP;153;66,4;SAO JOSE DO RIO PRETO;Condutor deixou de manter distância do veículo da frente;Colisão traseira;Sem Vítimas;Plena Noite;Decrescente;Garoa/Chuvisco;Dupla;Reta;Sim;2;0;0;0;2;0;0;2;-20,845218;-49,3729;SPRF-SP;DEL09-SP;UOP01-DEL09-SP