id;data_inversa;dia_semana;horario;uf;br;km;municipio;causa_acidente;tipo_acidente;classificacao_acidente;fase_dia;sentido_via;condicao_metereologica;tipo_pista;tracado_via;uso_solo;pessoas;mortos;feridos_leves;feridos_graves;ilesos;ignorados;feridos;veiculos;latitude;longitude;regional;delegacia;uop
687128;24/04/2025;quinta-feira;18:30:00;RO;429;156;SERINGUEIRAS;Reação tardia ou ineficiente do condutor;Colisão com objeto;Com Vítimas Feridas;Anoitecer;Crescente;Ignorado;Dupla;Reta;Sim;1;0;1;0;0;0;1;1;-11,762865;-63,026635;SPRF-RO;DEL02-RO;UOP03-DEL02-RO
687129;24/04/2025;quinta-feira;19:20:00;CE;116;208,3;TABULEIRO DO NORTE;Chuva;Capotamento;Com Vítimas Feridas;Plena Noite;Decrescente;Chuva;Simples;"Aclive;Curva";Não;2;0;1;0;1;0;1;1;-5,245801;-38,188945;SPRF-CE;DEL03-CE;UOP01-DEL03-CE
687130;24/04/2025;quinta-feira;21:30:00;RS;116;264;PORTO ALEGRE;Manobra de mudança de faixa;Colisão lateral mesmo sentido;Com Vítimas Feridas;Plena Noite;Crescente;Ignorado;Múltipla;Reta;Sim;2;0;1;0;1;0;1;2;-29,9696128;-51,1705088;SPRF-RS;DEL01-RS;UOP01-DEL01-RS
687131;24/04/2025;quinta-feira;21:00:00;SP;116;324;JUQUITIBA;Ingestão de álcool pelo condutor;Capotamento;Sem Vítimas;Plena Noite;Crescente;Garoa/Chuvisco;Dupla;Reta;Não;1;0;0;0;1;0;0;1;-23,94017976;-47,04662211;SPRF-SP;DEL04-SP;UOP03-DEL04-SP
687132;24/04/2025;quinta-feira;22:05:00;SC;101;150;ITAPEMA;Velocidade Incompatível;Queda de ocupante de veículo;Com Vítimas Feridas;Plena Noite;Crescente;Nublado;Múltipla;"Interseção de Vias;Reta";Sim;1;0;0;1;0;0;1;1;-27,1205335;-48,6094993;SPRF-SC;DEL04-SC;UOP03-DEL04-SC
687134;24/04/2025;quinta-feira;19:50:00;PR;369;455,4;CORBELIA;Chuva;Colisão frontal;Com Vítimas Feridas;Plena Noite;Crescente;Garoa/Chuvisco;Simples;Reta;Não;2;0;0;1;1;0;1;2;-24,58271955;-53,16387177;SPRF-PR;DEL04-PR;UOP03-DEL04-PR
687135;24/04/2025;quinta-feira;20:59:00;RO;319;59;PORTO VELHO;Ingestão de álcool pelo condutor;Colisão traseira;Com Vítimas Feridas;Plena Noite;Crescente;Céu Claro;Dupla;Reta;Sim;2;0;1;0;1;0;1;2;-8,74350046;-63,91193088;SPRF-RO;DEL01-RO;UOP01-DEL01-RO
687137;24/04/2025;quinta-feira;16:30:00;MT;364;491;CUIABA;Reação tardia ou ineficiente do condutor;Capotamento;Com Vítimas Feridas;Anoitecer;Crescente;Céu Claro;Dupla;Curva;Não;1;0;1;0;0;0;1;1;-15,692842;-55,902181;SPRF-MT;DEL01-MT;UOP01-DEL01-MT
687138;24/04/2025;quinta-feira;21:35:00;SC;101;197,3;BIGUACU;Ausência de reação do condutor;Colisão com objeto;Com Vítimas Feridas;Plena Noite;Crescente;Nublado;Múltipla;Reta;Sim;4;0;2;0;2;0;2;1;-27,52062;-48,63761;SPRF-SC;DEL01-SC;UOP01-DEL01-SC
687139;24/04/2025;quinta-feira;18:25:00;SC;101;303,8;LAGUNA;Reação tardia ou ineficiente do condutor;Colisão lateral mesmo sentido;Com Vítimas Feridas;Plena Noite;Crescente;Céu Claro;Simples;Reta;Sim;2;0;0;1;1;0;1;2;-28,38561877;-48,77199976;SPRF-SC;DEL02-SC;UOP03-DEL02-SC
687140;24/04/2025;quinta-feira;22:30:00;RS;116;149,1;CAXIAS DO SUL;Condutor deixou de manter distância do veículo da frente;Colisão traseira;Sem Vítimas;Plena Noite;Decrescente;Nublado;Dupla;Reta;Sim;2;0;0;0;2;0;0;2;-29,16207269;-51,15676871;SPRF-RS;DEL05-RS;UOP01-DEL05-RS
687141;24/04/2025;quinta-feira;21:50:00;RS;153;624;BAGE;Acessar a via sem observar a presença dos outros veículos;Colisão transversal;Com Vítimas Feridas;Plena Noite;Crescente;Nublado;Simples;"Reta;Interseção de Vias";Sim;2;0;0;1;1;0;1;2;-31,33789509;-53,99370432;SPRF-RS;DEL11-RS;UOP03-DEL11-RS
687143;16/04/2025;quarta-feira;18:45:00;SP;116;147;SAO JOSE DOS CAMPOS;Trafegar com motocicleta (ou similar) entre as faixas;Colisão lateral mesmo sentido;Com Vítimas Feridas;Plena Noite;Decrescente;Céu Claro;Múltipla;Reta;Sim;3;0;1;0;2;0;1;3;-23,19734171;-45,87489367;SPRF-SP;DEL02-SP;UOP01-DEL02-SP
687144;24/04/2025;quinta-feira;22:35:00;SC;101;139;BALNEARIO CAMBORIU;Velocidade Incompatível;Saída de leito carroçável;Com Vítimas Feridas;Plena Noite;Crescente;Céu Claro;Múltipla;Curva;Sim;1;0;1;0;0;0;1;1;-27,02755783;-48,60614268;SPRF-SC;DEL04-SC;UOP03-DEL04-SC
687146;24/04/2025;quinta-feira;17:40:00;PR;376;525,1;PONTA GROSSA;Velocidade Incompatível;Saída de leito carroçável;Com Vítimas Feridas;Pleno dia;Decrescente;Chuva;Dupla;"Curva;Declive";Não;1;0;1;0;0;0;1;1;-25,26944347;-49,93655054;SPRF-PR;DEL03-PR;UOP04-DEL03-PR
687148;24/04/2025;quinta-feira;20:00:00;SP;381;36;ATIBAIA;Chuva;Tombamento;Com Vítimas Feridas;Plena Noite;Crescente;Chuva;Dupla;"Declive;Reta";Não;1;0;1;0;0;0;1;1;-23,09669987;-46,57268107;SPRF-SP;DEL03-SP;UOP01-DEL03-SP
687150;24/04/2025;quinta-feira;22:30:00;PE;407;99,9;PETROLINA;Animais na Pista;Atropelamento de Animal;Com Vítimas Feridas;Plena Noite;Crescente;Céu Claro;Simples;"Reta;Ponte";Não;3;0;1;0;2;0;1;1;-9,177025;-40,63472;SPRF-PE;DEL06-PE;UOP02-DEL06-PE
687152;24/04/2025;quinta-feira;22:00:00;DF;70;7;BRASILIA;Acessar a via sem observar a presença dos outros veículos;Colisão traseira;Com Vítimas Feridas;Plena Noite;Crescente;Nublado;Dupla;Reta;Sim;3;0;1;0;2;0;1;2;-15,78400931;-48,12973609;SPRF-DF;DEL03-DF;UOP02-DEL03-DF
687154;24/04/2025;quinta-feira;23:30:00;MS;163;344;RIO BRILHANTE;Animais na Pista;Atropelamento de Animal;Sem Vítimas;Plena Noite;Decrescente;Chuva;Simples;Reta;Não;1;0;0;0;1;0;0;1;-21,64181657;-54,42353217;SPRF-MS;DEL02-MS;UOP02-DEL02-MS
687160;25/04/2025;sexta-feira;04:10:00;PR;376;237;APUCARANA;Velocidade Incompatível;Colisão com objeto;Com Vítimas Feridas;Plena Noite;Decrescente;Garoa/Chuvisco;Dupla;Declive;Não;1;0;1;0;0;0;1;1;-23,585688;-51,476065;SPRF-PR;DEL07-PR;UOP03-DEL07-PR
687162;25/04/2025;sexta-feira;03:40:00;MG;381;688;LAVRAS;Velocidade Incompatível;Capotamento;Com Vítimas Feridas;Plena Noite;Decrescente;Chuva;Dupla;Curva;Não;2;0;1;0;1;0;1;1;-21,1868658;-45,117068;SPRF-MG;DEL04-MG;UOP02-DEL04-MG
687165;24/04/2025;quinta-feira;15:00:00;BA;330;876,3;MARAU;Condutor deixou de manter distância do veículo da frente;Colisão traseira;Com Vítimas Feridas;Pleno dia;Decrescente;Chuva;Simples;Reta;Não;9;0;3;1;5;0;4;2;-14,229158;-39,439823;SPRF-BA;DEL05-BA;UOP01-DEL05-BA
687168;25/04/2025;sexta-feira;05:30:00;ES;101;71;SAO MATEUS;Ausência de reação do condutor;Capotamento;Com Vítimas Feridas;Amanhecer;Crescente;Céu Claro;Simples;"Reta;Aclive";Não;1;0;0;1;0;0;1;1;-18,75469863;-39,86251831;SPRF-ES;DEL04-ES;UOP02-DEL04-ES
687170;25/04/2025;sexta-feira;05:10:00;SC;101;82,5;BARRA VELHA;Deficiência do Sistema de Iluminação/Sinalização;Colisão traseira;Com Vítimas Feridas;Plena Noite;Decrescente;Céu Claro;Dupla;Reta;Não;2;0;0;1;1;0;1;2;-26,61572946;-48,71954665;SPRF-SC;DEL03-SC;UOP02-DEL03-SC
687171;13/04/2025;domingo;10:00:00;BA;324;583;SIMOES FILHO;Acumulo de água sobre o pavimento;Saída de leito carroçável;Com Vítimas Feridas;Pleno dia;Decrescente;Chuva;Dupla;Reta;Não;2;0;1;0;1;0;1;1;-12,79822365;-38,40468401;SPRF-BA;DEL01-BA;UOP01-DEL01-BA
687172;25/04/2025;sexta-feira;06:45:00;MG;40;693,9;ALFREDO VASCONCELOS;Reação tardia ou ineficiente do condutor;Colisão traseira;Com Vítimas Feridas;Pleno dia;Decrescente;Nublado;Simples;"Declive;Reta";Não;11;0;1;0;10;0;1;2;-21,15458179;-43,76276046;SPRF-MG;DEL05-MG;UOP02-DEL05-MG
687173;25/04/2025;sexta-feira;06:45:00;PR;277;5,8;PARANAGUA;Velocidade Incompatível;Saída de leito carroçável;Com Vítimas Feridas;Pleno dia;Decrescente;Nublado;Dupla;Reta;Sim;1;0;1;0;0;0;1;1;-25,559;-48,576;SPRF-PR;DEL01-PR;UOP05-DEL01-PR
687174;25/04/2025;sexta-feira;06:10:00;ES;101;267,8;SERRA;Condutor desrespeitou a iluminação vermelha do semáforo;Colisão transversal;Com Vítimas Feridas;Pleno dia;Crescente;Nublado;Múltipla;"Reta;Interseção de Vias";Sim;3;0;0;1;2;0;1;2;-20,20453;-40,26744;SPRF-ES;DEL02-ES;UOP01-DEL02-ES
687176;25/04/2025;sexta-feira;06:30:00;MG;365;613;UBERLANDIA;Pedestre andava na pista;Atropelamento de Pedestre;Com Vítimas Fatais;Amanhecer;Crescente;Chuva;Simples;Reta;Não;2;1;0;0;0;1;0;2;-18,907136;-48,1624064;SPRF-MG;DEL15-MG;UOP01-DEL15-MG
687177;25/04/2025;sexta-feira;07:00:00;SC;101;199,1;SAO JOSE;Reação tardia ou ineficiente do condutor;Colisão traseira;Com Vítimas Feridas;Pleno dia;Crescente;Céu Claro;Múltipla;Reta;Sim;2;0;1;0;1;0;1;2;-27,535095;-48,629007;SPRF-SC;DEL01-SC;UOP01-DEL01-SC
687178;25/04/2025;sexta-feira;07:30:00;MA;135;6;SAO LUIS;Condutor deixou de manter distância do veículo da frente;Colisão traseira;Com Vítimas Feridas;Pleno dia;Decrescente;Céu Claro;Dupla;Reta;Sim;6;0;1;1;4;0;2;2;-2,6348855;-44,267529;SPRF-MA;DEL01-MA;UOP01-DEL01-MA
687179;25/04/2025;sexta-feira;07:45:00;SC;101;199,4;SAO JOSE;Reação tardia ou ineficiente do condutor;Queda de ocupante de veículo;Com Vítimas Feridas;Pleno dia;Decrescente;Céu Claro;Simples;Reta;Sim;2;0;1;0;1;0;1;1;-27,53661;-48,62632;SPRF-SC;DEL01-SC;UOP01-DEL01-SC
687180;25/04/2025;sexta-feira;07:20:00;DF;20;19,1;BRASILIA;Acessar a via sem observar a presença dos outros veículos;Colisão lateral mesmo sentido;Com Vítimas Feridas;Pleno dia;Decrescente;Céu Claro;Dupla;"Reta;Retorno Regulamentado";Não;4;0;1;0;3;0;1;2;-15,61136083;-47,70054818;SPRF-DF;DEL02-DF;UOP01-DEL02-DF
687182;25/04/2025;sexta-feira;06:45:00;MG;40;525;CONTAGEM;Condutor deixou de manter distância do veículo da frente;Colisão traseira;Com Vítimas Feridas;Pleno dia;Crescente;Céu Claro;Dupla;Reta;Sim;2;0;0;1;1;0;1;2;-19,885826;-44,050588;SPRF-MG;DEL01-MG;UOP02-DEL01-MG
687185;25/04/2025;sexta-feira;07:55:00;DF;20;3,9;BRASILIA;Acessar a via sem observar a presença dos outros veículos;Colisão lateral mesmo sentido;Com Vítimas Feridas;Pleno dia;Decrescente;Céu Claro;Dupla;"Reta;Retorno Regulamentado;Interseção de Vias";Sim;2;0;1;0;1;0;1;2;-15,6758837;-47,8243252;SPRF-DF;DEL02-DF;UOP01-DEL02-DF
687187;25/04/2025;sexta-feira;07:40:00;MG;40;695,4;ALFREDO VASCONCELOS;Velocidade Incompatível;Colisão transversal;Com Vítimas Feridas;Pleno dia;Decrescente;Céu Claro;Simples;"Curva;Declive";Não;2;0;0;2;0;0;2;2;-21,1655891;-43,7576337;SPRF-MG;DEL05-MG;UOP02-DEL05-MG
687188;25/04/2025;sexta-feira;08:10:00;GO;153;509;APARECIDA DE GOIANIA;Acessar a via sem observar a presença dos outros veículos;Colisão lateral mesmo sentido;Com Vítimas Feridas;Pleno dia;Decrescente;Nublado;Dupla;Declive;Sim;3;0;2;0;1;0;2;3;-16,77994068;-49,23695901;SPRF-GO;DEL01-GO;UOP03-DEL01-GO
687189;25/04/2025;sexta-feira;08:08:00;PE;232;37,7;VITORIA DE SANTO ANTAO;Condutor deixou de manter distância do veículo da frente;Colisão traseira;Com Vítimas Feridas;Pleno dia;Crescente;Céu Claro;Dupla;Reta;Não;4;0;2;0;2;0;2;2;-8,115449;-35,220145;SPRF-PE;DEL01-PE;UOP01-DEL01-PE
687192;25/04/2025;sexta-feira;00:50:00;MG;40;270;SAO GONCALO DO ABAETE;Ingestão de álcool pelo condutor;Saída de leito carroçável;Sem Vítimas;Plena Noite;Crescente;Nublado;Simples;Reta;Não;1;0;0;0;1;0;0;1;-18,17745421;-45,27826309;SPRF-MG;DEL14-MG;UOP02-DEL14-MG
687194;25/04/2025;sexta-feira;08:15:00;MG;381;929,7;ITAPEVA;Ausência de reação do condutor;Capotamento;Com Vítimas Feridas;Pleno dia;Crescente;Chuva;Dupla;Curva;Não;3;0;1;0;2;0;1;1;-22,77147684;-46,23667359;SPRF-MG;DEL16-MG;UOP03-DEL16-MG
687195;25/04/2025;sexta-feira;08:30:00;SE;101;160,1;SANTA LUZIA DO ITANHY;Avarias e/ou desgaste excessivo no pneu;Capotamento;Com Vítimas Feridas;Pleno dia;Decrescente;Céu Claro;Simples;Reta;Não;1;0;1;0;0;0;1;1;-11,30580348;-37,51096129;SPRF-SE;DEL02-SE;UOP01-DEL02-SE
687198;25/04/2025;sexta-feira;09:15:00;RS;116;252;SAPUCAIA DO SUL;Reação tardia ou ineficiente do condutor;Colisão traseira;Com Vítimas Feridas;Pleno dia;Decrescente;Nublado;Múltipla;"Reta;Viaduto";Sim;3;0;1;0;2;0;1;3;-29,81627354;-51,16965529;SPRF-RS;DEL01-RS;UOP02-DEL01-RS
687199;25/04/2025;sexta-feira;09:10:00;BA;324;513;FEIRA DE SANTANA;Demais falhas mecânicas ou elétricas;Tombamento;Com Vítimas Feridas;Pleno dia;Decrescente;Nublado;Múltipla;Reta;Sim;1;0;1;0;0;0;1;1;-12,2316161;-38,95589602;SPRF-BA;DEL02-BA;UOP01-DEL02-BA
687201;25/04/2025;sexta-feira;08:20:00;SC;101;119;ITAJAI;Reação tardia ou ineficiente do condutor;Engavetamento;Com Vítimas Feridas;Pleno dia;Decrescente;Céu Claro;Múltipla;Reta;Sim;3;0;1;0;2;0;1;3;-26,89935597;-48,71744983;SPRF-SC;DEL04-SC;UOP04-DEL04-SC
687205;25/04/2025;sexta-feira;08:10:00;MT;163;984;TERRA NOVA DO NORTE;Condutor deixou de manter distância do veículo da frente;Colisão traseira;Sem Vítimas;Pleno dia;Decrescente;Céu Claro;Simples;Reta;Não;4;0;0;0;4;0;0;2;-10,626;-55,126;SPRF-MT;DEL06-MT;UOP03-DEL06-MT
687207;25/04/2025;sexta-feira;09:00:00;GO;153;596,8;MORRINHOS;Acumulo de água sobre o pavimento;Saída de leito carroçável;Com Vítimas Feridas;Pleno dia;Crescente;Chuva;Dupla;Curva;Não;1;0;1;0;0;0;1;1;-17,6261413;-49,1780139;SPRF-GO;DEL03-GO;UOP01-DEL03-GO
687208;25/04/2025;sexta-feira;10:00:00;PE;101;43;IGARASSU;Ausência de reação do condutor;Tombamento;Com Vítimas Feridas;Pleno dia;Crescente;Céu Claro;Múltipla;Reta;Sim;2;0;1;0;1;0;1;1;-7,85719188;-34,90854164;SPRF-PE;DEL01-PE;UOP02-DEL01-PE
687211;25/04/2025;sexta-feira;08:10:00;MG;381;903,5;CAMBUI;Velocidade Incompatível;Colisão com objeto;Com Vítimas Feridas;Pleno dia;Decrescente;Chuva;Dupla;"Curva;Declive";Não;2;0;1;0;1;0;1;1;-22,64622469;-46,08765721;SPRF-MG;DEL16-MG;UOP03-DEL16-MG
687212;25/04/2025;sexta-feira;10:40:00;RS;116;252;SAPUCAIA DO SUL;Ausência de reação do condutor;Colisão com objeto;Sem Vítimas;Pleno dia;Crescente;Céu Claro;Simples;Reta;Sim;1;0;0;0;1;0;0;1;-29,81545128;-51,16940852;SPRF-RS;DEL01-RS;UOP02-DEL01-RS
687213;25/04/2025;sexta-feira;10:30:00;PB;101;47,6;RIO TINTO;Reação tardia ou ineficiente do condutor;Saída de leito carroçável;Com Vítimas Feridas;Pleno dia;Decrescente;Céu Claro;Dupla;Reta;Não;2;0;2;0;0;0;2;1;-6,902283;-35,119599;SPRF-PB;DEL01-PB;UOP03-DEL01-PB
687215;25/04/2025;sexta-feira;07:45:00;MG;116;414,5;GOVERNADOR VALADARES;Acessar a via sem observar a presença dos outros veículos;Colisão lateral mesmo sentido;Com Vítimas Feridas;Pleno dia;Decrescente;Nublado;Simples;Reta;Sim;2;0;1;0;1;0;1;2;-18,88544722;-41,94653034;SPRF-MG;DEL06-MG;UOP01-DEL06-MG
687217;25/04/2025;sexta-feira;08:30:00;RJ;40;47;PETROPOLIS;Condutor Dormindo;Colisão com objeto;Com Vítimas Feridas;Pleno dia;Crescente;Chuva;Dupla;Curva;Não;1;0;1;0;0;0;1;1;-22,30434376;-43,13335419;SPRF-RJ;DEL05-RJ;UOP02-DEL05-RJ
687218;22/04/2025;terça-feira;03:10:00;BA;116;777,8;PLANALTO;Velocidade Incompatível;Colisão com objeto;Com Vítimas Feridas;Plena Noite;Decrescente;Chuva;Simples;Reta;Sim;1;0;0;1;0;0;1;1;-14,67108;-40,47893;SPRF-BA;DEL08-BA;UOP02-DEL08-BA
687219;25/04/2025;sexta-feira;11:15:00;SE;101;101,4;SAO CRISTOVAO;Avarias e/ou desgaste excessivo no pneu;Tombamento;Com Vítimas Feridas;Pleno dia;Crescente;Céu Claro;Dupla;Reta;Não;2;0;2;0;0;0;2;1;-10,9465558;-37,2066654;SPRF-SE;DEL02-SE;UOP01-DEL02-SE
687220;25/04/2025;sexta-feira;09:20:00;SC;101;10;GARUVA;Ausência de reação do condutor;Colisão traseira;Com Vítimas Feridas;Pleno dia;Decrescente;Céu Claro;Dupla;Reta;Sim;3;0;2;1;0;0;3;2;-26,06419364;-48,86016782;SPRF-SC;DEL03-SC;UOP01-DEL03-SC
687221;25/04/2025;sexta-feira;11:19:00;SC;101;205,7;SAO JOSE;Reação tardia ou ineficiente do condutor;Colisão traseira;Com Vítimas Feridas;Pleno dia;Crescente;Sol;Múltipla;Reta;Sim;2;0;1;0;1;0;1;2;-27,58993158;-48,61758532;SPRF-SC;DEL01-SC;UOP01-DEL01-SC
687222;25/04/2025;sexta-feira;12:00:00;ES;101;268,8;SERRA;Acessar a via sem observar a presença dos outros veículos;Atropelamento de Pedestre;Com Vítimas Feridas;Pleno dia;Crescente;Céu Claro;Dupla;Reta;Não;2;0;0;1;1;0;1;2;-20,2147571;-40,27002007;SPRF-ES;DEL02-ES;UOP01-DEL02-ES
687224;25/04/2025;sexta-feira;10:53:00;RO;319;63;PORTO VELHO;Reação tardia ou ineficiente do condutor;Colisão lateral mesmo sentido;Com Vítimas Feridas;Pleno dia;Decrescente;Céu Claro;Dupla;Interseção de Vias;Sim;2;0;1;0;1;0;1;2;-8,75764111;-63,88599372;SPRF-RO;DEL01-RO;UOP01-DEL01-RO
687225;25/04/2025;sexta-feira;12:20:00;PR;376;551,5;PALMEIRA;Condutor deixou de manter distância do veículo da frente;Colisão traseira;Sem Vítimas;Pleno dia;Crescente;Céu Claro;Dupla;Declive;Não;3;0;0;0;3;0;0;2;-25,43480148;-49,7518429;SPRF-PR;DEL03-PR;UOP03-DEL03-PR
687227;24/03/2025;segunda-feira;07:00:00;PR;376;182;MARINGA;Acessar a via sem observar a presença dos outros veículos;Colisão transversal;Com Vítimas Feridas;Pleno dia;Decrescente;Céu Claro;Múltipla;Rotatória;Sim;3;0;1;0;2;0;1;3;-23,43130513;-51,88767521;SPRF-PR;DEL09-PR;UOP01-DEL09-PR
687228;19/04/2025;sábado;17:45:00;PA;155;333;MARABA;Transitar na contramão;Colisão lateral sentido oposto;Sem Vítimas;Plena Noite;Decrescente;Céu Claro;Simples;Reta;Não;5;0;0;0;4;1;0;3;-5,54464;-49,075142;SPRF-PA;DEL03-PA;UOP01-DEL03-PA
687229;25/04/2025;sexta-feira;12:00:00;MG;381;516;IGARAPE;Reação tardia ou ineficiente do condutor;Colisão com objeto;Sem Vítimas;Pleno dia;Decrescente;Céu Claro;Dupla;Declive;Sim;1;0;0;0;1;0;0;1;-20,09954374;-44,31781769;SPRF-MG;DEL01-MG;UOP03-DEL01-MG
687230;25/04/2025;sexta-feira;10:50:00;RJ;116;117;MAGE;Reação tardia ou ineficiente do condutor;Colisão traseira;Com Vítimas Feridas;Pleno dia;Decrescente;Nublado;Dupla;Reta;Não;2;0;1;0;1;0;1;2;-22,59854002;-43,02439213;SPRF-RJ;DEL04-RJ;UOP02-DEL04-RJ
687231;20/03/2025;quinta-feira;16:20:00;SC;470;0,1;NAVEGANTES;Acessar a via sem observar a presença dos outros veículos;Colisão transversal;Com Vítimas Feridas;Pleno dia;Crescente;Céu Claro;Dupla;"Reta;Interseção de Vias;Retorno Regulamentado";Sim;2;0;1;0;1;0;1;2;-26,88156615;-48,66212726;SPRF-SC;DEL04-SC;UOP04-DEL04-SC
687232;25/04/2025;sexta-feira;12:30:00;PR;163;296;MERCEDES;Demais falhas mecânicas ou elétricas;Capotamento;Com Vítimas Feridas;Pleno dia;Crescente;Céu Claro;Simples;"Declive;Reta";Não;2;0;1;0;1;0;1;1;-24,48960536;-54,12482008;SPRF-PR;DEL06-PR;UOP02-DEL06-PR
687235;25/04/2025;sexta-feira;13:30:00;RS;116;1;PORTO ALEGRE;Acesso irregular;Colisão traseira;Com Vítimas Feridas;Pleno dia;Decrescente;Céu Claro;Dupla;Reta;Sim;5;0;1;0;2;2;1;4;-29,9699852;-51,1711903;SPRF-RS;DEL01-RS;UOP01-DEL01-RS
687237;25/04/2025;sexta-feira;13:15:00;SP;101;51;UBATUBA;Conversão proibida;Colisão lateral mesmo sentido;Com Vítimas Feridas;Pleno dia;Crescente;Nublado;Simples;Interseção de Vias;Sim;2;0;1;0;1;0;1;2;-23,45696178;-45,07046197;SPRF-SP;DEL06-SP;UOP01-DEL06-SP
687239;25/04/2025;sexta-feira;12:50:00;MA;135;48;BACABEIRA;Pista Escorregadia;Capotamento;Com Vítimas Feridas;Pleno dia;Decrescente;Chuva;Dupla;Reta;Sim;1;0;1;0;0;0;1;1;-2,93588728;-44,3316021;SPRF-MA;DEL01-MA;UOP01-DEL01-MA
687240;30/03/2025;domingo;21:20:00;PA;153;114;SAO GERALDO DO ARAGUAIA;Transitar na contramão;Colisão frontal;Com Vítimas Fatais;Plena Noite;Crescente;Céu Claro;Simples;Reta;Não;4;1;0;3;0;0;3;2;-6,33781984;-48,59321594;SPRF-PA;DEL03-PA;UOP01-DEL03-PA
687242;25/04/2025;sexta-feira;11:40:00;SC;101;292;IMBITUBA;Ausência de reação do condutor;Colisão transversal;Com Vítimas Feridas;Pleno dia;Decrescente;Céu Claro;Simples;Reta;Sim;2;0;1;0;1;0;1;2;-28,296412;-48,713885;SPRF-SC;DEL02-SC;UOP03-DEL02-SC
687243;25/04/2025;sexta-feira;13:16:00;ES;262;36,5;DOMINGOS MARTINS;Ausência de reação do condutor;Colisão traseira;Com Vítimas Feridas;Pleno dia;Crescente;Céu Claro;Simples;Curva;Não;2;0;0;1;1;0;1;2;-20,381033;-40,6057;SPRF-ES;DEL01-ES;UOP01-DEL01-ES
687244;25/04/2025;sexta-feira;10:25:00;BA;324;551;AMELIA RODRIGUES;Velocidade Incompatível;Colisão traseira;Com Vítimas Feridas;Pleno dia;Decrescente;Céu Claro;Dupla;Reta;Não;3;0;1;0;2;0;1;2;-12,45170151;-38,70842242;SPRF-BA;DEL01-BA;UOP03-DEL01-BA
687248;25/04/2025;sexta-feira;13:30:00;MG;40;628;CONSELHEIRO LAFAIETE;Acessar a via sem observar a presença dos outros veículos;Colisão transversal;Com Vítimas Feridas;Pleno dia;Crescente;Céu Claro;Simples;Reta;Sim;2;0;1;0;1;0;1;2;-20,6429783;-43,8119966;SPRF-MG;DEL05-MG;UOP02-DEL05-MG
687251;21/04/2025;segunda-feira;17:30:00;SC;282;105;ALFREDO WAGNER;Acessar a via sem observar a presença dos outros veículos;Colisão frontal;Com Vítimas Feridas;Pleno dia;Decrescente;Céu Claro;Simples;Reta;Não;3;0;0;1;2;0;1;3;-27,69688002;-49,3460354;SPRF-SC;DEL01-SC;UOP03-DEL01-SC
687253;25/04/2025;sexta-feira;13:40:00;SC;280;7;SAO FRANCISCO DO SUL;Acessar a via sem observar a presença dos outros veículos;Colisão lateral mesmo sentido;Com Vítimas Feridas;Pleno dia;Decrescente;Céu Claro;Simples;"Reta;Interseção de Vias";Sim;2;0;1;0;1;0;1;2;-26,26632529;-48,63462925;SPRF-SC;DEL03-SC;UOP03-DEL03-SC
687257;19/04/2025;sábado;10:00:00;PB;230;22,5;JOAO PESSOA;Ausência de reação do condutor;Tombamento;Com Vítimas Feridas;Pleno dia;Decrescente;Sol;Dupla;Reta;Sim;2;0;2;0;0;0;2;1;-7,153528;-34,8543219;SPRF-PB;DEL01-PB;UOP01-DEL01-PB
687258;25/04/2025;sexta-feira;13:04:00;RJ;393;245;VASSOURAS;Animais na Pista;Colisão traseira;Com Vítimas Feridas;Pleno dia;Crescente;Nublado;Simples;Reta;Não;3;0;1;0;2;0;1;2;-22,42487;-43,760575;SPRF-RJ;DEL05-RJ;UOP04-DEL05-RJ
687262;25/04/2025;sexta-feira;14:30:00;MT;364;402;CUIABA;Ausência de reação do condutor;Colisão traseira;Com Vítimas Feridas;Pleno dia;Decrescente;Céu Claro;Dupla;Reta;Sim;2;0;1;0;1;0;1;2;-15,64806728;-56,00473881;SPRF-MT;DEL01-MT;UOP02-DEL01-MT
687265;25/04/2025;sexta-feira;15:30:00;MG;40;445;PARAOPEBA;Reação tardia ou ineficiente do condutor;Capotamento;Com Vítimas Feridas;Pleno dia;Crescente;Nublado;Dupla;"Reta;Declive";Não;1;0;1;0;0;0;1;1;-19,288803;-44,397043;SPRF-MG;DEL02-MG;UOP01-DEL02-MG
687268;25/04/2025;sexta-feira;16:50:00;PE;104;60;CARUARU;Manobra de mudança de faixa;Colisão lateral mesmo sentido;Com Vítimas Feridas;Pleno dia;Crescente;Céu Claro;Dupla;Reta;Sim;3;0;2;0;1;0;2;2;-8,238469;-35,975581;SPRF-PE;DEL02-PE;UOP01-DEL02-PE
687269;25/04/2025;sexta-feira;16:45:00;SC;101;117;ITAJAI;Frear bruscamente;Engavetamento;Com Vítimas Feridas;Pleno dia;Crescente;Céu Claro;Múltipla;"Aclive;Reta";Sim;4;0;1;0;3;0;1;3;-26,88681894;-48,72282219;SPRF-SC;DEL04-SC;UOP04-DEL04-SC
687270;25/04/2025;sexta-feira;16:40:00;PB;230;16;JOAO PESSOA;Manobra de mudança de faixa;Colisão traseira;Com Vítimas Feridas;Pleno dia;Crescente;Céu Claro;Dupla;Reta;Sim;2;0;1;0;1;0;1;2;-7,10632119;-34,84410214;SPRF-PB;DEL01-PB;UOP01-DEL01-PB