id;data_inversa;dia_semana;horario;uf;br;km;municipio;causa_acidente;tipo_acidente;classificacao_acidente;fase_dia;sentido_via;condicao_metereologica;tipo_pista;tracado_via;uso_solo;pessoas;mortos;feridos_leves;feridos_graves;ilesos;ignorados;feridos;veiculos;latitude;longitude;regional;delegacia;uop
687271;25/04/2025;sexta-feira;17:10:00;SP;381;71;MAIRIPORA;Ausência de reação do condutor;Colisão com objeto;Sem Vítimas;Anoitecer;Decrescente;Garoa/Chuvisco;Dupla;"Curva;Declive";Não;3;0;0;0;3;0;0;1;-23,352514;-46,551448;SPRF-SP;DEL03-SP;UOP01-DEL03-SP
687272;25/04/2025;sexta-feira;15:50:00;GO;50;265;CATALAO;Avarias e/ou desgaste excessivo no pneu;Colisão com objeto;Sem Vítimas;Pleno dia;Decrescente;Chuva;Dupla;Reta;Não;2;0;0;0;2;0;0;1;-18,075034;-47,865076;SPRF-GO;DEL06-GO;UOP01-DEL06-GO
687273;25/04/2025;sexta-feira;17:25:00;BA;116;414;FEIRA DE SANTANA;Ausência de sinalização;Atropelamento de Pedestre;Com Vítimas Feridas;Plena Noite;Crescente;Céu Claro;Dupla;Reta;Sim;2;0;0;1;0;1;1;2;-12,169224;-38,9650136;SPRF-BA;DEL02-BA;UOP01-DEL02-BA
687277;25/04/2025;sexta-feira;17:35:00;PE;423;95;GARANHUNS;Transitar no Acostamento;Colisão transversal;Com Vítimas Feridas;Plena Noite;Crescente;Céu Claro;Simples;Interseção de Vias;Sim;2;0;1;0;1;0;1;2;-8,879149;-36,485264;SPRF-PE;DEL03-PE;UOP01-DEL03-PE
687278;25/04/2025;sexta-feira;17:45:00;SC;101;162,8;TIJUCAS;Reação tardia ou ineficiente do condutor;Saída de leito carroçável;Com Vítimas Feridas;Anoitecer;Crescente;Nublado;Múltipla;Curva;Sim;1;0;0;1;0;0;1;1;-27,23272;-48,6303;SPRF-SC;DEL04-SC;UOP03-DEL04-SC
687279;25/04/2025;sexta-feira;17:45:00;MG;381;510;SAO JOAQUIM DE BICAS;Transitar na contramão;Colisão frontal;Com Vítimas Feridas;Anoitecer;Decrescente;Céu Claro;Dupla;Reta;Sim;2;0;1;0;1;0;1;2;-20,05573543;-44,28507211;SPRF-MG;DEL01-MG;UOP03-DEL01-MG
687281;25/04/2025;sexta-feira;17:45:00;RS;290;86,5;PORTO ALEGRE;Reação tardia ou ineficiente do condutor;Colisão lateral mesmo sentido;Com Vítimas Feridas;Anoitecer;Decrescente;Céu Claro;Múltipla;Reta;Não;3;0;1;0;2;0;1;2;-29,96785889;-51,12686126;SPRF-RS;DEL01-RS;UOP01-DEL01-RS
687282;25/04/2025;sexta-feira;14:40:00;MG;365;242;BURITIZEIRO;Transitar na contramão;Colisão frontal;Com Vítimas Feridas;Pleno dia;Crescente;Nublado;Simples;Curva;Não;2;0;0;2;0;0;2;2;-17,78166;-45,41284;SPRF-MG;DEL10-MG;UOP02-DEL010-MG
687283;25/04/2025;sexta-feira;18:10:00;TO;153;140;ARAGUAINA;Acessar a via sem observar a presença dos outros veículos;Colisão transversal;Com Vítimas Feridas;Anoitecer;Crescente;Céu Claro;Múltipla;Retorno Regulamentado;Sim;3;0;2;0;1;0;2;2;-7,17307644;-48,21651161;SPRF-TO;DEL02-TO;UOP01-DEL02-TO
687284;25/04/2025;sexta-feira;17:40:00;SP;381;33;ATIBAIA;Acumulo de água sobre o pavimento;Colisão com objeto;Com Vítimas Feridas;Anoitecer;Decrescente;Chuva;Dupla;Reta;Não;1;0;1;0;0;0;1;1;-23,05239;-46,56718;SPRF-SP;DEL03-SP;UOP02-DEL03-SP
687285;25/04/2025;sexta-feira;18:00:00;SC;101;216,5;PALHOCA;Acessar a via sem observar a presença dos outros veículos;Colisão lateral mesmo sentido;Com Vítimas Feridas;Plena Noite;Decrescente;Céu Claro;Simples;"Reta;Interseção de Vias;Retorno Regulamentado";Sim;3;0;1;1;1;0;2;2;-27,66419;-48,67539;SPRF-SC;DEL01-SC;UOP02-DEL01-SC
687286;25/04/2025;sexta-feira;17:45:00;SC;470;1,3;NAVEGANTES;Reação tardia ou ineficiente do condutor;Saída de leito carroçável;Sem Vítimas;Plena Noite;Decrescente;Ignorado;Múltipla;Curva;Sim;1;0;0;0;1;0;0;1;-26,87532471;-48,6683592;SPRF-SC;DEL04-SC;UOP04-DEL04-SC
687287;25/04/2025;sexta-feira;18:10:00;ES;101;298,5;VIANA;Ausência de reação do condutor;Colisão traseira;Com Vítimas Feridas;Plena Noite;Crescente;Nublado;Simples;Reta;Sim;2;0;0;1;1;0;1;2;-20,356822;-40,41918;SPRF-ES;DEL01-ES;UOP01-DEL01-ES
687288;25/04/2025;sexta-feira;16:10:00;PE;423;173,5;AGUAS BELAS;Ausência de reação do condutor;Saída de leito carroçável;Com Vítimas Feridas;Pleno dia;Decrescente;Céu Claro;Simples;Declive;Não;1;0;0;1;0;0;1;1;-9,129428;-37,086878;SPRF-AL;DEL03-AL;UOP02-DEL03-AL
687289;25/04/2025;sexta-feira;18:40:00;PR;376;2,8;SAO JOSE DOS PINHAIS;Condutor deixou de manter distância do veículo da frente;Colisão lateral mesmo sentido;Com Vítimas Feridas;Plena Noite;Crescente;Nublado;Dupla;Reta;Sim;2;0;1;0;1;0;1;2;-25,54605125;-49,18952163;SPRF-PR;DEL01-PR;UOP04-DEL01-PR
687290;25/04/2025;sexta-feira;18:00:00;RS;472;182,5;SANTO CRISTO;Condutor deixou de manter distância do veículo da frente;Colisão traseira;Sem Vítimas;Anoitecer;Crescente;Sol;Simples;Reta;Não;2;0;0;0;2;0;0;2;-27,8399954;-54,5828558;SPRF-RS;DEL10-RS;UOP01-DEL10-RS
687291;25/04/2025;sexta-feira;18:30:00;GO;60;65;ABADIANIA;Velocidade Incompatível;Colisão transversal;Com Vítimas Feridas;Plena Noite;Crescente;Céu Claro;Dupla;Reta;Não;2;0;1;0;0;1;1;2;-16,21202597;-48,74478288;SPRF-GO;DEL02-GO;UOP01-DEL02-GO
687292;25/04/2025;sexta-feira;18:40:00;SC;470;64;INDAIAL;Demais falhas mecânicas ou elétricas;Tombamento;Com Vítimas Feridas;Plena Noite;Crescente;Céu Claro;Simples;Reta;Não;2;0;1;0;1;0;1;1;-26,87014526;-49,20982361;SPRF-SC;DEL04-SC;UOP01-DEL04-SC
687293;25/04/2025;sexta-feira;18:45:00;PR;116;116;CURITIBA;Ausência de reação do condutor;Colisão lateral mesmo sentido;Com Vítimas Feridas;Pleno dia;Crescente;Céu Claro;Dupla;Reta;Não;2;0;0;1;1;0;1;2;-25,55066412;-49,30489032;SPRF-PR;DEL01-PR;UOP03-DEL01-PR
687294;25/04/2025;sexta-feira;17:20:00;RO;319;64;PORTO VELHO;Acessar a via sem observar a presença dos outros veículos;Colisão transversal;Com Vítimas Feridas;Pleno dia;Crescente;Nublado;Múltipla;Interseção de Vias;Sim;4;0;2;0;2;0;2;3;-8,76610302;-63,88456313;SPRF-RO;DEL01-RO;UOP01-DEL01-RO
687295;25/04/2025;sexta-feira;19:00:00;RS;116;251;SAPUCAIA DO SUL;Condutor desrespeitou a iluminação vermelha do semáforo;Colisão transversal;Com Vítimas Feridas;Plena Noite;Decrescente;Céu Claro;Dupla;Reta;Sim;3;0;2;0;1;0;2;2;-29,81636942;-51,16945736;SPRF-RS;DEL01-RS;UOP02-DEL01-RS
687296;25/04/2025;sexta-feira;18:20:00;AP;156;65;PORTO GRANDE;Ausência de reação do condutor;Capotamento;Com Vítimas Feridas;Anoitecer;Decrescente;Céu Claro;Simples;Curva;Não;5;0;4;0;1;0;4;1;0,532595;-51,126255;SPRF-AP;DEL01-AP;UOP01-DEL01-AP
687298;25/04/2025;sexta-feira;18:20:00;SC;101;214;PALHOCA;Condutor deixou de manter distância do veículo da frente;Colisão traseira;Sem Vítimas;Plena Noite;Crescente;Nublado;Dupla;Reta;Sim;2;0;0;0;2;0;0;2;-27,63904874;-48,66631955;SPRF-SC;DEL01-SC;UOP02-DEL01-SC
687300;25/04/2025;sexta-feira;19:15:00;TO;230;30,6;NAZARE;Suicídio (presumido);Colisão frontal;Com Vítimas Fatais;Plena Noite;Decrescente;Céu Claro;Simples;"Aclive;Reta";Não;5;2;0;0;3;0;0;2;-6,408265;-47,625027;SPRF-TO;DEL02-TO;UOP03-DEL02-TO
687301;25/04/2025;sexta-feira;19:30:00;GO;153;501;GOIANIA;Condutor deixou de manter distância do veículo da frente;Colisão traseira;Sem Vítimas;Plena Noite;Crescente;Nublado;Dupla;Reta;Não;2;0;0;0;2;0;0;2;-16,711137;-49,231912;SPRF-GO;DEL01-GO;UOP01-DEL01-GO
687303;15/03/2025;sábado;18:00:00;RJ;101;198;CASIMIRO DE ABREU;Reação tardia ou ineficiente do condutor;Saída de leito carroçável;Com Vítimas Feridas;Plena Noite;Crescente;Garoa/Chuvisco;Dupla;Curva;Não;3;0;1;0;2;0;1;1;-22,490839;-42,133093;SPRF-RJ;DEL08-RJ;UOP04-DEL08-RJ
687305;25/04/2025;sexta-feira;19:15:00;PR;277;4;CURITIBA;Velocidade Incompatível;Colisão lateral mesmo sentido;Com Vítimas Feridas;Plena Noite;Crescente;Nublado;Dupla;Curva;Não;4;0;1;0;2;1;1;3;-25,43024493;-49,3209827;SPRF-PR;DEL01-PR;UOP06-DEL01-PR
687306;25/04/2025;sexta-feira;19:30:00;ES;101;121;SOORETAMA;Ultrapassagem Indevida;Colisão lateral sentido oposto;Com Vítimas Feridas;Plena Noite;Crescente;Céu Claro;Simples;"Reta;Declive";Não;3;0;0;2;1;0;2;2;-19,05603549;-40,03174371;SPRF-ES;DEL04-ES;UOP01-DEL04-ES
687307;25/04/2025;sexta-feira;17:50:00;GO;40;92,8;CRISTALINA;Acessar a via sem observar a presença dos outros veículos;Colisão transversal;Com Vítimas Feridas;Anoitecer;Decrescente;Céu Claro;Simples;Interseção de Vias;Não;2;0;1;0;1;0;1;2;-16,73401979;-47,62159109;SPRF-DF;DEL01-DF;UOP02-DEL01-DF
687309;25/04/2025;sexta-feira;18:30:00;CE;222;2,3;FORTALEZA;Reação tardia ou ineficiente do condutor;Colisão traseira;Com Vítimas Feridas;Plena Noite;Crescente;Céu Claro;Dupla;Reta;Sim;3;0;1;0;2;0;1;3;-3,73980642;-38,59269619;SPRF-CE;DEL01-CE;UOP01-DEL01-CE
687310;25/04/2025;sexta-feira;19:20:00;PR;153;46,2;SANTO ANTONIO DA PLATINA;Condutor deixou de manter distância do veículo da frente;Colisão traseira;Com Vítimas Feridas;Plena Noite;Decrescente;Céu Claro;Simples;Reta;Não;2;0;2;0;0;0;2;2;-23,33476907;-50,06684303;SPRF-PR;DEL07-PR;UOP04-DEL07-PR
687311;25/04/2025;sexta-feira;14:30:00;MS;60;128,9;PARAISO DAS AGUAS;Ausência de reação do condutor;Saída de leito carroçável;Com Vítimas Feridas;Pleno dia;Crescente;Nublado;Simples;Reta;Não;4;0;3;1;0;0;4;1;-19,36182728;-53,55303884;SPRF-MS;DEL06-MS;UOP02-DEL06-MS
687312;25/04/2025;sexta-feira;19:40:00;GO;60;163,1;GOIANIA;Acessar a via sem observar a presença dos outros veículos;Atropelamento de Pedestre;Com Vítimas Feridas;Plena Noite;Crescente;Céu Claro;Dupla;Reta;Sim;3;0;1;1;1;0;2;3;-16,70842432;-49,35047865;SPRF-GO;DEL01-GO;UOP02-DEL01-GO
687313;25/04/2025;sexta-feira;20:00:00;BA;324;517;FEIRA DE SANTANA;Ingestão de álcool pelo condutor;Tombamento;Com Vítimas Feridas;Plena Noite;Crescente;Céu Claro;Simples;Reta;Sim;1;0;1;0;0;0;1;1;-12,27018933;-38,93497825;SPRF-BA;DEL02-BA;UOP01-DEL02-BA
687315;25/04/2025;sexta-feira;19:50:00;RJ;116;179;MESQUITA;Ausência de reação do condutor;Colisão traseira;Com Vítimas Feridas;Plena Noite;Crescente;Nublado;Dupla;Reta;Sim;6;0;1;0;5;0;1;3;-22,774988;-43,400881;SPRF-RJ;DEL06-RJ;UOP01-DEL06-RJ
687316;25/04/2025;sexta-feira;20:15:00;ES;101;292;CARIACICA;Condutor deixou de manter distância do veículo da frente;Colisão traseira;Com Vítimas Feridas;Plena Noite;Decrescente;Chuva;Dupla;"Reta;Declive";Sim;2;0;2;0;0;0;2;1;-20,307885;-40,394741;SPRF-ES;DEL01-ES;UOP01-DEL01-ES
687319;25/04/2025;sexta-feira;19:20:00;PE;101;117;IPOJUCA;Reação tardia ou ineficiente do condutor;Saída de leito carroçável;Com Vítimas Feridas;Plena Noite;Crescente;Nublado;Dupla;"Curva;Rotatória";Não;5;0;4;1;0;0;5;1;-8,34947;-35,15283;SPRF-PE;DEL01-PE;UOP03-DEL01-PE
687320;16/04/2025;quarta-feira;13:20:00;DF;70;2;BRASILIA;Condutor deixou de manter distância do veículo da frente;Colisão traseira;Com Vítimas Feridas;Pleno dia;Crescente;Nublado;Dupla;"Aclive;Curva";Sim;2;0;1;0;1;0;1;2;-15,7952729;-48,1990985;SPRF-DF;DEL03-DF;UOP02-DEL03-DF
687321;16/04/2025;quarta-feira;16:15:00;DF;70;13;BRASILIA;Pista Escorregadia;Queda de ocupante de veículo;Com Vítimas Feridas;Pleno dia;Crescente;Nublado;Dupla;Rotatória;Não;1;0;1;0;0;0;1;1;-15,7952672;-48,1990949;SPRF-DF;DEL03-DF;UOP02-DEL03-DF
687323;25/04/2025;sexta-feira;20:00:00;RJ;101;119;CAMPOS DOS GOYTACAZES;Chuva;Colisão traseira;Com Vítimas Feridas;Plena Noite;Crescente;Chuva;Dupla;Reta;Não;3;0;0;2;0;1;2;2;-22,019734;-41,684891;SPRF-RJ;DEL08-RJ;UOP02-DEL08-RJ
687324;25/04/2025;sexta-feira;20:00:00;SP;101;38,5;UBATUBA;Demais Fenômenos da natureza;Colisão com objeto;Com Vítimas Feridas;Plena Noite;Decrescente;Garoa/Chuvisco;Simples;Reta;Não;1;0;1;0;0;0;1;1;-23,41135054;-45,01982689;SPRF-SP;DEL06-SP;UOP01-DEL06-SP
687325;25/04/2025;sexta-feira;11:40:00;GO;80;66;PADRE BERNARDO;Acessar a via sem observar a presença dos outros veículos;Colisão transversal;Com Vítimas Fatais;Pleno dia;Crescente;Céu Claro;Simples;"Reta;Aclive";Não;2;1;1;0;0;0;1;2;-15,19968;-48,450967;SPRF-DF;DEL03-DF;UOP02-DEL03-DF
687326;25/04/2025;sexta-feira;21:10:00;PI;343;12,4;PARNAIBA;Condutor desrespeitou a iluminação vermelha do semáforo;Colisão transversal;Sem Vítimas;Plena Noite;Decrescente;Garoa/Chuvisco;Dupla;"Reta;Interseção de Vias";Sim;2;0;0;0;2;0;0;2;-2,91659899;-41,75398886;SPRF-PI;DEL05-PI;UOP01-DEL05-PI
687328;25/04/2025;sexta-feira;21:30:00;PB;104;113;LAGOA SECA;Condutor deixou de manter distância do veículo da frente;Colisão traseira;Com Vítimas Feridas;Plena Noite;Decrescente;Céu Claro;Simples;"Reta;Interseção de Vias";Não;2;0;2;0;0;0;2;2;-7,1486383;-35,8542289;SPRF-PB;DEL02-PB;UOP04-DEL02-PB
687330;25/04/2025;sexta-feira;21:10:00;ES;101;325;GUARAPARI;Chuva;Queda de ocupante de veículo;Com Vítimas Feridas;Plena Noite;Crescente;Chuva;Dupla;Reta;Não;2;0;2;0;0;0;2;1;-20,55633551;-40,48060656;SPRF-ES;DEL03-ES;UOP01-DEL03-ES
687331;25/04/2025;sexta-feira;19:30:00;PR;376;3;SAO JOSE DOS PINHAIS;Reação tardia ou ineficiente do condutor;Colisão traseira;Com Vítimas Feridas;Plena Noite;Crescente;Nublado;Dupla;Reta;Sim;2;0;1;0;1;0;1;2;-25,53935736;-49,19178911;SPRF-PR;DEL01-PR;UOP04-DEL01-PR
687333;25/04/2025;sexta-feira;20:19:00;PR;158;366,8;MARQUINHO;Entrada inopinada do pedestre;Atropelamento de Pedestre;Com Vítimas Feridas;Plena Noite;Decrescente;Nublado;Simples;Reta;Não;2;0;0;1;1;0;1;2;-25,11641;-52,26714;SPRF-PR;DEL04-PR;UOP02-DEL04-PR
687334;25/04/2025;sexta-feira;18:30:00;RO;429;160;SERINGUEIRAS;Deficiência do Sistema de Iluminação/Sinalização;Colisão traseira;Com Vítimas Feridas;Plena Noite;Crescente;Chuva;Simples;Reta;Não;3;0;3;0;0;0;3;2;-11,782879;-63,08447;SPRF-RO;DEL02-RO;UOP03-DEL02-RO
687337;25/04/2025;sexta-feira;20:40:00;GO;414;380;CORUMBA DE GOIAS;Ultrapassagem Indevida;Colisão frontal;Com Vítimas Fatais;Plena Noite;Crescente;Ignorado;Simples;Reta;Não;7;2;0;4;0;1;4;3;-15,83947;-48,7723;SPRF-GO;DEL02-GO;UOP01-DEL02-GO
687339;25/04/2025;sexta-feira;22:00:00;CE;116;4;FORTALEZA;Condutor deixou de manter distância do veículo da frente;Colisão traseira;Com Vítimas Feridas;Plena Noite;Crescente;Céu Claro;Múltipla;Reta;Sim;2;0;1;0;1;0;1;2;-3,7887988;-38,51048901;SPRF-CE;DEL01-CE;UOP02-DEL01-CE
687342;25/04/2025;sexta-feira;22:09:00;PE;101;65,6;RECIFE;Entrada inopinada do pedestre;Atropelamento de Pedestre;Com Vítimas Fatais;Plena Noite;Decrescente;Céu Claro;Múltipla;Reta;Não;4;1;0;0;3;0;0;2;-8,0415;-34,942808;SPRF-PE;DEL01-PE;UOP01-DEL01-PE
687343;25/04/2025;sexta-feira;21:39:00;PI;316;2;TERESINA;Ingestão de álcool pelo condutor;Colisão com objeto;Sem Vítimas;Plena Noite;Crescente;Chuva;Múltipla;"Reta;Interseção de Vias";Sim;1;0;0;0;0;1;0;1;-5,12619484;-42,79414628;SPRF-PI;DEL01-PI;UOP02-DEL01-PI
687345;25/04/2025;sexta-feira;22:54:00;SC;101;217,3;PALHOCA;Demais falhas mecânicas ou elétricas;Incêndio;Sem Vítimas;Plena Noite;Decrescente;Céu Claro;Simples;Reta;Sim;1;0;0;0;1;0;0;1;-27,67039;-48,67264;SPRF-SC;DEL01-SC;UOP02-DEL01-SC
687346;25/04/2025;sexta-feira;20:10:00;SC;101;357,8;SANGAO;Ingestão de álcool pelo condutor;Colisão traseira;Com Vítimas Feridas;Plena Noite;Crescente;Céu Claro;Dupla;Reta;Sim;3;0;0;1;1;1;1;3;-28,6483022;-49,10427332;SPRF-SC;DEL02-SC;UOP01-DEL02-SC
687347;25/04/2025;sexta-feira;22:00:00;SP;101;52;UBATUBA;Acessar a via sem observar a presença dos outros veículos;Colisão lateral mesmo sentido;Com Vítimas Feridas;Plena Noite;Decrescente;Garoa/Chuvisco;Simples;Interseção de Vias;Sim;2;0;1;0;1;0;1;2;-23,46231936;-45,06488197;SPRF-SP;DEL06-SP;UOP01-DEL06-SP
687348;25/04/2025;sexta-feira;22:00:00;SC;101;447,6;SANTA ROSA DO SUL;Ausência de reação do condutor;Colisão com objeto;Com Vítimas Feridas;Plena Noite;Crescente;Céu Claro;Dupla;Reta;Não;1;0;0;1;0;0;1;1;-29,1292718;-49,6855539;SPRF-SC;DEL02-SC;UOP02-DEL02-SC
687349;25/04/2025;sexta-feira;20:40:00;BA;407;168;FILADELFIA;Reação tardia ou ineficiente do condutor;Queda de ocupante de veículo;Com Vítimas Feridas;Plena Noite;Decrescente;Céu Claro;Simples;"Reta;Aclive";Não;1;0;1;0;0;0;1;1;-10,83615;-40,11376;SPRF-BA;DEL04-BA;UOP01-DEL04-BA
687350;25/04/2025;sexta-feira;23:30:00;RS;116;248;SAO LEOPOLDO;Ausência de reação do condutor;Colisão lateral mesmo sentido;Com Vítimas Feridas;Plena Noite;Decrescente;Céu Claro;Simples;"Curva;Em Obras";Sim;2;0;1;0;1;0;1;2;-29,77761335;-51,15550987;SPRF-RS;DEL01-RS;UOP02-DEL01-RS
687353;25/04/2025;sexta-feira;23:10:00;RS;290;214,2;PANTANO GRANDE;Velocidade Incompatível;Saída de leito carroçável;Com Vítimas Feridas;Plena Noite;Crescente;Céu Claro;Simples;"Em Obras;Interseção de Vias";Não;2;0;2;0;0;0;2;1;-30,1866089;-52,35835075;SPRF-RS;DEL02-RS;UOP03-DEL02-RS
687356;25/04/2025;sexta-feira;22:25:00;PR;476;129;CURITIBA;Reação tardia ou ineficiente do condutor;Colisão com objeto;Com Vítimas Feridas;Plena Noite;Decrescente;Nublado;Simples;Reta;Sim;1;0;1;0;0;0;1;1;-25,45141247;-49,23728943;SPRF-PR;DEL01-PR;UOP01-DEL01-PR
687358;25/04/2025;sexta-feira;22:07:00;MT;163;692;LUCAS DO RIO VERDE;Ingestão de álcool pelo condutor;Saída de leito carroçável;Sem Vítimas;Plena Noite;Crescente;Nublado;Simples;Curva;Sim;1;0;0;0;1;0;0;1;-13,04795517;-55,9054175;SPRF-MT;DEL06-MT;UOP01-DEL06-MT
687360;26/04/2025;sábado;00:30:00;PE;232;27;MORENO;Animais na Pista;Atropelamento de Animal;Com Vítimas Feridas;Plena Noite;Decrescente;Nevoeiro/Neblina;Dupla;Reta;Não;1;0;1;0;0;0;1;1;-8,113667;-35,131581;SPRF-PE;DEL01-PE;UOP01-DEL01-PE
687361;26/04/2025;sábado;00:30:00;SC;101;276;IMBITUBA;Ausência de reação do condutor;Colisão com objeto;Sem Vítimas;Plena Noite;Crescente;Nublado;Simples;Reta;Não;1;0;0;0;1;0;0;1;-28,164774;-48,693918;SPRF-SC;DEL02-SC;UOP03-DEL02-SC
687362;25/04/2025;sexta-feira;23:10:00;MG;381;250,4;SANTANA DO PARAISO;Desrespeitar a preferência no cruzamento;Colisão frontal;Com Vítimas Feridas;Plena Noite;Decrescente;Nublado;Simples;"Reta;Retorno Regulamentado";Sim;2;0;1;0;1;0;1;2;-19,45387651;-42,52126336;SPRF-MG;DEL06-MG;UOP01-DEL06-MG
687363;26/04/2025;sábado;01:30:00;SC;101;130,1;BALNEARIO CAMBORIU;Ausência de reação do condutor;Saída de leito carroçável;Com Vítimas Feridas;Plena Noite;Decrescente;Nublado;Múltipla;Curva;Sim;1;0;1;0;0;0;1;1;-26,98633027;-48,66625786;SPRF-SC;DEL04-SC;UOP03-DEL04-SC
687364;26/04/2025;sábado;01:00:00;DF;60;5;BRASILIA;Ingestão de álcool pelo condutor;Colisão com objeto;Sem Vítimas;Plena Noite;Decrescente;Céu Claro;Dupla;"Reta;Retorno Regulamentado";Sim;2;0;0;0;2;0;0;1;-15,89657105;-48,10574293;SPRF-DF;DEL03-DF;UOP01-DEL03-DF
687366;25/04/2025;sexta-feira;23:35:00;PI;316;2;TERESINA;Ingestão de álcool pelo condutor;Colisão com objeto;Sem Vítimas;Plena Noite;Decrescente;Céu Claro;Múltipla;"Curva;Rotatória";Sim;1;0;0;0;1;0;0;1;-5,12330826;-42,7948544;SPRF-PI;DEL01-PI;UOP02-DEL01-PI
687367;26/04/2025;sábado;00:54:00;PE;408;89;SAO LOURENCO DA MATA;Animais na Pista;Atropelamento de Animal;Com Vítimas Fatais;Plena Noite;Decrescente;Céu Claro;Dupla;Reta;Sim;2;1;0;0;0;1;0;2;-7,98835;-35,07639;SPRF-PE;DEL01-PE;UOP01-DEL01-PE
687368;25/04/2025;sexta-feira;21:30:00;SP;116;446;REGISTRO;Pedestre andava na pista;Atropelamento de Pedestre;Com Vítimas Feridas;Plena Noite;Decrescente;Chuva;Dupla;Reta;Sim;2;0;0;1;1;0;1;2;-24,50726485;-47,84865467;SPRF-SP;DEL05-SP;UOP01-DEL05-SP
687369;26/04/2025;sábado;02:35:00;PR;376;545,8;PALMEIRA;Entrada inopinada do pedestre;Atropelamento de Pedestre;Com Vítimas Fatais;Plena Noite;Crescente;Nevoeiro/Neblina;Dupla;Reta;Não;2;1;0;0;1;0;0;2;-25,396;-49,794;SPRF-PR;DEL03-PR;UOP03-DEL03-PR
687371;26/04/2025;sábado;03:15:00;SP;116;103;TAUBATE;Reação tardia ou ineficiente do condutor;Queda de ocupante de veículo;Com Vítimas Feridas;Plena Noite;Crescente;Céu Claro;Dupla;Reta;Não;1;0;1;0;0;0;1;1;-22,99976914;-45,49925264;SPRF-SP;DEL02-SP;UOP02-DEL02-SP
687373;26/04/2025;sábado;03:14:00;SP;116;66,6;GUARATINGUETA;Participar de racha;Colisão lateral mesmo sentido;Com Vítimas Feridas;Plena Noite;Crescente;Nublado;Dupla;Reta;Não;4;0;0;2;0;2;2;3;-22,82987989;-45,21186018;SPRF-SP;DEL08-SP;UOP01-DEL08-SP
687374;26/04/2025;sábado;03:50:00;SC;101;105,6;PENHA;Ingestão de álcool pelo condutor;Colisão com objeto;Com Vítimas Fatais;Plena Noite;Decrescente;Nublado;Dupla;Reta;Não;5;2;2;0;1;0;2;2;-26,80718467;-48,68059007;SPRF-SC;DEL03-SC;UOP02-DEL03-SC
687375;26/04/2025;sábado;04:05:00;MG;40;448;CAETANOPOLIS;Condutor Dormindo;Saída de leito carroçável;Com Vítimas Feridas;Plena Noite;Crescente;Chuva;Simples;Rotatória;Não;4;0;3;1;0;0;4;1;-19,30138554;-44,37755495;SPRF-MG;DEL02-MG;UOP01-DEL02-MG
687376;26/04/2025;sábado;02:40:00;SP;116;325,4;ITAPECERICA DA SERRA;Ausência de reação do condutor;Saída de leito carroçável;Com Vítimas Fatais;Plena Noite;Crescente;Céu Claro;Dupla;Reta;Sim;1;1;0;0;0;0;0;1;-23,7002697;-46,8689508;SPRF-SP;DEL04-SP;UOP03-DEL04-SP
687378;26/04/2025;sábado;04:00:00;RS;290;94;PORTO ALEGRE;Manobra de mudança de faixa;Saída de leito carroçável;Com Vítimas Feridas;Plena Noite;Decrescente;Céu Claro;Múltipla;Reta;Não;3;0;1;0;1;1;1;2;-29,97191586;-51,19496632;SPRF-RS;DEL01-RS;UOP01-DEL01-RS
687379;26/04/2025;sábado;03:20:00;PR;277;595,7;CASCAVEL;Transitar na contramão;Colisão lateral sentido oposto;Com Vítimas Fatais;Plena Noite;Decrescente;Nublado;Dupla;Reta;Sim;29;1;0;1;27;0;1;3;-24,98673107;-53,50617852;SPRF-PR;DEL04-PR;UOP01-DEL04-PR
687380;26/04/2025;sábado;04:00:00;SC;282;0,3;FLORIANOPOLIS;Reação tardia ou ineficiente do condutor;Colisão com objeto;Sem Vítimas;Plena Noite;Crescente;Céu Claro;Dupla;"Reta;Aclive";Sim;1;0;0;0;0;1;0;1;-27,599373;-48,575407;SPRF-SC;DEL01-SC;UOP01-DEL01-SC
687381;26/04/2025;sábado;04:00:00;RS;386;242,2;SOLEDADE;Ausência de reação do condutor;Saída de leito carroçável;Sem Vítimas;Plena Noite;Crescente;Céu Claro;Simples;"Reta;Em Obras";Não;1;0;0;0;1;0;0;1;-28,80458705;-52,5079295;SPRF-RS;DEL04-RS;UOP03-DEL04-RS
687382;26/04/2025;sábado;05:20:00;ES;101;292,8;CARIACICA;Reação tardia ou ineficiente do condutor;Queda de ocupante de veículo;Com Vítimas Feridas;Amanhecer;Decrescente;Céu Claro;Múltipla;Reta;Sim;1;0;1;0;0;0;1;1;-20,32494571;-40,39555618;SPRF-ES;DEL01-ES;UOP01-DEL01-ES
687383;26/04/2025;sábado;05:00:00;RS;386;361,3;ESTRELA;Ausência de reação do condutor;Tombamento;Com Vítimas Feridas;Plena Noite;Decrescente;Céu Claro;Dupla;Curva;Não;1;0;1;0;0;0;1;1;-29,55402;-51,89648;SPRF-RS;DEL04-RS;UOP01-DEL04-RS
687384;26/04/2025;sábado;05:25:00;RS;153;42,7;ERECHIM;Ingestão de álcool pelo condutor;Saída de leito carroçável;Com Vítimas Feridas;Plena Noite;Crescente;Céu Claro;Dupla;"Em Obras;Reta";Não;1;0;1;0;0;0;1;1;-27,605935;-52,237998;SPRF-RS;DEL08-RS;UOP04-DEL08-RS