id;data_inversa;dia_semana;horario;uf;br;km;municipio;causa_acidente;tipo_acidente;classificacao_acidente;fase_dia;sentido_via;condicao_metereologica;tipo_pista;tracado_via;uso_solo;pessoas;mortos;feridos_leves;feridos_graves;ilesos;ignorados;feridos;veiculos;latitude;longitude;regional;delegacia;uop
687385;26/04/2025;sábado;02:30:00;SP;116;208;GUARULHOS;Reação tardia ou ineficiente do condutor;Tombamento;Com Vítimas Feridas;Plena Noite;Decrescente;Garoa/Chuvisco;Múltipla;Reta;Sim;1;0;1;0;0;0;1;1;-23,42360819;-46,39830799;SPRF-SP;DEL01-SP;UOP01-DEL01-SP
687386;25/04/2025;sexta-feira;21:00:00;SC;280;277,5;IRINEOPOLIS;Ausência de reação do condutor;Saída de leito carroçável;Com Vítimas Feridas;Plena Noite;Decrescente;Céu Claro;Simples;Curva;Não;2;0;1;1;0;0;2;1;-26,2962429;-50,84903955;SPRF-SC;DEL06-SC;UOP04-DEL06-SC
687387;26/04/2025;sábado;05:50:00;MG;40;624,6;CONGONHAS;Ausência de reação do condutor;Saída de leito carroçável;Com Vítimas Feridas;Amanhecer;Decrescente;Céu Claro;Simples;Reta;Não;4;0;4;0;0;0;4;1;-20,4768136;-43,8424334;SPRF-MG;DEL05-MG;UOP02-DEL05-MG
687388;26/04/2025;sábado;05:57:00;GO;40;71,3;CRISTALINA;Animais na Pista;Queda de ocupante de veículo;Com Vítimas Feridas;Amanhecer;Decrescente;Nevoeiro/Neblina;Dupla;Reta;Não;1;0;1;0;0;0;1;1;-16,612228;-47,760478;SPRF-DF;DEL01-DF;UOP02-DEL01-DF
687390;26/04/2025;sábado;04:30:00;SC;470;3;NAVEGANTES;Reação tardia ou ineficiente do condutor;Saída de leito carroçável;Sem Vítimas;Plena Noite;Crescente;Ignorado;Múltipla;Reta;Não;1;0;0;0;0;1;0;1;-26,85901185;-48,6876297;SPRF-SC;DEL04-SC;UOP04-DEL04-SC
687391;26/04/2025;sábado;06:50:00;SC;101;397;MARACAJA;Ausência de reação do condutor;Colisão com objeto;Sem Vítimas;Amanhecer;Crescente;Céu Claro;Múltipla;Reta;Sim;1;0;0;0;0;1;0;1;-28,87176293;-49,45298561;SPRF-SC;DEL02-SC;UOP02-DEL02-SC
687393;26/04/2025;sábado;06:00:00;MG;50;42,6;ARAGUARI;Ingestão de álcool pelo condutor;Saída de leito carroçável;Com Vítimas Feridas;Pleno dia;Crescente;Nevoeiro/Neblina;Dupla;Reta;Não;1;0;1;0;0;0;1;1;-18,69589725;-48,18380356;SPRF-MG;DEL15-MG;UOP02-DEL15-MG
687394;26/04/2025;sábado;06:30:00;SC;282;1;FLORIANOPOLIS;Avarias e/ou desgaste excessivo no pneu;Queda de ocupante de veículo;Com Vítimas Feridas;Pleno dia;Decrescente;Nublado;Múltipla;"Reta;Declive";Sim;2;0;1;1;0;0;2;1;-27,6001849;-48,57621074;SPRF-SC;DEL01-SC;UOP01-DEL01-SC
687395;26/04/2025;sábado;07:20:00;RS;290;107;ELDORADO DO SUL;Reação tardia ou ineficiente do condutor;Colisão traseira;Com Vítimas Feridas;Amanhecer;Decrescente;Nevoeiro/Neblina;Dupla;Reta;Não;3;0;0;1;2;0;1;2;-30,001852;-51,30358952;SPRF-RS;DEL02-RS;UOP01-DEL02-RS
687397;25/04/2025;sexta-feira;22:25:00;AM;230;619,6;HUMAITA;Reação tardia ou ineficiente do condutor;Colisão com objeto;Sem Vítimas;Plena Noite;Decrescente;Nublado;Simples;Rotatória;Não;2;0;0;0;1;1;0;1;-7,55058528;-63,07787988;SPRF-AM;DEL02-AM;UOP01-DEL02-AM
687398;26/04/2025;sábado;04:50:00;PI;316;185;VALENCA DO PIAUI;Reação tardia ou ineficiente do condutor;Colisão com objeto;Sem Vítimas;Amanhecer;Crescente;Céu Claro;Simples;Reta;Não;1;0;0;0;0;1;0;1;-6,28272296;-41,94305416;SPRF-PI;DEL04-PI;UOP02-DEL04-PI
687401;26/04/2025;sábado;07:30:00;RJ;116;182;NOVA IGUACU;Ausência de reação do condutor;Capotamento;Com Vítimas Feridas;Pleno dia;Crescente;Céu Claro;Dupla;Reta;Sim;1;0;1;0;0;0;1;1;-22,7582259;-43,42884779;SPRF-RJ;DEL06-RJ;UOP01-DEL06-RJ
687402;26/04/2025;sábado;06:45:00;SC;101;49;JOINVILLE;Ingestão de álcool pelo condutor;Saída de leito carroçável;Sem Vítimas;Amanhecer;Decrescente;Céu Claro;Múltipla;Curva;Não;1;0;0;0;1;0;0;1;-26,38066134;-48,85143153;SPRF-SC;DEL03-SC;UOP01-DEL03-SC
687404;26/04/2025;sábado;08:15:00;SC;101;194;BIGUACU;Ingestão de álcool pelo condutor;Queda de ocupante de veículo;Com Vítimas Feridas;Pleno dia;Decrescente;Céu Claro;Dupla;Reta;Sim;3;0;1;1;1;0;2;2;-27,50204607;-48,65273349;SPRF-SC;DEL01-SC;UOP01-DEL01-SC
687405;26/04/2025;sábado;07:28:00;SC;470;122;IBIRAMA;Velocidade Incompatível;Colisão frontal;Com Vítimas Feridas;Amanhecer;Crescente;Nublado;Simples;Curva;Não;3;0;2;0;1;0;2;3;-27,10629422;-49,52162596;SPRF-SC;DEL04-SC;UOP02-DEL04-SC
687406;26/04/2025;sábado;08:20:00;PB;101;89,9;JOAO PESSOA;Acessar a via sem observar a presença dos outros veículos;Colisão transversal;Com Vítimas Feridas;Pleno dia;Crescente;Céu Claro;Dupla;"Retorno Regulamentado;Reta";Sim;4;0;1;0;3;0;1;2;-7,18123976;-34,90079552;SPRF-PB;DEL01-PB;UOP01-DEL01-PB
687407;26/04/2025;sábado;07:20:00;AL;316;179,8;BELEM;Demais falhas mecânicas ou elétricas;Incêndio;Sem Vítimas;Pleno dia;Decrescente;Céu Claro;Simples;"Curva;Declive";Não;1;0;0;0;1;0;0;1;-9,585523;-36,490477;SPRF-AL;DEL03-AL;UOP01-DEL03-AL
687410;26/04/2025;sábado;07:50:00;MG;381;452;SABARA;Conversão proibida;Colisão transversal;Com Vítimas Feridas;Pleno dia;Decrescente;Céu Claro;Simples;Reta;Sim;2;0;0;1;1;0;1;2;-19,8345029;-43,85872928;SPRF-MG;DEL01-MG;UOP01-DEL01-MG
687412;26/04/2025;sábado;08:45:00;RJ;116;169;RIO DE JANEIRO;Ausência de reação do condutor;Capotamento;Com Vítimas Feridas;Pleno dia;Crescente;Nublado;Dupla;Reta;Não;1;0;1;0;0;0;1;1;-22,806528;-43,3389568;SPRF-RJ;DEL06-RJ;UOP01-DEL06-RJ
687414;26/04/2025;sábado;08:10:00;PI;343;8,5;PARNAIBA;Acessar a via sem observar a presença dos outros veículos;Colisão transversal;Com Vítimas Feridas;Pleno dia;Decrescente;Sol;Simples;"Reta;Interseção de Vias";Sim;2;0;0;1;1;0;1;2;-2,90014;-41,729075;SPRF-PI;DEL05-PI;UOP01-DEL05-PI
687415;26/04/2025;sábado;08:15:00;RJ;493;0,5;ITABORAI;Retorno proibido;Colisão transversal;Com Vítimas Feridas;Pleno dia;Decrescente;Céu Claro;Simples;Reta;Sim;3;0;2;0;1;0;2;2;-22,7687513;-42,92244371;SPRF-RJ;DEL02-RJ;UOP02-DEL02-RJ
687416;05/03/2025;quarta-feira;11:00:00;PR;116;107;SAO JOSE DOS PINHAIS;Reação tardia ou ineficiente do condutor;Engavetamento;Com Vítimas Feridas;Pleno dia;Decrescente;Céu Claro;Dupla;Reta;Não;4;0;1;0;1;2;1;3;-25,5681539;-49,2329445;SPRF-PR;DEL01-PR;UOP03-DEL01-PR
687418;26/04/2025;sábado;07:45:00;MS;60;411;SIDROLANDIA;Ausência de reação do condutor;Saída de leito carroçável;Com Vítimas Feridas;Pleno dia;Decrescente;Céu Claro;Simples;Reta;Não;4;0;2;0;2;0;2;1;-20,890103;-54,848352;SPRF-MS;DEL01-MS;UOP04-DEL01-MS
687420;22/04/2025;terça-feira;14:50:00;SC;470;57;BLUMENAU;Ultrapassagem Indevida;Colisão transversal;Com Vítimas Feridas;Pleno dia;Crescente;Céu Claro;Simples;"Interseção de Vias;Desvio Temporário;Em Obras;Reta";Não;2;0;1;0;1;0;1;2;-26,87311566;-49,113767;SPRF-SC;DEL04-SC;UOP01-DEL04-SC
687423;26/04/2025;sábado;07:25:00;RJ;101;319;SAO GONCALO;Ausência de reação do condutor;Tombamento;Com Vítimas Feridas;Pleno dia;Decrescente;Céu Claro;Dupla;Reta;Não;1;0;1;0;0;0;1;1;-22,85600833;-43,10284138;SPRF-RJ;DEL02-RJ;UOP02-DEL02-RJ
687424;26/04/2025;sábado;09:30:00;SC;282;17,3;PALHOCA;Acessar a via sem observar a presença dos outros veículos;Colisão transversal;Com Vítimas Feridas;Pleno dia;Decrescente;Céu Claro;Simples;"Reta;Interseção de Vias";Não;2;0;1;0;1;0;1;2;-27,66289067;-48,6856514;SPRF-SC;DEL01-SC;UOP02-DEL01-SC
687425;26/04/2025;sábado;09:00:00;MG;381;931,9;EXTREMA;Ausência de reação do condutor;Colisão traseira;Com Vítimas Feridas;Pleno dia;Crescente;Céu Claro;Dupla;"Reta;Desvio Temporário;Em Obras";Sim;3;0;3;0;0;0;3;2;-22,7895062;-46,24515331;SPRF-MG;DEL16-MG;UOP03-DEL16-MG
687427;26/04/2025;sábado;09:10:00;SC;101;137;BALNEARIO CAMBORIU;Acumulo de areia ou detritos sobre o pavimento;Tombamento;Com Vítimas Feridas;Pleno dia;Crescente;Céu Claro;Múltipla;Reta;Sim;1;0;1;0;0;0;1;1;-27,021987;-48,608999;SPRF-SC;DEL04-SC;UOP03-DEL04-SC
687428;26/04/2025;sábado;09:00:00;SC;470;1,3;NAVEGANTES;Desrespeitar a preferência no cruzamento;Colisão frontal;Com Vítimas Feridas;Pleno dia;Crescente;Nublado;Dupla;"Reta;Interseção de Vias";Não;2;0;0;1;1;0;1;2;-26,87725785;-48,66594169;SPRF-SC;DEL04-SC;UOP04-DEL04-SC
687429;26/04/2025;sábado;08:30:00;SP;116;123;CACAPAVA;Condutor deixou de manter distância do veículo da frente;Engavetamento;Com Vítimas Feridas;Pleno dia;Decrescente;Céu Claro;Dupla;Reta;Sim;7;0;4;0;3;0;4;4;-23,09059214;-45,67398542;SPRF-SP;DEL02-SP;UOP02-DEL02-SP
687430;26/04/2025;sábado;09:20:00;MG;40;492;ESMERALDAS;Ausência de reação do condutor;Tombamento;Com Vítimas Feridas;Pleno dia;Decrescente;Céu Claro;Dupla;"Reta;Declive";Não;1;0;1;0;0;0;1;1;-19,63828801;-44,2036736;SPRF-MG;DEL02-MG;UOP01-DEL02-MG
687431;25/04/2025;sexta-feira;16:00:00;MG;40;313,9;TRES MARIAS;Reação tardia ou ineficiente do condutor;Saída de leito carroçável;Com Vítimas Feridas;Pleno dia;Crescente;Chuva;Simples;Curva;Não;4;0;4;0;0;0;4;1;-18,46271288;-45,06081372;SPRF-MG;DEL14-MG;UOP02-DEL14-MG
687433;26/04/2025;sábado;10:20:00;PI;343;327,6;TERESINA;Acessar a via sem observar a presença dos outros veículos;Colisão transversal;Com Vítimas Feridas;Pleno dia;Crescente;Sol;Simples;Reta;Não;2;0;0;1;1;0;1;2;-5,06655;-42,6295;SPRF-PI;DEL01-PI;UOP01-DEL01-PI
687435;26/04/2025;sábado;10:40:00;GO;40;21,1;LUZIANIA;Entrada inopinada do pedestre;Atropelamento de Pedestre;Com Vítimas Feridas;Pleno dia;Crescente;Céu Claro;Dupla;Reta;Sim;2;0;0;1;1;0;1;2;-16,21;-47,91;SPRF-DF;DEL01-DF;UOP01-DEL01-DF
687436;26/04/2025;sábado;10:30:00;SC;280;51,6;GUARAMIRIM;Condutor deixou de manter distância do veículo da frente;Colisão traseira;Com Vítimas Feridas;Pleno dia;Crescente;Céu Claro;Dupla;Reta;Sim;2;0;1;0;1;0;1;2;-26,46713;-48,96152;SPRF-SC;DEL03-SC;UOP03-DEL03-SC
687437;26/04/2025;sábado;09:50:00;PE;101;79;JABOATAO DOS GUARARAPES;Demais falhas mecânicas ou elétricas;Incêndio;Sem Vítimas;Pleno dia;Decrescente;Sol;Dupla;Reta;Sim;1;0;0;0;1;0;0;1;-8,146268;-34,94545;SPRF-PE;DEL01-PE;UOP01-DEL01-PE
687438;26/04/2025;sábado;09:50:00;MT;163;746;SORRISO;Velocidade Incompatível;Saída de leito carroçável;Com Vítimas Feridas;Pleno dia;Decrescente;Céu Claro;Dupla;Rotatória;Não;1;0;0;1;0;0;1;1;-12,598581;-55,747929;SPRF-MT;DEL06-MT;UOP01-DEL06-MT
687440;26/04/2025;sábado;10:50:00;PR;277;75;SAO JOSE DOS PINHAIS;Ausência de reação do condutor;Atropelamento de Animal;Com Vítimas Feridas;Pleno dia;Crescente;Sol;Dupla;Reta;Sim;1;0;1;0;0;0;1;1;-25,4941086;-49,168412;SPRF-PR;DEL01-PR;UOP07-DEL01-PR
687442;26/04/2025;sábado;11:15:00;AP;156;799;OIAPOQUE;Acessar a via sem observar a presença dos outros veículos;Colisão transversal;Com Vítimas Feridas;Pleno dia;Decrescente;Chuva;Simples;"Interseção de Vias;Reta";Sim;2;0;1;0;1;0;1;2;3,83638348;-51,81134922;SPRF-AP;DEL01-AP;UOP03-DEL01-AP
687444;26/04/2025;sábado;11:40:00;MG;262;95;ABRE CAMPO;Acessar a via sem observar a presença dos outros veículos;Colisão transversal;Com Vítimas Feridas;Pleno dia;Crescente;Céu Claro;Simples;"Aclive;Curva;Interseção de Vias";Sim;4;0;2;0;2;0;2;2;-20,296578;-42,477058;SPRF-MG;DEL03-MG;UOP03-DEL03-MG
687445;26/04/2025;sábado;11:20:00;SP;116;222;GUARULHOS;Reação tardia ou ineficiente do condutor;Colisão traseira;Com Vítimas Feridas;Pleno dia;Decrescente;Nublado;Dupla;Reta;Sim;2;0;1;1;0;0;2;2;-23,4779859;-46,52803746;SPRF-SP;DEL01-SP;UOP01-DEL01-SP
687446;26/04/2025;sábado;11:15:00;SC;101;123,4;ITAJAI;Velocidade Incompatível;Tombamento;Com Vítimas Feridas;Pleno dia;Crescente;Nublado;Dupla;"Em Obras;Curva";Sim;1;0;1;0;0;0;1;1;-26,9376364;-48,6967127;SPRF-SC;DEL04-SC;UOP04-DEL04-SC
687449;26/04/2025;sábado;12:35:00;MG;40;446,8;CAETANOPOLIS;Demais falhas mecânicas ou elétricas;Incêndio;Sem Vítimas;Pleno dia;Crescente;Sol;Dupla;Curva;Sim;1;0;0;0;1;0;0;1;-19,292785;-44,384617;SPRF-MG;DEL02-MG;UOP01-DEL02-MG
687451;26/04/2025;sábado;07:56:00;MT;163;873,8;SINOP;Reação tardia ou ineficiente do condutor;Capotamento;Com Vítimas Feridas;Pleno dia;Decrescente;Céu Claro;Simples;Reta;Não;1;0;0;1;0;0;1;1;-11,53384;-55,38957;SPRF-MT;DEL06-MT;UOP02-DEL06-MT
687453;26/04/2025;sábado;12:30:00;RN;101;83,1;SAO GONCALO DO AMARANTE;Ausência de reação do condutor;Colisão traseira;Com Vítimas Feridas;Pleno dia;Crescente;Sol;Simples;Curva;Sim;2;0;1;0;1;0;1;2;-5,77105714;-35,26708961;SPRF-RN;DEL02-RN;UOP01-DEL02-RN
687456;26/04/2025;sábado;12:40:00;AP;210;2;MACAPA;Afundamento ou ondulação no pavimento;Colisão traseira;Com Vítimas Feridas;Pleno dia;Crescente;Garoa/Chuvisco;Simples;Reta;Sim;2;0;0;1;0;1;1;2;0,07875567;-51,07190877;SPRF-AP;DEL01-AP;UOP01-DEL01-AP
687457;26/04/2025;sábado;12:45:00;SP;101;51,1;UBATUBA;Conversão proibida;Colisão transversal;Com Vítimas Feridas;Pleno dia;Decrescente;Céu Claro;Simples;Reta;Não;3;0;1;1;1;0;2;2;-23,45700115;-45,07040832;SPRF-SP;DEL06-SP;UOP01-DEL06-SP
687458;26/04/2025;sábado;12:35:00;PB;230;21;JOAO PESSOA;Acessar a via sem observar a presença dos outros veículos;Tombamento;Com Vítimas Feridas;Pleno dia;Crescente;Céu Claro;Dupla;Reta;Não;2;0;2;0;0;0;2;1;-7,14229965;-34,85179067;SPRF-PB;DEL01-PB;UOP01-DEL01-PB
687459;26/04/2025;sábado;13:12:00;PE;104;66;CARUARU;Condutor deixou de manter distância do veículo da frente;Colisão traseira;Com Vítimas Feridas;Pleno dia;Decrescente;Céu Claro;Dupla;"Reta;Viaduto;Aclive";Sim;6;0;1;0;5;0;1;2;-8,28646;-35,98375;SPRF-PE;DEL02-PE;UOP01-DEL02-PE
687460;26/04/2025;sábado;13:30:00;GO;153;439;ANAPOLIS;Ingestão de álcool pelo condutor;Colisão traseira;Com Vítimas Feridas;Pleno dia;Crescente;Céu Claro;Dupla;Reta;Sim;2;0;0;1;1;0;1;2;-16,32329251;-48,92211109;SPRF-GO;DEL02-GO;UOP01-DEL02-GO
687462;26/04/2025;sábado;13:50:00;DF;70;13,7;BRASILIA;Ingestão de álcool pelo condutor;Colisão transversal;Sem Vítimas;Pleno dia;Crescente;Céu Claro;Dupla;"Reta;Rotatória";Sim;4;0;0;0;4;0;0;2;-15,796438;-48,172707;SPRF-DF;DEL03-DF;UOP02-DEL03-DF
687465;26/04/2025;sábado;13:00:00;MT;364;273,4;JACIARA;Acessar a via sem observar a presença dos outros veículos;Colisão transversal;Com Vítimas Feridas;Pleno dia;Decrescente;Chuva;Dupla;Retorno Regulamentado;Sim;2;0;0;1;1;0;1;2;-15,95827864;-54,97274216;SPRF-MT;DEL05-MT;UOP02-DEL05-MT
687466;26/04/2025;sábado;13:05:00;SC;116;2,3;MAFRA;Ausência de reação do condutor;Colisão traseira;Sem Vítimas;Pleno dia;Decrescente;Nublado;Simples;"Reta;Interseção de Vias";Sim;4;0;0;0;4;0;0;2;-26,1264636;-49,7952746;SPRF-SC;DEL06-SC;UOP01-DEL06-SC
687468;26/04/2025;sábado;13:45:00;RN;101;98;NATAL;Trafegar com motocicleta (ou similar) entre as faixas;Colisão lateral mesmo sentido;Com Vítimas Feridas;Pleno dia;Decrescente;Sol;Múltipla;Reta;Sim;2;0;1;0;1;0;1;2;-5,861398;-35,214655;SPRF-RN;DEL01-RN;UOP01-DEL01-RN
687471;26/04/2025;sábado;10:05:00;PR;153;341,5;IRATI;Reação tardia ou ineficiente do condutor;Saída de leito carroçável;Com Vítimas Feridas;Pleno dia;Crescente;Nublado;Simples;"Reta;Aclive";Não;1;0;1;0;0;0;1;1;-25,5480141;-50,6681389;SPRF-PR;DEL08-PR;UOP02-DEL08-PR
687474;06/04/2025;domingo;15:45:00;CE;116;19;EUSEBIO;Manobra de mudança de faixa;Colisão transversal;Com Vítimas Feridas;Pleno dia;Decrescente;Céu Claro;Dupla;Reta;Sim;3;0;1;1;1;0;2;2;-3,91696165;-38,50668311;SPRF-CE;DEL01-CE;UOP02-DEL01-CE
687475;26/04/2025;sábado;14:50:00;MG;40;717;BARBACENA;Velocidade Incompatível;Colisão com objeto;Com Vítimas Feridas;Pleno dia;Decrescente;Chuva;Dupla;Curva;Não;4;0;1;0;3;0;1;1;-21,269;-43,652;SPRF-MG;DEL05-MG;UOP01-DEL05-MG
687476;26/04/2025;sábado;15:00:00;SC;101;207;SAO JOSE;Trafegar com motocicleta (ou similar) entre as faixas;Colisão lateral mesmo sentido;Com Vítimas Feridas;Pleno dia;Crescente;Céu Claro;Múltipla;"Reta;Aclive";Sim;3;0;2;0;1;0;2;2;-27,602139;-48,628796;SPRF-SC;DEL01-SC;UOP01-DEL01-SC
687477;26/04/2025;sábado;13:50:00;SP;153;1,8;ICEM;Reação tardia ou ineficiente do condutor;Tombamento;Com Vítimas Feridas;Pleno dia;Crescente;Nublado;Simples;"Reta;Aclive";Não;2;0;1;0;1;0;1;2;-20,322003;-49,211102;SPRF-SP;DEL09-SP;UOP01-DEL09-SP
687478;26/04/2025;sábado;10:45:00;SC;470;44,7;GASPAR;Trafegar com motocicleta (ou similar) entre as faixas;Tombamento;Com Vítimas Feridas;Pleno dia;Crescente;Céu Claro;Dupla;"Reta;Em Obras";Não;2;0;0;2;0;0;2;1;-26,86739087;-49,03031794;SPRF-SC;DEL04-SC;UOP01-DEL04-SC
687479;26/04/2025;sábado;15:30:00;ES;101;198,7;ARACRUZ;Ausência de reação do condutor;Saída de leito carroçável;Com Vítimas Feridas;Pleno dia;Decrescente;Céu Claro;Dupla;Reta;Não;1;0;1;0;0;0;1;1;-19,71708565;-40,34598335;SPRF-ES;DEL04-ES;UOP01-DEL04-ES
687481;26/04/2025;sábado;16:00:00;MG;40;735;SANTOS DUMONT;Reação tardia ou ineficiente do condutor;Saída de leito carroçável;Com Vítimas Feridas;Anoitecer;Decrescente;Chuva;Simples;Curva;Não;4;0;2;0;2;0;2;1;-21,391673;-43,56748;SPRF-MG;DEL05-MG;UOP01-DEL05-MG
687482;26/04/2025;sábado;14:30:00;SC;282;380,5;HERVAL DOESTE;Reação tardia ou ineficiente do condutor;Colisão traseira;Sem Vítimas;Pleno dia;Crescente;Céu Claro;Simples;"Reta;Declive";Não;2;0;0;0;2;0;0;2;-27,21017;-51,50082;SPRF-SC;DEL07-SC;UOP05-DEL07-SC
687485;26/04/2025;sábado;10:40:00;BA;324;549,6;AMELIA RODRIGUES;Objeto estático sobre o leito carroçável;Saída de leito carroçável;Com Vítimas Feridas;Pleno dia;Decrescente;Sol;Dupla;Reta;Não;3;0;2;0;1;0;2;1;-12,444655;-38,717441;SPRF-BA;DEL01-BA;UOP03-DEL01-BA
687486;26/04/2025;sábado;16:15:00;PR;163;280;MARECHAL CANDIDO RONDON;Velocidade Incompatível;Saída de leito carroçável;Com Vítimas Feridas;Pleno dia;Crescente;Céu Claro;Dupla;Curva;Sim;1;0;1;0;0;0;1;1;-24,56827392;-54,02180163;SPRF-PR;DEL06-PR;UOP02-DEL06-PR
687487;26/04/2025;sábado;15:50:00;MS;267;480,9;JARDIM;Acessar a via sem observar a presença dos outros veículos;Colisão transversal;Com Vítimas Feridas;Pleno dia;Decrescente;Céu Claro;Simples;"Declive;Interseção de Vias";Sim;2;0;1;0;1;0;1;2;-21,47956778;-56,13932133;SPRF-MS;DEL05-MS;UOP01-DEL05-MS
687488;26/04/2025;sábado;16:30:00;RS;116;142;CAXIAS DO SUL;Transitar na contramão;Colisão transversal;Com Vítimas Feridas;Pleno dia;Crescente;Céu Claro;Dupla;"Reta;Interseção de Vias";Sim;3;0;1;1;1;0;2;2;-29,11861191;-51,11665964;SPRF-RS;DEL05-RS;UOP01-DEL05-RS
687489;26/04/2025;sábado;15:40:00;SC;282;641,1;DESCANSO;Ingestão de álcool pelo condutor;Saída de leito carroçável;Sem Vítimas;Pleno dia;Decrescente;Céu Claro;Simples;Curva;Não;2;0;0;0;1;1;0;2;-26,79597708;-53,44954759;SPRF-SC;DEL07-SC;UOP03-DEL07-SC
687490;26/04/2025;sábado;15:00:00;MG;262;380;JUATUBA;Ausência de reação do condutor;Saída de leito carroçável;Com Vítimas Feridas;Pleno dia;Decrescente;Céu Claro;Dupla;"Curva;Declive";Não;2;0;2;0;0;0;2;1;-19,935372;-44,433988;SPRF-MG;DEL01-MG;UOP03-DEL01-MG
687491;26/04/2025;sábado;17:00:00;SP;116;133,9;CACAPAVA;Manobra de mudança de faixa;Colisão lateral mesmo sentido;Com Vítimas Feridas;Anoitecer;Decrescente;Nublado;Dupla;Reta;Não;5;0;1;0;4;0;1;4;-23,137809;-45,757059;SPRF-SP;DEL02-SP;UOP02-DEL02-SP
687493;26/04/2025;sábado;17:00:00;DF;60;29,2;BRASILIA;Acumulo de água sobre o pavimento;Saída de leito carroçável;Com Vítimas Feridas;Anoitecer;Crescente;Chuva;Dupla;Curva;Sim;2;0;1;0;1;0;1;1;-16,033583;-48,253568;SPRF-DF;DEL03-DF;UOP01-DEL03-DF
687495;26/04/2025;sábado;15:30:00;MS;163;279,8;DOURADOS;Ausência de reação do condutor;Saída de leito carroçável;Com Vítimas Feridas;Pleno dia;Crescente;Nublado;Dupla;Reta;Sim;1;0;1;0;0;0;1;1;-22,13984002;-54,62137409;SPRF-MS;DEL04-MS;UOP01-DEL04-MS
687497;26/04/2025;sábado;17:45:00;RN;101;76,2;NATAL;Mal súbito do condutor;Colisão com objeto;Com Vítimas Fatais;Anoitecer;Decrescente;Céu Claro;Dupla;Reta;Sim;2;1;1;0;0;0;1;1;-5,72588963;-35,28390932;SPRF-RN;DEL02-RN;UOP01-DEL02-RN
687498;26/04/2025;sábado;17:45:00;SC;101;161;TIJUCAS;Reação tardia ou ineficiente do condutor;Capotamento;Sem Vítimas;Anoitecer;Decrescente;Céu Claro;Múltipla;Reta;Sim;1;0;0;0;0;1;0;1;-27,218246;-48,624926;SPRF-SC;DEL04-SC;UOP03-DEL04-SC
687499;26/04/2025;sábado;18:40:00;SC;101;197;BIGUACU;Demais falhas mecânicas ou elétricas;Tombamento;Com Vítimas Feridas;Plena Noite;Decrescente;Nublado;Múltipla;Reta;Sim;2;0;1;1;0;0;2;1;-27,52408998;-48,6362478;SPRF-SC;DEL01-SC;UOP01-DEL01-SC
687500;26/04/2025;sábado;18:40:00;ES;101;416,2;ITAPEMIRIM;Acessar a via sem observar a presença dos outros veículos;Colisão transversal;Com Vítimas Feridas;Plena Noite;Decrescente;Nublado;Simples;Reta;Não;2;0;0;1;1;0;1;2;-20,93814217;-41,08225219;SPRF-ES;DEL03-ES;UOP02-DEL03-ES
687501;26/04/2025;sábado;18:30:00;RJ;101;571;PARATY;Acessar a via sem observar a presença dos outros veículos;Colisão transversal;Com Vítimas Feridas;Plena Noite;Decrescente;Céu Claro;Simples;Reta;Sim;2;0;1;0;1;0;1;2;-23,19161655;-44,72745387;SPRF-RJ;DEL03-RJ;UOP04-DEL03-RJ
687502;26/04/2025;sábado;18:45:00;ES;101;101,1;JAGUARE;Pedestre andava na pista;Atropelamento de Pedestre;Com Vítimas Feridas;Plena Noite;Crescente;Nublado;Simples;Reta;Não;2;0;0;1;1;0;1;2;-18,981539;-39,996048;SPRF-ES;DEL04-ES;UOP02-DEL04-ES
687504;26/04/2025;sábado;18:40:00;SC;101;428;SOMBRIO;Retorno proibido;Colisão lateral mesmo sentido;Com Vítimas Feridas;Plena Noite;Decrescente;Nublado;Múltipla;Reta;Sim;2;0;1;0;1;0;1;2;-29,0471659;-49,61769104;SPRF-SC;DEL02-SC;UOP02-DEL02-SC
687505;26/04/2025;sábado;13:25:00;GO;153;436;ANAPOLIS;Ingestão de álcool pelo condutor;Colisão traseira;Sem Vítimas;Pleno dia;Crescente;Céu Claro;Dupla;Reta;Não;3;0;0;0;3;0;0;2;-16,295101;-48,931734;SPRF-GO;DEL02-GO;UOP01-DEL02-GO
687506;26/04/2025;sábado;18:15:00;PR;153;335,8;IRATI;Condutor deixou de manter distância do veículo da frente;Colisão traseira;Sem Vítimas;Plena Noite;Decrescente;Céu Claro;Simples;Reta;Sim;5;0;0;0;5;0;0;2;-25,502083;-50,649688;SPRF-PR;DEL08-PR;UOP02-DEL08-PR
687507;26/04/2025;sábado;18:20:00;RS;116;224,1;DOIS IRMAOS;Acessar a via sem observar a presença dos outros veículos;Colisão transversal;Com Vítimas Feridas;Plena Noite;Decrescente;Céu Claro;Dupla;"Reta;Declive;Rotatória;Retorno Regulamentado";Sim;2;0;0;1;1;0;1;2;-29,58918363;-51,10668775;SPRF-RS;DEL01-RS;UOP02-DEL01-RS
687508;26/04/2025;sábado;19:00:00;RJ;116;131;MAGE;Pedestre cruzava a pista fora da faixa;Atropelamento de Pedestre;Com Vítimas Feridas;Plena Noite;Decrescente;Nublado;Dupla;Curva;Sim;2;0;1;0;1;0;1;2;-22,65684887;-43,13505002;SPRF-RJ;DEL04-RJ;UOP02-DEL04-RJ