id;data_inversa;dia_semana;horario;uf;br;km;municipio;causa_acidente;tipo_acidente;classificacao_acidente;fase_dia;sentido_via;condicao_metereologica;tipo_pista;tracado_via;uso_solo;pessoas;mortos;feridos_leves;feridos_graves;ilesos;ignorados;feridos;veiculos;latitude;longitude;regional;delegacia;uop
687510;26/04/2025;sábado;18:30:00;SC;282;625;IRACEMINHA;Ingestão de álcool pelo condutor;Colisão frontal;Com Vítimas Feridas;Plena Noite;Crescente;Céu Claro;Simples;Reta;Sim;3;0;0;2;1;0;2;2;-26,80063897;-53,35177358;SPRF-SC;DEL07-SC;UOP02-DEL07-SC
687511;26/04/2025;sábado;19:27:00;SP;116;139,4;SAO JOSE DOS CAMPOS;Manobra de mudança de faixa;Colisão traseira;Com Vítimas Feridas;Plena Noite;Decrescente;Céu Claro;Dupla;Reta;Não;2;0;1;0;1;0;1;2;-23,16191408;-45,80466651;SPRF-SP;DEL02-SP;UOP01-DEL02-SP
687514;26/04/2025;sábado;20:00:00;SC;101;165,8;TIJUCAS;Ingestão de álcool pelo condutor;Colisão traseira;Com Vítimas Feridas;Plena Noite;Decrescente;Nublado;Dupla;Reta;Não;2;0;1;0;1;0;1;2;-27,25448562;-48,63148637;SPRF-SC;DEL04-SC;UOP03-DEL04-SC
687515;01/03/2025;sábado;17:45:00;MG;381;492;BETIM;Ausência de reação do condutor;Colisão com objeto;Com Vítimas Fatais;Pleno dia;Crescente;Céu Claro;Múltipla;Reta;Sim;3;1;1;1;0;0;2;1;-19,96313158;-44,16676443;SPRF-MG;DEL01-MG;UOP03-DEL01-MG
687516;26/04/2025;sábado;19:25:00;DF;40;8;BRASILIA;Reação tardia ou ineficiente do condutor;Colisão traseira;Sem Vítimas;Plena Noite;Crescente;Chuva;Dupla;Reta;Sim;3;0;0;0;3;0;0;3;-16,046635;-47,980954;SPRF-DF;DEL01-DF;UOP01-DEL01-DF
687517;26/04/2025;sábado;20:10:00;SP;116;298;ITAPECERICA DA SERRA;Reação tardia ou ineficiente do condutor;Colisão traseira;Com Vítimas Feridas;Plena Noite;Crescente;Céu Claro;Dupla;"Curva;Aclive";Não;3;0;2;0;1;0;2;2;-23,77890433;-46,91599846;SPRF-SP;DEL04-SP;UOP01-DEL04-SP
687518;26/04/2025;sábado;20:00:00;PR;476;149;ARAUCARIA;Reação tardia ou ineficiente do condutor;Saída de leito carroçável;Sem Vítimas;Plena Noite;Crescente;Céu Claro;Dupla;Curva;Sim;1;0;0;0;0;1;0;1;-25,55796161;-49,36731077;SPRF-PR;DEL01-PR;UOP06-DEL01-PR
687519;26/04/2025;sábado;19:40:00;RS;158;92,7;PALMEIRA DAS MISSOES;Transitar na contramão;Colisão lateral sentido oposto;Com Vítimas Feridas;Plena Noite;Decrescente;Céu Claro;Simples;Curva;Não;1;0;1;0;0;0;1;1;-27,8394882;-53,3333696;SPRF-RS;DEL08-RS;UOP02-DEL08-RS
687520;26/04/2025;sábado;18:30:00;MG;381;509;SAO JOAQUIM DE BICAS;Ausência de reação do condutor;Queda de ocupante de veículo;Com Vítimas Feridas;Anoitecer;Crescente;Céu Claro;Dupla;Reta;Sim;2;0;2;0;0;0;2;1;-20,0570009;-44,2864666;SPRF-MG;DEL01-MG;UOP03-DEL01-MG
687521;26/04/2025;sábado;20:00:00;RJ;393;168;TRES RIOS;Iluminação deficiente;Atropelamento de Pedestre;Com Vítimas Feridas;Plena Noite;Decrescente;Nublado;Simples;Reta;Sim;2;0;1;0;0;1;1;2;-22,120694;-43,1623463;SPRF-RJ;DEL05-RJ;UOP01-DEL05-RJ
687522;26/04/2025;sábado;19:45:00;SC;101;134,8;BALNEARIO CAMBORIU;Pedestre andava na pista;Atropelamento de Pedestre;Com Vítimas Fatais;Plena Noite;Crescente;Nublado;Múltipla;Reta;Sim;2;1;0;0;1;0;0;2;-27,0046569;-48,6278351;SPRF-SC;DEL04-SC;UOP03-DEL04-SC
687524;26/04/2025;sábado;20:42:00;PE;104;54,1;CARUARU;Pedestre andava na pista;Atropelamento de Pedestre;Com Vítimas Feridas;Plena Noite;Decrescente;Céu Claro;Dupla;"Reta;Retorno Regulamentado";Não;2;0;0;1;1;0;1;2;-8,18436;-35,96693;SPRF-PE;DEL02-PE;UOP01-DEL02-PE
687525;26/04/2025;sábado;19:30:00;PA;10;57;ULIANOPOLIS;Ausência de reação do condutor;Colisão traseira;Com Vítimas Fatais;Plena Noite;Decrescente;Céu Claro;Simples;Reta;Não;3;2;0;0;0;1;0;2;-3,945502;-47,53855;SPRF-PA;DEL02-PA;UOP02-DEL02-PA
687528;26/04/2025;sábado;18:15:00;MG;116;666,1;MURIAE;Pedestre - Ingestão de álcool/ substâncias psicoativas;Atropelamento de Pedestre;Com Vítimas Feridas;Plena Noite;Decrescente;Céu Claro;Simples;"Curva;Aclive";Não;2;0;1;0;0;1;1;2;-21,1476791;-42,3814825;SPRF-MG;DEL07-MG;UOP02-DEL07-MG
687529;26/04/2025;sábado;20:50:00;RJ;101;72;CAMPOS DOS GOYTACAZES;Reação tardia ou ineficiente do condutor;Atropelamento de Pedestre;Com Vítimas Feridas;Plena Noite;Decrescente;Céu Claro;Simples;Reta;Sim;2;0;1;0;0;1;1;2;-21,78213703;-41,37451172;SPRF-RJ;DEL08-RJ;UOP02-DEL08-RJ
687530;26/04/2025;sábado;19:30:00;GO;40;18,5;LUZIANIA;Entrada inopinada do pedestre;Atropelamento de Pedestre;Com Vítimas Feridas;Plena Noite;Crescente;Nublado;Dupla;Declive;Não;2;0;0;1;1;0;1;2;-16,19786;-47,92324;SPRF-DF;DEL01-DF;UOP01-DEL01-DF
687531;26/04/2025;sábado;19:16:00;RO;319;64;PORTO VELHO;Demais falhas mecânicas ou elétricas;Colisão traseira;Com Vítimas Feridas;Plena Noite;Crescente;Nublado;Dupla;Reta;Sim;2;0;2;0;0;0;2;2;-8,800284;-63,7617625;SPRF-RO;DEL01-RO;UOP01-DEL01-RO
687532;26/04/2025;sábado;20:30:00;BA;116;420;FEIRA DE SANTANA;Ingestão de álcool pelo condutor;Colisão traseira;Com Vítimas Feridas;Plena Noite;Crescente;Ignorado;Dupla;Viaduto;Sim;2;0;2;0;0;0;2;2;-12,217115;-38,965723;SPRF-BA;DEL02-BA;UOP01-DEL02-BA
687533;26/04/2025;sábado;19:55:00;PR;153;18,3;JACAREZINHO;Pedestre andava na pista;Atropelamento de Pedestre;Com Vítimas Feridas;Plena Noite;Decrescente;Nublado;Simples;Reta;Sim;2;0;1;1;0;0;2;2;-23,14875986;-49,95297639;SPRF-PR;DEL07-PR;UOP04-DEL07-PR
687534;26/04/2025;sábado;19:00:00;SP;116;502;BARRA DO TURVO;Transitar no Acostamento;Atropelamento de Pedestre;Com Vítimas Feridas;Pleno dia;Decrescente;Céu Claro;Dupla;Reta;Não;2;0;1;0;0;1;1;2;-24,9288315;-48,2715859;SPRF-SP;DEL05-SP;UOP02-DEL05-SP
687535;26/04/2025;sábado;21:00:00;PB;116;7,6;CACHOEIRA DOS INDIOS;Condutor Dormindo;Saída de leito carroçável;Com Vítimas Feridas;Plena Noite;Crescente;Céu Claro;Simples;Reta;Não;1;0;1;0;0;0;1;1;-6,961975;-38,726173;SPRF-CE;DEL05-CE;UOP03-DEL05-CE
687536;26/04/2025;sábado;21:20:00;GO;452;3;RIO VERDE;Pista Escorregadia;Tombamento;Com Vítimas Feridas;Plena Noite;Crescente;Chuva;Dupla;Reta;Não;1;0;1;0;0;0;1;1;-17,8017301;-50,9487985;SPRF-GO;DEL04-GO;UOP01-DEL04-GO
687537;26/04/2025;sábado;20:03:00;TO;153;764;TALISMA;Transitar na contramão;Colisão lateral sentido oposto;Sem Vítimas;Plena Noite;Crescente;Céu Claro;Simples;Reta;Não;2;0;0;0;1;1;0;2;-12,64004239;-49,06826019;SPRF-TO;DEL01-TO;UOP02-DEL01-TO
687538;26/04/2025;sábado;21:20:00;RS;116;268;CANOAS;Ausência de reação do condutor;Colisão com objeto;Com Vítimas Feridas;Plena Noite;Decrescente;Céu Claro;Dupla;Reta;Sim;2;0;2;0;0;0;2;1;-29,9485879;-51,1764464;SPRF-RS;DEL01-RS;UOP01-DEL01-RS
687539;26/04/2025;sábado;20:20:00;PR;369;132;IBIPORA;Ingestão de álcool pelo condutor;Saída de leito carroçável;Com Vítimas Feridas;Plena Noite;Decrescente;Céu Claro;Dupla;Reta;Não;1;0;1;0;0;0;1;1;-23,261995;-50,995575;SPRF-PR;DEL07-PR;UOP01-DEL07-PR
687540;26/04/2025;sábado;17:30:00;ES;393;0,8;CACHOEIRO DE ITAPEMIRIM;Conversão proibida;Colisão transversal;Com Vítimas Feridas;Anoitecer;Crescente;Nublado;Simples;Reta;Sim;2;0;0;1;0;1;1;2;-20,83808161;-41,16504586;SPRF-ES;DEL03-ES;UOP02-DEL03-ES
687541;26/04/2025;sábado;21:10:00;RJ;101;474;ANGRA DOS REIS;Velocidade Incompatível;Tombamento;Com Vítimas Feridas;Plena Noite;Crescente;Céu Claro;Simples;"Reta;Aclive";Não;1;0;1;0;0;0;1;1;-22,998949;-44,255016;SPRF-RJ;DEL03-RJ;UOP03-DEL03-RJ
687543;26/04/2025;sábado;16:00:00;PE;408;94;SAO LOURENCO DA MATA;Ausência de reação do condutor;Colisão lateral mesmo sentido;Com Vítimas Feridas;Pleno dia;Decrescente;Céu Claro;Dupla;Reta;Não;2;0;1;0;1;0;1;2;-8,02998861;-35,03579233;SPRF-PE;DEL01-PE;UOP01-DEL01-PE
687544;26/04/2025;sábado;20:04:00;GO;153;108;SANTA TEREZA DE GOIAS;Reação tardia ou ineficiente do condutor;Saída de leito carroçável;Sem Vítimas;Plena Noite;Decrescente;Céu Claro;Simples;Reta;Não;3;0;0;0;3;0;0;1;-13,729904;-49,024156;SPRF-GO;DEL07-GO;UOP01-DEL07-GO
687545;26/04/2025;sábado;21:20:00;RN;226;2;NATAL;Conversão proibida;Colisão transversal;Com Vítimas Feridas;Plena Noite;Crescente;Céu Claro;Simples;Reta;Não;2;0;1;0;1;0;1;2;-5,818085;-35,250283;SPRF-RN;DEL01-RN;UOP02-DEL01-RN
687546;26/04/2025;sábado;21:30:00;BA;116;413;FEIRA DE SANTANA;Ingestão de álcool pelo condutor;Colisão transversal;Sem Vítimas;Pleno dia;Crescente;Céu Claro;Dupla;Reta;Sim;2;0;0;0;2;0;0;2;-12,15345;-38,964785;SPRF-BA;DEL02-BA;UOP01-DEL02-BA
687547;26/04/2025;sábado;20:53:00;GO;364;205;JATAI;Transitar na contramão;Colisão transversal;Com Vítimas Feridas;Plena Noite;Decrescente;Céu Claro;Simples;Curva;Não;2;0;1;0;0;1;1;2;-17,90834994;-51,81207776;SPRF-GO;DEL05-GO;UOP01-DEL05-GO
687548;26/04/2025;sábado;17:45:00;PB;230;480,3;MARIZOPOLIS;Ausência de reação do condutor;Queda de ocupante de veículo;Com Vítimas Feridas;Pleno dia;Crescente;Céu Claro;Simples;Reta;Não;1;0;0;1;0;0;1;1;-6,84871416;-38,35932255;SPRF-PB;DEL03-PB;UOP03-DEL03-PB
687549;26/04/2025;sábado;22:20:00;BA;116;17;VITORIA DA CONQUISTA;Acessar a via sem observar a presença dos outros veículos;Colisão lateral sentido oposto;Com Vítimas Feridas;Plena Noite;Crescente;Céu Claro;Simples;Reta;Sim;2;0;1;0;1;0;1;2;-14,8966;-40,8306;SPRF-BA;DEL08-BA;UOP01-DEL08-BA
687550;26/04/2025;sábado;20:50:00;RJ;116;315;RESENDE;Demais falhas mecânicas ou elétricas;Queda de ocupante de veículo;Com Vítimas Feridas;Plena Noite;Crescente;Céu Claro;Dupla;Reta;Não;1;0;0;1;0;0;1;1;-22,46353217;-44,48531091;SPRF-RJ;DEL07-RJ;UOP02-DEL07-RJ
687551;26/04/2025;sábado;19:40:00;MT;163;775;SORRISO;Condutor deixou de manter distância do veículo da frente;Colisão traseira;Com Vítimas Feridas;Plena Noite;Decrescente;Céu Claro;Simples;Reta;Não;3;0;3;0;0;0;3;2;-12,37555085;-55,60970306;SPRF-MT;DEL06-MT;UOP02-DEL06-MT
687553;26/04/2025;sábado;21:50:00;MT;163;825;SINOP;Reação tardia ou ineficiente do condutor;Saída de leito carroçável;Com Vítimas Feridas;Plena Noite;Decrescente;Céu Claro;Simples;Reta;Sim;2;0;2;0;0;0;2;1;-11,94280148;-55,51645658;SPRF-MT;DEL06-MT;UOP02-DEL06-MT
687554;26/04/2025;sábado;21:50:00;RS;471;174;RIO PARDO;Acumulo de areia ou detritos sobre o pavimento;Saída de leito carroçável;Sem Vítimas;Plena Noite;Crescente;Céu Claro;Simples;Curva;Sim;2;0;0;0;2;0;0;1;-29,98660403;-52,36867759;SPRF-RS;DEL02-RS;UOP03-DEL02-RS
687555;26/04/2025;sábado;20:27:00;RO;364;801;PORTO VELHO;Reação tardia ou ineficiente do condutor;Queda de ocupante de veículo;Sem Vítimas;Plena Noite;Decrescente;Nublado;Simples;"Reta;Aclive";Sim;4;0;0;0;3;1;0;2;-9,25804451;-64,40506029;SPRF-RO;DEL01-RO;UOP02-DEL01-RO
687556;26/04/2025;sábado;22:40:00;RJ;101;403;ITAGUAI;Animais na Pista;Engavetamento;Com Vítimas Feridas;Plena Noite;Decrescente;Céu Claro;Dupla;Reta;Não;8;0;2;0;6;0;2;4;-22,863106;-43,795768;SPRF-RJ;DEL03-RJ;UOP01-DEL03-RJ
687557;26/04/2025;sábado;23:30:00;PB;104;116,7;LAGOA SECA;Reação tardia ou ineficiente do condutor;Tombamento;Com Vítimas Feridas;Plena Noite;Decrescente;Céu Claro;Simples;Curva;Não;4;0;2;0;2;0;2;2;-7,176419;-35,860921;SPRF-PB;DEL02-PB;UOP04-DEL02-PB
687558;26/04/2025;sábado;19:35:00;PR;116;152;MANDIRITUBA;Ingestão de álcool pelo condutor;Colisão frontal;Com Vítimas Feridas;Plena Noite;Crescente;Céu Claro;Simples;Reta;Sim;2;0;0;1;1;0;1;2;-25,86282566;-49,36210947;SPRF-PR;DEL01-PR;UOP03-DEL01-PR
687559;26/04/2025;sábado;19:04:00;RO;429;9;PRESIDENTE MEDICI;Pista esburacada;Queda de ocupante de veículo;Com Vítimas Feridas;Plena Noite;Decrescente;Garoa/Chuvisco;Simples;Reta;Não;2;0;1;0;1;0;1;2;-11,200155;-61,974615;SPRF-RO;DEL02-RO;UOP03-DEL02-RO
687563;26/04/2025;sábado;22:50:00;RR;174;470;BOA VISTA;Transitar no Acostamento;Colisão traseira;Com Vítimas Feridas;Plena Noite;Crescente;Céu Claro;Simples;Reta;Não;2;0;1;0;1;0;1;2;2,61839;-60,87692;SPRF-RR;DEL01-RR;UOP01-DEL01-RR
687564;27/04/2025;domingo;00:00:00;SP;116;294;ITAPECERICA DA SERRA;Reação tardia ou ineficiente do condutor;Queda de ocupante de veículo;Com Vítimas Feridas;Plena Noite;Crescente;Céu Claro;Dupla;Reta;Não;1;0;0;1;0;0;1;1;-23,75071542;-46,90129732;SPRF-SP;DEL04-SP;UOP01-DEL04-SP
687565;26/04/2025;sábado;23:28:00;PE;101;67,9;RECIFE;Avarias e/ou desgaste excessivo no pneu;Tombamento;Com Vítimas Feridas;Plena Noite;Crescente;Nublado;Dupla;"Aclive;Viaduto;Reta";Não;2;0;2;0;0;0;2;1;-8,0501;-34,94585;SPRF-PE;DEL01-PE;UOP01-DEL01-PE
687566;26/04/2025;sábado;20:10:00;RJ;101;314;SAO GONCALO;Condutor Dormindo;Colisão com objeto;Com Vítimas Feridas;Plena Noite;Decrescente;Nublado;Dupla;Reta;Não;1;0;1;0;0;0;1;1;-22,81940995;-43,08091164;SPRF-RJ;DEL02-RJ;UOP02-DEL02-RJ
687567;26/04/2025;sábado;23:20:00;MA;135;16;SAO LUIS;Reação tardia ou ineficiente do condutor;Colisão traseira;Com Vítimas Feridas;Plena Noite;Decrescente;Nublado;Dupla;Reta;Não;3;0;2;1;0;0;3;2;-2,6947022;-44,3044683;SPRF-MA;DEL01-MA;UOP01-DEL01-MA
687569;26/04/2025;sábado;23:30:00;PR;369;145;LONDRINA;Transitar na contramão;Colisão frontal;Com Vítimas Feridas;Plena Noite;Crescente;Céu Claro;Dupla;Reta;Sim;2;0;0;1;1;0;1;2;-23,29346315;-51,10914795;SPRF-PR;DEL07-PR;UOP01-DEL07-PR
687570;27/04/2025;domingo;00:15:00;RS;386;310;POUSO NOVO;Ingestão de álcool pelo condutor;Colisão com objeto;Sem Vítimas;Plena Noite;Crescente;Ignorado;Simples;"Ponte;Curva";Não;1;0;0;0;0;1;0;1;-29,22799544;-52,16759054;SPRF-RS;DEL04-RS;UOP01-DEL04-RS
687571;26/04/2025;sábado;21:30:00;MG;267;81,8;JUIZ DE FORA;Velocidade Incompatível;Saída de leito carroçável;Com Vítimas Feridas;Plena Noite;Crescente;Nublado;Simples;Declive;Não;1;0;1;0;0;0;1;1;-21,76205059;-43,25145721;SPRF-MG;DEL05-MG;UOP01-DEL05-MG
687573;27/04/2025;domingo;01:05:00;PR;469;13;FOZ DO IGUACU;Ingestão de álcool pelo condutor;Tombamento;Sem Vítimas;Plena Noite;Crescente;Nublado;Simples;Reta;Sim;1;0;0;0;1;0;0;1;-25,57809463;-54,54135641;SPRF-PR;DEL05-PR;UOP04-DEL05-PR
687574;27/04/2025;domingo;00:30:00;RN;304;57,5;MOSSORO;Ausência de reação do condutor;Saída de leito carroçável;Com Vítimas Feridas;Pleno dia;Decrescente;Céu Claro;Dupla;Reta;Não;3;0;1;0;2;0;1;1;-5,30330305;-37,28055954;SPRF-RN;DEL04-RN;UOP01-DEL04-RN
687575;27/04/2025;domingo;00:50:00;PR;153;320,4;IMBITUVA;Animais na Pista;Atropelamento de Animal;Sem Vítimas;Plena Noite;Crescente;Céu Claro;Simples;Reta;Não;5;0;0;0;5;0;0;1;-25,380742;-50,622417;SPRF-PR;DEL08-PR;UOP02-DEL08-PR
687576;27/04/2025;domingo;00:40:00;AL;101;204,1;SAO SEBASTIAO;Ingestão de álcool pelo condutor;Queda de ocupante de veículo;Com Vítimas Feridas;Plena Noite;Crescente;Céu Claro;Dupla;Aclive;Não;2;0;0;1;1;0;1;1;-9,977502;-36,558574;SPRF-AL;DEL02-AL;UOP02-DEL02-AL
687577;27/04/2025;domingo;01:00:00;SC;101;333,4;TUBARAO;Ingestão de álcool pelo condutor;Colisão com objeto;Sem Vítimas;Plena Noite;Crescente;Céu Claro;Múltipla;Reta;Não;1;0;0;0;1;0;0;1;-28,46718225;-49,00610447;SPRF-SC;DEL02-SC;UOP01-DEL02-SC
687578;27/04/2025;domingo;01:30:00;RJ;101;514,4;ANGRA DOS REIS;Velocidade Incompatível;Colisão com objeto;Com Vítimas Feridas;Plena Noite;Decrescente;Nublado;Simples;Curva;Não;1;0;1;0;0;0;1;1;-22,97999245;-44,43635767;SPRF-RJ;DEL03-RJ;UOP03-DEL03-RJ
687579;27/04/2025;domingo;02:00:00;SP;116;224;GUARULHOS;Reação tardia ou ineficiente do condutor;Colisão com objeto;Com Vítimas Feridas;Plena Noite;Crescente;Nublado;Múltipla;"Reta;Em Obras";Sim;1;0;1;0;0;0;1;1;-23,48615982;-46,54063511;SPRF-SP;DEL01-SP;UOP01-DEL01-SP
687580;26/04/2025;sábado;23:40:00;RO;364;810;PORTO VELHO;Pedestre - Ingestão de álcool/ substâncias psicoativas;Capotamento;Com Vítimas Feridas;Plena Noite;Crescente;Céu Claro;Simples;Reta;Não;4;0;2;0;2;0;2;1;-9,26884544;-64,47601318;SPRF-RO;DEL01-RO;UOP02-DEL01-RO
687581;27/04/2025;domingo;02:35:00;PR;376;176;MARINGA;Velocidade Incompatível;Colisão com objeto;Com Vítimas Feridas;Plena Noite;Crescente;Céu Claro;Dupla;Reta;Sim;4;0;2;0;1;1;2;3;-23,411471;-51,940435;SPRF-PR;DEL09-PR;UOP01-DEL09-PR
687583;27/04/2025;domingo;01:45:00;MG;262;38,9;MANHUACU;Ingestão de álcool pelo condutor;Colisão traseira;Sem Vítimas;Plena Noite;Decrescente;Céu Claro;Simples;Reta;Não;2;0;0;0;2;0;0;2;-20,276137;-42,053775;SPRF-MG;DEL06-MG;UOP03-DEL06-MG
687584;27/04/2025;domingo;02:00:00;MS;163;529,2;JARAGUARI;Ausência de reação do condutor;Saída de leito carroçável;Sem Vítimas;Plena Noite;Crescente;Nublado;Simples;Reta;Não;3;0;0;0;3;0;0;1;-20,0786677;-54,42944581;SPRF-MS;DEL01-MS;UOP02-DEL01-MS
687585;27/04/2025;domingo;02:00:00;RS;290;580;ALEGRETE;Animais na Pista;Atropelamento de Animal;Com Vítimas Feridas;Plena Noite;Crescente;Chuva;Simples;Reta;Não;1;0;1;0;0;0;1;1;-29,8051122;-55,7803885;SPRF-RS;DEL13-RS;UOP02-DEL13-RS
687586;27/04/2025;domingo;01:30:00;AL;104;89;RIO LARGO;Ingestão de álcool pelo condutor;Colisão traseira;Com Vítimas Fatais;Plena Noite;Crescente;Céu Claro;Dupla;"Reta;Retorno Regulamentado";Não;2;1;1;0;0;0;1;2;-9,488685;-35,8161867;SPRF-AL;DEL01-AL;UOP01-DEL01-AL
687587;27/04/2025;domingo;03:00:00;SP;116;182;GUARAREMA;Ausência de reação do condutor;Colisão traseira;Com Vítimas Feridas;Plena Noite;Decrescente;Céu Claro;Dupla;Reta;Sim;3;0;2;0;1;0;2;2;-23,3223418;-46,11619541;SPRF-SP;DEL01-SP;UOP01-DEL01-SP
687588;27/04/2025;domingo;02:30:00;ES;101;255;SERRA;Reação tardia ou ineficiente do condutor;Colisão lateral mesmo sentido;Com Vítimas Feridas;Plena Noite;Crescente;Céu Claro;Simples;Reta;Sim;2;0;2;0;0;0;2;2;-20,118736;-40,311946;SPRF-ES;DEL02-ES;UOP01-DEL02-ES
687589;27/04/2025;domingo;00:35:00;MA;10;324;ACAILANDIA;Ausência de reação do condutor;Colisão frontal;Com Vítimas Feridas;Plena Noite;Crescente;Céu Claro;Simples;"Reta;Aclive";Sim;3;0;1;0;1;1;1;3;-4,9281896;-47,50271559;SPRF-MA;DEL04-MA;UOP03-DEL04-MA
687590;27/04/2025;domingo;02:50:00;RR;432;192,5;CANTA;Ultrapassagem Indevida;Saída de leito carroçável;Com Vítimas Feridas;Plena Noite;Decrescente;Céu Claro;Simples;Curva;Sim;3;0;0;1;1;1;1;2;2,62065;-60,5945;SPRF-RR;DEL01-RR;UOP01-DEL01-RR
687591;27/04/2025;domingo;03:10:00;SC;470;51;BLUMENAU;Demais falhas mecânicas ou elétricas;Colisão transversal;Com Vítimas Feridas;Pleno dia;Decrescente;Céu Claro;Simples;"Curva;Viaduto";Não;3;0;2;0;1;0;2;2;-26,86339982;-49,08234207;SPRF-SC;DEL04-SC;UOP01-DEL04-SC
687592;27/04/2025;domingo;03:00:00;PR;376;232;APUCARANA;Ingestão de álcool pelo condutor;Colisão traseira;Com Vítimas Feridas;Plena Noite;Crescente;Céu Claro;Dupla;Reta;Não;5;0;3;2;0;0;5;2;-23,56772407;-51,51703835;SPRF-PR;DEL07-PR;UOP03-DEL07-PR
687594;27/04/2025;domingo;04:00:00;PR;277;71,6;SAO JOSE DOS PINHAIS;Ausência de reação do condutor;Queda de ocupante de veículo;Com Vítimas Feridas;Plena Noite;Decrescente;Nevoeiro/Neblina;Dupla;Reta;Não;1;0;1;0;0;0;1;1;-25,50590697;-49,14090006;SPRF-PR;DEL01-PR;UOP07-DEL01-PR
687595;27/04/2025;domingo;03:20:00;RR;432;195;CANTA;Reação tardia ou ineficiente do condutor;Queda de ocupante de veículo;Com Vítimas Feridas;Plena Noite;Decrescente;Céu Claro;Simples;Reta;Não;1;0;1;0;0;0;1;1;2,62790048;-60,59440613;SPRF-RR;DEL01-RR;UOP01-DEL01-RR
687596;27/04/2025;domingo;03:45:00;MG;365;630;UBERLANDIA;Ausência de reação do condutor;Colisão com objeto;Sem Vítimas;Plena Noite;Crescente;Nublado;Dupla;Reta;Não;1;0;0;0;0;1;0;1;-18,88030044;-48,24920654;SPRF-MG;DEL15-MG;UOP01-DEL15-MG
687597;27/04/2025;domingo;03:30:00;MG;262;355,8;BETIM;Velocidade Incompatível;Saída de leito carroçável;Com Vítimas Feridas;Plena Noite;Crescente;Céu Claro;Dupla;Reta;Não;3;0;2;0;1;0;2;1;-19,979344;-44,22439;SPRF-MG;DEL01-MG;UOP03-DEL01-MG
687598;27/04/2025;domingo;03:02:00;PE;232;261,1;ARCOVERDE;Ultrapassagem Indevida;Colisão frontal;Com Vítimas Feridas;Plena Noite;Crescente;Céu Claro;Simples;"Reta;Ponte";Não;3;0;2;0;0;1;2;2;-8,409527;-37,138802;SPRF-PE;DEL04-PE;UOP02-DEL04-PE
687599;27/04/2025;domingo;03:50:00;PR;116;122,8;CURITIBA;Reação tardia ou ineficiente do condutor;Saída de leito carroçável;Sem Vítimas;Plena Noite;Crescente;Nevoeiro/Neblina;Dupla;Retorno Regulamentado;Não;1;0;0;0;0;1;0;1;-25,61003088;-49,31942844;SPRF-PR;DEL01-PR;UOP03-DEL01-PR
687600;27/04/2025;domingo;05:45:00;GO;70;3;AGUAS LINDAS DE GOIAS;Ingestão de álcool pelo condutor;Colisão traseira;Com Vítimas Feridas;Pleno dia;Decrescente;Garoa/Chuvisco;Múltipla;"Curva;Declive";Sim;2;0;1;0;1;0;1;2;-15,76196;-48,237248;SPRF-DF;DEL03-DF;UOP02-DEL03-DF
687602;26/04/2025;sábado;22:00:00;RJ;116;210;SEROPEDICA;Reação tardia ou ineficiente do condutor;Atropelamento de Pedestre;Com Vítimas Feridas;Plena Noite;Decrescente;Céu Claro;Dupla;Reta;Não;2;0;0;1;0;1;1;2;-22,70683905;-43,74000549;SPRF-RJ;DEL06-RJ;UOP02-DEL06-RJ
687603;27/04/2025;domingo;06:15:00;SC;101;216;PALHOCA;Condutor Dormindo;Tombamento;Com Vítimas Feridas;Amanhecer;Decrescente;Céu Claro;Múltipla;"Reta;Aclive";Sim;2;0;0;2;0;0;2;1;-27,65200653;-48,67593376;SPRF-SC;DEL01-SC;UOP02-DEL01-SC
687604;27/04/2025;domingo;04:20:00;RJ;465;14,9;SEROPEDICA;Ausência de reação do condutor;Colisão lateral mesmo sentido;Com Vítimas Feridas;Plena Noite;Crescente;Nublado;Simples;Reta;Sim;3;0;2;0;0;1;2;2;-22,80994574;-43,63227591;SPRF-RJ;DEL06-RJ;UOP02-DEL06-RJ
687605;27/04/2025;domingo;03:30:00;MG;40;667,8;CARANDAI;Neblina;Saída de leito carroçável;Sem Vítimas;Plena Noite;Decrescente;Nevoeiro/Neblina;Simples;Curva;Não;1;0;0;0;1;0;0;1;-20,95573435;-43,79143308;SPRF-MG;DEL05-MG;UOP02-DEL05-MG
687606;27/04/2025;domingo;06:50:00;MG;40;567;NOVA LIMA;Ausência de reação do condutor;Tombamento;Com Vítimas Feridas;Pleno dia;Crescente;Céu Claro;Simples;"Reta;Declive";Não;1;0;1;0;0;0;1;1;-20,186909;-43,968199;SPRF-MG;DEL01-MG;UOP02-DEL01-MG
687610;27/04/2025;domingo;06:40:00;GO;60;59;ABADIANIA;Condutor Dormindo;Saída de leito carroçável;Com Vítimas Feridas;Amanhecer;Crescente;Céu Claro;Dupla;Curva;Sim;1;0;1;0;0;0;1;1;-16,18466948;-48,6959815;SPRF-GO;DEL02-GO;UOP01-DEL02-GO
687611;27/04/2025;domingo;03:05:00;SP;116;166;JACAREI;Animais na Pista;Atropelamento de Animal;Com Vítimas Feridas;Plena Noite;Crescente;Céu Claro;Dupla;Reta;Não;1;0;1;0;0;0;1;1;-23,30058518;-46,01743547;SPRF-SP;DEL02-SP;UOP01-DEL02-SP
687613;27/04/2025;domingo;06:10:00;GO;60;168;GOIANIA;Ausência de reação do condutor;Colisão com objeto;Com Vítimas Fatais;Pleno dia;Decrescente;Céu Claro;Simples;Reta;Não;1;1;0;0;0;0;0;1;-16,732168;-49,396039;SPRF-GO;DEL01-GO;UOP02-DEL01-GO
687614;27/04/2025;domingo;07:59:00;DF;40;0;BRASILIA;Reação tardia ou ineficiente do condutor;Tombamento;Com Vítimas Feridas;Pleno dia;Decrescente;Céu Claro;Dupla;"Interseção de Vias;Curva";Sim;1;0;1;0;0;0;1;1;-15,975953;-47,989592;SPRF-DF;DEL01-DF;UOP01-DEL01-DF