id;data_inversa;dia_semana;horario;uf;br;km;municipio;causa_acidente;tipo_acidente;classificacao_acidente;fase_dia;sentido_via;condicao_metereologica;tipo_pista;tracado_via;uso_solo;pessoas;mortos;feridos_leves;feridos_graves;ilesos;ignorados;feridos;veiculos;latitude;longitude;regional;delegacia;uop
687722;27/04/2025;domingo;16:20:00;PB;104;113,7;LAGOA SECA;Demais falhas mecânicas ou elétricas;Incêndio;Com Vítimas Feridas;Pleno dia;Decrescente;Céu Claro;Simples;Curva;Sim;1;0;0;1;0;0;1;1;-7,1598;-35,85608;SPRF-PB;DEL02-PB;UOP04-DEL02-PB
687723;27/04/2025;domingo;19:40:00;SP;116;219;GUARULHOS;Ausência de reação do condutor;Colisão traseira;Com Vítimas Feridas;Plena Noite;Crescente;Nublado;Múltipla;Reta;Sim;3;0;0;2;1;0;2;2;-23,4624424;-46,4928434;SPRF-SP;DEL01-SP;UOP01-DEL01-SP
687724;27/04/2025;domingo;18:10:00;PI;343;4,8;TERESINA;Ausência de reação do condutor;Colisão com objeto;Com Vítimas Feridas;Plena Noite;Decrescente;Céu Claro;Múltipla;Ponte;Sim;3;0;3;0;0;0;3;1;-5,08364391;-42,79743254;SPRF-PI;DEL01-PI;UOP01-DEL01-PI
687725;27/04/2025;domingo;19:30:00;SP;153;111;JOSE BONIFACIO;Ausência de reação do condutor;Colisão lateral mesmo sentido;Com Vítimas Feridas;Plena Noite;Crescente;Nublado;Simples;"Reta;Declive";Não;2;0;2;0;0;0;2;2;-21,0966259;-49,67870622;SPRF-SP;DEL09-SP;UOP01-DEL09-SP
687726;27/04/2025;domingo;18:22:00;MG;365;700;MONTE ALEGRE DE MINAS;Reação tardia ou ineficiente do condutor;Colisão com objeto;Sem Vítimas;Anoitecer;Crescente;Nublado;Dupla;"Reta;Retorno Regulamentado";Sim;1;0;0;0;0;1;0;1;-18,87948832;-48,99114847;SPRF-MG;DEL15-MG;UOP03-DEL15-MG
687727;27/04/2025;domingo;20:00:00;BA;116;413;FEIRA DE SANTANA;Ingestão de álcool pelo condutor;Colisão lateral mesmo sentido;Com Vítimas Feridas;Plena Noite;Crescente;Céu Claro;Dupla;"Reta;Retorno Regulamentado";Não;2;0;0;1;1;0;1;2;-12,165053;-38,9650131;SPRF-BA;DEL02-BA;UOP01-DEL02-BA
687728;27/04/2025;domingo;01:00:00;SC;280;30,1;ARAQUARI;Ingestão de álcool pelo condutor;Saída de leito carroçável;Sem Vítimas;Plena Noite;Decrescente;Ignorado;Simples;Reta;Não;1;0;0;0;1;0;0;1;-26,44794451;-48,84565734;SPRF-SC;DEL03-SC;UOP03-DEL03-SC
687729;27/04/2025;domingo;19:20:00;PR;277;128;CAMPO LARGO;Reação tardia ou ineficiente do condutor;Colisão lateral mesmo sentido;Sem Vítimas;Plena Noite;Crescente;Nublado;Dupla;Reta;Não;5;0;0;0;5;0;0;2;-25,4416276;-49,56001282;SPRF-PR;DEL03-PR;UOP03-DEL03-PR
687731;27/04/2025;domingo;19:35:00;PR;376;491;PONTA GROSSA;Animais na Pista;Atropelamento de Animal;Com Vítimas Feridas;Plena Noite;Crescente;Ignorado;Dupla;"Curva;Aclive";Não;2;0;2;0;0;0;2;1;-25,110595;-50,189642;SPRF-PR;DEL03-PR;UOP04-DEL03-PR
687733;27/04/2025;domingo;18:30:00;PR;369;186;ARAPONGAS;Ultrapassagem Indevida;Colisão lateral mesmo sentido;Sem Vítimas;Plena Noite;Crescente;Nublado;Simples;Interseção de Vias;Não;2;0;0;0;2;0;0;2;-23,415457;-51,427188;SPRF-PR;DEL07-PR;UOP03-DEL07-PR
687735;27/04/2025;domingo;18:45:00;MA;135;9;SAO LUIS;Acessar a via sem observar a presença dos outros veículos;Atropelamento de Pedestre;Sem Vítimas;Plena Noite;Crescente;Chuva;Dupla;Reta;Sim;2;0;0;0;1;1;0;2;-2,651972;-44,283882;SPRF-MA;DEL01-MA;UOP01-DEL01-MA
687738;27/04/2025;domingo;20:00:00;SP;381;81,7;SAO PAULO;Reação tardia ou ineficiente do condutor;Engavetamento;Sem Vítimas;Plena Noite;Decrescente;Nublado;Dupla;Reta;Sim;3;0;0;0;3;0;0;3;-23,42925502;-46,57077909;SPRF-SP;DEL03-SP;UOP01-DEL03-SP
687739;27/04/2025;domingo;20:00:00;PE;104;61;CARUARU;Manobra de mudança de faixa;Colisão traseira;Com Vítimas Feridas;Plena Noite;Crescente;Céu Claro;Dupla;Reta;Não;2;0;0;1;1;0;1;2;-8,244408;-35,975327;SPRF-PE;DEL02-PE;UOP01-DEL02-PE
687740;27/04/2025;domingo;17:50:00;MS;463;110;PONTA PORA;Transitar no Acostamento;Atropelamento de Pedestre;Com Vítimas Fatais;Plena Noite;Decrescente;Chuva;Dupla;Curva;Não;2;1;0;0;0;1;0;2;-22,579093;-55,691092;SPRF-MS;DEL04-MS;UOP03-DEL04-MS
687741;27/04/2025;domingo;20:00:00;RO;364;518;ARIQUEMES;Pista esburacada;Queda de ocupante de veículo;Com Vítimas Feridas;Plena Noite;Crescente;Céu Claro;Dupla;Reta;Não;1;0;0;1;0;0;1;1;-9,891249;-63,056475;SPRF-RO;DEL03-RO;UOP01-DEL03-RO
687742;27/04/2025;domingo;06:30:00;RJ;101;304;SAO GONCALO;Demais falhas mecânicas ou elétricas;Queda de ocupante de veículo;Com Vítimas Feridas;Pleno dia;Decrescente;Céu Claro;Dupla;Reta;Não;1;0;1;0;0;0;1;1;-22,78573708;-42,98398537;SPRF-RJ;DEL02-RJ;UOP02-DEL02-RJ
687743;27/04/2025;domingo;20:45:00;BA;101;6;RIO REAL;Ingestão de álcool pelo condutor;Colisão traseira;Com Vítimas Fatais;Plena Noite;Decrescente;Céu Claro;Simples;Reta;Não;2;1;0;0;0;1;0;2;-11,53817267;-37,84497142;SPRF-SE;DEL02-SE;UOP03-DEL02-SE
687745;27/04/2025;domingo;18:00:00;PI;343;308,4;ALTOS;Transitar na contramão;Colisão frontal;Com Vítimas Feridas;Anoitecer;Crescente;Céu Claro;Simples;Reta;Sim;4;0;0;2;2;0;2;3;-5,039502;-42,470902;SPRF-PI;DEL01-PI;UOP01-DEL01-PI
687746;27/04/2025;domingo;20:44:00;MG;40;456;CAETANOPOLIS;Ingestão de álcool pelo condutor;Saída de leito carroçável;Sem Vítimas;Plena Noite;Crescente;Céu Claro;Dupla;Curva;Não;1;0;0;0;0;1;0;1;-19,35678136;-44,34797645;SPRF-MG;DEL02-MG;UOP01-DEL02-MG
687747;27/04/2025;domingo;21:35:00;RS;290;89;PORTO ALEGRE;Chuva;Tombamento;Com Vítimas Feridas;Plena Noite;Crescente;Chuva;Múltipla;Reta;Não;1;0;1;0;0;0;1;1;-29,96723776;-51,13799796;SPRF-RS;DEL01-RS;UOP01-DEL01-RS
687748;27/04/2025;domingo;21:25:00;PB;101;62;SANTA RITA;Reação tardia ou ineficiente do condutor;Queda de ocupante de veículo;Com Vítimas Feridas;Plena Noite;Crescente;Céu Claro;Dupla;Reta;Não;2;0;1;1;0;0;2;1;-7,017235;-35,061752;SPRF-PB;DEL01-PB;UOP03-DEL01-PB
687749;27/04/2025;domingo;14:50:00;RJ;40;113;DUQUE DE CAXIAS;Reação tardia ou ineficiente do condutor;Engavetamento;Com Vítimas Feridas;Pleno dia;Crescente;Céu Claro;Múltipla;Reta;Sim;8;0;3;0;3;2;3;6;-22,70950531;-43,29041139;SPRF-RJ;DEL01-RJ;UOP02-DEL01-RJ
687751;27/04/2025;domingo;21:50:00;PR;376;548;PALMEIRA;Reação tardia ou ineficiente do condutor;Saída de leito carroçável;Com Vítimas Feridas;Plena Noite;Crescente;Nublado;Dupla;Reta;Não;4;0;4;0;0;0;4;1;-25,4199;-49,7681;SPRF-PR;DEL03-PR;UOP03-DEL03-PR
687752;27/04/2025;domingo;18:40:00;SC;101;53;JOINVILLE;Ausência de reação do condutor;Saída de leito carroçável;Com Vítimas Feridas;Anoitecer;Decrescente;Céu Claro;Dupla;Reta;Não;2;0;2;0;0;0;2;1;-26,41877628;-48,83234024;SPRF-SC;DEL03-SC;UOP01-DEL03-SC
687753;27/04/2025;domingo;19:00:00;MT;163;701;SORRISO;Ingestão de álcool pelo condutor;Colisão com objeto;Com Vítimas Feridas;Plena Noite;Decrescente;Chuva;Simples;Reta;Não;5;0;1;1;3;0;2;2;-12,9632265;-55,87242666;SPRF-MT;DEL06-MT;UOP01-DEL06-MT
687756;27/04/2025;domingo;21:40:00;PR;369;178,3;ROLANDIA;Ingestão de álcool pelo condutor;Colisão com objeto;Sem Vítimas;Plena Noite;Decrescente;Chuva;Dupla;Reta;Sim;2;0;0;0;0;2;0;1;-23,356702;-51,394331;SPRF-PR;DEL07-PR;UOP01-DEL07-PR
687757;27/04/2025;domingo;21:50:00;PE;428;188;PETROLINA;Acessar a via sem observar a presença dos outros veículos;Colisão transversal;Com Vítimas Feridas;Plena Noite;Crescente;Céu Claro;Dupla;Reta;Sim;3;0;2;1;0;0;3;2;-9,376302;-40,49512;SPRF-PE;DEL06-PE;UOP01-DEL06-PE
687759;27/04/2025;domingo;23:10:00;RJ;116;182;NOVA IGUACU;Ingestão de álcool pelo condutor;Colisão traseira;Com Vítimas Feridas;Plena Noite;Decrescente;Nublado;Múltipla;Reta;Sim;4;0;2;0;2;0;2;2;-22,75553931;-43,43340252;SPRF-RJ;DEL06-RJ;UOP01-DEL06-RJ
687760;27/04/2025;domingo;23:00:00;MG;50;175;UBERABA;Reação tardia ou ineficiente do condutor;Saída de leito carroçável;Sem Vítimas;Plena Noite;Decrescente;Nublado;Dupla;"Reta;Aclive";Não;1;0;0;0;0;1;0;1;-19,7791799;-47,96667045;SPRF-MG;DEL13-MG;UOP01-DEL13-MG
687763;27/04/2025;domingo;22:30:00;BA;116;12,9;VITORIA DA CONQUISTA;Conversão proibida;Colisão transversal;Com Vítimas Feridas;Plena Noite;Decrescente;Nublado;Simples;Reta;Sim;2;0;1;0;1;0;1;2;-14,884434;-40,870698;SPRF-BA;DEL08-BA;UOP01-DEL08-BA
687764;27/04/2025;domingo;22:40:00;PR;376;176;MARINGA;Condutor desrespeitou a iluminação vermelha do semáforo;Colisão transversal;Com Vítimas Feridas;Plena Noite;Decrescente;Chuva;Dupla;"Curva;Interseção de Vias";Sim;3;0;1;0;2;0;1;2;-23,41128172;-51,93644587;SPRF-PR;DEL09-PR;UOP01-DEL09-PR
687765;27/04/2025;domingo;23:30:00;RS;448;22;PORTO ALEGRE;Velocidade Incompatível;Colisão com objeto;Com Vítimas Feridas;Plena Noite;Crescente;Nublado;Dupla;"Curva;Declive";Sim;2;0;1;0;1;0;1;1;-29,97585972;-51,19969667;SPRF-RS;DEL01-RS;UOP01-DEL01-RS
687766;27/04/2025;domingo;23:30:00;PR;476;195,8;LAPA;Desrespeitar a preferência no cruzamento;Colisão transversal;Com Vítimas Feridas;Plena Noite;Decrescente;Garoa/Chuvisco;Simples;"Declive;Reta;Interseção de Vias";Sim;2;0;2;0;0;0;2;2;-25,752046;-49,724119;SPRF-PR;DEL01-PR;UOP06-DEL01-PR
687767;27/04/2025;domingo;23:40:00;CE;222;2,3;FORTALEZA;Pedestre cruzava a pista fora da faixa;Atropelamento de Pedestre;Com Vítimas Feridas;Plena Noite;Crescente;Chuva;Dupla;Reta;Sim;3;0;1;0;2;0;1;2;-3,73939193;-38,59049483;SPRF-CE;DEL01-CE;UOP01-DEL01-CE
687768;27/04/2025;domingo;23:30:00;RJ;101;305;SAO GONCALO;Reação tardia ou ineficiente do condutor;Colisão traseira;Com Vítimas Feridas;Plena Noite;Decrescente;Céu Claro;Dupla;Reta;Sim;2;0;1;0;1;0;1;2;-22,7888159;-43,0032698;SPRF-RJ;DEL02-RJ;UOP02-DEL02-RJ
687770;27/04/2025;domingo;22:15:00;SP;153;68;SAO JOSE DO RIO PRETO;Ausência de reação do condutor;Saída de leito carroçável;Sem Vítimas;Plena Noite;Decrescente;Nublado;Dupla;"Declive;Reta";Sim;2;0;0;0;1;1;0;1;-20,85084396;-49,39353274;SPRF-SP;DEL09-SP;UOP01-DEL09-SP
687772;28/04/2025;segunda-feira;00:30:00;SC;101;244,1;PAULO LOPES;Chuva;Saída de leito carroçável;Sem Vítimas;Plena Noite;Crescente;Chuva;Dupla;Reta;Não;1;0;0;0;0;1;0;1;-27,9515899;-48,67357627;SPRF-SC;DEL01-SC;UOP02-DEL01-SC
687773;27/04/2025;domingo;20:00:00;MT;70;3;BARRA DO GARCAS;Reação tardia ou ineficiente do condutor;Queda de ocupante de veículo;Com Vítimas Feridas;Plena Noite;Decrescente;Nublado;Dupla;"Reta;Declive";Sim;1;0;0;1;0;0;1;1;-15,88025577;-52,28037357;SPRF-MT;DEL07-MT;UOP01-DEL07-MT
687774;27/04/2025;domingo;23:30:00;SC;282;506,8;XANXERE;Ingestão de álcool pelo condutor;Saída de leito carroçável;Sem Vítimas;Plena Noite;Crescente;Chuva;Dupla;Reta;Sim;1;0;0;0;1;0;0;1;-26,8860016;-52,4359809;SPRF-SC;DEL07-SC;UOP01-DEL07-SC
687775;27/04/2025;domingo;18:30:00;MT;70;19;BARRA DO GARCAS;Reação tardia ou ineficiente do condutor;Saída de leito carroçável;Com Vítimas Feridas;Plena Noite;Crescente;Garoa/Chuvisco;Simples;Reta;Não;1;0;1;0;0;0;1;1;-15,86706;-52,39715;SPRF-MT;DEL07-MT;UOP01-DEL07-MT
687776;28/04/2025;segunda-feira;01:40:00;SC;101;192,9;BIGUACU;Ingestão de álcool pelo condutor;Saída de leito carroçável;Sem Vítimas;Plena Noite;Decrescente;Céu Claro;Múltipla;Curva;Não;1;0;0;0;1;0;0;1;-27,48842426;-48,65155667;SPRF-SC;DEL01-SC;UOP01-DEL01-SC
687777;28/04/2025;segunda-feira;00:10:00;MS;163;248;DOURADOS;Ausência de reação do condutor;Saída de leito carroçável;Sem Vítimas;Plena Noite;Decrescente;Nublado;Simples;Curva;Não;1;0;0;0;1;0;0;1;-22,32329949;-54,81941096;SPRF-MS;DEL04-MS;UOP02-DEL04-MS
687778;27/04/2025;domingo;22:45:00;PB;104;114;LAGOA SECA;Ingestão de álcool pelo condutor;Tombamento;Com Vítimas Feridas;Plena Noite;Crescente;Céu Claro;Simples;Reta;Sim;2;0;1;1;0;0;2;1;-7,159253;-35,855884;SPRF-PB;DEL02-PB;UOP04-DEL02-PB
687779;28/04/2025;segunda-feira;02:15:00;RS;116;254,9;ESTEIO;Acostamento em desnível;Tombamento;Com Vítimas Feridas;Plena Noite;Crescente;Garoa/Chuvisco;Múltipla;Reta;Sim;1;0;1;0;0;0;1;1;-29,83352399;-51,17464419;SPRF-RS;DEL01-RS;UOP02-DEL01-RS
687780;28/04/2025;segunda-feira;01:21:00;MG;40;515;RIBEIRAO DAS NEVES;Ingestão de álcool pelo condutor;Saída de leito carroçável;Com Vítimas Feridas;Plena Noite;Crescente;Céu Claro;Dupla;Reta;Sim;1;0;1;0;0;0;1;1;-19,83177841;-44,08385396;SPRF-MG;DEL01-MG;UOP02-DEL01-MG
687781;28/04/2025;segunda-feira;01:30:00;MG;116;801;ALEM PARAIBA;Ausência de reação do condutor;Queda de ocupante de veículo;Com Vítimas Feridas;Plena Noite;Decrescente;Nublado;Simples;Reta;Não;1;0;1;0;0;0;1;1;-21,77056499;-42,73102799;SPRF-MG;DEL07-MG;UOP01-DEL07-MG
687782;28/04/2025;segunda-feira;02:30:00;PR;373;173,2;PONTA GROSSA;Ingestão de álcool pelo condutor;Colisão com objeto;Com Vítimas Feridas;Plena Noite;Crescente;Nublado;Dupla;Curva;Sim;1;0;1;0;0;0;1;1;-25,079825;-50,203172;SPRF-PR;DEL03-PR;UOP01-DEL03-PR
687783;28/04/2025;segunda-feira;01:10:00;SP;459;30;GUARATINGUETA;Suicídio (presumido);Saída de leito carroçável;Com Vítimas Feridas;Plena Noite;Crescente;Céu Claro;Simples;Ponte;Sim;1;0;1;0;0;0;1;1;-22,72648437;-45,10358048;SPRF-SP;DEL08-SP;UOP02-DEL08-SP
687785;28/04/2025;segunda-feira;04:00:00;PR;376;623;SAO JOSE DOS PINHAIS;Ausência de reação do condutor;Colisão traseira;Com Vítimas Feridas;Plena Noite;Decrescente;Céu Claro;Dupla;Reta;Não;2;0;1;0;0;1;1;2;-25,65129313;-49,15763251;SPRF-PR;DEL01-PR;UOP04-DEL01-PR
687788;27/04/2025;domingo;21:20:00;RO;364;685;CANDEIAS DO JAMARI;Animais na Pista;Atropelamento de Animal;Com Vítimas Feridas;Plena Noite;Decrescente;Céu Claro;Simples;Reta;Não;3;0;3;0;0;0;3;1;-8,79262965;-63,65284248;SPRF-RO;DEL01-RO;UOP01-DEL01-RO
687789;28/04/2025;segunda-feira;04:00:00;PE;232;314;SERTANIA;Animais na Pista;Atropelamento de Animal;Com Vítimas Feridas;Plena Noite;Crescente;Céu Claro;Simples;Reta;Não;2;0;2;0;0;0;2;1;-8,133473;-37,498773;SPRF-PE;DEL04-PE;UOP02-DEL04-PE
687790;28/04/2025;segunda-feira;04:30:00;RN;304;46,7;MOSSORO;Ausência de reação do condutor;Colisão lateral mesmo sentido;Com Vítimas Feridas;Plena Noite;Decrescente;Céu Claro;Dupla;Reta;Sim;2;0;0;1;0;1;1;2;-5,226;-37,334;SPRF-RN;DEL04-RN;UOP01-DEL04-RN
687791;28/04/2025;segunda-feira;04:21:00;CE;20;304,6;CANINDE;Avarias e/ou desgaste excessivo no pneu;Saída de leito carroçável;Com Vítimas Fatais;Amanhecer;Decrescente;Nublado;Dupla;Reta;Sim;1;1;0;0;0;0;0;1;-4,377446;-39,308436;SPRF-CE;DEL02-CE;UOP01-DEL02-CE
687792;28/04/2025;segunda-feira;05:30:00;PE;232;126,9;CARUARU;Ausência de sinalização;Colisão com objeto;Sem Vítimas;Amanhecer;Decrescente;Céu Claro;Dupla;"Aclive;Curva";Sim;2;0;0;0;1;1;0;2;-8,30598069;-35,96679783;SPRF-PE;DEL02-PE;UOP01-DEL02-PE
687793;28/04/2025;segunda-feira;06:20:00;PB;101;108;ALHANDRA;Avarias e/ou desgaste excessivo no pneu;Queda de ocupante de veículo;Com Vítimas Feridas;Pleno dia;Decrescente;Céu Claro;Simples;Reta;Sim;1;0;0;1;0;0;1;1;-7,3351848;-34,9472432;SPRF-PB;DEL01-PB;UOP01-DEL01-PB
687794;28/04/2025;segunda-feira;07:00:00;MG;50;39;ARAGUARI;Pista Escorregadia;Tombamento;Com Vítimas Feridas;Pleno dia;Decrescente;Céu Claro;Simples;Reta;Sim;1;0;1;0;0;0;1;1;-18,670405;-48,177007;SPRF-MG;DEL15-MG;UOP02-DEL15-MG
687796;28/04/2025;segunda-feira;07:15:00;SC;101;314,8;LAGUNA;Ausência de reação do condutor;Colisão traseira;Com Vítimas Feridas;Amanhecer;Crescente;Céu Claro;Simples;Reta;Não;2;0;1;0;1;0;1;2;-28,43249651;-48,83819818;SPRF-SC;DEL02-SC;UOP01-DEL02-SC
687797;28/04/2025;segunda-feira;06:26:00;DF;70;15,5;BRASILIA;Mal súbito do condutor;Colisão lateral mesmo sentido;Com Vítimas Feridas;Amanhecer;Decrescente;Céu Claro;Dupla;Reta;Sim;4;0;2;0;2;0;2;2;-15,79635662;-48,19504648;SPRF-DF;DEL03-DF;UOP02-DEL03-DF
687798;28/04/2025;segunda-feira;07:00:00;PB;101;92;JOAO PESSOA;Reação tardia ou ineficiente do condutor;Colisão traseira;Com Vítimas Feridas;Pleno dia;Crescente;Céu Claro;Dupla;Reta;Sim;2;0;1;0;0;1;1;2;-7,20770527;-34,90885925;SPRF-PB;DEL01-PB;UOP01-DEL01-PB
687799;28/04/2025;segunda-feira;07:12:00;SC;101;194,3;BIGUACU;Acessar a via sem observar a presença dos outros veículos;Colisão transversal;Com Vítimas Feridas;Pleno dia;Crescente;Céu Claro;Múltipla;"Interseção de Vias;Reta";Sim;2;0;1;0;1;0;1;2;-27,499833;-48,654682;SPRF-SC;DEL01-SC;UOP01-DEL01-SC
687800;28/04/2025;segunda-feira;06:05:00;BA;116;24;VITORIA DA CONQUISTA;Ausência de reação do condutor;Queda de ocupante de veículo;Com Vítimas Feridas;Pleno dia;Decrescente;Céu Claro;Dupla;Declive;Não;1;0;1;0;0;0;1;1;-14,85909339;-40,79884529;SPRF-BA;DEL08-BA;UOP01-DEL08-BA
687802;28/04/2025;segunda-feira;07:40:00;SP;153;83,7;MIRASSOL;Chuva;Colisão com objeto;Com Vítimas Feridas;Pleno dia;Decrescente;Chuva;Dupla;Reta;Não;1;0;1;0;0;0;1;1;-20,926845;-49,509269;SPRF-SP;DEL09-SP;UOP01-DEL09-SP
687803;28/04/2025;segunda-feira;07:30:00;SE;101;123;ITAPORANGA DAJUDA;Avarias e/ou desgaste excessivo no pneu;Tombamento;Com Vítimas Feridas;Pleno dia;Decrescente;Céu Claro;Dupla;"Reta;Declive";Não;2;0;2;0;0;0;2;1;-11,04498;-37,364903;SPRF-SE;DEL02-SE;UOP01-DEL02-SE
687804;27/04/2025;domingo;23:20:00;MT;174;4;PONTES E LACERDA;Ingestão de álcool pelo condutor;Queda de ocupante de veículo;Com Vítimas Feridas;Plena Noite;Decrescente;Garoa/Chuvisco;Simples;Reta;Sim;1;0;1;0;0;0;1;1;-15,23152097;-59,33128953;SPRF-MT;DEL04-MT;UOP01-DEL04-MT
687805;28/04/2025;segunda-feira;07:55:00;PR;376;491;PONTA GROSSA;Condutor deixou de manter distância do veículo da frente;Colisão traseira;Com Vítimas Feridas;Pleno dia;Decrescente;Céu Claro;Dupla;"Reta;Aclive";Não;2;0;1;0;0;1;1;2;-25,10565282;-50,19376516;SPRF-PR;DEL03-PR;UOP04-DEL03-PR
687807;28/04/2025;segunda-feira;08:30:00;AL;316;241,9;ATALAIA;Desrespeitar a preferência no cruzamento;Colisão transversal;Com Vítimas Feridas;Pleno dia;Crescente;Céu Claro;Simples;"Rotatória;Reta";Sim;2;0;1;0;1;0;1;2;-9,50743102;-36,02086393;SPRF-AL;DEL01-AL;UOP01-DEL01-AL
687808;28/04/2025;segunda-feira;06:20:00;RJ;101;311;SAO GONCALO;Reação tardia ou ineficiente do condutor;Colisão traseira;Com Vítimas Feridas;Pleno dia;Crescente;Céu Claro;Dupla;Reta;Sim;2;0;1;0;1;0;1;2;-22,80215068;-43,0559115;SPRF-RJ;DEL02-RJ;UOP02-DEL02-RJ
687810;28/04/2025;segunda-feira;06:30:00;RN;226;78;TANGARA;Acessar a via sem observar a presença dos outros veículos;Colisão frontal;Com Vítimas Feridas;Pleno dia;Crescente;Céu Claro;Simples;Reta;Não;4;0;0;1;2;1;1;3;-6,173233;-35,764547;SPRF-RN;DEL01-RN;UOP02-DEL01-RN
687812;28/04/2025;segunda-feira;07:50:00;MG;116;322,3;ITAMBACURI;Frear bruscamente;Colisão traseira;Com Vítimas Feridas;Pleno dia;Crescente;Céu Claro;Simples;Reta;Não;13;0;1;10;2;0;11;4;-18,17628;-41,707467;SPRF-MG;DEL11-MG;UOP01-DEL11-MG
687814;28/04/2025;segunda-feira;08:00:00;SC;101;424,6;ARARANGUA;Acessar a via sem observar a presença dos outros veículos;Colisão traseira;Com Vítimas Feridas;Pleno dia;Decrescente;Céu Claro;Múltipla;"Reta;Interseção de Vias";Não;2;0;1;0;1;0;1;2;-29,023306;-49,595072;SPRF-SC;DEL02-SC;UOP02-DEL02-SC
687816;28/04/2025;segunda-feira;08:00:00;CE;116;6;FORTALEZA;Condutor deixou de manter distância do veículo da frente;Colisão traseira;Com Vítimas Feridas;Pleno dia;Decrescente;Céu Claro;Múltipla;Reta;Sim;2;0;1;0;1;0;1;2;-3,80701503;-38,50160535;SPRF-CE;DEL01-CE;UOP02-DEL01-CE
687818;28/04/2025;segunda-feira;09:10:00;BA;116;419;FEIRA DE SANTANA;Condutor deixou de manter distância do veículo da frente;Colisão traseira;Com Vítimas Feridas;Pleno dia;Decrescente;Nublado;Simples;Reta;Sim;3;0;2;0;1;0;2;2;-12,2063093;-38,965612;SPRF-BA;DEL02-BA;UOP01-DEL02-BA
687819;24/04/2025;quinta-feira;11:30:00;MG;262;631,5;IBIA;Retorno proibido;Colisão lateral mesmo sentido;Com Vítimas Feridas;Pleno dia;Decrescente;Sol;Simples;"Reta;Aclive";Sim;2;0;1;0;1;0;1;2;-19,59211;-46,491572;SPRF-MG;DEL08-MG;UOP01-DEL08-MG
687820;28/04/2025;segunda-feira;08:29:00;SE;101;58;ROSARIO DO CATETE;Ausência de reação do condutor;Colisão transversal;Com Vítimas Feridas;Pleno dia;Decrescente;Céu Claro;Simples;"Reta;Interseção de Vias";Não;2;0;1;0;1;0;1;2;-10,66010186;-37,02830315;SPRF-SE;DEL02-SE;UOP02-DEL02-SE
687822;28/04/2025;segunda-feira;04:50:00;MA;222;522;BURITICUPU;Acesso irregular;Colisão lateral sentido oposto;Sem Vítimas;Amanhecer;Crescente;Céu Claro;Simples;Reta;Sim;3;0;0;0;2;1;0;2;-4,34615;-46,42392;SPRF-MA;DEL02-MA;UOP01-DEL02-MA
687823;09/03/2025;domingo;01:20:00;PA;316;239;VISEU;Ausência de reação do condutor;Colisão lateral mesmo sentido;Com Vítimas Feridas;Plena Noite;Decrescente;Ignorado;Simples;Reta;Não;2;0;0;1;0;1;1;2;-1,72353;-46,620122;SPRF-PA;DEL01-PA;UOP04-DEL01-PA
687824;28/04/2025;segunda-feira;08:00:00;PA;230;107;SAO JOAO DO ARAGUAIA;Acostamento em desnível;Saída de leito carroçável;Com Vítimas Feridas;Pleno dia;Crescente;Céu Claro;Simples;"Em Obras;Reta";Não;1;0;0;1;0;0;1;1;-5,37764421;-49,01249359;SPRF-PA;DEL03-PA;UOP01-DEL03-PA
687825;28/04/2025;segunda-feira;09:45:00;ES;101;270,8;SERRA;Manobra de mudança de faixa;Colisão lateral mesmo sentido;Com Vítimas Feridas;Pleno dia;Crescente;Nublado;Múltipla;Curva;Sim;6;0;2;2;2;0;4;2;-20,232365;-40,2745916;SPRF-ES;DEL02-ES;UOP01-DEL02-ES
687828;28/04/2025;segunda-feira;08:55:00;ES;262;95;DOMINGOS MARTINS;Desrespeitar a preferência no cruzamento;Colisão transversal;Com Vítimas Feridas;Pleno dia;Decrescente;Céu Claro;Simples;Interseção de Vias;Sim;2;0;1;0;1;0;1;2;-20,364862;-41,062845;SPRF-ES;DEL01-ES;UOP02-DEL01-ES
687829;28/04/2025;segunda-feira;07:30:00;SC;101;105;PENHA;Acessar a via sem observar a presença dos outros veículos;Colisão lateral mesmo sentido;Sem Vítimas;Pleno dia;Crescente;Céu Claro;Dupla;Reta;Não;2;0;0;0;2;0;0;2;-26,80127789;-48,67851958;SPRF-SC;DEL03-SC;UOP02-DEL03-SC
687830;28/04/2025;segunda-feira;09:50:00;PR;469;14;FOZ DO IGUACU;Transitar no Acostamento;Colisão lateral mesmo sentido;Com Vítimas Feridas;Pleno dia;Crescente;Céu Claro;Simples;"Em Obras;Reta";Sim;2;0;1;0;1;0;1;2;-25,57963696;-54,53637958;SPRF-PR;DEL05-PR;UOP04-DEL05-PR
687831;23/04/2025;quarta-feira;18:35:00;AL;316;153;PALMEIRA DOS INDIOS;Acessar a via sem observar a presença dos outros veículos;Colisão transversal;Com Vítimas Feridas;Plena Noite;Crescente;Céu Claro;Simples;"Curva;Aclive";Sim;3;0;0;2;1;0;2;2;-9,43161;-36,644325;SPRF-AL;DEL03-AL;UOP01-DEL03-AL
687834;28/04/2025;segunda-feira;10:15:00;ES;101;14,9;SERRA;Demais falhas mecânicas ou elétricas;Tombamento;Com Vítimas Feridas;Pleno dia;Decrescente;Céu Claro;Dupla;Reta;Não;1;0;1;0;0;0;1;1;-20,18372;-40,339705;SPRF-ES;DEL02-ES;UOP01-DEL02-ES