id;data_inversa;dia_semana;horario;uf;br;km;municipio;causa_acidente;tipo_acidente;classificacao_acidente;fase_dia;sentido_via;condicao_metereologica;tipo_pista;tracado_via;uso_solo;pessoas;mortos;feridos_leves;feridos_graves;ilesos;ignorados;feridos;veiculos;latitude;longitude;regional;delegacia;uop
687836;24/02/2025;segunda-feira;06:05:00;RN;304;247;SANTA MARIA;Acessar a via sem observar a presença dos outros veículos;Colisão frontal;Com Vítimas Fatais;Pleno dia;Decrescente;Céu Claro;Simples;Reta;Não;6;1;0;0;5;0;0;2;-5,825832;-35,779687;SPRF-RN;DEL01-RN;UOP02-DEL01-RN
687837;28/04/2025;segunda-feira;10:11:00;PR;116;21,9;ANTONINA;Chuva;Colisão com objeto;Sem Vítimas;Pleno dia;Crescente;Chuva;Dupla;Curva;Não;2;0;0;0;2;0;0;1;-25,111157;-48,751183;SPRF-PR;DEL01-PR;UOP02-DEL01-PR
687840;28/04/2025;segunda-feira;11:51:00;DF;60;2,3;BRASILIA;Acesso irregular;Colisão traseira;Com Vítimas Feridas;Pleno dia;Crescente;Nublado;Dupla;Reta;Sim;2;0;0;1;1;0;1;2;-15,88831504;-48,08076382;SPRF-DF;DEL03-DF;UOP01-DEL03-DF
687841;28/04/2025;segunda-feira;11:15:00;BA;367;84;EUNAPOLIS;Acessar a via sem observar a presença dos outros veículos;Colisão transversal;Com Vítimas Feridas;Pleno dia;Decrescente;Céu Claro;Simples;Reta;Não;3;0;2;0;1;0;2;2;-16,3746719;-39,5786393;SPRF-BA;DEL09-BA;UOP03-DEL09-BA
687844;28/04/2025;segunda-feira;11:15:00;PR;116;13;CAMPINA GRANDE DO SUL;Ausência de reação do condutor;Saída de leito carroçável;Com Vítimas Feridas;Pleno dia;Crescente;Garoa/Chuvisco;Dupla;Curva;Não;1;0;1;0;0;0;1;1;-25,099642;-48,67475;SPRF-PR;DEL01-PR;UOP02-DEL01-PR
687845;28/04/2025;segunda-feira;12:00:00;SC;280;127,9;RIO NEGRINHO;Conversão proibida;Colisão traseira;Com Vítimas Feridas;Pleno dia;Decrescente;Céu Claro;Simples;"Declive;Reta";Sim;3;0;0;1;2;0;1;2;-26,24275;-49,5126;SPRF-SC;DEL06-SC;UOP03-DEL06-SC
687846;28/04/2025;segunda-feira;12:00:00;MG;381;484;BETIM;Condutor deixou de manter distância do veículo da frente;Engavetamento;Com Vítimas Feridas;Pleno dia;Decrescente;Céu Claro;Múltipla;Reta;Sim;7;0;1;0;5;1;1;4;-19,95779214;-44,0926095;SPRF-MG;DEL01-MG;UOP03-DEL01-MG
687847;28/04/2025;segunda-feira;10:15:00;AC;364;135;RIO BRANCO;Reação tardia ou ineficiente do condutor;Atropelamento de Pedestre;Com Vítimas Feridas;Pleno dia;Crescente;Sol;Dupla;Reta;Sim;4;0;1;0;3;0;1;4;-9,98434125;-67,84592986;SPRF-AC;DEL01-AC;UOP01-DEL01-AC
687848;28/04/2025;segunda-feira;08:30:00;RS;285;160;MUITOS CAPOES;Velocidade Incompatível;Saída de leito carroçável;Com Vítimas Feridas;Pleno dia;Crescente;Céu Claro;Simples;Curva;Não;1;0;1;0;0;0;1;1;-28,322878;-51,23436;SPRF-RS;DEL05-RS;UOP03-DEL05-RS
687849;28/04/2025;segunda-feira;12:10:00;PB;104;116,7;LAGOA SECA;Conversão proibida;Colisão traseira;Com Vítimas Feridas;Pleno dia;Decrescente;Sol;Simples;"Curva;Aclive";Não;2;0;1;0;1;0;1;2;-7,178455;-35,863953;SPRF-PB;DEL02-PB;UOP04-DEL02-PB
687851;28/04/2025;segunda-feira;10:00:00;RJ;116;289;BARRA MANSA;Ausência de reação do condutor;Saída de leito carroçável;Com Vítimas Feridas;Pleno dia;Crescente;Céu Claro;Dupla;"Aclive;Curva";Não;1;0;1;0;0;0;1;1;-22,48779226;-44,24590818;SPRF-RJ;DEL07-RJ;UOP02-DEL07-RJ
687853;28/04/2025;segunda-feira;12:50:00;SP;116;223;GUARULHOS;Manobra de mudança de faixa;Queda de ocupante de veículo;Com Vítimas Feridas;Pleno dia;Decrescente;Céu Claro;Múltipla;Reta;Sim;2;0;1;0;1;0;1;2;-23,48051252;-46,53205365;SPRF-SP;DEL01-SP;UOP01-DEL01-SP
687855;28/04/2025;segunda-feira;12:45:00;MG;381;439;SANTA LUZIA;Velocidade Incompatível;Capotamento;Com Vítimas Feridas;Pleno dia;Crescente;Chuva;Simples;Curva;Sim;1;0;1;0;0;0;1;1;-19,8190208;-43,8386481;SPRF-MG;DEL01-MG;UOP01-DEL01-MG
687856;28/04/2025;segunda-feira;13:30:00;SC;101;114;ITAJAI;Avarias e/ou desgaste excessivo no pneu;Tombamento;Com Vítimas Feridas;Pleno dia;Decrescente;Céu Claro;Múltipla;Curva;Sim;2;0;2;0;0;0;2;1;-26,86276199;-48,72786418;SPRF-SC;DEL04-SC;UOP04-DEL04-SC
687857;28/04/2025;segunda-feira;13:00:00;BA;324;512;FEIRA DE SANTANA;Acessar a via sem observar a presença dos outros veículos;Colisão traseira;Com Vítimas Feridas;Pleno dia;Decrescente;Céu Claro;Simples;Rotatória;Sim;2;0;1;0;1;0;1;2;-12,22995099;-38,96377063;SPRF-BA;DEL02-BA;UOP01-DEL02-BA
687862;28/04/2025;segunda-feira;13:40:00;MG;153;236;FRONTEIRA;Condutor Dormindo;Colisão traseira;Com Vítimas Feridas;Pleno dia;Crescente;Nublado;Simples;Reta;Não;2;0;1;0;1;0;1;2;-20,229976;-49,153172;SPRF-MG;DEL13-MG;UOP02-DEL13-MG
687866;28/04/2025;segunda-feira;12:50:00;GO;153;686;ITUMBIARA;Condutor usando celular;Colisão traseira;Sem Vítimas;Pleno dia;Crescente;Nublado;Dupla;Reta;Não;3;0;0;0;3;0;0;2;-18,26851;-49,246265;SPRF-GO;DEL03-GO;UOP02-DEL03-GO
687867;28/04/2025;segunda-feira;13:20:00;GO;20;43;FORMOSA;Acumulo de água sobre o pavimento;Colisão frontal;Com Vítimas Feridas;Pleno dia;Crescente;Chuva;Simples;"Curva;Declive";Não;6;0;5;0;1;0;5;2;-15,29652995;-47,1488602;SPRF-DF;DEL02-DF;UOP02-DEL02-DF
687868;28/04/2025;segunda-feira;14:15:00;MG;381;485,2;BETIM;Ausência de reação do condutor;Tombamento;Com Vítimas Feridas;Pleno dia;Decrescente;Céu Claro;Múltipla;"Reta;Declive";Sim;1;0;0;1;0;0;1;1;-19,9558034;-44,0992025;SPRF-MG;DEL01-MG;UOP03-DEL01-MG
687871;28/04/2025;segunda-feira;11:10:00;PR;153;387,8;MALLET;Falta de acostamento;Colisão traseira;Com Vítimas Feridas;Pleno dia;Crescente;Céu Claro;Simples;Reta;Não;3;0;1;0;2;0;1;2;-25,866859;-50,835003;SPRF-PR;DEL08-PR;UOP02-DEL08-PR
687876;28/04/2025;segunda-feira;13:20:00;SC;282;217,4;LAGES;Reação tardia ou ineficiente do condutor;Colisão traseira;Com Vítimas Feridas;Pleno dia;Crescente;Céu Claro;Simples;"Reta;Interseção de Vias";Sim;3;0;2;0;1;0;2;2;-27,797767;-50,301803;SPRF-SC;DEL05-SC;UOP01-DEL05-SC
687877;28/04/2025;segunda-feira;10:10:00;RS;0;0;SANTO CRISTO;Ausência de reação do condutor;Colisão traseira;Sem Vítimas;Pleno dia;Não Informado;Céu Claro;Simples;Reta;Sim;2;0;0;0;2;0;0;2;-27,822305;-54,659939;SPRF-RS;DEL10-RS;UOP01-DEL10-RS
687878;28/04/2025;segunda-feira;08:00:00;RJ;101;313;SAO GONCALO;Manobra de mudança de faixa;Colisão traseira;Com Vítimas Feridas;Pleno dia;Crescente;Céu Claro;Dupla;Reta;Não;2;0;1;0;1;0;1;2;-22,81131424;-43,06606293;SPRF-RJ;DEL02-RJ;UOP02-DEL02-RJ
687879;28/04/2025;segunda-feira;13:00:00;MS;463;56;PONTA PORA;Demais falhas mecânicas ou elétricas;Saída de leito carroçável;Com Vítimas Fatais;Pleno dia;Crescente;Céu Claro;Simples;Reta;Não;1;1;0;0;0;0;0;1;-22,35954189;-55,22670507;SPRF-MS;DEL04-MS;UOP03-DEL04-MS
687880;05/03/2025;quarta-feira;18:30:00;SP;116;228;SAO PAULO;Trafegar com motocicleta (ou similar) entre as faixas;Colisão lateral mesmo sentido;Com Vítimas Feridas;Anoitecer;Decrescente;Sol;Múltipla;Reta;Sim;2;0;1;0;1;0;1;2;-23,50379166;-46,5668055;SPRF-SP;DEL01-SP;UOP01-DEL01-SP
687881;28/04/2025;segunda-feira;15:16:00;RN;304;295;MACAIBA;Acesso irregular;Colisão transversal;Com Vítimas Feridas;Pleno dia;Decrescente;Céu Claro;Múltipla;"Reta;Em Obras";Sim;2;0;1;0;1;0;1;2;-5,865014;-35,3527068;SPRF-RN;DEL01-RN;UOP02-DEL01-RN
687890;28/04/2025;segunda-feira;17:10:00;PI;343;15;PARNAIBA;Condutor deixou de manter distância do veículo da frente;Colisão traseira;Com Vítimas Feridas;Pleno dia;Crescente;Sol;Dupla;Reta;Sim;3;0;2;0;1;0;2;3;-3,0981944;-41,7803072;SPRF-PI;DEL05-PI;UOP01-DEL05-PI
687891;28/04/2025;segunda-feira;17:00:00;SC;280;49,3;GUARAMIRIM;Ausência de reação do condutor;Colisão traseira;Com Vítimas Feridas;Pleno dia;Decrescente;Céu Claro;Dupla;"Reta;Aclive";Sim;2;0;1;0;1;0;1;2;-26,45935928;-48,9386615;SPRF-SC;DEL03-SC;UOP03-DEL03-SC
687895;28/04/2025;segunda-feira;17:35:00;SP;153;63,9;SAO JOSE DO RIO PRETO;Problema com o freio;Queda de ocupante de veículo;Com Vítimas Feridas;Pleno dia;Decrescente;Sol;Dupla;Interseção de Vias;Sim;1;0;1;0;0;0;1;1;-20,8537;-49,4107;SPRF-SP;DEL09-SP;UOP01-DEL09-SP
687896;28/04/2025;segunda-feira;17:00:00;PB;230;106;INGA;Mal súbito do condutor;Saída de leito carroçável;Com Vítimas Feridas;Anoitecer;Decrescente;Céu Claro;Dupla;Reta;Não;1;0;1;0;0;0;1;1;-7,202876;-35,5485144;SPRF-PB;DEL01-PB;UOP02-DEL01-PB
687897;28/04/2025;segunda-feira;17:15:00;MG;50;111,2;UBERABA;Ausência de reação do condutor;Saída de leito carroçável;Com Vítimas Feridas;Pleno dia;Decrescente;Céu Claro;Dupla;Reta;Não;2;0;2;0;0;0;2;1;-19,21597;-48,14691;SPRF-MG;DEL13-MG;UOP01-DEL13-MG
687898;28/04/2025;segunda-feira;17:20:00;RJ;116;66;TERESOPOLIS;Velocidade Incompatível;Queda de ocupante de veículo;Com Vítimas Feridas;Anoitecer;Decrescente;Céu Claro;Simples;Curva;Não;1;0;1;0;0;0;1;1;-22,281083;-42,929134;SPRF-RJ;DEL04-RJ;UOP01-DEL04-RJ
687899;28/04/2025;segunda-feira;17:45:00;RS;116;261;CANOAS;Manobra de mudança de faixa;Colisão lateral mesmo sentido;Com Vítimas Feridas;Anoitecer;Crescente;Céu Claro;Dupla;Reta;Sim;2;0;1;0;1;0;1;2;-29,889639;-51,17845774;SPRF-RS;DEL01-RS;UOP01-DEL01-RS
687900;28/04/2025;segunda-feira;16:10:00;RJ;495;30;PETROPOLIS;Acessar a via sem observar a presença dos outros veículos;Colisão traseira;Com Vítimas Feridas;Pleno dia;Crescente;Céu Claro;Simples;Reta;Sim;2;0;1;0;1;0;1;2;-22,2824867;-43,119287;SPRF-RJ;DEL05-RJ;UOP02-DEL05-RJ
687901;28/04/2025;segunda-feira;12:30:00;MG;40;198;JOAO PINHEIRO;Demais falhas mecânicas ou elétricas;Tombamento;Com Vítimas Feridas;Pleno dia;Decrescente;Nublado;Dupla;Curva;Não;1;0;1;0;0;0;1;1;-18,00337125;-45,83056748;SPRF-MG;DEL14-MG;UOP02-DEL14-MG
687902;28/04/2025;segunda-feira;17:20:00;SC;280;126,9;RIO NEGRINHO;Condutor deixou de manter distância do veículo da frente;Colisão traseira;Sem Vítimas;Anoitecer;Crescente;Céu Claro;Simples;Reta;Sim;2;0;0;0;2;0;0;2;-26,239287;-49,503402;SPRF-SC;DEL06-SC;UOP03-DEL06-SC
687903;28/04/2025;segunda-feira;17:10:00;PR;376;324,8;ORTIGUEIRA;Reação tardia ou ineficiente do condutor;Capotamento;Com Vítimas Feridas;Pleno dia;Decrescente;Céu Claro;Simples;Reta;Não;3;0;2;0;1;0;2;1;-24,05301852;-51,06668472;SPRF-PR;DEL07-PR;UOP02-DEL07-PR
687905;28/04/2025;segunda-feira;16:30:00;MT;163;827;SINOP;Manobra de mudança de faixa;Queda de ocupante de veículo;Com Vítimas Feridas;Pleno dia;Decrescente;Céu Claro;Simples;"Em Obras;Reta";Sim;1;0;1;0;0;0;1;1;-11,93176;-55,51332;SPRF-MT;DEL06-MT;UOP02-DEL06-MT
687906;28/04/2025;segunda-feira;18:05:00;SP;116;147;SAO JOSE DOS CAMPOS;Reação tardia ou ineficiente do condutor;Colisão lateral mesmo sentido;Com Vítimas Feridas;Plena Noite;Decrescente;Céu Claro;Múltipla;Reta;Sim;2;0;1;0;1;0;1;2;-23,19648376;-45,87317705;SPRF-SP;DEL02-SP;UOP01-DEL02-SP
687908;07/03/2025;sexta-feira;21:00:00;RJ;101;0;ITABORAI;Acessar a via sem observar a presença dos outros veículos;Colisão lateral mesmo sentido;Com Vítimas Feridas;Plena Noite;Crescente;Céu Claro;Simples;Curva;Sim;2;0;0;1;1;0;1;2;-22,76771899;-42,92269575;SPRF-RJ;DEL08-RJ;UOP01-DEL08-RJ
687909;28/04/2025;segunda-feira;18:20:00;PE;101;80;RECIFE;Ausência de reação do condutor;Colisão traseira;Sem Vítimas;Plena Noite;Crescente;Céu Claro;Dupla;Curva;Sim;2;0;0;0;2;0;0;2;-8,15700879;-34,94117824;SPRF-PE;DEL01-PE;UOP01-DEL01-PE
687910;28/04/2025;segunda-feira;18:37:00;GO;40;3;VALPARAISO DE GOIAS;Acesso irregular;Atropelamento de Pedestre;Com Vítimas Feridas;Plena Noite;Decrescente;Céu Claro;Dupla;Reta;Sim;2;0;1;0;1;0;1;2;-16,07752711;-47,98609257;SPRF-DF;DEL01-DF;UOP01-DEL01-DF
687911;28/04/2025;segunda-feira;17:40:00;PR;476;141;CURITIBA;Manobra de mudança de faixa;Colisão traseira;Sem Vítimas;Anoitecer;Crescente;Nublado;Simples;Reta;Sim;5;0;0;0;4;1;0;2;-25,532992;-49,300502;SPRF-PR;DEL01-PR;UOP03-DEL01-PR
687912;28/04/2025;segunda-feira;17:30:00;CE;116;35,2;AQUIRAZ;Acesso irregular;Colisão transversal;Com Vítimas Fatais;Anoitecer;Crescente;Céu Claro;Dupla;Reta;Sim;2;1;0;1;0;0;1;2;-4,059799;-38,504324;SPRF-CE;DEL01-CE;UOP02-DEL01-CE
687913;28/04/2025;segunda-feira;17:30:00;PI;343;28;PARNAIBA;Ausência de reação do condutor;Colisão traseira;Sem Vítimas;Plena Noite;Crescente;Céu Claro;Simples;"Reta;Declive";Não;2;0;0;0;2;0;0;2;-3,06749565;-41,77830219;SPRF-PI;DEL05-PI;UOP01-DEL05-PI
687914;28/04/2025;segunda-feira;18:30:00;CE;116;8;FORTALEZA;Manobra de mudança de faixa;Colisão lateral mesmo sentido;Com Vítimas Feridas;Plena Noite;Decrescente;Céu Claro;Dupla;Reta;Sim;3;0;2;0;1;0;2;2;-3,82274173;-38,50328863;SPRF-CE;DEL01-CE;UOP02-DEL01-CE
687915;28/04/2025;segunda-feira;18:55:00;SP;116;166;JACAREI;Ausência de reação do condutor;Colisão lateral mesmo sentido;Com Vítimas Feridas;Plena Noite;Crescente;Chuva;Dupla;Curva;Sim;2;0;2;0;0;0;2;2;-23,29965892;-46,01391105;SPRF-SP;DEL02-SP;UOP01-DEL02-SP
687916;28/04/2025;segunda-feira;18:00:00;PE;407;126;PETROLINA;Condutor deixou de manter distância do veículo da frente;Colisão traseira;Com Vítimas Feridas;Plena Noite;Crescente;Céu Claro;Dupla;Reta;Sim;2;0;1;0;1;0;1;2;-9,385475;-40,527733;SPRF-PE;DEL06-PE;UOP01-DEL06-PE
687917;28/04/2025;segunda-feira;18:41:00;RN;101;94;NATAL;Ausência de reação do condutor;Colisão traseira;Com Vítimas Feridas;Plena Noite;Decrescente;Céu Claro;Dupla;Reta;Sim;2;0;0;1;1;0;1;2;-5,83629086;-35,21169361;SPRF-RN;DEL01-RN;UOP01-DEL01-RN
687918;28/04/2025;segunda-feira;18:35:00;MG;40;513;RIBEIRAO DAS NEVES;Transitar no Acostamento;Saída de leito carroçável;Com Vítimas Feridas;Pleno dia;Crescente;Céu Claro;Dupla;Curva;Sim;3;0;2;0;1;0;2;2;-19,797235;-44,108169;SPRF-MG;DEL01-MG;UOP02-DEL01-MG
687919;28/04/2025;segunda-feira;19:30:00;RN;406;149;CEARA-MIRIM;Acessar a via sem observar a presença dos outros veículos;Colisão transversal;Com Vítimas Feridas;Plena Noite;Crescente;Céu Claro;Simples;Reta;Não;2;0;1;0;1;0;1;2;-5,6482122;-35,4433587;SPRF-RN;DEL02-RN;UOP01-DEL02-RN
687923;28/04/2025;segunda-feira;19:40:00;SC;470;120,1;IBIRAMA;Reação tardia ou ineficiente do condutor;Colisão traseira;Com Vítimas Feridas;Plena Noite;Crescente;Céu Claro;Múltipla;"Curva;Aclive";Não;2;0;1;0;0;1;1;2;-27,09231;-49,52177;SPRF-SC;DEL04-SC;UOP02-DEL04-SC
687926;28/04/2025;segunda-feira;18:15:00;RJ;465;2;SEROPEDICA;Reação tardia ou ineficiente do condutor;Colisão traseira;Com Vítimas Feridas;Plena Noite;Decrescente;Chuva;Simples;Reta;Não;2;0;1;0;1;0;1;2;-22,7433254;-43,70330215;SPRF-RJ;DEL06-RJ;UOP02-DEL06-RJ
687927;28/04/2025;segunda-feira;18:10:00;MT;70;498;CUIABA;Ultrapassagem Indevida;Colisão frontal;Com Vítimas Feridas;Anoitecer;Crescente;Céu Claro;Simples;Reta;Não;3;0;2;0;0;1;2;2;-15,668042;-56,00914;SPRF-MT;DEL01-MT;UOP02-DEL01-MT
687928;28/04/2025;segunda-feira;19:15:00;GO;60;378;RIO VERDE;Trafegar com motocicleta (ou similar) entre as faixas;Colisão traseira;Com Vítimas Feridas;Plena Noite;Decrescente;Céu Claro;Dupla;"Reta;Retorno Regulamentado";Não;3;0;1;0;2;0;1;3;-17,77696273;-50,89068035;SPRF-GO;DEL04-GO;UOP02-DEL04-GO
687929;28/04/2025;segunda-feira;17:30:00;PR;277;702;SAO MIGUEL DO IGUACU;Condutor Dormindo;Saída de leito carroçável;Com Vítimas Feridas;Pleno dia;Crescente;Sol;Dupla;Reta;Não;1;0;0;1;0;0;1;1;-25,41371915;-54,34150561;SPRF-PR;DEL05-PR;UOP01-DEL05-PR
687931;28/04/2025;segunda-feira;19:50:00;GO;40;5,5;VALPARAISO DE GOIAS;Velocidade Incompatível;Colisão traseira;Com Vítimas Feridas;Plena Noite;Crescente;Céu Claro;Dupla;Reta;Sim;2;0;0;1;1;0;1;2;-16,08759293;-47,98596025;SPRF-DF;DEL01-DF;UOP01-DEL01-DF
687934;28/04/2025;segunda-feira;18:20:00;RJ;116;79;TERESOPOLIS;Pedestre andava na pista;Atropelamento de Pedestre;Com Vítimas Feridas;Plena Noite;Crescente;Nublado;Simples;Reta;Não;2;0;0;2;0;0;2;2;-22,3833576;-42,95488922;SPRF-RJ;DEL04-RJ;UOP01-DEL04-RJ
687936;28/04/2025;segunda-feira;18:50:00;SP;116;84,5;PINDAMONHANGABA;Ausência de reação do condutor;Saída de leito carroçável;Com Vítimas Feridas;Plena Noite;Crescente;Nublado;Múltipla;Reta;Sim;1;0;1;0;0;0;1;1;-22,919623;-45,340087;SPRF-SP;DEL08-SP;UOP01-DEL08-SP
687937;28/04/2025;segunda-feira;20:30:00;MG;116;604;MANHUACU;Reação tardia ou ineficiente do condutor;Queda de ocupante de veículo;Com Vítimas Feridas;Plena Noite;Crescente;Nublado;Simples;Reta;Não;1;0;1;0;0;0;1;1;-20,2517417;-42,1473806;SPRF-MG;DEL06-MG;UOP03-DEL06-MG
687938;28/04/2025;segunda-feira;20:40:00;BA;324;513;FEIRA DE SANTANA;Condutor deixou de manter distância do veículo da frente;Colisão traseira;Com Vítimas Feridas;Plena Noite;Decrescente;Nublado;Simples;Reta;Sim;2;0;1;0;0;1;1;2;-12,2324961;-38,95071047;SPRF-BA;DEL02-BA;UOP01-DEL02-BA
687939;28/04/2025;segunda-feira;21:50:00;SP;116;208;GUARULHOS;Reação tardia ou ineficiente do condutor;Tombamento;Com Vítimas Feridas;Plena Noite;Decrescente;Garoa/Chuvisco;Dupla;"Interseção de Vias;Reta";Sim;1;0;1;0;0;0;1;1;-23,42312962;-46,39624214;SPRF-SP;DEL01-SP;UOP01-DEL01-SP
687940;28/04/2025;segunda-feira;16:40:00;MT;174;105;CACERES;Ultrapassagem Indevida;Colisão frontal;Com Vítimas Feridas;Pleno dia;Decrescente;Céu Claro;Simples;Reta;Não;2;0;0;1;1;0;1;2;-16,00720589;-57,74345398;SPRF-MT;DEL03-MT;UOP01-DEL03-MT
687942;28/04/2025;segunda-feira;20:40:00;SP;116;52;LORENA;Reação tardia ou ineficiente do condutor;Tombamento;Com Vítimas Feridas;Plena Noite;Crescente;Nublado;Dupla;Reta;Não;1;0;0;1;0;0;1;1;-22,74371232;-45,09540953;SPRF-SP;DEL08-SP;UOP02-DEL08-SP
687943;28/04/2025;segunda-feira;20:20:00;RJ;116;282;BARRA MANSA;Ausência de reação do condutor;Colisão transversal;Com Vítimas Feridas;Plena Noite;Decrescente;Chuva;Dupla;Reta;Não;3;0;3;0;0;0;3;2;-22,52231377;-44,20294253;SPRF-RJ;DEL07-RJ;UOP02-DEL07-RJ
687944;28/04/2025;segunda-feira;12:50:00;RJ;465;6;SEROPEDICA;Pedestre cruzava a pista fora da faixa;Atropelamento de Pedestre;Com Vítimas Feridas;Pleno dia;Decrescente;Chuva;Dupla;Reta;Sim;2;0;1;0;1;0;1;2;-22,7147776;-43,7223424;SPRF-RJ;DEL06-RJ;UOP02-DEL06-RJ
687945;28/04/2025;segunda-feira;21:50:00;BA;324;514;FEIRA DE SANTANA;Retorno proibido;Colisão frontal;Com Vítimas Feridas;Plena Noite;Crescente;Nublado;Simples;"Interseção de Vias;Reta";Sim;2;0;1;0;1;0;1;2;-12,23439392;-38,94580739;SPRF-BA;DEL02-BA;UOP01-DEL02-BA
687948;28/04/2025;segunda-feira;18:50:00;MG;381;225,5;BELO ORIENTE;Condutor deixou de manter distância do veículo da frente;Colisão traseira;Com Vítimas Feridas;Plena Noite;Decrescente;Chuva;Simples;Reta;Não;4;0;2;0;2;0;2;2;-19,30064952;-42,3780039;SPRF-MG;DEL06-MG;UOP01-DEL06-MG
687952;28/04/2025;segunda-feira;21:55:00;RJ;40;107;DUQUE DE CAXIAS;Chuva;Colisão frontal;Com Vítimas Feridas;Plena Noite;Decrescente;Chuva;Dupla;Reta;Sim;2;0;2;0;0;0;2;2;-22,6637594;-43,2845311;SPRF-RJ;DEL01-RJ;UOP02-DEL01-RJ
687953;28/04/2025;segunda-feira;19:35:00;PE;232;151,1;SAO CAITANO;Transitar na contramão;Colisão frontal;Com Vítimas Feridas;Plena Noite;Decrescente;Céu Claro;Simples;Reta;Não;3;0;1;1;0;1;2;2;-8,326554;-36,171907;SPRF-PE;DEL03-PE;UOP02-DEL03-PE
687954;28/04/2025;segunda-feira;16:50:00;RS;116;241;NOVO HAMBURGO;Suicídio (presumido);Colisão com objeto;Sem Vítimas;Pleno dia;Decrescente;Céu Claro;Múltipla;"Interseção de Vias;Reta;Viaduto";Sim;2;0;0;0;1;1;0;2;-29,71294547;-51,14745892;SPRF-RS;DEL01-RS;UOP02-DEL01-RS
687955;28/04/2025;segunda-feira;17:00:00;RJ;465;21;SEROPEDICA;Retorno proibido;Colisão transversal;Com Vítimas Feridas;Anoitecer;Crescente;Céu Claro;Simples;Reta;Sim;3;0;1;0;2;0;1;2;-22,7168361;-43,7151431;SPRF-RJ;DEL06-RJ;UOP02-DEL06-RJ
687956;28/04/2025;segunda-feira;15:45:00;MG;116;633,8;DIVINO;Chuva;Tombamento;Com Vítimas Feridas;Pleno dia;Crescente;Chuva;Simples;Curva;Não;1;0;1;0;0;0;1;1;-20,61675474;-42,22442463;SPRF-MG;DEL07-MG;UOP02-DEL07-MG
687960;28/04/2025;segunda-feira;23:00:00;RJ;101;386;RIO DE JANEIRO;Demais falhas mecânicas ou elétricas;Colisão traseira;Com Vítimas Feridas;Plena Noite;Decrescente;Garoa/Chuvisco;Dupla;Reta;Sim;2;0;1;0;1;0;1;2;-22,886147;-43,650042;SPRF-RJ;DEL03-RJ;UOP01-DEL03-RJ
687964;28/04/2025;segunda-feira;22:15:00;MS;163;593,8;SAO GABRIEL DO OESTE;Ausência de reação do condutor;Saída de leito carroçável;Com Vítimas Feridas;Plena Noite;Crescente;Céu Claro;Dupla;"Reta;Aclive";Não;1;0;1;0;0;0;1;1;-19,54126;-54,442831;SPRF-MS;DEL06-MS;UOP02-DEL06-MS
687966;29/04/2025;terça-feira;01:45:00;PB;101;87;JOAO PESSOA;Acessar a via sem observar a presença dos outros veículos;Colisão lateral mesmo sentido;Com Vítimas Feridas;Plena Noite;Crescente;Céu Claro;Dupla;"Reta;Interseção de Vias";Sim;5;0;1;0;4;0;1;2;-7,15828572;-34,90650326;SPRF-PB;DEL01-PB;UOP01-DEL01-PB
687968;29/04/2025;terça-feira;02:15:00;SP;116;64,9;GUARATINGUETA;Reação tardia ou ineficiente do condutor;Queda de ocupante de veículo;Com Vítimas Feridas;Plena Noite;Crescente;Céu Claro;Dupla;Reta;Não;1;0;1;0;0;0;1;1;-22,822865;-45,191435;SPRF-SP;DEL08-SP;UOP01-DEL08-SP
687971;29/04/2025;terça-feira;04:15:00;PE;101;46,8;IGARASSU;Condutor Dormindo;Colisão traseira;Com Vítimas Feridas;Amanhecer;Decrescente;Céu Claro;Múltipla;Reta;Sim;2;0;1;0;1;0;1;2;-7,88079003;-34,90494847;SPRF-PE;DEL01-PE;UOP02-DEL01-PE
687972;29/04/2025;terça-feira;05:10:00;RJ;40;104;DUQUE DE CAXIAS;Acessar a via sem observar a presença dos outros veículos;Atropelamento de Pedestre;Com Vítimas Feridas;Plena Noite;Decrescente;Céu Claro;Simples;Curva;Não;2;0;0;1;0;1;1;2;-22,63314895;-43,28573585;SPRF-RJ;DEL01-RJ;UOP02-DEL01-RJ
687974;29/04/2025;terça-feira;05:43:00;PE;101;50;ABREU E LIMA;Trafegar com motocicleta (ou similar) entre as faixas;Colisão lateral mesmo sentido;Com Vítimas Feridas;Pleno dia;Crescente;Céu Claro;Dupla;Interseção de Vias;Sim;2;0;1;0;1;0;1;2;-7,91698;-34,89685;SPRF-PE;DEL01-PE;UOP02-DEL01-PE
687976;29/04/2025;terça-feira;05:30:00;DF;60;26,6;BRASILIA;Neblina;Saída de leito carroçável;Com Vítimas Feridas;Amanhecer;Crescente;Nevoeiro/Neblina;Dupla;Curva;Não;1;0;1;0;0;0;1;1;-16,009559;-48,246744;SPRF-DF;DEL03-DF;UOP01-DEL03-DF
687984;29/04/2025;terça-feira;06:30:00;MG;381;484;BETIM;Ausência de reação do condutor;Colisão traseira;Com Vítimas Feridas;Pleno dia;Decrescente;Nublado;Dupla;Reta;Sim;2;0;0;1;1;0;1;2;-19,95777356;-44,09269301;SPRF-MG;DEL01-MG;UOP03-DEL01-MG
687985;29/04/2025;terça-feira;06:00:00;SC;101;278,1;IMBITUBA;Transitar na contramão;Colisão frontal;Com Vítimas Feridas;Amanhecer;Crescente;Céu Claro;Simples;Reta;Não;2;0;1;1;0;0;2;2;-28,177058;-48,695583;SPRF-SC;DEL02-SC;UOP03-DEL02-SC