id;data_inversa;dia_semana;horario;uf;br;km;municipio;causa_acidente;tipo_acidente;classificacao_acidente;fase_dia;sentido_via;condicao_metereologica;tipo_pista;tracado_via;uso_solo;pessoas;mortos;feridos_leves;feridos_graves;ilesos;ignorados;feridos;veiculos;latitude;longitude;regional;delegacia;uop
688117;29/04/2025;terça-feira;17:50:00;BA;110;200;CIPO;Transitar na contramão;Colisão frontal;Com Vítimas Feridas;Anoitecer;Crescente;Céu Claro;Simples;Reta;Não;2;0;1;1;0;0;2;2;-11,06685;-38,5115;SPRF-BA;DEL07-BA;UOP02-DEL07-BA
688119;29/04/2025;terça-feira;18:45:00;PE;423;96;GARANHUNS;Conversão proibida;Colisão transversal;Com Vítimas Feridas;Plena Noite;Crescente;Céu Claro;Simples;Reta;Não;3;0;0;2;0;1;2;2;-8,88103764;-36,48732215;SPRF-PE;DEL03-PE;UOP01-DEL03-PE
688121;29/04/2025;terça-feira;18:00:00;MG;40;274;TRES MARIAS;Condutor deixou de manter distância do veículo da frente;Colisão traseira;Com Vítimas Feridas;Anoitecer;Crescente;Céu Claro;Simples;Reta;Sim;2;0;1;0;1;0;1;2;-18,2052867;-45,2274939;SPRF-MG;DEL14-MG;UOP02-DEL14-MG
688122;29/04/2025;terça-feira;18:10:00;PB;230;471,7;SOUSA;Ausência de reação do condutor;Colisão traseira;Com Vítimas Feridas;Plena Noite;Decrescente;Céu Claro;Simples;Reta;Não;2;0;0;1;1;0;1;2;-6,80766;-38,307148;SPRF-PB;DEL03-PB;UOP03-DEL03-PB
688123;29/04/2025;terça-feira;20:10:00;SC;101;320,9;PESCARIA BRAVA;Avarias e/ou desgaste excessivo no pneu;Tombamento;Com Vítimas Feridas;Plena Noite;Crescente;Céu Claro;Dupla;Reta;Sim;2;0;2;0;0;0;2;1;-28,42594538;-48,90590636;SPRF-SC;DEL02-SC;UOP01-DEL02-SC
688124;29/04/2025;terça-feira;20:00:00;SC;280;80,9;CORUPA;Acessar a via sem observar a presença dos outros veículos;Colisão transversal;Com Vítimas Feridas;Plena Noite;Decrescente;Céu Claro;Simples;Reta;Sim;3;0;3;0;0;0;3;2;-26,43917;-49,2301;SPRF-SC;DEL06-SC;UOP03-DEL06-SC
688125;08/03/2025;sábado;04:16:00;SC;282;475,9;VARGEAO;Ingestão de álcool pelo condutor;Colisão com objeto;Com Vítimas Feridas;Plena Noite;Crescente;Céu Claro;Simples;Rotatória;Não;1;0;1;0;0;0;1;1;-26,87336265;-52,15360522;SPRF-SC;DEL07-SC;UOP01-DEL07-SC
688127;06/04/2025;domingo;16:00:00;RN;101;94;NATAL;Velocidade Incompatível;Queda de ocupante de veículo;Com Vítimas Feridas;Pleno dia;Decrescente;Céu Claro;Dupla;Reta;Sim;1;0;0;1;0;0;1;1;-5,83091276;-35,21162029;SPRF-RN;DEL01-RN;UOP01-DEL01-RN
688128;29/04/2025;terça-feira;20:30:00;BA;110;11,4;PAULO AFONSO;Animais na Pista;Atropelamento de Animal;Com Vítimas Feridas;Plena Noite;Decrescente;Céu Claro;Simples;Reta;Não;2;0;0;2;0;0;2;1;-9,461359;-38,2033179;SPRF-BA;DEL07-BA;UOP01-DEL07-BA
688130;29/04/2025;terça-feira;17:20:00;RO;364;424;JARU;Ausência de reação do condutor;Atropelamento de Pedestre;Com Vítimas Feridas;Pleno dia;Crescente;Céu Claro;Dupla;"Reta;Interseção de Vias";Sim;2;0;2;0;0;0;2;2;-10,43975376;-62,46903118;SPRF-RO;DEL03-RO;UOP02-DEL03-RO
688131;29/04/2025;terça-feira;21:20:00;RN;406;150;CEARA-MIRIM;Ingestão de álcool pelo condutor;Colisão transversal;Com Vítimas Feridas;Plena Noite;Crescente;Céu Claro;Simples;Reta;Sim;2;0;1;1;0;0;2;2;-5,650103;-35,429555;SPRF-RN;DEL02-RN;UOP01-DEL02-RN
688132;29/04/2025;terça-feira;21:15:00;MG;381;478,4;CONTAGEM;Ausência de reação do condutor;Colisão traseira;Com Vítimas Feridas;Plena Noite;Decrescente;Céu Claro;Dupla;"Declive;Reta";Não;2;0;1;0;1;0;1;2;-19,96087499;-44,0364325;SPRF-MG;DEL01-MG;UOP03-DEL01-MG
688133;29/04/2025;terça-feira;21:00:00;BA;110;208;CIPO;Reação tardia ou ineficiente do condutor;Colisão traseira;Com Vítimas Feridas;Plena Noite;Crescente;Céu Claro;Simples;Reta;Não;5;0;3;0;0;2;3;2;-11,13036;-38,51657;SPRF-BA;DEL07-BA;UOP02-DEL07-BA
688134;29/04/2025;terça-feira;21:00:00;RJ;116;136;MAGE;Ausência de reação do condutor;Colisão traseira;Com Vítimas Feridas;Plena Noite;Crescente;Nublado;Dupla;Interseção de Vias;Não;2;0;1;0;0;1;1;2;-22,64829226;-43,20214145;SPRF-RJ;DEL04-RJ;UOP02-DEL04-RJ
688136;29/04/2025;terça-feira;22:15:00;GO;80;25;PADRE BERNARDO;Reação tardia ou ineficiente do condutor;Saída de leito carroçável;Com Vítimas Feridas;Plena Noite;Decrescente;Céu Claro;Dupla;"Reta;Declive";Sim;1;0;1;0;0;0;1;1;-15,61791865;-48,1987795;SPRF-DF;DEL03-DF;UOP02-DEL03-DF
688137;29/04/2025;terça-feira;19:30:00;BA;30;844;UBAITABA;Ingestão de álcool pelo condutor;Colisão frontal;Com Vítimas Feridas;Plena Noite;Crescente;Céu Claro;Simples;Reta;Sim;2;0;1;1;0;0;2;2;-14,31046634;-39,29112635;SPRF-BA;DEL05-BA;UOP01-DEL05-BA
688138;29/04/2025;terça-feira;22:10:00;BA;101;718,3;EUNAPOLIS;Desrespeitar a preferência no cruzamento;Colisão transversal;Com Vítimas Feridas;Plena Noite;Crescente;Céu Claro;Simples;"Reta;Interseção de Vias";Sim;2;0;1;0;1;0;1;2;-16,375267;-39,581027;SPRF-BA;DEL09-BA;UOP01-DEL09-BA
688139;27/04/2025;domingo;19:45:00;BA;101;808;ITAMARAJU;Acessar a via sem observar a presença dos outros veículos;Atropelamento de Pedestre;Com Vítimas Feridas;Plena Noite;Decrescente;Céu Claro;Simples;Reta;Sim;3;0;2;0;1;0;2;2;-17,08042224;-39,56801927;SPRF-BA;DEL09-BA;UOP01-DEL09-BA
688142;29/04/2025;terça-feira;21:30:00;RJ;393;168;TRES RIOS;Acesso irregular;Colisão transversal;Com Vítimas Feridas;Plena Noite;Crescente;Céu Claro;Simples;Reta;Não;2;0;1;0;1;0;1;2;-22,12144892;-43,16457081;SPRF-RJ;DEL05-RJ;UOP01-DEL05-RJ
688143;29/04/2025;terça-feira;22:40:00;BA;101;709,5;EUNAPOLIS;Pedestre andava na pista;Atropelamento de Pedestre;Com Vítimas Fatais;Plena Noite;Crescente;Céu Claro;Simples;"Reta;Interseção de Vias";Não;3;1;1;0;0;1;1;3;-16,31669;-39,59744;SPRF-BA;DEL09-BA;UOP01-DEL09-BA
688145;29/04/2025;terça-feira;20:20:00;PR;277;120;CAMPO LARGO;Ingestão de álcool pelo condutor;Colisão com objeto;Sem Vítimas;Plena Noite;Crescente;Céu Claro;Dupla;Reta;Não;2;0;0;0;2;0;0;1;-25,44734361;-49,4799757;SPRF-PR;DEL03-PR;UOP03-DEL03-PR
688146;29/04/2025;terça-feira;19:35:00;MG;381;357;JOAO MONLEVADE;Conversão proibida;Colisão transversal;Com Vítimas Feridas;Plena Noite;Crescente;Chuva;Simples;"Reta;Interseção de Vias";Sim;2;0;0;1;1;0;1;2;-19,84189182;-43,17439628;SPRF-MG;DEL03-MG;UOP01-DEL03-MG
688147;29/04/2025;terça-feira;23:30:00;MG;381;496;BETIM;Animais na Pista;Atropelamento de Animal;Com Vítimas Feridas;Plena Noite;Crescente;Céu Claro;Dupla;Reta;Sim;1;0;1;0;0;0;1;1;-19,9753916;-44,19513988;SPRF-MG;DEL01-MG;UOP03-DEL01-MG
688148;29/04/2025;terça-feira;21:30:00;RJ;116;271;BARRA MANSA;Demais falhas mecânicas ou elétricas;Incêndio;Sem Vítimas;Plena Noite;Decrescente;Céu Claro;Simples;Curva;Sim;1;0;0;0;1;0;0;1;-22,54255216;-44,19081187;SPRF-RJ;DEL07-RJ;UOP02-DEL07-RJ
688150;29/04/2025;terça-feira;21:30:00;MT;163;837;SINOP;Reação tardia ou ineficiente do condutor;Colisão com objeto;Sem Vítimas;Plena Noite;Decrescente;Céu Claro;Dupla;"Reta;Em Obras";Sim;1;0;0;0;1;0;0;1;-11,85013591;-55,492371;SPRF-MT;DEL06-MT;UOP02-DEL06-MT
688151;29/04/2025;terça-feira;21:30:00;MT;364;269,5;JACIARA;Reação tardia ou ineficiente do condutor;Colisão com objeto;Com Vítimas Feridas;Plena Noite;Decrescente;Céu Claro;Simples;Curva;Sim;1;0;0;1;0;0;1;1;-15,97303135;-54,94051874;SPRF-MT;DEL02-MT;UOP01-DEL02-MT
688152;30/04/2025;quarta-feira;00:25:00;PR;277;63;SAO JOSE DOS PINHAIS;Ausência de reação do condutor;Saída de leito carroçável;Sem Vítimas;Plena Noite;Crescente;Nublado;Dupla;Reta;Não;1;0;0;0;0;1;0;1;-25,51449129;-49,12142873;SPRF-PR;DEL01-PR;UOP01-DEL01-PR
688153;30/04/2025;quarta-feira;00:35:00;SC;280;31;ARAQUARI;Ultrapassagem Indevida;Colisão lateral mesmo sentido;Com Vítimas Feridas;Plena Noite;Crescente;Céu Claro;Simples;Reta;Sim;3;0;2;0;1;0;2;2;-26,41652;-48,77159;SPRF-SC;DEL03-SC;UOP03-DEL03-SC
688155;30/04/2025;quarta-feira;00:20:00;RJ;116;264;VOLTA REDONDA;Demais falhas mecânicas ou elétricas;Incêndio;Sem Vítimas;Plena Noite;Decrescente;Nublado;Dupla;Reta;Não;1;0;0;0;1;0;0;1;-22,58970833;-44,082205;SPRF-RJ;DEL07-RJ;UOP02-DEL07-RJ
688157;30/04/2025;quarta-feira;01:15:00;PR;277;78;CURITIBA;Reação tardia ou ineficiente do condutor;Colisão traseira;Com Vítimas Fatais;Plena Noite;Crescente;Nublado;Dupla;"Reta;Aclive";Sim;2;1;0;0;1;0;0;2;-25,48357102;-49,1916275;SPRF-PR;DEL01-PR;UOP07-DEL01-PR
688159;30/04/2025;quarta-feira;02:15:00;RJ;40;95;PETROPOLIS;Condutor Dormindo;Capotamento;Com Vítimas Feridas;Plena Noite;Crescente;Garoa/Chuvisco;Dupla;Curva;Não;3;0;2;0;1;0;2;1;-22,5487195;-43,227351;SPRF-RJ;DEL01-RJ;UOP01-DEL01-RJ
688161;29/04/2025;terça-feira;23:20:00;RJ;101;294;ITABORAI;Ausência de reação do condutor;Colisão traseira;Com Vítimas Feridas;Plena Noite;Decrescente;Céu Claro;Dupla;Reta;Sim;3;0;2;0;0;1;2;2;-22,76481124;-42,9037571;SPRF-RJ;DEL02-RJ;UOP02-DEL02-RJ
688166;30/04/2025;quarta-feira;05:40:00;RJ;101;61;CAMPOS DOS GOYTACAZES;Condutor desrespeitou a iluminação vermelha do semáforo;Colisão transversal;Com Vítimas Feridas;Amanhecer;Crescente;Nublado;Simples;"Reta;Interseção de Vias";Sim;2;0;1;0;1;0;1;2;-21,727763;-41,322022;SPRF-RJ;DEL08-RJ;UOP01-DEL08-RJ
688168;30/04/2025;quarta-feira;04:25:00;RS;386;58,3;SEBERI;Animais na Pista;Saída de leito carroçável;Com Vítimas Feridas;Plena Noite;Decrescente;Céu Claro;Simples;Reta;Não;1;0;1;0;0;0;1;1;-27,52063779;-53,37680563;SPRF-RS;DEL08-RS;UOP02-DEL08-RS
688169;30/04/2025;quarta-feira;05:00:00;BA;324;570;SAO SEBASTIAO DO PASSE;Reação tardia ou ineficiente do condutor;Capotamento;Com Vítimas Fatais;Amanhecer;Crescente;Nublado;Dupla;Reta;Não;1;1;0;0;0;0;0;1;-12,555638;-38,568583;SPRF-BA;DEL01-BA;UOP01-DEL01-BA
688171;30/04/2025;quarta-feira;05:30:00;MS;163;258,7;DOURADOS;Demais falhas mecânicas ou elétricas;Colisão com objeto;Com Vítimas Feridas;Pleno dia;Crescente;Céu Claro;Dupla;Reta;Sim;2;0;1;0;1;0;1;1;-22,2547;-54,7781;SPRF-MS;DEL04-MS;UOP01-DEL04-MS
688173;30/04/2025;quarta-feira;05:00:00;MT;364;208;RONDONOPOLIS;Pedestre andava na pista;Atropelamento de Pedestre;Com Vítimas Fatais;Plena Noite;Crescente;Nevoeiro/Neblina;Dupla;Reta;Não;2;1;0;0;1;0;0;2;-16,43567356;-54,68351483;SPRF-MT;DEL02-MT;UOP01-DEL02-MT
688174;30/04/2025;quarta-feira;07:53:00;RJ;101;265;RIO BONITO;Ultrapassagem Indevida;Colisão lateral mesmo sentido;Com Vítimas Feridas;Pleno dia;Crescente;Céu Claro;Dupla;"Retorno Regulamentado;Rotatória";Não;2;0;1;0;1;0;1;2;-22,709246;-42,648263;SPRF-RJ;DEL02-RJ;UOP03-DEL02-RJ
688175;30/04/2025;quarta-feira;07:05:00;SC;470;66,2;INDAIAL;Ausência de reação do condutor;Colisão frontal;Com Vítimas Feridas;Pleno dia;Crescente;Céu Claro;Simples;"Reta;Em Obras";Não;4;0;2;1;1;0;3;2;-26,87032969;-49,22652841;SPRF-SC;DEL04-SC;UOP01-DEL04-SC
688176;30/04/2025;quarta-feira;07:46:00;DF;60;0,5;BRASILIA;Manobra de mudança de faixa;Colisão traseira;Com Vítimas Feridas;Pleno dia;Decrescente;Céu Claro;Dupla;Reta;Sim;2;0;1;0;1;0;1;2;-15,88379;-48,064863;SPRF-DF;DEL03-DF;UOP01-DEL03-DF
688177;30/04/2025;quarta-feira;06:30:00;PE;232;4;RECIFE;Manobra de mudança de faixa;Colisão traseira;Com Vítimas Feridas;Pleno dia;Crescente;Céu Claro;Dupla;"Declive;Viaduto";Sim;3;0;1;1;1;0;2;2;-8,067827;-34,945113;SPRF-PE;DEL01-PE;UOP01-DEL01-PE
688180;30/04/2025;quarta-feira;07:00:00;RJ;116;198;QUEIMADOS;Demais falhas mecânicas ou elétricas;Queda de ocupante de veículo;Com Vítimas Feridas;Pleno dia;Crescente;Céu Claro;Dupla;Reta;Não;2;0;2;0;0;0;2;1;-22,72974559;-43,58966701;SPRF-RJ;DEL06-RJ;UOP02-DEL06-RJ
688181;30/04/2025;quarta-feira;07:00:00;CE;116;10,6;FORTALEZA;Avarias e/ou desgaste excessivo no pneu;Eventos atípicos;Com Vítimas Feridas;Pleno dia;Decrescente;Céu Claro;Múltipla;Reta;Sim;2;0;2;0;0;0;2;1;-3,838576;-38,501749;SPRF-CE;DEL01-CE;UOP02-DEL01-CE
688183;13/04/2025;domingo;09:50:00;GO;153;500;GOIANIA;Ingestão de substâncias psicoativas pelo condutor;Capotamento;Com Vítimas Feridas;Pleno dia;Decrescente;Nublado;Múltipla;"Interseção de Vias;Curva;Rotatória;Viaduto";Sim;1;0;1;0;0;0;1;1;-16,71080268;-49,23094332;SPRF-GO;DEL01-GO;UOP01-DEL01-GO
688185;30/04/2025;quarta-feira;07:50:00;DF;40;7,1;BRASILIA;Trafegar com motocicleta (ou similar) entre as faixas;Queda de ocupante de veículo;Com Vítimas Feridas;Pleno dia;Decrescente;Céu Claro;Dupla;Reta;Sim;1;0;1;0;0;0;1;1;-16,039977;-47,979608;SPRF-DF;DEL01-DF;UOP01-DEL01-DF
688186;30/04/2025;quarta-feira;08:20:00;SP;116;285;ITAPECERICA DA SERRA;Trafegar com motocicleta (ou similar) entre as faixas;Colisão lateral mesmo sentido;Com Vítimas Feridas;Pleno dia;Decrescente;Nublado;Dupla;Reta;Sim;2;0;1;0;1;0;1;2;-23,68655379;-46,86030521;SPRF-SP;DEL04-SP;UOP01-DEL04-SP
688187;30/04/2025;quarta-feira;08:05:00;RS;386;36,9;FREDERICO WESTPHALEN;Retorno proibido;Colisão transversal;Com Vítimas Feridas;Pleno dia;Crescente;Céu Claro;Simples;Interseção de Vias;Sim;2;0;0;1;1;0;1;2;-27,37758283;-53,39847493;SPRF-RS;DEL08-RS;UOP02-DEL08-RS
688188;30/04/2025;quarta-feira;07:15:00;DF;70;10;BRASILIA;Reação tardia ou ineficiente do condutor;Colisão traseira;Com Vítimas Feridas;Pleno dia;Decrescente;Céu Claro;Dupla;Reta;Sim;2;0;1;0;1;0;1;2;-15,78895668;-48,11156631;SPRF-DF;DEL03-DF;UOP02-DEL03-DF
688189;30/04/2025;quarta-feira;08:10:00;DF;80;7;BRASILIA;Condutor deixou de manter distância do veículo da frente;Colisão traseira;Com Vítimas Feridas;Pleno dia;Crescente;Céu Claro;Simples;Aclive;Não;2;0;1;0;1;0;1;2;-15,73145749;-48,14758301;SPRF-DF;DEL03-DF;UOP02-DEL03-DF
688190;30/04/2025;quarta-feira;07:45:00;SC;470;7,7;NAVEGANTES;Manobra de mudança de faixa;Colisão lateral mesmo sentido;Com Vítimas Feridas;Pleno dia;Crescente;Céu Claro;Dupla;"Aclive;Reta";Não;2;0;0;1;1;0;1;2;-26,84012826;-48,71660024;SPRF-SC;DEL04-SC;UOP04-DEL04-SC
688191;19/04/2025;sábado;19:45:00;MG;262;91,2;ABRE CAMPO;Velocidade Incompatível;Saída de leito carroçável;Com Vítimas Fatais;Plena Noite;Crescente;Nublado;Simples;Curva;Não;4;3;0;1;0;0;1;1;-20,335003;-42,47161746;SPRF-MG;DEL03-MG;UOP03-DEL03-MG
688192;30/04/2025;quarta-feira;06:45:00;SC;470;123,2;IBIRAMA;Transitar na contramão;Colisão frontal;Com Vítimas Fatais;Amanhecer;Decrescente;Nublado;Simples;"Interseção de Vias;Reta";Sim;4;2;0;0;2;0;0;2;-27,11013006;-49,52580929;SPRF-SC;DEL04-SC;UOP02-DEL04-SC
688194;30/04/2025;quarta-feira;09:00:00;ES;101;280,8;SERRA;Afundamento ou ondulação no pavimento;Tombamento;Com Vítimas Feridas;Pleno dia;Decrescente;Nublado;Dupla;"Reta;Aclive";Não;1;0;0;1;0;0;1;1;-20,22162017;-40,35751462;SPRF-ES;DEL02-ES;UOP01-DEL02-ES
688196;30/04/2025;quarta-feira;08:40:00;RJ;116;177;RIO DE JANEIRO;Condutor deixou de manter distância do veículo da frente;Colisão traseira;Com Vítimas Feridas;Pleno dia;Decrescente;Céu Claro;Dupla;Reta;Sim;5;0;2;0;3;0;2;3;-22,81445;-43,3451877;SPRF-RJ;DEL06-RJ;UOP01-DEL06-RJ
688197;30/04/2025;quarta-feira;08:50:00;RS;116;238;NOVO HAMBURGO;Acessar a via sem observar a presença dos outros veículos;Colisão transversal;Com Vítimas Feridas;Pleno dia;Crescente;Céu Claro;Simples;Interseção de Vias;Sim;3;0;1;0;2;0;1;2;-29,6906439;-51,143737;SPRF-RS;DEL01-RS;UOP02-DEL01-RS
688199;02/04/2025;quarta-feira;18:50:00;RJ;393;282;VOLTA REDONDA;Acessar a via sem observar a presença dos outros veículos;Colisão transversal;Com Vítimas Feridas;Pleno dia;Decrescente;Céu Claro;Simples;"Interseção de Vias;Reta;Rotatória";Não;2;0;1;0;1;0;1;2;-22,48175384;-44,06305963;SPRF-RJ;DEL05-RJ;UOP04-DEL05-RJ
688201;30/04/2025;quarta-feira;07:30:00;MG;40;516,4;RIBEIRAO DAS NEVES;Reação tardia ou ineficiente do condutor;Colisão traseira;Com Vítimas Feridas;Pleno dia;Crescente;Nublado;Dupla;"Reta;Aclive";Sim;2;0;1;0;1;0;1;2;-19,8202506;-44,0873404;SPRF-MG;DEL01-MG;UOP02-DEL01-MG
688202;30/04/2025;quarta-feira;05:40:00;RJ;101;331;RIO DE JANEIRO;Avarias e/ou desgaste excessivo no pneu;Tombamento;Com Vítimas Feridas;Amanhecer;Crescente;Nublado;Dupla;Reta;Sim;1;0;1;0;0;0;1;1;-22,868901;-43,201168;SPRF-RJ;DEL02-RJ;UOP01-DEL02-RJ
688204;30/04/2025;quarta-feira;07:20:00;PR;373;228;IMBITUVA;Acessar a via sem observar a presença dos outros veículos;Colisão transversal;Com Vítimas Feridas;Pleno dia;Crescente;Céu Claro;Simples;Reta;Sim;2;0;0;1;1;0;1;2;-25,178178;-50,651948;SPRF-PR;DEL03-PR;UOP01-DEL03-PR
688205;30/04/2025;quarta-feira;07:45:00;AL;316;102,8;DOIS RIACHOS;Acesso irregular;Colisão transversal;Com Vítimas Feridas;Pleno dia;Crescente;Céu Claro;Simples;Reta;Sim;2;0;0;1;1;0;1;2;-9,389593;-37,089974;SPRF-AL;DEL03-AL;UOP01-DEL03-AL
688206;30/04/2025;quarta-feira;07:50:00;PR;277;74;SAO JOSE DOS PINHAIS;Trafegar com motocicleta (ou similar) entre as faixas;Tombamento;Com Vítimas Feridas;Pleno dia;Decrescente;Céu Claro;Dupla;Reta;Não;2;0;1;0;0;1;1;2;-25,49494507;-49,16549055;SPRF-PR;DEL01-PR;UOP07-DEL01-PR
688209;30/04/2025;quarta-feira;06:45:00;PR;277;184,4;PALMEIRA;Transitar na contramão;Colisão frontal;Com Vítimas Feridas;Pleno dia;Crescente;Nublado;Simples;Reta;Não;2;0;1;1;0;0;2;2;-25,44434516;-50,18172204;SPRF-PR;DEL08-PR;UOP02-DEL08-PR
688210;30/04/2025;quarta-feira;08:50:00;PB;104;130,3;CAMPINA GRANDE;Ausência de reação do condutor;Tombamento;Com Vítimas Feridas;Pleno dia;Crescente;Céu Claro;Simples;"Reta;Em Obras;Desvio Temporário";Sim;2;0;2;0;0;0;2;1;-7,279973;-35,88907;SPRF-PB;DEL02-PB;UOP01-DEL02-PB
688211;18/04/2025;sexta-feira;07:38:00;SP;116;71;APARECIDA;Condutor deixou de manter distância do veículo da frente;Colisão traseira;Com Vítimas Feridas;Pleno dia;Decrescente;Céu Claro;Dupla;Reta;Sim;12;0;2;0;10;0;2;3;-22,85787686;-45,23244023;SPRF-SP;DEL08-SP;UOP01-DEL08-SP
688213;30/04/2025;quarta-feira;09:35:00;MG;251;517,8;MONTES CLAROS;Ausência de reação do condutor;Colisão traseira;Com Vítimas Feridas;Pleno dia;Decrescente;Sol;Simples;Reta;Não;2;0;0;1;1;0;1;2;-16,66215;-43,76721;SPRF-MG;DEL12-MG;UOP01-DEL12-MG
688214;30/04/2025;quarta-feira;08:30:00;RJ;493;17;GUAPIMIRIM;Reação tardia ou ineficiente do condutor;Colisão traseira;Com Vítimas Feridas;Pleno dia;Decrescente;Céu Claro;Simples;Reta;Sim;4;0;2;0;2;0;2;2;-22,66756107;-43,00632477;SPRF-RJ;DEL04-RJ;UOP02-DEL04-RJ
688215;30/04/2025;quarta-feira;10:10:00;GO;153;437;ANAPOLIS;Condutor deixou de manter distância do veículo da frente;Colisão traseira;Com Vítimas Feridas;Pleno dia;Decrescente;Céu Claro;Dupla;"Desvio Temporário;Reta;Em Obras;Aclive";Sim;1;0;1;0;0;0;1;1;-16,29778646;-48,92871738;SPRF-GO;DEL02-GO;UOP01-DEL02-GO
688216;30/04/2025;quarta-feira;07:10:00;MA;10;249;IMPERATRIZ;Demais falhas na via;Colisão com objeto;Com Vítimas Feridas;Pleno dia;Crescente;Céu Claro;Dupla;Aclive;Não;1;0;1;0;0;0;1;1;-5,4845926;-47,4588556;SPRF-MA;DEL04-MA;UOP01-DEL04-MA
688218;30/04/2025;quarta-feira;08:00:00;DF;70;17,1;BRASILIA;Trafegar com motocicleta (ou similar) entre as faixas;Colisão lateral mesmo sentido;Com Vítimas Feridas;Pleno dia;Decrescente;Céu Claro;Dupla;"Reta;Aclive";Sim;2;0;1;0;1;0;1;2;-15,792237;-48,208587;SPRF-DF;DEL03-DF;UOP02-DEL03-DF
688221;30/04/2025;quarta-feira;10:00:00;BA;324;626;SALVADOR;Avarias e/ou desgaste excessivo no pneu;Queda de ocupante de veículo;Com Vítimas Feridas;Pleno dia;Crescente;Sol;Dupla;Reta;Sim;2;0;2;0;0;0;2;1;-12,96382693;-38,47691059;SPRF-BA;DEL01-BA;UOP01-DEL01-BA
688229;30/04/2025;quarta-feira;10:50:00;BA;367;84;EUNAPOLIS;Condutor deixou de manter distância do veículo da frente;Colisão traseira;Sem Vítimas;Pleno dia;Crescente;Garoa/Chuvisco;Simples;Reta;Não;2;0;0;0;2;0;0;2;-16,374395;-39,578477;SPRF-BA;DEL09-BA;UOP03-DEL09-BA
688230;30/04/2025;quarta-feira;09:10:00;SC;101;40;JOINVILLE;Acessar a via sem observar a presença dos outros veículos;Colisão lateral mesmo sentido;Com Vítimas Feridas;Pleno dia;Decrescente;Céu Claro;Dupla;Curva;Sim;2;0;1;0;1;0;1;2;-26,31007357;-48,87743354;SPRF-SC;DEL03-SC;UOP01-DEL03-SC
688232;30/04/2025;quarta-feira;11:10:00;PR;376;594,9;CURITIBA;Trafegar com motocicleta (ou similar) entre as faixas;Tombamento;Com Vítimas Feridas;Pleno dia;Decrescente;Céu Claro;Dupla;Reta;Sim;2;0;1;1;0;0;2;1;-25,4610867;-49,3585041;SPRF-PR;DEL01-PR;UOP06-DEL01-PR
688234;30/04/2025;quarta-feira;08:10:00;MT;163;834;SINOP;Retorno proibido;Colisão transversal;Com Vítimas Feridas;Pleno dia;Crescente;Chuva;Simples;"Em Obras;Reta";Sim;4;0;1;0;3;0;1;2;-11,86850586;-55,49708247;SPRF-MT;DEL06-MT;UOP02-DEL06-MT
688237;30/04/2025;quarta-feira;11:00:00;PR;272;367,5;CAMPO MOURAO;Reação tardia ou ineficiente do condutor;Colisão traseira;Com Vítimas Feridas;Pleno dia;Crescente;Céu Claro;Dupla;Reta;Sim;2;0;1;0;1;0;1;2;-24,05156852;-52,40400195;SPRF-PR;DEL09-PR;UOP03-DEL09-PR
688238;30/04/2025;quarta-feira;08:00:00;RO;364;424;JARU;Desrespeitar a preferência no cruzamento;Colisão transversal;Com Vítimas Feridas;Pleno dia;Crescente;Céu Claro;Múltipla;"Reta;Interseção de Vias";Sim;2;0;0;1;1;0;1;2;-10,43824697;-62,47040105;SPRF-RO;DEL03-RO;UOP02-DEL03-RO
688239;24/03/2025;segunda-feira;13:35:00;PR;369;149;LONDRINA;Ausência de reação do condutor;Colisão traseira;Com Vítimas Feridas;Pleno dia;Crescente;Céu Claro;Dupla;"Reta;Interseção de Vias";Sim;2;0;1;0;0;1;1;2;-23,2930602;-51,15448348;SPRF-PR;DEL07-PR;UOP01-DEL07-PR
688241;30/04/2025;quarta-feira;10:30:00;MT;163;707;SORRISO;Acessar a via sem observar a presença dos outros veículos;Colisão transversal;Com Vítimas Feridas;Pleno dia;Decrescente;Céu Claro;Simples;"Reta;Interseção de Vias";Não;3;0;1;1;1;0;2;2;-12,917702;-55,85476;SPRF-MT;DEL06-MT;UOP01-DEL06-MT
688243;30/04/2025;quarta-feira;11:40:00;SP;101;52;UBATUBA;Reação tardia ou ineficiente do condutor;Colisão traseira;Com Vítimas Feridas;Pleno dia;Decrescente;Céu Claro;Simples;Rotatória;Sim;2;0;1;0;1;0;1;2;-23,46244377;-45,06467192;SPRF-SP;DEL06-SP;UOP01-DEL06-SP
688244;25/04/2025;sexta-feira;03:15:00;PR;116;105;SAO JOSE DOS PINHAIS;Ingestão de álcool pelo condutor;Saída de leito carroçável;Sem Vítimas;Plena Noite;Crescente;Nublado;Dupla;Reta;Não;1;0;0;0;0;1;0;1;-25,571546;-49,206745;SPRF-PR;DEL01-PR;UOP07-DEL01-PR
688245;30/04/2025;quarta-feira;11:37:00;MS;376;15;DOURADOS;Condutor Dormindo;Colisão lateral sentido oposto;Com Vítimas Feridas;Pleno dia;Crescente;Céu Claro;Simples;Reta;Não;5;0;1;0;4;0;1;2;-22,29608499;-54,60308075;SPRF-MS;DEL04-MS;UOP01-DEL04-MS
688246;30/04/2025;quarta-feira;12:30:00;MG;40;639,1;CONSELHEIRO LAFAIETE;Condutor Dormindo;Saída de leito carroçável;Com Vítimas Feridas;Pleno dia;Crescente;Nublado;Simples;Reta;Não;1;0;1;0;0;0;1;1;-20,72977565;-43,80054509;SPRF-MG;DEL05-MG;UOP02-DEL05-MG