id;data_inversa;dia_semana;horario;uf;br;km;municipio;causa_acidente;tipo_acidente;classificacao_acidente;fase_dia;sentido_via;condicao_metereologica;tipo_pista;tracado_via;uso_solo;pessoas;mortos;feridos_leves;feridos_graves;ilesos;ignorados;feridos;veiculos;latitude;longitude;regional;delegacia;uop
688624;02/05/2025;sexta-feira;08:00:00;BA;324;585;CANDEIAS;Demais falhas mecânicas ou elétricas;Saída de leito carroçável;Com Vítimas Feridas;Pleno dia;Crescente;Chuva;Dupla;Reta;Não;2;0;2;0;0;0;2;1;-12,648764;-38,474616;SPRF-BA;DEL01-BA;UOP01-DEL01-BA
688626;02/05/2025;sexta-feira;07:20:00;GO;60;301;ACREUNA;Ausência de reação do condutor;Saída de leito carroçável;Com Vítimas Feridas;Pleno dia;Decrescente;Céu Claro;Dupla;Reta;Sim;2;0;1;1;0;0;2;1;-17,3762478;-50,3593265;SPRF-GO;DEL04-GO;UOP02-DEL04-GO
688627;02/05/2025;sexta-feira;07:50:00;RJ;495;0;TERESOPOLIS;Trafegar com motocicleta (ou similar) entre as faixas;Colisão lateral mesmo sentido;Com Vítimas Feridas;Pleno dia;Decrescente;Céu Claro;Simples;Reta;Sim;2;0;1;0;1;0;1;2;-22,401477;-42,971902;SPRF-RJ;DEL04-RJ;UOP01-DEL04-RJ
688628;18/04/2025;sexta-feira;06:50:00;SC;101;35;JOINVILLE;Condutor Dormindo;Capotamento;Com Vítimas Feridas;Amanhecer;Crescente;Céu Claro;Simples;Interseção de Vias;Sim;1;0;1;0;0;0;1;1;-26,2735837;-48,89447981;SPRF-SC;DEL03-SC;UOP01-DEL03-SC
688631;02/05/2025;sexta-feira;04:30:00;RJ;116;143;DUQUE DE CAXIAS;Reação tardia ou ineficiente do condutor;Colisão lateral mesmo sentido;Com Vítimas Feridas;Amanhecer;Crescente;Céu Claro;Dupla;Reta;Sim;2;0;1;0;1;0;1;2;-22,657203;-43,247357;SPRF-RJ;DEL01-RJ;UOP02-DEL01-RJ
688632;02/05/2025;sexta-feira;08:30:00;SC;282;202,8;LAGES;Ausência de reação do condutor;Saída de leito carroçável;Sem Vítimas;Pleno dia;Decrescente;Céu Claro;Simples;Reta;Não;1;0;0;0;1;0;0;1;-27,7659491;-50,15975569;SPRF-SC;DEL05-SC;UOP01-DEL05-SC
688633;02/05/2025;sexta-feira;07:40:00;SC;101;90;BARRA VELHA;Ausência de reação do condutor;Tombamento;Sem Vítimas;Pleno dia;Crescente;Nublado;Múltipla;Reta;Sim;1;0;0;0;0;1;0;1;-26,67440731;-48,69092815;SPRF-SC;DEL03-SC;UOP02-DEL03-SC
688635;02/05/2025;sexta-feira;08:45:00;SC;101;211,6;PALHOCA;Trafegar com motocicleta (ou similar) entre as faixas;Colisão lateral mesmo sentido;Com Vítimas Feridas;Pleno dia;Decrescente;Céu Claro;Múltipla;Reta;Sim;2;0;0;1;1;0;1;2;-27,62734;-48,65623;SPRF-SC;DEL01-SC;UOP02-DEL01-SC
688636;02/05/2025;sexta-feira;09:25:00;SC;101;213,9;PALHOCA;Condutor deixou de manter distância do veículo da frente;Colisão traseira;Com Vítimas Feridas;Pleno dia;Decrescente;Céu Claro;Múltipla;Reta;Sim;4;0;1;0;3;0;1;2;-27,64394;-48,67;SPRF-SC;DEL01-SC;UOP02-DEL01-SC
688637;02/05/2025;sexta-feira;07:55:00;RJ;101;533;PARATY;Reação tardia ou ineficiente do condutor;Colisão transversal;Com Vítimas Feridas;Pleno dia;Crescente;Sol;Simples;Reta;Não;2;0;1;0;1;0;1;2;-23,02846656;-44,54103112;SPRF-RJ;DEL03-RJ;UOP03-DEL03-RJ
688641;02/05/2025;sexta-feira;10:00:00;PA;230;117;MARABA;Acessar a via sem observar a presença dos outros veículos;Colisão transversal;Com Vítimas Feridas;Pleno dia;Crescente;Céu Claro;Dupla;Interseção de Vias;Sim;2;0;1;0;1;0;1;2;-5,35459387;-49,09230972;SPRF-PA;DEL03-PA;UOP01-DEL03-PA
688642;02/05/2025;sexta-feira;10:15:00;ES;262;27,3;VIANA;Velocidade Incompatível;Tombamento;Com Vítimas Feridas;Pleno dia;Decrescente;Céu Claro;Simples;Curva;Não;1;0;0;1;0;0;1;1;-20,385803;-40,553105;SPRF-ES;DEL01-ES;UOP01-DEL01-ES
688643;02/05/2025;sexta-feira;10:30:00;SP;116;5;GUARULHOS;Manobra de mudança de faixa;Colisão lateral mesmo sentido;Com Vítimas Feridas;Pleno dia;Crescente;Céu Claro;Dupla;Reta;Sim;2;0;1;0;1;0;1;2;-23,42129637;-46,47762176;SPRF-SP;DEL01-SP;UOP01-DEL01-SP
688644;09/04/2025;quarta-feira;07:40:00;RJ;40;111;DUQUE DE CAXIAS;Manobra de mudança de faixa;Colisão traseira;Com Vítimas Feridas;Pleno dia;Crescente;Céu Claro;Dupla;Reta;Sim;3;0;2;0;1;0;2;2;-22,6689024;-43,2799744;SPRF-RJ;DEL01-RJ;UOP02-DEL01-RJ
688645;02/05/2025;sexta-feira;04:00:00;PE;423;106;GARANHUNS;Ausência de reação do condutor;Saída de leito carroçável;Com Vítimas Fatais;Pleno dia;Crescente;Céu Claro;Simples;Reta;Não;1;1;0;0;0;0;0;1;-8,912804;-36,593701;SPRF-PE;DEL03-PE;UOP01-DEL03-PE
688647;02/05/2025;sexta-feira;10:30:00;RS;290;35,3;SANTO ANTONIO DA PATRULHA;Condutor Dormindo;Capotamento;Com Vítimas Feridas;Pleno dia;Decrescente;Nublado;Dupla;Reta;Não;2;0;2;0;0;0;2;1;-29,8853;-50,610461;SPRF-RS;DEL03-RS;UOP01-DEL03-RS
688648;02/05/2025;sexta-feira;10:45:00;SC;101;113,6;ITAJAI;Trafegar com motocicleta (ou similar) entre as faixas;Colisão lateral mesmo sentido;Com Vítimas Feridas;Pleno dia;Decrescente;Nublado;Múltipla;Reta;Sim;2;0;1;0;1;0;1;2;-26,85696356;-48,72713522;SPRF-SC;DEL04-SC;UOP04-DEL04-SC
688649;23/01/2025;quinta-feira;11:18:00;CE;222;319;TIANGUA;Ausência de reação do condutor;Colisão lateral mesmo sentido;Com Vítimas Feridas;Pleno dia;Crescente;Sol;Simples;Reta;Não;3;0;0;1;2;0;1;2;-3,76400832;-41,0308357;SPRF-CE;DEL04-CE;UOP02-DEL04-CE
688650;02/05/2025;sexta-feira;10:30:00;RS;116;231;ESTANCIA VELHA;Conversão proibida;Colisão traseira;Com Vítimas Feridas;Pleno dia;Decrescente;Sol;Simples;"Aclive;Curva";Não;3;0;1;0;2;0;1;3;-29,627476;-51,138628;SPRF-RS;DEL01-RS;UOP02-DEL01-RS
688651;02/05/2025;sexta-feira;11:15:00;PE;428;0,7;BELEM DE SAO FRANCISCO;Animais na Pista;Atropelamento de Animal;Com Vítimas Feridas;Pleno dia;Crescente;Céu Claro;Simples;Reta;Não;2;0;2;0;0;0;2;1;-8,545377;-39,23201;SPRF-PE;DEL05-PE;UOP03-DEL05-PE
688652;02/05/2025;sexta-feira;10:00:00;PR;116;102;SAO JOSE DOS PINHAIS;Manobra de mudança de faixa;Colisão lateral mesmo sentido;Com Vítimas Feridas;Pleno dia;Crescente;Céu Claro;Dupla;Reta;Não;3;0;1;0;2;0;1;2;-25,56723974;-49,17219523;SPRF-PR;DEL01-PR;UOP07-DEL01-PR
688656;17/04/2025;quinta-feira;15:00:00;BA;324;591;CANDEIAS;Condutor deixou de manter distância do veículo da frente;Colisão traseira;Com Vítimas Feridas;Pleno dia;Decrescente;Ignorado;Dupla;Reta;Não;1;0;1;0;0;0;1;1;-12,69996468;-38,46393585;SPRF-BA;DEL01-BA;UOP01-DEL01-BA
688660;02/05/2025;sexta-feira;12:08:00;SP;116;323;JUQUITIBA;Ausência de reação do condutor;Saída de leito carroçável;Com Vítimas Feridas;Pleno dia;Crescente;Céu Claro;Dupla;Reta;Não;3;0;3;0;0;0;3;1;-23,9328585;-47,07135776;SPRF-SP;DEL04-SP;UOP03-DEL04-SP
688661;02/05/2025;sexta-feira;12:00:00;SC;282;509;XANXERE;Reação tardia ou ineficiente do condutor;Colisão traseira;Com Vítimas Feridas;Pleno dia;Crescente;Céu Claro;Simples;Reta;Não;2;0;1;0;1;0;1;2;-26,8923333;-52,459222;SPRF-SC;DEL07-SC;UOP01-DEL07-SC
688662;02/05/2025;sexta-feira;11:38:00;AM;230;612;HUMAITA;Acumulo de areia ou detritos sobre o pavimento;Tombamento;Com Vítimas Feridas;Pleno dia;Decrescente;Céu Claro;Simples;"Curva;Rotatória";Sim;1;0;1;0;0;0;1;1;-7,51695354;-63,02956793;SPRF-AM;DEL02-AM;UOP01-DEL02-AM
688663;26/04/2025;sábado;06:39:00;SE;101;78,9;LARANJEIRAS;Ultrapassagem Indevida;Colisão lateral mesmo sentido;Com Vítimas Fatais;Pleno dia;Decrescente;Céu Claro;Dupla;Reta;Não;7;1;4;0;0;2;4;2;-10,78946166;-37,141775;SPRF-SE;DEL01-SE;UOP01-DEL01-SE
688664;02/05/2025;sexta-feira;12:30:00;PE;408;94;RECIFE;Manobra de mudança de faixa;Colisão lateral mesmo sentido;Sem Vítimas;Pleno dia;Crescente;Céu Claro;Dupla;Declive;Não;2;0;0;0;2;0;0;2;-8,0563449;-34,99711044;SPRF-PE;DEL01-PE;UOP01-DEL01-PE
688665;02/05/2025;sexta-feira;11:45:00;MS;262;777;CORUMBA;Reação tardia ou ineficiente do condutor;Colisão frontal;Com Vítimas Feridas;Pleno dia;Crescente;Céu Claro;Simples;Reta;Sim;5;0;2;1;2;0;3;2;-19,020301;-57,673914;SPRF-MS;DEL03-MS;UOP03-DEL03-MS
688666;02/05/2025;sexta-feira;13:30:00;SC;101;203,8;SAO JOSE;Acessar a via sem observar a presença dos outros veículos;Colisão transversal;Com Vítimas Feridas;Pleno dia;Crescente;Céu Claro;Múltipla;Interseção de Vias;Sim;2;0;1;0;1;0;1;2;-27,57297937;-48,61387968;SPRF-SC;DEL01-SC;UOP01-DEL01-SC
688667;27/03/2025;quinta-feira;19:30:00;PR;376;1;SAO JOSE DOS PINHAIS;Ausência de reação do condutor;Colisão lateral mesmo sentido;Com Vítimas Feridas;Plena Noite;Crescente;Céu Claro;Dupla;"Viaduto;Reta;Interseção de Vias";Não;2;0;1;0;1;0;1;2;-25,5544918;-49,1867903;SPRF-PR;DEL01-PR;UOP04-DEL01-PR
688669;02/05/2025;sexta-feira;14:00:00;BA;235;350;JUAZEIRO;Acessar a via sem observar a presença dos outros veículos;Colisão transversal;Com Vítimas Feridas;Pleno dia;Decrescente;Nublado;Simples;"Reta;Em Obras";Sim;2;0;1;0;1;0;1;2;-9,432153;-40,502798;SPRF-PE;DEL06-PE;UOP01-DEL06-PE
688671;02/05/2025;sexta-feira;14:00:00;CE;116;14;FORTALEZA;Condutor deixou de manter distância do veículo da frente;Colisão traseira;Com Vítimas Feridas;Pleno dia;Decrescente;Céu Claro;Dupla;Reta;Não;2;0;0;1;0;1;1;2;-3,86576394;-38,49766016;SPRF-CE;DEL01-CE;UOP02-DEL01-CE
688672;02/05/2025;sexta-feira;13:40:00;DF;70;5;BRASILIA;Ausência de reação do condutor;Colisão com objeto;Com Vítimas Feridas;Pleno dia;Decrescente;Céu Claro;Dupla;Reta;Sim;3;0;3;0;0;0;3;1;-15,79574769;-48,09403053;SPRF-DF;DEL03-DF;UOP02-DEL03-DF
688675;02/05/2025;sexta-feira;13:26:00;GO;70;315;JUSSARA;Acessar a via sem observar a presença dos outros veículos;Colisão traseira;Com Vítimas Feridas;Pleno dia;Crescente;Céu Claro;Dupla;Reta;Sim;3;0;1;1;1;0;2;2;-15,87577818;-50,86989552;SPRF-GO;DEL04-GO;UOP02-DEL04-GO
688676;02/05/2025;sexta-feira;10:00:00;ES;101;144,8;LINHARES;Acessar a via sem observar a presença dos outros veículos;Colisão transversal;Com Vítimas Feridas;Pleno dia;Decrescente;Céu Claro;Dupla;Reta;Sim;2;0;1;0;1;0;1;2;-19,35588602;-40,06381154;SPRF-ES;DEL04-ES;UOP01-DEL04-ES
688679;02/05/2025;sexta-feira;13:30:00;RJ;101;479;ANGRA DOS REIS;Pista esburacada;Queda de ocupante de veículo;Com Vítimas Feridas;Pleno dia;Decrescente;Céu Claro;Simples;Reta;Sim;1;0;1;0;0;0;1;1;-23,0069735;-44,3141634;SPRF-RJ;DEL03-RJ;UOP03-DEL03-RJ
688680;02/05/2025;sexta-feira;13:45:00;SC;101;37;JOINVILLE;Desrespeitar a preferência no cruzamento;Colisão transversal;Com Vítimas Feridas;Pleno dia;Decrescente;Céu Claro;Dupla;"Rotatória;Interseção de Vias;Viaduto";Sim;2;0;1;0;1;0;1;2;-26,29670128;-48,88379423;SPRF-SC;DEL03-SC;UOP01-DEL03-SC
688682;02/05/2025;sexta-feira;15:00:00;PE;101;70;RECIFE;Reação tardia ou ineficiente do condutor;Colisão lateral mesmo sentido;Com Vítimas Feridas;Pleno dia;Decrescente;Céu Claro;Dupla;Reta;Não;2;0;1;0;1;0;1;2;-8,06993;-34,94252;SPRF-PE;DEL01-PE;UOP01-DEL01-PE
688683;02/05/2025;sexta-feira;14:20:00;MS;60;599,4;JARDIM;Demais falhas mecânicas ou elétricas;Incêndio;Sem Vítimas;Pleno dia;Decrescente;Céu Claro;Simples;"Reta;Aclive";Não;1;0;0;0;0;1;0;1;-21,536569;-56,167241;SPRF-MS;DEL05-MS;UOP01-DEL05-MS
688684;02/05/2025;sexta-feira;14:30:00;SP;101;49;UBATUBA;Acessar a via sem observar a presença dos outros veículos;Colisão transversal;Com Vítimas Feridas;Pleno dia;Crescente;Céu Claro;Simples;Reta;Sim;2;0;0;1;1;0;1;2;-23,44832004;-45,07945273;SPRF-SP;DEL06-SP;UOP01-DEL06-SP
688685;02/05/2025;sexta-feira;13:30:00;RJ;40;113;DUQUE DE CAXIAS;Pista Escorregadia;Queda de ocupante de veículo;Com Vítimas Feridas;Pleno dia;Crescente;Céu Claro;Dupla;Curva;Não;1;0;1;0;0;0;1;1;-22,71484542;-43,29032455;SPRF-RJ;DEL01-RJ;UOP02-DEL01-RJ
688686;02/05/2025;sexta-feira;14:30:00;PR;376;1,8;APUCARANA;Conversão proibida;Colisão transversal;Com Vítimas Feridas;Pleno dia;Decrescente;Céu Claro;Simples;Declive;Sim;2;0;1;0;1;0;1;2;-23,569;-51,431;SPRF-PR;DEL07-PR;UOP03-DEL07-PR
688688;02/05/2025;sexta-feira;05:00:00;RS;116;257,8;ESTEIO;Neblina;Colisão com objeto;Sem Vítimas;Amanhecer;Decrescente;Nevoeiro/Neblina;Dupla;"Desvio Temporário;Em Obras;Viaduto;Declive";Não;1;0;0;0;1;0;0;1;-29,85927136;-51,18089104;SPRF-RS;DEL01-RS;UOP02-DEL01-RS
688689;02/05/2025;sexta-feira;15:45:00;MG;381;484,1;BETIM;Ausência de reação do condutor;Atropelamento de Pedestre;Com Vítimas Feridas;Pleno dia;Decrescente;Céu Claro;Múltipla;"Curva;Aclive";Sim;2;0;1;0;1;0;1;2;-19,9595863;-44,0890631;SPRF-MG;DEL01-MG;UOP03-DEL01-MG
688690;02/05/2025;sexta-feira;15:45:00;SP;101;44;UBATUBA;Manobra de mudança de faixa;Colisão frontal;Com Vítimas Fatais;Pleno dia;Decrescente;Céu Claro;Simples;Curva;Sim;5;1;0;2;2;0;2;2;-23,40856129;-45,06208275;SPRF-SP;DEL06-SP;UOP01-DEL06-SP
688692;02/05/2025;sexta-feira;16:30:00;CE;20;406;CAUCAIA;Acessar a via sem observar a presença dos outros veículos;Colisão lateral mesmo sentido;Com Vítimas Feridas;Pleno dia;Crescente;Céu Claro;Dupla;Reta;Não;3;0;0;2;0;1;2;3;-3,76894664;-38,66773065;SPRF-CE;DEL01-CE;UOP01-DEL01-CE
688694;02/05/2025;sexta-feira;16:55:00;ES;101;266,3;SERRA;Reação tardia ou ineficiente do condutor;Tombamento;Com Vítimas Feridas;Pleno dia;Crescente;Céu Claro;Múltipla;"Reta;Interseção de Vias";Sim;2;0;2;0;0;0;2;1;-20,19353927;-40,26839018;SPRF-ES;DEL02-ES;UOP01-DEL02-ES
688695;02/05/2025;sexta-feira;17:00:00;MA;10;132;ESTREITO;Acessar a via sem observar a presença dos outros veículos;Colisão transversal;Com Vítimas Feridas;Pleno dia;Decrescente;Céu Claro;Simples;"Declive;Reta";Sim;5;0;4;0;1;0;4;2;-6,542218;-47,420607;SPRF-MA;DEL04-MA;UOP02-DEL04-MA
688696;02/05/2025;sexta-feira;13:30:00;SC;470;14;ILHOTA;Carga excessiva e/ou mal acondicionada;Capotamento;Com Vítimas Feridas;Pleno dia;Crescente;Céu Claro;Dupla;Reta;Não;1;0;1;0;0;0;1;1;-26,84191633;-48,78044643;SPRF-SC;DEL04-SC;UOP04-DEL04-SC
688697;02/05/2025;sexta-feira;15:41:00;GO;153;173;CAMPINORTE;Desrespeitar a preferência no cruzamento;Colisão transversal;Com Vítimas Feridas;Pleno dia;Decrescente;Nublado;Simples;"Interseção de Vias;Reta";Sim;3;0;0;1;2;0;1;2;-14,29847335;-49,1488722;SPRF-GO;DEL07-GO;UOP02-DEL07-GO
688700;02/05/2025;sexta-feira;16:50:00;PR;277;394;CANDOI;Desrespeitar a preferência no cruzamento;Colisão transversal;Com Vítimas Feridas;Pleno dia;Crescente;Céu Claro;Simples;Reta;Sim;4;0;1;0;3;0;1;2;-25,4495249;-51,9243834;SPRF-PR;DEL08-PR;UOP01-DEL08-PR
688701;02/05/2025;sexta-feira;12:15:00;RJ;101;473;ANGRA DOS REIS;Acessar a via sem observar a presença dos outros veículos;Colisão lateral mesmo sentido;Com Vítimas Feridas;Pleno dia;Crescente;Céu Claro;Simples;"Rotatória;Reta";Sim;2;0;1;0;1;0;1;2;-22,98989379;-44,24244521;SPRF-RJ;DEL03-RJ;UOP03-DEL03-RJ
688703;29/04/2025;terça-feira;06:30:00;RJ;101;84;CAMPOS DOS GOYTACAZES;Trafegar com motocicleta (ou similar) entre as faixas;Colisão lateral mesmo sentido;Com Vítimas Feridas;Pleno dia;Crescente;Céu Claro;Simples;Curva;Sim;2;0;1;0;0;1;1;2;-21,82196734;-41,47187088;SPRF-RJ;DEL08-RJ;UOP02-DEL08-RJ
688704;02/05/2025;sexta-feira;17:00:00;BA;116;442;FEIRA DE SANTANA;Chuva;Saída de leito carroçável;Com Vítimas Feridas;Pleno dia;Crescente;Chuva;Dupla;Curva;Não;3;0;1;0;2;0;1;1;-12,35295205;-39,08682615;SPRF-BA;DEL02-BA;UOP01-DEL02-BA
688705;02/05/2025;sexta-feira;18:00:00;RS;116;270;PORTO ALEGRE;Manobra de mudança de faixa;Colisão lateral mesmo sentido;Com Vítimas Feridas;Plena Noite;Crescente;Céu Claro;Múltipla;Reta;Sim;2;0;1;0;1;0;1;2;-29,9683515;-51,17646066;SPRF-RS;DEL01-RS;UOP01-DEL01-RS
688706;02/05/2025;sexta-feira;11:20:00;MS;60;538;NIOAQUE;Curva acentuada;Tombamento;Com Vítimas Feridas;Pleno dia;Decrescente;Céu Claro;Simples;Curva;Sim;2;0;2;0;0;0;2;1;-21,1491879;-55,8243861;SPRF-MS;DEL05-MS;UOP01-DEL05-MS
688707;02/05/2025;sexta-feira;18:25:00;RS;101;85;OSORIO;Acessar a via sem observar a presença dos outros veículos;Colisão lateral mesmo sentido;Com Vítimas Feridas;Plena Noite;Crescente;Céu Claro;Dupla;Retorno Regulamentado;Sim;4;0;1;0;3;0;1;2;-29,869216;-50,252235;SPRF-RS;DEL03-RS;UOP01-DEL03-RS
688708;02/05/2025;sexta-feira;18:03:00;PR;376;238;APUCARANA;Retorno proibido;Colisão transversal;Com Vítimas Feridas;Anoitecer;Decrescente;Céu Claro;Dupla;"Reta;Retorno Regulamentado";Não;3;0;2;0;1;0;2;2;-23,58524696;-51,47120476;SPRF-PR;DEL07-PR;UOP03-DEL07-PR
688709;02/05/2025;sexta-feira;17:40:00;PR;376;601;CURITIBA;Reação tardia ou ineficiente do condutor;Colisão lateral mesmo sentido;Com Vítimas Feridas;Anoitecer;Crescente;Céu Claro;Simples;Curva;Não;2;0;1;0;1;0;1;2;-25,51960355;-49,33526516;SPRF-PR;DEL01-PR;UOP06-DEL01-PR
688713;02/05/2025;sexta-feira;18:40:00;ES;101;396,8;RIO NOVO DO SUL;Transitar na contramão;Colisão frontal;Com Vítimas Feridas;Plena Noite;Crescente;Nublado;Simples;Reta;Não;3;0;0;1;2;0;1;3;-20,87225701;-40,94702888;SPRF-ES;DEL03-ES;UOP02-DEL03-ES
688714;02/05/2025;sexta-feira;18:15:00;GO;60;176,5;APARECIDA DE GOIANIA;Ausência de reação do condutor;Saída de leito carroçável;Sem Vítimas;Anoitecer;Crescente;Céu Claro;Dupla;"Declive;Reta";Não;2;0;0;0;2;0;0;1;-16,8499254;-49,3703919;SPRF-GO;DEL01-GO;UOP02-DEL01-GO
688715;02/05/2025;sexta-feira;18:50:00;RS;470;217;BENTO GONCALVES;Desrespeitar a preferência no cruzamento;Colisão transversal;Sem Vítimas;Plena Noite;Decrescente;Céu Claro;Dupla;"Reta;Retorno Regulamentado;Aclive;Rotatória";Sim;2;0;0;0;2;0;0;2;-29,1700736;-51,5211264;SPRF-RS;DEL06-RS;UOP01-DEL06-RS
688717;02/05/2025;sexta-feira;17:10:00;BA;101;259;SANTO ANTONIO DE JESUS;Acessar a via sem observar a presença dos outros veículos;Colisão transversal;Com Vítimas Feridas;Anoitecer;Decrescente;Nublado;Simples;"Reta;Declive";Sim;2;0;1;1;0;0;2;2;-12,958822;-39,26971;SPRF-BA;DEL01-BA;UOP02-DEL01-BA
688718;02/05/2025;sexta-feira;16:00:00;PR;369;133,3;IBIPORA;Ingestão de álcool pelo condutor;Colisão transversal;Sem Vítimas;Pleno dia;Crescente;Céu Claro;Dupla;Interseção de Vias;Não;3;0;0;0;2;1;0;2;-23,26058253;-51,01271717;SPRF-PR;DEL07-PR;UOP01-DEL07-PR
688719;02/05/2025;sexta-feira;17:40:00;DF;40;2,9;BRASILIA;Acessar a via sem observar a presença dos outros veículos;Colisão transversal;Com Vítimas Feridas;Pleno dia;Decrescente;Céu Claro;Dupla;"Aclive;Viaduto";Sim;4;0;1;0;3;0;1;3;-16,00164;-47,984487;SPRF-DF;DEL01-DF;UOP01-DEL01-DF
688720;02/05/2025;sexta-feira;16:30:00;PR;376;518;PONTA GROSSA;Objeto estático sobre o leito carroçável;Colisão com objeto;Com Vítimas Feridas;Pleno dia;Crescente;Céu Claro;Dupla;Reta;Não;1;0;1;0;0;0;1;1;-25,2612733;-50,0023173;SPRF-PR;DEL03-PR;UOP04-DEL03-PR
688721;02/05/2025;sexta-feira;19:00:00;PI;343;328,8;TERESINA;Animais na Pista;Atropelamento de Animal;Com Vítimas Feridas;Plena Noite;Decrescente;Céu Claro;Simples;Reta;Não;1;0;1;0;0;0;1;1;-5,065895;-42,640092;SPRF-PI;DEL01-PI;UOP01-DEL01-PI
688722;02/05/2025;sexta-feira;18:40:00;PR;116;92;SAO JOSE DOS PINHAIS;Reação tardia ou ineficiente do condutor;Saída de leito carroçável;Com Vítimas Feridas;Plena Noite;Crescente;Céu Claro;Dupla;Reta;Não;2;0;1;0;0;1;1;2;-25,503915;-49,122497;SPRF-PR;DEL01-PR;UOP07-DEL01-PR
688723;02/05/2025;sexta-feira;19:00:00;PE;232;70;GRAVATA;Acessar a via sem observar a presença dos outros veículos;Colisão transversal;Com Vítimas Feridas;Plena Noite;Decrescente;Céu Claro;Dupla;Reta;Não;3;0;1;1;1;0;2;2;-8,18056706;-35,4873848;SPRF-PE;DEL02-PE;UOP02-DEL02PE
688724;02/05/2025;sexta-feira;18:30:00;SP;116;148;SAO JOSE DOS CAMPOS;Reação tardia ou ineficiente do condutor;Colisão traseira;Com Vítimas Feridas;Plena Noite;Decrescente;Céu Claro;Múltipla;Reta;Não;5;0;1;0;4;0;1;4;-23,19723138;-45,87486617;SPRF-SP;DEL02-SP;UOP01-DEL02-SP
688726;02/05/2025;sexta-feira;18:10:00;SC;101;215,1;PALHOCA;Ausência de reação do condutor;Tombamento;Com Vítimas Fatais;Anoitecer;Crescente;Céu Claro;Múltipla;Reta;Sim;2;1;0;0;0;1;0;2;-27,65238;-48,67695;SPRF-SC;DEL01-SC;UOP02-DEL01-SC
688727;02/05/2025;sexta-feira;18:45:00;RO;364;231,2;CACOAL;Transitar na contramão;Colisão frontal;Com Vítimas Feridas;Plena Noite;Crescente;Céu Claro;Simples;"Reta;Aclive";Não;3;0;1;2;0;0;3;2;-11,46775;-61,403395;SPRF-RO;DEL02-RO;UOP02-DEL02-RO
688728;02/05/2025;sexta-feira;19:00:00;SC;470;160,2;TROMBUDO CENTRAL;Conversão proibida;Colisão lateral mesmo sentido;Com Vítimas Feridas;Plena Noite;Decrescente;Nublado;Simples;Curva;Sim;3;0;2;1;0;0;3;2;-27,28491726;-49,80202317;SPRF-SC;DEL04-SC;UOP02-DEL04-SC
688729;02/05/2025;sexta-feira;19:30:00;SC;101;97;BALNEARIO PICARRAS;Acesso irregular;Colisão frontal;Com Vítimas Feridas;Plena Noite;Decrescente;Céu Claro;Simples;Reta;Não;2;0;1;0;1;0;1;2;-26,73214739;-48,70052274;SPRF-SC;DEL03-SC;UOP02-DEL03-SC
688730;02/05/2025;sexta-feira;20:15:00;SC;101;335,3;TUBARAO;Reação tardia ou ineficiente do condutor;Tombamento;Com Vítimas Feridas;Plena Noite;Decrescente;Céu Claro;Múltipla;Reta;Não;1;0;1;0;0;0;1;1;-28,475698;-49,0283783;SPRF-SC;DEL02-SC;UOP01-DEL02-SC
688731;02/05/2025;sexta-feira;18:10:00;MG;40;415;CURVELO;Reação tardia ou ineficiente do condutor;Capotamento;Sem Vítimas;Plena Noite;Decrescente;Céu Claro;Simples;"Declive;Reta";Não;4;0;0;0;0;4;0;2;-19,14944;-44,60463;SPRF-MG;DEL02-MG;UOP01-DEL02-MG
688732;02/05/2025;sexta-feira;19:55:00;RS;392;351;SANTA MARIA;Reação tardia ou ineficiente do condutor;Colisão transversal;Com Vítimas Feridas;Plena Noite;Decrescente;Nublado;Simples;Interseção de Vias;Não;2;0;1;0;1;0;1;2;-29,72841601;-53,8033518;SPRF-RS;DEL09-RS;UOP01-DEL09-RS
688733;02/05/2025;sexta-feira;19:10:00;MG;251;470,5;GRAO MOGOL;Ausência de reação do condutor;Colisão com objeto;Com Vítimas Feridas;Plena Noite;Crescente;Céu Claro;Simples;Reta;Não;2;0;0;2;0;0;2;1;-16,30093805;-42,71167338;SPRF-MG;DEL12-MG;UOP01-DEL12-MG
688734;02/05/2025;sexta-feira;20:15:00;SC;101;122;ITAJAI;Reação tardia ou ineficiente do condutor;Tombamento;Com Vítimas Feridas;Plena Noite;Decrescente;Céu Claro;Dupla;Reta;Sim;2;0;1;0;1;0;1;2;-26,93576771;-48,699646;SPRF-SC;DEL04-SC;UOP04-DEL04-SC
688742;02/05/2025;sexta-feira;20:15:00;BA;101;261;SANTO ANTONIO DE JESUS;Animais na Pista;Atropelamento de Animal;Com Vítimas Feridas;Plena Noite;Crescente;Nublado;Simples;Reta;Não;1;0;1;0;0;0;1;1;-12,97022453;-39,27462017;SPRF-BA;DEL01-BA;UOP02-DEL01-BA
688745;02/05/2025;sexta-feira;20:20:00;RS;116;220;DOIS IRMAOS;Condutor usando celular;Colisão com objeto;Com Vítimas Feridas;Plena Noite;Crescente;Céu Claro;Simples;Reta;Sim;1;0;0;1;0;0;1;1;-29,577594;-51,088492;SPRF-RS;DEL01-RS;UOP02-DEL01-RS