id;data_inversa;dia_semana;horario;uf;br;km;municipio;causa_acidente;tipo_acidente;classificacao_acidente;fase_dia;sentido_via;condicao_metereologica;tipo_pista;tracado_via;uso_solo;pessoas;mortos;feridos_leves;feridos_graves;ilesos;ignorados;feridos;veiculos;latitude;longitude;regional;delegacia;uop
688878;03/05/2025;sábado;13:50:00;MG;40;517,7;RIBEIRAO DAS NEVES;Acessar a via sem observar a presença dos outros veículos;Colisão transversal;Com Vítimas Feridas;Pleno dia;Crescente;Céu Claro;Múltipla;"Reta;Interseção de Vias;Retorno Regulamentado";Sim;2;0;1;0;1;0;1;2;-19,829529;-44,083539;SPRF-MG;DEL01-MG;UOP02-DEL01-MG
688879;03/05/2025;sábado;13:50:00;PR;163;233,7;TOLEDO;Ingestão de álcool pelo condutor;Colisão transversal;Com Vítimas Feridas;Pleno dia;Crescente;Céu Claro;Dupla;"Reta;Retorno Regulamentado;Aclive";Não;3;0;1;0;2;0;1;2;-24,7754421;-53,68273428;SPRF-PR;DEL04-PR;UOP01-DEL04-PR
688880;03/05/2025;sábado;03:48:00;MT;163;982;TERRA NOVA DO NORTE;Ingestão de álcool pelo condutor;Saída de leito carroçável;Com Vítimas Feridas;Amanhecer;Crescente;Céu Claro;Simples;"Reta;Aclive";Não;1;0;1;0;0;0;1;1;-10,633508;-55,132458;SPRF-MT;DEL06-MT;UOP03-DEL06-MT
688881;03/05/2025;sábado;13:44:00;RN;101;85;NATAL;Trafegar com motocicleta (ou similar) entre as faixas;Colisão lateral mesmo sentido;Com Vítimas Feridas;Pleno dia;Decrescente;Céu Claro;Dupla;"Reta;Ponte;Em Obras";Sim;2;0;1;0;1;0;1;2;-5,78163647;-35,24760453;SPRF-RN;DEL02-RN;UOP01-DEL02-RN
688884;03/05/2025;sábado;10:00:00;SC;101;415,9;ARARANGUA;Ingestão de álcool pelo condutor;Colisão transversal;Sem Vítimas;Pleno dia;Decrescente;Céu Claro;Simples;Interseção de Vias;Sim;2;0;0;0;2;0;0;2;-28,9715593;-49,52830911;SPRF-SC;DEL02-SC;UOP02-DEL02-SC
688886;03/05/2025;sábado;13:00:00;MG;116;400,6;GOVERNADOR VALADARES;Ingestão de álcool pelo condutor;Saída de leito carroçável;Com Vítimas Feridas;Pleno dia;Crescente;Sol;Simples;Reta;Não;1;0;1;0;0;0;1;1;-18,77059699;-41,98567986;SPRF-MG;DEL06-MG;UOP01-DEL06-MG
688887;10/04/2025;quinta-feira;11:20:00;RJ;116;137;MAGE;Ausência de reação do condutor;Colisão traseira;Com Vítimas Feridas;Pleno dia;Decrescente;Céu Claro;Dupla;Rotatória;Sim;2;0;1;0;1;0;1;2;-22,64653164;-43,21025848;SPRF-RJ;DEL04-RJ;UOP02-DEL04-RJ
688888;03/05/2025;sábado;14:46:00;MT;364;348;SANTO ANTONIO DO LEVERGER;Reação tardia ou ineficiente do condutor;Saída de leito carroçável;Com Vítimas Feridas;Pleno dia;Decrescente;Chuva;Dupla;"Curva;Aclive";Não;1;0;1;0;0;0;1;1;-15,802359;-55,565713;SPRF-MT;DEL05-MT;UOP02-DEL05-MT
688889;03/05/2025;sábado;12:30:00;RJ;40;119;DUQUE DE CAXIAS;Avarias e/ou desgaste excessivo no pneu;Queda de ocupante de veículo;Com Vítimas Feridas;Pleno dia;Crescente;Sol;Múltipla;Reta;Sim;2;0;2;0;0;0;2;1;-22,75809581;-43,28694631;SPRF-RJ;DEL01-RJ;UOP02-DEL01-RJ
688890;03/05/2025;sábado;13:40:00;MT;364;367;SANTO ANTONIO DO LEVERGER;Mal súbito do condutor;Saída de leito carroçável;Com Vítimas Fatais;Pleno dia;Decrescente;Céu Claro;Dupla;Reta;Sim;1;1;0;0;0;0;0;1;-15,7399876;-55,66404372;SPRF-MT;DEL01-MT;UOP02-DEL01-MT
688892;03/05/2025;sábado;16:50:00;SC;101;122;ITAJAI;Condutor Dormindo;Colisão traseira;Com Vítimas Feridas;Pleno dia;Crescente;Céu Claro;Múltipla;Reta;Sim;4;0;2;1;1;0;3;2;-26,93411207;-48,70143838;SPRF-SC;DEL04-SC;UOP04-DEL04-SC
688894;03/05/2025;sábado;16:30:00;RN;304;115;ITAJA;Demais falhas mecânicas ou elétricas;Incêndio;Sem Vítimas;Pleno dia;Crescente;Céu Claro;Simples;Ponte;Não;1;0;0;0;1;0;0;1;-5,6159658;-36,8926976;SPRF-RN;DEL04-RN;UOP01-DEL04-RN
688895;03/05/2025;sábado;16:20:00;DF;20;11,5;BRASILIA;Manobra de mudança de faixa;Colisão lateral mesmo sentido;Com Vítimas Feridas;Pleno dia;Crescente;Céu Claro;Dupla;"Reta;Em Obras";Sim;2;0;1;0;1;0;1;2;-15,646196;-47,764858;SPRF-DF;DEL02-DF;UOP01-DEL02-DF
688897;03/05/2025;sábado;16:20:00;MG;40;575,7;ITABIRITO;Velocidade Incompatível;Tombamento;Com Vítimas Feridas;Pleno dia;Crescente;Nublado;Simples;"Reta;Interseção de Vias";Não;1;0;1;0;0;0;1;1;-20,26440813;-43,95796117;SPRF-MG;DEL01-MG;UOP02-DEL01-MG
688898;03/05/2025;sábado;16:00:00;PR;153;350;REBOUCAS;Ingestão de álcool pelo condutor;Saída de leito carroçável;Com Vítimas Feridas;Pleno dia;Decrescente;Céu Claro;Simples;Reta;Não;1;0;1;0;0;0;1;1;-25,61576014;-50,70257932;SPRF-PR;DEL08-PR;UOP02-DEL08-PR
688900;03/05/2025;sábado;17:30:00;PR;376;232,5;APUCARANA;Ausência de reação do condutor;Saída de leito carroçável;Com Vítimas Feridas;Pleno dia;Crescente;Céu Claro;Dupla;"Interseção de Vias;Curva";Sim;1;0;0;1;0;0;1;1;-23,5687326;-51,51092145;SPRF-PR;DEL07-PR;UOP03-DEL07-PR
688901;03/05/2025;sábado;16:40:00;PR;376;249;APUCARANA;Ausência de reação do condutor;Queda de ocupante de veículo;Com Vítimas Feridas;Pleno dia;Decrescente;Céu Claro;Simples;Curva;Não;1;0;1;0;0;0;1;1;-23,607378;-51,406958;SPRF-PR;DEL07-PR;UOP03-DEL07-PR
688902;03/05/2025;sábado;18:00:00;SP;116;210;GUARULHOS;Trafegar com motocicleta (ou similar) entre as faixas;Colisão lateral mesmo sentido;Com Vítimas Feridas;Plena Noite;Crescente;Céu Claro;Múltipla;Reta;Não;2;0;1;0;1;0;1;2;-23,43070464;-46,41634112;SPRF-SP;DEL01-SP;UOP01-DEL01-SP
688903;03/05/2025;sábado;17:30:00;RS;290;59;GRAVATAI;Reação tardia ou ineficiente do condutor;Colisão traseira;Sem Vítimas;Pleno dia;Crescente;Céu Claro;Dupla;Reta;Não;6;0;0;0;6;0;0;2;-29,94042718;-50,89536516;SPRF-RS;DEL03-RS;UOP01-DEL03-RS
688904;03/05/2025;sábado;17:50:00;PR;476;186,2;LAPA;Acessar a via sem observar a presença dos outros veículos;Colisão frontal;Com Vítimas Feridas;Anoitecer;Crescente;Nublado;Simples;Reta;Não;2;0;1;0;1;0;1;2;-25,71763674;-49,65236513;SPRF-PR;DEL01-PR;UOP06-DEL01-PR
688905;03/05/2025;sábado;18:25:00;PR;116;142,5;MANDIRITUBA;Acessar a via sem observar a presença dos outros veículos;Colisão transversal;Com Vítimas Feridas;Plena Noite;Crescente;Céu Claro;Dupla;Reta;Não;3;0;1;0;2;0;1;2;-25,785868;-49,326408;SPRF-PR;DEL01-PR;UOP03-DEL01-PR
688906;03/05/2025;sábado;18:15:00;PR;376;549;PALMEIRA;Manobra de mudança de faixa;Colisão lateral mesmo sentido;Com Vítimas Feridas;Plena Noite;Crescente;Nublado;Dupla;Reta;Não;3;0;2;0;1;0;2;2;-25,4192841;-49,76901054;SPRF-PR;DEL03-PR;UOP03-DEL03-PR
688907;03/05/2025;sábado;16:30:00;RS;470;243,4;BARAO;Ingestão de álcool pelo condutor;Saída de leito carroçável;Com Vítimas Feridas;Pleno dia;Decrescente;Céu Claro;Simples;Reta;Não;2;0;1;0;0;1;1;1;-29,365583;-51,514794;SPRF-RS;DEL06-RS;UOP01-DEL06-RS
688908;03/05/2025;sábado;16:00:00;GO;70;421;MONTES CLAROS DE GOIAS;Transitar na contramão;Colisão frontal;Com Vítimas Feridas;Pleno dia;Decrescente;Céu Claro;Simples;Curva;Não;5;0;1;0;4;0;1;2;-15,88981558;-51,75934464;SPRF-GO;DEL04-GO;UOP02-DEL04-GO
688909;03/05/2025;sábado;18:25:00;SE;101;90,7;NOSSA SENHORA DO SOCORRO;Condutor deixou de manter distância do veículo da frente;Colisão traseira;Sem Vítimas;Plena Noite;Crescente;Chuva;Dupla;"Reta;Declive";Não;2;0;0;0;1;1;0;2;-10,89386437;-37,13248936;SPRF-SE;DEL01-SE;UOP01-DEL01-SE
688910;03/05/2025;sábado;19:15:00;MG;354;752,5;ITAMONTE;Manobra de mudança de faixa;Colisão transversal;Com Vítimas Feridas;Plena Noite;Decrescente;Céu Claro;Simples;Reta;Sim;2;0;1;0;1;0;1;2;-22,273718;-44,876463;SPRF-MG;DEL17-MG;UOP01-DEL17-MG
688911;03/05/2025;sábado;19:12:00;TO;10;457;PALMAS;Problema com o freio;Eventos atípicos;Sem Vítimas;Plena Noite;Crescente;Céu Claro;Múltipla;"Aclive;Curva";Não;3;0;0;0;3;0;0;2;-10,28287612;-48,29738824;SPRF-TO;DEL01-TO;UOP03-DEL01-TO
688912;03/05/2025;sábado;18:00:00;MG;50;73;UBERLANDIA;Ausência de reação do condutor;Colisão traseira;Com Vítimas Feridas;Plena Noite;Crescente;Céu Claro;Dupla;Reta;Não;2;0;1;0;1;0;1;2;-18,90791049;-48,22740555;SPRF-MG;DEL15-MG;UOP01-DEL15-MG
688914;03/05/2025;sábado;07:00:00;MG;50;74;UBERLANDIA;Condutor deixou de manter distância do veículo da frente;Colisão traseira;Com Vítimas Feridas;Amanhecer;Decrescente;Céu Claro;Dupla;Reta;Sim;2;0;1;0;1;0;1;2;-18,9302756;-48,22061285;SPRF-MG;DEL15-MG;UOP01-DEL15-MG
688915;03/05/2025;sábado;19:25:00;PR;376;0,8;SAO JOSE DOS PINHAIS;Pedestre cruzava a pista fora da faixa;Atropelamento de Pedestre;Com Vítimas Fatais;Plena Noite;Decrescente;Nublado;Dupla;Reta;Sim;5;1;0;0;2;2;0;2;-25,56115831;-49,18435335;SPRF-PR;DEL01-PR;UOP04-DEL01-PR
688916;03/05/2025;sábado;19:30:00;RS;392;76;PELOTAS;Ingestão de álcool pelo condutor;Colisão transversal;Sem Vítimas;Plena Noite;Decrescente;Céu Claro;Simples;Reta;Não;2;0;0;0;2;0;0;2;-31,69559187;-52,42400821;SPRF-RS;DEL07-RS;UOP01-DEL07-RS
688917;03/05/2025;sábado;18:00:00;GO;60;384;RIO VERDE;Ausência de reação do condutor;Tombamento;Com Vítimas Feridas;Plena Noite;Crescente;Céu Claro;Dupla;Reta;Sim;1;0;1;0;0;0;1;1;-17,808345;-50,925698;SPRF-GO;DEL04-GO;UOP02-DEL04-GO
688918;03/05/2025;sábado;19:40:00;SP;116;168;JACAREI;Avarias e/ou desgaste excessivo no pneu;Tombamento;Com Vítimas Feridas;Pleno dia;Decrescente;Céu Claro;Múltipla;Reta;Sim;2;0;2;0;0;0;2;1;-23,30556065;-46,03578687;SPRF-SP;DEL02-SP;UOP01-DEL02-SP
688920;22/03/2025;sábado;19:10:00;PR;369;249;BOM SUCESSO;Manobra de mudança de faixa;Colisão lateral mesmo sentido;Com Vítimas Feridas;Plena Noite;Decrescente;Ignorado;Simples;Reta;Não;2;0;1;0;0;1;1;2;-23,70072332;-51,7558558;SPRF-PR;DEL09-PR;UOP01-DEL09-PR
688921;03/05/2025;sábado;18:00:00;RJ;393;241,7;VASSOURAS;Demais falhas mecânicas ou elétricas;Incêndio;Sem Vítimas;Plena Noite;Decrescente;Céu Claro;Simples;Reta;Não;1;0;0;0;1;0;0;1;-22,434025;-43,7262;SPRF-RJ;DEL05-RJ;UOP04-DEL05-RJ
688922;03/05/2025;sábado;18:30:00;PR;373;280,4;PRUDENTOPOLIS;Ausência de reação do condutor;Colisão traseira;Com Vítimas Fatais;Anoitecer;Crescente;Céu Claro;Simples;"Declive;Reta";Não;2;1;1;0;0;0;1;2;-25,278986;-51,112122;SPRF-PR;DEL08-PR;UOP01-DEL08-PR
688924;03/05/2025;sábado;18:50:00;BA;407;0,4;JUAZEIRO;Pedestre cruzava a pista fora da faixa;Atropelamento de Pedestre;Com Vítimas Feridas;Plena Noite;Decrescente;Céu Claro;Simples;Reta;Sim;2;0;0;2;0;0;2;2;-9,41486057;-40,50640282;SPRF-PE;DEL06-PE;UOP01-DEL06-PE
688925;03/05/2025;sábado;19:10:00;RO;364;422;JARU;Reação tardia ou ineficiente do condutor;Queda de ocupante de veículo;Com Vítimas Feridas;Plena Noite;Crescente;Nublado;Dupla;"Em Obras;Reta";Não;1;0;0;1;0;0;1;1;-10,44805604;-62,46354014;SPRF-RO;DEL03-RO;UOP02-DEL03-RO
688927;03/05/2025;sábado;20:20:00;MG;459;88,3;CONGONHAL;Reação tardia ou ineficiente do condutor;Saída de leito carroçável;Com Vítimas Feridas;Plena Noite;Crescente;Céu Claro;Simples;Reta;Sim;2;0;1;1;0;0;2;1;-22,1507366;-46,0360738;SPRF-MG;DEL09-MG;UOP01-DEL09-MG
688928;03/05/2025;sábado;20:10:00;SP;116;229;SAO PAULO;Objeto estático sobre o leito carroçável;Queda de ocupante de veículo;Com Vítimas Feridas;Plena Noite;Decrescente;Céu Claro;Múltipla;Reta;Não;3;0;2;0;0;1;2;3;-23,515257;-46,578234;SPRF-SP;DEL01-SP;UOP01-DEL01-SP
688929;03/05/2025;sábado;19:15:00;BA;242;865;BARREIRAS;Acessar a via sem observar a presença dos outros veículos;Atropelamento de Pedestre;Com Vítimas Feridas;Plena Noite;Crescente;Céu Claro;Simples;Reta;Não;2;0;0;1;0;1;1;2;-12,097067;-45,37834167;SPRF-BA;DEL10-BA;UOP01-DEL10-BA
688930;03/05/2025;sábado;20:35:00;PR;277;723;FOZ DO IGUACU;Ausência de reação do condutor;Colisão traseira;Sem Vítimas;Plena Noite;Decrescente;Céu Claro;Dupla;"Reta;Retorno Regulamentado";Sim;2;0;0;0;2;0;0;2;-25,49684314;-54,52499477;SPRF-PR;DEL05-PR;UOP03-DEL05-PR
688931;03/05/2025;sábado;21:05:00;PR;277;577,8;CASCAVEL;Entrada inopinada do pedestre;Atropelamento de Pedestre;Com Vítimas Fatais;Plena Noite;Decrescente;Céu Claro;Dupla;Reta;Não;5;1;0;0;4;0;0;2;-24,9841941;-53,3465873;SPRF-PR;DEL04-PR;UOP01-DEL04-PR
688935;03/05/2025;sábado;17:45:00;SC;163;106,3;SAO JOSE DO CEDRO;Velocidade Incompatível;Saída de leito carroçável;Sem Vítimas;Pleno dia;Decrescente;Céu Claro;Dupla;Curva;Sim;3;0;0;0;3;0;0;1;-26,4318045;-53,51956487;SPRF-SC;DEL07-SC;UOP03-DEL07-SC
688936;03/05/2025;sábado;17:10:00;PE;0;0;PETROLINA;Velocidade Incompatível;Colisão lateral mesmo sentido;Sem Vítimas;Anoitecer;Não Informado;Céu Claro;Simples;Reta;Sim;2;0;0;0;2;0;0;2;-9,339758;-40,567091;SPRF-PE;DEL06-PE;UOP01-DEL06-PE
688937;03/05/2025;sábado;21:45:00;RN;427;124,4;TIMBAUBA DOS BATISTAS;Animais na Pista;Atropelamento de Animal;Com Vítimas Feridas;Plena Noite;Crescente;Céu Claro;Simples;Reta;Não;2;0;1;1;0;0;2;1;-6,48705946;-37,2171624;SPRF-RN;DEL03-RN;UOP01-DEL03-RN
688938;03/05/2025;sábado;21:05:00;SC;282;501,3;XANXERE;Acessar a via sem observar a presença dos outros veículos;Colisão transversal;Com Vítimas Feridas;Plena Noite;Crescente;Céu Claro;Dupla;"Reta;Interseção de Vias";Sim;3;0;2;0;0;1;2;2;-26,882453;-52,381405;SPRF-SC;DEL07-SC;UOP01-DEL07-SC
688939;03/05/2025;sábado;18:15:00;AC;364;154;BUJARI;Estacionar ou parar em local proibido;Colisão traseira;Com Vítimas Feridas;Plena Noite;Decrescente;Nublado;Simples;Reta;Não;2;0;1;0;0;1;1;2;-9,83900468;-67,9398977;SPRF-AC;DEL01-AC;UOP01-DEL01-AC
688941;03/05/2025;sábado;19:14:00;PR;163;245;TOLEDO;Acessar a via sem observar a presença dos outros veículos;Colisão transversal;Com Vítimas Feridas;Plena Noite;Crescente;Céu Claro;Dupla;Reta;Não;3;0;1;1;1;0;2;2;-24,692658;-53,744119;SPRF-PR;DEL06-PR;UOP02-DEL06-PR
688942;03/05/2025;sábado;21:25:00;PR;153;37,5;SANTO ANTONIO DA PLATINA;Avarias e/ou desgaste excessivo no pneu;Tombamento;Com Vítimas Feridas;Plena Noite;Crescente;Céu Claro;Simples;"Reta;Declive";Não;2;0;2;0;0;0;2;1;-23,26492483;-50,06261587;SPRF-PR;DEL07-PR;UOP04-DEL07-PR
688944;03/05/2025;sábado;21:30:00;RJ;101;295;ITABORAI;Ausência de reação do condutor;Queda de ocupante de veículo;Com Vítimas Feridas;Plena Noite;Crescente;Céu Claro;Dupla;Curva;Sim;2;0;2;0;0;0;2;1;-22,76675387;-42,90716887;SPRF-RJ;DEL02-RJ;UOP02-DEL02-RJ
688945;03/05/2025;sábado;11:20:00;SC;282;58;RANCHO QUEIMADO;Acessar a via sem observar a presença dos outros veículos;Colisão transversal;Com Vítimas Feridas;Pleno dia;Crescente;Céu Claro;Simples;"Aclive;Interseção de Vias";Não;5;0;1;0;4;0;1;2;-27,67340464;-49,00481164;SPRF-SC;DEL01-SC;UOP03-DEL01-SC
688946;03/05/2025;sábado;22:30:00;SP;116;199;ARUJA;Reação tardia ou ineficiente do condutor;Engavetamento;Com Vítimas Feridas;Plena Noite;Crescente;Céu Claro;Múltipla;"Reta;Aclive";Não;3;0;1;0;2;0;1;3;-23,40131212;-46,30965678;SPRF-SP;DEL01-SP;UOP01-DEL01-SP
688948;03/05/2025;sábado;21:30:00;MG;365;123;VARZEA DA PALMA;Animais na Pista;Atropelamento de Animal;Com Vítimas Feridas;Plena Noite;Decrescente;Céu Claro;Simples;Reta;Não;5;0;3;2;0;0;5;1;-17,142237;-44,766233;SPRF-MG;DEL12-MG;UOP01-DEL12-MG
688950;03/05/2025;sábado;22:40:00;PR;277;3;CURITIBA;Ingestão de álcool pelo condutor;Colisão transversal;Com Vítimas Feridas;Plena Noite;Crescente;Nublado;Simples;Retorno Regulamentado;Não;2;0;1;0;1;0;1;2;-25,43087982;-49,33568208;SPRF-PR;DEL01-PR;UOP06-DEL01-PR
688952;03/05/2025;sábado;21:15:00;MT;70;277;PRIMAVERA DO LESTE;Ingestão de álcool pelo condutor;Queda de ocupante de veículo;Com Vítimas Feridas;Plena Noite;Decrescente;Céu Claro;Simples;Reta;Não;1;0;1;0;0;0;1;1;-15,55632;-54,274475;SPRF-MT;DEL05-MT;UOP01-DEL05-MT
688953;03/05/2025;sábado;23:20:00;RJ;116;33;SAPUCAIA;Velocidade Incompatível;Tombamento;Com Vítimas Feridas;Plena Noite;Crescente;Céu Claro;Simples;Curva;Não;1;0;1;0;0;0;1;1;-22,08436737;-42,81440735;SPRF-RJ;DEL05-RJ;UOP01-DEL05-RJ
688954;03/05/2025;sábado;22:30:00;BA;110;5,5;PAULO AFONSO;Ausência de reação do condutor;Saída de leito carroçável;Com Vítimas Feridas;Plena Noite;Crescente;Céu Claro;Simples;Reta;Não;1;0;0;1;0;0;1;1;-9,468817;-38,203498;SPRF-BA;DEL07-BA;UOP01-DEL07-BA
688955;03/05/2025;sábado;23:30:00;MG;50;59;UBERLANDIA;Ingestão de álcool pelo condutor;Saída de leito carroçável;Sem Vítimas;Plena Noite;Crescente;Céu Claro;Dupla;Reta;Não;2;0;0;0;2;0;0;1;-18,80060424;-48,23733777;SPRF-MG;DEL15-MG;UOP02-DEL15-MG
688956;03/05/2025;sábado;22:40:00;RS;158;328;SANTA MARIA;Reação tardia ou ineficiente do condutor;Saída de leito carroçável;Sem Vítimas;Plena Noite;Decrescente;Céu Claro;Simples;"Interseção de Vias;Aclive;Reta";Sim;3;0;0;0;0;3;0;2;-29,71206884;-53,81859899;SPRF-RS;DEL09-RS;UOP01-DEL09-RS
688957;03/05/2025;sábado;23:32:00;GO;60;136;GOIANIA;Velocidade Incompatível;Saída de leito carroçável;Com Vítimas Feridas;Plena Noite;Decrescente;Céu Claro;Dupla;"Reta;Declive";Não;1;0;1;0;0;0;1;1;-16,5912397;-49,1950205;SPRF-GO;DEL01-GO;UOP01-DEL01-GO
688958;03/05/2025;sábado;21:00:00;PR;376;640,5;TIJUCAS DO SUL;Iluminação deficiente;Colisão lateral mesmo sentido;Com Vítimas Feridas;Pleno dia;Decrescente;Céu Claro;Dupla;"Reta;Declive";Não;2;0;1;0;0;1;1;2;-25,790712;-49,125627;SPRF-PR;DEL01-PR;UOP04-DEL01-PR
688960;03/05/2025;sábado;22:20:00;RS;285;123;VACARIA;Acessar a via sem observar a presença dos outros veículos;Colisão transversal;Com Vítimas Feridas;Plena Noite;Decrescente;Céu Claro;Simples;"Reta;Interseção de Vias";Sim;5;0;1;0;3;1;1;3;-28,4990134;-50,9513515;SPRF-RS;DEL05-RS;UOP03-DEL05-RS
688961;03/05/2025;sábado;21:40:00;PR;376;165,5;MARINGA;Condutor usando celular;Saída de leito carroçável;Com Vítimas Feridas;Plena Noite;Crescente;Céu Claro;Dupla;Reta;Sim;1;0;1;0;0;0;1;1;-23,383267;-52,031137;SPRF-PR;DEL09-PR;UOP01-DEL09-PR
688962;04/05/2025;domingo;00:00:00;PR;277;585,9;CASCAVEL;Ingestão de álcool pelo condutor;Colisão com objeto;Sem Vítimas;Plena Noite;Crescente;Céu Claro;Simples;"Declive;Viaduto";Sim;1;0;0;0;1;0;0;1;-24,96388256;-53,41902546;SPRF-PR;DEL04-PR;UOP01-DEL04-PR
688964;03/05/2025;sábado;23:00:00;RJ;101;75;CAMPOS DOS GOYTACAZES;Ausência de reação do condutor;Colisão com objeto;Sem Vítimas;Plena Noite;Crescente;Céu Claro;Simples;"Curva;Ponte";Sim;1;0;0;0;1;0;0;1;-21,818117;-41,398182;SPRF-RJ;DEL08-RJ;UOP02-DEL08-RJ
688965;03/05/2025;sábado;23:53:00;MS;262;373,9;TERENOS;Ausência de reação do condutor;Saída de leito carroçável;Sem Vítimas;Plena Noite;Crescente;Céu Claro;Simples;Reta;Não;1;0;0;0;0;1;0;1;-20,48750634;-54,81403307;SPRF-MS;DEL01-MS;UOP03-DEL01-MS
688967;04/05/2025;domingo;00:23:00;SC;101;139;BALNEARIO CAMBORIU;Ausência de reação do condutor;Colisão traseira;Com Vítimas Feridas;Plena Noite;Crescente;Nublado;Dupla;Curva;Sim;4;0;3;0;0;1;3;3;-27,03181689;-48,60052027;SPRF-SC;DEL04-SC;UOP03-DEL04-SC
688969;04/05/2025;domingo;00:45:00;PB;101;78,9;SANTA RITA;Entrada inopinada do pedestre;Atropelamento de Pedestre;Com Vítimas Fatais;Plena Noite;Decrescente;Céu Claro;Dupla;Reta;Não;2;1;0;0;1;0;0;2;-7,114748;-34,95773;SPRF-PB;DEL01-PB;UOP03-DEL01-PB
688970;03/05/2025;sábado;23:50:00;PE;232;146;SAO CAITANO;Ingestão de álcool pelo condutor;Colisão frontal;Com Vítimas Fatais;Plena Noite;Decrescente;Céu Claro;Simples;Reta;Não;3;1;0;1;1;0;1;2;-8,33285;-36,129428;SPRF-PE;DEL03-PE;UOP02-DEL03-PE
688972;04/05/2025;domingo;01:00:00;SP;116;211;GUARULHOS;Reação tardia ou ineficiente do condutor;Colisão traseira;Sem Vítimas;Plena Noite;Crescente;Ignorado;Múltipla;"Reta;Interseção de Vias;Declive";Sim;2;0;0;0;1;1;0;2;-23,43502358;-46,42648149;SPRF-SP;DEL01-SP;UOP01-DEL01-SP
688973;03/05/2025;sábado;23:17:00;MT;163;690;LUCAS DO RIO VERDE;Ingestão de álcool pelo condutor;Colisão frontal;Sem Vítimas;Plena Noite;Crescente;Céu Claro;Simples;Reta;Sim;2;0;0;0;2;0;0;2;-13,0617954;-55,9191227;SPRF-MT;DEL06-MT;UOP01-DEL06-MT
688974;03/05/2025;sábado;22:10:00;RO;435;84,6;COLORADO DO OESTE;Estacionar ou parar em local proibido;Colisão traseira;Com Vítimas Feridas;Plena Noite;Crescente;Céu Claro;Dupla;"Reta;Aclive";Sim;3;0;0;2;1;0;2;2;-13,12347596;-60,54467421;SPRF-RO;DEL04-RO;UOP02-DEL04-RO
688975;04/05/2025;domingo;01:10:00;PR;116;76;QUATRO BARRAS;Condutor Dormindo;Saída de leito carroçável;Sem Vítimas;Plena Noite;Decrescente;Nublado;Dupla;Reta;Não;1;0;0;0;1;0;0;1;-25,386673;-49,053814;SPRF-PR;DEL01-PR;UOP02-DEL01-PR
688977;04/05/2025;domingo;01:20:00;MS;60;347;CAMPO GRANDE;Ausência de reação do condutor;Colisão com objeto;Sem Vítimas;Plena Noite;Crescente;Céu Claro;Simples;Rotatória;Não;1;0;0;0;0;1;0;1;-20,41134462;-54,72781269;SPRF-MS;DEL01-MS;UOP03-DEL01-MS
688978;04/05/2025;domingo;02:00:00;MG;116;116,6;ITAOBIM;Animais na Pista;Atropelamento de Animal;Com Vítimas Feridas;Plena Noite;Decrescente;Céu Claro;Simples;"Reta;Ponte";Não;1;0;0;1;0;0;1;1;-16,570137;-41,505318;SPRF-MG;DEL11-MG;UOP02-DEL11-MG
688979;04/05/2025;domingo;02:20:00;SP;381;86;SAO PAULO;Pedestre cruzava a pista fora da faixa;Atropelamento de Pedestre;Com Vítimas Feridas;Plena Noite;Decrescente;Céu Claro;Múltipla;Reta;Não;2;0;0;1;1;0;1;2;-23,46104177;-46,57173157;SPRF-SP;DEL03-SP;UOP01-DEL03-SP
688983;04/05/2025;domingo;02:02:00;MS;163;548,7;BANDEIRANTES;Ingestão de álcool pelo condutor;Tombamento;Com Vítimas Feridas;Plena Noite;Crescente;Céu Claro;Simples;"Reta;Aclive";Sim;2;0;2;0;0;0;2;1;-19,926913;-54,366044;SPRF-MS;DEL01-MS;UOP02-DEL01-MS
688984;03/05/2025;sábado;19:10:00;RS;116;427;CRISTAL;Ingestão de álcool pelo condutor;Colisão transversal;Com Vítimas Feridas;Plena Noite;Crescente;Nublado;Simples;Reta;Sim;3;0;1;0;0;2;1;2;-30,99766032;-52,0491854;SPRF-RS;DEL02-RS;UOP02-DEL02-RS
688985;04/05/2025;domingo;01:50:00;BA;101;443;UBAITABA;Ingestão de álcool pelo condutor;Atropelamento de Pedestre;Com Vítimas Feridas;Plena Noite;Decrescente;Céu Claro;Simples;"Reta;Declive";Não;3;0;0;3;0;0;3;2;-14,307208;-39,321835;SPRF-BA;DEL05-BA;UOP01-DEL05-BA
688986;04/05/2025;domingo;01:10:00;MT;364;603;DIAMANTINO;Condutor Dormindo;Saída de leito carroçável;Sem Vítimas;Plena Noite;Decrescente;Céu Claro;Simples;"Reta;Declive";Não;1;0;0;0;1;0;0;1;-14,49034783;-56,22620774;SPRF-MT;DEL01-MT;UOP01-DEL01-MT
688987;04/05/2025;domingo;03:40:00;PR;277;597,4;CASCAVEL;Ausência de reação do condutor;Saída de leito carroçável;Com Vítimas Feridas;Plena Noite;Crescente;Céu Claro;Simples;Reta;Sim;2;0;2;0;0;0;2;1;-24,97108524;-53,43304735;SPRF-PR;DEL04-PR;UOP01-DEL04-PR
688988;04/05/2025;domingo;03:45:00;SC;282;478;VARGEAO;Reação tardia ou ineficiente do condutor;Saída de leito carroçável;Sem Vítimas;Pleno dia;Crescente;Céu Claro;Simples;Reta;Não;1;0;0;0;1;0;0;1;-26,88259;-52,166452;SPRF-SC;DEL07-SC;UOP01-DEL07-SC