id;data_inversa;dia_semana;horario;uf;br;km;municipio;causa_acidente;tipo_acidente;classificacao_acidente;fase_dia;sentido_via;condicao_metereologica;tipo_pista;tracado_via;uso_solo;pessoas;mortos;feridos_leves;feridos_graves;ilesos;ignorados;feridos;veiculos;latitude;longitude;regional;delegacia;uop
689097;04/05/2025;domingo;17:45:00;SE;235;52;ITABAIANA;Ausência de reação do condutor;Colisão frontal;Com Vítimas Feridas;Plena Noite;Crescente;Nublado;Simples;Retorno Regulamentado;Sim;2;0;1;0;0;1;1;2;-10,69004442;-37,43908882;SPRF-SE;DEL01-SE;UOP02-DEL01-SE
689098;04/05/2025;domingo;18:10:00;MG;40;470,2;SETE LAGOAS;Demais falhas mecânicas ou elétricas;Tombamento;Com Vítimas Feridas;Anoitecer;Crescente;Céu Claro;Dupla;Reta;Sim;2;0;2;0;0;0;2;1;-19,4685;-44,29529;SPRF-MG;DEL02-MG;UOP01-DEL02-MG
689099;04/05/2025;domingo;17:40:00;RJ;116;191;NOVA IGUACU;Trafegar com motocicleta (ou similar) entre as faixas;Colisão traseira;Com Vítimas Feridas;Anoitecer;Decrescente;Céu Claro;Dupla;Reta;Não;4;0;2;0;2;0;2;3;-22,7444264;-43,511252;SPRF-RJ;DEL06-RJ;UOP01-DEL06-RJ
689100;04/05/2025;domingo;18:00:00;PR;476;159;ARAUCARIA;Desrespeitar a preferência no cruzamento;Colisão transversal;Com Vítimas Feridas;Plena Noite;Crescente;Céu Claro;Simples;Reta;Sim;3;0;1;0;2;0;1;2;-25,61371357;-49,42455152;SPRF-PR;DEL01-PR;UOP06-DEL01-PR
689101;04/05/2025;domingo;18:47:00;ES;101;446;MIMOSO DO SUL;Manobra de mudança de faixa;Colisão transversal;Com Vítimas Feridas;Anoitecer;Crescente;Céu Claro;Simples;Reta;Não;2;0;1;0;1;0;1;2;-21,17301949;-41,29296049;SPRF-ES;DEL03-ES;UOP02-DEL03-ES
689102;04/05/2025;domingo;03:15:00;MT;70;731,7;CACERES;Ausência de reação do condutor;Tombamento;Com Vítimas Feridas;Plena Noite;Crescente;Céu Claro;Simples;Reta;Sim;1;0;0;1;0;0;1;1;-16,0918987;-57,68224508;SPRF-MT;DEL03-MT;UOP01-DEL03-MT
689103;04/05/2025;domingo;18:50:00;RJ;101;433;MANGARATIBA;Acessar a via sem observar a presença dos outros veículos;Colisão lateral mesmo sentido;Com Vítimas Feridas;Plena Noite;Decrescente;Céu Claro;Simples;Curva;Sim;2;0;0;1;1;0;1;2;-22,938306;-44,037608;SPRF-RJ;DEL03-RJ;UOP02-DEL03-RJ
689104;04/05/2025;domingo;18:30:00;SP;116;53,8;LORENA;Ausência de reação do condutor;Colisão traseira;Com Vítimas Feridas;Plena Noite;Crescente;Nublado;Dupla;Reta;Sim;3;0;0;1;2;0;1;3;-22,75374611;-45,10940865;SPRF-SP;DEL08-SP;UOP02-DEL08-SP
689106;04/05/2025;domingo;18:35:00;PR;373;177;PONTA GROSSA;Reação tardia ou ineficiente do condutor;Colisão traseira;Com Vítimas Feridas;Plena Noite;Crescente;Céu Claro;Dupla;Reta;Sim;4;0;2;0;2;0;2;2;-25,0469392;-50,23615479;SPRF-PR;DEL03-PR;UOP01-DEL03-PR
689107;04/05/2025;domingo;13:40:00;BA;324;561;SAO SEBASTIAO DO PASSE;Ausência de sinalização;Colisão traseira;Sem Vítimas;Pleno dia;Crescente;Chuva;Dupla;"Reta;Declive";Não;9;0;0;0;9;0;0;4;-12,5516936;-38,5733872;SPRF-BA;DEL01-BA;UOP01-DEL01-BA
689110;04/05/2025;domingo;19:00:00;PI;316;11,7;TERESINA;Ausência de reação do condutor;Colisão com objeto;Com Vítimas Feridas;Plena Noite;Decrescente;Céu Claro;Dupla;Reta;Não;1;0;0;1;0;0;1;1;-5,198178;-42,758707;SPRF-PI;DEL01-PI;UOP02-DEL01-PI
689111;04/05/2025;domingo;17:30:00;MG;40;119,4;LAGOA GRANDE;Ingestão de álcool pelo condutor;Saída de leito carroçável;Com Vítimas Feridas;Anoitecer;Crescente;Céu Claro;Simples;Reta;Não;3;0;2;1;0;0;3;1;-17,660836;-46,372013;SPRF-MG;DEL14-MG;UOP01-DEL14-MG
689112;04/05/2025;domingo;18:00:00;BA;407;100;JAGUARARI;Ausência de reação do condutor;Capotamento;Com Vítimas Feridas;Plena Noite;Crescente;Garoa/Chuvisco;Simples;Declive;Sim;1;0;0;1;0;0;1;1;-10,24094;-40,20006;SPRF-BA;DEL04-BA;UOP01-DEL04-BA
689114;04/05/2025;domingo;19:35:00;RN;304;293,8;MACAIBA;Ingestão de álcool pelo condutor;Colisão com objeto;Com Vítimas Feridas;Plena Noite;Decrescente;Céu Claro;Dupla;Reta;Não;1;0;1;0;0;0;1;1;-5,86841734;-35,375247;SPRF-RN;DEL01-RN;UOP02-DEL01-RN
689115;04/05/2025;domingo;19:15:00;RS;116;337;BARRA DO RIBEIRO;Ausência de reação do condutor;Saída de leito carroçável;Com Vítimas Feridas;Plena Noite;Crescente;Céu Claro;Dupla;Reta;Sim;1;0;1;0;0;0;1;1;-30,4244032;-51,4692019;SPRF-RS;DEL02-RS;UOP02-DEL02-RS
689117;04/05/2025;domingo;10:30:00;MT;158;432;RIBEIRAO CASCALHEIRA;Ultrapassagem Indevida;Colisão frontal;Com Vítimas Feridas;Pleno dia;Crescente;Céu Claro;Simples;Reta;Não;1;0;0;1;0;0;1;1;-12,95246424;-51,85010528;SPRF-MT;DEL07-MT;UOP02-DEL07-MT
689118;04/05/2025;domingo;19:50:00;MG;459;93;CONGONHAL;Ausência de reação do condutor;Colisão traseira;Com Vítimas Feridas;Plena Noite;Decrescente;Céu Claro;Simples;"Interseção de Vias;Declive";Não;4;0;0;1;2;1;1;3;-22,170409;-46,003183;SPRF-MG;DEL09-MG;UOP01-DEL09-MG
689119;04/05/2025;domingo;19:50:00;SC;282;503;XANXERE;Acessar a via sem observar a presença dos outros veículos;Atropelamento de Pedestre;Com Vítimas Feridas;Plena Noite;Decrescente;Nublado;Simples;"Reta;Aclive";Não;3;0;1;0;2;0;1;2;-26,88585388;-52,39590989;SPRF-SC;DEL07-SC;UOP01-DEL07-SC
689120;04/05/2025;domingo;19:45:00;MG;50;160;UBERABA;Transitar no Acostamento;Colisão com objeto;Sem Vítimas;Plena Noite;Crescente;Céu Claro;Dupla;"Reta;Declive";Não;1;0;0;0;1;0;0;1;-19,68687956;-47,99240112;SPRF-MG;DEL13-MG;UOP01-DEL13-MG
689122;04/05/2025;domingo;20:14:00;ES;101;101,9;SOORETAMA;Ausência de reação do condutor;Tombamento;Com Vítimas Feridas;Plena Noite;Decrescente;Céu Claro;Dupla;"Ponte;Reta";Não;1;0;1;0;0;0;1;1;-18,99648771;-40,0032915;SPRF-ES;DEL04-ES;UOP01-DEL04-ES
689123;04/05/2025;domingo;19:30:00;RS;153;46;ERECHIM;Acessar a via sem observar a presença dos outros veículos;Colisão frontal;Com Vítimas Feridas;Plena Noite;Decrescente;Céu Claro;Simples;"Reta;Aclive;Interseção de Vias";Sim;6;0;3;0;3;0;3;2;-27,63439335;-52,23722789;SPRF-RS;DEL08-RS;UOP04-DEL08-RS
689125;04/05/2025;domingo;19:35:00;RJ;101;322;NITEROI;Ausência de reação do condutor;Colisão com objeto;Sem Vítimas;Plena Noite;Decrescente;Céu Claro;Dupla;Reta;Não;1;0;0;0;1;0;0;1;-22,8851712;-43,1095808;SPRF-RJ;DEL02-RJ;UOP01-DEL02-RJ
689128;28/04/2025;segunda-feira;18:05:00;RJ;0;0;RIO DE JANEIRO;Ausência de reação do condutor;Colisão transversal;Sem Vítimas;Plena Noite;Não Informado;Céu Claro;Múltipla;Interseção de Vias;Sim;3;0;0;0;2;1;0;3;-22,9626977;-43,2039704;SPRF-RJ;DEL08-RJ;N/A
689129;04/05/2025;domingo;19:00:00;SC;101;44;JOINVILLE;Manobra de mudança de faixa;Colisão com objeto;Com Vítimas Feridas;Plena Noite;Decrescente;Nublado;Dupla;Reta;Sim;2;0;1;0;1;0;1;1;-26,33772997;-48,85894775;SPRF-SC;DEL03-SC;UOP01-DEL03-SC
689130;04/05/2025;domingo;20:55:00;MG;50;202;DELTA;Animais na Pista;Atropelamento de Animal;Com Vítimas Feridas;Plena Noite;Decrescente;Céu Claro;Dupla;Reta;Não;1;0;1;0;0;0;1;1;-19,950889;-47,8048414;SPRF-MG;DEL13-MG;UOP01-DEL13-MG
689131;04/05/2025;domingo;20:12:00;PE;104;72;CARUARU;Velocidade Incompatível;Saída de leito carroçável;Com Vítimas Fatais;Pleno dia;Crescente;Céu Claro;Simples;Curva;Sim;2;1;0;1;0;0;1;1;-8,33463;-35,98075;SPRF-PE;DEL02-PE;UOP01-DEL02-PE
689132;04/05/2025;domingo;18:00:00;RJ;465;13;SEROPEDICA;Acessar a via sem observar a presença dos outros veículos;Colisão transversal;Com Vítimas Feridas;Plena Noite;Decrescente;Nublado;Simples;Reta;Sim;3;0;1;0;2;0;1;2;-22,79943527;-43,64455875;SPRF-RJ;DEL06-RJ;UOP02-DEL06-RJ
689134;04/05/2025;domingo;03:30:00;RS;0;0;CARLOS BARBOSA;Problema com o freio;Colisão com objeto;Sem Vítimas;Plena Noite;Não Informado;Ignorado;Simples;Declive;Não;1;0;0;0;1;0;0;1;-29,31416126;-51,46400034;SPRF-RS;DEL06-RS;UOP01-DEL06-RS
689136;04/05/2025;domingo;20:10:00;PB;230;5;CABEDELO;Ingestão de álcool pelo condutor;Saída de leito carroçável;Com Vítimas Feridas;Plena Noite;Crescente;Céu Claro;Dupla;Reta;Sim;1;0;1;0;0;0;1;1;-7,01589247;-34,83385988;SPRF-PB;DEL01-PB;UOP01-DEL01-PB
689138;04/05/2025;domingo;20:30:00;MG;381;478;CONTAGEM;Manobra de mudança de faixa;Colisão lateral mesmo sentido;Com Vítimas Feridas;Plena Noite;Decrescente;Céu Claro;Dupla;Reta;Sim;4;0;2;0;1;1;2;3;-19,96300087;-44,04146567;SPRF-MG;DEL01-MG;UOP03-DEL01-MG
689139;04/05/2025;domingo;20:30:00;RJ;116;183;NOVA IGUACU;Reação tardia ou ineficiente do condutor;Colisão lateral mesmo sentido;Com Vítimas Feridas;Plena Noite;Crescente;Céu Claro;Múltipla;"Reta;Em Obras";Sim;5;0;2;0;3;0;2;2;-22,7570101;-43,4392678;SPRF-RJ;DEL06-RJ;UOP01-DEL06-RJ
689140;04/05/2025;domingo;16:40:00;AM;174;887;MANAUS;Acessar a via sem observar a presença dos outros veículos;Colisão transversal;Com Vítimas Feridas;Pleno dia;Crescente;Céu Claro;Simples;Aclive;Não;2;0;1;0;1;0;1;2;-2,94802144;-60,03383875;SPRF-AM;DEL01-AM;UOP01-DEL01-AM
689143;04/05/2025;domingo;21:30:00;GO;153;436,5;ANAPOLIS;Ingestão de álcool pelo condutor;Colisão com objeto;Com Vítimas Feridas;Plena Noite;Crescente;Céu Claro;Dupla;"Reta;Desvio Temporário";Não;1;0;0;1;0;0;1;1;-16,299008;-48,927999;SPRF-GO;DEL02-GO;UOP01-DEL02-GO
689144;04/05/2025;domingo;21:05:00;RS;386;165,2;ALMIRANTE TAMANDARE DO SUL;Ausência de reação do condutor;Saída de leito carroçável;Sem Vítimas;Plena Noite;Crescente;Céu Claro;Simples;Reta;Não;2;0;0;0;2;0;0;1;-28,197047;-52,827781;SPRF-RS;DEL08-RS;UOP01-DEL08-RS
689145;04/05/2025;domingo;22:10:00;ES;101;278;SERRA;Reação tardia ou ineficiente do condutor;Colisão com objeto;Com Vítimas Feridas;Plena Noite;Crescente;Céu Claro;Dupla;Reta;Não;3;0;1;0;2;0;1;1;-20,218008;-40,33775;SPRF-ES;DEL02-ES;UOP01-DEL02-ES
689147;04/05/2025;domingo;20:30:00;RO;364;343;JI-PARANA;Acessar a via sem observar a presença dos outros veículos;Atropelamento de Pedestre;Com Vítimas Feridas;Plena Noite;Crescente;Céu Claro;Dupla;Declive;Não;2;0;1;0;1;0;1;2;-10,8415861;-61,94664002;SPRF-RO;DEL02-RO;UOP01-DEL02-RO
689149;04/05/2025;domingo;19:00:00;PE;232;386,5;SERRA TALHADA;Animais na Pista;Atropelamento de Animal;Com Vítimas Fatais;Plena Noite;Crescente;Céu Claro;Simples;Reta;Não;2;1;0;1;0;0;1;1;-8,0339308;-38,1084113;SPRF-PE;DEL04-PE;UOP01-DEL04-PE
689150;04/05/2025;domingo;22:10:00;SC;101;282;IMBITUBA;Demais falhas mecânicas ou elétricas;Tombamento;Com Vítimas Feridas;Plena Noite;Decrescente;Céu Claro;Dupla;Reta;Não;1;0;0;1;0;0;1;1;-28,220329;-48,700381;SPRF-SC;DEL02-SC;UOP03-DEL02-SC
689152;04/05/2025;domingo;18:40:00;MG;116;425,6;ALPERCATA;Demais falhas mecânicas ou elétricas;Tombamento;Com Vítimas Feridas;Plena Noite;Crescente;Céu Claro;Simples;Reta;Não;2;0;2;0;0;0;2;1;-18,9318302;-41,9493979;SPRF-MG;DEL06-MG;UOP01-DEL06-MG
689153;04/05/2025;domingo;22:30:00;PA;316;72;CASTANHAL;Avarias e/ou desgaste excessivo no pneu;Tombamento;Com Vítimas Feridas;Plena Noite;Decrescente;Nublado;Simples;Reta;Não;2;0;2;0;0;0;2;1;-1,289263;-47,84126;SPRF-PA;DEL01-PA;UOP01-DEL01-PA
689154;04/05/2025;domingo;22:50:00;SP;116;107;TAUBATE;Velocidade Incompatível;Colisão com objeto;Sem Vítimas;Plena Noite;Decrescente;Céu Claro;Simples;Curva;Sim;1;0;0;0;0;1;0;1;-23,01837417;-45,53033777;SPRF-SP;DEL02-SP;UOP02-DEL02-SP
689155;04/05/2025;domingo;21:50:00;RN;101;77;SAO GONCALO DO AMARANTE;Velocidade Incompatível;Colisão com objeto;Sem Vítimas;Plena Noite;Crescente;Céu Claro;Dupla;Reta;Não;1;0;0;0;1;0;0;1;-5,73967824;-35,29052608;SPRF-RN;DEL02-RN;UOP01-DEL02-RN
689156;04/05/2025;domingo;22:15:00;RJ;393;247;BARRA DO PIRAI;Ingestão de álcool pelo condutor;Colisão frontal;Com Vítimas Feridas;Plena Noite;Decrescente;Céu Claro;Simples;Reta;Não;3;0;3;0;0;0;3;2;-22,42745674;-43,76768231;SPRF-RJ;DEL05-RJ;UOP04-DEL05-RJ
689157;04/05/2025;domingo;17:00:00;BA;110;287,2;INHAMBUPE;Transitar na contramão;Capotamento;Com Vítimas Fatais;Anoitecer;Crescente;Céu Claro;Simples;Reta;Não;5;2;3;0;0;0;3;1;-11,61122433;-38,30000997;SPRF-BA;DEL01-BA;UOP04-DEL01-BA
689158;04/05/2025;domingo;22:00:00;SC;280;196;MAFRA;Objeto estático sobre o leito carroçável;Queda de ocupante de veículo;Com Vítimas Feridas;Plena Noite;Crescente;Céu Claro;Simples;"Rotatória;Reta;Retorno Regulamentado";Não;1;0;0;1;0;0;1;1;-26,17471322;-50,03980134;SPRF-SC;DEL06-SC;UOP01-DEL06-SC
689160;04/05/2025;domingo;19:10:00;PR;376;37,9;NOVA LONDRINA;Ingestão de álcool pelo condutor;Saída de leito carroçável;Com Vítimas Feridas;Plena Noite;Crescente;Céu Claro;Dupla;"Reta;Rotatória;Interseção de Vias";Não;3;0;2;0;1;0;2;1;-22,81199663;-53,01862478;SPRF-PR;DEL09-PR;UOP02-DEL09-PR
689161;04/05/2025;domingo;23:05:00;SC;163;76,5;SAO MIGUEL DO OESTE;Ausência de sinalização;Colisão com objeto;Com Vítimas Feridas;Plena Noite;Decrescente;Céu Claro;Simples;"Curva;Aclive";Não;1;0;1;0;0;0;1;1;-26,67807742;-53,51569746;SPRF-SC;DEL07-SC;UOP03-DEL07-SC
689162;04/05/2025;domingo;23:00:00;SP;116;102;PINDAMONHANGABA;Reação tardia ou ineficiente do condutor;Colisão traseira;Com Vítimas Feridas;Plena Noite;Crescente;Céu Claro;Dupla;Declive;Não;4;0;1;1;2;0;2;2;-22,99444681;-45,48863411;SPRF-SP;DEL08-SP;UOP01-DEL08-SP
689164;04/05/2025;domingo;23:20:00;SC;470;55,9;BLUMENAU;Ingestão de álcool pelo condutor;Saída de leito carroçável;Sem Vítimas;Plena Noite;Crescente;Céu Claro;Dupla;"Reta;Em Obras";Não;1;0;0;0;1;0;0;1;-26,8764997;-49,12681926;SPRF-SC;DEL04-SC;UOP01-DEL04-SC
689165;04/05/2025;domingo;20:10:00;MG;356;266,3;MURIAE;Transitar na contramão;Colisão frontal;Com Vítimas Feridas;Plena Noite;Decrescente;Céu Claro;Simples;Curva;Sim;2;0;0;2;0;0;2;2;-21,128481;-42,363672;SPRF-MG;DEL07-MG;UOP02-DEL07-MG
689166;05/05/2025;segunda-feira;00:30:00;RJ;393;285;VOLTA REDONDA;Ingestão de álcool pelo condutor;Colisão com objeto;Sem Vítimas;Plena Noite;Decrescente;Nevoeiro/Neblina;Simples;Rotatória;Não;1;0;0;0;1;0;0;1;-22,50560357;-44,07344548;SPRF-RJ;DEL05-RJ;UOP04-DEL05-RJ
689167;05/05/2025;segunda-feira;01:10:00;MG;365;242;BURITIZEIRO;Pedestre cruzava a pista fora da faixa;Atropelamento de Pedestre;Com Vítimas Fatais;Plena Noite;Crescente;Céu Claro;Simples;Reta;Não;2;1;0;0;1;0;0;2;-17,7757689;-45,4152818;SPRF-MG;DEL10-MG;UOP02-DEL010-MG
689168;05/05/2025;segunda-feira;01:22:00;PR;476;145;CURITIBA;Ingestão de álcool pelo condutor;Saída de leito carroçável;Com Vítimas Feridas;Plena Noite;Crescente;Garoa/Chuvisco;Dupla;Reta;Não;1;0;1;0;0;0;1;1;-25,54965744;-49,32595102;SPRF-PR;DEL01-PR;UOP06-DEL01-PR
689169;05/05/2025;segunda-feira;01:50:00;BA;101;212,9;MURITIBA;Chuva;Colisão frontal;Sem Vítimas;Plena Noite;Decrescente;Chuva;Simples;Curva;Não;1;0;0;0;0;1;0;1;-12,6143263;-39,0852734;SPRF-BA;DEL01-BA;UOP02-DEL01-BA
689170;05/05/2025;segunda-feira;04:00:00;SP;116;217;GUARULHOS;Reação tardia ou ineficiente do condutor;Colisão traseira;Com Vítimas Feridas;Plena Noite;Crescente;Céu Claro;Múltipla;"Reta;Em Obras";Sim;6;0;1;0;5;0;1;2;-23,45379191;-46,47073715;SPRF-SP;DEL01-SP;UOP01-DEL01-SP
689171;05/05/2025;segunda-feira;04:15:00;PI;316;316;PICOS;Transitar na contramão;Colisão frontal;Com Vítimas Feridas;Plena Noite;Crescente;Céu Claro;Dupla;"Curva;Aclive";Sim;4;0;0;4;0;0;4;2;-7,08369818;-41,41279531;SPRF-PI;DEL04-PI;UOP01-DEL04-PI
689173;01/05/2025;quinta-feira;07:00:00;RJ;101;302,7;SAO GONCALO;Reação tardia ou ineficiente do condutor;Colisão com objeto;Com Vítimas Feridas;Pleno dia;Crescente;Céu Claro;Dupla;Reta;Não;1;0;1;0;0;0;1;1;-22,78472814;-42,9857254;SPRF-RJ;DEL02-RJ;UOP02-DEL02-RJ
689174;05/05/2025;segunda-feira;04:20:00;PE;424;10,4;ARCOVERDE;Ausência de reação do condutor;Saída de leito carroçável;Sem Vítimas;Plena Noite;Decrescente;Céu Claro;Simples;Reta;Não;2;0;0;0;2;0;0;1;-8,49708;-37,005643;SPRF-PE;DEL04-PE;UOP02-DEL04-PE
689175;04/05/2025;domingo;23:28:00;PI;316;3,2;TERESINA;Animais na Pista;Atropelamento de Animal;Sem Vítimas;Plena Noite;Crescente;Céu Claro;Múltipla;Reta;Sim;1;0;0;0;0;1;0;1;-5,131727;-42,791662;SPRF-PI;DEL01-PI;UOP02-DEL01-PI
689177;05/05/2025;segunda-feira;05:00:00;MG;262;781;UBERABA;Ausência de reação do condutor;Saída de leito carroçável;Sem Vítimas;Amanhecer;Crescente;Céu Claro;Simples;"Curva;Aclive";Não;2;0;0;0;2;0;0;1;-19,7261194;-47,7161517;SPRF-MG;DEL13-MG;UOP01-DEL13-MG
689178;05/05/2025;segunda-feira;06:15:00;RJ;493;19;MAGE;Trafegar com motocicleta (ou similar) entre as faixas;Colisão transversal;Com Vítimas Feridas;Pleno dia;Decrescente;Céu Claro;Simples;Rotatória;Sim;2;0;1;0;1;0;1;2;-22,66374391;-43,03408027;SPRF-RJ;DEL04-RJ;UOP02-DEL04-RJ
689179;04/05/2025;domingo;12:35:00;RO;364;340,3;JI-PARANA;Condutor desrespeitou a iluminação vermelha do semáforo;Colisão transversal;Com Vítimas Feridas;Pleno dia;Decrescente;Céu Claro;Múltipla;Interseção de Vias;Sim;3;0;2;0;1;0;2;2;-10,892618;-61,93042;SPRF-RO;DEL02-RO;UOP01-DEL02-RO
689180;05/05/2025;segunda-feira;02:30:00;BA;116;662;JEQUIE;Ingestão de álcool pelo condutor;Saída de leito carroçável;Sem Vítimas;Plena Noite;Crescente;Céu Claro;Simples;Curva;Não;4;0;0;0;4;0;0;1;-13,7682198;-40,1025;SPRF-BA;DEL03-BA;UOP01-DEL03-BA
689181;05/05/2025;segunda-feira;06:43:00;SP;116;217,6;GUARULHOS;Reação tardia ou ineficiente do condutor;Colisão lateral mesmo sentido;Com Vítimas Feridas;Pleno dia;Crescente;Céu Claro;Dupla;"Reta;Em Obras;Declive";Sim;2;0;1;0;0;1;1;2;-23,45295575;-46,46917677;SPRF-SP;DEL01-SP;UOP01-DEL01-SP
689182;05/05/2025;segunda-feira;06:01:00;PR;369;497,9;CASCAVEL;Transitar na contramão;Colisão frontal;Com Vítimas Feridas;Amanhecer;Crescente;Chuva;Simples;Curva;Não;4;0;3;1;0;0;4;2;-24,89414866;-53,35349798;SPRF-PR;DEL04-PR;UOP01-DEL04-PR
689183;05/05/2025;segunda-feira;06:50:00;DF;40;1;BRASILIA;Trafegar com motocicleta (ou similar) entre as faixas;Tombamento;Com Vítimas Feridas;Pleno dia;Decrescente;Céu Claro;Dupla;Reta;Sim;2;0;1;0;1;0;1;1;-15,985175;-47,977763;SPRF-DF;DEL01-DF;UOP01-DEL01-DF
689184;05/05/2025;segunda-feira;07:00:00;CE;116;12;FORTALEZA;Animais na Pista;Queda de ocupante de veículo;Com Vítimas Feridas;Pleno dia;Crescente;Céu Claro;Múltipla;Interseção de Vias;Sim;1;0;1;0;0;0;1;1;-3,851756;-38,495236;SPRF-CE;DEL01-CE;UOP02-DEL01-CE
689185;05/05/2025;segunda-feira;06:50:00;PB;230;23;JOAO PESSOA;Reação tardia ou ineficiente do condutor;Colisão traseira;Com Vítimas Feridas;Pleno dia;Decrescente;Céu Claro;Dupla;Reta;Sim;2;0;1;0;1;0;1;2;-7,169108;-34,880002;SPRF-PB;DEL01-PB;UOP01-DEL01-PB
689186;05/05/2025;segunda-feira;02:30:00;BA;116;663,8;JEQUIE;Reação tardia ou ineficiente do condutor;Saída de leito carroçável;Com Vítimas Feridas;Pleno dia;Crescente;Céu Claro;Simples;Reta;Não;2;0;2;0;0;0;2;1;-13,781528;-40,105963;SPRF-BA;DEL03-BA;UOP01-DEL03-BA
689187;05/05/2025;segunda-feira;07:00:00;PR;277;75;SAO JOSE DOS PINHAIS;Trafegar com motocicleta (ou similar) entre as faixas;Colisão lateral mesmo sentido;Com Vítimas Feridas;Pleno dia;Crescente;Céu Claro;Dupla;Reta;Não;4;0;1;0;3;0;1;3;-25,4916258;-49,17008249;SPRF-PR;DEL01-PR;UOP07-DEL01-PR
689189;05/05/2025;segunda-feira;07:30:00;RJ;116;293;BARRA MANSA;Reação tardia ou ineficiente do condutor;Queda de ocupante de veículo;Com Vítimas Feridas;Pleno dia;Crescente;Céu Claro;Dupla;Reta;Não;1;0;1;0;0;0;1;1;-22,46528051;-44,28454217;SPRF-RJ;DEL07-RJ;UOP02-DEL07-RJ
689190;04/05/2025;domingo;23:15:00;MG;381;163;GOVERNADOR VALADARES;Ingestão de álcool pelo condutor;Colisão frontal;Com Vítimas Feridas;Plena Noite;Decrescente;Céu Claro;Simples;Reta;Não;58;0;0;2;55;1;2;3;-18,914454;-42,010512;SPRF-MG;DEL06-MG;UOP01-DEL06-MG
689194;05/05/2025;segunda-feira;07:43:00;ES;101;135,9;LINHARES;Ausência de reação do condutor;Saída de leito carroçável;Sem Vítimas;Pleno dia;Decrescente;Céu Claro;Dupla;Reta;Não;1;0;0;0;0;1;0;1;-19,283145;-40,086991;SPRF-ES;DEL04-ES;UOP01-DEL04-ES
689195;05/05/2025;segunda-feira;07:05:00;PB;230;2,4;CABEDELO;Ausência de reação do condutor;Colisão traseira;Com Vítimas Feridas;Pleno dia;Crescente;Sol;Dupla;"Em Obras;Reta";Sim;3;0;2;0;1;0;2;2;-6,989813;-34,828602;SPRF-PB;DEL01-PB;UOP01-DEL01-PB
689196;05/05/2025;segunda-feira;07:45:00;SP;116;147,1;SAO JOSE DOS CAMPOS;Condutor deixou de manter distância do veículo da frente;Colisão traseira;Com Vítimas Feridas;Pleno dia;Decrescente;Céu Claro;Múltipla;"Reta;Declive";Não;2;0;1;0;1;0;1;2;-23,19492708;-45,8707213;SPRF-SP;DEL02-SP;UOP01-DEL02-SP
689197;05/05/2025;segunda-feira;07:20:00;RS;116;36,9;VACARIA;Acessar a via sem observar a presença dos outros veículos;Colisão transversal;Com Vítimas Feridas;Pleno dia;Decrescente;Nublado;Simples;Rotatória;Não;3;0;2;0;1;0;2;2;-28,498623;-50,917507;SPRF-RS;DEL05-RS;UOP03-DEL05-RS
689199;05/05/2025;segunda-feira;07:30:00;PE;232;5,4;RECIFE;Manobra de mudança de faixa;Colisão traseira;Com Vítimas Feridas;Pleno dia;Decrescente;Céu Claro;Dupla;Reta;Sim;3;0;2;0;1;0;2;2;-8,06896006;-34,94747758;SPRF-PE;DEL01-PE;UOP01-DEL01-PE
689200;05/05/2025;segunda-feira;06:50:00;GO;60;245,2;INDIARA;Velocidade Incompatível;Saída de leito carroçável;Com Vítimas Fatais;Pleno dia;Crescente;Céu Claro;Dupla;"Declive;Curva";Não;5;2;0;3;0;0;3;1;-17,106405;-49,931033;SPRF-GO;DEL01-GO;UOP02-DEL01-GO
689202;05/05/2025;segunda-feira;06:40:00;PB;230;424;POMBAL;Manobra de mudança de faixa;Colisão frontal;Com Vítimas Feridas;Pleno dia;Crescente;Céu Claro;Simples;"Curva;Declive";Não;2;0;1;1;0;0;2;2;-6,734381;-37,894396;SPRF-PB;DEL03-PB;UOP02-DEL03-PB
689203;05/05/2025;segunda-feira;07:30:00;MG;116;765,2;LEOPOLDINA;Acessar a via sem observar a presença dos outros veículos;Colisão transversal;Com Vítimas Feridas;Pleno dia;Crescente;Sol;Simples;"Reta;Interseção de Vias";Sim;2;0;1;0;1;0;1;2;-21,5197389;-42,6491103;SPRF-MG;DEL07-MG;UOP01-DEL07-MG
689204;05/05/2025;segunda-feira;08:45:00;PB;230;9;CABEDELO;Acumulo de areia ou detritos sobre o pavimento;Tombamento;Com Vítimas Feridas;Pleno dia;Crescente;Céu Claro;Dupla;Curva;Não;2;0;1;0;1;0;1;1;-7,051962;-34,850281;SPRF-PB;DEL01-PB;UOP01-DEL01-PB
689205;05/05/2025;segunda-feira;08:10:00;SC;101;201,9;SAO JOSE;Trafegar com motocicleta (ou similar) entre as faixas;Colisão traseira;Com Vítimas Feridas;Pleno dia;Crescente;Céu Claro;Dupla;Reta;Sim;3;0;1;0;2;0;1;2;-27,556347;-48,619266;SPRF-SC;DEL01-SC;UOP01-DEL01-SC