id;data_inversa;dia_semana;horario;uf;br;km;municipio;causa_acidente;tipo_acidente;classificacao_acidente;fase_dia;sentido_via;condicao_metereologica;tipo_pista;tracado_via;uso_solo;pessoas;mortos;feridos_leves;feridos_graves;ilesos;ignorados;feridos;veiculos;latitude;longitude;regional;delegacia;uop
689328;05/05/2025;segunda-feira;17:45:00;SC;101;55,4;JOINVILLE;Ausência de reação do condutor;Colisão com objeto;Sem Vítimas;Anoitecer;Decrescente;Nublado;Dupla;Reta;Não;2;0;0;0;1;1;0;2;-26,43063676;-48,82386295;SPRF-SC;DEL03-SC;UOP01-DEL03-SC
689330;05/05/2025;segunda-feira;16:55:00;PR;469;20,3;FOZ DO IGUACU;Transitar na contramão;Colisão frontal;Com Vítimas Feridas;Anoitecer;Crescente;Sol;Simples;"Declive;Curva";Não;2;0;1;0;1;0;1;2;-25,607914;-54,491475;SPRF-PR;DEL05-PR;UOP04-DEL05-PR
689333;05/05/2025;segunda-feira;20:00:00;MG;262;442,6;NOVA SERRANA;Velocidade Incompatível;Colisão traseira;Com Vítimas Feridas;Plena Noite;Decrescente;Céu Claro;Dupla;Curva;Sim;4;0;1;0;2;1;1;3;-19,872251;-44,968896;SPRF-MG;DEL08-MG;UOP03-DEL08-MG
689335;05/05/2025;segunda-feira;18:40:00;SC;116;69;MONTE CASTELO;Ausência de reação do condutor;Colisão com objeto;Com Vítimas Feridas;Anoitecer;Crescente;Nublado;Simples;"Interseção de Vias;Declive;Rotatória";Sim;2;0;1;0;1;0;1;2;-26,46109108;-50,22915649;SPRF-SC;DEL06-SC;UOP02-DEL06-SC
689337;05/05/2025;segunda-feira;18:40:00;PE;428;167,6;PETROLINA;Demais falhas mecânicas ou elétricas;Incêndio;Sem Vítimas;Plena Noite;Decrescente;Céu Claro;Simples;Reta;Não;1;0;0;0;1;0;0;1;-9,23394317;-40,41492462;SPRF-PE;DEL06-PE;UOP01-DEL06-PE
689341;05/05/2025;segunda-feira;19:40:00;PE;104;13,1;TAQUARITINGA DO NORTE;Conversão proibida;Colisão transversal;Sem Vítimas;Plena Noite;Crescente;Céu Claro;Simples;Reta;Não;2;0;0;0;2;0;0;2;-7,89541322;-36,11276865;SPRF-PE;DEL02-PE;UOP01-DEL02-PE
689343;05/05/2025;segunda-feira;18:30:00;MG;153;30,3;CANAPOLIS;Avarias e/ou desgaste excessivo no pneu;Saída de leito carroçável;Sem Vítimas;Plena Noite;Crescente;Céu Claro;Dupla;Reta;Não;1;0;0;0;1;0;0;1;-18,68909826;-49,15068626;SPRF-MG;DEL15-MG;UOP03-DEL15-MG
689344;05/05/2025;segunda-feira;20:00:00;MG;365;472;PATROCINIO;Ultrapassagem Indevida;Queda de ocupante de veículo;Com Vítimas Feridas;Plena Noite;Decrescente;Céu Claro;Simples;Reta;Sim;3;0;1;1;1;0;2;2;-18,91123354;-46,96975851;SPRF-MG;DEL10-MG;UOP01-DEL10-MG
689345;05/05/2025;segunda-feira;20:40:00;PE;101;12;GOIANA;Ausência de reação do condutor;Saída de leito carroçável;Com Vítimas Feridas;Plena Noite;Decrescente;Nublado;Dupla;Reta;Não;4;0;4;0;0;0;4;1;-7,60253326;-34,97927785;SPRF-PE;DEL01-PE;UOP02-DEL01-PE
689346;05/05/2025;segunda-feira;17:40:00;SC;101;385,6;ICARA;Manobra de mudança de faixa;Colisão lateral mesmo sentido;Com Vítimas Feridas;Anoitecer;Decrescente;Céu Claro;Dupla;Reta;Sim;2;0;1;0;1;0;1;2;-28,78446037;-49,33517329;SPRF-SC;DEL02-SC;UOP02-DEL02-SC
689347;05/05/2025;segunda-feira;17:56:00;CE;304;47;ARACATI;Ultrapassagem Indevida;Colisão lateral mesmo sentido;Com Vítimas Feridas;Anoitecer;Decrescente;Céu Claro;Dupla;"Ponte;Em Obras;Reta";Sim;3;0;3;0;0;0;3;2;-4,61595077;-37,75425771;SPRF-CE;DEL03-CE;UOP02-DEL03-CE
689348;05/05/2025;segunda-feira;18:40:00;RJ;101;487;ANGRA DOS REIS;Conversão proibida;Colisão transversal;Com Vítimas Feridas;Anoitecer;Crescente;Céu Claro;Dupla;Reta;Sim;2;0;2;0;0;0;2;2;-22,96948156;-44,29840419;SPRF-RJ;DEL03-RJ;UOP03-DEL03-RJ
689349;05/05/2025;segunda-feira;14:00:00;RJ;116;261;PIRAI;Pedestre andava na pista;Atropelamento de Pedestre;Com Vítimas Feridas;Pleno dia;Decrescente;Céu Claro;Múltipla;Reta;Não;2;0;0;1;1;0;1;2;-22,58416205;-44,04659271;SPRF-RJ;DEL07-RJ;UOP02-DEL07-RJ
689350;05/05/2025;segunda-feira;20:20:00;RJ;116;228;PARACAMBI;Pedestre andava na pista;Atropelamento de Pedestre;Com Vítimas Feridas;Plena Noite;Crescente;Céu Claro;Simples;Reta;Não;2;0;0;1;0;1;1;2;-22,67410736;-43,81759644;SPRF-RJ;DEL07-RJ;UOP01-DEL07-RJ
689351;05/05/2025;segunda-feira;16:37:00;ES;101;165;LINHARES;Ausência de reação do condutor;Colisão transversal;Com Vítimas Feridas;Pleno dia;Crescente;Céu Claro;Simples;Reta;Não;2;0;0;1;1;0;1;2;-19,51847859;-40,14333005;SPRF-ES;DEL04-ES;UOP01-DEL04-ES
689353;05/05/2025;segunda-feira;20:20:00;ES;101;69,2;SAO MATEUS;Animais na Pista;Atropelamento de Animal;Com Vítimas Fatais;Plena Noite;Decrescente;Céu Claro;Simples;Reta;Não;2;1;0;0;0;1;0;2;-18,736655;-39,860802;SPRF-ES;DEL04-ES;UOP02-DEL04-ES
689354;05/05/2025;segunda-feira;18:40:00;MG;116;352;JAMPRUCA;Animais na Pista;Atropelamento de Animal;Com Vítimas Feridas;Plena Noite;Decrescente;Céu Claro;Simples;Reta;Não;1;0;1;0;0;0;1;1;-18,408827;-41,819295;SPRF-MG;DEL11-MG;UOP01-DEL11-MG
689355;05/05/2025;segunda-feira;21:30:00;SC;163;76,5;SAO MIGUEL DO OESTE;Iluminação deficiente;Colisão com objeto;Com Vítimas Feridas;Plena Noite;Decrescente;Céu Claro;Simples;"Curva;Aclive";Sim;2;0;2;0;0;0;2;1;-26,70507218;-53,5135405;SPRF-SC;DEL07-SC;UOP03-DEL07-SC
689356;05/05/2025;segunda-feira;21:05:00;CE;116;54;PACAJUS;Suicídio (presumido);Colisão frontal;Com Vítimas Feridas;Plena Noite;Crescente;Céu Claro;Simples;Reta;Não;2;0;0;1;1;0;1;2;-4,20105465;-38,46989393;SPRF-CE;DEL01-CE;UOP02-DEL01-CE
689357;05/05/2025;segunda-feira;20:45:00;RJ;101;439;MANGARATIBA;Animais na Pista;Atropelamento de Animal;Com Vítimas Feridas;Plena Noite;Decrescente;Céu Claro;Simples;Reta;Não;1;0;1;0;0;0;1;1;-22,95137609;-44,08111167;SPRF-RJ;DEL03-RJ;UOP02-DEL03-RJ
689359;05/05/2025;segunda-feira;19:35:00;BA;324;522;FEIRA DE SANTANA;Pista Escorregadia;Queda de ocupante de veículo;Com Vítimas Fatais;Plena Noite;Decrescente;Garoa/Chuvisco;Simples;Reta;Sim;1;1;0;0;0;0;0;1;-12,29808;-38,901218;SPRF-BA;DEL01-BA;UOP03-DEL01-BA
689360;05/05/2025;segunda-feira;21:45:00;ES;262;162;IBATIBA;Transitar no Acostamento;Colisão lateral mesmo sentido;Com Vítimas Feridas;Plena Noite;Crescente;Nublado;Simples;Reta;Não;3;0;1;0;2;0;1;2;-20,23417389;-41,52780533;SPRF-ES;DEL01-ES;UOP02-DEL01-ES
689362;05/05/2025;segunda-feira;21:30:00;SP;381;84,2;SAO PAULO;Pedestre andava na pista;Atropelamento de Pedestre;Com Vítimas Fatais;Plena Noite;Decrescente;Céu Claro;Dupla;Reta;Sim;2;1;0;0;0;1;0;2;-23,45717631;-46,57102078;SPRF-SP;DEL03-SP;UOP01-DEL03-SP
689364;05/05/2025;segunda-feira;19:45:00;PI;343;305;ALTOS;Transitar na contramão;Colisão transversal;Com Vítimas Feridas;Plena Noite;Decrescente;Céu Claro;Simples;Reta;Sim;3;0;2;0;1;0;2;2;-5,033828;-42,44264;SPRF-PI;DEL01-PI;UOP01-DEL01-PI
689366;05/05/2025;segunda-feira;22:45:00;SP;116;143;SAO JOSE DOS CAMPOS;Condutor deixou de manter distância do veículo da frente;Colisão traseira;Com Vítimas Feridas;Plena Noite;Decrescente;Céu Claro;Dupla;Reta;Sim;2;0;1;0;1;0;1;2;-23,17701628;-45,83470345;SPRF-SP;DEL02-SP;UOP01-DEL02-SP
689368;05/05/2025;segunda-feira;19:00:00;RO;364;533,8;ALTO PARAISO;Reação tardia ou ineficiente do condutor;Queda de ocupante de veículo;Com Vítimas Feridas;Plena Noite;Decrescente;Céu Claro;Simples;"Declive;Curva";Não;1;0;0;1;0;0;1;1;-9,76468475;-63,09414832;SPRF-RO;DEL03-RO;UOP01-DEL03-RO
689369;05/05/2025;segunda-feira;22:30:00;RS;285;412,8;PANAMBI;Ingestão de álcool pelo condutor;Saída de leito carroçável;Sem Vítimas;Plena Noite;Decrescente;Céu Claro;Simples;Reta;Não;1;0;0;0;1;0;0;1;-28,359033;-53,447251;SPRF-RS;DEL10-RS;UOP02-DEL10-RS
689370;06/05/2025;terça-feira;01:40:00;SP;116;227;SAO PAULO;Acumulo de areia ou detritos sobre o pavimento;Queda de ocupante de veículo;Com Vítimas Feridas;Plena Noite;Decrescente;Céu Claro;Múltipla;Reta;Sim;1;0;1;0;0;0;1;1;-23,50155554;-46,56467423;SPRF-SP;DEL01-SP;UOP01-DEL01-SP
689371;14/03/2025;sexta-feira;15:11:00;ES;262;35;DOMINGOS MARTINS;Entrada inopinada do pedestre;Atropelamento de Pedestre;Com Vítimas Feridas;Pleno dia;Crescente;Ignorado;Simples;Reta;Não;2;0;1;0;0;1;1;2;-20,38141212;-40,61063716;SPRF-ES;DEL01-ES;UOP01-DEL01-ES
689373;06/05/2025;terça-feira;03:00:00;ES;262;148;IBATIBA;Reação tardia ou ineficiente do condutor;Saída de leito carroçável;Com Vítimas Feridas;Plena Noite;Crescente;Céu Claro;Simples;Curva;Não;1;0;1;0;0;0;1;1;-20,2181871;-41,43147469;SPRF-ES;DEL01-ES;UOP02-DEL01-ES
689377;06/05/2025;terça-feira;05:50:00;RN;226;118,5;SANTA CRUZ;Ausência de reação do condutor;Colisão traseira;Com Vítimas Feridas;Pleno dia;Decrescente;Céu Claro;Simples;Reta;Não;2;0;0;1;1;0;1;2;-6,19354718;-36,054039;SPRF-RN;DEL03-RN;UOP02-DEL03-RN
689379;06/05/2025;terça-feira;05:45:00;SC;101;208;SAO JOSE;Condutor deixou de manter distância do veículo da frente;Colisão traseira;Com Vítimas Feridas;Pleno dia;Decrescente;Céu Claro;Dupla;Reta;Sim;3;0;2;0;1;0;2;2;-27,603491;-48,632046;SPRF-SC;DEL01-SC;UOP01-DEL01-SC
689380;06/05/2025;terça-feira;06:25:00;PB;230;26;JOAO PESSOA;Condutor Dormindo;Queda de ocupante de veículo;Com Vítimas Feridas;Pleno dia;Decrescente;Sol;Dupla;Reta;Não;2;0;1;1;0;0;2;1;-7,16907872;-34,88126993;SPRF-PB;DEL01-PB;UOP01-DEL01-PB
689381;06/05/2025;terça-feira;05:00:00;SC;470;290,1;BRUNOPOLIS;Demais falhas na via;Colisão frontal;Com Vítimas Feridas;Pleno dia;Decrescente;Céu Claro;Simples;Reta;Não;8;0;2;6;0;0;8;2;-27,335973;-50,965332;SPRF-SC;DEL07-SC;UOP06-DEL07-SC
689382;05/05/2025;segunda-feira;18:00:00;PR;116;61;QUATRO BARRAS;Ausência de reação do condutor;Saída de leito carroçável;Com Vítimas Feridas;Anoitecer;Decrescente;Garoa/Chuvisco;Dupla;Reta;Não;1;0;1;0;0;0;1;1;-25,30413758;-48,9560616;SPRF-PR;DEL01-PR;UOP02-DEL01-PR
689383;06/05/2025;terça-feira;06:30:00;RS;293;68;PIRATINI;Neblina;Colisão com objeto;Com Vítimas Feridas;Amanhecer;Decrescente;Garoa/Chuvisco;Simples;Reta;Não;4;0;2;0;2;0;2;1;-31,69175862;-53,01877499;SPRF-RS;DEL07-RS;UOP01-DEL07-RS
689384;06/05/2025;terça-feira;06:10:00;PR;277;145,1;BALSA NOVA;Condutor deixou de manter distância do veículo da frente;Colisão com objeto;Com Vítimas Feridas;Amanhecer;Decrescente;Nevoeiro/Neblina;Dupla;"Curva;Aclive";Não;3;0;3;0;0;0;3;1;-25,47634048;-49,71367691;SPRF-PR;DEL03-PR;UOP03-DEL03-PR
689385;06/05/2025;terça-feira;06:40:00;SP;116;228;SAO PAULO;Reação tardia ou ineficiente do condutor;Tombamento;Com Vítimas Feridas;Pleno dia;Decrescente;Nublado;Múltipla;"Reta;Declive";Sim;1;0;1;0;0;0;1;1;-23,5036001;-46,5665933;SPRF-SP;DEL01-SP;UOP01-DEL01-SP
689387;06/05/2025;terça-feira;06:50:00;MG;40;607;CONGONHAS;Manobra de mudança de faixa;Colisão lateral mesmo sentido;Com Vítimas Feridas;Pleno dia;Decrescente;Céu Claro;Simples;Aclive;Não;3;0;1;0;2;0;1;2;-20,48060409;-43,84059325;SPRF-MG;DEL05-MG;UOP02-DEL05-MG
689388;06/05/2025;terça-feira;07:05:00;MG;381;507;BETIM;Ausência de reação do condutor;Queda de ocupante de veículo;Com Vítimas Feridas;Pleno dia;Crescente;Céu Claro;Dupla;Reta;Não;1;0;1;0;0;0;1;1;-20,03774532;-44,24868375;SPRF-MG;DEL01-MG;UOP03-DEL01-MG
689390;06/05/2025;terça-feira;07:18:00;PB;230;22;JOAO PESSOA;Condutor deixou de manter distância do veículo da frente;Colisão traseira;Com Vítimas Feridas;Pleno dia;Decrescente;Céu Claro;Dupla;Reta;Sim;4;0;1;1;2;0;2;2;-7,14691219;-34,85057259;SPRF-PB;DEL01-PB;UOP01-DEL01-PB
689391;06/05/2025;terça-feira;07:15:00;AL;101;214;SAO SEBASTIAO;Animais na Pista;Atropelamento de Animal;Com Vítimas Feridas;Pleno dia;Decrescente;Nublado;Dupla;Reta;Sim;1;0;1;0;0;0;1;1;-10,031392;-36,635152;SPRF-AL;DEL02-AL;UOP02-DEL02-AL
689393;06/05/2025;terça-feira;07:15:00;SC;101;192;BIGUACU;Ausência de reação do condutor;Colisão traseira;Com Vítimas Feridas;Pleno dia;Decrescente;Céu Claro;Múltipla;Reta;Sim;2;0;1;0;1;0;1;2;-27,488;-48,653;SPRF-SC;DEL01-SC;UOP01-DEL01-SC
689395;06/05/2025;terça-feira;07:30:00;PR;369;156;LONDRINA;Condutor deixou de manter distância do veículo da frente;Colisão lateral mesmo sentido;Com Vítimas Feridas;Pleno dia;Decrescente;Céu Claro;Dupla;Interseção de Vias;Sim;2;0;2;0;0;0;2;2;-23,291605;-51,217812;SPRF-PR;DEL07-PR;UOP01-DEL07-PR
689396;06/05/2025;terça-feira;05:40:00;PR;476;281,4;SAO MATEUS DO SUL;Desrespeitar a preferência no cruzamento;Colisão transversal;Sem Vítimas;Amanhecer;Decrescente;Garoa/Chuvisco;Simples;"Rotatória;Interseção de Vias";Não;3;0;0;0;3;0;0;2;-25,87855957;-50,42771697;SPRF-PR;DEL02-PR;UOP03-DEL02-PR
689397;06/05/2025;terça-feira;07:30:00;MG;267;30,9;ARGIRITA;Ausência de reação do condutor;Colisão traseira;Com Vítimas Feridas;Pleno dia;Decrescente;Nublado;Simples;"Reta;Aclive";Não;2;0;1;0;1;0;1;2;-21,65733347;-42,8698647;SPRF-MG;DEL07-MG;UOP01-DEL07-MG
689398;06/05/2025;terça-feira;07:20:00;BA;101;810;ITAMARAJU;Entrada inopinada do pedestre;Atropelamento de Pedestre;Com Vítimas Feridas;Pleno dia;Decrescente;Sol;Simples;Curva;Não;3;0;0;1;2;0;1;2;-17,03747324;-39,54455805;SPRF-BA;DEL09-BA;UOP01-DEL09-BA
689399;06/05/2025;terça-feira;08:00:00;MG;262;800;UBERABA;Condutor deixou de manter distância do veículo da frente;Colisão traseira;Com Vítimas Feridas;Pleno dia;Decrescente;Céu Claro;Dupla;"Interseção de Vias;Em Obras;Reta";Não;2;0;1;0;1;0;1;2;-19,7680691;-47,8911655;SPRF-MG;DEL13-MG;UOP01-DEL13-MG
689401;06/05/2025;terça-feira;08:10:00;BA;324;602;SIMOES FILHO;Chuva;Saída de leito carroçável;Com Vítimas Feridas;Pleno dia;Crescente;Chuva;Dupla;Reta;Não;2;0;1;0;1;0;1;1;-12,768074;-38,421906;SPRF-BA;DEL01-BA;UOP01-DEL01-BA
689402;06/05/2025;terça-feira;08:00:00;SP;116;107;TAUBATE;Reação tardia ou ineficiente do condutor;Tombamento;Com Vítimas Feridas;Pleno dia;Crescente;Céu Claro;Dupla;Reta;Sim;1;0;1;0;0;0;1;1;-23,0142654;-45,52408169;SPRF-SP;DEL02-SP;UOP02-DEL02-SP
689403;06/05/2025;terça-feira;08:02:00;PE;232;6;RECIFE;Ausência de reação do condutor;Colisão traseira;Com Vítimas Feridas;Pleno dia;Decrescente;Céu Claro;Dupla;Reta;Sim;2;0;0;1;1;0;1;2;-8,072192;-34,957712;SPRF-PE;DEL01-PE;UOP01-DEL01-PE
689404;06/05/2025;terça-feira;07:15:00;RJ;101;519;ANGRA DOS REIS;Ausência de reação do condutor;Colisão traseira;Com Vítimas Feridas;Pleno dia;Decrescente;Sol;Simples;Reta;Não;4;0;2;0;2;0;2;3;-23,009392;-44,449738;SPRF-RJ;DEL03-RJ;UOP03-DEL03-RJ
689405;06/05/2025;terça-feira;07:55:00;RS;116;260;CANOAS;Manobra de mudança de faixa;Colisão lateral mesmo sentido;Com Vítimas Feridas;Pleno dia;Crescente;Céu Claro;Dupla;Reta;Sim;2;0;1;0;1;0;1;2;-29,882765;-51,180593;SPRF-RS;DEL01-RS;UOP01-DEL01-RS
689406;06/05/2025;terça-feira;08:10:00;MG;354;705,4;CAXAMBU;Acessar a via sem observar a presença dos outros veículos;Colisão transversal;Sem Vítimas;Pleno dia;Crescente;Nublado;Simples;"Interseção de Vias;Rotatória";Sim;2;0;0;0;2;0;0;2;-21,99347334;-44,92609799;SPRF-MG;DEL17-MG;UOP01-DEL17-MG
689407;06/05/2025;terça-feira;06:40:00;MG;262;445,1;NOVA SERRANA;Acessar a via sem observar a presença dos outros veículos;Colisão traseira;Sem Vítimas;Pleno dia;Decrescente;Sol;Simples;"Interseção de Vias;Reta";Sim;3;0;0;0;3;0;0;2;-19,866025;-44,9917377;SPRF-MG;DEL08-MG;UOP03-DEL08-MG
689409;06/05/2025;terça-feira;07:30:00;ES;101;42;SAO MATEUS;Reação tardia ou ineficiente do condutor;Tombamento;Com Vítimas Feridas;Pleno dia;Crescente;Céu Claro;Simples;Reta;Não;1;0;1;0;0;0;1;1;-18,6489351;-39,8735889;SPRF-ES;DEL04-ES;UOP02-DEL04-ES
689412;06/05/2025;terça-feira;08:15:00;SC;101;119;ITAJAI;Reação tardia ou ineficiente do condutor;Colisão lateral mesmo sentido;Com Vítimas Feridas;Pleno dia;Crescente;Céu Claro;Múltipla;Reta;Sim;2;0;1;0;1;0;1;2;-26,91457709;-48,71133375;SPRF-SC;DEL04-SC;UOP04-DEL04-SC
689414;06/05/2025;terça-feira;08:20:00;SC;282;0,1;FLORIANOPOLIS;Reação tardia ou ineficiente do condutor;Colisão traseira;Com Vítimas Feridas;Pleno dia;Crescente;Céu Claro;Múltipla;Reta;Sim;2;0;1;0;1;0;1;2;-27,59456988;-48,56970755;SPRF-SC;DEL01-SC;UOP01-DEL01-SC
689416;06/05/2025;terça-feira;08:20:00;RS;290;94;PORTO ALEGRE;Reação tardia ou ineficiente do condutor;Colisão lateral mesmo sentido;Com Vítimas Feridas;Pleno dia;Crescente;Sol;Múltipla;Reta;Não;2;0;1;0;1;0;1;2;-29,99217761;-51,20359004;SPRF-RS;DEL01-RS;UOP01-DEL01-RS
689419;06/05/2025;terça-feira;08:40:00;PI;316;1;TERESINA;Condutor deixou de manter distância do veículo da frente;Colisão traseira;Com Vítimas Feridas;Pleno dia;Crescente;Nublado;Dupla;Curva;Não;2;0;1;0;1;0;1;2;-5,2678725;-42,727538;SPRF-PI;DEL01-PI;UOP02-DEL01-PI
689420;06/05/2025;terça-feira;07:00:00;MT;163;831;SINOP;Condutor deixou de manter distância do veículo da frente;Colisão traseira;Com Vítimas Feridas;Pleno dia;Crescente;Céu Claro;Simples;Reta;Sim;2;0;1;0;1;0;1;2;-11,895262;-55,50403;SPRF-MT;DEL06-MT;UOP02-DEL06-MT
689421;06/05/2025;terça-feira;09:40:00;CE;116;25;AQUIRAZ;Avarias e/ou desgaste excessivo no pneu;Queda de ocupante de veículo;Com Vítimas Feridas;Pleno dia;Decrescente;Céu Claro;Múltipla;Reta;Sim;1;0;1;0;0;0;1;1;-3,96843937;-38,51488916;SPRF-CE;DEL01-CE;UOP02-DEL01-CE
689422;06/05/2025;terça-feira;08:40:00;BA;116;822;VITORIA DA CONQUISTA;Reação tardia ou ineficiente do condutor;Colisão traseira;Com Vítimas Feridas;Pleno dia;Decrescente;Chuva;Dupla;Reta;Sim;2;0;1;0;1;0;1;2;-14,8478307;-40,8484337;SPRF-BA;DEL08-BA;UOP01-DEL08-BA
689425;06/05/2025;terça-feira;08:15:00;RN;405;77;APODI;Ausência de reação do condutor;Colisão lateral mesmo sentido;Com Vítimas Feridas;Pleno dia;Decrescente;Céu Claro;Simples;Reta;Sim;2;0;0;2;0;0;2;2;-5,664512;-37,796883;SPRF-RN;DEL04-RN;UOP02-DEL04-RN
689426;06/05/2025;terça-feira;10:00:00;SC;101;133;BALNEARIO CAMBORIU;Entrada inopinada do pedestre;Atropelamento de Pedestre;Com Vítimas Feridas;Pleno dia;Decrescente;Céu Claro;Dupla;Reta;Sim;2;0;1;0;1;0;1;2;-27,00190882;-48,64255786;SPRF-SC;DEL04-SC;UOP03-DEL04-SC
689429;06/05/2025;terça-feira;10:00:00;DF;40;5;BRASILIA;Frear bruscamente;Queda de ocupante de veículo;Com Vítimas Feridas;Pleno dia;Decrescente;Céu Claro;Dupla;Reta;Sim;1;0;1;0;0;0;1;1;-16,02239847;-47,98001753;SPRF-DF;DEL01-DF;UOP01-DEL01-DF
689431;06/05/2025;terça-feira;07:10:00;RS;471;559,6;SANTA VITORIA DO PALMAR;Acessar a via sem observar a presença dos outros veículos;Colisão lateral sentido oposto;Com Vítimas Feridas;Pleno dia;Crescente;Nevoeiro/Neblina;Simples;Reta;Não;3;0;0;1;2;0;1;2;-32,99594791;-52,81957215;SPRF-RS;DEL07-RS;UOP04-DEL07-RS
689433;06/05/2025;terça-feira;07:33:00;SP;381;89;SAO PAULO;Reação tardia ou ineficiente do condutor;Queda de ocupante de veículo;Com Vítimas Feridas;Pleno dia;Decrescente;Céu Claro;Múltipla;Reta;Sim;1;0;1;0;0;0;1;1;-23,49064286;-46,56040192;SPRF-SP;DEL03-SP;UOP01-DEL03-SP
689435;06/05/2025;terça-feira;11:00:00;RN;101;83;NATAL;Condutor deixou de manter distância do veículo da frente;Colisão traseira;Com Vítimas Feridas;Pleno dia;Decrescente;Céu Claro;Dupla;Reta;Sim;3;0;2;0;1;0;2;2;-5,77253866;-35,26227015;SPRF-RN;DEL02-RN;UOP01-DEL02-RN
689436;06/05/2025;terça-feira;11:25:00;PR;277;78;CURITIBA;Reação tardia ou ineficiente do condutor;Colisão traseira;Com Vítimas Feridas;Pleno dia;Decrescente;Nublado;Dupla;"Reta;Aclive";Sim;4;0;1;0;3;0;1;2;-25,479177;-49,2006699;SPRF-PR;DEL01-PR;UOP07-DEL01-PR
689437;06/05/2025;terça-feira;10:00:00;RJ;101;445;MANGARATIBA;Condutor Dormindo;Saída de leito carroçável;Com Vítimas Feridas;Amanhecer;Decrescente;Céu Claro;Simples;Curva;Não;1;0;1;0;0;0;1;1;-22,993268;-44,093071;SPRF-RJ;DEL03-RJ;UOP02-DEL03-RJ
689438;06/05/2025;terça-feira;11:10:00;PB;101;38;MAMANGUAPE;Acesso irregular;Tombamento;Com Vítimas Feridas;Pleno dia;Crescente;Céu Claro;Dupla;Reta;Não;1;0;0;1;0;0;1;1;-6,82161988;-35,13861135;SPRF-PB;DEL01-PB;UOP03-DEL01-PB
689439;06/05/2025;terça-feira;06:55:00;MG;262;445,3;NOVA SERRANA;Ausência de reação do condutor;Colisão traseira;Com Vítimas Feridas;Pleno dia;Crescente;Céu Claro;Dupla;Reta;Sim;3;0;0;2;1;0;2;3;-19,86459091;-44,99536514;SPRF-MG;DEL08-MG;UOP03-DEL08-MG
689441;06/05/2025;terça-feira;11:40:00;RS;116;263;CANOAS;Demais falhas mecânicas ou elétricas;Incêndio;Sem Vítimas;Pleno dia;Crescente;Céu Claro;Dupla;Viaduto;Sim;1;0;0;0;0;1;0;1;-29,90311125;-51,1766967;SPRF-RS;DEL01-RS;UOP01-DEL01-RS
689442;06/05/2025;terça-feira;11:10:00;RN;427;27;ACARI;Acessar a via sem observar a presença dos outros veículos;Colisão transversal;Com Vítimas Feridas;Pleno dia;Decrescente;Céu Claro;Simples;Reta;Sim;2;0;1;0;1;0;1;2;-6,4356416;-36,63943;SPRF-RN;DEL03-RN;UOP01-DEL03-RN
689446;04/04/2025;sexta-feira;19:00:00;PR;277;78;CURITIBA;Ausência de reação do condutor;Colisão traseira;Com Vítimas Feridas;Plena Noite;Crescente;Céu Claro;Dupla;Reta;Sim;1;0;1;0;0;0;1;1;-25,4767211;-49,20584153;SPRF-PR;DEL01-PR;UOP07-DEL01-PR
689447;06/05/2025;terça-feira;12:05:00;SE;235;41,7;AREIA BRANCA;Acessar a via sem observar a presença dos outros veículos;Colisão transversal;Com Vítimas Feridas;Pleno dia;Decrescente;Nublado;Simples;"Interseção de Vias;Aclive;Em Obras;Reta";Não;2;0;0;1;1;0;1;2;-10,77018372;-37,3686525;SPRF-SE;DEL01-SE;UOP02-DEL01-SE
689448;06/05/2025;terça-feira;12:25:00;PA;316;22;BENEVIDES;Acessar a via sem observar a presença dos outros veículos;Colisão transversal;Com Vítimas Feridas;Pleno dia;Crescente;Céu Claro;Dupla;"Reta;Retorno Regulamentado";Sim;2;0;0;1;1;0;1;2;-1,349302;-48,253893;SPRF-PA;DEL01-PA;UOP01-DEL01-PA
689449;02/03/2025;domingo;05:30:00;GO;364;68,4;CACHOEIRA ALTA;Condutor Dormindo;Saída de leito carroçável;Com Vítimas Feridas;Amanhecer;Decrescente;Céu Claro;Simples;Reta;Não;1;0;1;0;0;0;1;1;-18,6909;-50,9743;SPRF-GO;DEL05-GO;UOP02-DEL05-GO
689454;06/05/2025;terça-feira;12:00:00;PR;369;159,4;CAMBE;Reação tardia ou ineficiente do condutor;Colisão traseira;Sem Vítimas;Pleno dia;Crescente;Céu Claro;Dupla;Reta;Sim;2;0;0;0;2;0;0;2;-23,281943;-51,252539;SPRF-PR;DEL07-PR;UOP01-DEL07-PR
689456;06/05/2025;terça-feira;12:15:00;MG;116;764,9;LEOPOLDINA;Desrespeitar a preferência no cruzamento;Colisão transversal;Com Vítimas Feridas;Pleno dia;Crescente;Nublado;Simples;"Curva;Interseção de Vias;Declive";Sim;3;0;1;0;2;0;1;2;-21,52085263;-42,65133776;SPRF-MG;DEL07-MG;UOP01-DEL07-MG
689459;06/05/2025;terça-feira;12:47:00;PE;232;112;BEZERROS;Manobra de mudança de faixa;Colisão lateral mesmo sentido;Sem Vítimas;Pleno dia;Crescente;Céu Claro;Dupla;Reta;Não;2;0;0;0;2;0;0;2;-8,2871259;-35,81900088;SPRF-PE;DEL02-PE;UOP02-DEL02PE