id;data_inversa;dia_semana;horario;uf;br;km;municipio;causa_acidente;tipo_acidente;classificacao_acidente;fase_dia;sentido_via;condicao_metereologica;tipo_pista;tracado_via;uso_solo;pessoas;mortos;feridos_leves;feridos_graves;ilesos;ignorados;feridos;veiculos;latitude;longitude;regional;delegacia;uop
689465;06/05/2025;terça-feira;13:20:00;PR;153;51,9;SANTO ANTONIO DA PLATINA;Acessar a via sem observar a presença dos outros veículos;Colisão transversal;Com Vítimas Feridas;Pleno dia;Crescente;Céu Claro;Simples;Reta;Não;3;0;1;0;2;0;1;2;-23,38398496;-50,06032124;SPRF-PR;DEL07-PR;UOP04-DEL07-PR
689473;06/05/2025;terça-feira;13:50:00;MG;262;354,3;BETIM;Velocidade Incompatível;Colisão com objeto;Com Vítimas Feridas;Pleno dia;Decrescente;Céu Claro;Dupla;Reta;Sim;2;0;1;0;1;0;1;2;-19,9816809;-44,2110331;SPRF-MG;DEL01-MG;UOP03-DEL01-MG
689474;06/05/2025;terça-feira;14:45:00;RN;101;104;PARNAMIRIM;Condutor deixou de manter distância do veículo da frente;Colisão traseira;Com Vítimas Feridas;Pleno dia;Crescente;Sol;Dupla;"Viaduto;Aclive";Sim;3;0;1;0;2;0;1;2;-5,89145164;-35,25494456;SPRF-RN;DEL01-RN;UOP01-DEL01-RN
689482;06/05/2025;terça-feira;14:30:00;PR;116;115;CURITIBA;Ausência de reação do condutor;Tombamento;Com Vítimas Feridas;Pleno dia;Crescente;Céu Claro;Simples;"Curva;Declive";Sim;1;0;1;0;0;0;1;1;-25,5436031;-49,30141568;SPRF-PR;DEL01-PR;UOP03-DEL01-PR
689484;06/05/2025;terça-feira;12:20:00;RJ;493;81;JAPERI;Ausência de reação do condutor;Saída de leito carroçável;Com Vítimas Feridas;Pleno dia;Crescente;Céu Claro;Dupla;Reta;Não;1;0;1;0;0;0;1;1;-22,664393;-43,58516693;SPRF-RJ;DEL01-RJ;UOP03-DEL01-RJ
689488;06/05/2025;terça-feira;16:30:00;MG;40;609,9;CONGONHAS;Ausência de reação do condutor;Saída de leito carroçável;Com Vítimas Feridas;Pleno dia;Crescente;Céu Claro;Simples;Curva;Não;1;0;1;0;0;0;1;1;-20,50308402;-43,83879662;SPRF-MG;DEL05-MG;UOP02-DEL05-MG
689489;06/05/2025;terça-feira;15:30:00;PR;116;101,1;SAO JOSE DOS PINHAIS;Acessar a via sem observar a presença dos outros veículos;Atropelamento de Pedestre;Com Vítimas Feridas;Pleno dia;Crescente;Nublado;Dupla;Reta;Sim;2;0;0;1;1;0;1;2;-25,56686;-49,17065;SPRF-PR;DEL01-PR;UOP07-DEL01-PR
689490;06/05/2025;terça-feira;16:00:00;DF;20;45,7;BRASILIA;Reação tardia ou ineficiente do condutor;Saída de leito carroçável;Com Vítimas Feridas;Pleno dia;Decrescente;Céu Claro;Dupla;Curva;Não;1;0;1;0;0;0;1;1;-15,5791869;-47,4619355;SPRF-DF;DEL02-DF;UOP01-DEL02-DF
689491;06/05/2025;terça-feira;14:40:00;CE;116;112;BEBERIBE;Condutor deixou de manter distância do veículo da frente;Colisão traseira;Com Vítimas Feridas;Pleno dia;Crescente;Céu Claro;Simples;Reta;Não;2;0;2;0;0;0;2;1;-4,58395392;-38,22482586;SPRF-CE;DEL01-CE;UOP04-DEL01-CE
689493;06/05/2025;terça-feira;16:00:00;SC;101;108,3;PENHA;Afundamento ou ondulação no pavimento;Tombamento;Com Vítimas Feridas;Pleno dia;Decrescente;Nublado;Dupla;Reta;Não;1;0;1;0;0;0;1;1;-26,82774084;-48,69165763;SPRF-SC;DEL03-SC;UOP02-DEL03-SC
689497;06/05/2025;terça-feira;16:50:00;MG;381;490,5;BETIM;Manobra de mudança de faixa;Colisão lateral mesmo sentido;Com Vítimas Feridas;Pleno dia;Decrescente;Céu Claro;Múltipla;Curva;Sim;3;0;2;0;1;0;2;2;-19,956103;-44,1463557;SPRF-MG;DEL01-MG;UOP03-DEL01-MG
689498;05/05/2025;segunda-feira;17:15:00;PE;101;189;PALMARES;Acessar a via sem observar a presença dos outros veículos;Colisão transversal;Com Vítimas Feridas;Plena Noite;Crescente;Ignorado;Dupla;Curva;Sim;3;0;2;1;0;0;3;2;-8,69078;-35,60735;SPRF-PE;DEL01-PE;UOP03-DEL01-PE
689502;06/05/2025;terça-feira;14:55:00;PI;316;308;PICOS;Ausência de reação do condutor;Colisão transversal;Sem Vítimas;Pleno dia;Decrescente;Céu Claro;Dupla;Reta;Sim;2;0;0;0;2;0;0;2;-7,07786361;-41,49462104;SPRF-PI;DEL04-PI;UOP01-DEL04-PI
689503;06/05/2025;terça-feira;17:00:00;CE;20;206,3;BOA VIAGEM;Ultrapassagem Indevida;Colisão transversal;Com Vítimas Feridas;Pleno dia;Crescente;Céu Claro;Simples;Reta;Sim;3;0;2;0;1;0;2;2;-5,10555731;-39,71690504;SPRF-CE;DEL02-CE;UOP02-DEL02-CE
689504;06/05/2025;terça-feira;17:44:00;PB;230;22;JOAO PESSOA;Ausência de reação do condutor;Engavetamento;Com Vítimas Feridas;Anoitecer;Decrescente;Céu Claro;Dupla;Reta;Sim;4;0;1;0;3;0;1;3;-7,15875998;-34,8587501;SPRF-PB;DEL01-PB;UOP01-DEL01-PB
689505;06/05/2025;terça-feira;17:17:00;PE;101;67;RECIFE;Acessar a via sem observar a presença dos outros veículos;Colisão lateral mesmo sentido;Com Vítimas Feridas;Anoitecer;Crescente;Céu Claro;Dupla;Reta;Sim;2;0;1;0;1;0;1;2;-8,043807;-34,943877;SPRF-PE;DEL01-PE;UOP01-DEL01-PE
689506;06/05/2025;terça-feira;17:25:00;SP;116;121,7;CACAPAVA;Objeto estático sobre o leito carroçável;Colisão com objeto;Com Vítimas Feridas;Pleno dia;Decrescente;Céu Claro;Dupla;Reta;Não;2;0;2;0;0;0;2;1;-23,08016065;-45,65888498;SPRF-SP;DEL02-SP;UOP02-DEL02-SP
689508;06/05/2025;terça-feira;18:00:00;SP;116;145,7;SAO JOSE DOS CAMPOS;Reação tardia ou ineficiente do condutor;Colisão traseira;Com Vítimas Feridas;Anoitecer;Decrescente;Céu Claro;Dupla;"Aclive;Reta";Sim;2;0;1;0;1;0;1;2;-23,18946664;-45,85959284;SPRF-SP;DEL02-SP;UOP01-DEL02-SP
689510;06/05/2025;terça-feira;18:20:00;ES;101;288;CARIACICA;Avarias e/ou desgaste excessivo no pneu;Queda de ocupante de veículo;Com Vítimas Feridas;Plena Noite;Decrescente;Céu Claro;Dupla;"Reta;Declive";Sim;2;0;0;1;1;0;1;1;-20,276634;-40,392539;SPRF-ES;DEL01-ES;UOP01-DEL01-ES
689512;06/05/2025;terça-feira;18:00:00;PR;369;478,4;CORBELIA;Condutor deixou de manter distância do veículo da frente;Colisão traseira;Com Vítimas Feridas;Anoitecer;Decrescente;Céu Claro;Simples;Reta;Não;3;0;1;0;2;0;1;2;-24,788697;-53,296694;SPRF-PR;DEL04-PR;UOP03-DEL04-PR
689514;06/05/2025;terça-feira;17:40:00;PA;316;64;CASTANHAL;Conversão proibida;Colisão transversal;Com Vítimas Feridas;Anoitecer;Crescente;Céu Claro;Dupla;Reta;Sim;2;0;1;0;1;0;1;2;-1,2974;-47,9352;SPRF-PA;DEL01-PA;UOP01-DEL01-PA
689515;06/05/2025;terça-feira;18:20:00;ES;101;266,2;SERRA;Trafegar com motocicleta (ou similar) entre as faixas;Tombamento;Com Vítimas Feridas;Plena Noite;Decrescente;Nublado;Múltipla;Reta;Sim;2;0;2;0;0;0;2;1;-20,1927205;-40,2684606;SPRF-ES;DEL02-ES;UOP01-DEL02-ES
689517;06/05/2025;terça-feira;18:40:00;BA;116;393;SANTA BARBARA;Acessar a via sem observar a presença dos outros veículos;Colisão frontal;Com Vítimas Fatais;Plena Noite;Decrescente;Nublado;Dupla;Reta;Não;2;1;0;0;1;0;0;2;-11,97053027;-38,97298374;SPRF-BA;DEL02-BA;UOP01-DEL02-BA
689519;06/05/2025;terça-feira;17:45:00;MG;381;480,5;CONTAGEM;Trafegar com motocicleta (ou similar) entre as faixas;Colisão traseira;Com Vítimas Feridas;Anoitecer;Crescente;Céu Claro;Múltipla;Curva;Sim;2;0;1;0;1;0;1;2;-19,9580909;-44,0568732;SPRF-MG;DEL01-MG;UOP03-DEL01-MG
689521;06/05/2025;terça-feira;18:15:00;PR;116;12,7;COLOMBO;Ausência de reação do condutor;Tombamento;Com Vítimas Feridas;Plena Noite;Decrescente;Céu Claro;Dupla;Reta;Sim;2;0;2;0;0;0;2;1;-25,3791202;-49,1574142;SPRF-PR;DEL01-PR;UOP02-DEL01-PR
689524;06/05/2025;terça-feira;18:15:00;GO;153;198;URUACU;Acesso irregular;Colisão transversal;Com Vítimas Feridas;Anoitecer;Crescente;Céu Claro;Simples;Reta;Não;2;0;1;0;1;0;1;2;-14,51113858;-49,14845467;SPRF-GO;DEL07-GO;UOP02-DEL07-GO
689525;06/05/2025;terça-feira;18:50:00;ES;101;264,6;SERRA;Condutor desrespeitou a iluminação vermelha do semáforo;Colisão transversal;Com Vítimas Feridas;Plena Noite;Crescente;Chuva;Múltipla;Reta;Sim;2;0;1;0;1;0;1;2;-20,17882667;-40,26541;SPRF-ES;DEL02-ES;UOP01-DEL02-ES
689526;06/05/2025;terça-feira;12:10:00;RJ;116;321;ITATIAIA;Acumulo de areia ou detritos sobre o pavimento;Eventos atípicos;Sem Vítimas;Pleno dia;Crescente;Céu Claro;Dupla;Reta;Sim;1;0;0;0;1;0;0;1;-22,482243;-44,539893;SPRF-RJ;DEL07-RJ;UOP02-DEL07-RJ
689528;06/05/2025;terça-feira;19:39:00;SP;116;221;GUARULHOS;Objeto estático sobre o leito carroçável;Colisão com objeto;Com Vítimas Feridas;Plena Noite;Crescente;Nublado;Múltipla;"Reta;Em Obras";Sim;2;0;2;0;0;0;2;1;-23,47136213;-46,51816249;SPRF-SP;DEL01-SP;UOP01-DEL01-SP
689529;06/05/2025;terça-feira;19:00:00;SC;470;56,3;BLUMENAU;Conversão proibida;Colisão transversal;Sem Vítimas;Plena Noite;Decrescente;Céu Claro;Simples;"Reta;Em Obras";Sim;2;0;0;0;2;0;0;2;-26,87765544;-49,13043022;SPRF-SC;DEL04-SC;UOP01-DEL04-SC
689531;06/05/2025;terça-feira;18:15:00;SP;116;120,5;CACAPAVA;Avarias e/ou desgaste excessivo no pneu;Colisão com objeto;Com Vítimas Feridas;Plena Noite;Decrescente;Céu Claro;Dupla;Reta;Não;2;0;2;0;0;0;2;1;-23,07277316;-45,64686298;SPRF-SP;DEL02-SP;UOP02-DEL02-SP
689532;06/05/2025;terça-feira;18:35:00;SC;153;99,5;CONCORDIA;Acessar a via sem observar a presença dos outros veículos;Colisão transversal;Com Vítimas Feridas;Plena Noite;Crescente;Céu Claro;Simples;Reta;Sim;2;0;0;2;0;0;2;2;-27,24177631;-51,95228426;SPRF-SC;DEL07-SC;UOP04-DEL07-SC
689533;06/05/2025;terça-feira;18:10:00;SC;282;584;PINHALZINHO;Pista Escorregadia;Queda de ocupante de veículo;Com Vítimas Feridas;Plena Noite;Crescente;Nublado;Simples;Curva;Não;1;0;1;0;0;0;1;1;-26,8321475;-53,0224813;SPRF-SC;DEL07-SC;UOP02-DEL07-SC
689534;06/05/2025;terça-feira;18:30:00;MG;262;802;UBERABA;Condutor deixou de manter distância do veículo da frente;Colisão traseira;Com Vítimas Feridas;Plena Noite;Decrescente;Céu Claro;Dupla;Reta;Sim;2;0;1;0;1;0;1;2;-19,77496241;-47,91807175;SPRF-MG;DEL13-MG;UOP01-DEL13-MG
689535;06/05/2025;terça-feira;17:53:00;AC;364;124;RIO BRANCO;Acessar a via sem observar a presença dos outros veículos;Colisão traseira;Com Vítimas Feridas;Plena Noite;Decrescente;Céu Claro;Dupla;Reta;Não;3;0;2;0;1;0;2;2;-10,01158332;-67,79518998;SPRF-AC;DEL01-AC;UOP01-DEL01-AC
689537;06/05/2025;terça-feira;17:50:00;RS;153;53;ERECHIM;Acessar a via sem observar a presença dos outros veículos;Colisão lateral sentido oposto;Com Vítimas Feridas;Pleno dia;Crescente;Céu Claro;Simples;Reta;Sim;2;0;1;0;1;0;1;2;-27,67524318;-52,29071617;SPRF-RS;DEL08-RS;UOP04-DEL08-RS
689543;06/05/2025;terça-feira;22:00:00;GO;60;96;ANAPOLIS;Área urbana sem a presença de local apropriado para a travessia de pedestres;Atropelamento de Pedestre;Com Vítimas Feridas;Plena Noite;Crescente;Céu Claro;Dupla;Reta;Sim;3;0;1;1;1;0;2;3;-16,3703;-48,941746;SPRF-GO;DEL02-GO;UOP01-DEL02-GO
689544;06/05/2025;terça-feira;21:00:00;RS;472;155,6;SANTA ROSA;Chuva;Saída de leito carroçável;Com Vítimas Feridas;Plena Noite;Decrescente;Chuva;Simples;Reta;Não;1;0;0;1;0;0;1;1;-27,83587155;-54,43030818;SPRF-RS;DEL10-RS;UOP01-DEL10-RS
689545;06/05/2025;terça-feira;20:00:00;MA;10;253;IMPERATRIZ;Reação tardia ou ineficiente do condutor;Colisão traseira;Sem Vítimas;Plena Noite;Decrescente;Céu Claro;Simples;Reta;Sim;3;0;0;0;3;0;0;3;-5,52609;-47,471822;SPRF-MA;DEL04-MA;UOP01-DEL04-MA
689546;06/05/2025;terça-feira;21:30:00;MG;364;31,7;FRUTAL;Acessar a via sem observar a presença dos outros veículos;Colisão transversal;Com Vítimas Feridas;Plena Noite;Decrescente;Céu Claro;Simples;Reta;Não;6;0;1;0;4;1;1;2;-20,009934;-48,927805;SPRF-MG;DEL13-MG;UOP02-DEL13-MG
689547;06/05/2025;terça-feira;15:00:00;MS;60;341;CAMPO GRANDE;Reação tardia ou ineficiente do condutor;Saída de leito carroçável;Sem Vítimas;Pleno dia;Crescente;Céu Claro;Dupla;Reta;Não;1;0;0;0;0;1;0;1;-20,396782;-54,686206;SPRF-MS;DEL01-MS;UOP02-DEL01-MS
689549;06/05/2025;terça-feira;23:50:00;MG;381;503,5;BETIM;Pedestre andava na pista;Atropelamento de Pedestre;Com Vítimas Fatais;Plena Noite;Crescente;Céu Claro;Dupla;Curva;Sim;2;1;0;0;0;1;0;2;-20,02666595;-44,23244683;SPRF-MG;DEL01-MG;UOP03-DEL01-MG
689550;07/05/2025;quarta-feira;00:15:00;SP;116;228,4;SAO PAULO;Ausência de reação do condutor;Queda de ocupante de veículo;Com Vítimas Feridas;Plena Noite;Crescente;Céu Claro;Múltipla;"Reta;Em Obras";Sim;1;0;1;0;0;0;1;1;-23,50649272;-46,57009777;SPRF-SP;DEL01-SP;UOP01-DEL01-SP
689552;06/05/2025;terça-feira;23:30:00;MT;70;523,5;VARZEA GRANDE;Animais na Pista;Atropelamento de Animal;Com Vítimas Feridas;Plena Noite;Decrescente;Nublado;Simples;Reta;Sim;2;0;1;0;1;0;1;1;-15,65838578;-56,18852947;SPRF-MT;DEL01-MT;UOP02-DEL01-MT
689553;07/05/2025;quarta-feira;00:30:00;GO;60;164;GOIANIA;Ausência de reação do condutor;Colisão com objeto;Com Vítimas Feridas;Plena Noite;Crescente;Céu Claro;Múltipla;Reta;Sim;1;0;1;0;0;0;1;1;-16,714663;-49,361733;SPRF-GO;DEL01-GO;UOP02-DEL01-GO
689559;07/05/2025;quarta-feira;02:22:00;GO;364;15;SAO SIMAO;Reação tardia ou ineficiente do condutor;Saída de leito carroçável;Sem Vítimas;Plena Noite;Decrescente;Céu Claro;Simples;Reta;Não;1;0;0;0;0;1;0;1;-18,961938;-50,616427;SPRF-GO;DEL05-GO;UOP02-DEL05-GO
689560;07/05/2025;quarta-feira;04:30:00;BA;324;570;SAO SEBASTIAO DO PASSE;Afundamento ou ondulação no pavimento;Queda de ocupante de veículo;Com Vítimas Feridas;Amanhecer;Crescente;Chuva;Dupla;Reta;Não;2;0;1;0;0;1;1;1;-12,55570515;-38,57091405;SPRF-BA;DEL01-BA;UOP01-DEL01-BA
689562;07/05/2025;quarta-feira;05:10:00;PR;277;247,4;IRATI;Velocidade Incompatível;Saída de leito carroçável;Sem Vítimas;Plena Noite;Crescente;Nevoeiro/Neblina;Simples;Reta;Não;1;0;0;0;1;0;0;1;-25,45034153;-50,63599437;SPRF-PR;DEL08-PR;UOP02-DEL08-PR
689564;07/05/2025;quarta-feira;05:50:00;SP;116;217;GUARULHOS;Reação tardia ou ineficiente do condutor;Colisão traseira;Com Vítimas Feridas;Pleno dia;Crescente;Nublado;Múltipla;"Reta;Aclive";Sim;2;0;2;0;0;0;2;2;-23,45276447;-46,46879844;SPRF-SP;DEL01-SP;UOP01-DEL01-SP
689565;07/05/2025;quarta-feira;06:00:00;GO;40;5;VALPARAISO DE GOIAS;Condutor deixou de manter distância do veículo da frente;Colisão traseira;Com Vítimas Feridas;Pleno dia;Decrescente;Céu Claro;Dupla;"Reta;Aclive";Sim;2;0;1;0;1;0;1;2;-16,10601;-47,9737;SPRF-DF;DEL01-DF;UOP01-DEL01-DF
689566;07/05/2025;quarta-feira;06:40:00;GO;60;98;ANAPOLIS;Manobra de mudança de faixa;Colisão transversal;Com Vítimas Feridas;Amanhecer;Crescente;Céu Claro;Dupla;"Retorno Regulamentado;Reta";Sim;2;0;1;0;1;0;1;2;-16,3782549;-48,9504741;SPRF-GO;DEL02-GO;UOP01-DEL02-GO
689570;07/05/2025;quarta-feira;07:15:00;SC;101;189;BIGUACU;Reação tardia ou ineficiente do condutor;Tombamento;Com Vítimas Feridas;Pleno dia;Decrescente;Nublado;Dupla;Curva;Não;1;0;1;0;0;0;1;1;-27,46441782;-48,64184657;SPRF-SC;DEL01-SC;UOP01-DEL01-SC
689571;06/05/2025;terça-feira;10:00:00;BA;101;736;ITABELA;Objeto estático sobre o leito carroçável;Tombamento;Com Vítimas Feridas;Pleno dia;Crescente;Céu Claro;Simples;Reta;Sim;2;0;2;0;0;0;2;1;-16,508746;-39,577201;SPRF-BA;DEL09-BA;UOP01-DEL09-BA
689572;07/05/2025;quarta-feira;06:30:00;SC;101;398;MARACAJA;Neblina;Saída de leito carroçável;Com Vítimas Feridas;Amanhecer;Crescente;Nevoeiro/Neblina;Simples;Reta;Sim;1;0;0;1;0;0;1;1;-28,8572039;-49,44076952;SPRF-SC;DEL02-SC;UOP02-DEL02-SC
689574;07/05/2025;quarta-feira;06:00:00;PE;101;52,8;PAULISTA;Transitar na contramão;Colisão frontal;Com Vítimas Fatais;Pleno dia;Decrescente;Céu Claro;Simples;Viaduto;Sim;2;1;0;0;1;0;0;2;-7,929995;-34,899348;SPRF-PE;DEL01-PE;UOP02-DEL01-PE
689575;07/05/2025;quarta-feira;07:00:00;ES;101;352,3;ANCHIETA;Reação tardia ou ineficiente do condutor;Colisão com objeto;Com Vítimas Feridas;Pleno dia;Decrescente;Chuva;Dupla;Curva;Não;1;0;0;1;0;0;1;1;-20,672;-40,664;SPRF-ES;DEL03-ES;UOP01-DEL03-ES
689576;07/05/2025;quarta-feira;07:00:00;BA;116;426;FEIRA DE SANTANA;Animais na Pista;Atropelamento de Animal;Com Vítimas Feridas;Pleno dia;Decrescente;Céu Claro;Dupla;Reta;Sim;1;0;1;0;0;0;1;1;-12,17667297;-38,96516416;SPRF-BA;DEL02-BA;UOP01-DEL02-BA
689577;07/05/2025;quarta-feira;06:50:00;PR;163;248;TOLEDO;Afundamento ou ondulação no pavimento;Tombamento;Com Vítimas Feridas;Pleno dia;Crescente;Nublado;Dupla;Reta;Não;1;0;1;0;0;0;1;1;-24,6898735;-53,7600165;SPRF-PR;DEL06-PR;UOP02-DEL06-PR
689578;07/05/2025;quarta-feira;05:50:00;MG;50;182,7;UBERABA;Animais na Pista;Colisão com objeto;Com Vítimas Feridas;Pleno dia;Crescente;Céu Claro;Dupla;Reta;Sim;1;0;1;0;0;0;1;1;-19,799;-47,90782;SPRF-MG;DEL13-MG;UOP01-DEL13-MG
689579;07/05/2025;quarta-feira;07:40:00;DF;20;2,8;BRASILIA;Trafegar com motocicleta (ou similar) entre as faixas;Colisão lateral mesmo sentido;Com Vítimas Feridas;Pleno dia;Decrescente;Céu Claro;Múltipla;"Reta;Aclive";Sim;2;0;2;0;0;0;2;1;-15,6800846;-47,8331158;SPRF-DF;DEL02-DF;UOP01-DEL02-DF
689580;07/05/2025;quarta-feira;07:30:00;SC;101;134;BALNEARIO CAMBORIU;Acessar a via sem observar a presença dos outros veículos;Colisão transversal;Com Vítimas Feridas;Pleno dia;Crescente;Nublado;Simples;Reta;Sim;3;0;3;0;0;0;3;2;-27,00152645;-48,64020288;SPRF-SC;DEL04-SC;UOP03-DEL04-SC
689581;07/05/2025;quarta-feira;07:25:00;PR;277;2,9;PARANAGUA;Avarias e/ou desgaste excessivo no pneu;Tombamento;Com Vítimas Feridas;Amanhecer;Decrescente;Sol;Dupla;Reta;Sim;1;0;1;0;0;0;1;1;-25,54745287;-48,54636161;SPRF-PR;DEL01-PR;UOP05-DEL01-PR
689582;07/05/2025;quarta-feira;05:10:00;SC;101;398;MARACAJA;Restrição de visibilidade em curvas horizontais;Saída de leito carroçável;Com Vítimas Feridas;Amanhecer;Decrescente;Nevoeiro/Neblina;Múltipla;Reta;Não;1;0;0;1;0;0;1;1;-28,85278271;-49,4370788;SPRF-SC;DEL02-SC;UOP02-DEL02-SC
689583;07/05/2025;quarta-feira;08:10:00;AL;104;91;RIO LARGO;Velocidade Incompatível;Colisão traseira;Com Vítimas Feridas;Pleno dia;Crescente;Céu Claro;Dupla;Reta;Sim;2;0;1;0;1;0;1;2;-9,5047156;-35,80881715;SPRF-AL;DEL01-AL;UOP01-DEL01-AL
689584;07/05/2025;quarta-feira;07:30:00;DF;70;9,9;BRASILIA;Manobra de mudança de faixa;Colisão traseira;Com Vítimas Feridas;Pleno dia;Decrescente;Céu Claro;Dupla;Reta;Sim;4;0;2;0;2;0;2;2;-15,78716121;-48,13806627;SPRF-DF;DEL03-DF;UOP02-DEL03-DF
689586;07/05/2025;quarta-feira;08:00:00;RJ;493;72;NOVA IGUACU;Demais falhas mecânicas ou elétricas;Queda de ocupante de veículo;Com Vítimas Feridas;Pleno dia;Crescente;Céu Claro;Dupla;Reta;Não;2;0;1;0;1;0;1;1;-22,6901153;-43,4820833;SPRF-RJ;DEL01-RJ;UOP03-DEL01-RJ
689587;07/05/2025;quarta-feira;08:00:00;PA;230;120;MARABA;Reação tardia ou ineficiente do condutor;Colisão traseira;Com Vítimas Feridas;Pleno dia;Decrescente;Céu Claro;Dupla;Reta;Sim;3;0;1;0;2;0;1;3;-5,36056884;-49,12347483;SPRF-PA;DEL03-PA;UOP01-DEL03-PA
689588;07/05/2025;quarta-feira;07:50:00;PR;277;108;CURITIBA;Manobra de mudança de faixa;Colisão lateral mesmo sentido;Com Vítimas Feridas;Pleno dia;Decrescente;Céu Claro;Dupla;Curva;Sim;2;0;1;0;1;0;1;2;-25,43327592;-49,37436104;SPRF-PR;DEL03-PR;UOP03-DEL03-PR
689590;07/05/2025;quarta-feira;08:00:00;RJ;101;433;MANGARATIBA;Acessar a via sem observar a presença dos outros veículos;Colisão lateral mesmo sentido;Com Vítimas Feridas;Pleno dia;Crescente;Céu Claro;Dupla;"Interseção de Vias;Rotatória;Desvio Temporário";Não;2;0;1;0;1;0;1;2;-22,93760093;-44,03955309;SPRF-RJ;DEL03-RJ;UOP02-DEL03-RJ
689593;07/05/2025;quarta-feira;09:22:00;DF;20;2;BRASILIA;Reação tardia ou ineficiente do condutor;Engavetamento;Sem Vítimas;Pleno dia;Decrescente;Céu Claro;Dupla;Reta;Sim;8;0;0;0;8;0;0;5;-15,682657;-47,840857;SPRF-DF;DEL02-DF;UOP01-DEL02-DF
689595;07/05/2025;quarta-feira;09:10:00;SP;116;228;SAO PAULO;Reação tardia ou ineficiente do condutor;Queda de ocupante de veículo;Com Vítimas Feridas;Pleno dia;Crescente;Céu Claro;Múltipla;Aclive;Sim;2;0;1;0;0;1;1;2;-23,5011297;-46,56412952;SPRF-SP;DEL01-SP;UOP01-DEL01-SP
689596;25/04/2025;sexta-feira;18:45:00;SC;282;1,5;FLORIANOPOLIS;Manobra de mudança de faixa;Colisão lateral mesmo sentido;Com Vítimas Feridas;Plena Noite;Crescente;Céu Claro;Múltipla;Reta;Não;3;0;0;1;1;1;1;3;-27,6035964;-48,58316772;SPRF-SC;DEL01-SC;UOP01-DEL01-SC
689598;07/05/2025;quarta-feira;09:20:00;BA;101;226;CRUZ DAS ALMAS;Acessar a via sem observar a presença dos outros veículos;Colisão transversal;Com Vítimas Feridas;Pleno dia;Decrescente;Céu Claro;Simples;Declive;Sim;4;0;0;1;3;0;1;2;-12,7023382;-39,1559681;SPRF-BA;DEL01-BA;UOP02-DEL01-BA
689599;07/05/2025;quarta-feira;09:30:00;MG;40;527;CONTAGEM;Ausência de reação do condutor;Saída de leito carroçável;Com Vítimas Feridas;Pleno dia;Crescente;Céu Claro;Dupla;Reta;Sim;1;0;1;0;0;0;1;1;-19,903246;-44,049353;SPRF-MG;DEL01-MG;UOP02-DEL01-MG
689602;07/05/2025;quarta-feira;09:30:00;RJ;101;321;NITEROI;Manobra de mudança de faixa;Engavetamento;Com Vítimas Feridas;Pleno dia;Crescente;Sol;Múltipla;Reta;Sim;6;0;1;0;5;0;1;4;-22,87953593;-43,11393543;SPRF-RJ;DEL02-RJ;UOP01-DEL02-RJ
689603;09/04/2025;quarta-feira;16:00:00;SC;0;0;FLORIANOPOLIS;Manobra de mudança de faixa;Colisão lateral mesmo sentido;Sem Vítimas;Pleno dia;Não Informado;Nublado;Dupla;"Reta;Aclive";Sim;2;0;0;0;2;0;0;2;-27,60016306;-48,51612775;SPRF-SC;N/A;N/A
689605;14/04/2025;segunda-feira;09:20:00;MT;163;749;SORRISO;Manobra de mudança de faixa;Colisão lateral mesmo sentido;Com Vítimas Feridas;Pleno dia;Decrescente;Céu Claro;Dupla;Reta;Não;2;0;1;0;1;0;1;2;-12,575353;-55,729268;SPRF-MT;DEL06-MT;UOP01-DEL06-MT
689606;07/05/2025;quarta-feira;10:15:00;SC;101;288,5;IMBITUBA;Desrespeitar a preferência no cruzamento;Colisão transversal;Com Vítimas Feridas;Pleno dia;Decrescente;Céu Claro;Múltipla;Interseção de Vias;Sim;2;0;1;0;1;0;1;2;-28,26813924;-48,70090127;SPRF-SC;DEL02-SC;UOP03-DEL02-SC
689607;20/04/2025;domingo;08:40:00;GO;60;47,7;ABADIANIA;Velocidade Incompatível;Saída de leito carroçável;Com Vítimas Fatais;Pleno dia;Crescente;Céu Claro;Dupla;"Aclive;Curva";Não;2;1;0;0;0;1;0;2;-16,14914;-48,610425;SPRF-GO;DEL02-GO;UOP01-DEL02-GO
689610;07/05/2025;quarta-feira;07:10:00;BA;101;362;GANDU;Ultrapassagem Indevida;Colisão frontal;Com Vítimas Fatais;Pleno dia;Decrescente;Nublado;Simples;"Reta;Aclive";Não;4;1;0;3;0;0;3;2;-13,714703;-39,478878;SPRF-BA;DEL05-BA;UOP03-DEL05-BA
689611;07/05/2025;quarta-feira;11:01:00;SP;116;312;MIRACATU;Mal súbito do condutor;Queda de ocupante de veículo;Com Vítimas Feridas;Pleno dia;Decrescente;Céu Claro;Dupla;Retorno Regulamentado;Não;1;0;1;0;0;0;1;1;-24,02992859;-47,17831106;SPRF-SP;DEL04-SP;UOP01-DEL04-SP
689612;02/05/2025;sexta-feira;15:40:00;MS;158;79,5;PARANAIBA;Acessar a via sem observar a presença dos outros veículos;Colisão lateral sentido oposto;Com Vítimas Feridas;Pleno dia;Decrescente;Céu Claro;Simples;"Declive;Reta";Não;5;0;3;0;1;1;3;3;-19,557018;-51,249315;SPRF-MS;DEL08-MS;UOP01-DEL08-MS