id;data_inversa;dia_semana;horario;uf;br;km;municipio;causa_acidente;tipo_acidente;classificacao_acidente;fase_dia;sentido_via;condicao_metereologica;tipo_pista;tracado_via;uso_solo;pessoas;mortos;feridos_leves;feridos_graves;ilesos;ignorados;feridos;veiculos;latitude;longitude;regional;delegacia;uop
689613;21/03/2025;sexta-feira;06:30:00;MA;135;7;SAO LUIS;Acessar a via sem observar a presença dos outros veículos;Colisão transversal;Com Vítimas Feridas;Pleno dia;Crescente;Céu Claro;Dupla;Reta;Sim;3;0;2;0;1;0;2;2;-2,640683;-44,271685;SPRF-MA;DEL01-MA;UOP01-DEL01-MA
689615;07/05/2025;quarta-feira;12:00:00;MG;40;444,9;PARAOPEBA;Reação tardia ou ineficiente do condutor;Colisão com objeto;Com Vítimas Feridas;Pleno dia;Decrescente;Céu Claro;Dupla;"Declive;Reta";Não;1;0;0;1;0;0;1;1;-19,288886;-44,406989;SPRF-MG;DEL02-MG;UOP01-DEL02-MG
689616;03/05/2025;sábado;18:40:00;RO;364;503;ARIQUEMES;Reação tardia ou ineficiente do condutor;Saída de leito carroçável;Sem Vítimas;Plena Noite;Decrescente;Céu Claro;Simples;Reta;Não;2;0;0;0;2;0;0;1;-10,012827;-63,000116;SPRF-RO;DEL03-RO;UOP01-DEL03-RO
689617;07/05/2025;quarta-feira;10:20:00;MG;116;692,3;MURIAE;Velocidade Incompatível;Colisão com objeto;Com Vítimas Feridas;Pleno dia;Crescente;Sol;Simples;"Curva;Aclive";Não;3;0;3;0;0;0;3;1;-21,04172886;-42,36675739;SPRF-MG;DEL07-MG;UOP02-DEL07-MG
689619;07/05/2025;quarta-feira;12:45:00;MG;354;703;CAXAMBU;Área urbana sem a presença de local apropriado para a travessia de pedestres;Atropelamento de Pedestre;Com Vítimas Feridas;Pleno dia;Decrescente;Céu Claro;Simples;"Reta;Interseção de Vias";Sim;2;0;1;0;1;0;1;2;-21,974807;-44,923408;SPRF-MG;DEL17-MG;UOP01-DEL17-MG
689620;07/05/2025;quarta-feira;08:10:00;PR;369;11,1;CAMBARA;Condutor Dormindo;Colisão com objeto;Com Vítimas Feridas;Pleno dia;Crescente;Céu Claro;Simples;Reta;Não;2;0;2;0;0;0;2;1;-23,00855668;-50,00450238;SPRF-PR;DEL07-PR;UOP05-DEL07-PR
689621;07/05/2025;quarta-feira;11:10:00;MA;226;301,3;BARRA DO CORDA;Manobra de mudança de faixa;Queda de ocupante de veículo;Com Vítimas Feridas;Pleno dia;Decrescente;Céu Claro;Simples;Reta;Sim;1;0;1;0;0;0;1;1;-5,497438;-45,258685;SPRF-MA;DEL06-MA;UOP01-DEL06-MA
689622;07/05/2025;quarta-feira;12:36:00;SC;101;340;TUBARAO;Desrespeitar a preferência no cruzamento;Colisão transversal;Sem Vítimas;Pleno dia;Decrescente;Céu Claro;Múltipla;"Retorno Regulamentado;Viaduto";Sim;2;0;0;0;2;0;0;2;-28,5074;-49,0495;SPRF-SC;DEL02-SC;UOP01-DEL02-SC
689625;07/05/2025;quarta-feira;08:20:00;SC;280;80;CORUPA;Reação tardia ou ineficiente do condutor;Queda de ocupante de veículo;Com Vítimas Feridas;Pleno dia;Crescente;Céu Claro;Simples;Reta;Não;1;0;1;0;0;0;1;1;-26,43987531;-49,227424;SPRF-SC;DEL06-SC;UOP03-DEL06-SC
689626;07/05/2025;quarta-feira;11:40:00;PI;230;307,4;FLORIANO;Entrada inopinada do pedestre;Atropelamento de Pedestre;Com Vítimas Feridas;Pleno dia;Decrescente;Céu Claro;Simples;"Reta;Aclive";Sim;2;0;1;1;0;0;2;2;-6,78358169;-42,99819231;SPRF-PI;DEL03-PI;UOP01-DEL03-PI
689628;07/05/2025;quarta-feira;13:20:00;RJ;116;172;SAO JOAO DE MERITI;Ausência de reação do condutor;Colisão traseira;Com Vítimas Feridas;Pleno dia;Decrescente;Céu Claro;Dupla;Reta;Não;2;0;1;0;1;0;1;2;-22,8025034;-43,3504778;SPRF-RJ;DEL06-RJ;UOP01-DEL06-RJ
689630;07/05/2025;quarta-feira;13:20:00;GO;60;176,2;ABADIA DE GOIAS;Reação tardia ou ineficiente do condutor;Colisão com objeto;Com Vítimas Feridas;Pleno dia;Decrescente;Céu Claro;Múltipla;"Reta;Aclive";Não;3;0;1;0;2;0;1;1;-16,761273;-49,459318;SPRF-GO;DEL01-GO;UOP02-DEL01-GO
689632;07/05/2025;quarta-feira;13:50:00;BA;324;618;SALVADOR;Condutor deixou de manter distância do veículo da frente;Colisão traseira;Com Vítimas Feridas;Pleno dia;Decrescente;Chuva;Múltipla;Reta;Sim;3;0;2;0;1;0;2;2;-12,8979633;-38,4490567;SPRF-BA;DEL01-BA;UOP01-DEL01-BA
689633;07/05/2025;quarta-feira;14:10:00;ES;101;125,7;SOORETAMA;Reação tardia ou ineficiente do condutor;Colisão traseira;Com Vítimas Feridas;Pleno dia;Crescente;Chuva;Dupla;Reta;Sim;2;0;0;1;1;0;1;2;-19,1872396;-40,09484975;SPRF-ES;DEL04-ES;UOP01-DEL04-ES
689635;07/05/2025;quarta-feira;12:40:00;MS;163;6;MUNDO NOVO;Acessar a via sem observar a presença dos outros veículos;Colisão lateral mesmo sentido;Com Vítimas Feridas;Pleno dia;Decrescente;Céu Claro;Simples;Reta;Não;3;0;1;0;2;0;1;2;-24,00483647;-54,31426048;SPRF-MS;DEL09-MS;UOP02-DEL09-MS
689636;07/05/2025;quarta-feira;13:50:00;ES;101;298;VIANA;Manobra de mudança de faixa;Colisão lateral mesmo sentido;Com Vítimas Feridas;Pleno dia;Crescente;Céu Claro;Simples;Reta;Sim;2;0;0;1;1;0;1;2;-20,3827417;-40,4596019;SPRF-ES;DEL01-ES;UOP01-DEL01-ES
689637;07/05/2025;quarta-feira;14:00:00;DF;70;3;BRASILIA;Manobra de mudança de faixa;Colisão transversal;Com Vítimas Feridas;Pleno dia;Decrescente;Céu Claro;Dupla;"Reta;Retorno Regulamentado";Sim;3;0;1;1;1;0;2;2;-15,80212763;-48,08373068;SPRF-DF;DEL03-DF;UOP02-DEL03-DF
689639;07/05/2025;quarta-feira;12:00:00;RJ;40;108;DUQUE DE CAXIAS;Reação tardia ou ineficiente do condutor;Colisão traseira;Com Vítimas Feridas;Pleno dia;Decrescente;Céu Claro;Simples;Reta;Sim;2;0;1;0;1;0;1;2;-22,67097414;-43,28395939;SPRF-RJ;DEL01-RJ;UOP02-DEL01-RJ
689641;05/05/2025;segunda-feira;03:40:00;BA;101;508;ITABUNA;Ingestão de álcool pelo condutor;Atropelamento de Animal;Com Vítimas Feridas;Plena Noite;Crescente;Céu Claro;Simples;Ponte;Não;3;0;1;0;2;0;1;1;-14,81575257;-39,29625034;SPRF-BA;DEL05-BA;UOP01-DEL05-BA
689642;07/05/2025;quarta-feira;14:20:00;RJ;101;321;NITEROI;Manobra de mudança de faixa;Colisão lateral mesmo sentido;Com Vítimas Feridas;Pleno dia;Crescente;Céu Claro;Múltipla;Reta;Sim;3;0;2;0;1;0;2;3;-22,87059624;-43,11039716;SPRF-RJ;DEL02-RJ;UOP01-DEL02-RJ
689643;07/05/2025;quarta-feira;14:00:00;MS;158;3,1;CASSILANDIA;Acessar a via sem observar a presença dos outros veículos;Colisão transversal;Com Vítimas Feridas;Pleno dia;Crescente;Céu Claro;Simples;Reta;Sim;2;0;1;0;1;0;1;2;-19,11996;-51,73603;SPRF-MS;DEL08-MS;UOP01-DEL08-MS
689644;07/05/2025;quarta-feira;15:07:00;PR;277;688,5;SAO MIGUEL DO IGUACU;Acessar a via sem observar a presença dos outros veículos;Colisão transversal;Com Vítimas Feridas;Pleno dia;Crescente;Céu Claro;Dupla;"Reta;Retorno Regulamentado;Interseção de Vias";Sim;3;0;1;0;2;0;1;2;-25,3448643;-54,23176495;SPRF-PR;DEL05-PR;UOP01-DEL05-PR
689646;07/05/2025;quarta-feira;15:15:00;SP;116;226,9;GUARULHOS;Desvio temporário;Tombamento;Com Vítimas Feridas;Pleno dia;Crescente;Sol;Múltipla;"Reta;Em Obras";Sim;1;0;0;1;0;0;1;1;-23,495851;-46,55617;SPRF-SP;DEL01-SP;UOP01-DEL01-SP
689649;07/05/2025;quarta-feira;15:45:00;PB;230;466;SOUSA;Animais na Pista;Tombamento;Com Vítimas Feridas;Pleno dia;Crescente;Céu Claro;Simples;Reta;Sim;1;0;1;0;0;0;1;1;-6,781378;-38,255525;SPRF-PB;DEL03-PB;UOP03-DEL03-PB
689650;07/05/2025;quarta-feira;11:20:00;RJ;40;121;DUQUE DE CAXIAS;Trafegar com motocicleta (ou similar) entre as faixas;Colisão traseira;Com Vítimas Feridas;Pleno dia;Crescente;Céu Claro;Múltipla;Reta;Sim;2;0;1;0;1;0;1;2;-22,77768714;-43,2860899;SPRF-RJ;DEL01-RJ;UOP02-DEL01-RJ
689651;07/05/2025;quarta-feira;15:55:00;PR;376;625,2;SAO JOSE DOS PINHAIS;Condutor deixou de manter distância do veículo da frente;Tombamento;Com Vítimas Feridas;Pleno dia;Decrescente;Céu Claro;Dupla;Reta;Não;1;0;0;1;0;0;1;1;-25,65991976;-49,15484302;SPRF-PR;DEL01-PR;UOP04-DEL01-PR
689653;07/05/2025;quarta-feira;12:20:00;RJ;40;121;DUQUE DE CAXIAS;Ausência de reação do condutor;Colisão lateral mesmo sentido;Com Vítimas Feridas;Pleno dia;Crescente;Céu Claro;Múltipla;Reta;Sim;3;0;3;0;0;0;3;2;-22,7972949;-43,2942606;SPRF-RJ;DEL01-RJ;UOP02-DEL01-RJ
689654;07/05/2025;quarta-feira;10:30:00;RO;364;412;JARU;Reação tardia ou ineficiente do condutor;Saída de leito carroçável;Com Vítimas Feridas;Pleno dia;Decrescente;Céu Claro;Simples;Reta;Não;5;0;0;5;0;0;5;1;-10,517867;-62,405543;SPRF-RO;DEL03-RO;UOP02-DEL03-RO
689656;07/05/2025;quarta-feira;16:00:00;TO;153;454;BARROLANDIA;Ausência de reação do condutor;Tombamento;Com Vítimas Feridas;Pleno dia;Crescente;Céu Claro;Simples;Reta;Não;1;0;1;0;0;0;1;1;-9,862406;-48,723472;SPRF-TO;DEL01-TO;UOP01-DEL01-TO
689657;07/05/2025;quarta-feira;16:50:00;SC;101;192;BIGUACU;Acumulo de óleo sobre o pavimento;Tombamento;Com Vítimas Feridas;Pleno dia;Decrescente;Nublado;Múltipla;Reta;Sim;2;0;2;0;0;0;2;1;-27,48639844;-48,64870967;SPRF-SC;DEL01-SC;UOP01-DEL01-SC
689658;07/05/2025;quarta-feira;16:45:00;GO;60;94;ANAPOLIS;Condutor deixou de manter distância do veículo da frente;Colisão traseira;Com Vítimas Feridas;Pleno dia;Crescente;Céu Claro;Dupla;Reta;Sim;3;0;1;0;2;0;1;2;-16,357818;-48,931423;SPRF-GO;DEL02-GO;UOP01-DEL02-GO
689659;07/05/2025;quarta-feira;17:00:00;PI;316;20;TERESINA;Reação tardia ou ineficiente do condutor;Colisão traseira;Sem Vítimas;Pleno dia;Crescente;Céu Claro;Múltipla;"Reta;Declive";Não;2;0;0;0;2;0;0;2;-5,26476458;-42,72793561;SPRF-PI;DEL01-PI;UOP02-DEL01-PI
689660;07/05/2025;quarta-feira;17:00:00;ES;101;157,7;LINHARES;Reação tardia ou ineficiente do condutor;Queda de ocupante de veículo;Com Vítimas Feridas;Anoitecer;Decrescente;Céu Claro;Simples;Reta;Não;1;0;1;0;0;0;1;1;-19,3631864;-40,0654747;SPRF-ES;DEL04-ES;UOP01-DEL04-ES
689661;07/05/2025;quarta-feira;17:20:00;SP;153;64,1;SAO JOSE DO RIO PRETO;Condutor deixou de manter distância do veículo da frente;Colisão traseira;Com Vítimas Feridas;Anoitecer;Decrescente;Céu Claro;Dupla;Reta;Sim;2;0;1;0;1;0;1;2;-20,8549761;-49,404749;SPRF-SP;DEL09-SP;UOP01-DEL09-SP
689663;07/05/2025;quarta-feira;17:15:00;RJ;40;121;DUQUE DE CAXIAS;Ausência de reação do condutor;Colisão traseira;Com Vítimas Feridas;Pleno dia;Crescente;Céu Claro;Múltipla;Reta;Sim;6;0;2;0;4;0;2;5;-22,78146629;-43,28576155;SPRF-RJ;DEL01-RJ;UOP02-DEL01-RJ
689666;07/05/2025;quarta-feira;17:50:00;BA;116;7;VITORIA DA CONQUISTA;Acessar a via sem observar a presença dos outros veículos;Colisão transversal;Com Vítimas Feridas;Pleno dia;Crescente;Céu Claro;Simples;Reta;Sim;2;0;1;0;1;0;1;2;-14,842871;-40,888642;SPRF-BA;DEL08-BA;UOP01-DEL08-BA
689667;07/05/2025;quarta-feira;18:00:00;SP;116;148;SAO JOSE DOS CAMPOS;Reação tardia ou ineficiente do condutor;Colisão traseira;Com Vítimas Feridas;Anoitecer;Crescente;Céu Claro;Dupla;Reta;Sim;2;0;1;0;1;0;1;2;-23,20199248;-45,88137388;SPRF-SP;DEL02-SP;UOP01-DEL02-SP
689670;07/05/2025;quarta-feira;17:50:00;MG;116;277,1;TEOFILO OTONI;Desrespeitar a preferência no cruzamento;Colisão transversal;Com Vítimas Feridas;Plena Noite;Decrescente;Nublado;Dupla;"Interseção de Vias;Reta";Sim;2;0;1;0;1;0;1;2;-17,861198;-41,514923;SPRF-MG;DEL11-MG;UOP01-DEL11-MG
689671;07/05/2025;quarta-feira;18:00:00;RS;116;221;DOIS IRMAOS;Acessar a via sem observar a presença dos outros veículos;Colisão traseira;Com Vítimas Feridas;Anoitecer;Decrescente;Céu Claro;Dupla;"Reta;Rotatória";Sim;2;0;1;0;1;0;1;2;-29,57875638;-51,09544985;SPRF-RS;DEL01-RS;UOP02-DEL01-RS
689672;07/05/2025;quarta-feira;18:00:00;MG;40;630;CONSELHEIRO LAFAIETE;Acessar a via sem observar a presença dos outros veículos;Colisão transversal;Com Vítimas Feridas;Plena Noite;Crescente;Céu Claro;Simples;Reta;Sim;2;0;1;1;0;0;2;2;-20,6709849;-43,799616;SPRF-MG;DEL05-MG;UOP02-DEL05-MG
689674;07/05/2025;quarta-feira;16:00:00;PE;232;364;FLORES;Condutor Dormindo;Colisão lateral sentido oposto;Com Vítimas Feridas;Pleno dia;Decrescente;Nublado;Simples;"Curva;Declive";Não;3;0;2;0;1;0;2;2;-8,04023;-37,919742;SPRF-PE;DEL04-PE;UOP01-DEL04-PE
689675;07/05/2025;quarta-feira;17:45:00;PR;376;222;CAMBIRA;Acessar a via sem observar a presença dos outros veículos;Colisão traseira;Com Vítimas Feridas;Anoitecer;Crescente;Céu Claro;Dupla;"Reta;Interseção de Vias";Sim;2;0;1;0;1;0;1;2;-23,602194;-51,592525;SPRF-PR;DEL09-PR;UOP01-DEL09-PR
689676;07/05/2025;quarta-feira;18:30:00;RS;158;194,4;CRUZ ALTA;Desrespeitar a preferência no cruzamento;Colisão transversal;Sem Vítimas;Plena Noite;Crescente;Garoa/Chuvisco;Simples;Reta;Não;3;0;0;0;1;2;0;3;-28,642954;-53,571895;SPRF-RS;DEL10-RS;UOP02-DEL10-RS
689677;07/05/2025;quarta-feira;18:20:00;SC;470;2;NAVEGANTES;Ausência de reação do condutor;Colisão traseira;Com Vítimas Feridas;Plena Noite;Decrescente;Céu Claro;Dupla;Reta;Não;2;0;0;1;1;0;1;2;-26,87701827;-48,66641231;SPRF-SC;DEL04-SC;UOP04-DEL04-SC
689679;07/05/2025;quarta-feira;17:40:00;ES;101;61,4;SAO MATEUS;Transitar no Acostamento;Tombamento;Com Vítimas Feridas;Pleno dia;Crescente;Nublado;Simples;Reta;Sim;2;0;1;0;1;0;1;2;-18,65004516;-39,87315528;SPRF-ES;DEL04-ES;UOP02-DEL04-ES
689680;07/05/2025;quarta-feira;16:30:00;ES;101;290;CARIACICA;Reação tardia ou ineficiente do condutor;Colisão traseira;Com Vítimas Feridas;Pleno dia;Crescente;Nublado;Dupla;Reta;Sim;2;0;1;0;1;0;1;2;-20,29356942;-40,39275885;SPRF-ES;DEL01-ES;UOP01-DEL01-ES
689682;07/05/2025;quarta-feira;18:45:00;SC;282;16,5;PALHOCA;Acessar a via sem observar a presença dos outros veículos;Colisão transversal;Com Vítimas Feridas;Plena Noite;Crescente;Nublado;Simples;Reta;Não;2;0;1;0;1;0;1;2;-27,66177887;-48,68458271;SPRF-SC;DEL01-SC;UOP02-DEL01-SC
689683;07/05/2025;quarta-feira;18:10:00;GO;153;495,5;GOIANIA;Condutor deixou de manter distância do veículo da frente;Engavetamento;Sem Vítimas;Anoitecer;Decrescente;Chuva;Múltipla;"Reta;Declive";Sim;3;0;0;0;3;0;0;3;-16,66555325;-49,22449563;SPRF-GO;DEL01-GO;UOP01-DEL01-GO
689684;07/05/2025;quarta-feira;17:00:00;RJ;40;122;DUQUE DE CAXIAS;Trafegar com motocicleta (ou similar) entre as faixas;Colisão lateral mesmo sentido;Com Vítimas Feridas;Pleno dia;Decrescente;Céu Claro;Dupla;Reta;Sim;3;0;1;0;2;0;1;3;-22,79293433;-43,28679557;SPRF-RJ;DEL01-RJ;UOP02-DEL01-RJ
689685;07/05/2025;quarta-feira;07:10:00;MG;40;530,5;CONTAGEM;Demais falhas mecânicas ou elétricas;Tombamento;Com Vítimas Feridas;Pleno dia;Crescente;Céu Claro;Dupla;"Aclive;Curva";Sim;2;0;1;1;0;0;2;1;-19,9210555;-44,0369451;SPRF-MG;DEL01-MG;UOP02-DEL01-MG
689686;07/05/2025;quarta-feira;19:15:00;SP;116;216;GUARULHOS;Carga excessiva e/ou mal acondicionada;Colisão com objeto;Com Vítimas Feridas;Plena Noite;Decrescente;Céu Claro;Múltipla;"Reta;Declive";Não;2;0;1;0;1;0;1;2;-23,454076;-46,47078;SPRF-SP;DEL01-SP;UOP01-DEL01-SP
689688;07/05/2025;quarta-feira;19:00:00;SP;101;52;UBATUBA;Acessar a via sem observar a presença dos outros veículos;Colisão transversal;Com Vítimas Feridas;Plena Noite;Crescente;Céu Claro;Simples;Curva;Sim;2;0;1;0;1;0;1;2;-23,46545086;-45,06218433;SPRF-SP;DEL06-SP;UOP01-DEL06-SP
689689;07/05/2025;quarta-feira;19:10:00;PR;277;593,1;CASCAVEL;Condutor deixou de manter distância do veículo da frente;Engavetamento;Com Vítimas Feridas;Plena Noite;Crescente;Céu Claro;Simples;"Reta;Aclive";Sim;7;0;2;0;5;0;2;3;-24,98028287;-53,48549928;SPRF-PR;DEL04-PR;UOP01-DEL04-PR
689691;07/05/2025;quarta-feira;15:20:00;MA;226;298;BARRA DO CORDA;Ultrapassagem Indevida;Colisão lateral mesmo sentido;Com Vítimas Feridas;Pleno dia;Decrescente;Céu Claro;Simples;"Reta;Aclive";Sim;2;0;0;1;1;0;1;2;-5,49870963;-45,23908049;SPRF-MA;DEL06-MA;UOP01-DEL06-MA
689693;07/05/2025;quarta-feira;18:40:00;PE;232;59,5;POMBOS;Entrada inopinada do pedestre;Atropelamento de Pedestre;Com Vítimas Feridas;Plena Noite;Decrescente;Nublado;Dupla;Reta;Sim;2;0;0;1;1;0;1;2;-8,147605;-35,403108;SPRF-PE;DEL02-PE;UOP02-DEL02PE
689694;07/05/2025;quarta-feira;19:30:00;SC;282;3,5;FLORIANOPOLIS;Trafegar com motocicleta (ou similar) entre as faixas;Colisão transversal;Com Vítimas Feridas;Plena Noite;Crescente;Céu Claro;Múltipla;Reta;Não;4;0;2;0;2;0;2;3;-27,59753215;-48,60085487;SPRF-SC;DEL01-SC;UOP01-DEL01-SC
689695;07/05/2025;quarta-feira;19:10:00;PI;343;9,5;PARNAIBA;Acessar a via sem observar a presença dos outros veículos;Colisão transversal;Com Vítimas Feridas;Plena Noite;Decrescente;Céu Claro;Simples;Reta;Sim;3;0;1;0;2;0;1;2;-2,9012977;-41,7367266;SPRF-PI;DEL05-PI;UOP01-DEL05-PI
689696;07/05/2025;quarta-feira;18:50:00;SP;153;0,9;ICEM;Reação tardia ou ineficiente do condutor;Colisão traseira;Com Vítimas Feridas;Anoitecer;Decrescente;Nublado;Simples;Reta;Não;2;0;1;0;1;0;1;2;-20,313522;-49,20927;SPRF-SP;DEL09-SP;UOP01-DEL09-SP
689700;07/05/2025;quarta-feira;17:30:00;SP;101;39;UBATUBA;Reação tardia ou ineficiente do condutor;Tombamento;Com Vítimas Feridas;Anoitecer;Crescente;Nublado;Simples;Reta;Não;1;0;1;0;0;0;1;1;-23,41331965;-45,0237751;SPRF-SP;DEL06-SP;UOP01-DEL06-SP
689705;07/05/2025;quarta-feira;01:45:00;RO;435;108;COLORADO DO OESTE;Velocidade Incompatível;Queda de ocupante de veículo;Com Vítimas Feridas;Plena Noite;Decrescente;Céu Claro;Simples;Reta;Não;1;0;1;0;0;0;1;1;-13,18991942;-60,73408699;SPRF-RO;DEL04-RO;UOP02-DEL04-RO
689706;07/05/2025;quarta-feira;18:50:00;SC;101;380;ICARA;Transitar na calçada;Colisão com objeto;Com Vítimas Feridas;Plena Noite;Decrescente;Nublado;Múltipla;Reta;Sim;1;0;0;1;0;0;1;1;-28,7606618;-49,28759694;SPRF-SC;DEL02-SC;UOP02-DEL02-SC
689707;07/05/2025;quarta-feira;18:30:00;PR;116;111;CURITIBA;Ausência de reação do condutor;Queda de ocupante de veículo;Com Vítimas Feridas;Anoitecer;Decrescente;Nublado;Dupla;Reta;Não;1;0;1;0;0;0;1;1;-25,56395393;-49,2605871;SPRF-PR;DEL01-PR;UOP03-DEL01-PR
689708;07/05/2025;quarta-feira;17:40:00;MA;230;0;BARAO DE GRAJAU;Acessar a via sem observar a presença dos outros veículos;Colisão transversal;Com Vítimas Feridas;Anoitecer;Crescente;Céu Claro;Simples;"Ponte;Reta";Sim;2;0;0;1;0;1;1;2;-6,75841693;-43,01211834;SPRF-PI;DEL03-PI;UOP01-DEL03-PI
689709;07/05/2025;quarta-feira;18:20:00;RS;470;200,4;BENTO GONCALVES;Conversão proibida;Colisão transversal;Com Vítimas Feridas;Anoitecer;Crescente;Céu Claro;Simples;Interseção de Vias;Não;2;0;2;0;0;0;2;2;-29,07339153;-51,58632366;SPRF-RS;DEL06-RS;UOP02-DEL06-RS
689710;07/05/2025;quarta-feira;15:50:00;PB;230;18,3;JOAO PESSOA;Ausência de reação do condutor;Tombamento;Com Vítimas Feridas;Pleno dia;Crescente;Céu Claro;Dupla;"Curva;Declive";Não;1;0;1;0;0;0;1;1;-7,1259949;-34,8455117;SPRF-PB;DEL01-PB;UOP01-DEL01-PB
689713;07/05/2025;quarta-feira;19:30:00;PR;116;119;CURITIBA;Trafegar com motocicleta (ou similar) entre as faixas;Colisão traseira;Com Vítimas Feridas;Plena Noite;Decrescente;Nublado;Dupla;Reta;Sim;2;0;1;0;1;0;1;2;-25,58229553;-49,31338294;SPRF-PR;DEL01-PR;UOP03-DEL01-PR
689714;07/05/2025;quarta-feira;19:50:00;RJ;101;313;SAO GONCALO;Trafegar com motocicleta (ou similar) entre as faixas;Colisão lateral mesmo sentido;Com Vítimas Feridas;Plena Noite;Decrescente;Céu Claro;Dupla;Reta;Sim;4;0;0;2;1;1;2;3;-22,8132526;-43,07350874;SPRF-RJ;DEL02-RJ;UOP02-DEL02-RJ
689715;07/05/2025;quarta-feira;18:43:00;MS;163;97,3;ITAQUIRAI;Reação tardia ou ineficiente do condutor;Saída de leito carroçável;Com Vítimas Feridas;Plena Noite;Decrescente;Céu Claro;Simples;Declive;Não;2;0;2;0;0;0;2;1;-23,304772;-54,222153;SPRF-MS;DEL09-MS;UOP01-DEL09-MS
689717;07/05/2025;quarta-feira;18:40:00;BA;330;791;JEQUIE;Transitar na contramão;Colisão lateral sentido oposto;Sem Vítimas;Plena Noite;Crescente;Chuva;Simples;Reta;Não;2;0;0;0;1;1;0;2;-13,88089;-40,13669;SPRF-BA;DEL03-BA;UOP01-DEL03-BA
689718;07/05/2025;quarta-feira;20:30:00;PR;369;152,7;LONDRINA;Entrada inopinada do pedestre;Atropelamento de Pedestre;Com Vítimas Feridas;Plena Noite;Crescente;Nublado;Dupla;"Interseção de Vias;Aclive";Não;2;0;2;0;0;0;2;2;-23,29362374;-51,18751287;SPRF-PR;DEL07-PR;UOP01-DEL07-PR
689720;07/05/2025;quarta-feira;18:20:00;RJ;493;96;SEROPEDICA;Deficiência do Sistema de Iluminação/Sinalização;Saída de leito carroçável;Com Vítimas Feridas;Plena Noite;Crescente;Nublado;Múltipla;Reta;Não;2;0;2;0;0;0;2;1;-22,71011129;-43,70064609;SPRF-RJ;DEL01-RJ;UOP03-DEL01-RJ
689722;07/05/2025;quarta-feira;18:52:00;MT;163;8,2;ITIQUIRA;Ausência de reação do condutor;Queda de ocupante de veículo;Com Vítimas Feridas;Plena Noite;Crescente;Céu Claro;Dupla;Reta;Não;1;0;1;0;0;0;1;1;-17,07137451;-54,75157857;SPRF-MT;DEL02-MT;UOP03-DEL02-MT
689723;07/05/2025;quarta-feira;19:00:00;PR;277;336,3;GUARAPUAVA;Reação tardia ou ineficiente do condutor;Colisão com objeto;Com Vítimas Feridas;Plena Noite;Crescente;Céu Claro;Dupla;"Reta;Ponte";Não;2;0;1;0;0;1;1;2;-25,34123348;-51,41317248;SPRF-PR;DEL08-PR;UOP01-DEL08-PR
689725;07/05/2025;quarta-feira;22:00:00;MG;381;509;SAO JOAQUIM DE BICAS;Ausência de reação do condutor;Colisão com objeto;Sem Vítimas;Plena Noite;Decrescente;Céu Claro;Dupla;Curva;Sim;1;0;0;0;1;0;0;1;-20,04994351;-44,27886823;SPRF-MG;DEL01-MG;UOP03-DEL01-MG
689726;07/05/2025;quarta-feira;22:27:00;RJ;116;185;NOVA IGUACU;Condutor deixou de manter distância do veículo da frente;Colisão traseira;Com Vítimas Feridas;Plena Noite;Decrescente;Céu Claro;Dupla;Reta;Sim;2;0;1;0;0;1;1;2;-22,74024814;-43,45845938;SPRF-RJ;DEL06-RJ;UOP01-DEL06-RJ
689728;07/05/2025;quarta-feira;14:55:00;MG;354;705,6;CAXAMBU;Transitar na contramão;Colisão frontal;Com Vítimas Feridas;Pleno dia;Decrescente;Sol;Simples;Curva;Não;4;0;0;2;1;1;2;3;-21,99414244;-44,92654156;SPRF-MG;DEL17-MG;UOP01-DEL17-MG
689729;07/05/2025;quarta-feira;21:06:00;PE;423;57;GARANHUNS;Ingestão de álcool pelo condutor;Colisão frontal;Sem Vítimas;Plena Noite;Crescente;Céu Claro;Simples;Reta;Não;2;0;0;0;2;0;0;2;-8,8785348;-36,4715896;SPRF-PE;DEL03-PE;UOP01-DEL03-PE
689730;07/05/2025;quarta-feira;16:15:00;MG;354;704;CAXAMBU;Acessar a via sem observar a presença dos outros veículos;Colisão transversal;Com Vítimas Fatais;Pleno dia;Decrescente;Céu Claro;Simples;Reta;Sim;3;1;1;0;1;0;1;2;-21,983792;-44,924393;SPRF-MG;DEL17-MG;UOP01-DEL17-MG
689732;07/05/2025;quarta-feira;23:30:00;BA;101;224;CRUZ DAS ALMAS;Retorno proibido;Colisão transversal;Com Vítimas Feridas;Plena Noite;Crescente;Nublado;Simples;Aclive;Não;2;0;0;1;1;0;1;2;-12,69990511;-39,15316749;SPRF-BA;DEL01-BA;UOP02-DEL01-BA
689733;07/05/2025;quarta-feira;21:15:00;RO;421;7;ARIQUEMES;Animais na Pista;Atropelamento de Animal;Com Vítimas Feridas;Plena Noite;Crescente;Nublado;Simples;Reta;Não;2;0;0;2;0;0;2;2;-9,952972;-63,109647;SPRF-RO;DEL03-RO;UOP01-DEL03-RO