id;data_inversa;dia_semana;horario;uf;br;km;municipio;causa_acidente;tipo_acidente;classificacao_acidente;fase_dia;sentido_via;condicao_metereologica;tipo_pista;tracado_via;uso_solo;pessoas;mortos;feridos_leves;feridos_graves;ilesos;ignorados;feridos;veiculos;latitude;longitude;regional;delegacia;uop
689735;07/05/2025;quarta-feira;23:01:00;PE;232;76,6;GRAVATA;Acessar a via sem observar a presença dos outros veículos;Colisão traseira;Com Vítimas Feridas;Plena Noite;Crescente;Céu Claro;Dupla;Reta;Sim;2;0;1;0;1;0;1;2;-8,19454711;-35,53831307;SPRF-PE;DEL02-PE;UOP02-DEL02PE
689736;07/05/2025;quarta-feira;15:30:00;SC;282;70;RANCHO QUEIMADO;Frear bruscamente;Saída de leito carroçável;Sem Vítimas;Pleno dia;Decrescente;Nublado;Simples;Curva;Não;1;0;0;0;1;0;0;1;-27,69153;-49,0913;SPRF-SC;DEL01-SC;UOP03-DEL01-SC
689739;08/05/2025;quinta-feira;02:20:00;SP;116;62,5;GUARATINGUETA;Ausência de reação do condutor;Colisão traseira;Com Vítimas Feridas;Plena Noite;Decrescente;Céu Claro;Dupla;Reta;Não;3;0;1;0;2;0;1;2;-22,81659467;-45,180958;SPRF-SP;DEL08-SP;UOP01-DEL08-SP
689742;07/05/2025;quarta-feira;12:00:00;RJ;101;318;SAO GONCALO;Avarias e/ou desgaste excessivo no pneu;Queda de ocupante de veículo;Com Vítimas Feridas;Pleno dia;Crescente;Sol;Dupla;Reta;Sim;2;0;2;0;0;0;2;1;-22,848969;-43,10005188;SPRF-RJ;DEL02-RJ;UOP02-DEL02-RJ
689743;07/05/2025;quarta-feira;19:00:00;BA;324;1;FEIRA DE SANTANA;Pista esburacada;Queda de ocupante de veículo;Com Vítimas Feridas;Plena Noite;Crescente;Nublado;Dupla;Aclive;Sim;1;0;1;0;0;0;1;1;-12,28238165;-38,94603968;SPRF-BA;DEL02-BA;UOP01-DEL02-BA
689748;08/05/2025;quinta-feira;06:05:00;SP;153;60,9;SAO JOSE DO RIO PRETO;Reação tardia ou ineficiente do condutor;Colisão traseira;Com Vítimas Feridas;Amanhecer;Crescente;Céu Claro;Dupla;"Reta;Declive";Sim;2;0;1;0;0;1;1;2;-20,80289824;-49,3560791;SPRF-SP;DEL09-SP;UOP01-DEL09-SP
689749;08/05/2025;quinta-feira;05:30:00;MS;267;641;PORTO MURTINHO;Demais falhas mecânicas ou elétricas;Incêndio;Sem Vítimas;Amanhecer;Crescente;Céu Claro;Simples;Reta;Não;1;0;0;0;0;1;0;1;-21,744328;-57,487239;SPRF-MS;DEL05-MS;UOP01-DEL05-MS
689750;08/05/2025;quinta-feira;05:00:00;SC;101;57,2;ARAQUARI;Reação tardia ou ineficiente do condutor;Tombamento;Com Vítimas Feridas;Plena Noite;Decrescente;Céu Claro;Simples;"Declive;Interseção de Vias;Viaduto;Curva";Não;1;0;1;0;0;0;1;1;-26,43693288;-48,80778663;SPRF-SC;DEL03-SC;UOP01-DEL03-SC
689751;08/05/2025;quinta-feira;05:30:00;BA;116;14;VITORIA DA CONQUISTA;Condutor deixou de manter distância do veículo da frente;Colisão lateral mesmo sentido;Com Vítimas Feridas;Amanhecer;Crescente;Céu Claro;Simples;Reta;Não;2;0;2;0;0;0;2;2;-14,89326;-40,86568;SPRF-BA;DEL08-BA;UOP01-DEL08-BA
689752;07/05/2025;quarta-feira;20:00:00;RJ;101;275;TANGUA;Conversão proibida;Colisão frontal;Com Vítimas Feridas;Plena Noite;Decrescente;Céu Claro;Simples;Reta;Sim;2;0;1;0;1;0;1;2;-22,73617242;-42,73690028;SPRF-RJ;DEL02-RJ;UOP03-DEL02-RJ
689753;08/05/2025;quinta-feira;06:12:00;SC;282;345,9;CAMPOS NOVOS;Condutor Dormindo;Saída de leito carroçável;Sem Vítimas;Amanhecer;Decrescente;Nublado;Simples;Reta;Não;1;0;0;0;0;1;0;1;-27,374648;-51,24724;SPRF-SC;DEL07-SC;UOP06-DEL07-SC
689755;07/05/2025;quarta-feira;18:18:00;SC;470;66,5;INDAIAL;Condutor usando celular;Colisão com objeto;Com Vítimas Feridas;Plena Noite;Decrescente;Nublado;Simples;Reta;Sim;1;0;1;0;0;0;1;1;-26,87036732;-49,22669856;SPRF-SC;DEL04-SC;UOP01-DEL04-SC
689758;08/05/2025;quinta-feira;06:55:00;RS;386;350;ESTRELA;Reação tardia ou ineficiente do condutor;Colisão com objeto;Com Vítimas Feridas;Pleno dia;Crescente;Nublado;Dupla;"Em Obras;Desvio Temporário";Não;1;0;1;0;0;0;1;1;-29,47357;-51,95315;SPRF-RS;DEL04-RS;UOP01-DEL04-RS
689760;08/05/2025;quinta-feira;07:45:00;MG;381;480,8;CONTAGEM;Ausência de reação do condutor;Colisão traseira;Com Vítimas Fatais;Pleno dia;Crescente;Céu Claro;Dupla;Reta;Não;2;1;0;0;1;0;0;2;-19,96076406;-44,05345917;SPRF-MG;DEL01-MG;UOP03-DEL01-MG
689761;08/05/2025;quinta-feira;07:02:00;RN;101;168;SAO GONCALO DO AMARANTE;Manobra de mudança de faixa;Colisão lateral mesmo sentido;Com Vítimas Feridas;Pleno dia;Crescente;Céu Claro;Dupla;"Reta;Retorno Regulamentado";Sim;3;0;1;1;1;0;2;2;-5,75413407;-35,31194687;SPRF-RN;DEL01-RN;UOP01-DEL01-RN
689762;08/05/2025;quinta-feira;07:40:00;RJ;101;573,2;PARATY;Acessar a via sem observar a presença dos outros veículos;Colisão transversal;Com Vítimas Feridas;Pleno dia;Crescente;Céu Claro;Simples;Reta;Não;3;0;2;0;1;0;2;2;-23,25274958;-44,69942522;SPRF-RJ;DEL03-RJ;UOP04-DEL03-RJ
689763;08/05/2025;quinta-feira;07:00:00;BA;324;620;SALVADOR;Trafegar com motocicleta (ou similar) entre as faixas;Colisão lateral mesmo sentido;Com Vítimas Feridas;Pleno dia;Crescente;Nublado;Múltipla;Reta;Sim;3;0;1;0;2;0;1;2;-12,9153794;-38,461596;SPRF-BA;DEL01-BA;UOP01-DEL01-BA
689764;08/05/2025;quinta-feira;07:40:00;PB;230;21;JOAO PESSOA;Transitar no Acostamento;Tombamento;Com Vítimas Feridas;Pleno dia;Crescente;Chuva;Dupla;Reta;Sim;1;0;0;1;0;0;1;1;-7,142149;-34,851744;SPRF-PB;DEL01-PB;UOP01-DEL01-PB
689765;08/05/2025;quinta-feira;07:40:00;RJ;101;268;RIO BONITO;Reação tardia ou ineficiente do condutor;Saída de leito carroçável;Com Vítimas Feridas;Pleno dia;Crescente;Céu Claro;Dupla;Reta;Não;1;0;1;0;0;0;1;1;-22,715049;-42,679022;SPRF-RJ;DEL02-RJ;UOP03-DEL02-RJ
689766;08/05/2025;quinta-feira;07:50:00;GO;153;438;ANAPOLIS;Manobra de mudança de faixa;Colisão lateral mesmo sentido;Com Vítimas Feridas;Pleno dia;Decrescente;Céu Claro;Dupla;"Reta;Aclive";Sim;2;0;0;1;1;0;1;2;-16,31708582;-48,92190993;SPRF-GO;DEL02-GO;UOP01-DEL02-GO
689767;08/05/2025;quinta-feira;07:40:00;RJ;101;318;SAO GONCALO;Ausência de reação do condutor;Colisão traseira;Com Vítimas Feridas;Pleno dia;Crescente;Céu Claro;Dupla;Reta;Não;3;0;1;0;2;0;1;2;-22,8526435;-43,10106039;SPRF-RJ;DEL02-RJ;UOP02-DEL02-RJ
689768;08/05/2025;quinta-feira;08:25:00;SC;101;202,5;SAO JOSE;Trafegar com motocicleta (ou similar) entre as faixas;Queda de ocupante de veículo;Com Vítimas Feridas;Pleno dia;Crescente;Céu Claro;Múltipla;Reta;Sim;1;0;1;0;0;0;1;1;-27,561232;-48,616909;SPRF-SC;DEL01-SC;UOP01-DEL01-SC
689770;08/05/2025;quinta-feira;08:32:00;TO;153;654;DUERE;Reação tardia ou ineficiente do condutor;Saída de leito carroçável;Com Vítimas Feridas;Pleno dia;Decrescente;Céu Claro;Simples;Reta;Não;1;0;1;0;0;0;1;1;-11,58254777;-49,03424299;SPRF-TO;DEL01-TO;UOP02-DEL01-TO
689771;08/05/2025;quinta-feira;08:00:00;PR;369;146;LONDRINA;Ausência de reação do condutor;Colisão traseira;Com Vítimas Feridas;Pleno dia;Crescente;Céu Claro;Dupla;Reta;Sim;2;0;1;0;1;0;1;2;-23,293016;-51,120957;SPRF-PR;DEL07-PR;UOP01-DEL07-PR
689773;08/05/2025;quinta-feira;08:00:00;PE;101;59;RECIFE;Trafegar com motocicleta (ou similar) entre as faixas;Colisão lateral mesmo sentido;Com Vítimas Feridas;Pleno dia;Crescente;Sol;Dupla;"Reta;Aclive";Não;1;0;1;0;0;0;1;1;-7,979275;-34,929197;SPRF-PE;DEL01-PE;UOP02-DEL01-PE
689774;08/05/2025;quinta-feira;07:50:00;MG;40;735;SANTOS DUMONT;Velocidade Incompatível;Colisão transversal;Com Vítimas Feridas;Pleno dia;Crescente;Céu Claro;Simples;Curva;Não;2;0;2;0;0;0;2;2;-21,42799618;-43,5558238;SPRF-MG;DEL05-MG;UOP01-DEL05-MG
689775;05/05/2025;segunda-feira;00:30:00;RJ;101;318;SAO GONCALO;Reação tardia ou ineficiente do condutor;Queda de ocupante de veículo;Com Vítimas Feridas;Plena Noite;Decrescente;Céu Claro;Dupla;Curva;Não;2;0;2;0;0;0;2;1;-22,84647432;-43,09893023;SPRF-RJ;DEL02-RJ;UOP02-DEL02-RJ
689777;08/05/2025;quinta-feira;07:30:00;BA;101;934;MUCURI;Acesso irregular;Colisão transversal;Com Vítimas Feridas;Pleno dia;Crescente;Chuva;Simples;Reta;Sim;2;0;0;1;1;0;1;2;-17,99266104;-39,86024201;SPRF-BA;DEL09-BA;UOP02-DEL09-BA
689779;08/05/2025;quinta-feira;07:45:00;PE;232;9,6;JABOATAO DOS GUARARAPES;Trafegar com motocicleta (ou similar) entre as faixas;Colisão lateral mesmo sentido;Com Vítimas Feridas;Pleno dia;Decrescente;Céu Claro;Dupla;Reta;Sim;2;0;0;1;1;0;1;2;-8,078767;-34,985075;SPRF-PE;DEL01-PE;UOP01-DEL01-PE
689780;08/05/2025;quinta-feira;08:50:00;SC;470;58;BLUMENAU;Trafegar com motocicleta (ou similar) entre as faixas;Colisão transversal;Com Vítimas Feridas;Pleno dia;Crescente;Céu Claro;Simples;Em Obras;Sim;3;0;1;0;2;0;1;2;-26,88378865;-49,14549049;SPRF-SC;DEL04-SC;UOP01-DEL04-SC
689781;26/04/2025;sábado;23:00:00;MS;463;3,3;DOURADOS;Manobra de mudança de faixa;Colisão lateral mesmo sentido;Com Vítimas Feridas;Plena Noite;Crescente;Chuva;Dupla;"Aclive;Reta";Sim;3;0;1;1;1;0;2;2;-22,25913;-54,836249;SPRF-MS;DEL04-MS;UOP01-DEL04-MS
689784;08/05/2025;quinta-feira;09:30:00;SC;101;1,5;FLORIANOPOLIS;Mal súbito do condutor;Engavetamento;Com Vítimas Feridas;Pleno dia;Decrescente;Nublado;Dupla;Reta;Sim;3;0;2;0;1;0;2;3;-27,59919087;-48,57480375;SPRF-SC;DEL03-SC;UOP01-DEL03-SC
689787;08/05/2025;quinta-feira;06:30:00;MG;381;490;BETIM;Ultrapassagem Indevida;Colisão lateral mesmo sentido;Com Vítimas Feridas;Pleno dia;Crescente;Céu Claro;Simples;Reta;Sim;2;0;0;1;1;0;1;2;-19,95880819;-44,15149605;SPRF-MG;DEL01-MG;UOP03-DEL01-MG
689788;22/03/2025;sábado;16:10:00;GO;414;428;ABADIANIA;Manobra de mudança de faixa;Colisão frontal;Com Vítimas Feridas;Pleno dia;Decrescente;Céu Claro;Simples;Reta;Não;4;0;3;0;1;0;3;2;-16,1972713;-48,9087921;SPRF-GO;DEL02-GO;UOP01-DEL02-GO
689791;08/05/2025;quinta-feira;09:15:00;MS;163;529;JARAGUARI;Acessar a via sem observar a presença dos outros veículos;Tombamento;Com Vítimas Feridas;Pleno dia;Crescente;Sol;Simples;"Reta;Aclive";Não;1;0;1;0;0;0;1;1;-20,08061341;-54,43025248;SPRF-MS;DEL01-MS;UOP02-DEL01-MS
689792;08/05/2025;quinta-feira;09:50:00;RS;285;615;SANTO ANTONIO DAS MISSOES;Demais falhas mecânicas ou elétricas;Tombamento;Sem Vítimas;Pleno dia;Crescente;Nublado;Simples;Reta;Não;2;0;0;0;2;0;0;1;-28,495157;-55,41835;SPRF-RS;DEL12-RS;UOP01-DEL12-RS
689793;08/05/2025;quinta-feira;08:46:00;RJ;101;326;NITEROI;Reação tardia ou ineficiente do condutor;Colisão com objeto;Com Vítimas Feridas;Pleno dia;Crescente;Céu Claro;Dupla;Reta;Não;2;0;0;1;0;1;1;2;-22,87237931;-43,1470871;SPRF-RJ;DEL02-RJ;UOP01-DEL02-RJ
689794;08/05/2025;quinta-feira;10:30:00;GO;414;303;VILA PROPICIO;Ingestão de álcool pelo condutor;Tombamento;Com Vítimas Feridas;Pleno dia;Decrescente;Sol;Simples;Reta;Não;1;0;1;0;0;0;1;1;-15,240288;-48,691345;SPRF-GO;DEL02-GO;UOP01-DEL02-GO
689795;08/05/2025;quinta-feira;09:20:00;RJ;101;331;RIO DE JANEIRO;Avarias e/ou desgaste excessivo no pneu;Tombamento;Com Vítimas Feridas;Pleno dia;Crescente;Céu Claro;Simples;Reta;Não;2;0;1;0;1;0;1;1;-22,86858331;-43,1879425;SPRF-RJ;DEL02-RJ;UOP01-DEL02-RJ
689796;08/05/2025;quinta-feira;11:10:00;SC;101;197,7;BIGUACU;Ausência de reação do condutor;Colisão traseira;Com Vítimas Feridas;Pleno dia;Crescente;Céu Claro;Múltipla;"Reta;Interseção de Vias";Sim;2;0;2;0;0;0;2;2;-27,524476;-48,636559;SPRF-SC;DEL01-SC;UOP01-DEL01-SC
689797;08/05/2025;quinta-feira;11:05:00;RJ;116;180;SAO JOAO DE MERITI;Ausência de reação do condutor;Saída de leito carroçável;Com Vítimas Feridas;Pleno dia;Crescente;Sol;Múltipla;"Ponte;Aclive";Sim;1;0;1;0;0;0;1;1;-22,80276927;-43,34861755;SPRF-RJ;DEL06-RJ;UOP01-DEL06-RJ
689798;08/05/2025;quinta-feira;11:00:00;PB;230;22;JOAO PESSOA;Trafegar com motocicleta (ou similar) entre as faixas;Colisão lateral mesmo sentido;Com Vítimas Feridas;Pleno dia;Decrescente;Céu Claro;Dupla;Reta;Não;2;0;1;0;1;0;1;2;-7,1573249;-34,8579354;SPRF-PB;DEL01-PB;UOP01-DEL01-PB
689799;30/04/2025;quarta-feira;21:30:00;MS;163;495,6;CAMPO GRANDE;Ausência de reação do condutor;Saída de leito carroçável;Com Vítimas Feridas;Plena Noite;Crescente;Céu Claro;Simples;Curva;Não;1;0;0;1;0;0;1;1;-20,36125337;-54,5265609;SPRF-MS;DEL01-MS;UOP02-DEL01-MS
689800;08/05/2025;quinta-feira;11:10:00;PE;104;67,6;CARUARU;Ausência de reação do condutor;Colisão traseira;Sem Vítimas;Pleno dia;Decrescente;Céu Claro;Dupla;Reta;Sim;2;0;0;0;2;0;0;2;-8,29593195;-35,98762449;SPRF-PE;DEL02-PE;UOP01-DEL02-PE
689806;08/05/2025;quinta-feira;09:00:00;AP;156;747;OIAPOQUE;Reação tardia ou ineficiente do condutor;Colisão traseira;Sem Vítimas;Pleno dia;Crescente;Nublado;Simples;"Ponte;Reta;Declive";Não;2;0;0;0;2;0;0;2;3,434121;-51,728105;SPRF-AP;DEL01-AP;UOP03-DEL01-AP
689807;08/05/2025;quinta-feira;12:20:00;SC;101;207;SAO JOSE;Acessar a via sem observar a presença dos outros veículos;Colisão transversal;Com Vítimas Feridas;Pleno dia;Decrescente;Céu Claro;Múltipla;Reta;Sim;2;0;1;0;1;0;1;2;-27,59502;-48,618978;SPRF-SC;DEL01-SC;UOP01-DEL01-SC
689808;08/05/2025;quinta-feira;12:30:00;RS;116;242;NOVO HAMBURGO;Mal súbito do condutor;Saída de leito carroçável;Com Vítimas Feridas;Pleno dia;Crescente;Céu Claro;Múltipla;Reta;Sim;2;0;1;0;1;0;1;1;-29,71366648;-51,14781467;SPRF-RS;DEL01-RS;UOP02-DEL01-RS
689809;08/05/2025;quinta-feira;12:30:00;ES;101;232;FUNDAO;Mal súbito do condutor;Colisão traseira;Com Vítimas Feridas;Pleno dia;Crescente;Chuva;Simples;Reta;Não;2;0;2;0;0;0;2;2;-19,960886;-40,406994;SPRF-ES;DEL02-ES;UOP01-DEL02-ES
689810;08/05/2025;quinta-feira;11:40:00;PE;104;65,5;CARUARU;Acessar a via sem observar a presença dos outros veículos;Colisão lateral mesmo sentido;Com Vítimas Feridas;Pleno dia;Decrescente;Sol;Dupla;Curva;Sim;2;0;1;0;0;1;1;2;-8,28247;-35,98133;SPRF-PE;DEL02-PE;UOP01-DEL02-PE
689811;08/05/2025;quinta-feira;09:30:00;RO;364;14;VILHENA;Acessar a via sem observar a presença dos outros veículos;Colisão transversal;Com Vítimas Feridas;Pleno dia;Decrescente;Nublado;Dupla;Reta;Sim;2;0;1;0;1;0;1;2;-12,73893751;-60,14123976;SPRF-RO;DEL04-RO;UOP01-DEL04-RO
689813;08/05/2025;quinta-feira;12:17:00;PI;343;3;TERESINA;Ausência de reação do condutor;Colisão transversal;Com Vítimas Feridas;Pleno dia;Decrescente;Céu Claro;Dupla;Reta;Sim;2;0;1;0;1;0;1;2;-5,0809985;-42,7844542;SPRF-PI;DEL01-PI;UOP01-DEL01-PI
689814;15/03/2025;sábado;08:00:00;SC;470;57;BLUMENAU;Acessar a via sem observar a presença dos outros veículos;Colisão transversal;Com Vítimas Feridas;Pleno dia;Crescente;Céu Claro;Simples;Interseção de Vias;Não;3;0;1;0;2;0;1;2;-26,87321929;-49,1141814;SPRF-SC;DEL04-SC;UOP01-DEL04-SC
689816;01/05/2025;quinta-feira;17:45:00;SC;0;0;BLUMENAU;Demais Fenômenos da natureza;Eventos atípicos;Sem Vítimas;Anoitecer;Não Informado;Céu Claro;Dupla;Reta;Sim;2;0;0;0;2;0;0;1;-26,89547215;-49,07615015;SPRF-SC;DEL04-SC;UOP01-DEL04-SC
689818;08/05/2025;quinta-feira;13:20:00;RS;386;59,4;SEBERI;Ultrapassagem Indevida;Tombamento;Com Vítimas Feridas;Pleno dia;Crescente;Sol;Simples;Reta;Não;3;0;1;0;0;2;1;3;-27,57719583;-53,35198367;SPRF-RS;DEL08-RS;UOP02-DEL08-RS
689820;08/05/2025;quinta-feira;12:40:00;RO;319;142;PORTO VELHO;Condutor desrespeitou a iluminação vermelha do semáforo;Colisão transversal;Sem Vítimas;Pleno dia;Decrescente;Céu Claro;Dupla;Reta;Sim;2;0;0;0;2;0;0;1;-8,75002136;-63,88763309;SPRF-RO;DEL01-RO;UOP01-DEL01-RO
689822;08/05/2025;quinta-feira;13:15:00;MS;163;77,6;ITAQUIRAI;Acessar a via sem observar a presença dos outros veículos;Colisão transversal;Com Vítimas Feridas;Pleno dia;Crescente;Céu Claro;Dupla;"Reta;Interseção de Vias";Sim;2;0;0;1;0;1;1;2;-23,4786871;-54,18697357;SPRF-MS;DEL09-MS;UOP01-DEL09-MS
689823;08/05/2025;quinta-feira;14:10:00;MG;262;817;UBERABA;Reação tardia ou ineficiente do condutor;Saída de leito carroçável;Com Vítimas Feridas;Pleno dia;Crescente;Céu Claro;Dupla;Reta;Não;2;0;0;2;0;0;2;1;-19,771584;-47,984465;SPRF-MG;DEL13-MG;UOP01-DEL13-MG
689825;23/03/2025;domingo;20:00:00;PE;428;172;PETROLINA;Ultrapassagem Indevida;Colisão lateral mesmo sentido;Com Vítimas Feridas;Plena Noite;Crescente;Céu Claro;Simples;Reta;Não;2;0;1;0;0;1;1;2;-9,2494008;-40,42372076;SPRF-PE;DEL06-PE;UOP01-DEL06-PE
689826;26/04/2025;sábado;23:00:00;RJ;40;109;DUQUE DE CAXIAS;Ausência de reação do condutor;Colisão traseira;Com Vítimas Feridas;Plena Noite;Crescente;Céu Claro;Múltipla;Reta;Sim;2;0;0;1;1;0;1;2;-22,67563287;-43,28653727;SPRF-RJ;DEL01-RJ;UOP02-DEL01-RJ
689827;20/04/2025;domingo;19:30:00;SP;116;545;BARRA DO TURVO;Reação tardia ou ineficiente do condutor;Colisão com objeto;Com Vítimas Feridas;Plena Noite;Crescente;Garoa/Chuvisco;Simples;Curva;Não;2;0;2;0;0;0;2;1;-24,946917;-48,425058;SPRF-SP;DEL05-SP;UOP02-DEL05-SP
689828;08/05/2025;quinta-feira;12:40:00;MA;10;256,5;IMPERATRIZ;Transitar no Acostamento;Colisão transversal;Com Vítimas Feridas;Pleno dia;Crescente;Céu Claro;Simples;Reta;Sim;3;0;0;1;2;0;1;2;-5,4995;-47,47162;SPRF-MA;DEL04-MA;UOP01-DEL04-MA
689829;08/05/2025;quinta-feira;12:00:00;RJ;40;110;DUQUE DE CAXIAS;Reação tardia ou ineficiente do condutor;Saída de leito carroçável;Com Vítimas Feridas;Pleno dia;Crescente;Céu Claro;Múltipla;Reta;Sim;2;0;1;0;0;1;1;2;-22,6827962;-43,28572188;SPRF-RJ;DEL01-RJ;UOP02-DEL01-RJ
689830;08/05/2025;quinta-feira;13:55:00;PE;101;70,1;RECIFE;Manobra de mudança de faixa;Colisão lateral mesmo sentido;Com Vítimas Feridas;Pleno dia;Crescente;Céu Claro;Dupla;"Interseção de Vias;Reta";Não;3;0;2;0;1;0;2;2;-8,068953;-34,940828;SPRF-PE;DEL01-PE;UOP01-DEL01-PE
689831;08/05/2025;quinta-feira;13:40:00;SP;116;445;REGISTRO;Desrespeitar a preferência no cruzamento;Colisão transversal;Com Vítimas Feridas;Pleno dia;Crescente;Céu Claro;Simples;"Viaduto;Reta;Interseção de Vias";Sim;3;0;2;0;0;1;2;3;-24,49972374;-47,84417152;SPRF-SP;DEL05-SP;UOP01-DEL05-SP
689832;08/05/2025;quinta-feira;14:15:00;GO;153;437;ANAPOLIS;Acumulo de areia ou detritos sobre o pavimento;Tombamento;Com Vítimas Feridas;Pleno dia;Decrescente;Céu Claro;Dupla;"Em Obras;Desvio Temporário";Sim;2;0;1;0;0;1;1;2;-16,30254669;-48,92539787;SPRF-GO;DEL02-GO;UOP01-DEL02-GO
689833;08/05/2025;quinta-feira;15:10:00;MG;381;876,4;ESTIVA;Velocidade Incompatível;Saída de leito carroçável;Com Vítimas Feridas;Pleno dia;Crescente;Céu Claro;Dupla;Curva;Não;1;0;0;1;0;0;1;1;-22,41951851;-45,96499443;SPRF-MG;DEL16-MG;UOP01-DEL16-MG
689834;08/05/2025;quinta-feira;15:05:00;CE;222;21,3;CAUCAIA;Acessar a via sem observar a presença dos outros veículos;Colisão transversal;Sem Vítimas;Pleno dia;Decrescente;Sol;Simples;Interseção de Vias;Não;2;0;0;0;2;0;0;2;-3,736137;-38,745292;SPRF-CE;DEL01-CE;UOP01-DEL01-CE
689835;08/05/2025;quinta-feira;15:30:00;PE;101;69;RECIFE;Velocidade Incompatível;Colisão traseira;Com Vítimas Feridas;Pleno dia;Decrescente;Céu Claro;Dupla;Interseção de Vias;Sim;2;0;0;1;1;0;1;2;-8,05984575;-34,94568586;SPRF-PE;DEL01-PE;UOP01-DEL01-PE
689836;08/05/2025;quinta-feira;15:30:00;RN;101;83;SAO GONCALO DO AMARANTE;Manobra de mudança de faixa;Colisão lateral mesmo sentido;Com Vítimas Feridas;Pleno dia;Decrescente;Céu Claro;Simples;Reta;Não;3;0;1;1;0;1;2;2;-5,7487531;-35,3265889;SPRF-RN;DEL02-RN;UOP01-DEL02-RN
689837;08/05/2025;quinta-feira;15:30:00;RS;293;13,4;CAPAO DO LEAO;Acessar a via sem observar a presença dos outros veículos;Colisão transversal;Com Vítimas Feridas;Pleno dia;Decrescente;Nublado;Simples;Interseção de Vias;Sim;2;0;1;0;1;0;1;2;-31,75371;-52,455452;SPRF-RS;DEL07-RS;UOP01-DEL07-RS
689839;08/05/2025;quinta-feira;15:30:00;PE;428;174,4;PETROLINA;Condutor Dormindo;Colisão traseira;Com Vítimas Feridas;Pleno dia;Crescente;Céu Claro;Simples;Reta;Não;2;0;1;0;1;0;1;2;-9,266597;-40,432564;SPRF-PE;DEL06-PE;UOP01-DEL06-PE
689840;08/05/2025;quinta-feira;15:20:00;PR;376;600,2;CURITIBA;Acessar a via sem observar a presença dos outros veículos;Atropelamento de Pedestre;Com Vítimas Feridas;Pleno dia;Crescente;Céu Claro;Dupla;Reta;Não;2;0;1;0;1;0;1;2;-25,52963745;-49,32680464;SPRF-PR;DEL01-PR;UOP06-DEL01-PR
689841;08/05/2025;quinta-feira;14:40:00;RS;116;452,8;CRISTAL;Reação tardia ou ineficiente do condutor;Saída de leito carroçável;Com Vítimas Fatais;Pleno dia;Crescente;Chuva;Dupla;"Curva;Declive";Não;5;1;4;0;0;0;4;1;-31,1693016;-52,0276655;SPRF-RS;DEL02-RS;UOP02-DEL02-RS
689842;08/05/2025;quinta-feira;15:35:00;RN;405;46,6;APODI;Condutor Dormindo;Colisão frontal;Com Vítimas Fatais;Pleno dia;Decrescente;Céu Claro;Simples;Reta;Não;3;1;1;0;1;0;1;2;-5,435896;-37,657737;SPRF-RN;DEL04-RN;UOP02-DEL04-RN
689843;08/05/2025;quinta-feira;16:35:00;PE;424;87;GARANHUNS;Reação tardia ou ineficiente do condutor;Colisão traseira;Com Vítimas Feridas;Pleno dia;Crescente;Céu Claro;Simples;Reta;Não;2;0;1;0;1;0;1;2;-8,8786998;-36,5062408;SPRF-PE;DEL03-PE;UOP01-DEL03-PE
689845;08/05/2025;quinta-feira;16:00:00;ES;101;295,2;CARIACICA;Desrespeitar a preferência no cruzamento;Colisão transversal;Com Vítimas Feridas;Pleno dia;Crescente;Nublado;Múltipla;"Interseção de Vias;Reta";Sim;2;0;1;0;1;0;1;2;-20,33479295;-40,4015979;SPRF-ES;DEL01-ES;UOP01-DEL01-ES
689848;08/05/2025;quinta-feira;15:20:00;MT;70;519;VARZEA GRANDE;Ausência de reação do condutor;Queda de ocupante de veículo;Com Vítimas Feridas;Pleno dia;Decrescente;Sol;Simples;Reta;Sim;1;0;1;0;0;0;1;1;-15,680034;-56,174186;SPRF-MT;DEL01-MT;UOP02-DEL01-MT
689849;08/05/2025;quinta-feira;16:15:00;PB;230;16,8;JOAO PESSOA;Manobra de mudança de faixa;Colisão traseira;Com Vítimas Feridas;Pleno dia;Decrescente;Céu Claro;Dupla;Reta;Sim;2;0;0;1;1;0;1;2;-7,112865;-34,842338;SPRF-PB;DEL01-PB;UOP01-DEL01-PB
689850;08/05/2025;quinta-feira;06:40:00;ES;101;66,7;SAO MATEUS;Mal súbito do condutor;Queda de ocupante de veículo;Com Vítimas Feridas;Pleno dia;Crescente;Chuva;Simples;Reta;Sim;1;0;0;1;0;0;1;1;-18,71922693;-39,86875407;SPRF-ES;DEL04-ES;UOP02-DEL04-ES
689852;08/05/2025;quinta-feira;16:50:00;MG;116;694;MURIAE;Demais falhas mecânicas ou elétricas;Incêndio;Sem Vítimas;Anoitecer;Decrescente;Céu Claro;Simples;"Reta;Aclive";Não;1;0;0;0;1;0;0;1;-21,06015;-42,367138;SPRF-MG;DEL07-MG;UOP02-DEL07-MG
689853;08/05/2025;quinta-feira;16:00:00;MG;381;481,6;CONTAGEM;Manobra de mudança de faixa;Colisão lateral mesmo sentido;Com Vítimas Feridas;Pleno dia;Crescente;Céu Claro;Dupla;Reta;Não;2;0;1;0;1;0;1;2;-19,96108676;-44,05311584;SPRF-MG;DEL01-MG;UOP03-DEL01-MG
689854;08/05/2025;quinta-feira;16:30:00;PR;369;160;CAMBE;Condutor deixou de manter distância do veículo da frente;Colisão traseira;Com Vítimas Feridas;Pleno dia;Crescente;Sol;Dupla;Reta;Sim;4;0;1;0;3;0;1;3;-23,28560023;-51,25945441;SPRF-PR;DEL07-PR;UOP01-DEL07-PR