id;data_inversa;dia_semana;horario;uf;br;km;municipio;causa_acidente;tipo_acidente;classificacao_acidente;fase_dia;sentido_via;condicao_metereologica;tipo_pista;tracado_via;uso_solo;pessoas;mortos;feridos_leves;feridos_graves;ilesos;ignorados;feridos;veiculos;latitude;longitude;regional;delegacia;uop
689855;08/05/2025;quinta-feira;16:40:00;SC;280;56;GUARAMIRIM;Acessar a via sem observar a presença dos outros veículos;Colisão lateral mesmo sentido;Com Vítimas Feridas;Pleno dia;Decrescente;Céu Claro;Dupla;Reta;Sim;2;0;1;0;1;0;1;2;-26,4752502;-48,9881123;SPRF-SC;DEL03-SC;UOP03-DEL03-SC
689856;08/05/2025;quinta-feira;17:25:00;CE;116;5,7;FORTALEZA;Trafegar com motocicleta (ou similar) entre as faixas;Tombamento;Com Vítimas Feridas;Pleno dia;Crescente;Céu Claro;Múltipla;Reta;Sim;1;0;1;0;0;0;1;1;-3,79646068;-38,5068655;SPRF-CE;DEL01-CE;UOP02-DEL01-CE
689857;30/04/2025;quarta-feira;11:45:00;RJ;493;0;ITABORAI;Acesso irregular;Colisão lateral sentido oposto;Com Vítimas Feridas;Pleno dia;Crescente;Céu Claro;Simples;"Curva;Declive";Sim;2;0;1;0;1;0;1;2;-22,76870276;-42,92246819;SPRF-RJ;DEL02-RJ;UOP02-DEL02-RJ
689858;08/05/2025;quinta-feira;15:57:00;PE;101;60;RECIFE;Ausência de reação do condutor;Colisão traseira;Com Vítimas Fatais;Pleno dia;Crescente;Sol;Dupla;Reta;Sim;2;1;0;0;1;0;0;2;-7,99127933;-34,9361018;SPRF-PE;DEL01-PE;UOP02-DEL01-PE
689859;08/05/2025;quinta-feira;17:30:00;CE;116;5;FORTALEZA;Condutor deixou de manter distância do veículo da frente;Colisão traseira;Com Vítimas Feridas;Plena Noite;Crescente;Céu Claro;Múltipla;Reta;Sim;2;0;1;0;1;0;1;2;-3,7929655;-38,5089879;SPRF-CE;DEL01-CE;UOP02-DEL01-CE
689860;18/04/2025;sexta-feira;12:30:00;PR;277;592;CASCAVEL;Velocidade Incompatível;Colisão frontal;Com Vítimas Feridas;Pleno dia;Decrescente;Céu Claro;Simples;Reta;Sim;2;0;0;1;1;0;1;2;-24,9834272;-53,473113;SPRF-PR;DEL04-PR;UOP01-DEL04-PR
689861;08/05/2025;quinta-feira;17:20:00;SC;101;117,1;ITAJAI;Ausência de reação do condutor;Colisão traseira;Sem Vítimas;Anoitecer;Crescente;Céu Claro;Dupla;Reta;Não;2;0;0;0;2;0;0;2;-26,88920804;-48,7220934;SPRF-SC;DEL04-SC;UOP04-DEL04-SC
689863;08/05/2025;quinta-feira;18:10:00;PR;476;147;CURITIBA;Pedestre cruzava a pista fora da faixa;Atropelamento de Pedestre;Com Vítimas Feridas;Plena Noite;Crescente;Céu Claro;Dupla;Reta;Não;2;0;1;0;1;0;1;2;-25,55493275;-49,33991997;SPRF-PR;DEL01-PR;UOP06-DEL01-PR
689867;08/05/2025;quinta-feira;18:30:00;MG;381;491;BETIM;Trafegar com motocicleta (ou similar) entre as faixas;Colisão lateral mesmo sentido;Com Vítimas Feridas;Pleno dia;Decrescente;Céu Claro;Dupla;Reta;Sim;3;0;2;0;1;0;2;2;-19,95723182;-44,15071535;SPRF-MG;DEL01-MG;UOP03-DEL01-MG
689868;08/05/2025;quinta-feira;17:20:00;SC;470;0,2;GASPAR;Ultrapassagem Indevida;Colisão transversal;Com Vítimas Feridas;Pleno dia;Decrescente;Céu Claro;Simples;Reta;Sim;3;0;1;0;2;0;1;3;-26,91386626;-48,96000115;SPRF-SC;DEL04-SC;UOP01-DEL04-SC
689869;08/05/2025;quinta-feira;18:00:00;RS;285;123,7;VACARIA;Acesso irregular;Colisão transversal;Com Vítimas Feridas;Plena Noite;Crescente;Céu Claro;Simples;"Reta;Interseção de Vias";Sim;4;0;2;0;2;0;2;2;-28,49254082;-50,95514774;SPRF-RS;DEL05-RS;UOP03-DEL05-RS
689870;08/05/2025;quinta-feira;18:15:00;PR;116;116;CURITIBA;Reação tardia ou ineficiente do condutor;Colisão traseira;Sem Vítimas;Anoitecer;Decrescente;Céu Claro;Dupla;Reta;Não;2;0;0;0;2;0;0;2;-25,549673;-49,3044;SPRF-PR;DEL01-PR;UOP03-DEL01-PR
689871;08/05/2025;quinta-feira;18:30:00;RS;116;226;DOIS IRMAOS;Ingestão de álcool pelo condutor;Colisão frontal;Com Vítimas Feridas;Plena Noite;Crescente;Nublado;Simples;Curva;Sim;2;0;2;0;0;0;2;2;-29,60063393;-51,11751314;SPRF-RS;DEL01-RS;UOP02-DEL01-RS
689874;08/05/2025;quinta-feira;18:50:00;SC;101;151,9;ITAPEMA;Ausência de reação do condutor;Tombamento;Com Vítimas Feridas;Anoitecer;Decrescente;Céu Claro;Simples;Reta;Sim;1;0;1;0;0;0;1;1;-27,12964634;-48,60984296;SPRF-SC;DEL04-SC;UOP03-DEL04-SC
689875;22/04/2025;terça-feira;10:30:00;BA;324;522;FEIRA DE SANTANA;Acumulo de água sobre o pavimento;Colisão traseira;Com Vítimas Feridas;Pleno dia;Decrescente;Chuva;Dupla;Reta;Não;3;0;0;1;2;0;1;3;-12,2895888;-38,91375661;SPRF-BA;DEL01-BA;UOP03-DEL01-BA
689876;08/05/2025;quinta-feira;13:30:00;SP;116;94,9;PINDAMONHANGABA;Demais falhas mecânicas ou elétricas;Tombamento;Com Vítimas Feridas;Pleno dia;Crescente;Céu Claro;Dupla;Reta;Não;2;0;2;0;0;0;2;1;-22,96516128;-45,43009557;SPRF-SP;DEL08-SP;UOP01-DEL08-SP
689880;08/05/2025;quinta-feira;18:40:00;MS;267;412;MARACAJU;Animais na Pista;Atropelamento de Animal;Com Vítimas Feridas;Plena Noite;Decrescente;Céu Claro;Simples;Reta;Não;2;0;0;2;0;0;2;1;-21,63044105;-55,58440581;SPRF-MS;DEL05-MS;UOP01-DEL05-MS
689881;04/04/2025;sexta-feira;01:40:00;SC;101;136,3;BALNEARIO CAMBORIU;Reação tardia ou ineficiente do condutor;Colisão com objeto;Com Vítimas Feridas;Plena Noite;Crescente;Nublado;Dupla;Reta;Sim;1;0;1;0;0;0;1;1;-27,01007;-48,61515;SPRF-SC;DEL04-SC;UOP03-DEL04-SC
689882;08/05/2025;quinta-feira;17:46:00;SC;101;89;BARRA VELHA;Ausência de reação do condutor;Tombamento;Com Vítimas Feridas;Plena Noite;Decrescente;Nublado;Dupla;Reta;Sim;1;0;1;0;0;0;1;1;-26,66104062;-48,68842933;SPRF-SC;DEL03-SC;UOP02-DEL03-SC
689884;08/05/2025;quinta-feira;18:10:00;BA;101;26,4;ESPLANADA;Demais falhas mecânicas ou elétricas;Saída de leito carroçável;Sem Vítimas;Plena Noite;Decrescente;Céu Claro;Dupla;"Curva;Declive";Não;1;0;0;0;0;1;0;1;-11,69531952;-37,9031202;SPRF-SE;DEL02-SE;UOP03-DEL02-SE
689885;08/05/2025;quinta-feira;17:20:00;PI;316;314;PICOS;Acessar a via sem observar a presença dos outros veículos;Colisão frontal;Com Vítimas Feridas;Anoitecer;Decrescente;Céu Claro;Dupla;Reta;Não;2;0;1;0;1;0;1;2;-7,077735;-41,440458;SPRF-PI;DEL04-PI;UOP01-DEL04-PI
689886;08/05/2025;quinta-feira;19:00:00;MG;354;767,1;ITAMONTE;Ingestão de álcool pelo condutor;Tombamento;Com Vítimas Feridas;Plena Noite;Decrescente;Céu Claro;Simples;"Curva;Declive";Não;1;0;1;0;0;0;1;1;-22,35135006;-44,80310083;SPRF-MG;DEL17-MG;UOP01-DEL17-MG
689887;08/05/2025;quinta-feira;19:50:00;RS;293;4,8;PELOTAS;Animais na Pista;Atropelamento de Animal;Com Vítimas Feridas;Plena Noite;Crescente;Chuva;Dupla;Viaduto;Sim;1;0;1;0;0;0;1;1;-31,72669295;-52,38308994;SPRF-RS;DEL07-RS;UOP01-DEL07-RS
689888;03/05/2025;sábado;23:20:00;PR;476;58;TUNAS DO PARANA;Ingestão de álcool pelo condutor;Colisão lateral sentido oposto;Sem Vítimas;Plena Noite;Crescente;Nublado;Simples;"Aclive;Reta";Não;4;0;0;0;4;0;0;2;-24,99078415;-49,08668876;SPRF-PR;DEL01-PR;UOP01-DEL01-PR
689889;08/05/2025;quinta-feira;19:00:00;SC;101;134;BALNEARIO CAMBORIU;Reação tardia ou ineficiente do condutor;Colisão traseira;Com Vítimas Feridas;Plena Noite;Crescente;Céu Claro;Múltipla;Reta;Não;2;0;1;0;1;0;1;2;-27,00343307;-48,63336174;SPRF-SC;DEL04-SC;UOP03-DEL04-SC
689890;08/05/2025;quinta-feira;19:00:00;RJ;493;21;MAGE;Reação tardia ou ineficiente do condutor;Colisão transversal;Com Vítimas Feridas;Plena Noite;Decrescente;Céu Claro;Simples;Reta;Sim;3;0;1;0;2;0;1;2;-22,66303123;-43,04270474;SPRF-RJ;DEL04-RJ;UOP02-DEL04-RJ
689893;21/03/2025;sexta-feira;23:50:00;SP;381;72,5;SAO PAULO;Ausência de reação do condutor;Colisão traseira;Com Vítimas Feridas;Plena Noite;Decrescente;Céu Claro;Dupla;"Aclive;Reta";Não;2;0;1;0;1;0;1;2;-23,3725767;-46,5591509;SPRF-SP;DEL03-SP;UOP01-DEL03-SP
689894;08/05/2025;quinta-feira;19:40:00;PA;316;46;SANTA IZABEL DO PARA;Animais na Pista;Atropelamento de Animal;Com Vítimas Feridas;Plena Noite;Decrescente;Céu Claro;Dupla;Reta;Não;1;0;1;0;0;0;1;1;-1,27784;-48,07663;SPRF-PA;DEL01-PA;UOP01-DEL01-PA
689895;08/05/2025;quinta-feira;20:00:00;SC;101;149;ITAPEMA;Reação tardia ou ineficiente do condutor;Tombamento;Com Vítimas Feridas;Plena Noite;Crescente;Céu Claro;Múltipla;Reta;Sim;1;0;1;0;0;0;1;1;-27,1049629;-48,6162707;SPRF-SC;DEL04-SC;UOP03-DEL04-SC
689896;08/05/2025;quinta-feira;18:15:00;SC;470;45,1;GASPAR;Transitar no Acostamento;Colisão lateral sentido oposto;Com Vítimas Feridas;Plena Noite;Crescente;Céu Claro;Dupla;"Reta;Em Obras";Não;3;0;0;2;1;0;2;3;-26,86599354;-49,03230278;SPRF-SC;DEL04-SC;UOP01-DEL04-SC
689897;08/05/2025;quinta-feira;18:30:00;RJ;116;230;PIRAI;Pista Escorregadia;Queda de ocupante de veículo;Com Vítimas Feridas;Plena Noite;Decrescente;Céu Claro;Dupla;Curva;Não;1;0;1;0;0;0;1;1;-22,675456;-43,8403072;SPRF-RJ;DEL07-RJ;UOP01-DEL07-RJ
689898;08/05/2025;quinta-feira;21:15:00;BA;116;862;VITORIA DA CONQUISTA;Deficiência do Sistema de Iluminação/Sinalização;Colisão traseira;Com Vítimas Feridas;Plena Noite;Decrescente;Garoa/Chuvisco;Simples;Reta;Não;2;0;1;0;1;0;1;2;-15,06993464;-41,00109327;SPRF-BA;DEL08-BA;UOP01-DEL08-BA
689899;08/05/2025;quinta-feira;18:45:00;PR;369;503;CASCAVEL;Acessar a via sem observar a presença dos outros veículos;Colisão transversal;Com Vítimas Feridas;Plena Noite;Decrescente;Céu Claro;Simples;Reta;Sim;3;0;1;0;2;0;1;2;-24,9254715;-53,394292;SPRF-PR;DEL04-PR;UOP01-DEL04-PR
689903;08/05/2025;quinta-feira;18:50:00;SC;101;333;TUBARAO;Acessar a via sem observar a presença dos outros veículos;Colisão transversal;Com Vítimas Feridas;Anoitecer;Decrescente;Céu Claro;Simples;Reta;Sim;2;0;1;1;0;0;2;2;-28,468755;-49,011534;SPRF-SC;DEL02-SC;UOP01-DEL02-SC
689904;08/05/2025;quinta-feira;21:40:00;TO;153;333,1;GUARAI;Acessar a via sem observar a presença dos outros veículos;Colisão transversal;Com Vítimas Feridas;Plena Noite;Crescente;Céu Claro;Simples;Reta;Sim;2;0;1;0;1;0;1;2;-8,82784;-48,512133;SPRF-TO;DEL02-TO;UOP02-DEL02-TO
689905;08/05/2025;quinta-feira;21:50:00;MA;222;673;ACAILANDIA;Condutor desrespeitou a iluminação vermelha do semáforo;Colisão frontal;Com Vítimas Feridas;Plena Noite;Decrescente;Céu Claro;Simples;Interseção de Vias;Sim;2;0;1;0;0;1;1;2;-4,955272;-47,49056;SPRF-MA;DEL04-MA;UOP03-DEL04-MA
689907;08/05/2025;quinta-feira;21:35:00;MS;376;52;JATEI;Animais na Pista;Atropelamento de Animal;Com Vítimas Feridas;Plena Noite;Decrescente;Céu Claro;Simples;Reta;Não;3;0;1;0;2;0;1;1;-22,46961924;-54,28591339;SPRF-MS;DEL04-MS;UOP01-DEL04-MS
689908;08/05/2025;quinta-feira;20:30:00;RJ;493;1;ITABORAI;Acessar a via sem observar a presença dos outros veículos;Colisão transversal;Com Vítimas Feridas;Plena Noite;Crescente;Céu Claro;Simples;Reta;Sim;2;0;1;1;0;0;2;2;-22,76710288;-42,92261766;SPRF-RJ;DEL02-RJ;UOP02-DEL02-RJ
689911;08/05/2025;quinta-feira;19:20:00;RJ;40;3;PETROPOLIS;Reação tardia ou ineficiente do condutor;Saída de leito carroçável;Com Vítimas Feridas;Plena Noite;Crescente;Céu Claro;Dupla;Curva;Não;1;0;1;0;0;0;1;1;-22,51271752;-43,23123121;SPRF-RJ;DEL05-RJ;UOP02-DEL05-RJ
689912;08/05/2025;quinta-feira;22:10:00;PR;376;2,9;APUCARANA;Acessar a via sem observar a presença dos outros veículos;Colisão transversal;Com Vítimas Feridas;Plena Noite;Decrescente;Céu Claro;Simples;Reta;Sim;3;0;0;1;1;1;1;3;-23,561379;-51,26045;SPRF-PR;DEL07-PR;UOP03-DEL07-PR
689916;08/05/2025;quinta-feira;22:50:00;SP;116;229;SAO PAULO;Objeto estático sobre o leito carroçável;Capotamento;Com Vítimas Feridas;Plena Noite;Crescente;Céu Claro;Múltipla;"Reta;Em Obras";Sim;4;0;4;0;0;0;4;4;-23,50584195;-46,56867436;SPRF-SP;DEL01-SP;UOP01-DEL01-SP
689917;08/05/2025;quinta-feira;23:20:00;CE;116;4,7;FORTALEZA;Manobra de mudança de faixa;Colisão transversal;Com Vítimas Feridas;Plena Noite;Decrescente;Céu Claro;Dupla;Reta;Não;2;0;1;0;1;0;1;2;-3,7871032;-38,51078924;SPRF-CE;DEL01-CE;UOP02-DEL01-CE
689918;08/05/2025;quinta-feira;21:00:00;ES;262;48;VIANA;Transitar na contramão;Colisão lateral sentido oposto;Sem Vítimas;Plena Noite;Crescente;Céu Claro;Simples;Reta;Não;2;0;0;0;1;1;0;2;-20,3827398;-40,4596022;SPRF-ES;DEL01-ES;UOP01-DEL01-ES
689919;08/05/2025;quinta-feira;21:30:00;MT;364;206,3;RONDONOPOLIS;Ingestão de álcool pelo condutor;Colisão com objeto;Com Vítimas Feridas;Plena Noite;Crescente;Céu Claro;Dupla;Rotatória;Sim;1;0;0;1;0;0;1;1;-16,44882429;-54,66581225;SPRF-MT;DEL02-MT;UOP01-DEL02-MT
689921;08/05/2025;quinta-feira;19:31:00;PA;230;1117;ITAITUBA;Transtornos Mentais (exceto suicidio);Colisão traseira;Com Vítimas Fatais;Plena Noite;Decrescente;Céu Claro;Simples;Reta;Não;2;1;0;0;1;0;0;2;-4,394621;-55,955258;SPRF-PA;DEL05-PA;UOP02-DEL05-PA
689922;08/05/2025;quinta-feira;23:30:00;PB;230;4;CABEDELO;Ingestão de álcool pelo condutor;Colisão com objeto;Sem Vítimas;Plena Noite;Decrescente;Céu Claro;Múltipla;Reta;Sim;1;0;0;0;1;0;0;1;-7,013352;-34,832539;SPRF-PB;DEL01-PB;UOP01-DEL01-PB
689923;09/05/2025;sexta-feira;00:00:00;MT;70;1;BARRA DO GARCAS;Conversão proibida;Colisão traseira;Com Vítimas Feridas;Plena Noite;Crescente;Céu Claro;Simples;"Reta;Interseção de Vias";Sim;5;0;1;0;4;0;1;2;-15,8924569;-52,2606543;SPRF-MT;DEL07-MT;UOP01-DEL07-MT
689924;08/05/2025;quinta-feira;22:50:00;MS;163;364;NOVA ALVORADA DO SUL;Ausência de reação do condutor;Colisão com objeto;Sem Vítimas;Plena Noite;Crescente;Céu Claro;Simples;Rotatória;Sim;1;0;0;0;1;0;0;1;-21,47196999;-54,38420177;SPRF-MS;DEL02-MS;UOP01-DEL02-MS
689926;09/05/2025;sexta-feira;01:40:00;SP;116;187;SANTA ISABEL;Reação tardia ou ineficiente do condutor;Colisão com objeto;Com Vítimas Feridas;Plena Noite;Crescente;Ignorado;Dupla;Curva;Não;2;0;2;0;0;0;2;1;-23,35644604;-46,20599318;SPRF-SP;DEL01-SP;UOP01-DEL01-SP
689927;09/05/2025;sexta-feira;02:00:00;RS;158;333;SANTA MARIA;Acumulo de água sobre o pavimento;Saída de leito carroçável;Sem Vítimas;Plena Noite;Crescente;Chuva;Simples;Reta;Sim;1;0;0;0;0;1;0;1;-29,708128;-53,857508;SPRF-RS;DEL09-RS;UOP01-DEL09-RS
689929;09/05/2025;sexta-feira;03:00:00;GO;20;3;FORMOSA;Ingestão de álcool pelo condutor;Colisão transversal;Sem Vítimas;Plena Noite;Crescente;Céu Claro;Simples;"Em Obras;Curva;Interseção de Vias";Sim;2;0;0;0;2;0;0;2;-15,5668883;-47,2466268;SPRF-DF;DEL02-DF;UOP02-DEL02-DF
689930;08/05/2025;quinta-feira;18:00:00;CE;116;12;FORTALEZA;Manobra de mudança de faixa;Colisão lateral mesmo sentido;Com Vítimas Feridas;Plena Noite;Crescente;Céu Claro;Dupla;Curva;Sim;3;0;2;0;0;1;2;2;-3,851653;-38,495519;SPRF-CE;DEL01-CE;UOP02-DEL01-CE
689933;19/02/2025;quarta-feira;16:46:00;PA;10;16,5;DOM ELISEU;Acessar a via sem observar a presença dos outros veículos;Colisão lateral mesmo sentido;Com Vítimas Feridas;Pleno dia;Decrescente;Céu Claro;Simples;Reta;Sim;2;0;0;1;1;0;1;2;-4,310932;-47,55446699;SPRF-PA;DEL02-PA;UOP02-DEL02-PA
689934;09/05/2025;sexta-feira;05:30:00;SC;101;208;SAO JOSE;Demais falhas mecânicas ou elétricas;Incêndio;Sem Vítimas;Amanhecer;Crescente;Nublado;Múltipla;Aclive;Sim;1;0;0;0;0;1;0;1;-27,60147534;-48,62577796;SPRF-SC;DEL01-SC;UOP01-DEL01-SC
689935;09/05/2025;sexta-feira;06:00:00;RS;285;416,4;PANAMBI;Condutor Dormindo;Colisão frontal;Com Vítimas Fatais;Amanhecer;Crescente;Chuva;Simples;"Reta;Declive";Não;3;1;0;2;0;0;2;2;-28,351125;-53,496719;SPRF-RS;DEL10-RS;UOP01-DEL10-RS
689936;09/05/2025;sexta-feira;05:40:00;SP;116;215;GUARULHOS;Reação tardia ou ineficiente do condutor;Colisão lateral mesmo sentido;Com Vítimas Feridas;Amanhecer;Crescente;Céu Claro;Múltipla;"Reta;Em Obras";Sim;2;0;1;0;1;0;1;2;-23,44981784;-46,46062642;SPRF-SP;DEL01-SP;UOP01-DEL01-SP
689937;09/05/2025;sexta-feira;05:30:00;SE;235;59,9;ITABAIANA;Ausência de reação do condutor;Colisão traseira;Com Vítimas Feridas;Pleno dia;Decrescente;Céu Claro;Simples;Curva;Não;2;0;1;0;1;0;1;2;-10,607742;-37,47776;SPRF-SE;DEL01-SE;UOP02-DEL01-SE
689938;09/05/2025;sexta-feira;05:40:00;MG;381;438;SABARA;Acessar a via sem observar a presença dos outros veículos;Colisão transversal;Com Vítimas Fatais;Amanhecer;Crescente;Nublado;Simples;"Reta;Aclive";Não;2;1;0;0;1;0;0;2;-19,803193;-43,76194;SPRF-MG;DEL01-MG;UOP01-DEL01-MG
689939;09/05/2025;sexta-feira;02:50:00;SP;116;227;SAO PAULO;Ausência de reação do condutor;Colisão com objeto;Sem Vítimas;Plena Noite;Crescente;Céu Claro;Múltipla;"Reta;Em Obras";Sim;1;0;0;0;0;1;0;1;-23,50209751;-46,56501126;SPRF-SP;DEL01-SP;UOP01-DEL01-SP
689940;09/05/2025;sexta-feira;07:00:00;ES;101;295,6;CARIACICA;Desrespeitar a preferência no cruzamento;Colisão frontal;Com Vítimas Feridas;Pleno dia;Crescente;Céu Claro;Múltipla;Interseção de Vias;Sim;2;0;1;0;1;0;1;2;-20,330171;-40,3987397;SPRF-ES;DEL01-ES;UOP01-DEL01-ES
689941;09/05/2025;sexta-feira;07:11:00;RS;116;525,8;PELOTAS;Acessar a via sem observar a presença dos outros veículos;Colisão transversal;Com Vítimas Feridas;Pleno dia;Crescente;Nublado;Simples;"Interseção de Vias;Viaduto;Rotatória";Sim;2;0;1;0;1;0;1;2;-31,742255;-52,399263;SPRF-RS;DEL07-RS;UOP01-DEL07-RS
689942;09/05/2025;sexta-feira;04:00:00;MG;381;478;CONTAGEM;Ausência de reação do condutor;Colisão com objeto;Com Vítimas Feridas;Amanhecer;Decrescente;Céu Claro;Dupla;Reta;Sim;1;0;1;0;0;0;1;1;-19,9630494;-44,0404357;SPRF-MG;DEL01-MG;UOP03-DEL01-MG
689943;09/05/2025;sexta-feira;06:30:00;GO;40;1,3;VALPARAISO DE GOIAS;Entrada inopinada do pedestre;Atropelamento de Pedestre;Com Vítimas Feridas;Pleno dia;Decrescente;Céu Claro;Dupla;Reta;Sim;2;0;0;1;1;0;1;2;-16,0625314;-47,9832561;SPRF-DF;DEL01-DF;UOP01-DEL01-DF
689944;09/05/2025;sexta-feira;06:27:00;MS;163;264;DOURADOS;Acessar a via sem observar a presença dos outros veículos;Colisão lateral mesmo sentido;Com Vítimas Feridas;Pleno dia;Crescente;Céu Claro;Dupla;Rotatória;Sim;2;0;0;1;1;0;1;2;-22,22256838;-54,72959518;SPRF-MS;DEL04-MS;UOP01-DEL04-MS
689945;09/05/2025;sexta-feira;05:50:00;SC;470;245,5;CURITIBANOS;Pedestre andava na pista;Atropelamento de Pedestre;Com Vítimas Feridas;Amanhecer;Decrescente;Nevoeiro/Neblina;Simples;Reta;Sim;2;0;1;0;1;0;1;2;-27,31313917;-50,55713701;SPRF-SC;DEL05-SC;UOP03-DEL05-SC
689947;09/05/2025;sexta-feira;07:05:00;PE;423;91,1;GARANHUNS;Condutor deixou de manter distância do veículo da frente;Tombamento;Com Vítimas Feridas;Pleno dia;Decrescente;Céu Claro;Simples;"Reta;Declive";Sim;1;0;0;1;0;0;1;1;-8,855713;-36,463513;SPRF-PE;DEL03-PE;UOP01-DEL03-PE
689948;09/05/2025;sexta-feira;07:35:00;SC;282;18,9;PALHOCA;Transitar na contramão;Colisão lateral sentido oposto;Com Vítimas Feridas;Pleno dia;Crescente;Céu Claro;Simples;"Viaduto;Reta";Sim;2;0;1;0;1;0;1;2;-27,678258;-48,701645;SPRF-SC;DEL01-SC;UOP02-DEL01-SC
689950;09/05/2025;sexta-feira;07:50:00;MG;40;714,7;BARBACENA;Condutor deixou de manter distância do veículo da frente;Colisão traseira;Com Vítimas Feridas;Pleno dia;Crescente;Céu Claro;Dupla;Reta;Não;2;0;1;0;1;0;1;2;-21,25045649;-43,67015988;SPRF-MG;DEL05-MG;UOP01-DEL05-MG
689951;09/05/2025;sexta-feira;06:30:00;SP;116;212;GUARULHOS;Trafegar com motocicleta (ou similar) entre as faixas;Colisão lateral mesmo sentido;Com Vítimas Feridas;Pleno dia;Crescente;Céu Claro;Múltipla;Reta;Sim;3;0;2;0;1;0;2;2;-23,43718084;-46,43104564;SPRF-SP;DEL01-SP;UOP01-DEL01-SP
689952;09/05/2025;sexta-feira;07:00:00;MG;381;485;BETIM;Condutor deixou de manter distância do veículo da frente;Colisão traseira;Com Vítimas Feridas;Pleno dia;Decrescente;Céu Claro;Dupla;Reta;Sim;2;0;0;1;1;0;1;2;-19,95785975;-44,10186768;SPRF-MG;DEL01-MG;UOP03-DEL01-MG
689953;09/05/2025;sexta-feira;07:24:00;DF;60;5;BRASILIA;Acessar a via sem observar a presença dos outros veículos;Colisão traseira;Com Vítimas Feridas;Pleno dia;Decrescente;Céu Claro;Dupla;"Retorno Regulamentado;Reta";Sim;2;0;1;0;1;0;1;2;-15,896209;-48,105727;SPRF-DF;DEL03-DF;UOP01-DEL03-DF
689954;09/05/2025;sexta-feira;07:30:00;ES;101;290,7;CARIACICA;Manobra de mudança de faixa;Colisão lateral mesmo sentido;Com Vítimas Feridas;Pleno dia;Crescente;Céu Claro;Dupla;Reta;Sim;3;0;1;1;1;0;2;2;-20,29578;-40,393613;SPRF-ES;DEL01-ES;UOP01-DEL01-ES
689956;09/05/2025;sexta-feira;08:00:00;SP;101;50;UBATUBA;Acessar a via sem observar a presença dos outros veículos;Colisão transversal;Com Vítimas Feridas;Pleno dia;Crescente;Céu Claro;Simples;Reta;Sim;2;0;1;0;1;0;1;2;-23,44938553;-45,07828329;SPRF-SP;DEL06-SP;UOP01-DEL06-SP
689959;09/05/2025;sexta-feira;06:40:00;RS;116;413,9;CRISTAL;Acumulo de água sobre o pavimento;Saída de leito carroçável;Com Vítimas Feridas;Amanhecer;Decrescente;Chuva;Dupla;Reta;Não;2;0;0;1;1;0;1;1;-30,937654;-51,929929;SPRF-RS;DEL02-RS;UOP02-DEL02-RS
689961;09/05/2025;sexta-feira;07:40:00;SP;116;116,2;TAUBATE;Reação tardia ou ineficiente do condutor;Colisão traseira;Com Vítimas Feridas;Pleno dia;Crescente;Céu Claro;Dupla;Reta;Sim;2;0;1;0;1;0;1;2;-23,05270964;-45,60454309;SPRF-SP;DEL02-SP;UOP02-DEL02-SP
689962;09/05/2025;sexta-feira;06:40:00;MG;262;41,8;MANHUACU;Reação tardia ou ineficiente do condutor;Colisão frontal;Com Vítimas Feridas;Pleno dia;Decrescente;Céu Claro;Simples;Reta;Não;3;0;2;0;1;0;2;2;-20,269991;-42,068636;SPRF-MG;DEL06-MG;UOP03-DEL06-MG
689965;09/05/2025;sexta-feira;08:10:00;BA;324;614;SALVADOR;Trafegar com motocicleta (ou similar) entre as faixas;Colisão traseira;Sem Vítimas;Pleno dia;Crescente;Céu Claro;Múltipla;Reta;Sim;3;0;0;0;3;0;0;2;-12,87689099;-38,42967153;SPRF-BA;DEL01-BA;UOP01-DEL01-BA
689966;09/05/2025;sexta-feira;07:55:00;RS;116;252,8;SAPUCAIA DO SUL;Condutor deixou de manter distância do veículo da frente;Colisão traseira;Com Vítimas Feridas;Pleno dia;Crescente;Chuva;Múltipla;"Reta;Viaduto;Declive";Sim;6;0;2;0;4;0;2;3;-29,820376;-51,170973;SPRF-RS;DEL01-RS;UOP02-DEL01-RS
689967;09/05/2025;sexta-feira;08:00:00;PR;476;197;CONTENDA;Reação tardia ou ineficiente do condutor;Colisão transversal;Com Vítimas Feridas;Pleno dia;Crescente;Sol;Simples;Interseção de Vias;Não;2;0;1;0;1;0;1;2;-25,77530068;-49,55824792;SPRF-PR;DEL01-PR;UOP06-DEL01-PR
689968;09/05/2025;sexta-feira;07:00:00;RJ;40;118;DUQUE DE CAXIAS;Manobra de mudança de faixa;Colisão lateral mesmo sentido;Com Vítimas Feridas;Pleno dia;Decrescente;Céu Claro;Múltipla;Reta;Sim;2;0;1;0;1;0;1;2;-22,757247;-43,2872;SPRF-RJ;DEL01-RJ;UOP02-DEL01-RJ
689969;09/05/2025;sexta-feira;06:30:00;RS;392;148,5;CANGUCU;Acessar a via sem observar a presença dos outros veículos;Colisão transversal;Com Vítimas Feridas;Amanhecer;Decrescente;Chuva;Simples;"Interseção de Vias;Reta";Não;2;0;1;0;1;0;1;2;-31,18262;-52,83939;SPRF-RS;DEL07-RS;UOP01-DEL07-RS