id;data_inversa;dia_semana;horario;uf;br;km;municipio;causa_acidente;tipo_acidente;classificacao_acidente;fase_dia;sentido_via;condicao_metereologica;tipo_pista;tracado_via;uso_solo;pessoas;mortos;feridos_leves;feridos_graves;ilesos;ignorados;feridos;veiculos;latitude;longitude;regional;delegacia;uop
690091;02/03/2025;domingo;15:15:00;PE;408;89,7;SAO LOURENCO DA MATA;Acessar a via sem observar a presença dos outros veículos;Colisão transversal;Com Vítimas Feridas;Pleno dia;Decrescente;Nublado;Dupla;Reta;Não;2;0;0;1;1;0;1;2;-8,02935701;-35,03693104;SPRF-PE;DEL01-PE;UOP01-DEL01-PE
690092;09/05/2025;sexta-feira;18:20:00;BA;101;710;EUNAPOLIS;Ingestão de álcool pelo condutor;Saída de leito carroçável;Com Vítimas Feridas;Plena Noite;Decrescente;Céu Claro;Simples;Reta;Não;1;0;1;0;0;0;1;1;-16,3314135;-39,5812953;SPRF-BA;DEL09-BA;UOP01-DEL09-BA
690093;09/05/2025;sexta-feira;18:00:00;RN;406;103;JOAO CAMARA;Acessar a via sem observar a presença dos outros veículos;Colisão transversal;Com Vítimas Feridas;Plena Noite;Decrescente;Céu Claro;Simples;Reta;Sim;2;0;1;0;1;0;1;2;-5,54035818;-35,80658058;SPRF-RN;DEL02-RN;UOP01-DEL02-RN
690094;09/05/2025;sexta-feira;17:30:00;MS;267;7,8;BATAGUASSU;Ausência de reação do condutor;Tombamento;Com Vítimas Fatais;Plena Noite;Crescente;Céu Claro;Simples;Reta;Não;4;1;0;0;0;3;0;3;-21,739;-52,216;SPRF-MS;DEL02-MS;UOP04-DEL02-MS
690095;09/05/2025;sexta-feira;18:40:00;PR;376;162,8;MARINGA;Ausência de reação do condutor;Queda de ocupante de veículo;Com Vítimas Feridas;Plena Noite;Decrescente;Nublado;Dupla;Reta;Não;2;0;1;1;0;0;2;1;-23,37343958;-52,05380201;SPRF-PR;DEL09-PR;UOP02-DEL09-PR
690096;09/05/2025;sexta-feira;18:35:00;CE;116;18;ITAITINGA;Demais falhas mecânicas ou elétricas;Incêndio;Sem Vítimas;Plena Noite;Crescente;Céu Claro;Dupla;Reta;Sim;1;0;0;0;1;0;0;1;-3,91327286;-38,5074234;SPRF-CE;DEL01-CE;UOP02-DEL01-CE
690097;09/05/2025;sexta-feira;17:40:00;RS;116;235;NOVO HAMBURGO;Reação tardia ou ineficiente do condutor;Colisão traseira;Com Vítimas Feridas;Plena Noite;Decrescente;Chuva;Múltipla;Reta;Sim;2;0;1;0;1;0;1;2;-29,663138;-51,143613;SPRF-RS;DEL01-RS;UOP02-DEL01-RS
690098;09/05/2025;sexta-feira;17:35:00;RS;285;118,7;VACARIA;Ausência de reação do condutor;Colisão transversal;Com Vítimas Feridas;Anoitecer;Decrescente;Chuva;Simples;Reta;Sim;4;0;1;0;3;0;1;3;-28,50263402;-50,91810677;SPRF-RS;DEL05-RS;UOP03-DEL05-RS
690100;09/05/2025;sexta-feira;17:55:00;SP;116;54,2;LORENA;Reação tardia ou ineficiente do condutor;Colisão traseira;Com Vítimas Feridas;Anoitecer;Crescente;Céu Claro;Dupla;Reta;Não;3;0;1;0;2;0;1;2;-22,7594428;-45,11722326;SPRF-SP;DEL08-SP;UOP02-DEL08-SP
690101;09/05/2025;sexta-feira;18:20:00;PR;369;208;APUCARANA;Frear bruscamente;Engavetamento;Com Vítimas Feridas;Anoitecer;Decrescente;Céu Claro;Simples;"Reta;Declive";Sim;3;0;1;0;2;0;1;3;-23,563669;-51,493313;SPRF-PR;DEL07-PR;UOP03-DEL07-PR
690102;09/05/2025;sexta-feira;17:45:00;SC;101;198;BIGUACU;Ausência de reação do condutor;Colisão transversal;Sem Vítimas;Plena Noite;Crescente;Chuva;Simples;Reta;Sim;3;0;0;0;2;1;0;3;-27,527723;-48,634517;SPRF-SC;DEL01-SC;UOP01-DEL01-SC
690104;09/05/2025;sexta-feira;18:20:00;SC;282;26,7;SANTO AMARO DA IMPERATRIZ;Acessar a via sem observar a presença dos outros veículos;Colisão transversal;Com Vítimas Feridas;Plena Noite;Decrescente;Nublado;Simples;"Reta;Rotatória";Sim;3;0;2;0;1;0;2;2;-27,6758886;-48,76883535;SPRF-SC;DEL01-SC;UOP03-DEL01-SC
690105;09/05/2025;sexta-feira;18:10:00;BA;116;672;JEQUIE;Condutor deixou de manter distância do veículo da frente;Colisão transversal;Com Vítimas Feridas;Anoitecer;Crescente;Céu Claro;Simples;Interseção de Vias;Sim;3;0;1;0;2;0;1;2;-13,85686654;-40,11355732;SPRF-BA;DEL03-BA;UOP01-DEL03-BA
690108;11/03/2025;terça-feira;08:08:00;MT;163;736;SORRISO;Conversão proibida;Queda de ocupante de veículo;Com Vítimas Feridas;Pleno dia;Decrescente;Céu Claro;Simples;Curva;Não;1;0;1;0;0;0;1;1;-12,67533723;-55,79456854;SPRF-MT;DEL06-MT;UOP01-DEL06-MT
690109;09/05/2025;sexta-feira;19:15:00;PR;116;115;CURITIBA;Reação tardia ou ineficiente do condutor;Colisão traseira;Com Vítimas Feridas;Plena Noite;Crescente;Céu Claro;Dupla;Reta;Não;2;0;1;0;1;0;1;2;-25,5536938;-49,30554477;SPRF-PR;DEL01-PR;UOP03-DEL01-PR
690110;09/05/2025;sexta-feira;18:00:00;RS;386;439;NOVA SANTA RITA;Chuva;Saída de leito carroçável;Com Vítimas Feridas;Anoitecer;Decrescente;Chuva;Dupla;Reta;Sim;1;0;1;0;0;0;1;1;-29,87588075;-51,24412894;SPRF-RS;DEL04-RS;UOP02-DEL04-RS
690111;09/05/2025;sexta-feira;17:35:00;PR;369;159,7;CAMBE;Acesso irregular;Colisão lateral mesmo sentido;Sem Vítimas;Pleno dia;Crescente;Céu Claro;Dupla;Reta;Sim;2;0;0;0;2;0;0;2;-23,28266527;-51,25225067;SPRF-PR;DEL07-PR;UOP01-DEL07-PR
690112;09/05/2025;sexta-feira;18:30:00;MG;40;511,9;RIBEIRAO DAS NEVES;Reação tardia ou ineficiente do condutor;Colisão traseira;Com Vítimas Feridas;Plena Noite;Decrescente;Céu Claro;Dupla;"Reta;Declive";Não;2;0;1;0;1;0;1;2;-19,79477991;-44,1120708;SPRF-MG;DEL01-MG;UOP02-DEL01-MG
690113;09/05/2025;sexta-feira;18:30:00;CE;222;4;CAUCAIA;Pedestre cruzava a pista fora da faixa;Atropelamento de Pedestre;Sem Vítimas;Plena Noite;Decrescente;Nublado;Múltipla;Aclive;Não;2;0;0;0;1;1;0;2;-3,74225407;-38,61037999;SPRF-CE;DEL01-CE;UOP01-DEL01-CE
690115;09/05/2025;sexta-feira;19:10:00;SP;116;222;GUARULHOS;Sinalização mal posicionada;Colisão com objeto;Com Vítimas Feridas;Plena Noite;Crescente;Céu Claro;Múltipla;"Reta;Em Obras";Sim;1;0;1;0;0;0;1;1;-23,47332388;-46,52126312;SPRF-SP;DEL01-SP;UOP01-DEL01-SP
690116;09/05/2025;sexta-feira;16:50:00;SC;101;206,9;SAO JOSE;Condutor desrespeitou a iluminação vermelha do semáforo;Colisão transversal;Com Vítimas Feridas;Anoitecer;Crescente;Nublado;Múltipla;Reta;Sim;2;0;0;1;1;0;1;2;-27,59377637;-48,61715198;SPRF-SC;DEL01-SC;UOP01-DEL01-SC
690117;09/05/2025;sexta-feira;18:35:00;PR;277;722,5;FOZ DO IGUACU;Acessar a via sem observar a presença dos outros veículos;Colisão transversal;Com Vítimas Feridas;Plena Noite;Decrescente;Nublado;Dupla;"Retorno Regulamentado;Reta";Sim;2;0;1;0;1;0;1;2;-25,493139;-54,516664;SPRF-PR;DEL05-PR;UOP03-DEL05-PR
690118;09/05/2025;sexta-feira;20:22:00;SP;116;208;GUARULHOS;Reação tardia ou ineficiente do condutor;Tombamento;Com Vítimas Feridas;Plena Noite;Crescente;Nublado;Múltipla;Reta;Sim;1;0;1;0;0;0;1;1;-23,42214087;-46,39425516;SPRF-SP;DEL01-SP;UOP01-DEL01-SP
690119;09/05/2025;sexta-feira;19:15:00;PR;277;121;CAMPO LARGO;Acessar a via sem observar a presença dos outros veículos;Colisão transversal;Com Vítimas Feridas;Plena Noite;Crescente;Nublado;Dupla;"Reta;Retorno Regulamentado";Sim;2;0;1;0;1;0;1;2;-25,44655937;-49,4873554;SPRF-PR;DEL03-PR;UOP03-DEL03-PR
690120;09/05/2025;sexta-feira;20:10:00;RS;448;22;PORTO ALEGRE;Chuva;Colisão com objeto;Com Vítimas Feridas;Plena Noite;Decrescente;Chuva;Dupla;"Curva;Aclive;Viaduto";Sim;1;0;1;0;0;0;1;1;-29,97458363;-51,19773746;SPRF-RS;DEL01-RS;UOP01-DEL01-RS
690121;09/05/2025;sexta-feira;19:27:00;RS;290;326;CACAPAVA DO SUL;Ultrapassagem Indevida;Colisão frontal;Com Vítimas Feridas;Pleno dia;Decrescente;Garoa/Chuvisco;Simples;Curva;Não;10;0;8;0;0;2;8;3;-30,3618981;-53,4434414;SPRF-RS;DEL09-RS;UOP02-DEL09-RS
690122;09/05/2025;sexta-feira;19:30:00;MG;381;495;BETIM;Ingestão de álcool pelo condutor;Engavetamento;Sem Vítimas;Plena Noite;Decrescente;Céu Claro;Múltipla;Reta;Sim;3;0;0;0;3;0;0;3;-19,970635;-44,182172;SPRF-MG;DEL01-MG;UOP03-DEL01-MG
690123;09/05/2025;sexta-feira;19:40:00;SC;282;54;AGUAS MORNAS;Velocidade Incompatível;Colisão lateral sentido oposto;Com Vítimas Feridas;Plena Noite;Decrescente;Chuva;Simples;Curva;Não;4;0;2;0;2;0;2;3;-27,68502799;-48,97299897;SPRF-SC;DEL01-SC;UOP03-DEL01-SC
690124;09/05/2025;sexta-feira;18:10:00;PR;369;236;JANDAIA DO SUL;Avarias e/ou desgaste excessivo no pneu;Colisão lateral sentido oposto;Com Vítimas Feridas;Plena Noite;Decrescente;Céu Claro;Simples;Reta;Não;4;0;1;0;3;0;1;3;-23,650784;-51,681949;SPRF-PR;DEL09-PR;UOP01-DEL09-PR
690125;09/05/2025;sexta-feira;18:00:00;MG;116;815;ALEM PARAIBA;Ausência de reação do condutor;Colisão lateral mesmo sentido;Com Vítimas Feridas;Plena Noite;Decrescente;Céu Claro;Simples;Reta;Sim;3;0;2;0;1;0;2;2;-21,86902523;-42,67084185;SPRF-MG;DEL07-MG;UOP01-DEL07-MG
690126;09/05/2025;sexta-feira;20:20:00;SP;116;152;SAO JOSE DOS CAMPOS;Problema com o freio;Incêndio;Com Vítimas Feridas;Plena Noite;Decrescente;Céu Claro;Simples;Curva;Não;2;0;1;0;1;0;1;1;-23,22719344;-45,90766875;SPRF-SP;DEL02-SP;UOP01-DEL02-SP
690128;09/05/2025;sexta-feira;20:35:00;TO;153;668;GURUPI;Acessar a via sem observar a presença dos outros veículos;Colisão transversal;Sem Vítimas;Plena Noite;Crescente;Céu Claro;Simples;"Reta;Retorno Regulamentado";Não;4;0;0;0;4;0;0;2;-11,71468172;-49,07363889;SPRF-TO;DEL01-TO;UOP02-DEL01-TO
690130;09/05/2025;sexta-feira;21:06:00;SP;116;219,9;GUARULHOS;Reação tardia ou ineficiente do condutor;Tombamento;Com Vítimas Feridas;Plena Noite;Decrescente;Nublado;Múltipla;"Reta;Em Obras";Sim;1;0;1;0;0;0;1;1;-23,46449;-46,497075;SPRF-SP;DEL01-SP;UOP01-DEL01-SP
690131;09/05/2025;sexta-feira;18:50:00;RO;364;352;JI-PARANA;Reação tardia ou ineficiente do condutor;Colisão traseira;Com Vítimas Feridas;Anoitecer;Decrescente;Céu Claro;Simples;Reta;Não;3;0;2;0;1;0;2;2;-10,82457494;-62,01482741;SPRF-RO;DEL02-RO;UOP01-DEL02-RO
690132;09/05/2025;sexta-feira;18:30:00;RJ;40;82;PETROPOLIS;Ingestão de álcool pelo condutor;Saída de leito carroçável;Sem Vítimas;Plena Noite;Decrescente;Céu Claro;Dupla;Curva;Sim;1;0;0;0;1;0;0;1;-22,53390414;-43,219633;SPRF-RJ;DEL01-RJ;UOP01-DEL01-RJ
690133;09/05/2025;sexta-feira;18:45:00;SC;470;291;CAMPOS NOVOS;Manobra de mudança de faixa;Colisão frontal;Com Vítimas Fatais;Plena Noite;Decrescente;Chuva;Simples;Reta;Não;2;1;0;0;0;1;0;2;-27,337943;-50,973255;SPRF-SC;DEL07-SC;UOP06-DEL07-SC
690134;09/05/2025;sexta-feira;21:10:00;PR;376;72;GUAIRACA;Ingestão de álcool pelo condutor;Atropelamento de Pedestre;Com Vítimas Feridas;Plena Noite;Decrescente;Nublado;Simples;Reta;Não;2;0;0;2;0;0;2;2;-22,9356549;-52,7415575;SPRF-PR;DEL09-PR;UOP02-DEL09-PR
690138;09/05/2025;sexta-feira;20:40:00;BA;116;429;FEIRA DE SANTANA;Ausência de reação do condutor;Colisão com objeto;Sem Vítimas;Plena Noite;Decrescente;Céu Claro;Dupla;Reta;Não;2;0;0;0;1;1;0;2;-12,28851858;-39,00980213;SPRF-BA;DEL02-BA;UOP01-DEL02-BA
690139;09/05/2025;sexta-feira;17:30:00;MG;262;810;UBERABA;Reação tardia ou ineficiente do condutor;Colisão com objeto;Com Vítimas Feridas;Anoitecer;Crescente;Céu Claro;Dupla;"Reta;Viaduto;Interseção de Vias";Sim;2;0;1;0;1;0;1;1;-19,77071;-47,97406;SPRF-MG;DEL13-MG;UOP01-DEL13-MG
690140;09/05/2025;sexta-feira;19:50:00;PR;487;177;CAMPO MOURAO;Chuva;Saída de leito carroçável;Com Vítimas Feridas;Plena Noite;Decrescente;Chuva;Simples;Declive;Não;1;0;1;0;0;0;1;1;-24,04099001;-52,40521129;SPRF-PR;DEL09-PR;UOP03-DEL09-PR
690141;09/05/2025;sexta-feira;21:30:00;SP;153;30,3;NOVA GRANADA;Ausência de reação do condutor;Colisão traseira;Com Vítimas Feridas;Plena Noite;Crescente;Céu Claro;Simples;Reta;Sim;2;0;0;1;0;1;1;2;-20,54746171;-49,32959617;SPRF-SP;DEL09-SP;UOP01-DEL09-SP
690142;09/05/2025;sexta-feira;19:15:00;SC;470;48,7;BLUMENAU;Ausência de reação do condutor;Tombamento;Com Vítimas Feridas;Plena Noite;Decrescente;Nublado;Simples;Reta;Sim;1;0;1;0;0;0;1;1;-26,85999506;-49,06245232;SPRF-SC;DEL04-SC;UOP01-DEL04-SC
690143;09/05/2025;sexta-feira;17:30:00;PR;116;12;COLOMBO;Ausência de reação do condutor;Queda de ocupante de veículo;Com Vítimas Feridas;Plena Noite;Decrescente;Céu Claro;Dupla;Reta;Sim;1;0;1;0;0;0;1;1;-25,373273;-49,143503;SPRF-PR;DEL01-PR;UOP02-DEL01-PR
690144;09/05/2025;sexta-feira;19:30:00;SC;282;75;RANCHO QUEIMADO;Velocidade Incompatível;Capotamento;Com Vítimas Feridas;Plena Noite;Decrescente;Chuva;Simples;Curva;Não;3;0;1;2;0;0;3;1;-27,66659908;-49,10837287;SPRF-SC;DEL01-SC;UOP03-DEL01-SC
690145;09/05/2025;sexta-feira;19:30:00;BA;101;359,1;WENCESLAU GUIMARAES;Condutor deixou de manter distância do veículo da frente;Colisão traseira;Sem Vítimas;Plena Noite;Crescente;Chuva;Simples;Reta;Sim;2;0;0;0;2;0;0;2;-13,678828;-39,477268;SPRF-BA;DEL05-BA;UOP03-DEL05-BA
690147;09/05/2025;sexta-feira;16:20:00;BA;420;255;MUTUIPE;Reação tardia ou ineficiente do condutor;Colisão transversal;Com Vítimas Feridas;Pleno dia;Decrescente;Nublado;Simples;"Declive;Reta";Sim;2;0;0;1;1;0;1;2;-13,227315;-39,497974;SPRF-BA;DEL01-BA;UOP02-DEL01-BA
690148;09/05/2025;sexta-feira;22:09:00;SC;101;31;SAO JOSE;Velocidade Incompatível;Queda de ocupante de veículo;Com Vítimas Feridas;Plena Noite;Crescente;Chuva;Dupla;"Rotatória;Declive";Não;1;0;1;0;0;0;1;1;-27,58647273;-48,69548019;SPRF-SC;DEL03-SC;UOP01-DEL03-SC
690150;09/05/2025;sexta-feira;21:30:00;BA;116;387;SANTA BARBARA;Acessar a via sem observar a presença dos outros veículos;Colisão transversal;Com Vítimas Feridas;Plena Noite;Decrescente;Nublado;Simples;Reta;Não;2;0;0;1;0;1;1;2;-11,91245;-38,98489;SPRF-BA;DEL02-BA;UOP01-DEL02-BA
690152;09/05/2025;sexta-feira;21:40:00;PI;316;18,9;TERESINA;Animais na Pista;Atropelamento de Animal;Com Vítimas Feridas;Plena Noite;Crescente;Nublado;Dupla;Reta;Não;1;0;1;0;0;0;1;1;-5,2573883;-42,7292247;SPRF-PI;DEL01-PI;UOP02-DEL01-PI
690153;09/05/2025;sexta-feira;10:00:00;RJ;101;485;ANGRA DOS REIS;Reação tardia ou ineficiente do condutor;Colisão lateral sentido oposto;Com Vítimas Feridas;Pleno dia;Crescente;Céu Claro;Simples;Reta;Sim;2;0;1;0;1;0;1;2;-22,9895673;-44,2417923;SPRF-RJ;DEL03-RJ;UOP03-DEL03-RJ
690154;09/05/2025;sexta-feira;20:15:00;PA;10;17;DOM ELISEU;Ingestão de álcool pelo condutor;Colisão transversal;Com Vítimas Feridas;Plena Noite;Crescente;Céu Claro;Simples;"Reta;Retorno Regulamentado;Rotatória;Interseção de Vias";Sim;2;0;1;1;0;0;2;2;-4,29303132;-47,55706284;SPRF-PA;DEL02-PA;UOP02-DEL02-PA
690155;09/05/2025;sexta-feira;18:45:00;PR;376;179,9;MARINGA;Pedestre cruzava a pista fora da faixa;Atropelamento de Pedestre;Com Vítimas Feridas;Plena Noite;Crescente;Nublado;Dupla;Reta;Sim;3;0;3;0;0;0;3;2;-23,42168801;-51,9062376;SPRF-PR;DEL09-PR;UOP01-DEL09-PR
690156;09/05/2025;sexta-feira;20:50:00;BA;110;174;RIBEIRA DO POMBAL;Reação tardia ou ineficiente do condutor;Colisão traseira;Com Vítimas Feridas;Plena Noite;Decrescente;Céu Claro;Simples;Aclive;Sim;3;0;0;2;0;1;2;2;-10,827152;-38,531869;SPRF-BA;DEL07-BA;UOP02-DEL07-BA
690158;09/05/2025;sexta-feira;18:40:00;SC;101;215;PALHOCA;Trafegar com motocicleta (ou similar) entre as faixas;Queda de ocupante de veículo;Com Vítimas Feridas;Anoitecer;Crescente;Nublado;Múltipla;Reta;Sim;2;0;0;1;0;1;1;1;-27,65366;-48,67751;SPRF-SC;DEL01-SC;UOP02-DEL01-SC
690159;09/05/2025;sexta-feira;22:00:00;BA;324;561;AMELIA RODRIGUES;Afundamento ou ondulação no pavimento;Saída de leito carroçável;Com Vítimas Feridas;Plena Noite;Crescente;Nublado;Dupla;Reta;Não;4;0;4;0;0;0;4;1;-12,49606384;-38,6511147;SPRF-BA;DEL01-BA;UOP01-DEL01-BA
690161;09/05/2025;sexta-feira;22:00:00;SP;153;112,2;JOSE BONIFACIO;Ultrapassagem Indevida;Colisão lateral mesmo sentido;Com Vítimas Feridas;Plena Noite;Crescente;Céu Claro;Simples;"Reta;Aclive";Não;3;0;2;0;0;1;2;2;-21,104441;-49,682476;SPRF-SP;DEL09-SP;UOP01-DEL09-SP
690162;09/05/2025;sexta-feira;19:10:00;MT;70;5;BARRA DO GARCAS;Reação tardia ou ineficiente do condutor;Colisão com objeto;Com Vítimas Feridas;Plena Noite;Crescente;Céu Claro;Dupla;"Declive;Reta";Sim;1;0;0;1;0;0;1;1;-15,87806;-52,30119;SPRF-MT;DEL07-MT;UOP01-DEL07-MT
690164;09/05/2025;sexta-feira;14:30:00;SC;101;207;SAO JOSE;Condutor deixou de manter distância do veículo da frente;Colisão traseira;Com Vítimas Feridas;Pleno dia;Decrescente;Céu Claro;Dupla;Declive;Sim;3;0;1;0;2;0;1;3;-27,601316;-48,624558;SPRF-SC;DEL01-SC;UOP01-DEL01-SC
690165;09/05/2025;sexta-feira;21:20:00;AM;230;610,7;HUMAITA;Ingestão de álcool pelo condutor;Colisão com objeto;Sem Vítimas;Plena Noite;Decrescente;Céu Claro;Dupla;Reta;Sim;1;0;0;0;1;0;0;1;-7,50072866;-63,02800566;SPRF-AM;DEL02-AM;UOP01-DEL02-AM
690166;09/05/2025;sexta-feira;22:30:00;RS;448;9,7;CANOAS;Velocidade Incompatível;Saída de leito carroçável;Com Vítimas Feridas;Plena Noite;Decrescente;Chuva;Simples;"Curva;Declive";Não;1;0;1;0;0;0;1;1;-29,882573;-51,238175;SPRF-RS;DEL01-RS;UOP01-DEL01-RS
690167;09/05/2025;sexta-feira;21:25:00;MG;116;673,4;MURIAE;Ingestão de álcool pelo condutor;Colisão lateral sentido oposto;Com Vítimas Feridas;Plena Noite;Decrescente;Céu Claro;Dupla;Reta;Não;2;0;2;0;0;0;2;2;-21,1464758;-42,3813236;SPRF-MG;DEL07-MG;UOP02-DEL07-MG
690168;09/05/2025;sexta-feira;23:40:00;RS;116;248;SAO LEOPOLDO;Condutor desrespeitou a iluminação vermelha do semáforo;Colisão transversal;Com Vítimas Feridas;Plena Noite;Decrescente;Garoa/Chuvisco;Simples;"Reta;Interseção de Vias";Sim;2;0;1;0;0;1;1;2;-29,772313;-51,153927;SPRF-RS;DEL01-RS;UOP02-DEL01-RS
690169;09/05/2025;sexta-feira;23:15:00;PB;230;290;SANTA LUZIA;Condutor deixou de manter distância do veículo da frente;Colisão traseira;Sem Vítimas;Plena Noite;Crescente;Céu Claro;Simples;Reta;Sim;8;0;0;0;8;0;0;2;-6,873802;-36,908848;SPRF-PB;DEL03-PB;UOP01-DEL03-PB
690171;09/05/2025;sexta-feira;22:00:00;PI;343;314,6;ALTOS;Ausência de reação do condutor;Colisão traseira;Com Vítimas Feridas;Plena Noite;Crescente;Céu Claro;Simples;Reta;Não;5;0;0;1;4;0;1;2;-5,047197;-42,52281;SPRF-PI;DEL01-PI;UOP01-DEL01-PI
690172;09/05/2025;sexta-feira;23:30:00;MG;116;387,5;GOVERNADOR VALADARES;Animais na Pista;Atropelamento de Animal;Com Vítimas Feridas;Plena Noite;Decrescente;Céu Claro;Simples;Reta;Não;1;0;0;1;0;0;1;1;-18,66893;-41,98178;SPRF-MG;DEL06-MG;UOP01-DEL06-MG
690173;10/05/2025;sábado;00:10:00;BA;116;425;FEIRA DE SANTANA;Animais na Pista;Atropelamento de Animal;Sem Vítimas;Plena Noite;Crescente;Nublado;Dupla;"Reta;Declive";Sim;1;0;0;0;1;0;0;1;-12,24409562;-38,98567963;SPRF-BA;DEL02-BA;UOP01-DEL02-BA
690174;10/05/2025;sábado;00:00:00;RS;386;326;MARQUES DE SOUZA;Reação tardia ou ineficiente do condutor;Colisão com objeto;Com Vítimas Feridas;Plena Noite;Crescente;Nublado;Dupla;Reta;Sim;2;0;2;0;0;0;2;1;-29,326789;-52,1018;SPRF-RS;DEL04-RS;UOP01-DEL04-RS
690176;10/05/2025;sábado;01:30:00;RN;226;39;MACAIBA;Velocidade Incompatível;Queda de ocupante de veículo;Com Vítimas Feridas;Plena Noite;Decrescente;Céu Claro;Simples;Reta;Não;1;0;0;1;0;0;1;1;-5,926012;-35,538188;SPRF-RN;DEL01-RN;UOP02-DEL01-RN
690177;09/05/2025;sexta-feira;23:40:00;PR;277;213,2;PALMEIRA;Transitar na contramão;Colisão lateral sentido oposto;Com Vítimas Feridas;Plena Noite;Crescente;Chuva;Simples;Curva;Não;6;0;2;1;3;0;3;2;-25,460406;-50,331759;SPRF-PR;DEL08-PR;UOP02-DEL08-PR
690178;10/05/2025;sábado;01:45:00;PR;376;201;MARINGA;Ausência de reação do condutor;Colisão com objeto;Sem Vítimas;Plena Noite;Decrescente;Chuva;Simples;Reta;Não;1;0;0;0;0;1;0;1;-23,41347884;-51,92959986;SPRF-PR;DEL09-PR;UOP01-DEL09-PR
690179;09/05/2025;sexta-feira;23:00:00;SC;470;104;APIUNA;Velocidade Incompatível;Saída de leito carroçável;Com Vítimas Feridas;Plena Noite;Decrescente;Garoa/Chuvisco;Simples;Curva;Não;1;0;0;1;0;0;1;1;-27,065;-49,416;SPRF-SC;DEL04-SC;UOP02-DEL04-SC
690180;09/05/2025;sexta-feira;23:50:00;SC;470;103;APIUNA;Velocidade Incompatível;Saída de leito carroçável;Com Vítimas Feridas;Plena Noite;Decrescente;Garoa/Chuvisco;Simples;Curva;Não;1;0;0;1;0;0;1;1;-27,064;-49,402;SPRF-SC;DEL04-SC;UOP02-DEL04-SC
690181;10/05/2025;sábado;01:20:00;ES;101;269,8;SERRA;Condutor desrespeitou a iluminação vermelha do semáforo;Colisão transversal;Com Vítimas Feridas;Plena Noite;Decrescente;Nublado;Múltipla;Interseção de Vias;Sim;4;0;1;1;2;0;2;2;-20,21232;-40,2698417;SPRF-ES;DEL02-ES;UOP01-DEL02-ES
690183;10/05/2025;sábado;01:40:00;SC;101;161;TIJUCAS;Acumulo de água sobre o pavimento;Saída de leito carroçável;Com Vítimas Feridas;Plena Noite;Crescente;Chuva;Dupla;Reta;Sim;1;0;1;0;0;0;1;1;-27,21322562;-48,62256336;SPRF-SC;DEL04-SC;UOP03-DEL04-SC
690185;09/05/2025;sexta-feira;21:30:00;PR;476;2,9;ADRIANOPOLIS;Transitar na contramão;Colisão frontal;Sem Vítimas;Plena Noite;Crescente;Nublado;Simples;Curva;Sim;2;0;0;0;2;0;0;2;-24,67025939;-48,98492424;SPRF-PR;DEL01-PR;UOP01-DEL01-PR
690186;10/05/2025;sábado;00:25:00;MS;60;505;MARACAJU;Condutor Dormindo;Saída de leito carroçável;Com Vítimas Feridas;Plena Noite;Crescente;Nevoeiro/Neblina;Simples;Reta;Não;2;0;2;0;0;0;2;1;-21,2166944;-55,5545556;SPRF-MS;DEL05-MS;UOP01-DEL05-MS
690187;10/05/2025;sábado;00:45:00;SP;381;58;MAIRIPORA;Demais falhas na via;Queda de ocupante de veículo;Com Vítimas Feridas;Plena Noite;Crescente;Céu Claro;Dupla;"Reta;Aclive";Não;2;0;2;0;0;0;2;1;-23,27926967;-46,58631055;SPRF-SP;DEL03-SP;UOP01-DEL03-SP
690188;10/05/2025;sábado;00:50:00;RJ;101;435;MANGARATIBA;Ingestão de álcool pelo condutor;Colisão lateral sentido oposto;Com Vítimas Feridas;Plena Noite;Decrescente;Céu Claro;Simples;"Curva;Declive";Não;5;0;2;0;3;0;2;3;-22,94287;-44,058419;SPRF-RJ;DEL03-RJ;UOP02-DEL03-RJ
690189;10/05/2025;sábado;02:28:00;SP;116;3;GUARULHOS;Reação tardia ou ineficiente do condutor;Saída de leito carroçável;Com Vítimas Feridas;Plena Noite;Crescente;Céu Claro;Dupla;Reta;Sim;1;0;1;0;0;0;1;1;-23,434658;-46,493689;SPRF-SP;DEL01-SP;UOP01-DEL01-SP
690190;10/05/2025;sábado;01:15:00;PR;116;103;SAO JOSE DOS PINHAIS;Velocidade Incompatível;Saída de leito carroçável;Sem Vítimas;Plena Noite;Crescente;Chuva;Dupla;Reta;Não;1;0;0;0;0;1;0;1;-25,57018009;-49,18642871;SPRF-PR;DEL01-PR;UOP07-DEL01-PR
690191;09/05/2025;sexta-feira;22:32:00;RN;101;83,9;NATAL;Ingestão de álcool pelo condutor;Atropelamento de Pedestre;Com Vítimas Feridas;Plena Noite;Crescente;Chuva;Dupla;Reta;Sim;2;0;0;2;0;0;2;2;-5,773913;-35,258687;SPRF-RN;DEL02-RN;UOP01-DEL02-RN
690192;10/05/2025;sábado;02:20:00;SC;101;203,7;SAO JOSE;Condutor Dormindo;Colisão com objeto;Com Vítimas Feridas;Plena Noite;Decrescente;Nublado;Múltipla;Reta;Sim;2;0;0;2;0;0;2;1;-27,57247532;-48,61509204;SPRF-SC;DEL01-SC;UOP01-DEL01-SC