id;data_inversa;dia_semana;horario;uf;br;km;municipio;causa_acidente;tipo_acidente;classificacao_acidente;fase_dia;sentido_via;condicao_metereologica;tipo_pista;tracado_via;uso_solo;pessoas;mortos;feridos_leves;feridos_graves;ilesos;ignorados;feridos;veiculos;latitude;longitude;regional;delegacia;uop
690313;10/05/2025;sábado;14:30:00;MG;381;846,6;SAO SEBASTIAO DA BELA VISTA;Reação tardia ou ineficiente do condutor;Tombamento;Com Vítimas Feridas;Pleno dia;Crescente;Céu Claro;Dupla;Reta;Não;1;0;1;0;0;0;1;1;-22,211;-45,8667;SPRF-MG;DEL16-MG;UOP01-DEL16-MG
690314;10/05/2025;sábado;14:40:00;DF;251;30;BRASILIA;Ultrapassagem Indevida;Saída de leito carroçável;Com Vítimas Feridas;Pleno dia;Crescente;Céu Claro;Simples;"Reta;Aclive";Não;2;0;1;0;1;0;1;1;-15,941687;-47,735007;SPRF-DF;DEL01-DF;UOP01-DEL01-DF
690315;10/05/2025;sábado;14:30:00;RJ;116;69;TERESOPOLIS;Velocidade Incompatível;Queda de ocupante de veículo;Com Vítimas Feridas;Pleno dia;Crescente;Céu Claro;Simples;Reta;Sim;1;0;1;0;0;0;1;1;-22,302966;-42,93649;SPRF-RJ;DEL04-RJ;UOP01-DEL04-RJ
690317;10/05/2025;sábado;15:30:00;MG;381;504;BETIM;Ausência de reação do condutor;Tombamento;Com Vítimas Feridas;Pleno dia;Crescente;Céu Claro;Dupla;Reta;Sim;1;0;1;0;0;0;1;1;-20,0320041;-44,2384417;SPRF-MG;DEL01-MG;UOP03-DEL01-MG
690318;10/05/2025;sábado;12:30:00;RJ;116;79,8;TERESOPOLIS;Velocidade Incompatível;Colisão transversal;Com Vítimas Feridas;Pleno dia;Crescente;Céu Claro;Simples;"Reta;Declive";Sim;2;0;0;1;1;0;1;2;-22,379741;-42,953157;SPRF-RJ;DEL04-RJ;UOP01-DEL04-RJ
690319;10/05/2025;sábado;13:50:00;RJ;465;15;SEROPEDICA;Trafegar com motocicleta (ou similar) entre as faixas;Colisão lateral sentido oposto;Com Vítimas Feridas;Pleno dia;Decrescente;Nublado;Simples;Reta;Sim;3;0;1;1;1;0;2;2;-22,810944;-43,631846;SPRF-RJ;DEL06-RJ;UOP02-DEL06-RJ
690320;10/05/2025;sábado;13:40:00;SE;235;31,5;AREIA BRANCA;Condutor deixou de manter distância do veículo da frente;Colisão traseira;Com Vítimas Feridas;Pleno dia;Crescente;Céu Claro;Simples;"Em Obras;Reta";Não;2;0;1;0;1;0;1;2;-10,77341;-37,297226;SPRF-SE;DEL01-SE;UOP02-DEL01-SE
690321;10/05/2025;sábado;14:25:00;RS;290;34;SANTO ANTONIO DA PATRULHA;Reação tardia ou ineficiente do condutor;Queda de ocupante de veículo;Com Vítimas Feridas;Pleno dia;Decrescente;Céu Claro;Dupla;Reta;Não;1;0;1;0;0;0;1;1;-29,885739;-50,604741;SPRF-RS;DEL03-RS;UOP01-DEL03-RS
690324;10/05/2025;sábado;15:50:00;SC;280;29,7;ARAQUARI;Acessar a via sem observar a presença dos outros veículos;Colisão transversal;Com Vítimas Feridas;Pleno dia;Crescente;Céu Claro;Simples;"Em Obras;Interseção de Vias";Sim;3;0;0;1;2;0;1;2;-26,41288533;-48,75670905;SPRF-SC;DEL03-SC;UOP03-DEL03-SC
690325;10/05/2025;sábado;15:00:00;SC;282;255,3;SAO JOSE DO CERRITO;Acessar a via sem observar a presença dos outros veículos;Colisão transversal;Com Vítimas Feridas;Pleno dia;Decrescente;Céu Claro;Simples;Reta;Não;2;0;1;0;1;0;1;2;-27,67307073;-50,57981735;SPRF-SC;DEL05-SC;UOP02-DEL05-SC
690326;10/05/2025;sábado;16:10:00;RJ;116;81;TERESOPOLIS;Ultrapassagem Indevida;Colisão transversal;Com Vítimas Feridas;Pleno dia;Decrescente;Céu Claro;Simples;Reta;Sim;2;0;1;0;1;0;1;2;-22,39371963;-42,95289516;SPRF-RJ;DEL04-RJ;UOP01-DEL04-RJ
690327;10/05/2025;sábado;15:20:00;MG;153;28;CENTRALINA;Ausência de reação do condutor;Capotamento;Com Vítimas Feridas;Pleno dia;Decrescente;Céu Claro;Dupla;Reta;Não;4;0;4;0;0;0;4;1;-18,6607;-49,1669;SPRF-MG;DEL15-MG;UOP03-DEL15-MG
690328;10/05/2025;sábado;15:25:00;SC;116;207,5;PONTE ALTA;Acessar a via sem observar a presença dos outros veículos;Colisão transversal;Com Vítimas Feridas;Pleno dia;Decrescente;Céu Claro;Simples;"Interseção de Vias;Rotatória";Sim;6;0;1;0;5;0;1;2;-27,48434;-50,377796;SPRF-SC;DEL05-SC;UOP03-DEL05-SC
690329;10/05/2025;sábado;13:00:00;BA;410;3;RIBEIRA DO POMBAL;Pista esburacada;Saída de leito carroçável;Com Vítimas Feridas;Pleno dia;Decrescente;Céu Claro;Simples;Reta;Não;2;0;2;0;0;0;2;1;-10,82959095;-38,55287293;SPRF-BA;DEL07-BA;UOP02-DEL07-BA
690330;10/05/2025;sábado;13:30:00;MT;163;519;DIAMANTINO;Acumulo de água sobre o pavimento;Saída de leito carroçável;Com Vítimas Feridas;Pleno dia;Decrescente;Chuva;Dupla;Reta;Não;4;0;2;2;0;0;4;1;-14,453172;-56,137849;SPRF-MT;DEL01-MT;UOP01-DEL01-MT
690331;10/05/2025;sábado;16:20:00;MG;381;500,9;BETIM;Trafegar com motocicleta (ou similar) entre as faixas;Colisão lateral mesmo sentido;Com Vítimas Feridas;Pleno dia;Decrescente;Céu Claro;Dupla;Reta;Sim;3;0;2;0;0;1;2;2;-20,0134887;-44,2209325;SPRF-MG;DEL01-MG;UOP03-DEL01-MG
690332;10/05/2025;sábado;14:30:00;PE;424;51;VENTUROSA;Velocidade Incompatível;Colisão com objeto;Com Vítimas Fatais;Pleno dia;Decrescente;Sol;Simples;"Curva;Declive";Não;1;1;0;0;0;0;0;1;-8,718818;-36,773747;SPRF-PE;DEL03-PE;UOP01-DEL03-PE
690333;10/05/2025;sábado;15:50:00;MG;40;499,5;ESMERALDAS;Transitar na contramão;Colisão frontal;Com Vítimas Feridas;Pleno dia;Crescente;Céu Claro;Múltipla;Interseção de Vias;Sim;2;0;2;0;0;0;2;2;-19,69685973;-44,17717338;SPRF-MG;DEL02-MG;UOP01-DEL02-MG
690334;10/05/2025;sábado;16:12:00;PE;101;50,8;ABREU E LIMA;Desrespeitar a preferência no cruzamento;Colisão transversal;Com Vítimas Feridas;Pleno dia;Decrescente;Céu Claro;Múltipla;Reta;Sim;2;0;0;1;1;0;1;2;-7,91478;-34,8985;SPRF-PE;DEL01-PE;UOP02-DEL01-PE
690338;10/05/2025;sábado;15:30:00;MT;364;208;RONDONOPOLIS;Acessar a via sem observar a presença dos outros veículos;Colisão transversal;Com Vítimas Feridas;Pleno dia;Decrescente;Nublado;Dupla;Interseção de Vias;Sim;2;0;0;1;1;0;1;2;-16,43713479;-54,68178749;SPRF-MT;DEL02-MT;UOP01-DEL02-MT
690339;10/05/2025;sábado;16:30:00;RS;116;217;MORRO REUTER;Reação tardia ou ineficiente do condutor;Colisão traseira;Com Vítimas Feridas;Pleno dia;Crescente;Céu Claro;Simples;"Reta;Interseção de Vias";Sim;3;0;2;0;1;0;2;2;-29,54228121;-51,08194683;SPRF-RS;DEL05-RS;UOP02-DEL05-RS
690340;10/05/2025;sábado;17:05:00;SC;280;26,7;ARAQUARI;Ausência de reação do condutor;Colisão lateral mesmo sentido;Com Vítimas Feridas;Pleno dia;Decrescente;Céu Claro;Simples;Reta;Sim;2;0;1;0;1;0;1;2;-26,3948307;-48,7388536;SPRF-SC;DEL03-SC;UOP03-DEL03-SC
690341;10/05/2025;sábado;17:00:00;ES;101;262;SERRA;Condutor desrespeitou a iluminação vermelha do semáforo;Colisão transversal;Sem Vítimas;Pleno dia;Crescente;Céu Claro;Dupla;Retorno Regulamentado;Sim;2;0;0;0;2;0;0;2;-20,16678641;-40,27208598;SPRF-ES;DEL02-ES;UOP01-DEL02-ES
690342;10/05/2025;sábado;16:35:00;PB;101;89;JOAO PESSOA;Acessar a via sem observar a presença dos outros veículos;Colisão transversal;Com Vítimas Feridas;Pleno dia;Crescente;Céu Claro;Dupla;"Reta;Retorno Regulamentado";Sim;3;0;0;1;2;0;1;2;-7,18126815;-34,90083843;SPRF-PB;DEL01-PB;UOP01-DEL01-PB
690343;10/05/2025;sábado;16:30:00;RJ;101;548,5;PARATY;Chuva;Queda de ocupante de veículo;Com Vítimas Feridas;Pleno dia;Decrescente;Chuva;Simples;Curva;Não;1;0;1;0;0;0;1;1;-23,05;-44,65;SPRF-RJ;DEL03-RJ;UOP04-DEL03-RJ
690345;10/05/2025;sábado;17:00:00;MA;135;5;SAO LUIS;Manobra de mudança de faixa;Colisão lateral mesmo sentido;Sem Vítimas;Pleno dia;Decrescente;Garoa/Chuvisco;Dupla;Reta;Não;2;0;0;0;2;0;0;2;-2,6280393;-44,262138;SPRF-MA;DEL01-MA;UOP01-DEL01-MA
690347;10/05/2025;sábado;17:15:00;MG;116;701,7;MURIAE;Manobra de mudança de faixa;Colisão transversal;Com Vítimas Feridas;Pleno dia;Decrescente;Céu Claro;Simples;Curva;Não;3;0;2;0;0;1;2;2;-21,119;-42,38;SPRF-MG;DEL07-MG;UOP02-DEL07-MG
690348;10/05/2025;sábado;15:30:00;SC;470;65;BLUMENAU;Ausência de reação do condutor;Saída de leito carroçável;Sem Vítimas;Pleno dia;Decrescente;Céu Claro;Simples;Reta;Sim;1;0;0;0;1;0;0;1;-26,87658182;-49,12265517;SPRF-SC;DEL04-SC;UOP01-DEL04-SC
690349;10/05/2025;sábado;17:00:00;PR;369;174,2;ROLANDIA;Reação tardia ou ineficiente do condutor;Colisão transversal;Com Vítimas Feridas;Pleno dia;Decrescente;Nublado;Simples;Reta;Sim;3;0;3;0;0;0;3;2;-23,31713;-51,377848;SPRF-PR;DEL07-PR;UOP01-DEL07-PR
690350;10/05/2025;sábado;15:30:00;MG;381;4,3;BETIM;Ausência de reação do condutor;Colisão traseira;Com Vítimas Feridas;Pleno dia;Decrescente;Céu Claro;Dupla;Reta;Sim;5;0;1;0;3;1;1;2;-19,9871053;-44,1812894;SPRF-MG;DEL01-MG;UOP03-DEL01-MG
690351;10/05/2025;sábado;12:22:00;MG;116;524,8;CARATINGA;Retorno proibido;Colisão transversal;Com Vítimas Feridas;Pleno dia;Crescente;Céu Claro;Simples;Reta;Sim;3;0;0;1;1;1;1;3;-19,78253434;-42,13634491;SPRF-MG;DEL06-MG;UOP02-DEL06-MG
690352;10/05/2025;sábado;13:30:00;MG;262;12,2;MARTINS SOARES;Retorno proibido;Colisão transversal;Com Vítimas Feridas;Pleno dia;Decrescente;Sol;Simples;"Reta;Aclive";Não;4;0;2;1;1;0;3;2;-20,253827;-41,854219;SPRF-MG;DEL06-MG;UOP03-DEL06-MG
690353;10/05/2025;sábado;18:05:00;ES;101;304,4;VIANA;Condutor deixou de manter distância do veículo da frente;Colisão traseira;Com Vítimas Feridas;Plena Noite;Decrescente;Céu Claro;Dupla;"Reta;Viaduto";Sim;3;0;2;0;1;0;2;2;-20,382732;-40,459658;SPRF-ES;DEL01-ES;UOP01-DEL01-ES
690354;10/05/2025;sábado;16:30:00;PR;476;117;COLOMBO;Reação tardia ou ineficiente do condutor;Colisão lateral mesmo sentido;Com Vítimas Feridas;Pleno dia;Crescente;Garoa/Chuvisco;Dupla;Reta;Sim;2;0;0;1;1;0;1;2;-25,3654431;-49,18662196;SPRF-PR;DEL01-PR;UOP01-DEL01-PR
690355;10/05/2025;sábado;17:30:00;PB;230;140,9;MASSARANDUBA;Acessar a via sem observar a presença dos outros veículos;Colisão transversal;Com Vítimas Feridas;Anoitecer;Crescente;Céu Claro;Dupla;Reta;Sim;2;0;1;0;0;1;1;2;-7,259982;-35,808212;SPRF-PB;DEL02-PB;UOP01-DEL02-PB
690357;16/04/2025;quarta-feira;14:40:00;RJ;393;293;PIRAI;Acessar a via sem observar a presença dos outros veículos;Colisão transversal;Com Vítimas Feridas;Pleno dia;Crescente;Céu Claro;Simples;Reta;Não;2;0;1;0;1;0;1;2;-22,6669575;-43,8409691;SPRF-RJ;DEL05-RJ;UOP04-DEL05-RJ
690358;10/05/2025;sábado;15:30:00;MG;40;142;PARACATU;Acesso irregular;Colisão transversal;Com Vítimas Feridas;Pleno dia;Decrescente;Céu Claro;Simples;Reta;Sim;2;0;1;0;1;0;1;2;-17,2414773;-46,8237286;SPRF-MG;DEL14-MG;UOP01-DEL14-MG
690360;10/05/2025;sábado;18:20:00;PB;104;113,4;LAGOA SECA;Condutor deixou de manter distância do veículo da frente;Engavetamento;Com Vítimas Feridas;Plena Noite;Decrescente;Céu Claro;Simples;Reta;Sim;4;0;1;0;3;0;1;3;-7,149868;-35,853855;SPRF-PB;DEL02-PB;UOP04-DEL02-PB
690361;10/05/2025;sábado;07:50:00;MG;153;1,9;ARAPORA;Ausência de reação do condutor;Eventos atípicos;Sem Vítimas;Amanhecer;Crescente;Céu Claro;Dupla;Reta;Sim;1;0;0;0;0;1;0;1;-18,43320657;-49,19156883;SPRF-MG;DEL15-MG;UOP03-DEL15-MG
690362;10/05/2025;sábado;17:50:00;SP;116;294;ITAPECERICA DA SERRA;Reação tardia ou ineficiente do condutor;Engavetamento;Com Vítimas Feridas;Anoitecer;Crescente;Chuva;Dupla;Reta;Sim;3;0;2;0;0;1;2;3;-23,75154;-46,901367;SPRF-SP;DEL04-SP;UOP01-DEL04-SP
690363;10/05/2025;sábado;17:30:00;SC;282;24,2;SANTO AMARO DA IMPERATRIZ;Mal súbito do condutor;Saída de leito carroçável;Com Vítimas Fatais;Plena Noite;Crescente;Céu Claro;Simples;Reta;Sim;2;1;0;0;0;1;0;2;-27,6817;-48,7454;SPRF-SC;DEL01-SC;UOP03-DEL01-SC
690365;10/05/2025;sábado;18:40:00;RS;290;107;ELDORADO DO SUL;Acessar a via sem observar a presença dos outros veículos;Colisão traseira;Com Vítimas Feridas;Plena Noite;Crescente;Céu Claro;Simples;Reta;Sim;4;0;2;0;2;0;2;2;-30,0021161;-51,3088899;SPRF-RS;DEL02-RS;UOP01-DEL02-RS
690366;10/05/2025;sábado;18:10:00;RS;285;201,1;LAGOA VERMELHA;Deficiência do Sistema de Iluminação/Sinalização;Colisão transversal;Com Vítimas Feridas;Plena Noite;Decrescente;Céu Claro;Simples;Interseção de Vias;Sim;5;0;0;2;2;1;2;3;-28,20976853;-51,54505704;SPRF-RS;DEL08-RS;UOP05-DEL08-RS
690367;10/05/2025;sábado;17:00:00;PR;116;5,5;CAMPINA GRANDE DO SUL;Velocidade Incompatível;Colisão com objeto;Com Vítimas Feridas;Anoitecer;Decrescente;Garoa/Chuvisco;Dupla;Curva;Não;5;0;0;1;4;0;1;1;-25,087782;-48,604587;SPRF-PR;DEL01-PR;UOP02-DEL01-PR
690371;10/05/2025;sábado;18:10:00;MG;381;689,4;PERDOES;Ausência de reação do condutor;Queda de ocupante de veículo;Com Vítimas Feridas;Plena Noite;Decrescente;Céu Claro;Dupla;"Curva;Declive";Não;1;0;1;0;0;0;1;1;-21,119802;-45,095547;SPRF-MG;DEL04-MG;UOP02-DEL04-MG
690372;10/05/2025;sábado;18:25:00;MS;163;113;ITAQUIRAI;Ausência de reação do condutor;Colisão traseira;Com Vítimas Feridas;Pleno dia;Crescente;Céu Claro;Dupla;Reta;Não;4;0;1;0;3;0;1;2;-23,16780788;-54,19899909;SPRF-MS;DEL09-MS;UOP01-DEL09-MS
690374;10/05/2025;sábado;17:50:00;PR;277;722,2;FOZ DO IGUACU;Acessar a via sem observar a presença dos outros veículos;Colisão transversal;Com Vítimas Feridas;Anoitecer;Decrescente;Céu Claro;Dupla;Reta;Sim;4;0;1;1;1;1;2;3;-25,49391707;-54,51810515;SPRF-PR;DEL05-PR;UOP03-DEL05-PR
690375;10/05/2025;sábado;17:45:00;RJ;101;556,8;PARATY;Chuva;Colisão traseira;Com Vítimas Feridas;Plena Noite;Decrescente;Chuva;Simples;Reta;Não;2;0;1;0;1;0;1;2;-23,09;-44,7;SPRF-RJ;DEL03-RJ;UOP04-DEL03-RJ
690376;10/05/2025;sábado;17:30:00;SP;381;71;MAIRIPORA;Reação tardia ou ineficiente do condutor;Colisão com objeto;Com Vítimas Feridas;Pleno dia;Crescente;Chuva;Dupla;Curva;Não;1;0;1;0;0;0;1;1;-23,354101;-46,550737;SPRF-SP;DEL03-SP;UOP01-DEL03-SP
690378;10/05/2025;sábado;19:30:00;RS;386;34;FREDERICO WESTPHALEN;Acessar a via sem observar a presença dos outros veículos;Colisão transversal;Sem Vítimas;Plena Noite;Crescente;Céu Claro;Simples;"Interseção de Vias;Reta";Sim;2;0;0;0;2;0;0;2;-27,36409175;-53,39312407;SPRF-RS;DEL08-RS;UOP02-DEL08-RS
690379;10/05/2025;sábado;19:00:00;CE;222;220,3;SOBRAL;Desrespeitar a preferência no cruzamento;Colisão transversal;Com Vítimas Feridas;Plena Noite;Decrescente;Céu Claro;Simples;"Rotatória;Curva";Não;3;0;1;0;1;1;1;3;-3,721234;-40,323672;SPRF-CE;DEL04-CE;UOP01-DEL04-CE
690380;10/05/2025;sábado;19:00:00;PR;272;384,2;ARARUNA;Ultrapassagem Indevida;Colisão frontal;Com Vítimas Fatais;Anoitecer;Decrescente;Céu Claro;Simples;Reta;Não;6;1;1;1;2;1;2;3;-24,058486;-52,558035;SPRF-PR;DEL09-PR;UOP03-DEL09-PR
690381;10/05/2025;sábado;19:00:00;PE;428;183;PETROLINA;Ausência de reação do condutor;Saída de leito carroçável;Com Vítimas Feridas;Plena Noite;Decrescente;Céu Claro;Dupla;Reta;Sim;1;0;0;1;0;0;1;1;-9,33618;-40,46823;SPRF-PE;DEL06-PE;UOP01-DEL06-PE
690382;10/05/2025;sábado;19:17:00;RN;226;40;MACAIBA;Acessar a via sem observar a presença dos outros veículos;Colisão traseira;Com Vítimas Feridas;Plena Noite;Decrescente;Nublado;Simples;Reta;Não;4;0;0;1;2;1;1;3;-5,913308;-35,523017;SPRF-RN;DEL01-RN;UOP02-DEL01-RN
690383;10/05/2025;sábado;20:00:00;ES;101;331,8;GUARAPARI;Reação tardia ou ineficiente do condutor;Colisão com objeto;Com Vítimas Feridas;Plena Noite;Crescente;Céu Claro;Dupla;Curva;Não;1;0;1;0;0;0;1;1;-20,606;-40,506;SPRF-ES;DEL03-ES;UOP01-DEL03-ES
690386;10/05/2025;sábado;10:00:00;PI;230;197;OEIRAS;Manobra de mudança de faixa;Colisão transversal;Com Vítimas Feridas;Pleno dia;Decrescente;Céu Claro;Dupla;"Reta;Interseção de Vias";Sim;2;0;1;0;1;0;1;2;-7,012604;-42,133408;SPRF-PI;DEL04-PI;UOP01-DEL04-PI
690387;10/05/2025;sábado;19:45:00;AL;101;137,9;SAO MIGUEL DOS CAMPOS;Pedestre - Ingestão de álcool/ substâncias psicoativas;Atropelamento de Pedestre;Com Vítimas Feridas;Plena Noite;Decrescente;Céu Claro;Dupla;Reta;Sim;3;0;0;1;2;0;1;2;-9,796906;-36,109263;SPRF-AL;DEL02-AL;UOP01-DEL02-AL
690389;26/04/2025;sábado;16:15:00;RS;116;146;CAXIAS DO SUL;Reação tardia ou ineficiente do condutor;Atropelamento de Pedestre;Com Vítimas Feridas;Pleno dia;Crescente;Nublado;Dupla;Reta;Sim;2;0;1;0;1;0;1;2;-29,14663954;-51,14082668;SPRF-RS;DEL05-RS;UOP01-DEL05-RS
690390;10/05/2025;sábado;19:00:00;BA;235;341;JUAZEIRO;Transitar na contramão;Colisão frontal;Com Vítimas Fatais;Plena Noite;Crescente;Céu Claro;Simples;Reta;Não;3;1;2;0;0;0;2;2;-9,461852;-40,434402;SPRF-PE;DEL06-PE;UOP01-DEL06-PE
690391;10/05/2025;sábado;11:45:00;DF;70;1;BRASILIA;Ingestão de álcool pelo condutor;Saída de leito carroçável;Sem Vítimas;Pleno dia;Crescente;Chuva;Dupla;Reta;Sim;1;0;0;0;1;0;0;1;-15,79598513;-48,0664896;SPRF-DF;DEL03-DF;UOP02-DEL03-DF
690392;10/05/2025;sábado;19:50:00;GO;50;100;CRISTALINA;Problema na suspensão;Saída de leito carroçável;Com Vítimas Feridas;Plena Noite;Crescente;Céu Claro;Dupla;Reta;Sim;2;0;1;0;1;0;1;1;-16,795509;-47,646682;SPRF-DF;DEL01-DF;UOP02-DEL01-DF
690393;10/05/2025;sábado;19:10:00;RO;319;80;PORTO VELHO;Acessar a via sem observar a presença dos outros veículos;Colisão transversal;Com Vítimas Feridas;Plena Noite;Crescente;Nublado;Dupla;Rotatória;Sim;2;0;1;0;1;0;1;2;-8,74014737;-63,89019577;SPRF-RO;DEL01-RO;UOP01-DEL01-RO
690394;10/05/2025;sábado;15:25:00;SC;282;385;JOACABA;Ingestão de álcool pelo condutor;Saída de leito carroçável;Sem Vítimas;Pleno dia;Decrescente;Céu Claro;Simples;Curva;Não;1;0;0;0;0;1;0;1;-27,20132002;-51,5157187;SPRF-SC;DEL07-SC;UOP05-DEL07-SC
690395;10/05/2025;sábado;16:15:00;SC;282;341;CAMPOS NOVOS;Ingestão de álcool pelo condutor;Colisão com objeto;Com Vítimas Feridas;Pleno dia;Crescente;Céu Claro;Simples;Curva;Não;1;0;1;0;0;0;1;1;-27,38724431;-51,1140418;SPRF-SC;DEL07-SC;UOP06-DEL07-SC
690396;10/05/2025;sábado;19:40:00;PR;277;117;CAMPO LARGO;Reação tardia ou ineficiente do condutor;Colisão com objeto;Com Vítimas Feridas;Plena Noite;Crescente;Nublado;Dupla;"Reta;Aclive";Sim;3;0;1;0;0;2;1;3;-25,44326205;-49,46056573;SPRF-PR;DEL03-PR;UOP03-DEL03-PR
690397;10/05/2025;sábado;20:15:00;PR;369;170;ROLANDIA;Acessar a via sem observar a presença dos outros veículos;Colisão transversal;Com Vítimas Feridas;Plena Noite;Crescente;Nublado;Dupla;"Retorno Regulamentado;Interseção de Vias;Rotatória";Sim;3;0;1;0;2;0;1;2;-23,3024771;-51,33372394;SPRF-PR;DEL07-PR;UOP01-DEL07-PR
690398;10/05/2025;sábado;20:30:00;CE;116;10;FORTALEZA;Acessar a via sem observar a presença dos outros veículos;Atropelamento de Pedestre;Com Vítimas Feridas;Plena Noite;Crescente;Céu Claro;Múltipla;Reta;Sim;3;0;3;0;0;0;3;2;-3,84468081;-38,49853842;SPRF-CE;DEL01-CE;UOP02-DEL01-CE
690399;10/05/2025;sábado;21:00:00;PR;376;2,7;JANDAIA DO SUL;Ausência de reação do condutor;Colisão com objeto;Com Vítimas Feridas;Plena Noite;Crescente;Céu Claro;Simples;Rotatória;Sim;1;0;1;0;0;0;1;1;-23,585;-51,627;SPRF-PR;DEL09-PR;UOP01-DEL09-PR
690400;10/05/2025;sábado;20:30:00;MG;40;524;CONTAGEM;Reação tardia ou ineficiente do condutor;Queda de ocupante de veículo;Com Vítimas Feridas;Plena Noite;Decrescente;Céu Claro;Dupla;Reta;Sim;1;0;1;0;0;0;1;1;-19,88051389;-44,05058295;SPRF-MG;DEL01-MG;UOP02-DEL01-MG
690401;10/05/2025;sábado;15:20:00;MT;163;774;SORRISO;Reação tardia ou ineficiente do condutor;Tombamento;Com Vítimas Feridas;Pleno dia;Decrescente;Céu Claro;Simples;"Reta;Declive";Não;1;0;1;0;0;0;1;1;-12,379462;-55,611623;SPRF-MT;DEL06-MT;UOP02-DEL06-MT
690402;10/05/2025;sábado;20:30:00;BA;116;11,7;VITORIA DA CONQUISTA;Acessar a via sem observar a presença dos outros veículos;Atropelamento de Pedestre;Com Vítimas Feridas;Plena Noite;Crescente;Nublado;Simples;Reta;Sim;2;0;0;1;0;1;1;2;-14,878255;-40,870998;SPRF-BA;DEL08-BA;UOP01-DEL08-BA
690406;10/05/2025;sábado;20:40:00;PE;424;87;GARANHUNS;Ingestão de álcool pelo condutor;Colisão frontal;Com Vítimas Feridas;Plena Noite;Crescente;Nublado;Simples;Reta;Não;3;0;0;2;1;0;2;2;-8,87608268;-36,5073967;SPRF-PE;DEL03-PE;UOP01-DEL03-PE
690408;10/05/2025;sábado;21:05:00;MG;116;118;ITAOBIM;Demais falhas na via;Queda de ocupante de veículo;Com Vítimas Feridas;Plena Noite;Crescente;Céu Claro;Simples;Declive;Não;2;0;1;0;0;1;1;2;-16,59608982;-41,49739266;SPRF-MG;DEL11-MG;UOP02-DEL11-MG
690409;10/05/2025;sábado;18:50:00;PB;101;77;SANTA RITA;Transitar na contramão;Colisão frontal;Sem Vítimas;Plena Noite;Decrescente;Céu Claro;Dupla;Reta;Não;2;0;0;0;1;1;0;2;-7,10166366;-34,96501565;SPRF-PB;DEL01-PB;UOP03-DEL01-PB
690410;10/05/2025;sábado;20:30:00;ES;262;102,5;VENDA NOVA DO IMIGRANTE;Ingestão de álcool pelo condutor;Colisão lateral sentido oposto;Sem Vítimas;Plena Noite;Crescente;Céu Claro;Simples;Reta;Sim;2;0;0;0;2;0;0;2;-20,3366019;-41,1203586;SPRF-ES;DEL01-ES;UOP02-DEL01-ES
690411;10/05/2025;sábado;20:00:00;RJ;40;90;RIO DE JANEIRO;Chuva;Colisão com objeto;Com Vítimas Feridas;Plena Noite;Decrescente;Chuva;Dupla;Reta;Não;2;0;2;0;0;0;2;1;-22,9179392;-43,220992;SPRF-RJ;DEL01-RJ;UOP01-DEL01-RJ
690412;10/05/2025;sábado;21:45:00;RS;116;248;SAO LEOPOLDO;Manobra de mudança de faixa;Colisão lateral mesmo sentido;Com Vítimas Feridas;Plena Noite;Decrescente;Céu Claro;Múltipla;Reta;Sim;3;0;1;0;1;1;1;3;-29,78047995;-51,15801638;SPRF-RS;DEL01-RS;UOP02-DEL01-RS
690413;10/05/2025;sábado;21:00:00;MG;116;595,2;MANHUACU;Ausência de reação do condutor;Tombamento;Com Vítimas Feridas;Plena Noite;Decrescente;Céu Claro;Simples;Reta;Não;2;0;1;0;1;0;1;1;-20,2562797;-42,1263797;SPRF-MG;DEL06-MG;UOP03-DEL06-MG
690414;10/05/2025;sábado;21:15:00;SP;153;60;SAO JOSE DO RIO PRETO;Velocidade Incompatível;Colisão traseira;Com Vítimas Feridas;Plena Noite;Decrescente;Céu Claro;Dupla;Reta;Não;3;0;1;0;2;0;1;2;-20,79708308;-49,35476428;SPRF-SP;DEL09-SP;UOP01-DEL09-SP
690416;10/05/2025;sábado;14:30:00;RN;226;210,8;FLORANIA;Velocidade Incompatível;Saída de leito carroçável;Com Vítimas Feridas;Pleno dia;Crescente;Chuva;Simples;Curva;Não;17;0;7;0;10;0;7;1;-6,189817;-36,78392;SPRF-RN;DEL03-RN;UOP02-DEL03-RN
690417;10/05/2025;sábado;19:25:00;SC;163;73,5;SAO MIGUEL DO OESTE;Ingestão de álcool pelo condutor;Saída de leito carroçável;Com Vítimas Feridas;Plena Noite;Decrescente;Céu Claro;Simples;"Reta;Aclive";Não;1;0;1;0;0;0;1;1;-26,7052813;-53,5134883;SPRF-SC;DEL07-SC;UOP03-DEL07-SC
690421;10/05/2025;sábado;18:00:00;RO;364;720;PORTO VELHO;Condutor deixou de manter distância do veículo da frente;Colisão lateral mesmo sentido;Com Vítimas Feridas;Anoitecer;Decrescente;Céu Claro;Dupla;"Reta;Retorno Regulamentado";Não;4;0;0;1;1;2;1;3;-8,81843804;-63,92251825;SPRF-RO;DEL01-RO;UOP01-DEL01-RO
690422;10/05/2025;sábado;21:30:00;MG;381;930,1;ITAPEVA;Velocidade Incompatível;Capotamento;Com Vítimas Feridas;Plena Noite;Crescente;Chuva;Dupla;Curva;Não;1;0;1;0;0;0;1;1;-22,7672064;-46,2159872;SPRF-MG;DEL16-MG;UOP03-DEL16-MG