id;data_inversa;dia_semana;horario;uf;br;km;municipio;causa_acidente;tipo_acidente;classificacao_acidente;fase_dia;sentido_via;condicao_metereologica;tipo_pista;tracado_via;uso_solo;pessoas;mortos;feridos_leves;feridos_graves;ilesos;ignorados;feridos;veiculos;latitude;longitude;regional;delegacia;uop
690423;10/05/2025;sábado;17:00:00;RO;364;391,2;OURO PRETO DO OESTE;Manobra de mudança de faixa;Saída de leito carroçável;Com Vítimas Fatais;Pleno dia;Decrescente;Sol;Simples;Reta;Não;1;1;0;0;0;0;0;1;-10,664062;-62,29301;SPRF-RO;DEL03-RO;UOP02-DEL03-RO
690425;10/05/2025;sábado;22:00:00;SC;282;41;AGUAS MORNAS;Transitar na contramão;Colisão frontal;Com Vítimas Feridas;Plena Noite;Decrescente;Nublado;Simples;Reta;Não;3;0;1;1;1;0;2;3;-27,716428;-48,87884;SPRF-SC;DEL01-SC;UOP03-DEL01-SC
690426;10/05/2025;sábado;21:00:00;SE;235;44,8;ITABAIANA;Ingestão de álcool pelo condutor;Colisão traseira;Com Vítimas Feridas;Plena Noite;Decrescente;Nublado;Simples;"Reta;Aclive";Não;4;0;3;0;1;0;3;2;-10,7487956;-37,3984956;SPRF-SE;DEL01-SE;UOP02-DEL01-SE
690427;10/05/2025;sábado;22:30:00;RS;468;89,9;BOM PROGRESSO;Ausência de reação do condutor;Colisão transversal;Com Vítimas Feridas;Plena Noite;Decrescente;Nublado;Simples;Reta;Não;2;0;1;0;1;0;1;2;-27,543648;-53,871519;SPRF-RS;DEL08-RS;UOP02-DEL08-RS
690428;10/05/2025;sábado;21:00:00;SP;116;219;GUARULHOS;Ausência de reação do condutor;Saída de leito carroçável;Com Vítimas Feridas;Plena Noite;Decrescente;Nublado;Múltipla;Reta;Sim;2;0;2;0;0;0;2;1;-23,46143954;-46,46258105;SPRF-SP;DEL01-SP;UOP01-DEL01-SP
690429;10/05/2025;sábado;18:30:00;MA;10;221;GOVERNADOR EDISON LOBAO;Deficiência do Sistema de Iluminação/Sinalização;Colisão lateral sentido oposto;Com Vítimas Feridas;Plena Noite;Decrescente;Céu Claro;Simples;Reta;Não;4;0;0;1;1;2;1;4;-5,78015;-47,35941;SPRF-MA;DEL04-MA;UOP01-DEL04-MA
690430;10/05/2025;sábado;21:34:00;SE;235;9;NOSSA SENHORA DO SOCORRO;Transitar no Acostamento;Queda de ocupante de veículo;Com Vítimas Feridas;Plena Noite;Crescente;Nublado;Simples;Reta;Não;1;0;1;0;0;0;1;1;-10,88302497;-37,14028895;SPRF-SE;DEL01-SE;UOP01-DEL01-SE
690431;10/05/2025;sábado;22:00:00;BA;101;264;SANTO ANTONIO DE JESUS;Ausência de reação do condutor;Colisão transversal;Com Vítimas Feridas;Plena Noite;Decrescente;Céu Claro;Simples;"Reta;Declive";Sim;2;0;0;1;0;1;1;2;-12,983711;-39,289846;SPRF-BA;DEL01-BA;UOP02-DEL01-BA
690432;10/05/2025;sábado;19:30:00;MG;116;754,5;LEOPOLDINA;Animais na Pista;Atropelamento de Animal;Com Vítimas Feridas;Plena Noite;Decrescente;Céu Claro;Simples;"Reta;Aclive";Não;2;0;1;0;1;0;1;2;-21,542673;-42,655891;SPRF-MG;DEL07-MG;UOP01-DEL07-MG
690434;10/05/2025;sábado;17:10:00;RO;429;20;PRESIDENTE MEDICI;Afundamento ou ondulação no pavimento;Capotamento;Com Vítimas Feridas;Anoitecer;Crescente;Céu Claro;Simples;Curva;Não;2;0;2;0;0;0;2;1;-11,205797;-62,115343;SPRF-RO;DEL02-RO;UOP03-DEL02-RO
690435;10/05/2025;sábado;23:00:00;RS;285;568,6;SAO LUIZ GONZAGA;Velocidade Incompatível;Capotamento;Com Vítimas Feridas;Plena Noite;Crescente;Céu Claro;Simples;"Interseção de Vias;Rotatória";Não;4;0;3;1;0;0;4;1;-28,418289;-54,963538;SPRF-RS;DEL12-RS;UOP01-DEL12-RS
690437;10/05/2025;sábado;21:15:00;PB;104;130;CAMPINA GRANDE;Ingestão de álcool pelo condutor;Saída de leito carroçável;Com Vítimas Feridas;Plena Noite;Decrescente;Céu Claro;Simples;"Reta;Em Obras";Sim;1;0;1;0;0;0;1;1;-7,28235462;-35,88924098;SPRF-PB;DEL02-PB;UOP01-DEL02-PB
690438;10/05/2025;sábado;22:00:00;PR;376;185,9;SARANDI;Acesso irregular;Colisão transversal;Com Vítimas Feridas;Plena Noite;Crescente;Céu Claro;Dupla;"Reta;Retorno Regulamentado";Sim;3;0;1;1;1;0;2;2;-23,45078319;-51,85525266;SPRF-PR;DEL09-PR;UOP01-DEL09-PR
690439;10/05/2025;sábado;22:20:00;RJ;101;385;RIO DE JANEIRO;Suicídio (presumido);Atropelamento de Pedestre;Com Vítimas Fatais;Plena Noite;Crescente;Chuva;Múltipla;Reta;Não;2;1;0;0;1;0;0;2;-22,87965466;-43,6239624;SPRF-RJ;DEL03-RJ;UOP01-DEL03-RJ
690440;10/05/2025;sábado;21:00:00;MG;381;573;ITAGUARA;Demais falhas mecânicas ou elétricas;Saída de leito carroçável;Com Vítimas Feridas;Plena Noite;Decrescente;Céu Claro;Dupla;Reta;Não;1;0;1;0;0;0;1;1;-20,43391;-44,554807;SPRF-MG;DEL04-MG;UOP01-DEL04-MG
690441;10/05/2025;sábado;22:45:00;PR;153;349;REBOUCAS;Acessar a via sem observar a presença dos outros veículos;Colisão transversal;Com Vítimas Feridas;Plena Noite;Decrescente;Nublado;Simples;Reta;Sim;5;0;1;0;3;1;1;2;-25,60978659;-50,70018467;SPRF-PR;DEL08-PR;UOP02-DEL08-PR
690442;10/05/2025;sábado;19:00:00;RJ;356;99,7;CARDOSO MOREIRA;Transitar na contramão;Colisão frontal;Com Vítimas Feridas;Plena Noite;Crescente;Céu Claro;Simples;Curva;Não;4;0;4;0;0;0;4;2;-21,530712;-41,5392;SPRF-RJ;DEL08-RJ;UOP03-DEL08-RJ
690443;10/05/2025;sábado;20:30:00;PA;316;64;CASTANHAL;Ausência de reação do condutor;Colisão traseira;Sem Vítimas;Plena Noite;Decrescente;Céu Claro;Dupla;Reta;Sim;4;0;0;0;4;0;0;2;-1,295848;-47,912014;SPRF-PA;DEL01-PA;UOP01-DEL01-PA
690444;10/05/2025;sábado;20:00:00;PB;230;480,1;MARIZOPOLIS;Reação tardia ou ineficiente do condutor;Tombamento;Com Vítimas Feridas;Plena Noite;Decrescente;Céu Claro;Simples;"Reta;Aclive";Não;1;0;0;1;0;0;1;1;-6,846567;-38,356301;SPRF-PB;DEL03-PB;UOP03-DEL03-PB
690445;10/05/2025;sábado;23:30:00;MG;116;505;UBAPORANGA;Ausência de reação do condutor;Colisão transversal;Com Vítimas Feridas;Plena Noite;Crescente;Ignorado;Simples;Reta;Não;2;0;1;0;0;1;1;2;-19,63985677;-42,10621476;SPRF-MG;DEL06-MG;UOP02-DEL06-MG
690446;10/05/2025;sábado;23:40:00;SP;116;184;SANTA ISABEL;Acumulo de água sobre o pavimento;Colisão com objeto;Com Vítimas Feridas;Plena Noite;Decrescente;Chuva;Dupla;"Reta;Declive";Não;4;0;2;0;2;0;2;1;-23,3521653;-46,18000031;SPRF-SP;DEL01-SP;UOP01-DEL01-SP
690447;10/05/2025;sábado;18:29:00;PA;163;562;TRAIRAO;Ausência de reação do condutor;Tombamento;Com Vítimas Feridas;Anoitecer;Crescente;Céu Claro;Simples;"Reta;Declive";Não;1;0;0;1;0;0;1;1;-5,09773675;-56,13686308;SPRF-PA;DEL05-PA;UOP03-DEL05-PA
690448;10/05/2025;sábado;23:45:00;PI;316;8;TERESINA;Transitar na contramão;Colisão frontal;Com Vítimas Feridas;Plena Noite;Crescente;Chuva;Dupla;Reta;Sim;3;0;2;1;0;0;3;2;-5,15474059;-42,77237088;SPRF-PI;DEL01-PI;UOP02-DEL01-PI
690449;10/05/2025;sábado;20:35:00;BA;242;743;CRISTOPOLIS;Manobra de mudança de faixa;Colisão frontal;Com Vítimas Fatais;Plena Noite;Decrescente;Céu Claro;Simples;Reta;Não;4;1;1;2;0;0;3;2;-12,232413;-44,36648;SPRF-BA;DEL10-BA;UOP01-DEL10-BA
690450;10/05/2025;sábado;20:00:00;MT;174;200;PORTO ESPERIDIAO;Deficiência do Sistema de Iluminação/Sinalização;Colisão traseira;Com Vítimas Feridas;Plena Noite;Decrescente;Céu Claro;Simples;Reta;Não;3;0;1;1;1;0;2;2;-15,69958253;-58,7112093;SPRF-MT;DEL03-MT;UOP01-DEL03-MT
690451;10/05/2025;sábado;21:15:00;PR;277;715;SANTA TEREZINHA DE ITAIPU;Transitar no Acostamento;Atropelamento de Pedestre;Com Vítimas Fatais;Plena Noite;Crescente;Céu Claro;Dupla;Reta;Sim;6;2;0;0;1;3;0;2;-25,46451818;-54,44813188;SPRF-PR;DEL05-PR;UOP01-DEL05-PR
690452;10/05/2025;sábado;23:00:00;PR;277;84;CURITIBA;Pedestre cruzava a pista fora da faixa;Atropelamento de Pedestre;Com Vítimas Fatais;Plena Noite;Decrescente;Céu Claro;Múltipla;"Reta;Declive";Sim;2;1;0;0;1;0;0;2;-25,44577083;-49,23193574;SPRF-PR;DEL01-PR;UOP03-DEL01-PR
690454;11/05/2025;domingo;01:30:00;RJ;101;313;SAO GONCALO;Transitar no Acostamento;Colisão com objeto;Sem Vítimas;Plena Noite;Decrescente;Céu Claro;Dupla;Reta;Não;1;0;0;0;1;0;0;1;-22,81268;-43,072777;SPRF-RJ;DEL02-RJ;UOP02-DEL02-RJ
690455;11/05/2025;domingo;00:05:00;MS;163;518;JARAGUARI;Avarias e/ou desgaste excessivo no pneu;Tombamento;Sem Vítimas;Pleno dia;Decrescente;Garoa/Chuvisco;Dupla;Reta;Não;2;0;0;0;2;0;0;1;-20,1367705;-54,44152325;SPRF-MS;DEL01-MS;UOP02-DEL01-MS
690456;11/05/2025;domingo;00:01:00;RS;101;12,7;DOM PEDRO DE ALCANTARA;Ausência de reação do condutor;Saída de leito carroçável;Sem Vítimas;Plena Noite;Crescente;Céu Claro;Dupla;Reta;Não;1;0;0;0;0;1;0;1;-29,39045;-49,841062;SPRF-RS;DEL03-RS;UOP02-DEL03-RS
690457;11/05/2025;domingo;01:10:00;SP;116;211;GUARULHOS;Ingestão de álcool pelo condutor;Colisão com objeto;Sem Vítimas;Plena Noite;Decrescente;Chuva;Múltipla;"Declive;Reta";Sim;1;0;0;0;1;0;0;1;-23,4191391;-46,38317227;SPRF-SP;DEL01-SP;UOP01-DEL01-SP
690458;11/05/2025;domingo;02:00:00;SP;116;78;ROSEIRA;Ausência de reação do condutor;Colisão traseira;Com Vítimas Feridas;Plena Noite;Decrescente;Chuva;Dupla;Reta;Sim;1;0;1;0;0;0;1;1;-22,89091005;-45,28968668;SPRF-SP;DEL08-SP;UOP01-DEL08-SP
690459;11/05/2025;domingo;02:30:00;SC;101;326,5;CAPIVARI DE BAIXO;Ingestão de álcool pelo condutor;Queda de ocupante de veículo;Com Vítimas Feridas;Plena Noite;Crescente;Céu Claro;Múltipla;Reta;Sim;3;0;1;1;0;1;2;2;-28,433349;-48,957189;SPRF-SC;DEL02-SC;UOP01-DEL02-SC
690460;11/05/2025;domingo;02:20:00;SC;101;157;PORTO BELO;Acessar a via sem observar a presença dos outros veículos;Colisão transversal;Com Vítimas Feridas;Plena Noite;Decrescente;Céu Claro;Dupla;Reta;Sim;3;0;2;0;1;0;2;2;-27,18998753;-48,61238686;SPRF-SC;DEL04-SC;UOP03-DEL04-SC
690461;11/05/2025;domingo;01:20:00;GO;153;432,3;ANAPOLIS;Ingestão de álcool pelo condutor;Colisão traseira;Com Vítimas Feridas;Plena Noite;Crescente;Céu Claro;Dupla;Reta;Sim;5;0;0;1;3;1;1;3;-16,27929;-48,962198;SPRF-GO;DEL02-GO;UOP01-DEL02-GO
690462;11/05/2025;domingo;02:00:00;RS;116;258;ESTEIO;Reação tardia ou ineficiente do condutor;Colisão com objeto;Sem Vítimas;Plena Noite;Decrescente;Céu Claro;Múltipla;"Retorno Regulamentado;Curva;Viaduto";Sim;1;0;0;0;0;1;0;1;-29,8576405;-51,1804341;SPRF-RS;DEL01-RS;UOP02-DEL01-RS
690464;11/05/2025;domingo;03:20:00;RS;386;43;SEBERI;Condutor Dormindo;Colisão frontal;Com Vítimas Feridas;Plena Noite;Decrescente;Ignorado;Simples;Reta;Não;4;0;1;1;2;0;2;2;-27,43208072;-53,42000315;SPRF-RS;DEL08-RS;UOP02-DEL08-RS
690466;11/05/2025;domingo;01:50:00;MT;163;832;SINOP;Condutor Dormindo;Queda de ocupante de veículo;Com Vítimas Feridas;Plena Noite;Crescente;Céu Claro;Simples;Reta;Sim;1;0;1;0;0;0;1;1;-11,88615392;-55,50167508;SPRF-MT;DEL06-MT;UOP02-DEL06-MT
690469;11/05/2025;domingo;03:30:00;ES;259;69;COLATINA;Reação tardia ou ineficiente do condutor;Atropelamento de Animal;Com Vítimas Feridas;Plena Noite;Crescente;Céu Claro;Simples;Curva;Não;2;0;2;0;0;0;2;1;-19,497428;-40,74968;SPRF-ES;DEL02-ES;UOP01-DEL02-ES
690470;11/05/2025;domingo;02:30:00;RO;364;425;JARU;Desrespeitar a preferência no cruzamento;Colisão transversal;Com Vítimas Feridas;Plena Noite;Decrescente;Nublado;Múltipla;"Reta;Interseção de Vias";Sim;3;0;2;0;0;1;2;2;-10,43598216;-62,47440783;SPRF-RO;DEL03-RO;UOP02-DEL03-RO
690471;11/05/2025;domingo;04:25:00;PR;153;36,3;SANTO ANTONIO DA PLATINA;Ingestão de álcool pelo condutor;Tombamento;Com Vítimas Feridas;Plena Noite;Crescente;Céu Claro;Simples;Reta;Não;2;0;2;0;0;0;2;1;-23,25884572;-50,05496085;SPRF-PR;DEL07-PR;UOP04-DEL07-PR
690472;11/05/2025;domingo;04:08:00;MS;163;291,9;DOURADINA;Animais na Pista;Atropelamento de Animal;Com Vítimas Fatais;Plena Noite;Decrescente;Céu Claro;Simples;Reta;Não;2;1;1;0;0;0;1;1;-22,052843;-54,553302;SPRF-MS;DEL04-MS;UOP01-DEL04-MS
690473;11/05/2025;domingo;03:40:00;PE;232;212;PESQUEIRA;Ingestão de álcool pelo condutor;Colisão frontal;Com Vítimas Feridas;Amanhecer;Crescente;Céu Claro;Dupla;Reta;Não;2;0;0;1;0;1;1;2;-8,3711326;-36,7110571;SPRF-PE;DEL03-PE;UOP02-DEL03-PE
690474;11/05/2025;domingo;04:30:00;PE;428;43,3;OROCO;Transitar na contramão;Colisão frontal;Com Vítimas Fatais;Plena Noite;Decrescente;Céu Claro;Simples;Reta;Não;4;1;0;1;2;0;1;2;-8,574158;-39,580013;SPRF-PE;DEL05-PE;UOP03-DEL05-PE
690475;11/05/2025;domingo;05:20:00;SC;101;199;SAO JOSE;Reação tardia ou ineficiente do condutor;Saída de leito carroçável;Com Vítimas Feridas;Plena Noite;Crescente;Céu Claro;Múltipla;Reta;Não;1;0;1;0;0;0;1;1;-27,537;-48,627;SPRF-SC;DEL01-SC;UOP01-DEL01-SC
690477;11/05/2025;domingo;04:30:00;SC;101;34;JOINVILLE;Ingestão de álcool pelo condutor;Colisão lateral mesmo sentido;Com Vítimas Feridas;Plena Noite;Decrescente;Céu Claro;Múltipla;Reta;Não;2;0;1;0;1;0;1;2;-26,26273569;-48,90177425;SPRF-SC;DEL03-SC;UOP01-DEL03-SC
690478;11/05/2025;domingo;04:40:00;PR;373;270;PRUDENTOPOLIS;Reação tardia ou ineficiente do condutor;Colisão frontal;Sem Vítimas;Plena Noite;Decrescente;Céu Claro;Simples;"Reta;Declive";Não;11;0;0;0;11;0;0;2;-25,23379;-51,03633;SPRF-PR;DEL08-PR;UOP01-DEL08-PR
690479;11/05/2025;domingo;04:00:00;SP;116;324,5;JUQUITIBA;Ausência de reação do condutor;Saída de leito carroçável;Sem Vítimas;Plena Noite;Crescente;Chuva;Dupla;Reta;Não;1;0;0;0;1;0;0;1;-23,94019405;-47,05874173;SPRF-SP;DEL04-SP;UOP03-DEL04-SP
690480;11/05/2025;domingo;04:05:00;SC;282;3;FLORIANOPOLIS;Reação tardia ou ineficiente do condutor;Colisão com objeto;Com Vítimas Fatais;Plena Noite;Decrescente;Nublado;Dupla;"Reta;Viaduto";Sim;3;1;0;1;0;1;1;2;-27,601;-48,599;SPRF-SC;DEL01-SC;UOP01-DEL01-SC
690481;10/05/2025;sábado;22:50:00;SE;101;153;ESTANCIA;Demais falhas mecânicas ou elétricas;Incêndio;Sem Vítimas;Pleno dia;Decrescente;Chuva;Simples;"Reta;Ponte";Não;1;0;0;0;1;0;0;1;-11,28279391;-37,45033264;SPRF-SE;DEL02-SE;UOP01-DEL02-SE
690482;11/05/2025;domingo;05:30:00;PI;343;341,9;TERESINA;Transitar no Acostamento;Atropelamento de Pedestre;Com Vítimas Feridas;Pleno dia;Decrescente;Céu Claro;Múltipla;"Reta;Interseção de Vias";Sim;2;0;0;1;0;1;1;2;-5,07763349;-42,74662826;SPRF-PI;DEL01-PI;UOP01-DEL01-PI
690485;10/05/2025;sábado;17:30:00;GO;60;261;INDIARA;Reação tardia ou ineficiente do condutor;Saída de leito carroçável;Sem Vítimas;Pleno dia;Crescente;Céu Claro;Dupla;Reta;Não;1;0;0;0;0;1;0;1;-17,179144;-50,06373;SPRF-GO;DEL01-GO;UOP02-DEL01-GO
690486;10/05/2025;sábado;23:30:00;ES;262;175;IBATIBA;Ausência de reação do condutor;Saída de leito carroçável;Com Vítimas Feridas;Plena Noite;Decrescente;Nublado;Simples;"Aclive;Curva";Não;1;0;1;0;0;0;1;1;-20,280795;-41,6499193;SPRF-ES;DEL01-ES;UOP02-DEL01-ES
690487;11/05/2025;domingo;05:55:00;DF;60;8;BRASILIA;Ausência de reação do condutor;Saída de leito carroçável;Com Vítimas Feridas;Amanhecer;Decrescente;Céu Claro;Dupla;"Reta;Aclive";Não;1;0;1;0;0;0;1;1;-15,906252;-48,139305;SPRF-DF;DEL03-DF;UOP01-DEL03-DF
690488;11/05/2025;domingo;06:20:00;SP;381;40;ATIBAIA;Animais na Pista;Colisão com objeto;Com Vítimas Feridas;Amanhecer;Crescente;Nublado;Dupla;"Reta;Declive";Sim;1;0;1;0;0;0;1;1;-23,13040965;-46,57679055;SPRF-SP;DEL03-SP;UOP01-DEL03-SP
690489;11/05/2025;domingo;04:00:00;SC;116;261,1;CAPAO ALTO;Transitar na contramão;Colisão frontal;Sem Vítimas;Plena Noite;Decrescente;Céu Claro;Simples;Curva;Não;2;0;0;0;1;1;0;2;-27,910364;-50,44693;SPRF-SC;DEL05-SC;UOP02-DEL05-SC
690490;10/05/2025;sábado;23:45:00;PR;116;116;CURITIBA;Reação tardia ou ineficiente do condutor;Capotamento;Sem Vítimas;Plena Noite;Crescente;Nublado;Múltipla;Reta;Sim;1;0;0;0;0;1;0;1;-25,558193;-49,306557;SPRF-PR;DEL01-PR;UOP03-DEL01-PR
690492;10/05/2025;sábado;23:19:00;MG;116;412,9;GOVERNADOR VALADARES;Área urbana sem a presença de local apropriado para a travessia de pedestres;Atropelamento de Pedestre;Com Vítimas Feridas;Pleno dia;Decrescente;Céu Claro;Simples;Reta;Sim;2;0;0;1;1;0;1;2;-18,88190721;-41,95776828;SPRF-MG;DEL06-MG;UOP01-DEL06-MG
690493;11/05/2025;domingo;07:00:00;RS;116;244;SAO LEOPOLDO;Ingestão de álcool pelo condutor;Colisão com objeto;Sem Vítimas;Amanhecer;Crescente;Céu Claro;Múltipla;Reta;Sim;2;0;0;0;2;0;0;1;-29,73663815;-51,15006924;SPRF-RS;DEL01-RS;UOP02-DEL01-RS
690494;11/05/2025;domingo;06:11:00;ES;101;66,9;SAO MATEUS;Condutor desrespeitou a iluminação vermelha do semáforo;Colisão frontal;Com Vítimas Feridas;Amanhecer;Crescente;Nublado;Simples;Reta;Sim;2;0;1;0;0;1;1;2;-18,7229;-39,86241;SPRF-ES;DEL04-ES;UOP02-DEL04-ES
690497;11/05/2025;domingo;07:15:00;RS;386;345;LAJEADO;Ausência de reação do condutor;Saída de leito carroçável;Com Vítimas Feridas;Pleno dia;Crescente;Céu Claro;Simples;"Em Obras;Reta;Viaduto";Sim;1;0;0;1;0;0;1;1;-29,44084109;-51,9888155;SPRF-RS;DEL04-RS;UOP01-DEL04-RS
690498;11/05/2025;domingo;06:50:00;RJ;101;422;MANGARATIBA;Velocidade Incompatível;Colisão frontal;Com Vítimas Fatais;Amanhecer;Decrescente;Chuva;Simples;Curva;Não;2;1;0;0;1;0;0;2;-22,92395974;-43,95732578;SPRF-RJ;DEL03-RJ;UOP02-DEL03-RJ
690499;11/05/2025;domingo;07:40:00;MG;381;501,5;BETIM;Condutor Dormindo;Colisão com objeto;Com Vítimas Feridas;Amanhecer;Crescente;Céu Claro;Dupla;"Declive;Reta";Sim;1;0;1;0;0;0;1;1;-20,01282789;-44,22065584;SPRF-MG;DEL01-MG;UOP03-DEL01-MG
690500;11/05/2025;domingo;06:40:00;ES;101;288;CARIACICA;Ausência de reação do condutor;Colisão com objeto;Sem Vítimas;Amanhecer;Decrescente;Céu Claro;Dupla;Reta;Sim;1;0;0;0;1;0;0;1;-20,26962672;-40,38980265;SPRF-ES;DEL01-ES;UOP01-DEL01-ES
690501;10/05/2025;sábado;23:20:00;PR;163;101;CAPANEMA;Acessar a via sem observar a presença dos outros veículos;Colisão transversal;Com Vítimas Feridas;Plena Noite;Crescente;Céu Claro;Simples;Reta;Não;6;0;2;0;4;0;2;2;-25,60336325;-53,7513721;SPRF-PR;DEL02-PR;UOP02-DEL02-PR
690502;11/05/2025;domingo;07:00:00;SP;116;136;SAO JOSE DOS CAMPOS;Velocidade Incompatível;Colisão com objeto;Sem Vítimas;Pleno dia;Crescente;Nublado;Dupla;"Retorno Regulamentado;Aclive;Curva";Não;2;0;0;0;2;0;0;1;-23,14949263;-45,78068373;SPRF-SP;DEL02-SP;UOP01-DEL02-SP
690503;11/05/2025;domingo;08:10:00;SP;116;158;SAO JOSE DOS CAMPOS;Avarias e/ou desgaste excessivo no pneu;Queda de ocupante de veículo;Com Vítimas Feridas;Pleno dia;Decrescente;Céu Claro;Múltipla;Reta;Não;2;0;1;0;1;0;1;1;-23,24945323;-45,93363191;SPRF-SP;DEL02-SP;UOP01-DEL02-SP
690504;11/05/2025;domingo;05:11:00;RJ;393;232;VASSOURAS;Transitar na contramão;Colisão frontal;Com Vítimas Feridas;Plena Noite;Crescente;Nublado;Simples;Reta;Sim;3;0;1;1;1;0;2;2;-22,390553;-43,64989;SPRF-RJ;DEL05-RJ;UOP03-DEL05-RJ
690505;11/05/2025;domingo;08:00:00;SP;116;109,5;SAO JOSE DOS CAMPOS;Avarias e/ou desgaste excessivo no pneu;Tombamento;Com Vítimas Feridas;Pleno dia;Crescente;Nublado;Dupla;Reta;Não;2;0;2;0;0;0;2;1;-23,1572739;-45,79554605;SPRF-SP;DEL02-SP;UOP02-DEL02-SP
690506;10/05/2025;sábado;22:00:00;MS;60;520;NIOAQUE;Condutor Dormindo;Saída de leito carroçável;Com Vítimas Feridas;Plena Noite;Crescente;Céu Claro;Simples;"Em Obras;Reta";Não;1;0;1;0;0;0;1;1;-21,13798683;-55,70034027;SPRF-MS;DEL05-MS;UOP01-DEL05-MS
690507;11/05/2025;domingo;08:33:00;TO;242;374;GURUPI;Ingestão de álcool pelo condutor;Capotamento;Com Vítimas Feridas;Pleno dia;Decrescente;Céu Claro;Simples;Curva;Não;1;0;1;0;0;0;1;1;-11,738985;-49,011858;SPRF-TO;DEL01-TO;UOP02-DEL01-TO
690509;11/05/2025;domingo;06:40:00;SC;101;238,2;PALHOCA;Ingestão de álcool pelo condutor;Saída de leito carroçável;Sem Vítimas;Pleno dia;Crescente;Céu Claro;Dupla;Reta;Sim;1;0;0;0;1;0;0;1;-27,83732097;-48,63216162;SPRF-SC;DEL01-SC;UOP02-DEL01-SC
690510;11/05/2025;domingo;06:40:00;MS;463;108;PONTA PORA;Reação tardia ou ineficiente do condutor;Colisão com objeto;Com Vítimas Fatais;Pleno dia;Crescente;Céu Claro;Dupla;Reta;Não;1;1;0;0;0;0;0;1;-22,59922161;-55,6616246;SPRF-MS;DEL04-MS;UOP03-DEL04-MS
690511;11/05/2025;domingo;06:30:00;SC;101;331,1;TUBARAO;Ausência de reação do condutor;Saída de leito carroçável;Sem Vítimas;Amanhecer;Decrescente;Céu Claro;Múltipla;Reta;Não;1;0;0;0;0;1;0;1;-28,4627487;-48,9915586;SPRF-SC;DEL02-SC;UOP01-DEL02-SC
690513;11/05/2025;domingo;04:30:00;RJ;116;186;NOVA IGUACU;Demais falhas mecânicas ou elétricas;Saída de leito carroçável;Sem Vítimas;Plena Noite;Decrescente;Chuva;Dupla;Reta;Não;1;0;0;0;0;1;0;1;-22,73989419;-43,46109867;SPRF-RJ;DEL06-RJ;UOP01-DEL06-RJ
690514;11/05/2025;domingo;00:30:00;MS;262;328;CAMPO GRANDE;Ausência de reação do condutor;Colisão traseira;Com Vítimas Feridas;Plena Noite;Decrescente;Nublado;Dupla;Reta;Sim;2;0;0;1;1;0;1;2;-20,464702;-54,552033;SPRF-MS;DEL01-MS;UOP01-DEL01-MS
690516;11/05/2025;domingo;08:20:00;GO;60;57;ANAPOLIS;Velocidade Incompatível;Saída de leito carroçável;Com Vítimas Feridas;Pleno dia;Crescente;Céu Claro;Dupla;Curva;Não;1;0;0;1;0;0;1;1;-16,3335637;-48,9229365;SPRF-GO;DEL02-GO;UOP01-DEL02-GO
690517;11/05/2025;domingo;06:50:00;RJ;116;313;RESENDE;Chuva;Colisão lateral mesmo sentido;Com Vítimas Feridas;Amanhecer;Decrescente;Chuva;Dupla;Reta;Não;3;0;1;0;2;0;1;2;-22,46150273;-44,47576895;SPRF-RJ;DEL07-RJ;UOP02-DEL07-RJ
690518;11/05/2025;domingo;08:45:00;MG;40;628,7;CONSELHEIRO LAFAIETE;Transitar na contramão;Colisão frontal;Com Vítimas Feridas;Pleno dia;Decrescente;Céu Claro;Simples;Curva;Não;5;0;4;0;1;0;4;2;-20,6545869;-43,8083952;SPRF-MG;DEL05-MG;UOP02-DEL05-MG
690519;11/05/2025;domingo;06:50:00;SC;101;216,9;PALHOCA;Ingestão de álcool pelo condutor;Saída de leito carroçável;Sem Vítimas;Pleno dia;Crescente;Céu Claro;Simples;Reta;Sim;1;0;0;0;0;1;0;1;-27,666997;-48,674537;SPRF-SC;DEL01-SC;UOP02-DEL01-SC
690520;11/05/2025;domingo;07:00:00;SC;101;217,6;PALHOCA;Ausência de reação do condutor;Colisão traseira;Com Vítimas Feridas;Pleno dia;Decrescente;Céu Claro;Múltipla;Reta;Sim;2;0;1;1;0;0;2;2;-27,67329;-48,671447;SPRF-SC;DEL01-SC;UOP02-DEL01-SC
690525;11/05/2025;domingo;09:00:00;GO;60;215,5;VARJAO;Ausência de reação do condutor;Colisão traseira;Com Vítimas Feridas;Pleno dia;Decrescente;Céu Claro;Dupla;Reta;Não;5;0;1;0;4;0;1;2;-16,96260981;-49,723026;SPRF-GO;DEL01-GO;UOP02-DEL01-GO
690526;11/05/2025;domingo;08:10:00;RO;364;709;PORTO VELHO;Ausência de reação do condutor;Saída de leito carroçável;Com Vítimas Feridas;Pleno dia;Crescente;Céu Claro;Dupla;Reta;Sim;1;0;1;0;0;0;1;1;-8,783732;-63,8613271;SPRF-RO;DEL01-RO;UOP01-DEL01-RO
690527;11/05/2025;domingo;09:50:00;SC;280;11,1;SAO FRANCISCO DO SUL;Demais falhas na via;Colisão com objeto;Sem Vítimas;Pleno dia;Crescente;Céu Claro;Simples;Ponte;Não;1;0;0;0;1;0;0;1;-26,305358;-48,641355;SPRF-SC;DEL03-SC;UOP03-DEL03-SC