id;data_inversa;dia_semana;horario;uf;br;km;municipio;causa_acidente;tipo_acidente;classificacao_acidente;fase_dia;sentido_via;condicao_metereologica;tipo_pista;tracado_via;uso_solo;pessoas;mortos;feridos_leves;feridos_graves;ilesos;ignorados;feridos;veiculos;latitude;longitude;regional;delegacia;uop
690528;11/05/2025;domingo;09:50:00;RS;116;156,9;CAXIAS DO SUL;Transitar na contramão;Colisão frontal;Com Vítimas Feridas;Pleno dia;Crescente;Céu Claro;Simples;Curva;Sim;5;0;3;0;1;1;3;2;-29,21009205;-51,17755501;SPRF-RS;DEL05-RS;UOP01-DEL05-RS
690529;11/05/2025;domingo;09:41:00;PE;232;411;SERRA TALHADA;Transitar na contramão;Colisão frontal;Com Vítimas Feridas;Pleno dia;Crescente;Sol;Simples;Reta;Sim;5;0;0;2;3;0;2;3;-7,97978;-38,311107;SPRF-PE;DEL04-PE;UOP01-DEL04-PE
690530;11/05/2025;domingo;09:15:00;RS;101;2;TORRES;Demais falhas mecânicas ou elétricas;Incêndio;Sem Vítimas;Pleno dia;Crescente;Céu Claro;Dupla;"Reta;Interseção de Vias;Ponte";Não;1;0;0;0;1;0;0;1;-29,31961232;-49,77440405;SPRF-RS;DEL03-RS;UOP02-DEL03-RS
690531;11/05/2025;domingo;10:00:00;SC;470;71;INDAIAL;Ultrapassagem Indevida;Colisão lateral mesmo sentido;Com Vítimas Feridas;Pleno dia;Crescente;Céu Claro;Múltipla;Reta;Sim;3;0;1;0;1;1;1;3;-26,89718491;-49,2646664;SPRF-SC;DEL04-SC;UOP01-DEL04-SC
690532;11/05/2025;domingo;10:30:00;PR;116;126;FAZENDA RIO GRANDE;Velocidade Incompatível;Colisão traseira;Com Vítimas Feridas;Pleno dia;Crescente;Céu Claro;Dupla;Reta;Não;4;0;0;2;2;0;2;3;-25,64;-49,313;SPRF-PR;DEL01-PR;UOP03-DEL01-PR
690536;11/05/2025;domingo;09:55:00;PR;116;70;QUATRO BARRAS;Manobra de mudança de faixa;Colisão lateral mesmo sentido;Com Vítimas Feridas;Pleno dia;Decrescente;Nublado;Dupla;Reta;Não;3;0;2;0;1;0;2;2;-25,341438;-49,04064;SPRF-PR;DEL01-PR;UOP02-DEL01-PR
690537;11/05/2025;domingo;10:50:00;PR;277;40,5;MORRETES;Reação tardia ou ineficiente do condutor;Tombamento;Com Vítimas Feridas;Pleno dia;Decrescente;Céu Claro;Dupla;"Curva;Aclive";Não;2;0;0;1;0;1;1;2;-25,57076939;-48,83835912;SPRF-PR;DEL01-PR;UOP05-DEL01-PR
690538;11/05/2025;domingo;10:41:00;PI;343;306,3;ALTOS;Mal súbito do condutor;Saída de leito carroçável;Com Vítimas Feridas;Pleno dia;Crescente;Céu Claro;Simples;Reta;Sim;2;0;1;1;0;0;2;2;-5,03909;-42,45397;SPRF-PI;DEL01-PI;UOP01-DEL01-PI
690539;11/05/2025;domingo;09:20:00;PR;476;253;ANTONIO OLINTO;Velocidade Incompatível;Saída de leito carroçável;Com Vítimas Feridas;Pleno dia;Crescente;Céu Claro;Simples;Curva;Não;1;0;1;0;0;0;1;1;-25,88579372;-50,18229926;SPRF-PR;DEL02-PR;UOP03-DEL02-PR
690542;11/05/2025;domingo;11:25:00;PR;116;41;CAMPINA GRANDE DO SUL;Reação tardia ou ineficiente do condutor;Saída de leito carroçável;Com Vítimas Feridas;Pleno dia;Crescente;Céu Claro;Dupla;Curva;Não;2;0;1;0;1;0;1;1;-25,169371;-48,8670682;SPRF-PR;DEL01-PR;UOP02-DEL01-PR
690544;11/05/2025;domingo;10:20:00;MT;174;282;PONTES E LACERDA;Ultrapassagem Indevida;Capotamento;Com Vítimas Feridas;Pleno dia;Crescente;Céu Claro;Simples;Reta;Não;1;0;0;1;0;0;1;1;-15,29844259;-59,26601887;SPRF-MT;DEL04-MT;UOP01-DEL04-MT
690545;11/05/2025;domingo;09:10:00;RJ;116;99;TERESOPOLIS;Reação tardia ou ineficiente do condutor;Colisão frontal;Com Vítimas Feridas;Pleno dia;Decrescente;Chuva;Simples;"Curva;Declive";Não;3;0;1;1;1;0;2;2;-22,48432683;-42,99555302;SPRF-RJ;DEL04-RJ;UOP01-DEL04-RJ
690547;11/05/2025;domingo;11:50:00;PR;376;179;MARINGA;Condutor deixou de manter distância do veículo da frente;Colisão traseira;Com Vítimas Feridas;Pleno dia;Crescente;Céu Claro;Múltipla;Reta;Não;7;0;2;0;5;0;2;4;-23,41970919;-51,91182733;SPRF-PR;DEL09-PR;UOP01-DEL09-PR
690548;11/05/2025;domingo;11:25:00;RS;116;36,9;VACARIA;Acessar a via sem observar a presença dos outros veículos;Colisão transversal;Com Vítimas Feridas;Pleno dia;Crescente;Céu Claro;Simples;"Reta;Interseção de Vias";Sim;4;0;1;0;3;0;1;2;-28,4987064;-50,9176928;SPRF-RS;DEL05-RS;UOP03-DEL05-RS
690549;21/04/2025;segunda-feira;17:50:00;ES;101;394;RIO NOVO DO SUL;Condutor deixou de manter distância do veículo da frente;Engavetamento;Com Vítimas Feridas;Plena Noite;Decrescente;Céu Claro;Simples;"Reta;Declive";Não;8;0;1;0;7;0;1;5;-20,8656423;-40,9231379;SPRF-ES;DEL03-ES;UOP02-DEL03-ES
690550;11/05/2025;domingo;08:09:00;SP;381;72;SAO PAULO;Chuva;Colisão com objeto;Com Vítimas Feridas;Pleno dia;Crescente;Garoa/Chuvisco;Múltipla;"Curva;Declive";Não;1;0;1;0;0;0;1;1;-23,374422;-46,560383;SPRF-SP;DEL03-SP;UOP01-DEL03-SP
690553;11/05/2025;domingo;11:15:00;PE;423;105;CAETES;Reação tardia ou ineficiente do condutor;Saída de leito carroçável;Com Vítimas Feridas;Pleno dia;Crescente;Céu Claro;Simples;Reta;Não;1;0;1;0;0;0;1;1;-8,88390366;-36,58129089;SPRF-PE;DEL03-PE;UOP01-DEL03-PE
690554;11/05/2025;domingo;12:20:00;PR;376;140;NOVA ESPERANCA;Reação tardia ou ineficiente do condutor;Saída de leito carroçável;Com Vítimas Feridas;Pleno dia;Decrescente;Céu Claro;Dupla;Reta;Não;1;0;1;0;0;0;1;1;-23,22949;-52,17605;SPRF-PR;DEL09-PR;UOP02-DEL09-PR
690555;11/05/2025;domingo;12:00:00;PR;116;119;CURITIBA;Reação tardia ou ineficiente do condutor;Colisão traseira;Sem Vítimas;Pleno dia;Crescente;Céu Claro;Dupla;Reta;Sim;3;0;0;0;3;0;0;2;-25,581567;-49,313383;SPRF-PR;DEL01-PR;UOP03-DEL01-PR
690557;11/05/2025;domingo;10:30:00;GO;70;475;ARAGARCAS;Manobra de mudança de faixa;Colisão transversal;Com Vítimas Feridas;Pleno dia;Crescente;Céu Claro;Dupla;Reta;Sim;2;0;1;0;0;1;1;2;-15,89577659;-52,25227386;SPRF-GO;DEL04-GO;UOP02-DEL04-GO
690558;11/05/2025;domingo;11:33:00;MG;381;874;ESTIVA;Reação tardia ou ineficiente do condutor;Saída de leito carroçável;Com Vítimas Feridas;Pleno dia;Decrescente;Chuva;Dupla;Curva;Não;5;0;4;1;0;0;5;1;-22,41904;-45,96468;SPRF-MG;DEL16-MG;UOP01-DEL16-MG
690559;11/05/2025;domingo;11:30:00;GO;70;182,7;ITABERAI;Acesso irregular;Colisão transversal;Com Vítimas Feridas;Pleno dia;Crescente;Céu Claro;Simples;Reta;Não;3;0;3;0;0;0;3;2;-15,99290984;-49,73053828;SPRF-GO;DEL02-GO;UOP02-DEL02-GO
690560;11/05/2025;domingo;11:20:00;SP;381;79;SAO PAULO;Chuva;Tombamento;Com Vítimas Feridas;Pleno dia;Crescente;Chuva;Múltipla;"Curva;Declive";Sim;2;0;1;0;1;0;1;1;-23,40344;-46,58077;SPRF-SP;DEL03-SP;UOP01-DEL03-SP
690561;11/05/2025;domingo;12:30:00;GO;364;184;JATAI;Avarias e/ou desgaste excessivo no pneu;Queda de ocupante de veículo;Com Vítimas Feridas;Pleno dia;Decrescente;Céu Claro;Simples;"Reta;Aclive";Não;2;0;2;0;0;0;2;1;-17,94846068;-51,64915457;SPRF-GO;DEL05-GO;UOP01-DEL05-GO
690563;11/05/2025;domingo;13:28:00;SP;116;228;SAO PAULO;Conversão proibida;Colisão lateral mesmo sentido;Com Vítimas Feridas;Pleno dia;Crescente;Nublado;Múltipla;"Reta;Declive";Não;6;0;2;2;2;0;4;2;-23,50508135;-46,56892631;SPRF-SP;DEL01-SP;UOP01-DEL01-SP
690564;11/05/2025;domingo;07:00:00;RJ;101;334;RIO DE JANEIRO;Objeto estático sobre o leito carroçável;Colisão com objeto;Com Vítimas Feridas;Pleno dia;Decrescente;Chuva;Dupla;Reta;Sim;1;0;1;0;0;0;1;1;-22,87718605;-43,20939507;SPRF-RJ;DEL02-RJ;UOP01-DEL02-RJ
690565;11/05/2025;domingo;13:10:00;MG;50;203;DELTA;Avarias e/ou desgaste excessivo no pneu;Saída de leito carroçável;Com Vítimas Feridas;Pleno dia;Crescente;Céu Claro;Dupla;Reta;Não;5;0;1;4;0;0;5;1;-19,9675165;-47,7780925;SPRF-MG;DEL13-MG;UOP01-DEL13-MG
690567;11/05/2025;domingo;13:45:00;MG;365;623,7;UBERLANDIA;Desrespeitar a preferência no cruzamento;Colisão lateral mesmo sentido;Com Vítimas Feridas;Pleno dia;Decrescente;Céu Claro;Simples;"Reta;Interseção de Vias;Declive";Sim;2;0;0;1;1;0;1;2;-18,90486549;-48,29360247;SPRF-MG;DEL15-MG;UOP01-DEL15-MG
690568;11/05/2025;domingo;13:08:00;BA;324;619;SALVADOR;Demais falhas mecânicas ou elétricas;Incêndio;Sem Vítimas;Pleno dia;Crescente;Nublado;Dupla;Reta;Não;1;0;0;0;1;0;0;1;-12,9065543;-38,4538081;SPRF-BA;DEL01-BA;UOP01-DEL01-BA
690569;11/05/2025;domingo;13:45:00;SE;101;24;MURIBECA;Acumulo de água sobre o pavimento;Saída de leito carroçável;Com Vítimas Feridas;Pleno dia;Crescente;Chuva;Dupla;Reta;Não;1;0;1;0;0;0;1;1;-10,40494;-36,918885;SPRF-SE;DEL02-SE;UOP02-DEL02-SE
690571;11/05/2025;domingo;12:50:00;MG;40;502,9;ESMERALDAS;Manobra de mudança de faixa;Colisão lateral mesmo sentido;Com Vítimas Feridas;Pleno dia;Crescente;Céu Claro;Dupla;"Reta;Declive";Não;2;0;1;0;1;0;1;2;-19,719676;-44,156862;SPRF-MG;DEL02-MG;UOP01-DEL02-MG
690572;11/05/2025;domingo;12:00:00;GO;153;579,7;PROFESSOR JAMIL;Demais falhas na via;Queda de ocupante de veículo;Com Vítimas Feridas;Pleno dia;Decrescente;Céu Claro;Dupla;Reta;Não;1;0;1;0;0;0;1;1;-17,372545;-49,241657;SPRF-GO;DEL03-GO;UOP01-DEL03-GO
690573;11/05/2025;domingo;14:40:00;SC;101;192;BIGUACU;Reação tardia ou ineficiente do condutor;Colisão com objeto;Com Vítimas Feridas;Pleno dia;Crescente;Céu Claro;Dupla;Curva;Sim;2;0;1;1;0;0;2;1;-27,48713893;-48,65062444;SPRF-SC;DEL01-SC;UOP01-DEL01-SC
690574;11/05/2025;domingo;13:25:00;PR;369;149;LONDRINA;Ausência de reação do condutor;Colisão com objeto;Com Vítimas Feridas;Pleno dia;Decrescente;Céu Claro;Dupla;Reta;Não;1;0;1;0;0;0;1;1;-23,29300738;-51,15415541;SPRF-PR;DEL07-PR;UOP01-DEL07-PR
690575;11/05/2025;domingo;14:40:00;CE;116;7;FORTALEZA;Acessar a via sem observar a presença dos outros veículos;Colisão lateral mesmo sentido;Com Vítimas Feridas;Pleno dia;Crescente;Céu Claro;Múltipla;Reta;Sim;2;0;1;0;1;0;1;2;-3,81312498;-38,50112557;SPRF-CE;DEL01-CE;UOP02-DEL01-CE
690576;24/03/2025;segunda-feira;07:30:00;SC;101;213,3;PALHOCA;Reação tardia ou ineficiente do condutor;Colisão traseira;Com Vítimas Feridas;Pleno dia;Decrescente;Céu Claro;Múltipla;Reta;Sim;2;0;0;1;1;0;1;2;-27,63697369;-48,66514142;SPRF-SC;DEL01-SC;UOP02-DEL01-SC
690577;11/05/2025;domingo;12:10:00;BA;407;24;JUAZEIRO;Condutor deixou de manter distância do veículo da frente;Colisão traseira;Com Vítimas Feridas;Pleno dia;Decrescente;Céu Claro;Simples;Reta;Não;6;0;4;1;1;0;5;2;-9,6015983;-40,4167359;SPRF-BA;DEL04-BA;UOP01-DEL04-BA
690579;11/05/2025;domingo;14:30:00;PR;376;8;MANDAGUARI;Velocidade Incompatível;Saída de leito carroçável;Com Vítimas Feridas;Pleno dia;Decrescente;Céu Claro;Simples;Curva;Não;1;0;1;0;0;0;1;1;-23,549846;-51,666824;SPRF-PR;DEL09-PR;UOP01-DEL09-PR
690580;11/05/2025;domingo;14:30:00;MG;40;799,1;JUIZ DE FORA;Reação tardia ou ineficiente do condutor;Saída de leito carroçável;Com Vítimas Feridas;Pleno dia;Crescente;Nublado;Dupla;Viaduto;Não;2;0;2;0;0;0;2;1;-21,82087377;-43,3767261;SPRF-MG;DEL05-MG;UOP01-DEL05-MG
690581;11/05/2025;domingo;14:55:00;RS;290;217;PANTANO GRANDE;Reação tardia ou ineficiente do condutor;Colisão traseira;Com Vítimas Feridas;Pleno dia;Decrescente;Sol;Dupla;Reta;Sim;2;0;1;0;1;0;1;2;-30,19428741;-52,39198565;SPRF-RS;DEL02-RS;UOP03-DEL02-RS
690582;11/05/2025;domingo;13:20:00;RJ;101;483;ANGRA DOS REIS;Avarias e/ou desgaste excessivo no pneu;Colisão frontal;Com Vítimas Feridas;Pleno dia;Decrescente;Chuva;Simples;"Curva;Declive";Sim;6;0;4;0;2;0;4;2;-22,98991351;-44,24200154;SPRF-RJ;DEL03-RJ;UOP03-DEL03-RJ
690583;11/05/2025;domingo;15:30:00;SC;101;119,7;ITAJAI;Velocidade Incompatível;Engavetamento;Com Vítimas Feridas;Pleno dia;Crescente;Céu Claro;Dupla;Reta;Não;5;0;2;0;2;1;2;4;-26,94548789;-48,68955973;SPRF-SC;DEL04-SC;UOP04-DEL04-SC
690584;11/05/2025;domingo;15:20:00;GO;50;149;CAMPO ALEGRE DE GOIAS;Ingestão de álcool pelo condutor;Saída de leito carroçável;Com Vítimas Feridas;Pleno dia;Decrescente;Céu Claro;Dupla;Curva;Não;1;0;1;0;0;0;1;1;-17,1806983;-47,72868097;SPRF-GO;DEL06-GO;UOP01-DEL06-GO
690585;11/05/2025;domingo;11:50:00;MG;381;500,5;BETIM;Ausência de reação do condutor;Colisão traseira;Com Vítimas Feridas;Pleno dia;Decrescente;Céu Claro;Dupla;"Aclive;Reta";Sim;3;0;3;0;0;0;3;2;-20,00668955;-44,21494357;SPRF-MG;DEL01-MG;UOP03-DEL01-MG
690586;11/05/2025;domingo;15:00:00;SC;470;50;BLUMENAU;Ingestão de álcool pelo condutor;Saída de leito carroçável;Sem Vítimas;Pleno dia;Crescente;Céu Claro;Dupla;"Curva;Viaduto";Não;1;0;0;0;0;1;0;1;-26,86077732;-49,08048598;SPRF-SC;DEL04-SC;UOP01-DEL04-SC
690587;11/05/2025;domingo;16:00:00;SC;470;57;BLUMENAU;Desrespeitar a preferência no cruzamento;Colisão transversal;Com Vítimas Feridas;Pleno dia;Crescente;Céu Claro;Simples;Interseção de Vias;Sim;2;0;1;0;1;0;1;2;-26,88268548;-49,14157614;SPRF-SC;DEL04-SC;UOP01-DEL04-SC
690588;11/05/2025;domingo;15:15:00;MG;116;763,9;LEOPOLDINA;Pista Escorregadia;Saída de leito carroçável;Com Vítimas Feridas;Pleno dia;Decrescente;Chuva;Simples;"Curva;Declive";Não;2;0;2;0;0;0;2;1;-21,519377;-42,644864;SPRF-MG;DEL07-MG;UOP01-DEL07-MG
690589;11/05/2025;domingo;15:53:00;TO;153;136;ARAGUAINA;Velocidade Incompatível;Queda de ocupante de veículo;Com Vítimas Feridas;Pleno dia;Decrescente;Céu Claro;Dupla;Reta;Sim;1;0;1;0;0;0;1;1;-7,13584607;-48,20193;SPRF-TO;DEL02-TO;UOP01-DEL02-TO
690590;11/05/2025;domingo;13:30:00;MS;163;150;NAVIRAI;Ingestão de álcool pelo condutor;Queda de ocupante de veículo;Com Vítimas Feridas;Pleno dia;Crescente;Céu Claro;Simples;Curva;Não;1;0;1;0;0;0;1;1;-22,963428;-54,4280033;SPRF-MS;DEL09-MS;UOP01-DEL09-MS
690591;12/04/2025;sábado;15:50:00;PR;163;353;GUAIRA;Condutor deixou de manter distância do veículo da frente;Colisão traseira;Com Vítimas Feridas;Pleno dia;Decrescente;Chuva;Simples;Reta;Não;5;0;2;0;2;1;2;2;-24,05900449;-54,25872803;SPRF-PR;DEL06-PR;UOP01-DEL06-PR
690592;11/05/2025;domingo;14:50:00;AL;104;34,3;UNIAO DOS PALMARES;Ingestão de álcool pelo condutor;Colisão frontal;Com Vítimas Feridas;Pleno dia;Crescente;Céu Claro;Simples;Curva;Sim;4;0;1;0;2;1;1;2;-9,15633;-36,013285;SPRF-AL;DEL01-AL;UOP02-DEL01-AL
690593;11/05/2025;domingo;15:45:00;MG;365;626;UBERLANDIA;Demais falhas mecânicas ou elétricas;Incêndio;Sem Vítimas;Pleno dia;Decrescente;Céu Claro;Dupla;Reta;Não;1;0;0;0;0;1;0;1;-18,90619699;-48,32828453;SPRF-MG;DEL15-MG;UOP01-DEL15-MG
690595;11/05/2025;domingo;16:10:00;SP;116;127;CACAPAVA;Demais falhas mecânicas ou elétricas;Incêndio;Sem Vítimas;Pleno dia;Decrescente;Céu Claro;Dupla;Reta;Sim;1;0;0;0;1;0;0;1;-23,11189524;-45,70594978;SPRF-SP;DEL02-SP;UOP02-DEL02-SP
690597;11/05/2025;domingo;16:30:00;SC;470;100;APIUNA;Acessar a via sem observar a presença dos outros veículos;Colisão transversal;Com Vítimas Feridas;Pleno dia;Decrescente;Céu Claro;Simples;Reta;Não;2;0;1;0;1;0;1;2;-27,06185503;-49,39371083;SPRF-SC;DEL04-SC;UOP02-DEL04-SC
690598;11/05/2025;domingo;17:00:00;PB;230;27,8;JOAO PESSOA;Condutor deixou de manter distância do veículo da frente;Colisão traseira;Com Vítimas Feridas;Anoitecer;Decrescente;Céu Claro;Dupla;Curva;Não;2;0;0;1;0;1;1;2;-7,169683;-34,8946124;SPRF-PB;DEL01-PB;UOP01-DEL01-PB
690599;11/05/2025;domingo;17:00:00;SC;101;199;SAO JOSE;Trafegar com motocicleta (ou similar) entre as faixas;Colisão traseira;Com Vítimas Feridas;Anoitecer;Crescente;Céu Claro;Dupla;Reta;Sim;5;0;4;0;0;1;4;3;-27,53974187;-48,62341627;SPRF-SC;DEL01-SC;UOP01-DEL01-SC
690600;11/05/2025;domingo;16:50:00;PR;487;178;CAMPO MOURAO;Conversão proibida;Colisão traseira;Sem Vítimas;Pleno dia;Crescente;Céu Claro;Simples;"Reta;Declive";Não;2;0;0;0;2;0;0;2;-24,100864;-52,4288;SPRF-PR;DEL09-PR;UOP03-DEL09-PR
690601;11/05/2025;domingo;16:40:00;RS;290;308,7;CACHOEIRA DO SUL;Ingestão de álcool pelo condutor;Saída de leito carroçável;Sem Vítimas;Pleno dia;Crescente;Céu Claro;Simples;Curva;Não;1;0;0;0;1;0;0;1;-30,33224066;-53,29421153;SPRF-RS;DEL09-RS;UOP02-DEL09-RS
690602;11/05/2025;domingo;17:00:00;GO;153;530;HIDROLANDIA;Ausência de reação do condutor;Colisão traseira;Com Vítimas Feridas;Pleno dia;Decrescente;Céu Claro;Dupla;Reta;Sim;2;0;1;0;1;0;1;2;-16,94891737;-49,24914479;SPRF-GO;DEL01-GO;UOP03-DEL01-GO
690603;11/05/2025;domingo;16:50:00;BA;367;29,3;PORTO SEGURO;Acessar a via sem observar a presença dos outros veículos;Colisão transversal;Com Vítimas Feridas;Anoitecer;Crescente;Céu Claro;Simples;Rotatória;Não;4;0;2;0;2;0;2;2;-16,415503;-39,118998;SPRF-BA;DEL09-BA;UOP03-DEL09-BA
690604;11/05/2025;domingo;17:30:00;RJ;40;97;PETROPOLIS;Pista Escorregadia;Saída de leito carroçável;Com Vítimas Feridas;Anoitecer;Decrescente;Chuva;Simples;Curva;Não;1;0;1;0;0;0;1;1;-22,528467;-43,2228202;SPRF-RJ;DEL01-RJ;UOP01-DEL01-RJ
690605;11/05/2025;domingo;17:50:00;SP;116;204,5;ARUJA;Ingestão de álcool pelo condutor;Engavetamento;Sem Vítimas;Anoitecer;Crescente;Nublado;Dupla;"Reta;Declive";Não;3;0;0;0;3;0;0;3;-23,413433;-46,362998;SPRF-SP;DEL01-SP;UOP01-DEL01-SP
690607;11/05/2025;domingo;16:00:00;MG;40;508,5;RIBEIRAO DAS NEVES;Reação tardia ou ineficiente do condutor;Colisão traseira;Com Vítimas Feridas;Pleno dia;Crescente;Céu Claro;Dupla;Curva;Não;2;0;1;0;1;0;1;2;-19,76185708;-44,1324234;SPRF-MG;DEL02-MG;UOP01-DEL02-MG
690608;11/05/2025;domingo;18:15:00;PB;101;30,3;RIO TINTO;Demais falhas mecânicas ou elétricas;Eventos atípicos;Com Vítimas Feridas;Plena Noite;Crescente;Céu Claro;Dupla;Reta;Não;9;0;2;0;7;0;2;5;-6,75143;-35,13402;SPRF-PB;DEL01-PB;UOP03-DEL01-PB
690609;11/05/2025;domingo;18:00:00;RN;101;124;SAO JOSE DE MIPIBU;Pedestre cruzava a pista fora da faixa;Atropelamento de Pedestre;Com Vítimas Feridas;Plena Noite;Crescente;Ignorado;Dupla;Reta;Sim;2;0;0;1;1;0;1;2;-6,07202712;-35,23578197;SPRF-RN;DEL01-RN;UOP01-DEL01-RN
690610;11/05/2025;domingo;17:50:00;RS;287;253;SANTA MARIA;Acessar a via sem observar a presença dos outros veículos;Colisão transversal;Com Vítimas Feridas;Anoitecer;Crescente;Céu Claro;Dupla;Interseção de Vias;Não;2;0;1;0;1;0;1;2;-29,68890091;-53,89524579;SPRF-RS;DEL09-RS;UOP01-DEL09-RS
690611;11/05/2025;domingo;18:05:00;SC;101;147,9;ITAPEMA;Trafegar com motocicleta (ou similar) entre as faixas;Colisão lateral mesmo sentido;Com Vítimas Feridas;Plena Noite;Decrescente;Céu Claro;Dupla;Reta;Sim;2;0;1;0;1;0;1;2;-27,09848;-48,61867;SPRF-SC;DEL04-SC;UOP03-DEL04-SC
690612;11/05/2025;domingo;17:59:00;PE;408;81,8;SAO LOURENCO DA MATA;Acessar a via sem observar a presença dos outros veículos;Colisão transversal;Com Vítimas Feridas;Anoitecer;Crescente;Céu Claro;Dupla;Reta;Não;2;0;1;1;0;0;2;2;-7,98522;-35,07808;SPRF-PE;DEL01-PE;UOP01-DEL01-PE
690614;11/05/2025;domingo;17:20:00;RR;174;488;BOA VISTA;Reação tardia ou ineficiente do condutor;Colisão lateral mesmo sentido;Com Vítimas Feridas;Anoitecer;Crescente;Céu Claro;Simples;Reta;Não;2;0;1;0;0;1;1;2;2,73205736;-60,78245809;SPRF-RR;DEL01-RR;UOP01-DEL01-RR
690615;11/05/2025;domingo;16:40:00;MG;381;737,6;TRES CORACOES;Ausência de reação do condutor;Saída de leito carroçável;Com Vítimas Feridas;Pleno dia;Crescente;Chuva;Dupla;"Curva;Declive";Não;4;0;3;0;1;0;3;1;-21,58127465;-45,23999253;SPRF-MG;DEL16-MG;UOP02-DEL16-MG
690616;11/05/2025;domingo;18:15:00;SC;101;145;ITAPEMA;Manobra de mudança de faixa;Colisão lateral mesmo sentido;Com Vítimas Feridas;Plena Noite;Decrescente;Céu Claro;Dupla;Curva;Sim;3;0;2;0;1;0;2;2;-27,08473486;-48,60589516;SPRF-SC;DEL04-SC;UOP03-DEL04-SC
690617;11/05/2025;domingo;18:20:00;PR;277;78;CURITIBA;Reação tardia ou ineficiente do condutor;Capotamento;Com Vítimas Feridas;Anoitecer;Decrescente;Chuva;Dupla;Reta;Sim;2;0;1;0;1;0;1;1;-25,478048;-49,203359;SPRF-PR;DEL01-PR;UOP07-DEL01-PR
690618;11/05/2025;domingo;17:28:00;RS;290;80;GRAVATAI;Reação tardia ou ineficiente do condutor;Colisão com objeto;Com Vítimas Fatais;Plena Noite;Crescente;Céu Claro;Múltipla;Reta;Não;2;2;0;0;0;0;0;1;-29,9542954;-51,0517381;SPRF-RS;DEL01-RS;UOP01-DEL01-RS
690619;11/05/2025;domingo;17:00:00;MS;262;87,2;TRES LAGOAS;Avarias e/ou desgaste excessivo no pneu;Colisão frontal;Com Vítimas Fatais;Anoitecer;Crescente;Garoa/Chuvisco;Simples;"Reta;Aclive";Não;6;2;0;2;2;0;2;2;-20,613792;-52,386653;SPRF-MS;DEL07-MS;UOP02-DEL07-MS
690620;11/05/2025;domingo;17:45:00;SC;101;216,3;PALHOCA;Manobra de mudança de faixa;Colisão lateral mesmo sentido;Com Vítimas Feridas;Anoitecer;Crescente;Céu Claro;Múltipla;Reta;Sim;2;0;1;0;1;0;1;2;-27,66244;-48,67653;SPRF-SC;DEL01-SC;UOP02-DEL01-SC
690622;11/05/2025;domingo;18:15:00;PE;101;40,4;IGARASSU;Entrada inopinada do pedestre;Atropelamento de Pedestre;Com Vítimas Feridas;Plena Noite;Crescente;Céu Claro;Dupla;Reta;Sim;2;0;1;0;1;0;1;2;-7,825773;-34,915473;SPRF-PE;DEL01-PE;UOP02-DEL01-PE
690623;11/05/2025;domingo;18:22:00;MG;40;545,4;NOVA LIMA;Carga excessiva e/ou mal acondicionada;Colisão traseira;Com Vítimas Feridas;Plena Noite;Crescente;Céu Claro;Dupla;"Reta;Viaduto";Não;2;0;1;0;1;0;1;2;-20,01264942;-43,96792889;SPRF-MG;DEL01-MG;UOP02-DEL01-MG
690624;11/05/2025;domingo;16:00:00;RJ;101;501;ANGRA DOS REIS;Reação tardia ou ineficiente do condutor;Colisão lateral mesmo sentido;Com Vítimas Feridas;Pleno dia;Crescente;Céu Claro;Simples;Reta;Não;3;0;2;0;1;0;2;2;-22,9250619;-44,3681345;SPRF-RJ;DEL03-RJ;UOP03-DEL03-RJ
690625;11/05/2025;domingo;17:15:00;MS;163;5,9;DOURADOS;Demais falhas mecânicas ou elétricas;Incêndio;Sem Vítimas;Anoitecer;Decrescente;Céu Claro;Simples;Reta;Não;1;0;0;0;1;0;0;1;-22,234541;-54,7439497;SPRF-MS;DEL09-MS;UOP02-DEL09-MS
690626;11/05/2025;domingo;18:15:00;GO;40;14;LUZIANIA;Acessar a via sem observar a presença dos outros veículos;Colisão transversal;Com Vítimas Feridas;Plena Noite;Decrescente;Ignorado;Dupla;Reta;Sim;2;0;1;1;0;0;2;2;-16,15136854;-47,94158936;SPRF-DF;DEL01-DF;UOP01-DEL01-DF
690628;11/05/2025;domingo;15:00:00;MT;163;1032;PEIXOTO DE AZEVEDO;Ausência de reação do condutor;Colisão frontal;Com Vítimas Feridas;Pleno dia;Crescente;Céu Claro;Simples;Reta;Sim;2;0;0;1;1;0;1;2;-10,23048558;-54,97734547;SPRF-MT;DEL06-MT;UOP03-DEL06-MT
690630;11/05/2025;domingo;18:30:00;SC;282;451;PONTE SERRADA;Ingestão de álcool pelo condutor;Capotamento;Com Vítimas Feridas;Anoitecer;Decrescente;Céu Claro;Simples;Reta;Não;7;0;1;1;1;4;2;2;-26,852072;-52,068142;SPRF-SC;DEL07-SC;UOP04-DEL07-SC
690631;11/05/2025;domingo;16:40:00;MT;70;0;PONTAL DO ARAGUAIA;Ultrapassagem Indevida;Colisão traseira;Com Vítimas Feridas;Pleno dia;Crescente;Céu Claro;Simples;"Reta;Ponte";Sim;2;0;1;0;1;0;1;2;-15,89558;-52,255792;SPRF-MT;DEL07-MT;UOP01-DEL07-MT
690634;11/05/2025;domingo;18:30:00;MG;381;492;BETIM;Ausência de reação do condutor;Engavetamento;Sem Vítimas;Plena Noite;Decrescente;Céu Claro;Dupla;Reta;Não;5;0;0;0;5;0;0;3;-19,95848956;-44,15103642;SPRF-MG;DEL01-MG;UOP03-DEL01-MG