id;data_inversa;dia_semana;horario;uf;br;km;municipio;causa_acidente;tipo_acidente;classificacao_acidente;fase_dia;sentido_via;condicao_metereologica;tipo_pista;tracado_via;uso_solo;pessoas;mortos;feridos_leves;feridos_graves;ilesos;ignorados;feridos;veiculos;latitude;longitude;regional;delegacia;uop
690747;12/05/2025;segunda-feira;07:20:00;PR;376;660,5;TIJUCAS DO SUL;Ausência de reação do condutor;Colisão com objeto;Com Vítimas Feridas;Pleno dia;Decrescente;Garoa/Chuvisco;Simples;"Curva;Declive";Não;3;0;3;0;0;0;3;1;-25,85256807;-48,99274204;SPRF-PR;DEL01-PR;UOP04-DEL01-PR
690748;12/05/2025;segunda-feira;05:45:00;RJ;40;123;DUQUE DE CAXIAS;Pedestre cruzava a pista fora da faixa;Atropelamento de Pedestre;Com Vítimas Feridas;Pleno dia;Decrescente;Nublado;Simples;Reta;Sim;2;0;0;2;0;0;2;2;-22,79478733;-43,28788781;SPRF-RJ;DEL01-RJ;UOP02-DEL01-RJ
690749;12/05/2025;segunda-feira;08:00:00;BA;324;579;SAO SEBASTIAO DO PASSE;Demais falhas na via;Queda de ocupante de veículo;Com Vítimas Feridas;Pleno dia;Crescente;Nublado;Dupla;Reta;Não;1;0;1;0;0;0;1;1;-12,59668492;-38,51687551;SPRF-BA;DEL01-BA;UOP01-DEL01-BA
690750;12/05/2025;segunda-feira;00:00:00;BA;324;397;NOVA FATIMA;Iluminação deficiente;Saída de leito carroçável;Com Vítimas Feridas;Plena Noite;Decrescente;Chuva;Simples;Reta;Não;4;0;4;0;0;0;4;1;-11,56748917;-39,67197418;SPRF-BA;DEL04-BA;UOP02-DEL04-BA
690751;12/05/2025;segunda-feira;08:15:00;RJ;116;173;SAO JOAO DE MERITI;Pedestre andava na pista;Atropelamento de Pedestre;Com Vítimas Feridas;Pleno dia;Decrescente;Nublado;Dupla;Reta;Não;2;0;1;0;1;0;1;2;-22,8006678;-43,3531827;SPRF-RJ;DEL06-RJ;UOP01-DEL06-RJ
690752;12/05/2025;segunda-feira;08:26:00;DF;20;1,9;BRASILIA;Manobra de mudança de faixa;Colisão lateral mesmo sentido;Com Vítimas Feridas;Pleno dia;Decrescente;Sol;Dupla;Reta;Sim;2;0;1;0;1;0;1;2;-15,682774;-47,841232;SPRF-DF;DEL02-DF;UOP01-DEL02-DF
690754;12/05/2025;segunda-feira;08:00:00;CE;116;10,1;FORTALEZA;Avarias e/ou desgaste excessivo no pneu;Tombamento;Com Vítimas Feridas;Pleno dia;Decrescente;Céu Claro;Múltipla;Reta;Não;2;0;2;0;0;0;2;1;-3,8362883;-38,5020467;SPRF-CE;DEL01-CE;UOP02-DEL01-CE
690757;12/05/2025;segunda-feira;08:00:00;PR;116;40;CAMPINA GRANDE DO SUL;Reação tardia ou ineficiente do condutor;Colisão com objeto;Com Vítimas Feridas;Pleno dia;Decrescente;Garoa/Chuvisco;Dupla;Reta;Não;1;0;1;0;0;0;1;1;-25,16672;-48,864272;SPRF-PR;DEL01-PR;UOP02-DEL01-PR
690760;12/05/2025;segunda-feira;06:00:00;PR;153;83;JAPIRA;Ausência de reação do condutor;Colisão traseira;Com Vítimas Feridas;Amanhecer;Crescente;Céu Claro;Simples;Reta;Não;2;0;1;0;1;0;1;2;-23,68778953;-50,171532;SPRF-PR;DEL07-PR;UOP04-DEL07-PR
690761;12/05/2025;segunda-feira;07:10:00;RJ;40;124;DUQUE DE CAXIAS;Reação tardia ou ineficiente do condutor;Colisão com objeto;Com Vítimas Feridas;Plena Noite;Decrescente;Nublado;Dupla;Reta;Não;1;0;1;0;0;0;1;1;-22,78218068;-43,28540033;SPRF-RJ;DEL01-RJ;UOP02-DEL01-RJ
690762;12/05/2025;segunda-feira;08:00:00;MG;459;68,5;SENADOR JOSE BENTO;Velocidade Incompatível;Saída de leito carroçável;Com Vítimas Feridas;Pleno dia;Crescente;Céu Claro;Simples;"Curva;Declive";Não;4;0;3;0;1;0;3;1;-22,1311641;-46,182189;SPRF-MG;DEL09-MG;UOP01-DEL09-MG
690763;12/05/2025;segunda-feira;07:15:00;RJ;101;482;ANGRA DOS REIS;Entrada inopinada do pedestre;Atropelamento de Pedestre;Com Vítimas Feridas;Pleno dia;Decrescente;Chuva;Dupla;"Curva;Interseção de Vias";Sim;2;0;0;1;1;0;1;2;-23,00456135;-44,29812717;SPRF-RJ;DEL03-RJ;UOP03-DEL03-RJ
690764;12/05/2025;segunda-feira;06:45:00;SC;282;412;CATANDUVAS;Condutor Dormindo;Saída de leito carroçável;Com Vítimas Feridas;Amanhecer;Decrescente;Céu Claro;Simples;"Curva;Aclive";Não;1;0;0;1;0;0;1;1;-27,059985;-51,679373;SPRF-SC;DEL07-SC;UOP05-DEL07-SC
690765;12/05/2025;segunda-feira;07:45:00;PA;10;352;SANTA MARIA DO PARA;Ausência de reação do condutor;Colisão traseira;Com Vítimas Feridas;Pleno dia;Crescente;Céu Claro;Simples;Reta;Sim;3;0;0;1;1;1;1;2;-1,36021;-47,572859;SPRF-PA;DEL01-PA;UOP02-DEL01-PA
690766;12/05/2025;segunda-feira;08:30:00;RS;158;562;SANTANA DO LIVRAMENTO;Desrespeitar a preferência no cruzamento;Colisão transversal;Com Vítimas Feridas;Pleno dia;Decrescente;Céu Claro;Simples;Interseção de Vias;Sim;2;0;0;1;1;0;1;2;-30,85163213;-55,48875942;SPRF-RS;DEL11-RS;UOP01-DEL11-RS
690767;12/05/2025;segunda-feira;08:00:00;MG;381;438;SABARA;Falta de elemento de contenção que evite a saída do leito carroçável;Saída de leito carroçável;Com Vítimas Feridas;Pleno dia;Decrescente;Céu Claro;Simples;Curva;Não;1;0;1;0;0;0;1;1;-19,7991885;-43,7607181;SPRF-MG;DEL01-MG;UOP01-DEL01-MG
690768;11/05/2025;domingo;21:30:00;MT;163;851;SINOP;Reação tardia ou ineficiente do condutor;Saída de leito carroçável;Sem Vítimas;Plena Noite;Crescente;Céu Claro;Simples;"Declive;Reta";Não;1;0;0;0;0;1;0;1;-11,79097357;-55,47697642;SPRF-MT;DEL06-MT;UOP02-DEL06-MT
690771;12/05/2025;segunda-feira;07:24:00;SC;280;58;GUARAMIRIM;Velocidade Incompatível;Colisão com objeto;Com Vítimas Feridas;Pleno dia;Decrescente;Nublado;Múltipla;"Reta;Interseção de Vias;Rotatória";Sim;1;0;1;0;0;0;1;1;-26,47434;-49,020489;SPRF-SC;DEL03-SC;UOP03-DEL03-SC
690772;12/05/2025;segunda-feira;09:20:00;RS;290;95;PORTO ALEGRE;Reação tardia ou ineficiente do condutor;Queda de ocupante de veículo;Com Vítimas Feridas;Pleno dia;Crescente;Céu Claro;Dupla;Reta;Não;1;0;1;0;0;0;1;1;-29,98228014;-51,20186723;SPRF-RS;DEL01-RS;UOP01-DEL01-RS
690773;12/05/2025;segunda-feira;07:45:00;SP;381;89;GUARULHOS;Manobra de mudança de faixa;Colisão lateral mesmo sentido;Com Vítimas Feridas;Pleno dia;Crescente;Céu Claro;Múltipla;Reta;Sim;2;0;1;0;1;0;1;2;-23,4852634;-46,5602518;SPRF-SP;DEL03-SP;UOP01-DEL03-SP
690776;12/05/2025;segunda-feira;06:00:00;PI;343;317,6;ALTOS;Ausência de reação do condutor;Saída de leito carroçável;Com Vítimas Feridas;Amanhecer;Decrescente;Nevoeiro/Neblina;Simples;Reta;Não;1;0;0;1;0;0;1;1;-5,04411293;-42,55097096;SPRF-PI;DEL01-PI;UOP01-DEL01-PI
690778;12/05/2025;segunda-feira;10:00:00;RJ;116;287;BARRA MANSA;Chuva;Colisão com objeto;Com Vítimas Feridas;Pleno dia;Crescente;Garoa/Chuvisco;Dupla;Curva;Não;1;0;1;0;0;0;1;1;-22,48312639;-44,25902065;SPRF-RJ;DEL07-RJ;UOP02-DEL07-RJ
690779;12/05/2025;segunda-feira;08:10:00;MG;116;540,4;SANTA RITA DE MINAS;Reação tardia ou ineficiente do condutor;Colisão transversal;Com Vítimas Feridas;Pleno dia;Crescente;Céu Claro;Simples;Curva;Não;2;0;1;0;1;0;1;2;-19,88962355;-42,13640534;SPRF-MG;DEL06-MG;UOP02-DEL06-MG
690780;12/05/2025;segunda-feira;09:50:00;SC;101;205;SAO JOSE;Reação tardia ou ineficiente do condutor;Queda de ocupante de veículo;Com Vítimas Feridas;Pleno dia;Crescente;Garoa/Chuvisco;Múltipla;"Reta;Declive";Sim;1;0;1;0;0;0;1;1;-27,57932165;-48,61404832;SPRF-SC;DEL01-SC;UOP01-DEL01-SC
690781;04/04/2025;sexta-feira;00:05:00;MT;70;503;CUIABA;Ausência de reação do condutor;Queda de ocupante de veículo;Com Vítimas Feridas;Plena Noite;Crescente;Céu Claro;Simples;Reta;Não;1;0;1;0;0;0;1;1;-15,67917671;-56,01476678;SPRF-MT;DEL01-MT;UOP02-DEL01-MT
690782;12/05/2025;segunda-feira;09:00:00;RS;468;9,7;PALMEIRA DAS MISSOES;Condutor deixou de manter distância do veículo da frente;Colisão traseira;Sem Vítimas;Pleno dia;Crescente;Céu Claro;Simples;Reta;Sim;11;0;0;0;11;0;0;2;-27,84746;-53,38135;SPRF-RS;DEL08-RS;UOP01-DEL08-RS
690786;12/05/2025;segunda-feira;09:20:00;SP;116;132;CACAPAVA;Reação tardia ou ineficiente do condutor;Colisão traseira;Com Vítimas Feridas;Pleno dia;Crescente;Sol;Dupla;Reta;Não;3;0;1;0;2;0;1;2;-23,12249133;-45,72700733;SPRF-SP;DEL02-SP;UOP02-DEL02-SP
690787;12/05/2025;segunda-feira;07:30:00;MG;262;425;SAO GONCALO DO PARA;Condutor Dormindo;Capotamento;Com Vítimas Feridas;Pleno dia;Decrescente;Céu Claro;Dupla;Reta;Não;1;0;1;0;0;0;1;1;-19,89087309;-44,83483136;SPRF-MG;DEL08-MG;UOP03-DEL08-MG
690789;12/05/2025;segunda-feira;10:30:00;CE;116;309;JAGUARIBE;Conversão proibida;Colisão transversal;Com Vítimas Feridas;Pleno dia;Crescente;Céu Claro;Simples;Reta;Sim;2;0;1;0;1;0;1;2;-5,90678889;-38,6245486;SPRF-CE;DEL05-CE;UOP02-DEL05-CE
690791;12/05/2025;segunda-feira;10:20:00;SE;101;102;SAO CRISTOVAO;Acumulo de água sobre o pavimento;Saída de leito carroçável;Com Vítimas Feridas;Pleno dia;Crescente;Chuva;Dupla;Reta;Não;1;0;1;0;0;0;1;1;-10,95024497;-37,21433965;SPRF-SE;DEL02-SE;UOP01-DEL02-SE
690792;12/05/2025;segunda-feira;07:43:00;RO;174;14;VILHENA;Semáforo com defeito;Colisão lateral sentido oposto;Com Vítimas Feridas;Pleno dia;Crescente;Céu Claro;Dupla;Interseção de Vias;Sim;2;0;1;0;1;0;1;2;-12,73356686;-60,13005137;SPRF-RO;DEL04-RO;UOP01-DEL04-RO
690793;12/05/2025;segunda-feira;10:40:00;PB;230;12;CABEDELO;Trafegar com motocicleta (ou similar) entre as faixas;Colisão lateral mesmo sentido;Com Vítimas Feridas;Pleno dia;Crescente;Céu Claro;Dupla;"Em Obras;Desvio Temporário;Reta";Sim;3;0;1;0;2;0;1;2;-7,077167;-34,849537;SPRF-PB;DEL01-PB;UOP01-DEL01-PB
690794;12/05/2025;segunda-feira;10:00:00;RJ;116;172;SAO JOAO DE MERITI;Condutor deixou de manter distância do veículo da frente;Engavetamento;Com Vítimas Feridas;Pleno dia;Decrescente;Céu Claro;Múltipla;Reta;Não;4;0;1;0;3;0;1;3;-22,80324401;-43,34866047;SPRF-RJ;DEL06-RJ;UOP01-DEL06-RJ
690795;12/05/2025;segunda-feira;07:40:00;RJ;101;318;SAO GONCALO;Trafegar com motocicleta (ou similar) entre as faixas;Colisão lateral mesmo sentido;Com Vítimas Feridas;Pleno dia;Crescente;Céu Claro;Dupla;"Retorno Regulamentado;Reta";Não;3;0;2;0;1;0;2;2;-22,8470208;-43,09910189;SPRF-RJ;DEL02-RJ;UOP02-DEL02-RJ
690796;12/05/2025;segunda-feira;07:43:00;AC;317;132;CAPIXABA;Reação tardia ou ineficiente do condutor;Colisão traseira;Sem Vítimas;Pleno dia;Decrescente;Céu Claro;Simples;Curva;Não;7;0;0;0;7;0;0;2;-10,483785;-67,674841;SPRF-AC;DEL01-AC;UOP01-DEL01-AC
690797;12/05/2025;segunda-feira;09:15:00;MT;70;508;CUIABA;Condutor deixou de manter distância do veículo da frente;Colisão traseira;Com Vítimas Feridas;Pleno dia;Crescente;Sol;Simples;Reta;Não;3;0;1;1;1;0;2;2;-15,6976126;-56,0858089;SPRF-MT;DEL01-MT;UOP02-DEL01-MT
690798;12/05/2025;segunda-feira;10:55:00;SP;153;61;SAO JOSE DO RIO PRETO;Acumulo de óleo sobre o pavimento;Tombamento;Com Vítimas Feridas;Pleno dia;Decrescente;Nublado;Dupla;"Aclive;Curva";Sim;1;0;1;0;0;0;1;1;-20,80177544;-49,35567892;SPRF-SP;DEL09-SP;UOP01-DEL09-SP
690799;12/05/2025;segunda-feira;09:17:00;RO;425;101;GUAJARA-MIRIM;Ausência de reação do condutor;Saída de leito carroçável;Com Vítimas Feridas;Pleno dia;Decrescente;Céu Claro;Simples;"Reta;Aclive";Sim;2;0;2;0;0;0;2;1;-10,7773952;-65,3426688;SPRF-RO;DEL01-RO;UOP03-DEL01-RO
690800;12/05/2025;segunda-feira;10:20:00;SC;101;66,1;ARAQUARI;Reação tardia ou ineficiente do condutor;Colisão com objeto;Com Vítimas Feridas;Pleno dia;Decrescente;Garoa/Chuvisco;Dupla;Reta;Não;2;0;1;1;0;0;2;1;-26,48101652;-48,73621557;SPRF-SC;DEL03-SC;UOP02-DEL03-SC
690801;12/05/2025;segunda-feira;10:40:00;PB;230;22;JOAO PESSOA;Acostamento em desnível;Tombamento;Com Vítimas Feridas;Pleno dia;Crescente;Céu Claro;Dupla;Reta;Sim;1;0;1;0;0;0;1;1;-7,15200367;-34,85394269;SPRF-PB;DEL01-PB;UOP01-DEL01-PB
690803;13/04/2025;domingo;04:00:00;MG;40;771,8;JUIZ DE FORA;Acessar a via sem observar a presença dos outros veículos;Colisão traseira;Com Vítimas Feridas;Plena Noite;Crescente;Nublado;Simples;Reta;Sim;3;0;0;1;2;0;1;2;-21,63607773;-43,43998432;SPRF-MG;DEL05-MG;UOP01-DEL05-MG
690804;12/05/2025;segunda-feira;11:00:00;PR;116;19;CURITIBA;Mal súbito do condutor;Colisão com objeto;Com Vítimas Feridas;Pleno dia;Crescente;Céu Claro;Dupla;Reta;Sim;1;0;1;0;0;0;1;1;-25,38862045;-49,20130491;SPRF-PR;DEL01-PR;UOP02-DEL01-PR
690805;12/05/2025;segunda-feira;11:00:00;PI;316;13,2;TERESINA;Manobra de mudança de faixa;Colisão transversal;Com Vítimas Feridas;Pleno dia;Crescente;Céu Claro;Dupla;"Retorno Regulamentado;Reta";Sim;2;0;1;0;1;0;1;2;-5,21215;-42,754698;SPRF-PI;DEL01-PI;UOP02-DEL01-PI
690807;12/05/2025;segunda-feira;11:27:00;DF;20;0;BRASILIA;Demais falhas mecânicas ou elétricas;Capotamento;Com Vítimas Feridas;Pleno dia;Crescente;Céu Claro;Múltipla;"Reta;Viaduto";Sim;1;0;1;0;0;0;1;1;-15,68824014;-47,85888791;SPRF-DF;DEL02-DF;UOP01-DEL02-DF
690810;12/05/2025;segunda-feira;11:31:00;MG;381;791,8;TRES CORACOES;Chuva;Capotamento;Com Vítimas Feridas;Pleno dia;Decrescente;Chuva;Dupla;Curva;Não;1;0;1;0;0;0;1;1;-21,6903781;-45,349565;SPRF-MG;DEL16-MG;UOP02-DEL16-MG
690812;12/05/2025;segunda-feira;12:05:00;GO;60;380;RIO VERDE;Manobra de mudança de faixa;Colisão lateral mesmo sentido;Com Vítimas Feridas;Pleno dia;Decrescente;Céu Claro;Múltipla;"Reta;Interseção de Vias;Declive";Sim;3;0;1;0;2;0;1;2;-17,783097;-50,89794;SPRF-GO;DEL04-GO;UOP02-DEL04-GO
690813;12/05/2025;segunda-feira;13:25:00;RS;116;268;CANOAS;Reação tardia ou ineficiente do condutor;Colisão traseira;Com Vítimas Feridas;Pleno dia;Decrescente;Céu Claro;Dupla;Reta;Não;2;0;1;0;1;0;1;2;-29,95017559;-51,17645144;SPRF-RS;DEL01-RS;UOP01-DEL01-RS
690815;12/05/2025;segunda-feira;10:50:00;MA;230;402,8;BALSAS;Ausência de reação do condutor;Engavetamento;Sem Vítimas;Pleno dia;Decrescente;Céu Claro;Simples;Reta;Sim;5;0;0;0;5;0;0;3;-7,517713;-46,035638;SPRF-MA;DEL05-MA;UOP01-DEL05-MA
690816;12/05/2025;segunda-feira;13:00:00;SC;470;88;ASCURRA;Acessar a via sem observar a presença dos outros veículos;Colisão lateral mesmo sentido;Com Vítimas Feridas;Pleno dia;Crescente;Nublado;Dupla;Rotatória;Sim;2;0;1;0;1;0;1;2;-26,95487157;-49,37306134;SPRF-SC;DEL04-SC;UOP01-DEL04-SC
690818;12/05/2025;segunda-feira;12:28:00;PA;230;130;MARABA;Conversão proibida;Colisão transversal;Com Vítimas Feridas;Pleno dia;Decrescente;Céu Claro;Simples;Aclive;Não;5;0;2;2;1;0;4;2;-5,369643;-49,191862;SPRF-PA;DEL03-PA;UOP01-DEL03-PA
690820;12/05/2025;segunda-feira;14:05:00;ES;262;79,9;DOMINGOS MARTINS;Acessar a via sem observar a presença dos outros veículos;Colisão lateral mesmo sentido;Sem Vítimas;Pleno dia;Crescente;Chuva;Simples;Curva;Não;2;0;0;0;2;0;0;2;-20,4089425;-40,9394675;SPRF-ES;DEL01-ES;UOP02-DEL01-ES
690821;12/05/2025;segunda-feira;13:54:00;PE;428;187;PETROLINA;Acessar a via sem observar a presença dos outros veículos;Colisão transversal;Com Vítimas Feridas;Pleno dia;Crescente;Céu Claro;Múltipla;Interseção de Vias;Sim;2;0;1;0;1;0;1;2;-9,364505;-40,483075;SPRF-PE;DEL06-PE;UOP01-DEL06-PE
690822;12/05/2025;segunda-feira;14:00:00;DF;20;5;BRASILIA;Ausência de reação do condutor;Colisão traseira;Com Vítimas Feridas;Pleno dia;Crescente;Céu Claro;Dupla;"Reta;Declive;Em Obras";Sim;4;0;2;0;2;0;2;2;-15,6736706;-47,8221968;SPRF-DF;DEL02-DF;UOP01-DEL02-DF
690824;12/05/2025;segunda-feira;13:30:00;ES;101;182,5;ARACRUZ;Condutor deixou de manter distância do veículo da frente;Colisão traseira;Com Vítimas Feridas;Pleno dia;Decrescente;Garoa/Chuvisco;Simples;"Reta;Declive";Não;2;0;1;0;1;0;1;2;-19,64349899;-40,2335415;SPRF-ES;DEL04-ES;UOP01-DEL04-ES
690825;12/05/2025;segunda-feira;10:53:00;BA;367;56;SANTA CRUZ CABRALIA;Condutor deixou de manter distância do veículo da frente;Colisão lateral mesmo sentido;Com Vítimas Feridas;Pleno dia;Decrescente;Céu Claro;Simples;"Reta;Em Obras";Não;3;0;2;0;1;0;2;2;-16,386895;-39,337199;SPRF-BA;DEL09-BA;UOP03-DEL09-BA
690828;12/05/2025;segunda-feira;14:30:00;RJ;101;323;NITEROI;Condutor deixou de manter distância do veículo da frente;Colisão traseira;Com Vítimas Feridas;Pleno dia;Decrescente;Nublado;Dupla;Reta;Sim;3;0;1;0;2;0;1;2;-22,87394072;-43,12458899;SPRF-RJ;DEL02-RJ;UOP01-DEL02-RJ
690829;12/05/2025;segunda-feira;13:37:00;RN;304;306;PARNAMIRIM;Ingestão de álcool pelo condutor;Colisão traseira;Com Vítimas Feridas;Pleno dia;Decrescente;Céu Claro;Dupla;Reta;Não;2;0;1;0;1;0;1;2;-5,89;-35,26;SPRF-RN;DEL01-RN;UOP02-DEL01-RN
690833;12/05/2025;segunda-feira;12:00:00;SC;101;88,8;BARRA VELHA;Pista Escorregadia;Queda de ocupante de veículo;Com Vítimas Feridas;Pleno dia;Decrescente;Chuva;Dupla;Reta;Não;1;0;0;1;0;0;1;1;-26,6103955;-48,7224243;SPRF-SC;DEL03-SC;UOP02-DEL03-SC
690834;12/05/2025;segunda-feira;10:45:00;SC;280;91,5;CORUPA;Chuva;Colisão com objeto;Com Vítimas Feridas;Pleno dia;Decrescente;Chuva;Simples;"Curva;Declive";Não;3;0;2;0;1;0;2;1;-26,39984;-49,29746;SPRF-SC;DEL06-SC;UOP03-DEL06-SC
690835;12/05/2025;segunda-feira;12:20:00;MG;116;527,4;CARATINGA;Reação tardia ou ineficiente do condutor;Colisão lateral mesmo sentido;Sem Vítimas;Pleno dia;Crescente;Nublado;Dupla;"Curva;Retorno Regulamentado";Sim;2;0;0;0;1;1;0;2;-19,7920808;-42,13745;SPRF-MG;DEL06-MG;UOP02-DEL06-MG
690836;12/05/2025;segunda-feira;15:00:00;MG;50;179;UBERABA;Demais falhas mecânicas ou elétricas;Incêndio;Sem Vítimas;Pleno dia;Decrescente;Céu Claro;Dupla;Reta;Não;1;0;0;0;1;0;0;1;-19,778095;-47,928973;SPRF-MG;DEL13-MG;UOP01-DEL13-MG
690837;12/05/2025;segunda-feira;14:30:00;PB;230;6,4;CABEDELO;Ausência de reação do condutor;Colisão traseira;Com Vítimas Feridas;Pleno dia;Crescente;Sol;Múltipla;Reta;Sim;2;0;0;1;1;0;1;2;-7,02461451;-34,83794689;SPRF-PB;DEL01-PB;UOP01-DEL01-PB
690839;12/05/2025;segunda-feira;14:20:00;RJ;101;529;ANGRA DOS REIS;Ausência de reação do condutor;Saída de leito carroçável;Com Vítimas Feridas;Pleno dia;Crescente;Céu Claro;Simples;Curva;Não;1;0;1;0;0;0;1;1;-23,02087334;-44,52372551;SPRF-RJ;DEL03-RJ;UOP03-DEL03-RJ
690841;12/05/2025;segunda-feira;14:46:00;SP;116;538;BARRA DO TURVO;Reação tardia ou ineficiente do condutor;Saída de leito carroçável;Com Vítimas Feridas;Pleno dia;Crescente;Garoa/Chuvisco;Dupla;Curva;Não;3;0;1;0;2;0;1;1;-24,9288312;-48,271583;SPRF-SP;DEL05-SP;UOP02-DEL05-SP
690846;12/05/2025;segunda-feira;11:50:00;MS;267;480,9;JARDIM;Acessar a via sem observar a presença dos outros veículos;Colisão transversal;Com Vítimas Feridas;Pleno dia;Decrescente;Céu Claro;Simples;"Declive;Interseção de Vias";Não;2;0;1;0;1;0;1;2;-21,47956778;-56,13932133;SPRF-MS;DEL05-MS;UOP01-DEL05-MS
690848;13/04/2025;domingo;20:09:00;PE;424;17;PEDRA;Acesso irregular;Colisão frontal;Com Vítimas Feridas;Plena Noite;Decrescente;Céu Claro;Simples;Reta;Sim;4;0;2;2;0;0;4;2;-8,496847;-36,939143;SPRF-PE;DEL04-PE;UOP02-DEL04-PE
690849;12/05/2025;segunda-feira;15:00:00;RO;319;64;PORTO VELHO;Condutor deixou de manter distância do veículo da frente;Colisão traseira;Com Vítimas Feridas;Pleno dia;Decrescente;Céu Claro;Dupla;"Reta;Interseção de Vias";Sim;3;0;2;0;1;0;2;2;-8,76606694;-63,88432539;SPRF-RO;DEL01-RO;UOP01-DEL01-RO
690853;12/05/2025;segunda-feira;15:50:00;PR;277;586,4;CASCAVEL;Desrespeitar a preferência no cruzamento;Colisão transversal;Com Vítimas Feridas;Pleno dia;Crescente;Sol;Simples;"Interseção de Vias;Reta";Sim;2;0;1;0;1;0;1;2;-24,96660436;-53,42420446;SPRF-PR;DEL04-PR;UOP01-DEL04-PR
690858;12/05/2025;segunda-feira;15:50:00;RJ;40;105;DUQUE DE CAXIAS;Entrada inopinada do pedestre;Queda de ocupante de veículo;Com Vítimas Feridas;Pleno dia;Crescente;Nublado;Simples;Reta;Sim;1;0;1;0;0;0;1;1;-22,6423729;-43,28407288;SPRF-RJ;DEL01-RJ;UOP02-DEL01-RJ
690860;12/05/2025;segunda-feira;16:55:00;SP;0;0;GUARULHOS;Sinalização mal posicionada;Colisão com objeto;Sem Vítimas;Pleno dia;Não Informado;Nublado;Dupla;"Interseção de Vias;Curva;Aclive";Sim;2;0;0;0;2;0;0;1;-23,42489181;-46,48443317;SPRF-SP;DEL01-SP;UOP01-DEL01-SP
690862;12/05/2025;segunda-feira;16:55:00;SP;0;0;GUARULHOS;Sinalização mal posicionada;Colisão com objeto;Sem Vítimas;Pleno dia;Não Informado;Nublado;Dupla;"Curva;Interseção de Vias;Aclive";Sim;2;0;0;0;2;0;0;1;-23,42313996;-46,48478553;SPRF-SP;DEL01-SP;UOP01-DEL01-SP
690863;12/05/2025;segunda-feira;16:45:00;PE;232;8,3;RECIFE;Reação tardia ou ineficiente do condutor;Colisão traseira;Com Vítimas Feridas;Pleno dia;Crescente;Nublado;Múltipla;Reta;Não;2;0;1;0;1;0;1;2;-8,076607;-34,973038;SPRF-PE;DEL01-PE;UOP01-DEL01-PE
690864;12/05/2025;segunda-feira;14:45:00;GO;153;643;MORRINHOS;Condutor Dormindo;Capotamento;Com Vítimas Feridas;Pleno dia;Crescente;Céu Claro;Dupla;Reta;Não;1;0;1;0;0;0;1;1;-17,8479366;-49,2196392;SPRF-GO;DEL03-GO;UOP01-DEL03-GO
690865;12/05/2025;segunda-feira;17:00:00;BA;367;33;PORTO SEGURO;Frear bruscamente;Queda de ocupante de veículo;Com Vítimas Feridas;Anoitecer;Decrescente;Céu Claro;Simples;Reta;Sim;2;0;1;0;1;0;1;1;-16,416757;-39,1562;SPRF-BA;DEL09-BA;UOP03-DEL09-BA
690866;12/05/2025;segunda-feira;17:00:00;SP;116;389;MIRACATU;Animais na Pista;Atropelamento de Animal;Com Vítimas Feridas;Anoitecer;Decrescente;Céu Claro;Dupla;Reta;Não;1;0;1;0;0;0;1;1;-24,27390071;-47,40885778;SPRF-SP;DEL04-SP;UOP02-DEL04-SP
690868;12/05/2025;segunda-feira;17:30:00;RJ;101;552;PARATY;Condutor deixou de manter distância do veículo da frente;Colisão traseira;Com Vítimas Feridas;Pleno dia;Decrescente;Nublado;Simples;Reta;Não;4;0;2;0;2;0;2;3;-23,04928352;-44,67248468;SPRF-RJ;DEL03-RJ;UOP04-DEL03-RJ
690869;12/05/2025;segunda-feira;08:30:00;MG;262;664,8;IBIA;Ausência de reação do condutor;Colisão lateral sentido oposto;Com Vítimas Feridas;Pleno dia;Crescente;Céu Claro;Simples;Reta;Não;2;0;2;0;0;0;2;2;-19,549761;-46,79386139;SPRF-MG;DEL08-MG;UOP01-DEL08-MG
690870;12/05/2025;segunda-feira;14:00:00;SC;101;282;IMBITUBA;Desrespeitar a preferência no cruzamento;Colisão transversal;Sem Vítimas;Pleno dia;Decrescente;Céu Claro;Múltipla;Rotatória;Sim;2;0;0;0;2;0;0;2;-28,21509644;-48,69947433;SPRF-SC;DEL02-SC;UOP03-DEL02-SC
690871;12/05/2025;segunda-feira;17:50:00;GO;414;436;ANAPOLIS;Acessar a via sem observar a presença dos outros veículos;Colisão transversal;Com Vítimas Feridas;Plena Noite;Decrescente;Céu Claro;Simples;"Reta;Interseção de Vias";Sim;2;0;2;0;0;0;2;2;-16,25356572;-48,93576119;SPRF-GO;DEL02-GO;UOP01-DEL02-GO
690872;12/05/2025;segunda-feira;18:00:00;PB;230;503;CAJAZEIRAS;Animais na Pista;Queda de ocupante de veículo;Com Vítimas Feridas;Plena Noite;Decrescente;Céu Claro;Simples;Reta;Sim;1;0;0;1;0;0;1;1;-6,89236632;-38,54677588;SPRF-PB;DEL03-PB;UOP03-DEL03-PB
690873;12/05/2025;segunda-feira;17:40:00;RN;304;46,4;MOSSORO;Manobra de mudança de faixa;Colisão lateral mesmo sentido;Com Vítimas Feridas;Anoitecer;Crescente;Céu Claro;Dupla;Retorno Regulamentado;Sim;2;0;1;0;0;1;1;2;-5,22579;-37,3355;SPRF-RN;DEL04-RN;UOP01-DEL04-RN