id;data_inversa;dia_semana;horario;uf;br;km;municipio;causa_acidente;tipo_acidente;classificacao_acidente;fase_dia;sentido_via;condicao_metereologica;tipo_pista;tracado_via;uso_solo;pessoas;mortos;feridos_leves;feridos_graves;ilesos;ignorados;feridos;veiculos;latitude;longitude;regional;delegacia;uop
690874;12/05/2025;segunda-feira;18:20:00;RN;110;46,6;MOSSORO;Condutor deixou de manter distância do veículo da frente;Colisão lateral mesmo sentido;Com Vítimas Feridas;Plena Noite;Crescente;Céu Claro;Dupla;Retorno Regulamentado;Sim;3;0;1;0;2;0;1;2;-5,22579;-37,3355;SPRF-RN;DEL04-RN;UOP01-DEL04-RN
690875;12/05/2025;segunda-feira;17:30:00;PE;408;94;SAO LOURENCO DA MATA;Acumulo de areia ou detritos sobre o pavimento;Queda de ocupante de veículo;Com Vítimas Feridas;Anoitecer;Decrescente;Nublado;Dupla;"Reta;Aclive";Não;2;0;2;0;0;0;2;1;-8,04038846;-35,02750328;SPRF-PE;DEL01-PE;UOP01-DEL01-PE
690876;12/05/2025;segunda-feira;17:50:00;PB;230;444,1;APARECIDA;Condutor deixou de manter distância do veículo da frente;Tombamento;Com Vítimas Feridas;Anoitecer;Crescente;Céu Claro;Simples;Reta;Não;1;0;0;1;0;0;1;1;-6,78604;-38,069133;SPRF-PB;DEL03-PB;UOP02-DEL03-PB
690879;12/05/2025;segunda-feira;18:05:00;RN;304;170,6;ANGICOS;Animais na Pista;Atropelamento de Animal;Com Vítimas Feridas;Plena Noite;Crescente;Céu Claro;Simples;Reta;Não;1;0;1;0;0;0;1;1;-5,687205;-36,42429;SPRF-RN;DEL01-RN;UOP03-DEL01-RN
690880;12/05/2025;segunda-feira;18:20:00;PR;376;184;SARANDI;Condutor deixou de manter distância do veículo da frente;Colisão traseira;Com Vítimas Feridas;Anoitecer;Decrescente;Céu Claro;Dupla;Reta;Não;3;0;0;1;2;0;1;2;-23,447628;-51,860377;SPRF-PR;DEL09-PR;UOP01-DEL09-PR
690881;12/05/2025;segunda-feira;18:05:00;SC;470;175;POUSO REDONDO;Acessar a via sem observar a presença dos outros veículos;Colisão transversal;Com Vítimas Feridas;Plena Noite;Crescente;Céu Claro;Simples;"Reta;Declive";Sim;2;0;0;1;1;0;1;2;-27,2590105;-49,9242979;SPRF-SC;DEL04-SC;UOP02-DEL04-SC
690882;12/05/2025;segunda-feira;18:20:00;SC;280;300,7;PORTO UNIAO;Ausência de reação do condutor;Colisão traseira;Com Vítimas Fatais;Plena Noite;Decrescente;Céu Claro;Simples;Reta;Não;3;2;0;0;1;0;0;2;-26,283174;-51,027518;SPRF-SC;DEL06-SC;UOP04-DEL06-SC
690885;12/05/2025;segunda-feira;18:40:00;SC;101;197;BIGUACU;Manobra de mudança de faixa;Colisão traseira;Com Vítimas Feridas;Plena Noite;Decrescente;Nublado;Dupla;"Reta;Interseção de Vias";Sim;2;0;1;0;0;1;1;2;-27,521103;-48,637315;SPRF-SC;DEL01-SC;UOP01-DEL01-SC
690886;12/05/2025;segunda-feira;18:40:00;RS;116;249;SAO LEOPOLDO;Reação tardia ou ineficiente do condutor;Colisão traseira;Com Vítimas Feridas;Anoitecer;Decrescente;Nublado;Dupla;Reta;Não;2;0;1;0;1;0;1;2;-29,78316487;-51,16139889;SPRF-RS;DEL01-RS;UOP02-DEL01-RS
690888;12/05/2025;segunda-feira;18:20:00;ES;101;160,2;LINHARES;Ausência de reação do condutor;Colisão traseira;Com Vítimas Feridas;Plena Noite;Decrescente;Nublado;Simples;Reta;Não;3;0;1;2;0;0;3;2;-19,47862118;-40,11498618;SPRF-ES;DEL04-ES;UOP01-DEL04-ES
690889;12/05/2025;segunda-feira;18:55:00;RS;116;300;GUAIBA;Reação tardia ou ineficiente do condutor;Colisão traseira;Com Vítimas Feridas;Plena Noite;Crescente;Céu Claro;Dupla;"Reta;Viaduto";Sim;2;0;1;0;1;0;1;2;-30,118865;-51,34729;SPRF-RS;DEL02-RS;UOP01-DEL02-RS
690890;12/05/2025;segunda-feira;18:50:00;MG;40;466;SETE LAGOAS;Ausência de reação do condutor;Colisão traseira;Com Vítimas Feridas;Plena Noite;Decrescente;Céu Claro;Simples;Reta;Não;2;0;1;0;1;0;1;2;-19,447203;-44,324689;SPRF-MG;DEL02-MG;UOP01-DEL02-MG
690891;12/05/2025;segunda-feira;19:30:00;RJ;356;156;CAMPOS DOS GOYTACAZES;Velocidade Incompatível;Tombamento;Com Vítimas Feridas;Plena Noite;Crescente;Chuva;Simples;Reta;Não;1;0;0;1;0;0;1;1;-21,73714242;-41,20172951;SPRF-RJ;DEL08-RJ;UOP02-DEL08-RJ
690892;12/05/2025;segunda-feira;19:20:00;ES;101;229,6;FUNDAO;Pedestre cruzava a pista fora da faixa;Atropelamento de Pedestre;Com Vítimas Feridas;Plena Noite;Crescente;Chuva;Múltipla;Reta;Sim;2;0;1;0;0;1;1;2;-19,93429833;-40,40494167;SPRF-ES;DEL02-ES;UOP01-DEL02-ES
690893;12/05/2025;segunda-feira;18:00:00;RO;364;231;CACOAL;Reação tardia ou ineficiente do condutor;Colisão traseira;Com Vítimas Feridas;Plena Noite;Crescente;Céu Claro;Simples;Reta;Não;2;0;0;1;1;0;1;2;-11,465085;-61,408347;SPRF-RO;DEL02-RO;UOP02-DEL02-RO
690895;12/05/2025;segunda-feira;18:20:00;RS;392;13,5;RIO GRANDE;Ausência de reação do condutor;Queda de ocupante de veículo;Com Vítimas Feridas;Plena Noite;Crescente;Céu Claro;Dupla;Reta;Não;1;0;1;0;0;0;1;1;-32,1205896;-52,15432279;SPRF-RS;DEL07-RS;UOP02-DEL07-RS
690896;12/05/2025;segunda-feira;19:00:00;CE;20;352;CARIDADE;Reação tardia ou ineficiente do condutor;Colisão traseira;Com Vítimas Feridas;Plena Noite;Crescente;Céu Claro;Simples;Reta;Não;3;0;1;0;2;0;1;2;-4,073653;-39,038607;SPRF-CE;DEL02-CE;UOP01-DEL02-CE
690897;12/05/2025;segunda-feira;20:02:00;GO;60;114;GOIANAPOLIS;Reação tardia ou ineficiente do condutor;Capotamento;Com Vítimas Feridas;Plena Noite;Crescente;Céu Claro;Dupla;"Curva;Declive";Não;1;0;1;0;0;0;1;1;-16,463012;-49,063503;SPRF-GO;DEL01-GO;UOP01-DEL01-GO
690899;12/05/2025;segunda-feira;19:20:00;SC;101;215;PALHOCA;Acessar a via sem observar a presença dos outros veículos;Colisão traseira;Com Vítimas Feridas;Plena Noite;Decrescente;Céu Claro;Múltipla;"Reta;Interseção de Vias";Sim;2;0;2;0;0;0;2;2;-27,66203975;-48,67615907;SPRF-SC;DEL01-SC;UOP02-DEL01-SC
690901;12/05/2025;segunda-feira;17:20:00;MT;163;822;SINOP;Acessar a via sem observar a presença dos outros veículos;Colisão transversal;Com Vítimas Feridas;Anoitecer;Decrescente;Céu Claro;Simples;Reta;Sim;2;0;0;1;1;0;1;2;-11,97538;-55,517;SPRF-MT;DEL06-MT;UOP02-DEL06-MT
690903;12/05/2025;segunda-feira;19:30:00;CE;304;6,1;BEBERIBE;Deficiência do Sistema de Iluminação/Sinalização;Colisão traseira;Com Vítimas Feridas;Plena Noite;Crescente;Céu Claro;Simples;Reta;Não;2;0;0;1;1;0;1;2;-4,588882;-38,156578;SPRF-CE;DEL03-CE;UOP02-DEL03-CE
690904;12/05/2025;segunda-feira;19:50:00;MS;463;2;DOURADOS;Pedestre andava na pista;Atropelamento de Pedestre;Com Vítimas Feridas;Pleno dia;Crescente;Céu Claro;Dupla;Reta;Sim;2;0;0;1;1;0;1;2;-22,25905515;-54,82280016;SPRF-MS;DEL04-MS;UOP01-DEL04-MS
690905;12/05/2025;segunda-feira;19:00:00;SP;381;72;SAO PAULO;Avarias e/ou desgaste excessivo no pneu;Saída de leito carroçável;Sem Vítimas;Plena Noite;Decrescente;Nublado;Múltipla;"Retorno Regulamentado;Reta";Não;3;0;0;0;3;0;0;1;-23,35891744;-46,54989922;SPRF-SP;DEL03-SP;UOP01-DEL03-SP
690906;12/05/2025;segunda-feira;21:00:00;PR;116;119;CURITIBA;Ausência de reação do condutor;Colisão traseira;Com Vítimas Feridas;Plena Noite;Decrescente;Garoa/Chuvisco;Dupla;"Reta;Aclive";Não;2;0;1;0;0;1;1;2;-25,579244;-49,313478;SPRF-PR;DEL01-PR;UOP03-DEL01-PR
690907;12/05/2025;segunda-feira;18:00:00;SP;381;71;MAIRIPORA;Ausência de reação do condutor;Queda de ocupante de veículo;Com Vítimas Feridas;Plena Noite;Decrescente;Céu Claro;Dupla;"Curva;Declive";Não;1;0;1;0;0;0;1;1;-23,35447449;-46,54965162;SPRF-SP;DEL03-SP;UOP01-DEL03-SP
690909;12/05/2025;segunda-feira;19:15:00;MA;135;24;SAO LUIS;Acessar a via sem observar a presença dos outros veículos;Colisão frontal;Sem Vítimas;Plena Noite;Crescente;Nublado;Dupla;"Reta;Ponte";Sim;2;0;0;0;1;1;0;2;-2,75924779;-44,35386658;SPRF-MA;DEL01-MA;UOP01-DEL01-MA
690910;12/05/2025;segunda-feira;21:30:00;MG;381;943,5;EXTREMA;Demais falhas mecânicas ou elétricas;Incêndio;Sem Vítimas;Plena Noite;Crescente;Nublado;Dupla;"Reta;Aclive";Sim;1;0;0;0;1;0;0;1;-22,84121661;-46,32966068;SPRF-MG;DEL16-MG;UOP03-DEL16-MG
690912;12/05/2025;segunda-feira;18:00:00;AC;317;308;BRASILEIA;Deficiência do Sistema de Iluminação/Sinalização;Colisão traseira;Com Vítimas Feridas;Anoitecer;Crescente;Céu Claro;Simples;"Reta;Declive";Não;2;0;0;1;0;1;1;2;-10,94565902;-68,82079103;SPRF-AC;DEL01-AC;UOP02-DEL01-AC
690914;12/05/2025;segunda-feira;20:40:00;RJ;493;60;NOVA IGUACU;Reação tardia ou ineficiente do condutor;Queda de ocupante de veículo;Com Vítimas Feridas;Plena Noite;Crescente;Chuva;Dupla;Reta;Não;2;0;1;0;0;1;1;2;-22,676768;-43,396675;SPRF-RJ;DEL01-RJ;UOP03-DEL01-RJ
690915;12/05/2025;segunda-feira;18:20:00;MA;230;401;BALSAS;Acessar a via sem observar a presença dos outros veículos;Colisão transversal;Com Vítimas Feridas;Plena Noite;Crescente;Ignorado;Simples;"Interseção de Vias;Reta";Sim;2;0;2;0;0;0;2;2;-7,509772;-46,032172;SPRF-MA;DEL05-MA;UOP01-DEL05-MA
690917;12/05/2025;segunda-feira;22:20:00;SP;116;229,5;SAO PAULO;Pedestre andava na pista;Atropelamento de Pedestre;Com Vítimas Feridas;Plena Noite;Decrescente;Céu Claro;Múltipla;Reta;Sim;2;0;0;1;1;0;1;2;-23,50955502;-46,57303538;SPRF-SP;DEL01-SP;UOP01-DEL01-SP
690919;12/05/2025;segunda-feira;22:40:00;MG;40;528,3;CONTAGEM;Entrada inopinada do pedestre;Atropelamento de Pedestre;Com Vítimas Feridas;Plena Noite;Crescente;Céu Claro;Dupla;"Reta;Declive";Sim;3;0;3;0;0;0;3;2;-19,9172514;-44,03943279;SPRF-MG;DEL01-MG;UOP02-DEL01-MG
690920;12/05/2025;segunda-feira;21:25:00;MS;163;613;SAO GABRIEL DO OESTE;Animais na Pista;Atropelamento de Animal;Com Vítimas Feridas;Plena Noite;Crescente;Céu Claro;Simples;"Reta;Declive";Não;2;0;1;0;1;0;1;2;-19,40783058;-54,56005812;SPRF-MS;DEL06-MS;UOP02-DEL06-MS
690924;12/05/2025;segunda-feira;22:20:00;MG;116;522;CARATINGA;Reação tardia ou ineficiente do condutor;Colisão transversal;Com Vítimas Feridas;Plena Noite;Decrescente;Céu Claro;Simples;Interseção de Vias;Sim;2;0;2;0;0;0;2;2;-19,76638864;-42,1312326;SPRF-MG;DEL06-MG;UOP02-DEL06-MG
690927;12/05/2025;segunda-feira;23:59:00;PR;277;81;CURITIBA;Mal súbito do condutor;Colisão traseira;Com Vítimas Feridas;Plena Noite;Crescente;Céu Claro;Dupla;Reta;Sim;3;0;1;0;2;0;1;2;-25,45945731;-49,22084061;SPRF-PR;DEL01-PR;UOP03-DEL01-PR
690928;12/05/2025;segunda-feira;20:00:00;RJ;40;62;PETROPOLIS;Iluminação deficiente;Atropelamento de Pedestre;Com Vítimas Fatais;Plena Noite;Decrescente;Chuva;Simples;"Aclive;Curva";Não;2;1;1;0;0;0;1;2;-22,40737846;-43,14682961;SPRF-RJ;DEL05-RJ;UOP02-DEL05-RJ
690929;12/05/2025;segunda-feira;23:00:00;BA;324;568;SAO SEBASTIAO DO PASSE;Demais falhas mecânicas ou elétricas;Incêndio;Sem Vítimas;Plena Noite;Decrescente;Céu Claro;Dupla;Reta;Não;1;0;0;0;0;1;0;1;-12,5456897;-38,5814417;SPRF-BA;DEL01-BA;UOP01-DEL01-BA
690931;13/05/2025;terça-feira;00:40:00;CE;222;3,2;FORTALEZA;Condutor deixou de manter distância do veículo da frente;Colisão traseira;Com Vítimas Feridas;Plena Noite;Crescente;Céu Claro;Dupla;Viaduto;Sim;2;0;0;1;1;0;1;2;-3,74051;-38,597747;SPRF-CE;DEL01-CE;UOP01-DEL01-CE
690932;13/05/2025;terça-feira;00:35:00;CE;222;3,2;FORTALEZA;Velocidade Incompatível;Colisão com objeto;Sem Vítimas;Plena Noite;Decrescente;Céu Claro;Múltipla;"Declive;Reta";Sim;1;0;0;0;0;1;0;1;-3,74051;-38,597747;SPRF-CE;DEL01-CE;UOP01-DEL01-CE
690934;12/05/2025;segunda-feira;19:20:00;SP;116;377;MIRACATU;Reação tardia ou ineficiente do condutor;Capotamento;Com Vítimas Feridas;Plena Noite;Decrescente;Nublado;Dupla;Reta;Não;1;0;1;0;0;0;1;1;-24,19744264;-47,36648954;SPRF-SP;DEL04-SP;UOP02-DEL04-SP
690935;13/05/2025;terça-feira;01:30:00;SC;101;152;ITAPEMA;Reação tardia ou ineficiente do condutor;Colisão com objeto;Sem Vítimas;Plena Noite;Crescente;Chuva;Dupla;Reta;Sim;1;0;0;0;1;0;0;1;-27,13530698;-48,61006531;SPRF-SC;DEL04-SC;UOP03-DEL04-SC
690937;12/05/2025;segunda-feira;23:30:00;MT;364;267;JACIARA;Reação tardia ou ineficiente do condutor;Tombamento;Com Vítimas Feridas;Plena Noite;Crescente;Céu Claro;Dupla;Reta;Não;1;0;0;1;0;0;1;1;-15,98466;-54,929278;SPRF-MT;DEL02-MT;UOP01-DEL02-MT
690938;13/05/2025;terça-feira;03:50:00;PR;277;104;CAMPO LARGO;Condutor Dormindo;Colisão com objeto;Com Vítimas Feridas;Plena Noite;Crescente;Garoa/Chuvisco;Dupla;Reta;Não;5;0;5;0;0;0;5;1;-25,43304338;-49,40402627;SPRF-PR;DEL03-PR;UOP03-DEL03-PR
690939;13/05/2025;terça-feira;05:00:00;GO;60;179,4;ABADIA DE GOIAS;Velocidade Incompatível;Tombamento;Com Vítimas Feridas;Plena Noite;Decrescente;Céu Claro;Dupla;"Declive;Reta";Não;1;0;0;1;0;0;1;1;-16,772753;-49,48562;SPRF-GO;DEL01-GO;UOP02-DEL01-GO
690940;13/05/2025;terça-feira;05:30:00;SC;101;186;BIGUACU;Reação tardia ou ineficiente do condutor;Colisão com objeto;Com Vítimas Feridas;Plena Noite;Crescente;Garoa/Chuvisco;Dupla;Curva;Não;3;0;1;1;1;0;2;2;-27,43476959;-48,62595884;SPRF-SC;DEL01-SC;UOP01-DEL01-SC
690942;12/05/2025;segunda-feira;21:30:00;RS;472;413;SAO BORJA;Avarias e/ou desgaste excessivo no pneu;Queda de ocupante de veículo;Com Vítimas Feridas;Plena Noite;Decrescente;Céu Claro;Simples;Reta;Não;2;0;1;0;1;0;1;1;-28,74306865;-56,02456141;SPRF-RS;DEL12-RS;UOP01-DEL12-RS
690943;13/05/2025;terça-feira;05:50:00;SE;235;55,9;ITABAIANA;Ausência de reação do condutor;Colisão transversal;Com Vítimas Feridas;Pleno dia;Crescente;Chuva;Simples;Reta;Não;2;0;1;0;1;0;1;2;-10,66095;-37,44779;SPRF-SE;DEL01-SE;UOP02-DEL01-SE
690945;13/05/2025;terça-feira;05:30:00;GO;153;364,3;JARAGUA;Ausência de reação do condutor;Colisão frontal;Com Vítimas Fatais;Plena Noite;Crescente;Céu Claro;Simples;"Reta;Aclive";Não;4;1;2;0;1;0;2;2;-15,80412684;-49,2983129;SPRF-GO;DEL02-GO;UOP02-DEL02-GO
690947;13/05/2025;terça-feira;07:25:00;ES;101;152;LINHARES;Transitar na contramão;Colisão frontal;Com Vítimas Feridas;Pleno dia;Crescente;Garoa/Chuvisco;Simples;Reta;Não;4;0;0;3;1;0;3;3;-19,4825928;-40,1173097;SPRF-ES;DEL04-ES;UOP01-DEL04-ES
690948;13/05/2025;terça-feira;07:20:00;PB;230;11,3;CABEDELO;Acesso irregular;Colisão traseira;Com Vítimas Feridas;Pleno dia;Crescente;Céu Claro;Dupla;Reta;Não;2;0;0;1;1;0;1;2;-7,065527;-34,850237;SPRF-PB;DEL01-PB;UOP01-DEL01-PB
690949;23/04/2025;quarta-feira;10:50:00;MG;381;1;BETIM;Manobra de mudança de faixa;Colisão lateral mesmo sentido;Com Vítimas Feridas;Pleno dia;Crescente;Céu Claro;Dupla;Reta;Não;2;0;0;1;1;0;1;2;-19,966093;-44,159448;SPRF-MG;DEL01-MG;UOP03-DEL01-MG
690952;13/05/2025;terça-feira;07:25:00;SP;381;43,2;ATIBAIA;Velocidade Incompatível;Saída de leito carroçável;Com Vítimas Feridas;Pleno dia;Crescente;Sol;Dupla;Reta;Não;2;0;1;0;0;1;1;2;-23,13920478;-46,57551952;SPRF-SP;DEL03-SP;UOP01-DEL03-SP
690954;13/05/2025;terça-feira;08:05:00;RS;158;174;PEJUCARA;Acessar a via sem observar a presença dos outros veículos;Colisão lateral mesmo sentido;Com Vítimas Feridas;Pleno dia;Decrescente;Céu Claro;Simples;Reta;Não;2;0;1;0;1;0;1;2;-28,46845978;-53,54773728;SPRF-RS;DEL10-RS;UOP02-DEL10-RS
690955;13/05/2025;terça-feira;07:55:00;BA;324;517,6;FEIRA DE SANTANA;Conversão proibida;Colisão frontal;Com Vítimas Feridas;Pleno dia;Crescente;Céu Claro;Simples;Reta;Sim;3;0;1;0;2;0;1;2;-12,2626501;-38,93258393;SPRF-BA;DEL02-BA;UOP01-DEL02-BA
690956;13/05/2025;terça-feira;07:15:00;AP;210;4;MACAPA;Acessar a via sem observar a presença dos outros veículos;Colisão traseira;Com Vítimas Feridas;Amanhecer;Decrescente;Céu Claro;Dupla;Reta;Sim;3;0;0;2;1;0;2;2;0,088451;-51,096244;SPRF-AP;DEL01-AP;UOP01-DEL01-AP
690957;29/04/2025;terça-feira;11:38:00;PE;407;127;PETROLINA;Condutor deixou de manter distância do veículo da frente;Colisão traseira;Sem Vítimas;Pleno dia;Decrescente;Céu Claro;Simples;Reta;Sim;2;0;0;0;2;0;0;2;-9,392271;-40,516242;SPRF-PE;DEL06-PE;UOP01-DEL06-PE
690958;13/05/2025;terça-feira;08:30:00;PE;101;69,4;RECIFE;Ultrapassagem Indevida;Colisão lateral mesmo sentido;Com Vítimas Feridas;Pleno dia;Decrescente;Céu Claro;Dupla;Reta;Sim;2;0;1;0;1;0;1;2;-8,06249;-34,94437;SPRF-PE;DEL01-PE;UOP01-DEL01-PE
690963;09/05/2025;sexta-feira;08:50:00;RJ;40;124;RIO DE JANEIRO;Manobra de mudança de faixa;Colisão lateral mesmo sentido;Com Vítimas Feridas;Pleno dia;Crescente;Céu Claro;Múltipla;Reta;Sim;2;0;1;0;1;0;1;2;-22,81274739;-43,28796496;SPRF-RJ;DEL01-RJ;UOP02-DEL01-RJ
690965;13/05/2025;terça-feira;06:40:00;BA;101;863;TEIXEIRA DE FREITAS;Chuva;Capotamento;Com Vítimas Feridas;Amanhecer;Crescente;Chuva;Simples;Reta;Não;5;0;1;0;4;0;1;1;-17,432109;-39,687949;SPRF-BA;DEL09-BA;UOP02-DEL09-BA
690966;30/04/2025;quarta-feira;09:20:00;AL;316;256,2;PILAR;Acessar a via sem observar a presença dos outros veículos;Colisão transversal;Com Vítimas Feridas;Pleno dia;Crescente;Céu Claro;Simples;Reta;Não;3;0;2;0;1;0;2;3;-9,590885;-35,939359;SPRF-AL;DEL02-AL;UOP01-DEL02-AL
690967;13/05/2025;terça-feira;07:20:00;SC;280;207,9;MAFRA;Reação tardia ou ineficiente do condutor;Colisão com objeto;Com Vítimas Feridas;Amanhecer;Crescente;Nublado;Simples;"Reta;Ponte";Não;1;0;1;0;0;0;1;1;-26,166444;-50,143999;SPRF-SC;DEL06-SC;UOP04-DEL06-SC
690968;13/05/2025;terça-feira;08:20:00;PR;277;84;CURITIBA;Condutor deixou de manter distância do veículo da frente;Colisão traseira;Com Vítimas Feridas;Pleno dia;Crescente;Nublado;Dupla;Reta;Sim;2;0;1;0;1;0;1;2;-25,44730486;-49,2307663;SPRF-PR;DEL01-PR;UOP03-DEL01-PR
690969;13/05/2025;terça-feira;09:14:00;SC;101;212,7;PALHOCA;Acessar a via sem observar a presença dos outros veículos;Colisão transversal;Com Vítimas Feridas;Pleno dia;Crescente;Garoa/Chuvisco;Dupla;Interseção de Vias;Sim;3;0;2;0;1;0;2;2;-27,637656;-48,665893;SPRF-SC;DEL01-SC;UOP02-DEL01-SC
690970;13/05/2025;terça-feira;09:00:00;SC;101;129,5;CAMBORIU;Objeto estático sobre o leito carroçável;Colisão com objeto;Com Vítimas Feridas;Pleno dia;Crescente;Chuva;Dupla;Reta;Não;1;0;1;0;0;0;1;1;-26,98277;-48,67332;SPRF-SC;DEL04-SC;UOP03-DEL04-SC
690972;13/05/2025;terça-feira;08:30:00;RS;290;99;PORTO ALEGRE;Manobra de mudança de faixa;Colisão lateral mesmo sentido;Com Vítimas Feridas;Pleno dia;Decrescente;Céu Claro;Múltipla;Reta;Não;3;0;1;0;1;1;1;3;-29,99062472;-51,23080301;SPRF-RS;DEL01-RS;UOP01-DEL01-RS
690973;13/05/2025;terça-feira;08:00:00;RS;290;92;PORTO ALEGRE;Manobra de mudança de faixa;Colisão lateral mesmo sentido;Com Vítimas Feridas;Pleno dia;Decrescente;Céu Claro;Múltipla;Reta;Não;2;0;1;0;1;0;1;2;-29,97032697;-51,17141962;SPRF-RS;DEL01-RS;UOP01-DEL01-RS
690974;28/04/2025;segunda-feira;07:30:00;PE;407;123,2;PETROLINA;Condutor deixou de manter distância do veículo da frente;Colisão traseira;Sem Vítimas;Pleno dia;Decrescente;Céu Claro;Múltipla;"Retorno Regulamentado;Reta";Sim;2;0;0;0;2;0;0;2;-9,363717;-40,544653;SPRF-PE;DEL06-PE;UOP01-DEL06-PE
690975;13/05/2025;terça-feira;08:30:00;MG;40;545,5;NOVA LIMA;Manobra de mudança de faixa;Colisão lateral mesmo sentido;Com Vítimas Feridas;Pleno dia;Decrescente;Nublado;Dupla;"Reta;Viaduto";Sim;3;0;1;0;1;1;1;3;-20,012597;-43,967681;SPRF-MG;DEL01-MG;UOP02-DEL01-MG
690977;13/05/2025;terça-feira;07:20:00;PI;343;589,8;FLORIANO;Reação tardia ou ineficiente do condutor;Colisão transversal;Com Vítimas Feridas;Pleno dia;Decrescente;Sol;Dupla;Declive;Sim;2;0;0;1;1;0;1;2;-6,78161075;-43,01311612;SPRF-PI;DEL03-PI;UOP01-DEL03-PI
690979;13/05/2025;terça-feira;09:20:00;ES;101;262,1;SERRA;Acessar a via sem observar a presença dos outros veículos;Colisão lateral mesmo sentido;Com Vítimas Feridas;Pleno dia;Crescente;Céu Claro;Dupla;Reta;Sim;4;0;0;1;3;0;1;2;-20,04884974;-40,38639807;SPRF-ES;DEL02-ES;UOP01-DEL02-ES
690980;13/05/2025;terça-feira;04:40:00;CE;402;285;TURURU;Ausência de reação do condutor;Colisão traseira;Sem Vítimas;Amanhecer;Decrescente;Ignorado;Simples;Reta;Sim;2;0;0;0;2;0;0;2;-3,590397;-39,443325;SPRF-CE;DEL01-CE;UOP03-DEL01-CE
690981;27/03/2025;quinta-feira;07:00:00;MG;50;47;ARAGUARI;Ausência de reação do condutor;Colisão traseira;Com Vítimas Fatais;Pleno dia;Decrescente;Céu Claro;Dupla;"Aclive;Curva";Não;6;1;2;0;3;0;2;3;-18,73251;-48,209347;SPRF-MG;DEL15-MG;UOP02-DEL15-MG
690983;13/05/2025;terça-feira;09:00:00;ES;393;2;CACHOEIRO DE ITAPEMIRIM;Acesso irregular;Colisão lateral sentido oposto;Com Vítimas Feridas;Pleno dia;Crescente;Sol;Simples;Reta;Não;2;0;1;0;1;0;1;2;-20,8621561;-41,1182488;SPRF-ES;DEL03-ES;UOP02-DEL03-ES
690984;13/05/2025;terça-feira;07:30:00;SC;280;108;SAO BENTO DO SUL;Pista Escorregadia;Queda de ocupante de veículo;Com Vítimas Feridas;Pleno dia;Decrescente;Garoa/Chuvisco;Simples;"Aclive;Reta";Não;2;0;2;0;0;0;2;1;-26,33491871;-49,37803969;SPRF-SC;DEL06-SC;UOP03-DEL06-SC
690985;22/04/2025;terça-feira;13:20:00;RJ;116;169;RIO DE JANEIRO;Reação tardia ou ineficiente do condutor;Colisão traseira;Com Vítimas Feridas;Pleno dia;Crescente;Nublado;Múltipla;Reta;Não;3;0;1;0;2;0;1;2;-22,80609238;-43,34278107;SPRF-RJ;DEL06-RJ;UOP01-DEL06-RJ
690989;13/05/2025;terça-feira;08:50:00;MG;40;747,6;SANTOS DUMONT;Reação tardia ou ineficiente do condutor;Colisão traseira;Com Vítimas Feridas;Pleno dia;Decrescente;Nublado;Simples;"Aclive;Curva";Sim;3;0;2;0;1;0;2;2;-21,47384;-43,546201;SPRF-MG;DEL05-MG;UOP01-DEL05-MG
690993;02/04/2025;quarta-feira;21:30:00;MA;10;202;RIBAMAR FIQUENE;Transitar na contramão;Colisão frontal;Com Vítimas Fatais;Pleno dia;Crescente;Céu Claro;Simples;Reta;Não;5;1;1;1;2;0;2;2;-5,955933;-47,383807;SPRF-MA;DEL04-MA;UOP01-DEL04-MA
690994;13/05/2025;terça-feira;10:40:00;SC;101;463;PASSO DE TORRES;Condutor deixou de manter distância do veículo da frente;Colisão com objeto;Com Vítimas Feridas;Pleno dia;Decrescente;Céu Claro;Dupla;Curva;Não;2;0;1;0;1;0;1;1;-29,287879;-49,757012;SPRF-RS;DEL03-RS;UOP02-DEL03-RS
690995;13/05/2025;terça-feira;10:11:00;PB;230;141,5;CAMPINA GRANDE;Demais falhas mecânicas ou elétricas;Incêndio;Sem Vítimas;Pleno dia;Decrescente;Céu Claro;Dupla;Reta;Não;1;0;0;0;1;0;0;1;-7,257295;-35,814183;SPRF-PB;DEL02-PB;UOP01-DEL02-PB
690996;13/05/2025;terça-feira;08:55:00;MS;163;327;RIO BRILHANTE;Ultrapassagem Indevida;Colisão com objeto;Sem Vítimas;Pleno dia;Crescente;Céu Claro;Simples;Reta;Não;3;0;0;0;3;0;0;1;-21,74706;-54,51702;SPRF-MS;DEL02-MS;UOP02-DEL02-MS
690997;13/05/2025;terça-feira;09:05:00;SP;116;489;CAJATI;Reação tardia ou ineficiente do condutor;Colisão lateral mesmo sentido;Com Vítimas Feridas;Pleno dia;Decrescente;Garoa/Chuvisco;Dupla;Reta;Sim;2;0;1;0;1;0;1;2;-24,73551629;-48,11586771;SPRF-SP;DEL05-SP;UOP01-DEL05-SP
690999;13/05/2025;terça-feira;11:00:00;PB;101;88,4;JOAO PESSOA;Ausência de reação do condutor;Queda de ocupante de veículo;Com Vítimas Feridas;Pleno dia;Crescente;Céu Claro;Dupla;Reta;Não;1;0;0;1;0;0;1;1;-7,165707;-34,896698;SPRF-PB;DEL01-PB;UOP01-DEL01-PB