id;data_inversa;dia_semana;horario;uf;br;km;municipio;causa_acidente;tipo_acidente;classificacao_acidente;fase_dia;sentido_via;condicao_metereologica;tipo_pista;tracado_via;uso_solo;pessoas;mortos;feridos_leves;feridos_graves;ilesos;ignorados;feridos;veiculos;latitude;longitude;regional;delegacia;uop
691001;13/05/2025;terça-feira;11:40:00;ES;101;166;LINHARES;Ausência de reação do condutor;Colisão traseira;Com Vítimas Feridas;Pleno dia;Crescente;Céu Claro;Simples;Reta;Não;2;0;1;0;1;0;1;2;-19,51864195;-40,1434396;SPRF-ES;DEL04-ES;UOP01-DEL04-ES
691002;13/05/2025;terça-feira;11:00:00;SP;116;133;SAO JOSE DOS CAMPOS;Ausência de reação do condutor;Queda de ocupante de veículo;Com Vítimas Feridas;Pleno dia;Decrescente;Nublado;Dupla;Reta;Sim;2;0;2;0;0;0;2;1;-23,13822208;-45,7578092;SPRF-SP;DEL02-SP;UOP02-DEL02-SP
691003;03/05/2025;sábado;12:00:00;SC;101;448,8;SANTA ROSA DO SUL;Ultrapassagem Indevida;Colisão lateral mesmo sentido;Com Vítimas Feridas;Pleno dia;Crescente;Céu Claro;Múltipla;"Reta;Declive";Não;2;0;2;0;0;0;2;2;-29,16973475;-49,74704359;SPRF-SC;DEL02-SC;UOP02-DEL02-SC
691004;13/05/2025;terça-feira;11:11:00;PE;101;70,4;RECIFE;Acessar a via sem observar a presença dos outros veículos;Colisão lateral mesmo sentido;Sem Vítimas;Pleno dia;Crescente;Céu Claro;Múltipla;Reta;Não;3;0;0;0;3;0;0;2;-8,07160509;-34,94271398;SPRF-PE;DEL01-PE;UOP01-DEL01-PE
691006;13/05/2025;terça-feira;10:00:00;PE;408;54;CARPINA;Demais falhas mecânicas ou elétricas;Incêndio;Sem Vítimas;Pleno dia;Decrescente;Sol;Simples;Reta;Sim;1;0;0;0;0;1;0;1;-7,82921053;-35,24493154;SPRF-PE;DEL01-PE;UOP01-DEL01-PE
691007;13/05/2025;terça-feira;11:30:00;ES;101;205,5;JOAO NEIVA;Retorno proibido;Colisão transversal;Com Vítimas Fatais;Pleno dia;Crescente;Nublado;Simples;Reta;Não;3;1;0;2;0;0;2;2;-19,76413561;-40,37306428;SPRF-ES;DEL02-ES;UOP01-DEL02-ES
691009;13/05/2025;terça-feira;11:20:00;SP;381;88,6;GUARULHOS;Manobra de mudança de faixa;Colisão lateral mesmo sentido;Sem Vítimas;Pleno dia;Decrescente;Céu Claro;Dupla;Reta;Sim;2;0;0;0;1;1;0;2;-23,4927879;-46,55711889;SPRF-SP;DEL03-SP;UOP01-DEL03-SP
691012;13/05/2025;terça-feira;08:32:00;MT;163;697;SORRISO;Ultrapassagem Indevida;Saída de leito carroçável;Com Vítimas Feridas;Pleno dia;Crescente;Céu Claro;Simples;Reta;Não;4;0;3;0;1;0;3;1;-12,999786;-55,88657;SPRF-MT;DEL06-MT;UOP01-DEL06-MT
691013;13/05/2025;terça-feira;11:50:00;RS;285;120;VACARIA;Condutor desrespeitou a iluminação vermelha do semáforo;Colisão transversal;Com Vítimas Feridas;Pleno dia;Crescente;Céu Claro;Simples;Rotatória;Não;2;0;1;0;1;0;1;2;-28,51035563;-50,93576996;SPRF-RS;DEL05-RS;UOP03-DEL05-RS
691016;13/05/2025;terça-feira;12:40:00;PR;116;17;ANTONINA;Reação tardia ou ineficiente do condutor;Colisão com objeto;Com Vítimas Feridas;Pleno dia;Decrescente;Garoa/Chuvisco;Dupla;Curva;Não;2;0;1;0;1;0;1;1;-25,10114486;-48,73166084;SPRF-PR;DEL01-PR;UOP02-DEL01-PR
691017;13/05/2025;terça-feira;11:25:00;RO;319;62;PORTO VELHO;Desrespeitar a preferência no cruzamento;Colisão transversal;Com Vítimas Feridas;Pleno dia;Decrescente;Céu Claro;Múltipla;"Reta;Interseção de Vias";Sim;2;0;1;0;1;0;1;2;-8,75144166;-63,88773056;SPRF-RO;DEL01-RO;UOP01-DEL01-RO
691018;13/05/2025;terça-feira;09:40:00;SP;116;505,5;CAJATI;Ausência de reação do condutor;Saída de leito carroçável;Com Vítimas Feridas;Pleno dia;Crescente;Chuva;Simples;"Curva;Declive";Não;1;0;1;0;0;0;1;1;-24,802344;-48,214944;SPRF-SP;DEL05-SP;UOP02-DEL05-SP
691019;25/03/2025;terça-feira;19:30:00;RN;304;298,8;MACAIBA;Manobra de mudança de faixa;Colisão traseira;Com Vítimas Feridas;Plena Noite;Crescente;Céu Claro;Dupla;Reta;Não;3;0;2;0;1;0;2;3;-5,8676;-35,3709;SPRF-RN;DEL01-RN;UOP02-DEL01-RN
691021;05/05/2025;segunda-feira;08:30:00;PE;428;116;SANTA MARIA DA BOA VISTA;Manobra de mudança de faixa;Colisão traseira;Com Vítimas Feridas;Pleno dia;Decrescente;Nublado;Simples;Reta;Não;15;0;11;4;0;0;15;2;-8,914406;-40,069297;SPRF-PE;DEL06-PE;UOP03-DEL06-PE
691022;13/05/2025;terça-feira;13:10:00;SC;470;45,1;GASPAR;Acessar a via sem observar a presença dos outros veículos;Colisão transversal;Com Vítimas Feridas;Pleno dia;Crescente;Chuva;Simples;Reta;Sim;2;0;2;0;0;0;2;2;-26,86500214;-49,03333384;SPRF-SC;DEL04-SC;UOP01-DEL04-SC
691024;09/05/2025;sexta-feira;20:10:00;RJ;116;80;TERESOPOLIS;Reação tardia ou ineficiente do condutor;Tombamento;Com Vítimas Feridas;Plena Noite;Crescente;Céu Claro;Simples;Reta;Sim;1;0;1;0;0;0;1;1;-22,3444992;-42,9195264;SPRF-RJ;DEL04-RJ;UOP01-DEL04-RJ
691025;13/05/2025;terça-feira;14:00:00;ES;101;267,5;SERRA;Manobra de mudança de faixa;Saída de leito carroçável;Com Vítimas Feridas;Pleno dia;Decrescente;Sol;Múltipla;Reta;Sim;2;0;1;0;1;0;1;1;-20,2049518;-40,26888;SPRF-ES;DEL02-ES;UOP01-DEL02-ES
691027;13/05/2025;terça-feira;12:22:00;MG;40;523,5;CONTAGEM;Reação tardia ou ineficiente do condutor;Saída de leito carroçável;Com Vítimas Feridas;Pleno dia;Crescente;Nublado;Dupla;Curva;Sim;2;0;2;0;0;0;2;1;-19,87745571;-44,05301929;SPRF-MG;DEL01-MG;UOP02-DEL01-MG
691028;13/05/2025;terça-feira;13:37:00;PI;343;13,6;PARNAIBA;Desrespeitar a preferência no cruzamento;Colisão transversal;Com Vítimas Feridas;Pleno dia;Decrescente;Céu Claro;Dupla;"Reta;Interseção de Vias";Sim;5;0;4;0;1;0;4;2;-2,92511621;-41,75361425;SPRF-PI;DEL05-PI;UOP01-DEL05-PI
691029;13/05/2025;terça-feira;13:45:00;PI;343;13;PARNAIBA;Ingestão de álcool pelo condutor;Colisão com objeto;Sem Vítimas;Pleno dia;Crescente;Céu Claro;Dupla;Reta;Sim;3;0;0;0;1;2;0;3;-2,92276876;-41,75426871;SPRF-PI;DEL05-PI;UOP01-DEL05-PI
691030;13/05/2025;terça-feira;14:13:00;RN;226;218,9;FLORANIA;Ingestão de álcool pelo condutor;Colisão com objeto;Com Vítimas Feridas;Pleno dia;Crescente;Céu Claro;Simples;Reta;Não;2;0;1;0;0;1;1;1;-6,15569499;-36,80279732;SPRF-RN;DEL03-RN;UOP02-DEL03-RN
691031;13/05/2025;terça-feira;13:00:00;RO;319;62;PORTO VELHO;Condutor deixou de manter distância do veículo da frente;Colisão traseira;Sem Vítimas;Pleno dia;Crescente;Céu Claro;Dupla;Reta;Sim;3;0;0;0;3;0;0;2;-8,76174495;-63,88513176;SPRF-RO;DEL01-RO;UOP01-DEL01-RO
691033;13/05/2025;terça-feira;13:39:00;RN;101;85,8;NATAL;Ultrapassagem Indevida;Colisão lateral mesmo sentido;Com Vítimas Feridas;Pleno dia;Decrescente;Sol;Dupla;"Reta;Ponte;Em Obras";Sim;2;0;1;0;1;0;1;2;-5,78231959;-35,24722195;SPRF-RN;DEL02-RN;UOP01-DEL02-RN
691037;13/05/2025;terça-feira;14:25:00;PB;230;161;CAMPINA GRANDE;Condutor deixou de manter distância do veículo da frente;Colisão traseira;Com Vítimas Feridas;Pleno dia;Crescente;Nublado;Simples;"Reta;Declive";Não;2;0;1;0;1;0;1;2;-7,24027839;-35,9389928;SPRF-PB;DEL02-PB;UOP01-DEL02-PB
691039;13/05/2025;terça-feira;12:20:00;PE;408;68,2;PAUDALHO;Condutor Dormindo;Saída de leito carroçável;Com Vítimas Feridas;Pleno dia;Decrescente;Céu Claro;Dupla;Reta;Não;1;0;1;0;0;0;1;1;-7,91173;-35,17003;SPRF-PE;DEL01-PE;UOP01-DEL01-PE
691040;13/05/2025;terça-feira;14:45:00;BA;101;582;CAMACAN;Reação tardia ou ineficiente do condutor;Colisão frontal;Com Vítimas Feridas;Pleno dia;Decrescente;Chuva;Simples;Reta;Sim;2;0;1;0;1;0;1;2;-15,370158;-39,493447;SPRF-BA;DEL05-BA;UOP02-DEL05-BA
691041;13/05/2025;terça-feira;12:48:00;SP;116;477;JACUPIRANGA;Condutor desrespeitou a iluminação vermelha do semáforo;Colisão transversal;Com Vítimas Feridas;Pleno dia;Crescente;Garoa/Chuvisco;Dupla;Interseção de Vias;Não;4;0;1;0;2;1;1;3;-24,70410816;-48,01094055;SPRF-SP;DEL05-SP;UOP01-DEL05-SP
691042;01/05/2025;quinta-feira;23:50:00;RN;101;85,3;SAO GONCALO DO AMARANTE;Acessar a via sem observar a presença dos outros veículos;Colisão transversal;Com Vítimas Feridas;Plena Noite;Crescente;Céu Claro;Simples;"Reta;Ponte;Em Obras";Sim;2;0;1;1;0;0;2;2;-5,74875;-35,3265865;SPRF-RN;DEL02-RN;UOP01-DEL02-RN
691045;13/05/2025;terça-feira;15:50:00;SP;116;509;CAJATI;Ausência de reação do condutor;Queda de ocupante de veículo;Com Vítimas Feridas;Pleno dia;Crescente;Chuva;Simples;Curva;Não;2;0;1;0;1;0;1;1;-24,803647;-48,214322;SPRF-SP;DEL05-SP;UOP02-DEL05-SP
691048;06/05/2025;terça-feira;07:15:00;MS;376;101,4;IVINHEMA;Manobra de mudança de faixa;Colisão frontal;Com Vítimas Fatais;Pleno dia;Crescente;Céu Claro;Simples;Reta;Não;2;1;1;0;0;0;1;2;-22,298842;-53,97571;SPRF-MS;DEL04-MS;UOP04-DEL04-MS
691051;13/05/2025;terça-feira;15:30:00;PR;376;169;MARINGA;Pedestre cruzava a pista fora da faixa;Atropelamento de Pedestre;Com Vítimas Fatais;Pleno dia;Crescente;Sol;Dupla;"Reta;Aclive";Não;2;1;0;0;1;0;0;2;-23,400176;-52,00042;SPRF-PR;DEL09-PR;UOP01-DEL09-PR
691053;07/03/2025;sexta-feira;00:30:00;RJ;101;406;ITAGUAI;Condutor deixou de manter distância do veículo da frente;Colisão traseira;Com Vítimas Feridas;Plena Noite;Decrescente;Céu Claro;Dupla;Reta;Sim;3;0;1;1;0;1;2;2;-22,876124;-43,814997;SPRF-RJ;DEL03-RJ;UOP01-DEL03-RJ
691055;13/05/2025;terça-feira;16:40:00;SC;101;338;TUBARAO;Demais falhas mecânicas ou elétricas;Tombamento;Com Vítimas Feridas;Pleno dia;Decrescente;Nublado;Dupla;Reta;Sim;2;0;1;1;0;0;2;1;-28,500505;-49,046382;SPRF-SC;DEL02-SC;UOP01-DEL02-SC
691060;13/05/2025;terça-feira;15:10:00;SC;101;57,7;ARAQUARI;Reação tardia ou ineficiente do condutor;Colisão com objeto;Com Vítimas Feridas;Pleno dia;Crescente;Chuva;Dupla;Curva;Não;1;0;1;0;0;0;1;1;-26,43910582;-48,80264282;SPRF-SC;DEL03-SC;UOP01-DEL03-SC
691062;13/05/2025;terça-feira;17:15:00;CE;116;1;FORTALEZA;Condutor deixou de manter distância do veículo da frente;Colisão lateral mesmo sentido;Com Vítimas Feridas;Pleno dia;Crescente;Céu Claro;Múltipla;Reta;Não;3;0;1;0;2;0;1;3;-3,765813;-38,518443;SPRF-CE;DEL01-CE;UOP02-DEL01-CE
691063;13/05/2025;terça-feira;17:30:00;SC;101;191;BIGUACU;Ausência de reação do condutor;Colisão com objeto;Com Vítimas Feridas;Pleno dia;Decrescente;Chuva;Dupla;Curva;Sim;1;0;1;0;0;0;1;1;-27,477356;-48,641113;SPRF-SC;DEL01-SC;UOP01-DEL01-SC
691064;13/05/2025;terça-feira;17:50:00;PR;116;123;CURITIBA;Trafegar com motocicleta (ou similar) entre as faixas;Colisão traseira;Com Vítimas Feridas;Plena Noite;Decrescente;Nublado;Dupla;Reta;Sim;2;0;1;0;1;0;1;2;-25,61978117;-49,31676865;SPRF-PR;DEL01-PR;UOP03-DEL01-PR
691065;13/05/2025;terça-feira;17:35:00;SC;101;160,2;PORTO BELO;Trafegar com motocicleta (ou similar) entre as faixas;Colisão lateral mesmo sentido;Com Vítimas Feridas;Anoitecer;Decrescente;Chuva;Dupla;Reta;Sim;2;0;1;0;1;0;1;2;-27,2112054;-48,62120748;SPRF-SC;DEL04-SC;UOP03-DEL04-SC
691066;13/05/2025;terça-feira;17:40:00;RS;158;311,3;ITAARA;Acessar a via sem observar a presença dos outros veículos;Colisão transversal;Com Vítimas Feridas;Anoitecer;Decrescente;Céu Claro;Simples;Reta;Sim;3;0;2;0;1;0;2;2;-29,623193;-53,76893;SPRF-RS;DEL09-RS;UOP01-DEL09-RS
691068;13/05/2025;terça-feira;17:05:00;PE;428;192;PETROLINA;Reação tardia ou ineficiente do condutor;Colisão traseira;Sem Vítimas;Anoitecer;Decrescente;Céu Claro;Dupla;Reta;Sim;2;0;0;0;2;0;0;2;-9,38626;-40,52365;SPRF-PE;DEL06-PE;UOP01-DEL06-PE
691070;13/05/2025;terça-feira;17:46:00;DF;20;15;BRASILIA;Trafegar com motocicleta (ou similar) entre as faixas;Colisão traseira;Com Vítimas Feridas;Plena Noite;Crescente;Céu Claro;Múltipla;Reta;Sim;2;0;1;0;1;0;1;2;-15,62832698;-47,72941589;SPRF-DF;DEL02-DF;UOP01-DEL02-DF
691071;09/05/2025;sexta-feira;22:15:00;RJ;493;2;ITABORAI;Ausência de reação do condutor;Queda de ocupante de veículo;Com Vítimas Feridas;Plena Noite;Crescente;Céu Claro;Simples;Reta;Sim;2;0;2;0;0;0;2;1;-22,76969204;-42,92255402;SPRF-RJ;DEL02-RJ;UOP02-DEL02-RJ
691073;13/05/2025;terça-feira;13:30:00;MT;70;98;GENERAL CARNEIRO;Ausência de reação do condutor;Saída de leito carroçável;Com Vítimas Feridas;Pleno dia;Decrescente;Céu Claro;Simples;Curva;Não;1;0;1;0;0;0;1;1;-15,574885;-52,904407;SPRF-MT;DEL07-MT;UOP01-DEL07-MT
691074;13/05/2025;terça-feira;17:50:00;AL;104;54,8;UNIAO DOS PALMARES;Animais na Pista;Atropelamento de Animal;Sem Vítimas;Anoitecer;Crescente;Céu Claro;Simples;Reta;Não;1;0;0;0;1;0;0;1;-9,1368026;-36,0301954;SPRF-AL;DEL01-AL;UOP02-DEL01-AL
691076;13/05/2025;terça-feira;18:30:00;SP;153;75,3;BADY BASSITT;Ausência de reação do condutor;Colisão lateral mesmo sentido;Com Vítimas Feridas;Anoitecer;Crescente;Céu Claro;Dupla;Declive;Sim;3;0;2;0;1;0;2;2;-20,89418221;-49,43387582;SPRF-SP;DEL09-SP;UOP01-DEL09-SP
691078;13/05/2025;terça-feira;18:46:00;RJ;116;176;SAO JOAO DE MERITI;Condutor deixou de manter distância do veículo da frente;Colisão traseira;Com Vítimas Feridas;Pleno dia;Crescente;Céu Claro;Múltipla;Reta;Sim;2;0;1;0;1;0;1;2;-22,7846436;-43,38067381;SPRF-RJ;DEL06-RJ;UOP01-DEL06-RJ
691079;13/05/2025;terça-feira;18:10:00;RJ;101;59;CAMPOS DOS GOYTACAZES;Acessar a via sem observar a presença dos outros veículos;Colisão transversal;Com Vítimas Feridas;Plena Noite;Crescente;Céu Claro;Simples;Reta;Não;2;0;1;0;1;0;1;2;-21,8358963;-41,420629;SPRF-RJ;DEL08-RJ;UOP01-DEL08-RJ
691080;13/05/2025;terça-feira;17:40:00;PB;104;92;ESPERANCA;Reação tardia ou ineficiente do condutor;Atropelamento de Pedestre;Com Vítimas Feridas;Anoitecer;Decrescente;Vento;Simples;Reta;Sim;2;0;1;1;0;0;2;2;-6,98820122;-35,82991183;SPRF-PB;DEL02-PB;UOP04-DEL02-PB
691082;13/05/2025;terça-feira;16:30:00;BA;101;473;URUCUCA;Condutor deixou de manter distância do veículo da frente;Colisão traseira;Com Vítimas Fatais;Pleno dia;Crescente;Chuva;Simples;Reta;Não;11;1;0;0;9;1;0;4;-14,56027484;-39,33258257;SPRF-BA;DEL05-BA;UOP01-DEL05-BA
691083;13/05/2025;terça-feira;18:35:00;PR;116;125;FAZENDA RIO GRANDE;Reação tardia ou ineficiente do condutor;Colisão traseira;Sem Vítimas;Plena Noite;Decrescente;Nublado;Dupla;Reta;Sim;2;0;0;0;2;0;0;2;-25,634747;-49,313207;SPRF-PR;DEL01-PR;UOP03-DEL01-PR
691085;13/05/2025;terça-feira;19:00:00;BA;101;926;NOVA VICOSA;Ingestão de álcool pelo condutor;Colisão frontal;Com Vítimas Feridas;Plena Noite;Crescente;Céu Claro;Simples;Reta;Não;2;0;0;1;1;0;1;2;-17,96155527;-39,86075592;SPRF-BA;DEL09-BA;UOP02-DEL09-BA
691086;13/05/2025;terça-feira;18:50:00;PR;277;1;PARANAGUA;Ultrapassagem Indevida;Colisão transversal;Com Vítimas Feridas;Plena Noite;Crescente;Nublado;Simples;Reta;Sim;3;0;2;0;1;0;2;2;-25,517918;-48,54108333;SPRF-PR;DEL01-PR;UOP05-DEL01-PR
691088;13/05/2025;terça-feira;18:30:00;GO;153;501;GOIANIA;Trafegar com motocicleta (ou similar) entre as faixas;Colisão lateral mesmo sentido;Com Vítimas Feridas;Plena Noite;Crescente;Céu Claro;Múltipla;Reta;Sim;2;0;1;0;1;0;1;2;-16,71916695;-49,23822854;SPRF-GO;DEL01-GO;UOP01-DEL01-GO
691089;13/05/2025;terça-feira;19:35:00;SC;280;31;ARAQUARI;Conversão proibida;Colisão transversal;Com Vítimas Feridas;Plena Noite;Crescente;Chuva;Simples;Reta;Não;2;0;1;0;1;0;1;2;-26,415708;-48,768459;SPRF-SC;DEL03-SC;UOP03-DEL03-SC
691090;30/03/2025;domingo;17:10:00;ES;101;160,9;LINHARES;Animais na Pista;Atropelamento de Animal;Com Vítimas Feridas;Anoitecer;Crescente;Céu Claro;Simples;Reta;Não;1;0;0;1;0;0;1;1;-19,483641;-40,119811;SPRF-ES;DEL04-ES;UOP01-DEL04-ES
691091;21/04/2025;segunda-feira;14:30:00;AL;101;135;SAO MIGUEL DOS CAMPOS;Ausência de reação do condutor;Saída de leito carroçável;Sem Vítimas;Pleno dia;Decrescente;Céu Claro;Dupla;Curva;Não;1;0;0;0;0;1;0;1;-9,78744487;-36,10525846;SPRF-AL;DEL02-AL;UOP01-DEL02-AL
691092;13/05/2025;terça-feira;19:25:00;SP;116;286,8;ITAPECERICA DA SERRA;Condutor deixou de manter distância do veículo da frente;Colisão lateral mesmo sentido;Com Vítimas Feridas;Plena Noite;Crescente;Céu Claro;Dupla;Reta;Sim;1;0;1;0;0;0;1;1;-23,7002559;-46,868934;SPRF-SP;DEL04-SP;UOP01-DEL04-SP
691093;13/05/2025;terça-feira;17:37:00;MS;463;110;PONTA PORA;Condutor deixou de manter distância do veículo da frente;Colisão traseira;Com Vítimas Feridas;Anoitecer;Crescente;Céu Claro;Dupla;Reta;Sim;2;0;1;0;1;0;1;2;-22,57045084;-55,69474904;SPRF-MS;DEL04-MS;UOP03-DEL04-MS
691094;13/05/2025;terça-feira;19:40:00;ES;101;257,5;SERRA;Acessar a via sem observar a presença dos outros veículos;Colisão transversal;Com Vítimas Feridas;Pleno dia;Crescente;Nublado;Dupla;Reta;Sim;2;0;0;1;1;0;1;2;-20,12848049;-40,29900802;SPRF-ES;DEL02-ES;UOP01-DEL02-ES
691095;13/05/2025;terça-feira;16:30:00;AM;174;940;MANAUS;Demais falhas mecânicas ou elétricas;Queda de ocupante de veículo;Com Vítimas Feridas;Pleno dia;Decrescente;Nublado;Simples;Reta;Não;2;0;0;2;0;0;2;2;-2,5977302;-60,0362588;SPRF-AM;DEL01-AM;UOP01-DEL01-AM
691096;13/05/2025;terça-feira;19:40:00;SC;101;133,7;BALNEARIO CAMBORIU;Reação tardia ou ineficiente do condutor;Colisão traseira;Com Vítimas Feridas;Plena Noite;Decrescente;Chuva;Dupla;"Interseção de Vias;Reta";Sim;2;0;1;0;1;0;1;2;-27,00141;-48,63846;SPRF-SC;DEL04-SC;UOP03-DEL04-SC
691099;13/05/2025;terça-feira;18:45:00;MG;381;343;BELA VISTA DE MINAS;Pista Escorregadia;Queda de ocupante de veículo;Com Vítimas Feridas;Plena Noite;Decrescente;Chuva;Simples;Curva;Não;1;0;1;0;0;0;1;1;-19,83712564;-43,09484794;SPRF-MG;DEL03-MG;UOP01-DEL03-MG
691100;13/05/2025;terça-feira;19:40:00;MG;381;358;JOAO MONLEVADE;Ausência de reação do condutor;Colisão traseira;Sem Vítimas;Plena Noite;Crescente;Nublado;Simples;Rotatória;Não;2;0;0;0;2;0;0;2;-19,83922148;-43,18056107;SPRF-MG;DEL03-MG;UOP01-DEL03-MG
691102;13/05/2025;terça-feira;19:00:00;SC;282;6;SAO JOSE;Chuva;Queda de ocupante de veículo;Com Vítimas Feridas;Plena Noite;Crescente;Chuva;Dupla;Curva;Sim;1;0;1;0;0;0;1;1;-27,585547;-48,617713;SPRF-SC;DEL01-SC;UOP01-DEL01-SC
691104;13/05/2025;terça-feira;18:18:00;MS;262;772;CORUMBA;Ausência de reação do condutor;Atropelamento de Pedestre;Com Vítimas Feridas;Anoitecer;Decrescente;Céu Claro;Simples;Reta;Sim;2;0;1;1;0;0;2;2;-19,043964;-57,639901;SPRF-MS;DEL03-MS;UOP03-DEL03-MS
691105;13/05/2025;terça-feira;17:30:00;SC;163;103;SAO JOSE DO CEDRO;Acessar a via sem observar a presença dos outros veículos;Colisão frontal;Com Vítimas Feridas;Anoitecer;Crescente;Céu Claro;Simples;Interseção de Vias;Sim;2;0;0;1;1;0;1;2;-26,46339856;-53,50608945;SPRF-SC;DEL07-SC;UOP03-DEL07-SC
691107;13/05/2025;terça-feira;18:20:00;RS;386;412,9;MONTENEGRO;Acessar a via sem observar a presença dos outros veículos;Colisão traseira;Com Vítimas Feridas;Plena Noite;Decrescente;Céu Claro;Dupla;Reta;Não;2;0;1;0;0;1;1;2;-29,80497568;-51,50804758;SPRF-RS;DEL04-RS;UOP02-DEL04-RS
691108;13/05/2025;terça-feira;20:11:00;MG;381;876,2;ESTIVA;Ausência de reação do condutor;Saída de leito carroçável;Com Vítimas Feridas;Plena Noite;Crescente;Céu Claro;Dupla;Curva;Não;2;0;2;0;0;0;2;1;-22,4390636;-45,98455149;SPRF-MG;DEL16-MG;UOP01-DEL16-MG
691109;13/05/2025;terça-feira;18:55:00;MT;163;747;SORRISO;Desrespeitar a preferência no cruzamento;Colisão transversal;Com Vítimas Feridas;Plena Noite;Decrescente;Céu Claro;Simples;Retorno Regulamentado;Não;4;0;1;0;3;0;1;2;-12,593573;-55,743468;SPRF-MT;DEL06-MT;UOP01-DEL06-MT
691110;13/05/2025;terça-feira;18:44:00;DF;251;49;BRASILIA;Condutor deixou de manter distância do veículo da frente;Colisão traseira;Com Vítimas Feridas;Plena Noite;Crescente;Ignorado;Simples;Reta;Não;2;0;1;0;1;0;1;2;-15,9614;-47,87373841;SPRF-DF;DEL01-DF;UOP01-DEL01-DF
691112;13/05/2025;terça-feira;17:00:00;AC;364;124;RIO BRANCO;Ausência de reação do condutor;Queda de ocupante de veículo;Com Vítimas Feridas;Pleno dia;Decrescente;Céu Claro;Dupla;Reta;Sim;1;0;1;0;0;0;1;1;-10,01158334;-67,79321616;SPRF-AC;DEL01-AC;UOP01-DEL01-AC
691113;13/05/2025;terça-feira;20:10:00;PR;116;118;CURITIBA;Manobra de mudança de faixa;Colisão lateral mesmo sentido;Com Vítimas Feridas;Plena Noite;Crescente;Nublado;Dupla;Curva;Sim;2;0;1;0;1;0;1;2;-25,5599896;-49,30743154;SPRF-PR;DEL01-PR;UOP03-DEL01-PR
691115;13/05/2025;terça-feira;20:50:00;CE;222;2,7;FORTALEZA;Entrada inopinada do pedestre;Atropelamento de Pedestre;Com Vítimas Feridas;Plena Noite;Decrescente;Céu Claro;Múltipla;Reta;Sim;2;0;1;1;0;0;2;2;-3,7397949;-38,5940049;SPRF-CE;DEL01-CE;UOP01-DEL01-CE
691116;13/05/2025;terça-feira;16:50:00;BA;349;901;CORRENTINA;Reação tardia ou ineficiente do condutor;Capotamento;Com Vítimas Feridas;Pleno dia;Crescente;Céu Claro;Simples;Reta;Não;2;0;1;0;1;0;1;1;-13,39882;-44,4089;SPRF-BA;DEL10-BA;UOP02-DEL10-BA
691117;13/05/2025;terça-feira;20:30:00;PR;476;118,7;COLOMBO;Condutor desrespeitou a iluminação vermelha do semáforo;Colisão transversal;Com Vítimas Feridas;Plena Noite;Crescente;Nublado;Dupla;Reta;Sim;2;0;1;0;1;0;1;2;-25,36228704;-49,18459861;SPRF-PR;DEL01-PR;UOP01-DEL01-PR
691118;13/05/2025;terça-feira;20:20:00;SC;101;211,2;PALHOCA;Trafegar com motocicleta (ou similar) entre as faixas;Queda de ocupante de veículo;Com Vítimas Feridas;Plena Noite;Crescente;Chuva;Múltipla;Reta;Sim;1;0;0;1;0;0;1;1;-27,62967359;-48,65893777;SPRF-SC;DEL01-SC;UOP02-DEL01-SC
691119;13/05/2025;terça-feira;16:50:00;SC;163;70,2;SAO MIGUEL DO OESTE;Manobra de mudança de faixa;Colisão lateral mesmo sentido;Com Vítimas Feridas;Pleno dia;Crescente;Céu Claro;Dupla;Reta;Sim;2;0;1;0;1;0;1;2;-26,73342127;-53,50839293;SPRF-SC;DEL07-SC;UOP03-DEL07-SC
691122;13/05/2025;terça-feira;21:30:00;PR;277;722,5;FOZ DO IGUACU;Acessar a via sem observar a presença dos outros veículos;Colisão transversal;Com Vítimas Feridas;Plena Noite;Crescente;Céu Claro;Dupla;"Reta;Retorno Regulamentado";Sim;2;0;1;0;1;0;1;2;-25,49645578;-54,52412574;SPRF-PR;DEL05-PR;UOP03-DEL05-PR
691123;13/05/2025;terça-feira;20:45:00;CE;222;2;FORTALEZA;Entrada inopinada do pedestre;Tombamento;Com Vítimas Feridas;Plena Noite;Crescente;Céu Claro;Múltipla;Reta;Sim;2;0;0;1;1;0;1;2;-3,73926256;-38,58753347;SPRF-CE;DEL01-CE;UOP01-DEL01-CE
691124;13/05/2025;terça-feira;18:50:00;PB;230;117,5;INGA;Acessar a via sem observar a presença dos outros veículos;Colisão transversal;Com Vítimas Feridas;Plena Noite;Decrescente;Céu Claro;Dupla;"Retorno Regulamentado;Aclive;Reta";Não;3;0;2;0;1;0;2;2;-7,241762;-35,62514;SPRF-PB;DEL02-PB;UOP01-DEL02-PB
691126;13/05/2025;terça-feira;18:30:00;PI;230;196,8;OEIRAS;Ausência de reação do condutor;Colisão transversal;Com Vítimas Feridas;Plena Noite;Decrescente;Céu Claro;Dupla;"Reta;Retorno Regulamentado";Sim;4;0;0;2;2;0;2;2;-7,008757;-42,125628;SPRF-PI;DEL04-PI;UOP01-DEL04-PI