id;data_inversa;dia_semana;horario;uf;br;km;municipio;causa_acidente;tipo_acidente;classificacao_acidente;fase_dia;sentido_via;condicao_metereologica;tipo_pista;tracado_via;uso_solo;pessoas;mortos;feridos_leves;feridos_graves;ilesos;ignorados;feridos;veiculos;latitude;longitude;regional;delegacia;uop
691128;13/05/2025;terça-feira;21:40:00;SC;101;131,8;CAMBORIU;Reação tardia ou ineficiente do condutor;Tombamento;Com Vítimas Feridas;Plena Noite;Crescente;Nublado;Múltipla;Reta;Sim;1;0;1;0;0;0;1;1;-26,99645033;-48,65656972;SPRF-SC;DEL04-SC;UOP03-DEL04-SC
691129;13/05/2025;terça-feira;20:30:00;PI;316;4,4;TERESINA;Ausência de reação do condutor;Eventos atípicos;Com Vítimas Feridas;Plena Noite;Crescente;Céu Claro;Múltipla;Reta;Sim;4;0;4;0;0;0;4;2;-5,1394552;-42,7860626;SPRF-PI;DEL01-PI;UOP02-DEL01-PI
691130;13/05/2025;terça-feira;22:10:00;MG;50;171;UBERABA;Velocidade Incompatível;Saída de leito carroçável;Com Vítimas Feridas;Plena Noite;Decrescente;Nublado;Dupla;Curva;Sim;1;0;1;0;0;0;1;1;-19,7508308;-47,98072815;SPRF-MG;DEL13-MG;UOP01-DEL13-MG
691134;13/05/2025;terça-feira;23:35:00;CE;222;0,6;FORTALEZA;Acessar a via sem observar a presença dos outros veículos;Colisão transversal;Com Vítimas Feridas;Plena Noite;Decrescente;Céu Claro;Múltipla;Reta;Sim;2;0;1;0;1;0;1;2;-3,73714758;-38,57276952;SPRF-CE;DEL01-CE;UOP01-DEL01-CE
691136;13/05/2025;terça-feira;18:10:00;BA;407;0;JUAZEIRO;Demais falhas na via;Queda de ocupante de veículo;Com Vítimas Feridas;Anoitecer;Crescente;Nublado;Simples;Reta;Sim;1;0;1;0;0;0;1;1;-9,414674;-40,506376;SPRF-PE;DEL06-PE;UOP01-DEL06-PE
691137;14/05/2025;quarta-feira;00:30:00;RS;153;405;CACHOEIRA DO SUL;Iluminação deficiente;Tombamento;Com Vítimas Feridas;Plena Noite;Crescente;Céu Claro;Simples;"Reta;Declive";Não;1;0;1;0;0;0;1;1;-29,9962173;-52,92367458;SPRF-RS;DEL02-RS;UOP03-DEL02-RS
691138;14/05/2025;quarta-feira;02:13:00;TO;153;335;GUARAI;Ausência de reação do condutor;Colisão com objeto;Com Vítimas Feridas;Plena Noite;Crescente;Céu Claro;Dupla;Reta;Não;1;0;0;1;0;0;1;1;-8,83270348;-48,51167679;SPRF-TO;DEL02-TO;UOP02-DEL02-TO
691144;14/05/2025;quarta-feira;03:40:00;PA;316;24,8;BENEVIDES;Ausência de reação do condutor;Colisão traseira;Com Vítimas Feridas;Plena Noite;Crescente;Céu Claro;Dupla;Reta;Não;2;0;2;0;0;0;2;2;-1,3331916;-48,2390399;SPRF-PA;DEL01-PA;UOP01-DEL01-PA
691145;14/05/2025;quarta-feira;03:35:00;PB;405;5,2;UIRAUNA;Ausência de reação do condutor;Colisão com objeto;Sem Vítimas;Plena Noite;Crescente;Céu Claro;Simples;"Reta;Interseção de Vias";Não;2;0;0;0;0;2;0;1;-6,497807;-38,395935;SPRF-PB;DEL03-PB;UOP03-DEL03-PB
691146;14/05/2025;quarta-feira;05:20:00;SC;101;104,3;PENHA;Entrada inopinada do pedestre;Atropelamento de Pedestre;Com Vítimas Feridas;Plena Noite;Crescente;Nublado;Dupla;"Reta;Viaduto";Não;2;0;0;1;0;1;1;2;-26,79855654;-48,67944209;SPRF-SC;DEL03-SC;UOP02-DEL03-SC
691147;14/05/2025;quarta-feira;05:51:00;RN;304;63,9;MOSSORO;Ausência de reação do condutor;Colisão lateral mesmo sentido;Com Vítimas Feridas;Pleno dia;Crescente;Céu Claro;Simples;Reta;Não;3;0;2;0;0;1;2;3;-5,353867;-37,252727;SPRF-RN;DEL04-RN;UOP01-DEL04-RN
691148;14/05/2025;quarta-feira;06:00:00;MG;50;63;UBERLANDIA;Ausência de reação do condutor;Saída de leito carroçável;Com Vítimas Feridas;Pleno dia;Crescente;Céu Claro;Dupla;Reta;Não;1;0;1;0;0;0;1;1;-18,840682;-48,251749;SPRF-MG;DEL15-MG;UOP02-DEL15-MG
691150;14/05/2025;quarta-feira;06:46:00;ES;101;122,8;LINHARES;Ultrapassagem Indevida;Saída de leito carroçável;Com Vítimas Feridas;Pleno dia;Decrescente;Céu Claro;Simples;Reta;Não;1;0;1;0;0;0;1;1;-19,1671819;-40,08656296;SPRF-ES;DEL04-ES;UOP01-DEL04-ES
691151;14/05/2025;quarta-feira;06:20:00;PR;116;207;RIO NEGRO;Ingestão de álcool pelo condutor;Saída de leito carroçável;Sem Vítimas;Amanhecer;Crescente;Céu Claro;Simples;Reta;Sim;1;0;0;0;1;0;0;1;-26,07960695;-49,76912463;SPRF-SC;DEL06-SC;UOP01-DEL06-SC
691153;14/05/2025;quarta-feira;07:00:00;SP;153;75,3;BADY BASSITT;Acessar a via sem observar a presença dos outros veículos;Colisão lateral mesmo sentido;Com Vítimas Feridas;Pleno dia;Decrescente;Céu Claro;Simples;Reta;Sim;2;0;1;0;1;0;1;2;-20,8978633;-49,43887353;SPRF-SP;DEL09-SP;UOP01-DEL09-SP
691154;14/05/2025;quarta-feira;07:28:00;ES;101;322;GUARAPARI;Demais falhas mecânicas ou elétricas;Incêndio;Sem Vítimas;Pleno dia;Crescente;Nublado;Dupla;Reta;Não;1;0;0;0;1;0;0;1;-20,52694351;-40,48180668;SPRF-ES;DEL03-ES;UOP01-DEL03-ES
691155;14/05/2025;quarta-feira;07:00:00;SC;470;66,7;INDAIAL;Pista Escorregadia;Tombamento;Com Vítimas Feridas;Pleno dia;Decrescente;Garoa/Chuvisco;Dupla;"Reta;Em Obras";Sim;2;0;2;0;0;0;2;1;-26,87118535;-49,22918916;SPRF-SC;DEL04-SC;UOP01-DEL04-SC
691160;14/05/2025;quarta-feira;07:58:00;PR;158;537;PATO BRANCO;Acessar a via sem observar a presença dos outros veículos;Colisão frontal;Com Vítimas Feridas;Pleno dia;Crescente;Céu Claro;Simples;Reta;Não;2;0;1;0;1;0;1;2;-26,2452148;-52,70141602;SPRF-PR;DEL02-PR;UOP01-DEL02-PR
691161;14/05/2025;quarta-feira;06:45:00;MS;163;255;DOURADOS;Animais na Pista;Atropelamento de Animal;Com Vítimas Feridas;Pleno dia;Crescente;Céu Claro;Dupla;Reta;Sim;1;0;1;0;0;0;1;1;-22,25906994;-54,80004072;SPRF-MS;DEL04-MS;UOP01-DEL04-MS
691162;14/05/2025;quarta-feira;06:40:00;RJ;116;145;DUQUE DE CAXIAS;Pedestre andava na pista;Colisão lateral mesmo sentido;Com Vítimas Feridas;Amanhecer;Crescente;Céu Claro;Dupla;Reta;Sim;3;0;1;0;1;1;1;2;-22,64853794;-43,22939873;SPRF-RJ;DEL01-RJ;UOP02-DEL01-RJ
691163;14/05/2025;quarta-feira;07:55:00;PE;101;73,7;RECIFE;Transitar no Acostamento;Colisão lateral mesmo sentido;Com Vítimas Feridas;Pleno dia;Decrescente;Nublado;Dupla;"Reta;Retorno Regulamentado";Sim;2;0;1;0;1;0;1;2;-8,09954;-34,95007;SPRF-PE;DEL01-PE;UOP01-DEL01-PE
691164;02/05/2025;sexta-feira;20:30:00;SC;101;383;ICARA;Demais falhas mecânicas ou elétricas;Incêndio;Sem Vítimas;Plena Noite;Decrescente;Céu Claro;Múltipla;Reta;Não;1;0;0;0;1;0;0;1;-28,766944;-49,298677;SPRF-SC;DEL02-SC;UOP02-DEL02-SC
691167;14/05/2025;quarta-feira;07:30:00;CE;116;423;BAIXIO;Demais falhas mecânicas ou elétricas;Incêndio;Sem Vítimas;Pleno dia;Crescente;Céu Claro;Simples;Reta;Não;1;0;0;0;1;0;0;1;-6,72341102;-38,80320668;SPRF-CE;DEL05-CE;UOP01-DEL05-CE
691168;14/05/2025;quarta-feira;07:00:00;PR;272;382,7;ARARUNA;Ausência de reação do condutor;Saída de leito carroçável;Com Vítimas Fatais;Amanhecer;Crescente;Céu Claro;Simples;Curva;Não;1;1;0;0;0;0;0;1;-24,052028;-52,544768;SPRF-PR;DEL09-PR;UOP03-DEL09-PR
691169;14/05/2025;quarta-feira;08:10:00;PR;277;79;CURITIBA;Condutor deixou de manter distância do veículo da frente;Colisão traseira;Com Vítimas Feridas;Pleno dia;Crescente;Chuva;Dupla;Reta;Sim;2;0;1;0;1;0;1;2;-25,4790548;-49,2006639;SPRF-PR;DEL01-PR;UOP07-DEL01-PR
691170;23/01/2025;quinta-feira;07:15:00;PR;476;285,4;SAO MATEUS DO SUL;Reação tardia ou ineficiente do condutor;Colisão transversal;Com Vítimas Feridas;Pleno dia;Decrescente;Céu Claro;Simples;"Retorno Regulamentado;Reta";Não;2;0;0;1;1;0;1;2;-25,907349;-50,444057;SPRF-PR;DEL02-PR;UOP03-DEL02-PR
691173;14/05/2025;quarta-feira;09:15:00;BA;324;609;SIMOES FILHO;Pista esburacada;Tombamento;Com Vítimas Feridas;Pleno dia;Crescente;Sol;Dupla;"Curva;Viaduto";Não;1;0;1;0;0;0;1;1;-12,8231704;-38,4039606;SPRF-BA;DEL01-BA;UOP01-DEL01-BA
691174;14/05/2025;quarta-feira;09:30:00;ES;101;219;IBIRACU;Velocidade Incompatível;Saída de leito carroçável;Com Vítimas Feridas;Pleno dia;Crescente;Chuva;Dupla;Curva;Não;1;0;1;0;0;0;1;1;-19,86;-40,38;SPRF-ES;DEL02-ES;UOP01-DEL02-ES
691175;14/05/2025;quarta-feira;08:10:00;AL;104;93,5;RIO LARGO;Chuva;Queda de ocupante de veículo;Com Vítimas Feridas;Pleno dia;Crescente;Garoa/Chuvisco;Dupla;Reta;Sim;2;0;2;0;0;0;2;1;-9,525459;-35,79984;SPRF-AL;DEL01-AL;UOP01-DEL01-AL
691177;14/05/2025;quarta-feira;09:10:00;PR;277;83;CURITIBA;Condutor deixou de manter distância do veículo da frente;Colisão traseira;Com Vítimas Feridas;Pleno dia;Crescente;Garoa/Chuvisco;Dupla;Reta;Não;2;0;1;0;1;0;1;2;-25,4509056;-49,2437504;SPRF-PR;DEL01-PR;UOP03-DEL01-PR
691178;14/05/2025;quarta-feira;08:10:00;RJ;40;105;DUQUE DE CAXIAS;Ultrapassagem Indevida;Colisão transversal;Com Vítimas Feridas;Pleno dia;Crescente;Céu Claro;Simples;Reta;Sim;2;0;1;0;1;0;1;2;-22,63444944;-43,285291;SPRF-RJ;DEL01-RJ;UOP02-DEL01-RJ
691179;14/05/2025;quarta-feira;06:40:00;PR;277;122,3;CAMPO LARGO;Objeto estático sobre o leito carroçável;Colisão com objeto;Com Vítimas Feridas;Pleno dia;Crescente;Nublado;Dupla;Reta;Sim;1;0;0;1;0;0;1;1;-25,44359724;-49,50482888;SPRF-PR;DEL03-PR;UOP03-DEL03-PR
691180;14/05/2025;quarta-feira;07:00:00;RJ;40;123;DUQUE DE CAXIAS;Reação tardia ou ineficiente do condutor;Colisão lateral mesmo sentido;Com Vítimas Feridas;Pleno dia;Crescente;Céu Claro;Múltipla;Reta;Sim;2;0;1;0;1;0;1;2;-22,80414103;-43,29013892;SPRF-RJ;DEL01-RJ;UOP02-DEL01-RJ
691181;12/04/2025;sábado;05:20:00;SC;282;493;FAXINAL DOS GUEDES;Ingestão de álcool pelo condutor;Colisão frontal;Com Vítimas Feridas;Plena Noite;Decrescente;Nublado;Simples;Reta;Não;4;0;0;3;0;1;3;3;-26,87109814;-52,30313308;SPRF-SC;DEL07-SC;UOP01-DEL07-SC
691182;14/05/2025;quarta-feira;08:00:00;SP;116;94,8;PINDAMONHANGABA;Ausência de reação do condutor;Atropelamento de Pedestre;Com Vítimas Feridas;Pleno dia;Decrescente;Céu Claro;Dupla;Reta;Não;3;0;1;0;1;1;1;2;-22,964931;-45,428281;SPRF-SP;DEL08-SP;UOP01-DEL08-SP
691183;09/03/2025;domingo;05:00:00;SC;282;554;NOVA ITABERABA;Ausência de reação do condutor;Saída de leito carroçável;Sem Vítimas;Plena Noite;Crescente;Céu Claro;Simples;Rotatória;Não;1;0;0;0;0;1;0;1;-26,93911586;-52,79106255;SPRF-SC;DEL07-SC;UOP01-DEL07-SC
691184;14/05/2025;quarta-feira;09:25:00;RS;285;294;PASSO FUNDO;Condutor deixou de manter distância do veículo da frente;Colisão traseira;Com Vítimas Feridas;Pleno dia;Decrescente;Céu Claro;Simples;Reta;Sim;2;0;1;0;1;0;1;2;-28,23548683;-52,37970114;SPRF-RS;DEL08-RS;UOP03-DEL08-RS
691186;14/05/2025;quarta-feira;08:10:00;RN;304;41,1;MOSSORO;Condutor deixou de manter distância do veículo da frente;Colisão traseira;Com Vítimas Feridas;Pleno dia;Decrescente;Céu Claro;Dupla;Reta;Sim;2;0;0;1;0;1;1;2;-5,20205286;-37,37688303;SPRF-RN;DEL04-RN;UOP01-DEL04-RN
691187;14/05/2025;quarta-feira;09:30:00;SP;116;545;BARRA DO TURVO;Reação tardia ou ineficiente do condutor;Colisão com objeto;Com Vítimas Feridas;Pleno dia;Crescente;Nublado;Simples;"Curva;Declive";Não;2;0;2;0;0;0;2;1;-24,947891;-48,423858;SPRF-SP;DEL05-SP;UOP02-DEL05-SP
691188;14/05/2025;quarta-feira;10:15:00;RS;101;6,8;TORRES;Ingestão de álcool pelo condutor;Colisão transversal;Com Vítimas Feridas;Pleno dia;Crescente;Céu Claro;Múltipla;"Reta;Interseção de Vias";Sim;2;0;0;1;1;0;1;2;-29,352407;-49,79817;SPRF-RS;DEL03-RS;UOP02-DEL03-RS
691190;14/05/2025;quarta-feira;10:03:00;PR;116;3,2;CAMPINA GRANDE DO SUL;Reação tardia ou ineficiente do condutor;Saída de leito carroçável;Com Vítimas Feridas;Pleno dia;Crescente;Nublado;Dupla;"Reta;Aclive";Não;1;0;1;0;0;0;1;1;-25,35988;-49,076147;SPRF-PR;DEL01-PR;UOP02-DEL01-PR
691194;07/03/2025;sexta-feira;08:50:00;ES;101;148,6;LINHARES;Acessar a via sem observar a presença dos outros veículos;Colisão transversal;Com Vítimas Feridas;Pleno dia;Crescente;Céu Claro;Simples;Interseção de Vias;Sim;2;0;0;1;1;0;1;2;-19,39976728;-40,06234742;SPRF-ES;DEL04-ES;UOP01-DEL04-ES
691195;14/05/2025;quarta-feira;11:20:00;RS;386;32,8;FREDERICO WESTPHALEN;Condutor deixou de manter distância do veículo da frente;Colisão traseira;Com Vítimas Feridas;Pleno dia;Decrescente;Céu Claro;Simples;Reta;Sim;2;0;1;0;1;0;1;2;-27,34945902;-53,38629596;SPRF-RS;DEL08-RS;UOP02-DEL08-RS
691196;14/05/2025;quarta-feira;11:30:00;SC;101;211,6;PALHOCA;Acessar a via sem observar a presença dos outros veículos;Colisão lateral mesmo sentido;Com Vítimas Feridas;Pleno dia;Decrescente;Céu Claro;Dupla;Reta;Sim;2;0;0;1;0;1;1;2;-27,628;-48,65659;SPRF-SC;DEL01-SC;UOP02-DEL01-SC
691197;14/05/2025;quarta-feira;09:15:00;PR;116;42,2;CAMPINA GRANDE DO SUL;Velocidade Incompatível;Colisão com objeto;Com Vítimas Feridas;Pleno dia;Crescente;Garoa/Chuvisco;Dupla;Curva;Não;5;0;2;0;3;0;2;1;-25,17804883;-48,87943983;SPRF-PR;DEL01-PR;UOP02-DEL01-PR
691200;14/05/2025;quarta-feira;11:10:00;CE;222;218;SOBRAL;Ultrapassagem Indevida;Colisão lateral sentido oposto;Com Vítimas Feridas;Pleno dia;Crescente;Céu Claro;Simples;Reta;Não;2;0;1;0;0;1;1;2;-3,7189501;-40,3323317;SPRF-CE;DEL04-CE;UOP01-DEL04-CE
691202;14/05/2025;quarta-feira;11:15:00;PE;232;44;VITORIA DE SANTO ANTAO;Transitar na contramão;Colisão frontal;Com Vítimas Feridas;Pleno dia;Crescente;Céu Claro;Simples;Curva;Não;2;0;1;0;1;0;1;2;-8,12832126;-35,2808598;SPRF-PE;DEL01-PE;UOP01-DEL01-PE
691205;14/05/2025;quarta-feira;08:20:00;PI;135;351;BOM JESUS;Acessar a via sem observar a presença dos outros veículos;Colisão transversal;Com Vítimas Feridas;Pleno dia;Crescente;Céu Claro;Simples;"Declive;Reta";Sim;2;0;0;1;1;0;1;2;-9,0802712;-44,3615455;SPRF-PI;DEL03-PI;UOP02-DEL03-PI
691207;14/05/2025;quarta-feira;08:00:00;PR;153;1,4;JACAREZINHO;Velocidade Incompatível;Saída de leito carroçável;Sem Vítimas;Pleno dia;Crescente;Céu Claro;Simples;"Retorno Regulamentado;Curva;Declive";Não;1;0;0;0;0;1;0;1;-23,00733931;-49,90585903;SPRF-PR;DEL07-PR;UOP04-DEL07-PR
691208;12/05/2025;segunda-feira;19:00:00;RJ;101;319;SAO GONCALO;Trafegar com motocicleta (ou similar) entre as faixas;Colisão traseira;Sem Vítimas;Plena Noite;Decrescente;Céu Claro;Simples;Reta;Não;2;0;0;0;2;0;0;2;-22,7934208;-43,024384;SPRF-RJ;DEL02-RJ;UOP02-DEL02-RJ
691210;14/05/2025;quarta-feira;12:10:00;RJ;116;79;TERESOPOLIS;Conversão proibida;Colisão lateral mesmo sentido;Com Vítimas Feridas;Pleno dia;Crescente;Céu Claro;Simples;Curva;Sim;2;0;1;0;1;0;1;2;-22,383745;-42,954876;SPRF-RJ;DEL04-RJ;UOP01-DEL04-RJ
691212;14/05/2025;quarta-feira;12:55:00;TO;153;497;PARAISO DO TOCANTINS;Desrespeitar a preferência no cruzamento;Colisão lateral sentido oposto;Com Vítimas Feridas;Pleno dia;Crescente;Céu Claro;Simples;Interseção de Vias;Sim;2;0;2;0;0;0;2;2;-10,181498;-48,880697;SPRF-TO;DEL01-TO;UOP01-DEL01-TO
691213;14/05/2025;quarta-feira;13:33:00;RN;101;106;PARNAMIRIM;Acessar a via sem observar a presença dos outros veículos;Colisão transversal;Com Vítimas Feridas;Pleno dia;Crescente;Sol;Múltipla;Interseção de Vias;Sim;2;0;0;1;1;0;1;2;-5,905843;-35,260632;SPRF-RN;DEL01-RN;UOP01-DEL01-RN
691215;14/05/2025;quarta-feira;13:20:00;ES;101;67;SAO MATEUS;Condutor deixou de manter distância do veículo da frente;Colisão traseira;Com Vítimas Feridas;Pleno dia;Decrescente;Céu Claro;Simples;Reta;Sim;2;0;1;0;0;1;1;2;-18,72190163;-39,86367702;SPRF-ES;DEL04-ES;UOP02-DEL04-ES
691217;14/05/2025;quarta-feira;12:30:00;SC;101;120;ITAJAI;Trafegar com motocicleta (ou similar) entre as faixas;Colisão lateral mesmo sentido;Com Vítimas Feridas;Pleno dia;Crescente;Céu Claro;Dupla;Reta;Sim;2;0;1;0;1;0;1;2;-26,91579439;-48,71131897;SPRF-SC;DEL04-SC;UOP04-DEL04-SC
691219;14/05/2025;quarta-feira;13:50:00;SC;101;211,2;PALHOCA;Demais falhas mecânicas ou elétricas;Eventos atípicos;Com Vítimas Feridas;Pleno dia;Decrescente;Céu Claro;Múltipla;"Viaduto;Reta";Sim;2;0;1;0;1;0;1;2;-27,62819109;-48,65714487;SPRF-SC;DEL01-SC;UOP02-DEL01-SC
691220;14/05/2025;quarta-feira;12:15:00;MA;10;254;IMPERATRIZ;Velocidade Incompatível;Colisão traseira;Com Vítimas Feridas;Pleno dia;Crescente;Céu Claro;Simples;Interseção de Vias;Sim;2;0;1;0;1;0;1;2;-5,510538;-47,471495;SPRF-MA;DEL04-MA;UOP01-DEL04-MA
691223;14/05/2025;quarta-feira;14:30:00;RS;290;68;GRAVATAI;Ausência de reação do condutor;Colisão traseira;Com Vítimas Feridas;Pleno dia;Decrescente;Céu Claro;Dupla;Reta;Sim;3;0;1;0;2;0;1;2;-29,943775;-50,936585;SPRF-RS;DEL03-RS;UOP01-DEL03-RS
691224;14/05/2025;quarta-feira;13:00:00;MA;230;404,6;BALSAS;Conversão proibida;Colisão transversal;Com Vítimas Feridas;Pleno dia;Crescente;Céu Claro;Simples;"Reta;Interseção de Vias";Sim;3;0;0;2;1;0;2;2;-7,52215;-46,047465;SPRF-MA;DEL05-MA;UOP01-DEL05-MA
691226;14/05/2025;quarta-feira;13:00:00;BA;324;513;FEIRA DE SANTANA;Acesso irregular;Colisão lateral sentido oposto;Com Vítimas Feridas;Pleno dia;Decrescente;Céu Claro;Simples;Reta;Sim;2;0;1;0;1;0;1;2;-12,2629584;-38,9330529;SPRF-BA;DEL02-BA;UOP01-DEL02-BA
691227;14/05/2025;quarta-feira;10:54:00;RO;364;22;MONTE NEGRO;Acessar a via sem observar a presença dos outros veículos;Colisão transversal;Com Vítimas Feridas;Pleno dia;Crescente;Céu Claro;Simples;Declive;Não;2;0;1;0;1;0;1;2;-10,03978674;-63,18614356;SPRF-RO;DEL04-RO;UOP01-DEL04-RO
691231;14/05/2025;quarta-feira;14:50:00;SP;116;423;JUQUIA;Ausência de reação do condutor;Colisão lateral mesmo sentido;Com Vítimas Feridas;Pleno dia;Crescente;Céu Claro;Dupla;Reta;Não;2;0;2;0;0;0;2;2;-24,37055365;-47,70298004;SPRF-SP;DEL05-SP;UOP01-DEL05-SP
691234;14/05/2025;quarta-feira;15:30:00;MG;381;486,5;BETIM;Ausência de reação do condutor;Tombamento;Com Vítimas Feridas;Pleno dia;Decrescente;Céu Claro;Múltipla;"Curva;Declive";Sim;1;0;1;0;0;0;1;1;-19,9558819;-44,1113472;SPRF-MG;DEL01-MG;UOP03-DEL01-MG
691236;14/05/2025;quarta-feira;13:05:00;RJ;116;142;DUQUE DE CAXIAS;Reação tardia ou ineficiente do condutor;Colisão transversal;Com Vítimas Feridas;Pleno dia;Decrescente;Céu Claro;Simples;"Reta;Retorno Regulamentado";Sim;2;0;1;0;1;0;1;2;-22,64731387;-43,22378755;SPRF-RJ;DEL01-RJ;UOP02-DEL01-RJ
691237;14/05/2025;quarta-feira;14:30:00;BA;101;524;BUERAREMA;Acessar a via sem observar a presença dos outros veículos;Colisão transversal;Com Vítimas Feridas;Pleno dia;Crescente;Garoa/Chuvisco;Simples;Reta;Sim;3;0;1;0;2;0;1;2;-14,95258672;-39,30610511;SPRF-BA;DEL05-BA;UOP01-DEL05-BA
691238;14/05/2025;quarta-feira;15:30:00;ES;101;266,5;SERRA;Condutor desrespeitou a iluminação vermelha do semáforo;Colisão transversal;Com Vítimas Feridas;Anoitecer;Crescente;Chuva;Múltipla;Reta;Não;2;0;1;1;0;0;2;2;-20,19551333;-40,26872333;SPRF-ES;DEL02-ES;UOP01-DEL02-ES
691239;14/05/2025;quarta-feira;10:20:00;MG;116;546,6;SANTA BARBARA DO LESTE;Ingestão de substâncias psicoativas pelo condutor;Colisão lateral mesmo sentido;Com Vítimas Feridas;Pleno dia;Decrescente;Céu Claro;Simples;"Curva;Declive";Não;2;0;1;0;1;0;1;2;-19,945914;-42,131197;SPRF-MG;DEL06-MG;UOP02-DEL06-MG
691240;14/05/2025;quarta-feira;15:00:00;AP;210;2,8;MACAPA;Acessar a via sem observar a presença dos outros veículos;Colisão transversal;Com Vítimas Feridas;Pleno dia;Decrescente;Céu Claro;Simples;Interseção de Vias;Sim;2;0;1;0;0;1;1;2;0,08648025;-51,08475778;SPRF-AP;DEL01-AP;UOP01-DEL01-AP
691242;14/05/2025;quarta-feira;16:12:00;SP;116;151,9;SAO JOSE DOS CAMPOS;Demais falhas mecânicas ou elétricas;Queda de ocupante de veículo;Com Vítimas Feridas;Pleno dia;Crescente;Céu Claro;Dupla;Aclive;Sim;2;0;1;1;0;0;2;1;-23,22729595;-45,90825539;SPRF-SP;DEL02-SP;UOP01-DEL02-SP
691243;14/05/2025;quarta-feira;11:45:00;MG;251;357;PADRE CARVALHO;Condutor Dormindo;Saída de leito carroçável;Com Vítimas Feridas;Pleno dia;Crescente;Nublado;Simples;Reta;Não;3;0;2;1;0;0;3;1;-16,265509;-42,569956;SPRF-MG;DEL12-MG;UOP02-DEL12-MG
691244;14/05/2025;quarta-feira;13:00:00;AC;364;131;RIO BRANCO;Acessar a via sem observar a presença dos outros veículos;Colisão lateral mesmo sentido;Com Vítimas Feridas;Pleno dia;Crescente;Sol;Simples;Curva;Sim;3;0;2;0;1;0;2;2;-10,01506091;-67,84094095;SPRF-AC;DEL01-AC;UOP01-DEL01-AC
691245;14/05/2025;quarta-feira;15:20:00;MG;50;181;UBERABA;Ausência de reação do condutor;Colisão traseira;Com Vítimas Feridas;Pleno dia;Decrescente;Céu Claro;Dupla;Reta;Sim;1;0;1;0;0;0;1;1;-19,77985896;-47,92038918;SPRF-MG;DEL13-MG;UOP01-DEL13-MG
691246;14/05/2025;quarta-feira;16:03:00;PR;116;126;FAZENDA RIO GRANDE;Reação tardia ou ineficiente do condutor;Atropelamento de Pedestre;Com Vítimas Feridas;Pleno dia;Decrescente;Céu Claro;Dupla;"Interseção de Vias;Reta";Sim;2;0;1;0;1;0;1;2;-25,641016;-49,313004;SPRF-PR;DEL01-PR;UOP03-DEL01-PR
691247;14/05/2025;quarta-feira;15:50:00;BA;101;192;CONCEICAO DA FEIRA;Demais falhas mecânicas ou elétricas;Saída de leito carroçável;Com Vítimas Feridas;Pleno dia;Decrescente;Céu Claro;Simples;"Reta;Declive";Não;2;0;2;0;0;0;2;1;-12,521852;-38,971713;SPRF-BA;DEL01-BA;UOP03-DEL01-BA
691249;14/05/2025;quarta-feira;16:20:00;RS;290;86;PORTO ALEGRE;Animais na Pista;Tombamento;Com Vítimas Feridas;Pleno dia;Crescente;Nublado;Dupla;Reta;Não;1;0;1;0;0;0;1;1;-29,96831568;-51,1145215;SPRF-RS;DEL01-RS;UOP01-DEL01-RS
691251;06/05/2025;terça-feira;23:00:00;PR;476;120,5;COLOMBO;Ingestão de álcool pelo condutor;Colisão transversal;Com Vítimas Feridas;Plena Noite;Crescente;Nublado;Dupla;Interseção de Vias;Sim;4;0;2;1;1;0;3;2;-25,3748834;-49,1939842;SPRF-PR;DEL01-PR;UOP01-DEL01-PR
691254;14/05/2025;quarta-feira;16:05:00;PR;369;169,7;ROLANDIA;Desrespeitar a preferência no cruzamento;Colisão transversal;Com Vítimas Feridas;Pleno dia;Crescente;Céu Claro;Simples;Reta;Sim;2;0;2;0;0;0;2;2;-23,30316239;-51,3356781;SPRF-PR;DEL07-PR;UOP01-DEL07-PR
691256;14/05/2025;quarta-feira;16:20:00;RR;401;20;CANTA;Demais falhas mecânicas ou elétricas;Tombamento;Com Vítimas Feridas;Pleno dia;Decrescente;Céu Claro;Dupla;Reta;Não;2;0;2;0;0;0;2;1;2,79395769;-60,63972473;SPRF-RR;DEL01-RR;UOP01-DEL01-RR
691257;14/05/2025;quarta-feira;17:00:00;MG;262;393;PARA DE MINAS;Condutor usando celular;Saída de leito carroçável;Sem Vítimas;Pleno dia;Decrescente;Céu Claro;Dupla;Reta;Sim;1;0;0;0;1;0;0;1;-19,903;-44,539;SPRF-MG;DEL01-MG;UOP03-DEL01-MG
691258;14/05/2025;quarta-feira;14:00:00;MT;163;764;SORRISO;Ausência de reação do condutor;Colisão traseira;Sem Vítimas;Pleno dia;Decrescente;Céu Claro;Simples;Reta;Não;3;0;0;0;3;0;0;2;-12,49197344;-55,68403244;SPRF-MT;DEL06-MT;UOP01-DEL06-MT
691260;14/05/2025;quarta-feira;17:00:00;GO;20;6;FORMOSA;Acessar a via sem observar a presença dos outros veículos;Colisão transversal;Com Vítimas Feridas;Anoitecer;Crescente;Céu Claro;Simples;"Reta;Declive";Sim;2;0;1;0;0;1;1;2;-15,549725;-47,300998;SPRF-DF;DEL02-DF;UOP02-DEL02-DF