id;data_inversa;dia_semana;horario;uf;br;km;municipio;causa_acidente;tipo_acidente;classificacao_acidente;fase_dia;sentido_via;condicao_metereologica;tipo_pista;tracado_via;uso_solo;pessoas;mortos;feridos_leves;feridos_graves;ilesos;ignorados;feridos;veiculos;latitude;longitude;regional;delegacia;uop
691374;15/05/2025;quinta-feira;08:08:00;SP;381;43;ATIBAIA;Transitar na contramão;Colisão frontal;Sem Vítimas;Pleno dia;Decrescente;Céu Claro;Múltipla;Retorno Regulamentado;Sim;2;0;0;0;2;0;0;2;-23,159077;-46,573221;SPRF-SP;DEL03-SP;UOP01-DEL03-SP
691375;15/05/2025;quinta-feira;08:33:00;MG;40;511,2;RIBEIRAO DAS NEVES;Entrada inopinada do pedestre;Atropelamento de Pedestre;Com Vítimas Feridas;Pleno dia;Crescente;Nublado;Dupla;"Reta;Interseção de Vias";Sim;3;0;0;1;1;1;1;2;-19,783318;-44,115895;SPRF-MG;DEL01-MG;UOP02-DEL01-MG
691379;15/05/2025;quinta-feira;08:07:00;PR;376;1,1;SAO JOSE DOS PINHAIS;Condutor deixou de manter distância do veículo da frente;Colisão traseira;Com Vítimas Feridas;Pleno dia;Decrescente;Sol;Dupla;"Reta;Aclive;Viaduto";Sim;2;0;1;0;1;0;1;2;-25,55883892;-49,18529164;SPRF-PR;DEL01-PR;UOP04-DEL01-PR
691381;15/05/2025;quinta-feira;08:30:00;RS;392;0,2;PELOTAS;Reação tardia ou ineficiente do condutor;Colisão transversal;Com Vítimas Feridas;Pleno dia;Decrescente;Céu Claro;Simples;Reta;Não;2;0;0;1;1;0;1;2;-31,75960637;-52,40207545;SPRF-RS;DEL07-RS;UOP01-DEL07-RS
691382;15/05/2025;quinta-feira;08:45:00;MG;381;481;CONTAGEM;Ausência de reação do condutor;Colisão traseira;Com Vítimas Feridas;Pleno dia;Decrescente;Nublado;Dupla;"Declive;Reta";Não;4;0;2;0;1;1;2;3;-19,95898921;-44,06864047;SPRF-MG;DEL01-MG;UOP03-DEL01-MG
691385;15/05/2025;quinta-feira;08:05:00;PR;277;77,9;CURITIBA;Trafegar com motocicleta (ou similar) entre as faixas;Colisão lateral mesmo sentido;Com Vítimas Feridas;Pleno dia;Crescente;Céu Claro;Dupla;Reta;Sim;2;0;1;0;1;0;1;2;-25,481769;-49,194692;SPRF-PR;DEL01-PR;UOP07-DEL01-PR
691391;15/05/2025;quinta-feira;09:15:00;MG;262;363;JUATUBA;Manobra de mudança de faixa;Colisão lateral mesmo sentido;Com Vítimas Feridas;Pleno dia;Crescente;Céu Claro;Dupla;"Reta;Aclive";Não;3;0;0;1;2;0;1;2;-19,9708848;-44,2947854;SPRF-MG;DEL01-MG;UOP03-DEL01-MG
691393;11/01/2025;sábado;15:15:00;PR;277;109;CURITIBA;Velocidade Incompatível;Saída de leito carroçável;Com Vítimas Feridas;Pleno dia;Decrescente;Sol;Dupla;Reta;Não;1;0;0;1;0;0;1;1;-25,4275486;-49,3868387;SPRF-PR;DEL03-PR;UOP03-DEL03-PR
691394;15/05/2025;quinta-feira;08:30:00;SC;116;12,3;MAFRA;Desrespeitar a preferência no cruzamento;Colisão transversal;Com Vítimas Feridas;Pleno dia;Decrescente;Céu Claro;Simples;"Interseção de Vias;Reta";Sim;3;0;2;0;1;0;2;2;-26,17981;-49,871278;SPRF-SC;DEL06-SC;UOP01-DEL06-SC
691396;29/04/2025;terça-feira;13:00:00;BA;367;82,1;EUNAPOLIS;Acesso irregular;Colisão transversal;Com Vítimas Feridas;Pleno dia;Crescente;Nublado;Simples;"Reta;Interseção de Vias";Sim;3;0;2;0;1;0;2;2;-16,37215;-39,56321;SPRF-BA;DEL09-BA;UOP03-DEL09-BA
691401;29/04/2025;terça-feira;08:40:00;RJ;101;309;SAO GONCALO;Manobra de mudança de faixa;Colisão lateral mesmo sentido;Com Vítimas Feridas;Pleno dia;Crescente;Sol;Dupla;Reta;Sim;2;0;0;1;1;0;1;2;-22,7936086;-43,0291958;SPRF-RJ;DEL02-RJ;UOP02-DEL02-RJ
691402;15/05/2025;quinta-feira;10:05:00;SP;116;154;SAO JOSE DOS CAMPOS;Reação tardia ou ineficiente do condutor;Colisão traseira;Com Vítimas Feridas;Pleno dia;Decrescente;Céu Claro;Dupla;Aclive;Não;2;0;1;0;1;0;1;2;-23,24259716;-45,92428621;SPRF-SP;DEL02-SP;UOP01-DEL02-SP
691403;15/05/2025;quinta-feira;10:15:00;PR;153;41,6;SANTO ANTONIO DA PLATINA;Acesso irregular;Colisão transversal;Com Vítimas Feridas;Pleno dia;Crescente;Céu Claro;Simples;Reta;Sim;2;0;0;1;1;0;1;2;-23,293845;-50,06400911;SPRF-PR;DEL07-PR;UOP04-DEL07-PR
691404;15/05/2025;quinta-feira;08:20:00;PR;373;195;PONTA GROSSA;Manobra de mudança de faixa;Saída de leito carroçável;Com Vítimas Feridas;Pleno dia;Crescente;Céu Claro;Simples;Reta;Não;1;0;1;0;0;0;1;1;-25,07948594;-50,37866291;SPRF-PR;DEL03-PR;UOP01-DEL03-PR
691405;15/05/2025;quinta-feira;10:50:00;ES;101;289;CARIACICA;Ausência de reação do condutor;Queda de ocupante de veículo;Com Vítimas Feridas;Pleno dia;Decrescente;Céu Claro;Dupla;Reta;Sim;1;0;1;0;0;0;1;1;-20,270987;-40,3905461;SPRF-ES;DEL01-ES;UOP01-DEL01-ES
691407;15/05/2025;quinta-feira;10:00:00;SC;470;65,4;INDAIAL;Ultrapassagem Indevida;Colisão transversal;Com Vítimas Feridas;Pleno dia;Decrescente;Nublado;Simples;Desvio Temporário;Sim;2;0;1;0;1;0;1;2;-26,87047215;-49,21364006;SPRF-SC;DEL04-SC;UOP01-DEL04-SC
691408;15/05/2025;quinta-feira;09:45:00;MG;40;791;JUIZ DE FORA;Acessar a via sem observar a presença dos outros veículos;Colisão transversal;Com Vítimas Fatais;Pleno dia;Crescente;Nublado;Dupla;"Reta;Retorno Regulamentado";Sim;4;1;0;0;1;2;0;3;-21,7792117;-43,42400527;SPRF-MG;DEL05-MG;UOP01-DEL05-MG
691411;01/04/2025;terça-feira;20:25:00;CE;116;19;EUSEBIO;Acumulo de areia ou detritos sobre o pavimento;Queda de ocupante de veículo;Com Vítimas Feridas;Plena Noite;Decrescente;Céu Claro;Dupla;Retorno Regulamentado;Sim;2;0;2;0;0;0;2;1;-3,91890974;-38,50715518;SPRF-CE;DEL01-CE;UOP02-DEL01-CE
691412;28/03/2025;sexta-feira;23:30:00;MA;135;22,5;SAO LUIS;Ausência de reação do condutor;Colisão traseira;Com Vítimas Feridas;Plena Noite;Decrescente;Ignorado;Dupla;Reta;Sim;2;0;1;0;1;0;1;2;-2,55615371;-44,3111918;SPRF-MA;DEL01-MA;UOP01-DEL01-MA
691415;15/05/2025;quinta-feira;12:30:00;SC;101;350,2;JAGUARUNA;Ausência de reação do condutor;Saída de leito carroçável;Com Vítimas Feridas;Pleno dia;Decrescente;Céu Claro;Dupla;"Reta;Declive";Não;4;0;2;0;2;0;2;1;-28,5999317;-49,0493791;SPRF-SC;DEL02-SC;UOP01-DEL02-SC
691416;15/05/2025;quinta-feira;06:50:00;SP;116;505;CAJATI;Reação tardia ou ineficiente do condutor;Queda de ocupante de veículo;Com Vítimas Feridas;Pleno dia;Decrescente;Céu Claro;Simples;"Curva;Declive";Não;1;0;1;0;0;0;1;1;-24,789915;-48,204815;SPRF-SP;DEL05-SP;UOP02-DEL05-SP
691419;15/05/2025;quinta-feira;12:40:00;ES;101;190;ARACRUZ;Reação tardia ou ineficiente do condutor;Tombamento;Com Vítimas Feridas;Pleno dia;Crescente;Céu Claro;Simples;Curva;Não;1;0;1;0;0;0;1;1;-19,68577278;-40,28173484;SPRF-ES;DEL04-ES;UOP01-DEL04-ES
691421;15/05/2025;quinta-feira;11:57:00;MG;116;527,9;CARATINGA;Reação tardia ou ineficiente do condutor;Colisão transversal;Com Vítimas Feridas;Pleno dia;Crescente;Nublado;Simples;"Interseção de Vias;Reta";Sim;3;0;2;0;1;0;2;2;-19,764272;-42,1321073;SPRF-MG;DEL06-MG;UOP02-DEL06-MG
691423;15/05/2025;quinta-feira;09:30:00;MG;116;510,4;UBAPORANGA;Acessar a via sem observar a presença dos outros veículos;Colisão transversal;Com Vítimas Fatais;Pleno dia;Decrescente;Céu Claro;Simples;"Reta;Declive";Não;2;1;1;0;0;0;1;2;-19,64994765;-42,10964799;SPRF-MG;DEL06-MG;UOP02-DEL06-MG
691424;15/05/2025;quinta-feira;07:00:00;RJ;101;2,2;RIO DE JANEIRO;Ausência de reação do condutor;Colisão lateral mesmo sentido;Com Vítimas Feridas;Pleno dia;Crescente;Céu Claro;Dupla;"Curva;Declive";Sim;2;0;1;0;1;0;1;2;-22,87697047;-43,23219392;SPRF-RJ;DEL02-RJ;UOP01-DEL02-RJ
691425;15/05/2025;quinta-feira;11:00:00;PI;316;312;PICOS;Condutor deixou de manter distância do veículo da frente;Colisão traseira;Com Vítimas Feridas;Pleno dia;Crescente;Céu Claro;Múltipla;Reta;Sim;2;0;1;0;1;0;1;2;-7,08092534;-41,4582602;SPRF-PI;DEL04-PI;UOP01-DEL04-PI
691426;15/05/2025;quinta-feira;11:30:00;RJ;101;321;NITEROI;Manobra de mudança de faixa;Colisão lateral mesmo sentido;Com Vítimas Feridas;Pleno dia;Crescente;Céu Claro;Múltipla;Reta;Sim;2;0;1;0;1;0;1;2;-22,87951854;-43,11398839;SPRF-RJ;DEL02-RJ;UOP01-DEL02-RJ
691428;15/05/2025;quinta-feira;07:10:00;RJ;101;328;NITEROI;Manobra de mudança de faixa;Colisão lateral mesmo sentido;Com Vítimas Feridas;Pleno dia;Decrescente;Céu Claro;Múltipla;"Reta;Ponte";Não;3;0;2;0;1;0;2;2;-22,87083349;-43,16635877;SPRF-RJ;DEL02-RJ;UOP01-DEL02-RJ
691430;15/05/2025;quinta-feira;13:40:00;SP;381;89;GUARULHOS;Ausência de reação do condutor;Queda de ocupante de veículo;Com Vítimas Feridas;Pleno dia;Crescente;Céu Claro;Dupla;Reta;Sim;1;0;1;0;0;0;1;1;-23,49200027;-46,5595722;SPRF-SP;DEL03-SP;UOP01-DEL03-SP
691435;15/05/2025;quinta-feira;13:20:00;SP;381;85;SAO PAULO;Objeto estático sobre o leito carroçável;Colisão com objeto;Com Vítimas Feridas;Pleno dia;Decrescente;Sol;Múltipla;"Aclive;Reta;Viaduto";Sim;1;0;1;0;0;0;1;1;-23,46233;-46,57097;SPRF-SP;DEL03-SP;UOP01-DEL03-SP
691438;15/05/2025;quinta-feira;14:30:00;SE;235;21,1;LARANJEIRAS;Ausência de reação do condutor;Saída de leito carroçável;Com Vítimas Feridas;Pleno dia;Crescente;Céu Claro;Simples;Reta;Não;2;0;1;0;1;0;1;1;-10,834992;-37,22202301;SPRF-SE;DEL01-SE;UOP02-DEL01-SE
691440;15/05/2025;quinta-feira;12:30:00;RO;435;31,9;VILHENA;Avarias e/ou desgaste excessivo no pneu;Eventos atípicos;Com Vítimas Feridas;Pleno dia;Decrescente;Céu Claro;Simples;Reta;Não;2;0;2;0;0;0;2;1;-12,8266548;-60,37219883;SPRF-RO;DEL04-RO;UOP02-DEL04-RO
691441;15/05/2025;quinta-feira;15:00:00;PE;232;96,8;BEZERROS;Ausência de reação do condutor;Capotamento;Com Vítimas Feridas;Pleno dia;Decrescente;Nublado;Dupla;"Declive;Reta";Não;1;0;1;0;0;0;1;1;-8,233668;-35,715439;SPRF-PE;DEL02-PE;UOP02-DEL02PE
691443;15/05/2025;quinta-feira;14:25:00;RJ;40;102;DUQUE DE CAXIAS;Curva acentuada;Tombamento;Com Vítimas Feridas;Pleno dia;Decrescente;Céu Claro;Simples;Reta;Sim;1;0;1;0;0;0;1;1;-22,61211414;-43,28670907;SPRF-RJ;DEL01-RJ;UOP02-DEL01-RJ
691444;15/05/2025;quinta-feira;14:50:00;SC;101;130,7;BALNEARIO CAMBORIU;Condutor deixou de manter distância do veículo da frente;Colisão traseira;Sem Vítimas;Pleno dia;Decrescente;Céu Claro;Múltipla;Reta;Sim;2;0;0;0;2;0;0;2;-26,9892038;-48,66411209;SPRF-SC;DEL04-SC;UOP03-DEL04-SC
691447;15/05/2025;quinta-feira;12:30:00;PB;104;6;NOVA FLORESTA;Transitar na contramão;Colisão frontal;Com Vítimas Fatais;Pleno dia;Decrescente;Garoa/Chuvisco;Simples;Reta;Não;2;1;1;0;0;0;1;2;-6,470073;-36,18049;SPRF-PB;DEL02-PB;UOP04-DEL02-PB
691448;15/05/2025;quinta-feira;15:55:00;SP;116;218;GUARULHOS;Manobra de mudança de faixa;Colisão lateral mesmo sentido;Sem Vítimas;Pleno dia;Decrescente;Céu Claro;Múltipla;Reta;Sim;2;0;0;0;2;0;0;2;-23,45764911;-46,47939491;SPRF-SP;DEL01-SP;UOP01-DEL01-SP
691450;15/05/2025;quinta-feira;16:20:00;ES;101;255;SERRA;Reação tardia ou ineficiente do condutor;Colisão traseira;Com Vítimas Feridas;Pleno dia;Crescente;Céu Claro;Simples;Reta;Não;2;0;1;0;1;0;1;2;-20,048857;-40,3866912;SPRF-ES;DEL02-ES;UOP01-DEL02-ES
691451;15/05/2025;quinta-feira;15:25:00;RJ;493;23,5;MAGE;Acessar a via sem observar a presença dos outros veículos;Colisão transversal;Com Vítimas Feridas;Pleno dia;Crescente;Céu Claro;Simples;Reta;Sim;2;0;0;1;1;0;1;2;-22,65693125;-43,06714416;SPRF-RJ;DEL04-RJ;UOP02-DEL04-RJ
691454;15/05/2025;quinta-feira;10:24:00;RJ;101;316;SAO GONCALO;Avarias e/ou desgaste excessivo no pneu;Queda de ocupante de veículo;Com Vítimas Feridas;Pleno dia;Decrescente;Sol;Dupla;Reta;Sim;1;0;1;0;0;0;1;1;-22,7934208;-43,0276608;SPRF-RJ;DEL02-RJ;UOP02-DEL02-RJ
691455;15/05/2025;quinta-feira;15:35:00;PR;376;625,9;SAO JOSE DOS PINHAIS;Velocidade Incompatível;Colisão com objeto;Com Vítimas Fatais;Pleno dia;Crescente;Céu Claro;Múltipla;"Retorno Regulamentado;Interseção de Vias;Curva;Rotatória;Viaduto;Declive";Não;1;1;0;0;0;0;0;1;-25,66587862;-49,15373325;SPRF-PR;DEL01-PR;UOP04-DEL01-PR
691456;15/05/2025;quinta-feira;17:00:00;GO;414;440;ANAPOLIS;Acessar a via sem observar a presença dos outros veículos;Colisão frontal;Com Vítimas Feridas;Anoitecer;Crescente;Céu Claro;Simples;"Reta;Declive";Sim;2;0;1;0;1;0;1;2;-16,28384547;-48,94307826;SPRF-GO;DEL02-GO;UOP01-DEL02-GO
691457;15/05/2025;quinta-feira;15:50:00;PR;376;253,6;CALIFORNIA;Ausência de reação do condutor;Colisão traseira;Com Vítimas Feridas;Pleno dia;Crescente;Céu Claro;Dupla;Reta;Não;3;0;1;1;1;0;2;2;-23,6587454;-51,3712025;SPRF-PR;DEL07-PR;UOP03-DEL07-PR
691458;15/05/2025;quinta-feira;16:30:00;PR;476;1;ADRIANOPOLIS;Acessar a via sem observar a presença dos outros veículos;Colisão lateral mesmo sentido;Com Vítimas Feridas;Pleno dia;Decrescente;Céu Claro;Dupla;Reta;Sim;2;0;1;0;1;0;1;2;-24,65685;-48,99367;SPRF-PR;DEL01-PR;UOP01-DEL01-PR
691459;15/05/2025;quinta-feira;17:30:00;MG;459;57;SANTA RITA DE CALDAS;Ausência de reação do condutor;Colisão traseira;Com Vítimas Feridas;Pleno dia;Decrescente;Céu Claro;Simples;Reta;Não;3;0;2;0;1;0;2;2;-22,080353;-46,240988;SPRF-MG;DEL09-MG;UOP01-DEL09-MG
691461;15/05/2025;quinta-feira;16:40:00;PB;230;135,8;CAMPINA GRANDE;Chuva;Saída de leito carroçável;Com Vítimas Feridas;Pleno dia;Crescente;Chuva;Dupla;Curva;Não;2;0;2;0;0;0;2;1;-7,281598;-35,769207;SPRF-PB;DEL02-PB;UOP01-DEL02-PB
691462;15/05/2025;quinta-feira;14:40:00;AM;174;885;MANAUS;Ultrapassagem Indevida;Colisão lateral mesmo sentido;Com Vítimas Feridas;Pleno dia;Crescente;Garoa/Chuvisco;Simples;"Reta;Declive";Não;2;0;0;1;1;0;1;2;-2,94140156;-60,03391743;SPRF-AM;DEL01-AM;UOP01-DEL01-AM
691463;15/05/2025;quinta-feira;17:30:00;SP;116;219;GUARULHOS;Manobra de mudança de faixa;Queda de ocupante de veículo;Com Vítimas Feridas;Plena Noite;Decrescente;Nublado;Múltipla;Reta;Sim;2;0;2;0;0;0;2;1;-23,46548883;-46,50002135;SPRF-SP;DEL01-SP;UOP01-DEL01-SP
691465;04/05/2025;domingo;14:45:00;RJ;116;13;SAPUCAIA;Ausência de reação do condutor;Colisão lateral sentido oposto;Com Vítimas Feridas;Pleno dia;Crescente;Céu Claro;Simples;"Ponte;Curva";Não;4;0;0;1;2;1;1;4;-21,90753382;-42,69072533;SPRF-RJ;DEL05-RJ;UOP01-DEL05-RJ
691468;15/05/2025;quinta-feira;18:10:00;MG;356;282,3;EUGENOPOLIS;Transitar na contramão;Colisão frontal;Com Vítimas Feridas;Plena Noite;Crescente;Nublado;Simples;"Curva;Aclive";Não;7;0;7;0;0;0;7;2;-21,124273;-42,2306;SPRF-MG;DEL07-MG;UOP02-DEL07-MG
691470;15/05/2025;quinta-feira;16:03:00;DF;80;9;BRASILIA;Ultrapassagem Indevida;Colisão lateral sentido oposto;Sem Vítimas;Pleno dia;Crescente;Céu Claro;Simples;Reta;Não;2;0;0;0;2;0;0;2;-15,73125612;-48,15724406;SPRF-DF;DEL03-DF;UOP02-DEL03-DF
691471;15/05/2025;quinta-feira;18:20:00;PR;369;138;IBIPORA;Pedestre cruzava a pista fora da faixa;Atropelamento de Pedestre;Com Vítimas Feridas;Plena Noite;Decrescente;Céu Claro;Simples;Reta;Sim;3;0;0;1;1;1;1;2;-23,27409325;-51,05712458;SPRF-PR;DEL07-PR;UOP01-DEL07-PR
691472;15/05/2025;quinta-feira;17:40:00;PI;343;335,3;TERESINA;Ausência de reação do condutor;Tombamento;Com Vítimas Feridas;Pleno dia;Decrescente;Céu Claro;Dupla;Curva;Não;2;0;1;1;0;0;2;1;-5,06309452;-42,69934058;SPRF-PI;DEL01-PI;UOP01-DEL01-PI
691473;15/05/2025;quinta-feira;18:30:00;RS;116;236;NOVO HAMBURGO;Trafegar com motocicleta (ou similar) entre as faixas;Colisão lateral mesmo sentido;Sem Vítimas;Anoitecer;Decrescente;Céu Claro;Múltipla;Reta;Não;3;0;0;0;2;1;0;3;-29,67107429;-51,14279732;SPRF-RS;DEL01-RS;UOP02-DEL01-RS
691474;15/05/2025;quinta-feira;18:09:00;PE;232;39,9;VITORIA DE SANTO ANTAO;Acessar a via sem observar a presença dos outros veículos;Colisão transversal;Com Vítimas Feridas;Plena Noite;Crescente;Nublado;Dupla;"Retorno Regulamentado;Reta";Não;2;0;0;1;1;0;1;2;-8,114089;-35,240494;SPRF-PE;DEL01-PE;UOP01-DEL01-PE
691476;15/05/2025;quinta-feira;18:45:00;SC;470;67,4;INDAIAL;Acessar a via sem observar a presença dos outros veículos;Colisão transversal;Com Vítimas Feridas;Anoitecer;Decrescente;Céu Claro;Múltipla;Viaduto;Sim;3;0;1;0;2;0;1;2;-26,88038738;-49,24228126;SPRF-SC;DEL04-SC;UOP01-DEL04-SC
691478;15/05/2025;quinta-feira;15:30:00;AL;316;118;CACIMBINHAS;Objeto estático sobre o leito carroçável;Capotamento;Com Vítimas Feridas;Pleno dia;Crescente;Céu Claro;Simples;Reta;Não;1;0;1;0;0;0;1;1;-9,39978262;-36,95645213;SPRF-AL;DEL03-AL;UOP01-DEL03-AL
691479;15/05/2025;quinta-feira;18:35:00;PR;277;74;SAO JOSE DOS PINHAIS;Ausência de reação do condutor;Tombamento;Com Vítimas Feridas;Plena Noite;Crescente;Nublado;Dupla;Reta;Não;2;0;2;0;0;0;2;1;-25,494442;-49,166415;SPRF-PR;DEL01-PR;UOP07-DEL01-PR
691481;15/05/2025;quinta-feira;19:10:00;SP;381;39;ATIBAIA;Reação tardia ou ineficiente do condutor;Queda de ocupante de veículo;Com Vítimas Feridas;Plena Noite;Decrescente;Céu Claro;Múltipla;Reta;Sim;1;0;1;0;0;0;1;1;-23,11862129;-46,57350424;SPRF-SP;DEL03-SP;UOP01-DEL03-SP
691484;15/05/2025;quinta-feira;18:20:00;SP;116;221;GUARULHOS;Ausência de reação do condutor;Tombamento;Com Vítimas Feridas;Anoitecer;Crescente;Nublado;Múltipla;"Em Obras;Reta";Sim;1;0;0;1;0;0;1;1;-23,47023377;-46,51536226;SPRF-SP;DEL01-SP;UOP01-DEL01-SP
691485;15/05/2025;quinta-feira;19:40:00;SP;116;215;GUARULHOS;Avarias e/ou desgaste excessivo no pneu;Tombamento;Com Vítimas Feridas;Anoitecer;Decrescente;Céu Claro;Múltipla;"Reta;Declive";Não;2;0;1;0;1;0;1;1;-23,44823146;-46,45701382;SPRF-SP;DEL01-SP;UOP01-DEL01-SP
691486;15/05/2025;quinta-feira;17:20:00;RO;364;427,3;JARU;Acessar a via sem observar a presença dos outros veículos;Colisão transversal;Com Vítimas Feridas;Anoitecer;Decrescente;Céu Claro;Simples;"Reta;Interseção de Vias";Não;2;0;1;0;1;0;1;2;-10,426688;-62,488755;SPRF-RO;DEL03-RO;UOP02-DEL03-RO
691490;15/05/2025;quinta-feira;19:30:00;SP;116;223;GUARULHOS;Conversão proibida;Queda de ocupante de veículo;Com Vítimas Feridas;Pleno dia;Decrescente;Ignorado;Múltipla;Interseção de Vias;Sim;1;0;1;0;0;0;1;1;-23,47534651;-46,52468157;SPRF-SP;DEL01-SP;UOP01-DEL01-SP
691492;15/05/2025;quinta-feira;18:59:00;PR;277;351;GUARAPUAVA;Acesso irregular;Colisão transversal;Sem Vítimas;Plena Noite;Crescente;Céu Claro;Simples;Reta;Não;2;0;0;0;2;0;0;2;-25,3987984;-51,5371026;SPRF-PR;DEL08-PR;UOP01-DEL08-PR
691493;15/05/2025;quinta-feira;18:15:00;CE;222;294;TIANGUA;Ausência de reação do condutor;Engavetamento;Sem Vítimas;Plena Noite;Crescente;Céu Claro;Simples;Reta;Não;3;0;0;0;3;0;0;3;-3,665669;-40,906625;SPRF-CE;DEL04-CE;UOP02-DEL04-CE
691494;15/05/2025;quinta-feira;19:10:00;BA;116;817;VITORIA DA CONQUISTA;Demais falhas na via;Tombamento;Com Vítimas Feridas;Plena Noite;Decrescente;Garoa/Chuvisco;Simples;Reta;Não;2;0;2;0;0;0;2;1;-14,82485;-40,8209;SPRF-BA;DEL08-BA;UOP01-DEL08-BA
691495;15/05/2025;quinta-feira;19:45:00;PB;101;75,1;SANTA RITA;Animais na Pista;Atropelamento de Animal;Com Vítimas Feridas;Plena Noite;Crescente;Chuva;Dupla;Curva;Não;1;0;0;1;0;0;1;1;-7,084563;-34,970388;SPRF-PB;DEL01-PB;UOP03-DEL01-PB
691497;15/05/2025;quinta-feira;20:20:00;RJ;116;181;SAO JOAO DE MERITI;Condutor deixou de manter distância do veículo da frente;Colisão traseira;Com Vítimas Feridas;Plena Noite;Crescente;Céu Claro;Dupla;Reta;Sim;3;0;1;0;2;0;1;2;-22,79100423;-43,38332802;SPRF-RJ;DEL06-RJ;UOP01-DEL06-RJ
691499;15/05/2025;quinta-feira;19:20:00;RJ;393;177;TRES RIOS;Ultrapassagem Indevida;Colisão frontal;Com Vítimas Feridas;Plena Noite;Crescente;Nublado;Simples;Reta;Não;2;0;1;0;1;0;1;2;-22,133707;-43,247682;SPRF-RJ;DEL05-RJ;UOP03-DEL05-RJ
691501;15/05/2025;quinta-feira;20:20:00;ES;101;265;SERRA;Deficiência do Sistema de Iluminação/Sinalização;Atropelamento de Pedestre;Com Vítimas Feridas;Plena Noite;Crescente;Chuva;Dupla;Reta;Sim;3;0;2;0;0;1;2;2;-20,18178891;-40,26542191;SPRF-ES;DEL02-ES;UOP01-DEL02-ES
691503;15/05/2025;quinta-feira;17:30:00;SC;101;153,2;PORTO BELO;Manobra de mudança de faixa;Colisão lateral mesmo sentido;Com Vítimas Feridas;Anoitecer;Crescente;Céu Claro;Dupla;Reta;Sim;2;0;1;0;0;1;1;2;-27,14637233;-48,61054569;SPRF-SC;DEL04-SC;UOP03-DEL04-SC
691504;15/05/2025;quinta-feira;20:20:00;PE;116;25,9;SALGUEIRO;Pedestre andava na pista;Atropelamento de Pedestre;Com Vítimas Feridas;Plena Noite;Decrescente;Céu Claro;Simples;Reta;Sim;2;0;0;1;1;0;1;2;-8,069617;-39,134087;SPRF-PE;DEL05-PE;UOP01-DEL05-PE
691505;15/05/2025;quinta-feira;20:00:00;SC;101;309,6;LAGUNA;Ausência de reação do condutor;Colisão com objeto;Sem Vítimas;Plena Noite;Decrescente;Céu Claro;Múltipla;Reta;Não;1;0;0;0;1;0;0;1;-28,4377;-48,8098;SPRF-SC;DEL02-SC;UOP01-DEL02-SC
691506;18/04/2025;sexta-feira;17:40:00;SP;116;288;ITAPECERICA DA SERRA;Avarias e/ou desgaste excessivo no pneu;Colisão frontal;Sem Vítimas;Anoitecer;Crescente;Chuva;Simples;Curva;Não;2;0;0;0;1;1;0;2;-23,70632506;-46,87507575;SPRF-SP;DEL04-SP;UOP01-DEL04-SP
691509;15/05/2025;quinta-feira;19:55:00;MA;222;673,9;ACAILANDIA;Acessar a via sem observar a presença dos outros veículos;Colisão transversal;Com Vítimas Feridas;Plena Noite;Decrescente;Céu Claro;Simples;"Reta;Declive";Sim;2;0;0;1;1;0;1;2;-4,953883;-47,488113;SPRF-MA;DEL04-MA;UOP03-DEL04-MA
691510;15/05/2025;quinta-feira;18:30:00;AC;364;106;RIO BRANCO;Pista esburacada;Queda de ocupante de veículo;Com Vítimas Feridas;Plena Noite;Crescente;Céu Claro;Simples;Reta;Não;1;0;1;0;0;0;1;1;-10,04137339;-67,62205124;SPRF-AC;DEL01-AC;UOP01-DEL01-AC
691511;14/05/2025;quarta-feira;13:30:00;AL;101;118;PILAR;Demais falhas mecânicas ou elétricas;Incêndio;Sem Vítimas;Pleno dia;Crescente;Céu Claro;Dupla;Reta;Não;2;0;0;0;2;0;0;1;-9,669744;-36,028107;SPRF-AL;DEL02-AL;UOP01-DEL02-AL
691512;15/05/2025;quinta-feira;20:50:00;PR;277;2,1;PARANAGUA;Ultrapassagem Indevida;Colisão frontal;Com Vítimas Feridas;Plena Noite;Crescente;Nublado;Simples;Reta;Sim;2;0;0;1;1;0;1;2;-25,54239301;-48,55911379;SPRF-PR;DEL01-PR;UOP05-DEL01-PR
691513;15/05/2025;quinta-feira;19:00:00;MG;116;636,1;DIVINO;Condutor deixou de manter distância do veículo da frente;Colisão traseira;Com Vítimas Feridas;Plena Noite;Crescente;Nublado;Simples;Reta;Não;4;0;3;1;0;0;4;2;-20,631369;-42,231054;SPRF-MG;DEL07-MG;UOP02-DEL07-MG
691514;15/05/2025;quinta-feira;18:50:00;RO;364;427;JARU;Acessar a via sem observar a presença dos outros veículos;Colisão transversal;Com Vítimas Feridas;Anoitecer;Decrescente;Céu Claro;Simples;"Reta;Interseção de Vias;Retorno Regulamentado";Sim;2;0;2;0;0;0;2;2;-10,42663929;-62,48864651;SPRF-RO;DEL03-RO;UOP02-DEL03-RO
691515;15/05/2025;quinta-feira;21:25:00;PB;101;84,5;BAYEUX;Pista esburacada;Tombamento;Com Vítimas Feridas;Plena Noite;Crescente;Chuva;Dupla;Interseção de Vias;Não;1;0;0;1;0;0;1;1;-7,1432634;-34,9190442;SPRF-PB;DEL01-PB;UOP01-DEL01-PB