id;data_inversa;dia_semana;horario;uf;br;km;municipio;causa_acidente;tipo_acidente;classificacao_acidente;fase_dia;sentido_via;condicao_metereologica;tipo_pista;tracado_via;uso_solo;pessoas;mortos;feridos_leves;feridos_graves;ilesos;ignorados;feridos;veiculos;latitude;longitude;regional;delegacia;uop
692206;18/05/2025;domingo;18:15:00;PR;277;602;CASCAVEL;Ingestão de álcool pelo condutor;Saída de leito carroçável;Com Vítimas Feridas;Anoitecer;Crescente;Garoa/Chuvisco;Dupla;"Reta;Viaduto;Declive";Não;1;0;1;0;0;0;1;1;-25,024438;-53,551475;SPRF-PR;DEL04-PR;UOP01-DEL04-PR
692208;18/05/2025;domingo;18:55:00;MG;116;455,7;ENGENHEIRO CALDAS;Ingestão de álcool pelo condutor;Colisão frontal;Com Vítimas Feridas;Plena Noite;Crescente;Nublado;Simples;Reta;Sim;2;0;1;0;1;0;1;2;-19,200165;-42,04729;SPRF-MG;DEL06-MG;UOP02-DEL06-MG
692209;18/05/2025;domingo;19:15:00;ES;101;69;SAO MATEUS;Transitar na contramão;Colisão frontal;Sem Vítimas;Plena Noite;Crescente;Céu Claro;Simples;Reta;Sim;3;0;0;0;3;0;0;2;-18,73750272;-39,86088663;SPRF-ES;DEL04-ES;UOP02-DEL04-ES
692210;18/05/2025;domingo;23:10:00;PE;116;25;SALGUEIRO;Ausência de reação do condutor;Colisão com objeto;Com Vítimas Feridas;Plena Noite;Decrescente;Céu Claro;Dupla;Reta;Não;1;0;0;1;0;0;1;1;-8,06764002;-39,13472271;SPRF-PE;DEL05-PE;UOP01-DEL05-PE
692211;18/05/2025;domingo;22:05:00;MA;226;297;BARRA DO CORDA;Desrespeitar a preferência no cruzamento;Colisão frontal;Com Vítimas Feridas;Plena Noite;Decrescente;Céu Claro;Simples;Reta;Sim;3;0;0;2;1;0;2;2;-5,50327781;-45,23443473;SPRF-MA;DEL06-MA;UOP01-DEL06-MA
692212;18/05/2025;domingo;22:30:00;PI;222;113,9;BATALHA;Objeto estático sobre o leito carroçável;Colisão com objeto;Com Vítimas Fatais;Plena Noite;Decrescente;Céu Claro;Simples;Reta;Não;1;1;0;0;0;0;0;1;-4,113;-42,043;SPRF-PI;DEL02-PI;UOP01-DEL02-PI
692213;18/05/2025;domingo;22:30:00;MG;116;710,2;MURIAE;Ingestão de álcool pelo condutor;Colisão com objeto;Com Vítimas Feridas;Plena Noite;Crescente;Nublado;Simples;"Aclive;Curva";Não;1;0;1;0;0;0;1;1;-21,17992999;-42,37340927;SPRF-MG;DEL07-MG;UOP02-DEL07-MG
692214;18/05/2025;domingo;22:00:00;MS;163;484;CAMPO GRANDE;Reação tardia ou ineficiente do condutor;Tombamento;Com Vítimas Feridas;Plena Noite;Crescente;Céu Claro;Simples;Reta;Não;1;0;1;0;0;0;1;1;-20,44753317;-54,54102223;SPRF-MS;DEL01-MS;UOP02-DEL01-MS
692216;18/05/2025;domingo;23:10:00;MG;40;508,9;RIBEIRAO DAS NEVES;Demais falhas mecânicas ou elétricas;Colisão traseira;Com Vítimas Feridas;Plena Noite;Decrescente;Céu Claro;Dupla;Reta;Sim;3;0;1;0;2;0;1;2;-19,766336;-44,12937;SPRF-MG;DEL01-MG;UOP02-DEL01-MG
692217;18/05/2025;domingo;21:00:00;PB;230;461,7;SOUSA;Ingestão de álcool pelo condutor;Colisão frontal;Com Vítimas Feridas;Plena Noite;Decrescente;Céu Claro;Simples;Reta;Sim;2;0;0;1;1;0;1;2;-6,778128;-38,222963;SPRF-PB;DEL03-PB;UOP03-DEL03-PB
692219;18/05/2025;domingo;20:15:00;PR;376;494,9;PONTA GROSSA;Pedestre andava na pista;Atropelamento de Pedestre;Com Vítimas Feridas;Plena Noite;Crescente;Nublado;Dupla;"Curva;Aclive";Sim;2;0;1;1;0;0;2;2;-25,13389619;-50,16690586;SPRF-PR;DEL03-PR;UOP04-DEL03-PR
692220;18/05/2025;domingo;21:20:00;ES;262;56;MARECHAL FLORIANO;Ingestão de álcool pelo condutor;Capotamento;Com Vítimas Feridas;Plena Noite;Decrescente;Céu Claro;Dupla;"Declive;Reta";Sim;2;0;0;1;1;0;1;1;-20,41275533;-40,75909495;SPRF-ES;DEL01-ES;UOP01-DEL01-ES
692223;18/05/2025;domingo;22:20:00;GO;80;37;PADRE BERNARDO;Ultrapassagem Indevida;Colisão frontal;Com Vítimas Feridas;Plena Noite;Crescente;Céu Claro;Simples;Reta;Não;2;0;2;0;0;0;2;2;-15,246;-48,270083;SPRF-DF;DEL03-DF;UOP02-DEL03-DF
692225;19/05/2025;segunda-feira;00:30:00;SP;153;185,6;LINS;Condutor Dormindo;Saída de leito carroçável;Com Vítimas Feridas;Plena Noite;Decrescente;Céu Claro;Simples;Reta;Não;1;0;1;0;0;0;1;1;-21,72973302;-49,83633935;SPRF-SP;DEL07-SP;UOP01-DEL07-SP
692226;18/05/2025;domingo;23:30:00;PR;376;157,8;MANDAGUACU;Acumulo de água sobre o pavimento;Saída de leito carroçável;Com Vítimas Feridas;Plena Noite;Decrescente;Chuva;Dupla;"Curva;Declive;Interseção de Vias";Não;4;0;3;0;1;0;3;1;-23,35251;-52,09324;SPRF-PR;DEL09-PR;UOP02-DEL09-PR
692227;18/05/2025;domingo;22:40:00;AL;104;93;RIO LARGO;Transitar no Acostamento;Colisão frontal;Sem Vítimas;Plena Noite;Crescente;Chuva;Múltipla;Reta;Sim;2;0;0;0;0;2;0;2;-9,53075972;-35,7970175;SPRF-AL;DEL01-AL;UOP01-DEL01-AL
692228;19/05/2025;segunda-feira;00:00:00;MS;262;325,3;CAMPO GRANDE;Falta de elemento de contenção que evite a saída do leito carroçável;Saída de leito carroçável;Com Vítimas Feridas;Plena Noite;Decrescente;Céu Claro;Dupla;Reta;Sim;1;0;0;1;0;0;1;1;-20,468094;-54,527265;SPRF-MS;DEL01-MS;UOP01-DEL01-MS
692229;19/05/2025;segunda-feira;00:30:00;RJ;101;387;RIO DE JANEIRO;Reação tardia ou ineficiente do condutor;Colisão com objeto;Com Vítimas Feridas;Plena Noite;Crescente;Céu Claro;Dupla;Reta;Não;2;0;2;0;0;0;2;1;-22,89175303;-43,66928101;SPRF-RJ;DEL03-RJ;UOP01-DEL03-RJ
692230;19/05/2025;segunda-feira;00:50:00;RJ;101;300;SAO GONCALO;Reação tardia ou ineficiente do condutor;Capotamento;Com Vítimas Feridas;Plena Noite;Decrescente;Céu Claro;Dupla;Reta;Sim;3;0;1;0;1;1;1;3;-22,77872392;-42,95607988;SPRF-RJ;DEL02-RJ;UOP02-DEL02-RJ
692231;19/05/2025;segunda-feira;00:40:00;RJ;40;58;PETROPOLIS;Acessar a via sem observar a presença dos outros veículos;Capotamento;Com Vítimas Feridas;Plena Noite;Decrescente;Ignorado;Dupla;Reta;Não;3;0;1;0;2;0;1;1;-22,28224;-43,1259648;SPRF-RJ;DEL05-RJ;UOP02-DEL05-RJ
692235;19/05/2025;segunda-feira;02:00:00;PR;277;5,3;PARANAGUA;Ausência de reação do condutor;Saída de leito carroçável;Com Vítimas Feridas;Plena Noite;Decrescente;Nublado;Dupla;Reta;Não;1;0;1;0;0;0;1;1;-25,557799;-48,570091;SPRF-PR;DEL01-PR;UOP05-DEL01-PR
692236;19/05/2025;segunda-feira;02:40:00;MG;381;5;BETIM;Pedestre - Ingestão de álcool/ substâncias psicoativas;Saída de leito carroçável;Com Vítimas Feridas;Plena Noite;Crescente;Céu Claro;Dupla;Reta;Não;2;0;2;0;0;0;2;1;-19,98879597;-44,1880846;SPRF-MG;DEL01-MG;UOP03-DEL01-MG
692238;19/05/2025;segunda-feira;01:45:00;MG;116;665,1;SAO FRANCISCO DO GLORIA;Condutor Dormindo;Colisão com objeto;Com Vítimas Feridas;Plena Noite;Decrescente;Céu Claro;Simples;Reta;Não;1;0;0;1;0;0;1;1;-20,83418123;-42,32210616;SPRF-MG;DEL07-MG;UOP02-DEL07-MG
692239;19/05/2025;segunda-feira;02:32:00;RS;116;243;SAO LEOPOLDO;Reação tardia ou ineficiente do condutor;Colisão com objeto;Sem Vítimas;Plena Noite;Decrescente;Chuva;Dupla;"Reta;Interseção de Vias";Sim;1;0;0;0;1;0;0;1;-29,7306012;-51,14964008;SPRF-RS;DEL01-RS;UOP02-DEL01-RS
692240;19/05/2025;segunda-feira;02:44:00;ES;101;150;LINHARES;Reação tardia ou ineficiente do condutor;Colisão com objeto;Sem Vítimas;Plena Noite;Decrescente;Garoa/Chuvisco;Simples;"Reta;Ponte";Não;1;0;0;0;1;0;0;1;-19,41284962;-40,06645203;SPRF-ES;DEL04-ES;UOP01-DEL04-ES
692241;19/05/2025;segunda-feira;04:15:00;RS;287;279;SAO PEDRO DO SUL;Animais na Pista;Atropelamento de Animal;Com Vítimas Feridas;Plena Noite;Decrescente;Nublado;Simples;"Reta;Declive";Não;1;0;1;0;0;0;1;1;-29,644736;-54,164773;SPRF-RS;DEL09-RS;UOP01-DEL09-RS
692242;19/05/2025;segunda-feira;04:30:00;SP;116;443;REGISTRO;Condutor Dormindo;Saída de leito carroçável;Com Vítimas Feridas;Plena Noite;Decrescente;Nevoeiro/Neblina;Dupla;Reta;Não;8;0;3;0;5;0;3;1;-24,49269429;-47,83719778;SPRF-SP;DEL05-SP;UOP01-DEL05-SP
692243;19/05/2025;segunda-feira;04:54:00;MG;381;493;BETIM;Condutor deixou de manter distância do veículo da frente;Colisão traseira;Com Vítimas Feridas;Plena Noite;Decrescente;Céu Claro;Dupla;Reta;Sim;2;0;1;0;1;0;1;2;-19,965;-44,173;SPRF-MG;DEL01-MG;UOP03-DEL01-MG
692249;18/05/2025;domingo;23:00:00;SC;282;379,5;HERVAL DOESTE;Ingestão de álcool pelo condutor;Colisão com objeto;Sem Vítimas;Plena Noite;Crescente;Céu Claro;Simples;"Interseção de Vias;Rotatória";Não;2;0;0;0;1;1;0;2;-27,20036579;-51,50785446;SPRF-SC;DEL07-SC;UOP05-DEL07-SC
692254;19/05/2025;segunda-feira;06:15:00;AL;104;93,2;RIO LARGO;Área urbana sem a presença de local apropriado para a travessia de pedestres;Atropelamento de Pedestre;Com Vítimas Feridas;Pleno dia;Decrescente;Chuva;Dupla;Reta;Sim;2;0;1;0;1;0;1;2;-9,526891;-35,798877;SPRF-AL;DEL01-AL;UOP01-DEL01-AL
692255;19/05/2025;segunda-feira;06:40:00;SC;116;183;SAO CRISTOVAO DO SUL;Animais na Pista;Atropelamento de Animal;Com Vítimas Feridas;Amanhecer;Crescente;Nevoeiro/Neblina;Simples;Curva;Não;3;0;2;0;1;0;2;1;-27,28444527;-50,43360829;SPRF-SC;DEL05-SC;UOP03-DEL05-SC
692257;18/05/2025;domingo;23:40:00;MA;230;570;CAROLINA;Reação tardia ou ineficiente do condutor;Saída de leito carroçável;Com Vítimas Fatais;Plena Noite;Decrescente;Céu Claro;Simples;"Reta;Ponte";Não;1;1;0;0;0;0;0;1;-7,34557444;-47,44398812;SPRF-MA;DEL05-MA;UOP01-DEL05-MA
692258;19/05/2025;segunda-feira;04:40:00;SP;116;227;GUARULHOS;Sinalização encoberta;Colisão com objeto;Com Vítimas Feridas;Amanhecer;Decrescente;Nublado;Múltipla;Declive;Sim;1;0;1;0;0;0;1;1;-23,49968522;-46,56130968;SPRF-SP;DEL01-SP;UOP01-DEL01-SP
692259;19/05/2025;segunda-feira;06:35:00;PR;369;159,4;CAMBE;Transitar no Acostamento;Colisão traseira;Com Vítimas Feridas;Pleno dia;Crescente;Céu Claro;Dupla;"Interseção de Vias;Reta";Não;2;0;1;0;1;0;1;2;-23,2840619;-51,243678;SPRF-PR;DEL07-PR;UOP01-DEL07-PR
692262;19/05/2025;segunda-feira;05:50:00;PI;343;262;CAMPO MAIOR;Ingestão de álcool pelo condutor;Saída de leito carroçável;Com Vítimas Feridas;Pleno dia;Crescente;Céu Claro;Simples;Curva;Não;1;0;1;0;0;0;1;1;-4,80301838;-42,13392735;SPRF-PI;DEL01-PI;UOP03-DEL01-PI
692263;19/05/2025;segunda-feira;05:30:00;RN;304;235,8;RIACHUELO;Ultrapassagem Indevida;Colisão lateral mesmo sentido;Com Vítimas Fatais;Amanhecer;Crescente;Céu Claro;Simples;Reta;Não;3;1;2;0;0;0;2;2;-5,7704022;-35,85802317;SPRF-RN;DEL01-RN;UOP02-DEL01-RN
692264;19/05/2025;segunda-feira;06:50:00;PR;277;594,5;CASCAVEL;Pedestre cruzava a pista fora da faixa;Atropelamento de Pedestre;Com Vítimas Feridas;Amanhecer;Crescente;Sol;Simples;Reta;Sim;3;0;0;1;2;0;1;2;-24,979535;-53,4980002;SPRF-PR;DEL04-PR;UOP01-DEL04-PR
692265;19/05/2025;segunda-feira;07:15:00;ES;101;245,9;SERRA;Demais falhas mecânicas ou elétricas;Incêndio;Sem Vítimas;Pleno dia;Crescente;Nublado;Dupla;Reta;Não;1;0;0;0;1;0;0;1;-20,0488636;-40,3866951;SPRF-ES;DEL02-ES;UOP01-DEL02-ES
692267;19/05/2025;segunda-feira;06:20:00;AL;101;70;MESSIAS;Acumulo de água sobre o pavimento;Capotamento;Com Vítimas Feridas;Pleno dia;Decrescente;Chuva;Dupla;Reta;Não;1;0;1;0;0;0;1;1;-9,37327732;-35,82839012;SPRF-AL;DEL01-AL;UOP02-DEL01-AL
692268;19/05/2025;segunda-feira;07:10:00;RS;158;330;SANTA MARIA;Acessar a via sem observar a presença dos outros veículos;Colisão transversal;Com Vítimas Feridas;Pleno dia;Crescente;Garoa/Chuvisco;Dupla;Rotatória;Sim;2;0;1;0;1;0;1;2;-29,7004455;-53,84116022;SPRF-RS;DEL09-RS;UOP01-DEL09-RS
692269;19/05/2025;segunda-feira;07:17:00;RN;304;295,6;MACAIBA;Reação tardia ou ineficiente do condutor;Colisão traseira;Sem Vítimas;Pleno dia;Crescente;Nublado;Simples;"Reta;Em Obras;Desvio Temporário";Sim;5;0;0;0;5;0;0;2;-5,865495;-35,354597;SPRF-RN;DEL01-RN;UOP02-DEL01-RN
692270;18/05/2025;domingo;23:55:00;MG;262;401,1;PARA DE MINAS;Condutor Dormindo;Colisão com objeto;Com Vítimas Feridas;Plena Noite;Crescente;Vento;Dupla;Curva;Não;2;0;0;1;0;1;1;2;-19,88587361;-44,60915566;SPRF-MG;DEL01-MG;UOP03-DEL01-MG
692271;19/05/2025;segunda-feira;06:25:00;RS;471;656,7;SANTA VITORIA DO PALMAR;Animais na Pista;Atropelamento de Animal;Sem Vítimas;Plena Noite;Decrescente;Céu Claro;Simples;Reta;Não;2;0;0;0;2;0;0;1;-33,50933937;-53,32605958;SPRF-RS;DEL07-RS;UOP04-DEL07-RS
692273;19/05/2025;segunda-feira;06:35:00;SP;153;206,7;GUAIMBE;Pista esburacada;Tombamento;Com Vítimas Feridas;Pleno dia;Decrescente;Sol;Simples;"Reta;Declive";Não;1;0;1;0;0;0;1;1;-21,887638;-49,90937;SPRF-SP;DEL07-SP;UOP01-DEL07-SP
692274;19/05/2025;segunda-feira;06:55:00;ES;101;146;LINHARES;Manobra de mudança de faixa;Colisão lateral mesmo sentido;Com Vítimas Feridas;Pleno dia;Crescente;Céu Claro;Dupla;Reta;Não;2;0;1;0;1;0;1;2;-19,37129579;-40,06595901;SPRF-ES;DEL04-ES;UOP01-DEL04-ES
692275;19/05/2025;segunda-feira;06:50:00;PB;230;22;JOAO PESSOA;Reação tardia ou ineficiente do condutor;Tombamento;Com Vítimas Feridas;Pleno dia;Decrescente;Nublado;Dupla;Reta;Sim;2;0;2;0;0;0;2;1;-7,14654501;-34,85064805;SPRF-PB;DEL01-PB;UOP01-DEL01-PB
692276;19/05/2025;segunda-feira;07:15:00;SC;280;38,9;ARAQUARI;Velocidade Incompatível;Saída de leito carroçável;Com Vítimas Feridas;Pleno dia;Crescente;Céu Claro;Simples;Desvio Temporário;Não;1;0;0;1;0;0;1;1;-26,448434;-48,83631;SPRF-SC;DEL03-SC;UOP03-DEL03-SC
692278;19/05/2025;segunda-feira;06:35:00;SC;470;320,7;CAMPOS NOVOS;Transitar na contramão;Colisão frontal;Com Vítimas Fatais;Amanhecer;Crescente;Garoa/Chuvisco;Simples;Curva;Não;28;2;0;0;26;0;0;2;-27,420677;-51,237977;SPRF-SC;DEL07-SC;UOP06-DEL07-SC
692279;19/05/2025;segunda-feira;07:30:00;MG;40;656,9;CARANDAI;Ausência de reação do condutor;Saída de leito carroçável;Com Vítimas Feridas;Pleno dia;Decrescente;Céu Claro;Simples;"Curva;Declive";Não;1;0;1;0;0;0;1;1;-20,882396;-43,805946;SPRF-MG;DEL05-MG;UOP02-DEL05-MG
692280;19/05/2025;segunda-feira;07:20:00;RS;116;38,4;VACARIA;Acessar a via sem observar a presença dos outros veículos;Colisão transversal;Com Vítimas Feridas;Amanhecer;Decrescente;Nublado;Simples;Interseção de Vias;Sim;4;0;0;1;2;1;1;4;-28,508759;-50,928834;SPRF-RS;DEL05-RS;UOP03-DEL05-RS
692281;19/05/2025;segunda-feira;03:30:00;MG;381;155;GOVERNADOR VALADARES;Reação tardia ou ineficiente do condutor;Queda de ocupante de veículo;Com Vítimas Feridas;Pleno dia;Crescente;Céu Claro;Dupla;Reta;Não;2;0;0;2;0;0;2;1;-18,91115843;-42,00759888;SPRF-MG;DEL06-MG;UOP01-DEL06-MG
692282;19/05/2025;segunda-feira;06:47:00;PR;369;159;CAMBE;Velocidade Incompatível;Colisão traseira;Com Vítimas Feridas;Pleno dia;Crescente;Sol;Dupla;"Reta;Aclive";Sim;2;0;1;0;1;0;1;2;-23,284;-51,246;SPRF-PR;DEL07-PR;UOP01-DEL07-PR
692283;19/05/2025;segunda-feira;07:15:00;MG;40;271;SAO GONCALO DO ABAETE;Neblina;Tombamento;Com Vítimas Feridas;Amanhecer;Decrescente;Nevoeiro/Neblina;Simples;Reta;Não;2;0;1;0;1;0;1;1;-18,18537431;-45,25939107;SPRF-MG;DEL14-MG;UOP02-DEL14-MG
692284;19/05/2025;segunda-feira;08:00:00;SC;101;117,9;ITAJAI;Condutor deixou de manter distância do veículo da frente;Tombamento;Com Vítimas Feridas;Pleno dia;Crescente;Céu Claro;Múltipla;Reta;Não;3;0;1;0;0;2;1;3;-26,88820177;-48,72323608;SPRF-SC;DEL04-SC;UOP04-DEL04-SC
692285;19/05/2025;segunda-feira;08:10:00;PR;369;178;ROLANDIA;Curva acentuada;Saída de leito carroçável;Com Vítimas Feridas;Pleno dia;Crescente;Céu Claro;Dupla;Curva;Não;1;0;1;0;0;0;1;1;-23,3582194;-51,3964569;SPRF-PR;DEL07-PR;UOP01-DEL07-PR
692287;19/05/2025;segunda-feira;07:45:00;SP;116;138;SAO JOSE DOS CAMPOS;Trafegar com motocicleta (ou similar) entre as faixas;Eventos atípicos;Com Vítimas Feridas;Pleno dia;Crescente;Sol;Dupla;"Reta;Aclive";Não;2;0;1;0;1;0;1;2;-23,15968987;-45,80048768;SPRF-SP;DEL02-SP;UOP01-DEL02-SP
692288;19/05/2025;segunda-feira;08:30:00;MG;381;498;BETIM;Ausência de reação do condutor;Saída de leito carroçável;Com Vítimas Feridas;Pleno dia;Decrescente;Céu Claro;Dupla;"Curva;Interseção de Vias";Sim;1;0;1;0;0;0;1;1;-19,9878231;-44,20293468;SPRF-MG;DEL01-MG;UOP03-DEL01-MG
692290;19/05/2025;segunda-feira;08:00:00;PR;116;109;CURITIBA;Ausência de reação do condutor;Colisão traseira;Com Vítimas Feridas;Pleno dia;Decrescente;Chuva;Dupla;Reta;Não;2;0;1;0;1;0;1;2;-25,563905;-49,253336;SPRF-PR;DEL01-PR;UOP03-DEL01-PR
692291;19/05/2025;segunda-feira;07:30:00;MG;40;806,5;MATIAS BARBOSA;Reação tardia ou ineficiente do condutor;Colisão traseira;Com Vítimas Feridas;Pleno dia;Decrescente;Nevoeiro/Neblina;Dupla;Curva;Não;2;0;2;0;0;0;2;2;-21,87779722;-43,33790588;SPRF-MG;DEL05-MG;UOP01-DEL05-MG
692292;19/05/2025;segunda-feira;09:00:00;MG;262;120;RIO CASCA;Condutor deixou de manter distância do veículo da frente;Colisão traseira;Com Vítimas Feridas;Pleno dia;Crescente;Sol;Simples;"Reta;Rotatória";Não;2;0;1;0;1;0;1;2;-20,2142481;-42,6560279;SPRF-MG;DEL03-MG;UOP03-DEL03-MG
692294;19/05/2025;segunda-feira;09:00:00;PR;467;110;CASCAVEL;Manobra de mudança de faixa;Saída de leito carroçável;Com Vítimas Feridas;Pleno dia;Decrescente;Céu Claro;Dupla;Reta;Sim;1;0;1;0;0;0;1;1;-24,9278102;-53,4542221;SPRF-PR;DEL04-PR;UOP01-DEL04-PR
692295;19/05/2025;segunda-feira;08:55:00;PA;163;994;SANTAREM;Ultrapassagem Indevida;Tombamento;Com Vítimas Feridas;Pleno dia;Crescente;Céu Claro;Simples;Reta;Não;1;0;1;0;0;0;1;1;-2,52466301;-54,72268403;SPRF-PA;DEL05-PA;UOP01-DEL05-PA
692296;18/05/2025;domingo;23:00:00;BA;324;350;QUIXABEIRA;Reação tardia ou ineficiente do condutor;Saída de leito carroçável;Com Vítimas Feridas;Plena Noite;Crescente;Chuva;Simples;Reta;Não;1;0;0;1;0;0;1;1;-11,3585;-40,066;SPRF-BA;DEL04-BA;UOP02-DEL04-BA
692299;19/05/2025;segunda-feira;08:45:00;PE;101;58;RECIFE;Transitar no Acostamento;Colisão lateral mesmo sentido;Com Vítimas Feridas;Pleno dia;Crescente;Céu Claro;Dupla;Reta;Não;3;0;2;0;0;1;2;2;-7,979272;-34,929123;SPRF-PE;DEL01-PE;UOP02-DEL01-PE
692300;19/05/2025;segunda-feira;07:00:00;RJ;101;322;NITEROI;Condutor deixou de manter distância do veículo da frente;Queda de ocupante de veículo;Com Vítimas Feridas;Pleno dia;Crescente;Céu Claro;Múltipla;Reta;Sim;1;0;1;0;0;0;1;1;-22,8818944;-43,1095808;SPRF-RJ;DEL02-RJ;UOP01-DEL02-RJ
692301;19/05/2025;segunda-feira;09:00:00;PR;376;451;TIBAGI;Velocidade Incompatível;Capotamento;Com Vítimas Feridas;Pleno dia;Crescente;Nublado;Dupla;"Declive;Curva";Não;1;0;1;0;0;0;1;1;-24,87718667;-50,4420826;SPRF-PR;DEL03-PR;UOP02-DEL03-PR
692302;19/05/2025;segunda-feira;09:30:00;ES;101;125,9;SOORETAMA;Mal súbito do condutor;Colisão com objeto;Com Vítimas Feridas;Pleno dia;Crescente;Chuva;Múltipla;Reta;Sim;1;0;1;0;0;0;1;1;-19,19332932;-40,09507505;SPRF-ES;DEL04-ES;UOP01-DEL04-ES
692305;19/05/2025;segunda-feira;08:50:00;RJ;101;321;NITEROI;Trafegar com motocicleta (ou similar) entre as faixas;Tombamento;Com Vítimas Feridas;Pleno dia;Crescente;Céu Claro;Múltipla;Reta;Sim;2;0;1;0;0;1;1;1;-22,87391059;-43,11014839;SPRF-RJ;DEL02-RJ;UOP01-DEL02-RJ
692306;19/05/2025;segunda-feira;07:30:00;PR;277;206,9;PALMEIRA;Reação tardia ou ineficiente do condutor;Colisão com objeto;Sem Vítimas;Pleno dia;Crescente;Garoa/Chuvisco;Simples;Curva;Não;1;0;0;0;1;0;0;1;-25,470977;-50,277988;SPRF-PR;DEL08-PR;UOP02-DEL08-PR
692307;19/05/2025;segunda-feira;08:11:00;RJ;101;481;ANGRA DOS REIS;Reação tardia ou ineficiente do condutor;Atropelamento de Pedestre;Com Vítimas Feridas;Pleno dia;Decrescente;Céu Claro;Simples;Reta;Sim;2;0;2;0;0;0;2;2;-23,00608172;-44,2936724;SPRF-RJ;DEL03-RJ;UOP03-DEL03-RJ
692308;17/05/2025;sábado;19:20:00;BA;418;123;NOVA VICOSA;Animais na Pista;Colisão lateral sentido oposto;Com Vítimas Feridas;Plena Noite;Decrescente;Nublado;Simples;Reta;Não;4;0;1;0;3;0;1;2;-17,89271499;-40,06011128;SPRF-BA;DEL09-BA;UOP02-DEL09-BA
692309;19/05/2025;segunda-feira;06:30:00;RO;364;415;JARU;Condutor Dormindo;Saída de leito carroçável;Sem Vítimas;Amanhecer;Crescente;Céu Claro;Simples;"Reta;Aclive";Não;1;0;0;0;0;1;0;1;-10,50446683;-62,41201699;SPRF-RO;DEL03-RO;UOP02-DEL03-RO
692310;19/05/2025;segunda-feira;09:40:00;MG;50;189;UBERABA;Reação tardia ou ineficiente do condutor;Saída de leito carroçável;Com Vítimas Feridas;Pleno dia;Crescente;Céu Claro;Dupla;Reta;Não;1;0;1;0;0;0;1;1;-19,82419274;-47,89111789;SPRF-MG;DEL13-MG;UOP01-DEL13-MG
692312;19/05/2025;segunda-feira;09:40:00;SP;116;218;GUARULHOS;Ausência de reação do condutor;Colisão lateral mesmo sentido;Com Vítimas Feridas;Pleno dia;Crescente;Nublado;Múltipla;Reta;Sim;2;0;1;0;1;0;1;2;-23,45555;-46,475549;SPRF-SP;DEL01-SP;UOP01-DEL01-SP
692314;19/05/2025;segunda-feira;09:05:00;PR;277;682;MEDIANEIRA;Ausência de reação do condutor;Saída de leito carroçável;Com Vítimas Feridas;Pleno dia;Decrescente;Céu Claro;Dupla;Reta;Não;1;0;1;0;0;0;1;1;-25,30623833;-54,13736193;SPRF-PR;DEL05-PR;UOP01-DEL05-PR
692315;19/05/2025;segunda-feira;10:00:00;PE;101;45;IGARASSU;Manobra de mudança de faixa;Colisão traseira;Sem Vítimas;Pleno dia;Crescente;Céu Claro;Múltipla;Reta;Sim;5;0;0;0;5;0;0;3;-7,866655;-34,907248;SPRF-PE;DEL01-PE;UOP02-DEL01-PE
692316;19/05/2025;segunda-feira;10:10:00;RN;101;84,2;NATAL;Entrada inopinada do pedestre;Atropelamento de Pedestre;Com Vítimas Feridas;Pleno dia;Decrescente;Nublado;Dupla;Reta;Sim;3;0;1;0;0;2;1;2;-5,7745;-35,257063;SPRF-RN;DEL02-RN;UOP01-DEL02-RN
692317;19/04/2025;sábado;08:30:00;SC;280;4;SAO FRANCISCO DO SUL;Ausência de reação do condutor;Colisão traseira;Com Vítimas Feridas;Pleno dia;Decrescente;Ignorado;Simples;Reta;Sim;2;0;1;0;1;0;1;2;-26,253143;-48,618982;SPRF-SC;DEL03-SC;UOP03-DEL03-SC
692320;19/05/2025;segunda-feira;10:00:00;AL;101;38;FLEXEIRAS;Ausência de reação do condutor;Saída de leito carroçável;Com Vítimas Feridas;Pleno dia;Decrescente;Chuva;Dupla;Curva;Não;5;0;3;0;1;1;3;2;-9,171239;-35,774311;SPRF-AL;DEL01-AL;UOP02-DEL01-AL
692321;19/05/2025;segunda-feira;09:00:00;PE;232;123;CARUARU;Ausência de reação do condutor;Engavetamento;Sem Vítimas;Pleno dia;Crescente;Chuva;Dupla;Declive;Não;3;0;0;0;3;0;0;3;-8,3017752;-35,91672492;SPRF-PE;DEL02-PE;UOP01-DEL02-PE
692323;19/05/2025;segunda-feira;09:00:00;SC;282;68,4;RANCHO QUEIMADO;Acumulo de óleo sobre o pavimento;Tombamento;Com Vítimas Feridas;Pleno dia;Decrescente;Nublado;Simples;Curva;Não;2;0;0;2;0;0;2;1;-27,69349295;-49,08051666;SPRF-SC;DEL01-SC;UOP03-DEL01-SC
692324;19/05/2025;segunda-feira;08:00:00;RO;425;127;GUAJARA-MIRIM;Ausência de reação do condutor;Colisão traseira;Com Vítimas Feridas;Pleno dia;Crescente;Céu Claro;Dupla;Reta;Sim;2;0;1;0;1;0;1;2;-10,77497564;-65,32754928;SPRF-RO;DEL01-RO;UOP03-DEL01-RO
692325;21/04/2025;segunda-feira;18:50:00;SC;101;123;ITAJAI;Reação tardia ou ineficiente do condutor;Tombamento;Com Vítimas Feridas;Anoitecer;Crescente;Nublado;Múltipla;Reta;Sim;1;0;1;0;0;0;1;1;-26,93414645;-48,7013036;SPRF-SC;DEL04-SC;UOP04-DEL04-SC