id;data_inversa;dia_semana;horario;uf;br;km;municipio;causa_acidente;tipo_acidente;classificacao_acidente;fase_dia;sentido_via;condicao_metereologica;tipo_pista;tracado_via;uso_solo;pessoas;mortos;feridos_leves;feridos_graves;ilesos;ignorados;feridos;veiculos;latitude;longitude;regional;delegacia;uop
692597;20/05/2025;terça-feira;08:00:00;BA;324;540,8;AMELIA RODRIGUES;Avarias e/ou desgaste excessivo no pneu;Colisão com objeto;Com Vítimas Feridas;Pleno dia;Decrescente;Nublado;Dupla;Reta;Sim;1;0;1;0;0;0;1;1;-12,3952053;-38,7725062;SPRF-BA;DEL01-BA;UOP03-DEL01-BA
692598;20/05/2025;terça-feira;17:00:00;PE;424;14;PEDRA;Ausência de reação do condutor;Colisão traseira;Com Vítimas Feridas;Anoitecer;Crescente;Chuva;Simples;Reta;Não;4;0;1;0;3;0;1;3;-8,498858;-36,973132;SPRF-PE;DEL04-PE;UOP02-DEL04-PE
692601;20/05/2025;terça-feira;11:00:00;RJ;101;321;NITEROI;Reação tardia ou ineficiente do condutor;Tombamento;Com Vítimas Feridas;Pleno dia;Decrescente;Céu Claro;Múltipla;Curva;Não;1;0;1;0;0;0;1;1;-22,86858331;-43,11069489;SPRF-RJ;DEL02-RJ;UOP01-DEL02-RJ
692602;15/05/2025;quinta-feira;07:55:00;MG;116;278;TEOFILO OTONI;Desrespeitar a preferência no cruzamento;Colisão transversal;Com Vítimas Feridas;Pleno dia;Crescente;Nublado;Múltipla;"Declive;Curva;Interseção de Vias";Sim;2;0;1;0;1;0;1;2;-17,871012;-41,51850192;SPRF-MG;DEL11-MG;UOP01-DEL11-MG
692604;20/05/2025;terça-feira;18:50:00;SE;101;151;ESTANCIA;Acessar a via sem observar a presença dos outros veículos;Colisão frontal;Com Vítimas Feridas;Plena Noite;Decrescente;Chuva;Dupla;"Curva;Declive;Retorno Regulamentado";Sim;3;0;2;0;1;0;2;2;-11,26839441;-37,44264577;SPRF-SE;DEL02-SE;UOP01-DEL02-SE
692608;20/05/2025;terça-feira;11:30:00;RJ;40;115;DUQUE DE CAXIAS;Demais falhas mecânicas ou elétricas;Incêndio;Sem Vítimas;Pleno dia;Decrescente;Céu Claro;Dupla;Reta;Sim;1;0;0;0;1;0;0;1;-22,7053361;-43,2811485;SPRF-RJ;DEL01-RJ;UOP02-DEL01-RJ
692609;20/05/2025;terça-feira;19:15:00;RS;116;525,1;PELOTAS;Transitar na calçada;Colisão transversal;Com Vítimas Feridas;Plena Noite;Crescente;Céu Claro;Simples;Reta;Não;2;0;1;0;1;0;1;2;-31,7319134;-52,39059133;SPRF-RS;DEL07-RS;UOP01-DEL07-RS
692610;20/05/2025;terça-feira;18:13:00;MG;116;539,7;SANTA RITA DE MINAS;Acessar a via sem observar a presença dos outros veículos;Colisão transversal;Com Vítimas Feridas;Plena Noite;Crescente;Céu Claro;Simples;Reta;Não;2;0;0;1;1;0;1;2;-19,88299146;-42,13787556;SPRF-MG;DEL06-MG;UOP02-DEL06-MG
692612;20/05/2025;terça-feira;16:30:00;RJ;356;71;ITAPERUNA;Conversão proibida;Colisão lateral mesmo sentido;Com Vítimas Feridas;Pleno dia;Decrescente;Céu Claro;Simples;Curva;Não;2;0;1;0;1;0;1;2;-21,2402176;-41,7792;SPRF-RJ;DEL08-RJ;UOP03-DEL08-RJ
692613;20/05/2025;terça-feira;17:43:00;RO;364;710;PORTO VELHO;Manobra de mudança de faixa;Colisão transversal;Com Vítimas Feridas;Pleno dia;Crescente;Céu Claro;Dupla;"Retorno Regulamentado;Reta";Não;2;0;1;0;1;0;1;2;-8,78335453;-63,86200039;SPRF-RO;DEL01-RO;UOP01-DEL01-RO
692616;20/05/2025;terça-feira;18:50:00;AL;316;153;PALMEIRA DOS INDIOS;Ingestão de álcool pelo condutor;Colisão traseira;Com Vítimas Feridas;Plena Noite;Decrescente;Chuva;Simples;Curva;Sim;4;0;0;3;1;0;3;2;-9,43129762;-36,64909908;SPRF-AL;DEL03-AL;UOP01-DEL03-AL
692618;20/05/2025;terça-feira;20:05:00;MG;381;360;JOAO MONLEVADE;Pedestre andava na pista;Atropelamento de Pedestre;Com Vítimas Feridas;Plena Noite;Decrescente;Céu Claro;Simples;Reta;Sim;2;0;1;0;1;0;1;2;-19,84063437;-43,19774866;SPRF-MG;DEL03-MG;UOP01-DEL03-MG
692619;20/05/2025;terça-feira;19:00:00;CE;20;374,1;CAUCAIA;Acessar a via sem observar a presença dos outros veículos;Colisão transversal;Com Vítimas Feridas;Plena Noite;Decrescente;Céu Claro;Simples;Reta;Não;1;0;0;1;0;0;1;1;-3,96039326;-38,88051717;SPRF-CE;DEL01-CE;UOP01-DEL01-CE
692620;25/03/2025;terça-feira;18:15:00;MG;365;624;UBERLANDIA;Condutor deixou de manter distância do veículo da frente;Colisão traseira;Com Vítimas Feridas;Anoitecer;Crescente;Céu Claro;Dupla;"Declive;Reta";Sim;2;0;1;0;1;0;1;2;-18,9063;-48,296728;SPRF-MG;DEL15-MG;UOP01-DEL15-MG
692621;20/05/2025;terça-feira;18:20:00;SC;101;161;TIJUCAS;Ausência de reação do condutor;Colisão frontal;Com Vítimas Feridas;Plena Noite;Decrescente;Nublado;Dupla;Reta;Não;2;0;0;1;1;0;1;2;-27,22251918;-48,62651221;SPRF-SC;DEL04-SC;UOP03-DEL04-SC
692622;20/05/2025;terça-feira;19:45:00;BA;101;510;ITABUNA;Animais na Pista;Colisão frontal;Com Vítimas Feridas;Plena Noite;Decrescente;Céu Claro;Simples;"Reta;Aclive";Não;2;0;2;0;0;0;2;2;-14,828723;-39,291371;SPRF-BA;DEL05-BA;UOP01-DEL05-BA
692623;20/05/2025;terça-feira;19:35:00;RJ;101;444,8;MANGARATIBA;Pedestre andava na pista;Atropelamento de Pedestre;Com Vítimas Fatais;Plena Noite;Decrescente;Garoa/Chuvisco;Simples;"Aclive;Reta";Não;2;1;0;0;1;0;0;2;-22,98778999;-44,08607483;SPRF-RJ;DEL03-RJ;UOP02-DEL03-RJ
692625;20/05/2025;terça-feira;18:20:00;RS;116;525,1;PELOTAS;Animais na Pista;Atropelamento de Animal;Com Vítimas Feridas;Anoitecer;Decrescente;Céu Claro;Dupla;Reta;Sim;2;0;0;1;0;1;1;1;-31,73471399;-52,39209143;SPRF-RS;DEL07-RS;UOP01-DEL07-RS
692626;20/05/2025;terça-feira;20:08:00;BA;324;516;FEIRA DE SANTANA;Condutor desrespeitou a iluminação vermelha do semáforo;Colisão transversal;Com Vítimas Feridas;Plena Noite;Decrescente;Chuva;Simples;Reta;Sim;3;0;0;1;1;1;1;3;-12,25074126;-38,93331528;SPRF-BA;DEL02-BA;UOP01-DEL02-BA
692627;20/05/2025;terça-feira;18:30:00;MG;40;36,2;PARACATU;Condutor deixou de manter distância do veículo da frente;Colisão traseira;Sem Vítimas;Plena Noite;Crescente;Céu Claro;Simples;"Reta;Aclive";Não;2;0;0;0;1;1;0;2;-17,198323;-46,908589;SPRF-MG;DEL14-MG;UOP01-DEL14-MG
692628;20/05/2025;terça-feira;21:02:00;ES;101;140;LINHARES;Mal súbito do condutor;Tombamento;Com Vítimas Feridas;Plena Noite;Crescente;Céu Claro;Múltipla;Reta;Sim;1;0;1;0;0;0;1;1;-19,33720016;-40,06647038;SPRF-ES;DEL04-ES;UOP01-DEL04-ES
692629;20/05/2025;terça-feira;16:30:00;PA;230;126;MARABA;Acessar a via sem observar a presença dos outros veículos;Colisão transversal;Com Vítimas Feridas;Pleno dia;Crescente;Sol;Simples;"Reta;Aclive";Sim;3;0;1;1;1;0;2;2;-5,374997;-49,156628;SPRF-PA;DEL03-PA;UOP01-DEL03-PA
692631;20/05/2025;terça-feira;18:40:00;MS;163;245;DOURADOS;Acumulo de areia ou detritos sobre o pavimento;Derramamento de carga;Com Vítimas Feridas;Plena Noite;Decrescente;Céu Claro;Simples;Reta;Não;1;0;1;0;0;0;1;1;-22,35071484;-54,80664539;SPRF-MS;DEL04-MS;UOP02-DEL04-MS
692632;20/05/2025;terça-feira;19:10:00;PI;135;352,8;BOM JESUS;Conversão proibida;Colisão lateral mesmo sentido;Com Vítimas Feridas;Plena Noite;Crescente;Céu Claro;Dupla;"Reta;Retorno Regulamentado";Sim;2;0;1;0;1;0;1;2;-9,076962;-44,3598;SPRF-PI;DEL03-PI;UOP02-DEL03-PI
692633;20/05/2025;terça-feira;21:00:00;PR;277;76;SAO JOSE DOS PINHAIS;Pedestre - Ingestão de álcool/ substâncias psicoativas;Atropelamento de Pedestre;Com Vítimas Fatais;Plena Noite;Crescente;Céu Claro;Dupla;Reta;Não;2;1;0;0;1;0;0;2;-25,48670559;-49,18345062;SPRF-PR;DEL01-PR;UOP07-DEL01-PR
692634;24/02/2025;segunda-feira;01:50:00;SC;101;132;BALNEARIO CAMBORIU;Reação tardia ou ineficiente do condutor;Saída de leito carroçável;Com Vítimas Feridas;Plena Noite;Decrescente;Céu Claro;Múltipla;Reta;Sim;1;0;0;1;0;0;1;1;-26,99755491;-48,65180565;SPRF-SC;DEL04-SC;UOP03-DEL04-SC
692635;20/05/2025;terça-feira;21:00:00;GO;414;394;CORUMBA DE GOIAS;Ingestão de álcool pelo condutor;Colisão traseira;Sem Vítimas;Plena Noite;Decrescente;Céu Claro;Simples;Reta;Sim;2;0;0;0;2;0;0;2;-15,9304425;-48,80481768;SPRF-GO;DEL02-GO;UOP01-DEL02-GO
692636;20/05/2025;terça-feira;21:11:00;AP;210;3;MACAPA;Desrespeitar a preferência no cruzamento;Colisão transversal;Com Vítimas Feridas;Plena Noite;Decrescente;Céu Claro;Simples;Reta;Sim;2;0;1;0;1;0;1;2;0,08757834;-51,09190732;SPRF-AP;DEL01-AP;UOP01-DEL01-AP
692637;20/05/2025;terça-feira;18:30:00;PB;230;460,8;SOUSA;Ausência de reação do condutor;Tombamento;Com Vítimas Feridas;Plena Noite;Decrescente;Nublado;Simples;Reta;Não;1;0;0;1;0;0;1;1;-6,777778;-38,220314;SPRF-PB;DEL03-PB;UOP03-DEL03-PB
692640;14/03/2025;sexta-feira;13:35:00;MG;381;813,1;CAREACU;Velocidade Incompatível;Saída de leito carroçável;Com Vítimas Feridas;Pleno dia;Decrescente;Garoa/Chuvisco;Dupla;"Curva;Declive";Não;3;0;2;1;0;0;3;1;-22,015676;-45,679156;SPRF-MG;DEL16-MG;UOP02-DEL16-MG
692642;20/05/2025;terça-feira;21:25:00;PR;116;73,9;QUATRO BARRAS;Velocidade Incompatível;Saída de leito carroçável;Com Vítimas Feridas;Plena Noite;Crescente;Chuva;Dupla;"Aclive;Curva";Não;1;0;1;0;0;0;1;1;-25,35515679;-49,04133797;SPRF-PR;DEL01-PR;UOP02-DEL01-PR
692643;20/05/2025;terça-feira;22:29:00;SP;116;212;GUARULHOS;Reação tardia ou ineficiente do condutor;Colisão com objeto;Com Vítimas Feridas;Plena Noite;Decrescente;Céu Claro;Múltipla;Reta;Sim;1;0;1;0;0;0;1;1;-23,43723116;-46,43081602;SPRF-SP;DEL01-SP;UOP01-DEL01-SP
692644;20/05/2025;terça-feira;15:00:00;MT;70;120;GENERAL CARNEIRO;Demais falhas mecânicas ou elétricas;Incêndio;Sem Vítimas;Pleno dia;Decrescente;Céu Claro;Simples;Reta;Não;1;0;0;0;1;0;0;1;-15,60286689;-53,14996719;SPRF-MT;DEL07-MT;UOP01-DEL07-MT
692645;20/05/2025;terça-feira;13:00:00;RJ;101;310;SAO GONCALO;Problema com o freio;Colisão traseira;Sem Vítimas;Pleno dia;Decrescente;Céu Claro;Dupla;"Reta;Declive";Sim;2;0;0;0;2;0;0;2;-22,8133252;-43,0595451;SPRF-RJ;DEL02-RJ;UOP02-DEL02-RJ
692646;20/05/2025;terça-feira;22:00:00;TO;10;454,3;PALMAS;Ausência de reação do condutor;Colisão transversal;Com Vítimas Fatais;Plena Noite;Crescente;Céu Claro;Múltipla;Reta;Sim;2;1;0;0;1;0;0;2;-10,31314;-48,29718;SPRF-TO;DEL01-TO;UOP03-DEL01-TO
692647;20/05/2025;terça-feira;21:30:00;CE;222;310;TIANGUA;Área urbana sem a presença de local apropriado para a travessia de pedestres;Atropelamento de Pedestre;Com Vítimas Feridas;Plena Noite;Decrescente;Céu Claro;Dupla;"Reta;Interseção de Vias";Sim;2;0;0;1;0;1;1;2;-3,6922924;-40,9759976;SPRF-CE;DEL04-CE;UOP02-DEL04-CE
692648;20/05/2025;terça-feira;09:00:00;RJ;40;123;DUQUE DE CAXIAS;Reação tardia ou ineficiente do condutor;Colisão lateral mesmo sentido;Com Vítimas Feridas;Pleno dia;Decrescente;Céu Claro;Dupla;"Ponte;Curva";Sim;2;0;1;0;1;0;1;2;-22,80249065;-43,29020481;SPRF-RJ;DEL01-RJ;UOP02-DEL01-RJ
692649;13/05/2025;terça-feira;06:40:00;RJ;116;202;SEROPEDICA;Avarias e/ou desgaste excessivo no pneu;Queda de ocupante de veículo;Com Vítimas Feridas;Pleno dia;Crescente;Céu Claro;Dupla;Curva;Não;2;0;1;0;1;0;1;1;-22,72432887;-43,66084546;SPRF-RJ;DEL06-RJ;UOP02-DEL06-RJ
692650;20/05/2025;terça-feira;23:10:00;TO;10;453;PALMAS;Ausência de reação do condutor;Colisão transversal;Com Vítimas Feridas;Plena Noite;Crescente;Céu Claro;Dupla;Reta;Sim;2;0;0;1;1;0;1;2;-10,313265;-48,297138;SPRF-TO;DEL01-TO;UOP03-DEL01-TO
692651;20/05/2025;terça-feira;22:50:00;PR;277;0,2;PARANAGUA;Acessar a via sem observar a presença dos outros veículos;Colisão transversal;Com Vítimas Feridas;Plena Noite;Crescente;Céu Claro;Dupla;Interseção de Vias;Sim;2;0;1;0;1;0;1;2;-25,51858305;-48,54208398;SPRF-PR;DEL01-PR;UOP05-DEL01-PR
692652;20/05/2025;terça-feira;20:30:00;MT;174;301;PONTES E LACERDA;Animais na Pista;Atropelamento de Animal;Com Vítimas Feridas;Plena Noite;Decrescente;Céu Claro;Simples;Reta;Não;1;0;1;0;0;0;1;1;-15,05781451;-59,29646731;SPRF-MT;DEL04-MT;UOP01-DEL04-MT
692653;20/05/2025;terça-feira;17:45:00;RS;468;104,9;TRES PASSOS;Acessar a via sem observar a presença dos outros veículos;Colisão transversal;Com Vítimas Feridas;Pleno dia;Crescente;Céu Claro;Simples;"Reta;Interseção de Vias;Rotatória";Sim;2;0;1;0;1;0;1;2;-27,4449035;-53,9493713;SPRF-RS;DEL08-RS;UOP02-DEL08-RS
692654;20/05/2025;terça-feira;22:00:00;PR;373;181;PONTA GROSSA;Conversão proibida;Colisão transversal;Com Vítimas Feridas;Plena Noite;Crescente;Nublado;Simples;Reta;Sim;4;0;2;0;2;0;2;2;-25,04071647;-50,25193088;SPRF-PR;DEL03-PR;UOP01-DEL03-PR
692657;20/05/2025;terça-feira;23:30:00;SC;101;92;BARRA VELHA;Reação tardia ou ineficiente do condutor;Colisão lateral mesmo sentido;Sem Vítimas;Plena Noite;Crescente;Nublado;Múltipla;Reta;Não;2;0;0;0;2;0;0;2;-26,68458659;-48,69476287;SPRF-SC;DEL03-SC;UOP02-DEL03-SC
692658;16/05/2025;sexta-feira;15:00:00;BA;101;622;MASCOTE;Velocidade Incompatível;Saída de leito carroçável;Sem Vítimas;Pleno dia;Decrescente;Chuva;Simples;Curva;Não;1;0;0;0;0;1;0;1;-15,74187628;-39,4765091;SPRF-BA;DEL05-BA;UOP02-DEL05-BA
692659;21/05/2025;quarta-feira;02:28:00;GO;153;582;PIRACANJUBA;Animais na Pista;Atropelamento de Animal;Com Vítimas Feridas;Plena Noite;Decrescente;Céu Claro;Dupla;"Declive;Reta";Não;1;0;1;0;0;0;1;1;-17,388008;-49,229988;SPRF-GO;DEL03-GO;UOP01-DEL03-GO
692665;21/05/2025;quarta-feira;05:30:00;SP;116;226,5;GUARULHOS;Manobra de mudança de faixa;Colisão lateral mesmo sentido;Com Vítimas Feridas;Plena Noite;Crescente;Nublado;Múltipla;"Em Obras;Reta";Sim;2;0;1;0;0;1;1;2;-23,49397555;-46,55377887;SPRF-SP;DEL01-SP;UOP01-DEL01-SP
692666;21/05/2025;quarta-feira;06:30:00;SP;116;222;GUARULHOS;Trafegar com motocicleta (ou similar) entre as faixas;Colisão com objeto;Com Vítimas Feridas;Pleno dia;Crescente;Céu Claro;Múltipla;"Reta;Em Obras;Desvio Temporário";Sim;1;0;1;0;0;0;1;1;-23,47112713;-46,5174191;SPRF-SP;DEL01-SP;UOP01-DEL01-SP
692667;21/05/2025;quarta-feira;06:45:00;SC;101;24,8;JOINVILLE;Demais falhas na via;Tombamento;Com Vítimas Feridas;Pleno dia;Crescente;Chuva;Dupla;Reta;Sim;1;0;1;0;0;0;1;1;-26,18084408;-48,9091572;SPRF-SC;DEL03-SC;UOP01-DEL03-SC
692668;21/05/2025;quarta-feira;07:00:00;SC;101;24,8;JOINVILLE;Demais falhas na via;Tombamento;Com Vítimas Feridas;Pleno dia;Crescente;Chuva;Dupla;"Reta;Desvio Temporário";Não;1;0;1;0;0;0;1;1;-26,18094999;-48,90916793;SPRF-SC;DEL03-SC;UOP01-DEL03-SC
692670;21/05/2025;quarta-feira;05:37:00;PE;232;118,2;CARUARU;Acumulo de água sobre o pavimento;Saída de leito carroçável;Com Vítimas Feridas;Amanhecer;Decrescente;Chuva;Dupla;Curva;Não;3;0;2;0;0;1;2;2;-8,294777;-35,886792;SPRF-PE;DEL02-PE;UOP01-DEL02-PE
692672;21/05/2025;quarta-feira;07:20:00;DF;20;8;BRASILIA;Condutor deixou de manter distância do veículo da frente;Colisão traseira;Com Vítimas Feridas;Pleno dia;Decrescente;Sol;Dupla;"Reta;Declive";Sim;4;0;1;0;3;0;1;3;-15,66131154;-47,79324532;SPRF-DF;DEL02-DF;UOP01-DEL02-DF
692673;21/05/2025;quarta-feira;06:30:00;SC;280;124,2;RIO NEGRINHO;Ingestão de álcool pelo condutor;Colisão traseira;Com Vítimas Feridas;Pleno dia;Crescente;Céu Claro;Simples;Reta;Não;2;0;1;0;1;0;1;2;-26,35641481;-49,625519;SPRF-SC;DEL06-SC;UOP03-DEL06-SC
692674;21/05/2025;quarta-feira;06:50:00;SC;101;149;ITAPEMA;Reação tardia ou ineficiente do condutor;Tombamento;Com Vítimas Feridas;Amanhecer;Crescente;Céu Claro;Dupla;Reta;Sim;2;0;2;0;0;0;2;1;-27,10502976;-48,61605613;SPRF-SC;DEL04-SC;UOP03-DEL04-SC
692675;21/05/2025;quarta-feira;07:05:00;PR;369;156;LONDRINA;Ausência de reação do condutor;Atropelamento de Pedestre;Com Vítimas Feridas;Pleno dia;Crescente;Céu Claro;Dupla;Reta;Sim;3;0;1;0;2;0;1;2;-23,291721;-51,216699;SPRF-PR;DEL07-PR;UOP01-DEL07-PR
692678;13/05/2025;terça-feira;19:10:00;PR;277;336;GUARAPUAVA;Objeto estático sobre o leito carroçável;Colisão com objeto;Sem Vítimas;Anoitecer;Crescente;Céu Claro;Dupla;"Declive;Reta";Não;1;0;0;0;1;0;0;1;-25,342251;-51,411944;SPRF-PR;DEL08-PR;UOP01-DEL08-PR
692679;21/05/2025;quarta-feira;07:50:00;RS;116;147;CAXIAS DO SUL;Manobra de mudança de faixa;Colisão lateral mesmo sentido;Com Vítimas Feridas;Pleno dia;Crescente;Garoa/Chuvisco;Dupla;"Reta;Declive";Sim;2;0;1;0;1;0;1;2;-29,14906301;-51,14323676;SPRF-RS;DEL05-RS;UOP01-DEL05-RS
692680;21/05/2025;quarta-feira;07:40:00;CE;116;34;AQUIRAZ;Acessar a via sem observar a presença dos outros veículos;Colisão transversal;Com Vítimas Feridas;Pleno dia;Crescente;Céu Claro;Dupla;Reta;Sim;2;0;0;1;1;0;1;2;-4,052417;-38,50608;SPRF-CE;DEL01-CE;UOP02-DEL01-CE
692681;21/05/2025;quarta-feira;07:30:00;SC;280;28,6;ARAQUARI;Acessar a via sem observar a presença dos outros veículos;Colisão frontal;Com Vítimas Feridas;Pleno dia;Crescente;Garoa/Chuvisco;Simples;"Reta;Interseção de Vias;Em Obras";Sim;2;0;0;1;1;0;1;2;-26,408332;-48,749967;SPRF-SC;DEL03-SC;UOP03-DEL03-SC
692682;21/05/2025;quarta-feira;08:00:00;PB;230;147,8;CAMPINA GRANDE;Reação tardia ou ineficiente do condutor;Colisão lateral mesmo sentido;Com Vítimas Feridas;Pleno dia;Crescente;Céu Claro;Simples;Rotatória;Não;2;0;1;0;1;0;1;2;-7,23662236;-35,86704302;SPRF-PB;DEL02-PB;UOP01-DEL02-PB
692684;21/05/2025;quarta-feira;07:00:00;PB;104;118,2;LAGOA SECA;Ultrapassagem Indevida;Colisão transversal;Com Vítimas Feridas;Pleno dia;Decrescente;Nublado;Simples;Reta;Sim;2;0;0;1;1;0;1;2;-7,187725;-35,866735;SPRF-PB;DEL02-PB;UOP04-DEL02-PB
692686;21/05/2025;quarta-feira;08:15:00;SC;101;328;CAPIVARI DE BAIXO;Manobra de mudança de faixa;Colisão lateral mesmo sentido;Com Vítimas Feridas;Pleno dia;Crescente;Céu Claro;Dupla;Reta;Sim;2;0;2;0;0;0;2;2;-28,44450268;-48,96630988;SPRF-SC;DEL02-SC;UOP01-DEL02-SC
692687;21/05/2025;quarta-feira;07:30:00;MS;163;471;CAMPO GRANDE;Ausência de reação do condutor;Saída de leito carroçável;Com Vítimas Feridas;Pleno dia;Crescente;Céu Claro;Simples;"Reta;Declive";Não;1;0;1;0;0;0;1;1;-20,5514319;-54,5570638;SPRF-MS;DEL01-MS;UOP01-DEL01-MS
692688;21/05/2025;quarta-feira;06:53:00;RS;290;86;PORTO ALEGRE;Avarias e/ou desgaste excessivo no pneu;Saída de leito carroçável;Sem Vítimas;Plena Noite;Crescente;Nevoeiro/Neblina;Simples;Curva;Sim;1;0;0;0;0;1;0;1;-29,96746083;-51,11774191;SPRF-RS;DEL01-RS;UOP01-DEL01-RS
692689;21/05/2025;quarta-feira;07:45:00;PR;272;367,4;CAMPO MOURAO;Condutor deixou de manter distância do veículo da frente;Colisão traseira;Com Vítimas Feridas;Pleno dia;Decrescente;Céu Claro;Dupla;Reta;Sim;4;0;1;0;3;0;1;2;-24,0509623;-52,4028793;SPRF-PR;DEL09-PR;UOP03-DEL09-PR
692691;21/05/2025;quarta-feira;07:30:00;GO;60;97,5;ANAPOLIS;Condutor deixou de manter distância do veículo da frente;Colisão traseira;Com Vítimas Feridas;Pleno dia;Crescente;Céu Claro;Dupla;Reta;Sim;2;0;1;0;0;1;1;2;-16,382212;-48,953006;SPRF-GO;DEL02-GO;UOP01-DEL02-GO
692697;21/05/2025;quarta-feira;08:00:00;RJ;40;120;DUQUE DE CAXIAS;Reação tardia ou ineficiente do condutor;Colisão lateral mesmo sentido;Com Vítimas Feridas;Pleno dia;Crescente;Céu Claro;Múltipla;Reta;Sim;4;0;2;0;2;0;2;2;-22,78324354;-43,28569045;SPRF-RJ;DEL01-RJ;UOP02-DEL01-RJ
692698;21/05/2025;quarta-feira;09:20:00;RS;470;168;VILA FLORES;Acessar a via sem observar a presença dos outros veículos;Colisão transversal;Com Vítimas Feridas;Pleno dia;Crescente;Nublado;Simples;"Reta;Retorno Regulamentado";Sim;3;0;3;0;0;0;3;2;-28,871156;-51,550761;SPRF-RS;DEL06-RS;UOP02-DEL06-RS
692699;21/05/2025;quarta-feira;06:50:00;RJ;40;120;DUQUE DE CAXIAS;Reação tardia ou ineficiente do condutor;Colisão lateral mesmo sentido;Com Vítimas Feridas;Pleno dia;Crescente;Céu Claro;Múltipla;Reta;Sim;2;0;1;0;1;0;1;2;-22,76610542;-43,28673933;SPRF-RJ;DEL01-RJ;UOP02-DEL01-RJ
692700;20/05/2025;terça-feira;20:10:00;RJ;40;107;DUQUE DE CAXIAS;Ausência de reação do condutor;Engavetamento;Sem Vítimas;Plena Noite;Decrescente;Céu Claro;Múltipla;Reta;Sim;3;0;0;0;3;0;0;3;-22,65851899;-43,28398057;SPRF-RJ;DEL01-RJ;UOP02-DEL01-RJ
692701;21/05/2025;quarta-feira;09:00:00;SP;116;222;GUARULHOS;Condutor deixou de manter distância do veículo da frente;Colisão traseira;Com Vítimas Feridas;Pleno dia;Decrescente;Céu Claro;Múltipla;Reta;Não;3;0;1;0;2;0;1;2;-23,475691;-46,524662;SPRF-SP;DEL01-SP;UOP01-DEL01-SP
692702;25/01/2025;sábado;14:05:00;SE;101;201,4;CRISTINAPOLIS;Reação tardia ou ineficiente do condutor;Saída de leito carroçável;Com Vítimas Feridas;Pleno dia;Decrescente;Céu Claro;Simples;Reta;Não;3;0;1;1;1;0;2;1;-11,49070496;-37,77641305;SPRF-SE;DEL02-SE;UOP03-DEL02-SE
692703;21/05/2025;quarta-feira;10:00:00;SP;116;228;SAO PAULO;Reação tardia ou ineficiente do condutor;Colisão traseira;Com Vítimas Feridas;Pleno dia;Crescente;Céu Claro;Múltipla;Reta;Sim;2;0;1;0;1;0;1;2;-23,502543;-46,566312;SPRF-SP;DEL01-SP;UOP01-DEL01-SP
692704;21/05/2025;quarta-feira;08:00:00;SP;116;136,8;SAO JOSE DOS CAMPOS;Trafegar com motocicleta (ou similar) entre as faixas;Colisão traseira;Com Vítimas Feridas;Pleno dia;Crescente;Céu Claro;Dupla;"Reta;Interseção de Vias;Aclive";Sim;2;0;1;0;1;0;1;2;-23,15006743;-45,78161716;SPRF-SP;DEL02-SP;UOP01-DEL02-SP
692705;02/05/2025;sexta-feira;07:45:00;RJ;116;313;RESENDE;Reação tardia ou ineficiente do condutor;Engavetamento;Com Vítimas Feridas;Amanhecer;Decrescente;Nevoeiro/Neblina;Dupla;Reta;Não;6;0;2;0;4;0;2;5;-22,46019;-44,465933;SPRF-RJ;DEL07-RJ;UOP02-DEL07-RJ
692706;21/05/2025;quarta-feira;10:00:00;SC;101;77,7;ARAQUARI;Condutor Dormindo;Saída de leito carroçável;Com Vítimas Feridas;Pleno dia;Crescente;Nublado;Dupla;Curva;Não;3;0;2;0;1;0;2;1;-26,5739306;-48,72297971;SPRF-SC;DEL03-SC;UOP02-DEL03-SC
692708;21/05/2025;quarta-feira;09:20:00;RJ;40;111;DUQUE DE CAXIAS;Reação tardia ou ineficiente do condutor;Colisão traseira;Com Vítimas Feridas;Pleno dia;Crescente;Céu Claro;Dupla;Reta;Sim;2;0;1;0;1;0;1;2;-22,6922512;-43,28766481;SPRF-RJ;DEL01-RJ;UOP02-DEL01-RJ
692710;21/05/2025;quarta-feira;08:30:00;MG;262;75;MATIPO;Ausência de reação do condutor;Queda de ocupante de veículo;Com Vítimas Feridas;Pleno dia;Crescente;Céu Claro;Simples;"Reta;Aclive";Não;1;0;1;0;0;0;1;1;-20,32520408;-42,34158611;SPRF-MG;DEL03-MG;UOP03-DEL03-MG
692712;21/05/2025;quarta-feira;11:45:00;DF;60;2,5;BRASILIA;Acessar a via sem observar a presença dos outros veículos;Saída de leito carroçável;Com Vítimas Feridas;Pleno dia;Crescente;Céu Claro;Dupla;Reta;Sim;6;0;4;0;1;1;4;3;-15,9286837;-48,167833;SPRF-DF;DEL03-DF;UOP01-DEL03-DF
692715;21/05/2025;quarta-feira;10:25:00;SC;101;194,8;BIGUACU;Transtornos Mentais (exceto suicidio);Queda de ocupante de veículo;Com Vítimas Feridas;Pleno dia;Crescente;Nublado;Múltipla;Reta;Sim;1;0;1;0;0;0;1;1;-27,50438173;-48,65189999;SPRF-SC;DEL01-SC;UOP01-DEL01-SC