id;data_inversa;dia_semana;horario;uf;br;km;municipio;causa_acidente;tipo_acidente;classificacao_acidente;fase_dia;sentido_via;condicao_metereologica;tipo_pista;tracado_via;uso_solo;pessoas;mortos;feridos_leves;feridos_graves;ilesos;ignorados;feridos;veiculos;latitude;longitude;regional;delegacia;uop
692716;21/05/2025;quarta-feira;11:40:00;RN;101;107;PARNAMIRIM;Pista Escorregadia;Tombamento;Com Vítimas Feridas;Pleno dia;Crescente;Céu Claro;Simples;Curva;Sim;2;0;1;0;0;1;1;1;-5,92044109;-35,26495164;SPRF-RN;DEL01-RN;UOP01-DEL01-RN
692717;13/05/2025;terça-feira;07:50:00;MG;116;801,8;ALEM PARAIBA;Acessar a via sem observar a presença dos outros veículos;Colisão transversal;Com Vítimas Feridas;Pleno dia;Crescente;Nublado;Simples;Reta;Não;2;0;2;0;0;0;2;2;-21,775255;-42,727764;SPRF-MG;DEL07-MG;UOP01-DEL07-MG
692719;21/05/2025;quarta-feira;10:30:00;SE;235;42,7;ITABAIANA;Condutor deixou de manter distância do veículo da frente;Colisão traseira;Com Vítimas Feridas;Pleno dia;Crescente;Nublado;Simples;Reta;Sim;2;0;1;0;1;0;1;2;-10,76113563;-37,38956451;SPRF-SE;DEL01-SE;UOP02-DEL01-SE
692722;21/05/2025;quarta-feira;11:33:00;MG;116;701,7;MURIAE;Conversão proibida;Colisão lateral mesmo sentido;Com Vítimas Feridas;Pleno dia;Decrescente;Céu Claro;Simples;Reta;Sim;3;0;1;0;1;1;1;3;-21,11908704;-42,38013122;SPRF-MG;DEL07-MG;UOP02-DEL07-MG
692723;21/05/2025;quarta-feira;12:30:00;MG;262;490,8;MOEMA;Restrição de visibilidade em curvas horizontais;Saída de leito carroçável;Com Vítimas Feridas;Pleno dia;Decrescente;Sol;Simples;Reta;Não;2;0;2;0;0;0;2;1;-19,78587;-45,382321;SPRF-MG;DEL08-MG;UOP03-DEL08-MG
692724;17/05/2025;sábado;23:40:00;GO;70;474;ARAGARCAS;Ausência de reação do condutor;Tombamento;Com Vítimas Feridas;Plena Noite;Crescente;Céu Claro;Dupla;Reta;Sim;1;0;0;1;0;0;1;1;-15,895929;-52,250492;SPRF-GO;DEL04-GO;UOP02-DEL04-GO
692726;21/05/2025;quarta-feira;10:20:00;MG;50;142;UBERABA;Avarias e/ou desgaste excessivo no pneu;Saída de leito carroçável;Com Vítimas Feridas;Pleno dia;Crescente;Céu Claro;Dupla;Reta;Não;1;0;0;1;0;0;1;1;-19,498988;-48,046572;SPRF-MG;DEL13-MG;UOP01-DEL13-MG
692729;21/05/2025;quarta-feira;12:57:00;RN;101;71,5;EXTREMOZ;Reação tardia ou ineficiente do condutor;Tombamento;Com Vítimas Feridas;Pleno dia;Crescente;Sol;Simples;"Interseção de Vias;Reta";Não;1;0;1;0;0;0;1;1;-5,69159464;-35,26306478;SPRF-RN;DEL02-RN;UOP01-DEL02-RN
692730;21/05/2025;quarta-feira;13:25:00;MA;135;10;SAO LUIS;Reação tardia ou ineficiente do condutor;Atropelamento de Pedestre;Com Vítimas Feridas;Pleno dia;Decrescente;Chuva;Dupla;Reta;Sim;3;0;1;2;0;0;3;2;-2,66246672;-44,28565797;SPRF-MA;DEL01-MA;UOP01-DEL01-MA
692732;21/05/2025;quarta-feira;11:00:00;AP;210;108;PORTO GRANDE;Transitar na contramão;Colisão frontal;Com Vítimas Feridas;Pleno dia;Crescente;Céu Claro;Simples;Curva;Não;2;0;0;1;1;0;1;2;0,69879907;-51,42603484;SPRF-AP;DEL01-AP;UOP01-DEL01-AP
692733;21/05/2025;quarta-feira;07:00:00;MG;40;521;CONTAGEM;Manobra de mudança de faixa;Tombamento;Com Vítimas Feridas;Pleno dia;Crescente;Sol;Dupla;Reta;Sim;1;0;0;1;0;0;1;1;-19,91122121;-44,04418311;SPRF-MG;DEL01-MG;UOP02-DEL01-MG
692734;21/05/2025;quarta-feira;14:00:00;TO;10;469,7;PALMAS;Condutor deixou de manter distância do veículo da frente;Engavetamento;Com Vítimas Feridas;Pleno dia;Crescente;Céu Claro;Múltipla;"Reta;Aclive";Sim;4;0;1;0;3;0;1;3;-10,26733;-48,30687;SPRF-TO;DEL01-TO;UOP03-DEL01-TO
692738;21/05/2025;quarta-feira;12:30:00;RS;116;379;CAMAQUA;Condutor usando celular;Saída de leito carroçável;Com Vítimas Feridas;Pleno dia;Crescente;Céu Claro;Dupla;Reta;Não;1;0;0;1;0;0;1;1;-30,75375054;-51,63807994;SPRF-RS;DEL02-RS;UOP02-DEL02-RS
692739;21/05/2025;quarta-feira;13:20:00;GO;60;6,9;SANTO ANTONIO DO DESCOBERTO;Demais falhas mecânicas ou elétricas;Incêndio;Sem Vítimas;Pleno dia;Decrescente;Céu Claro;Dupla;Reta;Não;2;0;0;0;2;0;0;1;-16,103155;-48,290875;SPRF-DF;DEL03-DF;UOP01-DEL03-DF
692740;21/05/2025;quarta-feira;12:20:00;MG;116;762,5;LEOPOLDINA;Acessar a via sem observar a presença dos outros veículos;Colisão transversal;Com Vítimas Feridas;Pleno dia;Decrescente;Sol;Simples;Reta;Sim;2;0;1;0;1;0;1;2;-21,52764585;-42,62998436;SPRF-MG;DEL07-MG;UOP01-DEL07-MG
692744;21/05/2025;quarta-feira;14:40:00;RS;158;327;SANTA MARIA;Ausência de reação do condutor;Colisão traseira;Com Vítimas Feridas;Pleno dia;Crescente;Céu Claro;Dupla;Reta;Não;2;0;1;0;1;0;1;2;-29,713363;-53,815904;SPRF-RS;DEL09-RS;UOP01-DEL09-RS
692745;17/04/2025;quinta-feira;22:00:00;DF;70;12;BRASILIA;Ausência de reação do condutor;Saída de leito carroçável;Com Vítimas Feridas;Plena Noite;Decrescente;Céu Claro;Dupla;Reta;Sim;3;0;2;0;1;0;2;1;-15,790209;-48,15165;SPRF-DF;DEL03-DF;UOP02-DEL03-DF
692749;21/05/2025;quarta-feira;14:00:00;MG;381;730;CARMO DA CACHOEIRA;Ausência de reação do condutor;Colisão com objeto;Com Vítimas Feridas;Pleno dia;Crescente;Céu Claro;Dupla;Reta;Não;1;0;1;0;0;0;1;1;-21,51758873;-45,22158909;SPRF-MG;DEL16-MG;UOP02-DEL16-MG
692753;21/05/2025;quarta-feira;15:42:00;RN;101;81;NATAL;Acumulo de areia ou detritos sobre o pavimento;Queda de ocupante de veículo;Com Vítimas Feridas;Pleno dia;Decrescente;Céu Claro;Dupla;Reta;Não;2;0;2;0;0;0;2;1;-5,76485629;-35,28251616;SPRF-RN;DEL02-RN;UOP01-DEL02-RN
692754;21/05/2025;quarta-feira;13:30:00;PA;10;1,1;DOM ELISEU;Ausência de reação do condutor;Colisão transversal;Com Vítimas Feridas;Pleno dia;Decrescente;Céu Claro;Simples;Reta;Sim;3;0;0;1;1;1;1;2;-4,436723;-47,53627;SPRF-PA;DEL02-PA;UOP02-DEL02-PA
692755;21/05/2025;quarta-feira;15:12:00;CE;222;2,1;FORTALEZA;Manobra de mudança de faixa;Colisão lateral mesmo sentido;Com Vítimas Fatais;Pleno dia;Decrescente;Céu Claro;Simples;Reta;Sim;2;1;0;0;1;0;0;2;-3,73940641;-38,58802488;SPRF-CE;DEL01-CE;UOP01-DEL01-CE
692756;20/05/2025;terça-feira;20:10:00;RJ;101;312;SAO GONCALO;Mal súbito do condutor;Colisão traseira;Com Vítimas Feridas;Plena Noite;Decrescente;Céu Claro;Dupla;Reta;Não;2;0;0;1;1;0;1;2;-22,80613843;-43,06269407;SPRF-RJ;DEL02-RJ;UOP02-DEL02-RJ
692760;21/05/2025;quarta-feira;15:00:00;RJ;465;21;SEROPEDICA;Entrada inopinada do pedestre;Atropelamento de Pedestre;Sem Vítimas;Pleno dia;Crescente;Céu Claro;Simples;Reta;Sim;2;0;0;0;2;0;0;2;-22,7147776;-43,7223424;SPRF-RJ;DEL06-RJ;UOP02-DEL06-RJ
692763;21/05/2025;quarta-feira;15:40:00;PR;277;2,5;CURITIBA;Manobra de mudança de faixa;Colisão traseira;Com Vítimas Feridas;Pleno dia;Crescente;Céu Claro;Dupla;"Declive;Reta";Sim;3;0;1;0;2;0;1;2;-25,4304912;-49,34111588;SPRF-PR;DEL01-PR;UOP06-DEL01-PR
692764;21/05/2025;quarta-feira;13:20:00;MG;116;526,4;CARATINGA;Reação tardia ou ineficiente do condutor;Colisão traseira;Com Vítimas Feridas;Pleno dia;Decrescente;Sol;Simples;Reta;Sim;2;0;1;0;1;0;1;2;-19,77654011;-42,13327986;SPRF-MG;DEL06-MG;UOP02-DEL06-MG
692765;21/05/2025;quarta-feira;15:58:00;DF;70;2;BRASILIA;Manobra de mudança de faixa;Colisão traseira;Com Vítimas Feridas;Pleno dia;Crescente;Sol;Dupla;Reta;Sim;3;0;1;0;1;1;1;3;-15,80112266;-48,07823807;SPRF-DF;DEL03-DF;UOP02-DEL03-DF
692767;21/04/2025;segunda-feira;14:00:00;MG;381;504;BETIM;Trafegar com motocicleta (ou similar) entre as faixas;Colisão lateral mesmo sentido;Com Vítimas Feridas;Pleno dia;Decrescente;Céu Claro;Dupla;Reta;Não;3;0;1;0;1;1;1;3;-20,03421576;-44,24205953;SPRF-MG;DEL01-MG;UOP03-DEL01-MG
692768;21/05/2025;quarta-feira;16:50:00;GO;60;88;ANAPOLIS;Condutor deixou de manter distância do veículo da frente;Colisão traseira;Com Vítimas Feridas;Pleno dia;Decrescente;Sol;Dupla;Reta;Sim;3;0;1;0;2;0;1;2;-16,335493;-48,894058;SPRF-GO;DEL02-GO;UOP01-DEL02-GO
692770;21/05/2025;quarta-feira;17:05:00;RS;392;352;SANTA MARIA;Conversão proibida;Colisão transversal;Com Vítimas Feridas;Pleno dia;Crescente;Céu Claro;Dupla;Reta;Sim;4;0;1;0;2;1;1;3;-29,7236517;-53,80633519;SPRF-RS;DEL09-RS;UOP01-DEL09-RS
692771;21/05/2025;quarta-feira;16:30:00;PA;230;123;MARABA;Chuva;Tombamento;Com Vítimas Feridas;Pleno dia;Crescente;Chuva;Dupla;Reta;Sim;2;0;1;0;1;0;1;1;-5,36610894;-49,12668801;SPRF-PA;DEL03-PA;UOP01-DEL03-PA
692772;21/05/2025;quarta-feira;13:30:00;MA;135;38,9;BACABEIRA;Pista Escorregadia;Capotamento;Com Vítimas Feridas;Pleno dia;Decrescente;Chuva;Dupla;Reta;Não;5;0;0;2;3;0;2;1;-2,87567923;-44,37486649;SPRF-MA;DEL01-MA;UOP01-DEL01-MA
692774;22/02/2025;sábado;13:39:00;BA;101;517;BUERAREMA;Velocidade Incompatível;Queda de ocupante de veículo;Com Vítimas Feridas;Pleno dia;Crescente;Céu Claro;Simples;Reta;Não;1;0;0;1;0;0;1;1;-14,95732313;-39,30200959;SPRF-BA;DEL05-BA;UOP01-DEL05-BA
692775;21/05/2025;quarta-feira;17:00:00;PR;116;125;FAZENDA RIO GRANDE;Reação tardia ou ineficiente do condutor;Colisão traseira;Com Vítimas Feridas;Plena Noite;Crescente;Nublado;Dupla;Reta;Sim;2;0;0;1;1;0;1;2;-25,632872;-49,31346;SPRF-PR;DEL01-PR;UOP03-DEL01-PR
692776;21/05/2025;quarta-feira;17:10:00;PR;277;84;CURITIBA;Ausência de reação do condutor;Colisão com objeto;Com Vítimas Feridas;Anoitecer;Crescente;Nublado;Dupla;"Curva;Viaduto";Não;1;0;1;0;0;0;1;1;-25,443642;-49,233797;SPRF-PR;DEL01-PR;UOP03-DEL01-PR
692777;21/05/2025;quarta-feira;17:15:00;ES;101;212,9;IBIRACU;Manobra de mudança de faixa;Colisão lateral mesmo sentido;Com Vítimas Feridas;Anoitecer;Crescente;Céu Claro;Simples;Reta;Sim;3;0;0;1;0;2;1;3;-19,82345458;-40,36983043;SPRF-ES;DEL02-ES;UOP01-DEL02-ES
692778;21/05/2025;quarta-feira;17:30:00;MG;40;772;JUIZ DE FORA;Acessar a via sem observar a presença dos outros veículos;Colisão transversal;Com Vítimas Feridas;Anoitecer;Decrescente;Céu Claro;Simples;Reta;Não;3;0;0;3;0;0;3;2;-21,5996148;-43,45805;SPRF-MG;DEL05-MG;UOP01-DEL05-MG
692780;21/05/2025;quarta-feira;17:26:00;ES;101;263,1;SERRA;Manobra de mudança de faixa;Colisão lateral mesmo sentido;Com Vítimas Feridas;Pleno dia;Decrescente;Céu Claro;Simples;Reta;Sim;2;0;1;0;1;0;1;2;-20,17453061;-40,2669688;SPRF-ES;DEL02-ES;UOP01-DEL02-ES
692781;21/05/2025;quarta-feira;16:40:00;RJ;116;183;NOVA IGUACU;Ultrapassagem Indevida;Colisão lateral mesmo sentido;Com Vítimas Feridas;Anoitecer;Crescente;Chuva;Múltipla;Reta;Sim;2;0;0;1;1;0;1;2;-22,74347197;-43,45019214;SPRF-RJ;DEL06-RJ;UOP01-DEL06-RJ
692782;14/05/2025;quarta-feira;05:40:00;MG;116;255;TEOFILO OTONI;Ausência de reação do condutor;Colisão lateral mesmo sentido;Com Vítimas Feridas;Amanhecer;Decrescente;Garoa/Chuvisco;Simples;Reta;Não;3;0;1;1;1;0;2;3;-17,87224292;-41,52001619;SPRF-MG;DEL11-MG;UOP01-DEL11-MG
692783;21/05/2025;quarta-feira;17:30:00;ES;101;263,1;SERRA;Manobra de mudança de faixa;Colisão lateral mesmo sentido;Com Vítimas Feridas;Anoitecer;Decrescente;Nublado;Dupla;Reta;Sim;3;0;1;1;1;0;2;2;-20,16776216;-40,27132315;SPRF-ES;DEL02-ES;UOP01-DEL02-ES
692784;21/05/2025;quarta-feira;17:19:00;PR;116;207,8;RIO NEGRO;Ultrapassagem Indevida;Colisão lateral mesmo sentido;Com Vítimas Feridas;Anoitecer;Crescente;Nublado;Simples;"Reta;Declive";Sim;4;0;0;1;3;0;1;2;-26,08162884;-49,77278316;SPRF-SC;DEL06-SC;UOP01-DEL06-SC
692786;21/05/2025;quarta-feira;18:00:00;SP;116;207;GUARULHOS;Manobra de mudança de faixa;Colisão lateral mesmo sentido;Com Vítimas Feridas;Plena Noite;Crescente;Céu Claro;Múltipla;Reta;Sim;2;0;1;0;1;0;1;2;-23,42023589;-46,39246881;SPRF-SP;DEL01-SP;UOP01-DEL01-SP
692787;21/05/2025;quarta-feira;17:10:00;RJ;101;219;SILVA JARDIM;Demais falhas mecânicas ou elétricas;Saída de leito carroçável;Com Vítimas Feridas;Anoitecer;Crescente;Céu Claro;Dupla;Reta;Não;1;0;1;0;0;0;1;1;-22,512422;-42,310467;SPRF-RJ;DEL02-RJ;UOP03-DEL02-RJ
692788;21/05/2025;quarta-feira;17:40:00;ES;101;146;LINHARES;Velocidade Incompatível;Colisão traseira;Com Vítimas Feridas;Anoitecer;Crescente;Céu Claro;Dupla;Reta;Sim;4;0;4;0;0;0;4;3;-19,37329061;-40,06569283;SPRF-ES;DEL04-ES;UOP01-DEL04-ES
692789;21/05/2025;quarta-feira;17:50:00;RJ;116;181;NOVA IGUACU;Condutor deixou de manter distância do veículo da frente;Colisão traseira;Sem Vítimas;Plena Noite;Crescente;Céu Claro;Múltipla;Reta;Sim;3;0;0;0;3;0;0;2;-22,76409883;-43,41727607;SPRF-RJ;DEL06-RJ;UOP01-DEL06-RJ
692791;21/05/2025;quarta-feira;14:35:00;RO;364;11;VILHENA;Transitar na contramão;Colisão transversal;Sem Vítimas;Pleno dia;Crescente;Céu Claro;Simples;Interseção de Vias;Sim;2;0;0;0;2;0;0;2;-12,74501636;-60,11523753;SPRF-RO;DEL04-RO;UOP01-DEL04-RO
692792;19/05/2025;segunda-feira;13:00:00;MT;163;821;SINOP;Retorno proibido;Colisão transversal;Com Vítimas Feridas;Pleno dia;Crescente;Céu Claro;Simples;Reta;Sim;2;0;1;0;1;0;1;2;-11,98112943;-55,51694289;SPRF-MT;DEL06-MT;UOP02-DEL06-MT
692793;21/05/2025;quarta-feira;17:15:00;GO;70;8,7;AGUAS LINDAS DE GOIAS;Acessar a via sem observar a presença dos outros veículos;Colisão traseira;Com Vítimas Feridas;Pleno dia;Crescente;Céu Claro;Dupla;Reta;Sim;5;0;2;0;3;0;2;3;-15,73663124;-48,2868433;SPRF-DF;DEL03-DF;UOP02-DEL03-DF
692794;21/05/2025;quarta-feira;16:40:00;MG;50;111;UBERABA;Ausência de reação do condutor;Saída de leito carroçável;Com Vítimas Feridas;Pleno dia;Decrescente;Céu Claro;Dupla;Reta;Não;1;0;0;1;0;0;1;1;-19,2335942;-48,1417023;SPRF-MG;DEL13-MG;UOP01-DEL13-MG
692795;21/05/2025;quarta-feira;18:00:00;PR;369;143,4;LONDRINA;Pedestre cruzava a pista fora da faixa;Atropelamento de Pedestre;Com Vítimas Feridas;Anoitecer;Decrescente;Céu Claro;Simples;"Reta;Aclive";Sim;3;0;0;1;1;1;1;2;-23,293;-51,096;SPRF-PR;DEL07-PR;UOP01-DEL07-PR
692797;21/05/2025;quarta-feira;18:20:00;PR;277;727;FOZ DO IGUACU;Manobra de mudança de faixa;Colisão lateral mesmo sentido;Com Vítimas Feridas;Pleno dia;Decrescente;Céu Claro;Dupla;Reta;Sim;2;0;1;0;0;1;1;2;-25,51017487;-54,56454899;SPRF-PR;DEL05-PR;UOP03-DEL05-PR
692798;21/05/2025;quarta-feira;18:41:00;CE;116;164,1;RUSSAS;Animais na Pista;Atropelamento de Animal;Com Vítimas Feridas;Plena Noite;Crescente;Céu Claro;Simples;Reta;Sim;2;0;1;0;1;0;1;2;-4,9158784;-37,9980416;SPRF-CE;DEL03-CE;UOP01-DEL03-CE
692799;21/05/2025;quarta-feira;18:15:00;SC;280;124,2;RIO NEGRINHO;Ausência de reação do condutor;Colisão traseira;Com Vítimas Feridas;Plena Noite;Decrescente;Chuva;Simples;Reta;Não;2;0;1;0;1;0;1;2;-26,24037;-49,47709;SPRF-SC;DEL06-SC;UOP03-DEL06-SC
692800;21/05/2025;quarta-feira;18:30:00;MG;381;478;CONTAGEM;Manobra de mudança de faixa;Colisão lateral mesmo sentido;Com Vítimas Feridas;Plena Noite;Decrescente;Céu Claro;Dupla;"Declive;Reta";Sim;2;0;1;0;1;0;1;2;-19,96346294;-44,04841912;SPRF-MG;DEL01-MG;UOP03-DEL01-MG
692802;21/05/2025;quarta-feira;15:20:00;GO;158;9;ARAGARCAS;Carga excessiva e/ou mal acondicionada;Colisão com objeto;Com Vítimas Feridas;Pleno dia;Crescente;Céu Claro;Simples;Reta;Não;2;0;0;1;1;0;1;2;-15,93376494;-52,21097946;SPRF-GO;DEL04-GO;UOP02-DEL04-GO
692803;21/05/2025;quarta-feira;18:00:00;RJ;40;122;DUQUE DE CAXIAS;Reação tardia ou ineficiente do condutor;Colisão traseira;Com Vítimas Feridas;Plena Noite;Decrescente;Céu Claro;Múltipla;Reta;Sim;2;0;1;0;1;0;1;2;-22,79429154;-43,28746935;SPRF-RJ;DEL01-RJ;UOP02-DEL01-RJ
692804;21/05/2025;quarta-feira;17:06:00;AM;230;614;HUMAITA;Acessar a via sem observar a presença dos outros veículos;Colisão lateral mesmo sentido;Com Vítimas Feridas;Pleno dia;Decrescente;Sol;Simples;Reta;Não;2;0;1;0;1;0;1;2;-7,5431936;-63,0718464;SPRF-AM;DEL02-AM;UOP01-DEL02-AM
692807;21/05/2025;quarta-feira;19:14:00;SP;116;224;GUARULHOS;Reação tardia ou ineficiente do condutor;Tombamento;Com Vítimas Feridas;Plena Noite;Decrescente;Céu Claro;Múltipla;"Em Obras;Reta";Sim;1;0;1;0;0;0;1;1;-23,4807697;-46,5327405;SPRF-SP;DEL01-SP;UOP01-DEL01-SP
692808;21/05/2025;quarta-feira;17:30:00;PB;101;91,4;JOAO PESSOA;Pedestre cruzava a pista fora da faixa;Atropelamento de Pedestre;Com Vítimas Fatais;Anoitecer;Decrescente;Céu Claro;Dupla;Reta;Sim;2;1;1;0;0;0;1;2;-7,1919;-34,904189;SPRF-PB;DEL01-PB;UOP01-DEL01-PB
692809;21/05/2025;quarta-feira;18:45:00;SC;101;157;PORTO BELO;Manobra de mudança de faixa;Tombamento;Com Vítimas Feridas;Anoitecer;Decrescente;Chuva;Dupla;Reta;Sim;1;0;1;0;0;0;1;1;-27,18211766;-48,6119797;SPRF-SC;DEL04-SC;UOP03-DEL04-SC
692810;21/05/2025;quarta-feira;18:00:00;RJ;493;17;GUAPIMIRIM;Acessar a via sem observar a presença dos outros veículos;Colisão transversal;Com Vítimas Feridas;Plena Noite;Decrescente;Céu Claro;Simples;Reta;Não;2;0;1;0;1;0;1;2;-22,66805;-43,00939;SPRF-RJ;DEL04-RJ;UOP02-DEL04-RJ
692811;21/05/2025;quarta-feira;19:21:00;RN;406;169,7;SAO GONCALO DO AMARANTE;Acumulo de areia ou detritos sobre o pavimento;Tombamento;Com Vítimas Feridas;Plena Noite;Crescente;Céu Claro;Dupla;"Reta;Interseção de Vias;Retorno Regulamentado";Sim;2;0;1;0;1;0;1;1;-5,75802802;-35,30159024;SPRF-RN;DEL02-RN;UOP01-DEL02-RN
692812;21/05/2025;quarta-feira;18:12:00;GO;0;0;CATALAO;Acessar a via sem observar a presença dos outros veículos;Colisão transversal;Com Vítimas Feridas;Anoitecer;Não Informado;Céu Claro;Dupla;Rotatória;Sim;4;0;0;1;2;1;1;3;-18,17221934;-47,95479504;SPRF-GO;DEL06-GO;UOP01-DEL06-GO
692813;21/05/2025;quarta-feira;18:25:00;SC;101;206;SAO JOSE;Manobra de mudança de faixa;Colisão lateral mesmo sentido;Com Vítimas Feridas;Pleno dia;Decrescente;Céu Claro;Múltipla;Reta;Sim;2;0;1;0;0;1;1;2;-27,592009;-48,618148;SPRF-SC;DEL01-SC;UOP01-DEL01-SC
692814;21/05/2025;quarta-feira;18:30:00;MG;116;700,2;MURIAE;Reação tardia ou ineficiente do condutor;Colisão lateral mesmo sentido;Com Vítimas Feridas;Plena Noite;Crescente;Céu Claro;Simples;Reta;Sim;2;0;0;1;1;0;1;2;-21,09980543;-42,37681031;SPRF-MG;DEL07-MG;UOP02-DEL07-MG
692817;21/05/2025;quarta-feira;18:35:00;PE;424;93,6;GARANHUNS;Acessar a via sem observar a presença dos outros veículos;Colisão transversal;Com Vítimas Fatais;Plena Noite;Crescente;Chuva;Simples;Reta;Sim;3;1;1;0;1;0;1;2;-8,91236;-36,488127;SPRF-PE;DEL03-PE;UOP01-DEL03-PE
692819;21/05/2025;quarta-feira;19:15:00;RJ;465;12;SEROPEDICA;Ultrapassagem Indevida;Colisão lateral sentido oposto;Com Vítimas Feridas;Plena Noite;Decrescente;Céu Claro;Dupla;Reta;Não;2;0;0;1;1;0;1;2;-22,79394311;-43,64901289;SPRF-RJ;DEL06-RJ;UOP02-DEL06-RJ
692820;21/05/2025;quarta-feira;19:40:00;DF;40;7,2;BRASILIA;Pedestre - Ingestão de álcool/ substâncias psicoativas;Atropelamento de Pedestre;Com Vítimas Feridas;Plena Noite;Decrescente;Céu Claro;Dupla;Reta;Não;2;0;1;0;1;0;1;2;-16,042523;-47,980012;SPRF-DF;DEL01-DF;UOP01-DEL01-DF
692821;21/05/2025;quarta-feira;18:45:00;SC;101;207;SAO JOSE;Pista Escorregadia;Tombamento;Com Vítimas Feridas;Plena Noite;Crescente;Chuva;Múltipla;"Curva;Aclive";Sim;1;0;1;0;0;0;1;1;-27,60011;-48,622767;SPRF-SC;DEL01-SC;UOP01-DEL01-SC
692822;21/05/2025;quarta-feira;20:02:00;RJ;116;185;NOVA IGUACU;Condutor deixou de manter distância do veículo da frente;Colisão traseira;Com Vítimas Feridas;Plena Noite;Crescente;Céu Claro;Dupla;Reta;Sim;2;0;2;0;0;0;2;2;-22,74003045;-43,50017309;SPRF-RJ;DEL06-RJ;UOP01-DEL06-RJ
692824;21/05/2025;quarta-feira;20:00:00;RS;287;248;SANTA MARIA;Reação tardia ou ineficiente do condutor;Colisão lateral mesmo sentido;Com Vítimas Feridas;Plena Noite;Decrescente;Céu Claro;Dupla;Viaduto;Sim;3;0;2;0;1;0;2;2;-29,69604011;-53,8517189;SPRF-RS;DEL09-RS;UOP01-DEL09-RS
692825;21/05/2025;quarta-feira;19:00:00;MT;163;898;CLAUDIA;Pedestre andava na pista;Atropelamento de Pedestre;Com Vítimas Fatais;Plena Noite;Crescente;Céu Claro;Simples;Reta;Não;4;1;0;0;3;0;0;2;-11,32374061;-55,32725573;SPRF-MT;DEL06-MT;UOP02-DEL06-MT
692826;21/05/2025;quarta-feira;06:50:00;MT;70;712;CACERES;Acessar a via sem observar a presença dos outros veículos;Colisão transversal;Com Vítimas Fatais;Pleno dia;Crescente;Céu Claro;Simples;"Interseção de Vias;Declive";Não;4;1;0;2;0;1;2;3;-16,15532576;-57,61771202;SPRF-MT;DEL03-MT;UOP01-DEL03-MT
692828;21/05/2025;quarta-feira;19:35:00;PR;277;517,5;GUARANIACU;Acessar a via sem observar a presença dos outros veículos;Colisão transversal;Sem Vítimas;Plena Noite;Crescente;Chuva;Simples;"Reta;Declive";Não;3;0;0;0;2;1;0;2;-25,1107;-52,8492;SPRF-PR;DEL04-PR;UOP04-DEL04-PR
692829;21/05/2025;quarta-feira;19:15:00;PR;277;510,7;GUARANIACU;Animais na Pista;Queda de ocupante de veículo;Com Vítimas Feridas;Plena Noite;Decrescente;Nublado;Simples;"Reta;Aclive";Não;1;0;1;0;0;0;1;1;-25,12197335;-52,80097961;SPRF-PR;DEL04-PR;UOP04-DEL04-PR
692830;21/05/2025;quarta-feira;19:50:00;SP;381;81,7;SAO PAULO;Ausência de reação do condutor;Colisão com objeto;Com Vítimas Feridas;Plena Noite;Crescente;Céu Claro;Dupla;Reta;Não;1;0;1;0;0;0;1;1;-23,42665217;-46,57305591;SPRF-SP;DEL03-SP;UOP01-DEL03-SP
692832;21/05/2025;quarta-feira;20:24:00;CE;20;372;CANINDE;Condutor deixou de manter distância do veículo da frente;Colisão traseira;Com Vítimas Feridas;Plena Noite;Crescente;Céu Claro;Simples;Reta;Não;3;0;2;0;1;0;2;2;-4,333301;-39,2869907;SPRF-CE;DEL02-CE;UOP01-DEL02-CE
692834;21/05/2025;quarta-feira;18:04:00;RO;364;339,2;JI-PARANA;Acessar a via sem observar a presença dos outros veículos;Colisão transversal;Com Vítimas Fatais;Anoitecer;Crescente;Céu Claro;Dupla;"Reta;Interseção de Vias";Sim;3;1;0;0;1;1;0;3;-10,903137;-61,930183;SPRF-RO;DEL02-RO;UOP01-DEL02-RO
692835;21/05/2025;quarta-feira;21:30:00;PR;476;182;LAPA;Reação tardia ou ineficiente do condutor;Saída de leito carroçável;Com Vítimas Feridas;Plena Noite;Decrescente;Chuva;Simples;Curva;Não;1;0;1;0;0;0;1;1;-25,71668418;-49,61594995;SPRF-PR;DEL01-PR;UOP06-DEL01-PR
692836;21/05/2025;quarta-feira;18:30:00;SC;101;135;BALNEARIO CAMBORIU;Condutor deixou de manter distância do veículo da frente;Colisão traseira;Com Vítimas Feridas;Plena Noite;Crescente;Chuva;Dupla;Reta;Sim;2;0;1;0;1;0;1;2;-27,00421737;-48,62784326;SPRF-SC;DEL04-SC;UOP03-DEL04-SC
692837;28/04/2025;segunda-feira;20:00:00;PE;423;187;ITAIBA;Condutor deixou de manter distância do veículo da frente;Colisão traseira;Com Vítimas Feridas;Plena Noite;Crescente;Céu Claro;Simples;Reta;Não;3;0;2;0;1;0;2;2;-9,13337;-37,20717;SPRF-AL;DEL03-AL;UOP02-DEL03-AL
692838;21/05/2025;quarta-feira;21:30:00;SC;101;124,9;ITAJAI;Ingestão de álcool pelo condutor;Colisão lateral mesmo sentido;Sem Vítimas;Plena Noite;Decrescente;Chuva;Dupla;Reta;Não;3;0;0;0;3;0;0;3;-26,94715;-48,68504;SPRF-SC;DEL04-SC;UOP04-DEL04-SC