id;data_inversa;dia_semana;horario;uf;br;km;municipio;causa_acidente;tipo_acidente;classificacao_acidente;fase_dia;sentido_via;condicao_metereologica;tipo_pista;tracado_via;uso_solo;pessoas;mortos;feridos_leves;feridos_graves;ilesos;ignorados;feridos;veiculos;latitude;longitude;regional;delegacia;uop
693092;23/05/2025;sexta-feira;05:15:00;SC;280;127;RIO NEGRINHO;Pista Escorregadia;Tombamento;Com Vítimas Feridas;Plena Noite;Decrescente;Céu Claro;Simples;Reta;Não;1;0;1;0;0;0;1;1;-26,24312573;-49,51299604;SPRF-SC;DEL06-SC;UOP03-DEL06-SC
693094;23/05/2025;sexta-feira;06:15:00;SP;116;157,8;SAO JOSE DOS CAMPOS;Reação tardia ou ineficiente do condutor;Queda de ocupante de veículo;Com Vítimas Feridas;Pleno dia;Crescente;Céu Claro;Múltipla;Reta;Sim;1;0;1;0;0;0;1;1;-23,1867;-45,8854;SPRF-SP;DEL02-SP;UOP01-DEL02-SP
693095;23/05/2025;sexta-feira;01:00:00;RJ;493;75;JAPERI;Condutor Dormindo;Colisão com objeto;Com Vítimas Feridas;Plena Noite;Decrescente;Céu Claro;Dupla;Reta;Não;3;0;2;0;1;0;2;1;-22,66146445;-43,62270498;SPRF-RJ;DEL01-RJ;UOP03-DEL01-RJ
693096;23/05/2025;sexta-feira;04:45:00;MG;262;735,9;PERDIZES;Neblina;Saída de leito carroçável;Com Vítimas Feridas;Amanhecer;Decrescente;Céu Claro;Simples;Reta;Não;2;0;1;0;1;0;1;1;-19,61824394;-47,34140754;SPRF-MG;DEL08-MG;UOP01-DEL08-MG
693097;23/05/2025;sexta-feira;06:10:00;PR;116;127;FAZENDA RIO GRANDE;Reação tardia ou ineficiente do condutor;Tombamento;Com Vítimas Feridas;Pleno dia;Decrescente;Nublado;Dupla;Reta;Sim;3;0;1;0;2;0;1;2;-25,648277;-49,312437;SPRF-PR;DEL01-PR;UOP03-DEL01-PR
693098;23/05/2025;sexta-feira;06:30:00;ES;101;284;CARIACICA;Ausência de reação do condutor;Queda de ocupante de veículo;Com Vítimas Feridas;Pleno dia;Crescente;Céu Claro;Dupla;"Aclive;Curva";Não;2;0;2;0;0;0;2;1;-20,2473824;-40,3706038;SPRF-ES;DEL01-ES;UOP01-DEL01-ES
693100;23/05/2025;sexta-feira;06:58:00;ES;101;144;LINHARES;Acesso irregular;Colisão transversal;Com Vítimas Feridas;Pleno dia;Crescente;Céu Claro;Simples;Interseção de Vias;Sim;2;0;1;0;1;0;1;2;-19,34935256;-40,06310916;SPRF-ES;DEL04-ES;UOP01-DEL04-ES
693101;23/05/2025;sexta-feira;06:15:00;PR;116;116;CURITIBA;Condutor deixou de manter distância do veículo da frente;Colisão traseira;Com Vítimas Feridas;Amanhecer;Decrescente;Nublado;Múltipla;Reta;Sim;2;0;1;0;1;0;1;2;-25,55599746;-49,30589883;SPRF-PR;DEL01-PR;UOP03-DEL01-PR
693102;23/05/2025;sexta-feira;07:00:00;SC;101;117;ITAJAI;Desrespeitar a preferência no cruzamento;Colisão transversal;Com Vítimas Feridas;Pleno dia;Decrescente;Garoa/Chuvisco;Dupla;Rotatória;Sim;2;0;1;0;1;0;1;2;-26,89066968;-48,72069597;SPRF-SC;DEL04-SC;UOP04-DEL04-SC
693103;23/05/2025;sexta-feira;07:20:00;PR;369;186;ARAPONGAS;Acessar a via sem observar a presença dos outros veículos;Colisão transversal;Com Vítimas Feridas;Pleno dia;Decrescente;Céu Claro;Simples;Reta;Sim;2;0;1;0;1;0;1;2;-23,42012714;-51,42529456;SPRF-PR;DEL07-PR;UOP03-DEL07-PR
693104;23/05/2025;sexta-feira;06:20:00;MG;116;102,6;ITAOBIM;Ausência de reação do condutor;Colisão com objeto;Com Vítimas Feridas;Pleno dia;Crescente;Nublado;Simples;Curva;Não;2;0;0;1;1;0;1;1;-16,452456;-41,501114;SPRF-MG;DEL11-MG;UOP02-DEL11-MG
693105;23/05/2025;sexta-feira;08:10:00;ES;101;268;SERRA;Ausência de reação do condutor;Colisão traseira;Com Vítimas Feridas;Pleno dia;Crescente;Céu Claro;Dupla;Reta;Sim;3;0;2;0;1;0;2;2;-20,21692066;-40,27014792;SPRF-ES;DEL02-ES;UOP01-DEL02-ES
693108;23/05/2025;sexta-feira;07:30:00;ES;101;147;LINHARES;Acessar a via sem observar a presença dos outros veículos;Colisão transversal;Com Vítimas Feridas;Pleno dia;Crescente;Céu Claro;Simples;Reta;Sim;2;0;2;0;0;0;2;2;-19,38046598;-40,06628036;SPRF-ES;DEL04-ES;UOP01-DEL04-ES
693112;03/05/2025;sábado;15:13:00;SP;153;189;LINS;Afundamento ou ondulação no pavimento;Queda de ocupante de veículo;Com Vítimas Feridas;Pleno dia;Crescente;Céu Claro;Simples;"Declive;Reta";Não;1;0;1;0;0;0;1;1;-21,73957861;-49,85046085;SPRF-SP;DEL07-SP;UOP01-DEL07-SP
693114;23/05/2025;sexta-feira;06:45:00;MG;50;70;UBERLANDIA;Ingestão de álcool pelo condutor;Colisão com objeto;Sem Vítimas;Amanhecer;Decrescente;Céu Claro;Dupla;Reta;Sim;1;0;0;0;0;1;0;1;-18,8871783;-48,2612918;SPRF-MG;DEL15-MG;UOP01-DEL15-MG
693115;23/05/2025;sexta-feira;07:20:00;PR;153;401;PAULO FRONTIN;Reação tardia ou ineficiente do condutor;Capotamento;Com Vítimas Feridas;Pleno dia;Crescente;Garoa/Chuvisco;Simples;Reta;Não;1;0;1;0;0;0;1;1;-25,99849057;-50,84042332;SPRF-PR;DEL08-PR;UOP02-DEL08-PR
693116;23/05/2025;sexta-feira;06:50:00;MG;116;522,1;CARATINGA;Acessar a via sem observar a presença dos outros veículos;Colisão transversal;Com Vítimas Feridas;Pleno dia;Decrescente;Céu Claro;Simples;Reta;Sim;2;0;0;1;1;0;1;2;-19,74659078;-42,13266403;SPRF-MG;DEL06-MG;UOP02-DEL06-MG
693118;23/05/2025;sexta-feira;06:00:00;RJ;493;19;MAGE;Conversão proibida;Colisão lateral mesmo sentido;Com Vítimas Feridas;Pleno dia;Decrescente;Céu Claro;Dupla;Reta;Sim;2;0;1;0;0;1;1;2;-22,66359107;-43,03955197;SPRF-RJ;DEL04-RJ;UOP02-DEL04-RJ
693119;23/05/2025;sexta-feira;08:15:00;MG;40;521;CONTAGEM;Manobra de mudança de faixa;Colisão lateral mesmo sentido;Com Vítimas Feridas;Pleno dia;Crescente;Sol;Dupla;Reta;Sim;2;0;0;1;1;0;1;2;-19,8589541;-44,0711188;SPRF-MG;DEL01-MG;UOP02-DEL01-MG
693120;23/05/2025;sexta-feira;08:00:00;BA;415;32;ILHEUS;Velocidade Incompatível;Colisão traseira;Com Vítimas Feridas;Pleno dia;Crescente;Garoa/Chuvisco;Simples;Curva;Não;5;0;1;0;4;0;1;2;-14,782745;-39,243545;SPRF-BA;DEL05-BA;UOP01-DEL05-BA
693121;23/05/2025;sexta-feira;08:10:00;PR;277;83;CURITIBA;Trafegar com motocicleta (ou similar) entre as faixas;Colisão traseira;Com Vítimas Feridas;Pleno dia;Crescente;Chuva;Dupla;Reta;Sim;2;0;1;0;1;0;1;2;-25,44785707;-49,2301333;SPRF-PR;DEL01-PR;UOP03-DEL01-PR
693125;23/05/2025;sexta-feira;08:00:00;PR;116;18;CURITIBA;Demais falhas mecânicas ou elétricas;Tombamento;Com Vítimas Feridas;Pleno dia;Crescente;Garoa/Chuvisco;Dupla;"Aclive;Reta";Sim;2;0;2;0;0;0;2;1;-25,38899755;-49,1955727;SPRF-PR;DEL01-PR;UOP02-DEL01-PR
693127;23/05/2025;sexta-feira;09:00:00;RN;405;3;MOSSORO;Condutor deixou de manter distância do veículo da frente;Colisão traseira;Com Vítimas Feridas;Pleno dia;Crescente;Céu Claro;Simples;"Reta;Viaduto";Sim;2;0;1;0;0;1;1;2;-5,19371989;-37,37879187;SPRF-RN;DEL04-RN;UOP02-DEL04-RN
693128;23/05/2025;sexta-feira;08:40:00;RJ;40;62;PETROPOLIS;Conversão proibida;Colisão transversal;Com Vítimas Feridas;Pleno dia;Decrescente;Sol;Dupla;Curva;Não;2;0;0;1;1;0;1;2;-22,40850377;-43,14628813;SPRF-RJ;DEL05-RJ;UOP02-DEL05-RJ
693129;23/05/2025;sexta-feira;08:30:00;RJ;101;58;CAMPOS DOS GOYTACAZES;Acessar a via sem observar a presença dos outros veículos;Colisão transversal;Com Vítimas Feridas;Pleno dia;Crescente;Céu Claro;Simples;Reta;Não;3;0;2;0;1;0;2;2;-21,71282893;-41,30859375;SPRF-RJ;DEL08-RJ;UOP01-DEL08-RJ
693130;23/05/2025;sexta-feira;09:45:00;SP;116;289;ITAPECERICA DA SERRA;Ausência de reação do condutor;Colisão traseira;Sem Vítimas;Pleno dia;Decrescente;Garoa/Chuvisco;Dupla;Reta;Sim;2;0;0;0;1;1;0;2;-23,70029929;-46,8690046;SPRF-SP;DEL04-SP;UOP01-DEL04-SP
693131;23/05/2025;sexta-feira;08:00:00;SP;116;225;GUARULHOS;Reação tardia ou ineficiente do condutor;Queda de ocupante de veículo;Com Vítimas Feridas;Pleno dia;Crescente;Nublado;Múltipla;"Em Obras;Reta";Não;1;0;1;0;0;0;1;1;-23,490398;-46,547801;SPRF-SP;DEL01-SP;UOP01-DEL01-SP
693132;23/05/2025;sexta-feira;10:15:00;RS;290;86;PORTO ALEGRE;Objeto estático sobre o leito carroçável;Capotamento;Sem Vítimas;Pleno dia;Decrescente;Céu Claro;Múltipla;Reta;Não;1;0;0;0;1;0;0;1;-29,96884348;-51,10942548;SPRF-RS;DEL01-RS;UOP01-DEL01-RS
693133;23/05/2025;sexta-feira;09:30:00;MG;381;611,2;OLIVEIRA;Condutor Dormindo;Colisão com objeto;Com Vítimas Feridas;Pleno dia;Decrescente;Céu Claro;Dupla;Reta;Não;1;0;1;0;0;0;1;1;-20,690144;-44,743183;SPRF-MG;DEL04-MG;UOP01-DEL04-MG
693134;22/05/2025;quinta-feira;08:25:00;PR;116;10;CAMPINA GRANDE DO SUL;Pista Escorregadia;Saída de leito carroçável;Com Vítimas Feridas;Pleno dia;Crescente;Garoa/Chuvisco;Dupla;"Aclive;Curva";Não;2;0;1;0;1;0;1;1;-25,0825219;-48,6419095;SPRF-PR;DEL01-PR;UOP02-DEL01-PR
693137;23/05/2025;sexta-feira;09:25:00;MS;158;26;PARANAIBA;Reação tardia ou ineficiente do condutor;Tombamento;Com Vítimas Feridas;Pleno dia;Crescente;Sol;Simples;Reta;Não;1;0;1;0;0;0;1;1;-19,20856914;-51,53802151;SPRF-MS;DEL08-MS;UOP01-DEL08-MS
693138;12/02/2025;quarta-feira;19:30:00;RJ;493;14;MAGE;Animais na Pista;Atropelamento de Animal;Com Vítimas Feridas;Plena Noite;Crescente;Céu Claro;Simples;Reta;Não;2;0;1;0;1;0;1;1;-22,67034011;-42,98256206;SPRF-RJ;DEL04-RJ;UOP02-DEL04-RJ
693139;23/05/2025;sexta-feira;08:40:00;SP;116;99;PINDAMONHANGABA;Ausência de reação do condutor;Tombamento;Com Vítimas Feridas;Pleno dia;Decrescente;Nublado;Dupla;Curva;Não;1;0;1;0;0;0;1;1;-22,98147015;-45,46181491;SPRF-SP;DEL08-SP;UOP01-DEL08-SP
693140;23/05/2025;sexta-feira;06:52:00;MG;146;488,1;POCOS DE CALDAS;Conversão proibida;Colisão transversal;Com Vítimas Fatais;Pleno dia;Crescente;Céu Claro;Simples;"Reta;Declive;Interseção de Vias";Sim;2;1;1;0;0;0;1;2;-21,806547;-46,4904781;SPRF-MG;DEL09-MG;UOP01-DEL09-MG
693142;23/05/2025;sexta-feira;07:30:00;MT;163;834;SINOP;Reação tardia ou ineficiente do condutor;Colisão lateral mesmo sentido;Com Vítimas Feridas;Pleno dia;Decrescente;Céu Claro;Dupla;Retorno Regulamentado;Sim;2;0;1;0;1;0;1;2;-11,86607472;-55,49667327;SPRF-MT;DEL06-MT;UOP02-DEL06-MT
693146;04/05/2025;domingo;01:50:00;RJ;116;184;NOVA IGUACU;Manobra de mudança de faixa;Queda de ocupante de veículo;Com Vítimas Feridas;Plena Noite;Decrescente;Céu Claro;Múltipla;Reta;Sim;1;0;1;0;0;0;1;1;-22,75469386;-43,43474865;SPRF-RJ;DEL06-RJ;UOP01-DEL06-RJ
693149;14/03/2025;sexta-feira;18:45:00;MG;381;776,3;CAMPANHA;Animais na Pista;Atropelamento de Animal;Com Vítimas Feridas;Anoitecer;Crescente;Nublado;Dupla;Curva;Não;1;0;1;0;0;0;1;1;-21,79707051;-45,45524597;SPRF-MG;DEL16-MG;UOP02-DEL16-MG
693151;23/05/2025;sexta-feira;11:20:00;SC;280;51;GUARAMIRIM;Acessar a via sem observar a presença dos outros veículos;Colisão traseira;Com Vítimas Feridas;Pleno dia;Decrescente;Chuva;Dupla;"Retorno Regulamentado;Reta";Sim;2;0;1;0;1;0;1;2;-26,46748;-48,96165;SPRF-SC;DEL03-SC;UOP03-DEL03-SC
693152;23/05/2025;sexta-feira;11:30:00;SP;116;227;GUARULHOS;Ausência de reação do condutor;Colisão traseira;Com Vítimas Feridas;Pleno dia;Decrescente;Nublado;Múltipla;Reta;Sim;2;0;1;0;1;0;1;2;-23,496243;-46,556108;SPRF-SP;DEL01-SP;UOP01-DEL01-SP
693153;23/05/2025;sexta-feira;11:00:00;RJ;101;471;ANGRA DOS REIS;Animais na Pista;Atropelamento de Animal;Com Vítimas Feridas;Pleno dia;Crescente;Chuva;Simples;Curva;Não;2;0;1;0;1;0;1;2;-22,99189869;-44,23301697;SPRF-RJ;DEL03-RJ;UOP03-DEL03-RJ
693160;23/05/2025;sexta-feira;11:40:00;RS;472;569;URUGUAIANA;Mal súbito do condutor;Saída de leito carroçável;Com Vítimas Feridas;Pleno dia;Crescente;Céu Claro;Simples;"Reta;Aclive";Não;1;0;1;0;0;0;1;1;-29,7570344;-56,99833202;SPRF-RS;DEL13-RS;UOP01-DEL13-RS
693164;23/05/2025;sexta-feira;13:30:00;SP;101;48,3;UBATUBA;Acessar a via sem observar a presença dos outros veículos;Colisão lateral sentido oposto;Com Vítimas Feridas;Pleno dia;Decrescente;Chuva;Simples;Retorno Regulamentado;Sim;2;0;1;0;1;0;1;2;-23,43765982;-45,08781401;SPRF-SP;DEL06-SP;UOP01-DEL06-SP
693165;23/05/2025;sexta-feira;11:15:00;RJ;101;433;MANGARATIBA;Chuva;Colisão lateral sentido oposto;Com Vítimas Feridas;Pleno dia;Decrescente;Chuva;Simples;"Curva;Declive";Não;5;0;3;0;2;0;3;3;-22,93771409;-44,04722638;SPRF-RJ;DEL03-RJ;UOP02-DEL03-RJ
693166;23/05/2025;sexta-feira;13:35:00;ES;101;259,2;SERRA;Retorno proibido;Colisão transversal;Com Vítimas Feridas;Pleno dia;Decrescente;Céu Claro;Dupla;"Reta;Declive";Sim;2;0;0;1;1;0;1;2;-20,140411;-40,2923;SPRF-ES;DEL02-ES;UOP01-DEL02-ES
693167;23/05/2025;sexta-feira;12:46:00;PE;104;20;TAQUARITINGA DO NORTE;Desvio temporário;Colisão transversal;Com Vítimas Feridas;Pleno dia;Crescente;Sol;Simples;"Em Obras;Desvio Temporário;Curva";Sim;2;0;0;1;0;1;1;2;-7,95746;-36,128293;SPRF-PE;DEL02-PE;UOP01-DEL02-PE
693168;23/05/2025;sexta-feira;13:24:00;SC;101;242,4;PALHOCA;Reação tardia ou ineficiente do condutor;Saída de leito carroçável;Com Vítimas Feridas;Pleno dia;Decrescente;Nublado;Dupla;Reta;Não;2;0;2;0;0;0;2;1;-27,8748935;-48,64668846;SPRF-SC;DEL01-SC;UOP02-DEL01-SC
693170;23/05/2025;sexta-feira;14:15:00;RJ;101;35;CAMPOS DOS GOYTACAZES;Demais falhas mecânicas ou elétricas;Queda de ocupante de veículo;Com Vítimas Feridas;Pleno dia;Decrescente;Sol;Simples;Declive;Não;2;0;2;0;0;0;2;1;-21,7687274;-41,3524739;SPRF-RJ;DEL08-RJ;UOP01-DEL08-RJ
693174;23/05/2025;sexta-feira;14:20:00;SC;101;243;PALHOCA;Acessar a via sem observar a presença dos outros veículos;Colisão lateral mesmo sentido;Com Vítimas Feridas;Pleno dia;Crescente;Nublado;Dupla;Reta;Não;4;0;0;2;2;0;2;2;-27,88715;-48,6479;SPRF-SC;DEL01-SC;UOP02-DEL01-SC
693175;23/05/2025;sexta-feira;12:15:00;SC;282;521,6;XAXIM;Desrespeitar a preferência no cruzamento;Colisão transversal;Com Vítimas Feridas;Pleno dia;Crescente;Céu Claro;Dupla;"Reta;Interseção de Vias;Declive";Sim;5;0;2;0;3;0;2;2;-26,952722;-52,538518;SPRF-SC;DEL07-SC;UOP01-DEL07-SC
693176;23/05/2025;sexta-feira;13:30:00;TO;153;361;FORTALEZA DO TABOCAO;Reação tardia ou ineficiente do condutor;Queda de ocupante de veículo;Com Vítimas Feridas;Pleno dia;Crescente;Céu Claro;Simples;Reta;Não;2;0;0;1;1;0;1;2;-9,070875;-48,521752;SPRF-TO;DEL02-TO;UOP02-DEL02-TO
693177;23/05/2025;sexta-feira;14:10:00;SC;280;58,2;GUARAMIRIM;Condutor deixou de manter distância do veículo da frente;Colisão traseira;Com Vítimas Feridas;Pleno dia;Crescente;Chuva;Dupla;Reta;Não;2;0;1;0;1;0;1;2;-26,474505;-49,028066;SPRF-SC;DEL03-SC;UOP03-DEL03-SC
693178;15/05/2025;quinta-feira;16:30:00;BA;324;623;SALVADOR;Condutor deixou de manter distância do veículo da frente;Colisão traseira;Com Vítimas Feridas;Pleno dia;Decrescente;Nublado;Dupla;Curva;Não;2;0;1;0;1;0;1;2;-12,94770419;-38,46961965;SPRF-BA;DEL01-BA;UOP01-DEL01-BA
693179;23/05/2025;sexta-feira;14:00:00;PI;343;345;TERESINA;Manobra de mudança de faixa;Colisão lateral mesmo sentido;Com Vítimas Feridas;Pleno dia;Decrescente;Céu Claro;Dupla;Reta;Sim;2;0;0;1;1;0;1;2;-5,109313;-42,769488;SPRF-PI;DEL01-PI;UOP01-DEL01-PI
693180;23/05/2025;sexta-feira;14:00:00;PR;163;172,1;LINDOESTE;Ingestão de álcool pelo condutor;Saída de leito carroçável;Sem Vítimas;Pleno dia;Decrescente;Céu Claro;Dupla;Curva;Sim;1;0;0;0;1;0;0;1;-25,22177253;-53,59484375;SPRF-PR;DEL05-PR;UOP05-DEL05-PR
693181;16/05/2025;sexta-feira;08:30:00;PR;277;430;VIRMOND;Desrespeitar a preferência no cruzamento;Colisão transversal;Com Vítimas Feridas;Pleno dia;Decrescente;Céu Claro;Dupla;"Interseção de Vias;Reta";Sim;2;0;0;1;1;0;1;2;-25,37845945;-52,20263243;SPRF-PR;DEL04-PR;UOP02-DEL04-PR
693182;23/05/2025;sexta-feira;13:55:00;RJ;40;123;DUQUE DE CAXIAS;Reação tardia ou ineficiente do condutor;Colisão traseira;Com Vítimas Feridas;Pleno dia;Decrescente;Nublado;Dupla;Reta;Sim;2;0;1;0;1;0;1;2;-22,806691;-43,2919597;SPRF-RJ;DEL01-RJ;UOP02-DEL01-RJ
693185;23/05/2025;sexta-feira;13:45:00;PB;230;135,7;MASSARANDUBA;Demais falhas mecânicas ou elétricas;Saída de leito carroçável;Com Vítimas Feridas;Pleno dia;Crescente;Chuva;Dupla;Curva;Não;2;0;2;0;0;0;2;1;-7,281398;-35,769652;SPRF-PB;DEL02-PB;UOP01-DEL02-PB
693187;23/05/2025;sexta-feira;14:15:00;MG;381;643,3;SANTO ANTONIO DO AMPARO;Condutor Dormindo;Saída de leito carroçável;Com Vítimas Feridas;Pleno dia;Decrescente;Sol;Dupla;Reta;Não;1;0;1;0;0;0;1;1;-20,95048045;-44,88921843;SPRF-MG;DEL04-MG;UOP01-DEL04-MG
693189;23/05/2025;sexta-feira;14:45:00;SP;116;398;MIRACATU;Demais falhas mecânicas ou elétricas;Capotamento;Sem Vítimas;Pleno dia;Decrescente;Chuva;Dupla;Reta;Sim;3;0;0;0;0;3;0;1;-24,30583692;-47,50000763;SPRF-SP;DEL04-SP;UOP02-DEL04-SP
693191;07/05/2025;quarta-feira;17:40:00;GO;153;520;HIDROLANDIA;Demais falhas mecânicas ou elétricas;Incêndio;Sem Vítimas;Plena Noite;Decrescente;Céu Claro;Dupla;Aclive;Não;1;0;0;0;1;0;0;1;-16,93656822;-49,25283015;SPRF-GO;DEL01-GO;UOP03-DEL01-GO
693193;23/05/2025;sexta-feira;14:10:00;PR;277;548;CATANDUVAS;Demais falhas mecânicas ou elétricas;Incêndio;Sem Vítimas;Pleno dia;Crescente;Céu Claro;Simples;"Curva;Aclive";Não;1;0;0;0;1;0;0;1;-25,10139564;-53,12329665;SPRF-PR;DEL04-PR;UOP04-DEL04-PR
693195;23/05/2025;sexta-feira;15:20:00;CE;222;2,5;FORTALEZA;Condutor deixou de manter distância do veículo da frente;Colisão traseira;Com Vítimas Feridas;Pleno dia;Crescente;Sol;Múltipla;Reta;Sim;3;0;2;0;1;0;2;2;-3,73974704;-38,59261958;SPRF-CE;DEL01-CE;UOP01-DEL01-CE
693197;23/05/2025;sexta-feira;15:00:00;SP;381;90;GUARULHOS;Reação tardia ou ineficiente do condutor;Queda de ocupante de veículo;Sem Vítimas;Pleno dia;Crescente;Céu Claro;Dupla;Reta;Sim;1;0;0;0;0;1;0;1;-23,49629964;-46,55953355;SPRF-SP;DEL03-SP;UOP01-DEL03-SP
693198;23/05/2025;sexta-feira;16:10:00;SP;381;71;MAIRIPORA;Objeto estático sobre o leito carroçável;Colisão com objeto;Com Vítimas Feridas;Pleno dia;Crescente;Garoa/Chuvisco;Múltipla;"Curva;Declive";Sim;2;0;1;0;1;0;1;1;-23,35439584;-46,54989688;SPRF-SP;DEL03-SP;UOP01-DEL03-SP
693200;23/05/2025;sexta-feira;15:13:00;RJ;101;315;SAO GONCALO;Ausência de reação do condutor;Colisão traseira;Com Vítimas Feridas;Pleno dia;Decrescente;Nublado;Dupla;Reta;Não;2;0;1;0;1;0;1;2;-22,7966976;-43,0276608;SPRF-RJ;DEL02-RJ;UOP02-DEL02-RJ
693202;23/05/2025;sexta-feira;16:20:00;RJ;40;43;AREAL;Velocidade Incompatível;Saída de leito carroçável;Com Vítimas Feridas;Pleno dia;Decrescente;Céu Claro;Dupla;Curva;Não;1;0;0;1;0;0;1;1;-22,26745345;-43,10975075;SPRF-RJ;DEL05-RJ;UOP02-DEL05-RJ
693205;23/05/2025;sexta-feira;16:05:00;SC;101;219,2;PALHOCA;Frear bruscamente;Colisão traseira;Com Vítimas Feridas;Pleno dia;Crescente;Nublado;Dupla;Reta;Sim;3;0;0;1;2;0;1;3;-27,68618824;-48,66641879;SPRF-SC;DEL01-SC;UOP02-DEL01-SC
693206;23/05/2025;sexta-feira;16:20:00;MG;262;384;MATEUS LEME;Manobra de mudança de faixa;Colisão traseira;Com Vítimas Feridas;Anoitecer;Crescente;Céu Claro;Dupla;"Aclive;Reta";Não;3;0;1;0;2;0;1;2;-19,92519;-44,463282;SPRF-MG;DEL01-MG;UOP03-DEL01-MG
693210;23/05/2025;sexta-feira;17:00:00;PB;101;85,9;BAYEUX;Ausência de reação do condutor;Colisão traseira;Com Vítimas Feridas;Anoitecer;Crescente;Céu Claro;Dupla;"Interseção de Vias;Reta;Viaduto;Retorno Regulamentado";Sim;2;0;1;0;1;0;1;2;-7,15042709;-34,91084814;SPRF-PB;DEL01-PB;UOP01-DEL01-PB
693211;23/05/2025;sexta-feira;16:40:00;PE;101;70,2;RECIFE;Trafegar com motocicleta (ou similar) entre as faixas;Tombamento;Com Vítimas Feridas;Pleno dia;Decrescente;Nublado;Dupla;Reta;Sim;1;0;1;0;0;0;1;1;-8,06608033;-34,94340833;SPRF-PE;DEL01-PE;UOP01-DEL01-PE
693212;23/05/2025;sexta-feira;13:15:00;MG;262;35,5;MANHUACU;Acessar a via sem observar a presença dos outros veículos;Colisão lateral mesmo sentido;Com Vítimas Feridas;Pleno dia;Crescente;Céu Claro;Simples;Reta;Sim;2;0;1;0;1;0;1;2;-20,26109879;-42,03725159;SPRF-MG;DEL06-MG;UOP03-DEL06-MG
693213;23/05/2025;sexta-feira;12:13:00;MS;262;771,6;CORUMBA;Ausência de reação do condutor;Colisão com objeto;Sem Vítimas;Pleno dia;Crescente;Céu Claro;Simples;Reta;Não;2;0;0;0;2;0;0;1;-19,04536;-57,638858;SPRF-MS;DEL03-MS;UOP03-DEL03-MS
693214;23/05/2025;sexta-feira;17:20:00;SC;282;17;PALHOCA;Condutor deixou de manter distância do veículo da frente;Colisão traseira;Com Vítimas Feridas;Anoitecer;Decrescente;Nublado;Simples;Reta;Sim;2;0;0;1;1;0;1;2;-27,67265357;-48,69401185;SPRF-SC;DEL01-SC;UOP02-DEL01-SC
693217;23/05/2025;sexta-feira;17:00:00;RS;158;537,5;SANTANA DO LIVRAMENTO;Condutor Dormindo;Queda de ocupante de veículo;Com Vítimas Feridas;Pleno dia;Decrescente;Céu Claro;Simples;Reta;Não;2;0;1;0;1;0;1;1;-30,79867161;-55,23538305;SPRF-RS;DEL11-RS;UOP01-DEL11-RS
693218;23/05/2025;sexta-feira;17:30:00;RS;116;252,8;SAPUCAIA DO SUL;Manobra de mudança de faixa;Colisão lateral mesmo sentido;Com Vítimas Feridas;Anoitecer;Decrescente;Céu Claro;Múltipla;Viaduto;Sim;3;0;1;0;1;1;1;3;-29,82835879;-51,17277145;SPRF-RS;DEL01-RS;UOP02-DEL01-RS
693219;23/05/2025;sexta-feira;12:39:00;BA;110;84;PAULO AFONSO;Ausência de reação do condutor;Saída de leito carroçável;Com Vítimas Fatais;Amanhecer;Crescente;Céu Claro;Dupla;Reta;Não;1;1;0;0;0;0;0;1;-9,437715;-38,2041219;SPRF-BA;DEL07-BA;UOP01-DEL07-BA
693222;23/05/2025;sexta-feira;17:30:00;ES;101;162,9;LINHARES;Acessar a via sem observar a presença dos outros veículos;Colisão transversal;Com Vítimas Feridas;Plena Noite;Decrescente;Céu Claro;Simples;Reta;Não;2;0;1;0;1;0;1;2;-19,49782981;-40,1305129;SPRF-ES;DEL04-ES;UOP01-DEL04-ES
693223;23/05/2025;sexta-feira;17:30:00;SC;101;141;BALNEARIO CAMBORIU;Reação tardia ou ineficiente do condutor;Colisão traseira;Com Vítimas Feridas;Anoitecer;Crescente;Garoa/Chuvisco;Dupla;Reta;Não;2;0;1;0;1;0;1;2;-27,05261587;-48,60011326;SPRF-SC;DEL04-SC;UOP03-DEL04-SC
693224;23/05/2025;sexta-feira;18:15:00;DF;70;19;BRASILIA;Avarias e/ou desgaste excessivo no pneu;Tombamento;Com Vítimas Feridas;Plena Noite;Decrescente;Nublado;Dupla;"Reta;Declive";Não;2;0;2;0;0;0;2;1;-15,787086;-48,228632;SPRF-DF;DEL03-DF;UOP02-DEL03-DF
693226;23/05/2025;sexta-feira;17:50:00;RN;101;95;NATAL;Condutor deixou de manter distância do veículo da frente;Colisão traseira;Com Vítimas Feridas;Anoitecer;Crescente;Céu Claro;Simples;Reta;Sim;2;0;1;0;1;0;1;2;-5,83622836;-35,21207964;SPRF-RN;DEL01-RN;UOP01-DEL01-RN
693227;23/05/2025;sexta-feira;18:03:00;RN;110;51,5;MOSSORO;Acessar a via sem observar a presença dos outros veículos;Colisão transversal;Com Vítimas Feridas;Plena Noite;Crescente;Céu Claro;Simples;"Reta;Interseção de Vias";Não;2;0;1;0;1;0;1;2;-5,229103;-37,332062;SPRF-RN;DEL04-RN;UOP01-DEL04-RN
693234;23/05/2025;sexta-feira;18:35:00;RS;116;235;NOVO HAMBURGO;Ausência de reação do condutor;Colisão traseira;Com Vítimas Feridas;Plena Noite;Crescente;Céu Claro;Múltipla;"Reta;Viaduto";Sim;3;0;1;0;2;0;1;2;-29,65835321;-51,14427567;SPRF-RS;DEL01-RS;UOP02-DEL01-RS