id;data_inversa;dia_semana;horario;uf;br;km;municipio;causa_acidente;tipo_acidente;classificacao_acidente;fase_dia;sentido_via;condicao_metereologica;tipo_pista;tracado_via;uso_solo;pessoas;mortos;feridos_leves;feridos_graves;ilesos;ignorados;feridos;veiculos;latitude;longitude;regional;delegacia;uop
693354;24/05/2025;sábado;05:30:00;RJ;101;481;ANGRA DOS REIS;Ingestão de álcool pelo condutor;Colisão com objeto;Com Vítimas Feridas;Amanhecer;Decrescente;Chuva;Simples;Curva;Sim;2;0;1;0;1;0;1;1;-22,99316288;-44,231987;SPRF-RJ;DEL03-RJ;UOP03-DEL03-RJ
693356;24/05/2025;sábado;07:15:00;SC;101;59,2;ARAQUARI;Demais falhas mecânicas ou elétricas;Incêndio;Sem Vítimas;Pleno dia;Crescente;Chuva;Dupla;Reta;Sim;1;0;0;0;1;0;0;1;-26,44786573;-48,7905511;SPRF-SC;DEL03-SC;UOP02-DEL03-SC
693358;24/05/2025;sábado;07:30:00;PI;343;341,4;TERESINA;Desrespeitar a preferência no cruzamento;Colisão transversal;Sem Vítimas;Pleno dia;Decrescente;Céu Claro;Dupla;"Rotatória;Interseção de Vias;Viaduto";Sim;2;0;0;0;1;1;0;2;-5,07784;-42,75006;SPRF-PI;DEL01-PI;UOP01-DEL01-PI
693359;24/05/2025;sábado;08:00:00;PB;230;76;RIACHAO DO POCO;Acumulo de areia ou detritos sobre o pavimento;Tombamento;Com Vítimas Feridas;Pleno dia;Decrescente;Céu Claro;Dupla;Retorno Regulamentado;Não;1;0;1;0;0;0;1;1;-7,1878656;-35,2828873;SPRF-PB;DEL01-PB;UOP02-DEL01-PB
693360;21/04/2025;segunda-feira;14:20:00;SC;282;538;CHAPECO;Ausência de reação do condutor;Queda de ocupante de veículo;Com Vítimas Feridas;Pleno dia;Crescente;Céu Claro;Simples;Curva;Não;1;0;0;1;0;0;1;1;-26,991444;-52,687014;SPRF-SC;DEL07-SC;UOP01-DEL07-SC
693362;24/05/2025;sábado;08:50:00;MG;262;834;UBERABA;Acessar a via sem observar a presença dos outros veículos;Colisão transversal;Com Vítimas Feridas;Pleno dia;Decrescente;Céu Claro;Simples;Reta;Não;3;0;2;0;1;0;2;2;-19,743;-48,196;SPRF-MG;DEL13-MG;UOP01-DEL13-MG
693363;24/05/2025;sábado;08:35:00;CE;116;3;FORTALEZA;Condutor deixou de manter distância do veículo da frente;Colisão traseira;Com Vítimas Feridas;Pleno dia;Decrescente;Céu Claro;Múltipla;Reta;Sim;5;0;2;0;3;0;2;3;-3,7806703;-38,5137012;SPRF-CE;DEL01-CE;UOP02-DEL01-CE
693364;24/05/2025;sábado;07:35:00;RJ;40;62;PETROPOLIS;Ausência de reação do condutor;Saída de leito carroçável;Sem Vítimas;Pleno dia;Crescente;Nublado;Múltipla;Rotatória;Não;2;0;0;0;1;1;0;1;-22,40987425;-43,14930663;SPRF-RJ;DEL05-RJ;UOP02-DEL05-RJ
693365;24/05/2025;sábado;07:15:00;MG;40;657,9;CARANDAI;Reação tardia ou ineficiente do condutor;Saída de leito carroçável;Com Vítimas Fatais;Pleno dia;Crescente;Céu Claro;Simples;Reta;Não;5;2;0;2;1;0;2;2;-20,887515;-43,81271;SPRF-MG;DEL05-MG;UOP02-DEL05-MG
693367;24/05/2025;sábado;08:12:00;MS;158;114;APARECIDA DO TABOADO;Avarias e/ou desgaste excessivo no pneu;Tombamento;Com Vítimas Feridas;Pleno dia;Crescente;Céu Claro;Dupla;Reta;Não;2;0;2;0;0;0;2;1;-19,827389;-51,113296;SPRF-MS;DEL08-MS;UOP01-DEL08-MS
693368;24/05/2025;sábado;07:36:00;MT;364;445;VARZEA GRANDE;Mal súbito do condutor;Saída de leito carroçável;Com Vítimas Feridas;Pleno dia;Decrescente;Céu Claro;Simples;Curva;Não;2;0;1;0;1;0;1;1;-15,574729;-56,242572;SPRF-MT;DEL01-MT;UOP02-DEL01-MT
693369;24/05/2025;sábado;09:00:00;GO;60;366;RIO VERDE;Reação tardia ou ineficiente do condutor;Saída de leito carroçável;Com Vítimas Feridas;Pleno dia;Crescente;Céu Claro;Dupla;Reta;Não;3;0;2;1;0;0;3;1;-17,677562;-50,829735;SPRF-GO;DEL04-GO;UOP02-DEL04-GO
693370;24/05/2025;sábado;08:00:00;RS;116;118;BARRA DO RIBEIRO;Condutor Dormindo;Saída de leito carroçável;Com Vítimas Feridas;Pleno dia;Decrescente;Nublado;Dupla;Reta;Não;1;0;0;1;0;0;1;1;-30,274085;-51,409394;SPRF-RS;DEL05-RS;UOP01-DEL05-RS
693372;24/05/2025;sábado;08:10:00;PR;277;26,4;MORRETES;Velocidade Incompatível;Saída de leito carroçável;Sem Vítimas;Pleno dia;Decrescente;Chuva;Dupla;Reta;Não;1;0;0;0;1;0;0;1;-25,53724744;-48,76703231;SPRF-PR;DEL01-PR;UOP05-DEL01-PR
693373;24/05/2025;sábado;09:20:00;PR;116;134;FAZENDA RIO GRANDE;Manobra de mudança de faixa;Saída de leito carroçável;Com Vítimas Feridas;Pleno dia;Crescente;Garoa/Chuvisco;Dupla;Reta;Não;3;0;1;0;1;1;1;2;-25,7111635;-49,3196603;SPRF-PR;DEL01-PR;UOP03-DEL01-PR
693374;24/05/2025;sábado;09:00:00;BA;324;622;SALVADOR;Velocidade Incompatível;Colisão traseira;Com Vítimas Feridas;Pleno dia;Crescente;Chuva;Dupla;Reta;Não;3;0;1;0;0;2;1;2;-12,9311919;-38,4713261;SPRF-BA;DEL01-BA;UOP01-DEL01-BA
693375;24/05/2025;sábado;08:45:00;MG;116;457,2;ENGENHEIRO CALDAS;Ausência de reação do condutor;Saída de leito carroçável;Com Vítimas Feridas;Pleno dia;Crescente;Sol;Simples;"Reta;Aclive";Não;1;0;0;1;0;0;1;1;-19,212507;-42,054687;SPRF-MG;DEL06-MG;UOP02-DEL06-MG
693376;24/05/2025;sábado;08:24:00;MT;364;534;ROSARIO OESTE;Curva acentuada;Saída de leito carroçável;Com Vítimas Feridas;Pleno dia;Crescente;Céu Claro;Simples;Curva;Não;1;0;0;1;0;0;1;1;-14,909488;-56,469638;SPRF-MT;DEL01-MT;UOP01-DEL01-MT
693378;24/05/2025;sábado;09:30:00;RJ;393;182,2;PARAIBA DO SUL;Acesso irregular;Colisão frontal;Sem Vítimas;Pleno dia;Decrescente;Nublado;Simples;Curva;Sim;2;0;0;0;2;0;0;2;-22,14320584;-43,28474569;SPRF-RJ;DEL05-RJ;UOP03-DEL05-RJ
693379;24/05/2025;sábado;10:00:00;GO;60;115;TEREZOPOLIS DE GOIAS;Reação tardia ou ineficiente do condutor;Colisão traseira;Com Vítimas Feridas;Pleno dia;Crescente;Sol;Dupla;Aclive;Não;3;0;1;0;2;0;1;2;-16,471198;-49,074582;SPRF-GO;DEL01-GO;UOP01-DEL01-GO
693381;24/05/2025;sábado;10:45:00;PR;277;83;CURITIBA;Mal súbito do condutor;Queda de ocupante de veículo;Com Vítimas Feridas;Pleno dia;Crescente;Céu Claro;Dupla;Interseção de Vias;Não;1;0;1;0;0;0;1;1;-25,44982037;-49,22847955;SPRF-PR;DEL01-PR;UOP03-DEL01-PR
693382;24/05/2025;sábado;10:15:00;SC;101;31,4;JOINVILLE;Reação tardia ou ineficiente do condutor;Colisão traseira;Com Vítimas Feridas;Pleno dia;Crescente;Chuva;Dupla;Reta;Não;3;0;1;0;2;0;1;2;-26,24107692;-48,91267776;SPRF-SC;DEL03-SC;UOP01-DEL03-SC
693383;24/05/2025;sábado;10:20:00;MG;116;412,2;GOVERNADOR VALADARES;Retorno proibido;Colisão transversal;Com Vítimas Feridas;Pleno dia;Decrescente;Céu Claro;Simples;Reta;Sim;4;0;1;1;1;1;2;3;-18,875336;-41,964995;SPRF-MG;DEL06-MG;UOP01-DEL06-MG
693385;24/05/2025;sábado;07:00:00;DF;70;13;BRASILIA;Condutor deixou de manter distância do veículo da frente;Colisão traseira;Com Vítimas Feridas;Pleno dia;Decrescente;Céu Claro;Dupla;Rotatória;Não;2;0;1;0;0;1;1;2;-15,796366;-48,171909;SPRF-DF;DEL03-DF;UOP02-DEL03-DF
693386;24/05/2025;sábado;11:00:00;SC;282;17;PALHOCA;Acessar a via sem observar a presença dos outros veículos;Colisão transversal;Com Vítimas Feridas;Pleno dia;Crescente;Nublado;Simples;Reta;Sim;2;0;1;0;1;0;1;2;-27,667381;-48,68952;SPRF-SC;DEL01-SC;UOP02-DEL01-SC
693390;24/05/2025;sábado;10:40:00;DF;70;3,4;BRASILIA;Manobra de mudança de faixa;Colisão traseira;Com Vítimas Feridas;Pleno dia;Crescente;Sol;Dupla;Reta;Sim;4;0;1;0;3;0;1;2;-15,801303;-48,08505;SPRF-DF;DEL03-DF;UOP02-DEL03-DF
693391;24/05/2025;sábado;11:02:00;CE;116;9;FORTALEZA;Demais falhas mecânicas ou elétricas;Queda de ocupante de veículo;Com Vítimas Feridas;Pleno dia;Crescente;Céu Claro;Múltipla;Reta;Não;2;0;1;1;0;0;2;1;-3,82051313;-38,50291125;SPRF-CE;DEL01-CE;UOP02-DEL01-CE
693392;24/05/2025;sábado;10:00:00;PA;316;47;SANTA IZABEL DO PARA;Avarias e/ou desgaste excessivo no pneu;Tombamento;Com Vítimas Feridas;Pleno dia;Decrescente;Céu Claro;Dupla;Reta;Não;2;0;1;1;0;0;2;1;-1,29785;-48,04936;SPRF-PA;DEL01-PA;UOP01-DEL01-PA
693394;24/05/2025;sábado;09:00:00;ES;393;8;CACHOEIRO DE ITAPEMIRIM;Velocidade Incompatível;Queda de ocupante de veículo;Com Vítimas Feridas;Pleno dia;Crescente;Nublado;Simples;Reta;Não;1;0;0;1;0;0;1;1;-20,82809834;-41,20438814;SPRF-ES;DEL03-ES;UOP02-DEL03-ES
693395;24/05/2025;sábado;11:45:00;PR;116;15;CAMPINA GRANDE DO SUL;Avarias e/ou desgaste excessivo no pneu;Saída de leito carroçável;Com Vítimas Feridas;Pleno dia;Crescente;Chuva;Dupla;Curva;Não;3;0;1;0;2;0;1;1;-25,098152;-48,680421;SPRF-PR;DEL01-PR;UOP02-DEL01-PR
693396;24/05/2025;sábado;09:50:00;RS;470;238;CARLOS BARBOSA;Velocidade Incompatível;Queda de ocupante de veículo;Com Vítimas Feridas;Pleno dia;Decrescente;Nublado;Simples;"Aclive;Curva";Não;1;0;1;0;0;0;1;1;-29,330676;-51,498622;SPRF-RS;DEL06-RS;UOP01-DEL06-RS
693400;17/05/2025;sábado;18:15:00;MG;116;414,8;GOVERNADOR VALADARES;Acessar a via sem observar a presença dos outros veículos;Colisão transversal;Com Vítimas Feridas;Plena Noite;Decrescente;Céu Claro;Simples;"Retorno Regulamentado;Curva";Sim;2;0;0;1;1;0;1;2;-18,887838;-41,945939;SPRF-MG;DEL06-MG;UOP01-DEL06-MG
693401;24/05/2025;sábado;12:00:00;PE;104;72;CARUARU;Ultrapassagem Indevida;Colisão frontal;Com Vítimas Fatais;Pleno dia;Decrescente;Céu Claro;Simples;Curva;Não;3;1;0;1;1;0;1;2;-8,33572;-35,98023;SPRF-PE;DEL02-PE;UOP01-DEL02-PE
693402;24/05/2025;sábado;11:15:00;PR;376;653;TIJUCAS DO SUL;Reação tardia ou ineficiente do condutor;Saída de leito carroçável;Com Vítimas Feridas;Pleno dia;Decrescente;Garoa/Chuvisco;Dupla;"Curva;Aclive";Não;1;0;1;0;0;0;1;1;-25,84099438;-49,04502869;SPRF-PR;DEL01-PR;UOP04-DEL01-PR
693405;24/05/2025;sábado;11:00:00;ES;101;352,5;ANCHIETA;Chuva;Tombamento;Com Vítimas Fatais;Pleno dia;Decrescente;Chuva;Dupla;Reta;Não;2;1;0;0;1;0;0;2;-20,674307;-40,664595;SPRF-ES;DEL03-ES;UOP01-DEL03-ES
693406;24/05/2025;sábado;13:00:00;PR;376;602;CURITIBA;Pedestre andava na pista;Atropelamento de Pedestre;Com Vítimas Feridas;Pleno dia;Crescente;Nublado;Dupla;Reta;Não;2;0;1;0;1;0;1;2;-25,51375451;-49,33770832;SPRF-PR;DEL01-PR;UOP06-DEL01-PR
693407;24/05/2025;sábado;10:00:00;PR;116;27,5;CAMPINA GRANDE DO SUL;Chuva;Saída de leito carroçável;Com Vítimas Feridas;Pleno dia;Decrescente;Chuva;Dupla;Curva;Não;1;0;0;1;0;0;1;1;-25,11261;-48,804159;SPRF-PR;DEL01-PR;UOP02-DEL01-PR
693408;24/05/2025;sábado;12:40:00;SP;116;44,6;CANAS;Transitar no Acostamento;Colisão frontal;Com Vítimas Feridas;Pleno dia;Crescente;Céu Claro;Dupla;Reta;Não;2;0;1;1;0;0;2;2;-22,7051358;-45,0411881;SPRF-SP;DEL08-SP;UOP02-DEL08-SP
693410;24/05/2025;sábado;11:30:00;AL;104;2,5;SAO JOSE DA LAJE;Ausência de reação do condutor;Saída de leito carroçável;Com Vítimas Feridas;Pleno dia;Decrescente;Garoa/Chuvisco;Simples;Curva;Não;1;0;0;1;0;0;1;1;-8,92103573;-36,01508426;SPRF-AL;DEL01-AL;UOP02-DEL01-AL
693412;24/05/2025;sábado;13:20:00;PR;116;125,8;FAZENDA RIO GRANDE;Acessar a via sem observar a presença dos outros veículos;Colisão traseira;Com Vítimas Feridas;Pleno dia;Crescente;Nublado;Dupla;Reta;Sim;2;0;1;0;0;1;1;2;-25,6357892;-49,3132934;SPRF-PR;DEL01-PR;UOP03-DEL01-PR
693413;24/05/2025;sábado;12:15:00;MS;163;680,8;RIO VERDE DE MATO GROSSO;Acessar a via sem observar a presença dos outros veículos;Colisão transversal;Com Vítimas Feridas;Pleno dia;Crescente;Céu Claro;Simples;"Reta;Retorno Regulamentado";Sim;5;0;2;0;3;0;2;2;-18,913296;-54,839236;SPRF-MS;DEL06-MS;UOP02-DEL06-MS
693414;24/05/2025;sábado;13:30:00;RJ;101;514;ANGRA DOS REIS;Reação tardia ou ineficiente do condutor;Colisão com objeto;Com Vítimas Feridas;Pleno dia;Decrescente;Nublado;Simples;Curva;Não;2;0;2;0;0;0;2;1;-22,980999;-44,436271;SPRF-RJ;DEL03-RJ;UOP03-DEL03-RJ
693415;24/05/2025;sábado;09:40:00;PR;277;600,4;CASCAVEL;Reação tardia ou ineficiente do condutor;Saída de leito carroçável;Sem Vítimas;Pleno dia;Decrescente;Céu Claro;Dupla;Reta;Não;1;0;0;0;1;0;0;1;-25,0148004;-53,5412243;SPRF-PR;DEL04-PR;UOP01-DEL04-PR
693416;24/05/2025;sábado;14:00:00;MG;262;577;CORREGO DANTA;Acessar a via sem observar a presença dos outros veículos;Colisão transversal;Com Vítimas Feridas;Pleno dia;Decrescente;Céu Claro;Simples;Reta;Não;5;0;1;0;4;0;1;2;-19,667191;-46,056411;SPRF-MG;DEL08-MG;UOP02-DEL08-MG
693418;23/03/2025;domingo;11:57:00;MA;135;20;SAO LUIS;Conversão proibida;Colisão transversal;Com Vítimas Feridas;Pleno dia;Decrescente;Céu Claro;Simples;"Declive;Interseção de Vias;Reta";Sim;3;0;0;2;1;0;2;2;-2,565135;-44,33609;SPRF-MA;DEL01-MA;UOP01-DEL01-MA
693419;24/05/2025;sábado;12:37:00;SC;282;30,4;SANTO AMARO DA IMPERATRIZ;Reação tardia ou ineficiente do condutor;Saída de leito carroçável;Com Vítimas Feridas;Pleno dia;Decrescente;Chuva;Simples;Reta;Sim;1;0;1;0;0;0;1;1;-27,69023;-48,79306;SPRF-SC;DEL01-SC;UOP03-DEL01-SC
693423;24/05/2025;sábado;13:40:00;RS;285;443,7;BOZANO;Condutor Dormindo;Saída de leito carroçável;Com Vítimas Feridas;Pleno dia;Crescente;Chuva;Simples;Reta;Sim;3;0;1;0;2;0;1;1;-28,36445;-53,77268;SPRF-RS;DEL10-RS;UOP01-DEL10-RS
693424;24/05/2025;sábado;13:00:00;PI;343;180;PIRIPIRI;Reação tardia ou ineficiente do condutor;Saída de leito carroçável;Com Vítimas Feridas;Pleno dia;Crescente;Céu Claro;Simples;Curva;Não;1;0;1;0;0;0;1;1;-4,244411;-41,772082;SPRF-PI;DEL02-PI;UOP01-DEL02-PI
693425;24/05/2025;sábado;14:30:00;PE;232;128,4;CARUARU;Pedestre - Ingestão de álcool/ substâncias psicoativas;Atropelamento de Pedestre;Com Vítimas Feridas;Pleno dia;Crescente;Nublado;Dupla;Reta;Sim;2;0;0;1;1;0;1;2;-8,30376;-35,97349;SPRF-PE;DEL02-PE;UOP01-DEL02-PE
693426;24/05/2025;sábado;14:10:00;SC;101;57,9;ARAQUARI;Velocidade Incompatível;Saída de leito carroçável;Com Vítimas Feridas;Pleno dia;Crescente;Chuva;Dupla;Curva;Não;3;0;0;2;1;0;2;1;-26,43816871;-48,80381797;SPRF-SC;DEL03-SC;UOP01-DEL03-SC
693427;24/05/2025;sábado;15:15:00;PR;376;658;TIJUCAS DO SUL;Avarias e/ou desgaste excessivo no pneu;Saída de leito carroçável;Sem Vítimas;Pleno dia;Decrescente;Chuva;Dupla;Curva;Não;1;0;0;0;1;0;0;1;-25,84218885;-49,03379409;SPRF-PR;DEL01-PR;UOP04-DEL01-PR
693428;24/05/2025;sábado;13:15:00;PA;316;31;SANTA IZABEL DO PARA;Acessar a via sem observar a presença dos outros veículos;Colisão transversal;Com Vítimas Feridas;Pleno dia;Crescente;Sol;Dupla;Curva;Sim;2;0;0;1;1;0;1;2;-1,2984;-48,189612;SPRF-PA;DEL01-PA;UOP01-DEL01-PA
693429;24/05/2025;sábado;15:15:00;RJ;101;478;ANGRA DOS REIS;Desrespeitar a preferência no cruzamento;Colisão transversal;Com Vítimas Feridas;Pleno dia;Crescente;Garoa/Chuvisco;Simples;Reta;Não;4;0;1;0;2;1;1;3;-23,010909;-44,278752;SPRF-RJ;DEL03-RJ;UOP03-DEL03-RJ
693430;24/05/2025;sábado;13:30:00;RJ;101;394;RIO DE JANEIRO;Entrada inopinada do pedestre;Atropelamento de Pedestre;Com Vítimas Feridas;Pleno dia;Crescente;Nublado;Dupla;Reta;Não;2;0;1;0;1;0;1;2;-22,884857;-43,715548;SPRF-RJ;DEL03-RJ;UOP01-DEL03-RJ
693431;24/05/2025;sábado;15:40:00;RJ;393;181,3;PARAIBA DO SUL;Ausência de reação do condutor;Colisão com objeto;Sem Vítimas;Pleno dia;Decrescente;Chuva;Simples;Curva;Sim;1;0;0;0;1;0;0;1;-22,14200193;-43,28020899;SPRF-RJ;DEL05-RJ;UOP03-DEL05-RJ
693432;24/05/2025;sábado;15:00:00;RS;101;13,9;DOM PEDRO DE ALCANTARA;Condutor Dormindo;Saída de leito carroçável;Com Vítimas Feridas;Pleno dia;Crescente;Nublado;Dupla;Curva;Não;1;0;1;0;0;0;1;1;-29,39942543;-49,85288965;SPRF-RS;DEL03-RS;UOP02-DEL03-RS
693433;24/05/2025;sábado;14:49:00;CE;304;99;ARACATI;Ingestão de álcool pelo condutor;Tombamento;Com Vítimas Feridas;Pleno dia;Crescente;Céu Claro;Simples;Reta;Sim;1;0;0;1;0;0;1;1;-4,8649222;-37,4569062;SPRF-CE;DEL03-CE;UOP02-DEL03-CE
693434;24/05/2025;sábado;15:50:00;SC;101;186;BIGUACU;Acumulo de óleo sobre o pavimento;Queda de ocupante de veículo;Com Vítimas Feridas;Pleno dia;Crescente;Garoa/Chuvisco;Dupla;Curva;Sim;5;0;1;0;4;0;1;2;-27,43483104;-48,62604316;SPRF-SC;DEL01-SC;UOP01-DEL01-SC
693435;24/05/2025;sábado;14:50:00;RS;470;211;BENTO GONCALVES;Ausência de reação do condutor;Saída de leito carroçável;Com Vítimas Feridas;Pleno dia;Decrescente;Chuva;Simples;"Curva;Declive";Não;2;0;1;0;1;0;1;1;-29,13198099;-51,54497473;SPRF-RS;DEL06-RS;UOP01-DEL06-RS
693436;24/05/2025;sábado;16:05:00;RS;290;690;URUGUAIANA;Velocidade Incompatível;Saída de leito carroçável;Com Vítimas Feridas;Pleno dia;Crescente;Chuva;Simples;Reta;Não;2;0;1;1;0;0;2;1;-29,878423;-56,778203;SPRF-RS;DEL13-RS;UOP01-DEL13-RS
693437;24/05/2025;sábado;15:55:00;BA;324;4;FEIRA DE SANTANA;Demais falhas mecânicas ou elétricas;Tombamento;Com Vítimas Fatais;Pleno dia;Crescente;Sol;Dupla;Reta;Sim;2;1;0;0;0;1;0;1;-12,28507438;-38,97015112;SPRF-BA;DEL02-BA;UOP01-DEL02-BA
693438;24/05/2025;sábado;16:18:00;MA;226;292;BARRA DO CORDA;Reação tardia ou ineficiente do condutor;Queda de ocupante de veículo;Com Vítimas Feridas;Pleno dia;Crescente;Céu Claro;Simples;Reta;Não;1;0;1;0;0;0;1;1;-5,480765;-45,195445;SPRF-MA;DEL06-MA;UOP01-DEL06-MA
693439;24/05/2025;sábado;14:30:00;RJ;465;21;NOVA IGUACU;Acesso irregular;Colisão transversal;Com Vítimas Feridas;Pleno dia;Decrescente;Nublado;Simples;Reta;Sim;2;0;1;0;1;0;1;2;-22,85778417;-43,60137686;SPRF-RJ;DEL06-RJ;UOP02-DEL06-RJ
693440;24/05/2025;sábado;15:30:00;RJ;40;111;DUQUE DE CAXIAS;Mal súbito do condutor;Colisão com objeto;Com Vítimas Feridas;Pleno dia;Crescente;Nublado;Múltipla;Reta;Sim;1;0;1;0;0;0;1;1;-22,69365;-43,28825;SPRF-RJ;DEL01-RJ;UOP02-DEL01-RJ
693441;24/05/2025;sábado;16:23:00;GO;60;14;ALEXANIA;Reação tardia ou ineficiente do condutor;Saída de leito carroçável;Com Vítimas Feridas;Pleno dia;Decrescente;Céu Claro;Dupla;Declive;Não;1;0;1;0;0;0;1;1;-16,110983;-48,352208;SPRF-DF;DEL03-DF;UOP01-DEL03-DF
693443;24/05/2025;sábado;15:59:00;SC;470;60,1;BLUMENAU;Reação tardia ou ineficiente do condutor;Colisão lateral sentido oposto;Com Vítimas Feridas;Pleno dia;Crescente;Garoa/Chuvisco;Simples;Reta;Não;3;0;1;1;1;0;2;3;-26,88105702;-49,1656193;SPRF-SC;DEL04-SC;UOP01-DEL04-SC
693444;24/05/2025;sábado;15:20:00;SC;470;55,4;BLUMENAU;Condutor deixou de manter distância do veículo da frente;Engavetamento;Com Vítimas Feridas;Pleno dia;Crescente;Chuva;Simples;"Reta;Em Obras";Sim;7;0;0;1;6;0;1;6;-26,87639655;-49,12366955;SPRF-SC;DEL04-SC;UOP01-DEL04-SC
693445;24/05/2025;sábado;15:40:00;RJ;393;284;VOLTA REDONDA;Ausência de reação do condutor;Colisão traseira;Com Vítimas Feridas;Anoitecer;Decrescente;Nublado;Simples;"Reta;Interseção de Vias";Não;2;0;1;0;1;0;1;2;-22,49660341;-44,07098858;SPRF-RJ;DEL05-RJ;UOP04-DEL05-RJ
693448;24/05/2025;sábado;14:45:00;SC;101;389;CRICIUMA;Velocidade Incompatível;Tombamento;Com Vítimas Fatais;Pleno dia;Crescente;Nublado;Múltipla;"Curva;Aclive";Sim;1;1;0;0;0;0;0;1;-28,800233;-49,363508;SPRF-SC;DEL02-SC;UOP02-DEL02-SC
693451;24/05/2025;sábado;17:30:00;SP;381;59;MAIRIPORA;Ausência de reação do condutor;Queda de ocupante de veículo;Com Vítimas Feridas;Anoitecer;Decrescente;Céu Claro;Dupla;"Curva;Aclive";Não;1;0;1;0;0;0;1;1;-23,2909283;-46,58501;SPRF-SP;DEL03-SP;UOP01-DEL03-SP
693454;24/05/2025;sábado;16:20:00;SP;116;568;BARRA DO TURVO;Reação tardia ou ineficiente do condutor;Queda de ocupante de veículo;Com Vítimas Feridas;Pleno dia;Crescente;Chuva;Simples;"Reta;Declive";Sim;1;0;1;0;0;0;1;1;-25,05325697;-48,55493546;SPRF-SP;DEL05-SP;UOP02-DEL05-SP
693456;24/05/2025;sábado;18:10:00;ES;101;49;SAO MATEUS;Entrada inopinada do pedestre;Atropelamento de Pedestre;Com Vítimas Feridas;Plena Noite;Crescente;Nublado;Simples;Reta;Não;2;0;1;1;0;0;2;2;-18,6489432;-39,8735828;SPRF-ES;DEL04-ES;UOP02-DEL04-ES
693458;24/05/2025;sábado;17:10:00;PE;101;52;PAULISTA;Entrada inopinada do pedestre;Atropelamento de Pedestre;Com Vítimas Feridas;Anoitecer;Decrescente;Nublado;Dupla;"Curva;Declive";Sim;2;0;0;2;0;0;2;2;-7,92822;-34,898071;SPRF-PE;DEL01-PE;UOP02-DEL01-PE
693459;24/05/2025;sábado;18:52:00;RN;101;158,8;CANGUARETAMA;Pedestre - Ingestão de álcool/ substâncias psicoativas;Atropelamento de Pedestre;Com Vítimas Fatais;Plena Noite;Decrescente;Céu Claro;Dupla;Reta;Sim;3;1;0;0;1;1;0;2;-6,3609777;-35,1582987;SPRF-RN;DEL01-RN;UOP01-DEL01-RN
693460;24/05/2025;sábado;16:00:00;PR;376;617;SAO JOSE DOS PINHAIS;Reação tardia ou ineficiente do condutor;Queda de ocupante de veículo;Com Vítimas Feridas;Pleno dia;Decrescente;Nublado;Simples;"Curva;Aclive";Não;1;0;1;0;0;0;1;1;-25,58765384;-49,17247502;SPRF-PR;DEL01-PR;UOP04-DEL01-PR
693461;24/05/2025;sábado;12:45:00;BA;110;0,5;PAULO AFONSO;Mal súbito do condutor;Colisão traseira;Com Vítimas Feridas;Pleno dia;Decrescente;Nublado;Simples;Reta;Sim;5;0;2;0;3;0;2;2;-9,42192526;-38,19847584;SPRF-BA;DEL07-BA;UOP01-DEL07-BA
693463;24/05/2025;sábado;16:38:00;BA;324;354;CAPIM GROSSO;Acessar a via sem observar a presença dos outros veículos;Colisão lateral sentido oposto;Com Vítimas Feridas;Pleno dia;Decrescente;Céu Claro;Simples;Reta;Sim;2;0;1;0;1;0;1;2;-11,37675;-40,01967;SPRF-BA;DEL04-BA;UOP02-DEL04-BA
693464;24/05/2025;sábado;00:05:00;RJ;116;170;RIO DE JANEIRO;Ausência de reação do condutor;Saída de leito carroçável;Com Vítimas Feridas;Pleno dia;Decrescente;Chuva;Simples;Reta;Sim;1;0;1;0;0;0;1;1;-22,81380055;-43,3296245;SPRF-RJ;DEL06-RJ;UOP01-DEL06-RJ
693465;24/05/2025;sábado;18:10:00;RN;110;47,4;MOSSORO;Transitar na contramão;Colisão frontal;Com Vítimas Feridas;Plena Noite;Decrescente;Céu Claro;Simples;Interseção de Vias;Sim;2;0;1;0;0;1;1;2;-5,2062;-37,3293;SPRF-RN;DEL04-RN;UOP01-DEL04-RN
693467;24/05/2025;sábado;18:00:00;BA;116;13,5;VITORIA DA CONQUISTA;Condutor deixou de manter distância do veículo da frente;Colisão traseira;Com Vítimas Feridas;Plena Noite;Crescente;Nublado;Simples;Curva;Não;3;0;1;0;2;0;1;2;-14,88849945;-40,87041652;SPRF-BA;DEL08-BA;UOP01-DEL08-BA
693468;24/05/2025;sábado;18:48:00;GO;40;95;CRISTALINA;Transitar na contramão;Colisão frontal;Sem Vítimas;Anoitecer;Crescente;Céu Claro;Simples;"Interseção de Vias;Curva;Declive";Sim;3;0;0;0;3;0;0;2;-16,75338621;-47,60395288;SPRF-DF;DEL01-DF;UOP02-DEL01-DF
693470;24/05/2025;sábado;12:00:00;RS;116;212,5;MORRO REUTER;Acumulo de óleo sobre o pavimento;Tombamento;Com Vítimas Feridas;Pleno dia;Crescente;Céu Claro;Simples;Curva;Não;3;0;2;1;0;0;3;2;-29,5185378;-51,09497882;SPRF-RS;DEL05-RS;UOP02-DEL05-RS
693472;24/05/2025;sábado;18:00:00;SP;116;110;TAUBATE;Demais falhas mecânicas ou elétricas;Incêndio;Sem Vítimas;Anoitecer;Crescente;Nublado;Dupla;Reta;Sim;1;0;0;0;1;0;0;1;-23,04083424;-45,56575567;SPRF-SP;DEL02-SP;UOP02-DEL02-SP
693473;19/01/2025;domingo;14:00:00;MG;381;327;NOVA ERA;Velocidade Incompatível;Saída de leito carroçável;Com Vítimas Feridas;Pleno dia;Decrescente;Sol;Dupla;"Curva;Interseção de Vias;Declive";Não;1;0;1;0;0;0;1;1;-19,76723696;-43,04699067;SPRF-MG;DEL03-MG;UOP02-DEL03-MG