id;data_inversa;dia_semana;horario;uf;br;km;municipio;causa_acidente;tipo_acidente;classificacao_acidente;fase_dia;sentido_via;condicao_metereologica;tipo_pista;tracado_via;uso_solo;pessoas;mortos;feridos_leves;feridos_graves;ilesos;ignorados;feridos;veiculos;latitude;longitude;regional;delegacia;uop
693475;24/05/2025;sábado;19:10:00;PE;101;68;RECIFE;Reação tardia ou ineficiente do condutor;Colisão traseira;Com Vítimas Feridas;Plena Noite;Crescente;Chuva;Dupla;Viaduto;Sim;3;0;1;0;2;0;1;2;-8,05128;-34,94601;SPRF-PE;DEL01-PE;UOP01-DEL01-PE
693476;24/05/2025;sábado;18:50:00;PR;116;128;FAZENDA RIO GRANDE;Manobra de mudança de faixa;Colisão lateral mesmo sentido;Sem Vítimas;Plena Noite;Crescente;Garoa/Chuvisco;Dupla;Reta;Não;2;0;0;0;2;0;0;2;-25,6566551;-49,3121093;SPRF-PR;DEL01-PR;UOP03-DEL01-PR
693477;24/05/2025;sábado;18:30:00;RS;116;411;CRISTAL;Ausência de reação do condutor;Colisão traseira;Com Vítimas Feridas;Anoitecer;Crescente;Garoa/Chuvisco;Dupla;Reta;Não;3;0;1;0;2;0;1;2;-30,928036;-51,911528;SPRF-RS;DEL02-RS;UOP02-DEL02-RS
693478;24/05/2025;sábado;19:15:00;SP;153;27,7;NOVA GRANADA;Ingestão de álcool pelo condutor;Saída de leito carroçável;Sem Vítimas;Plena Noite;Decrescente;Céu Claro;Simples;Reta;Não;1;0;0;0;1;0;0;1;-20,520802;-49,326421;SPRF-SP;DEL09-SP;UOP01-DEL09-SP
693479;24/05/2025;sábado;19:10:00;MG;116;522,6;CARATINGA;Acessar a via sem observar a presença dos outros veículos;Colisão transversal;Com Vítimas Feridas;Plena Noite;Decrescente;Céu Claro;Simples;Interseção de Vias;Não;4;0;1;0;3;0;1;2;-19,75242833;-42,13280261;SPRF-MG;DEL06-MG;UOP02-DEL06-MG
693480;24/05/2025;sábado;19:20:00;SC;282;4,5;SAO JOSE;Reação tardia ou ineficiente do condutor;Engavetamento;Com Vítimas Feridas;Plena Noite;Crescente;Chuva;Dupla;Declive;Sim;6;0;1;0;5;0;1;3;-27,590814;-48,60739795;SPRF-SC;DEL01-SC;UOP01-DEL01-SC
693482;24/05/2025;sábado;18:50:00;MG;146;477,4;POCOS DE CALDAS;Manobra de mudança de faixa;Colisão traseira;Com Vítimas Feridas;Plena Noite;Crescente;Céu Claro;Simples;"Reta;Declive";Não;4;0;2;0;1;1;2;3;-21,76625994;-46,41877625;SPRF-MG;DEL09-MG;UOP01-DEL09-MG
693483;24/05/2025;sábado;18:40:00;BA;407;217;QUIXABEIRA;Animais na Pista;Atropelamento de Animal;Com Vítimas Fatais;Plena Noite;Decrescente;Céu Claro;Simples;Reta;Não;3;1;1;1;0;0;2;1;-11,253983;-40,024178;SPRF-BA;DEL04-BA;UOP02-DEL04-BA
693484;24/05/2025;sábado;19:55:00;RJ;116;176;SAO JOAO DE MERITI;Ausência de reação do condutor;Colisão com objeto;Com Vítimas Feridas;Pleno dia;Crescente;Nublado;Múltipla;Reta;Sim;2;0;2;0;0;0;2;1;-22,78023727;-43,39234829;SPRF-RJ;DEL06-RJ;UOP01-DEL06-RJ
693486;24/05/2025;sábado;20:10:00;PB;101;88,5;JOAO PESSOA;Ausência de reação do condutor;Tombamento;Com Vítimas Feridas;Plena Noite;Decrescente;Chuva;Dupla;"Reta;Declive";Não;1;0;0;1;0;0;1;1;-7,171448;-34,897647;SPRF-PB;DEL01-PB;UOP01-DEL01-PB
693487;24/05/2025;sábado;17:30:00;MS;463;9,8;DOURADOS;Ausência de reação do condutor;Colisão com objeto;Sem Vítimas;Plena Noite;Crescente;Céu Claro;Simples;"Reta;Declive";Não;1;0;0;0;0;1;0;1;-22,249318;-54,897858;SPRF-MS;DEL04-MS;UOP03-DEL04-MS
693488;24/05/2025;sábado;18:50:00;DF;80;19;BRASILIA;Ingestão de álcool pelo condutor;Colisão traseira;Sem Vítimas;Pleno dia;Decrescente;Céu Claro;Dupla;Reta;Sim;2;0;0;0;2;0;0;2;-15,664927;-48,203771;SPRF-DF;DEL03-DF;UOP02-DEL03-DF
693489;24/05/2025;sábado;20:20:00;CE;304;49,9;ARACATI;Entrada inopinada do pedestre;Atropelamento de Pedestre;Com Vítimas Feridas;Plena Noite;Decrescente;Céu Claro;Simples;Reta;Não;2;0;0;1;1;0;1;2;-4,574768;-37,76496;SPRF-CE;DEL03-CE;UOP02-DEL03-CE
693492;24/05/2025;sábado;19:50:00;PR;277;36;MORRETES;Velocidade Incompatível;Colisão com objeto;Sem Vítimas;Plena Noite;Crescente;Garoa/Chuvisco;Múltipla;"Curva;Aclive";Não;3;0;0;0;3;0;0;1;-25,57099924;-48,83951632;SPRF-PR;DEL01-PR;UOP05-DEL01-PR
693493;24/05/2025;sábado;17:40:00;ES;101;255;SERRA;Reação tardia ou ineficiente do condutor;Atropelamento de Pedestre;Com Vítimas Feridas;Anoitecer;Crescente;Chuva;Simples;Reta;Sim;2;0;0;1;0;1;1;2;-20,117527;-40,314354;SPRF-ES;DEL02-ES;UOP01-DEL02-ES
693494;24/05/2025;sábado;19:35:00;SC;470;52,6;BLUMENAU;Reação tardia ou ineficiente do condutor;Colisão transversal;Com Vítimas Feridas;Plena Noite;Crescente;Garoa/Chuvisco;Simples;Interseção de Vias;Não;2;0;0;1;1;0;1;2;-26,86509732;-49,09952514;SPRF-SC;DEL04-SC;UOP01-DEL04-SC
693495;24/05/2025;sábado;18:30:00;SC;282;535,2;CHAPECO;Desrespeitar a preferência no cruzamento;Colisão transversal;Com Vítimas Feridas;Anoitecer;Decrescente;Garoa/Chuvisco;Simples;"Interseção de Vias;Rotatória";Não;7;0;6;0;1;0;6;2;-26,99966885;-52,64648142;SPRF-SC;DEL07-SC;UOP01-DEL07-SC
693496;24/05/2025;sábado;19:15:00;RJ;356;147;CAMPOS DOS GOYTACAZES;Acessar a via sem observar a presença dos outros veículos;Colisão transversal;Com Vítimas Feridas;Plena Noite;Decrescente;Céu Claro;Dupla;Interseção de Vias;Sim;2;0;1;0;1;0;1;2;-21,77641503;-41,28731904;SPRF-RJ;DEL08-RJ;UOP02-DEL08-RJ
693497;24/05/2025;sábado;17:30:00;MG;262;361;BETIM;Ausência de reação do condutor;Queda de ocupante de veículo;Com Vítimas Feridas;Anoitecer;Crescente;Céu Claro;Dupla;Reta;Não;3;0;2;0;0;1;2;1;-19,9965656;-44,2090346;SPRF-MG;DEL01-MG;UOP03-DEL01-MG
693498;24/05/2025;sábado;21:00:00;SC;101;40,9;JOINVILLE;Velocidade Incompatível;Colisão com objeto;Sem Vítimas;Plena Noite;Decrescente;Chuva;Dupla;"Curva;Aclive;Viaduto";Sim;1;0;0;0;0;1;0;1;-26,31472305;-48,87347309;SPRF-SC;DEL03-SC;UOP01-DEL03-SC
693499;24/05/2025;sábado;21:00:00;GO;153;442,8;ANAPOLIS;Condutor deixou de manter distância do veículo da frente;Colisão traseira;Com Vítimas Feridas;Plena Noite;Crescente;Céu Claro;Dupla;"Interseção de Vias;Curva;Aclive;Rotatória";Não;6;0;1;0;4;1;1;2;-16,353165;-48,929297;SPRF-GO;DEL02-GO;UOP01-DEL02-GO
693500;24/05/2025;sábado;21:15:00;ES;101;144,1;LINHARES;Ausência de reação do condutor;Colisão traseira;Com Vítimas Feridas;Plena Noite;Decrescente;Nublado;Múltipla;Reta;Sim;2;0;1;0;1;0;1;2;-19,35260537;-40,06351815;SPRF-ES;DEL04-ES;UOP01-DEL04-ES
693501;24/05/2025;sábado;19:30:00;SC;470;188;POUSO REDONDO;Ausência de reação do condutor;Capotamento;Com Vítimas Feridas;Plena Noite;Decrescente;Chuva;Simples;Curva;Não;2;0;1;0;1;0;1;1;-27,24962812;-49,96160254;SPRF-SC;DEL04-SC;UOP02-DEL04-SC
693502;24/05/2025;sábado;20:25:00;PR;116;92,3;SAO JOSE DOS PINHAIS;Manobra de mudança de faixa;Saída de leito carroçável;Com Vítimas Feridas;Plena Noite;Crescente;Chuva;Dupla;"Reta;Viaduto";Não;2;0;2;0;0;0;2;1;-25,50894307;-49,1258812;SPRF-PR;DEL01-PR;UOP07-DEL01-PR
693503;24/05/2025;sábado;20:15:00;PR;277;720,8;FOZ DO IGUACU;Ingestão de álcool pelo condutor;Saída de leito carroçável;Com Vítimas Feridas;Plena Noite;Crescente;Céu Claro;Dupla;Reta;Sim;1;0;1;0;0;0;1;1;-25,48750984;-54,50317706;SPRF-PR;DEL05-PR;UOP03-DEL05-PR
693504;24/05/2025;sábado;22:00:00;SC;282;5,4;SAO JOSE;Chuva;Colisão com objeto;Com Vítimas Feridas;Pleno dia;Crescente;Chuva;Simples;"Curva;Declive";Sim;2;0;1;0;1;0;1;2;-27,58467594;-48,61662626;SPRF-SC;DEL01-SC;UOP01-DEL01-SC
693506;24/05/2025;sábado;18:40:00;RJ;40;106;DUQUE DE CAXIAS;Transitar na contramão;Colisão frontal;Com Vítimas Feridas;Plena Noite;Crescente;Céu Claro;Simples;Reta;Sim;3;0;1;0;1;1;1;2;-22,64902;-43,28382;SPRF-RJ;DEL01-RJ;UOP02-DEL01-RJ
693507;24/05/2025;sábado;22:00:00;RS;470;218;BENTO GONCALVES;Ingestão de álcool pelo condutor;Colisão traseira;Com Vítimas Feridas;Plena Noite;Crescente;Chuva;Simples;"Reta;Declive;Interseção de Vias";Sim;6;0;4;0;2;0;4;3;-29,18245345;-51,52025181;SPRF-RS;DEL06-RS;UOP01-DEL06-RS
693508;24/05/2025;sábado;18:10:00;AL;104;60,5;MURICI;Chuva;Colisão lateral mesmo sentido;Com Vítimas Fatais;Plena Noite;Crescente;Chuva;Simples;Reta;Não;2;1;0;0;0;1;0;2;-9,31482359;-35,93186472;SPRF-AL;DEL01-AL;UOP02-DEL01-AL
693509;24/05/2025;sábado;22:30:00;RS;470;221;GARIBALDI;Ingestão de álcool pelo condutor;Saída de leito carroçável;Sem Vítimas;Plena Noite;Crescente;Chuva;Simples;Interseção de Vias;Sim;1;0;0;0;1;0;0;1;-29,2127842;-51,5189787;SPRF-RS;DEL06-RS;UOP01-DEL06-RS
693510;24/05/2025;sábado;19:00:00;RR;401;15,4;BONFIM;Velocidade Incompatível;Colisão traseira;Com Vítimas Fatais;Plena Noite;Crescente;Céu Claro;Simples;Reta;Não;3;2;0;0;0;1;0;2;3,372132;-59,832792;SPRF-RR;DEL01-RR;UOP01-DEL01-RR
693512;24/05/2025;sábado;17:00:00;RO;364;928;PORTO VELHO;Reação tardia ou ineficiente do condutor;Queda de ocupante de veículo;Com Vítimas Feridas;Pleno dia;Decrescente;Céu Claro;Simples;Reta;Sim;1;0;1;0;0;0;1;1;-9,70196811;-65,36692143;SPRF-RO;DEL01-RO;UOP03-DEL01-RO
693513;24/05/2025;sábado;21:19:00;MG;381;580,9;CARMOPOLIS DE MINAS;Transitar na contramão;Colisão frontal;Com Vítimas Feridas;Plena Noite;Crescente;Céu Claro;Dupla;Retorno Regulamentado;Não;4;0;0;1;2;1;1;3;-20,48883568;-44,59841788;SPRF-MG;DEL04-MG;UOP01-DEL04-MG
693515;24/05/2025;sábado;20:55:00;MG;262;23;REDUTO;Ausência de reação do condutor;Saída de leito carroçável;Sem Vítimas;Plena Noite;Crescente;Céu Claro;Simples;"Curva;Declive";Não;1;0;0;0;1;0;0;1;-20,248103;-41,932393;SPRF-MG;DEL06-MG;UOP03-DEL06-MG
693517;24/05/2025;sábado;22:30:00;RJ;356;20,4;ITAPERUNA;Entrada inopinada do pedestre;Atropelamento de Pedestre;Com Vítimas Fatais;Plena Noite;Decrescente;Nublado;Simples;Reta;Sim;2;1;0;0;1;0;0;2;-21,175686;-42,006504;SPRF-RJ;DEL08-RJ;UOP03-DEL08-RJ
693519;24/05/2025;sábado;23:15:00;RS;386;66,5;BOA VISTA DAS MISSOES;Ausência de reação do condutor;Saída de leito carroçável;Com Vítimas Feridas;Plena Noite;Crescente;Nublado;Simples;Curva;Não;1;0;1;0;0;0;1;1;-27,63830415;-53,3320765;SPRF-RS;DEL08-RS;UOP02-DEL08-RS
693520;24/05/2025;sábado;20:55:00;SC;101;216;PALHOCA;Ingestão de álcool pelo condutor;Colisão com objeto;Sem Vítimas;Plena Noite;Decrescente;Chuva;Múltipla;Curva;Não;1;0;0;0;0;1;0;1;-27,66573484;-48,67460489;SPRF-SC;DEL01-SC;UOP02-DEL01-SC
693522;24/05/2025;sábado;20:50:00;RJ;40;34,2;AREAL;Demais falhas mecânicas ou elétricas;Incêndio;Sem Vítimas;Plena Noite;Decrescente;Nublado;Dupla;Curva;Não;2;0;0;0;2;0;0;1;-22,20519012;-43,14064928;SPRF-RJ;DEL05-RJ;UOP02-DEL05-RJ
693523;24/05/2025;sábado;23:50:00;SC;101;200;SAO JOSE;Ingestão de álcool pelo condutor;Colisão lateral mesmo sentido;Sem Vítimas;Plena Noite;Decrescente;Garoa/Chuvisco;Dupla;Reta;Sim;3;0;0;0;3;0;0;2;-27,5441923;-48,62014381;SPRF-SC;DEL01-SC;UOP01-DEL01-SC
693524;24/05/2025;sábado;23:15:00;SC;101;134,7;BALNEARIO CAMBORIU;Ingestão de álcool pelo condutor;Colisão transversal;Com Vítimas Feridas;Plena Noite;Decrescente;Chuva;Múltipla;Interseção de Vias;Sim;2;0;1;0;1;0;1;2;-27,00343878;-48,63036172;SPRF-SC;DEL04-SC;UOP03-DEL04-SC
693525;24/05/2025;sábado;23:00:00;RN;304;154,2;ANGICOS;Ausência de reação do condutor;Saída de leito carroçável;Com Vítimas Fatais;Plena Noite;Crescente;Céu Claro;Simples;Reta;Não;3;1;1;0;0;1;1;1;-5,69572;-36,55979;SPRF-RN;DEL04-RN;UOP01-DEL04-RN
693526;24/05/2025;sábado;23:30:00;SC;282;504;XANXERE;Ingestão de álcool pelo condutor;Colisão com objeto;Com Vítimas Feridas;Plena Noite;Decrescente;Céu Claro;Simples;Interseção de Vias;Sim;2;0;1;0;1;0;1;1;-26,88537246;-52,41423471;SPRF-SC;DEL07-SC;UOP01-DEL07-SC
693528;24/05/2025;sábado;11:55:00;GO;60;121;TEREZOPOLIS DE GOIAS;Demais falhas mecânicas ou elétricas;Incêndio;Sem Vítimas;Plena Noite;Crescente;Céu Claro;Simples;Reta;Não;1;0;0;0;0;1;0;1;-16,514781;-49,120462;SPRF-GO;DEL01-GO;UOP01-DEL01-GO
693529;24/05/2025;sábado;23:20:00;RO;364;520;ARIQUEMES;Ingestão de álcool pelo condutor;Queda de ocupante de veículo;Com Vítimas Feridas;Plena Noite;Crescente;Céu Claro;Simples;Reta;Não;2;0;1;0;0;1;1;2;-9,87477096;-63,05753231;SPRF-RO;DEL03-RO;UOP01-DEL03-RO
693530;25/05/2025;domingo;00:50:00;RS;290;78;GRAVATAI;Ingestão de álcool pelo condutor;Saída de leito carroçável;Com Vítimas Feridas;Plena Noite;Crescente;Chuva;Dupla;Reta;Sim;1;0;1;0;0;0;1;1;-29,95288948;-51,05001211;SPRF-RS;DEL01-RS;UOP01-DEL01-RS
693531;24/05/2025;sábado;23:10:00;BA;135;185;BARREIRAS;Transitar na contramão;Colisão frontal;Com Vítimas Feridas;Plena Noite;Crescente;Nublado;Simples;Curva;Não;3;0;0;2;0;1;2;2;-12,195695;-45,014295;SPRF-BA;DEL10-BA;UOP01-DEL10-BA
693532;25/05/2025;domingo;00:25:00;DF;20;11;BRASILIA;Ausência de reação do condutor;Saída de leito carroçável;Com Vítimas Feridas;Plena Noite;Crescente;Céu Claro;Dupla;Reta;Sim;1;0;1;0;0;0;1;1;-15,649;-47,77;SPRF-DF;DEL02-DF;UOP01-DEL02-DF
693534;25/05/2025;domingo;01:10:00;SP;116;141;SAO JOSE DOS CAMPOS;Ausência de reação do condutor;Colisão com objeto;Com Vítimas Feridas;Plena Noite;Crescente;Céu Claro;Dupla;Reta;Não;1;0;0;1;0;0;1;1;-23,16817576;-45,81678003;SPRF-SP;DEL02-SP;UOP01-DEL02-SP
693535;24/05/2025;sábado;18:40:00;BA;324;590;CANDEIAS;Pedestre cruzava a pista fora da faixa;Atropelamento de Pedestre;Com Vítimas Feridas;Plena Noite;Decrescente;Céu Claro;Dupla;Reta;Não;2;0;0;1;0;1;1;2;-12,67291202;-38,46908411;SPRF-BA;DEL01-BA;UOP01-DEL01-BA
693536;25/05/2025;domingo;02:33:00;RN;405;0,8;MOSSORO;Condutor deixou de manter distância do veículo da frente;Colisão traseira;Com Vítimas Feridas;Plena Noite;Crescente;Céu Claro;Dupla;Reta;Sim;3;0;1;1;0;1;2;2;-5,191448;-37,360298;SPRF-RN;DEL04-RN;UOP02-DEL04-RN
693537;25/05/2025;domingo;01:50:00;PE;428;191,4;PETROLINA;Ingestão de álcool pelo condutor;Colisão transversal;Com Vítimas Feridas;Plena Noite;Decrescente;Céu Claro;Dupla;"Reta;Interseção de Vias";Sim;3;0;2;0;1;0;2;2;-9,383762;-40,518283;SPRF-PE;DEL06-PE;UOP01-DEL06-PE
693538;24/05/2025;sábado;21:00:00;AC;317;75;SENADOR GUIOMARD;Acessar a via sem observar a presença dos outros veículos;Atropelamento de Pedestre;Com Vítimas Fatais;Plena Noite;Decrescente;Céu Claro;Simples;Reta;Não;2;1;0;0;0;1;0;2;-10,09546013;-67,60771108;SPRF-AC;DEL01-AC;UOP01-DEL01-AC
693539;25/05/2025;domingo;03:15:00;SC;101;229;PALHOCA;Ingestão de álcool pelo condutor;Colisão com objeto;Com Vítimas Feridas;Plena Noite;Decrescente;Céu Claro;Dupla;Curva;Não;1;0;1;0;0;0;1;1;-27,76631643;-48,63003731;SPRF-SC;DEL01-SC;UOP02-DEL01-SC
693540;25/05/2025;domingo;03:25:00;SC;101;229;PALHOCA;Ingestão de álcool pelo condutor;Capotamento;Com Vítimas Feridas;Plena Noite;Crescente;Garoa/Chuvisco;Múltipla;Curva;Não;1;0;1;0;0;0;1;1;-27,76108;-48,6307;SPRF-SC;DEL01-SC;UOP02-DEL01-SC
693541;25/05/2025;domingo;03:00:00;SC;282;2,2;FLORIANOPOLIS;Reação tardia ou ineficiente do condutor;Colisão com objeto;Com Vítimas Fatais;Plena Noite;Crescente;Garoa/Chuvisco;Múltipla;Reta;Sim;1;1;0;0;0;0;0;1;-27,602803;-48,592721;SPRF-SC;DEL01-SC;UOP01-DEL01-SC
693542;25/05/2025;domingo;02:30:00;SC;101;2;ARARANGUA;Ausência de reação do condutor;Colisão com objeto;Sem Vítimas;Plena Noite;Crescente;Chuva;Simples;"Reta;Ponte";Sim;1;0;0;0;0;1;0;1;-28,93708409;-49,49591724;SPRF-SC;DEL02-SC;UOP02-DEL02-SC
693544;24/05/2025;sábado;22:20:00;MT;70;540;NOSSA SENHORA DO LIVRAMENTO;Conversão proibida;Colisão frontal;Com Vítimas Fatais;Plena Noite;Decrescente;Céu Claro;Simples;Reta;Não;6;2;1;0;0;3;1;3;-15,67927;-56,29342;SPRF-MT;DEL03-MT;UOP02-DEL03-MT
693545;25/05/2025;domingo;04:25:00;ES;101;121,5;LINHARES;Ingestão de álcool pelo condutor;Tombamento;Com Vítimas Feridas;Plena Noite;Crescente;Céu Claro;Simples;Reta;Não;2;0;2;0;0;0;2;1;-19,16217675;-40,08427984;SPRF-ES;DEL04-ES;UOP01-DEL04-ES
693547;24/05/2025;sábado;18:00:00;PE;116;49,3;SALGUEIRO;Ausência de reação do condutor;Atropelamento de Pedestre;Com Vítimas Fatais;Anoitecer;Crescente;Nublado;Simples;Reta;Não;2;1;0;0;0;1;0;2;-8,269507;-39,117175;SPRF-PE;DEL05-PE;UOP01-DEL05-PE
693549;24/05/2025;sábado;23:40:00;MG;116;417;GOVERNADOR VALADARES;Ultrapassagem Indevida;Colisão frontal;Com Vítimas Feridas;Plena Noite;Decrescente;Céu Claro;Simples;Reta;Sim;2;0;0;1;1;0;1;2;-18,90404866;-41,94332906;SPRF-MG;DEL06-MG;UOP01-DEL06-MG
693550;25/05/2025;domingo;04:40:00;MG;116;420;ALPERCATA;Ausência de reação do condutor;Colisão frontal;Com Vítimas Feridas;Plena Noite;Decrescente;Céu Claro;Simples;Curva;Não;3;0;2;0;1;0;2;3;-18,9372635;-41,94795674;SPRF-MG;DEL06-MG;UOP01-DEL06-MG
693551;25/05/2025;domingo;04:43:00;PE;232;6,1;RECIFE;Pedestre cruzava a pista fora da faixa;Atropelamento de Pedestre;Com Vítimas Fatais;Amanhecer;Decrescente;Chuva;Múltipla;Reta;Não;4;1;0;0;1;2;0;2;-8,071205;-34,95421;SPRF-PE;DEL01-PE;UOP01-DEL01-PE
693552;24/05/2025;sábado;23:30:00;MT;364;474;JANGADA;Condutor Dormindo;Saída de leito carroçável;Com Vítimas Feridas;Plena Noite;Crescente;Garoa/Chuvisco;Simples;Reta;Não;1;0;1;0;0;0;1;1;-15,44474545;-56,33789062;SPRF-MT;DEL01-MT;UOP02-DEL01-MT
693553;25/05/2025;domingo;04:50:00;PR;476;357,5;UNIAO DA VITORIA;Ingestão de álcool pelo condutor;Colisão frontal;Com Vítimas Fatais;Plena Noite;Crescente;Chuva;Simples;Reta;Sim;3;1;1;1;0;0;2;2;-26,19734115;-51,04625702;SPRF-PR;DEL02-PR;UOP03-DEL02-PR
693554;25/05/2025;domingo;04:10:00;RO;319;58;PORTO VELHO;Velocidade Incompatível;Capotamento;Sem Vítimas;Plena Noite;Decrescente;Céu Claro;Dupla;"Reta;Declive";Sim;2;0;0;0;0;2;0;2;-8,8002905;-63,7617689;SPRF-RO;DEL01-RO;UOP01-DEL01-RO
693555;25/05/2025;domingo;06:00:00;RS;116;254;SAPUCAIA DO SUL;Ausência de reação do condutor;Tombamento;Com Vítimas Feridas;Amanhecer;Crescente;Garoa/Chuvisco;Dupla;Reta;Não;1;0;1;0;0;0;1;1;-29,8250441;-51,172273;SPRF-RS;DEL01-RS;UOP02-DEL01-RS
693556;25/05/2025;domingo;04:20:00;MG;381;506;BETIM;Reação tardia ou ineficiente do condutor;Saída de leito carroçável;Sem Vítimas;Plena Noite;Crescente;Céu Claro;Dupla;Curva;Não;1;0;0;0;0;1;0;1;-20,0384854;-44,25490057;SPRF-MG;DEL01-MG;UOP03-DEL01-MG
693557;25/05/2025;domingo;04:50:00;RS;116;397;CAMAQUA;Ingestão de álcool pelo condutor;Colisão com objeto;Com Vítimas Feridas;Plena Noite;Decrescente;Chuva;Simples;Reta;Sim;2;0;0;2;0;0;2;1;-30,85748642;-51,78481847;SPRF-RS;DEL02-RS;UOP02-DEL02-RS
693558;25/05/2025;domingo;05:10:00;MG;365;612,6;UBERLANDIA;Entrada inopinada do pedestre;Atropelamento de Pedestre;Com Vítimas Fatais;Plena Noite;Crescente;Céu Claro;Simples;Reta;Sim;3;1;0;0;2;0;0;2;-18,92061469;-48,2056996;SPRF-MG;DEL15-MG;UOP01-DEL15-MG
693560;07/03/2025;sexta-feira;07:08:00;GO;60;37,4;GOIANIA;Manobra de mudança de faixa;Colisão lateral mesmo sentido;Com Vítimas Feridas;Pleno dia;Crescente;Sol;Dupla;Reta;Sim;2;0;1;0;0;1;1;2;-16,74055874;-49,34564944;SPRF-GO;DEL01-GO;UOP02-DEL01-GO
693561;25/05/2025;domingo;03:00:00;PE;316;60;TRINDADE;Reação tardia ou ineficiente do condutor;Colisão traseira;Com Vítimas Feridas;Plena Noite;Crescente;Chuva;Simples;"Reta;Aclive";Não;2;0;0;1;1;0;1;2;-7,776692;-40,249123;SPRF-PE;DEL05-PE;UOP02-DEL05-PE
693562;25/05/2025;domingo;06:51:00;PR;376;138,8;NOVA ESPERANCA;Ingestão de álcool pelo condutor;Saída de leito carroçável;Com Vítimas Fatais;Pleno dia;Decrescente;Céu Claro;Dupla;Curva;Não;5;1;0;2;2;0;2;1;-23,220256;-52,180649;SPRF-PR;DEL09-PR;UOP02-DEL09-PR
693563;25/05/2025;domingo;07:00:00;MG;50;118;UBERABA;Reação tardia ou ineficiente do condutor;Saída de leito carroçável;Com Vítimas Feridas;Pleno dia;Decrescente;Céu Claro;Dupla;Reta;Não;1;0;1;0;0;0;1;1;-19,2936243;-48,1147362;SPRF-MG;DEL13-MG;UOP01-DEL13-MG
693564;24/05/2025;sábado;18:30:00;AP;156;157;MAZAGAO;Ausência de reação do condutor;Saída de leito carroçável;Com Vítimas Feridas;Plena Noite;Decrescente;Céu Claro;Simples;Reta;Não;2;0;0;2;0;0;2;1;-0,252367;-51,761267;SPRF-AP;DEL01-AP;UOP01-DEL01-AP
693565;25/05/2025;domingo;05:50:00;MT;163;1036;MATUPA;Transitar na contramão;Colisão frontal;Com Vítimas Feridas;Amanhecer;Crescente;Céu Claro;Simples;Reta;Não;2;0;1;1;0;0;2;2;-10,199963;-54,956222;SPRF-MT;DEL06-MT;UOP03-DEL06-MT
693566;25/05/2025;domingo;05:00:00;MS;163;9,5;MUNDO NOVO;Ausência de reação do condutor;Saída de leito carroçável;Sem Vítimas;Amanhecer;Crescente;Céu Claro;Simples;"Reta;Declive";Não;1;0;0;0;0;1;0;1;-23,983437;-54,331108;SPRF-MS;DEL09-MS;UOP02-DEL09-MS
693567;25/05/2025;domingo;06:30:00;PB;230;340;PATOS;Acumulo de água sobre o pavimento;Colisão frontal;Com Vítimas Feridas;Pleno dia;Decrescente;Chuva;Simples;Reta;Não;4;0;2;2;0;0;4;2;-6,986057;-37,32828;SPRF-PB;DEL03-PB;UOP01-DEL03-PB
693569;24/05/2025;sábado;23:40:00;MG;116;425,9;ALPERCATA;Ausência de reação do condutor;Colisão traseira;Com Vítimas Feridas;Plena Noite;Crescente;Céu Claro;Simples;"Aclive;Curva";Não;3;0;2;0;0;1;2;2;-18,9707894;-41,9772148;SPRF-MG;DEL06-MG;UOP01-DEL06-MG
693570;25/05/2025;domingo;07:20:00;SC;101;328;CAPIVARI DE BAIXO;Acumulo de água sobre o pavimento;Colisão com objeto;Com Vítimas Feridas;Amanhecer;Crescente;Chuva;Dupla;"Em Obras;Reta";Não;2;0;0;2;0;0;2;1;-28,44771788;-48,96915285;SPRF-SC;DEL02-SC;UOP01-DEL02-SC
693571;25/05/2025;domingo;07:30:00;GO;40;16;LUZIANIA;Velocidade Incompatível;Colisão traseira;Sem Vítimas;Pleno dia;Decrescente;Céu Claro;Dupla;Reta;Sim;2;0;0;0;2;0;0;2;-16,168614;-47,930144;SPRF-DF;DEL01-DF;UOP01-DEL01-DF
693572;25/05/2025;domingo;03:11:00;MT;163;561;NOVA MUTUM;Deficiência do Sistema de Iluminação/Sinalização;Capotamento;Com Vítimas Feridas;Plena Noite;Decrescente;Céu Claro;Dupla;"Desvio Temporário;Em Obras;Reta";Não;1;0;1;0;0;0;1;1;-14,14620753;-56,09986201;SPRF-MT;DEL01-MT;UOP01-DEL01-MT
693573;25/05/2025;domingo;07:00:00;MG;40;546;NOVA LIMA;Ausência de reação do condutor;Saída de leito carroçável;Sem Vítimas;Pleno dia;Crescente;Céu Claro;Dupla;Reta;Não;1;0;0;0;0;1;0;1;-20,0224957;-43,9704622;SPRF-MG;DEL01-MG;UOP02-DEL01-MG
693576;25/05/2025;domingo;05:50:00;PI;343;283;CAMPO MAIOR;Ausência de reação do condutor;Colisão com objeto;Com Vítimas Feridas;Amanhecer;Decrescente;Céu Claro;Simples;Reta;Não;2;0;1;1;0;0;2;1;-4,92297772;-42,27268338;SPRF-PI;DEL01-PI;UOP03-DEL01-PI
693578;01/05/2025;quinta-feira;10:30:00;PR;476;65;TUNAS DO PARANA;Reação tardia ou ineficiente do condutor;Tombamento;Com Vítimas Feridas;Pleno dia;Decrescente;Céu Claro;Simples;"Curva;Declive";Não;1;0;1;0;0;0;1;1;-25,01826211;-49,07466173;SPRF-PR;DEL01-PR;UOP01-DEL01-PR