id;data_inversa;dia_semana;horario;uf;br;km;municipio;causa_acidente;tipo_acidente;classificacao_acidente;fase_dia;sentido_via;condicao_metereologica;tipo_pista;tracado_via;uso_solo;pessoas;mortos;feridos_leves;feridos_graves;ilesos;ignorados;feridos;veiculos;latitude;longitude;regional;delegacia;uop
693579;25/05/2025;domingo;08:05:00;RN;304;296;MACAIBA;Acesso irregular;Colisão transversal;Com Vítimas Feridas;Pleno dia;Decrescente;Chuva;Dupla;"Reta;Em Obras";Não;2;0;1;0;1;0;1;2;-5,86530752;-35,35292161;SPRF-RN;DEL01-RN;UOP02-DEL01-RN
693581;25/05/2025;domingo;07:30:00;SE;235;54;ITABAIANA;Condutor deixou de manter distância do veículo da frente;Colisão traseira;Com Vítimas Feridas;Pleno dia;Decrescente;Chuva;Simples;Interseção de Vias;Sim;5;0;1;1;0;3;2;3;-10,67532342;-37,44337885;SPRF-SE;DEL01-SE;UOP02-DEL01-SE
693582;25/05/2025;domingo;08:20:00;RS;392;17,8;RIO GRANDE;Acessar a via sem observar a presença dos outros veículos;Colisão traseira;Com Vítimas Feridas;Pleno dia;Decrescente;Céu Claro;Dupla;Reta;Sim;2;0;1;0;1;0;1;2;-32,09084831;-52,17460692;SPRF-RS;DEL07-RS;UOP02-DEL07-RS
693583;25/05/2025;domingo;08:05:00;MG;153;239,5;FRONTEIRA;Acessar a via sem observar a presença dos outros veículos;Colisão traseira;Com Vítimas Feridas;Pleno dia;Crescente;Sol;Simples;Reta;Não;6;0;3;3;0;0;6;2;-20,25557427;-49,17364597;SPRF-MG;DEL13-MG;UOP02-DEL13-MG
693584;25/05/2025;domingo;08:00:00;MA;316;231;BOM JARDIM;Ingestão de álcool pelo condutor;Colisão lateral sentido oposto;Sem Vítimas;Pleno dia;Crescente;Céu Claro;Simples;Reta;Sim;2;0;0;0;2;0;0;2;-3,546355;-45,604357;SPRF-MA;DEL02-MA;UOP01-DEL02-MA
693585;25/05/2025;domingo;09:00:00;PR;116;126;FAZENDA RIO GRANDE;Ausência de reação do condutor;Colisão traseira;Sem Vítimas;Pleno dia;Decrescente;Céu Claro;Múltipla;Reta;Sim;2;0;0;0;2;0;0;2;-25,64105153;-49,31281742;SPRF-PR;DEL01-PR;UOP03-DEL01-PR
693586;25/05/2025;domingo;08:10:00;SP;116;88;PINDAMONHANGABA;Condutor deixou de manter distância do veículo da frente;Engavetamento;Com Vítimas Feridas;Pleno dia;Decrescente;Céu Claro;Dupla;Reta;Não;5;0;0;3;2;0;3;4;-22,93536344;-45,37094951;SPRF-SP;DEL08-SP;UOP01-DEL08-SP
693588;25/05/2025;domingo;08:05:00;RO;319;61;PORTO VELHO;Desrespeitar a preferência no cruzamento;Colisão transversal;Com Vítimas Feridas;Pleno dia;Decrescente;Céu Claro;Dupla;"Reta;Interseção de Vias";Sim;3;0;3;0;0;0;3;2;-8,74474694;-63,88886539;SPRF-RO;DEL01-RO;UOP01-DEL01-RO
693589;16/04/2025;quarta-feira;12:15:00;AL;101;135;SAO MIGUEL DOS CAMPOS;Acessar a via sem observar a presença dos outros veículos;Colisão transversal;Com Vítimas Feridas;Pleno dia;Decrescente;Céu Claro;Simples;Reta;Não;3;0;0;1;2;0;1;2;-9,79161775;-36,10656738;SPRF-AL;DEL02-AL;UOP01-DEL02-AL
693590;25/05/2025;domingo;09:07:00;RN;226;6;MACAIBA;Acessar a via sem observar a presença dos outros veículos;Colisão transversal;Com Vítimas Feridas;Pleno dia;Decrescente;Céu Claro;Simples;Reta;Sim;2;0;2;0;0;0;2;2;-5,83561091;-35,2882514;SPRF-RN;DEL01-RN;UOP02-DEL01-RN
693591;25/05/2025;domingo;09:15:00;PR;373;187;PONTA GROSSA;Ausência de reação do condutor;Colisão traseira;Com Vítimas Feridas;Pleno dia;Decrescente;Céu Claro;Simples;Curva;Não;3;0;1;0;2;0;1;2;-25,055;-50,30761;SPRF-PR;DEL03-PR;UOP01-DEL03-PR
693592;25/05/2025;domingo;08:05:00;MG;50;77,9;UBERLANDIA;Condutor deixou de manter distância do veículo da frente;Colisão traseira;Com Vítimas Feridas;Pleno dia;Crescente;Céu Claro;Dupla;Reta;Não;2;0;1;0;0;1;1;2;-18,942948;-48,218908;SPRF-MG;DEL15-MG;UOP01-DEL15-MG
693593;25/05/2025;domingo;09:30:00;PR;116;126;FAZENDA RIO GRANDE;Reação tardia ou ineficiente do condutor;Saída de leito carroçável;Sem Vítimas;Pleno dia;Decrescente;Sol;Dupla;Reta;Sim;1;0;0;0;1;0;0;1;-25,637422;-49,312985;SPRF-PR;DEL01-PR;UOP03-DEL01-PR
693594;25/05/2025;domingo;08:50:00;MG;267;54,4;GUARARA;Reação tardia ou ineficiente do condutor;Colisão traseira;Com Vítimas Feridas;Pleno dia;Crescente;Céu Claro;Simples;Reta;Não;4;0;2;0;2;0;2;2;-21,718466;-43,029301;SPRF-MG;DEL07-MG;UOP01-DEL07-MG
693595;25/05/2025;domingo;10:00:00;RN;101;103;PARNAMIRIM;Mal súbito do condutor;Tombamento;Sem Vítimas;Pleno dia;Decrescente;Céu Claro;Múltipla;Reta;Sim;1;0;0;0;1;0;0;1;-5,89096811;-35,25100708;SPRF-RN;DEL01-RN;UOP01-DEL01-RN
693596;25/05/2025;domingo;09:30:00;SC;282;66;RANCHO QUEIMADO;Ausência de reação do condutor;Saída de leito carroçável;Com Vítimas Feridas;Pleno dia;Crescente;Chuva;Simples;Curva;Não;2;0;1;0;1;0;1;1;-27,699993;-49,06284;SPRF-SC;DEL01-SC;UOP03-DEL01-SC
693597;25/05/2025;domingo;09:40:00;RJ;116;229,6;PARACAMBI;Frear bruscamente;Queda de ocupante de veículo;Com Vítimas Feridas;Pleno dia;Crescente;Sol;Dupla;"Em Obras;Aclive;Curva";Não;2;0;1;0;1;0;1;1;-22,652026;-43,820021;SPRF-RJ;DEL07-RJ;UOP01-DEL07-RJ
693599;25/05/2025;domingo;08:50:00;MS;163;309;RIO BRILHANTE;Reação tardia ou ineficiente do condutor;Saída de leito carroçável;Sem Vítimas;Pleno dia;Decrescente;Céu Claro;Simples;Curva;Não;1;0;0;0;0;1;0;1;-21,80378366;-54,52511497;SPRF-MS;DEL02-MS;UOP02-DEL02-MS
693601;25/05/2025;domingo;10:15:00;SP;381;75,5;SAO PAULO;Velocidade Incompatível;Queda de ocupante de veículo;Com Vítimas Feridas;Pleno dia;Decrescente;Sol;Dupla;Curva;Não;1;0;1;0;0;0;1;1;-23,39192991;-46,57091886;SPRF-SP;DEL03-SP;UOP01-DEL03-SP
693602;25/05/2025;domingo;07:00:00;PE;104;88;AGRESTINA;Acessar a via sem observar a presença dos outros veículos;Colisão transversal;Com Vítimas Feridas;Pleno dia;Decrescente;Céu Claro;Simples;Reta;Sim;2;0;1;0;1;0;1;2;-8,460093;-35,940945;SPRF-PE;DEL02-PE;NPF/DEL02-PE
693604;25/05/2025;domingo;07:15:00;RJ;101;382;RIO DE JANEIRO;Manobra de mudança de faixa;Colisão traseira;Com Vítimas Feridas;Pleno dia;Decrescente;Céu Claro;Múltipla;Reta;Sim;2;0;1;0;1;0;1;2;-22,877449;-43,61533;SPRF-RJ;DEL03-RJ;UOP01-DEL03-RJ
693606;25/05/2025;domingo;07:05:00;BA;101;733;EUNAPOLIS;Reação tardia ou ineficiente do condutor;Colisão lateral sentido oposto;Com Vítimas Feridas;Pleno dia;Crescente;Céu Claro;Simples;Curva;Não;3;0;0;1;1;1;1;3;-16,4890507;-39,578705;SPRF-BA;DEL09-BA;UOP01-DEL09-BA
693607;25/05/2025;domingo;08:00:00;SC;101;240,6;PALHOCA;Velocidade Incompatível;Saída de leito carroçável;Sem Vítimas;Pleno dia;Crescente;Chuva;Dupla;Reta;Não;1;0;0;0;1;0;0;1;-27,84396778;-48,63526091;SPRF-SC;DEL01-SC;UOP02-DEL01-SC
693608;27/04/2025;domingo;22:00:00;PR;116;170;QUITANDINHA;Acessar a via sem observar a presença dos outros veículos;Colisão transversal;Sem Vítimas;Pleno dia;Crescente;Nublado;Simples;Reta;Não;2;0;0;0;1;1;0;2;-25,89371329;-49,52243742;SPRF-PR;DEL01-PR;UOP03-DEL01-PR
693609;25/05/2025;domingo;06:00:00;MG;116;301;ITAMBACURI;Reação tardia ou ineficiente do condutor;Capotamento;Com Vítimas Fatais;Amanhecer;Decrescente;Nublado;Simples;Reta;Não;1;1;0;0;0;0;0;1;-18,01603;-41,624392;SPRF-MG;DEL11-MG;UOP01-DEL11-MG
693610;25/05/2025;domingo;10:40:00;GO;60;96,5;ANAPOLIS;Afundamento ou ondulação no pavimento;Tombamento;Com Vítimas Feridas;Pleno dia;Decrescente;Céu Claro;Dupla;Reta;Sim;1;0;1;0;0;0;1;1;-16,373648;-48,94461;SPRF-GO;DEL02-GO;UOP01-DEL02-GO
693611;25/05/2025;domingo;09:20:00;BA;101;119;ALAGOINHAS;Ultrapassagem Indevida;Saída de leito carroçável;Com Vítimas Feridas;Pleno dia;Decrescente;Céu Claro;Simples;"Reta;Aclive";Não;2;0;1;0;0;1;1;2;-12,161646;-38,48948;SPRF-BA;DEL01-BA;UOP04-DEL01-BA
693612;25/05/2025;domingo;10:00:00;PR;153;330;IRATI;Ingestão de álcool pelo condutor;Colisão lateral mesmo sentido;Sem Vítimas;Pleno dia;Crescente;Céu Claro;Simples;Reta;Sim;1;0;0;0;1;0;0;1;-25,47861219;-50,6401062;SPRF-PR;DEL08-PR;UOP02-DEL08-PR
693613;25/05/2025;domingo;10:00:00;PB;230;79,4;SOBRADO;Ausência de reação do condutor;Colisão lateral mesmo sentido;Com Vítimas Feridas;Pleno dia;Decrescente;Céu Claro;Dupla;Reta;Não;2;0;2;0;0;0;2;2;-7,180072;-35,316636;SPRF-PB;DEL01-PB;UOP02-DEL01-PB
693614;25/05/2025;domingo;11:00:00;RS;285;418,7;PANAMBI;Condutor deixou de manter distância do veículo da frente;Colisão traseira;Com Vítimas Feridas;Pleno dia;Crescente;Nublado;Simples;Reta;Não;2;0;2;0;0;0;2;2;-28,3426211;-53,54332924;SPRF-RS;DEL10-RS;UOP01-DEL10-RS
693615;25/05/2025;domingo;11:15:00;SC;282;6;SAO JOSE;Pista Escorregadia;Queda de ocupante de veículo;Com Vítimas Feridas;Pleno dia;Crescente;Chuva;Simples;Retorno Regulamentado;Sim;2;0;2;0;0;0;2;1;-27,584686;-48,616835;SPRF-SC;DEL01-SC;UOP01-DEL01-SC
693616;25/05/2025;domingo;11:00:00;PR;376;522;PONTA GROSSA;Reação tardia ou ineficiente do condutor;Saída de leito carroçável;Com Vítimas Feridas;Pleno dia;Crescente;Céu Claro;Dupla;Reta;Não;3;0;1;1;1;0;2;1;-25,267035;-49,9644;SPRF-PR;DEL03-PR;UOP04-DEL03-PR
693617;25/05/2025;domingo;11:40:00;PR;369;158,6;CAMBE;Ausência de reação do condutor;Queda de ocupante de veículo;Com Vítimas Feridas;Pleno dia;Crescente;Céu Claro;Dupla;Reta;Sim;1;0;0;1;0;0;1;1;-23,28361136;-51,24916077;SPRF-PR;DEL07-PR;UOP01-DEL07-PR
693622;25/05/2025;domingo;12:00:00;SP;116;332;MIRACATU;Reação tardia ou ineficiente do condutor;Queda de ocupante de veículo;Com Vítimas Feridas;Pleno dia;Decrescente;Sol;Dupla;Reta;Não;2;0;2;0;0;0;2;1;-24,2675599;-47,3932437;SPRF-SP;DEL04-SP;UOP03-DEL04-SP
693626;25/05/2025;domingo;12:00:00;MG;262;36;MANHUACU;Condutor deixou de manter distância do veículo da frente;Colisão traseira;Com Vítimas Feridas;Pleno dia;Decrescente;Céu Claro;Simples;Reta;Sim;3;0;1;0;2;0;1;2;-20,26490506;-42,0358125;SPRF-MG;DEL06-MG;UOP03-DEL06-MG
693629;25/05/2025;domingo;12:52:00;SC;101;207,8;SAO JOSE;Manobra de mudança de faixa;Colisão lateral mesmo sentido;Com Vítimas Feridas;Pleno dia;Crescente;Nublado;Múltipla;Declive;Sim;3;0;2;0;1;0;2;2;-27,60710882;-48,63490552;SPRF-SC;DEL01-SC;UOP01-DEL01-SC
693630;25/05/2025;domingo;13:40:00;MG;381;619,8;OLIVEIRA;Ausência de reação do condutor;Saída de leito carroçável;Com Vítimas Feridas;Pleno dia;Decrescente;Céu Claro;Dupla;"Declive;Reta";Não;1;0;0;1;0;0;1;1;-20,695389;-44,8280589;SPRF-MG;DEL04-MG;UOP01-DEL04-MG
693631;25/05/2025;domingo;14:00:00;ES;101;195,3;ARACRUZ;Conversão proibida;Colisão transversal;Com Vítimas Feridas;Pleno dia;Crescente;Céu Claro;Simples;"Reta;Declive";Não;4;0;1;1;2;0;2;2;-19,70218142;-40,32486602;SPRF-ES;DEL04-ES;UOP01-DEL04-ES
693632;25/05/2025;domingo;11:55:00;RO;364;209,7;PIMENTA BUENO;Acumulo de água sobre o pavimento;Saída de leito carroçável;Sem Vítimas;Pleno dia;Crescente;Chuva;Simples;Reta;Não;4;0;0;0;4;0;0;1;-11,590718;-61,251572;SPRF-RO;DEL02-RO;UOP02-DEL02-RO
693633;25/05/2025;domingo;10:30:00;SC;101;57;ARAQUARI;Demais falhas mecânicas ou elétricas;Queda de ocupante de veículo;Com Vítimas Feridas;Pleno dia;Decrescente;Céu Claro;Dupla;Reta;Sim;1;0;1;0;0;0;1;1;-26,43683862;-48,80933762;SPRF-SC;DEL03-SC;UOP01-DEL03-SC
693634;25/05/2025;domingo;12:46:00;BA;349;936;CORRENTINA;Reação tardia ou ineficiente do condutor;Saída de leito carroçável;Com Vítimas Feridas;Pleno dia;Decrescente;Sol;Simples;"Reta;Declive";Não;1;0;1;0;0;0;1;1;-13,3866;-44,6824;SPRF-BA;DEL10-BA;UOP02-DEL10-BA
693635;25/05/2025;domingo;08:30:00;RO;364;110;VILHENA;Velocidade Incompatível;Queda de ocupante de veículo;Com Vítimas Feridas;Pleno dia;Decrescente;Sol;Simples;Reta;Não;1;0;0;1;0;0;1;1;-12,38472334;-60,61794341;SPRF-RO;DEL04-RO;UOP01-DEL04-RO
693636;25/05/2025;domingo;05:00:00;GO;60;69;ABADIANIA;Acessar a via sem observar a presença dos outros veículos;Colisão transversal;Com Vítimas Fatais;Plena Noite;Crescente;Ignorado;Dupla;"Reta;Aclive;Interseção de Vias;Retorno Regulamentado";Não;2;1;0;0;0;1;0;2;-16,242582;-48,760983;SPRF-GO;DEL02-GO;UOP01-DEL02-GO
693638;25/05/2025;domingo;14:00:00;MG;116;582,1;MANHUACU;Ausência de reação do condutor;Tombamento;Com Vítimas Feridas;Pleno dia;Decrescente;Céu Claro;Simples;Reta;Não;1;0;1;0;0;0;1;1;-20,21212284;-42,18182087;SPRF-MG;DEL06-MG;UOP03-DEL06-MG
693639;25/05/2025;domingo;13:50:00;PE;101;44;IGARASSU;Animais na Pista;Atropelamento de Animal;Com Vítimas Feridas;Pleno dia;Crescente;Céu Claro;Dupla;Reta;Sim;2;0;2;0;0;0;2;1;-7,854415;-34,908822;SPRF-PE;DEL01-PE;UOP02-DEL01-PE
693640;25/05/2025;domingo;14:30:00;MG;381;513;IGARAPE;Ausência de reação do condutor;Tombamento;Com Vítimas Feridas;Pleno dia;Crescente;Céu Claro;Dupla;"Reta;Aclive";Não;1;0;0;1;0;0;1;1;-20,106578;-44,323334;SPRF-MG;DEL01-MG;UOP03-DEL01-MG
693642;25/05/2025;domingo;14:50:00;MG;40;527;CONTAGEM;Reação tardia ou ineficiente do condutor;Saída de leito carroçável;Com Vítimas Feridas;Pleno dia;Decrescente;Céu Claro;Simples;"Curva;Declive";Sim;1;0;1;0;0;0;1;1;-19,90180832;-44,04886119;SPRF-MG;DEL01-MG;UOP02-DEL01-MG
693643;25/05/2025;domingo;15:30:00;MG;40;525,4;CONTAGEM;Reação tardia ou ineficiente do condutor;Tombamento;Com Vítimas Feridas;Pleno dia;Decrescente;Céu Claro;Dupla;Reta;Sim;1;0;0;1;0;0;1;1;-19,88596657;-44,05034158;SPRF-MG;DEL01-MG;UOP02-DEL01-MG
693644;25/05/2025;domingo;14:55:00;RS;116;231;IVOTI;Acessar a via sem observar a presença dos outros veículos;Colisão transversal;Com Vítimas Feridas;Pleno dia;Decrescente;Nublado;Dupla;"Reta;Retorno Regulamentado";Não;6;0;3;0;2;1;3;3;-29,626097;-51,137259;SPRF-RS;DEL01-RS;UOP02-DEL01-RS
693645;25/05/2025;domingo;14:55:00;PR;158;515,9;PATO BRANCO;Reação tardia ou ineficiente do condutor;Queda de ocupante de veículo;Com Vítimas Feridas;Pleno dia;Crescente;Céu Claro;Múltipla;Reta;Não;1;0;1;0;0;0;1;1;-26,07783115;-52,63944626;SPRF-PR;DEL02-PR;UOP01-DEL02-PR
693646;25/05/2025;domingo;10:50:00;RJ;116;123;MAGE;Demais falhas mecânicas ou elétricas;Tombamento;Com Vítimas Feridas;Pleno dia;Crescente;Sol;Dupla;Reta;Não;2;0;1;0;1;0;1;1;-22,64122056;-43,06244597;SPRF-RJ;DEL04-RJ;UOP02-DEL04-RJ
693647;25/05/2025;domingo;15:50:00;MG;262;380;MATEUS LEME;Ausência de reação do condutor;Queda de ocupante de veículo;Com Vítimas Feridas;Pleno dia;Crescente;Céu Claro;Dupla;Curva;Não;2;0;1;0;1;0;1;1;-19,93570304;-44,4417804;SPRF-MG;DEL01-MG;UOP03-DEL01-MG
693648;25/05/2025;domingo;15:30:00;SC;101;364;SANGAO;Reação tardia ou ineficiente do condutor;Saída de leito carroçável;Com Vítimas Feridas;Pleno dia;Decrescente;Céu Claro;Dupla;Reta;Não;2;0;1;0;1;0;1;1;-28,68252395;-49,14628476;SPRF-SC;DEL02-SC;UOP01-DEL02-SC
693650;25/05/2025;domingo;10:00:00;MG;116;409,1;GOVERNADOR VALADARES;Condutor Dormindo;Saída de leito carroçável;Com Vítimas Feridas;Pleno dia;Crescente;Céu Claro;Simples;Retorno Regulamentado;Sim;3;0;3;0;0;0;3;1;-18,8678144;-41,959424;SPRF-MG;DEL06-MG;UOP01-DEL06-MG
693651;25/05/2025;domingo;14:10:00;GO;153;128;ESTRELA DO NORTE;Reação tardia ou ineficiente do condutor;Colisão traseira;Com Vítimas Feridas;Pleno dia;Crescente;Céu Claro;Simples;Reta;Não;6;0;4;0;2;0;4;2;-13,90158;-49,06111;SPRF-GO;DEL07-GO;UOP01-DEL07-GO
693652;25/05/2025;domingo;16:15:00;RS;392;24;RIO GRANDE;Reação tardia ou ineficiente do condutor;Saída de leito carroçável;Com Vítimas Feridas;Pleno dia;Decrescente;Céu Claro;Dupla;Reta;Não;2;0;2;0;0;0;2;1;-32,08594451;-52,23776937;SPRF-RS;DEL07-RS;UOP02-DEL07-RS
693655;09/05/2025;sexta-feira;11:25:00;ES;101;265,5;SERRA;Condutor desrespeitou a iluminação vermelha do semáforo;Colisão transversal;Com Vítimas Feridas;Pleno dia;Crescente;Céu Claro;Múltipla;Reta;Sim;2;0;2;0;0;0;2;2;-20,1906852;-40,26840712;SPRF-ES;DEL02-ES;UOP01-DEL02-ES
693656;25/05/2025;domingo;14:00:00;BA;116;186;CANUDOS;Animais na Pista;Saída de leito carroçável;Com Vítimas Feridas;Pleno dia;Decrescente;Céu Claro;Simples;Reta;Não;1;0;1;0;0;0;1;1;-9,86533465;-39,16260322;SPRF-BA;DEL07-BA;UOP03-DEL07-BA
693658;25/05/2025;domingo;17:10:00;SC;282;23,2;SANTO AMARO DA IMPERATRIZ;Condutor deixou de manter distância do veículo da frente;Colisão traseira;Com Vítimas Feridas;Pleno dia;Crescente;Nublado;Simples;Reta;Não;3;0;2;0;1;0;2;2;-27,68626424;-48,74153137;SPRF-SC;DEL01-SC;UOP02-DEL01-SC
693659;25/05/2025;domingo;13:40:00;RJ;101;532;ANGRA DOS REIS;Conversão proibida;Colisão transversal;Com Vítimas Feridas;Pleno dia;Crescente;Céu Claro;Simples;"Interseção de Vias;Ponte;Curva";Sim;2;0;0;1;1;0;1;2;-23,01749085;-44,52963559;SPRF-RJ;DEL03-RJ;UOP03-DEL03-RJ
693660;25/05/2025;domingo;15:30:00;MA;230;401,8;BALSAS;Ausência de reação do condutor;Saída de leito carroçável;Com Vítimas Feridas;Pleno dia;Decrescente;Céu Claro;Simples;Reta;Sim;2;0;0;2;0;0;2;1;-7,510048;-46,032373;SPRF-MA;DEL05-MA;UOP01-DEL05-MA
693661;25/05/2025;domingo;16:30:00;MS;267;300;RIO BRILHANTE;Desrespeitar a preferência no cruzamento;Colisão transversal;Com Vítimas Feridas;Pleno dia;Crescente;Céu Claro;Simples;Rotatória;Não;8;0;5;0;1;2;5;3;-21,7442563;-54,6088228;SPRF-MS;DEL02-MS;UOP02-DEL02-MS
693663;25/05/2025;domingo;17:15:00;PR;376;615;SAO JOSE DOS PINHAIS;Manobra de mudança de faixa;Queda de ocupante de veículo;Com Vítimas Feridas;Anoitecer;Decrescente;Nublado;Dupla;"Reta;Declive";Não;1;0;1;0;0;0;1;1;-25,574195;-49,179788;SPRF-PR;DEL01-PR;UOP04-DEL01-PR
693664;25/05/2025;domingo;18:00:00;SP;116;283;EMBU DAS ARTES;Acessar a via sem observar a presença dos outros veículos;Colisão lateral mesmo sentido;Sem Vítimas;Plena Noite;Decrescente;Céu Claro;Dupla;Reta;Sim;2;0;0;0;2;0;0;2;-23,66937153;-46,85573203;SPRF-SP;DEL04-SP;UOP01-DEL04-SP
693667;25/05/2025;domingo;18:20:00;SP;381;56;MAIRIPORA;Manobra de mudança de faixa;Colisão lateral mesmo sentido;Com Vítimas Feridas;Plena Noite;Crescente;Céu Claro;Dupla;"Reta;Aclive";Não;4;0;1;0;3;0;1;2;-23,2578944;-46,5910262;SPRF-SP;DEL03-SP;UOP01-DEL03-SP
693668;25/05/2025;domingo;18:05:00;PR;376;232;APUCARANA;Ausência de reação do condutor;Saída de leito carroçável;Com Vítimas Feridas;Plena Noite;Crescente;Céu Claro;Dupla;Retorno Regulamentado;Não;2;0;1;0;1;0;1;1;-23,56856;-51,511327;SPRF-PR;DEL07-PR;UOP03-DEL07-PR
693669;25/05/2025;domingo;17:15:00;GO;60;5,9;SANTO ANTONIO DO DESCOBERTO;Avarias e/ou desgaste excessivo no pneu;Queda de ocupante de veículo;Com Vítimas Feridas;Pleno dia;Decrescente;Céu Claro;Dupla;Retorno Regulamentado;Não;2;0;2;0;0;0;2;1;-16,09700025;-48,28411818;SPRF-DF;DEL03-DF;UOP01-DEL03-DF
693670;25/05/2025;domingo;18:50:00;MG;381;662,4;SANTO ANTONIO DO AMPARO;Pedestre andava na pista;Atropelamento de Pedestre;Com Vítimas Fatais;Plena Noite;Decrescente;Nublado;Dupla;"Reta;Declive";Não;5;1;0;0;2;2;0;3;-21,02378372;-44,99639511;SPRF-MG;DEL04-MG;UOP02-DEL04-MG
693671;25/05/2025;domingo;17:56:00;ES;101;271;SERRA;Condutor deixou de manter distância do veículo da frente;Colisão traseira;Com Vítimas Feridas;Anoitecer;Decrescente;Céu Claro;Dupla;Reta;Sim;3;0;1;0;1;1;1;2;-20,23044915;-40,28023481;SPRF-ES;DEL02-ES;UOP01-DEL02-ES
693672;25/05/2025;domingo;18:00:00;PR;369;151;LONDRINA;Ausência de reação do condutor;Colisão traseira;Sem Vítimas;Pleno dia;Crescente;Céu Claro;Dupla;Reta;Sim;3;0;0;0;2;1;0;3;-23,293;-51,171;SPRF-PR;DEL07-PR;UOP01-DEL07-PR
693674;25/05/2025;domingo;16:25:00;PI;343;331,1;TERESINA;Ausência de reação do condutor;Colisão traseira;Sem Vítimas;Pleno dia;Crescente;Céu Claro;Simples;Reta;Não;3;0;0;0;2;1;0;2;-5,058865;-42,663586;SPRF-PI;DEL01-PI;UOP01-DEL01-PI
693675;25/05/2025;domingo;18:30:00;SP;116;224;GUARULHOS;Trafegar com motocicleta (ou similar) entre as faixas;Colisão lateral mesmo sentido;Com Vítimas Feridas;Plena Noite;Crescente;Céu Claro;Múltipla;Reta;Sim;4;0;1;0;3;0;1;2;-23,48326;-46,537346;SPRF-SP;DEL01-SP;UOP01-DEL01-SP
693676;25/05/2025;domingo;17:00:00;PI;316;6;TERESINA;Ausência de reação do condutor;Saída de leito carroçável;Sem Vítimas;Anoitecer;Crescente;Céu Claro;Dupla;Curva;Não;2;0;0;0;2;0;0;1;-5,14659;-42,774828;SPRF-PI;DEL01-PI;UOP02-DEL01-PI
693677;25/05/2025;domingo;18:00:00;MS;163;394;NOVA ALVORADA DO SUL;Frear bruscamente;Colisão transversal;Com Vítimas Feridas;Plena Noite;Crescente;Céu Claro;Simples;Reta;Não;3;0;0;1;2;0;1;2;-21,4849631;-54,3036056;SPRF-MS;DEL02-MS;UOP01-DEL02-MS
693678;25/05/2025;domingo;18:45:00;RJ;116;169;RIO DE JANEIRO;Mal súbito do condutor;Queda de ocupante de veículo;Com Vítimas Feridas;Plena Noite;Decrescente;Céu Claro;Múltipla;"Reta;Aclive";Não;1;0;0;1;0;0;1;1;-22,81817211;-43,32156865;SPRF-RJ;DEL06-RJ;UOP01-DEL06-RJ
693679;25/05/2025;domingo;19:15:00;RN;226;12;MACAIBA;Ultrapassagem Indevida;Queda de ocupante de veículo;Com Vítimas Feridas;Plena Noite;Decrescente;Céu Claro;Simples;Reta;Sim;2;0;2;0;0;0;2;1;-5,85485229;-35,32962799;SPRF-RN;DEL01-RN;UOP02-DEL01-RN
693681;25/05/2025;domingo;19:25:00;ES;101;100;JAGUARE;Acessar a via sem observar a presença dos outros veículos;Atropelamento de Pedestre;Com Vítimas Feridas;Plena Noite;Decrescente;Chuva;Simples;Interseção de Vias;Sim;2;0;1;0;1;0;1;2;-18,96626041;-39,98881213;SPRF-ES;DEL04-ES;UOP02-DEL04-ES
693682;25/05/2025;domingo;18:40:00;SC;101;126,9;ITAJAI;Ausência de reação do condutor;Saída de leito carroçável;Com Vítimas Feridas;Plena Noite;Crescente;Céu Claro;Dupla;Reta;Não;1;0;1;0;0;0;1;1;-26,97070294;-48,6823833;SPRF-SC;DEL04-SC;UOP04-DEL04-SC
693683;25/05/2025;domingo;19:20:00;RS;101;82;OSORIO;Demais falhas mecânicas ou elétricas;Tombamento;Com Vítimas Feridas;Plena Noite;Crescente;Céu Claro;Dupla;Reta;Sim;2;0;2;0;0;0;2;1;-29,848934;-50,245673;SPRF-RS;DEL03-RS;UOP01-DEL03-RS
693684;25/05/2025;domingo;18:04:00;GO;153;605;MORRINHOS;Ausência de reação do condutor;Saída de leito carroçável;Sem Vítimas;Anoitecer;Crescente;Céu Claro;Dupla;"Reta;Declive";Não;1;0;0;0;1;0;0;1;-17,587655;-49,193811;SPRF-GO;DEL03-GO;UOP01-DEL03-GO
693685;25/05/2025;domingo;19:06:00;RS;116;224;DOIS IRMAOS;Ingestão de álcool pelo condutor;Saída de leito carroçável;Sem Vítimas;Plena Noite;Decrescente;Nublado;Simples;Curva;Não;1;0;0;0;1;0;0;1;-29,59365759;-51,10801723;SPRF-RS;DEL01-RS;UOP02-DEL01-RS
693687;25/05/2025;domingo;19:00:00;CE;20;205,2;BOA VIAGEM;Manobra de mudança de faixa;Colisão lateral sentido oposto;Com Vítimas Feridas;Plena Noite;Decrescente;Nublado;Simples;Reta;Não;2;0;0;1;1;0;1;2;-5,11385565;-39,72141266;SPRF-CE;DEL02-CE;UOP02-DEL02-CE
693688;25/05/2025;domingo;18:40:00;RS;472;186,2;SANTO CRISTO;Ingestão de álcool pelo condutor;Saída de leito carroçável;Sem Vítimas;Plena Noite;Decrescente;Nublado;Simples;Reta;Não;1;0;0;0;0;1;0;1;-27,83842059;-54,62399896;SPRF-RS;DEL10-RS;UOP01-DEL10-RS