id;data_inversa;dia_semana;horario;uf;br;km;municipio;causa_acidente;tipo_acidente;classificacao_acidente;fase_dia;sentido_via;condicao_metereologica;tipo_pista;tracado_via;uso_solo;pessoas;mortos;feridos_leves;feridos_graves;ilesos;ignorados;feridos;veiculos;latitude;longitude;regional;delegacia;uop
693689;25/05/2025;domingo;18:35:00;SP;101;52;UBATUBA;Velocidade Incompatível;Tombamento;Com Vítimas Feridas;Plena Noite;Crescente;Céu Claro;Simples;Rotatória;Sim;1;0;1;0;0;0;1;1;-23,46316222;-45,06448952;SPRF-SP;DEL06-SP;UOP01-DEL06-SP
693690;25/05/2025;domingo;17:45:00;MG;40;648,1;CONGONHAS;Ausência de reação do condutor;Saída de leito carroçável;Com Vítimas Feridas;Anoitecer;Decrescente;Céu Claro;Simples;"Reta;Aclive";Não;3;0;3;0;0;0;3;1;-20,4768195;-43,8424338;SPRF-MG;DEL05-MG;UOP02-DEL05-MG
693691;25/05/2025;domingo;18:20:00;SC;101;451,2;SAO JOAO DO SUL;Reação tardia ou ineficiente do condutor;Colisão com objeto;Com Vítimas Feridas;Plena Noite;Crescente;Nublado;Múltipla;"Reta;Declive;Viaduto";Sim;2;0;1;0;1;0;1;1;-29,18681656;-49,75457279;SPRF-SC;DEL02-SC;UOP02-DEL02-SC
693692;25/05/2025;domingo;20:03:00;GO;414;424,5;ABADIANIA;Ultrapassagem Indevida;Colisão frontal;Com Vítimas Feridas;Plena Noite;Decrescente;Céu Claro;Simples;Aclive;Não;8;0;0;2;6;0;2;2;-16,152932;-48,88906;SPRF-GO;DEL02-GO;UOP01-DEL02-GO
693693;25/05/2025;domingo;19:05:00;PI;316;318;PICOS;Animais na Pista;Atropelamento de Animal;Com Vítimas Feridas;Plena Noite;Decrescente;Céu Claro;Dupla;Reta;Sim;1;0;1;0;0;0;1;1;-7,08385788;-41,40953064;SPRF-PI;DEL04-PI;UOP01-DEL04-PI
693694;25/05/2025;domingo;18:48:00;MS;163;488;CAMPO GRANDE;Acessar a via sem observar a presença dos outros veículos;Colisão lateral mesmo sentido;Sem Vítimas;Plena Noite;Crescente;Céu Claro;Simples;"Interseção de Vias;Reta;Declive";Sim;3;0;0;0;3;0;0;2;-20,42084398;-54,54635588;SPRF-MS;DEL01-MS;UOP02-DEL01-MS
693695;25/05/2025;domingo;19:50:00;PE;232;409;SERRA TALHADA;Manobra de mudança de faixa;Colisão lateral mesmo sentido;Sem Vítimas;Plena Noite;Decrescente;Nublado;Dupla;"Reta;Interseção de Vias;Viaduto";Sim;2;0;0;0;1;1;0;2;-7,98219005;-38,28933332;SPRF-PE;DEL04-PE;UOP01-DEL04-PE
693696;25/05/2025;domingo;20:30:00;PE;101;44,3;IGARASSU;Acessar a via sem observar a presença dos outros veículos;Colisão transversal;Com Vítimas Feridas;Plena Noite;Crescente;Nublado;Múltipla;"Reta;Interseção de Vias";Sim;3;0;0;2;1;0;2;2;-7,85796151;-34,9084568;SPRF-PE;DEL01-PE;UOP02-DEL01-PE
693697;25/05/2025;domingo;15:40:00;CE;222;232;SOBRAL;Acumulo de água sobre o pavimento;Saída de leito carroçável;Com Vítimas Feridas;Pleno dia;Crescente;Chuva;Simples;Reta;Não;5;0;0;5;0;0;5;1;-3,71020871;-40,41683285;SPRF-CE;DEL04-CE;UOP01-DEL04-CE
693698;25/05/2025;domingo;20:10:00;SP;153;63,8;SAO JOSE DO RIO PRETO;Ausência de reação do condutor;Colisão com objeto;Sem Vítimas;Plena Noite;Crescente;Céu Claro;Dupla;"Curva;Declive";Sim;2;0;0;0;1;1;0;1;-20,8549661;-49,4047584;SPRF-SP;DEL09-SP;UOP01-DEL09-SP
693701;25/05/2025;domingo;19:40:00;MT;70;7;CUIABA;Ausência de reação do condutor;Saída de leito carroçável;Com Vítimas Feridas;Plena Noite;Decrescente;Céu Claro;Dupla;Curva;Sim;1;0;1;0;0;0;1;1;-15,613952;-56,1020928;SPRF-MT;DEL07-MT;UOP01-DEL07-MT
693702;25/05/2025;domingo;21:00:00;MG;262;364;JUATUBA;Ausência de reação do condutor;Colisão traseira;Com Vítimas Feridas;Plena Noite;Decrescente;Céu Claro;Dupla;"Reta;Aclive";Não;2;0;1;0;1;0;1;2;-19,9725421;-44,28245544;SPRF-MG;DEL01-MG;UOP03-DEL01-MG
693703;25/05/2025;domingo;20:00:00;SC;470;170,8;POUSO REDONDO;Pedestre andava na pista;Atropelamento de Pedestre;Com Vítimas Feridas;Plena Noite;Decrescente;Nublado;Simples;Reta;Não;3;0;0;1;1;1;1;2;-27,260264;-49,901399;SPRF-SC;DEL04-SC;UOP02-DEL04-SC
693705;25/05/2025;domingo;19:50:00;AL;316;252;PILAR;Ultrapassagem Indevida;Colisão lateral sentido oposto;Com Vítimas Feridas;Plena Noite;Decrescente;Nublado;Simples;Reta;Sim;2;0;0;1;1;0;1;2;-9,57675068;-35,96304025;SPRF-AL;DEL02-AL;UOP01-DEL02-AL
693706;25/05/2025;domingo;19:30:00;RS;116;402;CAMAQUA;Ausência de reação do condutor;Saída de leito carroçável;Com Vítimas Feridas;Plena Noite;Decrescente;Nublado;Dupla;"Retorno Regulamentado;Reta";Não;2;0;2;0;0;0;2;1;-30,882262;-51,826553;SPRF-RS;DEL02-RS;UOP02-DEL02-RS
693707;25/05/2025;domingo;17:25:00;AL;101;148,5;JEQUIA DA PRAIA;Velocidade Incompatível;Capotamento;Com Vítimas Feridas;Anoitecer;Crescente;Nublado;Dupla;"Curva;Declive";Não;1;0;1;0;0;0;1;1;-9,886377;-36,137849;SPRF-AL;DEL02-AL;UOP01-DEL02-AL
693708;25/05/2025;domingo;21:10:00;BA;101;104;ALAGOINHAS;Reação tardia ou ineficiente do condutor;Queda de ocupante de veículo;Com Vítimas Feridas;Plena Noite;Decrescente;Nublado;Simples;"Aclive;Reta";Não;1;0;1;0;0;0;1;1;-12,113771;-38,389476;SPRF-BA;DEL01-BA;UOP04-DEL01-BA
693709;25/05/2025;domingo;21:30:00;SP;381;14;BRAGANCA PAULISTA;Condutor deixou de manter distância do veículo da frente;Colisão lateral mesmo sentido;Com Vítimas Feridas;Plena Noite;Crescente;Céu Claro;Dupla;Aclive;Não;3;0;2;0;1;0;2;3;-22,94163752;-46,47388458;SPRF-SP;DEL03-SP;UOP02-DEL03-SP
693710;25/05/2025;domingo;19:00:00;PI;230;189,3;OEIRAS;Acesso irregular;Colisão transversal;Com Vítimas Feridas;Plena Noite;Decrescente;Céu Claro;Simples;Reta;Não;2;0;0;1;0;1;1;2;-6,982728;-42,065967;SPRF-PI;DEL04-PI;UOP01-DEL04-PI
693711;25/05/2025;domingo;21:30:00;PB;101;86;BAYEUX;Ausência de reação do condutor;Colisão lateral mesmo sentido;Com Vítimas Feridas;Pleno dia;Crescente;Céu Claro;Dupla;Rotatória;Sim;4;0;3;1;0;0;4;2;-7,150005;-34,911385;SPRF-PB;DEL01-PB;UOP01-DEL01-PB
693712;25/05/2025;domingo;21:45:00;PB;230;26;JOAO PESSOA;Avarias e/ou desgaste excessivo no pneu;Queda de ocupante de veículo;Com Vítimas Feridas;Pleno dia;Decrescente;Céu Claro;Dupla;Reta;Sim;2;0;2;0;0;0;2;1;-7,168247;-34,884475;SPRF-PB;DEL01-PB;UOP01-DEL01-PB
693713;25/05/2025;domingo;19:45:00;RS;392;340;SANTA MARIA;Ausência de reação do condutor;Colisão com objeto;Com Vítimas Feridas;Pleno dia;Crescente;Garoa/Chuvisco;Simples;"Reta;Ponte";Não;5;0;2;0;0;3;2;2;-29,81189164;-53,77234396;SPRF-RS;DEL09-RS;UOP01-DEL09-RS
693714;25/05/2025;domingo;20:15:00;RS;470;177,5;VERANOPOLIS;Conversão proibida;Colisão transversal;Com Vítimas Feridas;Plena Noite;Decrescente;Garoa/Chuvisco;Simples;"Interseção de Vias;Reta";Sim;4;0;2;0;2;0;2;2;-28,94086038;-51,54800755;SPRF-RS;DEL06-RS;UOP02-DEL06-RS
693715;25/05/2025;domingo;18:50:00;PI;230;197;OEIRAS;Condutor deixou de manter distância do veículo da frente;Colisão traseira;Com Vítimas Feridas;Plena Noite;Crescente;Céu Claro;Simples;Reta;Sim;2;0;1;0;0;1;1;2;-7,00689;-42,12146;SPRF-PI;DEL04-PI;UOP01-DEL04-PI
693716;25/05/2025;domingo;22:10:00;MG;459;82,4;CONGONHAL;Estacionar ou parar em local proibido;Colisão com objeto;Com Vítimas Feridas;Plena Noite;Decrescente;Nevoeiro/Neblina;Simples;Reta;Não;5;0;1;0;3;1;1;3;-22,157354;-46,093394;SPRF-MG;DEL09-MG;UOP01-DEL09-MG
693717;25/05/2025;domingo;22:35:00;RS;116;243;SAO LEOPOLDO;Ingestão de álcool pelo condutor;Colisão com objeto;Sem Vítimas;Plena Noite;Decrescente;Nublado;Simples;"Interseção de Vias;Curva";Sim;1;0;0;0;1;0;0;1;-29,7306571;-51,14921093;SPRF-RS;DEL01-RS;UOP02-DEL01-RS
693718;25/05/2025;domingo;22:00:00;SC;158;116,2;CAIBI;Ingestão de álcool pelo condutor;Saída de leito carroçável;Com Vítimas Feridas;Plena Noite;Crescente;Céu Claro;Simples;Reta;Não;1;0;1;0;0;0;1;1;-26,9650366;-53,2141782;SPRF-SC;DEL07-SC;UOP02-DEL07-SC
693719;25/05/2025;domingo;22:20:00;PE;428;189;PETROLINA;Transitar na contramão;Colisão lateral sentido oposto;Com Vítimas Feridas;Plena Noite;Crescente;Céu Claro;Dupla;Reta;Sim;2;0;1;0;1;0;1;2;-9,37677055;-40,49794436;SPRF-PE;DEL06-PE;UOP01-DEL06-PE
693720;25/05/2025;domingo;11:00:00;RS;392;198;SANTANA DA BOA VISTA;Ausência de reação do condutor;Saída de leito carroçável;Com Vítimas Feridas;Pleno dia;Crescente;Nevoeiro/Neblina;Simples;Curva;Não;1;0;0;1;0;0;1;1;-30,89574359;-53,11546326;SPRF-RS;DEL09-RS;UOP02-DEL09-RS
693723;25/05/2025;domingo;22:00:00;BA;116;15,8;VITORIA DA CONQUISTA;Ingestão de álcool pelo condutor;Colisão traseira;Com Vítimas Feridas;Plena Noite;Decrescente;Nublado;Simples;Reta;Sim;4;0;1;1;1;1;2;2;-14,90126;-40,852059;SPRF-BA;DEL08-BA;UOP01-DEL08-BA
693725;25/05/2025;domingo;23:00:00;RJ;116;202;SEROPEDICA;Reação tardia ou ineficiente do condutor;Capotamento;Com Vítimas Feridas;Plena Noite;Decrescente;Céu Claro;Múltipla;Reta;Sim;3;0;1;0;2;0;1;1;-22,72362378;-43,66756439;SPRF-RJ;DEL06-RJ;UOP02-DEL06-RJ
693726;25/05/2025;domingo;20:00:00;PR;153;340,8;IRATI;Reação tardia ou ineficiente do condutor;Saída de leito carroçável;Com Vítimas Fatais;Plena Noite;Crescente;Nublado;Simples;Reta;Não;1;1;0;0;0;0;0;1;-25,541365;-50,663067;SPRF-PR;DEL08-PR;UOP02-DEL08-PR
693727;25/05/2025;domingo;19:30:00;BA;116;269;TUCANO;Ingestão de álcool pelo condutor;Colisão frontal;Com Vítimas Feridas;Plena Noite;Decrescente;Nublado;Simples;Reta;Não;3;0;0;1;1;1;1;2;-10,92883;-38,81963;SPRF-BA;DEL07-BA;UOP02-DEL07-BA
693728;25/05/2025;domingo;22:55:00;PR;277;717;SANTA TEREZINHA DE ITAIPU;Ausência de reação do condutor;Saída de leito carroçável;Sem Vítimas;Plena Noite;Crescente;Céu Claro;Dupla;Reta;Não;3;0;0;0;3;0;0;1;-25,47621896;-54,47585519;SPRF-PR;DEL05-PR;UOP01-DEL05-PR
693729;25/05/2025;domingo;21:20:00;MA;402;20,6;ROSARIO;Ausência de reação do condutor;Colisão transversal;Com Vítimas Feridas;Plena Noite;Decrescente;Garoa/Chuvisco;Simples;Reta;Não;3;0;0;2;1;0;2;2;-2,94592293;-44,21105057;SPRF-MA;DEL01-MA;UOP01-DEL01-MA
693730;25/05/2025;domingo;23:55:00;ES;101;304,8;VIANA;Ausência de reação do condutor;Tombamento;Com Vítimas Feridas;Plena Noite;Crescente;Chuva;Dupla;Reta;Sim;1;0;1;0;0;0;1;1;-20,38267822;-40,45925617;SPRF-ES;DEL01-ES;UOP01-DEL01-ES
693731;26/05/2025;segunda-feira;00:15:00;RN;101;79;SAO GONCALO DO AMARANTE;Ingestão de álcool pelo condutor;Saída de leito carroçável;Com Vítimas Feridas;Plena Noite;Crescente;Céu Claro;Dupla;Reta;Sim;1;0;1;0;0;0;1;1;-5,7487537;-35,3265904;SPRF-RN;DEL02-RN;UOP01-DEL02-RN
693732;25/05/2025;domingo;23:35:00;SC;101;207;SAO JOSE;Manobra de mudança de faixa;Colisão lateral mesmo sentido;Com Vítimas Feridas;Plena Noite;Crescente;Nublado;Múltipla;Curva;Sim;2;0;2;0;0;0;2;2;-27,60313;-48,63056;SPRF-SC;DEL01-SC;UOP01-DEL01-SC
693733;26/05/2025;segunda-feira;00:15:00;SC;158;111,9;CUNHA PORA;Ingestão de álcool pelo condutor;Saída de leito carroçável;Sem Vítimas;Plena Noite;Crescente;Céu Claro;Simples;Rotatória;Não;1;0;0;0;1;0;0;1;-26,90494534;-53,18786144;SPRF-SC;DEL07-SC;UOP02-DEL07-SC
693734;25/05/2025;domingo;23:00:00;PE;232;145,8;SAO CAITANO;Ausência de reação do condutor;Queda de ocupante de veículo;Com Vítimas Fatais;Anoitecer;Decrescente;Garoa/Chuvisco;Múltipla;Declive;Sim;2;1;1;0;0;0;1;1;-8,332462;-36,128072;SPRF-PE;DEL03-PE;UOP02-DEL03-PE
693735;26/05/2025;segunda-feira;00:26:00;MG;40;530,8;CONTAGEM;Reação tardia ou ineficiente do condutor;Tombamento;Com Vítimas Feridas;Plena Noite;Crescente;Céu Claro;Dupla;Curva;Sim;2;0;0;2;0;0;2;1;-19,91924044;-44,02669496;SPRF-MG;DEL01-MG;UOP02-DEL01-MG
693737;26/05/2025;segunda-feira;00:55:00;SC;101;131,8;BALNEARIO CAMBORIU;Velocidade Incompatível;Saída de leito carroçável;Com Vítimas Feridas;Plena Noite;Decrescente;Céu Claro;Dupla;Reta;Não;2;0;1;0;1;0;1;1;-26,995686;-48,656863;SPRF-SC;DEL04-SC;UOP03-DEL04-SC
693738;26/05/2025;segunda-feira;00:10:00;SC;470;153;AGRONOMICA;Acessar a via sem observar a presença dos outros veículos;Colisão transversal;Sem Vítimas;Plena Noite;Crescente;Nublado;Simples;Reta;Não;2;0;0;0;2;0;0;2;-27,27529856;-49,74314259;SPRF-SC;DEL04-SC;UOP02-DEL04-SC
693739;26/05/2025;segunda-feira;00:24:00;SP;116;414;JUQUIA;Entrada inopinada do pedestre;Atropelamento de Pedestre;Com Vítimas Fatais;Plena Noite;Crescente;Céu Claro;Dupla;Reta;Sim;2;1;0;0;1;0;0;2;-24,330381;-47,626917;SPRF-SP;DEL05-SP;UOP01-DEL05-SP
693740;25/05/2025;domingo;19:20:00;PE;104;112;PANELAS;Pista esburacada;Queda de ocupante de veículo;Com Vítimas Fatais;Plena Noite;Crescente;Chuva;Simples;Ponte;Não;2;1;1;0;0;0;1;1;-8,640435;-36,015344;SPRF-PE;DEL02-PE;NPF/DEL02-PE
693741;26/05/2025;segunda-feira;01:58:00;ES;101;33;PINHEIROS;Reação tardia ou ineficiente do condutor;Saída de leito carroçável;Com Vítimas Feridas;Plena Noite;Crescente;Chuva;Simples;Reta;Não;3;0;1;0;2;0;1;1;-18,35874568;-39,95418429;SPRF-ES;DEL04-ES;UOP02-DEL04-ES
693742;26/05/2025;segunda-feira;01:45:00;SC;101;135;BALNEARIO CAMBORIU;Ausência de reação do condutor;Colisão com objeto;Com Vítimas Feridas;Plena Noite;Decrescente;Céu Claro;Dupla;Interseção de Vias;Sim;1;0;1;0;0;0;1;1;-27,00144487;-48,63791715;SPRF-SC;DEL04-SC;UOP03-DEL04-SC
693743;25/05/2025;domingo;22:40:00;BA;235;350;JUAZEIRO;Reação tardia ou ineficiente do condutor;Colisão lateral sentido oposto;Sem Vítimas;Plena Noite;Decrescente;Céu Claro;Simples;Reta;Sim;4;0;0;0;4;0;0;2;-9,44785533;-40,48776269;SPRF-PE;DEL06-PE;UOP01-DEL06-PE
693744;26/05/2025;segunda-feira;01:20:00;PB;230;27,2;JOAO PESSOA;Reação tardia ou ineficiente do condutor;Tombamento;Com Vítimas Feridas;Plena Noite;Decrescente;Céu Claro;Dupla;Curva;Sim;1;0;1;0;0;0;1;1;-7,16624117;-34,88872558;SPRF-PB;DEL01-PB;UOP01-DEL01-PB
693746;25/05/2025;domingo;21:00:00;BA;324;609;SIMOES FILHO;Velocidade Incompatível;Capotamento;Com Vítimas Feridas;Plena Noite;Crescente;Nublado;Dupla;Reta;Sim;1;0;1;0;0;0;1;1;-12,82509782;-38,40959787;SPRF-BA;DEL01-BA;UOP01-DEL01-BA
693750;26/05/2025;segunda-feira;02:30:00;RJ;101;288;ITABORAI;Transitar na contramão;Colisão frontal;Com Vítimas Feridas;Plena Noite;Crescente;Céu Claro;Dupla;Reta;Sim;2;0;0;1;1;0;1;2;-22,76161934;-42,84740925;SPRF-RJ;DEL02-RJ;UOP02-DEL02-RJ
693751;25/05/2025;domingo;23:10:00;MG;381;949;EXTREMA;Ausência de reação do condutor;Colisão com objeto;Com Vítimas Feridas;Plena Noite;Decrescente;Céu Claro;Dupla;Reta;Sim;1;0;1;0;0;0;1;1;-22,87499311;-46,36594892;SPRF-MG;DEL16-MG;UOP03-DEL16-MG
693753;26/05/2025;segunda-feira;03:40:00;CE;222;2;FORTALEZA;Reação tardia ou ineficiente do condutor;Colisão com objeto;Sem Vítimas;Plena Noite;Crescente;Céu Claro;Dupla;Reta;Sim;2;0;0;0;1;1;0;1;-3,73907841;-38,58665586;SPRF-CE;DEL01-CE;UOP01-DEL01-CE
693754;26/05/2025;segunda-feira;04:40:00;SC;101;430,6;SOMBRIO;Condutor deixou de manter distância do veículo da frente;Colisão traseira;Sem Vítimas;Plena Noite;Decrescente;Céu Claro;Dupla;Reta;Sim;3;0;0;0;2;1;0;2;-29,08607355;-49,62965906;SPRF-SC;DEL02-SC;UOP02-DEL02-SC
693755;26/05/2025;segunda-feira;05:05:00;PB;101;86;BAYEUX;Ingestão de álcool pelo condutor;Colisão com objeto;Sem Vítimas;Amanhecer;Crescente;Céu Claro;Simples;Reta;Sim;1;0;0;0;1;0;0;1;-7,15048;-34,910868;SPRF-PB;DEL01-PB;UOP01-DEL01-PB
693756;26/05/2025;segunda-feira;05:50:00;PB;230;36,3;SANTA RITA;Demais falhas mecânicas ou elétricas;Tombamento;Com Vítimas Feridas;Pleno dia;Decrescente;Céu Claro;Dupla;Reta;Sim;1;0;1;0;0;0;1;1;-7,12702337;-34,95017974;SPRF-PB;DEL01-PB;UOP02-DEL01-PB
693758;26/05/2025;segunda-feira;05:32:00;RN;226;61,2;SENADOR ELOI DE SOUZA;Condutor deixou de manter distância do veículo da frente;Colisão traseira;Com Vítimas Feridas;Amanhecer;Crescente;Céu Claro;Simples;Reta;Sim;2;0;1;0;1;0;1;2;-6,04894893;-35,67414921;SPRF-RN;DEL01-RN;UOP02-DEL01-RN
693760;26/05/2025;segunda-feira;01:30:00;RJ;40;122;DUQUE DE CAXIAS;Avarias e/ou desgaste excessivo no pneu;Queda de ocupante de veículo;Com Vítimas Feridas;Plena Noite;Crescente;Céu Claro;Múltipla;Reta;Sim;2;0;2;0;0;0;2;1;-22,792385;-43,286785;SPRF-RJ;DEL01-RJ;UOP02-DEL01-RJ
693761;26/05/2025;segunda-feira;05:45:00;BA;324;557;AMELIA RODRIGUES;Manobra de mudança de faixa;Colisão traseira;Com Vítimas Feridas;Pleno dia;Decrescente;Nublado;Dupla;Reta;Não;3;0;1;0;2;0;1;2;-12,4735856;-38,6787026;SPRF-BA;DEL01-BA;UOP03-DEL01-BA
693762;26/05/2025;segunda-feira;05:10:00;SC;282;580;PINHALZINHO;Reação tardia ou ineficiente do condutor;Tombamento;Com Vítimas Feridas;Plena Noite;Decrescente;Céu Claro;Simples;Rotatória;Sim;1;0;1;0;0;0;1;1;-26,8374788;-52,98729181;SPRF-SC;DEL07-SC;UOP02-DEL07-SC
693764;26/05/2025;segunda-feira;06:25:00;BA;324;619;SALVADOR;Ausência de reação do condutor;Colisão traseira;Com Vítimas Feridas;Amanhecer;Decrescente;Garoa/Chuvisco;Múltipla;Reta;Sim;4;0;2;0;2;0;2;2;-12,909925;-38,458139;SPRF-BA;DEL01-BA;UOP01-DEL01-BA
693766;26/05/2025;segunda-feira;06:50:00;SC;470;67,3;INDAIAL;Desrespeitar a preferência no cruzamento;Colisão transversal;Com Vítimas Feridas;Pleno dia;Crescente;Céu Claro;Simples;Interseção de Vias;Não;2;0;0;1;1;0;1;2;-26,8732362;-49,2337154;SPRF-SC;DEL04-SC;UOP01-DEL04-SC
693768;26/05/2025;segunda-feira;07:10:00;DF;70;19;BRASILIA;Mal súbito do condutor;Saída de leito carroçável;Com Vítimas Feridas;Pleno dia;Decrescente;Céu Claro;Dupla;Reta;Sim;1;0;1;0;0;0;1;1;-15,79056045;-48,21500301;SPRF-DF;DEL03-DF;UOP02-DEL03-DF
693770;26/05/2025;segunda-feira;06:15:00;RN;406;156;CEARA-MIRIM;Transitar na contramão;Colisão frontal;Com Vítimas Fatais;Pleno dia;Crescente;Céu Claro;Simples;"Reta;Aclive";Não;3;1;0;1;1;0;1;2;-5,68484;-35,394614;SPRF-RN;DEL02-RN;UOP01-DEL02-RN
693771;26/05/2025;segunda-feira;07:30:00;SP;116;146;SAO JOSE DOS CAMPOS;Reação tardia ou ineficiente do condutor;Colisão traseira;Com Vítimas Feridas;Pleno dia;Crescente;Céu Claro;Dupla;Reta;Sim;4;0;1;0;3;0;1;2;-23,1823416;-45,84596604;SPRF-SP;DEL02-SP;UOP01-DEL02-SP
693772;26/05/2025;segunda-feira;05:00:00;MT;163;572;NOVA MUTUM;Animais na Pista;Atropelamento de Animal;Com Vítimas Feridas;Amanhecer;Decrescente;Céu Claro;Dupla;Reta;Não;4;0;1;0;3;0;1;1;-14,049092;-56,097207;SPRF-MT;DEL01-MT;UOP01-DEL01-MT
693773;26/05/2025;segunda-feira;07:00:00;CE;116;10;FORTALEZA;Condutor deixou de manter distância do veículo da frente;Colisão traseira;Com Vítimas Feridas;Pleno dia;Decrescente;Céu Claro;Múltipla;Reta;Sim;2;0;0;1;1;0;1;2;-3,83838643;-38,50138877;SPRF-CE;DEL01-CE;UOP02-DEL01-CE
693774;25/05/2025;domingo;18:30:00;MG;116;423;GOVERNADOR VALADARES;Acessar a via sem observar a presença dos outros veículos;Colisão transversal;Com Vítimas Feridas;Plena Noite;Decrescente;Céu Claro;Simples;Reta;Sim;5;0;2;0;3;0;2;2;-18,92325849;-41,93989402;SPRF-MG;DEL06-MG;UOP01-DEL06-MG
693776;26/05/2025;segunda-feira;07:20:00;PE;101;64,5;RECIFE;Manobra de mudança de faixa;Colisão traseira;Com Vítimas Feridas;Pleno dia;Crescente;Nublado;Dupla;Curva;Sim;3;0;2;0;1;0;2;2;-8,01945;-34,94254;SPRF-PE;DEL01-PE;UOP01-DEL01-PE
693777;26/05/2025;segunda-feira;07:50:00;SP;116;213;GUARULHOS;Reação tardia ou ineficiente do condutor;Colisão lateral mesmo sentido;Com Vítimas Feridas;Amanhecer;Crescente;Céu Claro;Múltipla;Reta;Sim;2;0;0;1;1;0;1;2;-23,44071177;-46,44259393;SPRF-SP;DEL01-SP;UOP01-DEL01-SP
693778;26/05/2025;segunda-feira;07:08:00;RN;101;107;PARNAMIRIM;Condutor deixou de manter distância do veículo da frente;Colisão traseira;Sem Vítimas;Pleno dia;Crescente;Sol;Dupla;Reta;Sim;2;0;0;0;2;0;0;2;-5,91023589;-35,26153777;SPRF-RN;DEL01-RN;UOP01-DEL01-RN
693779;25/05/2025;domingo;23:20:00;MG;116;414,5;GOVERNADOR VALADARES;Desrespeitar a preferência no cruzamento;Colisão transversal;Com Vítimas Feridas;Plena Noite;Decrescente;Céu Claro;Simples;Retorno Regulamentado;Sim;2;0;1;0;1;0;1;2;-18,8678144;-41,959424;SPRF-MG;DEL06-MG;UOP01-DEL06-MG
693780;26/05/2025;segunda-feira;03:56:00;PE;101;65;RECIFE;Chuva;Colisão com objeto;Sem Vítimas;Plena Noite;Crescente;Chuva;Dupla;Ponte;Não;1;0;0;0;1;0;0;1;-8,02314;-34,94279;SPRF-PE;DEL01-PE;UOP01-DEL01-PE
693781;26/05/2025;segunda-feira;07:50:00;SC;101;209,6;SAO JOSE;Reação tardia ou ineficiente do condutor;Colisão traseira;Com Vítimas Feridas;Pleno dia;Crescente;Céu Claro;Múltipla;Reta;Sim;4;0;1;1;2;0;2;2;-27,61283742;-48,64144675;SPRF-SC;DEL01-SC;UOP01-DEL01-SC
693782;26/05/2025;segunda-feira;05:10:00;MT;163;510;DIAMANTINO;Reação tardia ou ineficiente do condutor;Saída de leito carroçável;Com Vítimas Feridas;Amanhecer;Decrescente;Céu Claro;Dupla;Reta;Não;2;0;1;1;0;0;2;1;-14,510203;-56,205073;SPRF-MT;DEL01-MT;UOP01-DEL01-MT
693783;26/05/2025;segunda-feira;08:10:00;SE;101;93;NOSSA SENHORA DO SOCORRO;Ausência de reação do condutor;Queda de ocupante de veículo;Sem Vítimas;Pleno dia;Decrescente;Nublado;Dupla;Curva;Sim;1;0;0;0;1;0;0;1;-10,90446289;-37,14825002;SPRF-SE;DEL01-SE;UOP01-DEL01-SE
693784;26/05/2025;segunda-feira;06:30:00;MG;116;414,5;GOVERNADOR VALADARES;Animais na Pista;Tombamento;Com Vítimas Feridas;Pleno dia;Decrescente;Céu Claro;Simples;Reta;Sim;1;0;1;0;0;0;1;1;-18,88659482;-41,94610508;SPRF-MG;DEL06-MG;UOP01-DEL06-MG
693785;26/05/2025;segunda-feira;07:50:00;BA;324;625;SALVADOR;Trafegar com motocicleta (ou similar) entre as faixas;Tombamento;Com Vítimas Feridas;Pleno dia;Crescente;Garoa/Chuvisco;Múltipla;"Reta;Aclive";Sim;3;0;1;0;2;0;1;3;-12,960589;-38,474535;SPRF-BA;DEL01-BA;UOP01-DEL01-BA
693787;26/05/2025;segunda-feira;06:40:00;PR;376;179;MARINGA;Condutor deixou de manter distância do veículo da frente;Colisão traseira;Com Vítimas Feridas;Pleno dia;Crescente;Céu Claro;Dupla;Reta;Sim;2;0;1;0;1;0;1;2;-23,4202561;-51,9098146;SPRF-PR;DEL09-PR;UOP01-DEL09-PR
693790;26/05/2025;segunda-feira;08:00:00;CE;116;12;FORTALEZA;Ausência de reação do condutor;Colisão traseira;Com Vítimas Feridas;Pleno dia;Decrescente;Céu Claro;Múltipla;Reta;Sim;2;0;0;1;1;0;1;2;-3,85644676;-38,49627319;SPRF-CE;DEL01-CE;UOP02-DEL01-CE
693791;26/05/2025;segunda-feira;07:45:00;RS;386;440;CANOAS;Acessar a via sem observar a presença dos outros veículos;Capotamento;Com Vítimas Feridas;Pleno dia;Crescente;Chuva;Dupla;Reta;Sim;5;0;1;0;4;0;1;5;-29,88214993;-51,23501714;SPRF-RS;DEL01-RS;UOP01-DEL01-RS
693792;26/05/2025;segunda-feira;08:18:00;GO;70;15;AGUAS LINDAS DE GOIAS;Retorno proibido;Colisão frontal;Com Vítimas Feridas;Pleno dia;Decrescente;Céu Claro;Dupla;Reta;Não;5;0;1;0;4;0;1;2;-15,75453308;-48,34349155;SPRF-DF;DEL03-DF;UOP02-DEL03-DF