id;data_inversa;dia_semana;horario;uf;br;km;municipio;causa_acidente;tipo_acidente;classificacao_acidente;fase_dia;sentido_via;condicao_metereologica;tipo_pista;tracado_via;uso_solo;pessoas;mortos;feridos_leves;feridos_graves;ilesos;ignorados;feridos;veiculos;latitude;longitude;regional;delegacia;uop
693793;26/05/2025;segunda-feira;07:58:00;PE;407;127;PETROLINA;Transitar no Acostamento;Colisão transversal;Com Vítimas Feridas;Pleno dia;Decrescente;Céu Claro;Simples;Reta;Sim;2;0;1;0;1;0;1;2;-9,3938;-40,511744;SPRF-PE;DEL06-PE;UOP01-DEL06-PE
693795;26/05/2025;segunda-feira;07:00:00;MG;116;537,3;SANTA RITA DE MINAS;Conversão proibida;Colisão transversal;Com Vítimas Feridas;Pleno dia;Decrescente;Céu Claro;Simples;Reta;Sim;3;0;1;0;2;0;1;2;-19,872275;-42,132942;SPRF-MG;DEL06-MG;UOP02-DEL06-MG
693796;26/05/2025;segunda-feira;06:50:00;GO;414;377;COCALZINHO DE GOIAS;Acessar a via sem observar a presença dos outros veículos;Colisão transversal;Com Vítimas Feridas;Amanhecer;Decrescente;Céu Claro;Simples;Reta;Não;3;0;1;0;1;1;1;3;-15,79893;-48,777538;SPRF-GO;DEL02-GO;UOP01-DEL02-GO
693797;26/05/2025;segunda-feira;07:25:00;PE;101;46,9;ITAPISSUMA;Manobra de mudança de faixa;Colisão lateral mesmo sentido;Com Vítimas Feridas;Pleno dia;Crescente;Nublado;Múltipla;Reta;Não;2;0;0;1;1;0;1;2;-7,7324357;-34,9414456;SPRF-PE;DEL01-PE;UOP02-DEL01-PE
693798;26/05/2025;segunda-feira;06:20:00;SP;116;33,5;CACHOEIRA PAULISTA;Manobra de mudança de faixa;Colisão lateral mesmo sentido;Com Vítimas Feridas;Pleno dia;Crescente;Céu Claro;Dupla;Rotatória;Não;2;0;1;0;1;0;1;2;-22,65096;-44,958309;SPRF-SP;DEL08-SP;UOP02-DEL08-SP
693799;26/05/2025;segunda-feira;06:50:00;MG;381;482;BETIM;Ausência de reação do condutor;Colisão traseira;Com Vítimas Feridas;Pleno dia;Decrescente;Céu Claro;Dupla;Curva;Sim;2;0;1;0;1;0;1;2;-19,9590442;-44,07324163;SPRF-MG;DEL01-MG;UOP03-DEL01-MG
693800;26/05/2025;segunda-feira;07:35:00;PR;277;724,8;FOZ DO IGUACU;Manobra de mudança de faixa;Colisão lateral mesmo sentido;Com Vítimas Feridas;Pleno dia;Decrescente;Céu Claro;Dupla;Reta;Sim;2;0;1;0;1;0;1;2;-25,5075461;-54,5454211;SPRF-PR;DEL05-PR;UOP03-DEL05-PR
693801;26/05/2025;segunda-feira;06:20:00;RJ;493;65;NOVA IGUACU;Reação tardia ou ineficiente do condutor;Colisão traseira;Com Vítimas Feridas;Pleno dia;Decrescente;Céu Claro;Dupla;Reta;Não;2;0;1;0;0;1;1;2;-22,688437;-43,437171;SPRF-RJ;DEL01-RJ;UOP03-DEL01-RJ
693802;26/05/2025;segunda-feira;07:48:00;RN;406;170;SAO GONCALO DO AMARANTE;Condutor deixou de manter distância do veículo da frente;Colisão traseira;Com Vítimas Feridas;Pleno dia;Crescente;Sol;Dupla;Reta;Sim;4;0;2;0;2;0;2;2;-5,76091518;-35,29358661;SPRF-RN;DEL02-RN;UOP01-DEL02-RN
693803;26/05/2025;segunda-feira;08:50:00;PR;277;730;FOZ DO IGUACU;Ultrapassagem Indevida;Colisão lateral mesmo sentido;Com Vítimas Feridas;Pleno dia;Crescente;Céu Claro;Dupla;"Ponte;Reta";Sim;2;0;0;1;0;1;1;2;-25,50948629;-54,59854674;SPRF-PR;DEL05-PR;UOP03-DEL05-PR
693804;26/05/2025;segunda-feira;08:20:00;PR;376;252;CALIFORNIA;Reação tardia ou ineficiente do condutor;Colisão traseira;Com Vítimas Feridas;Pleno dia;Decrescente;Céu Claro;Dupla;Reta;Não;2;0;0;1;1;0;1;2;-23,62508559;-51,38118164;SPRF-PR;DEL07-PR;UOP03-DEL07-PR
693807;26/05/2025;segunda-feira;06:50:00;PR;277;83;CURITIBA;Manobra de mudança de faixa;Colisão lateral mesmo sentido;Com Vítimas Feridas;Pleno dia;Crescente;Nublado;Dupla;"Reta;Aclive";Sim;2;0;1;0;1;0;1;2;-25,44527477;-49,23219893;SPRF-PR;DEL01-PR;UOP03-DEL01-PR
693808;26/05/2025;segunda-feira;07:10:00;MS;267;482,5;JARDIM;Acessar a via sem observar a presença dos outros veículos;Colisão transversal;Com Vítimas Feridas;Pleno dia;Decrescente;Céu Claro;Simples;Reta;Sim;2;0;1;0;1;0;1;2;-21,4812051;-56,1543417;SPRF-MS;DEL05-MS;UOP01-DEL05-MS
693810;26/05/2025;segunda-feira;09:30:00;PR;277;4;CURITIBA;Reação tardia ou ineficiente do condutor;Tombamento;Com Vítimas Feridas;Pleno dia;Crescente;Céu Claro;Dupla;Reta;Sim;1;0;1;0;0;0;1;1;-25,4509056;-49,2437504;SPRF-PR;DEL01-PR;UOP05-DEL01-PR
693813;26/05/2025;segunda-feira;08:00:00;SC;101;371;ICARA;Condutor usando celular;Saída de leito carroçável;Sem Vítimas;Pleno dia;Decrescente;Céu Claro;Dupla;Reta;Não;1;0;0;0;0;1;0;1;-28,710883;-49,212871;SPRF-SC;DEL02-SC;UOP01-DEL02-SC
693814;26/05/2025;segunda-feira;08:50:00;PE;101;86;JABOATAO DOS GUARARAPES;Reação tardia ou ineficiente do condutor;Colisão lateral mesmo sentido;Sem Vítimas;Pleno dia;Decrescente;Chuva;Dupla;Reta;Sim;4;0;0;0;4;0;0;4;-8,18487;-34,968835;SPRF-PE;DEL01-PE;UOP01-DEL01-PE
693816;26/05/2025;segunda-feira;07:30:00;PR;369;153;LONDRINA;Velocidade Incompatível;Colisão traseira;Com Vítimas Feridas;Pleno dia;Decrescente;Céu Claro;Dupla;Reta;Sim;2;0;0;1;1;0;1;2;-23,29670272;-51,1919531;SPRF-PR;DEL07-PR;UOP01-DEL07-PR
693817;26/05/2025;segunda-feira;04:40:00;MT;158;681;BARRA DO GARCAS;Pedestre andava na pista;Atropelamento de Pedestre;Com Vítimas Fatais;Amanhecer;Decrescente;Céu Claro;Simples;Reta;Não;2;1;0;0;0;1;0;2;-14,896665;-52,279453;SPRF-MT;DEL07-MT;UOP01-DEL07-MT
693818;26/05/2025;segunda-feira;09:30:00;RJ;116;185;NOVA IGUACU;Ausência de reação do condutor;Colisão traseira;Com Vítimas Feridas;Pleno dia;Decrescente;Céu Claro;Dupla;Reta;Não;2;0;1;0;1;0;1;2;-22,74779229;-43,44438164;SPRF-RJ;DEL06-RJ;UOP01-DEL06-RJ
693821;26/05/2025;segunda-feira;10:10:00;CE;222;2;FORTALEZA;Ausência de reação do condutor;Colisão lateral mesmo sentido;Com Vítimas Feridas;Pleno dia;Crescente;Céu Claro;Dupla;Reta;Não;2;0;1;0;1;0;1;2;-3,739788;-38,593735;SPRF-CE;DEL01-CE;UOP01-DEL01-CE
693825;26/05/2025;segunda-feira;11:10:00;RN;101;128;NISIA FLORESTA;Velocidade Incompatível;Queda de ocupante de veículo;Com Vítimas Feridas;Pleno dia;Crescente;Céu Claro;Dupla;Reta;Não;1;0;1;0;0;0;1;1;-6,1117;-35,233742;SPRF-RN;DEL01-RN;UOP01-DEL01-RN
693826;26/05/2025;segunda-feira;06:45:00;BA;116;623;JAGUAQUARA;Ultrapassagem Indevida;Capotamento;Com Vítimas Fatais;Pleno dia;Decrescente;Nublado;Simples;"Reta;Aclive";Não;4;1;2;0;0;1;2;2;-13,428277;-40,028059;SPRF-BA;DEL03-BA;UOP02-DEL03-BA
693827;26/05/2025;segunda-feira;07:40:00;MA;10;274,9;IMPERATRIZ;Ultrapassagem Indevida;Colisão frontal;Com Vítimas Feridas;Pleno dia;Crescente;Céu Claro;Simples;Aclive;Não;5;0;2;0;3;0;2;2;-5,330582;-47,490078;SPRF-MA;DEL04-MA;UOP01-DEL04-MA
693830;26/05/2025;segunda-feira;11:45:00;MG;40;646,4;CRISTIANO OTONI;Conversão proibida;Colisão traseira;Com Vítimas Feridas;Pleno dia;Decrescente;Céu Claro;Simples;"Declive;Reta";Não;2;0;1;0;1;0;1;2;-20,8349649;-43,8044466;SPRF-MG;DEL05-MG;UOP02-DEL05-MG
693831;26/05/2025;segunda-feira;10:30:00;CE;20;345,7;CARIDADE;Reação tardia ou ineficiente do condutor;Colisão traseira;Com Vítimas Feridas;Pleno dia;Crescente;Céu Claro;Simples;Reta;Não;2;0;0;1;1;0;1;2;-4,1209;-39,069197;SPRF-CE;DEL02-CE;UOP01-DEL02-CE
693833;26/05/2025;segunda-feira;11:10:00;RJ;116;136;MAGE;Reação tardia ou ineficiente do condutor;Colisão traseira;Com Vítimas Feridas;Pleno dia;Decrescente;Sol;Dupla;Reta;Sim;2;0;1;0;1;0;1;2;-22,6487135;-43,17858934;SPRF-RJ;DEL04-RJ;UOP02-DEL04-RJ
693834;26/05/2025;segunda-feira;10:30:00;SC;101;460;PASSO DE TORRES;Ausência de reação do condutor;Capotamento;Com Vítimas Feridas;Pleno dia;Decrescente;Céu Claro;Dupla;Reta;Não;1;0;0;1;0;0;1;1;-29,266125;-49,75523;SPRF-RS;DEL03-RS;UOP02-DEL03-RS
693837;26/05/2025;segunda-feira;10:00:00;AC;364;135;RIO BRANCO;Retorno proibido;Colisão transversal;Com Vítimas Feridas;Pleno dia;Decrescente;Céu Claro;Dupla;Reta;Sim;2;0;1;0;1;0;1;2;-9,97921653;-67,84832239;SPRF-AC;DEL01-AC;UOP01-DEL01-AC
693840;26/05/2025;segunda-feira;07:52:00;AC;364;142;RIO BRANCO;Ausência de reação do condutor;Colisão traseira;Com Vítimas Feridas;Pleno dia;Crescente;Céu Claro;Dupla;Reta;Sim;2;0;1;0;1;0;1;2;-9,93013225;-67,88546205;SPRF-AC;DEL01-AC;UOP01-DEL01-AC
693844;26/05/2025;segunda-feira;11:45:00;SP;116;321;JUQUITIBA;Animais na Pista;Atropelamento de Animal;Com Vítimas Feridas;Pleno dia;Crescente;Sol;Dupla;"Reta;Declive";Não;3;0;1;0;2;0;1;3;-23,93353684;-47,01718407;SPRF-SP;DEL04-SP;UOP03-DEL04-SP
693847;18/05/2025;domingo;20:30:00;ES;101;255,5;SERRA;Condutor desrespeitou a iluminação vermelha do semáforo;Colisão transversal;Com Vítimas Feridas;Plena Noite;Crescente;Céu Claro;Simples;Interseção de Vias;Sim;4;0;3;0;0;1;3;3;-20,11732584;-40,31478167;SPRF-ES;DEL02-ES;UOP01-DEL02-ES
693848;26/05/2025;segunda-feira;11:10:00;BA;116;217;EUCLIDES DA CUNHA;Acessar a via sem observar a presença dos outros veículos;Colisão com objeto;Com Vítimas Feridas;Pleno dia;Decrescente;Céu Claro;Simples;Reta;Sim;4;0;0;1;3;0;1;2;-10,50284469;-39,01128173;SPRF-BA;DEL07-BA;UOP03-DEL07-BA
693849;26/05/2025;segunda-feira;13:00:00;ES;101;94;JAGUARE;Acessar a via sem observar a presença dos outros veículos;Colisão transversal;Com Vítimas Feridas;Pleno dia;Decrescente;Chuva;Simples;Reta;Sim;3;0;2;0;1;0;2;2;-18,93251667;-39,9726483;SPRF-ES;DEL04-ES;UOP02-DEL04-ES
693853;26/05/2025;segunda-feira;11:00:00;RJ;101;293;SAO GONCALO;Demais falhas mecânicas ou elétricas;Incêndio;Sem Vítimas;Pleno dia;Decrescente;Céu Claro;Dupla;Reta;Sim;1;0;0;0;1;0;0;1;-22,79278782;-43,02493167;SPRF-RJ;DEL02-RJ;UOP02-DEL02-RJ
693854;26/05/2025;segunda-feira;13:25:00;RN;101;116,5;SAO JOSE DE MIPIBU;Reação tardia ou ineficiente do condutor;Tombamento;Com Vítimas Feridas;Pleno dia;Crescente;Sol;Dupla;Interseção de Vias;Não;1;0;1;0;0;0;1;1;-6,000188;-35,260038;SPRF-RN;DEL01-RN;UOP01-DEL01-RN
693855;26/05/2025;segunda-feira;12:45:00;PR;277;704,5;SAO MIGUEL DO IGUACU;Frear bruscamente;Saída de leito carroçável;Com Vítimas Feridas;Pleno dia;Decrescente;Céu Claro;Dupla;"Reta;Aclive";Não;1;0;0;1;0;0;1;1;-25,42921083;-54,36797826;SPRF-PR;DEL05-PR;UOP01-DEL05-PR
693856;23/05/2025;sexta-feira;20:30:00;RJ;116;59;TERESOPOLIS;Ingestão de álcool pelo condutor;Colisão traseira;Sem Vítimas;Plena Noite;Crescente;Céu Claro;Simples;Reta;Não;5;0;0;0;1;4;0;3;-22,22635;-42,906836;SPRF-RJ;DEL04-RJ;UOP01-DEL04-RJ
693858;26/05/2025;segunda-feira;14:00:00;RN;101;79;NATAL;Condutor deixou de manter distância do veículo da frente;Colisão traseira;Com Vítimas Feridas;Pleno dia;Decrescente;Céu Claro;Dupla;Reta;Não;2;0;1;0;1;0;1;2;-5,744788;-35,289603;SPRF-RN;DEL02-RN;UOP01-DEL02-RN
693859;05/04/2025;sábado;02:35:00;MG;40;716,4;BARBACENA;Ausência de reação do condutor;Saída de leito carroçável;Com Vítimas Feridas;Plena Noite;Crescente;Nublado;Simples;Curva;Não;1;0;1;0;0;0;1;1;-21,27275705;-43,64824511;SPRF-MG;DEL05-MG;UOP01-DEL05-MG
693860;26/05/2025;segunda-feira;13:50:00;RJ;101;428,2;MANGARATIBA;Desrespeitar a preferência no cruzamento;Colisão transversal;Com Vítimas Feridas;Pleno dia;Crescente;Sol;Dupla;Reta;Sim;4;0;1;0;3;0;1;2;-22,93501762;-43,99584532;SPRF-RJ;DEL03-RJ;UOP02-DEL03-RJ
693861;26/05/2025;segunda-feira;13:30:00;BA;324;516;FEIRA DE SANTANA;Acesso irregular;Colisão lateral sentido oposto;Com Vítimas Feridas;Pleno dia;Decrescente;Céu Claro;Simples;Reta;Sim;2;0;1;0;1;0;1;2;-12,25430415;-38,93274518;SPRF-BA;DEL02-BA;UOP01-DEL02-BA
693865;26/05/2025;segunda-feira;13:29:00;PE;408;98;SAO LOURENCO DA MATA;Reação tardia ou ineficiente do condutor;Colisão traseira;Com Vítimas Feridas;Pleno dia;Decrescente;Céu Claro;Dupla;Reta;Não;2;0;1;0;1;0;1;2;-8,04322;-35,01538;SPRF-PE;DEL01-PE;UOP01-DEL01-PE
693867;26/05/2025;segunda-feira;13:30:00;RJ;101;482;ANGRA DOS REIS;Condutor deixou de manter distância do veículo da frente;Colisão transversal;Com Vítimas Feridas;Pleno dia;Crescente;Céu Claro;Dupla;Retorno Regulamentado;Não;2;0;1;0;1;0;1;2;-23,00463342;-44,29769609;SPRF-RJ;DEL03-RJ;UOP03-DEL03-RJ
693868;26/05/2025;segunda-feira;15:00:00;SC;101;197,6;BIGUACU;Reação tardia ou ineficiente do condutor;Queda de ocupante de veículo;Com Vítimas Feridas;Pleno dia;Crescente;Céu Claro;Múltipla;Reta;Sim;1;0;1;0;0;0;1;1;-27,52280358;-48,63748044;SPRF-SC;DEL01-SC;UOP01-DEL01-SC
693869;26/05/2025;segunda-feira;14:20:00;SC;101;177,4;GOVERNADOR CELSO RAMOS;Demais falhas mecânicas ou elétricas;Incêndio;Sem Vítimas;Pleno dia;Decrescente;Céu Claro;Múltipla;Reta;Não;1;0;0;0;1;0;0;1;-27,353878;-48,632247;SPRF-SC;DEL01-SC;UOP01-DEL01-SC
693870;20/05/2025;terça-feira;11:00:00;RJ;101;383;RIO DE JANEIRO;Condutor deixou de manter distância do veículo da frente;Colisão traseira;Com Vítimas Feridas;Pleno dia;Crescente;Sol;Dupla;Reta;Não;3;0;1;0;2;0;1;2;-22,878821;-43,621035;SPRF-RJ;DEL03-RJ;UOP01-DEL03-RJ
693872;26/05/2025;segunda-feira;15:00:00;DF;20;21;BRASILIA;Velocidade Incompatível;Engavetamento;Com Vítimas Feridas;Pleno dia;Crescente;Céu Claro;Dupla;"Reta;Aclive";Sim;4;0;1;0;3;0;1;4;-15,60201955;-47,68240213;SPRF-DF;DEL02-DF;UOP01-DEL02-DF
693874;26/05/2025;segunda-feira;08:00:00;RJ;101;317;SAO GONCALO;Condutor deixou de manter distância do veículo da frente;Colisão lateral mesmo sentido;Com Vítimas Feridas;Pleno dia;Crescente;Céu Claro;Dupla;Reta;Sim;2;0;1;0;1;0;1;2;-22,8410592;-43,09627533;SPRF-RJ;DEL02-RJ;UOP02-DEL02-RJ
693875;26/05/2025;segunda-feira;13:15:00;MT;364;606,6;DIAMANTINO;Avarias e/ou desgaste excessivo no pneu;Queda de ocupante de veículo;Com Vítimas Feridas;Pleno dia;Crescente;Sol;Simples;"Reta;Declive";Não;2;0;1;1;0;0;2;1;-14,46487412;-56,26049101;SPRF-MT;DEL01-MT;UOP01-DEL01-MT
693876;26/05/2025;segunda-feira;15:00:00;GO;40;83,1;CRISTALINA;Demais falhas mecânicas ou elétricas;Colisão lateral mesmo sentido;Com Vítimas Feridas;Pleno dia;Crescente;Céu Claro;Dupla;Reta;Não;4;0;2;0;2;0;2;2;-16,690694;-47,698892;SPRF-DF;DEL01-DF;UOP02-DEL01-DF
693877;26/05/2025;segunda-feira;15:28:00;SC;101;377;ICARA;Ausência de reação do condutor;Colisão traseira;Com Vítimas Feridas;Pleno dia;Crescente;Céu Claro;Simples;Reta;Sim;2;0;1;0;1;0;1;2;-28,747936;-49,26347;SPRF-SC;DEL02-SC;UOP01-DEL02-SC
693878;26/05/2025;segunda-feira;12:00:00;MS;262;115;AGUA CLARA;Avarias e/ou desgaste excessivo no pneu;Saída de leito carroçável;Com Vítimas Feridas;Pleno dia;Crescente;Céu Claro;Simples;Reta;Não;4;0;2;2;0;0;4;1;-20,5153311;-52,6251802;SPRF-MS;DEL07-MS;UOP02-DEL07-MS
693879;26/05/2025;segunda-feira;12:28:00;RO;364;343;JI-PARANA;Condutor desrespeitou a iluminação vermelha do semáforo;Colisão transversal;Sem Vítimas;Pleno dia;Crescente;Céu Claro;Dupla;Interseção de Vias;Não;2;0;0;0;2;0;0;2;-10,877512;-61,946985;SPRF-RO;DEL02-RO;UOP01-DEL02-RO
693880;26/05/2025;segunda-feira;11:20:00;MT;163;119;RONDONOPOLIS;Avarias e/ou desgaste excessivo no pneu;Queda de ocupante de veículo;Com Vítimas Feridas;Pleno dia;Crescente;Céu Claro;Dupla;Reta;Sim;1;0;1;0;0;0;1;1;-16,49255177;-54,64685941;SPRF-MT;DEL02-MT;UOP01-DEL02-MT
693884;16/05/2025;sexta-feira;12:30:00;MS;262;531,8;MIRANDA;Acessar a via sem observar a presença dos outros veículos;Colisão traseira;Com Vítimas Feridas;Pleno dia;Crescente;Céu Claro;Simples;Reta;Não;6;0;5;0;1;0;5;2;-20,34967401;-56,15546747;SPRF-MS;DEL03-MS;UOP02-DEL03-MS
693887;26/05/2025;segunda-feira;09:00:00;BA;349;951;CORRENTINA;Entrada inopinada do pedestre;Atropelamento de Pedestre;Com Vítimas Feridas;Pleno dia;Decrescente;Céu Claro;Simples;Reta;Não;3;0;0;1;1;1;1;2;-13,449722;-44,805142;SPRF-BA;DEL10-BA;UOP02-DEL10-BA
693890;24/05/2025;sábado;15:25:00;TO;10;475,3;PALMAS;Ingestão de álcool pelo condutor;Saída de leito carroçável;Com Vítimas Feridas;Pleno dia;Crescente;Céu Claro;Simples;Reta;Não;1;0;1;0;0;0;1;1;-10,2381;-48,22568;SPRF-TO;DEL01-TO;UOP03-DEL01-TO
693891;26/05/2025;segunda-feira;16:00:00;RJ;116;192;NOVA IGUACU;Suicídio (presumido);Atropelamento de Pedestre;Com Vítimas Feridas;Pleno dia;Decrescente;Sol;Dupla;Reta;Não;3;0;0;1;2;0;1;2;-22,7387334;-43,5316996;SPRF-RJ;DEL06-RJ;UOP01-DEL06-RJ
693893;26/05/2025;segunda-feira;15:40:00;PE;101;83;JABOATAO DOS GUARARAPES;Reação tardia ou ineficiente do condutor;Tombamento;Com Vítimas Feridas;Pleno dia;Decrescente;Céu Claro;Dupla;Reta;Não;1;0;0;1;0;0;1;1;-8,17788;-34,954122;SPRF-PE;DEL01-PE;UOP01-DEL01-PE
693895;26/05/2025;segunda-feira;15:15:00;GO;153;570;MORRINHOS;Ausência de reação do condutor;Saída de leito carroçável;Com Vítimas Feridas;Pleno dia;Crescente;Céu Claro;Dupla;Reta;Não;3;0;3;0;0;0;3;1;-17,6264189;-49,17788364;SPRF-GO;DEL03-GO;UOP01-DEL03-GO
693896;26/05/2025;segunda-feira;16:20:00;MG;50;170;UBERABA;Ausência de reação do condutor;Tombamento;Com Vítimas Feridas;Pleno dia;Decrescente;Céu Claro;Simples;"Retorno Regulamentado;Interseção de Vias;Viaduto";Sim;1;0;1;0;0;0;1;1;-19,738145;-47,982298;SPRF-MG;DEL13-MG;UOP01-DEL13-MG
693897;26/05/2025;segunda-feira;16:45:00;SC;101;199,7;SAO JOSE;Reação tardia ou ineficiente do condutor;Colisão traseira;Com Vítimas Feridas;Pleno dia;Crescente;Céu Claro;Múltipla;Reta;Sim;3;0;0;1;2;0;1;2;-27,53834;-48,62507;SPRF-SC;DEL01-SC;UOP01-DEL01-SC
693898;26/05/2025;segunda-feira;15:30:00;BA;324;525;FEIRA DE SANTANA;Ausência de reação do condutor;Tombamento;Com Vítimas Feridas;Pleno dia;Crescente;Céu Claro;Dupla;Reta;Sim;1;0;1;0;0;0;1;1;-12,31458007;-38,88006496;SPRF-BA;DEL01-BA;UOP03-DEL01-BA
693899;26/05/2025;segunda-feira;17:00:00;SC;101;127;CAMBORIU;Reação tardia ou ineficiente do condutor;Colisão traseira;Com Vítimas Feridas;Pleno dia;Decrescente;Céu Claro;Dupla;Reta;Sim;2;0;1;0;1;0;1;2;-26,975957;-48,682428;SPRF-SC;DEL04-SC;UOP04-DEL04-SC
693900;26/05/2025;segunda-feira;16:45:00;MG;364;29,3;FRUTAL;Acessar a via sem observar a presença dos outros veículos;Colisão transversal;Com Vítimas Feridas;Pleno dia;Crescente;Céu Claro;Simples;Reta;Sim;2;0;1;0;1;0;1;2;-20,019967;-48,906303;SPRF-MG;DEL13-MG;UOP02-DEL13-MG
693901;26/05/2025;segunda-feira;16:25:00;MS;163;603,4;SAO GABRIEL DO OESTE;Acessar a via sem observar a presença dos outros veículos;Colisão frontal;Com Vítimas Feridas;Pleno dia;Crescente;Céu Claro;Simples;Interseção de Vias;Não;3;0;0;2;1;0;2;2;-19,4684939;-54,5016393;SPRF-MS;DEL06-MS;UOP02-DEL06-MS
693902;26/05/2025;segunda-feira;14:00:00;SP;459;4;PIQUETE;Ausência de reação do condutor;Colisão com objeto;Com Vítimas Feridas;Pleno dia;Decrescente;Céu Claro;Simples;"Aclive;Curva";Não;1;0;1;0;0;0;1;1;-22,571945;-45,210288;SPRF-SP;DEL08-SP;UOP02-DEL08-SP
693903;26/05/2025;segunda-feira;15:25:00;MG;40;40,9;PARACATU;Reação tardia ou ineficiente do condutor;Tombamento;Com Vítimas Feridas;Pleno dia;Decrescente;Céu Claro;Simples;"Reta;Aclive";Sim;1;0;1;0;0;0;1;1;-17,211669;-46,873692;SPRF-MG;DEL14-MG;UOP01-DEL14-MG
693907;24/05/2025;sábado;17:50:00;BA;242;387,1;SEABRA;Demais falhas mecânicas ou elétricas;Incêndio;Sem Vítimas;Anoitecer;Crescente;Céu Claro;Simples;Reta;Não;1;0;0;0;0;1;0;1;-12,4672932;-41,7440205;SPRF-BA;DEL06-BA;UOP01-DEL06-BA
693908;26/05/2025;segunda-feira;17:20:00;TO;153;144,2;ARAGUAINA;Condutor deixou de manter distância do veículo da frente;Colisão traseira;Com Vítimas Feridas;Anoitecer;Decrescente;Céu Claro;Simples;Interseção de Vias;Sim;2;0;1;0;1;0;1;2;-7,198718;-48,237565;SPRF-TO;DEL02-TO;UOP01-DEL02-TO
693912;26/05/2025;segunda-feira;17:54:00;MG;262;373;JUATUBA;Ausência de reação do condutor;Colisão traseira;Com Vítimas Feridas;Anoitecer;Decrescente;Céu Claro;Dupla;Curva;Não;2;0;2;0;0;0;2;2;-19,93312682;-44,4234632;SPRF-MG;DEL01-MG;UOP03-DEL01-MG
693913;26/05/2025;segunda-feira;17:45:00;SP;381;16;BRAGANCA PAULISTA;Ausência de reação do condutor;Tombamento;Com Vítimas Feridas;Anoitecer;Decrescente;Céu Claro;Simples;"Aclive;Curva";Não;1;0;1;0;0;0;1;1;-22,95823525;-46,48006439;SPRF-SP;DEL03-SP;UOP02-DEL03-SP
693914;26/05/2025;segunda-feira;17:20:00;ES;101;147,6;LINHARES;Acessar a via sem observar a presença dos outros veículos;Colisão transversal;Com Vítimas Feridas;Anoitecer;Crescente;Chuva;Dupla;Reta;Sim;2;0;1;0;1;0;1;2;-19,38659826;-40,06761559;SPRF-ES;DEL04-ES;UOP01-DEL04-ES
693915;26/05/2025;segunda-feira;17:40:00;RN;101;97;NATAL;Desrespeitar a preferência no cruzamento;Colisão transversal;Com Vítimas Feridas;Plena Noite;Decrescente;Céu Claro;Dupla;"Reta;Interseção de Vias";Sim;2;0;1;0;1;0;1;2;-5,8559671;-35,21181313;SPRF-RN;DEL01-RN;UOP01-DEL01-RN
693916;26/05/2025;segunda-feira;17:20:00;RN;226;5,2;NATAL;Reação tardia ou ineficiente do condutor;Colisão traseira;Com Vítimas Feridas;Anoitecer;Crescente;Céu Claro;Simples;Reta;Não;3;0;1;0;2;0;1;2;-5,821528;-35,271144;SPRF-RN;DEL01-RN;UOP02-DEL01-RN
693917;26/05/2025;segunda-feira;13:50:00;MG;365;21,9;MONTES CLAROS;Demais falhas mecânicas ou elétricas;Incêndio;Sem Vítimas;Pleno dia;Crescente;Céu Claro;Simples;"Reta;Declive";Não;1;0;0;0;1;0;0;1;-16,82055496;-43,91765088;SPRF-MG;DEL12-MG;UOP01-DEL12-MG
693918;26/05/2025;segunda-feira;17:32:00;PE;232;98;SAIRE;Pedestre andava na pista;Atropelamento de Pedestre;Com Vítimas Feridas;Plena Noite;Crescente;Céu Claro;Dupla;Reta;Sim;3;0;1;2;0;0;3;2;-8,23560182;-35,72645394;SPRF-PE;DEL02-PE;UOP02-DEL02PE
693919;26/05/2025;segunda-feira;17:45:00;PR;277;452,3;LARANJEIRAS DO SUL;Ultrapassagem Indevida;Colisão frontal;Com Vítimas Feridas;Anoitecer;Decrescente;Céu Claro;Simples;"Reta;Aclive";Não;3;0;1;1;0;1;2;3;-25,379105;-52,398463;SPRF-PR;DEL04-PR;UOP02-DEL04-PR
693920;26/05/2025;segunda-feira;17:35:00;SP;153;115,5;JOSE BONIFACIO;Desrespeitar a preferência no cruzamento;Colisão transversal;Com Vítimas Feridas;Anoitecer;Crescente;Céu Claro;Simples;Reta;Não;2;0;0;1;1;0;1;2;-21,13050945;-49,69552231;SPRF-SP;DEL09-SP;UOP01-DEL09-SP
693921;26/05/2025;segunda-feira;17:20:00;MG;116;244;TEOFILO OTONI;Ausência de reação do condutor;Atropelamento de Pedestre;Com Vítimas Feridas;Anoitecer;Crescente;Céu Claro;Simples;Reta;Sim;2;0;0;1;1;0;1;2;-17,599302;-41,492339;SPRF-MG;DEL11-MG;UOP01-DEL11-MG
693927;26/05/2025;segunda-feira;18:15:00;PR;158;533;PATO BRANCO;Acesso irregular;Colisão frontal;Com Vítimas Feridas;Plena Noite;Crescente;Céu Claro;Simples;Reta;Não;2;0;1;0;1;0;1;2;-26,27078986;-52,71465218;SPRF-PR;DEL02-PR;UOP01-DEL02-PR
693928;26/05/2025;segunda-feira;18:00:00;DF;80;26;BRASILIA;Velocidade Incompatível;Saída de leito carroçável;Com Vítimas Feridas;Plena Noite;Crescente;Céu Claro;Simples;Curva;Não;1;0;1;0;0;0;1;1;-15,60507797;-48,19751193;SPRF-DF;DEL03-DF;UOP02-DEL03-DF