id;data_inversa;dia_semana;horario;uf;br;km;municipio;causa_acidente;tipo_acidente;classificacao_acidente;fase_dia;sentido_via;condicao_metereologica;tipo_pista;tracado_via;uso_solo;pessoas;mortos;feridos_leves;feridos_graves;ilesos;ignorados;feridos;veiculos;latitude;longitude;regional;delegacia;uop
693929;26/05/2025;segunda-feira;18:00:00;RJ;465;5;SEROPEDICA;Trafegar com motocicleta (ou similar) entre as faixas;Colisão frontal;Com Vítimas Feridas;Plena Noite;Crescente;Céu Claro;Simples;Reta;Sim;2;0;1;0;1;0;1;2;-22,7168363;-43,7151472;SPRF-RJ;DEL06-RJ;UOP02-DEL06-RJ
693931;26/05/2025;segunda-feira;18:45:00;RS;116;474;SAO LOURENCO DO SUL;Reação tardia ou ineficiente do condutor;Saída de leito carroçável;Sem Vítimas;Plena Noite;Crescente;Céu Claro;Dupla;"Curva;Em Obras;Desvio Temporário";Não;1;0;0;0;1;0;0;1;-31,4042317;-52,1602112;SPRF-RS;DEL07-RS;UOP01-DEL07-RS
693932;26/05/2025;segunda-feira;18:05:00;MT;174;0,2;PONTES E LACERDA;Conversão proibida;Colisão lateral mesmo sentido;Com Vítimas Feridas;Plena Noite;Crescente;Sol;Simples;Reta;Sim;3;0;3;0;0;0;3;2;-15,244465;-59,31596303;SPRF-MT;DEL04-MT;UOP01-DEL04-MT
693933;26/05/2025;segunda-feira;18:00:00;RS;116;114,2;SAO MARCOS;Condutor deixou de manter distância do veículo da frente;Engavetamento;Com Vítimas Feridas;Anoitecer;Crescente;Chuva;Simples;Reta;Sim;5;0;0;2;3;0;2;4;-28,96306789;-51,07700628;SPRF-RS;DEL05-RS;UOP01-DEL05-RS
693934;26/05/2025;segunda-feira;18:32:00;SC;282;501,4;XANXERE;Desrespeitar a preferência no cruzamento;Colisão transversal;Sem Vítimas;Plena Noite;Decrescente;Ignorado;Dupla;Rotatória;Não;2;0;0;0;2;0;0;2;-26,88277519;-52,38139629;SPRF-SC;DEL07-SC;UOP01-DEL07-SC
693937;10/05/2025;sábado;23:00:00;AC;317;69;SENADOR GUIOMARD;Transitar na contramão;Colisão frontal;Com Vítimas Feridas;Plena Noite;Crescente;Céu Claro;Simples;Reta;Não;2;0;0;1;0;1;1;2;-10,06131854;-67,56540298;SPRF-AC;DEL01-AC;UOP01-DEL01-AC
693940;24/05/2025;sábado;13:20:00;MT;174;120;MIRASSOL DOESTE;Acumulo de areia ou detritos sobre o pavimento;Colisão com objeto;Sem Vítimas;Pleno dia;Crescente;Sol;Simples;Curva;Não;3;0;0;0;3;0;0;1;-15,81731841;-58,0883113;SPRF-MT;DEL03-MT;UOP01-DEL03-MT
693941;26/05/2025;segunda-feira;19:00:00;SP;116;276;EMBU DAS ARTES;Trafegar com motocicleta (ou similar) entre as faixas;Tombamento;Com Vítimas Feridas;Plena Noite;Crescente;Céu Claro;Dupla;Reta;Sim;1;0;1;0;0;0;1;1;-23,62317532;-46,81489921;SPRF-SP;DEL04-SP;UOP01-DEL04-SP
693942;22/03/2025;sábado;01:29:00;PB;230;479;MARIZOPOLIS;Animais na Pista;Atropelamento de Animal;Com Vítimas Feridas;Plena Noite;Decrescente;Céu Claro;Simples;"Reta;Interseção de Vias";Sim;2;0;0;1;0;1;1;1;-6,84389;-38,346152;SPRF-PB;DEL03-PB;UOP03-DEL03-PB
693948;26/05/2025;segunda-feira;19:20:00;BA;116;348;SERRINHA;Desrespeitar a preferência no cruzamento;Colisão transversal;Com Vítimas Feridas;Plena Noite;Decrescente;Céu Claro;Simples;Reta;Não;3;0;3;0;0;0;3;2;-11,6523085;-38,99268168;SPRF-BA;DEL02-BA;UOP01-DEL02-BA
693949;14/05/2025;quarta-feira;17:20:00;ES;101;270;SERRA;Reação tardia ou ineficiente do condutor;Colisão traseira;Com Vítimas Feridas;Anoitecer;Decrescente;Chuva;Múltipla;Reta;Sim;2;0;1;0;1;0;1;2;-20,229368;-40,272189;SPRF-ES;DEL02-ES;UOP01-DEL02-ES
693950;26/05/2025;segunda-feira;20:00:00;GO;153;509;APARECIDA DE GOIANIA;Condutor Dormindo;Colisão com objeto;Sem Vítimas;Plena Noite;Decrescente;Céu Claro;Dupla;Declive;Não;1;0;0;0;1;0;0;1;-16,777238;-49,23667;SPRF-GO;DEL01-GO;UOP03-DEL01-GO
693951;26/05/2025;segunda-feira;19:30:00;AL;316;155;PALMEIRA DOS INDIOS;Deficiência do Sistema de Iluminação/Sinalização;Colisão traseira;Com Vítimas Feridas;Plena Noite;Crescente;Nublado;Simples;Reta;Sim;2;0;2;0;0;0;2;2;-9,42494172;-36,63060665;SPRF-AL;DEL03-AL;UOP01-DEL03-AL
693952;26/05/2025;segunda-feira;20:30:00;MG;381;361;SAO GONCALO DO RIO ABAIXO;Velocidade Incompatível;Capotamento;Com Vítimas Feridas;Plena Noite;Crescente;Céu Claro;Simples;"Curva;Declive";Não;2;0;1;0;1;0;1;1;-19,857031;-43,219462;SPRF-MG;DEL03-MG;UOP01-DEL03-MG
693955;26/05/2025;segunda-feira;18:40:00;ES;262;171,5;IBATIBA;Ausência de reação do condutor;Colisão traseira;Com Vítimas Feridas;Plena Noite;Decrescente;Garoa/Chuvisco;Simples;"Reta;Aclive";Não;3;0;2;0;1;0;2;2;-20,265353;-41,60062;SPRF-ES;DEL01-ES;UOP02-DEL01-ES
693956;26/05/2025;segunda-feira;20:25:00;MT;364;523;VARZEA GRANDE;Acessar a via sem observar a presença dos outros veículos;Colisão transversal;Com Vítimas Feridas;Plena Noite;Decrescente;Céu Claro;Simples;Reta;Sim;2;0;2;0;0;0;2;2;-15,656985;-56,189348;SPRF-MT;DEL01-MT;UOP01-DEL01-MT
693958;26/05/2025;segunda-feira;16:40:00;MT;174;335;CONQUISTA DOESTE;Reação tardia ou ineficiente do condutor;Capotamento;Com Vítimas Feridas;Pleno dia;Decrescente;Céu Claro;Simples;Reta;Não;2;0;1;0;1;0;1;1;-14,80542168;-59,32273865;SPRF-MT;DEL04-MT;UOP01-DEL04-MT
693959;26/05/2025;segunda-feira;21:40:00;RS;470;217;BENTO GONCALVES;Ausência de reação do condutor;Saída de leito carroçável;Com Vítimas Feridas;Plena Noite;Crescente;Garoa/Chuvisco;Dupla;"Curva;Interseção de Vias";Sim;1;0;1;0;0;0;1;1;-29,17461313;-51,52426807;SPRF-RS;DEL06-RS;UOP01-DEL06-RS
693960;26/05/2025;segunda-feira;19:40:00;RJ;40;121;DUQUE DE CAXIAS;Acessar a via sem observar a presença dos outros veículos;Atropelamento de Pedestre;Com Vítimas Fatais;Plena Noite;Decrescente;Céu Claro;Múltipla;Reta;Não;2;1;0;0;1;0;0;2;-22,78187932;-43,28681946;SPRF-RJ;DEL01-RJ;UOP02-DEL01-RJ
693961;26/05/2025;segunda-feira;22:20:00;RS;116;250;SAO LEOPOLDO;Chuva;Colisão transversal;Com Vítimas Feridas;Plena Noite;Decrescente;Chuva;Dupla;Curva;Sim;2;0;1;0;1;0;1;2;-29,788294;-51,1628127;SPRF-RS;DEL01-RS;UOP02-DEL01-RS
693962;26/05/2025;segunda-feira;22:43:00;SC;101;39;JOINVILLE;Acessar a via sem observar a presença dos outros veículos;Colisão transversal;Com Vítimas Fatais;Plena Noite;Crescente;Nublado;Múltipla;Reta;Sim;2;1;0;0;1;0;0;2;-26,299625;-48,883669;SPRF-SC;DEL03-SC;UOP01-DEL03-SC
693963;26/05/2025;segunda-feira;21:15:00;PE;232;424,3;SERRA TALHADA;Manobra de mudança de faixa;Colisão lateral sentido oposto;Com Vítimas Feridas;Plena Noite;Crescente;Céu Claro;Simples;Reta;Não;3;0;1;1;1;0;2;2;-8,0006392;-38,4238417;SPRF-PE;DEL04-PE;UOP01-DEL04-PE
693964;26/05/2025;segunda-feira;23:15:00;SP;116;225;GUARULHOS;Manobra de mudança de faixa;Queda de ocupante de veículo;Com Vítimas Feridas;Plena Noite;Decrescente;Céu Claro;Múltipla;"Reta;Em Obras";Sim;2;0;1;0;0;1;1;2;-23,48684915;-46,54211495;SPRF-SP;DEL01-SP;UOP01-DEL01-SP
693970;26/05/2025;segunda-feira;21:40:00;BA;407;119;SENHOR DO BONFIM;Reação tardia ou ineficiente do condutor;Colisão traseira;Com Vítimas Feridas;Plena Noite;Decrescente;Céu Claro;Simples;Reta;Não;4;0;3;0;1;0;3;2;-10,40489944;-40,1806891;SPRF-BA;DEL04-BA;UOP01-DEL04-BA
693973;27/05/2025;terça-feira;00:15:00;CE;222;2;FORTALEZA;Desrespeitar a preferência no cruzamento;Colisão transversal;Com Vítimas Feridas;Plena Noite;Decrescente;Céu Claro;Múltipla;"Interseção de Vias;Reta";Sim;2;0;1;0;1;0;1;2;-3,74030375;-38,59390704;SPRF-CE;DEL01-CE;UOP01-DEL01-CE
693975;26/05/2025;segunda-feira;20:45:00;MS;262;434,5;DOIS IRMAOS DO BURITI;Reação tardia ou ineficiente do condutor;Capotamento;Com Vítimas Feridas;Plena Noite;Decrescente;Céu Claro;Simples;Reta;Não;2;0;1;0;1;0;1;1;-20,496621;-55,306962;SPRF-MS;DEL03-MS;UOP01-DEL03-MS
693976;27/05/2025;terça-feira;02:15:00;PE;232;257;ARCOVERDE;Animais na Pista;Atropelamento de Animal;Com Vítimas Feridas;Plena Noite;Decrescente;Chuva;Simples;Reta;Sim;2;0;1;0;1;0;1;1;-8,40988522;-37,09456444;SPRF-PE;DEL04-PE;UOP02-DEL04-PE
693982;27/05/2025;terça-feira;05:00:00;PA;163;985;SANTAREM;Reação tardia ou ineficiente do condutor;Tombamento;Com Vítimas Feridas;Amanhecer;Crescente;Nublado;Simples;Reta;Sim;1;0;1;0;0;0;1;1;-2,56736628;-54,72092628;SPRF-PA;DEL05-PA;UOP01-DEL05-PA
693984;27/05/2025;terça-feira;05:30:00;RJ;101;399;ITAGUAI;Deficiência do Sistema de Iluminação/Sinalização;Colisão transversal;Com Vítimas Feridas;Pleno dia;Crescente;Céu Claro;Dupla;Reta;Não;2;0;2;0;0;0;2;2;-22,85889639;-43,75939298;SPRF-RJ;DEL03-RJ;UOP01-DEL03-RJ
693986;27/05/2025;terça-feira;06:40:00;RN;304;32;MOSSORO;Ausência de reação do condutor;Colisão traseira;Com Vítimas Feridas;Pleno dia;Crescente;Céu Claro;Dupla;Reta;Não;2;0;1;0;0;1;1;2;-5,0784821;-37,3331022;SPRF-RN;DEL04-RN;UOP02-DEL04-RN
693987;27/05/2025;terça-feira;06:55:00;MG;364;13,1;FRUTAL;Demais falhas mecânicas ou elétricas;Eventos atípicos;Sem Vítimas;Amanhecer;Decrescente;Céu Claro;Simples;Reta;Não;2;0;0;0;2;0;0;2;-20,079814;-48,767724;SPRF-MG;DEL13-MG;UOP02-DEL13-MG
693989;27/05/2025;terça-feira;04:10:00;GO;153;144;CAMPINORTE;Ausência de reação do condutor;Colisão com objeto;Com Vítimas Fatais;Plena Noite;Crescente;Céu Claro;Simples;Reta;Não;4;1;0;3;0;0;3;1;-14,02228693;-49,08721924;SPRF-GO;DEL07-GO;UOP02-DEL07-GO
693991;27/05/2025;terça-feira;06:20:00;PB;104;135;QUEIMADAS;Ingestão de álcool pelo condutor;Saída de leito carroçável;Com Vítimas Feridas;Pleno dia;Crescente;Chuva;Simples;Reta;Não;1;0;1;0;0;0;1;1;-7,321783;-35,895828;SPRF-PB;DEL02-PB;UOP03-DEL02-PB
693992;27/05/2025;terça-feira;06:40:00;CE;222;221,8;SOBRAL;Animais na Pista;Atropelamento de Animal;Com Vítimas Feridas;Pleno dia;Decrescente;Céu Claro;Simples;Reta;Sim;1;0;1;0;0;0;1;1;-3,7185;-40,33271;SPRF-CE;DEL04-CE;UOP01-DEL04-CE
693993;27/05/2025;terça-feira;07:00:00;PB;101;84;BAYEUX;Condutor deixou de manter distância do veículo da frente;Colisão traseira;Com Vítimas Feridas;Pleno dia;Crescente;Sol;Dupla;Reta;Sim;3;0;0;2;1;0;2;2;-7,1363739;-34,9267316;SPRF-PB;DEL01-PB;UOP01-DEL01-PB
693994;27/05/2025;terça-feira;06:55:00;MG;40;532;BELO HORIZONTE;Trafegar com motocicleta (ou similar) entre as faixas;Colisão lateral mesmo sentido;Com Vítimas Feridas;Pleno dia;Crescente;Nublado;Dupla;"Reta;Aclive";Sim;3;0;1;0;2;0;1;3;-19,92453151;-44,01497332;SPRF-MG;DEL01-MG;UOP02-DEL01-MG
693995;27/05/2025;terça-feira;06:35:00;DF;40;6;BRASILIA;Acumulo de óleo sobre o pavimento;Tombamento;Com Vítimas Feridas;Amanhecer;Crescente;Céu Claro;Dupla;Reta;Sim;2;0;1;0;1;0;1;1;-16,0328411;-47,9785684;SPRF-DF;DEL01-DF;UOP01-DEL01-DF
693997;27/05/2025;terça-feira;07:05:00;SC;470;136;RIO DO SUL;Condutor deixou de manter distância do veículo da frente;Colisão transversal;Com Vítimas Feridas;Pleno dia;Decrescente;Nublado;Simples;Reta;Sim;1;0;1;0;0;0;1;1;-27,1823723;-49,60097241;SPRF-SC;DEL04-SC;UOP02-DEL04-SC
693998;27/05/2025;terça-feira;07:10:00;RS;287;248;SANTA MARIA;Manobra de mudança de faixa;Colisão traseira;Com Vítimas Feridas;Pleno dia;Decrescente;Garoa/Chuvisco;Simples;Reta;Sim;2;0;1;0;1;0;1;2;-29,69532671;-53,8573036;SPRF-RS;DEL09-RS;UOP01-DEL09-RS
693999;27/05/2025;terça-feira;05:50:00;RO;364;433,4;JARU;Demais falhas mecânicas ou elétricas;Saída de leito carroçável;Com Vítimas Feridas;Amanhecer;Crescente;Céu Claro;Simples;Reta;Não;1;0;0;1;0;0;1;1;-10,39303806;-62,53593846;SPRF-RO;DEL03-RO;UOP02-DEL03-RO
694000;27/05/2025;terça-feira;07:40:00;SC;101;204;SAO JOSE;Trafegar com motocicleta (ou similar) entre as faixas;Colisão traseira;Com Vítimas Feridas;Pleno dia;Crescente;Céu Claro;Múltipla;Reta;Sim;4;0;2;1;1;0;3;3;-27,57641163;-48,61342605;SPRF-SC;DEL01-SC;UOP01-DEL01-SC
694001;27/05/2025;terça-feira;07:00:00;RJ;116;184;NOVA IGUACU;Ausência de reação do condutor;Colisão traseira;Com Vítimas Feridas;Pleno dia;Decrescente;Céu Claro;Dupla;Reta;Sim;2;0;1;0;1;0;1;2;-22,7466701;-43,4433808;SPRF-RJ;DEL06-RJ;UOP01-DEL06-RJ
694003;27/05/2025;terça-feira;07:50:00;RJ;101;389;RIO DE JANEIRO;Retorno proibido;Colisão transversal;Com Vítimas Feridas;Amanhecer;Decrescente;Céu Claro;Dupla;Reta;Sim;2;0;0;1;1;0;1;2;-22,89382322;-43,67529837;SPRF-RJ;DEL03-RJ;UOP01-DEL03-RJ
694004;26/05/2025;segunda-feira;21:49:00;AM;174;980;MANAUS;Reação tardia ou ineficiente do condutor;Saída de leito carroçável;Com Vítimas Fatais;Plena Noite;Crescente;Nublado;Simples;Reta;Não;1;1;0;0;0;0;0;1;-2,139168;-59,998654;SPRF-AM;DEL01-AM;UOP02-DEL01-AM
694007;27/05/2025;terça-feira;07:45:00;RJ;40;121;DUQUE DE CAXIAS;Acumulo de óleo sobre o pavimento;Tombamento;Com Vítimas Feridas;Pleno dia;Decrescente;Céu Claro;Dupla;Reta;Sim;2;0;2;0;0;0;2;1;-22,6616868;-43,2654383;SPRF-RJ;DEL01-RJ;UOP02-DEL01-RJ
694008;27/05/2025;terça-feira;08:00:00;MG;381;453,8;SABARA;Conversão proibida;Colisão transversal;Com Vítimas Feridas;Pleno dia;Decrescente;Céu Claro;Simples;"Reta;Viaduto";Sim;2;0;1;0;1;0;1;2;-19,842108;-43,86654;SPRF-MG;DEL01-MG;UOP01-DEL01-MG
694010;26/05/2025;segunda-feira;18:50:00;SP;116;322;JUQUITIBA;Acumulo de areia ou detritos sobre o pavimento;Eventos atípicos;Sem Vítimas;Plena Noite;Crescente;Céu Claro;Dupla;Reta;Não;2;0;0;0;2;0;0;1;-23,93333827;-47,07923349;SPRF-SP;DEL04-SP;UOP03-DEL04-SP
694011;27/05/2025;terça-feira;06:30:00;DF;20;7,4;BRASILIA;Reação tardia ou ineficiente do condutor;Engavetamento;Sem Vítimas;Pleno dia;Decrescente;Céu Claro;Dupla;"Reta;Declive";Sim;6;0;0;0;6;0;0;5;-15,659635;-47,795102;SPRF-DF;DEL02-DF;UOP01-DEL02-DF
694013;27/05/2025;terça-feira;09:30:00;RJ;116;173;SAO JOAO DE MERITI;Ausência de reação do condutor;Tombamento;Com Vítimas Feridas;Pleno dia;Decrescente;Sol;Múltipla;Reta;Sim;1;0;0;1;0;0;1;1;-22,7952892;-43,3627383;SPRF-RJ;DEL06-RJ;UOP01-DEL06-RJ
694014;27/05/2025;terça-feira;09:10:00;RJ;101;296;ITABORAI;Mal súbito do condutor;Colisão com objeto;Sem Vítimas;Pleno dia;Crescente;Céu Claro;Múltipla;Reta;Sim;1;0;0;0;1;0;0;1;-22,7725591;-42,91049089;SPRF-RJ;DEL02-RJ;UOP02-DEL02-RJ
694015;06/04/2025;domingo;18:45:00;SC;101;126;ITAJAI;Reação tardia ou ineficiente do condutor;Saída de leito carroçável;Com Vítimas Feridas;Anoitecer;Crescente;Céu Claro;Dupla;Curva;Sim;5;0;4;0;1;0;4;2;-26,96273331;-48,68277734;SPRF-SC;DEL04-SC;UOP04-DEL04-SC
694016;24/05/2025;sábado;01:40:00;MG;40;524;CONTAGEM;Ausência de reação do condutor;Saída de leito carroçável;Com Vítimas Feridas;Plena Noite;Crescente;Céu Claro;Dupla;Reta;Sim;2;0;1;0;1;0;1;1;-19,88006891;-44,05071259;SPRF-MG;DEL01-MG;UOP02-DEL01-MG
694017;27/05/2025;terça-feira;09:20:00;PR;376;170,8;MARINGA;Manobra de mudança de faixa;Colisão lateral mesmo sentido;Com Vítimas Feridas;Pleno dia;Crescente;Céu Claro;Dupla;Reta;Sim;3;0;1;0;2;0;1;2;-23,41020306;-51,98736755;SPRF-PR;DEL09-PR;UOP01-DEL09-PR
694020;27/05/2025;terça-feira;07:40:00;ES;101;68,8;SAO MATEUS;Acessar a via sem observar a presença dos outros veículos;Colisão transversal;Com Vítimas Feridas;Pleno dia;Crescente;Nublado;Simples;"Reta;Declive";Não;2;0;1;1;0;0;2;2;-18,73289373;-39,86036651;SPRF-ES;DEL04-ES;UOP02-DEL04-ES
694024;27/05/2025;terça-feira;10:00:00;ES;101;169,2;LINHARES;Ausência de reação do condutor;Saída de leito carroçável;Com Vítimas Feridas;Pleno dia;Crescente;Céu Claro;Simples;Reta;Não;1;0;1;0;0;0;1;1;-19,54391289;-40,16421385;SPRF-ES;DEL04-ES;UOP01-DEL04-ES
694025;27/05/2025;terça-feira;10:20:00;RN;101;82,3;NATAL;Manobra de mudança de faixa;Colisão lateral mesmo sentido;Sem Vítimas;Pleno dia;Decrescente;Céu Claro;Dupla;Reta;Sim;2;0;0;0;1;1;0;2;-5,76867;-35,272627;SPRF-RN;DEL02-RN;UOP01-DEL02-RN
694028;27/05/2025;terça-feira;09:20:00;SC;101;23,7;SAO JOSE;Reação tardia ou ineficiente do condutor;Colisão com objeto;Com Vítimas Feridas;Pleno dia;Crescente;Céu Claro;Dupla;Reta;Sim;1;0;1;0;0;0;1;1;-27,53034083;-48,70641438;SPRF-SC;DEL01-SC;UOP02-DEL01-SC
694031;27/05/2025;terça-feira;10:40:00;RS;116;265;CANOAS;Ausência de reação do condutor;Colisão traseira;Com Vítimas Feridas;Pleno dia;Decrescente;Nublado;Dupla;"Reta;Viaduto";Sim;5;0;1;0;3;1;1;3;-29,92940539;-51,17757797;SPRF-RS;DEL01-RS;UOP01-DEL01-RS
694032;27/05/2025;terça-feira;09:20:00;AC;364;137;RIO BRANCO;Ausência de reação do condutor;Colisão traseira;Com Vítimas Feridas;Pleno dia;Decrescente;Céu Claro;Dupla;Reta;Sim;2;0;0;1;1;0;1;2;-9,96762286;-67,85371102;SPRF-AC;DEL01-AC;UOP01-DEL01-AC
694034;27/05/2025;terça-feira;11:15:00;SC;470;55,5;BLUMENAU;Conversão proibida;Colisão frontal;Com Vítimas Feridas;Pleno dia;Decrescente;Céu Claro;Simples;Reta;Sim;3;0;2;0;1;0;2;3;-26,88119623;-49,1656208;SPRF-SC;DEL04-SC;UOP01-DEL04-SC
694035;13/05/2025;terça-feira;13:30:00;MG;40;518,7;RIBEIRAO DAS NEVES;Condutor deixou de manter distância do veículo da frente;Colisão traseira;Com Vítimas Feridas;Pleno dia;Crescente;Nublado;Dupla;Reta;Sim;2;0;0;1;1;0;1;2;-19,8340651;-44,0784553;SPRF-MG;DEL01-MG;UOP02-DEL01-MG
694036;27/05/2025;terça-feira;10:45:00;PR;277;460,5;LARANJEIRAS DO SUL;Acessar a via sem observar a presença dos outros veículos;Colisão traseira;Com Vítimas Feridas;Pleno dia;Decrescente;Céu Claro;Simples;Reta;Não;2;0;1;0;1;0;1;2;-25,366677;-52,465433;SPRF-PR;DEL04-PR;UOP02-DEL04-PR
694037;27/05/2025;terça-feira;11:20:00;MS;163;492;CAMPO GRANDE;Ausência de reação do condutor;Saída de leito carroçável;Com Vítimas Feridas;Pleno dia;Crescente;Céu Claro;Dupla;"Reta;Declive";Sim;2;0;2;0;0;0;2;1;-20,384013;-54,54284;SPRF-MS;DEL01-MS;UOP02-DEL01-MS
694039;25/04/2025;sexta-feira;18:32:00;MT;364;250;JUSCIMEIRA;Reação tardia ou ineficiente do condutor;Colisão traseira;Com Vítimas Feridas;Plena Noite;Crescente;Céu Claro;Dupla;Reta;Não;4;0;1;0;3;0;1;2;-16,08515577;-54,87130165;SPRF-MT;DEL02-MT;UOP01-DEL02-MT
694040;16/05/2025;sexta-feira;08:00:00;RS;153;420;CACHOEIRA DO SUL;Acessar a via sem observar a presença dos outros veículos;Colisão transversal;Com Vítimas Feridas;Pleno dia;Decrescente;Céu Claro;Simples;Reta;Não;3;0;2;0;1;0;2;2;-30,10478101;-52,86542458;SPRF-RS;DEL02-RS;UOP03-DEL02-RS
694041;16/05/2025;sexta-feira;04:00:00;SC;470;66;INDAIAL;Condutor deixou de manter distância do veículo da frente;Colisão traseira;Com Vítimas Feridas;Plena Noite;Crescente;Nublado;Simples;"Em Obras;Reta";Sim;2;0;1;0;1;0;1;2;-26,87011236;-49,22333591;SPRF-SC;DEL04-SC;UOP01-DEL04-SC
694042;27/05/2025;terça-feira;10:00:00;MG;116;522,7;CARATINGA;Condutor deixou de manter distância do veículo da frente;Colisão traseira;Com Vítimas Feridas;Pleno dia;Crescente;Nublado;Simples;Rotatória;Sim;2;0;1;0;1;0;1;2;-19,7524;-42,13303555;SPRF-MG;DEL06-MG;UOP02-DEL06-MG
694043;27/05/2025;terça-feira;12:00:00;SP;116;144;SAO JOSE DOS CAMPOS;Manobra de mudança de faixa;Colisão lateral sentido oposto;Com Vítimas Feridas;Pleno dia;Decrescente;Sol;Dupla;Reta;Sim;3;0;2;0;1;0;2;2;-23,18052087;-45,8419311;SPRF-SP;DEL02-SP;UOP01-DEL02-SP
694045;27/05/2025;terça-feira;12:20:00;BA;101;114;ALAGOINHAS;Demais falhas mecânicas ou elétricas;Incêndio;Sem Vítimas;Pleno dia;Decrescente;Céu Claro;Simples;Reta;Não;1;0;0;0;1;0;0;1;-12,16946127;-38,44466105;SPRF-BA;DEL01-BA;UOP04-DEL01-BA
694046;27/05/2025;terça-feira;05:00:00;RJ;101;399;ITAGUAI;Iluminação deficiente;Colisão com objeto;Com Vítimas Feridas;Amanhecer;Decrescente;Ignorado;Dupla;Reta;Sim;1;0;0;1;0;0;1;1;-22,8592753;-43,75918362;SPRF-RJ;DEL03-RJ;UOP01-DEL03-RJ
694047;27/05/2025;terça-feira;12:40:00;PB;230;38,8;SANTA RITA;Ausência de reação do condutor;Colisão traseira;Sem Vítimas;Pleno dia;Decrescente;Céu Claro;Dupla;Reta;Sim;6;0;0;0;6;0;0;2;-7,13677833;-34,96746451;SPRF-PB;DEL01-PB;UOP02-DEL01-PB
694049;27/05/2025;terça-feira;13:00:00;SC;101;147,1;ITAPEMA;Transitar na contramão;Colisão transversal;Com Vítimas Feridas;Pleno dia;Crescente;Céu Claro;Múltipla;Reta;Sim;2;0;1;0;1;0;1;2;-27,09210283;-48,61744165;SPRF-SC;DEL04-SC;UOP03-DEL04-SC
694052;27/05/2025;terça-feira;13:40:00;PR;376;678,6;GUARATUBA;Velocidade Incompatível;Tombamento;Com Vítimas Feridas;Pleno dia;Crescente;Céu Claro;Dupla;Curva;Não;1;0;1;0;0;0;1;1;-25,96310874;-48,89750099;SPRF-PR;DEL01-PR;UOP04-DEL01-PR
694054;02/04/2025;quarta-feira;14:00:00;RO;364;343;JI-PARANA;Desrespeitar a preferência no cruzamento;Colisão transversal;Com Vítimas Feridas;Pleno dia;Decrescente;Céu Claro;Múltipla;"Interseção de Vias;Reta";Sim;2;0;1;0;1;0;1;2;-10,87029077;-61,95769787;SPRF-RO;DEL02-RO;UOP01-DEL02-RO
694055;24/03/2025;segunda-feira;07:00:00;MG;50;72;UBERLANDIA;Ausência de reação do condutor;Colisão traseira;Com Vítimas Feridas;Pleno dia;Decrescente;Chuva;Dupla;Reta;Sim;5;0;1;0;4;0;1;3;-18,89893212;-48,24222565;SPRF-MG;DEL15-MG;UOP01-DEL15-MG
694056;27/05/2025;terça-feira;13:45:00;GO;153;498,7;GOIANIA;Condutor deixou de manter distância do veículo da frente;Colisão traseira;Com Vítimas Feridas;Pleno dia;Crescente;Sol;Dupla;Reta;Sim;2;0;1;0;1;0;1;2;-16,690738;-49,232829;SPRF-GO;DEL01-GO;UOP01-DEL01-GO
694057;28/04/2025;segunda-feira;08:50:00;MG;0;0;UBERLANDIA;Ausência de sinalização;Colisão com objeto;Sem Vítimas;Pleno dia;Não Informado;Céu Claro;Dupla;Reta;Não;1;0;0;0;1;0;0;1;-18,86445005;-48,25508444;SPRF-MG;DEL15-MG;UOP01-DEL15-MG
694059;27/05/2025;terça-feira;14:40:00;RS;116;245;SAO LEOPOLDO;Transitar na contramão;Colisão frontal;Com Vítimas Feridas;Pleno dia;Crescente;Chuva;Dupla;Reta;Sim;2;0;1;0;1;0;1;2;-29,74606551;-51,15122795;SPRF-RS;DEL01-RS;UOP02-DEL01-RS
694060;07/05/2025;quarta-feira;12:00:00;SP;116;139;SAO JOSE DOS CAMPOS;Reação tardia ou ineficiente do condutor;Colisão com objeto;Com Vítimas Feridas;Pleno dia;Crescente;Céu Claro;Dupla;Reta;Sim;1;0;1;0;0;0;1;1;-23,16133179;-45,80442164;SPRF-SP;DEL02-SP;UOP01-DEL02-SP
694061;27/05/2025;terça-feira;13:35:00;SC;280;10,6;SAO FRANCISCO DO SUL;Acessar a via sem observar a presença dos outros veículos;Colisão transversal;Com Vítimas Feridas;Pleno dia;Decrescente;Nublado;Simples;Reta;Sim;2;0;0;1;1;0;1;2;-26,300944;-48,640208;SPRF-SC;DEL03-SC;UOP03-DEL03-SC
694063;27/05/2025;terça-feira;14:40:00;SP;116;228;SAO PAULO;Acessar a via sem observar a presença dos outros veículos;Colisão lateral mesmo sentido;Com Vítimas Feridas;Pleno dia;Decrescente;Céu Claro;Múltipla;"Interseção de Vias;Desvio Temporário";Sim;2;0;1;0;1;0;1;2;-23,50536789;-46,56916738;SPRF-SP;DEL01-SP;UOP01-DEL01-SP
694064;27/05/2025;terça-feira;14:20:00;SC;470;72,8;INDAIAL;Ausência de reação do condutor;Colisão lateral mesmo sentido;Com Vítimas Feridas;Pleno dia;Crescente;Céu Claro;Dupla;Reta;Não;5;0;0;1;4;0;1;2;-26,90783469;-49,27422881;SPRF-SC;DEL04-SC;UOP01-DEL04-SC
694065;27/05/2025;terça-feira;14:50:00;SC;280;127,8;RIO NEGRINHO;Transitar na contramão;Colisão transversal;Com Vítimas Feridas;Pleno dia;Decrescente;Céu Claro;Simples;"Curva;Declive;Interseção de Vias";Sim;3;0;1;0;2;0;1;2;-26,242945;-49,512396;SPRF-SC;DEL06-SC;UOP03-DEL06-SC