id;data_inversa;dia_semana;horario;uf;br;km;municipio;causa_acidente;tipo_acidente;classificacao_acidente;fase_dia;sentido_via;condicao_metereologica;tipo_pista;tracado_via;uso_solo;pessoas;mortos;feridos_leves;feridos_graves;ilesos;ignorados;feridos;veiculos;latitude;longitude;regional;delegacia;uop
694067;27/05/2025;terça-feira;13:20:00;RO;364;374;OURO PRETO DO OESTE;Acessar a via sem observar a presença dos outros veículos;Colisão transversal;Com Vítimas Feridas;Pleno dia;Crescente;Céu Claro;Simples;"Interseção de Vias;Reta";Não;6;0;1;1;1;3;2;3;-10,74411756;-62,17975108;SPRF-RO;DEL02-RO;UOP01-DEL02-RO
694069;27/05/2025;terça-feira;12:40:00;RS;287;341;SAO VICENTE DO SUL;Reação tardia ou ineficiente do condutor;Saída de leito carroçável;Com Vítimas Feridas;Pleno dia;Crescente;Chuva;Simples;Reta;Não;1;0;1;0;0;0;1;1;-29,582841;-54,683635;SPRF-RS;DEL12-RS;UOP02-DEL12-RS
694070;27/05/2025;terça-feira;13:10:00;RJ;116;180;NOVA IGUACU;Demais falhas mecânicas ou elétricas;Incêndio;Sem Vítimas;Pleno dia;Decrescente;Céu Claro;Dupla;Reta;Sim;1;0;0;0;1;0;0;1;-22,76659465;-43,41343816;SPRF-RJ;DEL06-RJ;UOP01-DEL06-RJ
694071;27/05/2025;terça-feira;14:30:00;MS;163;264,9;DOURADOS;Desrespeitar a preferência no cruzamento;Colisão transversal;Com Vítimas Feridas;Pleno dia;Crescente;Céu Claro;Dupla;Rotatória;Sim;2;0;0;1;1;0;1;2;-22,22374034;-54,73121524;SPRF-MS;DEL04-MS;UOP01-DEL04-MS
694072;27/05/2025;terça-feira;11:30:00;GO;60;392;RIO VERDE;Acumulo de areia ou detritos sobre o pavimento;Tombamento;Com Vítimas Feridas;Pleno dia;Decrescente;Céu Claro;Dupla;Reta;Não;1;0;1;0;0;0;1;1;-17,82428977;-50,99226097;SPRF-GO;DEL04-GO;UOP02-DEL04-GO
694073;27/05/2025;terça-feira;13:35:00;RJ;116;183;RIO DE JANEIRO;Condutor deixou de manter distância do veículo da frente;Colisão traseira;Com Vítimas Feridas;Pleno dia;Crescente;Céu Claro;Dupla;Reta;Não;2;0;1;0;1;0;1;2;-22,8044597;-43,345173;SPRF-RJ;DEL06-RJ;UOP01-DEL06-RJ
694075;19/05/2025;segunda-feira;22:35:00;MG;262;42;MANHUACU;Ingestão de álcool pelo condutor;Saída de leito carroçável;Sem Vítimas;Plena Noite;Crescente;Céu Claro;Simples;Curva;Não;1;0;0;0;1;0;0;1;-20,26357433;-42,07960367;SPRF-MG;DEL06-MG;UOP03-DEL06-MG
694076;09/03/2025;domingo;19:00:00;MA;316;349,7;BACABAL;Reação tardia ou ineficiente do condutor;Colisão frontal;Com Vítimas Feridas;Plena Noite;Decrescente;Nublado;Simples;Reta;Não;2;0;0;1;0;1;1;2;-4,22462017;-44,8397921;SPRF-MA;DEL02-MA;UOP01-DEL02-MA
694077;23/05/2025;sexta-feira;18:02:00;RJ;116;279;BARRA MANSA;Ingestão de álcool pelo condutor;Colisão traseira;Com Vítimas Feridas;Plena Noite;Decrescente;Céu Claro;Simples;"Reta;Ponte";Sim;2;0;1;0;1;0;1;2;-22,55017956;-44,18477988;SPRF-RJ;DEL07-RJ;UOP02-DEL07-RJ
694080;27/05/2025;terça-feira;17:05:00;SP;116;207;GUARULHOS;Estacionar ou parar em local proibido;Colisão traseira;Com Vítimas Feridas;Anoitecer;Crescente;Nublado;Dupla;Reta;Não;2;0;2;0;0;0;2;2;-23,41993562;-46,38555408;SPRF-SP;DEL01-SP;UOP01-DEL01-SP
694081;27/05/2025;terça-feira;15:00:00;MG;116;373,7;FREI INOCENCIO;Desrespeitar a preferência no cruzamento;Colisão transversal;Com Vítimas Feridas;Pleno dia;Crescente;Nublado;Múltipla;"Reta;Interseção de Vias";Sim;2;0;1;0;1;0;1;2;-18,563479;-41,906851;SPRF-MG;DEL11-MG;UOP01-DEL11-MG
694082;27/05/2025;terça-feira;16:30:00;SC;101;337;TUBARAO;Mal súbito do condutor;Saída de leito carroçável;Com Vítimas Feridas;Pleno dia;Decrescente;Nublado;Múltipla;"Curva;Declive";Não;1;0;1;0;0;0;1;1;-28,488255;-49,03851;SPRF-SC;DEL02-SC;UOP01-DEL02-SC
694084;27/05/2025;terça-feira;17:20:00;PB;101;42,4;MAMANGUAPE;Ausência de reação do condutor;Tombamento;Com Vítimas Feridas;Plena Noite;Decrescente;Céu Claro;Dupla;"Interseção de Vias;Curva";Não;1;0;1;0;0;0;1;1;-6,860462;-35,133615;SPRF-PB;DEL01-PB;UOP03-DEL01-PB
694086;27/05/2025;terça-feira;17:10:00;SP;116;213;GUARULHOS;Ausência de reação do condutor;Colisão traseira;Com Vítimas Feridas;Anoitecer;Crescente;Céu Claro;Dupla;Reta;Sim;2;0;0;1;1;0;1;2;-23,442213;-46,44379932;SPRF-SP;DEL01-SP;UOP01-DEL01-SP
694087;27/05/2025;terça-feira;17:35:00;SC;470;140,3;RIO DO SUL;Ultrapassagem Indevida;Colisão transversal;Com Vítimas Feridas;Anoitecer;Crescente;Nublado;Simples;Reta;Sim;2;0;1;0;1;0;1;2;-27,20497898;-49,64076726;SPRF-SC;DEL04-SC;UOP02-DEL04-SC
694088;27/05/2025;terça-feira;17:50:00;MG;381;485;BETIM;Reação tardia ou ineficiente do condutor;Engavetamento;Com Vítimas Feridas;Plena Noite;Decrescente;Céu Claro;Múltipla;Reta;Sim;5;0;0;1;4;0;1;5;-19,956138;-44,102526;SPRF-MG;DEL01-MG;UOP03-DEL01-MG
694089;27/05/2025;terça-feira;18:00:00;RS;116;241;NOVO HAMBURGO;Chuva;Tombamento;Com Vítimas Feridas;Plena Noite;Crescente;Chuva;Dupla;Reta;Sim;1;0;0;1;0;0;1;1;-29,71386662;-51,14784948;SPRF-RS;DEL01-RS;UOP02-DEL01-RS
694092;27/05/2025;terça-feira;18:05:00;MG;381;7;BETIM;Manobra de mudança de faixa;Colisão lateral mesmo sentido;Com Vítimas Feridas;Anoitecer;Crescente;Céu Claro;Múltipla;Interseção de Vias;Sim;3;0;2;0;1;0;2;2;-19,9965522;-44,2090239;SPRF-MG;DEL01-MG;UOP03-DEL01-MG
694093;27/05/2025;terça-feira;18:15:00;MG;381;454,8;BELO HORIZONTE;Conversão proibida;Colisão lateral mesmo sentido;Com Vítimas Feridas;Plena Noite;Decrescente;Céu Claro;Simples;Reta;Sim;3;0;2;0;1;0;2;2;-19,839353;-43,878036;SPRF-MG;DEL01-MG;UOP01-DEL01-MG
694094;27/05/2025;terça-feira;17:40:00;RJ;40;109;DUQUE DE CAXIAS;Ausência de reação do condutor;Colisão traseira;Com Vítimas Feridas;Plena Noite;Decrescente;Céu Claro;Dupla;Reta;Não;2;0;1;0;0;1;1;2;-22,680391;-43,28527451;SPRF-RJ;DEL01-RJ;UOP02-DEL01-RJ
694095;27/05/2025;terça-feira;17:50:00;RS;116;148,5;CAXIAS DO SUL;Trafegar com motocicleta (ou similar) entre as faixas;Atropelamento de Pedestre;Com Vítimas Feridas;Plena Noite;Crescente;Chuva;Dupla;"Reta;Aclive";Sim;4;0;0;1;3;0;1;4;-29,158111;-51,153265;SPRF-RS;DEL05-RS;UOP01-DEL05-RS
694098;27/05/2025;terça-feira;13:45:00;BA;367;29;PORTO SEGURO;Acessar a via sem observar a presença dos outros veículos;Colisão transversal;Com Vítimas Feridas;Pleno dia;Crescente;Céu Claro;Simples;Interseção de Vias;Não;2;0;1;0;1;0;1;2;-16,3975588;-39,1172799;SPRF-BA;DEL09-BA;UOP03-DEL09-BA
694099;27/05/2025;terça-feira;17:30:00;SP;116;225;GUARULHOS;Manobra de mudança de faixa;Queda de ocupante de veículo;Com Vítimas Feridas;Anoitecer;Decrescente;Nublado;Múltipla;Declive;Sim;3;0;1;0;0;2;1;3;-23,48907331;-46,54577215;SPRF-SP;DEL01-SP;UOP01-DEL01-SP
694100;27/05/2025;terça-feira;18:50:00;SP;116;221;GUARULHOS;Ausência de reação do condutor;Colisão com objeto;Com Vítimas Feridas;Anoitecer;Crescente;Céu Claro;Múltipla;"Em Obras;Reta";Sim;1;0;1;0;0;0;1;1;-23,46860209;-46,5103299;SPRF-SP;DEL01-SP;UOP01-DEL01-SP
694102;27/05/2025;terça-feira;19:15:00;GO;153;491;GOIANIA;Ausência de reação do condutor;Atropelamento de Pedestre;Com Vítimas Fatais;Plena Noite;Crescente;Céu Claro;Dupla;Reta;Sim;2;1;0;1;0;0;1;2;-16,62063388;-49,20651913;SPRF-GO;DEL01-GO;UOP01-DEL01-GO
694103;15/03/2025;sábado;18:30:00;PI;20;374;MONSENHOR HIPOLITO;Ausência de reação do condutor;Colisão traseira;Com Vítimas Feridas;Plena Noite;Crescente;Céu Claro;Simples;Reta;Sim;2;0;0;1;0;1;1;2;-6,80180774;-41,0234375;SPRF-PI;DEL04-PI;UOP01-DEL04-PI
694104;27/05/2025;terça-feira;17:45:00;MT;163;834;SINOP;Acessar a via sem observar a presença dos outros veículos;Colisão transversal;Com Vítimas Feridas;Anoitecer;Crescente;Céu Claro;Simples;Retorno Regulamentado;Não;2;0;1;0;1;0;1;2;-11,86640021;-55,49634788;SPRF-MT;DEL06-MT;UOP02-DEL06-MT
694105;27/05/2025;terça-feira;19:00:00;SC;101;198,8;SAO JOSE;Acessar a via sem observar a presença dos outros veículos;Colisão lateral mesmo sentido;Com Vítimas Feridas;Plena Noite;Decrescente;Céu Claro;Múltipla;Reta;Sim;2;0;1;0;1;0;1;2;-27,532917;-48,630912;SPRF-SC;DEL01-SC;UOP01-DEL01-SC
694107;27/05/2025;terça-feira;10:40:00;MG;381;213;NAQUE;Reação tardia ou ineficiente do condutor;Colisão traseira;Sem Vítimas;Pleno dia;Crescente;Céu Claro;Simples;"Reta;Em Obras";Não;2;0;0;0;2;0;0;2;-19,22023434;-42,31069863;SPRF-MG;DEL06-MG;UOP01-DEL06-MG
694108;27/05/2025;terça-feira;19:00:00;RS;290;16,9;SANTO ANTONIO DA PATRULHA;Demais falhas mecânicas ou elétricas;Incêndio;Sem Vítimas;Plena Noite;Crescente;Garoa/Chuvisco;Dupla;Reta;Não;2;0;0;0;2;0;0;1;-29,87528957;-50,42479841;SPRF-RS;DEL03-RS;UOP01-DEL03-RS
694110;27/05/2025;terça-feira;19:00:00;RS;386;339;LAJEADO;Avarias e/ou desgaste excessivo no pneu;Tombamento;Com Vítimas Feridas;Plena Noite;Crescente;Chuva;Múltipla;Reta;Não;2;0;1;0;0;1;1;2;-29,41114867;-52,02826312;SPRF-RS;DEL04-RS;UOP01-DEL04-RS
694111;27/05/2025;terça-feira;18:00:00;SC;280;81,6;CORUPA;Acessar a via sem observar a presença dos outros veículos;Colisão lateral mesmo sentido;Com Vítimas Feridas;Anoitecer;Decrescente;Céu Claro;Simples;"Reta;Aclive;Interseção de Vias";Sim;2;0;1;0;1;0;1;2;-26,437492;-49,237079;SPRF-SC;DEL06-SC;UOP03-DEL06-SC
694112;27/05/2025;terça-feira;18:40:00;PR;116;118;CURITIBA;Trafegar com motocicleta (ou similar) entre as faixas;Colisão traseira;Com Vítimas Feridas;Plena Noite;Crescente;Nublado;Dupla;Reta;Sim;4;0;3;0;1;0;3;3;-25,5599896;-49,30743154;SPRF-PR;DEL01-PR;UOP03-DEL01-PR
694113;27/05/2025;terça-feira;18:30:00;MS;163;255,5;DOURADOS;Ingestão de álcool pelo condutor;Colisão traseira;Com Vítimas Fatais;Plena Noite;Decrescente;Céu Claro;Dupla;Reta;Sim;2;1;0;0;1;0;0;2;-22,26283108;-54,80621902;SPRF-MS;DEL04-MS;UOP01-DEL04-MS
694114;27/05/2025;terça-feira;19:00:00;SE;235;9;NOSSA SENHORA DO SOCORRO;Reação tardia ou ineficiente do condutor;Tombamento;Com Vítimas Feridas;Plena Noite;Crescente;Céu Claro;Simples;Reta;Sim;2;0;1;0;0;1;1;2;-10,88376643;-37,13873506;SPRF-SE;DEL01-SE;UOP01-DEL01-SE
694115;27/05/2025;terça-feira;18:15:00;BA;116;495;RAFAEL JAMBEIRO;Ausência de reação do condutor;Colisão com objeto;Com Vítimas Feridas;Plena Noite;Crescente;Céu Claro;Simples;Curva;Não;4;0;2;1;1;0;3;1;-12,57876;-39,510417;SPRF-BA;DEL02-BA;UOP01-DEL02-BA
694116;27/05/2025;terça-feira;19:40:00;SC;116;18,3;MAFRA;Ausência de sinalização;Colisão com objeto;Sem Vítimas;Plena Noite;Crescente;Nublado;Simples;"Reta;Aclive";Não;3;0;0;0;3;0;0;2;-26,20172146;-49,88053513;SPRF-SC;DEL06-SC;UOP01-DEL06-SC
694118;27/05/2025;terça-feira;16:00:00;AM;174;983;PRESIDENTE FIGUEIREDO;Demais falhas mecânicas ou elétricas;Incêndio;Sem Vítimas;Pleno dia;Crescente;Garoa/Chuvisco;Simples;Reta;Não;1;0;0;0;0;1;0;1;-1,4520011;-60,025948;SPRF-AM;DEL01-AM;UOP02-DEL01-AM
694119;27/05/2025;terça-feira;18:35:00;BA;242;412;SEABRA;Iluminação deficiente;Atropelamento de Pedestre;Com Vítimas Feridas;Plena Noite;Decrescente;Nublado;Simples;Reta;Não;2;0;2;0;0;0;2;2;-12,442735;-41,752936;SPRF-BA;DEL06-BA;UOP01-DEL06-BA
694120;27/05/2025;terça-feira;19:20:00;PE;232;211;PESQUEIRA;Ingestão de álcool pelo condutor;Colisão traseira;Com Vítimas Feridas;Plena Noite;Decrescente;Céu Claro;Simples;Reta;Sim;3;0;1;0;2;0;1;2;-8,369793;-36,707072;SPRF-PE;DEL03-PE;UOP02-DEL03-PE
694121;27/05/2025;terça-feira;19:53:00;PB;230;14;CABEDELO;Ausência de reação do condutor;Colisão com objeto;Com Vítimas Feridas;Plena Noite;Crescente;Céu Claro;Dupla;"Reta;Aclive";Sim;1;0;1;0;0;0;1;1;-7,0974172;-34,8479502;SPRF-PB;DEL01-PB;UOP01-DEL01-PB
694122;27/05/2025;terça-feira;19:20:00;RS;116;159,6;CAXIAS DO SUL;Reação tardia ou ineficiente do condutor;Colisão com objeto;Sem Vítimas;Plena Noite;Crescente;Chuva;Simples;Reta;Sim;3;0;0;0;3;0;0;3;-29,229609;-51,159127;SPRF-RS;DEL05-RS;UOP01-DEL05-RS
694123;27/05/2025;terça-feira;18:30:00;RS;116;159,4;CAXIAS DO SUL;Ausência de reação do condutor;Saída de leito carroçável;Com Vítimas Feridas;Plena Noite;Decrescente;Chuva;Simples;Reta;Não;2;0;2;0;0;0;2;1;-29,22757925;-51,15900105;SPRF-RS;DEL05-RS;UOP01-DEL05-RS
694125;27/05/2025;terça-feira;18:30:00;MG;262;36,1;MANHUACU;Condutor deixou de manter distância do veículo da frente;Colisão traseira;Sem Vítimas;Plena Noite;Crescente;Nublado;Simples;"Curva;Declive";Sim;3;0;0;0;3;0;0;2;-20,26455;-42,035968;SPRF-MG;DEL06-MG;UOP03-DEL06-MG
694126;27/05/2025;terça-feira;10:25:00;RJ;40;35;AREAL;Velocidade Incompatível;Queda de ocupante de veículo;Com Vítimas Feridas;Pleno dia;Crescente;Nublado;Dupla;Curva;Não;1;0;1;0;0;0;1;1;-22,211208;-43,135841;SPRF-RJ;DEL05-RJ;UOP02-DEL05-RJ
694128;27/05/2025;terça-feira;11:30:00;MS;262;773,6;CORUMBA;Acessar a via sem observar a presença dos outros veículos;Eventos atípicos;Com Vítimas Feridas;Pleno dia;Crescente;Nublado;Simples;"Interseção de Vias;Reta";Sim;2;0;1;0;1;0;1;2;-19,032389;-57,651682;SPRF-MS;DEL03-MS;UOP03-DEL03-MS
694130;27/05/2025;terça-feira;20:00:00;MG;262;95,5;ABRE CAMPO;Pedestre - Ingestão de álcool/ substâncias psicoativas;Atropelamento de Pedestre;Com Vítimas Feridas;Plena Noite;Decrescente;Céu Claro;Simples;Aclive;Sim;2;0;0;1;1;0;1;2;-20,29762522;-42,4768372;SPRF-MG;DEL03-MG;UOP03-DEL03-MG
694132;27/05/2025;terça-feira;19:40:00;MS;163;109;ITAQUIRAI;Ingestão de álcool pelo condutor;Eventos atípicos;Com Vítimas Feridas;Plena Noite;Crescente;Céu Claro;Dupla;Reta;Não;1;0;1;0;0;0;1;1;-23,204712;-54,204366;SPRF-MS;DEL09-MS;UOP01-DEL09-MS
694134;27/05/2025;terça-feira;19:20:00;RJ;40;113;DUQUE DE CAXIAS;Manobra de mudança de faixa;Colisão lateral mesmo sentido;Com Vítimas Feridas;Plena Noite;Decrescente;Céu Claro;Dupla;Reta;Não;2;0;1;0;0;1;1;2;-22,71806554;-43,28969155;SPRF-RJ;DEL01-RJ;UOP02-DEL01-RJ
694135;27/05/2025;terça-feira;20:40:00;MG;146;436,2;CABO VERDE;Animais na Pista;Atropelamento de Animal;Com Vítimas Feridas;Plena Noite;Decrescente;Céu Claro;Simples;Reta;Não;1;0;1;0;0;0;1;1;-21,447408;-46,417287;SPRF-MG;DEL09-MG;UOP01-DEL09-MG
694136;27/05/2025;terça-feira;18:55:00;RO;364;332;JI-PARANA;Transitar no Acostamento;Colisão lateral mesmo sentido;Com Vítimas Feridas;Plena Noite;Crescente;Céu Claro;Simples;Reta;Não;2;0;1;0;1;0;1;2;-10,962535;-61,917357;SPRF-RO;DEL02-RO;UOP01-DEL02-RO
694137;27/05/2025;terça-feira;21:10:00;RN;101;110;PARNAMIRIM;Avarias e/ou desgaste excessivo no pneu;Queda de ocupante de veículo;Com Vítimas Feridas;Pleno dia;Crescente;Céu Claro;Dupla;Reta;Não;1;0;1;0;0;0;1;1;-5,954978;-35,265957;SPRF-RN;DEL01-RN;UOP01-DEL01-RN
694138;27/05/2025;terça-feira;18:00:00;BA;110;20;PAULO AFONSO;Condutor deixou de manter distância do veículo da frente;Saída de leito carroçável;Com Vítimas Feridas;Plena Noite;Decrescente;Céu Claro;Simples;Reta;Não;2;0;0;1;0;1;1;2;-9,593448;-38,22536;SPRF-BA;DEL07-BA;UOP01-DEL07-BA
694139;27/05/2025;terça-feira;20:45:00;RJ;393;131;SAPUCAIA;Reação tardia ou ineficiente do condutor;Queda de ocupante de veículo;Com Vítimas Feridas;Plena Noite;Crescente;Nublado;Simples;Curva;Não;1;0;1;0;0;0;1;1;-21,98962131;-42,90391803;SPRF-RJ;DEL05-RJ;UOP01-DEL05-RJ
694140;27/05/2025;terça-feira;20:30:00;BA;324;623;SALVADOR;Demais falhas mecânicas ou elétricas;Incêndio;Sem Vítimas;Plena Noite;Crescente;Céu Claro;Dupla;Curva;Sim;1;0;0;0;1;0;0;1;-12,9357164;-38,471008;SPRF-BA;DEL01-BA;UOP01-DEL01-BA
694141;27/05/2025;terça-feira;18:40:00;MG;365;642,5;UBERLANDIA;Reação tardia ou ineficiente do condutor;Tombamento;Com Vítimas Feridas;Anoitecer;Crescente;Céu Claro;Dupla;"Reta;Em Obras";Não;1;0;1;0;0;0;1;1;-18,88123899;-48,49007813;SPRF-MG;DEL15-MG;UOP01-DEL15-MG
694143;27/05/2025;terça-feira;18:48:00;MG;40;589,5;ITABIRITO;Avarias e/ou desgaste excessivo no pneu;Colisão com objeto;Sem Vítimas;Plena Noite;Decrescente;Céu Claro;Simples;"Aclive;Curva";Sim;1;0;0;0;1;0;0;1;-20,354959;-43,909831;SPRF-MG;DEL01-MG;UOP02-DEL01-MG
694144;27/05/2025;terça-feira;17:40:00;RJ;101;325;NITEROI;Trafegar com motocicleta (ou similar) entre as faixas;Colisão lateral mesmo sentido;Com Vítimas Feridas;Anoitecer;Decrescente;Céu Claro;Múltipla;Reta;Sim;4;0;2;0;0;2;2;3;-22,87236571;-43,14013481;SPRF-RJ;DEL02-RJ;UOP01-DEL02-RJ
694146;27/05/2025;terça-feira;17:30:00;MA;316;543;CAXIAS;Acessar a via sem observar a presença dos outros veículos;Colisão transversal;Com Vítimas Feridas;Pleno dia;Crescente;Céu Claro;Simples;Reta;Não;3;0;3;0;0;0;3;2;-4,865244;-43,41751;SPRF-MA;DEL03-MA;UOP02-DEL03-MA
694148;27/05/2025;terça-feira;18:00:00;SC;280;127;RIO NEGRINHO;Acesso irregular;Colisão lateral mesmo sentido;Com Vítimas Feridas;Anoitecer;Crescente;Nublado;Simples;Reta;Sim;2;0;1;0;1;0;1;2;-26,24459637;-49,51689863;SPRF-SC;DEL06-SC;UOP03-DEL06-SC
694149;27/05/2025;terça-feira;22:15:00;ES;101;251,9;SERRA;Reação tardia ou ineficiente do condutor;Colisão com objeto;Com Vítimas Feridas;Plena Noite;Decrescente;Céu Claro;Simples;Reta;Não;1;0;1;0;0;0;1;1;-20,09685719;-40,33920818;SPRF-ES;DEL02-ES;UOP01-DEL02-ES
694150;27/05/2025;terça-feira;21:55:00;PE;101;57,5;RECIFE;Ausência de reação do condutor;Colisão traseira;Com Vítimas Feridas;Plena Noite;Crescente;Chuva;Dupla;Aclive;Sim;3;0;2;0;1;0;2;2;-7,966995;-34,917915;SPRF-PE;DEL01-PE;UOP02-DEL01-PE
694151;27/05/2025;terça-feira;22:20:00;DF;60;9,5;BRASILIA;Ausência de reação do condutor;Saída de leito carroçável;Com Vítimas Feridas;Pleno dia;Crescente;Céu Claro;Dupla;Reta;Sim;1;0;1;0;0;0;1;1;-15,908014;-48,14603;SPRF-DF;DEL03-DF;UOP01-DEL03-DF
694152;27/05/2025;terça-feira;22:15:00;MG;40;507,5;ESMERALDAS;Demais falhas mecânicas ou elétricas;Tombamento;Com Vítimas Feridas;Plena Noite;Decrescente;Céu Claro;Dupla;Reta;Sim;2;0;2;0;0;0;2;1;-19,70236781;-44,17231279;SPRF-MG;DEL02-MG;UOP01-DEL02-MG
694155;27/05/2025;terça-feira;19:10:00;PI;316;356;CAMPO GRANDE DO PIAUI;Deficiência do Sistema de Iluminação/Sinalização;Colisão traseira;Com Vítimas Feridas;Plena Noite;Decrescente;Céu Claro;Simples;Reta;Não;3;0;1;1;1;0;2;2;-7,12883687;-41,07431603;SPRF-PI;DEL04-PI;UOP03-DEL04-PI
694156;27/05/2025;terça-feira;22:35:00;MG;146;483;POCOS DE CALDAS;Condutor deixou de manter distância do veículo da frente;Colisão traseira;Com Vítimas Feridas;Plena Noite;Decrescente;Céu Claro;Simples;Curva;Não;3;0;1;0;2;0;1;2;-21,7868;-46,441383;SPRF-MG;DEL09-MG;UOP01-DEL09-MG
694158;27/05/2025;terça-feira;22:50:00;SP;116;308;SAO LOURENCO DA SERRA;Demais falhas mecânicas ou elétricas;Incêndio;Sem Vítimas;Plena Noite;Crescente;Nublado;Dupla;Reta;Não;1;0;0;0;1;0;0;1;-23,85929163;-46,94530978;SPRF-SP;DEL04-SP;UOP01-DEL04-SP
694159;27/05/2025;terça-feira;19:30:00;PB;230;466;SOUSA;Animais na Pista;Atropelamento de Animal;Com Vítimas Feridas;Plena Noite;Crescente;Céu Claro;Simples;Reta;Não;4;0;1;1;2;0;2;2;-6,781532;-38,266033;SPRF-PB;DEL03-PB;UOP03-DEL03-PB
694160;27/05/2025;terça-feira;23:20:00;RS;116;246;SAO LEOPOLDO;Ingestão de álcool pelo condutor;Colisão com objeto;Sem Vítimas;Plena Noite;Decrescente;Chuva;Múltipla;Reta;Sim;1;0;0;0;1;0;0;1;-29,75977612;-51,15193125;SPRF-RS;DEL01-RS;UOP02-DEL01-RS
694162;28/05/2025;quarta-feira;00:00:00;MG;381;448;SANTA LUZIA;Pedestre andava na pista;Atropelamento de Pedestre;Com Vítimas Fatais;Plena Noite;Crescente;Céu Claro;Simples;"Reta;Aclive";Sim;2;1;0;1;0;0;1;2;-19,8248068;-43,8215346;SPRF-MG;DEL01-MG;UOP01-DEL01-MG
694164;28/05/2025;quarta-feira;00:25:00;RJ;116;174;SAO JOAO DE MERITI;Avarias e/ou desgaste excessivo no pneu;Queda de ocupante de veículo;Com Vítimas Feridas;Plena Noite;Crescente;Céu Claro;Dupla;Reta;Sim;2;0;1;0;1;0;1;1;-22,7920413;-43,3679486;SPRF-RJ;DEL06-RJ;UOP01-DEL06-RJ
694165;27/05/2025;terça-feira;17:10:00;MT;70;662,8;CACERES;Chuva;Saída de leito carroçável;Com Vítimas Feridas;Anoitecer;Decrescente;Chuva;Simples;Reta;Não;1;0;1;0;0;0;1;1;-16,065;-57,271;SPRF-MT;DEL03-MT;UOP02-DEL03-MT
694166;28/05/2025;quarta-feira;00:40:00;PR;277;432;VIRMOND;Manobra de mudança de faixa;Colisão frontal;Com Vítimas Feridas;Plena Noite;Crescente;Chuva;Múltipla;"Aclive;Curva";Não;2;0;1;0;1;0;1;1;-25,375056;-52,235544;SPRF-PR;DEL04-PR;UOP02-DEL04-PR
694167;28/05/2025;quarta-feira;02:40:00;ES;101;265;SERRA;Ausência de reação do condutor;Capotamento;Com Vítimas Feridas;Plena Noite;Decrescente;Ignorado;Dupla;Reta;Sim;1;0;0;1;0;0;1;1;-20,18453806;-40,26700526;SPRF-ES;DEL02-ES;UOP01-DEL02-ES
694168;28/05/2025;quarta-feira;01:20:00;RO;364;201,3;PIMENTA BUENO;Animais na Pista;Atropelamento de Animal;Com Vítimas Feridas;Pleno dia;Crescente;Céu Claro;Simples;"Declive;Reta";Sim;1;0;1;0;0;0;1;1;-11,64197492;-61,19637815;SPRF-RO;DEL02-RO;UOP02-DEL02-RO
694169;28/05/2025;quarta-feira;03:30:00;DF;40;1,9;BRASILIA;Reação tardia ou ineficiente do condutor;Colisão com objeto;Sem Vítimas;Plena Noite;Crescente;Céu Claro;Dupla;"Viaduto;Reta";Sim;1;0;0;0;0;1;0;1;-15,979988;-47,98503;SPRF-DF;DEL01-DF;UOP01-DEL01-DF
694170;28/05/2025;quarta-feira;03:20:00;GO;414;374;COCALZINHO DE GOIAS;Acessar a via sem observar a presença dos outros veículos;Atropelamento de Pedestre;Com Vítimas Fatais;Plena Noite;Crescente;Céu Claro;Dupla;"Reta;Declive";Sim;2;1;0;0;1;0;0;2;-15,7827826;-48,7685389;SPRF-GO;DEL02-GO;UOP01-DEL02-GO
694173;28/05/2025;quarta-feira;04:30:00;GO;153;691,5;ITUMBIARA;Pedestre andava na pista;Atropelamento de Pedestre;Com Vítimas Fatais;Pleno dia;Decrescente;Céu Claro;Dupla;Reta;Não;3;1;0;0;2;0;0;2;-18,31244417;-49,23166752;SPRF-GO;DEL03-GO;UOP02-DEL03-GO
694174;28/05/2025;quarta-feira;04:45:00;RS;290;93,2;PORTO ALEGRE;Ingestão de álcool pelo condutor;Colisão com objeto;Com Vítimas Feridas;Plena Noite;Decrescente;Chuva;Múltipla;Reta;Sim;1;0;1;0;0;0;1;1;-29,97100603;-51,19093419;SPRF-RS;DEL01-RS;UOP01-DEL01-RS
694176;28/05/2025;quarta-feira;05:15:00;SC;101;216;PALHOCA;Ingestão de álcool pelo condutor;Saída de leito carroçável;Sem Vítimas;Plena Noite;Crescente;Chuva;Simples;Reta;Sim;1;0;0;0;1;0;0;1;-27,66083995;-48,67702668;SPRF-SC;DEL01-SC;UOP02-DEL01-SC
694177;28/05/2025;quarta-feira;05:55:00;MG;251;514,9;MONTES CLAROS;Afundamento ou ondulação no pavimento;Queda de ocupante de veículo;Com Vítimas Feridas;Amanhecer;Decrescente;Céu Claro;Simples;Reta;Não;1;0;1;0;0;0;1;1;-16,6586823;-43,7264932;SPRF-MG;DEL12-MG;UOP01-DEL12-MG