id;data_inversa;dia_semana;horario;uf;br;km;municipio;causa_acidente;tipo_acidente;classificacao_acidente;fase_dia;sentido_via;condicao_metereologica;tipo_pista;tracado_via;uso_solo;pessoas;mortos;feridos_leves;feridos_graves;ilesos;ignorados;feridos;veiculos;latitude;longitude;regional;delegacia;uop
694313;28/05/2025;quarta-feira;18:20:00;RS;470;217;BENTO GONCALVES;Acessar a via sem observar a presença dos outros veículos;Colisão transversal;Com Vítimas Feridas;Plena Noite;Crescente;Chuva;Dupla;Rotatória;Sim;2;0;1;0;1;0;1;2;-29,17503467;-51,52310936;SPRF-RS;DEL06-RS;UOP01-DEL06-RS
694314;28/05/2025;quarta-feira;18:30:00;RJ;101;61;CAMPOS DOS GOYTACAZES;Acessar a via sem observar a presença dos outros veículos;Colisão transversal;Com Vítimas Feridas;Plena Noite;Crescente;Céu Claro;Simples;Reta;Sim;3;0;2;0;0;1;2;2;-21,731798;-41,323942;SPRF-RJ;DEL08-RJ;UOP01-DEL08-RJ
694316;28/05/2025;quarta-feira;18:29:00;RJ;116;180;NOVA IGUACU;Manobra de mudança de faixa;Colisão traseira;Com Vítimas Feridas;Plena Noite;Crescente;Céu Claro;Múltipla;Reta;Sim;1;0;0;1;0;0;1;1;-22,76288568;-43,42147826;SPRF-RJ;DEL06-RJ;UOP01-DEL06-RJ
694317;28/05/2025;quarta-feira;18:00:00;ES;101;264;SERRA;Ausência de reação do condutor;Colisão traseira;Com Vítimas Feridas;Anoitecer;Decrescente;Chuva;Múltipla;Interseção de Vias;Sim;2;0;0;1;1;0;1;2;-20,17804445;-40,26562982;SPRF-ES;DEL02-ES;UOP01-DEL02-ES
694319;28/05/2025;quarta-feira;18:10:00;MG;381;857,4;POUSO ALEGRE;Transitar no Acostamento;Colisão lateral mesmo sentido;Com Vítimas Feridas;Plena Noite;Decrescente;Nublado;Dupla;Reta;Não;3;0;2;0;1;0;2;2;-22,30005562;-45,90010643;SPRF-MG;DEL16-MG;UOP01-DEL16-MG
694320;28/05/2025;quarta-feira;18:30:00;RS;290;95;PORTO ALEGRE;Reação tardia ou ineficiente do condutor;Colisão traseira;Com Vítimas Feridas;Plena Noite;Crescente;Chuva;Múltipla;Reta;Sim;3;0;1;0;2;0;1;3;-29,98608872;-51,20300531;SPRF-RS;DEL01-RS;UOP01-DEL01-RS
694321;28/05/2025;quarta-feira;17:44:00;RN;406;125;TAIPU;Ausência de reação do condutor;Colisão traseira;Com Vítimas Feridas;Anoitecer;Decrescente;Céu Claro;Simples;Reta;Não;3;0;0;2;1;0;2;2;-5,5968496;-35,6255502;SPRF-RN;DEL02-RN;UOP01-DEL02-RN
694323;28/05/2025;quarta-feira;19:00:00;RN;101;76,3;NATAL;Frear bruscamente;Queda de ocupante de veículo;Com Vítimas Fatais;Plena Noite;Decrescente;Nublado;Dupla;Reta;Sim;2;1;1;0;0;0;1;1;-5,72686798;-35,2862596;SPRF-RN;DEL02-RN;UOP01-DEL02-RN
694326;28/05/2025;quarta-feira;18:25:00;SP;153;40,5;ONDA VERDE;Avarias e/ou desgaste excessivo no pneu;Saída de leito carroçável;Com Vítimas Feridas;Plena Noite;Decrescente;Garoa/Chuvisco;Simples;"Reta;Aclive";Não;2;0;2;0;0;0;2;1;-20,62560551;-49,33557308;SPRF-SP;DEL09-SP;UOP01-DEL09-SP
694327;28/05/2025;quarta-feira;18:40:00;DF;60;10;BRASILIA;Ausência de reação do condutor;Colisão traseira;Com Vítimas Feridas;Plena Noite;Crescente;Céu Claro;Dupla;Reta;Não;2;0;1;0;1;0;1;2;-15,912392;-48,16008;SPRF-DF;DEL03-DF;UOP01-DEL03-DF
694328;28/05/2025;quarta-feira;19:20:00;SP;381;55;MAIRIPORA;Condutor deixou de manter distância do veículo da frente;Colisão lateral mesmo sentido;Com Vítimas Feridas;Plena Noite;Crescente;Nublado;Dupla;"Reta;Aclive";Sim;1;0;1;0;0;0;1;1;-23,25574276;-46,5931019;SPRF-SP;DEL03-SP;UOP01-DEL03-SP
694331;28/05/2025;quarta-feira;19:00:00;MG;267;129,2;JUIZ DE FORA;Entrada inopinada do pedestre;Atropelamento de Pedestre;Com Vítimas Fatais;Plena Noite;Crescente;Nublado;Simples;Reta;Não;2;1;0;0;1;0;0;2;-21,723;-43,539;SPRF-MG;DEL05-MG;UOP01-DEL05-MG
694332;28/05/2025;quarta-feira;17:30:00;AC;364;120;RIO BRANCO;Conversão proibida;Colisão transversal;Com Vítimas Feridas;Anoitecer;Decrescente;Céu Claro;Dupla;Reta;Não;2;0;0;1;1;0;1;2;-10,012675;-67,7658914;SPRF-AC;DEL01-AC;UOP01-DEL01-AC
694334;28/05/2025;quarta-feira;19:45:00;PE;232;126,2;CARUARU;Acessar a via sem observar a presença dos outros veículos;Colisão transversal;Com Vítimas Feridas;Plena Noite;Crescente;Céu Claro;Dupla;Reta;Não;3;0;2;1;0;0;3;2;-8,30588;-35,96229;SPRF-PE;DEL02-PE;UOP01-DEL02-PE
694336;28/05/2025;quarta-feira;19:30:00;RS;470;159,5;NOVA PRATA;Desrespeitar a preferência no cruzamento;Colisão transversal;Com Vítimas Feridas;Plena Noite;Crescente;Chuva;Simples;"Interseção de Vias;Reta";Sim;3;0;1;1;1;0;2;2;-28,80795715;-51,60359784;SPRF-RS;DEL06-RS;UOP02-DEL06-RS
694337;28/05/2025;quarta-feira;19:20:00;SC;470;138,1;RIO DO SUL;Acessar a via sem observar a presença dos outros veículos;Colisão transversal;Com Vítimas Feridas;Plena Noite;Decrescente;Garoa/Chuvisco;Simples;"Reta;Interseção de Vias";Sim;3;0;1;0;2;0;1;2;-27,1722265;-49,5810976;SPRF-SC;DEL04-SC;UOP02-DEL04-SC
694338;28/05/2025;quarta-feira;19:30:00;MG;40;511;RIBEIRAO DAS NEVES;Acessar a via sem observar a presença dos outros veículos;Colisão transversal;Com Vítimas Feridas;Plena Noite;Crescente;Céu Claro;Dupla;"Reta;Retorno Regulamentado";Não;2;0;0;1;1;0;1;2;-19,78614305;-44,11481344;SPRF-MG;DEL01-MG;UOP02-DEL01-MG
694339;28/05/2025;quarta-feira;19:05:00;SC;470;66,3;INDAIAL;Pedestre andava na pista;Atropelamento de Pedestre;Com Vítimas Feridas;Plena Noite;Crescente;Nublado;Simples;Retorno Regulamentado;Sim;4;0;3;0;1;0;3;2;-26,8698888;-49,22490684;SPRF-SC;DEL04-SC;UOP01-DEL04-SC
694341;28/05/2025;quarta-feira;18:35:00;RJ;393;286;VOLTA REDONDA;Condutor deixou de manter distância do veículo da frente;Colisão traseira;Com Vítimas Feridas;Plena Noite;Decrescente;Nublado;Simples;Reta;Sim;3;0;2;0;1;0;2;2;-22,507805;-44,078401;SPRF-RJ;DEL05-RJ;UOP04-DEL05-RJ
694342;28/05/2025;quarta-feira;20:15:00;TO;153;334,6;GUARAI;Acessar a via sem observar a presença dos outros veículos;Colisão transversal;Com Vítimas Feridas;Plena Noite;Crescente;Céu Claro;Dupla;Interseção de Vias;Sim;2;0;2;0;0;0;2;2;-8,83899795;-48,51198105;SPRF-TO;DEL02-TO;UOP02-DEL02-TO
694344;28/05/2025;quarta-feira;19:30:00;MA;316;610,1;TIMON;Acessar a via sem observar a presença dos outros veículos;Atropelamento de Pedestre;Com Vítimas Fatais;Plena Noite;Crescente;Céu Claro;Múltipla;"Reta;Aclive";Sim;2;1;0;0;0;1;0;2;-5,069441;-42,877422;SPRF-MA;DEL03-MA;UOP02-DEL03-MA
694345;28/05/2025;quarta-feira;02:00:00;RJ;101;307;SAO GONCALO;Ausência de sinalização;Colisão lateral mesmo sentido;Com Vítimas Feridas;Plena Noite;Crescente;Céu Claro;Dupla;Reta;Não;5;0;2;1;2;0;3;2;-22,79157745;-43,01728813;SPRF-RJ;DEL02-RJ;UOP02-DEL02-RJ
694346;28/05/2025;quarta-feira;20:40:00;RJ;493;105,3;SEROPEDICA;Ausência de reação do condutor;Saída de leito carroçável;Com Vítimas Feridas;Plena Noite;Decrescente;Céu Claro;Dupla;Curva;Não;1;0;1;0;0;0;1;1;-22,7804351;-43,75107765;SPRF-RJ;DEL01-RJ;UOP03-DEL01-RJ
694347;28/05/2025;quarta-feira;20:30:00;PR;376;235;APUCARANA;Pedestre andava na pista;Atropelamento de Pedestre;Com Vítimas Fatais;Plena Noite;Decrescente;Garoa/Chuvisco;Dupla;"Declive;Reta";Não;3;1;0;0;1;1;0;2;-23,58469203;-51,46777153;SPRF-PR;DEL07-PR;UOP03-DEL07-PR
694348;28/05/2025;quarta-feira;19:10:00;RJ;40;92;PETROPOLIS;Reação tardia ou ineficiente do condutor;Colisão com objeto;Sem Vítimas;Plena Noite;Crescente;Céu Claro;Dupla;"Curva;Declive";Não;1;0;0;0;1;0;0;1;-22,554192;-43,253197;SPRF-RJ;DEL01-RJ;UOP01-DEL01-RJ
694349;28/05/2025;quarta-feira;19:30:00;MT;364;214;RONDONOPOLIS;Chuva;Colisão com objeto;Com Vítimas Feridas;Plena Noite;Crescente;Chuva;Dupla;Reta;Não;1;0;1;0;0;0;1;1;-16,39829511;-54,71496105;SPRF-MT;DEL02-MT;UOP01-DEL02-MT
694350;28/05/2025;quarta-feira;21:28:00;TO;153;627;GURUPI;Ausência de reação do condutor;Atropelamento de Animal;Com Vítimas Feridas;Plena Noite;Crescente;Céu Claro;Simples;Declive;Não;1;0;1;0;0;0;1;1;-11,65915461;-49,0602808;SPRF-TO;DEL01-TO;UOP02-DEL01-TO
694351;28/05/2025;quarta-feira;20:55:00;SC;282;19;PALHOCA;Ausência de reação do condutor;Queda de ocupante de veículo;Com Vítimas Feridas;Plena Noite;Crescente;Céu Claro;Simples;Reta;Sim;2;0;1;0;1;0;1;2;-27,66664838;-48,6888263;SPRF-SC;DEL01-SC;UOP02-DEL01-SC
694352;28/05/2025;quarta-feira;19:39:00;AC;364;137;RIO BRANCO;Reação tardia ou ineficiente do condutor;Colisão traseira;Com Vítimas Feridas;Plena Noite;Decrescente;Nublado;Dupla;Rotatória;Não;2;0;1;0;1;0;1;2;-9,96906459;-67,85304268;SPRF-AC;DEL01-AC;UOP01-DEL01-AC
694353;12/05/2025;segunda-feira;06:52:00;BA;324;616;SALVADOR;Manobra de mudança de faixa;Colisão lateral mesmo sentido;Com Vítimas Feridas;Pleno dia;Decrescente;Sol;Múltipla;Reta;Sim;2;0;1;0;0;1;1;2;-12,8872251;-38,4397226;SPRF-BA;DEL01-BA;UOP01-DEL01-BA
694354;28/05/2025;quarta-feira;19:40:00;RJ;393;236;VASSOURAS;Mal súbito do condutor;Queda de ocupante de veículo;Com Vítimas Feridas;Plena Noite;Crescente;Céu Claro;Simples;Reta;Sim;2;0;2;0;0;0;2;2;-22,41912179;-43,68318558;SPRF-RJ;DEL05-RJ;UOP03-DEL05-RJ
694355;28/05/2025;quarta-feira;20:20:00;SC;101;104;BALNEARIO PICARRAS;Velocidade Incompatível;Colisão com objeto;Com Vítimas Feridas;Plena Noite;Decrescente;Céu Claro;Simples;Reta;Não;2;0;1;0;1;0;1;2;-26,7965263;-48,67992489;SPRF-SC;DEL03-SC;UOP02-DEL03-SC
694356;28/05/2025;quarta-feira;17:00:00;SC;282;516;XAXIM;Ultrapassagem Indevida;Colisão frontal;Com Vítimas Fatais;Pleno dia;Decrescente;Chuva;Simples;"Curva;Aclive";Não;4;2;1;1;0;0;2;2;-26,93045;-52,499462;SPRF-SC;DEL07-SC;UOP01-DEL07-SC
694357;28/05/2025;quarta-feira;23:00:00;MG;459;95,6;POUSO ALEGRE;Demais falhas mecânicas ou elétricas;Incêndio;Sem Vítimas;Plena Noite;Crescente;Nublado;Simples;Curva;Não;1;0;0;0;1;0;0;1;-22,184792;-45,988723;SPRF-MG;DEL09-MG;UOP01-DEL09-MG
694358;28/05/2025;quarta-feira;22:50:00;RJ;101;402;ITAGUAI;Avarias e/ou desgaste excessivo no pneu;Queda de ocupante de veículo;Sem Vítimas;Plena Noite;Crescente;Nublado;Dupla;Reta;Não;2;0;0;0;2;0;0;1;-22,847563;-43,773995;SPRF-RJ;DEL03-RJ;UOP01-DEL03-RJ
694359;28/05/2025;quarta-feira;22:20:00;GO;153;702;ITUMBIARA;Condutor Dormindo;Saída de leito carroçável;Com Vítimas Feridas;Plena Noite;Decrescente;Garoa/Chuvisco;Dupla;Viaduto;Sim;1;0;1;0;0;0;1;1;-18,4052713;-49,20033842;SPRF-GO;DEL03-GO;UOP02-DEL03-GO
694360;28/05/2025;quarta-feira;21:10:00;BA;101;729;EUNAPOLIS;Transitar na contramão;Colisão frontal;Com Vítimas Fatais;Plena Noite;Decrescente;Nevoeiro/Neblina;Simples;Curva;Não;2;1;0;0;1;0;0;2;-16,464142;-39,576507;SPRF-BA;DEL09-BA;UOP01-DEL09-BA
694362;28/05/2025;quarta-feira;18:40:00;MT;174;289;PONTES E LACERDA;Acessar a via sem observar a presença dos outros veículos;Colisão transversal;Com Vítimas Feridas;Plena Noite;Crescente;Ignorado;Simples;Reta;Sim;2;0;1;0;0;1;1;2;-15,234631;-59,317284;SPRF-MT;DEL04-MT;UOP01-DEL04-MT
694363;29/05/2025;quinta-feira;00:00:00;PR;277;0,8;PARANAGUA;Iluminação deficiente;Colisão traseira;Com Vítimas Feridas;Plena Noite;Crescente;Nublado;Simples;Reta;Sim;2;0;1;1;0;0;2;2;-25,5253528;-48,5475054;SPRF-PR;DEL01-PR;UOP05-DEL01-PR
694367;28/05/2025;quarta-feira;21:30:00;BA;116;729;BOA NOVA;Velocidade Incompatível;Colisão traseira;Com Vítimas Feridas;Plena Noite;Decrescente;Nublado;Simples;"Declive;Reta";Não;6;0;1;0;5;0;1;2;-14,304435;-40,318435;SPRF-BA;DEL08-BA;UOP02-DEL08-BA
694369;28/05/2025;quarta-feira;23:50:00;MG;116;30;CACHOEIRA DE PAJEU;Ingestão de álcool pelo condutor;Colisão frontal;Com Vítimas Fatais;Plena Noite;Crescente;Nublado;Simples;Curva;Não;2;1;0;0;1;0;0;2;-15,904343;-41,409545;SPRF-MG;DEL11-MG;UOP02-DEL11-MG
694370;29/05/2025;quinta-feira;01:25:00;PR;277;664;MEDIANEIRA;Animais na Pista;Atropelamento de Animal;Com Vítimas Feridas;Plena Noite;Crescente;Céu Claro;Dupla;Declive;Não;7;0;1;0;6;0;1;3;-25,26199969;-54,04704541;SPRF-PR;DEL05-PR;UOP02-DEL05-PR
694371;29/05/2025;quinta-feira;04:00:00;TO;235;198;FORTALEZA DO TABOCAO;Condutor deixou de manter distância do veículo da frente;Colisão traseira;Com Vítimas Feridas;Plena Noite;Crescente;Céu Claro;Simples;Reta;Não;5;0;2;0;3;0;2;2;-8,93494037;-48,45324576;SPRF-TO;DEL02-TO;UOP02-DEL02-TO
694372;29/05/2025;quinta-feira;00:15:00;RJ;116;274;BARRA MANSA;Manobra de mudança de faixa;Queda de ocupante de veículo;Com Vítimas Feridas;Plena Noite;Decrescente;Céu Claro;Simples;Curva;Não;1;0;1;0;0;0;1;1;-22,5134787;-44,2191875;SPRF-RJ;DEL07-RJ;UOP02-DEL07-RJ
694374;28/05/2025;quarta-feira;20:00:00;RJ;101;333;RIO DE JANEIRO;Estacionar ou parar em local proibido;Tombamento;Com Vítimas Feridas;Plena Noite;Decrescente;Nublado;Dupla;"Ponte;Curva";Sim;1;0;1;0;0;0;1;1;-22,8855901;-43,2172301;SPRF-RJ;DEL02-RJ;UOP01-DEL02-RJ
694375;29/05/2025;quinta-feira;05:45:00;SP;116;228;SAO PAULO;Acessar a via sem observar a presença dos outros veículos;Atropelamento de Pedestre;Sem Vítimas;Amanhecer;Decrescente;Nublado;Múltipla;"Reta;Em Obras";Sim;1;0;0;0;0;1;0;1;-23,50382615;-46,56713963;SPRF-SP;DEL01-SP;UOP01-DEL01-SP
694376;29/05/2025;quinta-feira;05:00:00;SP;381;60;MAIRIPORA;Demais falhas mecânicas ou elétricas;Incêndio;Sem Vítimas;Amanhecer;Decrescente;Chuva;Dupla;Reta;Não;1;0;0;0;1;0;0;1;-23,29047478;-46,584433;SPRF-SP;DEL03-SP;UOP01-DEL03-SP
694377;29/05/2025;quinta-feira;05:35:00;PR;277;674;MEDIANEIRA;Ausência de reação do condutor;Colisão traseira;Com Vítimas Feridas;Plena Noite;Crescente;Nublado;Dupla;Aclive;Sim;1;0;0;1;0;0;1;1;-25,29419454;-54,11393166;SPRF-PR;DEL05-PR;UOP01-DEL05-PR
694378;28/05/2025;quarta-feira;21:30:00;SC;470;2;NAVEGANTES;Transitar na contramão;Tombamento;Com Vítimas Feridas;Plena Noite;Decrescente;Nublado;Dupla;Reta;Não;2;0;1;1;0;0;2;1;-26,87115644;-48,67259927;SPRF-SC;DEL04-SC;UOP04-DEL04-SC
694380;29/05/2025;quinta-feira;06:00:00;GO;158;164;JATAI;Transitar na contramão;Colisão frontal;Com Vítimas Feridas;Amanhecer;Crescente;Nevoeiro/Neblina;Simples;Reta;Não;3;0;2;0;0;1;2;3;-17,43988776;-51,90341952;SPRF-GO;DEL05-GO;UOP01-DEL05-GO
694381;29/05/2025;quinta-feira;06:20:00;PE;232;55,7;POMBOS;Pedestre cruzava a pista fora da faixa;Atropelamento de Pedestre;Com Vítimas Fatais;Pleno dia;Decrescente;Sol;Dupla;Reta;Não;2;1;0;0;0;1;0;2;-8,1395996;-35,37501633;SPRF-PE;DEL02-PE;UOP02-DEL02PE
694382;29/05/2025;quinta-feira;07:00:00;RN;304;29,7;MOSSORO;Acessar a via sem observar a presença dos outros veículos;Eventos atípicos;Com Vítimas Feridas;Pleno dia;Decrescente;Céu Claro;Simples;Reta;Sim;2;0;1;0;0;1;1;2;-5,114819;-37,3406;SPRF-RN;DEL04-RN;UOP02-DEL04-RN
694384;29/05/2025;quinta-feira;06:40:00;RJ;101;389;RIO DE JANEIRO;Demais falhas mecânicas ou elétricas;Incêndio;Sem Vítimas;Pleno dia;Crescente;Nublado;Dupla;Reta;Sim;1;0;0;0;1;0;0;1;-22,8938782;-43,6758061;SPRF-RJ;DEL03-RJ;UOP01-DEL03-RJ
694386;29/05/2025;quinta-feira;06:30:00;SC;101;112;ITAJAI;Ausência de reação do condutor;Colisão transversal;Com Vítimas Feridas;Pleno dia;Decrescente;Céu Claro;Dupla;Reta;Não;3;0;3;0;0;0;3;2;-26,85753785;-48,72410774;SPRF-SC;DEL04-SC;UOP04-DEL04-SC
694387;28/05/2025;quarta-feira;23:30:00;SP;116;447;REGISTRO;Acessar a via sem observar a presença dos outros veículos;Atropelamento de Pedestre;Com Vítimas Fatais;Plena Noite;Decrescente;Céu Claro;Simples;Reta;Sim;2;1;0;0;1;0;0;2;-24,51745182;-47,85215378;SPRF-SP;DEL05-SP;UOP01-DEL05-SP
694388;29/05/2025;quinta-feira;07:30:00;PE;407;125,3;PETROLINA;Ausência de reação do condutor;Colisão traseira;Sem Vítimas;Pleno dia;Crescente;Nublado;Dupla;Reta;Sim;3;0;0;0;3;0;0;3;-9,3812318;-40,53231804;SPRF-PE;DEL06-PE;UOP01-DEL06-PE
694389;28/05/2025;quarta-feira;20:00:00;MT;364;442;VARZEA GRANDE;Pista Escorregadia;Saída de leito carroçável;Com Vítimas Feridas;Plena Noite;Decrescente;Garoa/Chuvisco;Simples;Reta;Não;1;0;1;0;0;0;1;1;-15,5994479;-56,21861177;SPRF-MT;DEL01-MT;UOP02-DEL01-MT
694392;29/05/2025;quinta-feira;06:55:00;PR;277;730,3;FOZ DO IGUACU;Trafegar com motocicleta (ou similar) entre as faixas;Queda de ocupante de veículo;Com Vítimas Feridas;Pleno dia;Crescente;Céu Claro;Dupla;Reta;Sim;2;0;2;0;0;0;2;1;-25,50939288;-54,5951399;SPRF-PR;DEL05-PR;UOP03-DEL05-PR
694394;29/05/2025;quinta-feira;08:00:00;RS;116;268;CANOAS;Manobra de mudança de faixa;Colisão lateral mesmo sentido;Com Vítimas Feridas;Pleno dia;Crescente;Chuva;Múltipla;Reta;Sim;2;0;1;0;1;0;1;2;-29,94895639;-51,17678102;SPRF-RS;DEL01-RS;UOP01-DEL01-RS
694395;29/05/2025;quinta-feira;08:00:00;SC;101;113;ITAJAI;Manobra de mudança de faixa;Colisão lateral mesmo sentido;Com Vítimas Feridas;Pleno dia;Decrescente;Céu Claro;Simples;Reta;Sim;3;0;1;0;2;0;1;2;-26,88322495;-48,72402191;SPRF-SC;DEL04-SC;UOP04-DEL04-SC
694397;29/05/2025;quinta-feira;07:50:00;RS;386;335,9;MARQUES DE SOUZA;Velocidade Incompatível;Saída de leito carroçável;Com Vítimas Feridas;Pleno dia;Decrescente;Chuva;Simples;Curva;Não;1;0;1;0;0;0;1;1;-29,387811;-52,044132;SPRF-RS;DEL04-RS;UOP01-DEL04-RS
694400;29/05/2025;quinta-feira;07:15:00;MG;40;610;CONGONHAS;Acessar a via sem observar a presença dos outros veículos;Colisão transversal;Com Vítimas Feridas;Pleno dia;Decrescente;Céu Claro;Simples;"Curva;Aclive";Sim;3;0;3;0;0;0;3;2;-20,50458134;-43,83881807;SPRF-MG;DEL05-MG;UOP02-DEL05-MG
694401;29/05/2025;quinta-feira;08:20:00;SC;101;333;TUBARAO;Reação tardia ou ineficiente do condutor;Colisão transversal;Com Vítimas Feridas;Pleno dia;Crescente;Céu Claro;Simples;"Interseção de Vias;Rotatória;Viaduto";Sim;2;0;2;0;0;0;2;2;-28,46917658;-49,01505081;SPRF-SC;DEL02-SC;UOP01-DEL02-SC
694402;29/05/2025;quinta-feira;07:50:00;SC;101;206,6;SAO JOSE;Acessar a via sem observar a presença dos outros veículos;Atropelamento de Pedestre;Com Vítimas Feridas;Pleno dia;Decrescente;Céu Claro;Múltipla;Reta;Sim;3;0;0;1;2;0;1;3;-27,597383;-48,620096;SPRF-SC;DEL01-SC;UOP01-DEL01-SC
694403;29/05/2025;quinta-feira;06:40:00;SP;381;61;MAIRIPORA;Velocidade Incompatível;Colisão lateral mesmo sentido;Com Vítimas Feridas;Amanhecer;Crescente;Chuva;Dupla;Curva;Não;2;0;1;0;1;0;1;2;-23,29159189;-46,57956496;SPRF-SP;DEL03-SP;UOP01-DEL03-SP
694404;29/05/2025;quinta-feira;06:40:00;PE;428;171;PETROLINA;Trafegar com motocicleta (ou similar) entre as faixas;Tombamento;Com Vítimas Feridas;Pleno dia;Decrescente;Céu Claro;Simples;Reta;Não;1;0;0;1;0;0;1;1;-9,229523;-40,41306;SPRF-PE;DEL06-PE;UOP01-DEL06-PE
694405;29/05/2025;quinta-feira;07:50:00;MG;40;530;NOVA LIMA;Condutor deixou de manter distância do veículo da frente;Colisão traseira;Sem Vítimas;Pleno dia;Crescente;Céu Claro;Dupla;"Reta;Aclive";Sim;3;0;0;0;3;0;0;3;-20,0788302;-43,9722722;SPRF-MG;DEL01-MG;UOP02-DEL01-MG
694406;29/05/2025;quinta-feira;08:15:00;SC;101;118;ITAJAI;Condutor deixou de manter distância do veículo da frente;Colisão traseira;Com Vítimas Feridas;Pleno dia;Decrescente;Céu Claro;Dupla;Reta;Sim;3;0;2;0;1;0;2;2;-26,89310011;-48,72028828;SPRF-SC;DEL04-SC;UOP04-DEL04-SC
694407;10/05/2025;sábado;17:20:00;PA;316;39;SANTA IZABEL DO PARA;Ausência de reação do condutor;Saída de leito carroçável;Com Vítimas Feridas;Anoitecer;Decrescente;Chuva;Dupla;Reta;Não;4;0;2;0;1;1;2;2;-1,279866;-48,125127;SPRF-PA;DEL01-PA;UOP01-DEL01-PA
694411;25/05/2025;domingo;19:30:00;RJ;493;8;ITABORAI;Demais falhas mecânicas ou elétricas;Tombamento;Com Vítimas Feridas;Plena Noite;Crescente;Nublado;Simples;Reta;Não;2;0;1;0;1;0;1;1;-22,74262288;-42,95276642;SPRF-RJ;DEL04-RJ;UOP02-DEL04-RJ
694413;29/05/2025;quinta-feira;08:30:00;PR;277;129,8;CAMPO LARGO;Condutor deixou de manter distância do veículo da frente;Colisão traseira;Com Vítimas Feridas;Pleno dia;Crescente;Sol;Dupla;Reta;Não;3;0;1;0;2;0;1;2;-25,44641841;-49,57213859;SPRF-PR;DEL03-PR;UOP03-DEL03-PR
694414;29/05/2025;quinta-feira;07:50:00;SC;153;100,2;CONCORDIA;Conversão proibida;Colisão frontal;Com Vítimas Feridas;Pleno dia;Crescente;Garoa/Chuvisco;Simples;Reta;Sim;2;0;0;1;1;0;1;2;-27,251769;-51,952983;SPRF-SC;DEL07-SC;UOP04-DEL07-SC
694415;29/05/2025;quinta-feira;09:00:00;MG;40;528;NOVA LIMA;Trafegar com motocicleta (ou similar) entre as faixas;Colisão lateral mesmo sentido;Com Vítimas Feridas;Pleno dia;Crescente;Céu Claro;Dupla;"Reta;Aclive";Sim;4;0;2;0;2;0;2;3;-20,0788302;-43,9722722;SPRF-MG;DEL01-MG;UOP02-DEL01-MG
694416;29/05/2025;quinta-feira;09:10:00;RS;290;0;PORTO ALEGRE;Chuva;Colisão com objeto;Com Vítimas Feridas;Pleno dia;Decrescente;Chuva;Múltipla;"Curva;Declive;Viaduto";Sim;1;0;0;1;0;0;1;1;-29,9878442;-51,20280826;SPRF-RS;DEL01-RS;UOP01-DEL01-RS
694418;29/05/2025;quinta-feira;08:40:00;SP;488;1,2;APARECIDA;Reação tardia ou ineficiente do condutor;Colisão transversal;Com Vítimas Feridas;Pleno dia;Crescente;Nublado;Dupla;Rotatória;Sim;2;0;1;0;1;0;1;2;-22,8469817;-45,23147464;SPRF-SP;DEL08-SP;UOP01-DEL08-SP
694421;07/03/2025;sexta-feira;04:30:00;MG;381;451,1;SABARA;Entrada inopinada do pedestre;Atropelamento de Pedestre;Com Vítimas Feridas;Plena Noite;Crescente;Céu Claro;Simples;"Curva;Declive";Sim;3;0;0;2;1;0;2;2;-19,834776;-43,8586603;SPRF-MG;DEL01-MG;UOP01-DEL01-MG
694423;29/05/2025;quinta-feira;09:50:00;SP;116;5;GUARULHOS;Reação tardia ou ineficiente do condutor;Colisão com objeto;Com Vítimas Feridas;Pleno dia;Crescente;Nublado;Simples;Reta;Sim;3;0;3;0;0;0;3;1;-23,420125;-46,469587;SPRF-SP;DEL01-SP;UOP01-DEL01-SP
694424;29/05/2025;quinta-feira;09:50:00;SP;381;71,5;MAIRIPORA;Pista Escorregadia;Capotamento;Sem Vítimas;Pleno dia;Decrescente;Nublado;Dupla;"Curva;Declive";Não;1;0;0;0;1;0;0;1;-23,35548186;-46,5489502;SPRF-SP;DEL03-SP;UOP01-DEL03-SP
694425;29/05/2025;quinta-feira;09:57:00;CE;116;9;FORTALEZA;Avarias e/ou desgaste excessivo no pneu;Queda de ocupante de veículo;Com Vítimas Feridas;Pleno dia;Decrescente;Céu Claro;Múltipla;Reta;Não;2;0;0;2;0;0;2;1;-3,827933;-38,504615;SPRF-CE;DEL01-CE;UOP02-DEL01-CE
694426;29/05/2025;quinta-feira;10:00:00;SC;101;30;JOINVILLE;Carga excessiva e/ou mal acondicionada;Derramamento de carga;Com Vítimas Feridas;Pleno dia;Crescente;Céu Claro;Dupla;"Declive;Reta";Não;2;0;1;0;1;0;1;2;-26,22606821;-48,91656009;SPRF-SC;DEL03-SC;UOP01-DEL03-SC
694428;29/05/2025;quinta-feira;10:41:00;PE;101;58,4;RECIFE;Acostamento em desnível;Tombamento;Com Vítimas Feridas;Pleno dia;Decrescente;Céu Claro;Dupla;Reta;Sim;2;0;0;1;1;0;1;1;-7,972475;-34,92126;SPRF-PE;DEL01-PE;UOP02-DEL01-PE
694430;21/05/2025;quarta-feira;18:00:00;PR;277;74;SAO JOSE DOS PINHAIS;Ausência de reação do condutor;Colisão traseira;Com Vítimas Feridas;Plena Noite;Decrescente;Nublado;Dupla;Reta;Sim;2;0;1;0;1;0;1;2;-25,49459887;-49,16617719;SPRF-PR;DEL01-PR;UOP07-DEL01-PR