id;data_inversa;dia_semana;horario;uf;br;km;municipio;causa_acidente;tipo_acidente;classificacao_acidente;fase_dia;sentido_via;condicao_metereologica;tipo_pista;tracado_via;uso_solo;pessoas;mortos;feridos_leves;feridos_graves;ilesos;ignorados;feridos;veiculos;latitude;longitude;regional;delegacia;uop
694431;10/05/2025;sábado;10:43:00;RN;101;104;PARNAMIRIM;Condutor deixou de manter distância do veículo da frente;Colisão traseira;Com Vítimas Feridas;Pleno dia;Decrescente;Céu Claro;Simples;Reta;Sim;2;0;1;0;1;0;1;2;-5,89925716;-35,25863025;SPRF-RN;DEL01-RN;UOP01-DEL01-RN
694433;29/05/2025;quinta-feira;10:50:00;SC;101;214;PALHOCA;Reação tardia ou ineficiente do condutor;Tombamento;Com Vítimas Feridas;Pleno dia;Crescente;Céu Claro;Múltipla;Reta;Sim;1;0;0;1;0;0;1;1;-27,650058;-48,675047;SPRF-SC;DEL01-SC;UOP02-DEL01-SC
694434;13/05/2025;terça-feira;16:30:00;BA;101;448;AURELINO LEAL;Ultrapassagem Indevida;Saída de leito carroçável;Com Vítimas Feridas;Pleno dia;Decrescente;Chuva;Simples;Curva;Não;1;0;1;0;0;0;1;1;-14,346794;-39,316074;SPRF-BA;DEL05-BA;UOP01-DEL05-BA
694435;29/05/2025;quinta-feira;07:30:00;RO;364;199;PIMENTA BUENO;Ultrapassagem Indevida;Colisão frontal;Com Vítimas Feridas;Pleno dia;Crescente;Céu Claro;Simples;Rotatória;Sim;2;0;2;0;0;0;2;2;-11,656978;-61,191591;SPRF-RO;DEL02-RO;UOP02-DEL02-RO
694436;29/05/2025;quinta-feira;07:55:00;MG;116;416,5;GOVERNADOR VALADARES;Acessar a via sem observar a presença dos outros veículos;Tombamento;Com Vítimas Feridas;Pleno dia;Crescente;Nublado;Simples;Reta;Sim;1;0;1;0;0;0;1;1;-18,904804;-41,942996;SPRF-MG;DEL06-MG;UOP01-DEL06-MG
694438;29/05/2025;quinta-feira;11:40:00;MG;381;491;BETIM;Manobra de mudança de faixa;Colisão lateral mesmo sentido;Com Vítimas Feridas;Pleno dia;Decrescente;Céu Claro;Dupla;"Reta;Aclive";Não;2;0;1;0;1;0;1;2;-19,95918686;-44,1513201;SPRF-MG;DEL01-MG;UOP03-DEL01-MG
694440;29/05/2025;quinta-feira;07:30:00;PR;376;174,9;MARINGA;Acessar a via sem observar a presença dos outros veículos;Colisão transversal;Com Vítimas Feridas;Pleno dia;Crescente;Sol;Dupla;Reta;Sim;3;0;1;0;1;1;1;3;-23,41500228;-51,95063051;SPRF-PR;DEL09-PR;UOP01-DEL09-PR
694441;12/05/2025;segunda-feira;17:00:00;GO;158;160,7;CAIAPONIA;Condutor Dormindo;Colisão com objeto;Com Vítimas Feridas;Pleno dia;Decrescente;Céu Claro;Simples;"Declive;Reta";Não;4;0;4;0;0;0;4;1;-16,984765;-51,8402;SPRF-GO;DEL05-GO;UOP01-DEL05-GO
694442;29/05/2025;quinta-feira;11:30:00;ES;262;73,1;DOMINGOS MARTINS;Reação tardia ou ineficiente do condutor;Colisão traseira;Com Vítimas Feridas;Pleno dia;Crescente;Chuva;Simples;"Curva;Em Obras;Declive";Não;3;0;1;0;2;0;1;2;-20,40982;-40,89182496;SPRF-ES;DEL01-ES;UOP02-DEL01-ES
694444;29/05/2025;quinta-feira;11:50:00;SP;116;282;EMBU DAS ARTES;Trafegar com motocicleta (ou similar) entre as faixas;Colisão lateral mesmo sentido;Com Vítimas Feridas;Pleno dia;Decrescente;Céu Claro;Dupla;Reta;Sim;2;0;1;0;1;0;1;2;-23,66124529;-46,85214613;SPRF-SP;DEL04-SP;UOP01-DEL04-SP
694447;29/05/2025;quinta-feira;10:29:00;PI;230;196;OEIRAS;Transitar na contramão;Colisão transversal;Com Vítimas Feridas;Pleno dia;Decrescente;Céu Claro;Simples;Reta;Sim;3;0;0;2;0;1;2;3;-7,00654;-42,120775;SPRF-PI;DEL04-PI;UOP01-DEL04-PI
694448;29/05/2025;quinta-feira;08:45:00;SC;280;234;CANOINHAS;Ultrapassagem Indevida;Colisão transversal;Com Vítimas Feridas;Pleno dia;Crescente;Céu Claro;Simples;Reta;Sim;2;0;1;0;1;0;1;2;-26,19129539;-50,40190458;SPRF-SC;DEL06-SC;UOP04-DEL06-SC
694450;29/05/2025;quinta-feira;12:30:00;RJ;116;172;RIO DE JANEIRO;Reação tardia ou ineficiente do condutor;Colisão traseira;Com Vítimas Feridas;Pleno dia;Decrescente;Nublado;Múltipla;Reta;Sim;3;0;1;0;2;0;1;2;-22,806528;-43,3455104;SPRF-RJ;DEL06-RJ;UOP01-DEL06-RJ
694451;29/05/2025;quinta-feira;08:46:00;MT;163;836;SINOP;Objeto estático sobre o leito carroçável;Queda de ocupante de veículo;Com Vítimas Feridas;Pleno dia;Decrescente;Céu Claro;Dupla;"Em Obras;Reta";Sim;1;0;1;0;0;0;1;1;-11,85018418;-55,49239075;SPRF-MT;DEL06-MT;UOP02-DEL06-MT
694452;29/05/2025;quinta-feira;13:20:00;RS;116;236;NOVO HAMBURGO;Manobra de mudança de faixa;Colisão lateral mesmo sentido;Com Vítimas Feridas;Pleno dia;Decrescente;Nublado;Múltipla;Reta;Sim;4;0;2;0;2;0;2;2;-29,679028;-51,142148;SPRF-RS;DEL01-RS;UOP02-DEL01-RS
694454;29/05/2025;quinta-feira;13:10:00;MG;267;212;BOM JARDIM DE MINAS;Acessar a via sem observar a presença dos outros veículos;Colisão transversal;Com Vítimas Feridas;Pleno dia;Crescente;Nublado;Simples;Reta;Sim;3;0;2;0;1;0;2;2;-21,93673064;-44,19338314;SPRF-MG;DEL05-MG;UOP01-DEL05-MG
694456;29/05/2025;quinta-feira;12:32:00;PE;101;49;ABREU E LIMA;Trafegar com motocicleta (ou similar) entre as faixas;Colisão lateral mesmo sentido;Sem Vítimas;Pleno dia;Decrescente;Céu Claro;Múltipla;Reta;Sim;2;0;0;0;1;1;0;2;-7,902015;-34,90137;SPRF-PE;DEL01-PE;UOP02-DEL01-PE
694458;29/05/2025;quinta-feira;12:00:00;MG;40;464;SETE LAGOAS;Demais falhas mecânicas ou elétricas;Capotamento;Com Vítimas Feridas;Pleno dia;Decrescente;Sol;Dupla;"Reta;Declive";Não;1;0;1;0;0;0;1;1;-19,4337767;-44,3357983;SPRF-MG;DEL02-MG;UOP01-DEL02-MG
694460;29/05/2025;quinta-feira;13:00:00;RJ;40;105;DUQUE DE CAXIAS;Ausência de reação do condutor;Atropelamento de Pedestre;Com Vítimas Feridas;Pleno dia;Decrescente;Céu Claro;Dupla;Reta;Sim;2;0;1;0;1;0;1;2;-22,64256552;-43,28348849;SPRF-RJ;DEL01-RJ;UOP02-DEL01-RJ
694461;29/05/2025;quinta-feira;14:10:00;PR;369;193,9;ARAPONGAS;Reação tardia ou ineficiente do condutor;Colisão com objeto;Sem Vítimas;Pleno dia;Crescente;Céu Claro;Dupla;Reta;Não;1;0;0;0;1;0;0;1;-23,47188;-51,423867;SPRF-PR;DEL07-PR;UOP03-DEL07-PR
694465;29/05/2025;quinta-feira;13:45:00;RJ;40;119;DUQUE DE CAXIAS;Demais falhas mecânicas ou elétricas;Tombamento;Com Vítimas Feridas;Pleno dia;Crescente;Céu Claro;Múltipla;Reta;Sim;2;0;1;0;1;0;1;1;-22,76128297;-43,28716278;SPRF-RJ;DEL01-RJ;UOP02-DEL01-RJ
694466;29/05/2025;quinta-feira;14:45:00;SC;101;397;MARACAJA;Reação tardia ou ineficiente do condutor;Colisão traseira;Com Vítimas Feridas;Pleno dia;Decrescente;Nublado;Múltipla;"Reta;Viaduto;Aclive";Não;3;0;2;0;1;0;2;2;-28,84266079;-49,42911498;SPRF-SC;DEL02-SC;UOP02-DEL02-SC
694467;29/05/2025;quinta-feira;11:30:00;SC;470;1;NAVEGANTES;Ausência de reação do condutor;Capotamento;Com Vítimas Feridas;Pleno dia;Crescente;Céu Claro;Dupla;Reta;Não;1;0;0;1;0;0;1;1;-26,87911005;-48,66455197;SPRF-SC;DEL04-SC;UOP04-DEL04-SC
694469;29/05/2025;quinta-feira;11:00:00;PR;369;49,5;BANDEIRANTES;Ausência de reação do condutor;Tombamento;Com Vítimas Feridas;Pleno dia;Crescente;Sol;Simples;Reta;Não;1;0;1;0;0;0;1;1;-23,116888;-50,321436;SPRF-PR;DEL07-PR;UOP05-DEL07-PR
694473;29/05/2025;quinta-feira;15:30:00;PR;277;660,1;MATELANDIA;Velocidade Incompatível;Saída de leito carroçável;Com Vítimas Feridas;Pleno dia;Decrescente;Nublado;Dupla;Curva;Não;2;0;1;0;1;0;1;1;-25,25159846;-53,98966726;SPRF-PR;DEL05-PR;UOP02-DEL05-PR
694474;29/05/2025;quinta-feira;16:00:00;GO;414;391,9;CORUMBA DE GOIAS;Acessar a via sem observar a presença dos outros veículos;Colisão transversal;Com Vítimas Feridas;Pleno dia;Decrescente;Céu Claro;Simples;Reta;Não;2;0;0;1;1;0;1;2;-15,910628;-48,802401;SPRF-GO;DEL02-GO;UOP01-DEL02-GO
694476;29/05/2025;quinta-feira;16:00:00;MG;381;451;SABARA;Participar de racha;Queda de ocupante de veículo;Com Vítimas Feridas;Pleno dia;Decrescente;Céu Claro;Simples;Reta;Não;2;0;1;0;1;0;1;2;-19,83431403;-43,85154442;SPRF-MG;DEL01-MG;UOP01-DEL01-MG
694477;29/05/2025;quinta-feira;17:00:00;PB;230;157,7;CAMPINA GRANDE;Acessar a via sem observar a presença dos outros veículos;Colisão transversal;Com Vítimas Feridas;Pleno dia;Crescente;Céu Claro;Simples;"Interseção de Vias;Rotatória";Sim;3;0;1;0;2;0;1;2;-7,26281338;-35,92135767;SPRF-PB;DEL02-PB;UOP01-DEL02-PB
694479;29/05/2025;quinta-feira;16:30:00;RN;101;109;PARNAMIRIM;Acessar a via sem observar a presença dos outros veículos;Colisão traseira;Com Vítimas Feridas;Pleno dia;Decrescente;Céu Claro;Múltipla;Reta;Sim;3;0;1;0;1;1;1;2;-5,938943;-35,264337;SPRF-RN;DEL01-RN;UOP01-DEL01-RN
694480;29/05/2025;quinta-feira;16:50:00;SC;101;237,6;PALHOCA;Condutor deixou de manter distância do veículo da frente;Colisão traseira;Com Vítimas Feridas;Pleno dia;Decrescente;Céu Claro;Simples;Curva;Sim;2;0;1;0;0;1;1;2;-27,839548;-48,632687;SPRF-SC;DEL01-SC;UOP02-DEL01-SC
694481;29/05/2025;quinta-feira;15:30:00;BA;116;632;JAGUAQUARA;Acessar a via sem observar a presença dos outros veículos;Colisão transversal;Com Vítimas Feridas;Pleno dia;Decrescente;Nublado;Simples;"Reta;Interseção de Vias";Sim;2;0;1;0;1;0;1;2;-13,5114952;-40,0555167;SPRF-BA;DEL03-BA;UOP01-DEL03-BA
694482;29/05/2025;quinta-feira;17:20:00;ES;101;287,3;CARIACICA;Manobra de mudança de faixa;Colisão lateral mesmo sentido;Com Vítimas Feridas;Anoitecer;Crescente;Nublado;Dupla;Reta;Sim;2;0;1;0;1;0;1;2;-20,26685007;-40,386986;SPRF-ES;DEL01-ES;UOP01-DEL01-ES
694483;26/05/2025;segunda-feira;06:00:00;SC;101;132,5;BALNEARIO CAMBORIU;Manobra de mudança de faixa;Colisão lateral mesmo sentido;Com Vítimas Feridas;Amanhecer;Crescente;Céu Claro;Simples;Reta;Sim;3;0;2;0;1;0;2;2;-26,998389;-48,650393;SPRF-SC;DEL04-SC;UOP03-DEL04-SC
694486;29/05/2025;quinta-feira;16:20:00;MG;40;447;CAETANOPOLIS;Ausência de reação do condutor;Colisão traseira;Com Vítimas Feridas;Plena Noite;Decrescente;Céu Claro;Dupla;"Reta;Aclive";Sim;2;0;0;1;1;0;1;2;-19,3098299;-44,3752917;SPRF-MG;DEL02-MG;UOP01-DEL02-MG
694488;27/04/2025;domingo;10:50:00;RS;285;488,3;ENTRE-IJUIS;Condutor deixou de manter distância do veículo da frente;Colisão traseira;Com Vítimas Feridas;Pleno dia;Decrescente;Sol;Simples;Reta;Não;6;0;2;0;4;0;2;2;-28,37482176;-54,18550238;SPRF-RS;DEL10-RS;UOP01-DEL10-RS
694489;29/05/2025;quinta-feira;17:50:00;PR;369;146,5;LONDRINA;Ausência de reação do condutor;Queda de ocupante de veículo;Com Vítimas Feridas;Pleno dia;Crescente;Céu Claro;Dupla;Reta;Sim;2;0;1;1;0;0;2;1;-23,2955444;-51,20877441;SPRF-PR;DEL07-PR;UOP01-DEL07-PR
694493;29/05/2025;quinta-feira;19:00:00;SP;116;216,3;GUARULHOS;Reação tardia ou ineficiente do condutor;Colisão traseira;Com Vítimas Feridas;Plena Noite;Crescente;Céu Claro;Múltipla;Declive;Sim;2;0;1;0;1;0;1;2;-23,45143573;-46,46524787;SPRF-SP;DEL01-SP;UOP01-DEL01-SP
694494;29/05/2025;quinta-feira;12:30:00;MG;267;62,7;BICAS;Reação tardia ou ineficiente do condutor;Colisão com objeto;Com Vítimas Feridas;Pleno dia;Decrescente;Céu Claro;Simples;Reta;Sim;3;0;3;0;0;0;3;1;-21,7317163;-43,0826122;SPRF-MG;DEL05-MG;UOP01-DEL05-MG
694495;22/02/2025;sábado;13:50:00;MG;267;137,9;JUIZ DE FORA;Demais falhas mecânicas ou elétricas;Incêndio;Sem Vítimas;Pleno dia;Crescente;Céu Claro;Simples;Reta;Não;1;0;0;0;1;0;0;1;-21,75366048;-43,58949065;SPRF-MG;DEL05-MG;UOP01-DEL05-MG
694496;29/05/2025;quinta-feira;18:40:00;PR;476;146,5;CURITIBA;Área urbana sem a presença de local apropriado para a travessia de pedestres;Atropelamento de Pedestre;Com Vítimas Feridas;Plena Noite;Crescente;Céu Claro;Dupla;"Declive;Reta";Sim;2;0;1;0;0;1;1;2;-25,55334515;-49,33614349;SPRF-PR;DEL01-PR;UOP06-DEL01-PR
694497;29/05/2025;quinta-feira;18:20:00;RS;448;13;CANOAS;Demais falhas mecânicas ou elétricas;Queda de ocupante de veículo;Com Vítimas Feridas;Plena Noite;Decrescente;Céu Claro;Múltipla;Reta;Não;2;0;2;0;0;0;2;1;-29,8997402;-51,24418259;SPRF-RS;DEL01-RS;UOP01-DEL01-RS
694498;29/05/2025;quinta-feira;18:10:00;SC;280;42;ARAQUARI;Ausência de reação do condutor;Queda de ocupante de veículo;Com Vítimas Feridas;Plena Noite;Decrescente;Céu Claro;Dupla;"Reta;Em Obras";Não;2;0;1;0;1;0;1;2;-26,448625;-48,835742;SPRF-SC;DEL03-SC;UOP03-DEL03-SC
694499;29/05/2025;quinta-feira;18:20:00;RS;470;176;VERANOPOLIS;Desrespeitar a preferência no cruzamento;Colisão transversal;Com Vítimas Feridas;Anoitecer;Decrescente;Nublado;Simples;"Reta;Aclive;Interseção de Vias";Sim;3;0;1;0;2;0;1;2;-28,93896004;-51,54514639;SPRF-RS;DEL06-RS;UOP02-DEL06-RS
694500;29/05/2025;quinta-feira;18:38:00;SC;282;4,2;FLORIANOPOLIS;Condutor deixou de manter distância do veículo da frente;Colisão traseira;Com Vítimas Feridas;Plena Noite;Decrescente;Nublado;Múltipla;Reta;Sim;2;0;1;0;1;0;1;2;-27,5938049;-48,60248566;SPRF-SC;DEL01-SC;UOP01-DEL01-SC
694501;29/05/2025;quinta-feira;17:56:00;PE;408;48,3;NAZARE DA MATA;Transitar na contramão;Colisão transversal;Com Vítimas Feridas;Anoitecer;Decrescente;Céu Claro;Simples;"Reta;Interseção de Vias";Não;3;0;1;0;1;1;1;2;-7,780153;-35,2387801;SPRF-PE;DEL01-PE;UOP02-DEL01-PE
694502;29/05/2025;quinta-feira;18:02:00;SC;101;207,3;SAO JOSE;Manobra de mudança de faixa;Colisão lateral mesmo sentido;Com Vítimas Feridas;Plena Noite;Crescente;Céu Claro;Múltipla;Reta;Sim;2;0;1;0;1;0;1;2;-27,601558;-48,626285;SPRF-SC;DEL01-SC;UOP01-DEL01-SC
694504;29/05/2025;quinta-feira;18:55:00;SP;381;87;SAO PAULO;Objeto estático sobre o leito carroçável;Queda de ocupante de veículo;Com Vítimas Feridas;Plena Noite;Decrescente;Céu Claro;Dupla;Reta;Sim;1;0;1;0;0;0;1;1;-23,47698467;-46,56241894;SPRF-SP;DEL03-SP;UOP01-DEL03-SP
694505;29/05/2025;quinta-feira;18:23:00;GO;60;61,9;ABADIANIA;Área urbana sem a presença de local apropriado para a travessia de pedestres;Atropelamento de Pedestre;Com Vítimas Feridas;Anoitecer;Crescente;Nublado;Dupla;"Reta;Retorno Regulamentado";Sim;5;0;0;1;4;0;1;2;-16,18762417;-48,71980045;SPRF-GO;DEL02-GO;UOP01-DEL02-GO
694506;21/02/2025;sexta-feira;22:50:00;GO;60;34,2;GOIANIA;Transitar na contramão;Colisão lateral sentido oposto;Com Vítimas Feridas;Plena Noite;Decrescente;Céu Claro;Dupla;Aclive;Sim;6;0;1;3;2;0;4;4;-16,71557533;-49,35696602;SPRF-GO;DEL01-GO;UOP02-DEL01-GO
694507;29/05/2025;quinta-feira;19:30:00;PR;116;124;FAZENDA RIO GRANDE;Manobra de mudança de faixa;Colisão lateral mesmo sentido;Com Vítimas Feridas;Plena Noite;Crescente;Céu Claro;Dupla;Reta;Sim;4;0;2;0;2;0;2;4;-25,62906061;-49,31434125;SPRF-PR;DEL01-PR;UOP03-DEL01-PR
694508;18/05/2025;domingo;20:40:00;MG;40;631,5;CONSELHEIRO LAFAIETE;Conversão proibida;Colisão transversal;Com Vítimas Feridas;Plena Noite;Decrescente;Céu Claro;Simples;Reta;Não;3;0;0;2;1;0;2;2;-20,67318253;-43,79725456;SPRF-MG;DEL05-MG;UOP02-DEL05-MG
694510;29/05/2025;quinta-feira;19:50:00;MA;316;611;TIMON;Manobra de mudança de faixa;Colisão frontal;Com Vítimas Fatais;Plena Noite;Decrescente;Céu Claro;Simples;"Reta;Aclive";Não;2;1;0;0;1;0;0;2;-5,08054073;-42,84185789;SPRF-MA;DEL03-MA;UOP02-DEL03-MA
694511;29/05/2025;quinta-feira;19:43:00;PE;232;8,6;RECIFE;Estacionar ou parar em local proibido;Colisão traseira;Com Vítimas Feridas;Plena Noite;Crescente;Céu Claro;Múltipla;"Reta;Interseção de Vias";Sim;3;0;2;0;1;0;2;2;-8,07713;-34,975685;SPRF-PE;DEL01-PE;UOP01-DEL01-PE
694512;29/05/2025;quinta-feira;19:10:00;MT;163;563;NOBRES;Acesso irregular;Colisão transversal;Com Vítimas Fatais;Plena Noite;Crescente;Céu Claro;Dupla;Reta;Não;4;1;0;0;3;0;0;2;-14,70753387;-56,32224798;SPRF-MT;DEL01-MT;UOP01-DEL01-MT
694513;29/05/2025;quinta-feira;19:30:00;ES;259;11,9;JOAO NEIVA;Iluminação deficiente;Atropelamento de Pedestre;Com Vítimas Feridas;Plena Noite;Crescente;Céu Claro;Simples;Reta;Não;3;0;0;1;2;0;1;2;-19,68364697;-40,39089203;SPRF-ES;DEL02-ES;UOP01-DEL02-ES
694514;29/05/2025;quinta-feira;14:30:00;PI;135;229;COLONIA DO GURGUEIA;Reação tardia ou ineficiente do condutor;Colisão lateral mesmo sentido;Com Vítimas Fatais;Pleno dia;Decrescente;Céu Claro;Simples;"Reta;Declive";Sim;2;1;1;0;0;0;1;2;-8,191485;-43,792903;SPRF-PI;DEL03-PI;UOP02-DEL03-PI
694515;29/05/2025;quinta-feira;18:15:00;SC;282;471;VARGEAO;Pedestre - Ingestão de álcool/ substâncias psicoativas;Atropelamento de Pedestre;Com Vítimas Feridas;Plena Noite;Crescente;Garoa/Chuvisco;Simples;Reta;Sim;2;0;1;0;1;0;1;2;-26,87338721;-52,15312958;SPRF-SC;DEL07-SC;UOP01-DEL07-SC
694516;29/05/2025;quinta-feira;17:30:00;MG;116;667;MURIAE;Conversão proibida;Colisão lateral mesmo sentido;Com Vítimas Feridas;Anoitecer;Decrescente;Céu Claro;Simples;Reta;Não;3;0;3;0;0;0;3;2;-21,1464565;-42,3813279;SPRF-MG;DEL07-MG;UOP02-DEL07-MG
694520;29/05/2025;quinta-feira;16:40:00;RO;364;425,1;JARU;Acessar a via sem observar a presença dos outros veículos;Colisão lateral mesmo sentido;Com Vítimas Feridas;Pleno dia;Decrescente;Céu Claro;Múltipla;Reta;Sim;2;0;0;1;1;0;1;2;-10,4350556;-62,4976241;SPRF-RO;DEL03-RO;UOP02-DEL03-RO
694521;29/05/2025;quinta-feira;18:04:00;AC;364;139;RIO BRANCO;Reação tardia ou ineficiente do condutor;Colisão traseira;Com Vítimas Feridas;Plena Noite;Decrescente;Nublado;Dupla;"Interseção de Vias;Rotatória";Sim;3;0;1;0;2;0;1;2;-9,95275112;-67,86250088;SPRF-AC;DEL01-AC;UOP01-DEL01-AC
694523;29/05/2025;quinta-feira;19:40:00;SP;116;279;EMBU DAS ARTES;Reação tardia ou ineficiente do condutor;Colisão com objeto;Com Vítimas Feridas;Plena Noite;Crescente;Céu Claro;Dupla;"Reta;Declive";Sim;1;0;0;1;0;0;1;1;-23,64774127;-46,84324485;SPRF-SP;DEL04-SP;UOP01-DEL04-SP
694524;29/05/2025;quinta-feira;20:00:00;PR;369;155;LONDRINA;Ingestão de álcool pelo condutor;Colisão com objeto;Com Vítimas Feridas;Plena Noite;Crescente;Céu Claro;Dupla;"Reta;Viaduto;Declive";Sim;1;0;1;0;0;0;1;1;-23,29416847;-51,21151255;SPRF-PR;DEL07-PR;UOP01-DEL07-PR
694525;29/05/2025;quinta-feira;17:25:00;PR;369;148;LONDRINA;Ausência de reação do condutor;Atropelamento de Pedestre;Com Vítimas Feridas;Pleno dia;Crescente;Céu Claro;Dupla;Reta;Sim;3;0;1;0;1;1;1;3;-23,293;-51,141;SPRF-PR;DEL07-PR;UOP01-DEL07-PR
694527;29/05/2025;quinta-feira;19:40:00;PB;104;106,3;SAO SEBASTIAO DE LAGOA DE  ROCA;Afundamento ou ondulação no pavimento;Saída de leito carroçável;Com Vítimas Feridas;Plena Noite;Crescente;Céu Claro;Simples;"Ponte;Em Obras;Reta;Declive";Não;1;0;1;0;0;0;1;1;-7,093295;-35,85837;SPRF-PB;DEL02-PB;UOP04-DEL02-PB
694528;29/05/2025;quinta-feira;21:10:00;PE;428;188;PETROLINA;Acesso irregular;Colisão transversal;Com Vítimas Feridas;Plena Noite;Crescente;Céu Claro;Dupla;Curva;Sim;2;0;1;0;0;1;1;2;-9,3750729;-40,48993772;SPRF-PE;DEL06-PE;UOP01-DEL06-PE
694529;29/05/2025;quinta-feira;19:15:00;MT;163;850;SINOP;Ingestão de álcool pelo condutor;Colisão lateral sentido oposto;Com Vítimas Feridas;Plena Noite;Crescente;Céu Claro;Simples;Reta;Não;3;0;1;0;2;0;1;2;-11,73157943;-55,46173096;SPRF-MT;DEL06-MT;UOP02-DEL06-MT
694530;29/05/2025;quinta-feira;21:15:00;PR;376;619,7;SAO JOSE DOS PINHAIS;Reação tardia ou ineficiente do condutor;Colisão traseira;Com Vítimas Feridas;Plena Noite;Crescente;Nublado;Dupla;Reta;Sim;2;0;1;0;1;0;1;2;-25,614907;-49,170388;SPRF-PR;DEL01-PR;UOP04-DEL01-PR
694531;29/05/2025;quinta-feira;20:30:00;RJ;101;61;CAMPOS DOS GOYTACAZES;Acessar a via sem observar a presença dos outros veículos;Colisão transversal;Com Vítimas Feridas;Plena Noite;Crescente;Céu Claro;Simples;Reta;Sim;2;0;1;0;1;0;1;2;-21,72693694;-41,32165996;SPRF-RJ;DEL08-RJ;UOP01-DEL08-RJ
694532;29/05/2025;quinta-feira;21:30:00;GO;60;97;ANAPOLIS;Acessar a via sem observar a presença dos outros veículos;Colisão transversal;Com Vítimas Feridas;Plena Noite;Crescente;Nevoeiro/Neblina;Dupla;"Reta;Interseção de Vias";Não;2;0;1;0;1;0;1;2;-16,376;-48,94716;SPRF-GO;DEL02-GO;UOP01-DEL02-GO
694533;29/05/2025;quinta-feira;15:00:00;RJ;101;385;RIO DE JANEIRO;Reação tardia ou ineficiente do condutor;Engavetamento;Com Vítimas Feridas;Pleno dia;Crescente;Nublado;Dupla;Reta;Sim;3;0;1;0;2;0;1;3;-22,88178434;-43,63645999;SPRF-RJ;DEL03-RJ;UOP01-DEL03-RJ
694535;29/05/2025;quinta-feira;22:00:00;PB;101;90;JOAO PESSOA;Acumulo de areia ou detritos sobre o pavimento;Queda de ocupante de veículo;Com Vítimas Feridas;Plena Noite;Crescente;Céu Claro;Dupla;Retorno Regulamentado;Sim;1;0;0;1;0;0;1;1;-7,181327;-34,900868;SPRF-PB;DEL01-PB;UOP01-DEL01-PB
694536;29/05/2025;quinta-feira;20:30:00;GO;40;109,8;CRISTALINA;Velocidade Incompatível;Saída de leito carroçável;Sem Vítimas;Plena Noite;Crescente;Céu Claro;Múltipla;Reta;Não;1;0;0;0;1;0;0;1;-16,847;-47,507;SPRF-DF;DEL01-DF;UOP02-DEL01-DF
694538;29/05/2025;quinta-feira;21:40:00;CE;116;3;FORTALEZA;Acessar a via sem observar a presença dos outros veículos;Colisão transversal;Com Vítimas Feridas;Plena Noite;Crescente;Céu Claro;Múltipla;Reta;Sim;2;0;1;0;0;1;1;2;-3,77370962;-38,51621501;SPRF-CE;DEL01-CE;UOP02-DEL01-CE
694540;29/05/2025;quinta-feira;14:30:00;RJ;101;385;RIO DE JANEIRO;Acessar a via sem observar a presença dos outros veículos;Colisão lateral mesmo sentido;Com Vítimas Feridas;Pleno dia;Decrescente;Céu Claro;Dupla;Reta;Não;2;0;1;0;1;0;1;2;-22,88324725;-43,64059059;SPRF-RJ;DEL03-RJ;UOP01-DEL03-RJ
694542;29/05/2025;quinta-feira;20:30:00;GO;20;219;POSSE;Ultrapassagem Indevida;Colisão frontal;Com Vítimas Feridas;Plena Noite;Decrescente;Céu Claro;Simples;Reta;Não;2;0;1;0;1;0;1;2;-14,204;-46,333;SPRF-DF;DEL02-DF;UOP03-DEL02-DF
694545;29/05/2025;quinta-feira;22:00:00;PI;407;444,9;GEMINIANO;Conversão proibida;Colisão lateral mesmo sentido;Com Vítimas Fatais;Plena Noite;Crescente;Céu Claro;Simples;"Reta;Aclive";Não;2;1;0;0;0;1;0;2;-7,22537;-41,272669;SPRF-PI;DEL04-PI;UOP01-DEL04-PI
694546;30/05/2025;sexta-feira;00:22:00;RN;101;81,1;NATAL;Ingestão de álcool pelo condutor;Colisão traseira;Com Vítimas Fatais;Pleno dia;Decrescente;Chuva;Dupla;Reta;Sim;2;1;1;0;0;0;1;2;-5,76469;-35,282895;SPRF-RN;DEL02-RN;UOP01-DEL02-RN
694548;29/05/2025;quinta-feira;23:50:00;RJ;101;65;CAMPOS DOS GOYTACAZES;Acessar a via sem observar a presença dos outros veículos;Colisão transversal;Com Vítimas Feridas;Pleno dia;Crescente;Céu Claro;Dupla;Reta;Sim;2;0;1;0;1;0;1;2;-21,75803947;-41,34826748;SPRF-RJ;DEL08-RJ;UOP02-DEL08-RJ
694549;29/05/2025;quinta-feira;21:40:00;RO;364;680;CANDEIAS DO JAMARI;Iluminação deficiente;Colisão lateral mesmo sentido;Com Vítimas Feridas;Plena Noite;Crescente;Nublado;Simples;"Reta;Aclive";Não;2;0;2;0;0;0;2;1;-8,79279325;-63,65483729;SPRF-RO;DEL01-RO;UOP01-DEL01-RO
694550;30/05/2025;sexta-feira;00:30:00;SC;101;210,5;FLORIANOPOLIS;Ingestão de álcool pelo condutor;Saída de leito carroçável;Sem Vítimas;Plena Noite;Decrescente;Céu Claro;Dupla;Reta;Sim;1;0;0;0;1;0;0;1;-27,616657;-48,64544;SPRF-SC;DEL01-SC;UOP01-DEL01-SC