id;data_inversa;dia_semana;horario;uf;br;km;municipio;causa_acidente;tipo_acidente;classificacao_acidente;fase_dia;sentido_via;condicao_metereologica;tipo_pista;tracado_via;uso_solo;pessoas;mortos;feridos_leves;feridos_graves;ilesos;ignorados;feridos;veiculos;latitude;longitude;regional;delegacia;uop
695238;01/06/2025;domingo;20:00:00;SC;116;49;PAPANDUVA;Ausência de reação do condutor;Saída de leito carroçável;Sem Vítimas;Plena Noite;Crescente;Céu Claro;Simples;Reta;Não;1;0;0;0;0;1;0;1;-26,37537306;-50,12911588;SPRF-SC;DEL06-SC;UOP01-DEL06-SC
695239;01/06/2025;domingo;20:50:00;PR;163;176;LINDOESTE;Reação tardia ou ineficiente do condutor;Colisão com objeto;Com Vítimas Feridas;Plena Noite;Crescente;Céu Claro;Dupla;Curva;Não;3;0;3;0;0;0;3;1;-25,23175077;-53,5882177;SPRF-PR;DEL05-PR;UOP05-DEL05-PR
695241;01/06/2025;domingo;19:10:00;RJ;116;115;MAGE;Ausência de reação do condutor;Colisão traseira;Com Vítimas Feridas;Plena Noite;Decrescente;Céu Claro;Simples;Reta;Sim;3;0;2;0;1;0;2;2;-22,58883622;-43,01892471;SPRF-RJ;DEL04-RJ;UOP02-DEL04-RJ
695244;01/06/2025;domingo;22:00:00;MG;40;476,5;SETE LAGOAS;Ingestão de álcool pelo condutor;Saída de leito carroçável;Com Vítimas Feridas;Plena Noite;Decrescente;Céu Claro;Múltipla;Reta;Não;3;0;3;0;0;0;3;1;-19,5192;-44,26691;SPRF-MG;DEL02-MG;UOP01-DEL02-MG
695245;01/06/2025;domingo;18:30:00;GO;80;132;BARRO ALTO;Reação tardia ou ineficiente do condutor;Colisão traseira;Com Vítimas Feridas;Plena Noite;Decrescente;Céu Claro;Simples;"Reta;Declive";Sim;5;0;1;0;3;1;1;2;-14,99748225;-48,90596867;SPRF-GO;DEL07-GO;UOP02-DEL07-GO
695248;01/06/2025;domingo;22:30:00;PR;116;29,2;CAMPINA GRANDE DO SUL;Ingestão de álcool pelo condutor;Saída de leito carroçável;Com Vítimas Fatais;Plena Noite;Crescente;Garoa/Chuvisco;Dupla;Curva;Não;3;1;0;0;2;0;0;1;-25,099628;-48,814842;SPRF-PR;DEL01-PR;UOP02-DEL01-PR
695249;01/06/2025;domingo;22:40:00;CE;116;5,5;FORTALEZA;Animais na Pista;Atropelamento de Animal;Com Vítimas Feridas;Plena Noite;Decrescente;Céu Claro;Múltipla;Reta;Sim;1;0;1;0;0;0;1;1;-3,7968812;-38,5062725;SPRF-CE;DEL01-CE;UOP02-DEL01-CE
695250;01/06/2025;domingo;21:15:00;SC;101;383,4;ICARA;Ingestão de álcool pelo condutor;Colisão transversal;Com Vítimas Feridas;Plena Noite;Crescente;Céu Claro;Simples;Interseção de Vias;Sim;3;0;1;0;2;0;1;2;-28,77413549;-49,31514708;SPRF-SC;DEL02-SC;UOP02-DEL02-SC
695254;01/06/2025;domingo;20:50:00;RJ;40;120;DUQUE DE CAXIAS;Ingestão de álcool pelo condutor;Queda de ocupante de veículo;Com Vítimas Feridas;Plena Noite;Decrescente;Céu Claro;Dupla;Reta;Não;1;0;1;0;0;0;1;1;-22,78089662;-43,28546762;SPRF-RJ;DEL01-RJ;UOP02-DEL01-RJ
695255;01/06/2025;domingo;22:50:00;TO;153;497,2;PARAISO DO TOCANTINS;Demais falhas mecânicas ou elétricas;Colisão com objeto;Sem Vítimas;Plena Noite;Decrescente;Céu Claro;Simples;"Declive;Reta;Túnel";Sim;1;0;0;0;1;0;0;1;-10,1738;-48,88034;SPRF-TO;DEL01-TO;UOP01-DEL01-TO
695256;01/06/2025;domingo;22:55:00;PB;101;84,6;BAYEUX;Acumulo de água sobre o pavimento;Tombamento;Com Vítimas Feridas;Plena Noite;Crescente;Céu Claro;Dupla;Reta;Sim;1;0;1;0;0;0;1;1;-7,143593;-34,918787;SPRF-PB;DEL01-PB;UOP01-DEL01-PB
695257;01/06/2025;domingo;21:00:00;RJ;101;407;ITAGUAI;Ingestão de álcool pelo condutor;Saída de leito carroçável;Sem Vítimas;Plena Noite;Crescente;Nublado;Dupla;Reta;Não;1;0;0;0;1;0;0;1;-22,877909;-43,818957;SPRF-RJ;DEL03-RJ;UOP01-DEL03-RJ
695258;01/06/2025;domingo;23:00:00;CE;116;43;HORIZONTE;Reação tardia ou ineficiente do condutor;Colisão com objeto;Sem Vítimas;Plena Noite;Crescente;Céu Claro;Dupla;Reta;Sim;2;0;0;0;1;1;0;2;-4,11863886;-38,4881115;SPRF-CE;DEL01-CE;UOP02-DEL01-CE
695260;01/06/2025;domingo;23:50:00;RJ;116;138;DUQUE DE CAXIAS;Reação tardia ou ineficiente do condutor;Colisão com objeto;Com Vítimas Feridas;Plena Noite;Crescente;Céu Claro;Dupla;Reta;Não;3;0;0;1;2;0;1;2;-22,64651184;-43,20566654;SPRF-RJ;DEL04-RJ;UOP02-DEL04-RJ
695261;01/06/2025;domingo;22:50:00;RS;470;174,7;VERANOPOLIS;Ingestão de álcool pelo condutor;Colisão frontal;Com Vítimas Feridas;Plena Noite;Decrescente;Nublado;Simples;Reta;Sim;2;0;1;1;0;0;2;2;-28,91747792;-51,53914972;SPRF-RS;DEL06-RS;UOP02-DEL06-RS
695262;01/06/2025;domingo;22:25:00;PI;230;306,9;FLORIANO;Ausência de reação do condutor;Colisão com objeto;Com Vítimas Fatais;Plena Noite;Decrescente;Céu Claro;Simples;"Aclive;Rotatória;Interseção de Vias";Sim;1;1;0;0;0;0;0;1;-6,787093;-42,993248;SPRF-PI;DEL03-PI;UOP01-DEL03-PI
695263;01/06/2025;domingo;23:40:00;PE;101;47;ABREU E LIMA;Transitar na contramão;Colisão frontal;Com Vítimas Fatais;Plena Noite;Crescente;Nublado;Múltipla;"Interseção de Vias;Retorno Regulamentado";Sim;4;1;0;2;1;0;2;2;-7,89071019;-34,90369169;SPRF-PE;DEL01-PE;UOP02-DEL01-PE
695264;01/06/2025;domingo;21:00:00;MT;163;955,8;NOVA SANTA HELENA;Acessar a via sem observar a presença dos outros veículos;Colisão transversal;Com Vítimas Feridas;Plena Noite;Decrescente;Céu Claro;Simples;"Rotatória;Interseção de Vias";Sim;7;0;0;2;5;0;2;3;-10,84858094;-55,18805313;SPRF-MT;DEL06-MT;UOP02-DEL06-MT
695265;01/06/2025;domingo;23:55:00;MG;40;434;PARAOPEBA;Ingestão de álcool pelo condutor;Saída de leito carroçável;Sem Vítimas;Plena Noite;Crescente;Céu Claro;Dupla;Reta;Não;1;0;0;0;0;1;0;1;-19,213458;-44,45785;SPRF-MG;DEL02-MG;UOP01-DEL02-MG
695266;02/06/2025;segunda-feira;00:50:00;RS;116;522;PELOTAS;Transitar na contramão;Colisão frontal;Com Vítimas Feridas;Plena Noite;Decrescente;Nublado;Dupla;Reta;Não;2;0;0;1;0;1;1;2;-31,71505174;-52,37541747;SPRF-RS;DEL07-RS;UOP01-DEL07-RS
695267;01/06/2025;domingo;21:30:00;PA;308;188;TRACUATEUA;Animais na Pista;Atropelamento de Animal;Com Vítimas Fatais;Plena Noite;Crescente;Céu Claro;Simples;Reta;Não;4;1;1;2;0;0;3;1;-1,09430291;-46,9097127;SPRF-PA;DEL01-PA;UOP03-DEL01-PA
695268;01/06/2025;domingo;23:00:00;PR;277;116;CAMPO LARGO;Pedestre andava na pista;Atropelamento de Pedestre;Com Vítimas Fatais;Plena Noite;Decrescente;Céu Claro;Dupla;Curva;Sim;4;1;0;0;3;0;0;2;-25,4369;-49,44433;SPRF-PR;DEL03-PR;UOP03-DEL03-PR
695269;02/06/2025;segunda-feira;00:05:00;BA;324;608;SIMOES FILHO;Transtornos Mentais (exceto suicidio);Atropelamento de Pedestre;Com Vítimas Fatais;Plena Noite;Crescente;Garoa/Chuvisco;Dupla;Reta;Não;4;1;0;0;3;0;0;2;-12,828008;-38,410651;SPRF-BA;DEL01-BA;UOP01-DEL01-BA
695272;02/06/2025;segunda-feira;01:30:00;RS;448;10;CANOAS;Ausência de reação do condutor;Colisão com objeto;Com Vítimas Feridas;Plena Noite;Crescente;Céu Claro;Dupla;Reta;Sim;2;0;2;0;0;0;2;1;-29,88576765;-51,23846881;SPRF-RS;DEL01-RS;UOP01-DEL01-RS
695273;02/06/2025;segunda-feira;01:00:00;RS;386;337;MARQUES DE SOUZA;Reação tardia ou ineficiente do condutor;Saída de leito carroçável;Sem Vítimas;Plena Noite;Decrescente;Nevoeiro/Neblina;Simples;Reta;Não;1;0;0;0;0;1;0;1;-29,33573685;-52,0917546;SPRF-RS;DEL04-RS;UOP01-DEL04-RS
695274;01/06/2025;domingo;21:30:00;SC;116;239,9;CORREIA PINTO;Ingestão de álcool pelo condutor;Saída de leito carroçável;Com Vítimas Feridas;Plena Noite;Crescente;Ignorado;Dupla;"Reta;Aclive";Não;2;0;1;0;0;1;1;1;-27,72547501;-50,33626556;SPRF-SC;DEL05-SC;UOP01-DEL05-SC
695277;02/06/2025;segunda-feira;00:14:00;SP;488;3,2;APARECIDA;Ausência de reação do condutor;Colisão com objeto;Sem Vítimas;Plena Noite;Decrescente;Céu Claro;Dupla;Reta;Sim;1;0;0;0;1;0;0;1;-22,856556;-45,244376;SPRF-SP;DEL08-SP;UOP01-DEL08-SP
695278;02/06/2025;segunda-feira;01:15:00;SC;101;166,1;TIJUCAS;Ausência de reação do condutor;Saída de leito carroçável;Com Vítimas Fatais;Plena Noite;Decrescente;Céu Claro;Dupla;Reta;Não;1;1;0;0;0;0;0;1;-27,2602584;-48,6315399;SPRF-SC;DEL04-SC;UOP03-DEL04-SC
695279;01/06/2025;domingo;22:30:00;RN;226;344,3;PATU;Objeto estático sobre o leito carroçável;Colisão com objeto;Com Vítimas Feridas;Plena Noite;Decrescente;Céu Claro;Simples;Reta;Não;2;0;1;0;1;0;1;2;-6,09959086;-37,64328003;SPRF-RN;DEL04-RN;UOP01-DEL04-RN
695281;02/06/2025;segunda-feira;02:45:00;RS;386;345,1;LAJEADO;Reação tardia ou ineficiente do condutor;Saída de leito carroçável;Com Vítimas Fatais;Plena Noite;Crescente;Nevoeiro/Neblina;Dupla;"Em Obras;Curva";Não;1;1;0;0;0;0;0;1;-29,44312758;-51,98725574;SPRF-RS;DEL04-RS;UOP01-DEL04-RS
695283;02/06/2025;segunda-feira;03:10:00;RS;293;2;PELOTAS;Condutor usando celular;Colisão com objeto;Com Vítimas Feridas;Plena Noite;Decrescente;Céu Claro;Simples;"Interseção de Vias;Rotatória";Sim;1;0;0;1;0;0;1;1;-31,741437;-52,364003;SPRF-RS;DEL07-RS;UOP01-DEL07-RS
695284;02/06/2025;segunda-feira;04:21:00;PE;104;58;CARUARU;Animais na Pista;Atropelamento de Animal;Sem Vítimas;Plena Noite;Crescente;Céu Claro;Dupla;Reta;Não;5;0;0;0;5;0;0;1;-8,220498;-35,975853;SPRF-PE;DEL02-PE;UOP01-DEL02-PE
695285;02/06/2025;segunda-feira;05:00:00;SC;101;206;SAO JOSE;Ausência de reação do condutor;Colisão traseira;Com Vítimas Feridas;Plena Noite;Crescente;Céu Claro;Múltipla;"Reta;Interseção de Vias";Sim;2;0;0;1;0;1;1;2;-27,594862;-48,619405;SPRF-SC;DEL01-SC;UOP01-DEL01-SC
695287;02/06/2025;segunda-feira;04:48:00;PR;376;660;TIJUCAS DO SUL;Velocidade Incompatível;Saída de leito carroçável;Com Vítimas Feridas;Plena Noite;Decrescente;Garoa/Chuvisco;Dupla;"Reta;Declive";Não;1;0;1;0;0;0;1;1;-25,85283208;-48,99258614;SPRF-PR;DEL01-PR;UOP04-DEL01-PR
695291;02/06/2025;segunda-feira;04:50:00;RO;364;342;JI-PARANA;Ingestão de álcool pelo condutor;Tombamento;Com Vítimas Feridas;Plena Noite;Decrescente;Céu Claro;Múltipla;Reta;Sim;1;0;1;0;0;0;1;1;-10,88087132;-61,9421228;SPRF-RO;DEL02-RO;UOP01-DEL02-RO
695292;02/06/2025;segunda-feira;06:47:00;SC;101;214,3;PALHOCA;Trafegar com motocicleta (ou similar) entre as faixas;Colisão traseira;Com Vítimas Feridas;Pleno dia;Decrescente;Nublado;Múltipla;Reta;Sim;2;0;0;1;1;0;1;2;-27,647198;-48,672424;SPRF-SC;DEL01-SC;UOP02-DEL01-SC
695294;02/06/2025;segunda-feira;06:49:00;PE;101;80;JABOATAO DOS GUARARAPES;Transitar no Acostamento;Atropelamento de Pedestre;Com Vítimas Feridas;Pleno dia;Crescente;Nublado;Dupla;Reta;Sim;2;0;1;0;1;0;1;2;-8,157762;-34,940925;SPRF-PE;DEL01-PE;UOP01-DEL01-PE
695295;02/06/2025;segunda-feira;06:40:00;SP;116;445;REGISTRO;Ausência de reação do condutor;Saída de leito carroçável;Com Vítimas Feridas;Amanhecer;Decrescente;Céu Claro;Simples;Reta;Sim;1;0;1;0;0;0;1;1;-24,49689438;-47,8404665;SPRF-SP;DEL05-SP;UOP01-DEL05-SP
695299;02/06/2025;segunda-feira;04:30:00;PR;277;169;PALMEIRA;Reação tardia ou ineficiente do condutor;Tombamento;Com Vítimas Feridas;Plena Noite;Decrescente;Céu Claro;Simples;"Reta;Declive";Não;2;0;2;0;0;0;2;1;-25,4634096;-49,9262706;SPRF-PR;DEL03-PR;UOP03-DEL03-PR
695300;02/06/2025;segunda-feira;07:00:00;MG;381;500,5;BETIM;Reação tardia ou ineficiente do condutor;Colisão traseira;Com Vítimas Feridas;Pleno dia;Decrescente;Céu Claro;Dupla;Reta;Sim;3;0;0;2;1;0;2;2;-20,0078602;-44,2168522;SPRF-MG;DEL01-MG;UOP03-DEL01-MG
695302;02/06/2025;segunda-feira;07:18:00;TO;153;141;ARAGUAINA;Acessar a via sem observar a presença dos outros veículos;Colisão lateral mesmo sentido;Com Vítimas Feridas;Pleno dia;Decrescente;Céu Claro;Simples;"Rotatória;Retorno Regulamentado";Sim;3;0;2;0;1;0;2;2;-7,17924455;-48,22264194;SPRF-TO;DEL02-TO;UOP01-DEL02-TO
695303;02/06/2025;segunda-feira;07:45:00;RS;290;174,8;BUTIA;Desrespeitar a preferência no cruzamento;Colisão transversal;Com Vítimas Feridas;Pleno dia;Crescente;Sol;Simples;Interseção de Vias;Sim;2;0;1;0;1;0;1;2;-30,12850412;-51,95789192;SPRF-RS;DEL02-RS;UOP03-DEL02-RS
695304;02/06/2025;segunda-feira;06:30:00;BA;101;221;SANTO ANTONIO DE JESUS;Ausência de reação do condutor;Atropelamento de Pedestre;Com Vítimas Feridas;Pleno dia;Decrescente;Céu Claro;Simples;Reta;Sim;2;0;2;0;0;0;2;2;-12,9889402;-39,2898569;SPRF-BA;DEL01-BA;UOP02-DEL01-BA
695306;02/06/2025;segunda-feira;07:30:00;SC;282;3,2;FLORIANOPOLIS;Manobra de mudança de faixa;Colisão lateral mesmo sentido;Com Vítimas Feridas;Pleno dia;Decrescente;Nublado;Múltipla;Reta;Sim;2;0;1;0;1;0;1;2;-27,59583791;-48,60136382;SPRF-SC;DEL01-SC;UOP01-DEL01-SC
695308;02/06/2025;segunda-feira;07:10:00;CE;116;306;ICO;Acessar a via sem observar a presença dos outros veículos;Colisão transversal;Com Vítimas Feridas;Pleno dia;Crescente;Céu Claro;Simples;Reta;Sim;2;0;1;0;1;0;1;2;-6,45576864;-38,85687768;SPRF-CE;DEL05-CE;UOP02-DEL05-CE
695310;02/06/2025;segunda-feira;07:30:00;MG;267;162;LIMA DUARTE;Desrespeitar a preferência no cruzamento;Colisão transversal;Com Vítimas Feridas;Pleno dia;Crescente;Nublado;Simples;Reta;Sim;2;0;0;1;1;0;1;2;-21,8419682;-43,78314111;SPRF-MG;DEL05-MG;UOP01-DEL05-MG
695311;02/06/2025;segunda-feira;07:15:00;MS;163;484,4;CAMPO GRANDE;Demais falhas na via;Colisão transversal;Com Vítimas Feridas;Pleno dia;Crescente;Céu Claro;Simples;"Reta;Interseção de Vias";Sim;2;0;2;0;0;0;2;2;-20,447308;-54,540956;SPRF-MS;DEL01-MS;UOP02-DEL01-MS
695313;02/06/2025;segunda-feira;06:58:00;PE;232;524;SALGUEIRO;Acessar a via sem observar a presença dos outros veículos;Colisão transversal;Com Vítimas Feridas;Pleno dia;Decrescente;Céu Claro;Simples;Reta;Não;5;0;3;0;2;0;3;3;-8,069767;-39,269374;SPRF-PE;DEL05-PE;UOP01-DEL05-PE
695314;04/04/2025;sexta-feira;09:10:00;PA;316;60;CASTANHAL;Demais falhas mecânicas ou elétricas;Incêndio;Sem Vítimas;Pleno dia;Decrescente;Céu Claro;Dupla;Reta;Sim;3;0;0;0;3;0;0;1;-1,3062657;-48,0070548;SPRF-PA;DEL01-PA;UOP01-DEL01-PA
695316;02/06/2025;segunda-feira;08:00:00;RN;101;79,3;NATAL;Condutor deixou de manter distância do veículo da frente;Colisão traseira;Com Vítimas Feridas;Pleno dia;Crescente;Céu Claro;Dupla;Reta;Sim;2;0;1;0;1;0;1;2;-5,74874244;-35,2893984;SPRF-RN;DEL02-RN;UOP01-DEL02-RN
695318;01/06/2025;domingo;04:20:00;BA;116;540,4;ITATIM;Velocidade Incompatível;Tombamento;Com Vítimas Feridas;Amanhecer;Crescente;Céu Claro;Simples;Aclive;Não;2;0;0;2;0;0;2;1;-12,8261633;-39,8281457;SPRF-BA;DEL03-BA;UOP02-DEL03-BA
695319;02/06/2025;segunda-feira;07:45:00;PR;376;175,8;MARINGA;Condutor deixou de manter distância do veículo da frente;Colisão traseira;Com Vítimas Feridas;Pleno dia;Decrescente;Nublado;Múltipla;Reta;Sim;3;0;1;0;2;0;1;2;-23,41158684;-51,94158912;SPRF-PR;DEL09-PR;UOP01-DEL09-PR
695320;02/06/2025;segunda-feira;07:40:00;ES;101;294,7;CARIACICA;Ausência de reação do condutor;Colisão lateral mesmo sentido;Com Vítimas Feridas;Pleno dia;Crescente;Céu Claro;Dupla;Reta;Sim;2;0;1;0;0;1;1;2;-20,32902159;-40,39848089;SPRF-ES;DEL01-ES;UOP01-DEL01-ES
695321;02/06/2025;segunda-feira;03:08:00;RN;101;109;PARNAMIRIM;Ausência de reação do condutor;Colisão com objeto;Sem Vítimas;Plena Noite;Crescente;Nublado;Dupla;Reta;Sim;2;0;0;0;0;2;0;2;-5,9210746;-35,264898;SPRF-RN;DEL01-RN;UOP01-DEL01-RN
695323;02/06/2025;segunda-feira;09:04:00;TO;153;493;PARAISO DO TOCANTINS;Acessar a via sem observar a presença dos outros veículos;Colisão transversal;Sem Vítimas;Pleno dia;Decrescente;Céu Claro;Simples;"Reta;Interseção de Vias";Não;2;0;0;0;2;0;0;2;-10,163521;-48,881359;SPRF-TO;DEL01-TO;UOP01-DEL01-TO
695326;02/06/2025;segunda-feira;09:07:00;RN;405;77,8;APODI;Acessar a via sem observar a presença dos outros veículos;Colisão transversal;Com Vítimas Feridas;Pleno dia;Crescente;Céu Claro;Dupla;"Reta;Declive;Retorno Regulamentado";Sim;2;0;1;0;1;0;1;2;-5,667282;-37,793688;SPRF-RN;DEL04-RN;UOP02-DEL04-RN
695327;02/06/2025;segunda-feira;08:30:00;SC;101;118;ITAJAI;Condutor deixou de manter distância do veículo da frente;Colisão lateral mesmo sentido;Com Vítimas Feridas;Pleno dia;Crescente;Nublado;Dupla;Reta;Não;3;0;2;0;1;0;2;2;-26,89296436;-48,72052565;SPRF-SC;DEL04-SC;UOP04-DEL04-SC
695328;02/06/2025;segunda-feira;08:10:00;PR;277;717;FOZ DO IGUACU;Avarias e/ou desgaste excessivo no pneu;Saída de leito carroçável;Sem Vítimas;Pleno dia;Decrescente;Chuva;Dupla;"Reta;Declive";Não;1;0;0;0;0;1;0;1;-25,482153;-54,489966;SPRF-PR;DEL05-PR;UOP01-DEL05-PR
695332;17/05/2025;sábado;10:30:00;BA;116;632;JAGUAQUARA;Condutor deixou de manter distância do veículo da frente;Colisão traseira;Com Vítimas Feridas;Pleno dia;Crescente;Céu Claro;Simples;Reta;Sim;2;0;0;1;1;0;1;2;-13,51779647;-40,05864894;SPRF-BA;DEL03-BA;UOP01-DEL03-BA
695334;28/05/2025;quarta-feira;08:30:00;MT;70;689;CACERES;Chuva;Saída de leito carroçável;Sem Vítimas;Pleno dia;Decrescente;Chuva;Simples;Curva;Não;2;0;0;0;2;0;0;1;-16,1339121;-57,2539256;SPRF-MT;DEL03-MT;UOP01-DEL03-MT
695335;02/06/2025;segunda-feira;06:55:00;PE;232;411;SERRA TALHADA;Acessar a via sem observar a presença dos outros veículos;Colisão transversal;Com Vítimas Feridas;Pleno dia;Decrescente;Céu Claro;Simples;Reta;Sim;2;0;2;0;0;0;2;2;-7,98092313;-38,30598548;SPRF-PE;DEL04-PE;UOP01-DEL04-PE
695337;02/06/2025;segunda-feira;10:30:00;SP;116;550;BARRA DO TURVO;Ausência de reação do condutor;Colisão com objeto;Com Vítimas Feridas;Pleno dia;Crescente;Chuva;Dupla;"Curva;Aclive";Não;1;0;1;0;0;0;1;1;-24,96107468;-48,46643485;SPRF-SP;DEL05-SP;UOP02-DEL05-SP
695338;02/06/2025;segunda-feira;07:45:00;SC;116;245,3;LAGES;Reação tardia ou ineficiente do condutor;Colisão lateral mesmo sentido;Com Vítimas Feridas;Pleno dia;Crescente;Nevoeiro/Neblina;Simples;"Interseção de Vias;Declive";Sim;4;0;2;0;2;0;2;3;-27,799538;-50,363446;SPRF-SC;DEL05-SC;UOP01-DEL05-SC
695340;02/06/2025;segunda-feira;11:15:00;ES;101;9;PEDRO CANARIO;Reação tardia ou ineficiente do condutor;Saída de leito carroçável;Com Vítimas Feridas;Pleno dia;Crescente;Nublado;Simples;Reta;Não;2;0;1;1;0;0;2;1;-18,232275;-39,953819;SPRF-ES;DEL04-ES;UOP02-DEL04-ES
695342;02/06/2025;segunda-feira;11:00:00;PR;376;214;JANDAIA DO SUL;Acessar a via sem observar a presença dos outros veículos;Colisão lateral mesmo sentido;Com Vítimas Feridas;Pleno dia;Decrescente;Céu Claro;Dupla;Reta;Não;2;0;1;0;1;0;1;2;-23,58098399;-51,6511902;SPRF-PR;DEL09-PR;UOP01-DEL09-PR
695348;02/06/2025;segunda-feira;11:30:00;MG;267;167,3;LIMA DUARTE;Transitar na contramão;Colisão frontal;Com Vítimas Feridas;Pleno dia;Crescente;Céu Claro;Simples;Curva;Não;2;0;0;1;1;0;1;2;-21,85474753;-43,82940888;SPRF-MG;DEL05-MG;UOP01-DEL05-MG
695352;02/06/2025;segunda-feira;09:50:00;BA;324;584;CANDEIAS;Acumulo de areia ou detritos sobre o pavimento;Tombamento;Com Vítimas Feridas;Pleno dia;Crescente;Céu Claro;Dupla;Reta;Não;1;0;1;0;0;0;1;1;-12,626483;-38,480492;SPRF-BA;DEL01-BA;UOP01-DEL01-BA
695353;02/06/2025;segunda-feira;05:00:00;MT;163;1038;MATUPA;Ausência de reação do condutor;Saída de leito carroçável;Com Vítimas Feridas;Amanhecer;Decrescente;Céu Claro;Simples;"Reta;Rotatória";Não;1;0;0;1;0;0;1;1;-10,18412;-54,945248;SPRF-MT;DEL06-MT;UOP03-DEL06-MT
695354;02/06/2025;segunda-feira;12:00:00;RJ;101;320;NITEROI;Ausência de reação do condutor;Tombamento;Com Vítimas Feridas;Pleno dia;Decrescente;Nublado;Múltipla;Reta;Sim;1;0;0;1;0;0;1;1;-22,8670807;-43,10970783;SPRF-RJ;DEL02-RJ;UOP01-DEL02-RJ
695356;02/06/2025;segunda-feira;11:59:00;RS;470;155;NOVA PRATA;Acessar a via sem observar a presença dos outros veículos;Colisão transversal;Com Vítimas Feridas;Pleno dia;Decrescente;Céu Claro;Simples;Reta;Sim;2;0;1;0;1;0;1;2;-28,76358166;-51,62550906;SPRF-RS;DEL06-RS;UOP02-DEL06-RS
695357;02/06/2025;segunda-feira;11:30:00;MG;381;940,9;EXTREMA;Velocidade Incompatível;Queda de ocupante de veículo;Com Vítimas Feridas;Pleno dia;Crescente;Céu Claro;Dupla;Curva;Sim;2;0;1;0;0;1;1;1;-22,826278;-46,313594;SPRF-MG;DEL16-MG;UOP03-DEL16-MG
695358;02/06/2025;segunda-feira;13:15:00;ES;101;265,8;SERRA;Reação tardia ou ineficiente do condutor;Colisão lateral mesmo sentido;Com Vítimas Feridas;Pleno dia;Decrescente;Nublado;Múltipla;Reta;Sim;2;0;2;0;0;0;2;2;-20,1880472;-40,2687369;SPRF-ES;DEL02-ES;UOP01-DEL02-ES
695359;02/06/2025;segunda-feira;13:15:00;MG;364;33,7;FRUTAL;Ausência de reação do condutor;Colisão com objeto;Com Vítimas Feridas;Pleno dia;Crescente;Céu Claro;Simples;"Declive;Ponte";Não;2;0;0;1;1;0;1;1;-20,0033343;-48,94302964;SPRF-MG;DEL13-MG;UOP02-DEL13-MG
695360;02/06/2025;segunda-feira;13:00:00;RS;290;65,5;GRAVATAI;Reação tardia ou ineficiente do condutor;Tombamento;Com Vítimas Feridas;Pleno dia;Crescente;Nublado;Dupla;Curva;Sim;3;0;2;0;1;0;2;1;-29,94305399;-50,90210438;SPRF-RS;DEL03-RS;UOP01-DEL03-RS
695361;02/06/2025;segunda-feira;13:35:00;CE;116;5,1;FORTALEZA;Avarias e/ou desgaste excessivo no pneu;Queda de ocupante de veículo;Com Vítimas Feridas;Pleno dia;Crescente;Céu Claro;Dupla;Reta;Sim;3;0;2;0;1;0;2;2;-3,794587;-38,507924;SPRF-CE;DEL01-CE;UOP02-DEL01-CE
695363;08/05/2025;quinta-feira;17:42:00;PE;104;76,8;CARUARU;Transitar na contramão;Colisão frontal;Com Vítimas Fatais;Anoitecer;Decrescente;Céu Claro;Simples;"Curva;Declive";Não;5;1;1;1;1;1;2;3;-8,373317;-35,984007;SPRF-PE;DEL02-PE;UOP01-DEL02-PE
695364;02/06/2025;segunda-feira;14:00:00;PR;116;16;CAMPINA GRANDE DO SUL;Velocidade Incompatível;Saída de leito carroçável;Com Vítimas Feridas;Pleno dia;Crescente;Garoa/Chuvisco;Dupla;Curva;Não;1;0;1;0;0;0;1;1;-25,102742;-48,700232;SPRF-PR;DEL01-PR;UOP02-DEL01-PR
695365;02/06/2025;segunda-feira;13:30:00;ES;101;138,9;LINHARES;Ausência de reação do condutor;Colisão traseira;Com Vítimas Feridas;Pleno dia;Decrescente;Céu Claro;Múltipla;Reta;Sim;2;0;1;0;0;1;1;2;-19,30744812;-40,08174317;SPRF-ES;DEL04-ES;UOP01-DEL04-ES
695367;02/06/2025;segunda-feira;14:00:00;SC;101;398,9;MARACAJA;Ausência de reação do condutor;Colisão com objeto;Com Vítimas Feridas;Pleno dia;Crescente;Nublado;Múltipla;Reta;Sim;1;0;1;0;0;0;1;1;-28,862222;-49,4451162;SPRF-SC;DEL02-SC;UOP02-DEL02-SC
695368;02/06/2025;segunda-feira;12:30:00;MS;60;426;SIDROLANDIA;Desrespeitar a preferência no cruzamento;Colisão lateral mesmo sentido;Com Vítimas Feridas;Pleno dia;Crescente;Céu Claro;Simples;Reta;Sim;2;0;1;0;1;0;1;2;-20,93961;-54,96383;SPRF-MS;DEL01-MS;UOP04-DEL01-MS
695369;02/06/2025;segunda-feira;13:30:00;PR;369;177,7;ROLANDIA;Avarias e/ou desgaste excessivo no pneu;Colisão com objeto;Com Vítimas Feridas;Pleno dia;Crescente;Céu Claro;Dupla;Reta;Não;1;0;1;0;0;0;1;1;-23,35189396;-51,38846247;SPRF-PR;DEL07-PR;UOP01-DEL07-PR
695370;02/06/2025;segunda-feira;12:17:00;PE;232;42,9;VITORIA DE SANTO ANTAO;Mal súbito do condutor;Colisão lateral mesmo sentido;Sem Vítimas;Pleno dia;Decrescente;Nublado;Dupla;Reta;Não;2;0;0;0;1;1;0;2;-8,12054;-35,266;SPRF-PE;DEL01-PE;UOP01-DEL01-PE