id;data_inversa;dia_semana;horario;uf;br;km;municipio;causa_acidente;tipo_acidente;classificacao_acidente;fase_dia;sentido_via;condicao_metereologica;tipo_pista;tracado_via;uso_solo;pessoas;mortos;feridos_leves;feridos_graves;ilesos;ignorados;feridos;veiculos;latitude;longitude;regional;delegacia;uop
695509;01/05/2025;quinta-feira;19:20:00;SP;381;87;GUARULHOS;Condutor deixou de manter distância do veículo da frente;Colisão traseira;Com Vítimas Feridas;Plena Noite;Decrescente;Céu Claro;Múltipla;Reta;Sim;2;0;1;0;1;0;1;2;-23,47669437;-46,55989766;SPRF-SP;DEL03-SP;UOP01-DEL03-SP
695511;03/06/2025;terça-feira;06:50:00;RN;110;1;AREIA BRANCA;Ultrapassagem Indevida;Colisão lateral mesmo sentido;Com Vítimas Feridas;Pleno dia;Crescente;Céu Claro;Simples;Reta;Sim;2;0;0;1;1;0;1;2;-4,948458;-37,123432;SPRF-RN;DEL04-RN;UOP01-DEL04-RN
695512;03/06/2025;terça-feira;07:50:00;RS;448;8;CANOAS;Ausência de reação do condutor;Colisão lateral mesmo sentido;Com Vítimas Feridas;Pleno dia;Crescente;Nublado;Dupla;Reta;Não;2;0;1;0;1;0;1;2;-29,8643286;-51,2265706;SPRF-RS;DEL01-RS;UOP02-DEL01-RS
695514;30/05/2025;sexta-feira;14:00:00;CE;222;256,7;SOBRAL;Ausência de reação do condutor;Capotamento;Com Vítimas Feridas;Pleno dia;Decrescente;Céu Claro;Simples;Reta;Não;1;0;1;0;0;0;1;1;-3,725859;-40,3394754;SPRF-CE;DEL04-CE;UOP02-DEL04-CE
695517;27/05/2025;terça-feira;20:50:00;SC;101;126;ITAJAI;Reação tardia ou ineficiente do condutor;Colisão traseira;Sem Vítimas;Plena Noite;Crescente;Nublado;Dupla;"Reta;Declive;Viaduto";Não;2;0;0;0;2;0;0;2;-26,9539109;-48,67958307;SPRF-SC;DEL04-SC;UOP04-DEL04-SC
695518;03/06/2025;terça-feira;08:20:00;MG;40;466,4;SETE LAGOAS;Frear bruscamente;Queda de ocupante de veículo;Com Vítimas Feridas;Pleno dia;Decrescente;Céu Claro;Dupla;Reta;Sim;1;0;1;0;0;0;1;1;-19,44588;-44,32148;SPRF-MG;DEL02-MG;UOP01-DEL02-MG
695519;03/06/2025;terça-feira;08:25:00;SP;116;158;JACAREI;Acumulo de óleo sobre o pavimento;Tombamento;Com Vítimas Feridas;Pleno dia;Crescente;Céu Claro;Dupla;Curva;Sim;1;0;1;0;0;0;1;1;-23,25823269;-45,94930887;SPRF-SP;DEL02-SP;UOP01-DEL02-SP
695520;03/06/2025;terça-feira;07:49:00;BA;324;527;FEIRA DE SANTANA;Condutor deixou de manter distância do veículo da frente;Colisão traseira;Com Vítimas Feridas;Pleno dia;Crescente;Céu Claro;Dupla;Reta;Sim;2;0;1;0;1;0;1;2;-12,322562;-38,869122;SPRF-BA;DEL01-BA;UOP03-DEL01-BA
695521;30/05/2025;sexta-feira;21:10:00;RJ;40;82;PETROPOLIS;Objeto estático sobre o leito carroçável;Queda de ocupante de veículo;Com Vítimas Feridas;Plena Noite;Crescente;Céu Claro;Dupla;Curva;Sim;1;0;1;0;0;0;1;1;-22,51515367;-43,23042089;SPRF-RJ;DEL01-RJ;UOP01-DEL01-RJ
695523;03/06/2025;terça-feira;09:00:00;SP;116;222;GUARULHOS;Entrada inopinada do pedestre;Atropelamento de Pedestre;Com Vítimas Feridas;Pleno dia;Decrescente;Garoa/Chuvisco;Múltipla;Reta;Sim;2;0;0;1;1;0;1;2;-23,47363879;-46,52263641;SPRF-SP;DEL01-SP;UOP01-DEL01-SP
695524;03/06/2025;terça-feira;04:30:00;PE;408;70,4;PAUDALHO;Ausência de reação do condutor;Colisão transversal;Sem Vítimas;Amanhecer;Crescente;Nublado;Dupla;Reta;Não;2;0;0;0;1;1;0;2;-7,92382;-35,15524;SPRF-PE;DEL01-PE;UOP01-DEL01-PE
695525;03/06/2025;terça-feira;09:00:00;SC;101;124;ITAJAI;Demais falhas mecânicas ou elétricas;Tombamento;Com Vítimas Feridas;Pleno dia;Decrescente;Garoa/Chuvisco;Simples;Retorno Regulamentado;Sim;2;0;1;0;1;0;1;1;-26,937103;-48,696482;SPRF-SC;DEL04-SC;UOP04-DEL04-SC
695526;03/06/2025;terça-feira;09:00:00;ES;101;150;LINHARES;Condutor deixou de manter distância do veículo da frente;Colisão traseira;Com Vítimas Feridas;Pleno dia;Crescente;Céu Claro;Simples;Interseção de Vias;Não;2;0;1;0;1;0;1;2;-19,40719766;-40,0640258;SPRF-ES;DEL04-ES;UOP01-DEL04-ES
695528;03/06/2025;terça-feira;10:00:00;GO;153;436;ANAPOLIS;Mal súbito do condutor;Saída de leito carroçável;Com Vítimas Feridas;Pleno dia;Crescente;Céu Claro;Dupla;Reta;Não;2;0;1;0;0;1;1;2;-16,299166;-48,928036;SPRF-GO;DEL02-GO;UOP01-DEL02-GO
695530;03/06/2025;terça-feira;09:20:00;MG;381;929,8;ITAPEVA;Velocidade Incompatível;Colisão com objeto;Com Vítimas Feridas;Pleno dia;Crescente;Chuva;Dupla;Curva;Não;2;0;2;0;0;0;2;1;-22,77456628;-46,23882607;SPRF-MG;DEL16-MG;UOP03-DEL16-MG
695531;03/06/2025;terça-feira;10:00:00;RS;285;268,2;MATO CASTELHANO;Condutor deixou de manter distância do veículo da frente;Colisão traseira;Sem Vítimas;Pleno dia;Decrescente;Chuva;Simples;Reta;Não;2;0;0;0;2;0;0;2;-28,29924188;-52,14969635;SPRF-RS;DEL08-RS;UOP03-DEL08-RS
695532;03/06/2025;terça-feira;09:40:00;RJ;101;70,7;CAMPOS DOS GOYTACAZES;Acessar a via sem observar a presença dos outros veículos;Colisão transversal;Com Vítimas Feridas;Pleno dia;Crescente;Garoa/Chuvisco;Simples;"Reta;Interseção de Vias";Não;4;0;1;0;3;0;1;2;-21,784552;-41,379494;SPRF-RJ;DEL08-RJ;UOP02-DEL08-RJ
695533;03/06/2025;terça-feira;10:15:00;RJ;101;66;CAMPOS DOS GOYTACAZES;Condutor deixou de manter distância do veículo da frente;Queda de ocupante de veículo;Com Vítimas Feridas;Pleno dia;Crescente;Chuva;Dupla;"Interseção de Vias;Curva";Não;1;0;1;0;0;0;1;1;-21,765059;-41,346597;SPRF-RJ;DEL08-RJ;UOP02-DEL08-RJ
695534;03/06/2025;terça-feira;07:30:00;MT;163;832;SINOP;Manobra de mudança de faixa;Colisão lateral mesmo sentido;Sem Vítimas;Pleno dia;Crescente;Sol;Dupla;"Em Obras;Reta";Sim;2;0;0;0;2;0;0;2;-11,88214434;-55,50079465;SPRF-MT;DEL06-MT;UOP02-DEL06-MT
695536;03/06/2025;terça-feira;07:10:00;MA;10;264;IMPERATRIZ;Acessar a via sem observar a presença dos outros veículos;Colisão lateral mesmo sentido;Com Vítimas Feridas;Pleno dia;Decrescente;Céu Claro;Simples;Reta;Sim;2;0;1;0;1;0;1;2;-5,426005;-47,472848;SPRF-MA;DEL04-MA;UOP01-DEL04-MA
695538;03/06/2025;terça-feira;11:00:00;SP;381;61;MAIRIPORA;Entrada inopinada do pedestre;Atropelamento de Pedestre;Com Vítimas Feridas;Pleno dia;Crescente;Chuva;Dupla;"Curva;Declive";Não;2;0;0;1;1;0;1;2;-23,28913009;-46,58288956;SPRF-SP;DEL03-SP;UOP01-DEL03-SP
695539;03/06/2025;terça-feira;08:30:00;SC;0;0;PALHOCA;Transitar na contramão;Colisão traseira;Sem Vítimas;Pleno dia;Não Informado;Garoa/Chuvisco;Simples;Curva;Sim;3;0;0;0;3;0;0;2;-27,64688214;-48,6733803;SPRF-SC;DEL01-SC;UOP01-DEL01-SC
695541;03/06/2025;terça-feira;10:30:00;MA;135;23;SAO LUIS;Acessar a via sem observar a presença dos outros veículos;Colisão transversal;Com Vítimas Feridas;Pleno dia;Decrescente;Nublado;Dupla;"Reta;Aclive;Retorno Regulamentado";Sim;2;0;0;1;1;0;1;2;-2,551175;-44,307116;SPRF-MA;DEL01-MA;UOP01-DEL01-MA
695542;03/06/2025;terça-feira;10:30:00;RS;290;176;BUTIA;Acessar a via sem observar a presença dos outros veículos;Colisão frontal;Com Vítimas Feridas;Pleno dia;Decrescente;Céu Claro;Simples;Reta;Sim;3;0;1;0;1;1;1;3;-30,13269063;-51,98065549;SPRF-RS;DEL02-RS;UOP03-DEL02-RS
695543;03/06/2025;terça-feira;10:30:00;RJ;101;384;RIO DE JANEIRO;Curva acentuada;Capotamento;Com Vítimas Feridas;Pleno dia;Crescente;Céu Claro;Dupla;Reta;Não;1;0;0;1;0;0;1;1;-22,87871468;-43,62056907;SPRF-RJ;DEL03-RJ;UOP01-DEL03-RJ
695545;03/06/2025;terça-feira;11:15:00;SP;381;61;MAIRIPORA;Chuva;Colisão traseira;Sem Vítimas;Pleno dia;Crescente;Chuva;Dupla;"Curva;Declive";Não;2;0;0;0;2;0;0;2;-23,28889358;-46,58263206;SPRF-SP;DEL03-SP;UOP01-DEL03-SP
695546;03/06/2025;terça-feira;11:00:00;PR;376;658;TIJUCAS DO SUL;Reação tardia ou ineficiente do condutor;Saída de leito carroçável;Com Vítimas Feridas;Pleno dia;Decrescente;Chuva;Dupla;Curva;Não;3;0;1;0;2;0;1;1;-25,85431895;-48,98361683;SPRF-PR;DEL01-PR;UOP04-DEL01-PR
695547;14/05/2025;quarta-feira;19:00:00;AL;101;49,5;FLEXEIRAS;Acessar a via sem observar a presença dos outros veículos;Colisão transversal;Com Vítimas Feridas;Plena Noite;Crescente;Céu Claro;Dupla;Reta;Não;2;0;0;1;1;0;1;2;-9,235188;-35,768639;SPRF-AL;DEL01-AL;UOP02-DEL01-AL
695549;24/04/2025;quinta-feira;07:30:00;PR;376;301;MAUA DA SERRA;Acumulo de óleo sobre o pavimento;Colisão com objeto;Com Vítimas Feridas;Amanhecer;Crescente;Céu Claro;Dupla;Curva;Não;1;0;1;0;0;0;1;1;-23,93485565;-51,15281431;SPRF-PR;DEL07-PR;UOP02-DEL07-PR
695554;03/06/2025;terça-feira;13:06:00;RN;110;47;MOSSORO;Acessar a via sem observar a presença dos outros veículos;Colisão transversal;Com Vítimas Feridas;Pleno dia;Decrescente;Céu Claro;Simples;Reta;Sim;4;0;4;0;0;0;4;2;-5,20612854;-37,32931707;SPRF-RN;DEL04-RN;UOP01-DEL04-RN
695556;03/06/2025;terça-feira;13:20:00;MG;40;627;CONSELHEIRO LAFAIETE;Acessar a via sem observar a presença dos outros veículos;Colisão transversal;Com Vítimas Feridas;Pleno dia;Decrescente;Nublado;Simples;Reta;Sim;2;0;0;1;1;0;1;2;-20,64024;-43,81379;SPRF-MG;DEL05-MG;UOP02-DEL05-MG
695557;03/06/2025;terça-feira;13:15:00;MG;381;492;BETIM;Manobra de mudança de faixa;Colisão lateral mesmo sentido;Com Vítimas Feridas;Pleno dia;Decrescente;Céu Claro;Múltipla;Curva;Sim;2;0;1;0;1;0;1;2;-19,9617975;-44,1605328;SPRF-MG;DEL01-MG;UOP03-DEL01-MG
695560;03/06/2025;terça-feira;13:20:00;PR;277;14,6;PARANAGUA;Reação tardia ou ineficiente do condutor;Saída de leito carroçável;Com Vítimas Feridas;Pleno dia;Decrescente;Sol;Dupla;Reta;Não;2;0;1;0;1;0;1;1;-25,5541522;-48,66024368;SPRF-PR;DEL01-PR;UOP05-DEL01-PR
695561;03/06/2025;terça-feira;13:25:00;RJ;101;328;RIO DE JANEIRO;Ausência de reação do condutor;Colisão traseira;Com Vítimas Feridas;Pleno dia;Decrescente;Céu Claro;Dupla;"Ponte;Reta";Não;2;0;0;1;1;0;1;2;-22,8702678;-43,16741657;SPRF-RJ;DEL02-RJ;UOP01-DEL02-RJ
695562;26/05/2025;segunda-feira;17:30:00;RJ;116;195;NOVA IGUACU;Manobra de mudança de faixa;Colisão lateral mesmo sentido;Com Vítimas Feridas;Pleno dia;Decrescente;Ignorado;Dupla;Reta;Não;1;0;1;0;0;0;1;1;-22,74293951;-43,52062225;SPRF-RJ;DEL06-RJ;UOP01-DEL06-RJ
695563;03/06/2025;terça-feira;12:00:00;SC;101;415,9;ARARANGUA;Acessar a via sem observar a presença dos outros veículos;Colisão transversal;Com Vítimas Feridas;Pleno dia;Crescente;Céu Claro;Simples;Reta;Sim;2;0;1;0;1;0;1;2;-28,9694704;-49,52543227;SPRF-SC;DEL02-SC;UOP02-DEL02-SC
695564;03/06/2025;terça-feira;10:45:00;MT;163;86,1;RONDONOPOLIS;Reação tardia ou ineficiente do condutor;Saída de leito carroçável;Com Vítimas Feridas;Pleno dia;Crescente;Céu Claro;Dupla;"Reta;Declive";Não;1;0;1;0;0;0;1;1;-16,7670845;-54,6596385;SPRF-MT;DEL02-MT;UOP03-DEL02-MT
695565;03/06/2025;terça-feira;11:15:00;SC;101;412,5;ARARANGUA;Condutor Dormindo;Tombamento;Com Vítimas Feridas;Pleno dia;Crescente;Céu Claro;Dupla;Reta;Não;1;0;0;1;0;0;1;1;-28,94529329;-49,52894211;SPRF-SC;DEL02-SC;UOP02-DEL02-SC
695566;03/06/2025;terça-feira;13:45:00;PB;230;19,3;JOAO PESSOA;Reação tardia ou ineficiente do condutor;Queda de ocupante de veículo;Com Vítimas Feridas;Pleno dia;Decrescente;Sol;Dupla;Reta;Sim;1;0;1;0;0;0;1;1;-7,130857;-34,851742;SPRF-PB;DEL01-PB;UOP01-DEL01-PB
695568;03/06/2025;terça-feira;14:00:00;RS;470;216,8;BENTO GONCALVES;Condutor deixou de manter distância do veículo da frente;Colisão traseira;Sem Vítimas;Pleno dia;Crescente;Garoa/Chuvisco;Dupla;Interseção de Vias;Sim;4;0;0;0;4;0;0;2;-29,17188707;-51,52422516;SPRF-RS;DEL06-RS;UOP01-DEL06-RS
695569;03/06/2025;terça-feira;12:15:00;PI;343;594;FLORIANO;Ausência de reação do condutor;Tombamento;Com Vítimas Feridas;Pleno dia;Decrescente;Céu Claro;Simples;Reta;Sim;2;0;1;0;0;1;1;2;-6,7930659;-42,9837878;SPRF-PI;DEL03-PI;UOP01-DEL03-PI
695570;03/06/2025;terça-feira;14:00:00;PB;230;23,2;JOAO PESSOA;Ausência de reação do condutor;Tombamento;Com Vítimas Feridas;Pleno dia;Decrescente;Céu Claro;Dupla;Reta;Sim;1;0;1;0;0;0;1;1;-7,16013;-34,859605;SPRF-PB;DEL01-PB;UOP01-DEL01-PB
695571;14/05/2025;quarta-feira;07:00:00;BA;324;536;CONCEICAO DO JACUIPE;Ausência de reação do condutor;Tombamento;Com Vítimas Feridas;Pleno dia;Crescente;Céu Claro;Dupla;Reta;Não;1;0;1;0;0;0;1;1;-12,366686;-38,816539;SPRF-BA;DEL01-BA;UOP03-DEL01-BA
695579;03/06/2025;terça-feira;14:15:00;SC;101;150;ITAPEMA;Acessar a via sem observar a presença dos outros veículos;Colisão transversal;Com Vítimas Feridas;Pleno dia;Crescente;Céu Claro;Simples;Reta;Sim;4;0;0;2;2;0;2;3;-27,11626678;-48,60974345;SPRF-SC;DEL04-SC;UOP03-DEL04-SC
695583;08/01/2025;quarta-feira;15:00:00;PR;487;168;CAMPO MOURAO;Ausência de reação do condutor;Colisão traseira;Com Vítimas Feridas;Pleno dia;Decrescente;Céu Claro;Simples;Reta;Não;3;0;0;2;1;0;2;2;-24,00013907;-52,48927468;SPRF-PR;DEL09-PR;UOP03-DEL09-PR
695584;03/06/2025;terça-feira;13:30:00;MG;381;791,7;SAO GONCALO DO SAPUCAI;Velocidade Incompatível;Saída de leito carroçável;Com Vítimas Feridas;Pleno dia;Decrescente;Chuva;Dupla;Curva;Não;1;0;1;0;0;0;1;1;-21,90598894;-45,55836296;SPRF-MG;DEL16-MG;UOP02-DEL16-MG
695585;03/05/2025;sábado;02:30:00;PR;376;140,9;NOVA ESPERANCA;Demais falhas mecânicas ou elétricas;Incêndio;Sem Vítimas;Plena Noite;Crescente;Céu Claro;Dupla;Reta;Não;1;0;0;0;1;0;0;1;-23,238253;-52,172786;SPRF-PR;DEL09-PR;UOP02-DEL09-PR
695586;01/06/2025;domingo;05:57:00;SP;116;149,4;SAO JOSE DOS CAMPOS;Reação tardia ou ineficiente do condutor;Colisão lateral mesmo sentido;Sem Vítimas;Amanhecer;Crescente;Céu Claro;Dupla;Reta;Não;2;0;0;0;0;2;0;2;-23,21330286;-45,89286544;SPRF-SP;DEL02-SP;UOP01-DEL02-SP
695590;06/04/2025;domingo;20:40:00;ES;101;91;JAGUARE;Pedestre andava na pista;Atropelamento de Pedestre;Com Vítimas Feridas;Plena Noite;Decrescente;Nublado;Simples;Reta;Não;3;0;0;1;2;0;1;2;-18,93134912;-39,97211404;SPRF-ES;DEL04-ES;UOP02-DEL04-ES
695591;26/05/2025;segunda-feira;20:30:00;RR;431;45;RORAINOPOLIS;Ausência de sinalização;Saída de leito carroçável;Sem Vítimas;Plena Noite;Crescente;Nevoeiro/Neblina;Simples;"Declive;Reta";Não;4;0;0;0;3;1;0;2;-0,2318008;-61,0645133;SPRF-RR;DEL01-RR;UOP01-DEL01-RR
695592;03/06/2025;terça-feira;15:30:00;BA;235;347,6;JUAZEIRO;Reação tardia ou ineficiente do condutor;Colisão traseira;Sem Vítimas;Pleno dia;Crescente;Céu Claro;Simples;Reta;Sim;2;0;0;0;2;0;0;2;-9,45023;-40,48521;SPRF-PE;DEL06-PE;UOP01-DEL06-PE
695593;03/06/2025;terça-feira;14:00:00;SC;101;434;SOMBRIO;Transitar na contramão;Colisão frontal;Com Vítimas Feridas;Pleno dia;Decrescente;Céu Claro;Múltipla;"Reta;Em Obras";Não;4;0;2;1;1;0;3;2;-29,09924344;-49,63498678;SPRF-SC;DEL02-SC;UOP02-DEL02-SC
695595;03/06/2025;terça-feira;14:30:00;RJ;116;133;MAGE;Demais falhas mecânicas ou elétricas;Incêndio;Sem Vítimas;Pleno dia;Crescente;Céu Claro;Dupla;Reta;Não;1;0;0;0;1;0;0;1;-22,653967;-43,144144;SPRF-RJ;DEL04-RJ;UOP02-DEL04-RJ
695598;18/05/2025;domingo;10:40:00;PR;277;684;SAO MIGUEL DO IGUACU;Velocidade Incompatível;Queda de ocupante de veículo;Com Vítimas Feridas;Pleno dia;Crescente;Céu Claro;Dupla;"Curva;Declive";Não;1;0;0;1;0;0;1;1;-25,33909055;-54,20056701;SPRF-PR;DEL05-PR;UOP01-DEL05-PR
695599;03/06/2025;terça-feira;15:30:00;AL;423;79;DELMIRO GOUVEIA;Ingestão de álcool pelo condutor;Colisão traseira;Com Vítimas Feridas;Pleno dia;Decrescente;Céu Claro;Simples;Reta;Sim;3;0;2;0;1;0;2;2;-9,3289;-37,980012;SPRF-AL;DEL03-AL;UOP02-DEL03-AL
695600;03/06/2025;terça-feira;17:00:00;ES;101;266;SERRA;Manobra de mudança de faixa;Colisão lateral mesmo sentido;Com Vítimas Feridas;Anoitecer;Decrescente;Nublado;Dupla;Reta;Sim;2;0;1;0;1;0;1;2;-20,194865;-40,268418;SPRF-ES;DEL02-ES;UOP01-DEL02-ES
695601;03/06/2025;terça-feira;15:50:00;CE;116;1;FORTALEZA;Ausência de reação do condutor;Colisão com objeto;Sem Vítimas;Pleno dia;Decrescente;Céu Claro;Dupla;Interseção de Vias;Não;1;0;0;0;1;0;0;1;-3,75794703;-38,51971714;SPRF-CE;DEL01-CE;UOP02-DEL01-CE
695602;03/06/2025;terça-feira;15:25:00;PE;232;254,6;ARCOVERDE;Transitar no Acostamento;Colisão transversal;Com Vítimas Feridas;Pleno dia;Decrescente;Nublado;Simples;Reta;Sim;2;0;0;1;1;0;1;2;-8,41715649;-37,08006889;SPRF-PE;DEL04-PE;UOP02-DEL04-PE
695604;03/06/2025;terça-feira;16:35:00;MG;40;629,8;CONSELHEIRO LAFAIETE;Acessar a via sem observar a presença dos outros veículos;Colisão frontal;Com Vítimas Feridas;Pleno dia;Decrescente;Chuva;Simples;Reta;Sim;2;0;0;1;1;0;1;2;-20,6608;-43,80214;SPRF-MG;DEL05-MG;UOP02-DEL05-MG
695610;03/06/2025;terça-feira;17:05:00;MG;262;366,3;JUATUBA;Pedestre - Ingestão de álcool/ substâncias psicoativas;Eventos atípicos;Com Vítimas Feridas;Pleno dia;Decrescente;Nublado;Dupla;"Reta;Aclive";Sim;2;0;1;0;0;1;1;2;-19,9743215;-44,3210228;SPRF-MG;DEL01-MG;UOP03-DEL01-MG
695611;03/06/2025;terça-feira;16:00:00;RJ;101;473;ANGRA DOS REIS;Acumulo de areia ou detritos sobre o pavimento;Tombamento;Com Vítimas Feridas;Pleno dia;Decrescente;Sol;Simples;"Interseção de Vias;Rotatória";Sim;1;0;1;0;0;0;1;1;-22,9895636;-44,2417962;SPRF-RJ;DEL03-RJ;UOP03-DEL03-RJ
695612;03/06/2025;terça-feira;16:50:00;RS;158;200,1;CRUZ ALTA;Transitar na contramão;Colisão transversal;Com Vítimas Feridas;Pleno dia;Decrescente;Céu Claro;Simples;"Reta;Interseção de Vias";Não;2;0;0;1;1;0;1;2;-28,68735515;-53,59965136;SPRF-RS;DEL10-RS;UOP02-DEL10-RS
695613;03/06/2025;terça-feira;17:10:00;MG;40;283;TRES MARIAS;Acessar a via sem observar a presença dos outros veículos;Colisão frontal;Sem Vítimas;Anoitecer;Decrescente;Céu Claro;Simples;"Curva;Interseção de Vias";Sim;2;0;0;0;2;0;0;2;-18,2506753;-45,1960471;SPRF-MG;DEL14-MG;UOP02-DEL14-MG
695614;03/06/2025;terça-feira;16:07:00;ES;101;137;LINHARES;Ultrapassagem Indevida;Colisão transversal;Com Vítimas Feridas;Plena Noite;Crescente;Céu Claro;Simples;Interseção de Vias;Não;3;0;3;0;0;0;3;2;-19,29409265;-40,08591923;SPRF-ES;DEL04-ES;UOP01-DEL04-ES
695615;03/06/2025;terça-feira;17:30:00;PR;369;156,3;LONDRINA;Condutor deixou de manter distância do veículo da frente;Colisão traseira;Com Vítimas Feridas;Anoitecer;Crescente;Céu Claro;Dupla;Reta;Sim;2;0;1;0;1;0;1;2;-23,28998205;-51,2201914;SPRF-PR;DEL07-PR;UOP01-DEL07-PR
695616;03/06/2025;terça-feira;17:40:00;MG;116;808,3;ALEM PARAIBA;Demais falhas mecânicas ou elétricas;Incêndio;Com Vítimas Feridas;Anoitecer;Decrescente;Nublado;Simples;Reta;Não;1;0;1;0;0;0;1;1;-21,82262019;-42,68669128;SPRF-MG;DEL07-MG;UOP01-DEL07-MG
695618;03/06/2025;terça-feira;17:40:00;CE;116;2;FORTALEZA;Condutor deixou de manter distância do veículo da frente;Colisão traseira;Com Vítimas Feridas;Plena Noite;Decrescente;Céu Claro;Dupla;Reta;Sim;3;0;1;0;1;1;1;3;-3,77589557;-38,5153842;SPRF-CE;DEL01-CE;UOP02-DEL01-CE
695619;03/06/2025;terça-feira;18:05:00;MG;381;434;SABARA;Velocidade Incompatível;Colisão frontal;Com Vítimas Feridas;Anoitecer;Crescente;Chuva;Simples;Curva;Não;2;0;2;0;0;0;2;2;-19,78670379;-43,72580051;SPRF-MG;DEL01-MG;UOP01-DEL01-MG
695621;03/06/2025;terça-feira;16:30:00;RJ;465;5;SEROPEDICA;Trafegar com motocicleta (ou similar) entre as faixas;Colisão frontal;Com Vítimas Feridas;Pleno dia;Decrescente;Nublado;Simples;Reta;Sim;2;0;1;0;1;0;1;2;-22,748452;-43,698303;SPRF-RJ;DEL06-RJ;UOP02-DEL06-RJ
695623;03/06/2025;terça-feira;16:40:00;PA;10;314;IRITUIA;Transitar na contramão;Colisão frontal;Com Vítimas Fatais;Anoitecer;Crescente;Nublado;Simples;Reta;Não;2;1;1;0;0;0;1;2;-1,73086441;-47,50286293;SPRF-PA;DEL01-PA;UOP02-DEL01-PA
695624;03/06/2025;terça-feira;17:50:00;SP;116;135;SAO JOSE DOS CAMPOS;Manobra de mudança de faixa;Colisão lateral mesmo sentido;Com Vítimas Feridas;Anoitecer;Crescente;Nublado;Dupla;Reta;Não;3;0;1;0;2;0;1;3;-23,14383187;-45,76927608;SPRF-SP;DEL02-SP;UOP01-DEL02-SP
695625;03/06/2025;terça-feira;18:25:00;RS;287;249;SANTA MARIA;Entrada inopinada do pedestre;Atropelamento de Pedestre;Com Vítimas Feridas;Plena Noite;Decrescente;Garoa/Chuvisco;Dupla;Reta;Sim;2;0;0;1;1;0;1;2;-29,6956529;-53,85432098;SPRF-RS;DEL09-RS;UOP01-DEL09-RS
695626;03/06/2025;terça-feira;18:00:00;PR;277;722,5;FOZ DO IGUACU;Acessar a via sem observar a presença dos outros veículos;Colisão transversal;Com Vítimas Feridas;Plena Noite;Crescente;Céu Claro;Dupla;"Reta;Retorno Regulamentado";Sim;3;0;1;0;0;2;1;2;-25,4987649;-54,5301096;SPRF-PR;DEL05-PR;UOP03-DEL05-PR
695628;03/06/2025;terça-feira;18:30:00;SP;116;230,6;SAO PAULO;Trafegar com motocicleta (ou similar) entre as faixas;Colisão lateral mesmo sentido;Com Vítimas Feridas;Plena Noite;Crescente;Céu Claro;Múltipla;Reta;Sim;3;0;1;0;2;0;1;3;-23,52122167;-46,58419847;SPRF-SP;DEL01-SP;UOP01-DEL01-SP
695629;03/06/2025;terça-feira;17:55:00;MG;267;81,3;JUIZ DE FORA;Transitar na contramão;Colisão frontal;Com Vítimas Fatais;Anoitecer;Decrescente;Chuva;Simples;Curva;Não;2;1;0;1;0;0;1;2;-21,76901255;-43,24203664;SPRF-MG;DEL05-MG;UOP01-DEL05-MG
695630;03/06/2025;terça-feira;18:20:00;SC;280;37;ARAQUARI;Acessar a via sem observar a presença dos outros veículos;Colisão transversal;Com Vítimas Feridas;Plena Noite;Crescente;Nublado;Simples;"Curva;Em Obras";Não;2;0;1;0;1;0;1;2;-26,44783271;-48,82277934;SPRF-SC;DEL03-SC;UOP03-DEL03-SC
695631;03/06/2025;terça-feira;17:40:00;SP;116;61,1;GUARATINGUETA;Ausência de reação do condutor;Colisão traseira;Com Vítimas Feridas;Anoitecer;Decrescente;Nublado;Dupla;Reta;Sim;6;0;4;0;1;1;4;3;-22,798278;-45,167885;SPRF-SP;DEL08-SP;UOP01-DEL08-SP
695632;03/06/2025;terça-feira;17:00:00;GO;70;339;JUSSARA;Transitar na contramão;Saída de leito carroçável;Com Vítimas Feridas;Pleno dia;Crescente;Céu Claro;Dupla;Reta;Não;2;0;2;0;0;0;2;1;-15,88474932;-51,05995271;SPRF-GO;DEL04-GO;UOP02-DEL04-GO
695633;03/06/2025;terça-feira;17:30:00;RJ;116;276;BARRA MANSA;Reação tardia ou ineficiente do condutor;Colisão traseira;Com Vítimas Feridas;Anoitecer;Decrescente;Céu Claro;Dupla;"Declive;Reta";Não;2;0;1;0;1;0;1;2;-22,5619425;-44,16576552;SPRF-RJ;DEL07-RJ;UOP02-DEL07-RJ
695634;03/06/2025;terça-feira;18:00:00;BA;101;371;GANDU;Velocidade Incompatível;Colisão traseira;Com Vítimas Feridas;Anoitecer;Crescente;Nublado;Simples;Curva;Não;3;0;2;0;0;1;2;2;-13,78965465;-39,49421883;SPRF-BA;DEL05-BA;UOP03-DEL05-BA
695635;03/06/2025;terça-feira;18:40:00;PR;369;187;ARAPONGAS;Ausência de reação do condutor;Colisão traseira;Sem Vítimas;Plena Noite;Crescente;Nublado;Simples;Reta;Sim;4;0;0;0;4;0;0;2;-23,423922;-51,423763;SPRF-PR;DEL07-PR;UOP03-DEL07-PR
695637;03/06/2025;terça-feira;18:45:00;RS;116;426;CRISTAL;Acessar a via sem observar a presença dos outros veículos;Colisão transversal;Com Vítimas Feridas;Plena Noite;Crescente;Chuva;Simples;Interseção de Vias;Sim;2;0;1;0;1;0;1;2;-30,995092;-52,045812;SPRF-RS;DEL02-RS;UOP02-DEL02-RS