id;data_inversa;dia_semana;horario;uf;br;km;municipio;causa_acidente;tipo_acidente;classificacao_acidente;fase_dia;sentido_via;condicao_metereologica;tipo_pista;tracado_via;uso_solo;pessoas;mortos;feridos_leves;feridos_graves;ilesos;ignorados;feridos;veiculos;latitude;longitude;regional;delegacia;uop
695638;16/05/2025;sexta-feira;18:30:00;PR;376;4,1;MANDAGUARI;Acesso irregular;Atropelamento de Pedestre;Com Vítimas Feridas;Anoitecer;Crescente;Céu Claro;Simples;Curva;Sim;2;0;1;0;1;0;1;2;-23,51759372;-51,6817664;SPRF-PR;DEL09-PR;UOP01-DEL09-PR
695639;03/06/2025;terça-feira;19:00:00;SP;116;201;ARUJA;Reação tardia ou ineficiente do condutor;Colisão com objeto;Com Vítimas Feridas;Plena Noite;Decrescente;Nublado;Dupla;"Em Obras;Viaduto;Reta";Sim;2;0;1;0;1;0;1;1;-23,40372306;-46,3310194;SPRF-SP;DEL01-SP;UOP01-DEL01-SP
695640;03/06/2025;terça-feira;15:00:00;MG;381;728,6;CARMO DA CACHOEIRA;Avarias e/ou desgaste excessivo no pneu;Saída de leito carroçável;Com Vítimas Feridas;Pleno dia;Crescente;Chuva;Dupla;"Curva;Declive";Não;2;0;1;0;1;0;1;1;-21,491622;-45,210403;SPRF-MG;DEL04-MG;UOP02-DEL04-MG
695641;03/06/2025;terça-feira;18:40:00;MG;262;800;UBERABA;Reação tardia ou ineficiente do condutor;Colisão traseira;Com Vítimas Feridas;Plena Noite;Crescente;Céu Claro;Dupla;Reta;Sim;2;0;1;0;0;1;1;2;-19,76911664;-47,89698958;SPRF-MG;DEL13-MG;UOP01-DEL13-MG
695643;15/05/2025;quinta-feira;18:30:00;PR;376;4,1;MANDAGUARI;Acessar a via sem observar a presença dos outros veículos;Colisão transversal;Com Vítimas Feridas;Plena Noite;Decrescente;Céu Claro;Simples;"Interseção de Vias;Reta";Não;2;0;1;0;0;1;1;2;-23,51752;-51,68184;SPRF-PR;DEL09-PR;UOP01-DEL09-PR
695645;03/06/2025;terça-feira;18:20:00;PR;369;187;ARAPONGAS;Ingestão de álcool pelo condutor;Colisão traseira;Sem Vítimas;Plena Noite;Crescente;Céu Claro;Simples;Reta;Sim;2;0;0;0;2;0;0;2;-23,42346453;-51,4238569;SPRF-PR;DEL07-PR;UOP03-DEL07-PR
695646;03/06/2025;terça-feira;18:30:00;SP;116;276;EMBU DAS ARTES;Trafegar com motocicleta (ou similar) entre as faixas;Colisão lateral mesmo sentido;Com Vítimas Feridas;Anoitecer;Decrescente;Céu Claro;Dupla;Reta;Sim;4;0;0;1;3;0;1;4;-23,62022496;-46,81125626;SPRF-SP;DEL04-SP;UOP01-DEL04-SP
695647;03/06/2025;terça-feira;17:00:00;PR;277;344;GUARAPUAVA;Manobra de mudança de faixa;Colisão com objeto;Com Vítimas Feridas;Pleno dia;Crescente;Nublado;Dupla;"Reta;Viaduto";Sim;2;0;1;0;0;1;1;1;-25,36448334;-51,47640824;SPRF-PR;DEL08-PR;UOP01-DEL08-PR
695648;03/06/2025;terça-feira;18:00:00;ES;101;348,2;ANCHIETA;Conversão proibida;Colisão transversal;Com Vítimas Feridas;Plena Noite;Decrescente;Chuva;Simples;"Em Obras;Desvio Temporário";Sim;2;0;1;1;0;0;2;2;-20,65047943;-40,63850133;SPRF-ES;DEL03-ES;UOP01-DEL03-ES
695650;03/06/2025;terça-feira;18:30:00;RS;392;66;PELOTAS;Ausência de reação do condutor;Tombamento;Com Vítimas Feridas;Plena Noite;Decrescente;Céu Claro;Dupla;Reta;Sim;1;0;1;0;0;0;1;1;-31,75859853;-52,39886427;SPRF-RS;DEL07-RS;UOP01-DEL07-RS
695652;03/06/2025;terça-feira;18:25:00;RN;405;1;MOSSORO;Transitar na contramão;Colisão transversal;Com Vítimas Feridas;Plena Noite;Crescente;Céu Claro;Dupla;"Retorno Regulamentado;Reta;Interseção de Vias";Sim;2;0;0;1;1;0;1;2;-5,192023;-37,36679;SPRF-RN;DEL04-RN;UOP02-DEL04-RN
695653;03/06/2025;terça-feira;18:35:00;GO;70;7;AGUAS LINDAS DE GOIAS;Mal súbito do condutor;Colisão lateral mesmo sentido;Com Vítimas Feridas;Plena Noite;Decrescente;Céu Claro;Múltipla;Reta;Sim;3;0;2;0;1;0;2;3;-15,7359274;-48,274439;SPRF-DF;DEL03-DF;UOP02-DEL03-DF
695654;03/06/2025;terça-feira;19:30:00;PR;476;196;LAPA;Acessar a via sem observar a presença dos outros veículos;Colisão transversal;Com Vítimas Feridas;Plena Noite;Decrescente;Nublado;Simples;"Declive;Reta";Sim;2;0;0;1;1;0;1;2;-25,756178;-49,728937;SPRF-PR;DEL01-PR;UOP06-DEL01-PR
695655;03/06/2025;terça-feira;18:00:00;MG;381;434;SABARA;Pedestre cruzava a pista fora da faixa;Atropelamento de Pedestre;Com Vítimas Feridas;Plena Noite;Decrescente;Chuva;Simples;"Aclive;Reta";Sim;2;0;0;1;1;0;1;2;-19,78738018;-43,72627258;SPRF-MG;DEL01-MG;UOP01-DEL01-MG
695656;03/06/2025;terça-feira;20:15:00;PE;232;80;GRAVATA;Ingestão de álcool pelo condutor;Colisão frontal;Sem Vítimas;Plena Noite;Crescente;Céu Claro;Simples;"Reta;Declive";Sim;3;0;0;0;3;0;0;3;-8,1967;-35,57769;SPRF-PE;DEL02-PE;UOP02-DEL02PE
695657;03/06/2025;terça-feira;19:50:00;SP;116;117,7;TAUBATE;Entrada inopinada do pedestre;Atropelamento de Pedestre;Com Vítimas Feridas;Plena Noite;Decrescente;Céu Claro;Dupla;Interseção de Vias;Não;2;0;0;1;1;0;1;2;-23,06090268;-45,62276602;SPRF-SP;DEL02-SP;UOP02-DEL02-SP
695660;03/06/2025;terça-feira;18:55:00;ES;101;267,8;SERRA;Manobra de mudança de faixa;Colisão traseira;Sem Vítimas;Plena Noite;Decrescente;Chuva;Múltipla;Reta;Sim;2;0;0;0;2;0;0;2;-20,2066465;-40,2691885;SPRF-ES;DEL02-ES;UOP01-DEL02-ES
695665;03/06/2025;terça-feira;21:00:00;SP;116;223,5;GUARULHOS;Ultrapassagem Indevida;Colisão transversal;Com Vítimas Feridas;Plena Noite;Decrescente;Céu Claro;Múltipla;Reta;Não;2;0;1;0;1;0;1;2;-23,47992609;-46,53136667;SPRF-SP;DEL01-SP;UOP01-DEL01-SP
695667;03/06/2025;terça-feira;17:45:00;MA;135;65,6;BACABEIRA;Ausência de reação do condutor;Saída de leito carroçável;Com Vítimas Feridas;Pleno dia;Crescente;Ignorado;Dupla;Reta;Não;3;0;1;2;0;0;3;1;-3,10166;-44,322428;SPRF-MA;DEL01-MA;UOP02-DEL01-MA
695671;03/06/2025;terça-feira;17:40:00;MT;163;688;LUCAS DO RIO VERDE;Reação tardia ou ineficiente do condutor;Colisão transversal;Com Vítimas Feridas;Plena Noite;Crescente;Céu Claro;Dupla;Retorno Regulamentado;Sim;2;0;1;0;1;0;1;2;-13,08018014;-55,93780923;SPRF-MT;DEL06-MT;UOP01-DEL06-MT
695673;03/06/2025;terça-feira;18:00:00;RO;364;421,8;JARU;Acessar a via sem observar a presença dos outros veículos;Colisão transversal;Com Vítimas Feridas;Plena Noite;Crescente;Céu Claro;Simples;"Reta;Interseção de Vias";Sim;3;0;1;0;2;0;1;2;-10,4283629;-62,4736737;SPRF-RO;DEL03-RO;UOP02-DEL03-RO
695675;29/05/2025;quinta-feira;07:45:00;AL;101;129;SAO MIGUEL DOS CAMPOS;Acessar a via sem observar a presença dos outros veículos;Colisão lateral mesmo sentido;Com Vítimas Feridas;Pleno dia;Crescente;Nublado;Dupla;"Curva;Interseção de Vias;Viaduto";Não;3;0;1;0;2;0;1;3;-9,75527214;-36,06853215;SPRF-AL;DEL02-AL;UOP01-DEL02-AL
695676;03/06/2025;terça-feira;19:20:00;PB;230;454;SOUSA;Ausência de reação do condutor;Colisão traseira;Com Vítimas Feridas;Plena Noite;Decrescente;Céu Claro;Simples;Reta;Não;3;0;0;2;1;0;2;2;-6,77917103;-38,17440033;SPRF-PB;DEL03-PB;UOP03-DEL03-PB
695677;03/06/2025;terça-feira;21:15:00;PR;369;174;ROLANDIA;Ingestão de álcool pelo condutor;Colisão transversal;Com Vítimas Feridas;Plena Noite;Crescente;Céu Claro;Simples;"Reta;Interseção de Vias";Não;1;0;1;0;0;0;1;1;-23,31539465;-51,37578098;SPRF-PR;DEL07-PR;UOP01-DEL07-PR
695678;03/06/2025;terça-feira;19:50:00;SC;280;5,3;SAO FRANCISCO DO SUL;Acessar a via sem observar a presença dos outros veículos;Colisão transversal;Com Vítimas Feridas;Plena Noite;Crescente;Nublado;Simples;Reta;Sim;3;0;2;0;0;1;2;2;-26,25824333;-48,62304211;SPRF-SC;DEL03-SC;UOP03-DEL03-SC
695679;03/06/2025;terça-feira;22:10:00;SC;101;90;BARRA VELHA;Manobra de mudança de faixa;Colisão lateral mesmo sentido;Com Vítimas Feridas;Plena Noite;Crescente;Nublado;Simples;Reta;Sim;5;0;2;0;3;0;2;2;-26,67008709;-48,69029045;SPRF-SC;DEL03-SC;UOP02-DEL03-SC
695683;03/06/2025;terça-feira;21:50:00;MG;116;272,4;TEOFILO OTONI;Demais falhas mecânicas ou elétricas;Incêndio;Sem Vítimas;Plena Noite;Decrescente;Garoa/Chuvisco;Simples;"Reta;Aclive";Não;3;0;0;0;2;1;0;2;-17,8720324;-41,5199424;SPRF-MG;DEL11-MG;UOP01-DEL11-MG
695684;03/06/2025;terça-feira;22:00:00;MG;50;179;UBERABA;Acessar a via sem observar a presença dos outros veículos;Colisão traseira;Com Vítimas Feridas;Plena Noite;Crescente;Céu Claro;Dupla;"Aclive;Reta";Sim;2;0;1;0;1;0;1;2;-19,77819314;-47,92807102;SPRF-MG;DEL13-MG;UOP01-DEL13-MG
695693;04/06/2025;quarta-feira;02:45:00;SC;101;151;ITAPEMA;Ausência de reação do condutor;Saída de leito carroçável;Com Vítimas Feridas;Plena Noite;Decrescente;Céu Claro;Dupla;Reta;Sim;1;0;0;1;0;0;1;1;-27,13029922;-48,60959753;SPRF-SC;DEL04-SC;UOP03-DEL04-SC
695696;04/06/2025;quarta-feira;05:30:00;MG;50;183,6;UBERABA;Acessar a via sem observar a presença dos outros veículos;Colisão transversal;Com Vítimas Feridas;Plena Noite;Crescente;Céu Claro;Dupla;Reta;Não;2;0;2;0;0;0;2;2;-19,80450098;-47,90433884;SPRF-MG;DEL13-MG;UOP01-DEL13-MG
695697;04/06/2025;quarta-feira;05:20:00;PR;376;2;SAO JOSE DOS PINHAIS;Retorno proibido;Colisão lateral mesmo sentido;Sem Vítimas;Amanhecer;Decrescente;Nublado;Simples;"Reta;Interseção de Vias";Sim;2;0;0;0;2;0;0;2;-25,53991489;-49,19171333;SPRF-PR;DEL01-PR;UOP04-DEL01-PR
695698;04/06/2025;quarta-feira;05:30:00;RN;304;194,1;LAJES;Animais na Pista;Atropelamento de Pedestre;Com Vítimas Feridas;Amanhecer;Crescente;Céu Claro;Simples;Curva;Não;3;0;1;0;2;0;1;1;-5,706858;-36,214975;SPRF-RN;DEL01-RN;UOP03-DEL01-RN
695699;04/06/2025;quarta-feira;05:20:00;PE;101;52;PAULISTA;Ausência de reação do condutor;Capotamento;Sem Vítimas;Pleno dia;Decrescente;Céu Claro;Múltipla;Reta;Sim;1;0;0;0;0;1;0;1;-7,933858;-34,902719;SPRF-PE;DEL01-PE;UOP02-DEL01-PE
695700;04/06/2025;quarta-feira;04:00:00;RJ;116;137;MAGE;Acessar a via sem observar a presença dos outros veículos;Atropelamento de Pedestre;Com Vítimas Fatais;Plena Noite;Decrescente;Céu Claro;Dupla;Reta;Não;2;1;0;0;0;1;0;2;-22,6481555;-43,18117261;SPRF-RJ;DEL04-RJ;UOP02-DEL04-RJ
695704;04/06/2025;quarta-feira;06:30:00;DF;70;17,1;BRASILIA;Manobra de mudança de faixa;Colisão lateral mesmo sentido;Com Vítimas Feridas;Pleno dia;Decrescente;Céu Claro;Dupla;Reta;Não;2;0;1;0;1;0;1;2;-15,79228454;-48,20816875;SPRF-DF;DEL03-DF;UOP02-DEL03-DF
695705;04/06/2025;quarta-feira;05:55:00;ES;101;265,7;SERRA;Ausência de reação do condutor;Colisão lateral mesmo sentido;Com Vítimas Feridas;Amanhecer;Crescente;Ignorado;Dupla;Reta;Sim;2;0;1;0;1;0;1;2;-20,196453;-40,268785;SPRF-ES;DEL02-ES;UOP01-DEL02-ES
695707;04/06/2025;quarta-feira;06:50:00;RS;116;260;CANOAS;Condutor deixou de manter distância do veículo da frente;Colisão traseira;Com Vítimas Feridas;Pleno dia;Crescente;Garoa/Chuvisco;Múltipla;Reta;Sim;3;0;1;0;1;1;1;3;-29,8876076;-51,1799172;SPRF-RS;DEL01-RS;UOP01-DEL01-RS
695709;04/06/2025;quarta-feira;07:10:00;DF;60;3;BRASILIA;Manobra de mudança de faixa;Colisão lateral mesmo sentido;Com Vítimas Feridas;Pleno dia;Decrescente;Céu Claro;Dupla;Reta;Sim;2;0;1;0;1;0;1;2;-15,889913;-48,084842;SPRF-DF;DEL03-DF;UOP01-DEL03-DF
695710;04/06/2025;quarta-feira;07:30:00;SC;101;216,6;PALHOCA;Condutor deixou de manter distância do veículo da frente;Colisão traseira;Com Vítimas Feridas;Pleno dia;Decrescente;Céu Claro;Múltipla;Reta;Sim;3;0;1;0;2;0;1;3;-27,662172;-48,676035;SPRF-SC;DEL01-SC;UOP02-DEL01-SC
695711;04/06/2025;quarta-feira;07:40:00;PR;277;730,2;FOZ DO IGUACU;Demais falhas na via;Queda de ocupante de veículo;Com Vítimas Feridas;Pleno dia;Crescente;Nublado;Simples;Reta;Sim;2;0;2;0;0;0;2;1;-25,50944852;-54,59684515;SPRF-PR;DEL05-PR;UOP03-DEL05-PR
695712;04/06/2025;quarta-feira;06:51:00;PE;101;66,1;RECIFE;Avarias e/ou desgaste excessivo no pneu;Tombamento;Com Vítimas Feridas;Pleno dia;Crescente;Garoa/Chuvisco;Dupla;Reta;Sim;2;0;2;0;0;0;2;1;-8,034887;-34,941768;SPRF-PE;DEL01-PE;UOP01-DEL01-PE
695713;04/06/2025;quarta-feira;06:50:00;RS;470;239,5;CARLOS BARBOSA;Acessar a via sem observar a presença dos outros veículos;Colisão transversal;Com Vítimas Feridas;Amanhecer;Decrescente;Garoa/Chuvisco;Simples;"Interseção de Vias;Curva";Não;2;0;1;0;1;0;1;2;-29,34542275;-51,50862543;SPRF-RS;DEL06-RS;UOP01-DEL06-RS
695714;04/06/2025;quarta-feira;07:13:00;PE;408;93;SAO LOURENCO DA MATA;Pista Escorregadia;Eventos atípicos;Com Vítimas Feridas;Pleno dia;Crescente;Chuva;Dupla;Rotatória;Não;2;0;1;0;1;0;1;2;-8,04556838;-35,01124978;SPRF-PE;DEL01-PE;UOP01-DEL01-PE
695715;04/06/2025;quarta-feira;06:50:00;RN;101;95;NATAL;Demais falhas mecânicas ou elétricas;Colisão frontal;Com Vítimas Feridas;Pleno dia;Decrescente;Garoa/Chuvisco;Simples;"Reta;Aclive";Sim;2;0;0;1;1;0;1;2;-5,8429781;-35,2092704;SPRF-RN;DEL01-RN;UOP01-DEL01-RN
695716;04/06/2025;quarta-feira;07:00:00;PR;369;182;ARAPONGAS;Reação tardia ou ineficiente do condutor;Saída de leito carroçável;Com Vítimas Feridas;Pleno dia;Crescente;Céu Claro;Simples;"Reta;Declive";Sim;1;0;0;1;0;0;1;1;-23,37732426;-51,41563861;SPRF-PR;DEL07-PR;UOP03-DEL07-PR
695717;04/06/2025;quarta-feira;07:25:00;GO;153;516,5;HIDROLANDIA;Manobra de mudança de faixa;Colisão traseira;Com Vítimas Feridas;Pleno dia;Crescente;Céu Claro;Dupla;Reta;Sim;2;0;0;1;1;0;1;2;-16,89325895;-49,2565155;SPRF-GO;DEL01-GO;UOP03-DEL01-GO
695718;04/06/2025;quarta-feira;07:30:00;ES;101;189;ARACRUZ;Ausência de reação do condutor;Colisão com objeto;Com Vítimas Feridas;Pleno dia;Crescente;Céu Claro;Simples;Retorno Regulamentado;Sim;1;0;1;0;0;0;1;1;-19,68159038;-40,27084453;SPRF-ES;DEL04-ES;UOP01-DEL04-ES
695719;04/06/2025;quarta-feira;07:50:00;SC;101;197;BIGUACU;Condutor deixou de manter distância do veículo da frente;Colisão traseira;Com Vítimas Feridas;Pleno dia;Crescente;Céu Claro;Dupla;Reta;Sim;2;0;1;0;1;0;1;2;-27,51920372;-48,63799509;SPRF-SC;DEL01-SC;UOP01-DEL01-SC
695720;04/06/2025;quarta-feira;07:10:00;RS;116;520;PELOTAS;Desrespeitar a preferência no cruzamento;Colisão transversal;Com Vítimas Feridas;Pleno dia;Decrescente;Céu Claro;Simples;Reta;Sim;2;0;1;0;1;0;1;2;-31,69779271;-52,36083984;SPRF-RS;DEL07-RS;UOP01-DEL07-RS
695722;04/06/2025;quarta-feira;07:45:00;RS;386;435;NOVA SANTA RITA;Acessar a via sem observar a presença dos outros veículos;Colisão transversal;Com Vítimas Feridas;Pleno dia;Decrescente;Nevoeiro/Neblina;Simples;Reta;Sim;4;0;0;1;3;0;1;2;-29,8478093;-51,2728686;SPRF-RS;DEL04-RS;UOP02-DEL04-RS
695723;02/06/2025;segunda-feira;10:15:00;BA;242;366;LENCOIS;Reação tardia ou ineficiente do condutor;Tombamento;Com Vítimas Feridas;Pleno dia;Crescente;Nublado;Simples;Reta;Não;2;0;2;0;0;0;2;1;-12,46850873;-41,44223213;SPRF-BA;DEL06-BA;UOP01-DEL06-BA
695724;04/06/2025;quarta-feira;07:30:00;CE;116;12,4;FORTALEZA;Área urbana sem a presença de local apropriado para a travessia de pedestres;Atropelamento de Pedestre;Com Vítimas Feridas;Pleno dia;Decrescente;Céu Claro;Múltipla;Reta;Sim;2;0;0;1;0;1;1;2;-3,855187;-38,4958481;SPRF-CE;DEL01-CE;UOP02-DEL01-CE
695725;04/06/2025;quarta-feira;07:00:00;RS;290;222;PANTANO GRANDE;Ausência de reação do condutor;Colisão com objeto;Com Vítimas Feridas;Amanhecer;Crescente;Nevoeiro/Neblina;Simples;Desvio Temporário;Não;2;0;1;0;1;0;1;1;-30,20145026;-52,43856523;SPRF-RS;DEL02-RS;UOP03-DEL02-RS
695726;04/06/2025;quarta-feira;07:05:00;BA;324;609;SIMOES FILHO;Condutor deixou de manter distância do veículo da frente;Colisão traseira;Sem Vítimas;Pleno dia;Decrescente;Nublado;Dupla;Reta;Não;2;0;0;0;2;0;0;2;-12,83018538;-38,41144936;SPRF-BA;DEL01-BA;UOP01-DEL01-BA
695727;31/05/2025;sábado;19:05:00;MS;158;198,4;SELVIRIA;Reação tardia ou ineficiente do condutor;Colisão traseira;Com Vítimas Feridas;Plena Noite;Crescente;Céu Claro;Simples;"Reta;Declive";Sim;2;0;0;1;1;0;1;2;-20,37284578;-51,44098735;SPRF-MS;DEL07-MS;UOP01-DEL07-MS
695728;04/06/2025;quarta-feira;08:25:00;SC;101;204,5;SAO JOSE;Manobra de mudança de faixa;Colisão traseira;Com Vítimas Feridas;Pleno dia;Crescente;Céu Claro;Múltipla;Reta;Sim;3;0;2;0;1;0;2;2;-27,57614625;-48,61331105;SPRF-SC;DEL01-SC;UOP01-DEL01-SC
695729;04/06/2025;quarta-feira;08:10:00;DF;70;19,4;BRASILIA;Frear bruscamente;Colisão traseira;Com Vítimas Feridas;Pleno dia;Decrescente;Céu Claro;Dupla;Reta;Não;2;0;1;0;1;0;1;2;-15,78641232;-48,23008597;SPRF-DF;DEL03-DF;UOP02-DEL03-DF
695731;04/06/2025;quarta-feira;08:00:00;GO;50;203;CAMPO ALEGRE DE GOIAS;Condutor Dormindo;Saída de leito carroçável;Com Vítimas Feridas;Pleno dia;Decrescente;Céu Claro;Simples;"Aclive;Curva;Viaduto";Não;1;0;1;0;0;0;1;1;-17,597819;-47,799611;SPRF-GO;DEL06-GO;UOP01-DEL06-GO
695734;04/06/2025;quarta-feira;08:44:00;RJ;40;81;PETROPOLIS;Reação tardia ou ineficiente do condutor;Queda de ocupante de veículo;Com Vítimas Feridas;Pleno dia;Decrescente;Sol;Dupla;"Curva;Aclive";Não;1;0;1;0;0;0;1;1;-22,53470459;-43,22003652;SPRF-RJ;DEL01-RJ;UOP01-DEL01-RJ
695735;04/06/2025;quarta-feira;07:50:00;RO;364;240;CACOAL;Manobra de mudança de faixa;Saída de leito carroçável;Com Vítimas Feridas;Pleno dia;Crescente;Céu Claro;Simples;"Reta;Aclive";Sim;1;0;1;0;0;0;1;1;-11,43580324;-61,47117583;SPRF-RO;DEL02-RO;UOP02-DEL02-RO
695736;04/06/2025;quarta-feira;07:55:00;SC;101;180;BIGUACU;Acessar a via sem observar a presença dos outros veículos;Colisão lateral mesmo sentido;Com Vítimas Feridas;Pleno dia;Crescente;Céu Claro;Múltipla;Reta;Não;2;0;1;0;1;0;1;2;-27,38393;-48,631527;SPRF-SC;DEL01-SC;UOP01-DEL01-SC
695737;04/06/2025;quarta-feira;08:30:00;SP;153;36,5;ONDA VERDE;Reação tardia ou ineficiente do condutor;Colisão traseira;Com Vítimas Feridas;Pleno dia;Decrescente;Céu Claro;Simples;Curva;Não;2;0;1;0;1;0;1;2;-20,594913;-49,316517;SPRF-SP;DEL09-SP;UOP01-DEL09-SP
695740;04/06/2025;quarta-feira;07:40:00;PI;230;195;OEIRAS;Conversão proibida;Colisão transversal;Com Vítimas Feridas;Pleno dia;Crescente;Céu Claro;Simples;Interseção de Vias;Sim;2;0;1;0;1;0;1;2;-7,00548789;-42,11838859;SPRF-PI;DEL04-PI;UOP01-DEL04-PI
695741;04/06/2025;quarta-feira;08:20:00;MG;381;482;BETIM;Trafegar com motocicleta (ou similar) entre as faixas;Colisão lateral mesmo sentido;Com Vítimas Feridas;Pleno dia;Decrescente;Céu Claro;Múltipla;"Declive;Reta";Sim;2;0;1;0;1;0;1;2;-19,9590122;-44,0699469;SPRF-MG;DEL01-MG;UOP03-DEL01-MG
695743;04/06/2025;quarta-feira;07:45:00;RJ;40;91;PETROPOLIS;Curva acentuada;Queda de ocupante de veículo;Com Vítimas Feridas;Pleno dia;Decrescente;Nublado;Dupla;"Curva;Aclive";Não;2;0;1;0;1;0;1;1;-22,57169464;-43,25454712;SPRF-RJ;DEL01-RJ;UOP01-DEL01-RJ
695746;04/06/2025;quarta-feira;09:05:00;PE;104;63,4;CARUARU;Demais falhas mecânicas ou elétricas;Queda de ocupante de veículo;Com Vítimas Feridas;Pleno dia;Decrescente;Nublado;Dupla;Reta;Sim;1;0;1;0;0;0;1;1;-8,26491;-35,97702;SPRF-PE;DEL02-PE;UOP01-DEL02-PE
695748;04/06/2025;quarta-feira;08:35:00;ES;101;297,8;CARIACICA;Manobra de mudança de faixa;Colisão lateral mesmo sentido;Com Vítimas Feridas;Pleno dia;Crescente;Sol;Dupla;Reta;Sim;3;0;2;0;1;0;2;2;-20,34842595;-40,41178107;SPRF-ES;DEL01-ES;UOP01-DEL01-ES
695749;04/06/2025;quarta-feira;06:20:00;GO;153;616;MORRINHOS;Condutor Dormindo;Colisão traseira;Com Vítimas Feridas;Amanhecer;Crescente;Céu Claro;Dupla;Reta;Não;3;0;1;0;1;1;1;3;-17,677977;-49,162304;SPRF-GO;DEL03-GO;UOP01-DEL03-GO
695750;04/06/2025;quarta-feira;08:35:00;SP;116;196;ARUJA;Entrada inopinada do pedestre;Atropelamento de Pedestre;Com Vítimas Feridas;Pleno dia;Crescente;Céu Claro;Dupla;Reta;Sim;2;0;1;0;1;0;1;2;-23,392569;-46,285144;SPRF-SP;DEL01-SP;UOP01-DEL01-SP
695751;04/06/2025;quarta-feira;09:20:00;PR;369;148;LONDRINA;Ausência de reação do condutor;Colisão transversal;Com Vítimas Feridas;Pleno dia;Crescente;Céu Claro;Dupla;Interseção de Vias;Sim;3;0;2;0;0;1;2;3;-23,29309161;-51,14305258;SPRF-PR;DEL07-PR;UOP01-DEL07-PR
695752;04/06/2025;quarta-feira;07:40:00;MA;230;402;BALSAS;Acessar a via sem observar a presença dos outros veículos;Colisão lateral sentido oposto;Com Vítimas Feridas;Pleno dia;Decrescente;Céu Claro;Simples;Interseção de Vias;Não;2;0;0;1;1;0;1;2;-7,5268096;-46,0488704;SPRF-MA;DEL05-MA;UOP01-DEL05-MA
695753;04/06/2025;quarta-feira;09:55:00;BA;101;212;GOVERNADOR MANGABEIRA;Ausência de reação do condutor;Colisão traseira;Com Vítimas Feridas;Pleno dia;Decrescente;Nublado;Simples;"Retorno Regulamentado;Reta";Sim;3;0;2;0;1;0;2;2;-12,6092683;-39,0779107;SPRF-BA;DEL01-BA;UOP02-DEL01-BA
695759;04/06/2025;quarta-feira;09:55:00;RS;153;47,1;ERECHIM;Condutor deixou de manter distância do veículo da frente;Tombamento;Com Vítimas Feridas;Pleno dia;Decrescente;Nublado;Simples;Reta;Sim;1;0;1;0;0;0;1;1;-27,64322575;-52,2462635;SPRF-RS;DEL08-RS;UOP04-DEL08-RS
695760;04/06/2025;quarta-feira;08:32:00;MS;163;486;CAMPO GRANDE;Acessar a via sem observar a presença dos outros veículos;Colisão transversal;Com Vítimas Feridas;Pleno dia;Decrescente;Céu Claro;Simples;Reta;Sim;3;0;1;0;2;0;1;2;-20,43029955;-54,54441246;SPRF-MS;DEL01-MS;UOP02-DEL01-MS
695762;04/06/2025;quarta-feira;06:00:00;CE;116;454,9;BARRO;Acessar a via sem observar a presença dos outros veículos;Colisão transversal;Com Vítimas Feridas;Pleno dia;Decrescente;Céu Claro;Simples;Reta;Sim;3;0;1;1;0;1;2;2;-7,171759;-38,780821;SPRF-CE;DEL05-CE;UOP03-DEL05-CE
695763;04/06/2025;quarta-feira;11:00:00;RS;386;387;TRIUNFO;Manobra de mudança de faixa;Saída de leito carroçável;Com Vítimas Feridas;Pleno dia;Decrescente;Céu Claro;Dupla;Reta;Não;1;0;1;0;0;0;1;1;-29,701;-51,684;SPRF-RS;DEL04-RS;UOP02-DEL04-RS
695764;04/06/2025;quarta-feira;11:25:00;RJ;393;270;BARRA DO PIRAI;Demais falhas na via;Colisão com objeto;Sem Vítimas;Pleno dia;Crescente;Sol;Simples;Reta;Não;1;0;0;0;1;0;0;1;-22,484188;-43,965741;SPRF-RJ;DEL05-RJ;UOP04-DEL05-RJ
695766;04/06/2025;quarta-feira;11:30:00;PI;316;309;PICOS;Acessar a via sem observar a presença dos outros veículos;Colisão transversal;Com Vítimas Feridas;Pleno dia;Decrescente;Céu Claro;Simples;"Reta;Rotatória";Sim;2;0;1;0;0;1;1;2;-7,07612925;-41,47274405;SPRF-PI;DEL04-PI;UOP01-DEL04-PI
695768;04/06/2025;quarta-feira;11:00:00;SP;116;476;JACUPIRANGA;Desrespeitar a preferência no cruzamento;Colisão transversal;Com Vítimas Feridas;Pleno dia;Decrescente;Sol;Dupla;Reta;Sim;2;0;1;0;1;0;1;2;-24,70164856;-48,00710885;SPRF-SP;DEL05-SP;UOP01-DEL05-SP
695769;04/06/2025;quarta-feira;12:30:00;SC;101;208,5;SAO JOSE;Manobra de mudança de faixa;Colisão lateral mesmo sentido;Com Vítimas Feridas;Pleno dia;Decrescente;Sol;Múltipla;Reta;Sim;2;0;1;0;1;0;1;2;-27,58834586;-48,61686649;SPRF-SC;DEL01-SC;UOP01-DEL01-SC
695771;08/02/2025;sábado;05:30:00;PR;153;118;IBAITI;Objeto estático sobre o leito carroçável;Colisão com objeto;Com Vítimas Feridas;Plena Noite;Crescente;Céu Claro;Simples;Reta;Não;2;0;2;0;0;0;2;1;-23,91359321;-50,21480307;SPRF-PR;DEL07-PR;UOP04-DEL07-PR