id;data_inversa;dia_semana;horario;uf;br;km;municipio;causa_acidente;tipo_acidente;classificacao_acidente;fase_dia;sentido_via;condicao_metereologica;tipo_pista;tracado_via;uso_solo;pessoas;mortos;feridos_leves;feridos_graves;ilesos;ignorados;feridos;veiculos;latitude;longitude;regional;delegacia;uop
695773;04/06/2025;quarta-feira;12:30:00;RS;116;250;SAO LEOPOLDO;Ausência de reação do condutor;Colisão traseira;Com Vítimas Feridas;Pleno dia;Decrescente;Céu Claro;Múltipla;Reta;Sim;2;0;1;0;1;0;1;2;-29,79257529;-51,1640862;SPRF-RS;DEL01-RS;UOP02-DEL01-RS
695774;04/06/2025;quarta-feira;12:30:00;ES;101;352,9;ANCHIETA;Reação tardia ou ineficiente do condutor;Colisão com objeto;Com Vítimas Feridas;Pleno dia;Crescente;Sol;Dupla;"Reta;Em Obras";Não;1;0;0;1;0;0;1;1;-20,67678;-40,66593;SPRF-ES;DEL03-ES;UOP01-DEL03-ES
695775;11/05/2025;domingo;12:50:00;MG;262;359;BETIM;Ausência de reação do condutor;Colisão traseira;Com Vítimas Feridas;Pleno dia;Decrescente;Céu Claro;Dupla;Reta;Sim;5;0;2;2;1;0;4;2;-19,97560748;-44,25979614;SPRF-MG;DEL01-MG;UOP03-DEL01-MG
695776;04/06/2025;quarta-feira;10:30:00;BA;324;610;SIMOES FILHO;Condutor deixou de manter distância do veículo da frente;Engavetamento;Com Vítimas Feridas;Pleno dia;Decrescente;Nublado;Dupla;Reta;Sim;3;0;1;0;2;0;1;3;-12,84337582;-38,41603211;SPRF-BA;DEL01-BA;UOP01-DEL01-BA
695777;04/06/2025;quarta-feira;12:00:00;DF;20;19,3;BRASILIA;Animais na Pista;Atropelamento de Animal;Sem Vítimas;Pleno dia;Decrescente;Céu Claro;Dupla;"Reta;Aclive";Sim;3;0;0;0;3;0;0;1;-15,60837456;-47,69366741;SPRF-DF;DEL02-DF;UOP01-DEL02-DF
695778;04/06/2025;quarta-feira;12:45:00;GO;153;491;GOIANIA;Avarias e/ou desgaste excessivo no pneu;Incêndio;Sem Vítimas;Pleno dia;Crescente;Céu Claro;Dupla;Reta;Sim;2;0;0;0;2;0;0;1;-16,630581;-49,205467;SPRF-GO;DEL01-GO;UOP01-DEL01-GO
695780;04/06/2025;quarta-feira;13:20:00;SC;282;19,4;PALHOCA;Conversão proibida;Colisão transversal;Com Vítimas Feridas;Pleno dia;Crescente;Céu Claro;Simples;"Reta;Aclive";Sim;2;0;1;0;1;0;1;2;-27,68137;-48,70616;SPRF-SC;DEL01-SC;UOP02-DEL01-SC
695782;04/06/2025;quarta-feira;11:30:00;PB;230;108,1;INGA;Condutor Dormindo;Saída de leito carroçável;Sem Vítimas;Pleno dia;Crescente;Chuva;Dupla;Reta;Não;1;0;0;0;1;0;0;1;-7,20290715;-35,55791616;SPRF-PB;DEL01-PB;UOP02-DEL01-PB
695784;04/06/2025;quarta-feira;13:30:00;BA;116;823,8;VITORIA DA CONQUISTA;Condutor deixou de manter distância do veículo da frente;Colisão traseira;Com Vítimas Feridas;Pleno dia;Crescente;Nublado;Dupla;Curva;Não;2;0;2;0;0;0;2;1;-14,8607;-40,8496;SPRF-BA;DEL08-BA;UOP01-DEL08-BA
695785;04/06/2025;quarta-feira;13:00:00;PR;153;335;IRATI;Acessar a via sem observar a presença dos outros veículos;Colisão transversal;Com Vítimas Feridas;Pleno dia;Decrescente;Nublado;Simples;Reta;Sim;2;0;1;0;1;0;1;2;-25,496558;-50,647667;SPRF-PR;DEL08-PR;UOP02-DEL08-PR
695787;04/06/2025;quarta-feira;13:50:00;TO;153;333;GUARAI;Acessar a via sem observar a presença dos outros veículos;Colisão transversal;Com Vítimas Feridas;Pleno dia;Crescente;Céu Claro;Dupla;Reta;Sim;2;0;1;0;1;0;1;2;-8,834555;-48,511905;SPRF-TO;DEL02-TO;UOP02-DEL02-TO
695788;04/06/2025;quarta-feira;13:40:00;RS;290;92;PORTO ALEGRE;Reação tardia ou ineficiente do condutor;Colisão traseira;Com Vítimas Feridas;Pleno dia;Crescente;Céu Claro;Múltipla;Reta;Sim;3;0;1;0;2;0;1;2;-29,97004306;-51,18081657;SPRF-RS;DEL01-RS;UOP01-DEL01-RS
695790;04/06/2025;quarta-feira;13:15:00;PR;369;136;IBIPORA;Ausência de reação do condutor;Colisão transversal;Com Vítimas Feridas;Pleno dia;Crescente;Céu Claro;Simples;"Reta;Declive;Interseção de Vias";Não;2;0;0;1;1;0;1;2;-23,267363;-51,038416;SPRF-PR;DEL07-PR;UOP01-DEL07-PR
695792;04/06/2025;quarta-feira;11:00:00;RJ;101;259;RIO BONITO;Ausência de reação do condutor;Colisão traseira;Com Vítimas Feridas;Pleno dia;Crescente;Céu Claro;Dupla;Reta;Não;3;0;2;1;0;0;3;2;-22,69760474;-42,57337111;SPRF-RJ;DEL02-RJ;UOP03-DEL02-RJ
695793;25/05/2025;domingo;12:35:00;PR;469;15;FOZ DO IGUACU;Mal súbito do condutor;Colisão frontal;Com Vítimas Feridas;Pleno dia;Crescente;Céu Claro;Simples;"Desvio Temporário;Em Obras";Sim;2;0;1;0;1;0;1;2;-25,58157868;-54,53052914;SPRF-PR;DEL05-PR;UOP04-DEL05-PR
695794;03/05/2025;sábado;00:15:00;SP;116;195,2;ARUJA;Entrada inopinada do pedestre;Atropelamento de Pedestre;Com Vítimas Fatais;Plena Noite;Decrescente;Nublado;Múltipla;Reta;Não;2;1;0;0;0;1;0;2;-23,38898;-46,276117;SPRF-SP;DEL01-SP;UOP01-DEL01-SP
695796;04/06/2025;quarta-feira;11:03:00;RJ;493;53;DUQUE DE CAXIAS;Ausência de reação do condutor;Colisão com objeto;Com Vítimas Feridas;Pleno dia;Crescente;Céu Claro;Dupla;Reta;Não;1;0;1;0;0;0;1;1;-22,66552262;-43,33704543;SPRF-RJ;DEL01-RJ;UOP03-DEL01-RJ
695797;04/06/2025;quarta-feira;14:05:00;ES;101;71;SAO MATEUS;Transitar no Acostamento;Colisão lateral mesmo sentido;Com Vítimas Feridas;Pleno dia;Decrescente;Céu Claro;Simples;"Reta;Aclive";Não;3;0;1;1;1;0;2;2;-18,76098324;-39,8634135;SPRF-ES;DEL04-ES;UOP02-DEL04-ES
695799;04/06/2025;quarta-feira;14:10:00;BA;101;715,8;EUNAPOLIS;Acessar a via sem observar a presença dos outros veículos;Colisão lateral mesmo sentido;Com Vítimas Feridas;Pleno dia;Crescente;Sol;Simples;Rotatória;Sim;2;0;2;0;0;0;2;2;-16,361253;-39,580217;SPRF-BA;DEL09-BA;UOP01-DEL09-BA
695800;04/06/2025;quarta-feira;15:00:00;SP;116;276;ITAPECERICA DA SERRA;Trafegar com motocicleta (ou similar) entre as faixas;Colisão lateral mesmo sentido;Com Vítimas Feridas;Pleno dia;Decrescente;Céu Claro;Dupla;Reta;Sim;2;0;1;0;0;1;1;2;-23,7002642;-46,8689389;SPRF-SP;DEL04-SP;UOP01-DEL04-SP
695801;04/06/2025;quarta-feira;11:30:00;BA;330;788,8;JEQUIE;Conversão proibida;Colisão traseira;Com Vítimas Feridas;Pleno dia;Decrescente;Sol;Simples;"Aclive;Reta";Sim;2;0;0;1;1;0;1;2;-13,86923356;-40,05455594;SPRF-BA;DEL03-BA;UOP01-DEL03-BA
695802;04/06/2025;quarta-feira;15:00:00;MG;153;29,3;CENTRALINA;Reação tardia ou ineficiente do condutor;Saída de leito carroçável;Com Vítimas Feridas;Pleno dia;Crescente;Céu Claro;Dupla;Reta;Não;2;0;2;0;0;0;2;1;-18,670134;-49,161708;SPRF-MG;DEL15-MG;UOP03-DEL15-MG
695803;04/06/2025;quarta-feira;08:52:00;RJ;116;274;BARRA MANSA;Demais falhas mecânicas ou elétricas;Queda de ocupante de veículo;Com Vítimas Feridas;Pleno dia;Decrescente;Céu Claro;Dupla;Curva;Não;1;0;0;1;0;0;1;1;-22,561;-44,153;SPRF-RJ;DEL07-RJ;UOP02-DEL07-RJ
695805;04/06/2025;quarta-feira;14:40:00;ES;262;0,7;CARIACICA;Reação tardia ou ineficiente do condutor;Colisão traseira;Com Vítimas Feridas;Pleno dia;Decrescente;Céu Claro;Dupla;Ponte;Não;2;0;1;0;1;0;1;2;-20,32699;-40,35472;SPRF-ES;DEL01-ES;UOP01-DEL01-ES
695806;04/06/2025;quarta-feira;11:35:00;PA;230;45;SAO DOMINGOS DO ARAGUAIA;Deficiência do Sistema de Iluminação/Sinalização;Saída de leito carroçável;Com Vítimas Feridas;Pleno dia;Crescente;Céu Claro;Simples;Curva;Não;1;0;1;0;0;0;1;1;-5,557555;-48,562107;SPRF-PA;DEL03-PA;UOP01-DEL03-PA
695807;04/06/2025;quarta-feira;15:10:00;PB;101;115;PEDRAS DE FOGO;Acumulo de água sobre o pavimento;Colisão traseira;Com Vítimas Feridas;Pleno dia;Decrescente;Nublado;Dupla;"Declive;Reta";Sim;4;0;2;0;2;0;2;2;-7,40026952;-34,95511718;SPRF-PB;DEL01-PB;UOP01-DEL01-PB
695808;04/06/2025;quarta-feira;13:30:00;CE;222;232;SOBRAL;Reação tardia ou ineficiente do condutor;Queda de ocupante de veículo;Com Vítimas Feridas;Pleno dia;Decrescente;Céu Claro;Simples;Reta;Não;1;0;0;1;0;0;1;1;-3,709953;-40,416082;SPRF-CE;DEL04-CE;UOP01-DEL04-CE
695809;04/06/2025;quarta-feira;13:15:00;SC;158;108;CUNHA PORA;Acesso irregular;Colisão traseira;Com Vítimas Feridas;Pleno dia;Crescente;Nublado;Simples;"Curva;Interseção de Vias";Sim;2;0;1;0;1;0;1;2;-26,882063;-53,174428;SPRF-SC;DEL07-SC;UOP02-DEL07-SC
695811;04/06/2025;quarta-feira;12:47:00;MS;158;4;CASSILANDIA;Ausência de reação do condutor;Tombamento;Com Vítimas Feridas;Pleno dia;Crescente;Céu Claro;Simples;Reta;Não;2;0;1;0;0;1;1;2;-19,1223;-51,7227;SPRF-MS;DEL08-MS;UOP01-DEL08-MS
695813;04/06/2025;quarta-feira;13:30:00;RS;287;457,4;SAO BORJA;Acessar a via sem observar a presença dos outros veículos;Colisão transversal;Com Vítimas Feridas;Pleno dia;Crescente;Céu Claro;Simples;Reta;Não;3;0;2;0;1;0;2;2;-28,98395308;-55,40709436;SPRF-RS;DEL12-RS;UOP01-DEL12-RS
695816;04/06/2025;quarta-feira;15:55:00;SC;101;192,7;BIGUACU;Reação tardia ou ineficiente do condutor;Colisão traseira;Com Vítimas Feridas;Pleno dia;Decrescente;Céu Claro;Múltipla;Reta;Sim;2;0;0;1;1;0;1;2;-27,488325;-48,653343;SPRF-SC;DEL01-SC;UOP01-DEL01-SC
695817;04/06/2025;quarta-feira;08:10:00;GO;153;508;APARECIDA DE GOIANIA;Velocidade Incompatível;Colisão traseira;Com Vítimas Feridas;Pleno dia;Crescente;Céu Claro;Dupla;Reta;Sim;2;0;1;0;0;1;1;2;-16,7743615;-49,23756972;SPRF-GO;DEL01-GO;UOP03-DEL01-GO
695818;04/06/2025;quarta-feira;15:38:00;CE;116;26;ITAITINGA;Acessar a via sem observar a presença dos outros veículos;Colisão traseira;Sem Vítimas;Pleno dia;Decrescente;Céu Claro;Dupla;Reta;Sim;2;0;0;0;2;0;0;2;-3,98999;-38,51654;SPRF-CE;DEL01-CE;UOP02-DEL01-CE
695819;04/06/2025;quarta-feira;16:10:00;DF;20;21,3;BRASILIA;Ausência de reação do condutor;Colisão com objeto;Com Vítimas Feridas;Pleno dia;Crescente;Céu Claro;Dupla;Reta;Sim;5;0;4;1;0;0;5;1;-15,60117;-47,680692;SPRF-DF;DEL02-DF;UOP01-DEL02-DF
695820;24/03/2025;segunda-feira;11:40:00;SC;282;506;XANXERE;Reação tardia ou ineficiente do condutor;Colisão traseira;Com Vítimas Feridas;Pleno dia;Decrescente;Céu Claro;Dupla;"Aclive;Reta";Não;2;0;2;0;0;0;2;1;-26,88581854;-52,42852664;SPRF-SC;DEL07-SC;UOP01-DEL07-SC
695823;23/05/2025;sexta-feira;19:10:00;MG;116;736,2;LARANJAL;Desrespeitar a preferência no cruzamento;Colisão transversal;Com Vítimas Feridas;Plena Noite;Decrescente;Nublado;Simples;Interseção de Vias;Sim;3;0;2;0;1;0;2;2;-21,36583362;-42,47445915;SPRF-MG;DEL07-MG;UOP02-DEL07-MG
695824;04/06/2025;quarta-feira;16:40:00;RJ;116;171;RIO DE JANEIRO;Frear bruscamente;Colisão traseira;Com Vítimas Feridas;Pleno dia;Crescente;Céu Claro;Dupla;Reta;Não;4;0;2;0;2;0;2;2;-22,8044595;-43,3451811;SPRF-RJ;DEL06-RJ;UOP01-DEL06-RJ
695825;04/06/2025;quarta-feira;16:20:00;RS;290;111;ELDORADO DO SUL;Condutor deixou de manter distância do veículo da frente;Colisão traseira;Sem Vítimas;Pleno dia;Crescente;Céu Claro;Dupla;Reta;Não;4;0;0;0;4;0;0;2;-30,0362535;-51,3276197;SPRF-RS;DEL02-RS;UOP01-DEL02-RS
695828;04/06/2025;quarta-feira;16:20:00;SC;101;129,4;CAMBORIU;Reação tardia ou ineficiente do condutor;Colisão traseira;Com Vítimas Feridas;Pleno dia;Crescente;Céu Claro;Dupla;Reta;Sim;2;0;1;0;1;0;1;2;-26,98255961;-48,67385642;SPRF-SC;DEL04-SC;UOP03-DEL04-SC
695829;05/04/2025;sábado;18:15:00;ES;101;285,1;CARIACICA;Pedestre cruzava a pista fora da faixa;Atropelamento de Pedestre;Com Vítimas Feridas;Plena Noite;Crescente;Nublado;Dupla;Reta;Sim;2;0;0;1;1;0;1;2;-20,253721;-40,374341;SPRF-ES;DEL01-ES;UOP01-DEL01-ES
695830;04/06/2025;quarta-feira;17:20:00;RS;116;262;CANOAS;Reação tardia ou ineficiente do condutor;Colisão transversal;Com Vítimas Feridas;Anoitecer;Crescente;Céu Claro;Dupla;Reta;Sim;2;0;1;0;1;0;1;2;-29,89993973;-51,17651431;SPRF-RS;DEL01-RS;UOP01-DEL01-RS
695834;04/06/2025;quarta-feira;16:45:00;MG;381;325;NOVA ERA;Condutor deixou de manter distância do veículo da frente;Colisão traseira;Sem Vítimas;Plena Noite;Decrescente;Céu Claro;Múltipla;Reta;Não;2;0;0;0;2;0;0;2;-19,77003138;-43,04845047;SPRF-MG;DEL03-MG;UOP02-DEL03-MG
695835;04/06/2025;quarta-feira;17:15:00;GO;153;442;ANAPOLIS;Demais falhas mecânicas ou elétricas;Colisão com objeto;Com Vítimas Feridas;Pleno dia;Decrescente;Céu Claro;Dupla;"Curva;Rotatória";Sim;1;0;0;1;0;0;1;1;-16,35296;-48,92878;SPRF-GO;DEL02-GO;UOP01-DEL02-GO
695836;20/05/2025;terça-feira;05:30:00;AL;101;227;PORTO REAL DO COLEGIO;Acumulo de água sobre o pavimento;Saída de leito carroçável;Sem Vítimas;Amanhecer;Decrescente;Chuva;Dupla;Reta;Não;2;0;0;0;2;0;0;1;-10,10333513;-36,71092272;SPRF-AL;DEL02-AL;UOP02-DEL02-AL
695837;04/06/2025;quarta-feira;16:40:00;PB;230;11;CABEDELO;Acessar a via sem observar a presença dos outros veículos;Tombamento;Com Vítimas Feridas;Pleno dia;Crescente;Céu Claro;Dupla;"Em Obras;Reta";Sim;4;0;2;2;0;0;4;2;-7,0618176;-34,8501126;SPRF-PB;DEL01-PB;UOP01-DEL01-PB
695838;04/06/2025;quarta-feira;17:00:00;SP;381;87;SAO PAULO;Ausência de reação do condutor;Colisão transversal;Com Vítimas Feridas;Pleno dia;Decrescente;Céu Claro;Dupla;Reta;Sim;3;0;1;1;1;0;2;2;-23,396946;-46,573502;SPRF-SP;DEL03-SP;UOP01-DEL03-SP
695839;04/06/2025;quarta-feira;17:04:00;PI;343;4,4;TERESINA;Ausência de reação do condutor;Colisão traseira;Com Vítimas Feridas;Pleno dia;Decrescente;Céu Claro;Múltipla;Reta;Sim;2;0;1;0;1;0;1;2;-5,080493;-42,78962;SPRF-PI;DEL01-PI;UOP01-DEL01-PI
695840;04/06/2025;quarta-feira;17:20:00;MG;40;625;CONSELHEIRO LAFAIETE;Velocidade Incompatível;Engavetamento;Com Vítimas Feridas;Anoitecer;Crescente;Céu Claro;Simples;Reta;Não;10;0;2;0;8;0;2;4;-20,62426;-43,80843;SPRF-MG;DEL05-MG;UOP02-DEL05-MG
695841;04/06/2025;quarta-feira;16:15:00;SP;381;84;SAO PAULO;Entrada inopinada do pedestre;Atropelamento de Pedestre;Com Vítimas Feridas;Pleno dia;Decrescente;Céu Claro;Múltipla;Reta;Sim;2;0;0;1;1;0;1;2;-23,44725;-46,56895;SPRF-SP;DEL03-SP;UOP01-DEL03-SP
695842;04/06/2025;quarta-feira;17:00:00;ES;101;136,9;LINHARES;Reação tardia ou ineficiente do condutor;Engavetamento;Com Vítimas Feridas;Pleno dia;Crescente;Céu Claro;Simples;"Reta;Declive";Não;15;0;12;0;3;0;12;3;-19,29270433;-40,08603869;SPRF-ES;DEL04-ES;UOP01-DEL04-ES
695843;04/06/2025;quarta-feira;10:51:00;RJ;101;313;SAO GONCALO;Ultrapassagem Indevida;Queda de ocupante de veículo;Com Vítimas Feridas;Pleno dia;Crescente;Sol;Dupla;Viaduto;Sim;2;0;2;0;0;0;2;1;-22,8051273;-43,0474075;SPRF-RJ;DEL02-RJ;UOP02-DEL02-RJ
695844;04/06/2025;quarta-feira;17:00:00;PR;116;126;FAZENDA RIO GRANDE;Ausência de reação do condutor;Tombamento;Com Vítimas Feridas;Pleno dia;Crescente;Nublado;Dupla;Reta;Não;1;0;1;0;0;0;1;1;-25,64616896;-49,31213379;SPRF-PR;DEL01-PR;UOP03-DEL01-PR
695845;04/06/2025;quarta-feira;16:40:00;MS;158;93,5;PARANAIBA;Entrada inopinada do pedestre;Atropelamento de Pedestre;Com Vítimas Feridas;Anoitecer;Crescente;Céu Claro;Dupla;"Declive;Curva";Sim;6;0;0;1;5;0;1;2;-19,67346;-51,2042;SPRF-MS;DEL08-MS;UOP01-DEL08-MS
695847;04/06/2025;quarta-feira;18:10:00;PI;343;340;TERESINA;Acessar a via sem observar a presença dos outros veículos;Colisão traseira;Com Vítimas Feridas;Plena Noite;Decrescente;Céu Claro;Dupla;Reta;Sim;2;0;1;0;1;0;1;2;-5,07419931;-42,73619324;SPRF-PI;DEL01-PI;UOP01-DEL01-PI
695848;04/06/2025;quarta-feira;18:00:00;MG;40;527;CONTAGEM;Trafegar com motocicleta (ou similar) entre as faixas;Colisão traseira;Com Vítimas Feridas;Plena Noite;Decrescente;Céu Claro;Dupla;Reta;Sim;3;0;2;0;1;0;2;2;-19,904477;-44,048383;SPRF-MG;DEL01-MG;UOP02-DEL01-MG
695850;04/06/2025;quarta-feira;08:15:00;PI;316;314;PICOS;Acessar a via sem observar a presença dos outros veículos;Colisão transversal;Com Vítimas Feridas;Pleno dia;Crescente;Céu Claro;Simples;Reta;Sim;2;0;1;0;1;0;1;2;-7,07791796;-41,4406541;SPRF-PI;DEL04-PI;UOP01-DEL04-PI
695852;04/06/2025;quarta-feira;18:30:00;PB;230;27,9;JOAO PESSOA;Acumulo de areia ou detritos sobre o pavimento;Tombamento;Com Vítimas Feridas;Plena Noite;Crescente;Nublado;Simples;Reta;Não;1;0;1;0;0;0;1;1;-7,16489967;-34,89291787;SPRF-PB;DEL01-PB;UOP01-DEL01-PB
695853;04/06/2025;quarta-feira;18:30:00;RS;116;303;GUAIBA;Transitar na contramão;Colisão lateral sentido oposto;Sem Vítimas;Plena Noite;Decrescente;Céu Claro;Simples;Reta;Não;4;0;0;0;4;0;0;2;-30,14640798;-51,36420286;SPRF-RS;DEL02-RS;UOP01-DEL02-RS
695854;04/06/2025;quarta-feira;17:00:00;PR;277;112,2;CAMPO LARGO;Pedestre cruzava a pista fora da faixa;Atropelamento de Pedestre;Com Vítimas Fatais;Anoitecer;Crescente;Garoa/Chuvisco;Dupla;Reta;Não;2;1;0;0;1;0;0;2;-25,4322435;-49,41882896;SPRF-PR;DEL03-PR;UOP03-DEL03-PR
695856;04/06/2025;quarta-feira;18:30:00;RS;448;4;ESTEIO;Ausência de reação do condutor;Colisão traseira;Com Vítimas Feridas;Plena Noite;Decrescente;Céu Claro;Dupla;"Viaduto;Reta";Sim;3;0;1;0;2;0;1;2;-29,8446376;-51,19580574;SPRF-RS;DEL01-RS;UOP02-DEL01-RS
695857;04/06/2025;quarta-feira;17:45:00;MS;60;429;SIDROLANDIA;Condutor deixou de manter distância do veículo da frente;Colisão traseira;Sem Vítimas;Anoitecer;Crescente;Céu Claro;Simples;Reta;Não;3;0;0;0;3;0;0;2;-20,965;-54,972;SPRF-MS;DEL01-MS;UOP04-DEL01-MS
695859;04/06/2025;quarta-feira;18:30:00;SC;101;203;SAO JOSE;Manobra de mudança de faixa;Colisão lateral mesmo sentido;Sem Vítimas;Plena Noite;Decrescente;Céu Claro;Dupla;"Aclive;Reta";Não;2;0;0;0;2;0;0;2;-27,56824746;-48,61383526;SPRF-SC;DEL01-SC;UOP01-DEL01-SC
695862;04/06/2025;quarta-feira;18:00:00;RS;386;128;BARRA FUNDA;Reação tardia ou ineficiente do condutor;Colisão traseira;Com Vítimas Feridas;Plena Noite;Decrescente;Céu Claro;Simples;Reta;Não;3;0;0;1;1;1;1;3;-27,921;-52,9657;SPRF-RS;DEL08-RS;UOP01-DEL08-RS
695863;04/06/2025;quarta-feira;15:40:00;CE;222;99,8;UMIRIM;Demais falhas mecânicas ou elétricas;Colisão lateral sentido oposto;Com Vítimas Feridas;Pleno dia;Decrescente;Céu Claro;Simples;Reta;Não;4;0;2;0;2;0;2;2;-3,727815;-39,420299;SPRF-CE;DEL04-CE;UOP03-DEL04-CE
695864;04/06/2025;quarta-feira;16:00:00;PR;476;314;PAULO FRONTIN;Velocidade Incompatível;Capotamento;Com Vítimas Feridas;Pleno dia;Decrescente;Chuva;Simples;Curva;Não;1;0;1;0;0;0;1;1;-26,03409684;-50,69762349;SPRF-PR;DEL02-PR;UOP03-DEL02-PR
695866;04/06/2025;quarta-feira;17:55:00;RS;470;221,9;GARIBALDI;Reação tardia ou ineficiente do condutor;Colisão traseira;Com Vítimas Feridas;Anoitecer;Decrescente;Céu Claro;Simples;Reta;Não;2;0;0;1;1;0;1;2;-29,21386076;-51,51785072;SPRF-RS;DEL06-RS;UOP01-DEL06-RS
695867;04/06/2025;quarta-feira;17:45:00;SC;470;73,3;INDAIAL;Condutor deixou de manter distância do veículo da frente;Colisão traseira;Com Vítimas Feridas;Plena Noite;Decrescente;Nublado;Simples;Reta;Não;3;0;2;0;1;0;2;2;-26,9117;-49,27708;SPRF-SC;DEL04-SC;UOP01-DEL04-SC
695870;04/06/2025;quarta-feira;18:45:00;SP;116;219;GUARULHOS;Manobra de mudança de faixa;Colisão lateral mesmo sentido;Com Vítimas Feridas;Plena Noite;Crescente;Céu Claro;Múltipla;Reta;Não;2;0;0;1;1;0;1;2;-23,4633449;-46,49517596;SPRF-SP;DEL01-SP;UOP01-DEL01-SP
695871;04/06/2025;quarta-feira;18:30:00;PR;376;164,8;MARINGA;Avarias e/ou desgaste excessivo no pneu;Tombamento;Com Vítimas Feridas;Plena Noite;Crescente;Nublado;Dupla;Reta;Não;4;0;1;0;3;0;1;3;-23,38586231;-52,02515451;SPRF-PR;DEL09-PR;UOP02-DEL09-PR
695872;04/06/2025;quarta-feira;18:30:00;PR;369;486,3;CORBELIA;Ultrapassagem Indevida;Colisão lateral mesmo sentido;Com Vítimas Feridas;Plena Noite;Crescente;Céu Claro;Simples;Declive;Sim;2;0;0;1;1;0;1;2;-24,809053;-53,29343;SPRF-PR;DEL04-PR;UOP03-DEL04-PR
695873;04/06/2025;quarta-feira;18:10:00;BA;324;520;FEIRA DE SANTANA;Trafegar com motocicleta (ou similar) entre as faixas;Colisão traseira;Com Vítimas Feridas;Plena Noite;Decrescente;Céu Claro;Dupla;Reta;Sim;3;0;1;0;2;0;1;3;-12,27667509;-38,92947435;SPRF-BA;DEL01-BA;UOP03-DEL01-BA
695875;04/06/2025;quarta-feira;19:00:00;SC;101;202,8;SAO JOSE;Reação tardia ou ineficiente do condutor;Colisão traseira;Com Vítimas Feridas;Plena Noite;Decrescente;Céu Claro;Múltipla;Reta;Não;3;0;0;1;2;0;1;3;-27,563275;-48,615156;SPRF-SC;DEL01-SC;UOP01-DEL01-SC
695877;04/06/2025;quarta-feira;18:38:00;PE;232;24;MORENO;Velocidade Incompatível;Colisão lateral mesmo sentido;Com Vítimas Feridas;Plena Noite;Crescente;Nublado;Dupla;"Retorno Regulamentado;Reta";Não;2;0;0;2;0;0;2;2;-8,109324;-35,10557771;SPRF-PE;DEL01-PE;UOP01-DEL01-PE
695878;04/06/2025;quarta-feira;19:00:00;ES;101;25,5;PINHEIROS;Pedestre cruzava a pista fora da faixa;Atropelamento de Pedestre;Com Vítimas Feridas;Plena Noite;Crescente;Céu Claro;Simples;Reta;Não;2;0;2;0;0;0;2;2;-18,37509167;-39,94805167;SPRF-ES;DEL04-ES;UOP02-DEL04-ES
695879;04/06/2025;quarta-feira;19:00:00;PR;376;600;CURITIBA;Manobra de mudança de faixa;Colisão lateral mesmo sentido;Com Vítimas Feridas;Plena Noite;Decrescente;Nublado;Dupla;Reta;Sim;2;0;1;0;1;0;1;2;-25,501804;-49,342806;SPRF-PR;DEL01-PR;UOP03-DEL01-PR
695880;04/06/2025;quarta-feira;18:30:00;PE;428;106;SANTA MARIA DA BOA VISTA;Animais na Pista;Atropelamento de Animal;Com Vítimas Feridas;Plena Noite;Decrescente;Nublado;Simples;Reta;Não;1;0;1;0;0;0;1;1;-8,8613;-39,997958;SPRF-PE;DEL06-PE;UOP03-DEL06-PE
695882;23/05/2025;sexta-feira;20:00:00;GO;153;520;HIDROLANDIA;Manobra de mudança de faixa;Colisão lateral mesmo sentido;Com Vítimas Feridas;Plena Noite;Crescente;Céu Claro;Dupla;Reta;Sim;2;0;1;0;0;1;1;2;-16,87920857;-49,25289774;SPRF-GO;DEL01-GO;UOP03-DEL01-GO
695883;04/06/2025;quarta-feira;17:10:00;MS;262;212;RIBAS DO RIO PARDO;Demais falhas mecânicas ou elétricas;Incêndio;Sem Vítimas;Anoitecer;Crescente;Céu Claro;Simples;Reta;Não;1;0;0;0;1;0;0;1;-20,464568;-53,500651;SPRF-MS;DEL01-MS;UOP05-DEL01-MS
695884;04/06/2025;quarta-feira;18:40:00;PR;369;149,8;LONDRINA;Manobra de mudança de faixa;Colisão lateral mesmo sentido;Sem Vítimas;Plena Noite;Crescente;Céu Claro;Dupla;Reta;Sim;2;0;0;0;2;0;0;2;-23,293;-51,16;SPRF-PR;DEL07-PR;UOP01-DEL07-PR
695885;04/06/2025;quarta-feira;17:40:00;MS;163;324;RIO BRILHANTE;Manobra de mudança de faixa;Colisão frontal;Com Vítimas Feridas;Anoitecer;Crescente;Céu Claro;Simples;Curva;Não;3;0;2;0;1;0;2;2;-21,769911;-54,524852;SPRF-MS;DEL02-MS;UOP02-DEL02-MS
695886;05/04/2025;sábado;23:40:00;PR;369;246;BOM SUCESSO;Objeto estático sobre o leito carroçável;Colisão com objeto;Com Vítimas Feridas;Plena Noite;Crescente;Céu Claro;Simples;Curva;Não;1;0;1;0;0;0;1;1;-23,70507466;-51,74121445;SPRF-PR;DEL09-PR;UOP01-DEL09-PR
695887;04/06/2025;quarta-feira;20:00:00;CE;116;4,4;FORTALEZA;Pedestre - Ingestão de álcool/ substâncias psicoativas;Atropelamento de Pedestre;Com Vítimas Feridas;Plena Noite;Decrescente;Céu Claro;Múltipla;Reta;Sim;2;0;0;1;0;1;1;2;-3,7895387;-38,5104863;SPRF-CE;DEL01-CE;UOP02-DEL01-CE