id;data_inversa;dia_semana;horario;uf;br;km;municipio;causa_acidente;tipo_acidente;classificacao_acidente;fase_dia;sentido_via;condicao_metereologica;tipo_pista;tracado_via;uso_solo;pessoas;mortos;feridos_leves;feridos_graves;ilesos;ignorados;feridos;veiculos;latitude;longitude;regional;delegacia;uop
696019;05/06/2025;quinta-feira;13:06:00;RN;101;103,9;PARNAMIRIM;Pista Escorregadia;Colisão traseira;Com Vítimas Feridas;Pleno dia;Crescente;Céu Claro;Dupla;Reta;Sim;3;0;1;1;1;0;2;2;-5,8896622;-35,24668523;SPRF-RN;DEL01-RN;UOP01-DEL01-RN
696021;05/06/2025;quinta-feira;13:20:00;SP;116;227;SAO PAULO;Reação tardia ou ineficiente do condutor;Colisão lateral mesmo sentido;Com Vítimas Feridas;Pleno dia;Crescente;Nublado;Múltipla;Reta;Sim;2;0;1;0;1;0;1;2;-23,50535011;-46,56879102;SPRF-SP;DEL01-SP;UOP01-DEL01-SP
696023;05/06/2025;quinta-feira;11:30:00;MG;365;163;PIRAPORA;Ausência de reação do condutor;Saída de leito carroçável;Com Vítimas Feridas;Pleno dia;Decrescente;Céu Claro;Simples;Curva;Não;1;0;0;1;0;0;1;1;-17,3635158;-44,92389846;SPRF-MG;DEL10-MG;UOP02-DEL010-MG
696024;05/06/2025;quinta-feira;12:50:00;PR;369;186,5;ARAPONGAS;Transitar no Acostamento;Colisão lateral mesmo sentido;Com Vítimas Feridas;Pleno dia;Crescente;Nublado;Simples;"Reta;Interseção de Vias";Sim;2;0;1;0;1;0;1;2;-23,42005376;-51,4253068;SPRF-PR;DEL07-PR;UOP03-DEL07-PR
696025;05/06/2025;quinta-feira;08:15:00;RS;470;10;BARRACAO;Ausência de sinalização;Colisão frontal;Sem Vítimas;Pleno dia;Crescente;Nublado;Simples;Reta;Não;2;0;0;0;2;0;0;2;-27,6893603;-51,45833435;SPRF-RS;DEL08-RS;UOP05-DEL08-RS
696026;05/06/2025;quinta-feira;11:00:00;BA;418;85;NOVA VICOSA;Acesso irregular;Colisão transversal;Com Vítimas Feridas;Pleno dia;Decrescente;Céu Claro;Simples;Reta;Sim;2;0;1;0;1;0;1;2;-17,889302;-39,824393;SPRF-BA;DEL09-BA;UOP02-DEL09-BA
696027;05/06/2025;quinta-feira;13:20:00;PR;376;167;MARINGA;Reação tardia ou ineficiente do condutor;Colisão traseira;Sem Vítimas;Pleno dia;Decrescente;Chuva;Dupla;Reta;Não;2;0;0;0;2;0;0;2;-23,40032576;-52,00010346;SPRF-PR;DEL09-PR;UOP01-DEL09-PR
696028;05/06/2025;quinta-feira;12:10:00;PR;163;245;TOLEDO;Chuva;Saída de leito carroçável;Com Vítimas Feridas;Pleno dia;Decrescente;Chuva;Dupla;Reta;Não;2;0;1;0;1;0;1;1;-24,67211468;-53,80140066;SPRF-PR;DEL06-PR;UOP02-DEL06-PR
696030;05/06/2025;quinta-feira;12:10:00;SC;101;154,9;PORTO BELO;Velocidade Incompatível;Saída de leito carroçável;Com Vítimas Feridas;Pleno dia;Decrescente;Garoa/Chuvisco;Múltipla;"Curva;Interseção de Vias";Sim;1;0;1;0;0;0;1;1;-27,16194591;-48,61100284;SPRF-SC;DEL04-SC;UOP03-DEL04-SC
696032;05/06/2025;quinta-feira;14:20:00;AL;101;117;PILAR;Ausência de reação do condutor;Colisão com objeto;Com Vítimas Feridas;Pleno dia;Decrescente;Sol;Dupla;"Reta;Desvio Temporário";Não;1;0;1;0;0;0;1;1;-9,64184417;-36,02459606;SPRF-AL;DEL02-AL;UOP01-DEL02-AL
696034;05/06/2025;quinta-feira;13:45:00;SC;101;134;BALNEARIO CAMBORIU;Manobra de mudança de faixa;Colisão lateral mesmo sentido;Com Vítimas Feridas;Pleno dia;Crescente;Nublado;Dupla;Reta;Sim;2;0;1;0;1;0;1;2;-27,00350522;-48,63295555;SPRF-SC;DEL04-SC;UOP03-DEL04-SC
696035;05/06/2025;quinta-feira;08:10:00;RO;364;341,6;JI-PARANA;Condutor deixou de manter distância do veículo da frente;Colisão lateral mesmo sentido;Com Vítimas Feridas;Pleno dia;Decrescente;Céu Claro;Simples;Reta;Sim;2;0;1;0;1;0;1;2;-10,88425108;-61,9371736;SPRF-RO;DEL02-RO;UOP01-DEL02-RO
696036;05/06/2025;quinta-feira;06:10:00;GO;153;546,5;PROFESSOR JAMIL;Demais falhas mecânicas ou elétricas;Saída de leito carroçável;Sem Vítimas;Amanhecer;Crescente;Céu Claro;Dupla;Reta;Não;2;0;0;0;0;2;0;2;-17,1025242;-49,2181049;SPRF-GO;DEL01-GO;UOP03-DEL01-GO
696037;05/06/2025;quinta-feira;08:00:00;MG;116;275;TEOFILO OTONI;Reação tardia ou ineficiente do condutor;Colisão lateral mesmo sentido;Com Vítimas Feridas;Pleno dia;Crescente;Céu Claro;Simples;Reta;Sim;2;0;1;0;1;0;1;2;-17,843422;-41,514638;SPRF-MG;DEL11-MG;UOP01-DEL11-MG
696038;05/06/2025;quinta-feira;15:10:00;SP;116;220;GUARULHOS;Reação tardia ou ineficiente do condutor;Colisão traseira;Com Vítimas Feridas;Pleno dia;Decrescente;Chuva;Múltipla;"Em Obras;Reta";Sim;5;0;1;0;4;0;1;5;-23,46389619;-46,49591088;SPRF-SP;DEL01-SP;UOP01-DEL01-SP
696041;05/06/2025;quinta-feira;08:00:00;PR;277;385,7;CANDOI;Transitar na contramão;Colisão frontal;Com Vítimas Fatais;Pleno dia;Crescente;Chuva;Simples;"Reta;Ponte";Não;5;2;0;3;0;0;3;2;-25,43995;-51,833761;SPRF-PR;DEL08-PR;UOP01-DEL08-PR
696043;05/06/2025;quinta-feira;15:00:00;PR;116;14;CAMPINA GRANDE DO SUL;Velocidade Incompatível;Saída de leito carroçável;Com Vítimas Feridas;Pleno dia;Decrescente;Chuva;Dupla;Curva;Não;1;0;1;0;0;0;1;1;-25,1000274;-48,67615952;SPRF-PR;DEL01-PR;UOP02-DEL01-PR
696044;05/06/2025;quinta-feira;09:30:00;RJ;493;13;GUAPIMIRIM;Ausência de reação do condutor;Colisão com objeto;Com Vítimas Feridas;Pleno dia;Crescente;Céu Claro;Simples;Reta;Não;1;0;1;0;0;0;1;1;-22,67098646;-42,98139095;SPRF-RJ;DEL04-RJ;UOP02-DEL04-RJ
696050;30/04/2025;quarta-feira;21:20:00;GO;60;102;GOIANAPOLIS;Reação tardia ou ineficiente do condutor;Colisão traseira;Com Vítimas Feridas;Plena Noite;Decrescente;Céu Claro;Dupla;Reta;Sim;2;0;0;1;0;1;1;2;-16,40574104;-48,98228142;SPRF-GO;DEL02-GO;UOP01-DEL02-GO
696051;05/06/2025;quinta-feira;16:15:00;PR;277;27,3;MORRETES;Velocidade Incompatível;Saída de leito carroçável;Com Vítimas Feridas;Pleno dia;Crescente;Nublado;Múltipla;Curva;Não;2;0;1;0;1;0;1;1;-25,54171015;-48,77716033;SPRF-PR;DEL01-PR;UOP05-DEL01-PR
696052;05/06/2025;quinta-feira;15:20:00;BA;101;719;EUNAPOLIS;Acessar a via sem observar a presença dos outros veículos;Colisão transversal;Com Vítimas Feridas;Pleno dia;Crescente;Céu Claro;Simples;Rotatória;Sim;2;0;1;0;1;0;1;2;-16,386243;-39,58624;SPRF-BA;DEL09-BA;UOP01-DEL09-BA
696053;05/06/2025;quinta-feira;15:34:00;PB;230;2;CABEDELO;Retorno proibido;Colisão lateral mesmo sentido;Sem Vítimas;Pleno dia;Decrescente;Céu Claro;Dupla;Reta;Sim;2;0;0;0;2;0;0;2;-6,983;-34,83;SPRF-PB;DEL01-PB;UOP01-DEL01-PB
696054;05/06/2025;quinta-feira;16:00:00;PR;116;38;CAMPINA GRANDE DO SUL;Reação tardia ou ineficiente do condutor;Colisão com objeto;Com Vítimas Feridas;Pleno dia;Decrescente;Garoa/Chuvisco;Dupla;Curva;Não;3;0;2;0;1;0;2;1;-25,14947685;-48,85920232;SPRF-PR;DEL01-PR;UOP02-DEL01-PR
696057;05/06/2025;quinta-feira;16:53:00;BA;367;29;PORTO SEGURO;Acessar a via sem observar a presença dos outros veículos;Colisão transversal;Com Vítimas Feridas;Pleno dia;Crescente;Céu Claro;Simples;Curva;Não;2;0;0;1;1;0;1;2;-16,414;-39,1226;SPRF-BA;DEL09-BA;UOP03-DEL09-BA
696060;05/06/2025;quinta-feira;15:00:00;PE;101;161;GAMELEIRA;Demais falhas mecânicas ou elétricas;Incêndio;Sem Vítimas;Pleno dia;Crescente;Sol;Dupla;"Reta;Aclive";Não;1;0;0;0;1;0;0;1;-8,553825;-35,43335;SPRF-PE;DEL01-PE;UOP03-DEL01-PE
696061;05/06/2025;quinta-feira;15:45:00;SP;101;26;UBATUBA;Reação tardia ou ineficiente do condutor;Tombamento;Com Vítimas Feridas;Pleno dia;Crescente;Nublado;Simples;"Reta;Declive";Não;1;0;1;0;0;0;1;1;-23,36048536;-44,94572852;SPRF-SP;DEL06-SP;UOP01-DEL06-SP
696062;05/06/2025;quinta-feira;17:40:00;MG;381;898,9;CAMBUI;Pedestre andava na pista;Atropelamento de Pedestre;Com Vítimas Feridas;Anoitecer;Decrescente;Nublado;Dupla;Reta;Sim;2;0;0;1;1;0;1;2;-22,61393412;-46,06590664;SPRF-MG;DEL16-MG;UOP01-DEL16-MG
696065;05/06/2025;quinta-feira;17:50:00;SP;381;60;MAIRIPORA;Chuva;Colisão com objeto;Com Vítimas Feridas;Anoitecer;Decrescente;Chuva;Dupla;"Aclive;Curva";Não;2;0;2;0;0;0;2;1;-23,28960311;-46,5827179;SPRF-SP;DEL03-SP;UOP01-DEL03-SP
696066;05/06/2025;quinta-feira;18:05:00;RS;287;413;SANTIAGO;Animais na Pista;Atropelamento de Animal;Sem Vítimas;Anoitecer;Crescente;Céu Claro;Simples;"Aclive;Reta";Não;2;0;0;0;2;0;0;1;-29,06794849;-54,95000839;SPRF-RS;DEL12-RS;UOP02-DEL12-RS
696067;05/06/2025;quinta-feira;16:28:00;SP;116;307;SAO LOURENCO DA SERRA;Ausência de reação do condutor;Colisão lateral mesmo sentido;Com Vítimas Feridas;Pleno dia;Crescente;Chuva;Dupla;Reta;Sim;1;0;1;0;0;0;1;1;-23,85785225;-46,94286795;SPRF-SP;DEL04-SP;UOP01-DEL04-SP
696068;05/06/2025;quinta-feira;17:45:00;RS;116;247;SAO LEOPOLDO;Ingestão de álcool pelo condutor;Saída de leito carroçável;Sem Vítimas;Plena Noite;Crescente;Garoa/Chuvisco;Dupla;"Reta;Em Obras";Sim;2;0;0;0;1;1;0;2;-29,76815104;-51,15364974;SPRF-RS;DEL01-RS;UOP02-DEL01-RS
696070;05/06/2025;quinta-feira;12:40:00;RJ;40;7;COMENDADOR LEVY GASPARIAN;Velocidade Incompatível;Queda de ocupante de veículo;Com Vítimas Feridas;Pleno dia;Decrescente;Céu Claro;Simples;Curva;Não;1;0;1;0;0;0;1;1;-22,03458064;-43,2236588;SPRF-RJ;DEL05-RJ;UOP02-DEL05-RJ
696071;05/06/2025;quinta-feira;16:00:00;PI;343;305,5;ALTOS;Ausência de reação do condutor;Colisão traseira;Sem Vítimas;Pleno dia;Crescente;Céu Claro;Simples;Reta;Sim;2;0;0;0;2;0;0;2;-5,03696;-42,44717;SPRF-PI;DEL01-PI;UOP01-DEL01-PI
696072;05/06/2025;quinta-feira;18:09:00;ES;101;264;SERRA;Reação tardia ou ineficiente do condutor;Colisão lateral mesmo sentido;Com Vítimas Feridas;Plena Noite;Decrescente;Céu Claro;Dupla;Reta;Sim;2;0;0;1;0;1;1;2;-20,179607;-40,265201;SPRF-ES;DEL02-ES;UOP01-DEL02-ES
696074;05/06/2025;quinta-feira;18:00:00;RN;304;47;MOSSORO;Acessar a via sem observar a presença dos outros veículos;Colisão lateral mesmo sentido;Com Vítimas Feridas;Plena Noite;Decrescente;Céu Claro;Dupla;Interseção de Vias;Sim;3;0;2;0;0;1;2;2;-5,226016;-37,326109;SPRF-RN;DEL04-RN;UOP01-DEL04-RN
696075;05/06/2025;quinta-feira;18:00:00;RN;304;55,6;MOSSORO;Acostamento em desnível;Colisão traseira;Com Vítimas Feridas;Plena Noite;Decrescente;Céu Claro;Simples;"Reta;Ponte";Não;5;0;4;0;1;0;4;2;-5,2884;-37,2888;SPRF-RN;DEL04-RN;UOP01-DEL04-RN
696076;05/06/2025;quinta-feira;16:28:00;RO;364;337;JI-PARANA;Manobra de mudança de faixa;Colisão lateral mesmo sentido;Com Vítimas Feridas;Pleno dia;Decrescente;Céu Claro;Múltipla;Reta;Não;3;0;1;0;2;0;1;2;-10,923748;-61,92982;SPRF-RO;DEL02-RO;UOP01-DEL02-RO
696077;05/06/2025;quinta-feira;18:15:00;PE;428;190,1;PETROLINA;Ingestão de álcool pelo condutor;Colisão traseira;Com Vítimas Feridas;Plena Noite;Decrescente;Céu Claro;Simples;Reta;Sim;3;0;1;0;1;1;1;3;-9,37922213;-40,50760794;SPRF-PE;DEL06-PE;UOP01-DEL06-PE
696078;05/06/2025;quinta-feira;18:15:00;RS;470;213,5;BENTO GONCALVES;Retorno proibido;Colisão transversal;Com Vítimas Feridas;Plena Noite;Crescente;Nublado;Simples;Reta;Sim;3;0;1;0;2;0;1;2;-29,14812194;-51,53128322;SPRF-RS;DEL06-RS;UOP01-DEL06-RS
696079;05/06/2025;quinta-feira;18:30:00;RS;290;77;GRAVATAI;Afundamento ou ondulação no pavimento;Queda de ocupante de veículo;Com Vítimas Feridas;Plena Noite;Decrescente;Nublado;Múltipla;Reta;Não;1;0;1;0;0;0;1;1;-29,95537943;-51,02715183;SPRF-RS;DEL01-RS;UOP01-DEL01-RS
696080;05/06/2025;quinta-feira;18:00:00;ES;262;26,9;VIANA;Manobra de mudança de faixa;Colisão lateral mesmo sentido;Com Vítimas Feridas;Anoitecer;Decrescente;Nublado;Simples;Curva;Não;2;0;1;0;0;1;1;2;-20,38294909;-40,55124521;SPRF-ES;DEL01-ES;UOP01-DEL01-ES
696084;05/06/2025;quinta-feira;18:45:00;PB;230;307,9;SAO MAMEDE;Animais na Pista;Atropelamento de Animal;Com Vítimas Feridas;Plena Noite;Crescente;Céu Claro;Simples;Reta;Não;2;0;2;0;0;0;2;1;-6,920715;-37,046963;SPRF-PB;DEL03-PB;UOP01-DEL03-PB
696085;05/06/2025;quinta-feira;18:00:00;MS;262;450,2;DOIS IRMAOS DO BURITI;Reação tardia ou ineficiente do condutor;Colisão frontal;Com Vítimas Feridas;Anoitecer;Crescente;Nublado;Simples;"Reta;Declive";Não;2;0;2;0;0;0;2;2;-20,54562;-55,45823;SPRF-MS;DEL03-MS;UOP01-DEL03-MS
696087;05/06/2025;quinta-feira;18:20:00;PE;101;64;RECIFE;Transitar no Acostamento;Colisão lateral mesmo sentido;Com Vítimas Feridas;Plena Noite;Decrescente;Céu Claro;Dupla;Reta;Sim;3;0;1;0;2;0;1;2;-8,02116;-34,942393;SPRF-PE;DEL01-PE;UOP01-DEL01-PE
696088;05/06/2025;quinta-feira;18:26:00;MS;163;413,5;NOVA ALVORADA DO SUL;Animais na Pista;Atropelamento de Animal;Com Vítimas Feridas;Plena Noite;Decrescente;Céu Claro;Simples;Reta;Não;1;0;1;0;0;0;1;1;-21,048175;-54,499832;SPRF-MS;DEL02-MS;UOP01-DEL02-MS
696090;05/06/2025;quinta-feira;17:10:00;MT;163;838;SINOP;Manobra de mudança de faixa;Colisão lateral mesmo sentido;Com Vítimas Feridas;Pleno dia;Decrescente;Céu Claro;Simples;Reta;Sim;3;0;1;0;2;0;1;2;-11,83438;-55,48898;SPRF-MT;DEL06-MT;UOP02-DEL06-MT
696091;05/06/2025;quinta-feira;17:25:00;PE;408;58;CARPINA;Ausência de reação do condutor;Colisão transversal;Com Vítimas Feridas;Anoitecer;Crescente;Nublado;Múltipla;"Interseção de Vias;Reta";Sim;2;0;1;0;1;0;1;2;-7,85292;-35,2278;SPRF-PE;DEL01-PE;UOP01-DEL01-PE
696092;05/06/2025;quinta-feira;18:00:00;MS;158;6;CASSILANDIA;Ausência de reação do condutor;Colisão traseira;Sem Vítimas;Plena Noite;Crescente;Céu Claro;Simples;Reta;Não;2;0;0;0;2;0;0;2;-19,12765324;-51,71607971;SPRF-MS;DEL08-MS;UOP01-DEL08-MS
696093;05/06/2025;quinta-feira;19:25:00;MG;381;478;CONTAGEM;Ausência de reação do condutor;Colisão lateral mesmo sentido;Sem Vítimas;Plena Noite;Decrescente;Céu Claro;Dupla;Reta;Sim;3;0;0;0;3;0;0;3;-19,96304041;-44,04105806;SPRF-MG;DEL01-MG;UOP03-DEL01-MG
696094;05/06/2025;quinta-feira;18:00:00;SC;116;251,3;LAGES;Desrespeitar a preferência no cruzamento;Colisão transversal;Com Vítimas Feridas;Plena Noite;Decrescente;Nublado;Múltipla;"Interseção de Vias;Rotatória";Não;2;0;1;0;1;0;1;2;-27,84718727;-50,37933111;SPRF-SC;DEL05-SC;UOP02-DEL05-SC
696095;05/06/2025;quinta-feira;18:40:00;DF;20;10;BRASILIA;Acessar a via sem observar a presença dos outros veículos;Colisão transversal;Com Vítimas Feridas;Plena Noite;Crescente;Céu Claro;Dupla;Interseção de Vias;Sim;2;0;1;0;1;0;1;2;-15,64885708;-47,77135402;SPRF-DF;DEL02-DF;UOP01-DEL02-DF
696097;05/06/2025;quinta-feira;16:45:00;SC;101;386,1;ICARA;Desrespeitar a preferência no cruzamento;Colisão transversal;Com Vítimas Feridas;Pleno dia;Decrescente;Garoa/Chuvisco;Simples;"Interseção de Vias;Declive;Viaduto";Não;3;0;2;0;1;0;2;2;-28,78608548;-49,33820335;SPRF-SC;DEL02-SC;UOP02-DEL02-SC
696101;05/06/2025;quinta-feira;18:40:00;RJ;116;182,5;NOVA IGUACU;Condutor deixou de manter distância do veículo da frente;Colisão traseira;Com Vítimas Feridas;Plena Noite;Crescente;Céu Claro;Múltipla;Reta;Sim;3;0;1;0;2;0;1;2;-22,755572;-43,4328;SPRF-RJ;DEL06-RJ;UOP01-DEL06-RJ
696102;05/06/2025;quinta-feira;20:30:00;SC;101;198;BIGUACU;Ausência de reação do condutor;Tombamento;Com Vítimas Feridas;Plena Noite;Decrescente;Nublado;Múltipla;Reta;Não;2;0;1;0;1;0;1;1;-27,525052;-48,635826;SPRF-SC;DEL01-SC;UOP01-DEL01-SC
696103;05/06/2025;quinta-feira;19:00:00;MG;381;755;TRES CORACOES;Ausência de reação do condutor;Queda de ocupante de veículo;Com Vítimas Feridas;Plena Noite;Decrescente;Céu Claro;Dupla;Reta;Sim;1;0;0;1;0;0;1;1;-21,673856;-45,336385;SPRF-MG;DEL16-MG;UOP02-DEL16-MG
696104;05/06/2025;quinta-feira;20:15:00;ES;101;259;SERRA;Ausência de reação do condutor;Queda de ocupante de veículo;Com Vítimas Fatais;Plena Noite;Decrescente;Nublado;Dupla;Reta;Sim;3;2;0;0;1;0;0;2;-20,13930636;-40,29233694;SPRF-ES;DEL02-ES;UOP01-DEL02-ES
696108;05/06/2025;quinta-feira;20:45:00;RJ;116;177;SAO JOAO DE MERITI;Ausência de reação do condutor;Colisão traseira;Com Vítimas Feridas;Plena Noite;Crescente;Céu Claro;Dupla;Reta;Sim;2;0;1;0;1;0;1;2;-22,78121;-43,390302;SPRF-RJ;DEL06-RJ;UOP01-DEL06-RJ
696110;05/06/2025;quinta-feira;16:40:00;BA;242;754;CRISTOPOLIS;Entrada inopinada do pedestre;Atropelamento de Pedestre;Com Vítimas Feridas;Pleno dia;Decrescente;Céu Claro;Simples;"Reta;Aclive";Não;4;0;0;1;3;0;1;2;-12,217585;-44,446595;SPRF-BA;DEL10-BA;UOP01-DEL10-BA
696111;05/06/2025;quinta-feira;19:40:00;PE;101;70;RECIFE;Condutor deixou de manter distância do veículo da frente;Colisão traseira;Com Vítimas Feridas;Plena Noite;Decrescente;Nublado;Dupla;Viaduto;Não;3;0;0;2;1;0;2;2;-8,068588;-34,940792;SPRF-PE;DEL01-PE;UOP01-DEL01-PE
696112;05/06/2025;quinta-feira;21:05:00;SC;101;140,5;BALNEARIO CAMBORIU;Manobra de mudança de faixa;Colisão lateral mesmo sentido;Com Vítimas Feridas;Plena Noite;Decrescente;Nublado;Dupla;"Túnel;Reta";Não;3;0;1;0;2;0;1;2;-27,04263;-48,60077;SPRF-SC;DEL04-SC;UOP03-DEL04-SC
696113;05/06/2025;quinta-feira;18:45:00;GO;153;700;ITUMBIARA;Pedestre andava na pista;Atropelamento de Pedestre;Com Vítimas Feridas;Plena Noite;Crescente;Ignorado;Simples;Reta;Sim;3;0;2;0;1;0;2;2;-18,2910711;-49,2386088;SPRF-GO;DEL03-GO;UOP02-DEL03-GO
696114;05/06/2025;quinta-feira;17:50:00;MG;262;11,3;MARTINS SOARES;Acessar a via sem observar a presença dos outros veículos;Colisão transversal;Com Vítimas Feridas;Anoitecer;Decrescente;Céu Claro;Simples;"Reta;Interseção de Vias";Não;2;0;1;1;0;0;2;2;-20,24415976;-41,84005737;SPRF-MG;DEL06-MG;UOP03-DEL06-MG
696118;05/06/2025;quinta-feira;21:30:00;CE;222;295;TIANGUA;Acessar a via sem observar a presença dos outros veículos;Colisão transversal;Com Vítimas Feridas;Plena Noite;Crescente;Nublado;Simples;"Reta;Interseção de Vias";Sim;2;0;0;1;1;0;1;2;-3,65919149;-40,9214494;SPRF-CE;DEL04-CE;UOP02-DEL04-CE
696125;05/06/2025;quinta-feira;22:40:00;SP;116;280;ITAPECERICA DA SERRA;Reação tardia ou ineficiente do condutor;Colisão lateral mesmo sentido;Com Vítimas Feridas;Plena Noite;Decrescente;Céu Claro;Dupla;Reta;Não;2;0;1;0;1;0;1;2;-23,64364657;-46,83913205;SPRF-SP;DEL04-SP;UOP01-DEL04-SP
696127;05/06/2025;quinta-feira;22:40:00;SC;101;155,1;PORTO BELO;Animais na Pista;Atropelamento de Animal;Com Vítimas Feridas;Plena Noite;Crescente;Céu Claro;Múltipla;Reta;Sim;1;0;1;0;0;0;1;1;-27,16365457;-48,61144273;SPRF-SC;DEL04-SC;UOP03-DEL04-SC
696128;05/06/2025;quinta-feira;21:40:00;MG;381;167,9;GOVERNADOR VALADARES;Ingestão de álcool pelo condutor;Tombamento;Com Vítimas Feridas;Plena Noite;Crescente;Céu Claro;Simples;Reta;Não;1;0;1;0;0;0;1;1;-18,93605288;-42,0524139;SPRF-MG;DEL06-MG;UOP01-DEL06-MG
696129;05/06/2025;quinta-feira;23:18:00;ES;101;133,6;LINHARES;Demais falhas mecânicas ou elétricas;Tombamento;Com Vítimas Feridas;Plena Noite;Decrescente;Céu Claro;Simples;Reta;Não;2;0;2;0;0;0;2;1;-19,25379315;-40,09013796;SPRF-ES;DEL04-ES;UOP01-DEL04-ES
696130;05/06/2025;quinta-feira;16:15:00;GO;153;172;CAMPINORTE;Reação tardia ou ineficiente do condutor;Colisão transversal;Com Vítimas Feridas;Pleno dia;Crescente;Céu Claro;Simples;Reta;Sim;6;0;5;0;1;0;5;2;-14,285447;-49,149528;SPRF-GO;DEL07-GO;UOP02-DEL07-GO
696131;05/06/2025;quinta-feira;19:10:00;PA;10;162;PARAGOMINAS;Ausência de reação do condutor;Colisão frontal;Com Vítimas Feridas;Anoitecer;Crescente;Céu Claro;Simples;Reta;Não;2;0;1;0;1;0;1;2;-3,01841;-47,4632;SPRF-PA;DEL02-PA;UOP01-DEL02-PA
696132;06/06/2025;sexta-feira;01:15:00;PI;343;0;TERESINA;Acumulo de areia ou detritos sobre o pavimento;Queda de ocupante de veículo;Com Vítimas Feridas;Plena Noite;Crescente;Céu Claro;Dupla;Curva;Sim;2;0;2;0;0;0;2;1;-5,06827167;-42,73225576;SPRF-PI;DEL01-PI;UOP01-DEL01-PI
696133;06/06/2025;sexta-feira;00:20:00;PB;101;81,3;BAYEUX;Velocidade Incompatível;Capotamento;Com Vítimas Feridas;Plena Noite;Crescente;Céu Claro;Dupla;Reta;Sim;2;0;1;1;0;0;2;1;-7,126693;-34,941986;SPRF-PB;DEL01-PB;UOP01-DEL01-PB
696136;05/06/2025;quinta-feira;19:00:00;DF;40;5;BRASILIA;Condutor deixou de manter distância do veículo da frente;Queda de ocupante de veículo;Com Vítimas Feridas;Plena Noite;Decrescente;Céu Claro;Dupla;Reta;Sim;1;0;0;1;0;0;1;1;-16,03558483;-47,98656464;SPRF-DF;DEL01-DF;UOP01-DEL01-DF
696138;06/06/2025;sexta-feira;03:00:00;ES;101;264;SERRA;Ingestão de álcool pelo condutor;Colisão com objeto;Sem Vítimas;Plena Noite;Crescente;Céu Claro;Múltipla;Interseção de Vias;Sim;1;0;0;0;1;0;0;1;-20,17789511;-40,26540667;SPRF-ES;DEL02-ES;UOP01-DEL02-ES
696139;06/06/2025;sexta-feira;03:30:00;MG;365;756,3;ITUIUTABA;Reação tardia ou ineficiente do condutor;Saída de leito carroçável;Sem Vítimas;Plena Noite;Crescente;Céu Claro;Dupla;"Reta;Interseção de Vias;Retorno Regulamentado";Não;1;0;0;0;0;1;0;1;-18,96563501;-49,50633;SPRF-MG;DEL15-MG;UOP03-DEL15-MG
696141;06/06/2025;sexta-feira;04:20:00;SC;280;31,9;ARAQUARI;Velocidade Incompatível;Capotamento;Com Vítimas Feridas;Plena Noite;Decrescente;Nublado;Simples;Curva;Não;2;0;1;0;1;0;1;1;-26,419692;-48,778697;SPRF-SC;DEL03-SC;UOP03-DEL03-SC
696142;06/06/2025;sexta-feira;05:00:00;CE;116;41;HORIZONTE;Transitar no Acostamento;Colisão frontal;Com Vítimas Feridas;Amanhecer;Decrescente;Nublado;Dupla;Curva;Sim;3;0;1;0;0;2;1;2;-4,1132156;-38,4894275;SPRF-CE;DEL01-CE;UOP02-DEL01-CE
696143;06/06/2025;sexta-feira;04:20:00;AL;316;244;ATALAIA;Ausência de reação do condutor;Colisão traseira;Com Vítimas Feridas;Plena Noite;Crescente;Céu Claro;Simples;Reta;Não;2;0;0;1;1;0;1;2;-9,51329426;-36,00296371;SPRF-AL;DEL01-AL;UOP01-DEL01-AL
696146;06/06/2025;sexta-feira;06:25:00;CE;116;41;HORIZONTE;Condutor deixou de manter distância do veículo da frente;Colisão traseira;Sem Vítimas;Pleno dia;Decrescente;Céu Claro;Múltipla;Curva;Sim;2;0;0;0;2;0;0;2;-4,1131882;-38,4893975;SPRF-CE;DEL01-CE;UOP02-DEL01-CE
696147;06/06/2025;sexta-feira;06:34:00;PB;230;26,4;JOAO PESSOA;Reação tardia ou ineficiente do condutor;Queda de ocupante de veículo;Com Vítimas Feridas;Pleno dia;Decrescente;Sol;Dupla;"Reta;Aclive";Sim;1;0;1;0;0;0;1;1;-7,168938;-34,882387;SPRF-PB;DEL01-PB;UOP01-DEL01-PB
696149;05/06/2025;quinta-feira;23:40:00;PR;153;353;REBOUCAS;Transtornos Mentais (exceto suicidio);Queda de ocupante de veículo;Sem Vítimas;Plena Noite;Crescente;Céu Claro;Simples;Reta;Não;1;0;0;0;1;0;0;1;-25,630961;-50,727088;SPRF-PR;DEL08-PR;UOP02-DEL08-PR
696151;06/06/2025;sexta-feira;06:45:00;PR;376;161;MARINGA;Reação tardia ou ineficiente do condutor;Queda de ocupante de veículo;Com Vítimas Feridas;Pleno dia;Crescente;Nublado;Dupla;Reta;Não;1;0;1;0;0;0;1;1;-23,38738739;-52,02174914;SPRF-PR;DEL09-PR;UOP02-DEL09-PR
696154;06/06/2025;sexta-feira;06:30:00;RS;158;446,7;ROSARIO DO SUL;Ausência de reação do condutor;Saída de leito carroçável;Com Vítimas Feridas;Amanhecer;Crescente;Nevoeiro/Neblina;Simples;Interseção de Vias;Não;4;0;1;0;3;0;1;1;-30,22977882;-54,73045349;SPRF-RS;DEL11-RS;UOP02-DEL11-RS