id;data_inversa;dia_semana;horario;uf;br;km;municipio;causa_acidente;tipo_acidente;classificacao_acidente;fase_dia;sentido_via;condicao_metereologica;tipo_pista;tracado_via;uso_solo;pessoas;mortos;feridos_leves;feridos_graves;ilesos;ignorados;feridos;veiculos;latitude;longitude;regional;delegacia;uop
696155;06/06/2025;sexta-feira;06:40:00;SC;280;24,1;ARAQUARI;Acessar a via sem observar a presença dos outros veículos;Colisão transversal;Com Vítimas Feridas;Amanhecer;Crescente;Céu Claro;Simples;Reta;Sim;2;0;1;0;1;0;1;2;-26,378233;-48,720792;SPRF-SC;DEL03-SC;UOP03-DEL03-SC
696156;06/06/2025;sexta-feira;06:25:00;MG;40;516,2;RIBEIRAO DAS NEVES;Manobra de mudança de faixa;Colisão lateral mesmo sentido;Com Vítimas Feridas;Pleno dia;Crescente;Céu Claro;Dupla;"Declive;Reta";Sim;3;0;1;0;2;0;1;2;-19,81530149;-44,09083843;SPRF-MG;DEL01-MG;UOP02-DEL01-MG
696157;06/06/2025;sexta-feira;05:00:00;ES;259;50,9;COLATINA;Entrada inopinada do pedestre;Atropelamento de Pedestre;Com Vítimas Feridas;Amanhecer;Decrescente;Ignorado;Simples;Reta;Não;2;0;1;0;0;1;1;2;-19,504339;-40,61366558;SPRF-ES;DEL02-ES;UOP01-DEL02-ES
696159;06/06/2025;sexta-feira;07:10:00;RJ;116;174,9;SAO JOAO DE MERITI;Manobra de mudança de faixa;Colisão lateral mesmo sentido;Com Vítimas Feridas;Amanhecer;Decrescente;Céu Claro;Múltipla;Reta;Sim;3;0;2;0;1;0;2;2;-22,77903044;-43,39532822;SPRF-RJ;DEL06-RJ;UOP01-DEL06-RJ
696160;06/06/2025;sexta-feira;01:10:00;RJ;465;5;SEROPEDICA;Ultrapassagem Indevida;Colisão frontal;Com Vítimas Feridas;Plena Noite;Decrescente;Céu Claro;Simples;Reta;Sim;3;0;2;1;0;0;3;2;-22,74482397;-43,70190589;SPRF-RJ;DEL06-RJ;UOP02-DEL06-RJ
696161;06/06/2025;sexta-feira;07:40:00;SP;153;75,1;BADY BASSITT;Ausência de reação do condutor;Colisão traseira;Com Vítimas Feridas;Pleno dia;Decrescente;Nublado;Dupla;Aclive;Sim;2;0;1;0;1;0;1;2;-20,89418221;-49,43387582;SPRF-SP;DEL09-SP;UOP01-DEL09-SP
696163;06/06/2025;sexta-feira;05:50:00;MS;376;140;IVINHEMA;Ausência de reação do condutor;Saída de leito carroçável;Com Vítimas Fatais;Pleno dia;Crescente;Céu Claro;Simples;Reta;Não;2;1;1;0;0;0;1;1;-22,39198367;-53,62564087;SPRF-MS;DEL04-MS;UOP04-DEL04-MS
696164;06/06/2025;sexta-feira;07:30:00;CE;116;1;FORTALEZA;Reação tardia ou ineficiente do condutor;Colisão traseira;Com Vítimas Feridas;Pleno dia;Decrescente;Sol;Múltipla;Reta;Sim;5;0;4;0;1;0;4;3;-3,764991;-38,5182;SPRF-CE;DEL01-CE;UOP02-DEL01-CE
696168;06/06/2025;sexta-feira;07:32:00;RN;101;104;PARNAMIRIM;Ausência de reação do condutor;Colisão traseira;Com Vítimas Feridas;Pleno dia;Decrescente;Céu Claro;Dupla;Reta;Sim;4;0;1;0;3;0;1;3;-5,89769457;-35,25826465;SPRF-RN;DEL01-RN;UOP01-DEL01-RN
696169;06/06/2025;sexta-feira;07:20:00;MG;251;498,5;FRANCISCO SA;Velocidade Incompatível;Saída de leito carroçável;Com Vítimas Feridas;Pleno dia;Crescente;Céu Claro;Simples;Reta;Não;5;0;5;0;0;0;5;1;-16,567083;-43,620432;SPRF-MG;DEL12-MG;UOP01-DEL12-MG
696170;06/06/2025;sexta-feira;07:45:00;RS;290;125,3;ELDORADO DO SUL;Acessar a via sem observar a presença dos outros veículos;Colisão transversal;Com Vítimas Feridas;Amanhecer;Decrescente;Céu Claro;Simples;Reta;Não;2;0;1;0;1;0;1;2;-30,0362262;-51,3276876;SPRF-RS;DEL02-RS;UOP01-DEL02-RS
696172;06/06/2025;sexta-feira;08:25:00;SE;235;49;ITABAIANA;Acessar a via sem observar a presença dos outros veículos;Colisão transversal;Com Vítimas Feridas;Pleno dia;Decrescente;Chuva;Simples;Reta;Sim;2;0;0;1;1;0;1;2;-10,7057143;-37,4274347;SPRF-SE;DEL01-SE;UOP02-DEL01-SE
696173;06/06/2025;sexta-feira;08:00:00;GO;60;381;RIO VERDE;Ausência de reação do condutor;Colisão com objeto;Com Vítimas Feridas;Pleno dia;Crescente;Céu Claro;Simples;Viaduto;Sim;1;0;1;0;0;0;1;1;-17,785995;-50,901562;SPRF-GO;DEL04-GO;UOP02-DEL04-GO
696174;05/06/2025;quinta-feira;17:30:00;SC;116;139,6;SANTA CECILIA;Condutor deixou de manter distância do veículo da frente;Colisão traseira;Sem Vítimas;Pleno dia;Decrescente;Garoa/Chuvisco;Simples;"Aclive;Reta";Sim;4;0;0;0;4;0;0;2;-26,9642962;-50,4114812;SPRF-SC;DEL06-SC;UOP02-DEL06-SC
696175;06/06/2025;sexta-feira;08:00:00;PR;376;629;SAO JOSE DOS PINHAIS;Reação tardia ou ineficiente do condutor;Tombamento;Com Vítimas Feridas;Pleno dia;Decrescente;Nublado;Dupla;Reta;Não;1;0;1;0;0;0;1;1;-25,696958;-49,144131;SPRF-PR;DEL01-PR;UOP04-DEL01-PR
696176;06/06/2025;sexta-feira;08:15:00;RN;110;49,3;MOSSORO;Acessar a via sem observar a presença dos outros veículos;Colisão lateral mesmo sentido;Com Vítimas Feridas;Pleno dia;Decrescente;Nublado;Dupla;"Reta;Retorno Regulamentado";Sim;2;0;0;1;0;1;1;2;-5,218768;-37,32782;SPRF-RN;DEL04-RN;UOP01-DEL04-RN
696179;06/06/2025;sexta-feira;08:00:00;PI;316;2,6;TERESINA;Condutor deixou de manter distância do veículo da frente;Colisão traseira;Com Vítimas Feridas;Pleno dia;Decrescente;Sol;Múltipla;Reta;Sim;2;0;1;0;0;1;1;2;-5,130383;-42,791962;SPRF-PI;DEL01-PI;UOP02-DEL01-PI
696180;06/06/2025;sexta-feira;08:05:00;GO;70;7;AGUAS LINDAS DE GOIAS;Manobra de mudança de faixa;Colisão traseira;Sem Vítimas;Pleno dia;Decrescente;Céu Claro;Dupla;"Curva;Declive";Sim;1;0;0;0;1;0;0;1;-15,73621469;-48,27645543;SPRF-DF;DEL03-DF;UOP02-DEL03-DF
696183;06/06/2025;sexta-feira;08:00:00;GO;70;7;AGUAS LINDAS DE GOIAS;Acessar a via sem observar a presença dos outros veículos;Colisão lateral mesmo sentido;Com Vítimas Feridas;Pleno dia;Decrescente;Céu Claro;Dupla;"Curva;Declive";Sim;2;0;1;0;1;0;1;2;-15,736179;-48,276638;SPRF-DF;DEL03-DF;UOP02-DEL03-DF
696187;06/06/2025;sexta-feira;01:30:00;RJ;40;108;DUQUE DE CAXIAS;Reação tardia ou ineficiente do condutor;Queda de ocupante de veículo;Com Vítimas Feridas;Anoitecer;Decrescente;Nublado;Simples;Curva;Sim;1;0;1;0;0;0;1;1;-22,671852;-43,284377;SPRF-RJ;DEL01-RJ;UOP02-DEL01-RJ
696189;06/06/2025;sexta-feira;07:15:00;PR;153;103,4;JAPIRA;Acessar a via sem observar a presença dos outros veículos;Colisão transversal;Com Vítimas Feridas;Pleno dia;Decrescente;Nublado;Simples;Reta;Não;3;0;2;0;1;0;2;2;-23,80003104;-50,17983913;SPRF-PR;DEL07-PR;UOP04-DEL07-PR
696190;06/06/2025;sexta-feira;08:00:00;PA;230;119;MARABA;Condutor deixou de manter distância do veículo da frente;Colisão traseira;Sem Vítimas;Pleno dia;Crescente;Céu Claro;Dupla;Reta;Sim;4;0;0;0;3;1;0;4;-5,35037015;-49,11355376;SPRF-PA;DEL03-PA;UOP01-DEL03-PA
696191;06/06/2025;sexta-feira;08:50:00;SC;101;200,6;SAO JOSE;Ausência de reação do condutor;Colisão traseira;Com Vítimas Feridas;Pleno dia;Crescente;Céu Claro;Dupla;Reta;Sim;3;0;1;0;2;0;1;3;-27,545394;-48,621486;SPRF-SC;DEL01-SC;UOP01-DEL01-SC
696192;05/06/2025;quinta-feira;22:28:00;MG;381;558;RIO MANSO;Manobra de mudança de faixa;Saída de leito carroçável;Sem Vítimas;Plena Noite;Decrescente;Céu Claro;Dupla;Curva;Não;1;0;0;0;0;1;0;1;-20,27097348;-44,42484856;SPRF-MG;DEL04-MG;UOP03-DEL04-MG
696193;06/06/2025;sexta-feira;09:35:00;BA;324;617;SALVADOR;Ausência de reação do condutor;Queda de ocupante de veículo;Com Vítimas Feridas;Pleno dia;Crescente;Chuva;Dupla;Reta;Sim;1;0;1;0;0;0;1;1;-12,897753;-38,449873;SPRF-BA;DEL01-BA;UOP01-DEL01-BA
696195;06/06/2025;sexta-feira;08:30:00;BA;324;621;SALVADOR;Trafegar com motocicleta (ou similar) entre as faixas;Colisão lateral mesmo sentido;Com Vítimas Feridas;Pleno dia;Crescente;Nublado;Dupla;Reta;Sim;3;0;2;0;1;0;2;2;-12,9170504;-38,46160054;SPRF-BA;DEL01-BA;UOP01-DEL01-BA
696196;06/06/2025;sexta-feira;10:10:00;MG;381;351,8;JOAO MONLEVADE;Manobra de mudança de faixa;Colisão lateral mesmo sentido;Com Vítimas Feridas;Pleno dia;Crescente;Céu Claro;Simples;Reta;Sim;2;0;1;0;1;0;1;2;-19,8499616;-43,1510481;SPRF-MG;DEL03-MG;UOP01-DEL03-MG
696197;06/06/2025;sexta-feira;09:50:00;SE;235;4;NOSSA SENHORA DO SOCORRO;Ausência de reação do condutor;Colisão traseira;Sem Vítimas;Pleno dia;Crescente;Céu Claro;Dupla;Reta;Sim;3;0;0;0;3;0;0;3;-10,90609105;-37,11309314;SPRF-SE;DEL01-SE;UOP01-DEL01-SE
696198;06/06/2025;sexta-feira;10:35:00;GO;40;3;VALPARAISO DE GOIAS;Ausência de reação do condutor;Colisão traseira;Sem Vítimas;Pleno dia;Decrescente;Céu Claro;Dupla;Reta;Sim;2;0;0;0;2;0;0;2;-16,08045808;-47,98620142;SPRF-DF;DEL01-DF;UOP01-DEL01-DF
696200;06/06/2025;sexta-feira;08:20:00;MG;356;266,1;MURIAE;Desrespeitar a preferência no cruzamento;Colisão transversal;Com Vítimas Feridas;Pleno dia;Decrescente;Céu Claro;Simples;"Curva;Interseção de Vias";Sim;2;0;0;1;1;0;1;2;-21,12850901;-42,36367889;SPRF-MG;DEL07-MG;UOP02-DEL07-MG
696206;06/06/2025;sexta-feira;10:45:00;PR;116;89;PIRAQUARA;Reação tardia ou ineficiente do condutor;Saída de leito carroçável;Com Vítimas Feridas;Pleno dia;Crescente;Nublado;Múltipla;"Reta;Aclive";Sim;1;0;1;0;0;0;1;1;-25,479833;-49,101707;SPRF-PR;DEL01-PR;UOP07-DEL01-PR
696207;06/06/2025;sexta-feira;10:00:00;RJ;116;21;NOVA IGUACU;Acessar a via sem observar a presença dos outros veículos;Colisão transversal;Com Vítimas Feridas;Pleno dia;Decrescente;Nublado;Simples;Reta;Sim;3;0;1;0;2;0;1;2;-22,85681716;-43,60189788;SPRF-RJ;DEL05-RJ;UOP01-DEL05-RJ
696209;24/04/2025;quinta-feira;00:20:00;RJ;101;310;SAO GONCALO;Condutor deixou de manter distância do veículo da frente;Colisão traseira;Com Vítimas Feridas;Plena Noite;Crescente;Céu Claro;Dupla;Reta;Sim;2;0;1;0;1;0;1;2;-22,80108175;-43,05387497;SPRF-RJ;DEL02-RJ;UOP02-DEL02-RJ
696211;06/06/2025;sexta-feira;10:30:00;BA;407;102;JAGUARARI;Conversão proibida;Colisão transversal;Com Vítimas Feridas;Pleno dia;Decrescente;Nublado;Simples;"Reta;Declive";Sim;3;0;0;1;2;0;1;2;-10,2542918;-40,19287348;SPRF-BA;DEL04-BA;UOP01-DEL04-BA
696212;06/06/2025;sexta-feira;09:30:00;MG;116;314;ITAMBACURI;Mal súbito do condutor;Saída de leito carroçável;Com Vítimas Feridas;Pleno dia;Crescente;Céu Claro;Simples;Reta;Não;1;0;1;0;0;0;1;1;-18,104285;-41,690327;SPRF-MG;DEL11-MG;UOP01-DEL11-MG
696213;06/06/2025;sexta-feira;09:50:00;MA;316;597;TIMON;Demais falhas mecânicas ou elétricas;Tombamento;Com Vítimas Feridas;Pleno dia;Decrescente;Céu Claro;Simples;Reta;Não;2;0;2;0;0;0;2;1;-5,02006734;-42,97942758;SPRF-MA;DEL03-MA;UOP02-DEL03-MA
696214;06/06/2025;sexta-feira;11:58:00;SP;381;52;ATIBAIA;Reação tardia ou ineficiente do condutor;Colisão traseira;Sem Vítimas;Pleno dia;Decrescente;Garoa/Chuvisco;Dupla;"Curva;Declive";Não;2;0;0;0;1;1;0;2;-23,2344988;-46,6018743;SPRF-SP;DEL03-SP;UOP01-DEL03-SP
696216;06/06/2025;sexta-feira;12:20:00;ES;101;140,5;LINHARES;Reação tardia ou ineficiente do condutor;Colisão traseira;Com Vítimas Feridas;Pleno dia;Crescente;Céu Claro;Simples;Reta;Sim;3;0;0;1;2;0;1;2;-19,322767;-40,073838;SPRF-ES;DEL04-ES;UOP01-DEL04-ES
696217;06/06/2025;sexta-feira;12:20:00;SC;101;49;JOINVILLE;Avarias e/ou desgaste excessivo no pneu;Tombamento;Com Vítimas Feridas;Pleno dia;Crescente;Nublado;Dupla;Curva;Não;2;0;1;0;1;0;1;1;-26,38447797;-48,84993251;SPRF-SC;DEL03-SC;UOP01-DEL03-SC
696219;06/06/2025;sexta-feira;13:00:00;MG;116;554,1;SANTA BARBARA DO LESTE;Ausência de reação do condutor;Tombamento;Com Vítimas Feridas;Pleno dia;Crescente;Céu Claro;Simples;Curva;Não;1;0;1;0;0;0;1;1;-20,00885892;-42,14271784;SPRF-MG;DEL06-MG;UOP02-DEL06-MG
696220;26/05/2025;segunda-feira;09:00:00;RJ;116;186;NOVA IGUACU;Ultrapassagem Indevida;Colisão lateral mesmo sentido;Com Vítimas Feridas;Pleno dia;Crescente;Céu Claro;Dupla;Reta;Não;2;0;0;1;1;0;1;2;-22,737781;-43,48795128;SPRF-RJ;DEL06-RJ;UOP01-DEL06-RJ
696221;06/06/2025;sexta-feira;12:30:00;RJ;116;324;ITATIAIA;Demais falhas mecânicas ou elétricas;Colisão traseira;Sem Vítimas;Pleno dia;Decrescente;Céu Claro;Simples;Reta;Não;9;0;0;0;9;0;0;3;-22,49514086;-44,569599;SPRF-RJ;DEL07-RJ;UOP02-DEL07-RJ
696222;05/06/2025;quinta-feira;21:00:00;PI;407;557;PAULISTANA;Animais na Pista;Atropelamento de Animal;Com Vítimas Feridas;Plena Noite;Crescente;Céu Claro;Simples;Reta;Não;2;0;2;0;0;0;2;1;-8,03014;-41,17701;SPRF-PI;DEL04-PI;UOP01-DEL04-PI
696223;06/06/2025;sexta-feira;11:10:00;RO;364;343;JI-PARANA;Acesso irregular;Colisão traseira;Com Vítimas Feridas;Pleno dia;Decrescente;Céu Claro;Múltipla;"Reta;Interseção de Vias";Sim;2;0;1;0;1;0;1;2;-10,879717;-61,943967;SPRF-RO;DEL02-RO;UOP01-DEL02-RO
696224;06/06/2025;sexta-feira;10:00:00;RO;364;377,7;OURO PRETO DO OESTE;Ingestão de álcool pelo condutor;Colisão com objeto;Sem Vítimas;Pleno dia;Crescente;Céu Claro;Simples;Declive;Não;2;0;0;0;2;0;0;1;-10,741856;-62,206939;SPRF-RO;DEL02-RO;UOP01-DEL02-RO
696225;06/06/2025;sexta-feira;11:40:00;GO;40;3;VALPARAISO DE GOIAS;Condutor deixou de manter distância do veículo da frente;Engavetamento;Com Vítimas Feridas;Pleno dia;Crescente;Céu Claro;Dupla;Reta;Não;3;0;1;0;2;0;1;3;-16,0726179;-47,9866659;SPRF-DF;DEL01-DF;UOP01-DEL01-DF
696226;06/06/2025;sexta-feira;13:15:00;SC;280;55,5;GUARAMIRIM;Desrespeitar a preferência no cruzamento;Colisão transversal;Com Vítimas Feridas;Pleno dia;Crescente;Céu Claro;Dupla;Rotatória;Sim;2;0;1;0;1;0;1;2;-26,478892;-49,001024;SPRF-SC;DEL03-SC;UOP03-DEL03-SC
696228;06/06/2025;sexta-feira;10:45:00;RJ;101;60;CAMPOS DOS GOYTACAZES;Reação tardia ou ineficiente do condutor;Queda de ocupante de veículo;Com Vítimas Feridas;Pleno dia;Crescente;Céu Claro;Simples;Curva;Sim;2;0;1;0;1;0;1;2;-21,7227882;-41,3185784;SPRF-RJ;DEL08-RJ;UOP01-DEL08-RJ
696229;06/06/2025;sexta-feira;13:15:00;MG;116;277;TEOFILO OTONI;Ausência de reação do condutor;Colisão lateral mesmo sentido;Com Vítimas Feridas;Pleno dia;Decrescente;Céu Claro;Simples;Reta;Sim;2;0;1;0;1;0;1;2;-17,86530715;-41,51601665;SPRF-MG;DEL11-MG;UOP01-DEL11-MG
696231;06/06/2025;sexta-feira;10:40:00;MS;158;141,3;APARECIDA DO TABOADO;Ausência de reação do condutor;Engavetamento;Com Vítimas Feridas;Pleno dia;Crescente;Céu Claro;Simples;"Reta;Em Obras";Sim;8;0;3;0;4;1;3;4;-20,041597;-51,113759;SPRF-MS;DEL08-MS;UOP01-DEL08-MS
696232;06/06/2025;sexta-feira;11:15:00;AC;364;136;RIO BRANCO;Desrespeitar a preferência no cruzamento;Colisão transversal;Com Vítimas Feridas;Pleno dia;Decrescente;Céu Claro;Simples;Rotatória;Sim;3;0;1;0;2;0;1;2;-9,97728285;-67,8493309;SPRF-AC;DEL01-AC;UOP01-DEL01-AC
696234;06/06/2025;sexta-feira;13:15:00;SP;381;90;SAO PAULO;Acessar a via sem observar a presença dos outros veículos;Colisão lateral mesmo sentido;Com Vítimas Feridas;Pleno dia;Decrescente;Nublado;Múltipla;Reta;Não;2;0;1;0;1;0;1;2;-23,4949123;-46,5607968;SPRF-SP;DEL03-SP;UOP01-DEL03-SP
696235;06/06/2025;sexta-feira;08:12:00;MA;10;250;IMPERATRIZ;Ultrapassagem Indevida;Colisão transversal;Com Vítimas Feridas;Pleno dia;Crescente;Céu Claro;Múltipla;Reta;Sim;2;0;0;1;1;0;1;2;-5,541168;-47,465956;SPRF-MA;DEL04-MA;UOP01-DEL04-MA
696238;06/06/2025;sexta-feira;13:15:00;PE;423;93,2;GARANHUNS;Ultrapassagem Indevida;Queda de ocupante de veículo;Com Vítimas Feridas;Pleno dia;Crescente;Céu Claro;Simples;"Reta;Declive";Sim;3;0;1;0;0;2;1;2;-8,87140789;-36,46588683;SPRF-PE;DEL03-PE;UOP01-DEL03-PE
696241;06/06/2025;sexta-feira;13:24:00;SP;116;497;CAJATI;Reação tardia ou ineficiente do condutor;Tombamento;Com Vítimas Feridas;Pleno dia;Decrescente;Garoa/Chuvisco;Dupla;Curva;Não;1;0;1;0;0;0;1;1;-24,75816164;-48,1635445;SPRF-SP;DEL05-SP;UOP01-DEL05-SP
696245;06/06/2025;sexta-feira;14:00:00;BA;324;620;SALVADOR;Demais falhas mecânicas ou elétricas;Colisão frontal;Com Vítimas Feridas;Pleno dia;Decrescente;Céu Claro;Dupla;"Reta;Viaduto";Sim;7;0;2;0;5;0;2;2;-12,915462;-38,461427;SPRF-BA;DEL01-BA;UOP01-DEL01-BA
696246;06/06/2025;sexta-feira;14:30:00;PR;277;82,6;CURITIBA;Manobra de mudança de faixa;Colisão lateral mesmo sentido;Com Vítimas Feridas;Pleno dia;Crescente;Nublado;Dupla;Reta;Sim;2;0;2;0;0;0;2;2;-25,46018337;-49,22024902;SPRF-PR;DEL01-PR;UOP03-DEL01-PR
696247;06/06/2025;sexta-feira;13:00:00;SP;101;48;UBATUBA;Trafegar com motocicleta (ou similar) entre as faixas;Colisão lateral mesmo sentido;Com Vítimas Feridas;Pleno dia;Crescente;Nublado;Simples;Reta;Sim;2;0;0;1;1;0;1;2;-23,44127066;-45,08661316;SPRF-SP;DEL06-SP;UOP01-DEL06-SP
696248;06/06/2025;sexta-feira;10:00:00;RO;319;57;PORTO VELHO;Reação tardia ou ineficiente do condutor;Colisão traseira;Com Vítimas Feridas;Pleno dia;Decrescente;Céu Claro;Simples;"Reta;Aclive";Sim;2;0;1;0;1;0;1;2;-8,73962893;-63,93156901;SPRF-RO;DEL01-RO;UOP01-DEL01-RO
696249;06/06/2025;sexta-feira;15:00:00;GO;60;385;RIO VERDE;Estacionar ou parar em local proibido;Eventos atípicos;Com Vítimas Feridas;Pleno dia;Decrescente;Céu Claro;Múltipla;"Curva;Aclive";Sim;2;0;1;0;1;0;1;2;-17,811853;-50,928432;SPRF-GO;DEL04-GO;UOP02-DEL04-GO
696251;06/06/2025;sexta-feira;10:30:00;MS;267;445;GUIA LOPES DA LAGUNA;Manobra de mudança de faixa;Colisão lateral mesmo sentido;Com Vítimas Feridas;Pleno dia;Decrescente;Céu Claro;Simples;Reta;Não;8;0;0;1;7;0;1;3;-21,47975547;-55,85129285;SPRF-MS;DEL05-MS;UOP01-DEL05-MS
696253;06/06/2025;sexta-feira;15:40:00;RJ;116;188;NOVA IGUACU;Pista Escorregadia;Queda de ocupante de veículo;Com Vítimas Feridas;Pleno dia;Decrescente;Céu Claro;Múltipla;Reta;Sim;2;0;1;0;1;0;1;1;-22,74398293;-43,51360409;SPRF-RJ;DEL06-RJ;UOP01-DEL06-RJ
696255;06/06/2025;sexta-feira;13:25:00;RO;364;14;VILHENA;Acessar a via sem observar a presença dos outros veículos;Colisão transversal;Com Vítimas Feridas;Pleno dia;Crescente;Céu Claro;Dupla;Interseção de Vias;Sim;2;0;2;0;0;0;2;2;-12,73894688;-60,13953835;SPRF-RO;DEL04-RO;UOP01-DEL04-RO
696256;06/06/2025;sexta-feira;16:00:00;SC;101;111,1;NAVEGANTES;Entrada inopinada do pedestre;Atropelamento de Pedestre;Com Vítimas Feridas;Pleno dia;Crescente;Nublado;Múltipla;Reta;Sim;2;0;1;0;1;0;1;2;-26,84221516;-48,71638834;SPRF-SC;DEL04-SC;UOP04-DEL04-SC
696257;06/06/2025;sexta-feira;13:10:00;MS;376;171;NOVA ANDRADINA;Avarias e/ou desgaste excessivo no pneu;Tombamento;Com Vítimas Feridas;Pleno dia;Decrescente;Céu Claro;Simples;"Retorno Regulamentado;Interseção de Vias;Reta";Não;2;0;1;1;0;0;2;1;-22,27523736;-53,37068081;SPRF-MS;DEL04-MS;UOP04-DEL04-MS
696258;06/06/2025;sexta-feira;15:28:00;BA;101;495;ITABUNA;Acessar a via sem observar a presença dos outros veículos;Colisão transversal;Com Vítimas Feridas;Pleno dia;Crescente;Céu Claro;Simples;Reta;Sim;4;0;2;0;2;0;2;2;-14,811136;-39,2855552;SPRF-BA;DEL05-BA;UOP01-DEL05-BA
696261;06/06/2025;sexta-feira;11:50:00;GO;153;513;APARECIDA DE GOIANIA;Demais falhas mecânicas ou elétricas;Incêndio;Sem Vítimas;Pleno dia;Crescente;Céu Claro;Dupla;Reta;Sim;1;0;0;0;1;0;0;1;-16,82618427;-49,24229765;SPRF-GO;DEL01-GO;UOP03-DEL01-GO
696262;06/06/2025;sexta-feira;16:15:00;CE;116;35;AQUIRAZ;Ausência de reação do condutor;Colisão traseira;Com Vítimas Feridas;Pleno dia;Crescente;Céu Claro;Múltipla;Reta;Não;2;0;1;0;0;1;1;2;-4,0573632;-38,5050506;SPRF-CE;DEL01-CE;UOP02-DEL01-CE
696264;06/06/2025;sexta-feira;14:30:00;GO;60;304;ACREUNA;Reação tardia ou ineficiente do condutor;Colisão com objeto;Com Vítimas Feridas;Pleno dia;Crescente;Sol;Dupla;Aclive;Sim;3;0;1;0;1;1;1;2;-17,394063;-50,383105;SPRF-GO;DEL04-GO;UOP02-DEL04-GO
696266;18/05/2025;domingo;14:10:00;MG;40;452,6;CAETANOPOLIS;Demais falhas mecânicas ou elétricas;Saída de leito carroçável;Sem Vítimas;Pleno dia;Crescente;Céu Claro;Dupla;Reta;Não;1;0;0;0;1;0;0;1;-19,30434;-44,37636;SPRF-MG;DEL02-MG;UOP01-DEL02-MG
696267;06/06/2025;sexta-feira;17:00:00;SP;116;226;GUARULHOS;Ausência de reação do condutor;Colisão traseira;Sem Vítimas;Pleno dia;Decrescente;Nublado;Múltipla;Reta;Sim;3;0;0;0;3;0;0;2;-23,49635;-46,556326;SPRF-SP;DEL01-SP;UOP01-DEL01-SP
696268;06/06/2025;sexta-feira;11:30:00;RN;304;126,1;ITAJA;Demais falhas mecânicas ou elétricas;Incêndio;Sem Vítimas;Pleno dia;Decrescente;Céu Claro;Simples;Declive;Não;1;0;0;0;1;0;0;1;-5,65583228;-36,80593729;SPRF-RN;DEL04-RN;UOP01-DEL04-RN
696273;06/06/2025;sexta-feira;15:20:00;RS;290;210;PANTANO GRANDE;Entrada inopinada do pedestre;Atropelamento de Pedestre;Com Vítimas Feridas;Pleno dia;Crescente;Sol;Simples;Reta;Não;10;0;2;0;8;0;2;3;-30,17506194;-52,32775782;SPRF-RS;DEL02-RS;UOP03-DEL02-RS
696275;06/06/2025;sexta-feira;16:40:00;RS;116;262;CANOAS;Acesso irregular;Colisão lateral mesmo sentido;Com Vítimas Feridas;Pleno dia;Decrescente;Céu Claro;Dupla;Reta;Sim;2;0;1;0;1;0;1;2;-29,900473;-51,176294;SPRF-RS;DEL01-RS;UOP01-DEL01-RS
696278;06/06/2025;sexta-feira;16:15:00;BA;242;229;ITABERABA;Acumulo de areia ou detritos sobre o pavimento;Colisão com objeto;Com Vítimas Feridas;Pleno dia;Decrescente;Céu Claro;Simples;Curva;Sim;2;0;2;0;0;0;2;1;-12,509868;-40,302187;SPRF-BA;DEL06-BA;UOP02-DEL06-BA
696279;06/06/2025;sexta-feira;15:10:00;RS;468;67,3;CAMPO NOVO;Acessar a via sem observar a presença dos outros veículos;Colisão lateral sentido oposto;Com Vítimas Feridas;Pleno dia;Crescente;Céu Claro;Simples;Interseção de Vias;Não;4;0;1;2;1;0;3;2;-27,73522;-53,84;SPRF-RS;DEL08-RS;UOP02-DEL08-RS
696280;06/06/2025;sexta-feira;17:40:00;RS;293;1,8;PELOTAS;Manobra de mudança de faixa;Colisão transversal;Com Vítimas Feridas;Anoitecer;Decrescente;Céu Claro;Simples;Reta;Sim;2;0;1;0;1;0;1;2;-31,612719;-52,3052091;SPRF-RS;DEL07-RS;UOP01-DEL07-RS
696282;06/06/2025;sexta-feira;16:45:00;MS;163;473,2;CAMPO GRANDE;Ausência de reação do condutor;Saída de leito carroçável;Com Vítimas Feridas;Pleno dia;Crescente;Chuva;Simples;Reta;Sim;2;0;2;0;0;0;2;1;-20,5353486;-54,56372738;SPRF-MS;DEL01-MS;UOP01-DEL01-MS
696283;06/06/2025;sexta-feira;17:35:00;DF;20;12;BRASILIA;Condutor deixou de manter distância do veículo da frente;Colisão traseira;Com Vítimas Feridas;Anoitecer;Crescente;Céu Claro;Dupla;Reta;Sim;2;0;1;0;1;0;1;2;-15,63064138;-47,73181915;SPRF-DF;DEL02-DF;UOP01-DEL02-DF
696285;06/06/2025;sexta-feira;17:40:00;SC;470;136,5;RIO DO SUL;Desrespeitar a preferência no cruzamento;Colisão transversal;Com Vítimas Feridas;Plena Noite;Decrescente;Céu Claro;Simples;Reta;Sim;2;0;0;1;1;0;1;2;-27,1883635;-49,61108135;SPRF-SC;DEL04-SC;UOP02-DEL04-SC
696286;06/06/2025;sexta-feira;10:15:00;MG;354;723,7;POUSO ALTO;Acessar a via sem observar a presença dos outros veículos;Atropelamento de Pedestre;Com Vítimas Feridas;Pleno dia;Decrescente;Sol;Simples;Reta;Não;2;0;1;0;1;0;1;2;-22,11568121;-44,95725542;SPRF-MG;DEL17-MG;UOP01-DEL17-MG