id;data_inversa;dia_semana;horario;uf;br;km;municipio;causa_acidente;tipo_acidente;classificacao_acidente;fase_dia;sentido_via;condicao_metereologica;tipo_pista;tracado_via;uso_solo;pessoas;mortos;feridos_leves;feridos_graves;ilesos;ignorados;feridos;veiculos;latitude;longitude;regional;delegacia;uop
696288;06/06/2025;sexta-feira;18:00:00;RJ;116;282;BARRA MANSA;Acumulo de água sobre o pavimento;Colisão lateral mesmo sentido;Com Vítimas Feridas;Plena Noite;Crescente;Chuva;Dupla;"Curva;Declive";Não;4;0;1;0;3;0;1;2;-22,52105513;-44,20448396;SPRF-RJ;DEL07-RJ;UOP02-DEL07-RJ
696289;06/06/2025;sexta-feira;17:35:00;MG;381;492,5;BETIM;Ausência de reação do condutor;Colisão traseira;Com Vítimas Feridas;Anoitecer;Decrescente;Céu Claro;Dupla;Reta;Sim;2;0;1;0;1;0;1;2;-19,96297881;-44,16416869;SPRF-MG;DEL01-MG;UOP03-DEL01-MG
696291;06/06/2025;sexta-feira;16:00:00;PI;343;281;CAMPO MAIOR;Transtornos Mentais (exceto suicidio);Queda de ocupante de veículo;Com Vítimas Feridas;Pleno dia;Decrescente;Céu Claro;Dupla;Reta;Não;3;0;1;0;2;0;1;1;-4,92132;-42,266418;SPRF-PI;DEL01-PI;UOP03-DEL01-PI
696294;06/06/2025;sexta-feira;17:30:00;RS;285;656;SAO BORJA;Afundamento ou ondulação no pavimento;Queda de ocupante de veículo;Com Vítimas Feridas;Anoitecer;Crescente;Nublado;Simples;Reta;Não;2;0;1;0;1;0;1;1;-28,6752768;-55,9710208;SPRF-RS;DEL12-RS;UOP01-DEL12-RS
696295;06/06/2025;sexta-feira;18:00:00;PR;376;214,5;JANDAIA DO SUL;Ausência de reação do condutor;Colisão traseira;Com Vítimas Feridas;Anoitecer;Crescente;Céu Claro;Dupla;Reta;Não;2;0;0;1;1;0;1;2;-23,57797754;-51,65284244;SPRF-PR;DEL09-PR;UOP01-DEL09-PR
696296;06/06/2025;sexta-feira;18:20:00;RS;470;213;BENTO GONCALVES;Ingestão de álcool pelo condutor;Colisão transversal;Com Vítimas Feridas;Anoitecer;Decrescente;Nublado;Simples;"Aclive;Curva;Interseção de Vias";Não;2;0;1;0;1;0;1;2;-29,14490367;-51,53367726;SPRF-RS;DEL06-RS;UOP01-DEL06-RS
696298;06/06/2025;sexta-feira;19:05:00;DF;20;10,3;BRASILIA;Trafegar com motocicleta (ou similar) entre as faixas;Colisão lateral mesmo sentido;Com Vítimas Feridas;Plena Noite;Decrescente;Céu Claro;Dupla;"Declive;Reta";Sim;5;0;1;0;4;0;1;2;-15,6498092;-47,7710816;SPRF-DF;DEL02-DF;UOP01-DEL02-DF
696299;06/06/2025;sexta-feira;18:55:00;SC;101;343,6;TUBARAO;Acessar a via sem observar a presença dos outros veículos;Colisão transversal;Com Vítimas Feridas;Plena Noite;Decrescente;Céu Claro;Dupla;Retorno Regulamentado;Não;2;0;1;0;1;0;1;2;-28,54944015;-49,05332979;SPRF-SC;DEL02-SC;UOP01-DEL02-SC
696300;06/06/2025;sexta-feira;18:21:00;RS;285;120,6;VACARIA;Acessar a via sem observar a presença dos outros veículos;Colisão transversal;Com Vítimas Feridas;Plena Noite;Crescente;Céu Claro;Simples;Interseção de Vias;Sim;4;0;4;0;0;0;4;2;-28,5095255;-50,9314448;SPRF-RS;DEL05-RS;UOP03-DEL05-RS
696301;06/06/2025;sexta-feira;18:30:00;CE;116;28;AQUIRAZ;Pedestre andava na pista;Atropelamento de Pedestre;Com Vítimas Fatais;Anoitecer;Decrescente;Céu Claro;Dupla;Reta;Não;2;1;0;0;1;0;0;2;-4,000942;-38,51648;SPRF-CE;DEL01-CE;UOP02-DEL01-CE
696303;06/06/2025;sexta-feira;18:00:00;RS;290;373,2;VILA NOVA DO SUL;Reação tardia ou ineficiente do condutor;Colisão transversal;Com Vítimas Feridas;Anoitecer;Decrescente;Céu Claro;Simples;Reta;Sim;4;0;0;1;2;1;1;3;-30,34459557;-53,8905351;SPRF-RS;DEL09-RS;UOP02-DEL09-RS
696304;06/06/2025;sexta-feira;18:40:00;PB;230;21,9;JOAO PESSOA;Ausência de reação do condutor;Colisão traseira;Com Vítimas Feridas;Plena Noite;Crescente;Céu Claro;Dupla;Reta;Sim;3;0;1;1;1;0;2;2;-7,1516073;-34,8531611;SPRF-PB;DEL01-PB;UOP01-DEL01-PB
696305;06/06/2025;sexta-feira;18:00:00;CE;222;1,9;FORTALEZA;Ausência de reação do condutor;Colisão traseira;Sem Vítimas;Plena Noite;Crescente;Céu Claro;Múltipla;Reta;Sim;2;0;0;0;2;0;0;2;-3,7390206;-38,5861361;SPRF-CE;DEL01-CE;UOP01-DEL01-CE
696307;06/06/2025;sexta-feira;16:50:00;RN;304;24;MOSSORO;Ausência de reação do condutor;Saída de leito carroçável;Com Vítimas Feridas;Anoitecer;Decrescente;Céu Claro;Dupla;Rotatória;Não;1;0;1;0;0;0;1;1;-5,06673;-37,330935;SPRF-RN;DEL04-RN;UOP02-DEL04-RN
696309;06/06/2025;sexta-feira;18:50:00;PI;316;1;TERESINA;Reação tardia ou ineficiente do condutor;Colisão traseira;Com Vítimas Feridas;Plena Noite;Decrescente;Céu Claro;Simples;Reta;Sim;3;0;0;2;1;0;2;2;-5,2678838;-42,727537;SPRF-PI;DEL01-PI;UOP02-DEL01-PI
696311;06/06/2025;sexta-feira;18:30:00;PI;343;347,9;TERESINA;Acumulo de areia ou detritos sobre o pavimento;Tombamento;Com Vítimas Feridas;Plena Noite;Decrescente;Céu Claro;Dupla;Reta;Sim;2;0;2;0;0;0;2;1;-5,11829;-42,786168;SPRF-PI;DEL01-PI;UOP01-DEL01-PI
696314;06/06/2025;sexta-feira;19:50:00;BA;407;102;JAGUARARI;Ingestão de álcool pelo condutor;Colisão frontal;Com Vítimas Feridas;Plena Noite;Decrescente;Céu Claro;Simples;Reta;Sim;3;0;0;1;2;0;1;2;-10,2552;-40,1935;SPRF-BA;DEL04-BA;UOP01-DEL04-BA
696315;06/06/2025;sexta-feira;20:00:00;RS;116;262;CANOAS;Ausência de reação do condutor;Colisão traseira;Com Vítimas Feridas;Plena Noite;Decrescente;Céu Claro;Dupla;Reta;Sim;1;0;1;0;0;0;1;1;-29,9037993;-51,17659646;SPRF-RS;DEL01-RS;UOP01-DEL01-RS
696316;06/06/2025;sexta-feira;19:00:00;PR;153;349;REBOUCAS;Deficiência do Sistema de Iluminação/Sinalização;Colisão traseira;Sem Vítimas;Plena Noite;Crescente;Céu Claro;Simples;Reta;Não;6;0;0;0;6;0;0;2;-25,595;-50,688;SPRF-PR;DEL08-PR;UOP02-DEL08-PR
696318;06/06/2025;sexta-feira;20:00:00;PB;230;20;JOAO PESSOA;Manobra de mudança de faixa;Colisão traseira;Com Vítimas Feridas;Plena Noite;Crescente;Céu Claro;Dupla;"Viaduto;Aclive;Reta";Sim;2;0;1;0;1;0;1;2;-7,13807639;-34,85323045;SPRF-PB;DEL01-PB;UOP01-DEL01-PB
696319;06/06/2025;sexta-feira;20:30:00;GO;70;6;AGUAS LINDAS DE GOIAS;Ausência de reação do condutor;Colisão traseira;Sem Vítimas;Plena Noite;Crescente;Céu Claro;Dupla;Reta;Sim;2;0;0;0;2;0;0;2;-15,7952612;-48,1990718;SPRF-DF;DEL03-DF;UOP02-DEL03-DF
696322;06/06/2025;sexta-feira;18:00:00;RS;293;437;QUARAI;Condutor deixou de manter distância do veículo da frente;Colisão traseira;Com Vítimas Feridas;Plena Noite;Crescente;Nublado;Simples;Reta;Não;5;0;2;0;3;0;2;2;-30,3847753;-56,4562003;SPRF-RS;DEL11-RS;UOP01-DEL11-RS
696323;06/06/2025;sexta-feira;17:00:00;CE;222;310,7;TIANGUA;Reação tardia ou ineficiente do condutor;Tombamento;Com Vítimas Feridas;Anoitecer;Crescente;Céu Claro;Simples;"Reta;Viaduto";Sim;1;0;1;0;0;0;1;1;-3,715701;-40,990035;SPRF-CE;DEL04-CE;UOP02-DEL04-CE
696327;06/06/2025;sexta-feira;19:50:00;SP;381;61;MAIRIPORA;Ausência de reação do condutor;Capotamento;Com Vítimas Feridas;Plena Noite;Decrescente;Chuva;Dupla;Curva;Sim;1;0;1;0;0;0;1;1;-23,29235499;-46,57565564;SPRF-SP;DEL03-SP;UOP01-DEL03-SP
696328;06/06/2025;sexta-feira;14:30:00;PB;104;172,3;BARRA DE SANTANA;Reação tardia ou ineficiente do condutor;Colisão com objeto;Com Vítimas Feridas;Pleno dia;Decrescente;Sol;Simples;Curva;Não;1;0;1;0;0;0;1;1;-7,59146;-36,04186;SPRF-PB;DEL02-PB;UOP03-DEL02-PB
696329;06/06/2025;sexta-feira;15:00:00;SC;282;309,5;VARGEM;Ausência de reação do condutor;Saída de leito carroçável;Com Vítimas Fatais;Pleno dia;Crescente;Nublado;Simples;"Reta;Ponte";Não;1;1;0;0;0;0;0;1;-27,48244229;-50,98213077;SPRF-SC;DEL07-SC;UOP06-DEL07-SC
696330;06/06/2025;sexta-feira;19:00:00;PE;428;100;SANTA MARIA DA BOA VISTA;Ultrapassagem Indevida;Capotamento;Com Vítimas Feridas;Plena Noite;Crescente;Céu Claro;Simples;Reta;Não;1;0;0;1;0;0;1;1;-8,83635041;-39,95570898;SPRF-PE;DEL06-PE;UOP03-DEL06-PE
696331;06/06/2025;sexta-feira;19:30:00;RO;364;344;JI-PARANA;Condutor desrespeitou a iluminação vermelha do semáforo;Colisão transversal;Com Vítimas Feridas;Plena Noite;Crescente;Céu Claro;Dupla;Interseção de Vias;Não;2;0;2;0;0;0;2;2;-10,870213;-61,957833;SPRF-RO;DEL02-RO;UOP01-DEL02-RO
696333;06/06/2025;sexta-feira;19:15:00;RO;425;90;GUAJARA-MIRIM;Acessar a via sem observar a presença dos outros veículos;Colisão traseira;Com Vítimas Feridas;Plena Noite;Crescente;Céu Claro;Simples;Reta;Não;2;0;1;0;1;0;1;2;-10,46244961;-65,34461975;SPRF-RO;DEL01-RO;UOP03-DEL01-RO
696334;06/06/2025;sexta-feira;17:50:00;MG;365;441,6;GUIMARANIA;Mal súbito do condutor;Saída de leito carroçável;Com Vítimas Feridas;Pleno dia;Decrescente;Céu Claro;Simples;Reta;Não;2;0;0;1;1;0;1;1;-18,79842652;-46,74184084;SPRF-MG;DEL10-MG;UOP01-DEL10-MG
696339;06/06/2025;sexta-feira;20:30:00;PI;343;4,6;TERESINA;Condutor deixou de manter distância do veículo da frente;Colisão lateral mesmo sentido;Com Vítimas Feridas;Plena Noite;Crescente;Céu Claro;Múltipla;"Aclive;Reta";Sim;3;0;1;0;0;2;1;2;-5,081003;-42,792398;SPRF-PI;DEL01-PI;UOP01-DEL01-PI
696340;06/06/2025;sexta-feira;21:25:00;RS;290;111;ELDORADO DO SUL;Acessar a via sem observar a presença dos outros veículos;Colisão transversal;Com Vítimas Feridas;Plena Noite;Decrescente;Céu Claro;Dupla;"Interseção de Vias;Viaduto;Reta";Não;4;0;1;0;3;0;1;2;-30,0379849;-51,32800376;SPRF-RS;DEL02-RS;UOP01-DEL02-RS
696341;06/06/2025;sexta-feira;19:08:00;RJ;493;98;SEROPEDICA;Ausência de reação do condutor;Colisão traseira;Com Vítimas Feridas;Plena Noite;Decrescente;Céu Claro;Múltipla;Interseção de Vias;Não;4;0;3;0;0;1;3;4;-22,729009;-43,71496;SPRF-RJ;DEL01-RJ;UOP03-DEL01-RJ
696342;06/06/2025;sexta-feira;19:50:00;RJ;116;229;PIRAI;Acumulo de óleo sobre o pavimento;Queda de ocupante de veículo;Com Vítimas Feridas;Plena Noite;Decrescente;Nublado;Dupla;"Declive;Curva";Não;1;0;1;0;0;0;1;1;-22,67836;-43,83544;SPRF-RJ;DEL07-RJ;UOP01-DEL07-RJ
696343;06/06/2025;sexta-feira;19:50:00;MG;354;732,3;POUSO ALTO;Velocidade Incompatível;Saída de leito carroçável;Com Vítimas Feridas;Plena Noite;Crescente;Nublado;Simples;"Aclive;Curva";Não;5;0;1;0;4;0;1;1;-22,17359653;-44,96418625;SPRF-MG;DEL17-MG;UOP01-DEL17-MG
696346;06/06/2025;sexta-feira;21:06:00;CE;222;4;CAUCAIA;Condutor desrespeitou a iluminação vermelha do semáforo;Colisão transversal;Com Vítimas Feridas;Plena Noite;Crescente;Céu Claro;Múltipla;Aclive;Sim;2;0;0;2;0;0;2;2;-3,74264835;-38,61217473;SPRF-CE;DEL01-CE;UOP01-DEL01-CE
696347;06/06/2025;sexta-feira;19:35:00;GO;153;567,8;PROFESSOR JAMIL;Objeto estático sobre o leito carroçável;Colisão com objeto;Com Vítimas Feridas;Plena Noite;Crescente;Céu Claro;Dupla;Reta;Não;1;0;1;0;0;0;1;1;-17,275625;-49,238382;SPRF-GO;DEL03-GO;UOP01-DEL03-GO
696348;06/06/2025;sexta-feira;21:30:00;PI;343;3,7;TERESINA;Ausência de reação do condutor;Colisão traseira;Sem Vítimas;Plena Noite;Decrescente;Céu Claro;Múltipla;Reta;Sim;2;0;0;0;2;0;0;2;-5,08030032;-42,78734922;SPRF-PI;DEL01-PI;UOP01-DEL01-PI
696349;06/06/2025;sexta-feira;18:20:00;RS;158;470,3;ROSARIO DO SUL;Ingestão de álcool pelo condutor;Colisão lateral sentido oposto;Sem Vítimas;Plena Noite;Decrescente;Céu Claro;Simples;"Aclive;Curva";Não;4;0;0;0;3;1;0;3;-30,2664806;-54,97249603;SPRF-RS;DEL11-RS;UOP02-DEL11-RS
696350;06/06/2025;sexta-feira;20:15:00;BA;324;6;FEIRA DE SANTANA;Demais falhas na via;Tombamento;Com Vítimas Feridas;Plena Noite;Decrescente;Garoa/Chuvisco;Dupla;Reta;Sim;2;0;1;0;1;0;1;1;-12,27758153;-38,98174899;SPRF-BA;DEL02-BA;UOP01-DEL02-BA
696351;06/06/2025;sexta-feira;22:00:00;PB;101;110,3;ALHANDRA;Pedestre - Ingestão de álcool/ substâncias psicoativas;Atropelamento de Pedestre;Com Vítimas Feridas;Plena Noite;Crescente;Céu Claro;Dupla;Reta;Não;2;0;0;1;0;1;1;2;-7,35544122;-34,95013833;SPRF-PB;DEL01-PB;UOP01-DEL01-PB
696352;06/06/2025;sexta-feira;21:00:00;SP;116;282,5;ITAPECERICA DA SERRA;Pista Escorregadia;Tombamento;Com Vítimas Feridas;Plena Noite;Decrescente;Garoa/Chuvisco;Dupla;Reta;Sim;1;0;1;0;0;0;1;1;-23,688918;-46,861872;SPRF-SP;DEL04-SP;UOP01-DEL04-SP
696354;06/06/2025;sexta-feira;21:32:00;MG;381;499;BETIM;Pedestre andava na pista;Atropelamento de Pedestre;Com Vítimas Feridas;Plena Noite;Crescente;Céu Claro;Dupla;"Aclive;Reta";Não;2;0;1;0;0;1;1;2;-19,99508183;-44,20856444;SPRF-MG;DEL01-MG;UOP03-DEL01-MG
696357;06/06/2025;sexta-feira;19:50:00;MG;356;273,4;PATROCINIO DO MURIAE;Velocidade Incompatível;Colisão com objeto;Com Vítimas Feridas;Plena Noite;Decrescente;Céu Claro;Simples;Reta;Não;1;0;1;0;0;0;1;1;-21,13816;-42,305376;SPRF-MG;DEL07-MG;UOP02-DEL07-MG
696359;06/06/2025;sexta-feira;21:45:00;SC;470;95,5;APIUNA;Pedestre cruzava a pista fora da faixa;Atropelamento de Pedestre;Com Vítimas Feridas;Plena Noite;Crescente;Nublado;Simples;Reta;Não;3;0;1;1;1;0;2;2;-27,01647625;-49,37099218;SPRF-SC;DEL04-SC;UOP01-DEL04-SC
696360;06/06/2025;sexta-feira;21:20:00;MA;316;298;SATUBINHA;Deficiência do Sistema de Iluminação/Sinalização;Colisão traseira;Com Vítimas Feridas;Plena Noite;Decrescente;Céu Claro;Simples;Reta;Sim;2;0;0;1;1;0;1;2;-3,82862948;-45,20324707;SPRF-MA;DEL02-MA;UOP01-DEL02-MA
696362;06/06/2025;sexta-feira;21:00:00;RO;364;17;VILHENA;Neblina;Atropelamento de Animal;Com Vítimas Feridas;Plena Noite;Crescente;Céu Claro;Simples;Reta;Sim;1;0;1;0;0;0;1;1;-12,7795672;-60,09203589;SPRF-RO;DEL04-RO;UOP01-DEL04-RO
696363;06/06/2025;sexta-feira;21:10:00;SC;470;5,9;NAVEGANTES;Acessar a via sem observar a presença dos outros veículos;Colisão transversal;Com Vítimas Fatais;Plena Noite;Decrescente;Nublado;Dupla;Curva;Sim;2;1;0;0;1;0;0;2;-26,85346628;-48,70728493;SPRF-SC;DEL04-SC;UOP04-DEL04-SC
696365;06/06/2025;sexta-feira;22:30:00;SP;381;8;VARGEM;Demais falhas mecânicas ou elétricas;Eventos atípicos;Com Vítimas Fatais;Plena Noite;Decrescente;Garoa/Chuvisco;Dupla;Reta;Não;1;1;0;0;0;0;0;1;-22,90844;-46,424193;SPRF-SP;DEL03-SP;UOP02-DEL03-SP
696366;06/06/2025;sexta-feira;22:50:00;ES;101;269;SERRA;Manobra de mudança de faixa;Tombamento;Com Vítimas Feridas;Pleno dia;Decrescente;Céu Claro;Dupla;Reta;Sim;1;0;1;0;0;0;1;1;-20,21919388;-40,27021408;SPRF-ES;DEL02-ES;UOP01-DEL02-ES
696367;06/06/2025;sexta-feira;23:00:00;RS;392;129,4;CANGUCU;Ausência de reação do condutor;Colisão lateral mesmo sentido;Com Vítimas Feridas;Plena Noite;Crescente;Céu Claro;Simples;Aclive;Não;3;0;1;0;2;0;1;2;-31,330273;-52,749507;SPRF-RS;DEL07-RS;UOP01-DEL07-RS
696369;06/06/2025;sexta-feira;21:35:00;PR;376;176,7;MARINGA;Condutor desrespeitou a iluminação vermelha do semáforo;Colisão transversal;Sem Vítimas;Plena Noite;Crescente;Céu Claro;Dupla;Reta;Sim;2;0;0;0;2;0;0;2;-23,41249955;-51,93301527;SPRF-PR;DEL09-PR;UOP01-DEL09-PR
696370;06/06/2025;sexta-feira;23:07:00;CE;116;8;FORTALEZA;Ausência de reação do condutor;Atropelamento de Pedestre;Com Vítimas Feridas;Plena Noite;Crescente;Céu Claro;Múltipla;Reta;Sim;2;0;0;1;0;1;1;2;-3,82449504;-38,50395631;SPRF-CE;DEL01-CE;UOP02-DEL01-CE
696371;06/06/2025;sexta-feira;22:50:00;PR;163;263;TOLEDO;Ausência de reação do condutor;Colisão traseira;Sem Vítimas;Plena Noite;Decrescente;Nublado;Dupla;Reta;Não;3;0;0;0;3;0;0;2;-24,62681068;-53,8928318;SPRF-PR;DEL06-PR;UOP02-DEL06-PR
696372;06/06/2025;sexta-feira;22:15:00;SC;282;600,7;CUNHA PORA;Conversão proibida;Colisão frontal;Com Vítimas Feridas;Plena Noite;Crescente;Nublado;Simples;Curva;Não;4;0;2;0;2;0;2;2;-26,80993244;-53,16826053;SPRF-SC;DEL07-SC;UOP02-DEL07-SC
696374;06/06/2025;sexta-feira;22:10:00;BA;116;12;VITORIA DA CONQUISTA;Reação tardia ou ineficiente do condutor;Saída de leito carroçável;Com Vítimas Feridas;Plena Noite;Decrescente;Ignorado;Simples;Reta;Sim;1;0;1;0;0;0;1;1;-14,87572275;-40,87123845;SPRF-BA;DEL08-BA;UOP01-DEL08-BA
696375;06/06/2025;sexta-feira;20:20:00;BA;116;858;VITORIA DA CONQUISTA;Transitar no Acostamento;Colisão lateral mesmo sentido;Com Vítimas Feridas;Plena Noite;Crescente;Céu Claro;Simples;Reta;Não;3;0;1;0;1;1;1;2;-15,119826;-41,032263;SPRF-BA;DEL08-BA;UOP01-DEL08-BA
696376;06/06/2025;sexta-feira;17:20:00;AL;316;106,2;DOIS RIACHOS;Ultrapassagem Indevida;Colisão frontal;Com Vítimas Fatais;Plena Noite;Decrescente;Céu Claro;Simples;Reta;Não;3;1;1;1;0;0;2;2;-9,386252;-37,061547;SPRF-AL;DEL03-AL;UOP01-DEL03-AL
696377;06/06/2025;sexta-feira;22:50:00;RS;116;154,9;CAXIAS DO SUL;Ingestão de álcool pelo condutor;Colisão com objeto;Com Vítimas Feridas;Plena Noite;Decrescente;Céu Claro;Simples;Reta;Sim;2;0;1;0;1;0;1;1;-29,212678;-51,177691;SPRF-RS;DEL05-RS;UOP01-DEL05-RS
696378;06/06/2025;sexta-feira;19:35:00;AL;316;154,6;PALMEIRA DOS INDIOS;Transitar na contramão;Colisão transversal;Com Vítimas Feridas;Plena Noite;Decrescente;Nublado;Simples;Reta;Não;3;0;2;0;1;0;2;3;-9,42512644;-36,63081972;SPRF-AL;DEL03-AL;UOP01-DEL03-AL
696380;06/06/2025;sexta-feira;22:56:00;SP;381;20;BRAGANCA PAULISTA;Demais falhas mecânicas ou elétricas;Incêndio;Sem Vítimas;Plena Noite;Decrescente;Nublado;Dupla;Curva;Não;1;0;0;0;1;0;0;1;-22,97735964;-46,48899078;SPRF-SP;DEL03-SP;UOP02-DEL03-SP
696381;06/06/2025;sexta-feira;23:45:00;SC;280;50,3;GUARAMIRIM;Ingestão de álcool pelo condutor;Saída de leito carroçável;Com Vítimas Feridas;Plena Noite;Crescente;Garoa/Chuvisco;Dupla;"Interseção de Vias;Em Obras";Não;1;0;1;0;0;0;1;1;-26,46297596;-48,94894123;SPRF-SC;DEL03-SC;UOP03-DEL03-SC
696382;07/06/2025;sábado;00:10:00;PR;369;157,1;LONDRINA;Ausência de reação do condutor;Saída de leito carroçável;Com Vítimas Feridas;Plena Noite;Decrescente;Céu Claro;Dupla;Reta;Sim;3;0;2;0;1;0;2;1;-23,28715375;-51,22690765;SPRF-PR;DEL07-PR;UOP01-DEL07-PR
696383;07/06/2025;sábado;00:20:00;PR;116;125;FAZENDA RIO GRANDE;Reação tardia ou ineficiente do condutor;Colisão traseira;Com Vítimas Feridas;Plena Noite;Decrescente;Nublado;Dupla;Reta;Sim;1;0;1;0;0;0;1;1;-25,64485026;-49,31267023;SPRF-PR;DEL01-PR;UOP03-DEL01-PR
696385;06/06/2025;sexta-feira;23:30:00;PR;369;188;ARAPONGAS;Condutor deixou de manter distância do veículo da frente;Engavetamento;Com Vítimas Feridas;Plena Noite;Crescente;Garoa/Chuvisco;Simples;"Reta;Rotatória";Sim;5;0;1;0;4;0;1;3;-23,43442122;-51,42220465;SPRF-PR;DEL07-PR;UOP03-DEL07-PR
696386;07/06/2025;sábado;00:30:00;PI;316;5,5;TERESINA;Condutor desrespeitou a iluminação vermelha do semáforo;Colisão transversal;Sem Vítimas;Plena Noite;Crescente;Céu Claro;Múltipla;Interseção de Vias;Sim;2;0;0;0;1;1;0;2;-5,2678864;-42,7275448;SPRF-PI;DEL01-PI;UOP02-DEL01-PI
696387;07/06/2025;sábado;00:11:00;RS;116;43;VACARIA;Ausência de reação do condutor;Saída de leito carroçável;Com Vítimas Feridas;Plena Noite;Decrescente;Céu Claro;Simples;"Aclive;Curva";Não;1;0;1;0;0;0;1;1;-28,53545712;-50,96508191;SPRF-RS;DEL05-RS;UOP03-DEL05-RS
696389;06/06/2025;sexta-feira;22:40:00;PI;230;193;OEIRAS;Acessar a via sem observar a presença dos outros veículos;Colisão frontal;Com Vítimas Feridas;Plena Noite;Crescente;Céu Claro;Simples;Reta;Sim;4;0;0;2;2;0;2;2;-6,996361;-42,107968;SPRF-PI;DEL04-PI;UOP01-DEL04-PI
696390;07/06/2025;sábado;00:40:00;SP;381;61;MAIRIPORA;Velocidade Incompatível;Colisão com objeto;Sem Vítimas;Plena Noite;Crescente;Chuva;Dupla;Curva;Não;1;0;0;0;1;0;0;1;-23,29175836;-46,57951747;SPRF-SP;DEL03-SP;UOP01-DEL03-SP
696391;07/06/2025;sábado;01:40:00;PR;369;192,8;ARAPONGAS;Reação tardia ou ineficiente do condutor;Colisão com objeto;Com Vítimas Feridas;Plena Noite;Decrescente;Nevoeiro/Neblina;Dupla;Reta;Não;1;0;1;0;0;0;1;1;-23,4769059;-51,4237253;SPRF-PR;DEL07-PR;UOP03-DEL07-PR
696392;07/06/2025;sábado;01:30:00;PR;153;338;IRATI;Ausência de reação do condutor;Colisão traseira;Sem Vítimas;Plena Noite;Crescente;Nublado;Simples;Reta;Sim;4;0;0;0;4;0;0;2;-25,525;-50,653;SPRF-PR;DEL08-PR;UOP02-DEL08-PR
696394;07/06/2025;sábado;01:00:00;RO;364;255;CACOAL;Demais falhas mecânicas ou elétricas;Queda de ocupante de veículo;Com Vítimas Feridas;Plena Noite;Decrescente;Céu Claro;Simples;Reta;Não;2;0;1;1;0;0;2;1;-11,436759;-61,6013;SPRF-RO;DEL02-RO;UOP02-DEL02-RO
696396;07/06/2025;sábado;02:00:00;PI;343;340;TERESINA;Ausência de reação do condutor;Colisão com objeto;Sem Vítimas;Plena Noite;Decrescente;Céu Claro;Dupla;"Retorno Regulamentado;Declive;Reta";Sim;1;0;0;0;1;0;0;1;-5,074715;-42,736912;SPRF-PI;DEL01-PI;UOP01-DEL01-PI
696397;07/06/2025;sábado;02:40:00;AP;156;336;PORTO GRANDE;Transitar na contramão;Colisão frontal;Com Vítimas Feridas;Plena Noite;Crescente;Céu Claro;Simples;Reta;Não;6;0;1;0;5;0;1;2;0,72907718;-51,34872258;SPRF-AP;DEL01-AP;UOP01-DEL01-AP
696399;07/06/2025;sábado;03:00:00;MG;459;83,5;CONGONHAL;Velocidade Incompatível;Colisão traseira;Com Vítimas Feridas;Plena Noite;Crescente;Céu Claro;Simples;Reta;Não;5;0;4;0;1;0;4;2;-22,15562;-46,08033;SPRF-MG;DEL09-MG;UOP01-DEL09-MG
696400;07/06/2025;sábado;02:25:00;BA;415;31;ILHEUS;Animais na Pista;Atropelamento de Animal;Com Vítimas Feridas;Plena Noite;Decrescente;Céu Claro;Dupla;Reta;Não;2;0;1;0;1;0;1;1;-14,78222535;-39,2354243;SPRF-BA;DEL05-BA;UOP01-DEL05-BA
696401;07/06/2025;sábado;02:30:00;PR;487;176;CAMPO MOURAO;Transitar na contramão;Colisão frontal;Com Vítimas Feridas;Plena Noite;Decrescente;Nublado;Simples;Declive;Não;2;0;0;1;0;1;1;2;-24,03556845;-52,41671562;SPRF-PR;DEL09-PR;UOP03-DEL09-PR
696402;07/06/2025;sábado;03:40:00;SC;470;52,8;BLUMENAU;Ingestão de álcool pelo condutor;Saída de leito carroçável;Com Vítimas Feridas;Plena Noite;Decrescente;Céu Claro;Simples;Curva;Sim;1;0;0;1;0;0;1;1;-26,86629;-49,10038;SPRF-SC;DEL04-SC;UOP01-DEL04-SC
696406;07/06/2025;sábado;03:30:00;PR;277;666;MEDIANEIRA;Ingestão de álcool pelo condutor;Tombamento;Com Vítimas Feridas;Plena Noite;Decrescente;Nublado;Dupla;"Declive;Reta";Não;1;0;1;0;0;0;1;1;-25,25681495;-54,03863367;SPRF-PR;DEL05-PR;UOP02-DEL05-PR
696408;07/06/2025;sábado;02:30:00;ES;101;211,4;IBIRACU;Ingestão de álcool pelo condutor;Saída de leito carroçável;Com Vítimas Feridas;Plena Noite;Crescente;Nublado;Simples;"Curva;Declive";Não;2;0;1;0;0;1;1;2;-19,82115566;-40,36918759;SPRF-ES;DEL02-ES;UOP01-DEL02-ES
696409;07/06/2025;sábado;05:00:00;MG;40;460;CAETANOPOLIS;Condutor Dormindo;Saída de leito carroçável;Com Vítimas Feridas;Plena Noite;Decrescente;Céu Claro;Dupla;Curva;Não;1;0;0;1;0;0;1;1;-19,395577;-44,334189;SPRF-MG;DEL02-MG;UOP01-DEL02-MG
696414;07/06/2025;sábado;05:40:00;SP;116;58,2;GUARATINGUETA;Ausência de reação do condutor;Colisão traseira;Com Vítimas Feridas;Amanhecer;Decrescente;Céu Claro;Dupla;Reta;Não;2;0;1;0;1;0;1;2;-22,7808286;-45,1462733;SPRF-SP;DEL08-SP;UOP01-DEL08-SP
696415;07/06/2025;sábado;03:00:00;SP;116;59,7;GUARATINGUETA;Velocidade Incompatível;Colisão com objeto;Sem Vítimas;Plena Noite;Crescente;Chuva;Dupla;Curva;Não;1;0;0;0;0;1;0;1;-22,79271292;-45,16379982;SPRF-SP;DEL08-SP;UOP01-DEL08-SP