id;data_inversa;dia_semana;horario;uf;br;km;municipio;causa_acidente;tipo_acidente;classificacao_acidente;fase_dia;sentido_via;condicao_metereologica;tipo_pista;tracado_via;uso_solo;pessoas;mortos;feridos_leves;feridos_graves;ilesos;ignorados;feridos;veiculos;latitude;longitude;regional;delegacia;uop
696416;07/06/2025;sábado;04:50:00;GO;70;21,8;COCALZINHO DE GOIAS;Transitar na contramão;Colisão frontal;Com Vítimas Fatais;Plena Noite;Crescente;Céu Claro;Simples;Curva;Sim;2;1;0;0;1;0;0;2;-15,738223;-48,38941;SPRF-DF;DEL03-DF;UOP02-DEL03-DF
696417;07/06/2025;sábado;02:09:00;SP;116;226,9;GUARULHOS;Reação tardia ou ineficiente do condutor;Colisão com objeto;Com Vítimas Feridas;Plena Noite;Decrescente;Nublado;Simples;"Reta;Em Obras";Sim;1;0;1;0;0;0;1;1;-23,49714673;-46,55744076;SPRF-SP;DEL01-SP;UOP01-DEL01-SP
696418;07/06/2025;sábado;03:13:00;MS;163;701;RIO VERDE DE MATO GROSSO;Ingestão de álcool pelo condutor;Saída de leito carroçável;Com Vítimas Feridas;Plena Noite;Decrescente;Céu Claro;Simples;Aclive;Não;1;0;1;0;0;0;1;1;-18,727;-54,818;SPRF-MS;DEL06-MS;UOP01-DEL06-MS
696419;06/06/2025;sexta-feira;14:30:00;MG;381;158;GOVERNADOR VALADARES;Acessar a via sem observar a presença dos outros veículos;Colisão transversal;Com Vítimas Feridas;Pleno dia;Crescente;Céu Claro;Simples;Interseção de Vias;Sim;2;0;1;0;1;0;1;2;-18,88265364;-41,99545861;SPRF-MG;DEL06-MG;UOP01-DEL06-MG
696420;07/06/2025;sábado;05:15:00;MG;116;627,6;ORIZANIA;Ausência de reação do condutor;Saída de leito carroçável;Com Vítimas Feridas;Amanhecer;Decrescente;Nublado;Simples;Curva;Não;3;0;2;1;0;0;3;1;-20,571;-42,209;SPRF-MG;DEL07-MG;UOP02-DEL07-MG
696421;07/06/2025;sábado;01:45:00;RJ;101;516,6;ANGRA DOS REIS;Velocidade Incompatível;Saída de leito carroçável;Com Vítimas Feridas;Plena Noite;Crescente;Chuva;Simples;Curva;Não;1;0;1;0;0;0;1;1;-23,00283775;-44,45333228;SPRF-RJ;DEL03-RJ;UOP03-DEL03-RJ
696422;07/06/2025;sábado;04:00:00;SC;101;457,1;PASSO DE TORRES;Ausência de reação do condutor;Colisão traseira;Com Vítimas Feridas;Plena Noite;Crescente;Nublado;Dupla;Reta;Não;2;0;0;1;1;0;1;2;-29,29864717;-49,7672832;SPRF-SC;DEL02-SC;UOP02-DEL02-SC
696423;06/06/2025;sexta-feira;22:20:00;RJ;101;237;SILVA JARDIM;Transitar no Acostamento;Atropelamento de Pedestre;Com Vítimas Fatais;Plena Noite;Decrescente;Céu Claro;Dupla;Reta;Sim;3;1;2;0;0;0;2;2;-22,619768;-42,418413;SPRF-RJ;DEL02-RJ;UOP03-DEL02-RJ
696425;07/06/2025;sábado;04:40:00;GO;50;278;CATALAO;Ingestão de álcool pelo condutor;Saída de leito carroçável;Sem Vítimas;Amanhecer;Crescente;Céu Claro;Dupla;"Retorno Regulamentado;Interseção de Vias;Em Obras;Reta";Sim;1;0;0;0;0;1;0;1;-18,17210577;-47,92521413;SPRF-GO;DEL06-GO;UOP01-DEL06-GO
696426;07/06/2025;sábado;07:20:00;SP;116;226;GUARULHOS;Acessar a via sem observar a presença dos outros veículos;Colisão lateral mesmo sentido;Com Vítimas Feridas;Amanhecer;Crescente;Céu Claro;Múltipla;"Reta;Em Obras";Sim;2;0;1;0;1;0;1;2;-23,495749;-46,554309;SPRF-SP;DEL01-SP;UOP01-DEL01-SP
696427;07/06/2025;sábado;05:00:00;SP;116;51;LORENA;Ingestão de álcool pelo condutor;Saída de leito carroçável;Sem Vítimas;Plena Noite;Decrescente;Garoa/Chuvisco;Simples;"Curva;Retorno Regulamentado";Não;1;0;0;0;0;1;0;1;-22,7414031;-45,09158134;SPRF-SP;DEL08-SP;UOP02-DEL08-SP
696428;07/06/2025;sábado;05:45:00;MG;262;689;ARAXA;Condutor Dormindo;Saída de leito carroçável;Com Vítimas Feridas;Amanhecer;Decrescente;Céu Claro;Simples;Curva;Sim;2;0;2;0;0;0;2;1;-19,54969844;-46,93079822;SPRF-MG;DEL08-MG;UOP01-DEL08-MG
696429;07/06/2025;sábado;06:45:00;ES;101;252,9;SERRA;Acessar a via sem observar a presença dos outros veículos;Tombamento;Com Vítimas Feridas;Pleno dia;Crescente;Céu Claro;Simples;"Reta;Interseção de Vias";Não;1;0;0;1;0;0;1;1;-20,10481;-40,33258;SPRF-ES;DEL02-ES;UOP01-DEL02-ES
696430;07/06/2025;sábado;07:20:00;BA;324;611,1;SIMOES FILHO;Reação tardia ou ineficiente do condutor;Colisão traseira;Com Vítimas Feridas;Pleno dia;Decrescente;Céu Claro;Dupla;Reta;Não;6;0;2;0;4;0;2;4;-12,8473713;-38,4182;SPRF-BA;DEL01-BA;UOP01-DEL01-BA
696431;07/06/2025;sábado;05:45:00;MS;163;257;DOURADOS;Ausência de reação do condutor;Saída de leito carroçável;Sem Vítimas;Pleno dia;Crescente;Nevoeiro/Neblina;Dupla;Reta;Sim;1;0;0;0;0;1;0;1;-22,25901036;-54,80146766;SPRF-MS;DEL04-MS;UOP01-DEL04-MS
696432;07/06/2025;sábado;06:00:00;BA;235;349,9;JUAZEIRO;Acessar a via sem observar a presença dos outros veículos;Colisão lateral mesmo sentido;Com Vítimas Feridas;Amanhecer;Crescente;Céu Claro;Dupla;Reta;Sim;3;0;0;2;0;1;2;2;-9,45122316;-40,4842732;SPRF-PE;DEL06-PE;UOP01-DEL06-PE
696433;06/06/2025;sexta-feira;06:20:00;MT;163;631;NOVA MUTUM;Ausência de reação do condutor;Saída de leito carroçável;Com Vítimas Feridas;Amanhecer;Decrescente;Sol;Simples;Reta;Não;1;0;1;0;0;0;1;1;-13,522407;-56,031251;SPRF-MT;DEL01-MT;UOP01-DEL01-MT
696434;07/06/2025;sábado;07:15:00;MG;365;662,6;MONTE ALEGRE DE MINAS;Ausência de reação do condutor;Saída de leito carroçável;Com Vítimas Feridas;Pleno dia;Decrescente;Céu Claro;Dupla;Reta;Não;2;0;1;0;0;1;1;2;-18,891728;-48,666824;SPRF-MG;DEL15-MG;UOP01-DEL15-MG
696435;07/06/2025;sábado;06:50:00;PR;277;333;GUARAPUAVA;Ausência de reação do condutor;Saída de leito carroçável;Sem Vítimas;Amanhecer;Crescente;Garoa/Chuvisco;Dupla;"Aclive;Curva";Não;1;0;0;0;0;1;0;1;-25,34601677;-51,38355017;SPRF-PR;DEL08-PR;UOP01-DEL08-PR
696436;07/06/2025;sábado;03:00:00;BA;101;138;TEODORO SAMPAIO;Animais na Pista;Atropelamento de Animal;Sem Vítimas;Plena Noite;Decrescente;Nevoeiro/Neblina;Simples;Reta;Não;1;0;0;0;0;1;0;1;-12,229504;-38,621976;SPRF-BA;DEL01-BA;UOP04-DEL01-BA
696438;07/06/2025;sábado;06:00:00;MG;267;74,9;JUIZ DE FORA;Curva acentuada;Saída de leito carroçável;Com Vítimas Feridas;Pleno dia;Crescente;Céu Claro;Simples;"Curva;Declive";Não;2;0;2;0;0;0;2;1;-21,74698392;-43,19740534;SPRF-MG;DEL05-MG;UOP01-DEL05-MG
696439;22/05/2025;quinta-feira;17:25:00;RS;285;292,7;PASSO FUNDO;Acessar a via sem observar a presença dos outros veículos;Colisão transversal;Com Vítimas Feridas;Anoitecer;Crescente;Nublado;Dupla;Interseção de Vias;Sim;2;0;1;0;1;0;1;2;-28,2378085;-52,37130515;SPRF-RS;DEL08-RS;UOP03-DEL08-RS
696440;07/06/2025;sábado;04:38:00;RJ;116;185;RIO DE JANEIRO;Ingestão de álcool pelo condutor;Colisão com objeto;Sem Vítimas;Pleno dia;Decrescente;Céu Claro;Simples;Reta;Não;1;0;0;0;1;0;0;1;-22,806528;-43,3422336;SPRF-RJ;DEL06-RJ;UOP01-DEL06-RJ
696441;07/06/2025;sábado;07:50:00;SC;470;51,1;BLUMENAU;Avarias e/ou desgaste excessivo no pneu;Tombamento;Com Vítimas Feridas;Pleno dia;Crescente;Nublado;Dupla;"Reta;Viaduto";Sim;1;0;1;0;0;0;1;1;-26,8626437;-49,08522813;SPRF-SC;DEL04-SC;UOP01-DEL04-SC
696442;07/06/2025;sábado;07:50:00;RS;392;61,6;PELOTAS;Demais falhas mecânicas ou elétricas;Tombamento;Com Vítimas Feridas;Pleno dia;Decrescente;Céu Claro;Dupla;"Curva;Retorno Regulamentado";Não;2;0;2;0;0;0;2;1;-31,782708;-52,357407;SPRF-RS;DEL07-RS;UOP01-DEL07-RS
696443;07/06/2025;sábado;06:09:00;BA;324;611;SIMOES FILHO;Ausência de reação do condutor;Saída de leito carroçável;Com Vítimas Fatais;Pleno dia;Crescente;Céu Claro;Dupla;Reta;Não;4;1;0;0;3;0;0;2;-12,849012;-38,418267;SPRF-BA;DEL01-BA;UOP01-DEL01-BA
696445;07/06/2025;sábado;08:30:00;ES;101;264,2;SERRA;Manobra de mudança de faixa;Colisão lateral mesmo sentido;Com Vítimas Feridas;Pleno dia;Crescente;Céu Claro;Dupla;Reta;Não;2;0;0;1;1;0;1;2;-20,17582;-40,26622;SPRF-ES;DEL02-ES;UOP01-DEL02-ES
696447;07/06/2025;sábado;08:00:00;PB;104;115;LAGOA SECA;Reação tardia ou ineficiente do condutor;Colisão traseira;Sem Vítimas;Pleno dia;Decrescente;Nublado;Simples;"Reta;Aclive";Sim;3;0;0;0;3;0;0;3;-7,1682;-35,859087;SPRF-PB;DEL02-PB;UOP04-DEL02-PB
696448;11/03/2025;terça-feira;15:05:00;PA;316;57;CASTANHAL;Acumulo de água sobre o pavimento;Saída de leito carroçável;Com Vítimas Feridas;Pleno dia;Decrescente;Chuva;Dupla;Reta;Não;5;0;2;2;1;0;4;1;-1,30107445;-47,98488826;SPRF-PA;DEL01-PA;UOP01-DEL01-PA
696450;07/06/2025;sábado;08:00:00;RS;290;280,8;CACHOEIRA DO SUL;Demais falhas mecânicas ou elétricas;Incêndio;Sem Vítimas;Pleno dia;Crescente;Céu Claro;Simples;Reta;Não;1;0;0;0;1;0;0;1;-30,25131;-53,04874;SPRF-RS;DEL02-RS;UOP03-DEL02-RS
696451;07/06/2025;sábado;08:40:00;RS;448;13,7;CANOAS;Condutor deixou de manter distância do veículo da frente;Engavetamento;Com Vítimas Feridas;Pleno dia;Crescente;Nevoeiro/Neblina;Múltipla;Reta;Não;5;0;2;0;3;0;2;3;-29,90331586;-51,24505011;SPRF-RS;DEL01-RS;UOP01-DEL01-RS
696452;07/06/2025;sábado;08:50:00;RS;386;347,8;LAJEADO;Ausência de reação do condutor;Colisão com objeto;Com Vítimas Feridas;Pleno dia;Decrescente;Céu Claro;Dupla;Reta;Sim;3;0;3;0;0;0;3;1;-29,45504027;-51,95923503;SPRF-RS;DEL04-RS;UOP01-DEL04-RS
696453;07/06/2025;sábado;07:30:00;PA;10;220;IPIXUNA DO PARA;Reação tardia ou ineficiente do condutor;Colisão com objeto;Com Vítimas Feridas;Pleno dia;Crescente;Céu Claro;Simples;Reta;Não;3;0;2;0;0;1;2;2;-2,559398;-47,493878;SPRF-PA;DEL02-PA;UOP01-DEL02-PA
696455;07/06/2025;sábado;07:30:00;DF;70;15;BRASILIA;Manobra de mudança de faixa;Colisão lateral mesmo sentido;Com Vítimas Feridas;Pleno dia;Decrescente;Céu Claro;Dupla;Reta;Não;2;0;1;0;1;0;1;2;-15,79876396;-48,18152905;SPRF-DF;DEL03-DF;UOP02-DEL03-DF
696457;07/06/2025;sábado;06:30:00;RJ;101;488;ANGRA DOS REIS;Condutor Dormindo;Colisão frontal;Com Vítimas Feridas;Pleno dia;Crescente;Céu Claro;Simples;Curva;Sim;4;0;2;2;0;0;4;3;-22,96051778;-44,29633534;SPRF-RJ;DEL03-RJ;UOP03-DEL03-RJ
696458;07/06/2025;sábado;07:55:00;SC;470;143,8;RIO DO SUL;Acessar a via sem observar a presença dos outros veículos;Colisão lateral mesmo sentido;Com Vítimas Feridas;Pleno dia;Decrescente;Nublado;Simples;"Interseção de Vias;Declive;Em Obras";Sim;2;0;1;0;1;0;1;2;-27,2247;-49,665;SPRF-SC;DEL04-SC;UOP02-DEL04-SC
696460;07/06/2025;sábado;09:00:00;SC;101;196,8;BIGUACU;Demais falhas mecânicas ou elétricas;Incêndio;Sem Vítimas;Pleno dia;Crescente;Nublado;Múltipla;Reta;Sim;4;0;0;0;4;0;0;1;-27,516901;-48,639174;SPRF-SC;DEL01-SC;UOP01-DEL01-SC
696462;06/06/2025;sexta-feira;16:00:00;BA;101;367;GANDU;Acessar a via sem observar a presença dos outros veículos;Colisão frontal;Com Vítimas Feridas;Pleno dia;Decrescente;Céu Claro;Simples;Reta;Sim;2;0;0;1;1;0;1;2;-13,74845664;-39,48495481;SPRF-BA;DEL05-BA;UOP03-DEL05-BA
696465;07/06/2025;sábado;08:45:00;MS;163;124;NAVIRAI;Reação tardia ou ineficiente do condutor;Saída de leito carroçável;Com Vítimas Feridas;Pleno dia;Crescente;Nevoeiro/Neblina;Simples;Rotatória;Não;1;0;1;0;0;0;1;1;-23,0780637;-54,22840834;SPRF-MS;DEL09-MS;UOP01-DEL09-MS
696466;07/06/2025;sábado;08:40:00;PR;376;15;MARINGA;Velocidade Incompatível;Saída de leito carroçável;Com Vítimas Feridas;Pleno dia;Crescente;Céu Claro;Dupla;Reta;Sim;1;0;1;0;0;0;1;1;-23,41034;-51,87997;SPRF-PR;DEL09-PR;UOP01-DEL09-PR
696470;07/06/2025;sábado;10:00:00;RN;101;104,2;PARNAMIRIM;Manobra de mudança de faixa;Colisão lateral mesmo sentido;Com Vítimas Feridas;Pleno dia;Decrescente;Sol;Dupla;"Aclive;Viaduto;Curva";Sim;3;0;1;0;2;0;1;2;-5,892761;-35,257186;SPRF-RN;DEL01-RN;UOP01-DEL01-RN
696471;07/06/2025;sábado;07:00:00;SC;101;122;ITAJAI;Ausência de reação do condutor;Saída de leito carroçável;Sem Vítimas;Amanhecer;Decrescente;Nublado;Dupla;Reta;Não;1;0;0;0;1;0;0;1;-26,93621009;-48,7005043;SPRF-SC;DEL04-SC;UOP04-DEL04-SC
696472;07/06/2025;sábado;09:00:00;MA;316;587,2;CAXIAS;Ultrapassagem Indevida;Colisão frontal;Com Vítimas Feridas;Pleno dia;Decrescente;Céu Claro;Simples;Reta;Não;3;0;0;3;0;0;3;2;-4,987495;-43,065858;SPRF-MA;DEL03-MA;UOP02-DEL03-MA
696473;07/06/2025;sábado;09:15:00;SC;101;126;ITAJAI;Objeto estático sobre o leito carroçável;Colisão com objeto;Com Vítimas Feridas;Pleno dia;Decrescente;Nublado;Dupla;Reta;Sim;1;0;1;0;0;0;1;1;-26,95065333;-48,6801455;SPRF-SC;DEL04-SC;UOP04-DEL04-SC
696474;07/06/2025;sábado;10:00:00;PE;407;129;PETROLINA;Ausência de reação do condutor;Colisão traseira;Sem Vítimas;Pleno dia;Crescente;Céu Claro;Simples;"Reta;Aclive";Sim;2;0;0;0;2;0;0;2;-9,400203;-40,504682;SPRF-PE;DEL06-PE;UOP01-DEL06-PE
696476;07/06/2025;sábado;09:35:00;MG;116;770;LEOPOLDINA;Velocidade Incompatível;Colisão com objeto;Com Vítimas Feridas;Pleno dia;Decrescente;Chuva;Simples;Curva;Não;5;0;1;0;4;0;1;1;-21,54266075;-42,65587775;SPRF-MG;DEL07-MG;UOP01-DEL07-MG
696479;07/06/2025;sábado;10:00:00;ES;262;61,8;MARECHAL FLORIANO;Ausência de reação do condutor;Engavetamento;Com Vítimas Feridas;Pleno dia;Decrescente;Nublado;Simples;Reta;Não;4;0;2;0;2;0;2;3;-20,42341;-40,800368;SPRF-ES;DEL01-ES;UOP02-DEL01-ES
696481;07/06/2025;sábado;08:30:00;ES;101;13;SERRA;Reação tardia ou ineficiente do condutor;Tombamento;Sem Vítimas;Pleno dia;Crescente;Céu Claro;Dupla;Reta;Não;1;0;0;0;0;1;0;1;-20,170852;-40,347757;SPRF-ES;DEL02-ES;UOP01-DEL02-ES
696482;07/06/2025;sábado;01:30:00;RO;174;17;VILHENA;Ausência de reação do condutor;Tombamento;Com Vítimas Feridas;Plena Noite;Decrescente;Céu Claro;Simples;Reta;Sim;1;0;1;0;0;0;1;1;-12,70606818;-60,1212487;SPRF-RO;DEL04-RO;UOP01-DEL04-RO
696483;07/06/2025;sábado;10:45:00;SE;235;5,5;NOSSA SENHORA DO SOCORRO;Fumaça;Incêndio;Sem Vítimas;Pleno dia;Decrescente;Céu Claro;Dupla;Reta;Sim;1;0;0;0;1;0;0;1;-10,9043391;-37,12698547;SPRF-SE;DEL01-SE;UOP01-DEL01-SE
696484;07/06/2025;sábado;09:30:00;PR;163;266;TOLEDO;Ausência de reação do condutor;Saída de leito carroçável;Com Vítimas Feridas;Pleno dia;Decrescente;Nublado;Dupla;"Curva;Rotatória";Não;1;0;1;0;0;0;1;1;-24,61880766;-53,92540304;SPRF-PR;DEL06-PR;UOP02-DEL06-PR
696485;07/06/2025;sábado;09:30:00;MT;163;751;SORRISO;Ausência de reação do condutor;Colisão traseira;Com Vítimas Feridas;Pleno dia;Crescente;Céu Claro;Dupla;Reta;Sim;2;0;1;0;1;0;1;2;-12,559633;-55,718785;SPRF-MT;DEL06-MT;UOP01-DEL06-MT
696486;07/06/2025;sábado;08:30:00;PE;232;83,1;GRAVATA;Acesso irregular;Colisão transversal;Com Vítimas Feridas;Pleno dia;Crescente;Céu Claro;Dupla;Reta;Não;2;0;0;1;0;1;1;2;-8,201762;-35,593345;SPRF-PE;DEL02-PE;UOP02-DEL02PE
696488;07/06/2025;sábado;10:40:00;MT;364;206;RONDONOPOLIS;Acessar a via sem observar a presença dos outros veículos;Colisão traseira;Sem Vítimas;Pleno dia;Crescente;Céu Claro;Dupla;Reta;Sim;2;0;0;0;1;1;0;2;-16,44056612;-54,67633573;SPRF-MT;DEL02-MT;UOP01-DEL02-MT
696489;07/06/2025;sábado;10:40:00;MG;40;787,5;JUIZ DE FORA;Demais falhas mecânicas ou elétricas;Saída de leito carroçável;Com Vítimas Feridas;Pleno dia;Decrescente;Nublado;Dupla;Reta;Não;2;0;2;0;0;0;2;1;-21,75479;-43,44292;SPRF-MG;DEL05-MG;UOP01-DEL05-MG
696490;07/06/2025;sábado;07:20:00;MG;262;496,1;BOM DESPACHO;Velocidade Incompatível;Saída de leito carroçável;Com Vítimas Feridas;Pleno dia;Decrescente;Sol;Simples;Reta;Não;1;0;1;0;0;0;1;1;-19,78382658;-45,42263031;SPRF-MG;DEL08-MG;UOP03-DEL08-MG
696491;07/06/2025;sábado;09:30:00;CE;116;491,5;MILAGRES;Demais falhas na via;Tombamento;Com Vítimas Feridas;Pleno dia;Crescente;Céu Claro;Simples;"Reta;Interseção de Vias";Não;1;0;0;1;0;0;1;1;-7,3965133;-38,961805;SPRF-CE;DEL05-CE;UOP03-DEL05-CE
696492;07/06/2025;sábado;09:30:00;BA;235;348;JUAZEIRO;Mal súbito do condutor;Saída de leito carroçável;Com Vítimas Feridas;Pleno dia;Crescente;Céu Claro;Simples;Reta;Não;1;0;1;0;0;0;1;1;-9,45736062;-40,46448091;SPRF-PE;DEL06-PE;UOP01-DEL06-PE
696493;07/06/2025;sábado;12:00:00;MG;40;623,2;CONSELHEIRO LAFAIETE;Reação tardia ou ineficiente do condutor;Tombamento;Com Vítimas Feridas;Pleno dia;Decrescente;Céu Claro;Simples;Reta;Não;1;0;1;0;0;0;1;1;-20,6029455;-43,8065388;SPRF-MG;DEL05-MG;UOP02-DEL05-MG
696494;07/06/2025;sábado;08:40:00;PI;0;0;CAMPO MAIOR;Ingestão de álcool pelo condutor;Colisão lateral mesmo sentido;Sem Vítimas;Pleno dia;Não Informado;Céu Claro;Simples;"Reta;Interseção de Vias";Sim;3;0;0;0;3;0;0;2;-4,837382;-42,183588;SPRF-PI;DEL01-PI;UOP03-DEL01-PI
696497;07/06/2025;sábado;09:00:00;MT;158;580;AGUA BOA;Ausência de reação do condutor;Saída de leito carroçável;Com Vítimas Feridas;Pleno dia;Crescente;Céu Claro;Simples;Reta;Não;2;0;1;0;1;0;1;1;-14,15018;-52,19803;SPRF-MT;DEL07-MT;UOP02-DEL07-MT
696499;07/06/2025;sábado;10:40:00;PA;10;251,6;AURORA DO PARA;Ingestão de álcool pelo condutor;Saída de leito carroçável;Com Vítimas Feridas;Pleno dia;Decrescente;Sol;Simples;Reta;Não;3;0;2;1;0;0;3;1;-2,133077;-47,560735;SPRF-PA;DEL02-PA;UOP01-DEL02-PA
696500;07/06/2025;sábado;13:10:00;BA;324;614;SALVADOR;Avarias e/ou desgaste excessivo no pneu;Tombamento;Com Vítimas Feridas;Pleno dia;Crescente;Céu Claro;Dupla;Reta;Sim;2;0;2;0;0;0;2;1;-12,8748026;-38,4296375;SPRF-BA;DEL01-BA;UOP01-DEL01-BA
696504;07/06/2025;sábado;11:40:00;RR;174;534;BOA VISTA;Demais falhas mecânicas ou elétricas;Incêndio;Sem Vítimas;Pleno dia;Decrescente;Céu Claro;Simples;Reta;Não;1;0;0;0;1;0;0;1;3,08179981;-60,8109498;SPRF-RR;DEL01-RR;UOP01-DEL01-RR
696505;07/06/2025;sábado;12:33:00;GO;414;435,9;ANAPOLIS;Acessar a via sem observar a presença dos outros veículos;Colisão transversal;Com Vítimas Feridas;Pleno dia;Decrescente;Céu Claro;Simples;"Reta;Declive;Interseção de Vias";Sim;2;0;0;1;0;1;1;2;-16,244578;-48,934402;SPRF-GO;DEL02-GO;UOP01-DEL02-GO
696507;07/06/2025;sábado;11:40:00;MG;356;270;MURIAE;Ingestão de álcool pelo condutor;Colisão frontal;Com Vítimas Feridas;Pleno dia;Crescente;Céu Claro;Simples;"Reta;Ponte";Sim;3;0;3;0;0;0;3;2;-21,12636831;-42,33098745;SPRF-MG;DEL07-MG;UOP02-DEL07-MG
696508;07/06/2025;sábado;14:00:00;SC;101;90,5;BARRA VELHA;Manobra de mudança de faixa;Colisão lateral mesmo sentido;Com Vítimas Feridas;Pleno dia;Decrescente;Nublado;Dupla;Reta;Sim;2;0;1;0;1;0;1;2;-26,6104855;-48,7224128;SPRF-SC;DEL03-SC;UOP02-DEL03-SC
696509;07/06/2025;sábado;13:45:00;SC;101;214;PALHOCA;Ingestão de álcool pelo condutor;Colisão transversal;Com Vítimas Feridas;Pleno dia;Crescente;Céu Claro;Dupla;Interseção de Vias;Sim;3;0;1;0;2;0;1;3;-27,647;-48,673;SPRF-SC;DEL01-SC;UOP02-DEL01-SC
696514;07/06/2025;sábado;13:20:00;PI;316;5;TERESINA;Acessar a via sem observar a presença dos outros veículos;Colisão lateral mesmo sentido;Sem Vítimas;Pleno dia;Decrescente;Céu Claro;Dupla;Declive;Sim;2;0;0;0;2;0;0;2;-5,144608;-42,776142;SPRF-PI;DEL01-PI;UOP02-DEL01-PI
696515;07/06/2025;sábado;12:30:00;PR;369;172;ROLANDIA;Acessar a via sem observar a presença dos outros veículos;Colisão transversal;Com Vítimas Feridas;Pleno dia;Decrescente;Céu Claro;Simples;Interseção de Vias;Sim;3;0;1;0;2;0;1;2;-23,31715381;-51,37787461;SPRF-PR;DEL07-PR;UOP01-DEL07-PR
696516;07/06/2025;sábado;12:30:00;ES;262;38;DOMINGOS MARTINS;Acessar a via sem observar a presença dos outros veículos;Colisão transversal;Com Vítimas Feridas;Pleno dia;Crescente;Céu Claro;Simples;Reta;Não;5;0;1;0;3;1;1;2;-20,38049515;-40,6294477;SPRF-ES;DEL01-ES;UOP01-DEL01-ES
696519;07/06/2025;sábado;15:00:00;MG;381;2;BETIM;Ausência de reação do condutor;Tombamento;Com Vítimas Feridas;Pleno dia;Crescente;Céu Claro;Múltipla;Reta;Não;2;0;2;0;0;0;2;1;-19,9809624;-44,162757;SPRF-MG;DEL01-MG;UOP03-DEL01-MG
696520;07/06/2025;sábado;14:40:00;SC;282;3,4;FLORIANOPOLIS;Trafegar com motocicleta (ou similar) entre as faixas;Colisão lateral mesmo sentido;Com Vítimas Feridas;Pleno dia;Decrescente;Nublado;Múltipla;Reta;Sim;2;0;1;0;1;0;1;2;-27,59694;-48,60135;SPRF-SC;DEL01-SC;UOP01-DEL01-SC
696521;07/06/2025;sábado;15:00:00;PI;343;265;CAMPO MAIOR;Ingestão de álcool pelo condutor;Colisão traseira;Com Vítimas Feridas;Pleno dia;Crescente;Céu Claro;Simples;Reta;Sim;2;0;1;0;1;0;1;2;-4,849664;-42,1855232;SPRF-PI;DEL01-PI;UOP03-DEL01-PI
696524;06/06/2025;sexta-feira;16:50:00;PB;230;410;POMBAL;Ingestão de álcool pelo condutor;Tombamento;Com Vítimas Feridas;Plena Noite;Crescente;Céu Claro;Simples;Reta;Sim;2;0;1;1;0;0;2;2;-6,72068332;-37,66955495;SPRF-PB;DEL03-PB;UOP02-DEL03-PB
696525;07/06/2025;sábado;14:40:00;BA;324;617;SALVADOR;Ultrapassagem Indevida;Atropelamento de Pedestre;Com Vítimas Feridas;Pleno dia;Decrescente;Céu Claro;Dupla;Reta;Sim;3;0;1;0;2;0;1;3;-12,89342666;-38,44666839;SPRF-BA;DEL01-BA;UOP01-DEL01-BA
696526;12/05/2025;segunda-feira;19:00:00;BA;324;599;SIMOES FILHO;Condutor deixou de manter distância do veículo da frente;Colisão traseira;Com Vítimas Feridas;Plena Noite;Decrescente;Nublado;Múltipla;Reta;Não;3;0;2;0;1;0;2;2;-12,7522296;-38,43047202;SPRF-BA;DEL01-BA;UOP01-DEL01-BA
696528;07/06/2025;sábado;10:30:00;RO;364;325,4;PRESIDENTE MEDICI;Mal súbito do condutor;Colisão transversal;Com Vítimas Feridas;Pleno dia;Decrescente;Sol;Simples;Curva;Não;2;0;1;0;1;0;1;2;-11,02036;-61,929637;SPRF-RO;DEL02-RO;UOP01-DEL02-RO
696529;07/06/2025;sábado;15:30:00;ES;101;61,3;SAO MATEUS;Acessar a via sem observar a presença dos outros veículos;Colisão transversal;Com Vítimas Feridas;Pleno dia;Crescente;Céu Claro;Simples;Reta;Sim;2;0;1;1;0;0;2;2;-18,68373205;-39,86337662;SPRF-ES;DEL04-ES;UOP02-DEL04-ES
696531;07/06/2025;sábado;08:30:00;RJ;40;62;PETROPOLIS;Ausência de reação do condutor;Colisão com objeto;Com Vítimas Feridas;Pleno dia;Decrescente;Nublado;Dupla;"Curva;Declive";Sim;1;0;0;1;0;0;1;1;-22,41207988;-43,1491363;SPRF-RJ;DEL05-RJ;UOP02-DEL05-RJ
696532;07/06/2025;sábado;10:50:00;MG;116;642,3;FERVEDOURO;Conversão proibida;Colisão lateral sentido oposto;Com Vítimas Feridas;Pleno dia;Crescente;Nublado;Simples;Curva;Não;3;0;2;0;1;0;2;2;-20,66041366;-42,26715088;SPRF-MG;DEL07-MG;UOP02-DEL07-MG
696533;07/06/2025;sábado;11:50:00;MT;174;574;COMODORO;Manobra de mudança de faixa;Capotamento;Com Vítimas Feridas;Pleno dia;Crescente;Céu Claro;Simples;Reta;Não;3;0;2;1;0;0;3;1;-12,94148703;-60,04120287;SPRF-MT;DEL04-MT;UOP02-DEL04-MT
696536;07/06/2025;sábado;14:30:00;MG;381;648;SANTO ANTONIO DO AMPARO;Demais falhas mecânicas ou elétricas;Capotamento;Com Vítimas Feridas;Pleno dia;Crescente;Céu Claro;Dupla;Reta;Não;3;0;1;1;1;0;2;1;-20,95430605;-44,8939991;SPRF-MG;DEL04-MG;UOP02-DEL04-MG
696537;07/06/2025;sábado;13:03:00;MT;364;273;JACIARA;Reação tardia ou ineficiente do condutor;Queda de ocupante de veículo;Com Vítimas Feridas;Pleno dia;Decrescente;Céu Claro;Dupla;Reta;Sim;1;0;1;0;0;0;1;1;-15,959039;-54,971957;SPRF-MT;DEL05-MT;UOP02-DEL05-MT