id;data_inversa;dia_semana;horario;uf;br;km;municipio;causa_acidente;tipo_acidente;classificacao_acidente;fase_dia;sentido_via;condicao_metereologica;tipo_pista;tracado_via;uso_solo;pessoas;mortos;feridos_leves;feridos_graves;ilesos;ignorados;feridos;veiculos;latitude;longitude;regional;delegacia;uop
696538;07/06/2025;sábado;16:00:00;BA;101;742,7;ITABELA;Reação tardia ou ineficiente do condutor;Colisão com objeto;Com Vítimas Fatais;Pleno dia;Crescente;Céu Claro;Simples;"Reta;Declive";Não;1;1;0;0;0;0;0;1;-16,557347;-39,568053;SPRF-BA;DEL09-BA;UOP01-DEL09-BA
696539;07/06/2025;sábado;16:30:00;ES;101;282,4;CARIACICA;Avarias e/ou desgaste excessivo no pneu;Queda de ocupante de veículo;Com Vítimas Feridas;Pleno dia;Decrescente;Nublado;Dupla;Reta;Não;2;0;1;0;1;0;1;1;-20,22700071;-40,36444394;SPRF-ES;DEL01-ES;UOP01-DEL01-ES
696540;07/06/2025;sábado;15:00:00;MG;116;183;TEOFILO OTONI;Ausência de reação do condutor;Tombamento;Com Vítimas Feridas;Pleno dia;Crescente;Céu Claro;Simples;Curva;Não;1;0;0;1;0;0;1;1;-17,8720314;-41,5199488;SPRF-MG;DEL11-MG;UOP01-DEL11-MG
696542;07/06/2025;sábado;16:50:00;RS;290;60;GRAVATAI;Demais falhas mecânicas ou elétricas;Incêndio;Sem Vítimas;Pleno dia;Decrescente;Nublado;Dupla;Reta;Não;1;0;0;0;1;0;0;1;-29,925478;-50,859276;SPRF-RS;DEL03-RS;UOP01-DEL03-RS
696544;07/06/2025;sábado;16:20:00;PI;343;338,4;TERESINA;Ausência de reação do condutor;Capotamento;Sem Vítimas;Pleno dia;Crescente;Céu Claro;Dupla;Reta;Sim;1;0;0;0;1;0;0;1;-5,064382;-42,726688;SPRF-PI;DEL01-PI;UOP01-DEL01-PI
696547;07/06/2025;sábado;16:02:00;RO;319;63;PORTO VELHO;Acessar a via sem observar a presença dos outros veículos;Colisão transversal;Com Vítimas Feridas;Pleno dia;Decrescente;Céu Claro;Dupla;"Interseção de Vias;Reta";Sim;3;0;1;0;2;0;1;2;-8,8080384;-63,7599744;SPRF-RO;DEL01-RO;UOP01-DEL01-RO
696548;07/06/2025;sábado;16:40:00;SC;470;58,3;BLUMENAU;Reação tardia ou ineficiente do condutor;Colisão traseira;Com Vítimas Feridas;Anoitecer;Decrescente;Nublado;Simples;"Em Obras;Desvio Temporário;Viaduto;Reta";Não;3;0;2;0;1;0;2;2;-26,88443;-49,14853;SPRF-SC;DEL04-SC;UOP01-DEL04-SC
696549;07/06/2025;sábado;16:20:00;MS;163;23,9;MUNDO NOVO;Avarias e/ou desgaste excessivo no pneu;Colisão com objeto;Com Vítimas Feridas;Pleno dia;Crescente;Nublado;Simples;"Declive;Reta";Não;1;0;1;0;0;0;1;1;-23,898263;-54,306398;SPRF-MS;DEL09-MS;UOP02-DEL09-MS
696551;07/06/2025;sábado;17:25:00;RS;285;567,7;SAO LUIZ GONZAGA;Manobra de mudança de faixa;Saída de leito carroçável;Com Vítimas Feridas;Pleno dia;Decrescente;Nublado;Simples;Reta;Sim;1;0;1;0;0;0;1;1;-28,41936;-54,954373;SPRF-RS;DEL12-RS;UOP01-DEL12-RS
696552;07/06/2025;sábado;17:00:00;PE;101;63;RECIFE;Ausência de reação do condutor;Colisão traseira;Sem Vítimas;Anoitecer;Crescente;Céu Claro;Dupla;Reta;Não;1;0;0;0;0;1;0;1;-8,00871859;-34,93731737;SPRF-PE;DEL01-PE;UOP01-DEL01-PE
696553;13/04/2025;domingo;18:10:00;MG;116;572,6;MANHUACU;Ausência de reação do condutor;Colisão traseira;Com Vítimas Feridas;Plena Noite;Crescente;Céu Claro;Simples;"Reta;Aclive";Não;9;0;4;0;5;0;4;5;-20,135237;-42,178995;SPRF-MG;DEL06-MG;UOP03-DEL06-MG
696555;10/03/2025;segunda-feira;07:50:00;RJ;101;274;SILVA JARDIM;Ausência de reação do condutor;Colisão com objeto;Com Vítimas Feridas;Pleno dia;Crescente;Céu Claro;Dupla;Reta;Não;2;0;0;2;0;0;2;1;-22,56241824;-42,35993577;SPRF-RJ;DEL02-RJ;UOP03-DEL02-RJ
696556;07/06/2025;sábado;16:30:00;BA;242;255;ITABERABA;Conversão proibida;Colisão transversal;Com Vítimas Feridas;Pleno dia;Crescente;Nublado;Simples;"Reta;Aclive";Não;4;0;2;0;2;0;2;2;-12,4979;-40,4098;SPRF-BA;DEL06-BA;UOP02-DEL06-BA
696557;07/06/2025;sábado;17:30:00;TO;10;458,1;PALMAS;Retorno proibido;Colisão traseira;Com Vítimas Feridas;Pleno dia;Crescente;Céu Claro;Dupla;Reta;Sim;2;0;1;0;0;1;1;2;-10,275954;-48,302608;SPRF-TO;DEL01-TO;UOP03-DEL01-TO
696559;07/06/2025;sábado;17:30:00;ES;101;14;SERRA;Avarias e/ou desgaste excessivo no pneu;Tombamento;Com Vítimas Feridas;Anoitecer;Crescente;Céu Claro;Dupla;Curva;Não;2;0;1;1;0;0;2;1;-20,20632;-40,333585;SPRF-ES;DEL02-ES;UOP01-DEL02-ES
696563;07/06/2025;sábado;07:50:00;MG;262;419,2;IGARATINGA;Velocidade Incompatível;Saída de leito carroçável;Sem Vítimas;Pleno dia;Crescente;Céu Claro;Dupla;Reta;Não;1;0;0;0;0;1;0;1;-19,89266006;-44,75212097;SPRF-MG;DEL08-MG;UOP03-DEL08-MG
696566;07/06/2025;sábado;18:00:00;SC;282;504,5;XANXERE;Ingestão de álcool pelo condutor;Colisão lateral sentido oposto;Com Vítimas Feridas;Plena Noite;Crescente;Chuva;Simples;Interseção de Vias;Não;2;0;1;0;1;0;1;2;-26,884279;-52,408466;SPRF-SC;DEL07-SC;UOP01-DEL07-SC
696567;07/06/2025;sábado;18:10:00;RS;470;224;BENTO GONCALVES;Frear bruscamente;Colisão traseira;Com Vítimas Feridas;Plena Noite;Decrescente;Nublado;Simples;"Reta;Declive";Sim;6;0;1;0;5;0;1;3;-29,1768456;-51,5209577;SPRF-RS;DEL06-RS;UOP01-DEL06-RS
696568;07/06/2025;sábado;14:00:00;MT;163;558,9;DIAMANTINO;Condutor deixou de manter distância do veículo da frente;Colisão traseira;Sem Vítimas;Pleno dia;Crescente;Céu Claro;Simples;Reta;Não;2;0;0;0;2;0;0;2;-14,1647148;-56,09137774;SPRF-MT;DEL01-MT;UOP01-DEL01-MT
696570;07/06/2025;sábado;18:30:00;RS;290;91;PORTO ALEGRE;Condutor deixou de manter distância do veículo da frente;Colisão traseira;Com Vítimas Feridas;Plena Noite;Decrescente;Céu Claro;Múltipla;"Retorno Regulamentado;Reta";Sim;3;0;1;0;2;0;1;2;-29,96954625;-51,16956353;SPRF-RS;DEL01-RS;UOP01-DEL01-RS
696571;07/06/2025;sábado;18:00:00;PE;101;46;IGARASSU;Entrada inopinada do pedestre;Atropelamento de Pedestre;Com Vítimas Feridas;Plena Noite;Decrescente;Céu Claro;Dupla;Reta;Sim;2;0;0;2;0;0;2;2;-7,874404;-34,9058005;SPRF-PE;DEL01-PE;UOP02-DEL01-PE
696572;07/06/2025;sábado;19:00:00;SP;116;223;GUARULHOS;Manobra de mudança de faixa;Colisão lateral mesmo sentido;Com Vítimas Feridas;Plena Noite;Crescente;Chuva;Múltipla;Reta;Sim;3;0;1;0;2;0;1;2;-23,47930721;-46,53098881;SPRF-SP;DEL01-SP;UOP01-DEL01-SP
696573;07/06/2025;sábado;16:40:00;PR;376;250;APUCARANA;Ingestão de álcool pelo condutor;Saída de leito carroçável;Com Vítimas Feridas;Pleno dia;Decrescente;Nublado;Dupla;Curva;Não;1;0;0;1;0;0;1;1;-23,616904;-51,395828;SPRF-PR;DEL07-PR;UOP03-DEL07-PR
696575;07/06/2025;sábado;18:40:00;RJ;116;176;SAO JOAO DE MERITI;Manobra de mudança de faixa;Colisão traseira;Com Vítimas Feridas;Plena Noite;Crescente;Céu Claro;Múltipla;Reta;Sim;3;0;1;0;2;0;1;2;-22,78557696;-43,37929599;SPRF-RJ;DEL06-RJ;UOP01-DEL06-RJ
696576;07/06/2025;sábado;18:30:00;PR;277;70;SAO JOSE DOS PINHAIS;Reação tardia ou ineficiente do condutor;Colisão lateral mesmo sentido;Sem Vítimas;Plena Noite;Crescente;Chuva;Dupla;Reta;Sim;9;0;0;0;6;3;0;3;-25,510867;-49,129117;SPRF-PR;DEL01-PR;UOP01-DEL01-PR
696577;07/06/2025;sábado;18:40:00;PR;158;533;PATO BRANCO;Ausência de reação do condutor;Colisão traseira;Com Vítimas Feridas;Plena Noite;Decrescente;Garoa/Chuvisco;Simples;"Reta;Declive";Não;4;0;2;0;2;0;2;2;-26,2225771;-52,6862044;SPRF-PR;DEL02-PR;UOP01-DEL02-PR
696578;07/06/2025;sábado;18:45:00;SC;101;63,7;ARAQUARI;Acessar a via sem observar a presença dos outros veículos;Colisão transversal;Com Vítimas Feridas;Plena Noite;Decrescente;Chuva;Dupla;Reta;Não;4;0;2;0;2;0;2;3;-26,46092489;-48,75593869;SPRF-SC;DEL03-SC;UOP02-DEL03-SC
696579;07/06/2025;sábado;18:51:00;SC;101;204,5;SAO JOSE;Pedestre andava na pista;Atropelamento de Pedestre;Com Vítimas Feridas;Plena Noite;Decrescente;Nublado;Múltipla;Reta;Sim;3;0;1;0;0;2;1;2;-27,57614625;-48,61331105;SPRF-SC;DEL01-SC;UOP01-DEL01-SC
696581;07/06/2025;sábado;16:50:00;MT;364;272;JACIARA;Reação tardia ou ineficiente do condutor;Saída de leito carroçável;Com Vítimas Feridas;Pleno dia;Decrescente;Céu Claro;Dupla;"Declive;Reta";Sim;1;0;1;0;0;0;1;1;-15,960444;-54,96893;SPRF-MT;DEL05-MT;UOP02-DEL05-MT
696582;07/06/2025;sábado;19:25:00;SC;101;202;SAO JOSE;Acessar a via sem observar a presença dos outros veículos;Colisão transversal;Com Vítimas Feridas;Plena Noite;Decrescente;Nublado;Múltipla;Reta;Não;2;0;1;0;1;0;1;2;-27,55333889;-48,61912608;SPRF-SC;DEL01-SC;UOP01-DEL01-SC
696583;07/06/2025;sábado;16:00:00;PR;369;186;ARAPONGAS;Desrespeitar a preferência no cruzamento;Colisão transversal;Com Vítimas Feridas;Pleno dia;Crescente;Céu Claro;Simples;Rotatória;Sim;2;0;1;0;0;1;1;2;-23,41691765;-51,42711846;SPRF-PR;DEL07-PR;UOP03-DEL07-PR
696584;07/06/2025;sábado;18:40:00;SC;282;213;LAGES;Transitar na contramão;Colisão lateral sentido oposto;Com Vítimas Feridas;Plena Noite;Decrescente;Nublado;Simples;Reta;Não;7;0;2;0;5;0;2;3;-27,78525;-50,259306;SPRF-SC;DEL05-SC;UOP01-DEL05-SC
696587;07/06/2025;sábado;18:30:00;AL;104;37;UNIAO DOS PALMARES;Condutor deixou de manter distância do veículo da frente;Colisão traseira;Com Vítimas Feridas;Plena Noite;Decrescente;Céu Claro;Simples;Reta;Não;3;0;2;0;0;1;2;2;-9,175544;-36,02994;SPRF-AL;DEL01-AL;UOP02-DEL01-AL
696588;07/06/2025;sábado;19:25:00;SC;470;146,3;RIO DO SUL;Reação tardia ou ineficiente do condutor;Colisão traseira;Com Vítimas Feridas;Plena Noite;Decrescente;Garoa/Chuvisco;Simples;Reta;Sim;4;0;1;0;1;2;1;3;-27,23972398;-49,68473728;SPRF-SC;DEL04-SC;UOP02-DEL04-SC
696589;07/06/2025;sábado;19:55:00;PR;369;139;IBIPORA;Pedestre - Ingestão de álcool/ substâncias psicoativas;Atropelamento de Pedestre;Com Vítimas Feridas;Plena Noite;Crescente;Céu Claro;Simples;Reta;Sim;2;0;1;0;1;0;1;2;-23,275051;-51,059181;SPRF-PR;DEL07-PR;UOP01-DEL07-PR
696590;07/06/2025;sábado;19:20:00;RJ;465;21;NOVA IGUACU;Condutor deixou de manter distância do veículo da frente;Engavetamento;Sem Vítimas;Plena Noite;Crescente;Céu Claro;Simples;Reta;Sim;3;0;0;0;3;0;0;3;-22,84994107;-43,59931945;SPRF-RJ;DEL06-RJ;UOP02-DEL06-RJ
696591;07/06/2025;sábado;19:50:00;SP;116;296;ITAPECERICA DA SERRA;Ausência de reação do condutor;Colisão lateral mesmo sentido;Com Vítimas Feridas;Plena Noite;Crescente;Céu Claro;Dupla;Reta;Sim;2;0;1;0;1;0;1;1;-23,76852994;-46,90947725;SPRF-SP;DEL04-SP;UOP01-DEL04-SP
696593;07/06/2025;sábado;19:40:00;CE;116;4;FORTALEZA;Demais falhas mecânicas ou elétricas;Colisão com objeto;Com Vítimas Feridas;Plena Noite;Crescente;Céu Claro;Múltipla;Reta;Sim;2;0;1;1;0;0;2;1;-3,78821756;-38,51070642;SPRF-CE;DEL01-CE;UOP02-DEL01-CE
696594;07/06/2025;sábado;20:00:00;DF;70;8;BRASILIA;Reação tardia ou ineficiente do condutor;Queda de ocupante de veículo;Com Vítimas Feridas;Plena Noite;Crescente;Céu Claro;Dupla;Reta;Sim;1;0;1;0;0;0;1;1;-15,795287;-48,199093;SPRF-DF;DEL03-DF;UOP02-DEL03-DF
696595;07/06/2025;sábado;14:20:00;BA;235;350;JUAZEIRO;Acessar a via sem observar a presença dos outros veículos;Colisão transversal;Com Vítimas Feridas;Pleno dia;Crescente;Sol;Dupla;Reta;Sim;2;0;1;0;0;1;1;2;-9,43678;-40,49832;SPRF-PE;DEL06-PE;UOP01-DEL06-PE
696596;07/06/2025;sábado;19:10:00;SP;116;34,8;CACHOEIRA PAULISTA;Transitar no Acostamento;Colisão traseira;Com Vítimas Feridas;Plena Noite;Crescente;Nublado;Dupla;"Declive;Reta";Não;2;0;0;1;1;0;1;2;-22,6586841;-44,96738022;SPRF-SP;DEL08-SP;UOP02-DEL08-SP
696598;07/06/2025;sábado;18:10:00;RR;432;189;CANTA;Ingestão de álcool pelo condutor;Tombamento;Com Vítimas Feridas;Anoitecer;Crescente;Céu Claro;Simples;"Declive;Reta";Não;1;0;1;0;0;0;1;1;2,60280579;-60,61258113;SPRF-RR;DEL01-RR;UOP01-DEL01-RR
696599;07/06/2025;sábado;15:05:00;MS;158;118,8;APARECIDA DO TABOADO;Retorno proibido;Colisão frontal;Com Vítimas Feridas;Pleno dia;Crescente;Céu Claro;Simples;Reta;Não;3;0;1;0;2;0;1;2;-19,85456068;-51,12007141;SPRF-MS;DEL08-MS;UOP01-DEL08-MS
696600;07/06/2025;sábado;20:35:00;BA;101;722;EUNAPOLIS;Reação tardia ou ineficiente do condutor;Saída de leito carroçável;Com Vítimas Feridas;Plena Noite;Decrescente;Céu Claro;Simples;"Curva;Declive";Não;3;0;0;1;2;0;1;1;-16,412132;-39,587378;SPRF-BA;DEL09-BA;UOP01-DEL09-BA
696601;07/06/2025;sábado;20:30:00;SC;280;27,3;ARAQUARI;Acessar a via sem observar a presença dos outros veículos;Colisão transversal;Com Vítimas Feridas;Plena Noite;Crescente;Chuva;Simples;Reta;Sim;3;0;0;2;1;0;2;2;-26,3998636;-48,7420782;SPRF-SC;DEL03-SC;UOP03-DEL03-SC
696602;07/06/2025;sábado;16:00:00;RO;174;16;VILHENA;Ultrapassagem Indevida;Queda de ocupante de veículo;Com Vítimas Feridas;Pleno dia;Decrescente;Céu Claro;Simples;Reta;Sim;2;0;1;0;1;0;1;2;-12,70842304;-60,12338726;SPRF-RO;DEL04-RO;UOP01-DEL04-RO
696604;07/06/2025;sábado;20:45:00;BA;324;615;SALVADOR;Demais falhas mecânicas ou elétricas;Tombamento;Com Vítimas Feridas;Plena Noite;Crescente;Céu Claro;Dupla;Reta;Não;2;0;2;0;0;0;2;1;-12,881279;-38,433306;SPRF-BA;DEL01-BA;UOP01-DEL01-BA
696605;07/06/2025;sábado;21:00:00;PE;424;95;GARANHUNS;Animais na Pista;Atropelamento de Animal;Com Vítimas Feridas;Plena Noite;Decrescente;Céu Claro;Simples;Reta;Não;3;0;0;2;0;1;2;2;-8,9252828;-36,4913726;SPRF-PE;DEL03-PE;UOP01-DEL03-PE
696606;07/06/2025;sábado;20:15:00;SC;116;202,4;PONTE ALTA;Reação tardia ou ineficiente do condutor;Saída de leito carroçável;Com Vítimas Feridas;Plena Noite;Crescente;Chuva;Simples;"Declive;Curva";Não;1;0;1;0;0;0;1;1;-27,44295;-50,3954;SPRF-SC;DEL05-SC;UOP03-DEL05-SC
696607;07/06/2025;sábado;20:18:00;SC;116;202,4;PONTE ALTA;Reação tardia ou ineficiente do condutor;Colisão traseira;Com Vítimas Feridas;Plena Noite;Crescente;Chuva;Simples;"Declive;Curva";Não;3;0;1;0;1;1;1;2;-27,442661;-50,395246;SPRF-SC;DEL05-SC;UOP03-DEL05-SC
696608;07/06/2025;sábado;20:00:00;PA;230;94;SAO JOAO DO ARAGUAIA;Velocidade Incompatível;Colisão frontal;Com Vítimas Fatais;Plena Noite;Decrescente;Ignorado;Simples;Reta;Não;2;2;0;0;0;0;0;2;-5,443293;-48,912123;SPRF-PA;DEL03-PA;UOP01-DEL03-PA
696609;07/06/2025;sábado;21:00:00;PE;101;78;JABOATAO DOS GUARARAPES;Entrada inopinada do pedestre;Atropelamento de Pedestre;Com Vítimas Feridas;Plena Noite;Crescente;Garoa/Chuvisco;Dupla;Reta;Sim;2;0;0;1;0;1;1;2;-8,13818625;-34,94729785;SPRF-PE;DEL01-PE;UOP01-DEL01-PE
696610;07/06/2025;sábado;19:00:00;PA;230;92;SAO JOAO DO ARAGUAIA;Manobra de mudança de faixa;Colisão lateral sentido oposto;Com Vítimas Feridas;Plena Noite;Crescente;Céu Claro;Simples;Reta;Não;5;0;1;0;4;0;1;2;-5,45537672;-48,89122009;SPRF-PA;DEL03-PA;UOP01-DEL03-PA
696611;07/06/2025;sábado;20:45:00;RN;304;36,5;MOSSORO;Ingestão de álcool pelo condutor;Colisão com objeto;Com Vítimas Feridas;Plena Noite;Decrescente;Céu Claro;Dupla;Reta;Sim;2;0;1;0;1;0;1;1;-5,171822;-37,3589;SPRF-RN;DEL04-RN;UOP02-DEL04-RN
696612;07/06/2025;sábado;19:05:00;SC;470;27,7;GASPAR;Ingestão de substâncias psicoativas pelo condutor;Capotamento;Com Vítimas Feridas;Plena Noite;Crescente;Nublado;Dupla;Curva;Não;1;0;1;0;0;0;1;1;-26,89335;-48,89214;SPRF-SC;DEL04-SC;UOP01-DEL04-SC
696613;07/06/2025;sábado;20:30:00;RN;101;101;PARNAMIRIM;Trafegar com motocicleta (ou similar) entre as faixas;Colisão lateral mesmo sentido;Com Vítimas Feridas;Plena Noite;Decrescente;Céu Claro;Dupla;Curva;Sim;2;0;1;0;1;0;1;2;-5,8867089;-35,23049053;SPRF-RN;DEL01-RN;UOP01-DEL01-RN
696615;07/06/2025;sábado;20:30:00;RS;290;475,6;ROSARIO DO SUL;Ausência de reação do condutor;Saída de leito carroçável;Sem Vítimas;Plena Noite;Decrescente;Céu Claro;Simples;Reta;Não;1;0;0;0;1;0;0;1;-30,24011243;-54,87421386;SPRF-RS;DEL11-RS;UOP02-DEL11-RS
696616;07/06/2025;sábado;20:30:00;PB;230;125;RIACHAO DO BACAMARTE;Acessar a via sem observar a presença dos outros veículos;Colisão transversal;Com Vítimas Feridas;Plena Noite;Crescente;Céu Claro;Dupla;"Reta;Aclive";Não;2;0;0;1;1;0;1;2;-7,2571151;-35,6918256;SPRF-PB;DEL02-PB;UOP01-DEL02-PB
696618;07/06/2025;sábado;20:00:00;RJ;101;504;ANGRA DOS REIS;Acessar a via sem observar a presença dos outros veículos;Colisão transversal;Com Vítimas Feridas;Plena Noite;Crescente;Nublado;Simples;Reta;Sim;2;0;0;1;1;0;1;2;-22,93532886;-44,39634691;SPRF-RJ;DEL03-RJ;UOP03-DEL03-RJ
696619;07/06/2025;sábado;20:30:00;SE;235;47;ITABAIANA;Ingestão de álcool pelo condutor;Colisão frontal;Sem Vítimas;Plena Noite;Crescente;Garoa/Chuvisco;Simples;Reta;Sim;5;0;0;0;5;0;0;3;-10,73668146;-37,40784645;SPRF-SE;DEL01-SE;UOP02-DEL01-SE
696621;07/06/2025;sábado;18:00:00;SC;101;206;SAO JOSE;Reação tardia ou ineficiente do condutor;Colisão traseira;Com Vítimas Feridas;Plena Noite;Decrescente;Céu Claro;Múltipla;Reta;Sim;6;0;1;0;5;0;1;3;-27,59103459;-48,61778917;SPRF-SC;DEL01-SC;UOP01-DEL01-SC
696622;07/06/2025;sábado;21:00:00;SC;101;165,4;TIJUCAS;Objeto estático sobre o leito carroçável;Colisão com objeto;Sem Vítimas;Plena Noite;Crescente;Chuva;Dupla;Reta;Não;1;0;0;0;1;0;0;1;-27,25301248;-48,63155929;SPRF-SC;DEL04-SC;UOP03-DEL04-SC
696623;07/06/2025;sábado;21:15:00;GO;60;101,9;ANAPOLIS;Ingestão de álcool pelo condutor;Saída de leito carroçável;Sem Vítimas;Plena Noite;Crescente;Céu Claro;Dupla;Reta;Não;1;0;0;0;1;0;0;1;-16,40485767;-48,98103333;SPRF-GO;DEL02-GO;UOP01-DEL02-GO
696624;07/06/2025;sábado;20:50:00;BA;407;100;JAGUARARI;Ultrapassagem Indevida;Colisão frontal;Com Vítimas Feridas;Plena Noite;Crescente;Céu Claro;Simples;Reta;Não;2;0;0;1;1;0;1;2;-10,2396542;-40,2016846;SPRF-BA;DEL04-BA;UOP01-DEL04-BA
696625;07/06/2025;sábado;21:30:00;RJ;116;144;DUQUE DE CAXIAS;Manobra de mudança de faixa;Colisão lateral mesmo sentido;Com Vítimas Feridas;Plena Noite;Crescente;Céu Claro;Dupla;Reta;Não;3;0;1;1;0;1;2;2;-22,654066;-43,2383966;SPRF-RJ;DEL01-RJ;UOP02-DEL01-RJ
696626;07/06/2025;sábado;18:20:00;RS;287;454;SAO BORJA;Reação tardia ou ineficiente do condutor;Queda de ocupante de veículo;Com Vítimas Feridas;Plena Noite;Decrescente;Céu Claro;Simples;Reta;Não;1;0;1;0;0;0;1;1;-28,991628;-55,300399;SPRF-RS;DEL12-RS;UOP01-DEL12-RS
696627;07/06/2025;sábado;21:17:00;PE;316;26;ARARIPINA;Pedestre andava na pista;Atropelamento de Pedestre;Com Vítimas Feridas;Plena Noite;Crescente;Céu Claro;Simples;"Reta;Declive";Sim;2;0;0;1;0;1;1;2;-7,60390506;-40,48995414;SPRF-PE;DEL05-PE;UOP02-DEL05-PE
696628;07/06/2025;sábado;21:07:00;PE;232;504;SALGUEIRO;Condutor Dormindo;Capotamento;Sem Vítimas;Plena Noite;Decrescente;Céu Claro;Simples;"Reta;Aclive";Não;1;0;0;0;0;1;0;1;-8,055262;-39,091025;SPRF-PE;DEL05-PE;UOP01-DEL05-PE
696629;07/06/2025;sábado;21:00:00;BA;135;164;BARREIRAS;Ingestão de álcool pelo condutor;Colisão frontal;Com Vítimas Feridas;Plena Noite;Decrescente;Céu Claro;Simples;Reta;Não;2;0;1;0;1;0;1;2;-12,06337347;-44,96823907;SPRF-BA;DEL10-BA;UOP01-DEL10-BA
696631;22/03/2025;sábado;19:15:00;PI;316;95,2;BARRO DURO;Ausência de reação do condutor;Colisão transversal;Sem Vítimas;Plena Noite;Crescente;Céu Claro;Simples;Reta;Sim;2;0;0;0;1;1;0;2;-5,811633;-42,51921;SPRF-PI;DEL04-PI;UOP02-DEL04-PI
696632;07/06/2025;sábado;21:45:00;RN;101;73,7;SAO GONCALO DO AMARANTE;Animais na Pista;Atropelamento de Animal;Com Vítimas Feridas;Plena Noite;Crescente;Nublado;Simples;Reta;Não;3;0;1;1;0;1;2;2;-5,708946;-35,269336;SPRF-RN;DEL02-RN;UOP01-DEL02-RN
696633;07/06/2025;sábado;22:50:00;MG;262;35;MANHUACU;Acessar a via sem observar a presença dos outros veículos;Colisão transversal;Com Vítimas Feridas;Plena Noite;Decrescente;Nublado;Simples;Reta;Sim;3;0;2;0;1;0;2;2;-20,2504843;-42,1473807;SPRF-MG;DEL06-MG;UOP03-DEL06-MG
696634;07/06/2025;sábado;21:15:00;SC;282;15,5;PALHOCA;Reação tardia ou ineficiente do condutor;Colisão com objeto;Sem Vítimas;Plena Noite;Decrescente;Céu Claro;Simples;"Interseção de Vias;Curva";Sim;1;0;0;0;0;1;0;1;-27,65589538;-48,67934542;SPRF-SC;DEL01-SC;UOP02-DEL01-SC
696635;07/06/2025;sábado;22:40:00;PI;343;12,8;BURITI DOS LOPES;Condutor desrespeitou a iluminação vermelha do semáforo;Colisão transversal;Com Vítimas Feridas;Plena Noite;Crescente;Céu Claro;Dupla;Reta;Sim;3;0;2;0;1;0;2;2;-3,15045746;-41,80503845;SPRF-PI;DEL05-PI;UOP01-DEL05-PI
696636;07/06/2025;sábado;22:30:00;PR;369;196,1;APUCARANA;Acessar a via sem observar a presença dos outros veículos;Colisão traseira;Com Vítimas Feridas;Plena Noite;Decrescente;Chuva;Dupla;Reta;Não;5;0;1;0;4;0;1;2;-23,509777;-51,4258248;SPRF-PR;DEL07-PR;UOP03-DEL07-PR
696637;07/06/2025;sábado;20:45:00;MT;163;692;SORRISO;Ausência de reação do condutor;Saída de leito carroçável;Sem Vítimas;Plena Noite;Crescente;Céu Claro;Simples;Reta;Não;1;0;0;0;0;1;0;1;-13,04396493;-55,90371609;SPRF-MT;DEL06-MT;UOP01-DEL06-MT
696639;07/06/2025;sábado;20:50:00;TO;242;474;FORMOSO DO ARAGUAIA;Ingestão de álcool pelo condutor;Saída de leito carroçável;Com Vítimas Feridas;Plena Noite;Crescente;Céu Claro;Simples;Reta;Não;2;0;1;1;0;0;2;1;-11,7936588;-49,7210879;SPRF-TO;DEL01-TO;UOP02-DEL01-TO
696640;07/06/2025;sábado;23:35:00;PR;369;129;JATAIZINHO;Ausência de reação do condutor;Tombamento;Com Vítimas Feridas;Plena Noite;Crescente;Nublado;Dupla;Curva;Sim;1;0;1;0;0;0;1;1;-23,25728363;-50,98490112;SPRF-PR;DEL07-PR;UOP01-DEL07-PR
696641;07/06/2025;sábado;21:30:00;PR;116;152;MANDIRITUBA;Transitar na contramão;Colisão lateral sentido oposto;Sem Vítimas;Plena Noite;Decrescente;Garoa/Chuvisco;Simples;Declive;Não;3;0;0;0;3;0;0;2;-25,86633822;-49,36438399;SPRF-PR;DEL01-PR;UOP03-DEL01-PR
696642;07/06/2025;sábado;22:50:00;MG;116;410,4;GOVERNADOR VALADARES;Velocidade Incompatível;Tombamento;Com Vítimas Feridas;Plena Noite;Decrescente;Céu Claro;Múltipla;Reta;Sim;1;0;1;0;0;0;1;1;-18,86135651;-41,97412491;SPRF-MG;DEL06-MG;UOP01-DEL06-MG
696646;07/06/2025;sábado;23:00:00;SC;101;3,3;ARARANGUA;Desrespeitar a preferência no cruzamento;Colisão transversal;Com Vítimas Feridas;Plena Noite;Crescente;Céu Claro;Simples;Curva;Sim;2;0;0;1;1;0;1;2;-28,94679032;-49,50528352;SPRF-SC;DEL02-SC;UOP02-DEL02-SC
696647;07/06/2025;sábado;20:29:00;RO;174;14;VILHENA;Reação tardia ou ineficiente do condutor;Colisão com objeto;Com Vítimas Feridas;Plena Noite;Decrescente;Céu Claro;Múltipla;Reta;Sim;3;0;1;0;1;1;1;3;-12,73797501;-60,13141644;SPRF-RO;DEL04-RO;UOP01-DEL04-RO
696650;08/06/2025;domingo;00:01:00;SC;101;460;PASSO DE TORRES;Ausência de reação do condutor;Saída de leito carroçável;Com Vítimas Feridas;Plena Noite;Decrescente;Garoa/Chuvisco;Dupla;Reta;Não;1;0;1;0;0;0;1;1;-29,2645542;-49,7553027;SPRF-RS;DEL03-RS;UOP02-DEL03-RS