id;data_inversa;dia_semana;horario;uf;br;km;municipio;causa_acidente;tipo_acidente;classificacao_acidente;fase_dia;sentido_via;condicao_metereologica;tipo_pista;tracado_via;uso_solo;pessoas;mortos;feridos_leves;feridos_graves;ilesos;ignorados;feridos;veiculos;latitude;longitude;regional;delegacia;uop
696767;08/06/2025;domingo;11:20:00;DF;20;57;BRASILIA;Condutor Dormindo;Saída de leito carroçável;Com Vítimas Feridas;Pleno dia;Decrescente;Céu Claro;Dupla;Curva;Não;1;0;1;0;0;0;1;1;-15,58617594;-47,3598218;SPRF-DF;DEL02-DF;UOP01-DEL02-DF
696768;08/06/2025;domingo;11:45:00;PR;116;121;CURITIBA;Ausência de reação do condutor;Capotamento;Com Vítimas Feridas;Pleno dia;Decrescente;Nublado;Dupla;Reta;Não;1;0;1;0;0;0;1;1;-25,57417402;-49,30762231;SPRF-PR;DEL01-PR;UOP03-DEL01-PR
696773;08/06/2025;domingo;13:20:00;SE;235;68;ITABAIANA;Ausência de reação do condutor;Capotamento;Com Vítimas Feridas;Pleno dia;Crescente;Céu Claro;Simples;"Aclive;Curva";Não;1;0;0;1;0;0;1;1;-10,70402891;-37,3799032;SPRF-SE;DEL01-SE;UOP02-DEL01-SE
696774;08/06/2025;domingo;13:00:00;BA;324;582;CANDEIAS;Ausência de reação do condutor;Saída de leito carroçável;Sem Vítimas;Pleno dia;Crescente;Céu Claro;Dupla;Reta;Não;1;0;0;0;0;1;0;1;-12,6177654;-38,4867991;SPRF-BA;DEL01-BA;UOP01-DEL01-BA
696775;08/06/2025;domingo;12:10:00;BA;116;574;BREJOES;Desrespeitar a preferência no cruzamento;Colisão transversal;Com Vítimas Feridas;Pleno dia;Crescente;Céu Claro;Simples;"Reta;Declive";Sim;2;0;0;1;1;0;1;2;-13,07973013;-39,96194673;SPRF-BA;DEL03-BA;UOP02-DEL03-BA
696776;08/06/2025;domingo;14:00:00;MG;459;74;SENADOR JOSE BENTO;Ausência de reação do condutor;Capotamento;Com Vítimas Feridas;Pleno dia;Decrescente;Chuva;Simples;Curva;Não;3;0;2;0;1;0;2;1;-22,1306815;-46,1473478;SPRF-MG;DEL09-MG;UOP01-DEL09-MG
696777;17/05/2025;sábado;08:50:00;RJ;40;110;DUQUE DE CAXIAS;Manobra de mudança de faixa;Tombamento;Com Vítimas Feridas;Pleno dia;Decrescente;Céu Claro;Dupla;Reta;Sim;6;0;1;0;5;0;1;2;-22,68975;-43,286485;SPRF-RJ;DEL01-RJ;UOP02-DEL01-RJ
696778;08/06/2025;domingo;13:40:00;SP;116;108;TAUBATE;Reação tardia ou ineficiente do condutor;Colisão traseira;Com Vítimas Feridas;Pleno dia;Crescente;Garoa/Chuvisco;Dupla;Reta;Não;4;0;2;0;2;0;2;2;-23,02672807;-45,54270732;SPRF-SP;DEL02-SP;UOP02-DEL02-SP
696780;08/06/2025;domingo;14:20:00;RJ;116;169;RIO DE JANEIRO;Ausência de reação do condutor;Queda de ocupante de veículo;Com Vítimas Feridas;Pleno dia;Decrescente;Nublado;Dupla;Reta;Sim;2;0;1;0;0;1;1;2;-22,81657546;-43,32458496;SPRF-RJ;DEL06-RJ;UOP01-DEL06-RJ
696781;08/06/2025;domingo;13:46:00;PE;428;43,5;OROCO;Reação tardia ou ineficiente do condutor;Capotamento;Com Vítimas Feridas;Pleno dia;Crescente;Céu Claro;Simples;Reta;Não;2;0;1;0;1;0;1;1;-8,580555;-39,583838;SPRF-PE;DEL05-PE;UOP03-DEL05-PE
696782;08/06/2025;domingo;08:00:00;GO;60;10;SANTO ANTONIO DO DESCOBERTO;Ausência de reação do condutor;Tombamento;Com Vítimas Feridas;Pleno dia;Crescente;Céu Claro;Dupla;Reta;Não;2;0;0;1;1;0;1;2;-16,117;-48,3186;SPRF-DF;DEL03-DF;UOP01-DEL03-DF
696783;08/06/2025;domingo;14:42:00;PE;101;28,7;ITAPISSUMA;Demais falhas mecânicas ou elétricas;Colisão lateral mesmo sentido;Sem Vítimas;Pleno dia;Crescente;Céu Claro;Dupla;Reta;Sim;3;0;0;0;2;1;0;2;-7,728248;-34,942072;SPRF-PE;DEL01-PE;UOP02-DEL01-PE
696784;08/06/2025;domingo;14:25:00;MG;459;12;CALDAS;Chuva;Saída de leito carroçável;Sem Vítimas;Pleno dia;Decrescente;Chuva;Simples;Curva;Não;1;0;0;0;0;1;0;1;-21,814598;-46,469365;SPRF-MG;DEL09-MG;UOP01-DEL09-MG
696785;08/06/2025;domingo;14:25:00;MG;381;900;POUSO ALEGRE;Reação tardia ou ineficiente do condutor;Colisão traseira;Com Vítimas Feridas;Pleno dia;Decrescente;Chuva;Múltipla;Reta;Não;5;0;1;0;4;0;1;2;-22,2691328;-45,9800576;SPRF-MG;DEL16-MG;UOP03-DEL16-MG
696787;08/06/2025;domingo;14:40:00;SC;116;219,3;CORREIA PINTO;Desrespeitar a preferência no cruzamento;Colisão transversal;Com Vítimas Feridas;Pleno dia;Decrescente;Céu Claro;Simples;Interseção de Vias;Sim;5;0;5;0;0;0;5;2;-27,58076281;-50,3680536;SPRF-SC;DEL05-SC;UOP03-DEL05-SC
696788;08/06/2025;domingo;15:40:00;ES;101;370;ANCHIETA;Condutor deixou de manter distância do veículo da frente;Colisão traseira;Com Vítimas Feridas;Pleno dia;Crescente;Céu Claro;Simples;Reta;Não;2;0;1;0;1;0;1;2;-20,7712248;-40,7653018;SPRF-ES;DEL03-ES;UOP01-DEL03-ES
696789;08/06/2025;domingo;13:15:00;MG;381;158,1;GOVERNADOR VALADARES;Acesso irregular;Colisão transversal;Com Vítimas Feridas;Pleno dia;Crescente;Céu Claro;Simples;Interseção de Vias;Não;4;0;2;2;0;0;4;2;-18,88278097;-41,99551123;SPRF-MG;DEL06-MG;UOP01-DEL06-MG
696790;08/06/2025;domingo;15:30:00;GO;60;240,5;INDIARA;Demais falhas mecânicas ou elétricas;Tombamento;Com Vítimas Feridas;Pleno dia;Crescente;Céu Claro;Dupla;"Reta;Aclive";Não;2;0;0;2;0;0;2;1;-17,09355564;-49,86132537;SPRF-GO;DEL01-GO;UOP02-DEL01-GO
696791;08/06/2025;domingo;15:30:00;BA;324;577;SAO SEBASTIAO DO PASSE;Ausência de reação do condutor;Colisão com objeto;Com Vítimas Feridas;Pleno dia;Decrescente;Céu Claro;Dupla;Reta;Não;1;0;1;0;0;0;1;1;-12,5805248;-38,545906;SPRF-BA;DEL01-BA;UOP01-DEL01-BA
696792;08/06/2025;domingo;10:30:00;PA;230;624;ALTAMIRA;Ausência de reação do condutor;Colisão com objeto;Com Vítimas Feridas;Pleno dia;Decrescente;Sol;Dupla;Reta;Sim;2;0;1;0;1;0;1;1;-3,17596876;-52,181792;SPRF-PA;DEL04-PA;UOP01-DEL04-PA
696793;08/06/2025;domingo;14:50:00;SC;282;371,9;ERVAL VELHO;Ingestão de álcool pelo condutor;Colisão traseira;Com Vítimas Feridas;Pleno dia;Crescente;Nublado;Simples;"Reta;Aclive";Não;3;0;1;0;2;0;1;2;-27,260735;-51,442342;SPRF-SC;DEL07-SC;UOP05-DEL07-SC
696794;08/06/2025;domingo;15:45:00;MG;50;73;UBERLANDIA;Ausência de reação do condutor;Queda de ocupante de veículo;Com Vítimas Feridas;Pleno dia;Crescente;Céu Claro;Múltipla;"Reta;Aclive";Sim;1;0;0;1;0;0;1;1;-18,90534804;-48,23239245;SPRF-MG;DEL15-MG;UOP01-DEL15-MG
696795;08/06/2025;domingo;15:00:00;SC;280;119;SAO BENTO DO SUL;Reação tardia ou ineficiente do condutor;Saída de leito carroçável;Com Vítimas Feridas;Pleno dia;Decrescente;Céu Claro;Simples;Reta;Não;1;0;1;0;0;0;1;1;-26,262607;-49,438846;SPRF-SC;DEL06-SC;UOP03-DEL06-SC
696796;08/06/2025;domingo;15:25:00;RJ;40;111;DUQUE DE CAXIAS;Demais falhas mecânicas ou elétricas;Queda de ocupante de veículo;Com Vítimas Feridas;Pleno dia;Decrescente;Nublado;Dupla;Reta;Sim;2;0;2;0;0;0;2;1;-22,6925897;-43,28748141;SPRF-RJ;DEL01-RJ;UOP02-DEL01-RJ
696798;08/06/2025;domingo;16:25:00;RN;226;3;NATAL;Condutor deixou de manter distância do veículo da frente;Colisão lateral mesmo sentido;Com Vítimas Feridas;Pleno dia;Decrescente;Céu Claro;Simples;Reta;Não;3;0;2;0;1;0;2;2;-5,8183792;-35,2504093;SPRF-RN;DEL01-RN;UOP02-DEL01-RN
696800;08/06/2025;domingo;15:00:00;SC;101;72,7;ARAQUARI;Avarias e/ou desgaste excessivo no pneu;Colisão com objeto;Com Vítimas Feridas;Pleno dia;Crescente;Céu Claro;Dupla;Reta;Sim;2;0;1;1;0;0;2;1;-26,535044;-48,713412;SPRF-SC;DEL03-SC;UOP02-DEL03-SC
696801;08/06/2025;domingo;17:10:00;MG;381;740;TRES CORACOES;Velocidade Incompatível;Saída de leito carroçável;Com Vítimas Feridas;Plena Noite;Decrescente;Chuva;Dupla;Curva;Não;3;0;2;0;1;0;2;1;-21,6144468;-45,2605899;SPRF-MG;DEL16-MG;UOP02-DEL16-MG
696804;08/06/2025;domingo;16:50:00;MG;262;357;BETIM;Ausência de reação do condutor;Tombamento;Com Vítimas Feridas;Anoitecer;Decrescente;Céu Claro;Dupla;"Curva;Declive";Não;2;0;1;0;1;0;1;1;-19,984145;-44,240526;SPRF-MG;DEL01-MG;UOP03-DEL01-MG
696805;08/06/2025;domingo;17:15:00;ES;101;174,5;ARACRUZ;Ingestão de álcool pelo condutor;Colisão transversal;Com Vítimas Feridas;Anoitecer;Crescente;Céu Claro;Simples;Interseção de Vias;Sim;3;0;1;0;1;1;1;2;-19,58515;-40,18985;SPRF-ES;DEL04-ES;UOP01-DEL04-ES
696806;08/06/2025;domingo;16:50:00;RS;471;568,4;SANTA VITORIA DO PALMAR;Ausência de reação do condutor;Saída de leito carroçável;Com Vítimas Fatais;Pleno dia;Decrescente;Céu Claro;Simples;Reta;Não;4;1;3;0;0;0;3;1;-32,9396877;-52,7675039;SPRF-RS;DEL07-RS;UOP04-DEL07-RS
696809;08/06/2025;domingo;17:15:00;SP;116;225;GUARULHOS;Reação tardia ou ineficiente do condutor;Colisão traseira;Com Vítimas Feridas;Anoitecer;Decrescente;Céu Claro;Dupla;Reta;Não;4;0;1;0;3;0;1;2;-23,48690976;-46,54262289;SPRF-SP;DEL01-SP;UOP01-DEL01-SP
696810;08/06/2025;domingo;17:30:00;PR;116;129;MANDIRITUBA;Velocidade Incompatível;Colisão traseira;Sem Vítimas;Pleno dia;Decrescente;Nublado;Dupla;Reta;Sim;2;0;0;0;1;1;0;2;-25,6656725;-49,3139912;SPRF-PR;DEL01-PR;UOP03-DEL01-PR
696811;05/06/2025;quinta-feira;18:00:00;BA;101;545;SAO JOSE DA VITORIA;Reação tardia ou ineficiente do condutor;Colisão com objeto;Com Vítimas Feridas;Plena Noite;Crescente;Nublado;Simples;Curva;Não;1;0;0;1;0;0;1;1;-15,10079633;-39,36271072;SPRF-BA;DEL05-BA;UOP02-DEL05-BA
696813;08/06/2025;domingo;17:00:00;MG;354;725,7;POUSO ALTO;Velocidade Incompatível;Saída de leito carroçável;Com Vítimas Feridas;Anoitecer;Decrescente;Chuva;Simples;"Reta;Declive";Não;1;0;1;0;0;0;1;1;-22,16696;-44,96662;SPRF-MG;DEL17-MG;UOP01-DEL17-MG
696814;08/06/2025;domingo;17:20:00;MT;70;0;PONTAL DO ARAGUAIA;Ausência de reação do condutor;Colisão traseira;Com Vítimas Feridas;Anoitecer;Crescente;Céu Claro;Simples;Ponte;Não;2;0;1;0;1;0;1;2;-15,89555882;-52,25584745;SPRF-MT;DEL07-MT;UOP01-DEL07-MT
696815;08/06/2025;domingo;18:50:00;PR;369;137,6;IBIPORA;Ausência de reação do condutor;Colisão transversal;Com Vítimas Feridas;Plena Noite;Crescente;Chuva;Simples;Rotatória;Sim;2;0;0;1;1;0;1;2;-23,270736;-51,0444;SPRF-PR;DEL07-PR;UOP01-DEL07-PR
696816;08/06/2025;domingo;18:45:00;SP;153;107,1;JOSE BONIFACIO;Ingestão de álcool pelo condutor;Colisão frontal;Com Vítimas Feridas;Plena Noite;Decrescente;Chuva;Simples;Reta;Não;6;0;2;0;3;1;2;3;-21,06430743;-49,66273069;SPRF-SP;DEL09-SP;UOP01-DEL09-SP
696817;08/06/2025;domingo;18:00:00;PB;104;90;ESPERANCA;Deixar de acionar o farol da motocicleta (ou similar);Colisão transversal;Com Vítimas Feridas;Plena Noite;Decrescente;Nublado;Múltipla;Reta;Sim;4;0;0;2;2;0;2;2;-6,991393;-35,8331089;SPRF-PB;DEL02-PB;UOP04-DEL02-PB
696819;08/06/2025;domingo;17:45:00;MG;262;50,8;MANHUACU;Transitar na contramão;Colisão frontal;Com Vítimas Feridas;Plena Noite;Crescente;Céu Claro;Simples;Reta;Sim;3;0;1;0;1;1;1;3;-20,24780468;-42,14613944;SPRF-MG;DEL06-MG;UOP03-DEL06-MG
696821;08/06/2025;domingo;18:45:00;GO;60;187,4;GUAPO;Velocidade Incompatível;Colisão traseira;Sem Vítimas;Plena Noite;Decrescente;Céu Claro;Dupla;Declive;Sim;2;0;0;0;2;0;0;2;-16,82626661;-49,53604165;SPRF-GO;DEL01-GO;UOP02-DEL01-GO
696822;08/06/2025;domingo;18:45:00;SC;282;19,4;PALHOCA;Reação tardia ou ineficiente do condutor;Engavetamento;Sem Vítimas;Plena Noite;Crescente;Nublado;Simples;"Reta;Aclive";Sim;3;0;0;0;3;0;0;3;-27,681243;-48,705997;SPRF-SC;DEL01-SC;UOP02-DEL01-SC
696823;08/06/2025;domingo;18:00:00;PE;232;100,8;BEZERROS;Ultrapassagem Indevida;Colisão frontal;Com Vítimas Feridas;Plena Noite;Decrescente;Nublado;Simples;Reta;Sim;2;0;1;1;0;0;2;2;-8,241553;-35,749794;SPRF-PE;DEL02-PE;UOP02-DEL02PE
696824;08/06/2025;domingo;18:00:00;SC;101;113,8;ITAJAI;Reação tardia ou ineficiente do condutor;Tombamento;Com Vítimas Feridas;Plena Noite;Crescente;Céu Claro;Múltipla;Curva;Sim;1;0;1;0;0;0;1;1;-26,86427601;-48,72955799;SPRF-SC;DEL04-SC;UOP04-DEL04-SC
696825;08/06/2025;domingo;19:10:00;RS;116;246;SAO LEOPOLDO;Reação tardia ou ineficiente do condutor;Colisão traseira;Com Vítimas Feridas;Plena Noite;Decrescente;Nublado;Múltipla;"Reta;Ponte";Sim;3;0;1;0;2;0;1;2;-29,72464116;-51,14875926;SPRF-RS;DEL01-RS;UOP02-DEL01-RS
696826;08/06/2025;domingo;13:00:00;AC;364;253;SENA MADUREIRA;Pista esburacada;Saída de leito carroçável;Com Vítimas Feridas;Pleno dia;Decrescente;Garoa/Chuvisco;Simples;"Reta;Declive";Não;6;0;1;0;5;0;1;1;-9,203067;-68,5429678;SPRF-AC;DEL01-AC;UOP01-DEL01-AC
696827;08/06/2025;domingo;19:10:00;SE;235;27,5;ITABAIANA;Transitar na contramão;Colisão frontal;Com Vítimas Feridas;Plena Noite;Crescente;Garoa/Chuvisco;Simples;Curva;Não;2;0;0;1;1;0;1;2;-10,7057188;-37,4274192;SPRF-SE;DEL01-SE;UOP02-DEL01-SE
696828;08/06/2025;domingo;18:40:00;ES;262;110;VENDA NOVA DO IMIGRANTE;Suicídio (presumido);Atropelamento de Pedestre;Com Vítimas Feridas;Plena Noite;Crescente;Céu Claro;Simples;Reta;Sim;2;0;1;0;1;0;1;2;-20,336698;-41,18602;SPRF-ES;DEL01-ES;UOP02-DEL01-ES
696829;08/06/2025;domingo;19:20:00;SC;101;116;ITAJAI;Ingestão de álcool pelo condutor;Colisão com objeto;Com Vítimas Feridas;Plena Noite;Crescente;Nublado;Múltipla;Reta;Sim;1;0;0;1;0;0;1;1;-26,8862912;-48,7225196;SPRF-SC;DEL04-SC;UOP04-DEL04-SC
696830;08/06/2025;domingo;18:45:00;RS;290;137;ELDORADO DO SUL;Manobra de mudança de faixa;Colisão frontal;Com Vítimas Feridas;Plena Noite;Decrescente;Céu Claro;Simples;Reta;Não;5;0;1;1;3;0;2;3;-30,07301679;-51,58649039;SPRF-RS;DEL02-RS;UOP01-DEL02-RS
696831;08/06/2025;domingo;19:20:00;RJ;393;171;TRES RIOS;Acessar a via sem observar a presença dos outros veículos;Colisão transversal;Sem Vítimas;Plena Noite;Crescente;Chuva;Simples;Reta;Não;2;0;0;0;2;0;0;2;-22,124107;-43,197303;SPRF-RJ;DEL05-RJ;UOP03-DEL05-RJ
696833;08/06/2025;domingo;18:20:00;MS;262;375,8;TERENOS;Ausência de reação do condutor;Colisão lateral sentido oposto;Sem Vítimas;Pleno dia;Crescente;Garoa/Chuvisco;Simples;Reta;Não;8;0;0;0;8;0;0;2;-20,48721457;-54,82874807;SPRF-MS;DEL01-MS;UOP03-DEL01-MS
696836;08/06/2025;domingo;15:20:00;RJ;116;324;ITATIAIA;Acumulo de água sobre o pavimento;Colisão com objeto;Com Vítimas Feridas;Pleno dia;Crescente;Chuva;Simples;Curva;Sim;1;0;1;0;0;0;1;1;-22,4931;-44,56491;SPRF-RJ;DEL07-RJ;UOP02-DEL07-RJ
696837;08/06/2025;domingo;19:09:00;RN;226;14,5;MACAIBA;Ausência de reação do condutor;Colisão traseira;Com Vítimas Feridas;Plena Noite;Crescente;Céu Claro;Simples;Reta;Não;2;0;0;1;1;0;1;2;-5,855562;-35,33318;SPRF-RN;DEL01-RN;UOP02-DEL01-RN
696838;08/06/2025;domingo;19:05:00;RJ;101;272;RIO BONITO;Condutor deixou de manter distância do veículo da frente;Colisão traseira;Com Vítimas Feridas;Plena Noite;Crescente;Nublado;Dupla;Reta;Sim;3;0;2;0;1;0;2;2;-22,72853214;-42,69802094;SPRF-RJ;DEL02-RJ;UOP03-DEL02-RJ
696840;08/06/2025;domingo;16:50:00;SC;116;73,2;MONTE CASTELO;Condutor deixou de manter distância do veículo da frente;Colisão traseira;Com Vítimas Feridas;Pleno dia;Decrescente;Nublado;Simples;Reta;Não;2;0;1;0;1;0;1;1;-26,47464677;-50,23224066;SPRF-SC;DEL06-SC;UOP02-DEL06-SC
696841;08/06/2025;domingo;20:10:00;RJ;116;178;BELFORD ROXO;Reação tardia ou ineficiente do condutor;Colisão traseira;Com Vítimas Feridas;Plena Noite;Crescente;Céu Claro;Múltipla;Reta;Sim;3;0;1;0;2;0;1;2;-22,7755885;-43,3991377;SPRF-RJ;DEL06-RJ;UOP01-DEL06-RJ
696843;08/06/2025;domingo;19:20:00;PR;376;176;MARINGA;Acessar a via sem observar a presença dos outros veículos;Colisão transversal;Com Vítimas Feridas;Plena Noite;Decrescente;Nublado;Múltipla;Reta;Não;2;0;1;0;1;0;1;2;-23,411446;-51,935213;SPRF-PR;DEL09-PR;UOP01-DEL09-PR
696844;08/06/2025;domingo;19:55:00;PE;101;47;ABREU E LIMA;Entrada inopinada do pedestre;Atropelamento de Pedestre;Com Vítimas Feridas;Plena Noite;Crescente;Céu Claro;Múltipla;Reta;Sim;2;0;1;1;0;0;2;2;-7,8896226;-34,90398775;SPRF-PE;DEL01-PE;UOP02-DEL01-PE
696846;08/06/2025;domingo;20:10:00;MG;40;450;CAETANOPOLIS;Ausência de reação do condutor;Colisão traseira;Com Vítimas Feridas;Plena Noite;Decrescente;Ignorado;Dupla;"Reta;Aclive";Não;2;0;1;1;0;0;2;1;-19,31022417;-44,37197518;SPRF-MG;DEL02-MG;UOP01-DEL02-MG
696847;03/06/2025;terça-feira;18:10:00;BA;116;17;VITORIA DA CONQUISTA;Transitar no Acostamento;Colisão frontal;Com Vítimas Feridas;Plena Noite;Decrescente;Céu Claro;Simples;Reta;Sim;3;0;1;0;0;2;1;3;-14,898908;-40,836137;SPRF-BA;DEL08-BA;UOP01-DEL08-BA
696848;08/06/2025;domingo;17:30:00;RJ;356;26,4;ITAPERUNA;Transitar no Acostamento;Atropelamento de Pedestre;Com Vítimas Feridas;Anoitecer;Crescente;Céu Claro;Simples;Declive;Sim;3;0;0;1;2;0;1;2;-21,180237;-41,948541;SPRF-RJ;DEL08-RJ;UOP03-DEL08-RJ
696849;08/06/2025;domingo;19:50:00;SP;153;111,4;JOSE BONIFACIO;Chuva;Tombamento;Com Vítimas Feridas;Plena Noite;Decrescente;Chuva;Simples;Reta;Não;1;0;0;1;0;0;1;1;-21,09987549;-49,67983246;SPRF-SP;DEL09-SP;UOP01-DEL09-SP
696851;08/06/2025;domingo;16:40:00;MG;262;442,1;NOVA SERRANA;Manobra de mudança de faixa;Saída de leito carroçável;Com Vítimas Feridas;Anoitecer;Crescente;Céu Claro;Dupla;Reta;Sim;3;0;3;0;0;0;3;1;-19,87249589;-44,96647092;SPRF-MG;DEL08-MG;UOP03-DEL08-MG
696852;08/06/2025;domingo;20:15:00;SP;116;212;GUARULHOS;Ausência de reação do condutor;Colisão traseira;Com Vítimas Feridas;Plena Noite;Crescente;Garoa/Chuvisco;Múltipla;Reta;Sim;2;0;0;1;1;0;1;2;-23,4391146;-46,4368399;SPRF-SP;DEL01-SP;UOP01-DEL01-SP
696854;08/06/2025;domingo;19:30:00;MG;50;27,7;ARAGUARI;Manobra de mudança de faixa;Colisão transversal;Com Vítimas Feridas;Plena Noite;Crescente;Céu Claro;Dupla;Retorno Regulamentado;Não;4;0;3;0;1;0;3;2;-18,61933349;-48,10043748;SPRF-MG;DEL15-MG;UOP02-DEL15-MG
696855;08/06/2025;domingo;17:40:00;SC;101;142,1;ITAPEMA;Reação tardia ou ineficiente do condutor;Saída de leito carroçável;Sem Vítimas;Anoitecer;Crescente;Nublado;Dupla;Curva;Sim;1;0;0;0;1;0;0;1;-27,06164096;-48,59679669;SPRF-SC;DEL04-SC;UOP03-DEL04-SC
696857;08/06/2025;domingo;17:00:00;MS;267;357;MARACAJU;Reação tardia ou ineficiente do condutor;Saída de leito carroçável;Com Vítimas Feridas;Anoitecer;Crescente;Céu Claro;Simples;Reta;Não;2;0;1;0;1;0;1;1;-21,64833;-55,0843;SPRF-MS;DEL02-MS;UOP02-DEL02-MS
696858;08/06/2025;domingo;18:00:00;PE;423;120;GARANHUNS;Ultrapassagem Indevida;Colisão frontal;Com Vítimas Fatais;Plena Noite;Crescente;Chuva;Simples;Reta;Sim;2;1;0;0;0;1;0;2;-8,8696887;-36,4630506;SPRF-PE;DEL03-PE;UOP01-DEL03-PE
696859;08/06/2025;domingo;19:30:00;PR;116;15;CURITIBA;Ausência de reação do condutor;Colisão traseira;Sem Vítimas;Plena Noite;Crescente;Chuva;Dupla;Reta;Não;2;0;0;0;1;1;0;2;-25,55351518;-49,305439;SPRF-PR;DEL01-PR;UOP02-DEL01-PR
696860;08/06/2025;domingo;20:50:00;SP;116;459,6;PARIQUERA-ACU;Pedestre andava na pista;Atropelamento de Pedestre;Com Vítimas Fatais;Plena Noite;Decrescente;Chuva;Dupla;Reta;Não;4;1;1;0;2;0;1;2;-24,60739896;-47,87974231;SPRF-SP;DEL05-SP;UOP01-DEL05-SP
696861;08/06/2025;domingo;19:20:00;PR;277;670;MEDIANEIRA;Condutor deixou de manter distância do veículo da frente;Colisão traseira;Com Vítimas Fatais;Plena Noite;Crescente;Céu Claro;Dupla;"Declive;Reta";Sim;4;2;1;0;0;1;1;2;-25,2805313;-54,0792332;SPRF-PR;DEL05-PR;UOP02-DEL05-PR
696863;08/06/2025;domingo;20:50:00;CE;116;13,2;FORTALEZA;Pedestre andava na pista;Atropelamento de Pedestre;Com Vítimas Fatais;Plena Noite;Crescente;Céu Claro;Dupla;Reta;Sim;2;1;1;0;0;0;1;2;-3,8612756;-38,49721877;SPRF-CE;DEL01-CE;UOP02-DEL01-CE
696864;08/06/2025;domingo;21:10:00;SP;381;60;MAIRIPORA;Pista Escorregadia;Colisão com objeto;Com Vítimas Feridas;Plena Noite;Crescente;Garoa/Chuvisco;Dupla;"Declive;Curva";Não;2;0;2;0;0;0;2;1;-23,28901677;-46,58241782;SPRF-SP;DEL03-SP;UOP01-DEL03-SP
696865;08/06/2025;domingo;19:50:00;PR;277;395;CANDOI;Acessar a via sem observar a presença dos outros veículos;Colisão transversal;Com Vítimas Feridas;Plena Noite;Decrescente;Céu Claro;Simples;"Reta;Interseção de Vias;Retorno Regulamentado";Não;4;0;0;1;3;0;1;2;-25,4518;-51,93298;SPRF-PR;DEL08-PR;UOP01-DEL08-PR
696867;08/06/2025;domingo;21:00:00;RJ;40;96;DUQUE DE CAXIAS;Chuva;Saída de leito carroçável;Com Vítimas Feridas;Plena Noite;Crescente;Chuva;Simples;"Declive;Curva";Não;2;0;1;0;1;0;1;1;-22,57399392;-43,25974465;SPRF-RJ;DEL01-RJ;UOP01-DEL01-RJ
696868;08/06/2025;domingo;20:50:00;CE;222;0,7;FORTALEZA;Condutor deixou de manter distância do veículo da frente;Colisão lateral mesmo sentido;Com Vítimas Feridas;Plena Noite;Crescente;Céu Claro;Múltipla;Reta;Sim;2;0;1;0;1;0;1;2;-3,737363;-38,576353;SPRF-CE;DEL01-CE;UOP01-DEL01-CE
696870;08/06/2025;domingo;18:55:00;MS;163;603;SAO GABRIEL DO OESTE;Ausência de reação do condutor;Engavetamento;Sem Vítimas;Plena Noite;Crescente;Chuva;Múltipla;Reta;Não;5;0;0;0;4;1;0;3;-19,46682742;-54,5032087;SPRF-MS;DEL06-MS;UOP02-DEL06-MS
696871;08/06/2025;domingo;20:30:00;GO;60;168,7;GOIANIA;Participar de racha;Saída de leito carroçável;Com Vítimas Feridas;Plena Noite;Decrescente;Céu Claro;Múltipla;Reta;Não;4;0;0;1;1;2;1;3;-16,73204013;-49,3962712;SPRF-GO;DEL01-GO;UOP02-DEL01-GO
696873;08/06/2025;domingo;20:50:00;SP;381;49;ATIBAIA;Ausência de reação do condutor;Colisão traseira;Com Vítimas Feridas;Plena Noite;Decrescente;Garoa/Chuvisco;Dupla;Declive;Não;2;0;2;0;0;0;2;2;-23,19792127;-46,58737613;SPRF-SP;DEL03-SP;UOP01-DEL03-SP
696874;08/06/2025;domingo;20:30:00;GO;40;103,2;CRISTALINA;Manobra de mudança de faixa;Colisão lateral sentido oposto;Com Vítimas Feridas;Plena Noite;Decrescente;Céu Claro;Simples;Reta;Não;2;0;1;1;0;0;2;2;-16,810338;-47,560745;SPRF-DF;DEL01-DF;UOP02-DEL01-DF
696875;08/06/2025;domingo;18:45:00;PR;277;65;SAO JOSE DOS PINHAIS;Chuva;Tombamento;Com Vítimas Feridas;Plena Noite;Crescente;Chuva;Dupla;Reta;Não;1;0;1;0;0;0;1;1;-25,5330527;-49,079543;SPRF-PR;DEL01-PR;UOP01-DEL01-PR
696876;08/06/2025;domingo;17:50:00;MT;364;64,6;ALTO GARCAS;Velocidade Incompatível;Colisão traseira;Com Vítimas Feridas;Plena Noite;Decrescente;Céu Claro;Simples;Reta;Não;3;0;0;2;0;1;2;2;-16,938774;-53,58454;SPRF-MT;DEL02-MT;UOP02-DEL02-MT
696877;08/06/2025;domingo;21:55:00;SP;381;60;MAIRIPORA;Condutor usando celular;Colisão traseira;Sem Vítimas;Plena Noite;Crescente;Chuva;Dupla;Reta;Não;2;0;0;0;2;0;0;2;-23,29021979;-46,58701706;SPRF-SP;DEL03-SP;UOP01-DEL03-SP
696878;08/06/2025;domingo;21:55:00;PE;232;509;SALGUEIRO;Ingestão de álcool pelo condutor;Tombamento;Com Vítimas Feridas;Plena Noite;Decrescente;Céu Claro;Simples;Reta;Não;1;0;1;0;0;0;1;1;-8,065102;-39,1306;SPRF-PE;DEL05-PE;UOP01-DEL05-PE
696879;08/06/2025;domingo;19:50:00;PE;408;50;NAZARE DA MATA;Animais na Pista;Atropelamento de Animal;Com Vítimas Fatais;Plena Noite;Decrescente;Céu Claro;Simples;Reta;Não;2;1;1;0;0;0;1;2;-7,793143;-35,244732;SPRF-PE;DEL01-PE;UOP02-DEL01-PE
696881;08/06/2025;domingo;21:50:00;BA;116;452;ANTONIO CARDOSO;Pedestre - Ingestão de álcool/ substâncias psicoativas;Atropelamento de Pedestre;Com Vítimas Fatais;Plena Noite;Decrescente;Céu Claro;Dupla;Reta;Não;3;1;0;0;2;0;0;2;-12,406215;-39,175967;SPRF-BA;DEL02-BA;UOP01-DEL02-BA