id;data_inversa;dia_semana;horario;uf;br;km;municipio;causa_acidente;tipo_acidente;classificacao_acidente;fase_dia;sentido_via;condicao_metereologica;tipo_pista;tracado_via;uso_solo;pessoas;mortos;feridos_leves;feridos_graves;ilesos;ignorados;feridos;veiculos;latitude;longitude;regional;delegacia;uop
696882;08/06/2025;domingo;21:55:00;RJ;116;177;SAO JOAO DE MERITI;Demais falhas mecânicas ou elétricas;Queda de ocupante de veículo;Com Vítimas Feridas;Plena Noite;Decrescente;Nublado;Dupla;Reta;Não;2;0;1;0;0;1;1;1;-22,77997;-43,39394;SPRF-RJ;DEL06-RJ;UOP01-DEL06-RJ
696883;08/06/2025;domingo;21:28:00;MS;163;282;DOURADOS;Ausência de reação do condutor;Saída de leito carroçável;Com Vítimas Feridas;Plena Noite;Crescente;Céu Claro;Dupla;Reta;Não;1;0;1;0;0;0;1;1;-22,12459;-54,60238;SPRF-MS;DEL04-MS;UOP01-DEL04-MS
696885;08/06/2025;domingo;21:00:00;RS;116;305;GUAIBA;Transitar na contramão;Colisão frontal;Com Vítimas Fatais;Plena Noite;Decrescente;Céu Claro;Simples;Reta;Não;2;1;0;0;1;0;0;2;-30,15493893;-51,36887742;SPRF-RS;DEL02-RS;UOP01-DEL02-RS
696886;08/06/2025;domingo;22:00:00;PR;376;174,4;MARINGA;Manobra de mudança de faixa;Colisão lateral mesmo sentido;Com Vítimas Feridas;Plena Noite;Decrescente;Céu Claro;Dupla;"Reta;Aclive;Interseção de Vias";Sim;2;0;1;0;1;0;1;2;-23,41594651;-51,95468299;SPRF-PR;DEL09-PR;UOP01-DEL09-PR
696887;08/06/2025;domingo;21:50:00;SP;116;166;JACAREI;Reação tardia ou ineficiente do condutor;Tombamento;Com Vítimas Fatais;Plena Noite;Decrescente;Garoa/Chuvisco;Dupla;Reta;Sim;1;1;0;0;0;0;0;1;-23,2994509;-46,0152505;SPRF-SP;DEL02-SP;UOP01-DEL02-SP
696889;08/06/2025;domingo;22:14:00;RS;116;270;PORTO ALEGRE;Condutor deixou de manter distância do veículo da frente;Colisão traseira;Com Vítimas Feridas;Plena Noite;Decrescente;Céu Claro;Dupla;Curva;Sim;3;0;2;0;0;1;2;2;-29,98668118;-51,18131924;SPRF-RS;DEL01-RS;UOP01-DEL01-RS
696890;08/06/2025;domingo;21:10:00;MT;163;782;SORRISO;Reação tardia ou ineficiente do condutor;Tombamento;Com Vítimas Fatais;Plena Noite;Crescente;Céu Claro;Simples;Reta;Não;5;1;0;0;4;0;0;3;-12,315784;-55,580256;SPRF-MT;DEL06-MT;UOP02-DEL06-MT
696891;08/06/2025;domingo;21:30:00;RJ;101;503;ANGRA DOS REIS;Reação tardia ou ineficiente do condutor;Colisão com objeto;Sem Vítimas;Plena Noite;Decrescente;Céu Claro;Simples;Reta;Sim;1;0;0;0;1;0;0;1;-22,92963701;-44,38058356;SPRF-RJ;DEL03-RJ;UOP03-DEL03-RJ
696893;08/06/2025;domingo;19:40:00;PE;104;120;PANELAS;Demais falhas mecânicas ou elétricas;Incêndio;Sem Vítimas;Plena Noite;Crescente;Nublado;Simples;Aclive;Não;1;0;0;0;1;0;0;1;-8,70115;-36,0247;SPRF-PE;DEL02-PE;NPF/DEL02-PE
696894;08/06/2025;domingo;23:00:00;PR;376;666,1;GUARATUBA;Ausência de reação do condutor;Colisão com objeto;Com Vítimas Feridas;Plena Noite;Crescente;Chuva;Simples;"Declive;Curva";Não;3;0;2;0;1;0;2;1;-25,86519474;-48,94924164;SPRF-PR;DEL01-PR;UOP04-DEL01-PR
696895;08/06/2025;domingo;22:00:00;RJ;40;109;DUQUE DE CAXIAS;Ultrapassagem Indevida;Colisão traseira;Com Vítimas Feridas;Plena Noite;Decrescente;Ignorado;Simples;Curva;Sim;2;0;1;0;1;0;1;2;-22,6956265;-43,2888767;SPRF-RJ;DEL01-RJ;UOP02-DEL01-RJ
696897;08/06/2025;domingo;22:15:00;GO;60;10,4;SANTO ANTONIO DO DESCOBERTO;Condutor Dormindo;Saída de leito carroçável;Com Vítimas Feridas;Plena Noite;Decrescente;Céu Claro;Dupla;Declive;Não;1;0;1;0;0;0;1;1;-16,117118;-48,31881;SPRF-DF;DEL03-DF;UOP01-DEL03-DF
696898;08/06/2025;domingo;21:00:00;RO;364;354;JI-PARANA;Ingestão de álcool pelo condutor;Saída de leito carroçável;Com Vítimas Feridas;Plena Noite;Crescente;Céu Claro;Simples;Declive;Não;1;0;1;0;0;0;1;1;-10,808388;-62,020652;SPRF-RO;DEL02-RO;UOP01-DEL02-RO
696899;08/06/2025;domingo;17:30:00;RO;435;124;CEREJEIRAS;Manobra de mudança de faixa;Colisão lateral sentido oposto;Com Vítimas Feridas;Plena Noite;Decrescente;Céu Claro;Simples;Reta;Não;2;0;1;0;1;0;1;2;-13,1892;-60,85867;SPRF-RO;DEL04-RO;UOP02-DEL04-RO
696901;08/06/2025;domingo;22:20:00;SC;101;252,2;PAULO LOPES;Acessar a via sem observar a presença dos outros veículos;Colisão transversal;Com Vítimas Feridas;Plena Noite;Decrescente;Nublado;Múltipla;"Reta;Interseção de Vias";Não;2;0;1;0;0;1;1;2;-27,960519;-48,678676;SPRF-SC;DEL02-SC;UOP03-DEL02-SC
696903;08/06/2025;domingo;21:00:00;BA;420;332,7;ITAQUARA;Ingestão de álcool pelo condutor;Colisão frontal;Com Vítimas Fatais;Plena Noite;Decrescente;Céu Claro;Simples;Aclive;Não;3;2;0;1;0;0;1;2;-13,46164163;-39,94050427;SPRF-BA;DEL03-BA;UOP01-DEL03-BA
696904;08/06/2025;domingo;23:20:00;BA;110;182;RIBEIRA DO POMBAL;Ingestão de álcool pelo condutor;Tombamento;Com Vítimas Feridas;Plena Noite;Decrescente;Céu Claro;Simples;"Declive;Reta";Não;1;0;1;0;0;0;1;1;-10,89822;-38,52262;SPRF-BA;DEL07-BA;UOP02-DEL07-BA
696905;08/06/2025;domingo;19:45:00;PI;230;245;SAO FRANCISCO DO PIAUI;Ausência de reação do condutor;Saída de leito carroçável;Com Vítimas Feridas;Plena Noite;Crescente;Céu Claro;Simples;Reta;Não;2;0;1;1;0;0;2;1;-6,982772;-42,512255;SPRF-PI;DEL03-PI;UOP01-DEL03-PI
696906;08/06/2025;domingo;22:45:00;MS;60;419,8;SIDROLANDIA;Ausência de reação do condutor;Saída de leito carroçável;Com Vítimas Feridas;Plena Noite;Decrescente;Céu Claro;Simples;Reta;Não;2;0;2;0;0;0;2;1;-20,900522;-54,923134;SPRF-MS;DEL01-MS;UOP04-DEL01-MS
696907;09/06/2025;segunda-feira;01:00:00;PB;230;162;CAMPINA GRANDE;Ingestão de álcool pelo condutor;Tombamento;Com Vítimas Feridas;Plena Noite;Crescente;Nublado;Simples;"Declive;Reta";Não;1;0;1;0;0;0;1;1;-7,232708;-35,942596;SPRF-PB;DEL02-PB;UOP01-DEL02-PB
696908;09/06/2025;segunda-feira;01:20:00;PR;369;151;LONDRINA;Velocidade Incompatível;Saída de leito carroçável;Sem Vítimas;Plena Noite;Crescente;Nublado;Dupla;Reta;Sim;2;0;0;0;2;0;0;2;-23,29264277;-51,18125645;SPRF-PR;DEL07-PR;UOP01-DEL07-PR
696909;09/06/2025;segunda-feira;00:15:00;PE;232;249,9;ARCOVERDE;Animais na Pista;Colisão frontal;Sem Vítimas;Plena Noite;Crescente;Céu Claro;Simples;"Reta;Declive";Não;2;0;0;0;2;0;0;1;-8,423248;-37,0439382;SPRF-PE;DEL04-PE;UOP02-DEL04-PE
696910;09/06/2025;segunda-feira;01:00:00;MS;163;281,2;DOURADOS;Condutor Dormindo;Saída de leito carroçável;Sem Vítimas;Plena Noite;Crescente;Céu Claro;Simples;Reta;Sim;1;0;0;0;0;1;0;1;-22,1295098;-54,6084973;SPRF-MS;DEL04-MS;UOP01-DEL04-MS
696911;09/06/2025;segunda-feira;01:00:00;RJ;393;233;VASSOURAS;Ingestão de álcool pelo condutor;Tombamento;Com Vítimas Feridas;Plena Noite;Crescente;Nublado;Simples;Reta;Sim;1;0;1;0;0;0;1;1;-22,3959218;-43,65701795;SPRF-RJ;DEL05-RJ;UOP03-DEL05-RJ
696912;08/06/2025;domingo;22:50:00;RJ;101;279;ITABORAI;Ingestão de álcool pelo condutor;Colisão lateral mesmo sentido;Sem Vítimas;Pleno dia;Crescente;Chuva;Dupla;Reta;Não;2;0;0;0;2;0;0;2;-22,73821724;-42,7724946;SPRF-RJ;DEL02-RJ;UOP03-DEL02-RJ
696913;09/06/2025;segunda-feira;02:55:00;RJ;116;145;DUQUE DE CAXIAS;Reação tardia ou ineficiente do condutor;Colisão com objeto;Com Vítimas Feridas;Plena Noite;Decrescente;Garoa/Chuvisco;Dupla;Reta;Sim;2;0;1;1;0;0;2;1;-22,6626264;-43,2550247;SPRF-RJ;DEL01-RJ;UOP02-DEL01-RJ
696914;09/06/2025;segunda-feira;03:35:00;RS;158;331;SANTA MARIA;Reação tardia ou ineficiente do condutor;Colisão traseira;Com Vítimas Feridas;Plena Noite;Decrescente;Céu Claro;Dupla;"Curva;Declive";Sim;4;0;3;0;0;1;3;3;-29,70429709;-53,84461641;SPRF-RS;DEL09-RS;UOP01-DEL09-RS
696915;09/06/2025;segunda-feira;03:45:00;PE;232;56,4;POMBOS;Animais na Pista;Atropelamento de Animal;Com Vítimas Fatais;Plena Noite;Crescente;Céu Claro;Dupla;Reta;Sim;2;1;0;1;0;0;1;1;-8,139551;-35,377414;SPRF-PE;DEL02-PE;UOP02-DEL02PE
696916;09/06/2025;segunda-feira;03:56:00;PE;232;56,5;POMBOS;Ausência de reação do condutor;Atropelamento de Pedestre;Com Vítimas Feridas;Plena Noite;Crescente;Céu Claro;Dupla;Reta;Não;2;0;2;0;0;0;2;2;-8,139459;-35,37743;SPRF-PE;DEL02-PE;UOP02-DEL02PE
696920;09/06/2025;segunda-feira;03:00:00;MG;365;165;BURITIZEIRO;Reação tardia ou ineficiente do condutor;Colisão frontal;Com Vítimas Fatais;Plena Noite;Crescente;Céu Claro;Simples;Reta;Não;4;1;0;3;0;0;3;2;-17,37701705;-44,95321598;SPRF-MG;DEL10-MG;UOP02-DEL010-MG
696921;09/06/2025;segunda-feira;04:30:00;PR;376;306;MAUA DA SERRA;Velocidade Incompatível;Colisão com objeto;Com Vítimas Feridas;Plena Noite;Crescente;Céu Claro;Dupla;Curva;Não;1;0;1;0;0;0;1;1;-23,93961358;-51,1210769;SPRF-PR;DEL07-PR;UOP02-DEL07-PR
696924;09/06/2025;segunda-feira;04:00:00;RN;304;47,3;MOSSORO;Ingestão de álcool pelo condutor;Colisão com objeto;Sem Vítimas;Plena Noite;Crescente;Céu Claro;Dupla;Curva;Sim;1;0;0;0;1;0;0;1;-5,22620453;-37,32652757;SPRF-RN;DEL04-RN;UOP01-DEL04-RN
696925;09/06/2025;segunda-feira;04:57:00;MG;365;648;UBERLANDIA;Animais na Pista;Saída de leito carroçável;Sem Vítimas;Plena Noite;Decrescente;Céu Claro;Dupla;Aclive;Não;1;0;0;0;1;0;0;1;-18,86945629;-48,56394358;SPRF-MG;DEL15-MG;UOP01-DEL15-MG
696926;09/06/2025;segunda-feira;05:40:00;RJ;101;322;NITEROI;Pista Escorregadia;Queda de ocupante de veículo;Com Vítimas Feridas;Amanhecer;Crescente;Chuva;Múltipla;Reta;Sim;1;0;1;0;0;0;1;1;-22,87820919;-43,11392304;SPRF-RJ;DEL02-RJ;UOP01-DEL02-RJ
696927;09/06/2025;segunda-feira;05:10:00;RJ;116;143;DUQUE DE CAXIAS;Acumulo de água sobre o pavimento;Colisão lateral mesmo sentido;Com Vítimas Feridas;Amanhecer;Crescente;Chuva;Dupla;Reta;Não;2;0;1;0;1;0;1;2;-22,66800162;-43,26757942;SPRF-RJ;DEL01-RJ;UOP02-DEL01-RJ
696929;09/06/2025;segunda-feira;06:00:00;DF;20;11;BRASILIA;Demais falhas na via;Tombamento;Com Vítimas Feridas;Amanhecer;Decrescente;Céu Claro;Dupla;"Em Obras;Reta";Sim;1;0;1;0;0;0;1;1;-15,6430103;-47,7556865;SPRF-DF;DEL02-DF;UOP01-DEL02-DF
696932;09/06/2025;segunda-feira;06:45:00;RS;290;92;PORTO ALEGRE;Acessar a via sem observar a presença dos outros veículos;Colisão lateral mesmo sentido;Com Vítimas Feridas;Amanhecer;Crescente;Nevoeiro/Neblina;Dupla;Reta;Sim;4;0;1;0;3;0;1;4;-29,9699832;-51,1711934;SPRF-RS;DEL01-RS;UOP01-DEL01-RS
696933;09/06/2025;segunda-feira;06:30:00;CE;20;405,7;CAUCAIA;Transitar na contramão;Colisão frontal;Sem Vítimas;Pleno dia;Crescente;Nublado;Simples;Reta;Sim;2;0;0;0;2;0;0;2;-3,77073548;-38,67050171;SPRF-CE;DEL01-CE;UOP01-DEL01-CE
696934;09/06/2025;segunda-feira;07:00:00;RS;116;268;CANOAS;Manobra de mudança de faixa;Colisão lateral mesmo sentido;Com Vítimas Feridas;Pleno dia;Crescente;Nevoeiro/Neblina;Múltipla;Reta;Sim;3;0;1;0;2;0;1;3;-29,951207;-51,1767187;SPRF-RS;DEL01-RS;UOP01-DEL01-RS
696936;09/06/2025;segunda-feira;03:00:00;RJ;101;508;ANGRA DOS REIS;Ausência de reação do condutor;Queda de ocupante de veículo;Com Vítimas Feridas;Plena Noite;Crescente;Chuva;Simples;Reta;Não;2;0;0;1;1;0;1;1;-22,94155123;-44,42240629;SPRF-RJ;DEL03-RJ;UOP03-DEL03-RJ
696939;09/06/2025;segunda-feira;06:30:00;SC;101;2,5;GARUVA;Velocidade Incompatível;Saída de leito carroçável;Sem Vítimas;Amanhecer;Crescente;Chuva;Dupla;"Curva;Aclive";Não;1;0;0;0;1;0;0;1;-25,99520132;-48,87959925;SPRF-SC;DEL03-SC;UOP01-DEL03-SC
696941;08/06/2025;domingo;14:18:00;BA;349;947;CORRENTINA;Reação tardia ou ineficiente do condutor;Capotamento;Com Vítimas Feridas;Pleno dia;Decrescente;Céu Claro;Simples;Reta;Não;1;0;1;0;0;0;1;1;-13,36417806;-44,62589433;SPRF-BA;DEL10-BA;UOP02-DEL10-BA
696942;09/06/2025;segunda-feira;05:50:00;BA;324;614;SALVADOR;Demais falhas mecânicas ou elétricas;Tombamento;Com Vítimas Feridas;Pleno dia;Decrescente;Céu Claro;Dupla;Reta;Sim;2;0;2;0;0;0;2;1;-12,87606996;-38,42948914;SPRF-BA;DEL01-BA;UOP01-DEL01-BA
696943;09/06/2025;segunda-feira;06:10:00;PE;101;78;RECIFE;Acumulo de areia ou detritos sobre o pavimento;Tombamento;Sem Vítimas;Pleno dia;Decrescente;Nublado;Dupla;Curva;Sim;1;0;0;0;0;1;0;1;-8,12843;-34,9439;SPRF-PE;DEL01-PE;UOP01-DEL01-PE
696945;09/06/2025;segunda-feira;07:50:00;BA;324;621;SALVADOR;Condutor deixou de manter distância do veículo da frente;Colisão traseira;Com Vítimas Feridas;Pleno dia;Decrescente;Céu Claro;Múltipla;Reta;Sim;2;0;1;0;1;0;1;2;-12,9270587;-38,4692147;SPRF-BA;DEL01-BA;UOP01-DEL01-BA
696946;09/06/2025;segunda-feira;08:00:00;SP;153;122,1;UBARANA;Condutor Dormindo;Saída de leito carroçável;Com Vítimas Feridas;Pleno dia;Decrescente;Garoa/Chuvisco;Simples;Reta;Não;1;0;1;0;0;0;1;1;-21,185755;-49,722879;SPRF-SP;DEL09-SP;UOP01-DEL09-SP
696947;09/06/2025;segunda-feira;05:45:00;MT;163;833;SINOP;Ausência de reação do condutor;Queda de ocupante de veículo;Com Vítimas Feridas;Pleno dia;Crescente;Céu Claro;Dupla;Reta;Sim;1;0;1;0;0;0;1;1;-11,87615123;-55,49906491;SPRF-MT;DEL06-MT;UOP02-DEL06-MT
696948;09/06/2025;segunda-feira;07:30:00;RS;116;266;CANOAS;Condutor deixou de manter distância do veículo da frente;Colisão traseira;Com Vítimas Feridas;Pleno dia;Crescente;Nublado;Dupla;Reta;Não;3;0;1;1;1;0;2;2;-29,92910277;-51,17770169;SPRF-RS;DEL01-RS;UOP01-DEL01-RS
696949;09/06/2025;segunda-feira;07:40:00;RN;304;304;PARNAMIRIM;Ausência de reação do condutor;Colisão traseira;Com Vítimas Feridas;Pleno dia;Decrescente;Céu Claro;Dupla;Retorno Regulamentado;Não;3;0;2;0;1;0;2;2;-5,88558575;-35,27824062;SPRF-RN;DEL01-RN;UOP02-DEL01-RN
696950;09/06/2025;segunda-feira;08:10:00;SC;101;210;SAO JOSE;Ausência de reação do condutor;Queda de ocupante de veículo;Com Vítimas Feridas;Pleno dia;Decrescente;Céu Claro;Múltipla;Reta;Não;2;0;1;0;1;0;1;2;-27,61377517;-48,64251344;SPRF-SC;DEL01-SC;UOP01-DEL01-SC
696951;09/06/2025;segunda-feira;08:00:00;GO;153;502;GOIANIA;Reação tardia ou ineficiente do condutor;Colisão traseira;Com Vítimas Feridas;Pleno dia;Decrescente;Céu Claro;Dupla;Reta;Sim;2;0;0;1;1;0;1;2;-16,722465;-49,239467;SPRF-GO;DEL01-GO;UOP01-DEL01-GO
696952;09/06/2025;segunda-feira;08:30:00;RN;101;95;NATAL;Reação tardia ou ineficiente do condutor;Colisão traseira;Com Vítimas Feridas;Pleno dia;Decrescente;Sol;Múltipla;Reta;Sim;2;0;1;0;0;1;1;2;-5,84147169;-35,21011859;SPRF-RN;DEL01-RN;UOP01-DEL01-RN
696954;09/06/2025;segunda-feira;07:30:00;MG;381;654;SANTO ANTONIO DO AMPARO;Pista Escorregadia;Saída de leito carroçável;Com Vítimas Feridas;Pleno dia;Decrescente;Chuva;Dupla;"Aclive;Curva";Não;4;0;4;0;0;0;4;1;-20,97503;-44,93791;SPRF-MG;DEL04-MG;UOP02-DEL04-MG
696955;09/06/2025;segunda-feira;08:30:00;SC;101;204,6;SAO JOSE;Objeto estático sobre o leito carroçável;Tombamento;Com Vítimas Feridas;Pleno dia;Decrescente;Céu Claro;Múltipla;Reta;Sim;1;0;0;1;0;0;1;1;-27,58034959;-48,61425519;SPRF-SC;DEL01-SC;UOP01-DEL01-SC
696956;09/06/2025;segunda-feira;04:45:00;RR;401;11;BOA VISTA;Ingestão de álcool pelo condutor;Colisão transversal;Sem Vítimas;Amanhecer;Decrescente;Céu Claro;Simples;"Reta;Interseção de Vias";Sim;2;0;0;0;2;0;0;2;2,800726;-60,678918;SPRF-RR;DEL01-RR;UOP01-DEL01-RR
696957;08/06/2025;domingo;21:50:00;MA;230;396,7;BALSAS;Condutor deixou de manter distância do veículo da frente;Colisão traseira;Com Vítimas Feridas;Plena Noite;Decrescente;Céu Claro;Simples;"Reta;Aclive";Não;2;0;0;1;1;0;1;2;-7,466462;-46,01914;SPRF-MA;DEL05-MA;UOP01-DEL05-MA
696958;09/06/2025;segunda-feira;08:30:00;CE;116;4;FORTALEZA;Manobra de mudança de faixa;Colisão lateral mesmo sentido;Com Vítimas Feridas;Pleno dia;Decrescente;Céu Claro;Múltipla;Reta;Não;2;0;1;0;1;0;1;2;-3,7883117;-38,5103584;SPRF-CE;DEL01-CE;UOP02-DEL01-CE
696962;09/06/2025;segunda-feira;08:10:00;BA;116;275;TUCANO;Acessar a via sem observar a presença dos outros veículos;Colisão transversal;Com Vítimas Feridas;Pleno dia;Decrescente;Céu Claro;Simples;Reta;Sim;2;0;1;0;0;1;1;2;-10,9561073;-38,79323959;SPRF-BA;DEL07-BA;UOP02-DEL07-BA
696963;09/06/2025;segunda-feira;05:50:00;PI;343;599;FLORIANO;Reação tardia ou ineficiente do condutor;Saída de leito carroçável;Sem Vítimas;Pleno dia;Decrescente;Céu Claro;Simples;"Curva;Aclive";Não;3;0;0;0;3;0;0;1;-6,82817;-43,064926;SPRF-PI;DEL03-PI;UOP01-DEL03-PI
696967;09/06/2025;segunda-feira;07:30:00;RS;116;371;TAPES;Ausência de reação do condutor;Tombamento;Com Vítimas Feridas;Amanhecer;Decrescente;Nublado;Dupla;Reta;Não;1;0;1;0;0;0;1;1;-30,71186673;-51,5833962;SPRF-RS;DEL02-RS;UOP02-DEL02-RS
696968;09/06/2025;segunda-feira;03:00:00;SC;116;72,6;MONTE CASTELO;Ausência de reação do condutor;Colisão com objeto;Sem Vítimas;Plena Noite;Decrescente;Nublado;Simples;Reta;Não;1;0;0;0;1;0;0;1;-26,492479;-50,232949;SPRF-SC;DEL06-SC;UOP02-DEL06-SC
696970;09/06/2025;segunda-feira;09:55:00;RS;285;128,1;VACARIA;Condutor deixou de manter distância do veículo da frente;Colisão traseira;Com Vítimas Feridas;Pleno dia;Decrescente;Céu Claro;Simples;Reta;Não;6;0;1;0;5;0;1;2;-28,4614578;-50,9791828;SPRF-RS;DEL05-RS;UOP03-DEL05-RS
696972;09/06/2025;segunda-feira;06:24:00;MT;364;202;RONDONOPOLIS;Reação tardia ou ineficiente do condutor;Colisão frontal;Com Vítimas Feridas;Pleno dia;Decrescente;Céu Claro;Dupla;Reta;Sim;2;0;0;1;1;0;1;2;-16,47517562;-54,6537596;SPRF-MT;DEL02-MT;UOP01-DEL02-MT
696975;11/05/2025;domingo;13:50:00;MT;163;112;RONDONOPOLIS;Demais falhas mecânicas ou elétricas;Colisão com objeto;Com Vítimas Feridas;Pleno dia;Crescente;Ignorado;Dupla;Reta;Não;2;0;1;0;1;0;1;1;-16,55456266;-54,67529504;SPRF-MT;DEL02-MT;UOP01-DEL02-MT
696976;09/06/2025;segunda-feira;09:45:00;MG;262;533,8;LUZ;Velocidade Incompatível;Saída de leito carroçável;Com Vítimas Fatais;Pleno dia;Crescente;Chuva;Simples;"Curva;Aclive";Não;2;1;0;0;1;0;0;1;-19,771982;-45,78199;SPRF-MG;DEL08-MG;UOP02-DEL08-MG
696977;09/06/2025;segunda-feira;10:00:00;RJ;116;290;BARRA MANSA;Chuva;Colisão com objeto;Com Vítimas Feridas;Pleno dia;Decrescente;Chuva;Dupla;Curva;Não;1;0;1;0;0;0;1;1;-22,50776974;-44,22742724;SPRF-RJ;DEL07-RJ;UOP02-DEL07-RJ
696978;09/06/2025;segunda-feira;10:00:00;PR;116;28;CAMPINA GRANDE DO SUL;Velocidade Incompatível;Saída de leito carroçável;Com Vítimas Feridas;Pleno dia;Decrescente;Chuva;Dupla;Curva;Não;1;0;1;0;0;0;1;1;-25,111943;-48,802804;SPRF-PR;DEL01-PR;UOP02-DEL01-PR
696980;09/06/2025;segunda-feira;07:30:00;PR;369;86;CORNELIO PROCOPIO;Neblina;Saída de leito carroçável;Com Vítimas Feridas;Pleno dia;Crescente;Nevoeiro/Neblina;Simples;Curva;Não;2;0;1;0;1;0;1;1;-23,170482;-50,613282;SPRF-PR;DEL07-PR;UOP05-DEL07-PR
696981;09/06/2025;segunda-feira;11:22:00;SC;470;53;BLUMENAU;Acessar a via sem observar a presença dos outros veículos;Colisão lateral mesmo sentido;Com Vítimas Feridas;Pleno dia;Crescente;Nublado;Simples;Reta;Não;2;0;0;1;1;0;1;2;-26,86765167;-49,10356371;SPRF-SC;DEL04-SC;UOP01-DEL04-SC
696982;09/06/2025;segunda-feira;11:05:00;PB;230;1,6;CABEDELO;Acessar a via sem observar a presença dos outros veículos;Colisão transversal;Com Vítimas Feridas;Pleno dia;Decrescente;Céu Claro;Simples;Reta;Sim;3;0;1;0;2;0;1;2;-6,981195;-34,8301053;SPRF-PB;DEL01-PB;UOP01-DEL01-PB
696983;09/06/2025;segunda-feira;11:40:00;SC;101;206;SAO JOSE;Condutor deixou de manter distância do veículo da frente;Colisão traseira;Com Vítimas Feridas;Pleno dia;Decrescente;Nublado;Múltipla;Reta;Sim;2;0;0;1;1;0;1;2;-27,59143637;-48,61786779;SPRF-SC;DEL01-SC;UOP01-DEL01-SC
696984;09/06/2025;segunda-feira;10:58:00;RN;101;151;GOIANINHA;Chuva;Colisão traseira;Com Vítimas Feridas;Pleno dia;Crescente;Chuva;Dupla;Reta;Não;4;0;1;2;0;1;3;2;-6,3050283;-35,19054;SPRF-RN;DEL01-RN;UOP01-DEL01-RN
696986;09/06/2025;segunda-feira;10:13:00;MA;10;257;IMPERATRIZ;Conversão proibida;Colisão transversal;Sem Vítimas;Pleno dia;Crescente;Céu Claro;Simples;Reta;Sim;2;0;0;0;2;0;0;2;-5,485821;-47,472053;SPRF-MA;DEL04-MA;UOP01-DEL04-MA
696988;09/06/2025;segunda-feira;12:00:00;ES;101;290,7;CARIACICA;Manobra de mudança de faixa;Colisão lateral mesmo sentido;Com Vítimas Feridas;Pleno dia;Crescente;Céu Claro;Dupla;Reta;Sim;3;0;0;2;1;0;2;2;-20,29494211;-40,39327383;SPRF-ES;DEL01-ES;UOP01-DEL01-ES
696989;09/06/2025;segunda-feira;12:20:00;MG;40;787,3;JUIZ DE FORA;Velocidade Incompatível;Saída de leito carroçável;Com Vítimas Feridas;Pleno dia;Decrescente;Garoa/Chuvisco;Dupla;Curva;Não;1;0;1;0;0;0;1;1;-21,75344126;-43,44509125;SPRF-MG;DEL05-MG;UOP01-DEL05-MG
696990;09/06/2025;segunda-feira;10:25:00;MG;116;376,8;MATHIAS LOBATO;Conversão proibida;Colisão transversal;Com Vítimas Feridas;Pleno dia;Crescente;Céu Claro;Simples;Curva;Não;3;0;0;1;2;0;1;2;-18,58375418;-41,92428887;SPRF-MG;DEL06-MG;UOP01-DEL06-MG
696991;09/06/2025;segunda-feira;12:00:00;ES;101;266,9;SERRA;Reação tardia ou ineficiente do condutor;Queda de ocupante de veículo;Com Vítimas Feridas;Pleno dia;Crescente;Céu Claro;Dupla;Reta;Sim;1;0;1;0;0;0;1;1;-20,129886;-40,296982;SPRF-ES;DEL02-ES;UOP01-DEL02-ES
696992;09/06/2025;segunda-feira;07:30:00;MG;381;735,5;CARMO DA CACHOEIRA;Chuva;Colisão com objeto;Com Vítimas Feridas;Pleno dia;Crescente;Garoa/Chuvisco;Dupla;Curva;Não;1;0;1;0;0;0;1;1;-21,55074611;-45,24357462;SPRF-MG;DEL16-MG;UOP02-DEL16-MG
696993;09/06/2025;segunda-feira;09:50:00;RO;0;0;PORTO VELHO;Manobra de mudança de faixa;Colisão lateral mesmo sentido;Sem Vítimas;Pleno dia;Não Informado;Céu Claro;Dupla;Reta;Sim;2;0;0;0;2;0;0;2;-8,74321994;-63,88268558;SPRF-RO;DEL01-RO;UOP01-DEL01-RO
696994;09/06/2025;segunda-feira;09:10:00;MT;163;752;SORRISO;Ausência de reação do condutor;Colisão traseira;Sem Vítimas;Pleno dia;Decrescente;Céu Claro;Dupla;Reta;Sim;2;0;0;0;0;2;0;2;-12,56652262;-55,72357893;SPRF-MT;DEL06-MT;UOP01-DEL06-MT
696995;09/06/2025;segunda-feira;07:45:00;MG;381;705,5;NEPOMUCENO;Reação tardia ou ineficiente do condutor;Saída de leito carroçável;Com Vítimas Feridas;Pleno dia;Decrescente;Chuva;Dupla;"Curva;Declive";Não;4;0;1;0;3;0;1;1;-21,3201506;-45,1656366;SPRF-MG;DEL04-MG;UOP02-DEL04-MG
696996;09/06/2025;segunda-feira;12:30:00;AL;316;156;PALMEIRA DOS INDIOS;Desrespeitar a preferência no cruzamento;Colisão transversal;Com Vítimas Feridas;Pleno dia;Decrescente;Sol;Simples;Rotatória;Sim;2;0;1;0;1;0;1;2;-9,42107853;-36,62375093;SPRF-AL;DEL03-AL;UOP01-DEL03-AL
696997;04/06/2025;quarta-feira;21:05:00;PR;158;533;PATO BRANCO;Transitar na contramão;Colisão frontal;Com Vítimas Feridas;Plena Noite;Crescente;Céu Claro;Simples;Reta;Sim;2;0;1;0;1;0;1;2;-26,217407;-52,68139;SPRF-PR;DEL02-PR;UOP01-DEL02-PR