id;data_inversa;dia_semana;horario;uf;br;km;municipio;causa_acidente;tipo_acidente;classificacao_acidente;fase_dia;sentido_via;condicao_metereologica;tipo_pista;tracado_via;uso_solo;pessoas;mortos;feridos_leves;feridos_graves;ilesos;ignorados;feridos;veiculos;latitude;longitude;regional;delegacia;uop
696998;09/06/2025;segunda-feira;11:40:00;MT;70;527;VARZEA GRANDE;Acessar a via sem observar a presença dos outros veículos;Colisão transversal;Com Vítimas Feridas;Pleno dia;Crescente;Nublado;Simples;Reta;Sim;2;0;1;0;1;0;1;2;-15,65229676;-56,20135224;SPRF-MT;DEL01-MT;UOP02-DEL01-MT
696999;09/06/2025;segunda-feira;11:45:00;BA;415;27;ILHEUS;Transitar na contramão;Colisão frontal;Com Vítimas Feridas;Pleno dia;Crescente;Céu Claro;Dupla;Reta;Não;2;0;0;1;1;0;1;2;-14,79471686;-39,20428276;SPRF-BA;DEL05-BA;UOP01-DEL05-BA
697000;09/06/2025;segunda-feira;12:45:00;RS;116;153,3;CAXIAS DO SUL;Conversão proibida;Colisão transversal;Com Vítimas Feridas;Pleno dia;Decrescente;Nublado;Dupla;"Declive;Reta";Sim;2;0;0;1;1;0;1;2;-29,188379;-51,180905;SPRF-RS;DEL05-RS;UOP01-DEL05-RS
697001;09/06/2025;segunda-feira;10:00:00;MG;40;66,6;PARACATU;Demais falhas mecânicas ou elétricas;Incêndio;Sem Vítimas;Pleno dia;Crescente;Céu Claro;Simples;Reta;Não;1;0;0;0;0;1;0;1;-17,375781;-46,742529;SPRF-MG;DEL14-MG;UOP01-DEL14-MG
697002;09/06/2025;segunda-feira;11:15:00;MG;356;264,6;MURIAE;Transitar na contramão;Colisão frontal;Com Vítimas Feridas;Pleno dia;Decrescente;Nublado;Simples;Reta;Sim;3;0;2;0;1;0;2;3;-21,12456144;-42,37868283;SPRF-MG;DEL07-MG;UOP02-DEL07-MG
697003;09/06/2025;segunda-feira;06:25:00;RJ;116;275;BARRA MANSA;Pista Escorregadia;Colisão com objeto;Com Vítimas Feridas;Amanhecer;Crescente;Chuva;Dupla;Reta;Sim;6;0;1;0;5;0;1;6;-22,56205479;-44,15696025;SPRF-RJ;DEL07-RJ;UOP02-DEL07-RJ
697004;09/06/2025;segunda-feira;13:00:00;GO;414;369;COCALZINHO DE GOIAS;Ausência de reação do condutor;Saída de leito carroçável;Com Vítimas Feridas;Pleno dia;Crescente;Céu Claro;Simples;"Reta;Aclive";Não;1;0;0;1;0;0;1;1;-15,753136;-48,739222;SPRF-GO;DEL02-GO;UOP01-DEL02-GO
697005;09/06/2025;segunda-feira;12:25:00;RN;101;100;PARNAMIRIM;Reação tardia ou ineficiente do condutor;Colisão traseira;Sem Vítimas;Pleno dia;Decrescente;Sol;Múltipla;"Reta;Interseção de Vias";Sim;2;0;0;0;2;0;0;2;-5,88606122;-35,22881404;SPRF-RN;DEL01-RN;UOP01-DEL01-RN
697006;09/06/2025;segunda-feira;12:00:00;SC;101;111,6;NAVEGANTES;Velocidade Incompatível;Colisão com objeto;Com Vítimas Feridas;Pleno dia;Crescente;Chuva;Dupla;"Reta;Aclive;Ponte";Sim;2;0;1;0;1;0;1;1;-26,84307866;-48,71807663;SPRF-SC;DEL04-SC;UOP04-DEL04-SC
697007;09/06/2025;segunda-feira;13:00:00;RS;470;180,4;VERANOPOLIS;Desrespeitar a preferência no cruzamento;Colisão transversal;Sem Vítimas;Pleno dia;Crescente;Céu Claro;Simples;"Retorno Regulamentado;Reta";Sim;3;0;0;0;3;0;0;2;-28,95997604;-51,56391263;SPRF-RS;DEL06-RS;UOP02-DEL06-RS
697009;09/06/2025;segunda-feira;13:15:00;SP;488;4,8;APARECIDA;Acessar a via sem observar a presença dos outros veículos;Colisão transversal;Com Vítimas Feridas;Pleno dia;Crescente;Céu Claro;Dupla;Interseção de Vias;Sim;3;0;0;2;1;0;2;2;-22,863991;-45,255338;SPRF-SP;DEL08-SP;UOP01-DEL08-SP
697010;09/06/2025;segunda-feira;13:10:00;RS;158;566;SANTANA DO LIVRAMENTO;Desrespeitar a preferência no cruzamento;Colisão transversal;Com Vítimas Feridas;Pleno dia;Crescente;Céu Claro;Simples;Interseção de Vias;Sim;2;0;1;0;0;1;1;2;-30,88111918;-55,50935492;SPRF-RS;DEL11-RS;UOP01-DEL11-RS
697016;09/06/2025;segunda-feira;12:15:00;PR;373;235,1;IMBITUVA;Ausência de reação do condutor;Queda de ocupante de veículo;Com Vítimas Feridas;Pleno dia;Decrescente;Céu Claro;Simples;Curva;Não;1;0;0;1;0;0;1;1;-25,181088;-50,714942;SPRF-PR;DEL03-PR;UOP01-DEL03-PR
697017;09/06/2025;segunda-feira;09:30:00;MG;381;671,5;PERDOES;Ausência de reação do condutor;Colisão com objeto;Com Vítimas Feridas;Pleno dia;Crescente;Nublado;Dupla;"Curva;Declive";Não;1;0;1;0;0;0;1;1;-21,066728;-45,052515;SPRF-MG;DEL04-MG;UOP02-DEL04-MG
697018;09/06/2025;segunda-feira;12:26:00;RN;304;298;MACAIBA;Problema com o freio;Colisão com objeto;Com Vítimas Feridas;Pleno dia;Crescente;Céu Claro;Dupla;Reta;Sim;1;0;1;0;0;0;1;1;-5,869;-35,329;SPRF-RN;DEL01-RN;UOP02-DEL01-RN
697019;09/06/2025;segunda-feira;11:00:00;RJ;465;18;NOVA IGUACU;Transitar na contramão;Colisão frontal;Com Vítimas Feridas;Pleno dia;Crescente;Nublado;Simples;Reta;Sim;2;0;1;0;1;0;1;2;-22,83980255;-43,60994752;SPRF-RJ;DEL06-RJ;UOP02-DEL06-RJ
697020;09/06/2025;segunda-feira;12:30:00;MT;364;200;RONDONOPOLIS;Acessar a via sem observar a presença dos outros veículos;Colisão lateral mesmo sentido;Com Vítimas Feridas;Pleno dia;Decrescente;Céu Claro;Dupla;Reta;Não;2;0;1;0;1;0;1;2;-16,49730347;-54,63698387;SPRF-MT;DEL02-MT;UOP01-DEL02-MT
697021;16/05/2025;sexta-feira;17:20:00;SP;116;144;SAO JOSE DOS CAMPOS;Reação tardia ou ineficiente do condutor;Colisão traseira;Com Vítimas Feridas;Pleno dia;Decrescente;Céu Claro;Dupla;Reta;Sim;3;0;1;0;2;0;1;3;-23,1845508;-45,84938049;SPRF-SP;DEL02-SP;UOP01-DEL02-SP
697022;09/06/2025;segunda-feira;13:40:00;PR;163;351;GUAIRA;Condutor deixou de manter distância do veículo da frente;Engavetamento;Com Vítimas Feridas;Pleno dia;Crescente;Céu Claro;Simples;"Reta;Ponte";Não;3;0;1;0;2;0;1;3;-24,0682762;-54,25027281;SPRF-PR;DEL06-PR;UOP01-DEL06-PR
697023;09/06/2025;segunda-feira;14:20:00;RS;158;333;SANTA MARIA;Desrespeitar a preferência no cruzamento;Colisão traseira;Com Vítimas Feridas;Pleno dia;Crescente;Nublado;Simples;"Interseção de Vias;Rotatória";Sim;4;0;1;0;2;1;1;3;-29,707222;-53,85242;SPRF-RS;DEL09-RS;UOP01-DEL09-RS
697024;04/06/2025;quarta-feira;19:25:00;SC;282;3,8;FLORIANOPOLIS;Acessar a via sem observar a presença dos outros veículos;Colisão lateral mesmo sentido;Com Vítimas Feridas;Plena Noite;Crescente;Céu Claro;Dupla;Reta;Não;3;0;0;1;2;0;1;2;-27,60051247;-48,58351557;SPRF-SC;DEL01-SC;UOP01-DEL01-SC
697025;09/06/2025;segunda-feira;14:15:00;RS;470;221;GARIBALDI;Condutor deixou de manter distância do veículo da frente;Colisão lateral mesmo sentido;Com Vítimas Feridas;Pleno dia;Decrescente;Céu Claro;Simples;Rotatória;Sim;2;0;1;0;0;1;1;2;-29,20839706;-51,51773421;SPRF-RS;DEL06-RS;UOP01-DEL06-RS
697026;09/06/2025;segunda-feira;14:00:00;PR;116;45;CAMPINA GRANDE DO SUL;Velocidade Incompatível;Saída de leito carroçável;Com Vítimas Feridas;Pleno dia;Decrescente;Chuva;Dupla;"Declive;Curva";Não;1;0;1;0;0;0;1;1;-25,199233;-48,8950746;SPRF-PR;DEL01-PR;UOP02-DEL01-PR
697027;09/06/2025;segunda-feira;08:40:00;PR;277;664,8;MEDIANEIRA;Acessar a via sem observar a presença dos outros veículos;Colisão traseira;Sem Vítimas;Pleno dia;Crescente;Nublado;Dupla;Aclive;Não;3;0;0;0;3;0;0;3;-25,25110933;-54,01048053;SPRF-PR;DEL05-PR;UOP02-DEL05-PR
697028;09/06/2025;segunda-feira;07:30:00;SC;470;22;ILHOTA;Ausência de reação do condutor;Saída de leito carroçável;Com Vítimas Feridas;Pleno dia;Crescente;Nublado;Dupla;Curva;Não;1;0;1;0;0;0;1;1;-26,87942226;-48,8325917;SPRF-SC;DEL04-SC;UOP04-DEL04-SC
697031;09/06/2025;segunda-feira;13:30:00;MG;116;503,8;INHAPIM;Acessar a via sem observar a presença dos outros veículos;Colisão transversal;Com Vítimas Feridas;Pleno dia;Crescente;Céu Claro;Simples;Reta;Não;2;0;1;0;1;0;1;2;-19,59601026;-42,11243232;SPRF-MG;DEL06-MG;UOP02-DEL06-MG
697032;09/06/2025;segunda-feira;11:10:00;RJ;40;3;COMENDADOR LEVY GASPARIAN;Reação tardia ou ineficiente do condutor;Colisão com objeto;Com Vítimas Feridas;Pleno dia;Crescente;Chuva;Dupla;Curva;Não;1;0;1;0;0;0;1;1;-22,01103945;-43,2413013;SPRF-RJ;DEL05-RJ;UOP02-DEL05-RJ
697034;06/06/2025;sexta-feira;06:30:00;RJ;116;144;DUQUE DE CAXIAS;Reação tardia ou ineficiente do condutor;Colisão traseira;Com Vítimas Feridas;Pleno dia;Crescente;Nublado;Múltipla;Reta;Sim;2;0;1;0;1;0;1;2;-22,659005;-43,250208;SPRF-RJ;DEL01-RJ;UOP02-DEL01-RJ
697036;09/06/2025;segunda-feira;09:50:00;MG;40;770,3;JUIZ DE FORA;Ausência de reação do condutor;Saída de leito carroçável;Sem Vítimas;Pleno dia;Decrescente;Chuva;Simples;Curva;Não;3;0;0;0;3;0;0;1;-21,626996;-43,447001;SPRF-MG;DEL05-MG;UOP01-DEL05-MG
697037;09/06/2025;segunda-feira;14:32:00;MS;163;474,4;CAMPO GRANDE;Acumulo de areia ou detritos sobre o pavimento;Tombamento;Com Vítimas Feridas;Pleno dia;Decrescente;Céu Claro;Simples;Curva;Não;1;0;1;0;0;0;1;1;-20,523236;-54,569205;SPRF-MS;DEL01-MS;UOP01-DEL01-MS
697038;09/06/2025;segunda-feira;15:30:00;RS;392;352,6;SANTA MARIA;Condutor deixou de manter distância do veículo da frente;Colisão traseira;Sem Vítimas;Pleno dia;Decrescente;Sol;Simples;Reta;Sim;2;0;0;0;2;0;0;2;-29,722624;-53,806816;SPRF-RS;DEL09-RS;UOP01-DEL09-RS
697040;09/06/2025;segunda-feira;14:45:00;PR;369;187;ARAPONGAS;Ultrapassagem Indevida;Colisão lateral mesmo sentido;Com Vítimas Feridas;Pleno dia;Decrescente;Céu Claro;Simples;Reta;Sim;2;0;1;0;1;0;1;2;-23,43225535;-51,42245686;SPRF-PR;DEL07-PR;UOP03-DEL07-PR
697041;09/06/2025;segunda-feira;11:10:00;RJ;40;31,4;AREAL;Chuva;Colisão com objeto;Com Vítimas Feridas;Pleno dia;Crescente;Chuva;Simples;Curva;Não;2;0;1;1;0;0;2;1;-22,19915147;-43,15876225;SPRF-RJ;DEL05-RJ;UOP02-DEL05-RJ
697042;09/06/2025;segunda-feira;15:50:00;RS;116;263;CANOAS;Reação tardia ou ineficiente do condutor;Colisão lateral mesmo sentido;Com Vítimas Feridas;Pleno dia;Decrescente;Nublado;Múltipla;Reta;Sim;2;0;1;0;1;0;1;2;-29,90764384;-51,1767713;SPRF-RS;DEL01-RS;UOP01-DEL01-RS
697043;09/06/2025;segunda-feira;15:20:00;DF;20;8,2;BRASILIA;Ausência de reação do condutor;Colisão com objeto;Com Vítimas Feridas;Pleno dia;Crescente;Céu Claro;Dupla;Reta;Sim;1;0;1;0;0;0;1;1;-15,656848;-47,788263;SPRF-DF;DEL02-DF;UOP01-DEL02-DF
697045;09/06/2025;segunda-feira;16:12:00;RN;101;85,5;NATAL;Ausência de reação do condutor;Colisão traseira;Com Vítimas Feridas;Pleno dia;Decrescente;Céu Claro;Dupla;"Reta;Ponte";Não;2;0;0;1;1;0;1;2;-5,78178591;-35,24765817;SPRF-RN;DEL02-RN;UOP01-DEL02-RN
697046;09/06/2025;segunda-feira;15:25:00;RN;304;21,1;MOSSORO;Avarias e/ou desgaste excessivo no pneu;Saída de leito carroçável;Com Vítimas Feridas;Pleno dia;Crescente;Céu Claro;Simples;Reta;Não;1;0;0;1;0;0;1;1;-5,042528;-37,346375;SPRF-RN;DEL04-RN;UOP02-DEL04-RN
697047;09/06/2025;segunda-feira;15:12:00;BA;367;23;PORTO SEGURO;Condutor deixou de manter distância do veículo da frente;Colisão lateral mesmo sentido;Com Vítimas Feridas;Pleno dia;Decrescente;Céu Claro;Simples;Reta;Sim;2;0;1;0;1;0;1;2;-16,4362;-39,0758;SPRF-BA;DEL09-BA;UOP03-DEL09-BA
697048;31/05/2025;sábado;02:00:00;DF;60;1,7;BRASILIA;Ausência de reação do condutor;Colisão traseira;Com Vítimas Fatais;Anoitecer;Crescente;Céu Claro;Dupla;Reta;Sim;4;2;1;1;0;0;2;2;-15,88601;-48,07343;SPRF-DF;DEL03-DF;UOP01-DEL03-DF
697049;09/06/2025;segunda-feira;15:30:00;MG;459;83,8;CONGONHAL;Reação tardia ou ineficiente do condutor;Colisão traseira;Com Vítimas Feridas;Pleno dia;Decrescente;Céu Claro;Simples;Reta;Não;6;0;1;0;4;1;1;3;-22,15394055;-46,06779138;SPRF-MG;DEL09-MG;UOP01-DEL09-MG
697050;09/06/2025;segunda-feira;14:30:00;PR;373;174,5;PONTA GROSSA;Reação tardia ou ineficiente do condutor;Colisão traseira;Com Vítimas Feridas;Pleno dia;Crescente;Céu Claro;Dupla;Reta;Sim;3;0;2;0;1;0;2;2;-25,074001;-50,210732;SPRF-PR;DEL03-PR;UOP01-DEL03-PR
697051;09/06/2025;segunda-feira;15:40:00;MG;50;115,5;UBERABA;Acumulo de água sobre o pavimento;Saída de leito carroçável;Com Vítimas Feridas;Pleno dia;Decrescente;Chuva;Dupla;Reta;Não;1;0;1;0;0;0;1;1;-19,2683865;-48,1271933;SPRF-MG;DEL13-MG;UOP01-DEL13-MG
697053;09/06/2025;segunda-feira;16:20:00;MG;381;933,6;EXTREMA;Ausência de reação do condutor;Colisão traseira;Com Vítimas Feridas;Pleno dia;Decrescente;Nublado;Dupla;Reta;Não;2;0;1;0;1;0;1;2;-22,7682049;-46,2187321;SPRF-MG;DEL16-MG;UOP03-DEL16-MG
697055;09/06/2025;segunda-feira;08:24:00;MT;364;399;CUIABA;Transitar na contramão;Colisão frontal;Com Vítimas Feridas;Pleno dia;Crescente;Céu Claro;Dupla;Retorno Regulamentado;Sim;2;0;1;0;1;0;1;2;-15,66298853;-55,96811056;SPRF-MT;DEL01-MT;UOP02-DEL01-MT
697057;09/06/2025;segunda-feira;16:45:00;RS;386;167,8;CARAZINHO;Ausência de reação do condutor;Colisão traseira;Com Vítimas Feridas;Pleno dia;Decrescente;Céu Claro;Dupla;"Reta;Aclive";Não;5;0;4;0;1;0;4;2;-28,22125;-52,82179;SPRF-RS;DEL08-RS;UOP01-DEL08-RS
697058;09/06/2025;segunda-feira;17:20:00;MG;116;415;GOVERNADOR VALADARES;Condutor deixou de manter distância do veículo da frente;Colisão traseira;Com Vítimas Feridas;Anoitecer;Crescente;Céu Claro;Simples;Reta;Sim;2;0;1;0;1;0;1;2;-18,88988327;-41,94648743;SPRF-MG;DEL06-MG;UOP01-DEL06-MG
697059;09/06/2025;segunda-feira;07:10:00;MT;70;501;CUIABA;Ausência de reação do condutor;Colisão traseira;Com Vítimas Feridas;Pleno dia;Decrescente;Céu Claro;Simples;Reta;Não;2;0;1;0;1;0;1;2;-15,69576437;-56,02958679;SPRF-MT;DEL01-MT;UOP02-DEL01-MT
697060;09/06/2025;segunda-feira;17:54:00;GO;70;0,6;AGUAS LINDAS DE GOIAS;Reação tardia ou ineficiente do condutor;Colisão traseira;Com Vítimas Feridas;Anoitecer;Crescente;Céu Claro;Dupla;"Reta;Aclive";Sim;2;0;1;0;1;0;1;2;-15,777438;-48,233405;SPRF-DF;DEL03-DF;UOP02-DEL03-DF
697062;31/05/2025;sábado;22:15:00;SC;282;2,4;FLORIANOPOLIS;Reação tardia ou ineficiente do condutor;Colisão com objeto;Com Vítimas Fatais;Plena Noite;Decrescente;Céu Claro;Múltipla;Reta;Sim;1;1;0;0;0;0;0;1;-27,60258;-48,5947;SPRF-SC;DEL01-SC;UOP01-DEL01-SC
697063;09/06/2025;segunda-feira;16:35:00;RN;304;127,8;ITAJA;Acumulo de água sobre o pavimento;Colisão frontal;Com Vítimas Feridas;Pleno dia;Decrescente;Chuva;Simples;Ponte;Não;4;0;1;0;3;0;1;2;-5,65697;-36,79141;SPRF-RN;DEL04-RN;UOP01-DEL04-RN
697066;09/06/2025;segunda-feira;16:15:00;PR;376;625;SAO JOSE DOS PINHAIS;Reação tardia ou ineficiente do condutor;Saída de leito carroçável;Com Vítimas Feridas;Pleno dia;Decrescente;Nublado;Dupla;Reta;Não;2;0;2;0;0;0;2;1;-25,62523356;-49,16569456;SPRF-PR;DEL01-PR;UOP04-DEL01-PR
697067;09/06/2025;segunda-feira;17:00:00;GO;70;3;AGUAS LINDAS DE GOIAS;Condutor Dormindo;Saída de leito carroçável;Com Vítimas Feridas;Anoitecer;Crescente;Céu Claro;Dupla;Reta;Sim;1;0;1;0;0;0;1;1;-15,76096;-48,23983;SPRF-DF;DEL03-DF;UOP02-DEL03-DF
697068;09/06/2025;segunda-feira;16:30:00;RJ;40;29,4;AREAL;Pista Escorregadia;Saída de leito carroçável;Com Vítimas Feridas;Pleno dia;Crescente;Garoa/Chuvisco;Simples;Reta;Não;3;0;0;2;1;0;2;1;-22,19257079;-43,16116333;SPRF-RJ;DEL05-RJ;UOP02-DEL05-RJ
697069;09/06/2025;segunda-feira;17:15:00;SP;116;565;BARRA DO TURVO;Reação tardia ou ineficiente do condutor;Saída de leito carroçável;Sem Vítimas;Anoitecer;Crescente;Garoa/Chuvisco;Dupla;"Aclive;Curva";Não;2;0;0;0;2;0;0;1;-25,05793982;-48,55578773;SPRF-SP;DEL05-SP;UOP02-DEL05-SP
697070;09/06/2025;segunda-feira;18:20:00;SP;116;129;CACAPAVA;Objeto estático sobre o leito carroçável;Colisão com objeto;Com Vítimas Feridas;Plena Noite;Crescente;Nublado;Dupla;Reta;Sim;2;0;2;0;0;0;2;1;-23,11614257;-45,71419691;SPRF-SP;DEL02-SP;UOP02-DEL02-SP
697073;09/06/2025;segunda-feira;18:20:00;SC;101;208;SAO JOSE;Ausência de reação do condutor;Colisão traseira;Com Vítimas Feridas;Plena Noite;Crescente;Céu Claro;Múltipla;Reta;Sim;2;0;1;0;1;0;1;2;-27,608;-48,637;SPRF-SC;DEL01-SC;UOP01-DEL01-SC
697076;09/06/2025;segunda-feira;18:10:00;PR;158;532;PATO BRANCO;Desrespeitar a preferência no cruzamento;Colisão transversal;Com Vítimas Feridas;Plena Noite;Crescente;Céu Claro;Múltipla;"Reta;Retorno Regulamentado";Sim;2;0;1;0;1;0;1;2;-26,21810241;-52,68153682;SPRF-PR;DEL02-PR;UOP01-DEL02-PR
697077;09/06/2025;segunda-feira;18:30:00;SC;101;209,2;SAO JOSE;Reação tardia ou ineficiente do condutor;Colisão traseira;Com Vítimas Feridas;Plena Noite;Crescente;Nublado;Múltipla;Reta;Sim;2;0;1;0;1;0;1;2;-27,6102239;-48,6391538;SPRF-SC;DEL01-SC;UOP01-DEL01-SC
697078;09/06/2025;segunda-feira;17:20:00;RS;116;657;JAGUARAO;Desrespeitar a preferência no cruzamento;Colisão transversal;Com Vítimas Feridas;Anoitecer;Crescente;Céu Claro;Simples;Interseção de Vias;Sim;3;0;2;0;1;0;2;2;-32,5537849;-53,38533338;SPRF-RS;DEL07-RS;UOP03-DEL07-RS
697081;09/06/2025;segunda-feira;18:30:00;PE;101;50;ABREU E LIMA;Entrada inopinada do pedestre;Atropelamento de Pedestre;Com Vítimas Feridas;Plena Noite;Crescente;Céu Claro;Múltipla;Curva;Não;3;0;0;3;0;0;3;2;-7,91000401;-34,90199804;SPRF-PE;DEL01-PE;UOP02-DEL01-PE
697082;09/06/2025;segunda-feira;19:20:00;CE;304;49;ARACATI;Manobra de mudança de faixa;Colisão traseira;Com Vítimas Feridas;Plena Noite;Decrescente;Céu Claro;Simples;Reta;Sim;2;0;0;1;0;1;1;2;-4,5740919;-37,76362216;SPRF-CE;DEL03-CE;UOP02-DEL03-CE
697083;09/06/2025;segunda-feira;15:50:00;RJ;101;470;ANGRA DOS REIS;Acessar a via sem observar a presença dos outros veículos;Colisão transversal;Com Vítimas Feridas;Pleno dia;Decrescente;Chuva;Simples;Retorno Regulamentado;Sim;4;0;2;0;2;0;2;2;-22,998734;-44,227771;SPRF-RJ;DEL03-RJ;UOP03-DEL03-RJ
697084;09/06/2025;segunda-feira;18:25:00;RJ;101;408;ITAGUAI;Pedestre andava na pista;Atropelamento de Pedestre;Com Vítimas Feridas;Plena Noite;Crescente;Chuva;Dupla;Interseção de Vias;Sim;2;0;1;0;1;0;1;2;-22,88295;-43,828178;SPRF-RJ;DEL03-RJ;UOP01-DEL03-RJ
697085;09/06/2025;segunda-feira;19:00:00;PR;116;115;CURITIBA;Trafegar com motocicleta (ou similar) entre as faixas;Colisão lateral mesmo sentido;Com Vítimas Feridas;Plena Noite;Crescente;Nublado;Dupla;Reta;Sim;3;0;1;0;2;0;1;2;-25,549982;-49,304744;SPRF-PR;DEL01-PR;UOP03-DEL01-PR
697086;09/06/2025;segunda-feira;17:50:00;MG;116;506,5;UBAPORANGA;Acessar a via sem observar a presença dos outros veículos;Colisão transversal;Com Vítimas Feridas;Anoitecer;Crescente;Céu Claro;Simples;Interseção de Vias;Não;3;0;1;0;2;0;1;2;-19,61748487;-42,11039613;SPRF-MG;DEL06-MG;UOP02-DEL06-MG
697087;09/06/2025;segunda-feira;18:50:00;PR;277;25,3;MORRETES;Reação tardia ou ineficiente do condutor;Colisão com objeto;Com Vítimas Feridas;Plena Noite;Crescente;Garoa/Chuvisco;Dupla;"Reta;Aclive;Retorno Regulamentado";Não;2;0;1;0;1;0;1;1;-25,53379668;-48,7576139;SPRF-PR;DEL01-PR;UOP05-DEL01-PR
697088;09/06/2025;segunda-feira;19:30:00;SP;153;84;MIRASSOL;Sinalização mal posicionada;Colisão com objeto;Com Vítimas Feridas;Plena Noite;Crescente;Céu Claro;Dupla;Reta;Não;1;0;1;0;0;0;1;1;-20,92588913;-49,50829165;SPRF-SP;DEL09-SP;UOP01-DEL09-SP
697090;09/06/2025;segunda-feira;18:55:00;CE;116;4;FORTALEZA;Condutor deixou de manter distância do veículo da frente;Colisão traseira;Sem Vítimas;Plena Noite;Decrescente;Céu Claro;Múltipla;Reta;Sim;2;0;0;0;2;0;0;2;-3,7887629;-38,5108558;SPRF-CE;DEL01-CE;UOP02-DEL01-CE
697091;09/06/2025;segunda-feira;18:25:00;PI;343;264,1;CAMPO MAIOR;Acessar a via sem observar a presença dos outros veículos;Colisão transversal;Com Vítimas Feridas;Plena Noite;Crescente;Céu Claro;Simples;Reta;Sim;2;0;1;0;1;0;1;2;-4,849664;-42,1855232;SPRF-PI;DEL01-PI;UOP03-DEL01-PI
697092;09/06/2025;segunda-feira;19:15:00;RJ;101;204;CASIMIRO DE ABREU;Reação tardia ou ineficiente do condutor;Colisão transversal;Com Vítimas Feridas;Plena Noite;Crescente;Céu Claro;Dupla;Reta;Sim;2;0;1;0;1;0;1;2;-22,4745045;-42,1719231;SPRF-RJ;DEL08-RJ;UOP04-DEL08-RJ
697094;09/06/2025;segunda-feira;18:30:00;PB;230;505,7;CAJAZEIRAS;Acessar a via sem observar a presença dos outros veículos;Colisão transversal;Com Vítimas Feridas;Plena Noite;Decrescente;Nublado;Simples;Reta;Não;2;0;0;1;1;0;1;2;-6,900566;-38,569535;SPRF-PB;DEL03-PB;UOP03-DEL03-PB
697095;09/06/2025;segunda-feira;19:20:00;MG;40;730;OLIVEIRA FORTES;Ausência de reação do condutor;Saída de leito carroçável;Com Vítimas Feridas;Plena Noite;Crescente;Garoa/Chuvisco;Dupla;"Aclive;Curva";Não;1;0;1;0;0;0;1;1;-21,33159429;-43,58413696;SPRF-MG;DEL05-MG;UOP01-DEL05-MG
697096;09/06/2025;segunda-feira;12:25:00;BA;101;807,5;ITAMARAJU;Condutor deixou de manter distância do veículo da frente;Colisão traseira;Com Vítimas Feridas;Pleno dia;Decrescente;Céu Claro;Simples;Reta;Sim;2;0;1;0;1;0;1;2;-17,0198;-39,541438;SPRF-BA;DEL09-BA;UOP01-DEL09-BA
697098;09/06/2025;segunda-feira;19:50:00;SP;381;46;ATIBAIA;Acessar a via sem observar a presença dos outros veículos;Atropelamento de Pedestre;Com Vítimas Feridas;Plena Noite;Decrescente;Nublado;Dupla;Reta;Sim;2;0;0;1;1;0;1;2;-23,18508783;-46,58225153;SPRF-SP;DEL03-SP;UOP01-DEL03-SP
697099;09/06/2025;segunda-feira;18:30:00;BA;116;420,5;FEIRA DE SANTANA;Velocidade Incompatível;Colisão transversal;Com Vítimas Feridas;Plena Noite;Decrescente;Céu Claro;Simples;Retorno Regulamentado;Sim;3;0;2;1;0;0;3;2;-12,21682922;-38,96543436;SPRF-BA;DEL02-BA;UOP01-DEL02-BA
697100;09/06/2025;segunda-feira;19:40:00;PR;487;123;TUNEIRAS DO OESTE;Animais na Pista;Atropelamento de Animal;Com Vítimas Feridas;Plena Noite;Decrescente;Céu Claro;Simples;"Declive;Reta";Não;4;0;2;0;2;0;2;1;-23,860946;-52,893531;SPRF-PR;DEL09-PR;UOP03-DEL09-PR
697102;09/06/2025;segunda-feira;19:30:00;ES;101;294,7;CARIACICA;Condutor desrespeitou a iluminação vermelha do semáforo;Colisão lateral mesmo sentido;Sem Vítimas;Plena Noite;Decrescente;Nublado;Múltipla;Interseção de Vias;Sim;2;0;0;0;2;0;0;2;-20,32992924;-40,39880991;SPRF-ES;DEL01-ES;UOP01-DEL01-ES
697103;09/06/2025;segunda-feira;20:15:00;BA;407;117,7;SENHOR DO BONFIM;Ingestão de álcool pelo condutor;Colisão lateral sentido oposto;Sem Vítimas;Plena Noite;Crescente;Céu Claro;Simples;Reta;Não;2;0;0;0;2;0;0;2;-10,38453;-40,17439;SPRF-BA;DEL04-BA;UOP01-DEL04-BA
697104;09/06/2025;segunda-feira;19:15:00;MT;163;1065;GUARANTA DO NORTE;Ausência de reação do condutor;Colisão traseira;Com Vítimas Feridas;Plena Noite;Decrescente;Céu Claro;Dupla;Reta;Sim;3;0;1;0;2;0;1;2;-9,94943872;-54,9038744;SPRF-MT;DEL06-MT;UOP03-DEL06-MT
697109;09/06/2025;segunda-feira;18:00:00;RJ;101;314;SAO GONCALO;Reação tardia ou ineficiente do condutor;Colisão transversal;Com Vítimas Feridas;Anoitecer;Decrescente;Nublado;Dupla;Reta;Sim;2;0;1;0;1;0;1;2;-22,82073992;-43,08211034;SPRF-RJ;DEL02-RJ;UOP02-DEL02-RJ
697110;09/06/2025;segunda-feira;21:15:00;RS;158;189,9;CRUZ ALTA;Ingestão de álcool pelo condutor;Saída de leito carroçável;Sem Vítimas;Plena Noite;Crescente;Céu Claro;Simples;Reta;Não;1;0;0;0;1;0;0;1;-28,604987;-53,576754;SPRF-RS;DEL10-RS;UOP02-DEL10-RS