id;data_inversa;dia_semana;horario;uf;br;km;municipio;causa_acidente;tipo_acidente;classificacao_acidente;fase_dia;sentido_via;condicao_metereologica;tipo_pista;tracado_via;uso_solo;pessoas;mortos;feridos_leves;feridos_graves;ilesos;ignorados;feridos;veiculos;latitude;longitude;regional;delegacia;uop
697113;09/06/2025;segunda-feira;20:18:00;SP;116;218;GUARULHOS;Objeto estático sobre o leito carroçável;Tombamento;Com Vítimas Feridas;Plena Noite;Crescente;Céu Claro;Múltipla;"Em Obras;Reta";Sim;2;0;2;0;0;0;2;2;-23,45797762;-46,47941044;SPRF-SP;DEL01-SP;UOP01-DEL01-SP
697115;09/06/2025;segunda-feira;18:30:00;PR;373;230,9;GUAMIRANGA;Ausência de reação do condutor;Queda de ocupante de veículo;Com Vítimas Feridas;Plena Noite;Crescente;Chuva;Simples;Reta;Não;1;0;0;1;0;0;1;1;-25,19767;-50,766298;SPRF-PR;DEL03-PR;UOP01-DEL03-PR
697117;09/06/2025;segunda-feira;19:00:00;GO;153;580;MORRINHOS;Ausência de reação do condutor;Saída de leito carroçável;Com Vítimas Feridas;Plena Noite;Decrescente;Chuva;Dupla;Curva;Não;5;0;4;0;0;1;4;2;-17,62642317;-49,17788271;SPRF-GO;DEL03-GO;UOP01-DEL03-GO
697118;09/06/2025;segunda-feira;20:15:00;RJ;101;283;ITABORAI;Reação tardia ou ineficiente do condutor;Colisão lateral mesmo sentido;Com Vítimas Feridas;Plena Noite;Crescente;Céu Claro;Dupla;Reta;Não;2;0;1;0;1;0;1;2;-22,7438894;-42,80844212;SPRF-RJ;DEL02-RJ;UOP02-DEL02-RJ
697119;09/06/2025;segunda-feira;21:23:00;GO;70;1;AGUAS LINDAS DE GOIAS;Condutor deixou de manter distância do veículo da frente;Colisão traseira;Com Vítimas Feridas;Plena Noite;Decrescente;Céu Claro;Dupla;Curva;Sim;2;0;1;0;1;0;1;2;-15,77126873;-48,23065136;SPRF-DF;DEL03-DF;UOP02-DEL03-DF
697120;09/06/2025;segunda-feira;21:30:00;DF;20;22;BRASILIA;Ausência de reação do condutor;Tombamento;Com Vítimas Feridas;Plena Noite;Crescente;Céu Claro;Simples;Curva;Sim;2;0;1;0;1;0;1;1;-15,5971569;-47,6761261;SPRF-DF;DEL02-DF;UOP01-DEL02-DF
697121;09/06/2025;segunda-feira;22:00:00;SP;116;288;ITAPECERICA DA SERRA;Manobra de mudança de faixa;Colisão lateral mesmo sentido;Com Vítimas Feridas;Plena Noite;Crescente;Céu Claro;Dupla;Reta;Não;4;0;1;0;3;0;1;4;-23,70119981;-46,87012266;SPRF-SP;DEL04-SP;UOP01-DEL04-SP
697122;09/06/2025;segunda-feira;21:20:00;RS;392;7,6;RIO GRANDE;Condutor deixou de manter distância do veículo da frente;Colisão traseira;Com Vítimas Feridas;Plena Noite;Decrescente;Nevoeiro/Neblina;Simples;Reta;Sim;2;0;1;0;1;0;1;2;-32,1018441;-52,11055756;SPRF-RS;DEL07-RS;UOP02-DEL07-RS
697123;09/06/2025;segunda-feira;22:10:00;MG;40;517,4;RIBEIRAO DAS NEVES;Acessar a via sem observar a presença dos outros veículos;Colisão traseira;Com Vítimas Feridas;Plena Noite;Crescente;Céu Claro;Dupla;Reta;Sim;2;0;0;1;0;1;1;2;-19,82824826;-44,08381525;SPRF-MG;DEL01-MG;UOP02-DEL01-MG
697125;09/06/2025;segunda-feira;21:50:00;RJ;101;323;NITEROI;Avarias e/ou desgaste excessivo no pneu;Tombamento;Com Vítimas Feridas;Plena Noite;Decrescente;Céu Claro;Dupla;Reta;Não;1;0;1;0;0;0;1;1;-22,87396094;-43,12957764;SPRF-RJ;DEL02-RJ;UOP01-DEL02-RJ
697127;09/06/2025;segunda-feira;21:05:00;PR;376;182;MARINGA;Desrespeitar a preferência no cruzamento;Colisão transversal;Com Vítimas Feridas;Plena Noite;Crescente;Céu Claro;Dupla;"Interseção de Vias;Rotatória";Sim;2;0;1;0;0;1;1;2;-23,43222602;-51,88755719;SPRF-PR;DEL09-PR;UOP01-DEL09-PR
697128;09/06/2025;segunda-feira;22:25:00;PR;277;719;SANTA TEREZINHA DE ITAIPU;Ingestão de álcool pelo condutor;Queda de ocupante de veículo;Com Vítimas Feridas;Plena Noite;Decrescente;Céu Claro;Dupla;"Reta;Declive";Não;1;0;1;0;0;0;1;1;-25,47949961;-54,48307738;SPRF-PR;DEL05-PR;UOP03-DEL05-PR
697130;09/06/2025;segunda-feira;22:50:00;SC;282;1,2;FLORIANOPOLIS;Suicídio (presumido);Atropelamento de Pedestre;Com Vítimas Fatais;Plena Noite;Crescente;Céu Claro;Múltipla;"Curva;Viaduto";Sim;3;1;0;0;1;1;0;2;-27,602955;-48,580925;SPRF-SC;DEL01-SC;UOP01-DEL01-SC
697131;09/06/2025;segunda-feira;18:00:00;PR;476;240;LAPA;Reação tardia ou ineficiente do condutor;Saída de leito carroçável;Com Vítimas Feridas;Anoitecer;Decrescente;Chuva;Simples;Curva;Não;2;0;1;0;1;0;1;1;-25,86231297;-50,07362366;SPRF-PR;DEL02-PR;UOP03-DEL02-PR
697132;09/06/2025;segunda-feira;22:50:00;RJ;101;68;CAMPOS DOS GOYTACAZES;Iluminação deficiente;Colisão traseira;Com Vítimas Feridas;Plena Noite;Decrescente;Céu Claro;Simples;Reta;Não;2;0;0;1;1;0;1;2;-21,773367;-41,360033;SPRF-RJ;DEL08-RJ;UOP02-DEL08-RJ
697133;09/06/2025;segunda-feira;22:50:00;DF;20;41;BRASILIA;Velocidade Incompatível;Saída de leito carroçável;Com Vítimas Feridas;Plena Noite;Crescente;Céu Claro;Dupla;Declive;Sim;2;0;1;0;1;0;1;1;-15,581864;-47,521973;SPRF-DF;DEL02-DF;UOP01-DEL02-DF
697134;09/06/2025;segunda-feira;10:16:00;PE;101;71,2;RECIFE;Reação tardia ou ineficiente do condutor;Queda de ocupante de veículo;Com Vítimas Feridas;Pleno dia;Decrescente;Garoa/Chuvisco;Dupla;Reta;Sim;2;0;2;0;0;0;2;1;-8,079033;-34,942962;SPRF-PE;DEL01-PE;UOP01-DEL01-PE
697137;09/06/2025;segunda-feira;21:30:00;MT;163;833;SINOP;Acessar a via sem observar a presença dos outros veículos;Colisão transversal;Com Vítimas Feridas;Plena Noite;Decrescente;Céu Claro;Dupla;Reta;Sim;2;0;0;1;1;0;1;2;-11,87371355;-55,49855232;SPRF-MT;DEL06-MT;UOP02-DEL06-MT
697138;09/06/2025;segunda-feira;17:00:00;SP;116;166;JACAREI;Avarias e/ou desgaste excessivo no pneu;Tombamento;Com Vítimas Feridas;Pleno dia;Decrescente;Nublado;Dupla;"Reta;Declive";Não;1;0;1;0;0;0;1;1;-23,30033884;-46,01520387;SPRF-SP;DEL02-SP;UOP01-DEL02-SP
697141;09/06/2025;segunda-feira;23:30:00;SC;101;171,8;TIJUCAS;Velocidade Incompatível;Saída de leito carroçável;Sem Vítimas;Plena Noite;Crescente;Nublado;Dupla;Curva;Não;1;0;0;0;0;1;0;1;-27,31161335;-48,63287482;SPRF-SC;DEL04-SC;UOP03-DEL04-SC
697142;10/06/2025;terça-feira;01:16:00;SC;101;322;PESCARIA BRAVA;Conversão proibida;Colisão transversal;Com Vítimas Feridas;Plena Noite;Decrescente;Céu Claro;Múltipla;"Curva;Em Obras";Sim;3;0;2;0;1;0;2;2;-28,428979;-48,922903;SPRF-SC;DEL02-SC;UOP01-DEL02-SC
697146;10/06/2025;terça-feira;02:30:00;SC;282;263,4;SAO JOSE DO CERRITO;Acessar a via sem observar a presença dos outros veículos;Colisão transversal;Com Vítimas Feridas;Plena Noite;Decrescente;Céu Claro;Simples;Interseção de Vias;Não;24;0;8;1;15;0;9;2;-27,62667;-50,62475;SPRF-SC;DEL05-SC;UOP02-DEL05-SC
697147;10/06/2025;terça-feira;04:35:00;RS;386;419;MONTENEGRO;Animais na Pista;Atropelamento de Animal;Com Vítimas Feridas;Plena Noite;Crescente;Céu Claro;Dupla;Reta;Não;3;0;1;0;2;0;1;1;-29,81831043;-51,42781232;SPRF-RS;DEL04-RS;UOP02-DEL04-RS
697148;10/06/2025;terça-feira;05:40:00;ES;101;274;VITORIA;Demais falhas mecânicas ou elétricas;Queda de ocupante de veículo;Com Vítimas Feridas;Amanhecer;Decrescente;Nublado;Dupla;Reta;Não;2;0;2;0;0;0;2;1;-20,2604544;-40,2784256;SPRF-ES;DEL02-ES;UOP01-DEL02-ES
697149;10/06/2025;terça-feira;06:45:00;MG;40;623;CONSELHEIRO LAFAIETE;Condutor deixou de manter distância do veículo da frente;Colisão traseira;Com Vítimas Feridas;Pleno dia;Decrescente;Nublado;Simples;Reta;Não;5;0;4;0;1;0;4;2;-20,60758945;-43,80681514;SPRF-MG;DEL05-MG;UOP02-DEL05-MG
697150;10/06/2025;terça-feira;05:10:00;BA;324;622;SALVADOR;Condutor deixou de manter distância do veículo da frente;Colisão traseira;Com Vítimas Feridas;Pleno dia;Crescente;Céu Claro;Múltipla;Reta;Não;4;0;1;1;1;1;2;4;-12,897753;-38,449873;SPRF-BA;DEL01-BA;UOP01-DEL01-BA
697152;09/06/2025;segunda-feira;13:00:00;RS;116;35,6;VACARIA;Demais falhas mecânicas ou elétricas;Colisão com objeto;Sem Vítimas;Pleno dia;Crescente;Nublado;Simples;"Reta;Aclive";Sim;1;0;0;0;1;0;0;1;-28,490579;-50,908784;SPRF-RS;DEL05-RS;UOP03-DEL05-RS
697153;10/06/2025;terça-feira;07:15:00;MG;365;623,1;UBERLANDIA;Velocidade Incompatível;Colisão traseira;Com Vítimas Feridas;Pleno dia;Decrescente;Céu Claro;Dupla;Reta;Sim;2;0;1;0;1;0;1;2;-18,904413;-48,285394;SPRF-MG;DEL15-MG;UOP01-DEL15-MG
697154;10/06/2025;terça-feira;07:20:00;ES;101;268,9;SERRA;Manobra de mudança de faixa;Colisão lateral mesmo sentido;Com Vítimas Feridas;Pleno dia;Crescente;Nublado;Dupla;Reta;Sim;2;0;1;0;0;1;1;2;-20,22076653;-40,27025521;SPRF-ES;DEL02-ES;UOP01-DEL02-ES
697155;10/06/2025;terça-feira;06:15:00;PR;116;124;FAZENDA RIO GRANDE;Trafegar com motocicleta (ou similar) entre as faixas;Colisão traseira;Com Vítimas Feridas;Amanhecer;Crescente;Nublado;Dupla;Reta;Sim;2;0;1;0;1;0;1;2;-25,632747;-49,31315;SPRF-PR;DEL01-PR;UOP03-DEL01-PR
697156;10/06/2025;terça-feira;07:45:00;ES;101;146,7;LINHARES;Condutor desrespeitou a iluminação vermelha do semáforo;Colisão transversal;Com Vítimas Feridas;Pleno dia;Decrescente;Céu Claro;Múltipla;"Reta;Interseção de Vias";Sim;2;0;1;0;0;1;1;2;-19,3764486;-40,06616171;SPRF-ES;DEL04-ES;UOP01-DEL04-ES
697157;10/06/2025;terça-feira;06:20:00;PR;376;176,2;MARINGA;Reação tardia ou ineficiente do condutor;Colisão traseira;Com Vítimas Feridas;Amanhecer;Crescente;Nevoeiro/Neblina;Dupla;Reta;Sim;3;0;2;0;1;0;2;2;-23,41104979;-51,9370815;SPRF-PR;DEL09-PR;UOP01-DEL09-PR
697158;10/06/2025;terça-feira;07:05:00;RS;116;530;CAPAO DO LEAO;Ausência de reação do condutor;Colisão transversal;Com Vítimas Feridas;Amanhecer;Decrescente;Nevoeiro/Neblina;Simples;"Reta;Rotatória";Sim;2;0;1;0;1;0;1;2;-31,76007;-52,438127;SPRF-RS;DEL07-RS;UOP01-DEL07-RS
697159;10/06/2025;terça-feira;06:40:00;SP;381;88,5;GUARULHOS;Demais falhas mecânicas ou elétricas;Incêndio;Sem Vítimas;Amanhecer;Crescente;Nublado;Múltipla;Reta;Sim;1;0;0;0;1;0;0;1;-23,49181624;-46,55900449;SPRF-SP;DEL03-SP;UOP01-DEL03-SP
697160;10/06/2025;terça-feira;01:47:00;PA;163;452;ITAITUBA;Condutor Dormindo;Saída de leito carroçável;Com Vítimas Feridas;Plena Noite;Crescente;Céu Claro;Simples;Reta;Não;1;0;1;0;0;0;1;1;-5,89282421;-55,70928202;SPRF-PA;DEL05-PA;UOP03-DEL05-PA
697162;10/06/2025;terça-feira;00:30:00;RJ;116;110;GUAPIMIRIM;Ausência de reação do condutor;Tombamento;Com Vítimas Feridas;Plena Noite;Crescente;Garoa/Chuvisco;Simples;"Curva;Declive";Sim;1;0;1;0;0;0;1;1;-22,54855082;-42,98970604;SPRF-RJ;DEL04-RJ;UOP02-DEL04-RJ
697164;09/06/2025;segunda-feira;18:00:00;BA;324;354;CAPIM GROSSO;Acessar a via sem observar a presença dos outros veículos;Colisão transversal;Com Vítimas Feridas;Plena Noite;Decrescente;Céu Claro;Simples;Rotatória;Sim;3;0;2;1;0;0;3;2;-11,38066;-40,00437;SPRF-BA;DEL04-BA;UOP02-DEL04-BA
697165;10/06/2025;terça-feira;07:45:00;PA;222;19,3;DOM ELISEU;Ausência de reação do condutor;Saída de leito carroçável;Com Vítimas Feridas;Pleno dia;Crescente;Céu Claro;Simples;Reta;Não;1;0;0;1;0;0;1;1;-4,297982;-47,57352;SPRF-PA;DEL02-PA;UOP02-DEL02-PA
697166;10/06/2025;terça-feira;05:00:00;MA;135;196;ALTO ALEGRE DO MARANHAO;Reação tardia ou ineficiente do condutor;Saída de leito carroçável;Sem Vítimas;Amanhecer;Decrescente;Céu Claro;Simples;Reta;Não;1;0;0;0;0;1;0;1;-4,161606;-44,469242;SPRF-MA;DEL03-MA;UOP01-DEL03-MA
697167;10/06/2025;terça-feira;07:05:00;PI;343;2,3;TERESINA;Ausência de reação do condutor;Colisão traseira;Com Vítimas Feridas;Pleno dia;Decrescente;Céu Claro;Dupla;Reta;Sim;2;0;1;0;1;0;1;2;-5,0814;-42,770897;SPRF-PI;DEL01-PI;UOP01-DEL01-PI
697168;10/06/2025;terça-feira;06:30:00;RJ;40;98;DUQUE DE CAXIAS;Animais na Pista;Atropelamento de Animal;Com Vítimas Feridas;Amanhecer;Crescente;Nublado;Dupla;Reta;Não;1;0;1;0;0;0;1;1;-22,585864;-43,2777232;SPRF-RJ;DEL01-RJ;UOP01-DEL01-RJ
697169;09/06/2025;segunda-feira;11:45:00;RJ;116;45,5;TERESOPOLIS;Chuva;Capotamento;Com Vítimas Feridas;Pleno dia;Crescente;Chuva;Simples;Curva;Não;2;0;2;0;0;0;2;1;-22,16364419;-42,81476533;SPRF-RJ;DEL04-RJ;UOP01-DEL04-RJ
697170;10/06/2025;terça-feira;07:10:00;RS;470;242;BARAO;Acessar a via sem observar a presença dos outros veículos;Colisão transversal;Com Vítimas Feridas;Amanhecer;Crescente;Nevoeiro/Neblina;Simples;Curva;Sim;2;0;1;0;1;0;1;2;-29,36630646;-51,51299818;SPRF-RS;DEL06-RS;UOP01-DEL06-RS
697172;20/04/2025;domingo;06:40:00;MG;262;122,7;RIO CASCA;Ausência de reação do condutor;Colisão lateral sentido oposto;Com Vítimas Feridas;Pleno dia;Crescente;Céu Claro;Simples;Curva;Não;3;0;2;0;1;0;2;2;-20,20678998;-42,67407417;SPRF-MG;DEL03-MG;UOP03-DEL03-MG
697173;10/06/2025;terça-feira;08:30:00;RJ;40;109;DUQUE DE CAXIAS;Ausência de reação do condutor;Colisão traseira;Com Vítimas Feridas;Pleno dia;Crescente;Céu Claro;Múltipla;"Aclive;Viaduto;Curva";Sim;3;0;2;0;1;0;2;2;-22,67318082;-43,28650913;SPRF-RJ;DEL01-RJ;UOP02-DEL01-RJ
697174;04/06/2025;quarta-feira;20:45:00;RS;285;293,4;PASSO FUNDO;Demais falhas mecânicas ou elétricas;Eventos atípicos;Sem Vítimas;Plena Noite;Crescente;Nublado;Dupla;Reta;Sim;2;0;0;0;1;1;0;2;-28,235981;-52,378111;SPRF-RS;DEL08-RS;UOP03-DEL08-RS
697175;10/06/2025;terça-feira;09:10:00;BA;101;221;CRUZ DAS ALMAS;Mal súbito do condutor;Tombamento;Com Vítimas Feridas;Pleno dia;Crescente;Céu Claro;Simples;Reta;Sim;1;0;1;0;0;0;1;1;-12,66598;-39,130075;SPRF-BA;DEL01-BA;UOP02-DEL01-BA
697176;10/06/2025;terça-feira;08:30:00;PA;316;38;SANTA IZABEL DO PARA;Reação tardia ou ineficiente do condutor;Saída de leito carroçável;Com Vítimas Feridas;Pleno dia;Crescente;Céu Claro;Dupla;Reta;Não;1;0;1;0;0;0;1;1;-1,281744;-48,132973;SPRF-PA;DEL01-PA;UOP01-DEL01-PA
697177;10/06/2025;terça-feira;09:00:00;ES;101;269,4;SERRA;Condutor deixou de manter distância do veículo da frente;Colisão traseira;Com Vítimas Feridas;Pleno dia;Decrescente;Céu Claro;Múltipla;Reta;Não;2;0;1;0;1;0;1;2;-20,22176196;-40,2701962;SPRF-ES;DEL02-ES;UOP01-DEL02-ES
697178;10/06/2025;terça-feira;07:40:00;SC;101;5,3;SAO JOSE;Manobra de mudança de faixa;Colisão lateral mesmo sentido;Com Vítimas Feridas;Pleno dia;Decrescente;Céu Claro;Dupla;Reta;Sim;3;0;1;0;2;0;1;2;-27,58878517;-48,61865997;SPRF-SC;DEL03-SC;UOP01-DEL03-SC
697179;10/06/2025;terça-feira;08:20:00;BA;116;911;ENCRUZILHADA;Desrespeitar a preferência no cruzamento;Colisão transversal;Com Vítimas Feridas;Pleno dia;Decrescente;Céu Claro;Simples;"Reta;Interseção de Vias;Declive";Não;2;0;0;1;1;0;1;2;-15,52321;-41,24342;SPRF-BA;DEL08-BA;UOP03-DEL08-BA
697180;10/06/2025;terça-feira;08:30:00;PR;277;674;MEDIANEIRA;Neblina;Colisão traseira;Sem Vítimas;Pleno dia;Decrescente;Nublado;Dupla;Reta;Não;3;0;0;0;3;0;0;3;-25,295;-54,116;SPRF-PR;DEL05-PR;UOP01-DEL05-PR
697181;10/06/2025;terça-feira;09:15:00;PR;277;674;MEDIANEIRA;Reação tardia ou ineficiente do condutor;Colisão traseira;Com Vítimas Feridas;Pleno dia;Decrescente;Nevoeiro/Neblina;Dupla;"Reta;Desvio Temporário";Sim;2;0;0;1;1;0;1;2;-25,29584;-54,11692;SPRF-PR;DEL05-PR;UOP01-DEL05-PR
697182;10/06/2025;terça-feira;08:45:00;PR;277;722,5;FOZ DO IGUACU;Acessar a via sem observar a presença dos outros veículos;Colisão transversal;Com Vítimas Feridas;Amanhecer;Decrescente;Nevoeiro/Neblina;Dupla;"Retorno Regulamentado;Reta";Sim;4;0;2;0;2;0;2;2;-25,49643642;-54,52420084;SPRF-PR;DEL05-PR;UOP03-DEL05-PR
697183;19/04/2025;sábado;17:15:00;GO;60;38;GOIANIA;Ausência de reação do condutor;Colisão lateral mesmo sentido;Com Vítimas Feridas;Pleno dia;Crescente;Céu Claro;Dupla;Curva;Sim;1;0;0;1;0;0;1;1;-16,75119134;-49,3408103;SPRF-GO;DEL01-GO;UOP02-DEL01-GO
697184;10/06/2025;terça-feira;08:30:00;PR;376;74,5;GUAIRACA;Reação tardia ou ineficiente do condutor;Capotamento;Com Vítimas Feridas;Pleno dia;Crescente;Nevoeiro/Neblina;Simples;Reta;Não;2;0;2;0;0;0;2;1;-22,949699;-52,711612;SPRF-PR;DEL09-PR;UOP02-DEL09-PR
697185;10/06/2025;terça-feira;09:52:00;ES;101;268,7;SERRA;Trafegar com motocicleta (ou similar) entre as faixas;Tombamento;Com Vítimas Feridas;Pleno dia;Crescente;Céu Claro;Múltipla;Reta;Sim;1;0;0;1;0;0;1;1;-20,0488571;-40,3866823;SPRF-ES;DEL02-ES;UOP01-DEL02-ES
697187;10/06/2025;terça-feira;09:25:00;SP;381;89;GUARULHOS;Trafegar com motocicleta (ou similar) entre as faixas;Colisão lateral mesmo sentido;Com Vítimas Feridas;Pleno dia;Crescente;Céu Claro;Dupla;Reta;Não;2;0;1;0;1;0;1;2;-23,48308577;-46,56005859;SPRF-SP;DEL03-SP;UOP01-DEL03-SP
697193;10/06/2025;terça-feira;10:15:00;GO;153;505;APARECIDA DE GOIANIA;Reação tardia ou ineficiente do condutor;Colisão com objeto;Com Vítimas Feridas;Pleno dia;Crescente;Céu Claro;Múltipla;Reta;Sim;2;0;0;1;1;0;1;2;-16,7529536;-49,2412675;SPRF-GO;DEL01-GO;UOP01-DEL01-GO
697194;11/04/2025;sexta-feira;17:30:00;MG;262;449;NOVA SERRANA;Avarias e/ou desgaste excessivo no pneu;Tombamento;Com Vítimas Feridas;Pleno dia;Decrescente;Ignorado;Simples;Reta;Sim;1;0;1;0;0;0;1;1;-19,85306929;-45,02381623;SPRF-MG;DEL08-MG;UOP03-DEL08-MG
697195;10/06/2025;terça-feira;08:00:00;SC;101;101;BALNEARIO PICARRAS;Reação tardia ou ineficiente do condutor;Saída de leito carroçável;Sem Vítimas;Pleno dia;Decrescente;Nublado;Simples;Reta;Não;2;0;0;0;1;1;0;2;-26,76725179;-48,68598819;SPRF-SC;DEL03-SC;UOP02-DEL03-SC
697196;10/06/2025;terça-feira;09:15:00;MG;116;751,2;LEOPOLDINA;Reação tardia ou ineficiente do condutor;Saída de leito carroçável;Com Vítimas Feridas;Pleno dia;Decrescente;Nublado;Simples;Curva;Não;1;0;1;0;0;0;1;1;-21,467096;-42,557041;SPRF-MG;DEL07-MG;UOP01-DEL07-MG
697197;18/04/2025;sexta-feira;17:40:00;SC;101;126;ITAJAI;Manobra de mudança de faixa;Colisão lateral mesmo sentido;Com Vítimas Feridas;Anoitecer;Crescente;Céu Claro;Simples;Aclive;Não;3;0;0;1;2;0;1;3;-26,9591429;-48,68024102;SPRF-SC;DEL04-SC;UOP04-DEL04-SC
697198;10/06/2025;terça-feira;10:38:00;BA;324;513;FEIRA DE SANTANA;Ausência de reação do condutor;Colisão frontal;Com Vítimas Fatais;Pleno dia;Crescente;Sol;Simples;Reta;Sim;4;1;0;1;0;2;1;3;-12,23113349;-38,96089979;SPRF-BA;DEL02-BA;UOP01-DEL02-BA
697199;06/06/2025;sexta-feira;16:30:00;SP;101;48;UBATUBA;Transitar na contramão;Colisão transversal;Com Vítimas Feridas;Pleno dia;Crescente;Nublado;Simples;Reta;Sim;2;0;1;0;1;0;1;2;-23,44088403;-45,08703232;SPRF-SP;DEL06-SP;UOP01-DEL06-SP
697200;10/06/2025;terça-feira;10:30:00;PB;101;67,9;SANTA RITA;Chuva;Saída de leito carroçável;Com Vítimas Feridas;Pleno dia;Decrescente;Chuva;Dupla;Curva;Não;1;0;1;0;0;0;1;1;-7,01675245;-35,06130696;SPRF-PB;DEL01-PB;UOP03-DEL01-PB
697201;10/06/2025;terça-feira;10:45:00;PR;116;92,9;SAO JOSE DOS PINHAIS;Trafegar com motocicleta (ou similar) entre as faixas;Colisão lateral mesmo sentido;Com Vítimas Feridas;Pleno dia;Crescente;Nublado;Dupla;"Reta;Viaduto";Sim;2;0;1;0;0;1;1;2;-25,51114018;-49,12776645;SPRF-PR;DEL01-PR;UOP07-DEL01-PR
697202;10/06/2025;terça-feira;11:15:00;CE;222;2;FORTALEZA;Acessar a via sem observar a presença dos outros veículos;Colisão lateral mesmo sentido;Com Vítimas Feridas;Pleno dia;Crescente;Céu Claro;Múltipla;Reta;Sim;3;0;1;0;0;2;1;3;-3,73916795;-38,58882954;SPRF-CE;DEL01-CE;UOP01-DEL01-CE
697203;10/06/2025;terça-feira;11:43:00;ES;101;269,5;SERRA;Ausência de reação do condutor;Colisão traseira;Com Vítimas Feridas;Pleno dia;Decrescente;Sol;Múltipla;"Reta;Interseção de Vias";Sim;2;0;1;0;1;0;1;2;-20,22198245;-40,2702551;SPRF-ES;DEL02-ES;UOP01-DEL02-ES
697207;10/06/2025;terça-feira;12:00:00;GO;153;512;HIDROLANDIA;Ausência de reação do condutor;Queda de ocupante de veículo;Com Vítimas Feridas;Pleno dia;Crescente;Céu Claro;Dupla;Reta;Sim;1;0;1;0;0;0;1;1;-16,921842;-49,2526121;SPRF-GO;DEL01-GO;UOP03-DEL01-GO
697208;10/06/2025;terça-feira;10:00:00;SC;163;80;GUARACIABA;Retorno proibido;Colisão transversal;Com Vítimas Feridas;Pleno dia;Decrescente;Nevoeiro/Neblina;Simples;Reta;Não;2;0;1;0;1;0;1;2;-26,64143745;-53,5184319;SPRF-SC;DEL07-SC;UOP03-DEL07-SC
697209;10/06/2025;terça-feira;12:20:00;PR;376;390;IMBAU;Ausência de reação do condutor;Tombamento;Com Vítimas Feridas;Pleno dia;Decrescente;Céu Claro;Dupla;Reta;Não;1;0;1;0;0;0;1;1;-24,453285;-50,756285;SPRF-PR;DEL03-PR;UOP02-DEL03-PR
697211;10/06/2025;terça-feira;13:15:00;RS;386;343,6;LAJEADO;Ausência de reação do condutor;Colisão com objeto;Com Vítimas Feridas;Pleno dia;Crescente;Sol;Dupla;"Declive;Curva";Sim;1;0;0;1;0;0;1;1;-29,43733131;-51,99625103;SPRF-RS;DEL04-RS;UOP01-DEL04-RS
697212;10/06/2025;terça-feira;08:00:00;ES;101;296;CARIACICA;Acessar a via sem observar a presença dos outros veículos;Colisão traseira;Com Vítimas Feridas;Pleno dia;Crescente;Chuva;Dupla;"Curva;Retorno Regulamentado;Viaduto";Sim;5;0;2;0;3;0;2;3;-20,34169572;-40,40556084;SPRF-ES;DEL01-ES;UOP01-DEL01-ES
697215;10/06/2025;terça-feira;13:10:00;PB;101;88,1;JOAO PESSOA;Condutor Dormindo;Saída de leito carroçável;Com Vítimas Feridas;Pleno dia;Crescente;Sol;Simples;Reta;Sim;2;0;0;1;1;0;1;1;-7,165802;-34,898717;SPRF-PB;DEL01-PB;UOP01-DEL01-PB
697218;10/06/2025;terça-feira;11:50:00;SP;153;166;PROMISSAO;Ausência de reação do condutor;Colisão traseira;Sem Vítimas;Pleno dia;Crescente;Céu Claro;Simples;"Reta;Em Obras";Não;2;0;0;0;2;0;0;2;-21,543305;-49,78222494;SPRF-SP;DEL07-SP;UOP01-DEL07-SP
697221;10/06/2025;terça-feira;14:17:00;ES;101;127,7;SOORETAMA;Ausência de reação do condutor;Saída de leito carroçável;Com Vítimas Feridas;Pleno dia;Decrescente;Céu Claro;Múltipla;Curva;Sim;1;0;1;0;0;0;1;1;-19,2094062;-40,0947213;SPRF-ES;DEL04-ES;UOP01-DEL04-ES
697227;17/05/2025;sábado;21:45:00;GO;50;99;CRISTALINA;Ausência de reação do condutor;Queda de ocupante de veículo;Com Vítimas Feridas;Plena Noite;Crescente;Céu Claro;Dupla;"Curva;Declive";Sim;1;0;0;1;0;0;1;1;-16,77431763;-47,62251198;SPRF-DF;DEL01-DF;UOP02-DEL01-DF
697228;10/06/2025;terça-feira;14:00:00;PR;369;156;LONDRINA;Ausência de reação do condutor;Engavetamento;Sem Vítimas;Pleno dia;Decrescente;Céu Claro;Dupla;"Reta;Declive";Sim;3;0;0;0;1;2;0;3;-23,29086456;-51,2188618;SPRF-PR;DEL07-PR;UOP01-DEL07-PR
697229;10/06/2025;terça-feira;11:10:00;SC;101;278,9;IMBITUBA;Desvio temporário;Colisão com objeto;Com Vítimas Feridas;Pleno dia;Decrescente;Céu Claro;Múltipla;"Reta;Aclive;Em Obras;Viaduto";Sim;1;0;1;0;0;0;1;1;-28,18;-48,7;SPRF-SC;DEL02-SC;UOP03-DEL02-SC
697231;10/06/2025;terça-feira;10:15:00;RJ;116;169;RIO DE JANEIRO;Reação tardia ou ineficiente do condutor;Queda de ocupante de veículo;Com Vítimas Feridas;Pleno dia;Decrescente;Céu Claro;Dupla;Reta;Sim;1;0;1;0;0;0;1;1;-22,81596627;-43,32643891;SPRF-RJ;DEL06-RJ;UOP01-DEL06-RJ