id;data_inversa;dia_semana;horario;uf;br;km;municipio;causa_acidente;tipo_acidente;classificacao_acidente;fase_dia;sentido_via;condicao_metereologica;tipo_pista;tracado_via;uso_solo;pessoas;mortos;feridos_leves;feridos_graves;ilesos;ignorados;feridos;veiculos;latitude;longitude;regional;delegacia;uop
697232;10/06/2025;terça-feira;15:01:00;PE;104;64;CARUARU;Área urbana sem a presença de local apropriado para a travessia de pedestres;Atropelamento de Pedestre;Com Vítimas Feridas;Pleno dia;Decrescente;Céu Claro;Dupla;Reta;Sim;2;0;1;0;1;0;1;2;-8,27053;-35,98081;SPRF-PE;DEL02-PE;UOP01-DEL02-PE
697233;10/06/2025;terça-feira;14:10:00;SC;470;115;IBIRAMA;Acessar a via sem observar a presença dos outros veículos;Colisão lateral mesmo sentido;Com Vítimas Feridas;Pleno dia;Crescente;Sol;Simples;Reta;Sim;2;0;1;0;1;0;1;2;-27,07987875;-49,48588656;SPRF-SC;DEL04-SC;UOP02-DEL04-SC
697236;10/06/2025;terça-feira;12:00:00;MG;262;900;CAMPO FLORIDO;Demais falhas mecânicas ou elétricas;Incêndio;Sem Vítimas;Pleno dia;Decrescente;Céu Claro;Múltipla;Interseção de Vias;Não;1;0;0;0;1;0;0;1;-19,69837947;-48,76441447;SPRF-MG;DEL13-MG;UOP02-DEL13-MG
697237;10/06/2025;terça-feira;15:30:00;RJ;116;287,5;BARRA MANSA;Ausência de reação do condutor;Engavetamento;Com Vítimas Feridas;Pleno dia;Decrescente;Céu Claro;Simples;Reta;Não;5;0;1;0;4;0;1;5;-22,5155694;-44,20887935;SPRF-RJ;DEL07-RJ;UOP02-DEL07-RJ
697238;10/06/2025;terça-feira;08:10:00;MG;116;257;TEOFILO OTONI;Reação tardia ou ineficiente do condutor;Colisão frontal;Com Vítimas Fatais;Pleno dia;Crescente;Céu Claro;Simples;Reta;Não;3;1;1;0;1;0;1;2;-17,704897;-41,485612;SPRF-MG;DEL11-MG;UOP01-DEL11-MG
697239;10/06/2025;terça-feira;16:30:00;RJ;116;173;SAO JOAO DE MERITI;Condutor deixou de manter distância do veículo da frente;Colisão transversal;Com Vítimas Feridas;Pleno dia;Decrescente;Céu Claro;Múltipla;Reta;Não;2;0;1;0;1;0;1;2;-22,79783299;-43,35839923;SPRF-RJ;DEL06-RJ;UOP01-DEL06-RJ
697240;10/06/2025;terça-feira;16:10:00;MG;262;398;PARA DE MINAS;Demais falhas mecânicas ou elétricas;Saída de leito carroçável;Com Vítimas Feridas;Pleno dia;Decrescente;Céu Claro;Dupla;Reta;Sim;1;0;1;0;0;0;1;1;-19,89022363;-44,59139764;SPRF-MG;DEL01-MG;UOP03-DEL01-MG
697242;10/06/2025;terça-feira;13:40:00;SC;282;126,9;BOM RETIRO;Animais na Pista;Atropelamento de Pedestre;Com Vítimas Feridas;Pleno dia;Decrescente;Céu Claro;Simples;Curva;Não;2;0;0;1;1;0;1;2;-27,800256;-49,477621;SPRF-SC;DEL05-SC;UOP01-DEL05-SC
697243;10/06/2025;terça-feira;16:33:00;ES;101;66,2;SAO MATEUS;Acessar a via sem observar a presença dos outros veículos;Atropelamento de Pedestre;Com Vítimas Feridas;Anoitecer;Decrescente;Céu Claro;Dupla;Reta;Sim;2;0;2;0;0;0;2;2;-18,7265246;-39,8574295;SPRF-ES;DEL04-ES;UOP02-DEL04-ES
697244;10/06/2025;terça-feira;16:45:00;BA;101;231,7;SAPEACU;Restrição de visibilidade em curvas horizontais;Colisão transversal;Com Vítimas Feridas;Pleno dia;Decrescente;Céu Claro;Simples;Curva;Não;2;0;1;0;1;0;1;2;-12,75337202;-39,184368;SPRF-BA;DEL01-BA;UOP02-DEL01-BA
697247;10/06/2025;terça-feira;16:35:00;RJ;393;142;SAPUCAIA;Conversão proibida;Colisão transversal;Com Vítimas Feridas;Pleno dia;Crescente;Nublado;Simples;Reta;Não;3;0;3;0;0;0;3;2;-22,03203465;-42,98574686;SPRF-RJ;DEL05-RJ;UOP01-DEL05-RJ
697248;17/05/2025;sábado;13:15:00;PI;316;310;PICOS;Conversão proibida;Colisão transversal;Com Vítimas Feridas;Pleno dia;Decrescente;Céu Claro;Dupla;Reta;Sim;2;0;0;1;1;0;1;2;-7,07585131;-41,47211194;SPRF-PI;DEL04-PI;UOP01-DEL04-PI
697253;10/06/2025;terça-feira;16:00:00;SP;116;307,2;SAO LOURENCO DA SERRA;Reação tardia ou ineficiente do condutor;Tombamento;Com Vítimas Feridas;Pleno dia;Crescente;Céu Claro;Dupla;Reta;Sim;1;0;1;0;0;0;1;1;-23,85216487;-46,93945183;SPRF-SP;DEL04-SP;UOP01-DEL04-SP
697256;29/03/2025;sábado;19:40:00;RS;290;33;SANTO ANTONIO DA PATRULHA;Ausência de reação do condutor;Colisão traseira;Com Vítimas Feridas;Plena Noite;Crescente;Nublado;Múltipla;Reta;Não;2;0;1;0;1;0;1;2;-29,8814434;-50,5396005;SPRF-RS;DEL03-RS;UOP01-DEL03-RS
697260;10/06/2025;terça-feira;17:25:00;SP;116;186;SANTA ISABEL;Ausência de reação do condutor;Tombamento;Com Vítimas Feridas;Plena Noite;Crescente;Nublado;Dupla;"Curva;Declive;Interseção de Vias";Não;1;0;1;0;0;0;1;1;-23,3528108;-46,2011143;SPRF-SP;DEL01-SP;UOP01-DEL01-SP
697262;10/06/2025;terça-feira;17:20:00;MS;163;483,1;CAMPO GRANDE;Acessar a via sem observar a presença dos outros veículos;Colisão transversal;Com Vítimas Feridas;Anoitecer;Crescente;Céu Claro;Simples;Reta;Sim;2;0;2;0;0;0;2;2;-20,457177;-54,546232;SPRF-MS;DEL01-MS;UOP02-DEL01-MS
697263;10/06/2025;terça-feira;17:20:00;MG;40;605,9;CONGONHAS;Acumulo de areia ou detritos sobre o pavimento;Tombamento;Com Vítimas Feridas;Anoitecer;Crescente;Céu Claro;Simples;Curva;Não;2;0;2;0;0;0;2;1;-20,4705468;-43,84405866;SPRF-MG;DEL05-MG;UOP02-DEL05-MG
697264;07/06/2025;sábado;03:20:00;RJ;101;330;RIO DE JANEIRO;Condutor Dormindo;Queda de ocupante de veículo;Com Vítimas Feridas;Plena Noite;Crescente;Garoa/Chuvisco;Múltipla;Reta;Não;1;0;1;0;0;0;1;1;-22,8678212;-43,19771715;SPRF-RJ;DEL02-RJ;UOP01-DEL02-RJ
697265;10/06/2025;terça-feira;17:53:00;RJ;101;329;RIO DE JANEIRO;Trafegar com motocicleta (ou similar) entre as faixas;Colisão lateral mesmo sentido;Com Vítimas Feridas;Plena Noite;Decrescente;Nublado;Múltipla;Reta;Sim;2;0;1;0;0;1;1;2;-22,86921599;-43,18828583;SPRF-RJ;DEL02-RJ;UOP01-DEL02-RJ
697266;10/06/2025;terça-feira;18:35:00;DF;60;9,5;BRASILIA;Acessar a via sem observar a presença dos outros veículos;Colisão lateral sentido oposto;Com Vítimas Feridas;Anoitecer;Crescente;Céu Claro;Dupla;Reta;Não;3;0;0;1;2;0;1;2;-15,908376;-48,14638;SPRF-DF;DEL03-DF;UOP01-DEL03-DF
697267;10/06/2025;terça-feira;18:45:00;SC;101;195,9;BIGUACU;Condutor deixou de manter distância do veículo da frente;Colisão lateral mesmo sentido;Com Vítimas Feridas;Plena Noite;Crescente;Nublado;Múltipla;Reta;Sim;2;0;0;1;1;0;1;2;-27,51281991;-48,64117384;SPRF-SC;DEL01-SC;UOP01-DEL01-SC
697269;10/06/2025;terça-feira;18:17:00;RN;226;3;NATAL;Acesso irregular;Colisão transversal;Com Vítimas Feridas;Plena Noite;Crescente;Céu Claro;Simples;Reta;Sim;2;0;1;0;0;1;1;2;-5,80596095;-35,24108546;SPRF-RN;DEL01-RN;UOP02-DEL01-RN
697272;10/06/2025;terça-feira;17:45:00;TO;10;453;PALMAS;Ausência de reação do condutor;Queda de ocupante de veículo;Com Vítimas Feridas;Anoitecer;Crescente;Céu Claro;Múltipla;Reta;Sim;2;0;2;0;0;0;2;1;-10,303673;-48,29759;SPRF-TO;DEL01-TO;UOP03-DEL01-TO
697274;10/06/2025;terça-feira;18:30:00;CE;116;497;BREJO SANTO;Iluminação deficiente;Atropelamento de Pedestre;Com Vítimas Fatais;Plena Noite;Crescente;Ignorado;Dupla;Interseção de Vias;Sim;2;1;0;0;1;0;0;2;-7,45625668;-38,97390096;SPRF-CE;DEL05-CE;UOP03-DEL05-CE
697275;10/06/2025;terça-feira;18:20:00;BA;116;15,8;VITORIA DA CONQUISTA;Transitar no Acostamento;Colisão lateral mesmo sentido;Com Vítimas Feridas;Plena Noite;Crescente;Céu Claro;Simples;Reta;Sim;4;0;1;0;3;0;1;2;-14,90066294;-40,85328341;SPRF-BA;DEL08-BA;UOP01-DEL08-BA
697276;10/06/2025;terça-feira;17:05:00;PE;424;68,6;CAETES;Condutor deixou de manter distância do veículo da frente;Colisão traseira;Com Vítimas Feridas;Anoitecer;Crescente;Céu Claro;Simples;Reta;Sim;2;0;0;1;1;0;1;2;-8,771808;-36,631215;SPRF-PE;DEL03-PE;UOP01-DEL03-PE
697278;10/06/2025;terça-feira;18:00:00;PE;316;237;BELEM DE SAO FRANCISCO;Animais na Pista;Atropelamento de Animal;Com Vítimas Feridas;Anoitecer;Decrescente;Céu Claro;Simples;Reta;Não;1;0;0;1;0;0;1;1;-8,6273;-39,0702;SPRF-PE;DEL05-PE;UOP03-DEL05-PE
697280;10/06/2025;terça-feira;18:35:00;RS;290;720;URUGUAIANA;Reação tardia ou ineficiente do condutor;Colisão traseira;Sem Vítimas;Anoitecer;Crescente;Céu Claro;Simples;"Reta;Declive";Sim;3;0;0;0;2;1;0;3;-29,76586844;-57,05813241;SPRF-RS;DEL13-RS;UOP01-DEL13-RS
697284;10/06/2025;terça-feira;19:00:00;RS;386;32;FREDERICO WESTPHALEN;Transitar na contramão;Colisão frontal;Com Vítimas Feridas;Plena Noite;Decrescente;Nublado;Simples;"Interseção de Vias;Curva";Sim;5;0;1;1;2;1;2;3;-27,34433486;-53,38835608;SPRF-RS;DEL08-RS;UOP02-DEL08-RS
697285;10/06/2025;terça-feira;18:30:00;MG;50;46,7;ARAGUARI;Velocidade Incompatível;Colisão com objeto;Com Vítimas Feridas;Plena Noite;Crescente;Céu Claro;Dupla;"Declive;Curva";Não;1;0;1;0;0;0;1;1;-18,73495;-48,226364;SPRF-MG;DEL15-MG;UOP02-DEL15-MG
697286;10/06/2025;terça-feira;19:00:00;CE;116;8;FORTALEZA;Ausência de reação do condutor;Colisão traseira;Com Vítimas Feridas;Plena Noite;Decrescente;Céu Claro;Múltipla;Reta;Sim;2;0;0;1;1;0;1;2;-3,822626;-38,503295;SPRF-CE;DEL01-CE;UOP02-DEL01-CE
697287;10/06/2025;terça-feira;18:45:00;SC;101;276,2;IMBITUBA;Avarias e/ou desgaste excessivo no pneu;Queda de ocupante de veículo;Com Vítimas Feridas;Plena Noite;Crescente;Céu Claro;Múltipla;Reta;Sim;2;0;2;0;0;0;2;1;-28,15637082;-48,69316578;SPRF-SC;DEL02-SC;UOP03-DEL02-SC
697289;10/06/2025;terça-feira;12:45:00;BA;116;826,2;VITORIA DA CONQUISTA;Ausência de reação do condutor;Colisão lateral mesmo sentido;Com Vítimas Fatais;Pleno dia;Decrescente;Céu Claro;Múltipla;Reta;Sim;4;1;2;0;0;1;2;3;-14,8819;-40,85656;SPRF-BA;DEL08-BA;UOP01-DEL08-BA
697290;10/06/2025;terça-feira;17:20:00;MG;116;410,2;GOVERNADOR VALADARES;Manobra de mudança de faixa;Colisão lateral mesmo sentido;Com Vítimas Feridas;Plena Noite;Decrescente;Céu Claro;Múltipla;Reta;Sim;2;0;1;0;1;0;1;2;-18,891883;-41,9493979;SPRF-MG;DEL06-MG;UOP01-DEL06-MG
697292;10/06/2025;terça-feira;19:05:00;SC;280;4,5;SAO FRANCISCO DO SUL;Reação tardia ou ineficiente do condutor;Colisão lateral mesmo sentido;Com Vítimas Feridas;Plena Noite;Decrescente;Céu Claro;Simples;"Reta;Interseção de Vias";Sim;2;0;1;0;1;0;1;2;-26,262716;-48,62925;SPRF-SC;DEL03-SC;UOP03-DEL03-SC
697294;10/06/2025;terça-feira;18:15:00;MG;381;428;CAETE;Acessar a via sem observar a presença dos outros veículos;Colisão transversal;Com Vítimas Feridas;Anoitecer;Crescente;Céu Claro;Simples;Curva;Não;3;0;2;0;1;0;2;2;-19,78855581;-43,68239013;SPRF-MG;DEL01-MG;UOP01-DEL01-MG
697295;10/06/2025;terça-feira;19:30:00;CE;20;1,7;FORTALEZA;Reação tardia ou ineficiente do condutor;Colisão traseira;Com Vítimas Feridas;Plena Noite;Decrescente;Céu Claro;Múltipla;Reta;Sim;3;0;2;0;0;1;2;2;-3,73880491;-38,58456222;SPRF-CE;DEL02-CE;UOP02-DEL02-CE
697298;10/06/2025;terça-feira;19:15:00;SC;101;2,5;ARARANGUA;Condutor deixou de manter distância do veículo da frente;Colisão traseira;Com Vítimas Feridas;Plena Noite;Crescente;Céu Claro;Simples;Reta;Sim;3;0;1;0;2;0;1;2;-28,94131;-49,499474;SPRF-SC;DEL02-SC;UOP02-DEL02-SC
697299;10/06/2025;terça-feira;20:00:00;RN;101;80,6;NATAL;Condutor deixou de manter distância do veículo da frente;Colisão transversal;Com Vítimas Feridas;Plena Noite;Decrescente;Céu Claro;Dupla;"Reta;Interseção de Vias";Sim;2;0;1;0;1;0;1;2;-5,7617698;-35,28714;SPRF-RN;DEL02-RN;UOP01-DEL02-RN
697300;10/06/2025;terça-feira;19:35:00;SC;101;208;SAO JOSE;Manobra de mudança de faixa;Colisão lateral mesmo sentido;Com Vítimas Feridas;Plena Noite;Decrescente;Céu Claro;Múltipla;Reta;Sim;2;0;1;0;1;0;1;2;-27,603382;-48,632009;SPRF-SC;DEL01-SC;UOP01-DEL01-SC
697301;10/06/2025;terça-feira;19:00:00;SP;116;342;ITAPECERICA DA SERRA;Ausência de reação do condutor;Queda de ocupante de veículo;Com Vítimas Feridas;Pleno dia;Decrescente;Céu Claro;Múltipla;"Reta;Desvio Temporário";Não;1;0;1;0;0;0;1;1;-23,6978176;-46,874624;SPRF-SP;DEL04-SP;UOP03-DEL04-SP
697303;10/06/2025;terça-feira;20:20:00;SC;282;5;SAO JOSE;Manobra de mudança de faixa;Colisão lateral mesmo sentido;Com Vítimas Feridas;Plena Noite;Crescente;Nublado;Múltipla;Reta;Sim;2;0;0;1;1;0;1;2;-27,58937208;-48,61132018;SPRF-SC;DEL01-SC;UOP01-DEL01-SC
697305;10/06/2025;terça-feira;17:25:00;MT;70;289;PRIMAVERA DO LESTE;Animais na Pista;Atropelamento de Animal;Com Vítimas Feridas;Anoitecer;Decrescente;Nublado;Simples;Reta;Não;1;0;1;0;0;0;1;1;-15,577275;-54,376054;SPRF-MT;DEL05-MT;UOP01-DEL05-MT
697306;10/06/2025;terça-feira;20:15:00;BA;407;124;SENHOR DO BONFIM;Acessar a via sem observar a presença dos outros veículos;Colisão lateral mesmo sentido;Com Vítimas Fatais;Plena Noite;Crescente;Ignorado;Dupla;Reta;Sim;3;1;2;0;0;0;2;2;-10,43624;-40,11239356;SPRF-BA;DEL04-BA;UOP01-DEL04-BA
697308;06/06/2025;sexta-feira;20:30:00;SP;116;81;ROSEIRA;Transitar na contramão;Colisão frontal;Com Vítimas Feridas;Plena Noite;Crescente;Céu Claro;Múltipla;"Reta;Viaduto";Não;2;0;1;0;0;1;1;2;-22,90422637;-45,30951874;SPRF-SP;DEL08-SP;UOP01-DEL08-SP
697309;13/05/2025;terça-feira;13:23:00;RJ;116;183;NOVA IGUACU;Trafegar com motocicleta (ou similar) entre as faixas;Queda de ocupante de veículo;Com Vítimas Feridas;Pleno dia;Crescente;Céu Claro;Dupla;Reta;Não;4;0;0;1;1;2;1;3;-22,74987456;-43,44113298;SPRF-RJ;DEL06-RJ;UOP01-DEL06-RJ
697310;10/06/2025;terça-feira;15:40:00;RJ;393;297,5;BARRA MANSA;Reação tardia ou ineficiente do condutor;Colisão traseira;Com Vítimas Feridas;Pleno dia;Decrescente;Nublado;Simples;"Curva;Declive";Não;2;0;2;0;0;0;2;2;-22,53928;-44,11455;SPRF-RJ;DEL07-RJ;UOP02-DEL07-RJ
697311;10/06/2025;terça-feira;19:15:00;MA;135;7;SAO LUIS;Animais na Pista;Atropelamento de Animal;Com Vítimas Feridas;Plena Noite;Decrescente;Céu Claro;Dupla;"Reta;Aclive";Sim;1;0;1;0;0;0;1;1;-2,634653;-44,267224;SPRF-MA;DEL01-MA;UOP01-DEL01-MA
697312;10/06/2025;terça-feira;19:00:00;RJ;493;89;SEROPEDICA;Ausência de reação do condutor;Saída de leito carroçável;Com Vítimas Feridas;Plena Noite;Decrescente;Céu Claro;Dupla;Reta;Não;1;0;1;0;0;0;1;1;-22,67151;-43,650127;SPRF-RJ;DEL01-RJ;UOP03-DEL01-RJ
697313;10/06/2025;terça-feira;21:25:00;SP;116;224;GUARULHOS;Ausência de reação do condutor;Tombamento;Com Vítimas Feridas;Plena Noite;Crescente;Nublado;Múltipla;Reta;Sim;2;0;2;0;0;0;2;1;-23,483719;-46,538091;SPRF-SP;DEL01-SP;UOP01-DEL01-SP
697315;10/06/2025;terça-feira;18:30:00;MT;364;450;VARZEA GRANDE;Condutor deixou de manter distância do veículo da frente;Colisão lateral mesmo sentido;Com Vítimas Feridas;Plena Noite;Crescente;Céu Claro;Simples;Reta;Não;2;0;1;0;1;0;1;2;-15,61643222;-56,20474363;SPRF-MT;DEL01-MT;UOP02-DEL01-MT
697316;10/06/2025;terça-feira;22:40:00;RJ;116;178;SAO JOAO DE MERITI;Ingestão de álcool pelo condutor;Colisão com objeto;Sem Vítimas;Plena Noite;Crescente;Nublado;Múltipla;Reta;Sim;1;0;0;0;1;0;0;1;-22,77761495;-43,39680847;SPRF-RJ;DEL06-RJ;UOP01-DEL06-RJ
697317;10/06/2025;terça-feira;18:30:00;PB;230;326;PATOS;Ausência de reação do condutor;Saída de leito carroçável;Com Vítimas Feridas;Plena Noite;Crescente;Céu Claro;Simples;"Reta;Declive";Não;1;0;1;0;0;0;1;1;-7,011043;-37,215318;SPRF-PB;DEL03-PB;UOP01-DEL03-PB
697318;10/06/2025;terça-feira;20:30:00;BA;324;435;RIACHAO DO JACUIPE;Ultrapassagem Indevida;Colisão frontal;Com Vítimas Fatais;Anoitecer;Decrescente;Nublado;Simples;Reta;Não;3;1;1;0;0;1;1;2;-11,789911;-39,4247588;SPRF-BA;DEL04-BA;UOP02-DEL04-BA
697319;10/06/2025;terça-feira;23:18:00;RS;116;243;SAO LEOPOLDO;Reação tardia ou ineficiente do condutor;Colisão com objeto;Com Vítimas Feridas;Plena Noite;Crescente;Céu Claro;Múltipla;Reta;Sim;1;0;1;0;0;0;1;1;-29,736396;-51,150162;SPRF-RS;DEL01-RS;UOP02-DEL01-RS
697323;10/06/2025;terça-feira;21:25:00;SC;280;77,1;JARAGUA DO SUL;Ausência de reação do condutor;Saída de leito carroçável;Com Vítimas Feridas;Plena Noite;Crescente;Céu Claro;Simples;Reta;Não;1;0;1;0;0;0;1;1;-26,449133;-49,197881;SPRF-SC;DEL03-SC;UOP03-DEL03-SC
697326;02/06/2025;segunda-feira;17:30:00;MG;153;8,9;ARAPORA;Reação tardia ou ineficiente do condutor;Saída de leito carroçável;Com Vítimas Feridas;Anoitecer;Decrescente;Céu Claro;Dupla;Reta;Não;1;0;1;0;0;0;1;1;-18,49371392;-49,18872607;SPRF-MG;DEL15-MG;UOP03-DEL15-MG
697331;10/06/2025;terça-feira;22:30:00;CE;222;1,7;FORTALEZA;Ausência de reação do condutor;Colisão transversal;Com Vítimas Feridas;Plena Noite;Crescente;Céu Claro;Múltipla;Declive;Sim;2;0;1;0;1;0;1;2;-3,73839808;-38,58372185;SPRF-CE;DEL01-CE;UOP01-DEL01-CE
697335;11/06/2025;quarta-feira;04:48:00;GO;60;129;GOIANAPOLIS;Reação tardia ou ineficiente do condutor;Queda de ocupante de veículo;Com Vítimas Feridas;Plena Noite;Decrescente;Céu Claro;Dupla;Reta;Não;1;0;0;1;0;0;1;1;-16,57478755;-49,15965825;SPRF-GO;DEL01-GO;UOP01-DEL01-GO
697336;11/06/2025;quarta-feira;05:00:00;SC;101;151;ITAPEMA;Reação tardia ou ineficiente do condutor;Colisão com objeto;Com Vítimas Fatais;Plena Noite;Decrescente;Nublado;Dupla;Reta;Sim;1;1;0;0;0;0;0;1;-27,12641132;-48,60921834;SPRF-SC;DEL04-SC;UOP03-DEL04-SC
697338;11/06/2025;quarta-feira;06:19:00;SP;116;225,3;GUARULHOS;Reação tardia ou ineficiente do condutor;Tombamento;Com Vítimas Feridas;Pleno dia;Crescente;Chuva;Múltipla;"Em Obras;Aclive;Reta";Sim;1;0;1;0;0;0;1;1;-23,487679;-46,544419;SPRF-SP;DEL01-SP;UOP01-DEL01-SP
697339;11/06/2025;quarta-feira;06:20:00;SC;282;17;PALHOCA;Acessar a via sem observar a presença dos outros veículos;Colisão lateral mesmo sentido;Com Vítimas Feridas;Amanhecer;Crescente;Nublado;Simples;Reta;Não;2;0;1;0;1;0;1;2;-27,66315673;-48,68591309;SPRF-SC;DEL01-SC;UOP02-DEL01-SC
697340;11/06/2025;quarta-feira;01:15:00;SC;101;124;ITAJAI;Ingestão de álcool pelo condutor;Saída de leito carroçável;Sem Vítimas;Plena Noite;Crescente;Nublado;Dupla;Reta;Sim;1;0;0;0;0;1;0;1;-26,94118611;-48,69536519;SPRF-SC;DEL04-SC;UOP04-DEL04-SC
697341;11/06/2025;quarta-feira;00:30:00;MG;50;178,9;UBERABA;Reação tardia ou ineficiente do condutor;Queda de ocupante de veículo;Com Vítimas Feridas;Plena Noite;Crescente;Céu Claro;Dupla;Reta;Sim;1;0;1;0;0;0;1;1;-19,77814677;-47,92744573;SPRF-MG;DEL13-MG;UOP01-DEL13-MG
697342;11/06/2025;quarta-feira;05:00:00;RJ;101;190,7;CASIMIRO DE ABREU;Curva acentuada;Colisão traseira;Com Vítimas Feridas;Amanhecer;Decrescente;Nublado;Dupla;"Interseção de Vias;Curva";Não;3;0;1;1;0;1;2;2;-22,466226;-42,071341;SPRF-RJ;DEL08-RJ;UOP04-DEL08-RJ
697344;11/06/2025;quarta-feira;04:40:00;SP;116;301;SAO LOURENCO DA SERRA;Pista Escorregadia;Saída de leito carroçável;Sem Vítimas;Plena Noite;Crescente;Chuva;Dupla;"Curva;Declive";Sim;2;0;0;0;0;2;0;1;-23,80631063;-46,92358007;SPRF-SP;DEL04-SP;UOP01-DEL04-SP
697345;11/06/2025;quarta-feira;06:55:00;RS;153;48,3;ERECHIM;Desrespeitar a preferência no cruzamento;Colisão transversal;Com Vítimas Feridas;Pleno dia;Decrescente;Nevoeiro/Neblina;Dupla;Interseção de Vias;Sim;2;0;2;0;0;0;2;2;-27,64838303;-52,25322966;SPRF-RS;DEL08-RS;UOP04-DEL08-RS
697346;11/06/2025;quarta-feira;06:30:00;SC;101;144;ITAPEMA;Demais falhas mecânicas ou elétricas;Tombamento;Com Vítimas Feridas;Amanhecer;Crescente;Céu Claro;Dupla;Curva;Sim;3;0;0;3;0;0;3;2;-27,08019133;-48,60204577;SPRF-SC;DEL04-SC;UOP03-DEL04-SC
697347;11/06/2025;quarta-feira;07:20:00;PR;277;1,7;PARANAGUA;Conversão proibida;Colisão transversal;Com Vítimas Feridas;Pleno dia;Crescente;Céu Claro;Simples;Reta;Sim;2;0;1;0;1;0;1;2;-25,512923;-48,534706;SPRF-PR;DEL01-PR;UOP05-DEL01-PR
697349;11/06/2025;quarta-feira;04:40:00;PI;343;294;ALTOS;Animais na Pista;Atropelamento de Animal;Com Vítimas Feridas;Amanhecer;Crescente;Céu Claro;Simples;Reta;Não;2;0;2;0;0;0;2;1;-4,971168;-42,374568;SPRF-PI;DEL01-PI;UOP03-DEL01-PI
697350;11/06/2025;quarta-feira;07:10:00;PR;277;81;CURITIBA;Reação tardia ou ineficiente do condutor;Tombamento;Com Vítimas Feridas;Amanhecer;Crescente;Nublado;Dupla;Reta;Sim;1;0;1;0;0;0;1;1;-25,461091;-49,219164;SPRF-PR;DEL01-PR;UOP03-DEL01-PR
697351;11/06/2025;quarta-feira;06:55:00;SP;262;320,6;CASTILHO;Ultrapassagem Indevida;Colisão frontal;Com Vítimas Feridas;Pleno dia;Crescente;Nevoeiro/Neblina;Simples;Reta;Não;3;0;1;2;0;0;3;2;-20,78671862;-51,60304141;SPRF-MS;DEL07-MS;UOP01-DEL07-MS
697353;11/06/2025;quarta-feira;07:20:00;SC;280;69,4;JARAGUA DO SUL;Acessar a via sem observar a presença dos outros veículos;Colisão transversal;Com Vítimas Feridas;Pleno dia;Decrescente;Nublado;Simples;"Reta;Em Obras";Sim;2;0;0;1;1;0;1;2;-26,465917;-49,124437;SPRF-SC;DEL03-SC;UOP03-DEL03-SC
697354;11/06/2025;quarta-feira;07:40:00;PR;116;116;CURITIBA;Manobra de mudança de faixa;Colisão traseira;Com Vítimas Feridas;Pleno dia;Crescente;Nublado;Múltipla;Reta;Sim;2;0;1;0;1;0;1;2;-25,556508;-49,306074;SPRF-PR;DEL01-PR;UOP03-DEL01-PR
697355;11/06/2025;quarta-feira;07:15:00;MG;262;801;UBERABA;Ausência de reação do condutor;Colisão traseira;Com Vítimas Feridas;Amanhecer;Crescente;Nevoeiro/Neblina;Dupla;Aclive;Sim;2;0;0;1;1;0;1;2;-19,770962;-47,908553;SPRF-MG;DEL13-MG;UOP01-DEL13-MG
697356;11/06/2025;quarta-feira;06:32:00;PE;101;67;RECIFE;Ausência de reação do condutor;Colisão lateral mesmo sentido;Sem Vítimas;Pleno dia;Crescente;Céu Claro;Dupla;Curva;Sim;2;0;0;0;1;1;0;2;-8,03952;-34,942261;SPRF-PE;DEL01-PE;UOP01-DEL01-PE
697357;11/06/2025;quarta-feira;07:10:00;ES;101;267,9;SERRA;Ausência de reação do condutor;Tombamento;Com Vítimas Feridas;Pleno dia;Crescente;Nublado;Múltipla;Reta;Sim;1;0;1;0;0;0;1;1;-20,207284;-40,269528;SPRF-ES;DEL02-ES;UOP01-DEL02-ES
697359;11/06/2025;quarta-feira;06:25:00;GO;40;3;VALPARAISO DE GOIAS;Acumulo de óleo sobre o pavimento;Tombamento;Com Vítimas Feridas;Pleno dia;Decrescente;Céu Claro;Dupla;Reta;Sim;1;0;0;1;0;0;1;1;-16,078405;-47,985846;SPRF-DF;DEL01-DF;UOP01-DEL01-DF
697360;11/06/2025;quarta-feira;07:20:00;RJ;116;198;QUEIMADOS;Condutor Dormindo;Colisão lateral mesmo sentido;Com Vítimas Feridas;Pleno dia;Decrescente;Céu Claro;Dupla;Reta;Não;3;0;1;0;2;0;1;2;-22,73146299;-43,6235199;SPRF-RJ;DEL06-RJ;UOP02-DEL06-RJ
697361;11/06/2025;quarta-feira;07:10:00;MG;381;479;CONTAGEM;Condutor deixou de manter distância do veículo da frente;Colisão traseira;Com Vítimas Feridas;Pleno dia;Crescente;Céu Claro;Múltipla;"Reta;Aclive";Sim;2;0;1;0;1;0;1;2;-19,96366832;-44,04281616;SPRF-MG;DEL01-MG;UOP03-DEL01-MG
697362;11/06/2025;quarta-feira;07:50:00;SE;235;0,5;ARACAJU;Ausência de reação do condutor;Colisão traseira;Com Vítimas Feridas;Pleno dia;Crescente;Nublado;Dupla;Reta;Sim;3;0;1;0;1;1;1;2;-10,90930423;-37,08091736;SPRF-SE;DEL01-SE;UOP01-DEL01-SE