id;data_inversa;dia_semana;horario;uf;br;km;municipio;causa_acidente;tipo_acidente;classificacao_acidente;fase_dia;sentido_via;condicao_metereologica;tipo_pista;tracado_via;uso_solo;pessoas;mortos;feridos_leves;feridos_graves;ilesos;ignorados;feridos;veiculos;latitude;longitude;regional;delegacia;uop
697363;11/06/2025;quarta-feira;07:50:00;MG;40;516,5;RIBEIRAO DAS NEVES;Reação tardia ou ineficiente do condutor;Queda de ocupante de veículo;Com Vítimas Feridas;Pleno dia;Crescente;Céu Claro;Dupla;Reta;Sim;1;0;1;0;0;0;1;1;-19,81952055;-44,08727646;SPRF-MG;DEL01-MG;UOP02-DEL01-MG
697364;11/06/2025;quarta-feira;07:30:00;SC;101;24,8;JOINVILLE;Reação tardia ou ineficiente do condutor;Capotamento;Com Vítimas Feridas;Pleno dia;Decrescente;Céu Claro;Múltipla;Reta;Não;1;0;1;0;0;0;1;1;-26,18718749;-48,91160186;SPRF-SC;DEL03-SC;UOP01-DEL03-SC
697365;11/06/2025;quarta-feira;00:15:00;RJ;116;130;MAGE;Suicídio (presumido);Atropelamento de Pedestre;Com Vítimas Fatais;Plena Noite;Decrescente;Céu Claro;Dupla;Reta;Sim;3;1;0;0;1;1;0;2;-22,6595;-43,11672;SPRF-RJ;DEL04-RJ;UOP02-DEL04-RJ
697366;11/06/2025;quarta-feira;06:30:00;SC;101;143,8;ITAPEMA;Reação tardia ou ineficiente do condutor;Colisão traseira;Com Vítimas Feridas;Amanhecer;Crescente;Céu Claro;Dupla;Curva;Sim;2;0;1;0;1;0;1;2;-27,07083556;-48,59566467;SPRF-SC;DEL04-SC;UOP03-DEL04-SC
697367;11/06/2025;quarta-feira;08:05:00;SC;280;24;ARAQUARI;Acessar a via sem observar a presença dos outros veículos;Colisão transversal;Com Vítimas Feridas;Pleno dia;Crescente;Céu Claro;Simples;Reta;Sim;2;0;1;0;1;0;1;2;-26,38246485;-48,72544734;SPRF-SC;DEL03-SC;UOP03-DEL03-SC
697368;11/06/2025;quarta-feira;08:20:00;BA;324;620;SALVADOR;Ausência de reação do condutor;Colisão traseira;Com Vítimas Feridas;Pleno dia;Crescente;Nublado;Dupla;Reta;Sim;3;0;2;0;1;0;2;2;-12,90905;-38,45772;SPRF-BA;DEL01-BA;UOP01-DEL01-BA
697369;11/06/2025;quarta-feira;08:35:00;PE;101;66,7;RECIFE;Reação tardia ou ineficiente do condutor;Tombamento;Com Vítimas Feridas;Pleno dia;Crescente;Sol;Múltipla;Reta;Sim;1;0;1;0;0;0;1;1;-8,039972;-34,942418;SPRF-PE;DEL01-PE;UOP01-DEL01-PE
697370;11/06/2025;quarta-feira;08:40:00;PB;104;139;QUEIMADAS;Conversão proibida;Colisão transversal;Com Vítimas Feridas;Pleno dia;Crescente;Céu Claro;Simples;"Interseção de Vias;Curva;Declive";Sim;2;0;1;0;1;0;1;2;-7,363264;-35,902623;SPRF-PB;DEL02-PB;UOP03-DEL02-PB
697371;11/06/2025;quarta-feira;08:35:00;RS;290;2;OSORIO;Condutor Dormindo;Colisão com objeto;Com Vítimas Feridas;Pleno dia;Decrescente;Sol;Dupla;Reta;Não;3;0;1;0;2;0;1;1;-29,897382;-50,292354;SPRF-RS;DEL03-RS;UOP01-DEL03-RS
697372;11/06/2025;quarta-feira;06:20:00;PR;476;152;ARAUCARIA;Manobra de mudança de faixa;Colisão frontal;Com Vítimas Feridas;Pleno dia;Decrescente;Nevoeiro/Neblina;Simples;Curva;Sim;2;0;0;1;1;0;1;2;-25,5731842;-49,3864477;SPRF-PR;DEL01-PR;UOP06-DEL01-PR
697374;11/06/2025;quarta-feira;08:40:00;CE;222;3,7;FORTALEZA;Manobra de mudança de faixa;Colisão lateral mesmo sentido;Com Vítimas Feridas;Pleno dia;Crescente;Céu Claro;Múltipla;Reta;Não;2;0;1;0;1;0;1;2;-3,73739556;-38,57354991;SPRF-CE;DEL01-CE;UOP01-DEL01-CE
697375;15/05/2025;quinta-feira;06:30:00;RN;101;105;PARNAMIRIM;Chuva;Queda de ocupante de veículo;Com Vítimas Feridas;Pleno dia;Decrescente;Chuva;Dupla;Reta;Sim;1;0;1;0;0;0;1;1;-5,9047;-35,260058;SPRF-RN;DEL01-RN;UOP01-DEL01-RN
697376;11/06/2025;quarta-feira;05:45:00;RJ;40;121;DUQUE DE CAXIAS;Reação tardia ou ineficiente do condutor;Colisão traseira;Com Vítimas Feridas;Amanhecer;Crescente;Céu Claro;Múltipla;Reta;Sim;6;0;2;0;4;0;2;3;-22,77637564;-43,28572219;SPRF-RJ;DEL01-RJ;UOP02-DEL01-RJ
697377;11/06/2025;quarta-feira;07:00:00;MG;262;9,2;MARTINS SOARES;Acessar a via sem observar a presença dos outros veículos;Colisão lateral sentido oposto;Com Vítimas Feridas;Pleno dia;Decrescente;Céu Claro;Simples;Curva;Não;3;0;0;2;1;0;2;2;-20,26065614;-41,77722931;SPRF-MG;DEL06-MG;UOP03-DEL06-MG
697378;11/06/2025;quarta-feira;08:00:00;RS;386;354,2;ESTRELA;Pista Escorregadia;Tombamento;Com Vítimas Feridas;Pleno dia;Crescente;Nublado;Dupla;"Declive;Viaduto;Curva";Não;1;0;1;0;0;0;1;1;-29,50942529;-51,94295168;SPRF-RS;DEL04-RS;UOP01-DEL04-RS
697379;10/06/2025;terça-feira;21:15:00;RJ;116;141;DUQUE DE CAXIAS;Reação tardia ou ineficiente do condutor;Queda de ocupante de veículo;Com Vítimas Feridas;Plena Noite;Crescente;Céu Claro;Dupla;Reta;Sim;1;0;1;0;0;0;1;1;-22,646998;-43,220828;SPRF-RJ;DEL01-RJ;UOP02-DEL01-RJ
697382;11/06/2025;quarta-feira;09:10:00;RJ;101;184;CASIMIRO DE ABREU;Condutor deixou de manter distância do veículo da frente;Colisão traseira;Sem Vítimas;Pleno dia;Crescente;Céu Claro;Simples;Curva;Não;5;0;0;0;5;0;0;2;-22,4753799;-42,1723575;SPRF-RJ;DEL08-RJ;UOP04-DEL08-RJ
697383;11/06/2025;quarta-feira;07:35:00;RJ;40;108;DUQUE DE CAXIAS;Manobra de mudança de faixa;Colisão lateral mesmo sentido;Com Vítimas Feridas;Pleno dia;Decrescente;Céu Claro;Dupla;"Curva;Interseção de Vias";Sim;2;0;1;0;1;0;1;2;-22,66992176;-43,28530166;SPRF-RJ;DEL01-RJ;UOP02-DEL01-RJ
697386;11/06/2025;quarta-feira;07:45:00;RO;319;144;PORTO VELHO;Reação tardia ou ineficiente do condutor;Colisão traseira;Com Vítimas Feridas;Pleno dia;Crescente;Céu Claro;Dupla;Reta;Sim;3;0;1;0;2;0;1;2;-8,76182978;-63,88547508;SPRF-RO;DEL01-RO;UOP01-DEL01-RO
697387;11/06/2025;quarta-feira;09:12:00;TO;153;333,9;GUARAI;Reação tardia ou ineficiente do condutor;Colisão traseira;Com Vítimas Feridas;Pleno dia;Crescente;Céu Claro;Múltipla;Reta;Sim;2;0;1;0;1;0;1;2;-8,833038;-48,512475;SPRF-TO;DEL02-TO;UOP02-DEL02-TO
697389;11/06/2025;quarta-feira;07:20:00;RN;304;33,7;MOSSORO;Mal súbito do condutor;Saída de leito carroçável;Com Vítimas Feridas;Pleno dia;Crescente;Céu Claro;Dupla;Reta;Não;1;0;0;1;0;0;1;1;-5,149873;-37,348258;SPRF-RN;DEL04-RN;UOP02-DEL04-RN
697390;08/06/2025;domingo;01:00:00;RS;116;258;ESTEIO;Pedestre andava na pista;Atropelamento de Pedestre;Com Vítimas Fatais;Plena Noite;Crescente;Céu Claro;Múltipla;Reta;Sim;3;1;0;0;1;1;0;3;-29,86524746;-51,18076897;SPRF-RS;DEL01-RS;UOP02-DEL01-RS
697391;11/06/2025;quarta-feira;09:30:00;RJ;101;330;RIO DE JANEIRO;Condutor usando celular;Colisão traseira;Com Vítimas Feridas;Pleno dia;Decrescente;Nublado;Dupla;"Reta;Ponte";Não;2;0;1;0;1;0;1;2;-22,86801391;-43,19179249;SPRF-RJ;DEL02-RJ;UOP01-DEL02-RJ
697393;11/06/2025;quarta-feira;08:00:00;PR;277;430,5;VIRMOND;Desrespeitar a preferência no cruzamento;Colisão transversal;Com Vítimas Feridas;Pleno dia;Crescente;Nevoeiro/Neblina;Simples;Interseção de Vias;Sim;2;0;1;0;1;0;1;2;-25,37848;-52,20314;SPRF-PR;DEL04-PR;UOP02-DEL04-PR
697394;11/06/2025;quarta-feira;09:00:00;PR;116;102;SAO JOSE DOS PINHAIS;Demais falhas mecânicas ou elétricas;Incêndio;Com Vítimas Feridas;Pleno dia;Crescente;Céu Claro;Dupla;"Reta;Viaduto";Sim;1;0;1;0;0;0;1;1;-25,56834306;-49,17857051;SPRF-PR;DEL01-PR;UOP07-DEL01-PR
697397;11/06/2025;quarta-feira;09:49:00;PE;232;132,5;CARUARU;Reação tardia ou ineficiente do condutor;Queda de ocupante de veículo;Com Vítimas Feridas;Pleno dia;Crescente;Céu Claro;Simples;Reta;Não;1;0;0;1;0;0;1;1;-8,30617;-36,01671;SPRF-PE;DEL02-PE;UOP01-DEL02-PE
697400;11/06/2025;quarta-feira;07:00:00;ES;259;100,9;BAIXO GUANDU;Reação tardia ou ineficiente do condutor;Colisão transversal;Com Vítimas Feridas;Pleno dia;Crescente;Céu Claro;Simples;Reta;Sim;2;0;0;1;0;1;1;2;-19,522191;-41,009528;SPRF-ES;DEL02-ES;UOP01-DEL02-ES
697402;11/06/2025;quarta-feira;07:30:00;GO;153;527;HIDROLANDIA;Reação tardia ou ineficiente do condutor;Saída de leito carroçável;Com Vítimas Feridas;Pleno dia;Crescente;Céu Claro;Dupla;"Declive;Curva";Não;1;0;0;1;0;0;1;1;-16,9337812;-49,252066;SPRF-GO;DEL01-GO;UOP03-DEL01-GO
697403;11/06/2025;quarta-feira;09:40:00;RJ;40;108;DUQUE DE CAXIAS;Ausência de reação do condutor;Colisão traseira;Com Vítimas Feridas;Pleno dia;Decrescente;Céu Claro;Múltipla;Reta;Não;2;0;1;0;1;0;1;2;-22,6721792;-43,2832512;SPRF-RJ;DEL01-RJ;UOP02-DEL01-RJ
697405;11/06/2025;quarta-feira;10:55:00;MG;381;492,7;BETIM;Problema com o freio;Colisão transversal;Com Vítimas Feridas;Pleno dia;Crescente;Céu Claro;Múltipla;Reta;Sim;3;0;1;0;2;0;1;2;-19,962988;-44,167122;SPRF-MG;DEL01-MG;UOP03-DEL01-MG
697406;11/06/2025;quarta-feira;10:45:00;RJ;393;285,9;VOLTA REDONDA;Condutor deixou de manter distância do veículo da frente;Colisão traseira;Com Vítimas Feridas;Pleno dia;Crescente;Céu Claro;Simples;Rotatória;Sim;2;0;1;0;1;0;1;2;-22,50265361;-44,07259226;SPRF-RJ;DEL05-RJ;UOP04-DEL05-RJ
697407;11/06/2025;quarta-feira;11:00:00;SP;381;88;SAO PAULO;Ausência de reação do condutor;Colisão traseira;Com Vítimas Feridas;Pleno dia;Crescente;Nublado;Dupla;Reta;Sim;2;0;1;0;1;0;1;2;-23,47072583;-46,56692505;SPRF-SP;DEL03-SP;UOP01-DEL03-SP
697411;11/06/2025;quarta-feira;07:00:00;SC;282;576;PINHALZINHO;Ingestão de álcool pelo condutor;Saída de leito carroçável;Sem Vítimas;Plena Noite;Crescente;Nevoeiro/Neblina;Simples;Curva;Sim;1;0;0;0;0;1;0;1;-26,864158;-52,955604;SPRF-SC;DEL07-SC;UOP02-DEL07-SC
697413;11/06/2025;quarta-feira;11:35:00;PB;230;20,8;JOAO PESSOA;Ausência de reação do condutor;Engavetamento;Com Vítimas Feridas;Pleno dia;Crescente;Sol;Dupla;Reta;Sim;10;0;2;0;3;5;2;5;-7,14475878;-34,85124707;SPRF-PB;DEL01-PB;UOP01-DEL01-PB
697415;11/06/2025;quarta-feira;11:24:00;PI;343;224;CAMPO MAIOR;Transitar no Acostamento;Colisão traseira;Com Vítimas Feridas;Pleno dia;Decrescente;Céu Claro;Simples;Reta;Sim;2;0;0;1;1;0;1;2;-4,848259;-42,1926267;SPRF-PI;DEL01-PI;UOP03-DEL01-PI
697416;11/06/2025;quarta-feira;12:05:00;BA;101;718;EUNAPOLIS;Acessar a via sem observar a presença dos outros veículos;Colisão transversal;Com Vítimas Feridas;Pleno dia;Crescente;Céu Claro;Simples;Reta;Não;2;0;0;1;1;0;1;2;-16,382675;-39,584433;SPRF-BA;DEL09-BA;UOP01-DEL09-BA
697417;11/06/2025;quarta-feira;11:15:00;MS;163;76,3;ITAQUIRAI;Acesso irregular;Eventos atípicos;Com Vítimas Feridas;Pleno dia;Crescente;Céu Claro;Simples;Curva;Sim;2;0;1;1;0;0;2;2;-23,490287;-54,18491;SPRF-MS;DEL09-MS;UOP01-DEL09-MS
697418;08/06/2025;domingo;03:40:00;RJ;40;100;DUQUE DE CAXIAS;Velocidade Incompatível;Atropelamento de Pedestre;Com Vítimas Feridas;Plena Noite;Crescente;Céu Claro;Dupla;Reta;Não;2;0;0;1;0;1;1;2;-22,59985654;-43,28281512;SPRF-RJ;DEL01-RJ;UOP01-DEL01-RJ
697420;11/06/2025;quarta-feira;13:15:00;SC;101;132;BALNEARIO CAMBORIU;Reação tardia ou ineficiente do condutor;Colisão lateral mesmo sentido;Com Vítimas Feridas;Pleno dia;Decrescente;Sol;Múltipla;"Reta;Interseção de Vias";Sim;3;0;2;0;1;0;2;2;-26,99788862;-48,65113942;SPRF-SC;DEL04-SC;UOP03-DEL04-SC
697421;11/06/2025;quarta-feira;09:16:00;MG;116;508,3;UBAPORANGA;Transitar na contramão;Colisão transversal;Com Vítimas Feridas;Pleno dia;Decrescente;Nublado;Simples;Reta;Sim;2;0;0;1;1;0;1;2;-19,63366;-42,10561;SPRF-MG;DEL06-MG;UOP02-DEL06-MG
697422;11/06/2025;quarta-feira;13:15:00;SP;488;2,1;APARECIDA;Objeto estático sobre o leito carroçável;Colisão com objeto;Com Vítimas Feridas;Pleno dia;Crescente;Nublado;Dupla;"Em Obras;Reta";Sim;1;0;1;0;0;0;1;1;-22,85027407;-45,23775101;SPRF-SP;DEL08-SP;UOP01-DEL08-SP
697424;11/06/2025;quarta-feira;13:30:00;SP;116;192;SANTA ISABEL;Reação tardia ou ineficiente do condutor;Queda de ocupante de veículo;Com Vítimas Feridas;Pleno dia;Crescente;Nublado;Dupla;Reta;Não;1;0;1;0;0;0;1;1;-23,37719451;-46,25193642;SPRF-SP;DEL01-SP;UOP01-DEL01-SP
697425;11/06/2025;quarta-feira;09:30:00;MG;116;528;CARATINGA;Ausência de reação do condutor;Colisão lateral mesmo sentido;Com Vítimas Feridas;Pleno dia;Decrescente;Nublado;Simples;Interseção de Vias;Sim;2;0;1;0;1;0;1;2;-19,7763888;-42,1350378;SPRF-MG;DEL06-MG;UOP02-DEL06-MG
697427;11/06/2025;quarta-feira;11:00:00;GO;251;19;CRISTALINA;Mal súbito do condutor;Colisão frontal;Com Vítimas Feridas;Pleno dia;Crescente;Céu Claro;Simples;Reta;Não;2;0;0;2;0;0;2;2;-16,160267;-47,478308;SPRF-DF;DEL01-DF;UOP01-DEL01-DF
697428;11/06/2025;quarta-feira;11:25:00;AL;316;86;SANTANA DO IPANEMA;Ausência de reação do condutor;Colisão traseira;Com Vítimas Feridas;Pleno dia;Crescente;Sol;Simples;Reta;Não;3;0;1;1;1;0;2;2;-9,37555;-37,22878;SPRF-AL;DEL03-AL;UOP02-DEL03-AL
697429;11/06/2025;quarta-feira;13:10:00;CE;116;4;FORTALEZA;Condutor deixou de manter distância do veículo da frente;Colisão traseira;Com Vítimas Feridas;Pleno dia;Crescente;Céu Claro;Múltipla;Reta;Sim;2;0;1;0;1;0;1;2;-3,79184267;-38,50904211;SPRF-CE;DEL01-CE;UOP02-DEL01-CE
697432;11/06/2025;quarta-feira;14:19:00;ES;101;287;CARIACICA;Velocidade Incompatível;Colisão traseira;Com Vítimas Feridas;Pleno dia;Decrescente;Garoa/Chuvisco;Dupla;Retorno Regulamentado;Sim;3;0;1;1;1;0;2;2;-20,26612129;-40,38619341;SPRF-ES;DEL01-ES;UOP01-DEL01-ES
697433;11/06/2025;quarta-feira;13:50:00;RS;290;18;SANTO ANTONIO DA PATRULHA;Acumulo de areia ou detritos sobre o pavimento;Colisão com objeto;Sem Vítimas;Pleno dia;Crescente;Céu Claro;Dupla;Reta;Não;1;0;0;0;1;0;0;1;-29,881329;-50,435598;SPRF-RS;DEL03-RS;UOP01-DEL03-RS
697434;11/06/2025;quarta-feira;12:00:00;MG;262;140;RIO CASCA;Mal súbito do condutor;Saída de leito carroçável;Sem Vítimas;Pleno dia;Decrescente;Céu Claro;Simples;"Declive;Reta";Não;1;0;0;0;1;0;0;1;-20,06709955;-42,71795344;SPRF-MG;DEL03-MG;UOP03-DEL03-MG
697435;08/06/2025;domingo;07:00:00;MG;40;660;CARANDAI;Velocidade Incompatível;Saída de leito carroçável;Com Vítimas Feridas;Pleno dia;Crescente;Garoa/Chuvisco;Simples;Curva;Não;1;0;1;0;0;0;1;1;-20,90097387;-43,82708073;SPRF-MG;DEL05-MG;UOP02-DEL05-MG
697436;11/06/2025;quarta-feira;14:00:00;CE;116;3;FORTALEZA;Condutor deixou de manter distância do veículo da frente;Colisão traseira;Com Vítimas Feridas;Pleno dia;Decrescente;Sol;Múltipla;Reta;Não;2;0;1;0;1;0;1;2;-3,78405315;-38,51231575;SPRF-CE;DEL01-CE;UOP02-DEL01-CE
697437;11/06/2025;quarta-feira;11:50:00;MT;70;692;POCONE;Transtornos Mentais (exceto suicidio);Colisão traseira;Sem Vítimas;Pleno dia;Decrescente;Céu Claro;Simples;"Declive;Reta";Não;2;0;0;0;2;0;0;2;-15,9428465;-57,0795708;SPRF-MT;DEL03-MT;UOP01-DEL03-MT
697440;11/06/2025;quarta-feira;14:00:00;MG;381;518;IGARAPE;Ausência de reação do condutor;Saída de leito carroçável;Sem Vítimas;Pleno dia;Decrescente;Céu Claro;Múltipla;"Declive;Curva";Sim;1;0;0;0;0;1;0;1;-20,1029949;-44,3217337;SPRF-MG;DEL01-MG;UOP03-DEL01-MG
697441;11/06/2025;quarta-feira;14:20:00;PE;232;133,2;CARUARU;Condutor deixou de manter distância do veículo da frente;Colisão traseira;Sem Vítimas;Pleno dia;Crescente;Céu Claro;Dupla;Reta;Sim;2;0;0;0;2;0;0;2;-8,30848;-36,02419;SPRF-PE;DEL02-PE;UOP01-DEL02-PE
697444;11/06/2025;quarta-feira;10:10:00;PE;232;408;SERRA TALHADA;Transitar no Acostamento;Colisão transversal;Sem Vítimas;Pleno dia;Crescente;Céu Claro;Simples;Reta;Sim;3;0;0;0;3;0;0;2;-7,98380502;-38,2803211;SPRF-PE;DEL04-PE;UOP01-DEL04-PE
697450;11/06/2025;quarta-feira;13:15:00;AC;364;139;RIO BRANCO;Velocidade Incompatível;Colisão traseira;Com Vítimas Feridas;Pleno dia;Crescente;Nublado;Dupla;Rotatória;Não;6;0;0;2;2;2;2;4;-9,95293654;-67,86254883;SPRF-AC;DEL01-AC;UOP01-DEL01-AC
697451;11/06/2025;quarta-feira;14:10:00;RO;364;428;JARU;Ausência de reação do condutor;Colisão traseira;Sem Vítimas;Pleno dia;Decrescente;Céu Claro;Simples;Reta;Não;20;0;0;0;20;0;0;2;-10,42227457;-62,49464854;SPRF-RO;DEL03-RO;UOP02-DEL03-RO
697452;11/06/2025;quarta-feira;16:08:00;TO;153;331;GUARAI;Reação tardia ou ineficiente do condutor;Colisão traseira;Sem Vítimas;Pleno dia;Crescente;Céu Claro;Simples;Reta;Não;5;0;0;0;5;0;0;3;-8,81567912;-48,51240456;SPRF-TO;DEL02-TO;UOP02-DEL02-TO
697454;11/06/2025;quarta-feira;15:30:00;RJ;40;108;DUQUE DE CAXIAS;Manobra de mudança de faixa;Colisão lateral mesmo sentido;Com Vítimas Feridas;Pleno dia;Crescente;Garoa/Chuvisco;Dupla;Reta;Não;2;0;0;1;1;0;1;2;-22,66261205;-43,28466074;SPRF-RJ;DEL01-RJ;UOP02-DEL01-RJ
697455;11/06/2025;quarta-feira;13:55:00;MA;316;555;CAXIAS;Acessar a via sem observar a presença dos outros veículos;Colisão transversal;Com Vítimas Feridas;Pleno dia;Decrescente;Céu Claro;Simples;Curva;Sim;2;0;1;0;1;0;1;2;-4,87091455;-43,32324503;SPRF-MA;DEL03-MA;UOP02-DEL03-MA
697457;11/06/2025;quarta-feira;15:38:00;MG;365;443,1;GUIMARANIA;Desrespeitar a preferência no cruzamento;Colisão transversal;Com Vítimas Feridas;Pleno dia;Crescente;Sol;Simples;"Reta;Interseção de Vias";Não;3;0;1;0;2;0;1;2;-18,800027;-46,755543;SPRF-MG;DEL10-MG;UOP01-DEL10-MG
697459;11/06/2025;quarta-feira;15:40:00;RN;304;304;PARNAMIRIM;Manobra de mudança de faixa;Colisão traseira;Com Vítimas Feridas;Pleno dia;Crescente;Céu Claro;Dupla;Reta;Não;2;0;1;0;1;0;1;2;-5,88623771;-35,27731109;SPRF-RN;DEL01-RN;UOP02-DEL01-RN
697460;11/06/2025;quarta-feira;15:20:00;RS;116;144,3;CAXIAS DO SUL;Ultrapassagem Indevida;Colisão lateral mesmo sentido;Com Vítimas Feridas;Pleno dia;Decrescente;Céu Claro;Dupla;"Reta;Interseção de Vias;Viaduto";Sim;2;0;0;1;1;0;1;2;-29,13322316;-51,12950206;SPRF-RS;DEL05-RS;UOP01-DEL05-RS
697462;11/06/2025;quarta-feira;13:30:00;MT;70;0,5;BARRA DO GARCAS;Ausência de reação do condutor;Colisão traseira;Sem Vítimas;Pleno dia;Decrescente;Céu Claro;Simples;Reta;Sim;2;0;0;0;2;0;0;2;-15,892497;-52,260563;SPRF-MT;DEL07-MT;UOP01-DEL07-MT
697464;11/06/2025;quarta-feira;15:25:00;SC;101;389,2;CRICIUMA;Reação tardia ou ineficiente do condutor;Colisão traseira;Sem Vítimas;Pleno dia;Decrescente;Céu Claro;Múltipla;Reta;Não;2;0;0;0;2;0;0;2;-28,803712;-49,368338;SPRF-SC;DEL02-SC;UOP02-DEL02-SC
697465;11/06/2025;quarta-feira;17:10:00;SP;116;149,5;SAO JOSE DOS CAMPOS;Condutor deixou de manter distância do veículo da frente;Colisão traseira;Com Vítimas Feridas;Anoitecer;Decrescente;Céu Claro;Dupla;Aclive;Sim;2;0;1;0;1;0;1;2;-23,20894474;-45,88827102;SPRF-SP;DEL02-SP;UOP01-DEL02-SP
697466;11/06/2025;quarta-feira;15:50:00;RJ;101;483;ANGRA DOS REIS;Condutor deixou de manter distância do veículo da frente;Colisão traseira;Com Vítimas Feridas;Pleno dia;Crescente;Céu Claro;Simples;Reta;Sim;2;0;1;0;1;0;1;2;-22,989552;-44,2418096;SPRF-RJ;DEL03-RJ;UOP03-DEL03-RJ
697467;11/06/2025;quarta-feira;17:00:00;RJ;116;119;MAGE;Ausência de reação do condutor;Tombamento;Com Vítimas Feridas;Pleno dia;Decrescente;Garoa/Chuvisco;Múltipla;Curva;Não;1;0;1;0;0;0;1;1;-22,6137958;-43,03429261;SPRF-RJ;DEL04-RJ;UOP02-DEL04-RJ
697468;11/06/2025;quarta-feira;15:55:00;MT;70;435;VARZEA GRANDE;Acessar a via sem observar a presença dos outros veículos;Colisão transversal;Com Vítimas Feridas;Pleno dia;Decrescente;Céu Claro;Dupla;Reta;Não;2;0;2;0;0;0;2;2;-15,645801;-56,199029;SPRF-MT;DEL05-MT;UOP02-DEL05-MT
697469;11/06/2025;quarta-feira;17:45:00;MG;40;525,5;CONTAGEM;Manobra de mudança de faixa;Colisão lateral mesmo sentido;Com Vítimas Feridas;Anoitecer;Decrescente;Nublado;Dupla;Reta;Sim;2;0;1;0;1;0;1;2;-19,89257935;-44,04983282;SPRF-MG;DEL01-MG;UOP02-DEL01-MG
697471;11/06/2025;quarta-feira;17:45:00;PB;104;135,8;QUEIMADAS;Ausência de reação do condutor;Colisão traseira;Com Vítimas Feridas;Anoitecer;Decrescente;Céu Claro;Simples;Reta;Não;2;0;1;0;1;0;1;2;-7,326728;-35,896775;SPRF-PB;DEL02-PB;UOP03-DEL02-PB
697472;11/06/2025;quarta-feira;18:05:00;SC;101;205,1;SAO JOSE;Manobra de mudança de faixa;Colisão lateral mesmo sentido;Com Vítimas Feridas;Plena Noite;Decrescente;Céu Claro;Múltipla;Reta;Sim;2;0;1;0;1;0;1;2;-27,58405;-48,61553;SPRF-SC;DEL01-SC;UOP01-DEL01-SC
697474;11/06/2025;quarta-feira;17:30:00;SC;101;213,8;PALHOCA;Manobra de mudança de faixa;Colisão lateral mesmo sentido;Com Vítimas Feridas;Anoitecer;Decrescente;Nublado;Dupla;Reta;Sim;3;0;2;0;1;0;2;2;-27,64278;-48,67045;SPRF-SC;DEL01-SC;UOP02-DEL01-SC
697476;11/06/2025;quarta-feira;17:40:00;PR;369;156;LONDRINA;Trafegar com motocicleta (ou similar) entre as faixas;Colisão lateral mesmo sentido;Com Vítimas Feridas;Anoitecer;Decrescente;Céu Claro;Dupla;"Reta;Declive";Sim;5;0;1;1;3;0;2;5;-23,29043537;-51,21986954;SPRF-PR;DEL07-PR;UOP01-DEL07-PR
697477;11/06/2025;quarta-feira;17:20:00;PR;369;193;ARAPONGAS;Animais na Pista;Atropelamento de Animal;Com Vítimas Feridas;Pleno dia;Decrescente;Céu Claro;Dupla;Reta;Não;1;0;1;0;0;0;1;1;-23,46027856;-51,42348139;SPRF-PR;DEL07-PR;UOP03-DEL07-PR
697478;11/06/2025;quarta-feira;18:30:00;SC;280;28;ARAQUARI;Acessar a via sem observar a presença dos outros veículos;Colisão transversal;Com Vítimas Feridas;Plena Noite;Crescente;Céu Claro;Simples;Reta;Sim;2;0;1;0;1;0;1;2;-26,413186;-48,758333;SPRF-SC;DEL03-SC;UOP03-DEL03-SC
697479;08/06/2025;domingo;14:00:00;GO;70;96;ITABERAI;Acumulo de areia ou detritos sobre o pavimento;Colisão com objeto;Sem Vítimas;Pleno dia;Decrescente;Céu Claro;Simples;"Aclive;Curva";Não;2;0;0;0;2;0;0;1;-16,0207742;-49,8433802;SPRF-GO;DEL02-GO;UOP02-DEL02-GO
697481;11/06/2025;quarta-feira;18:19:00;MG;381;510;SAO JOAQUIM DE BICAS;Acessar a via sem observar a presença dos outros veículos;Colisão transversal;Com Vítimas Feridas;Plena Noite;Decrescente;Céu Claro;Múltipla;"Reta;Interseção de Vias";Sim;2;0;1;0;1;0;1;2;-20,06210103;-44,29201269;SPRF-MG;DEL01-MG;UOP03-DEL01-MG
697482;11/06/2025;quarta-feira;17:08:00;RJ;101;70;CAMPOS DOS GOYTACAZES;Acessar a via sem observar a presença dos outros veículos;Colisão transversal;Com Vítimas Feridas;Anoitecer;Decrescente;Nublado;Simples;Reta;Não;3;0;1;0;2;0;1;2;-21,78380081;-41,37812734;SPRF-RJ;DEL08-RJ;UOP02-DEL08-RJ
697484;11/06/2025;quarta-feira;18:10:00;PR;369;148;LONDRINA;Transitar no Acostamento;Atropelamento de Pedestre;Com Vítimas Feridas;Anoitecer;Crescente;Céu Claro;Dupla;Reta;Sim;2;0;0;1;1;0;1;2;-23,292894;-51,143121;SPRF-PR;DEL07-PR;UOP01-DEL07-PR
697486;11/06/2025;quarta-feira;18:30:00;PA;155;340;MARABA;Condutor deixou de manter distância do veículo da frente;Colisão traseira;Com Vítimas Feridas;Plena Noite;Crescente;Céu Claro;Simples;Reta;Sim;2;0;1;0;1;0;1;2;-5,385878;-49,078623;SPRF-PA;DEL03-PA;UOP01-DEL03-PA
697488;11/06/2025;quarta-feira;19:00:00;ES;101;290,6;CARIACICA;Manobra de mudança de faixa;Colisão traseira;Com Vítimas Feridas;Plena Noite;Decrescente;Nublado;Dupla;"Reta;Retorno Regulamentado";Não;3;0;2;0;1;0;2;2;-20,294183;-40,393092;SPRF-ES;DEL01-ES;UOP01-DEL01-ES