id;data_inversa;dia_semana;horario;uf;br;km;municipio;causa_acidente;tipo_acidente;classificacao_acidente;fase_dia;sentido_via;condicao_metereologica;tipo_pista;tracado_via;uso_solo;pessoas;mortos;feridos_leves;feridos_graves;ilesos;ignorados;feridos;veiculos;latitude;longitude;regional;delegacia;uop
697489;11/06/2025;quarta-feira;18:40:00;RJ;40;80;DUQUE DE CAXIAS;Reação tardia ou ineficiente do condutor;Queda de ocupante de veículo;Com Vítimas Feridas;Plena Noite;Decrescente;Chuva;Dupla;"Curva;Declive";Não;1;0;1;0;0;0;1;1;-22,52350053;-43,22775507;SPRF-RJ;DEL01-RJ;UOP01-DEL01-RJ
697490;11/06/2025;quarta-feira;17:50:00;BA;116;827;VITORIA DA CONQUISTA;Manobra de mudança de faixa;Colisão lateral mesmo sentido;Com Vítimas Feridas;Plena Noite;Decrescente;Nublado;Dupla;Reta;Sim;3;0;3;0;0;0;3;2;-14,887873;-40,86059;SPRF-BA;DEL08-BA;UOP01-DEL08-BA
697492;11/06/2025;quarta-feira;19:50:00;ES;101;305,1;VIANA;Chuva;Saída de leito carroçável;Com Vítimas Feridas;Plena Noite;Decrescente;Chuva;Múltipla;Reta;Não;1;0;1;0;0;0;1;1;-20,38654947;-40,46307564;SPRF-ES;DEL01-ES;UOP01-DEL01-ES
697493;11/06/2025;quarta-feira;20:05:00;RN;304;20;MOSSORO;Curva acentuada;Tombamento;Com Vítimas Feridas;Plena Noite;Crescente;Céu Claro;Simples;Curva;Não;4;0;1;0;3;0;1;1;-5,0678226;-37,33089566;SPRF-RN;DEL04-RN;UOP02-DEL04-RN
697494;11/06/2025;quarta-feira;19:10:00;MS;158;260;TRES LAGOAS;Transitar na contramão;Colisão frontal;Com Vítimas Feridas;Plena Noite;Crescente;Ignorado;Simples;Reta;Não;3;0;0;2;1;0;2;2;-20,72163825;-51,74650669;SPRF-MS;DEL07-MS;UOP01-DEL07-MS
697495;11/06/2025;quarta-feira;20:15:00;GO;70;1,5;AGUAS LINDAS DE GOIAS;Ausência de reação do condutor;Colisão traseira;Sem Vítimas;Plena Noite;Crescente;Céu Claro;Dupla;"Aclive;Curva";Sim;2;0;0;0;2;0;0;2;-15,766725;-48,230197;SPRF-DF;DEL03-DF;UOP02-DEL03-DF
697496;11/06/2025;quarta-feira;20:00:00;PE;232;14;JABOATAO DOS GUARARAPES;Acessar a via sem observar a presença dos outros veículos;Atropelamento de Pedestre;Com Vítimas Feridas;Plena Noite;Decrescente;Nublado;Dupla;Reta;Não;3;0;1;2;0;0;3;2;-8,090479;-35,024402;SPRF-PE;DEL01-PE;UOP01-DEL01-PE
697499;11/06/2025;quarta-feira;18:20:00;RJ;40;110;DUQUE DE CAXIAS;Reação tardia ou ineficiente do condutor;Colisão traseira;Com Vítimas Feridas;Anoitecer;Decrescente;Céu Claro;Múltipla;Reta;Sim;2;0;1;0;1;0;1;2;-22,6867288;-43,2857331;SPRF-RJ;DEL01-RJ;UOP02-DEL01-RJ
697500;11/06/2025;quarta-feira;18:15:00;RS;290;86,5;PORTO ALEGRE;Animais na Pista;Atropelamento de Animal;Com Vítimas Feridas;Anoitecer;Decrescente;Nublado;Dupla;Reta;Não;1;0;1;0;0;0;1;1;-29,96795372;-51,12047911;SPRF-RS;DEL01-RS;UOP01-DEL01-RS
697501;11/06/2025;quarta-feira;18:00:00;RS;116;113;SAO MARCOS;Condutor deixou de manter distância do veículo da frente;Colisão traseira;Com Vítimas Feridas;Anoitecer;Crescente;Céu Claro;Simples;Reta;Não;2;0;1;0;1;0;1;2;-28,96184321;-51,07856926;SPRF-RS;DEL05-RS;UOP01-DEL05-RS
697502;11/06/2025;quarta-feira;20:00:00;RJ;101;478;ANGRA DOS REIS;Conversão proibida;Colisão frontal;Com Vítimas Feridas;Plena Noite;Crescente;Céu Claro;Simples;Curva;Sim;2;0;1;0;1;0;1;2;-23,00669741;-44,27651016;SPRF-RJ;DEL03-RJ;UOP03-DEL03-RJ
697503;11/06/2025;quarta-feira;18:30:00;RO;364;424;JARU;Acessar a via sem observar a presença dos outros veículos;Colisão transversal;Com Vítimas Feridas;Anoitecer;Crescente;Céu Claro;Simples;Interseção de Vias;Não;3;0;1;0;2;0;1;2;-10,439833;-62,46890187;SPRF-RO;DEL03-RO;UOP02-DEL03-RO
697507;11/06/2025;quarta-feira;19:25:00;GO;60;252;INDIARA;Ausência de reação do condutor;Saída de leito carroçável;Com Vítimas Feridas;Plena Noite;Decrescente;Céu Claro;Dupla;"Reta;Interseção de Vias";Não;1;0;1;0;0;0;1;1;-17,13291646;-49,98504639;SPRF-GO;DEL01-GO;UOP02-DEL01-GO
697508;11/06/2025;quarta-feira;19:40:00;BA;110;20;PAULO AFONSO;Ausência de reação do condutor;Capotamento;Com Vítimas Feridas;Plena Noite;Decrescente;Céu Claro;Simples;Curva;Não;4;0;1;3;0;0;4;1;-9,4269623;-38,2051453;SPRF-BA;DEL07-BA;UOP01-DEL07-BA
697510;11/06/2025;quarta-feira;18:40:00;RJ;116;82,5;TERESOPOLIS;Acessar a via sem observar a presença dos outros veículos;Colisão transversal;Com Vítimas Feridas;Plena Noite;Crescente;Chuva;Simples;"Reta;Aclive";Sim;3;0;2;0;1;0;2;3;-22,407615;-42,950962;SPRF-RJ;DEL04-RJ;UOP01-DEL04-RJ
697511;11/06/2025;quarta-feira;18:45:00;RJ;116;83,2;TERESOPOLIS;Reação tardia ou ineficiente do condutor;Engavetamento;Com Vítimas Feridas;Plena Noite;Decrescente;Chuva;Simples;"Reta;Aclive";Sim;4;0;1;0;3;0;1;4;-22,411585;-42,949798;SPRF-RJ;DEL04-RJ;UOP01-DEL04-RJ
697513;11/06/2025;quarta-feira;21:29:00;ES;101;296,9;CARIACICA;Ausência de reação do condutor;Tombamento;Com Vítimas Feridas;Plena Noite;Crescente;Nublado;Dupla;Reta;Sim;2;0;1;0;1;0;1;1;-20,34577373;-40,41070819;SPRF-ES;DEL01-ES;UOP01-DEL01-ES
697514;11/06/2025;quarta-feira;20:45:00;DF;60;20;BRASILIA;Ingestão de álcool pelo condutor;Saída de leito carroçável;Sem Vítimas;Plena Noite;Crescente;Céu Claro;Dupla;"Reta;Aclive";Não;1;0;0;0;1;0;0;1;-15,976248;-48,198932;SPRF-DF;DEL03-DF;UOP01-DEL03-DF
697515;11/06/2025;quarta-feira;17:40:00;PI;316;67;MONSENHOR GIL;Acessar a via sem observar a presença dos outros veículos;Colisão transversal;Com Vítimas Feridas;Anoitecer;Decrescente;Céu Claro;Simples;Reta;Sim;2;0;0;1;1;0;1;2;-5,645492;-42,591763;SPRF-PI;DEL01-PI;UOP02-DEL01-PI
697516;11/06/2025;quarta-feira;19:50:00;RJ;465;15;SEROPEDICA;Transitar no Acostamento;Colisão transversal;Com Vítimas Feridas;Plena Noite;Decrescente;Nublado;Simples;Reta;Sim;2;0;0;1;1;0;1;2;-22,81097403;-43,63133001;SPRF-RJ;DEL06-RJ;UOP02-DEL06-RJ
697517;11/06/2025;quarta-feira;21:00:00;SC;101;261,9;GAROPABA;Reação tardia ou ineficiente do condutor;Colisão com objeto;Sem Vítimas;Plena Noite;Crescente;Céu Claro;Dupla;Reta;Não;1;0;0;0;0;1;0;1;-28,0307901;-48,7064381;SPRF-SC;DEL02-SC;UOP03-DEL02-SC
697519;11/06/2025;quarta-feira;21:30:00;PE;232;413;SERRA TALHADA;Pedestre andava na pista;Atropelamento de Pedestre;Com Vítimas Fatais;Plena Noite;Crescente;Céu Claro;Simples;Reta;Sim;3;1;1;1;0;0;2;2;-7,98080881;-38,31531856;SPRF-PE;DEL04-PE;UOP01-DEL04-PE
697521;11/06/2025;quarta-feira;20:10:00;PB;230;363;MALTA;Acessar a via sem observar a presença dos outros veículos;Colisão traseira;Com Vítimas Feridas;Plena Noite;Crescente;Céu Claro;Simples;Reta;Não;3;0;0;1;2;0;1;2;-6,9073407;-37,50972748;SPRF-PB;DEL03-PB;UOP02-DEL03-PB
697526;11/06/2025;quarta-feira;17:30:00;SC;116;35,3;ITAIOPOLIS;Desrespeitar a preferência no cruzamento;Colisão transversal;Com Vítimas Feridas;Pleno dia;Crescente;Céu Claro;Simples;"Curva;Aclive";Não;5;0;2;0;3;0;2;2;-26,336808;-50,007174;SPRF-SC;DEL06-SC;UOP01-DEL06-SC
697527;11/06/2025;quarta-feira;21:35:00;MS;60;369;CAMPO GRANDE;Conversão proibida;Colisão lateral sentido oposto;Sem Vítimas;Plena Noite;Crescente;Céu Claro;Simples;"Interseção de Vias;Reta";Sim;3;0;0;0;2;1;0;2;-20,567777;-54,687636;SPRF-MS;DEL01-MS;UOP04-DEL01-MS
697529;11/06/2025;quarta-feira;22:00:00;SP;116;223,5;GUARULHOS;Objeto estático sobre o leito carroçável;Colisão com objeto;Com Vítimas Feridas;Plena Noite;Crescente;Céu Claro;Múltipla;Reta;Sim;2;0;2;0;0;0;2;1;-23,48189605;-46,53530568;SPRF-SP;DEL01-SP;UOP01-DEL01-SP
697532;08/06/2025;domingo;04:54:00;MT;163;907;ITAUBA;Reação tardia ou ineficiente do condutor;Atropelamento de Animal;Sem Vítimas;Amanhecer;Crescente;Céu Claro;Simples;"Reta;Aclive";Não;1;0;0;0;1;0;0;1;-11,2511;-55,30873;SPRF-MT;DEL06-MT;UOP02-DEL06-MT
697533;11/06/2025;quarta-feira;21:20:00;PI;343;3;TERESINA;Ausência de reação do condutor;Capotamento;Sem Vítimas;Plena Noite;Crescente;Céu Claro;Múltipla;Reta;Sim;1;0;0;0;0;1;0;1;-5,08065782;-42,78175447;SPRF-PI;DEL01-PI;UOP01-DEL01-PI
697534;11/06/2025;quarta-feira;18:00:00;RJ;465;14;SEROPEDICA;Ausência de reação do condutor;Tombamento;Com Vítimas Feridas;Plena Noite;Crescente;Céu Claro;Simples;Reta;Sim;1;0;1;0;0;0;1;1;-22,7168447;-43,7151603;SPRF-RJ;DEL06-RJ;UOP02-DEL06-RJ
697539;11/06/2025;quarta-feira;22:00:00;RO;364;710;PORTO VELHO;Condutor deixou de manter distância do veículo da frente;Colisão traseira;Com Vítimas Feridas;Plena Noite;Decrescente;Céu Claro;Dupla;Reta;Sim;3;0;1;0;2;0;1;2;-8,8080384;-63,7599744;SPRF-RO;DEL01-RO;UOP01-DEL01-RO
697540;11/06/2025;quarta-feira;21:50:00;RR;432;211;CANTA;Animais na Pista;Atropelamento de Animal;Com Vítimas Feridas;Plena Noite;Crescente;Céu Claro;Simples;Reta;Não;1;0;0;1;0;0;1;1;2,81005647;-60,60962296;SPRF-RR;DEL01-RR;UOP01-DEL01-RR
697542;11/06/2025;quarta-feira;23:40:00;RS;386;360,6;ESTRELA;Ingestão de álcool pelo condutor;Colisão traseira;Sem Vítimas;Plena Noite;Decrescente;Céu Claro;Dupla;Curva;Não;2;0;0;0;1;1;0;2;-29,54723321;-51,90855503;SPRF-RS;DEL04-RS;UOP01-DEL04-RS
697544;12/06/2025;quinta-feira;00:25:00;RS;290;70;GRAVATAI;Demais falhas mecânicas ou elétricas;Incêndio;Sem Vítimas;Plena Noite;Decrescente;Céu Claro;Dupla;Reta;Não;1;0;0;0;0;1;0;1;-29,948429;-50,956263;SPRF-RS;DEL03-RS;UOP01-DEL03-RS
697545;12/06/2025;quinta-feira;00:19:00;MG;50;56;UBERLANDIA;Demais falhas mecânicas ou elétricas;Queda de ocupante de veículo;Com Vítimas Feridas;Plena Noite;Decrescente;Céu Claro;Dupla;Declive;Não;2;0;2;0;0;0;2;1;-18,786437;-48,231453;SPRF-MG;DEL15-MG;UOP02-DEL15-MG
697546;12/06/2025;quinta-feira;00:15:00;MG;153;172;COMENDADOR GOMES;Reação tardia ou ineficiente do condutor;Saída de leito carroçável;Com Vítimas Feridas;Plena Noite;Decrescente;Céu Claro;Simples;Interseção de Vias;Não;4;0;1;0;3;0;1;1;-19,73145;-48,97308;SPRF-MG;DEL13-MG;UOP02-DEL13-MG
697547;11/06/2025;quarta-feira;23:55:00;CE;116;11;FORTALEZA;Velocidade Incompatível;Saída de leito carroçável;Com Vítimas Feridas;Plena Noite;Crescente;Chuva;Dupla;Reta;Não;1;0;0;1;0;0;1;1;-3,850178;-38,496036;SPRF-CE;DEL01-CE;UOP02-DEL01-CE
697554;12/06/2025;quinta-feira;05:05:00;SC;470;60,2;BLUMENAU;Ausência de reação do condutor;Colisão com objeto;Com Vítimas Feridas;Plena Noite;Decrescente;Ignorado;Simples;"Interseção de Vias;Retorno Regulamentado;Em Obras;Curva";Sim;1;0;1;0;0;0;1;1;-26,88078474;-49,16726232;SPRF-SC;DEL04-SC;UOP01-DEL04-SC
697555;12/06/2025;quinta-feira;05:50:00;SE;235;54,5;ITABAIANA;Ingestão de álcool pelo condutor;Queda de ocupante de veículo;Com Vítimas Feridas;Pleno dia;Crescente;Céu Claro;Simples;Reta;Sim;1;0;1;0;0;0;1;1;-10,674825;-37,443645;SPRF-SE;DEL01-SE;UOP02-DEL01-SE
697556;12/06/2025;quinta-feira;05:30:00;SE;101;98;SAO CRISTOVAO;Animais na Pista;Atropelamento de Animal;Com Vítimas Feridas;Amanhecer;Decrescente;Céu Claro;Dupla;Curva;Não;1;0;1;0;0;0;1;1;-10,925063;-37,17695;SPRF-SE;DEL02-SE;UOP01-DEL02-SE
697558;12/06/2025;quinta-feira;05:05:00;GO;50;295;CATALAO;Condutor Dormindo;Saída de leito carroçável;Sem Vítimas;Plena Noite;Decrescente;Céu Claro;Dupla;Reta;Não;3;0;0;0;3;0;0;1;-18,296133;-48,011121;SPRF-GO;DEL06-GO;UOP01-DEL06-GO
697559;12/06/2025;quinta-feira;05:30:00;ES;101;94;JAGUARE;Acessar a via sem observar a presença dos outros veículos;Colisão transversal;Com Vítimas Feridas;Amanhecer;Decrescente;Céu Claro;Simples;Reta;Sim;2;0;1;0;0;1;1;2;-18,933256;-39,972669;SPRF-ES;DEL04-ES;UOP02-DEL04-ES
697563;12/06/2025;quinta-feira;06:00:00;RJ;116;173;SAO JOAO DE MERITI;Manobra de mudança de faixa;Colisão lateral mesmo sentido;Com Vítimas Feridas;Amanhecer;Decrescente;Chuva;Múltipla;Reta;Não;2;0;1;0;1;0;1;2;-22,7995674;-43,3553242;SPRF-RJ;DEL06-RJ;UOP01-DEL06-RJ
697565;12/06/2025;quinta-feira;06:15:00;SC;116;219,4;CORREIA PINTO;Acessar a via sem observar a presença dos outros veículos;Colisão transversal;Com Vítimas Feridas;Amanhecer;Decrescente;Nublado;Simples;Rotatória;Sim;2;0;1;0;1;0;1;2;-27,58050174;-50,36859155;SPRF-SC;DEL05-SC;UOP03-DEL05-SC
697566;12/06/2025;quinta-feira;06:55:00;RS;293;1;PELOTAS;Desrespeitar a preferência no cruzamento;Colisão transversal;Com Vítimas Feridas;Pleno dia;Crescente;Céu Claro;Dupla;Rotatória;Sim;2;0;1;0;1;0;1;2;-31,75691207;-52,35721057;SPRF-RS;DEL07-RS;UOP01-DEL07-RS
697568;12/06/2025;quinta-feira;06:51:00;MG;365;605;UBERLANDIA;Animais na Pista;Atropelamento de Animal;Com Vítimas Feridas;Pleno dia;Decrescente;Céu Claro;Simples;Reta;Sim;1;0;1;0;0;0;1;1;-18,894;-48,153;SPRF-MG;DEL15-MG;UOP01-DEL15-MG
697569;12/06/2025;quinta-feira;06:40:00;MG;381;483;BETIM;Manobra de mudança de faixa;Colisão lateral mesmo sentido;Com Vítimas Feridas;Pleno dia;Decrescente;Céu Claro;Dupla;"Curva;Aclive";Não;2;0;1;0;1;0;1;2;-19,95769272;-44,07914311;SPRF-MG;DEL01-MG;UOP03-DEL01-MG
697570;12/06/2025;quinta-feira;06:50:00;RS;116;308;GUAIBA;Ausência de reação do condutor;Saída de leito carroçável;Sem Vítimas;Amanhecer;Decrescente;Nevoeiro/Neblina;Dupla;"Desvio Temporário;Em Obras;Reta";Não;2;0;0;0;2;0;0;1;-30,1816;-51,395038;SPRF-RS;DEL02-RS;UOP01-DEL02-RS
697571;12/06/2025;quinta-feira;07:00:00;PR;476;157;ARAUCARIA;Transitar na contramão;Colisão transversal;Com Vítimas Feridas;Amanhecer;Crescente;Céu Claro;Simples;"Interseção de Vias;Reta";Não;2;0;1;0;1;0;1;2;-25,606505;-49,421162;SPRF-PR;DEL01-PR;UOP06-DEL01-PR
697572;12/06/2025;quinta-feira;07:15:00;SC;470;55;BLUMENAU;Acesso irregular;Colisão traseira;Com Vítimas Feridas;Amanhecer;Decrescente;Chuva;Simples;Reta;Sim;2;0;1;0;1;0;1;2;-26,876397;-49,12136972;SPRF-SC;DEL04-SC;UOP01-DEL04-SC
697573;12/06/2025;quinta-feira;05:00:00;RO;364;422,9;JARU;Demais falhas mecânicas ou elétricas;Tombamento;Com Vítimas Feridas;Amanhecer;Decrescente;Céu Claro;Múltipla;"Interseção de Vias;Aclive;Reta";Sim;1;0;1;0;0;0;1;1;-10,45116147;-62,46167931;SPRF-RO;DEL03-RO;UOP02-DEL03-RO
697577;12/06/2025;quinta-feira;06:58:00;PE;101;63;RECIFE;Acessar a via sem observar a presença dos outros veículos;Engavetamento;Sem Vítimas;Pleno dia;Crescente;Sol;Múltipla;Interseção de Vias;Sim;4;0;0;0;4;0;0;4;-8,015639;-34,940238;SPRF-PE;DEL01-PE;UOP01-DEL01-PE
697578;11/06/2025;quarta-feira;23:30:00;BA;116;18;VITORIA DA CONQUISTA;Acesso irregular;Colisão lateral sentido oposto;Com Vítimas Feridas;Plena Noite;Crescente;Céu Claro;Simples;Reta;Não;2;0;1;0;1;0;1;2;-14,89661;-40,832372;SPRF-BA;DEL08-BA;UOP01-DEL08-BA
697579;12/06/2025;quinta-feira;06:30:00;RJ;101;169;CAMPOS DOS GOYTACAZES;Velocidade Incompatível;Colisão traseira;Com Vítimas Feridas;Pleno dia;Crescente;Garoa/Chuvisco;Simples;Curva;Não;2;0;1;0;1;0;1;2;-21,83581502;-41,42088559;SPRF-RJ;DEL08-RJ;UOP04-DEL08-RJ
697582;12/06/2025;quinta-feira;07:10:00;SC;101;216,5;PALHOCA;Acessar a via sem observar a presença dos outros veículos;Colisão transversal;Com Vítimas Feridas;Pleno dia;Decrescente;Céu Claro;Dupla;Reta;Sim;2;0;1;0;1;0;1;2;-27,663772;-48,675188;SPRF-SC;DEL01-SC;UOP02-DEL01-SC
697584;12/06/2025;quinta-feira;08:00:00;ES;101;144;LINHARES;Reação tardia ou ineficiente do condutor;Colisão lateral mesmo sentido;Com Vítimas Feridas;Pleno dia;Crescente;Céu Claro;Simples;Interseção de Vias;Sim;2;0;1;0;1;0;1;2;-19,3713974;-40,06645203;SPRF-ES;DEL04-ES;UOP01-DEL04-ES
697585;12/06/2025;quinta-feira;08:00:00;RS;116;253;SAPUCAIA DO SUL;Manobra de mudança de faixa;Colisão lateral mesmo sentido;Com Vítimas Feridas;Pleno dia;Crescente;Céu Claro;Múltipla;"Reta;Declive;Viaduto";Sim;6;0;1;0;5;0;1;4;-29,81910673;-51,17045403;SPRF-RS;DEL01-RS;UOP02-DEL01-RS
697586;12/06/2025;quinta-feira;04:42:00;PI;343;348,3;TERESINA;Ausência de reação do condutor;Colisão com objeto;Sem Vítimas;Amanhecer;Crescente;Céu Claro;Simples;Interseção de Vias;Sim;1;0;0;0;0;1;0;1;-5,119967;-42,789228;SPRF-PI;DEL01-PI;UOP01-DEL01-PI
697587;11/06/2025;quarta-feira;22:00:00;MT;70;412;CAMPO VERDE;Reação tardia ou ineficiente do condutor;Saída de leito carroçável;Com Vítimas Feridas;Plena Noite;Crescente;Céu Claro;Simples;Reta;Não;1;0;0;1;0;0;1;1;-15,699048;-55,327475;SPRF-MT;DEL05-MT;UOP02-DEL05-MT
697588;12/06/2025;quinta-feira;06:40:00;RR;401;31;BONFIM;Acumulo de água sobre o pavimento;Saída de leito carroçável;Com Vítimas Feridas;Pleno dia;Decrescente;Chuva;Simples;Reta;Não;5;0;5;0;0;0;5;1;2,92755951;-60,47214103;SPRF-RR;DEL01-RR;UOP01-DEL01-RR
697590;12/06/2025;quinta-feira;07:15:00;CE;222;1;FORTALEZA;Condutor deixou de manter distância do veículo da frente;Colisão traseira;Com Vítimas Feridas;Pleno dia;Decrescente;Céu Claro;Dupla;Reta;Sim;2;0;1;0;1;0;1;2;-3,73823264;-38,58094811;SPRF-CE;DEL01-CE;UOP01-DEL01-CE
697591;12/06/2025;quinta-feira;07:30:00;PB;230;158;CAMPINA GRANDE;Transitar na contramão;Colisão frontal;Com Vítimas Feridas;Pleno dia;Crescente;Céu Claro;Simples;Reta;Sim;4;0;2;0;1;1;2;3;-7,262382;-35,921752;SPRF-PB;DEL02-PB;UOP01-DEL02-PB
697592;12/06/2025;quinta-feira;08:02:00;MG;40;504;ESMERALDAS;Reação tardia ou ineficiente do condutor;Saída de leito carroçável;Com Vítimas Feridas;Pleno dia;Decrescente;Céu Claro;Dupla;"Reta;Aclive";Sim;1;0;1;0;0;0;1;1;-19,730465;-44,152567;SPRF-MG;DEL02-MG;UOP01-DEL02-MG
697593;11/06/2025;quarta-feira;18:50:00;RJ;40;109;DUQUE DE CAXIAS;Manobra de mudança de faixa;Colisão lateral mesmo sentido;Com Vítimas Feridas;Plena Noite;Crescente;Céu Claro;Dupla;Reta;Sim;2;0;1;0;1;0;1;2;-22,6721792;-43,2832512;SPRF-RJ;DEL01-RJ;UOP02-DEL01-RJ
697594;12/06/2025;quinta-feira;07:50:00;RJ;40;122;DUQUE DE CAXIAS;Manobra de mudança de faixa;Colisão lateral mesmo sentido;Com Vítimas Feridas;Pleno dia;Crescente;Garoa/Chuvisco;Dupla;Reta;Sim;2;0;1;0;0;1;1;2;-22,6721792;-43,2832512;SPRF-RJ;DEL01-RJ;UOP02-DEL01-RJ
697595;05/06/2025;quinta-feira;13:38:00;PR;277;366,5;GUARAPUAVA;Ausência de reação do condutor;Engavetamento;Com Vítimas Feridas;Pleno dia;Crescente;Chuva;Simples;"Declive;Reta";Não;9;0;2;1;6;0;3;4;-25,422848;-51,66552;SPRF-PR;DEL08-PR;UOP01-DEL08-PR
697596;12/06/2025;quinta-feira;07:20:00;SP;116;222,5;GUARULHOS;Trafegar com motocicleta (ou similar) entre as faixas;Colisão lateral mesmo sentido;Com Vítimas Feridas;Pleno dia;Crescente;Nublado;Múltipla;Reta;Sim;2;0;1;0;1;0;1;2;-23,473315;-46,522143;SPRF-SP;DEL01-SP;UOP01-DEL01-SP
697597;12/06/2025;quinta-feira;09:20:00;SC;101;208;SAO JOSE;Demais falhas mecânicas ou elétricas;Tombamento;Com Vítimas Feridas;Pleno dia;Crescente;Céu Claro;Dupla;"Aclive;Curva";Sim;1;0;1;0;0;0;1;1;-27,60378834;-48,63265514;SPRF-SC;DEL01-SC;UOP01-DEL01-SC
697598;11/06/2025;quarta-feira;19:00:00;MA;10;101;ESTREITO;Acessar a via sem observar a presença dos outros veículos;Colisão frontal;Com Vítimas Fatais;Plena Noite;Decrescente;Céu Claro;Simples;Reta;Não;2;1;0;0;1;0;0;2;-6,60116047;-47,43393872;SPRF-MA;DEL04-MA;UOP02-DEL04-MA
697600;12/06/2025;quinta-feira;09:15:00;PR;369;162;CAMBE;Velocidade Incompatível;Engavetamento;Com Vítimas Feridas;Pleno dia;Decrescente;Céu Claro;Dupla;"Reta;Aclive";Não;6;0;2;0;4;0;2;4;-23,29134645;-51,26484331;SPRF-PR;DEL07-PR;UOP01-DEL07-PR
697601;12/06/2025;quinta-feira;09:20:00;BA;324;592;CANDEIAS;Ausência de reação do condutor;Saída de leito carroçável;Com Vítimas Feridas;Pleno dia;Crescente;Céu Claro;Dupla;Reta;Não;1;0;1;0;0;0;1;1;-12,7240528;-38,4490087;SPRF-BA;DEL01-BA;UOP01-DEL01-BA
697602;23/04/2025;quarta-feira;09:29:00;RJ;101;224;SILVA JARDIM;Reação tardia ou ineficiente do condutor;Colisão lateral mesmo sentido;Com Vítimas Feridas;Pleno dia;Crescente;Céu Claro;Dupla;Reta;Não;3;0;1;1;0;1;2;2;-22,51398417;-42,31384277;SPRF-RJ;DEL02-RJ;UOP03-DEL02-RJ
697604;12/06/2025;quinta-feira;09:50:00;ES;101;8;SERRA;Ausência de reação do condutor;Queda de ocupante de veículo;Com Vítimas Feridas;Pleno dia;Crescente;Céu Claro;Dupla;Reta;Não;1;0;0;1;0;0;1;1;-20,04887441;-40,3865193;SPRF-ES;DEL02-ES;UOP01-DEL02-ES
697606;12/06/2025;quinta-feira;09:00:00;PR;369;152;LONDRINA;Manobra de mudança de faixa;Colisão lateral mesmo sentido;Com Vítimas Feridas;Pleno dia;Crescente;Céu Claro;Dupla;Reta;Sim;2;0;1;0;1;0;1;2;-23,29261149;-51,18055986;SPRF-PR;DEL07-PR;UOP01-DEL07-PR
697607;12/06/2025;quinta-feira;07:00:00;RN;405;75;APODI;Acumulo de óleo sobre o pavimento;Queda de ocupante de veículo;Com Vítimas Feridas;Pleno dia;Decrescente;Céu Claro;Dupla;Reta;Sim;2;0;1;0;0;1;1;2;-5,64956408;-37,79936012;SPRF-RN;DEL04-RN;UOP02-DEL04-RN
697610;19/05/2025;segunda-feira;08:00:00;BA;116;15;VITORIA DA CONQUISTA;Acessar a via sem observar a presença dos outros veículos;Colisão lateral mesmo sentido;Com Vítimas Feridas;Pleno dia;Decrescente;Céu Claro;Simples;Interseção de Vias;Não;2;0;1;0;1;0;1;2;-14,89956085;-40,85456584;SPRF-BA;DEL08-BA;UOP01-DEL08-BA
697612;12/06/2025;quinta-feira;05:35:00;MG;116;136;PONTO DOS VOLANTES;Animais na Pista;Atropelamento de Animal;Sem Vítimas;Amanhecer;Crescente;Nevoeiro/Neblina;Simples;Reta;Sim;2;0;0;0;2;0;0;1;-16,75516351;-41,50216341;SPRF-MG;DEL11-MG;UOP02-DEL11-MG
697615;12/06/2025;quinta-feira;08:50:00;RJ;393;252,9;BARRA DO PIRAI;Velocidade Incompatível;Colisão frontal;Com Vítimas Feridas;Pleno dia;Decrescente;Nublado;Simples;Curva;Não;2;0;0;1;1;0;1;2;-22,486098;-43,89955;SPRF-RJ;DEL05-RJ;UOP04-DEL05-RJ
697619;12/06/2025;quinta-feira;10:47:00;RN;226;153,6;CURRAIS NOVOS;Manobra de mudança de faixa;Capotamento;Com Vítimas Feridas;Pleno dia;Crescente;Céu Claro;Simples;"Aclive;Reta";Não;4;0;4;0;0;0;4;1;-6,2;-36,339;SPRF-RN;DEL03-RN;UOP02-DEL03-RN
697620;19/05/2025;segunda-feira;08:15:00;PR;277;82;CURITIBA;Trafegar com motocicleta (ou similar) entre as faixas;Colisão traseira;Com Vítimas Feridas;Pleno dia;Crescente;Chuva;Dupla;Reta;Não;3;0;1;0;2;0;1;2;-25,454968;-49,224348;SPRF-PR;DEL01-PR;UOP03-DEL01-PR
697621;12/06/2025;quinta-feira;10:30:00;SP;116;448;REGISTRO;Ausência de reação do condutor;Tombamento;Com Vítimas Feridas;Pleno dia;Decrescente;Céu Claro;Dupla;Reta;Sim;1;0;1;0;0;0;1;1;-24,52911623;-47,85602689;SPRF-SP;DEL05-SP;UOP01-DEL05-SP
697622;12/06/2025;quinta-feira;05:45:00;PA;222;115,2;RONDON DO PARA;Reação tardia ou ineficiente do condutor;Saída de leito carroçável;Com Vítimas Feridas;Amanhecer;Decrescente;Ignorado;Simples;Curva;Não;1;0;0;1;0;0;1;1;-4,81051;-48,143147;SPRF-PA;DEL02-PA;UOP02-DEL02-PA
697623;12/06/2025;quinta-feira;09:50:00;MT;174;4;PONTES E LACERDA;Conversão proibida;Colisão frontal;Com Vítimas Feridas;Pleno dia;Decrescente;Céu Claro;Simples;Reta;Sim;2;0;0;1;1;0;1;2;-15,23620956;-59,34129114;SPRF-MT;DEL04-MT;UOP01-DEL04-MT