id;data_inversa;dia_semana;horario;uf;br;km;municipio;causa_acidente;tipo_acidente;classificacao_acidente;fase_dia;sentido_via;condicao_metereologica;tipo_pista;tracado_via;uso_solo;pessoas;mortos;feridos_leves;feridos_graves;ilesos;ignorados;feridos;veiculos;latitude;longitude;regional;delegacia;uop
697624;12/06/2025;quinta-feira;11:35:00;RS;116;246;SAO LEOPOLDO;Acessar a via sem observar a presença dos outros veículos;Colisão lateral mesmo sentido;Com Vítimas Feridas;Pleno dia;Decrescente;Céu Claro;Múltipla;"Reta;Ponte";Sim;2;0;1;0;1;0;1;2;-29,76000726;-51,15194625;SPRF-RS;DEL01-RS;UOP02-DEL01-RS
697627;12/06/2025;quinta-feira;09:30:00;RJ;101;428;MANGARATIBA;Chuva;Queda de ocupante de veículo;Com Vítimas Feridas;Pleno dia;Crescente;Chuva;Simples;Reta;Não;2;0;2;0;0;0;2;1;-22,93636586;-44,00216309;SPRF-RJ;DEL03-RJ;UOP02-DEL03-RJ
697629;12/06/2025;quinta-feira;10:50:00;MG;50;79;UBERLANDIA;Demais falhas mecânicas ou elétricas;Saída de leito carroçável;Com Vítimas Feridas;Pleno dia;Crescente;Céu Claro;Dupla;Reta;Não;5;0;4;0;1;0;4;1;-18,957083;-48,217336;SPRF-MG;DEL15-MG;UOP01-DEL15-MG
697630;12/06/2025;quinta-feira;12:00:00;RJ;116;183;NOVA IGUACU;Ausência de reação do condutor;Colisão traseira;Com Vítimas Feridas;Pleno dia;Decrescente;Garoa/Chuvisco;Dupla;Reta;Não;2;0;1;0;1;0;1;2;-22,76280653;-43,42144489;SPRF-RJ;DEL06-RJ;UOP01-DEL06-RJ
697631;02/06/2025;segunda-feira;17:00:00;AM;230;506,9;HUMAITA;Acumulo de areia ou detritos sobre o pavimento;Saída de leito carroçável;Com Vítimas Feridas;Pleno dia;Crescente;Céu Claro;Simples;Reta;Não;1;0;1;0;0;0;1;1;-7,92364861;-62,13619465;SPRF-AM;DEL02-AM;UOP01-DEL02-AM
697632;06/05/2025;terça-feira;07:40:00;PR;369;161;CAMBE;Manobra de mudança de faixa;Colisão lateral mesmo sentido;Com Vítimas Feridas;Amanhecer;Crescente;Céu Claro;Dupla;"Reta;Interseção de Vias";Sim;2;0;1;0;0;1;1;2;-23,2887242;-51,26185767;SPRF-PR;DEL07-PR;UOP01-DEL07-PR
697636;12/06/2025;quinta-feira;12:50:00;PR;116;28;CAMPINA GRANDE DO SUL;Reação tardia ou ineficiente do condutor;Colisão com objeto;Sem Vítimas;Pleno dia;Decrescente;Garoa/Chuvisco;Dupla;"Curva;Declive";Não;1;0;0;0;1;0;0;1;-25,10670298;-48,80405799;SPRF-PR;DEL01-PR;UOP02-DEL01-PR
697637;12/06/2025;quinta-feira;12:01:00;MT;364;279;JACIARA;Reação tardia ou ineficiente do condutor;Saída de leito carroçável;Com Vítimas Feridas;Pleno dia;Decrescente;Céu Claro;Dupla;Curva;Não;36;0;4;0;32;0;4;1;-15,940691;-55,018383;SPRF-MT;DEL05-MT;UOP02-DEL05-MT
697642;12/06/2025;quinta-feira;13:40:00;RN;101;114;SAO JOSE DE MIPIBU;Velocidade Incompatível;Colisão traseira;Com Vítimas Feridas;Pleno dia;Decrescente;Céu Claro;Dupla;Reta;Sim;4;0;0;1;1;2;1;3;-5,983442;-35,264777;SPRF-RN;DEL01-RN;UOP01-DEL01-RN
697644;12/06/2025;quinta-feira;12:35:00;SC;282;170;BOCAINA DO SUL;Ausência de reação do condutor;Saída de leito carroçável;Com Vítimas Feridas;Pleno dia;Crescente;Céu Claro;Simples;"Reta;Declive";Não;1;0;1;0;0;0;1;1;-27,73956042;-49,9111012;SPRF-SC;DEL05-SC;UOP01-DEL05-SC
697645;12/06/2025;quinta-feira;13:10:00;BA;110;2;PAULO AFONSO;Ingestão de álcool pelo condutor;Colisão traseira;Sem Vítimas;Pleno dia;Crescente;Céu Claro;Simples;Reta;Não;3;0;0;0;3;0;0;2;-9,435263;-38,203121;SPRF-BA;DEL07-BA;UOP01-DEL07-BA
697647;12/06/2025;quinta-feira;09:20:00;BA;116;248,4;QUIJINGUE;Velocidade Incompatível;Saída de leito carroçável;Sem Vítimas;Pleno dia;Decrescente;Céu Claro;Simples;"Declive;Reta";Não;2;0;0;0;2;0;0;1;-10,765415;-38,899246;SPRF-BA;DEL07-BA;UOP02-DEL07-BA
697648;12/06/2025;quinta-feira;12:40:00;PE;101;70;RECIFE;Transitar no Acostamento;Tombamento;Com Vítimas Fatais;Pleno dia;Decrescente;Céu Claro;Múltipla;Reta;Sim;2;1;0;0;0;1;0;2;-8,075947;-34,942717;SPRF-PE;DEL01-PE;UOP01-DEL01-PE
697649;04/05/2025;domingo;17:30:00;ES;101;61;SAO MATEUS;Animais na Pista;Capotamento;Com Vítimas Feridas;Anoitecer;Decrescente;Ignorado;Simples;Reta;Sim;1;0;1;0;0;0;1;1;-18,67853544;-39,86449091;SPRF-ES;DEL04-ES;UOP02-DEL04-ES
697650;17/04/2025;quinta-feira;17:30:00;RS;285;569;SAO LUIZ GONZAGA;Acessar a via sem observar a presença dos outros veículos;Colisão transversal;Com Vítimas Feridas;Pleno dia;Decrescente;Céu Claro;Simples;Reta;Sim;2;0;0;1;1;0;1;2;-28,41270791;-54,98275872;SPRF-RS;DEL12-RS;UOP01-DEL12-RS
697651;12/06/2025;quinta-feira;14:05:00;CE;116;8,3;FORTALEZA;Condutor deixou de manter distância do veículo da frente;Colisão traseira;Com Vítimas Feridas;Pleno dia;Decrescente;Céu Claro;Dupla;Reta;Sim;4;0;2;0;2;0;2;2;-3,8217256;-38,5035497;SPRF-CE;DEL01-CE;UOP02-DEL01-CE
697652;12/06/2025;quinta-feira;15:00:00;PB;230;17,8;JOAO PESSOA;Condutor deixou de manter distância do veículo da frente;Colisão traseira;Com Vítimas Feridas;Pleno dia;Crescente;Céu Claro;Dupla;Reta;Sim;3;0;2;0;1;0;2;2;-7,120966;-34,845081;SPRF-PB;DEL01-PB;UOP01-DEL01-PB
697653;12/06/2025;quinta-feira;15:00:00;RS;386;351;ESTRELA;Ausência de reação do condutor;Colisão traseira;Sem Vítimas;Pleno dia;Decrescente;Sol;Dupla;"Reta;Aclive";Sim;4;0;0;0;4;0;0;2;-29,48699948;-51,9541618;SPRF-RS;DEL04-RS;UOP01-DEL04-RS
697655;12/06/2025;quinta-feira;12:00:00;BA;242;272;BOA VISTA DO TUPIM;Reação tardia ou ineficiente do condutor;Capotamento;Com Vítimas Feridas;Pleno dia;Crescente;Céu Claro;Simples;Reta;Não;3;0;3;0;0;0;3;1;-12,44965379;-40,64636529;SPRF-BA;DEL06-BA;UOP02-DEL06-BA
697658;12/06/2025;quinta-feira;15:30:00;ES;262;20;VIANA;Condutor desrespeitou a iluminação vermelha do semáforo;Colisão transversal;Com Vítimas Feridas;Pleno dia;Crescente;Céu Claro;Simples;Reta;Sim;2;0;1;0;1;0;1;2;-20,3885841;-40,4949076;SPRF-ES;DEL01-ES;UOP01-DEL01-ES
697659;12/06/2025;quinta-feira;11:50:00;ES;101;144,4;LINHARES;Manobra de mudança de faixa;Colisão lateral mesmo sentido;Com Vítimas Feridas;Pleno dia;Crescente;Céu Claro;Simples;Reta;Sim;4;0;1;0;2;1;1;3;-19,35572167;-40,06428178;SPRF-ES;DEL04-ES;UOP01-DEL04-ES
697660;12/06/2025;quinta-feira;14:55:00;PE;104;31;CARUARU;Avarias e/ou desgaste excessivo no pneu;Tombamento;Com Vítimas Feridas;Pleno dia;Decrescente;Céu Claro;Dupla;Reta;Não;2;0;2;0;0;0;2;1;-8,05178;-36,0490867;SPRF-PE;DEL02-PE;UOP01-DEL02-PE
697662;12/06/2025;quinta-feira;15:45:00;RN;304;298;MACAIBA;Avarias e/ou desgaste excessivo no pneu;Queda de ocupante de veículo;Com Vítimas Feridas;Pleno dia;Decrescente;Céu Claro;Dupla;Rotatória;Sim;1;0;0;1;0;0;1;1;-5,8641001;-35,3435779;SPRF-RN;DEL01-RN;UOP02-DEL01-RN
697666;12/06/2025;quinta-feira;13:00:00;MT;163;696;SORRISO;Reação tardia ou ineficiente do condutor;Saída de leito carroçável;Com Vítimas Feridas;Pleno dia;Crescente;Céu Claro;Simples;"Declive;Reta";Não;1;0;1;0;0;0;1;1;-13,00815667;-55,88985167;SPRF-MT;DEL06-MT;UOP01-DEL06-MT
697669;12/06/2025;quinta-feira;08:00:00;GO;0;0;GOIANIA;Reação tardia ou ineficiente do condutor;Colisão com objeto;Sem Vítimas;Pleno dia;Não Informado;Céu Claro;Dupla;Curva;Não;1;0;0;0;1;0;0;1;-16,7189;-49,258306;SPRF-GO;N/A;N/A
697670;12/06/2025;quinta-feira;12:30:00;RJ;116;267;BARRA MANSA;Ausência de reação do condutor;Queda de ocupante de veículo;Com Vítimas Feridas;Pleno dia;Decrescente;Céu Claro;Dupla;"Declive;Curva";Não;1;0;1;0;0;0;1;1;-22,58372717;-44,10986829;SPRF-RJ;DEL07-RJ;UOP02-DEL07-RJ
697672;22/04/2025;terça-feira;10:20:00;SC;101;148,7;ITAPEMA;Condutor deixou de manter distância do veículo da frente;Colisão traseira;Com Vítimas Feridas;Pleno dia;Decrescente;Sol;Dupla;Declive;Sim;3;0;1;1;1;0;2;2;-27,10588;-48,61515;SPRF-SC;DEL04-SC;UOP03-DEL04-SC
697673;12/06/2025;quinta-feira;14:15:00;SC;470;190;POUSO REDONDO;Ausência de reação do condutor;Saída de leito carroçável;Com Vítimas Feridas;Pleno dia;Crescente;Céu Claro;Simples;"Curva;Aclive";Não;1;0;1;0;0;0;1;1;-27,281736;-50,070153;SPRF-SC;DEL04-SC;UOP02-DEL04-SC
697676;12/06/2025;quinta-feira;16:10:00;SC;101;237,4;PALHOCA;Demais falhas mecânicas ou elétricas;Incêndio;Sem Vítimas;Pleno dia;Decrescente;Céu Claro;Dupla;Reta;Não;1;0;0;0;1;0;0;1;-27,838362;-48,63256;SPRF-SC;DEL01-SC;UOP02-DEL01-SC
697677;12/06/2025;quinta-feira;14:25:00;RS;153;50,9;ERECHIM;Reação tardia ou ineficiente do condutor;Colisão traseira;Sem Vítimas;Pleno dia;Crescente;Céu Claro;Simples;"Interseção de Vias;Aclive";Sim;2;0;0;0;2;0;0;2;-27,65645211;-52,27699969;SPRF-RS;DEL08-RS;UOP04-DEL08-RS
697679;12/06/2025;quinta-feira;13:10:00;MT;364;532;ROSARIO OESTE;Demais falhas mecânicas ou elétricas;Incêndio;Sem Vítimas;Pleno dia;Decrescente;Céu Claro;Simples;Reta;Não;1;0;0;0;1;0;0;1;-14,922858;-56,479897;SPRF-MT;DEL01-MT;UOP01-DEL01-MT
697680;12/06/2025;quinta-feira;16:20:00;PE;104;87,4;AGRESTINA;Acessar a via sem observar a presença dos outros veículos;Colisão transversal;Com Vítimas Feridas;Pleno dia;Decrescente;Sol;Simples;"Curva;Interseção de Vias";Sim;2;0;0;1;1;0;1;2;-8,46082652;-35,94074249;SPRF-PE;DEL02-PE;UOP01-DEL02-PE
697682;12/06/2025;quinta-feira;15:45:00;SC;101;278,4;IMBITUBA;Manobra de mudança de faixa;Colisão lateral mesmo sentido;Com Vítimas Feridas;Pleno dia;Crescente;Nublado;Simples;Viaduto;Não;2;0;1;0;1;0;1;2;-28,1813;-48,696073;SPRF-SC;DEL02-SC;UOP03-DEL02-SC
697683;12/06/2025;quinta-feira;08:00:00;PR;277;1;PARANAGUA;Reação tardia ou ineficiente do condutor;Colisão lateral mesmo sentido;Com Vítimas Feridas;Pleno dia;Crescente;Nublado;Dupla;Rotatória;Sim;2;0;1;0;1;0;1;2;-25,5147394;-48,52248542;SPRF-PR;DEL01-PR;UOP05-DEL01-PR
697684;12/06/2025;quinta-feira;17:15:00;MG;40;800,9;MATIAS BARBOSA;Reação tardia ou ineficiente do condutor;Colisão com objeto;Com Vítimas Feridas;Anoitecer;Decrescente;Céu Claro;Dupla;"Reta;Aclive";Não;3;0;1;0;2;0;1;1;-21,835808;-43,376042;SPRF-MG;DEL05-MG;UOP01-DEL05-MG
697685;12/06/2025;quinta-feira;17:20:00;MG;365;639,3;UBERLANDIA;Condutor deixou de manter distância do veículo da frente;Colisão traseira;Sem Vítimas;Pleno dia;Decrescente;Céu Claro;Dupla;"Reta;Declive;Interseção de Vias;Em Obras";Não;4;0;0;0;4;0;0;2;-18,88663999;-48,45822573;SPRF-MG;DEL15-MG;UOP01-DEL15-MG
697686;12/06/2025;quinta-feira;16:40:00;MG;116;697,9;MURIAE;Manobra de mudança de faixa;Colisão com objeto;Com Vítimas Feridas;Pleno dia;Decrescente;Nublado;Simples;Curva;Não;2;0;2;0;0;0;2;1;-21,088347;-42,374776;SPRF-MG;DEL07-MG;UOP02-DEL07-MG
697689;12/06/2025;quinta-feira;11:45:00;RJ;40;78;PETROPOLIS;Pista Escorregadia;Capotamento;Com Vítimas Feridas;Pleno dia;Crescente;Garoa/Chuvisco;Simples;Curva;Não;1;0;1;0;0;0;1;1;-22,5284721;-43,2228359;SPRF-RJ;DEL01-RJ;UOP01-DEL01-RJ
697690;12/06/2025;quinta-feira;17:14:00;PE;101;42;IGARASSU;Trafegar com motocicleta (ou similar) entre as faixas;Colisão lateral mesmo sentido;Com Vítimas Feridas;Anoitecer;Decrescente;Céu Claro;Múltipla;"Aclive;Reta";Sim;2;0;1;0;1;0;1;2;-7,843116;-34,910722;SPRF-PE;DEL01-PE;UOP02-DEL01-PE
697691;12/06/2025;quinta-feira;16:00:00;GO;70;6;AGUAS LINDAS DE GOIAS;Estacionar ou parar em local proibido;Colisão lateral mesmo sentido;Com Vítimas Feridas;Pleno dia;Crescente;Nublado;Dupla;Reta;Sim;2;0;1;0;1;0;1;2;-15,740677;-48,270815;SPRF-DF;DEL03-DF;UOP02-DEL03-DF
697693;12/06/2025;quinta-feira;17:45:00;BA;324;537;AMELIA RODRIGUES;Pedestre cruzava a pista fora da faixa;Atropelamento de Pedestre;Com Vítimas Feridas;Plena Noite;Crescente;Chuva;Dupla;Reta;Sim;2;0;0;1;0;1;1;2;-12,377982;-38,802578;SPRF-BA;DEL01-BA;UOP03-DEL01-BA
697694;12/06/2025;quinta-feira;16:50:00;GO;153;503;GOIANIA;Mal súbito do condutor;Saída de leito carroçável;Com Vítimas Feridas;Pleno dia;Crescente;Céu Claro;Dupla;Reta;Sim;1;0;1;0;0;0;1;1;-16,72861998;-49,24233768;SPRF-GO;DEL01-GO;UOP01-DEL01-GO
697696;12/06/2025;quinta-feira;17:55:00;PB;230;12;CABEDELO;Ausência de reação do condutor;Tombamento;Com Vítimas Feridas;Anoitecer;Crescente;Céu Claro;Múltipla;Em Obras;Sim;1;0;1;0;0;0;1;1;-7,0724;-34,84977;SPRF-PB;DEL01-PB;UOP01-DEL01-PB
697698;12/06/2025;quinta-feira;17:45:00;CE;116;72,1;CHOROZINHO;Carga excessiva e/ou mal acondicionada;Tombamento;Com Vítimas Feridas;Anoitecer;Crescente;Céu Claro;Simples;Reta;Não;1;0;0;1;0;0;1;1;-4,35542315;-38,46322975;SPRF-CE;DEL01-CE;UOP04-DEL01-CE
697699;12/06/2025;quinta-feira;17:48:00;RJ;393;177;PARAIBA DO SUL;Condutor deixou de manter distância do veículo da frente;Colisão traseira;Sem Vítimas;Plena Noite;Crescente;Céu Claro;Simples;Reta;Sim;3;0;0;0;3;0;0;3;-22,1407796;-43,25753544;SPRF-RJ;DEL05-RJ;UOP03-DEL05-RJ
697701;12/06/2025;quinta-feira;18:00:00;RS;116;224;DOIS IRMAOS;Acessar a via sem observar a presença dos outros veículos;Colisão transversal;Com Vítimas Feridas;Anoitecer;Crescente;Céu Claro;Dupla;"Reta;Aclive;Interseção de Vias;Rotatória";Sim;2;0;0;1;1;0;1;2;-29,58944002;-51,1075294;SPRF-RS;DEL01-RS;UOP02-DEL01-RS
697702;12/06/2025;quinta-feira;18:10:00;SC;101;97,6;BALNEARIO PICARRAS;Transitar no Acostamento;Colisão lateral mesmo sentido;Com Vítimas Feridas;Plena Noite;Crescente;Céu Claro;Dupla;Reta;Não;2;0;0;1;1;0;1;2;-26,73898014;-48,69891644;SPRF-SC;DEL03-SC;UOP02-DEL03-SC
697703;12/06/2025;quinta-feira;18:30:00;PE;232;146;SAO CAITANO;Animais na Pista;Atropelamento de Animal;Com Vítimas Feridas;Plena Noite;Crescente;Céu Claro;Simples;Reta;Sim;1;0;1;0;0;0;1;1;-8,33447;-36,135262;SPRF-PE;DEL03-PE;UOP02-DEL03-PE
697704;12/06/2025;quinta-feira;18:00:00;RN;406;170,9;SAO GONCALO DO AMARANTE;Manobra de mudança de faixa;Colisão lateral mesmo sentido;Com Vítimas Feridas;Plena Noite;Decrescente;Céu Claro;Múltipla;Reta;Sim;3;0;2;0;1;0;2;2;-5,761132;-35,29195;SPRF-RN;DEL02-RN;UOP01-DEL02-RN
697705;12/06/2025;quinta-feira;18:45:00;PE;232;195;SANHARO;Ausência de reação do condutor;Colisão traseira;Com Vítimas Fatais;Plena Noite;Decrescente;Céu Claro;Simples;Reta;Sim;2;1;0;0;0;1;0;2;-8,365797;-36,563403;SPRF-PE;DEL03-PE;UOP02-DEL03-PE
697708;12/06/2025;quinta-feira;18:36:00;PE;428;185,9;PETROLINA;Manobra de mudança de faixa;Colisão transversal;Com Vítimas Feridas;Plena Noite;Crescente;Céu Claro;Dupla;Retorno Regulamentado;Sim;2;0;1;0;1;0;1;2;-9,35959468;-40,48046205;SPRF-PE;DEL06-PE;UOP01-DEL06-PE
697709;12/06/2025;quinta-feira;18:30:00;PR;369;200;APUCARANA;Acessar a via sem observar a presença dos outros veículos;Colisão transversal;Com Vítimas Feridas;Plena Noite;Decrescente;Vento;Simples;"Reta;Interseção de Vias;Declive";Sim;2;0;0;1;1;0;1;2;-23,54216;-51,45571;SPRF-PR;DEL07-PR;UOP03-DEL07-PR
697710;12/06/2025;quinta-feira;18:20:00;DF;20;2,5;BRASILIA;Ausência de reação do condutor;Colisão lateral mesmo sentido;Com Vítimas Feridas;Plena Noite;Crescente;Nublado;Múltipla;Reta;Sim;2;0;1;0;1;0;1;2;-15,6813862;-47,83610344;SPRF-DF;DEL02-DF;UOP01-DEL02-DF
697711;12/06/2025;quinta-feira;12:35:00;BA;367;24;PORTO SEGURO;Condutor deixou de manter distância do veículo da frente;Colisão lateral mesmo sentido;Com Vítimas Feridas;Pleno dia;Crescente;Céu Claro;Simples;Reta;Sim;3;0;1;0;0;2;1;3;-16,437;-39,093;SPRF-BA;DEL09-BA;UOP03-DEL09-BA
697712;12/06/2025;quinta-feira;17:30:00;MG;40;345;FELIXLANDIA;Demais Fenômenos da natureza;Colisão com objeto;Com Vítimas Feridas;Anoitecer;Crescente;Céu Claro;Simples;Reta;Não;2;0;1;0;1;0;1;2;-18,690394;-44,98397;SPRF-MG;DEL02-MG;UOP01-DEL02-MG
697713;12/06/2025;quinta-feira;14:15:00;RR;401;61;BONFIM;Acumulo de água sobre o pavimento;Saída de leito carroçável;Sem Vítimas;Pleno dia;Crescente;Chuva;Dupla;Reta;Não;1;0;0;0;1;0;0;1;3,1211358;-60,295937;SPRF-RR;DEL01-RR;UOP01-DEL01-RR
697715;12/06/2025;quinta-feira;17:10:00;RO;364;343;JI-PARANA;Ausência de reação do condutor;Colisão traseira;Com Vítimas Feridas;Pleno dia;Crescente;Céu Claro;Dupla;Reta;Sim;3;0;1;0;2;0;1;2;-10,87765518;-61,94680033;SPRF-RO;DEL02-RO;UOP01-DEL02-RO
697716;12/06/2025;quinta-feira;19:00:00;SE;235;46;ITABAIANA;Ingestão de álcool pelo condutor;Colisão frontal;Com Vítimas Feridas;Plena Noite;Decrescente;Ignorado;Simples;Reta;Não;5;0;3;1;1;0;4;2;-10,74911565;-37,39839301;SPRF-SE;DEL01-SE;UOP02-DEL01-SE
697717;12/06/2025;quinta-feira;17:30:00;MG;40;696,8;BARBACENA;Condutor deixou de manter distância do veículo da frente;Colisão traseira;Com Vítimas Feridas;Anoitecer;Decrescente;Céu Claro;Simples;"Aclive;Curva";Sim;2;0;1;0;1;0;1;2;-21,17802232;-43,75629187;SPRF-MG;DEL05-MG;UOP02-DEL05-MG
697718;12/06/2025;quinta-feira;18:00:00;RJ;101;484;ANGRA DOS REIS;Ausência de reação do condutor;Colisão traseira;Com Vítimas Feridas;Plena Noite;Crescente;Chuva;Simples;Reta;Sim;2;0;1;0;1;0;1;2;-22,98951302;-44,30366484;SPRF-RJ;DEL03-RJ;UOP03-DEL03-RJ
697720;12/06/2025;quinta-feira;16:40:00;RJ;40;115;DUQUE DE CAXIAS;Reação tardia ou ineficiente do condutor;Colisão traseira;Com Vítimas Feridas;Pleno dia;Crescente;Nublado;Dupla;Reta;Sim;3;0;1;0;2;0;1;2;-22,72976265;-43,28896199;SPRF-RJ;DEL01-RJ;UOP02-DEL01-RJ
697721;12/06/2025;quinta-feira;18:50:00;PR;158;224;CAMPO MOURAO;Transitar na contramão;Colisão frontal;Com Vítimas Fatais;Plena Noite;Crescente;Céu Claro;Múltipla;Curva;Não;4;1;1;2;0;0;3;2;-24,089877;-52,38041;SPRF-PR;DEL09-PR;UOP03-DEL09-PR
697722;12/06/2025;quinta-feira;19:25:00;RS;116;267;CANOAS;Manobra de mudança de faixa;Colisão lateral mesmo sentido;Com Vítimas Feridas;Plena Noite;Decrescente;Céu Claro;Múltipla;Reta;Sim;2;0;1;0;1;0;1;2;-29,95034198;-51,17676735;SPRF-RS;DEL01-RS;UOP01-DEL01-RS
697723;12/06/2025;quinta-feira;19:05:00;RS;386;432;NOVA SANTA RITA;Reação tardia ou ineficiente do condutor;Colisão traseira;Com Vítimas Feridas;Plena Noite;Decrescente;Céu Claro;Dupla;Reta;Não;3;0;1;0;2;0;1;2;-29,840581;-51,2984045;SPRF-RS;DEL04-RS;UOP02-DEL04-RS
697725;12/06/2025;quinta-feira;16:54:00;AC;364;136;RIO BRANCO;Manobra de mudança de faixa;Colisão lateral mesmo sentido;Com Vítimas Feridas;Plena Noite;Crescente;Ignorado;Simples;Reta;Sim;2;0;1;0;1;0;1;2;-9,97261239;-67,85121918;SPRF-AC;DEL01-AC;UOP01-DEL01-AC
697726;12/06/2025;quinta-feira;19:40:00;MG;40;547;NOVA LIMA;Trafegar com motocicleta (ou similar) entre as faixas;Colisão lateral mesmo sentido;Sem Vítimas;Plena Noite;Decrescente;Nevoeiro/Neblina;Dupla;"Curva;Declive";Não;2;0;0;0;2;0;0;2;-20,02494512;-43,96934694;SPRF-MG;DEL01-MG;UOP02-DEL01-MG
697728;12/06/2025;quinta-feira;20:00:00;RJ;101;574;PARATY;Animais na Pista;Atropelamento de Animal;Com Vítimas Feridas;Plena Noite;Crescente;Chuva;Simples;Reta;Não;2;0;0;1;1;0;1;2;-23,20826751;-44,73246765;SPRF-RJ;DEL03-RJ;UOP04-DEL03-RJ
697730;12/06/2025;quinta-feira;18:18:00;GO;0;0;ANAPOLIS;Desrespeitar a preferência no cruzamento;Colisão transversal;Sem Vítimas;Anoitecer;Não Informado;Céu Claro;Simples;Interseção de Vias;Sim;4;0;0;0;2;2;0;3;-16,33964478;-48,94642565;SPRF-GO;DEL02-GO;UOP01-DEL02-GO
697731;12/06/2025;quinta-feira;19:40:00;RS;116;247;SAO LEOPOLDO;Ausência de reação do condutor;Colisão traseira;Com Vítimas Feridas;Plena Noite;Crescente;Céu Claro;Múltipla;Reta;Não;4;0;1;0;3;0;1;2;-29,76366389;-51,15334663;SPRF-RS;DEL01-RS;UOP02-DEL01-RS
697734;12/06/2025;quinta-feira;19:10:00;RS;392;651,3;GUARANI DAS MISSOES;Acessar a via sem observar a presença dos outros veículos;Colisão traseira;Com Vítimas Feridas;Plena Noite;Decrescente;Céu Claro;Simples;Reta;Não;2;0;2;0;0;0;2;2;-28,13315;-54,608279;SPRF-RS;DEL10-RS;UOP01-DEL10-RS
697735;12/06/2025;quinta-feira;19:30:00;ES;393;1,2;CACHOEIRO DE ITAPEMIRIM;Condutor deixou de manter distância do veículo da frente;Colisão traseira;Sem Vítimas;Plena Noite;Crescente;Céu Claro;Simples;Reta;Sim;3;0;0;0;1;2;0;3;-20,8335224;-41,1726068;SPRF-ES;DEL03-ES;UOP02-DEL03-ES
697736;12/06/2025;quinta-feira;19:10:00;PB;230;334;PATOS;Reação tardia ou ineficiente do condutor;Tombamento;Com Vítimas Feridas;Plena Noite;Crescente;Céu Claro;Simples;Reta;Sim;2;0;2;0;0;0;2;1;-7,03848549;-37,27363592;SPRF-PB;DEL03-PB;UOP01-DEL03-PB
697737;12/06/2025;quinta-feira;20:30:00;RJ;356;174;SAO JOAO DA BARRA;Acesso irregular;Colisão frontal;Com Vítimas Feridas;Plena Noite;Crescente;Céu Claro;Simples;"Curva;Interseção de Vias";Não;3;0;0;2;1;0;2;2;-21,71811167;-41,05745316;SPRF-RJ;DEL08-RJ;UOP02-DEL08-RJ
697740;12/06/2025;quinta-feira;19:54:00;SC;282;2;FLORIANOPOLIS;Trafegar com motocicleta (ou similar) entre as faixas;Colisão lateral mesmo sentido;Com Vítimas Feridas;Plena Noite;Crescente;Céu Claro;Múltipla;Reta;Sim;3;0;0;2;1;0;2;2;-27,60309219;-48,59117889;SPRF-SC;DEL01-SC;UOP01-DEL01-SC
697741;12/06/2025;quinta-feira;20:55:00;ES;262;18;VIANA;Ausência de reação do condutor;Tombamento;Com Vítimas Feridas;Plena Noite;Crescente;Céu Claro;Simples;Reta;Sim;1;0;1;0;0;0;1;1;-20,38815306;-40,47669975;SPRF-ES;DEL01-ES;UOP01-DEL01-ES
697742;12/06/2025;quinta-feira;19:40:00;PR;277;83;CURITIBA;Trafegar com motocicleta (ou similar) entre as faixas;Colisão lateral mesmo sentido;Com Vítimas Feridas;Plena Noite;Decrescente;Nublado;Dupla;Reta;Não;3;0;2;0;1;0;2;2;-25,44841;-49,22973;SPRF-PR;DEL01-PR;UOP03-DEL01-PR
697743;12/06/2025;quinta-feira;19:40:00;RJ;356;75;ITALVA;Transitar na contramão;Colisão frontal;Com Vítimas Feridas;Plena Noite;Crescente;Céu Claro;Simples;"Interseção de Vias;Curva";Sim;2;0;2;0;0;0;2;2;-21,4218909;-41,6905185;SPRF-RJ;DEL08-RJ;UOP03-DEL08-RJ
697745;12/06/2025;quinta-feira;20:30:00;PR;116;7;CAMPINA GRANDE DO SUL;Ausência de reação do condutor;Colisão traseira;Com Vítimas Feridas;Plena Noite;Crescente;Garoa/Chuvisco;Dupla;"Declive;Reta";Sim;2;0;1;0;1;0;1;2;-25,3683;-49,1074;SPRF-PR;DEL01-PR;UOP02-DEL01-PR
697746;12/06/2025;quinta-feira;21:15:00;SP;381;44,5;ATIBAIA;Transitar na contramão;Colisão lateral sentido oposto;Sem Vítimas;Plena Noite;Decrescente;Nublado;Dupla;Reta;Não;2;0;0;0;2;0;0;2;-23,16975;-46,57563;SPRF-SP;DEL03-SP;UOP01-DEL03-SP
697748;12/06/2025;quinta-feira;19:00:00;MT;70;57,5;BARRA DO GARCAS;Demais falhas mecânicas ou elétricas;Saída de leito carroçável;Com Vítimas Feridas;Plena Noite;Crescente;Céu Claro;Simples;Declive;Não;2;0;1;0;1;0;1;1;-15,8725167;-52,3855738;SPRF-MT;DEL07-MT;UOP01-DEL07-MT
697749;12/06/2025;quinta-feira;17:52:00;PE;104;95,4;AGRESTINA;Animais na Pista;Atropelamento de Animal;Com Vítimas Fatais;Plena Noite;Crescente;Garoa/Chuvisco;Simples;Declive;Não;2;1;0;0;1;0;0;2;-8,53101;-35,939;SPRF-PE;DEL02-PE;UOP01-DEL02-PE
697751;12/06/2025;quinta-feira;11:30:00;MT;174;130;MIRASSOL DOESTE;Demais falhas mecânicas ou elétricas;Incêndio;Com Vítimas Feridas;Pleno dia;Decrescente;Céu Claro;Simples;Reta;Não;2;0;1;0;1;0;1;1;-15,84511;-58,112473;SPRF-MT;DEL03-MT;UOP01-DEL03-MT