id;data_inversa;dia_semana;horario;uf;br;km;municipio;causa_acidente;tipo_acidente;classificacao_acidente;fase_dia;sentido_via;condicao_metereologica;tipo_pista;tracado_via;uso_solo;pessoas;mortos;feridos_leves;feridos_graves;ilesos;ignorados;feridos;veiculos;latitude;longitude;regional;delegacia;uop
698016;13/06/2025;sexta-feira;20:50:00;BA;101;714;EUNAPOLIS;Reação tardia ou ineficiente do condutor;Colisão transversal;Com Vítimas Feridas;Plena Noite;Crescente;Céu Claro;Simples;Reta;Não;2;0;2;0;0;0;2;2;-16,35265578;-39,57979202;SPRF-BA;DEL09-BA;UOP01-DEL09-BA
698017;13/06/2025;sexta-feira;21:20:00;PR;277;301,5;PRUDENTOPOLIS;Ausência de reação do condutor;Queda de ocupante de veículo;Com Vítimas Feridas;Plena Noite;Crescente;Céu Claro;Simples;"Reta;Em Obras;Desvio Temporário";Não;1;0;1;0;0;0;1;1;-25,308661;-51,166823;SPRF-PR;DEL08-PR;UOP01-DEL08-PR
698018;13/06/2025;sexta-feira;23:30:00;ES;101;260,6;SERRA;Acesso irregular;Colisão transversal;Com Vítimas Feridas;Plena Noite;Decrescente;Céu Claro;Dupla;Curva;Não;2;0;0;1;1;0;1;2;-20,14718146;-40,28093577;SPRF-ES;DEL02-ES;UOP01-DEL02-ES
698021;13/06/2025;sexta-feira;23:10:00;SC;101;136,8;BALNEARIO CAMBORIU;Reação tardia ou ineficiente do condutor;Colisão lateral mesmo sentido;Com Vítimas Feridas;Plena Noite;Crescente;Nublado;Simples;Reta;Sim;2;0;0;1;1;0;1;2;-27,01340807;-48,61312866;SPRF-SC;DEL04-SC;UOP03-DEL04-SC
698022;13/06/2025;sexta-feira;23:45:00;ES;101;101;JAGUARE;Velocidade Incompatível;Saída de leito carroçável;Com Vítimas Feridas;Plena Noite;Crescente;Céu Claro;Simples;Reta;Não;1;0;1;0;0;0;1;1;-18,9843277;-39,9974592;SPRF-ES;DEL04-ES;UOP02-DEL04-ES
698024;14/06/2025;sábado;00:30:00;RN;101;127;SAO JOSE DE MIPIBU;Ingestão de álcool pelo condutor;Queda de ocupante de veículo;Com Vítimas Feridas;Plena Noite;Crescente;Céu Claro;Dupla;Reta;Não;1;0;0;1;0;0;1;1;-6,02806719;-35,2502346;SPRF-RN;DEL01-RN;UOP01-DEL01-RN
698025;13/06/2025;sexta-feira;23:49:00;SC;101;206;SAO JOSE;Pista Escorregadia;Tombamento;Com Vítimas Feridas;Plena Noite;Decrescente;Chuva;Múltipla;Curva;Sim;2;0;2;0;0;0;2;1;-27,587;-48,617;SPRF-SC;DEL01-SC;UOP01-DEL01-SC
698030;14/06/2025;sábado;02:20:00;RJ;101;538;PARATY;Transitar na contramão;Colisão frontal;Com Vítimas Feridas;Plena Noite;Decrescente;Céu Claro;Simples;Reta;Não;6;0;6;0;0;0;6;2;-23,05181622;-44,57839966;SPRF-RJ;DEL03-RJ;UOP04-DEL03-RJ
698031;13/06/2025;sexta-feira;17:26:00;PI;316;5;TERESINA;Reação tardia ou ineficiente do condutor;Colisão traseira;Com Vítimas Feridas;Anoitecer;Crescente;Céu Claro;Múltipla;Reta;Sim;3;0;0;2;1;0;2;2;-5,140438;-42,784037;SPRF-PI;DEL01-PI;UOP02-DEL01-PI
698032;14/06/2025;sábado;03:40:00;PB;101;88;JOAO PESSOA;Chuva;Tombamento;Com Vítimas Feridas;Plena Noite;Decrescente;Chuva;Dupla;"Interseção de Vias;Reta";Sim;1;0;1;0;0;0;1;1;-7,168195;-34,896695;SPRF-PB;DEL01-PB;UOP01-DEL01-PB
698033;14/06/2025;sábado;01:45:00;MG;116;534,5;SANTA RITA DE MINAS;Transitar na contramão;Colisão frontal;Com Vítimas Fatais;Plena Noite;Crescente;Céu Claro;Simples;Reta;Não;6;1;4;1;0;0;5;2;-19,86005014;-42,13394165;SPRF-MG;DEL06-MG;UOP02-DEL06-MG
698035;14/06/2025;sábado;04:05:00;MG;40;763,2;JUIZ DE FORA;Ausência de reação do condutor;Saída de leito carroçável;Com Vítimas Feridas;Plena Noite;Crescente;Nublado;Simples;"Declive;Curva";Não;1;0;1;0;0;0;1;1;-21,57827305;-43,4759903;SPRF-MG;DEL05-MG;UOP01-DEL05-MG
698036;14/06/2025;sábado;04:15:00;PB;230;339;PATOS;Ingestão de álcool pelo condutor;Tombamento;Com Vítimas Feridas;Plena Noite;Decrescente;Céu Claro;Dupla;Reta;Não;2;0;1;0;0;1;1;1;-7,004972;-37,30127;SPRF-PB;DEL03-PB;UOP01-DEL03-PB
698037;14/06/2025;sábado;04:25:00;PI;316;29,3;DEMERVAL LOBAO;Animais na Pista;Atropelamento de Animal;Com Vítimas Feridas;Plena Noite;Crescente;Céu Claro;Dupla;"Aclive;Reta";Não;1;0;1;0;0;0;1;1;-5,340025;-42,693242;SPRF-PI;DEL01-PI;UOP02-DEL01-PI
698039;14/06/2025;sábado;06:20:00;SP;116;213;GUARULHOS;Ausência de reação do condutor;Colisão traseira;Com Vítimas Feridas;Amanhecer;Decrescente;Céu Claro;Múltipla;Reta;Sim;2;0;1;0;0;1;1;2;-23,44377516;-46,44292015;SPRF-SP;DEL01-SP;UOP01-DEL01-SP
698041;14/06/2025;sábado;05:50:00;RJ;356;51;ITAPERUNA;Objeto estático sobre o leito carroçável;Queda de ocupante de veículo;Com Vítimas Feridas;Amanhecer;Crescente;Nublado;Simples;Reta;Não;1;0;1;0;0;0;1;1;-21,2434944;-41,7759232;SPRF-RJ;DEL08-RJ;UOP03-DEL08-RJ
698042;14/06/2025;sábado;06:20:00;TO;153;185;NOVA OLINDA;Ausência de reação do condutor;Queda de ocupante de veículo;Com Vítimas Feridas;Pleno dia;Crescente;Céu Claro;Simples;Reta;Não;1;0;1;0;0;0;1;1;-7,52905969;-48,40271741;SPRF-TO;DEL02-TO;UOP01-DEL02-TO
698043;14/06/2025;sábado;00:00:00;MG;116;600;SAO JOAO DO MANHUACU;Acessar a via sem observar a presença dos outros veículos;Colisão frontal;Com Vítimas Feridas;Plena Noite;Crescente;Céu Claro;Simples;Reta;Não;7;0;5;2;0;0;7;2;-20,330956;-42,147882;SPRF-MG;DEL06-MG;UOP03-DEL06-MG
698044;14/06/2025;sábado;02:00:00;SC;101;379;ICARA;Reação tardia ou ineficiente do condutor;Saída de leito carroçável;Com Vítimas Feridas;Plena Noite;Crescente;Ignorado;Simples;Reta;Não;1;0;0;1;0;0;1;1;-28,750813;-49,268494;SPRF-SC;DEL02-SC;UOP02-DEL02-SC
698045;14/06/2025;sábado;00:05:00;SC;101;2,8;ARARANGUA;Acessar a via sem observar a presença dos outros veículos;Colisão frontal;Com Vítimas Feridas;Plena Noite;Decrescente;Nublado;Simples;Reta;Sim;2;0;0;1;1;0;1;2;-28,94366391;-49,50164644;SPRF-SC;DEL02-SC;UOP02-DEL02-SC
698046;13/06/2025;sexta-feira;18:00:00;MG;262;72,1;MATIPO;Deixar de acionar o farol da motocicleta (ou similar);Colisão transversal;Com Vítimas Feridas;Plena Noite;Decrescente;Céu Claro;Simples;"Reta;Aclive";Não;3;0;1;0;2;0;1;2;-20,31052475;-42,31517791;SPRF-MG;DEL06-MG;UOP03-DEL06-MG
698048;14/06/2025;sábado;05:15:00;GO;60;10,5;SANTO ANTONIO DO DESCOBERTO;Reação tardia ou ineficiente do condutor;Colisão com objeto;Sem Vítimas;Amanhecer;Decrescente;Céu Claro;Dupla;Reta;Não;2;0;0;0;2;0;0;1;-16,116739;-48,320389;SPRF-DF;DEL03-DF;UOP01-DEL03-DF
698050;14/06/2025;sábado;01:45:00;MG;262;407;PARA DE MINAS;Ingestão de álcool pelo condutor;Colisão traseira;Sem Vítimas;Plena Noite;Crescente;Céu Claro;Dupla;Reta;Não;3;0;0;0;3;0;0;3;-19,89167242;-44,65114743;SPRF-MG;DEL01-MG;UOP03-DEL01-MG
698053;14/06/2025;sábado;04:15:00;RR;401;3,2;BONFIM;Animais na Pista;Atropelamento de Animal;Com Vítimas Feridas;Amanhecer;Crescente;Céu Claro;Simples;Reta;Não;3;0;3;0;0;0;3;1;3,332554;-59,924035;SPRF-RR;DEL01-RR;UOP01-DEL01-RR
698054;14/06/2025;sábado;07:00:00;MG;381;1;BETIM;Condutor Dormindo;Saída de leito carroçável;Com Vítimas Feridas;Amanhecer;Crescente;Céu Claro;Dupla;Reta;Sim;1;0;1;0;0;0;1;1;-19,96473534;-44,15863864;SPRF-MG;DEL01-MG;UOP03-DEL01-MG
698058;14/06/2025;sábado;05:30:00;BA;418;85;NOVA VICOSA;Ingestão de álcool pelo condutor;Saída de leito carroçável;Com Vítimas Fatais;Amanhecer;Decrescente;Nublado;Simples;Reta;Sim;1;1;0;0;0;0;0;1;-17,890038;-39,822102;SPRF-BA;DEL09-BA;UOP02-DEL09-BA
698059;14/06/2025;sábado;08:15:00;SP;153;60;SAO JOSE DO RIO PRETO;Ausência de reação do condutor;Colisão com objeto;Sem Vítimas;Pleno dia;Crescente;Céu Claro;Múltipla;Reta;Sim;1;0;0;0;1;0;0;1;-20,79816429;-49,35528517;SPRF-SP;DEL09-SP;UOP01-DEL09-SP
698060;14/06/2025;sábado;08:15:00;ES;101;139,5;LINHARES;Demais falhas mecânicas ou elétricas;Queda de ocupante de veículo;Com Vítimas Feridas;Pleno dia;Crescente;Céu Claro;Múltipla;Reta;Sim;2;0;2;0;0;0;2;1;-19,31167999;-40,07941573;SPRF-ES;DEL04-ES;UOP01-DEL04-ES
698061;14/06/2025;sábado;07:45:00;RJ;116;240;PIRAI;Ausência de reação do condutor;Colisão traseira;Com Vítimas Feridas;Pleno dia;Crescente;Céu Claro;Dupla;Reta;Não;2;0;1;0;1;0;1;2;-22,64521379;-43,89604267;SPRF-RJ;DEL07-RJ;UOP01-DEL07-RJ
698063;14/06/2025;sábado;07:45:00;MG;381;864,5;POUSO ALEGRE;Velocidade Incompatível;Colisão traseira;Sem Vítimas;Pleno dia;Decrescente;Sol;Dupla;Reta;Não;3;0;0;0;3;0;0;2;-22,349552;-45,926888;SPRF-MG;DEL16-MG;UOP01-DEL16-MG
698064;14/06/2025;sábado;07:50:00;PE;232;42,9;JABOATAO DOS GUARARAPES;Condutor deixou de manter distância do veículo da frente;Colisão traseira;Sem Vítimas;Pleno dia;Crescente;Chuva;Dupla;Reta;Sim;2;0;0;0;2;0;0;2;-8,117167;-35;SPRF-PE;DEL01-PE;UOP01-DEL01-PE
698065;14/06/2025;sábado;06:00:00;RJ;40;112;DUQUE DE CAXIAS;Transitar na calçada;Colisão com objeto;Com Vítimas Feridas;Pleno dia;Crescente;Céu Claro;Simples;Reta;Sim;1;0;1;0;0;0;1;1;-22,706475;-43,290538;SPRF-RJ;DEL01-RJ;UOP02-DEL01-RJ
698066;14/06/2025;sábado;06:40:00;MG;262;441;NOVA SERRANA;Ausência de reação do condutor;Saída de leito carroçável;Com Vítimas Fatais;Pleno dia;Crescente;Sol;Dupla;"Reta;Aclive";Sim;1;1;0;0;0;0;0;1;-19,873803;-44,957687;SPRF-MG;DEL08-MG;UOP03-DEL08-MG
698067;14/06/2025;sábado;07:50:00;RS;392;120;CANGUCU;Ausência de reação do condutor;Saída de leito carroçável;Com Vítimas Feridas;Pleno dia;Crescente;Chuva;Simples;"Curva;Aclive";Não;1;0;1;0;0;0;1;1;-31,3905974;-52,689882;SPRF-RS;DEL07-RS;UOP01-DEL07-RS
698069;14/06/2025;sábado;09:20:00;PE;408;97;JABOATAO DOS GUARARAPES;Entrada inopinada do pedestre;Atropelamento de Pedestre;Com Vítimas Feridas;Pleno dia;Crescente;Garoa/Chuvisco;Dupla;Reta;Sim;2;0;1;0;1;0;1;2;-8,07531;-34,99232;SPRF-PE;DEL01-PE;UOP01-DEL01-PE
698070;14/06/2025;sábado;09:00:00;DF;20;12;BRASILIA;Manobra de mudança de faixa;Colisão lateral mesmo sentido;Com Vítimas Feridas;Pleno dia;Decrescente;Céu Claro;Dupla;"Retorno Regulamentado;Reta;Em Obras";Sim;2;0;1;0;1;0;1;2;-15,64480723;-47,76255637;SPRF-DF;DEL02-DF;UOP01-DEL02-DF
698073;14/06/2025;sábado;10:20:00;RS;101;6,3;TORRES;Reação tardia ou ineficiente do condutor;Colisão traseira;Com Vítimas Feridas;Pleno dia;Decrescente;Céu Claro;Dupla;Reta;Sim;2;0;1;0;1;0;1;2;-29,35077538;-49,79667082;SPRF-RS;DEL03-RS;UOP02-DEL03-RS
698074;13/06/2025;sexta-feira;19:40:00;RS;470;241;BARAO;Reação tardia ou ineficiente do condutor;Atropelamento de Pedestre;Sem Vítimas;Plena Noite;Decrescente;Céu Claro;Simples;Curva;Não;2;0;0;0;1;1;0;2;-29,3541935;-51,5142626;SPRF-RS;DEL06-RS;UOP01-DEL06-RS
698075;14/06/2025;sábado;09:15:00;RJ;393;168;TRES RIOS;Conversão proibida;Colisão transversal;Com Vítimas Feridas;Pleno dia;Decrescente;Céu Claro;Simples;Reta;Não;3;0;2;0;1;0;2;2;-22,1227564;-43,1680116;SPRF-RJ;DEL05-RJ;UOP01-DEL05-RJ
698077;14/06/2025;sábado;10:10:00;SC;116;13,8;MAFRA;Reação tardia ou ineficiente do condutor;Colisão com objeto;Com Vítimas Feridas;Pleno dia;Crescente;Céu Claro;Simples;"Aclive;Reta";Não;2;0;2;0;0;0;2;1;-26,19753008;-49,87920508;SPRF-SC;DEL06-SC;UOP01-DEL06-SC
698078;14/06/2025;sábado;10:50:00;GO;20;5;FORMOSA;Acessar a via sem observar a presença dos outros veículos;Colisão transversal;Com Vítimas Feridas;Pleno dia;Crescente;Céu Claro;Simples;"Curva;Interseção de Vias;Em Obras;Desvio Temporário";Sim;2;0;1;0;1;0;1;2;-15,55077185;-47,30221159;SPRF-DF;DEL02-DF;UOP02-DEL02-DF
698079;14/06/2025;sábado;10:40:00;PI;402;94,1;LUIS CORREIA;Ausência de reação do condutor;Colisão traseira;Com Vítimas Feridas;Pleno dia;Crescente;Céu Claro;Simples;Reta;Não;2;0;1;0;0;1;1;2;-3,06823488;-41,27905369;SPRF-PI;DEL05-PI;UOP01-DEL05-PI
698081;14/06/2025;sábado;09:30:00;RJ;101;578;PARATY;Condutor deixou de manter distância do veículo da frente;Colisão traseira;Com Vítimas Feridas;Pleno dia;Decrescente;Céu Claro;Simples;Reta;Não;2;0;1;0;1;0;1;2;-23,23461186;-44,70471796;SPRF-RJ;DEL03-RJ;UOP04-DEL03-RJ
698082;14/06/2025;sábado;09:40:00;RS;158;553,8;SANTANA DO LIVRAMENTO;Acumulo de água sobre o pavimento;Saída de leito carroçável;Com Vítimas Feridas;Pleno dia;Crescente;Chuva;Simples;Aclive;Não;2;0;1;0;0;1;1;2;-30,83959135;-55,41660401;SPRF-RS;DEL11-RS;UOP01-DEL11-RS
698083;14/06/2025;sábado;10:10:00;MG;40;589;OURO PRETO;Pedestre cruzava a pista fora da faixa;Atropelamento de Pedestre;Com Vítimas Feridas;Pleno dia;Crescente;Céu Claro;Simples;"Reta;Aclive";Não;3;0;0;1;2;0;1;2;-20,40835112;-43,89587402;SPRF-MG;DEL01-MG;UOP02-DEL01-MG
698084;14/06/2025;sábado;11:10:00;BA;116;823,8;VITORIA DA CONQUISTA;Manobra de mudança de faixa;Colisão lateral mesmo sentido;Com Vítimas Feridas;Pleno dia;Decrescente;Céu Claro;Simples;Reta;Sim;3;0;1;0;2;0;1;2;-14,860994;-40,849556;SPRF-BA;DEL08-BA;UOP01-DEL08-BA
698085;14/06/2025;sábado;12:00:00;ES;101;281;SERRA;Reação tardia ou ineficiente do condutor;Tombamento;Com Vítimas Feridas;Pleno dia;Crescente;Céu Claro;Dupla;Reta;Não;2;0;2;0;0;0;2;1;-20,22353411;-40,36114296;SPRF-ES;DEL02-ES;UOP01-DEL02-ES
698090;14/06/2025;sábado;12:35:00;MA;230;406,8;BALSAS;Acessar a via sem observar a presença dos outros veículos;Colisão transversal;Com Vítimas Feridas;Pleno dia;Crescente;Céu Claro;Simples;Interseção de Vias;Não;2;0;1;0;1;0;1;2;-7,49997577;-46,1210363;SPRF-MA;DEL05-MA;UOP01-DEL05-MA
698093;14/06/2025;sábado;13:30:00;ES;101;289,9;CARIACICA;Manobra de mudança de faixa;Colisão lateral mesmo sentido;Com Vítimas Feridas;Pleno dia;Crescente;Nublado;Dupla;Reta;Não;2;0;1;0;0;1;1;2;-20,28341071;-40,39319706;SPRF-ES;DEL01-ES;UOP01-DEL01-ES
698094;14/06/2025;sábado;12:55:00;BA;324;593;CANDEIAS;Demais falhas mecânicas ou elétricas;Queda de ocupante de veículo;Com Vítimas Feridas;Pleno dia;Decrescente;Nublado;Dupla;Reta;Não;1;0;1;0;0;0;1;1;-12,706438;-38,462928;SPRF-BA;DEL01-BA;UOP01-DEL01-BA
698095;14/06/2025;sábado;13:30:00;PI;343;317,5;ALTOS;Reação tardia ou ineficiente do condutor;Colisão lateral mesmo sentido;Com Vítimas Feridas;Pleno dia;Crescente;Sol;Simples;"Declive;Reta";Não;2;0;1;1;0;0;2;2;-5,04717074;-42,54592896;SPRF-PI;DEL01-PI;UOP01-DEL01-PI
698096;14/06/2025;sábado;13:15:00;PB;230;10,7;CABEDELO;Ausência de reação do condutor;Tombamento;Com Vítimas Feridas;Pleno dia;Crescente;Sol;Dupla;Reta;Sim;2;0;1;0;1;0;1;1;-7,0597864;-34,8507262;SPRF-PB;DEL01-PB;UOP01-DEL01-PB
698098;14/06/2025;sábado;13:50:00;SC;101;136;BALNEARIO CAMBORIU;Frear bruscamente;Colisão traseira;Com Vítimas Feridas;Pleno dia;Decrescente;Nublado;Dupla;Reta;Sim;3;0;2;0;1;0;2;2;-27,00964024;-48,61509673;SPRF-SC;DEL04-SC;UOP03-DEL04-SC
698099;14/06/2025;sábado;14:20:00;ES;101;267,5;SERRA;Condutor deixou de manter distância do veículo da frente;Colisão traseira;Com Vítimas Feridas;Pleno dia;Decrescente;Céu Claro;Múltipla;Reta;Sim;2;0;1;0;1;0;1;2;-20,19987382;-40,26886135;SPRF-ES;DEL02-ES;UOP01-DEL02-ES
698100;14/06/2025;sábado;14:30:00;MG;50;17,8;ARAGUARI;Reação tardia ou ineficiente do condutor;Saída de leito carroçável;Sem Vítimas;Pleno dia;Decrescente;Céu Claro;Dupla;"Curva;Aclive";Não;1;0;0;0;0;1;0;1;-18,56802385;-48,06133835;SPRF-MG;DEL15-MG;UOP02-DEL15-MG
698101;14/06/2025;sábado;14:15:00;RS;392;29;RIO GRANDE;Acumulo de água sobre o pavimento;Saída de leito carroçável;Com Vítimas Feridas;Pleno dia;Crescente;Chuva;Dupla;Reta;Não;1;0;1;0;0;0;1;1;-32,05256802;-52,27485493;SPRF-RS;DEL07-RS;UOP02-DEL07-RS
698102;14/06/2025;sábado;12:10:00;RO;364;342;JI-PARANA;Condutor deixou de manter distância do veículo da frente;Colisão traseira;Sem Vítimas;Pleno dia;Decrescente;Céu Claro;Dupla;Reta;Sim;3;0;0;0;3;0;0;2;-10,88514;-61,935194;SPRF-RO;DEL02-RO;UOP01-DEL02-RO
698103;14/06/2025;sábado;15:00:00;MG;381;498;BETIM;Afundamento ou ondulação no pavimento;Tombamento;Com Vítimas Feridas;Pleno dia;Decrescente;Céu Claro;Simples;"Curva;Retorno Regulamentado";Sim;1;0;1;0;0;0;1;1;-19,98474085;-44,20116775;SPRF-MG;DEL01-MG;UOP03-DEL01-MG
698104;14/06/2025;sábado;15:10:00;MG;381;517;IGARAPE;Reação tardia ou ineficiente do condutor;Tombamento;Com Vítimas Feridas;Pleno dia;Crescente;Céu Claro;Dupla;Reta;Não;1;0;1;0;0;0;1;1;-20,1063508;-44,32218298;SPRF-MG;DEL01-MG;UOP03-DEL01-MG
698105;14/06/2025;sábado;15:00:00;SC;101;140;BALNEARIO CAMBORIU;Ingestão de álcool pelo condutor;Queda de ocupante de veículo;Com Vítimas Feridas;Pleno dia;Crescente;Nublado;Dupla;Reta;Sim;2;0;1;1;0;0;2;1;-27,04674256;-48,59973907;SPRF-SC;DEL04-SC;UOP03-DEL04-SC
698107;14/06/2025;sábado;15:00:00;PR;277;245;IRATI;Ausência de reação do condutor;Colisão traseira;Com Vítimas Feridas;Pleno dia;Crescente;Nublado;Simples;Reta;Não;4;0;2;0;2;0;2;2;-25,455;-50,624;SPRF-PR;DEL08-PR;UOP02-DEL08-PR
698110;14/06/2025;sábado;15:00:00;RS;116;495,9;PELOTAS;Acumulo de água sobre o pavimento;Saída de leito carroçável;Com Vítimas Feridas;Pleno dia;Decrescente;Chuva;Simples;Curva;Não;2;0;1;0;1;0;1;1;-31,5193267;-52,2277817;SPRF-RS;DEL07-RS;UOP01-DEL07-RS
698111;14/06/2025;sábado;15:15:00;ES;101;125;SOORETAMA;Condutor desrespeitou a iluminação vermelha do semáforo;Colisão traseira;Com Vítimas Feridas;Pleno dia;Decrescente;Céu Claro;Simples;Reta;Sim;2;0;0;1;1;0;1;2;-19,189867;-40,094536;SPRF-ES;DEL04-ES;UOP01-DEL04-ES
698112;14/06/2025;sábado;16:00:00;ES;101;262,1;SERRA;Trafegar com motocicleta (ou similar) entre as faixas;Queda de ocupante de veículo;Com Vítimas Feridas;Pleno dia;Decrescente;Céu Claro;Dupla;Reta;Sim;2;0;1;1;0;0;2;1;-20,04888827;-40,38647878;SPRF-ES;DEL02-ES;UOP01-DEL02-ES
698113;14/06/2025;sábado;14:10:00;RN;304;135,4;ANGICOS;Demais falhas mecânicas ou elétricas;Incêndio;Sem Vítimas;Pleno dia;Crescente;Sol;Simples;Reta;Não;1;0;0;0;1;0;0;1;-5,662078;-36,723003;SPRF-RN;DEL04-RN;UOP01-DEL04-RN
698114;14/06/2025;sábado;15:50:00;GO;60;185,2;GUAPO;Avarias e/ou desgaste excessivo no pneu;Tombamento;Com Vítimas Feridas;Pleno dia;Decrescente;Céu Claro;Dupla;"Aclive;Curva";Não;2;0;1;1;0;0;2;1;-16,80661574;-49,52504754;SPRF-GO;DEL01-GO;UOP02-DEL01-GO
698115;14/06/2025;sábado;16:00:00;RS;116;235;NOVO HAMBURGO;Reação tardia ou ineficiente do condutor;Colisão traseira;Com Vítimas Feridas;Pleno dia;Decrescente;Nublado;Múltipla;"Reta;Em Obras";Sim;7;0;1;0;6;0;1;3;-29,6604063;-51,14383015;SPRF-RS;DEL01-RS;UOP02-DEL01-RS
698116;14/06/2025;sábado;15:35:00;PI;343;3,4;PARNAIBA;Ingestão de álcool pelo condutor;Colisão frontal;Com Vítimas Feridas;Pleno dia;Crescente;Céu Claro;Simples;Curva;Não;3;0;3;0;0;0;3;2;-2,90239334;-41,68410212;SPRF-PI;DEL05-PI;UOP01-DEL05-PI
698117;14/06/2025;sábado;14:00:00;RO;364;424,9;JARU;Acessar a via sem observar a presença dos outros veículos;Colisão transversal;Com Vítimas Feridas;Pleno dia;Decrescente;Céu Claro;Múltipla;"Reta;Interseção de Vias";Sim;2;0;1;0;0;1;1;2;-10,43848761;-62,47061905;SPRF-RO;DEL03-RO;UOP02-DEL03-RO
698119;14/06/2025;sábado;16:00:00;SP;116;151;SAO JOSE DOS CAMPOS;Estacionar ou parar em local proibido;Engavetamento;Com Vítimas Feridas;Anoitecer;Decrescente;Céu Claro;Dupla;Reta;Sim;7;0;1;0;5;1;1;4;-23,22115498;-45,90156555;SPRF-SP;DEL02-SP;UOP01-DEL02-SP
698120;14/06/2025;sábado;13:15:00;BA;324;418;RIACHAO DO JACUIPE;Ultrapassagem Indevida;Colisão frontal;Sem Vítimas;Pleno dia;Crescente;Céu Claro;Simples;Reta;Sim;2;0;0;0;2;0;0;2;-11,701251;-39,530382;SPRF-BA;DEL04-BA;UOP02-DEL04-BA
698122;14/06/2025;sábado;15:50:00;PR;376;511,5;PONTA GROSSA;Reação tardia ou ineficiente do condutor;Saída de leito carroçável;Com Vítimas Feridas;Pleno dia;Decrescente;Céu Claro;Dupla;Reta;Não;2;0;1;1;0;0;2;1;-25,228389;-50,046;SPRF-PR;DEL03-PR;UOP04-DEL03-PR
698123;10/06/2025;terça-feira;04:40:00;MT;70;795;CACERES;Demais falhas mecânicas ou elétricas;Incêndio;Sem Vítimas;Pleno dia;Crescente;Céu Claro;Simples;Reta;Não;1;0;0;0;1;0;0;1;-16,191;-58,065;SPRF-MT;DEL03-MT;UOP01-DEL03-MT
698124;14/06/2025;sábado;11:50:00;RO;364;14;VILHENA;Entrada inopinada do pedestre;Atropelamento de Pedestre;Com Vítimas Feridas;Pleno dia;Decrescente;Céu Claro;Simples;Reta;Sim;2;0;2;0;0;0;2;2;-12,7379632;-60,14171273;SPRF-RO;DEL04-RO;UOP01-DEL04-RO
698125;14/06/2025;sábado;16:40:00;RS;392;335,4;SANTA MARIA;Ausência de reação do condutor;Colisão traseira;Com Vítimas Feridas;Pleno dia;Crescente;Chuva;Simples;Reta;Não;2;0;1;0;1;0;1;2;-29,857108;-53,747715;SPRF-RS;DEL09-RS;UOP01-DEL09-RS
698126;14/06/2025;sábado;16:12:00;MG;381;481;CONTAGEM;Condutor deixou de manter distância do veículo da frente;Colisão traseira;Com Vítimas Feridas;Pleno dia;Decrescente;Céu Claro;Dupla;Reta;Sim;1;0;0;1;0;0;1;1;-19,95911936;-44,06688865;SPRF-MG;DEL01-MG;UOP03-DEL01-MG
698128;14/06/2025;sábado;16:20:00;PA;316;157,2;CAPANEMA;Avarias e/ou desgaste excessivo no pneu;Tombamento;Com Vítimas Feridas;Pleno dia;Decrescente;Nublado;Simples;Reta;Não;2;0;2;0;0;0;2;1;-1,251625;-47,142727;SPRF-PA;DEL01-PA;UOP03-DEL01-PA
698130;14/06/2025;sábado;15:40:00;BA;101;268,7;SANTO ANTONIO DE JESUS;Conversão proibida;Colisão lateral mesmo sentido;Com Vítimas Feridas;Pleno dia;Crescente;Nublado;Simples;Reta;Não;2;0;0;2;0;0;2;2;-13,014261;-39,289791;SPRF-BA;DEL01-BA;UOP02-DEL01-BA
698131;14/06/2025;sábado;16:29:00;PI;343;347;TERESINA;Condutor deixou de manter distância do veículo da frente;Colisão traseira;Sem Vítimas;Pleno dia;Crescente;Céu Claro;Simples;Reta;Não;2;0;0;0;2;0;0;2;-5,116843;-42,782605;SPRF-PI;DEL01-PI;UOP01-DEL01-PI
698133;03/06/2025;terça-feira;17:42:00;PB;104;149,4;QUEIMADAS;Transitar no Acostamento;Atropelamento de Pedestre;Com Vítimas Fatais;Anoitecer;Decrescente;Nublado;Simples;Reta;Não;5;1;1;0;3;0;1;3;-7,445223;-35,904882;SPRF-PB;DEL02-PB;UOP03-DEL02-PB
698134;14/06/2025;sábado;16:40:00;RO;364;237,9;CACOAL;Condutor desrespeitou a iluminação vermelha do semáforo;Colisão transversal;Com Vítimas Feridas;Pleno dia;Crescente;Céu Claro;Simples;"Reta;Aclive;Interseção de Vias";Sim;2;0;1;0;1;0;1;2;-11,438415;-61,454695;SPRF-RO;DEL02-RO;UOP02-DEL02-RO
698136;14/06/2025;sábado;16:41:00;MA;135;5;SAO LUIS;Reação tardia ou ineficiente do condutor;Colisão traseira;Com Vítimas Feridas;Pleno dia;Crescente;Nublado;Dupla;Reta;Sim;3;0;1;0;2;0;1;2;-2,62278;-44,258943;SPRF-MA;DEL01-MA;UOP01-DEL01-MA
698138;14/06/2025;sábado;16:10:00;SC;116;2,2;MAFRA;Desrespeitar a preferência no cruzamento;Colisão transversal;Com Vítimas Feridas;Pleno dia;Crescente;Céu Claro;Simples;"Reta;Interseção de Vias";Sim;4;0;0;1;3;0;1;2;-26,12617243;-49,79497282;SPRF-SC;DEL06-SC;UOP01-DEL06-SC
698141;14/06/2025;sábado;16:45:00;PR;277;485,4;NOVA LARANJEIRAS;Velocidade Incompatível;Queda de ocupante de veículo;Com Vítimas Feridas;Pleno dia;Decrescente;Céu Claro;Dupla;Curva;Não;1;0;0;1;0;0;1;1;-25,305364;-52,546367;SPRF-PR;DEL04-PR;UOP02-DEL04-PR