id;data_inversa;dia_semana;horario;uf;br;km;municipio;causa_acidente;tipo_acidente;classificacao_acidente;fase_dia;sentido_via;condicao_metereologica;tipo_pista;tracado_via;uso_solo;pessoas;mortos;feridos_leves;feridos_graves;ilesos;ignorados;feridos;veiculos;latitude;longitude;regional;delegacia;uop
698768;17/06/2025;terça-feira;17:20:00;BA;324;623,9;SALVADOR;Condutor deixou de manter distância do veículo da frente;Colisão traseira;Com Vítimas Feridas;Anoitecer;Crescente;Nublado;Dupla;Reta;Sim;2;0;1;0;1;0;1;2;-12,944663;-38,470318;SPRF-BA;DEL01-BA;UOP01-DEL01-BA
698769;17/06/2025;terça-feira;17:00:00;RS;290;89;PORTO ALEGRE;Reação tardia ou ineficiente do condutor;Colisão lateral mesmo sentido;Sem Vítimas;Anoitecer;Decrescente;Chuva;Múltipla;Reta;Não;2;0;0;0;2;0;0;2;-29,96820787;-51,15328009;SPRF-RS;DEL01-RS;UOP01-DEL01-RS
698771;17/06/2025;terça-feira;17:20:00;SP;116;117;TAUBATE;Manobra de mudança de faixa;Colisão traseira;Com Vítimas Feridas;Plena Noite;Decrescente;Céu Claro;Dupla;Reta;Não;2;0;1;0;1;0;1;2;-23,05995971;-45,62134975;SPRF-SP;DEL02-SP;UOP02-DEL02-SP
698772;17/06/2025;terça-feira;17:35:00;PB;101;84;BAYEUX;Ausência de reação do condutor;Tombamento;Com Vítimas Feridas;Plena Noite;Decrescente;Chuva;Dupla;Reta;Sim;2;0;1;0;0;1;1;2;-7,141;-34,922;SPRF-PB;DEL01-PB;UOP01-DEL01-PB
698773;17/06/2025;terça-feira;14:50:00;SC;101;279;IMBITUBA;Reação tardia ou ineficiente do condutor;Saída de leito carroçável;Com Vítimas Feridas;Pleno dia;Decrescente;Céu Claro;Múltipla;Reta;Sim;2;0;0;2;0;0;2;1;-28,18703952;-48,69687081;SPRF-SC;DEL02-SC;UOP03-DEL02-SC
698774;17/06/2025;terça-feira;17:30:00;ES;101;135,8;LINHARES;Acessar a via sem observar a presença dos outros veículos;Colisão frontal;Com Vítimas Feridas;Anoitecer;Crescente;Céu Claro;Simples;Interseção de Vias;Sim;3;0;1;0;2;0;1;2;-19,23258;-40,14583;SPRF-ES;DEL04-ES;UOP01-DEL04-ES
698775;17/06/2025;terça-feira;18:00:00;SC;470;53,1;BLUMENAU;Acessar a via sem observar a presença dos outros veículos;Colisão transversal;Com Vítimas Feridas;Plena Noite;Crescente;Ignorado;Dupla;"Reta;Interseção de Vias";Sim;3;0;1;0;2;0;1;2;-26,868756;-49,105064;SPRF-SC;DEL04-SC;UOP01-DEL04-SC
698776;17/06/2025;terça-feira;16:40:00;PB;104;114,2;LAGOA SECA;Pedestre - Ingestão de álcool/ substâncias psicoativas;Atropelamento de Pedestre;Com Vítimas Feridas;Pleno dia;Crescente;Nublado;Simples;Reta;Sim;2;0;1;1;0;0;2;2;-7,1605425;-35,85673481;SPRF-PB;DEL02-PB;UOP04-DEL02-PB
698778;17/06/2025;terça-feira;18:00:00;PR;369;144;LONDRINA;Manobra de mudança de faixa;Colisão transversal;Com Vítimas Feridas;Anoitecer;Crescente;Céu Claro;Simples;Reta;Sim;2;0;1;0;0;1;1;2;-23,29287755;-51,09752939;SPRF-PR;DEL07-PR;UOP01-DEL07-PR
698779;17/06/2025;terça-feira;17:39:00;RN;110;52;MOSSORO;Reação tardia ou ineficiente do condutor;Tombamento;Com Vítimas Feridas;Plena Noite;Decrescente;Céu Claro;Simples;Reta;Sim;3;0;1;1;1;0;2;3;-5,238396;-37,331826;SPRF-RN;DEL04-RN;UOP01-DEL04-RN
698781;17/06/2025;terça-feira;18:15:00;SC;101;210,7;SAO JOSE;Manobra de mudança de faixa;Colisão lateral mesmo sentido;Com Vítimas Feridas;Plena Noite;Crescente;Céu Claro;Dupla;Reta;Não;2;0;1;0;1;0;1;2;-27,62014614;-48,64853382;SPRF-SC;DEL01-SC;UOP01-DEL01-SC
698782;17/06/2025;terça-feira;10:30:00;RJ;40;18;TRES RIOS;Condutor usando celular;Queda de ocupante de veículo;Com Vítimas Feridas;Pleno dia;Crescente;Céu Claro;Simples;Reta;Não;1;0;0;1;0;0;1;1;-22,09808622;-43,17249298;SPRF-RJ;DEL05-RJ;UOP02-DEL05-RJ
698783;17/06/2025;terça-feira;17:30:00;PE;101;44;IGARASSU;Iluminação deficiente;Colisão lateral mesmo sentido;Com Vítimas Feridas;Plena Noite;Crescente;Nublado;Múltipla;Reta;Sim;2;0;0;1;1;0;1;2;-7,85862589;-34,90824985;SPRF-PE;DEL01-PE;UOP02-DEL01-PE
698784;17/06/2025;terça-feira;18:33:00;ES;101;166,1;LINHARES;Transitar na contramão;Colisão frontal;Com Vítimas Feridas;Plena Noite;Decrescente;Céu Claro;Dupla;Reta;Sim;3;0;1;2;0;0;3;2;-19,52196492;-40,14682116;SPRF-ES;DEL04-ES;UOP01-DEL04-ES
698785;17/06/2025;terça-feira;17:10:00;MA;135;13;SAO LUIS;Reação tardia ou ineficiente do condutor;Colisão traseira;Com Vítimas Feridas;Anoitecer;Decrescente;Garoa/Chuvisco;Dupla;"Retorno Regulamentado;Reta;Declive";Sim;2;0;1;0;1;0;1;2;-2,6778364;-44,29385199;SPRF-MA;DEL01-MA;UOP01-DEL01-MA
698786;17/06/2025;terça-feira;18:10:00;MG;116;581;MANHUACU;Transitar na contramão;Colisão lateral sentido oposto;Com Vítimas Feridas;Plena Noite;Crescente;Céu Claro;Simples;Curva;Não;2;0;1;0;0;1;1;2;-20,19011509;-42,18454634;SPRF-MG;DEL06-MG;UOP03-DEL06-MG
698787;17/06/2025;terça-feira;12:35:00;SC;163;73;GUARACIABA;Ausência de reação do condutor;Saída de leito carroçável;Com Vítimas Feridas;Pleno dia;Crescente;Céu Claro;Dupla;Reta;Sim;1;0;1;0;0;0;1;1;-26,6380071;-53,5188016;SPRF-SC;DEL07-SC;UOP03-DEL07-SC
698788;02/06/2025;segunda-feira;15:15:00;SC;282;555,7;NOVA ITABERABA;Avarias e/ou desgaste excessivo no pneu;Saída de leito carroçável;Com Vítimas Feridas;Pleno dia;Crescente;Chuva;Simples;Reta;Não;2;0;1;0;1;0;1;1;-26,93571989;-52,7993381;SPRF-SC;DEL07-SC;UOP01-DEL07-SC
698789;17/06/2025;terça-feira;18:00:00;PR;369;127,8;JATAIZINHO;Manobra de mudança de faixa;Colisão lateral mesmo sentido;Com Vítimas Feridas;Anoitecer;Decrescente;Céu Claro;Dupla;Reta;Sim;3;0;2;0;1;0;2;2;-23,26971314;-50,9674155;SPRF-PR;DEL07-PR;UOP01-DEL07-PR
698791;17/06/2025;terça-feira;18:40:00;MG;381;478;CONTAGEM;Manobra de mudança de faixa;Colisão lateral mesmo sentido;Com Vítimas Feridas;Anoitecer;Crescente;Céu Claro;Dupla;Reta;Sim;5;0;1;1;2;1;2;4;-19,96274461;-44,04022694;SPRF-MG;DEL01-MG;UOP03-DEL01-MG
698792;17/06/2025;terça-feira;18:50:00;SP;116;107;TAUBATE;Reação tardia ou ineficiente do condutor;Colisão traseira;Com Vítimas Feridas;Anoitecer;Decrescente;Céu Claro;Múltipla;Reta;Sim;2;0;1;0;1;0;1;2;-23,02150732;-45,53412425;SPRF-SP;DEL02-SP;UOP02-DEL02-SP
698793;17/06/2025;terça-feira;18:50:00;PB;230;10;CABEDELO;Objeto estático sobre o leito carroçável;Colisão com objeto;Com Vítimas Feridas;Plena Noite;Decrescente;Chuva;Múltipla;"Reta;Em Obras";Sim;1;0;1;0;0;0;1;1;-7,05161782;-34,84983444;SPRF-PB;DEL01-PB;UOP01-DEL01-PB
698794;17/06/2025;terça-feira;19:37:00;SP;116;220;GUARULHOS;Trafegar com motocicleta (ou similar) entre as faixas;Colisão lateral mesmo sentido;Com Vítimas Feridas;Plena Noite;Crescente;Céu Claro;Múltipla;Reta;Sim;4;0;2;0;2;0;2;3;-23,46259493;-46,49297588;SPRF-SP;DEL01-SP;UOP01-DEL01-SP
698795;17/06/2025;terça-feira;18:00:00;RJ;101;333;RIO DE JANEIRO;Acessar a via sem observar a presença dos outros veículos;Colisão lateral mesmo sentido;Sem Vítimas;Plena Noite;Decrescente;Céu Claro;Múltipla;Reta;Não;2;0;0;0;1;1;0;2;-22,86826698;-43,19583893;SPRF-RJ;DEL02-RJ;UOP01-DEL02-RJ
698796;17/06/2025;terça-feira;18:50:00;RS;116;149;CAXIAS DO SUL;Reação tardia ou ineficiente do condutor;Atropelamento de Pedestre;Com Vítimas Feridas;Plena Noite;Crescente;Chuva;Dupla;Reta;Não;2;0;2;0;0;0;2;2;-29,16132279;-51,156758;SPRF-RS;DEL05-RS;UOP01-DEL05-RS
698797;17/06/2025;terça-feira;19:00:00;PR;376;594;CURITIBA;Manobra de mudança de faixa;Colisão lateral mesmo sentido;Com Vítimas Feridas;Plena Noite;Crescente;Céu Claro;Dupla;Reta;Sim;2;0;1;0;1;0;1;2;-25,46033806;-49,35910916;SPRF-PR;DEL01-PR;UOP06-DEL01-PR
698798;17/06/2025;terça-feira;18:20:00;PR;369;209;APUCARANA;Ingestão de álcool pelo condutor;Colisão com objeto;Sem Vítimas;Plena Noite;Decrescente;Céu Claro;Simples;"Curva;Viaduto";Sim;1;0;0;0;1;0;0;1;-23,56752739;-51,50912046;SPRF-PR;DEL07-PR;UOP03-DEL07-PR
698799;17/06/2025;terça-feira;19:00:00;DF;60;0,3;BRASILIA;Acessar a via sem observar a presença dos outros veículos;Colisão transversal;Com Vítimas Feridas;Plena Noite;Decrescente;Céu Claro;Dupla;Reta;Sim;2;0;0;2;0;0;2;2;-15,883332;-48,062805;SPRF-DF;DEL03-DF;UOP01-DEL03-DF
698802;17/06/2025;terça-feira;19:16:00;RN;226;60;MACAIBA;Reação tardia ou ineficiente do condutor;Colisão traseira;Sem Vítimas;Pleno dia;Decrescente;Nublado;Simples;Reta;Não;2;0;0;0;2;0;0;2;-5,8675623;-35,3709097;SPRF-RN;DEL01-RN;UOP02-DEL01-RN
698803;17/06/2025;terça-feira;19:10:00;ES;101;3,7;ICONHA;Velocidade Incompatível;Tombamento;Com Vítimas Feridas;Plena Noite;Decrescente;Nublado;Dupla;Reta;Não;1;0;0;1;0;0;1;1;-20,8095;-40,8016;SPRF-ES;DEL03-ES;UOP02-DEL03-ES
698804;17/06/2025;terça-feira;18:00:00;PR;277;664;MEDIANEIRA;Ausência de reação do condutor;Colisão traseira;Sem Vítimas;Plena Noite;Decrescente;Céu Claro;Dupla;Declive;Não;3;0;0;0;3;0;0;3;-25,25100168;-54,01268832;SPRF-PR;DEL05-PR;UOP02-DEL05-PR
698805;17/06/2025;terça-feira;19:00:00;PR;116;129;FAZENDA RIO GRANDE;Reação tardia ou ineficiente do condutor;Colisão lateral mesmo sentido;Com Vítimas Feridas;Plena Noite;Crescente;Nublado;Dupla;Reta;Não;3;0;1;0;2;0;1;3;-25,66681905;-49,31434125;SPRF-PR;DEL01-PR;UOP03-DEL01-PR
698807;17/06/2025;terça-feira;19:15:00;PR;116;128;FAZENDA RIO GRANDE;Reação tardia ou ineficiente do condutor;Engavetamento;Com Vítimas Feridas;Plena Noite;Crescente;Céu Claro;Dupla;Reta;Sim;3;0;1;0;2;0;1;3;-25,660971;-49,313087;SPRF-PR;DEL01-PR;UOP03-DEL01-PR
698809;17/06/2025;terça-feira;20:20:00;MG;40;559;NOVA LIMA;Demais falhas mecânicas ou elétricas;Saída de leito carroçável;Com Vítimas Feridas;Plena Noite;Crescente;Céu Claro;Dupla;"Reta;Declive";Sim;2;0;2;0;0;0;2;1;-20,122033;-43,966877;SPRF-MG;DEL01-MG;UOP02-DEL01-MG
698810;17/06/2025;terça-feira;20:15:00;GO;80;126;BARRO ALTO;Reação tardia ou ineficiente do condutor;Colisão traseira;Com Vítimas Feridas;Plena Noite;Decrescente;Céu Claro;Simples;"Aclive;Reta";Não;2;0;2;0;0;0;2;2;-15,019028;-48,89801;SPRF-GO;DEL07-GO;UOP02-DEL07-GO
698811;17/06/2025;terça-feira;20:23:00;RN;101;104;PARNAMIRIM;Acumulo de água sobre o pavimento;Queda de ocupante de veículo;Com Vítimas Feridas;Plena Noite;Decrescente;Chuva;Dupla;Curva;Sim;1;0;1;0;0;0;1;1;-5,89348674;-35,25731564;SPRF-RN;DEL01-RN;UOP01-DEL01-RN
698814;17/06/2025;terça-feira;19:35:00;GO;153;389,1;SAO FRANCISCO DE GOIAS;Acessar a via sem observar a presença dos outros veículos;Colisão transversal;Com Vítimas Feridas;Plena Noite;Crescente;Céu Claro;Simples;Reta;Não;6;0;4;0;2;0;4;2;-15,95439714;-49,18682098;SPRF-GO;DEL02-GO;UOP02-DEL02-GO
698815;17/06/2025;terça-feira;20:40:00;BA;101;83,4;EUNAPOLIS;Conversão proibida;Colisão transversal;Com Vítimas Feridas;Plena Noite;Decrescente;Chuva;Simples;"Reta;Interseção de Vias";Sim;4;0;1;1;2;0;2;2;-16,373527;-39,574555;SPRF-BA;DEL01-BA;UOP04-DEL01-BA
698817;17/06/2025;terça-feira;20:00:00;RJ;40;109;DUQUE DE CAXIAS;Reação tardia ou ineficiente do condutor;Queda de ocupante de veículo;Com Vítimas Feridas;Plena Noite;Crescente;Céu Claro;Dupla;Reta;Não;2;0;1;0;1;0;1;1;-22,67540173;-43,28649759;SPRF-RJ;DEL01-RJ;UOP02-DEL01-RJ
698820;17/06/2025;terça-feira;17:55:00;SC;280;222;TRES BARRAS;Mal súbito do condutor;Saída de leito carroçável;Com Vítimas Feridas;Anoitecer;Decrescente;Céu Claro;Simples;Reta;Não;1;0;0;1;0;0;1;1;-26,174951;-50,285474;SPRF-SC;DEL06-SC;UOP04-DEL06-SC
698821;17/06/2025;terça-feira;20:40:00;PR;116;95;SAO JOSE DOS PINHAIS;Ausência de reação do condutor;Colisão lateral mesmo sentido;Com Vítimas Feridas;Plena Noite;Decrescente;Nublado;Dupla;Reta;Não;2;0;1;1;0;0;2;2;-25,5265984;-49,1408761;SPRF-PR;DEL01-PR;UOP07-DEL01-PR
698822;17/06/2025;terça-feira;19:30:00;RO;319;137;PORTO VELHO;Entrada inopinada do pedestre;Atropelamento de Pedestre;Com Vítimas Fatais;Plena Noite;Decrescente;Céu Claro;Simples;Ponte;Não;2;1;0;0;1;0;0;2;-8,73795544;-63,92347813;SPRF-RO;DEL01-RO;UOP01-DEL01-RO
698823;17/06/2025;terça-feira;17:30:00;BA;420;346,3;JAGUAQUARA;Reação tardia ou ineficiente do condutor;Colisão lateral sentido oposto;Com Vítimas Feridas;Plena Noite;Crescente;Garoa/Chuvisco;Simples;Curva;Não;2;0;0;1;1;0;1;2;-13,509053;-40,003956;SPRF-BA;DEL03-BA;UOP01-DEL03-BA
698824;17/06/2025;terça-feira;18:30:00;RJ;465;20;NOVA IGUACU;Ausência de reação do condutor;Colisão transversal;Com Vítimas Feridas;Anoitecer;Crescente;Céu Claro;Simples;Reta;Sim;3;0;1;0;2;0;1;2;-22,84871194;-43,60379219;SPRF-RJ;DEL06-RJ;UOP02-DEL06-RJ
698825;17/06/2025;terça-feira;21:00:00;RN;226;110,5;SANTA CRUZ;Acesso irregular;Colisão frontal;Com Vítimas Feridas;Plena Noite;Crescente;Céu Claro;Simples;Interseção de Vias;Sim;3;0;1;2;0;0;3;2;-6,23172484;-36,01550013;SPRF-RN;DEL03-RN;UOP02-DEL03-RN
698828;17/06/2025;terça-feira;20:40:00;PR;376;498;PONTA GROSSA;Ingestão de álcool pelo condutor;Colisão com objeto;Sem Vítimas;Plena Noite;Decrescente;Nublado;Dupla;Viaduto;Sim;1;0;0;0;1;0;0;1;-25,15034;-50,142468;SPRF-PR;DEL03-PR;UOP04-DEL03-PR
698829;17/06/2025;terça-feira;03:35:00;RJ;116;186;NOVA IGUACU;Iluminação deficiente;Queda de ocupante de veículo;Com Vítimas Feridas;Plena Noite;Decrescente;Ignorado;Dupla;Reta;Não;2;0;1;0;0;1;1;1;-22,74460972;-43,51226664;SPRF-RJ;DEL06-RJ;UOP01-DEL06-RJ
698834;17/06/2025;terça-feira;23:20:00;RS;285;569;SAO LUIZ GONZAGA;Ingestão de álcool pelo condutor;Colisão transversal;Com Vítimas Feridas;Plena Noite;Decrescente;Chuva;Simples;Reta;Sim;2;0;0;1;1;0;1;2;-28,41271863;-54,98266395;SPRF-RS;DEL12-RS;UOP01-DEL12-RS
698835;17/06/2025;terça-feira;23:00:00;PR;376;598;CURITIBA;Manobra de mudança de faixa;Colisão traseira;Com Vítimas Feridas;Plena Noite;Decrescente;Céu Claro;Dupla;Reta;Sim;4;0;1;0;3;0;1;3;-25,49289127;-49,34387421;SPRF-PR;DEL01-PR;UOP03-DEL01-PR
698837;17/06/2025;terça-feira;22:50:00;PR;277;0;CURITIBA;Ausência de reação do condutor;Saída de leito carroçável;Com Vítimas Feridas;Plena Noite;Decrescente;Céu Claro;Simples;Interseção de Vias;Não;1;0;1;0;0;0;1;1;-25,42991815;-49,36719267;SPRF-PR;DEL01-PR;UOP05-DEL01-PR
698838;17/06/2025;terça-feira;21:00:00;MS;262;539,9;MIRANDA;Animais na Pista;Atropelamento de Animal;Com Vítimas Feridas;Plena Noite;Decrescente;Céu Claro;Simples;Reta;Não;2;0;0;2;0;0;2;1;-20,3186;-56,22638;SPRF-MS;DEL03-MS;UOP02-DEL03-MS
698840;18/06/2025;quarta-feira;01:00:00;PR;476;188;LAPA;Reação tardia ou ineficiente do condutor;Saída de leito carroçável;Sem Vítimas;Plena Noite;Decrescente;Céu Claro;Simples;Reta;Não;1;0;0;0;1;0;0;1;-25,71871315;-49,67407577;SPRF-PR;DEL01-PR;UOP06-DEL01-PR
698841;18/06/2025;quarta-feira;00:10:00;AL;101;141,9;SAO MIGUEL DOS CAMPOS;Demais falhas mecânicas ou elétricas;Incêndio;Sem Vítimas;Plena Noite;Crescente;Céu Claro;Dupla;Reta;Não;2;0;0;0;2;0;0;1;-9,84033247;-36,13574982;SPRF-AL;DEL02-AL;UOP01-DEL02-AL
698842;18/06/2025;quarta-feira;01:30:00;GO;60;106,8;GOIANAPOLIS;Ingestão de álcool pelo condutor;Colisão com objeto;Com Vítimas Feridas;Plena Noite;Decrescente;Céu Claro;Dupla;"Reta;Declive";Não;1;0;0;1;0;0;1;1;-16,428361;-49,016625;SPRF-GO;DEL02-GO;UOP01-DEL02-GO
698843;17/06/2025;terça-feira;23:30:00;RS;386;400;TRIUNFO;Reação tardia ou ineficiente do condutor;Saída de leito carroçável;Com Vítimas Feridas;Plena Noite;Decrescente;Chuva;Simples;"Declive;Curva";Não;5;0;0;1;4;0;1;1;-29,75787465;-51,59478083;SPRF-RS;DEL04-RS;UOP02-DEL04-RS
698848;18/06/2025;quarta-feira;04:00:00;PE;232;67,6;GRAVATA;Condutor Dormindo;Saída de leito carroçável;Com Vítimas Feridas;Plena Noite;Crescente;Nublado;Dupla;Aclive;Não;1;0;0;1;0;0;1;1;-8,167628;-35,469773;SPRF-PE;DEL02-PE;UOP02-DEL02PE
698852;18/06/2025;quarta-feira;05:00:00;SP;116;224;GUARULHOS;Ausência de reação do condutor;Colisão com objeto;Com Vítimas Feridas;Amanhecer;Crescente;Chuva;Múltipla;"Reta;Em Obras";Sim;1;0;1;0;0;0;1;1;-23,48286744;-46,53662078;SPRF-SP;DEL01-SP;UOP01-DEL01-SP
698853;18/06/2025;quarta-feira;05:25:00;SP;116;217;GUARULHOS;Reação tardia ou ineficiente do condutor;Colisão traseira;Com Vítimas Feridas;Plena Noite;Crescente;Nublado;Múltipla;"Reta;Desvio Temporário;Em Obras";Sim;2;0;1;0;0;1;1;2;-23,45377309;-46,47039822;SPRF-SP;DEL01-SP;UOP01-DEL01-SP
698854;18/06/2025;quarta-feira;05:10:00;SC;101;401;MARACAJA;Ausência de reação do condutor;Colisão com objeto;Com Vítimas Feridas;Plena Noite;Crescente;Ignorado;Dupla;Reta;Sim;2;0;1;1;0;0;2;1;-28,877;-49,458;SPRF-SC;DEL02-SC;UOP02-DEL02-SC
698855;18/06/2025;quarta-feira;06:00:00;MG;40;518,2;RIBEIRAO DAS NEVES;Entrada inopinada do pedestre;Atropelamento de Pedestre;Com Vítimas Feridas;Amanhecer;Crescente;Céu Claro;Dupla;Reta;Sim;2;0;2;0;0;0;2;2;-19,83823;-44,0781083;SPRF-MG;DEL01-MG;UOP02-DEL01-MG
698856;18/06/2025;quarta-feira;06:00:00;DF;20;1;BRASILIA;Reação tardia ou ineficiente do condutor;Colisão lateral mesmo sentido;Sem Vítimas;Amanhecer;Decrescente;Céu Claro;Dupla;Reta;Sim;6;0;0;0;6;0;0;3;-15,68496;-47,848515;SPRF-DF;DEL02-DF;UOP01-DEL02-DF
698857;18/06/2025;quarta-feira;06:20:00;MG;262;93,4;ABRE CAMPO;Transitar na contramão;Colisão frontal;Com Vítimas Fatais;Amanhecer;Decrescente;Céu Claro;Simples;Reta;Sim;2;1;0;1;0;0;1;2;-20,3113474;-42,46594459;SPRF-MG;DEL03-MG;UOP03-DEL03-MG
698859;18/06/2025;quarta-feira;06:15:00;MG;262;34;MANHUACU;Desrespeitar a preferência no cruzamento;Colisão transversal;Com Vítimas Feridas;Pleno dia;Crescente;Céu Claro;Simples;Interseção de Vias;Sim;2;0;1;0;1;0;1;2;-20,25767428;-42,02509063;SPRF-MG;DEL06-MG;UOP03-DEL06-MG
698860;18/06/2025;quarta-feira;06:30:00;ES;101;268;SERRA;Ausência de reação do condutor;Colisão traseira;Com Vítimas Feridas;Pleno dia;Crescente;Céu Claro;Múltipla;Reta;Sim;2;0;0;1;0;1;1;2;-20,21091801;-40,26978493;SPRF-ES;DEL02-ES;UOP01-DEL02-ES
698861;18/06/2025;quarta-feira;05:20:00;CE;222;40;CAUCAIA;Ultrapassagem Indevida;Colisão frontal;Com Vítimas Feridas;Pleno dia;Decrescente;Céu Claro;Simples;Reta;Sim;2;0;0;1;1;0;1;2;-3,684955;-38,914001;SPRF-CE;DEL01-CE;UOP03-DEL01-CE
698865;17/06/2025;terça-feira;21:50:00;MG;381;489;BETIM;Velocidade Incompatível;Colisão traseira;Com Vítimas Feridas;Plena Noite;Decrescente;Céu Claro;Dupla;Reta;Não;4;0;0;1;2;1;1;2;-19,95753704;-44,14993286;SPRF-MG;DEL01-MG;UOP03-DEL01-MG
698866;17/06/2025;terça-feira;18:00:00;MG;116;412;GOVERNADOR VALADARES;Acessar a via sem observar a presença dos outros veículos;Colisão transversal;Com Vítimas Feridas;Plena Noite;Decrescente;Céu Claro;Simples;Interseção de Vias;Não;2;0;2;0;0;0;2;2;-18,87702364;-41,96332874;SPRF-MG;DEL06-MG;UOP01-DEL06-MG
698871;05/05/2025;segunda-feira;18:49:00;CE;116;0,1;FORTALEZA;Acessar a via sem observar a presença dos outros veículos;Atropelamento de Pedestre;Com Vítimas Fatais;Plena Noite;Decrescente;Céu Claro;Dupla;Reta;Sim;2;1;0;0;1;0;0;2;-3,7559112;-38,5211116;SPRF-CE;DEL01-CE;UOP02-DEL01-CE
698873;06/06/2025;sexta-feira;18:00:00;RJ;101;295;ITABORAI;Reação tardia ou ineficiente do condutor;Colisão traseira;Sem Vítimas;Plena Noite;Decrescente;Céu Claro;Dupla;Curva;Sim;3;0;0;0;2;1;0;3;-22,76666625;-42,90649704;SPRF-RJ;DEL02-RJ;UOP02-DEL02-RJ
698874;17/06/2025;terça-feira;08:59:00;RJ;116;273,8;BARRA MANSA;Reação tardia ou ineficiente do condutor;Capotamento;Com Vítimas Feridas;Pleno dia;Crescente;Céu Claro;Dupla;Curva;Não;2;0;2;0;0;0;2;1;-22,56195478;-44,14510187;SPRF-RJ;DEL07-RJ;UOP02-DEL07-RJ
698875;18/06/2025;quarta-feira;07:20:00;SC;470;56,3;BLUMENAU;Acessar a via sem observar a presença dos outros veículos;Colisão transversal;Com Vítimas Feridas;Pleno dia;Decrescente;Céu Claro;Simples;Reta;Sim;3;0;1;1;1;0;2;2;-26,87769746;-49,13043022;SPRF-SC;DEL04-SC;UOP01-DEL04-SC
698876;18/06/2025;quarta-feira;07:38:00;SP;116;139,9;SAO JOSE DOS CAMPOS;Trafegar com motocicleta (ou similar) entre as faixas;Colisão lateral mesmo sentido;Com Vítimas Feridas;Pleno dia;Crescente;Céu Claro;Dupla;Reta;Não;2;0;1;0;1;0;1;2;-23,164295;-45,809856;SPRF-SP;DEL02-SP;UOP01-DEL02-SP
698878;18/06/2025;quarta-feira;07:15:00;DF;251;22;BRASILIA;Entrada inopinada do pedestre;Atropelamento de Pedestre;Com Vítimas Feridas;Pleno dia;Crescente;Céu Claro;Simples;Declive;Não;3;0;1;1;1;0;2;2;-15,96204;-47,6627;SPRF-DF;DEL01-DF;UOP01-DEL01-DF
698880;18/06/2025;quarta-feira;06:55:00;MG;262;437;NOVA SERRANA;Acessar a via sem observar a presença dos outros veículos;Colisão frontal;Com Vítimas Feridas;Pleno dia;Decrescente;Céu Claro;Múltipla;"Curva;Aclive;Interseção de Vias";Não;2;0;1;0;1;0;1;2;-19,881961;-44,927979;SPRF-MG;DEL08-MG;UOP03-DEL08-MG
698883;18/06/2025;quarta-feira;08:30:00;MG;381;512;SAO JOAQUIM DE BICAS;Acessar a via sem observar a presença dos outros veículos;Colisão lateral sentido oposto;Com Vítimas Feridas;Pleno dia;Decrescente;Céu Claro;Dupla;"Reta;Interseção de Vias";Sim;2;0;1;0;1;0;1;2;-20,05568939;-44,28481579;SPRF-MG;DEL01-MG;UOP03-DEL01-MG
698884;18/06/2025;quarta-feira;07:45:00;SC;282;5;SAO JOSE;Manobra de mudança de faixa;Colisão transversal;Com Vítimas Feridas;Pleno dia;Decrescente;Céu Claro;Dupla;Reta;Sim;2;0;1;0;1;0;1;2;-27,58841;-48,61268;SPRF-SC;DEL01-SC;UOP01-DEL01-SC
698885;18/06/2025;quarta-feira;07:30:00;MG;116;276,9;TEOFILO OTONI;Acessar a via sem observar a presença dos outros veículos;Colisão lateral mesmo sentido;Com Vítimas Feridas;Pleno dia;Crescente;Garoa/Chuvisco;Simples;Reta;Sim;2;0;2;0;0;0;2;2;-17,858813;-41,515172;SPRF-MG;DEL11-MG;UOP01-DEL11-MG
698886;18/06/2025;quarta-feira;07:45:00;MG;262;437,4;NOVA SERRANA;Velocidade Incompatível;Colisão traseira;Com Vítimas Feridas;Pleno dia;Decrescente;Céu Claro;Dupla;"Curva;Rotatória";Não;2;0;0;1;1;0;1;2;-19,881933;-44,928424;SPRF-MG;DEL08-MG;UOP03-DEL08-MG
698887;18/06/2025;quarta-feira;07:30:00;RJ;40;111;DUQUE DE CAXIAS;Trafegar com motocicleta (ou similar) entre as faixas;Queda de ocupante de veículo;Com Vítimas Feridas;Pleno dia;Crescente;Céu Claro;Múltipla;Reta;Sim;3;0;1;0;2;0;1;3;-22,69252005;-43,28774214;SPRF-RJ;DEL01-RJ;UOP02-DEL01-RJ
698889;18/06/2025;quarta-feira;08:10:00;SP;153;63,7;SAO JOSE DO RIO PRETO;Manobra de mudança de faixa;Queda de ocupante de veículo;Com Vítimas Feridas;Pleno dia;Crescente;Sol;Dupla;Curva;Sim;2;0;2;0;0;0;2;1;-20,82677541;-49,35900874;SPRF-SP;DEL09-SP;UOP01-DEL09-SP
698891;18/06/2025;quarta-feira;07:50:00;PR;116;141;MANDIRITUBA;Ausência de reação do condutor;Colisão lateral mesmo sentido;Com Vítimas Feridas;Pleno dia;Crescente;Céu Claro;Múltipla;Interseção de Vias;Sim;2;0;0;1;1;0;1;2;-25,77714025;-49,32412561;SPRF-PR;DEL01-PR;UOP03-DEL01-PR