id;data_inversa;dia_semana;horario;uf;br;km;municipio;causa_acidente;tipo_acidente;classificacao_acidente;fase_dia;sentido_via;condicao_metereologica;tipo_pista;tracado_via;uso_solo;pessoas;mortos;feridos_leves;feridos_graves;ilesos;ignorados;feridos;veiculos;latitude;longitude;regional;delegacia;uop
698893;18/06/2025;quarta-feira;08:20:00;BA;101;489;ITAJUIPE;Chuva;Colisão com objeto;Com Vítimas Feridas;Pleno dia;Crescente;Garoa/Chuvisco;Simples;Curva;Não;4;0;2;2;0;0;4;1;-14,68568101;-39,36438284;SPRF-BA;DEL05-BA;UOP01-DEL05-BA
698899;17/06/2025;terça-feira;19:20:00;PR;280;263;MARMELEIRO;Animais na Pista;Saída de leito carroçável;Com Vítimas Feridas;Plena Noite;Crescente;Céu Claro;Simples;Reta;Não;1;0;0;1;0;0;1;1;-26,20172425;-53,09316572;SPRF-PR;DEL02-PR;UOP01-DEL02-PR
698900;18/06/2025;quarta-feira;08:30:00;RJ;493;57;DUQUE DE CAXIAS;Reação tardia ou ineficiente do condutor;Tombamento;Com Vítimas Feridas;Pleno dia;Decrescente;Céu Claro;Dupla;Reta;Não;1;0;1;0;0;0;1;1;-22,66594;-43,36945;SPRF-RJ;DEL01-RJ;UOP03-DEL01-RJ
698901;10/05/2025;sábado;01:30:00;MG;381;481;CONTAGEM;Velocidade Incompatível;Capotamento;Com Vítimas Feridas;Plena Noite;Crescente;Céu Claro;Dupla;"Reta;Declive";Sim;2;0;1;0;1;0;1;2;-19,95818687;-44,05787124;SPRF-MG;DEL01-MG;UOP03-DEL01-MG
698902;18/06/2025;quarta-feira;07:20:00;RO;364;13;VILHENA;Acessar a via sem observar a presença dos outros veículos;Colisão lateral mesmo sentido;Com Vítimas Feridas;Pleno dia;Crescente;Céu Claro;Dupla;Rotatória;Sim;4;0;2;0;2;0;2;4;-12,74063114;-60,13199008;SPRF-RO;DEL04-RO;UOP01-DEL04-RO
698903;18/06/2025;quarta-feira;10:00:00;DF;251;14;BRASILIA;Acessar a via sem observar a presença dos outros veículos;Colisão transversal;Com Vítimas Feridas;Pleno dia;Decrescente;Céu Claro;Dupla;"Retorno Regulamentado;Reta";Não;4;0;2;0;2;0;2;2;-15,93985633;-47,60595415;SPRF-DF;DEL01-DF;UOP01-DEL01-DF
698907;18/06/2025;quarta-feira;09:30:00;GO;153;602,8;MORRINHOS;Reação tardia ou ineficiente do condutor;Saída de leito carroçável;Com Vítimas Feridas;Pleno dia;Crescente;Céu Claro;Dupla;"Reta;Declive";Não;2;0;1;0;1;0;1;1;-17,5664665;-49,1996141;SPRF-GO;DEL03-GO;UOP01-DEL03-GO
698908;18/06/2025;quarta-feira;10:30:00;SP;116;135,5;SAO JOSE DOS CAMPOS;Reação tardia ou ineficiente do condutor;Colisão lateral mesmo sentido;Com Vítimas Feridas;Pleno dia;Decrescente;Céu Claro;Múltipla;Reta;Sim;3;0;2;0;1;0;2;2;-23,14217525;-45,76535225;SPRF-SP;DEL02-SP;UOP01-DEL02-SP
698909;18/06/2025;quarta-feira;08:50:00;PB;230;144,5;CAMPINA GRANDE;Animais na Pista;Colisão traseira;Com Vítimas Feridas;Pleno dia;Crescente;Chuva;Dupla;"Declive;Curva";Sim;4;0;2;0;2;0;2;2;-7,252836;-35,838843;SPRF-PB;DEL02-PB;UOP01-DEL02-PB
698912;18/06/2025;quarta-feira;11:00:00;SP;116;228;SAO PAULO;Reação tardia ou ineficiente do condutor;Colisão traseira;Com Vítimas Feridas;Pleno dia;Crescente;Céu Claro;Múltipla;"Em Obras;Reta";Sim;3;0;1;1;1;0;2;2;-23,502569;-46,566044;SPRF-SP;DEL01-SP;UOP01-DEL01-SP
698913;18/06/2025;quarta-feira;10:30:00;MG;116;816,1;ALEM PARAIBA;Acessar a via sem observar a presença dos outros veículos;Colisão transversal;Com Vítimas Feridas;Pleno dia;Decrescente;Céu Claro;Simples;"Curva;Aclive";Sim;2;0;0;1;1;0;1;2;-21,865533;-42,671455;SPRF-MG;DEL07-MG;UOP01-DEL07-MG
698915;18/06/2025;quarta-feira;11:38:00;TO;153;143;ARAGUAINA;Acessar a via sem observar a presença dos outros veículos;Colisão transversal;Com Vítimas Feridas;Pleno dia;Crescente;Céu Claro;Dupla;Reta;Sim;3;0;1;0;2;0;1;2;-7,19297603;-48,23517323;SPRF-TO;DEL02-TO;UOP01-DEL02-TO
698916;18/06/2025;quarta-feira;08:43:00;RJ;465;15;SEROPEDICA;Retorno proibido;Colisão transversal;Com Vítimas Feridas;Pleno dia;Decrescente;Céu Claro;Simples;Reta;Não;3;0;2;0;1;0;2;2;-22,80813719;-43,63415146;SPRF-RJ;DEL06-RJ;UOP02-DEL06-RJ
698917;18/06/2025;quarta-feira;07:29:00;SC;470;66,9;INDAIAL;Reação tardia ou ineficiente do condutor;Colisão com objeto;Com Vítimas Feridas;Pleno dia;Decrescente;Céu Claro;Simples;"Declive;Em Obras;Reta";Sim;1;0;0;1;0;0;1;1;-26,8719223;-49,2305415;SPRF-SC;DEL04-SC;UOP01-DEL04-SC
698921;18/06/2025;quarta-feira;11:30:00;MG;381;533;ITAGUARA;Ausência de reação do condutor;Colisão traseira;Com Vítimas Feridas;Pleno dia;Crescente;Céu Claro;Dupla;Curva;Não;3;0;1;0;2;0;1;3;-20,3266105;-44,4561692;SPRF-MG;DEL04-MG;UOP03-DEL04-MG
698922;18/06/2025;quarta-feira;12:00:00;MG;40;800;MATIAS BARBOSA;Objeto estático sobre o leito carroçável;Colisão com objeto;Com Vítimas Feridas;Pleno dia;Decrescente;Céu Claro;Dupla;Aclive;Não;1;0;1;0;0;0;1;1;-21,82638502;-43,37453842;SPRF-MG;DEL05-MG;UOP01-DEL05-MG
698923;13/06/2025;sexta-feira;23:11:00;PR;369;137;IBIPORA;Manobra de mudança de faixa;Colisão lateral mesmo sentido;Com Vítimas Feridas;Plena Noite;Crescente;Céu Claro;Simples;"Reta;Interseção de Vias";Sim;2;0;1;0;0;1;1;2;-23,27116783;-51,04859289;SPRF-PR;DEL07-PR;UOP01-DEL07-PR
698925;13/05/2025;terça-feira;14:50:00;PI;343;3;TERESINA;Condutor deixou de manter distância do veículo da frente;Engavetamento;Sem Vítimas;Pleno dia;Crescente;Céu Claro;Dupla;Reta;Sim;4;0;0;0;4;0;0;3;-5,08085358;-42,78021365;SPRF-PI;DEL01-PI;UOP01-DEL01-PI
698926;18/06/2025;quarta-feira;12:30:00;GO;414;440;ANAPOLIS;Manobra de mudança de faixa;Colisão lateral mesmo sentido;Com Vítimas Feridas;Pleno dia;Crescente;Céu Claro;Simples;"Viaduto;Rotatória";Sim;2;0;1;0;1;0;1;2;-16,2871924;-48,94397056;SPRF-GO;DEL02-GO;UOP01-DEL02-GO
698927;12/05/2025;segunda-feira;08:40:00;RS;290;95;PORTO ALEGRE;Condutor deixou de manter distância do veículo da frente;Colisão traseira;Com Vítimas Feridas;Pleno dia;Crescente;Céu Claro;Dupla;Reta;Sim;2;0;1;0;1;0;1;2;-29,98345729;-51,20215255;SPRF-RS;DEL01-RS;UOP01-DEL01-RS
698928;18/06/2025;quarta-feira;09:30:00;PR;369;370,9;MAMBORE;Acessar a via sem observar a presença dos outros veículos;Colisão transversal;Com Vítimas Feridas;Pleno dia;Decrescente;Céu Claro;Simples;Curva;Não;3;0;1;0;2;0;1;2;-24,27322;-52,51225;SPRF-PR;DEL04-PR;UOP03-DEL04-PR
698930;18/06/2025;quarta-feira;11:50:00;PR;369;174,6;ROLANDIA;Ausência de reação do condutor;Atropelamento de Pedestre;Com Vítimas Feridas;Pleno dia;Crescente;Sol;Simples;"Reta;Interseção de Vias";Sim;3;0;2;0;0;1;2;2;-23,31937337;-51,38045953;SPRF-PR;DEL07-PR;UOP01-DEL07-PR
698932;31/05/2025;sábado;09:20:00;PA;316;93;SAO FRANCISCO DO PARA;Ausência de reação do condutor;Atropelamento de Pedestre;Com Vítimas Feridas;Pleno dia;Decrescente;Céu Claro;Simples;Reta;Não;2;0;0;1;1;0;1;2;-1,32576644;-47,65714288;SPRF-PA;DEL01-PA;UOP02-DEL01-PA
698933;18/06/2025;quarta-feira;10:30:00;GO;60;410;RIO VERDE;Reação tardia ou ineficiente do condutor;Saída de leito carroçável;Com Vítimas Feridas;Pleno dia;Decrescente;Céu Claro;Dupla;Reta;Não;1;0;1;0;0;0;1;1;-17,817537;-51,15534;SPRF-GO;DEL04-GO;UOP02-DEL04-GO
698934;18/06/2025;quarta-feira;13:20:00;SP;381;37;ATIBAIA;Condutor deixou de manter distância do veículo da frente;Queda de ocupante de veículo;Com Vítimas Feridas;Pleno dia;Crescente;Céu Claro;Dupla;"Reta;Declive";Sim;1;0;1;0;0;0;1;1;-23,10394896;-46,56862155;SPRF-SP;DEL03-SP;UOP01-DEL03-SP
698935;18/06/2025;quarta-feira;10:30:00;RJ;40;117;DUQUE DE CAXIAS;Reação tardia ou ineficiente do condutor;Tombamento;Com Vítimas Feridas;Pleno dia;Crescente;Céu Claro;Múltipla;Reta;Sim;1;0;1;0;0;0;1;1;-22,747177;-43,288033;SPRF-RJ;DEL01-RJ;UOP02-DEL01-RJ
698938;18/06/2025;quarta-feira;13:40:00;SP;381;88;GUARULHOS;Demais falhas mecânicas ou elétricas;Queda de ocupante de veículo;Com Vítimas Feridas;Pleno dia;Decrescente;Céu Claro;Dupla;Reta;Não;2;0;1;1;0;0;2;1;-23,4787348;-46,5600076;SPRF-SP;DEL03-SP;UOP01-DEL03-SP
698939;18/06/2025;quarta-feira;08:25:00;CE;116;11;FORTALEZA;Ingestão de álcool pelo condutor;Incêndio;Sem Vítimas;Pleno dia;Decrescente;Sol;Dupla;Curva;Sim;1;0;0;0;1;0;0;1;-3,849373;-38,495932;SPRF-CE;DEL01-CE;UOP02-DEL01-CE
698940;18/06/2025;quarta-feira;13:30:00;ES;101;29,5;PINHEIROS;Ausência de reação do condutor;Colisão traseira;Com Vítimas Feridas;Pleno dia;Crescente;Céu Claro;Simples;"Declive;Reta";Não;4;0;1;3;0;0;4;1;-18,406237;-39,937727;SPRF-ES;DEL04-ES;UOP02-DEL04-ES
698941;18/06/2025;quarta-feira;13:10:00;SC;101;215,5;PALHOCA;Acessar a via sem observar a presença dos outros veículos;Colisão transversal;Com Vítimas Feridas;Pleno dia;Decrescente;Nublado;Dupla;Interseção de Vias;Sim;2;0;0;1;1;0;1;2;-27,656156;-48,678193;SPRF-SC;DEL01-SC;UOP02-DEL01-SC
698942;18/06/2025;quarta-feira;09:45:00;MG;262;366;JUATUBA;Trafegar com motocicleta (ou similar) entre as faixas;Tombamento;Com Vítimas Feridas;Pleno dia;Decrescente;Céu Claro;Dupla;"Reta;Aclive";Não;1;0;1;0;0;0;1;1;-19,97358701;-44,31617325;SPRF-MG;DEL01-MG;UOP03-DEL01-MG
698943;14/01/2025;terça-feira;11:20:00;PI;135;297,2;CRISTINO CASTRO;Acesso irregular;Colisão traseira;Com Vítimas Feridas;Pleno dia;Crescente;Nublado;Simples;Reta;Não;5;0;1;2;1;1;3;3;-8,69779185;-44,08943712;SPRF-PI;DEL03-PI;UOP02-DEL03-PI
698945;18/06/2025;quarta-feira;14:17:00;RN;226;4;NATAL;Chuva;Tombamento;Com Vítimas Feridas;Pleno dia;Decrescente;Nublado;Simples;Curva;Não;1;0;1;0;0;0;1;1;-5,8191434;-35,2627269;SPRF-RN;DEL01-RN;UOP02-DEL01-RN
698946;18/06/2025;quarta-feira;09:15:00;MG;116;391;GOVERNADOR VALADARES;Condutor Dormindo;Saída de leito carroçável;Com Vítimas Feridas;Pleno dia;Decrescente;Céu Claro;Simples;Reta;Não;2;0;2;0;0;0;2;1;-18,9059152;-41,9493979;SPRF-MG;DEL06-MG;UOP01-DEL06-MG
698947;18/06/2025;quarta-feira;10:45:00;BA;116;608;IRAJUBA;Chuva;Saída de leito carroçável;Com Vítimas Feridas;Pleno dia;Crescente;Nublado;Simples;Curva;Não;1;0;1;0;0;0;1;1;-13,30619;-40,02622;SPRF-BA;DEL03-BA;UOP02-DEL03-BA
698949;17/05/2025;sábado;19:20:00;AP;210;8,9;MACAPA;Reação tardia ou ineficiente do condutor;Colisão frontal;Com Vítimas Feridas;Plena Noite;Decrescente;Garoa/Chuvisco;Simples;Curva;Não;3;0;2;1;0;0;3;2;0,11337315;-51,12708485;SPRF-AP;DEL01-AP;UOP01-DEL01-AP
698951;14/06/2025;sábado;07:10:00;BA;407;113;JAGUARARI;Acumulo de areia ou detritos sobre o pavimento;Eventos atípicos;Sem Vítimas;Pleno dia;Decrescente;Céu Claro;Simples;Reta;Não;1;0;0;0;1;0;0;1;-10,3557099;-40,16896248;SPRF-BA;DEL04-BA;UOP01-DEL04-BA
698954;15/06/2025;domingo;01:50:00;RJ;101;296;ITABORAI;Transitar na contramão;Colisão frontal;Com Vítimas Feridas;Plena Noite;Crescente;Céu Claro;Dupla;Reta;Sim;3;0;1;1;1;0;2;2;-22,76806962;-42,91641712;SPRF-RJ;DEL02-RJ;UOP02-DEL02-RJ
698958;18/06/2025;quarta-feira;15:20:00;DF;20;6;BRASILIA;Manobra de mudança de faixa;Colisão traseira;Com Vítimas Feridas;Pleno dia;Crescente;Céu Claro;Dupla;Reta;Sim;2;0;1;0;1;0;1;2;-15,6636058;-47,8026868;SPRF-DF;DEL02-DF;UOP01-DEL02-DF
698959;18/06/2025;quarta-feira;14:30:00;PB;230;13;CABEDELO;Acessar a via sem observar a presença dos outros veículos;Colisão lateral mesmo sentido;Sem Vítimas;Pleno dia;Decrescente;Céu Claro;Dupla;Reta;Não;2;0;0;0;2;0;0;2;-7,085488;-34,848665;SPRF-PB;DEL01-PB;UOP01-DEL01-PB
698963;18/06/2025;quarta-feira;15:30:00;RJ;101;314;SAO GONCALO;Reação tardia ou ineficiente do condutor;Colisão traseira;Com Vítimas Feridas;Pleno dia;Decrescente;Céu Claro;Dupla;Reta;Sim;3;0;1;0;2;0;1;2;-22,8198169;-43,0813019;SPRF-RJ;DEL02-RJ;UOP02-DEL02-RJ
698966;18/06/2025;quarta-feira;16:13:00;MA;135;11;SAO LUIS;Manobra de mudança de faixa;Colisão lateral mesmo sentido;Com Vítimas Feridas;Pleno dia;Decrescente;Céu Claro;Dupla;Reta;Sim;2;0;1;0;1;0;1;2;-2,670719;-44,290365;SPRF-MA;DEL01-MA;UOP01-DEL01-MA
698967;18/06/2025;quarta-feira;14:50:00;MG;262;505,7;LUZ;Ausência de reação do condutor;Saída de leito carroçável;Com Vítimas Feridas;Pleno dia;Decrescente;Sol;Simples;Reta;Não;1;0;1;0;0;0;1;1;-19,772659;-45,521056;SPRF-MG;DEL08-MG;UOP03-DEL08-MG
698968;18/06/2025;quarta-feira;14:40:00;RN;405;100;ITAU;Condutor deixou de manter distância do veículo da frente;Engavetamento;Com Vítimas Feridas;Pleno dia;Crescente;Céu Claro;Simples;Reta;Não;3;0;1;0;2;0;1;3;-5,797848;-37,929548;SPRF-RN;DEL04-RN;UOP02-DEL04-RN
698969;18/06/2025;quarta-feira;15:30:00;DF;70;4;BRASILIA;Acessar a via sem observar a presença dos outros veículos;Colisão transversal;Com Vítimas Feridas;Pleno dia;Decrescente;Céu Claro;Simples;"Reta;Declive";Não;2;0;0;1;1;0;1;2;-15,730281;-48,113726;SPRF-DF;DEL03-DF;UOP02-DEL03-DF
698970;18/06/2025;quarta-feira;17:00:00;RS;158;175,7;PEJUCARA;Reação tardia ou ineficiente do condutor;Saída de leito carroçável;Com Vítimas Fatais;Anoitecer;Decrescente;Chuva;Simples;Reta;Não;1;1;0;0;0;0;0;1;-28,47996721;-53,54769453;SPRF-RS;DEL10-RS;UOP02-DEL10-RS
698972;18/06/2025;quarta-feira;11:15:00;PR;277;226,1;TEIXEIRA SOARES;Ausência de reação do condutor;Saída de leito carroçável;Com Vítimas Feridas;Pleno dia;Decrescente;Céu Claro;Simples;Reta;Não;1;0;1;0;0;0;1;1;-25,453692;-50,444783;SPRF-PR;DEL08-PR;UOP02-DEL08-PR
698974;18/06/2025;quarta-feira;16:00:00;RS;290;95;PORTO ALEGRE;Chuva;Colisão com objeto;Com Vítimas Feridas;Pleno dia;Decrescente;Chuva;Dupla;"Curva;Declive";Não;1;0;1;0;0;0;1;1;-29,99913488;-51,20620251;SPRF-RS;DEL01-RS;UOP01-DEL01-RS
698976;18/06/2025;quarta-feira;17:17:00;MS;419;16;DOURADOS;Conversão proibida;Colisão frontal;Com Vítimas Feridas;Pleno dia;Crescente;Sol;Simples;Reta;Não;2;0;2;0;0;0;2;2;-22,31037871;-54,5895195;SPRF-MS;DEL06-MS;UOP02-DEL06-MS
698977;18/06/2025;quarta-feira;16:00:00;ES;101;239,9;SERRA;Falta de elemento de contenção que evite a saída do leito carroçável;Capotamento;Sem Vítimas;Pleno dia;Decrescente;Céu Claro;Simples;Reta;Não;1;0;0;0;0;1;0;1;-20,02819355;-40,39878845;SPRF-ES;DEL02-ES;UOP01-DEL02-ES
698978;18/06/2025;quarta-feira;17:15:00;MG;381;486;BETIM;Ausência de reação do condutor;Colisão traseira;Com Vítimas Feridas;Anoitecer;Crescente;Céu Claro;Dupla;"Reta;Aclive";Sim;2;0;1;0;1;0;1;2;-19,95611915;-44,10803461;SPRF-MG;DEL01-MG;UOP03-DEL01-MG
698979;22/05/2025;quinta-feira;10:00:00;RJ;116;175;SAO JOAO DE MERITI;Trafegar com motocicleta (ou similar) entre as faixas;Colisão lateral mesmo sentido;Com Vítimas Feridas;Pleno dia;Decrescente;Céu Claro;Múltipla;Reta;Sim;4;0;1;0;2;1;1;2;-22,7894744;-43,3728981;SPRF-RJ;DEL06-RJ;UOP01-DEL06-RJ
698980;18/06/2025;quarta-feira;17:30:00;SP;116;108;TAUBATE;Trafegar com motocicleta (ou similar) entre as faixas;Colisão lateral mesmo sentido;Com Vítimas Feridas;Anoitecer;Decrescente;Céu Claro;Múltipla;Reta;Sim;2;0;1;0;1;0;1;2;-23,01890289;-45,53132093;SPRF-SP;DEL02-SP;UOP02-DEL02-SP
698981;18/06/2025;quarta-feira;17:50:00;RJ;101;199;CASIMIRO DE ABREU;Entrada inopinada do pedestre;Atropelamento de Pedestre;Com Vítimas Fatais;Plena Noite;Decrescente;Céu Claro;Dupla;Curva;Não;4;1;1;1;0;1;2;2;-22,4896266;-42,1340308;SPRF-RJ;DEL08-RJ;UOP04-DEL08-RJ
698982;18/06/2025;quarta-feira;17:05:00;PR;376;2;MANDAGUARI;Acessar a via sem observar a presença dos outros veículos;Colisão transversal;Com Vítimas Feridas;Pleno dia;Decrescente;Céu Claro;Simples;Reta;Sim;3;0;2;0;1;0;2;2;-23,51394118;-51,70114517;SPRF-PR;DEL09-PR;UOP01-DEL09-PR
698983;18/06/2025;quarta-feira;18:00:00;ES;101;259;SERRA;Ausência de reação do condutor;Tombamento;Com Vítimas Feridas;Plena Noite;Decrescente;Céu Claro;Simples;Reta;Não;1;0;1;0;0;0;1;1;-20,13230003;-40,29399557;SPRF-ES;DEL02-ES;UOP01-DEL02-ES
698985;18/06/2025;quarta-feira;17:30:00;SP;116;282,8;ITAPECERICA DA SERRA;Velocidade Incompatível;Queda de ocupante de veículo;Com Vítimas Feridas;Plena Noite;Decrescente;Céu Claro;Dupla;Reta;Sim;2;0;1;0;1;0;1;2;-23,7002977;-46,8689851;SPRF-SP;DEL04-SP;UOP01-DEL04-SP
698986;18/06/2025;quarta-feira;18:15:00;PR;277;722;FOZ DO IGUACU;Desrespeitar a preferência no cruzamento;Colisão transversal;Com Vítimas Feridas;Plena Noite;Crescente;Céu Claro;Dupla;"Reta;Retorno Regulamentado";Sim;4;0;2;0;2;0;2;3;-25,49379796;-54,51828003;SPRF-PR;DEL05-PR;UOP03-DEL05-PR
698987;18/06/2025;quarta-feira;18:05:00;SC;280;231,7;CANOINHAS;Acessar a via sem observar a presença dos outros veículos;Colisão transversal;Com Vítimas Feridas;Anoitecer;Decrescente;Céu Claro;Dupla;"Reta;Interseção de Vias";Sim;3;0;1;0;1;1;1;3;-26,18995987;-50,3785579;SPRF-SC;DEL06-SC;UOP04-DEL06-SC
698988;25/05/2025;domingo;08:00:00;PE;232;137;CARUARU;Acumulo de água sobre o pavimento;Tombamento;Com Vítimas Feridas;Pleno dia;Crescente;Chuva;Simples;Reta;Não;1;0;1;0;0;0;1;1;-8,316127;-36,05114;SPRF-PE;DEL02-PE;UOP01-DEL02-PE
698989;18/06/2025;quarta-feira;18:15:00;GO;60;92;ANAPOLIS;Reação tardia ou ineficiente do condutor;Tombamento;Com Vítimas Feridas;Plena Noite;Decrescente;Céu Claro;Dupla;Reta;Sim;1;0;1;0;0;0;1;1;-16,347622;-48,907803;SPRF-GO;DEL02-GO;UOP01-DEL02-GO
698990;18/06/2025;quarta-feira;17:45:00;MA;135;7;SAO LUIS;Ausência de reação do condutor;Colisão transversal;Com Vítimas Feridas;Pleno dia;Crescente;Céu Claro;Dupla;"Reta;Interseção de Vias;Retorno Regulamentado";Sim;5;0;0;1;4;0;1;2;-2,64196183;-44,27284241;SPRF-MA;DEL01-MA;UOP01-DEL01-MA
698992;18/06/2025;quarta-feira;15:30:00;PR;376;330;ORTIGUEIRA;Condutor deixou de manter distância do veículo da frente;Colisão traseira;Com Vítimas Feridas;Pleno dia;Crescente;Céu Claro;Dupla;Reta;Não;5;0;0;1;2;2;1;3;-24,09092823;-51,04857445;SPRF-PR;DEL07-PR;UOP02-DEL07-PR
698995;18/06/2025;quarta-feira;18:20:00;RJ;101;404;ITAGUAI;Objeto estático sobre o leito carroçável;Queda de ocupante de veículo;Com Vítimas Feridas;Plena Noite;Decrescente;Céu Claro;Dupla;Reta;Sim;1;0;1;0;0;0;1;1;-22,86264305;-43,79515399;SPRF-RJ;DEL03-RJ;UOP01-DEL03-RJ
698996;18/06/2025;quarta-feira;19:00:00;PB;101;86,5;JOAO PESSOA;Condutor deixou de manter distância do veículo da frente;Colisão traseira;Com Vítimas Feridas;Plena Noite;Crescente;Chuva;Dupla;"Reta;Interseção de Vias";Sim;3;0;1;0;2;0;1;2;-7,15537255;-34,90746489;SPRF-PB;DEL01-PB;UOP01-DEL01-PB
698998;18/06/2025;quarta-feira;19:00:00;MG;381;869,1;POUSO ALEGRE;Acessar a via sem observar a presença dos outros veículos;Colisão traseira;Com Vítimas Feridas;Plena Noite;Decrescente;Céu Claro;Dupla;"Reta;Declive";Não;3;0;1;1;1;0;2;2;-22,3973323;-45,9598516;SPRF-MG;DEL16-MG;UOP01-DEL16-MG
698999;18/06/2025;quarta-feira;18:15:00;PI;343;10;PARNAIBA;Acessar a via sem observar a presença dos outros veículos;Colisão transversal;Com Vítimas Feridas;Plena Noite;Crescente;Nublado;Simples;Reta;Sim;3;0;2;0;1;0;2;2;-2,91804684;-41,77205086;SPRF-PI;DEL05-PI;UOP01-DEL05-PI
699000;18/06/2025;quarta-feira;19:20:00;PB;101;85;BAYEUX;Condutor deixou de manter distância do veículo da frente;Tombamento;Com Vítimas Feridas;Anoitecer;Decrescente;Chuva;Múltipla;Reta;Sim;1;0;1;0;0;0;1;1;-7,1479823;-34,9158428;SPRF-PB;DEL01-PB;UOP01-DEL01-PB
699001;18/06/2025;quarta-feira;19:10:00;SC;101;131;CAMBORIU;Ausência de sinalização;Colisão transversal;Com Vítimas Feridas;Plena Noite;Crescente;Céu Claro;Simples;"Reta;Interseção de Vias";Sim;2;0;0;1;1;0;1;2;-26,99529792;-48,65846721;SPRF-SC;DEL04-SC;UOP03-DEL04-SC
699002;18/06/2025;quarta-feira;17:30:00;SC;101;141;BALNEARIO CAMBORIU;Reação tardia ou ineficiente do condutor;Tombamento;Sem Vítimas;Pleno dia;Crescente;Céu Claro;Dupla;"Reta;Túnel";Não;1;0;0;0;1;0;0;1;-27,05389416;-48,59838573;SPRF-SC;DEL04-SC;UOP03-DEL04-SC
699003;18/06/2025;quarta-feira;19:15:00;SC;101;206,8;SAO JOSE;Condutor deixou de manter distância do veículo da frente;Colisão traseira;Com Vítimas Feridas;Plena Noite;Decrescente;Nublado;Múltipla;Reta;Sim;2;0;1;0;0;1;1;2;-27,59007038;-48,61825436;SPRF-SC;DEL01-SC;UOP01-DEL01-SC
699004;18/06/2025;quarta-feira;19:00:00;PR;277;81;CURITIBA;Acessar a via sem observar a presença dos outros veículos;Tombamento;Com Vítimas Feridas;Plena Noite;Decrescente;Nublado;Dupla;Reta;Sim;3;0;2;0;0;1;2;2;-25,461964;-49,219038;SPRF-PR;DEL01-PR;UOP07-DEL01-PR
699007;18/06/2025;quarta-feira;17:15:00;PR;277;119,5;CAMPO LARGO;Ausência de reação do condutor;Atropelamento de Pedestre;Com Vítimas Feridas;Anoitecer;Crescente;Céu Claro;Dupla;"Reta;Aclive";Não;2;0;2;0;0;0;2;2;-25,44708423;-49,47659536;SPRF-PR;DEL03-PR;UOP03-DEL03-PR
699008;18/06/2025;quarta-feira;19:18:00;PR;116;126;FAZENDA RIO GRANDE;Manobra de mudança de faixa;Colisão lateral sentido oposto;Com Vítimas Feridas;Plena Noite;Decrescente;Céu Claro;Múltipla;"Reta;Interseção de Vias";Sim;2;0;1;0;1;0;1;2;-25,64079566;-49,31302277;SPRF-PR;DEL01-PR;UOP03-DEL01-PR
699009;18/06/2025;quarta-feira;18:45:00;PR;376;347;ORTIGUEIRA;Estacionar ou parar em local proibido;Colisão traseira;Com Vítimas Feridas;Anoitecer;Decrescente;Céu Claro;Simples;Curva;Não;4;0;2;1;1;0;3;2;-24,187429;-50,960884;SPRF-PR;DEL07-PR;UOP02-DEL07-PR
699010;18/06/2025;quarta-feira;19:15:00;SC;282;1,8;FLORIANOPOLIS;Manobra de mudança de faixa;Colisão lateral mesmo sentido;Com Vítimas Feridas;Plena Noite;Crescente;Céu Claro;Múltipla;Reta;Sim;3;0;2;0;1;0;2;2;-27,603491;-48,586897;SPRF-SC;DEL01-SC;UOP01-DEL01-SC
699011;18/06/2025;quarta-feira;19:30:00;RS;116;151;CAXIAS DO SUL;Ausência de reação do condutor;Atropelamento de Pedestre;Com Vítimas Feridas;Anoitecer;Crescente;Chuva;Dupla;Reta;Sim;2;0;1;0;1;0;1;2;-29,17713;-51,162098;SPRF-RS;DEL05-RS;UOP01-DEL05-RS
699012;18/06/2025;quarta-feira;19:10:00;PB;230;10;CABEDELO;Reação tardia ou ineficiente do condutor;Tombamento;Com Vítimas Feridas;Plena Noite;Decrescente;Chuva;Dupla;"Reta;Em Obras";Sim;1;0;1;0;0;0;1;1;-7,0585541;-34,8506137;SPRF-PB;DEL01-PB;UOP01-DEL01-PB
699013;18/06/2025;quarta-feira;19:00:00;SP;116;149;SAO JOSE DOS CAMPOS;Condutor deixou de manter distância do veículo da frente;Colisão traseira;Com Vítimas Feridas;Plena Noite;Decrescente;Céu Claro;Dupla;Reta;Sim;3;0;3;0;0;0;3;2;-23,21453681;-45,89396954;SPRF-SP;DEL02-SP;UOP01-DEL02-SP
699014;18/06/2025;quarta-feira;19:40:00;PR;116;120;CURITIBA;Ausência de reação do condutor;Colisão lateral mesmo sentido;Com Vítimas Feridas;Plena Noite;Crescente;Céu Claro;Dupla;Reta;Não;2;0;1;0;1;0;1;2;-25,58725877;-49,31461684;SPRF-PR;DEL01-PR;UOP03-DEL01-PR
699020;18/06/2025;quarta-feira;17:25:00;CE;116;7;FORTALEZA;Transitar no Acostamento;Colisão transversal;Com Vítimas Feridas;Pleno dia;Crescente;Céu Claro;Múltipla;Reta;Sim;4;0;2;1;1;0;3;2;-3,813548;-38,5013;SPRF-CE;DEL01-CE;UOP02-DEL01-CE