id;data_inversa;dia_semana;horario;uf;br;km;municipio;causa_acidente;tipo_acidente;classificacao_acidente;fase_dia;sentido_via;condicao_metereologica;tipo_pista;tracado_via;uso_solo;pessoas;mortos;feridos_leves;feridos_graves;ilesos;ignorados;feridos;veiculos;latitude;longitude;regional;delegacia;uop
699022;18/06/2025;quarta-feira;18:30:00;MT;163;840;SINOP;Conversão proibida;Colisão lateral sentido oposto;Com Vítimas Feridas;Anoitecer;Crescente;Céu Claro;Simples;Reta;Não;2;0;0;1;1;0;1;2;-11,8134038;-55,48279736;SPRF-MT;DEL06-MT;UOP02-DEL06-MT
699023;18/06/2025;quarta-feira;19:31:00;PB;101;120;CAAPORA;Demais falhas mecânicas ou elétricas;Incêndio;Sem Vítimas;Pleno dia;Decrescente;Chuva;Dupla;Reta;Não;1;0;0;0;1;0;0;1;-7,435793;-34,973588;SPRF-PB;DEL01-PB;UOP01-DEL01-PB
699025;18/06/2025;quarta-feira;19:00:00;GO;60;208;GUAPO;Demais falhas mecânicas ou elétricas;Incêndio;Sem Vítimas;Anoitecer;Decrescente;Céu Claro;Dupla;Reta;Não;1;0;0;0;0;1;0;1;-16,934917;-49,669181;SPRF-GO;DEL01-GO;UOP02-DEL01-GO
699026;18/06/2025;quarta-feira;20:30:00;SP;116;225;GUARULHOS;Manobra de mudança de faixa;Colisão traseira;Com Vítimas Feridas;Plena Noite;Crescente;Nublado;Múltipla;"Reta;Em Obras";Não;2;0;1;0;1;0;1;2;-23,4868644;-46,5430262;SPRF-SP;DEL01-SP;UOP01-DEL01-SP
699028;18/06/2025;quarta-feira;20:10:00;SP;116;228;SAO PAULO;Reação tardia ou ineficiente do condutor;Colisão com objeto;Com Vítimas Feridas;Plena Noite;Crescente;Céu Claro;Múltipla;Reta;Sim;2;0;1;0;1;0;1;1;-23,506431;-46,57046;SPRF-SP;DEL01-SP;UOP01-DEL01-SP
699029;18/06/2025;quarta-feira;20:00:00;MG;116;414,5;GOVERNADOR VALADARES;Desrespeitar a preferência no cruzamento;Colisão transversal;Com Vítimas Feridas;Pleno dia;Decrescente;Chuva;Simples;Retorno Regulamentado;Sim;2;0;0;1;1;0;1;2;-18,9059152;-41,9493979;SPRF-MG;DEL06-MG;UOP01-DEL06-MG
699031;18/06/2025;quarta-feira;20:39:00;SC;101;331,7;TUBARAO;Desrespeitar a preferência no cruzamento;Colisão transversal;Com Vítimas Feridas;Plena Noite;Crescente;Céu Claro;Simples;Rotatória;Sim;2;0;1;0;1;0;1;2;-28,46599813;-48,99544923;SPRF-SC;DEL02-SC;UOP01-DEL02-SC
699033;18/06/2025;quarta-feira;21:15:00;SC;101;168;TIJUCAS;Demais falhas mecânicas ou elétricas;Incêndio;Sem Vítimas;Plena Noite;Crescente;Céu Claro;Dupla;Reta;Não;1;0;0;0;1;0;0;1;-27,27699239;-48,63149341;SPRF-SC;DEL04-SC;UOP03-DEL04-SC
699034;18/06/2025;quarta-feira;19:30:00;RR;174;413;IRACEMA;Pista esburacada;Queda de ocupante de veículo;Com Vítimas Feridas;Plena Noite;Crescente;Garoa/Chuvisco;Simples;Reta;Não;1;0;0;1;0;0;1;1;2,1834431;-61,0416163;SPRF-RR;DEL01-RR;UOP01-DEL01-RR
699035;18/06/2025;quarta-feira;20:33:00;PR;376;130,9;NOVA ESPERANCA;Transitar na contramão;Colisão frontal;Com Vítimas Fatais;Plena Noite;Crescente;Céu Claro;Dupla;Reta;Não;3;1;0;1;0;1;1;3;-23,174298;-52,236355;SPRF-PR;DEL09-PR;UOP02-DEL09-PR
699038;18/06/2025;quarta-feira;16:40:00;MG;381;773,9;CAMPANHA;Pista Escorregadia;Colisão com objeto;Com Vítimas Feridas;Pleno dia;Decrescente;Céu Claro;Dupla;Reta;Não;1;0;1;0;0;0;1;1;-21,785652;-45,435409;SPRF-MG;DEL16-MG;UOP02-DEL16-MG
699040;18/06/2025;quarta-feira;21:30:00;SC;101;168;TIJUCAS;Ingestão de álcool pelo condutor;Colisão lateral mesmo sentido;Com Vítimas Feridas;Plena Noite;Decrescente;Céu Claro;Dupla;Reta;Não;3;0;3;0;0;0;3;2;-27,27593481;-48,63128185;SPRF-SC;DEL04-SC;UOP03-DEL04-SC
699042;18/06/2025;quarta-feira;18:30:00;MT;163;842;SINOP;Acessar a via sem observar a presença dos outros veículos;Colisão traseira;Com Vítimas Feridas;Plena Noite;Crescente;Céu Claro;Simples;Reta;Sim;5;0;4;0;1;0;4;2;-11,81290547;-55,48266292;SPRF-MT;DEL06-MT;UOP02-DEL06-MT
699043;18/06/2025;quarta-feira;02:00:00;SP;459;10,2;PIQUETE;Curva acentuada;Saída de leito carroçável;Com Vítimas Fatais;Plena Noite;Crescente;Ignorado;Simples;"Curva;Declive";Não;4;2;1;1;0;0;2;1;-22,59040133;-45,18283082;SPRF-SP;DEL08-SP;UOP02-DEL08-SP
699045;18/06/2025;quarta-feira;20:00:00;PB;230;151,8;CAMPINA GRANDE;Sinalização mal posicionada;Queda de ocupante de veículo;Com Vítimas Feridas;Plena Noite;Crescente;Garoa/Chuvisco;Simples;Reta;Não;2;0;2;0;0;0;2;2;-7,268128;-35,886354;SPRF-PB;DEL02-PB;UOP01-DEL02-PB
699049;18/06/2025;quarta-feira;20:34:00;RO;364;608;ITAPUA DO OESTE;Acessar a via sem observar a presença dos outros veículos;Colisão transversal;Com Vítimas Feridas;Plena Noite;Crescente;Céu Claro;Simples;Reta;Não;7;0;4;0;2;1;4;2;-9,14827451;-63,23178738;SPRF-RO;DEL01-RO;UOP04-DEL01-RO
699050;18/06/2025;quarta-feira;21:48:00;CE;116;13;FORTALEZA;Velocidade Incompatível;Colisão traseira;Com Vítimas Feridas;Plena Noite;Decrescente;Céu Claro;Múltipla;Reta;Não;2;0;1;0;1;0;1;2;-3,85780851;-38,49634521;SPRF-CE;DEL01-CE;UOP02-DEL01-CE
699052;18/06/2025;quarta-feira;22:20:00;SE;101;88;NOSSA SENHORA DO SOCORRO;Ausência de reação do condutor;Queda de ocupante de veículo;Com Vítimas Feridas;Plena Noite;Crescente;Céu Claro;Simples;"Declive;Reta";Não;1;0;0;1;0;0;1;1;-10,87759137;-37,13385042;SPRF-SE;DEL01-SE;UOP01-DEL01-SE
699053;18/06/2025;quarta-feira;21:20:00;SC;116;32,2;ITAIOPOLIS;Reação tardia ou ineficiente do condutor;Saída de leito carroçável;Com Vítimas Feridas;Plena Noite;Crescente;Céu Claro;Simples;Reta;Não;3;0;2;1;0;0;3;1;-26,323;-49,981;SPRF-SC;DEL06-SC;UOP01-DEL06-SC
699057;18/06/2025;quarta-feira;09:30:00;MG;381;456;BELO HORIZONTE;Conversão proibida;Colisão transversal;Com Vítimas Feridas;Plena Noite;Crescente;Céu Claro;Simples;Reta;Não;3;0;1;2;0;0;3;2;-19,84102777;-43,88520708;SPRF-MG;DEL01-MG;UOP01-DEL01-MG
699058;18/06/2025;quarta-feira;21:40:00;PE;101;83,4;JABOATAO DOS GUARARAPES;Iluminação deficiente;Colisão traseira;Com Vítimas Fatais;Plena Noite;Crescente;Chuva;Simples;Reta;Sim;2;1;0;0;1;0;0;2;-8,17699884;-34,94496703;SPRF-PE;DEL01-PE;UOP01-DEL01-PE
699059;18/06/2025;quarta-feira;22:20:00;SC;101;215,8;PALHOCA;Conversão proibida;Colisão traseira;Com Vítimas Feridas;Plena Noite;Crescente;Nublado;Múltipla;Interseção de Vias;Sim;2;0;0;1;1;0;1;2;-27,65856436;-48,67811163;SPRF-SC;DEL01-SC;UOP02-DEL01-SC
699060;18/06/2025;quarta-feira;22:40:00;ES;101;69;SAO MATEUS;Transitar na contramão;Colisão frontal;Com Vítimas Feridas;Plena Noite;Crescente;Céu Claro;Simples;Reta;Não;2;0;0;2;0;0;2;2;-18,742992;-39,861523;SPRF-ES;DEL04-ES;UOP02-DEL04-ES
699061;18/06/2025;quarta-feira;20:04:00;RJ;40;115;DUQUE DE CAXIAS;Reação tardia ou ineficiente do condutor;Tombamento;Com Vítimas Feridas;Plena Noite;Decrescente;Nublado;Múltipla;Reta;Sim;1;0;1;0;0;0;1;1;-22,72805714;-43,28890085;SPRF-RJ;DEL01-RJ;UOP02-DEL01-RJ
699062;18/06/2025;quarta-feira;18:30:00;SC;116;263,7;CAPAO ALTO;Animais na Pista;Atropelamento de Animal;Com Vítimas Feridas;Plena Noite;Decrescente;Nublado;Simples;"Declive;Reta";Não;1;0;1;0;0;0;1;1;-27,930128;-50,45777;SPRF-SC;DEL05-SC;UOP02-DEL05-SC
699063;18/06/2025;quarta-feira;20:35:00;PR;373;172,1;PONTA GROSSA;Acessar a via sem observar a presença dos outros veículos;Colisão lateral mesmo sentido;Sem Vítimas;Plena Noite;Decrescente;Céu Claro;Dupla;Reta;Sim;3;0;0;0;3;0;0;2;-25,080832;-50,194136;SPRF-PR;DEL03-PR;UOP01-DEL03-PR
699065;18/06/2025;quarta-feira;23:30:00;BA;324;515;FEIRA DE SANTANA;Ultrapassagem Indevida;Colisão frontal;Com Vítimas Fatais;Plena Noite;Decrescente;Céu Claro;Simples;Reta;Sim;2;1;0;0;1;0;0;2;-12,23822;-38,940637;SPRF-BA;DEL02-BA;UOP01-DEL02-BA
699066;18/06/2025;quarta-feira;23:00:00;DF;70;4;BRASILIA;Ausência de reação do condutor;Queda de ocupante de veículo;Com Vítimas Feridas;Plena Noite;Crescente;Céu Claro;Dupla;Reta;Sim;1;0;1;0;0;0;1;1;-15,79737;-48,09037;SPRF-DF;DEL03-DF;UOP02-DEL03-DF
699067;18/06/2025;quarta-feira;21:30:00;RS;290;181;MINAS DO LEAO;Condutor deixou de manter distância do veículo da frente;Colisão traseira;Com Vítimas Feridas;Plena Noite;Decrescente;Chuva;Simples;Reta;Não;9;0;8;0;1;0;8;3;-30,140067;-52,0232;SPRF-RS;DEL02-RS;UOP03-DEL02-RS
699068;18/06/2025;quarta-feira;23:30:00;RS;470;154;NOVA PRATA;Ingestão de álcool pelo condutor;Colisão frontal;Com Vítimas Feridas;Plena Noite;Crescente;Chuva;Simples;"Declive;Rotatória";Sim;3;0;2;1;0;0;3;2;-28,77010993;-51,619418;SPRF-RS;DEL06-RS;UOP02-DEL06-RS
699069;18/06/2025;quarta-feira;23:45:00;GO;153;437;ANAPOLIS;Velocidade Incompatível;Saída de leito carroçável;Sem Vítimas;Plena Noite;Crescente;Céu Claro;Dupla;"Desvio Temporário;Em Obras;Declive;Curva";Sim;1;0;0;0;0;1;0;1;-16,299;-48,928;SPRF-GO;DEL02-GO;UOP01-DEL02-GO
699070;18/06/2025;quarta-feira;23:00:00;PA;316;28,1;BENEVIDES;Ausência de reação do condutor;Colisão traseira;Com Vítimas Feridas;Plena Noite;Crescente;Nublado;Dupla;Reta;Não;4;0;2;0;2;0;2;2;-1,310399;-48,220872;SPRF-PA;DEL01-PA;UOP01-DEL01-PA
699072;19/06/2025;quinta-feira;00:10:00;MT;70;511;CUIABA;Condutor deixou de manter distância do veículo da frente;Colisão traseira;Com Vítimas Feridas;Plena Noite;Crescente;Céu Claro;Simples;Reta;Não;2;0;1;0;0;1;1;2;-15,69898898;-56,11201429;SPRF-MT;DEL01-MT;UOP02-DEL01-MT
699073;19/06/2025;quinta-feira;02:18:00;RJ;101;321;NITEROI;Reação tardia ou ineficiente do condutor;Queda de ocupante de veículo;Com Vítimas Feridas;Plena Noite;Decrescente;Céu Claro;Múltipla;Reta;Sim;1;0;1;0;0;0;1;1;-22,87008766;-43,10990906;SPRF-RJ;DEL02-RJ;UOP01-DEL02-RJ
699074;19/06/2025;quinta-feira;01:05:00;MT;163;756;SORRISO;Velocidade Incompatível;Colisão com objeto;Com Vítimas Feridas;Plena Noite;Crescente;Céu Claro;Dupla;"Curva;Retorno Regulamentado";Sim;1;0;0;1;0;0;1;1;-12,52843381;-55,7039237;SPRF-MT;DEL06-MT;UOP01-DEL06-MT
699075;19/06/2025;quinta-feira;02:10:00;RN;101;96;NATAL;Ausência de reação do condutor;Colisão com objeto;Com Vítimas Feridas;Plena Noite;Decrescente;Chuva;Múltipla;Reta;Sim;1;0;1;0;0;0;1;1;-5,8529803;-35,2115734;SPRF-RN;DEL01-RN;UOP01-DEL01-RN
699076;18/06/2025;quarta-feira;20:20:00;MT;174;374;CONQUISTA DOESTE;Objeto estático sobre o leito carroçável;Colisão com objeto;Com Vítimas Feridas;Plena Noite;Crescente;Céu Claro;Simples;Declive;Não;5;0;5;0;0;0;5;1;-14,5907;-59,5159;SPRF-MT;DEL04-MT;UOP01-DEL04-MT
699077;19/06/2025;quinta-feira;01:20:00;SE;101;93,8;NOSSA SENHORA DO SOCORRO;Velocidade Incompatível;Saída de leito carroçável;Com Vítimas Feridas;Plena Noite;Crescente;Chuva;Dupla;Curva;Sim;1;0;0;1;0;0;1;1;-10,90469466;-37,14904396;SPRF-SE;DEL01-SE;UOP01-DEL01-SE
699078;19/06/2025;quinta-feira;02:45:00;PI;343;341,4;TERESINA;Ausência de reação do condutor;Queda de ocupante de veículo;Com Vítimas Feridas;Plena Noite;Crescente;Céu Claro;Múltipla;Rotatória;Sim;1;0;1;0;0;0;1;1;-5,0566415;-42,6841323;SPRF-PI;DEL01-PI;UOP01-DEL01-PI
699079;19/06/2025;quinta-feira;01:05:00;MT;70;278;PRIMAVERA DO LESTE;Acesso irregular;Colisão frontal;Com Vítimas Feridas;Plena Noite;Decrescente;Céu Claro;Simples;Reta;Sim;2;0;0;1;1;0;1;2;-15,5588655;-54,28748041;SPRF-MT;DEL05-MT;UOP01-DEL05-MT
699080;19/06/2025;quinta-feira;03:15:00;PR;277;71;SAO JOSE DOS PINHAIS;Condutor Dormindo;Saída de leito carroçável;Sem Vítimas;Plena Noite;Crescente;Céu Claro;Dupla;Reta;Sim;1;0;0;0;1;0;0;1;-25,51277928;-49,12504139;SPRF-PR;DEL01-PR;UOP07-DEL01-PR
699081;19/06/2025;quinta-feira;02:00:00;SC;282;629,8;DESCANSO;Ingestão de álcool pelo condutor;Colisão com objeto;Sem Vítimas;Plena Noite;Crescente;Chuva;Simples;"Reta;Ponte";Não;1;0;0;0;1;0;0;1;-26,82153642;-53,38354898;SPRF-SC;DEL07-SC;UOP03-DEL07-SC
699082;19/06/2025;quinta-feira;04:20:00;SC;101;154;PORTO BELO;Velocidade Incompatível;Saída de leito carroçável;Sem Vítimas;Plena Noite;Crescente;Céu Claro;Dupla;Reta;Não;1;0;0;0;0;1;0;1;-27,14396805;-48,61068785;SPRF-SC;DEL04-SC;UOP03-DEL04-SC
699085;19/06/2025;quinta-feira;03:40:00;MG;262;802,4;UBERABA;Manobra de mudança de faixa;Colisão com objeto;Sem Vítimas;Plena Noite;Decrescente;Céu Claro;Dupla;Reta;Sim;1;0;0;0;1;0;0;1;-19,77163065;-47,91086197;SPRF-MG;DEL13-MG;UOP01-DEL13-MG
699086;19/06/2025;quinta-feira;04:44:00;CE;116;11,1;FORTALEZA;Ingestão de álcool pelo condutor;Colisão traseira;Com Vítimas Feridas;Amanhecer;Crescente;Céu Claro;Dupla;Reta;Sim;3;0;1;2;0;0;3;2;-3,84455821;-38,49853992;SPRF-CE;DEL01-CE;UOP02-DEL01-CE
699087;19/06/2025;quinta-feira;04:40:00;TO;153;502;PARAISO DO TOCANTINS;Ausência de reação do condutor;Colisão traseira;Com Vítimas Feridas;Plena Noite;Crescente;Céu Claro;Simples;Reta;Não;2;0;1;0;0;1;1;2;-10,22412944;-48,87564182;SPRF-TO;DEL01-TO;UOP01-DEL01-TO
699088;19/06/2025;quinta-feira;05:00:00;SC;163;69,7;SAO MIGUEL DO OESTE;Velocidade Incompatível;Saída de leito carroçável;Com Vítimas Feridas;Plena Noite;Decrescente;Chuva;Dupla;"Declive;Reta";Sim;1;0;1;0;0;0;1;1;-26,73627811;-53,50429773;SPRF-SC;DEL07-SC;UOP03-DEL07-SC
699091;19/06/2025;quinta-feira;04:35:00;PI;316;8;TERESINA;Ausência de reação do condutor;Colisão com objeto;Com Vítimas Fatais;Amanhecer;Crescente;Céu Claro;Dupla;Reta;Não;2;1;1;0;0;0;1;1;-5,183912;-42,763372;SPRF-PI;DEL01-PI;UOP02-DEL01-PI
699092;19/06/2025;quinta-feira;05:24:00;PI;316;15,6;TERESINA;Condutor Dormindo;Saída de leito carroçável;Com Vítimas Feridas;Amanhecer;Decrescente;Céu Claro;Dupla;Reta;Não;1;0;1;0;0;0;1;1;-5,23734859;-42,74110079;SPRF-PI;DEL01-PI;UOP02-DEL01-PI
699095;19/06/2025;quinta-feira;04:30:00;PE;407;126;PETROLINA;Estacionar ou parar em local proibido;Colisão traseira;Sem Vítimas;Amanhecer;Crescente;Céu Claro;Dupla;Reta;Sim;4;0;0;0;4;0;0;2;-9,386232;-40,526895;SPRF-PE;DEL06-PE;UOP01-DEL06-PE
699096;19/06/2025;quinta-feira;03:10:00;RR;174;527;BOA VISTA;Ingestão de álcool pelo condutor;Colisão lateral sentido oposto;Sem Vítimas;Plena Noite;Decrescente;Céu Claro;Simples;Reta;Não;2;0;0;0;2;0;0;2;3,097991;-60,819318;SPRF-RR;DEL01-RR;UOP01-DEL01-RR
699097;19/06/2025;quinta-feira;05:20:00;MG;40;520,6;CONTAGEM;Animais na Pista;Tombamento;Com Vítimas Feridas;Amanhecer;Crescente;Céu Claro;Dupla;Reta;Não;1;0;1;0;0;0;1;1;-19,85591153;-44,07269478;SPRF-MG;DEL01-MG;UOP02-DEL01-MG
699098;19/06/2025;quinta-feira;06:15:00;SC;101;197;BIGUACU;Ingestão de álcool pelo condutor;Capotamento;Com Vítimas Feridas;Amanhecer;Decrescente;Nublado;Simples;Reta;Sim;1;0;1;0;0;0;1;1;-27,51639;-48,639048;SPRF-SC;DEL01-SC;UOP01-DEL01-SC
699100;19/06/2025;quinta-feira;04:00:00;MS;262;693,2;CORUMBA;Ausência de reação do condutor;Saída de leito carroçável;Com Vítimas Feridas;Plena Noite;Crescente;Nublado;Simples;Reta;Não;3;0;0;1;2;0;1;1;-19,563664;-57,314422;SPRF-MS;DEL03-MS;UOP03-DEL03-MS
699103;19/06/2025;quinta-feira;05:50:00;SC;282;308;VARGEM;Chuva;Colisão com objeto;Com Vítimas Feridas;Amanhecer;Crescente;Chuva;Simples;Curva;Não;1;0;0;1;0;0;1;1;-27,49310801;-50,97132079;SPRF-SC;DEL07-SC;UOP06-DEL07-SC
699104;19/06/2025;quinta-feira;07:00:00;SP;116;118;TAUBATE;Condutor deixou de manter distância do veículo da frente;Engavetamento;Com Vítimas Feridas;Pleno dia;Decrescente;Céu Claro;Múltipla;Reta;Sim;4;0;1;0;3;0;1;3;-23,06188543;-45,62484741;SPRF-SP;DEL02-SP;UOP02-DEL02-SP
699105;19/06/2025;quinta-feira;07:00:00;SP;116;228;SAO PAULO;Deficiência do Sistema de Iluminação/Sinalização;Colisão com objeto;Com Vítimas Feridas;Amanhecer;Crescente;Céu Claro;Múltipla;"Reta;Aclive;Em Obras";Sim;1;0;1;0;0;0;1;1;-23,506381;-46,570478;SPRF-SP;DEL01-SP;UOP01-DEL01-SP
699106;18/06/2025;quarta-feira;19:50:00;RJ;101;66;CAMPOS DOS GOYTACAZES;Velocidade Incompatível;Queda de ocupante de veículo;Sem Vítimas;Plena Noite;Decrescente;Céu Claro;Simples;Curva;Não;1;0;0;0;1;0;0;1;-21,83581561;-41,42089218;SPRF-RJ;DEL08-RJ;UOP02-DEL08-RJ
699107;19/06/2025;quinta-feira;06:55:00;SC;101;117;ITAJAI;Reação tardia ou ineficiente do condutor;Colisão traseira;Com Vítimas Feridas;Pleno dia;Decrescente;Nublado;Múltipla;Reta;Sim;2;0;1;0;1;0;1;2;-26,8885454;-48,72196198;SPRF-SC;DEL04-SC;UOP04-DEL04-SC
699108;19/06/2025;quinta-feira;06:30:00;PR;376;269;MARILANDIA DO SUL;Ingestão de álcool pelo condutor;Saída de leito carroçável;Com Vítimas Feridas;Amanhecer;Decrescente;Céu Claro;Dupla;Reta;Não;1;0;1;0;0;0;1;1;-23,734185;-51,282788;SPRF-PR;DEL07-PR;UOP02-DEL07-PR
699109;19/06/2025;quinta-feira;07:30:00;PR;376;175;MARINGA;Ingestão de álcool pelo condutor;Colisão lateral mesmo sentido;Com Vítimas Feridas;Pleno dia;Crescente;Céu Claro;Múltipla;Reta;Sim;2;0;1;0;1;0;1;2;-23,4127683;-51,94468975;SPRF-PR;DEL09-PR;UOP01-DEL09-PR
699110;19/06/2025;quinta-feira;06:00:00;MG;365;468,6;PATROCINIO;Ultrapassagem Indevida;Colisão frontal;Com Vítimas Fatais;Amanhecer;Crescente;Céu Claro;Simples;"Declive;Reta";Não;4;2;2;0;0;0;2;2;-18,90546339;-46,96323819;SPRF-MG;DEL10-MG;UOP01-DEL10-MG
699111;19/06/2025;quinta-feira;07:00:00;PI;316;7;TERESINA;Condutor deixou de manter distância do veículo da frente;Colisão traseira;Com Vítimas Feridas;Pleno dia;Decrescente;Céu Claro;Múltipla;"Reta;Aclive";Sim;5;0;4;1;0;0;5;2;-5,1540035;-42,7722449;SPRF-PI;DEL01-PI;UOP02-DEL01-PI
699112;19/06/2025;quinta-feira;07:00:00;SC;282;2,5;FLORIANOPOLIS;Reação tardia ou ineficiente do condutor;Colisão lateral mesmo sentido;Sem Vítimas;Pleno dia;Crescente;Garoa/Chuvisco;Múltipla;Reta;Sim;2;0;0;0;2;0;0;2;-27,60292314;-48,59211087;SPRF-SC;DEL01-SC;UOP01-DEL01-SC
699113;19/06/2025;quinta-feira;07:50:00;SP;116;127;CACAPAVA;Reação tardia ou ineficiente do condutor;Colisão traseira;Com Vítimas Feridas;Pleno dia;Decrescente;Céu Claro;Dupla;Reta;Sim;3;0;2;0;1;0;2;2;-23,10488485;-45,69497859;SPRF-SP;DEL02-SP;UOP02-DEL02-SP
699115;19/06/2025;quinta-feira;05:10:00;RJ;101;84;CAMPOS DOS GOYTACAZES;Acesso irregular;Colisão transversal;Com Vítimas Feridas;Pleno dia;Decrescente;Céu Claro;Dupla;Reta;Não;3;0;2;0;1;0;2;2;-21,83582691;-41,4209333;SPRF-RJ;DEL08-RJ;UOP02-DEL08-RJ
699116;21/05/2025;quarta-feira;17:30:00;SC;101;26;JOINVILLE;Ausência de reação do condutor;Colisão lateral mesmo sentido;Sem Vítimas;Pleno dia;Decrescente;Chuva;Múltipla;"Interseção de Vias;Rotatória";Não;3;0;0;0;3;0;0;2;-26,20319407;-48,91456604;SPRF-SC;DEL03-SC;UOP01-DEL03-SC
699123;19/06/2025;quinta-feira;06:29:00;RO;364;341;JI-PARANA;Acessar a via sem observar a presença dos outros veículos;Colisão lateral mesmo sentido;Com Vítimas Feridas;Pleno dia;Decrescente;Céu Claro;Simples;Interseção de Vias;Sim;2;0;1;0;1;0;1;2;-10,89259435;-61,93074401;SPRF-RO;DEL02-RO;UOP01-DEL02-RO
699124;19/06/2025;quinta-feira;08:25:00;ES;101;292;CARIACICA;Acessar a via sem observar a presença dos outros veículos;Colisão com objeto;Sem Vítimas;Pleno dia;Decrescente;Céu Claro;Simples;Reta;Sim;2;0;0;0;1;1;0;2;-20,30675;-40,395132;SPRF-ES;DEL01-ES;UOP01-DEL01-ES
699125;19/06/2025;quinta-feira;08:10:00;RS;448;22;PORTO ALEGRE;Ausência de reação do condutor;Colisão com objeto;Com Vítimas Feridas;Pleno dia;Crescente;Garoa/Chuvisco;Simples;Curva;Não;1;0;1;0;0;0;1;1;-29,97397024;-51,19869232;SPRF-RS;DEL01-RS;UOP01-DEL01-RS
699126;19/06/2025;quinta-feira;08:30:00;SP;116;115;TAUBATE;Reação tardia ou ineficiente do condutor;Tombamento;Com Vítimas Feridas;Pleno dia;Decrescente;Céu Claro;Múltipla;Reta;Sim;1;0;1;0;0;0;1;1;-23,0501182;-45,60072899;SPRF-SP;DEL02-SP;UOP02-DEL02-SP
699127;19/06/2025;quinta-feira;08:15:00;MG;40;530;CONTAGEM;Acessar a via sem observar a presença dos outros veículos;Colisão transversal;Com Vítimas Feridas;Pleno dia;Crescente;Céu Claro;Dupla;Retorno Regulamentado;Sim;2;0;1;0;1;0;1;2;-19,919497;-44,02628;SPRF-MG;DEL01-MG;UOP02-DEL01-MG
699128;19/06/2025;quinta-feira;08:50:00;MG;381;578,5;ITAGUARA;Reação tardia ou ineficiente do condutor;Saída de leito carroçável;Com Vítimas Feridas;Pleno dia;Decrescente;Céu Claro;Dupla;Reta;Não;1;0;1;0;0;0;1;1;-20,4829843;-44,5899868;SPRF-MG;DEL04-MG;UOP01-DEL04-MG
699129;19/06/2025;quinta-feira;08:56:00;TO;153;153;ARAGUAINA;Ausência de reação do condutor;Saída de leito carroçável;Com Vítimas Feridas;Pleno dia;Crescente;Céu Claro;Simples;Reta;Não;1;0;1;0;0;0;1;1;-7,251024;-48,256664;SPRF-TO;DEL02-TO;UOP01-DEL02-TO
699130;19/06/2025;quinta-feira;08:15:00;SC;282;49,8;AGUAS MORNAS;Reação tardia ou ineficiente do condutor;Saída de leito carroçável;Com Vítimas Feridas;Pleno dia;Crescente;Nublado;Simples;"Aclive;Curva";Não;3;0;1;0;2;0;1;1;-27,7091;-48,9507;SPRF-SC;DEL01-SC;UOP03-DEL01-SC
699131;19/06/2025;quinta-feira;08:30:00;MG;50;19;UBERLANDIA;Manobra de mudança de faixa;Colisão traseira;Com Vítimas Feridas;Pleno dia;Crescente;Céu Claro;Dupla;Reta;Sim;2;0;0;1;1;0;1;2;-18,9311;-48,1961;SPRF-MG;DEL15-MG;UOP02-DEL15-MG
699133;19/06/2025;quinta-feira;08:38:00;PE;408;83;SAO LOURENCO DA MATA;Reação tardia ou ineficiente do condutor;Saída de leito carroçável;Com Vítimas Feridas;Pleno dia;Decrescente;Nublado;Dupla;"Aclive;Curva";Não;1;0;1;0;0;0;1;1;-7,97256;-35,08372;SPRF-PE;DEL01-PE;UOP01-DEL01-PE
699137;19/06/2025;quinta-feira;09:45:00;BA;324;515;FEIRA DE SANTANA;Pedestre cruzava a pista fora da faixa;Atropelamento de Pedestre;Com Vítimas Fatais;Pleno dia;Crescente;Céu Claro;Simples;Reta;Sim;2;1;0;0;1;0;0;2;-12,24151581;-38,93795997;SPRF-BA;DEL02-BA;UOP01-DEL02-BA
699139;19/06/2025;quinta-feira;08:00:00;MA;10;251;IMPERATRIZ;Fumaça;Incêndio;Sem Vítimas;Pleno dia;Crescente;Céu Claro;Simples;Reta;Não;1;0;0;0;1;0;0;1;-5,540132;-47,466227;SPRF-MA;DEL04-MA;UOP01-DEL04-MA
699141;19/06/2025;quinta-feira;09:05:00;RO;364;275,1;CACOAL;Objeto estático sobre o leito carroçável;Saída de leito carroçável;Com Vítimas Feridas;Pleno dia;Decrescente;Céu Claro;Simples;Reta;Não;4;0;1;0;3;0;1;1;-11,388343;-61,760343;SPRF-RO;DEL02-RO;UOP02-DEL02-RO
699142;19/06/2025;quinta-feira;10:20:00;RN;110;48,5;MOSSORO;Condutor deixou de manter distância do veículo da frente;Colisão traseira;Com Vítimas Feridas;Pleno dia;Decrescente;Nublado;Dupla;Reta;Sim;2;0;1;0;1;0;1;2;-5,21200018;-37,33201504;SPRF-RN;DEL04-RN;UOP01-DEL04-RN
699143;19/06/2025;quinta-feira;09:50:00;GO;414;387;CORUMBA DE GOIAS;Ultrapassagem Indevida;Colisão frontal;Com Vítimas Fatais;Pleno dia;Crescente;Céu Claro;Simples;"Curva;Declive";Não;5;1;3;0;1;0;3;2;-15,87360057;-48,78463459;SPRF-GO;DEL02-GO;UOP01-DEL02-GO
699144;19/06/2025;quinta-feira;07:00:00;MG;262;742,7;PERDIZES;Acessar a via sem observar a presença dos outros veículos;Colisão lateral mesmo sentido;Com Vítimas Feridas;Pleno dia;Crescente;Céu Claro;Simples;Reta;Não;3;0;2;0;1;0;2;2;-19,611846;-47,404014;SPRF-MG;DEL08-MG;UOP01-DEL08-MG