id;data_inversa;dia_semana;horario;uf;br;km;municipio;causa_acidente;tipo_acidente;classificacao_acidente;fase_dia;sentido_via;condicao_metereologica;tipo_pista;tracado_via;uso_solo;pessoas;mortos;feridos_leves;feridos_graves;ilesos;ignorados;feridos;veiculos;latitude;longitude;regional;delegacia;uop
699145;19/06/2025;quinta-feira;08:50:00;PR;277;697;SAO MIGUEL DO IGUACU;Avarias e/ou desgaste excessivo no pneu;Tombamento;Com Vítimas Feridas;Pleno dia;Crescente;Nublado;Dupla;Reta;Não;2;0;2;0;0;0;2;1;-25,39321907;-54,30616943;SPRF-PR;DEL05-PR;UOP01-DEL05-PR
699146;19/06/2025;quinta-feira;10:00:00;SP;116;220;GUARULHOS;Ausência de reação do condutor;Colisão traseira;Com Vítimas Feridas;Pleno dia;Crescente;Céu Claro;Múltipla;Reta;Sim;2;0;1;0;1;0;1;2;-23,46365587;-46,49592027;SPRF-SP;DEL01-SP;UOP01-DEL01-SP
699147;19/06/2025;quinta-feira;10:30:00;SP;116;64;GUARATINGUETA;Condutor deixou de manter distância do veículo da frente;Colisão traseira;Com Vítimas Feridas;Pleno dia;Crescente;Nublado;Dupla;Reta;Sim;5;0;1;0;4;0;1;4;-22,82019841;-45,18720675;SPRF-SP;DEL08-SP;UOP01-DEL08-SP
699148;18/06/2025;quarta-feira;20:30:00;BA;407;152,9;FILADELFIA;Ausência de reação do condutor;Colisão lateral sentido oposto;Com Vítimas Feridas;Plena Noite;Crescente;Nublado;Simples;Reta;Não;4;0;1;0;3;0;1;2;-10,68843;-40,12577;SPRF-BA;DEL04-BA;UOP01-DEL04-BA
699149;19/06/2025;quinta-feira;11:15:00;SP;116;55,3;LORENA;Ausência de reação do condutor;Colisão traseira;Com Vítimas Feridas;Pleno dia;Crescente;Céu Claro;Dupla;Reta;Não;3;0;2;0;1;0;2;2;-22,765197;-45,12535;SPRF-SP;DEL08-SP;UOP02-DEL08-SP
699150;19/06/2025;quinta-feira;11:00:00;MG;40;699,9;BARBACENA;Manobra de mudança de faixa;Tombamento;Com Vítimas Feridas;Pleno dia;Crescente;Sol;Dupla;Curva;Sim;1;0;0;1;0;0;1;1;-21,20504521;-43,74924729;SPRF-MG;DEL05-MG;UOP02-DEL05-MG
699151;19/06/2025;quinta-feira;10:40:00;SP;116;99,8;PINDAMONHANGABA;Trafegar com motocicleta (ou similar) entre as faixas;Colisão lateral mesmo sentido;Com Vítimas Feridas;Pleno dia;Decrescente;Céu Claro;Dupla;Reta;Não;2;0;1;0;0;1;1;2;-22,989784;-45,4683712;SPRF-SP;DEL08-SP;UOP01-DEL08-SP
699152;19/06/2025;quinta-feira;11:00:00;MG;381;354;JOAO MONLEVADE;Velocidade Incompatível;Tombamento;Com Vítimas Feridas;Pleno dia;Crescente;Céu Claro;Simples;Curva;Não;2;0;2;0;0;0;2;1;-19,84929967;-43,20744753;SPRF-MG;DEL03-MG;UOP01-DEL03-MG
699155;19/06/2025;quinta-feira;11:25:00;SP;116;162;SAO JOSE DOS CAMPOS;Condutor deixou de manter distância do veículo da frente;Engavetamento;Com Vítimas Feridas;Pleno dia;Decrescente;Céu Claro;Dupla;Reta;Não;4;0;1;0;3;0;1;3;-23,28004541;-45,98293304;SPRF-SP;DEL02-SP;UOP01-DEL02-SP
699157;19/06/2025;quinta-feira;11:00:00;MG;365;655,2;MONTE ALEGRE DE MINAS;Ingestão de álcool pelo condutor;Saída de leito carroçável;Com Vítimas Fatais;Pleno dia;Crescente;Céu Claro;Dupla;Reta;Não;4;1;0;3;0;0;3;1;-18,875238;-48,602;SPRF-MG;DEL15-MG;UOP01-DEL15-MG
699158;14/05/2025;quarta-feira;19:00:00;PB;230;39;SANTA RITA;Acumulo de água sobre o pavimento;Saída de leito carroçável;Sem Vítimas;Plena Noite;Decrescente;Chuva;Dupla;"Reta;Declive";Sim;1;0;0;0;0;1;0;1;-7,14201001;-34,97930825;SPRF-PB;DEL01-PB;UOP02-DEL01-PB
699159;19/06/2025;quinta-feira;10:50:00;MS;463;88,5;PONTA PORA;Acessar a via sem observar a presença dos outros veículos;Colisão transversal;Com Vítimas Fatais;Pleno dia;Decrescente;Sol;Simples;"Interseção de Vias;Rotatória";Não;3;1;2;0;0;0;2;2;-22,589276;-55,519311;SPRF-MS;DEL04-MS;UOP03-DEL04-MS
699161;19/06/2025;quinta-feira;06:15:00;MG;381;369;SAO GONCALO DO RIO ABAIXO;Ultrapassagem Indevida;Colisão frontal;Com Vítimas Feridas;Amanhecer;Crescente;Nublado;Simples;"Reta;Declive";Não;8;0;5;0;3;0;5;4;-19,84038112;-43,32144912;SPRF-MG;DEL03-MG;UOP01-DEL03-MG
699163;19/06/2025;quinta-feira;12:10:00;MG;40;573;ITABIRITO;Reação tardia ou ineficiente do condutor;Colisão traseira;Com Vítimas Feridas;Pleno dia;Crescente;Nublado;Dupla;"Declive;Reta";Sim;2;0;1;0;1;0;1;2;-20,243696;-43,965252;SPRF-MG;DEL01-MG;UOP02-DEL01-MG
699164;19/06/2025;quinta-feira;10:10:00;MG;262;445;NOVA SERRANA;Animais na Pista;Colisão traseira;Com Vítimas Feridas;Pleno dia;Crescente;Céu Claro;Simples;Reta;Não;3;0;1;0;2;0;1;3;-19,86311769;-44,99859452;SPRF-MG;DEL08-MG;UOP03-DEL08-MG
699166;15/06/2025;domingo;18:30:00;MG;381;344;JOAO MONLEVADE;Ausência de reação do condutor;Colisão traseira;Com Vítimas Feridas;Anoitecer;Crescente;Céu Claro;Simples;Reta;Não;3;0;1;0;2;0;1;2;-19,85474098;-43,13070774;SPRF-MG;DEL03-MG;UOP01-DEL03-MG
699167;19/06/2025;quinta-feira;12:25:00;SP;116;53,3;LORENA;Reação tardia ou ineficiente do condutor;Colisão traseira;Com Vítimas Feridas;Pleno dia;Crescente;Sol;Dupla;"Declive;Reta";Sim;3;0;3;0;0;0;3;2;-22,75383;-45,109515;SPRF-SP;DEL08-SP;UOP02-DEL08-SP
699169;19/06/2025;quinta-feira;12:50:00;PR;277;687;SAO MIGUEL DO IGUACU;Curva acentuada;Saída de leito carroçável;Com Vítimas Feridas;Pleno dia;Decrescente;Céu Claro;Dupla;Curva;Não;1;0;1;0;0;0;1;1;-25,33889177;-54,19516504;SPRF-PR;DEL05-PR;UOP01-DEL05-PR
699170;19/06/2025;quinta-feira;10:41:00;GO;153;318,7;JARAGUA;Manobra de mudança de faixa;Tombamento;Com Vítimas Feridas;Pleno dia;Decrescente;Sol;Dupla;Reta;Sim;1;0;1;0;0;0;1;1;-15,7319168;-49,332224;SPRF-GO;DEL02-GO;UOP02-DEL02-GO
699171;19/06/2025;quinta-feira;02:00:00;RN;226;228,3;FLORANIA;Condutor Dormindo;Saída de leito carroçável;Sem Vítimas;Anoitecer;Crescente;Céu Claro;Simples;Aclive;Não;1;0;0;0;0;1;0;1;-6,119523;-36,891182;SPRF-RN;DEL03-RN;UOP01-DEL03-RN
699172;19/06/2025;quinta-feira;06:00:00;BA;324;573;SAO SEBASTIAO DO PASSE;Ausência de reação do condutor;Saída de leito carroçável;Com Vítimas Feridas;Amanhecer;Decrescente;Céu Claro;Dupla;Reta;Não;1;0;1;0;0;0;1;1;-12,571818;-38,546111;SPRF-BA;DEL01-BA;UOP01-DEL01-BA
699174;19/06/2025;quinta-feira;13:50:00;SE;235;48,1;ITABAIANA;Mal súbito do condutor;Queda de ocupante de veículo;Com Vítimas Feridas;Pleno dia;Crescente;Céu Claro;Simples;"Aclive;Reta";Sim;1;0;1;0;0;0;1;1;-10,72366204;-37,41387304;SPRF-SE;DEL01-SE;UOP02-DEL01-SE
699176;19/06/2025;quinta-feira;13:12:00;BA;101;372;GANDU;Avarias e/ou desgaste excessivo no pneu;Saída de leito carroçável;Com Vítimas Feridas;Pleno dia;Decrescente;Nublado;Simples;Curva;Não;4;0;1;0;3;0;1;1;-13,7592832;-39,4952704;SPRF-BA;DEL05-BA;UOP03-DEL05-BA
699178;19/06/2025;quinta-feira;14:30:00;BA;324;568;SAO SEBASTIAO DO PASSE;Condutor deixou de manter distância do veículo da frente;Colisão traseira;Com Vítimas Feridas;Pleno dia;Decrescente;Chuva;Dupla;Reta;Não;3;0;2;0;0;1;2;2;-12,542575;-38,584588;SPRF-BA;DEL01-BA;UOP01-DEL01-BA
699180;19/06/2025;quinta-feira;13:15:00;RJ;101;428;MANGARATIBA;Acessar a via sem observar a presença dos outros veículos;Colisão transversal;Com Vítimas Feridas;Pleno dia;Decrescente;Céu Claro;Dupla;Reta;Não;2;0;2;0;0;0;2;2;-22,93556105;-43,99878502;SPRF-RJ;DEL03-RJ;UOP02-DEL03-RJ
699181;19/06/2025;quinta-feira;12:00:00;RJ;116;289;BARRA MANSA;Ausência de reação do condutor;Colisão lateral mesmo sentido;Com Vítimas Feridas;Pleno dia;Crescente;Céu Claro;Dupla;Curva;Não;6;0;0;1;5;0;1;2;-22,48713133;-44,24706873;SPRF-RJ;DEL07-RJ;UOP02-DEL07-RJ
699182;19/06/2025;quinta-feira;13:45:00;PR;376;539,5;PALMEIRA;Reação tardia ou ineficiente do condutor;Saída de leito carroçável;Com Vítimas Feridas;Pleno dia;Decrescente;Sol;Dupla;Reta;Não;1;0;0;1;0;0;1;1;-25,3331;-49,8578;SPRF-PR;DEL03-PR;UOP03-DEL03-PR
699185;19/06/2025;quinta-feira;15:10:00;MG;50;22;ARAGUARI;Reação tardia ou ineficiente do condutor;Capotamento;Com Vítimas Feridas;Pleno dia;Decrescente;Céu Claro;Dupla;"Viaduto;Rotatória";Não;2;0;2;0;0;0;2;1;-18,60469735;-48,04889828;SPRF-MG;DEL15-MG;UOP02-DEL15-MG
699188;19/06/2025;quinta-feira;15:25:00;SC;101;117;ITAJAI;Ausência de reação do condutor;Colisão traseira;Com Vítimas Feridas;Pleno dia;Crescente;Nublado;Dupla;Reta;Não;2;0;1;0;1;0;1;2;-26,888063;-48,722267;SPRF-SC;DEL04-SC;UOP04-DEL04-SC
699189;19/06/2025;quinta-feira;13:35:00;SC;282;494,9;XANXERE;Velocidade Incompatível;Saída de leito carroçável;Com Vítimas Feridas;Pleno dia;Crescente;Chuva;Simples;Curva;Não;2;0;2;0;0;0;2;1;-26,87234;-52,319837;SPRF-SC;DEL07-SC;UOP01-DEL07-SC
699191;19/06/2025;quinta-feira;15:30:00;SE;235;0,3;ARACAJU;Ausência de reação do condutor;Colisão com objeto;Com Vítimas Feridas;Pleno dia;Crescente;Nublado;Múltipla;Reta;Não;1;0;1;0;0;0;1;1;-10,90956;-37,07806;SPRF-SE;DEL01-SE;UOP01-DEL01-SE
699192;19/06/2025;quinta-feira;07:15:00;SC;282;5,5;SAO JOSE;Curva acentuada;Tombamento;Com Vítimas Feridas;Pleno dia;Crescente;Nublado;Simples;Curva;Não;1;0;1;0;0;0;1;1;-27,5846859;-48,61667991;SPRF-SC;DEL01-SC;UOP01-DEL01-SC
699193;19/06/2025;quinta-feira;16:00:00;PI;343;179,6;PIRIPIRI;Manobra de mudança de faixa;Colisão com objeto;Com Vítimas Feridas;Pleno dia;Crescente;Céu Claro;Simples;Curva;Não;4;0;0;4;0;0;4;2;-4,241452;-41,773028;SPRF-PI;DEL02-PI;UOP01-DEL02-PI
699194;19/06/2025;quinta-feira;16:15:00;SP;381;38;ATIBAIA;Acumulo de areia ou detritos sobre o pavimento;Queda de ocupante de veículo;Com Vítimas Feridas;Pleno dia;Crescente;Céu Claro;Simples;Curva;Sim;1;0;1;0;0;0;1;1;-23,1131173;-46,57200231;SPRF-SP;DEL03-SP;UOP01-DEL03-SP
699196;19/06/2025;quinta-feira;16:20:00;ES;101;299,9;VIANA;Condutor desrespeitou a iluminação vermelha do semáforo;Colisão transversal;Com Vítimas Feridas;Pleno dia;Crescente;Céu Claro;Múltipla;"Declive;Reta";Sim;4;0;3;0;1;0;3;2;-20,3571773;-40,43008447;SPRF-ES;DEL01-ES;UOP01-DEL01-ES
699197;19/06/2025;quinta-feira;17:20:00;SC;280;26;ARAQUARI;Condutor deixou de manter distância do veículo da frente;Colisão traseira;Com Vítimas Feridas;Pleno dia;Decrescente;Nublado;Simples;Reta;Sim;2;0;1;0;1;0;1;2;-26,395834;-48,739475;SPRF-SC;DEL03-SC;UOP03-DEL03-SC
699198;19/06/2025;quinta-feira;14:40:00;MG;116;792,8;ALEM PARAIBA;Reação tardia ou ineficiente do condutor;Saída de leito carroçável;Com Vítimas Feridas;Pleno dia;Decrescente;Céu Claro;Simples;Reta;Não;5;0;3;2;0;0;5;1;-21,70783506;-42,72994995;SPRF-MG;DEL07-MG;UOP01-DEL07-MG
699199;19/06/2025;quinta-feira;17:00:00;PR;163;170,7;LINDOESTE;Chuva;Saída de leito carroçável;Com Vítimas Feridas;Pleno dia;Decrescente;Chuva;Dupla;Curva;Não;1;0;1;0;0;0;1;1;-25,22868119;-53,59050192;SPRF-PR;DEL05-PR;UOP05-DEL05-PR
699202;19/06/2025;quinta-feira;17:55:00;RN;406;162,4;SAO GONCALO DO AMARANTE;Pedestre andava na pista;Atropelamento de Pedestre;Com Vítimas Feridas;Plena Noite;Decrescente;Nublado;Simples;"Reta;Aclive";Não;3;0;1;2;0;0;3;2;-5,72873871;-35,36047551;SPRF-RN;DEL02-RN;UOP01-DEL02-RN
699203;19/06/2025;quinta-feira;17:50:00;RN;304;33;MOSSORO;Animais na Pista;Atropelamento de Animal;Com Vítimas Feridas;Anoitecer;Crescente;Céu Claro;Dupla;Reta;Não;1;0;1;0;0;0;1;1;-5,0784865;-37,333111;SPRF-RN;DEL04-RN;UOP02-DEL04-RN
699205;19/06/2025;quinta-feira;14:15:00;GO;60;103,8;GOIANAPOLIS;Avarias e/ou desgaste excessivo no pneu;Tombamento;Com Vítimas Feridas;Pleno dia;Crescente;Céu Claro;Dupla;"Declive;Reta";Não;2;0;2;0;0;0;2;1;-16,41209578;-49,00193162;SPRF-GO;DEL02-GO;UOP01-DEL02-GO
699206;19/06/2025;quinta-feira;16:40:00;RJ;493;17;GUAPIMIRIM;Reação tardia ou ineficiente do condutor;Saída de leito carroçável;Sem Vítimas;Anoitecer;Decrescente;Céu Claro;Simples;Reta;Não;1;0;0;0;1;0;0;1;-22,66960443;-43,01121283;SPRF-RJ;DEL04-RJ;UOP02-DEL04-RJ
699207;19/06/2025;quinta-feira;18:15:00;PR;163;170;LINDOESTE;Velocidade Incompatível;Colisão com objeto;Com Vítimas Feridas;Anoitecer;Decrescente;Chuva;Dupla;"Curva;Aclive";Não;1;0;0;1;0;0;1;1;-25,25322077;-53,5775274;SPRF-PR;DEL05-PR;UOP05-DEL05-PR
699208;19/06/2025;quinta-feira;12:30:00;RJ;101;304;SAO GONCALO;Reação tardia ou ineficiente do condutor;Colisão lateral mesmo sentido;Sem Vítimas;Pleno dia;Decrescente;Céu Claro;Dupla;Reta;Sim;3;0;0;0;3;0;0;2;-22,78504467;-42,9857254;SPRF-RJ;DEL02-RJ;UOP02-DEL02-RJ
699211;19/06/2025;quinta-feira;15:30:00;RO;364;493;ARIQUEMES;Reação tardia ou ineficiente do condutor;Colisão com objeto;Com Vítimas Feridas;Pleno dia;Crescente;Céu Claro;Simples;Reta;Não;1;0;1;0;0;0;1;1;-10,093287;-62,967243;SPRF-RO;DEL03-RO;UOP01-DEL03-RO
699212;19/06/2025;quinta-feira;17:30:00;MT;364;229;JUSCIMEIRA;Reação tardia ou ineficiente do condutor;Saída de leito carroçável;Com Vítimas Feridas;Plena Noite;Crescente;Céu Claro;Dupla;Reta;Não;1;0;1;0;0;0;1;1;-16,10114668;-54,86392558;SPRF-MT;DEL02-MT;UOP01-DEL02-MT
699213;19/06/2025;quinta-feira;17:35:00;BA;367;40;PORTO SEGURO;Demais falhas mecânicas ou elétricas;Tombamento;Com Vítimas Feridas;Anoitecer;Crescente;Céu Claro;Simples;Reta;Não;2;0;2;0;0;0;2;1;-16,387108;-39,207255;SPRF-BA;DEL09-BA;UOP03-DEL09-BA
699214;19/06/2025;quinta-feira;17:10:00;MT;163;755;SORRISO;Manobra de mudança de faixa;Colisão com objeto;Com Vítimas Feridas;Pleno dia;Decrescente;Céu Claro;Dupla;"Declive;Curva";Sim;2;0;1;0;0;1;1;2;-12,52986865;-55,70471764;SPRF-MT;DEL06-MT;UOP01-DEL06-MT
699215;19/06/2025;quinta-feira;18:40:00;RS;116;551;CAPAO DO LEAO;Animais na Pista;Saída de leito carroçável;Com Vítimas Feridas;Plena Noite;Decrescente;Garoa/Chuvisco;Simples;Reta;Não;3;0;3;0;0;0;3;1;-31,86616445;-52,60777936;SPRF-RS;DEL07-RS;UOP03-DEL07-RS
699216;19/06/2025;quinta-feira;18:40:00;ES;259;52;COLATINA;Reação tardia ou ineficiente do condutor;Atropelamento de Pedestre;Com Vítimas Feridas;Plena Noite;Crescente;Céu Claro;Simples;Aclive;Não;2;0;0;2;0;0;2;2;-19,5020411;-40,6241007;SPRF-ES;DEL02-ES;UOP01-DEL02-ES
699217;19/06/2025;quinta-feira;18:15:00;MA;230;405;BALSAS;Acessar a via sem observar a presença dos outros veículos;Colisão transversal;Com Vítimas Feridas;Anoitecer;Decrescente;Céu Claro;Simples;Reta;Sim;3;0;1;0;2;0;1;2;-7,521115;-46,0502;SPRF-MA;DEL05-MA;UOP01-DEL05-MA
699218;19/06/2025;quinta-feira;18:55:00;PI;316;14;TERESINA;Acessar a via sem observar a presença dos outros veículos;Colisão traseira;Com Vítimas Feridas;Plena Noite;Decrescente;Céu Claro;Múltipla;"Retorno Regulamentado;Reta";Não;3;0;2;0;1;0;2;2;-5,21521732;-42,75344521;SPRF-PI;DEL01-PI;UOP02-DEL01-PI
699219;19/06/2025;quinta-feira;18:40:00;BA;324;522;FEIRA DE SANTANA;Pista esburacada;Queda de ocupante de veículo;Com Vítimas Feridas;Plena Noite;Decrescente;Nublado;Dupla;Reta;Sim;1;0;1;0;0;0;1;1;-12,29425053;-38,90557861;SPRF-BA;DEL01-BA;UOP03-DEL01-BA
699221;19/06/2025;quinta-feira;18:45:00;PR;116;163;QUITANDINHA;Reação tardia ou ineficiente do condutor;Colisão traseira;Sem Vítimas;Plena Noite;Crescente;Céu Claro;Simples;Reta;Não;2;0;0;0;2;0;0;2;-25,87274879;-49,46315289;SPRF-PR;DEL01-PR;UOP03-DEL01-PR
699222;19/06/2025;quinta-feira;19:10:00;MG;381;499,5;BETIM;Ausência de reação do condutor;Engavetamento;Sem Vítimas;Anoitecer;Decrescente;Céu Claro;Dupla;Reta;Sim;4;0;0;0;4;0;0;4;-19,99977451;-44,21093401;SPRF-MG;DEL01-MG;UOP03-DEL01-MG
699223;19/06/2025;quinta-feira;20:00:00;SC;470;138;RIO DO SUL;Acessar a via sem observar a presença dos outros veículos;Colisão transversal;Com Vítimas Feridas;Plena Noite;Decrescente;Chuva;Simples;Reta;Sim;2;0;1;0;1;0;1;2;-27,1937909;-49,62386012;SPRF-SC;DEL04-SC;UOP02-DEL04-SC
699225;19/06/2025;quinta-feira;18:30:00;MT;163;849;SINOP;Transitar na contramão;Colisão frontal;Com Vítimas Feridas;Plena Noite;Crescente;Céu Claro;Simples;Reta;Não;3;0;0;3;0;0;3;2;-11,7355;-55,46255;SPRF-MT;DEL06-MT;UOP02-DEL06-MT
699226;19/06/2025;quinta-feira;19:50:00;SP;116;167;JACAREI;Ausência de reação do condutor;Colisão frontal;Com Vítimas Feridas;Plena Noite;Crescente;Céu Claro;Simples;Viaduto;Não;3;0;0;2;1;0;2;2;-23,30140487;-46,02358576;SPRF-SP;DEL02-SP;UOP01-DEL02-SP
699228;19/06/2025;quinta-feira;19:30:00;RJ;101;500;ANGRA DOS REIS;Manobra de mudança de faixa;Colisão transversal;Com Vítimas Feridas;Plena Noite;Decrescente;Céu Claro;Simples;Reta;Sim;2;0;0;1;1;0;1;2;-22,91457909;-44,3464449;SPRF-RJ;DEL03-RJ;UOP03-DEL03-RJ
699232;19/06/2025;quinta-feira;19:30:00;RS;290;409,3;SANTA MARGARIDA DO SUL;Chuva;Saída de leito carroçável;Com Vítimas Feridas;Plena Noite;Crescente;Chuva;Simples;"Em Obras;Reta";Não;4;0;1;3;0;0;4;1;-30,36829824;-54,22352574;SPRF-RS;DEL09-RS;UOP02-DEL09-RS
699233;19/06/2025;quinta-feira;19:49:00;DF;80;3;BRASILIA;Suicídio (presumido);Saída de leito carroçável;Sem Vítimas;Anoitecer;Decrescente;Nublado;Simples;"Declive;Reta";Não;6;0;0;0;0;6;0;2;-15,72972973;-48,18276475;SPRF-DF;DEL03-DF;UOP02-DEL03-DF
699234;19/06/2025;quinta-feira;20:45:00;SP;116;474;JACUPIRANGA;Ausência de reação do condutor;Colisão traseira;Com Vítimas Feridas;Plena Noite;Crescente;Ignorado;Dupla;Reta;Não;2;0;1;0;1;0;1;2;-24,68022411;-47,98261039;SPRF-SP;DEL05-SP;UOP01-DEL05-SP
699235;27/05/2025;terça-feira;06:10:00;MG;381;165;GOVERNADOR VALADARES;Ausência de reação do condutor;Colisão transversal;Com Vítimas Feridas;Amanhecer;Decrescente;Nublado;Simples;Reta;Não;3;0;1;1;1;0;2;2;-18,923815;-42,033091;SPRF-MG;DEL06-MG;UOP01-DEL06-MG
699236;19/06/2025;quinta-feira;21:00:00;RN;304;301;MACAIBA;Ausência de reação do condutor;Queda de ocupante de veículo;Com Vítimas Feridas;Plena Noite;Crescente;Chuva;Dupla;Reta;Sim;1;0;0;1;0;0;1;1;-5,876425;-35,307033;SPRF-RN;DEL01-RN;UOP02-DEL01-RN
699237;19/06/2025;quinta-feira;20:15:00;DF;20;6,2;BRASILIA;Manobra de mudança de faixa;Colisão lateral mesmo sentido;Com Vítimas Feridas;Plena Noite;Decrescente;Céu Claro;Dupla;"Reta;Declive";Sim;3;0;1;0;1;1;1;2;-15,664583;-47,805813;SPRF-DF;DEL02-DF;UOP01-DEL02-DF
699240;19/06/2025;quinta-feira;20:00:00;MS;163;680;RIO VERDE DE MATO GROSSO;Ausência de reação do condutor;Tombamento;Com Vítimas Feridas;Plena Noite;Crescente;Céu Claro;Simples;Reta;Sim;2;0;1;0;1;0;1;1;-18,90765119;-54,84064082;SPRF-MS;DEL06-MS;UOP02-DEL06-MS
699241;19/06/2025;quinta-feira;20:45:00;PR;277;145,7;BALSA NOVA;Ingestão de álcool pelo condutor;Colisão com objeto;Com Vítimas Feridas;Plena Noite;Crescente;Nublado;Dupla;"Declive;Curva";Não;4;0;1;0;3;0;1;1;-25,47518169;-49,72068183;SPRF-PR;DEL03-PR;UOP03-DEL03-PR
699243;19/06/2025;quinta-feira;20:45:00;RJ;493;2;SAO GONCALO;Reação tardia ou ineficiente do condutor;Colisão lateral mesmo sentido;Com Vítimas Feridas;Pleno dia;Crescente;Céu Claro;Simples;Reta;Não;2;0;1;0;1;0;1;2;-22,790144;-43,0309376;SPRF-RJ;DEL02-RJ;UOP02-DEL02-RJ
699244;19/06/2025;quinta-feira;19:30:00;BA;101;848;TEIXEIRA DE FREITAS;Ingestão de álcool pelo condutor;Colisão traseira;Com Vítimas Feridas;Plena Noite;Crescente;Céu Claro;Simples;Reta;Não;2;0;0;1;1;0;1;2;-17,316168;-39,632176;SPRF-BA;DEL09-BA;UOP02-DEL09-BA
699245;19/06/2025;quinta-feira;19:24:00;MT;163;61,9;RONDONOPOLIS;Avarias e/ou desgaste excessivo no pneu;Queda de ocupante de veículo;Com Vítimas Feridas;Plena Noite;Crescente;Céu Claro;Dupla;Reta;Não;2;0;2;0;0;0;2;1;-16,9685;-54,74361;SPRF-MT;DEL02-MT;UOP03-DEL02-MT
699246;19/06/2025;quinta-feira;20:50:00;PA;316;55;CASTANHAL;Acumulo de água sobre o pavimento;Saída de leito carroçável;Com Vítimas Feridas;Plena Noite;Crescente;Nublado;Dupla;Curva;Sim;3;0;0;1;0;2;1;2;-1,30646588;-48,00189614;SPRF-PA;DEL01-PA;UOP01-DEL01-PA
699247;19/06/2025;quinta-feira;19:23:00;AC;364;120;RIO BRANCO;Reação tardia ou ineficiente do condutor;Colisão traseira;Com Vítimas Feridas;Plena Noite;Decrescente;Nublado;Simples;Reta;Não;4;0;0;2;2;0;2;2;-10,012305;-67,755192;SPRF-AC;DEL01-AC;UOP01-DEL01-AC
699248;19/06/2025;quinta-feira;19:20:00;PI;343;169,1;PIRIPIRI;Deficiência do Sistema de Iluminação/Sinalização;Colisão traseira;Com Vítimas Fatais;Plena Noite;Crescente;Céu Claro;Simples;Reta;Não;6;1;0;1;4;0;1;2;-4,1820832;-41,791583;SPRF-PI;DEL02-PI;UOP01-DEL02-PI
699251;19/06/2025;quinta-feira;22:00:00;MG;381;490;BETIM;Ingestão de álcool pelo condutor;Colisão traseira;Com Vítimas Feridas;Plena Noite;Crescente;Céu Claro;Múltipla;"Reta;Aclive";Sim;2;0;1;0;1;0;1;2;-19,9562266;-44,1427237;SPRF-MG;DEL01-MG;UOP03-DEL01-MG
699252;19/06/2025;quinta-feira;21:40:00;MG;116;412;GOVERNADOR VALADARES;Área urbana sem a presença de local apropriado para a travessia de pedestres;Colisão com objeto;Com Vítimas Feridas;Plena Noite;Crescente;Nublado;Múltipla;Reta;Sim;1;0;0;1;0;0;1;1;-18,876332;-41,964333;SPRF-MG;DEL06-MG;UOP01-DEL06-MG
699254;19/06/2025;quinta-feira;20:30:00;PR;373;174;PONTA GROSSA;Ausência de reação do condutor;Colisão traseira;Sem Vítimas;Plena Noite;Decrescente;Ignorado;Dupla;Reta;Sim;2;0;0;0;1;1;0;2;-25,077827;-50,20564;SPRF-PR;DEL03-PR;UOP01-DEL03-PR
699255;19/06/2025;quinta-feira;22:00:00;SC;101;211;SAO JOSE;Reação tardia ou ineficiente do condutor;Colisão com objeto;Com Vítimas Feridas;Plena Noite;Crescente;Garoa/Chuvisco;Múltipla;Reta;Sim;1;0;1;0;0;0;1;1;-27,62329313;-48,65245588;SPRF-SC;DEL01-SC;UOP02-DEL01-SC
699256;19/06/2025;quinta-feira;21:00:00;PR;277;475,6;NOVA LARANJEIRAS;Objeto estático sobre o leito carroçável;Colisão com objeto;Com Vítimas Feridas;Plena Noite;Crescente;Céu Claro;Simples;Curva;Não;5;0;4;0;1;0;4;1;-25,297;-52,571;SPRF-PR;DEL04-PR;UOP02-DEL04-PR
699259;19/06/2025;quinta-feira;21:56:00;PR;277;659;MATELANDIA;Chuva;Saída de leito carroçável;Com Vítimas Feridas;Plena Noite;Crescente;Chuva;Dupla;Curva;Não;2;0;2;0;0;0;2;1;-25,2514858;-53,98389665;SPRF-PR;DEL05-PR;UOP02-DEL05-PR
699260;19/06/2025;quinta-feira;21:45:00;RJ;101;295;ITABORAI;Avarias e/ou desgaste excessivo no pneu;Colisão com objeto;Com Vítimas Feridas;Plena Noite;Crescente;Céu Claro;Dupla;Reta;Sim;1;0;1;0;0;0;1;1;-22,77080002;-42,9253006;SPRF-RJ;DEL02-RJ;UOP02-DEL02-RJ
699263;19/06/2025;quinta-feira;22:00:00;SC;101;155;PORTO BELO;Ingestão de álcool pelo condutor;Saída de leito carroçável;Sem Vítimas;Plena Noite;Decrescente;Chuva;Múltipla;Reta;Sim;1;0;0;0;0;1;0;1;-27,16743445;-48,61125338;SPRF-SC;DEL04-SC;UOP03-DEL04-SC
699264;19/06/2025;quinta-feira;22:45:00;SC;282;5,1;SAO JOSE;Reação tardia ou ineficiente do condutor;Colisão com objeto;Sem Vítimas;Plena Noite;Decrescente;Nublado;Dupla;Curva;Sim;1;0;0;0;1;0;0;1;-27,58359;-48,61812;SPRF-SC;DEL01-SC;UOP01-DEL01-SC