id;data_inversa;dia_semana;horario;uf;br;km;municipio;causa_acidente;tipo_acidente;classificacao_acidente;fase_dia;sentido_via;condicao_metereologica;tipo_pista;tracado_via;uso_solo;pessoas;mortos;feridos_leves;feridos_graves;ilesos;ignorados;feridos;veiculos;latitude;longitude;regional;delegacia;uop
699267;19/06/2025;quinta-feira;20:40:00;SC;280;240,8;CANOINHAS;Ingestão de álcool pelo condutor;Colisão frontal;Com Vítimas Fatais;Plena Noite;Decrescente;Chuva;Simples;Reta;Não;3;1;2;0;0;0;2;2;-26,22063;-50,45654;SPRF-SC;DEL06-SC;UOP04-DEL06-SC
699268;19/06/2025;quinta-feira;16:00:00;AC;364;138;RIO BRANCO;Demais falhas mecânicas ou elétricas;Colisão traseira;Com Vítimas Feridas;Pleno dia;Crescente;Nublado;Dupla;"Reta;Rotatória";Sim;8;0;3;0;5;0;3;6;-9,96007142;-67,85690153;SPRF-AC;DEL01-AC;UOP01-DEL01-AC
699270;19/06/2025;quinta-feira;22:00:00;MS;0;0;IGUATEMI;Animais na Pista;Atropelamento de Animal;Sem Vítimas;Plena Noite;Não Informado;Céu Claro;Dupla;"Reta;Aclive";Não;2;0;0;0;2;0;0;1;-23,70930524;-54,43905294;SPRF-MS;DEL09-MS;UOP02-DEL09-MS
699273;19/06/2025;quinta-feira;23:20:00;MS;158;97,2;PARANAIBA;Ingestão de álcool pelo condutor;Saída de leito carroçável;Sem Vítimas;Plena Noite;Crescente;Céu Claro;Dupla;Reta;Sim;1;0;0;0;1;0;0;1;-19,69448912;-51,18321832;SPRF-MS;DEL08-MS;UOP01-DEL08-MS
699274;19/06/2025;quinta-feira;23:10:00;RS;470;210,9;BENTO GONCALVES;Reação tardia ou ineficiente do condutor;Saída de leito carroçável;Sem Vítimas;Plena Noite;Decrescente;Garoa/Chuvisco;Simples;"Curva;Declive";Não;1;0;0;0;1;0;0;1;-29,13628248;-51,54476015;SPRF-RS;DEL06-RS;UOP01-DEL06-RS
699275;20/06/2025;sexta-feira;00:50:00;RS;290;78,6;GRAVATAI;Chuva;Tombamento;Com Vítimas Feridas;Plena Noite;Crescente;Chuva;Múltipla;Reta;Sim;1;0;1;0;0;0;1;1;-29,95369151;-51,04209198;SPRF-RS;DEL01-RS;UOP01-DEL01-RS
699277;19/06/2025;quinta-feira;20:00:00;RJ;356;26;ITAPERUNA;Acessar a via sem observar a presença dos outros veículos;Colisão transversal;Com Vítimas Feridas;Plena Noite;Decrescente;Céu Claro;Simples;"Reta;Interseção de Vias";Não;2;0;0;1;1;0;1;2;-21,17936654;-41,95384597;SPRF-RJ;DEL08-RJ;UOP03-DEL08-RJ
699278;20/06/2025;sexta-feira;01:37:00;SE;235;44;ITABAIANA;Ausência de reação do condutor;Queda de ocupante de veículo;Com Vítimas Feridas;Plena Noite;Decrescente;Chuva;Simples;Reta;Não;1;0;0;1;0;0;1;1;-10,7418867;-37,40393512;SPRF-SE;DEL01-SE;UOP02-DEL01-SE
699280;20/06/2025;sexta-feira;01:30:00;MG;262;450;NOVA SERRANA;Velocidade Incompatível;Saída de leito carroçável;Com Vítimas Feridas;Plena Noite;Crescente;Céu Claro;Simples;Curva;Não;2;0;2;0;0;0;2;1;-19,851348;-45,027037;SPRF-MG;DEL08-MG;UOP03-DEL08-MG
699282;20/06/2025;sexta-feira;00:10:00;MG;251;454;GRAO MOGOL;Demais falhas mecânicas ou elétricas;Incêndio;Sem Vítimas;Plena Noite;Crescente;Céu Claro;Simples;Reta;Não;1;0;0;0;1;0;0;1;-16,42174496;-43,30771387;SPRF-MG;DEL12-MG;UOP01-DEL12-MG
699283;20/06/2025;sexta-feira;01:00:00;RS;116;246;SAO LEOPOLDO;Ausência de reação do condutor;Colisão com objeto;Com Vítimas Feridas;Plena Noite;Decrescente;Chuva;Dupla;"Ponte;Reta";Sim;8;0;2;1;5;0;3;1;-29,75848919;-51,15188514;SPRF-RS;DEL01-RS;UOP02-DEL01-RS
699284;20/06/2025;sexta-feira;02:00:00;PR;376;209,8;MANDAGUARI;Ausência de reação do condutor;Colisão traseira;Com Vítimas Feridas;Plena Noite;Crescente;Céu Claro;Dupla;Reta;Não;2;0;2;0;0;0;2;2;-23,549;-51,678;SPRF-PR;DEL09-PR;UOP01-DEL09-PR
699285;20/06/2025;sexta-feira;00:10:00;PE;428;149,6;PETROLINA;Animais na Pista;Atropelamento de Animal;Com Vítimas Feridas;Plena Noite;Crescente;Céu Claro;Simples;Reta;Não;1;0;1;0;0;0;1;1;-9,06217521;-40,30661003;SPRF-PE;DEL06-PE;UOP01-DEL06-PE
699287;20/06/2025;sexta-feira;03:20:00;DF;40;3;BRASILIA;Velocidade Incompatível;Tombamento;Sem Vítimas;Plena Noite;Decrescente;Céu Claro;Dupla;"Declive;Reta";Não;2;0;0;0;1;1;0;2;-16,00929;-47,98272;SPRF-DF;DEL01-DF;UOP01-DEL01-DF
699288;20/06/2025;sexta-feira;02:50:00;PE;428;188,9;PETROLINA;Ausência de reação do condutor;Queda de ocupante de veículo;Com Vítimas Feridas;Plena Noite;Decrescente;Nublado;Dupla;Reta;Sim;1;0;1;0;0;0;1;1;-9,3770007;-40,4969186;SPRF-PE;DEL06-PE;UOP01-DEL06-PE
699291;20/06/2025;sexta-feira;04:30:00;PR;277;82;CURITIBA;Transitar na contramão;Colisão frontal;Com Vítimas Feridas;Plena Noite;Crescente;Nublado;Dupla;Reta;Sim;3;0;1;0;2;0;1;2;-25,4534474;-49,2256225;SPRF-PR;DEL01-PR;UOP07-DEL01-PR
699294;19/06/2025;quinta-feira;19:29:00;RO;364;729;PORTO VELHO;Ausência de reação do condutor;Saída de leito carroçável;Com Vítimas Fatais;Plena Noite;Decrescente;Céu Claro;Simples;"Reta;Aclive";Não;1;1;0;0;0;0;0;1;-8,891167;-63,955933;SPRF-RO;DEL01-RO;UOP01-DEL01-RO
699295;20/06/2025;sexta-feira;05:20:00;GO;153;313;RIALMA;Ingestão de álcool pelo condutor;Saída de leito carroçável;Com Vítimas Feridas;Plena Noite;Crescente;Nublado;Simples;"Reta;Interseção de Vias";Não;2;0;1;0;1;0;1;1;-15,41154693;-49,52695727;SPRF-GO;DEL02-GO;UOP02-DEL02-GO
699296;20/06/2025;sexta-feira;06:15:00;BA;101;879,9;TEIXEIRA DE FREITAS;Acessar a via sem observar a presença dos outros veículos;Colisão transversal;Com Vítimas Feridas;Pleno dia;Decrescente;Nevoeiro/Neblina;Simples;"Reta;Interseção de Vias";Sim;2;0;1;0;1;0;1;2;-17,556617;-39,724771;SPRF-BA;DEL09-BA;UOP02-DEL09-BA
699297;20/06/2025;sexta-feira;06:00:00;MG;251;486,2;MONTES CLAROS;Condutor Dormindo;Colisão frontal;Sem Vítimas;Pleno dia;Crescente;Céu Claro;Simples;Reta;Não;2;0;0;0;2;0;0;2;-16,6537052;-43,7179475;SPRF-MG;DEL12-MG;UOP01-DEL12-MG
699298;19/06/2025;quinta-feira;22:00:00;MA;135;2;SAO LUIS;Ausência de reação do condutor;Colisão traseira;Com Vítimas Feridas;Pleno dia;Decrescente;Céu Claro;Dupla;Reta;Sim;2;0;1;0;0;1;1;2;-2,604203;-44,246192;SPRF-MA;DEL01-MA;UOP01-DEL01-MA
699299;19/06/2025;quinta-feira;23:00:00;BA;101;171;FEIRA DE SANTANA;Pedestre cruzava a pista fora da faixa;Atropelamento de Pedestre;Com Vítimas Feridas;Plena Noite;Crescente;Garoa/Chuvisco;Simples;Reta;Sim;2;0;0;1;1;0;1;2;-12,35895883;-38,86241888;SPRF-BA;DEL01-BA;UOP03-DEL01-BA
699301;20/06/2025;sexta-feira;07:14:00;SC;282;5,6;SAO JOSE;Reação tardia ou ineficiente do condutor;Tombamento;Com Vítimas Feridas;Pleno dia;Crescente;Nublado;Dupla;"Declive;Curva";Sim;1;0;1;0;0;0;1;1;-27,584525;-48,617113;SPRF-SC;DEL01-SC;UOP01-DEL01-SC
699302;20/06/2025;sexta-feira;05:30:00;SP;381;39;ATIBAIA;Reação tardia ou ineficiente do condutor;Colisão com objeto;Sem Vítimas;Amanhecer;Crescente;Céu Claro;Dupla;Reta;Não;1;0;0;0;1;0;0;1;-23,10989576;-46,57058652;SPRF-SP;DEL03-SP;UOP01-DEL03-SP
699304;20/06/2025;sexta-feira;06:30:00;MG;354;749,2;POUSO ALTO;Acessar a via sem observar a presença dos outros veículos;Colisão transversal;Com Vítimas Feridas;Pleno dia;Decrescente;Céu Claro;Simples;Reta;Não;2;0;1;0;1;0;1;2;-22,2249627;-44,9440038;SPRF-MG;DEL17-MG;UOP01-DEL17-MG
699305;20/06/2025;sexta-feira;05:40:00;MT;70;530;VARZEA GRANDE;Acessar a via sem observar a presença dos outros veículos;Colisão traseira;Com Vítimas Fatais;Amanhecer;Crescente;Nevoeiro/Neblina;Simples;Reta;Não;2;1;0;0;1;0;0;2;-15,66037;-56,220718;SPRF-MT;DEL01-MT;UOP02-DEL01-MT
699308;20/06/2025;sexta-feira;07:50:00;RN;101;108,9;PARNAMIRIM;Demais falhas na via;Queda de ocupante de veículo;Com Vítimas Feridas;Pleno dia;Decrescente;Chuva;Dupla;Reta;Sim;2;0;2;0;0;0;2;1;-5,932998;-35,264708;SPRF-RN;DEL01-RN;UOP01-DEL01-RN
699309;20/06/2025;sexta-feira;08:00:00;TO;153;334,9;GUARAI;Acessar a via sem observar a presença dos outros veículos;Colisão transversal;Com Vítimas Feridas;Pleno dia;Decrescente;Céu Claro;Múltipla;Interseção de Vias;Sim;2;0;1;0;1;0;1;2;-8,841617;-48,511667;SPRF-TO;DEL02-TO;UOP02-DEL02-TO
699310;20/06/2025;sexta-feira;07:30:00;PI;343;49;BURITI DOS LOPES;Transitar na contramão;Colisão frontal;Com Vítimas Fatais;Pleno dia;Decrescente;Céu Claro;Simples;Reta;Sim;3;1;0;2;0;0;2;2;-3,177353;-41,864997;SPRF-PI;DEL05-PI;UOP01-DEL05-PI
699312;20/06/2025;sexta-feira;05:50:00;SC;101;193;BIGUACU;Reação tardia ou ineficiente do condutor;Atropelamento de Pedestre;Com Vítimas Feridas;Amanhecer;Decrescente;Céu Claro;Múltipla;Curva;Sim;2;0;1;0;1;0;1;2;-27,489265;-48,655958;SPRF-SC;DEL01-SC;UOP01-DEL01-SC
699313;20/06/2025;sexta-feira;08:05:00;PI;316;15,4;TERESINA;Estacionar ou parar em local proibido;Colisão traseira;Com Vítimas Feridas;Pleno dia;Crescente;Sol;Múltipla;Reta;Não;3;0;1;1;1;0;2;2;-5,232412;-42,746565;SPRF-PI;DEL01-PI;UOP02-DEL01-PI
699314;20/06/2025;sexta-feira;08:30:00;ES;101;288,3;CARIACICA;Ausência de reação do condutor;Queda de ocupante de veículo;Com Vítimas Feridas;Pleno dia;Decrescente;Céu Claro;Dupla;Reta;Sim;1;0;1;0;0;0;1;1;-20,2728368;-40,39127214;SPRF-ES;DEL01-ES;UOP01-DEL01-ES
699315;20/06/2025;sexta-feira;07:50:00;PI;316;15,4;TERESINA;Ausência de reação do condutor;Saída de leito carroçável;Com Vítimas Fatais;Amanhecer;Decrescente;Céu Claro;Múltipla;Reta;Sim;1;1;0;0;0;0;0;1;-5,232328;-42,746587;SPRF-PI;DEL01-PI;UOP02-DEL01-PI
699316;20/06/2025;sexta-feira;07:15:00;RJ;116;282;BARRA MANSA;Reação tardia ou ineficiente do condutor;Capotamento;Com Vítimas Feridas;Pleno dia;Decrescente;Céu Claro;Dupla;Curva;Sim;5;0;3;0;2;0;3;1;-22,52698698;-44,19761181;SPRF-RJ;DEL07-RJ;UOP02-DEL07-RJ
699317;20/06/2025;sexta-feira;07:30:00;PA;230;116;MARABA;Pedestre cruzava a pista fora da faixa;Atropelamento de Pedestre;Com Vítimas Feridas;Pleno dia;Decrescente;Céu Claro;Dupla;Declive;Sim;2;0;1;1;0;0;2;2;-5,3554751;-49,09137082;SPRF-PA;DEL03-PA;UOP01-DEL03-PA
699318;20/06/2025;sexta-feira;08:00:00;SC;282;47,4;AGUAS MORNAS;Pista Escorregadia;Saída de leito carroçável;Com Vítimas Feridas;Pleno dia;Decrescente;Chuva;Simples;"Declive;Curva";Não;1;0;0;1;0;0;1;1;-27,72049489;-48,93686995;SPRF-SC;DEL01-SC;UOP03-DEL01-SC
699319;20/06/2025;sexta-feira;08:48:00;SC;280;54;GUARAMIRIM;Acessar a via sem observar a presença dos outros veículos;Colisão lateral mesmo sentido;Com Vítimas Feridas;Pleno dia;Crescente;Garoa/Chuvisco;Dupla;Reta;Sim;2;0;1;0;1;0;1;2;-26,475245;-48,988076;SPRF-SC;DEL03-SC;UOP03-DEL03-SC
699320;20/06/2025;sexta-feira;08:30:00;MG;40;509;RIBEIRAO DAS NEVES;Ausência de reação do condutor;Colisão com objeto;Com Vítimas Feridas;Pleno dia;Decrescente;Céu Claro;Dupla;Reta;Sim;3;0;1;1;0;1;2;2;-19,76576577;-44,13163522;SPRF-MG;DEL01-MG;UOP02-DEL01-MG
699321;20/06/2025;sexta-feira;08:50:00;RJ;116;190;NOVA IGUACU;Ausência de reação do condutor;Engavetamento;Com Vítimas Feridas;Pleno dia;Decrescente;Céu Claro;Dupla;Reta;Sim;5;0;1;0;4;0;1;4;-22,74204559;-43,50231886;SPRF-RJ;DEL06-RJ;UOP01-DEL06-RJ
699322;29/04/2025;terça-feira;17:30:00;RS;293;3;PELOTAS;Reação tardia ou ineficiente do condutor;Colisão traseira;Com Vítimas Feridas;Amanhecer;Crescente;Céu Claro;Simples;Reta;Não;2;0;1;0;1;0;1;2;-31,73845323;-52,36579388;SPRF-RS;DEL07-RS;UOP01-DEL07-RS
699323;20/06/2025;sexta-feira;07:51:00;MS;60;425;SIDROLANDIA;Acessar a via sem observar a presença dos outros veículos;Colisão transversal;Com Vítimas Feridas;Pleno dia;Decrescente;Nublado;Dupla;"Reta;Interseção de Vias";Sim;2;0;1;0;1;0;1;2;-20,92558799;-54,95479345;SPRF-MS;DEL01-MS;UOP04-DEL01-MS
699325;20/06/2025;sexta-feira;03:00:00;MS;60;399;SIDROLANDIA;Condutor Dormindo;Saída de leito carroçável;Sem Vítimas;Plena Noite;Decrescente;Ignorado;Simples;Reta;Não;1;0;0;0;1;0;0;1;-20,82;-54,8;SPRF-MS;DEL01-MS;UOP04-DEL01-MS
699326;20/06/2025;sexta-feira;10:00:00;MG;381;489;BETIM;Reação tardia ou ineficiente do condutor;Tombamento;Com Vítimas Feridas;Pleno dia;Crescente;Céu Claro;Múltipla;Reta;Sim;2;0;2;0;0;0;2;1;-19,9566742;-44,1390191;SPRF-MG;DEL01-MG;UOP03-DEL01-MG
699327;20/06/2025;sexta-feira;09:20:00;MG;262;461;ARAUJOS;Ultrapassagem Indevida;Colisão frontal;Com Vítimas Feridas;Pleno dia;Crescente;Sol;Simples;Aclive;Não;2;0;0;1;1;0;1;2;-19,80910567;-45,11757383;SPRF-MG;DEL08-MG;UOP03-DEL08-MG
699329;20/06/2025;sexta-feira;10:25:00;ES;101;360,9;ANCHIETA;Ausência de reação do condutor;Colisão com objeto;Com Vítimas Feridas;Pleno dia;Crescente;Sol;Simples;"Declive;Curva";Não;4;0;2;0;2;0;2;1;-20,71017809;-40,72118998;SPRF-ES;DEL03-ES;UOP01-DEL03-ES
699330;20/06/2025;sexta-feira;09:37:00;RJ;40;110;DUQUE DE CAXIAS;Manobra de mudança de faixa;Colisão lateral mesmo sentido;Com Vítimas Feridas;Pleno dia;Crescente;Céu Claro;Dupla;Reta;Sim;3;0;2;0;1;0;2;2;-22,68636997;-43,28576803;SPRF-RJ;DEL01-RJ;UOP02-DEL01-RJ
699331;20/06/2025;sexta-feira;09:00:00;RJ;393;236,1;VASSOURAS;Reação tardia ou ineficiente do condutor;Atropelamento de Pedestre;Com Vítimas Feridas;Pleno dia;Crescente;Céu Claro;Simples;Reta;Sim;2;0;1;0;1;0;1;2;-22,41524832;-43,67726544;SPRF-RJ;DEL05-RJ;UOP03-DEL05-RJ
699332;20/06/2025;sexta-feira;10:30:00;RS;158;159,7;PANAMBI;Velocidade Incompatível;Colisão frontal;Com Vítimas Fatais;Pleno dia;Crescente;Chuva;Simples;Reta;Não;6;2;0;2;0;2;2;3;-28,358103;-53,502775;SPRF-RS;DEL10-RS;UOP02-DEL10-RS
699333;20/06/2025;sexta-feira;09:00:00;PI;343;591,3;FLORIANO;Reação tardia ou ineficiente do condutor;Colisão lateral mesmo sentido;Com Vítimas Feridas;Pleno dia;Decrescente;Sol;Dupla;"Reta;Retorno Regulamentado";Sim;2;0;1;0;1;0;1;2;-6,78026;-43,02613;SPRF-PI;DEL03-PI;UOP01-DEL03-PI
699334;20/06/2025;sexta-feira;10:38:00;PE;408;98,3;SAO LOURENCO DA MATA;Ausência de reação do condutor;Saída de leito carroçável;Com Vítimas Feridas;Pleno dia;Crescente;Céu Claro;Dupla;Reta;Não;3;0;3;0;0;0;3;1;-8,042969;-35,020359;SPRF-PE;DEL01-PE;UOP01-DEL01-PE
699335;20/06/2025;sexta-feira;06:55:00;PR;277;504,3;GUARANIACU;Transitar na contramão;Colisão lateral sentido oposto;Com Vítimas Feridas;Amanhecer;Decrescente;Chuva;Simples;"Reta;Declive;Viaduto";Não;6;0;5;0;1;0;5;2;-25,13170634;-52,72504326;SPRF-PR;DEL04-PR;UOP04-DEL04-PR
699337;20/06/2025;sexta-feira;09:15:00;PR;476;104,4;COLOMBO;Ausência de reação do condutor;Tombamento;Com Vítimas Feridas;Pleno dia;Decrescente;Sol;Simples;"Declive;Curva";Não;1;0;0;1;0;0;1;1;-25,27256;-49,140025;SPRF-PR;DEL01-PR;UOP01-DEL01-PR
699339;16/05/2025;sexta-feira;16:20:00;ES;259;100,5;BAIXO GUANDU;Demais falhas mecânicas ou elétricas;Eventos atípicos;Com Vítimas Feridas;Pleno dia;Crescente;Céu Claro;Simples;Reta;Sim;2;0;1;0;1;0;1;2;-19,52214163;-41,01194054;SPRF-ES;DEL02-ES;UOP01-DEL02-ES
699340;20/06/2025;sexta-feira;10:15:00;AL;101;168;TEOTONIO VILELA;Chuva;Saída de leito carroçável;Com Vítimas Feridas;Pleno dia;Decrescente;Chuva;Dupla;Reta;Não;2;0;1;0;1;0;1;1;-9,90751088;-36,3213037;SPRF-AL;DEL02-AL;UOP02-DEL02-AL
699341;12/03/2025;quarta-feira;10:00:00;PR;116;115;CURITIBA;Condutor deixou de manter distância do veículo da frente;Colisão lateral mesmo sentido;Com Vítimas Feridas;Pleno dia;Decrescente;Nublado;Dupla;Reta;Não;2;0;0;1;1;0;1;2;-25,563;-49,308;SPRF-PR;DEL01-PR;UOP03-DEL01-PR
699342;20/06/2025;sexta-feira;11:50:00;BA;110;174;RIBEIRA DO POMBAL;Ausência de reação do condutor;Colisão traseira;Com Vítimas Feridas;Pleno dia;Decrescente;Céu Claro;Simples;Reta;Não;2;0;0;1;1;0;1;2;-10,81855294;-38,53068352;SPRF-BA;DEL07-BA;UOP02-DEL07-BA
699343;20/06/2025;sexta-feira;05:10:00;MA;135;51,3;BACABEIRA;Ingestão de álcool pelo condutor;Eventos atípicos;Com Vítimas Feridas;Amanhecer;Crescente;Céu Claro;Dupla;"Reta;Aclive;Viaduto";Sim;2;0;0;2;0;0;2;2;-2,972857;-44,316937;SPRF-MA;DEL01-MA;UOP02-DEL01-MA
699345;20/06/2025;sexta-feira;10:50:00;RJ;101;457,6;ANGRA DOS REIS;Entrada inopinada do pedestre;Atropelamento de Pedestre;Com Vítimas Feridas;Pleno dia;Crescente;Céu Claro;Simples;"Aclive;Reta";Não;2;0;0;1;1;0;1;2;-23,02648683;-44,21065271;SPRF-RJ;DEL03-RJ;UOP03-DEL03-RJ
699351;20/06/2025;sexta-feira;12:10:00;MG;40;508,1;RIBEIRAO DAS NEVES;Transitar no Acostamento;Colisão traseira;Com Vítimas Feridas;Pleno dia;Crescente;Céu Claro;Dupla;Reta;Sim;4;0;1;2;0;1;3;3;-19,76162895;-44,13386542;SPRF-MG;DEL02-MG;UOP01-DEL02-MG
699352;20/06/2025;sexta-feira;10:45:00;SE;101;133,3;ESTANCIA;Ausência de reação do condutor;Saída de leito carroçável;Com Vítimas Feridas;Pleno dia;Crescente;Chuva;Dupla;Reta;Não;1;0;1;0;0;0;1;1;-11,131343;-37,382669;SPRF-SE;DEL02-SE;UOP01-DEL02-SE
699356;20/06/2025;sexta-feira;10:43:00;PR;163;213;CASCAVEL;Velocidade Incompatível;Saída de leito carroçável;Com Vítimas Feridas;Pleno dia;Decrescente;Chuva;Dupla;Curva;Não;2;0;1;0;1;0;1;1;-24,9839099;-53,3731754;SPRF-PR;DEL04-PR;UOP01-DEL04-PR
699357;20/06/2025;sexta-feira;12:50:00;SC;470;54,4;BLUMENAU;Acessar a via sem observar a presença dos outros veículos;Colisão transversal;Com Vítimas Feridas;Pleno dia;Crescente;Nublado;Simples;"Reta;Interseção de Vias";Não;5;0;2;0;3;0;2;2;-26,87339589;-49,11416229;SPRF-SC;DEL04-SC;UOP01-DEL04-SC
699358;20/06/2025;sexta-feira;11:30:00;BA;415;61;ITABUNA;Ausência de reação do condutor;Saída de leito carroçável;Com Vítimas Feridas;Pleno dia;Crescente;Céu Claro;Simples;Curva;Não;3;0;2;1;0;0;3;1;-14,849113;-39,385505;SPRF-BA;DEL05-BA;UOP01-DEL05-BA
699360;20/06/2025;sexta-feira;12:55:00;RJ;101;303;SAO GONCALO;Ausência de reação do condutor;Queda de ocupante de veículo;Com Vítimas Feridas;Pleno dia;Crescente;Sol;Dupla;Reta;Sim;2;0;2;0;0;0;2;1;-22,790144;-43,0309376;SPRF-RJ;DEL02-RJ;UOP02-DEL02-RJ
699361;20/06/2025;sexta-feira;13:20:00;ES;101;146;LINHARES;Condutor deixou de manter distância do veículo da frente;Colisão lateral mesmo sentido;Com Vítimas Feridas;Pleno dia;Decrescente;Céu Claro;Dupla;Reta;Sim;3;0;2;0;1;0;2;2;-19,36897633;-40,06529117;SPRF-ES;DEL04-ES;UOP01-DEL04-ES
699364;20/06/2025;sexta-feira;09:55:00;SC;282;218;LAGES;Reação tardia ou ineficiente do condutor;Colisão com objeto;Com Vítimas Feridas;Pleno dia;Crescente;Chuva;Simples;"Interseção de Vias;Declive;Reta";Sim;1;0;1;0;0;0;1;1;-27,79773289;-50,30956149;SPRF-SC;DEL05-SC;UOP01-DEL05-SC
699366;20/06/2025;sexta-feira;13:00:00;RJ;40;82;PETROPOLIS;Reação tardia ou ineficiente do condutor;Queda de ocupante de veículo;Com Vítimas Feridas;Pleno dia;Crescente;Céu Claro;Simples;Curva;Sim;2;0;2;0;0;0;2;1;-22,51588709;-43,23025703;SPRF-RJ;DEL01-RJ;UOP01-DEL01-RJ
699367;20/06/2025;sexta-feira;13:00:00;MG;40;507;RIBEIRAO DAS NEVES;Manobra de mudança de faixa;Colisão lateral mesmo sentido;Com Vítimas Feridas;Pleno dia;Crescente;Céu Claro;Dupla;Reta;Sim;3;0;1;0;2;0;1;2;-19,751987;-44,143707;SPRF-MG;DEL02-MG;UOP01-DEL02-MG
699368;20/06/2025;sexta-feira;13:35:00;GO;60;92;ANAPOLIS;Acesso irregular;Colisão transversal;Com Vítimas Feridas;Pleno dia;Crescente;Céu Claro;Dupla;Reta;Sim;3;0;2;1;0;0;3;2;-16,352555;-48,917176;SPRF-GO;DEL02-GO;UOP01-DEL02-GO
699369;20/06/2025;sexta-feira;11:53:00;RJ;40;114;DUQUE DE CAXIAS;Acumulo de areia ou detritos sobre o pavimento;Queda de ocupante de veículo;Com Vítimas Feridas;Pleno dia;Crescente;Céu Claro;Dupla;Curva;Não;1;0;1;0;0;0;1;1;-22,6689024;-43,2799744;SPRF-RJ;DEL01-RJ;UOP02-DEL01-RJ
699371;25/03/2025;terça-feira;06:50:00;PR;116;125;FAZENDA RIO GRANDE;Reação tardia ou ineficiente do condutor;Colisão traseira;Com Vítimas Feridas;Pleno dia;Decrescente;Céu Claro;Dupla;Reta;Não;2;0;1;0;1;0;1;2;-25,635609;-49,31316;SPRF-PR;DEL01-PR;UOP03-DEL01-PR
699372;20/06/2025;sexta-feira;14:25:00;PB;104;132,4;CAMPINA GRANDE;Acessar a via sem observar a presença dos outros veículos;Colisão transversal;Sem Vítimas;Pleno dia;Crescente;Nublado;Simples;Reta;Não;2;0;0;0;1;1;0;2;-7,302827;-35,892494;SPRF-PB;DEL02-PB;UOP03-DEL02-PB
699377;20/06/2025;sexta-feira;14:09:00;PE;232;76,7;GRAVATA;Reação tardia ou ineficiente do condutor;Colisão traseira;Com Vítimas Feridas;Pleno dia;Crescente;Chuva;Dupla;Reta;Sim;5;0;2;0;3;0;2;3;-8,19365027;-35,54218769;SPRF-PE;DEL02-PE;UOP02-DEL02PE
699378;20/06/2025;sexta-feira;13:55:00;RS;116;590,6;ARROIO GRANDE;Avarias e/ou desgaste excessivo no pneu;Saída de leito carroçável;Com Vítimas Feridas;Pleno dia;Decrescente;Nublado;Simples;Reta;Não;2;0;2;0;0;0;2;1;-32,12225902;-52,94032037;SPRF-RS;DEL07-RS;UOP03-DEL07-RS
699379;20/06/2025;sexta-feira;14:45:00;RJ;116;171;RIO DE JANEIRO;Acesso irregular;Colisão lateral mesmo sentido;Com Vítimas Feridas;Pleno dia;Decrescente;Céu Claro;Dupla;Reta;Sim;2;0;1;0;1;0;1;2;-22,81281922;-43,329216;SPRF-RJ;DEL06-RJ;UOP01-DEL06-RJ
699381;20/06/2025;sexta-feira;15:00:00;SC;280;28;ARAQUARI;Acessar a via sem observar a presença dos outros veículos;Colisão transversal;Com Vítimas Feridas;Pleno dia;Crescente;Garoa/Chuvisco;Simples;Reta;Sim;3;0;2;0;0;1;2;3;-26,46985272;-48,74594629;SPRF-SC;DEL03-SC;UOP03-DEL03-SC
699382;20/06/2025;sexta-feira;14:50:00;SP;116;130;CACAPAVA;Demais falhas mecânicas ou elétricas;Tombamento;Com Vítimas Feridas;Pleno dia;Decrescente;Céu Claro;Dupla;Reta;Sim;2;0;1;1;0;0;2;1;-23,1213463;-45,7246875;SPRF-SP;DEL02-SP;UOP02-DEL02-SP
699384;20/06/2025;sexta-feira;12:30:00;RJ;465;20;NOVA IGUACU;Trafegar com motocicleta (ou similar) entre as faixas;Colisão transversal;Com Vítimas Feridas;Pleno dia;Decrescente;Céu Claro;Simples;Reta;Sim;2;0;0;1;1;0;1;2;-22,84871194;-43,60379219;SPRF-RJ;DEL06-RJ;UOP02-DEL06-RJ
699385;20/06/2025;sexta-feira;14:45:00;SP;116;133,4;CACAPAVA;Ausência de reação do condutor;Colisão traseira;Com Vítimas Feridas;Pleno dia;Decrescente;Céu Claro;Dupla;Reta;Não;2;0;1;0;1;0;1;2;-23,12867526;-45,73857808;SPRF-SP;DEL02-SP;UOP02-DEL02-SP
699388;20/06/2025;sexta-feira;14:05:00;BA;116;673;JEQUIE;Acessar a via sem observar a presença dos outros veículos;Colisão transversal;Com Vítimas Feridas;Pleno dia;Decrescente;Céu Claro;Simples;Reta;Sim;2;0;1;0;1;0;1;2;-13,86277742;-40,11310979;SPRF-BA;DEL03-BA;UOP01-DEL03-BA
699389;20/06/2025;sexta-feira;15:36:00;ES;101;380,7;ICONHA;Transitar na contramão;Colisão frontal;Com Vítimas Fatais;Pleno dia;Decrescente;Céu Claro;Simples;Curva;Não;6;1;0;2;0;3;2;3;-20,80987854;-40,83665371;SPRF-ES;DEL03-ES;UOP01-DEL03-ES
699390;20/06/2025;sexta-feira;15:00:00;RJ;101;418;MANGARATIBA;Condutor deixou de manter distância do veículo da frente;Engavetamento;Com Vítimas Feridas;Pleno dia;Decrescente;Céu Claro;Simples;Reta;Não;6;0;1;0;5;0;1;5;-22,9376;-43,9975936;SPRF-RJ;DEL03-RJ;UOP02-DEL03-RJ
699391;20/06/2025;sexta-feira;14:50:00;SC;101;207,2;SAO JOSE;Manobra de mudança de faixa;Colisão lateral mesmo sentido;Com Vítimas Feridas;Pleno dia;Decrescente;Céu Claro;Múltipla;"Reta;Declive";Não;2;0;1;0;1;0;1;2;-27,59554404;-48,61919817;SPRF-SC;DEL01-SC;UOP01-DEL01-SC