id;data_inversa;dia_semana;horario;uf;br;km;municipio;causa_acidente;tipo_acidente;classificacao_acidente;fase_dia;sentido_via;condicao_metereologica;tipo_pista;tracado_via;uso_solo;pessoas;mortos;feridos_leves;feridos_graves;ilesos;ignorados;feridos;veiculos;latitude;longitude;regional;delegacia;uop
699394;20/06/2025;sexta-feira;15:15:00;CE;20;392;CAUCAIA;Manobra de mudança de faixa;Saída de leito carroçável;Com Vítimas Feridas;Pleno dia;Decrescente;Nublado;Simples;Reta;Não;4;0;2;1;0;1;3;2;-3,842;-38,77;SPRF-CE;DEL01-CE;UOP01-DEL01-CE
699395;20/06/2025;sexta-feira;15:00:00;CE;222;241,5;SOBRAL;Condutor Dormindo;Saída de leito carroçável;Sem Vítimas;Pleno dia;Decrescente;Céu Claro;Simples;"Reta;Ponte";Não;1;0;0;0;1;0;0;1;-3,74014901;-40,49403369;SPRF-CE;DEL04-CE;UOP01-DEL04-CE
699396;20/06/2025;sexta-feira;16:20:00;RN;304;306;PARNAMIRIM;Pista Escorregadia;Queda de ocupante de veículo;Com Vítimas Feridas;Pleno dia;Crescente;Chuva;Simples;Curva;Sim;1;0;1;0;0;0;1;1;-5,892677;-35,2584033;SPRF-RN;DEL01-RN;UOP02-DEL01-RN
699397;20/06/2025;sexta-feira;14:40:00;SP;381;38;ATIBAIA;Condutor Dormindo;Queda de ocupante de veículo;Com Vítimas Feridas;Pleno dia;Crescente;Céu Claro;Dupla;Reta;Não;1;0;1;0;0;0;1;1;-23,10988746;-46,57046247;SPRF-SP;DEL03-SP;UOP01-DEL03-SP
699398;20/06/2025;sexta-feira;16:40:00;BA;101;194;CONCEICAO DA FEIRA;Condutor deixou de manter distância do veículo da frente;Colisão traseira;Com Vítimas Fatais;Pleno dia;Crescente;Céu Claro;Simples;"Reta;Aclive";Não;5;1;3;0;1;0;3;2;-12,54055749;-38,97930121;SPRF-BA;DEL01-BA;UOP03-DEL01-BA
699400;20/06/2025;sexta-feira;13:10:00;GO;80;94,8;VILA PROPICIO;Acessar a via sem observar a presença dos outros veículos;Eventos atípicos;Com Vítimas Feridas;Pleno dia;Decrescente;Céu Claro;Simples;Reta;Sim;2;0;1;0;0;1;1;2;-15,208543;-48,700582;SPRF-GO;DEL07-GO;UOP02-DEL07-GO
699402;20/06/2025;sexta-feira;16:50:00;SC;280;29,4;ARAQUARI;Transitar na contramão;Queda de ocupante de veículo;Com Vítimas Feridas;Plena Noite;Crescente;Nublado;Simples;"Interseção de Vias;Curva";Não;3;0;1;0;2;0;1;2;-26,412601;-48,756797;SPRF-SC;DEL03-SC;UOP03-DEL03-SC
699403;20/06/2025;sexta-feira;16:30:00;SP;381;20;BRAGANCA PAULISTA;Ausência de reação do condutor;Capotamento;Com Vítimas Feridas;Pleno dia;Decrescente;Céu Claro;Múltipla;Curva;Não;1;0;1;0;0;0;1;1;-22,93031301;-46,46545601;SPRF-SP;DEL03-SP;UOP02-DEL03-SP
699404;20/06/2025;sexta-feira;15:27:00;PR;277;718;SANTA TEREZINHA DE ITAIPU;Transitar na contramão;Colisão traseira;Com Vítimas Feridas;Pleno dia;Decrescente;Nublado;Dupla;"Declive;Reta";Não;6;0;2;0;4;0;2;2;-25,47655523;-54,47500929;SPRF-PR;DEL05-PR;UOP03-DEL05-PR
699405;20/06/2025;sexta-feira;17:10:00;MG;381;638,6;SANTO ANTONIO DO AMPARO;Reação tardia ou ineficiente do condutor;Saída de leito carroçável;Com Vítimas Feridas;Pleno dia;Decrescente;Céu Claro;Dupla;Reta;Não;3;0;3;0;0;0;3;1;-20,88617939;-44,8516953;SPRF-MG;DEL04-MG;UOP01-DEL04-MG
699406;20/06/2025;sexta-feira;16:00:00;PB;101;41;MAMANGUAPE;Estacionar ou parar em local proibido;Eventos atípicos;Com Vítimas Feridas;Pleno dia;Crescente;Chuva;Múltipla;Reta;Sim;1;0;1;0;0;0;1;1;-6,84865508;-35,13547394;SPRF-PB;DEL01-PB;UOP03-DEL01-PB
699408;20/06/2025;sexta-feira;16:35:00;SP;116;490;CAJATI;Velocidade Incompatível;Colisão com objeto;Com Vítimas Feridas;Pleno dia;Crescente;Céu Claro;Dupla;Reta;Não;2;0;1;1;0;0;2;2;-24,7388165;-48,12304465;SPRF-SP;DEL05-SP;UOP01-DEL05-SP
699409;20/06/2025;sexta-feira;16:30:00;RJ;116;108;GUAPIMIRIM;Ausência de reação do condutor;Colisão traseira;Sem Vítimas;Anoitecer;Crescente;Nublado;Dupla;Reta;Não;2;0;0;0;2;0;0;2;-22,49688545;-43,00258107;SPRF-RJ;DEL04-RJ;UOP01-DEL04-RJ
699411;20/06/2025;sexta-feira;17:10:00;ES;101;300,1;VIANA;Reação tardia ou ineficiente do condutor;Colisão traseira;Com Vítimas Feridas;Anoitecer;Crescente;Céu Claro;Múltipla;"Declive;Interseção de Vias";Sim;3;0;0;1;2;0;1;2;-20,35945765;-40,43340984;SPRF-ES;DEL01-ES;UOP01-DEL01-ES
699412;02/03/2025;domingo;13:20:00;RJ;101;492;ANGRA DOS REIS;Ausência de reação do condutor;Colisão transversal;Com Vítimas Feridas;Pleno dia;Crescente;Sol;Simples;Reta;Não;11;0;7;4;0;0;11;3;-22,9900288;-44,2433536;SPRF-RJ;DEL03-RJ;UOP03-DEL03-RJ
699413;20/06/2025;sexta-feira;17:25:00;PR;277;522,5;GUARANIACU;Acessar a via sem observar a presença dos outros veículos;Colisão transversal;Com Vítimas Feridas;Anoitecer;Decrescente;Nevoeiro/Neblina;Simples;Interseção de Vias;Não;4;0;1;1;2;0;2;2;-25,09976;-52,89487;SPRF-PR;DEL04-PR;UOP04-DEL04-PR
699414;20/06/2025;sexta-feira;16:10:00;PE;232;310;SERTANIA;Reação tardia ou ineficiente do condutor;Saída de leito carroçável;Com Vítimas Fatais;Pleno dia;Crescente;Céu Claro;Simples;Curva;Não;4;1;1;0;2;0;1;1;-8,146275;-37,466827;SPRF-PE;DEL04-PE;UOP02-DEL04-PE
699415;20/06/2025;sexta-feira;17:20:00;RJ;101;56;CAMPOS DOS GOYTACAZES;Transitar no Acostamento;Colisão traseira;Com Vítimas Feridas;Pleno dia;Decrescente;Céu Claro;Simples;Reta;Sim;4;0;1;1;2;0;2;2;-21,696262;-41,310272;SPRF-RJ;DEL08-RJ;UOP01-DEL08-RJ
699416;20/06/2025;sexta-feira;15:30:00;MT;70;1;BARRA DO GARCAS;Ausência de reação do condutor;Colisão traseira;Com Vítimas Feridas;Pleno dia;Decrescente;Céu Claro;Simples;Reta;Sim;3;0;2;0;0;1;2;2;-15,89098199;-52,26283763;SPRF-MT;DEL07-MT;UOP01-DEL07-MT
699417;20/06/2025;sexta-feira;18:40:00;PR;116;119;CURITIBA;Trafegar com motocicleta (ou similar) entre as faixas;Colisão traseira;Com Vítimas Feridas;Plena Noite;Crescente;Nublado;Dupla;Reta;Não;4;0;2;0;2;0;2;3;-25,584167;-49,313982;SPRF-PR;DEL01-PR;UOP03-DEL01-PR
699418;20/06/2025;sexta-feira;16:30:00;PA;316;18;BENEVIDES;Ausência de reação do condutor;Tombamento;Com Vítimas Feridas;Pleno dia;Crescente;Nublado;Dupla;Reta;Não;1;0;1;0;0;0;1;1;-1,364653;-48,283944;SPRF-PA;DEL01-PA;UOP01-DEL01-PA
699419;20/06/2025;sexta-feira;18:50:00;ES;262;93;DOMINGOS MARTINS;Ausência de reação do condutor;Colisão traseira;Com Vítimas Feridas;Plena Noite;Crescente;Céu Claro;Simples;Reta;Não;4;0;1;0;3;0;1;3;-20,375707;-41,055392;SPRF-ES;DEL01-ES;UOP02-DEL01-ES
699420;20/06/2025;sexta-feira;18:50:00;ES;101;33;CONCEICAO DA BARRA;Ausência de reação do condutor;Atropelamento de Pedestre;Com Vítimas Feridas;Plena Noite;Decrescente;Céu Claro;Simples;Reta;Não;2;0;1;0;0;1;1;2;-18,4439812;-39,93219882;SPRF-ES;DEL04-ES;UOP02-DEL04-ES
699421;20/06/2025;sexta-feira;18:45:00;SC;280;29;ARAQUARI;Desrespeitar a preferência no cruzamento;Colisão transversal;Com Vítimas Feridas;Anoitecer;Decrescente;Chuva;Simples;Reta;Sim;3;0;2;0;1;0;2;2;-26,4132;-48,75802;SPRF-SC;DEL03-SC;UOP03-DEL03-SC
699422;20/06/2025;sexta-feira;17:20:00;PB;230;155;CAMPINA GRANDE;Acesso irregular;Colisão transversal;Com Vítimas Feridas;Plena Noite;Decrescente;Garoa/Chuvisco;Simples;"Interseção de Vias;Em Obras;Reta";Sim;3;0;2;0;1;0;2;2;-7,275493;-35,904198;SPRF-PB;DEL02-PB;UOP01-DEL02-PB
699423;20/06/2025;sexta-feira;18:50:00;SP;116;327;JUQUITIBA;Ausência de reação do condutor;Saída de leito carroçável;Sem Vítimas;Plena Noite;Crescente;Céu Claro;Dupla;Reta;Sim;1;0;0;0;1;0;0;1;-23,9319;-47,0678;SPRF-SP;DEL04-SP;UOP03-DEL04-SP
699424;20/06/2025;sexta-feira;17:30:00;MT;364;43;ALTO GARCAS;Animais na Pista;Atropelamento de Animal;Sem Vítimas;Plena Noite;Crescente;Céu Claro;Simples;Reta;Não;4;0;0;0;4;0;0;1;-17,065532;-53,4698605;SPRF-MT;DEL02-MT;UOP02-DEL02-MT
699425;20/06/2025;sexta-feira;18:30:00;PR;277;660;MATELANDIA;Pista Escorregadia;Saída de leito carroçável;Com Vítimas Feridas;Anoitecer;Crescente;Garoa/Chuvisco;Dupla;Curva;Não;2;0;1;0;1;0;1;1;-25,251464;-53,990464;SPRF-PR;DEL05-PR;UOP02-DEL05-PR
699427;20/06/2025;sexta-feira;18:20:00;MG;50;12;UBERLANDIA;Velocidade Incompatível;Queda de ocupante de veículo;Com Vítimas Feridas;Plena Noite;Decrescente;Céu Claro;Simples;Viaduto;Não;1;0;1;0;0;0;1;1;-18,90284653;-48,18737431;SPRF-MG;DEL15-MG;UOP01-DEL15-MG
699428;20/06/2025;sexta-feira;17:45:00;PR;369;508;CASCAVEL;Reação tardia ou ineficiente do condutor;Tombamento;Com Vítimas Feridas;Anoitecer;Decrescente;Garoa/Chuvisco;Simples;Curva;Sim;1;0;0;1;0;0;1;1;-24,96210277;-53,39890905;SPRF-PR;DEL04-PR;UOP01-DEL04-PR
699429;20/06/2025;sexta-feira;19:20:00;MG;381;484,5;BETIM;Manobra de mudança de faixa;Colisão lateral mesmo sentido;Com Vítimas Feridas;Plena Noite;Crescente;Céu Claro;Dupla;Reta;Não;3;0;1;0;2;0;1;2;-19,95703739;-44,09359423;SPRF-MG;DEL01-MG;UOP03-DEL01-MG
699431;20/06/2025;sexta-feira;20:00:00;RJ;101;478;ANGRA DOS REIS;Iluminação deficiente;Colisão frontal;Com Vítimas Feridas;Plena Noite;Crescente;Céu Claro;Simples;"Curva;Declive";Não;2;0;0;2;0;0;2;2;-23,00244069;-44,27057034;SPRF-RJ;DEL03-RJ;UOP03-DEL03-RJ
699432;20/06/2025;sexta-feira;18:30:00;BA;110;166;RIBEIRA DO POMBAL;Acesso irregular;Colisão transversal;Com Vítimas Feridas;Plena Noite;Decrescente;Céu Claro;Simples;Reta;Não;2;0;0;1;0;1;1;2;-10,78457544;-38,51817132;SPRF-BA;DEL07-BA;UOP02-DEL07-BA
699433;20/06/2025;sexta-feira;19:25:00;PE;428;187;PETROLINA;Ausência de reação do condutor;Colisão traseira;Com Vítimas Feridas;Plena Noite;Decrescente;Céu Claro;Dupla;Reta;Sim;2;0;1;0;1;0;1;2;-9,364677;-40,482772;SPRF-PE;DEL06-PE;UOP01-DEL06-PE
699434;20/06/2025;sexta-feira;18:50:00;RJ;101;275;TANGUA;Pedestre andava na pista;Atropelamento de Pedestre;Com Vítimas Fatais;Plena Noite;Decrescente;Céu Claro;Dupla;Reta;Sim;3;1;1;0;1;0;1;3;-22,73660679;-42,72926331;SPRF-RJ;DEL02-RJ;UOP03-DEL02-RJ
699435;20/06/2025;sexta-feira;18:50:00;RS;290;483;ROSARIO DO SUL;Desrespeitar a preferência no cruzamento;Colisão transversal;Com Vítimas Feridas;Plena Noite;Decrescente;Nublado;Simples;Interseção de Vias;Não;2;0;1;0;1;0;1;2;-30,24125843;-54,95079009;SPRF-RS;DEL11-RS;UOP02-DEL11-RS
699437;20/06/2025;sexta-feira;18:20:00;MT;70;549,4;NOSSA SENHORA DO LIVRAMENTO;Ultrapassagem Indevida;Saída de leito carroçável;Com Vítimas Feridas;Plena Noite;Decrescente;Céu Claro;Simples;Reta;Não;4;0;2;0;2;0;2;1;-15,6989215;-56,42977238;SPRF-MT;DEL03-MT;UOP02-DEL03-MT
699438;20/06/2025;sexta-feira;20:00:00;SP;116;145,8;SAO JOSE DOS CAMPOS;Reação tardia ou ineficiente do condutor;Colisão traseira;Com Vítimas Feridas;Plena Noite;Crescente;Céu Claro;Múltipla;Declive;Sim;2;0;1;0;1;0;1;2;-23,18924578;-45,85963368;SPRF-SP;DEL02-SP;UOP01-DEL02-SP
699440;20/06/2025;sexta-feira;17:20:00;RJ;101;327;NITEROI;Ausência de reação do condutor;Colisão traseira;Com Vítimas Feridas;Anoitecer;Decrescente;Céu Claro;Múltipla;Reta;Sim;9;0;1;1;7;0;2;2;-22,8786176;-43,1128576;SPRF-RJ;DEL02-RJ;UOP01-DEL02-RJ
699442;20/06/2025;sexta-feira;20:30:00;ES;101;122,1;LINHARES;Ausência de reação do condutor;Colisão traseira;Com Vítimas Fatais;Plena Noite;Crescente;Nevoeiro/Neblina;Simples;Reta;Não;2;1;0;0;1;0;0;2;-19,16110319;-40,08360528;SPRF-ES;DEL04-ES;UOP01-DEL04-ES
699444;20/06/2025;sexta-feira;19:30:00;SC;101;199;SAO JOSE;Reação tardia ou ineficiente do condutor;Queda de ocupante de veículo;Com Vítimas Feridas;Plena Noite;Crescente;Céu Claro;Dupla;Reta;Não;1;0;1;0;0;0;1;1;-27,53129223;-48,63229958;SPRF-SC;DEL01-SC;UOP01-DEL01-SC
699445;20/06/2025;sexta-feira;18:30:00;BA;101;792;EUNAPOLIS;Reação tardia ou ineficiente do condutor;Capotamento;Com Vítimas Feridas;Plena Noite;Crescente;Nublado;Simples;"Curva;Declive";Não;1;0;1;0;0;0;1;1;-16,163234;-39,5965645;SPRF-BA;DEL09-BA;UOP01-DEL09-BA
699447;20/06/2025;sexta-feira;14:50:00;MA;316;260;SANTA INES;Acessar a via sem observar a presença dos outros veículos;Colisão lateral mesmo sentido;Com Vítimas Feridas;Pleno dia;Crescente;Nublado;Simples;Reta;Sim;2;0;1;0;1;0;1;2;-3,674521;-45,391808;SPRF-MA;DEL02-MA;UOP01-DEL02-MA
699448;20/06/2025;sexta-feira;21:20:00;RJ;116;177;SAO JOAO DE MERITI;Reação tardia ou ineficiente do condutor;Colisão traseira;Com Vítimas Feridas;Plena Noite;Decrescente;Céu Claro;Dupla;Reta;Sim;3;0;2;0;1;0;2;2;-22,78573167;-43,37887136;SPRF-RJ;DEL06-RJ;UOP01-DEL06-RJ
699449;20/06/2025;sexta-feira;17:40:00;MG;116;595,5;SAO JOAO DO MANHUACU;Ausência de reação do condutor;Tombamento;Com Vítimas Feridas;Anoitecer;Crescente;Nublado;Simples;Reta;Não;1;0;0;1;0;0;1;1;-20,303864;-42,150989;SPRF-MG;DEL06-MG;UOP03-DEL06-MG
699450;20/06/2025;sexta-feira;22:00:00;PR;277;672;MEDIANEIRA;Condutor deixou de manter distância do veículo da frente;Colisão traseira;Com Vítimas Feridas;Plena Noite;Crescente;Nublado;Dupla;Reta;Sim;3;0;1;0;2;0;1;2;-25,28811437;-54,09886837;SPRF-PR;DEL05-PR;UOP02-DEL05-PR
699453;20/06/2025;sexta-feira;19:40:00;MG;354;749,1;POUSO ALTO;Condutor Dormindo;Saída de leito carroçável;Com Vítimas Feridas;Plena Noite;Crescente;Céu Claro;Simples;Curva;Não;1;0;1;0;0;0;1;1;-22,2449387;-44,9351787;SPRF-MG;DEL17-MG;UOP01-DEL17-MG
699455;20/06/2025;sexta-feira;21:00:00;RN;304;237,6;RIACHUELO;Transitar na contramão;Colisão lateral sentido oposto;Sem Vítimas;Plena Noite;Crescente;Nublado;Simples;"Declive;Reta";Não;3;0;0;0;2;1;0;2;-5,78353;-35,849663;SPRF-RN;DEL01-RN;UOP02-DEL01-RN
699456;20/06/2025;sexta-feira;15:00:00;BA;235;358;CASA NOVA;Acessar a via sem observar a presença dos outros veículos;Colisão transversal;Com Vítimas Fatais;Pleno dia;Crescente;Céu Claro;Simples;Interseção de Vias;Não;2;1;0;0;0;1;0;2;-9,31455;-40,78758;SPRF-BA;DEL04-BA;UOP01-DEL04-BA
699457;20/06/2025;sexta-feira;20:40:00;SC;101;230,8;PALHOCA;Pedestre andava na pista;Atropelamento de Pedestre;Com Vítimas Fatais;Plena Noite;Decrescente;Nublado;Dupla;"Declive;Reta";Não;3;1;0;0;1;1;0;3;-27,7831283;-48,6354783;SPRF-SC;DEL01-SC;UOP02-DEL01-SC
699458;20/06/2025;sexta-feira;21:30:00;RS;392;352;SANTA MARIA;Pedestre cruzava a pista fora da faixa;Atropelamento de Pedestre;Com Vítimas Fatais;Plena Noite;Decrescente;Chuva;Simples;Reta;Sim;4;1;0;0;2;1;0;2;-29,72295552;-53,80665683;SPRF-RS;DEL09-RS;UOP01-DEL09-RS
699459;20/06/2025;sexta-feira;22:05:00;PR;476;155;ARAUCARIA;Mal súbito do condutor;Saída de leito carroçável;Com Vítimas Feridas;Plena Noite;Crescente;Chuva;Dupla;Reta;Sim;1;0;0;1;0;0;1;1;-25,5903404;-49,4113129;SPRF-PR;DEL01-PR;UOP06-DEL01-PR
699460;20/06/2025;sexta-feira;21:00:00;MG;116;527;CARATINGA;Ingestão de álcool pelo condutor;Atropelamento de Pedestre;Com Vítimas Feridas;Plena Noite;Decrescente;Nublado;Simples;"Reta;Declive";Sim;2;0;1;0;1;0;1;2;-19,7640391;-42,1319678;SPRF-MG;DEL06-MG;UOP02-DEL06-MG
699461;20/06/2025;sexta-feira;22:30:00;MG;50;167;UBERABA;Transitar no Acostamento;Colisão com objeto;Com Vítimas Feridas;Plena Noite;Crescente;Céu Claro;Dupla;"Aclive;Viaduto";Não;1;0;1;0;0;0;1;1;-19,7111928;-47,9841934;SPRF-MG;DEL13-MG;UOP01-DEL13-MG
699462;20/06/2025;sexta-feira;12:34:00;MG;381;235;SANTANA DO PARAISO;Ultrapassagem Indevida;Colisão traseira;Com Vítimas Feridas;Pleno dia;Crescente;Ignorado;Simples;Reta;Não;2;0;1;0;1;0;1;2;-19,41137732;-42,4880898;SPRF-MG;DEL06-MG;UOP01-DEL06-MG
699463;20/06/2025;sexta-feira;22:30:00;DF;70;18;BRASILIA;Frear bruscamente;Colisão traseira;Com Vítimas Feridas;Plena Noite;Crescente;Céu Claro;Dupla;Reta;Não;2;0;0;1;1;0;1;2;-15,7913526;-48,211145;SPRF-DF;DEL03-DF;UOP02-DEL03-DF
699464;20/06/2025;sexta-feira;22:00:00;CE;222;309;TIANGUA;Reação tardia ou ineficiente do condutor;Queda de ocupante de veículo;Com Vítimas Feridas;Plena Noite;Decrescente;Garoa/Chuvisco;Dupla;Reta;Sim;2;0;0;1;1;0;1;1;-3,707062;-40,977173;SPRF-CE;DEL04-CE;UOP02-DEL04-CE
699466;20/06/2025;sexta-feira;21:40:00;PR;369;84;CORNELIO PROCOPIO;Reação tardia ou ineficiente do condutor;Saída de leito carroçável;Com Vítimas Feridas;Plena Noite;Decrescente;Céu Claro;Simples;Reta;Não;2;0;1;0;1;0;1;1;-23,165;-50,611;SPRF-PR;DEL07-PR;UOP05-DEL07-PR
699468;20/06/2025;sexta-feira;21:20:00;PA;230;121;MARABA;Acessar a via sem observar a presença dos outros veículos;Colisão transversal;Com Vítimas Feridas;Plena Noite;Crescente;Céu Claro;Dupla;Reta;Sim;2;0;1;0;1;0;1;2;-5,36512461;-49,12550247;SPRF-PA;DEL03-PA;UOP01-DEL03-PA
699469;20/06/2025;sexta-feira;23:30:00;PR;277;723;FOZ DO IGUACU;Velocidade Incompatível;Tombamento;Com Vítimas Feridas;Plena Noite;Crescente;Céu Claro;Dupla;Reta;Sim;1;0;0;1;0;0;1;1;-25,50156;-54,536339;SPRF-PR;DEL05-PR;UOP03-DEL05-PR
699470;20/06/2025;sexta-feira;23:30:00;CE;222;310;TIANGUA;Ausência de reação do condutor;Colisão traseira;Com Vítimas Feridas;Plena Noite;Crescente;Céu Claro;Dupla;Reta;Sim;5;0;0;1;3;1;1;2;-3,71295137;-40,98634243;SPRF-CE;DEL04-CE;UOP02-DEL04-CE
699471;20/06/2025;sexta-feira;22:30:00;MG;40;610,8;CONGONHAS;Demais falhas mecânicas ou elétricas;Incêndio;Sem Vítimas;Plena Noite;Crescente;Céu Claro;Simples;Reta;Sim;1;0;0;0;0;1;0;1;-20,508973;-43,839386;SPRF-MG;DEL05-MG;UOP02-DEL05-MG
699473;20/06/2025;sexta-feira;23:40:00;SC;470;77;INDAIAL;Ausência de reação do condutor;Colisão traseira;Com Vítimas Feridas;Plena Noite;Decrescente;Nublado;Simples;Reta;Não;2;0;0;1;0;1;1;2;-26,92937331;-49,2859501;SPRF-SC;DEL04-SC;UOP01-DEL04-SC
699474;20/06/2025;sexta-feira;19:00:00;PB;412;26,5;BOA VISTA;Ultrapassagem Indevida;Colisão frontal;Com Vítimas Fatais;Plena Noite;Crescente;Nublado;Simples;"Reta;Aclive";Não;3;1;0;1;0;1;1;2;-7,289238;-36,29366589;SPRF-PB;DEL02-PB;UOP02-DEL02-PB
699476;20/06/2025;sexta-feira;21:00:00;PB;230;169;CAMPINA GRANDE;Ingestão de álcool pelo condutor;Colisão transversal;Com Vítimas Feridas;Plena Noite;Decrescente;Chuva;Simples;"Reta;Interseção de Vias";Não;3;0;2;1;0;0;3;3;-7,18552489;-35,97563267;SPRF-PB;DEL02-PB;UOP02-DEL02-PB
699479;21/06/2025;sábado;00:10:00;RJ;356;166;SAO JOAO DA BARRA;Velocidade Incompatível;Saída de leito carroçável;Com Vítimas Feridas;Plena Noite;Crescente;Céu Claro;Simples;Curva;Não;2;0;1;1;0;0;2;1;-21,710602;-41,135201;SPRF-RJ;DEL08-RJ;UOP02-DEL08-RJ
699481;21/06/2025;sábado;00:40:00;MG;381;278;JAGUARACU;Pedestre andava na pista;Atropelamento de Pedestre;Com Vítimas Fatais;Plena Noite;Decrescente;Céu Claro;Simples;Curva;Não;4;1;0;0;3;0;0;3;-19,5991924;-42,7511219;SPRF-MG;DEL03-MG;UOP02-DEL03-MG
699483;21/06/2025;sábado;01:00:00;SP;116;348;MIRACATU;Reação tardia ou ineficiente do condutor;Saída de leito carroçável;Com Vítimas Feridas;Plena Noite;Crescente;Céu Claro;Dupla;"Aclive;Curva";Não;1;0;1;0;0;0;1;1;-24,05144;-47,2042;SPRF-SP;DEL04-SP;UOP03-DEL04-SP
699484;21/06/2025;sábado;00:42:00;PA;316;61,7;CASTANHAL;Acessar a via sem observar a presença dos outros veículos;Colisão transversal;Com Vítimas Feridas;Plena Noite;Crescente;Céu Claro;Dupla;Curva;Sim;2;0;1;0;1;0;1;2;-1,29830335;-47,9398191;SPRF-PA;DEL01-PA;UOP01-DEL01-PA
699485;20/06/2025;sexta-feira;23:30:00;SP;116;25,5;LAVRINHAS;Entrada inopinada do pedestre;Atropelamento de Pedestre;Com Vítimas Feridas;Plena Noite;Decrescente;Céu Claro;Dupla;Reta;Sim;2;0;0;1;0;1;1;2;-22,60363311;-44,89231253;SPRF-SP;DEL08-SP;UOP02-DEL08-SP
699486;20/06/2025;sexta-feira;22:35:00;PA;230;3,9;ALTAMIRA;Transitar na contramão;Colisão frontal;Com Vítimas Fatais;Plena Noite;Crescente;Céu Claro;Simples;Reta;Sim;2;1;1;0;0;0;1;2;-3,18557507;-52,19634354;SPRF-PA;DEL04-PA;UOP01-DEL04-PA
699488;21/06/2025;sábado;02:00:00;DF;20;8,1;BRASILIA;Ingestão de álcool pelo condutor;Saída de leito carroçável;Com Vítimas Feridas;Plena Noite;Crescente;Céu Claro;Dupla;Reta;Sim;1;0;0;1;0;0;1;1;-15,65792702;-47,79061147;SPRF-DF;DEL02-DF;UOP01-DEL02-DF
699490;21/06/2025;sábado;03:35:00;RJ;40;89;PETROPOLIS;Reação tardia ou ineficiente do condutor;Saída de leito carroçável;Com Vítimas Feridas;Plena Noite;Crescente;Céu Claro;Simples;Retorno Regulamentado;Não;1;0;1;0;0;0;1;1;-22,55545951;-43,23621607;SPRF-RJ;DEL01-RJ;UOP01-DEL01-RJ
699491;21/06/2025;sábado;03:20:00;SP;116;228;SAO PAULO;Pedestre andava na pista;Atropelamento de Pedestre;Com Vítimas Fatais;Plena Noite;Decrescente;Céu Claro;Múltipla;"Reta;Em Obras";Sim;2;1;0;0;0;1;0;2;-23,505228;-46,568715;SPRF-SP;DEL01-SP;UOP01-DEL01-SP
699492;21/06/2025;sábado;02:30:00;RO;364;140;PORTO VELHO;Ausência de reação do condutor;Saída de leito carroçável;Com Vítimas Feridas;Plena Noite;Crescente;Céu Claro;Simples;Rotatória;Sim;2;0;1;0;1;0;1;1;-8,73986162;-63,88995814;SPRF-RO;DEL02-RO;UOP02-DEL02-RO
699493;21/06/2025;sábado;03:50:00;SP;116;324;JUQUITIBA;Ausência de reação do condutor;Capotamento;Sem Vítimas;Plena Noite;Decrescente;Céu Claro;Dupla;Reta;Não;1;0;0;0;0;1;0;1;-23,9319;-47,0678;SPRF-SP;DEL04-SP;UOP03-DEL04-SP
699494;21/06/2025;sábado;03:30:00;RJ;116;180;MESQUITA;Conversão proibida;Colisão traseira;Com Vítimas Feridas;Plena Noite;Decrescente;Céu Claro;Dupla;Reta;Sim;3;0;2;0;1;0;2;2;-22,76953375;-43,40938568;SPRF-RJ;DEL06-RJ;UOP01-DEL06-RJ
699495;21/06/2025;sábado;04:30:00;SC;470;134;RIO DO SUL;Transitar na contramão;Colisão frontal;Com Vítimas Feridas;Plena Noite;Decrescente;Céu Claro;Simples;"Aclive;Reta";Sim;3;0;0;1;1;1;1;3;-27,17379688;-49,58768153;SPRF-SC;DEL04-SC;UOP02-DEL04-SC
699498;21/06/2025;sábado;04:52:00;PI;343;337,6;TERESINA;Ausência de reação do condutor;Saída de leito carroçável;Sem Vítimas;Plena Noite;Crescente;Céu Claro;Dupla;"Declive;Reta";Sim;1;0;0;0;1;0;0;1;-5,062439;-42,720123;SPRF-PI;DEL01-PI;UOP01-DEL01-PI
699499;21/06/2025;sábado;01:20:00;MG;262;437,5;NOVA SERRANA;Ausência de reação do condutor;Colisão traseira;Sem Vítimas;Plena Noite;Decrescente;Céu Claro;Dupla;Reta;Não;2;0;0;0;1;1;0;2;-19,880143;-44,914318;SPRF-MG;DEL08-MG;UOP03-DEL08-MG
699500;21/06/2025;sábado;05:40:00;BA;116;829;VITORIA DA CONQUISTA;Reação tardia ou ineficiente do condutor;Colisão traseira;Sem Vítimas;Pleno dia;Crescente;Nevoeiro/Neblina;Dupla;Reta;Sim;2;0;0;0;2;0;0;2;-14,8982;-40,867;SPRF-BA;DEL08-BA;UOP01-DEL08-BA
699501;21/06/2025;sábado;05:40:00;BA;110;350;INHAMBUPE;Ingestão de álcool pelo condutor;Colisão lateral sentido oposto;Com Vítimas Feridas;Pleno dia;Crescente;Céu Claro;Simples;Reta;Não;4;0;2;0;2;0;2;4;-11,85952796;-38,37236023;SPRF-BA;DEL01-BA;UOP04-DEL01-BA
699504;21/06/2025;sábado;06:20:00;RO;364;703;PORTO VELHO;Condutor Dormindo;Queda de ocupante de veículo;Com Vítimas Feridas;Pleno dia;Crescente;Céu Claro;Dupla;Reta;Sim;1;0;1;0;0;0;1;1;-8,80037778;-63,79822969;SPRF-RO;DEL01-RO;UOP01-DEL01-RO