id;data_inversa;dia_semana;horario;uf;br;km;municipio;causa_acidente;tipo_acidente;classificacao_acidente;fase_dia;sentido_via;condicao_metereologica;tipo_pista;tracado_via;uso_solo;pessoas;mortos;feridos_leves;feridos_graves;ilesos;ignorados;feridos;veiculos;latitude;longitude;regional;delegacia;uop
699506;21/06/2025;sábado;07:15:00;SC;101;210,8;SAO JOSE;Avarias e/ou desgaste excessivo no pneu;Colisão com objeto;Com Vítimas Feridas;Amanhecer;Decrescente;Céu Claro;Múltipla;Reta;Sim;1;0;1;0;0;0;1;1;-27,62265;-48,65151;SPRF-SC;DEL01-SC;UOP01-DEL01-SC
699508;21/06/2025;sábado;07:30:00;RJ;101;75;CAMPOS DOS GOYTACAZES;Ausência de reação do condutor;Saída de leito carroçável;Com Vítimas Feridas;Pleno dia;Decrescente;Céu Claro;Simples;"Curva;Interseção de Vias";Não;2;0;2;0;0;0;2;1;-21,821657;-41,3987557;SPRF-RJ;DEL08-RJ;UOP02-DEL08-RJ
699509;21/06/2025;sábado;07:00:00;PR;369;178;ROLANDIA;Reação tardia ou ineficiente do condutor;Saída de leito carroçável;Sem Vítimas;Pleno dia;Decrescente;Céu Claro;Dupla;Rotatória;Sim;1;0;0;0;1;0;0;1;-23,35744776;-51,39519873;SPRF-PR;DEL07-PR;UOP01-DEL07-PR
699510;21/06/2025;sábado;07:40:00;GO;40;5;VALPARAISO DE GOIAS;Ausência de reação do condutor;Capotamento;Sem Vítimas;Pleno dia;Crescente;Céu Claro;Dupla;Reta;Sim;1;0;0;0;0;1;0;1;-16,0967588;-47,9814859;SPRF-DF;DEL01-DF;UOP01-DEL01-DF
699511;21/06/2025;sábado;07:55:00;CE;116;2;FORTALEZA;Manobra de mudança de faixa;Colisão lateral mesmo sentido;Com Vítimas Feridas;Pleno dia;Decrescente;Nublado;Múltipla;"Reta;Aclive";Sim;3;0;3;0;0;0;3;2;-3,7707817;-38,51675;SPRF-CE;DEL01-CE;UOP02-DEL01-CE
699513;21/06/2025;sábado;03:30:00;PB;104;108,4;SAO SEBASTIAO DE LAGOA DE  ROCA;Pedestre andava na pista;Atropelamento de Pedestre;Com Vítimas Fatais;Plena Noite;Crescente;Ignorado;Simples;Reta;Não;2;1;0;0;0;1;0;2;-7,112906;-35,867029;SPRF-PB;DEL02-PB;UOP04-DEL02-PB
699515;21/06/2025;sábado;06:40:00;SC;280;233,9;CANOINHAS;Condutor deixou de manter distância do veículo da frente;Colisão traseira;Com Vítimas Feridas;Amanhecer;Decrescente;Nublado;Simples;"Aclive;Reta;Interseção de Vias";Sim;2;0;0;1;1;0;1;2;-26,1912445;-50,4018761;SPRF-SC;DEL06-SC;UOP04-DEL06-SC
699516;21/06/2025;sábado;07:30:00;MT;364;198;RONDONOPOLIS;Condutor deixou de manter distância do veículo da frente;Colisão traseira;Com Vítimas Feridas;Pleno dia;Crescente;Nevoeiro/Neblina;Dupla;Aclive;Sim;2;0;1;0;1;0;1;2;-16,50407893;-54,62581205;SPRF-MT;DEL02-MT;UOP01-DEL02-MT
699517;21/06/2025;sábado;08:08:00;PR;277;730;FOZ DO IGUACU;Condutor deixou de manter distância do veículo da frente;Colisão traseira;Com Vítimas Feridas;Pleno dia;Decrescente;Nublado;Simples;"Reta;Viaduto";Não;2;0;1;0;1;0;1;2;-25,50952405;-54,59982991;SPRF-PR;DEL05-PR;UOP03-DEL05-PR
699518;21/06/2025;sábado;08:30:00;BA;324;518;FEIRA DE SANTANA;Acessar a via sem observar a presença dos outros veículos;Colisão transversal;Com Vítimas Feridas;Pleno dia;Decrescente;Nublado;Simples;Reta;Sim;2;0;1;0;1;0;1;2;-12,26866;-38,934192;SPRF-BA;DEL02-BA;UOP01-DEL02-BA
699519;21/06/2025;sábado;07:00:00;SC;282;573,9;PINHALZINHO;Frear bruscamente;Capotamento;Com Vítimas Feridas;Pleno dia;Crescente;Nublado;Simples;Curva;Não;1;0;1;0;0;0;1;1;-26,87671781;-52,9519714;SPRF-SC;DEL07-SC;UOP02-DEL07-SC
699520;01/05/2025;quinta-feira;01:50:00;PR;116;60;CAMPINA GRANDE DO SUL;Velocidade Incompatível;Tombamento;Com Vítimas Feridas;Plena Noite;Crescente;Céu Claro;Dupla;Reta;Não;2;0;1;0;1;0;1;1;-25,30334387;-48,95943488;SPRF-PR;DEL01-PR;UOP02-DEL01-PR
699522;17/04/2025;quinta-feira;20:25:00;RS;386;397;MONTENEGRO;Acessar a via sem observar a presença dos outros veículos;Atropelamento de Pedestre;Com Vítimas Feridas;Plena Noite;Decrescente;Céu Claro;Dupla;Rotatória;Não;3;0;0;1;2;0;1;2;-29,8090496;-51,3769472;SPRF-RS;DEL04-RS;UOP02-DEL04-RS
699523;21/06/2025;sábado;08:15:00;PI;316;1;TERESINA;Manobra de mudança de faixa;Colisão lateral mesmo sentido;Com Vítimas Feridas;Pleno dia;Crescente;Céu Claro;Dupla;Reta;Sim;2;0;1;1;0;0;2;2;-5,12642726;-42,80178521;SPRF-PI;DEL01-PI;UOP02-DEL01-PI
699526;21/06/2025;sábado;09:20:00;SC;101;126,5;ITAJAI;Reação tardia ou ineficiente do condutor;Colisão traseira;Com Vítimas Feridas;Pleno dia;Decrescente;Céu Claro;Dupla;Reta;Não;3;0;1;0;2;0;1;2;-26,96325826;-48,68278949;SPRF-SC;DEL04-SC;UOP04-DEL04-SC
699527;21/06/2025;sábado;09:20:00;GO;60;92;ANAPOLIS;Pedestre cruzava a pista fora da faixa;Atropelamento de Pedestre;Com Vítimas Feridas;Pleno dia;Decrescente;Céu Claro;Dupla;Curva;Sim;2;0;1;0;1;0;1;2;-16,35211224;-48,91365979;SPRF-GO;DEL02-GO;UOP01-DEL02-GO
699528;21/06/2025;sábado;10:35:00;PB;230;12,5;CABEDELO;Pedestre andava na pista;Atropelamento de Pedestre;Com Vítimas Feridas;Pleno dia;Decrescente;Céu Claro;Dupla;Reta;Sim;2;0;0;1;1;0;1;2;-7,0764765;-34,8491687;SPRF-PB;DEL01-PB;UOP01-DEL01-PB
699529;21/06/2025;sábado;10:25:00;MG;381;508,1;BETIM;Demais falhas mecânicas ou elétricas;Tombamento;Com Vítimas Feridas;Pleno dia;Crescente;Céu Claro;Dupla;Reta;Sim;2;0;1;0;1;0;1;1;-20,03864065;-44,25497739;SPRF-MG;DEL01-MG;UOP03-DEL01-MG
699530;21/06/2025;sábado;10:30:00;CE;222;3;FORTALEZA;Condutor deixou de manter distância do veículo da frente;Colisão lateral mesmo sentido;Com Vítimas Feridas;Pleno dia;Crescente;Chuva;Múltipla;Reta;Sim;2;0;1;0;1;0;1;2;-3,74033;-38,596522;SPRF-CE;DEL01-CE;UOP01-DEL01-CE
699531;21/06/2025;sábado;08:44:00;AC;364;135;RIO BRANCO;Reação tardia ou ineficiente do condutor;Colisão traseira;Com Vítimas Feridas;Pleno dia;Decrescente;Céu Claro;Dupla;Reta;Sim;2;0;1;0;1;0;1;2;-9,984374;-67,846019;SPRF-AC;DEL01-AC;UOP01-DEL01-AC
699532;21/06/2025;sábado;07:34:00;RO;364;236,9;CACOAL;Desrespeitar a preferência no cruzamento;Colisão transversal;Com Vítimas Feridas;Pleno dia;Crescente;Sol;Simples;"Reta;Interseção de Vias;Retorno Regulamentado";Sim;2;0;1;0;1;0;1;2;-11,44225989;-61,44907443;SPRF-RO;DEL02-RO;UOP02-DEL02-RO
699533;21/06/2025;sábado;11:25:00;RJ;493;23;MAGE;Ultrapassagem Indevida;Colisão transversal;Com Vítimas Feridas;Pleno dia;Crescente;Céu Claro;Simples;Reta;Não;2;0;0;1;1;0;1;2;-22,65712548;-43,07008401;SPRF-RJ;DEL04-RJ;UOP02-DEL04-RJ
699534;21/06/2025;sábado;11:40:00;SP;116;146,8;SAO JOSE DOS CAMPOS;Condutor deixou de manter distância do veículo da frente;Colisão traseira;Com Vítimas Feridas;Pleno dia;Crescente;Céu Claro;Dupla;Reta;Sim;2;0;1;0;1;0;1;1;-23,1949998;-45,8680425;SPRF-SP;DEL02-SP;UOP01-DEL02-SP
699535;21/06/2025;sábado;06:50:00;MG;116;4,6;DIVISA ALEGRE;Acessar a via sem observar a presença dos outros veículos;Colisão transversal;Com Vítimas Fatais;Amanhecer;Crescente;Nublado;Simples;Reta;Sim;2;1;0;0;1;0;0;2;-15,73836;-41,33847;SPRF-BA;DEL08-BA;UOP03-DEL08-BA
699536;21/06/2025;sábado;11:40:00;MG;40;526;CONTAGEM;Manobra de mudança de faixa;Saída de leito carroçável;Com Vítimas Feridas;Pleno dia;Crescente;Sol;Dupla;"Declive;Reta";Não;2;0;1;0;1;0;1;2;-19,89720184;-44,04984355;SPRF-MG;DEL01-MG;UOP02-DEL01-MG
699537;21/06/2025;sábado;11:25:00;PE;232;13,9;RECIFE;Trafegar com motocicleta (ou similar) entre as faixas;Colisão lateral mesmo sentido;Com Vítimas Feridas;Pleno dia;Crescente;Céu Claro;Dupla;Curva;Não;3;0;1;0;2;0;1;2;-8,07672413;-34,97327037;SPRF-PE;DEL01-PE;UOP01-DEL01-PE
699539;21/06/2025;sábado;10:45:00;RS;472;122,7;TRES DE MAIO;Reação tardia ou ineficiente do condutor;Saída de leito carroçável;Com Vítimas Feridas;Pleno dia;Decrescente;Sol;Simples;Reta;Não;2;0;0;1;0;1;1;2;-27,701587;-54,170206;SPRF-RS;DEL10-RS;UOP01-DEL10-RS
699540;21/06/2025;sábado;10:19:00;MS;262;420,6;TERENOS;Acessar a via sem observar a presença dos outros veículos;Colisão transversal;Com Vítimas Feridas;Pleno dia;Crescente;Céu Claro;Simples;"Reta;Interseção de Vias";Não;4;0;1;0;3;0;1;2;-20,470261;-55,209832;SPRF-MS;DEL01-MS;UOP03-DEL01-MS
699541;21/06/2025;sábado;11:50:00;AL;104;73;RIO LARGO;Demais falhas mecânicas ou elétricas;Queda de ocupante de veículo;Com Vítimas Feridas;Pleno dia;Crescente;Nublado;Simples;Curva;Não;2;0;1;0;1;0;1;1;-9,437184;-35,8350848;SPRF-AL;DEL01-AL;UOP02-DEL01-AL
699542;21/06/2025;sábado;11:20:00;PA;316;20;BENEVIDES;Avarias e/ou desgaste excessivo no pneu;Tombamento;Com Vítimas Feridas;Pleno dia;Crescente;Céu Claro;Dupla;Reta;Sim;2;0;2;0;0;0;2;1;-1,362905;-48,26413;SPRF-PA;DEL01-PA;UOP01-DEL01-PA
699543;21/06/2025;sábado;05:30:00;SC;116;134,4;SANTA CECILIA;Ingestão de álcool pelo condutor;Colisão com objeto;Sem Vítimas;Plena Noite;Decrescente;Céu Claro;Simples;Curva;Não;1;0;0;0;1;0;0;1;-26,9252676;-50,4412911;SPRF-SC;DEL06-SC;UOP02-DEL06-SC
699545;21/06/2025;sábado;11:15:00;SC;101;294;IMBITUBA;Acessar a via sem observar a presença dos outros veículos;Colisão transversal;Com Vítimas Feridas;Pleno dia;Crescente;Céu Claro;Simples;Reta;Não;2;0;1;0;1;0;1;2;-28,32553786;-48,72998714;SPRF-SC;DEL02-SC;UOP03-DEL02-SC
699547;21/06/2025;sábado;13:00:00;RS;116;309,9;GUAIBA;Ausência de reação do condutor;Queda de ocupante de veículo;Com Vítimas Fatais;Pleno dia;Crescente;Nublado;Dupla;"Reta;Retorno Regulamentado";Não;3;1;0;0;0;2;0;2;-30,197867;-51,399418;SPRF-RS;DEL02-RS;UOP01-DEL02-RS
699549;21/06/2025;sábado;13:30:00;ES;101;73;SAO MATEUS;Conversão proibida;Colisão lateral mesmo sentido;Com Vítimas Feridas;Pleno dia;Crescente;Céu Claro;Simples;Reta;Não;2;0;1;0;1;0;1;2;-18,77893478;-39,87439983;SPRF-ES;DEL04-ES;UOP02-DEL04-ES
699551;21/06/2025;sábado;12:30:00;MG;251;295;SALINAS;Ausência de reação do condutor;Tombamento;Com Vítimas Feridas;Pleno dia;Crescente;Céu Claro;Simples;Reta;Não;1;0;1;0;0;0;1;1;-16,061211;-42,199478;SPRF-MG;DEL12-MG;UOP02-DEL12-MG
699552;21/06/2025;sábado;12:20:00;RS;285;460;IJUI;Acessar a via sem observar a presença dos outros veículos;Colisão transversal;Com Vítimas Feridas;Pleno dia;Decrescente;Nublado;Simples;Interseção de Vias;Sim;2;0;1;0;1;0;1;2;-28,41808357;-53,92148701;SPRF-RS;DEL10-RS;UOP01-DEL10-RS
699553;21/06/2025;sábado;13:40:00;SE;235;52;ITABAIANA;Acessar a via sem observar a presença dos outros veículos;Colisão traseira;Com Vítimas Feridas;Pleno dia;Crescente;Céu Claro;Dupla;Reta;Sim;2;0;0;1;1;0;1;2;-10,6878985;-37,43979542;SPRF-SE;DEL01-SE;UOP02-DEL01-SE
699556;21/06/2025;sábado;13:00:00;ES;262;105;VENDA NOVA DO IMIGRANTE;Acessar a via sem observar a presença dos outros veículos;Colisão lateral mesmo sentido;Com Vítimas Feridas;Pleno dia;Crescente;Sol;Simples;Reta;Sim;2;0;1;0;0;1;1;2;-20,32705034;-41,13323855;SPRF-ES;DEL01-ES;UOP02-DEL01-ES
699558;21/06/2025;sábado;14:20:00;MG;381;491;BETIM;Manobra de mudança de faixa;Colisão traseira;Com Vítimas Feridas;Pleno dia;Decrescente;Céu Claro;Dupla;Reta;Sim;2;0;0;1;1;0;1;2;-19,95979596;-44,15233612;SPRF-MG;DEL01-MG;UOP03-DEL01-MG
699559;21/06/2025;sábado;14:35:00;MG;365;621;UBERLANDIA;Ausência de reação do condutor;Tombamento;Com Vítimas Feridas;Pleno dia;Decrescente;Céu Claro;Dupla;"Curva;Aclive";Não;1;0;1;0;0;0;1;1;-18,89315;-48,271493;SPRF-MG;DEL15-MG;UOP01-DEL15-MG
699560;21/06/2025;sábado;14:25:00;PI;316;2,3;TERESINA;Manobra de mudança de faixa;Colisão lateral mesmo sentido;Sem Vítimas;Pleno dia;Decrescente;Céu Claro;Simples;"Curva;Viaduto;Rotatória";Sim;2;0;0;0;2;0;0;2;-5,122833;-42,795721;SPRF-PI;DEL01-PI;UOP02-DEL01-PI
699561;02/04/2025;quarta-feira;19:25:00;SC;101;269,5;IMBITUBA;Pedestre cruzava a pista fora da faixa;Atropelamento de Pedestre;Com Vítimas Fatais;Plena Noite;Crescente;Nublado;Múltipla;Reta;Não;3;1;1;0;1;0;1;3;-28,102071;-48,703926;SPRF-SC;DEL02-SC;UOP03-DEL02-SC
699563;21/06/2025;sábado;13:55:00;BA;324;587;CANDEIAS;Manobra de mudança de faixa;Saída de leito carroçável;Com Vítimas Feridas;Pleno dia;Decrescente;Céu Claro;Dupla;Reta;Não;3;0;2;0;0;1;2;2;-12,67326968;-38,46875983;SPRF-BA;DEL01-BA;UOP01-DEL01-BA
699564;21/06/2025;sábado;14:00:00;PR;369;147;LONDRINA;Condutor desrespeitou a iluminação vermelha do semáforo;Colisão transversal;Com Vítimas Feridas;Pleno dia;Decrescente;Céu Claro;Dupla;"Reta;Interseção de Vias";Sim;3;0;0;1;2;0;1;3;-23,29313795;-51,13451092;SPRF-PR;DEL07-PR;UOP01-DEL07-PR
699565;21/06/2025;sábado;10:50:00;MG;116;469,1;TARUMIRIM;Ausência de reação do condutor;Colisão frontal;Com Vítimas Feridas;Pleno dia;Decrescente;Céu Claro;Simples;Curva;Não;2;0;2;0;0;0;2;2;-19,31151124;-42,07511971;SPRF-MG;DEL06-MG;UOP02-DEL06-MG
699566;21/06/2025;sábado;11:15:00;MG;262;413;IGARATINGA;Ausência de reação do condutor;Saída de leito carroçável;Com Vítimas Feridas;Pleno dia;Crescente;Céu Claro;Dupla;Reta;Não;2;0;0;1;1;0;1;1;-19,894089;-44,704504;SPRF-MG;DEL08-MG;UOP03-DEL08-MG
699567;21/06/2025;sábado;14:55:00;PB;101;89,5;JOAO PESSOA;Acessar a via sem observar a presença dos outros veículos;Colisão lateral mesmo sentido;Com Vítimas Feridas;Pleno dia;Decrescente;Céu Claro;Dupla;Reta;Sim;3;0;3;0;0;0;3;2;-7,1792134;-34,8993509;SPRF-PB;DEL01-PB;UOP01-DEL01-PB
699568;21/06/2025;sábado;14:35:00;PI;343;8,5;PARNAIBA;Acessar a via sem observar a presença dos outros veículos;Colisão transversal;Com Vítimas Feridas;Pleno dia;Decrescente;Céu Claro;Simples;"Reta;Interseção de Vias";Sim;2;0;1;0;1;0;1;2;-2,8996309;-41,728678;SPRF-PI;DEL05-PI;UOP01-DEL05-PI
699569;21/06/2025;sábado;15:10:00;TO;10;463;PALMAS;Acessar a via sem observar a presença dos outros veículos;Colisão traseira;Com Vítimas Feridas;Pleno dia;Crescente;Sol;Múltipla;Retorno Regulamentado;Sim;2;0;1;0;1;0;1;2;-10,23421;-48,311587;SPRF-TO;DEL01-TO;UOP03-DEL01-TO
699571;21/06/2025;sábado;15:35:00;SC;101;311,7;LAGUNA;Desrespeitar a preferência no cruzamento;Colisão transversal;Com Vítimas Feridas;Pleno dia;Decrescente;Céu Claro;Múltipla;"Interseção de Vias;Viaduto";Sim;3;0;1;0;2;0;1;2;-28,44036904;-48,81264059;SPRF-SC;DEL02-SC;UOP01-DEL02-SC
699573;21/06/2025;sábado;15:40:00;DF;70;3;BRASILIA;Manobra de mudança de faixa;Colisão lateral mesmo sentido;Sem Vítimas;Pleno dia;Decrescente;Sol;Dupla;Curva;Sim;3;0;0;0;3;0;0;2;-15,80212295;-48,08387518;SPRF-DF;DEL03-DF;UOP02-DEL03-DF
699576;21/06/2025;sábado;16:18:00;ES;101;282,4;CARIACICA;Manobra de mudança de faixa;Queda de ocupante de veículo;Com Vítimas Feridas;Pleno dia;Crescente;Céu Claro;Dupla;Reta;Sim;2;0;1;0;1;0;1;2;-20,2304138;-40,3672913;SPRF-ES;DEL01-ES;UOP01-DEL01-ES
699577;21/06/2025;sábado;10:30:00;TO;242;347;PEIXE;Transitar na contramão;Colisão frontal;Sem Vítimas;Pleno dia;Crescente;Céu Claro;Simples;Reta;Não;2;0;0;0;2;0;0;2;-11,88496714;-48,82266998;SPRF-TO;DEL01-TO;UOP02-DEL01-TO
699578;21/06/2025;sábado;14:30:00;BA;367;49,9;PORTO SEGURO;Acessar a via sem observar a presença dos outros veículos;Colisão transversal;Com Vítimas Feridas;Pleno dia;Decrescente;Céu Claro;Simples;"Retorno Regulamentado;Interseção de Vias;Curva";Não;2;0;1;0;1;0;1;2;-16,3756299;-39,2915082;SPRF-BA;DEL09-BA;UOP03-DEL09-BA
699579;29/04/2025;terça-feira;09:30:00;RS;116;2,1;PORTO ALEGRE;Condutor deixou de manter distância do veículo da frente;Colisão traseira;Com Vítimas Feridas;Pleno dia;Crescente;Céu Claro;Múltipla;Reta;Sim;2;0;1;0;1;0;1;2;-29,9948353;-51,1880155;SPRF-RS;DEL01-RS;UOP01-DEL01-RS
699580;21/06/2025;sábado;15:54:00;PI;343;305;ALTOS;Acessar a via sem observar a presença dos outros veículos;Colisão transversal;Com Vítimas Feridas;Pleno dia;Crescente;Céu Claro;Simples;Reta;Sim;2;0;2;0;0;0;2;2;-5,03586;-42,44519;SPRF-PI;DEL01-PI;UOP01-DEL01-PI
699581;21/06/2025;sábado;14:40:00;PR;376;225,9;APUCARANA;Demais falhas mecânicas ou elétricas;Tombamento;Com Vítimas Feridas;Pleno dia;Crescente;Céu Claro;Dupla;Reta;Não;1;0;1;0;0;0;1;1;-23,58547;-51,56454;SPRF-PR;DEL07-PR;UOP03-DEL07-PR
699582;21/06/2025;sábado;16:40:00;SP;381;75;SAO PAULO;Velocidade Incompatível;Capotamento;Com Vítimas Feridas;Pleno dia;Decrescente;Chuva;Dupla;Curva;Não;2;0;1;0;1;0;1;1;-23,38300926;-46,56440163;SPRF-SP;DEL03-SP;UOP01-DEL03-SP
699583;21/06/2025;sábado;14:50:00;SP;101;45;UBATUBA;Reação tardia ou ineficiente do condutor;Colisão lateral mesmo sentido;Com Vítimas Feridas;Pleno dia;Decrescente;Céu Claro;Simples;Curva;Sim;3;0;2;0;1;0;2;3;-23,4355631;-45,08714531;SPRF-SP;DEL06-SP;UOP01-DEL06-SP
699584;21/06/2025;sábado;12:40:00;SC;101;46,7;JOINVILLE;Trafegar com motocicleta (ou similar) entre as faixas;Colisão traseira;Com Vítimas Feridas;Pleno dia;Crescente;Céu Claro;Dupla;Reta;Sim;3;0;2;0;1;0;2;2;-26,3617288;-48,8589647;SPRF-SC;DEL03-SC;UOP01-DEL03-SC
699585;21/06/2025;sábado;17:25:00;SC;101;206,8;SAO JOSE;Reação tardia ou ineficiente do condutor;Engavetamento;Com Vítimas Feridas;Plena Noite;Crescente;Céu Claro;Múltipla;"Reta;Interseção de Vias";Sim;3;0;1;0;2;0;1;3;-27,59880104;-48,62163512;SPRF-SC;DEL01-SC;UOP01-DEL01-SC
699586;21/06/2025;sábado;15:20:00;RJ;101;328;RIO DE JANEIRO;Ausência de reação do condutor;Colisão traseira;Com Vítimas Feridas;Pleno dia;Decrescente;Nublado;Dupla;Reta;Sim;3;0;2;0;1;0;2;2;-22,86986;-43,171113;SPRF-RJ;DEL02-RJ;UOP01-DEL02-RJ
699587;21/06/2025;sábado;17:40:00;PE;232;68,9;GRAVATA;Condutor deixou de manter distância do veículo da frente;Colisão traseira;Sem Vítimas;Anoitecer;Crescente;Céu Claro;Dupla;Curva;Não;2;0;0;0;2;0;0;2;-8,172035;-35,479435;SPRF-PE;DEL02-PE;UOP02-DEL02PE
699588;21/06/2025;sábado;16:30:00;PA;316;119;SANTA MARIA DO PARA;Ausência de reação do condutor;Tombamento;Com Vítimas Feridas;Pleno dia;Decrescente;Céu Claro;Simples;"Reta;Aclive";Sim;1;0;0;1;0;0;1;1;-1,31423;-47,43022;SPRF-PA;DEL01-PA;UOP02-DEL01-PA
699590;21/06/2025;sábado;17:40:00;PE;104;62,2;CARUARU;Ingestão de álcool pelo condutor;Saída de leito carroçável;Sem Vítimas;Plena Noite;Crescente;Garoa/Chuvisco;Dupla;Reta;Sim;1;0;0;0;1;0;0;1;-8,25475;-35,97485;SPRF-PE;DEL02-PE;UOP01-DEL02-PE
699591;21/06/2025;sábado;17:45:00;AL;316;253;PILAR;Acessar a via sem observar a presença dos outros veículos;Colisão transversal;Com Vítimas Feridas;Plena Noite;Crescente;Nublado;Simples;Reta;Sim;3;0;1;1;0;1;2;2;-9,5838238;-35,95962524;SPRF-AL;DEL02-AL;UOP01-DEL02-AL
699592;21/06/2025;sábado;16:50:00;PE;423;29,3;SAO CAITANO;Ultrapassagem Indevida;Colisão lateral mesmo sentido;Com Vítimas Feridas;Anoitecer;Crescente;Chuva;Simples;Reta;Não;7;0;7;0;0;0;7;2;-8,412391;-36,190011;SPRF-PE;DEL03-PE;UOP02-DEL03-PE
699594;21/06/2025;sábado;17:40:00;SC;101;398;MARACAJA;Manobra de mudança de faixa;Colisão lateral mesmo sentido;Com Vítimas Feridas;Plena Noite;Crescente;Ignorado;Simples;Reta;Não;2;0;0;1;1;0;1;2;-28,845;-49,432;SPRF-SC;DEL02-SC;UOP02-DEL02-SC
699595;21/06/2025;sábado;18:10:00;BA;110;186;RIBEIRA DO POMBAL;Ingestão de álcool pelo condutor;Colisão frontal;Com Vítimas Feridas;Plena Noite;Crescente;Nublado;Simples;Reta;Não;3;0;1;1;1;0;2;2;-10,942398;-38,520134;SPRF-BA;DEL07-BA;UOP02-DEL07-BA
699597;21/06/2025;sábado;18:30:00;RS;392;125;CANGUCU;Ingestão de álcool pelo condutor;Colisão frontal;Com Vítimas Feridas;Anoitecer;Crescente;Céu Claro;Simples;Reta;Sim;5;0;3;0;2;0;3;2;-31,36630645;-52,72458728;SPRF-RS;DEL07-RS;UOP01-DEL07-RS
699599;09/06/2025;segunda-feira;08:00:00;ES;101;276,9;SERRA;Carga excessiva e/ou mal acondicionada;Derramamento de carga;Com Vítimas Feridas;Pleno dia;Decrescente;Sol;Dupla;Reta;Sim;3;0;1;0;1;1;1;3;-20,2128425;-40,3208445;SPRF-ES;DEL02-ES;UOP01-DEL02-ES
699600;21/06/2025;sábado;17:00:00;SP;116;142;SAO JOSE DOS CAMPOS;Condutor deixou de manter distância do veículo da frente;Engavetamento;Com Vítimas Feridas;Pleno dia;Decrescente;Céu Claro;Múltipla;Reta;Sim;6;0;1;0;5;0;1;5;-23,17449078;-45,82972527;SPRF-SP;DEL02-SP;UOP01-DEL02-SP
699601;01/05/2025;quinta-feira;07:20:00;PR;277;6,8;PARANAGUA;Pista Escorregadia;Queda de ocupante de veículo;Com Vítimas Feridas;Amanhecer;Decrescente;Céu Claro;Múltipla;Rotatória;Sim;1;0;0;1;0;0;1;1;-25,51504137;-48,52257125;SPRF-PR;DEL01-PR;UOP05-DEL01-PR
699602;21/06/2025;sábado;16:05:00;RJ;101;322;NITEROI;Pedestre cruzava a pista fora da faixa;Atropelamento de Pedestre;Com Vítimas Feridas;Pleno dia;Crescente;Céu Claro;Múltipla;Curva;Não;2;0;0;1;1;0;1;2;-22,8786176;-43,1128576;SPRF-RJ;DEL02-RJ;UOP01-DEL02-RJ
699603;21/06/2025;sábado;16:50:00;RJ;465;22;NOVA IGUACU;Acessar a via sem observar a presença dos outros veículos;Colisão transversal;Com Vítimas Feridas;Plena Noite;Decrescente;Céu Claro;Simples;Reta;Sim;3;0;0;2;1;0;2;2;-22,85677762;-43,60181205;SPRF-RJ;DEL03-RJ;UOP01-DEL03-RJ
699604;21/06/2025;sábado;19:00:00;ES;262;112;VENDA NOVA DO IMIGRANTE;Demais falhas mecânicas ou elétricas;Incêndio;Sem Vítimas;Plena Noite;Crescente;Céu Claro;Simples;Curva;Não;1;0;0;0;0;1;0;1;-20,32997655;-41,20495168;SPRF-ES;DEL01-ES;UOP02-DEL01-ES
699605;21/06/2025;sábado;18:20:00;MS;60;407;SIDROLANDIA;Animais na Pista;Atropelamento de Animal;Com Vítimas Feridas;Plena Noite;Decrescente;Céu Claro;Simples;Reta;Não;2;0;1;1;0;0;2;1;-20,86235896;-54,82099883;SPRF-MS;DEL01-MS;UOP04-DEL01-MS
699606;21/06/2025;sábado;16:50:00;RO;364;693;CANDEIAS DO JAMARI;Frear bruscamente;Tombamento;Com Vítimas Feridas;Pleno dia;Crescente;Céu Claro;Simples;"Reta;Em Obras";Sim;2;0;2;0;0;0;2;1;-8,79864376;-63,71635644;SPRF-RO;DEL01-RO;UOP01-DEL01-RO
699607;21/06/2025;sábado;19:40:00;AP;210;1;MACAPA;Pedestre cruzava a pista fora da faixa;Atropelamento de Pedestre;Com Vítimas Feridas;Plena Noite;Decrescente;Nublado;Dupla;Reta;Sim;2;0;2;0;0;0;2;2;0,0839853;-51,08009577;SPRF-AP;DEL01-AP;UOP01-DEL01-AP
699608;21/06/2025;sábado;19:22:00;ES;101;223;IBIRACU;Transitar na contramão;Colisão lateral sentido oposto;Com Vítimas Feridas;Plena Noite;Crescente;Céu Claro;Simples;Curva;Não;2;0;0;1;1;0;1;2;-19,879549;-40,417088;SPRF-ES;DEL02-ES;UOP01-DEL02-ES
699610;21/06/2025;sábado;18:00:00;MG;116;281,7;TEOFILO OTONI;Transitar no Acostamento;Atropelamento de Pedestre;Com Vítimas Feridas;Anoitecer;Decrescente;Nublado;Simples;Reta;Não;2;0;1;1;0;0;2;2;-17,898931;-41,523748;SPRF-MG;DEL11-MG;UOP01-DEL11-MG
699611;21/06/2025;sábado;19:09:00;GO;70;5;AGUAS LINDAS DE GOIAS;Ingestão de álcool pelo condutor;Colisão traseira;Sem Vítimas;Plena Noite;Crescente;Céu Claro;Dupla;Reta;Sim;2;0;0;0;2;0;0;2;-15,75137957;-48,26066955;SPRF-DF;DEL03-DF;UOP02-DEL03-DF