id;data_inversa;dia_semana;horario;uf;br;km;municipio;causa_acidente;tipo_acidente;classificacao_acidente;fase_dia;sentido_via;condicao_metereologica;tipo_pista;tracado_via;uso_solo;pessoas;mortos;feridos_leves;feridos_graves;ilesos;ignorados;feridos;veiculos;latitude;longitude;regional;delegacia;uop
699721;22/06/2025;domingo;08:10:00;RJ;116;148;DUQUE DE CAXIAS;Acumulo de areia ou detritos sobre o pavimento;Tombamento;Com Vítimas Feridas;Pleno dia;Crescente;Céu Claro;Dupla;Curva;Sim;2;0;2;0;0;0;2;1;-22,6689024;-43,2799744;SPRF-RJ;DEL01-RJ;UOP02-DEL01-RJ
699722;22/06/2025;domingo;08:15:00;MG;262;383;FLORESTAL;Velocidade Incompatível;Saída de leito carroçável;Com Vítimas Feridas;Pleno dia;Crescente;Céu Claro;Dupla;Curva;Não;1;0;1;0;0;0;1;1;-19,93500156;-44,45750481;SPRF-MG;DEL01-MG;UOP03-DEL01-MG
699723;22/06/2025;domingo;09:20:00;PB;101;85;BAYEUX;Acostamento em desnível;Tombamento;Com Vítimas Feridas;Pleno dia;Crescente;Céu Claro;Dupla;Reta;Sim;2;0;1;0;1;0;1;1;-7,14357061;-34,91857738;SPRF-PB;DEL01-PB;UOP01-DEL01-PB
699728;22/06/2025;domingo;09:40:00;PR;376;617;SAO JOSE DOS PINHAIS;Velocidade Incompatível;Colisão traseira;Com Vítimas Feridas;Pleno dia;Crescente;Garoa/Chuvisco;Dupla;Curva;Não;6;0;5;0;1;0;5;2;-25,59089547;-49,1716489;SPRF-PR;DEL01-PR;UOP04-DEL01-PR
699729;22/06/2025;domingo;10:35:00;CE;116;1;FORTALEZA;Ausência de reação do condutor;Colisão traseira;Com Vítimas Feridas;Pleno dia;Decrescente;Céu Claro;Múltipla;Reta;Sim;1;0;0;1;0;0;1;1;-3,7709475;-38,516836;SPRF-CE;DEL01-CE;UOP02-DEL01-CE
699730;22/06/2025;domingo;10:25:00;PR;376;159,4;MANDAGUACU;Ausência de reação do condutor;Saída de leito carroçável;Com Vítimas Feridas;Pleno dia;Crescente;Nublado;Dupla;Curva;Não;1;0;1;0;0;0;1;1;-23,3644432;-52,0837393;SPRF-PR;DEL09-PR;UOP02-DEL09-PR
699731;22/06/2025;domingo;09:30:00;MG;50;168,9;UBERABA;Demais falhas mecânicas ou elétricas;Tombamento;Com Vítimas Feridas;Pleno dia;Crescente;Sol;Dupla;"Declive;Reta";Não;1;0;1;0;0;0;1;1;-19,72615019;-47,98102856;SPRF-MG;DEL13-MG;UOP01-DEL13-MG
699732;22/06/2025;domingo;08:00:00;MG;267;213,3;BOM JARDIM DE MINAS;Conversão proibida;Colisão transversal;Com Vítimas Feridas;Pleno dia;Decrescente;Céu Claro;Simples;"Curva;Rotatória;Declive;Interseção de Vias";Não;6;0;2;0;4;0;2;2;-21,936688;-44,193527;SPRF-MG;DEL17-MG;UOP01-DEL17-MG
699733;22/06/2025;domingo;09:45:00;MG;381;439,5;SABARA;Velocidade Incompatível;Colisão traseira;Com Vítimas Feridas;Pleno dia;Crescente;Sol;Simples;"Reta;Aclive";Não;6;0;1;0;5;0;1;5;-19,80926002;-43,76815308;SPRF-MG;DEL01-MG;UOP01-DEL01-MG
699735;22/06/2025;domingo;09:40:00;PI;316;2,4;TERESINA;Velocidade Incompatível;Colisão traseira;Com Vítimas Feridas;Pleno dia;Decrescente;Sol;Múltipla;"Interseção de Vias;Reta;Rotatória";Sim;3;0;1;0;1;1;1;3;-5,1237766;-42,7948558;SPRF-PI;DEL01-PI;UOP02-DEL01-PI
699736;22/06/2025;domingo;10:20:00;PR;116;26;ANTONINA;Velocidade Incompatível;Saída de leito carroçável;Com Vítimas Feridas;Pleno dia;Decrescente;Chuva;Dupla;"Declive;Curva";Não;2;0;1;0;1;0;1;2;-25,11155955;-48,76530647;SPRF-PR;DEL01-PR;UOP02-DEL01-PR
699737;22/06/2025;domingo;10:30:00;GO;60;29;ALEXANIA;Reação tardia ou ineficiente do condutor;Colisão lateral mesmo sentido;Com Vítimas Feridas;Pleno dia;Decrescente;Céu Claro;Dupla;Declive;Não;3;0;1;1;1;0;2;2;-16,097775;-48,48135;SPRF-DF;DEL03-DF;UOP01-DEL03-DF
699738;22/06/2025;domingo;10:37:00;MS;262;409;TERENOS;Ausência de reação do condutor;Colisão traseira;Com Vítimas Feridas;Pleno dia;Crescente;Céu Claro;Simples;Reta;Não;3;0;1;0;2;0;1;2;-20,4378926;-55,103871;SPRF-MS;DEL01-MS;UOP03-DEL01-MS
699739;22/06/2025;domingo;11:25:00;SC;282;54,9;AGUAS MORNAS;Ausência de reação do condutor;Saída de leito carroçável;Com Vítimas Feridas;Pleno dia;Crescente;Nublado;Simples;Curva;Não;4;0;3;0;1;0;3;2;-27,68960835;-48,98288727;SPRF-SC;DEL01-SC;UOP03-DEL01-SC
699741;22/06/2025;domingo;11:30:00;SP;116;361,8;MIRACATU;Reação tardia ou ineficiente do condutor;Tombamento;Com Vítimas Feridas;Pleno dia;Decrescente;Chuva;Dupla;Curva;Não;2;0;1;0;1;0;1;1;-24,12102036;-47,26856307;SPRF-SP;DEL04-SP;UOP03-DEL04-SP
699742;22/06/2025;domingo;12:00:00;BA;101;714;EUNAPOLIS;Transitar na contramão;Colisão transversal;Sem Vítimas;Pleno dia;Crescente;Céu Claro;Simples;Reta;Sim;4;0;0;0;3;1;0;2;-16,34575555;-39,58065033;SPRF-BA;DEL09-BA;UOP01-DEL09-BA
699745;22/06/2025;domingo;09:30:00;SC;101;100;BALNEARIO PICARRAS;Reação tardia ou ineficiente do condutor;Saída de leito carroçável;Com Vítimas Feridas;Pleno dia;Crescente;Chuva;Dupla;Reta;Sim;1;0;1;0;0;0;1;1;-26,75502721;-48,68987974;SPRF-SC;DEL03-SC;UOP02-DEL03-SC
699746;22/06/2025;domingo;10:48:00;MG;116;608;SAO JOAO DO MANHUACU;Acessar a via sem observar a presença dos outros veículos;Colisão transversal;Com Vítimas Feridas;Pleno dia;Crescente;Céu Claro;Simples;"Reta;Interseção de Vias";Sim;2;0;1;0;1;0;1;2;-20,40770758;-42,15213776;SPRF-MG;DEL06-MG;UOP03-DEL06-MG
699747;22/06/2025;domingo;08:30:00;SC;101;88;BARRA VELHA;Ausência de reação do condutor;Capotamento;Com Vítimas Feridas;Pleno dia;Decrescente;Chuva;Simples;"Reta;Interseção de Vias";Sim;2;0;1;0;0;1;1;1;-26,64939392;-48,68642204;SPRF-SC;DEL03-SC;UOP02-DEL03-SC
699748;22/06/2025;domingo;12:50:00;MG;262;792;UBERABA;Reação tardia ou ineficiente do condutor;Tombamento;Com Vítimas Feridas;Pleno dia;Crescente;Céu Claro;Simples;Reta;Não;2;0;1;1;0;0;2;1;-19,757447;-47,822421;SPRF-MG;DEL13-MG;UOP01-DEL13-MG
699749;22/06/2025;domingo;13:05:00;PR;376;616,5;SAO JOSE DOS PINHAIS;Manobra de mudança de faixa;Colisão lateral mesmo sentido;Com Vítimas Feridas;Pleno dia;Decrescente;Sol;Dupla;"Reta;Aclive";Sim;3;0;2;0;0;1;2;2;-25,5861656;-49,17336702;SPRF-PR;DEL01-PR;UOP04-DEL01-PR
699750;22/06/2025;domingo;12:40:00;GO;414;303;VILA PROPICIO;Ausência de reação do condutor;Saída de leito carroçável;Com Vítimas Feridas;Pleno dia;Decrescente;Céu Claro;Simples;Reta;Não;1;0;1;0;0;0;1;1;-15,229287;-48,694351;SPRF-GO;DEL02-GO;UOP01-DEL02-GO
699751;22/06/2025;domingo;10:40:00;RJ;101;80;CAMPOS DOS GOYTACAZES;Ausência de reação do condutor;Colisão frontal;Com Vítimas Feridas;Pleno dia;Crescente;Céu Claro;Simples;Reta;Sim;3;0;1;0;1;1;1;3;-21,8237829;-41,4099507;SPRF-RJ;DEL08-RJ;UOP02-DEL08-RJ
699752;22/06/2025;domingo;13:30:00;ES;101;335,6;GUARAPARI;Reação tardia ou ineficiente do condutor;Colisão transversal;Com Vítimas Feridas;Pleno dia;Crescente;Céu Claro;Dupla;Curva;Não;3;0;1;0;2;0;1;2;-20,62791666;-40,53403166;SPRF-ES;DEL03-ES;UOP01-DEL03-ES
699753;22/06/2025;domingo;11:30:00;MG;40;607,1;CONGONHAS;Ausência de reação do condutor;Colisão com objeto;Com Vítimas Feridas;Pleno dia;Decrescente;Céu Claro;Simples;"Reta;Aclive";Não;4;0;2;0;2;0;2;2;-20,48010752;-43,84078056;SPRF-MG;DEL05-MG;UOP02-DEL05-MG
699754;22/06/2025;domingo;12:30:00;RJ;465;2;SEROPEDICA;Retorno proibido;Colisão lateral mesmo sentido;Com Vítimas Feridas;Pleno dia;Crescente;Céu Claro;Simples;Reta;Sim;3;0;2;0;1;0;2;2;-22,72243625;-43,72344017;SPRF-RJ;DEL06-RJ;UOP02-DEL06-RJ
699758;22/06/2025;domingo;13:10:00;SC;282;3,9;FLORIANOPOLIS;Condutor deixou de manter distância do veículo da frente;Colisão lateral mesmo sentido;Com Vítimas Feridas;Pleno dia;Crescente;Garoa/Chuvisco;Simples;Reta;Sim;3;0;2;0;0;1;2;2;-27,59291;-48,60314;SPRF-SC;DEL01-SC;UOP01-DEL01-SC
699759;22/06/2025;domingo;09:20:00;SC;101;57,8;ARAQUARI;Velocidade Incompatível;Saída de leito carroçável;Com Vítimas Fatais;Pleno dia;Crescente;Chuva;Dupla;"Declive;Curva";Não;8;1;3;1;3;0;4;3;-26,439197;-48,802252;SPRF-SC;DEL03-SC;UOP01-DEL03-SC
699761;22/06/2025;domingo;14:15:00;MG;381;399;BOM JESUS DO AMPARO;Manobra de mudança de faixa;Queda de ocupante de veículo;Com Vítimas Feridas;Pleno dia;Crescente;Céu Claro;Dupla;"Declive;Curva";Não;2;0;1;0;0;1;1;2;-19,74996802;-43,4856877;SPRF-MG;DEL01-MG;UOP01-DEL01-MG
699763;22/06/2025;domingo;14:15:00;MA;316;256;PINDARE-MIRIM;Ingestão de álcool pelo condutor;Colisão traseira;Com Vítimas Feridas;Pleno dia;Crescente;Céu Claro;Simples;"Declive;Reta";Sim;3;0;2;0;1;0;2;2;-3,65733433;-45,42606354;SPRF-MA;DEL02-MA;UOP01-DEL02-MA
699765;22/06/2025;domingo;14:20:00;RN;101;79;SAO GONCALO DO AMARANTE;Acessar a via sem observar a presença dos outros veículos;Colisão traseira;Com Vítimas Feridas;Pleno dia;Crescente;Céu Claro;Dupla;"Reta;Interseção de Vias";Sim;2;0;1;0;1;0;1;2;-5,75344505;-35,28895346;SPRF-RN;DEL02-RN;UOP01-DEL02-RN
699766;22/06/2025;domingo;09:48:00;RS;116;236,4;NOVO HAMBURGO;Reação tardia ou ineficiente do condutor;Tombamento;Com Vítimas Fatais;Pleno dia;Decrescente;Nublado;Dupla;Reta;Sim;3;1;0;0;1;1;0;3;-29,674378;-51,142668;SPRF-RS;DEL01-RS;UOP02-DEL01-RS
699767;22/06/2025;domingo;13:15:00;RO;364;11;VILHENA;Transitar na contramão;Colisão transversal;Com Vítimas Feridas;Pleno dia;Crescente;Sol;Dupla;Interseção de Vias;Sim;2;0;1;0;1;0;1;2;-12,74498606;-60,11523306;SPRF-RO;DEL04-RO;UOP01-DEL04-RO
699768;22/06/2025;domingo;14:30:00;ES;101;301;VIANA;Velocidade Incompatível;Capotamento;Com Vítimas Feridas;Pleno dia;Crescente;Céu Claro;Simples;"Declive;Curva";Não;2;0;1;0;1;0;1;1;-20,36924731;-40,44430939;SPRF-ES;DEL01-ES;UOP01-DEL01-ES
699769;22/06/2025;domingo;14:30:00;SC;282;5,8;SAO JOSE;Chuva;Colisão lateral mesmo sentido;Com Vítimas Feridas;Pleno dia;Decrescente;Chuva;Dupla;"Curva;Aclive";Sim;3;0;2;0;1;0;2;2;-27,58566014;-48,61788724;SPRF-SC;DEL01-SC;UOP01-DEL01-SC
699770;22/06/2025;domingo;02:35:00;MT;163;1;GUARANTA DO NORTE;Reação tardia ou ineficiente do condutor;Colisão com objeto;Sem Vítimas;Plena Noite;Crescente;Céu Claro;Simples;Reta;Não;1;0;0;0;1;0;0;1;-9,5535;-54,8711;SPRF-MT;DEL02-MT;UOP03-DEL02-MT
699771;22/06/2025;domingo;14:50:00;SP;381;25;BRAGANCA PAULISTA;Manobra de mudança de faixa;Colisão traseira;Com Vítimas Feridas;Pleno dia;Crescente;Céu Claro;Dupla;"Reta;Aclive";Não;2;0;1;0;1;0;1;2;-23,0185817;-46,5282017;SPRF-SP;DEL03-SP;UOP02-DEL03-SP
699772;22/06/2025;domingo;15:00:00;PE;101;45;IGARASSU;Reação tardia ou ineficiente do condutor;Queda de ocupante de veículo;Com Vítimas Feridas;Pleno dia;Crescente;Céu Claro;Múltipla;Reta;Sim;3;0;2;0;0;1;2;2;-7,8770983;-34,905763;SPRF-PE;DEL01-PE;UOP02-DEL01-PE
699773;22/06/2025;domingo;14:00:00;PR;116;70,9;QUATRO BARRAS;Demais falhas mecânicas ou elétricas;Queda de ocupante de veículo;Com Vítimas Feridas;Pleno dia;Decrescente;Sol;Dupla;Curva;Não;1;0;1;0;0;0;1;1;-25,345547;-49,043908;SPRF-PR;DEL01-PR;UOP02-DEL01-PR
699774;22/06/2025;domingo;14:30:00;RS;448;22;PORTO ALEGRE;Mal súbito do condutor;Colisão com objeto;Sem Vítimas;Pleno dia;Decrescente;Chuva;Simples;Curva;Não;1;0;0;0;1;0;0;1;-29,9743355;-51,1966069;SPRF-RS;DEL01-RS;UOP01-DEL01-RS
699777;22/06/2025;domingo;13:40:00;SC;101;103;BALNEARIO PICARRAS;Ausência de reação do condutor;Colisão traseira;Com Vítimas Feridas;Pleno dia;Decrescente;Chuva;Múltipla;"Reta;Declive;Interseção de Vias";Não;3;0;3;0;0;0;3;2;-26,77673387;-48,68513759;SPRF-SC;DEL03-SC;UOP02-DEL03-SC
699778;22/06/2025;domingo;13:50:00;SC;470;193;POUSO REDONDO;Acumulo de água sobre o pavimento;Colisão transversal;Com Vítimas Feridas;Pleno dia;Crescente;Chuva;Simples;"Declive;Curva";Não;3;0;1;0;2;0;1;2;-27,30105815;-50,07954296;SPRF-SC;DEL04-SC;UOP02-DEL04-SC
699779;22/06/2025;domingo;13:50:00;PI;343;168,9;BRASILEIRA;Acessar a via sem observar a presença dos outros veículos;Colisão transversal;Com Vítimas Fatais;Pleno dia;Crescente;Céu Claro;Simples;Reta;Não;5;1;0;0;4;0;0;2;-4,153034;-41,784948;SPRF-PI;DEL02-PI;UOP01-DEL02-PI
699780;22/06/2025;domingo;15:00:00;GO;40;131,6;CRISTALINA;Reação tardia ou ineficiente do condutor;Colisão traseira;Com Vítimas Feridas;Pleno dia;Decrescente;Céu Claro;Simples;"Aclive;Reta";Não;4;0;1;1;2;0;2;3;-16,7135462;-47,6696679;SPRF-DF;DEL01-DF;UOP02-DEL01-DF
699781;22/06/2025;domingo;14:30:00;MG;381;478;CONTAGEM;Trafegar com motocicleta (ou similar) entre as faixas;Colisão traseira;Com Vítimas Feridas;Pleno dia;Decrescente;Céu Claro;Dupla;"Aclive;Reta";Sim;4;0;1;1;2;0;2;2;-19,95970957;-44,03378642;SPRF-MG;DEL01-MG;UOP03-DEL01-MG
699782;22/06/2025;domingo;13:50:00;PE;104;87;AGRESTINA;Acessar a via sem observar a presença dos outros veículos;Colisão transversal;Com Vítimas Feridas;Pleno dia;Decrescente;Céu Claro;Simples;Reta;Sim;2;0;0;1;1;0;1;2;-8,45568423;-35,94428337;SPRF-PE;DEL02-PE;UOP01-DEL02-PE
699784;22/06/2025;domingo;15:30:00;SP;116;224;GUARULHOS;Reação tardia ou ineficiente do condutor;Tombamento;Com Vítimas Feridas;Pleno dia;Crescente;Nublado;Múltipla;"Reta;Em Obras";Sim;1;0;1;0;0;0;1;1;-23,48342257;-46,5364493;SPRF-SP;DEL01-SP;UOP01-DEL01-SP
699788;22/06/2025;domingo;15:20:00;AL;101;122,1;SAO MIGUEL DOS CAMPOS;Transitar na contramão;Colisão lateral sentido oposto;Com Vítimas Feridas;Pleno dia;Crescente;Céu Claro;Simples;"Declive;Curva";Não;6;0;1;0;5;0;1;2;-9,69905761;-36,03224723;SPRF-AL;DEL02-AL;UOP01-DEL02-AL
699789;22/06/2025;domingo;16:00:00;SP;116;288;ITAPECERICA DA SERRA;Transitar no Acostamento;Colisão transversal;Com Vítimas Feridas;Pleno dia;Decrescente;Céu Claro;Dupla;Reta;Não;3;0;0;2;1;0;2;2;-23,71126325;-46,877062;SPRF-SP;DEL04-SP;UOP01-DEL04-SP
699790;22/06/2025;domingo;16:50:00;PE;101;39;IGARASSU;Ausência de reação do condutor;Colisão lateral mesmo sentido;Com Vítimas Feridas;Pleno dia;Decrescente;Céu Claro;Dupla;Retorno Regulamentado;Sim;2;0;1;0;0;1;1;2;-7,8155453;-34,9175865;SPRF-PE;DEL01-PE;UOP02-DEL01-PE
699791;22/06/2025;domingo;16:50:00;SP;116;80,1;ROSEIRA;Condutor deixou de manter distância do veículo da frente;Colisão traseira;Com Vítimas Feridas;Pleno dia;Crescente;Céu Claro;Simples;Reta;Não;3;0;2;0;1;0;2;2;-22,89926486;-45,30222503;SPRF-SP;DEL08-SP;UOP01-DEL08-SP
699792;22/06/2025;domingo;15:50:00;RS;285;292;PASSO FUNDO;Ingestão de álcool pelo condutor;Saída de leito carroçável;Com Vítimas Feridas;Pleno dia;Decrescente;Chuva;Dupla;Rotatória;Sim;1;0;1;0;0;0;1;1;-28,23912744;-52,35925913;SPRF-RS;DEL08-RS;UOP03-DEL08-RS
699793;22/06/2025;domingo;17:00:00;BA;242;852;BARREIRAS;Condutor deixou de manter distância do veículo da frente;Colisão traseira;Sem Vítimas;Pleno dia;Crescente;Céu Claro;Simples;Reta;Não;7;0;0;0;7;0;0;2;-12,11242;-45,2709;SPRF-BA;DEL10-BA;UOP01-DEL10-BA
699794;22/06/2025;domingo;17:25:00;GO;153;255;SAO LUIZ DO NORTE;Objeto estático sobre o leito carroçável;Colisão com objeto;Com Vítimas Feridas;Pleno dia;Crescente;Céu Claro;Simples;Reta;Não;3;0;0;3;0;0;3;1;-14,96686317;-49,38738585;SPRF-GO;DEL07-GO;UOP02-DEL07-GO
699795;22/06/2025;domingo;14:40:00;MG;381;259;CORONEL FABRICIANO;Condutor deixou de manter distância do veículo da frente;Colisão traseira;Com Vítimas Feridas;Pleno dia;Decrescente;Céu Claro;Simples;Reta;Não;3;0;1;0;2;0;1;2;-19,53455434;-42,59845734;SPRF-MG;DEL03-MG;UOP01-DEL03-MG
699796;22/06/2025;domingo;14:40:00;RJ;101;573;PARATY;Ausência de reação do condutor;Colisão com objeto;Com Vítimas Feridas;Pleno dia;Crescente;Nublado;Simples;Reta;Não;1;0;1;0;0;0;1;1;-23,205734;-44,73138;SPRF-RJ;DEL03-RJ;UOP04-DEL03-RJ
699798;22/06/2025;domingo;16:30:00;GO;60;186,2;GUAPO;Acessar a via sem observar a presença dos outros veículos;Atropelamento de Animal;Com Vítimas Feridas;Pleno dia;Crescente;Céu Claro;Dupla;"Curva;Retorno Regulamentado";Não;2;0;1;0;1;0;1;2;-16,82585724;-49,53624011;SPRF-GO;DEL01-GO;UOP02-DEL01-GO
699799;22/06/2025;domingo;17:10:00;DF;60;20;BRASILIA;Demais falhas mecânicas ou elétricas;Tombamento;Com Vítimas Feridas;Pleno dia;Decrescente;Céu Claro;Dupla;Curva;Não;2;0;2;0;0;0;2;1;-15,928692;-48,1678365;SPRF-DF;DEL03-DF;UOP01-DEL03-DF
699800;22/06/2025;domingo;15:10:00;SC;470;128;LONTRAS;Chuva;Saída de leito carroçável;Com Vítimas Feridas;Pleno dia;Decrescente;Chuva;Simples;"Aclive;Curva";Não;2;0;2;0;0;0;2;1;-27,14636811;-49,54975657;SPRF-SC;DEL04-SC;UOP02-DEL04-SC
699801;22/06/2025;domingo;16:40:00;SP;381;0,4;VARGEM;Manobra de mudança de faixa;Colisão transversal;Sem Vítimas;Pleno dia;Crescente;Céu Claro;Dupla;Reta;Não;2;0;0;0;2;0;0;2;-22,88155252;-46,37500763;SPRF-SP;DEL03-SP;UOP02-DEL03-SP
699803;22/06/2025;domingo;17:45:00;PR;476;165,4;CONTENDA;Condutor deixou de manter distância do veículo da frente;Colisão traseira;Sem Vítimas;Anoitecer;Crescente;Céu Claro;Simples;Reta;Não;2;0;0;0;1;1;0;2;-25,66061787;-49,48900938;SPRF-PR;DEL01-PR;UOP06-DEL01-PR
699804;22/06/2025;domingo;17:10:00;MG;40;495;ESMERALDAS;Condutor deixou de manter distância do veículo da frente;Engavetamento;Com Vítimas Feridas;Pleno dia;Crescente;Sol;Dupla;Reta;Não;6;0;2;0;4;0;2;4;-19,68103056;-44,18806314;SPRF-MG;DEL02-MG;UOP01-DEL02-MG
699807;22/06/2025;domingo;16:20:00;RN;304;6,8;MOSSORO;Ingestão de álcool pelo condutor;Colisão transversal;Com Vítimas Feridas;Pleno dia;Crescente;Céu Claro;Simples;Reta;Não;2;0;1;0;1;0;1;2;-4,931867;-37,414212;SPRF-RN;DEL04-RN;UOP02-DEL04-RN
699808;22/06/2025;domingo;06:30:00;AM;319;14;CAREIRO DA VARZEA;Condutor Dormindo;Saída de leito carroçável;Com Vítimas Feridas;Amanhecer;Crescente;Nublado;Simples;Reta;Sim;2;0;1;1;0;0;2;2;-3,19393962;-59,86899412;SPRF-AM;DEL01-AM;UOP04-DEL01-AM
699809;22/06/2025;domingo;17:15:00;MG;262;394;PARA DE MINAS;Manobra de mudança de faixa;Colisão lateral mesmo sentido;Com Vítimas Feridas;Anoitecer;Crescente;Ignorado;Dupla;"Curva;Retorno Regulamentado";Não;6;0;2;0;4;0;2;2;-19,90143349;-44,54862563;SPRF-MG;DEL01-MG;UOP03-DEL01-MG
699810;22/06/2025;domingo;16:40:00;GO;50;99;CRISTALINA;Ingestão de álcool pelo condutor;Colisão transversal;Sem Vítimas;Pleno dia;Decrescente;Céu Claro;Dupla;Reta;Sim;2;0;0;0;2;0;0;2;-16,779;-47,627;SPRF-DF;DEL01-DF;UOP02-DEL01-DF
699811;22/06/2025;domingo;16:56:00;MG;381;505;BETIM;Ausência de reação do condutor;Queda de ocupante de veículo;Com Vítimas Feridas;Pleno dia;Decrescente;Céu Claro;Dupla;Reta;Não;1;0;1;0;0;0;1;1;-20,03606449;-44,24532008;SPRF-MG;DEL01-MG;UOP03-DEL01-MG
699813;22/06/2025;domingo;17:55:00;PB;230;22;JOAO PESSOA;Reação tardia ou ineficiente do condutor;Colisão traseira;Com Vítimas Feridas;Anoitecer;Crescente;Nublado;Dupla;Reta;Sim;1;0;1;0;0;0;1;1;-7,156097;-34,857388;SPRF-PB;DEL01-PB;UOP01-DEL01-PB
699814;22/06/2025;domingo;18:00:00;MG;116;482,8;DOM CAVATI;Ingestão de álcool pelo condutor;Colisão traseira;Com Vítimas Fatais;Anoitecer;Crescente;Nublado;Simples;Reta;Não;2;1;0;0;1;0;0;2;-19,41146103;-42,11788982;SPRF-MG;DEL06-MG;UOP02-DEL06-MG
699815;22/06/2025;domingo;17:15:00;PI;343;347;TERESINA;Reação tardia ou ineficiente do condutor;Colisão traseira;Com Vítimas Feridas;Pleno dia;Decrescente;Céu Claro;Dupla;"Reta;Ponte";Sim;3;0;3;0;0;0;3;2;-5,115282;-42,779213;SPRF-PI;DEL01-PI;UOP01-DEL01-PI
699817;22/06/2025;domingo;17:45:00;CE;116;43;HORIZONTE;Reação tardia ou ineficiente do condutor;Colisão traseira;Sem Vítimas;Anoitecer;Decrescente;Céu Claro;Múltipla;Reta;Sim;2;0;0;0;1;1;0;2;-4,113517;-38,489804;SPRF-CE;DEL01-CE;UOP02-DEL01-CE
699818;22/06/2025;domingo;16:40:00;CE;222;238;SOBRAL;Ingestão de álcool pelo condutor;Colisão com objeto;Com Vítimas Feridas;Pleno dia;Crescente;Céu Claro;Simples;Reta;Não;1;0;0;1;0;0;1;1;-3,7081647;-40,3547808;SPRF-CE;DEL04-CE;UOP01-DEL04-CE
699819;22/06/2025;domingo;17:55:00;ES;101;240,6;SERRA;Entrada inopinada do pedestre;Atropelamento de Pedestre;Com Vítimas Fatais;Anoitecer;Crescente;Céu Claro;Dupla;Reta;Não;2;1;0;0;1;0;0;2;-20,03132299;-40,39736941;SPRF-ES;DEL02-ES;UOP01-DEL02-ES
699820;22/06/2025;domingo;17:00:00;RJ;116;282,3;BARRA MANSA;Manobra de mudança de faixa;Colisão lateral mesmo sentido;Com Vítimas Feridas;Pleno dia;Crescente;Céu Claro;Simples;"Reta;Retorno Regulamentado";Não;2;0;1;0;1;0;1;2;-22,50841213;-44,21990767;SPRF-RJ;DEL07-RJ;UOP02-DEL07-RJ
699821;22/06/2025;domingo;17:15:00;RN;110;48,3;MOSSORO;Ausência de reação do condutor;Colisão traseira;Com Vítimas Fatais;Pleno dia;Crescente;Céu Claro;Dupla;Reta;Sim;3;1;0;0;1;1;0;3;-5,21100653;-37,3327446;SPRF-RN;DEL04-RN;UOP01-DEL04-RN
699822;22/06/2025;domingo;16:19:00;RO;364;373;OURO PRETO DO OESTE;Condutor Dormindo;Saída de leito carroçável;Com Vítimas Feridas;Pleno dia;Decrescente;Chuva;Simples;Curva;Não;1;0;1;0;0;0;1;1;-10,749304;-62,169524;SPRF-RO;DEL02-RO;UOP01-DEL02-RO
699823;22/06/2025;domingo;18:00:00;ES;101;89,5;SAO MATEUS;Pedestre cruzava a pista fora da faixa;Atropelamento de Pedestre;Com Vítimas Feridas;Plena Noite;Crescente;Céu Claro;Simples;Reta;Não;2;0;1;1;0;0;2;2;-18,894675;-39,954436;SPRF-ES;DEL04-ES;UOP02-DEL04-ES
699825;22/06/2025;domingo;17:15:00;SP;116;98;PINDAMONHANGABA;Ultrapassagem Indevida;Colisão traseira;Com Vítimas Feridas;Anoitecer;Crescente;Céu Claro;Dupla;"Reta;Interseção de Vias";Sim;3;0;1;0;2;0;1;2;-22,9760953;-45,45215607;SPRF-SP;DEL08-SP;UOP01-DEL08-SP
699826;22/06/2025;domingo;13:00:00;PR;163;172;LINDOESTE;Velocidade Incompatível;Colisão com objeto;Com Vítimas Feridas;Pleno dia;Decrescente;Nublado;Dupla;Curva;Sim;1;0;1;0;0;0;1;1;-25,22200365;-53,59467879;SPRF-PR;DEL05-PR;UOP05-DEL05-PR
699827;22/06/2025;domingo;17:30:00;RJ;465;20;NOVA IGUACU;Conversão proibida;Colisão lateral sentido oposto;Com Vítimas Feridas;Pleno dia;Decrescente;Céu Claro;Simples;Reta;Sim;2;0;1;0;1;0;1;2;-22,84833623;-43,60370636;SPRF-RJ;DEL06-RJ;UOP02-DEL06-RJ
699828;22/06/2025;domingo;18:40:00;GO;153;517;APARECIDA DE GOIANIA;Reação tardia ou ineficiente do condutor;Colisão traseira;Sem Vítimas;Plena Noite;Crescente;Vento;Dupla;Reta;Não;2;0;0;0;2;0;0;2;-16,81157977;-49,23893454;SPRF-GO;DEL01-GO;UOP03-DEL01-GO
699829;22/06/2025;domingo;18:15:00;PB;230;3,5;CABEDELO;Ingestão de álcool pelo condutor;Colisão transversal;Com Vítimas Feridas;Plena Noite;Decrescente;Céu Claro;Dupla;"Desvio Temporário;Em Obras;Reta";Sim;2;0;1;0;1;0;1;2;-6,999853;-34,828303;SPRF-PB;DEL01-PB;UOP01-DEL01-PB
699830;22/06/2025;domingo;18:30:00;SC;101;335;TUBARAO;Demais falhas mecânicas ou elétricas;Incêndio;Com Vítimas Feridas;Plena Noite;Crescente;Garoa/Chuvisco;Dupla;Reta;Não;3;0;1;0;2;0;1;1;-28,48071251;-49,03447;SPRF-SC;DEL02-SC;UOP01-DEL02-SC
699831;22/06/2025;domingo;17:50:00;MG;40;667,1;CARANDAI;Condutor deixou de manter distância do veículo da frente;Engavetamento;Com Vítimas Feridas;Plena Noite;Decrescente;Céu Claro;Simples;Reta;Sim;4;0;0;2;2;0;2;3;-20,95008964;-43,79524782;SPRF-MG;DEL05-MG;UOP02-DEL05-MG