id;data_inversa;dia_semana;horario;uf;br;km;municipio;causa_acidente;tipo_acidente;classificacao_acidente;fase_dia;sentido_via;condicao_metereologica;tipo_pista;tracado_via;uso_solo;pessoas;mortos;feridos_leves;feridos_graves;ilesos;ignorados;feridos;veiculos;latitude;longitude;regional;delegacia;uop
699833;22/06/2025;domingo;18:08:00;MG;40;667,1;CARANDAI;Ausência de reação do condutor;Colisão com objeto;Sem Vítimas;Plena Noite;Crescente;Céu Claro;Simples;Reta;Sim;2;0;0;0;2;0;0;2;-20,95004434;-43,79536629;SPRF-MG;DEL05-MG;UOP02-DEL05-MG
699834;22/06/2025;domingo;18:30:00;SP;116;127;CACAPAVA;Manobra de mudança de faixa;Colisão lateral mesmo sentido;Com Vítimas Feridas;Plena Noite;Crescente;Céu Claro;Dupla;"Reta;Declive";Sim;2;0;1;0;1;0;1;2;-23,10870737;-45,70082897;SPRF-SP;DEL02-SP;UOP02-DEL02-SP
699835;22/06/2025;domingo;18:50:00;PB;230;80;RIACHAO DO POCO;Ingestão de álcool pelo condutor;Colisão lateral mesmo sentido;Sem Vítimas;Plena Noite;Decrescente;Nublado;Dupla;"Reta;Retorno Regulamentado";Não;2;0;0;0;2;0;0;2;-7,178604;-35,321886;SPRF-PB;DEL01-PB;UOP02-DEL01-PB
699836;22/06/2025;domingo;17:40:00;MG;116;521,3;CARATINGA;Acessar a via sem observar a presença dos outros veículos;Colisão transversal;Com Vítimas Feridas;Plena Noite;Decrescente;Céu Claro;Simples;"Reta;Interseção de Vias";Não;5;0;1;1;2;1;2;2;-19,7414;-42,132304;SPRF-MG;DEL06-MG;UOP02-DEL06-MG
699837;22/06/2025;domingo;19:00:00;RJ;116;172;RIO DE JANEIRO;Ausência de reação do condutor;Colisão traseira;Com Vítimas Feridas;Anoitecer;Decrescente;Céu Claro;Dupla;Reta;Não;3;0;2;0;1;0;2;2;-22,8044769;-43,3451828;SPRF-RJ;DEL06-RJ;UOP01-DEL06-RJ
699839;22/06/2025;domingo;17:40:00;BA;101;103;ALAGOINHAS;Animais na Pista;Atropelamento de Animal;Com Vítimas Fatais;Anoitecer;Decrescente;Céu Claro;Simples;Reta;Não;1;1;0;0;0;0;0;1;-12,06399861;-38,31550598;SPRF-BA;DEL01-BA;UOP04-DEL01-BA
699842;22/06/2025;domingo;18:30:00;AL;104;37,2;UNIAO DOS PALMARES;Iluminação deficiente;Colisão traseira;Com Vítimas Feridas;Plena Noite;Decrescente;Céu Claro;Simples;Reta;Não;2;0;2;0;0;0;2;2;-9,17592166;-36,03042332;SPRF-AL;DEL01-AL;UOP02-DEL01-AL
699844;22/06/2025;domingo;17:20:00;BA;242;444;SEABRA;Condutor Dormindo;Saída de leito carroçável;Com Vítimas Feridas;Anoitecer;Decrescente;Céu Claro;Simples;Reta;Não;5;0;3;2;0;0;5;1;-12,4671036;-41,7442008;SPRF-BA;DEL06-BA;UOP01-DEL06-BA
699845;22/06/2025;domingo;19:10:00;RS;392;352;SANTA MARIA;Pista esburacada;Colisão com objeto;Com Vítimas Feridas;Plena Noite;Crescente;Garoa/Chuvisco;Dupla;"Curva;Rotatória";Sim;1;0;1;0;0;0;1;1;-29,7156;-53,809495;SPRF-RS;DEL09-RS;UOP01-DEL09-RS
699846;22/06/2025;domingo;19:20:00;RJ;101;328;RIO DE JANEIRO;Demais falhas mecânicas ou elétricas;Queda de ocupante de veículo;Com Vítimas Feridas;Pleno dia;Decrescente;Céu Claro;Dupla;"Ponte;Reta";Não;2;0;2;0;0;0;2;1;-22,87237931;-43,15155029;SPRF-RJ;DEL02-RJ;UOP01-DEL02-RJ
699847;22/06/2025;domingo;18:50:00;SC;470;67,9;INDAIAL;Ausência de reação do condutor;Colisão com objeto;Com Vítimas Feridas;Plena Noite;Decrescente;Chuva;Dupla;Reta;Sim;2;0;2;0;0;0;2;1;-26,87774823;-49,23916744;SPRF-SC;DEL04-SC;UOP01-DEL04-SC
699848;22/06/2025;domingo;18:12:00;RS;116;83;CAMPESTRE DA SERRA;Transitar na contramão;Colisão frontal;Com Vítimas Feridas;Plena Noite;Crescente;Chuva;Simples;"Curva;Declive";Não;5;0;3;0;1;1;3;3;-28,8195274;-51,1139279;SPRF-RS;DEL05-RS;UOP03-DEL05-RS
699849;22/06/2025;domingo;18:10:00;MT;163;885,7;CLAUDIA;Reação tardia ou ineficiente do condutor;Saída de leito carroçável;Com Vítimas Feridas;Anoitecer;Decrescente;Céu Claro;Simples;Reta;Não;1;0;0;1;0;0;1;1;-11,45893933;-55,35714722;SPRF-MT;DEL06-MT;UOP02-DEL06-MT
699850;22/06/2025;domingo;18:15:00;MT;364;246;JUSCIMEIRA;Entrada inopinada do pedestre;Atropelamento de Pedestre;Com Vítimas Feridas;Plena Noite;Decrescente;Céu Claro;Dupla;Reta;Não;5;0;1;0;4;0;1;2;-16,13889;-54,82532;SPRF-MT;DEL02-MT;UOP01-DEL02-MT
699851;22/06/2025;domingo;17:50:00;SE;235;60,1;ITABAIANA;Reação tardia ou ineficiente do condutor;Queda de ocupante de veículo;Com Vítimas Feridas;Anoitecer;Decrescente;Céu Claro;Dupla;Curva;Não;2;0;2;0;0;0;2;1;-10,629527;-37,459285;SPRF-SE;DEL01-SE;UOP02-DEL01-SE
699852;22/06/2025;domingo;18:45:00;RJ;101;532;ANGRA DOS REIS;Acessar a via sem observar a presença dos outros veículos;Colisão transversal;Com Vítimas Feridas;Plena Noite;Decrescente;Céu Claro;Simples;Reta;Sim;3;0;2;0;1;0;2;2;-23,01915518;-44,5321691;SPRF-RJ;DEL03-RJ;UOP03-DEL03-RJ
699853;22/06/2025;domingo;17:10:00;MG;381;521,5;BRUMADINHO;Acumulo de areia ou detritos sobre o pavimento;Queda de ocupante de veículo;Com Vítimas Feridas;Anoitecer;Crescente;Céu Claro;Dupla;Curva;Não;2;0;1;1;0;0;2;1;-20,1220436;-44,3009521;SPRF-MG;DEL04-MG;UOP03-DEL04-MG
699854;22/06/2025;domingo;15:45:00;PI;135;518;GILBUES;Ausência de reação do condutor;Colisão traseira;Com Vítimas Fatais;Pleno dia;Crescente;Céu Claro;Simples;"Reta;Declive";Não;2;1;0;0;1;0;0;2;-9,863805;-45,348278;SPRF-PI;DEL03-PI;UOP02-DEL03-PI
699855;22/06/2025;domingo;19:50:00;RS;116;153;CAXIAS DO SUL;Ingestão de álcool pelo condutor;Colisão lateral sentido oposto;Sem Vítimas;Plena Noite;Decrescente;Chuva;Simples;Curva;Sim;3;0;0;0;3;0;0;3;-29,1873228;-51,17938895;SPRF-RS;DEL05-RS;UOP01-DEL05-RS
699856;22/06/2025;domingo;20:25:00;PR;277;7;PARANAGUA;Reação tardia ou ineficiente do condutor;Queda de ocupante de veículo;Com Vítimas Feridas;Plena Noite;Decrescente;Céu Claro;Dupla;Reta;Sim;2;0;2;0;0;0;2;1;-25,56108088;-48,58372092;SPRF-PR;DEL01-PR;UOP05-DEL01-PR
699857;22/06/2025;domingo;20:30:00;SP;381;68;MAIRIPORA;Velocidade Incompatível;Tombamento;Com Vítimas Feridas;Plena Noite;Decrescente;Céu Claro;Dupla;"Declive;Curva";Não;1;0;1;0;0;0;1;1;-23,34131463;-46,57381145;SPRF-SP;DEL03-SP;UOP01-DEL03-SP
699859;22/06/2025;domingo;18:45:00;MS;262;310;CAMPO GRANDE;Ausência de reação do condutor;Colisão frontal;Sem Vítimas;Plena Noite;Crescente;Céu Claro;Simples;"Aclive;Reta";Não;2;0;0;0;2;0;0;2;-20,475381;-54,381229;SPRF-MS;DEL01-MS;UOP01-DEL01-MS
699860;22/06/2025;domingo;20:20:00;PI;316;292;PICOS;Acessar a via sem observar a presença dos outros veículos;Colisão lateral mesmo sentido;Com Vítimas Feridas;Plena Noite;Crescente;Céu Claro;Simples;Reta;Não;2;0;0;1;1;0;1;2;-7,008147;-41,59861;SPRF-PI;DEL04-PI;UOP01-DEL04-PI
699861;22/06/2025;domingo;19:45:00;PE;232;133;CARUARU;Manobra de mudança de faixa;Colisão traseira;Com Vítimas Feridas;Plena Noite;Crescente;Nublado;Dupla;Aclive;Sim;2;0;1;0;1;0;1;2;-8,3075;-36,021175;SPRF-PE;DEL02-PE;UOP01-DEL02-PE
699862;22/06/2025;domingo;20:15:00;MG;40;509;RIBEIRAO DAS NEVES;Ingestão de álcool pelo condutor;Engavetamento;Sem Vítimas;Plena Noite;Crescente;Céu Claro;Dupla;"Aclive;Reta";Sim;3;0;0;0;3;0;0;3;-19,76638307;-44,12964214;SPRF-MG;DEL01-MG;UOP02-DEL01-MG
699864;22/06/2025;domingo;20:00:00;RN;101;125;SAO JOSE DE MIPIBU;Ingestão de álcool pelo condutor;Atropelamento de Animal;Com Vítimas Feridas;Plena Noite;Crescente;Nublado;Dupla;Reta;Não;2;0;1;1;0;0;2;1;-6,084598;-35,234227;SPRF-RN;DEL01-RN;UOP01-DEL01-RN
699865;22/06/2025;domingo;20:50:00;AP;156;268;MACAPA;Ausência de reação do condutor;Colisão traseira;Com Vítimas Feridas;Plena Noite;Decrescente;Céu Claro;Simples;Reta;Não;2;0;0;2;0;0;2;2;0,221944;-51,1275;SPRF-AP;DEL01-AP;UOP01-DEL01-AP
699866;22/06/2025;domingo;20:50:00;SC;282;5,5;SAO JOSE;Reação tardia ou ineficiente do condutor;Colisão com objeto;Com Vítimas Feridas;Plena Noite;Decrescente;Chuva;Dupla;Curva;Sim;2;0;2;0;0;0;2;2;-27,585255;-48,617867;SPRF-SC;DEL01-SC;UOP01-DEL01-SC
699868;22/06/2025;domingo;19:00:00;RJ;101;399;RIO DE JANEIRO;Avarias e/ou desgaste excessivo no pneu;Queda de ocupante de veículo;Com Vítimas Feridas;Plena Noite;Crescente;Céu Claro;Dupla;Reta;Sim;2;0;1;0;1;0;1;1;-22,89473607;-43,68702784;SPRF-RJ;DEL03-RJ;UOP01-DEL03-RJ
699869;22/06/2025;domingo;19:40:00;MG;262;187;JOAO MONLEVADE;Ausência de reação do condutor;Colisão frontal;Sem Vítimas;Plena Noite;Crescente;Céu Claro;Simples;Reta;Não;4;0;0;0;4;0;0;2;-19,8654078;-43,1498782;SPRF-MG;DEL03-MG;UOP01-DEL03-MG
699870;27/04/2025;domingo;16:45:00;RJ;101;503;ANGRA DOS REIS;Conversão proibida;Colisão traseira;Com Vítimas Feridas;Pleno dia;Decrescente;Nublado;Simples;Reta;Sim;3;0;1;2;0;0;3;2;-22,93066856;-44,38467725;SPRF-RJ;DEL03-RJ;UOP03-DEL03-RJ
699872;22/06/2025;domingo;21:00:00;PE;101;68;RECIFE;Condutor deixou de manter distância do veículo da frente;Colisão traseira;Com Vítimas Feridas;Plena Noite;Crescente;Nublado;Múltipla;Aclive;Sim;2;0;1;0;1;0;1;2;-8,050523;-34,945825;SPRF-PE;DEL01-PE;UOP01-DEL01-PE
699874;22/06/2025;domingo;21:30:00;DF;20;3,2;BRASILIA;Mal súbito do condutor;Queda de ocupante de veículo;Com Vítimas Feridas;Plena Noite;Crescente;Céu Claro;Múltipla;Declive;Sim;1;0;1;0;0;0;1;1;-15,6738525;-47,82087995;SPRF-DF;DEL02-DF;UOP01-DEL02-DF
699875;22/06/2025;domingo;19:50:00;RJ;116;337;RESENDE;Ausência de reação do condutor;Tombamento;Com Vítimas Fatais;Plena Noite;Decrescente;Céu Claro;Dupla;"Reta;Declive";Não;1;1;0;0;0;0;0;1;-22,5117145;-44,69421208;SPRF-RJ;DEL07-RJ;UOP02-DEL07-RJ
699877;22/06/2025;domingo;20:20:00;MG;40;597,1;OURO PRETO;Demais falhas mecânicas ou elétricas;Incêndio;Sem Vítimas;Plena Noite;Decrescente;Nublado;Simples;Aclive;Não;1;0;0;0;1;0;0;1;-20,41863452;-43,88464987;SPRF-MG;DEL05-MG;UOP02-DEL05-MG
699878;22/06/2025;domingo;18:50:00;BA;110;95;JEREMOABO;Ultrapassagem Indevida;Colisão frontal;Com Vítimas Fatais;Plena Noite;Decrescente;Nublado;Simples;Reta;Não;9;3;3;2;0;1;5;3;-10,233091;-38,299099;SPRF-BA;DEL07-BA;UOP01-DEL07-BA
699879;22/06/2025;domingo;22:00:00;RJ;101;312;SAO GONCALO;Reação tardia ou ineficiente do condutor;Queda de ocupante de veículo;Com Vítimas Feridas;Pleno dia;Decrescente;Céu Claro;Dupla;Reta;Sim;2;0;1;0;1;0;1;1;-22,8052755;-43,0613619;SPRF-RJ;DEL02-RJ;UOP02-DEL02-RJ
699880;22/06/2025;domingo;19:00:00;MG;40;296;TRES MARIAS;Ultrapassagem Indevida;Colisão frontal;Com Vítimas Fatais;Anoitecer;Crescente;Céu Claro;Simples;Reta;Não;5;1;1;3;0;0;4;2;-18,3200322;-45,11042118;SPRF-MG;DEL14-MG;UOP02-DEL14-MG
699881;22/06/2025;domingo;11:55:00;MT;158;633;NOVA XAVANTINA;Transitar na contramão;Colisão frontal;Com Vítimas Fatais;Pleno dia;Crescente;Céu Claro;Simples;Curva;Não;7;1;1;1;4;0;2;2;-14,53656346;-52,32989788;SPRF-MT;DEL07-MT;UOP02-DEL07-MT
699882;22/06/2025;domingo;20:39:00;MA;135;264;CAPINZAL DO NORTE;Pedestre andava na pista;Atropelamento de Pedestre;Com Vítimas Fatais;Plena Noite;Crescente;Céu Claro;Simples;Reta;Sim;2;1;0;0;0;1;0;2;-4,692585;-44,330515;SPRF-MA;DEL03-MA;UOP01-DEL03-MA
699883;22/06/2025;domingo;18:54:00;MT;364;556;NOBRES;Ingestão de álcool pelo condutor;Saída de leito carroçável;Sem Vítimas;Plena Noite;Crescente;Céu Claro;Dupla;Reta;Não;1;0;0;0;1;0;0;1;-14,75517084;-56,33808374;SPRF-MT;DEL01-MT;UOP01-DEL01-MT
699884;22/06/2025;domingo;22:50:00;RJ;116;184;NOVA IGUACU;Ingestão de álcool pelo condutor;Saída de leito carroçável;Sem Vítimas;Plena Noite;Crescente;Céu Claro;Múltipla;Reta;Não;1;0;0;0;1;0;0;1;-22,7489643;-43,44212707;SPRF-RJ;DEL06-RJ;UOP01-DEL06-RJ
699885;22/06/2025;domingo;22:45:00;PR;277;125,7;CAMPO LARGO;Velocidade Incompatível;Saída de leito carroçável;Com Vítimas Fatais;Plena Noite;Crescente;Céu Claro;Simples;"Curva;Interseção de Vias;Viaduto";Não;1;1;0;0;0;0;0;1;-25,43499135;-49,53251307;SPRF-PR;DEL03-PR;UOP03-DEL03-PR
699886;22/06/2025;domingo;21:40:00;BA;110;220;NOVA SOURE;Entrada inopinada do pedestre;Atropelamento de Pedestre;Com Vítimas Feridas;Plena Noite;Decrescente;Céu Claro;Simples;Reta;Sim;2;0;1;1;0;0;2;2;-11,240645;-38,478874;SPRF-BA;DEL07-BA;UOP02-DEL07-BA
699887;22/06/2025;domingo;22:30:00;MG;40;633,2;CONSELHEIRO LAFAIETE;Ingestão de álcool pelo condutor;Colisão frontal;Com Vítimas Feridas;Plena Noite;Crescente;Céu Claro;Simples;"Aclive;Reta";Sim;2;0;1;0;1;0;1;2;-20,68667478;-43,79169121;SPRF-MG;DEL05-MG;UOP02-DEL05-MG
699890;22/06/2025;domingo;23:50:00;PR;277;712;SANTA TEREZINHA DE ITAIPU;Ingestão de álcool pelo condutor;Saída de leito carroçável;Sem Vítimas;Plena Noite;Crescente;Chuva;Dupla;Reta;Não;2;0;0;0;2;0;0;1;-25,46028;-54,437144;SPRF-PR;DEL05-PR;UOP01-DEL05-PR
699891;22/06/2025;domingo;21:30:00;PB;104;6;CUITE;Ausência de reação do condutor;Colisão traseira;Com Vítimas Feridas;Plena Noite;Decrescente;Céu Claro;Simples;Reta;Não;2;0;0;1;1;0;1;2;-6,472794;-36,177206;SPRF-PB;DEL02-PB;UOP04-DEL02-PB
699892;22/06/2025;domingo;20:00:00;RS;290;643;URUGUAIANA;Animais na Pista;Saída de leito carroçável;Com Vítimas Feridas;Plena Noite;Crescente;Nublado;Simples;Reta;Não;2;0;2;0;0;0;2;1;-30,009951;-56,35007;SPRF-RS;DEL13-RS;UOP02-DEL13-RS
699893;22/06/2025;domingo;08:45:00;PB;230;496;CAJAZEIRAS;Ingestão de álcool pelo condutor;Saída de leito carroçável;Com Vítimas Fatais;Pleno dia;Decrescente;Céu Claro;Simples;Reta;Não;1;1;0;0;0;0;0;1;-6,899938;-38,509742;SPRF-PB;DEL03-PB;UOP03-DEL03-PB
699894;22/06/2025;domingo;23:55:00;SC;101;206,7;SAO JOSE;Ingestão de álcool pelo condutor;Colisão traseira;Sem Vítimas;Plena Noite;Decrescente;Céu Claro;Simples;Reta;Sim;3;0;0;0;2;1;0;3;-27,59943;-48,62077;SPRF-SC;DEL01-SC;UOP01-DEL01-SC
699896;22/06/2025;domingo;23:50:00;BA;110;194;RIBEIRA DO AMPARO;Acesso irregular;Colisão transversal;Sem Vítimas;Plena Noite;Crescente;Céu Claro;Simples;Reta;Não;3;0;0;0;2;1;0;2;-11,0127242;-38,51494;SPRF-BA;DEL07-BA;UOP02-DEL07-BA
699898;23/06/2025;segunda-feira;00:40:00;PR;376;182,1;MARINGA;Ingestão de álcool pelo condutor;Colisão com objeto;Com Vítimas Feridas;Plena Noite;Decrescente;Chuva;Dupla;Viaduto;Sim;1;0;1;0;0;0;1;1;-23,43248642;-51,88595708;SPRF-PR;DEL09-PR;UOP01-DEL09-PR
699899;22/06/2025;domingo;22:10:00;PA;222;100,2;RONDON DO PARA;Transitar na contramão;Colisão frontal;Com Vítimas Fatais;Pleno dia;Crescente;Céu Claro;Simples;Reta;Não;2;1;0;0;1;0;0;2;-4,743668;-48,027925;SPRF-PA;DEL02-PA;UOP02-DEL02-PA
699900;23/06/2025;segunda-feira;01:25:00;PR;369;351,6;CAMPO MOURAO;Chuva;Saída de leito carroçável;Com Vítimas Feridas;Plena Noite;Crescente;Chuva;Simples;"Curva;Declive";Não;3;0;3;0;0;0;3;1;-24,139258;-52,443015;SPRF-PR;DEL09-PR;UOP03-DEL09-PR
699901;23/06/2025;segunda-feira;01:40:00;PB;101;85;BAYEUX;Acumulo de água sobre o pavimento;Tombamento;Com Vítimas Feridas;Plena Noite;Crescente;Chuva;Dupla;Reta;Sim;2;0;1;1;0;0;2;1;-7,143671;-34,918615;SPRF-PB;DEL01-PB;UOP01-DEL01-PB
699904;23/06/2025;segunda-feira;02:50:00;ES;101;42;CONCEICAO DA BARRA;Ausência de reação do condutor;Colisão traseira;Com Vítimas Feridas;Plena Noite;Crescente;Céu Claro;Simples;Reta;Não;3;0;1;0;2;0;1;2;-18,52550417;-39,91081651;SPRF-ES;DEL04-ES;UOP02-DEL04-ES
699906;23/06/2025;segunda-feira;04:00:00;BA;101;517;ITABUNA;Velocidade Incompatível;Saída de leito carroçável;Com Vítimas Feridas;Amanhecer;Crescente;Nevoeiro/Neblina;Simples;"Reta;Ponte";Não;1;0;0;1;0;0;1;1;-14,84692702;-39,28236857;SPRF-BA;DEL05-BA;UOP01-DEL05-BA
699907;23/06/2025;segunda-feira;03:30:00;PB;101;84;BAYEUX;Acumulo de água sobre o pavimento;Colisão traseira;Com Vítimas Feridas;Plena Noite;Crescente;Chuva;Dupla;Reta;Sim;3;0;2;0;0;1;2;2;-7,142945;-34,919398;SPRF-PB;DEL01-PB;UOP01-DEL01-PB
699908;23/06/2025;segunda-feira;05:30:00;RN;304;41,8;MOSSORO;Demais falhas mecânicas ou elétricas;Queda de ocupante de veículo;Com Vítimas Fatais;Pleno dia;Crescente;Céu Claro;Simples;Reta;Não;2;1;1;0;0;0;1;1;-5,211;-37,374;SPRF-RN;DEL04-RN;UOP01-DEL04-RN
699909;23/06/2025;segunda-feira;05:00:00;PB;101;95;CONDE;Acumulo de água sobre o pavimento;Colisão com objeto;Com Vítimas Feridas;Amanhecer;Decrescente;Chuva;Simples;Declive;Não;1;0;1;0;0;0;1;1;-7,223633;-34,914723;SPRF-PB;DEL01-PB;UOP01-DEL01-PB
699910;23/06/2025;segunda-feira;05:45:00;RS;392;352;SANTA MARIA;Manobra de mudança de faixa;Colisão frontal;Com Vítimas Feridas;Plena Noite;Crescente;Garoa/Chuvisco;Simples;Reta;Sim;2;0;1;0;1;0;1;2;-29,722523;-53,806847;SPRF-RS;DEL09-RS;UOP01-DEL09-RS
699911;23/06/2025;segunda-feira;06:00:00;SC;101;130;CAMBORIU;Reação tardia ou ineficiente do condutor;Colisão com objeto;Sem Vítimas;Plena Noite;Decrescente;Chuva;Dupla;Curva;Não;1;0;0;0;0;1;0;1;-26,98609344;-48,66670513;SPRF-SC;DEL04-SC;UOP03-DEL04-SC
699913;23/06/2025;segunda-feira;06:30:00;SP;381;44;ATIBAIA;Demais falhas mecânicas ou elétricas;Incêndio;Sem Vítimas;Amanhecer;Crescente;Céu Claro;Dupla;"Aclive;Reta";Não;1;0;0;0;1;0;0;1;-23,1718248;-46,576873;SPRF-SP;DEL03-SP;UOP01-DEL03-SP
699914;23/06/2025;segunda-feira;03:20:00;RJ;101;490;ANGRA DOS REIS;Velocidade Incompatível;Tombamento;Com Vítimas Feridas;Plena Noite;Crescente;Nublado;Simples;Reta;Não;1;0;1;0;0;0;1;1;-22,95722219;-44,30801002;SPRF-RJ;DEL03-RJ;UOP03-DEL03-RJ
699915;23/06/2025;segunda-feira;06:20:00;RS;290;96;PORTO ALEGRE;Pista Escorregadia;Colisão lateral mesmo sentido;Com Vítimas Feridas;Pleno dia;Decrescente;Céu Claro;Múltipla;"Curva;Declive";Sim;3;0;1;0;2;0;1;2;-29,98804439;-51,20304672;SPRF-RS;DEL01-RS;UOP01-DEL01-RS
699916;23/06/2025;segunda-feira;05:40:00;MG;381;775;CAMPANHA;Ausência de reação do condutor;Saída de leito carroçável;Sem Vítimas;Amanhecer;Decrescente;Céu Claro;Dupla;Reta;Não;1;0;0;0;1;0;0;1;-21,80094559;-45,4631424;SPRF-MG;DEL16-MG;UOP02-DEL16-MG
699917;23/06/2025;segunda-feira;05:00:00;GO;414;420,6;ABADIANIA;Ingestão de álcool pelo condutor;Saída de leito carroçável;Sem Vítimas;Plena Noite;Crescente;Céu Claro;Simples;Curva;Não;1;0;0;0;1;0;0;1;-16,121894;-48,89443;SPRF-GO;DEL02-GO;UOP01-DEL02-GO
699919;22/06/2025;domingo;21:30:00;RJ;493;22;MAGE;Ausência de reação do condutor;Queda de ocupante de veículo;Com Vítimas Feridas;Plena Noite;Decrescente;Céu Claro;Simples;Reta;Sim;1;0;0;1;0;0;1;1;-22,6594321;-43,0910074;SPRF-RJ;DEL04-RJ;UOP02-DEL04-RJ
699920;23/06/2025;segunda-feira;06:30:00;PR;116;10;COLOMBO;Velocidade Incompatível;Colisão lateral mesmo sentido;Com Vítimas Feridas;Pleno dia;Decrescente;Céu Claro;Dupla;"Reta;Declive";Sim;5;0;2;0;3;0;2;2;-25,37109487;-49,12712574;SPRF-PR;DEL01-PR;UOP02-DEL01-PR
699921;23/06/2025;segunda-feira;05:40:00;MG;381;527;BRUMADINHO;Manobra de mudança de faixa;Tombamento;Com Vítimas Feridas;Pleno dia;Decrescente;Céu Claro;Dupla;Reta;Sim;2;0;0;1;1;0;1;1;-20,15410269;-44,32640076;SPRF-MG;DEL04-MG;UOP03-DEL04-MG
699922;22/06/2025;domingo;19:30:00;AL;423;103;DELMIRO GOUVEIA;Iluminação deficiente;Colisão traseira;Com Vítimas Feridas;Plena Noite;Decrescente;Nublado;Simples;Reta;Não;2;0;0;1;1;0;1;2;-9,40122214;-38,17860603;SPRF-BA;DEL07-BA;UOP01-DEL07-BA
699923;23/06/2025;segunda-feira;07:30:00;TO;10;455;PALMAS;Manobra de mudança de faixa;Colisão traseira;Com Vítimas Feridas;Pleno dia;Crescente;Céu Claro;Múltipla;Reta;Não;4;0;2;0;2;0;2;2;-10,2983537;-48,2968926;SPRF-TO;DEL01-TO;UOP03-DEL01-TO
699925;23/06/2025;segunda-feira;06:35:00;MG;40;511;RIBEIRAO DAS NEVES;Reação tardia ou ineficiente do condutor;Colisão traseira;Com Vítimas Feridas;Pleno dia;Decrescente;Céu Claro;Dupla;Reta;Sim;2;0;1;0;0;1;1;2;-19,77278672;-44,12456378;SPRF-MG;DEL01-MG;UOP02-DEL01-MG
699929;23/06/2025;segunda-feira;07:45:00;SC;101;44;JOINVILLE;Manobra de mudança de faixa;Colisão lateral mesmo sentido;Com Vítimas Feridas;Pleno dia;Decrescente;Chuva;Dupla;Reta;Não;2;0;0;1;1;0;1;2;-26,343604;-48,857955;SPRF-SC;DEL03-SC;UOP01-DEL03-SC
699930;23/06/2025;segunda-feira;05:30:00;SC;101;235;PALHOCA;Chuva;Colisão com objeto;Com Vítimas Feridas;Amanhecer;Decrescente;Chuva;Dupla;Curva;Não;2;0;1;0;1;0;1;1;-27,818748;-48,631258;SPRF-SC;DEL01-SC;UOP02-DEL01-SC
699931;23/06/2025;segunda-feira;07:00:00;SC;101;120,9;ITAJAI;Trafegar com motocicleta (ou similar) entre as faixas;Tombamento;Com Vítimas Feridas;Pleno dia;Crescente;Chuva;Múltipla;Reta;Sim;1;0;1;0;0;0;1;1;-26,92045563;-48,70871991;SPRF-SC;DEL04-SC;UOP04-DEL04-SC
699932;23/06/2025;segunda-feira;07:20:00;MA;230;6,1;BARAO DE GRAJAU;Animais na Pista;Atropelamento de Animal;Com Vítimas Feridas;Pleno dia;Decrescente;Céu Claro;Simples;Reta;Não;5;0;0;1;4;0;1;2;-6,72837092;-43,09455872;SPRF-PI;DEL03-PI;UOP01-DEL03-PI
699933;23/06/2025;segunda-feira;07:50:00;SP;116;160;JACAREI;Manobra de mudança de faixa;Colisão lateral mesmo sentido;Com Vítimas Feridas;Pleno dia;Decrescente;Céu Claro;Dupla;Reta;Não;2;0;1;0;1;0;1;2;-23,26752691;-45,96370697;SPRF-SP;DEL02-SP;UOP01-DEL02-SP
699934;23/06/2025;segunda-feira;06:50:00;MG;40;565;NOVA LIMA;Condutor Dormindo;Saída de leito carroçável;Com Vítimas Feridas;Pleno dia;Decrescente;Céu Claro;Simples;"Declive;Reta";Não;1;0;1;0;0;0;1;1;-20,16461907;-43,92745972;SPRF-MG;DEL01-MG;UOP02-DEL01-MG
699935;23/06/2025;segunda-feira;08:34:00;ES;101;284,6;CARIACICA;Afundamento ou ondulação no pavimento;Tombamento;Com Vítimas Feridas;Pleno dia;Decrescente;Céu Claro;Simples;Declive;Sim;2;0;1;1;0;0;2;1;-20,24802;-40,370447;SPRF-ES;DEL01-ES;UOP01-DEL01-ES
699936;26/05/2025;segunda-feira;15:33:00;SC;282;4,2;SAO JOSE;Condutor deixou de manter distância do veículo da frente;Engavetamento;Com Vítimas Feridas;Pleno dia;Decrescente;Céu Claro;Múltipla;Reta;Sim;4;0;2;0;2;0;2;3;-27,59156;-48,6064;SPRF-SC;DEL01-SC;UOP01-DEL01-SC
699937;23/06/2025;segunda-feira;07:20:00;MG;381;482;BETIM;Afundamento ou ondulação no pavimento;Tombamento;Com Vítimas Feridas;Pleno dia;Decrescente;Céu Claro;Múltipla;Reta;Sim;1;0;1;0;0;0;1;1;-19,958959;-44,070755;SPRF-MG;DEL01-MG;UOP03-DEL01-MG
699938;23/06/2025;segunda-feira;07:15:00;BA;116;360;SERRINHA;Condutor deixou de manter distância do veículo da frente;Colisão traseira;Com Vítimas Feridas;Pleno dia;Crescente;Céu Claro;Simples;Reta;Não;3;0;2;0;1;0;2;2;-11,681213;-38,99263;SPRF-BA;DEL02-BA;UOP01-DEL02-BA
699939;23/06/2025;segunda-feira;08:15:00;MG;381;640;SANTO ANTONIO DO AMPARO;Mal súbito do condutor;Colisão com objeto;Sem Vítimas;Pleno dia;Crescente;Sol;Dupla;Reta;Não;1;0;0;0;1;0;0;1;-20,92135898;-44,87125397;SPRF-MG;DEL04-MG;UOP01-DEL04-MG