id;data_inversa;dia_semana;horario;uf;br;km;municipio;causa_acidente;tipo_acidente;classificacao_acidente;fase_dia;sentido_via;condicao_metereologica;tipo_pista;tracado_via;uso_solo;pessoas;mortos;feridos_leves;feridos_graves;ilesos;ignorados;feridos;veiculos;latitude;longitude;regional;delegacia;uop
699940;23/06/2025;segunda-feira;08:00:00;DF;20;19;BRASILIA;Reação tardia ou ineficiente do condutor;Atropelamento de Pedestre;Com Vítimas Feridas;Pleno dia;Decrescente;Céu Claro;Dupla;Reta;Sim;2;0;1;0;1;0;1;2;-15,60843;-47,694319;SPRF-DF;DEL02-DF;UOP01-DEL02-DF
699942;23/06/2025;segunda-feira;08:25:00;BA;116;425;FEIRA DE SANTANA;Acessar a via sem observar a presença dos outros veículos;Atropelamento de Pedestre;Com Vítimas Fatais;Pleno dia;Crescente;Céu Claro;Dupla;Reta;Sim;3;1;2;0;0;0;2;2;-12,242933;-38,985034;SPRF-BA;DEL02-BA;UOP01-DEL02-BA
699945;23/06/2025;segunda-feira;06:07:00;BA;242;414;SEABRA;Acessar a via sem observar a presença dos outros veículos;Colisão transversal;Com Vítimas Feridas;Amanhecer;Crescente;Céu Claro;Simples;Reta;Sim;3;0;0;1;2;0;1;2;-12,43154749;-41,80297852;SPRF-BA;DEL06-BA;UOP01-DEL06-BA
699946;22/06/2025;domingo;21:40:00;MG;381;493;BETIM;Condutor deixou de manter distância do veículo da frente;Colisão traseira;Com Vítimas Feridas;Plena Noite;Decrescente;Nublado;Dupla;Reta;Sim;2;0;1;0;1;0;1;2;-19,96398092;-44,16975975;SPRF-MG;DEL01-MG;UOP03-DEL01-MG
699950;23/06/2025;segunda-feira;08:10:00;RJ;40;122;DUQUE DE CAXIAS;Reação tardia ou ineficiente do condutor;Tombamento;Com Vítimas Feridas;Pleno dia;Crescente;Céu Claro;Múltipla;Reta;Sim;1;0;1;0;0;0;1;1;-22,79195667;-43,28636439;SPRF-RJ;DEL01-RJ;UOP02-DEL01-RJ
699952;23/06/2025;segunda-feira;09:40:00;RJ;101;442;MANGARATIBA;Ausência de reação do condutor;Colisão frontal;Com Vítimas Feridas;Pleno dia;Crescente;Céu Claro;Simples;Curva;Não;9;0;1;5;0;3;6;3;-22,979647;-44,083031;SPRF-RJ;DEL03-RJ;UOP02-DEL03-RJ
699953;23/06/2025;segunda-feira;05:40:00;MA;135;332;PRESIDENTE DUTRA;Ingestão de álcool pelo condutor;Colisão frontal;Com Vítimas Feridas;Amanhecer;Crescente;Céu Claro;Simples;"Declive;Reta";Não;2;0;2;0;0;0;2;2;-5,2759586;-44,49023834;SPRF-MA;DEL06-MA;UOP01-DEL06-MA
699954;23/06/2025;segunda-feira;09:30:00;SP;116;217;GUARULHOS;Demais falhas mecânicas ou elétricas;Atropelamento de Pedestre;Com Vítimas Feridas;Pleno dia;Decrescente;Céu Claro;Múltipla;Reta;Sim;2;0;1;0;1;0;1;2;-23,46023919;-46,48554532;SPRF-SP;DEL01-SP;UOP01-DEL01-SP
699955;23/06/2025;segunda-feira;10:20:00;SP;116;210;GUARULHOS;Velocidade Incompatível;Colisão traseira;Com Vítimas Feridas;Pleno dia;Crescente;Nublado;Múltipla;Reta;Não;2;0;2;0;0;0;2;2;-23,43041567;-46,41534732;SPRF-SP;DEL01-SP;UOP01-DEL01-SP
699957;23/06/2025;segunda-feira;09:50:00;RN;226;323,5;MOSSORO;Acessar a via sem observar a presença dos outros veículos;Colisão transversal;Com Vítimas Feridas;Pleno dia;Decrescente;Céu Claro;Simples;Reta;Sim;5;0;0;1;4;0;1;2;-5,3028295;-37,2810967;SPRF-RN;DEL04-RN;UOP01-DEL04-RN
699958;23/06/2025;segunda-feira;09:45:00;PR;369;199;APUCARANA;Velocidade Incompatível;Saída de leito carroçável;Com Vítimas Feridas;Pleno dia;Crescente;Chuva;Simples;Curva;Não;2;0;1;0;0;1;1;2;-23,52353728;-51,44383399;SPRF-PR;DEL07-PR;UOP03-DEL07-PR
699959;23/06/2025;segunda-feira;09:45:00;PE;101;45,1;IGARASSU;Ausência de reação do condutor;Colisão traseira;Com Vítimas Feridas;Pleno dia;Crescente;Nublado;Múltipla;Reta;Sim;2;0;1;0;1;0;1;2;-7,866;-34,907;SPRF-PE;DEL01-PE;UOP02-DEL01-PE
699960;23/06/2025;segunda-feira;10:10:00;BA;410;4;TUCANO;Ausência de reação do condutor;Queda de ocupante de veículo;Com Vítimas Feridas;Pleno dia;Crescente;Céu Claro;Simples;Reta;Não;2;0;0;1;0;1;1;1;-10,8390384;-38,55789185;SPRF-BA;DEL07-BA;UOP02-DEL07-BA
699961;23/06/2025;segunda-feira;08:30:00;MS;163;682;RIO VERDE DE MATO GROSSO;Animais na Pista;Atropelamento de Animal;Sem Vítimas;Pleno dia;Crescente;Chuva;Simples;"Aclive;Reta";Sim;1;0;0;0;1;0;0;1;-18,89825669;-54,84300334;SPRF-MS;DEL06-MS;UOP02-DEL06-MS
699962;23/06/2025;segunda-feira;10:00:00;MT;70;0;BARRA DO GARCAS;Reação tardia ou ineficiente do condutor;Colisão traseira;Com Vítimas Feridas;Pleno dia;Decrescente;Céu Claro;Simples;"Ponte;Reta";Sim;2;0;1;0;1;0;1;2;-15,894969;-52,256982;SPRF-MT;DEL07-MT;UOP01-DEL07-MT
699966;23/06/2025;segunda-feira;10:30:00;RJ;116;183;NOVA IGUACU;Reação tardia ou ineficiente do condutor;Tombamento;Com Vítimas Feridas;Pleno dia;Crescente;Céu Claro;Dupla;Reta;Sim;2;0;1;0;1;0;1;2;-22,7539874;-43,435719;SPRF-RJ;DEL06-RJ;UOP01-DEL06-RJ
699967;23/06/2025;segunda-feira;08:00:00;BA;116;866;VITORIA DA CONQUISTA;Demais falhas mecânicas ou elétricas;Incêndio;Sem Vítimas;Pleno dia;Crescente;Céu Claro;Simples;Reta;Não;1;0;0;0;1;0;0;1;-15,175511;-41,066346;SPRF-BA;DEL08-BA;UOP01-DEL08-BA
699969;23/06/2025;segunda-feira;09:30:00;SP;116;171,2;JACAREI;Avarias e/ou desgaste excessivo no pneu;Tombamento;Com Vítimas Feridas;Pleno dia;Crescente;Céu Claro;Dupla;Reta;Não;1;0;1;0;0;0;1;1;-23,31320101;-46,06528826;SPRF-SP;DEL02-SP;UOP01-DEL02-SP
699971;23/06/2025;segunda-feira;07:30:00;SC;101;106;PENHA;Condutor deixou de manter distância do veículo da frente;Colisão traseira;Com Vítimas Feridas;Pleno dia;Crescente;Chuva;Dupla;Reta;Não;3;0;2;0;1;0;2;2;-26,80921906;-48,68230518;SPRF-SC;DEL03-SC;UOP02-DEL03-SC
699973;23/06/2025;segunda-feira;10:08:00;RJ;40;116;DUQUE DE CAXIAS;Condutor deixou de manter distância do veículo da frente;Queda de ocupante de veículo;Com Vítimas Feridas;Pleno dia;Decrescente;Céu Claro;Dupla;Reta;Não;2;0;1;1;0;0;2;2;-22,7389543;-43,2881755;SPRF-RJ;DEL01-RJ;UOP02-DEL01-RJ
699974;23/06/2025;segunda-feira;11:20:00;SE;101;92,8;NOSSA SENHORA DO SOCORRO;Ausência de sinalização;Colisão transversal;Com Vítimas Feridas;Pleno dia;Crescente;Céu Claro;Simples;"Reta;Declive";Sim;2;0;1;0;1;0;1;2;-10,90385185;-37,1479067;SPRF-SE;DEL01-SE;UOP01-DEL01-SE
699975;23/06/2025;segunda-feira;11:00:00;PR;116;89;SAO JOSE DOS PINHAIS;Acumulo de água sobre o pavimento;Capotamento;Com Vítimas Feridas;Pleno dia;Crescente;Chuva;Dupla;Reta;Não;4;0;3;0;1;0;3;1;-25,5557153;-49,0294879;SPRF-PR;DEL01-PR;UOP07-DEL01-PR
699976;23/06/2025;segunda-feira;08:45:00;PR;277;188,1;PALMEIRA;Chuva;Colisão frontal;Com Vítimas Feridas;Pleno dia;Decrescente;Chuva;Simples;"Curva;Declive";Não;9;0;2;1;6;0;3;3;-25,4234035;-50,1073244;SPRF-PR;DEL08-PR;UOP02-DEL08-PR
699977;23/06/2025;segunda-feira;11:15:00;MG;365;693;MONTE ALEGRE DE MINAS;Objeto estático sobre o leito carroçável;Saída de leito carroçável;Com Vítimas Feridas;Pleno dia;Crescente;Céu Claro;Dupla;Declive;Não;4;0;2;0;2;0;2;1;-18,877458;-48,931752;SPRF-MG;DEL15-MG;UOP03-DEL15-MG
699978;23/06/2025;segunda-feira;03:00:00;PR;158;401,2;LARANJEIRAS DO SUL;Ausência de reação do condutor;Saída de leito carroçável;Com Vítimas Feridas;Plena Noite;Decrescente;Chuva;Simples;Curva;Não;1;0;1;0;0;0;1;1;-25,344403;-52,369862;SPRF-PR;DEL04-PR;UOP02-DEL04-PR
699979;23/06/2025;segunda-feira;08:30:00;SC;282;162,6;BOM RETIRO;Reação tardia ou ineficiente do condutor;Saída de leito carroçável;Com Vítimas Feridas;Pleno dia;Crescente;Nublado;Simples;Reta;Não;1;0;1;0;0;0;1;1;-27,72937;-49,78002;SPRF-SC;DEL05-SC;UOP01-DEL05-SC
699980;23/06/2025;segunda-feira;11:30:00;SP;381;86;SAO PAULO;Acumulo de água sobre o pavimento;Colisão frontal;Sem Vítimas;Pleno dia;Crescente;Chuva;Múltipla;Curva;Sim;3;0;0;0;3;0;0;2;-23,46840776;-46,57057855;SPRF-SP;DEL03-SP;UOP01-DEL03-SP
699981;23/06/2025;segunda-feira;11:20:00;PB;230;293,3;SANTA LUZIA;Condutor deixou de manter distância do veículo da frente;Colisão traseira;Sem Vítimas;Pleno dia;Crescente;Céu Claro;Simples;Reta;Sim;2;0;0;0;2;0;0;2;-6,873143;-36,927661;SPRF-PB;DEL03-PB;UOP01-DEL03-PB
699982;23/06/2025;segunda-feira;12:00:00;RJ;116;171;RIO DE JANEIRO;Demais falhas mecânicas ou elétricas;Incêndio;Sem Vítimas;Pleno dia;Crescente;Sol;Múltipla;Reta;Não;1;0;0;0;1;0;0;1;-22,8088256;-43,3371202;SPRF-RJ;DEL06-RJ;UOP01-DEL06-RJ
699983;23/06/2025;segunda-feira;12:00:00;SP;153;63,1;SAO JOSE DO RIO PRETO;Condutor deixou de manter distância do veículo da frente;Colisão traseira;Com Vítimas Feridas;Pleno dia;Decrescente;Chuva;Dupla;Reta;Sim;4;0;1;0;3;0;1;3;-20,82153046;-49,35760058;SPRF-SP;DEL09-SP;UOP01-DEL09-SP
699986;23/06/2025;segunda-feira;11:40:00;RS;116;151,7;CAXIAS DO SUL;Ausência de reação do condutor;Tombamento;Com Vítimas Feridas;Pleno dia;Crescente;Sol;Dupla;Curva;Sim;1;0;1;0;0;0;1;1;-29,18266902;-51,16780869;SPRF-RS;DEL05-RS;UOP01-DEL05-RS
699987;23/06/2025;segunda-feira;11:20:00;MG;381;157;GOVERNADOR VALADARES;Ausência de reação do condutor;Capotamento;Com Vítimas Feridas;Pleno dia;Crescente;Céu Claro;Simples;"Declive;Curva";Não;1;0;1;0;0;0;1;1;-18,924473;-42,020532;SPRF-MG;DEL06-MG;UOP01-DEL06-MG
699989;23/06/2025;segunda-feira;12:30:00;GO;40;1;VALPARAISO DE GOIAS;Animais na Pista;Tombamento;Com Vítimas Feridas;Pleno dia;Decrescente;Sol;Dupla;Reta;Sim;2;0;1;0;1;0;1;1;-16,059866;-47,982881;SPRF-DF;DEL01-DF;UOP01-DEL01-DF
699991;23/06/2025;segunda-feira;12:34:00;BA;116;434;FEIRA DE SANTANA;Reação tardia ou ineficiente do condutor;Saída de leito carroçável;Sem Vítimas;Pleno dia;Decrescente;Céu Claro;Dupla;Curva;Não;1;0;0;0;0;1;0;1;-12,311479;-39,042466;SPRF-BA;DEL02-BA;UOP01-DEL02-BA
699993;23/06/2025;segunda-feira;07:00:00;RJ;101;313;SAO GONCALO;Manobra de mudança de faixa;Colisão lateral mesmo sentido;Com Vítimas Feridas;Pleno dia;Crescente;Céu Claro;Dupla;Reta;Sim;2;0;0;1;1;0;1;2;-22,8097053;-43,06893826;SPRF-RJ;DEL02-RJ;UOP02-DEL02-RJ
699996;23/06/2025;segunda-feira;12:15:00;MG;116;701,1;MURIAE;Desrespeitar a preferência no cruzamento;Colisão transversal;Com Vítimas Feridas;Pleno dia;Crescente;Sol;Simples;Interseção de Vias;Sim;2;0;0;1;1;0;1;2;-21,11510919;-42,37999678;SPRF-MG;DEL07-MG;UOP02-DEL07-MG
699997;23/06/2025;segunda-feira;13:00:00;ES;101;257,6;SERRA;Acessar a via sem observar a presença dos outros veículos;Colisão transversal;Com Vítimas Feridas;Pleno dia;Decrescente;Sol;Dupla;Rotatória;Sim;2;0;0;1;1;0;1;2;-20,12782145;-40,29941549;SPRF-ES;DEL02-ES;UOP01-DEL02-ES
699998;23/06/2025;segunda-feira;13:20:00;BA;116;821,4;VITORIA DA CONQUISTA;Condutor deixou de manter distância do veículo da frente;Colisão traseira;Sem Vítimas;Pleno dia;Decrescente;Sol;Simples;Reta;Sim;2;0;0;0;2;0;0;2;-14,83996;-40,843931;SPRF-BA;DEL08-BA;UOP01-DEL08-BA
699999;23/06/2025;segunda-feira;12:45:00;AL;423;84;DELMIRO GOUVEIA;Avarias e/ou desgaste excessivo no pneu;Eventos atípicos;Com Vítimas Feridas;Pleno dia;Decrescente;Sol;Simples;Reta;Não;5;0;4;0;1;0;4;1;-9,343217;-38,020033;SPRF-BA;DEL07-BA;UOP01-DEL07-BA
700001;23/06/2025;segunda-feira;07:20:00;SC;280;42;ARAQUARI;Chuva;Queda de ocupante de veículo;Com Vítimas Feridas;Pleno dia;Crescente;Chuva;Dupla;Desvio Temporário;Sim;1;0;1;0;0;0;1;1;-26,45102184;-48,8731405;SPRF-SC;DEL03-SC;UOP03-DEL03-SC
700002;23/06/2025;segunda-feira;12:54:00;MG;381;923,4;CAMANDUCAIA;Velocidade Incompatível;Colisão com objeto;Com Vítimas Feridas;Pleno dia;Decrescente;Nublado;Dupla;Curva;Não;2;0;2;0;0;0;2;1;-22,77491529;-46,18622303;SPRF-MG;DEL16-MG;UOP03-DEL16-MG
700003;23/06/2025;segunda-feira;13:00:00;SC;280;92,9;CORUPA;Pista Escorregadia;Colisão frontal;Com Vítimas Feridas;Pleno dia;Crescente;Nublado;Simples;"Aclive;Curva";Não;2;0;2;0;0;0;2;2;-26,391413;-49,302459;SPRF-SC;DEL06-SC;UOP03-DEL06-SC
700005;18/06/2025;quarta-feira;21:00:00;SC;470;67,5;INDAIAL;Desrespeitar a preferência no cruzamento;Colisão transversal;Com Vítimas Feridas;Plena Noite;Decrescente;Céu Claro;Simples;Interseção de Vias;Sim;2;0;1;0;1;0;1;2;-26,87531514;-49,23597548;SPRF-SC;DEL04-SC;UOP01-DEL04-SC
700006;23/06/2025;segunda-feira;13:05:00;MA;135;8;SAO LUIS;Reação tardia ou ineficiente do condutor;Colisão traseira;Com Vítimas Feridas;Pleno dia;Crescente;Céu Claro;Dupla;Reta;Sim;2;0;0;1;1;0;1;2;-2,645817;-44,275707;SPRF-MA;DEL01-MA;UOP01-DEL01-MA
700007;23/06/2025;segunda-feira;13:15:00;PR;376;522;PONTA GROSSA;Ausência de reação do condutor;Saída de leito carroçável;Com Vítimas Feridas;Pleno dia;Decrescente;Garoa/Chuvisco;Dupla;"Declive;Curva";Não;1;0;1;0;0;0;1;1;-25,269491;-49,937574;SPRF-PR;DEL03-PR;UOP04-DEL03-PR
700008;23/06/2025;segunda-feira;13:36:00;PR;116;139;MANDIRITUBA;Reação tardia ou ineficiente do condutor;Colisão com objeto;Com Vítimas Feridas;Pleno dia;Crescente;Chuva;Dupla;"Reta;Aclive";Não;1;0;1;0;0;0;1;1;-25,75899;-49,319955;SPRF-PR;DEL01-PR;UOP03-DEL01-PR
700009;23/06/2025;segunda-feira;12:50:00;MG;267;302;CAXAMBU;Acessar a via sem observar a presença dos outros veículos;Colisão transversal;Com Vítimas Feridas;Pleno dia;Decrescente;Céu Claro;Simples;"Curva;Interseção de Vias;Rotatória";Não;3;0;1;0;2;0;1;2;-21,9695624;-44,9237752;SPRF-MG;DEL17-MG;UOP01-DEL17-MG
700010;23/06/2025;segunda-feira;13:55:00;RJ;101;478;ANGRA DOS REIS;Condutor deixou de manter distância do veículo da frente;Colisão traseira;Sem Vítimas;Pleno dia;Crescente;Céu Claro;Simples;Reta;Não;3;0;0;0;3;0;0;2;-22,99189869;-44,24537659;SPRF-RJ;DEL03-RJ;UOP03-DEL03-RJ
700012;23/06/2025;segunda-feira;14:00:00;PR;116;15,7;CAMPINA GRANDE DO SUL;Velocidade Incompatível;Colisão traseira;Com Vítimas Feridas;Pleno dia;Decrescente;Garoa/Chuvisco;Dupla;Curva;Não;2;0;1;0;1;0;1;2;-25,099809;-48,689637;SPRF-PR;DEL01-PR;UOP02-DEL01-PR
700013;23/06/2025;segunda-feira;14:20:00;SP;101;47;UBATUBA;Modificação proibida;Colisão transversal;Com Vítimas Feridas;Pleno dia;Decrescente;Céu Claro;Simples;Reta;Sim;2;0;1;0;1;0;1;2;-23,43414119;-45,08710669;SPRF-SP;DEL06-SP;UOP01-DEL06-SP
700014;23/06/2025;segunda-feira;15:00:00;RN;101;94;NATAL;Acessar a via sem observar a presença dos outros veículos;Colisão lateral mesmo sentido;Com Vítimas Feridas;Pleno dia;Decrescente;Céu Claro;Dupla;Reta;Sim;2;0;0;1;0;1;1;2;-5,82771859;-35,21100688;SPRF-RN;DEL01-RN;UOP01-DEL01-RN
700015;23/06/2025;segunda-feira;14:20:00;RJ;101;327;RIO DE JANEIRO;Ausência de reação do condutor;Colisão traseira;Com Vítimas Feridas;Pleno dia;Decrescente;Céu Claro;Dupla;"Reta;Aclive;Ponte";Não;4;0;1;0;3;0;1;2;-22,87018432;-43,17001915;SPRF-RJ;DEL02-RJ;UOP01-DEL02-RJ
700016;23/06/2025;segunda-feira;14:15:00;PR;376;450,7;TIBAGI;Velocidade Incompatível;Saída de leito carroçável;Sem Vítimas;Pleno dia;Crescente;Chuva;Dupla;"Curva;Declive";Não;1;0;0;0;1;0;0;1;-24,8764868;-50,4428058;SPRF-PR;DEL03-PR;UOP02-DEL03-PR
700017;23/06/2025;segunda-feira;15:05:00;SC;101;205,9;SAO JOSE;Reação tardia ou ineficiente do condutor;Colisão com objeto;Com Vítimas Feridas;Pleno dia;Decrescente;Nublado;Múltipla;Reta;Sim;2;0;1;0;1;0;1;1;-27,59126;-48,61781;SPRF-SC;DEL01-SC;UOP01-DEL01-SC
700019;23/06/2025;segunda-feira;14:40:00;ES;101;256,9;SERRA;Velocidade Incompatível;Colisão lateral mesmo sentido;Com Vítimas Feridas;Pleno dia;Crescente;Céu Claro;Múltipla;"Reta;Declive";Sim;4;0;2;0;2;0;2;2;-20,12534476;-40,30265808;SPRF-ES;DEL02-ES;UOP01-DEL02-ES
700021;10/06/2025;terça-feira;17:00:00;SC;101;217,3;PALHOCA;Reação tardia ou ineficiente do condutor;Colisão lateral mesmo sentido;Com Vítimas Feridas;Pleno dia;Decrescente;Céu Claro;Múltipla;Interseção de Vias;Não;3;0;1;2;0;0;3;2;-27,67095797;-48,67236257;SPRF-SC;DEL01-SC;UOP02-DEL01-SC
700024;23/06/2025;segunda-feira;15:25:00;PB;405;29,5;SAO JOAO DO RIO DO PEIXE;Condutor Dormindo;Saída de leito carroçável;Com Vítimas Feridas;Pleno dia;Crescente;Sol;Simples;"Declive;Reta";Sim;1;0;1;0;0;0;1;1;-6,696556;-38,446328;SPRF-PB;DEL03-PB;UOP03-DEL03-PB
700026;23/06/2025;segunda-feira;14:15:00;PB;230;123;RIACHAO DO BACAMARTE;Pista Escorregadia;Saída de leito carroçável;Com Vítimas Feridas;Pleno dia;Crescente;Chuva;Dupla;Curva;Não;2;0;2;0;0;0;2;1;-7,246136;-35,676564;SPRF-PB;DEL02-PB;UOP01-DEL02-PB
700029;23/06/2025;segunda-feira;15:45:00;SP;381;65;MAIRIPORA;Chuva;Queda de ocupante de veículo;Com Vítimas Feridas;Pleno dia;Crescente;Chuva;Dupla;"Declive;Curva";Sim;1;0;1;0;0;0;1;1;-23,30804431;-46,57842485;SPRF-SP;DEL03-SP;UOP01-DEL03-SP
700031;23/06/2025;segunda-feira;10:00:00;GO;153;659;GOIATUBA;Velocidade Incompatível;Capotamento;Com Vítimas Feridas;Pleno dia;Decrescente;Céu Claro;Dupla;Declive;Não;1;0;0;1;0;0;1;1;-18,03434;-49,265557;SPRF-GO;DEL03-GO;UOP01-DEL03-GO
700032;23/06/2025;segunda-feira;16:51:00;MG;381;923,4;CAMANDUCAIA;Ausência de reação do condutor;Saída de leito carroçável;Com Vítimas Feridas;Pleno dia;Decrescente;Chuva;Dupla;Curva;Não;1;0;1;0;0;0;1;1;-22,77064173;-46,1931324;SPRF-MG;DEL16-MG;UOP03-DEL16-MG
700033;23/06/2025;segunda-feira;16:30:00;AP;210;0;MACAPA;Ausência de reação do condutor;Eventos atípicos;Com Vítimas Feridas;Pleno dia;Decrescente;Céu Claro;Dupla;Reta;Sim;2;0;1;0;0;1;1;2;0,0774417;-51,0662784;SPRF-AP;DEL01-AP;UOP01-DEL01-AP
700034;23/06/2025;segunda-feira;16:50:00;BA;367;83;EUNAPOLIS;Reação tardia ou ineficiente do condutor;Colisão lateral mesmo sentido;Com Vítimas Feridas;Anoitecer;Decrescente;Céu Claro;Simples;Rotatória;Não;2;0;1;0;1;0;1;2;-16,37284087;-39,57117844;SPRF-BA;DEL09-BA;UOP03-DEL09-BA
700035;23/06/2025;segunda-feira;16:30:00;RJ;116;81;TERESOPOLIS;Pedestre cruzava a pista fora da faixa;Atropelamento de Pedestre;Com Vítimas Feridas;Pleno dia;Decrescente;Céu Claro;Simples;Reta;Sim;3;0;0;1;1;1;1;2;-22,39998878;-42,95451522;SPRF-RJ;DEL04-RJ;UOP01-DEL04-RJ
700036;23/06/2025;segunda-feira;17:00:00;SP;381;54;MAIRIPORA;Chuva;Colisão com objeto;Com Vítimas Feridas;Anoitecer;Decrescente;Garoa/Chuvisco;Dupla;"Curva;Declive";Não;1;0;1;0;0;0;1;1;-23,246618;-46,593621;SPRF-SP;DEL03-SP;UOP01-DEL03-SP
700037;08/04/2025;terça-feira;23:25:00;RJ;101;387;RIO DE JANEIRO;Condutor deixou de manter distância do veículo da frente;Colisão traseira;Com Vítimas Feridas;Plena Noite;Crescente;Céu Claro;Múltipla;Reta;Sim;2;0;0;1;1;0;1;2;-22,88501208;-43,64852071;SPRF-RJ;DEL03-RJ;UOP01-DEL03-RJ
700038;23/06/2025;segunda-feira;17:10:00;SP;381;69;MAIRIPORA;Demais Fenômenos da natureza;Colisão com objeto;Com Vítimas Feridas;Anoitecer;Decrescente;Chuva;Múltipla;"Curva;Declive";Não;1;0;1;0;0;0;1;1;-23,34924782;-46,56076804;SPRF-SP;DEL03-SP;UOP01-DEL03-SP
700040;23/06/2025;segunda-feira;16:00:00;MT;364;465;VARZEA GRANDE;Chuva;Tombamento;Com Vítimas Feridas;Pleno dia;Crescente;Chuva;Simples;Curva;Não;1;0;0;1;0;0;1;1;-15,445294;-56,331211;SPRF-MT;DEL01-MT;UOP02-DEL01-MT
700043;23/06/2025;segunda-feira;17:15:00;ES;101;270,6;SERRA;Acessar a via sem observar a presença dos outros veículos;Colisão transversal;Com Vítimas Feridas;Anoitecer;Crescente;Céu Claro;Múltipla;Reta;Sim;2;0;1;0;1;0;1;2;-20,230926;-40,27346;SPRF-ES;DEL02-ES;UOP01-DEL02-ES
700045;23/06/2025;segunda-feira;14:20:00;SP;116;567;BARRA DO TURVO;Reação tardia ou ineficiente do condutor;Colisão com objeto;Sem Vítimas;Pleno dia;Crescente;Chuva;Dupla;"Declive;Reta";Não;1;0;0;0;1;0;0;1;-25,05012325;-48,55370137;SPRF-SP;DEL05-SP;UOP02-DEL05-SP
700046;23/06/2025;segunda-feira;17:50:00;DF;70;8,9;BRASILIA;Ausência de reação do condutor;Colisão traseira;Sem Vítimas;Anoitecer;Decrescente;Céu Claro;Dupla;Reta;Sim;4;0;0;0;4;0;0;2;-15,786198;-48,134673;SPRF-DF;DEL03-DF;UOP02-DEL03-DF
700047;23/06/2025;segunda-feira;17:05:00;SP;116;170;JACAREI;Demais falhas mecânicas ou elétricas;Incêndio;Sem Vítimas;Anoitecer;Crescente;Céu Claro;Dupla;"Declive;Reta";Não;1;0;0;0;1;0;0;1;-23,307579;-46,052612;SPRF-SP;DEL02-SP;UOP01-DEL02-SP
700049;23/06/2025;segunda-feira;17:20:00;SP;101;40;UBATUBA;Acessar a via sem observar a presença dos outros veículos;Colisão transversal;Com Vítimas Feridas;Plena Noite;Decrescente;Garoa/Chuvisco;Simples;"Reta;Rotatória";Não;3;0;1;0;2;0;1;2;-23,4155;-45,03338;SPRF-SP;DEL06-SP;UOP01-DEL06-SP
700050;23/06/2025;segunda-feira;16:30:00;MG;40;42,7;PARACATU;Conversão proibida;Colisão traseira;Com Vítimas Feridas;Pleno dia;Crescente;Céu Claro;Dupla;"Curva;Aclive";Sim;2;0;1;0;1;0;1;2;-17,224373;-46,864091;SPRF-MG;DEL14-MG;UOP01-DEL14-MG
700051;23/06/2025;segunda-feira;17:35:00;PB;230;154;CAMPINA GRANDE;Acumulo de areia ou detritos sobre o pavimento;Tombamento;Com Vítimas Feridas;Plena Noite;Crescente;Garoa/Chuvisco;Simples;"Reta;Em Obras";Sim;1;0;1;0;0;0;1;1;-7,278908;-35,893562;SPRF-PB;DEL02-PB;UOP01-DEL02-PB
700052;23/06/2025;segunda-feira;16:40:00;GO;414;440;ANAPOLIS;Ausência de reação do condutor;Queda de ocupante de veículo;Com Vítimas Feridas;Pleno dia;Crescente;Céu Claro;Simples;Curva;Não;2;0;1;0;1;0;1;1;-16,28593604;-48,94414041;SPRF-GO;DEL02-GO;UOP01-DEL02-GO
700053;23/06/2025;segunda-feira;17:41:00;PB;101;106;ALHANDRA;Demais falhas mecânicas ou elétricas;Tombamento;Com Vítimas Feridas;Plena Noite;Decrescente;Chuva;Dupla;Reta;Não;2;0;2;0;0;0;2;1;-7,33103629;-34,94705737;SPRF-PB;DEL01-PB;UOP01-DEL01-PB
700054;23/06/2025;segunda-feira;16:20:00;PR;277;70,5;CURITIBA;Reação tardia ou ineficiente do condutor;Tombamento;Com Vítimas Feridas;Pleno dia;Crescente;Nublado;Simples;"Curva;Retorno Regulamentado";Não;1;0;1;0;0;0;1;1;-25,4476288;-49,2437504;SPRF-PR;DEL01-PR;UOP07-DEL01-PR
700058;23/06/2025;segunda-feira;17:10:00;RJ;101;459;ANGRA DOS REIS;Reação tardia ou ineficiente do condutor;Capotamento;Com Vítimas Feridas;Plena Noite;Crescente;Céu Claro;Simples;Curva;Não;3;0;0;1;2;0;1;1;-22,9895663;-44,2417928;SPRF-RJ;DEL03-RJ;UOP03-DEL03-RJ
700060;23/06/2025;segunda-feira;18:00:00;RN;101;85;NATAL;Condutor deixou de manter distância do veículo da frente;Colisão traseira;Com Vítimas Feridas;Anoitecer;Decrescente;Céu Claro;Dupla;"Reta;Ponte";Sim;3;0;1;0;2;0;1;2;-5,78332937;-35,24701273;SPRF-RN;DEL02-RN;UOP01-DEL02-RN
700061;23/06/2025;segunda-feira;18:10:00;PB;230;10,7;CABEDELO;Demais falhas mecânicas ou elétricas;Queda de ocupante de veículo;Com Vítimas Feridas;Plena Noite;Crescente;Nublado;Dupla;"Reta;Em Obras";Sim;1;0;1;0;0;0;1;1;-7,060517;-34,85053;SPRF-PB;DEL01-PB;UOP01-DEL01-PB
700065;29/04/2025;terça-feira;01:20:00;RJ;101;385;RIO DE JANEIRO;Chuva;Queda de ocupante de veículo;Com Vítimas Feridas;Plena Noite;Crescente;Garoa/Chuvisco;Dupla;Reta;Não;1;0;0;1;0;0;1;1;-22,881257;-43,634741;SPRF-RJ;DEL03-RJ;UOP01-DEL03-RJ