id;data_inversa;dia_semana;horario;uf;br;km;municipio;causa_acidente;tipo_acidente;classificacao_acidente;fase_dia;sentido_via;condicao_metereologica;tipo_pista;tracado_via;uso_solo;pessoas;mortos;feridos_leves;feridos_graves;ilesos;ignorados;feridos;veiculos;latitude;longitude;regional;delegacia;uop
700066;23/06/2025;segunda-feira;18:30:00;SC;280;57;GUARAMIRIM;Retorno proibido;Colisão transversal;Com Vítimas Feridas;Plena Noite;Decrescente;Nublado;Simples;Reta;Sim;2;0;1;0;1;0;1;2;-26,47580186;-49,01702492;SPRF-SC;DEL03-SC;UOP03-DEL03-SC
700067;23/06/2025;segunda-feira;17:40:00;PE;104;61;CARUARU;Pedestre cruzava a pista fora da faixa;Atropelamento de Pedestre;Com Vítimas Feridas;Anoitecer;Crescente;Nublado;Dupla;Reta;Sim;2;0;0;1;1;0;1;2;-8,24722;-35,97521;SPRF-PE;DEL02-PE;UOP01-DEL02-PE
700069;23/06/2025;segunda-feira;15:10:00;MG;381;206;NAQUE;Ausência de reação do condutor;Colisão traseira;Com Vítimas Feridas;Pleno dia;Decrescente;Céu Claro;Simples;Reta;Sim;2;0;1;0;1;0;1;2;-19,22161216;-42,31744766;SPRF-MG;DEL06-MG;UOP01-DEL06-MG
700070;23/06/2025;segunda-feira;18:15:00;RJ;101;575;PARATY;Demais Fenômenos da natureza;Queda de ocupante de veículo;Com Vítimas Feridas;Plena Noite;Crescente;Vento;Simples;Rotatória;Sim;1;0;1;0;0;0;1;1;-23,225;-44,723;SPRF-RJ;DEL03-RJ;UOP04-DEL03-RJ
700075;23/06/2025;segunda-feira;18:40:00;PR;369;149;LONDRINA;Reação tardia ou ineficiente do condutor;Colisão traseira;Com Vítimas Feridas;Plena Noite;Decrescente;Chuva;Dupla;Reta;Não;3;0;2;0;1;0;2;2;-23,292954;-51,153189;SPRF-PR;DEL07-PR;UOP01-DEL07-PR
700076;23/06/2025;segunda-feira;18:44:00;DF;20;7,6;BRASILIA;Transitar no Acostamento;Atropelamento de Pedestre;Com Vítimas Feridas;Plena Noite;Crescente;Céu Claro;Dupla;Reta;Sim;2;0;1;0;1;0;1;2;-15,659382;-47,79365;SPRF-DF;DEL02-DF;UOP01-DEL02-DF
700078;23/06/2025;segunda-feira;17:52:00;AP;210;108;PORTO GRANDE;Acesso irregular;Colisão transversal;Com Vítimas Feridas;Plena Noite;Crescente;Céu Claro;Simples;Reta;Sim;4;0;2;0;2;0;2;3;0,70448054;-51,40771151;SPRF-AP;DEL01-AP;UOP01-DEL01-AP
700079;23/06/2025;segunda-feira;19:20:00;CE;116;27;ITAITINGA;Velocidade Incompatível;Colisão traseira;Com Vítimas Feridas;Pleno dia;Crescente;Céu Claro;Dupla;Reta;Sim;2;0;1;0;0;1;1;2;-3,98993478;-38,51621501;SPRF-CE;DEL01-CE;UOP02-DEL01-CE
700082;23/06/2025;segunda-feira;16:20:00;MG;381;924,5;CAMANDUCAIA;Pista Escorregadia;Colisão com objeto;Com Vítimas Feridas;Pleno dia;Crescente;Chuva;Dupla;Curva;Não;1;0;1;0;0;0;1;1;-22,77000912;-46,19384006;SPRF-MG;DEL16-MG;UOP03-DEL16-MG
700083;23/06/2025;segunda-feira;18:50:00;RJ;493;23;MAGE;Entrada inopinada do pedestre;Atropelamento de Pedestre;Com Vítimas Feridas;Plena Noite;Crescente;Céu Claro;Simples;Reta;Não;2;0;0;1;1;0;1;2;-22,65704104;-43,06731296;SPRF-RJ;DEL04-RJ;UOP02-DEL04-RJ
700084;23/06/2025;segunda-feira;18:10:00;RJ;101;61;CAMPOS DOS GOYTACAZES;Pedestre cruzava a pista fora da faixa;Atropelamento de Pedestre;Com Vítimas Feridas;Plena Noite;Crescente;Céu Claro;Simples;Reta;Sim;3;0;3;0;0;0;3;2;-21,72657731;-41,32141398;SPRF-RJ;DEL08-RJ;UOP01-DEL08-RJ
700085;23/06/2025;segunda-feira;17:40:00;MS;158;4,4;CASSILANDIA;Desrespeitar a preferência no cruzamento;Colisão transversal;Com Vítimas Feridas;Anoitecer;Decrescente;Chuva;Simples;"Reta;Interseção de Vias";Sim;2;0;1;0;1;0;1;2;-19,12149;-51,72387;SPRF-MS;DEL08-MS;UOP01-DEL08-MS
700087;23/06/2025;segunda-feira;19:10:00;BA;116;390;SANTA BARBARA;Ausência de reação do condutor;Colisão lateral mesmo sentido;Com Vítimas Feridas;Pleno dia;Decrescente;Céu Claro;Dupla;Reta;Não;2;0;0;2;0;0;2;2;-11,94570805;-38,97801161;SPRF-BA;DEL02-BA;UOP01-DEL02-BA
700088;23/06/2025;segunda-feira;17:30:00;RS;285;580;SAO LUIZ GONZAGA;Transitar na contramão;Colisão lateral sentido oposto;Com Vítimas Feridas;Anoitecer;Crescente;Céu Claro;Simples;Reta;Não;2;0;1;0;1;0;1;1;-28,41541642;-54,99882245;SPRF-RS;DEL12-RS;UOP01-DEL12-RS
700089;23/06/2025;segunda-feira;18:45:00;MG;40;648,5;CRISTIANO OTONI;Pedestre cruzava a pista fora da faixa;Atropelamento de Pedestre;Com Vítimas Feridas;Plena Noite;Crescente;Céu Claro;Simples;Reta;Não;2;0;0;1;1;0;1;2;-20,81654763;-43,81071568;SPRF-MG;DEL05-MG;UOP02-DEL05-MG
700091;23/06/2025;segunda-feira;17:45:00;PA;316;50;SANTA IZABEL DO PARA;Manobra de mudança de faixa;Tombamento;Com Vítimas Feridas;Anoitecer;Decrescente;Nublado;Dupla;Curva;Não;1;0;0;1;0;0;1;1;-1,306332;-48,040165;SPRF-PA;DEL01-PA;UOP01-DEL01-PA
700093;23/06/2025;segunda-feira;20:30:00;SP;116;219;GUARULHOS;Trafegar com motocicleta (ou similar) entre as faixas;Colisão lateral mesmo sentido;Com Vítimas Feridas;Plena Noite;Decrescente;Nublado;Múltipla;Reta;Não;2;0;1;0;1;0;1;2;-23,46413221;-46,49657473;SPRF-SP;DEL01-SP;UOP01-DEL01-SP
700095;23/06/2025;segunda-feira;20:45:00;GO;153;589,7;PIRACANJUBA;Objeto estático sobre o leito carroçável;Colisão com objeto;Sem Vítimas;Plena Noite;Crescente;Céu Claro;Dupla;Reta;Não;1;0;0;0;1;0;0;1;-17,45861548;-49,22280908;SPRF-GO;DEL03-GO;UOP01-DEL03-GO
700096;23/06/2025;segunda-feira;20:50:00;SP;116;76,3;ROSEIRA;Demais falhas mecânicas ou elétricas;Incêndio;Sem Vítimas;Plena Noite;Decrescente;Ignorado;Dupla;Declive;Não;1;0;0;0;1;0;0;1;-22,88123621;-45,27500153;SPRF-SP;DEL08-SP;UOP01-DEL08-SP
700098;23/06/2025;segunda-feira;21:10:00;ES;101;270,2;SERRA;Condutor desrespeitou a iluminação vermelha do semáforo;Colisão transversal;Com Vítimas Feridas;Plena Noite;Crescente;Céu Claro;Múltipla;Reta;Não;2;0;1;0;1;0;1;2;-20,23091223;-40,2733469;SPRF-ES;DEL02-ES;UOP01-DEL02-ES
700099;23/06/2025;segunda-feira;18:45:00;RJ;40;104;DUQUE DE CAXIAS;Pedestre - Ingestão de álcool/ substâncias psicoativas;Atropelamento de Pedestre;Com Vítimas Feridas;Plena Noite;Decrescente;Céu Claro;Simples;Reta;Sim;2;0;2;0;0;0;2;2;-22,62256763;-43,28707695;SPRF-RJ;DEL01-RJ;UOP02-DEL01-RJ
700100;23/06/2025;segunda-feira;20:50:00;BA;235;349,6;JUAZEIRO;Acessar a via sem observar a presença dos outros veículos;Colisão transversal;Com Vítimas Feridas;Plena Noite;Crescente;Nublado;Simples;Reta;Sim;2;0;1;0;1;0;1;2;-9,437868;-40,497752;SPRF-PE;DEL06-PE;UOP01-DEL06-PE
700102;23/06/2025;segunda-feira;20:30:00;MG;381;819;CAREACU;Ingestão de álcool pelo condutor;Engavetamento;Com Vítimas Feridas;Plena Noite;Decrescente;Nublado;Dupla;Reta;Não;7;0;1;1;5;0;2;3;-22,06646426;-45,70249629;SPRF-MG;DEL16-MG;UOP02-DEL16-MG
700103;23/06/2025;segunda-feira;20:00:00;RJ;116;79;TERESOPOLIS;Pedestre andava na pista;Atropelamento de Pedestre;Com Vítimas Feridas;Plena Noite;Crescente;Céu Claro;Simples;Reta;Não;4;0;1;1;2;0;2;2;-22,38144294;-42,95456434;SPRF-RJ;DEL04-RJ;UOP01-DEL04-RJ
700105;23/06/2025;segunda-feira;21:15:00;SP;153;67,3;SAO JOSE DO RIO PRETO;Reação tardia ou ineficiente do condutor;Colisão lateral mesmo sentido;Com Vítimas Feridas;Plena Noite;Crescente;Garoa/Chuvisco;Dupla;Reta;Sim;1;0;0;1;0;0;1;1;-20,85048;-49,38405;SPRF-SP;DEL09-SP;UOP01-DEL09-SP
700106;23/06/2025;segunda-feira;06:00:00;MT;70;500;CUIABA;Acessar a via sem observar a presença dos outros veículos;Atropelamento de Pedestre;Sem Vítimas;Amanhecer;Crescente;Céu Claro;Simples;Reta;Sim;2;0;0;0;0;2;0;2;-15,684242;-56,016608;SPRF-MT;DEL01-MT;UOP02-DEL01-MT
700108;23/06/2025;segunda-feira;18:30:00;RS;153;3,8;CACHOEIRA DO SUL;Conversão proibida;Colisão transversal;Com Vítimas Feridas;Plena Noite;Crescente;Vento;Simples;Curva;Sim;4;0;1;1;2;0;2;2;-30,01344239;-52,89156294;SPRF-RS;DEL08-RS;UOP04-DEL08-RS
700110;23/06/2025;segunda-feira;22:05:00;MG;40;421;CURVELO;Ultrapassagem Indevida;Queda de ocupante de veículo;Com Vítimas Feridas;Plena Noite;Crescente;Ignorado;Simples;Reta;Não;2;0;1;0;0;1;1;2;-19,1450194;-44,5391573;SPRF-MG;DEL02-MG;UOP01-DEL02-MG
700111;23/06/2025;segunda-feira;21:05:00;ES;101;161,7;LINHARES;Ultrapassagem Indevida;Colisão frontal;Com Vítimas Feridas;Plena Noite;Crescente;Céu Claro;Simples;Curva;Não;8;0;7;0;1;0;7;2;-19,48624173;-40,12292258;SPRF-ES;DEL04-ES;UOP01-DEL04-ES
700112;23/06/2025;segunda-feira;22:10:00;RJ;40;100;RIO DE JANEIRO;Ausência de reação do condutor;Queda de ocupante de veículo;Com Vítimas Feridas;Plena Noite;Crescente;Céu Claro;Dupla;Reta;Não;2;0;2;0;0;0;2;1;-22,9081088;-43,2242688;SPRF-RJ;DEL01-RJ;UOP01-DEL01-RJ
700114;23/06/2025;segunda-feira;22:00:00;RS;116;266;CANOAS;Ausência de reação do condutor;Colisão traseira;Sem Vítimas;Plena Noite;Decrescente;Céu Claro;Múltipla;Reta;Sim;2;0;0;0;1;1;0;2;-29,92944984;-51,17745638;SPRF-RS;DEL01-RS;UOP01-DEL01-RS
700116;23/06/2025;segunda-feira;23:10:00;SP;381;30;ATIBAIA;Demais falhas mecânicas ou elétricas;Incêndio;Sem Vítimas;Plena Noite;Decrescente;Garoa/Chuvisco;Dupla;Reta;Sim;1;0;0;0;1;0;0;1;-23,04470438;-46,56130582;SPRF-SP;DEL03-SP;UOP02-DEL03-SP
700118;23/06/2025;segunda-feira;17:30:00;RO;429;118,4;ALVORADA DOESTE;Reação tardia ou ineficiente do condutor;Colisão traseira;Sem Vítimas;Pleno dia;Decrescente;Nublado;Simples;Reta;Sim;2;0;0;0;2;0;0;2;-11,509817;-62,45805;SPRF-RO;DEL02-RO;UOP03-DEL02-RO
700124;24/06/2025;terça-feira;01:00:00;BA;324;515;FEIRA DE SANTANA;Acessar a via sem observar a presença dos outros veículos;Atropelamento de Pedestre;Com Vítimas Feridas;Plena Noite;Decrescente;Céu Claro;Simples;Reta;Sim;3;0;1;0;2;0;1;2;-12,24157;-38,937799;SPRF-BA;DEL02-BA;UOP01-DEL02-BA
700125;23/06/2025;segunda-feira;19:00:00;MA;230;225;SAO DOMINGOS DO AZEITAO;Transitar na contramão;Colisão frontal;Com Vítimas Fatais;Plena Noite;Decrescente;Céu Claro;Simples;Curva;Não;3;1;0;0;2;0;0;2;-6,84274885;-44,69581604;SPRF-MA;DEL05-MA;UOP01-DEL05-MA
700131;23/06/2025;segunda-feira;21:00:00;BA;324;618;SALVADOR;Manobra de mudança de faixa;Colisão lateral mesmo sentido;Com Vítimas Feridas;Plena Noite;Decrescente;Céu Claro;Múltipla;Reta;Sim;5;0;3;0;2;0;3;2;-12,90434964;-38,4545517;SPRF-BA;DEL01-BA;UOP01-DEL01-BA
700133;24/06/2025;terça-feira;05:30:00;SC;101;205;SAO JOSE;Reação tardia ou ineficiente do condutor;Colisão lateral mesmo sentido;Com Vítimas Feridas;Amanhecer;Crescente;Nublado;Dupla;Reta;Sim;2;0;1;0;1;0;1;2;-27,58386;-48,6157;SPRF-SC;DEL01-SC;UOP01-DEL01-SC
700135;24/06/2025;terça-feira;05:30:00;RJ;465;13;SEROPEDICA;Reação tardia ou ineficiente do condutor;Colisão transversal;Com Vítimas Feridas;Amanhecer;Decrescente;Nublado;Simples;Reta;Sim;2;0;1;0;1;0;1;2;-22,799209;-43,644927;SPRF-RJ;DEL06-RJ;UOP02-DEL06-RJ
700138;24/06/2025;terça-feira;03:50:00;BA;101;260;SANTO ANTONIO DE JESUS;Reação tardia ou ineficiente do condutor;Saída de leito carroçável;Com Vítimas Fatais;Plena Noite;Decrescente;Céu Claro;Simples;"Curva;Declive";Não;1;1;0;0;0;0;0;1;-12,9600426;-39,269484;SPRF-BA;DEL01-BA;UOP02-DEL01-BA
700140;24/06/2025;terça-feira;05:30:00;MG;365;793;GURINHATA;Ausência de reação do condutor;Saída de leito carroçável;Sem Vítimas;Amanhecer;Crescente;Céu Claro;Dupla;Reta;Não;3;0;0;0;3;0;0;1;-18,9359;-49,8255;SPRF-MG;DEL15-MG;UOP03-DEL15-MG
700141;24/06/2025;terça-feira;06:10:00;RJ;116;170;RIO DE JANEIRO;Trafegar com motocicleta (ou similar) entre as faixas;Colisão traseira;Com Vítimas Feridas;Pleno dia;Decrescente;Céu Claro;Dupla;Reta;Sim;3;0;2;0;0;1;2;2;-22,812928;-43,3297324;SPRF-RJ;DEL06-RJ;UOP01-DEL06-RJ
700142;24/06/2025;terça-feira;06:30:00;SP;116;212;GUARULHOS;Ausência de reação do condutor;Colisão com objeto;Com Vítimas Feridas;Pleno dia;Crescente;Garoa/Chuvisco;Dupla;Reta;Sim;1;0;1;0;0;0;1;1;-23,4373721;-46,43178195;SPRF-SP;DEL01-SP;UOP01-DEL01-SP
700144;24/06/2025;terça-feira;05:19:00;RJ;101;219;SILVA JARDIM;Condutor Dormindo;Saída de leito carroçável;Sem Vítimas;Amanhecer;Decrescente;Céu Claro;Dupla;Reta;Não;1;0;0;0;1;0;0;1;-22,513487;-42,31326;SPRF-RJ;DEL02-RJ;UOP03-DEL02-RJ
700147;23/06/2025;segunda-feira;23:30:00;MG;40;44;PARACATU;Desrespeitar a preferência no cruzamento;Colisão transversal;Com Vítimas Feridas;Plena Noite;Crescente;Ignorado;Simples;Rotatória;Sim;3;0;0;2;1;0;2;2;-17,23101381;-46,85410229;SPRF-MG;DEL14-MG;UOP01-DEL14-MG
700148;24/06/2025;terça-feira;06:25:00;BA;235;347,4;JUAZEIRO;Acessar a via sem observar a presença dos outros veículos;Colisão transversal;Com Vítimas Feridas;Amanhecer;Crescente;Céu Claro;Simples;Reta;Não;3;0;2;0;0;1;2;2;-9,451805;-40,483695;SPRF-PE;DEL06-PE;UOP01-DEL06-PE
700150;24/06/2025;terça-feira;06:40:00;BA;116;429;FEIRA DE SANTANA;Pista Escorregadia;Tombamento;Com Vítimas Feridas;Pleno dia;Decrescente;Céu Claro;Dupla;Reta;Não;2;0;2;0;0;0;2;1;-12,288543;-39,012633;SPRF-BA;DEL02-BA;UOP01-DEL02-BA
700151;24/06/2025;terça-feira;06:50:00;PB;230;36;SANTA RITA;Ausência de reação do condutor;Capotamento;Com Vítimas Feridas;Pleno dia;Crescente;Chuva;Dupla;Curva;Não;2;0;1;0;1;0;1;1;-7,123;-34,945;SPRF-PB;DEL01-PB;UOP02-DEL01-PB
700152;24/06/2025;terça-feira;07:00:00;SC;282;1;FLORIANOPOLIS;Acessar a via sem observar a presença dos outros veículos;Colisão traseira;Com Vítimas Feridas;Pleno dia;Decrescente;Céu Claro;Múltipla;Reta;Sim;2;0;1;0;1;0;1;2;-27,600642;-48,577615;SPRF-SC;DEL01-SC;UOP01-DEL01-SC
700153;24/06/2025;terça-feira;03:50:00;PE;407;126;PETROLINA;Deficiência do Sistema de Iluminação/Sinalização;Queda de ocupante de veículo;Com Vítimas Feridas;Plena Noite;Crescente;Céu Claro;Dupla;Reta;Sim;1;0;1;0;0;0;1;1;-9,38651;-40,52665;SPRF-PE;DEL06-PE;UOP01-DEL06-PE
700154;24/06/2025;terça-feira;07:55:00;CE;116;4,7;FORTALEZA;Velocidade Incompatível;Colisão traseira;Com Vítimas Feridas;Pleno dia;Crescente;Céu Claro;Múltipla;Curva;Sim;2;0;1;0;1;0;1;2;-3,79331086;-38,50844175;SPRF-CE;DEL01-CE;UOP02-DEL01-CE
700155;24/06/2025;terça-feira;07:10:00;RS;386;425;MONTENEGRO;Ausência de reação do condutor;Colisão lateral mesmo sentido;Com Vítimas Feridas;Pleno dia;Crescente;Céu Claro;Dupla;Reta;Não;2;0;0;1;1;0;1;2;-29,81996135;-51,36076346;SPRF-RS;DEL04-RS;UOP02-DEL04-RS
700156;23/06/2025;segunda-feira;23:30:00;RJ;493;58;NOVA IGUACU;Deficiência do Sistema de Iluminação/Sinalização;Colisão traseira;Com Vítimas Feridas;Plena Noite;Crescente;Céu Claro;Dupla;Reta;Sim;2;0;1;0;1;0;1;2;-22,6721481;-43,3845025;SPRF-RJ;DEL01-RJ;UOP03-DEL01-RJ
700157;24/06/2025;terça-feira;07:10:00;MG;356;267,5;MURIAE;Acessar a via sem observar a presença dos outros veículos;Colisão transversal;Com Vítimas Feridas;Pleno dia;Decrescente;Céu Claro;Simples;"Reta;Interseção de Vias";Não;3;0;1;1;1;0;2;2;-21,1259558;-42,3528518;SPRF-MG;DEL07-MG;UOP02-DEL07-MG
700158;24/06/2025;terça-feira;08:10:00;RS;470;217;BENTO GONCALVES;Reação tardia ou ineficiente do condutor;Queda de ocupante de veículo;Com Vítimas Feridas;Pleno dia;Crescente;Céu Claro;Simples;Rotatória;Sim;1;0;1;0;0;0;1;1;-29,1758239;-51,52202575;SPRF-RS;DEL06-RS;UOP01-DEL06-RS
700159;24/06/2025;terça-feira;07:40:00;GO;153;505,9;APARECIDA DE GOIANIA;Condutor deixou de manter distância do veículo da frente;Colisão traseira;Com Vítimas Feridas;Pleno dia;Decrescente;Chuva;Múltipla;Reta;Sim;2;0;1;0;1;0;1;2;-16,753386;-49,241044;SPRF-GO;DEL01-GO;UOP01-DEL01-GO
700161;24/06/2025;terça-feira;07:00:00;GO;60;101,8;ANAPOLIS;Acessar a via sem observar a presença dos outros veículos;Colisão transversal;Com Vítimas Feridas;Pleno dia;Decrescente;Céu Claro;Dupla;"Reta;Retorno Regulamentado";Sim;2;0;0;2;0;0;2;2;-16,404369;-48,980614;SPRF-GO;DEL02-GO;UOP01-DEL02-GO
700163;24/06/2025;terça-feira;07:35:00;SC;282;215;LAGES;Acessar a via sem observar a presença dos outros veículos;Colisão transversal;Sem Vítimas;Pleno dia;Crescente;Céu Claro;Simples;"Rotatória;Interseção de Vias";Sim;3;0;0;0;3;0;0;2;-27,79427821;-50,28430581;SPRF-SC;DEL05-SC;UOP01-DEL05-SC
700164;24/06/2025;terça-feira;08:24:00;PE;101;58;RECIFE;Acumulo de areia ou detritos sobre o pavimento;Queda de ocupante de veículo;Com Vítimas Feridas;Pleno dia;Decrescente;Nublado;Dupla;Reta;Não;2;0;1;1;0;0;2;1;-7,971947;-34,921075;SPRF-PE;DEL01-PE;UOP02-DEL01-PE
700165;04/06/2025;quarta-feira;15:30:00;PR;277;633,5;CEU AZUL;Desrespeitar a preferência no cruzamento;Colisão transversal;Com Vítimas Feridas;Pleno dia;Crescente;Chuva;Simples;Reta;Sim;3;0;1;0;2;0;1;2;-25,1301328;-53,82459641;SPRF-PR;DEL05-PR;UOP02-DEL05-PR
700168;24/06/2025;terça-feira;08:55:00;PB;230;19,5;JOAO PESSOA;Acumulo de areia ou detritos sobre o pavimento;Tombamento;Com Vítimas Feridas;Pleno dia;Decrescente;Nublado;Dupla;"Declive;Curva";Sim;2;0;1;1;0;0;2;1;-7,13197;-34,853017;SPRF-PB;DEL01-PB;UOP01-DEL01-PB
700169;24/06/2025;terça-feira;07:55:00;PR;277;361;GUARAPUAVA;Reação tardia ou ineficiente do condutor;Colisão com objeto;Com Vítimas Feridas;Pleno dia;Decrescente;Céu Claro;Simples;Reta;Não;3;0;1;0;2;0;1;1;-25,43819786;-51,62072182;SPRF-PR;DEL08-PR;UOP01-DEL08-PR
700170;24/06/2025;terça-feira;08:38:00;RN;304;49,7;MOSSORO;Manobra de mudança de faixa;Colisão lateral mesmo sentido;Com Vítimas Feridas;Pleno dia;Decrescente;Sol;Dupla;Reta;Sim;2;0;1;0;0;1;1;2;-5,220025;-37,3272;SPRF-RN;DEL04-RN;UOP01-DEL04-RN
700171;18/06/2025;quarta-feira;12:00:00;MG;116;433;ENGENHEIRO CALDAS;Velocidade Incompatível;Tombamento;Com Vítimas Feridas;Pleno dia;Decrescente;Céu Claro;Simples;Reta;Não;1;0;1;0;0;0;1;1;-19,00564586;-41,97652817;SPRF-MG;DEL06-MG;UOP01-DEL06-MG
700172;04/02/2025;terça-feira;18:30:00;RS;392;0;CAPAO DO LEAO;Ausência de reação do condutor;Colisão traseira;Com Vítimas Feridas;Pleno dia;Crescente;Céu Claro;Simples;Interseção de Vias;Sim;2;0;0;1;1;0;1;2;-31,7602;-52,4381;SPRF-RS;DEL07-RS;UOP01-DEL07-RS
700173;24/06/2025;terça-feira;07:50:00;SC;101;339,5;TUBARAO;Ausência de reação do condutor;Tombamento;Com Vítimas Feridas;Pleno dia;Decrescente;Céu Claro;Dupla;"Reta;Interseção de Vias";Não;2;0;2;0;0;0;2;1;-28,500252;-49,046181;SPRF-SC;DEL02-SC;UOP01-DEL02-SC
700176;24/06/2025;terça-feira;09:00:00;PR;153;355;REBOUCAS;Demais falhas mecânicas ou elétricas;Incêndio;Sem Vítimas;Pleno dia;Crescente;Céu Claro;Simples;Curva;Não;1;0;0;0;1;0;0;1;-25,661;-50,735;SPRF-PR;DEL08-PR;UOP02-DEL08-PR
700179;24/06/2025;terça-feira;08:50:00;SC;101;211,7;PALHOCA;Reação tardia ou ineficiente do condutor;Colisão lateral mesmo sentido;Com Vítimas Feridas;Pleno dia;Decrescente;Céu Claro;Múltipla;Reta;Sim;4;0;1;0;1;2;1;4;-27,62791813;-48,65685328;SPRF-SC;DEL01-SC;UOP02-DEL01-SC
700181;23/06/2025;segunda-feira;21:28:00;PE;232;401,7;SERRA TALHADA;Problema com o freio;Saída de leito carroçável;Com Vítimas Fatais;Pleno dia;Decrescente;Céu Claro;Simples;"Aclive;Reta";Não;1;1;0;0;0;0;0;1;-8,010638;-38,240287;SPRF-PE;DEL04-PE;UOP01-DEL04-PE
700183;24/06/2025;terça-feira;09:30:00;SC;101;208,6;SAO JOSE;Ausência de reação do condutor;Colisão traseira;Com Vítimas Feridas;Pleno dia;Decrescente;Céu Claro;Dupla;Reta;Sim;5;0;1;0;4;0;1;3;-27,607413;-48,636245;SPRF-SC;DEL01-SC;UOP01-DEL01-SC
700184;24/06/2025;terça-feira;08:55:00;MG;381;561;ITAGUARA;Reação tardia ou ineficiente do condutor;Queda de ocupante de veículo;Com Vítimas Feridas;Pleno dia;Crescente;Céu Claro;Dupla;Curva;Não;1;0;1;0;0;0;1;1;-20,37271469;-44,46902561;SPRF-MG;DEL04-MG;UOP03-DEL04-MG
700185;21/03/2025;sexta-feira;06:30:00;ES;259;52;COLATINA;Ausência de reação do condutor;Colisão lateral mesmo sentido;Com Vítimas Feridas;Pleno dia;Crescente;Céu Claro;Simples;Reta;Não;2;0;1;0;1;0;1;2;-19,52315515;-40,70842624;SPRF-ES;DEL02-ES;UOP01-DEL02-ES
700186;24/06/2025;terça-feira;09:30:00;RS;290;691;URUGUAIANA;Demais falhas mecânicas ou elétricas;Tombamento;Com Vítimas Feridas;Pleno dia;Crescente;Céu Claro;Simples;Reta;Não;2;0;2;0;0;0;2;1;-29,7995781;-57,0100035;SPRF-RS;DEL13-RS;UOP01-DEL13-RS
700187;24/06/2025;terça-feira;10:00:00;RN;101;97;NATAL;Pista Escorregadia;Tombamento;Com Vítimas Feridas;Pleno dia;Decrescente;Céu Claro;Simples;Curva;Sim;1;0;1;0;0;0;1;1;-5,85886672;-35,21312104;SPRF-RN;DEL01-RN;UOP01-DEL01-RN
700188;24/06/2025;terça-feira;08:00:00;BA;101;789;ITAMARAJU;Ultrapassagem Indevida;Colisão lateral mesmo sentido;Com Vítimas Feridas;Pleno dia;Decrescente;Céu Claro;Simples;Reta;Não;8;0;5;0;3;0;5;4;-16,879843;-39,512873;SPRF-BA;DEL09-BA;UOP01-DEL09-BA
700189;24/06/2025;terça-feira;09:20:00;PI;343;342,2;TERESINA;Condutor deixou de manter distância do veículo da frente;Colisão traseira;Com Vítimas Feridas;Pleno dia;Decrescente;Sol;Simples;Reta;Sim;2;0;0;1;1;0;1;2;-5,083292;-42,751992;SPRF-PI;DEL01-PI;UOP01-DEL01-PI
700190;29/05/2025;quinta-feira;09:40:00;DF;20;23;BRASILIA;Mal súbito do condutor;Capotamento;Com Vítimas Feridas;Pleno dia;Crescente;Céu Claro;Dupla;"Aclive;Curva";Não;1;0;1;0;0;0;1;1;-15,59482945;-47,6670152;SPRF-DF;DEL02-DF;UOP01-DEL02-DF
700192;24/06/2025;terça-feira;06:50:00;RS;470;165,9;VILA FLORES;Pista Escorregadia;Saída de leito carroçável;Com Vítimas Feridas;Amanhecer;Crescente;Céu Claro;Simples;Curva;Não;1;0;1;0;0;0;1;1;-28,84640285;-51,57304287;SPRF-RS;DEL06-RS;UOP02-DEL06-RS
700193;24/06/2025;terça-feira;08:15:00;SC;116;267;CAPAO ALTO;Acumulo de água sobre o pavimento;Saída de leito carroçável;Com Vítimas Feridas;Amanhecer;Crescente;Céu Claro;Simples;Interseção de Vias;Não;2;0;1;0;1;0;1;1;-27,95609757;-50,48428981;SPRF-SC;DEL05-SC;UOP02-DEL05-SC
700194;24/06/2025;terça-feira;09:45:00;SC;101;203;SAO JOSE;Reação tardia ou ineficiente do condutor;Colisão traseira;Com Vítimas Feridas;Pleno dia;Crescente;Céu Claro;Dupla;Reta;Não;2;0;1;0;1;0;1;2;-27,562293;-48,616238;SPRF-SC;DEL01-SC;UOP01-DEL01-SC
700195;24/06/2025;terça-feira;08:00:00;RS;116;189;PICADA CAFE;Demais Fenômenos da natureza;Colisão traseira;Com Vítimas Feridas;Pleno dia;Crescente;Céu Claro;Simples;Curva;Não;2;0;1;0;1;0;1;2;-29,44318539;-51,13929749;SPRF-RS;DEL05-RS;UOP02-DEL05-RS
700199;24/06/2025;terça-feira;11:00:00;SP;116;180,9;GUARAREMA;Avarias e/ou desgaste excessivo no pneu;Colisão com objeto;Com Vítimas Feridas;Pleno dia;Decrescente;Nublado;Dupla;Reta;Não;1;0;1;0;0;0;1;1;-23,340218;-46,152587;SPRF-SP;DEL01-SP;UOP01-DEL01-SP
700200;24/06/2025;terça-feira;11:00:00;PR;376;4,7;MANDAGUARI;Condutor deixou de manter distância do veículo da frente;Colisão traseira;Com Vítimas Feridas;Pleno dia;Crescente;Céu Claro;Simples;Reta;Sim;3;0;2;0;1;0;2;3;-23,52133373;-51,6795036;SPRF-PR;DEL09-PR;UOP01-DEL09-PR
700202;24/06/2025;terça-feira;08:00:00;MG;365;336;JOAO PINHEIRO;Ausência de reação do condutor;Atropelamento de Pedestre;Com Vítimas Feridas;Pleno dia;Decrescente;Nublado;Simples;"Curva;Aclive";Não;2;0;1;0;1;0;1;2;-18,32153258;-46,00505501;SPRF-MG;DEL10-MG;UOP01-DEL10-MG