id;data_inversa;dia_semana;horario;uf;br;km;municipio;causa_acidente;tipo_acidente;classificacao_acidente;fase_dia;sentido_via;condicao_metereologica;tipo_pista;tracado_via;uso_solo;pessoas;mortos;feridos_leves;feridos_graves;ilesos;ignorados;feridos;veiculos;latitude;longitude;regional;delegacia;uop
700203;24/06/2025;terça-feira;10:03:00;MG;50;28,9;ARAGUARI;Avarias e/ou desgaste excessivo no pneu;Saída de leito carroçável;Com Vítimas Feridas;Pleno dia;Decrescente;Garoa/Chuvisco;Dupla;Curva;Não;4;0;4;0;0;0;4;1;-18,61826687;-48,10604095;SPRF-MG;DEL15-MG;UOP02-DEL15-MG
700204;24/06/2025;terça-feira;11:30:00;RJ;116;183;NOVA IGUACU;Trafegar com motocicleta (ou similar) entre as faixas;Colisão transversal;Sem Vítimas;Pleno dia;Crescente;Nublado;Dupla;Reta;Sim;2;0;0;0;2;0;0;2;-22,74974686;-43,44127178;SPRF-RJ;DEL06-RJ;UOP01-DEL06-RJ
700205;24/06/2025;terça-feira;11:16:00;PE;101;80,4;JABOATAO DOS GUARARAPES;Transitar na contramão;Colisão frontal;Com Vítimas Feridas;Pleno dia;Decrescente;Céu Claro;Múltipla;"Retorno Regulamentado;Reta;Declive";Sim;2;0;0;1;1;0;1;2;-8,154675;-34,941527;SPRF-PE;DEL01-PE;UOP01-DEL01-PE
700206;24/06/2025;terça-feira;07:30:00;MG;116;410;GOVERNADOR VALADARES;Condutor deixou de manter distância do veículo da frente;Colisão traseira;Com Vítimas Feridas;Pleno dia;Decrescente;Céu Claro;Dupla;Reta;Sim;2;0;1;0;1;0;1;2;-18,858878;-41,974617;SPRF-MG;DEL06-MG;UOP01-DEL06-MG
700207;24/06/2025;terça-feira;10:22:00;MG;50;47;ARAGUARI;Velocidade Incompatível;Saída de leito carroçável;Com Vítimas Feridas;Pleno dia;Decrescente;Céu Claro;Dupla;Curva;Não;1;0;1;0;0;0;1;1;-18,76298;-48,241525;SPRF-MG;DEL15-MG;UOP02-DEL15-MG
700208;24/06/2025;terça-feira;09:29:00;TO;235;193;TUPIRAMA;Ausência de reação do condutor;Saída de leito carroçável;Com Vítimas Feridas;Pleno dia;Crescente;Céu Claro;Simples;Reta;Não;2;0;2;0;0;0;2;1;-8,96819519;-48,33721718;SPRF-TO;DEL02-TO;UOP02-DEL02-TO
700209;24/06/2025;terça-feira;09:20:00;MG;262;803;UBERABA;Acumulo de areia ou detritos sobre o pavimento;Saída de leito carroçável;Com Vítimas Feridas;Pleno dia;Decrescente;Garoa/Chuvisco;Dupla;Reta;Sim;1;0;1;0;0;0;1;1;-19,776816;-47,921138;SPRF-MG;DEL13-MG;UOP01-DEL13-MG
700212;24/06/2025;terça-feira;12:30:00;PR;376;217,7;JANDAIA DO SUL;Transitar na contramão;Colisão frontal;Com Vítimas Feridas;Pleno dia;Crescente;Céu Claro;Simples;Reta;Não;3;0;1;0;2;0;1;2;-23,597311;-51,634535;SPRF-PR;DEL09-PR;UOP01-DEL09-PR
700213;24/06/2025;terça-feira;10:00:00;BA;407;128;SENHOR DO BONFIM;Condutor deixou de manter distância do veículo da frente;Colisão traseira;Com Vítimas Feridas;Pleno dia;Crescente;Céu Claro;Simples;Reta;Sim;6;0;4;0;2;0;4;2;-10,4722816;-40,1709098;SPRF-BA;DEL04-BA;UOP01-DEL04-BA
700214;24/06/2025;terça-feira;12:55:00;MA;135;14;SAO LUIS;Acumulo de óleo sobre o pavimento;Queda de ocupante de veículo;Com Vítimas Feridas;Pleno dia;Decrescente;Sol;Dupla;Reta;Sim;1;0;1;0;0;0;1;1;-2,69120245;-44,30181313;SPRF-MA;DEL01-MA;UOP01-DEL01-MA
700216;24/06/2025;terça-feira;12:45:00;RS;285;460;IJUI;Acessar a via sem observar a presença dos outros veículos;Colisão transversal;Com Vítimas Feridas;Pleno dia;Crescente;Sol;Simples;"Declive;Interseção de Vias;Em Obras";Sim;2;0;1;0;1;0;1;2;-28,4186063;-53,9164315;SPRF-RS;DEL10-RS;UOP01-DEL10-RS
700217;24/06/2025;terça-feira;11:50:00;RS;101;36;TRES FORQUILHAS;Avarias e/ou desgaste excessivo no pneu;Tombamento;Com Vítimas Feridas;Pleno dia;Crescente;Céu Claro;Dupla;Reta;Não;2;0;2;0;0;0;2;1;-29,53649207;-50,00682324;SPRF-RS;DEL03-RS;UOP02-DEL03-RS
700221;24/06/2025;terça-feira;12:30:00;RS;386;36;FREDERICO WESTPHALEN;Desrespeitar a preferência no cruzamento;Colisão transversal;Com Vítimas Feridas;Pleno dia;Crescente;Céu Claro;Simples;"Reta;Aclive;Interseção de Vias";Sim;2;0;1;0;1;0;1;2;-27,37647652;-53,3981459;SPRF-RS;DEL08-RS;UOP02-DEL08-RS
700222;24/06/2025;terça-feira;13:10:00;PB;230;161,6;CAMPINA GRANDE;Acessar a via sem observar a presença dos outros veículos;Colisão transversal;Com Vítimas Feridas;Pleno dia;Crescente;Nublado;Simples;Reta;Sim;9;0;5;0;4;0;5;2;-7,234768;-35,94163;SPRF-PB;DEL02-PB;UOP01-DEL02-PB
700224;24/06/2025;terça-feira;13:40:00;PB;101;86;BAYEUX;Manobra de mudança de faixa;Colisão lateral mesmo sentido;Com Vítimas Feridas;Pleno dia;Crescente;Céu Claro;Dupla;Reta;Sim;6;0;2;0;4;0;2;2;-7,14950888;-34,91206169;SPRF-PB;DEL01-PB;UOP01-DEL01-PB
700225;24/06/2025;terça-feira;10:01:00;RJ;40;78;PETROPOLIS;Velocidade Incompatível;Capotamento;Com Vítimas Feridas;Pleno dia;Crescente;Nublado;Simples;Curva;Não;3;0;3;0;0;0;3;1;-22,48067869;-43,23514938;SPRF-RJ;DEL01-RJ;UOP01-DEL01-RJ
700226;24/06/2025;terça-feira;13:30:00;SP;116;227;SAO PAULO;Trafegar com motocicleta (ou similar) entre as faixas;Colisão lateral mesmo sentido;Com Vítimas Feridas;Pleno dia;Decrescente;Céu Claro;Múltipla;Reta;Sim;2;0;1;0;1;0;1;2;-23,50184629;-46,56429338;SPRF-SP;DEL01-SP;UOP01-DEL01-SP
700227;24/06/2025;terça-feira;10:00:00;MG;381;924;CAMANDUCAIA;Velocidade Incompatível;Capotamento;Com Vítimas Feridas;Pleno dia;Crescente;Chuva;Dupla;Curva;Não;1;0;1;0;0;0;1;1;-22,77007093;-46,19408405;SPRF-MG;DEL16-MG;UOP03-DEL16-MG
700228;24/06/2025;terça-feira;13:35:00;SC;101;133,5;BALNEARIO CAMBORIU;Ausência de reação do condutor;Colisão traseira;Com Vítimas Feridas;Pleno dia;Crescente;Sol;Simples;Reta;Sim;2;0;1;0;1;0;1;2;-27,000474;-48,641;SPRF-SC;DEL04-SC;UOP03-DEL04-SC
700230;24/06/2025;terça-feira;09:30:00;MG;40;131;JOAO PINHEIRO;Velocidade Incompatível;Saída de leito carroçável;Com Vítimas Feridas;Pleno dia;Crescente;Céu Claro;Simples;Reta;Não;2;0;2;0;0;0;2;1;-17,72424311;-46,21879578;SPRF-MG;DEL14-MG;UOP01-DEL14-MG
700231;23/05/2025;sexta-feira;19:00:00;MG;40;528;CONTAGEM;Ausência de reação do condutor;Colisão transversal;Com Vítimas Feridas;Plena Noite;Crescente;Céu Claro;Dupla;Reta;Sim;3;0;1;0;2;0;1;3;-19,909748;-44,044008;SPRF-MG;DEL01-MG;UOP02-DEL01-MG
700233;24/06/2025;terça-feira;13:06:00;MS;163;185;JUTI;Ausência de reação do condutor;Colisão traseira;Com Vítimas Feridas;Pleno dia;Decrescente;Céu Claro;Simples;Reta;Não;4;0;1;0;3;0;1;2;-22,80763;-54,724097;SPRF-MS;DEL09-MS;UOP01-DEL09-MS
700236;24/06/2025;terça-feira;14:10:00;ES;101;125;SOORETAMA;Reação tardia ou ineficiente do condutor;Colisão lateral mesmo sentido;Com Vítimas Feridas;Pleno dia;Crescente;Céu Claro;Múltipla;Reta;Não;2;0;0;1;1;0;1;2;-19,19293167;-40,09523667;SPRF-ES;DEL04-ES;UOP01-DEL04-ES
700239;24/06/2025;terça-feira;11:00:00;AC;0;0;RIO BRANCO;Reação tardia ou ineficiente do condutor;Colisão frontal;Sem Vítimas;Pleno dia;Não Informado;Céu Claro;Simples;Reta;Sim;3;0;0;0;3;0;0;3;-9,97407059;-67,79955983;SPRF-AC;DEL01-AC;UOP01-DEL01-AC
700240;24/06/2025;terça-feira;13:40:00;CE;116;5,8;FORTALEZA;Condutor deixou de manter distância do veículo da frente;Colisão traseira;Com Vítimas Feridas;Pleno dia;Decrescente;Céu Claro;Dupla;Interseção de Vias;Sim;2;0;1;0;1;0;1;2;-3,8003681;-38,50484848;SPRF-CE;DEL01-CE;UOP02-DEL01-CE
700241;24/06/2025;terça-feira;14:20:00;RN;226;117,8;SANTA CRUZ;Reação tardia ou ineficiente do condutor;Queda de ocupante de veículo;Com Vítimas Feridas;Pleno dia;Crescente;Céu Claro;Simples;Curva;Não;1;0;0;1;0;0;1;1;-6,193;-36,057;SPRF-RN;DEL03-RN;UOP02-DEL03-RN
700243;24/06/2025;terça-feira;14:27:00;CE;116;35;HORIZONTE;Acesso irregular;Colisão transversal;Com Vítimas Feridas;Pleno dia;Crescente;Céu Claro;Dupla;Reta;Não;2;0;1;0;1;0;1;2;-4,07612649;-38,50023206;SPRF-CE;DEL01-CE;UOP02-DEL01-CE
700244;24/06/2025;terça-feira;14:19:00;PE;101;69;RECIFE;Trafegar com motocicleta (ou similar) entre as faixas;Colisão traseira;Com Vítimas Feridas;Pleno dia;Decrescente;Sol;Múltipla;Reta;Sim;1;0;1;0;0;0;1;1;-8,05631314;-34,94626371;SPRF-PE;DEL01-PE;UOP01-DEL01-PE
700245;24/06/2025;terça-feira;14:20:00;RS;448;15;PORTO ALEGRE;Condutor deixou de manter distância do veículo da frente;Colisão traseira;Com Vítimas Feridas;Pleno dia;Crescente;Céu Claro;Múltipla;Reta;Não;2;0;1;0;1;0;1;2;-29,9882285;-51,259307;SPRF-RS;DEL01-RS;UOP01-DEL01-RS
700246;24/06/2025;terça-feira;13:00:00;BA;242;258;ITABERABA;Pista esburacada;Engavetamento;Com Vítimas Feridas;Pleno dia;Decrescente;Céu Claro;Simples;"Declive;Curva";Não;6;0;1;0;5;0;1;3;-12,48350963;-40,52753448;SPRF-BA;DEL06-BA;UOP02-DEL06-BA
700248;24/06/2025;terça-feira;14:50:00;ES;101;295;CARIACICA;Ausência de reação do condutor;Colisão lateral mesmo sentido;Com Vítimas Feridas;Pleno dia;Crescente;Sol;Dupla;Em Obras;Não;2;0;1;0;1;0;1;2;-20,3318546;-40,3999901;SPRF-ES;DEL01-ES;UOP01-DEL01-ES
700249;24/06/2025;terça-feira;13:50:00;SP;116;143;SAO JOSE DOS CAMPOS;Reação tardia ou ineficiente do condutor;Colisão traseira;Com Vítimas Feridas;Pleno dia;Crescente;Sol;Dupla;"Declive;Reta";Sim;2;0;1;0;1;0;1;2;-23,17510223;-45,83151896;SPRF-SP;DEL02-SP;UOP01-DEL02-SP
700251;24/06/2025;terça-feira;14:10:00;PR;369;42;ANDIRA;Transitar na contramão;Colisão frontal;Com Vítimas Fatais;Pleno dia;Crescente;Céu Claro;Simples;"Declive;Reta";Não;9;1;0;5;2;1;5;5;-23,0766029;-50,26901051;SPRF-PR;DEL07-PR;UOP05-DEL07-PR
700252;24/06/2025;terça-feira;15:50:00;PB;101;82;BAYEUX;Trafegar com motocicleta (ou similar) entre as faixas;Colisão traseira;Com Vítimas Feridas;Pleno dia;Crescente;Céu Claro;Dupla;Aclive;Sim;7;0;2;0;5;0;2;3;-7,1309891;-34,9334353;SPRF-PB;DEL01-PB;UOP01-DEL01-PB
700258;24/06/2025;terça-feira;15:35:00;PI;316;12,4;TERESINA;Suicídio (presumido);Colisão com objeto;Com Vítimas Fatais;Pleno dia;Decrescente;Céu Claro;Múltipla;Reta;Sim;1;1;0;0;0;0;0;1;-5,206917;-42,755985;SPRF-PI;DEL01-PI;UOP02-DEL01-PI
700260;24/06/2025;terça-feira;15:45:00;SP;116;147;SAO JOSE DOS CAMPOS;Reação tardia ou ineficiente do condutor;Colisão lateral mesmo sentido;Com Vítimas Feridas;Pleno dia;Decrescente;Sol;Dupla;Reta;Não;3;0;2;0;1;0;2;2;-23,19523519;-45,87127805;SPRF-SP;DEL02-SP;UOP01-DEL02-SP
700262;24/06/2025;terça-feira;16:10:00;SP;116;227;GUARULHOS;Demais falhas na via;Queda de ocupante de veículo;Com Vítimas Feridas;Pleno dia;Decrescente;Céu Claro;Múltipla;Reta;Sim;1;0;1;0;0;0;1;1;-23,49694405;-46,55555248;SPRF-SP;DEL01-SP;UOP01-DEL01-SP
700263;24/06/2025;terça-feira;06:30:00;SC;101;31,1;SAO JOSE;Animais na Pista;Atropelamento de Animal;Sem Vítimas;Amanhecer;Decrescente;Céu Claro;Dupla;Reta;Sim;1;0;0;0;1;0;0;1;-27,58423896;-48,69541883;SPRF-SC;DEL01-SC;UOP02-DEL01-SC
700265;24/06/2025;terça-feira;13:30:00;MG;262;32,9;MANHUACU;Ausência de reação do condutor;Colisão traseira;Com Vítimas Feridas;Pleno dia;Crescente;Céu Claro;Dupla;"Aclive;Curva";Não;4;0;1;1;2;0;2;2;-20,25837;-42,014448;SPRF-MG;DEL06-MG;UOP03-DEL06-MG
700267;24/06/2025;terça-feira;15:00:00;GO;60;442;JATAI;Ausência de reação do condutor;Saída de leito carroçável;Sem Vítimas;Pleno dia;Decrescente;Céu Claro;Dupla;Reta;Não;1;0;0;0;0;1;0;1;-17,843208;-51,455995;SPRF-GO;DEL05-GO;UOP01-DEL05-GO
700269;24/06/2025;terça-feira;16:30:00;ES;101;224;IBIRACU;Ausência de reação do condutor;Tombamento;Com Vítimas Feridas;Pleno dia;Decrescente;Céu Claro;Simples;Reta;Não;3;0;0;2;0;1;2;2;-19,8872865;-40,4145109;SPRF-ES;DEL02-ES;UOP01-DEL02-ES
700272;01/06/2025;domingo;18:15:00;RS;386;279;SAO JOSE DO HERVAL;Reação tardia ou ineficiente do condutor;Colisão frontal;Com Vítimas Feridas;Anoitecer;Crescente;Céu Claro;Simples;Reta;Não;5;0;1;2;2;0;3;2;-29,04733297;-52,29534499;SPRF-RS;DEL04-RS;UOP03-DEL04-RS
700274;24/06/2025;terça-feira;14:00:00;MT;163;612;NOVA MUTUM;Avarias e/ou desgaste excessivo no pneu;Queda de ocupante de veículo;Com Vítimas Feridas;Pleno dia;Decrescente;Nublado;Dupla;Reta;Não;1;0;1;0;0;0;1;1;-13,58325049;-56,03374293;SPRF-MT;DEL01-MT;UOP01-DEL01-MT
700276;24/06/2025;terça-feira;15:45:00;SC;101;119;ITAJAI;Condutor deixou de manter distância do veículo da frente;Colisão lateral mesmo sentido;Com Vítimas Feridas;Pleno dia;Decrescente;Céu Claro;Múltipla;Reta;Sim;2;0;1;0;1;0;1;2;-26,91109752;-48,71238446;SPRF-SC;DEL04-SC;UOP04-DEL04-SC
700278;24/06/2025;terça-feira;15:50:00;RJ;101;483;ANGRA DOS REIS;Reação tardia ou ineficiente do condutor;Colisão traseira;Sem Vítimas;Pleno dia;Crescente;Chuva;Simples;Curva;Sim;2;0;0;0;2;0;0;2;-23,00659418;-44,2924118;SPRF-RJ;DEL03-RJ;UOP03-DEL03-RJ
700279;24/06/2025;terça-feira;17:05:00;SC;101;197;BIGUACU;Acesso irregular;Colisão transversal;Com Vítimas Feridas;Anoitecer;Decrescente;Céu Claro;Múltipla;"Declive;Reta";Sim;2;0;1;0;1;0;1;2;-27,51853526;-48,63814177;SPRF-SC;DEL01-SC;UOP01-DEL01-SC
700280;24/06/2025;terça-feira;16:50:00;SC;470;67,6;INDAIAL;Desrespeitar a preferência no cruzamento;Colisão transversal;Sem Vítimas;Pleno dia;Decrescente;Céu Claro;Simples;"Reta;Interseção de Vias";Sim;2;0;0;0;2;0;0;2;-26,875248;-49,235992;SPRF-SC;DEL04-SC;UOP01-DEL04-SC
700286;24/06/2025;terça-feira;18:05:00;CE;222;1,2;FORTALEZA;Manobra de mudança de faixa;Colisão lateral mesmo sentido;Com Vítimas Feridas;Plena Noite;Crescente;Céu Claro;Múltipla;Reta;Sim;3;0;2;0;0;1;2;2;-3,737692;-38,579853;SPRF-CE;DEL01-CE;UOP01-DEL01-CE
700287;24/06/2025;terça-feira;18:00:00;PB;101;81;BAYEUX;Manobra de mudança de faixa;Saída de leito carroçável;Com Vítimas Feridas;Anoitecer;Decrescente;Céu Claro;Dupla;Reta;Sim;2;0;0;1;1;0;1;1;-7,12631166;-34,94251776;SPRF-PB;DEL01-PB;UOP01-DEL01-PB
700289;24/06/2025;terça-feira;17:50:00;SC;282;0,5;FLORIANOPOLIS;Reação tardia ou ineficiente do condutor;Colisão traseira;Sem Vítimas;Anoitecer;Crescente;Céu Claro;Dupla;"Reta;Aclive";Sim;2;0;0;0;2;0;0;2;-27,59933538;-48,57530298;SPRF-SC;DEL01-SC;UOP01-DEL01-SC
700290;24/06/2025;terça-feira;18:15:00;PI;316;1,2;TERESINA;Condutor deixou de manter distância do veículo da frente;Colisão traseira;Com Vítimas Feridas;Plena Noite;Decrescente;Céu Claro;Simples;Reta;Sim;4;0;1;0;2;1;1;3;-5,127592;-42,805013;SPRF-PI;DEL01-PI;UOP02-DEL01-PI
700291;24/06/2025;terça-feira;18:02:00;SP;116;326;JUQUITIBA;Reação tardia ou ineficiente do condutor;Atropelamento de Pedestre;Com Vítimas Feridas;Plena Noite;Decrescente;Nublado;Simples;"Curva;Retorno Regulamentado";Sim;2;0;1;0;0;1;1;2;-23,93605661;-47,06969844;SPRF-SP;DEL04-SP;UOP03-DEL04-SP
700292;24/06/2025;terça-feira;18:00:00;PR;277;1;CURITIBA;Condutor deixou de manter distância do veículo da frente;Colisão traseira;Com Vítimas Feridas;Anoitecer;Decrescente;Nublado;Dupla;Reta;Sim;2;0;0;1;1;0;1;2;-25,43130372;-49,36031548;SPRF-PR;DEL01-PR;UOP06-DEL01-PR
700294;24/06/2025;terça-feira;18:40:00;SC;101;218,2;PALHOCA;Manobra de mudança de faixa;Colisão lateral mesmo sentido;Com Vítimas Feridas;Plena Noite;Crescente;Céu Claro;Simples;Reta;Sim;2;0;1;0;1;0;1;2;-27,67625463;-48,66571991;SPRF-SC;DEL01-SC;UOP02-DEL01-SC
700296;24/06/2025;terça-feira;18:52:00;PE;101;70,3;RECIFE;Entrada inopinada do pedestre;Atropelamento de Pedestre;Com Vítimas Feridas;Plena Noite;Crescente;Céu Claro;Dupla;Curva;Sim;3;0;3;0;0;0;3;2;-8,070408;-34,942236;SPRF-PE;DEL01-PE;UOP01-DEL01-PE
700297;24/06/2025;terça-feira;18:45:00;BA;20;240;CIPO;Ingestão de álcool pelo condutor;Colisão frontal;Sem Vítimas;Plena Noite;Crescente;Nublado;Simples;Reta;Sim;2;0;0;0;2;0;0;2;-11,10907978;-38,51947286;SPRF-BA;DEL10-BA;UOP01-DEL10-BA
700298;24/06/2025;terça-feira;18:40:00;DF;70;19;BRASILIA;Manobra de mudança de faixa;Colisão traseira;Com Vítimas Feridas;Plena Noite;Crescente;Céu Claro;Dupla;"Aclive;Reta";Não;2;0;1;0;1;0;1;2;-15,78957042;-48,21642905;SPRF-DF;DEL03-DF;UOP02-DEL03-DF
700299;24/06/2025;terça-feira;18:40:00;PR;467;108,7;CASCAVEL;Acessar a via sem observar a presença dos outros veículos;Colisão transversal;Com Vítimas Feridas;Plena Noite;Crescente;Céu Claro;Dupla;Interseção de Vias;Sim;2;0;1;0;1;0;1;2;-24,92547749;-53,46089959;SPRF-PR;DEL04-PR;UOP01-DEL04-PR
700300;24/06/2025;terça-feira;16:20:00;PR;163;156;LINDOESTE;Mal súbito do condutor;Colisão lateral mesmo sentido;Com Vítimas Feridas;Pleno dia;Crescente;Céu Claro;Dupla;"Em Obras;Reta";Sim;2;0;1;0;1;0;1;2;-25,33157013;-53,59045599;SPRF-PR;DEL05-PR;UOP05-DEL05-PR
700301;24/06/2025;terça-feira;18:20:00;RS;472;563;URUGUAIANA;Condutor deixou de manter distância do veículo da frente;Colisão traseira;Com Vítimas Feridas;Anoitecer;Crescente;Céu Claro;Simples;"Declive;Reta";Não;2;0;1;0;1;0;1;2;-29,733042;-56,960595;SPRF-RS;DEL13-RS;UOP01-DEL13-RS
700302;24/06/2025;terça-feira;18:55:00;SC;101;219;PALHOCA;Reação tardia ou ineficiente do condutor;Engavetamento;Com Vítimas Feridas;Plena Noite;Crescente;Céu Claro;Múltipla;Reta;Sim;4;0;1;0;3;0;1;3;-27,67806246;-48,66997465;SPRF-SC;DEL01-SC;UOP02-DEL01-SC
700303;24/06/2025;terça-feira;18:30:00;DF;251;54;BRASILIA;Retorno proibido;Colisão transversal;Sem Vítimas;Plena Noite;Decrescente;Céu Claro;Simples;Reta;Não;2;0;0;0;2;0;0;2;-15,9796068;-47,92030334;SPRF-DF;DEL01-DF;UOP01-DEL01-DF
700304;24/06/2025;terça-feira;19:40:00;PB;230;11,4;CABEDELO;Ausência de reação do condutor;Colisão traseira;Com Vítimas Feridas;Plena Noite;Decrescente;Céu Claro;Dupla;"Em Obras;Reta";Sim;2;0;1;0;1;0;1;2;-7,06877;-34,84966;SPRF-PB;DEL01-PB;UOP01-DEL01-PB
700307;24/06/2025;terça-feira;19:15:00;CE;116;7,5;FORTALEZA;Condutor deixou de manter distância do veículo da frente;Colisão traseira;Com Vítimas Feridas;Plena Noite;Decrescente;Céu Claro;Múltipla;Reta;Não;2;0;1;0;1;0;1;2;-3,8172149;-38,5016627;SPRF-CE;DEL01-CE;UOP02-DEL01-CE
700309;24/06/2025;terça-feira;19:51:00;MG;381;432,7;SABARA;Demais falhas mecânicas ou elétricas;Incêndio;Sem Vítimas;Plena Noite;Crescente;Nublado;Simples;Curva;Não;1;0;0;0;1;0;0;1;-19,7849169;-43,7230432;SPRF-MG;DEL01-MG;UOP01-DEL01-MG
700310;13/05/2025;terça-feira;19:20:00;MG;40;524,5;CONTAGEM;Pedestre cruzava a pista fora da faixa;Atropelamento de Pedestre;Com Vítimas Feridas;Plena Noite;Crescente;Nublado;Dupla;Reta;Não;2;0;1;0;1;0;1;2;-19,877286;-44,051988;SPRF-MG;DEL01-MG;UOP02-DEL01-MG
700311;24/06/2025;terça-feira;18:40:00;RJ;101;487;ANGRA DOS REIS;Iluminação deficiente;Atropelamento de Pedestre;Com Vítimas Feridas;Plena Noite;Decrescente;Chuva;Simples;Reta;Sim;3;0;2;0;1;0;2;2;-22,97761106;-44,2963979;SPRF-RJ;DEL03-RJ;UOP03-DEL03-RJ
700312;24/06/2025;terça-feira;20:10:00;SC;101;158,1;PORTO BELO;Acumulo de areia ou detritos sobre o pavimento;Tombamento;Com Vítimas Feridas;Plena Noite;Decrescente;Céu Claro;Dupla;"Reta;Interseção de Vias";Sim;2;0;2;0;0;0;2;1;-27,192017;-48,61239;SPRF-SC;DEL04-SC;UOP03-DEL04-SC
700313;24/06/2025;terça-feira;18:05:00;SC;282;340,5;CAMPOS NOVOS;Transitar na contramão;Colisão frontal;Com Vítimas Feridas;Plena Noite;Crescente;Céu Claro;Simples;Reta;Sim;4;0;1;2;0;1;3;3;-27,390443;-51,200715;SPRF-SC;DEL07-SC;UOP06-DEL07-SC
700314;24/06/2025;terça-feira;02:50:00;RS;448;3;SAO MARCOS;Ingestão de álcool pelo condutor;Colisão com objeto;Com Vítimas Feridas;Plena Noite;Crescente;Céu Claro;Dupla;Reta;Sim;1;0;1;0;0;0;1;1;-29;-51;SPRF-RS;DEL01-RS;UOP02-DEL01-RS
700315;20/06/2025;sexta-feira;19:45:00;RS;116;648;JAGUARAO;Animais na Pista;Atropelamento de Animal;Sem Vítimas;Plena Noite;Decrescente;Nublado;Simples;Reta;Não;1;0;0;0;1;0;0;1;-32,4987463;-53,318538;SPRF-RS;DEL07-RS;UOP03-DEL07-RS
700316;24/06/2025;terça-feira;19:50:00;PE;101;57;RECIFE;Ausência de reação do condutor;Colisão frontal;Com Vítimas Feridas;Plena Noite;Crescente;Céu Claro;Dupla;Reta;Sim;2;0;1;1;0;0;2;2;-7,9633373;-34,9158249;SPRF-PE;DEL01-PE;UOP02-DEL01-PE
700319;24/06/2025;terça-feira;19:15:00;PR;116;126;MANDIRITUBA;Trafegar com motocicleta (ou similar) entre as faixas;Colisão lateral mesmo sentido;Sem Vítimas;Plena Noite;Crescente;Céu Claro;Dupla;"Reta;Interseção de Vias";Sim;3;0;0;0;1;2;0;3;-25,65259172;-49,3123734;SPRF-PR;DEL01-PR;UOP03-DEL01-PR
700320;24/06/2025;terça-feira;18:40:00;RJ;101;322;NITEROI;Mal súbito do condutor;Eventos atípicos;Com Vítimas Feridas;Plena Noite;Decrescente;Nublado;Múltipla;Reta;Não;2;0;0;1;1;0;1;2;-22,87717908;-43,11682788;SPRF-RJ;DEL02-RJ;UOP01-DEL02-RJ
700321;24/06/2025;terça-feira;19:30:00;GO;60;192;GUAPO;Condutor Dormindo;Saída de leito carroçável;Com Vítimas Feridas;Plena Noite;Crescente;Nevoeiro/Neblina;Dupla;Reta;Não;1;0;1;0;0;0;1;1;-16,851594;-49,567736;SPRF-GO;DEL01-GO;UOP02-DEL01-GO
700322;24/06/2025;terça-feira;17:10:00;SC;280;28;ARAQUARI;Transitar na contramão;Colisão transversal;Com Vítimas Feridas;Anoitecer;Decrescente;Nublado;Simples;Reta;Não;2;0;1;0;1;0;1;2;-26,404749;-48,745852;SPRF-SC;DEL03-SC;UOP03-DEL03-SC
700323;24/06/2025;terça-feira;16:30:00;BA;116;14;VITORIA DA CONQUISTA;Velocidade Incompatível;Saída de leito carroçável;Com Vítimas Feridas;Pleno dia;Crescente;Céu Claro;Simples;Curva;Não;2;0;2;0;0;0;2;1;-14,89427612;-40,86583614;SPRF-BA;DEL08-BA;UOP01-DEL08-BA
700324;24/06/2025;terça-feira;17:50:00;SC;280;5,4;SAO FRANCISCO DO SUL;Acessar a via sem observar a presença dos outros veículos;Colisão transversal;Com Vítimas Feridas;Anoitecer;Decrescente;Nublado;Simples;"Reta;Interseção de Vias";Não;2;0;1;0;1;0;1;2;-26,262508;-48,62944;SPRF-SC;DEL03-SC;UOP03-DEL03-SC
700326;24/06/2025;terça-feira;18:40:00;MT;70;503;CUIABA;Ausência de reação do condutor;Colisão transversal;Com Vítimas Feridas;Anoitecer;Decrescente;Nublado;Simples;Rotatória;Sim;2;0;1;0;1;0;1;2;-15,70042;-56,042469;SPRF-MT;DEL01-MT;UOP02-DEL01-MT
700328;24/06/2025;terça-feira;19:10:00;MG;116;541,1;SANTA RITA DE MINAS;Animais na Pista;Atropelamento de Animal;Com Vítimas Feridas;Plena Noite;Crescente;Céu Claro;Simples;"Reta;Aclive";Não;1;0;1;0;0;0;1;1;-19,90758497;-42,13522345;SPRF-MG;DEL06-MG;UOP02-DEL06-MG
700329;24/06/2025;terça-feira;21:46:00;PE;232;16;JABOATAO DOS GUARARAPES;Condutor Dormindo;Saída de leito carroçável;Com Vítimas Feridas;Plena Noite;Decrescente;Céu Claro;Dupla;Reta;Não;1;0;0;1;0;0;1;1;-8,094353;-35,039043;SPRF-PE;DEL01-PE;UOP01-DEL01-PE
700331;24/06/2025;terça-feira;18:00:00;RS;468;131,3;TIRADENTES DO SUL;Ingestão de álcool pelo condutor;Colisão traseira;Com Vítimas Feridas;Plena Noite;Crescente;Céu Claro;Simples;Reta;Sim;3;0;1;1;1;0;2;2;-27,34752368;-54,13677259;SPRF-RS;DEL08-RS;UOP02-DEL08-RS