id;data_inversa;dia_semana;horario;uf;br;km;municipio;causa_acidente;tipo_acidente;classificacao_acidente;fase_dia;sentido_via;condicao_metereologica;tipo_pista;tracado_via;uso_solo;pessoas;mortos;feridos_leves;feridos_graves;ilesos;ignorados;feridos;veiculos;latitude;longitude;regional;delegacia;uop
700334;24/06/2025;terça-feira;19:00:00;RS;392;68,2;PELOTAS;Velocidade Incompatível;Saída de leito carroçável;Sem Vítimas;Plena Noite;Crescente;Céu Claro;Simples;Curva;Não;1;0;0;0;1;0;0;1;-31,74544741;-52,40349166;SPRF-RS;DEL07-RS;UOP01-DEL07-RS
700335;24/06/2025;terça-feira;19:00:00;RS;392;123,2;CANGUCU;Reação tardia ou ineficiente do condutor;Colisão transversal;Com Vítimas Feridas;Plena Noite;Crescente;Céu Claro;Simples;Reta;Não;2;0;1;0;1;0;1;2;-31,37673598;-52,71493284;SPRF-RS;DEL07-RS;UOP01-DEL07-RS
700336;24/06/2025;terça-feira;22:45:00;SE;101;150,5;ESTANCIA;Velocidade Incompatível;Saída de leito carroçável;Com Vítimas Feridas;Plena Noite;Crescente;Céu Claro;Simples;"Reta;Interseção de Vias";Sim;2;0;0;1;0;1;1;2;-11,2629115;-37,441561;SPRF-SE;DEL02-SE;UOP01-DEL02-SE
700337;24/06/2025;terça-feira;20:40:00;SC;282;428,1;VARGEM BONITA;Velocidade Incompatível;Saída de leito carroçável;Com Vítimas Feridas;Plena Noite;Crescente;Céu Claro;Simples;Curva;Não;1;0;0;1;0;0;1;1;-26,975905;-51,780773;SPRF-SC;DEL07-SC;UOP05-DEL07-SC
700338;24/06/2025;terça-feira;19:30:00;PI;343;533;AMARANTE;Animais na Pista;Atropelamento de Animal;Com Vítimas Feridas;Plena Noite;Decrescente;Céu Claro;Simples;Reta;Não;2;0;1;0;1;0;1;1;-6,474;-42,793;SPRF-PI;DEL03-PI;UOP01-DEL03-PI
700339;24/06/2025;terça-feira;19:50:00;PE;424;88;GARANHUNS;Ausência de reação do condutor;Colisão frontal;Com Vítimas Fatais;Plena Noite;Decrescente;Nublado;Simples;Declive;Sim;2;1;0;0;0;1;0;2;-8,869793;-36,4628617;SPRF-PE;DEL03-PE;UOP01-DEL03-PE
700340;24/06/2025;terça-feira;22:15:00;PR;369;152,6;LONDRINA;Frear bruscamente;Colisão traseira;Com Vítimas Feridas;Plena Noite;Decrescente;Céu Claro;Dupla;"Curva;Declive";Sim;2;0;1;0;1;0;1;2;-23,293;-51,186;SPRF-PR;DEL07-PR;UOP01-DEL07-PR
700342;24/06/2025;terça-feira;10:23:00;PR;153;456;UNIAO DA VITORIA;Ausência de reação do condutor;Colisão traseira;Com Vítimas Feridas;Pleno dia;Crescente;Sol;Simples;Reta;Não;2;0;0;1;1;0;1;2;-26,20851012;-51,11549011;SPRF-PR;DEL02-PR;UOP03-DEL02-PR
700346;25/06/2025;quarta-feira;00:15:00;BA;101;366;GANDU;Animais na Pista;Atropelamento de Animal;Com Vítimas Feridas;Plena Noite;Decrescente;Céu Claro;Simples;Reta;Sim;1;0;0;1;0;0;1;1;-13,7498982;-39,4858591;SPRF-BA;DEL05-BA;UOP03-DEL05-BA
700352;25/06/2025;quarta-feira;02:20:00;MT;70;650,6;CACERES;Animais na Pista;Atropelamento de Animal;Sem Vítimas;Plena Noite;Crescente;Nublado;Simples;Reta;Não;1;0;0;0;1;0;0;1;-15,990769;-57,195446;SPRF-MT;DEL03-MT;UOP02-DEL03-MT
700353;25/06/2025;quarta-feira;04:50:00;SC;470;64,6;INDAIAL;Ausência de reação do condutor;Colisão lateral mesmo sentido;Com Vítimas Feridas;Plena Noite;Decrescente;Céu Claro;Simples;"Aclive;Em Obras;Desvio Temporário";Não;2;0;1;0;1;0;1;2;-26,87017592;-49,20924274;SPRF-SC;DEL04-SC;UOP01-DEL04-SC
700354;25/06/2025;quarta-feira;05:45:00;MA;316;532;CAXIAS;Velocidade Incompatível;Colisão traseira;Com Vítimas Fatais;Amanhecer;Decrescente;Céu Claro;Simples;Reta;Não;3;1;1;0;1;0;1;3;-4,828737;-43,510082;SPRF-MA;DEL03-MA;UOP02-DEL03-MA
700355;25/06/2025;quarta-feira;05:05:00;MS;267;240,6;NOVA ALVORADA DO SUL;Ausência de reação do condutor;Saída de leito carroçável;Sem Vítimas;Plena Noite;Crescente;Céu Claro;Simples;Reta;Não;2;0;0;0;2;0;0;1;-21,485115;-54,303064;SPRF-MS;DEL02-MS;UOP01-DEL02-MS
700356;25/06/2025;quarta-feira;06:05:00;DF;70;16;BRASILIA;Desrespeitar a preferência no cruzamento;Colisão transversal;Com Vítimas Feridas;Amanhecer;Crescente;Nublado;Dupla;Rotatória;Não;3;0;1;0;2;0;1;2;-15,7958819;-48,19668386;SPRF-DF;DEL03-DF;UOP02-DEL03-DF
700358;25/06/2025;quarta-feira;05:45:00;MS;163;464,5;CAMPO GRANDE;Transitar no Acostamento;Tombamento;Com Vítimas Feridas;Amanhecer;Decrescente;Céu Claro;Simples;Reta;Não;3;0;1;0;1;1;1;3;-20,601084;-54,57901;SPRF-MS;DEL01-MS;UOP01-DEL01-MS
700359;25/06/2025;quarta-feira;06:28:00;RJ;101;322;NITEROI;Condutor deixou de manter distância do veículo da frente;Colisão transversal;Com Vítimas Feridas;Pleno dia;Decrescente;Céu Claro;Dupla;Reta;Não;3;0;1;0;1;1;1;3;-22,8693375;-43,1480611;SPRF-RJ;DEL02-RJ;UOP01-DEL02-RJ
700360;25/06/2025;quarta-feira;06:50:00;ES;101;262,7;SERRA;Condutor deixou de manter distância do veículo da frente;Colisão traseira;Com Vítimas Feridas;Pleno dia;Decrescente;Céu Claro;Dupla;Reta;Não;3;0;2;0;0;1;2;3;-20,16054717;-40,27570583;SPRF-ES;DEL02-ES;UOP01-DEL02-ES
700361;25/06/2025;quarta-feira;07:10:00;SE;235;5;NOSSA SENHORA DO SOCORRO;Ingestão de álcool pelo condutor;Colisão traseira;Sem Vítimas;Pleno dia;Decrescente;Chuva;Dupla;Reta;Não;2;0;0;0;2;0;0;2;-10,867102;-37,134923;SPRF-SE;DEL01-SE;UOP01-DEL01-SE
700362;25/06/2025;quarta-feira;04:00:00;PR;277;694;SAO MIGUEL DO IGUACU;Condutor Dormindo;Saída de leito carroçável;Com Vítimas Feridas;Plena Noite;Crescente;Céu Claro;Dupla;Reta;Não;1;0;1;0;0;0;1;1;-25,39542934;-54,30983484;SPRF-PR;DEL05-PR;UOP01-DEL05-PR
700363;25/06/2025;quarta-feira;06:00:00;MG;116;763;LEOPOLDINA;Animais na Pista;Atropelamento de Animal;Com Vítimas Feridas;Amanhecer;Decrescente;Nublado;Simples;"Declive;Curva";Não;1;0;1;0;0;0;1;1;-21,52491437;-42,63566047;SPRF-MG;DEL07-MG;UOP01-DEL07-MG
700364;25/06/2025;quarta-feira;07:15:00;PE;101;56;RECIFE;Entrada inopinada do pedestre;Queda de ocupante de veículo;Com Vítimas Feridas;Pleno dia;Crescente;Céu Claro;Dupla;Reta;Sim;2;0;2;0;0;0;2;1;-7,95856;-34,912392;SPRF-PE;DEL01-PE;UOP02-DEL01-PE
700365;25/06/2025;quarta-feira;07:30:00;PE;232;172;BELO JARDIM;Ausência de reação do condutor;Saída de leito carroçável;Com Vítimas Feridas;Pleno dia;Crescente;Céu Claro;Simples;Reta;Não;1;0;1;0;0;0;1;1;-8,338997;-36,365822;SPRF-PE;DEL03-PE;UOP02-DEL03-PE
700366;25/06/2025;quarta-feira;07:49:00;CE;116;10,6;FORTALEZA;Condutor deixou de manter distância do veículo da frente;Colisão traseira;Com Vítimas Feridas;Pleno dia;Crescente;Céu Claro;Múltipla;Reta;Sim;3;0;2;0;1;0;2;2;-3,84064;-38,500452;SPRF-CE;DEL01-CE;UOP02-DEL01-CE
700367;25/06/2025;quarta-feira;05:45:00;RO;364;524;ARIQUEMES;Reação tardia ou ineficiente do condutor;Tombamento;Com Vítimas Feridas;Amanhecer;Decrescente;Garoa/Chuvisco;Simples;"Declive;Reta";Não;1;0;0;1;0;0;1;1;-9,9219351;-63,03315434;SPRF-RO;DEL03-RO;UOP01-DEL03-RO
700369;25/06/2025;quarta-feira;06:00:00;RJ;116;316;ITATIAIA;Conversão proibida;Colisão frontal;Com Vítimas Feridas;Pleno dia;Decrescente;Céu Claro;Dupla;"Curva;Declive;Retorno Regulamentado";Sim;3;0;3;0;0;0;3;2;-22,467523;-44,4993259;SPRF-RJ;DEL07-RJ;UOP02-DEL07-RJ
700370;25/06/2025;quarta-feira;08:00:00;RS;158;332;SANTA MARIA;Acessar a via sem observar a presença dos outros veículos;Colisão transversal;Com Vítimas Feridas;Pleno dia;Crescente;Céu Claro;Simples;"Reta;Interseção de Vias";Sim;3;0;0;1;2;0;1;2;-29,707412;-53,853375;SPRF-RS;DEL09-RS;UOP01-DEL09-RS
700371;25/06/2025;quarta-feira;08:00:00;ES;262;46,6;MARECHAL FLORIANO;Conversão proibida;Colisão lateral mesmo sentido;Com Vítimas Feridas;Pleno dia;Decrescente;Céu Claro;Simples;Reta;Sim;3;0;1;0;2;0;1;2;-20,39964746;-40,67215769;SPRF-ES;DEL01-ES;UOP01-DEL01-ES
700372;25/06/2025;quarta-feira;07:36:00;SP;381;52;MAIRIPORA;Reação tardia ou ineficiente do condutor;Colisão traseira;Com Vítimas Feridas;Pleno dia;Decrescente;Céu Claro;Dupla;Reta;Sim;3;0;1;1;1;0;2;3;-23,23624;-46,60061;SPRF-SP;DEL03-SP;UOP01-DEL03-SP
700374;25/06/2025;quarta-feira;07:10:00;PE;101;89,1;JABOATAO DOS GUARARAPES;Ausência de reação do condutor;Queda de ocupante de veículo;Sem Vítimas;Pleno dia;Decrescente;Nublado;Dupla;Reta;Não;1;0;0;0;0;1;0;1;-8,21023149;-34,98528449;SPRF-PE;DEL01-PE;UOP01-DEL01-PE
700375;12/06/2025;quinta-feira;17:00:00;SP;116;228;SAO PAULO;Manobra de mudança de faixa;Colisão lateral mesmo sentido;Com Vítimas Feridas;Pleno dia;Decrescente;Céu Claro;Múltipla;Reta;Sim;3;0;1;0;0;2;1;3;-23,50290254;-46,5656805;SPRF-SP;DEL01-SP;UOP01-DEL01-SP
700377;16/06/2025;segunda-feira;00:00:00;SP;101;47;UBATUBA;Ausência de reação do condutor;Colisão traseira;Com Vítimas Feridas;Plena Noite;Crescente;Céu Claro;Simples;"Ponte;Reta";Sim;4;0;1;2;0;1;3;4;-23,431278;-45,083529;SPRF-SP;DEL06-SP;UOP01-DEL06-SP
700380;25/06/2025;quarta-feira;07:30:00;BA;415;19;ILHEUS;Reação tardia ou ineficiente do condutor;Colisão transversal;Com Vítimas Feridas;Pleno dia;Crescente;Céu Claro;Simples;Reta;Não;3;0;2;0;1;0;2;3;-14,79944912;-39,12528873;SPRF-BA;DEL05-BA;UOP01-DEL05-BA
700384;25/06/2025;quarta-feira;08:30:00;SC;101;207,8;SAO JOSE;Animais na Pista;Colisão traseira;Com Vítimas Feridas;Pleno dia;Crescente;Céu Claro;Múltipla;Curva;Sim;2;0;0;1;1;0;1;2;-27,602512;-48,630325;SPRF-SC;DEL01-SC;UOP01-DEL01-SC
700385;29/03/2025;sábado;23:30:00;RJ;101;485;ANGRA DOS REIS;Ausência de reação do condutor;Queda de ocupante de veículo;Com Vítimas Feridas;Plena Noite;Crescente;Céu Claro;Simples;Reta;Não;1;0;0;1;0;0;1;1;-23,00833225;-44,22992706;SPRF-RJ;DEL03-RJ;UOP03-DEL03-RJ
700388;25/06/2025;quarta-feira;08:10:00;SC;153;99,5;CONCORDIA;Conversão proibida;Colisão transversal;Com Vítimas Feridas;Pleno dia;Crescente;Céu Claro;Simples;Reta;Não;3;0;0;1;1;1;1;3;-27,1917287;-51,9358214;SPRF-SC;DEL07-SC;UOP04-DEL07-SC
700389;25/06/2025;quarta-feira;08:00:00;RJ;40;117;DUQUE DE CAXIAS;Reação tardia ou ineficiente do condutor;Atropelamento de Pedestre;Com Vítimas Feridas;Pleno dia;Crescente;Céu Claro;Múltipla;Reta;Sim;2;0;0;1;1;0;1;2;-22,748329;-43,28791;SPRF-RJ;DEL01-RJ;UOP02-DEL01-RJ
700391;25/06/2025;quarta-feira;09:10:00;BA;324;493;FEIRA DE SANTANA;Acessar a via sem observar a presença dos outros veículos;Colisão transversal;Com Vítimas Feridas;Pleno dia;Crescente;Céu Claro;Simples;Curva;Não;2;0;1;0;1;0;1;2;-12,056981;-38,977397;SPRF-BA;DEL02-BA;UOP01-DEL02-BA
700392;25/06/2025;quarta-feira;08:50:00;RJ;101;67;CAMPOS DOS GOYTACAZES;Pedestre cruzava a pista fora da faixa;Atropelamento de Pedestre;Com Vítimas Feridas;Pleno dia;Decrescente;Céu Claro;Simples;Reta;Sim;2;0;1;0;0;1;1;2;-21,770867;-41,355113;SPRF-RJ;DEL08-RJ;UOP02-DEL08-RJ
700397;25/06/2025;quarta-feira;09:20:00;GO;153;533,4;HIDROLANDIA;Ausência de reação do condutor;Saída de leito carroçável;Com Vítimas Feridas;Pleno dia;Crescente;Sol;Dupla;Reta;Sim;3;0;1;0;0;2;1;2;-16,988185;-49,229339;SPRF-GO;DEL01-GO;UOP03-DEL01-GO
700398;25/06/2025;quarta-feira;07:50:00;PR;153;5,7;JACAREZINHO;Neblina;Colisão frontal;Com Vítimas Feridas;Amanhecer;Crescente;Nevoeiro/Neblina;Simples;Reta;Não;3;0;0;2;1;0;2;2;-23,03911463;-49,92275326;SPRF-PR;DEL07-PR;UOP04-DEL07-PR
700399;25/06/2025;quarta-feira;10:00:00;ES;101;269,3;SERRA;Manobra de mudança de faixa;Colisão lateral mesmo sentido;Com Vítimas Feridas;Pleno dia;Crescente;Nublado;Múltipla;Reta;Sim;2;0;1;0;1;0;1;2;-20,2205119;-40,2704562;SPRF-ES;DEL02-ES;UOP01-DEL02-ES
700400;25/06/2025;quarta-feira;10:00:00;MG;365;22;MONTES CLAROS;Ausência de reação do condutor;Saída de leito carroçável;Com Vítimas Fatais;Pleno dia;Decrescente;Sol;Simples;Curva;Não;3;1;2;0;0;0;2;1;-16,865739;-44,021031;SPRF-MG;DEL12-MG;UOP01-DEL12-MG
700401;25/06/2025;quarta-feira;08:30:00;PR;373;227;IMBITUVA;Ausência de reação do condutor;Colisão traseira;Com Vítimas Feridas;Pleno dia;Crescente;Céu Claro;Simples;"Curva;Aclive";Não;5;0;1;0;4;0;1;2;-25,173602;-50,637439;SPRF-PR;DEL03-PR;UOP01-DEL03-PR
700402;15/06/2025;domingo;16:50:00;MG;262;359;BETIM;Conversão proibida;Colisão transversal;Com Vítimas Feridas;Pleno dia;Crescente;Céu Claro;Múltipla;Reta;Não;4;0;1;2;0;1;3;3;-19,97927778;-44,25220013;SPRF-MG;DEL01-MG;UOP03-DEL01-MG
700404;25/06/2025;quarta-feira;09:15:00;RO;364;237,2;CACOAL;Acessar a via sem observar a presença dos outros veículos;Colisão transversal;Sem Vítimas;Pleno dia;Decrescente;Nublado;Simples;"Reta;Retorno Regulamentado";Sim;2;0;0;0;2;0;0;2;-11,44224461;-61,44889891;SPRF-RO;DEL02-RO;UOP02-DEL02-RO
700406;17/06/2025;terça-feira;18:14:00;RO;364;77;VILHENA;Ausência de reação do condutor;Saída de leito carroçável;Com Vítimas Feridas;Plena Noite;Crescente;Céu Claro;Simples;Reta;Não;2;0;1;1;0;0;2;1;-12,65469325;-60,31451762;SPRF-RO;DEL04-RO;UOP01-DEL04-RO
700407;25/06/2025;quarta-feira;09:50:00;AL;104;88,9;RIO LARGO;Manobra de mudança de faixa;Colisão traseira;Com Vítimas Feridas;Pleno dia;Crescente;Céu Claro;Dupla;Reta;Sim;3;0;1;0;1;1;1;2;-9,487269;-35,81675;SPRF-AL;DEL01-AL;UOP01-DEL01-AL
700408;25/06/2025;quarta-feira;08:50:00;RN;427;54,9;JARDIM DO SERIDO;Reação tardia ou ineficiente do condutor;Colisão traseira;Com Vítimas Feridas;Pleno dia;Decrescente;Céu Claro;Simples;Reta;Sim;2;0;1;0;1;0;1;2;-6,590345;-36,773673;SPRF-RN;DEL03-RN;UOP01-DEL03-RN
700410;25/06/2025;quarta-feira;09:35:00;PB;230;271;JUNCO DO SERIDO;Reação tardia ou ineficiente do condutor;Colisão traseira;Sem Vítimas;Pleno dia;Decrescente;Sol;Simples;"Aclive;Reta";Não;4;0;0;0;4;0;0;2;-6,97316972;-36,74630642;SPRF-PB;DEL03-PB;UOP01-DEL03-PB
700411;25/06/2025;quarta-feira;11:30:00;RS;290;91;PORTO ALEGRE;Manobra de mudança de faixa;Colisão traseira;Com Vítimas Feridas;Pleno dia;Decrescente;Céu Claro;Dupla;Reta;Sim;3;0;1;0;2;0;1;2;-29,96954732;-51,17698431;SPRF-RS;DEL01-RS;UOP01-DEL01-RS
700412;25/06/2025;quarta-feira;11:45:00;BA;101;174;FEIRA DE SANTANA;Ausência de reação do condutor;Colisão traseira;Com Vítimas Feridas;Pleno dia;Decrescente;Chuva;Simples;Reta;Não;2;0;1;0;1;0;1;2;-12,38278064;-38,88205362;SPRF-BA;DEL01-BA;UOP03-DEL01-BA
700415;25/06/2025;quarta-feira;11:50:00;MG;381;454,5;BELO HORIZONTE;Manobra de mudança de faixa;Colisão lateral mesmo sentido;Com Vítimas Feridas;Pleno dia;Crescente;Céu Claro;Simples;Reta;Não;3;0;2;0;1;0;2;2;-19,840919;-43,874184;SPRF-MG;DEL01-MG;UOP01-DEL01-MG
700416;25/06/2025;quarta-feira;10:30:00;RJ;485;1;ITATIAIA;Acessar a via sem observar a presença dos outros veículos;Colisão transversal;Com Vítimas Feridas;Pleno dia;Crescente;Céu Claro;Simples;Rotatória;Sim;2;0;1;0;1;0;1;2;-22,50477145;-44,59231496;SPRF-RJ;DEL07-RJ;UOP02-DEL07-RJ
700417;25/06/2025;quarta-feira;12:20:00;PB;230;22,8;JOAO PESSOA;Ausência de reação do condutor;Colisão traseira;Com Vítimas Feridas;Pleno dia;Decrescente;Céu Claro;Dupla;Reta;Não;2;0;1;0;1;0;1;2;-7,158821;-34,858814;SPRF-PB;DEL01-PB;UOP01-DEL01-PB
700418;25/06/2025;quarta-feira;12:10:00;SC;282;506,4;XANXERE;Animais na Pista;Tombamento;Com Vítimas Feridas;Pleno dia;Decrescente;Céu Claro;Dupla;Reta;Não;2;0;2;0;0;0;2;1;-26,88552158;-52,43143559;SPRF-SC;DEL07-SC;UOP01-DEL07-SC
700419;25/06/2025;quarta-feira;11:40:00;PE;101;84,5;JABOATAO DOS GUARARAPES;Animais na Pista;Colisão traseira;Com Vítimas Feridas;Pleno dia;Crescente;Céu Claro;Dupla;Ponte;Não;2;0;1;0;1;0;1;2;-8,179426;-34,957946;SPRF-PE;DEL01-PE;UOP01-DEL01-PE
700420;24/06/2025;terça-feira;18:40:00;RR;174;582;BOA VISTA;Velocidade Incompatível;Saída de leito carroçável;Sem Vítimas;Plena Noite;Crescente;Céu Claro;Simples;Reta;Não;1;0;0;0;0;1;0;1;3,4488625;-60,90905786;SPRF-RR;DEL01-RR;UOP01-DEL01-RR
700422;25/06/2025;quarta-feira;12:30:00;SP;381;41;ATIBAIA;Frear bruscamente;Tombamento;Com Vítimas Feridas;Pleno dia;Crescente;Céu Claro;Dupla;Reta;Não;2;0;2;0;0;0;2;1;-23,14043151;-46,57542765;SPRF-SP;DEL03-SP;UOP01-DEL03-SP
700423;25/06/2025;quarta-feira;10:10:00;BA;110;32;SANTA BRIGIDA;Chuva;Colisão transversal;Com Vítimas Feridas;Pleno dia;Decrescente;Chuva;Simples;Aclive;Não;3;0;1;0;2;0;1;2;-9,702055;-38,229378;SPRF-BA;DEL07-BA;UOP01-DEL07-BA
700424;19/05/2025;segunda-feira;10:30:00;PR;376;617,9;SAO JOSE DOS PINHAIS;Ausência de reação do condutor;Colisão com objeto;Com Vítimas Feridas;Pleno dia;Crescente;Chuva;Dupla;Reta;Não;1;0;1;0;0;0;1;1;-25,59834602;-49,17399852;SPRF-PR;DEL01-PR;UOP04-DEL01-PR
700426;25/06/2025;quarta-feira;12:20:00;SP;101;32;UBATUBA;Ausência de reação do condutor;Colisão com objeto;Com Vítimas Feridas;Pleno dia;Crescente;Céu Claro;Simples;Rotatória;Sim;1;0;1;0;0;0;1;1;-23,40936618;-45,0592324;SPRF-SP;DEL06-SP;UOP01-DEL06-SP
700427;25/06/2025;quarta-feira;13:00:00;BA;324;569;SAO SEBASTIAO DO PASSE;Manobra de mudança de faixa;Colisão lateral mesmo sentido;Com Vítimas Feridas;Pleno dia;Crescente;Nublado;Dupla;Reta;Sim;5;0;1;0;4;0;1;2;-12,549811;-38,576432;SPRF-BA;DEL01-BA;UOP01-DEL01-BA
700428;24/06/2025;terça-feira;17:40:00;PE;101;80,5;JABOATAO DOS GUARARAPES;Animais na Pista;Tombamento;Com Vítimas Feridas;Plena Noite;Crescente;Garoa/Chuvisco;Dupla;Reta;Sim;1;0;1;0;0;0;1;1;-8,15741236;-34,9412391;SPRF-PE;DEL01-PE;UOP01-DEL01-PE
700430;25/06/2025;quarta-feira;12:10:00;AP;156;799,4;OIAPOQUE;Acessar a via sem observar a presença dos outros veículos;Colisão transversal;Com Vítimas Feridas;Pleno dia;Crescente;Céu Claro;Simples;Reta;Sim;2;0;1;0;1;0;1;2;3,83854583;-51,81697369;SPRF-AP;DEL01-AP;UOP03-DEL01-AP
700432;25/06/2025;quarta-feira;14:00:00;RS;116;151,6;CAXIAS DO SUL;Problema com o freio;Colisão traseira;Com Vítimas Feridas;Pleno dia;Crescente;Céu Claro;Dupla;"Interseção de Vias;Declive;Reta";Sim;2;0;1;0;1;0;1;2;-29,18189778;-51,16625595;SPRF-RS;DEL05-RS;UOP01-DEL05-RS
700436;25/06/2025;quarta-feira;14:00:00;SC;101;416,1;ARARANGUA;Condutor deixou de manter distância do veículo da frente;Colisão traseira;Sem Vítimas;Pleno dia;Decrescente;Céu Claro;Dupla;"Reta;Em Obras";Não;9;0;0;0;9;0;0;2;-28,97279505;-49,52912299;SPRF-SC;DEL02-SC;UOP02-DEL02-SC
700438;25/06/2025;quarta-feira;14:30:00;RS;116;40;VACARIA;Acessar a via sem observar a presença dos outros veículos;Colisão transversal;Com Vítimas Feridas;Pleno dia;Crescente;Céu Claro;Simples;"Reta;Retorno Regulamentado";Sim;2;0;1;0;1;0;1;2;-28,52116872;-50,94254706;SPRF-RS;DEL05-RS;UOP03-DEL05-RS
700439;25/06/2025;quarta-feira;12:55:00;PB;230;502;CAJAZEIRAS;Acessar a via sem observar a presença dos outros veículos;Colisão transversal;Com Vítimas Feridas;Pleno dia;Decrescente;Céu Claro;Simples;"Declive;Reta";Sim;2;0;2;0;0;0;2;2;-6,895257;-38,538078;SPRF-PB;DEL03-PB;UOP03-DEL03-PB
700440;25/06/2025;quarta-feira;13:55:00;SC;282;28,5;SANTO AMARO DA IMPERATRIZ;Acessar a via sem observar a presença dos outros veículos;Colisão transversal;Com Vítimas Feridas;Pleno dia;Crescente;Céu Claro;Simples;"Rotatória;Interseção de Vias";Sim;2;0;1;0;1;0;1;2;-27,676795;-48,783235;SPRF-SC;DEL01-SC;UOP03-DEL01-SC
700441;25/06/2025;quarta-feira;12:50:00;SC;101;120,7;ITAJAI;Ausência de reação do condutor;Tombamento;Com Vítimas Feridas;Pleno dia;Crescente;Sol;Simples;Curva;Não;2;0;1;1;0;0;2;1;-26,91917913;-48,71088378;SPRF-SC;DEL04-SC;UOP04-DEL04-SC
700442;25/06/2025;quarta-feira;13:40:00;PR;277;594,5;CASCAVEL;Mal súbito do condutor;Colisão traseira;Com Vítimas Feridas;Pleno dia;Crescente;Céu Claro;Simples;"Interseção de Vias;Rotatória";Sim;2;0;1;1;0;0;2;2;-24,9799417;-53,50316;SPRF-PR;DEL04-PR;UOP01-DEL04-PR
700443;04/05/2025;domingo;15:10:00;PR;376;176,8;MARINGA;Condutor desrespeitou a iluminação vermelha do semáforo;Colisão transversal;Com Vítimas Feridas;Pleno dia;Decrescente;Sol;Dupla;"Reta;Interseção de Vias";Sim;2;0;1;1;0;0;2;2;-23,41255616;-51,932393;SPRF-PR;DEL09-PR;UOP01-DEL09-PR
700444;25/06/2025;quarta-feira;15:35:00;SC;101;189,5;BIGUACU;Reação tardia ou ineficiente do condutor;Queda de ocupante de veículo;Com Vítimas Feridas;Pleno dia;Decrescente;Céu Claro;Dupla;Curva;Não;1;0;0;1;0;0;1;1;-27,46462294;-48,64183903;SPRF-SC;DEL01-SC;UOP01-DEL01-SC
700445;25/06/2025;quarta-feira;15:00:00;PI;343;347,9;TERESINA;Conversão proibida;Colisão lateral mesmo sentido;Com Vítimas Feridas;Pleno dia;Decrescente;Sol;Simples;Reta;Sim;2;0;1;0;1;0;1;2;-5,117683;-42,784382;SPRF-PI;DEL01-PI;UOP01-DEL01-PI
700447;13/06/2025;sexta-feira;09:10:00;RN;0;0;MACAIBA;Curva acentuada;Colisão com objeto;Sem Vítimas;Pleno dia;Não Informado;Céu Claro;Simples;Interseção de Vias;Sim;4;0;0;0;4;0;0;2;-5,928091;-35,53629;SPRF-RN;DEL01-RN;UOP02-DEL01-RN
700451;25/06/2025;quarta-feira;12:40:00;BA;324;6,8;FEIRA DE SANTANA;Velocidade Incompatível;Tombamento;Com Vítimas Fatais;Pleno dia;Crescente;Céu Claro;Simples;"Curva;Viaduto";Sim;2;1;0;1;0;0;1;1;-12,269743;-38,987388;SPRF-BA;DEL02-BA;UOP01-DEL02-BA
700452;25/06/2025;quarta-feira;16:35:00;PR;116;191,2;CAMPO DO TENENTE;Acesso irregular;Colisão transversal;Com Vítimas Feridas;Pleno dia;Crescente;Céu Claro;Simples;Rotatória;Não;2;0;1;0;1;0;1;2;-25,994368;-49,667497;SPRF-SC;DEL06-SC;UOP01-DEL06-SC
700456;25/06/2025;quarta-feira;15:40:00;MS;163;263;DOURADOS;Mal súbito do condutor;Saída de leito carroçável;Com Vítimas Feridas;Pleno dia;Crescente;Céu Claro;Dupla;Reta;Sim;3;0;2;0;1;0;2;2;-22,2285617;-54,74181382;SPRF-MS;DEL04-MS;UOP01-DEL04-MS
700457;25/06/2025;quarta-feira;17:30:00;SC;101;200,4;SAO JOSE;Reação tardia ou ineficiente do condutor;Colisão com objeto;Com Vítimas Feridas;Anoitecer;Crescente;Céu Claro;Múltipla;"Reta;Interseção de Vias";Sim;2;0;1;0;1;0;1;1;-27,544;-48,622;SPRF-SC;DEL01-SC;UOP01-DEL01-SC
700459;25/06/2025;quarta-feira;13:37:00;SC;282;562,5;NOVA ERECHIM;Transitar na contramão;Colisão lateral sentido oposto;Com Vítimas Feridas;Pleno dia;Crescente;Céu Claro;Simples;Reta;Não;4;0;1;0;1;2;1;4;-26,917158;-52,863613;SPRF-SC;DEL07-SC;UOP02-DEL07-SC
700460;25/06/2025;quarta-feira;17:55:00;ES;101;283,1;CARIACICA;Manobra de mudança de faixa;Colisão lateral mesmo sentido;Com Vítimas Feridas;Anoitecer;Crescente;Nublado;Dupla;Reta;Sim;3;0;1;0;1;1;1;3;-20,23517757;-40,36965815;SPRF-ES;DEL01-ES;UOP01-DEL01-ES
700461;25/06/2025;quarta-feira;15:50:00;PR;476;88;BOCAIUVA DO SUL;Demais falhas mecânicas ou elétricas;Incêndio;Sem Vítimas;Pleno dia;Decrescente;Céu Claro;Simples;"Declive;Reta";Não;1;0;0;0;1;0;0;1;-25,16318877;-49,11333784;SPRF-PR;DEL01-PR;UOP01-DEL01-PR
700462;25/06/2025;quarta-feira;17:30:00;PR;376;11;MARINGA;Reação tardia ou ineficiente do condutor;Saída de leito carroçável;Com Vítimas Feridas;Anoitecer;Decrescente;Céu Claro;Dupla;Reta;Não;1;0;1;0;0;0;1;1;-23,3861863;-51,90014273;SPRF-PR;DEL09-PR;UOP01-DEL09-PR