id;data_inversa;dia_semana;horario;uf;br;km;municipio;causa_acidente;tipo_acidente;classificacao_acidente;fase_dia;sentido_via;condicao_metereologica;tipo_pista;tracado_via;uso_solo;pessoas;mortos;feridos_leves;feridos_graves;ilesos;ignorados;feridos;veiculos;latitude;longitude;regional;delegacia;uop
700464;25/06/2025;quarta-feira;17:30:00;PA;230;120;MARABA;Condutor deixou de manter distância do veículo da frente;Colisão traseira;Com Vítimas Feridas;Pleno dia;Crescente;Céu Claro;Dupla;"Ponte;Reta";Sim;3;0;0;1;2;0;1;2;-5,357095;-49,1225;SPRF-PA;DEL03-PA;UOP01-DEL03-PA
700465;25/06/2025;quarta-feira;17:40:00;BA;101;14,4;RIO REAL;Acessar a via sem observar a presença dos outros veículos;Colisão traseira;Com Vítimas Feridas;Anoitecer;Decrescente;Nublado;Dupla;"Reta;Interseção de Vias";Não;6;0;3;0;3;0;3;2;-11,60222;-37,879492;SPRF-SE;DEL02-SE;UOP03-DEL02-SE
700468;25/06/2025;quarta-feira;18:15:00;PR;476;161,8;ARAUCARIA;Demais falhas mecânicas ou elétricas;Incêndio;Sem Vítimas;Plena Noite;Decrescente;Céu Claro;Simples;"Curva;Aclive";Sim;1;0;0;0;1;0;0;1;-25,625689;-49,451776;SPRF-PR;DEL01-PR;UOP06-DEL01-PR
700469;28/03/2025;sexta-feira;21:30:00;RS;116;221;DOIS IRMAOS;Acessar a via sem observar a presença dos outros veículos;Colisão transversal;Com Vítimas Feridas;Plena Noite;Decrescente;Nublado;Simples;"Reta;Rotatória";Sim;2;0;1;1;0;0;2;2;-29,57862512;-51,0958039;SPRF-RS;DEL01-RS;UOP02-DEL01-RS
700470;25/06/2025;quarta-feira;18:00:00;RJ;101;388;RIO DE JANEIRO;Ausência de reação do condutor;Colisão lateral mesmo sentido;Com Vítimas Feridas;Plena Noite;Decrescente;Nublado;Múltipla;Reta;Sim;2;0;1;0;0;1;1;2;-22,89206391;-43,66912577;SPRF-RJ;DEL03-RJ;UOP01-DEL03-RJ
700471;01/06/2025;domingo;14:30:00;MG;381;892;CAMBUI;Ausência de reação do condutor;Queda de ocupante de veículo;Com Vítimas Feridas;Pleno dia;Decrescente;Sol;Dupla;Reta;Não;1;0;1;0;0;0;1;1;-22,58104654;-46,04438782;SPRF-MG;DEL16-MG;UOP01-DEL16-MG
700472;25/06/2025;quarta-feira;18:10:00;RJ;393;235;VASSOURAS;Acessar a via sem observar a presença dos outros veículos;Colisão transversal;Com Vítimas Feridas;Plena Noite;Decrescente;Nublado;Simples;Reta;Sim;2;0;1;0;1;0;1;2;-22,4195238;-43,6833197;SPRF-RJ;DEL05-RJ;UOP03-DEL05-RJ
700473;25/06/2025;quarta-feira;18:05:00;RS;116;248;SAO LEOPOLDO;Condutor deixou de manter distância do veículo da frente;Colisão traseira;Com Vítimas Feridas;Plena Noite;Decrescente;Céu Claro;Dupla;"Reta;Viaduto";Sim;2;0;1;0;1;0;1;2;-29,77251962;-51,15411108;SPRF-RS;DEL01-RS;UOP02-DEL01-RS
700475;25/06/2025;quarta-feira;17:04:00;RO;364;340;JI-PARANA;Conversão proibida;Colisão lateral mesmo sentido;Com Vítimas Feridas;Pleno dia;Crescente;Céu Claro;Simples;"Reta;Viaduto";Sim;2;0;2;0;0;0;2;2;-10,889273;-61,93131415;SPRF-RO;DEL02-RO;UOP01-DEL02-RO
700477;25/06/2025;quarta-feira;18:17:00;RN;101;84;SAO GONCALO DO AMARANTE;Reação tardia ou ineficiente do condutor;Colisão traseira;Com Vítimas Feridas;Plena Noite;Decrescente;Céu Claro;Dupla;"Reta;Declive";Não;3;0;0;1;2;0;1;3;-5,748799;-35,3264652;SPRF-RN;DEL02-RN;UOP01-DEL02-RN
700478;25/06/2025;quarta-feira;17:15:00;PE;104;62;CARUARU;Velocidade Incompatível;Saída de leito carroçável;Com Vítimas Feridas;Pleno dia;Crescente;Nublado;Dupla;Reta;Sim;5;0;5;0;0;0;5;1;-8,25823;-35,97581;SPRF-PE;DEL02-PE;UOP01-DEL02-PE
700479;25/06/2025;quarta-feira;17:45:00;PR;376;176,5;MARINGA;Condutor deixou de manter distância do veículo da frente;Tombamento;Com Vítimas Feridas;Anoitecer;Decrescente;Céu Claro;Dupla;Reta;Sim;1;0;1;0;0;0;1;1;-23,4116996;-51,93465678;SPRF-PR;DEL09-PR;UOP01-DEL09-PR
700480;25/06/2025;quarta-feira;18:30:00;SP;116;75,9;ROSEIRA;Animais na Pista;Tombamento;Com Vítimas Feridas;Anoitecer;Crescente;Céu Claro;Dupla;Curva;Não;1;0;1;0;0;0;1;1;-22,87751954;-45,27225494;SPRF-SP;DEL08-SP;UOP01-DEL08-SP
700481;25/06/2025;quarta-feira;17:30:00;BA;101;526;BUERAREMA;Transitar na contramão;Colisão transversal;Com Vítimas Fatais;Anoitecer;Decrescente;Céu Claro;Simples;Reta;Não;2;1;0;1;0;0;1;2;-14,97013844;-39,31996107;SPRF-BA;DEL05-BA;UOP01-DEL05-BA
700482;25/06/2025;quarta-feira;18:50:00;RJ;116;171;RIO DE JANEIRO;Reação tardia ou ineficiente do condutor;Colisão traseira;Com Vítimas Feridas;Plena Noite;Crescente;Céu Claro;Múltipla;Reta;Sim;3;0;2;0;1;0;2;2;-22,8066268;-43,3397674;SPRF-RJ;DEL06-RJ;UOP01-DEL06-RJ
700484;25/06/2025;quarta-feira;15:30:00;PR;116;206,5;RIO NEGRO;Ingestão de álcool pelo condutor;Saída de leito carroçável;Sem Vítimas;Pleno dia;Crescente;Céu Claro;Simples;Reta;Não;1;0;0;0;1;0;0;1;-26,074783;-49,760923;SPRF-SC;DEL06-SC;UOP01-DEL06-SC
700487;25/06/2025;quarta-feira;18:30:00;PE;232;42,5;VITORIA DE SANTO ANTAO;Animais na Pista;Atropelamento de Animal;Com Vítimas Feridas;Plena Noite;Crescente;Nublado;Dupla;Reta;Não;1;0;0;1;0;0;1;1;-8,11627;-35,256483;SPRF-PE;DEL02-PE;UOP02-DEL02PE
700488;25/06/2025;quarta-feira;15:35:00;SC;280;245;BELA VISTA DO TOLDO;Desrespeitar a preferência no cruzamento;Colisão transversal;Com Vítimas Feridas;Pleno dia;Decrescente;Céu Claro;Simples;Curva;Não;2;0;0;1;1;0;1;2;-26,24744;-50,50239;SPRF-SC;DEL06-SC;UOP04-DEL06-SC
700490;25/06/2025;quarta-feira;19:24:00;SP;116;69;APARECIDA;Ausência de reação do condutor;Tombamento;Com Vítimas Feridas;Plena Noite;Crescente;Céu Claro;Dupla;Reta;Sim;1;0;1;0;0;0;1;1;-22,83896302;-45,22324562;SPRF-SP;DEL08-SP;UOP01-DEL08-SP
700491;25/06/2025;quarta-feira;19:10:00;BA;324;620;SALVADOR;Reação tardia ou ineficiente do condutor;Saída de leito carroçável;Com Vítimas Feridas;Plena Noite;Decrescente;Chuva;Múltipla;Reta;Sim;2;0;1;0;1;0;1;1;-12,914803;-38,460795;SPRF-BA;DEL01-BA;UOP01-DEL01-BA
700494;25/06/2025;quarta-feira;19:55:00;CE;116;12;FORTALEZA;Velocidade Incompatível;Colisão traseira;Com Vítimas Feridas;Plena Noite;Decrescente;Céu Claro;Dupla;Reta;Sim;2;0;0;1;1;0;1;2;-3,85434024;-38,49554457;SPRF-CE;DEL01-CE;UOP02-DEL01-CE
700495;10/06/2025;terça-feira;09:15:00;MG;40;515,3;RIBEIRAO DAS NEVES;Manobra de mudança de faixa;Colisão lateral mesmo sentido;Com Vítimas Feridas;Pleno dia;Crescente;Céu Claro;Dupla;Reta;Sim;2;0;1;0;0;1;1;2;-19,80807432;-44,09560204;SPRF-MG;DEL01-MG;UOP02-DEL01-MG
700496;25/06/2025;quarta-feira;15:20:00;PE;428;192;PETROLINA;Desrespeitar a preferência no cruzamento;Colisão lateral mesmo sentido;Com Vítimas Feridas;Pleno dia;Crescente;Céu Claro;Dupla;Rotatória;Sim;2;0;1;0;1;0;1;2;-9,387297;-40,52553;SPRF-PE;DEL06-PE;UOP01-DEL06-PE
700498;25/06/2025;quarta-feira;19:29:00;PA;316;58;CASTANHAL;Condutor desrespeitou a iluminação vermelha do semáforo;Colisão transversal;Sem Vítimas;Plena Noite;Decrescente;Céu Claro;Dupla;Reta;Não;2;0;0;0;0;2;0;2;-1,29776705;-47,94235948;SPRF-PA;DEL01-PA;UOP01-DEL01-PA
700500;25/06/2025;quarta-feira;20:00:00;SP;116;219;GUARULHOS;Objeto estático sobre o leito carroçável;Colisão com objeto;Com Vítimas Feridas;Plena Noite;Decrescente;Vento;Múltipla;Reta;Sim;3;0;1;0;2;0;1;2;-23,46193057;-46,48857878;SPRF-SP;DEL01-SP;UOP01-DEL01-SP
700502;25/06/2025;quarta-feira;19:45:00;MS;163;482;CAMPO GRANDE;Ausência de reação do condutor;Tombamento;Com Vítimas Feridas;Plena Noite;Crescente;Céu Claro;Simples;Reta;Sim;1;0;1;0;0;0;1;1;-20,462191;-54,553279;SPRF-MS;DEL01-MS;UOP02-DEL01-MS
700503;21/06/2025;sábado;20:20:00;RJ;493;0;ITABORAI;Ausência de reação do condutor;Engavetamento;Com Vítimas Feridas;Plena Noite;Decrescente;Céu Claro;Dupla;Reta;Não;4;0;1;0;3;0;1;2;-22,76979715;-42,92267673;SPRF-RJ;DEL02-RJ;UOP02-DEL02-RJ
700504;25/06/2025;quarta-feira;19:00:00;RS;290;722;URUGUAIANA;Reação tardia ou ineficiente do condutor;Capotamento;Com Vítimas Feridas;Plena Noite;Decrescente;Ignorado;Dupla;Reta;Não;3;0;2;0;0;1;2;2;-29,75752246;-57,06178665;SPRF-RS;DEL13-RS;UOP01-DEL13-RS
700505;25/06/2025;quarta-feira;18:35:00;PI;316;31;DEMERVAL LOBAO;Acessar a via sem observar a presença dos outros veículos;Colisão transversal;Com Vítimas Feridas;Plena Noite;Crescente;Céu Claro;Dupla;Reta;Sim;3;0;2;0;0;1;2;2;-5,36651057;-42,67398834;SPRF-PI;DEL01-PI;UOP02-DEL01-PI
700506;25/06/2025;quarta-feira;18:20:00;PR;369;86;CORNELIO PROCOPIO;Acessar a via sem observar a presença dos outros veículos;Colisão transversal;Com Vítimas Feridas;Anoitecer;Decrescente;Céu Claro;Simples;"Interseção de Vias;Aclive;Curva";Sim;3;0;0;1;2;0;1;2;-23,17350107;-50,62019348;SPRF-PR;DEL07-PR;UOP05-DEL07-PR
700507;25/06/2025;quarta-feira;19:35:00;SC;101;188;BIGUACU;Reação tardia ou ineficiente do condutor;Queda de ocupante de veículo;Com Vítimas Feridas;Plena Noite;Crescente;Céu Claro;Dupla;Reta;Não;1;0;0;1;0;0;1;1;-27,44974183;-48,63267358;SPRF-SC;DEL01-SC;UOP01-DEL01-SC
700509;25/06/2025;quarta-feira;17:20:00;PR;469;15;FOZ DO IGUACU;Condutor deixou de manter distância do veículo da frente;Colisão traseira;Com Vítimas Feridas;Pleno dia;Decrescente;Nublado;Simples;Reta;Não;3;0;1;1;1;0;2;2;-25,58125743;-54,53209726;SPRF-PR;DEL05-PR;UOP04-DEL05-PR
700510;25/06/2025;quarta-feira;19:10:00;MG;262;352;BETIM;Ausência de reação do condutor;Saída de leito carroçável;Com Vítimas Fatais;Plena Noite;Decrescente;Céu Claro;Dupla;Reta;Não;2;1;1;0;0;0;1;2;-19,98173805;-44,2124176;SPRF-MG;DEL01-MG;UOP03-DEL01-MG
700514;25/06/2025;quarta-feira;20:20:00;BA;101;197,2;CACHOEIRA;Ultrapassagem Indevida;Colisão lateral sentido oposto;Com Vítimas Fatais;Plena Noite;Decrescente;Chuva;Simples;"Aclive;Reta";Não;5;1;1;2;1;0;3;3;-12,55871053;-38,97734642;SPRF-BA;DEL01-BA;UOP03-DEL01-BA
700515;25/06/2025;quarta-feira;15:00:00;RJ;101;313,8;SAO GONCALO;Trafegar com motocicleta (ou similar) entre as faixas;Colisão lateral mesmo sentido;Com Vítimas Feridas;Pleno dia;Decrescente;Céu Claro;Múltipla;Reta;Sim;4;0;2;0;2;0;2;3;-22,81875109;-43,08065414;SPRF-RJ;DEL02-RJ;UOP02-DEL02-RJ
700516;25/06/2025;quarta-feira;18:50:00;BA;330;854;BARRA DO ROCHA;Reação tardia ou ineficiente do condutor;Queda de ocupante de veículo;Com Vítimas Feridas;Plena Noite;Crescente;Céu Claro;Simples;Reta;Não;1;0;1;0;0;0;1;1;-14,196275;-39,62609;SPRF-BA;DEL03-BA;UOP01-DEL03-BA
700517;25/06/2025;quarta-feira;17:40:00;PE;101;77,5;RECIFE;Manobra de mudança de faixa;Colisão lateral mesmo sentido;Com Vítimas Feridas;Anoitecer;Decrescente;Nublado;Dupla;Reta;Não;3;0;3;0;0;0;3;2;-8,131122;-34,945073;SPRF-PE;DEL01-PE;UOP01-DEL01-PE
700519;25/06/2025;quarta-feira;19:15:00;PI;343;620;FLORIANO;Ausência de reação do condutor;Saída de leito carroçável;Com Vítimas Feridas;Plena Noite;Decrescente;Céu Claro;Simples;Reta;Não;5;0;5;0;0;0;5;1;-6,7930671;-42,9837817;SPRF-PI;DEL03-PI;UOP01-DEL03-PI
700520;25/06/2025;quarta-feira;22:30:00;RS;158;325;SANTA MARIA;Ausência de reação do condutor;Colisão com objeto;Com Vítimas Feridas;Plena Noite;Crescente;Nublado;Dupla;Reta;Sim;1;0;0;1;0;0;1;1;-29,70523921;-53,79689382;SPRF-RS;DEL09-RS;UOP01-DEL09-RS
700522;25/06/2025;quarta-feira;22:00:00;ES;101;17,9;SERRA;Condutor deixou de manter distância do veículo da frente;Colisão traseira;Com Vítimas Feridas;Plena Noite;Crescente;Céu Claro;Dupla;Reta;Não;3;0;1;0;1;1;1;2;-20,215975;-40,334882;SPRF-ES;DEL02-ES;UOP01-DEL02-ES
700523;25/06/2025;quarta-feira;20:16:00;PI;343;305;ALTOS;Manobra de mudança de faixa;Colisão lateral mesmo sentido;Com Vítimas Feridas;Plena Noite;Decrescente;Céu Claro;Simples;Reta;Sim;2;0;0;2;0;0;2;2;-4,94046066;-42,3248291;SPRF-PI;DEL01-PI;UOP01-DEL01-PI
700524;11/05/2025;domingo;16:10:00;MG;116;722,9;MURIAE;Chuva;Colisão frontal;Com Vítimas Feridas;Pleno dia;Decrescente;Chuva;Simples;Reta;Não;6;0;1;2;3;0;3;2;-21,1464838;-42,3813534;SPRF-MG;DEL07-MG;UOP02-DEL07-MG
700525;25/06/2025;quarta-feira;19:20:00;CE;304;52;ARACATI;Condutor deixou de manter distância do veículo da frente;Colisão traseira;Com Vítimas Feridas;Plena Noite;Decrescente;Nublado;Simples;Reta;Não;3;0;1;0;0;2;1;2;-4,569403;-37,748385;SPRF-CE;DEL03-CE;UOP02-DEL03-CE
700526;25/06/2025;quarta-feira;23:00:00;RJ;116;210;SEROPEDICA;Reação tardia ou ineficiente do condutor;Saída de leito carroçável;Com Vítimas Feridas;Plena Noite;Decrescente;Nublado;Dupla;Reta;Não;1;0;1;0;0;0;1;1;-22,70683905;-43,74000549;SPRF-RJ;DEL06-RJ;UOP02-DEL06-RJ
700527;25/06/2025;quarta-feira;23:30:00;CE;116;9;FORTALEZA;Transitar na contramão;Colisão transversal;Com Vítimas Fatais;Plena Noite;Decrescente;Chuva;Dupla;Reta;Sim;2;1;0;0;1;0;0;2;-3,82965715;-38,50484848;SPRF-CE;DEL01-CE;UOP02-DEL01-CE
700530;25/06/2025;quarta-feira;23:40:00;RJ;356;49;ITAPERUNA;Ausência de reação do condutor;Queda de ocupante de veículo;Com Vítimas Feridas;Plena Noite;Decrescente;Nublado;Simples;Curva;Não;1;0;0;1;0;0;1;1;-21,2549;-41,7778;SPRF-RJ;DEL08-RJ;UOP03-DEL08-RJ
700531;25/06/2025;quarta-feira;22:20:00;RO;364;507;ARIQUEMES;Reação tardia ou ineficiente do condutor;Tombamento;Com Vítimas Feridas;Plena Noite;Decrescente;Céu Claro;Simples;Reta;Não;1;0;1;0;0;0;1;1;-9,983701;-63,023601;SPRF-RO;DEL03-RO;UOP01-DEL03-RO
700532;26/06/2025;quinta-feira;00:35:00;RS;285;460,6;IJUI;Acumulo de água sobre o pavimento;Saída de leito carroçável;Com Vítimas Feridas;Plena Noite;Crescente;Chuva;Simples;"Declive;Curva";Sim;2;0;1;0;1;0;1;1;-28,41889506;-53,9196953;SPRF-RS;DEL10-RS;UOP01-DEL10-RS
700533;26/06/2025;quinta-feira;00:10:00;RN;101;103;PARNAMIRIM;Acesso irregular;Colisão traseira;Com Vítimas Feridas;Plena Noite;Crescente;Céu Claro;Dupla;Reta;Não;2;0;1;0;1;0;1;2;-5,89017603;-35,24826955;SPRF-RN;DEL01-RN;UOP01-DEL01-RN
700534;25/06/2025;quarta-feira;17:20:00;CE;116;9,6;FORTALEZA;Acumulo de areia ou detritos sobre o pavimento;Tombamento;Com Vítimas Feridas;Anoitecer;Crescente;Céu Claro;Dupla;Reta;Sim;1;0;1;0;0;0;1;1;-3,8329315;-38,5042232;SPRF-CE;DEL01-CE;UOP02-DEL01-CE
700541;25/06/2025;quarta-feira;17:50:00;PI;343;341;TERESINA;Ausência de reação do condutor;Colisão transversal;Com Vítimas Feridas;Anoitecer;Crescente;Céu Claro;Simples;Reta;Não;2;0;0;1;1;0;1;2;-5,077838;-42,748658;SPRF-PI;DEL01-PI;UOP01-DEL01-PI
700544;26/06/2025;quinta-feira;02:10:00;GO;153;436,9;ANAPOLIS;Ingestão de álcool pelo condutor;Colisão com objeto;Sem Vítimas;Plena Noite;Crescente;Céu Claro;Dupla;"Reta;Em Obras";Sim;1;0;0;0;0;1;0;1;-16,29831325;-48,92846489;SPRF-GO;DEL02-GO;UOP01-DEL02-GO
700545;26/06/2025;quinta-feira;01:58:00;PR;476;246,5;LAPA;Acessar a via sem observar a presença dos outros veículos;Colisão frontal;Com Vítimas Feridas;Plena Noite;Decrescente;Chuva;Simples;Curva;Não;27;0;0;1;26;0;1;2;-25,865364;-50,12607;SPRF-PR;DEL02-PR;UOP03-DEL02-PR
700546;26/06/2025;quinta-feira;02:35:00;RN;304;47,7;MOSSORO;Reação tardia ou ineficiente do condutor;Queda de ocupante de veículo;Com Vítimas Feridas;Plena Noite;Crescente;Céu Claro;Dupla;Curva;Sim;1;0;1;0;0;0;1;1;-5,3028166;-37,281103;SPRF-RN;DEL04-RN;UOP01-DEL04-RN
700548;25/06/2025;quarta-feira;19:30:00;BA;101;940;MUCURI;Ausência de reação do condutor;Colisão traseira;Com Vítimas Feridas;Plena Noite;Decrescente;Céu Claro;Simples;Reta;Não;2;0;0;1;0;1;1;2;-18,052417;-39,871207;SPRF-BA;DEL09-BA;UOP02-DEL09-BA
700549;26/06/2025;quinta-feira;05:00:00;SP;116;215;GUARULHOS;Reação tardia ou ineficiente do condutor;Colisão traseira;Com Vítimas Feridas;Plena Noite;Crescente;Nevoeiro/Neblina;Múltipla;Reta;Sim;4;0;1;0;3;0;1;3;-23,45091997;-46,46398831;SPRF-SP;DEL01-SP;UOP01-DEL01-SP
700551;22/06/2025;domingo;16:50:00;RJ;493;4;ITABORAI;Avarias e/ou desgaste excessivo no pneu;Colisão com objeto;Com Vítimas Feridas;Pleno dia;Crescente;Céu Claro;Dupla;Reta;Sim;2;0;1;0;1;0;1;1;-22,75125172;-42,94282006;SPRF-RJ;DEL02-RJ;UOP02-DEL02-RJ
700552;25/06/2025;quarta-feira;23:50:00;SC;101;112;ITAJAI;Ausência de reação do condutor;Capotamento;Sem Vítimas;Plena Noite;Crescente;Nublado;Dupla;Reta;Não;1;0;0;0;1;0;0;1;-26,84578772;-48,72118447;SPRF-SC;DEL04-SC;UOP04-DEL04-SC
700554;26/06/2025;quinta-feira;06:30:00;RS;116;267;CANOAS;Manobra de mudança de faixa;Colisão lateral mesmo sentido;Com Vítimas Feridas;Amanhecer;Decrescente;Garoa/Chuvisco;Múltipla;Reta;Sim;2;0;1;0;1;0;1;2;-29,95147672;-51,17632441;SPRF-RS;DEL01-RS;UOP01-DEL01-RS
700558;26/06/2025;quinta-feira;07:06:00;ES;101;335;GUARAPARI;Acumulo de areia ou detritos sobre o pavimento;Queda de ocupante de veículo;Com Vítimas Feridas;Pleno dia;Decrescente;Céu Claro;Simples;Curva;Sim;1;0;1;0;0;0;1;1;-20,62744994;-40,52738118;SPRF-ES;DEL03-ES;UOP01-DEL03-ES
700563;26/06/2025;quinta-feira;05:30:00;MS;163;614,8;SAO GABRIEL DO OESTE;Acessar a via sem observar a presença dos outros veículos;Colisão transversal;Com Vítimas Feridas;Plena Noite;Crescente;Céu Claro;Simples;"Reta;Rotatória";Sim;4;0;2;1;1;0;3;2;-19,395934;-54,567373;SPRF-MS;DEL06-MS;UOP02-DEL06-MS
700564;26/06/2025;quinta-feira;04:40:00;SC;470;70,8;INDAIAL;Acessar a via sem observar a presença dos outros veículos;Colisão lateral mesmo sentido;Com Vítimas Feridas;Plena Noite;Decrescente;Garoa/Chuvisco;Simples;Reta;Sim;2;0;1;0;1;0;1;2;-26,89660648;-49,2637345;SPRF-SC;DEL04-SC;UOP01-DEL04-SC
700565;23/04/2025;quarta-feira;07:10:00;PR;277;83;CURITIBA;Trafegar com motocicleta (ou similar) entre as faixas;Colisão traseira;Com Vítimas Feridas;Pleno dia;Crescente;Nublado;Dupla;Reta;Sim;2;0;1;0;0;1;1;2;-25,44725354;-49,23056094;SPRF-PR;DEL01-PR;UOP03-DEL01-PR
700566;26/06/2025;quinta-feira;06:45:00;RS;116;152;CAXIAS DO SUL;Transitar na contramão;Colisão frontal;Com Vítimas Feridas;Amanhecer;Crescente;Garoa/Chuvisco;Dupla;Curva;Sim;4;0;3;0;1;0;3;2;-29,1831616;-51,1694338;SPRF-RS;DEL05-RS;UOP01-DEL05-RS
700567;26/06/2025;quinta-feira;07:00:00;DF;80;12;BRASILIA;Ausência de reação do condutor;Colisão traseira;Com Vítimas Feridas;Pleno dia;Decrescente;Céu Claro;Simples;"Declive;Curva";Sim;1;0;1;0;0;0;1;1;-15,73054307;-48,190783;SPRF-DF;DEL03-DF;UOP02-DEL03-DF
700569;26/06/2025;quinta-feira;07:00:00;PE;101;52;PAULISTA;Reação tardia ou ineficiente do condutor;Tombamento;Com Vítimas Feridas;Pleno dia;Crescente;Céu Claro;Dupla;Reta;Não;2;0;2;0;0;0;2;1;-7,925407;-34,897038;SPRF-PE;DEL01-PE;UOP02-DEL01-PE
700572;26/06/2025;quinta-feira;06:10:00;SP;116;223,4;GUARULHOS;Reação tardia ou ineficiente do condutor;Capotamento;Sem Vítimas;Amanhecer;Decrescente;Nublado;Múltipla;"Reta;Em Obras";Sim;2;0;0;0;2;0;0;1;-23,47918261;-46,53057732;SPRF-SP;DEL01-SP;UOP01-DEL01-SP
700573;26/06/2025;quinta-feira;07:40:00;PR;369;159,7;CAMBE;Reação tardia ou ineficiente do condutor;Colisão traseira;Com Vítimas Feridas;Pleno dia;Decrescente;Céu Claro;Dupla;Reta;Não;2;0;1;0;1;0;1;2;-23,282976;-51,249077;SPRF-PR;DEL07-PR;UOP01-DEL07-PR
700576;26/06/2025;quinta-feira;07:15:00;MG;116;415,7;GOVERNADOR VALADARES;Condutor deixou de manter distância do veículo da frente;Colisão traseira;Com Vítimas Feridas;Pleno dia;Crescente;Sol;Simples;Interseção de Vias;Sim;2;0;2;0;0;0;2;2;-18,89619708;-41,94794655;SPRF-MG;DEL06-MG;UOP01-DEL06-MG
700577;26/06/2025;quinta-feira;08:10:00;RS;116;266;CANOAS;Chuva;Queda de ocupante de veículo;Com Vítimas Feridas;Pleno dia;Decrescente;Chuva;Dupla;Reta;Não;1;0;1;0;0;0;1;1;-29,93793554;-51,17710439;SPRF-RS;DEL01-RS;UOP01-DEL01-RS
700578;26/06/2025;quinta-feira;08:05:00;RN;304;46,6;MOSSORO;Reação tardia ou ineficiente do condutor;Tombamento;Com Vítimas Feridas;Pleno dia;Crescente;Céu Claro;Dupla;Reta;Sim;1;0;0;1;0;0;1;1;-5,22604851;-37,33396447;SPRF-RN;DEL04-RN;UOP01-DEL04-RN
700580;26/06/2025;quinta-feira;07:50:00;BA;324;621;SALVADOR;Manobra de mudança de faixa;Colisão lateral mesmo sentido;Com Vítimas Feridas;Pleno dia;Crescente;Nublado;Múltipla;"Reta;Viaduto";Sim;4;0;1;0;3;0;1;2;-12,915528;-38,461852;SPRF-BA;DEL01-BA;UOP01-DEL01-BA
700581;26/06/2025;quinta-feira;06:51:00;GO;153;508;APARECIDA DE GOIANIA;Condutor deixou de manter distância do veículo da frente;Engavetamento;Com Vítimas Feridas;Pleno dia;Decrescente;Céu Claro;Dupla;Reta;Sim;4;0;2;0;2;0;2;3;-16,77244715;-49,23809979;SPRF-GO;DEL01-GO;UOP03-DEL01-GO
700582;26/06/2025;quinta-feira;04:30:00;MG;365;291,8;JOAO PINHEIRO;Reação tardia ou ineficiente do condutor;Colisão com objeto;Com Vítimas Feridas;Plena Noite;Crescente;Céu Claro;Simples;"Ponte;Reta;Declive";Não;24;0;11;2;11;0;13;2;-18,087551;-45,686228;SPRF-MG;DEL10-MG;UOP02-DEL010-MG
700583;26/06/2025;quinta-feira;08:25:00;TO;153;141;ARAGUAINA;Acessar a via sem observar a presença dos outros veículos;Colisão transversal;Com Vítimas Feridas;Pleno dia;Crescente;Céu Claro;Dupla;Retorno Regulamentado;Sim;3;0;2;0;1;0;2;2;-7,17283749;-48,21668297;SPRF-TO;DEL02-TO;UOP01-DEL02-TO
700585;26/06/2025;quinta-feira;07:30:00;PR;277;173;PALMEIRA;Chuva;Colisão lateral sentido oposto;Com Vítimas Feridas;Pleno dia;Crescente;Chuva;Simples;"Declive;Reta";Não;3;0;1;0;2;0;1;2;-25,442251;-49,96777;SPRF-PR;DEL03-PR;UOP03-DEL03-PR
700588;26/06/2025;quinta-feira;08:20:00;SP;116;277;EMBU DAS ARTES;Ausência de reação do condutor;Tombamento;Com Vítimas Feridas;Pleno dia;Crescente;Céu Claro;Dupla;Reta;Não;1;0;0;1;0;0;1;1;-23,63175341;-46,82191273;SPRF-SP;DEL04-SP;UOP01-DEL04-SP
700590;26/06/2025;quinta-feira;07:40:00;RJ;40;115,5;DUQUE DE CAXIAS;Ausência de reação do condutor;Colisão traseira;Com Vítimas Feridas;Pleno dia;Decrescente;Céu Claro;Múltipla;Reta;Não;4;0;2;0;1;1;2;3;-22,73174108;-43,2886803;SPRF-RJ;DEL01-RJ;UOP02-DEL01-RJ
700591;26/06/2025;quinta-feira;08:40:00;PR;277;1,8;CURITIBA;Desrespeitar a preferência no cruzamento;Colisão traseira;Com Vítimas Feridas;Pleno dia;Crescente;Nublado;Dupla;"Reta;Declive";Sim;2;0;0;1;1;0;1;2;-25,4303639;-49,3483343;SPRF-PR;DEL01-PR;UOP06-DEL01-PR
700592;22/06/2025;domingo;17:00:00;RJ;116;83;TERESOPOLIS;Acessar a via sem observar a presença dos outros veículos;Colisão transversal;Com Vítimas Feridas;Anoitecer;Decrescente;Nublado;Simples;Rotatória;Sim;3;0;2;0;0;1;2;2;-22,40436312;-42,95173645;SPRF-RJ;DEL04-RJ;UOP01-DEL04-RJ
700594;26/06/2025;quinta-feira;07:00:00;MA;316;619;TIMON;Acessar a via sem observar a presença dos outros veículos;Colisão transversal;Com Vítimas Feridas;Pleno dia;Crescente;Céu Claro;Simples;Reta;Sim;3;0;2;0;1;0;2;2;-5,118557;-42,824812;SPRF-MA;DEL03-MA;UOP02-DEL03-MA