id;data_inversa;dia_semana;horario;uf;br;km;municipio;causa_acidente;tipo_acidente;classificacao_acidente;fase_dia;sentido_via;condicao_metereologica;tipo_pista;tracado_via;uso_solo;pessoas;mortos;feridos_leves;feridos_graves;ilesos;ignorados;feridos;veiculos;latitude;longitude;regional;delegacia;uop
700597;07/06/2025;sábado;05:30:00;RJ;40;37;AREAL;Transitar na contramão;Colisão frontal;Com Vítimas Fatais;Plena Noite;Decrescente;Ignorado;Dupla;Reta;Não;3;1;0;2;0;0;2;2;-22,2235525;-43,127732;SPRF-RJ;DEL05-RJ;UOP02-DEL05-RJ
700598;26/06/2025;quinta-feira;09:45:00;RN;101;160;CANGUARETAMA;Entrada inopinada do pedestre;Atropelamento de Pedestre;Com Vítimas Feridas;Pleno dia;Decrescente;Céu Claro;Simples;Reta;Sim;2;0;1;0;0;1;1;2;-6,36447843;-35,15623838;SPRF-RN;DEL01-RN;UOP01-DEL01-RN
700599;26/06/2025;quinta-feira;09:50:00;RS;290;96;PORTO ALEGRE;Reação tardia ou ineficiente do condutor;Colisão traseira;Sem Vítimas;Pleno dia;Crescente;Nublado;Múltipla;Reta;Sim;2;0;0;0;2;0;0;2;-29,98551257;-51,20276928;SPRF-RS;DEL01-RS;UOP01-DEL01-RS
700600;26/06/2025;quinta-feira;05:50:00;CE;20;287;CANINDE;Acessar a via sem observar a presença dos outros veículos;Colisão traseira;Com Vítimas Feridas;Amanhecer;Decrescente;Céu Claro;Simples;Reta;Não;2;0;0;1;1;0;1;2;-4,512107;-39,366897;SPRF-CE;DEL02-CE;UOP01-DEL02-CE
700601;22/06/2025;domingo;22:00:00;RJ;116;112;GUAPIMIRIM;Ingestão de álcool pelo condutor;Colisão traseira;Sem Vítimas;Plena Noite;Decrescente;Céu Claro;Dupla;Reta;Sim;2;0;0;0;2;0;0;2;-22,56043982;-42,99671173;SPRF-RJ;DEL04-RJ;UOP02-DEL04-RJ
700602;26/06/2025;quinta-feira;10:00:00;PR;369;132,9;IBIPORA;Acumulo de óleo sobre o pavimento;Capotamento;Com Vítimas Feridas;Pleno dia;Crescente;Céu Claro;Dupla;"Curva;Retorno Regulamentado";Não;4;0;1;0;3;0;1;1;-23,26053371;-51,01037979;SPRF-PR;DEL07-PR;UOP01-DEL07-PR
700605;26/06/2025;quinta-feira;10:30:00;MG;381;907,5;CAMBUI;Avarias e/ou desgaste excessivo no pneu;Saída de leito carroçável;Com Vítimas Feridas;Pleno dia;Crescente;Garoa/Chuvisco;Dupla;"Aclive;Curva";Não;1;0;1;0;0;0;1;1;-22,67462956;-46,09786034;SPRF-MG;DEL16-MG;UOP03-DEL16-MG
700607;26/06/2025;quinta-feira;08:00:00;PB;230;499;CAJAZEIRAS;Ausência de reação do condutor;Colisão com objeto;Com Vítimas Feridas;Pleno dia;Decrescente;Céu Claro;Simples;Ponte;Sim;1;0;1;0;0;0;1;1;-6,89421609;-38,54076773;SPRF-PB;DEL03-PB;UOP03-DEL03-PB
700608;26/06/2025;quinta-feira;10:30:00;SC;116;91;MONTE CASTELO;Reação tardia ou ineficiente do condutor;Saída de leito carroçável;Com Vítimas Feridas;Pleno dia;Crescente;Chuva;Simples;"Reta;Aclive";Não;4;0;2;0;2;0;2;1;-26,645078;-50,262458;SPRF-SC;DEL06-SC;UOP02-DEL06-SC
700609;26/06/2025;quinta-feira;10:45:00;BA;324;517,7;FEIRA DE SANTANA;Reação tardia ou ineficiente do condutor;Colisão transversal;Com Vítimas Feridas;Pleno dia;Crescente;Nublado;Dupla;Reta;Sim;3;0;2;0;1;0;2;2;-12,2579208;-38,9331049;SPRF-BA;DEL02-BA;UOP01-DEL02-BA
700610;26/06/2025;quinta-feira;11:25:00;SC;280;5,4;SAO FRANCISCO DO SUL;Acessar a via sem observar a presença dos outros veículos;Colisão transversal;Com Vítimas Feridas;Pleno dia;Crescente;Chuva;Simples;Reta;Não;2;0;0;1;1;0;1;2;-26,262765;-48,629628;SPRF-SC;DEL03-SC;UOP03-DEL03-SC
700611;26/06/2025;quinta-feira;11:08:00;MG;116;268,2;TEOFILO OTONI;Reação tardia ou ineficiente do condutor;Engavetamento;Sem Vítimas;Pleno dia;Crescente;Nublado;Simples;"Declive;Curva";Não;9;0;0;0;9;0;0;3;-17,789392;-41,5004;SPRF-MG;DEL11-MG;UOP01-DEL11-MG
700612;26/06/2025;quinta-feira;11:13:00;PE;232;39;VITORIA DE SANTO ANTAO;Manobra de mudança de faixa;Colisão lateral mesmo sentido;Com Vítimas Feridas;Pleno dia;Crescente;Nublado;Dupla;Curva;Não;2;0;1;0;0;1;1;2;-8,117845;-35,233328;SPRF-PE;DEL02-PE;UOP02-DEL02PE
700613;26/06/2025;quinta-feira;09:00:00;RJ;101;309;SAO GONCALO;Ausência de reação do condutor;Colisão lateral mesmo sentido;Com Vítimas Feridas;Pleno dia;Crescente;Céu Claro;Dupla;Reta;Não;2;0;1;0;1;0;1;2;-22,79937595;-43,0447535;SPRF-RJ;DEL02-RJ;UOP02-DEL02-RJ
700617;26/06/2025;quinta-feira;11:45:00;MG;40;710,9;BARBACENA;Ausência de reação do condutor;Colisão traseira;Com Vítimas Feridas;Pleno dia;Crescente;Céu Claro;Dupla;"Reta;Ponte";Não;3;0;1;0;2;0;1;2;-21,24918896;-43,6794515;SPRF-MG;DEL05-MG;UOP02-DEL05-MG
700618;26/06/2025;quinta-feira;08:50:00;SC;282;492;FAXINAL DOS GUEDES;Velocidade Incompatível;Colisão lateral sentido oposto;Com Vítimas Feridas;Pleno dia;Decrescente;Chuva;Simples;Reta;Não;3;0;0;2;1;0;2;3;-26,872426;-52,295229;SPRF-SC;DEL07-SC;UOP01-DEL07-SC
700619;26/06/2025;quinta-feira;11:30:00;PR;277;30;PARANAGUA;Ausência de reação do condutor;Colisão com objeto;Com Vítimas Feridas;Pleno dia;Crescente;Nublado;Dupla;Reta;Não;2;0;1;0;1;0;1;1;-25,561162;-48,583645;SPRF-PR;DEL01-PR;UOP05-DEL01-PR
700621;26/06/2025;quinta-feira;09:45:00;PR;476;253;ANTONIO OLINTO;Acumulo de água sobre o pavimento;Saída de leito carroçável;Sem Vítimas;Pleno dia;Crescente;Chuva;Simples;Curva;Sim;1;0;0;0;1;0;0;1;-25,885765;-50,18194166;SPRF-PR;DEL02-PR;UOP03-DEL02-PR
700622;15/06/2025;domingo;17:34:00;RO;364;692;CANDEIAS DO JAMARI;Velocidade Incompatível;Colisão lateral mesmo sentido;Com Vítimas Feridas;Pleno dia;Crescente;Céu Claro;Dupla;Reta;Sim;2;0;1;0;1;0;1;2;-8,79812473;-63,70234609;SPRF-RO;DEL01-RO;UOP01-DEL01-RO
700624;26/06/2025;quinta-feira;08:00:00;BA;324;475,7;TANQUINHO;Chuva;Saída de leito carroçável;Com Vítimas Feridas;Pleno dia;Crescente;Chuva;Simples;"Declive;Curva";Não;4;0;1;0;3;0;1;1;-11,9754;-39,10509;SPRF-BA;DEL02-BA;UOP01-DEL02-BA
700625;26/06/2025;quinta-feira;13:15:00;ES;101;281;SERRA;Demais falhas mecânicas ou elétricas;Tombamento;Com Vítimas Feridas;Pleno dia;Crescente;Céu Claro;Simples;Reta;Não;2;0;2;0;0;0;2;1;-20,21891645;-40,35015663;SPRF-ES;DEL02-ES;UOP01-DEL02-ES
700626;26/06/2025;quinta-feira;12:00:00;MG;116;525,9;CARATINGA;Desrespeitar a preferência no cruzamento;Colisão transversal;Com Vítimas Feridas;Pleno dia;Decrescente;Céu Claro;Dupla;Reta;Sim;2;0;2;0;0;0;2;2;-19,779369;-42,133008;SPRF-MG;DEL06-MG;UOP02-DEL06-MG
700631;26/06/2025;quinta-feira;12:26:00;ES;393;2;CACHOEIRO DE ITAPEMIRIM;Ausência de reação do condutor;Colisão traseira;Com Vítimas Feridas;Pleno dia;Decrescente;Céu Claro;Simples;Reta;Sim;3;0;1;0;0;2;1;2;-20,83260344;-41,17567884;SPRF-ES;DEL03-ES;UOP02-DEL03-ES
700632;26/06/2025;quinta-feira;13:50:00;PB;230;22;JOAO PESSOA;Manobra de mudança de faixa;Colisão lateral mesmo sentido;Com Vítimas Feridas;Pleno dia;Decrescente;Céu Claro;Dupla;Reta;Não;2;0;1;0;1;0;1;2;-7,16068;-34,857183;SPRF-PB;DEL01-PB;UOP01-DEL01-PB
700634;26/06/2025;quinta-feira;13:50:00;SC;470;45,1;GASPAR;Acessar a via sem observar a presença dos outros veículos;Colisão transversal;Com Vítimas Feridas;Pleno dia;Crescente;Chuva;Simples;Reta;Sim;2;0;0;1;1;0;1;2;-26,86600835;-49,03233647;SPRF-SC;DEL04-SC;UOP01-DEL04-SC
700635;26/06/2025;quinta-feira;08:20:00;PR;476;174,8;CONTENDA;Ausência de reação do condutor;Saída de leito carroçável;Com Vítimas Feridas;Pleno dia;Crescente;Chuva;Simples;Reta;Sim;1;0;1;0;0;0;1;1;-25,69469256;-49,55376863;SPRF-PR;DEL01-PR;UOP06-DEL01-PR
700636;26/06/2025;quinta-feira;13:20:00;PI;343;323,6;ALTOS;Acessar a via sem observar a presença dos outros veículos;Colisão transversal;Com Vítimas Fatais;Pleno dia;Crescente;Céu Claro;Simples;Reta;Não;3;2;1;0;0;0;1;2;-5,05957;-42,598025;SPRF-PI;DEL01-PI;UOP01-DEL01-PI
700637;22/06/2025;domingo;11:35:00;MA;10;255;IMPERATRIZ;Acessar a via sem observar a presença dos outros veículos;Colisão transversal;Com Vítimas Feridas;Pleno dia;Decrescente;Céu Claro;Simples;Reta;Sim;3;0;3;0;0;0;3;2;-5,50684312;-47,47181332;SPRF-MA;DEL04-MA;UOP01-DEL04-MA
700638;26/06/2025;quinta-feira;13:10:00;AL;101;138,5;SAO MIGUEL DOS CAMPOS;Acesso irregular;Colisão transversal;Com Vítimas Feridas;Pleno dia;Crescente;Céu Claro;Simples;Reta;Sim;2;0;1;0;1;0;1;2;-9,8010214;-36,11187665;SPRF-AL;DEL02-AL;UOP01-DEL02-AL
700639;26/06/2025;quinta-feira;14:20:00;SP;116;218;GUARULHOS;Trafegar com motocicleta (ou similar) entre as faixas;Tombamento;Com Vítimas Feridas;Pleno dia;Crescente;Céu Claro;Múltipla;Reta;Sim;3;0;2;0;1;0;2;2;-23,460637;-46,488197;SPRF-SP;DEL01-SP;UOP01-DEL01-SP
700641;26/06/2025;quinta-feira;11:30:00;SP;381;2,7;VARGEM;Velocidade Incompatível;Saída de leito carroçável;Com Vítimas Feridas;Pleno dia;Crescente;Céu Claro;Dupla;Curva;Não;2;0;1;0;1;0;1;1;-22,88225679;-46,37767375;SPRF-SP;DEL03-SP;UOP02-DEL03-SP
700644;26/06/2025;quinta-feira;13:40:00;SP;116;420;JUQUIA;Reação tardia ou ineficiente do condutor;Saída de leito carroçável;Com Vítimas Feridas;Pleno dia;Decrescente;Sol;Dupla;Reta;Não;2;0;2;0;0;0;2;1;-24,35585153;-47,68006174;SPRF-SP;DEL05-SP;UOP01-DEL05-SP
700645;26/06/2025;quinta-feira;13:32:00;GO;70;40;COCALZINHO DE GOIAS;Acessar a via sem observar a presença dos outros veículos;Colisão transversal;Com Vítimas Feridas;Pleno dia;Decrescente;Céu Claro;Dupla;Reta;Sim;2;0;1;0;1;0;1;2;-15,77954;-48,53534;SPRF-DF;DEL03-DF;UOP02-DEL03-DF
700647;26/06/2025;quinta-feira;14:09:00;CE;20;335;CARIDADE;Ultrapassagem Indevida;Colisão frontal;Com Vítimas Feridas;Pleno dia;Crescente;Céu Claro;Simples;Reta;Não;5;0;0;5;0;0;5;2;-4,163;-39,150165;SPRF-CE;DEL02-CE;UOP01-DEL02-CE
700649;26/06/2025;quinta-feira;13:50:00;MG;356;265;MURIAE;Pedestre andava na pista;Atropelamento de Pedestre;Com Vítimas Feridas;Pleno dia;Decrescente;Sol;Simples;Reta;Sim;3;0;1;1;0;1;2;2;-21,12598254;-42,37476328;SPRF-MG;DEL07-MG;UOP02-DEL07-MG
700651;26/06/2025;quinta-feira;15:15:00;CE;116;3;FORTALEZA;Acessar a via sem observar a presença dos outros veículos;Colisão transversal;Com Vítimas Feridas;Pleno dia;Decrescente;Sol;Múltipla;Reta;Sim;2;0;1;0;1;0;1;2;-3,785168;-38,511762;SPRF-CE;DEL01-CE;UOP02-DEL01-CE
700652;26/06/2025;quinta-feira;14:30:00;SP;116;328;JUQUITIBA;Reação tardia ou ineficiente do condutor;Colisão com objeto;Com Vítimas Feridas;Pleno dia;Decrescente;Céu Claro;Dupla;Reta;Não;1;0;1;0;0;0;1;1;-23,93928602;-47,08789027;SPRF-SP;DEL04-SP;UOP03-DEL04-SP
700653;26/06/2025;quinta-feira;15:00:00;GO;158;40;BOM JARDIM DE GOIAS;Acessar a via sem observar a presença dos outros veículos;Colisão transversal;Com Vítimas Feridas;Pleno dia;Crescente;Céu Claro;Simples;"Reta;Interseção de Vias";Não;2;0;0;1;1;0;1;2;-16,20104;-52,158068;SPRF-GO;DEL04-GO;UOP02-DEL04-GO
700655;26/06/2025;quinta-feira;15:00:00;CE;20;399;CAUCAIA;Demais falhas mecânicas ou elétricas;Tombamento;Com Vítimas Feridas;Pleno dia;Crescente;Céu Claro;Simples;Reta;Não;1;0;1;0;0;0;1;1;-3,801987;-38,720788;SPRF-CE;DEL01-CE;UOP01-DEL01-CE
700657;26/06/2025;quinta-feira;13:15:00;RJ;101;294;ITABORAI;Condutor deixou de manter distância do veículo da frente;Queda de ocupante de veículo;Com Vítimas Feridas;Pleno dia;Crescente;Céu Claro;Dupla;Reta;Sim;1;0;1;0;0;0;1;1;-22,7589067;-42,89615504;SPRF-RJ;DEL02-RJ;UOP02-DEL02-RJ
700658;13/04/2025;domingo;22:45:00;BA;324;561;SIMOES FILHO;Pedestre andava na pista;Atropelamento de Pedestre;Com Vítimas Fatais;Plena Noite;Decrescente;Nublado;Dupla;Reta;Não;2;1;0;0;1;0;0;2;-12,7930864;-38,4045262;SPRF-BA;DEL01-BA;UOP01-DEL01-BA
700659;26/06/2025;quinta-feira;14:30:00;RJ;40;68;PETROPOLIS;Demais falhas mecânicas ou elétricas;Saída de leito carroçável;Com Vítimas Feridas;Pleno dia;Crescente;Céu Claro;Dupla;Reta;Não;2;0;2;0;0;0;2;1;-22,2855168;-43,1259648;SPRF-RJ;DEL05-RJ;UOP02-DEL05-RJ
700662;26/06/2025;quinta-feira;15:15:00;RJ;101;334;RIO DE JANEIRO;Ausência de reação do condutor;Colisão lateral mesmo sentido;Com Vítimas Feridas;Pleno dia;Decrescente;Céu Claro;Dupla;"Ponte;Aclive";Não;3;0;2;0;1;0;2;3;-22,87585887;-43,2075119;SPRF-RJ;DEL02-RJ;UOP01-DEL02-RJ
700665;26/06/2025;quinta-feira;14:20:00;PE;101;59;RECIFE;Demais falhas mecânicas ou elétricas;Queda de ocupante de veículo;Com Vítimas Feridas;Pleno dia;Decrescente;Chuva;Dupla;"Reta;Declive";Sim;2;0;2;0;0;0;2;1;-7,979518;-34,928975;SPRF-PE;DEL01-PE;UOP02-DEL01-PE
700666;26/06/2025;quinta-feira;14:48:00;PR;116;41;CAMPINA GRANDE DO SUL;Reação tardia ou ineficiente do condutor;Colisão transversal;Com Vítimas Feridas;Pleno dia;Crescente;Nublado;Dupla;Reta;Não;1;0;1;0;0;0;1;1;-25,20895022;-48,89593005;SPRF-PR;DEL01-PR;UOP02-DEL01-PR
700667;26/06/2025;quinta-feira;15:20:00;GO;60;93;ANAPOLIS;Ausência de reação do condutor;Tombamento;Com Vítimas Feridas;Pleno dia;Crescente;Céu Claro;Dupla;Curva;Sim;1;0;1;0;0;0;1;1;-16,3511855;-48,91254044;SPRF-GO;DEL02-GO;UOP01-DEL02-GO
700668;26/06/2025;quinta-feira;15:40:00;PE;101;69;RECIFE;Condutor deixou de manter distância do veículo da frente;Colisão traseira;Com Vítimas Feridas;Pleno dia;Decrescente;Nublado;Múltipla;Curva;Sim;4;0;2;0;2;0;2;2;-8,064035;-34,941787;SPRF-PE;DEL01-PE;UOP01-DEL01-PE
700671;26/06/2025;quinta-feira;15:15:00;BA;101;237;CONCEICAO DO ALMEIDA;Acessar a via sem observar a presença dos outros veículos;Colisão transversal;Com Vítimas Feridas;Pleno dia;Crescente;Nublado;Simples;"Curva;Declive";Não;2;0;1;0;1;0;1;2;-12,804645;-39,195519;SPRF-BA;DEL01-BA;UOP02-DEL01-BA
700672;26/06/2025;quinta-feira;15:00:00;ES;101;14,9;SERRA;Reação tardia ou ineficiente do condutor;Colisão traseira;Com Vítimas Feridas;Pleno dia;Crescente;Céu Claro;Dupla;Reta;Não;3;0;1;1;1;0;2;3;-20,210955;-40,334542;SPRF-ES;DEL02-ES;UOP01-DEL02-ES
700673;26/06/2025;quinta-feira;15:25:00;PI;343;2;TERESINA;Condutor deixou de manter distância do veículo da frente;Colisão traseira;Com Vítimas Feridas;Pleno dia;Decrescente;Céu Claro;Múltipla;Reta;Sim;2;0;1;0;1;0;1;2;-5,081747;-42,76699;SPRF-PI;DEL01-PI;UOP01-DEL01-PI
700676;26/06/2025;quinta-feira;14:20:00;GO;153;581,7;PIRACANJUBA;Reação tardia ou ineficiente do condutor;Capotamento;Com Vítimas Feridas;Pleno dia;Crescente;Sol;Dupla;Reta;Não;1;0;1;0;0;0;1;1;-17,388227;-49,230007;SPRF-GO;DEL03-GO;UOP01-DEL03-GO
700677;26/06/2025;quinta-feira;17:20:00;RS;158;325;SANTA MARIA;Reação tardia ou ineficiente do condutor;Colisão traseira;Com Vítimas Feridas;Pleno dia;Decrescente;Céu Claro;Dupla;Reta;Sim;2;0;1;0;1;0;1;2;-29,70657513;-53,79863832;SPRF-RS;DEL09-RS;UOP01-DEL09-RS
700679;26/06/2025;quinta-feira;12:40:00;BA;324;587;CANDEIAS;Reação tardia ou ineficiente do condutor;Tombamento;Com Vítimas Feridas;Pleno dia;Crescente;Céu Claro;Múltipla;Reta;Não;1;0;1;0;0;0;1;1;-12,660662;-38,471427;SPRF-BA;DEL01-BA;UOP01-DEL01-BA
700680;26/06/2025;quinta-feira;15:50:00;MG;153;14;CENTRALINA;Reação tardia ou ineficiente do condutor;Tombamento;Com Vítimas Feridas;Pleno dia;Decrescente;Céu Claro;Dupla;Reta;Não;2;0;2;0;0;0;2;1;-18,55350881;-49,19377327;SPRF-MG;DEL15-MG;UOP03-DEL15-MG
700681;26/06/2025;quinta-feira;17:00:00;PR;369;143;LONDRINA;Demais falhas mecânicas ou elétricas;Tombamento;Com Vítimas Feridas;Pleno dia;Decrescente;Nublado;Dupla;"Declive;Reta";Sim;1;0;1;0;0;0;1;1;-23,29325621;-51,10279648;SPRF-PR;DEL07-PR;UOP01-DEL07-PR
700682;26/06/2025;quinta-feira;17:00:00;RJ;40;118;DUQUE DE CAXIAS;Suicídio (presumido);Colisão com objeto;Com Vítimas Feridas;Anoitecer;Decrescente;Céu Claro;Dupla;Reta;Sim;1;0;0;1;0;0;1;1;-22,75448516;-43,28685232;SPRF-RJ;DEL01-RJ;UOP02-DEL01-RJ
700683;26/06/2025;quinta-feira;16:30:00;RJ;40;42;PETROPOLIS;Ausência de reação do condutor;Capotamento;Com Vítimas Feridas;Pleno dia;Decrescente;Céu Claro;Dupla;Reta;Não;1;0;1;0;0;0;1;1;-22,2855168;-43,1259648;SPRF-RJ;DEL05-RJ;UOP02-DEL05-RJ
700687;26/06/2025;quinta-feira;12:10:00;PR;153;182,2;TIBAGI;Ausência de reação do condutor;Saída de leito carroçável;Com Vítimas Feridas;Pleno dia;Decrescente;Nublado;Simples;Reta;Não;2;0;2;0;0;0;2;1;-24,383525;-50,33231;SPRF-PR;DEL03-PR;UOP02-DEL03-PR
700688;26/06/2025;quinta-feira;18:10:00;RN;304;36;MOSSORO;Acesso irregular;Colisão transversal;Com Vítimas Feridas;Plena Noite;Crescente;Céu Claro;Dupla;Reta;Sim;3;0;2;0;0;1;2;2;-5,17279762;-37,360425;SPRF-RN;DEL04-RN;UOP02-DEL04-RN
700689;26/06/2025;quinta-feira;17:45:00;ES;101;301;VIANA;Pedestre andava na pista;Atropelamento de Pedestre;Com Vítimas Feridas;Plena Noite;Decrescente;Céu Claro;Dupla;Reta;Sim;2;0;1;0;1;0;1;2;-20,3610942;-40,4361423;SPRF-ES;DEL01-ES;UOP01-DEL01-ES
700690;26/06/2025;quinta-feira;18:15:00;PR;369;149,5;LONDRINA;Frear bruscamente;Tombamento;Com Vítimas Feridas;Plena Noite;Crescente;Garoa/Chuvisco;Dupla;Reta;Sim;1;0;1;0;0;0;1;1;-23,29269396;-51,16541635;SPRF-PR;DEL07-PR;UOP01-DEL07-PR
700692;26/06/2025;quinta-feira;18:20:00;GO;0;0;GOIANIA;Reação tardia ou ineficiente do condutor;Colisão traseira;Com Vítimas Feridas;Pleno dia;Não Informado;Céu Claro;Múltipla;Reta;Sim;3;0;1;0;1;1;1;3;-16,6954111;-49,3252702;SPRF-GO;DEL01-GO;UOP02-DEL01-GO
700693;26/06/2025;quinta-feira;18:15:00;RS;293;1;PELOTAS;Ausência de reação do condutor;Colisão transversal;Com Vítimas Feridas;Plena Noite;Crescente;Nublado;Simples;Rotatória;Sim;2;0;1;0;1;0;1;2;-31,612662;-52,3052124;SPRF-RS;DEL11-RS;UOP03-DEL11-RS
700696;26/06/2025;quinta-feira;18:11:00;ES;101;146;LINHARES;Ausência de reação do condutor;Atropelamento de Pedestre;Com Vítimas Feridas;Amanhecer;Crescente;Céu Claro;Múltipla;Reta;Não;2;0;0;2;0;0;2;2;-19,38251089;-40,0667979;SPRF-ES;DEL04-ES;UOP01-DEL04-ES
700697;26/06/2025;quinta-feira;08:15:00;MG;262;50;MANHUACU;Ausência de reação do condutor;Tombamento;Com Vítimas Feridas;Pleno dia;Crescente;Céu Claro;Simples;Reta;Sim;1;0;0;1;0;0;1;1;-20,246335;-42,141668;SPRF-MG;DEL06-MG;UOP03-DEL06-MG
700698;26/06/2025;quinta-feira;18:00:00;ES;101;298;VIANA;Objeto estático sobre o leito carroçável;Colisão com objeto;Com Vítimas Feridas;Pleno dia;Crescente;Céu Claro;Dupla;"Reta;Viaduto";Sim;1;0;1;0;0;0;1;1;-20,3547459;-40,4168813;SPRF-ES;DEL01-ES;UOP01-DEL01-ES
700699;26/06/2025;quinta-feira;17:45:00;SC;163;69,7;SAO MIGUEL DO OESTE;Ingestão de álcool pelo condutor;Colisão traseira;Sem Vítimas;Plena Noite;Crescente;Garoa/Chuvisco;Dupla;"Reta;Aclive";Sim;3;0;0;0;3;0;0;3;-26,73635476;-53,50414753;SPRF-SC;DEL07-SC;UOP03-DEL07-SC
700700;26/06/2025;quinta-feira;15:05:00;RJ;393;285,5;VOLTA REDONDA;Condutor deixou de manter distância do veículo da frente;Colisão lateral mesmo sentido;Com Vítimas Feridas;Pleno dia;Decrescente;Céu Claro;Simples;"Aclive;Interseção de Vias";Sim;2;0;1;0;1;0;1;2;-22,50588755;-44,07586008;SPRF-RJ;DEL05-RJ;UOP04-DEL05-RJ
700701;26/06/2025;quinta-feira;10:40:00;MG;116;621,7;ORIZANIA;Demais falhas na via;Queda de ocupante de veículo;Com Vítimas Feridas;Pleno dia;Decrescente;Céu Claro;Simples;Reta;Não;2;0;2;0;0;0;2;1;-20,520441;-42,1972885;SPRF-MG;DEL07-MG;UOP02-DEL07-MG
700702;26/06/2025;quinta-feira;18:20:00;MS;163;486,3;CAMPO GRANDE;Acesso irregular;Colisão transversal;Com Vítimas Feridas;Plena Noite;Crescente;Nublado;Simples;"Reta;Interseção de Vias;Declive";Sim;3;0;0;1;2;0;1;2;-20,43054635;-54,54436032;SPRF-MS;DEL01-MS;UOP02-DEL01-MS
700703;26/06/2025;quinta-feira;16:50:00;RJ;101;66;CAMPOS DOS GOYTACAZES;Condutor deixou de manter distância do veículo da frente;Colisão traseira;Com Vítimas Feridas;Pleno dia;Decrescente;Céu Claro;Simples;Rotatória;Sim;2;0;1;0;1;0;1;2;-21,8358784;-41,4205659;SPRF-RJ;DEL08-RJ;UOP02-DEL08-RJ
700704;26/06/2025;quinta-feira;18:35:00;RS;158;341;SANTA MARIA;Acessar a via sem observar a presença dos outros veículos;Colisão transversal;Com Vítimas Feridas;Plena Noite;Decrescente;Céu Claro;Simples;"Reta;Interseção de Vias";Não;3;0;0;1;2;0;1;2;-29,73854326;-53,92153144;SPRF-RS;DEL09-RS;UOP01-DEL09-RS
700705;16/02/2025;domingo;17:35:00;PR;116;6;QUATRO BARRAS;Demais falhas mecânicas ou elétricas;Tombamento;Com Vítimas Feridas;Pleno dia;Decrescente;Céu Claro;Dupla;"Aclive;Reta";Sim;2;0;1;1;0;0;2;1;-25,3669;-49,0996;SPRF-PR;DEL01-PR;UOP02-DEL01-PR
700706;26/06/2025;quinta-feira;18:00:00;RO;364;365;OURO PRETO DO OESTE;Reação tardia ou ineficiente do condutor;Colisão com objeto;Sem Vítimas;Anoitecer;Decrescente;Sol;Simples;Reta;Não;3;0;0;0;3;0;0;1;-10,77156;-62,101867;SPRF-RO;DEL02-RO;UOP01-DEL02-RO
700707;26/06/2025;quinta-feira;19:00:00;BA;110;40;SANTA BRIGIDA;Pedestre cruzava a pista fora da faixa;Atropelamento de Pedestre;Com Vítimas Feridas;Plena Noite;Decrescente;Nublado;Simples;Reta;Sim;2;0;0;1;1;0;1;2;-9,752795;-38,244481;SPRF-BA;DEL07-BA;UOP01-DEL07-BA
700708;26/06/2025;quinta-feira;18:15:00;MT;163;748;SORRISO;Reação tardia ou ineficiente do condutor;Colisão traseira;Com Vítimas Feridas;Plena Noite;Decrescente;Céu Claro;Dupla;"Declive;Reta";Sim;2;0;1;0;1;0;1;2;-12,58446022;-55,73574543;SPRF-MT;DEL06-MT;UOP01-DEL06-MT
700709;26/06/2025;quinta-feira;19:20:00;BA;407;91,8;JAGUARARI;Reação tardia ou ineficiente do condutor;Colisão traseira;Com Vítimas Fatais;Plena Noite;Decrescente;Nublado;Simples;Reta;Não;3;1;1;0;1;0;1;2;-10,18079452;-40,22403717;SPRF-BA;DEL04-BA;UOP01-DEL04-BA
700710;26/06/2025;quinta-feira;19:10:00;GO;50;279,8;CATALAO;Manobra de mudança de faixa;Colisão transversal;Com Vítimas Feridas;Plena Noite;Crescente;Céu Claro;Simples;"Reta;Interseção de Vias;Em Obras;Desvio Temporário";Sim;6;0;1;1;4;0;2;2;-18,2223063;-47,9732042;SPRF-GO;DEL06-GO;UOP01-DEL06-GO
700711;26/06/2025;quinta-feira;18:15:00;RJ;493;20;MAGE;Acessar a via sem observar a presença dos outros veículos;Colisão lateral mesmo sentido;Com Vítimas Feridas;Plena Noite;Decrescente;Céu Claro;Simples;Reta;Não;2;0;1;0;0;1;1;2;-22,66469331;-43,031147;SPRF-RJ;DEL04-RJ;UOP02-DEL04-RJ
700712;26/06/2025;quinta-feira;19:45:00;SC;101;153;PORTO BELO;Ingestão de álcool pelo condutor;Saída de leito carroçável;Sem Vítimas;Plena Noite;Crescente;Garoa/Chuvisco;Dupla;Reta;Não;1;0;0;0;1;0;0;1;-27,13793555;-48,60997137;SPRF-SC;DEL04-SC;UOP03-DEL04-SC
700713;26/06/2025;quinta-feira;17:40:00;RO;319;57;PORTO VELHO;Ausência de reação do condutor;Tombamento;Com Vítimas Feridas;Anoitecer;Crescente;Céu Claro;Simples;Curva;Sim;1;0;1;0;0;0;1;1;-8,742361;-63,91641704;SPRF-RO;DEL01-RO;UOP01-DEL01-RO
700714;26/06/2025;quinta-feira;17:02:00;AC;364;123;RIO BRANCO;Condutor deixou de manter distância do veículo da frente;Colisão traseira;Com Vítimas Feridas;Pleno dia;Crescente;Céu Claro;Dupla;Reta;Sim;2;0;0;1;1;0;1;2;-10,0132673;-67,7137807;SPRF-AC;DEL01-AC;UOP01-DEL01-AC