id;data_inversa;dia_semana;horario;uf;br;km;municipio;causa_acidente;tipo_acidente;classificacao_acidente;fase_dia;sentido_via;condicao_metereologica;tipo_pista;tracado_via;uso_solo;pessoas;mortos;feridos_leves;feridos_graves;ilesos;ignorados;feridos;veiculos;latitude;longitude;regional;delegacia;uop
700715;17/06/2025;terça-feira;06:00:00;MS;163;266;DOURADOS;Ausência de reação do condutor;Saída de leito carroçável;Com Vítimas Feridas;Pleno dia;Crescente;Céu Claro;Dupla;Reta;Não;1;0;0;1;0;0;1;1;-22,234541;-54,7439497;SPRF-MS;DEL04-MS;UOP01-DEL04-MS
700716;26/06/2025;quinta-feira;19:34:00;ES;101;271,5;SERRA;Condutor desrespeitou a iluminação vermelha do semáforo;Colisão transversal;Com Vítimas Feridas;Plena Noite;Crescente;Céu Claro;Simples;Reta;Não;2;0;0;1;1;0;1;2;-20,22702858;-40,28503696;SPRF-ES;DEL02-ES;UOP01-DEL02-ES
700717;26/06/2025;quinta-feira;18:40:00;SC;282;218;LAGES;Condutor deixou de manter distância do veículo da frente;Colisão traseira;Com Vítimas Feridas;Plena Noite;Decrescente;Chuva;Simples;Reta;Sim;3;0;1;0;2;0;1;3;-27,79763798;-50,31220078;SPRF-SC;DEL05-SC;UOP01-DEL05-SC
700719;26/06/2025;quinta-feira;16:45:00;RJ;116;311;RESENDE;Demais falhas mecânicas ou elétricas;Queda de ocupante de veículo;Com Vítimas Feridas;Anoitecer;Decrescente;Céu Claro;Dupla;Reta;Sim;2;0;1;0;1;0;1;1;-22,461111;-44,449858;SPRF-RJ;DEL07-RJ;UOP02-DEL07-RJ
700721;26/06/2025;quinta-feira;17:20:00;MG;116;805,9;ALEM PARAIBA;Animais na Pista;Atropelamento de Animal;Com Vítimas Feridas;Anoitecer;Decrescente;Céu Claro;Simples;Reta;Não;1;0;1;0;0;0;1;1;-21,807828;-42,701899;SPRF-MG;DEL07-MG;UOP01-DEL07-MG
700723;26/06/2025;quinta-feira;19:30:00;PR;277;116;CAMPO LARGO;Ausência de reação do condutor;Engavetamento;Com Vítimas Feridas;Plena Noite;Decrescente;Chuva;Dupla;Curva;Não;4;0;1;0;3;0;1;3;-25,43804;-49,44566;SPRF-PR;DEL03-PR;UOP03-DEL03-PR
700724;26/06/2025;quinta-feira;20:45:00;PE;101;67;RECIFE;Demais falhas na via;Saída de leito carroçável;Com Vítimas Feridas;Plena Noite;Decrescente;Chuva;Múltipla;Reta;Sim;1;0;1;0;0;0;1;1;-8,041761;-34,94268942;SPRF-PE;DEL01-PE;UOP01-DEL01-PE
700725;26/06/2025;quinta-feira;21:00:00;ES;101;262,2;SERRA;Reação tardia ou ineficiente do condutor;Colisão transversal;Com Vítimas Feridas;Plena Noite;Crescente;Céu Claro;Dupla;Reta;Não;5;0;1;0;4;0;1;2;-20,160828;-40,27547;SPRF-ES;DEL02-ES;UOP01-DEL02-ES
700727;26/06/2025;quinta-feira;21:15:00;CE;116;14;FORTALEZA;Reação tardia ou ineficiente do condutor;Colisão com objeto;Com Vítimas Feridas;Plena Noite;Crescente;Céu Claro;Múltipla;Curva;Sim;2;0;1;1;0;0;2;1;-3,86875524;-38,4979521;SPRF-CE;DEL01-CE;UOP02-DEL01-CE
700730;26/06/2025;quinta-feira;19:20:00;SC;101;57,9;ARAQUARI;Reação tardia ou ineficiente do condutor;Colisão com objeto;Com Vítimas Feridas;Plena Noite;Crescente;Chuva;Dupla;Curva;Não;1;0;1;0;0;0;1;1;-26,43896607;-48,80272714;SPRF-SC;DEL03-SC;UOP01-DEL03-SC
700732;26/06/2025;quinta-feira;20:41:00;PI;343;591,4;FLORIANO;Avarias e/ou desgaste excessivo no pneu;Tombamento;Com Vítimas Feridas;Plena Noite;Decrescente;Céu Claro;Dupla;"Reta;Aclive";Sim;3;0;1;2;0;0;3;1;-6,77985287;-43,02716017;SPRF-PI;DEL03-PI;UOP01-DEL03-PI
700734;26/06/2025;quinta-feira;19:00:00;SP;381;70,3;MAIRIPORA;Pedestre andava na pista;Atropelamento de Pedestre;Com Vítimas Fatais;Plena Noite;Crescente;Céu Claro;Dupla;Reta;Não;2;1;0;0;1;0;0;2;-23,35039229;-46,5708518;SPRF-SP;DEL03-SP;UOP01-DEL03-SP
700739;26/06/2025;quinta-feira;21:15:00;RS;116;153,5;CAXIAS DO SUL;Desrespeitar a preferência no cruzamento;Colisão transversal;Sem Vítimas;Plena Noite;Crescente;Garoa/Chuvisco;Múltipla;"Interseção de Vias;Rotatória";Sim;2;0;0;0;2;0;0;2;-29,18819407;-51,18284602;SPRF-RS;DEL05-RS;UOP01-DEL05-RS
700741;26/06/2025;quinta-feira;20:40:00;MG;354;743;POUSO ALTO;Neblina;Colisão com objeto;Com Vítimas Feridas;Plena Noite;Decrescente;Nevoeiro/Neblina;Simples;Reta;Não;2;0;1;0;1;0;1;1;-22,23516976;-44,93519068;SPRF-MG;DEL17-MG;UOP01-DEL17-MG
700744;26/06/2025;quinta-feira;18:10:00;MG;116;580;MANHUACU;Acessar a via sem observar a presença dos outros veículos;Colisão frontal;Com Vítimas Feridas;Plena Noite;Decrescente;Céu Claro;Simples;Curva;Não;3;0;1;1;1;0;2;2;-20,19085744;-42,18456745;SPRF-MG;DEL06-MG;UOP03-DEL06-MG
700745;26/06/2025;quinta-feira;22:20:00;MG;40;44,3;PARACATU;Demais falhas mecânicas ou elétricas;Saída de leito carroçável;Sem Vítimas;Plena Noite;Crescente;Céu Claro;Simples;Reta;Sim;1;0;0;0;1;0;0;1;-17,23320208;-46,85136795;SPRF-MG;DEL14-MG;UOP01-DEL14-MG
700746;26/06/2025;quinta-feira;20:50:00;BA;116;609,3;IRAJUBA;Velocidade Incompatível;Capotamento;Sem Vítimas;Plena Noite;Decrescente;Chuva;Simples;"Curva;Declive";Não;1;0;0;0;0;1;0;1;-13,3135129;-40,0181159;SPRF-BA;DEL03-BA;UOP02-DEL03-BA
700748;26/06/2025;quinta-feira;20:50:00;PR;277;78,8;CURITIBA;Ingestão de álcool pelo condutor;Saída de leito carroçável;Sem Vítimas;Plena Noite;Crescente;Chuva;Dupla;Reta;Sim;1;0;0;0;1;0;0;1;-25,45312071;-49,22638464;SPRF-PR;DEL01-PR;UOP07-DEL01-PR
700749;26/06/2025;quinta-feira;22:30:00;PR;376;244,9;APUCARANA;Velocidade Incompatível;Colisão com objeto;Com Vítimas Feridas;Plena Noite;Crescente;Chuva;Dupla;"Curva;Interseção de Vias";Não;1;0;0;1;0;0;1;1;-23,581257;-51,417923;SPRF-PR;DEL07-PR;UOP03-DEL07-PR
700751;26/06/2025;quinta-feira;20:25:00;RJ;116;146;DUQUE DE CAXIAS;Pedestre cruzava a pista fora da faixa;Atropelamento de Pedestre;Com Vítimas Feridas;Plena Noite;Crescente;Céu Claro;Dupla;Reta;Sim;1;0;0;1;0;0;1;1;-22,668518;-43,269275;SPRF-RJ;DEL01-RJ;UOP02-DEL01-RJ
700752;26/06/2025;quinta-feira;17:40:00;BA;324;557;AMELIA RODRIGUES;Condutor deixou de manter distância do veículo da frente;Engavetamento;Com Vítimas Feridas;Anoitecer;Decrescente;Nublado;Dupla;Reta;Não;3;0;2;0;1;0;2;3;-12,479671;-38,670399;SPRF-BA;DEL01-BA;UOP03-DEL01-BA
700754;27/06/2025;sexta-feira;00:01:00;CE;116;10;FORTALEZA;Pedestre - Ingestão de álcool/ substâncias psicoativas;Atropelamento de Pedestre;Com Vítimas Feridas;Plena Noite;Crescente;Chuva;Dupla;Reta;Sim;2;0;0;1;1;0;1;2;-3,8415298;-38,5000314;SPRF-CE;DEL01-CE;UOP02-DEL01-CE
700757;27/06/2025;sexta-feira;00:20:00;SC;470;45,3;GASPAR;Ausência de reação do condutor;Tombamento;Com Vítimas Feridas;Plena Noite;Crescente;Nublado;Simples;Reta;Não;1;0;1;0;0;0;1;1;-26,86564894;-49,03273344;SPRF-SC;DEL04-SC;UOP01-DEL04-SC
700758;26/06/2025;quinta-feira;22:39:00;PE;104;30;TORITAMA;Manobra de mudança de faixa;Colisão frontal;Com Vítimas Feridas;Plena Noite;Decrescente;Chuva;Simples;Reta;Não;2;0;0;1;1;0;1;2;-8,00747357;-36,06272887;SPRF-PE;DEL02-PE;UOP01-DEL02-PE
700760;27/06/2025;sexta-feira;00:45:00;MG;40;341,9;FELIXLANDIA;Transitar na contramão;Colisão frontal;Com Vítimas Feridas;Plena Noite;Crescente;Céu Claro;Simples;Reta;Não;2;0;1;0;1;0;1;2;-18,68406;-44,99123;SPRF-MG;DEL02-MG;UOP01-DEL02-MG
700762;26/06/2025;quinta-feira;16:30:00;BA;324;585;CANDEIAS;Ausência de reação do condutor;Queda de ocupante de veículo;Com Vítimas Feridas;Pleno dia;Crescente;Céu Claro;Dupla;Reta;Não;1;0;1;0;0;0;1;1;-12,64100831;-38,47686768;SPRF-BA;DEL01-BA;UOP01-DEL01-BA
700763;26/06/2025;quinta-feira;23:15:00;RS;293;225;HULHA NEGRA;Animais na Pista;Atropelamento de Animal;Com Vítimas Feridas;Plena Noite;Crescente;Céu Claro;Simples;Reta;Não;2;0;1;0;1;0;1;1;-31,3254441;-53,9856136;SPRF-RS;DEL11-RS;UOP03-DEL11-RS
700764;26/06/2025;quinta-feira;17:05:00;MS;376;63;GLORIA DE DOURADOS;Ausência de reação do condutor;Colisão traseira;Sem Vítimas;Plena Noite;Crescente;Nublado;Simples;Reta;Não;2;0;0;0;2;0;0;2;-22,43276821;-54,23812866;SPRF-MS;DEL04-MS;UOP01-DEL04-MS
700765;27/06/2025;sexta-feira;00:21:00;TO;153;603;CRIXAS DO TOCANTINS;Reação tardia ou ineficiente do condutor;Saída de leito carroçável;Com Vítimas Feridas;Plena Noite;Decrescente;Céu Claro;Simples;Reta;Não;2;0;1;0;1;0;1;1;-11,19061096;-48,92932892;SPRF-TO;DEL01-TO;UOP02-DEL01-TO
700766;27/06/2025;sexta-feira;02:00:00;PE;316;52;TRINDADE;Reação tardia ou ineficiente do condutor;Saída de leito carroçável;Com Vítimas Feridas;Plena Noite;Decrescente;Céu Claro;Simples;Reta;Não;1;0;1;0;0;0;1;1;-7,72972499;-40,30837413;SPRF-PE;DEL05-PE;UOP02-DEL05-PE
700770;26/06/2025;quinta-feira;22:00:00;RN;304;93,5;ACU;Ingestão de álcool pelo condutor;Tombamento;Com Vítimas Feridas;Plena Noite;Crescente;Céu Claro;Simples;Reta;Não;2;0;2;0;0;0;2;1;-5,547;-37,075;SPRF-RN;DEL04-RN;UOP01-DEL04-RN
700772;27/06/2025;sexta-feira;03:00:00;PE;232;134;CARUARU;Transitar na contramão;Colisão frontal;Com Vítimas Feridas;Plena Noite;Crescente;Nublado;Dupla;"Aclive;Reta";Sim;2;0;0;1;1;0;1;2;-8,306941;-36,018846;SPRF-PE;DEL02-PE;UOP03-DEL02-PE
700773;26/06/2025;quinta-feira;20:45:00;CE;116;1,2;FORTALEZA;Condutor deixou de manter distância do veículo da frente;Colisão lateral sentido oposto;Com Vítimas Feridas;Plena Noite;Crescente;Nublado;Dupla;"Viaduto;Reta";Sim;3;0;1;0;2;0;1;2;-3,762235;-38,518948;SPRF-CE;DEL01-CE;UOP02-DEL01-CE
700774;27/06/2025;sexta-feira;05:10:00;RN;304;40,5;MOSSORO;Acessar a via sem observar a presença dos outros veículos;Colisão lateral mesmo sentido;Com Vítimas Feridas;Amanhecer;Decrescente;Céu Claro;Dupla;Reta;Sim;2;0;1;0;0;1;1;2;-5,199847;-37,377737;SPRF-RN;DEL04-RN;UOP01-DEL04-RN
700775;27/06/2025;sexta-feira;04:30:00;RS;116;159,3;CAXIAS DO SUL;Reação tardia ou ineficiente do condutor;Colisão com objeto;Com Vítimas Feridas;Plena Noite;Decrescente;Nevoeiro/Neblina;Simples;"Em Obras;Reta";Sim;1;0;1;0;0;0;1;1;-29,226063;-51,159881;SPRF-RS;DEL05-RS;UOP01-DEL05-RS
700780;27/06/2025;sexta-feira;05:50:00;ES;101;298;VIANA;Animais na Pista;Atropelamento de Animal;Com Vítimas Feridas;Amanhecer;Decrescente;Nublado;Simples;Reta;Sim;2;0;0;2;0;0;2;1;-20,3554354;-40,4168915;SPRF-ES;DEL01-ES;UOP01-DEL01-ES
700784;27/06/2025;sexta-feira;05:30:00;ES;262;136,6;BREJETUBA;Reação tardia ou ineficiente do condutor;Saída de leito carroçável;Com Vítimas Feridas;Amanhecer;Decrescente;Nublado;Simples;Curva;Não;2;0;1;0;0;1;1;2;-20,234757;-41,340208;SPRF-ES;DEL01-ES;UOP02-DEL01-ES
700788;27/06/2025;sexta-feira;00:10:00;PR;476;174;ARAUCARIA;Ausência de reação do condutor;Tombamento;Com Vítimas Feridas;Plena Noite;Decrescente;Chuva;Dupla;Reta;Sim;2;0;1;0;1;0;1;1;-25,5765486;-49,3913697;SPRF-PR;DEL01-PR;UOP06-DEL01-PR
700789;26/06/2025;quinta-feira;18:00:00;RO;364;298;PRESIDENTE MEDICI;Reação tardia ou ineficiente do condutor;Colisão traseira;Sem Vítimas;Anoitecer;Decrescente;Céu Claro;Simples;Reta;Não;2;0;0;0;2;0;0;2;-11,28009317;-61,90211948;SPRF-RO;DEL02-RO;UOP01-DEL02-RO
700790;27/06/2025;sexta-feira;07:10:00;BA;324;621;SALVADOR;Condutor deixou de manter distância do veículo da frente;Engavetamento;Sem Vítimas;Pleno dia;Crescente;Chuva;Múltipla;Reta;Sim;4;0;0;0;4;0;0;4;-12,925338;-38,468285;SPRF-BA;DEL01-BA;UOP01-DEL01-BA
700791;27/06/2025;sexta-feira;06:30:00;BA;415;19;ILHEUS;Ausência de reação do condutor;Colisão lateral mesmo sentido;Sem Vítimas;Pleno dia;Crescente;Sol;Múltipla;Reta;Não;2;0;0;0;2;0;0;2;-14,801949;-39,130891;SPRF-BA;DEL05-BA;UOP01-DEL05-BA
700792;27/06/2025;sexta-feira;07:40:00;DF;40;0,7;BRASILIA;Reação tardia ou ineficiente do condutor;Colisão traseira;Com Vítimas Feridas;Pleno dia;Decrescente;Sol;Dupla;Reta;Sim;4;0;1;0;3;0;1;3;-15,9827628;-47,9879238;SPRF-DF;DEL01-DF;UOP01-DEL01-DF
700794;27/06/2025;sexta-feira;07:05:00;RJ;101;427;MANGARATIBA;Demais falhas mecânicas ou elétricas;Incêndio;Sem Vítimas;Pleno dia;Crescente;Céu Claro;Simples;Reta;Não;1;0;0;0;1;0;0;1;-22,93468167;-43,99346352;SPRF-RJ;DEL03-RJ;UOP02-DEL03-RJ
700795;27/06/2025;sexta-feira;06:15:00;RJ;101;461;ANGRA DOS REIS;Demais falhas mecânicas ou elétricas;Colisão com objeto;Com Vítimas Feridas;Amanhecer;Crescente;Céu Claro;Simples;Reta;Não;12;0;11;0;1;0;11;1;-23,0318063;-44,200642;SPRF-RJ;DEL03-RJ;UOP03-DEL03-RJ
700796;27/06/2025;sexta-feira;07:50:00;RN;406;159;CEARA-MIRIM;Conversão proibida;Saída de leito carroçável;Com Vítimas Feridas;Pleno dia;Crescente;Céu Claro;Simples;Reta;Não;3;0;2;0;1;0;2;2;-5,71129792;-35,37414174;SPRF-RN;DEL02-RN;UOP01-DEL02-RN
700799;27/06/2025;sexta-feira;06:45:00;MT;163;1029;PEIXOTO DE AZEVEDO;Acesso irregular;Colisão transversal;Com Vítimas Feridas;Pleno dia;Crescente;Céu Claro;Simples;Reta;Sim;2;0;2;0;0;0;2;2;-10,25578832;-54,99813375;SPRF-MT;DEL06-MT;UOP03-DEL06-MT
700800;27/06/2025;sexta-feira;07:20:00;PR;376;213,9;MANDAGUARI;Acessar a via sem observar a presença dos outros veículos;Colisão transversal;Com Vítimas Feridas;Pleno dia;Crescente;Nevoeiro/Neblina;Dupla;"Retorno Regulamentado;Reta";Não;5;0;0;1;4;0;1;5;-23,5727339;-51,65376512;SPRF-PR;DEL09-PR;UOP01-DEL09-PR
700803;27/06/2025;sexta-feira;08:00:00;TO;153;145;ARAGUAINA;Reação tardia ou ineficiente do condutor;Colisão traseira;Com Vítimas Feridas;Pleno dia;Decrescente;Céu Claro;Dupla;Rotatória;Sim;3;0;1;0;2;0;1;2;-7,207853;-48,241648;SPRF-TO;DEL02-TO;UOP01-DEL02-TO
700804;27/06/2025;sexta-feira;07:00:00;RJ;40;109;DUQUE DE CAXIAS;Condutor usando celular;Colisão frontal;Com Vítimas Feridas;Pleno dia;Decrescente;Céu Claro;Múltipla;Reta;Sim;2;0;1;0;1;0;1;2;-22,67624997;-43,28609493;SPRF-RJ;DEL01-RJ;UOP02-DEL01-RJ
700806;27/06/2025;sexta-feira;08:09:00;RS;158;313;ITAARA;Acessar a via sem observar a presença dos outros veículos;Colisão transversal;Com Vítimas Feridas;Pleno dia;Crescente;Nevoeiro/Neblina;Simples;"Reta;Declive";Sim;3;0;0;1;2;0;1;2;-29,6410485;-53,7617055;SPRF-RS;DEL09-RS;UOP01-DEL09-RS
700807;27/06/2025;sexta-feira;08:00:00;RJ;101;308;SAO GONCALO;Ausência de reação do condutor;Tombamento;Com Vítimas Feridas;Pleno dia;Crescente;Céu Claro;Dupla;Reta;Sim;1;0;1;0;0;0;1;1;-22,79167188;-43,0180192;SPRF-RJ;DEL02-RJ;UOP02-DEL02-RJ
700809;10/05/2025;sábado;17:00:00;GO;60;60,7;ABADIANIA;Manobra de mudança de faixa;Colisão traseira;Com Vítimas Feridas;Pleno dia;Crescente;Céu Claro;Dupla;Reta;Sim;4;0;1;1;2;0;2;3;-16,19058;-48,709632;SPRF-GO;DEL02-GO;UOP01-DEL02-GO
700810;27/06/2025;sexta-feira;08:20:00;GO;60;386;RIO VERDE;Ausência de reação do condutor;Tombamento;Com Vítimas Feridas;Pleno dia;Crescente;Céu Claro;Dupla;Reta;Sim;1;0;1;0;0;0;1;1;-17,81605898;-50,93677998;SPRF-GO;DEL04-GO;UOP02-DEL04-GO
700811;27/06/2025;sexta-feira;07:25:00;BA;116;17,1;VITORIA DA CONQUISTA;Desrespeitar a preferência no cruzamento;Colisão transversal;Com Vítimas Feridas;Pleno dia;Decrescente;Garoa/Chuvisco;Simples;Interseção de Vias;Sim;2;0;1;0;1;0;1;2;-14,902217;-40,840606;SPRF-BA;DEL08-BA;UOP01-DEL08-BA
700812;16/03/2025;domingo;21:00:00;RJ;101;389;RIO DE JANEIRO;Ausência de reação do condutor;Queda de ocupante de veículo;Com Vítimas Feridas;Pleno dia;Crescente;Céu Claro;Múltipla;Reta;Não;1;0;0;1;0;0;1;1;-22,8589183;-43,7591179;SPRF-RJ;DEL03-RJ;UOP01-DEL03-RJ
700813;27/06/2025;sexta-feira;08:40:00;RN;405;166,9;RAFAEL FERNANDES;Suicídio (presumido);Colisão com objeto;Com Vítimas Fatais;Pleno dia;Decrescente;Céu Claro;Simples;Reta;Não;1;1;0;0;0;0;0;1;-6,24614;-38,24871;SPRF-RN;DEL04-RN;UOP02-DEL04-RN
700814;27/06/2025;sexta-feira;04:40:00;RJ;101;309;SAO GONCALO;Pedestre cruzava a pista fora da faixa;Atropelamento de Pedestre;Com Vítimas Fatais;Plena Noite;Decrescente;Céu Claro;Dupla;Reta;Sim;2;1;0;0;0;1;0;2;-22,79541265;-43,03517944;SPRF-RJ;DEL02-RJ;UOP02-DEL02-RJ
700815;21/04/2025;segunda-feira;22:50:00;RJ;101;414;ITAGUAI;Iluminação deficiente;Colisão traseira;Com Vítimas Feridas;Plena Noite;Crescente;Nublado;Dupla;Reta;Não;3;0;0;2;1;0;2;2;-22,90400845;-43,87458801;SPRF-RJ;DEL03-RJ;UOP01-DEL03-RJ
700816;23/06/2025;segunda-feira;13:20:00;MG;0;0;CONTAGEM;Reação tardia ou ineficiente do condutor;Colisão com objeto;Sem Vítimas;Pleno dia;Não Informado;Céu Claro;Simples;Reta;Sim;2;0;0;0;2;0;0;1;-19,9551607;-44,0280744;SPRF-MG;DEL01-MG;UOP02-DEL01-MG
700820;27/06/2025;sexta-feira;08:35:00;PR;277;606;SANTA TEREZA DO OESTE;Reação tardia ou ineficiente do condutor;Colisão traseira;Com Vítimas Feridas;Amanhecer;Crescente;Nevoeiro/Neblina;Simples;Reta;Sim;3;0;1;0;2;0;1;2;-25,03086141;-53,58375549;SPRF-PR;DEL05-PR;UOP02-DEL05-PR
700822;27/06/2025;sexta-feira;08:30:00;SC;101;330,2;TUBARAO;Condutor usando celular;Saída de leito carroçável;Sem Vítimas;Pleno dia;Decrescente;Céu Claro;Dupla;Reta;Não;1;0;0;0;1;0;0;1;-28,457375;-48,984126;SPRF-SC;DEL02-SC;UOP01-DEL02-SC
700824;11/05/2025;domingo;07:30:00;PR;369;504,6;CASCAVEL;Acessar a via sem observar a presença dos outros veículos;Colisão transversal;Com Vítimas Feridas;Pleno dia;Crescente;Céu Claro;Simples;Reta;Sim;3;0;2;1;0;0;3;2;-24,92641152;-53,39209557;SPRF-PR;DEL04-PR;UOP01-DEL04-PR
700825;27/06/2025;sexta-feira;06:00:00;PB;230;286;SANTA LUZIA;Animais na Pista;Atropelamento de Animal;Com Vítimas Feridas;Pleno dia;Decrescente;Céu Claro;Simples;Reta;Não;1;0;1;0;0;0;1;1;-6,888067;-36,893107;SPRF-PB;DEL03-PB;UOP01-DEL03-PB
700827;27/06/2025;sexta-feira;09:00:00;MG;116;766,4;LEOPOLDINA;Manobra de mudança de faixa;Colisão traseira;Com Vítimas Feridas;Pleno dia;Crescente;Céu Claro;Simples;"Reta;Interseção de Vias";Sim;2;0;1;0;1;0;1;2;-21,53229665;-42,6552972;SPRF-MG;DEL07-MG;UOP01-DEL07-MG
700828;27/06/2025;sexta-feira;09:45:00;RN;101;96,6;NATAL;Condutor deixou de manter distância do veículo da frente;Colisão lateral mesmo sentido;Com Vítimas Feridas;Pleno dia;Decrescente;Sol;Simples;Curva;Não;2;0;1;0;1;0;1;2;-5,8489855;-35,2078059;SPRF-RN;DEL01-RN;UOP01-DEL01-RN
700829;27/06/2025;sexta-feira;09:33:00;PI;135;351;BOM JESUS;Manobra de mudança de faixa;Colisão lateral mesmo sentido;Sem Vítimas;Pleno dia;Decrescente;Céu Claro;Dupla;Reta;Sim;3;0;0;0;3;0;0;2;-9,0775333;-44,353118;SPRF-PI;DEL03-PI;UOP02-DEL03-PI
700830;27/06/2025;sexta-feira;09:30:00;PR;376;617;SAO JOSE DOS PINHAIS;Reação tardia ou ineficiente do condutor;Tombamento;Com Vítimas Feridas;Pleno dia;Decrescente;Garoa/Chuvisco;Dupla;Reta;Não;2;0;1;0;1;0;1;1;-25,5500241;-49,2072336;SPRF-PR;DEL01-PR;UOP04-DEL01-PR
700831;27/06/2025;sexta-feira;08:00:00;MG;365;611;UBERLANDIA;Reação tardia ou ineficiente do condutor;Colisão lateral mesmo sentido;Com Vítimas Feridas;Pleno dia;Crescente;Céu Claro;Simples;Reta;Sim;2;0;1;0;1;0;1;2;-18,924912;-48,198675;SPRF-MG;DEL15-MG;UOP01-DEL15-MG
700832;27/06/2025;sexta-feira;09:45:00;MG;40;777,9;JUIZ DE FORA;Conversão proibida;Colisão lateral sentido oposto;Com Vítimas Feridas;Pleno dia;Crescente;Céu Claro;Simples;"Retorno Regulamentado;Interseção de Vias";Não;3;0;1;0;2;0;1;2;-21,67940361;-43,4513247;SPRF-MG;DEL05-MG;UOP01-DEL05-MG
700837;21/06/2025;sábado;18:45:00;SC;282;561,1;NOVA ITABERABA;Demais falhas na via;Colisão com objeto;Sem Vítimas;Plena Noite;Decrescente;Céu Claro;Simples;"Aclive;Curva;Ponte";Não;3;0;0;0;3;0;0;1;-26,92723982;-52,85605643;SPRF-SC;DEL07-SC;UOP02-DEL07-SC
700838;27/06/2025;sexta-feira;09:44:00;PB;230;166;CAMPINA GRANDE;Reação tardia ou ineficiente do condutor;Colisão traseira;Com Vítimas Feridas;Pleno dia;Decrescente;Céu Claro;Simples;Reta;Sim;2;0;1;0;1;0;1;2;-7,20054;-35,952667;SPRF-PB;DEL02-PB;UOP02-DEL02-PB
700839;27/06/2025;sexta-feira;09:55:00;PB;101;68,5;SANTA RITA;Reação tardia ou ineficiente do condutor;Saída de leito carroçável;Com Vítimas Feridas;Pleno dia;Crescente;Céu Claro;Dupla;Reta;Não;1;0;1;0;0;0;1;1;-7,059128;-35,023234;SPRF-PB;DEL01-PB;UOP03-DEL01-PB
700841;27/06/2025;sexta-feira;09:30:00;MS;262;328;CAMPO GRANDE;Condutor deixou de manter distância do veículo da frente;Colisão traseira;Sem Vítimas;Pleno dia;Decrescente;Céu Claro;Simples;Reta;Sim;2;0;0;0;2;0;0;2;-20,464672;-54,551958;SPRF-MS;DEL01-MS;UOP01-DEL01-MS
700842;27/06/2025;sexta-feira;10:00:00;PR;277;721,9;FOZ DO IGUACU;Reação tardia ou ineficiente do condutor;Capotamento;Com Vítimas Feridas;Pleno dia;Crescente;Nublado;Dupla;Reta;Sim;4;0;2;0;2;0;2;1;-25,49369563;-54,518597;SPRF-PR;DEL05-PR;UOP03-DEL05-PR
700844;27/06/2025;sexta-feira;09:25:00;RS;153;48;ERECHIM;Velocidade Incompatível;Colisão traseira;Com Vítimas Feridas;Pleno dia;Decrescente;Nublado;Dupla;Reta;Sim;4;0;0;1;3;0;1;2;-27,64955269;-52,25449059;SPRF-RS;DEL08-RS;UOP04-DEL08-RS
700846;27/06/2025;sexta-feira;10:30:00;MG;50;124;UBERABA;Velocidade Incompatível;Capotamento;Com Vítimas Feridas;Pleno dia;Decrescente;Céu Claro;Dupla;Retorno Regulamentado;Não;1;0;1;0;0;0;1;1;-19,343094;-48,094934;SPRF-MG;DEL13-MG;UOP01-DEL13-MG
700849;27/06/2025;sexta-feira;07:55:00;ES;262;113;VENDA NOVA DO IMIGRANTE;Reação tardia ou ineficiente do condutor;Colisão com objeto;Com Vítimas Feridas;Pleno dia;Decrescente;Céu Claro;Simples;"Declive;Curva";Não;1;0;1;0;0;0;1;1;-20,331795;-41,204607;SPRF-ES;DEL01-ES;UOP02-DEL01-ES
700851;27/06/2025;sexta-feira;08:16:00;MA;135;23;SAO LUIS;Reação tardia ou ineficiente do condutor;Colisão traseira;Sem Vítimas;Plena Noite;Crescente;Nublado;Múltipla;Reta;Sim;2;0;0;0;2;0;0;2;-2,55347559;-44,30892348;SPRF-MA;DEL01-MA;UOP01-DEL01-MA
700852;27/06/2025;sexta-feira;08:00:00;RS;293;290,7;SANTANA DO LIVRAMENTO;Ausência de reação do condutor;Saída de leito carroçável;Com Vítimas Feridas;Pleno dia;Crescente;Céu Claro;Simples;Reta;Não;1;0;1;0;0;0;1;1;-30,838615;-55,048052;SPRF-RS;DEL11-RS;UOP01-DEL11-RS
700853;27/06/2025;sexta-feira;12:00:00;MG;40;466,8;SETE LAGOAS;Pista esburacada;Queda de ocupante de veículo;Com Vítimas Feridas;Pleno dia;Decrescente;Céu Claro;Dupla;Declive;Sim;1;0;1;0;0;0;1;1;-19,44714;-44,32063;SPRF-MG;DEL02-MG;UOP01-DEL02-MG
700854;27/06/2025;sexta-feira;11:30:00;MG;116;412;GOVERNADOR VALADARES;Acessar a via sem observar a presença dos outros veículos;Colisão transversal;Com Vítimas Feridas;Pleno dia;Decrescente;Céu Claro;Múltipla;Rotatória;Sim;2;0;1;0;1;0;1;2;-18,877043;-41,963308;SPRF-MG;DEL06-MG;UOP01-DEL06-MG
700855;27/06/2025;sexta-feira;10:00:00;ES;101;61;SAO MATEUS;Condutor deixou de manter distância do veículo da frente;Colisão traseira;Com Vítimas Feridas;Pleno dia;Crescente;Céu Claro;Simples;"Reta;Interseção de Vias";Sim;3;0;1;0;2;0;1;2;-18,682215;-39,863374;SPRF-ES;DEL04-ES;UOP02-DEL04-ES
700856;27/06/2025;sexta-feira;10:34:00;MG;262;99;ABRE CAMPO;Acessar a via sem observar a presença dos outros veículos;Colisão transversal;Com Vítimas Feridas;Pleno dia;Crescente;Céu Claro;Simples;Reta;Sim;3;0;1;0;2;0;1;2;-20,29158598;-42,51060784;SPRF-MG;DEL03-MG;UOP03-DEL03-MG