id;data_inversa;dia_semana;horario;uf;br;km;municipio;causa_acidente;tipo_acidente;classificacao_acidente;fase_dia;sentido_via;condicao_metereologica;tipo_pista;tracado_via;uso_solo;pessoas;mortos;feridos_leves;feridos_graves;ilesos;ignorados;feridos;veiculos;latitude;longitude;regional;delegacia;uop
700857;27/06/2025;sexta-feira;12:52:00;DF;20;14,7;BRASILIA;Ausência de sinalização;Colisão lateral mesmo sentido;Com Vítimas Fatais;Pleno dia;Crescente;Sol;Simples;"Reta;Em Obras;Desvio Temporário";Sim;3;1;0;0;1;1;0;3;-15,63056561;-47,73385049;SPRF-DF;DEL02-DF;UOP01-DEL02-DF
700859;27/06/2025;sexta-feira;12:20:00;BA;324;609;SIMOES FILHO;Objeto estático sobre o leito carroçável;Colisão com objeto;Com Vítimas Feridas;Pleno dia;Decrescente;Céu Claro;Dupla;Reta;Não;2;0;2;0;0;0;2;1;-12,836033;-38,413524;SPRF-BA;DEL01-BA;UOP01-DEL01-BA
700860;27/06/2025;sexta-feira;11:30:00;SC;282;580,2;PINHALZINHO;Transitar no Acostamento;Colisão traseira;Com Vítimas Feridas;Pleno dia;Crescente;Nevoeiro/Neblina;Simples;Reta;Não;2;0;0;1;1;0;1;2;-26,83624873;-52,9891634;SPRF-SC;DEL07-SC;UOP02-DEL07-SC
700861;27/06/2025;sexta-feira;12:20:00;MG;116;275,6;TEOFILO OTONI;Área urbana sem a presença de local apropriado para a travessia de pedestres;Atropelamento de Pedestre;Com Vítimas Feridas;Pleno dia;Crescente;Céu Claro;Simples;Reta;Sim;2;0;0;1;1;0;1;2;-17,8720289;-41,5199597;SPRF-MG;DEL11-MG;UOP01-DEL11-MG
700863;27/06/2025;sexta-feira;13:30:00;SP;116;284,2;EMBU DAS ARTES;Ausência de reação do condutor;Colisão traseira;Com Vítimas Feridas;Pleno dia;Decrescente;Chuva;Dupla;Reta;Sim;2;0;1;0;1;0;1;2;-23,67997417;-46,8583746;SPRF-SP;DEL04-SP;UOP01-DEL04-SP
700864;27/06/2025;sexta-feira;11:40:00;MG;267;48;MARIPA DE MINAS;Reação tardia ou ineficiente do condutor;Colisão lateral mesmo sentido;Com Vítimas Feridas;Pleno dia;Decrescente;Céu Claro;Simples;Reta;Não;2;0;1;0;0;1;1;2;-21,70496426;-42,99053192;SPRF-MG;DEL07-MG;UOP01-DEL07-MG
700865;27/06/2025;sexta-feira;13:40:00;AL;316;149;PALMEIRA DOS INDIOS;Acessar a via sem observar a presença dos outros veículos;Colisão transversal;Com Vítimas Feridas;Pleno dia;Decrescente;Nublado;Simples;Reta;Não;2;0;0;1;1;0;1;2;-9,411616;-36,681146;SPRF-AL;DEL03-AL;UOP01-DEL03-AL
700867;27/06/2025;sexta-feira;13:50:00;MG;40;142;JOAO PINHEIRO;Ausência de reação do condutor;Colisão traseira;Com Vítimas Feridas;Pleno dia;Crescente;Céu Claro;Simples;Reta;Sim;3;0;0;3;0;0;3;2;-17,742;-46,184;SPRF-MG;DEL14-MG;UOP01-DEL14-MG
700869;27/06/2025;sexta-feira;12:30:00;RJ;40;116;DUQUE DE CAXIAS;Frear bruscamente;Engavetamento;Com Vítimas Feridas;Pleno dia;Crescente;Céu Claro;Múltipla;Reta;Não;9;0;7;1;1;0;8;3;-22,74262288;-43,28887939;SPRF-RJ;DEL01-RJ;UOP02-DEL01-RJ
700871;27/06/2025;sexta-feira;12:00:00;MG;381;613,9;OLIVEIRA;Manobra de mudança de faixa;Tombamento;Com Vítimas Feridas;Pleno dia;Crescente;Céu Claro;Dupla;"Reta;Em Obras";Não;1;0;1;0;0;0;1;1;-20,708198;-44,755627;SPRF-MG;DEL04-MG;UOP01-DEL04-MG
700873;18/05/2025;domingo;20:10:00;PR;116;100;SAO JOSE DOS PINHAIS;Pedestre cruzava a pista fora da faixa;Atropelamento de Pedestre;Com Vítimas Fatais;Plena Noite;Crescente;Nublado;Dupla;Reta;Não;4;1;0;0;3;0;0;2;-25,5666473;-49,164588;SPRF-PR;DEL01-PR;UOP07-DEL01-PR
700875;27/06/2025;sexta-feira;14:25:00;MG;381;485,5;BETIM;Ausência de reação do condutor;Engavetamento;Com Vítimas Feridas;Pleno dia;Decrescente;Céu Claro;Múltipla;Reta;Sim;6;0;3;0;1;2;3;6;-19,95610314;-44,10233371;SPRF-MG;DEL01-MG;UOP03-DEL01-MG
700876;27/06/2025;sexta-feira;14:15:00;SC;101;129;CAMBORIU;Conversão proibida;Colisão transversal;Com Vítimas Feridas;Pleno dia;Decrescente;Nublado;Simples;Reta;Sim;2;0;1;0;1;0;1;2;-26,98341484;-48,67556512;SPRF-SC;DEL04-SC;UOP03-DEL04-SC
700877;27/06/2025;sexta-feira;13:15:00;PR;277;663,6;MEDIANEIRA;Animais na Pista;Atropelamento de Animal;Com Vítimas Feridas;Pleno dia;Crescente;Céu Claro;Dupla;Reta;Não;1;0;1;0;0;0;1;1;-25,2527221;-54,0259878;SPRF-PR;DEL05-PR;UOP02-DEL05-PR
700878;27/06/2025;sexta-feira;14:30:00;SC;470;103,8;APIUNA;Ausência de reação do condutor;Colisão lateral sentido oposto;Com Vítimas Feridas;Pleno dia;Crescente;Nublado;Simples;Curva;Não;5;0;2;0;3;0;2;3;-27,06106532;-49,41230893;SPRF-SC;DEL04-SC;UOP02-DEL04-SC
700879;20/06/2025;sexta-feira;06:00:00;SP;381;89;GUARULHOS;Ausência de reação do condutor;Colisão lateral mesmo sentido;Com Vítimas Feridas;Pleno dia;Decrescente;Céu Claro;Simples;Reta;Sim;2;0;1;0;0;1;1;2;-23,48856;-46,559133;SPRF-SP;DEL03-SP;UOP01-DEL03-SP
700880;27/06/2025;sexta-feira;15:00:00;MG;40;754;EWBANK DA CAMARA;Velocidade Incompatível;Tombamento;Com Vítimas Feridas;Pleno dia;Crescente;Céu Claro;Simples;Reta;Não;2;0;2;0;0;0;2;1;-21,51849;-43,5228609;SPRF-MG;DEL05-MG;UOP01-DEL05-MG
700881;27/06/2025;sexta-feira;14:36:00;RO;364;709;PORTO VELHO;Reação tardia ou ineficiente do condutor;Colisão traseira;Com Vítimas Feridas;Pleno dia;Crescente;Céu Claro;Dupla;Interseção de Vias;Sim;2;0;1;0;1;0;1;2;-8,8080384;-63,7599744;SPRF-RO;DEL01-RO;UOP01-DEL01-RO
700882;27/06/2025;sexta-feira;15:45:00;PE;232;133,4;CARUARU;Reação tardia ou ineficiente do condutor;Engavetamento;Sem Vítimas;Pleno dia;Decrescente;Chuva;Dupla;Reta;Não;8;0;0;0;7;1;0;5;-8,30901;-36,02551;SPRF-PE;DEL02-PE;UOP03-DEL02-PE
700883;27/06/2025;sexta-feira;15:30:00;RN;101;125;SAO JOSE DE MIPIBU;Acessar a via sem observar a presença dos outros veículos;Colisão lateral mesmo sentido;Com Vítimas Feridas;Pleno dia;Crescente;Sol;Dupla;Reta;Sim;3;0;0;1;2;0;1;2;-6,07918107;-35,23422539;SPRF-RN;DEL01-RN;UOP01-DEL01-RN
700884;27/06/2025;sexta-feira;15:45:00;RS;116;251,2;SAPUCAIA DO SUL;Reação tardia ou ineficiente do condutor;Colisão com objeto;Sem Vítimas;Pleno dia;Decrescente;Céu Claro;Múltipla;Reta;Sim;1;0;0;0;1;0;0;1;-29,80197517;-51,1655709;SPRF-RS;DEL01-RS;UOP02-DEL01-RS
700885;27/06/2025;sexta-feira;14:15:00;MS;0;0;PARANAIBA;Demais falhas mecânicas ou elétricas;Incêndio;Sem Vítimas;Pleno dia;Não Informado;Céu Claro;Simples;Reta;Sim;1;0;0;0;1;0;0;1;-19,677043;-51,183087;SPRF-MS;DEL08-MS;UOP01-DEL08-MS
700886;19/06/2025;quinta-feira;11:15:00;RJ;116;148;DUQUE DE CAXIAS;Manobra de mudança de faixa;Colisão lateral mesmo sentido;Com Vítimas Feridas;Pleno dia;Crescente;Céu Claro;Múltipla;Curva;Sim;2;0;1;0;1;0;1;2;-22,67195463;-43,28201845;SPRF-RJ;DEL01-RJ;UOP02-DEL01-RJ
700887;27/06/2025;sexta-feira;13:05:00;RN;405;3;MOSSORO;Conversão proibida;Colisão transversal;Com Vítimas Feridas;Pleno dia;Crescente;Céu Claro;Simples;Reta;Sim;2;0;1;0;1;0;1;2;-5,19390153;-37,38049418;SPRF-RN;DEL04-RN;UOP02-DEL04-RN
700888;27/06/2025;sexta-feira;15:35:00;PR;277;714;SANTA TEREZINHA DE ITAIPU;Ausência de reação do condutor;Colisão traseira;Com Vítimas Feridas;Pleno dia;Crescente;Nublado;Dupla;Reta;Não;5;0;1;0;4;0;1;2;-25,46338576;-54,44502354;SPRF-PR;DEL05-PR;UOP01-DEL05-PR
700890;27/06/2025;sexta-feira;16:47:00;PE;101;67;RECIFE;Condutor deixou de manter distância do veículo da frente;Tombamento;Com Vítimas Feridas;Pleno dia;Decrescente;Chuva;Dupla;Reta;Sim;1;0;1;0;0;0;1;1;-8,05735404;-34,94660783;SPRF-PE;DEL01-PE;UOP01-DEL01-PE
700891;30/05/2025;sexta-feira;12:10:00;ES;101;145,2;LINHARES;Ausência de reação do condutor;Colisão traseira;Com Vítimas Feridas;Pleno dia;Crescente;Céu Claro;Dupla;Reta;Não;2;0;1;0;0;1;1;2;-19,36208944;-40,06487435;SPRF-ES;DEL04-ES;UOP01-DEL04-ES
700892;27/06/2025;sexta-feira;16:35:00;SC;280;130,4;RIO NEGRINHO;Acessar a via sem observar a presença dos outros veículos;Colisão lateral mesmo sentido;Com Vítimas Feridas;Anoitecer;Decrescente;Garoa/Chuvisco;Simples;"Declive;Interseção de Vias";Não;2;0;1;0;1;0;1;2;-26,254;-49,534;SPRF-SC;DEL06-SC;UOP03-DEL06-SC
700893;23/06/2025;segunda-feira;17:30:00;DF;20;13;BRASILIA;Manobra de mudança de faixa;Colisão lateral mesmo sentido;Com Vítimas Feridas;Anoitecer;Crescente;Céu Claro;Dupla;"Reta;Em Obras";Não;2;0;0;1;1;0;1;2;-15,638483;-47,748462;SPRF-DF;DEL02-DF;UOP01-DEL02-DF
700897;27/06/2025;sexta-feira;14:40:00;RJ;116;187;NOVA IGUACU;Velocidade Incompatível;Colisão traseira;Com Vítimas Feridas;Pleno dia;Decrescente;Céu Claro;Múltipla;Reta;Sim;2;0;1;0;1;0;1;2;-22,73845376;-43,47940056;SPRF-RJ;DEL06-RJ;UOP01-DEL06-RJ
700898;27/06/2025;sexta-feira;17:15:00;SP;381;90;GUARULHOS;Manobra de mudança de faixa;Colisão lateral mesmo sentido;Com Vítimas Feridas;Anoitecer;Decrescente;Céu Claro;Dupla;Reta;Sim;2;0;1;0;0;1;1;2;-23,498372;-46,559364;SPRF-SP;DEL03-SP;UOP01-DEL03-SP
700900;27/06/2025;sexta-feira;17:20:00;CE;304;51,9;ARACATI;Demais Fenômenos da natureza;Colisão transversal;Com Vítimas Feridas;Pleno dia;Crescente;Céu Claro;Simples;Reta;Não;2;0;2;0;0;0;2;2;-4,5760238;-37,7316687;SPRF-CE;DEL03-CE;UOP02-DEL03-CE
700901;27/06/2025;sexta-feira;17:00:00;PB;230;500,9;CAJAZEIRAS;Transitar na contramão;Colisão frontal;Com Vítimas Feridas;Pleno dia;Decrescente;Céu Claro;Simples;Curva;Sim;2;0;0;2;0;0;2;2;-6,896236;-38,533671;SPRF-PB;DEL03-PB;UOP03-DEL03-PB
700902;03/06/2025;terça-feira;15:50:00;SC;101;202,9;SAO JOSE;Avarias e/ou desgaste excessivo no pneu;Tombamento;Com Vítimas Feridas;Pleno dia;Crescente;Céu Claro;Múltipla;Reta;Sim;2;0;2;0;0;0;2;1;-27,564;-48,615;SPRF-SC;DEL01-SC;UOP01-DEL01-SC
700903;11/06/2025;quarta-feira;06:56:00;MT;163;750;SORRISO;Reação tardia ou ineficiente do condutor;Colisão traseira;Com Vítimas Feridas;Pleno dia;Crescente;Céu Claro;Simples;Retorno Regulamentado;Sim;2;0;1;1;0;0;2;2;-12,573367;-55,727933;SPRF-MT;DEL06-MT;UOP01-DEL06-MT
700904;27/06/2025;sexta-feira;17:20:00;GO;40;5,5;VALPARAISO DE GOIAS;Reação tardia ou ineficiente do condutor;Saída de leito carroçável;Com Vítimas Feridas;Pleno dia;Crescente;Céu Claro;Dupla;Reta;Sim;2;0;1;0;1;0;1;1;-16,100595;-47,977407;SPRF-DF;DEL01-DF;UOP01-DEL01-DF
700906;27/06/2025;sexta-feira;15:30:00;MT;174;9;PONTES E LACERDA;Ingestão de álcool pelo condutor;Capotamento;Com Vítimas Feridas;Pleno dia;Decrescente;Céu Claro;Simples;Reta;Não;1;0;1;0;0;0;1;1;-15,20250244;-59,37698364;SPRF-MT;DEL04-MT;UOP01-DEL04-MT
700907;27/06/2025;sexta-feira;17:15:00;RS;116;150,2;CAXIAS DO SUL;Condutor deixou de manter distância do veículo da frente;Colisão traseira;Com Vítimas Feridas;Anoitecer;Decrescente;Céu Claro;Dupla;Reta;Sim;5;0;2;0;3;0;2;3;-29,17104585;-51,15987388;SPRF-RS;DEL05-RS;UOP01-DEL05-RS
700908;27/06/2025;sexta-feira;17:48:00;DF;20;8;BRASILIA;Manobra de mudança de faixa;Colisão lateral mesmo sentido;Com Vítimas Feridas;Anoitecer;Crescente;Ignorado;Dupla;"Reta;Aclive";Sim;3;0;0;1;2;0;1;2;-15,657793;-47,790276;SPRF-DF;DEL02-DF;UOP01-DEL02-DF
700912;27/06/2025;sexta-feira;14:47:00;PR;116;14,7;CAMPINA GRANDE DO SUL;Avarias e/ou desgaste excessivo no pneu;Colisão com objeto;Sem Vítimas;Pleno dia;Decrescente;Chuva;Dupla;Curva;Não;2;0;0;0;2;0;0;1;-25,09884;-48,679238;SPRF-PR;DEL01-PR;UOP02-DEL01-PR
700914;27/06/2025;sexta-feira;17:00:00;RS;101;2;TORRES;Ingestão de álcool pelo condutor;Queda de ocupante de veículo;Com Vítimas Feridas;Pleno dia;Crescente;Céu Claro;Dupla;Reta;Sim;1;0;1;0;0;0;1;1;-29,317782;-49,774908;SPRF-RS;DEL03-RS;UOP02-DEL03-RS
700916;27/06/2025;sexta-feira;17:15:00;PI;343;343,3;TERESINA;Reação tardia ou ineficiente do condutor;Colisão lateral mesmo sentido;Com Vítimas Feridas;Pleno dia;Crescente;Céu Claro;Simples;Rotatória;Sim;2;0;1;0;1;0;1;2;-5,089923;-42,760753;SPRF-PI;DEL01-PI;UOP01-DEL01-PI
700917;27/06/2025;sexta-feira;18:24:00;SP;116;226;GUARULHOS;Ausência de reação do condutor;Colisão lateral mesmo sentido;Com Vítimas Feridas;Plena Noite;Decrescente;Céu Claro;Múltipla;Em Obras;Não;2;0;1;0;1;0;1;2;-23,49406701;-46,55348642;SPRF-SP;DEL01-SP;UOP01-DEL01-SP
700918;27/06/2025;sexta-feira;16:00:00;MG;153;147,5;COMENDADOR GOMES;Ausência de reação do condutor;Colisão traseira;Com Vítimas Feridas;Pleno dia;Decrescente;Céu Claro;Simples;Reta;Não;2;0;1;0;1;0;1;2;-19,627722;-48,848014;SPRF-MG;DEL13-MG;UOP02-DEL13-MG
700920;27/06/2025;sexta-feira;18:10:00;RN;101;98,7;NATAL;Condutor deixou de manter distância do veículo da frente;Colisão traseira;Com Vítimas Feridas;Plena Noite;Crescente;Céu Claro;Múltipla;"Reta;Interseção de Vias";Sim;3;0;1;1;0;1;2;2;-5,872599;-35,22016;SPRF-RN;DEL01-RN;UOP01-DEL01-RN
700921;27/06/2025;sexta-feira;18:00:00;GO;153;495;GOIANIA;Manobra de mudança de faixa;Colisão traseira;Com Vítimas Feridas;Plena Noite;Crescente;Céu Claro;Dupla;Reta;Sim;3;0;1;1;1;0;2;2;-16,65772112;-49,21935651;SPRF-GO;DEL01-GO;UOP01-DEL01-GO
700922;27/06/2025;sexta-feira;18:00:00;RS;116;528;PELOTAS;Acessar a via sem observar a presença dos outros veículos;Colisão transversal;Com Vítimas Feridas;Plena Noite;Crescente;Céu Claro;Simples;Retorno Regulamentado;Sim;3;0;2;0;1;0;2;2;-31,74853752;-52,41224369;SPRF-RS;DEL07-RS;UOP01-DEL07-RS
700923;27/06/2025;sexta-feira;17:50:00;GO;153;417;ANAPOLIS;Demais falhas mecânicas ou elétricas;Incêndio;Sem Vítimas;Anoitecer;Crescente;Céu Claro;Dupla;"Declive;Reta";Não;3;0;0;0;3;0;0;1;-16,178247;-49,042777;SPRF-GO;DEL02-GO;UOP01-DEL02-GO
700924;27/06/2025;sexta-feira;18:30:00;MG;381;486;BETIM;Manobra de mudança de faixa;Colisão lateral mesmo sentido;Com Vítimas Feridas;Plena Noite;Crescente;Céu Claro;Múltipla;"Declive;Reta";Sim;2;0;1;0;1;0;1;2;-19,95607247;-44,10761744;SPRF-MG;DEL01-MG;UOP03-DEL01-MG
700925;27/06/2025;sexta-feira;18:30:00;MG;40;532;BELO HORIZONTE;Acessar a via sem observar a presença dos outros veículos;Colisão frontal;Com Vítimas Feridas;Plena Noite;Decrescente;Céu Claro;Dupla;"Declive;Reta";Sim;2;0;1;0;1;0;1;2;-19,924466;-44,014352;SPRF-MG;DEL01-MG;UOP02-DEL01-MG
700926;27/06/2025;sexta-feira;18:30:00;SC;101;98;BALNEARIO PICARRAS;Transitar no Acostamento;Queda de ocupante de veículo;Com Vítimas Feridas;Plena Noite;Decrescente;Nublado;Dupla;Reta;Não;3;0;1;1;0;1;2;2;-26,74453;-48,697372;SPRF-SC;DEL03-SC;UOP02-DEL03-SC
700927;27/06/2025;sexta-feira;18:00:00;SC;282;0,6;FLORIANOPOLIS;Reação tardia ou ineficiente do condutor;Colisão traseira;Com Vítimas Feridas;Plena Noite;Crescente;Nublado;Dupla;"Curva;Declive";Não;3;0;1;0;1;1;1;3;-27,59862039;-48,57410638;SPRF-SC;DEL01-SC;UOP01-DEL01-SC
700928;27/06/2025;sexta-feira;18:45:00;SC;101;214,7;PALHOCA;Condutor deixou de manter distância do veículo da frente;Engavetamento;Sem Vítimas;Plena Noite;Crescente;Nublado;Múltipla;Reta;Não;3;0;0;0;3;0;0;3;-27,649727;-48,674428;SPRF-SC;DEL01-SC;UOP02-DEL01-SC
700929;27/06/2025;sexta-feira;16:35:00;GO;153;43;PORANGATU;Demais falhas mecânicas ou elétricas;Incêndio;Sem Vítimas;Pleno dia;Crescente;Céu Claro;Simples;"Reta;Declive";Não;1;0;0;0;1;0;0;1;-13,20079953;-49,1577673;SPRF-GO;DEL07-GO;UOP01-DEL07-GO
700930;27/06/2025;sexta-feira;18:30:00;RN;226;164,3;CURRAIS NOVOS;Transitar no Acostamento;Atropelamento de Pedestre;Com Vítimas Feridas;Plena Noite;Decrescente;Céu Claro;Simples;Reta;Não;2;0;0;2;0;0;2;2;-6,24158561;-36,46259308;SPRF-RN;DEL03-RN;UOP02-DEL03-RN
700931;27/06/2025;sexta-feira;10:00:00;RO;364;912;PORTO VELHO;Condutor Dormindo;Saída de leito carroçável;Com Vítimas Feridas;Pleno dia;Crescente;Céu Claro;Simples;Reta;Não;1;0;1;0;0;0;1;1;-9,73086235;-65,24571419;SPRF-RO;DEL01-RO;UOP03-DEL01-RO
700932;27/06/2025;sexta-feira;18:50:00;PR;277;693;SAO MIGUEL DO IGUACU;Reação tardia ou ineficiente do condutor;Saída de leito carroçável;Com Vítimas Feridas;Plena Noite;Crescente;Garoa/Chuvisco;Dupla;Reta;Não;2;0;1;0;1;0;1;2;-25,38435561;-54,29134369;SPRF-PR;DEL05-PR;UOP01-DEL05-PR
700934;27/06/2025;sexta-feira;14:20:00;PE;101;115;IPOJUCA;Acessar a via sem observar a presença dos outros veículos;Colisão transversal;Com Vítimas Feridas;Pleno dia;Decrescente;Nublado;Dupla;"Reta;Interseção de Vias;Retorno Regulamentado";Não;3;0;1;2;0;0;3;2;-8,339775;-35,14293;SPRF-PE;DEL01-PE;UOP03-DEL01-PE
700935;27/06/2025;sexta-feira;18:00:00;PE;101;115;IPOJUCA;Ausência de reação do condutor;Queda de ocupante de veículo;Com Vítimas Feridas;Plena Noite;Decrescente;Chuva;Dupla;Reta;Não;1;0;1;0;0;0;1;1;-8,34282;-35,14502;SPRF-PE;DEL01-PE;UOP03-DEL01-PE
700936;27/06/2025;sexta-feira;18:10:00;RS;290;724;URUGUAIANA;Entrada inopinada do pedestre;Atropelamento de Pedestre;Com Vítimas Feridas;Anoitecer;Crescente;Céu Claro;Simples;"Curva;Interseção de Vias;Rotatória";Sim;2;0;0;1;1;0;1;2;-29,74788601;-57,07934886;SPRF-RS;DEL13-RS;UOP01-DEL13-RS
700938;27/06/2025;sexta-feira;19:40:00;PB;230;242;JUAZEIRINHO;Transitar na contramão;Colisão frontal;Com Vítimas Feridas;Plena Noite;Decrescente;Céu Claro;Simples;Reta;Sim;2;0;1;0;0;1;1;2;-7,0692;-36,58478;SPRF-PB;DEL02-PB;UOP02-DEL02-PB
700940;27/06/2025;sexta-feira;18:40:00;RJ;101;509;ANGRA DOS REIS;Área urbana sem a presença de local apropriado para a travessia de pedestres;Atropelamento de Pedestre;Com Vítimas Feridas;Plena Noite;Crescente;Céu Claro;Dupla;Reta;Sim;2;0;1;0;1;0;1;2;-22,9441057;-44,42780368;SPRF-RJ;DEL03-RJ;UOP03-DEL03-RJ
700941;27/06/2025;sexta-feira;19:00:00;AP;156;798;OIAPOQUE;Pista esburacada;Queda de ocupante de veículo;Com Vítimas Feridas;Plena Noite;Crescente;Céu Claro;Simples;Reta;Sim;1;0;0;1;0;0;1;1;3,835377;-51,808982;SPRF-AP;DEL01-AP;UOP03-DEL01-AP
700942;27/06/2025;sexta-feira;18:45:00;MG;50;192;DELTA;Condutor deixou de manter distância do veículo da frente;Engavetamento;Com Vítimas Feridas;Plena Noite;Crescente;Céu Claro;Dupla;"Reta;Declive";Não;4;0;2;0;2;0;2;2;-19,8746486;-47,8573375;SPRF-MG;DEL13-MG;UOP01-DEL13-MG
700943;27/06/2025;sexta-feira;14:50:00;RJ;465;20;NOVA IGUACU;Ultrapassagem Indevida;Colisão lateral mesmo sentido;Com Vítimas Feridas;Pleno dia;Crescente;Céu Claro;Simples;Reta;Sim;2;0;1;0;1;0;1;2;-22,85592924;-43,60164642;SPRF-RJ;DEL06-RJ;UOP02-DEL06-RJ
700944;27/06/2025;sexta-feira;19:45:00;SC;101;214,7;PALHOCA;Trafegar com motocicleta (ou similar) entre as faixas;Colisão traseira;Sem Vítimas;Plena Noite;Crescente;Céu Claro;Múltipla;Reta;Sim;2;0;0;0;1;1;0;2;-27,64946;-48,67466;SPRF-SC;DEL01-SC;UOP02-DEL01-SC
700946;27/06/2025;sexta-feira;14:20:00;AP;210;83;MACAPA;Transitar na contramão;Colisão frontal;Com Vítimas Feridas;Pleno dia;Crescente;Céu Claro;Simples;Curva;Não;6;0;6;0;0;0;6;2;0,10747398;-51,12624112;SPRF-AP;DEL01-AP;UOP01-DEL01-AP
700947;27/06/2025;sexta-feira;19:05:00;AP;210;12;MACAPA;Transitar na contramão;Colisão lateral sentido oposto;Com Vítimas Feridas;Plena Noite;Crescente;Céu Claro;Dupla;"Curva;Aclive";Sim;2;0;0;1;1;0;1;2;0,122184;-51,131745;SPRF-AP;DEL01-AP;UOP01-DEL01-AP
700948;27/06/2025;sexta-feira;11:20:00;RO;364;339;JI-PARANA;Reação tardia ou ineficiente do condutor;Colisão traseira;Sem Vítimas;Pleno dia;Crescente;Céu Claro;Dupla;Reta;Sim;2;0;0;0;2;0;0;2;-10,903593;-61,930318;SPRF-RO;DEL02-RO;UOP01-DEL02-RO
700949;11/03/2025;terça-feira;19:11:00;GO;70;6;AGUAS LINDAS DE GOIAS;Pedestre cruzava a pista fora da faixa;Atropelamento de Pedestre;Com Vítimas Feridas;Plena Noite;Decrescente;Céu Claro;Dupla;Reta;Sim;3;0;1;0;1;1;1;2;-15,7512993;-48,26079017;SPRF-DF;DEL03-DF;UOP02-DEL03-DF
700951;27/06/2025;sexta-feira;19:40:00;PR;376;167;MARINGA;Condutor deixou de manter distância do veículo da frente;Colisão traseira;Com Vítimas Feridas;Plena Noite;Crescente;Céu Claro;Dupla;Reta;Não;3;0;1;0;2;0;1;3;-23,39601468;-52,00597135;SPRF-PR;DEL09-PR;UOP01-DEL09-PR
700952;27/06/2025;sexta-feira;19:50:00;ES;101;212,8;IBIRACU;Transitar na contramão;Colisão frontal;Com Vítimas Feridas;Plena Noite;Decrescente;Céu Claro;Simples;Reta;Sim;2;0;0;1;1;0;1;2;-19,8223709;-40,369911;SPRF-ES;DEL02-ES;UOP01-DEL02-ES
700953;27/06/2025;sexta-feira;18:50:00;RS;392;323;SAO SEPE;Transitar na contramão;Colisão lateral sentido oposto;Com Vítimas Feridas;Plena Noite;Crescente;Nublado;Simples;Reta;Não;2;0;1;0;1;0;1;2;-29,955129;-53,698693;SPRF-RS;DEL09-RS;UOP01-DEL09-RS
700954;27/06/2025;sexta-feira;19:30:00;BA;101;262;SANTO ANTONIO DE JESUS;Frear bruscamente;Tombamento;Com Vítimas Feridas;Plena Noite;Crescente;Céu Claro;Múltipla;Reta;Sim;3;0;1;0;2;0;1;2;-12,974812;-39,275767;SPRF-BA;DEL01-BA;UOP02-DEL01-BA
700955;27/06/2025;sexta-feira;18:10:00;PB;230;500,8;CAJAZEIRAS;Transitar na contramão;Colisão transversal;Com Vítimas Feridas;Anoitecer;Crescente;Céu Claro;Simples;Curva;Sim;2;0;1;0;1;0;1;2;-6,896536;-38,532646;SPRF-PB;DEL03-PB;UOP03-DEL03-PB
700957;27/06/2025;sexta-feira;19:00:00;RS;386;247,7;SOLEDADE;Acessar a via sem observar a presença dos outros veículos;Colisão transversal;Com Vítimas Feridas;Plena Noite;Crescente;Nublado;Simples;"Reta;Em Obras";Sim;4;0;1;0;3;0;1;2;-28,8160509;-52,48785703;SPRF-RS;DEL04-RS;UOP03-DEL04-RS
700958;27/06/2025;sexta-feira;17:40:00;SC;470;65;INDAIAL;Trafegar com motocicleta (ou similar) entre as faixas;Colisão lateral sentido oposto;Com Vítimas Feridas;Anoitecer;Crescente;Nublado;Simples;"Reta;Em Obras";Sim;3;0;3;0;0;0;3;2;-26,86962823;-49,20313342;SPRF-SC;DEL04-SC;UOP01-DEL04-SC
700960;07/02/2025;sexta-feira;19:52:00;GO;70;6,6;AGUAS LINDAS DE GOIAS;Pedestre cruzava a pista fora da faixa;Atropelamento de Pedestre;Com Vítimas Feridas;Plena Noite;Crescente;Céu Claro;Dupla;Reta;Sim;2;0;0;1;1;0;1;2;-15,75049381;-48,2612381;SPRF-DF;DEL03-DF;UOP02-DEL03-DF
700961;27/06/2025;sexta-feira;19:30:00;CE;222;313,1;TIANGUA;Manobra de mudança de faixa;Colisão lateral mesmo sentido;Com Vítimas Feridas;Plena Noite;Crescente;Céu Claro;Simples;"Reta;Interseção de Vias;Viaduto";Sim;2;0;1;0;1;0;1;2;-3,732915;-41,002266;SPRF-CE;DEL04-CE;UOP02-DEL04-CE
700963;27/06/2025;sexta-feira;19:40:00;ES;101;353,5;ANCHIETA;Entrada inopinada do pedestre;Atropelamento de Pedestre;Com Vítimas Fatais;Plena Noite;Decrescente;Céu Claro;Dupla;Reta;Não;6;1;0;0;5;0;0;2;-20,681867;-40,667871;SPRF-ES;DEL03-ES;UOP01-DEL03-ES
700965;27/06/2025;sexta-feira;19:30:00;PI;316;30;DEMERVAL LOBAO;Animais na Pista;Atropelamento de Animal;Com Vítimas Feridas;Plena Noite;Decrescente;Céu Claro;Dupla;Reta;Não;2;0;2;0;0;0;2;1;-5,33318465;-42,69754708;SPRF-PI;DEL01-PI;UOP02-DEL01-PI
700966;27/06/2025;sexta-feira;20:00:00;SC;470;67;INDAIAL;Entrada inopinada do pedestre;Atropelamento de Pedestre;Com Vítimas Feridas;Plena Noite;Crescente;Ignorado;Simples;"Reta;Em Obras";Sim;3;0;0;2;1;0;2;2;-26,87213351;-49,23065901;SPRF-SC;DEL04-SC;UOP01-DEL04-SC