id;data_inversa;dia_semana;horario;uf;br;km;municipio;causa_acidente;tipo_acidente;classificacao_acidente;fase_dia;sentido_via;condicao_metereologica;tipo_pista;tracado_via;uso_solo;pessoas;mortos;feridos_leves;feridos_graves;ilesos;ignorados;feridos;veiculos;latitude;longitude;regional;delegacia;uop
701084;28/06/2025;sábado;12:55:00;ES;101;194,8;ARACRUZ;Reação tardia ou ineficiente do condutor;Tombamento;Com Vítimas Feridas;Pleno dia;Crescente;Céu Claro;Simples;Reta;Não;2;0;0;1;0;1;1;1;-19,70190532;-40,32074557;SPRF-ES;DEL04-ES;UOP01-DEL04-ES
701085;27/06/2025;sexta-feira;18:40:00;GO;80;279;MARA ROSA;Ausência de sinalização;Colisão com objeto;Com Vítimas Feridas;Anoitecer;Crescente;Ignorado;Simples;"Em Obras;Reta";Não;2;0;0;1;1;0;1;1;-13,939187;-49,770607;SPRF-GO;DEL07-GO;UOP01-DEL07-GO
701086;28/06/2025;sábado;09:20:00;SC;282;121,3;BOM RETIRO;Ingestão de álcool pelo condutor;Saída de leito carroçável;Sem Vítimas;Pleno dia;Crescente;Chuva;Simples;Reta;Não;1;0;0;0;1;0;0;1;-27,79969;-49,42425;SPRF-SC;DEL05-SC;UOP01-DEL05-SC
701088;28/06/2025;sábado;04:00:00;RS;116;164;CAXIAS DO SUL;Reação tardia ou ineficiente do condutor;Saída de leito carroçável;Sem Vítimas;Plena Noite;Crescente;Garoa/Chuvisco;Simples;Curva;Não;1;0;0;0;1;0;0;1;-29,26077124;-51,15765318;SPRF-RS;DEL05-RS;UOP02-DEL05-RS
701089;28/06/2025;sábado;10:30:00;PI;343;139;PIRACURUCA;Condutor usando celular;Colisão transversal;Com Vítimas Feridas;Pleno dia;Decrescente;Céu Claro;Simples;"Interseção de Vias;Rotatória";Sim;2;0;1;0;1;0;1;2;-3,91842183;-41,71160817;SPRF-PI;DEL02-PI;UOP01-DEL02-PI
701090;28/06/2025;sábado;13:15:00;SP;381;89;GUARULHOS;Ausência de reação do condutor;Colisão traseira;Com Vítimas Feridas;Pleno dia;Crescente;Céu Claro;Dupla;"Interseção de Vias;Curva";Sim;4;0;2;0;2;0;2;2;-23,49639357;-46,55973522;SPRF-SP;DEL03-SP;UOP01-DEL03-SP
701094;28/06/2025;sábado;10:30:00;RJ;101;486;ANGRA DOS REIS;Condutor deixou de manter distância do veículo da frente;Colisão traseira;Com Vítimas Feridas;Pleno dia;Decrescente;Céu Claro;Simples;Reta;Sim;4;0;1;0;2;1;1;4;-22,9792211;-44,2959079;SPRF-RJ;DEL03-RJ;UOP03-DEL03-RJ
701096;28/06/2025;sábado;12:50:00;RJ;101;309;SAO GONCALO;Avarias e/ou desgaste excessivo no pneu;Tombamento;Com Vítimas Feridas;Pleno dia;Decrescente;Céu Claro;Dupla;Reta;Sim;2;0;1;1;0;0;2;1;-22,79788337;-43,0464077;SPRF-RJ;DEL02-RJ;UOP02-DEL02-RJ
701097;28/01/2025;terça-feira;17:10:00;DF;70;11;BRASILIA;Acessar a via sem observar a presença dos outros veículos;Colisão lateral mesmo sentido;Com Vítimas Feridas;Pleno dia;Decrescente;Céu Claro;Múltipla;Reta;Sim;2;0;0;1;1;0;1;2;-15,789762;-48,148727;SPRF-DF;DEL03-DF;UOP02-DEL03-DF
701100;28/06/2025;sábado;13:45:00;BA;110;168;RIBEIRA DO POMBAL;Pista esburacada;Queda de ocupante de veículo;Com Vítimas Feridas;Pleno dia;Crescente;Céu Claro;Simples;Reta;Não;2;0;0;2;0;0;2;1;-10,80419766;-38,52575697;SPRF-BA;DEL07-BA;UOP02-DEL07-BA
701101;28/06/2025;sábado;13:43:00;PE;101;185;PALMARES;Ultrapassagem Indevida;Colisão lateral mesmo sentido;Com Vítimas Feridas;Pleno dia;Crescente;Garoa/Chuvisco;Simples;Reta;Não;2;0;0;1;1;0;1;2;-8,6853186;-35,5843343;SPRF-PE;DEL01-PE;UOP03-DEL01-PE
701103;28/06/2025;sábado;14:13:00;SP;116;294;ITAPECERICA DA SERRA;Entrada inopinada do pedestre;Atropelamento de Pedestre;Com Vítimas Feridas;Pleno dia;Decrescente;Céu Claro;Dupla;Reta;Sim;3;0;1;0;2;0;1;2;-23,69369369;-46,86971592;SPRF-SP;DEL04-SP;UOP01-DEL04-SP
701104;28/06/2025;sábado;14:10:00;SC;282;519,2;XAXIM;Reação tardia ou ineficiente do condutor;Colisão lateral mesmo sentido;Com Vítimas Feridas;Pleno dia;Crescente;Chuva;Simples;"Aclive;Reta";Não;4;0;1;0;3;0;1;2;-26,947373;-52,517305;SPRF-SC;DEL07-SC;UOP01-DEL07-SC
701105;28/06/2025;sábado;12:20:00;RS;285;312,6;PASSO FUNDO;Chuva;Saída de leito carroçável;Com Vítimas Feridas;Pleno dia;Crescente;Chuva;Simples;Curva;Sim;4;0;1;0;3;0;1;1;-28,24215043;-52,55612612;SPRF-RS;DEL08-RS;UOP03-DEL08-RS
701107;28/06/2025;sábado;14:20:00;RJ;116;310;RESENDE;Reação tardia ou ineficiente do condutor;Tombamento;Com Vítimas Feridas;Pleno dia;Decrescente;Nublado;Dupla;Curva;Não;1;0;1;0;0;0;1;1;-22,46081953;-44,44166835;SPRF-RJ;DEL07-RJ;UOP02-DEL07-RJ
701109;28/06/2025;sábado;15:01:00;BA;324;618;SALVADOR;Avarias e/ou desgaste excessivo no pneu;Queda de ocupante de veículo;Com Vítimas Feridas;Pleno dia;Crescente;Céu Claro;Dupla;Reta;Sim;2;0;2;0;0;0;2;1;-12,9063726;-38,4555825;SPRF-BA;DEL01-BA;UOP01-DEL01-BA
701110;28/06/2025;sábado;14:05:00;SC;101;138,8;BALNEARIO CAMBORIU;Reação tardia ou ineficiente do condutor;Colisão com objeto;Com Vítimas Feridas;Pleno dia;Crescente;Chuva;Dupla;"Aclive;Curva";Não;1;0;1;0;0;0;1;1;-27,02854;-48,60466;SPRF-SC;DEL04-SC;UOP03-DEL04-SC
701111;28/06/2025;sábado;14:30:00;RS;116;614;ARROIO GRANDE;Ausência de reação do condutor;Colisão traseira;Com Vítimas Feridas;Pleno dia;Crescente;Céu Claro;Simples;Reta;Não;3;0;0;1;1;1;1;3;-32,25560903;-53,08125973;SPRF-RS;DEL07-RS;UOP03-DEL07-RS
701112;28/06/2025;sábado;15:10:00;RS;290;11;SANTO ANTONIO DA PATRULHA;Acumulo de água sobre o pavimento;Saída de leito carroçável;Com Vítimas Feridas;Pleno dia;Crescente;Chuva;Dupla;Reta;Não;1;0;1;0;0;0;1;1;-29,88395081;-50,44390798;SPRF-RS;DEL03-RS;UOP01-DEL03-RS
701113;28/06/2025;sábado;14:00:00;SP;116;20,3;CRUZEIRO;Demais falhas mecânicas ou elétricas;Tombamento;Com Vítimas Feridas;Pleno dia;Decrescente;Nublado;Dupla;Reta;Não;2;0;2;0;0;0;2;1;-22,62496977;-44,91527653;SPRF-SP;DEL08-SP;UOP02-DEL08-SP
701114;28/06/2025;sábado;13:40:00;SC;282;412;CATANDUVAS;Ingestão de álcool pelo condutor;Tombamento;Com Vítimas Feridas;Pleno dia;Crescente;Chuva;Simples;"Curva;Declive";Não;1;0;1;0;0;0;1;1;-27,05989;-51,679493;SPRF-SC;DEL07-SC;UOP05-DEL07-SC
701115;28/06/2025;sábado;14:32:00;GO;60;34;ALEXANIA;Ausência de reação do condutor;Capotamento;Com Vítimas Feridas;Pleno dia;Decrescente;Céu Claro;Dupla;Reta;Sim;4;0;0;1;3;0;1;1;-16,099727;-48,522358;SPRF-DF;DEL03-DF;UOP01-DEL03-DF
701116;28/06/2025;sábado;14:30:00;MG;381;948;EXTREMA;Reação tardia ou ineficiente do condutor;Colisão com objeto;Com Vítimas Feridas;Pleno dia;Crescente;Céu Claro;Dupla;Reta;Sim;1;0;0;1;0;0;1;1;-22,87076259;-46,35980336;SPRF-MG;DEL16-MG;UOP03-DEL16-MG
701119;28/06/2025;sábado;15:25:00;PB;230;3;CABEDELO;Ausência de reação do condutor;Colisão com objeto;Com Vítimas Feridas;Pleno dia;Decrescente;Sol;Múltipla;"Reta;Desvio Temporário;Em Obras";Sim;2;0;1;1;0;0;2;1;-6,997435;-34,828154;SPRF-PB;DEL01-PB;UOP01-DEL01-PB
701120;28/06/2025;sábado;16:00:00;PB;230;27,9;JOAO PESSOA;Acumulo de areia ou detritos sobre o pavimento;Tombamento;Com Vítimas Feridas;Pleno dia;Crescente;Céu Claro;Dupla;"Viaduto;Curva";Não;1;0;1;0;0;0;1;1;-7,16508354;-34,89835787;SPRF-PB;DEL01-PB;UOP01-DEL01-PB
701121;28/06/2025;sábado;15:30:00;PI;316;7,9;TERESINA;Ausência de reação do condutor;Saída de leito carroçável;Com Vítimas Feridas;Pleno dia;Decrescente;Sol;Múltipla;Reta;Sim;2;0;2;0;0;0;2;1;-5,168937;-42,767658;SPRF-PI;DEL01-PI;UOP02-DEL01-PI
701122;28/06/2025;sábado;10:20:00;PB;427;37,8;POMBAL;Acessar a via sem observar a presença dos outros veículos;Colisão transversal;Com Vítimas Feridas;Pleno dia;Crescente;Céu Claro;Simples;Reta;Sim;2;0;2;0;0;0;2;2;-6,769702;-37,795773;SPRF-PB;DEL03-PB;UOP02-DEL03-PB
701123;28/06/2025;sábado;16:10:00;MG;40;511;RIBEIRAO DAS NEVES;Manobra de mudança de faixa;Colisão traseira;Com Vítimas Feridas;Pleno dia;Crescente;Céu Claro;Dupla;"Reta;Interseção de Vias";Sim;2;0;1;0;1;0;1;2;-19,78331453;-44,11642376;SPRF-MG;DEL01-MG;UOP02-DEL01-MG
701125;28/06/2025;sábado;14:20:00;BA;330;888;UBAITABA;Ingestão de álcool pelo condutor;Colisão frontal;Com Vítimas Feridas;Pleno dia;Decrescente;Garoa/Chuvisco;Simples;Reta;Não;4;0;0;1;3;0;1;2;-14,26167;-39,34103;SPRF-BA;DEL05-BA;UOP01-DEL05-BA
701129;28/06/2025;sábado;16:30:00;SP;116;216;GUARULHOS;Reação tardia ou ineficiente do condutor;Colisão traseira;Com Vítimas Feridas;Pleno dia;Crescente;Céu Claro;Múltipla;Reta;Sim;4;0;1;0;3;0;1;2;-23,451941;-46,466913;SPRF-SP;DEL01-SP;UOP01-DEL01-SP
701131;28/06/2025;sábado;15:00:00;PR;277;641;CEU AZUL;Ingestão de álcool pelo condutor;Saída de leito carroçável;Sem Vítimas;Pleno dia;Decrescente;Nublado;Simples;"Curva;Aclive";Não;23;0;0;0;23;0;0;1;-25,1767;-53,8657;SPRF-PR;DEL05-PR;UOP02-DEL05-PR
701133;28/06/2025;sábado;11:00:00;RJ;40;91;PETROPOLIS;Pista Escorregadia;Queda de ocupante de veículo;Com Vítimas Feridas;Pleno dia;Decrescente;Céu Claro;Simples;Curva;Não;2;0;2;0;0;0;2;1;-22,5280498;-43,2232336;SPRF-RJ;DEL01-RJ;UOP01-DEL01-RJ
701134;28/06/2025;sábado;16:05:00;BA;110;4;PAULO AFONSO;Acessar a via sem observar a presença dos outros veículos;Colisão transversal;Com Vítimas Feridas;Pleno dia;Decrescente;Céu Claro;Simples;"Reta;Interseção de Vias";Não;7;0;3;0;4;0;3;2;-9,454968;-38,202277;SPRF-BA;DEL07-BA;UOP01-DEL07-BA
701135;28/06/2025;sábado;17:00:00;GO;153;435;ANAPOLIS;Reação tardia ou ineficiente do condutor;Colisão traseira;Com Vítimas Feridas;Pleno dia;Decrescente;Céu Claro;Dupla;Reta;Sim;5;0;1;0;4;0;1;2;-16,30052746;-48,92646027;SPRF-GO;DEL02-GO;UOP01-DEL02-GO
701137;28/06/2025;sábado;16:53:00;RJ;101;390;RIO DE JANEIRO;Reação tardia ou ineficiente do condutor;Queda de ocupante de veículo;Com Vítimas Feridas;Pleno dia;Decrescente;Nublado;Simples;Curva;Sim;1;0;1;0;0;0;1;1;-22,896758;-43,680872;SPRF-RJ;DEL03-RJ;UOP01-DEL03-RJ
701138;28/06/2025;sábado;16:45:00;BA;116;546;IACU;Acessar a via sem observar a presença dos outros veículos;Colisão transversal;Sem Vítimas;Pleno dia;Crescente;Nublado;Simples;Reta;Não;5;0;0;0;5;0;0;2;-12,855365;-39,87162;SPRF-BA;DEL03-BA;UOP02-DEL03-BA
701140;28/06/2025;sábado;17:40:00;RS;116;263;CANOAS;Condutor desrespeitou a iluminação vermelha do semáforo;Colisão transversal;Com Vítimas Feridas;Plena Noite;Decrescente;Chuva;Dupla;"Reta;Interseção de Vias";Sim;2;0;1;0;1;0;1;2;-29,90396141;-51,17700837;SPRF-RS;DEL01-RS;UOP01-DEL01-RS
701142;28/06/2025;sábado;18:05:00;SP;381;4;VARGEM;Ausência de reação do condutor;Colisão com objeto;Com Vítimas Feridas;Plena Noite;Crescente;Céu Claro;Múltipla;Curva;Não;2;0;2;0;0;0;2;1;-22,88355722;-46,4088048;SPRF-SP;DEL03-SP;UOP02-DEL03-SP
701145;28/06/2025;sábado;17:50:00;BA;116;438;FEIRA DE SANTANA;Afundamento ou ondulação no pavimento;Queda de ocupante de veículo;Com Vítimas Feridas;Anoitecer;Decrescente;Nublado;Dupla;Reta;Não;1;0;1;0;0;0;1;1;-12,33656842;-39,07257199;SPRF-BA;DEL02-BA;UOP01-DEL02-BA
701146;28/06/2025;sábado;15:20:00;RS;153;566;CACAPAVA DO SUL;Ausência de reação do condutor;Saída de leito carroçável;Com Vítimas Feridas;Pleno dia;Crescente;Nublado;Simples;Curva;Não;2;0;1;0;1;0;1;1;-30,56929;-53,640611;SPRF-RS;DEL11-RS;UOP03-DEL11-RS
701147;28/06/2025;sábado;18:20:00;MG;381;456,8;BELO HORIZONTE;Deficiência do Sistema de Iluminação/Sinalização;Atropelamento de Pedestre;Com Vítimas Feridas;Plena Noite;Crescente;Céu Claro;Múltipla;Reta;Sim;2;0;1;0;1;0;1;2;-19,84507477;-43,88690472;SPRF-MG;DEL01-MG;UOP01-DEL01-MG
701148;28/06/2025;sábado;16:15:00;RS;158;565,9;SANTANA DO LIVRAMENTO;Desrespeitar a preferência no cruzamento;Colisão transversal;Com Vítimas Feridas;Pleno dia;Crescente;Nublado;Simples;"Reta;Interseção de Vias";Sim;6;0;4;0;2;0;4;2;-30,87670734;-55,51067518;SPRF-RS;DEL11-RS;UOP01-DEL11-RS
701149;28/06/2025;sábado;18:35:00;TO;10;459,6;PALMAS;Ausência de reação do condutor;Tombamento;Com Vítimas Feridas;Anoitecer;Crescente;Céu Claro;Dupla;"Reta;Aclive";Sim;1;0;1;0;0;0;1;1;-10,26848;-48,306635;SPRF-TO;DEL01-TO;UOP03-DEL01-TO
701150;28/06/2025;sábado;18:30:00;PI;343;53,9;BURITI DOS LOPES;Acessar a via sem observar a presença dos outros veículos;Colisão transversal;Com Vítimas Feridas;Plena Noite;Crescente;Céu Claro;Simples;Reta;Não;2;0;1;0;1;0;1;2;-3,20979297;-41,82955384;SPRF-PI;DEL05-PI;UOP01-DEL05-PI
701151;28/06/2025;sábado;18:00:00;SC;101;207;SAO JOSE;Reação tardia ou ineficiente do condutor;Colisão lateral mesmo sentido;Com Vítimas Feridas;Anoitecer;Crescente;Chuva;Múltipla;"Curva;Aclive";Sim;3;0;1;0;2;0;1;2;-27,59604557;-48,6195487;SPRF-SC;DEL01-SC;UOP01-DEL01-SC
701152;28/06/2025;sábado;18:40:00;SP;116;218,5;GUARULHOS;Pedestre - Ingestão de álcool/ substâncias psicoativas;Atropelamento de Pedestre;Com Vítimas Feridas;Plena Noite;Decrescente;Nublado;Múltipla;Curva;Sim;5;0;0;1;1;3;1;3;-23,460858;-46,487062;SPRF-SP;DEL01-SP;UOP01-DEL01-SP
701153;28/06/2025;sábado;18:30:00;PB;101;63;SANTA RITA;Acumulo de água sobre o pavimento;Colisão com objeto;Com Vítimas Feridas;Plena Noite;Decrescente;Chuva;Dupla;Curva;Não;2;0;1;1;0;0;2;1;-7,029077;-35,058447;SPRF-PB;DEL01-PB;UOP03-DEL01-PB
701154;28/06/2025;sábado;17:45:00;TO;153;298;PRESIDENTE KENNEDY;Ingestão de álcool pelo condutor;Tombamento;Com Vítimas Feridas;Anoitecer;Crescente;Céu Claro;Simples;Reta;Não;1;0;0;1;0;0;1;1;-8,45606757;-48,48564426;SPRF-TO;DEL02-TO;UOP02-DEL02-TO
701155;28/06/2025;sábado;19:07:00;ES;101;256;SERRA;Acessar a via sem observar a presença dos outros veículos;Atropelamento de Pedestre;Com Vítimas Feridas;Plena Noite;Crescente;Céu Claro;Simples;Reta;Sim;3;0;2;0;1;0;2;2;-20,0488693;-40,3866778;SPRF-ES;DEL02-ES;UOP01-DEL02-ES
701156;28/06/2025;sábado;19:00:00;SC;101;191;BIGUACU;Reação tardia ou ineficiente do condutor;Colisão com objeto;Sem Vítimas;Plena Noite;Decrescente;Chuva;Dupla;Curva;Sim;3;0;0;0;3;0;0;1;-27,475088;-48,640731;SPRF-SC;DEL01-SC;UOP01-DEL01-SC
701158;28/06/2025;sábado;18:40:00;MG;262;118;RIO CASCA;Pedestre - Ingestão de álcool/ substâncias psicoativas;Colisão transversal;Com Vítimas Feridas;Plena Noite;Crescente;Céu Claro;Simples;Rotatória;Sim;2;0;0;1;1;0;1;2;-20,226563;-42,6411057;SPRF-MG;DEL03-MG;UOP03-DEL03-MG
701159;28/06/2025;sábado;16:50:00;BA;242;927;LUIS EDUARDO MAGALHAES;Reação tardia ou ineficiente do condutor;Saída de leito carroçável;Com Vítimas Feridas;Amanhecer;Crescente;Céu Claro;Simples;Reta;Não;1;0;0;1;0;0;1;1;-12,1118;-45,95144;SPRF-BA;DEL10-BA;UOP01-DEL10-BA
701160;28/06/2025;sábado;19:18:00;RJ;101;437;MANGARATIBA;Reação tardia ou ineficiente do condutor;Queda de ocupante de veículo;Com Vítimas Feridas;Plena Noite;Crescente;Céu Claro;Simples;Reta;Não;1;0;1;0;0;0;1;1;-22,9349556;-43,9992289;SPRF-RJ;DEL03-RJ;UOP02-DEL03-RJ
701161;28/06/2025;sábado;19:20:00;RS;116;267;CANOAS;Condutor deixou de manter distância do veículo da frente;Colisão lateral mesmo sentido;Sem Vítimas;Plena Noite;Decrescente;Chuva;Múltipla;Reta;Sim;2;0;0;0;2;0;0;2;-29,94028813;-51,17699636;SPRF-RS;DEL01-RS;UOP01-DEL01-RS
701162;28/06/2025;sábado;18:30:00;MT;70;6,2;BARRA DO GARCAS;Ingestão de álcool pelo condutor;Colisão com objeto;Com Vítimas Feridas;Plena Noite;Decrescente;Céu Claro;Dupla;Reta;Sim;1;0;1;0;0;0;1;1;-15,878117;-52,309663;SPRF-MT;DEL07-MT;UOP01-DEL07-MT
701163;28/06/2025;sábado;19:20:00;SP;488;1;APARECIDA;Deficiência do Sistema de Iluminação/Sinalização;Atropelamento de Pedestre;Com Vítimas Feridas;Plena Noite;Crescente;Céu Claro;Dupla;Reta;Sim;2;0;1;0;1;0;1;2;-22,85325987;-45,23225784;SPRF-SP;DEL08-SP;UOP01-DEL08-SP
701164;28/06/2025;sábado;19:35:00;RS;386;436;NOVA SANTA RITA;Acessar a via sem observar a presença dos outros veículos;Colisão lateral mesmo sentido;Com Vítimas Feridas;Plena Noite;Decrescente;Chuva;Dupla;Reta;Sim;2;0;1;0;1;0;1;2;-29,854;-51,264;SPRF-RS;DEL04-RS;UOP02-DEL04-RS
701165;28/06/2025;sábado;19:20:00;ES;101;262;SERRA;Acessar a via sem observar a presença dos outros veículos;Colisão traseira;Sem Vítimas;Plena Noite;Decrescente;Céu Claro;Dupla;Reta;Não;2;0;0;0;2;0;0;2;-20,160472;-40,275685;SPRF-ES;DEL02-ES;UOP01-DEL02-ES
701167;28/06/2025;sábado;17:20:00;SC;282;217;LAGES;Pedestre cruzava a pista fora da faixa;Atropelamento de Pedestre;Com Vítimas Feridas;Anoitecer;Crescente;Chuva;Dupla;Reta;Sim;2;0;1;0;1;0;1;2;-27,797677;-50,301115;SPRF-SC;DEL05-SC;UOP01-DEL05-SC
701169;28/06/2025;sábado;19:30:00;PI;343;265,9;CAMPO MAIOR;Ausência de reação do condutor;Colisão traseira;Sem Vítimas;Plena Noite;Crescente;Nublado;Simples;Reta;Sim;2;0;0;0;2;0;0;2;-4,83978429;-42,17342377;SPRF-PI;DEL01-PI;UOP03-DEL01-PI
701171;28/06/2025;sábado;19:34:00;RN;304;297;MACAIBA;Conversão proibida;Colisão transversal;Com Vítimas Feridas;Plena Noite;Crescente;Chuva;Dupla;Reta;Sim;2;0;0;1;1;0;1;2;-5,8644733;-35,34615962;SPRF-RN;DEL01-RN;UOP02-DEL01-RN
701174;28/06/2025;sábado;12:00:00;RJ;101;322;NITEROI;Demais falhas mecânicas ou elétricas;Incêndio;Sem Vítimas;Pleno dia;Decrescente;Céu Claro;Múltipla;Reta;Sim;1;0;0;0;1;0;0;1;-22,88300738;-43,11615612;SPRF-RJ;DEL02-RJ;UOP01-DEL02-RJ
701175;28/06/2025;sábado;19:30:00;RJ;40;114;DUQUE DE CAXIAS;Avarias e/ou desgaste excessivo no pneu;Queda de ocupante de veículo;Com Vítimas Feridas;Plena Noite;Decrescente;Céu Claro;Dupla;Reta;Sim;2;0;2;0;0;0;2;1;-22,71867455;-43,289596;SPRF-RJ;DEL01-RJ;UOP02-DEL01-RJ
701177;28/06/2025;sábado;19:20:00;MG;40;422,9;CURVELO;Acessar a via sem observar a presença dos outros veículos;Colisão transversal;Sem Vítimas;Plena Noite;Decrescente;Céu Claro;Dupla;Reta;Não;4;0;0;0;4;0;0;2;-19,15338748;-44,53734811;SPRF-MG;DEL02-MG;UOP01-DEL02-MG
701178;28/06/2025;sábado;19:28:00;DF;251;10;BRASILIA;Condutor deixou de manter distância do veículo da frente;Colisão traseira;Com Vítimas Feridas;Plena Noite;Crescente;Céu Claro;Simples;Reta;Não;2;0;1;0;1;0;1;2;-15,98191719;-47,57968426;SPRF-DF;DEL01-DF;UOP01-DEL01-DF
701180;28/06/2025;sábado;18:30:00;SC;282;225;LAGES;Chuva;Saída de leito carroçável;Sem Vítimas;Plena Noite;Decrescente;Chuva;Simples;"Reta;Aclive";Não;2;0;0;0;1;1;0;1;-27,79526957;-50,38312761;SPRF-SC;DEL05-SC;UOP02-DEL05-SC
701181;28/06/2025;sábado;20:30:00;RS;470;219;BENTO GONCALVES;Acumulo de água sobre o pavimento;Saída de leito carroçável;Com Vítimas Feridas;Plena Noite;Decrescente;Chuva;Dupla;"Aclive;Curva";Sim;1;0;1;0;0;0;1;1;-29,18887103;-51,52161789;SPRF-RS;DEL06-RS;UOP01-DEL06-RS
701182;28/06/2025;sábado;19:50:00;SC;280;54,7;GUARAMIRIM;Reação tardia ou ineficiente do condutor;Colisão com objeto;Sem Vítimas;Plena Noite;Decrescente;Chuva;Dupla;Reta;Não;1;0;0;0;1;0;0;1;-26,475483;-48,991994;SPRF-SC;DEL03-SC;UOP03-DEL03-SC
701184;05/06/2025;quinta-feira;05:56:00;SP;381;70;MAIRIPORA;Ausência de reação do condutor;Queda de ocupante de veículo;Com Vítimas Feridas;Amanhecer;Decrescente;Ignorado;Múltipla;"Declive;Curva";Sim;1;0;1;0;0;0;1;1;-23,34989393;-46,5602487;SPRF-SP;DEL03-SP;UOP01-DEL03-SP
701186;28/06/2025;sábado;19:05:00;CE;222;149,6;IRAUCUBA;Transitar na contramão;Colisão frontal;Com Vítimas Feridas;Plena Noite;Crescente;Garoa/Chuvisco;Simples;Reta;Sim;2;0;0;1;1;0;1;2;-3,74792637;-39,78934614;SPRF-CE;DEL04-CE;UOP03-DEL04-CE
701187;28/06/2025;sábado;18:30:00;MT;70;200;GENERAL CARNEIRO;Transitar na contramão;Colisão lateral sentido oposto;Com Vítimas Feridas;Plena Noite;Decrescente;Céu Claro;Simples;Reta;Não;5;0;2;2;1;0;4;2;-15,603653;-53,146747;SPRF-MT;DEL05-MT;UOP01-DEL05-MT
701188;22/06/2025;domingo;19:55:00;MG;153;6;ARAPORA;Manobra de mudança de faixa;Saída de leito carroçável;Com Vítimas Feridas;Pleno dia;Crescente;Céu Claro;Dupla;Reta;Não;2;0;2;0;0;0;2;1;-18,46317261;-49,18779946;SPRF-MG;DEL15-MG;UOP03-DEL15-MG
701190;28/06/2025;sábado;19:10:00;PA;316;244;CACHOEIRA DO PIRIA;Transitar no Acostamento;Colisão com objeto;Com Vítimas Fatais;Plena Noite;Crescente;Céu Claro;Simples;"Ponte;Reta";Sim;3;1;0;1;0;1;1;2;-1,75127;-46,556673;SPRF-PA;DEL01-PA;UOP04-DEL01-PA
701192;28/06/2025;sábado;21:30:00;SC;470;136;RIO DO SUL;Reação tardia ou ineficiente do condutor;Capotamento;Sem Vítimas;Plena Noite;Decrescente;Céu Claro;Simples;Reta;Não;1;0;0;0;1;0;0;1;-27,188366;-49,611742;SPRF-SC;DEL04-SC;UOP02-DEL04-SC
701193;28/06/2025;sábado;19:00:00;MT;174;298;PONTES E LACERDA;Animais na Pista;Atropelamento de Animal;Com Vítimas Feridas;Plena Noite;Decrescente;Céu Claro;Simples;Declive;Não;1;0;1;0;0;0;1;1;-15,16375769;-59,31699944;SPRF-MT;DEL04-MT;UOP01-DEL04-MT
701195;28/06/2025;sábado;21:45:00;RS;290;88;PORTO ALEGRE;Avarias e/ou desgaste excessivo no pneu;Colisão com objeto;Sem Vítimas;Plena Noite;Decrescente;Chuva;Múltipla;Reta;Sim;1;0;0;0;1;0;0;1;-29,96742713;-51,14144325;SPRF-RS;DEL01-RS;UOP01-DEL01-RS
701196;28/06/2025;sábado;21:57:00;SC;101;186;BIGUACU;Reação tardia ou ineficiente do condutor;Colisão com objeto;Com Vítimas Feridas;Plena Noite;Decrescente;Nublado;Dupla;Curva;Não;3;0;1;0;2;0;1;1;-27,440825;-48,627337;SPRF-SC;DEL01-SC;UOP01-DEL01-SC
701197;28/06/2025;sábado;21:20:00;MG;365;608;UBERLANDIA;Objeto estático sobre o leito carroçável;Colisão com objeto;Com Vítimas Feridas;Plena Noite;Crescente;Céu Claro;Dupla;Reta;Não;4;0;0;1;3;0;1;2;-18,90899098;-48,1687567;SPRF-MG;DEL15-MG;UOP01-DEL15-MG
701198;28/06/2025;sábado;15:30:00;PI;316;314;PICOS;Manobra de mudança de faixa;Colisão lateral mesmo sentido;Com Vítimas Feridas;Pleno dia;Crescente;Céu Claro;Simples;Reta;Sim;3;0;2;0;1;0;2;2;-7,077842;-41,441224;SPRF-PI;DEL04-PI;UOP01-DEL04-PI
701200;28/06/2025;sábado;21:30:00;TO;10;461;PALMAS;Ausência de reação do condutor;Saída de leito carroçável;Com Vítimas Fatais;Plena Noite;Crescente;Céu Claro;Múltipla;Reta;Sim;1;1;0;0;0;0;0;1;-10,2593664;-48,3108447;SPRF-TO;DEL01-TO;UOP03-DEL01-TO
701201;28/06/2025;sábado;22:10:00;SC;101;88;BARRA VELHA;Velocidade Incompatível;Capotamento;Com Vítimas Feridas;Plena Noite;Crescente;Nublado;Dupla;Viaduto;Sim;1;0;1;0;0;0;1;1;-26,65039732;-48,68701665;SPRF-SC;DEL03-SC;UOP02-DEL03-SC
701203;28/06/2025;sábado;21:40:00;PB;101;45;MAMANGUAPE;Ausência de reação do condutor;Saída de leito carroçável;Sem Vítimas;Plena Noite;Decrescente;Chuva;Dupla;Retorno Regulamentado;Não;1;0;0;0;0;1;0;1;-6,88199184;-35,13110071;SPRF-PB;DEL01-PB;UOP03-DEL01-PB
701204;28/06/2025;sábado;18:25:00;RN;405;76,5;APODI;Pedestre cruzava a pista fora da faixa;Atropelamento de Pedestre;Com Vítimas Feridas;Plena Noite;Crescente;Céu Claro;Dupla;Reta;Sim;2;0;1;1;0;0;2;2;-5,658392;-37,799147;SPRF-RN;DEL04-RN;UOP02-DEL04-RN