id;data_inversa;dia_semana;horario;uf;br;km;municipio;causa_acidente;tipo_acidente;classificacao_acidente;fase_dia;sentido_via;condicao_metereologica;tipo_pista;tracado_via;uso_solo;pessoas;mortos;feridos_leves;feridos_graves;ilesos;ignorados;feridos;veiculos;latitude;longitude;regional;delegacia;uop
701328;29/06/2025;domingo;12:05:00;BA;101;926;IBIRAPUA;Demais falhas na via;Colisão frontal;Com Vítimas Feridas;Pleno dia;Crescente;Céu Claro;Simples;Reta;Não;4;0;0;2;2;0;2;2;-17,79622073;-39,78044128;SPRF-BA;DEL09-BA;UOP02-DEL09-BA
701330;29/06/2025;domingo;14:35:00;ES;101;292;CARIACICA;Ingestão de álcool pelo condutor;Colisão traseira;Com Vítimas Feridas;Pleno dia;Crescente;Sol;Dupla;"Declive;Reta";Sim;2;0;1;0;1;0;1;2;-20,306112;-40,395107;SPRF-ES;DEL01-ES;UOP01-DEL01-ES
701331;29/06/2025;domingo;11:00:00;RJ;465;19;NOVA IGUACU;Conversão proibida;Colisão lateral mesmo sentido;Com Vítimas Feridas;Pleno dia;Decrescente;Céu Claro;Simples;Reta;Sim;2;0;1;0;1;0;1;2;-22,84036522;-43,60988013;SPRF-RJ;DEL06-RJ;UOP02-DEL06-RJ
701333;29/06/2025;domingo;12:45:00;BA;116;11;VITORIA DA CONQUISTA;Acessar a via sem observar a presença dos outros veículos;Colisão transversal;Com Vítimas Feridas;Pleno dia;Crescente;Céu Claro;Simples;Reta;Sim;3;0;1;0;2;0;1;2;-14,873432;-40,871456;SPRF-BA;DEL08-BA;UOP01-DEL08-BA
701334;29/03/2025;sábado;10:00:00;GO;70;6,2;AGUAS LINDAS DE GOIAS;Reação tardia ou ineficiente do condutor;Colisão traseira;Com Vítimas Feridas;Pleno dia;Decrescente;Céu Claro;Múltipla;Reta;Sim;3;0;0;1;2;0;1;3;-15,747012;-48,26488;SPRF-DF;DEL03-DF;UOP02-DEL03-DF
701335;29/06/2025;domingo;13:20:00;BA;324;618;SALVADOR;Pedestre andava na pista;Atropelamento de Pedestre;Com Vítimas Feridas;Pleno dia;Crescente;Céu Claro;Múltipla;Reta;Sim;3;0;0;1;2;0;1;3;-12,895682;-38,44861603;SPRF-BA;DEL01-BA;UOP01-DEL01-BA
701337;29/06/2025;domingo;14:30:00;ES;101;77,9;SAO MATEUS;Acessar a via sem observar a presença dos outros veículos;Colisão lateral sentido oposto;Com Vítimas Feridas;Pleno dia;Decrescente;Céu Claro;Simples;Reta;Não;4;0;1;1;2;0;2;2;-18,806228;-39,895135;SPRF-ES;DEL04-ES;UOP02-DEL04-ES
701341;29/06/2025;domingo;14:20:00;SC;101;332;TUBARAO;Manobra de mudança de faixa;Colisão transversal;Com Vítimas Feridas;Pleno dia;Crescente;Céu Claro;Dupla;Rotatória;Sim;2;0;1;0;1;0;1;2;-28,465731;-48,995934;SPRF-SC;DEL02-SC;UOP01-DEL02-SC
701342;29/06/2025;domingo;12:45:00;SC;101;316,3;PESCARIA BRAVA;Ausência de reação do condutor;Colisão com objeto;Com Vítimas Feridas;Pleno dia;Crescente;Nublado;Dupla;"Declive;Curva";Não;4;0;3;0;1;0;3;1;-28,42653361;-48,86080384;SPRF-SC;DEL02-SC;UOP01-DEL02-SC
701343;29/06/2025;domingo;14:30:00;MG;381;352;JOAO MONLEVADE;Acessar a via sem observar a presença dos outros veículos;Colisão transversal;Com Vítimas Feridas;Pleno dia;Decrescente;Céu Claro;Simples;"Interseção de Vias;Reta";Sim;5;0;1;0;4;0;1;2;-19,842;-43,199;SPRF-MG;DEL03-MG;UOP01-DEL03-MG
701344;29/06/2025;domingo;15:10:00;PR;116;152,6;MANDIRITUBA;Acessar a via sem observar a presença dos outros veículos;Colisão transversal;Sem Vítimas;Pleno dia;Crescente;Céu Claro;Dupla;Rotatória;Não;2;0;0;0;2;0;0;2;-25,86272;-49,362098;SPRF-PR;DEL01-PR;UOP03-DEL01-PR
701345;29/06/2025;domingo;15:10:00;RS;448;9,8;CANOAS;Velocidade Incompatível;Saída de leito carroçável;Com Vítimas Feridas;Pleno dia;Decrescente;Garoa/Chuvisco;Dupla;"Viaduto;Curva;Retorno Regulamentado;Declive";Não;1;0;1;0;0;0;1;1;-29,88187469;-51,23430035;SPRF-RS;DEL01-RS;UOP01-DEL01-RS
701346;29/06/2025;domingo;15:00:00;RJ;101;303;SAO GONCALO;Demais falhas mecânicas ou elétricas;Tombamento;Com Vítimas Feridas;Pleno dia;Decrescente;Céu Claro;Dupla;Reta;Sim;2;0;1;0;1;0;1;1;-22,78282893;-42,97473907;SPRF-RJ;DEL02-RJ;UOP02-DEL02-RJ
701347;29/06/2025;domingo;13:15:00;PA;230;618;VITORIA DO XINGU;Reação tardia ou ineficiente do condutor;Capotamento;Sem Vítimas;Pleno dia;Crescente;Sol;Simples;"Reta;Declive";Não;2;0;0;0;0;2;0;2;-3,17128962;-52,12664008;SPRF-PA;DEL04-PA;UOP01-DEL04-PA
701348;29/06/2025;domingo;14:30:00;RO;364;430;JARU;Acessar a via sem observar a presença dos outros veículos;Colisão transversal;Com Vítimas Feridas;Pleno dia;Decrescente;Céu Claro;Simples;Interseção de Vias;Não;2;0;0;1;1;0;1;2;-10,40657991;-62,51642346;SPRF-RO;DEL03-RO;UOP02-DEL03-RO
701349;29/06/2025;domingo;16:12:00;BA;324;615;SALVADOR;Manobra de mudança de faixa;Colisão traseira;Com Vítimas Feridas;Pleno dia;Crescente;Sol;Múltipla;Reta;Sim;3;0;1;0;2;0;1;2;-12,880171;-38,432438;SPRF-BA;DEL01-BA;UOP01-DEL01-BA
701351;29/06/2025;domingo;15:10:00;MG;116;690,9;MURIAE;Demais falhas mecânicas ou elétricas;Incêndio;Sem Vítimas;Pleno dia;Decrescente;Céu Claro;Simples;Curva;Não;1;0;0;0;1;0;0;1;-21,030356;-42,365397;SPRF-MG;DEL07-MG;UOP02-DEL07-MG
701352;29/06/2025;domingo;15:50:00;MG;262;173;SAO DOMINGOS DO PRATA;Ausência de reação do condutor;Colisão traseira;Com Vítimas Feridas;Pleno dia;Crescente;Céu Claro;Simples;Reta;Não;6;0;1;0;5;0;1;2;-19,96044136;-42,92495728;SPRF-MG;DEL03-MG;UOP01-DEL03-MG
701353;29/06/2025;domingo;16:20:00;RJ;40;113;DUQUE DE CAXIAS;Reação tardia ou ineficiente do condutor;Colisão lateral mesmo sentido;Com Vítimas Feridas;Pleno dia;Crescente;Sol;Múltipla;"Declive;Reta";Sim;5;0;2;0;2;1;2;3;-22,71798292;-43,28988254;SPRF-RJ;DEL01-RJ;UOP02-DEL01-RJ
701354;29/06/2025;domingo;16:40:00;SC;282;227;LAGES;Reação tardia ou ineficiente do condutor;Saída de leito carroçável;Sem Vítimas;Pleno dia;Crescente;Chuva;Simples;Reta;Não;2;0;0;0;2;0;0;1;-27,79575249;-50,39915794;SPRF-SC;DEL05-SC;UOP02-DEL05-SC
701355;29/06/2025;domingo;12:10:00;MG;153;87;PRATA;Ausência de reação do condutor;Tombamento;Com Vítimas Feridas;Pleno dia;Crescente;Céu Claro;Simples;Curva;Não;1;0;1;0;0;0;1;1;-19,125611;-48,9666894;SPRF-MG;DEL15-MG;UOP03-DEL15-MG
701356;29/06/2025;domingo;16:10:00;MG;153;28;CENTRALINA;Velocidade Incompatível;Saída de leito carroçável;Com Vítimas Feridas;Pleno dia;Decrescente;Céu Claro;Dupla;Reta;Não;2;0;2;0;0;0;2;1;-18,6617393;-49,1662433;SPRF-MG;DEL15-MG;UOP03-DEL15-MG
701357;29/06/2025;domingo;17:00:00;ES;101;266;SERRA;Ausência de reação do condutor;Colisão traseira;Com Vítimas Feridas;Pleno dia;Decrescente;Céu Claro;Múltipla;Reta;Não;2;0;1;0;1;0;1;2;-20,19649061;-40,26859313;SPRF-ES;DEL02-ES;UOP01-DEL02-ES
701358;29/06/2025;domingo;16:45:00;MG;40;569;NOVA LIMA;Manobra de mudança de faixa;Tombamento;Com Vítimas Feridas;Pleno dia;Decrescente;Céu Claro;Simples;Declive;Não;2;0;0;1;0;1;1;2;-20,212657;-43,972579;SPRF-MG;DEL01-MG;UOP02-DEL01-MG
701359;29/06/2025;domingo;17:05:00;PB;101;90;JOAO PESSOA;Acessar a via sem observar a presença dos outros veículos;Colisão transversal;Com Vítimas Feridas;Pleno dia;Crescente;Nublado;Simples;Reta;Sim;2;0;1;0;1;0;1;2;-7,1639928;-34,86326355;SPRF-PB;DEL01-PB;UOP01-DEL01-PB
701360;29/06/2025;domingo;11:30:00;SC;101;449;SANTA ROSA DO SUL;Acumulo de óleo sobre o pavimento;Tombamento;Com Vítimas Feridas;Pleno dia;Decrescente;Nublado;Simples;"Reta;Viaduto;Retorno Regulamentado";Sim;1;0;1;0;0;0;1;1;-29,1671791;-49,74445995;SPRF-SC;DEL02-SC;UOP02-DEL02-SC
701365;29/06/2025;domingo;17:08:00;SE;101;89;NOSSA SENHORA DO SOCORRO;Ingestão de álcool pelo condutor;Colisão traseira;Com Vítimas Feridas;Anoitecer;Decrescente;Ignorado;Dupla;"Aclive;Viaduto;Reta";Não;3;0;1;0;2;0;1;2;-10,8614204;-37,1344027;SPRF-SE;DEL01-SE;UOP01-DEL01-SE
701366;29/06/2025;domingo;16:55:00;RN;101;75;SAO GONCALO DO AMARANTE;Transtornos Mentais (exceto suicidio);Queda de ocupante de veículo;Com Vítimas Feridas;Pleno dia;Crescente;Céu Claro;Simples;Rotatória;Não;2;0;1;0;1;0;1;1;-5,72154883;-35,27662575;SPRF-RN;DEL02-RN;UOP01-DEL02-RN
701368;29/06/2025;domingo;16:00:00;GO;80;45;PADRE BERNARDO;Ingestão de álcool pelo condutor;Colisão frontal;Com Vítimas Feridas;Pleno dia;Decrescente;Céu Claro;Simples;"Declive;Reta";Sim;2;0;1;0;1;0;1;2;-15,182075;-48,284693;SPRF-DF;DEL03-DF;UOP02-DEL03-DF
701369;29/06/2025;domingo;16:30:00;SP;116;335;JUQUITIBA;Ingestão de álcool pelo condutor;Atropelamento de Pedestre;Com Vítimas Fatais;Anoitecer;Crescente;Sol;Dupla;Reta;Não;2;1;0;0;1;0;0;2;-23,97025254;-47,13457411;SPRF-SP;DEL04-SP;UOP03-DEL04-SP
701371;29/06/2025;domingo;16:20:00;SP;116;444;REGISTRO;Ausência de reação do condutor;Colisão transversal;Com Vítimas Feridas;Pleno dia;Decrescente;Céu Claro;Múltipla;Reta;Sim;3;0;2;0;1;0;2;2;-24,49699011;-47,84108162;SPRF-SP;DEL05-SP;UOP01-DEL05-SP
701372;29/06/2025;domingo;14:10:00;SC;101;151;ITAPEMA;Suicídio (presumido);Colisão traseira;Sem Vítimas;Pleno dia;Decrescente;Céu Claro;Dupla;Reta;Não;2;0;0;0;2;0;0;2;-27,065951;-48,5955651;SPRF-SC;DEL04-SC;UOP03-DEL04-SC
701373;29/06/2025;domingo;17:25:00;MG;50;54;ARAGUARI;Ausência de reação do condutor;Colisão traseira;Com Vítimas Feridas;Plena Noite;Crescente;Céu Claro;Dupla;"Declive;Reta";Não;2;0;0;1;1;0;1;2;-18,768418;-48,245339;SPRF-MG;DEL15-MG;UOP02-DEL15-MG
701374;29/06/2025;domingo;17:00:00;BA;242;826;BARREIRAS;Reação tardia ou ineficiente do condutor;Saída de leito carroçável;Sem Vítimas;Pleno dia;Crescente;Céu Claro;Dupla;"Curva;Aclive";Não;1;0;0;0;1;0;0;1;-12,11837;-45,045856;SPRF-BA;DEL10-BA;UOP01-DEL10-BA
701375;29/06/2025;domingo;17:00:00;MG;40;510;RIBEIRAO DAS NEVES;Velocidade Incompatível;Colisão traseira;Com Vítimas Feridas;Plena Noite;Crescente;Céu Claro;Dupla;Reta;Não;2;0;1;0;1;0;1;2;-19,77639606;-44,12246704;SPRF-MG;DEL01-MG;UOP02-DEL01-MG
701376;29/06/2025;domingo;13:50:00;SP;153;208;GUAIMBE;Demais falhas mecânicas ou elétricas;Incêndio;Sem Vítimas;Pleno dia;Decrescente;Céu Claro;Simples;Reta;Não;1;0;0;0;1;0;0;1;-21,891859;-49,910266;SPRF-SP;DEL07-SP;UOP01-DEL07-SP
701377;29/06/2025;domingo;17:15:00;PR;277;452,1;LARANJEIRAS DO SUL;Acessar a via sem observar a presença dos outros veículos;Colisão transversal;Com Vítimas Feridas;Anoitecer;Decrescente;Nublado;Simples;"Reta;Interseção de Vias";Sim;4;0;1;0;3;0;1;3;-25,37839474;-52,3963412;SPRF-PR;DEL04-PR;UOP02-DEL04-PR
701378;29/06/2025;domingo;17:10:00;PR;369;91,5;CORNELIO PROCOPIO;Ausência de reação do condutor;Saída de leito carroçável;Com Vítimas Feridas;Anoitecer;Decrescente;Céu Claro;Dupla;Curva;Não;3;0;2;1;0;0;3;1;-23,2057372;-50,6551665;SPRF-PR;DEL07-PR;UOP05-DEL07-PR
701379;29/06/2025;domingo;16:50:00;BA;324;533;CONCEICAO DO JACUIPE;Ausência de reação do condutor;Colisão traseira;Com Vítimas Feridas;Pleno dia;Decrescente;Chuva;Dupla;Reta;Não;2;0;1;0;1;0;1;2;-12,355816;-38,829779;SPRF-BA;DEL01-BA;UOP03-DEL01-BA
701381;29/06/2025;domingo;17:08:00;MA;226;2,4;TIMON;Acessar a via sem observar a presença dos outros veículos;Colisão transversal;Com Vítimas Feridas;Pleno dia;Decrescente;Céu Claro;Simples;Reta;Sim;4;0;0;1;3;0;1;2;-5,1362048;-42,836121;SPRF-MA;DEL03-MA;UOP02-DEL03-MA
701382;29/06/2025;domingo;16:50:00;SC;153;103,1;CONCORDIA;Ingestão de álcool pelo condutor;Saída de leito carroçável;Com Vítimas Feridas;Pleno dia;Decrescente;Garoa/Chuvisco;Simples;Curva;Não;1;0;1;0;0;0;1;1;-27,29925001;-51,9790408;SPRF-SC;DEL07-SC;UOP04-DEL07-SC
701384;29/06/2025;domingo;17:45:00;PR;373;178,5;PONTA GROSSA;Ausência de reação do condutor;Saída de leito carroçável;Com Vítimas Feridas;Anoitecer;Decrescente;Garoa/Chuvisco;Dupla;Reta;Sim;1;0;0;1;0;0;1;1;-25,053493;-50,23135;SPRF-PR;DEL03-PR;UOP01-DEL03-PR
701387;29/06/2025;domingo;18:45:00;PB;101;86,6;JOAO PESSOA;Condutor deixou de manter distância do veículo da frente;Colisão traseira;Com Vítimas Feridas;Plena Noite;Crescente;Chuva;Dupla;Reta;Sim;2;0;1;0;1;0;1;2;-7,15336472;-34,90810633;SPRF-PB;DEL01-PB;UOP01-DEL01-PB
701388;29/06/2025;domingo;18:55:00;ES;101;264,9;SERRA;Condutor desrespeitou a iluminação vermelha do semáforo;Atropelamento de Pedestre;Com Vítimas Feridas;Plena Noite;Crescente;Céu Claro;Múltipla;Reta;Sim;2;0;1;0;1;0;1;2;-20,1822104;-40,2656856;SPRF-ES;DEL02-ES;UOP01-DEL02-ES
701390;29/06/2025;domingo;18:15:00;SP;116;146,8;SAO JOSE DOS CAMPOS;Manobra de mudança de faixa;Colisão com objeto;Com Vítimas Feridas;Plena Noite;Crescente;Céu Claro;Dupla;"Aclive;Reta";Não;1;0;1;0;0;0;1;1;-23,19285;-45,86670642;SPRF-SP;DEL02-SP;UOP01-DEL02-SP
701391;29/06/2025;domingo;19:00:00;ES;101;267,9;SERRA;Ausência de reação do condutor;Colisão traseira;Com Vítimas Feridas;Plena Noite;Crescente;Céu Claro;Dupla;Reta;Não;2;0;1;0;0;1;1;2;-20,205374;-40,269542;SPRF-ES;DEL02-ES;UOP01-DEL02-ES
701392;29/06/2025;domingo;19:00:00;BA;324;476;TANQUINHO;Acessar a via sem observar a presença dos outros veículos;Colisão transversal;Com Vítimas Feridas;Plena Noite;Crescente;Céu Claro;Simples;"Reta;Aclive";Sim;3;0;3;0;0;0;3;2;-11,98249;-39,08911;SPRF-BA;DEL02-BA;UOP01-DEL02-BA
701394;29/06/2025;domingo;18:00:00;ES;101;305,7;VIANA;Ausência de reação do condutor;Atropelamento de Pedestre;Com Vítimas Feridas;Plena Noite;Decrescente;Céu Claro;Dupla;Reta;Não;2;0;0;1;0;1;1;2;-20,39097441;-40,46310425;SPRF-ES;DEL01-ES;UOP01-DEL01-ES
701395;29/06/2025;domingo;17:20:00;MS;163;265;DOURADOS;Demais falhas mecânicas ou elétricas;Saída de leito carroçável;Com Vítimas Feridas;Anoitecer;Crescente;Céu Claro;Dupla;Reta;Não;1;0;0;1;0;0;1;1;-22,22248892;-54,72860813;SPRF-MS;DEL04-MS;UOP01-DEL04-MS
701396;29/06/2025;domingo;19:10:00;SC;101;113,1;ITAJAI;Manobra de mudança de faixa;Colisão lateral mesmo sentido;Com Vítimas Feridas;Plena Noite;Decrescente;Nublado;Dupla;"Reta;Retorno Regulamentado";Sim;3;0;2;0;1;0;2;2;-26,85444571;-48,72714816;SPRF-SC;DEL04-SC;UOP04-DEL04-SC
701397;29/06/2025;domingo;19:35:00;PE;101;77,5;RECIFE;Reação tardia ou ineficiente do condutor;Colisão lateral mesmo sentido;Com Vítimas Feridas;Plena Noite;Crescente;Chuva;Dupla;"Reta;Retorno Regulamentado";Sim;3;0;2;0;0;1;2;2;-8,13124;-34,945105;SPRF-PE;DEL01-PE;UOP01-DEL01-PE
701398;29/06/2025;domingo;17:40:00;PR;277;330;GUARAPUAVA;Reação tardia ou ineficiente do condutor;Saída de leito carroçável;Com Vítimas Feridas;Pleno dia;Crescente;Céu Claro;Simples;Curva;Sim;2;0;0;2;0;0;2;1;-25,352331;-51,367664;SPRF-PR;DEL08-PR;UOP01-DEL08-PR
701399;29/06/2025;domingo;19:00:00;SE;101;56;ROSARIO DO CATETE;Transitar na contramão;Colisão frontal;Com Vítimas Feridas;Plena Noite;Crescente;Chuva;Simples;Aclive;Não;2;0;0;1;0;1;1;2;-10,64314715;-37,01714516;SPRF-SE;DEL02-SE;UOP02-DEL02-SE
701400;29/06/2025;domingo;19:00:00;RJ;101;232;SILVA JARDIM;Condutor deixou de manter distância do veículo da frente;Colisão traseira;Com Vítimas Feridas;Plena Noite;Crescente;Céu Claro;Dupla;Reta;Não;3;0;0;2;1;0;2;2;-22,589385;-42,385703;SPRF-RJ;DEL02-RJ;UOP03-DEL02-RJ
701401;29/06/2025;domingo;19:45:00;PE;116;24,3;SALGUEIRO;Ingestão de álcool pelo condutor;Colisão traseira;Sem Vítimas;Plena Noite;Decrescente;Nublado;Simples;Reta;Não;6;0;0;0;6;0;0;2;-8,0699197;-39,1231119;SPRF-PE;DEL05-PE;UOP01-DEL05-PE
701402;29/06/2025;domingo;20:10:00;ES;101;269,1;SERRA;Ausência de reação do condutor;Colisão traseira;Com Vítimas Feridas;Plena Noite;Crescente;Céu Claro;Dupla;Interseção de Vias;Sim;2;0;1;0;1;0;1;2;-20,04887489;-40,38651095;SPRF-ES;DEL02-ES;UOP01-DEL02-ES
701403;09/05/2025;sexta-feira;07:00:00;MG;381;562,7;LAVRAS;Ausência de reação do condutor;Tombamento;Sem Vítimas;Pleno dia;Crescente;Céu Claro;Dupla;Reta;Não;1;0;0;0;0;1;0;1;-21,2402176;-45,0002944;SPRF-MG;DEL04-MG;UOP03-DEL04-MG
701404;29/06/2025;domingo;19:43:00;RN;101;116;SAO JOSE DE MIPIBU;Ausência de reação do condutor;Saída de leito carroçável;Com Vítimas Feridas;Plena Noite;Crescente;Céu Claro;Dupla;Reta;Não;1;0;0;1;0;0;1;1;-6,00001048;-35,26020739;SPRF-RN;DEL01-RN;UOP01-DEL01-RN
701405;29/06/2025;domingo;19:20:00;PB;230;6,5;CABEDELO;Animais na Pista;Atropelamento de Animal;Com Vítimas Feridas;Plena Noite;Crescente;Chuva;Dupla;Reta;Sim;1;0;0;1;0;0;1;1;-7,025;-34,838;SPRF-PB;DEL01-PB;UOP01-DEL01-PB
701406;29/06/2025;domingo;18:15:00;RJ;493;108;SEROPEDICA;Animais na Pista;Atropelamento de Animal;Com Vítimas Feridas;Plena Noite;Crescente;Céu Claro;Dupla;Reta;Não;2;0;2;0;0;0;2;1;-22,79506697;-43,78412247;SPRF-RJ;DEL01-RJ;UOP03-DEL01-RJ
701407;29/06/2025;domingo;18:30:00;MT;364;198;RONDONOPOLIS;Ingestão de álcool pelo condutor;Colisão traseira;Com Vítimas Fatais;Plena Noite;Crescente;Céu Claro;Simples;Reta;Sim;3;1;1;0;0;1;1;2;-16,50752864;-54,62089062;SPRF-MT;DEL02-MT;UOP01-DEL02-MT
701409;29/06/2025;domingo;15:50:00;RJ;493;58;DUQUE DE CAXIAS;Manobra de mudança de faixa;Capotamento;Com Vítimas Feridas;Pleno dia;Decrescente;Céu Claro;Dupla;Reta;Não;6;0;6;0;0;0;6;1;-22,66429214;-43,36526267;SPRF-RJ;DEL01-RJ;UOP03-DEL01-RJ
701411;13/06/2025;sexta-feira;10:30:00;PR;476;71;BOCAIUVA DO SUL;Ultrapassagem Indevida;Colisão transversal;Com Vítimas Feridas;Pleno dia;Crescente;Céu Claro;Simples;Reta;Não;4;0;2;1;1;0;3;2;-25,07674046;-49,08772799;SPRF-PR;DEL01-PR;UOP01-DEL01-PR
701414;29/06/2025;domingo;20:30:00;MA;135;7;SAO LUIS;Ingestão de álcool pelo condutor;Saída de leito carroçável;Sem Vítimas;Plena Noite;Decrescente;Chuva;Dupla;Rotatória;Sim;1;0;0;0;0;1;0;1;-2,6400466;-44,2710849;SPRF-MA;DEL01-MA;UOP01-DEL01-MA
701415;29/06/2025;domingo;19:20:00;RJ;101;542;PARATY;Transitar na contramão;Colisão frontal;Com Vítimas Feridas;Plena Noite;Crescente;Céu Claro;Simples;Curva;Não;2;0;2;0;0;0;2;2;-23,0462877;-44,59929943;SPRF-RJ;DEL03-RJ;UOP04-DEL03-RJ
701416;29/06/2025;domingo;16:15:00;RJ;101;310;SAO GONCALO;Animais na Pista;Atropelamento de Animal;Com Vítimas Fatais;Pleno dia;Crescente;Céu Claro;Dupla;Reta;Sim;5;1;1;0;3;0;1;2;-22,79578653;-43,03945541;SPRF-RJ;DEL02-RJ;UOP02-DEL02-RJ
701417;29/06/2025;domingo;17:30:00;RS;158;162,7;PANAMBI;Ausência de reação do condutor;Saída de leito carroçável;Com Vítimas Feridas;Anoitecer;Decrescente;Garoa/Chuvisco;Simples;Reta;Não;1;0;1;0;0;0;1;1;-28,38018346;-53,51413473;SPRF-RS;DEL10-RS;UOP02-DEL10-RS
701418;29/06/2025;domingo;18:20:00;RJ;101;410;ITAGUAI;Transitar no Acostamento;Atropelamento de Pedestre;Com Vítimas Fatais;Plena Noite;Decrescente;Céu Claro;Dupla;Reta;Sim;4;1;1;0;1;1;1;2;-22,893442;-43,844407;SPRF-RJ;DEL03-RJ;UOP01-DEL03-RJ
701420;29/06/2025;domingo;20:15:00;PR;277;182;PALMEIRA;Ausência de reação do condutor;Saída de leito carroçável;Sem Vítimas;Plena Noite;Crescente;Nublado;Simples;Reta;Não;2;0;0;0;2;0;0;1;-25,434221;-50,049864;SPRF-PR;DEL08-PR;UOP02-DEL08-PR
701421;29/06/2025;domingo;18:30:00;GO;70;410;MONTES CLAROS DE GOIAS;Condutor Dormindo;Colisão frontal;Com Vítimas Feridas;Anoitecer;Decrescente;Céu Claro;Simples;"Aclive;Reta";Não;6;0;5;1;0;0;6;2;-15,88786928;-51,70681973;SPRF-GO;DEL04-GO;UOP02-DEL04-GO
701422;29/06/2025;domingo;19:00:00;MS;163;158;JUTI;Ausência de reação do condutor;Colisão traseira;Com Vítimas Feridas;Plena Noite;Crescente;Nublado;Simples;Reta;Não;7;0;1;0;6;0;1;2;-22,92835786;-54,48085785;SPRF-MS;DEL09-MS;UOP01-DEL09-MS
701423;29/06/2025;domingo;21:10:00;RJ;101;480;ANGRA DOS REIS;Velocidade Incompatível;Queda de ocupante de veículo;Com Vítimas Feridas;Plena Noite;Decrescente;Céu Claro;Simples;Reta;Não;1;0;1;0;0;0;1;1;-23,013572;-44,284071;SPRF-RJ;DEL03-RJ;UOP03-DEL03-RJ
701425;29/06/2025;domingo;18:50:00;RO;421;43;MONTE NEGRO;Ingestão de álcool pelo condutor;Tombamento;Com Vítimas Feridas;Plena Noite;Decrescente;Céu Claro;Simples;Curva;Não;1;0;0;1;0;0;1;1;-10,224033;-63,250329;SPRF-RO;DEL03-RO;UOP01-DEL03-RO
701427;29/06/2025;domingo;21:00:00;RO;364;688;CANDEIAS DO JAMARI;Transitar no Acostamento;Colisão transversal;Com Vítimas Feridas;Plena Noite;Crescente;Céu Claro;Simples;Reta;Não;3;0;1;0;2;0;1;2;-8,79350968;-63,66238578;SPRF-RO;DEL01-RO;UOP01-DEL01-RO
701428;29/06/2025;domingo;22:00:00;SC;101;397;MARACAJA;Avarias e/ou desgaste excessivo no pneu;Tombamento;Com Vítimas Feridas;Plena Noite;Decrescente;Céu Claro;Múltipla;Reta;Não;1;0;0;1;0;0;1;1;-28,84060865;-49,42623345;SPRF-SC;DEL02-SC;UOP02-DEL02-SC
701429;29/06/2025;domingo;20:00:00;MG;365;432;PATOS DE MINAS;Reação tardia ou ineficiente do condutor;Colisão transversal;Com Vítimas Fatais;Plena Noite;Crescente;Céu Claro;Simples;Interseção de Vias;Não;5;1;0;1;3;0;1;2;-18,7589;-46,6637;SPRF-MG;DEL10-MG;UOP01-DEL10-MG
701431;29/06/2025;domingo;22:00:00;PB;101;31,7;RIO TINTO;Velocidade Incompatível;Tombamento;Com Vítimas Feridas;Plena Noite;Crescente;Chuva;Dupla;Reta;Não;2;0;0;2;0;0;2;1;-6,763839;-35,133743;SPRF-PB;DEL01-PB;UOP03-DEL01-PB
701432;29/06/2025;domingo;21:00:00;MG;262;775;UBERABA;Reação tardia ou ineficiente do condutor;Saída de leito carroçável;Sem Vítimas;Plena Noite;Crescente;Céu Claro;Simples;Reta;Não;1;0;0;0;1;0;0;1;-19,72983637;-47,73163676;SPRF-MG;DEL13-MG;UOP01-DEL13-MG
701433;29/06/2025;domingo;20:30:00;PR;163;9,5;BARRACAO;Velocidade Incompatível;Colisão transversal;Com Vítimas Feridas;Plena Noite;Crescente;Céu Claro;Simples;Interseção de Vias;Sim;2;0;0;1;1;0;1;2;-26,2515533;-53,6360556;SPRF-PR;DEL02-PR;UOP02-DEL02-PR
701434;29/06/2025;domingo;20:40:00;MG;40;811,9;MATIAS BARBOSA;Acessar a via sem observar a presença dos outros veículos;Colisão traseira;Com Vítimas Fatais;Plena Noite;Decrescente;Nublado;Dupla;Aclive;Não;3;1;0;1;0;1;1;3;-21,886;-43,322;SPRF-MG;DEL05-MG;UOP01-DEL05-MG
701435;29/06/2025;domingo;22:20:00;MA;10;252;IMPERATRIZ;Reação tardia ou ineficiente do condutor;Colisão lateral mesmo sentido;Sem Vítimas;Plena Noite;Decrescente;Céu Claro;Simples;Reta;Não;5;0;0;0;5;0;0;2;-5,5317;-47,47165;SPRF-MA;DEL04-MA;UOP01-DEL04-MA
701436;29/06/2025;domingo;21:40:00;MT;364;19;ALTO ARAGUAIA;Animais na Pista;Atropelamento de Animal;Com Vítimas Feridas;Plena Noite;Decrescente;Nublado;Simples;"Declive;Reta";Não;2;0;0;1;1;0;1;1;-17,21370286;-53,33822191;SPRF-MT;DEL02-MT;UOP02-DEL02-MT
701437;29/06/2025;domingo;21:35:00;PB;361;3,6;PATOS;Acessar a via sem observar a presença dos outros veículos;Colisão frontal;Com Vítimas Feridas;Pleno dia;Crescente;Céu Claro;Simples;Reta;Não;2;0;1;0;1;0;1;2;-7,03114;-37,290348;SPRF-PB;DEL03-PB;UOP01-DEL03-PB
701438;29/06/2025;domingo;21:30:00;PI;222;118;BATALHA;Ingestão de álcool pelo condutor;Colisão com objeto;Com Vítimas Fatais;Plena Noite;Crescente;Nublado;Simples;Reta;Não;2;1;0;0;0;1;0;2;-4,085015;-42,064488;SPRF-PI;DEL02-PI;UOP01-DEL02-PI