id;data_inversa;dia_semana;horario;uf;br;km;municipio;causa_acidente;tipo_acidente;classificacao_acidente;fase_dia;sentido_via;condicao_metereologica;tipo_pista;tracado_via;uso_solo;pessoas;mortos;feridos_leves;feridos_graves;ilesos;ignorados;feridos;veiculos;latitude;longitude;regional;delegacia;uop
702087;02/07/2025;quarta-feira;18:00:00;MS;163;416,8;NOVA ALVORADA DO SUL;Conversão proibida;Colisão transversal;Sem Vítimas;Plena Noite;Crescente;Céu Claro;Simples;"Reta;Aclive";Não;3;0;0;0;3;0;0;2;-21,01942729;-54,50664997;SPRF-MS;DEL02-MS;UOP01-DEL02-MS
702089;02/07/2025;quarta-feira;20:44:00;MG;40;510;RIBEIRAO DAS NEVES;Ausência de reação do condutor;Colisão traseira;Com Vítimas Feridas;Plena Noite;Crescente;Céu Claro;Dupla;"Reta;Aclive";Não;2;0;1;0;1;0;1;2;-19,78378378;-44,11747686;SPRF-MG;DEL01-MG;UOP02-DEL01-MG
702090;02/07/2025;quarta-feira;21:45:00;SP;116;77,3;ROSEIRA;Ausência de reação do condutor;Colisão traseira;Com Vítimas Feridas;Plena Noite;Crescente;Chuva;Dupla;Reta;Não;2;0;1;0;1;0;1;2;-22,88155252;-45,27671814;SPRF-SP;DEL08-SP;UOP01-DEL08-SP
702095;02/07/2025;quarta-feira;22:50:00;RS;287;313;SAO VICENTE DO SUL;Ausência de reação do condutor;Colisão frontal;Com Vítimas Feridas;Plena Noite;Crescente;Céu Claro;Simples;"Reta;Ponte;Em Obras";Não;6;0;2;0;4;0;2;2;-29,659447;-54,503637;SPRF-RS;DEL09-RS;UOP01-DEL09-RS
702096;02/07/2025;quarta-feira;19:10:00;PI;230;196;OEIRAS;Conversão proibida;Colisão transversal;Com Vítimas Feridas;Plena Noite;Crescente;Céu Claro;Simples;Reta;Sim;3;0;1;0;1;1;1;3;-7,006092;-42,120105;SPRF-PI;DEL04-PI;UOP01-DEL04-PI
702099;02/07/2025;quarta-feira;23:48:00;CE;20;254,1;MADALENA;Transitar na contramão;Colisão frontal;Com Vítimas Fatais;Plena Noite;Crescente;Céu Claro;Simples;Reta;Não;2;1;0;0;1;0;0;2;-4,75562817;-39,48103845;SPRF-CE;DEL02-CE;UOP01-DEL02-CE
702102;03/07/2025;quinta-feira;00:35:00;MG;365;674,1;MONTE ALEGRE DE MINAS;Objeto estático sobre o leito carroçável;Colisão com objeto;Com Vítimas Feridas;Plena Noite;Crescente;Céu Claro;Dupla;Reta;Não;1;0;1;0;0;0;1;1;-18,863445;-48,76574;SPRF-MG;DEL15-MG;UOP01-DEL15-MG
702103;03/07/2025;quinta-feira;00:45:00;PA;230;7,5;ALTAMIRA;Condutor desrespeitou a iluminação vermelha do semáforo;Colisão transversal;Com Vítimas Feridas;Plena Noite;Decrescente;Céu Claro;Simples;"Reta;Declive;Interseção de Vias";Sim;3;0;0;3;0;0;3;2;-8,23174392;-54,80497465;SPRF-PA;DEL04-PA;UOP01-DEL04-PA
702104;03/07/2025;quinta-feira;01:50:00;PR;277;723;FOZ DO IGUACU;Condutor deixou de manter distância do veículo da frente;Colisão traseira;Com Vítimas Feridas;Plena Noite;Decrescente;Céu Claro;Dupla;Reta;Sim;2;0;1;0;1;0;1;2;-25,50246938;-54,53797666;SPRF-PR;DEL05-PR;UOP03-DEL05-PR
702105;03/07/2025;quinta-feira;04:30:00;PR;153;41,6;SANTO ANTONIO DA PLATINA;Demais falhas mecânicas ou elétricas;Colisão transversal;Com Vítimas Feridas;Plena Noite;Crescente;Céu Claro;Simples;"Reta;Interseção de Vias";Sim;6;0;4;0;2;0;4;2;-23,29448107;-50,06491184;SPRF-PR;DEL07-PR;UOP04-DEL07-PR
702106;03/07/2025;quinta-feira;04:20:00;SC;163;66;SAO MIGUEL DO OESTE;Desrespeitar a preferência no cruzamento;Colisão transversal;Com Vítimas Feridas;Plena Noite;Decrescente;Céu Claro;Dupla;Rotatória;Sim;2;0;1;0;1;0;1;2;-26,76097391;-53,50059307;SPRF-SC;DEL07-SC;UOP03-DEL07-SC
702109;03/07/2025;quinta-feira;06:40:00;RS;116;260,8;CANOAS;Reação tardia ou ineficiente do condutor;Colisão lateral mesmo sentido;Com Vítimas Feridas;Amanhecer;Crescente;Chuva;Múltipla;Reta;Não;2;0;1;0;1;0;1;2;-29,8806167;-51,1800956;SPRF-RS;DEL01-RS;UOP01-DEL01-RS
702110;03/07/2025;quinta-feira;06:55:00;GO;70;3,6;AGUAS LINDAS DE GOIAS;Condutor Dormindo;Saída de leito carroçável;Com Vítimas Feridas;Pleno dia;Crescente;Céu Claro;Dupla;Curva;Sim;1;0;1;0;0;0;1;1;-15,760834;-48,242287;SPRF-DF;DEL03-DF;UOP02-DEL03-DF
702112;03/07/2025;quinta-feira;06:45:00;DF;60;9;BRASILIA;Pista esburacada;Tombamento;Com Vítimas Feridas;Amanhecer;Decrescente;Céu Claro;Dupla;"Reta;Declive";Não;1;0;1;0;0;0;1;1;-15,907775;-48,143911;SPRF-DF;DEL03-DF;UOP01-DEL03-DF
702115;03/07/2025;quinta-feira;07:20:00;PR;376;183;SARANDI;Ausência de reação do condutor;Queda de ocupante de veículo;Com Vítimas Feridas;Pleno dia;Crescente;Nublado;Dupla;"Em Obras;Reta";Sim;1;0;1;0;0;0;1;1;-23,44326026;-51,86801847;SPRF-PR;DEL09-PR;UOP01-DEL09-PR
702117;03/07/2025;quinta-feira;06:30:00;PR;369;473,8;CORBELIA;Ultrapassagem Indevida;Colisão frontal;Sem Vítimas;Amanhecer;Crescente;Ignorado;Simples;Reta;Sim;1;0;0;0;1;0;0;1;-24,72023681;-53,24659034;SPRF-PR;DEL04-PR;UOP03-DEL04-PR
702119;03/07/2025;quinta-feira;07:30:00;SP;116;218;GUARULHOS;Condutor deixou de manter distância do veículo da frente;Colisão lateral mesmo sentido;Com Vítimas Feridas;Pleno dia;Decrescente;Nublado;Múltipla;Reta;Não;2;0;2;0;0;0;2;2;-23,46114464;-46,48931114;SPRF-SP;DEL01-SP;UOP01-DEL01-SP
702120;03/07/2025;quinta-feira;07:30:00;PR;369;185;ARAPONGAS;Ultrapassagem Indevida;Colisão transversal;Com Vítimas Feridas;Pleno dia;Decrescente;Céu Claro;Simples;Interseção de Vias;Sim;2;0;1;0;1;0;1;2;-23,413122;-51,427001;SPRF-PR;DEL07-PR;UOP03-DEL07-PR
702121;03/07/2025;quinta-feira;07:50:00;BA;349;1034;CORRENTINA;Acessar a via sem observar a presença dos outros veículos;Colisão transversal;Com Vítimas Fatais;Pleno dia;Decrescente;Céu Claro;Simples;Reta;Não;6;1;5;0;0;0;5;2;-13,68131174;-45,83281159;SPRF-BA;DEL10-BA;UOP02-DEL10-BA
702122;03/07/2025;quinta-feira;07:00:00;RS;116;393;CAMAQUA;Pedestre andava na pista;Atropelamento de Pedestre;Com Vítimas Feridas;Amanhecer;Decrescente;Céu Claro;Dupla;Reta;Sim;2;0;0;1;1;0;1;2;-30,83919011;-51,74407661;SPRF-RS;DEL02-RS;UOP02-DEL02-RS
702123;03/07/2025;quinta-feira;07:50:00;PB;101;83,8;BAYEUX;Reação tardia ou ineficiente do condutor;Queda de ocupante de veículo;Com Vítimas Feridas;Pleno dia;Crescente;Sol;Dupla;Reta;Sim;1;0;1;0;0;0;1;1;-7,138505;-34,92439;SPRF-PB;DEL01-PB;UOP01-DEL01-PB
702125;03/07/2025;quinta-feira;07:15:00;ES;101;263,1;SERRA;Condutor deixou de manter distância do veículo da frente;Colisão traseira;Com Vítimas Feridas;Pleno dia;Crescente;Chuva;Dupla;Reta;Sim;2;0;1;0;1;0;1;2;-20,16703657;-40,27190745;SPRF-ES;DEL02-ES;UOP01-DEL02-ES
702128;03/07/2025;quinta-feira;05:30:00;MG;381;153;GOVERNADOR VALADARES;Velocidade Incompatível;Saída de leito carroçável;Com Vítimas Feridas;Amanhecer;Crescente;Céu Claro;Simples;Retorno Regulamentado;Não;1;0;0;1;0;0;1;1;-18,89155723;-42,00499244;SPRF-MG;DEL06-MG;UOP01-DEL06-MG
702129;03/07/2025;quinta-feira;07:20:00;SC;101;143,7;ITAPEMA;Avarias e/ou desgaste excessivo no pneu;Tombamento;Com Vítimas Feridas;Pleno dia;Crescente;Céu Claro;Dupla;Reta;Sim;1;0;1;0;0;0;1;1;-27,07145465;-48,59588591;SPRF-SC;DEL04-SC;UOP03-DEL04-SC
702130;03/07/2025;quinta-feira;08:30:00;PR;277;593;CASCAVEL;Reação tardia ou ineficiente do condutor;Colisão traseira;Com Vítimas Feridas;Pleno dia;Decrescente;Céu Claro;Simples;Reta;Sim;2;0;1;0;1;0;1;2;-24,980608;-53,483868;SPRF-PR;DEL04-PR;UOP01-DEL04-PR
702131;03/07/2025;quinta-feira;08:45:00;RS;290;97,5;PORTO ALEGRE;Acessar a via sem observar a presença dos outros veículos;Colisão lateral mesmo sentido;Com Vítimas Feridas;Pleno dia;Crescente;Céu Claro;Dupla;"Reta;Ponte";Não;3;0;1;0;2;0;1;2;-29,99654871;-51,21125564;SPRF-RS;DEL01-RS;UOP01-DEL01-RS
702132;03/07/2025;quinta-feira;07:30:00;RJ;116;140;DUQUE DE CAXIAS;Reação tardia ou ineficiente do condutor;Colisão traseira;Com Vítimas Feridas;Pleno dia;Crescente;Garoa/Chuvisco;Dupla;Reta;Sim;3;0;1;0;2;0;1;2;-22,6466982;-43,2170296;SPRF-RJ;DEL01-RJ;UOP02-DEL01-RJ
702133;03/07/2025;quinta-feira;08:35:00;CE;304;49;ARACATI;Retorno proibido;Colisão traseira;Com Vítimas Feridas;Pleno dia;Crescente;Céu Claro;Dupla;Curva;Não;2;0;1;0;1;0;1;2;-4,565399;-37,707808;SPRF-CE;DEL03-CE;UOP02-DEL03-CE
702134;03/07/2025;quinta-feira;07:35:00;RO;364;242;CACOAL;Desrespeitar a preferência no cruzamento;Colisão transversal;Com Vítimas Feridas;Pleno dia;Decrescente;Céu Claro;Simples;Rotatória;Não;3;0;2;0;1;0;2;2;-11,440828;-61,48768;SPRF-RO;DEL02-RO;UOP02-DEL02-RO
702135;03/07/2025;quinta-feira;06:55:00;RS;153;1,5;CACHOEIRA DO SUL;Acessar a via sem observar a presença dos outros veículos;Colisão transversal;Com Vítimas Feridas;Amanhecer;Decrescente;Nublado;Simples;Interseção de Vias;Sim;2;0;1;0;1;0;1;2;-30,0020245;-52,90870786;SPRF-RS;DEL02-RS;UOP03-DEL02-RS
702136;03/07/2025;quinta-feira;07:30:00;MG;381;481;CONTAGEM;Velocidade Incompatível;Colisão traseira;Com Vítimas Feridas;Pleno dia;Decrescente;Nublado;Dupla;Reta;Não;2;0;1;0;1;0;1;2;-19,9587617;-44,0549954;SPRF-MG;DEL01-MG;UOP03-DEL01-MG
702137;30/04/2025;quarta-feira;17:12:00;MG;40;531;CONTAGEM;Condutor deixou de manter distância do veículo da frente;Colisão traseira;Com Vítimas Feridas;Anoitecer;Crescente;Céu Claro;Dupla;Reta;Não;3;0;1;1;1;0;2;2;-19,920788;-44,023907;SPRF-MG;DEL01-MG;UOP02-DEL01-MG
702138;03/07/2025;quinta-feira;09:00:00;SP;116;150;SAO JOSE DOS CAMPOS;Mal súbito do condutor;Colisão traseira;Com Vítimas Feridas;Pleno dia;Crescente;Nublado;Dupla;Reta;Não;2;0;0;1;1;0;1;2;-23,21509807;-45,89520184;SPRF-SP;DEL02-SP;UOP01-DEL02-SP
702139;03/07/2025;quinta-feira;09:20:00;SC;101;203,1;SAO JOSE;Acumulo de óleo sobre o pavimento;Tombamento;Com Vítimas Feridas;Pleno dia;Decrescente;Céu Claro;Múltipla;Curva;Sim;2;0;1;0;1;0;1;1;-27,565958;-48,613756;SPRF-SC;DEL01-SC;UOP01-DEL01-SC
702141;03/07/2025;quinta-feira;06:50:00;MG;381;479;CONTAGEM;Trafegar com motocicleta (ou similar) entre as faixas;Colisão lateral mesmo sentido;Com Vítimas Feridas;Pleno dia;Decrescente;Céu Claro;Dupla;"Curva;Declive";Sim;2;0;0;1;1;0;1;2;-19,964365;-44,04550277;SPRF-MG;DEL01-MG;UOP03-DEL01-MG
702142;03/07/2025;quinta-feira;08:40:00;RJ;101;320;NITEROI;Ausência de reação do condutor;Colisão traseira;Com Vítimas Feridas;Pleno dia;Crescente;Chuva;Dupla;Reta;Sim;2;0;1;0;1;0;1;2;-22,86858331;-43,11103821;SPRF-RJ;DEL02-RJ;UOP01-DEL02-RJ
702143;22/06/2025;domingo;09:45:00;ES;262;77,8;DOMINGOS MARTINS;Velocidade Incompatível;Queda de ocupante de veículo;Com Vítimas Feridas;Pleno dia;Decrescente;Céu Claro;Simples;Curva;Não;1;0;1;0;0;0;1;1;-20,41060352;-40,92012405;SPRF-ES;DEL01-ES;UOP02-DEL01-ES
702145;03/07/2025;quinta-feira;10:16:00;GO;153;507;APARECIDA DE GOIANIA;Reação tardia ou ineficiente do condutor;Colisão lateral mesmo sentido;Com Vítimas Feridas;Pleno dia;Crescente;Céu Claro;Dupla;Interseção de Vias;Sim;2;0;0;1;1;0;1;2;-16,767568;-49,239658;SPRF-GO;DEL01-GO;UOP03-DEL01-GO
702151;27/06/2025;sexta-feira;22:00:00;SC;101;149,6;ITAPEMA;Ausência de reação do condutor;Colisão com objeto;Sem Vítimas;Pleno dia;Crescente;Céu Claro;Múltipla;Reta;Não;1;0;0;0;1;0;0;1;-27,11024422;-48,61160366;SPRF-SC;DEL04-SC;UOP03-DEL04-SC
702152;03/07/2025;quinta-feira;07:50:00;RS;101;2;TORRES;Velocidade Incompatível;Colisão traseira;Com Vítimas Feridas;Pleno dia;Crescente;Céu Claro;Simples;Reta;Sim;4;0;3;0;1;0;3;2;-29,32471505;-49,77950184;SPRF-RS;DEL03-RS;UOP02-DEL03-RS
702153;03/07/2025;quinta-feira;10:15:00;GO;60;69;ABADIANIA;Reação tardia ou ineficiente do condutor;Colisão traseira;Com Vítimas Feridas;Pleno dia;Decrescente;Sol;Dupla;Curva;Não;3;0;1;0;1;1;1;2;-16,241157;-48,761247;SPRF-GO;DEL02-GO;UOP01-DEL02-GO
702154;03/07/2025;quinta-feira;10:30:00;PB;104;136;QUEIMADAS;Acessar a via sem observar a presença dos outros veículos;Colisão traseira;Com Vítimas Feridas;Pleno dia;Decrescente;Céu Claro;Simples;Reta;Não;3;0;1;0;2;0;1;2;-7,336855;-35,89849;SPRF-PB;DEL02-PB;UOP03-DEL02-PB
702155;03/07/2025;quinta-feira;11:00:00;MG;116;762,3;LEOPOLDINA;Condutor deixou de manter distância do veículo da frente;Colisão traseira;Sem Vítimas;Pleno dia;Crescente;Céu Claro;Dupla;"Interseção de Vias;Rotatória";Sim;2;0;0;0;2;0;0;2;-21,52618419;-42,63364792;SPRF-MG;DEL07-MG;UOP01-DEL07-MG
702156;03/07/2025;quinta-feira;10:20:00;PR;116;8;CAMPINA GRANDE DO SUL;Velocidade Incompatível;Saída de leito carroçável;Com Vítimas Feridas;Pleno dia;Crescente;Chuva;Dupla;"Declive;Reta;Ponte";Não;4;0;2;0;2;0;2;1;-25,081333;-48,624036;SPRF-PR;DEL01-PR;UOP02-DEL01-PR
702159;03/07/2025;quinta-feira;11:40:00;RJ;116;287;BARRA MANSA;Demais falhas mecânicas ou elétricas;Colisão com objeto;Com Vítimas Feridas;Pleno dia;Crescente;Nublado;Dupla;Curva;Não;4;0;1;0;3;0;1;1;-22,48713845;-44,24690947;SPRF-RJ;DEL07-RJ;UOP02-DEL07-RJ
702160;18/04/2025;sexta-feira;10:10:00;SC;101;320;PESCARIA BRAVA;Manobra de mudança de faixa;Colisão transversal;Sem Vítimas;Pleno dia;Decrescente;Céu Claro;Múltipla;Reta;Sim;2;0;0;0;1;1;0;2;-28,42498268;-48,89923789;SPRF-SC;DEL02-SC;UOP01-DEL02-SC
702161;03/07/2025;quinta-feira;11:50:00;MG;381;754;TRES CORACOES;Condutor Dormindo;Saída de leito carroçável;Com Vítimas Feridas;Pleno dia;Decrescente;Céu Claro;Dupla;Reta;Não;2;0;1;0;1;0;1;1;-21,667597;-45,319243;SPRF-MG;DEL16-MG;UOP02-DEL16-MG
702162;03/07/2025;quinta-feira;11:45:00;RJ;116;336;RESENDE;Condutor Dormindo;Colisão com objeto;Com Vítimas Feridas;Pleno dia;Decrescente;Garoa/Chuvisco;Simples;Reta;Não;1;0;1;0;0;0;1;1;-22,50218754;-44,66890208;SPRF-RJ;DEL07-RJ;UOP02-DEL07-RJ
702163;03/07/2025;quinta-feira;12:00:00;MG;40;518;CONTAGEM;Condutor deixou de manter distância do veículo da frente;Colisão lateral mesmo sentido;Com Vítimas Feridas;Pleno dia;Decrescente;Sol;Dupla;Reta;Sim;2;0;1;0;1;0;1;2;-19,87719674;-44,05274392;SPRF-MG;DEL01-MG;UOP02-DEL01-MG
702164;03/07/2025;quinta-feira;11:30:00;TO;153;100;WANDERLANDIA;Reação tardia ou ineficiente do condutor;Saída de leito carroçável;Com Vítimas Feridas;Pleno dia;Crescente;Sol;Simples;Reta;Não;1;0;1;0;0;0;1;1;-6,81533741;-48,07499304;SPRF-TO;DEL02-TO;UOP01-DEL02-TO
702165;03/07/2025;quinta-feira;12:30:00;SP;101;48;UBATUBA;Transitar na contramão;Colisão transversal;Com Vítimas Feridas;Pleno dia;Crescente;Nublado;Simples;Reta;Sim;2;0;1;0;1;0;1;2;-23,440896;-45,087;SPRF-SP;DEL06-SP;UOP01-DEL06-SP
702166;28/06/2025;sábado;05:10:00;PE;316;58;TRINDADE;Ausência de reação do condutor;Capotamento;Com Vítimas Feridas;Pleno dia;Crescente;Nublado;Simples;Reta;Não;1;0;1;0;0;0;1;1;-7,768517;-40,25869;SPRF-PE;DEL05-PE;UOP02-DEL05-PE
702167;03/07/2025;quinta-feira;12:25:00;RS;285;293;PASSO FUNDO;Acessar a via sem observar a presença dos outros veículos;Colisão transversal;Com Vítimas Feridas;Pleno dia;Crescente;Sol;Dupla;Rotatória;Sim;4;0;1;1;2;0;2;2;-28,23697082;-52,37407923;SPRF-RS;DEL08-RS;UOP03-DEL08-RS
702168;03/07/2025;quinta-feira;12:30:00;ES;101;255,9;SERRA;Chuva;Saída de leito carroçável;Sem Vítimas;Pleno dia;Crescente;Chuva;Simples;Reta;Sim;1;0;0;0;1;0;0;1;-20,1198544;-40,3096446;SPRF-ES;DEL02-ES;UOP01-DEL02-ES
702169;03/07/2025;quinta-feira;13:00:00;RS;116;145;CAXIAS DO SUL;Manobra de mudança de faixa;Queda de ocupante de veículo;Com Vítimas Feridas;Pleno dia;Crescente;Céu Claro;Dupla;Reta;Sim;3;0;1;0;1;1;1;3;-29,1395217;-51,1338217;SPRF-RS;DEL05-RS;UOP01-DEL05-RS
702170;03/07/2025;quinta-feira;10:20:00;SP;116;477;JACUPIRANGA;Ausência de reação do condutor;Colisão transversal;Com Vítimas Feridas;Pleno dia;Decrescente;Céu Claro;Simples;Reta;Sim;2;0;1;0;1;0;1;2;-24,70551171;-48,01265717;SPRF-SP;DEL05-SP;UOP01-DEL05-SP
702171;29/06/2025;domingo;19:00:00;PR;116;110;SAO JOSE DOS PINHAIS;Demais falhas na via;Queda de ocupante de veículo;Com Vítimas Feridas;Plena Noite;Decrescente;Ignorado;Dupla;Reta;Não;2;0;1;0;1;0;1;1;-25,57012941;-49,21736805;SPRF-PR;DEL01-PR;UOP03-DEL01-PR
702173;17/06/2025;terça-feira;13:00:00;PE;232;142;SAO CAITANO;Acumulo de areia ou detritos sobre o pavimento;Colisão transversal;Sem Vítimas;Pleno dia;Decrescente;Garoa/Chuvisco;Dupla;Reta;Não;5;0;0;0;5;0;0;2;-8,3223206;-36,09040332;SPRF-PE;DEL03-PE;UOP02-DEL03-PE
702174;03/07/2025;quinta-feira;10:40:00;RR;174;606;AMAJARI;Reação tardia ou ineficiente do condutor;Atropelamento de Pedestre;Com Vítimas Fatais;Pleno dia;Crescente;Chuva;Simples;Reta;Não;3;1;0;0;0;2;0;3;3,67234433;-60,9806807;SPRF-RR;DEL01-RR;UOP01-DEL01-RR
702176;03/07/2025;quinta-feira;12:45:00;CE;222;4,9;CAUCAIA;Desrespeitar a preferência no cruzamento;Colisão transversal;Com Vítimas Feridas;Pleno dia;Decrescente;Sol;Múltipla;"Reta;Retorno Regulamentado";Sim;3;0;3;0;0;0;3;2;-3,7427996;-38,61219982;SPRF-CE;DEL01-CE;UOP01-DEL01-CE
702177;03/07/2025;quinta-feira;12:11:00;GO;40;5;VALPARAISO DE GOIAS;Ausência de reação do condutor;Colisão transversal;Com Vítimas Feridas;Pleno dia;Crescente;Céu Claro;Dupla;"Retorno Regulamentado;Reta";Sim;2;0;1;0;1;0;1;2;-16,09353774;-47,98208982;SPRF-DF;DEL01-DF;UOP01-DEL01-DF
702179;17/06/2025;terça-feira;12:22:00;ES;101;97,3;JAGUARE;Acessar a via sem observar a presença dos outros veículos;Colisão transversal;Com Vítimas Feridas;Pleno dia;Decrescente;Céu Claro;Simples;Reta;Não;2;0;1;0;1;0;1;2;-18,92311031;-39,96764374;SPRF-ES;DEL04-ES;UOP02-DEL04-ES
702180;03/07/2025;quinta-feira;11:30:00;BA;101;597;MASCOTE;Ultrapassagem Indevida;Colisão frontal;Com Vítimas Fatais;Pleno dia;Decrescente;Céu Claro;Simples;Curva;Não;6;4;0;1;1;0;1;2;-15,485475;-39,43303;SPRF-BA;DEL05-BA;UOP02-DEL05-BA
702181;03/07/2025;quinta-feira;11:25:00;PR;277;421,6;CANTAGALO;Desrespeitar a preferência no cruzamento;Colisão transversal;Com Vítimas Feridas;Pleno dia;Decrescente;Céu Claro;Simples;"Reta;Interseção de Vias";Sim;2;0;1;0;1;0;1;2;-25,37883048;-52,1243763;SPRF-PR;DEL04-PR;UOP02-DEL04-PR
702183;03/07/2025;quinta-feira;13:05:00;MS;163;469;CAMPO GRANDE;Acessar a via sem observar a presença dos outros veículos;Saída de leito carroçável;Com Vítimas Feridas;Pleno dia;Decrescente;Céu Claro;Simples;Reta;Não;2;0;1;0;0;1;1;2;-20,56560192;-54,56064669;SPRF-MS;DEL01-MS;UOP01-DEL01-MS
702184;08/05/2025;quinta-feira;21:15:00;SC;280;57;GUARAMIRIM;Transitar na contramão;Colisão frontal;Com Vítimas Feridas;Plena Noite;Decrescente;Céu Claro;Simples;Curva;Não;9;0;8;1;0;0;9;3;-26,478905;-49,01105;SPRF-SC;DEL03-SC;UOP03-DEL03-SC
702185;03/07/2025;quinta-feira;14:30:00;SC;101;214,3;PALHOCA;Acessar a via sem observar a presença dos outros veículos;Queda de ocupante de veículo;Com Vítimas Feridas;Pleno dia;Decrescente;Céu Claro;Múltipla;Reta;Não;2;0;1;0;1;0;1;2;-27,63957535;-48,66667125;SPRF-SC;DEL01-SC;UOP02-DEL01-SC
702186;03/07/2025;quinta-feira;14:20:00;PR;369;125,3;JATAIZINHO;Velocidade Incompatível;Tombamento;Com Vítimas Feridas;Pleno dia;Decrescente;Sol;Dupla;Curva;Não;1;0;1;0;0;0;1;1;-23,28387653;-50,95153984;SPRF-PR;DEL07-PR;UOP05-DEL07-PR
702188;05/04/2025;sábado;20:20:00;RJ;40;120;DUQUE DE CAXIAS;Reação tardia ou ineficiente do condutor;Colisão traseira;Com Vítimas Feridas;Plena Noite;Crescente;Garoa/Chuvisco;Dupla;Reta;Sim;3;0;2;0;1;0;2;2;-22,78094081;-43,28582876;SPRF-RJ;DEL01-RJ;UOP02-DEL01-RJ
702189;28/02/2025;sexta-feira;23:12:00;RO;364;342;JI-PARANA;Ingestão de álcool pelo condutor;Colisão lateral mesmo sentido;Com Vítimas Feridas;Plena Noite;Crescente;Nublado;Dupla;Reta;Sim;3;0;1;1;1;0;2;3;-10,8363776;-62,0101632;SPRF-RO;DEL02-RO;UOP01-DEL02-RO
702190;03/07/2025;quinta-feira;15:20:00;RS;116;249;SAO LEOPOLDO;Manobra de mudança de faixa;Colisão lateral mesmo sentido;Com Vítimas Feridas;Pleno dia;Crescente;Céu Claro;Dupla;Reta;Não;2;0;1;0;1;0;1;2;-29,7862902;-51,163583;SPRF-RS;DEL01-RS;UOP02-DEL01-RS
702191;17/04/2025;quinta-feira;18:00:00;DF;70;7;BRASILIA;Acessar a via sem observar a presença dos outros veículos;Colisão lateral mesmo sentido;Com Vítimas Feridas;Anoitecer;Crescente;Nublado;Dupla;"Retorno Regulamentado;Reta";Sim;5;0;0;1;4;0;1;2;-15,78710092;-48,11601508;SPRF-DF;DEL03-DF;UOP02-DEL03-DF
702192;03/07/2025;quinta-feira;14:50:00;PR;376;177,4;MARINGA;Ausência de reação do condutor;Colisão traseira;Com Vítimas Feridas;Pleno dia;Crescente;Sol;Dupla;Reta;Sim;2;0;1;0;0;1;1;2;-23,414707;-51,926794;SPRF-PR;DEL09-PR;UOP01-DEL09-PR
702193;03/07/2025;quinta-feira;15:35:00;PB;230;18;JOAO PESSOA;Ausência de reação do condutor;Colisão traseira;Com Vítimas Feridas;Pleno dia;Decrescente;Céu Claro;Dupla;Reta;Sim;2;0;1;0;1;0;1;2;-7,12071411;-34,84500781;SPRF-PB;DEL01-PB;UOP01-DEL01-PB
702194;29/03/2025;sábado;02:23:00;DF;70;16;BRASILIA;Condutor Dormindo;Saída de leito carroçável;Com Vítimas Feridas;Plena Noite;Crescente;Nublado;Dupla;Reta;Não;2;0;1;1;0;0;2;1;-15,79491711;-48,19828749;SPRF-DF;DEL03-DF;UOP02-DEL03-DF
702197;01/07/2025;terça-feira;20:34:00;GO;60;23;ALEXANIA;Ausência de reação do condutor;Colisão traseira;Com Vítimas Feridas;Plena Noite;Decrescente;Céu Claro;Dupla;Reta;Sim;2;0;1;0;0;1;1;2;-16,1190218;-48,4297983;SPRF-DF;DEL03-DF;UOP01-DEL03-DF
702200;03/07/2025;quinta-feira;15:40:00;RS;285;498,1;ENTRE-IJUIS;Velocidade Incompatível;Colisão traseira;Com Vítimas Feridas;Pleno dia;Decrescente;Sol;Simples;Reta;Não;3;0;1;0;2;0;1;2;-28,37780825;-54,27864075;SPRF-RS;DEL10-RS;UOP01-DEL10-RS
702201;03/07/2025;quinta-feira;16:00:00;PB;230;25;JOAO PESSOA;Velocidade Incompatível;Queda de ocupante de veículo;Com Vítimas Feridas;Pleno dia;Crescente;Céu Claro;Simples;"Reta;Aclive";Não;1;0;1;0;0;0;1;1;-7,16944548;-34,87343285;SPRF-PB;DEL01-PB;UOP01-DEL01-PB
702202;03/07/2025;quinta-feira;04:32:00;SC;280;25;ARAQUARI;Ausência de reação do condutor;Saída de leito carroçável;Sem Vítimas;Plena Noite;Crescente;Nublado;Simples;Reta;Não;1;0;0;0;0;1;0;1;-26,383663;-48,726977;SPRF-SC;DEL03-SC;UOP03-DEL03-SC
702203;03/07/2025;quinta-feira;16:00:00;MG;116;586;MANHUACU;Reação tardia ou ineficiente do condutor;Colisão traseira;Com Vítimas Feridas;Pleno dia;Decrescente;Nublado;Simples;Reta;Não;2;0;1;0;0;1;1;2;-20,237107;-42,164476;SPRF-MG;DEL06-MG;UOP03-DEL06-MG
702206;03/07/2025;quinta-feira;15:30:00;SP;116;133,5;SAO JOSE DOS CAMPOS;Ingestão de álcool pelo condutor;Colisão com objeto;Com Vítimas Feridas;Pleno dia;Decrescente;Nublado;Dupla;Reta;Não;2;0;2;0;0;0;2;1;-23,14647655;-45,77380657;SPRF-SP;DEL02-SP;UOP02-DEL02-SP
702208;03/07/2025;quinta-feira;16:40:00;RJ;101;476;ANGRA DOS REIS;Pista Escorregadia;Queda de ocupante de veículo;Com Vítimas Feridas;Pleno dia;Decrescente;Garoa/Chuvisco;Simples;Curva;Não;1;0;1;0;0;0;1;1;-22,98998343;-44,24214339;SPRF-RJ;DEL03-RJ;UOP03-DEL03-RJ