id;data_inversa;dia_semana;horario;uf;br;km;municipio;causa_acidente;tipo_acidente;classificacao_acidente;fase_dia;sentido_via;condicao_metereologica;tipo_pista;tracado_via;uso_solo;pessoas;mortos;feridos_leves;feridos_graves;ilesos;ignorados;feridos;veiculos;latitude;longitude;regional;delegacia;uop
702209;03/07/2025;quinta-feira;14:30:00;PR;277;385;CANDOI;Ausência de reação do condutor;Colisão traseira;Com Vítimas Feridas;Pleno dia;Crescente;Céu Claro;Simples;Reta;Não;6;0;3;0;3;0;3;2;-25,4361106;-51,8167306;SPRF-PR;DEL08-PR;UOP01-DEL08-PR
702210;03/07/2025;quinta-feira;17:05:00;PB;230;13,8;CABEDELO;Pedestre cruzava a pista fora da faixa;Atropelamento de Pedestre;Com Vítimas Feridas;Pleno dia;Decrescente;Nublado;Dupla;Reta;Sim;2;0;2;0;0;0;2;2;-7,08759;-34,848358;SPRF-PB;DEL01-PB;UOP01-DEL01-PB
702214;03/07/2025;quinta-feira;12:40:00;RJ;40;85;PETROPOLIS;Avarias e/ou desgaste excessivo no pneu;Saída de leito carroçável;Com Vítimas Feridas;Pleno dia;Decrescente;Chuva;Dupla;"Curva;Aclive";Não;2;0;1;0;1;0;1;1;-22,557913;-43,229931;SPRF-RJ;DEL01-RJ;UOP01-DEL01-RJ
702215;30/06/2025;segunda-feira;18:29:00;SC;280;128;RIO NEGRINHO;Acessar a via sem observar a presença dos outros veículos;Colisão transversal;Sem Vítimas;Anoitecer;Decrescente;Garoa/Chuvisco;Simples;"Reta;Interseção de Vias";Sim;2;0;0;0;2;0;0;2;-26,242742;-49,51234;SPRF-SC;DEL06-SC;UOP03-DEL06-SC
702216;03/07/2025;quinta-feira;17:08:00;GO;40;7;VALPARAISO DE GOIAS;Manobra de mudança de faixa;Colisão lateral mesmo sentido;Com Vítimas Feridas;Pleno dia;Decrescente;Céu Claro;Dupla;Reta;Não;2;0;1;0;1;0;1;2;-16,108883;-47,971998;SPRF-DF;DEL01-DF;UOP01-DEL01-DF
702219;03/07/2025;quinta-feira;17:15:00;SP;153;74,7;BADY BASSITT;Avarias e/ou desgaste excessivo no pneu;Saída de leito carroçável;Com Vítimas Feridas;Pleno dia;Crescente;Céu Claro;Dupla;"Declive;Reta";Não;1;0;1;0;0;0;1;1;-20,89531134;-49,43567312;SPRF-SP;DEL09-SP;UOP01-DEL09-SP
702220;30/06/2025;segunda-feira;19:25:00;AC;364;188;CRUZEIRO DO SUL;Reação tardia ou ineficiente do condutor;Colisão lateral mesmo sentido;Com Vítimas Feridas;Plena Noite;Decrescente;Céu Claro;Simples;Reta;Não;2;0;2;0;0;0;2;2;-7,64531002;-72,65607195;SPRF-AC;DEL01-AC;UOP01-DEL01-AC
702221;03/07/2025;quinta-feira;17:35:00;RJ;101;318;SAO GONCALO;Trafegar com motocicleta (ou similar) entre as faixas;Colisão lateral mesmo sentido;Com Vítimas Feridas;Pleno dia;Decrescente;Céu Claro;Múltipla;Reta;Sim;2;0;1;0;1;0;1;2;-22,84533055;-43,09833527;SPRF-RJ;DEL02-RJ;UOP02-DEL02-RJ
702222;03/07/2025;quinta-feira;17:36:00;SC;282;0,6;FLORIANOPOLIS;Reação tardia ou ineficiente do condutor;Colisão lateral mesmo sentido;Com Vítimas Feridas;Anoitecer;Crescente;Céu Claro;Múltipla;"Aclive;Reta";Sim;2;0;2;0;0;0;2;2;-27,601;-48,578;SPRF-SC;DEL01-SC;UOP01-DEL01-SC
702223;03/07/2025;quinta-feira;15:40:00;BA;116;216;EUCLIDES DA CUNHA;Ingestão de álcool pelo condutor;Colisão lateral sentido oposto;Com Vítimas Feridas;Pleno dia;Decrescente;Céu Claro;Simples;Reta;Sim;3;0;0;1;2;0;1;2;-10,489268;-39,016395;SPRF-BA;DEL07-BA;UOP03-DEL07-BA
702224;03/07/2025;quinta-feira;16:08:00;DF;20;5;BRASILIA;Ausência de reação do condutor;Colisão traseira;Sem Vítimas;Pleno dia;Decrescente;Céu Claro;Simples;Rotatória;Não;2;0;0;0;2;0;0;2;-15,67010715;-47,8162542;SPRF-DF;DEL02-DF;UOP01-DEL02-DF
702228;03/07/2025;quinta-feira;16:45:00;SC;116;220,5;CORREIA PINTO;Desrespeitar a preferência no cruzamento;Colisão transversal;Com Vítimas Feridas;Pleno dia;Decrescente;Céu Claro;Simples;Rotatória;Sim;2;0;1;0;1;0;1;2;-27,59087;-50,36231;SPRF-SC;DEL05-SC;UOP03-DEL05-SC
702229;03/07/2025;quinta-feira;17:45:00;MG;40;611,9;CONGONHAS;Transitar na contramão;Colisão frontal;Com Vítimas Feridas;Anoitecer;Crescente;Céu Claro;Simples;Reta;Sim;2;0;1;1;0;0;2;2;-20,518653;-43,834431;SPRF-MG;DEL05-MG;UOP02-DEL05-MG
702230;03/07/2025;quinta-feira;15:30:00;SC;116;34,1;ITAIOPOLIS;Reação tardia ou ineficiente do condutor;Queda de ocupante de veículo;Com Vítimas Feridas;Pleno dia;Decrescente;Nublado;Simples;"Interseção de Vias;Retorno Regulamentado";Sim;2;0;2;0;0;0;2;1;-26,33194152;-49,99769568;SPRF-SC;DEL06-SC;UOP01-DEL06-SC
702231;03/07/2025;quinta-feira;17:00:00;GO;153;499;GOIANIA;Ausência de reação do condutor;Colisão traseira;Com Vítimas Feridas;Anoitecer;Crescente;Céu Claro;Múltipla;Reta;Sim;3;0;2;0;1;0;2;2;-16,690867;-49,232487;SPRF-GO;DEL01-GO;UOP01-DEL01-GO
702234;03/07/2025;quinta-feira;18:40:00;SC;101;215,4;PALHOCA;Manobra de mudança de faixa;Colisão lateral mesmo sentido;Com Vítimas Feridas;Plena Noite;Crescente;Céu Claro;Múltipla;"Curva;Aclive";Não;2;0;0;1;1;0;1;2;-27,655107;-48,678225;SPRF-SC;DEL01-SC;UOP02-DEL01-SC
702236;20/05/2025;terça-feira;06:25:00;RJ;493;0;ITABORAI;Ausência de reação do condutor;Atropelamento de Pedestre;Com Vítimas Feridas;Pleno dia;Crescente;Céu Claro;Simples;Reta;Sim;3;0;2;0;1;0;2;2;-22,76946726;-42,92251037;SPRF-RJ;DEL02-RJ;UOP02-DEL02-RJ
702238;03/07/2025;quinta-feira;09:30:00;RJ;40;112;DUQUE DE CAXIAS;Reação tardia ou ineficiente do condutor;Queda de ocupante de veículo;Com Vítimas Feridas;Pleno dia;Crescente;Nublado;Múltipla;Reta;Sim;1;0;1;0;0;0;1;1;-22,70188339;-43,29038656;SPRF-RJ;DEL01-RJ;UOP02-DEL01-RJ
702240;03/07/2025;quinta-feira;18:20:00;GO;153;499;GOIANIA;Condutor deixou de manter distância do veículo da frente;Colisão traseira;Com Vítimas Feridas;Anoitecer;Crescente;Céu Claro;Dupla;Reta;Sim;2;0;1;0;1;0;1;2;-16,69525916;-49,231668;SPRF-GO;DEL01-GO;UOP01-DEL01-GO
702243;03/07/2025;quinta-feira;17:20:00;MG;116;630;DIVINO;Velocidade Incompatível;Queda de ocupante de veículo;Com Vítimas Feridas;Anoitecer;Decrescente;Garoa/Chuvisco;Simples;Curva;Não;1;0;1;0;0;0;1;1;-20,641316;-42,245067;SPRF-MG;DEL07-MG;UOP02-DEL07-MG
702244;03/07/2025;quinta-feira;18:30:00;PR;376;167;MARINGA;Demais falhas na via;Saída de leito carroçável;Com Vítimas Feridas;Plena Noite;Decrescente;Nublado;Dupla;"Reta;Aclive";Não;1;0;1;0;0;0;1;1;-23,3897;-52,0155;SPRF-PR;DEL09-PR;UOP01-DEL09-PR
702246;03/07/2025;quinta-feira;16:00:00;MA;316;251,6;PINDARE-MIRIM;Reação tardia ou ineficiente do condutor;Colisão traseira;Sem Vítimas;Pleno dia;Decrescente;Nublado;Simples;Curva;Não;2;0;0;0;2;0;0;2;-3,660773;-45,464247;SPRF-MA;DEL02-MA;UOP01-DEL02-MA
702250;03/07/2025;quinta-feira;19:09:00;RN;101;76;NATAL;Acumulo de água sobre o pavimento;Colisão com objeto;Com Vítimas Feridas;Plena Noite;Decrescente;Chuva;Dupla;Reta;Não;2;0;0;2;0;0;2;1;-5,7258986;-35,284186;SPRF-RN;DEL02-RN;UOP01-DEL02-RN
702251;03/07/2025;quinta-feira;19:28:00;GO;20;30,4;FORMOSA;Reação tardia ou ineficiente do condutor;Saída de leito carroçável;Com Vítimas Feridas;Anoitecer;Decrescente;Céu Claro;Dupla;"Retorno Regulamentado;Reta";Sim;4;0;4;0;0;0;4;1;-15,4977419;-47,1094386;SPRF-DF;DEL02-DF;UOP02-DEL02-DF
702253;09/06/2025;segunda-feira;15:05:00;ES;262;44;MARECHAL FLORIANO;Velocidade Incompatível;Saída de leito carroçável;Com Vítimas Feridas;Pleno dia;Decrescente;Nublado;Simples;Reta;Não;2;0;0;2;0;0;2;1;-20,388655;-40,668755;SPRF-ES;DEL01-ES;UOP01-DEL01-ES
702254;03/07/2025;quinta-feira;17:50:00;RS;116;215,4;MORRO REUTER;Desrespeitar a preferência no cruzamento;Colisão transversal;Com Vítimas Feridas;Anoitecer;Decrescente;Céu Claro;Simples;Curva;Sim;3;0;0;1;1;1;1;3;-29,54182618;-51,0795149;SPRF-RS;DEL05-RS;UOP02-DEL05-RS
702255;03/07/2025;quinta-feira;18:40:00;SP;116;142;SAO JOSE DOS CAMPOS;Demais falhas mecânicas ou elétricas;Queda de ocupante de veículo;Com Vítimas Feridas;Plena Noite;Crescente;Garoa/Chuvisco;Dupla;Reta;Não;1;0;1;0;0;0;1;1;-23,17401365;-45,82885489;SPRF-SP;DEL02-SP;UOP01-DEL02-SP
702256;03/07/2025;quinta-feira;19:40:00;SP;116;142,8;SAO JOSE DOS CAMPOS;Condutor deixou de manter distância do veículo da frente;Queda de ocupante de veículo;Com Vítimas Feridas;Plena Noite;Decrescente;Chuva;Dupla;Reta;Sim;2;0;1;0;1;0;1;2;-23,17509265;-45,83105302;SPRF-SP;DEL02-SP;UOP01-DEL02-SP
702257;03/07/2025;quinta-feira;16:30:00;SC;280;28;ARAQUARI;Transitar na contramão;Colisão transversal;Sem Vítimas;Pleno dia;Crescente;Céu Claro;Simples;Reta;Não;2;0;0;0;1;1;0;2;-26,408213;-48,750062;SPRF-SC;DEL03-SC;UOP03-DEL03-SC
702258;03/07/2025;quinta-feira;20:30:00;MT;158;546;AGUA BOA;Transitar na contramão;Colisão frontal;Com Vítimas Feridas;Plena Noite;Crescente;Céu Claro;Simples;Reta;Não;3;0;2;0;1;0;2;2;-14,09009009;-52,16399338;SPRF-MT;DEL07-MT;UOP02-DEL07-MT
702259;03/07/2025;quinta-feira;18:40:00;SC;282;223;LAGES;Acessar a via sem observar a presença dos outros veículos;Colisão transversal;Com Vítimas Feridas;Plena Noite;Decrescente;Céu Claro;Simples;"Reta;Declive";Não;2;0;1;0;1;0;1;2;-27,79945069;-50,36046982;SPRF-SC;DEL05-SC;UOP01-DEL05-SC
702260;03/07/2025;quinta-feira;18:30:00;RN;226;207;FLORANIA;Velocidade Incompatível;Capotamento;Com Vítimas Feridas;Plena Noite;Decrescente;Céu Claro;Simples;Reta;Não;1;0;0;1;0;0;1;1;-6,1508895;-36,80522204;SPRF-RN;DEL03-RN;UOP02-DEL03-RN
702261;03/07/2025;quinta-feira;19:50:00;SC;101;215;PALHOCA;Ausência de reação do condutor;Atropelamento de Pedestre;Sem Vítimas;Plena Noite;Crescente;Céu Claro;Múltipla;Reta;Não;2;0;0;0;0;2;0;2;-27,65187586;-48,67601104;SPRF-SC;DEL01-SC;UOP02-DEL01-SC
702263;03/07/2025;quinta-feira;15:30:00;PI;316;124;ELESBAO VELOSO;Ausência de reação do condutor;Capotamento;Com Vítimas Feridas;Pleno dia;Decrescente;Céu Claro;Simples;Reta;Não;4;0;3;1;0;0;4;1;-6,11611904;-42,20386508;SPRF-PI;DEL04-PI;UOP02-DEL04-PI
702264;03/07/2025;quinta-feira;19:00:00;PE;232;24,3;MORENO;Manobra de mudança de faixa;Colisão lateral mesmo sentido;Sem Vítimas;Plena Noite;Decrescente;Garoa/Chuvisco;Dupla;"Retorno Regulamentado;Reta";Não;2;0;0;0;1;1;0;2;-8,10775;-35,104327;SPRF-PE;DEL02-PE;UOP02-DEL02PE
702267;03/07/2025;quinta-feira;19:50:00;RS;290;156;ARROIO DOS RATOS;Ultrapassagem Indevida;Colisão lateral sentido oposto;Com Vítimas Feridas;Plena Noite;Crescente;Nublado;Simples;Reta;Não;3;0;2;0;1;0;2;2;-30,10966879;-51,80736065;SPRF-RS;DEL02-RS;UOP01-DEL02-RS
702268;03/07/2025;quinta-feira;17:15:00;MS;60;425;SIDROLANDIA;Trafegar com motocicleta (ou similar) entre as faixas;Colisão transversal;Com Vítimas Feridas;Plena Noite;Crescente;Céu Claro;Dupla;Reta;Sim;3;0;2;0;1;0;2;3;-20,93417697;-54,96065766;SPRF-MS;DEL01-MS;UOP04-DEL01-MS
702270;03/07/2025;quinta-feira;18:50:00;PI;316;3;TERESINA;Demais falhas mecânicas ou elétricas;Incêndio;Sem Vítimas;Plena Noite;Crescente;Ignorado;Dupla;Reta;Sim;1;0;0;0;1;0;0;1;-5,2679216;-42,7275512;SPRF-PI;DEL01-PI;UOP02-DEL01-PI
702271;03/07/2025;quinta-feira;19:22:00;RO;364;380,2;OURO PRETO DO OESTE;Animais na Pista;Atropelamento de Animal;Com Vítimas Feridas;Plena Noite;Decrescente;Céu Claro;Simples;Reta;Não;2;0;2;0;0;0;2;1;-10,73579;-62,227715;SPRF-RO;DEL02-RO;UOP01-DEL02-RO
702272;03/07/2025;quinta-feira;18:30:00;PI;316;244;INHUMA;Conversão proibida;Colisão lateral mesmo sentido;Sem Vítimas;Plena Noite;Decrescente;Céu Claro;Simples;Reta;Não;2;0;0;0;1;1;0;2;-6,66062918;-41,69908843;SPRF-PI;DEL04-PI;UOP02-DEL04-PI
702273;03/07/2025;quinta-feira;20:40:00;SP;116;225;GUARULHOS;Reação tardia ou ineficiente do condutor;Colisão lateral mesmo sentido;Com Vítimas Feridas;Plena Noite;Decrescente;Vento;Múltipla;Reta;Sim;2;0;1;0;1;0;1;2;-23,4904828;-46,54763889;SPRF-SP;DEL01-SP;UOP01-DEL01-SP
702275;03/07/2025;quinta-feira;10:45:00;MS;60;84;PARAISO DAS AGUAS;Ausência de reação do condutor;Saída de leito carroçável;Com Vítimas Feridas;Pleno dia;Crescente;Céu Claro;Simples;"Declive;Reta";Não;1;0;1;0;0;0;1;1;-19,211771;-53,103461;SPRF-MS;DEL06-MS;UOP02-DEL06-MS
702277;03/07/2025;quinta-feira;20:00:00;BA;324;624;SALVADOR;Condutor deixou de manter distância do veículo da frente;Colisão traseira;Sem Vítimas;Plena Noite;Decrescente;Céu Claro;Dupla;Reta;Sim;2;0;0;0;1;1;0;2;-12,95951913;-38,4732461;SPRF-BA;DEL01-BA;UOP01-DEL01-BA
702279;03/07/2025;quinta-feira;20:25:00;RJ;101;327;NITEROI;Ausência de reação do condutor;Colisão traseira;Com Vítimas Feridas;Plena Noite;Decrescente;Chuva;Dupla;Reta;Não;6;0;1;0;5;0;1;3;-22,87269563;-43,1546402;SPRF-RJ;DEL02-RJ;UOP01-DEL02-RJ
702280;03/07/2025;quinta-feira;22:21:00;DF;70;7,2;BRASILIA;Reação tardia ou ineficiente do condutor;Saída de leito carroçável;Com Vítimas Feridas;Plena Noite;Decrescente;Céu Claro;Múltipla;Reta;Sim;1;0;0;1;0;0;1;1;-15,78721;-48,116544;SPRF-DF;DEL03-DF;UOP02-DEL03-DF
702283;03/07/2025;quinta-feira;17:50:00;SC;101;462,9;PASSO DE TORRES;Desrespeitar a preferência no cruzamento;Colisão frontal;Com Vítimas Feridas;Anoitecer;Crescente;Céu Claro;Simples;Reta;Não;2;0;0;1;1;0;1;2;-29,29420258;-49,76469666;SPRF-RS;DEL03-RS;UOP02-DEL03-RS
702284;03/07/2025;quinta-feira;21:45:00;PB;230;10;CABEDELO;Acostamento em desnível;Tombamento;Com Vítimas Feridas;Plena Noite;Decrescente;Garoa/Chuvisco;Múltipla;"Reta;Desvio Temporário;Em Obras";Sim;2;0;1;0;0;1;1;1;-7,0594772;-34,8512428;SPRF-PB;DEL01-PB;UOP01-DEL01-PB
702286;03/07/2025;quinta-feira;11:00:00;PI;316;1;TERESINA;Ausência de reação do condutor;Colisão traseira;Sem Vítimas;Pleno dia;Crescente;Céu Claro;Simples;"Ponte;Reta";Sim;2;0;0;0;0;2;0;2;-5,13018385;-42,81157494;SPRF-PI;DEL01-PI;UOP02-DEL01-PI
702287;03/07/2025;quinta-feira;19:40:00;RS;153;381,1;NOVO CABRAIS;Transitar na contramão;Colisão frontal;Com Vítimas Fatais;Plena Noite;Crescente;Céu Claro;Simples;Reta;Não;4;1;2;0;1;0;2;2;-29,80281582;-52,97195435;SPRF-RS;DEL02-RS;UOP03-DEL02-RS
702288;03/07/2025;quinta-feira;16:30:00;MG;116;577;MANHUACU;Chuva;Queda de ocupante de veículo;Com Vítimas Feridas;Pleno dia;Decrescente;Chuva;Simples;"Declive;Curva";Não;2;0;2;0;0;0;2;1;-20,161295;-42,189066;SPRF-MG;DEL06-MG;UOP03-DEL06-MG
702289;03/07/2025;quinta-feira;22:40:00;RJ;101;476;ANGRA DOS REIS;Acessar a via sem observar a presença dos outros veículos;Colisão transversal;Sem Vítimas;Plena Noite;Crescente;Garoa/Chuvisco;Simples;Reta;Não;2;0;0;0;2;0;0;2;-22,99877259;-44,26465631;SPRF-RJ;DEL03-RJ;UOP03-DEL03-RJ
702290;03/07/2025;quinta-feira;18:40:00;MG;262;43,1;MANHUACU;Ultrapassagem Indevida;Colisão frontal;Com Vítimas Feridas;Amanhecer;Decrescente;Chuva;Simples;Reta;Não;3;0;1;1;1;0;2;2;-20,26014;-42,09079;SPRF-MG;DEL06-MG;UOP03-DEL06-MG
702291;03/07/2025;quinta-feira;22:00:00;MG;50;191;UBERABA;Condutor deixou de manter distância do veículo da frente;Colisão traseira;Sem Vítimas;Plena Noite;Crescente;Céu Claro;Dupla;"Reta;Aclive";Não;5;0;0;0;5;0;0;2;-19,882633;-47,852432;SPRF-MG;DEL13-MG;UOP01-DEL13-MG
702292;03/07/2025;quinta-feira;21:30:00;RJ;101;409,8;ITAGUAI;Reação tardia ou ineficiente do condutor;Atropelamento de Pedestre;Com Vítimas Feridas;Plena Noite;Decrescente;Garoa/Chuvisco;Dupla;Reta;Sim;2;0;1;0;1;0;1;2;-22,891791;-43,842134;SPRF-RJ;DEL03-RJ;UOP01-DEL03-RJ
702293;03/07/2025;quinta-feira;19:30:00;MS;262;675,7;CORUMBA;Animais na Pista;Saída de leito carroçável;Com Vítimas Feridas;Plena Noite;Crescente;Céu Claro;Simples;Reta;Não;4;0;2;0;2;0;2;1;-19,585896;-57,150559;SPRF-MS;DEL03-MS;UOP03-DEL03-MS
702297;03/07/2025;quinta-feira;23:30:00;PR;476;149;ARAUCARIA;Reação tardia ou ineficiente do condutor;Capotamento;Com Vítimas Feridas;Plena Noite;Decrescente;Garoa/Chuvisco;Dupla;Reta;Sim;1;0;1;0;0;0;1;1;-25,55806259;-49,35671747;SPRF-PR;DEL01-PR;UOP06-DEL01-PR
702298;03/07/2025;quinta-feira;22:45:00;PR;376;632;SAO JOSE DOS PINHAIS;Ingestão de álcool pelo condutor;Colisão traseira;Sem Vítimas;Plena Noite;Decrescente;Garoa/Chuvisco;Dupla;Reta;Não;2;0;0;0;2;0;0;2;-25,7370584;-49,131779;SPRF-PR;DEL01-PR;UOP04-DEL01-PR
702300;04/07/2025;sexta-feira;00:05:00;PR;376;214;MANDAGUARI;Transitar na contramão;Colisão frontal;Com Vítimas Feridas;Plena Noite;Decrescente;Céu Claro;Dupla;"Aclive;Reta";Não;2;0;0;2;0;0;2;2;-23,567717;-51,654671;SPRF-PR;DEL09-PR;UOP01-DEL09-PR
702301;04/07/2025;sexta-feira;01:00:00;CE;20;306;CANINDE;Ingestão de álcool pelo condutor;Tombamento;Com Vítimas Feridas;Plena Noite;Crescente;Céu Claro;Simples;Reta;Sim;1;0;1;0;0;0;1;1;-4,364852;-39,302424;SPRF-CE;DEL02-CE;UOP01-DEL02-CE
702303;04/07/2025;sexta-feira;01:00:00;SC;282;3,3;FLORIANOPOLIS;Ingestão de álcool pelo condutor;Colisão com objeto;Com Vítimas Feridas;Plena Noite;Decrescente;Nublado;Múltipla;Reta;Não;1;0;1;0;0;0;1;1;-27,59762;-48,600748;SPRF-SC;DEL01-SC;UOP01-DEL01-SC
702305;04/07/2025;sexta-feira;02:00:00;SP;459;14;PIQUETE;Condutor deixou de manter distância do veículo da frente;Colisão traseira;Sem Vítimas;Plena Noite;Crescente;Chuva;Simples;Rotatória;Sim;2;0;0;0;2;0;0;2;-22,61618032;-45,17226474;SPRF-SP;DEL08-SP;UOP02-DEL08-SP
702306;04/07/2025;sexta-feira;00:30:00;CE;116;5;FORTALEZA;Participar de racha;Colisão traseira;Com Vítimas Fatais;Plena Noite;Decrescente;Céu Claro;Múltipla;Reta;Não;2;1;0;0;0;1;0;2;-3,7928189;-38,5079911;SPRF-CE;DEL01-CE;UOP02-DEL01-CE
702307;04/07/2025;sexta-feira;00:05:00;SC;282;275;SAO JOSE DO CERRITO;Demais falhas mecânicas ou elétricas;Incêndio;Sem Vítimas;Plena Noite;Decrescente;Céu Claro;Múltipla;Curva;Não;1;0;0;0;0;1;0;1;-27,6055;-50,72485;SPRF-SC;DEL05-SC;UOP02-DEL05-SC
702308;04/07/2025;sexta-feira;02:00:00;PB;101;84;BAYEUX;Ausência de reação do condutor;Saída de leito carroçável;Sem Vítimas;Plena Noite;Crescente;Céu Claro;Dupla;Reta;Sim;2;0;0;0;2;0;0;1;-7,1383006;-34,92457983;SPRF-PB;DEL01-PB;UOP01-DEL01-PB
702309;04/07/2025;sexta-feira;01:35:00;RO;364;343,1;JI-PARANA;Condutor desrespeitou a iluminação vermelha do semáforo;Colisão transversal;Com Vítimas Feridas;Plena Noite;Decrescente;Céu Claro;Dupla;Interseção de Vias;Sim;3;0;1;1;0;1;2;2;-10,877718;-61,946938;SPRF-RO;DEL02-RO;UOP01-DEL02-RO
702310;04/07/2025;sexta-feira;03:15:00;PR;376;593,2;CURITIBA;Ausência de reação do condutor;Colisão traseira;Sem Vítimas;Plena Noite;Crescente;Garoa/Chuvisco;Dupla;"Reta;Desvio Temporário";Não;2;0;0;0;1;1;0;2;-25,44767521;-49,36381698;SPRF-PR;DEL01-PR;UOP06-DEL01-PR
702313;04/07/2025;sexta-feira;05:00:00;GO;60;101;ANAPOLIS;Ausência de reação do condutor;Saída de leito carroçável;Com Vítimas Feridas;Amanhecer;Crescente;Céu Claro;Dupla;"Retorno Regulamentado;Reta";Sim;1;0;1;0;0;0;1;1;-16,4045689;-48,9802772;SPRF-GO;DEL02-GO;UOP01-DEL02-GO
702314;04/07/2025;sexta-feira;03:37:00;PI;343;0;TERESINA;Desrespeitar a preferência no cruzamento;Colisão transversal;Sem Vítimas;Plena Noite;Decrescente;Céu Claro;Dupla;"Interseção de Vias;Rotatória";Sim;3;0;0;0;2;1;0;2;-5,07873;-42,74989;SPRF-PI;DEL01-PI;UOP01-DEL01-PI
702316;04/07/2025;sexta-feira;05:00:00;SC;101;204;SAO JOSE;Reação tardia ou ineficiente do condutor;Colisão traseira;Com Vítimas Feridas;Amanhecer;Crescente;Garoa/Chuvisco;Múltipla;Reta;Sim;6;0;1;0;2;3;1;2;-27,5795775;-48,614175;SPRF-SC;DEL01-SC;UOP01-DEL01-SC
702318;04/07/2025;sexta-feira;06:15:00;SC;282;5,5;SAO JOSE;Pista Escorregadia;Tombamento;Com Vítimas Feridas;Amanhecer;Crescente;Garoa/Chuvisco;Múltipla;Curva;Não;1;0;0;1;0;0;1;1;-27,58545;-48,617702;SPRF-SC;DEL01-SC;UOP01-DEL01-SC
702319;04/07/2025;sexta-feira;04:52:00;SC;282;1,9;FLORIANOPOLIS;Ingestão de álcool pelo condutor;Capotamento;Sem Vítimas;Pleno dia;Crescente;Nublado;Múltipla;Reta;Sim;2;0;0;0;1;1;0;2;-27,60320748;-48,58945783;SPRF-SC;DEL01-SC;UOP01-DEL01-SC
702320;03/07/2025;quinta-feira;21:35:00;SC;101;330;TUBARAO;Ausência de reação do condutor;Saída de leito carroçável;Sem Vítimas;Plena Noite;Decrescente;Nublado;Simples;Reta;Não;1;0;0;0;1;0;0;1;-28,45841667;-48,98616878;SPRF-SC;DEL02-SC;UOP01-DEL02-SC
702321;04/07/2025;sexta-feira;06:20:00;RS;448;22;PORTO ALEGRE;Ingestão de álcool pelo condutor;Colisão com objeto;Sem Vítimas;Plena Noite;Decrescente;Nevoeiro/Neblina;Simples;"Curva;Aclive;Viaduto";Sim;1;0;0;0;0;1;0;1;-29,97418821;-51,19757501;SPRF-RS;DEL01-RS;UOP01-DEL01-RS
702322;04/07/2025;sexta-feira;06:00:00;PR;277;190,5;PALMEIRA;Animais na Pista;Atropelamento de Animal;Com Vítimas Feridas;Amanhecer;Decrescente;Nevoeiro/Neblina;Simples;Reta;Não;3;0;2;0;1;0;2;1;-25,43149311;-50,15499115;SPRF-PR;DEL08-PR;UOP02-DEL08-PR
702324;04/07/2025;sexta-feira;07:01:00;PR;277;730;FOZ DO IGUACU;Pedestre cruzava a pista fora da faixa;Atropelamento de Pedestre;Com Vítimas Feridas;Amanhecer;Decrescente;Céu Claro;Dupla;"Aclive;Reta";Sim;2;0;1;1;0;0;2;2;-25,50937676;-54,5938227;SPRF-PR;DEL05-PR;UOP03-DEL05-PR
702325;04/07/2025;sexta-feira;06:15:00;TO;153;617,8;ALIANCA DO TOCANTINS;Ausência de reação do condutor;Colisão traseira;Com Vítimas Feridas;Amanhecer;Crescente;Céu Claro;Simples;Reta;Não;3;0;0;1;2;0;1;2;-11,254;-48,936;SPRF-TO;DEL01-TO;UOP02-DEL01-TO
702326;04/07/2025;sexta-feira;07:00:00;RN;304;29,7;MOSSORO;Acessar a via sem observar a presença dos outros veículos;Colisão transversal;Com Vítimas Feridas;Pleno dia;Crescente;Céu Claro;Simples;"Reta;Aclive;Interseção de Vias";Sim;2;0;0;1;1;0;1;2;-5,115028;-37,340634;SPRF-RN;DEL04-RN;UOP02-DEL04-RN
702327;04/07/2025;sexta-feira;07:00:00;GO;20;127;VILA BOA;Ultrapassagem Indevida;Colisão frontal;Com Vítimas Feridas;Pleno dia;Crescente;Céu Claro;Simples;Reta;Não;3;0;1;0;2;0;1;2;-15,04415037;-47,063241;SPRF-DF;DEL02-DF;UOP03-DEL02-DF
702328;04/07/2025;sexta-feira;04:00:00;SC;282;456,7;PONTE SERRADA;Demais falhas mecânicas ou elétricas;Incêndio;Sem Vítimas;Plena Noite;Decrescente;Céu Claro;Simples;Reta;Não;1;0;0;0;1;0;0;1;-26,885752;-52,004669;SPRF-SC;DEL07-SC;UOP04-DEL07-SC
702329;04/07/2025;sexta-feira;07:30:00;PR;116;122;FAZENDA RIO GRANDE;Trafegar com motocicleta (ou similar) entre as faixas;Tombamento;Com Vítimas Feridas;Pleno dia;Decrescente;Céu Claro;Dupla;Reta;Sim;1;0;1;0;0;0;1;1;-25,71662951;-49,31846112;SPRF-PR;DEL01-PR;UOP03-DEL01-PR
702330;04/07/2025;sexta-feira;06:30:00;PR;369;158;CAMBE;Condutor deixou de manter distância do veículo da frente;Colisão traseira;Com Vítimas Feridas;Amanhecer;Crescente;Nublado;Dupla;"Reta;Interseção de Vias";Sim;2;0;1;0;1;0;1;2;-23,28529657;-51,23437643;SPRF-PR;DEL07-PR;UOP01-DEL07-PR
702331;04/07/2025;sexta-feira;07:30:00;DF;40;0,5;BRASILIA;Condutor deixou de manter distância do veículo da frente;Tombamento;Com Vítimas Feridas;Pleno dia;Decrescente;Céu Claro;Dupla;Reta;Sim;1;0;0;1;0;0;1;1;-15,982771;-47,98796781;SPRF-DF;DEL01-DF;UOP01-DEL01-DF