id;data_inversa;dia_semana;horario;uf;br;km;municipio;causa_acidente;tipo_acidente;classificacao_acidente;fase_dia;sentido_via;condicao_metereologica;tipo_pista;tracado_via;uso_solo;pessoas;mortos;feridos_leves;feridos_graves;ilesos;ignorados;feridos;veiculos;latitude;longitude;regional;delegacia;uop
702332;04/07/2025;sexta-feira;07:15:00;SP;116;223;GUARULHOS;Acumulo de areia ou detritos sobre o pavimento;Colisão com objeto;Com Vítimas Feridas;Pleno dia;Decrescente;Céu Claro;Múltipla;"Em Obras;Reta";Não;1;0;1;0;0;0;1;1;-23,48021238;-46,53353282;SPRF-SP;DEL01-SP;UOP01-DEL01-SP
702334;04/07/2025;sexta-feira;06:55:00;SC;470;54,3;BLUMENAU;Acessar a via sem observar a presença dos outros veículos;Colisão traseira;Com Vítimas Feridas;Pleno dia;Crescente;Nublado;Simples;"Interseção de Vias;Rotatória";Sim;2;0;1;0;1;0;1;2;-26,87325039;-49,1143534;SPRF-SC;DEL04-SC;UOP01-DEL04-SC
702336;03/07/2025;quinta-feira;14:50:00;MS;262;299,6;CAMPO GRANDE;Demais falhas mecânicas ou elétricas;Tombamento;Com Vítimas Feridas;Pleno dia;Crescente;Céu Claro;Simples;"Reta;Aclive";Não;2;0;0;1;1;0;1;1;-20,4999527;-54,2932869;SPRF-MS;DEL01-MS;UOP05-DEL01-MS
702337;04/07/2025;sexta-feira;02:00:00;RJ;116;145;DUQUE DE CAXIAS;Reação tardia ou ineficiente do condutor;Colisão traseira;Com Vítimas Feridas;Plena Noite;Crescente;Garoa/Chuvisco;Dupla;Reta;Sim;3;0;1;1;1;0;2;2;-22,66718935;-43,26503489;SPRF-RJ;DEL01-RJ;UOP02-DEL01-RJ
702339;04/07/2025;sexta-feira;06:40:00;MS;163;473;CAMPO GRANDE;Acessar a via sem observar a presença dos outros veículos;Colisão transversal;Com Vítimas Feridas;Pleno dia;Crescente;Céu Claro;Simples;"Reta;Declive";Sim;3;0;2;0;1;0;2;2;-20,5336004;-54,56444621;SPRF-MS;DEL01-MS;UOP01-DEL01-MS
702340;04/07/2025;sexta-feira;07:10:00;PB;101;89;JOAO PESSOA;Demais falhas mecânicas ou elétricas;Queda de ocupante de veículo;Com Vítimas Feridas;Pleno dia;Decrescente;Céu Claro;Dupla;Reta;Sim;1;0;1;0;0;0;1;1;-7,178354;-34,89953;SPRF-PB;DEL01-PB;UOP01-DEL01-PB
702341;04/07/2025;sexta-feira;07:15:00;GO;70;7;AGUAS LINDAS DE GOIAS;Manobra de mudança de faixa;Colisão traseira;Com Vítimas Feridas;Pleno dia;Decrescente;Sol;Múltipla;"Declive;Reta";Sim;3;0;1;0;2;0;1;2;-15,739058;-48,27211666;SPRF-DF;DEL03-DF;UOP02-DEL03-DF
702344;04/07/2025;sexta-feira;07:00:00;RS;472;175,4;SANTA ROSA;Desrespeitar a preferência no cruzamento;Colisão transversal;Com Vítimas Feridas;Amanhecer;Decrescente;Céu Claro;Simples;"Interseção de Vias;Curva";Sim;6;0;4;2;0;0;6;2;-27,853725;-54,517888;SPRF-RS;DEL10-RS;UOP01-DEL10-RS
702346;04/07/2025;sexta-feira;09:00:00;ES;101;393;RIO NOVO DO SUL;Acessar a via sem observar a presença dos outros veículos;Atropelamento de Pedestre;Com Vítimas Feridas;Pleno dia;Decrescente;Nublado;Simples;Reta;Não;2;0;1;0;1;0;1;2;-20,86697748;-40,90376794;SPRF-ES;DEL03-ES;UOP02-DEL03-ES
702347;04/07/2025;sexta-feira;07:00:00;PR;376;6,7;MANDAGUARI;Acessar a via sem observar a presença dos outros veículos;Colisão transversal;Com Vítimas Feridas;Pleno dia;Decrescente;Céu Claro;Simples;Interseção de Vias;Sim;2;0;0;1;1;0;1;2;-23,53614017;-51,6719505;SPRF-PR;DEL09-PR;UOP01-DEL09-PR
702351;04/07/2025;sexta-feira;07:00:00;SC;163;103,9;SAO JOSE DO CEDRO;Acessar a via sem observar a presença dos outros veículos;Colisão transversal;Com Vítimas Feridas;Amanhecer;Crescente;Céu Claro;Dupla;"Curva;Interseção de Vias";Sim;2;0;1;0;1;0;1;2;-26,45265045;-53,51054192;SPRF-SC;DEL07-SC;UOP03-DEL07-SC
702352;04/07/2025;sexta-feira;08:30:00;SC;282;4,7;SAO JOSE;Trafegar com motocicleta (ou similar) entre as faixas;Colisão traseira;Com Vítimas Feridas;Pleno dia;Decrescente;Garoa/Chuvisco;Múltipla;"Aclive;Reta";Sim;2;0;0;1;1;0;1;2;-27,59124531;-48,60732906;SPRF-SC;DEL01-SC;UOP01-DEL01-SC
702353;04/07/2025;sexta-feira;01:15:00;RS;290;399;SANTA MARGARIDA DO SUL;Ausência de reação do condutor;Saída de leito carroçável;Com Vítimas Feridas;Plena Noite;Decrescente;Céu Claro;Simples;Reta;Não;1;0;1;0;0;0;1;1;-30,352603;-54,141193;SPRF-RS;DEL09-RS;UOP02-DEL09-RS
702355;04/07/2025;sexta-feira;06:35:00;AC;364;125;RIO BRANCO;Acesso irregular;Colisão transversal;Com Vítimas Feridas;Pleno dia;Crescente;Céu Claro;Dupla;Rotatória;Não;2;0;1;1;0;0;2;2;-10,01285758;-67,80885167;SPRF-AC;DEL01-AC;UOP01-DEL01-AC
702357;04/07/2025;sexta-feira;05:30:00;MS;267;5,2;BATAGUASSU;Transitar na contramão;Colisão frontal;Sem Vítimas;Amanhecer;Decrescente;Céu Claro;Simples;Reta;Não;3;0;0;0;2;1;0;2;-21,749349;-52,194045;SPRF-MS;DEL02-MS;UOP04-DEL02-MS
702359;04/07/2025;sexta-feira;08:40:00;DF;40;6;BRASILIA;Pedestre cruzava a pista fora da faixa;Atropelamento de Pedestre;Com Vítimas Feridas;Pleno dia;Decrescente;Céu Claro;Dupla;Reta;Não;3;0;0;2;1;0;2;3;-16,0301366;-47,9785725;SPRF-DF;DEL01-DF;UOP01-DEL01-DF
702360;04/07/2025;sexta-feira;09:15:00;SP;116;227;GUARULHOS;Acessar a via sem observar a presença dos outros veículos;Colisão lateral mesmo sentido;Com Vítimas Feridas;Pleno dia;Crescente;Nublado;Múltipla;"Desvio Temporário;Em Obras;Declive;Reta";Sim;2;0;1;0;1;0;1;2;-23,49582335;-46,55623376;SPRF-SP;DEL01-SP;UOP01-DEL01-SP
702361;04/07/2025;sexta-feira;10:10:00;MG;153;189,5;FRUTAL;Reação tardia ou ineficiente do condutor;Colisão frontal;Com Vítimas Feridas;Pleno dia;Decrescente;Céu Claro;Simples;Reta;Não;2;0;2;0;0;0;2;2;-19,881289;-48,975104;SPRF-MG;DEL13-MG;UOP02-DEL13-MG
702362;04/07/2025;sexta-feira;06:00:00;MT;364;344;SANTO ANTONIO DO LEVERGER;Ausência de reação do condutor;Queda de ocupante de veículo;Sem Vítimas;Pleno dia;Crescente;Nublado;Dupla;Reta;Não;1;0;0;0;1;0;0;1;-15,80383766;-55,54401469;SPRF-MT;DEL05-MT;UOP02-DEL05-MT
702363;04/07/2025;sexta-feira;08:20:00;SC;101;100,8;BALNEARIO PICARRAS;Acessar a via sem observar a presença dos outros veículos;Colisão transversal;Com Vítimas Feridas;Pleno dia;Crescente;Nublado;Simples;"Reta;Interseção de Vias";Sim;2;0;1;0;1;0;1;2;-26,76410454;-48,68669478;SPRF-SC;DEL03-SC;UOP02-DEL03-SC
702366;04/07/2025;sexta-feira;09:30:00;PA;230;611;VITORIA DO XINGU;Ausência de reação do condutor;Colisão traseira;Com Vítimas Feridas;Pleno dia;Decrescente;Céu Claro;Simples;Reta;Sim;2;0;0;1;1;0;1;2;-3,17125916;-52,06264392;SPRF-PA;DEL04-PA;UOP01-DEL04-PA
702368;24/06/2025;terça-feira;10:20:00;BA;101;217;MURITIBA;Ultrapassagem Indevida;Colisão frontal;Com Vítimas Feridas;Pleno dia;Decrescente;Sol;Simples;"Curva;Declive";Não;3;0;2;0;1;0;2;2;-12,6432472;-39,1010882;SPRF-BA;DEL01-BA;UOP02-DEL01-BA
702370;04/07/2025;sexta-feira;01:30:00;GO;153;634;PIRACANJUBA;Ausência de reação do condutor;Saída de leito carroçável;Sem Vítimas;Plena Noite;Crescente;Céu Claro;Dupla;"Declive;Reta";Não;1;0;0;0;0;1;0;1;-17,49155;-49,12436;SPRF-GO;DEL03-GO;UOP01-DEL03-GO
702371;04/07/2025;sexta-feira;09:50:00;RJ;101;318;SAO GONCALO;Reação tardia ou ineficiente do condutor;Queda de ocupante de veículo;Com Vítimas Feridas;Pleno dia;Decrescente;Céu Claro;Dupla;Reta;Sim;1;0;1;0;0;0;1;1;-22,84506971;-43,09808288;SPRF-RJ;DEL02-RJ;UOP02-DEL02-RJ
702374;04/07/2025;sexta-feira;09:00:00;RJ;101;46;CAMPOS DOS GOYTACAZES;Reação tardia ou ineficiente do condutor;Colisão transversal;Com Vítimas Feridas;Pleno dia;Decrescente;Nublado;Simples;Reta;Não;2;0;1;0;0;1;1;2;-21,60104762;-41,31680198;SPRF-RJ;DEL08-RJ;UOP01-DEL08-RJ
702376;04/07/2025;sexta-feira;09:30:00;BA;116;521;ITATIM;Acessar a via sem observar a presença dos outros veículos;Colisão transversal;Com Vítimas Feridas;Pleno dia;Decrescente;Céu Claro;Simples;"Interseção de Vias;Reta;Rotatória";Sim;2;0;0;1;0;1;1;2;-12,70835131;-39,72542954;SPRF-BA;DEL03-BA;UOP02-DEL03-BA
702378;04/07/2025;sexta-feira;11:10:00;SP;116;139;SAO JOSE DOS CAMPOS;Trafegar com motocicleta (ou similar) entre as faixas;Colisão lateral mesmo sentido;Com Vítimas Feridas;Pleno dia;Decrescente;Céu Claro;Simples;Reta;Sim;1;0;0;1;0;0;1;1;-23,16221508;-45,80543367;SPRF-SP;DEL02-SP;UOP01-DEL02-SP
702380;11/06/2025;quarta-feira;14:00:00;PI;343;13;PARNAIBA;Acessar a via sem observar a presença dos outros veículos;Colisão lateral mesmo sentido;Sem Vítimas;Pleno dia;Crescente;Céu Claro;Dupla;Reta;Sim;3;0;0;0;3;0;0;2;-2,92332571;-41,75428033;SPRF-PI;DEL05-PI;UOP01-DEL05-PI
702381;04/07/2025;sexta-feira;09:15:00;AL;316;140,5;ESTRELA DE ALAGOAS;Ingestão de álcool pelo condutor;Colisão com objeto;Com Vítimas Feridas;Pleno dia;Decrescente;Nublado;Simples;Reta;Sim;1;0;0;1;0;0;1;1;-9,391438;-36,752752;SPRF-AL;DEL03-AL;UOP01-DEL03-AL
702382;04/07/2025;sexta-feira;09:00:00;BA;116;790;VITORIA DA CONQUISTA;Condutor deixou de manter distância do veículo da frente;Colisão traseira;Com Vítimas Feridas;Pleno dia;Decrescente;Céu Claro;Simples;"Aclive;Reta";Não;2;0;1;0;1;0;1;2;-14,70293;-40,587642;SPRF-BA;DEL08-BA;UOP02-DEL08-BA
702383;04/07/2025;sexta-feira;07:45:00;MG;116;702;MURIAE;Desrespeitar a preferência no cruzamento;Colisão transversal;Com Vítimas Feridas;Pleno dia;Decrescente;Céu Claro;Simples;"Reta;Interseção de Vias";Sim;3;0;2;0;1;0;2;2;-21,12121424;-42,37988949;SPRF-MG;DEL07-MG;UOP02-DEL07-MG
702386;04/07/2025;sexta-feira;11:30:00;BA;20;134;SAO DESIDERIO;Demais falhas mecânicas ou elétricas;Saída de leito carroçável;Com Vítimas Feridas;Pleno dia;Crescente;Céu Claro;Simples;Reta;Não;3;0;3;0;0;0;3;1;-12,80028;-45,953772;SPRF-BA;DEL10-BA;UOP01-DEL10-BA
702387;04/07/2025;sexta-feira;11:20:00;PR;116;180;CAMPO DO TENENTE;Reação tardia ou ineficiente do condutor;Tombamento;Com Vítimas Feridas;Pleno dia;Crescente;Nublado;Simples;Curva;Não;1;0;1;0;0;0;1;1;-25,916;-49,607;SPRF-PR;DEL01-PR;UOP03-DEL01-PR
702388;04/07/2025;sexta-feira;12:20:00;RS;116;263;CANOAS;Ausência de reação do condutor;Colisão traseira;Com Vítimas Feridas;Pleno dia;Decrescente;Céu Claro;Simples;Reta;Não;3;0;2;0;1;0;2;2;-29,90421638;-51,17644919;SPRF-RS;DEL01-RS;UOP01-DEL01-RS
702390;04/07/2025;sexta-feira;08:46:00;RO;364;725;PORTO VELHO;Ingestão de álcool pelo condutor;Colisão traseira;Com Vítimas Feridas;Pleno dia;Decrescente;Céu Claro;Simples;Reta;Não;2;0;1;0;1;0;1;2;-8,85193428;-63,94083738;SPRF-RO;DEL01-RO;UOP01-DEL01-RO
702391;04/07/2025;sexta-feira;10:50:00;MG;381;527,6;BRUMADINHO;Ausência de reação do condutor;Colisão traseira;Sem Vítimas;Pleno dia;Decrescente;Céu Claro;Dupla;Curva;Não;2;0;0;0;2;0;0;2;-20,164662;-44,330974;SPRF-MG;DEL04-MG;UOP03-DEL04-MG
702394;13/04/2025;domingo;10:50:00;BA;407;1;JUAZEIRO;Afundamento ou ondulação no pavimento;Queda de ocupante de veículo;Com Vítimas Feridas;Pleno dia;Crescente;Ignorado;Simples;Reta;Não;1;0;1;0;0;0;1;1;-9,41967084;-40,507375;SPRF-PE;DEL06-PE;UOP01-DEL06-PE
702395;04/07/2025;sexta-feira;12:30:00;PE;428;189;PETROLINA;Entrada inopinada do pedestre;Atropelamento de Pedestre;Com Vítimas Feridas;Pleno dia;Decrescente;Céu Claro;Dupla;Reta;Sim;2;0;0;1;1;0;1;2;-9,3774847;-40,50132296;SPRF-PE;DEL06-PE;UOP01-DEL06-PE
702396;04/07/2025;sexta-feira;11:10:00;MG;262;447;NOVA SERRANA;Desrespeitar a preferência no cruzamento;Colisão transversal;Com Vítimas Feridas;Pleno dia;Crescente;Céu Claro;Simples;"Reta;Interseção de Vias";Sim;2;0;0;1;1;0;1;2;-19,8608047;-45,0052052;SPRF-MG;DEL08-MG;UOP03-DEL08-MG
702397;04/07/2025;sexta-feira;12:00:00;GO;153;681,7;PANAMA;Animais na Pista;Saída de leito carroçável;Com Vítimas Feridas;Pleno dia;Crescente;Céu Claro;Dupla;"Declive;Reta";Não;1;0;1;0;0;0;1;1;-18,2167;-49,2705;SPRF-GO;DEL03-GO;UOP02-DEL03-GO
702398;04/07/2025;sexta-feira;07:00:00;MG;262;400;PARA DE MINAS;Ausência de reação do condutor;Saída de leito carroçável;Com Vítimas Feridas;Pleno dia;Crescente;Céu Claro;Dupla;"Declive;Reta";Não;1;0;1;0;0;0;1;1;-19,88743;-44,64103;SPRF-MG;DEL01-MG;UOP03-DEL01-MG
702399;04/07/2025;sexta-feira;12:15:00;GO;40;22;LUZIANIA;Acumulo de óleo sobre o pavimento;Queda de ocupante de veículo;Com Vítimas Feridas;Pleno dia;Crescente;Céu Claro;Dupla;"Reta;Interseção de Vias";Sim;1;0;1;0;0;0;1;1;-16,24414638;-47,90749937;SPRF-DF;DEL01-DF;UOP01-DEL01-DF
702400;04/07/2025;sexta-feira;13:10:00;MG;381;356;JOAO MONLEVADE;Velocidade Incompatível;Capotamento;Com Vítimas Feridas;Pleno dia;Crescente;Garoa/Chuvisco;Simples;"Declive;Curva";Não;2;0;1;0;1;0;1;1;-19,8499713;-43,151044;SPRF-MG;DEL03-MG;UOP01-DEL03-MG
702402;04/07/2025;sexta-feira;13:09:00;RJ;101;331;RIO DE JANEIRO;Ausência de reação do condutor;Colisão traseira;Com Vítimas Feridas;Pleno dia;Decrescente;Céu Claro;Múltipla;Reta;Sim;2;0;1;0;1;0;1;2;-22,86826698;-43,19309235;SPRF-RJ;DEL02-RJ;UOP01-DEL02-RJ
702403;04/07/2025;sexta-feira;10:40:00;RJ;40;104;DUQUE DE CAXIAS;Avarias e/ou desgaste excessivo no pneu;Engavetamento;Com Vítimas Feridas;Pleno dia;Crescente;Céu Claro;Múltipla;"Aclive;Reta";Sim;3;0;1;0;2;0;1;3;-22,63528294;-43,28510284;SPRF-RJ;DEL01-RJ;UOP02-DEL01-RJ
702404;04/07/2025;sexta-feira;12:35:00;PR;153;34,1;SANTO ANTONIO DA PLATINA;Reação tardia ou ineficiente do condutor;Saída de leito carroçável;Com Vítimas Feridas;Pleno dia;Crescente;Céu Claro;Simples;Curva;Não;2;0;2;0;0;0;2;1;-23,24138554;-50,03808975;SPRF-PR;DEL07-PR;UOP04-DEL07-PR
702405;04/07/2025;sexta-feira;13:00:00;MG;381;562;ITAGUARA;Acessar a via sem observar a presença dos outros veículos;Colisão frontal;Com Vítimas Feridas;Pleno dia;Decrescente;Sol;Dupla;Curva;Sim;2;0;1;0;1;0;1;2;-20,3831718;-44,4821852;SPRF-MG;DEL04-MG;UOP03-DEL04-MG
702406;04/07/2025;sexta-feira;11:50:00;ES;259;61,9;COLATINA;Acesso irregular;Queda de ocupante de veículo;Com Vítimas Feridas;Pleno dia;Crescente;Nublado;Simples;Reta;Sim;2;0;2;0;0;0;2;1;-19,53007358;-40,69202758;SPRF-ES;DEL02-ES;UOP01-DEL02-ES
702409;04/07/2025;sexta-feira;13:05:00;PE;104;68;CARUARU;Condutor deixou de manter distância do veículo da frente;Colisão traseira;Com Vítimas Feridas;Pleno dia;Crescente;Céu Claro;Dupla;"Viaduto;Reta";Sim;2;0;0;1;1;0;1;2;-8,30097189;-35,98875976;SPRF-PE;DEL02-PE;UOP01-DEL02-PE
702410;04/07/2025;sexta-feira;13:20:00;PR;277;687;SAO MIGUEL DO IGUACU;Acessar a via sem observar a presença dos outros veículos;Colisão transversal;Com Vítimas Fatais;Pleno dia;Crescente;Sol;Dupla;"Reta;Interseção de Vias";Sim;3;1;0;1;1;0;1;2;-25,3447493;-54,2317423;SPRF-PR;DEL05-PR;UOP01-DEL05-PR
702411;04/07/2025;sexta-feira;01:45:00;PR;277;396;CANDOI;Reação tardia ou ineficiente do condutor;Saída de leito carroçável;Com Vítimas Feridas;Plena Noite;Decrescente;Céu Claro;Simples;Reta;Não;1;0;1;0;0;0;1;1;-25,45610754;-51,9479084;SPRF-PR;DEL08-PR;UOP01-DEL08-PR
702412;04/07/2025;sexta-feira;13:53:00;RS;116;267;CANOAS;Condutor deixou de manter distância do veículo da frente;Colisão traseira;Com Vítimas Feridas;Pleno dia;Crescente;Céu Claro;Dupla;Reta;Sim;2;0;1;0;1;0;1;2;-29,93976287;-51,17727757;SPRF-RS;DEL01-RS;UOP01-DEL01-RS
702415;04/07/2025;sexta-feira;13:05:00;RS;153;50,6;ERECHIM;Reação tardia ou ineficiente do condutor;Colisão traseira;Com Vítimas Feridas;Pleno dia;Crescente;Sol;Simples;Interseção de Vias;Sim;2;0;1;0;1;0;1;2;-27,65635708;-52,27684949;SPRF-RS;DEL08-RS;UOP04-DEL08-RS
702416;04/07/2025;sexta-feira;14:40:00;SC;101;206;SAO JOSE;Reação tardia ou ineficiente do condutor;Tombamento;Com Vítimas Feridas;Pleno dia;Crescente;Céu Claro;Múltipla;Reta;Sim;1;0;1;0;0;0;1;1;-27,59293012;-48,61836433;SPRF-SC;DEL01-SC;UOP01-DEL01-SC
702417;04/07/2025;sexta-feira;14:00:00;SC;101;138;BALNEARIO CAMBORIU;Trafegar com motocicleta (ou similar) entre as faixas;Colisão lateral mesmo sentido;Com Vítimas Feridas;Pleno dia;Decrescente;Céu Claro;Dupla;Curva;Sim;2;0;1;0;1;0;1;2;-27,03065952;-48,60685229;SPRF-SC;DEL04-SC;UOP03-DEL04-SC
702418;04/07/2025;sexta-feira;14:50:00;SC;101;202,5;SAO JOSE;Condutor deixou de manter distância do veículo da frente;Queda de ocupante de veículo;Com Vítimas Feridas;Pleno dia;Crescente;Céu Claro;Múltipla;Reta;Sim;1;0;1;0;0;0;1;1;-27,56217947;-48,61630289;SPRF-SC;DEL01-SC;UOP01-DEL01-SC
702419;04/07/2025;sexta-feira;13:05:00;MT;364;340;SANTO ANTONIO DO LEVERGER;Ausência de reação do condutor;Saída de leito carroçável;Com Vítimas Feridas;Pleno dia;Crescente;Céu Claro;Dupla;"Aclive;Curva";Não;1;0;0;1;0;0;1;1;-15,820244;-55,517598;SPRF-MT;DEL05-MT;UOP02-DEL05-MT
702420;04/07/2025;sexta-feira;14:56:00;PE;101;43;IGARASSU;Reação tardia ou ineficiente do condutor;Colisão traseira;Com Vítimas Feridas;Pleno dia;Crescente;Céu Claro;Múltipla;Reta;Sim;2;0;1;0;1;0;1;2;-7,8495729;-34,9097667;SPRF-PE;DEL01-PE;UOP02-DEL01-PE
702422;04/07/2025;sexta-feira;11:00:00;MG;153;9;ARAPORA;Ausência de reação do condutor;Colisão traseira;Sem Vítimas;Pleno dia;Crescente;Céu Claro;Dupla;"Reta;Retorno Regulamentado";Não;2;0;0;0;0;2;0;2;-18,498354;-49,189003;SPRF-MG;DEL15-MG;UOP03-DEL15-MG
702424;04/07/2025;sexta-feira;15:20:00;PI;343;10,2;PARNAIBA;Acessar a via sem observar a presença dos outros veículos;Colisão transversal;Com Vítimas Feridas;Pleno dia;Crescente;Céu Claro;Simples;Reta;Sim;2;0;0;1;1;0;1;2;-2,90296727;-41,74804688;SPRF-PI;DEL05-PI;UOP01-DEL05-PI
702425;04/07/2025;sexta-feira;14:46:00;AM;230;611,9;HUMAITA;Velocidade Incompatível;Tombamento;Com Vítimas Feridas;Pleno dia;Crescente;Céu Claro;Simples;Reta;Sim;1;0;1;0;0;0;1;1;-7,50592321;-63,02997563;SPRF-AM;DEL02-AM;UOP01-DEL02-AM
702426;04/07/2025;sexta-feira;12:30:00;MS;60;410,1;SIDROLANDIA;Velocidade Incompatível;Saída de leito carroçável;Sem Vítimas;Pleno dia;Crescente;Céu Claro;Simples;Reta;Não;1;0;0;0;0;1;0;1;-20,88554789;-54,8325491;SPRF-MS;DEL01-MS;UOP04-DEL01-MS
702427;04/07/2025;sexta-feira;15:50:00;RS;116;246;SAO LEOPOLDO;Acesso irregular;Atropelamento de Pedestre;Com Vítimas Feridas;Pleno dia;Decrescente;Céu Claro;Dupla;Reta;Sim;3;0;0;1;1;1;1;2;-29,75676759;-51,1516571;SPRF-RS;DEL01-RS;UOP02-DEL01-RS
702428;04/07/2025;sexta-feira;15:00:00;SC;101;330;TUBARAO;Condutor deixou de manter distância do veículo da frente;Tombamento;Com Vítimas Feridas;Pleno dia;Decrescente;Céu Claro;Dupla;Reta;Não;1;0;0;1;0;0;1;1;-28,45381401;-48,97692053;SPRF-SC;DEL02-SC;UOP01-DEL02-SC
702429;30/03/2025;domingo;18:00:00;MS;163;465,3;CAMPO GRANDE;Ingestão de álcool pelo condutor;Saída de leito carroçável;Com Vítimas Feridas;Plena Noite;Crescente;Chuva;Simples;Interseção de Vias;Sim;2;0;1;0;1;0;1;2;-20,59255;-54,58108;SPRF-MS;DEL01-MS;UOP01-DEL01-MS
702431;04/07/2025;sexta-feira;15:10:00;RO;364;191;PIMENTA BUENO;Condutor Dormindo;Colisão traseira;Com Vítimas Feridas;Pleno dia;Decrescente;Céu Claro;Simples;Reta;Não;2;0;1;0;0;1;1;2;-11,715635;-61,152573;SPRF-RO;DEL02-RO;UOP02-DEL02-RO
702432;04/07/2025;sexta-feira;16:00:00;RS;285;460,1;IJUI;Condutor deixou de manter distância do veículo da frente;Colisão traseira;Com Vítimas Feridas;Pleno dia;Decrescente;Céu Claro;Simples;"Reta;Em Obras";Sim;3;0;1;0;2;0;1;2;-28,41703617;-53,91351549;SPRF-RS;DEL10-RS;UOP01-DEL10-RS
702434;04/07/2025;sexta-feira;15:20:00;RJ;101;87;CAMPOS DOS GOYTACAZES;Acumulo de água sobre o pavimento;Saída de leito carroçável;Com Vítimas Feridas;Pleno dia;Decrescente;Chuva;Dupla;Reta;Não;1;0;1;0;0;0;1;1;-21,8497024;-41,418752;SPRF-RJ;DEL08-RJ;UOP02-DEL08-RJ
702435;04/07/2025;sexta-feira;16:00:00;ES;101;256;SERRA;Transitar no Acostamento;Queda de ocupante de veículo;Com Vítimas Feridas;Pleno dia;Decrescente;Céu Claro;Simples;Reta;Sim;1;0;1;0;0;0;1;1;-20,04886866;-40,38653706;SPRF-ES;DEL02-ES;UOP01-DEL02-ES
702437;04/07/2025;sexta-feira;16:10:00;PR;277;75;SAO JOSE DOS PINHAIS;Demais falhas mecânicas ou elétricas;Queda de ocupante de veículo;Com Vítimas Feridas;Pleno dia;Decrescente;Nublado;Dupla;Reta;Não;2;0;1;0;1;0;1;1;-25,492192;-49,171698;SPRF-PR;DEL01-PR;UOP07-DEL01-PR
702439;04/07/2025;sexta-feira;12:00:00;PR;116;26;ANTONINA;Chuva;Queda de ocupante de veículo;Com Vítimas Feridas;Pleno dia;Crescente;Nublado;Dupla;Reta;Não;1;0;1;0;0;0;1;1;-25,11227844;-48,75026464;SPRF-PR;DEL01-PR;UOP02-DEL01-PR
702441;04/07/2025;sexta-feira;12:00:00;MT;70;3;BARRA DO GARCAS;Transitar no Acostamento;Colisão lateral mesmo sentido;Com Vítimas Feridas;Pleno dia;Decrescente;Céu Claro;Dupla;Aclive;Não;2;0;0;1;1;0;1;2;-15,883094;-52,274807;SPRF-MT;DEL07-MT;UOP01-DEL07-MT
702443;04/07/2025;sexta-feira;15:20:00;GO;20;53;FORMOSA;Transitar na contramão;Colisão frontal;Com Vítimas Fatais;Pleno dia;Crescente;Céu Claro;Simples;Curva;Não;10;4;2;3;0;1;5;3;-15,298245;-47,148276;SPRF-DF;DEL02-DF;UOP02-DEL02-DF
702444;04/07/2025;sexta-feira;16:50:00;DF;40;1,1;BRASILIA;Manobra de mudança de faixa;Colisão lateral mesmo sentido;Com Vítimas Feridas;Pleno dia;Crescente;Céu Claro;Dupla;Reta;Sim;3;0;2;0;1;0;2;2;-15,98886;-47,98709;SPRF-DF;DEL01-DF;UOP01-DEL01-DF
702446;04/07/2025;sexta-feira;16:46:00;RJ;101;328;RIO DE JANEIRO;Trafegar com motocicleta (ou similar) entre as faixas;Colisão transversal;Com Vítimas Feridas;Anoitecer;Decrescente;Céu Claro;Múltipla;Reta;Não;2;0;1;0;1;0;1;2;-22,87356729;-43,13565827;SPRF-RJ;DEL02-RJ;UOP01-DEL02-RJ
702451;04/07/2025;sexta-feira;17:50:00;SP;116;142,6;SAO JOSE DOS CAMPOS;Trafegar com motocicleta (ou similar) entre as faixas;Colisão lateral mesmo sentido;Com Vítimas Feridas;Anoitecer;Crescente;Céu Claro;Múltipla;Reta;Não;2;0;1;0;1;0;1;2;-23,1760311;-45,8287245;SPRF-SP;DEL02-SP;UOP01-DEL02-SP
702452;04/07/2025;sexta-feira;16:00:00;RJ;116;177;SAO JOAO DE MERITI;Trafegar com motocicleta (ou similar) entre as faixas;Colisão traseira;Com Vítimas Feridas;Pleno dia;Decrescente;Céu Claro;Dupla;Reta;Não;3;0;2;0;0;1;2;2;-22,77853398;-43,39650504;SPRF-RJ;DEL06-RJ;UOP01-DEL06-RJ
702453;04/07/2025;sexta-feira;16:20:00;RS;116;654,9;JAGUARAO;Acessar a via sem observar a presença dos outros veículos;Colisão frontal;Com Vítimas Feridas;Pleno dia;Crescente;Céu Claro;Simples;Interseção de Vias;Sim;2;0;1;0;1;0;1;2;-32,55482076;-53,38668672;SPRF-RS;DEL07-RS;UOP03-DEL07-RS
702454;04/07/2025;sexta-feira;17:30:00;ES;262;93;DOMINGOS MARTINS;Desrespeitar a preferência no cruzamento;Colisão transversal;Com Vítimas Feridas;Anoitecer;Crescente;Céu Claro;Simples;Reta;Sim;4;0;2;2;0;0;4;2;-20,37668185;-41,05403829;SPRF-ES;DEL01-ES;UOP02-DEL01-ES
702455;04/07/2025;sexta-feira;16:10:00;SC;101;96,8;BALNEARIO PICARRAS;Ausência de reação do condutor;Saída de leito carroçável;Com Vítimas Feridas;Pleno dia;Decrescente;Nublado;Dupla;Curva;Sim;2;0;1;0;0;1;1;1;-26,72822389;-48,70211212;SPRF-SC;DEL03-SC;UOP02-DEL03-SC