id;data_inversa;dia_semana;horario;uf;br;km;municipio;causa_acidente;tipo_acidente;classificacao_acidente;fase_dia;sentido_via;condicao_metereologica;tipo_pista;tracado_via;uso_solo;pessoas;mortos;feridos_leves;feridos_graves;ilesos;ignorados;feridos;veiculos;latitude;longitude;regional;delegacia;uop
702564;05/07/2025;sábado;02:15:00;RO;364;197,9;PIMENTA BUENO;Reação tardia ou ineficiente do condutor;Tombamento;Com Vítimas Feridas;Plena Noite;Crescente;Céu Claro;Dupla;Reta;Não;2;0;2;0;0;0;2;1;-11,671968;-61,190958;SPRF-RO;DEL02-RO;UOP02-DEL02-RO
702565;05/07/2025;sábado;01:00:00;PR;476;278;SAO MATEUS DO SUL;Ausência de reação do condutor;Saída de leito carroçável;Com Vítimas Feridas;Plena Noite;Decrescente;Nublado;Simples;"Reta;Declive";Sim;2;0;0;1;1;0;1;1;-25,86896458;-50,3975594;SPRF-PR;DEL02-PR;UOP03-DEL02-PR
702566;05/07/2025;sábado;03:10:00;SP;116;282;EMBU DAS ARTES;Transitar na contramão;Colisão lateral sentido oposto;Com Vítimas Feridas;Plena Noite;Decrescente;Céu Claro;Simples;"Curva;Retorno Regulamentado";Não;2;0;1;1;0;0;2;2;-23,65989817;-46,85000283;SPRF-SP;DEL04-SP;UOP01-DEL04-SP
702567;05/07/2025;sábado;01:10:00;SC;116;99,7;MONTE CASTELO;Condutor Dormindo;Saída de leito carroçável;Com Vítimas Feridas;Plena Noite;Crescente;Garoa/Chuvisco;Simples;Reta;Não;1;0;1;0;0;0;1;1;-26,7119937;-50,294253;SPRF-SC;DEL06-SC;UOP02-DEL06-SC
702569;05/07/2025;sábado;02:40:00;ES;101;88;SAO MATEUS;Condutor deixou de manter distância do veículo da frente;Colisão traseira;Sem Vítimas;Plena Noite;Decrescente;Nublado;Simples;Reta;Não;2;0;0;0;2;0;0;2;-18,884891;-39,949695;SPRF-ES;DEL04-ES;UOP02-DEL04-ES
702570;05/07/2025;sábado;03:10:00;MG;116;411,5;GOVERNADOR VALADARES;Ausência de reação do condutor;Colisão traseira;Com Vítimas Feridas;Plena Noite;Decrescente;Céu Claro;Dupla;Reta;Sim;3;0;1;1;1;0;2;2;-18,871005;-41,969303;SPRF-MG;DEL06-MG;UOP01-DEL06-MG
702571;05/07/2025;sábado;03:45:00;CE;222;4;FORTALEZA;Condutor desrespeitou a iluminação vermelha do semáforo;Colisão transversal;Com Vítimas Feridas;Plena Noite;Decrescente;Céu Claro;Múltipla;"Reta;Retorno Regulamentado";Sim;3;0;2;0;1;0;2;2;-3,7428255;-38,6120832;SPRF-CE;DEL01-CE;UOP01-DEL01-CE
702572;05/07/2025;sábado;02:40:00;MS;163;290;DOURADINA;Ausência de reação do condutor;Atropelamento de Pedestre;Com Vítimas Feridas;Plena Noite;Crescente;Céu Claro;Simples;Reta;Sim;1;0;1;0;0;0;1;1;-22,07046027;-54,56277037;SPRF-MS;DEL04-MS;UOP01-DEL04-MS
702573;05/07/2025;sábado;03:30:00;PR;277;680;MEDIANEIRA;Manobra de mudança de faixa;Colisão lateral mesmo sentido;Com Vítimas Feridas;Plena Noite;Decrescente;Céu Claro;Dupla;Reta;Não;4;0;0;2;1;1;2;2;-25,3238;-54,1668;SPRF-PR;DEL05-PR;UOP01-DEL05-PR
702574;05/07/2025;sábado;03:20:00;SC;101;229,2;PALHOCA;Velocidade Incompatível;Colisão com objeto;Sem Vítimas;Plena Noite;Decrescente;Céu Claro;Dupla;Curva;Não;1;0;0;0;0;1;0;1;-27,76932;-48,631946;SPRF-SC;DEL01-SC;UOP02-DEL01-SC
702575;05/07/2025;sábado;04:00:00;SC;101;349;JAGUARUNA;Ausência de reação do condutor;Saída de leito carroçável;Com Vítimas Feridas;Plena Noite;Decrescente;Céu Claro;Dupla;Curva;Não;1;0;1;0;0;0;1;1;-28,59114295;-49,04463952;SPRF-SC;DEL02-SC;UOP01-DEL02-SC
702576;05/07/2025;sábado;03:20:00;SC;101;281,6;IMBITUBA;Ingestão de álcool pelo condutor;Colisão lateral mesmo sentido;Sem Vítimas;Plena Noite;Crescente;Céu Claro;Múltipla;Reta;Sim;3;0;0;0;3;0;0;2;-28,20670094;-48,69887352;SPRF-SC;DEL02-SC;UOP03-DEL02-SC
702577;05/07/2025;sábado;03:45:00;SC;101;165;TIJUCAS;Ausência de reação do condutor;Colisão traseira;Com Vítimas Feridas;Plena Noite;Decrescente;Nublado;Dupla;Reta;Não;2;0;1;0;0;1;1;2;-27,25200016;-48,63109636;SPRF-SC;DEL04-SC;UOP03-DEL04-SC
702578;05/07/2025;sábado;04:00:00;PR;369;195;ARAPONGAS;Velocidade Incompatível;Saída de leito carroçável;Sem Vítimas;Plena Noite;Decrescente;Céu Claro;Dupla;Reta;Não;1;0;0;0;1;0;0;1;-23,508092;-51,426529;SPRF-PR;DEL07-PR;UOP03-DEL07-PR
702579;05/07/2025;sábado;04:40:00;RS;116;259;CANOAS;Ingestão de álcool pelo condutor;Colisão com objeto;Sem Vítimas;Plena Noite;Crescente;Céu Claro;Múltipla;Retorno Regulamentado;Não;1;0;0;0;1;0;0;1;-29,86812261;-51,18060347;SPRF-RS;DEL01-RS;UOP02-DEL01-RS
702580;04/07/2025;sexta-feira;19:15:00;RJ;101;297;ITABORAI;Reação tardia ou ineficiente do condutor;Colisão traseira;Com Vítimas Feridas;Plena Noite;Crescente;Céu Claro;Dupla;Reta;Sim;1;0;1;0;0;0;1;1;-22,76714087;-42,91103051;SPRF-RJ;DEL02-RJ;UOP02-DEL02-RJ
702581;05/07/2025;sábado;03:00:00;RN;101;58,2;CEARA-MIRIM;Ausência de reação do condutor;Colisão com objeto;Sem Vítimas;Amanhecer;Decrescente;Céu Claro;Simples;Reta;Não;1;0;0;0;0;1;0;1;-5,589025;-35,275448;SPRF-RN;DEL02-RN;UOP01-DEL02-RN
702582;05/07/2025;sábado;04:20:00;PR;277;707;SANTA TEREZINHA DE ITAIPU;Ingestão de álcool pelo condutor;Saída de leito carroçável;Sem Vítimas;Plena Noite;Crescente;Céu Claro;Dupla;Reta;Não;1;0;0;0;1;0;0;1;-25,441;-54,389;SPRF-PR;DEL05-PR;UOP01-DEL05-PR
702583;05/07/2025;sábado;05:10:00;SC;101;138,4;BALNEARIO CAMBORIU;Ingestão de álcool pelo condutor;Saída de leito carroçável;Com Vítimas Fatais;Plena Noite;Crescente;Nublado;Dupla;Curva;Sim;6;1;4;0;1;0;4;1;-27,02843708;-48,60485522;SPRF-SC;DEL04-SC;UOP03-DEL04-SC
702585;05/07/2025;sábado;04:10:00;SC;101;87;BARRA VELHA;Condutor Dormindo;Saída de leito carroçável;Sem Vítimas;Plena Noite;Decrescente;Nublado;Dupla;"Declive;Curva";Sim;1;0;0;0;1;0;0;1;-26,6462016;-48,68728336;SPRF-SC;DEL03-SC;UOP02-DEL03-SC
702586;05/07/2025;sábado;04:35:00;MG;365;750;ITUIUTABA;Ingestão de álcool pelo condutor;Saída de leito carroçável;Com Vítimas Feridas;Plena Noite;Crescente;Céu Claro;Dupla;Reta;Sim;1;0;1;0;0;0;1;1;-18,946147;-49,456643;SPRF-MG;DEL15-MG;UOP03-DEL15-MG
702589;05/07/2025;sábado;05:50:00;PR;277;3;PARANAGUA;Reação tardia ou ineficiente do condutor;Capotamento;Sem Vítimas;Amanhecer;Decrescente;Nublado;Simples;"Reta;Interseção de Vias";Não;1;0;0;0;0;1;0;1;-25,542447;-48,559038;SPRF-PR;DEL01-PR;UOP05-DEL01-PR
702590;05/07/2025;sábado;05:56:00;SC;101;200,9;BIGUACU;Condutor Dormindo;Colisão com objeto;Sem Vítimas;Amanhecer;Decrescente;Céu Claro;Dupla;Reta;Sim;1;0;0;0;1;0;0;1;-27,520428;-48,637449;SPRF-SC;DEL01-SC;UOP01-DEL01-SC
702591;05/07/2025;sábado;06:10:00;GO;153;89;PORANGATU;Demais falhas mecânicas ou elétricas;Saída de leito carroçável;Com Vítimas Feridas;Amanhecer;Decrescente;Céu Claro;Simples;Reta;Não;5;0;1;0;4;0;1;1;-13,4083338;-49,1322629;SPRF-GO;DEL07-GO;UOP01-DEL07-GO
702594;05/07/2025;sábado;01:30:00;SP;381;12;BRAGANCA PAULISTA;Declive acentuado;Colisão com objeto;Sem Vítimas;Plena Noite;Decrescente;Céu Claro;Dupla;Declive;Não;1;0;0;0;1;0;0;1;-22,92804167;-46,45843506;SPRF-SP;DEL03-SP;UOP02-DEL03-SP
702595;05/07/2025;sábado;04:50:00;MT;364;231,2;RONDONOPOLIS;Ausência de reação do condutor;Saída de leito carroçável;Com Vítimas Feridas;Amanhecer;Decrescente;Céu Claro;Dupla;Reta;Não;3;0;3;0;0;0;3;1;-16,23419411;-54,78244677;SPRF-MT;DEL02-MT;UOP01-DEL02-MT
702596;05/07/2025;sábado;06:30:00;PR;467;101,3;CASCAVEL;Velocidade Incompatível;Saída de leito carroçável;Com Vítimas Feridas;Amanhecer;Crescente;Céu Claro;Dupla;Reta;Não;1;0;0;1;0;0;1;1;-24,899164;-53,530135;SPRF-PR;DEL04-PR;UOP01-DEL04-PR
702597;04/07/2025;sexta-feira;18:32:00;MT;364;345,8;VARZEA GRANDE;Acesso irregular;Colisão transversal;Com Vítimas Feridas;Plena Noite;Crescente;Céu Claro;Dupla;Reta;Sim;3;0;1;0;2;0;1;2;-15,64138678;-56,20141732;SPRF-MT;DEL05-MT;UOP02-DEL05-MT
702598;20/04/2025;domingo;11:00:00;MG;50;78;UBERLANDIA;Problema com o freio;Incêndio;Sem Vítimas;Pleno dia;Decrescente;Céu Claro;Dupla;Reta;Sim;1;0;0;0;1;0;0;1;-18,9123;-48,2625;SPRF-MG;DEL15-MG;UOP01-DEL15-MG
702603;05/07/2025;sábado;07:30:00;SE;235;3,9;ARACAJU;Acesso irregular;Colisão traseira;Com Vítimas Feridas;Pleno dia;Decrescente;Nublado;Dupla;Reta;Sim;2;0;1;0;1;0;1;2;-10,90601954;-37,10448482;SPRF-SE;DEL01-SE;UOP01-DEL01-SE
702604;04/07/2025;sexta-feira;22:30:00;MT;163;616;NOVA MUTUM;Reação tardia ou ineficiente do condutor;Saída de leito carroçável;Com Vítimas Feridas;Plena Noite;Decrescente;Céu Claro;Simples;"Desvio Temporário;Em Obras";Não;1;0;1;0;0;0;1;1;-13,676963;-56,038155;SPRF-MT;DEL01-MT;UOP01-DEL01-MT
702605;05/07/2025;sábado;07:00:00;RO;364;237,9;CACOAL;Condutor desrespeitou a iluminação vermelha do semáforo;Colisão transversal;Com Vítimas Feridas;Pleno dia;Crescente;Céu Claro;Simples;Interseção de Vias;Sim;3;0;1;2;0;0;3;2;-11,438575;-61,454773;SPRF-RO;DEL02-RO;UOP02-DEL02-RO
702606;05/07/2025;sábado;07:30:00;RJ;116;118;MAGE;Reação tardia ou ineficiente do condutor;Tombamento;Com Vítimas Feridas;Pleno dia;Crescente;Céu Claro;Dupla;Reta;Não;1;0;1;0;0;0;1;1;-22,5920714;-43,02056681;SPRF-RJ;DEL04-RJ;UOP02-DEL04-RJ
702607;05/07/2025;sábado;04:00:00;RO;364;12;VILHENA;Ausência de reação do condutor;Tombamento;Com Vítimas Feridas;Plena Noite;Crescente;Ignorado;Dupla;Reta;Não;1;0;1;0;0;0;1;1;-12,74297273;-60,12336127;SPRF-RO;DEL04-RO;UOP01-DEL04-RO
702608;05/07/2025;sábado;05:16:00;PB;412;54,5;SAO JOAO DO CARIRI;Animais na Pista;Atropelamento de Animal;Com Vítimas Fatais;Amanhecer;Decrescente;Vento;Simples;Reta;Não;1;1;0;0;0;0;0;1;-7,38367086;-36,52567148;SPRF-PB;DEL02-PB;UOP02-DEL02-PB
702609;05/07/2025;sábado;06:00:00;RJ;465;2,4;SEROPEDICA;Ausência de reação do condutor;Queda de ocupante de veículo;Com Vítimas Feridas;Pleno dia;Decrescente;Céu Claro;Simples;Reta;Não;1;0;1;0;0;0;1;1;-22,7321737;-43,71408463;SPRF-RJ;DEL06-RJ;UOP02-DEL06-RJ
702612;05/07/2025;sábado;07:45:00;AL;423;87;DELMIRO GOUVEIA;Acessar a via sem observar a presença dos outros veículos;Colisão transversal;Com Vítimas Feridas;Pleno dia;Decrescente;Céu Claro;Simples;"Interseção de Vias;Declive;Reta";Não;10;0;1;1;8;0;2;2;-9,353262;-38,049157;SPRF-BA;DEL07-BA;UOP01-DEL07-BA
702613;05/07/2025;sábado;08:00:00;SC;470;46,6;BLUMENAU;Retorno proibido;Tombamento;Com Vítimas Feridas;Pleno dia;Decrescente;Nublado;Simples;"Aclive;Curva;Em Obras";Não;3;0;0;1;2;0;1;2;-26,86384965;-49,04470531;SPRF-SC;DEL04-SC;UOP01-DEL04-SC
702614;05/07/2025;sábado;07:40:00;GO;414;435;ANAPOLIS;Condutor deixou de manter distância do veículo da frente;Colisão traseira;Com Vítimas Feridas;Pleno dia;Crescente;Céu Claro;Simples;Reta;Não;3;0;0;1;1;1;1;3;-16,236601;-48,932868;SPRF-GO;DEL02-GO;UOP01-DEL02-GO
702615;04/07/2025;sexta-feira;14:15:00;RJ;116;315;RESENDE;Demais falhas mecânicas ou elétricas;Queda de ocupante de veículo;Com Vítimas Feridas;Pleno dia;Decrescente;Nublado;Dupla;Reta;Sim;1;0;1;0;0;0;1;1;-22,46438;-44,486369;SPRF-RJ;DEL07-RJ;UOP02-DEL07-RJ
702616;05/07/2025;sábado;08:30:00;MG;365;620;UBERLANDIA;Desrespeitar a preferência no cruzamento;Colisão transversal;Com Vítimas Feridas;Pleno dia;Crescente;Céu Claro;Simples;"Reta;Interseção de Vias";Sim;3;0;1;0;2;0;1;2;-18,887273;-48,268218;SPRF-MG;DEL15-MG;UOP01-DEL15-MG
702617;05/07/2025;sábado;07:50:00;RS;116;155,7;CAXIAS DO SUL;Ausência de reação do condutor;Saída de leito carroçável;Com Vítimas Feridas;Pleno dia;Decrescente;Céu Claro;Simples;Reta;Sim;1;0;1;0;0;0;1;1;-29,20156999;-51,17668597;SPRF-RS;DEL05-RS;UOP01-DEL05-RS
702618;05/07/2025;sábado;08:30:00;PE;232;20;MORENO;Ausência de reação do condutor;Colisão traseira;Com Vítimas Feridas;Pleno dia;Decrescente;Céu Claro;Dupla;Curva;Não;2;0;1;0;1;0;1;2;-8,095949;-35,07923;SPRF-PE;DEL01-PE;UOP01-DEL01-PE
702620;05/07/2025;sábado;09:30:00;MG;40;574,8;ITABIRITO;Acessar a via sem observar a presença dos outros veículos;Colisão transversal;Com Vítimas Feridas;Pleno dia;Decrescente;Céu Claro;Simples;Reta;Não;2;0;1;0;1;0;1;2;-20,255947;-43,961187;SPRF-MG;DEL01-MG;UOP02-DEL01-MG
702622;05/07/2025;sábado;09:00:00;PE;101;94;CABO DE SANTO AGOSTINHO;Ausência de reação do condutor;Colisão traseira;Com Vítimas Feridas;Pleno dia;Crescente;Nublado;Dupla;Curva;Não;2;0;1;0;1;0;1;2;-8,24884;-35,00525;SPRF-PE;DEL01-PE;UOP03-DEL01-PE
702627;27/06/2025;sexta-feira;22:00:00;RJ;493;1;ITABORAI;Reação tardia ou ineficiente do condutor;Atropelamento de Pedestre;Sem Vítimas;Plena Noite;Crescente;Céu Claro;Simples;Reta;Não;3;0;0;0;2;1;0;2;-22,76994;-42,92258;SPRF-RJ;DEL02-RJ;UOP02-DEL02-RJ
702629;05/07/2025;sábado;08:20:00;SP;381;84;SAO PAULO;Ausência de reação do condutor;Saída de leito carroçável;Com Vítimas Feridas;Pleno dia;Crescente;Céu Claro;Simples;Reta;Sim;2;0;1;0;1;0;1;1;-23,455767;-46,571383;SPRF-SP;DEL03-SP;UOP01-DEL03-SP
702630;05/07/2025;sábado;10:15:00;PE;101;69;RECIFE;Ausência de reação do condutor;Colisão lateral mesmo sentido;Com Vítimas Feridas;Pleno dia;Decrescente;Céu Claro;Dupla;Reta;Sim;2;0;1;0;0;1;1;2;-8,059304;-34,946204;SPRF-PE;DEL01-PE;UOP01-DEL01-PE
702631;05/07/2025;sábado;08:30:00;SC;470;95,3;APIUNA;Velocidade Incompatível;Saída de leito carroçável;Com Vítimas Fatais;Pleno dia;Decrescente;Nublado;Simples;Reta;Não;1;1;0;0;0;0;0;1;-27,0176312;-49,3709391;SPRF-SC;DEL04-SC;UOP01-DEL04-SC
702632;05/07/2025;sábado;08:25:00;RS;158;519,7;SANTANA DO LIVRAMENTO;Condutor deixou de manter distância do veículo da frente;Colisão traseira;Com Vítimas Feridas;Pleno dia;Crescente;Nevoeiro/Neblina;Simples;"Reta;Aclive";Não;9;0;2;0;7;0;2;3;-30,689662;-55,132508;SPRF-RS;DEL11-RS;UOP01-DEL11-RS
702633;16/06/2025;segunda-feira;13:57:00;PA;316;62,8;CASTANHAL;Transitar na contramão;Colisão transversal;Sem Vítimas;Pleno dia;Decrescente;Céu Claro;Dupla;Interseção de Vias;Sim;2;0;0;0;2;0;0;2;-1,296711;-47,930128;SPRF-PA;DEL01-PA;UOP01-DEL01-PA
702634;05/07/2025;sábado;10:00:00;GO;60;129;GOIANAPOLIS;Condutor deixou de manter distância do veículo da frente;Colisão traseira;Com Vítimas Feridas;Pleno dia;Crescente;Sol;Dupla;Reta;Não;3;0;1;1;1;0;2;2;-16,5757028;-49,1608238;SPRF-GO;DEL01-GO;UOP01-DEL01-GO
702635;05/07/2025;sábado;10:30:00;ES;101;265,8;SERRA;Ausência de reação do condutor;Colisão traseira;Com Vítimas Feridas;Pleno dia;Decrescente;Céu Claro;Dupla;Reta;Sim;2;0;1;0;1;0;1;2;-20,18824;-40,268035;SPRF-ES;DEL02-ES;UOP01-DEL02-ES
702637;05/07/2025;sábado;09:50:00;RN;226;15,4;MACAIBA;Acessar a via sem observar a presença dos outros veículos;Colisão lateral mesmo sentido;Com Vítimas Feridas;Pleno dia;Decrescente;Céu Claro;Simples;"Reta;Declive";Não;3;0;1;0;2;0;1;2;-5,860338;-35,340088;SPRF-RN;DEL01-RN;UOP02-DEL01-RN
702638;05/07/2025;sábado;08:45:00;SP;116;515;CAJATI;Reação tardia ou ineficiente do condutor;Saída de leito carroçável;Com Vítimas Feridas;Pleno dia;Decrescente;Nublado;Simples;Reta;Não;3;0;1;0;2;0;1;1;-24,877224;-48,209358;SPRF-SP;DEL05-SP;UOP02-DEL05-SP
702639;05/07/2025;sábado;10:35:00;RJ;101;325;NITEROI;Reação tardia ou ineficiente do condutor;Colisão com objeto;Com Vítimas Feridas;Pleno dia;Decrescente;Céu Claro;Dupla;"Ponte;Reta;Declive";Não;1;0;1;0;0;0;1;1;-22,87273479;-43,13847828;SPRF-RJ;DEL02-RJ;UOP01-DEL02-RJ
702640;05/07/2025;sábado;11:00:00;MG;459;69,6;SENADOR JOSE BENTO;Condutor Dormindo;Saída de leito carroçável;Com Vítimas Feridas;Pleno dia;Crescente;Céu Claro;Simples;"Declive;Curva";Não;1;0;1;0;0;0;1;1;-22,131477;-46,17611;SPRF-MG;DEL09-MG;UOP01-DEL09-MG
702643;05/07/2025;sábado;09:00:00;CE;116;11;FORTALEZA;Avarias e/ou desgaste excessivo no pneu;Tombamento;Com Vítimas Feridas;Pleno dia;Crescente;Céu Claro;Dupla;Reta;Sim;2;0;1;1;0;0;2;1;-3,84849806;-38,49668773;SPRF-CE;DEL01-CE;UOP02-DEL01-CE
702644;05/07/2025;sábado;07:40:00;MT;174;99;CACERES;Ausência de sinalização;Queda de ocupante de veículo;Com Vítimas Feridas;Pleno dia;Crescente;Céu Claro;Simples;Reta;Sim;1;0;1;0;0;0;1;1;-15,844938;-57,858088;SPRF-MT;DEL03-MT;UOP01-DEL03-MT
702645;05/07/2025;sábado;11:00:00;RJ;40;53;PETROPOLIS;Curva acentuada;Colisão com objeto;Com Vítimas Feridas;Pleno dia;Decrescente;Céu Claro;Dupla;Curva;Não;1;0;1;0;0;0;1;1;-22,345054;-43,131671;SPRF-RJ;DEL05-RJ;UOP02-DEL05-RJ
702646;05/07/2025;sábado;11:20:00;MG;40;520,6;CONTAGEM;Acessar a via sem observar a presença dos outros veículos;Colisão lateral mesmo sentido;Com Vítimas Fatais;Pleno dia;Crescente;Céu Claro;Dupla;"Reta;Declive";Sim;3;1;0;2;0;0;2;2;-19,854541;-44,072601;SPRF-MG;DEL01-MG;UOP02-DEL01-MG
702647;05/07/2025;sábado;07:50:00;MS;463;35;PONTA PORA;Demais falhas mecânicas ou elétricas;Incêndio;Sem Vítimas;Pleno dia;Decrescente;Céu Claro;Simples;Reta;Não;1;0;0;0;0;1;0;1;-22,3033755;-55,10978071;SPRF-MS;DEL04-MS;UOP03-DEL04-MS
702648;05/07/2025;sábado;12:20:00;GO;40;6;VALPARAISO DE GOIAS;Condutor deixou de manter distância do veículo da frente;Colisão traseira;Com Vítimas Feridas;Pleno dia;Decrescente;Céu Claro;Dupla;Reta;Sim;2;0;1;0;1;0;1;2;-16,077996;-47,98577;SPRF-DF;DEL01-DF;UOP01-DEL01-DF
702649;05/07/2025;sábado;11:40:00;PE;232;133;CARUARU;Condutor deixou de manter distância do veículo da frente;Colisão traseira;Com Vítimas Feridas;Pleno dia;Crescente;Céu Claro;Dupla;Reta;Sim;3;0;0;2;1;0;2;2;-8,30825;-36,02336;SPRF-PE;DEL02-PE;UOP03-DEL02-PE
702650;05/07/2025;sábado;09:30:00;MS;163;681;RIO VERDE DE MATO GROSSO;Ausência de reação do condutor;Tombamento;Com Vítimas Feridas;Pleno dia;Crescente;Céu Claro;Simples;Reta;Sim;1;0;1;0;0;0;1;1;-18,90746849;-54,84057996;SPRF-MS;DEL06-MS;UOP02-DEL06-MS
702651;05/07/2025;sábado;10:30:00;RS;290;490,5;ROSARIO DO SUL;Ultrapassagem Indevida;Saída de leito carroçável;Com Vítimas Feridas;Pleno dia;Crescente;Nevoeiro/Neblina;Simples;Reta;Não;1;0;1;0;0;0;1;1;-30,23079676;-55,02733581;SPRF-RS;DEL11-RS;UOP02-DEL11-RS
702653;05/07/2025;sábado;12:30:00;RS;386;346,6;LAJEADO;Ausência de reação do condutor;Colisão lateral mesmo sentido;Com Vítimas Feridas;Pleno dia;Decrescente;Céu Claro;Dupla;Reta;Sim;2;0;1;0;1;0;1;2;-29,44995807;-51,96938451;SPRF-RS;DEL04-RS;UOP01-DEL04-RS
702654;05/07/2025;sábado;12:15:00;PE;232;27;MORENO;Reação tardia ou ineficiente do condutor;Queda de ocupante de veículo;Com Vítimas Fatais;Pleno dia;Decrescente;Céu Claro;Dupla;Reta;Não;3;1;0;0;2;0;0;2;-8,11313;-35,134;SPRF-PE;DEL02-PE;UOP02-DEL02PE
702655;27/06/2025;sexta-feira;09:00:00;RS;290;346,5;SAO SEPE;Ausência de reação do condutor;Colisão traseira;Com Vítimas Feridas;Pleno dia;Decrescente;Céu Claro;Simples;"Reta;Em Obras";Não;6;0;4;0;2;0;4;2;-30,36613634;-53,64366531;SPRF-RS;DEL09-RS;UOP02-DEL09-RS
702656;05/07/2025;sábado;11:40:00;RS;116;252;SAPUCAIA DO SUL;Reação tardia ou ineficiente do condutor;Colisão traseira;Com Vítimas Feridas;Pleno dia;Crescente;Sol;Múltipla;"Aclive;Reta;Viaduto";Sim;6;0;1;0;5;0;1;3;-29,81665061;-51,16958332;SPRF-RS;DEL01-RS;UOP02-DEL01-RS
702657;05/07/2025;sábado;12:20:00;RN;101;107;PARNAMIRIM;Ausência de reação do condutor;Colisão traseira;Com Vítimas Feridas;Pleno dia;Crescente;Céu Claro;Simples;Reta;Sim;3;0;1;0;2;0;1;3;-5,921917;-35,264957;SPRF-RN;DEL01-RN;UOP01-DEL01-RN
702658;05/07/2025;sábado;08:30:00;PA;316;106;SANTA MARIA DO PARA;Ausência de reação do condutor;Colisão traseira;Com Vítimas Feridas;Pleno dia;Crescente;Céu Claro;Simples;Reta;Não;2;0;0;1;1;0;1;2;-1,33790552;-47,54334408;SPRF-PA;DEL01-PA;UOP02-DEL01-PA
702659;05/07/2025;sábado;12:45:00;PE;232;7;RECIFE;Acessar a via sem observar a presença dos outros veículos;Colisão lateral mesmo sentido;Com Vítimas Feridas;Pleno dia;Crescente;Céu Claro;Múltipla;Reta;Sim;2;0;1;0;1;0;1;2;-8,075375;-34,969088;SPRF-PE;DEL01-PE;UOP01-DEL01-PE
702660;05/07/2025;sábado;11:00:00;PR;476;17;ADRIANOPOLIS;Ausência de reação do condutor;Colisão lateral sentido oposto;Com Vítimas Feridas;Pleno dia;Crescente;Céu Claro;Simples;Curva;Não;2;0;0;1;1;0;1;2;-24,736702;-48,989113;SPRF-PR;DEL01-PR;UOP01-DEL01-PR
702661;19/06/2025;quinta-feira;21:35:00;MS;158;133,1;APARECIDA DO TABOADO;Condutor Dormindo;Colisão lateral sentido oposto;Com Vítimas Feridas;Plena Noite;Crescente;Ignorado;Simples;Curva;Não;6;0;0;1;5;0;1;2;-19,973689;-51,111995;SPRF-MS;DEL08-MS;UOP01-DEL08-MS
702663;05/07/2025;sábado;12:40:00;GO;20;2;FORMOSA;Acessar a via sem observar a presença dos outros veículos;Colisão transversal;Com Vítimas Feridas;Pleno dia;Crescente;Céu Claro;Simples;Reta;Sim;7;0;3;0;4;0;3;3;-15,576152;-47,330024;SPRF-DF;DEL02-DF;UOP02-DEL02-DF
702664;05/07/2025;sábado;08:20:00;RO;364;66;VILHENA;Transitar na contramão;Colisão lateral mesmo sentido;Com Vítimas Feridas;Pleno dia;Crescente;Céu Claro;Simples;Reta;Não;1;0;1;0;0;0;1;1;-12,41243622;-60,60573578;SPRF-RO;DEL04-RO;UOP01-DEL04-RO
702665;05/07/2025;sábado;12:30:00;SP;116;135,7;SAO JOSE DOS CAMPOS;Manobra de mudança de faixa;Colisão transversal;Com Vítimas Feridas;Pleno dia;Crescente;Nublado;Dupla;Reta;Não;2;0;1;0;1;0;1;2;-23,144484;-45,77018;SPRF-SP;DEL02-SP;UOP01-DEL02-SP
702668;05/07/2025;sábado;12:20:00;PB;230;58,7;CRUZ DO ESPIRITO SANTO;Entrada inopinada do pedestre;Atropelamento de Pedestre;Com Vítimas Fatais;Pleno dia;Crescente;Céu Claro;Dupla;Reta;Não;2;1;0;0;1;0;0;2;-7,204555;-35,135013;SPRF-PB;DEL01-PB;UOP02-DEL01-PB
702669;05/07/2025;sábado;13:05:00;SE;235;1,9;ARACAJU;Condutor deixou de manter distância do veículo da frente;Colisão traseira;Com Vítimas Feridas;Pleno dia;Crescente;Céu Claro;Dupla;"Desvio Temporário;Declive;Viaduto;Reta";Sim;2;0;1;0;1;0;1;2;-10,90761287;-37,09203092;SPRF-SE;DEL01-SE;UOP01-DEL01-SE
702671;05/07/2025;sábado;13:30:00;SP;116;190;SANTA ISABEL;Acesso irregular;Colisão traseira;Com Vítimas Feridas;Pleno dia;Crescente;Céu Claro;Dupla;Reta;Não;2;0;1;0;1;0;1;2;-23,36607722;-46,22911541;SPRF-SP;DEL01-SP;UOP01-DEL01-SP
702674;05/07/2025;sábado;13:45:00;ES;101;116;LINHARES;Acessar a via sem observar a presença dos outros veículos;Colisão transversal;Com Vítimas Feridas;Pleno dia;Decrescente;Céu Claro;Simples;Interseção de Vias;Não;3;0;1;0;2;0;1;2;-19,11790862;-40,06229687;SPRF-ES;DEL04-ES;UOP01-DEL04-ES
702675;05/07/2025;sábado;13:30:00;MG;40;649;CRISTIANO OTONI;Acessar a via sem observar a presença dos outros veículos;Colisão transversal;Com Vítimas Feridas;Pleno dia;Decrescente;Céu Claro;Simples;"Reta;Declive";Não;3;0;3;0;0;0;3;2;-20,8249143;-43,80972058;SPRF-MG;DEL05-MG;UOP02-DEL05-MG
702676;05/07/2025;sábado;13:40:00;MG;381;839,4;SAO SEBASTIAO DA BELA VISTA;Desrespeitar a preferência no cruzamento;Colisão transversal;Com Vítimas Feridas;Pleno dia;Crescente;Sol;Dupla;Interseção de Vias;Sim;3;0;2;0;1;0;2;2;-22,16119;-45,82949907;SPRF-MG;DEL16-MG;UOP01-DEL16-MG