id;data_inversa;dia_semana;horario;uf;br;km;municipio;causa_acidente;tipo_acidente;classificacao_acidente;fase_dia;sentido_via;condicao_metereologica;tipo_pista;tracado_via;uso_solo;pessoas;mortos;feridos_leves;feridos_graves;ilesos;ignorados;feridos;veiculos;latitude;longitude;regional;delegacia;uop
702677;05/07/2025;sábado;12:40:00;BA;407;4;JUAZEIRO;Desrespeitar a preferência no cruzamento;Colisão transversal;Com Vítimas Feridas;Pleno dia;Crescente;Céu Claro;Simples;Rotatória;Sim;2;0;0;1;1;0;1;2;-9,4428507;-40,4930057;SPRF-PE;DEL06-PE;UOP01-DEL06-PE
702680;05/07/2025;sábado;11:20:00;MS;163;24,7;MUNDO NOVO;Ingestão de álcool pelo condutor;Tombamento;Com Vítimas Feridas;Pleno dia;Decrescente;Céu Claro;Simples;Reta;Não;3;0;1;0;0;2;1;2;-23,892318;-54,311501;SPRF-MS;DEL09-MS;UOP02-DEL09-MS
702682;05/07/2025;sábado;13:30:00;RN;101;83,7;NATAL;Demais falhas mecânicas ou elétricas;Eventos atípicos;Com Vítimas Feridas;Pleno dia;Decrescente;Céu Claro;Dupla;Reta;Sim;2;0;1;0;0;1;1;2;-5,771893;-35,263798;SPRF-RN;DEL02-RN;UOP01-DEL02-RN
702683;05/07/2025;sábado;13:30:00;RS;116;258;ESTEIO;Pedestre andava na pista;Atropelamento de Pedestre;Com Vítimas Feridas;Pleno dia;Decrescente;Céu Claro;Dupla;Reta;Sim;2;0;2;0;0;0;2;2;-29,84522954;-51,17768407;SPRF-RS;DEL01-RS;UOP02-DEL01-RS
702684;05/07/2025;sábado;12:40:00;MT;174;1;PONTES E LACERDA;Ingestão de álcool pelo condutor;Colisão frontal;Com Vítimas Feridas;Pleno dia;Decrescente;Céu Claro;Simples;Reta;Sim;2;0;1;0;1;0;1;2;-15,2467866;-59,3198238;SPRF-MT;DEL04-MT;UOP01-DEL04-MT
702686;05/07/2025;sábado;13:00:00;PI;316;310;PICOS;Ultrapassagem Indevida;Colisão lateral mesmo sentido;Sem Vítimas;Pleno dia;Crescente;Céu Claro;Dupla;Reta;Sim;4;0;0;0;2;2;0;2;-7,07574508;-41,4697454;SPRF-PI;DEL04-PI;UOP01-DEL04-PI
702687;05/07/2025;sábado;13:35:00;ES;101;253,7;SERRA;Reação tardia ou ineficiente do condutor;Saída de leito carroçável;Sem Vítimas;Pleno dia;Crescente;Céu Claro;Simples;Reta;Não;1;0;0;0;0;1;0;1;-20,109502;-40,328113;SPRF-ES;DEL02-ES;UOP01-DEL02-ES
702688;05/07/2025;sábado;10:10:00;MT;163;622;NOVA MUTUM;Ultrapassagem Indevida;Saída de leito carroçável;Com Vítimas Feridas;Pleno dia;Decrescente;Céu Claro;Simples;Reta;Não;1;0;1;0;0;0;1;1;-13,68643615;-56,03885651;SPRF-MT;DEL01-MT;UOP01-DEL01-MT
702689;05/07/2025;sábado;11:40:00;GO;153;311;RIALMA;Velocidade Incompatível;Saída de leito carroçável;Com Vítimas Feridas;Pleno dia;Decrescente;Céu Claro;Simples;Reta;Não;1;0;1;0;0;0;1;1;-15,39670315;-49,54217143;SPRF-GO;DEL02-GO;UOP02-DEL02-GO
702690;05/07/2025;sábado;13:45:00;GO;153;506;APARECIDA DE GOIANIA;Estacionar ou parar em local proibido;Colisão traseira;Com Vítimas Feridas;Pleno dia;Crescente;Sol;Dupla;Reta;Sim;2;0;0;1;1;0;1;2;-16,7546205;-49,241019;SPRF-GO;DEL01-GO;UOP01-DEL01-GO
702691;05/07/2025;sábado;13:55:00;PE;101;129;ESCADA;Demais falhas mecânicas ou elétricas;Incêndio;Sem Vítimas;Pleno dia;Crescente;Céu Claro;Dupla;Reta;Sim;1;0;0;0;1;0;0;1;-8,38715;-35,25156;SPRF-PE;DEL01-PE;UOP03-DEL01-PE
702693;05/07/2025;sábado;13:30:00;RJ;116;288;BARRA MANSA;Condutor Dormindo;Saída de leito carroçável;Com Vítimas Feridas;Pleno dia;Decrescente;Céu Claro;Dupla;Reta;Não;1;0;1;0;0;0;1;1;-22,5302638;-44,1967143;SPRF-RJ;DEL07-RJ;UOP02-DEL07-RJ
702698;05/07/2025;sábado;09:30:00;PR;280;278,4;FLOR DA SERRA DO SUL;Velocidade Incompatível;Saída de leito carroçável;Com Vítimas Fatais;Pleno dia;Crescente;Céu Claro;Simples;Curva;Não;4;1;1;0;0;2;1;1;-26,2462089;-53,2115302;SPRF-PR;DEL02-PR;UOP01-DEL02-PR
702699;05/07/2025;sábado;15:10:00;RS;116;255;ESTEIO;Reação tardia ou ineficiente do condutor;Tombamento;Com Vítimas Feridas;Pleno dia;Crescente;Céu Claro;Múltipla;Reta;Sim;1;0;1;0;0;0;1;1;-29,8328161;-51,17424902;SPRF-RS;DEL01-RS;UOP02-DEL01-RS
702701;05/07/2025;sábado;16:00:00;SC;280;38,9;ARAQUARI;Velocidade Incompatível;Colisão com objeto;Com Vítimas Feridas;Pleno dia;Crescente;Céu Claro;Simples;Em Obras;Sim;1;0;1;0;0;0;1;1;-26,448557;-48,836657;SPRF-SC;DEL03-SC;UOP03-DEL03-SC
702702;05/07/2025;sábado;16:00:00;RJ;101;474;ANGRA DOS REIS;Reação tardia ou ineficiente do condutor;Engavetamento;Com Vítimas Feridas;Pleno dia;Decrescente;Céu Claro;Simples;"Declive;Reta";Sim;4;0;1;1;2;0;2;3;-22,9895676;-44,2418132;SPRF-RJ;DEL03-RJ;UOP03-DEL03-RJ
702703;05/07/2025;sábado;16:10:00;RN;304;306,4;PARNAMIRIM;Ausência de reação do condutor;Colisão traseira;Com Vítimas Feridas;Pleno dia;Crescente;Céu Claro;Dupla;Reta;Sim;6;0;2;0;4;0;2;2;-5,889578;-35,265782;SPRF-RN;DEL01-RN;UOP02-DEL01-RN
702704;05/07/2025;sábado;15:50:00;ES;101;264,3;SERRA;Reação tardia ou ineficiente do condutor;Colisão transversal;Com Vítimas Feridas;Pleno dia;Crescente;Céu Claro;Múltipla;Interseção de Vias;Sim;4;0;1;2;1;0;3;3;-20,178604;-40,265467;SPRF-ES;DEL02-ES;UOP01-DEL02-ES
702705;05/07/2025;sábado;15:25:00;MG;40;455,7;CAETANOPOLIS;Reação tardia ou ineficiente do condutor;Colisão traseira;Sem Vítimas;Pleno dia;Crescente;Sol;Dupla;"Reta;Aclive";Não;5;0;0;0;5;0;0;2;-19,35876;-44,34573;SPRF-MG;DEL02-MG;UOP01-DEL02-MG
702706;05/07/2025;sábado;15:30:00;MA;135;7;SAO LUIS;Condutor deixou de manter distância do veículo da frente;Colisão lateral mesmo sentido;Sem Vítimas;Pleno dia;Decrescente;Céu Claro;Dupla;"Rotatória;Retorno Regulamentado";Sim;2;0;0;0;0;2;0;2;-2,64071861;-44,2715764;SPRF-MA;DEL01-MA;UOP01-DEL01-MA
702707;05/07/2025;sábado;16:00:00;SC;470;127,9;LONTRAS;Manobra de mudança de faixa;Colisão transversal;Com Vítimas Feridas;Pleno dia;Crescente;Céu Claro;Simples;Curva;Sim;3;0;2;0;1;0;2;2;-27,1455588;-49,54962;SPRF-SC;DEL04-SC;UOP02-DEL04-SC
702708;05/07/2025;sábado;15:30:00;SP;116;122;CACAPAVA;Avarias e/ou desgaste excessivo no pneu;Tombamento;Com Vítimas Feridas;Pleno dia;Crescente;Sol;Dupla;"Aclive;Reta";Não;1;0;1;0;0;0;1;1;-23,07916377;-45,65776918;SPRF-SP;DEL02-SP;UOP02-DEL02-SP
702709;05/07/2025;sábado;16:10:00;SC;158;103,5;CUNHA PORA;Ultrapassagem Indevida;Saída de leito carroçável;Com Vítimas Feridas;Pleno dia;Decrescente;Céu Claro;Simples;"Aclive;Curva";Não;1;0;0;1;0;0;1;1;-26,84361083;-53,17123861;SPRF-SC;DEL07-SC;UOP02-DEL07-SC
702710;05/07/2025;sábado;17:00:00;SC;101;192,6;BIGUACU;Condutor deixou de manter distância do veículo da frente;Colisão traseira;Com Vítimas Feridas;Pleno dia;Decrescente;Céu Claro;Múltipla;Reta;Não;2;0;1;0;1;0;1;2;-27,488158;-48,652682;SPRF-SC;DEL01-SC;UOP01-DEL01-SC
702711;05/07/2025;sábado;15:53:00;RN;101;137;ARES;Manobra de mudança de faixa;Colisão com objeto;Com Vítimas Feridas;Pleno dia;Decrescente;Céu Claro;Dupla;"Reta;Declive";Não;1;0;1;0;0;0;1;1;-6,184197;-35,215115;SPRF-RN;DEL01-RN;UOP01-DEL01-RN
702712;05/07/2025;sábado;10:30:00;RJ;465;21;NOVA IGUACU;Trafegar com motocicleta (ou similar) entre as faixas;Colisão frontal;Com Vítimas Feridas;Pleno dia;Crescente;Céu Claro;Simples;Reta;Sim;3;0;1;1;1;0;2;2;-22,856695;-43,601663;SPRF-RJ;DEL06-RJ;UOP02-DEL06-RJ
702713;05/07/2025;sábado;17:00:00;MG;50;28;ARAGUARI;Velocidade Incompatível;Saída de leito carroçável;Com Vítimas Feridas;Anoitecer;Crescente;Céu Claro;Dupla;"Aclive;Reta";Não;3;0;3;0;0;0;3;1;-18,44739228;-48,05033064;SPRF-MG;DEL15-MG;UOP02-DEL15-MG
702714;05/07/2025;sábado;17:00:00;ES;101;236,2;FUNDAO;Conversão proibida;Colisão transversal;Com Vítimas Feridas;Anoitecer;Decrescente;Céu Claro;Simples;Curva;Não;3;0;2;0;1;0;2;2;-19,9899069;-40,4134209;SPRF-ES;DEL02-ES;UOP01-DEL02-ES
702715;05/07/2025;sábado;01:40:00;MT;174;124;CACERES;Animais na Pista;Atropelamento de Animal;Sem Vítimas;Plena Noite;Crescente;Céu Claro;Simples;Reta;Não;1;0;0;0;1;0;0;1;-15,819958;-58,079899;SPRF-MT;DEL03-MT;UOP01-DEL03-MT
702716;05/07/2025;sábado;14:35:00;RJ;40;107;DUQUE DE CAXIAS;Reação tardia ou ineficiente do condutor;Colisão com objeto;Com Vítimas Feridas;Pleno dia;Crescente;Céu Claro;Dupla;Reta;Sim;1;0;1;0;0;0;1;1;-22,65869629;-43,28411951;SPRF-RJ;DEL01-RJ;UOP02-DEL01-RJ
702717;05/07/2025;sábado;14:20:00;MG;365;779,9;GURINHATA;Mal súbito do condutor;Saída de leito carroçável;Com Vítimas Feridas;Pleno dia;Crescente;Céu Claro;Simples;Reta;Não;2;0;1;1;0;0;2;1;-18,93940205;-49,81532412;SPRF-MG;DEL15-MG;UOP03-DEL15-MG
702720;05/07/2025;sábado;16:45:00;PR;376;227;APUCARANA;Avarias e/ou desgaste excessivo no pneu;Saída de leito carroçável;Com Vítimas Feridas;Pleno dia;Decrescente;Céu Claro;Dupla;"Reta;Aclive";Não;1;0;1;0;0;0;1;1;-23,58214965;-51,55638099;SPRF-PR;DEL07-PR;UOP03-DEL07-PR
702721;05/07/2025;sábado;15:40:00;MG;116;606;SAO JOAO DO MANHUACU;Acessar a via sem observar a presença dos outros veículos;Colisão transversal;Com Vítimas Feridas;Pleno dia;Crescente;Céu Claro;Simples;"Rotatória;Retorno Regulamentado";Sim;3;0;1;1;1;0;2;2;-20,392664;-42,147475;SPRF-MG;DEL06-MG;UOP03-DEL06-MG
702722;05/07/2025;sábado;15:40:00;MT;364;231,2;RONDONOPOLIS;Avarias e/ou desgaste excessivo no pneu;Saída de leito carroçável;Com Vítimas Feridas;Pleno dia;Decrescente;Céu Claro;Dupla;Reta;Não;2;0;1;0;1;0;1;1;-16,258625;-54,777799;SPRF-MT;DEL02-MT;UOP01-DEL02-MT
702723;05/07/2025;sábado;17:20:00;PB;230;152;CAMPINA GRANDE;Demais falhas na via;Queda de ocupante de veículo;Com Vítimas Feridas;Anoitecer;Decrescente;Nublado;Simples;"Em Obras;Reta";Sim;2;0;1;0;1;0;1;1;-7,2697811;-35,8861591;SPRF-PB;DEL02-PB;UOP01-DEL02-PB
702724;05/07/2025;sábado;17:20:00;GO;40;10;LUZIANIA;Ingestão de álcool pelo condutor;Colisão transversal;Sem Vítimas;Pleno dia;Decrescente;Céu Claro;Dupla;"Retorno Regulamentado;Reta";Sim;2;0;0;0;2;0;0;2;-16,14363592;-47,94655323;SPRF-DF;DEL01-DF;UOP01-DEL01-DF
702725;05/07/2025;sábado;17:50:00;SP;116;285;ITAPECERICA DA SERRA;Ausência de reação do condutor;Colisão traseira;Com Vítimas Feridas;Pleno dia;Decrescente;Nublado;Dupla;Reta;Sim;2;0;1;0;1;0;1;2;-23,6882212;-46,8613746;SPRF-SP;DEL04-SP;UOP01-DEL04-SP
702726;05/07/2025;sábado;17:20:00;PI;316;12,6;TERESINA;Demais falhas mecânicas ou elétricas;Eventos atípicos;Com Vítimas Feridas;Anoitecer;Crescente;Céu Claro;Múltipla;Reta;Sim;1;0;0;1;0;0;1;1;-5,20808119;-42,75586903;SPRF-PI;DEL01-PI;UOP02-DEL01-PI
702727;05/07/2025;sábado;18:05:00;SC;101;206,2;SAO JOSE;Reação tardia ou ineficiente do condutor;Colisão traseira;Com Vítimas Feridas;Plena Noite;Decrescente;Nublado;Múltipla;Reta;Sim;2;0;1;0;1;0;1;2;-27,59306323;-48,61842871;SPRF-SC;DEL01-SC;UOP01-DEL01-SC
702728;05/07/2025;sábado;17:10:00;RO;364;343;JI-PARANA;Ultrapassagem Indevida;Colisão lateral mesmo sentido;Com Vítimas Feridas;Pleno dia;Crescente;Sol;Dupla;Reta;Sim;2;0;1;0;1;0;1;2;-10,881585;-61,940707;SPRF-RO;DEL02-RO;UOP01-DEL02-RO
702729;05/07/2025;sábado;17:30:00;RS;158;566,4;SANTANA DO LIVRAMENTO;Acessar a via sem observar a presença dos outros veículos;Colisão transversal;Sem Vítimas;Pleno dia;Crescente;Céu Claro;Simples;"Rotatória;Interseção de Vias";Sim;2;0;0;0;2;0;0;2;-30,88045966;-55,50938845;SPRF-RS;DEL11-RS;UOP01-DEL11-RS
702730;05/07/2025;sábado;18:10:00;BA;116;18;VITORIA DA CONQUISTA;Transitar na contramão;Colisão frontal;Com Vítimas Fatais;Plena Noite;Decrescente;Nublado;Simples;Curva;Sim;5;1;0;0;4;0;0;2;-14,896661;-40,832837;SPRF-BA;DEL08-BA;UOP01-DEL08-BA
702731;05/07/2025;sábado;13:00:00;BA;110;161;RIBEIRA DO POMBAL;Pista esburacada;Tombamento;Com Vítimas Feridas;Pleno dia;Decrescente;Chuva;Simples;Reta;Não;1;0;1;0;0;0;1;1;-10,741665;-38,499368;SPRF-BA;DEL07-BA;UOP02-DEL07-BA
702732;05/07/2025;sábado;18:20:00;SC;101;16,3;PALHOCA;Conversão proibida;Colisão transversal;Com Vítimas Feridas;Plena Noite;Crescente;Ignorado;Simples;Reta;Sim;2;0;2;0;0;0;2;2;-27,66191963;-48,68461959;SPRF-SC;DEL03-SC;UOP01-DEL03-SC
702734;05/07/2025;sábado;18:00:00;PE;101;60;RECIFE;Acessar a via sem observar a presença dos outros veículos;Colisão lateral mesmo sentido;Com Vítimas Feridas;Plena Noite;Decrescente;Céu Claro;Dupla;Reta;Sim;3;0;1;0;2;0;1;2;-7,985546;-34,931687;SPRF-PE;DEL01-PE;UOP02-DEL01-PE
702735;05/07/2025;sábado;18:25:00;ES;101;102,3;LINHARES;Ausência de reação do condutor;Saída de leito carroçável;Com Vítimas Feridas;Anoitecer;Crescente;Céu Claro;Simples;Reta;Não;1;0;0;1;0;0;1;1;-19,00008307;-40,0046137;SPRF-ES;DEL04-ES;UOP01-DEL04-ES
702736;05/07/2025;sábado;18:50:00;BA;101;892;CARAVELAS;Ingestão de álcool pelo condutor;Colisão frontal;Com Vítimas Fatais;Plena Noite;Crescente;Céu Claro;Simples;Reta;Não;8;4;1;3;0;0;4;2;-17,68440793;-39,77446675;SPRF-BA;DEL09-BA;UOP02-DEL09-BA
702737;05/07/2025;sábado;17:50:00;PI;343;310,1;ALTOS;Acessar a via sem observar a presença dos outros veículos;Colisão transversal;Com Vítimas Feridas;Anoitecer;Decrescente;Céu Claro;Simples;"Interseção de Vias;Curva";Sim;2;0;1;0;1;0;1;2;-5,040508;-42,485215;SPRF-PI;DEL01-PI;UOP01-DEL01-PI
702738;05/07/2025;sábado;16:20:00;PR;163;159,2;LINDOESTE;Ingestão de álcool pelo condutor;Saída de leito carroçável;Sem Vítimas;Pleno dia;Crescente;Céu Claro;Dupla;"Declive;Curva";Não;1;0;0;0;1;0;0;1;-25,318934;-53,59159;SPRF-PR;DEL05-PR;UOP05-DEL05-PR
702739;05/07/2025;sábado;16:00:00;RJ;0;0;RIO DE JANEIRO;Ausência de reação do condutor;Colisão traseira;Com Vítimas Feridas;Pleno dia;Não Informado;Sol;Múltipla;Reta;Sim;2;0;1;0;1;0;1;2;-22,98054;-43,365787;SPRF-RJ;N/A;N/A
702741;05/07/2025;sábado;12:03:00;RJ;101;222;SILVA JARDIM;Ausência de reação do condutor;Queda de ocupante de veículo;Com Vítimas Feridas;Pleno dia;Crescente;Céu Claro;Dupla;Reta;Não;1;0;1;0;0;0;1;1;-22,50589878;-42,29418163;SPRF-RJ;DEL02-RJ;UOP03-DEL02-RJ
702742;05/07/2025;sábado;18:50:00;GO;70;293;ITAPIRAPUA;Ausência de reação do condutor;Capotamento;Com Vítimas Feridas;Plena Noite;Crescente;Nublado;Simples;Reta;Não;1;0;1;0;0;0;1;1;-15,82065568;-50,63717954;SPRF-GO;DEL04-GO;UOP02-DEL04-GO
702744;05/07/2025;sábado;19:10:00;MG;40;517,1;RIBEIRAO DAS NEVES;Manobra de mudança de faixa;Colisão lateral mesmo sentido;Com Vítimas Feridas;Plena Noite;Decrescente;Céu Claro;Dupla;Reta;Sim;3;0;0;1;2;0;1;2;-19,834636;-44,080257;SPRF-MG;DEL01-MG;UOP02-DEL01-MG
702745;05/07/2025;sábado;19:00:00;RJ;116;181;NOVA IGUACU;Demais falhas mecânicas ou elétricas;Incêndio;Sem Vítimas;Plena Noite;Crescente;Céu Claro;Múltipla;Reta;Sim;1;0;0;0;0;1;0;1;-22,7621719;-43,4213121;SPRF-RJ;DEL06-RJ;UOP01-DEL06-RJ
702746;05/07/2025;sábado;19:20:00;PE;232;8;RECIFE;Ausência de reação do condutor;Colisão traseira;Com Vítimas Feridas;Plena Noite;Crescente;Céu Claro;Dupla;Reta;Sim;2;0;0;1;0;1;1;2;-8,075281;-34,968733;SPRF-PE;DEL01-PE;UOP01-DEL01-PE
702747;16/02/2025;domingo;03:10:00;ES;101;353,5;ANCHIETA;Ingestão de álcool pelo condutor;Colisão com objeto;Com Vítimas Fatais;Plena Noite;Crescente;Céu Claro;Dupla;Reta;Não;2;1;0;1;0;0;1;1;-20,682612;-40,66807151;SPRF-ES;DEL03-ES;UOP01-DEL03-ES
702750;05/07/2025;sábado;19:30:00;RJ;116;175;SAO JOAO DE MERITI;Trafegar com motocicleta (ou similar) entre as faixas;Colisão traseira;Com Vítimas Feridas;Plena Noite;Decrescente;Céu Claro;Dupla;Reta;Sim;4;0;2;0;2;0;2;3;-22,792984;-43,36681366;SPRF-RJ;DEL06-RJ;UOP01-DEL06-RJ
702751;05/07/2025;sábado;18:50:00;MG;381;941,5;EXTREMA;Ingestão de álcool pelo condutor;Colisão com objeto;Sem Vítimas;Plena Noite;Crescente;Céu Claro;Simples;Retorno Regulamentado;Sim;1;0;0;0;1;0;0;1;-22,831799;-46,316954;SPRF-MG;DEL16-MG;UOP03-DEL16-MG
702753;05/07/2025;sábado;18:30:00;RJ;101;397;RIO DE JANEIRO;Manobra de mudança de faixa;Colisão traseira;Com Vítimas Feridas;Plena Noite;Crescente;Céu Claro;Dupla;Reta;Sim;2;0;0;1;1;0;1;2;-22,88782816;-43,65736898;SPRF-RJ;DEL03-RJ;UOP01-DEL03-RJ
702754;05/07/2025;sábado;15:20:00;SC;285;50,9;TIMBE DO SUL;Demais falhas na via;Eventos atípicos;Com Vítimas Feridas;Pleno dia;Crescente;Céu Claro;Simples;"Reta;Aclive;Em Obras";Não;4;0;2;0;2;0;2;1;-28,80538956;-49,93776143;SPRF-SC;DEL02-SC;UOP02-DEL02-SC
702755;05/07/2025;sábado;19:40:00;PR;376;8,7;MARINGA;Reação tardia ou ineficiente do condutor;Colisão com objeto;Com Vítimas Feridas;Plena Noite;Crescente;Céu Claro;Dupla;"Reta;Aclive";Não;2;0;2;0;0;0;2;1;-23,373095;-51,921816;SPRF-PR;DEL09-PR;UOP01-DEL09-PR
702756;05/07/2025;sábado;19:44:00;PB;361;83,3;PIANCO;Pedestre andava na pista;Atropelamento de Pedestre;Com Vítimas Feridas;Plena Noite;Decrescente;Céu Claro;Simples;Reta;Sim;2;0;1;0;1;0;1;2;-7,198713;-37,926265;SPRF-PB;DEL03-PB;UOP01-DEL03-PB
702758;05/07/2025;sábado;19:30:00;GO;153;442;ANAPOLIS;Reação tardia ou ineficiente do condutor;Colisão com objeto;Com Vítimas Feridas;Plena Noite;Crescente;Céu Claro;Dupla;"Reta;Declive";Sim;3;0;1;1;1;0;2;1;-16,346338;-48,925852;SPRF-GO;DEL02-GO;UOP01-DEL02-GO
702759;05/07/2025;sábado;18:30:00;PR;369;72,6;SANTA MARIANA;Acessar a via sem observar a presença dos outros veículos;Colisão transversal;Com Vítimas Feridas;Plena Noite;Crescente;Céu Claro;Simples;Reta;Não;3;0;1;2;0;0;3;2;-23,15520696;-50,51223993;SPRF-PR;DEL07-PR;UOP05-DEL07-PR
702761;05/07/2025;sábado;17:30:00;PA;316;81;SAO FRANCISCO DO PARA;Reação tardia ou ineficiente do condutor;Colisão traseira;Sem Vítimas;Pleno dia;Decrescente;Céu Claro;Simples;Reta;Não;2;0;0;0;2;0;0;2;-1,30504513;-47,77406037;SPRF-PA;DEL01-PA;UOP02-DEL01-PA
702762;05/07/2025;sábado;18:14:00;SC;116;55,8;PAPANDUVA;Reação tardia ou ineficiente do condutor;Colisão traseira;Sem Vítimas;Plena Noite;Crescente;Nublado;Simples;Reta;Não;3;0;0;0;3;0;0;2;-26,388902;-50,183503;SPRF-SC;DEL06-SC;UOP02-DEL06-SC
702764;05/07/2025;sábado;15:50:00;GO;158;243;JATAI;Ingestão de álcool pelo condutor;Colisão com objeto;Com Vítimas Feridas;Pleno dia;Crescente;Sol;Simples;Reta;Não;3;0;0;2;1;0;2;1;-17,672807;-51,839582;SPRF-GO;DEL05-GO;UOP01-DEL05-GO
702766;05/07/2025;sábado;20:00:00;PR;369;182,2;ARAPONGAS;Desrespeitar a preferência no cruzamento;Colisão transversal;Com Vítimas Feridas;Plena Noite;Decrescente;Céu Claro;Dupla;Reta;Sim;2;0;1;1;0;0;2;2;-23,384188;-51,418957;SPRF-PR;DEL07-PR;UOP03-DEL07-PR
702767;05/07/2025;sábado;19:10:00;CE;222;164,6;IRAUCUBA;Acessar a via sem observar a presença dos outros veículos;Colisão transversal;Com Vítimas Feridas;Plena Noite;Crescente;Céu Claro;Simples;"Reta;Interseção de Vias";Sim;6;0;1;0;5;0;1;2;-3,738801;-39,919181;SPRF-CE;DEL04-CE;UOP03-DEL04-CE
702769;05/07/2025;sábado;16:30:00;RJ;101;299;SAO GONCALO;Acessar a via sem observar a presença dos outros veículos;Atropelamento de Pedestre;Com Vítimas Fatais;Anoitecer;Decrescente;Céu Claro;Dupla;Reta;Sim;3;1;0;0;2;0;0;2;-22,7868672;-43,0342144;SPRF-RJ;DEL02-RJ;UOP02-DEL02-RJ
702770;05/07/2025;sábado;18:45:00;SE;101;73,1;MARUIM;Animais na Pista;Atropelamento de Animal;Com Vítimas Feridas;Plena Noite;Decrescente;Ignorado;Dupla;"Aclive;Curva";Não;3;0;1;0;2;0;1;2;-10,75665026;-37,10462658;SPRF-SE;DEL01-SE;UOP01-DEL01-SE
702771;05/07/2025;sábado;20:30:00;SC;282;376,5;HERVAL DOESTE;Ingestão de álcool pelo condutor;Colisão lateral sentido oposto;Com Vítimas Feridas;Plena Noite;Crescente;Céu Claro;Simples;Declive;Não;2;0;0;1;0;1;1;2;-27,221734;-51,459477;SPRF-SC;DEL07-SC;UOP05-DEL07-SC
702772;05/07/2025;sábado;21:10:00;GO;153;437;ANAPOLIS;Ingestão de álcool pelo condutor;Saída de leito carroçável;Sem Vítimas;Plena Noite;Decrescente;Céu Claro;Dupla;"Aclive;Em Obras;Desvio Temporário";Não;1;0;0;0;1;0;0;1;-16,2876106;-48,9441007;SPRF-GO;DEL02-GO;UOP01-DEL02-GO
702774;05/07/2025;sábado;20:55:00;PR;272;367,7;CAMPO MOURAO;Acessar a via sem observar a presença dos outros veículos;Colisão transversal;Com Vítimas Feridas;Plena Noite;Crescente;Céu Claro;Dupla;"Reta;Interseção de Vias";Sim;2;0;0;2;0;0;2;2;-24,05266;-52,40693;SPRF-PR;DEL09-PR;UOP03-DEL09-PR
702775;05/07/2025;sábado;20:28:00;PB;104;130,6;QUEIMADAS;Desrespeitar a preferência no cruzamento;Colisão transversal;Sem Vítimas;Plena Noite;Crescente;Céu Claro;Simples;"Retorno Regulamentado;Interseção de Vias;Desvio Temporário;Em Obras;Reta";Sim;2;0;0;0;2;0;0;2;-7,28748843;-35,88986635;SPRF-PB;DEL02-PB;UOP03-DEL02-PB
702777;05/07/2025;sábado;21:00:00;PR;476;98;BOCAIUVA DO SUL;Transitar na contramão;Colisão lateral sentido oposto;Com Vítimas Feridas;Plena Noite;Decrescente;Céu Claro;Simples;"Curva;Declive";Não;5;0;5;0;0;0;5;2;-25,24975081;-49,1395038;SPRF-PR;DEL01-PR;UOP01-DEL01-PR
702778;05/07/2025;sábado;20:35:00;PR;476;185;LAPA;Ausência de reação do condutor;Saída de leito carroçável;Sem Vítimas;Plena Noite;Crescente;Céu Claro;Simples;Reta;Não;1;0;0;0;1;0;0;1;-25,71793201;-49,6457684;SPRF-PR;DEL01-PR;UOP06-DEL01-PR
702779;05/07/2025;sábado;21:00:00;MA;10;252;IMPERATRIZ;Ausência de reação do condutor;Queda de ocupante de veículo;Com Vítimas Feridas;Plena Noite;Crescente;Céu Claro;Dupla;"Reta;Retorno Regulamentado";Sim;2;0;2;0;0;0;2;1;-5,52685125;-47,47161865;SPRF-MA;DEL04-MA;UOP01-DEL04-MA
702780;05/07/2025;sábado;19:10:00;MS;163;248,2;DOURADOS;Ausência de reação do condutor;Tombamento;Com Vítimas Feridas;Plena Noite;Crescente;Céu Claro;Simples;"Reta;Rotatória";Não;1;0;1;0;0;0;1;1;-22,320848;-54,819334;SPRF-MS;DEL04-MS;UOP02-DEL04-MS
702781;05/07/2025;sábado;19:10:00;SC;280;57,2;GUARAMIRIM;Ingestão de álcool pelo condutor;Colisão traseira;Com Vítimas Feridas;Plena Noite;Decrescente;Nublado;Simples;Reta;Não;2;0;1;0;1;0;1;2;-26,477495;-49,013697;SPRF-SC;DEL03-SC;UOP03-DEL03-SC
702782;05/07/2025;sábado;20:46:00;BA;324;516;FEIRA DE SANTANA;Manobra de mudança de faixa;Colisão traseira;Com Vítimas Feridas;Plena Noite;Decrescente;Céu Claro;Simples;Reta;Sim;3;0;1;0;2;0;1;2;-12,25309453;-38,93258069;SPRF-BA;DEL02-BA;UOP01-DEL02-BA
702783;05/07/2025;sábado;20:40:00;GO;364;75;CACHOEIRA ALTA;Animais na Pista;Atropelamento de Animal;Com Vítimas Feridas;Plena Noite;Decrescente;Céu Claro;Simples;Reta;Não;3;0;1;0;2;0;1;1;-18,65216862;-51,00269979;SPRF-GO;DEL05-GO;UOP02-DEL05-GO
702784;05/07/2025;sábado;16:40:00;MS;262;433,4;DOIS IRMAOS DO BURITI;Afundamento ou ondulação no pavimento;Saída de leito carroçável;Com Vítimas Feridas;Pleno dia;Decrescente;Céu Claro;Simples;Reta;Não;4;0;2;0;2;0;2;1;-20,503205;-55,326985;SPRF-MS;DEL03-MS;UOP01-DEL03-MS
702785;05/07/2025;sábado;20:20:00;RS;287;406,5;SANTIAGO;Reação tardia ou ineficiente do condutor;Tombamento;Com Vítimas Feridas;Plena Noite;Decrescente;Céu Claro;Simples;Reta;Não;2;0;2;0;0;0;2;1;-29,11372;-54,910859;SPRF-RS;DEL12-RS;UOP02-DEL12-RS