id;data_inversa;dia_semana;horario;uf;br;km;municipio;causa_acidente;tipo_acidente;classificacao_acidente;fase_dia;sentido_via;condicao_metereologica;tipo_pista;tracado_via;uso_solo;pessoas;mortos;feridos_leves;feridos_graves;ilesos;ignorados;feridos;veiculos;latitude;longitude;regional;delegacia;uop
702788;05/07/2025;sábado;19:00:00;AL;423;95,9;DELMIRO GOUVEIA;Demais falhas mecânicas ou elétricas;Incêndio;Sem Vítimas;Plena Noite;Crescente;Nublado;Simples;Reta;Não;1;0;0;0;0;1;0;1;-9,37832;-38,122747;SPRF-BA;DEL07-BA;UOP01-DEL07-BA
702789;05/07/2025;sábado;21:00:00;BA;101;42;ESPLANADA;Iluminação deficiente;Atropelamento de Pedestre;Com Vítimas Feridas;Plena Noite;Crescente;Nublado;Simples;Curva;Não;3;0;3;0;0;0;3;2;-11,820637;-37,979833;SPRF-SE;DEL02-SE;UOP03-DEL02-SE
702792;05/07/2025;sábado;21:30:00;RS;285;319,7;PASSO FUNDO;Ingestão de álcool pelo condutor;Colisão com objeto;Com Vítimas Feridas;Plena Noite;Decrescente;Céu Claro;Dupla;"Declive;Reta";Não;2;0;1;0;1;0;1;2;-28,26802024;-52,61938032;SPRF-RS;DEL08-RS;UOP03-DEL08-RS
702793;05/07/2025;sábado;20:30:00;SC;101;395,1;CRICIUMA;Frear bruscamente;Capotamento;Sem Vítimas;Plena Noite;Decrescente;Céu Claro;Simples;"Reta;Aclive";Não;2;0;0;0;0;2;0;1;-28,823613;-49,402593;SPRF-SC;DEL02-SC;UOP02-DEL02-SC
702795;05/07/2025;sábado;22:40:00;PI;343;8;PARNAIBA;Ingestão de álcool pelo condutor;Tombamento;Sem Vítimas;Plena Noite;Crescente;Céu Claro;Simples;Reta;Sim;1;0;0;0;1;0;0;1;-2,89996705;-41,72743678;SPRF-PI;DEL05-PI;UOP01-DEL05-PI
702796;05/07/2025;sábado;19:00:00;PR;163;14;BARRACAO;Ingestão de álcool pelo condutor;Colisão transversal;Com Vítimas Feridas;Plena Noite;Crescente;Céu Claro;Simples;Reta;Não;3;0;1;0;2;0;1;2;-26,215421;-53,637895;SPRF-PR;DEL02-PR;UOP02-DEL02-PR
702797;05/07/2025;sábado;23:00:00;RN;304;97,2;ACU;Ausência de reação do condutor;Colisão traseira;Com Vítimas Feridas;Plena Noite;Decrescente;Céu Claro;Simples;"Reta;Declive";Não;2;0;0;1;1;0;1;2;-5,56541;-37,04663;SPRF-RN;DEL04-RN;UOP01-DEL04-RN
702798;05/07/2025;sábado;21:00:00;PR;272;377,8;CAMPO MOURAO;Ultrapassagem Indevida;Colisão frontal;Com Vítimas Feridas;Plena Noite;Decrescente;Céu Claro;Simples;"Declive;Reta";Não;6;0;5;0;1;0;5;2;-24,06123814;-52,49825478;SPRF-PR;DEL09-PR;UOP03-DEL09-PR
702801;05/07/2025;sábado;22:45:00;SP;116;219;GUARULHOS;Condutor deixou de manter distância do veículo da frente;Colisão traseira;Com Vítimas Feridas;Plena Noite;Crescente;Céu Claro;Múltipla;"Reta;Declive;Em Obras";Não;5;0;0;1;4;0;1;2;-23,464234;-46,4976;SPRF-SP;DEL01-SP;UOP01-DEL01-SP
702802;05/07/2025;sábado;22:00:00;MG;40;616,9;CONGONHAS;Condutor Dormindo;Saída de leito carroçável;Com Vítimas Feridas;Plena Noite;Decrescente;Nublado;Simples;Curva;Não;1;0;1;0;0;0;1;1;-20,55755606;-43,81384671;SPRF-MG;DEL05-MG;UOP02-DEL05-MG
702806;05/07/2025;sábado;18:50:00;PE;428;143,5;PETROLINA;Condutor Dormindo;Colisão traseira;Com Vítimas Feridas;Plena Noite;Decrescente;Céu Claro;Simples;Reta;Não;2;0;1;0;0;1;1;2;-9,0197977;-40,28163888;SPRF-PE;DEL06-PE;UOP01-DEL06-PE
702807;05/07/2025;sábado;23:00:00;RJ;40;98;RIO DE JANEIRO;Avarias e/ou desgaste excessivo no pneu;Queda de ocupante de veículo;Com Vítimas Feridas;Plena Noite;Crescente;Céu Claro;Dupla;Reta;Não;1;0;1;0;0;0;1;1;-22,9146624;-43,2406528;SPRF-RJ;DEL01-RJ;UOP01-DEL01-RJ
702808;05/07/2025;sábado;22:05:00;SC;470;34,9;GASPAR;Ausência de reação do condutor;Tombamento;Com Vítimas Feridas;Plena Noite;Crescente;Ignorado;Simples;"Em Obras;Reta";Não;1;0;0;1;0;0;1;1;-26,91270434;-48,96008849;SPRF-SC;DEL04-SC;UOP01-DEL04-SC
702809;05/07/2025;sábado;20:40:00;RS;285;340,2;CARAZINHO;Desrespeitar a preferência no cruzamento;Colisão transversal;Com Vítimas Feridas;Plena Noite;Crescente;Céu Claro;Simples;"Reta;Interseção de Vias";Não;2;0;0;1;1;0;1;2;-28,3176937;-52,80628888;SPRF-RS;DEL08-RS;UOP03-DEL08-RS
702810;05/07/2025;sábado;20:50:00;RJ;116;137;MAGE;Velocidade Incompatível;Colisão com objeto;Com Vítimas Feridas;Plena Noite;Crescente;Nublado;Dupla;Interseção de Vias;Sim;3;0;1;0;1;1;1;3;-22,64809524;-43,1802492;SPRF-RJ;DEL04-RJ;UOP02-DEL04-RJ
702811;05/07/2025;sábado;22:50:00;SP;381;88;GUARULHOS;Ausência de reação do condutor;Colisão lateral mesmo sentido;Com Vítimas Feridas;Plena Noite;Crescente;Céu Claro;Múltipla;Reta;Sim;5;0;1;0;4;0;1;3;-23,48292832;-46,55997276;SPRF-SP;DEL03-SP;UOP01-DEL03-SP
702813;05/07/2025;sábado;21:00:00;MA;230;392;BALSAS;Acessar a via sem observar a presença dos outros veículos;Colisão traseira;Com Vítimas Feridas;Plena Noite;Crescente;Céu Claro;Simples;"Reta;Interseção de Vias";Não;4;0;0;1;2;1;1;2;-7,4300715;-46,001224;SPRF-MA;DEL05-MA;UOP01-DEL05-MA
702815;05/07/2025;sábado;22:00:00;MG;116;555,2;SANTA BARBARA DO LESTE;Ingestão de álcool pelo condutor;Saída de leito carroçável;Com Vítimas Feridas;Plena Noite;Decrescente;Céu Claro;Simples;Curva;Não;2;0;2;0;0;0;2;1;-20,00056184;-42,14045435;SPRF-MG;DEL06-MG;UOP02-DEL06-MG
702816;05/07/2025;sábado;23:40:00;SC;101;229;PALHOCA;Acessar a via sem observar a presença dos outros veículos;Colisão frontal;Com Vítimas Feridas;Plena Noite;Decrescente;Nublado;Simples;"Reta;Viaduto";Sim;2;0;1;0;1;0;1;2;-27,768;-48,631;SPRF-SC;DEL01-SC;UOP02-DEL01-SC
702817;05/07/2025;sábado;21:00:00;MT;70;1,6;BARRA DO GARCAS;Acessar a via sem observar a presença dos outros veículos;Colisão transversal;Com Vítimas Feridas;Plena Noite;Decrescente;Céu Claro;Simples;Reta;Sim;2;0;1;0;1;0;1;2;-15,887002;-52,268786;SPRF-MT;DEL07-MT;UOP01-DEL07-MT
702818;05/07/2025;sábado;23:40:00;RS;386;44,5;SEBERI;Suicídio (presumido);Colisão frontal;Com Vítimas Feridas;Plena Noite;Crescente;Céu Claro;Simples;Curva;Não;2;0;0;2;0;0;2;2;-27,44333885;-53,41509234;SPRF-RS;DEL08-RS;UOP02-DEL08-RS
702819;05/07/2025;sábado;23:00:00;SC;280;31;ARAQUARI;Animais na Pista;Atropelamento de Animal;Com Vítimas Feridas;Plena Noite;Crescente;Nublado;Simples;Reta;Sim;1;0;1;0;0;0;1;1;-26,417152;-48,774903;SPRF-SC;DEL03-SC;UOP03-DEL03-SC
702820;05/07/2025;sábado;23:50:00;AL;316;268,1;SATUBA;Reação tardia ou ineficiente do condutor;Colisão frontal;Com Vítimas Feridas;Plena Noite;Crescente;Céu Claro;Simples;Reta;Não;3;0;1;0;2;0;1;3;-9,580385;-35,836339;SPRF-AL;DEL02-AL;UOP01-DEL02-AL
702821;05/07/2025;sábado;22:30:00;MS;60;424,7;SIDROLANDIA;Manobra de mudança de faixa;Colisão lateral mesmo sentido;Com Vítimas Feridas;Plena Noite;Decrescente;Céu Claro;Dupla;Reta;Sim;3;0;2;0;0;1;2;2;-20,93223974;-54,95918691;SPRF-MS;DEL01-MS;UOP04-DEL01-MS
702822;05/07/2025;sábado;23:00:00;RJ;101;313;SAO GONCALO;Condutor Dormindo;Colisão com objeto;Sem Vítimas;Plena Noite;Crescente;Céu Claro;Dupla;Reta;Sim;1;0;0;0;1;0;0;1;-22,81211437;-43,07232555;SPRF-RJ;DEL02-RJ;UOP02-DEL02-RJ
702823;05/07/2025;sábado;23:40:00;SC;470;315;CAMPOS NOVOS;Transitar na contramão;Colisão transversal;Sem Vítimas;Plena Noite;Decrescente;Céu Claro;Simples;Reta;Não;1;0;0;0;0;1;0;1;-27,3825788;-51,2392238;SPRF-SC;DEL07-SC;UOP06-DEL07-SC
702825;05/07/2025;sábado;23:30:00;PA;163;984;SANTAREM;Pedestre andava na pista;Atropelamento de Pedestre;Com Vítimas Fatais;Plena Noite;Crescente;Céu Claro;Simples;Reta;Não;2;1;0;0;0;1;0;2;-2,611861;-54,725222;SPRF-PA;DEL05-PA;UOP01-DEL05-PA
702827;05/07/2025;sábado;21:38:00;MT;158;605;NOVA NAZARE;Velocidade Incompatível;Saída de leito carroçável;Com Vítimas Feridas;Plena Noite;Decrescente;Céu Claro;Simples;Curva;Não;2;0;2;0;0;0;2;1;-14,384;-52,17;SPRF-MT;DEL07-MT;UOP02-DEL07-MT
702828;06/07/2025;domingo;00:10:00;ES;262;109,7;VENDA NOVA DO IMIGRANTE;Ausência de reação do condutor;Colisão com objeto;Com Vítimas Feridas;Plena Noite;Crescente;Nublado;Simples;Reta;Sim;1;0;0;1;0;0;1;1;-20,3367383;-41,1807305;SPRF-ES;DEL01-ES;UOP02-DEL01-ES
702829;05/07/2025;sábado;21:00:00;MS;60;417,1;SIDROLANDIA;Ingestão de álcool pelo condutor;Colisão com objeto;Sem Vítimas;Plena Noite;Crescente;Céu Claro;Simples;"Retorno Regulamentado;Em Obras";Não;2;0;0;0;2;0;0;1;-20,898866;-54,89833;SPRF-MS;DEL01-MS;UOP04-DEL01-MS
702830;06/07/2025;domingo;00:10:00;MG;365;682;MONTE ALEGRE DE MINAS;Ausência de reação do condutor;Saída de leito carroçável;Sem Vítimas;Plena Noite;Crescente;Céu Claro;Dupla;Reta;Não;1;0;0;0;1;0;0;1;-18,85;-48,835;SPRF-MG;DEL15-MG;UOP01-DEL15-MG
702831;06/07/2025;domingo;01:00:00;SC;101;72,8;ARAQUARI;Condutor Dormindo;Saída de leito carroçável;Com Vítimas Feridas;Plena Noite;Decrescente;Céu Claro;Dupla;Reta;Não;1;0;0;1;0;0;1;1;-26,61033843;-48,63412714;SPRF-SC;DEL03-SC;UOP02-DEL03-SC
702832;06/07/2025;domingo;01:50:00;PB;101;87,3;JOAO PESSOA;Acessar a via sem observar a presença dos outros veículos;Colisão traseira;Com Vítimas Feridas;Plena Noite;Decrescente;Céu Claro;Dupla;Reta;Sim;3;0;1;2;0;0;3;2;-7,1612102;-34,9044462;SPRF-PB;DEL01-PB;UOP01-DEL01-PB
702833;06/07/2025;domingo;00:20:00;RJ;40;110;DUQUE DE CAXIAS;Reação tardia ou ineficiente do condutor;Colisão com objeto;Com Vítimas Feridas;Plena Noite;Decrescente;Céu Claro;Dupla;Reta;Sim;2;0;2;0;0;0;2;1;-22,68720147;-43,28587532;SPRF-RJ;DEL01-RJ;UOP02-DEL01-RJ
702834;06/07/2025;domingo;01:20:00;PE;407;129;PETROLINA;Reação tardia ou ineficiente do condutor;Colisão com objeto;Sem Vítimas;Plena Noite;Decrescente;Céu Claro;Dupla;Ponte;Sim;3;0;0;0;3;0;0;2;-9,4060193;-40,5050892;SPRF-PE;DEL06-PE;UOP01-DEL06-PE
702836;06/07/2025;domingo;01:50:00;PE;424;101;BREJAO;Ausência de reação do condutor;Colisão traseira;Com Vítimas Fatais;Plena Noite;Crescente;Céu Claro;Dupla;Reta;Não;1;1;0;0;0;0;0;1;-8,972043;-36,521556;SPRF-PE;DEL03-PE;UOP01-DEL03-PE
702837;05/07/2025;sábado;22:30:00;PI;316;243;INHUMA;Acessar a via sem observar a presença dos outros veículos;Colisão transversal;Com Vítimas Fatais;Plena Noite;Crescente;Céu Claro;Simples;Reta;Não;2;1;0;0;1;0;0;2;-6,679427;-41,71885;SPRF-PI;DEL04-PI;UOP02-DEL04-PI
702838;06/07/2025;domingo;02:00:00;PI;343;4;TERESINA;Condutor desrespeitou a iluminação vermelha do semáforo;Colisão transversal;Com Vítimas Feridas;Plena Noite;Crescente;Céu Claro;Dupla;Reta;Sim;2;0;1;0;0;1;1;2;-5,08031421;-42,78994238;SPRF-PI;DEL01-PI;UOP01-DEL01-PI
702839;06/07/2025;domingo;02:30:00;BA;410;1;RIBEIRA DO POMBAL;Ingestão de álcool pelo condutor;Saída de leito carroçável;Com Vítimas Feridas;Plena Noite;Crescente;Garoa/Chuvisco;Simples;Reta;Não;1;0;0;1;0;0;1;1;-10,818813;-38,53556;SPRF-BA;DEL07-BA;UOP02-DEL07-BA
702840;06/07/2025;domingo;02:50:00;SC;282;215;LAGES;Reação tardia ou ineficiente do condutor;Saída de leito carroçável;Sem Vítimas;Plena Noite;Crescente;Céu Claro;Simples;Rotatória;Sim;1;0;0;0;0;1;0;1;-27,79433762;-50,28478361;SPRF-SC;DEL05-SC;UOP01-DEL05-SC
702841;06/07/2025;domingo;02:20:00;SC;101;137,1;BALNEARIO CAMBORIU;Reação tardia ou ineficiente do condutor;Saída de leito carroçável;Sem Vítimas;Plena Noite;Crescente;Nevoeiro/Neblina;Múltipla;Reta;Sim;1;0;0;0;1;0;0;1;-27,01704974;-48,61144423;SPRF-SC;DEL04-SC;UOP03-DEL04-SC
702842;06/07/2025;domingo;02:25:00;SP;116;51,9;LORENA;Condutor deixou de manter distância do veículo da frente;Colisão traseira;Com Vítimas Feridas;Plena Noite;Crescente;Céu Claro;Dupla;Reta;Sim;1;0;1;0;0;0;1;1;-22,74407789;-45,09588616;SPRF-SP;DEL08-SP;UOP02-DEL08-SP
702844;06/07/2025;domingo;02:00:00;MG;40;530;CONTAGEM;Pedestre andava na pista;Atropelamento de Pedestre;Com Vítimas Feridas;Plena Noite;Decrescente;Céu Claro;Dupla;"Declive;Curva";Sim;2;0;0;1;0;1;1;2;-19,91825293;-44,02822495;SPRF-MG;DEL01-MG;UOP02-DEL01-MG
702845;06/07/2025;domingo;03:05:00;GO;153;426,2;ANAPOLIS;Ingestão de álcool pelo condutor;Colisão com objeto;Com Vítimas Feridas;Plena Noite;Crescente;Céu Claro;Múltipla;"Reta;Declive";Sim;1;0;1;0;0;0;1;1;-16,24195257;-49,00362611;SPRF-GO;DEL02-GO;UOP01-DEL02-GO
702846;06/07/2025;domingo;04:00:00;SC;101;205,1;SAO JOSE;Reação tardia ou ineficiente do condutor;Colisão com objeto;Com Vítimas Feridas;Plena Noite;Decrescente;Céu Claro;Múltipla;Reta;Sim;1;0;0;1;0;0;1;1;-27,58401;-48,61556;SPRF-SC;DEL01-SC;UOP01-DEL01-SC
702847;06/07/2025;domingo;02:55:00;PR;116;128;FAZENDA RIO GRANDE;Velocidade Incompatível;Saída de leito carroçável;Com Vítimas Feridas;Plena Noite;Decrescente;Nevoeiro/Neblina;Múltipla;Reta;Sim;3;0;1;0;1;1;1;2;-25,65791442;-49,31212155;SPRF-PR;DEL01-PR;UOP03-DEL01-PR
702848;06/07/2025;domingo;04:15:00;ES;101;151;LINHARES;Condutor Dormindo;Tombamento;Com Vítimas Feridas;Amanhecer;Crescente;Nublado;Simples;Declive;Não;1;0;1;0;0;0;1;1;-19,40692036;-40,06387241;SPRF-ES;DEL04-ES;UOP01-DEL04-ES
702849;06/07/2025;domingo;04:07:00;PI;230;306;FLORIANO;Ausência de reação do condutor;Colisão com objeto;Com Vítimas Feridas;Plena Noite;Crescente;Céu Claro;Simples;"Curva;Interseção de Vias;Rotatória";Sim;1;0;1;0;0;0;1;1;-6,786792;-42,993305;SPRF-PI;DEL03-PI;UOP01-DEL03-PI
702851;06/07/2025;domingo;03:40:00;AL;104;93,2;MACEIO;Transitar no Acostamento;Atropelamento de Pedestre;Com Vítimas Fatais;Plena Noite;Decrescente;Céu Claro;Dupla;Reta;Sim;2;1;0;0;0;1;0;2;-9,52397524;-35,77884167;SPRF-AL;DEL01-AL;UOP01-DEL01-AL
702852;06/07/2025;domingo;04:15:00;RJ;116;172;NOVA IGUACU;Ausência de reação do condutor;Atropelamento de Pedestre;Com Vítimas Feridas;Amanhecer;Crescente;Céu Claro;Dupla;Reta;Sim;4;0;0;1;3;0;1;4;-22,7424094;-43,5085515;SPRF-RJ;DEL06-RJ;UOP01-DEL06-RJ
702853;06/07/2025;domingo;04:45:00;SP;459;18,1;PIQUETE;Ingestão de álcool pelo condutor;Saída de leito carroçável;Sem Vítimas;Plena Noite;Crescente;Ignorado;Simples;"Aclive;Curva";Não;2;0;0;0;0;2;0;2;-22,6180349;-45,1706521;SPRF-SP;DEL08-SP;UOP02-DEL08-SP
702854;06/07/2025;domingo;04:40:00;RS;480;68;BARAO DE COTEGIPE;Ingestão de álcool pelo condutor;Saída de leito carroçável;Sem Vítimas;Plena Noite;Decrescente;Céu Claro;Simples;Curva;Não;1;0;0;0;1;0;0;1;-27,63528621;-52,35358732;SPRF-RS;DEL08-RS;UOP04-DEL08-RS
702855;06/07/2025;domingo;03:00:00;MG;40;184,4;JOAO PINHEIRO;Ingestão de álcool pelo condutor;Saída de leito carroçável;Com Vítimas Feridas;Plena Noite;Crescente;Céu Claro;Simples;Curva;Não;1;0;1;0;0;0;1;1;-17,98983574;-45,95752716;SPRF-MG;DEL14-MG;UOP02-DEL14-MG
702856;06/07/2025;domingo;03:55:00;SC;101;437,5;SOMBRIO;Ingestão de álcool pelo condutor;Colisão com objeto;Com Vítimas Feridas;Plena Noite;Crescente;Céu Claro;Múltipla;Reta;Não;1;0;1;0;0;0;1;1;-29,12355129;-49,6495235;SPRF-SC;DEL02-SC;UOP02-DEL02-SC
702857;05/07/2025;sábado;11:45:00;GO;153;491;GOIANIA;Estacionar ou parar em local proibido;Colisão traseira;Com Vítimas Feridas;Pleno dia;Crescente;Céu Claro;Dupla;Reta;Não;2;0;0;1;1;0;1;2;-16,623827;-49,2056179;SPRF-GO;DEL01-GO;UOP01-DEL01-GO
702858;06/07/2025;domingo;03:00:00;PI;135;364,5;BOM JESUS;Transitar na contramão;Colisão frontal;Com Vítimas Fatais;Plena Noite;Crescente;Céu Claro;Simples;Reta;Não;3;2;0;0;0;1;0;2;-9,157375;-44,418155;SPRF-PI;DEL03-PI;UOP02-DEL03-PI
702859;06/07/2025;domingo;04:25:00;PR;153;244,2;IPIRANGA;Condutor Dormindo;Saída de leito carroçável;Com Vítimas Feridas;Plena Noite;Crescente;Céu Claro;Simples;Curva;Não;3;0;2;1;0;0;3;1;-24,80776944;-50,47451123;SPRF-PR;DEL03-PR;UOP02-DEL03-PR
702862;06/07/2025;domingo;06:42:00;RS;290;90;PORTO ALEGRE;Ausência de reação do condutor;Saída de leito carroçável;Sem Vítimas;Pleno dia;Decrescente;Céu Claro;Múltipla;Reta;Não;1;0;0;0;1;0;0;1;-29,9696128;-51,1705088;SPRF-RS;DEL01-RS;UOP01-DEL01-RS
702863;06/07/2025;domingo;06:00:00;GO;60;70;ABADIANIA;Ingestão de álcool pelo condutor;Saída de leito carroçável;Sem Vítimas;Amanhecer;Crescente;Céu Claro;Dupla;"Reta;Declive";Não;4;0;0;0;2;2;0;2;-16,2466017;-48,7615467;SPRF-GO;DEL02-GO;UOP01-DEL02-GO
702864;06/07/2025;domingo;07:00:00;GO;70;301;ITAPIRAPUA;Ausência de reação do condutor;Capotamento;Com Vítimas Feridas;Amanhecer;Crescente;Ignorado;Simples;"Declive;Reta";Não;1;0;1;0;0;0;1;1;-15,843125;-50,7180667;SPRF-GO;DEL04-GO;UOP02-DEL04-GO
702866;06/07/2025;domingo;06:29:00;PE;232;9;JABOATAO DOS GUARARAPES;Ausência de reação do condutor;Colisão traseira;Com Vítimas Feridas;Pleno dia;Decrescente;Sol;Múltipla;"Desvio Temporário;Em Obras;Reta";Sim;4;0;2;1;1;0;3;3;-8,07826;-34,98174;SPRF-PE;DEL01-PE;UOP01-DEL01-PE
702868;06/07/2025;domingo;06:20:00;PE;232;56;POMBOS;Acessar a via sem observar a presença dos outros veículos;Colisão traseira;Com Vítimas Feridas;Pleno dia;Decrescente;Céu Claro;Dupla;Retorno Regulamentado;Não;2;0;0;1;1;0;1;2;-8,141777;-35,382359;SPRF-PE;DEL02-PE;UOP02-DEL02PE
702870;06/07/2025;domingo;07:30:00;PE;232;5;RECIFE;Ingestão de álcool pelo condutor;Saída de leito carroçável;Sem Vítimas;Pleno dia;Crescente;Céu Claro;Simples;Curva;Sim;1;0;0;0;1;0;0;1;-8,065;-34,944349;SPRF-PE;DEL01-PE;UOP01-DEL01-PE
702871;06/07/2025;domingo;06:00:00;SC;101;125,9;ITAJAI;Ingestão de álcool pelo condutor;Colisão lateral mesmo sentido;Sem Vítimas;Amanhecer;Crescente;Nublado;Dupla;Reta;Não;2;0;0;0;2;0;0;2;-26,95531;-48,67978;SPRF-SC;DEL04-SC;UOP04-DEL04-SC
702874;06/07/2025;domingo;08:00:00;RS;392;97;MORRO REDONDO;Ausência de reação do condutor;Saída de leito carroçável;Com Vítimas Feridas;Amanhecer;Decrescente;Nevoeiro/Neblina;Simples;"Curva;Declive";Não;1;0;0;1;0;0;1;1;-31,54840464;-52,56048203;SPRF-RS;DEL07-RS;UOP01-DEL07-RS
702875;06/07/2025;domingo;07:00:00;GO;60;114;TEREZOPOLIS DE GOIAS;Reação tardia ou ineficiente do condutor;Colisão traseira;Com Vítimas Feridas;Pleno dia;Crescente;Céu Claro;Dupla;Reta;Não;3;0;1;0;2;0;1;2;-16,46936;-49,071683;SPRF-GO;DEL01-GO;UOP01-DEL01-GO
702877;06/07/2025;domingo;06:40:00;GO;153;425;ANAPOLIS;Acessar a via sem observar a presença dos outros veículos;Colisão traseira;Com Vítimas Feridas;Amanhecer;Crescente;Céu Claro;Dupla;Reta;Não;2;0;1;1;0;0;2;2;-16,22251408;-49,0153694;SPRF-GO;DEL02-GO;UOP01-DEL02-GO
702878;03/07/2025;quinta-feira;06:45:00;BA;235;85,5;JEREMOABO;Modificação proibida;Colisão transversal;Com Vítimas Feridas;Pleno dia;Decrescente;Céu Claro;Simples;Reta;Não;2;0;0;1;1;0;1;2;-10,097452;-38,391765;SPRF-BA;DEL07-BA;UOP01-DEL07-BA
702880;06/07/2025;domingo;02:20:00;MT;163;1040;MATUPA;Acessar a via sem observar a presença dos outros veículos;Colisão frontal;Sem Vítimas;Plena Noite;Crescente;Céu Claro;Simples;Reta;Não;1;0;0;0;0;1;0;1;-10,1641;-54,9363;SPRF-MT;DEL06-MT;UOP03-DEL06-MT
702881;06/07/2025;domingo;07:30:00;PR;163;278;MARECHAL CANDIDO RONDON;Ausência de reação do condutor;Colisão com objeto;Sem Vítimas;Pleno dia;Crescente;Céu Claro;Dupla;Reta;Não;1;0;0;0;0;1;0;1;-24,569158;-54,040369;SPRF-PR;DEL06-PR;UOP02-DEL06-PR
702882;06/07/2025;domingo;06:16:00;PE;232;512;SALGUEIRO;Condutor deixou de manter distância do veículo da frente;Colisão traseira;Com Vítimas Feridas;Amanhecer;Crescente;Céu Claro;Simples;Reta;Não;1;0;0;1;0;0;1;1;-8,073535;-39,15605;SPRF-PE;DEL05-PE;UOP01-DEL05-PE
702883;06/07/2025;domingo;08:00:00;CE;222;2,7;FORTALEZA;Condutor desrespeitou a iluminação vermelha do semáforo;Colisão transversal;Com Vítimas Feridas;Pleno dia;Crescente;Céu Claro;Dupla;Interseção de Vias;Sim;3;0;3;0;0;0;3;2;-3,73997772;-38,59464884;SPRF-CE;DEL01-CE;UOP01-DEL01-CE
702884;06/07/2025;domingo;08:30:00;TO;153;147;ARAGUAINA;Ingestão de álcool pelo condutor;Queda de ocupante de veículo;Com Vítimas Feridas;Pleno dia;Crescente;Sol;Dupla;Reta;Sim;1;0;1;0;0;0;1;1;-7,222445;-48,248737;SPRF-TO;DEL02-TO;UOP01-DEL02-TO
702887;06/07/2025;domingo;05:35:00;PR;476;273;SAO MATEUS DO SUL;Ingestão de álcool pelo condutor;Colisão com objeto;Com Vítimas Feridas;Amanhecer;Decrescente;Nevoeiro/Neblina;Simples;"Curva;Declive;Viaduto";Sim;1;0;1;0;0;0;1;1;-25,89437534;-50,37631631;SPRF-PR;DEL02-PR;UOP03-DEL02-PR
702890;06/07/2025;domingo;01:40:00;RJ;493;23;MAGE;Manobra de mudança de faixa;Colisão lateral mesmo sentido;Sem Vítimas;Plena Noite;Decrescente;Céu Claro;Simples;Reta;Sim;2;0;0;0;2;0;0;2;-22,65701882;-43,06845906;SPRF-RJ;DEL04-RJ;UOP02-DEL04-RJ
702891;06/07/2025;domingo;09:51:00;SP;116;350;MIRACATU;Reação tardia ou ineficiente do condutor;Capotamento;Com Vítimas Feridas;Pleno dia;Crescente;Céu Claro;Dupla;"Declive;Curva";Não;1;0;1;0;0;0;1;1;-24,26757766;-47,393207;SPRF-SP;DEL04-SP;UOP03-DEL04-SP
702892;06/07/2025;domingo;07:00:00;RS;290;385;SANTA MARGARIDA DO SUL;Reação tardia ou ineficiente do condutor;Colisão com objeto;Com Vítimas Fatais;Amanhecer;Crescente;Nevoeiro/Neblina;Simples;"Reta;Ponte";Não;1;1;0;0;0;0;0;1;-30,343311;-54,007589;SPRF-RS;DEL09-RS;UOP02-DEL09-RS
702893;06/07/2025;domingo;04:00:00;PB;361;112;ITAPORANGA;Ingestão de álcool pelo condutor;Saída de leito carroçável;Com Vítimas Feridas;Amanhecer;Crescente;Céu Claro;Simples;Reta;Sim;3;0;2;0;0;1;2;1;-7,299125;-38,13926;SPRF-PB;DEL03-PB;UOP01-DEL03-PB
702894;06/07/2025;domingo;09:10:00;RJ;40;70;PETROPOLIS;Velocidade Incompatível;Queda de ocupante de veículo;Com Vítimas Feridas;Pleno dia;Decrescente;Céu Claro;Dupla;Reta;Sim;1;0;0;1;0;0;1;1;-22,43959091;-43,18004608;SPRF-RJ;DEL05-RJ;UOP02-DEL05-RJ
702895;06/07/2025;domingo;09:20:00;SC;282;50,7;AGUAS MORNAS;Reação tardia ou ineficiente do condutor;Tombamento;Com Vítimas Fatais;Pleno dia;Decrescente;Céu Claro;Simples;"Declive;Curva";Não;2;1;0;0;0;1;0;2;-27,703975;-48,957972;SPRF-SC;DEL01-SC;UOP03-DEL01-SC
702896;06/07/2025;domingo;07:00:00;GO;153;655,8;GOIATUBA;Condutor Dormindo;Saída de leito carroçável;Sem Vítimas;Pleno dia;Crescente;Céu Claro;Dupla;Reta;Não;1;0;0;0;0;1;0;1;-18,010083;-49,262002;SPRF-GO;DEL03-GO;UOP01-DEL03-GO
702897;06/07/2025;domingo;08:30:00;CE;116;167;RUSSAS;Ingestão de álcool pelo condutor;Colisão lateral sentido oposto;Com Vítimas Feridas;Pleno dia;Crescente;Céu Claro;Simples;Reta;Não;5;0;5;0;0;0;5;3;-4,975;-38,014;SPRF-CE;DEL03-CE;UOP01-DEL03-CE
702900;06/07/2025;domingo;10:40:00;RS;290;85;PORTO ALEGRE;Avarias e/ou desgaste excessivo no pneu;Tombamento;Com Vítimas Feridas;Pleno dia;Decrescente;Céu Claro;Múltipla;Reta;Não;2;0;1;0;1;0;1;1;-29,96591357;-51,10161304;SPRF-RS;DEL01-RS;UOP01-DEL01-RS
702901;06/07/2025;domingo;08:30:00;PE;424;90;GARANHUNS;Ausência de reação do condutor;Queda de ocupante de veículo;Com Vítimas Feridas;Pleno dia;Crescente;Céu Claro;Simples;Curva;Sim;2;0;1;1;0;0;2;1;-8,896997;-36,501997;SPRF-PE;DEL03-PE;UOP01-DEL03-PE