id;data_inversa;dia_semana;horario;uf;br;km;municipio;causa_acidente;tipo_acidente;classificacao_acidente;fase_dia;sentido_via;condicao_metereologica;tipo_pista;tracado_via;uso_solo;pessoas;mortos;feridos_leves;feridos_graves;ilesos;ignorados;feridos;veiculos;latitude;longitude;regional;delegacia;uop
703008;06/07/2025;domingo;18:00:00;SC;282;83,7;ALFREDO WAGNER;Reação tardia ou ineficiente do condutor;Colisão transversal;Com Vítimas Feridas;Plena Noite;Crescente;Céu Claro;Simples;Reta;Não;6;0;0;4;2;0;4;3;-27,6722787;-49,20776367;SPRF-SC;DEL01-SC;UOP03-DEL01-SC
703009;06/07/2025;domingo;17:35:00;SC;470;64;INDAIAL;Conversão proibida;Colisão transversal;Com Vítimas Feridas;Anoitecer;Crescente;Nublado;Simples;Reta;Sim;2;0;1;0;1;0;1;2;-26,8697931;-49,20209734;SPRF-SC;DEL04-SC;UOP01-DEL04-SC
703010;06/07/2025;domingo;21:15:00;RJ;101;87;CAMPOS DOS GOYTACAZES;Demais falhas mecânicas ou elétricas;Incêndio;Sem Vítimas;Plena Noite;Decrescente;Nublado;Dupla;Curva;Não;1;0;0;0;1;0;0;1;-21,835802;-41,503548;SPRF-RJ;DEL08-RJ;UOP02-DEL08-RJ
703011;06/07/2025;domingo;21:50:00;SC;101;140,5;BALNEARIO CAMBORIU;Reação tardia ou ineficiente do condutor;Colisão com objeto;Com Vítimas Feridas;Plena Noite;Decrescente;Nublado;Dupla;"Reta;Túnel";Sim;1;0;0;1;0;0;1;1;-27,04433;-48,59988;SPRF-SC;DEL04-SC;UOP03-DEL04-SC
703012;06/07/2025;domingo;18:50:00;SC;116;137,5;SANTA CECILIA;Ausência de reação do condutor;Colisão com objeto;Com Vítimas Feridas;Plena Noite;Crescente;Céu Claro;Simples;Curva;Não;3;0;3;0;0;0;3;1;-26,947425;-50,429006;SPRF-SC;DEL06-SC;UOP02-DEL06-SC
703013;06/07/2025;domingo;21:30:00;MA;226;305;BARRA DO CORDA;Manobra de mudança de faixa;Colisão frontal;Sem Vítimas;Plena Noite;Decrescente;Céu Claro;Simples;Reta;Não;2;0;0;0;2;0;0;2;-5,47246593;-45,28121781;SPRF-MA;DEL06-MA;UOP01-DEL06-MA
703014;06/07/2025;domingo;20:00:00;GO;60;112;GOIANAPOLIS;Velocidade Incompatível;Colisão com objeto;Sem Vítimas;Plena Noite;Decrescente;Céu Claro;Dupla;Reta;Não;1;0;0;0;0;1;0;1;-16,41279057;-49,0052855;SPRF-GO;DEL01-GO;UOP01-DEL01-GO
703015;06/07/2025;domingo;20:30:00;SC;470;90;ASCURRA;Acessar a via sem observar a presença dos outros veículos;Colisão transversal;Com Vítimas Feridas;Plena Noite;Crescente;Céu Claro;Simples;Rotatória;Sim;2;0;1;0;0;1;1;2;-26,96205771;-49,37103208;SPRF-SC;DEL04-SC;UOP01-DEL04-SC
703017;06/07/2025;domingo;18:45:00;SC;101;204;SAO JOSE;Ingestão de álcool pelo condutor;Colisão lateral mesmo sentido;Sem Vítimas;Plena Noite;Decrescente;Céu Claro;Múltipla;"Reta;Interseção de Vias";Sim;2;0;0;0;2;0;0;2;-27,58343735;-48,61517636;SPRF-SC;DEL01-SC;UOP01-DEL01-SC
703018;06/07/2025;domingo;21:10:00;SC;282;533,2;CORDILHEIRA ALTA;Ingestão de álcool pelo condutor;Colisão com objeto;Sem Vítimas;Plena Noite;Crescente;Céu Claro;Simples;"Aclive;Curva";Não;1;0;0;0;1;0;0;1;-26,99503025;-52,62732837;SPRF-SC;DEL07-SC;UOP01-DEL07-SC
703019;06/07/2025;domingo;17:59:00;MA;402;39;MORROS;Acessar a via sem observar a presença dos outros veículos;Colisão lateral mesmo sentido;Com Vítimas Feridas;Anoitecer;Decrescente;Céu Claro;Simples;Reta;Não;2;0;1;0;1;0;1;2;-2,85869174;-44,01054382;SPRF-MA;DEL01-MA;UOP01-DEL01-MA
703020;06/07/2025;domingo;19:50:00;MS;267;193;NOVA ALVORADA DO SUL;Ausência de reação do condutor;Saída de leito carroçável;Com Vítimas Feridas;Plena Noite;Crescente;Céu Claro;Simples;Reta;Não;1;0;0;1;0;0;1;1;-21,60125804;-53,87420654;SPRF-MS;DEL02-MS;UOP03-DEL02-MS
703021;06/07/2025;domingo;20:46:00;PR;373;401;CANDOI;Acessar a via sem observar a presença dos outros veículos;Colisão transversal;Sem Vítimas;Plena Noite;Crescente;Céu Claro;Simples;"Reta;Interseção de Vias;Rotatória";Sim;2;0;0;0;2;0;0;2;-25,57374335;-52,05418702;SPRF-PR;DEL08-PR;UOP01-DEL08-PR
703022;06/07/2025;domingo;20:30:00;SE;101;166,3;SANTA LUZIA DO ITANHY;Avarias e/ou desgaste excessivo no pneu;Colisão com objeto;Sem Vítimas;Plena Noite;Crescente;Chuva;Simples;Curva;Não;1;0;0;0;1;0;0;1;-11,322169;-37,558909;SPRF-SE;DEL02-SE;UOP01-DEL02-SE
703023;06/07/2025;domingo;18:15:00;SC;101;208,6;SAO JOSE;Reação tardia ou ineficiente do condutor;Colisão traseira;Sem Vítimas;Anoitecer;Decrescente;Céu Claro;Simples;Reta;Sim;5;0;0;0;5;0;0;3;-27,60766;-48,63624;SPRF-SC;DEL01-SC;UOP01-DEL01-SC
703024;06/07/2025;domingo;22:00:00;RJ;495;1;TERESOPOLIS;Conversão proibida;Colisão transversal;Com Vítimas Feridas;Plena Noite;Crescente;Nublado;Simples;Reta;Não;2;0;1;0;1;0;1;2;-22,39697234;-42,98503574;SPRF-RJ;DEL04-RJ;UOP01-DEL04-RJ
703025;06/07/2025;domingo;18:30:00;PA;316;186;SANTA LUZIA DO PARA;Transitar no Acostamento;Colisão com objeto;Com Vítimas Fatais;Plena Noite;Crescente;Chuva;Simples;Declive;Não;5;1;0;2;2;0;2;2;-1,47475168;-46,95831299;SPRF-PA;DEL01-PA;UOP03-DEL01-PA
703026;06/07/2025;domingo;21:00:00;SC;116;167,6;PONTE ALTA DO NORTE;Ausência de reação do condutor;Saída de leito carroçável;Sem Vítimas;Plena Noite;Crescente;Céu Claro;Simples;Reta;Sim;1;0;0;0;1;0;0;1;-27,17341;-50,46359;SPRF-SC;DEL05-SC;UOP03-DEL05-SC
703028;06/07/2025;domingo;21:55:00;PR;277;584;CASCAVEL;Reação tardia ou ineficiente do condutor;Colisão transversal;Com Vítimas Feridas;Plena Noite;Decrescente;Céu Claro;Dupla;Reta;Sim;2;0;1;0;0;1;1;2;-24,96472893;-53,40740629;SPRF-PR;DEL04-PR;UOP01-DEL04-PR
703029;06/07/2025;domingo;20:00:00;MG;116;622,9;ORIZANIA;Ausência de reação do condutor;Saída de leito carroçável;Com Vítimas Feridas;Plena Noite;Decrescente;Céu Claro;Simples;Reta;Não;1;0;1;0;0;0;1;1;-20,57043903;-42,20741272;SPRF-MG;DEL07-MG;UOP02-DEL07-MG
703030;06/07/2025;domingo;20:40:00;PB;104;142,9;QUEIMADAS;Reação tardia ou ineficiente do condutor;Saída de leito carroçável;Com Vítimas Feridas;Plena Noite;Decrescente;Céu Claro;Simples;"Aclive;Reta";Não;1;0;0;1;0;0;1;1;-7,394635;-35,89755;SPRF-PB;DEL02-PB;UOP03-DEL02-PB
703034;06/07/2025;domingo;21:30:00;SC;282;398,7;JOACABA;Velocidade Incompatível;Saída de leito carroçável;Com Vítimas Fatais;Plena Noite;Crescente;Céu Claro;Simples;"Aclive;Reta";Não;1;1;0;0;0;0;0;1;-27,1454761;-51,6130133;SPRF-SC;DEL07-SC;UOP05-DEL07-SC
703035;06/07/2025;domingo;22:35:00;SC;101;132,7;BALNEARIO CAMBORIU;Acessar a via sem observar a presença dos outros veículos;Colisão traseira;Com Vítimas Feridas;Plena Noite;Decrescente;Céu Claro;Dupla;"Reta;Declive;Interseção de Vias";Sim;2;0;1;0;1;0;1;2;-26,99843;-48,64833;SPRF-SC;DEL04-SC;UOP03-DEL04-SC
703037;06/07/2025;domingo;21:45:00;PI;343;141;PIRACURUCA;Ausência de reação do condutor;Colisão lateral mesmo sentido;Com Vítimas Feridas;Plena Noite;Crescente;Céu Claro;Dupla;Reta;Sim;2;0;1;1;0;0;2;2;-3,93196;-41,71436;SPRF-PI;DEL02-PI;UOP01-DEL02-PI
703041;06/07/2025;domingo;22:50:00;MS;163;488;CAMPO GRANDE;Acumulo de areia ou detritos sobre o pavimento;Tombamento;Com Vítimas Feridas;Plena Noite;Crescente;Céu Claro;Múltipla;"Reta;Em Obras";Não;1;0;1;0;0;0;1;1;-20,413407;-54,550313;SPRF-MS;DEL01-MS;UOP02-DEL01-MS
703042;06/07/2025;domingo;22:35:00;MG;116;527,4;CARATINGA;Acessar a via sem observar a presença dos outros veículos;Colisão transversal;Com Vítimas Feridas;Plena Noite;Decrescente;Céu Claro;Dupla;Reta;Sim;3;0;1;0;2;0;1;2;-19,792353;-42,137433;SPRF-MG;DEL06-MG;UOP02-DEL06-MG
703043;06/07/2025;domingo;23:10:00;PR;376;188;MARIALVA;Ausência de reação do condutor;Saída de leito carroçável;Com Vítimas Feridas;Plena Noite;Decrescente;Céu Claro;Dupla;"Reta;Declive";Não;4;0;1;0;3;0;1;1;-23,45587;-51,846073;SPRF-PR;DEL09-PR;UOP01-DEL09-PR
703045;06/07/2025;domingo;21:50:00;PE;232;54,9;POMBOS;Ausência de reação do condutor;Colisão traseira;Com Vítimas Feridas;Plena Noite;Decrescente;Céu Claro;Dupla;Declive;Não;2;0;1;0;1;0;1;2;-8,13175024;-35,3642038;SPRF-PE;DEL02-PE;UOP02-DEL02PE
703046;06/07/2025;domingo;22:00:00;PR;153;3,5;IMBITUVA;Ingestão de álcool pelo condutor;Saída de leito carroçável;Com Vítimas Feridas;Plena Noite;Decrescente;Nublado;Simples;Reta;Não;1;0;0;1;0;0;1;1;-25,20482467;-50,59852123;SPRF-PR;DEL03-PR;UOP01-DEL03-PR
703049;06/07/2025;domingo;22:35:00;MG;381;401,3;NOVA UNIAO;Demais falhas mecânicas ou elétricas;Incêndio;Com Vítimas Feridas;Plena Noite;Crescente;Céu Claro;Dupla;Curva;Não;2;0;2;0;0;0;2;1;-19,752496;-43,540083;SPRF-MG;DEL01-MG;UOP01-DEL01-MG
703050;06/07/2025;domingo;22:45:00;RO;364;732;PORTO VELHO;Pedestre andava na pista;Atropelamento de Pedestre;Com Vítimas Fatais;Plena Noite;Crescente;Céu Claro;Simples;Reta;Não;5;1;0;0;4;0;0;2;-8,914142;-63,966415;SPRF-RO;DEL01-RO;UOP01-DEL01-RO
703051;06/07/2025;domingo;18:12:00;BA;324;569;SAO SEBASTIAO DO PASSE;Condutor deixou de manter distância do veículo da frente;Colisão traseira;Sem Vítimas;Plena Noite;Crescente;Chuva;Dupla;Reta;Não;2;0;0;0;2;0;0;2;-12,548782;-38,577695;SPRF-BA;DEL01-BA;UOP01-DEL01-BA
703052;07/07/2025;segunda-feira;00:00:00;SC;101;200,5;SAO JOSE;Pedestre andava na pista;Atropelamento de Pedestre;Com Vítimas Fatais;Plena Noite;Crescente;Céu Claro;Múltipla;"Reta;Aclive";Sim;2;1;0;0;0;1;0;2;-27,5444173;-48,620612;SPRF-SC;DEL01-SC;UOP01-DEL01-SC
703053;06/07/2025;domingo;23:30:00;PI;343;14;PARNAIBA;Ingestão de álcool pelo condutor;Colisão traseira;Com Vítimas Feridas;Plena Noite;Crescente;Céu Claro;Dupla;Reta;Sim;4;0;2;0;2;0;2;3;-2,96307094;-41,75954461;SPRF-PI;DEL05-PI;UOP01-DEL05-PI
703054;07/07/2025;segunda-feira;00:30:00;MG;40;770,5;JUIZ DE FORA;Velocidade Incompatível;Saída de leito carroçável;Com Vítimas Feridas;Plena Noite;Crescente;Céu Claro;Simples;"Curva;Interseção de Vias";Não;2;0;1;0;1;0;1;1;-21,62685684;-43,44717175;SPRF-MG;DEL05-MG;UOP01-DEL05-MG
703055;06/07/2025;domingo;19:00:00;RJ;356;0;ITAPERUNA;Reação tardia ou ineficiente do condutor;Queda de ocupante de veículo;Com Vítimas Feridas;Plena Noite;Decrescente;Céu Claro;Simples;Reta;Não;1;0;1;0;0;0;1;1;-21,13748101;-42,1784219;SPRF-RJ;DEL08-RJ;UOP03-DEL08-RJ
703056;07/07/2025;segunda-feira;01:06:00;MG;116;411,4;GOVERNADOR VALADARES;Velocidade Incompatível;Tombamento;Com Vítimas Feridas;Plena Noite;Crescente;Céu Claro;Dupla;"Reta;Declive";Sim;1;0;1;0;0;0;1;1;-18,869457;-41,971019;SPRF-MG;DEL06-MG;UOP01-DEL06-MG
703057;07/07/2025;segunda-feira;00:30:00;PR;469;12;CURITIBA;Iluminação deficiente;Colisão frontal;Com Vítimas Feridas;Plena Noite;Decrescente;Céu Claro;Simples;Reta;Sim;2;0;0;1;1;0;1;2;-25,4476288;-49,2470272;SPRF-PR;DEL05-PR;UOP04-DEL05-PR
703058;07/07/2025;segunda-feira;03:10:00;RJ;393;186;PARAIBA DO SUL;Pedestre - Ingestão de álcool/ substâncias psicoativas;Atropelamento de Pedestre;Com Vítimas Fatais;Plena Noite;Crescente;Céu Claro;Simples;Reta;Não;2;1;0;0;0;1;0;2;-22,168461;-43,323254;SPRF-RJ;DEL05-RJ;UOP03-DEL05-RJ
703065;07/07/2025;segunda-feira;05:05:00;SP;381;75;SAO PAULO;Ausência de sinalização;Colisão transversal;Com Vítimas Feridas;Plena Noite;Decrescente;Ignorado;Múltipla;Curva;Não;6;0;2;1;3;0;3;2;-23,38111717;-46,56373215;SPRF-SP;DEL03-SP;UOP01-DEL03-SP
703066;07/07/2025;segunda-feira;05:00:00;SP;116;436;REGISTRO;Ausência de reação do condutor;Colisão traseira;Com Vítimas Feridas;Amanhecer;Decrescente;Céu Claro;Dupla;Reta;Não;2;0;1;0;1;0;1;2;-24,47777583;-47,82879612;SPRF-SP;DEL05-SP;UOP01-DEL05-SP
703067;07/07/2025;segunda-feira;01:15:00;SP;116;225;GUARULHOS;Reação tardia ou ineficiente do condutor;Tombamento;Com Vítimas Feridas;Plena Noite;Decrescente;Ignorado;Múltipla;"Reta;Declive;Em Obras;Desvio Temporário";Sim;1;0;1;0;0;0;1;1;-23,490986;-46,548981;SPRF-SP;DEL01-SP;UOP01-DEL01-SP
703069;07/07/2025;segunda-feira;05:00:00;AL;104;58;MURICI;Animais na Pista;Atropelamento de Animal;Com Vítimas Feridas;Amanhecer;Crescente;Nublado;Simples;Reta;Não;2;0;0;1;1;0;1;2;-9,29053054;-35,96104145;SPRF-AL;DEL01-AL;UOP02-DEL01-AL
703070;06/07/2025;domingo;19:30:00;BA;135;445;COCOS;Deficiência do Sistema de Iluminação/Sinalização;Colisão traseira;Com Vítimas Fatais;Plena Noite;Crescente;Céu Claro;Simples;Reta;Não;2;1;0;0;0;1;0;2;-14,126675;-44,534348;SPRF-BA;DEL10-BA;UOP02-DEL10-BA
703071;07/07/2025;segunda-feira;05:30:00;PR;376;161,4;MARINGA;Pedestre cruzava a pista fora da faixa;Atropelamento de Pedestre;Com Vítimas Feridas;Amanhecer;Crescente;Céu Claro;Dupla;"Retorno Regulamentado;Reta";Não;2;0;2;0;0;0;2;2;-23,36817702;-52,06658823;SPRF-PR;DEL09-PR;UOP02-DEL09-PR
703072;07/07/2025;segunda-feira;05:27:00;ES;101;264;SERRA;Condutor desrespeitou a iluminação vermelha do semáforo;Colisão transversal;Com Vítimas Feridas;Pleno dia;Decrescente;Céu Claro;Múltipla;Interseção de Vias;Sim;3;0;1;0;2;0;1;2;-20,178502;-40,265286;SPRF-ES;DEL02-ES;UOP01-DEL02-ES
703075;07/07/2025;segunda-feira;06:00:00;RJ;101;300;SAO GONCALO;Pedestre cruzava a pista fora da faixa;Atropelamento de Pedestre;Com Vítimas Fatais;Amanhecer;Decrescente;Céu Claro;Dupla;"Declive;Reta";Não;2;1;0;0;1;0;0;2;-22,77702884;-42,95065284;SPRF-RJ;DEL02-RJ;UOP02-DEL02-RJ
703076;07/07/2025;segunda-feira;07:20:00;RS;392;352;SANTA MARIA;Condutor deixou de manter distância do veículo da frente;Colisão traseira;Com Vítimas Feridas;Amanhecer;Decrescente;Nevoeiro/Neblina;Dupla;Reta;Não;2;0;1;0;1;0;1;2;-29,72408961;-53,80613985;SPRF-RS;DEL09-RS;UOP01-DEL09-RS
703077;07/07/2025;segunda-feira;00:00:00;RS;290;126;ELDORADO DO SUL;Ingestão de álcool pelo condutor;Capotamento;Com Vítimas Feridas;Plena Noite;Decrescente;Nevoeiro/Neblina;Simples;Reta;Não;1;0;1;0;0;0;1;1;-30,05606101;-51,47122622;SPRF-RS;DEL02-RS;UOP01-DEL02-RS
703078;07/07/2025;segunda-feira;06:20:00;MG;116;702,2;MURIAE;Acesso irregular;Colisão lateral mesmo sentido;Com Vítimas Feridas;Pleno dia;Decrescente;Céu Claro;Simples;Interseção de Vias;Sim;2;0;1;0;1;0;1;2;-21,12498177;-42,38142589;SPRF-MG;DEL07-MG;UOP02-DEL07-MG
703079;07/07/2025;segunda-feira;07:40:00;RJ;116;179;MESQUITA;Reação tardia ou ineficiente do condutor;Colisão lateral mesmo sentido;Com Vítimas Feridas;Pleno dia;Decrescente;Céu Claro;Dupla;Reta;Sim;3;0;1;0;2;0;1;2;-22,77618151;-43,39960098;SPRF-RJ;DEL06-RJ;UOP01-DEL06-RJ
703080;07/07/2025;segunda-feira;07:20:00;RJ;116;179;MESQUITA;Ausência de reação do condutor;Colisão lateral mesmo sentido;Sem Vítimas;Pleno dia;Decrescente;Céu Claro;Dupla;Reta;Não;2;0;0;0;2;0;0;2;-22,7763;-43,39939;SPRF-RJ;DEL06-RJ;UOP01-DEL06-RJ
703081;07/07/2025;segunda-feira;07:00:00;BA;324;621;SALVADOR;Condutor deixou de manter distância do veículo da frente;Colisão lateral mesmo sentido;Com Vítimas Feridas;Plena Noite;Crescente;Chuva;Dupla;Reta;Sim;2;0;1;0;1;0;1;2;-12,861983;-38,423038;SPRF-BA;DEL01-BA;UOP01-DEL01-BA
703084;07/07/2025;segunda-feira;07:52:00;RN;101;105;PARNAMIRIM;Ausência de reação do condutor;Colisão traseira;Com Vítimas Feridas;Pleno dia;Decrescente;Chuva;Dupla;Reta;Sim;2;0;1;0;1;0;1;2;-5,900225;-35,258948;SPRF-RN;DEL01-RN;UOP01-DEL01-RN
703085;07/07/2025;segunda-feira;08:00:00;DF;40;3;BRASILIA;Reação tardia ou ineficiente do condutor;Engavetamento;Com Vítimas Feridas;Pleno dia;Decrescente;Céu Claro;Dupla;"Reta;Declive;Viaduto";Sim;5;0;1;0;4;0;1;5;-16,0020169;-47,9862456;SPRF-DF;DEL01-DF;UOP01-DEL01-DF
703088;07/07/2025;segunda-feira;07:15:00;RN;304;304,3;PARNAMIRIM;Acessar a via sem observar a presença dos outros veículos;Saída de leito carroçável;Com Vítimas Feridas;Pleno dia;Crescente;Garoa/Chuvisco;Dupla;Reta;Não;1;0;0;1;0;0;1;1;-5,88622964;-35,27772188;SPRF-RN;DEL01-RN;UOP02-DEL01-RN
703089;07/07/2025;segunda-feira;08:00:00;SC;101;201,5;SAO JOSE;Condutor deixou de manter distância do veículo da frente;Queda de ocupante de veículo;Com Vítimas Feridas;Pleno dia;Crescente;Céu Claro;Múltipla;Reta;Não;1;0;1;0;0;0;1;1;-27,553287;-48,619552;SPRF-SC;DEL01-SC;UOP01-DEL01-SC
703090;07/07/2025;segunda-feira;07:00:00;GO;153;117;TEREZOPOLIS DE GOIAS;Reação tardia ou ineficiente do condutor;Colisão traseira;Com Vítimas Feridas;Pleno dia;Crescente;Céu Claro;Dupla;"Reta;Aclive";Não;5;0;0;1;4;0;1;4;-16,471917;-49,076395;SPRF-GO;DEL07-GO;UOP01-DEL07-GO
703091;07/07/2025;segunda-feira;07:53:00;MG;356;265,7;MURIAE;Desrespeitar a preferência no cruzamento;Colisão transversal;Com Vítimas Feridas;Pleno dia;Decrescente;Sol;Simples;"Reta;Interseção de Vias";Sim;2;0;1;0;1;0;1;2;-21,127588;-42,368437;SPRF-MG;DEL07-MG;UOP02-DEL07-MG
703093;07/07/2025;segunda-feira;07:40:00;PI;316;17,6;TERESINA;Ausência de reação do condutor;Colisão com objeto;Com Vítimas Feridas;Pleno dia;Crescente;Céu Claro;Dupla;Reta;Não;2;0;0;2;0;0;2;1;-5,24442673;-42,73548603;SPRF-PI;DEL01-PI;UOP02-DEL01-PI
703094;07/07/2025;segunda-feira;08:10:00;SC;280;30,6;ARAQUARI;Acessar a via sem observar a presença dos outros veículos;Colisão transversal;Com Vítimas Feridas;Pleno dia;Decrescente;Céu Claro;Simples;Reta;Não;2;0;1;0;1;0;1;2;-26,41482191;-48,76480071;SPRF-SC;DEL03-SC;UOP03-DEL03-SC
703096;07/07/2025;segunda-feira;08:15:00;PB;230;15;JOAO PESSOA;Trafegar com motocicleta (ou similar) entre as faixas;Queda de ocupante de veículo;Com Vítimas Feridas;Pleno dia;Crescente;Nublado;Dupla;"Aclive;Reta";Sim;1;0;1;0;0;0;1;1;-7,10145111;-34,84746907;SPRF-PB;DEL01-PB;UOP01-DEL01-PB
703098;07/07/2025;segunda-feira;08:40:00;PE;101;66;RECIFE;Acumulo de água sobre o pavimento;Queda de ocupante de veículo;Com Vítimas Feridas;Pleno dia;Decrescente;Chuva;Dupla;Reta;Sim;1;0;1;0;0;0;1;1;-8,040728;-34,942523;SPRF-PE;DEL01-PE;UOP01-DEL01-PE
703100;07/07/2025;segunda-feira;07:30:00;AL;104;47;BRANQUINHA;Acessar a via sem observar a presença dos outros veículos;Colisão lateral mesmo sentido;Com Vítimas Feridas;Pleno dia;Decrescente;Céu Claro;Simples;Reta;Não;3;0;1;1;1;0;2;2;-9,246884;-35,99946;SPRF-AL;DEL01-AL;UOP02-DEL01-AL
703102;07/07/2025;segunda-feira;08:10:00;PB;104;132;QUEIMADAS;Mal súbito do condutor;Colisão com objeto;Com Vítimas Feridas;Pleno dia;Crescente;Nublado;Simples;Reta;Sim;1;0;0;1;0;0;1;1;-7,30345;-35,892743;SPRF-PB;DEL02-PB;UOP03-DEL02-PB
703104;06/07/2025;domingo;15:25:00;BA;242;301;IBIQUERA;Demais falhas na via;Colisão com objeto;Com Vítimas Feridas;Pleno dia;Decrescente;Nublado;Simples;Reta;Não;5;0;3;2;0;0;5;1;-12,45517;-40,88711;SPRF-BA;DEL06-BA;UOP02-DEL06-BA
703105;07/07/2025;segunda-feira;09:00:00;PR;376;595;CURITIBA;Demais falhas mecânicas ou elétricas;Tombamento;Com Vítimas Feridas;Pleno dia;Decrescente;Céu Claro;Dupla;Reta;Sim;2;0;2;0;0;0;2;1;-25,45806162;-49,35981726;SPRF-PR;DEL01-PR;UOP03-DEL01-PR
703106;07/07/2025;segunda-feira;07:30:00;RO;364;12;VILHENA;Desrespeitar a preferência no cruzamento;Colisão transversal;Com Vítimas Feridas;Pleno dia;Crescente;Céu Claro;Dupla;Rotatória;Sim;2;0;1;0;1;0;1;2;-12,74343775;-60,12329972;SPRF-RO;DEL04-RO;UOP01-DEL04-RO
703107;06/07/2025;domingo;23:30:00;MT;163;746;SORRISO;Reação tardia ou ineficiente do condutor;Saída de leito carroçável;Com Vítimas Feridas;Plena Noite;Decrescente;Céu Claro;Dupla;Retorno Regulamentado;Sim;1;0;1;0;0;0;1;1;-12,59788489;-55,74716002;SPRF-MT;DEL06-MT;UOP01-DEL06-MT
703108;07/07/2025;segunda-feira;08:00:00;MG;262;34;MANHUACU;Acessar a via sem observar a presença dos outros veículos;Atropelamento de Pedestre;Com Vítimas Feridas;Pleno dia;Decrescente;Céu Claro;Simples;Reta;Sim;2;0;1;0;1;0;1;2;-20,25633692;-42,02707339;SPRF-MG;DEL06-MG;UOP03-DEL06-MG
703109;07/07/2025;segunda-feira;08:30:00;SP;381;78;SAO PAULO;Animais na Pista;Atropelamento de Animal;Com Vítimas Feridas;Pleno dia;Decrescente;Céu Claro;Dupla;"Curva;Aclive";Não;1;0;0;1;0;0;1;1;-23,40072;-46,575945;SPRF-SP;DEL03-SP;UOP01-DEL03-SP
703110;07/07/2025;segunda-feira;08:20:00;SC;470;115;IBIRAMA;Conversão proibida;Colisão traseira;Com Vítimas Feridas;Pleno dia;Crescente;Nublado;Simples;Curva;Não;3;0;1;1;1;0;2;2;-27,07890649;-49,49027002;SPRF-SC;DEL04-SC;UOP02-DEL04-SC
703111;14/06/2025;sábado;23:15:00;RS;290;107;ELDORADO DO SUL;Ausência de reação do condutor;Colisão com objeto;Com Vítimas Feridas;Plena Noite;Decrescente;Chuva;Dupla;Curva;Sim;1;0;0;1;0;0;1;1;-30,00611118;-51,31272254;SPRF-RS;DEL02-RS;UOP01-DEL02-RS
703112;24/06/2025;terça-feira;20:00:00;BA;407;208;CAEM;Animais na Pista;Atropelamento de Animal;Com Vítimas Feridas;Pleno dia;Crescente;Ignorado;Simples;Reta;Não;4;0;1;0;3;0;1;1;-11,16599018;-40,05215264;SPRF-BA;DEL04-BA;UOP02-DEL04-BA
703113;07/07/2025;segunda-feira;08:00:00;AL;101;188;JUNQUEIRO;Acessar a via sem observar a presença dos outros veículos;Colisão transversal;Com Vítimas Feridas;Pleno dia;Crescente;Nublado;Dupla;Curva;Não;3;0;2;0;1;0;2;2;-9,8972844;-36,4601162;SPRF-AL;DEL02-AL;UOP02-DEL02-AL
703115;07/07/2025;segunda-feira;09:50:00;SE;235;109;CARIRA;Reação tardia ou ineficiente do condutor;Tombamento;Com Vítimas Fatais;Pleno dia;Decrescente;Nublado;Simples;"Declive;Reta";Sim;1;1;0;0;0;0;0;1;-10,35189612;-37,70498928;SPRF-SE;DEL01-SE;UOP02-DEL01-SE
703116;03/07/2025;quinta-feira;22:00:00;BA;330;842;IPIAU;Ausência de reação do condutor;Colisão com objeto;Sem Vítimas;Plena Noite;Decrescente;Nevoeiro/Neblina;Simples;Reta;Não;1;0;0;0;1;0;0;1;-14,1435348;-39,711605;SPRF-BA;DEL03-BA;UOP01-DEL03-BA
703120;07/07/2025;segunda-feira;09:00:00;PE;408;58;PAUDALHO;Condutor Dormindo;Colisão com objeto;Com Vítimas Feridas;Pleno dia;Crescente;Céu Claro;Dupla;Reta;Sim;1;0;1;0;0;0;1;1;-7,85573;-35,22097;SPRF-PE;DEL01-PE;UOP01-DEL01-PE
703121;19/06/2025;quinta-feira;21:10:00;RN;110;51;CEARA-MIRIM;Animais na Pista;Atropelamento de Animal;Com Vítimas Feridas;Plena Noite;Decrescente;Chuva;Simples;Reta;Não;1;0;0;1;0;0;1;1;-5,54245704;-35,31540155;SPRF-RN;DEL04-RN;UOP01-DEL04-RN
703123;07/07/2025;segunda-feira;09:30:00;PR;163;267,2;TOLEDO;Reação tardia ou ineficiente do condutor;Colisão com objeto;Com Vítimas Feridas;Pleno dia;Crescente;Céu Claro;Dupla;Curva;Não;1;0;0;1;0;0;1;1;-24,61578752;-53,93186465;SPRF-PR;DEL06-PR;UOP02-DEL06-PR
703125;07/07/2025;segunda-feira;08:20:00;RJ;101;514;ANGRA DOS REIS;Condutor Dormindo;Saída de leito carroçável;Com Vítimas Feridas;Pleno dia;Decrescente;Céu Claro;Simples;Reta;Não;1;0;1;0;0;0;1;1;-22,97999;-44,44201;SPRF-RJ;DEL03-RJ;UOP03-DEL03-RJ
703127;07/07/2025;segunda-feira;09:30:00;MS;376;3;DOURADOS;Acessar a via sem observar a presença dos outros veículos;Colisão transversal;Com Vítimas Feridas;Pleno dia;Crescente;Céu Claro;Simples;"Interseção de Vias;Retorno Regulamentado;Reta";Não;2;0;1;1;0;0;2;2;-22,225231;-54,665816;SPRF-MS;DEL04-MS;UOP01-DEL04-MS