id;data_inversa;dia_semana;horario;uf;br;km;municipio;causa_acidente;tipo_acidente;classificacao_acidente;fase_dia;sentido_via;condicao_metereologica;tipo_pista;tracado_via;uso_solo;pessoas;mortos;feridos_leves;feridos_graves;ilesos;ignorados;feridos;veiculos;latitude;longitude;regional;delegacia;uop
703130;07/07/2025;segunda-feira;08:15:00;RS;290;97;PORTO ALEGRE;Demais falhas mecânicas ou elétricas;Tombamento;Com Vítimas Feridas;Pleno dia;Decrescente;Nevoeiro/Neblina;Simples;Curva;Sim;1;0;1;0;0;0;1;1;-29,99884684;-51,20681405;SPRF-RS;DEL01-RS;UOP01-DEL01-RS
703131;07/07/2025;segunda-feira;10:30:00;MG;50;73;UBERLANDIA;Ausência de reação do condutor;Colisão lateral mesmo sentido;Com Vítimas Feridas;Pleno dia;Decrescente;Sol;Dupla;Reta;Sim;2;0;0;1;1;0;1;2;-18,90419;-48,23299;SPRF-MG;DEL15-MG;UOP01-DEL15-MG
703132;07/07/2025;segunda-feira;07:30:00;MA;10;323,2;ACAILANDIA;Ultrapassagem Indevida;Saída de leito carroçável;Com Vítimas Feridas;Pleno dia;Crescente;Céu Claro;Simples;Reta;Sim;6;0;2;1;3;0;3;2;-4,92166917;-47,50445366;SPRF-MA;DEL04-MA;UOP03-DEL04-MA
703133;07/07/2025;segunda-feira;10:20:00;BA;324;617;SALVADOR;Reação tardia ou ineficiente do condutor;Colisão traseira;Com Vítimas Feridas;Pleno dia;Decrescente;Chuva;Múltipla;Reta;Sim;3;0;1;0;2;0;1;2;-12,89654;-38,448589;SPRF-BA;DEL01-BA;UOP01-DEL01-BA
703134;07/07/2025;segunda-feira;10:00:00;PR;277;42,9;MORRETES;Demais falhas mecânicas ou elétricas;Incêndio;Sem Vítimas;Pleno dia;Crescente;Céu Claro;Múltipla;"Aclive;Reta";Não;34;0;0;0;34;0;0;1;-25,59199418;-48,91525269;SPRF-PR;DEL01-PR;UOP05-DEL01-PR
703135;07/07/2025;segunda-feira;11:00:00;MG;381;491;BETIM;Condutor deixou de manter distância do veículo da frente;Engavetamento;Com Vítimas Feridas;Pleno dia;Decrescente;Céu Claro;Dupla;Reta;Sim;3;0;2;0;1;0;2;3;-19,95971986;-44,15275304;SPRF-MG;DEL01-MG;UOP03-DEL01-MG
703138;07/07/2025;segunda-feira;10:30:00;MS;163;524,9;JARAGUARI;Ultrapassagem Indevida;Colisão com objeto;Sem Vítimas;Pleno dia;Crescente;Céu Claro;Simples;Reta;Não;2;0;0;0;2;0;0;1;-20,11618745;-54,4440794;SPRF-MS;DEL01-MS;UOP02-DEL01-MS
703140;07/07/2025;segunda-feira;11:30:00;RS;290;92;PORTO ALEGRE;Reação tardia ou ineficiente do condutor;Colisão traseira;Com Vítimas Feridas;Pleno dia;Crescente;Céu Claro;Dupla;Reta;Não;2;0;1;0;1;0;1;2;-29,9694724;-51,1742519;SPRF-RS;DEL01-RS;UOP01-DEL01-RS
703141;07/07/2025;segunda-feira;11:10:00;RJ;116;316;ITATIAIA;Condutor deixou de manter distância do veículo da frente;Colisão traseira;Com Vítimas Feridas;Pleno dia;Decrescente;Céu Claro;Dupla;Reta;Não;3;0;1;0;2;0;1;3;-22,46790204;-44,49683636;SPRF-RJ;DEL07-RJ;UOP02-DEL07-RJ
703142;07/07/2025;segunda-feira;08:30:00;RJ;393;281;VOLTA REDONDA;Acessar a via sem observar a presença dos outros veículos;Colisão transversal;Com Vítimas Feridas;Pleno dia;Crescente;Céu Claro;Simples;Reta;Sim;2;0;2;0;0;0;2;2;-22,47360025;-44,05800819;SPRF-RJ;DEL05-RJ;UOP04-DEL05-RJ
703144;07/07/2025;segunda-feira;11:30:00;MG;40;514;RIBEIRAO DAS NEVES;Ausência de reação do condutor;Colisão lateral mesmo sentido;Com Vítimas Feridas;Pleno dia;Decrescente;Céu Claro;Dupla;Reta;Sim;3;0;2;0;1;0;2;3;-19,810179;-44,094508;SPRF-MG;DEL01-MG;UOP02-DEL01-MG
703145;07/07/2025;segunda-feira;10:00:00;PE;101;51,6;NAZARE DA MATA;Acessar a via sem observar a presença dos outros veículos;Colisão transversal;Sem Vítimas;Pleno dia;Crescente;Ignorado;Simples;Reta;Sim;2;0;0;0;1;1;0;2;-7,742721;-35,234154;SPRF-PE;DEL01-PE;UOP02-DEL01-PE
703146;07/07/2025;segunda-feira;10:40:00;MG;116;722,4;MURIAE;Condutor Dormindo;Saída de leito carroçável;Com Vítimas Feridas;Pleno dia;Crescente;Sol;Simples;Reta;Não;1;0;1;0;0;0;1;1;-21,268411;-42,404721;SPRF-MG;DEL07-MG;UOP02-DEL07-MG
703147;07/07/2025;segunda-feira;11:00:00;GO;80;44;PADRE BERNARDO;Conversão proibida;Colisão frontal;Com Vítimas Feridas;Pleno dia;Crescente;Céu Claro;Simples;Reta;Não;3;0;1;0;2;0;1;2;-15,209771;-48,281973;SPRF-DF;DEL03-DF;UOP02-DEL03-DF
703148;07/07/2025;segunda-feira;07:10:00;PR;369;419;UBIRATA;Ultrapassagem Indevida;Colisão frontal;Com Vítimas Fatais;Pleno dia;Decrescente;Céu Claro;Simples;"Declive;Interseção de Vias";Não;4;1;1;2;0;0;3;3;-24,488631;-52,893804;SPRF-PR;DEL04-PR;UOP03-DEL04-PR
703149;07/07/2025;segunda-feira;11:30:00;SC;280;27,7;ARAQUARI;Condutor usando celular;Colisão traseira;Com Vítimas Feridas;Pleno dia;Decrescente;Céu Claro;Simples;Reta;Sim;2;0;1;0;1;0;1;2;-26,4066947;-48,7485038;SPRF-SC;DEL03-SC;UOP03-DEL03-SC
703150;07/07/2025;segunda-feira;10:52:00;MT;163;750;SORRISO;Ausência de reação do condutor;Colisão traseira;Sem Vítimas;Pleno dia;Crescente;Céu Claro;Simples;Reta;Sim;3;0;0;0;3;0;0;2;-12,57190508;-55,72681904;SPRF-MT;DEL06-MT;UOP01-DEL06-MT
703152;07/07/2025;segunda-feira;11:49:00;MS;262;554,3;MIRANDA;Velocidade Incompatível;Saída de leito carroçável;Com Vítimas Fatais;Pleno dia;Crescente;Céu Claro;Simples;Reta;Não;3;1;0;0;0;2;0;2;-20,255824;-56,348678;SPRF-MS;DEL03-MS;UOP02-DEL03-MS
703153;07/07/2025;segunda-feira;11:10:00;MS;60;128,8;PARAISO DAS AGUAS;Reação tardia ou ineficiente do condutor;Saída de leito carroçável;Com Vítimas Feridas;Pleno dia;Crescente;Céu Claro;Simples;Curva;Não;1;0;0;1;0;0;1;1;-19,339686;-53,474485;SPRF-MS;DEL06-MS;UOP02-DEL06-MS
703154;07/07/2025;segunda-feira;12:03:00;MG;116;680,7;MIRADOURO;Ausência de reação do condutor;Colisão traseira;Com Vítimas Feridas;Pleno dia;Decrescente;Sol;Simples;"Reta;Aclive";Não;4;0;1;0;3;0;1;3;-20,944682;-42,345275;SPRF-MG;DEL07-MG;UOP02-DEL07-MG
703155;07/07/2025;segunda-feira;12:40:00;RS;386;148,5;SARANDI;Condutor deixou de manter distância do veículo da frente;Colisão traseira;Com Vítimas Feridas;Pleno dia;Decrescente;Céu Claro;Múltipla;"Reta;Aclive";Não;3;0;2;0;1;0;2;2;-28,06324;-52,86847;SPRF-RS;DEL08-RS;UOP01-DEL08-RS
703156;07/07/2025;segunda-feira;11:30:00;PR;373;261;PRUDENTOPOLIS;Acesso irregular;Colisão frontal;Com Vítimas Feridas;Pleno dia;Crescente;Céu Claro;Simples;"Declive;Reta";Não;2;0;0;1;1;0;1;2;-25,20226;-50,948035;SPRF-PR;DEL08-PR;UOP01-DEL08-PR
703158;07/07/2025;segunda-feira;11:00:00;SE;235;55;ITABAIANA;Acessar a via sem observar a presença dos outros veículos;Colisão transversal;Com Vítimas Feridas;Pleno dia;Decrescente;Chuva;Simples;Reta;Não;6;0;2;0;4;0;2;2;-10,67124055;-37,44479874;SPRF-SE;DEL01-SE;UOP02-DEL01-SE
703159;07/07/2025;segunda-feira;13:15:00;RJ;101;322;NITEROI;Manobra de mudança de faixa;Colisão lateral mesmo sentido;Com Vítimas Feridas;Pleno dia;Decrescente;Céu Claro;Dupla;Reta;Não;3;0;1;0;2;0;1;2;-22,8851712;-43,1161344;SPRF-RJ;DEL02-RJ;UOP01-DEL02-RJ
703160;07/07/2025;segunda-feira;13:45:00;PR;277;651;MATELANDIA;Acessar a via sem observar a presença dos outros veículos;Colisão transversal;Com Vítimas Feridas;Pleno dia;Decrescente;Céu Claro;Simples;Reta;Sim;2;0;1;0;1;0;1;2;-25,19465533;-53,94100277;SPRF-PR;DEL05-PR;UOP02-DEL05-PR
703161;07/07/2025;segunda-feira;13:00:00;PR;158;532;PATO BRANCO;Acessar a via sem observar a presença dos outros veículos;Colisão traseira;Com Vítimas Feridas;Pleno dia;Crescente;Céu Claro;Simples;Rotatória;Não;2;0;1;0;1;0;1;2;-26,21918222;-52,68210411;SPRF-PR;DEL02-PR;UOP01-DEL02-PR
703162;07/07/2025;segunda-feira;08:50:00;RO;174;14;VILHENA;Desrespeitar a preferência no cruzamento;Colisão transversal;Com Vítimas Feridas;Pleno dia;Crescente;Céu Claro;Simples;Interseção de Vias;Sim;2;0;2;0;0;0;2;2;-12,7239185;-60,12814915;SPRF-RO;DEL04-RO;UOP01-DEL04-RO
703163;07/07/2025;segunda-feira;10:10:00;RJ;101;59;CAMPOS DOS GOYTACAZES;Acessar a via sem observar a presença dos outros veículos;Colisão transversal;Com Vítimas Feridas;Pleno dia;Decrescente;Céu Claro;Simples;Reta;Sim;2;0;1;0;1;0;1;2;-21,72048933;-41,3145636;SPRF-RJ;DEL08-RJ;UOP01-DEL08-RJ
703165;07/07/2025;segunda-feira;14:36:00;MG;381;496;BETIM;Ausência de sinalização;Colisão lateral mesmo sentido;Com Vítimas Feridas;Pleno dia;Crescente;Céu Claro;Dupla;Reta;Não;2;0;1;0;1;0;1;2;-19,9966124;-44,2090651;SPRF-MG;DEL01-MG;UOP03-DEL01-MG
703166;17/05/2025;sábado;20:17:00;CE;222;313;TIANGUA;Ingestão de álcool pelo condutor;Colisão transversal;Com Vítimas Feridas;Plena Noite;Decrescente;Céu Claro;Dupla;"Interseção de Vias;Viaduto;Reta";Sim;3;0;1;1;1;0;2;2;-3,7334838;-41,00246429;SPRF-CE;DEL04-CE;UOP02-DEL04-CE
703167;07/07/2025;segunda-feira;14:17:00;ES;101;335;GUARAPARI;Condutor Dormindo;Saída de leito carroçável;Com Vítimas Feridas;Pleno dia;Crescente;Céu Claro;Dupla;"Reta;Declive";Não;1;0;1;0;0;0;1;1;-20,6281024;-40,5331143;SPRF-ES;DEL03-ES;UOP01-DEL03-ES
703169;07/07/2025;segunda-feira;12:30:00;MG;146;483;POCOS DE CALDAS;Reação tardia ou ineficiente do condutor;Saída de leito carroçável;Com Vítimas Feridas;Pleno dia;Crescente;Sol;Simples;"Aclive;Curva";Não;1;0;1;0;0;0;1;1;-21,801604;-46,445429;SPRF-MG;DEL09-MG;UOP01-DEL09-MG
703170;07/07/2025;segunda-feira;14:45:00;ES;101;293,2;CARIACICA;Pista Escorregadia;Tombamento;Com Vítimas Feridas;Pleno dia;Decrescente;Céu Claro;Múltipla;Reta;Sim;1;0;1;0;0;0;1;1;-20,316122;-40,3954811;SPRF-ES;DEL01-ES;UOP01-DEL01-ES
703172;07/07/2025;segunda-feira;14:00:00;MG;50;7,8;UBERLANDIA;Ausência de reação do condutor;Saída de leito carroçável;Com Vítimas Feridas;Pleno dia;Crescente;Céu Claro;Simples;"Interseção de Vias;Rotatória;Viaduto";Não;1;0;1;0;0;0;1;1;-18,85433987;-48,22111543;SPRF-MG;DEL15-MG;UOP01-DEL15-MG
703173;07/07/2025;segunda-feira;11:00:00;RJ;101;314;SAO GONCALO;Reação tardia ou ineficiente do condutor;Colisão transversal;Com Vítimas Feridas;Pleno dia;Crescente;Céu Claro;Dupla;Reta;Sim;2;0;0;1;1;0;1;2;-22,81210541;-43,07172775;SPRF-RJ;DEL02-RJ;UOP02-DEL02-RJ
703175;07/07/2025;segunda-feira;14:45:00;SC;101;324,9;CAPIVARI DE BAIXO;Desrespeitar a preferência no cruzamento;Colisão lateral sentido oposto;Com Vítimas Feridas;Pleno dia;Decrescente;Sol;Múltipla;Interseção de Vias;Sim;3;0;2;0;1;0;2;2;-28,42565589;-48,94337486;SPRF-SC;DEL02-SC;UOP01-DEL02-SC
703177;18/05/2025;domingo;10:50:00;ES;262;171;IBATIBA;Acumulo de areia ou detritos sobre o pavimento;Queda de ocupante de veículo;Com Vítimas Feridas;Pleno dia;Decrescente;Ignorado;Simples;Curva;Não;2;0;1;1;0;0;2;1;-20,26371314;-41,59707069;SPRF-ES;DEL01-ES;UOP02-DEL01-ES
703182;07/07/2025;segunda-feira;15:20:00;SC;101;200,5;SAO JOSE;Pedestre andava na pista;Atropelamento de Pedestre;Com Vítimas Feridas;Pleno dia;Decrescente;Céu Claro;Múltipla;Reta;Sim;4;0;1;0;2;1;1;2;-27,550329;-48,619578;SPRF-SC;DEL01-SC;UOP01-DEL01-SC
703183;07/07/2025;segunda-feira;17:00:00;MG;381;307;ANTONIO DIAS;Reação tardia ou ineficiente do condutor;Colisão traseira;Com Vítimas Feridas;Pleno dia;Crescente;Nublado;Simples;Interseção de Vias;Não;1;0;1;0;0;0;1;1;-19,65535912;-42,95963287;SPRF-MG;DEL03-MG;UOP02-DEL03-MG
703185;07/07/2025;segunda-feira;15:30:00;SP;116;230,8;SAO PAULO;Avarias e/ou desgaste excessivo no pneu;Tombamento;Com Vítimas Feridas;Pleno dia;Crescente;Céu Claro;Múltipla;Reta;Sim;1;0;1;0;0;0;1;1;-23,51556645;-46,57932353;SPRF-SP;DEL01-SP;UOP01-DEL01-SP
703186;07/07/2025;segunda-feira;15:45:00;SC;101;202,1;SAO JOSE;Manobra de mudança de faixa;Colisão lateral mesmo sentido;Com Vítimas Feridas;Pleno dia;Decrescente;Céu Claro;Múltipla;Reta;Não;3;0;1;0;2;0;1;2;-27,55725823;-48,61869371;SPRF-SC;DEL01-SC;UOP01-DEL01-SC
703187;07/07/2025;segunda-feira;07:40:00;PR;376;269;MARILANDIA DO SUL;Acumulo de areia ou detritos sobre o pavimento;Tombamento;Com Vítimas Feridas;Pleno dia;Crescente;Céu Claro;Dupla;Reta;Não;1;0;1;0;0;0;1;1;-23,73217;-51,28612;SPRF-PR;DEL07-PR;UOP02-DEL07-PR
703189;06/07/2025;domingo;22:00:00;MT;364;482;JANGADA;Ultrapassagem Indevida;Saída de leito carroçável;Sem Vítimas;Plena Noite;Decrescente;Chuva;Simples;"Reta;Declive";Não;1;0;0;0;1;0;0;1;-15,33364;-56,42223;SPRF-MT;DEL01-MT;UOP02-DEL01-MT
703191;07/07/2025;segunda-feira;15:00:00;MG;381;292;ANTONIO DIAS;Velocidade Incompatível;Queda de ocupante de veículo;Com Vítimas Feridas;Pleno dia;Crescente;Céu Claro;Dupla;Curva;Não;1;0;1;0;0;0;1;1;-19,61877956;-42,85125017;SPRF-MG;DEL03-MG;UOP02-DEL03-MG
703192;07/07/2025;segunda-feira;15:30:00;SP;116;279;EMBU DAS ARTES;Trafegar com motocicleta (ou similar) entre as faixas;Colisão lateral mesmo sentido;Com Vítimas Feridas;Pleno dia;Crescente;Céu Claro;Dupla;Reta;Sim;2;0;1;0;1;0;1;2;-23,64025862;-46,83613897;SPRF-SP;DEL04-SP;UOP01-DEL04-SP
703193;07/07/2025;segunda-feira;15:10:00;RJ;101;504;ANGRA DOS REIS;Reação tardia ou ineficiente do condutor;Colisão transversal;Com Vítimas Feridas;Pleno dia;Decrescente;Nublado;Simples;Reta;Sim;2;0;1;0;0;1;1;2;-22,931235;-44,386807;SPRF-RJ;DEL03-RJ;UOP03-DEL03-RJ
703194;07/07/2025;segunda-feira;15:44:00;RS;290;577;ALEGRETE;Acessar a via sem observar a presença dos outros veículos;Colisão transversal;Sem Vítimas;Pleno dia;Crescente;Nublado;Simples;"Interseção de Vias;Rotatória";Sim;4;0;0;0;4;0;0;2;-29,812097;-55,752015;SPRF-RS;DEL13-RS;UOP02-DEL13-RS
703195;07/07/2025;segunda-feira;16:45:00;PR;469;19;FOZ DO IGUACU;Ingestão de álcool pelo condutor;Colisão frontal;Com Vítimas Feridas;Pleno dia;Decrescente;Céu Claro;Simples;"Reta;Em Obras";Não;2;0;1;0;1;0;1;2;-25,60373529;-54,49850528;SPRF-PR;DEL05-PR;UOP04-DEL05-PR
703196;07/07/2025;segunda-feira;15:20:00;PI;316;172;ELESBAO VELOSO;Ausência de reação do condutor;Saída de leito carroçável;Com Vítimas Feridas;Pleno dia;Crescente;Sol;Simples;Reta;Não;2;0;2;0;0;0;2;1;-6,234432;-42,026872;SPRF-PI;DEL04-PI;UOP02-DEL04-PI
703198;07/07/2025;segunda-feira;15:50:00;PR;376;179;MARINGA;Manobra de mudança de faixa;Colisão lateral mesmo sentido;Com Vítimas Feridas;Pleno dia;Decrescente;Sol;Dupla;Reta;Sim;2;0;0;1;1;0;1;2;-23,419196;-51,912841;SPRF-PR;DEL09-PR;UOP01-DEL09-PR
703202;03/07/2025;quinta-feira;17:00:00;RJ;101;310;SAO GONCALO;Trafegar com motocicleta (ou similar) entre as faixas;Colisão lateral mesmo sentido;Com Vítimas Feridas;Pleno dia;Decrescente;Céu Claro;Dupla;Reta;Não;2;0;1;0;1;0;1;2;-22,79937797;-43,05052465;SPRF-RJ;DEL02-RJ;UOP02-DEL02-RJ
703204;07/07/2025;segunda-feira;16:30:00;DF;20;4,9;BRASILIA;Ingestão de álcool pelo condutor;Engavetamento;Sem Vítimas;Pleno dia;Decrescente;Céu Claro;Simples;Reta;Sim;3;0;0;0;3;0;0;3;-15,68713148;-47,85552084;SPRF-DF;DEL02-DF;UOP01-DEL02-DF
703205;07/07/2025;segunda-feira;11:00:00;RJ;116;184;NOVA IGUACU;Manobra de mudança de faixa;Colisão lateral mesmo sentido;Com Vítimas Feridas;Pleno dia;Decrescente;Céu Claro;Dupla;Reta;Sim;3;0;1;0;2;0;1;2;-22,74713478;-43,44531655;SPRF-RJ;DEL06-RJ;UOP01-DEL06-RJ
703206;07/07/2025;segunda-feira;14:30:00;RS;448;15;CANOAS;Demais falhas mecânicas ou elétricas;Incêndio;Sem Vítimas;Pleno dia;Crescente;Céu Claro;Simples;Reta;Não;1;0;0;0;1;0;0;1;-29,92313831;-51,2319088;SPRF-RS;DEL01-RS;UOP01-DEL01-RS
703207;07/07/2025;segunda-feira;16:50:00;PR;369;156;LONDRINA;Reação tardia ou ineficiente do condutor;Colisão traseira;Sem Vítimas;Pleno dia;Decrescente;Céu Claro;Dupla;Reta;Sim;2;0;0;0;2;0;0;2;-23,28923385;-51,22237262;SPRF-PR;DEL07-PR;UOP01-DEL07-PR
703209;07/07/2025;segunda-feira;17:45:00;RN;101;103;PARNAMIRIM;Condutor deixou de manter distância do veículo da frente;Colisão traseira;Com Vítimas Feridas;Plena Noite;Crescente;Nublado;Múltipla;Reta;Não;2;0;1;0;1;0;1;2;-5,890422;-35,250335;SPRF-RN;DEL01-RN;UOP01-DEL01-RN
703211;07/07/2025;segunda-feira;17:46:00;SC;280;24;ARAQUARI;Transitar na contramão;Colisão transversal;Com Vítimas Feridas;Plena Noite;Crescente;Céu Claro;Simples;Reta;Não;2;0;0;1;1;0;1;2;-26,379263;-48,72213;SPRF-SC;DEL03-SC;UOP03-DEL03-SC
703213;07/07/2025;segunda-feira;17:20:00;RN;101;84,3;NATAL;Reação tardia ou ineficiente do condutor;Colisão traseira;Sem Vítimas;Anoitecer;Decrescente;Nublado;Dupla;Viaduto;Sim;2;0;0;0;2;0;0;2;-5,775241;-35,254839;SPRF-RN;DEL02-RN;UOP01-DEL02-RN
703214;04/07/2025;sexta-feira;06:00:00;MT;70;382;CAMPO VERDE;Condutor Dormindo;Saída de leito carroçável;Com Vítimas Fatais;Plena Noite;Crescente;Nublado;Simples;Reta;Não;2;1;0;0;0;1;0;2;-15,5402758;-55,1456995;SPRF-MT;DEL05-MT;UOP02-DEL05-MT
703215;07/07/2025;segunda-feira;17:00:00;SC;101;59,2;ARAQUARI;Ausência de reação do condutor;Colisão com objeto;Com Vítimas Feridas;Pleno dia;Crescente;Céu Claro;Dupla;Curva;Sim;1;0;1;0;0;0;1;1;-26,44931637;-48,78749069;SPRF-SC;DEL03-SC;UOP02-DEL03-SC
703216;07/07/2025;segunda-feira;17:14:00;PI;343;590;FLORIANO;Animais na Pista;Atropelamento de Animal;Com Vítimas Feridas;Pleno dia;Crescente;Céu Claro;Dupla;Reta;Sim;1;0;1;0;0;0;1;1;-6,78285724;-43,01432848;SPRF-PI;DEL03-PI;UOP01-DEL03-PI
703218;07/07/2025;segunda-feira;17:22:00;PR;376;173,9;MARINGA;Condutor desrespeitou a iluminação vermelha do semáforo;Colisão transversal;Com Vítimas Feridas;Anoitecer;Decrescente;Céu Claro;Dupla;"Declive;Interseção de Vias;Reta";Sim;4;0;3;0;1;0;3;2;-23,4176585;-51,96007339;SPRF-PR;DEL09-PR;UOP01-DEL09-PR
703219;07/07/2025;segunda-feira;16:00:00;RJ;116;107;GUAPIMIRIM;Condutor deixou de manter distância do veículo da frente;Colisão traseira;Com Vítimas Feridas;Pleno dia;Decrescente;Céu Claro;Simples;"Reta;Aclive";Sim;2;0;1;0;1;0;1;2;-22,5131437;-43,00002098;SPRF-RJ;DEL04-RJ;UOP01-DEL04-RJ
703220;07/07/2025;segunda-feira;17:55:00;ES;101;136;LINHARES;Velocidade Incompatível;Saída de leito carroçável;Sem Vítimas;Plena Noite;Crescente;Céu Claro;Simples;Reta;Não;1;0;0;0;0;1;0;1;-19,28352607;-40,08687155;SPRF-ES;DEL04-ES;UOP01-DEL04-ES
703221;07/07/2025;segunda-feira;18:25:00;RS;116;266;CANOAS;Reação tardia ou ineficiente do condutor;Colisão traseira;Com Vítimas Feridas;Plena Noite;Decrescente;Céu Claro;Múltipla;Reta;Sim;2;0;1;0;1;0;1;2;-29,9288926;-51,1773982;SPRF-RS;DEL01-RS;UOP01-DEL01-RS
703222;07/07/2025;segunda-feira;18:30:00;RN;101;108;PARNAMIRIM;Condutor deixou de manter distância do veículo da frente;Colisão lateral mesmo sentido;Com Vítimas Feridas;Plena Noite;Decrescente;Nublado;Dupla;Reta;Sim;2;0;1;0;1;0;1;2;-5,9268729;-35,26498902;SPRF-RN;DEL01-RN;UOP01-DEL01-RN
703223;07/07/2025;segunda-feira;17:00:00;BA;116;379;SANTA BARBARA;Acostamento em desnível;Saída de leito carroçável;Com Vítimas Feridas;Pleno dia;Crescente;Nublado;Simples;Reta;Não;3;0;1;0;2;0;1;1;-11,84431399;-38,97603036;SPRF-BA;DEL02-BA;UOP01-DEL02-BA
703224;07/07/2025;segunda-feira;18:30:00;RJ;116;180;NOVA IGUACU;Manobra de mudança de faixa;Colisão traseira;Com Vítimas Feridas;Plena Noite;Crescente;Céu Claro;Múltipla;Reta;Sim;2;0;0;1;1;0;1;2;-22,76374453;-43,41809146;SPRF-RJ;DEL06-RJ;UOP01-DEL06-RJ
703225;07/07/2025;segunda-feira;17:20:00;MS;262;598;MIRANDA;Animais na Pista;Atropelamento de Animal;Sem Vítimas;Anoitecer;Decrescente;Céu Claro;Simples;Reta;Sim;2;0;0;0;2;0;0;1;-20,10549316;-56,67590261;SPRF-MS;DEL03-MS;UOP02-DEL03-MS
703226;07/07/2025;segunda-feira;12:50:00;SC;470;53;BLUMENAU;Acessar a via sem observar a presença dos outros veículos;Colisão transversal;Com Vítimas Feridas;Pleno dia;Crescente;Céu Claro;Simples;Interseção de Vias;Sim;3;0;1;0;2;0;1;2;-26,88262447;-49,14166197;SPRF-SC;DEL04-SC;UOP01-DEL04-SC
703227;05/07/2025;sábado;12:00:00;RJ;0;0;RIO DE JANEIRO;Reação tardia ou ineficiente do condutor;Colisão traseira;Sem Vítimas;Pleno dia;Não Informado;Céu Claro;Dupla;Reta;Sim;2;0;0;0;2;0;0;2;-22,98589362;-43,21422815;SPRF-RJ;DEL06-RJ;UOP01-DEL06-RJ
703228;07/07/2025;segunda-feira;18:30:00;RJ;493;19;MAGE;Pedestre cruzava a pista fora da faixa;Colisão transversal;Com Vítimas Feridas;Plena Noite;Decrescente;Céu Claro;Simples;Reta;Não;2;0;1;0;1;0;1;2;-22,66415922;-43,03280061;SPRF-RJ;DEL04-RJ;UOP02-DEL04-RJ
703230;07/07/2025;segunda-feira;18:15:00;RS;470;217;BENTO GONCALVES;Desrespeitar a preferência no cruzamento;Colisão transversal;Com Vítimas Feridas;Plena Noite;Decrescente;Céu Claro;Dupla;"Reta;Aclive;Interseção de Vias;Retorno Regulamentado";Sim;2;0;1;0;1;0;1;2;-29,17505341;-51,52302353;SPRF-RS;DEL06-RS;UOP01-DEL06-RS
703234;07/07/2025;segunda-feira;19:20:00;SC;280;29,6;ARAQUARI;Ultrapassagem Indevida;Colisão transversal;Com Vítimas Feridas;Plena Noite;Decrescente;Nevoeiro/Neblina;Simples;Reta;Não;3;0;1;0;2;0;1;2;-26,41332729;-48,75826534;SPRF-SC;DEL03-SC;UOP03-DEL03-SC
703236;07/07/2025;segunda-feira;18:40:00;PE;101;77,4;RECIFE;Ausência de reação do condutor;Colisão traseira;Sem Vítimas;Plena Noite;Crescente;Nublado;Dupla;Reta;Sim;3;0;0;0;2;1;0;3;-8,13068;-34,944928;SPRF-PE;DEL01-PE;UOP01-DEL01-PE
703237;07/07/2025;segunda-feira;19:00:00;PR;116;140;MANDIRITUBA;Objeto estático sobre o leito carroçável;Colisão com objeto;Com Vítimas Feridas;Plena Noite;Crescente;Céu Claro;Dupla;"Reta;Aclive";Sim;1;0;1;0;0;0;1;1;-25,75718375;-49,31944935;SPRF-PR;DEL01-PR;UOP03-DEL01-PR
703238;07/07/2025;segunda-feira;18:05:00;MG;40;43,5;PARACATU;Acessar a via sem observar a presença dos outros veículos;Colisão transversal;Com Vítimas Feridas;Anoitecer;Crescente;Céu Claro;Simples;Reta;Sim;3;0;0;2;1;0;2;2;-17,22385278;-46,86464578;SPRF-MG;DEL14-MG;UOP01-DEL14-MG
703239;07/07/2025;segunda-feira;18:30:00;SC;116;59,8;PAPANDUVA;Acessar a via sem observar a presença dos outros veículos;Colisão transversal;Com Vítimas Feridas;Plena Noite;Crescente;Céu Claro;Simples;"Reta;Interseção de Vias";Não;3;0;2;0;1;0;2;2;-26,381896;-50,215149;SPRF-SC;DEL06-SC;UOP02-DEL06-SC
703242;07/07/2025;segunda-feira;16:40:00;MT;163;752;SORRISO;Reação tardia ou ineficiente do condutor;Colisão traseira;Com Vítimas Feridas;Anoitecer;Crescente;Céu Claro;Dupla;Retorno Regulamentado;Sim;2;0;1;0;1;0;1;2;-12,551917;-55,714049;SPRF-MT;DEL06-MT;UOP01-DEL06-MT
703243;07/07/2025;segunda-feira;00:30:00;BA;324;570;SAO SEBASTIAO DO PASSE;Chuva;Saída de leito carroçável;Sem Vítimas;Plena Noite;Decrescente;Chuva;Dupla;Reta;Não;1;0;0;0;1;0;0;1;-12,589791;-38,521895;SPRF-BA;DEL01-BA;UOP01-DEL01-BA
703245;07/07/2025;segunda-feira;19:50:00;SC;101;136;BALNEARIO CAMBORIU;Reação tardia ou ineficiente do condutor;Colisão traseira;Com Vítimas Feridas;Plena Noite;Decrescente;Céu Claro;Simples;Reta;Sim;2;0;0;1;1;0;1;2;-27,00866896;-48,61584252;SPRF-SC;DEL04-SC;UOP03-DEL04-SC