id;data_inversa;dia_semana;horario;uf;br;km;municipio;causa_acidente;tipo_acidente;classificacao_acidente;fase_dia;sentido_via;condicao_metereologica;tipo_pista;tracado_via;uso_solo;pessoas;mortos;feridos_leves;feridos_graves;ilesos;ignorados;feridos;veiculos;latitude;longitude;regional;delegacia;uop
703249;07/07/2025;segunda-feira;20:00:00;BA;324;517;FEIRA DE SANTANA;Retorno proibido;Colisão frontal;Com Vítimas Feridas;Plena Noite;Crescente;Chuva;Simples;Reta;Sim;2;0;2;0;0;0;2;2;-12,25676117;-38,93223929;SPRF-BA;DEL02-BA;UOP01-DEL02-BA
703251;07/07/2025;segunda-feira;18:50:00;PE;232;127,4;CARUARU;Velocidade Incompatível;Colisão transversal;Com Vítimas Feridas;Plena Noite;Crescente;Céu Claro;Simples;Interseção de Vias;Sim;6;0;3;0;2;1;3;3;-8,30377851;-35,97183466;SPRF-PE;DEL02-PE;UOP03-DEL02-PE
703252;07/07/2025;segunda-feira;19:20:00;PR;487;178;CAMPO MOURAO;Transitar na contramão;Colisão transversal;Sem Vítimas;Plena Noite;Crescente;Céu Claro;Simples;Reta;Sim;2;0;0;0;2;0;0;2;-24,045003;-52,396758;SPRF-PR;DEL09-PR;UOP03-DEL09-PR
703253;07/07/2025;segunda-feira;20:20:00;SP;116;224;GUARULHOS;Ultrapassagem Indevida;Colisão com objeto;Com Vítimas Feridas;Plena Noite;Decrescente;Nublado;Múltipla;"Reta;Em Obras";Sim;1;0;0;1;0;0;1;1;-23,48623658;-46,5412488;SPRF-SP;DEL01-SP;UOP01-DEL01-SP
703254;07/07/2025;segunda-feira;18:04:00;TO;153;138;ARAGUAINA;Ausência de reação do condutor;Eventos atípicos;Sem Vítimas;Anoitecer;Decrescente;Céu Claro;Dupla;Reta;Sim;1;0;0;0;0;1;0;1;-7,15237648;-48,2035017;SPRF-TO;DEL02-TO;UOP01-DEL02-TO
703255;07/07/2025;segunda-feira;20:20:00;PI;343;6,5;PARNAIBA;Acessar a via sem observar a presença dos outros veículos;Colisão transversal;Com Vítimas Feridas;Plena Noite;Crescente;Céu Claro;Simples;"Reta;Interseção de Vias";Sim;2;0;0;1;0;1;1;2;-2,897494;-41,711041;SPRF-PI;DEL05-PI;UOP01-DEL05-PI
703258;07/07/2025;segunda-feira;16:15:00;MG;50;174;UBERABA;Velocidade Incompatível;Colisão com objeto;Com Vítimas Feridas;Pleno dia;Decrescente;Céu Claro;Simples;"Reta;Viaduto";Sim;2;0;1;0;1;0;1;1;-19,770714;-47,973625;SPRF-MG;DEL13-MG;UOP01-DEL13-MG
703259;07/07/2025;segunda-feira;19:28:00;AC;364;135;RIO BRANCO;Demais falhas mecânicas ou elétricas;Incêndio;Sem Vítimas;Plena Noite;Decrescente;Céu Claro;Dupla;Reta;Sim;1;0;0;0;1;0;0;1;-9,98565529;-67,84549761;SPRF-AC;DEL01-AC;UOP01-DEL01-AC
703261;07/07/2025;segunda-feira;20:40:00;RJ;116;255;PIRAI;Animais na Pista;Atropelamento de Animal;Com Vítimas Feridas;Plena Noite;Decrescente;Céu Claro;Dupla;Reta;Não;2;0;2;0;0;0;2;2;-22,58626615;-44,01249345;SPRF-RJ;DEL07-RJ;UOP01-DEL07-RJ
703263;07/07/2025;segunda-feira;19:30:00;MG;251;209;AGUAS VERMELHAS;Reação tardia ou ineficiente do condutor;Colisão com objeto;Com Vítimas Feridas;Plena Noite;Crescente;Céu Claro;Simples;Reta;Não;4;0;2;0;2;0;2;1;-15,884369;-41,525702;SPRF-MG;DEL12-MG;UOP02-DEL12-MG
703266;07/07/2025;segunda-feira;18:40:00;SP;116;448,8;REGISTRO;Ausência de reação do condutor;Queda de ocupante de veículo;Com Vítimas Feridas;Plena Noite;Crescente;Céu Claro;Dupla;Reta;Não;1;0;1;0;0;0;1;1;-24,5039104;-47,8445568;SPRF-SP;DEL05-SP;UOP01-DEL05-SP
703269;07/07/2025;segunda-feira;18:40:00;RO;429;110;SAO MIGUEL DO GUAPORE;Reação tardia ou ineficiente do condutor;Colisão traseira;Com Vítimas Feridas;Anoitecer;Decrescente;Céu Claro;Simples;Reta;Não;3;0;2;0;0;1;2;2;-11,59266827;-62,60369048;SPRF-RO;DEL02-RO;UOP03-DEL02-RO
703270;07/07/2025;segunda-feira;18:20:00;PE;0;0;OURICURI;Transtornos Mentais (exceto suicidio);Incêndio;Sem Vítimas;Plena Noite;Não Informado;Céu Claro;Simples;Reta;Não;3;0;0;0;3;0;0;1;-7,88684766;-40,08413315;SPRF-PE;DEL05-PE;UOP02-DEL05-PE
703273;08/07/2025;terça-feira;00:30:00;PI;343;16;PARNAIBA;Reação tardia ou ineficiente do condutor;Tombamento;Com Vítimas Feridas;Plena Noite;Crescente;Céu Claro;Simples;Reta;Sim;1;0;0;1;0;0;1;1;-2,9463196;-41,7566514;SPRF-PI;DEL05-PI;UOP01-DEL05-PI
703276;08/07/2025;terça-feira;00:50:00;SC;153;99;CONCORDIA;Animais na Pista;Atropelamento de Animal;Com Vítimas Feridas;Plena Noite;Crescente;Céu Claro;Simples;Reta;Sim;2;0;1;1;0;0;2;1;-27,2432073;-51,9510932;SPRF-SC;DEL07-SC;UOP04-DEL07-SC
703277;08/07/2025;terça-feira;00:30:00;PE;232;37,2;VITORIA DE SANTO ANTAO;Animais na Pista;Atropelamento de Animal;Com Vítimas Feridas;Plena Noite;Decrescente;Céu Claro;Dupla;Reta;Não;3;0;1;0;2;0;1;3;-8,113542;-35,212198;SPRF-PE;DEL02-PE;UOP02-DEL02PE
703278;08/07/2025;terça-feira;01:10:00;SC;101;208;SAO JOSE;Reação tardia ou ineficiente do condutor;Colisão traseira;Com Vítimas Feridas;Plena Noite;Crescente;Céu Claro;Múltipla;Reta;Sim;3;0;1;0;2;0;1;2;-27,60210028;-48,62888781;SPRF-SC;DEL01-SC;UOP01-DEL01-SC
703279;08/07/2025;terça-feira;01:00:00;RJ;116;174;SAO JOAO DE MERITI;Ingestão de álcool pelo condutor;Saída de leito carroçável;Com Vítimas Feridas;Plena Noite;Decrescente;Nublado;Múltipla;Reta;Sim;2;0;1;0;1;0;1;1;-22,79865932;-43,3570811;SPRF-RJ;DEL06-RJ;UOP01-DEL06-RJ
703280;08/07/2025;terça-feira;01:30:00;SP;381;88;GUARULHOS;Velocidade Incompatível;Saída de leito carroçável;Com Vítimas Feridas;Plena Noite;Decrescente;Céu Claro;Múltipla;Reta;Sim;2;0;0;1;1;0;1;1;-23,48003919;-46,55977654;SPRF-SP;DEL03-SP;UOP01-DEL03-SP
703281;07/07/2025;segunda-feira;23:15:00;MT;174;157;GLORIA DOESTE;Animais na Pista;Atropelamento de Animal;Sem Vítimas;Plena Noite;Crescente;Céu Claro;Simples;Reta;Não;1;0;0;0;1;0;0;1;-15,80839;-58,36592;SPRF-MT;DEL03-MT;UOP01-DEL03-MT
703286;08/07/2025;terça-feira;02:55:00;RJ;465;12;SEROPEDICA;Animais na Pista;Atropelamento de Animal;Com Vítimas Feridas;Plena Noite;Crescente;Céu Claro;Simples;Reta;Sim;1;0;0;1;0;0;1;1;-22,794795;-43,648354;SPRF-RJ;DEL06-RJ;UOP02-DEL06-RJ
703287;08/07/2025;terça-feira;05:50:00;SP;153;76,3;BADY BASSITT;Acessar a via sem observar a presença dos outros veículos;Colisão traseira;Com Vítimas Feridas;Plena Noite;Crescente;Céu Claro;Dupla;Reta;Não;2;0;0;1;1;0;1;2;-20,899764;-49,444902;SPRF-SP;DEL09-SP;UOP01-DEL09-SP
703289;08/07/2025;terça-feira;06:00:00;MG;116;704,2;MURIAE;Transitar na contramão;Colisão lateral sentido oposto;Com Vítimas Feridas;Amanhecer;Crescente;Nublado;Simples;Interseção de Vias;Sim;2;0;1;0;1;0;1;2;-21,1386057;-42,3850286;SPRF-MG;DEL07-MG;UOP02-DEL07-MG
703290;08/07/2025;terça-feira;06:00:00;SC;101;209;SAO JOSE;Acesso irregular;Colisão transversal;Com Vítimas Feridas;Pleno dia;Decrescente;Céu Claro;Múltipla;Reta;Sim;4;0;0;2;2;0;2;2;-27,610248;-48,638921;SPRF-SC;DEL01-SC;UOP01-DEL01-SC
703292;08/07/2025;terça-feira;05:40:00;BA;324;515;FEIRA DE SANTANA;Animais na Pista;Atropelamento de Animal;Com Vítimas Feridas;Amanhecer;Crescente;Garoa/Chuvisco;Simples;Reta;Sim;1;0;1;0;0;0;1;1;-12,23793515;-38,94118714;SPRF-BA;DEL02-BA;UOP01-DEL02-BA
703293;08/07/2025;terça-feira;02:00:00;MG;381;622;OLIVEIRA;Ausência de reação do condutor;Capotamento;Com Vítimas Feridas;Plena Noite;Crescente;Nevoeiro/Neblina;Dupla;Reta;Não;2;0;2;0;0;0;2;1;-20,80221112;-44,79031349;SPRF-MG;DEL04-MG;UOP01-DEL04-MG
703294;08/07/2025;terça-feira;06:25:00;GO;40;26;LUZIANIA;Manobra de mudança de faixa;Colisão traseira;Com Vítimas Feridas;Pleno dia;Decrescente;Céu Claro;Dupla;Curva;Não;2;0;1;0;1;0;1;2;-16,263043;-47,892159;SPRF-DF;DEL01-DF;UOP01-DEL01-DF
703296;08/07/2025;terça-feira;06:50:00;SC;280;122,9;SAO BENTO DO SUL;Acessar a via sem observar a presença dos outros veículos;Colisão traseira;Com Vítimas Feridas;Pleno dia;Crescente;Nevoeiro/Neblina;Simples;"Reta;Interseção de Vias";Sim;2;0;0;1;1;0;1;2;-26,244328;-49,465168;SPRF-SC;DEL06-SC;UOP03-DEL06-SC
703298;08/07/2025;terça-feira;07:37:00;SP;116;221;GUARULHOS;Condutor deixou de manter distância do veículo da frente;Colisão traseira;Com Vítimas Feridas;Pleno dia;Decrescente;Céu Claro;Múltipla;Reta;Não;2;0;2;0;0;0;2;2;-23,45935879;-46,48482263;SPRF-SP;DEL01-SP;UOP01-DEL01-SP
703299;08/07/2025;terça-feira;05:30:00;MT;70;648;POCONE;Reação tardia ou ineficiente do condutor;Colisão traseira;Com Vítimas Fatais;Amanhecer;Decrescente;Céu Claro;Simples;Reta;Não;3;1;0;0;2;0;0;2;-15,9428492;-57,0795698;SPRF-MT;DEL03-MT;UOP02-DEL03-MT
703300;14/06/2025;sábado;18:00:00;ES;101;270,4;SERRA;Ausência de reação do condutor;Colisão traseira;Com Vítimas Feridas;Plena Noite;Decrescente;Céu Claro;Simples;Reta;Não;5;0;1;0;2;2;1;4;-20,22967735;-40,2719907;SPRF-ES;DEL02-ES;UOP01-DEL02-ES
703302;08/07/2025;terça-feira;06:30:00;SP;116;86,9;PINDAMONHANGABA;Desvio temporário;Colisão com objeto;Com Vítimas Feridas;Pleno dia;Crescente;Nublado;Dupla;"Reta;Desvio Temporário";Não;1;0;1;0;0;0;1;1;-22,92970219;-45,36007302;SPRF-SP;DEL08-SP;UOP01-DEL08-SP
703303;08/07/2025;terça-feira;07:30:00;DF;40;6;BRASILIA;Manobra de mudança de faixa;Colisão lateral mesmo sentido;Com Vítimas Feridas;Pleno dia;Decrescente;Céu Claro;Dupla;Reta;Sim;2;0;1;0;1;0;1;2;-16,031492;-47,97862;SPRF-DF;DEL01-DF;UOP01-DEL01-DF
703304;08/07/2025;terça-feira;05:50:00;RJ;116;180;NOVA IGUACU;Demais falhas mecânicas ou elétricas;Incêndio;Sem Vítimas;Amanhecer;Decrescente;Céu Claro;Dupla;Reta;Sim;1;0;0;0;1;0;0;1;-22,7488366;-43,44294548;SPRF-RJ;DEL06-RJ;UOP01-DEL06-RJ
703306;08/07/2025;terça-feira;07:58:00;SC;280;28,4;ARAQUARI;Transitar na contramão;Colisão transversal;Com Vítimas Feridas;Pleno dia;Crescente;Céu Claro;Simples;Reta;Sim;2;0;0;1;1;0;1;2;-26,407325;-48,7487;SPRF-SC;DEL03-SC;UOP03-DEL03-SC
703309;07/07/2025;segunda-feira;21:30:00;SC;470;57;BLUMENAU;Ausência de reação do condutor;Colisão lateral mesmo sentido;Com Vítimas Feridas;Plena Noite;Decrescente;Céu Claro;Simples;"Reta;Em Obras";Não;2;0;0;2;0;0;2;2;-26,87876407;-49,13367774;SPRF-SC;DEL04-SC;UOP01-DEL04-SC
703312;08/07/2025;terça-feira;07:20:00;BA;415;53;ITABUNA;Velocidade Incompatível;Colisão transversal;Com Vítimas Feridas;Pleno dia;Decrescente;Céu Claro;Simples;"Reta;Declive";Não;2;0;1;0;1;0;1;2;-14,844978;-39,338598;SPRF-BA;DEL05-BA;UOP01-DEL05-BA
703313;08/07/2025;terça-feira;06:45:00;SC;163;68;SAO MIGUEL DO OESTE;Ausência de reação do condutor;Colisão traseira;Com Vítimas Feridas;Amanhecer;Crescente;Céu Claro;Dupla;Retorno Regulamentado;Sim;2;0;1;0;1;0;1;2;-26,74227881;-53,50106762;SPRF-SC;DEL07-SC;UOP03-DEL07-SC
703314;08/07/2025;terça-feira;07:55:00;PI;343;3;PARNAIBA;Desrespeitar a preferência no cruzamento;Colisão transversal;Com Vítimas Feridas;Pleno dia;Decrescente;Sol;Simples;Curva;Não;4;0;1;0;3;0;1;3;-2,90234312;-41,68409944;SPRF-PI;DEL05-PI;UOP01-DEL05-PI
703315;08/07/2025;terça-feira;08:20:00;RJ;116;183;NOVA IGUACU;Demais falhas na via;Colisão lateral mesmo sentido;Com Vítimas Feridas;Pleno dia;Decrescente;Céu Claro;Dupla;Reta;Sim;2;0;1;0;1;0;1;2;-22,75143422;-43,44017301;SPRF-RJ;DEL06-RJ;UOP01-DEL06-RJ
703316;08/07/2025;terça-feira;07:30:00;RO;364;202,6;PIMENTA BUENO;Acessar a via sem observar a presença dos outros veículos;Colisão transversal;Com Vítimas Feridas;Pleno dia;Decrescente;Céu Claro;Simples;Interseção de Vias;Sim;3;0;1;0;2;0;1;2;-11,63225;-61,203712;SPRF-RO;DEL02-RO;UOP02-DEL02-RO
703317;25/05/2025;domingo;18:10:00;BA;330;797;JEQUIE;Deficiência do Sistema de Iluminação/Sinalização;Colisão traseira;Com Vítimas Feridas;Plena Noite;Decrescente;Céu Claro;Simples;Reta;Não;3;0;0;1;2;0;1;3;-13,924676;-40,003007;SPRF-BA;DEL03-BA;UOP01-DEL03-BA
703318;08/07/2025;terça-feira;07:30:00;MG;116;250;TEOFILO OTONI;Reação tardia ou ineficiente do condutor;Saída de leito carroçável;Com Vítimas Feridas;Pleno dia;Crescente;Céu Claro;Simples;Reta;Não;2;0;0;2;0;0;2;1;-17,8720324;-41,5199598;SPRF-MG;DEL11-MG;UOP01-DEL11-MG
703321;08/07/2025;terça-feira;07:40:00;PR;376;617;SAO JOSE DOS PINHAIS;Velocidade Incompatível;Colisão com objeto;Com Vítimas Feridas;Pleno dia;Crescente;Nevoeiro/Neblina;Simples;"Curva;Retorno Regulamentado";Não;1;0;1;0;0;0;1;1;-25,593738;-49,173226;SPRF-PR;DEL01-PR;UOP04-DEL01-PR
703323;08/07/2025;terça-feira;09:00:00;MG;40;602;CONGONHAS;Manobra de mudança de faixa;Colisão lateral mesmo sentido;Com Vítimas Feridas;Pleno dia;Crescente;Céu Claro;Simples;"Aclive;Reta";Não;4;0;1;0;3;0;1;2;-20,43934964;-43,84273785;SPRF-MG;DEL05-MG;UOP02-DEL05-MG
703324;08/07/2025;terça-feira;09:00:00;RS;116;266;CANOAS;Ingestão de álcool pelo condutor;Colisão traseira;Sem Vítimas;Pleno dia;Crescente;Céu Claro;Dupla;Reta;Não;3;0;0;0;3;0;0;3;-29,95981378;-51,17624458;SPRF-RS;DEL01-RS;UOP01-DEL01-RS
703325;08/07/2025;terça-feira;07:50:00;BA;324;533;CONCEICAO DO JACUIPE;Pista esburacada;Queda de ocupante de veículo;Com Vítimas Feridas;Pleno dia;Decrescente;Nublado;Dupla;Reta;Não;1;0;1;0;0;0;1;1;-12,351658;-38,83331;SPRF-BA;DEL01-BA;UOP03-DEL01-BA
703328;08/07/2025;terça-feira;08:20:00;RO;364;237;CACOAL;Manobra de mudança de faixa;Colisão transversal;Com Vítimas Feridas;Pleno dia;Decrescente;Céu Claro;Simples;Reta;Sim;3;0;2;0;1;0;2;2;-11,442677;-61,448282;SPRF-RO;DEL02-RO;UOP02-DEL02-RO
703329;08/07/2025;terça-feira;09:10:00;MG;381;479;CONTAGEM;Condutor deixou de manter distância do veículo da frente;Engavetamento;Com Vítimas Feridas;Pleno dia;Decrescente;Céu Claro;Múltipla;"Declive;Reta";Sim;7;0;1;0;6;0;1;4;-19,962466;-44,049869;SPRF-MG;DEL01-MG;UOP03-DEL01-MG
703330;08/07/2025;terça-feira;08:20:00;ES;259;83,5;COLATINA;Ausência de reação do condutor;Capotamento;Com Vítimas Feridas;Pleno dia;Decrescente;Céu Claro;Simples;Reta;Não;1;0;1;0;0;0;1;1;-19,528948;-40,8170033;SPRF-ES;DEL02-ES;UOP01-DEL02-ES
703331;08/07/2025;terça-feira;09:40:00;PE;101;45;IGARASSU;Trafegar com motocicleta (ou similar) entre as faixas;Colisão lateral mesmo sentido;Sem Vítimas;Pleno dia;Crescente;Céu Claro;Dupla;Reta;Sim;3;0;0;0;3;0;0;2;-7,855362;-34,908637;SPRF-PE;DEL01-PE;UOP02-DEL01-PE
703332;08/07/2025;terça-feira;06:55:00;MG;262;445,4;NOVA SERRANA;Reação tardia ou ineficiente do condutor;Colisão traseira;Sem Vítimas;Pleno dia;Crescente;Sol;Múltipla;"Reta;Aclive";Sim;2;0;0;0;2;0;0;2;-19,865329;-44,993695;SPRF-MG;DEL08-MG;UOP03-DEL08-MG
703333;08/07/2025;terça-feira;09:34:00;SC;282;3,5;FLORIANOPOLIS;Trafegar com motocicleta (ou similar) entre as faixas;Colisão lateral mesmo sentido;Com Vítimas Feridas;Pleno dia;Decrescente;Céu Claro;Múltipla;Reta;Sim;2;0;1;0;1;0;1;2;-27,5928227;-48,60376088;SPRF-SC;DEL01-SC;UOP01-DEL01-SC
703335;08/07/2025;terça-feira;07:50:00;PI;343;2,3;TERESINA;Reação tardia ou ineficiente do condutor;Colisão traseira;Com Vítimas Feridas;Pleno dia;Decrescente;Céu Claro;Múltipla;Reta;Sim;2;0;1;0;1;0;1;2;-5,081687;-42,770673;SPRF-PI;DEL01-PI;UOP01-DEL01-PI
703336;08/07/2025;terça-feira;08:50:00;MG;381;448;SABARA;Velocidade Incompatível;Colisão frontal;Com Vítimas Feridas;Pleno dia;Decrescente;Céu Claro;Simples;Reta;Sim;2;0;1;0;1;0;1;2;-19,84193656;-43,86493651;SPRF-MG;DEL01-MG;UOP01-DEL01-MG
703337;08/07/2025;terça-feira;07:15:00;RJ;40;45;AREAL;Condutor Dormindo;Colisão com objeto;Com Vítimas Feridas;Pleno dia;Crescente;Céu Claro;Dupla;"Curva;Aclive";Não;3;0;2;1;0;0;3;1;-22,28031057;-43,11828017;SPRF-RJ;DEL05-RJ;UOP02-DEL05-RJ
703339;08/07/2025;terça-feira;10:15:00;MG;40;814,5;MATIAS BARBOSA;Mal súbito do condutor;Queda de ocupante de veículo;Com Vítimas Feridas;Pleno dia;Decrescente;Céu Claro;Dupla;Reta;Não;1;0;0;1;0;0;1;1;-21,90626068;-43,31331325;SPRF-MG;DEL05-MG;UOP01-DEL05-MG
703340;08/07/2025;terça-feira;09:35:00;GO;153;622,9;MORRINHOS;Reação tardia ou ineficiente do condutor;Saída de leito carroçável;Com Vítimas Feridas;Pleno dia;Decrescente;Céu Claro;Dupla;Declive;Não;1;0;1;0;0;0;1;1;-17,6357376;-49,1880448;SPRF-GO;DEL03-GO;UOP01-DEL03-GO
703341;08/07/2025;terça-feira;09:46:00;PI;316;2,2;TERESINA;Manobra de mudança de faixa;Colisão transversal;Com Vítimas Feridas;Pleno dia;Decrescente;Sol;Múltipla;Curva;Sim;2;0;1;0;1;0;1;2;-5,12294;-42,796;SPRF-PI;DEL01-PI;UOP02-DEL01-PI
703343;08/07/2025;terça-feira;11:05:00;PE;232;10;JABOATAO DOS GUARARAPES;Frear bruscamente;Queda de ocupante de veículo;Com Vítimas Feridas;Pleno dia;Crescente;Nublado;Dupla;Reta;Não;1;0;1;0;0;0;1;1;-8,079352;-34,988337;SPRF-PE;DEL01-PE;UOP01-DEL01-PE
703345;08/07/2025;terça-feira;02:00:00;MG;262;466,8;BOM DESPACHO;Reação tardia ou ineficiente do condutor;Saída de leito carroçável;Com Vítimas Feridas;Pleno dia;Decrescente;Céu Claro;Simples;"Declive;Reta";Não;1;0;1;0;0;0;1;1;-19,79288;-45,16393;SPRF-MG;DEL08-MG;UOP03-DEL08-MG
703346;08/07/2025;terça-feira;11:27:00;BA;235;349;JUAZEIRO;Acessar a via sem observar a presença dos outros veículos;Colisão transversal;Sem Vítimas;Pleno dia;Crescente;Céu Claro;Simples;Reta;Sim;2;0;0;0;2;0;0;2;-9,4416391;-40,4939523;SPRF-PE;DEL06-PE;UOP01-DEL06-PE
703349;08/07/2025;terça-feira;11:00:00;MG;40;480;SETE LAGOAS;Objeto estático sobre o leito carroçável;Saída de leito carroçável;Com Vítimas Feridas;Pleno dia;Crescente;Sol;Dupla;Curva;Não;1;0;1;0;0;0;1;1;-19,50739979;-44,27385662;SPRF-MG;DEL02-MG;UOP01-DEL02-MG
703350;08/07/2025;terça-feira;10:15:00;MG;116;117;ITAOBIM;Reação tardia ou ineficiente do condutor;Colisão traseira;Sem Vítimas;Pleno dia;Decrescente;Céu Claro;Simples;Reta;Não;21;0;0;0;21;0;0;2;-16,5799438;-41,5026361;SPRF-MG;DEL11-MG;UOP02-DEL11-MG
703351;08/07/2025;terça-feira;10:20:00;GO;153;605;MORRINHOS;Reação tardia ou ineficiente do condutor;Queda de ocupante de veículo;Com Vítimas Feridas;Pleno dia;Crescente;Céu Claro;Dupla;"Aclive;Reta";Não;1;0;0;1;0;0;1;1;-17,60128904;-49,18887913;SPRF-GO;DEL03-GO;UOP01-DEL03-GO
703354;08/07/2025;terça-feira;11:20:00;MA;135;225;PERITORO;Desrespeitar a preferência no cruzamento;Colisão transversal;Com Vítimas Feridas;Pleno dia;Decrescente;Sol;Simples;Interseção de Vias;Sim;6;0;0;3;3;0;3;2;-4,37642921;-44,34024096;SPRF-MA;DEL03-MA;UOP01-DEL03-MA
703356;08/07/2025;terça-feira;12:03:00;MG;365;707,8;MONTE ALEGRE DE MINAS;Mal súbito do condutor;Saída de leito carroçável;Com Vítimas Feridas;Pleno dia;Decrescente;Céu Claro;Simples;"Reta;Declive";Não;2;0;0;1;0;1;1;2;-18,8800639;-49,0468337;SPRF-MG;DEL15-MG;UOP03-DEL15-MG
703358;08/07/2025;terça-feira;12:15:00;SC;101;197,8;BIGUACU;Reação tardia ou ineficiente do condutor;Colisão traseira;Com Vítimas Feridas;Pleno dia;Crescente;Céu Claro;Múltipla;Reta;Não;2;0;2;0;0;0;2;2;-27,525031;-48,636187;SPRF-SC;DEL01-SC;UOP01-DEL01-SC
703359;18/06/2025;quarta-feira;21:30:00;SC;282;36,8;AGUAS MORNAS;Condutor deixou de manter distância do veículo da frente;Colisão lateral mesmo sentido;Com Vítimas Feridas;Plena Noite;Decrescente;Nublado;Simples;Reta;Não;3;0;0;1;2;0;1;2;-27,70676;-48,84093;SPRF-SC;DEL01-SC;UOP03-DEL01-SC
703360;08/07/2025;terça-feira;12:15:00;PE;116;84;BELEM DE SAO FRANCISCO;Avarias e/ou desgaste excessivo no pneu;Capotamento;Com Vítimas Feridas;Pleno dia;Decrescente;Nublado;Simples;Reta;Não;2;0;1;0;1;0;1;1;-8,559623;-39,229777;SPRF-PE;DEL05-PE;UOP03-DEL05-PE
703361;08/07/2025;terça-feira;12:30:00;CE;20;402;CAUCAIA;Acessar a via sem observar a presença dos outros veículos;Colisão transversal;Com Vítimas Feridas;Pleno dia;Crescente;Céu Claro;Simples;Reta;Sim;3;0;0;2;1;0;2;2;-3,78596943;-38,69726968;SPRF-CE;DEL01-CE;UOP01-DEL01-CE
703367;08/07/2025;terça-feira;13:10:00;CE;116;12;FORTALEZA;Acesso irregular;Colisão transversal;Com Vítimas Feridas;Pleno dia;Crescente;Céu Claro;Múltipla;"Reta;Interseção de Vias";Sim;2;0;1;0;1;0;1;2;-3,856758;-38,495934;SPRF-CE;DEL01-CE;UOP02-DEL01-CE
703368;08/07/2025;terça-feira;12:00:00;MG;365;620;UBERLANDIA;Manobra de mudança de faixa;Colisão lateral mesmo sentido;Com Vítimas Feridas;Pleno dia;Decrescente;Céu Claro;Dupla;"Reta;Aclive;Viaduto";Sim;2;0;1;0;1;0;1;2;-18,885274;-48,266467;SPRF-MG;DEL15-MG;UOP01-DEL15-MG
703369;08/07/2025;terça-feira;10:40:00;PR;163;98,1;CAPANEMA;Velocidade Incompatível;Saída de leito carroçável;Sem Vítimas;Pleno dia;Decrescente;Céu Claro;Simples;Curva;Não;1;0;0;0;0;1;0;1;-25,60545;-53,779802;SPRF-PR;DEL02-PR;UOP02-DEL02-PR
703370;08/07/2025;terça-feira;12:40:00;PB;230;17;JOAO PESSOA;Suicídio (presumido);Eventos atípicos;Com Vítimas Feridas;Pleno dia;Crescente;Céu Claro;Dupla;Reta;Não;2;0;0;1;0;1;1;2;-7,1196317;-34,8452698;SPRF-PB;DEL01-PB;UOP01-DEL01-PB
703371;08/07/2025;terça-feira;13:04:00;SC;280;31;ARAQUARI;Acessar a via sem observar a presença dos outros veículos;Colisão transversal;Com Vítimas Feridas;Pleno dia;Crescente;Céu Claro;Simples;Reta;Sim;2;0;1;0;1;0;1;2;-26,413225;-48,758316;SPRF-SC;DEL03-SC;UOP03-DEL03-SC
703373;08/07/2025;terça-feira;13:30:00;SC;101;200,8;SAO JOSE;Condutor deixou de manter distância do veículo da frente;Colisão traseira;Com Vítimas Feridas;Pleno dia;Crescente;Céu Claro;Dupla;Reta;Sim;2;0;1;0;1;0;1;2;-27,54636639;-48,6199522;SPRF-SC;DEL01-SC;UOP01-DEL01-SC
703374;23/06/2025;segunda-feira;17:15:00;RJ;40;58;PETROPOLIS;Acessar a via sem observar a presença dos outros veículos;Colisão transversal;Com Vítimas Feridas;Plena Noite;Crescente;Céu Claro;Simples;Reta;Sim;2;0;0;1;1;0;1;2;-22,3789904;-43,1322745;SPRF-RJ;DEL05-RJ;UOP02-DEL05-RJ
703375;04/07/2025;sexta-feira;18:15:00;SC;116;218,1;CORREIA PINTO;Acessar a via sem observar a presença dos outros veículos;Colisão transversal;Com Vítimas Feridas;Anoitecer;Crescente;Nublado;Simples;Reta;Sim;5;0;3;0;2;0;3;2;-27,56407739;-50,37522197;SPRF-SC;DEL05-SC;UOP03-DEL05-SC
703376;08/07/2025;terça-feira;12:30:00;PR;158;380;MARQUINHO;Acessar a via sem observar a presença dos outros veículos;Colisão transversal;Com Vítimas Feridas;Pleno dia;Decrescente;Céu Claro;Múltipla;"Curva;Aclive";Não;4;0;3;0;1;0;3;2;-25,203924;-52,271731;SPRF-PR;DEL04-PR;UOP02-DEL04-PR
703377;08/07/2025;terça-feira;08:50:00;PI;343;341,4;TERESINA;Pista Escorregadia;Tombamento;Com Vítimas Feridas;Pleno dia;Decrescente;Céu Claro;Simples;Rotatória;Sim;1;0;0;1;0;0;1;1;-5,078437;-42,749488;SPRF-PI;DEL01-PI;UOP01-DEL01-PI
703379;08/07/2025;terça-feira;13:10:00;RJ;116;324;ITATIAIA;Reação tardia ou ineficiente do condutor;Tombamento;Com Vítimas Feridas;Pleno dia;Decrescente;Céu Claro;Múltipla;Reta;Não;1;0;1;0;0;0;1;1;-22,49512645;-44,56957553;SPRF-RJ;DEL07-RJ;UOP02-DEL07-RJ
703381;08/07/2025;terça-feira;12:50:00;MA;135;48,9;SAO LUIS;Condutor deixou de manter distância do veículo da frente;Colisão traseira;Com Vítimas Feridas;Pleno dia;Decrescente;Chuva;Dupla;Reta;Sim;3;0;1;0;2;0;1;2;-2,6880002;-44,2998501;SPRF-MA;DEL01-MA;UOP01-DEL01-MA