id;data_inversa;dia_semana;horario;uf;br;km;municipio;causa_acidente;tipo_acidente;classificacao_acidente;fase_dia;sentido_via;condicao_metereologica;tipo_pista;tracado_via;uso_solo;pessoas;mortos;feridos_leves;feridos_graves;ilesos;ignorados;feridos;veiculos;latitude;longitude;regional;delegacia;uop
703382;08/07/2025;terça-feira;13:30:00;BA;116;457,5;SANTO ESTEVAO;Pista esburacada;Tombamento;Com Vítimas Feridas;Pleno dia;Crescente;Nublado;Dupla;Reta;Não;2;0;1;0;0;1;1;2;-12,4305535;-39,2138149;SPRF-BA;DEL02-BA;UOP01-DEL02-BA
703384;08/07/2025;terça-feira;19:58:00;SP;116;231;GUARULHOS;Acessar a via sem observar a presença dos outros veículos;Colisão lateral mesmo sentido;Com Vítimas Feridas;Plena Noite;Crescente;Céu Claro;Múltipla;Reta;Sim;3;0;1;0;2;0;1;3;-23,49659264;-46,55648754;SPRF-SP;DEL01-SP;UOP01-DEL01-SP
703385;08/07/2025;terça-feira;12:35:00;RJ;393;235;VASSOURAS;Acessar a via sem observar a presença dos outros veículos;Colisão transversal;Com Vítimas Feridas;Pleno dia;Crescente;Sol;Simples;Interseção de Vias;Sim;3;0;2;0;0;1;2;2;-22,41034069;-43,67183158;SPRF-RJ;DEL05-RJ;UOP03-DEL05-RJ
703387;08/07/2025;terça-feira;14:30:00;RJ;116;176;SAO JOAO DE MERITI;Condutor deixou de manter distância do veículo da frente;Colisão traseira;Com Vítimas Feridas;Pleno dia;Crescente;Sol;Múltipla;Reta;Não;3;0;1;1;1;0;2;2;-22,78408966;-43,38116733;SPRF-RJ;DEL06-RJ;UOP01-DEL06-RJ
703391;27/05/2025;terça-feira;10:00:00;GO;40;6;VALPARAISO DE GOIAS;Ausência de reação do condutor;Engavetamento;Com Vítimas Feridas;Pleno dia;Decrescente;Céu Claro;Dupla;Reta;Sim;4;0;1;0;3;0;1;3;-16,09895285;-47,97857834;SPRF-DF;DEL01-DF;UOP01-DEL01-DF
703394;08/07/2025;terça-feira;14:15:00;PR;376;176,1;MARINGA;Manobra de mudança de faixa;Colisão lateral mesmo sentido;Com Vítimas Feridas;Pleno dia;Crescente;Céu Claro;Dupla;Reta;Sim;4;0;1;0;2;1;1;4;-23,41127624;-51,93981735;SPRF-PR;DEL09-PR;UOP01-DEL09-PR
703395;08/07/2025;terça-feira;14:20:00;SC;101;234,4;PALHOCA;Velocidade Incompatível;Colisão traseira;Com Vítimas Feridas;Pleno dia;Crescente;Céu Claro;Múltipla;"Reta;Declive";Não;2;0;1;0;1;0;1;2;-27,80641477;-48,63870017;SPRF-SC;DEL01-SC;UOP02-DEL01-SC
703396;08/07/2025;terça-feira;14:35:00;SP;381;30;ATIBAIA;Velocidade Incompatível;Capotamento;Com Vítimas Feridas;Pleno dia;Decrescente;Céu Claro;Dupla;Reta;Não;2;0;2;0;0;0;2;1;-23,04774642;-46,56373549;SPRF-SP;DEL03-SP;UOP02-DEL03-SP
703397;01/06/2025;domingo;15:30:00;MG;381;0;BETIM;Velocidade Incompatível;Colisão traseira;Com Vítimas Feridas;Pleno dia;Decrescente;Céu Claro;Dupla;"Reta;Aclive";Sim;3;0;1;0;2;0;1;2;-19,99646103;-44,20917619;SPRF-MG;DEL01-MG;UOP03-DEL01-MG
703398;08/07/2025;terça-feira;15:00:00;BA;135;148;RIACHAO DAS NEVES;Reação tardia ou ineficiente do condutor;Colisão com objeto;Com Vítimas Fatais;Pleno dia;Decrescente;Céu Claro;Simples;Reta;Não;3;1;1;1;0;0;2;1;-11,943074;-44,901306;SPRF-BA;DEL10-BA;UOP01-DEL10-BA
703399;08/07/2025;terça-feira;15:00:00;PI;343;23;PARNAIBA;Condutor deixou de manter distância do veículo da frente;Tombamento;Com Vítimas Feridas;Pleno dia;Crescente;Céu Claro;Simples;Reta;Não;3;0;0;1;2;0;1;3;-3,01507817;-41,76867096;SPRF-PI;DEL05-PI;UOP01-DEL05-PI
703400;08/07/2025;terça-feira;13:50:00;MG;40;622,6;CONSELHEIRO LAFAIETE;Avarias e/ou desgaste excessivo no pneu;Saída de leito carroçável;Sem Vítimas;Pleno dia;Decrescente;Sol;Simples;Curva;Sim;2;0;0;0;2;0;0;1;-20,60347418;-43,80753838;SPRF-MG;DEL05-MG;UOP02-DEL05-MG
703402;05/07/2025;sábado;19:55:00;MS;262;758,8;LADARIO;Acessar a via sem observar a presença dos outros veículos;Atropelamento de Pedestre;Com Vítimas Feridas;Plena Noite;Decrescente;Céu Claro;Simples;Reta;Não;2;0;1;0;0;1;1;2;-19,154189;-57,630749;SPRF-MS;DEL03-MS;UOP03-DEL03-MS
703403;08/07/2025;terça-feira;14:00:00;SC;280;25,9;ARAQUARI;Transitar na contramão;Colisão transversal;Com Vítimas Feridas;Pleno dia;Decrescente;Céu Claro;Simples;Reta;Não;3;0;1;1;1;0;2;2;-26,388852;-48,73311;SPRF-SC;DEL03-SC;UOP03-DEL03-SC
703404;08/07/2025;terça-feira;13:15:00;MG;262;433,6;NOVA SERRANA;Objeto estático sobre o leito carroçável;Saída de leito carroçável;Com Vítimas Feridas;Pleno dia;Crescente;Céu Claro;Dupla;Reta;Não;1;0;1;0;0;0;1;1;-19,88213;-44,93154;SPRF-MG;DEL08-MG;UOP03-DEL08-MG
703405;08/07/2025;terça-feira;15:25:00;PB;230;23,3;JOAO PESSOA;Ausência de reação do condutor;Colisão traseira;Com Vítimas Feridas;Pleno dia;Decrescente;Céu Claro;Dupla;Reta;Sim;2;0;1;1;0;0;2;2;-7,162526;-34,840205;SPRF-PB;DEL01-PB;UOP01-DEL01-PB
703406;08/07/2025;terça-feira;12:25:00;SC;101;400,2;MARACAJA;Desrespeitar a preferência no cruzamento;Colisão transversal;Sem Vítimas;Pleno dia;Decrescente;Céu Claro;Múltipla;"Interseção de Vias;Viaduto";Sim;2;0;0;0;2;0;0;2;-28,86622805;-49,44804065;SPRF-SC;DEL02-SC;UOP02-DEL02-SC
703407;08/07/2025;terça-feira;15:30:00;SP;381;84;SAO PAULO;Demais falhas na via;Colisão traseira;Sem Vítimas;Pleno dia;Crescente;Céu Claro;Múltipla;"Reta;Interseção de Vias";Sim;2;0;0;0;2;0;0;2;-23,436507;-46,568307;SPRF-SP;DEL03-SP;UOP01-DEL03-SP
703409;08/07/2025;terça-feira;15:00:00;MS;163;8,7;MUNDO NOVO;Ausência de reação do condutor;Saída de leito carroçável;Com Vítimas Feridas;Pleno dia;Crescente;Céu Claro;Simples;Reta;Não;2;0;1;0;1;0;1;1;-23,990842;-54,331177;SPRF-MS;DEL09-MS;UOP02-DEL09-MS
703411;08/07/2025;terça-feira;16:30:00;RS;392;665,7;CERRO LARGO;Reação tardia ou ineficiente do condutor;Saída de leito carroçável;Com Vítimas Feridas;Pleno dia;Crescente;Céu Claro;Simples;Curva;Não;2;0;2;0;0;0;2;1;-28,121028;-54,771056;SPRF-RS;DEL10-RS;UOP01-DEL10-RS
703412;08/07/2025;terça-feira;15:00:00;RJ;465;8,1;SEROPEDICA;Conversão proibida;Colisão transversal;Com Vítimas Feridas;Pleno dia;Crescente;Céu Claro;Simples;Reta;Sim;3;0;1;0;1;1;1;3;-22,765506;-43,681662;SPRF-RJ;DEL06-RJ;UOP02-DEL06-RJ
703413;08/07/2025;terça-feira;13:05:00;SC;101;271;PAULO LOPES;Ausência de reação do condutor;Saída de leito carroçável;Com Vítimas Feridas;Pleno dia;Crescente;Sol;Dupla;Reta;Não;1;0;1;0;0;0;1;1;-28,082176;-48,709632;SPRF-SC;DEL02-SC;UOP03-DEL02-SC
703416;08/07/2025;terça-feira;16:30:00;SC;280;24;ARAQUARI;Acessar a via sem observar a presença dos outros veículos;Colisão transversal;Com Vítimas Feridas;Pleno dia;Decrescente;Céu Claro;Simples;Reta;Sim;2;0;1;0;1;0;1;2;-26,375405;-48,717472;SPRF-SC;DEL03-SC;UOP03-DEL03-SC
703418;08/07/2025;terça-feira;16:15:00;PR;376;4,1;MANDAGUARI;Retorno proibido;Colisão transversal;Com Vítimas Feridas;Pleno dia;Decrescente;Céu Claro;Simples;Reta;Sim;3;0;2;0;1;0;2;2;-23,51790531;-51,6813725;SPRF-PR;DEL09-PR;UOP01-DEL09-PR
703421;08/07/2025;terça-feira;17:15:00;RN;101;105,8;PARNAMIRIM;Frear bruscamente;Colisão traseira;Sem Vítimas;Anoitecer;Crescente;Nublado;Múltipla;Viaduto;Sim;3;0;0;0;3;0;0;2;-5,90522707;-35,26044756;SPRF-RN;DEL01-RN;UOP01-DEL01-RN
703422;08/07/2025;terça-feira;14:50:00;TO;0;0;ARAGUAINA;Transitar na contramão;Colisão lateral mesmo sentido;Sem Vítimas;Pleno dia;Não Informado;Céu Claro;Dupla;Reta;Sim;3;0;0;0;3;0;0;2;-7,20783648;-48,23357373;SPRF-TO;DEL02-TO;UOP01-DEL02-TO
703423;08/07/2025;terça-feira;16:00:00;PE;232;410;SERRA TALHADA;Acumulo de areia ou detritos sobre o pavimento;Tombamento;Com Vítimas Feridas;Pleno dia;Decrescente;Nublado;Simples;"Reta;Ponte";Não;2;0;0;1;1;0;1;1;-7,98251726;-38,29688609;SPRF-PE;DEL04-PE;UOP01-DEL04-PE
703425;08/07/2025;terça-feira;17:10:00;SC;470;141;RIO DO SUL;Objeto estático sobre o leito carroçável;Colisão com objeto;Com Vítimas Feridas;Pleno dia;Crescente;Sol;Simples;Reta;Não;2;0;2;0;0;0;2;1;-27,21128704;-49,65161416;SPRF-SC;DEL04-SC;UOP02-DEL04-SC
703427;08/07/2025;terça-feira;17:30:00;PB;101;89,8;JOAO PESSOA;Condutor deixou de manter distância do veículo da frente;Colisão transversal;Com Vítimas Feridas;Anoitecer;Decrescente;Céu Claro;Dupla;Retorno Regulamentado;Sim;3;0;2;0;1;0;2;2;-7,17796718;-34,8996377;SPRF-PB;DEL01-PB;UOP01-DEL01-PB
703428;20/06/2025;sexta-feira;19:50:00;MG;381;484,5;BETIM;Ausência de reação do condutor;Colisão traseira;Com Vítimas Feridas;Plena Noite;Crescente;Céu Claro;Dupla;"Reta;Declive";Não;3;0;2;0;1;0;2;2;-19,95872913;-44,09108446;SPRF-MG;DEL01-MG;UOP03-DEL01-MG
703429;08/07/2025;terça-feira;17:30:00;PB;230;20,7;JOAO PESSOA;Reação tardia ou ineficiente do condutor;Tombamento;Com Vítimas Feridas;Anoitecer;Decrescente;Céu Claro;Dupla;Reta;Sim;2;0;2;0;0;0;2;1;-7,14184566;-34,85191852;SPRF-PB;DEL01-PB;UOP01-DEL01-PB
703430;08/07/2025;terça-feira;17:40:00;SC;101;205;SAO JOSE;Condutor deixou de manter distância do veículo da frente;Colisão transversal;Sem Vítimas;Anoitecer;Crescente;Céu Claro;Dupla;"Curva;Interseção de Vias";Sim;2;0;0;0;1;1;0;2;-27,58355;-48,615502;SPRF-SC;DEL01-SC;UOP01-DEL01-SC
703431;08/07/2025;terça-feira;18:10:00;SC;282;15,6;PALHOCA;Acessar a via sem observar a presença dos outros veículos;Colisão transversal;Com Vítimas Feridas;Plena Noite;Crescente;Céu Claro;Simples;Interseção de Vias;Não;2;0;1;1;0;0;2;2;-27,655477;-48,679578;SPRF-SC;DEL01-SC;UOP02-DEL01-SC
703434;08/07/2025;terça-feira;18:00:00;PR;0;0;SANTA TEREZINHA DE ITAIPU;Reação tardia ou ineficiente do condutor;Colisão traseira;Sem Vítimas;Anoitecer;Não Informado;Céu Claro;Dupla;Reta;Sim;3;0;0;0;3;0;0;2;-25,44616607;-54,4044563;SPRF-PR;DEL05-PR;UOP01-DEL05-PR
703436;08/07/2025;terça-feira;12:00:00;SC;282;230;LAGES;Animais na Pista;Atropelamento de Animal;Sem Vítimas;Pleno dia;Crescente;Nublado;Simples;Reta;Não;1;0;0;0;1;0;0;1;-27,7882034;-50,4290071;SPRF-SC;DEL05-SC;UOP02-DEL05-SC
703438;08/07/2025;terça-feira;18:00:00;PR;163;352;GUAIRA;Condutor deixou de manter distância do veículo da frente;Colisão traseira;Com Vítimas Feridas;Anoitecer;Decrescente;Céu Claro;Simples;Reta;Não;6;0;1;0;5;0;1;3;-24,06715515;-54,25254822;SPRF-PR;DEL06-PR;UOP01-DEL06-PR
703439;08/07/2025;terça-feira;18:30:00;SC;153;94,3;CONCORDIA;Acesso irregular;Colisão frontal;Com Vítimas Feridas;Plena Noite;Crescente;Céu Claro;Simples;Curva;Não;2;0;1;0;1;0;1;2;-27,20341;-51,94869;SPRF-SC;DEL07-SC;UOP04-DEL07-SC
703440;08/07/2025;terça-feira;17:40:00;PR;376;602,1;CURITIBA;Trafegar com motocicleta (ou similar) entre as faixas;Colisão traseira;Com Vítimas Feridas;Anoitecer;Crescente;Céu Claro;Dupla;Viaduto;Sim;2;0;1;0;1;0;1;2;-25,51624;-49,336521;SPRF-PR;DEL01-PR;UOP03-DEL01-PR
703441;08/07/2025;terça-feira;17:20:00;PR;277;134;BALSA NOVA;Acessar a via sem observar a presença dos outros veículos;Saída de leito carroçável;Sem Vítimas;Pleno dia;Decrescente;Céu Claro;Simples;"Declive;Reta";Não;2;0;0;0;2;0;0;1;-25,470181;-49,606634;SPRF-PR;DEL03-PR;UOP03-DEL03-PR
703442;08/07/2025;terça-feira;19:05:00;PE;101;51,2;ABREU E LIMA;Reação tardia ou ineficiente do condutor;Tombamento;Com Vítimas Feridas;Plena Noite;Decrescente;Céu Claro;Múltipla;Reta;Não;1;0;1;0;0;0;1;1;-7,9173597;-34,896298;SPRF-PE;DEL01-PE;UOP02-DEL01-PE
703443;08/07/2025;terça-feira;18:50:00;SC;101;333;TUBARAO;Reação tardia ou ineficiente do condutor;Queda de ocupante de veículo;Com Vítimas Feridas;Plena Noite;Decrescente;Céu Claro;Dupla;Reta;Sim;3;0;1;0;2;0;1;2;-28,46766046;-49,00509445;SPRF-SC;DEL02-SC;UOP01-DEL02-SC
703445;08/07/2025;terça-feira;18:30:00;PR;277;725,5;FOZ DO IGUACU;Entrada inopinada do pedestre;Atropelamento de Pedestre;Com Vítimas Feridas;Anoitecer;Decrescente;Céu Claro;Dupla;Reta;Sim;3;0;2;1;0;0;3;2;-25,5095307;-54,5959824;SPRF-PR;DEL05-PR;UOP03-DEL05-PR
703447;08/07/2025;terça-feira;18:30:00;RS;116;517;PELOTAS;Acessar a via sem observar a presença dos outros veículos;Colisão transversal;Com Vítimas Feridas;Plena Noite;Decrescente;Nublado;Múltipla;Viaduto;Sim;3;0;1;0;2;0;1;2;-31,6789036;-52,3414572;SPRF-RS;DEL07-RS;UOP01-DEL07-RS
703448;08/07/2025;terça-feira;18:16:00;MA;135;6;SAO LUIS;Entrada inopinada do pedestre;Atropelamento de Pedestre;Sem Vítimas;Plena Noite;Decrescente;Céu Claro;Dupla;Declive;Sim;2;0;0;0;1;1;0;2;-2,634668;-44,267305;SPRF-MA;DEL01-MA;UOP01-DEL01-MA
703451;08/07/2025;terça-feira;19:00:00;RJ;393;272;BARRA DO PIRAI;Ingestão de álcool pelo condutor;Tombamento;Com Vítimas Feridas;Plena Noite;Decrescente;Céu Claro;Simples;Reta;Não;1;0;1;0;0;0;1;1;-22,4815493;-43,9757628;SPRF-RJ;DEL05-RJ;UOP04-DEL05-RJ
703452;08/07/2025;terça-feira;17:30:00;RO;364;710;PORTO VELHO;Acessar a via sem observar a presença dos outros veículos;Colisão lateral mesmo sentido;Com Vítimas Feridas;Anoitecer;Decrescente;Céu Claro;Dupla;"Reta;Interseção de Vias";Sim;2;0;1;0;1;0;1;2;-8,784479;-63,860666;SPRF-RO;DEL01-RO;UOP01-DEL01-RO
703454;08/07/2025;terça-feira;20:00:00;RS;386;427;MONTENEGRO;Demais falhas mecânicas ou elétricas;Tombamento;Com Vítimas Feridas;Pleno dia;Decrescente;Céu Claro;Dupla;"Reta;Viaduto";Não;2;0;2;0;0;0;2;1;-29,8224123;-51,35092042;SPRF-RS;DEL04-RS;UOP02-DEL04-RS
703455;08/07/2025;terça-feira;19:15:00;GO;153;401;PIRENOPOLIS;Acessar a via sem observar a presença dos outros veículos;Colisão transversal;Com Vítimas Feridas;Plena Noite;Decrescente;Céu Claro;Simples;Interseção de Vias;Não;3;0;1;0;1;1;1;3;-16,047906;-49,074382;SPRF-GO;DEL02-GO;UOP02-DEL02-GO
703456;09/05/2025;sexta-feira;19:50:00;ES;101;126;SOORETAMA;Ausência de reação do condutor;Queda de ocupante de veículo;Com Vítimas Feridas;Plena Noite;Crescente;Céu Claro;Simples;Reta;Sim;1;0;0;1;0;0;1;1;-19,201095;-40,095748;SPRF-ES;DEL04-ES;UOP01-DEL04-ES
703457;08/07/2025;terça-feira;17:40:00;SC;116;250;LAGES;Suicídio (presumido);Colisão com objeto;Com Vítimas Feridas;Pleno dia;Decrescente;Nublado;Simples;Curva;Não;1;0;1;0;0;0;1;1;-27,8484869;-50,37991047;SPRF-SC;DEL05-SC;UOP02-DEL05-SC
703458;08/07/2025;terça-feira;18:20:00;MG;116;699,9;MURIAE;Ingestão de álcool pelo condutor;Tombamento;Com Vítimas Feridas;Plena Noite;Crescente;Céu Claro;Simples;Reta;Sim;1;0;0;1;0;0;1;1;-21,10134141;-42,37768153;SPRF-MG;DEL07-MG;UOP02-DEL07-MG
703459;08/07/2025;terça-feira;18:50:00;RJ;116;138;MAGE;Acessar a via sem observar a presença dos outros veículos;Colisão lateral mesmo sentido;Com Vítimas Feridas;Plena Noite;Decrescente;Nublado;Dupla;"Reta;Desvio Temporário";Não;2;0;1;0;1;0;1;2;-22,64668094;-43,19489991;SPRF-RJ;DEL04-RJ;UOP02-DEL04-RJ
703461;08/07/2025;terça-feira;18:44:00;RJ;40;111;DUQUE DE CAXIAS;Reação tardia ou ineficiente do condutor;Colisão traseira;Com Vítimas Feridas;Plena Noite;Crescente;Céu Claro;Múltipla;Reta;Sim;4;0;1;0;3;0;1;2;-22,69393241;-43,28837514;SPRF-RJ;DEL01-RJ;UOP02-DEL01-RJ
703462;09/05/2025;sexta-feira;18:30:00;ES;101;151;LINHARES;Acessar a via sem observar a presença dos outros veículos;Colisão transversal;Com Vítimas Feridas;Anoitecer;Decrescente;Céu Claro;Simples;Curva;Não;3;0;0;2;1;0;2;2;-19,41701;-40,068199;SPRF-ES;DEL04-ES;UOP01-DEL04-ES
703463;08/07/2025;terça-feira;20:40:00;SP;116;222;GUARULHOS;Sinalização mal posicionada;Colisão com objeto;Com Vítimas Feridas;Plena Noite;Decrescente;Céu Claro;Múltipla;"Reta;Em Obras;Desvio Temporário";Sim;1;0;0;1;0;0;1;1;-23,47630074;-46,52602136;SPRF-SP;DEL01-SP;UOP01-DEL01-SP
703464;08/07/2025;terça-feira;17:14:00;MT;163;119;RONDONOPOLIS;Reação tardia ou ineficiente do condutor;Colisão lateral mesmo sentido;Com Vítimas Feridas;Anoitecer;Crescente;Céu Claro;Dupla;Curva;Sim;2;0;1;0;1;0;1;2;-16,492152;-54,646817;SPRF-MT;DEL02-MT;UOP01-DEL02-MT
703466;08/07/2025;terça-feira;21:10:00;PR;116;148;MANDIRITUBA;Ausência de reação do condutor;Saída de leito carroçável;Com Vítimas Feridas;Plena Noite;Crescente;Nevoeiro/Neblina;Simples;Curva;Não;1;0;1;0;0;0;1;1;-25,83160472;-49,3355535;SPRF-PR;DEL01-PR;UOP03-DEL01-PR
703467;08/07/2025;terça-feira;18:00:00;RN;427;58,4;JARDIM DO SERIDO;Condutor deixou de manter distância do veículo da frente;Colisão traseira;Com Vítimas Feridas;Plena Noite;Decrescente;Céu Claro;Simples;Reta;Não;2;0;0;1;1;0;1;2;-6,59238072;-36,80070878;SPRF-RN;DEL03-RN;UOP01-DEL03-RN
703468;08/07/2025;terça-feira;21:15:00;SC;101;205,3;SAO JOSE;Reação tardia ou ineficiente do condutor;Tombamento;Com Vítimas Feridas;Plena Noite;Crescente;Nublado;Múltipla;Curva;Sim;1;0;1;0;0;0;1;1;-27,5880236;-48,61793518;SPRF-SC;DEL01-SC;UOP01-DEL01-SC
703469;08/07/2025;terça-feira;19:15:00;MA;316;397,9;ALTO ALEGRE DO MARANHAO;Iluminação deficiente;Tombamento;Com Vítimas Fatais;Plena Noite;Crescente;Nublado;Simples;Reta;Não;1;1;0;0;0;0;0;1;-4,194647;-44,475333;SPRF-MA;DEL03-MA;UOP01-DEL03-MA
703470;15/04/2025;terça-feira;19:15:00;GO;70;2;AGUAS LINDAS DE GOIAS;Iluminação deficiente;Atropelamento de Pedestre;Com Vítimas Feridas;Plena Noite;Crescente;Céu Claro;Dupla;"Curva;Aclive";Sim;2;0;0;1;1;0;1;2;-15,7626;-48,23381;SPRF-DF;DEL03-DF;UOP02-DEL03-DF
703471;08/07/2025;terça-feira;21:30:00;PE;101;67;RECIFE;Demais falhas mecânicas ou elétricas;Queda de ocupante de veículo;Com Vítimas Feridas;Plena Noite;Crescente;Nublado;Múltipla;Reta;Sim;2;0;2;0;0;0;2;1;-8,047742;-34,945375;SPRF-PE;DEL01-PE;UOP01-DEL01-PE
703472;08/07/2025;terça-feira;18:40:00;GO;60;341;SANTO ANTONIO DA BARRA;Mal súbito do condutor;Saída de leito carroçável;Com Vítimas Feridas;Anoitecer;Crescente;Céu Claro;Dupla;Reta;Sim;2;0;1;0;1;0;1;1;-17,561968;-50,636523;SPRF-GO;DEL04-GO;UOP02-DEL04-GO
703473;08/07/2025;terça-feira;20:45:00;MG;40;622,9;CONGONHAS;Ausência de reação do condutor;Saída de leito carroçável;Com Vítimas Feridas;Plena Noite;Crescente;Céu Claro;Simples;Curva;Não;1;0;1;0;0;0;1;1;-20,58885873;-43,80614554;SPRF-MG;DEL05-MG;UOP02-DEL05-MG
703476;08/07/2025;terça-feira;17:20:00;SC;280;52,6;GUARAMIRIM;Acessar a via sem observar a presença dos outros veículos;Colisão transversal;Com Vítimas Feridas;Anoitecer;Decrescente;Céu Claro;Simples;"Interseção de Vias;Reta;Rotatória";Não;3;0;2;0;1;0;2;2;-26,471472;-48,971027;SPRF-SC;DEL03-SC;UOP03-DEL03-SC
703478;08/07/2025;terça-feira;18:20:00;RJ;101;571;PARATY;Pedestre andava na pista;Atropelamento de Pedestre;Com Vítimas Feridas;Plena Noite;Decrescente;Céu Claro;Simples;Curva;Não;2;0;0;1;1;0;1;2;-23,18627177;-44,72460687;SPRF-RJ;DEL03-RJ;UOP04-DEL03-RJ
703479;08/07/2025;terça-feira;22:00:00;AP;210;1;MACAPA;Afundamento ou ondulação no pavimento;Colisão frontal;Com Vítimas Feridas;Plena Noite;Decrescente;Céu Claro;Simples;Reta;Sim;3;0;0;2;0;1;2;3;0,08021462;-51,07418988;SPRF-AP;DEL01-AP;UOP01-DEL01-AP
703480;08/07/2025;terça-feira;22:10:00;DF;70;16;BRASILIA;Ausência de reação do condutor;Colisão com objeto;Com Vítimas Feridas;Plena Noite;Crescente;Céu Claro;Dupla;Rotatória;Sim;1;0;1;0;0;0;1;1;-15,79543;-48,196853;SPRF-DF;DEL03-DF;UOP02-DEL03-DF
703484;08/07/2025;terça-feira;19:10:00;RJ;40;110;DUQUE DE CAXIAS;Reação tardia ou ineficiente do condutor;Colisão traseira;Com Vítimas Feridas;Plena Noite;Crescente;Céu Claro;Múltipla;Reta;Sim;4;0;2;0;1;1;2;3;-22,68981175;-43,28705294;SPRF-RJ;DEL01-RJ;UOP02-DEL01-RJ
703485;04/07/2025;sexta-feira;17:46:00;RO;364;341;JI-PARANA;Velocidade Incompatível;Colisão traseira;Com Vítimas Feridas;Anoitecer;Decrescente;Céu Claro;Dupla;Reta;Sim;2;0;1;0;1;0;1;2;-10,88236516;-61,939888;SPRF-RO;DEL02-RO;UOP01-DEL02-RO
703487;08/07/2025;terça-feira;20:00:00;BA;110;220;NOVA SOURE;Acessar a via sem observar a presença dos outros veículos;Colisão transversal;Com Vítimas Feridas;Plena Noite;Crescente;Céu Claro;Simples;Interseção de Vias;Sim;2;0;1;0;1;0;1;2;-11,24323518;-38,47618673;SPRF-BA;DEL07-BA;UOP02-DEL07-BA
703488;08/07/2025;terça-feira;22:58:00;RS;448;0,6;ESTEIO;Reação tardia ou ineficiente do condutor;Tombamento;Com Vítimas Feridas;Plena Noite;Decrescente;Céu Claro;Dupla;Curva;Sim;2;0;1;0;1;0;1;1;-29,830751;-51,17607;SPRF-RS;DEL01-RS;UOP02-DEL01-RS
703490;08/07/2025;terça-feira;22:30:00;RJ;101;407,5;ITAGUAI;Ausência de reação do condutor;Colisão traseira;Com Vítimas Feridas;Plena Noite;Decrescente;Céu Claro;Dupla;Reta;Não;2;0;2;0;0;0;2;2;-22,884295;-43,83090941;SPRF-RJ;DEL03-RJ;UOP01-DEL03-RJ
703491;08/07/2025;terça-feira;21:20:00;PI;316;334,2;GEMINIANO;Animais na Pista;Atropelamento de Animal;Com Vítimas Feridas;Plena Noite;Decrescente;Céu Claro;Simples;Reta;Não;1;0;1;0;0;0;1;1;-7,107842;-41,261108;SPRF-PI;DEL04-PI;UOP01-DEL04-PI
703493;08/07/2025;terça-feira;22:10:00;RJ;116;321,2;ITATIAIA;Objeto estático sobre o leito carroçável;Colisão com objeto;Com Vítimas Feridas;Plena Noite;Decrescente;Céu Claro;Simples;Reta;Não;1;0;1;0;0;0;1;1;-22,48466202;-44,54543464;SPRF-RJ;DEL07-RJ;UOP02-DEL07-RJ
703494;08/07/2025;terça-feira;23:40:00;SC;470;134;RIO DO SUL;Reação tardia ou ineficiente do condutor;Saída de leito carroçável;Com Vítimas Feridas;Plena Noite;Crescente;Céu Claro;Simples;Rotatória;Não;2;0;0;1;1;0;1;1;-27,1892558;-49,61825562;SPRF-SC;DEL04-SC;UOP02-DEL04-SC
703495;08/07/2025;terça-feira;22:40:00;BA;110;13,2;PAULO AFONSO;Animais na Pista;Atropelamento de Animal;Com Vítimas Feridas;Plena Noite;Crescente;Nublado;Simples;Reta;Não;1;0;0;1;0;0;1;1;-9,532515;-38,22104;SPRF-BA;DEL07-BA;UOP01-DEL07-BA
703497;07/07/2025;segunda-feira;12:00:00;MG;381;288;ANTONIO DIAS;Reação tardia ou ineficiente do condutor;Colisão traseira;Com Vítimas Feridas;Pleno dia;Crescente;Nublado;Dupla;Reta;Não;1;0;0;1;0;0;1;1;-19,63934838;-42,82228142;SPRF-MG;DEL03-MG;UOP02-DEL03-MG
703501;09/07/2025;quarta-feira;00:30:00;MG;262;365;JUATUBA;Reação tardia ou ineficiente do condutor;Colisão traseira;Sem Vítimas;Plena Noite;Decrescente;Nublado;Dupla;Reta;Não;2;0;0;0;2;0;0;2;-19,9717904;-44,28472845;SPRF-MG;DEL01-MG;UOP03-DEL01-MG
703502;08/07/2025;terça-feira;23:45:00;SP;153;30;NOVA GRANADA;Velocidade Incompatível;Saída de leito carroçável;Sem Vítimas;Plena Noite;Decrescente;Céu Claro;Simples;Rotatória;Sim;1;0;0;0;0;1;0;1;-20,54123752;-49,33037975;SPRF-SP;DEL09-SP;UOP01-DEL09-SP
703503;09/07/2025;quarta-feira;01:00:00;DF;70;19;BRASILIA;Ausência de reação do condutor;Saída de leito carroçável;Sem Vítimas;Plena Noite;Crescente;Céu Claro;Dupla;Reta;Não;1;0;0;0;0;1;0;1;-15,78512642;-48,23116064;SPRF-DF;DEL03-DF;UOP02-DEL03-DF