id;data_inversa;dia_semana;horario;uf;br;km;municipio;causa_acidente;tipo_acidente;classificacao_acidente;fase_dia;sentido_via;condicao_metereologica;tipo_pista;tracado_via;uso_solo;pessoas;mortos;feridos_leves;feridos_graves;ilesos;ignorados;feridos;veiculos;latitude;longitude;regional;delegacia;uop
703504;09/07/2025;quarta-feira;01:30:00;SP;153;107,3;JOSE BONIFACIO;Ausência de reação do condutor;Tombamento;Com Vítimas Feridas;Plena Noite;Crescente;Céu Claro;Simples;Reta;Sim;1;0;0;1;0;0;1;1;-21,066375;-49,663801;SPRF-SP;DEL09-SP;UOP01-DEL09-SP
703509;09/07/2025;quarta-feira;05:50:00;GO;153;357;JARAGUA;Acessar a via sem observar a presença dos outros veículos;Colisão transversal;Com Vítimas Feridas;Amanhecer;Decrescente;Céu Claro;Simples;"Interseção de Vias;Reta";Sim;3;0;0;1;2;0;1;2;-15,735645;-49,323022;SPRF-GO;DEL02-GO;UOP02-DEL02-GO
703510;09/07/2025;quarta-feira;06:15:00;PI;316;13,5;TERESINA;Condutor deixou de manter distância do veículo da frente;Colisão traseira;Com Vítimas Feridas;Amanhecer;Decrescente;Céu Claro;Múltipla;Reta;Sim;3;0;2;0;1;0;2;2;-5,21676;-42,752998;SPRF-PI;DEL01-PI;UOP02-DEL01-PI
703512;09/07/2025;quarta-feira;03:55:00;MG;262;417,4;IGARATINGA;Condutor Dormindo;Saída de leito carroçável;Com Vítimas Feridas;Plena Noite;Decrescente;Vento;Dupla;Reta;Não;1;0;1;0;0;0;1;1;-19,88745;-44,78924;SPRF-MG;DEL08-MG;UOP03-DEL08-MG
703513;09/07/2025;quarta-feira;05:10:00;SP;116;25;LAVRINHAS;Condutor Dormindo;Colisão traseira;Com Vítimas Feridas;Plena Noite;Decrescente;Céu Claro;Dupla;Reta;Não;1;0;1;0;0;0;1;1;-22,59282797;-44,88627076;SPRF-SP;DEL08-SP;UOP02-DEL08-SP
703514;09/07/2025;quarta-feira;06:45:00;PB;101;89,4;JOAO PESSOA;Acessar a via sem observar a presença dos outros veículos;Colisão transversal;Com Vítimas Feridas;Pleno dia;Crescente;Céu Claro;Múltipla;"Reta;Retorno Regulamentado";Sim;2;0;0;1;0;1;1;2;-7,17796824;-34,89962125;SPRF-PB;DEL01-PB;UOP01-DEL01-PB
703515;09/07/2025;quarta-feira;06:30:00;BA;116;782;PLANALTO;Acessar a via sem observar a presença dos outros veículos;Colisão transversal;Sem Vítimas;Pleno dia;Decrescente;Nublado;Simples;"Retorno Regulamentado;Reta";Não;2;0;0;0;2;0;0;2;-14,68196741;-40,52874181;SPRF-BA;DEL08-BA;UOP02-DEL08-BA
703517;09/07/2025;quarta-feira;07:04:00;ES;101;320,8;GUARAPARI;Manobra de mudança de faixa;Colisão lateral mesmo sentido;Com Vítimas Feridas;Pleno dia;Crescente;Céu Claro;Múltipla;Reta;Não;2;0;0;1;1;0;1;2;-20,518841;-40,4783309;SPRF-ES;DEL03-ES;UOP01-DEL03-ES
703518;31/05/2025;sábado;23:20:00;RS;470;200;BENTO GONCALVES;Ausência de reação do condutor;Colisão com objeto;Com Vítimas Feridas;Plena Noite;Decrescente;Nublado;Simples;"Declive;Curva";Não;1;0;1;0;0;0;1;1;-29,07195845;-51,58277258;SPRF-RS;DEL06-RS;UOP02-DEL06-RS
703519;09/07/2025;quarta-feira;07:30:00;ES;101;440;MIMOSO DO SUL;Transitar no Acostamento;Colisão traseira;Com Vítimas Feridas;Pleno dia;Crescente;Nevoeiro/Neblina;Simples;Curva;Não;2;0;1;0;1;0;1;2;-21,11898171;-41,26993009;SPRF-ES;DEL03-ES;UOP02-DEL03-ES
703521;09/07/2025;quarta-feira;07:15:00;RS;386;437;NOVA SANTA RITA;Transitar na contramão;Colisão frontal;Com Vítimas Feridas;Pleno dia;Crescente;Nublado;Simples;Reta;Sim;2;0;0;1;1;0;1;2;-29,8540013;-51,2647349;SPRF-RS;DEL04-RS;UOP02-DEL04-RS
703522;09/07/2025;quarta-feira;07:25:00;DF;40;7,5;BRASILIA;Manobra de mudança de faixa;Colisão traseira;Com Vítimas Feridas;Pleno dia;Decrescente;Céu Claro;Dupla;Reta;Sim;2;0;0;1;1;0;1;2;-16,038281;-47,979289;SPRF-DF;DEL01-DF;UOP01-DEL01-DF
703523;09/07/2025;quarta-feira;07:20:00;SP;116;146,4;SAO JOSE DOS CAMPOS;Manobra de mudança de faixa;Colisão com objeto;Com Vítimas Feridas;Pleno dia;Crescente;Céu Claro;Múltipla;Reta;Sim;4;0;2;0;2;0;2;2;-23,19220379;-45,8659029;SPRF-SP;DEL02-SP;UOP01-DEL02-SP
703524;08/07/2025;terça-feira;21:10:00;MS;267;572;CARACOL;Ausência de reação do condutor;Saída de leito carroçável;Com Vítimas Feridas;Plena Noite;Crescente;Céu Claro;Simples;Curva;Não;3;0;0;2;1;0;2;1;-21,731829;-56,90098;SPRF-MS;DEL05-MS;UOP01-DEL05-MS
703525;09/07/2025;quarta-feira;07:00:00;PB;230;11,3;CABEDELO;Acesso irregular;Colisão transversal;Com Vítimas Feridas;Amanhecer;Decrescente;Sol;Dupla;"Reta;Em Obras";Sim;2;0;1;0;1;0;1;2;-7,065125;-34,849925;SPRF-PB;DEL01-PB;UOP01-DEL01-PB
703526;09/07/2025;quarta-feira;07:40:00;RS;116;265;CANOAS;Condutor deixou de manter distância do veículo da frente;Colisão traseira;Com Vítimas Feridas;Pleno dia;Crescente;Nublado;Dupla;Reta;Sim;2;0;1;0;1;0;1;2;-29,9214348;-51,1782062;SPRF-RS;DEL01-RS;UOP01-DEL01-RS
703528;09/07/2025;quarta-feira;07:55:00;PR;277;726;FOZ DO IGUACU;Ausência de reação do condutor;Colisão lateral mesmo sentido;Sem Vítimas;Pleno dia;Crescente;Céu Claro;Dupla;"Curva;Interseção de Vias";Sim;2;0;0;0;2;0;0;2;-25,5095907;-54,5958249;SPRF-PR;DEL05-PR;UOP03-DEL05-PR
703530;09/07/2025;quarta-feira;04:30:00;RS;293;414,9;SANTANA DO LIVRAMENTO;Animais na Pista;Atropelamento de Animal;Sem Vítimas;Plena Noite;Crescente;Nevoeiro/Neblina;Simples;Reta;Não;7;0;0;0;7;0;0;1;-30,507669;-56,18869312;SPRF-RS;DEL11-RS;UOP01-DEL11-RS
703531;09/07/2025;quarta-feira;07:50:00;PE;101;69;RECIFE;Ausência de reação do condutor;Queda de ocupante de veículo;Com Vítimas Feridas;Pleno dia;Crescente;Céu Claro;Múltipla;Reta;Sim;2;0;1;0;0;1;1;2;-8,06363;-34,94456;SPRF-PE;DEL01-PE;UOP01-DEL01-PE
703533;09/07/2025;quarta-feira;07:20:00;ES;259;58;COLATINA;Condutor deixou de manter distância do veículo da frente;Colisão traseira;Com Vítimas Feridas;Pleno dia;Decrescente;Nublado;Simples;Reta;Não;2;0;0;1;0;1;1;2;-19,522357;-40,668353;SPRF-ES;DEL02-ES;UOP01-DEL02-ES
703535;09/07/2025;quarta-feira;08:20:00;PR;277;712;SANTA TEREZINHA DE ITAIPU;Avarias e/ou desgaste excessivo no pneu;Tombamento;Com Vítimas Feridas;Pleno dia;Decrescente;Céu Claro;Dupla;"Declive;Reta";Não;2;0;2;0;0;0;2;1;-25,45996543;-54,4309801;SPRF-PR;DEL05-PR;UOP01-DEL05-PR
703538;09/07/2025;quarta-feira;08:20:00;PE;101;74,7;RECIFE;Condutor deixou de manter distância do veículo da frente;Colisão traseira;Com Vítimas Feridas;Pleno dia;Decrescente;Céu Claro;Dupla;Reta;Sim;2;0;1;0;0;1;1;2;-8,10724;-34,94795;SPRF-PE;DEL01-PE;UOP01-DEL01-PE
703539;09/07/2025;quarta-feira;08:30:00;MG;153;33;CENTRALINA;Manobra de mudança de faixa;Saída de leito carroçável;Com Vítimas Feridas;Pleno dia;Crescente;Céu Claro;Dupla;Reta;Sim;2;0;2;0;0;0;2;1;-18,71770502;-49,12775517;SPRF-MG;DEL15-MG;UOP03-DEL15-MG
703540;09/07/2025;quarta-feira;03:00:00;AC;364;134;RIO BRANCO;Demais falhas mecânicas ou elétricas;Incêndio;Sem Vítimas;Pleno dia;Decrescente;Céu Claro;Dupla;Reta;Não;1;0;0;0;0;1;0;1;-9,99276731;-67,8485534;SPRF-AC;DEL01-AC;UOP01-DEL01-AC
703541;09/07/2025;quarta-feira;08:00:00;AL;104;92;RIO LARGO;Condutor deixou de manter distância do veículo da frente;Colisão traseira;Com Vítimas Feridas;Pleno dia;Crescente;Céu Claro;Dupla;Reta;Sim;2;0;1;0;1;0;1;2;-9,49274678;-35,81439972;SPRF-AL;DEL01-AL;UOP01-DEL01-AL
703542;09/07/2025;quarta-feira;08:15:00;RS;153;51,8;ERECHIM;Desrespeitar a preferência no cruzamento;Colisão transversal;Sem Vítimas;Pleno dia;Crescente;Céu Claro;Simples;"Declive;Interseção de Vias;Viaduto;Reta";Não;2;0;0;0;2;0;0;2;-27,66220504;-52,28649978;SPRF-RS;DEL08-RS;UOP04-DEL08-RS
703543;09/07/2025;quarta-feira;07:40:00;BA;324;620,4;SALVADOR;Reação tardia ou ineficiente do condutor;Colisão traseira;Com Vítimas Feridas;Pleno dia;Crescente;Sol;Dupla;Reta;Sim;4;0;1;0;3;0;1;3;-12,908132;-38,457653;SPRF-BA;DEL01-BA;UOP01-DEL01-BA
703544;11/06/2025;quarta-feira;07:30:00;MA;230;334;SAO RAIMUNDO DAS MANGABEIRAS;Demais falhas mecânicas ou elétricas;Saída de leito carroçável;Com Vítimas Feridas;Pleno dia;Decrescente;Céu Claro;Simples;Reta;Não;1;0;0;1;0;0;1;1;-7,097635;-45,628825;SPRF-MA;DEL05-MA;UOP01-DEL05-MA
703545;09/07/2025;quarta-feira;09:00:00;SC;470;67,6;INDAIAL;Ausência de reação do condutor;Colisão transversal;Com Vítimas Feridas;Pleno dia;Decrescente;Céu Claro;Simples;Interseção de Vias;Sim;2;0;1;0;1;0;1;2;-26,87573966;-49,2356097;SPRF-SC;DEL04-SC;UOP01-DEL04-SC
703546;09/07/2025;quarta-feira;08:31:00;SC;101;136;BALNEARIO CAMBORIU;Acessar a via sem observar a presença dos outros veículos;Colisão traseira;Com Vítimas Feridas;Pleno dia;Decrescente;Céu Claro;Simples;"Reta;Interseção de Vias";Sim;2;0;1;0;1;0;1;2;-27,0095885;-48,61520898;SPRF-SC;DEL04-SC;UOP03-DEL04-SC
703548;09/07/2025;quarta-feira;08:45:00;ES;101;262,1;SERRA;Condutor desrespeitou a iluminação vermelha do semáforo;Colisão transversal;Com Vítimas Fatais;Pleno dia;Crescente;Chuva;Múltipla;"Interseção de Vias;Retorno Regulamentado;Reta";Sim;3;1;1;0;1;0;1;2;-20,1594149;-40,2761924;SPRF-ES;DEL02-ES;UOP01-DEL02-ES
703549;09/07/2025;quarta-feira;08:00:00;PR;476;196;LAPA;Acessar a via sem observar a presença dos outros veículos;Colisão transversal;Com Vítimas Feridas;Pleno dia;Decrescente;Nublado;Simples;"Declive;Reta";Sim;3;0;1;0;1;1;1;3;-25,756178;-49,728937;SPRF-PR;DEL01-PR;UOP06-DEL01-PR
703550;09/07/2025;quarta-feira;09:20:00;SP;116;111,2;TAUBATE;Afundamento ou ondulação no pavimento;Tombamento;Com Vítimas Feridas;Pleno dia;Decrescente;Nublado;Dupla;Reta;Não;1;0;1;0;0;0;1;1;-23,03412614;-45,5526999;SPRF-SP;DEL02-SP;UOP02-DEL02-SP
703551;21/06/2025;sábado;20:30:00;BA;101;277;LAJE;Acesso irregular;Colisão transversal;Com Vítimas Feridas;Plena Noite;Crescente;Céu Claro;Simples;Reta;Sim;2;0;1;0;1;0;1;2;-13,083667;-39,27635;SPRF-BA;DEL01-BA;UOP02-DEL01-BA
703553;09/07/2025;quarta-feira;09:15:00;PB;230;17,6;JOAO PESSOA;Suicídio (presumido);Eventos atípicos;Com Vítimas Fatais;Pleno dia;Crescente;Nublado;Dupla;Reta;Sim;2;1;0;0;0;1;0;2;-7,12095494;-34,84515095;SPRF-PB;DEL01-PB;UOP01-DEL01-PB
703554;09/07/2025;quarta-feira;09:20:00;RJ;101;327;RIO DE JANEIRO;Condutor deixou de manter distância do veículo da frente;Colisão traseira;Com Vítimas Feridas;Pleno dia;Crescente;Nublado;Dupla;"Reta;Declive;Ponte";Não;2;0;1;0;1;0;1;2;-22,86835502;-43,18587251;SPRF-RJ;DEL02-RJ;UOP01-DEL02-RJ
703555;09/07/2025;quarta-feira;08:50:00;MS;163;366,8;NOVA ALVORADA DO SUL;Ausência de reação do condutor;Colisão traseira;Com Vítimas Feridas;Pleno dia;Crescente;Sol;Simples;Reta;Sim;2;0;1;0;1;0;1;2;-21,450377;-54,378025;SPRF-MS;DEL02-MS;UOP01-DEL02-MS
703557;09/07/2025;quarta-feira;06:00:00;MT;364;383;SANTO ANTONIO DO LEVERGER;Ausência de reação do condutor;Queda de ocupante de veículo;Com Vítimas Feridas;Amanhecer;Decrescente;Céu Claro;Dupla;Reta;Não;1;0;1;0;0;0;1;1;-15,70193;-55,82821;SPRF-MT;DEL01-MT;UOP02-DEL01-MT
703558;09/07/2025;quarta-feira;09:45:00;BA;116;678,7;JEQUIE;Pista esburacada;Tombamento;Com Vítimas Feridas;Pleno dia;Crescente;Sol;Simples;Reta;Não;1;0;1;0;0;0;1;1;-13,89045;-40,14183;SPRF-BA;DEL03-BA;UOP01-DEL03-BA
703559;09/07/2025;quarta-feira;09:24:00;RJ;116;325;NITEROI;Demais falhas mecânicas ou elétricas;Incêndio;Sem Vítimas;Pleno dia;Crescente;Nublado;Dupla;"Reta;Aclive;Ponte";Não;2;0;0;0;2;0;0;1;-22,87181832;-43,15043986;SPRF-RJ;DEL07-RJ;UOP02-DEL07-RJ
703563;09/07/2025;quarta-feira;09:40:00;RJ;101;303,7;SAO GONCALO;Ausência de reação do condutor;Colisão traseira;Com Vítimas Feridas;Pleno dia;Decrescente;Sol;Dupla;Reta;Não;2;0;1;0;1;0;1;2;-22,7929044;-43,0248162;SPRF-RJ;DEL02-RJ;UOP02-DEL02-RJ
703564;09/07/2025;quarta-feira;07:10:00;PR;369;170,7;ROLANDIA;Acessar a via sem observar a presença dos outros veículos;Colisão transversal;Com Vítimas Feridas;Amanhecer;Decrescente;Céu Claro;Simples;Reta;Sim;2;0;1;1;0;0;2;2;-23,30201598;-51,35213614;SPRF-PR;DEL07-PR;UOP01-DEL07-PR
703565;01/07/2025;terça-feira;17:00:00;CE;230;77,1;VARZEA ALEGRE;Manobra de mudança de faixa;Colisão lateral sentido oposto;Com Vítimas Feridas;Pleno dia;Decrescente;Nublado;Simples;Reta;Não;4;0;0;1;3;0;1;2;-6,79314864;-39,28813934;SPRF-CE;DEL05-CE;UOP01-DEL05-CE
703566;09/07/2025;quarta-feira;10:00:00;BA;101;106,2;ALAGOINHAS;Acessar a via sem observar a presença dos outros veículos;Colisão traseira;Com Vítimas Feridas;Pleno dia;Crescente;Céu Claro;Simples;Reta;Não;2;0;1;0;1;0;1;2;-12,137942;-38,3923;SPRF-BA;DEL01-BA;UOP04-DEL01-BA
703567;09/07/2025;quarta-feira;09:51:00;MA;230;0,6;BARAO DE GRAJAU;Acessar a via sem observar a presença dos outros veículos;Colisão transversal;Com Vítimas Feridas;Pleno dia;Crescente;Sol;Dupla;Curva;Sim;2;0;2;0;0;0;2;2;-6,756335;-43,013105;SPRF-PI;DEL03-PI;UOP01-DEL03-PI
703568;09/07/2025;quarta-feira;10:00:00;PB;230;479;MARIZOPOLIS;Acessar a via sem observar a presença dos outros veículos;Tombamento;Com Vítimas Feridas;Pleno dia;Decrescente;Céu Claro;Simples;Reta;Sim;1;0;0;1;0;0;1;1;-6,844265;-38,348793;SPRF-PB;DEL03-PB;UOP03-DEL03-PB
703569;09/07/2025;quarta-feira;06:00:00;GO;158;37;BOM JARDIM DE GOIAS;Reação tardia ou ineficiente do condutor;Colisão traseira;Com Vítimas Fatais;Amanhecer;Crescente;Céu Claro;Simples;Reta;Não;2;1;0;0;1;0;0;2;-16,18425044;-52,17262372;SPRF-GO;DEL04-GO;UOP02-DEL04-GO
703571;09/07/2025;quarta-feira;09:15:00;SP;101;49;UBATUBA;Conversão proibida;Colisão transversal;Com Vítimas Feridas;Pleno dia;Crescente;Céu Claro;Simples;Reta;Sim;3;0;2;0;1;0;2;2;-23,45700653;-45,070467;SPRF-SP;DEL06-SP;UOP01-DEL06-SP
703572;09/07/2025;quarta-feira;09:20:00;PR;277;110;CURITIBA;Acumulo de areia ou detritos sobre o pavimento;Colisão lateral mesmo sentido;Sem Vítimas;Pleno dia;Decrescente;Céu Claro;Simples;"Reta;Interseção de Vias;Declive";Sim;2;0;0;0;1;1;0;2;-25,43152854;-49,37676279;SPRF-PR;DEL01-PR;UOP06-DEL01-PR
703577;09/07/2025;quarta-feira;11:10:00;MG;116;233,8;TEOFILO OTONI;Conversão proibida;Colisão traseira;Com Vítimas Feridas;Pleno dia;Decrescente;Céu Claro;Simples;"Reta;Declive";Não;3;0;1;1;1;0;2;2;-17,511747;-41,486257;SPRF-MG;DEL11-MG;UOP01-DEL11-MG
703579;09/07/2025;quarta-feira;11:05:00;MT;364;199;RONDONOPOLIS;Condutor deixou de manter distância do veículo da frente;Colisão traseira;Com Vítimas Feridas;Pleno dia;Crescente;Céu Claro;Dupla;Retorno Regulamentado;Sim;2;0;0;1;1;0;1;2;-16,5005177;-54,63155357;SPRF-MT;DEL02-MT;UOP01-DEL02-MT
703580;09/07/2025;quarta-feira;12:00:00;GO;153;503;GOIANIA;Condutor deixou de manter distância do veículo da frente;Colisão lateral mesmo sentido;Com Vítimas Feridas;Pleno dia;Crescente;Sol;Dupla;"Viaduto;Curva";Sim;3;0;2;0;1;0;2;2;-16,5824726;-49,1524917;SPRF-GO;DEL01-GO;UOP01-DEL01-GO
703582;09/07/2025;quarta-feira;12:40:00;ES;101;266,4;SERRA;Desrespeitar a preferência no cruzamento;Colisão transversal;Com Vítimas Feridas;Pleno dia;Crescente;Céu Claro;Múltipla;Interseção de Vias;Sim;2;0;1;0;1;0;1;2;-20,19357;-40,26849;SPRF-ES;DEL02-ES;UOP01-DEL02-ES
703584;09/07/2025;quarta-feira;12:20:00;MG;381;491,4;BETIM;Ausência de reação do condutor;Colisão traseira;Com Vítimas Feridas;Pleno dia;Crescente;Sol;Múltipla;Curva;Sim;2;0;1;0;1;0;1;2;-19,959404;-44,154233;SPRF-MG;DEL01-MG;UOP03-DEL01-MG
703585;12/05/2025;segunda-feira;17:45:00;MG;40;748,3;SANTOS DUMONT;Conversão proibida;Atropelamento de Pedestre;Com Vítimas Feridas;Anoitecer;Decrescente;Garoa/Chuvisco;Simples;Reta;Não;2;0;0;1;0;1;1;2;-21,42833866;-43,55631575;SPRF-MG;DEL05-MG;UOP01-DEL05-MG
703589;09/07/2025;quarta-feira;12:50:00;RJ;40;57;PETROPOLIS;Transitar no Acostamento;Atropelamento de Pedestre;Com Vítimas Fatais;Pleno dia;Decrescente;Nublado;Dupla;Reta;Não;4;2;0;0;1;1;0;2;-22,37523791;-43,13013554;SPRF-RJ;DEL05-RJ;UOP02-DEL05-RJ
703590;20/06/2025;sexta-feira;15:20:00;GO;60;338;SANTO ANTONIO DA BARRA;Falta de elemento de contenção que evite a saída do leito carroçável;Saída de leito carroçável;Com Vítimas Feridas;Pleno dia;Crescente;Céu Claro;Dupla;Curva;Não;2;0;1;0;0;1;1;2;-17,55495;-50,610292;SPRF-GO;DEL04-GO;UOP02-DEL04-GO
703593;09/07/2025;quarta-feira;13:30:00;DF;40;2;BRASILIA;Acumulo de óleo sobre o pavimento;Tombamento;Com Vítimas Feridas;Pleno dia;Decrescente;Céu Claro;Múltipla;"Curva;Interseção de Vias";Sim;1;0;1;0;0;0;1;1;-16,00315757;-47,98364136;SPRF-DF;DEL01-DF;UOP01-DEL01-DF
703594;09/07/2025;quarta-feira;13:15:00;BA;101;508;ITABUNA;Acessar a via sem observar a presença dos outros veículos;Colisão transversal;Com Vítimas Feridas;Pleno dia;Crescente;Nublado;Simples;Reta;Sim;2;0;0;1;1;0;1;2;-14,81575257;-39,29625034;SPRF-BA;DEL05-BA;UOP01-DEL05-BA
703595;09/07/2025;quarta-feira;12:25:00;RJ;40;101;DUQUE DE CAXIAS;Ingestão de álcool pelo condutor;Colisão traseira;Com Vítimas Feridas;Pleno dia;Decrescente;Céu Claro;Dupla;Reta;Sim;3;0;0;1;2;0;1;2;-22,60640224;-43,28535805;SPRF-RJ;DEL01-RJ;UOP01-DEL01-RJ
703596;09/07/2025;quarta-feira;13:50:00;PR;369;136,1;IBIPORA;Acessar a via sem observar a presença dos outros veículos;Colisão transversal;Com Vítimas Feridas;Pleno dia;Decrescente;Céu Claro;Simples;Interseção de Vias;Sim;2;0;1;0;1;0;1;2;-23,26578;-51,0371;SPRF-PR;DEL07-PR;UOP01-DEL07-PR
703597;09/07/2025;quarta-feira;13:00:00;RJ;101;300;ITABORAI;Manobra de mudança de faixa;Colisão lateral mesmo sentido;Com Vítimas Feridas;Pleno dia;Crescente;Céu Claro;Múltipla;Reta;Sim;2;0;1;0;1;0;1;2;-22,77105537;-42,92967193;SPRF-RJ;DEL02-RJ;UOP02-DEL02-RJ
703598;09/07/2025;quarta-feira;13:10:00;CE;116;40;HORIZONTE;Acessar a via sem observar a presença dos outros veículos;Colisão transversal;Com Vítimas Feridas;Pleno dia;Decrescente;Sol;Dupla;Reta;Sim;2;0;0;2;0;0;2;2;-4,096063;-38,503264;SPRF-CE;DEL01-CE;UOP02-DEL01-CE
703599;09/07/2025;quarta-feira;13:20:00;RJ;493;24;MAGE;Trafegar com motocicleta (ou similar) entre as faixas;Colisão lateral mesmo sentido;Sem Vítimas;Pleno dia;Crescente;Céu Claro;Simples;Reta;Sim;2;0;0;0;2;0;0;2;-22,657701;-43,081833;SPRF-RJ;DEL04-RJ;UOP02-DEL04-RJ
703600;09/07/2025;quarta-feira;14:35:00;DF;40;2;BRASILIA;Ausência de reação do condutor;Colisão lateral mesmo sentido;Com Vítimas Feridas;Pleno dia;Decrescente;Céu Claro;Dupla;"Curva;Viaduto";Sim;3;0;1;0;2;0;1;2;-16,00250532;-47,98383772;SPRF-DF;DEL01-DF;UOP01-DEL01-DF
703602;09/07/2025;quarta-feira;13:30:00;MG;267;206,7;BOM JARDIM DE MINAS;Condutor Dormindo;Saída de leito carroçável;Com Vítimas Feridas;Pleno dia;Crescente;Céu Claro;Simples;Curva;Não;3;0;1;0;2;0;1;1;-21,94817;-44,13079;SPRF-MG;DEL05-MG;UOP01-DEL05-MG
703606;09/07/2025;quarta-feira;10:50:00;MG;40;56,1;PARACATU;Acessar a via sem observar a presença dos outros veículos;Colisão transversal;Com Vítimas Feridas;Pleno dia;Decrescente;Céu Claro;Simples;Reta;Não;4;0;1;3;0;0;4;2;-17,286163;-46,775016;SPRF-MG;DEL14-MG;UOP01-DEL14-MG
703608;09/07/2025;quarta-feira;15:00:00;MG;50;72;UBERLANDIA;Trafegar com motocicleta (ou similar) entre as faixas;Colisão lateral mesmo sentido;Com Vítimas Feridas;Pleno dia;Crescente;Céu Claro;Dupla;Declive;Sim;3;0;1;0;2;0;1;2;-18,89995277;-48,24131012;SPRF-MG;DEL15-MG;UOP01-DEL15-MG
703611;09/07/2025;quarta-feira;15:35:00;SP;116;105;TAUBATE;Trafegar com motocicleta (ou similar) entre as faixas;Colisão traseira;Com Vítimas Feridas;Pleno dia;Crescente;Sol;Dupla;"Aclive;Reta";Não;7;0;4;0;3;0;4;3;-23,00676901;-45,51341269;SPRF-SP;DEL02-SP;UOP02-DEL02-SP
703612;09/07/2025;quarta-feira;15:30:00;RJ;116;175;SAO JOAO DE MERITI;Trafegar com motocicleta (ou similar) entre as faixas;Tombamento;Com Vítimas Feridas;Pleno dia;Decrescente;Céu Claro;Múltipla;Reta;Não;3;0;1;1;1;0;2;2;-22,7957645;-43,3601947;SPRF-RJ;DEL06-RJ;UOP01-DEL06-RJ
703613;09/07/2025;quarta-feira;15:15:00;TO;242;437;FORMOSO DO ARAGUAIA;Condutor Dormindo;Saída de leito carroçável;Com Vítimas Feridas;Pleno dia;Crescente;Céu Claro;Simples;Reta;Não;1;0;1;0;0;0;1;1;-11,8787341;-49,3873771;SPRF-TO;DEL01-TO;UOP02-DEL01-TO
703617;26/06/2025;quinta-feira;08:20:00;MG;251;504;MONTES CLAROS;Acessar a via sem observar a presença dos outros veículos;Colisão transversal;Com Vítimas Feridas;Pleno dia;Decrescente;Sol;Simples;Reta;Não;5;0;2;0;3;0;2;2;-16,6537006;-43,7179855;SPRF-MG;DEL12-MG;UOP01-DEL12-MG
703619;03/06/2025;terça-feira;14:45:00;DF;20;2,3;BRASILIA;Reação tardia ou ineficiente do condutor;Colisão lateral mesmo sentido;Com Vítimas Feridas;Pleno dia;Decrescente;Céu Claro;Dupla;Reta;Sim;2;0;1;0;1;0;1;2;-15,6818148;-47,8380346;SPRF-DF;DEL02-DF;UOP01-DEL02-DF
703620;06/07/2025;domingo;23:15:00;RJ;116;118;MAGE;Reação tardia ou ineficiente do condutor;Tombamento;Com Vítimas Feridas;Plena Noite;Decrescente;Nublado;Múltipla;Reta;Sim;1;0;1;0;0;0;1;1;-22,607386;-43,028839;SPRF-RJ;DEL04-RJ;UOP02-DEL04-RJ
703621;09/07/2025;quarta-feira;14:20:00;SE;101;150,9;ESTANCIA;Transitar no Acostamento;Colisão transversal;Com Vítimas Feridas;Pleno dia;Decrescente;Céu Claro;Simples;"Interseção de Vias;Reta";Sim;3;0;0;2;1;0;2;2;-11,262427;-37,441432;SPRF-SE;DEL02-SE;UOP01-DEL02-SE
703622;09/07/2025;quarta-feira;16:30:00;DF;40;2;BRASILIA;Trafegar com motocicleta (ou similar) entre as faixas;Queda de ocupante de veículo;Com Vítimas Feridas;Pleno dia;Crescente;Céu Claro;Dupla;Reta;Sim;1;0;1;0;0;0;1;1;-15,99077986;-47,98647702;SPRF-DF;DEL01-DF;UOP01-DEL01-DF
703624;09/07/2025;quarta-feira;17:12:00;RN;101;103;PARNAMIRIM;Reação tardia ou ineficiente do condutor;Colisão traseira;Sem Vítimas;Anoitecer;Crescente;Chuva;Múltipla;Aclive;Sim;3;0;0;0;3;0;0;3;-5,89129;-35,254175;SPRF-RN;DEL01-RN;UOP01-DEL01-RN
703626;09/07/2025;quarta-feira;17:15:00;BA;116;19;VITORIA DA CONQUISTA;Ausência de reação do condutor;Colisão transversal;Com Vítimas Feridas;Pleno dia;Crescente;Nublado;Simples;Reta;Sim;2;0;1;0;1;0;1;2;-14,8966;-40,827;SPRF-BA;DEL08-BA;UOP01-DEL08-BA
703627;09/07/2025;quarta-feira;17:00:00;CE;116;3;FORTALEZA;Manobra de mudança de faixa;Colisão lateral mesmo sentido;Com Vítimas Feridas;Anoitecer;Decrescente;Céu Claro;Dupla;Viaduto;Sim;2;0;1;0;1;0;1;2;-3,7793583;-38,51410596;SPRF-CE;DEL01-CE;UOP02-DEL01-CE
703628;09/07/2025;quarta-feira;17:15:00;PR;376;445,8;IPIRANGA;Objeto estático sobre o leito carroçável;Colisão com objeto;Sem Vítimas;Pleno dia;Decrescente;Céu Claro;Dupla;"Declive;Reta";Não;1;0;0;0;1;0;0;1;-24,82625311;-50,47916763;SPRF-PR;DEL03-PR;UOP02-DEL03-PR
703629;09/07/2025;quarta-feira;17:00:00;SC;280;28,4;ARAQUARI;Condutor deixou de manter distância do veículo da frente;Colisão traseira;Sem Vítimas;Pleno dia;Crescente;Nublado;Simples;Reta;Não;2;0;0;0;2;0;0;2;-26,407475;-48,748995;SPRF-SC;DEL03-SC;UOP03-DEL03-SC