id;data_inversa;dia_semana;horario;uf;br;km;municipio;causa_acidente;tipo_acidente;classificacao_acidente;fase_dia;sentido_via;condicao_metereologica;tipo_pista;tracado_via;uso_solo;pessoas;mortos;feridos_leves;feridos_graves;ilesos;ignorados;feridos;veiculos;latitude;longitude;regional;delegacia;uop
704041;11/07/2025;sexta-feira;14:00:00;RS;470;245;BARAO;Acesso irregular;Colisão transversal;Com Vítimas Feridas;Pleno dia;Crescente;Céu Claro;Dupla;Reta;Sim;2;0;2;0;0;0;2;2;-29,37482158;-51,50150148;SPRF-RS;DEL06-RS;UOP01-DEL06-RS
704043;11/07/2025;sexta-feira;13:40:00;PR;277;586,5;CASCAVEL;Desrespeitar a preferência no cruzamento;Colisão frontal;Com Vítimas Feridas;Pleno dia;Crescente;Céu Claro;Simples;Interseção de Vias;Sim;2;0;1;0;1;0;1;2;-24,96748679;-53,42528556;SPRF-PR;DEL04-PR;UOP01-DEL04-PR
704044;11/07/2025;sexta-feira;12:06:00;SC;101;44,3;JOINVILLE;Velocidade Incompatível;Colisão transversal;Com Vítimas Fatais;Pleno dia;Crescente;Céu Claro;Múltipla;"Reta;Interseção de Vias";Sim;2;1;0;0;1;0;0;2;-26,34324892;-48,85831475;SPRF-SC;DEL03-SC;UOP01-DEL03-SC
704045;11/07/2025;sexta-feira;14:15:00;CE;20;405;CAUCAIA;Demais falhas mecânicas ou elétricas;Saída de leito carroçável;Com Vítimas Feridas;Pleno dia;Crescente;Sol;Simples;"Reta;Interseção de Vias";Não;1;0;0;1;0;0;1;1;-3,7661382;-38,663163;SPRF-CE;DEL01-CE;UOP01-DEL01-CE
704046;11/07/2025;sexta-feira;14:00:00;SC;101;115,8;ITAJAI;Ausência de reação do condutor;Colisão traseira;Com Vítimas Feridas;Pleno dia;Decrescente;Sol;Dupla;Reta;Não;2;0;1;0;1;0;1;2;-26,87450991;-48,72783836;SPRF-SC;DEL04-SC;UOP04-DEL04-SC
704048;11/07/2025;sexta-feira;09:00:00;MG;381;343;JOAO MONLEVADE;Chuva;Saída de leito carroçável;Com Vítimas Feridas;Pleno dia;Crescente;Garoa/Chuvisco;Simples;"Curva;Aclive";Não;3;0;0;1;2;0;1;2;-19,8580572;-43,1230545;SPRF-MG;DEL03-MG;UOP01-DEL03-MG
704049;11/07/2025;sexta-feira;14:16:00;SP;116;86,8;PINDAMONHANGABA;Manobra de mudança de faixa;Colisão lateral mesmo sentido;Com Vítimas Feridas;Pleno dia;Crescente;Sol;Dupla;Reta;Não;2;0;1;0;0;1;1;2;-22,92908367;-45,35859911;SPRF-SP;DEL08-SP;UOP01-DEL08-SP
704051;11/07/2025;sexta-feira;14:35:00;MG;146;480,6;POCOS DE CALDAS;Ultrapassagem Indevida;Colisão frontal;Com Vítimas Feridas;Pleno dia;Crescente;Sol;Simples;"Declive;Reta";Não;5;0;4;0;1;0;4;3;-21,78364592;-46,43616769;SPRF-MG;DEL09-MG;UOP01-DEL09-MG
704052;30/06/2025;segunda-feira;02:30:00;MG;381;490;BETIM;Velocidade Incompatível;Colisão traseira;Com Vítimas Feridas;Plena Noite;Crescente;Nublado;Dupla;Reta;Sim;4;0;2;2;0;0;4;2;-19,955775;-44,148783;SPRF-MG;DEL01-MG;UOP03-DEL01-MG
704053;11/07/2025;sexta-feira;15:25:00;GO;60;34;GOIANIA;Reação tardia ou ineficiente do condutor;Colisão traseira;Sem Vítimas;Pleno dia;Crescente;Sol;Dupla;Reta;Sim;5;0;0;0;5;0;0;2;-16,71833;-49,35633659;SPRF-GO;DEL01-GO;UOP02-DEL01-GO
704054;11/07/2025;sexta-feira;14:20:00;MG;116;704,5;MURIAE;Ausência de reação do condutor;Colisão lateral mesmo sentido;Com Vítimas Feridas;Pleno dia;Decrescente;Céu Claro;Simples;Reta;Não;1;0;0;1;0;0;1;1;-21,136636;-42,386678;SPRF-MG;DEL07-MG;UOP02-DEL07-MG
704055;11/07/2025;sexta-feira;16:05:00;RN;226;143;CURRAIS NOVOS;Condutor deixou de manter distância do veículo da frente;Colisão lateral mesmo sentido;Com Vítimas Feridas;Pleno dia;Decrescente;Nublado;Simples;Reta;Não;2;0;1;0;1;0;1;2;-6,20279524;-36,39852798;SPRF-RN;DEL03-RN;UOP02-DEL03-RN
704057;11/07/2025;sexta-feira;10:20:00;PI;316;16;TERESINA;Demais falhas mecânicas ou elétricas;Tombamento;Com Vítimas Feridas;Pleno dia;Crescente;Céu Claro;Dupla;Reta;Não;2;0;2;0;0;0;2;1;-5,237475;-42,741862;SPRF-PI;DEL01-PI;UOP02-DEL01-PI
704059;11/07/2025;sexta-feira;14:27:00;MA;230;96,8;SAO JOAO DOS PATOS;Transitar na contramão;Colisão frontal;Com Vítimas Fatais;Pleno dia;Crescente;Céu Claro;Simples;Reta;Sim;2;1;0;0;1;0;0;2;-6,488595;-43,729507;SPRF-PI;DEL03-PI;UOP01-DEL03-PI
704060;11/07/2025;sexta-feira;15:30:00;RJ;101;575;PARATY;Reação tardia ou ineficiente do condutor;Atropelamento de Pedestre;Com Vítimas Feridas;Pleno dia;Crescente;Céu Claro;Simples;Curva;Sim;2;0;1;0;1;0;1;2;-23,22375791;-44,73207951;SPRF-RJ;DEL03-RJ;UOP04-DEL03-RJ
704061;11/07/2025;sexta-feira;16:25:00;PE;104;67,1;CARUARU;Manobra de mudança de faixa;Colisão lateral mesmo sentido;Com Vítimas Feridas;Pleno dia;Decrescente;Chuva;Dupla;"Aclive;Reta;Viaduto";Sim;2;0;1;0;1;0;1;2;-8,29511;-35,98719;SPRF-PE;DEL02-PE;UOP01-DEL02-PE
704062;11/07/2025;sexta-feira;16:10:00;MG;50;188,4;UBERABA;Ausência de reação do condutor;Colisão traseira;Com Vítimas Feridas;Pleno dia;Crescente;Céu Claro;Dupla;"Reta;Em Obras";Não;2;0;1;0;1;0;1;2;-19,841755;-47,879575;SPRF-MG;DEL13-MG;UOP01-DEL13-MG
704063;11/07/2025;sexta-feira;16:30:00;GO;414;393;CORUMBA DE GOIAS;Acessar a via sem observar a presença dos outros veículos;Colisão lateral mesmo sentido;Com Vítimas Feridas;Pleno dia;Crescente;Céu Claro;Simples;Retorno Regulamentado;Sim;2;0;1;0;1;0;1;2;-15,92187524;-48,80727243;SPRF-GO;DEL02-GO;UOP01-DEL02-GO
704065;11/07/2025;sexta-feira;16:03:00;PE;232;36,2;MORENO;Manobra de mudança de faixa;Colisão lateral mesmo sentido;Com Vítimas Feridas;Pleno dia;Decrescente;Chuva;Dupla;Reta;Não;5;0;3;1;1;0;4;1;-8,11286;-35,20909;SPRF-PE;DEL02-PE;UOP02-DEL02PE
704066;11/07/2025;sexta-feira;16:00:00;PA;316;84;SAO FRANCISCO DO PARA;Ausência de reação do condutor;Colisão traseira;Sem Vítimas;Pleno dia;Decrescente;Nublado;Simples;Reta;Não;2;0;0;0;2;0;0;2;-1,309954;-47,745536;SPRF-PA;DEL01-PA;UOP02-DEL01-PA
704068;11/07/2025;sexta-feira;17:35:00;SP;116;219;GUARULHOS;Pista Escorregadia;Tombamento;Com Vítimas Feridas;Anoitecer;Decrescente;Céu Claro;Simples;Curva;Sim;1;0;1;0;0;0;1;1;-23,46273544;-46,49053955;SPRF-SP;DEL01-SP;UOP01-DEL01-SP
704069;11/07/2025;sexta-feira;11:00:00;BA;324;348;QUIXABEIRA;Reação tardia ou ineficiente do condutor;Saída de leito carroçável;Com Vítimas Feridas;Pleno dia;Decrescente;Céu Claro;Simples;"Aclive;Reta";Não;1;0;0;1;0;0;1;1;-11,35727634;-40,06978226;SPRF-BA;DEL04-BA;UOP02-DEL04-BA
704070;11/07/2025;sexta-feira;18:00:00;CE;116;2;FORTALEZA;Manobra de mudança de faixa;Colisão lateral mesmo sentido;Com Vítimas Feridas;Plena Noite;Crescente;Nublado;Dupla;Reta;Sim;2;0;1;0;1;0;1;2;-3,7752546;-38,5160945;SPRF-CE;DEL01-CE;UOP02-DEL01-CE
704071;11/07/2025;sexta-feira;13:30:00;PR;277;615;CEU AZUL;Reação tardia ou ineficiente do condutor;Saída de leito carroçável;Com Vítimas Feridas;Pleno dia;Decrescente;Sol;Simples;Curva;Não;1;0;1;0;0;0;1;1;-25,067485;-53,657583;SPRF-PR;DEL05-PR;UOP02-DEL05-PR
704072;11/07/2025;sexta-feira;16:50:00;SC;101;50,4;JOINVILLE;Velocidade Incompatível;Colisão traseira;Com Vítimas Feridas;Pleno dia;Decrescente;Céu Claro;Dupla;Reta;Não;2;0;1;0;1;0;1;2;-26,39002442;-48,83972168;SPRF-SC;DEL03-SC;UOP01-DEL03-SC
704073;11/07/2025;sexta-feira;17:30:00;PR;476;171;CONTENDA;Condutor deixou de manter distância do veículo da frente;Colisão traseira;Com Vítimas Feridas;Plena Noite;Decrescente;Céu Claro;Dupla;Reta;Sim;2;0;1;0;1;0;1;2;-25,67566892;-49,51658098;SPRF-PR;DEL01-PR;UOP06-DEL01-PR
704075;11/07/2025;sexta-feira;17:50:00;RS;116;246;SAO LEOPOLDO;Condutor deixou de manter distância do veículo da frente;Colisão traseira;Com Vítimas Feridas;Plena Noite;Crescente;Céu Claro;Simples;"Reta;Ponte";Sim;2;0;1;0;1;0;1;2;-29,75702857;-51,15191294;SPRF-RS;DEL01-RS;UOP02-DEL01-RS
704077;11/07/2025;sexta-feira;17:35:00;MG;40;42;PARACATU;Acessar a via sem observar a presença dos outros veículos;Colisão transversal;Com Vítimas Feridas;Anoitecer;Decrescente;Céu Claro;Simples;"Reta;Interseção de Vias";Sim;2;0;1;0;1;0;1;2;-17,223252;-46,86501;SPRF-MG;DEL14-MG;UOP01-DEL14-MG
704079;11/07/2025;sexta-feira;18:00:00;RJ;116;169;RIO DE JANEIRO;Acessar a via sem observar a presença dos outros veículos;Engavetamento;Com Vítimas Feridas;Plena Noite;Crescente;Céu Claro;Múltipla;Reta;Sim;4;0;1;0;3;0;1;4;-22,81518353;-43,32593411;SPRF-RJ;DEL06-RJ;UOP01-DEL06-RJ
704080;11/07/2025;sexta-feira;18:10:00;MA;135;182;SAO MATEUS DO MARANHAO;Acessar a via sem observar a presença dos outros veículos;Colisão transversal;Com Vítimas Feridas;Anoitecer;Decrescente;Céu Claro;Simples;Reta;Sim;1;0;0;1;0;0;1;1;-4,036995;-44,467368;SPRF-MA;DEL03-MA;UOP01-DEL03-MA
704081;11/07/2025;sexta-feira;17:55:00;MS;60;437;SIDROLANDIA;Animais na Pista;Atropelamento de Animal;Com Vítimas Feridas;Plena Noite;Crescente;Céu Claro;Simples;Reta;Não;1;0;0;1;0;0;1;1;-20,97847063;-55,05429268;SPRF-MS;DEL01-MS;UOP04-DEL01-MS
704082;11/07/2025;sexta-feira;19:00:00;SC;282;2,9;FLORIANOPOLIS;Manobra de mudança de faixa;Colisão lateral mesmo sentido;Com Vítimas Feridas;Plena Noite;Decrescente;Nublado;Dupla;Reta;Sim;4;0;0;2;2;0;2;2;-27,600327;-48,599768;SPRF-SC;DEL01-SC;UOP01-DEL01-SC
704083;11/07/2025;sexta-feira;19:20:00;RN;304;300;MACAIBA;Acesso irregular;Colisão transversal;Com Vítimas Feridas;Plena Noite;Crescente;Chuva;Dupla;Reta;Não;2;0;2;0;0;0;2;2;-5,87293184;-35,31818032;SPRF-RN;DEL01-RN;UOP02-DEL01-RN
704084;11/07/2025;sexta-feira;18:30:00;PR;369;505,8;CASCAVEL;Conversão proibida;Colisão transversal;Com Vítimas Feridas;Anoitecer;Crescente;Nublado;Simples;Reta;Sim;2;0;0;1;1;0;1;2;-24,946384;-53,398265;SPRF-PR;DEL04-PR;UOP01-DEL04-PR
704085;11/07/2025;sexta-feira;17:33:00;PR;163;257;TOLEDO;Reação tardia ou ineficiente do condutor;Capotamento;Com Vítimas Feridas;Pleno dia;Crescente;Nublado;Dupla;Reta;Não;3;0;2;0;0;1;2;2;-24,6508689;-53,83766413;SPRF-PR;DEL06-PR;UOP02-DEL06-PR
704089;11/07/2025;sexta-feira;18:55:00;RS;116;149,8;CAXIAS DO SUL;Ausência de reação do condutor;Atropelamento de Pedestre;Com Vítimas Feridas;Plena Noite;Decrescente;Nublado;Dupla;"Aclive;Reta";Sim;2;0;1;0;1;0;1;2;-29,167981;-51,158398;SPRF-RS;DEL05-RS;UOP01-DEL05-RS
704091;11/07/2025;sexta-feira;18:30:00;RJ;493;105;SEROPEDICA;Condutor Dormindo;Saída de leito carroçável;Com Vítimas Feridas;Plena Noite;Crescente;Vento;Dupla;"Reta;Ponte;Em Obras";Não;3;0;1;2;0;0;3;1;-22,78246;-43,7569;SPRF-RJ;DEL01-RJ;UOP03-DEL01-RJ
704093;11/07/2025;sexta-feira;18:58:00;GO;70;5;AGUAS LINDAS DE GOIAS;Pedestre cruzava a pista fora da faixa;Atropelamento de Pedestre;Com Vítimas Feridas;Plena Noite;Crescente;Céu Claro;Dupla;Reta;Sim;2;0;0;1;1;0;1;2;-15,75214603;-48,2600197;SPRF-DF;DEL03-DF;UOP02-DEL03-DF
704095;11/07/2025;sexta-feira;19:10:00;SC;280;59;GUARAMIRIM;Ausência de reação do condutor;Colisão com objeto;Com Vítimas Feridas;Plena Noite;Crescente;Céu Claro;Simples;Reta;Sim;1;0;0;1;0;0;1;1;-26,4752459;-48,9880786;SPRF-SC;DEL03-SC;UOP03-DEL03-SC
704096;11/07/2025;sexta-feira;17:30:00;PE;408;92;SAO LOURENCO DA MATA;Acessar a via sem observar a presença dos outros veículos;Colisão traseira;Sem Vítimas;Plena Noite;Decrescente;Nublado;Dupla;Reta;Sim;3;0;0;0;2;1;0;2;-8,04382;-35,01519;SPRF-PE;DEL01-PE;UOP01-DEL01-PE
704097;11/07/2025;sexta-feira;15:50:00;RO;364;297,5;PRESIDENTE MEDICI;Reação tardia ou ineficiente do condutor;Saída de leito carroçável;Com Vítimas Feridas;Pleno dia;Crescente;Céu Claro;Simples;Reta;Não;2;0;2;0;0;0;2;1;-11,268732;-61,90162;SPRF-RO;DEL02-RO;UOP01-DEL02-RO
704099;11/07/2025;sexta-feira;20:10:00;SP;116;226;GUARULHOS;Objeto estático sobre o leito carroçável;Colisão com objeto;Com Vítimas Feridas;Plena Noite;Crescente;Céu Claro;Múltipla;"Em Obras;Declive;Reta";Sim;1;0;1;0;0;0;1;1;-23,49587071;-46,55600008;SPRF-SP;DEL01-SP;UOP01-DEL01-SP
704100;11/07/2025;sexta-feira;18:15:00;SC;101;79;ARAQUARI;Condutor deixou de manter distância do veículo da frente;Tombamento;Com Vítimas Feridas;Anoitecer;Crescente;Céu Claro;Múltipla;Reta;Não;1;0;1;0;0;0;1;1;-26,590012;-48,721841;SPRF-SC;DEL03-SC;UOP02-DEL03-SC
704102;11/07/2025;sexta-feira;19:55:00;SP;116;218;GUARULHOS;Ausência de reação do condutor;Colisão traseira;Com Vítimas Feridas;Plena Noite;Decrescente;Céu Claro;Múltipla;"Reta;Em Obras";Não;2;0;1;0;0;1;1;2;-23,45714038;-46,4803648;SPRF-SP;DEL01-SP;UOP01-DEL01-SP
704103;11/07/2025;sexta-feira;19:37:00;RO;319;142;PORTO VELHO;Condutor deixou de manter distância do veículo da frente;Colisão traseira;Com Vítimas Feridas;Plena Noite;Crescente;Céu Claro;Múltipla;Reta;Não;3;0;1;0;1;1;1;3;-8,75802996;-63,88619781;SPRF-RO;DEL01-RO;UOP01-DEL01-RO
704104;08/06/2025;domingo;20:30:00;PR;277;73;SAO JOSE DOS PINHAIS;Ingestão de álcool pelo condutor;Colisão lateral sentido oposto;Com Vítimas Feridas;Plena Noite;Decrescente;Chuva;Dupla;Reta;Sim;6;0;3;0;3;0;3;2;-25,49012222;-49,17625534;SPRF-PR;DEL01-PR;UOP07-DEL01-PR
704105;05/07/2025;sábado;20:20:00;RS;285;319,7;PASSO FUNDO;Ingestão de álcool pelo condutor;Colisão traseira;Com Vítimas Feridas;Plena Noite;Decrescente;Céu Claro;Simples;"Reta;Declive";Não;3;0;0;1;2;0;1;2;-28,26804298;-52,61944167;SPRF-RS;DEL08-RS;UOP03-DEL08-RS
704106;11/07/2025;sexta-feira;20:00:00;RS;285;115,5;VACARIA;Ingestão de álcool pelo condutor;Capotamento;Sem Vítimas;Plena Noite;Crescente;Nublado;Simples;Reta;Não;3;0;0;0;2;1;0;2;-28,513522;-50,891812;SPRF-RS;DEL05-RS;UOP03-DEL05-RS
704107;11/07/2025;sexta-feira;19:20:00;ES;101;64,2;SAO MATEUS;Transitar no Acostamento;Atropelamento de Pedestre;Com Vítimas Feridas;Plena Noite;Crescente;Nublado;Simples;"Reta;Aclive";Não;3;0;0;2;0;1;2;2;-18,648929;-39,8735932;SPRF-ES;DEL04-ES;UOP02-DEL04-ES
704108;11/07/2025;sexta-feira;18:40:00;PR;369;167,5;CAMBE;Condutor deixou de manter distância do veículo da frente;Colisão traseira;Com Vítimas Feridas;Anoitecer;Crescente;Céu Claro;Dupla;"Reta;Interseção de Vias";Não;2;0;1;0;1;0;1;2;-23,29805227;-51,32149156;SPRF-PR;DEL07-PR;UOP01-DEL07-PR
704109;11/07/2025;sexta-feira;18:50:00;SC;282;142;PALMITOS;Velocidade Incompatível;Colisão traseira;Com Vítimas Feridas;Plena Noite;Crescente;Céu Claro;Simples;Reta;Não;2;0;0;1;0;1;1;2;-27,11680873;-53,21547646;SPRF-SC;DEL05-SC;UOP01-DEL05-SC
704110;11/07/2025;sexta-feira;18:30:00;SC;101;45,4;JOINVILLE;Reação tardia ou ineficiente do condutor;Colisão traseira;Com Vítimas Feridas;Plena Noite;Decrescente;Nublado;Dupla;"Aclive;Reta";Não;3;0;1;0;2;0;1;2;-26,35442933;-48,85875162;SPRF-SC;DEL03-SC;UOP01-DEL03-SC
704111;11/07/2025;sexta-feira;19:20:00;GO;452;19;RIO VERDE;Ausência de reação do condutor;Saída de leito carroçável;Com Vítimas Feridas;Plena Noite;Crescente;Céu Claro;Dupla;"Interseção de Vias;Retorno Regulamentado;Rotatória;Declive";Não;5;0;5;0;0;0;5;1;-17,86681;-50,736388;SPRF-GO;DEL04-GO;UOP01-DEL04-GO
704112;11/07/2025;sexta-feira;19:45:00;PE;101;60,4;RECIFE;Trafegar com motocicleta (ou similar) entre as faixas;Tombamento;Com Vítimas Fatais;Plena Noite;Crescente;Chuva;Dupla;Reta;Sim;1;1;0;0;0;0;0;1;-7,98875773;-34,93490028;SPRF-PE;DEL01-PE;UOP02-DEL01-PE
704115;11/07/2025;sexta-feira;18:30:00;MG;116;499,8;INHAPIM;Condutor deixou de manter distância do veículo da frente;Colisão traseira;Com Vítimas Feridas;Plena Noite;Decrescente;Nublado;Simples;Reta;Não;2;0;1;0;0;1;1;2;-19,56116505;-42,12286949;SPRF-MG;DEL06-MG;UOP02-DEL06-MG
704116;11/07/2025;sexta-feira;20:00:00;RJ;101;486,5;ANGRA DOS REIS;Condutor deixou de manter distância do veículo da frente;Colisão lateral mesmo sentido;Com Vítimas Feridas;Plena Noite;Crescente;Nublado;Simples;Reta;Não;3;0;1;0;2;0;1;2;-22,97551159;-44,2964787;SPRF-RJ;DEL03-RJ;UOP03-DEL03-RJ
704118;11/07/2025;sexta-feira;19:00:00;TO;153;250,2;COLINAS DO TOCANTINS;Reação tardia ou ineficiente do condutor;Colisão traseira;Com Vítimas Fatais;Plena Noite;Crescente;Nublado;Simples;"Aclive;Reta";Não;2;1;0;0;1;0;0;2;-8,08979;-48,467617;SPRF-TO;DEL02-TO;UOP02-DEL02-TO
704119;11/07/2025;sexta-feira;17:55:00;MG;116;537,4;SANTA RITA DE MINAS;Pedestre cruzava a pista fora da faixa;Atropelamento de Pedestre;Com Vítimas Feridas;Plena Noite;Crescente;Chuva;Simples;Reta;Sim;2;0;2;0;0;0;2;2;-19,8753;-42,13179;SPRF-MG;DEL06-MG;UOP02-DEL06-MG
704123;11/07/2025;sexta-feira;20:00:00;SP;116;363;MIRACATU;Demais falhas mecânicas ou elétricas;Incêndio;Sem Vítimas;Plena Noite;Decrescente;Céu Claro;Dupla;Reta;Não;1;0;0;0;1;0;0;1;-24,14398897;-47,28806806;SPRF-SP;DEL04-SP;UOP02-DEL04-SP
704124;11/07/2025;sexta-feira;20:00:00;ES;101;271,3;SERRA;Condutor desrespeitou a iluminação vermelha do semáforo;Colisão transversal;Com Vítimas Feridas;Plena Noite;Crescente;Chuva;Múltipla;Interseção de Vias;Sim;3;0;1;0;1;1;1;3;-20,2196142;-40,29093862;SPRF-ES;DEL02-ES;UOP01-DEL02-ES
704125;11/07/2025;sexta-feira;20:40:00;PI;316;5,7;TERESINA;Ausência de reação do condutor;Colisão com objeto;Com Vítimas Feridas;Plena Noite;Crescente;Céu Claro;Múltipla;Curva;Sim;1;0;0;1;0;0;1;1;-5,145455;-42,775728;SPRF-PI;DEL01-PI;UOP02-DEL01-PI
704127;11/07/2025;sexta-feira;21:00:00;PR;116;135;MANDIRITUBA;Suicídio (presumido);Atropelamento de Pedestre;Com Vítimas Fatais;Plena Noite;Crescente;Nublado;Dupla;Reta;Não;3;1;0;0;1;1;0;2;-25,7242513;-49,31788429;SPRF-PR;DEL01-PR;UOP03-DEL01-PR
704129;11/07/2025;sexta-feira;17:40:00;SC;470;61;BLUMENAU;Acesso irregular;Colisão transversal;Com Vítimas Feridas;Plena Noite;Crescente;Céu Claro;Simples;"Reta;Em Obras";Não;2;0;1;0;1;0;1;2;-26,87965029;-49,17108027;SPRF-SC;DEL04-SC;UOP01-DEL04-SC
704130;11/07/2025;sexta-feira;21:20:00;ES;259;102,6;BAIXO GUANDU;Ingestão de álcool pelo condutor;Colisão transversal;Com Vítimas Fatais;Plena Noite;Crescente;Chuva;Simples;Reta;Sim;3;1;1;0;1;0;1;2;-19,514563;-41,023907;SPRF-ES;DEL02-ES;UOP01-DEL02-ES
704131;11/07/2025;sexta-feira;21:00:00;MG;381;867,2;POUSO ALEGRE;Condutor Dormindo;Colisão traseira;Com Vítimas Feridas;Plena Noite;Crescente;Céu Claro;Dupla;Reta;Não;3;0;0;1;2;0;1;2;-22,37227446;-45,93743634;SPRF-MG;DEL16-MG;UOP01-DEL16-MG
704132;11/07/2025;sexta-feira;19:30:00;BA;101;423;MARAU;Objeto estático sobre o leito carroçável;Colisão com objeto;Com Vítimas Feridas;Plena Noite;Decrescente;Céu Claro;Simples;Curva;Não;2;0;2;0;0;0;2;2;-14,15127;-39,345045;SPRF-BA;DEL05-BA;UOP03-DEL05-BA
704134;11/07/2025;sexta-feira;22:30:00;SC;101;205,4;SAO JOSE;Manobra de mudança de faixa;Colisão lateral mesmo sentido;Com Vítimas Feridas;Pleno dia;Decrescente;Céu Claro;Múltipla;"Reta;Interseção de Vias";Sim;1;0;1;0;0;0;1;1;-27,587317;-48,6168;SPRF-SC;DEL01-SC;UOP01-DEL01-SC
704135;11/07/2025;sexta-feira;21:03:00;PR;476;273,8;SAO MATEUS DO SUL;Ausência de reação do condutor;Saída de leito carroçável;Sem Vítimas;Plena Noite;Crescente;Céu Claro;Simples;Curva;Não;1;0;0;0;1;0;0;1;-25,89289379;-50,37827969;SPRF-PR;DEL02-PR;UOP03-DEL02-PR
704138;11/07/2025;sexta-feira;20:55:00;PR;277;183;PALMEIRA;Reação tardia ou ineficiente do condutor;Queda de ocupante de veículo;Sem Vítimas;Plena Noite;Crescente;Céu Claro;Simples;Declive;Não;1;0;0;0;1;0;0;1;-25,4335;-50,0481;SPRF-PR;DEL08-PR;UOP02-DEL08-PR
704139;11/07/2025;sexta-feira;19:20:00;SC;280;289;PALMA SOLA;Ingestão de álcool pelo condutor;Queda de ocupante de veículo;Com Vítimas Feridas;Plena Noite;Decrescente;Nublado;Simples;Interseção de Vias;Sim;1;0;0;1;0;0;1;1;-26,256527;-53,300882;SPRF-SC;DEL06-SC;UOP04-DEL06-SC
704140;11/07/2025;sexta-feira;13:30:00;PR;116;209;RIO NEGRO;Desrespeitar a preferência no cruzamento;Colisão transversal;Sem Vítimas;Pleno dia;Decrescente;Céu Claro;Simples;Interseção de Vias;Não;2;0;0;0;2;0;0;2;-26,08722647;-49,78026509;SPRF-SC;DEL06-SC;UOP01-DEL06-SC
704142;11/07/2025;sexta-feira;21:35:00;SC;470;267;CURITIBANOS;Ausência de reação do condutor;Saída de leito carroçável;Sem Vítimas;Plena Noite;Crescente;Céu Claro;Simples;"Curva;Declive";Não;1;0;0;0;1;0;0;1;-27,3116143;-50,74446344;SPRF-SC;DEL05-SC;UOP03-DEL05-SC
704144;11/07/2025;sexta-feira;23:30:00;PR;116;129;FAZENDA RIO GRANDE;Acessar a via sem observar a presença dos outros veículos;Atropelamento de Pedestre;Com Vítimas Feridas;Plena Noite;Crescente;Nublado;Dupla;Reta;Não;2;0;0;1;0;1;1;2;-25,669635;-49,314913;SPRF-PR;DEL01-PR;UOP03-DEL01-PR
704145;11/07/2025;sexta-feira;08:50:00;SC;470;58;BLUMENAU;Acessar a via sem observar a presença dos outros veículos;Colisão transversal;Com Vítimas Feridas;Pleno dia;Crescente;Céu Claro;Simples;Reta;Não;3;0;1;0;2;0;1;2;-26,88291514;-49,14166197;SPRF-SC;DEL04-SC;UOP01-DEL04-SC
704150;11/07/2025;sexta-feira;22:20:00;SC;153;64;IRANI;Acessar a via sem observar a presença dos outros veículos;Colisão transversal;Com Vítimas Feridas;Plena Noite;Decrescente;Céu Claro;Simples;"Reta;Interseção de Vias";Não;4;0;2;0;2;0;2;2;-27,0107673;-51,8764393;SPRF-SC;DEL07-SC;UOP04-DEL07-SC
704153;11/07/2025;sexta-feira;22:15:00;BA;235;347;JUAZEIRO;Transitar na contramão;Colisão frontal;Com Vítimas Feridas;Plena Noite;Decrescente;Céu Claro;Dupla;Reta;Sim;3;0;2;0;1;0;2;2;-9,448048;-40,48748;SPRF-PE;DEL06-PE;UOP01-DEL06-PE
704155;12/07/2025;sábado;00:05:00;MG;50;21;UBERLANDIA;Ausência de reação do condutor;Saída de leito carroçável;Sem Vítimas;Plena Noite;Decrescente;Céu Claro;Dupla;"Viaduto;Interseção de Vias";Não;1;0;0;0;1;0;0;1;-18,938257;-48,217452;SPRF-MG;DEL15-MG;UOP01-DEL15-MG
704156;12/07/2025;sábado;01:00:00;SC;101;214;PALHOCA;Demais falhas mecânicas ou elétricas;Tombamento;Com Vítimas Feridas;Plena Noite;Crescente;Céu Claro;Múltipla;Declive;Sim;1;0;0;1;0;0;1;1;-27,63795764;-48,66583792;SPRF-SC;DEL01-SC;UOP02-DEL01-SC
704159;12/07/2025;sábado;00:30:00;SP;116;224;GUARULHOS;Demais falhas mecânicas ou elétricas;Tombamento;Com Vítimas Feridas;Plena Noite;Decrescente;Ignorado;Múltipla;Reta;Sim;1;0;1;0;0;0;1;1;-23,48313103;-46,5363555;SPRF-SP;DEL01-SP;UOP01-DEL01-SP
704160;11/07/2025;sexta-feira;13:00:00;RJ;40;94;PETROPOLIS;Demais falhas mecânicas ou elétricas;Tombamento;Com Vítimas Feridas;Pleno dia;Decrescente;Nublado;Dupla;"Aclive;Curva";Não;1;0;0;1;0;0;1;1;-22,57188907;-43,25485021;SPRF-RJ;DEL01-RJ;UOP01-DEL01-RJ
704161;11/07/2025;sexta-feira;23:50:00;MG;50;180;UBERABA;Velocidade Incompatível;Tombamento;Com Vítimas Feridas;Plena Noite;Crescente;Céu Claro;Dupla;"Interseção de Vias;Viaduto";Sim;1;0;0;1;0;0;1;1;-19,777086;-47,923912;SPRF-MG;DEL13-MG;UOP01-DEL13-MG
704164;12/07/2025;sábado;00:50:00;RS;290;109;ELDORADO DO SUL;Reação tardia ou ineficiente do condutor;Saída de leito carroçável;Sem Vítimas;Plena Noite;Crescente;Nublado;Dupla;Reta;Não;2;0;0;0;1;1;0;1;-30,02626033;-51,32287018;SPRF-RS;DEL02-RS;UOP01-DEL02-RS