id;data_inversa;dia_semana;horario;uf;br;km;municipio;causa_acidente;tipo_acidente;classificacao_acidente;fase_dia;sentido_via;condicao_metereologica;tipo_pista;tracado_via;uso_solo;pessoas;mortos;feridos_leves;feridos_graves;ilesos;ignorados;feridos;veiculos;latitude;longitude;regional;delegacia;uop
704165;12/07/2025;sábado;01:24:00;RJ;116;176;SAO JOAO DE MERITI;Ausência de reação do condutor;Colisão traseira;Sem Vítimas;Plena Noite;Decrescente;Céu Claro;Dupla;Curva;Sim;2;0;0;0;2;0;0;2;-22,78379647;-43,38315837;SPRF-RJ;DEL06-RJ;UOP01-DEL06-RJ
704166;12/07/2025;sábado;00:00:00;MT;364;203,6;RONDONOPOLIS;Reação tardia ou ineficiente do condutor;Colisão traseira;Com Vítimas Feridas;Plena Noite;Crescente;Céu Claro;Dupla;"Reta;Aclive";Sim;2;0;0;1;0;1;1;2;-16,467706;-54,656824;SPRF-MT;DEL02-MT;UOP01-DEL02-MT
704167;12/07/2025;sábado;02:00:00;SP;116;444;REGISTRO;Ausência de reação do condutor;Colisão transversal;Com Vítimas Feridas;Plena Noite;Crescente;Céu Claro;Simples;Interseção de Vias;Sim;2;0;1;0;1;0;1;2;-24,49777115;-47,84219742;SPRF-SP;DEL05-SP;UOP01-DEL05-SP
704168;12/07/2025;sábado;01:20:00;PI;316;319,9;PICOS;Ausência de reação do condutor;Capotamento;Com Vítimas Feridas;Plena Noite;Decrescente;Céu Claro;Simples;Reta;Não;1;0;0;1;0;0;1;1;-7,091858;-41,390668;SPRF-PI;DEL04-PI;UOP01-DEL04-PI
704169;11/07/2025;sexta-feira;23:10:00;MG;381;594,2;CARMOPOLIS DE MINAS;Acessar a via sem observar a presença dos outros veículos;Atropelamento de Pedestre;Com Vítimas Feridas;Plena Noite;Decrescente;Céu Claro;Dupla;Reta;Não;3;0;0;1;2;0;1;2;-20,56923365;-44,67568874;SPRF-MG;DEL04-MG;UOP01-DEL04-MG
704174;12/07/2025;sábado;03:30:00;PR;476;277;SAO MATEUS DO SUL;Ingestão de álcool pelo condutor;Saída de leito carroçável;Com Vítimas Fatais;Plena Noite;Crescente;Céu Claro;Simples;Curva;Sim;1;1;0;0;0;0;0;1;-25,8754625;-50,3899747;SPRF-PR;DEL02-PR;UOP03-DEL02-PR
704176;12/07/2025;sábado;05:00:00;GO;414;372;COCALZINHO DE GOIAS;Ausência de reação do condutor;Saída de leito carroçável;Com Vítimas Feridas;Amanhecer;Decrescente;Céu Claro;Dupla;Reta;Não;1;0;1;0;0;0;1;1;-15,7654881;-48,7583099;SPRF-GO;DEL02-GO;UOP01-DEL02-GO
704177;12/07/2025;sábado;04:00:00;RS;386;35;FREDERICO WESTPHALEN;Ausência de reação do condutor;Saída de leito carroçável;Com Vítimas Feridas;Plena Noite;Crescente;Céu Claro;Simples;Reta;Sim;1;0;1;0;0;0;1;1;-27,36523644;-53,39501235;SPRF-RS;DEL08-RS;UOP02-DEL08-RS
704178;12/07/2025;sábado;05:15:00;RS;392;112;CANGUCU;Condutor Dormindo;Saída de leito carroçável;Sem Vítimas;Plena Noite;Crescente;Nevoeiro/Neblina;Simples;Declive;Não;1;0;0;0;0;1;0;1;-31,47910169;-52,62338639;SPRF-RS;DEL07-RS;UOP01-DEL07-RS
704179;12/07/2025;sábado;04:35:00;SC;470;43,3;GASPAR;Condutor Dormindo;Saída de leito carroçável;Com Vítimas Feridas;Plena Noite;Crescente;Céu Claro;Dupla;Reta;Não;1;0;0;1;0;0;1;1;-26,86874467;-49,02700122;SPRF-SC;DEL04-SC;UOP01-DEL04-SC
704182;12/07/2025;sábado;03:00:00;RS;470;283,5;MONTENEGRO;Ausência de reação do condutor;Saída de leito carroçável;Sem Vítimas;Plena Noite;Decrescente;Nevoeiro/Neblina;Simples;Curva;Não;1;0;0;0;1;0;0;1;-29,628058;-51,471977;SPRF-RS;DEL06-RS;UOP01-DEL06-RS
704183;12/07/2025;sábado;05:20:00;MG;262;842;CONCEICAO DAS ALAGOAS;Acesso irregular;Saída de leito carroçável;Sem Vítimas;Plena Noite;Crescente;Céu Claro;Dupla;Reta;Não;1;0;0;0;0;1;0;1;-19,75947039;-48,30804616;SPRF-MG;DEL13-MG;UOP01-DEL13-MG
704186;12/07/2025;sábado;04:06:00;MS;163;490;CAMPO GRANDE;Ingestão de álcool pelo condutor;Saída de leito carroçável;Sem Vítimas;Amanhecer;Decrescente;Céu Claro;Simples;Rotatória;Sim;1;0;0;0;0;1;0;1;-20,39644947;-54,55704957;SPRF-MS;DEL01-MS;UOP02-DEL01-MS
704189;11/07/2025;sexta-feira;18:35:00;RJ;465;2;SEROPEDICA;Acesso irregular;Colisão transversal;Com Vítimas Feridas;Plena Noite;Crescente;Céu Claro;Simples;Interseção de Vias;Não;3;0;1;0;2;0;1;2;-22,73580033;-43,71249139;SPRF-RJ;DEL06-RJ;UOP02-DEL06-RJ
704191;11/07/2025;sexta-feira;20:30:00;PA;10;120;PARAGOMINAS;Reação tardia ou ineficiente do condutor;Saída de leito carroçável;Com Vítimas Feridas;Plena Noite;Decrescente;Céu Claro;Simples;Curva;Não;4;0;0;4;0;0;4;1;-3,391902;-47,44451;SPRF-PA;DEL02-PA;UOP01-DEL02-PA
704192;12/07/2025;sábado;07:00:00;RJ;101;99;CAMPOS DOS GOYTACAZES;Ausência de reação do condutor;Capotamento;Com Vítimas Feridas;Pleno dia;Decrescente;Céu Claro;Dupla;Reta;Não;5;0;4;0;1;0;4;1;-21,83058796;-41,49999619;SPRF-RJ;DEL08-RJ;UOP02-DEL08-RJ
704193;12/07/2025;sábado;00:20:00;PR;163;263;TOLEDO;Ausência de reação do condutor;Saída de leito carroçável;Sem Vítimas;Plena Noite;Crescente;Céu Claro;Dupla;Viaduto;Sim;1;0;0;0;1;0;0;1;-24,630233;-53,88287243;SPRF-PR;DEL06-PR;UOP02-DEL06-PR
704194;11/07/2025;sexta-feira;12:10:00;GO;153;295,9;RIALMA;Acesso irregular;Colisão traseira;Com Vítimas Feridas;Pleno dia;Decrescente;Céu Claro;Simples;"Curva;Retorno Regulamentado";Não;3;0;1;0;0;2;1;3;-15,27580412;-49,55164254;SPRF-GO;DEL02-GO;UOP02-DEL02-GO
704195;11/07/2025;sexta-feira;12:20:00;SP;116;301;SAO LOURENCO DA SERRA;Ausência de reação do condutor;Colisão com objeto;Com Vítimas Feridas;Pleno dia;Decrescente;Céu Claro;Dupla;Curva;Não;1;0;1;0;0;0;1;1;-23,80669908;-46,92371274;SPRF-SP;DEL04-SP;UOP01-DEL04-SP
704196;12/07/2025;sábado;06:15:00;RS;116;240;NOVO HAMBURGO;Ingestão de álcool pelo condutor;Colisão lateral mesmo sentido;Com Vítimas Feridas;Plena Noite;Crescente;Chuva;Dupla;"Curva;Viaduto";Sim;2;0;1;0;1;0;1;2;-29,7123318;-51,1479449;SPRF-RS;DEL01-RS;UOP02-DEL01-RS
704197;12/07/2025;sábado;06:10:00;PR;277;343;GUARAPUAVA;Ausência de reação do condutor;Colisão com objeto;Sem Vítimas;Amanhecer;Crescente;Céu Claro;Dupla;Curva;Não;1;0;0;0;0;1;0;1;-25,357634;-51,4638;SPRF-PR;DEL08-PR;UOP01-DEL08-PR
704198;12/07/2025;sábado;05:00:00;PR;376;3,7;MANDAGUARI;Reação tardia ou ineficiente do condutor;Colisão traseira;Sem Vítimas;Pleno dia;Crescente;Céu Claro;Simples;Reta;Sim;3;0;0;0;3;0;0;2;-23,517371;-51,684262;SPRF-PR;DEL09-PR;UOP01-DEL09-PR
704199;12/07/2025;sábado;06:20:00;SC;280;233;CANOINHAS;Reação tardia ou ineficiente do condutor;Colisão com objeto;Sem Vítimas;Plena Noite;Decrescente;Nublado;Simples;"Reta;Interseção de Vias;Retorno Regulamentado";Sim;1;0;0;0;1;0;0;1;-26,21434678;-50,45140743;SPRF-SC;DEL06-SC;UOP04-DEL06-SC
704200;12/07/2025;sábado;07:20:00;PB;104;130;CAMPINA GRANDE;Acumulo de areia ou detritos sobre o pavimento;Tombamento;Com Vítimas Feridas;Pleno dia;Crescente;Chuva;Simples;Reta;Não;1;0;1;0;0;0;1;1;-7,280259;-35,888975;SPRF-PB;DEL02-PB;UOP01-DEL02-PB
704204;12/07/2025;sábado;07:27:00;MG;146;439,5;CABO VERDE;Acessar a via sem observar a presença dos outros veículos;Colisão transversal;Com Vítimas Feridas;Pleno dia;Crescente;Céu Claro;Simples;"Reta;Interseção de Vias";Sim;2;0;1;0;1;0;1;2;-21,47222;-46,402628;SPRF-MG;DEL09-MG;UOP01-DEL09-MG
704205;12/07/2025;sábado;06:55:00;PA;316;27;BENEVIDES;Acessar a via sem observar a presença dos outros veículos;Colisão transversal;Com Vítimas Feridas;Amanhecer;Decrescente;Céu Claro;Dupla;"Retorno Regulamentado;Reta";Sim;2;0;1;0;1;0;1;2;-1,3101;-48,2205;SPRF-PA;DEL01-PA;UOP01-DEL01-PA
704207;11/07/2025;sexta-feira;18:08:00;MT;70;504,4;CUIABA;Reação tardia ou ineficiente do condutor;Queda de ocupante de veículo;Com Vítimas Feridas;Plena Noite;Decrescente;Céu Claro;Simples;Reta;Não;2;0;1;0;0;1;1;2;-15,70108;-56,05054;SPRF-MT;DEL01-MT;UOP02-DEL01-MT
704208;12/07/2025;sábado;08:10:00;MG;40;615;CONGONHAS;Ausência de reação do condutor;Saída de leito carroçável;Com Vítimas Feridas;Pleno dia;Crescente;Nublado;Simples;"Reta;Aclive";Não;1;0;0;1;0;0;1;1;-20,5412157;-43,8209154;SPRF-MG;DEL05-MG;UOP02-DEL05-MG
704210;12/07/2025;sábado;08:20:00;SC;101;164;TIJUCAS;Ausência de reação do condutor;Capotamento;Com Vítimas Feridas;Pleno dia;Decrescente;Nublado;Dupla;Reta;Sim;2;0;1;0;0;1;1;2;-27,24954258;-48,63116233;SPRF-SC;DEL04-SC;UOP03-DEL04-SC
704212;12/07/2025;sábado;08:20:00;PR;369;191;ARAPONGAS;Demais falhas mecânicas ou elétricas;Tombamento;Com Vítimas Feridas;Pleno dia;Crescente;Céu Claro;Dupla;Reta;Não;1;0;1;0;0;0;1;1;-23,46706933;-51,42377106;SPRF-PR;DEL07-PR;UOP03-DEL07-PR
704213;12/07/2025;sábado;07:15:00;SC;101;298;LAGUNA;Manobra de mudança de faixa;Colisão lateral mesmo sentido;Com Vítimas Feridas;Pleno dia;Decrescente;Nublado;Dupla;Curva;Sim;2;0;0;1;1;0;1;2;-28,3488;-48,73792;SPRF-SC;DEL02-SC;UOP03-DEL02-SC
704214;12/07/2025;sábado;07:40:00;MG;116;277,9;TEOFILO OTONI;Reação tardia ou ineficiente do condutor;Tombamento;Com Vítimas Feridas;Pleno dia;Crescente;Garoa/Chuvisco;Simples;Reta;Sim;1;0;0;1;0;0;1;1;-17,86638165;-41,5164113;SPRF-MG;DEL11-MG;UOP01-DEL11-MG
704215;12/07/2025;sábado;09:00:00;MG;50;163,4;UBERABA;Velocidade Incompatível;Saída de leito carroçável;Com Vítimas Feridas;Pleno dia;Crescente;Nublado;Dupla;Reta;Não;1;0;1;0;0;0;1;1;-19,680934;-47,994439;SPRF-MG;DEL13-MG;UOP01-DEL13-MG
704217;11/07/2025;sexta-feira;12:15:00;RJ;116;82;TERESOPOLIS;Condutor deixou de manter distância do veículo da frente;Colisão traseira;Com Vítimas Feridas;Pleno dia;Crescente;Nublado;Simples;Reta;Sim;2;0;1;0;1;0;1;2;-22,39518213;-42,95310295;SPRF-RJ;DEL04-RJ;UOP01-DEL04-RJ
704219;11/07/2025;sexta-feira;20:20:00;RJ;465;5;SEROPEDICA;Acessar a via sem observar a presença dos outros veículos;Colisão lateral sentido oposto;Com Vítimas Feridas;Plena Noite;Decrescente;Céu Claro;Simples;Reta;Não;2;0;2;0;0;0;2;2;-22,74149983;-43,70528162;SPRF-RJ;DEL06-RJ;UOP02-DEL06-RJ
704220;04/07/2025;sexta-feira;18:10:00;SC;101;212,8;PALHOCA;Trafegar com motocicleta (ou similar) entre as faixas;Colisão traseira;Com Vítimas Feridas;Anoitecer;Crescente;Nublado;Dupla;Reta;Sim;3;0;1;0;2;0;1;3;-27,635136;-48,664269;SPRF-SC;DEL01-SC;UOP02-DEL01-SC
704221;12/07/2025;sábado;08:47:00;MG;40;518;CONTAGEM;Ausência de reação do condutor;Colisão traseira;Com Vítimas Feridas;Pleno dia;Decrescente;Céu Claro;Dupla;Reta;Sim;2;0;0;1;1;0;1;2;-19,84259334;-44,07501887;SPRF-MG;DEL01-MG;UOP02-DEL01-MG
704222;12/07/2025;sábado;09:05:00;SC;101;7;BIGUACU;Acessar a via sem observar a presença dos outros veículos;Colisão lateral mesmo sentido;Com Vítimas Feridas;Pleno dia;Decrescente;Nublado;Dupla;Reta;Não;2;0;1;0;1;0;1;2;-27,39074908;-48,69634001;SPRF-SC;DEL01-SC;UOP01-DEL01-SC
704224;12/07/2025;sábado;09:20:00;MG;40;452,4;CAETANOPOLIS;Ausência de reação do condutor;Capotamento;Com Vítimas Feridas;Pleno dia;Decrescente;Céu Claro;Dupla;Reta;Não;1;0;0;1;0;0;1;1;-19,336998;-44,3591636;SPRF-MG;DEL02-MG;UOP01-DEL02-MG
704225;12/07/2025;sábado;07:12:00;AC;364;102;RIO BRANCO;Pista esburacada;Saída de leito carroçável;Com Vítimas Feridas;Pleno dia;Decrescente;Céu Claro;Simples;"Reta;Aclive";Não;2;0;2;0;0;0;2;1;-10,047498;-67,612481;SPRF-AC;DEL01-AC;UOP01-DEL01-AC
704228;12/07/2025;sábado;07:20:00;AL;101;5;NOVO LINO;Acessar a via sem observar a presença dos outros veículos;Atropelamento de Pedestre;Com Vítimas Fatais;Plena Noite;Decrescente;Céu Claro;Dupla;Reta;Não;2;1;0;0;0;1;0;2;-8,92189506;-35,63636582;SPRF-AL;DEL01-AL;UOP02-DEL01-AL
704230;12/07/2025;sábado;07:50:00;PR;163;145;CAPITAO LEONIDAS MARQUES;Ingestão de álcool pelo condutor;Saída de leito carroçável;Com Vítimas Feridas;Amanhecer;Decrescente;Céu Claro;Dupla;Curva;Não;2;0;2;0;0;0;2;1;-25,45946502;-53,58355969;SPRF-PR;DEL05-PR;UOP05-DEL05-PR
704233;12/07/2025;sábado;10:20:00;BA;110;188;RIBEIRA DO AMPARO;Ingestão de álcool pelo condutor;Colisão traseira;Com Vítimas Feridas;Pleno dia;Decrescente;Céu Claro;Simples;Reta;Não;2;0;1;0;1;0;1;2;-11,025153;-38,514971;SPRF-BA;DEL07-BA;UOP02-DEL07-BA
704234;12/07/2025;sábado;10:00:00;MT;364;337;CAMPO VERDE;Ausência de reação do condutor;Saída de leito carroçável;Sem Vítimas;Pleno dia;Decrescente;Sol;Simples;Reta;Não;1;0;0;0;1;0;0;1;-15,8187251;-55,332699;SPRF-MT;DEL05-MT;UOP02-DEL05-MT
704235;12/07/2025;sábado;10:50:00;PR;373;176,7;PONTA GROSSA;Manobra de mudança de faixa;Colisão com objeto;Com Vítimas Feridas;Pleno dia;Crescente;Céu Claro;Dupla;Reta;Sim;1;0;0;1;0;0;1;1;-25,05701833;-50,22450328;SPRF-PR;DEL03-PR;UOP01-DEL03-PR
704236;12/07/2025;sábado;11:20:00;SC;101;216,4;PALHOCA;Acessar a via sem observar a presença dos outros veículos;Colisão transversal;Com Vítimas Feridas;Pleno dia;Crescente;Nublado;Dupla;Interseção de Vias;Sim;3;0;0;1;1;1;1;3;-27,664116;-48,675879;SPRF-SC;DEL01-SC;UOP02-DEL01-SC
704238;12/07/2025;sábado;10:25:00;BA;242;809;BARREIRAS;Manobra de mudança de faixa;Colisão frontal;Com Vítimas Feridas;Pleno dia;Crescente;Céu Claro;Simples;Reta;Sim;4;0;2;0;2;0;2;2;-12,13866;-44,91247;SPRF-BA;DEL10-BA;UOP01-DEL10-BA
704239;12/07/2025;sábado;11:10:00;PR;116;120;CURITIBA;Ingestão de álcool pelo condutor;Colisão com objeto;Sem Vítimas;Pleno dia;Decrescente;Sol;Dupla;Reta;Sim;1;0;0;0;1;0;0;1;-25,64890169;-49,31659698;SPRF-PR;DEL01-PR;UOP03-DEL01-PR
704241;12/07/2025;sábado;11:20:00;RN;101;95;NATAL;Condutor deixou de manter distância do veículo da frente;Engavetamento;Sem Vítimas;Pleno dia;Crescente;Céu Claro;Múltipla;"Aclive;Curva";Sim;3;0;0;0;3;0;0;3;-5,84587033;-35,20848781;SPRF-RN;DEL01-RN;UOP01-DEL01-RN
704242;12/07/2025;sábado;10:32:00;MG;40;532;BELO HORIZONTE;Condutor deixou de manter distância do veículo da frente;Colisão traseira;Sem Vítimas;Pleno dia;Crescente;Céu Claro;Dupla;"Reta;Declive";Sim;3;0;0;0;1;2;0;2;-19,924041;-44,016476;SPRF-MG;DEL01-MG;UOP02-DEL01-MG
704243;12/07/2025;sábado;12:00:00;GO;40;1,5;VALPARAISO DE GOIAS;Manobra de mudança de faixa;Colisão lateral mesmo sentido;Com Vítimas Feridas;Pleno dia;Crescente;Céu Claro;Dupla;Reta;Sim;2;0;1;0;1;0;1;2;-16,0611851;-47,9831245;SPRF-DF;DEL01-DF;UOP01-DEL01-DF
704244;12/07/2025;sábado;11:35:00;PE;104;82;AGRESTINA;Acessar a via sem observar a presença dos outros veículos;Colisão traseira;Com Vítimas Feridas;Pleno dia;Decrescente;Sol;Simples;Reta;Não;2;0;1;0;1;0;1;2;-8,4131059;-35,96776692;SPRF-PE;DEL02-PE;UOP01-DEL02-PE
704245;12/07/2025;sábado;09:40:00;ES;259;51,6;COLATINA;Reação tardia ou ineficiente do condutor;Colisão lateral sentido oposto;Com Vítimas Feridas;Pleno dia;Crescente;Céu Claro;Dupla;Reta;Não;5;0;2;0;3;0;2;2;-19,50209597;-40,61649621;SPRF-ES;DEL02-ES;UOP01-DEL02-ES
704246;12/07/2025;sábado;10:55:00;MG;262;394;PARA DE MINAS;Ausência de reação do condutor;Capotamento;Com Vítimas Feridas;Pleno dia;Decrescente;Céu Claro;Dupla;"Reta;Interseção de Vias";Não;4;0;4;0;0;0;4;2;-19,88560241;-44,60220192;SPRF-MG;DEL01-MG;UOP03-DEL01-MG
704247;12/07/2025;sábado;11:00:00;RN;101;95;NATAL;Manobra de mudança de faixa;Colisão lateral mesmo sentido;Sem Vítimas;Pleno dia;Crescente;Céu Claro;Múltipla;Reta;Sim;2;0;0;0;1;1;0;2;-5,84624;-35,20844;SPRF-RN;DEL01-RN;UOP01-DEL01-RN
704248;12/07/2025;sábado;12:15:00;RN;304;38;MOSSORO;Transitar no Acostamento;Colisão transversal;Sem Vítimas;Pleno dia;Crescente;Céu Claro;Dupla;"Reta;Interseção de Vias";Sim;2;0;0;0;2;0;0;2;-5,1846543;-37,37112472;SPRF-RN;DEL04-RN;UOP02-DEL04-RN
704249;12/07/2025;sábado;06:45:00;MG;116;789,5;ALEM PARAIBA;Reação tardia ou ineficiente do condutor;Saída de leito carroçável;Com Vítimas Feridas;Pleno dia;Crescente;Nublado;Simples;Curva;Não;2;0;1;0;1;0;1;1;-21,67180252;-42,73292542;SPRF-MG;DEL07-MG;UOP01-DEL07-MG
704251;12/07/2025;sábado;10:30:00;BA;101;157;FEIRA DE SANTANA;Acessar a via sem observar a presença dos outros veículos;Colisão lateral mesmo sentido;Com Vítimas Feridas;Pleno dia;Decrescente;Chuva;Dupla;Reta;Não;2;0;1;0;0;1;1;2;-12,3538861;-38,8526892;SPRF-BA;DEL01-BA;UOP03-DEL01-BA
704253;12/07/2025;sábado;12:25:00;PE;101;72;RECIFE;Acessar a via sem observar a presença dos outros veículos;Colisão lateral mesmo sentido;Com Vítimas Feridas;Pleno dia;Crescente;Garoa/Chuvisco;Múltipla;"Reta;Declive";Sim;3;0;0;2;1;0;2;2;-8,0909635;-34,9488011;SPRF-PE;DEL01-PE;UOP01-DEL01-PE
704254;12/07/2025;sábado;11:00:00;PR;373;400;CANDOI;Acessar a via sem observar a presença dos outros veículos;Colisão transversal;Com Vítimas Feridas;Pleno dia;Decrescente;Céu Claro;Simples;Reta;Sim;3;0;2;0;1;0;2;2;-25,567003;-52,050323;SPRF-PR;DEL08-PR;UOP01-DEL08-PR
704255;12/07/2025;sábado;10:40:00;RO;364;533;ARIQUEMES;Carga excessiva e/ou mal acondicionada;Colisão com objeto;Com Vítimas Feridas;Pleno dia;Decrescente;Céu Claro;Simples;"Reta;Aclive";Não;2;0;1;0;1;0;1;2;-9,78324842;-63,08965016;SPRF-RO;DEL03-RO;UOP01-DEL03-RO
704256;04/04/2025;sexta-feira;06:15:00;SC;280;305;PORTO UNIAO;Ausência de reação do condutor;Queda de ocupante de veículo;Com Vítimas Feridas;Pleno dia;Decrescente;Ignorado;Simples;Reta;Sim;2;0;1;0;0;1;1;2;-26,26244739;-51,06378794;SPRF-SC;DEL06-SC;UOP04-DEL06-SC
704257;12/07/2025;sábado;10:30:00;RO;364;532,8;ALTO PARAISO;Demais falhas mecânicas ou elétricas;Saída de leito carroçável;Com Vítimas Feridas;Pleno dia;Decrescente;Céu Claro;Simples;Reta;Não;2;0;1;0;1;0;1;1;-9,773639;-63,092338;SPRF-RO;DEL03-RO;UOP01-DEL03-RO
704258;12/07/2025;sábado;13:30:00;PI;343;305,2;TERESINA;Ausência de reação do condutor;Colisão lateral mesmo sentido;Com Vítimas Feridas;Pleno dia;Decrescente;Céu Claro;Simples;Reta;Sim;2;0;1;0;1;0;1;2;-5,0593792;-42,68032;SPRF-PI;DEL01-PI;UOP01-DEL01-PI
704259;12/07/2025;sábado;10:30:00;BA;324;391;GAVIAO;Ausência de reação do condutor;Colisão traseira;Com Vítimas Feridas;Pleno dia;Decrescente;Céu Claro;Simples;Reta;Não;3;0;2;0;1;0;2;2;-11,531401;-39,709793;SPRF-BA;DEL04-BA;UOP02-DEL04-BA
704260;12/07/2025;sábado;11:10:00;SP;116;99,8;PINDAMONHANGABA;Reação tardia ou ineficiente do condutor;Tombamento;Com Vítimas Feridas;Pleno dia;Decrescente;Céu Claro;Dupla;Reta;Não;2;0;2;0;0;0;2;1;-22,98392479;-45,46548128;SPRF-SP;DEL08-SP;UOP01-DEL08-SP
704263;26/06/2025;quinta-feira;17:30:00;BA;101;209,4;GOVERNADOR MANGABEIRA;Reação tardia ou ineficiente do condutor;Colisão lateral mesmo sentido;Com Vítimas Feridas;Anoitecer;Crescente;Céu Claro;Simples;Declive;Sim;2;0;0;1;1;0;1;2;-12,599176;-39,045234;SPRF-BA;DEL01-BA;UOP02-DEL01-BA
704264;12/07/2025;sábado;13:20:00;MG;267;8,5;LEOPOLDINA;Avarias e/ou desgaste excessivo no pneu;Tombamento;Com Vítimas Feridas;Pleno dia;Decrescente;Sol;Simples;Reta;Não;2;0;2;0;0;0;2;1;-21,57184985;-42,68068135;SPRF-MG;DEL07-MG;UOP01-DEL07-MG
704266;12/07/2025;sábado;13:30:00;PB;230;12,9;CABEDELO;Reação tardia ou ineficiente do condutor;Tombamento;Com Vítimas Feridas;Pleno dia;Crescente;Céu Claro;Dupla;Reta;Sim;1;0;1;0;0;0;1;1;-7,079077;-34,849359;SPRF-PB;DEL01-PB;UOP01-DEL01-PB
704267;12/07/2025;sábado;13:38:00;ES;101;172,9;LINHARES;Acessar a via sem observar a presença dos outros veículos;Colisão transversal;Com Vítimas Feridas;Pleno dia;Decrescente;Céu Claro;Simples;Reta;Não;4;0;0;2;2;0;2;2;-19,53477477;-40,15737677;SPRF-ES;DEL04-ES;UOP01-DEL04-ES
704271;12/07/2025;sábado;14:00:00;GO;40;16;LUZIANIA;Falta de elemento de contenção que evite a saída do leito carroçável;Saída de leito carroçável;Com Vítimas Feridas;Pleno dia;Decrescente;Céu Claro;Dupla;Reta;Sim;1;0;1;0;0;0;1;1;-16,17885;-47,92896;SPRF-DF;DEL01-DF;UOP01-DEL01-DF
704272;12/07/2025;sábado;13:35:00;SC;101;288;IMBITUBA;Acumulo de óleo sobre o pavimento;Tombamento;Com Vítimas Feridas;Pleno dia;Decrescente;Nublado;Simples;Interseção de Vias;Sim;2;0;1;0;1;0;1;1;-28,2459803;-48,70010284;SPRF-SC;DEL02-SC;UOP03-DEL02-SC
704274;12/07/2025;sábado;14:35:00;RS;116;529;CAPAO DO LEAO;Acessar a via sem observar a presença dos outros veículos;Colisão lateral mesmo sentido;Com Vítimas Feridas;Pleno dia;Decrescente;Nublado;Simples;Reta;Sim;7;0;1;0;6;0;1;2;-31,755797;-52,43152;SPRF-RS;DEL07-RS;UOP01-DEL07-RS
704276;12/07/2025;sábado;14:20:00;AL;101;72;MESSIAS;Reação tardia ou ineficiente do condutor;Colisão traseira;Com Vítimas Feridas;Pleno dia;Crescente;Céu Claro;Dupla;Reta;Sim;3;0;2;0;1;0;2;2;-9,3792023;-35,82741304;SPRF-AL;DEL01-AL;UOP01-DEL01-AL
704277;12/07/2025;sábado;14:24:00;DF;251;36,5;BRASILIA;Acessar a via sem observar a presença dos outros veículos;Colisão lateral mesmo sentido;Com Vítimas Feridas;Pleno dia;Crescente;Céu Claro;Simples;"Reta;Declive";Não;5;0;3;2;0;0;5;2;-15,9451481;-47,7880422;SPRF-DF;DEL01-DF;UOP01-DEL01-DF
704278;12/07/2025;sábado;14:00:00;CE;116;6,4;FORTALEZA;Ausência de reação do condutor;Colisão lateral mesmo sentido;Com Vítimas Feridas;Pleno dia;Decrescente;Céu Claro;Múltipla;Reta;Sim;2;0;1;0;0;1;1;2;-3,8108152;-38,5001053;SPRF-CE;DEL01-CE;UOP02-DEL01-CE
704279;12/07/2025;sábado;14:50:00;MA;135;7,6;SAO LUIS;Acessar a via sem observar a presença dos outros veículos;Colisão transversal;Com Vítimas Feridas;Pleno dia;Crescente;Céu Claro;Dupla;"Reta;Retorno Regulamentado;Declive";Sim;2;0;1;0;1;0;1;2;-2,640925;-44,271543;SPRF-MA;DEL01-MA;UOP01-DEL01-MA
704280;12/07/2025;sábado;15:24:00;PR;469;15;FOZ DO IGUACU;Condutor deixou de manter distância do veículo da frente;Engavetamento;Com Vítimas Feridas;Pleno dia;Crescente;Céu Claro;Simples;"Reta;Em Obras";Sim;12;0;3;0;9;0;3;4;-25,57949618;-54,53685014;SPRF-PR;DEL05-PR;UOP04-DEL05-PR
704281;12/07/2025;sábado;15:15:00;CE;116;101;BEBERIBE;Ausência de reação do condutor;Saída de leito carroçável;Com Vítimas Feridas;Pleno dia;Crescente;Céu Claro;Simples;Curva;Não;1;0;1;0;0;0;1;1;-4,53138238;-38,30594301;SPRF-CE;DEL03-CE;UOP01-DEL03-CE
704282;12/07/2025;sábado;14:18:00;BA;242;844;BARREIRAS;Reação tardia ou ineficiente do condutor;Saída de leito carroçável;Com Vítimas Fatais;Pleno dia;Decrescente;Céu Claro;Simples;Reta;Não;6;1;0;4;0;1;4;2;-12,11791;-45,18001;SPRF-BA;DEL10-BA;UOP01-DEL10-BA
704283;12/07/2025;sábado;15:15:00;SC;470;56,2;BLUMENAU;Acesso irregular;Colisão lateral mesmo sentido;Com Vítimas Feridas;Pleno dia;Decrescente;Nublado;Dupla;"Reta;Em Obras";Sim;4;0;1;0;3;0;1;2;-26,87733007;-49,12940025;SPRF-SC;DEL04-SC;UOP01-DEL04-SC
704284;12/07/2025;sábado;15:45:00;MG;116;412,3;GOVERNADOR VALADARES;Condutor deixou de manter distância do veículo da frente;Colisão traseira;Com Vítimas Feridas;Pleno dia;Decrescente;Nublado;Simples;Reta;Sim;2;0;1;0;1;0;1;2;-18,87603;-41,964264;SPRF-MG;DEL06-MG;UOP01-DEL06-MG