id;data_inversa;dia_semana;horario;uf;br;km;municipio;causa_acidente;tipo_acidente;classificacao_acidente;fase_dia;sentido_via;condicao_metereologica;tipo_pista;tracado_via;uso_solo;pessoas;mortos;feridos_leves;feridos_graves;ilesos;ignorados;feridos;veiculos;latitude;longitude;regional;delegacia;uop
704285;12/07/2025;sábado;13:00:00;SC;101;133,8;BALNEARIO CAMBORIU;Acessar a via sem observar a presença dos outros veículos;Colisão transversal;Com Vítimas Feridas;Pleno dia;Crescente;Nublado;Simples;Reta;Sim;2;0;1;0;1;0;1;2;-27,00504662;-48,62857819;SPRF-SC;DEL04-SC;UOP03-DEL04-SC
704286;11/07/2025;sexta-feira;20:30:00;SP;116;308;SAO LOURENCO DA SERRA;Ausência de reação do condutor;Queda de ocupante de veículo;Com Vítimas Feridas;Plena Noite;Crescente;Nublado;Dupla;Reta;Não;1;0;1;0;0;0;1;1;-23,86028461;-46,94628823;SPRF-SP;DEL04-SP;UOP01-DEL04-SP
704288;12/07/2025;sábado;05:10:00;RJ;101;326;NITEROI;Ausência de reação do condutor;Tombamento;Com Vítimas Feridas;Amanhecer;Decrescente;Céu Claro;Múltipla;Reta;Não;2;0;2;0;0;0;2;1;-22,87220449;-43,14323052;SPRF-RJ;DEL02-RJ;UOP01-DEL02-RJ
704289;12/07/2025;sábado;13:40:00;PR;476;116,9;COLOMBO;Acessar a via sem observar a presença dos outros veículos;Colisão transversal;Com Vítimas Feridas;Pleno dia;Crescente;Nublado;Dupla;Curva;Sim;2;0;1;0;1;0;1;2;-25,3478022;-49,17426674;SPRF-PR;DEL01-PR;UOP01-DEL01-PR
704290;12/07/2025;sábado;15:00:00;GO;70;9,2;AGUAS LINDAS DE GOIAS;Manobra de mudança de faixa;Colisão lateral mesmo sentido;Com Vítimas Feridas;Pleno dia;Decrescente;Céu Claro;Dupla;"Reta;Aclive;Retorno Regulamentado";Sim;3;0;1;0;2;0;1;2;-15,737546;-48,291783;SPRF-DF;DEL03-DF;UOP02-DEL03-DF
704291;12/07/2025;sábado;13:00:00;RJ;101;389,8;RIO DE JANEIRO;Ausência de reação do condutor;Colisão traseira;Com Vítimas Feridas;Pleno dia;Crescente;Nublado;Dupla;Reta;Sim;2;0;1;0;1;0;1;2;-22,89436682;-43,67822735;SPRF-RJ;DEL03-RJ;UOP01-DEL03-RJ
704294;12/07/2025;sábado;15:30:00;PR;376;624;SAO JOSE DOS PINHAIS;Pedestre cruzava a pista fora da faixa;Atropelamento de Pedestre;Com Vítimas Feridas;Pleno dia;Decrescente;Nublado;Múltipla;Reta;Não;2;0;1;0;1;0;1;2;-25,658131;-49,155167;SPRF-PR;DEL01-PR;UOP04-DEL01-PR
704295;12/07/2025;sábado;16:10:00;PR;277;37,6;MORRETES;Ausência de reação do condutor;Saída de leito carroçável;Com Vítimas Feridas;Pleno dia;Decrescente;Nublado;Dupla;"Declive;Curva";Não;1;0;0;1;0;0;1;1;-25,574733;-48,84774;SPRF-PR;DEL01-PR;UOP05-DEL01-PR
704298;12/07/2025;sábado;16:20:00;RJ;101;466,9;ANGRA DOS REIS;Avarias e/ou desgaste excessivo no pneu;Tombamento;Com Vítimas Feridas;Pleno dia;Crescente;Céu Claro;Simples;Curva;Não;2;0;2;0;0;0;2;1;-23,00150677;-44,22772558;SPRF-RJ;DEL03-RJ;UOP03-DEL03-RJ
704299;12/07/2025;sábado;13:12:00;RJ;40;122;DUQUE DE CAXIAS;Reação tardia ou ineficiente do condutor;Colisão traseira;Com Vítimas Feridas;Pleno dia;Crescente;Nublado;Múltipla;Reta;Sim;2;0;1;0;1;0;1;2;-22,79435;-43,287912;SPRF-RJ;DEL01-RJ;UOP02-DEL01-RJ
704301;12/07/2025;sábado;15:24:00;RJ;116;112;SEROPEDICA;Demais falhas mecânicas ou elétricas;Incêndio;Sem Vítimas;Pleno dia;Crescente;Céu Claro;Dupla;Reta;Não;1;0;0;0;1;0;0;1;-22,71527574;-43,72483341;SPRF-RJ;DEL04-RJ;UOP02-DEL04-RJ
704302;12/07/2025;sábado;17:00:00;RJ;116;173;SAO JOAO DE MERITI;Condutor deixou de manter distância do veículo da frente;Engavetamento;Com Vítimas Feridas;Anoitecer;Decrescente;Céu Claro;Dupla;Reta;Sim;5;0;1;0;4;0;1;4;-22,79859364;-43,35710876;SPRF-RJ;DEL06-RJ;UOP01-DEL06-RJ
704303;12/07/2025;sábado;17:10:00;PE;104;58;CARUARU;Condutor deixou de manter distância do veículo da frente;Colisão lateral mesmo sentido;Com Vítimas Feridas;Pleno dia;Crescente;Céu Claro;Dupla;Reta;Sim;2;0;0;1;1;0;1;2;-8,222159;-35,976082;SPRF-PE;DEL02-PE;UOP01-DEL02-PE
704304;12/07/2025;sábado;15:16:00;MT;364;233;RONDONOPOLIS;Ausência de reação do condutor;Saída de leito carroçável;Com Vítimas Feridas;Pleno dia;Decrescente;Sol;Dupla;"Reta;Aclive";Não;1;0;1;0;0;0;1;1;-16,24263;-54,78096;SPRF-MT;DEL02-MT;UOP01-DEL02-MT
704305;12/07/2025;sábado;17:20:00;RS;285;673,4;SAO BORJA;Animais na Pista;Atropelamento de Animal;Com Vítimas Feridas;Pleno dia;Crescente;Céu Claro;Simples;Reta;Não;2;0;2;0;0;0;2;1;-28,6704321;-55,9745452;SPRF-RS;DEL12-RS;UOP01-DEL12-RS
704306;01/05/2025;quinta-feira;15:50:00;PR;277;78,1;CURITIBA;Transitar no Acostamento;Colisão lateral mesmo sentido;Com Vítimas Feridas;Pleno dia;Crescente;Sol;Dupla;"Reta;Declive;Viaduto";Sim;2;0;1;0;1;0;1;2;-25,47897736;-49,20087425;SPRF-PR;DEL01-PR;UOP07-DEL01-PR
704308;12/07/2025;sábado;17:00:00;MA;10;259,3;IMPERATRIZ;Acumulo de areia ou detritos sobre o pavimento;Tombamento;Com Vítimas Feridas;Pleno dia;Decrescente;Céu Claro;Simples;Reta;Sim;1;0;0;1;0;0;1;1;-5,469428;-47,47228;SPRF-MA;DEL04-MA;UOP01-DEL04-MA
704310;12/07/2025;sábado;16:00:00;PR;376;212;MANDAGUARI;Ingestão de álcool pelo condutor;Saída de leito carroçável;Com Vítimas Feridas;Pleno dia;Decrescente;Sol;Simples;Curva;Não;1;0;1;0;0;0;1;1;-23,5504812;-51,666014;SPRF-PR;DEL09-PR;UOP01-DEL09-PR
704316;12/07/2025;sábado;16:00:00;MT;364;280;JACIARA;Manobra de mudança de faixa;Saída de leito carroçável;Com Vítimas Feridas;Anoitecer;Decrescente;Céu Claro;Dupla;"Declive;Reta";Não;2;0;2;0;0;0;2;1;-15,92895088;-55,02231181;SPRF-MT;DEL05-MT;UOP02-DEL05-MT
704317;12/07/2025;sábado;17:45:00;GO;60;125;GOIANAPOLIS;Condutor usando celular;Saída de leito carroçável;Com Vítimas Feridas;Anoitecer;Crescente;Nublado;Dupla;"Curva;Declive";Não;1;0;1;0;0;0;1;1;-16,528349;-49,137731;SPRF-GO;DEL01-GO;UOP01-DEL01-GO
704318;12/07/2025;sábado;17:30:00;PR;116;141;MANDIRITUBA;Reação tardia ou ineficiente do condutor;Saída de leito carroçável;Com Vítimas Feridas;Anoitecer;Decrescente;Céu Claro;Dupla;Aclive;Sim;3;0;2;0;1;0;2;1;-25,77283655;-49,32316152;SPRF-PR;DEL01-PR;UOP03-DEL01-PR
704319;12/07/2025;sábado;17:45:00;DF;20;16;BRASILIA;Manobra de mudança de faixa;Saída de leito carroçável;Sem Vítimas;Anoitecer;Decrescente;Céu Claro;Dupla;"Reta;Declive;Retorno Regulamentado";Sim;2;0;0;0;2;0;0;2;-15,62230374;-47,71874821;SPRF-DF;DEL02-DF;UOP01-DEL02-DF
704321;12/07/2025;sábado;17:00:00;ES;259;71,8;COLATINA;Velocidade Incompatível;Colisão transversal;Com Vítimas Feridas;Anoitecer;Crescente;Nublado;Simples;"Reta;Interseção de Vias";Não;2;0;0;1;0;1;1;2;-19,49994424;-40,77002764;SPRF-ES;DEL02-ES;UOP01-DEL02-ES
704322;12/07/2025;sábado;16:30:00;RN;304;299;MACAIBA;Acessar a via sem observar a presença dos outros veículos;Colisão traseira;Com Vítimas Feridas;Anoitecer;Crescente;Céu Claro;Múltipla;Reta;Não;3;0;2;0;1;0;2;2;-5,8712931;-35,32321064;SPRF-RN;DEL01-RN;UOP02-DEL01-RN
704324;12/07/2025;sábado;17:00:00;RS;290;429,7;SAO GABRIEL;Demais falhas mecânicas ou elétricas;Incêndio;Sem Vítimas;Pleno dia;Crescente;Nublado;Simples;Reta;Não;1;0;0;0;1;0;0;1;-30,31850687;-54,40103531;SPRF-RS;DEL11-RS;UOP02-DEL11-RS
704325;12/07/2025;sábado;18:40:00;SC;101;139;BALNEARIO CAMBORIU;Transitar na contramão;Colisão frontal;Com Vítimas Feridas;Plena Noite;Crescente;Nublado;Múltipla;Curva;Não;2;0;0;1;1;0;1;2;-27,02902006;-48,60191552;SPRF-SC;DEL04-SC;UOP03-DEL04-SC
704327;12/07/2025;sábado;18:41:00;SP;116;224;GUARULHOS;Reação tardia ou ineficiente do condutor;Colisão traseira;Com Vítimas Feridas;Plena Noite;Crescente;Céu Claro;Múltipla;Reta;Sim;4;0;1;0;3;0;1;2;-23,486589;-46,542389;SPRF-SP;DEL01-SP;UOP01-DEL01-SP
704329;12/07/2025;sábado;18:05:00;PB;230;36,5;SANTA RITA;Manobra de mudança de faixa;Queda de ocupante de veículo;Com Vítimas Fatais;Pleno dia;Decrescente;Céu Claro;Dupla;Reta;Sim;2;1;0;0;0;1;0;2;-7,12754585;-34,95097838;SPRF-PB;DEL01-PB;UOP02-DEL01-PB
704330;12/07/2025;sábado;18:10:00;MA;222;670;ACAILANDIA;Condutor deixou de manter distância do veículo da frente;Colisão traseira;Com Vítimas Feridas;Anoitecer;Decrescente;Chuva;Simples;Reta;Sim;3;0;1;1;1;0;2;2;-4,939775;-47,4711161;SPRF-MA;DEL04-MA;UOP03-DEL04-MA
704332;12/07/2025;sábado;06:20:00;MG;381;178,5;GOVERNADOR VALADARES;Acessar a via sem observar a presença dos outros veículos;Colisão lateral sentido oposto;Com Vítimas Feridas;Pleno dia;Decrescente;Nublado;Simples;Reta;Não;2;0;0;1;1;0;1;2;-19,00499664;-42,13119507;SPRF-MG;DEL06-MG;UOP01-DEL06-MG
704334;12/07/2025;sábado;17:15:00;RS;293;136;CANDIOTA;Condutor Dormindo;Saída de leito carroçável;Com Vítimas Feridas;Anoitecer;Crescente;Céu Claro;Simples;"Ponte;Reta";Sim;1;0;0;1;0;0;1;1;-31,47029823;-53,65479179;SPRF-RS;DEL11-RS;UOP03-DEL11-RS
704335;12/07/2025;sábado;18:40:00;DF;70;10;BRASILIA;Ausência de reação do condutor;Colisão traseira;Com Vítimas Feridas;Plena Noite;Crescente;Céu Claro;Dupla;Reta;Sim;2;0;1;0;1;0;1;2;-15,787292;-48,141056;SPRF-DF;DEL03-DF;UOP02-DEL03-DF
704337;12/07/2025;sábado;17:00:00;RJ;101;476;ANGRA DOS REIS;Entrada inopinada do pedestre;Atropelamento de Pedestre;Com Vítimas Feridas;Anoitecer;Decrescente;Céu Claro;Simples;Reta;Sim;2;0;1;0;1;0;1;2;-23,00554252;-44,20220184;SPRF-RJ;DEL03-RJ;UOP03-DEL03-RJ
704338;12/07/2025;sábado;19:10:00;PR;158;515,4;PATO BRANCO;Reação tardia ou ineficiente do condutor;Saída de leito carroçável;Com Vítimas Feridas;Plena Noite;Decrescente;Céu Claro;Simples;Curva;Não;3;0;2;0;1;0;2;1;-26,08238827;-52,63925012;SPRF-PR;DEL02-PR;UOP01-DEL02-PR
704339;12/07/2025;sábado;18:00:00;MT;163;840;SINOP;Demais falhas mecânicas ou elétricas;Incêndio;Sem Vítimas;Anoitecer;Decrescente;Céu Claro;Simples;Reta;Sim;1;0;0;0;1;0;0;1;-11,80520347;-55,48051072;SPRF-MT;DEL06-MT;UOP02-DEL06-MT
704340;12/07/2025;sábado;18:00:00;MT;70;732;CACERES;Ingestão de álcool pelo condutor;Colisão com objeto;Com Vítimas Feridas;Plena Noite;Crescente;Céu Claro;Simples;"Curva;Rotatória";Sim;1;0;1;0;0;0;1;1;-16,092847;-57,679275;SPRF-MT;DEL03-MT;UOP01-DEL03-MT
704341;12/07/2025;sábado;18:30:00;MG;116;414,7;GOVERNADOR VALADARES;Desrespeitar a preferência no cruzamento;Colisão transversal;Com Vítimas Feridas;Plena Noite;Crescente;Nublado;Simples;Reta;Sim;2;0;1;0;1;0;1;2;-18,89686702;-41,9475174;SPRF-MG;DEL06-MG;UOP01-DEL06-MG
704342;12/07/2025;sábado;18:15:00;PB;230;290,6;SANTA LUZIA;Ausência de sinalização;Saída de leito carroçável;Com Vítimas Feridas;Plena Noite;Crescente;Céu Claro;Simples;Reta;Sim;4;0;1;0;3;0;1;4;-6,87409787;-36,90860152;SPRF-PB;DEL03-PB;UOP01-DEL03-PB
704343;12/07/2025;sábado;19:10:00;GO;153;506;APARECIDA DE GOIANIA;Ausência de reação do condutor;Colisão com objeto;Com Vítimas Feridas;Plena Noite;Decrescente;Céu Claro;Dupla;Declive;Sim;1;0;1;0;0;0;1;1;-16,761335;-49,240162;SPRF-GO;DEL01-GO;UOP01-DEL01-GO
704344;12/07/2025;sábado;19:00:00;PR;376;594;CURITIBA;Velocidade Incompatível;Colisão traseira;Sem Vítimas;Plena Noite;Crescente;Céu Claro;Dupla;Reta;Sim;5;0;0;0;5;0;0;2;-25,45571369;-49,36104655;SPRF-PR;DEL01-PR;UOP06-DEL01-PR
704345;12/07/2025;sábado;19:00:00;MG;40;666,8;CARANDAI;Velocidade Incompatível;Tombamento;Com Vítimas Feridas;Plena Noite;Decrescente;Céu Claro;Simples;"Curva;Retorno Regulamentado;Declive";Sim;1;0;1;0;0;0;1;1;-20,94805221;-43,79703332;SPRF-MG;DEL05-MG;UOP02-DEL05-MG
704346;12/07/2025;sábado;19:20:00;SP;488;1;APARECIDA;Acessar a via sem observar a presença dos outros veículos;Colisão transversal;Com Vítimas Feridas;Plena Noite;Crescente;Céu Claro;Simples;Rotatória;Não;3;0;2;0;1;0;2;2;-22,8579825;-45,2330269;SPRF-SP;DEL08-SP;UOP01-DEL08-SP
704347;12/07/2025;sábado;18:15:00;PE;424;93,8;GARANHUNS;Ultrapassagem Indevida;Colisão lateral sentido oposto;Com Vítimas Feridas;Plena Noite;Crescente;Nublado;Simples;"Aclive;Reta";Sim;2;0;0;1;1;0;1;2;-8,914911;-36,488611;SPRF-PE;DEL03-PE;UOP01-DEL03-PE
704350;12/07/2025;sábado;19:28:00;RN;405;6,9;MOSSORO;Iluminação deficiente;Colisão traseira;Com Vítimas Fatais;Plena Noite;Crescente;Céu Claro;Simples;Reta;Não;2;1;0;0;0;1;0;2;-5,196615;-37,415155;SPRF-RN;DEL04-RN;UOP02-DEL04-RN
704351;12/07/2025;sábado;19:27:00;RN;406;170,6;SAO GONCALO DO AMARANTE;Pedestre cruzava a pista fora da faixa;Atropelamento de Pedestre;Com Vítimas Fatais;Plena Noite;Crescente;Céu Claro;Dupla;"Reta;Aclive";Sim;3;1;0;0;0;2;0;2;-5,760492;-35,294538;SPRF-RN;DEL02-RN;UOP01-DEL02-RN
704352;12/07/2025;sábado;18:55:00;SC;101;29,1;JOINVILLE;Reação tardia ou ineficiente do condutor;Colisão com objeto;Sem Vítimas;Plena Noite;Crescente;Nublado;Dupla;Reta;Não;2;0;0;0;2;0;0;2;-26,220706;-48,916422;SPRF-SC;DEL03-SC;UOP01-DEL03-SC
704353;12/07/2025;sábado;19:10:00;MG;381;307,9;ANTONIO DIAS;Avarias e/ou desgaste excessivo no pneu;Tombamento;Com Vítimas Feridas;Plena Noite;Crescente;Nublado;Dupla;Reta;Não;2;0;2;0;0;0;2;1;-19,65839904;-42,9611975;SPRF-MG;DEL03-MG;UOP02-DEL03-MG
704354;12/07/2025;sábado;17:55:00;PE;423;96;GARANHUNS;Ingestão de álcool pelo condutor;Colisão traseira;Sem Vítimas;Plena Noite;Decrescente;Garoa/Chuvisco;Simples;Reta;Sim;2;0;0;0;2;0;0;2;-8,882147;-36,490103;SPRF-PE;DEL03-PE;UOP01-DEL03-PE
704355;12/07/2025;sábado;16:00:00;MT;364;0,8;ALTO ARAGUAIA;Ingestão de álcool pelo condutor;Colisão transversal;Sem Vítimas;Pleno dia;Decrescente;Céu Claro;Dupla;Retorno Regulamentado;Sim;2;0;0;0;2;0;0;2;-17,31293308;-53,21772901;SPRF-MT;DEL02-MT;UOP02-DEL02-MT
704356;12/07/2025;sábado;19:55:00;PR;116;124;CURITIBA;Ingestão de álcool pelo condutor;Colisão lateral mesmo sentido;Sem Vítimas;Plena Noite;Decrescente;Céu Claro;Dupla;Reta;Sim;7;0;0;0;5;2;0;7;-25,62052607;-49,31650043;SPRF-PR;DEL01-PR;UOP03-DEL01-PR
704357;12/07/2025;sábado;20:00:00;BA;101;905;TEIXEIRA DE FREITAS;Ausência de reação do condutor;Colisão traseira;Com Vítimas Fatais;Plena Noite;Decrescente;Céu Claro;Simples;Reta;Não;3;2;1;0;0;0;1;2;-17,5802667;-39,72633367;SPRF-BA;DEL09-BA;UOP02-DEL09-BA
704358;12/07/2025;sábado;20:30:00;PE;101;80;JABOATAO DOS GUARARAPES;Área urbana sem a presença de local apropriado para a travessia de pedestres;Colisão com objeto;Com Vítimas Feridas;Plena Noite;Crescente;Garoa/Chuvisco;Dupla;Reta;Não;2;0;1;1;0;0;2;2;-8,16036;-34,94047;SPRF-PE;DEL01-PE;UOP01-DEL01-PE
704359;12/07/2025;sábado;20:50:00;MG;365;557;INDIANOPOLIS;Ausência de reação do condutor;Capotamento;Com Vítimas Feridas;Plena Noite;Crescente;Nublado;Simples;Reta;Não;1;0;1;0;0;0;1;1;-18,93226851;-47,73319244;SPRF-MG;DEL15-MG;UOP02-DEL15-MG
704360;12/07/2025;sábado;18:30:00;SC;282;573,2;NOVA ERECHIM;Acessar a via sem observar a presença dos outros veículos;Colisão transversal;Com Vítimas Feridas;Plena Noite;Crescente;Ignorado;Simples;Reta;Não;2;0;0;1;1;0;1;2;-26,88020892;-52,94622584;SPRF-SC;DEL07-SC;UOP02-DEL07-SC
704361;12/07/2025;sábado;20:10:00;BA;235;389;CASA NOVA;Transitar na contramão;Colisão frontal;Com Vítimas Feridas;Plena Noite;Decrescente;Céu Claro;Dupla;Reta;Sim;6;0;1;0;5;0;1;2;-9,16772433;-40,97290373;SPRF-BA;DEL04-BA;UOP01-DEL04-BA
704363;12/07/2025;sábado;20:00:00;SP;116;94,8;PINDAMONHANGABA;Suicídio (presumido);Colisão frontal;Com Vítimas Feridas;Plena Noite;Crescente;Céu Claro;Dupla;Reta;Sim;5;0;0;1;3;1;1;5;-22,9582879;-45,41664885;SPRF-SP;DEL08-SP;UOP01-DEL08-SP
704364;12/07/2025;sábado;19:00:00;PE;423;77;JUCATI;Animais na Pista;Atropelamento de Animal;Com Vítimas Feridas;Plena Noite;Crescente;Garoa/Chuvisco;Simples;Curva;Não;2;0;1;0;1;0;1;1;-8,740957;-36,430827;SPRF-PE;DEL03-PE;UOP01-DEL03-PE
704366;12/07/2025;sábado;19:00:00;RO;364;516;ARIQUEMES;Iluminação deficiente;Saída de leito carroçável;Com Vítimas Feridas;Plena Noite;Crescente;Céu Claro;Dupla;"Reta;Interseção de Vias";Não;1;0;1;0;0;0;1;1;-9,916573;-63,055148;SPRF-RO;DEL03-RO;UOP01-DEL03-RO
704367;12/07/2025;sábado;20:05:00;RJ;101;428;MANGARATIBA;Acessar a via sem observar a presença dos outros veículos;Colisão transversal;Com Vítimas Feridas;Plena Noite;Crescente;Nublado;Dupla;"Reta;Interseção de Vias;Retorno Regulamentado";Sim;4;0;0;2;2;0;2;2;-22,93524487;-43,9981842;SPRF-RJ;DEL03-RJ;UOP02-DEL03-RJ
704368;12/07/2025;sábado;21:30:00;PR;116;125;FAZENDA RIO GRANDE;Trafegar com motocicleta (ou similar) entre as faixas;Colisão lateral mesmo sentido;Sem Vítimas;Plena Noite;Crescente;Céu Claro;Dupla;Reta;Sim;2;0;0;0;2;0;0;2;-25,62914525;-49,31453705;SPRF-PR;DEL01-PR;UOP03-DEL01-PR
704370;12/07/2025;sábado;18:10:00;MG;262;33,4;MANHUACU;Pedestre andava na pista;Atropelamento de Pedestre;Com Vítimas Feridas;Plena Noite;Decrescente;Chuva;Simples;"Reta;Aclive";Não;2;0;0;1;1;0;1;2;-20,25998388;-42,01889545;SPRF-MG;DEL06-MG;UOP03-DEL06-MG
704371;12/07/2025;sábado;20:00:00;MG;40;636;CONSELHEIRO LAFAIETE;Ausência de reação do condutor;Colisão com objeto;Com Vítimas Feridas;Plena Noite;Crescente;Nublado;Simples;Reta;Não;1;0;0;1;0;0;1;1;-20,71732881;-43,79744122;SPRF-MG;DEL05-MG;UOP02-DEL05-MG
704372;12/07/2025;sábado;20:30:00;MA;10;255,1;IMPERATRIZ;Acessar a via sem observar a presença dos outros veículos;Colisão transversal;Com Vítimas Feridas;Plena Noite;Decrescente;Céu Claro;Simples;"Reta;Interseção de Vias";Sim;3;0;2;0;1;0;2;2;-5,506792;-47,471032;SPRF-MA;DEL04-MA;UOP01-DEL04-MA
704373;12/07/2025;sábado;19:20:00;RJ;116;197;QUEIMADOS;Iluminação deficiente;Atropelamento de Pedestre;Com Vítimas Fatais;Plena Noite;Decrescente;Céu Claro;Dupla;Reta;Sim;2;1;0;0;1;0;0;2;-22,73185705;-43,61743927;SPRF-RJ;DEL06-RJ;UOP02-DEL06-RJ
704374;12/07/2025;sábado;20:05:00;MA;10;255;IMPERATRIZ;Conversão proibida;Colisão transversal;Com Vítimas Feridas;Plena Noite;Decrescente;Céu Claro;Múltipla;Reta;Sim;2;0;0;1;1;0;1;2;-5,50439;-47,471797;SPRF-MA;DEL04-MA;UOP01-DEL04-MA
704375;12/07/2025;sábado;22:00:00;RS;293;0,2;PELOTAS;Ingestão de álcool pelo condutor;Saída de leito carroçável;Sem Vítimas;Plena Noite;Decrescente;Nevoeiro/Neblina;Simples;Reta;Sim;1;0;0;0;1;0;0;1;-31,761412;-52,355945;SPRF-RS;DEL07-RS;UOP01-DEL07-RS
704377;12/07/2025;sábado;22:30:00;PR;376;0,6;APUCARANA;Demais falhas mecânicas ou elétricas;Tombamento;Com Vítimas Feridas;Plena Noite;Crescente;Céu Claro;Dupla;Interseção de Vias;Sim;1;0;1;0;0;0;1;1;-23,57556839;-51,42325608;SPRF-PR;DEL07-PR;UOP03-DEL07-PR
704379;12/07/2025;sábado;21:20:00;MG;381;678;PERDOES;Mal súbito do condutor;Queda de ocupante de veículo;Com Vítimas Feridas;Plena Noite;Crescente;Nublado;Simples;Curva;Não;1;0;1;0;0;0;1;1;-21,10602574;-45,09065716;SPRF-MG;DEL04-MG;UOP02-DEL04-MG
704380;12/07/2025;sábado;22:15:00;SC;101;214;PALHOCA;Desrespeitar a preferência no cruzamento;Colisão traseira;Com Vítimas Feridas;Plena Noite;Decrescente;Nublado;Simples;Reta;Não;4;0;1;0;3;0;1;3;-27,64700185;-48,67227928;SPRF-SC;DEL01-SC;UOP02-DEL01-SC
704382;12/07/2025;sábado;19:30:00;RJ;393;136;SAPUCAIA;Pedestre andava na pista;Atropelamento de Pedestre;Com Vítimas Feridas;Plena Noite;Crescente;Nublado;Simples;Curva;Não;3;0;2;0;0;1;2;2;-22,002955;-42,9324219;SPRF-RJ;DEL05-RJ;UOP01-DEL05-RJ
704383;12/07/2025;sábado;21:40:00;BA;330;816;JITAUNA;Ingestão de álcool pelo condutor;Colisão frontal;Com Vítimas Feridas;Plena Noite;Crescente;Céu Claro;Simples;Reta;Não;4;0;0;2;2;0;2;2;-14,00821557;-39,86777678;SPRF-BA;DEL03-BA;UOP01-DEL03-BA
704385;12/07/2025;sábado;20:20:00;RO;364;339;JI-PARANA;Ausência de reação do condutor;Colisão traseira;Com Vítimas Feridas;Plena Noite;Crescente;Céu Claro;Dupla;Interseção de Vias;Sim;1;0;1;0;0;0;1;1;-10,90312707;-61,93016617;SPRF-RO;DEL02-RO;UOP01-DEL02-RO
704387;12/07/2025;sábado;22:25:00;PB;101;102,5;ALHANDRA;Ingestão de álcool pelo condutor;Saída de leito carroçável;Com Vítimas Feridas;Plena Noite;Crescente;Céu Claro;Dupla;Reta;Não;1;0;0;1;0;0;1;1;-7,287233;-34,938714;SPRF-PB;DEL01-PB;UOP01-DEL01-PB
704388;12/07/2025;sábado;23:10:00;MG;50;77,4;UBERLANDIA;Ingestão de álcool pelo condutor;Colisão traseira;Com Vítimas Feridas;Plena Noite;Crescente;Nublado;Dupla;Reta;Sim;3;0;2;0;1;0;2;2;-18,9287326;-48,2220326;SPRF-MG;DEL15-MG;UOP01-DEL15-MG
704391;12/07/2025;sábado;21:45:00;MS;163;184;JUTI;Ausência de reação do condutor;Saída de leito carroçável;Com Vítimas Feridas;Plena Noite;Decrescente;Céu Claro;Simples;Reta;Não;1;0;1;0;0;0;1;1;-22,811809;-54,716101;SPRF-MS;DEL09-MS;UOP01-DEL09-MS
704392;12/07/2025;sábado;20:15:00;SC;282;545;CHAPECO;Ingestão de álcool pelo condutor;Colisão frontal;Com Vítimas Feridas;Plena Noite;Crescente;Céu Claro;Simples;Reta;Não;6;0;1;5;0;0;6;2;-26,98935318;-52,73170218;SPRF-SC;DEL07-SC;UOP01-DEL07-SC
704393;13/07/2025;domingo;00:30:00;SC;101;319;PESCARIA BRAVA;Condutor deixou de manter distância do veículo da frente;Colisão traseira;Com Vítimas Feridas;Plena Noite;Decrescente;Céu Claro;Múltipla;Reta;Sim;4;0;2;0;2;0;2;2;-28,4264454;-48,8871551;SPRF-SC;DEL02-SC;UOP01-DEL02-SC
704394;02/06/2025;segunda-feira;07:00:00;ES;101;267,9;SERRA;Condutor desrespeitou a iluminação vermelha do semáforo;Colisão transversal;Sem Vítimas;Pleno dia;Crescente;Céu Claro;Simples;Reta;Sim;1;0;0;0;0;1;0;1;-20,19810692;-40,26855532;SPRF-ES;DEL02-ES;UOP01-DEL02-ES
704396;13/07/2025;domingo;00:30:00;GO;60;91,8;ANAPOLIS;Velocidade Incompatível;Saída de leito carroçável;Sem Vítimas;Plena Noite;Decrescente;Céu Claro;Dupla;"Reta;Declive";Sim;1;0;0;0;0;1;0;1;-16,3503477;-48,910384;SPRF-GO;DEL02-GO;UOP01-DEL02-GO
704397;13/07/2025;domingo;00:30:00;PR;116;123;CURITIBA;Reação tardia ou ineficiente do condutor;Queda de ocupante de veículo;Com Vítimas Feridas;Plena Noite;Crescente;Céu Claro;Dupla;Declive;Sim;2;0;1;1;0;0;2;1;-25,61169055;-49,31893436;SPRF-PR;DEL01-PR;UOP03-DEL01-PR
704398;13/07/2025;domingo;00:30:00;MG;251;516,9;MONTES CLAROS;Pista Escorregadia;Saída de leito carroçável;Com Vítimas Feridas;Plena Noite;Crescente;Ignorado;Simples;"Declive;Reta";Não;12;0;11;1;0;0;12;1;-16,65970469;-43,74394683;SPRF-MG;DEL12-MG;UOP01-DEL12-MG
704399;12/07/2025;sábado;21:22:00;PB;230;103,4;MOGEIRO;Reação tardia ou ineficiente do condutor;Capotamento;Sem Vítimas;Plena Noite;Decrescente;Céu Claro;Dupla;Reta;Não;1;0;0;0;0;1;0;1;-7,20638;-35,517319;SPRF-PB;DEL01-PB;UOP02-DEL01-PB
704400;13/07/2025;domingo;00:15:00;MG;116;523,1;CARATINGA;Velocidade Incompatível;Tombamento;Com Vítimas Feridas;Plena Noite;Decrescente;Nublado;Simples;Curva;Não;1;0;1;0;0;0;1;1;-19,75545;-42,133058;SPRF-MG;DEL06-MG;UOP02-DEL06-MG