id;data_inversa;dia_semana;horario;uf;br;km;municipio;causa_acidente;tipo_acidente;classificacao_acidente;fase_dia;sentido_via;condicao_metereologica;tipo_pista;tracado_via;uso_solo;pessoas;mortos;feridos_leves;feridos_graves;ilesos;ignorados;feridos;veiculos;latitude;longitude;regional;delegacia;uop
704401;12/07/2025;sábado;23:45:00;PB;230;64;SAO MIGUEL DE TAIPU;Animais na Pista;Atropelamento de Animal;Com Vítimas Fatais;Plena Noite;Crescente;Céu Claro;Dupla;Reta;Sim;2;1;0;1;0;0;1;1;-7,191111;-35,183228;SPRF-PB;DEL01-PB;UOP02-DEL01-PB
704402;13/07/2025;domingo;01:09:00;MG;381;894;CAMBUI;Reação tardia ou ineficiente do condutor;Saída de leito carroçável;Com Vítimas Feridas;Plena Noite;Decrescente;Céu Claro;Dupla;Reta;Não;2;0;1;1;0;0;2;1;-22,57797554;-46,04380846;SPRF-MG;DEL16-MG;UOP01-DEL16-MG
704403;12/07/2025;sábado;23:50:00;SP;381;68;MAIRIPORA;Velocidade Incompatível;Saída de leito carroçável;Com Vítimas Feridas;Plena Noite;Crescente;Céu Claro;Dupla;"Aclive;Curva";Não;1;0;1;0;0;0;1;1;-23,343744;-46,5727513;SPRF-SP;DEL03-SP;UOP01-DEL03-SP
704404;12/07/2025;sábado;17:25:00;PB;230;41;SANTA RITA;Ausência de reação do condutor;Queda de ocupante de veículo;Com Vítimas Feridas;Anoitecer;Crescente;Céu Claro;Dupla;Reta;Não;2;0;1;0;0;1;1;1;-7,142651;-34,989776;SPRF-PB;DEL01-PB;UOP02-DEL01-PB
704405;13/07/2025;domingo;01:30:00;TO;153;146,7;ARAGUAINA;Ausência de reação do condutor;Tombamento;Com Vítimas Feridas;Plena Noite;Crescente;Céu Claro;Dupla;"Reta;Interseção de Vias";Sim;1;0;1;0;0;0;1;1;-7,21965;-48,24762;SPRF-TO;DEL02-TO;UOP01-DEL02-TO
704406;12/07/2025;sábado;19:20:00;BA;324;608;SIMOES FILHO;Avarias e/ou desgaste excessivo no pneu;Queda de ocupante de veículo;Com Vítimas Feridas;Plena Noite;Decrescente;Nublado;Dupla;Reta;Não;1;0;1;0;0;0;1;1;-12,82517579;-38,40939973;SPRF-BA;DEL01-BA;UOP01-DEL01-BA
704407;12/07/2025;sábado;08:00:00;MA;222;173;ITAPECURU MIRIM;Acessar a via sem observar a presença dos outros veículos;Colisão transversal;Sem Vítimas;Pleno dia;Decrescente;Céu Claro;Simples;Curva;Não;2;0;0;0;0;2;0;2;-3,487615;-44,10316;SPRF-MA;DEL01-MA;UOP02-DEL01-MA
704408;13/07/2025;domingo;01:25:00;SC;101;192;BIGUACU;Ingestão de álcool pelo condutor;Colisão com objeto;Sem Vítimas;Plena Noite;Decrescente;Céu Claro;Múltipla;Curva;Sim;1;0;0;0;1;0;0;1;-27,487099;-48,649842;SPRF-SC;DEL01-SC;UOP01-DEL01-SC
704410;12/07/2025;sábado;21:25:00;AL;316;80;SANTANA DO IPANEMA;Iluminação deficiente;Queda de ocupante de veículo;Com Vítimas Feridas;Plena Noite;Crescente;Garoa/Chuvisco;Simples;Reta;Não;2;0;2;0;0;0;2;1;-9,352822;-37,274163;SPRF-AL;DEL03-AL;UOP02-DEL03-AL
704411;13/07/2025;domingo;01:48:00;PE;423;68;JUPI;Velocidade Incompatível;Colisão com objeto;Sem Vítimas;Plena Noite;Decrescente;Céu Claro;Simples;"Curva;Aclive";Não;1;0;0;0;0;1;0;1;-8,673775;-36,398512;SPRF-PE;DEL03-PE;UOP01-DEL03-PE
704412;13/07/2025;domingo;01:30:00;CE;222;234,7;SOBRAL;Reação tardia ou ineficiente do condutor;Colisão frontal;Com Vítimas Feridas;Plena Noite;Decrescente;Céu Claro;Simples;Reta;Não;4;0;1;0;3;0;1;4;-3,71435833;-40,43937302;SPRF-CE;DEL04-CE;UOP01-DEL04-CE
704413;13/07/2025;domingo;00:57:00;SC;280;70,9;JARAGUA DO SUL;Reação tardia ou ineficiente do condutor;Colisão com objeto;Com Vítimas Fatais;Plena Noite;Decrescente;Nublado;Múltipla;"Em Obras;Rotatória";Não;1;1;0;0;0;0;0;1;-26,460172;-49,138025;SPRF-SC;DEL03-SC;UOP03-DEL03-SC
704415;13/07/2025;domingo;02:50:00;SC;101;370;SANGAO;Ausência de reação do condutor;Saída de leito carroçável;Sem Vítimas;Plena Noite;Crescente;Céu Claro;Dupla;Reta;Não;1;0;0;0;1;0;0;1;-28,69628152;-49,17058825;SPRF-SC;DEL02-SC;UOP01-DEL02-SC
704416;13/07/2025;domingo;02:55:00;PB;101;85;BAYEUX;Ingestão de álcool pelo condutor;Colisão com objeto;Sem Vítimas;Plena Noite;Crescente;Céu Claro;Dupla;Reta;Não;1;0;0;0;1;0;0;1;-7,148586;-34,912679;SPRF-PB;DEL01-PB;UOP01-DEL01-PB
704417;13/07/2025;domingo;04:00:00;BA;101;505;ITABUNA;Ingestão de álcool pelo condutor;Colisão lateral sentido oposto;Sem Vítimas;Plena Noite;Decrescente;Chuva;Simples;Reta;Sim;2;0;0;0;2;0;0;2;-14,7750912;-39,288832;SPRF-BA;DEL05-BA;UOP01-DEL05-BA
704419;13/07/2025;domingo;04:00:00;RS;116;266;CANOAS;Condutor Dormindo;Saída de leito carroçável;Sem Vítimas;Plena Noite;Decrescente;Céu Claro;Múltipla;Reta;Sim;2;0;0;0;2;0;0;1;-29,93241515;-51,17726533;SPRF-RS;DEL01-RS;UOP01-DEL01-RS
704420;13/07/2025;domingo;04:45:00;SC;101;155,8;PORTO BELO;Reação tardia ou ineficiente do condutor;Saída de leito carroçável;Com Vítimas Feridas;Plena Noite;Crescente;Nevoeiro/Neblina;Múltipla;Reta;Sim;2;0;1;0;1;0;1;1;-27,16950746;-48,61141205;SPRF-SC;DEL04-SC;UOP03-DEL04-SC
704421;13/07/2025;domingo;04:25:00;MA;10;256;IMPERATRIZ;Ingestão de álcool pelo condutor;Colisão transversal;Com Vítimas Feridas;Plena Noite;Decrescente;Céu Claro;Simples;Reta;Não;2;0;1;0;1;0;1;2;-5,490863;-47,471978;SPRF-MA;DEL04-MA;UOP01-DEL04-MA
704422;13/07/2025;domingo;04:00:00;SC;101;35,5;PALHOCA;Condutor Dormindo;Colisão com objeto;Com Vítimas Feridas;Plena Noite;Crescente;Nublado;Dupla;"Reta;Aclive";Não;1;0;1;0;0;0;1;1;-27,606318;-48,637791;SPRF-SC;DEL01-SC;UOP02-DEL01-SC
704424;13/07/2025;domingo;05:00:00;BA;330;804;JEQUIE;Ausência de reação do condutor;Colisão frontal;Com Vítimas Feridas;Amanhecer;Decrescente;Garoa/Chuvisco;Simples;"Declive;Curva";Não;5;0;2;0;3;0;2;2;-13,96726183;-39,95834827;SPRF-BA;DEL03-BA;UOP01-DEL03-BA
704425;13/07/2025;domingo;05:40:00;RS;116;256;SAPUCAIA DO SUL;Reação tardia ou ineficiente do condutor;Colisão com objeto;Sem Vítimas;Plena Noite;Decrescente;Garoa/Chuvisco;Múltipla;Reta;Sim;1;0;0;0;0;1;0;1;-29,833883;-51,174393;SPRF-RS;DEL01-RS;UOP02-DEL01-RS
704426;13/07/2025;domingo;06:10:00;PR;277;675;MEDIANEIRA;Condutor Dormindo;Saída de leito carroçável;Com Vítimas Feridas;Plena Noite;Decrescente;Céu Claro;Múltipla;Reta;Sim;2;0;2;0;0;0;2;1;-25,292736;-54,111822;SPRF-PR;DEL05-PR;UOP01-DEL05-PR
704427;13/07/2025;domingo;02:50:00;MG;381;495;BETIM;Ausência de reação do condutor;Capotamento;Sem Vítimas;Plena Noite;Decrescente;Ignorado;Dupla;Reta;Sim;1;0;0;0;0;1;0;1;-19,97343046;-44,18436599;SPRF-MG;DEL01-MG;UOP03-DEL01-MG
704428;13/07/2025;domingo;06:30:00;BA;101;507;ITABUNA;Ingestão de álcool pelo condutor;Tombamento;Com Vítimas Feridas;Pleno dia;Decrescente;Chuva;Simples;"Declive;Reta";Não;2;0;2;0;0;0;2;1;-14,7750912;-39,288832;SPRF-BA;DEL05-BA;UOP01-DEL05-BA
704430;13/07/2025;domingo;00:30:00;SC;116;140;SANTA CECILIA;Transitar na contramão;Colisão frontal;Com Vítimas Fatais;Plena Noite;Decrescente;Nublado;Simples;"Declive;Reta";Sim;3;1;2;0;0;0;2;2;-26,964498;-50,410687;SPRF-SC;DEL06-SC;UOP02-DEL06-SC
704431;13/07/2025;domingo;06:30:00;PA;316;34;SANTA IZABEL DO PARA;Ausência de reação do condutor;Colisão frontal;Com Vítimas Feridas;Pleno dia;Crescente;Céu Claro;Simples;Curva;Sim;3;0;2;0;1;0;2;2;-1,293698;-48,171532;SPRF-PA;DEL01-PA;UOP01-DEL01-PA
704434;13/07/2025;domingo;03:00:00;PR;373;242,6;GUAMIRANGA;Ingestão de álcool pelo condutor;Saída de leito carroçável;Sem Vítimas;Plena Noite;Decrescente;Céu Claro;Simples;"Aclive;Reta";Não;1;0;0;0;1;0;0;1;-25,19647835;-50,78011378;SPRF-PR;DEL03-PR;UOP01-DEL03-PR
704435;13/07/2025;domingo;06:50:00;RS;116;303;GUAIBA;Ausência de reação do condutor;Saída de leito carroçável;Sem Vítimas;Pleno dia;Decrescente;Nevoeiro/Neblina;Simples;Reta;Não;1;0;0;0;1;0;0;1;-30,1448187;-51,3627664;SPRF-RS;DEL02-RS;UOP01-DEL02-RS
704436;13/07/2025;domingo;07:20:00;PR;373;243,9;GUAMIRANGA;Velocidade Incompatível;Colisão com objeto;Com Vítimas Feridas;Plena Noite;Crescente;Céu Claro;Simples;"Declive;Curva";Não;1;0;1;0;0;0;1;1;-25,1907019;-50,7952481;SPRF-PR;DEL03-PR;UOP01-DEL03-PR
704437;13/07/2025;domingo;06:00:00;PA;222;218;BOM JESUS DO TOCANTINS;Ausência de reação do condutor;Colisão traseira;Com Vítimas Fatais;Amanhecer;Crescente;Céu Claro;Simples;"Aclive;Reta";Não;4;2;0;0;2;0;0;3;-5,14018573;-48,84658813;SPRF-PA;DEL03-PA;UOP01-DEL03-PA
704439;11/07/2025;sexta-feira;18:30:00;MT;70;2;BARRA DO GARCAS;Acessar a via sem observar a presença dos outros veículos;Colisão transversal;Com Vítimas Feridas;Plena Noite;Crescente;Céu Claro;Simples;"Reta;Interseção de Vias";Sim;3;0;2;0;1;0;2;2;-15,8877584;-52,2677218;SPRF-MT;DEL07-MT;UOP01-DEL07-MT
704440;13/07/2025;domingo;03:00:00;MT;174;109;MIRASSOL DOESTE;Ausência de reação do condutor;Saída de leito carroçável;Com Vítimas Feridas;Plena Noite;Decrescente;Céu Claro;Simples;Reta;Não;2;0;2;0;0;0;2;1;-15,819993;-57,947902;SPRF-MT;DEL03-MT;UOP01-DEL03-MT
704441;13/07/2025;domingo;07:17:00;RJ;101;406;ITAGUAI;Acessar a via sem observar a presença dos outros veículos;Colisão traseira;Com Vítimas Feridas;Pleno dia;Crescente;Céu Claro;Dupla;Reta;Não;2;0;1;0;1;0;1;2;-22,85943072;-43,76658834;SPRF-RJ;DEL03-RJ;UOP01-DEL03-RJ
704443;13/07/2025;domingo;07:40:00;RS;392;102;MORRO REDONDO;Ingestão de álcool pelo condutor;Saída de leito carroçável;Com Vítimas Feridas;Amanhecer;Crescente;Nevoeiro/Neblina;Simples;"Reta;Aclive";Não;1;0;0;1;0;0;1;1;-31,49737222;-52,61369705;SPRF-RS;DEL07-RS;UOP01-DEL07-RS
704444;13/07/2025;domingo;04:00:00;MG;365;503;PATROCINIO;Velocidade Incompatível;Saída de leito carroçável;Com Vítimas Fatais;Amanhecer;Decrescente;Céu Claro;Simples;Reta;Não;3;1;2;0;0;0;2;1;-18,959;-47,2357;SPRF-MG;DEL10-MG;UOP01-DEL10-MG
704445;13/07/2025;domingo;08:10:00;BA;101;873;TEIXEIRA DE FREITAS;Ausência de reação do condutor;Colisão traseira;Sem Vítimas;Pleno dia;Crescente;Céu Claro;Simples;"Aclive;Curva";Não;5;0;0;0;4;1;0;3;-17,51768939;-39,7069931;SPRF-BA;DEL09-BA;UOP02-DEL09-BA
704447;13/07/2025;domingo;07:10:00;RJ;40;124;RIO DE JANEIRO;Avarias e/ou desgaste excessivo no pneu;Tombamento;Com Vítimas Feridas;Pleno dia;Crescente;Céu Claro;Dupla;"Aclive;Curva";Sim;1;0;1;0;0;0;1;1;-22,81380791;-43,28790185;SPRF-RJ;DEL01-RJ;UOP02-DEL01-RJ
704449;13/07/2025;domingo;08:00:00;PE;232;411;SERRA TALHADA;Acessar a via sem observar a presença dos outros veículos;Colisão transversal;Sem Vítimas;Pleno dia;Crescente;Céu Claro;Simples;"Curva;Declive";Sim;3;0;0;0;3;0;0;2;-7,980115;-38,314272;SPRF-PE;DEL04-PE;UOP01-DEL04-PE
704452;13/07/2025;domingo;08:52:00;PR;116;10,1;COLOMBO;Reação tardia ou ineficiente do condutor;Tombamento;Com Vítimas Feridas;Pleno dia;Crescente;Nublado;Dupla;"Aclive;Reta";Sim;1;0;1;0;0;0;1;1;-25,371833;-49,134165;SPRF-PR;DEL01-PR;UOP02-DEL01-PR
704453;23/06/2025;segunda-feira;21:55:00;SE;101;39;JAPARATUBA;Reação tardia ou ineficiente do condutor;Colisão com objeto;Com Vítimas Feridas;Plena Noite;Decrescente;Céu Claro;Dupla;Aclive;Não;1;0;1;0;0;0;1;1;-10,519579;-36,951311;SPRF-SE;DEL02-SE;UOP02-DEL02-SE
704454;13/07/2025;domingo;09:40:00;RJ;495;1;TERESOPOLIS;Acessar a via sem observar a presença dos outros veículos;Colisão lateral mesmo sentido;Com Vítimas Feridas;Amanhecer;Crescente;Céu Claro;Simples;"Reta;Interseção de Vias";Sim;3;0;2;0;1;0;2;2;-22,402167;-42,970334;SPRF-RJ;DEL04-RJ;UOP01-DEL04-RJ
704455;13/07/2025;domingo;07:30:00;RJ;101;565;PARATY;Reação tardia ou ineficiente do condutor;Colisão com objeto;Sem Vítimas;Pleno dia;Decrescente;Céu Claro;Simples;Curva;Não;1;0;0;0;1;0;0;1;-23,15942837;-44,70892733;SPRF-RJ;DEL03-RJ;UOP04-DEL03-RJ
704456;12/07/2025;sábado;21:00:00;GO;70;474;ARAGARCAS;Acessar a via sem observar a presença dos outros veículos;Colisão transversal;Com Vítimas Feridas;Plena Noite;Decrescente;Céu Claro;Dupla;"Retorno Regulamentado;Reta";Sim;2;0;0;1;1;0;1;2;-15,896645;-52,240348;SPRF-GO;DEL04-GO;UOP02-DEL04-GO
704457;13/07/2025;domingo;08:50:00;SC;282;57,4;RANCHO QUEIMADO;Ausência de reação do condutor;Saída de leito carroçável;Com Vítimas Feridas;Pleno dia;Crescente;Céu Claro;Simples;Curva;Não;1;0;1;0;0;0;1;1;-27,68504818;-49,00245667;SPRF-SC;DEL01-SC;UOP03-DEL01-SC
704458;13/07/2025;domingo;09:15:00;RO;364;698;PORTO VELHO;Ingestão de álcool pelo condutor;Colisão traseira;Sem Vítimas;Pleno dia;Decrescente;Céu Claro;Dupla;Reta;Não;3;0;0;0;3;0;0;2;-8,8080384;-63,7599744;SPRF-RO;DEL01-RO;UOP01-DEL01-RO
704459;12/07/2025;sábado;22:30:00;RJ;40;97;DUQUE DE CAXIAS;Reação tardia ou ineficiente do condutor;Colisão com objeto;Com Vítimas Feridas;Plena Noite;Crescente;Nublado;Dupla;Curva;Sim;1;0;1;0;0;0;1;1;-22,57502336;-43,2723999;SPRF-RJ;DEL01-RJ;UOP01-DEL01-RJ
704460;13/07/2025;domingo;09:30:00;MG;153;218,6;FRUTAL;Ausência de reação do condutor;Tombamento;Com Vítimas Feridas;Pleno dia;Crescente;Céu Claro;Simples;Reta;Não;1;0;1;0;0;0;1;1;-20,05098;-49,04495;SPRF-MG;DEL13-MG;UOP02-DEL13-MG
704462;27/06/2025;sexta-feira;20:30:00;SC;101;203;SAO JOSE;Manobra de mudança de faixa;Tombamento;Sem Vítimas;Plena Noite;Crescente;Ignorado;Dupla;Reta;Sim;2;0;0;0;1;1;0;2;-27,56849816;-48,61410968;SPRF-SC;DEL01-SC;UOP01-DEL01-SC
704463;30/06/2025;segunda-feira;18:50:00;GO;70;4;AGUAS LINDAS DE GOIAS;Manobra de mudança de faixa;Colisão lateral mesmo sentido;Com Vítimas Feridas;Plena Noite;Crescente;Céu Claro;Dupla;Reta;Não;3;0;1;0;1;1;1;3;-15,75455;-48,25726;SPRF-DF;DEL03-DF;UOP02-DEL03-DF
704465;13/07/2025;domingo;09:40:00;RS;285;118,5;VACARIA;Retorno proibido;Colisão transversal;Sem Vítimas;Pleno dia;Decrescente;Céu Claro;Simples;Reta;Sim;4;0;0;0;4;0;0;2;-28,50471341;-50,91534376;SPRF-RS;DEL05-RS;UOP03-DEL05-RS
704466;13/07/2025;domingo;10:50:00;RN;406;170;SAO GONCALO DO AMARANTE;Reação tardia ou ineficiente do condutor;Colisão traseira;Sem Vítimas;Pleno dia;Crescente;Céu Claro;Dupla;"Interseção de Vias;Em Obras;Reta";Sim;2;0;0;0;2;0;0;2;-5,757881;-35,301638;SPRF-RN;DEL02-RN;UOP01-DEL02-RN
704467;13/07/2025;domingo;10:15:00;RJ;116;297,7;PORTO REAL;Avarias e/ou desgaste excessivo no pneu;Tombamento;Com Vítimas Feridas;Pleno dia;Crescente;Sol;Dupla;"Reta;Aclive";Não;2;0;2;0;0;0;2;1;-22,44956033;-44,3142206;SPRF-RJ;DEL07-RJ;UOP02-DEL07-RJ
704468;13/07/2025;domingo;09:45:00;PI;343;467;ANGICAL DO PIAUI;Reação tardia ou ineficiente do condutor;Colisão traseira;Sem Vítimas;Pleno dia;Crescente;Céu Claro;Simples;Reta;Sim;1;0;0;0;1;0;0;1;-6,061467;-42,736165;SPRF-PI;DEL01-PI;UOP02-DEL01-PI
704470;13/07/2025;domingo;11:30:00;GO;40;20;LUZIANIA;Condutor deixou de manter distância do veículo da frente;Colisão lateral mesmo sentido;Sem Vítimas;Pleno dia;Crescente;Céu Claro;Dupla;Reta;Não;2;0;0;0;1;1;0;2;-16,21275947;-47,91661173;SPRF-DF;DEL01-DF;UOP01-DEL01-DF
704472;13/07/2025;domingo;11:10:00;PR;376;224,9;CAMBIRA;Ausência de reação do condutor;Colisão com objeto;Com Vítimas Feridas;Pleno dia;Crescente;Céu Claro;Dupla;Curva;Não;1;0;1;0;0;0;1;1;-23,588565;-51,573191;SPRF-PR;DEL07-PR;UOP03-DEL07-PR
704473;13/07/2025;domingo;08:33:00;MG;381;721,1;CARMO DA CACHOEIRA;Ausência de reação do condutor;Queda de ocupante de veículo;Com Vítimas Feridas;Pleno dia;Decrescente;Céu Claro;Dupla;Reta;Não;1;0;1;0;0;0;1;1;-21,43421476;-45,20942688;SPRF-MG;DEL04-MG;UOP02-DEL04-MG
704475;13/07/2025;domingo;12:15:00;GO;40;10;LUZIANIA;Acessar a via sem observar a presença dos outros veículos;Colisão transversal;Sem Vítimas;Pleno dia;Crescente;Céu Claro;Dupla;"Retorno Regulamentado;Reta";Sim;3;0;0;0;3;0;0;3;-16,13132;-47,95773;SPRF-DF;DEL01-DF;UOP01-DEL01-DF
704477;13/07/2025;domingo;12:10:00;MA;316;164;ARAGUANA;Acessar a via sem observar a presença dos outros veículos;Colisão frontal;Com Vítimas Feridas;Pleno dia;Crescente;Céu Claro;Simples;Reta;Não;3;0;2;0;0;1;2;2;-2,96669868;-45,66158295;SPRF-MA;DEL02-MA;UOP02-DEL02-MA
704482;13/07/2025;domingo;12:45:00;SP;116;75;APARECIDA;Condutor deixou de manter distância do veículo da frente;Colisão traseira;Com Vítimas Feridas;Pleno dia;Crescente;Céu Claro;Dupla;Reta;Não;7;0;4;0;3;0;4;5;-22,87503029;-45,26215363;SPRF-SP;DEL08-SP;UOP01-DEL08-SP
704484;13/07/2025;domingo;09:40:00;PR;163;243;TOLEDO;Condutor Dormindo;Capotamento;Com Vítimas Feridas;Pleno dia;Crescente;Nublado;Dupla;"Declive;Reta";Não;1;0;1;0;0;0;1;1;-24,70670965;-53,72286256;SPRF-PR;DEL06-PR;UOP02-DEL06-PR
704488;13/07/2025;domingo;13:40:00;MG;153;174,6;COMENDADOR GOMES;Acessar a via sem observar a presença dos outros veículos;Colisão transversal;Com Vítimas Feridas;Pleno dia;Crescente;Céu Claro;Simples;Reta;Não;3;0;1;0;2;0;1;2;-19,75129;-48,968724;SPRF-MG;DEL13-MG;UOP02-DEL13-MG
704489;13/07/2025;domingo;13:50:00;MG;116;744,5;LEOPOLDINA;Desrespeitar a preferência no cruzamento;Colisão transversal;Com Vítimas Feridas;Pleno dia;Crescente;Sol;Simples;Interseção de Vias;Não;2;0;0;1;1;0;1;2;-21,542661;-42,65587775;SPRF-MG;DEL07-MG;UOP01-DEL07-MG
704490;13/07/2025;domingo;12:15:00;RS;290;4;OSORIO;Reação tardia ou ineficiente do condutor;Colisão lateral mesmo sentido;Com Vítimas Feridas;Pleno dia;Crescente;Céu Claro;Dupla;Reta;Não;5;0;1;0;4;0;1;2;-29,8570518;-50,2480906;SPRF-RS;DEL03-RS;UOP01-DEL03-RS
704491;13/07/2025;domingo;11:00:00;ES;262;84,6;DOMINGOS MARTINS;Mal súbito do condutor;Tombamento;Com Vítimas Feridas;Pleno dia;Decrescente;Sol;Simples;"Declive;Reta";Não;2;0;2;0;0;0;2;1;-20,399802;-40,982405;SPRF-ES;DEL01-ES;UOP02-DEL01-ES
704492;13/07/2025;domingo;11:21:00;AC;364;138;RIO BRANCO;Retorno proibido;Colisão traseira;Com Vítimas Feridas;Pleno dia;Crescente;Sol;Dupla;Reta;Sim;2;0;1;0;1;0;1;2;-9,954969;-67,85974;SPRF-AC;DEL01-AC;UOP01-DEL01-AC
704493;13/07/2025;domingo;13:15:00;SC;101;215,7;PALHOCA;Manobra de mudança de faixa;Colisão lateral mesmo sentido;Com Vítimas Feridas;Pleno dia;Decrescente;Céu Claro;Múltipla;"Aclive;Curva";Não;2;0;0;1;1;0;1;2;-27,65708785;-48,67834394;SPRF-SC;DEL01-SC;UOP02-DEL01-SC
704494;13/07/2025;domingo;11:20:00;GO;452;4;RIO VERDE;Demais falhas mecânicas ou elétricas;Incêndio;Sem Vítimas;Pleno dia;Crescente;Céu Claro;Simples;Reta;Não;1;0;0;0;1;0;0;1;-17,80498455;-50,8705673;SPRF-GO;DEL04-GO;UOP01-DEL04-GO
704495;13/07/2025;domingo;13:48:00;RS;158;336;SANTA MARIA;Reação tardia ou ineficiente do condutor;Saída de leito carroçável;Com Vítimas Feridas;Pleno dia;Decrescente;Céu Claro;Simples;"Reta;Interseção de Vias";Não;4;0;2;0;2;0;2;1;-29,712444;-53,89334;SPRF-RS;DEL09-RS;UOP01-DEL09-RS
704496;13/07/2025;domingo;13:20:00;RJ;116;143;DUQUE DE CAXIAS;Ausência de reação do condutor;Colisão traseira;Com Vítimas Feridas;Pleno dia;Crescente;Céu Claro;Dupla;Reta;Não;3;0;0;2;1;0;2;2;-22,65203683;-43,23875427;SPRF-RJ;DEL01-RJ;UOP02-DEL01-RJ
704497;13/07/2025;domingo;14:30:00;PB;230;203;OLIVEDOS;Ausência de reação do condutor;Colisão traseira;Com Vítimas Feridas;Pleno dia;Decrescente;Céu Claro;Simples;"Reta;Declive";Não;4;0;1;0;2;1;1;3;-7,094037;-36,270892;SPRF-PB;DEL02-PB;UOP02-DEL02-PB
704498;13/07/2025;domingo;12:52:00;RJ;116;143;DUQUE DE CAXIAS;Velocidade Incompatível;Colisão traseira;Com Vítimas Feridas;Pleno dia;Crescente;Céu Claro;Dupla;Reta;Sim;3;0;1;0;2;0;1;2;-22,6692038;-43,2712999;SPRF-RJ;DEL01-RJ;UOP02-DEL01-RJ
704501;13/07/2025;domingo;13:30:00;RS;116;203;PICADA CAFE;Ausência de reação do condutor;Queda de ocupante de veículo;Com Vítimas Feridas;Pleno dia;Decrescente;Céu Claro;Simples;Reta;Não;1;0;1;0;0;0;1;1;-29,45699011;-51,13825545;SPRF-RS;DEL05-RS;UOP02-DEL05-RS
704502;13/07/2025;domingo;07:30:00;BA;116;403;FEIRA DE SANTANA;Velocidade Incompatível;Saída de leito carroçável;Com Vítimas Feridas;Pleno dia;Crescente;Céu Claro;Dupla;Curva;Não;1;0;1;0;0;0;1;1;-12,058907;-38,969765;SPRF-BA;DEL02-BA;UOP01-DEL02-BA
704504;13/07/2025;domingo;14:20:00;GO;153;587,5;PIRACANJUBA;Reação tardia ou ineficiente do condutor;Saída de leito carroçável;Com Vítimas Feridas;Pleno dia;Decrescente;Céu Claro;Dupla;Curva;Não;4;0;2;0;2;0;2;1;-17,439332;-49,231382;SPRF-GO;DEL03-GO;UOP01-DEL03-GO
704505;22/06/2025;domingo;02:00:00;SC;101;189;BIGUACU;Ausência de reação do condutor;Colisão traseira;Com Vítimas Feridas;Plena Noite;Decrescente;Nublado;Dupla;Reta;Sim;2;0;1;1;0;0;2;2;-27,45979;-48,63896;SPRF-SC;DEL01-SC;UOP01-DEL01-SC
704506;13/07/2025;domingo;14:45:00;PR;476;172;CONTENDA;Ingestão de álcool pelo condutor;Colisão lateral mesmo sentido;Sem Vítimas;Pleno dia;Decrescente;Sol;Dupla;"Retorno Regulamentado;Reta";Não;2;0;0;0;2;0;0;2;-25,685632;-49,534897;SPRF-PR;DEL01-PR;UOP06-DEL01-PR
704507;13/07/2025;domingo;14:32:00;RS;470;246;BARAO;Reação tardia ou ineficiente do condutor;Colisão com objeto;Com Vítimas Feridas;Pleno dia;Decrescente;Céu Claro;Simples;Curva;Não;1;0;1;0;0;0;1;1;-29,38554992;-51,49156809;SPRF-RS;DEL06-RS;UOP01-DEL06-RS
704508;13/07/2025;domingo;15:07:00;SC;470;64,6;INDAIAL;Desrespeitar a preferência no cruzamento;Colisão transversal;Com Vítimas Feridas;Pleno dia;Crescente;Céu Claro;Simples;"Em Obras;Interseção de Vias";Sim;2;0;1;0;1;0;1;2;-26,86991617;-49,20209583;SPRF-SC;DEL04-SC;UOP01-DEL04-SC
704509;13/07/2025;domingo;15:15:00;RN;101;82;NATAL;Reação tardia ou ineficiente do condutor;Colisão lateral mesmo sentido;Com Vítimas Feridas;Pleno dia;Decrescente;Céu Claro;Dupla;Reta;Sim;4;0;1;0;3;0;1;2;-5,766943;-35,276992;SPRF-RN;DEL02-RN;UOP01-DEL02-RN
704511;13/07/2025;domingo;12:20:00;RS;468;98,3;TRES PASSOS;Avarias e/ou desgaste excessivo no pneu;Tombamento;Com Vítimas Feridas;Pleno dia;Decrescente;Céu Claro;Simples;Reta;Não;2;0;2;0;0;0;2;1;-27,48299;-53,90346;SPRF-RS;DEL08-RS;UOP02-DEL08-RS
704512;13/07/2025;domingo;13:20:00;PE;407;122,9;PETROLINA;Acessar a via sem observar a presença dos outros veículos;Colisão transversal;Com Vítimas Feridas;Pleno dia;Decrescente;Céu Claro;Dupla;"Reta;Retorno Regulamentado";Sim;4;0;1;0;3;0;1;2;-9,36094;-40,546142;SPRF-PE;DEL06-PE;UOP01-DEL06-PE
704513;13/07/2025;domingo;14:38:00;MT;364;270,9;JACIARA;Reação tardia ou ineficiente do condutor;Colisão traseira;Com Vítimas Feridas;Pleno dia;Decrescente;Céu Claro;Dupla;"Declive;Reta";Sim;2;0;0;1;0;1;1;2;-15,9697;-54,95389;SPRF-MT;DEL05-MT;UOP02-DEL05-MT
704514;13/07/2025;domingo;14:30:00;BA;20;179;LUIS EDUARDO MAGALHAES;Velocidade Incompatível;Queda de ocupante de veículo;Com Vítimas Fatais;Pleno dia;Decrescente;Céu Claro;Simples;Reta;Não;2;1;1;0;0;0;1;1;-12,3881;-45,86696;SPRF-BA;DEL10-BA;UOP01-DEL10-BA
704517;13/07/2025;domingo;11:00:00;MG;116;541,8;SANTA RITA DE MINAS;Demais falhas mecânicas ou elétricas;Tombamento;Com Vítimas Feridas;Pleno dia;Crescente;Sol;Simples;Reta;Não;2;0;2;0;0;0;2;1;-19,898702;-42,133758;SPRF-MG;DEL06-MG;UOP02-DEL06-MG