id;data_inversa;dia_semana;horario;uf;br;km;municipio;causa_acidente;tipo_acidente;classificacao_acidente;fase_dia;sentido_via;condicao_metereologica;tipo_pista;tracado_via;uso_solo;pessoas;mortos;feridos_leves;feridos_graves;ilesos;ignorados;feridos;veiculos;latitude;longitude;regional;delegacia;uop
704520;13/07/2025;domingo;15:30:00;PR;369;239,7;JANDAIA DO SUL;Desrespeitar a preferência no cruzamento;Colisão transversal;Com Vítimas Feridas;Pleno dia;Crescente;Céu Claro;Simples;Interseção de Vias;Não;2;0;1;0;1;0;1;2;-23,662764;-51,69239044;SPRF-PR;DEL09-PR;UOP01-DEL09-PR
704521;13/07/2025;domingo;16:30:00;SP;116;157;SAO JOSE DOS CAMPOS;Manobra de mudança de faixa;Colisão lateral mesmo sentido;Com Vítimas Feridas;Pleno dia;Crescente;Céu Claro;Múltipla;Reta;Sim;3;0;2;0;1;0;2;2;-23,2523474;-45,93899846;SPRF-SP;DEL02-SP;UOP01-DEL02-SP
704522;13/07/2025;domingo;16:45:00;PE;408;81;SAO LOURENCO DA MATA;Manobra de mudança de faixa;Colisão com objeto;Com Vítimas Feridas;Pleno dia;Decrescente;Céu Claro;Dupla;Reta;Não;2;0;1;0;1;0;1;1;-7,97799;-35,07512;SPRF-PE;DEL01-PE;UOP01-DEL01-PE
704524;13/07/2025;domingo;17:00:00;CE;222;15;CAUCAIA;Condutor deixou de manter distância do veículo da frente;Colisão transversal;Sem Vítimas;Pleno dia;Decrescente;Céu Claro;Simples;"Reta;Em Obras";Não;2;0;0;0;2;0;0;2;-3,76023221;-38,6951321;SPRF-CE;DEL01-CE;UOP01-DEL01-CE
704526;13/07/2025;domingo;08:30:00;BA;330;796;JEQUIE;Ausência de reação do condutor;Saída de leito carroçável;Com Vítimas Feridas;Amanhecer;Decrescente;Chuva;Simples;"Reta;Declive";Não;2;0;2;0;0;0;2;1;-13,92281449;-40,00528479;SPRF-BA;DEL03-BA;UOP01-DEL03-BA
704527;13/07/2025;domingo;17:40:00;MG;381;843,2;SAO SEBASTIAO DA BELA VISTA;Ingestão de álcool pelo condutor;Colisão lateral mesmo sentido;Com Vítimas Feridas;Plena Noite;Crescente;Céu Claro;Dupla;Reta;Sim;3;0;1;0;1;1;1;2;-22,19061;-45,84646;SPRF-MG;DEL16-MG;UOP01-DEL16-MG
704528;13/07/2025;domingo;17:00:00;RS;470;158;NOVA PRATA;Reação tardia ou ineficiente do condutor;Colisão com objeto;Com Vítimas Feridas;Pleno dia;Crescente;Céu Claro;Simples;"Interseção de Vias;Rotatória";Sim;3;0;3;0;0;0;3;1;-28,80180186;-51,61023974;SPRF-RS;DEL06-RS;UOP02-DEL06-RS
704529;13/07/2025;domingo;17:00:00;MG;40;771,5;JUIZ DE FORA;Velocidade Incompatível;Colisão lateral sentido oposto;Com Vítimas Feridas;Anoitecer;Decrescente;Céu Claro;Simples;Reta;Não;4;0;1;0;2;1;1;3;-21,63417289;-43,44221592;SPRF-MG;DEL05-MG;UOP01-DEL05-MG
704530;13/07/2025;domingo;10:00:00;RJ;101;311;SAO GONCALO;Demais falhas mecânicas ou elétricas;Queda de ocupante de veículo;Com Vítimas Feridas;Pleno dia;Crescente;Céu Claro;Dupla;Reta;Sim;2;0;1;0;1;0;1;1;-22,790144;-43,024384;SPRF-RJ;DEL02-RJ;UOP02-DEL02-RJ
704531;13/07/2025;domingo;17:30:00;PB;230;348;PATOS;Acessar a via sem observar a presença dos outros veículos;Colisão transversal;Com Vítimas Feridas;Anoitecer;Crescente;Céu Claro;Simples;Reta;Não;3;0;1;0;2;0;1;2;-6,95767;-37,370529;SPRF-PB;DEL03-PB;UOP01-DEL03-PB
704534;13/07/2025;domingo;17:50:00;RS;116;238;NOVO HAMBURGO;Condutor deixou de manter distância do veículo da frente;Colisão traseira;Sem Vítimas;Anoitecer;Decrescente;Céu Claro;Múltipla;Reta;Sim;2;0;0;0;2;0;0;2;-29,68987624;-51,14270711;SPRF-RS;DEL01-RS;UOP02-DEL01-RS
704536;13/07/2025;domingo;18:29:00;SP;381;18,9;BRAGANCA PAULISTA;Ausência de reação do condutor;Colisão lateral mesmo sentido;Com Vítimas Feridas;Plena Noite;Crescente;Céu Claro;Múltipla;Reta;Sim;2;0;0;1;1;0;1;2;-22,97320731;-46,48778553;SPRF-SP;DEL03-SP;UOP02-DEL03-SP
704537;13/07/2025;domingo;16:40:00;RN;304;283,1;MACAIBA;Reação tardia ou ineficiente do condutor;Queda de ocupante de veículo;Com Vítimas Feridas;Pleno dia;Crescente;Céu Claro;Dupla;Reta;Não;2;0;2;0;0;0;2;1;-5,88341216;-35,46858788;SPRF-RN;DEL01-RN;UOP02-DEL01-RN
704538;13/07/2025;domingo;18:30:00;BA;324;622;SALVADOR;Ingestão de álcool pelo condutor;Saída de leito carroçável;Sem Vítimas;Anoitecer;Crescente;Nublado;Dupla;"Declive;Reta";Sim;1;0;0;0;1;0;0;1;-12,9389138;-38,4709692;SPRF-BA;DEL01-BA;UOP01-DEL01-BA
704539;13/07/2025;domingo;16:25:00;RJ;101;194;CASIMIRO DE ABREU;Condutor deixou de manter distância do veículo da frente;Colisão traseira;Com Vítimas Feridas;Pleno dia;Decrescente;Céu Claro;Dupla;"Declive;Reta";Não;2;0;1;0;0;1;1;2;-22,4753754;-42,1723601;SPRF-RJ;DEL08-RJ;UOP04-DEL08-RJ
704540;13/07/2025;domingo;18:25:00;SC;282;520;XAXIM;Velocidade Incompatível;Saída de leito carroçável;Sem Vítimas;Anoitecer;Crescente;Céu Claro;Simples;"Interseção de Vias;Rotatória";Sim;1;0;0;0;1;0;0;1;-26,94892169;-52,52878603;SPRF-SC;DEL07-SC;UOP01-DEL07-SC
704541;13/07/2025;domingo;17:30:00;SE;101;5;CEDRO DE SAO JOAO;Manobra de mudança de faixa;Colisão lateral mesmo sentido;Com Vítimas Feridas;Plena Noite;Crescente;Nublado;Dupla;"Reta;Declive";Não;4;0;0;1;3;0;1;2;-10,239856;-36,852721;SPRF-SE;DEL02-SE;UOP02-DEL02-SE
704542;13/07/2025;domingo;19:00:00;MG;354;703,9;CAXAMBU;Ingestão de álcool pelo condutor;Colisão lateral sentido oposto;Sem Vítimas;Plena Noite;Decrescente;Céu Claro;Simples;Reta;Não;2;0;0;0;2;0;0;2;-21,97405567;-44,9236849;SPRF-MG;DEL17-MG;UOP01-DEL17-MG
704543;13/07/2025;domingo;18:30:00;CE;116;16;EUSEBIO;Manobra de mudança de faixa;Colisão lateral mesmo sentido;Com Vítimas Feridas;Plena Noite;Crescente;Céu Claro;Dupla;Reta;Não;3;0;0;1;1;1;1;3;-3,89333809;-38,50269198;SPRF-CE;DEL01-CE;UOP02-DEL01-CE
704546;13/07/2025;domingo;17:30:00;GO;80;12;PADRE BERNARDO;Mal súbito do condutor;Saída de leito carroçável;Com Vítimas Feridas;Pleno dia;Decrescente;Céu Claro;Simples;"Reta;Declive";Não;1;0;1;0;0;0;1;1;-15,442;-48,198;SPRF-DF;DEL03-DF;UOP02-DEL03-DF
704547;13/07/2025;domingo;14:50:00;MS;376;31,8;VICENTINA;Ausência de reação do condutor;Colisão traseira;Com Vítimas Feridas;Pleno dia;Decrescente;Céu Claro;Simples;Reta;Não;2;0;1;1;0;0;2;2;-22,392522;-54,47751;SPRF-MS;DEL04-MS;UOP01-DEL04-MS
704548;13/07/2025;domingo;18:05:00;PE;104;85;AGRESTINA;Acessar a via sem observar a presença dos outros veículos;Colisão traseira;Sem Vítimas;Plena Noite;Crescente;Nublado;Simples;"Aclive;Reta";Não;2;0;0;0;1;1;0;2;-8,442395;-35,953402;SPRF-PE;DEL02-PE;UOP01-DEL02-PE
704549;13/07/2025;domingo;17:26:00;RO;319;144;PORTO VELHO;Condutor desrespeitou a iluminação vermelha do semáforo;Colisão transversal;Com Vítimas Feridas;Pleno dia;Crescente;Céu Claro;Dupla;"Reta;Interseção de Vias";Sim;6;0;3;0;1;2;3;3;-8,76746027;-63,88429491;SPRF-RO;DEL01-RO;UOP01-DEL01-RO
704550;13/07/2025;domingo;16:50:00;SC;282;326;CAMPOS NOVOS;Demais falhas mecânicas ou elétricas;Saída de leito carroçável;Com Vítimas Feridas;Pleno dia;Decrescente;Nublado;Simples;Reta;Não;4;0;1;0;3;0;1;1;-27,46685052;-51,26701355;SPRF-SC;DEL07-SC;UOP06-DEL07-SC
704551;13/07/2025;domingo;17:30:00;RO;364;14;VILHENA;Ausência de reação do condutor;Saída de leito carroçável;Com Vítimas Feridas;Anoitecer;Crescente;Céu Claro;Dupla;Rotatória;Sim;1;0;0;1;0;0;1;1;-12,73916555;-60,13899922;SPRF-RO;DEL04-RO;UOP01-DEL04-RO
704554;13/07/2025;domingo;19:00:00;RJ;116;191;NOVA IGUACU;Manobra de mudança de faixa;Colisão lateral mesmo sentido;Com Vítimas Feridas;Plena Noite;Decrescente;Céu Claro;Dupla;Reta;Sim;3;0;1;0;1;1;1;3;-22,7432433;-43,515725;SPRF-RJ;DEL06-RJ;UOP01-DEL06-RJ
704556;13/07/2025;domingo;19:30:00;RJ;116;83;TERESOPOLIS;Velocidade Incompatível;Atropelamento de Pedestre;Com Vítimas Fatais;Plena Noite;Crescente;Céu Claro;Simples;Reta;Sim;2;1;0;0;1;0;0;2;-22,407204;-42,9513;SPRF-RJ;DEL04-RJ;UOP01-DEL04-RJ
704557;13/07/2025;domingo;15:30:00;MG;365;470;PATROCINIO;Transitar no Acostamento;Colisão lateral mesmo sentido;Com Vítimas Feridas;Pleno dia;Decrescente;Céu Claro;Simples;Reta;Não;5;0;1;0;4;0;1;2;-18,91407011;-46,97262347;SPRF-MG;DEL10-MG;UOP01-DEL10-MG
704558;13/07/2025;domingo;19:40:00;BA;116;426,7;FEIRA DE SANTANA;Pedestre - Ingestão de álcool/ substâncias psicoativas;Atropelamento de Pedestre;Com Vítimas Fatais;Plena Noite;Crescente;Chuva;Dupla;Curva;Sim;2;1;0;0;0;1;0;2;-12,27357;-38,995;SPRF-BA;DEL02-BA;UOP01-DEL02-BA
704559;13/07/2025;domingo;19:20:00;SE;235;53;ITABAIANA;Ingestão de álcool pelo condutor;Capotamento;Sem Vítimas;Plena Noite;Crescente;Céu Claro;Simples;Reta;Sim;1;0;0;0;1;0;0;1;-10,7057465;-37,427434;SPRF-SE;DEL01-SE;UOP02-DEL01-SE
704561;13/07/2025;domingo;12:50:00;SC;470;154,6;AGRONOMICA;Demais falhas na via;Colisão lateral sentido oposto;Com Vítimas Feridas;Pleno dia;Crescente;Céu Claro;Simples;"Em Obras;Reta";Sim;2;0;0;1;1;0;1;2;-27,27700714;-49,75189654;SPRF-SC;DEL04-SC;UOP02-DEL04-SC
704563;13/07/2025;domingo;19:10:00;PI;343;346;TERESINA;Ausência de reação do condutor;Colisão traseira;Sem Vítimas;Plena Noite;Crescente;Ignorado;Dupla;Curva;Sim;2;0;0;0;2;0;0;2;-5,11167679;-42,77196318;SPRF-PI;DEL01-PI;UOP01-DEL01-PI
704564;27/06/2025;sexta-feira;15:45:00;SC;116;15,6;MAFRA;Ausência de reação do condutor;Colisão lateral mesmo sentido;Com Vítimas Feridas;Pleno dia;Crescente;Céu Claro;Simples;Reta;Não;3;0;0;1;0;2;1;3;-26,2071759;-49,8828655;SPRF-SC;DEL06-SC;UOP01-DEL06-SC
704565;13/07/2025;domingo;17:35:00;MS;163;575;BANDEIRANTES;Acessar a via sem observar a presença dos outros veículos;Colisão transversal;Sem Vítimas;Anoitecer;Crescente;Céu Claro;Simples;Interseção de Vias;Não;3;0;0;0;3;0;0;2;-19,67996984;-54,35043812;SPRF-MS;DEL01-MS;UOP02-DEL01-MS
704567;12/07/2025;sábado;03:00:00;GO;80;136,8;BARRO ALTO;Demais falhas mecânicas ou elétricas;Incêndio;Sem Vítimas;Plena Noite;Decrescente;Ignorado;Simples;"Reta;Aclive";Não;1;0;0;0;0;1;0;1;-14,94580839;-48,93477297;SPRF-GO;DEL07-GO;UOP02-DEL07-GO
704568;13/07/2025;domingo;18:00:00;SP;116;310;SAO LOURENCO DA SERRA;Manobra de mudança de faixa;Queda de ocupante de veículo;Com Vítimas Feridas;Anoitecer;Decrescente;Nublado;Dupla;Reta;Não;1;0;1;0;0;0;1;1;-23,87208689;-46,96206442;SPRF-SP;DEL04-SP;UOP01-DEL04-SP
704569;13/07/2025;domingo;20:00:00;MG;365;626;UBERLANDIA;Acessar a via sem observar a presença dos outros veículos;Colisão traseira;Com Vítimas Feridas;Plena Noite;Crescente;Céu Claro;Dupla;Declive;Sim;3;0;2;0;1;0;2;2;-18,907811;-48,314845;SPRF-MG;DEL15-MG;UOP01-DEL15-MG
704570;13/07/2025;domingo;19:05:00;PR;277;150,2;BALSA NOVA;Reação tardia ou ineficiente do condutor;Queda de ocupante de veículo;Com Vítimas Feridas;Plena Noite;Decrescente;Nublado;Simples;"Aclive;Reta";Não;2;0;2;0;0;0;2;1;-25,46419413;-49,75921361;SPRF-PR;DEL03-PR;UOP03-DEL03-PR
704571;13/07/2025;domingo;17:35:00;SC;280;107,2;SAO BENTO DO SUL;Demais falhas mecânicas ou elétricas;Incêndio;Sem Vítimas;Anoitecer;Crescente;Nublado;Simples;Reta;Não;1;0;0;0;1;0;0;1;-26,33994;-49,376137;SPRF-SC;DEL06-SC;UOP03-DEL06-SC
704572;13/07/2025;domingo;19:00:00;DF;70;1,5;BRASILIA;Ausência de reação do condutor;Queda de ocupante de veículo;Com Vítimas Feridas;Plena Noite;Decrescente;Céu Claro;Dupla;Reta;Sim;1;0;1;0;0;0;1;1;-15,79717907;-48,06961566;SPRF-DF;DEL03-DF;UOP02-DEL03-DF
704573;13/07/2025;domingo;19:15:00;PR;277;590;CASCAVEL;Ausência de reação do condutor;Colisão traseira;Com Vítimas Feridas;Plena Noite;Crescente;Céu Claro;Simples;Reta;Sim;10;0;1;0;9;0;1;3;-24,98315819;-53,46048251;SPRF-PR;DEL04-PR;UOP01-DEL04-PR
704574;13/07/2025;domingo;16:30:00;RJ;101;486;ANGRA DOS REIS;Acessar a via sem observar a presença dos outros veículos;Colisão transversal;Com Vítimas Feridas;Anoitecer;Crescente;Nublado;Dupla;"Rotatória;Interseção de Vias";Sim;3;0;0;2;1;0;2;2;-22,93279872;-44,39267814;SPRF-RJ;DEL03-RJ;UOP03-DEL03-RJ
704576;13/07/2025;domingo;19:00:00;BA;101;328;PRESIDENTE TANCREDO NEVES;Velocidade Incompatível;Colisão com objeto;Sem Vítimas;Plena Noite;Decrescente;Chuva;Simples;"Declive;Reta";Sim;2;0;0;0;2;0;0;2;-13,465542;-39,418347;SPRF-BA;DEL05-BA;UOP03-DEL05-BA
704578;13/07/2025;domingo;18:40:00;BA;101;328;PRESIDENTE TANCREDO NEVES;Área urbana sem a presença de local apropriado para a travessia de pedestres;Atropelamento de Pedestre;Com Vítimas Fatais;Plena Noite;Crescente;Chuva;Simples;"Curva;Aclive";Sim;2;1;0;0;0;1;0;2;-13,465542;-39,418347;SPRF-BA;DEL05-BA;UOP03-DEL05-BA
704580;13/07/2025;domingo;19:50:00;PI;343;189,6;PIRIPIRI;Entrada inopinada do pedestre;Atropelamento de Pedestre;Com Vítimas Feridas;Plena Noite;Decrescente;Céu Claro;Simples;Reta;Não;2;0;1;0;0;1;1;2;-4,317663;-41,780032;SPRF-PI;DEL02-PI;UOP01-DEL02-PI
704581;13/07/2025;domingo;19:00:00;RJ;116;307;RESENDE;Acessar a via sem observar a presença dos outros veículos;Colisão traseira;Com Vítimas Feridas;Plena Noite;Decrescente;Céu Claro;Dupla;Reta;Não;3;0;2;0;1;0;2;2;-22,45871656;-44,42891912;SPRF-RJ;DEL07-RJ;UOP02-DEL07-RJ
704582;13/07/2025;domingo;20:00:00;ES;101;230,2;FUNDAO;Entrada inopinada do pedestre;Atropelamento de Pedestre;Com Vítimas Feridas;Plena Noite;Decrescente;Céu Claro;Simples;Reta;Sim;3;0;1;0;1;1;1;2;-19,9382946;-40,40656686;SPRF-ES;DEL02-ES;UOP01-DEL02-ES
704583;13/07/2025;domingo;19:50:00;PB;101;82;BAYEUX;Reação tardia ou ineficiente do condutor;Saída de leito carroçável;Com Vítimas Feridas;Plena Noite;Crescente;Céu Claro;Dupla;"Viaduto;Interseção de Vias";Sim;1;0;1;0;0;0;1;1;-7,13076008;-34,93416158;SPRF-PB;DEL01-PB;UOP01-DEL01-PB
704585;13/07/2025;domingo;19:45:00;RN;101;153;GOIANINHA;Manobra de mudança de faixa;Colisão traseira;Com Vítimas Feridas;Plena Noite;Crescente;Céu Claro;Dupla;Reta;Não;1;0;1;0;0;0;1;1;-6,325265;-35,17909;SPRF-RN;DEL01-RN;UOP01-DEL01-RN
704586;13/07/2025;domingo;20:00:00;MG;365;850;SANTA VITORIA;Ingestão de álcool pelo condutor;Colisão frontal;Com Vítimas Fatais;Plena Noite;Decrescente;Céu Claro;Simples;Reta;Não;4;1;1;2;0;0;3;3;-19,014304;-50,319691;SPRF-MG;DEL15-MG;UOP03-DEL15-MG
704588;13/07/2025;domingo;20:15:00;SP;116;155;SAO JOSE DOS CAMPOS;Ausência de reação do condutor;Colisão traseira;Sem Vítimas;Plena Noite;Crescente;Céu Claro;Dupla;Declive;Não;3;0;0;0;2;1;0;3;-23,24219403;-45,92374882;SPRF-SP;DEL02-SP;UOP01-DEL02-SP
704589;13/07/2025;domingo;19:30:00;PB;230;77,8;SOBRADO;Entrada inopinada do pedestre;Atropelamento de Pedestre;Com Vítimas Feridas;Plena Noite;Decrescente;Céu Claro;Dupla;Reta;Não;2;0;0;1;1;0;1;2;-7,18309981;-35,30348673;SPRF-PB;DEL01-PB;UOP02-DEL01-PB
704590;13/07/2025;domingo;20:30:00;CE;116;13;FORTALEZA;Manobra de mudança de faixa;Colisão lateral mesmo sentido;Com Vítimas Feridas;Plena Noite;Crescente;Céu Claro;Múltipla;Reta;Sim;2;0;1;0;1;0;1;2;-3,85286986;-38,49562017;SPRF-CE;DEL01-CE;UOP02-DEL01-CE
704591;13/07/2025;domingo;17:00:00;PR;277;629,8;CEU AZUL;Acessar a via sem observar a presença dos outros veículos;Colisão transversal;Com Vítimas Feridas;Pleno dia;Crescente;Céu Claro;Simples;Reta;Não;3;0;2;1;0;0;3;2;-25,111715;-53,791672;SPRF-PR;DEL05-PR;UOP02-DEL05-PR
704592;13/07/2025;domingo;20:30:00;BA;242;228;ITABERABA;Ingestão de álcool pelo condutor;Queda de ocupante de veículo;Com Vítimas Feridas;Plena Noite;Decrescente;Garoa/Chuvisco;Simples;Curva;Sim;1;0;1;0;0;0;1;1;-12,510094;-40,301222;SPRF-BA;DEL06-BA;UOP02-DEL06-BA
704594;13/07/2025;domingo;19:30:00;MG;146;437;CABO VERDE;Animais na Pista;Atropelamento de Animal;Com Vítimas Feridas;Plena Noite;Crescente;Céu Claro;Simples;Reta;Não;4;0;2;2;0;0;4;1;-21,453332;-46,412467;SPRF-MG;DEL09-MG;UOP01-DEL09-MG
704595;13/07/2025;domingo;19:00:00;RJ;101;485;ANGRA DOS REIS;Conversão proibida;Colisão transversal;Com Vítimas Feridas;Plena Noite;Decrescente;Céu Claro;Simples;Reta;Sim;2;0;0;1;0;1;1;2;-22,9895791;-44,2418148;SPRF-RJ;DEL03-RJ;UOP03-DEL03-RJ
704596;13/07/2025;domingo;20:00:00;CE;222;313;TIANGUA;Ultrapassagem Indevida;Colisão lateral mesmo sentido;Com Vítimas Feridas;Plena Noite;Decrescente;Céu Claro;Múltipla;Reta;Sim;2;0;0;1;1;0;1;2;-3,73519213;-41,00300431;SPRF-CE;DEL04-CE;UOP02-DEL04-CE
704597;13/07/2025;domingo;20:45:00;RJ;101;66;CAMPOS DOS GOYTACAZES;Condutor desrespeitou a iluminação vermelha do semáforo;Atropelamento de Pedestre;Com Vítimas Feridas;Plena Noite;Decrescente;Céu Claro;Dupla;Reta;Não;2;0;1;0;1;0;1;2;-21,757709;-41,348296;SPRF-RJ;DEL08-RJ;UOP02-DEL08-RJ
704598;13/07/2025;domingo;20:40:00;MG;40;532;BELO HORIZONTE;Reação tardia ou ineficiente do condutor;Saída de leito carroçável;Com Vítimas Feridas;Plena Noite;Decrescente;Céu Claro;Dupla;"Aclive;Reta";Sim;1;0;1;0;0;0;1;1;-19,924496;-44,014168;SPRF-MG;DEL01-MG;UOP02-DEL01-MG
704599;13/07/2025;domingo;19:30:00;SC;101;438,4;SOMBRIO;Transitar no Acostamento;Colisão traseira;Com Vítimas Feridas;Plena Noite;Decrescente;Nublado;Múltipla;Reta;Não;2;0;1;0;0;1;1;2;-29,124019;-49,658449;SPRF-SC;DEL02-SC;UOP02-DEL02-SC
704600;13/07/2025;domingo;19:30:00;SC;282;419;VARGEM BONITA;Reação tardia ou ineficiente do condutor;Saída de leito carroçável;Sem Vítimas;Pleno dia;Decrescente;Céu Claro;Simples;Curva;Não;1;0;0;0;0;1;0;1;-27,019335;-51,729307;SPRF-SC;DEL07-SC;UOP05-DEL07-SC
704602;13/07/2025;domingo;17:00:00;RO;174;19;VILHENA;Reação tardia ou ineficiente do condutor;Queda de ocupante de veículo;Com Vítimas Feridas;Pleno dia;Decrescente;Céu Claro;Simples;Rotatória;Sim;1;0;1;0;0;0;1;1;-12,68485147;-60,11057764;SPRF-RO;DEL04-RO;UOP01-DEL04-RO
704603;13/07/2025;domingo;20:20:00;TO;153;243;COLINAS DO TOCANTINS;Ausência de reação do condutor;Queda de ocupante de veículo;Com Vítimas Feridas;Plena Noite;Decrescente;Céu Claro;Dupla;Reta;Sim;1;0;0;1;0;0;1;1;-8,05047628;-48,46626163;SPRF-TO;DEL02-TO;UOP01-DEL02-TO
704604;13/07/2025;domingo;19:34:00;GO;153;408;PIRENOPOLIS;Ingestão de álcool pelo condutor;Saída de leito carroçável;Sem Vítimas;Plena Noite;Crescente;Céu Claro;Simples;"Reta;Aclive";Não;1;0;0;0;1;0;0;1;-16,099;-49,033;SPRF-GO;DEL02-GO;UOP02-DEL02-GO
704607;13/07/2025;domingo;20:08:00;AC;364;128;RIO BRANCO;Acessar a via sem observar a presença dos outros veículos;Colisão transversal;Com Vítimas Feridas;Plena Noite;Crescente;Céu Claro;Simples;"Retorno Regulamentado;Reta";Sim;2;0;1;0;1;0;1;2;-10,026433;-67,82062;SPRF-AC;DEL01-AC;UOP01-DEL01-AC
704609;13/07/2025;domingo;21:30:00;RN;406;166;SAO GONCALO DO AMARANTE;Ingestão de substâncias psicoativas pelo condutor;Capotamento;Com Vítimas Feridas;Plena Noite;Crescente;Céu Claro;Dupla;Reta;Não;1;0;1;0;0;0;1;1;-5,746285;-35,332833;SPRF-RN;DEL02-RN;UOP01-DEL02-RN
704610;13/07/2025;domingo;21:00:00;MG;50;43;ARAGUARI;Mal súbito do condutor;Saída de leito carroçável;Com Vítimas Feridas;Plena Noite;Crescente;Céu Claro;Dupla;Reta;Não;1;0;1;0;0;0;1;1;-18,70381382;-48,18955421;SPRF-MG;DEL15-MG;UOP02-DEL15-MG
704611;13/07/2025;domingo;21:20:00;RO;364;15;VILHENA;Ausência de reação do condutor;Saída de leito carroçável;Com Vítimas Feridas;Plena Noite;Decrescente;Céu Claro;Simples;Reta;Sim;1;0;1;0;0;0;1;1;-12,73752311;-60,14609849;SPRF-RO;DEL04-RO;UOP01-DEL04-RO
704613;13/07/2025;domingo;22:35:00;ES;101;98;JAGUARE;Ingestão de álcool pelo condutor;Queda de ocupante de veículo;Com Vítimas Feridas;Plena Noite;Crescente;Céu Claro;Simples;Reta;Não;2;0;0;2;0;0;2;1;-18,966926;-39,988902;SPRF-ES;DEL04-ES;UOP02-DEL04-ES
704614;13/07/2025;domingo;10:40:00;RJ;116;256;PIRAI;Ausência de reação do condutor;Colisão lateral mesmo sentido;Com Vítimas Feridas;Pleno dia;Crescente;Céu Claro;Dupla;Reta;Não;3;0;1;0;2;0;1;2;-22,58516751;-44,04830933;SPRF-RJ;DEL07-RJ;UOP01-DEL07-RJ
704616;11/07/2025;sexta-feira;23:30:00;SC;470;58;BLUMENAU;Ingestão de álcool pelo condutor;Colisão traseira;Com Vítimas Feridas;Plena Noite;Crescente;Céu Claro;Simples;Reta;Não;2;0;1;0;1;0;1;2;-26,87726547;-49,12852988;SPRF-SC;DEL04-SC;UOP01-DEL04-SC
704617;13/07/2025;domingo;20:40:00;PB;230;44;SANTA RITA;Reação tardia ou ineficiente do condutor;Saída de leito carroçável;Sem Vítimas;Plena Noite;Decrescente;Céu Claro;Dupla;Reta;Não;1;0;0;0;0;1;0;1;-7,157165;-35,015722;SPRF-PB;DEL01-PB;UOP02-DEL01-PB
704618;13/07/2025;domingo;19:30:00;RO;364;667;CANDEIAS DO JAMARI;Falta de elemento de contenção que evite a saída do leito carroçável;Saída de leito carroçável;Sem Vítimas;Plena Noite;Crescente;Céu Claro;Dupla;Reta;Não;1;0;0;0;0;1;0;1;-8,7743;-63,4843;SPRF-RO;DEL01-RO;UOP01-DEL01-RO
704619;13/07/2025;domingo;22:30:00;RS;116;362;SENTINELA DO SUL;Reação tardia ou ineficiente do condutor;Colisão com objeto;Com Vítimas Feridas;Plena Noite;Decrescente;Nevoeiro/Neblina;Simples;Desvio Temporário;Não;3;0;1;0;2;0;1;1;-30,62861151;-51,54806042;SPRF-RS;DEL02-RS;UOP02-DEL02-RS
704620;13/07/2025;domingo;23:38:00;SC;101;208;SAO JOSE;Ausência de reação do condutor;Colisão com objeto;Com Vítimas Feridas;Plena Noite;Decrescente;Nublado;Múltipla;Reta;Não;2;0;2;0;0;0;2;1;-27,60834;-48,637303;SPRF-SC;DEL01-SC;UOP01-DEL01-SC
704624;11/06/2025;quarta-feira;23:55:00;BA;324;534;CONCEICAO DO JACUIPE;Iluminação deficiente;Colisão traseira;Com Vítimas Feridas;Plena Noite;Decrescente;Céu Claro;Dupla;Reta;Não;2;0;1;0;1;0;1;2;-12,361752;-38,823432;SPRF-BA;DEL01-BA;UOP03-DEL01-BA
704625;13/07/2025;domingo;22:26:00;PE;101;45;PAULISTA;Ausência de reação do condutor;Colisão traseira;Com Vítimas Feridas;Plena Noite;Decrescente;Chuva;Múltipla;Reta;Não;4;0;1;0;3;0;1;2;-7,9393267;-34,8822983;SPRF-PE;DEL01-PE;UOP02-DEL01-PE
704626;14/07/2025;segunda-feira;00:00:00;RS;116;243;SAO LEOPOLDO;Velocidade Incompatível;Colisão com objeto;Com Vítimas Feridas;Plena Noite;Decrescente;Nublado;Dupla;Curva;Sim;2;0;1;0;1;0;1;1;-29,73046016;-51,14924181;SPRF-RS;DEL01-RS;UOP02-DEL01-RS
704627;13/07/2025;domingo;23:30:00;MS;163;264,9;DOURADOS;Reação tardia ou ineficiente do condutor;Colisão com objeto;Com Vítimas Fatais;Plena Noite;Crescente;Céu Claro;Simples;Rotatória;Sim;2;1;1;0;0;0;1;1;-22,22303;-54,73173;SPRF-MS;DEL04-MS;UOP01-DEL04-MS
704628;14/07/2025;segunda-feira;00:45:00;SC;101;198;BIGUACU;Ausência de reação do condutor;Colisão com objeto;Com Vítimas Feridas;Plena Noite;Decrescente;Céu Claro;Múltipla;Reta;Sim;2;0;2;0;0;0;2;1;-27,5269134;-48,6343557;SPRF-SC;DEL01-SC;UOP01-DEL01-SC
704630;14/07/2025;segunda-feira;00:30:00;RJ;101;302;SAO GONCALO;Acessar a via sem observar a presença dos outros veículos;Colisão transversal;Com Vítimas Feridas;Plena Noite;Decrescente;Céu Claro;Dupla;Reta;Sim;2;0;1;0;1;0;1;2;-22,8538818;-43,0238139;SPRF-RJ;DEL02-RJ;UOP02-DEL02-RJ