id;data_inversa;dia_semana;horario;uf;br;km;municipio;causa_acidente;tipo_acidente;classificacao_acidente;fase_dia;sentido_via;condicao_metereologica;tipo_pista;tracado_via;uso_solo;pessoas;mortos;feridos_leves;feridos_graves;ilesos;ignorados;feridos;veiculos;latitude;longitude;regional;delegacia;uop
704632;13/07/2025;domingo;23:30:00;PB;361;112;ITAPORANGA;Ingestão de álcool pelo condutor;Colisão frontal;Com Vítimas Feridas;Plena Noite;Decrescente;Céu Claro;Simples;"Reta;Ponte";Não;3;0;3;0;0;0;3;3;-7,297488;-38,145027;SPRF-PB;DEL03-PB;UOP01-DEL03-PB
704633;14/07/2025;segunda-feira;03:00:00;MG;381;503,4;BETIM;Animais na Pista;Atropelamento de Animal;Com Vítimas Feridas;Plena Noite;Decrescente;Céu Claro;Dupla;Curva;Sim;1;0;1;0;0;0;1;1;-20,01986536;-44,22824733;SPRF-MG;DEL01-MG;UOP03-DEL01-MG
704635;14/07/2025;segunda-feira;03:30:00;MA;135;7;SAO LUIS;Reação tardia ou ineficiente do condutor;Colisão com objeto;Com Vítimas Feridas;Plena Noite;Crescente;Céu Claro;Dupla;"Reta;Desvio Temporário";Sim;1;0;0;1;0;0;1;1;-2,6402005;-44,2724997;SPRF-MA;DEL01-MA;UOP01-DEL01-MA
704637;14/07/2025;segunda-feira;04:10:00;GO;60;84;ANAPOLIS;Reação tardia ou ineficiente do condutor;Saída de leito carroçável;Com Vítimas Feridas;Plena Noite;Crescente;Céu Claro;Dupla;"Aclive;Reta";Não;3;0;0;1;2;0;1;1;-16,31667;-48,860799;SPRF-GO;DEL02-GO;UOP01-DEL02-GO
704638;14/07/2025;segunda-feira;05:00:00;SC;282;1,2;FLORIANOPOLIS;Reação tardia ou ineficiente do condutor;Colisão com objeto;Com Vítimas Feridas;Amanhecer;Crescente;Nublado;Dupla;Curva;Sim;2;0;1;1;0;0;2;1;-27,60354114;-48,58301282;SPRF-SC;DEL01-SC;UOP01-DEL01-SC
704639;14/07/2025;segunda-feira;04:45:00;PR;277;338;GUARAPUAVA;Velocidade Incompatível;Colisão com objeto;Sem Vítimas;Plena Noite;Crescente;Céu Claro;Dupla;Reta;Sim;1;0;0;0;0;1;0;1;-25,340139;-51,42085223;SPRF-PR;DEL08-PR;UOP01-DEL08-PR
704640;14/07/2025;segunda-feira;04:50:00;PB;230;5;CABEDELO;Ausência de reação do condutor;Colisão com objeto;Sem Vítimas;Amanhecer;Crescente;Garoa/Chuvisco;Múltipla;Reta;Sim;1;0;0;0;0;1;0;1;-7,01257556;-34,83217835;SPRF-PB;DEL01-PB;UOP01-DEL01-PB
704641;13/07/2025;domingo;22:15:00;CE;20;360,3;MARANGUAPE;Animais na Pista;Atropelamento de Animal;Com Vítimas Feridas;Plena Noite;Crescente;Céu Claro;Simples;Reta;Não;1;0;0;1;0;0;1;1;-4,021539;-38,983361;SPRF-CE;DEL02-CE;UOP01-DEL02-CE
704642;22/03/2025;sábado;06:45:00;PR;376;178;MARINGA;Ausência de reação do condutor;Colisão traseira;Com Vítimas Feridas;Pleno dia;Crescente;Céu Claro;Múltipla;Reta;Sim;2;0;1;0;0;1;1;2;-23,4173729;-51,9188304;SPRF-PR;DEL09-PR;UOP01-DEL09-PR
704643;14/07/2025;segunda-feira;01:30:00;MG;153;71;MONTE ALEGRE DE MINAS;Condutor Dormindo;Saída de leito carroçável;Com Vítimas Feridas;Plena Noite;Crescente;Céu Claro;Simples;Reta;Não;1;0;1;0;0;0;1;1;-18,9286951;-49,03253556;SPRF-MG;DEL15-MG;UOP03-DEL15-MG
704644;14/07/2025;segunda-feira;05:00:00;PE;101;173,8;JOAQUIM NABUCO;Ausência de reação do condutor;Tombamento;Com Vítimas Fatais;Amanhecer;Decrescente;Chuva;Dupla;Reta;Não;1;1;0;0;0;0;0;1;-8,5989084;-35,5276467;SPRF-PE;DEL01-PE;UOP03-DEL01-PE
704645;14/07/2025;segunda-feira;04:45:00;SC;101;66;ARAQUARI;Demais falhas mecânicas ou elétricas;Incêndio;Sem Vítimas;Amanhecer;Crescente;Céu Claro;Múltipla;Reta;Não;1;0;0;0;1;0;0;1;-26,49469686;-48,73296332;SPRF-SC;DEL03-SC;UOP02-DEL03-SC
704647;14/07/2025;segunda-feira;05:30:00;GO;60;391;RIO VERDE;Objeto estático sobre o leito carroçável;Queda de ocupante de veículo;Com Vítimas Feridas;Plena Noite;Crescente;Céu Claro;Dupla;"Declive;Curva";Não;1;0;0;1;0;0;1;1;-17,82615331;-50,98241039;SPRF-GO;DEL04-GO;UOP02-DEL04-GO
704648;10/07/2025;quinta-feira;20:10:00;RJ;101;6;ITABORAI;Acessar a via sem observar a presença dos outros veículos;Atropelamento de Pedestre;Com Vítimas Feridas;Plena Noite;Crescente;Céu Claro;Simples;"Em Obras;Reta";Sim;2;0;2;0;0;0;2;2;-22,76668462;-42,92358398;SPRF-RJ;DEL08-RJ;UOP01-DEL08-RJ
704650;13/07/2025;domingo;22:40:00;RJ;116;191;NOVA IGUACU;Ingestão de álcool pelo condutor;Colisão com objeto;Com Vítimas Feridas;Plena Noite;Crescente;Céu Claro;Dupla;Reta;Sim;2;0;0;2;0;0;2;1;-22,743733;-43,506406;SPRF-RJ;DEL06-RJ;UOP01-DEL06-RJ
704653;14/07/2025;segunda-feira;06:00:00;MG;381;486;BETIM;Ausência de reação do condutor;Engavetamento;Com Vítimas Feridas;Pleno dia;Decrescente;Céu Claro;Múltipla;Reta;Sim;5;0;1;0;4;0;1;4;-19,95624622;-44,10427094;SPRF-MG;DEL01-MG;UOP03-DEL01-MG
704654;14/07/2025;segunda-feira;07:00:00;MG;381;487,5;BETIM;Trafegar com motocicleta (ou similar) entre as faixas;Colisão lateral mesmo sentido;Com Vítimas Feridas;Pleno dia;Decrescente;Nublado;Dupla;"Aclive;Curva";Sim;3;0;1;0;2;0;1;2;-19,95745;-44,12142;SPRF-MG;DEL01-MG;UOP03-DEL01-MG
704655;13/07/2025;domingo;23:00:00;MG;356;264,4;MURIAE;Condutor Dormindo;Colisão com objeto;Com Vítimas Feridas;Plena Noite;Crescente;Céu Claro;Simples;Reta;Sim;1;0;1;0;0;0;1;1;-21,12479709;-42,37992167;SPRF-MG;DEL07-MG;UOP02-DEL07-MG
704656;13/07/2025;domingo;18:00:00;MT;70;59;BARRA DO GARCAS;Reação tardia ou ineficiente do condutor;Colisão traseira;Sem Vítimas;Plena Noite;Decrescente;Céu Claro;Simples;Reta;Não;2;0;0;0;2;0;0;2;-15,69871837;-52,68283367;SPRF-MT;DEL07-MT;UOP01-DEL07-MT
704657;06/07/2025;domingo;07:00:00;SP;116;224;GUARULHOS;Ingestão de álcool pelo condutor;Colisão com objeto;Com Vítimas Feridas;Pleno dia;Crescente;Nublado;Múltipla;"Reta;Em Obras";Sim;3;0;2;0;1;0;2;3;-23,48599307;-46,54156057;SPRF-SP;DEL01-SP;UOP01-DEL01-SP
704658;14/07/2025;segunda-feira;06:40:00;PB;101;123;CAAPORA;Acumulo de água sobre o pavimento;Tombamento;Com Vítimas Feridas;Pleno dia;Crescente;Chuva;Múltipla;"Declive;Curva";Não;1;0;1;0;0;0;1;1;-7,458167;-34,980915;SPRF-PB;DEL01-PB;UOP01-DEL01-PB
704659;14/07/2025;segunda-feira;00:50:00;MG;356;267,2;MURIAE;Ausência de reação do condutor;Colisão com objeto;Com Vítimas Feridas;Plena Noite;Decrescente;Céu Claro;Simples;"Reta;Interseção de Vias";Sim;1;0;1;0;0;0;1;1;-21,125787;-42,355844;SPRF-MG;DEL07-MG;UOP02-DEL07-MG
704660;14/07/2025;segunda-feira;07:20:00;PE;101;65;RECIFE;Pista Escorregadia;Queda de ocupante de veículo;Com Vítimas Feridas;Pleno dia;Decrescente;Garoa/Chuvisco;Dupla;Reta;Sim;2;0;1;0;1;0;1;1;-8,0642048;-34,9372416;SPRF-PE;DEL01-PE;UOP01-DEL01-PE
704661;14/07/2025;segunda-feira;05:30:00;PR;163;297;MERCEDES;Demais falhas mecânicas ou elétricas;Incêndio;Sem Vítimas;Amanhecer;Crescente;Ignorado;Simples;Reta;Não;1;0;0;0;0;1;0;1;-24,47117058;-54,14406745;SPRF-PR;DEL06-PR;UOP02-DEL06-PR
704662;14/07/2025;segunda-feira;06:30:00;PR;116;119;CURITIBA;Manobra de mudança de faixa;Colisão lateral mesmo sentido;Com Vítimas Feridas;Pleno dia;Decrescente;Nevoeiro/Neblina;Dupla;Reta;Sim;2;0;1;0;1;0;1;2;-25,581954;-49,313269;SPRF-PR;DEL01-PR;UOP03-DEL01-PR
704663;14/07/2025;segunda-feira;06:40:00;PE;101;56,3;RECIFE;Condutor deixou de manter distância do veículo da frente;Colisão traseira;Com Vítimas Feridas;Pleno dia;Crescente;Céu Claro;Dupla;Reta;Sim;2;0;1;0;1;0;1;2;-7,9585926;-34,9123401;SPRF-PE;DEL01-PE;UOP02-DEL01-PE
704664;14/07/2025;segunda-feira;06:40:00;AL;423;100;DELMIRO GOUVEIA;Ausência de reação do condutor;Atropelamento de Animal;Com Vítimas Feridas;Pleno dia;Decrescente;Céu Claro;Simples;Reta;Não;1;0;1;0;0;0;1;1;-9,396112;-38,168811;SPRF-BA;DEL07-BA;UOP01-DEL07-BA
704665;13/07/2025;domingo;00:30:00;AL;423;96;DELMIRO GOUVEIA;Reação tardia ou ineficiente do condutor;Colisão com objeto;Com Vítimas Feridas;Plena Noite;Crescente;Céu Claro;Simples;Reta;Não;1;0;1;0;0;0;1;1;-9,378473;-38,123052;SPRF-BA;DEL07-BA;UOP01-DEL07-BA
704666;14/07/2025;segunda-feira;05:30:00;MG;262;0,4;MARTINS SOARES;Transitar na contramão;Colisão frontal;Com Vítimas Fatais;Amanhecer;Decrescente;Céu Claro;Simples;Curva;Não;2;1;0;0;1;0;0;2;-20,273166;-41,779367;SPRF-MG;DEL06-MG;UOP03-DEL06-MG
704667;14/07/2025;segunda-feira;04:35:00;MS;267;448,1;GUIA LOPES DA LAGUNA;Animais na Pista;Atropelamento de Animal;Com Vítimas Feridas;Plena Noite;Decrescente;Céu Claro;Simples;Reta;Não;2;0;2;0;0;0;2;1;-21,469995;-55,880282;SPRF-MS;DEL05-MS;UOP01-DEL05-MS
704669;14/07/2025;segunda-feira;06:16:00;PE;232;10;JABOATAO DOS GUARARAPES;Falta de elemento de contenção que evite a saída do leito carroçável;Saída de leito carroçável;Sem Vítimas;Pleno dia;Decrescente;Ignorado;Dupla;Aclive;Sim;1;0;0;0;0;1;0;1;-8,08043;-34,99248;SPRF-PE;DEL01-PE;UOP01-DEL01-PE
704670;14/07/2025;segunda-feira;06:50:00;MG;381;487;BETIM;Manobra de mudança de faixa;Colisão lateral mesmo sentido;Com Vítimas Feridas;Pleno dia;Decrescente;Céu Claro;Dupla;Reta;Sim;3;0;3;0;0;0;3;2;-19,9961871;-44,2090052;SPRF-MG;DEL01-MG;UOP03-DEL01-MG
704671;14/07/2025;segunda-feira;08:05:00;MG;356;264,6;MURIAE;Condutor deixou de manter distância do veículo da frente;Colisão traseira;Com Vítimas Feridas;Pleno dia;Crescente;Sol;Simples;Reta;Sim;2;0;1;0;1;0;1;2;-21,12460609;-42,37903603;SPRF-MG;DEL07-MG;UOP02-DEL07-MG
704673;14/07/2025;segunda-feira;05:30:00;GO;153;84;SANTA TEREZA DE GOIAS;Reação tardia ou ineficiente do condutor;Colisão traseira;Com Vítimas Feridas;Pleno dia;Decrescente;Nublado;Simples;Reta;Não;2;0;1;0;1;0;1;2;-13,55304651;-49,0861902;SPRF-GO;DEL07-GO;UOP01-DEL07-GO
704677;14/07/2025;segunda-feira;07:40:00;ES;101;151;LINHARES;Reação tardia ou ineficiente do condutor;Colisão lateral mesmo sentido;Com Vítimas Feridas;Pleno dia;Crescente;Céu Claro;Simples;Declive;Sim;2;0;1;0;1;0;1;2;-19,40805131;-40,06434314;SPRF-ES;DEL04-ES;UOP01-DEL04-ES
704678;14/07/2025;segunda-feira;07:35:00;CE;116;17;EUSEBIO;Velocidade Incompatível;Engavetamento;Com Vítimas Feridas;Pleno dia;Crescente;Céu Claro;Múltipla;Reta;Sim;7;0;1;1;5;0;2;4;-3,89231875;-38,5023585;SPRF-CE;DEL01-CE;UOP02-DEL01-CE
704679;14/07/2025;segunda-feira;08:00:00;RN;101;96;NATAL;Ausência de reação do condutor;Colisão traseira;Sem Vítimas;Pleno dia;Decrescente;Nublado;Múltipla;Reta;Sim;2;0;0;0;2;0;0;2;-5,8496274;-35,20896999;SPRF-RN;DEL01-RN;UOP01-DEL01-RN
704682;14/07/2025;segunda-feira;08:02:00;MG;356;264,6;MURIAE;Transitar no Acostamento;Colisão traseira;Com Vítimas Feridas;Pleno dia;Decrescente;Sol;Simples;Reta;Sim;2;0;1;0;1;0;1;2;-21,1245569;-42,37910628;SPRF-MG;DEL07-MG;UOP02-DEL07-MG
704683;14/07/2025;segunda-feira;07:00:00;RN;226;2,3;NATAL;Acessar a via sem observar a presença dos outros veículos;Colisão transversal;Sem Vítimas;Pleno dia;Decrescente;Céu Claro;Simples;Reta;Sim;2;0;0;0;1;1;0;2;-5,816052;-35,249003;SPRF-RN;DEL01-RN;UOP02-DEL01-RN
704684;14/07/2025;segunda-feira;03:00:00;MS;262;83;TRES LAGOAS;Animais na Pista;Atropelamento de Animal;Sem Vítimas;Plena Noite;Decrescente;Céu Claro;Simples;Reta;Não;1;0;0;0;0;1;0;1;-20,791296;-51,6816896;SPRF-MS;DEL07-MS;UOP02-DEL07-MS
704686;14/07/2025;segunda-feira;07:50:00;SC;101;132,7;BALNEARIO CAMBORIU;Manobra de mudança de faixa;Colisão lateral mesmo sentido;Com Vítimas Feridas;Pleno dia;Decrescente;Céu Claro;Múltipla;Reta;Sim;4;0;1;0;3;0;1;4;-26,99858;-48,64871;SPRF-SC;DEL04-SC;UOP03-DEL04-SC
704687;14/07/2025;segunda-feira;06:45:00;MT;70;524;VARZEA GRANDE;Ausência de reação do condutor;Colisão traseira;Com Vítimas Feridas;Amanhecer;Decrescente;Céu Claro;Simples;Reta;Não;2;0;1;0;1;0;1;2;-15,65481311;-56,20713025;SPRF-MT;DEL01-MT;UOP02-DEL01-MT
704688;14/07/2025;segunda-feira;06:40:00;RJ;116;187;NOVA IGUACU;Ausência de reação do condutor;Capotamento;Com Vítimas Feridas;Amanhecer;Decrescente;Céu Claro;Múltipla;Reta;Não;1;0;1;0;0;0;1;1;-22,7390116;-43,4743966;SPRF-RJ;DEL06-RJ;UOP01-DEL06-RJ
704689;14/07/2025;segunda-feira;07:20:00;PR;376;170,5;MARINGA;Acessar a via sem observar a presença dos outros veículos;Colisão lateral mesmo sentido;Com Vítimas Feridas;Pleno dia;Crescente;Céu Claro;Simples;Aclive;Sim;2;0;1;0;1;0;1;2;-23,40894081;-51,98925988;SPRF-PR;DEL09-PR;UOP01-DEL09-PR
704690;03/06/2025;terça-feira;13:30:00;GO;40;24;LUZIANIA;Pedestre - Ingestão de álcool/ substâncias psicoativas;Atropelamento de Pedestre;Com Vítimas Feridas;Pleno dia;Crescente;Céu Claro;Dupla;Reta;Sim;2;0;1;0;0;1;1;2;-16,24643974;-47,90584356;SPRF-DF;DEL01-DF;UOP01-DEL01-DF
704691;14/07/2025;segunda-feira;07:40:00;MG;50;39;ARAGUARI;Manobra de mudança de faixa;Colisão lateral mesmo sentido;Com Vítimas Feridas;Pleno dia;Decrescente;Sol;Dupla;Reta;Sim;2;0;1;0;1;0;1;2;-18,66530934;-48,17136381;SPRF-MG;DEL15-MG;UOP02-DEL15-MG
704693;14/07/2025;segunda-feira;09:15:00;PR;277;661;MATELANDIA;Reação tardia ou ineficiente do condutor;Capotamento;Com Vítimas Feridas;Pleno dia;Crescente;Céu Claro;Dupla;Reta;Não;1;0;1;0;0;0;1;1;-25,25186349;-54,00573604;SPRF-PR;DEL05-PR;UOP02-DEL05-PR
704694;14/07/2025;segunda-feira;08:10:00;SP;381;65;MAIRIPORA;Ausência de reação do condutor;Colisão lateral mesmo sentido;Sem Vítimas;Pleno dia;Decrescente;Sol;Múltipla;Reta;Sim;8;0;0;0;8;0;0;2;-23,32190914;-46,58138249;SPRF-SP;DEL03-SP;UOP01-DEL03-SP
704697;14/07/2025;segunda-feira;09:00:00;DF;40;0,1;BRASILIA;Acumulo de óleo sobre o pavimento;Tombamento;Com Vítimas Feridas;Pleno dia;Crescente;Céu Claro;Dupla;Interseção de Vias;Sim;1;0;1;0;0;0;1;1;-15,97728511;-47,99043842;SPRF-DF;DEL01-DF;UOP01-DEL01-DF
704700;14/07/2025;segunda-feira;09:50:00;MG;381;323;NOVA ERA;Ausência de reação do condutor;Atropelamento de Pedestre;Com Vítimas Feridas;Pleno dia;Decrescente;Céu Claro;Dupla;"Reta;Aclive";Não;2;0;0;1;1;0;1;2;-19,761752;-43,045313;SPRF-MG;DEL03-MG;UOP02-DEL03-MG
704702;14/07/2025;segunda-feira;09:13:00;SP;116;513;CAJATI;Condutor Dormindo;Saída de leito carroçável;Com Vítimas Feridas;Pleno dia;Crescente;Céu Claro;Múltipla;"Aclive;Curva";Não;2;0;1;0;1;0;1;1;-24,85148;-48,216622;SPRF-SP;DEL05-SP;UOP02-DEL05-SP
704704;14/07/2025;segunda-feira;01:30:00;SP;116;194;SANTA ISABEL;Condutor Dormindo;Saída de leito carroçável;Com Vítimas Feridas;Plena Noite;Decrescente;Ignorado;Dupla;Retorno Regulamentado;Não;1;0;1;0;0;0;1;1;-23,38375812;-46,26574206;SPRF-SP;DEL01-SP;UOP01-DEL01-SP
704705;14/07/2025;segunda-feira;10:00:00;DF;70;10,8;BRASILIA;Acessar a via sem observar a presença dos outros veículos;Capotamento;Sem Vítimas;Pleno dia;Crescente;Céu Claro;Dupla;Reta;Sim;7;0;0;0;6;1;0;3;-15,790555;-48,15262;SPRF-DF;DEL03-DF;UOP02-DEL03-DF
704706;14/07/2025;segunda-feira;10:15:00;RJ;101;68;CAMPOS DOS GOYTACAZES;Condutor deixou de manter distância do veículo da frente;Colisão traseira;Com Vítimas Feridas;Pleno dia;Decrescente;Céu Claro;Simples;Reta;Sim;2;0;1;0;1;0;1;2;-21,772613;-41,358514;SPRF-RJ;DEL08-RJ;UOP02-DEL08-RJ
704708;14/07/2025;segunda-feira;08:45:00;MG;116;415,1;GOVERNADOR VALADARES;Transitar no Acostamento;Colisão transversal;Com Vítimas Feridas;Pleno dia;Decrescente;Sol;Simples;"Reta;Retorno Regulamentado";Não;3;0;1;0;2;0;1;2;-18,88765003;-41,94567204;SPRF-MG;DEL06-MG;UOP01-DEL06-MG
704709;14/07/2025;segunda-feira;10:25:00;SC;280;57,8;GUARAMIRIM;Acessar a via sem observar a presença dos outros veículos;Colisão transversal;Com Vítimas Feridas;Pleno dia;Crescente;Céu Claro;Dupla;Rotatória;Não;2;0;1;0;1;0;1;2;-26,474026;-49,020254;SPRF-SC;DEL03-SC;UOP03-DEL03-SC
704710;14/07/2025;segunda-feira;10:30:00;RN;304;55,9;MOSSORO;Reação tardia ou ineficiente do condutor;Tombamento;Com Vítimas Feridas;Pleno dia;Decrescente;Sol;Simples;Reta;Não;1;0;1;0;0;0;1;1;-5,29035522;-37,28775859;SPRF-RN;DEL04-RN;UOP01-DEL04-RN
704711;14/07/2025;segunda-feira;08:00:00;BA;116;12;VITORIA DA CONQUISTA;Acessar a via sem observar a presença dos outros veículos;Colisão transversal;Com Vítimas Feridas;Pleno dia;Crescente;Céu Claro;Simples;Reta;Sim;2;0;1;0;1;0;1;2;-14,88162635;-40,87088943;SPRF-BA;DEL08-BA;UOP01-DEL08-BA
704712;14/07/2025;segunda-feira;09:30:00;PB;230;293,1;SANTA LUZIA;Acessar a via sem observar a presença dos outros veículos;Colisão transversal;Com Vítimas Feridas;Pleno dia;Decrescente;Céu Claro;Simples;Reta;Sim;2;0;2;0;0;0;2;2;-6,87157341;-36,92579985;SPRF-PB;DEL03-PB;UOP01-DEL03-PB
704713;14/07/2025;segunda-feira;10:10:00;RJ;101;257;RIO BONITO;Reação tardia ou ineficiente do condutor;Saída de leito carroçável;Com Vítimas Feridas;Pleno dia;Crescente;Céu Claro;Dupla;Curva;Não;3;0;2;0;1;0;2;1;-22,69937712;-42,58265857;SPRF-RJ;DEL02-RJ;UOP03-DEL02-RJ
704715;14/07/2025;segunda-feira;08:30:00;PI;343;589;FLORIANO;Acessar a via sem observar a presença dos outros veículos;Colisão traseira;Com Vítimas Feridas;Pleno dia;Decrescente;Céu Claro;Simples;"Declive;Reta";Não;2;0;1;0;1;0;1;2;-6,779457;-43,011445;SPRF-PI;DEL03-PI;UOP01-DEL03-PI
704718;14/07/2025;segunda-feira;10:28:00;TO;153;240;COLINAS DO TOCANTINS;Ausência de reação do condutor;Colisão traseira;Com Vítimas Feridas;Pleno dia;Crescente;Céu Claro;Simples;Reta;Não;5;0;1;0;4;0;1;2;-8,02218;-48,46557;SPRF-TO;DEL02-TO;UOP01-DEL02-TO
704719;14/07/2025;segunda-feira;06:30:00;PI;316;326;GEMINIANO;Reação tardia ou ineficiente do condutor;Colisão traseira;Com Vítimas Feridas;Pleno dia;Decrescente;Céu Claro;Simples;Reta;Não;2;0;1;0;1;0;1;2;-7,100477;-41,327318;SPRF-PI;DEL04-PI;UOP01-DEL04-PI
704720;14/07/2025;segunda-feira;11:00:00;RN;101;94,3;NATAL;Mal súbito do condutor;Queda de ocupante de veículo;Com Vítimas Feridas;Pleno dia;Crescente;Céu Claro;Dupla;Reta;Sim;2;0;0;1;1;0;1;1;-5,8278808;-35,2106598;SPRF-RN;DEL01-RN;UOP01-DEL01-RN
704721;14/07/2025;segunda-feira;10:50:00;MG;40;758,7;EWBANK DA CAMARA;Reação tardia ou ineficiente do condutor;Colisão traseira;Com Vítimas Feridas;Pleno dia;Decrescente;Sol;Simples;"Declive;Reta";Não;3;0;2;0;1;0;2;2;-21,5546;-43,50704;SPRF-MG;DEL05-MG;UOP01-DEL05-MG
704723;14/07/2025;segunda-feira;10:35:00;PE;101;52;PAULISTA;Acostamento em desnível;Tombamento;Com Vítimas Feridas;Pleno dia;Decrescente;Sol;Dupla;"Interseção de Vias;Retorno Regulamentado";Não;2;0;2;0;0;0;2;1;-7,924429;-34,89672;SPRF-PE;DEL01-PE;UOP02-DEL01-PE
704724;14/07/2025;segunda-feira;10:00:00;GO;153;69;PORANGATU;Acessar a via sem observar a presença dos outros veículos;Colisão transversal;Com Vítimas Feridas;Pleno dia;Crescente;Céu Claro;Simples;Reta;Sim;2;0;1;0;1;0;1;2;-13,4086656;-49,1290624;SPRF-GO;DEL07-GO;UOP01-DEL07-GO
704726;14/07/2025;segunda-feira;11:20:00;PE;101;66;RECIFE;Reação tardia ou ineficiente do condutor;Colisão traseira;Com Vítimas Feridas;Pleno dia;Crescente;Nublado;Dupla;Reta;Sim;3;0;1;0;2;0;1;3;-8,045005;-34,944352;SPRF-PE;DEL01-PE;UOP01-DEL01-PE
704728;14/07/2025;segunda-feira;11:32:00;ES;101;392;CACHOEIRO DE ITAPEMIRIM;Desrespeitar a preferência no cruzamento;Colisão transversal;Com Vítimas Feridas;Pleno dia;Crescente;Céu Claro;Simples;Interseção de Vias;Não;2;0;0;1;1;0;1;2;-20,9246801;-41,0807224;SPRF-ES;DEL03-ES;UOP02-DEL03-ES
704730;14/07/2025;segunda-feira;11:00:00;PR;376;502;PONTA GROSSA;Animais na Pista;Atropelamento de Animal;Com Vítimas Feridas;Pleno dia;Crescente;Céu Claro;Dupla;Retorno Regulamentado;Sim;1;0;1;0;0;0;1;1;-25,17053662;-50,10967486;SPRF-PR;DEL03-PR;UOP04-DEL03-PR
704731;14/07/2025;segunda-feira;09:20:00;SC;101;155;PORTO BELO;Pista Escorregadia;Tombamento;Com Vítimas Feridas;Pleno dia;Crescente;Céu Claro;Dupla;Curva;Sim;1;0;1;0;0;0;1;1;-27,16438525;-48,61177683;SPRF-SC;DEL04-SC;UOP03-DEL04-SC
704732;14/07/2025;segunda-feira;12:00:00;MG;40;700;BARBACENA;Acessar a via sem observar a presença dos outros veículos;Colisão lateral mesmo sentido;Com Vítimas Feridas;Pleno dia;Decrescente;Céu Claro;Dupla;"Declive;Reta";Sim;2;0;0;2;0;0;2;1;-21,20588045;-43,7492305;SPRF-MG;DEL05-MG;UOP02-DEL05-MG
704734;14/07/2025;segunda-feira;09:15:00;PA;316;91;SAO FRANCISCO DO PARA;Ausência de reação do condutor;Colisão traseira;Sem Vítimas;Pleno dia;Decrescente;Céu Claro;Simples;Reta;Não;3;0;0;0;3;0;0;2;-1,322239;-47,675919;SPRF-PA;DEL01-PA;UOP02-DEL01-PA
704735;14/07/2025;segunda-feira;12:10:00;SE;235;35,2;AREIA BRANCA;Ausência de reação do condutor;Atropelamento de Pedestre;Com Vítimas Fatais;Pleno dia;Decrescente;Sol;Simples;Reta;Não;2;1;0;0;0;1;0;2;-10,76258;-37,319883;SPRF-SE;DEL01-SE;UOP02-DEL01-SE
704736;14/07/2025;segunda-feira;12:40:00;PE;101;67;RECIFE;Ausência de reação do condutor;Colisão traseira;Com Vítimas Feridas;Pleno dia;Crescente;Céu Claro;Dupla;Reta;Sim;3;0;2;0;1;0;2;2;-8,0642048;-34,9372416;SPRF-PE;DEL01-PE;UOP01-DEL01-PE
704737;14/07/2025;segunda-feira;12:25:00;SP;116;219;GUARULHOS;Manobra de mudança de faixa;Colisão lateral mesmo sentido;Com Vítimas Feridas;Pleno dia;Decrescente;Céu Claro;Múltipla;Reta;Sim;2;0;1;0;0;1;1;2;-23,4624044;-46,49151055;SPRF-SP;DEL01-SP;UOP01-DEL01-SP
704738;14/07/2025;segunda-feira;12:10:00;BA;324;516;FEIRA DE SANTANA;Acessar a via sem observar a presença dos outros veículos;Colisão transversal;Com Vítimas Feridas;Pleno dia;Decrescente;Chuva;Simples;Reta;Sim;2;0;0;1;1;0;1;2;-12,233275;-38,947542;SPRF-BA;DEL02-BA;UOP01-DEL02-BA
704741;14/07/2025;segunda-feira;12:45:00;RN;101;121;SAO JOSE DE MIPIBU;Trafegar com motocicleta (ou similar) entre as faixas;Tombamento;Com Vítimas Feridas;Pleno dia;Decrescente;Nublado;Dupla;Reta;Não;7;0;2;0;5;0;2;2;-6,044456;-35,245855;SPRF-RN;DEL01-RN;UOP01-DEL01-RN
704742;14/07/2025;segunda-feira;11:30:00;MG;381;686;LAVRAS;Condutor Dormindo;Colisão com objeto;Com Vítimas Feridas;Pleno dia;Crescente;Céu Claro;Dupla;Curva;Não;1;0;1;0;0;0;1;1;-21,1739612;-45,1252048;SPRF-MG;DEL04-MG;UOP02-DEL04-MG
704743;14/07/2025;segunda-feira;13:00:00;SC;280;71;JARAGUA DO SUL;Ultrapassagem Indevida;Colisão lateral mesmo sentido;Com Vítimas Feridas;Pleno dia;Crescente;Céu Claro;Simples;"Em Obras;Rotatória";Não;2;0;0;1;1;0;1;2;-26,45881705;-49,16081429;SPRF-SC;DEL03-SC;UOP03-DEL03-SC
704744;14/07/2025;segunda-feira;13:10:00;PR;369;182;ARAPONGAS;Pedestre cruzava a pista fora da faixa;Atropelamento de Pedestre;Com Vítimas Feridas;Pleno dia;Crescente;Céu Claro;Dupla;Reta;Sim;2;0;1;0;1;0;1;2;-23,37126752;-51,4100167;SPRF-PR;DEL07-PR;UOP03-DEL07-PR
704745;14/07/2025;segunda-feira;12:55:00;RS;472;578;URUGUAIANA;Pedestre cruzava a pista fora da faixa;Atropelamento de Pedestre;Com Vítimas Feridas;Pleno dia;Crescente;Céu Claro;Simples;Reta;Sim;4;0;1;0;1;2;1;2;-29,785887;-57,077492;SPRF-RS;DEL13-RS;UOP01-DEL13-RS