id;data_inversa;dia_semana;horario;uf;br;km;municipio;causa_acidente;tipo_acidente;classificacao_acidente;fase_dia;sentido_via;condicao_metereologica;tipo_pista;tracado_via;uso_solo;pessoas;mortos;feridos_leves;feridos_graves;ilesos;ignorados;feridos;veiculos;latitude;longitude;regional;delegacia;uop
704872;15/07/2025;terça-feira;08:05:00;DF;20;15;BRASILIA;Condutor deixou de manter distância do veículo da frente;Queda de ocupante de veículo;Com Vítimas Feridas;Pleno dia;Decrescente;Chuva;Dupla;"Reta;Em Obras;Desvio Temporário";Não;1;0;1;0;0;0;1;1;-15,62617;-47,72612;SPRF-DF;DEL02-DF;UOP01-DEL02-DF
704873;13/06/2025;sexta-feira;16:45:00;SP;116;442;REGISTRO;Acesso irregular;Colisão transversal;Com Vítimas Fatais;Pleno dia;Decrescente;Céu Claro;Dupla;Reta;Sim;3;1;0;0;2;0;0;2;-24,48057551;-47,8307759;SPRF-SP;DEL05-SP;UOP01-DEL05-SP
704874;15/07/2025;terça-feira;07:10:00;RJ;493;55;DUQUE DE CAXIAS;Neblina;Saída de leito carroçável;Com Vítimas Feridas;Amanhecer;Crescente;Nevoeiro/Neblina;Simples;Reta;Não;2;0;1;0;1;0;1;1;-22,65956205;-43,35577047;SPRF-RJ;DEL01-RJ;UOP03-DEL01-RJ
704875;15/07/2025;terça-feira;07:20:00;MS;262;350,1;CAMPO GRANDE;Ultrapassagem Indevida;Saída de leito carroçável;Com Vítimas Feridas;Amanhecer;Crescente;Céu Claro;Simples;Reta;Não;1;0;1;0;0;0;1;1;-20,567839;-54,631756;SPRF-MS;DEL01-MS;UOP03-DEL01-MS
704877;15/07/2025;terça-feira;08:20:00;ES;101;270;SERRA;Conversão proibida;Colisão lateral mesmo sentido;Com Vítimas Feridas;Pleno dia;Decrescente;Céu Claro;Múltipla;"Reta;Interseção de Vias";Sim;2;0;2;0;0;0;2;2;-20,21368087;-40,26965261;SPRF-ES;DEL02-ES;UOP01-DEL02-ES
704880;15/07/2025;terça-feira;06:30:00;PR;376;181,9;MARINGA;Ausência de reação do condutor;Colisão lateral mesmo sentido;Com Vítimas Feridas;Amanhecer;Decrescente;Nublado;Dupla;Rotatória;Sim;2;0;1;0;1;0;1;2;-23,43154632;-51,88702997;SPRF-PR;DEL09-PR;UOP01-DEL09-PR
704881;15/07/2025;terça-feira;08:30:00;PR;376;182,3;SARANDI;Trafegar com motocicleta (ou similar) entre as faixas;Colisão traseira;Com Vítimas Feridas;Pleno dia;Decrescente;Céu Claro;Múltipla;"Curva;Interseção de Vias;Rotatória";Sim;3;0;2;0;1;0;2;2;-23,43164076;-51,88697934;SPRF-PR;DEL09-PR;UOP01-DEL09-PR
704882;15/07/2025;terça-feira;08:25:00;PB;101;83;BAYEUX;Manobra de mudança de faixa;Colisão lateral mesmo sentido;Com Vítimas Feridas;Pleno dia;Crescente;Céu Claro;Dupla;Reta;Sim;3;0;2;0;0;1;2;2;-7,13602493;-34,92722154;SPRF-PB;DEL01-PB;UOP01-DEL01-PB
704883;15/07/2025;terça-feira;07:15:00;RJ;116;97;GUAPIMIRIM;Ausência de reação do condutor;Queda de ocupante de veículo;Com Vítimas Feridas;Pleno dia;Crescente;Céu Claro;Simples;"Declive;Curva";Não;1;0;1;0;0;0;1;1;-22,47829943;-42,99615383;SPRF-RJ;DEL04-RJ;UOP01-DEL04-RJ
704884;15/07/2025;terça-feira;07:15:00;BA;116;11;VITORIA DA CONQUISTA;Desrespeitar a preferência no cruzamento;Colisão transversal;Com Vítimas Feridas;Pleno dia;Crescente;Céu Claro;Simples;Interseção de Vias;Sim;2;0;1;0;1;0;1;2;-14,873432;-40,871456;SPRF-BA;DEL08-BA;UOP01-DEL08-BA
704885;15/07/2025;terça-feira;07:30:00;MG;40;518;RIBEIRAO DAS NEVES;Reação tardia ou ineficiente do condutor;Tombamento;Com Vítimas Feridas;Pleno dia;Crescente;Céu Claro;Dupla;Reta;Sim;1;0;1;0;0;0;1;1;-19,8317804;-44,0819517;SPRF-MG;DEL01-MG;UOP02-DEL01-MG
704886;15/07/2025;terça-feira;07:15:00;MT;364;204,7;RONDONOPOLIS;Condutor deixou de manter distância do veículo da frente;Colisão traseira;Com Vítimas Feridas;Pleno dia;Decrescente;Céu Claro;Simples;"Reta;Interseção de Vias";Sim;2;0;1;0;1;0;1;2;-16,46184037;-54,65992212;SPRF-MT;DEL02-MT;UOP01-DEL02-MT
704887;15/07/2025;terça-feira;07:45:00;SC;101;211,3;PALHOCA;Condutor deixou de manter distância do veículo da frente;Colisão traseira;Sem Vítimas;Pleno dia;Decrescente;Céu Claro;Múltipla;Reta;Não;3;0;0;0;2;1;0;3;-27,64473424;-48,67037622;SPRF-SC;DEL01-SC;UOP02-DEL01-SC
704888;15/07/2025;terça-feira;06:30:00;RS;470;156,5;NOVA PRATA;Acessar a via sem observar a presença dos outros veículos;Colisão transversal;Com Vítimas Feridas;Amanhecer;Decrescente;Céu Claro;Simples;Interseção de Vias;Sim;2;0;0;1;1;0;1;2;-28,78611883;-51,6140914;SPRF-RS;DEL06-RS;UOP02-DEL06-RS
704889;15/07/2025;terça-feira;08:50:00;SP;153;60;SAO JOSE DO RIO PRETO;Ausência de reação do condutor;Colisão traseira;Com Vítimas Feridas;Pleno dia;Crescente;Céu Claro;Dupla;Reta;Sim;2;0;1;0;1;0;1;2;-20,76423;-49,34715;SPRF-SP;DEL09-SP;UOP01-DEL09-SP
704893;15/07/2025;terça-feira;08:36:00;GO;20;4;FORMOSA;Ausência de reação do condutor;Saída de leito carroçável;Com Vítimas Feridas;Pleno dia;Crescente;Céu Claro;Simples;"Reta;Aclive";Não;1;0;1;0;0;0;1;1;-15,55667109;-47,3078692;SPRF-DF;DEL02-DF;UOP02-DEL02-DF
704895;15/07/2025;terça-feira;08:00:00;PB;101;76,7;SANTA RITA;Acessar a via sem observar a presença dos outros veículos;Colisão lateral mesmo sentido;Com Vítimas Feridas;Pleno dia;Decrescente;Sol;Dupla;Reta;Não;2;0;0;1;1;0;1;2;-7,09175296;-34,96819317;SPRF-PB;DEL01-PB;UOP03-DEL01-PB
704897;15/07/2025;terça-feira;08:00:00;BA;324;326;CONCEICAO DO JACUIPE;Chuva;Colisão traseira;Sem Vítimas;Pleno dia;Crescente;Chuva;Dupla;Reta;Sim;2;0;0;0;2;0;0;2;-12,35676851;-38,82770539;SPRF-BA;DEL04-BA;UOP02-DEL04-BA
704899;15/07/2025;terça-feira;08:14:00;PI;343;313,2;ALTOS;Condutor deixou de manter distância do veículo da frente;Colisão traseira;Sem Vítimas;Pleno dia;Crescente;Céu Claro;Simples;"Reta;Aclive";Não;2;0;0;0;2;0;0;2;-5,04679;-42,51194;SPRF-PI;DEL01-PI;UOP01-DEL01-PI
704900;15/07/2025;terça-feira;07:45:00;AL;316;155,6;PALMEIRA DOS INDIOS;Desrespeitar a preferência no cruzamento;Colisão transversal;Com Vítimas Feridas;Pleno dia;Crescente;Céu Claro;Simples;Reta;Sim;5;0;1;2;1;1;3;3;-9,423401;-36,627868;SPRF-AL;DEL03-AL;UOP01-DEL03-AL
704901;15/07/2025;terça-feira;09:45:00;ES;101;264;SERRA;Reação tardia ou ineficiente do condutor;Colisão traseira;Com Vítimas Feridas;Pleno dia;Crescente;Nublado;Múltipla;Reta;Sim;2;0;1;0;1;0;1;2;-20,1767759;-40,2660588;SPRF-ES;DEL02-ES;UOP01-DEL02-ES
704902;03/07/2025;quinta-feira;22:30:00;AM;174;981;RIO PRETO DA EVA;Condutor Dormindo;Saída de leito carroçável;Com Vítimas Feridas;Plena Noite;Crescente;Nublado;Simples;Reta;Não;4;0;0;4;0;0;4;1;-2,132142;-59,996728;SPRF-AM;DEL01-AM;UOP02-DEL01-AM
704905;15/07/2025;terça-feira;09:00:00;SC;101;389;CRICIUMA;Neblina;Tombamento;Com Vítimas Feridas;Pleno dia;Crescente;Nevoeiro/Neblina;Simples;"Aclive;Curva";Não;1;0;1;0;0;0;1;1;-28,80252064;-49,36530439;SPRF-SC;DEL02-SC;UOP02-DEL02-SC
704906;15/07/2025;terça-feira;10:13:00;MG;354;752,9;ITAMONTE;Retorno proibido;Colisão transversal;Com Vítimas Feridas;Pleno dia;Decrescente;Sol;Simples;Reta;Sim;2;0;0;1;1;0;1;2;-22,277126;-44,874481;SPRF-MG;DEL17-MG;UOP01-DEL17-MG
704908;15/07/2025;terça-feira;09:00:00;PI;316;388;ALEGRETE DO PIAUI;Condutor Dormindo;Saída de leito carroçável;Com Vítimas Feridas;Pleno dia;Decrescente;Céu Claro;Simples;Reta;Não;1;0;0;1;0;0;1;1;-7,230669;-40,871487;SPRF-PI;DEL04-PI;UOP03-DEL04-PI
704910;15/07/2025;terça-feira;08:40:00;PE;104;12;TAQUARITINGA DO NORTE;Acessar a via sem observar a presença dos outros veículos;Colisão traseira;Com Vítimas Feridas;Pleno dia;Crescente;Céu Claro;Simples;"Declive;Reta";Não;3;0;2;0;1;0;2;2;-7,88852;-36,110472;SPRF-PE;DEL02-PE;UOP01-DEL02-PE
704912;08/07/2025;terça-feira;19:00:00;MT;364;1183;CAMPOS DE JULIO;Acessar a via sem observar a presença dos outros veículos;Colisão lateral mesmo sentido;Com Vítimas Fatais;Plena Noite;Decrescente;Nublado;Simples;Reta;Não;2;1;0;0;1;0;0;2;-13,700505;-59,24674;SPRF-MT;DEL04-MT;UOP02-DEL04-MT
704913;15/07/2025;terça-feira;10:17:00;RN;101;101;PARNAMIRIM;Acessar a via sem observar a presença dos outros veículos;Engavetamento;Sem Vítimas;Pleno dia;Crescente;Céu Claro;Dupla;Reta;Sim;3;0;0;0;3;0;0;3;-5,88631652;-35,23046362;SPRF-RN;DEL01-RN;UOP01-DEL01-RN
704914;15/07/2025;terça-feira;07:40:00;SC;101;42,8;JOINVILLE;Manobra de mudança de faixa;Colisão lateral mesmo sentido;Com Vítimas Feridas;Pleno dia;Decrescente;Céu Claro;Dupla;Reta;Não;2;0;1;0;1;0;1;2;-26,32850344;-48,86359183;SPRF-SC;DEL03-SC;UOP01-DEL03-SC
704915;07/03/2025;sexta-feira;18:10:00;PA;230;114;MARABA;Reação tardia ou ineficiente do condutor;Colisão lateral mesmo sentido;Com Vítimas Feridas;Pleno dia;Crescente;Céu Claro;Dupla;Curva;Sim;2;0;0;1;0;1;1;2;-5,361153;-49,079116;SPRF-PA;DEL03-PA;UOP01-DEL03-PA
704916;15/07/2025;terça-feira;08:00:00;MT;70;87;GENERAL CARNEIRO;Reação tardia ou ineficiente do condutor;Saída de leito carroçável;Com Vítimas Feridas;Pleno dia;Decrescente;Céu Claro;Simples;"Declive;Reta";Não;1;0;1;0;0;0;1;1;-15,62111192;-52,8411648;SPRF-MT;DEL07-MT;UOP01-DEL07-MT
704918;15/07/2025;terça-feira;11:15:00;DF;70;1;BRASILIA;Condutor deixou de manter distância do veículo da frente;Colisão traseira;Com Vítimas Feridas;Pleno dia;Decrescente;Céu Claro;Dupla;Reta;Sim;4;0;1;0;3;0;1;2;-15,79426107;-48,06046335;SPRF-DF;DEL03-DF;UOP02-DEL03-DF
704919;15/07/2025;terça-feira;10:40:00;PI;343;3;TERESINA;Condutor desrespeitou a iluminação vermelha do semáforo;Colisão transversal;Com Vítimas Feridas;Pleno dia;Crescente;Céu Claro;Dupla;"Reta;Interseção de Vias";Sim;2;0;1;0;1;0;1;2;-5,080712;-42,78027;SPRF-PI;DEL01-PI;UOP01-DEL01-PI
704920;15/07/2025;terça-feira;11:20:00;RS;290;121;ELDORADO DO SUL;Condutor Dormindo;Saída de leito carroçável;Sem Vítimas;Pleno dia;Crescente;Céu Claro;Simples;Reta;Não;1;0;0;0;1;0;0;1;-30,050512;-51,409314;SPRF-RS;DEL02-RS;UOP01-DEL02-RS
704922;15/07/2025;terça-feira;10:25:00;SC;101;114,9;ITAJAI;Ultrapassagem Indevida;Colisão lateral mesmo sentido;Sem Vítimas;Pleno dia;Decrescente;Nublado;Simples;Interseção de Vias;Não;2;0;0;0;2;0;0;2;-26,86955249;-48,72961935;SPRF-SC;DEL04-SC;UOP04-DEL04-SC
704924;15/07/2025;terça-feira;09:10:00;PI;316;117;PASSAGEM FRANCA DO PIAUI;Acostamento em desnível;Saída de leito carroçável;Sem Vítimas;Pleno dia;Crescente;Céu Claro;Simples;Reta;Não;1;0;0;0;1;0;0;1;-5,93214;-42,3812;SPRF-PI;DEL04-PI;UOP02-DEL04-PI
704925;15/07/2025;terça-feira;08:25:00;MG;381;482;BETIM;Manobra de mudança de faixa;Colisão lateral mesmo sentido;Com Vítimas Feridas;Pleno dia;Decrescente;Céu Claro;Dupla;Reta;Não;3;0;1;0;2;0;1;2;-19,96011866;-44,07062531;SPRF-MG;DEL01-MG;UOP03-DEL01-MG
704926;15/07/2025;terça-feira;09:15:00;PI;343;255,4;CAMPO MAIOR;Condutor deixou de manter distância do veículo da frente;Colisão traseira;Com Vítimas Feridas;Pleno dia;Decrescente;Céu Claro;Simples;Ponte;Não;6;0;1;0;5;0;1;2;-4,83099658;-42,16381073;SPRF-PI;DEL01-PI;UOP03-DEL01-PI
704927;15/07/2025;terça-feira;12:10:00;MG;40;455,9;CAETANOPOLIS;Acumulo de óleo sobre o pavimento;Tombamento;Com Vítimas Feridas;Pleno dia;Crescente;Céu Claro;Dupla;Reta;Não;1;0;1;0;0;0;1;1;-19,36197;-44,34143;SPRF-MG;DEL02-MG;UOP01-DEL02-MG
704929;15/07/2025;terça-feira;11:30:00;SP;116;4;GUARULHOS;Reação tardia ou ineficiente do condutor;Colisão traseira;Com Vítimas Feridas;Pleno dia;Decrescente;Sol;Dupla;"Reta;Aclive";Sim;2;0;1;0;1;0;1;2;-23,42200593;-46,48317372;SPRF-SP;DEL01-SP;UOP01-DEL01-SP
704934;10/07/2025;quinta-feira;07:16:00;PR;369;202;APUCARANA;Pedestre andava na pista;Atropelamento de Pedestre;Com Vítimas Feridas;Amanhecer;Crescente;Céu Claro;Dupla;"Reta;Interseção de Vias";Sim;2;0;1;0;1;0;1;2;-23,54666611;-51,45214431;SPRF-PR;DEL07-PR;UOP03-DEL07-PR
704935;30/06/2025;segunda-feira;23:30:00;SE;235;110,2;CARIRA;Manobra de mudança de faixa;Colisão frontal;Com Vítimas Fatais;Plena Noite;Decrescente;Nevoeiro/Neblina;Simples;Curva;Não;2;2;0;0;0;0;0;2;-10,342855;-37,716105;SPRF-SE;DEL01-SE;UOP02-DEL01-SE
704936;15/07/2025;terça-feira;08:00:00;AM;319;523;TAPAUA;Demais falhas na via;Saída de leito carroçável;Com Vítimas Fatais;Pleno dia;Decrescente;Céu Claro;Simples;Ponte;Não;1;1;0;0;0;0;0;1;-6,43049118;-62,86434361;SPRF-AM;DEL01-AM;UOP04-DEL01-AM
704937;15/07/2025;terça-feira;08:30:00;MA;135;21;SAO LUIS;Acessar a via sem observar a presença dos outros veículos;Atropelamento de Pedestre;Com Vítimas Feridas;Pleno dia;Crescente;Céu Claro;Dupla;Reta;Sim;2;0;1;0;1;0;1;2;-2,744873;-44,341613;SPRF-MA;DEL01-MA;UOP01-DEL01-MA
704940;15/07/2025;terça-feira;12:00:00;GO;40;54;LUZIANIA;Reação tardia ou ineficiente do condutor;Queda de ocupante de veículo;Com Vítimas Feridas;Pleno dia;Crescente;Céu Claro;Dupla;Reta;Não;2;0;2;0;0;0;2;2;-16,47931;-47,81184;SPRF-DF;DEL01-DF;UOP02-DEL01-DF
704941;15/07/2025;terça-feira;12:20:00;MG;40;625,9;CONSELHEIRO LAFAIETE;Acessar a via sem observar a presença dos outros veículos;Colisão transversal;Com Vítimas Feridas;Pleno dia;Crescente;Sol;Simples;Reta;Sim;2;0;0;1;1;0;1;2;-20,631707;-43,8115629;SPRF-MG;DEL05-MG;UOP02-DEL05-MG
704942;15/07/2025;terça-feira;13:10:00;MG;381;894,7;CAMBUI;Velocidade Incompatível;Saída de leito carroçável;Com Vítimas Feridas;Pleno dia;Crescente;Céu Claro;Dupla;Curva;Não;1;0;1;0;0;0;1;1;-22,581313;-46,046093;SPRF-MG;DEL16-MG;UOP01-DEL16-MG
704944;15/07/2025;terça-feira;12:30:00;RO;319;144;PORTO VELHO;Reação tardia ou ineficiente do condutor;Colisão traseira;Com Vítimas Feridas;Pleno dia;Crescente;Céu Claro;Dupla;Reta;Sim;2;0;1;0;1;0;1;2;-8,76661779;-63,88443589;SPRF-RO;DEL01-RO;UOP01-DEL01-RO
704949;15/07/2025;terça-feira;13:10:00;RJ;116;173;SAO JOAO DE MERITI;Trafegar com motocicleta (ou similar) entre as faixas;Colisão lateral mesmo sentido;Com Vítimas Feridas;Pleno dia;Decrescente;Céu Claro;Dupla;Reta;Não;2;0;1;0;1;0;1;2;-22,80198701;-43,35013803;SPRF-RJ;DEL06-RJ;UOP01-DEL06-RJ
704950;15/07/2025;terça-feira;13:14:00;BA;101;884,4;TEIXEIRA DE FREITAS;Ultrapassagem Indevida;Colisão lateral sentido oposto;Com Vítimas Feridas;Pleno dia;Decrescente;Céu Claro;Simples;"Aclive;Curva";Não;7;0;4;0;3;0;4;2;-17,600803;-39,748568;SPRF-BA;DEL09-BA;UOP02-DEL09-BA
704951;15/07/2025;terça-feira;14:00:00;MG;381;401;NOVA UNIAO;Ausência de reação do condutor;Queda de ocupante de veículo;Com Vítimas Feridas;Pleno dia;Crescente;Céu Claro;Dupla;Curva;Sim;1;0;1;0;0;0;1;1;-19,7524846;-43,5381937;SPRF-MG;DEL01-MG;UOP01-DEL01-MG
704952;15/07/2025;terça-feira;13:15:00;RJ;116;173;SAO JOAO DE MERITI;Condutor deixou de manter distância do veículo da frente;Colisão traseira;Com Vítimas Feridas;Pleno dia;Crescente;Céu Claro;Múltipla;Reta;Sim;2;0;1;0;1;0;1;2;-22,80031645;-43,35342407;SPRF-RJ;DEL06-RJ;UOP01-DEL06-RJ
704953;15/07/2025;terça-feira;13:50:00;MA;135;1;SAO LUIS;Condutor deixou de manter distância do veículo da frente;Engavetamento;Com Vítimas Feridas;Pleno dia;Decrescente;Chuva;Dupla;Reta;Sim;13;0;2;0;10;1;2;4;-2,59348558;-44,24493369;SPRF-MA;DEL01-MA;UOP01-DEL01-MA
704956;26/06/2025;quinta-feira;03:30:00;PR;116;67;CAMPINA GRANDE DO SUL;Velocidade Incompatível;Saída de leito carroçável;Com Vítimas Feridas;Plena Noite;Crescente;Céu Claro;Dupla;Curva;Não;3;0;3;0;0;0;3;1;-25,31777263;-49,01912976;SPRF-PR;DEL01-PR;UOP02-DEL01-PR
704970;15/07/2025;terça-feira;14:30:00;PA;230;118,8;MARABA;Ausência de reação do condutor;Colisão traseira;Sem Vítimas;Pleno dia;Decrescente;Céu Claro;Simples;Declive;Sim;6;0;0;0;6;0;0;2;-5,350167;-49,103282;SPRF-PA;DEL03-PA;UOP01-DEL03-PA
704976;15/07/2025;terça-feira;15:02:00;PI;343;13;PARNAIBA;Condutor usando celular;Colisão com objeto;Com Vítimas Feridas;Pleno dia;Decrescente;Céu Claro;Dupla;Curva;Sim;1;0;1;0;0;0;1;1;-2,91848705;-41,75409436;SPRF-PI;DEL05-PI;UOP01-DEL05-PI
704977;15/07/2025;terça-feira;15:30:00;RJ;101;388;RIO DE JANEIRO;Manobra de mudança de faixa;Colisão transversal;Com Vítimas Feridas;Pleno dia;Crescente;Nublado;Dupla;Reta;Sim;4;0;0;2;2;0;2;3;-22,890739;-43,666881;SPRF-RJ;DEL03-RJ;UOP01-DEL03-RJ
704978;15/07/2025;terça-feira;10:30:00;MT;364;271;JACIARA;Ausência de reação do condutor;Queda de ocupante de veículo;Com Vítimas Feridas;Pleno dia;Decrescente;Céu Claro;Dupla;Reta;Sim;1;0;1;0;0;0;1;1;-15,96964297;-54,95467544;SPRF-MT;DEL05-MT;UOP02-DEL05-MT
704979;15/07/2025;terça-feira;16:25:00;PR;369;496,7;CASCAVEL;Condutor deixou de manter distância do veículo da frente;Colisão traseira;Com Vítimas Feridas;Pleno dia;Decrescente;Céu Claro;Simples;Reta;Não;5;0;1;0;4;0;1;2;-24,88513711;-53,34655221;SPRF-PR;DEL04-PR;UOP01-DEL04-PR
704982;15/07/2025;terça-feira;16:30:00;MA;135;7,6;SAO LUIS;Acessar a via sem observar a presença dos outros veículos;Colisão transversal;Com Vítimas Feridas;Pleno dia;Crescente;Garoa/Chuvisco;Dupla;"Retorno Regulamentado;Declive;Reta";Sim;2;0;1;0;1;0;1;2;-2,6408087;-44,2719199;SPRF-MA;DEL01-MA;UOP01-DEL01-MA
704983;15/07/2025;terça-feira;17:00:00;SC;280;8,9;SAO FRANCISCO DO SUL;Acessar a via sem observar a presença dos outros veículos;Colisão transversal;Com Vítimas Feridas;Pleno dia;Crescente;Céu Claro;Simples;Reta;Não;2;0;1;0;1;0;1;2;-26,286688;-48,646233;SPRF-SC;DEL03-SC;UOP03-DEL03-SC
704984;15/07/2025;terça-feira;16:20:00;PE;428;191,9;PETROLINA;Retorno proibido;Colisão transversal;Com Vítimas Feridas;Pleno dia;Crescente;Céu Claro;Dupla;Reta;Sim;3;0;1;0;2;0;1;2;-9,386258;-40,523718;SPRF-PE;DEL06-PE;UOP01-DEL06-PE
704988;15/07/2025;terça-feira;16:55:00;MS;60;593;JARDIM;Acessar a via sem observar a presença dos outros veículos;Colisão transversal;Com Vítimas Feridas;Pleno dia;Crescente;Céu Claro;Simples;Reta;Sim;3;0;0;1;2;0;1;3;-21,48658513;-56,15334099;SPRF-MS;DEL05-MS;UOP01-DEL05-MS
704989;15/07/2025;terça-feira;17:45:00;ES;101;298,1;VIANA;Ausência de reação do condutor;Colisão traseira;Com Vítimas Feridas;Anoitecer;Decrescente;Céu Claro;Dupla;Interseção de Vias;Sim;3;0;1;0;2;0;1;3;-20,3547929;-40,4150631;SPRF-ES;DEL01-ES;UOP01-DEL01-ES
704990;15/07/2025;terça-feira;17:00:00;SC;101;129,2;BALNEARIO CAMBORIU;Reação tardia ou ineficiente do condutor;Colisão traseira;Com Vítimas Feridas;Pleno dia;Decrescente;Céu Claro;Dupla;Reta;Não;3;0;0;1;2;0;1;3;-26,98160112;-48,67582584;SPRF-SC;DEL04-SC;UOP03-DEL04-SC
704992;15/07/2025;terça-feira;17:50:00;GO;60;385;RIO VERDE;Reação tardia ou ineficiente do condutor;Queda de ocupante de veículo;Com Vítimas Feridas;Pleno dia;Crescente;Céu Claro;Dupla;"Ponte;Reta;Declive";Sim;1;0;1;0;0;0;1;1;-17,812408;-50,929402;SPRF-GO;DEL04-GO;UOP02-DEL04-GO
704993;15/07/2025;terça-feira;17:45:00;RS;290;75;GRAVATAI;Avarias e/ou desgaste excessivo no pneu;Tombamento;Com Vítimas Feridas;Anoitecer;Decrescente;Céu Claro;Dupla;Reta;Sim;2;0;1;0;1;0;1;2;-29,9549636;-51,00328446;SPRF-RS;DEL01-RS;UOP01-DEL01-RS
704994;06/07/2025;domingo;15:10:00;MG;116;586;MANHUACU;Condutor Dormindo;Colisão lateral sentido oposto;Com Vítimas Feridas;Pleno dia;Decrescente;Céu Claro;Simples;"Aclive;Reta";Não;3;0;2;0;1;0;2;2;-20,238633;-42,162108;SPRF-MG;DEL06-MG;UOP03-DEL06-MG
704996;15/07/2025;terça-feira;06:00:00;MT;364;434;VARZEA GRANDE;Acessar a via sem observar a presença dos outros veículos;Colisão transversal;Com Vítimas Feridas;Pleno dia;Crescente;Céu Claro;Simples;Reta;Não;2;0;1;0;1;0;1;2;-15,65213095;-56,19232178;SPRF-MT;DEL01-MT;UOP02-DEL01-MT
704997;15/07/2025;terça-feira;16:35:00;MG;116;412,9;GOVERNADOR VALADARES;Mal súbito do condutor;Saída de leito carroçável;Com Vítimas Feridas;Pleno dia;Decrescente;Céu Claro;Simples;Reta;Sim;1;0;1;0;0;0;1;1;-18,87966089;-41,96059702;SPRF-MG;DEL06-MG;UOP01-DEL06-MG
704998;15/07/2025;terça-feira;10:30:00;GO;60;335;SANTO ANTONIO DA BARRA;Demais falhas mecânicas ou elétricas;Incêndio;Sem Vítimas;Pleno dia;Decrescente;Céu Claro;Dupla;Reta;Não;1;0;0;0;0;1;0;1;-17,541805;-50,58576;SPRF-GO;DEL04-GO;UOP02-DEL04-GO
705000;15/07/2025;terça-feira;17:20:00;PR;369;81;SANTA MARIANA;Acessar a via sem observar a presença dos outros veículos;Colisão frontal;Com Vítimas Feridas;Pleno dia;Decrescente;Céu Claro;Simples;"Reta;Interseção de Vias";Não;2;0;1;0;1;0;1;2;-23,14495191;-50,58047382;SPRF-PR;DEL07-PR;UOP05-DEL07-PR
705001;15/07/2025;terça-feira;17:35:00;SP;116;108;TAUBATE;Trafegar com motocicleta (ou similar) entre as faixas;Colisão traseira;Com Vítimas Feridas;Anoitecer;Crescente;Nublado;Dupla;Reta;Não;2;0;1;0;1;0;1;2;-23,02421086;-45,5386734;SPRF-SP;DEL02-SP;UOP02-DEL02-SP
705002;15/07/2025;terça-feira;18:00:00;ES;259;64,5;COLATINA;Transitar na contramão;Colisão frontal;Com Vítimas Feridas;Plena Noite;Crescente;Céu Claro;Simples;Reta;Não;3;0;3;0;0;0;3;2;-19,52067748;-40,71276695;SPRF-ES;DEL02-ES;UOP01-DEL02-ES
705004;15/07/2025;terça-feira;17:30:00;RJ;40;121;DUQUE DE CAXIAS;Trafegar com motocicleta (ou similar) entre as faixas;Colisão lateral mesmo sentido;Com Vítimas Feridas;Anoitecer;Decrescente;Céu Claro;Múltipla;Reta;Sim;2;0;1;0;1;0;1;2;-22,78457;-43,28555;SPRF-RJ;DEL01-RJ;UOP02-DEL01-RJ
705005;15/07/2025;terça-feira;18:29:00;MG;381;430,3;SABARA;Conversão proibida;Colisão transversal;Com Vítimas Feridas;Plena Noite;Decrescente;Nublado;Simples;"Declive;Curva";Não;6;0;4;1;1;0;5;2;-19,791556;-43,744872;SPRF-MG;DEL01-MG;UOP01-DEL01-MG
705006;15/07/2025;terça-feira;14:00:00;SP;381;22,4;BRAGANCA PAULISTA;Condutor deixou de manter distância do veículo da frente;Colisão traseira;Com Vítimas Feridas;Pleno dia;Decrescente;Céu Claro;Dupla;Reta;Não;1;0;0;1;0;0;1;1;-23,00675219;-46,52057648;SPRF-SP;DEL03-SP;UOP02-DEL03-SP
705010;15/07/2025;terça-feira;15:26:00;MT;364;271;JACIARA;Reação tardia ou ineficiente do condutor;Queda de ocupante de veículo;Com Vítimas Feridas;Pleno dia;Crescente;Céu Claro;Dupla;Reta;Não;1;0;1;0;0;0;1;1;-15,969842;-54,95505;SPRF-MT;DEL05-MT;UOP02-DEL05-MT
705011;15/07/2025;terça-feira;18:25:00;RN;101;148;GOIANINHA;Ultrapassagem Indevida;Colisão frontal;Com Vítimas Feridas;Plena Noite;Crescente;Céu Claro;Múltipla;Reta;Sim;3;0;0;1;1;1;1;3;-6,26877;-35,209825;SPRF-RN;DEL01-RN;UOP01-DEL01-RN
705014;15/07/2025;terça-feira;18:10:00;PR;369;208;APUCARANA;Ausência de reação do condutor;Engavetamento;Com Vítimas Feridas;Anoitecer;Decrescente;Céu Claro;Simples;Reta;Sim;4;0;1;0;3;0;1;4;-23,564166;-51,4970676;SPRF-PR;DEL07-PR;UOP03-DEL07-PR
705016;15/07/2025;terça-feira;18:30:00;BA;415;19;ILHEUS;Acessar a via sem observar a presença dos outros veículos;Colisão transversal;Com Vítimas Feridas;Plena Noite;Crescente;Céu Claro;Dupla;Reta;Não;4;0;3;0;0;1;3;2;-14,80410435;-39,13500667;SPRF-BA;DEL05-BA;UOP01-DEL05-BA