id;data_inversa;dia_semana;horario;uf;br;km;municipio;causa_acidente;tipo_acidente;classificacao_acidente;fase_dia;sentido_via;condicao_metereologica;tipo_pista;tracado_via;uso_solo;pessoas;mortos;feridos_leves;feridos_graves;ilesos;ignorados;feridos;veiculos;latitude;longitude;regional;delegacia;uop
705018;15/07/2025;terça-feira;18:40:00;SC;282;2;FLORIANOPOLIS;Reação tardia ou ineficiente do condutor;Queda de ocupante de veículo;Com Vítimas Feridas;Plena Noite;Decrescente;Céu Claro;Múltipla;Reta;Sim;2;0;0;1;0;1;1;2;-27,60325649;-48,59081611;SPRF-SC;DEL01-SC;UOP01-DEL01-SC
705019;15/07/2025;terça-feira;17:00:00;MG;381;714,5;CARMO DA CACHOEIRA;Condutor Dormindo;Saída de leito carroçável;Com Vítimas Feridas;Pleno dia;Crescente;Céu Claro;Dupla;Reta;Não;1;0;1;0;0;0;1;1;-21,39240219;-45,19636355;SPRF-MG;DEL04-MG;UOP02-DEL04-MG
705020;15/07/2025;terça-feira;17:30:00;SC;163;84;GUARACIABA;Retorno proibido;Colisão transversal;Com Vítimas Feridas;Anoitecer;Crescente;Céu Claro;Simples;Reta;Não;2;0;0;1;1;0;1;2;-26,58914117;-53,51680756;SPRF-SC;DEL07-SC;UOP03-DEL07-SC
705021;15/07/2025;terça-feira;15:20:00;BA;349;953;CORRENTINA;Velocidade Incompatível;Capotamento;Com Vítimas Feridas;Pleno dia;Decrescente;Céu Claro;Simples;Reta;Não;3;0;3;0;0;0;3;1;-13,46776066;-44,90730286;SPRF-BA;DEL10-BA;UOP02-DEL10-BA
705022;15/07/2025;terça-feira;18:30:00;DF;70;11;BRASILIA;Manobra de mudança de faixa;Colisão traseira;Com Vítimas Feridas;Plena Noite;Decrescente;Céu Claro;Dupla;"Retorno Regulamentado;Reta";Não;2;0;1;0;1;0;1;2;-15,79059;-48,151842;SPRF-DF;DEL03-DF;UOP02-DEL03-DF
705023;15/07/2025;terça-feira;18:40:00;PE;101;73;RECIFE;Desrespeitar a preferência no cruzamento;Colisão transversal;Com Vítimas Feridas;Plena Noite;Crescente;Chuva;Dupla;Retorno Regulamentado;Sim;4;0;0;1;3;0;1;4;-8,099002;-34,949938;SPRF-PE;DEL01-PE;UOP01-DEL01-PE
705024;15/07/2025;terça-feira;18:45:00;SP;101;37,4;UBATUBA;Ultrapassagem Indevida;Colisão frontal;Com Vítimas Feridas;Plena Noite;Decrescente;Céu Claro;Simples;Curva;Não;3;0;0;1;2;0;1;2;-23,405807;-45,016565;SPRF-SP;DEL06-SP;UOP01-DEL06-SP
705025;15/07/2025;terça-feira;18:14:00;RN;101;76;NATAL;Deficiência do Sistema de Iluminação/Sinalização;Saída de leito carroçável;Com Vítimas Feridas;Plena Noite;Decrescente;Céu Claro;Dupla;Reta;Sim;2;0;1;1;0;0;2;1;-5,72595897;-35,28419137;SPRF-RN;DEL02-RN;UOP01-DEL02-RN
705026;15/07/2025;terça-feira;16:45:00;RO;435;123;CEREJEIRAS;Acessar a via sem observar a presença dos outros veículos;Colisão transversal;Com Vítimas Feridas;Pleno dia;Decrescente;Céu Claro;Dupla;Reta;Sim;2;0;1;0;1;0;1;2;-13,18892746;-60,81399232;SPRF-RO;DEL04-RO;UOP02-DEL04-RO
705027;15/07/2025;terça-feira;19:18:00;PB;230;25;JOAO PESSOA;Pedestre andava na pista;Tombamento;Com Vítimas Feridas;Plena Noite;Crescente;Céu Claro;Dupla;Reta;Sim;1;0;0;1;0;0;1;1;-7,17053732;-34,86871028;SPRF-PB;DEL01-PB;UOP01-DEL01-PB
705028;15/07/2025;terça-feira;19:10:00;RJ;116;173;SAO JOAO DE MERITI;Ausência de reação do condutor;Colisão traseira;Com Vítimas Feridas;Plena Noite;Crescente;Céu Claro;Dupla;Reta;Sim;2;0;1;0;1;0;1;2;-22,7996286;-43,35455982;SPRF-RJ;DEL06-RJ;UOP01-DEL06-RJ
705029;15/07/2025;terça-feira;19:00:00;SP;116;51;LORENA;Ultrapassagem Indevida;Colisão lateral mesmo sentido;Com Vítimas Feridas;Plena Noite;Crescente;Céu Claro;Simples;"Curva;Interseção de Vias;Rotatória";Sim;2;0;1;0;1;0;1;2;-22,7412038;-45,0940208;SPRF-SP;DEL08-SP;UOP02-DEL08-SP
705030;15/07/2025;terça-feira;17:50:00;RJ;356;38;ITAPERUNA;Acessar a via sem observar a presença dos outros veículos;Colisão lateral mesmo sentido;Com Vítimas Feridas;Plena Noite;Crescente;Céu Claro;Simples;Reta;Não;2;0;1;0;1;0;1;2;-21,2584682;-41,7691534;SPRF-RJ;DEL08-RJ;UOP03-DEL08-RJ
705031;15/07/2025;terça-feira;19:25:00;MG;50;152,5;UBERABA;Ausência de reação do condutor;Colisão traseira;Com Vítimas Feridas;Plena Noite;Decrescente;Céu Claro;Dupla;"Retorno Regulamentado;Reta";Não;3;0;1;0;2;0;1;2;-19,587106;-48,029778;SPRF-MG;DEL13-MG;UOP01-DEL13-MG
705032;15/07/2025;terça-feira;14:30:00;RO;364;26;VILHENA;Acostamento em desnível;Saída de leito carroçável;Com Vítimas Feridas;Pleno dia;Crescente;Céu Claro;Simples;"Reta;Declive";Não;2;0;2;0;0;0;2;1;-12,72474892;-60,22711086;SPRF-RO;DEL04-RO;UOP01-DEL04-RO
705033;15/07/2025;terça-feira;19:00:00;SE;101;189;CRISTINAPOLIS;Demais falhas mecânicas ou elétricas;Incêndio;Sem Vítimas;Plena Noite;Crescente;Céu Claro;Simples;Reta;Não;1;0;0;0;1;0;0;1;-11,419106;-37,706265;SPRF-SE;DEL02-SE;UOP03-DEL02-SE
705035;15/07/2025;terça-feira;18:52:00;PI;402;33,3;PARNAIBA;Conversão proibida;Colisão transversal;Com Vítimas Feridas;Plena Noite;Crescente;Céu Claro;Simples;Reta;Sim;2;0;2;0;0;0;2;2;-2,965504;-41,7759232;SPRF-PI;DEL05-PI;UOP01-DEL05-PI
705036;15/07/2025;terça-feira;15:30:00;PR;163;207;CASCAVEL;Objeto estático sobre o leito carroçável;Colisão com objeto;Sem Vítimas;Pleno dia;Decrescente;Céu Claro;Dupla;Reta;Não;1;0;0;0;1;0;0;1;-24,90076425;-53,53466009;SPRF-PR;DEL05-PR;UOP05-DEL05-PR
705038;15/07/2025;terça-feira;19:17:00;SP;153;177;LINS;Afundamento ou ondulação no pavimento;Saída de leito carroçável;Com Vítimas Feridas;Plena Noite;Decrescente;Nublado;Simples;Reta;Não;2;0;2;0;0;0;2;1;-21,65117;-49,78878;SPRF-SP;DEL07-SP;UOP01-DEL07-SP
705041;15/07/2025;terça-feira;12:30:00;MG;267;266,6;AIURUOCA;Velocidade Incompatível;Saída de leito carroçável;Com Vítimas Feridas;Pleno dia;Crescente;Céu Claro;Simples;Curva;Não;3;0;3;0;0;0;3;1;-21,93004816;-44,6068418;SPRF-MG;DEL17-MG;UOP01-DEL17-MG
705042;15/07/2025;terça-feira;20:15:00;PB;230;19;JOAO PESSOA;Ausência de reação do condutor;Colisão com objeto;Com Vítimas Fatais;Plena Noite;Crescente;Céu Claro;Dupla;Reta;Sim;4;1;0;0;2;1;0;4;-7,129697;-34,850117;SPRF-PB;DEL01-PB;UOP01-DEL01-PB
705043;15/07/2025;terça-feira;19:45:00;RS;116;234;SAO LEOPOLDO;Transitar no Acostamento;Atropelamento de Pedestre;Com Vítimas Feridas;Plena Noite;Crescente;Ignorado;Dupla;Reta;Sim;2;0;1;0;0;1;1;2;-29,72664915;-51,14957705;SPRF-RS;DEL01-RS;UOP02-DEL01-RS
705045;15/07/2025;terça-feira;19:00:00;SC;101;97,8;BALNEARIO PICARRAS;Velocidade Incompatível;Colisão com objeto;Com Vítimas Feridas;Anoitecer;Crescente;Céu Claro;Dupla;Reta;Não;1;0;1;0;0;0;1;1;-26,74346422;-48,69792938;SPRF-SC;DEL03-SC;UOP02-DEL03-SC
705046;15/07/2025;terça-feira;20:00:00;SP;116;149;SAO JOSE DOS CAMPOS;Condutor deixou de manter distância do veículo da frente;Colisão traseira;Com Vítimas Feridas;Plena Noite;Decrescente;Céu Claro;Dupla;Reta;Não;3;0;1;0;2;0;1;2;-23,20632518;-45,8854723;SPRF-SP;DEL02-SP;UOP01-DEL02-SP
705047;15/07/2025;terça-feira;20:00:00;PR;277;650,2;MATELANDIA;Pedestre - Ingestão de álcool/ substâncias psicoativas;Atropelamento de Pedestre;Com Vítimas Feridas;Plena Noite;Decrescente;Céu Claro;Simples;Reta;Sim;2;0;1;0;1;0;1;2;-25,191975;-53,93878;SPRF-PR;DEL05-PR;UOP02-DEL05-PR
705048;15/07/2025;terça-feira;20:35:00;PR;116;120;CURITIBA;Reação tardia ou ineficiente do condutor;Engavetamento;Sem Vítimas;Plena Noite;Crescente;Nublado;Dupla;"Declive;Reta";Sim;4;0;0;0;3;1;0;4;-25,60499308;-49,31852667;SPRF-PR;DEL01-PR;UOP03-DEL01-PR
705050;15/07/2025;terça-feira;18:40:00;GO;60;416;RIO VERDE;Reação tardia ou ineficiente do condutor;Colisão traseira;Com Vítimas Feridas;Anoitecer;Decrescente;Céu Claro;Dupla;Reta;Não;7;0;2;0;5;0;2;2;-17,820285;-51,21696;SPRF-GO;DEL04-GO;UOP02-DEL04-GO
705051;15/07/2025;terça-feira;19:00:00;BA;242;241;ITABERABA;Manobra de mudança de faixa;Colisão lateral sentido oposto;Com Vítimas Feridas;Plena Noite;Crescente;Céu Claro;Simples;Reta;Não;2;0;0;1;1;0;1;2;-12,49766;-40,40701;SPRF-BA;DEL06-BA;UOP02-DEL06-BA
705053;15/07/2025;terça-feira;18:10:00;SP;116;445;REGISTRO;Acessar a via sem observar a presença dos outros veículos;Atropelamento de Pedestre;Com Vítimas Fatais;Plena Noite;Crescente;Céu Claro;Simples;Reta;Não;2;1;0;0;1;0;0;2;-24,50120768;-47,84563065;SPRF-SP;DEL05-SP;UOP01-DEL05-SP
705056;15/07/2025;terça-feira;18:30:00;PI;316;270;DOM EXPEDITO LOPES;Velocidade Incompatível;Saída de leito carroçável;Com Vítimas Feridas;Plena Noite;Decrescente;Céu Claro;Simples;Reta;Não;1;0;1;0;0;0;1;1;-6,91687167;-41,743305;SPRF-PI;DEL04-PI;UOP02-DEL04-PI
705058;15/07/2025;terça-feira;19:30:00;RJ;101;413,2;ITAGUAI;Reação tardia ou ineficiente do condutor;Colisão traseira;Com Vítimas Feridas;Plena Noite;Decrescente;Nublado;Dupla;Curva;Não;3;0;1;0;2;0;1;2;-22,90353407;-43,87068272;SPRF-RJ;DEL03-RJ;UOP01-DEL03-RJ
705059;15/07/2025;terça-feira;20:35:00;RO;364;711;PORTO VELHO;Manobra de mudança de faixa;Colisão lateral mesmo sentido;Com Vítimas Feridas;Plena Noite;Decrescente;Céu Claro;Dupla;Reta;Sim;2;0;2;0;0;0;2;2;-8,78386927;-63,86187315;SPRF-RO;DEL01-RO;UOP01-DEL01-RO
705060;15/07/2025;terça-feira;21:00:00;SP;101;47,8;UBATUBA;Pista Escorregadia;Tombamento;Com Vítimas Feridas;Plena Noite;Decrescente;Céu Claro;Simples;Rotatória;Sim;2;0;2;0;0;0;2;1;-23,43404715;-45,08607594;SPRF-SP;DEL06-SP;UOP01-DEL06-SP
705061;15/07/2025;terça-feira;18:15:00;GO;452;70,4;MAURILANDIA;Reação tardia ou ineficiente do condutor;Colisão com objeto;Sem Vítimas;Plena Noite;Decrescente;Céu Claro;Simples;"Declive;Reta;Ponte";Não;1;0;0;0;0;1;0;1;-18,033288;-50,299517;SPRF-GO;DEL04-GO;UOP01-DEL04-GO
705063;15/07/2025;terça-feira;19:00:00;MT;364;612;DIAMANTINO;Ingestão de álcool pelo condutor;Colisão lateral sentido oposto;Com Vítimas Feridas;Plena Noite;Decrescente;Céu Claro;Simples;Reta;Não;2;0;0;1;1;0;1;2;-14,443296;-56,293455;SPRF-MT;DEL01-MT;UOP01-DEL01-MT
705064;15/07/2025;terça-feira;22:00:00;BA;324;531,5;FEIRA DE SANTANA;Acesso irregular;Atropelamento de Pedestre;Com Vítimas Fatais;Plena Noite;Decrescente;Céu Claro;Dupla;Reta;Não;2;1;0;0;0;1;0;2;-12,34506405;-38,83927472;SPRF-BA;DEL01-BA;UOP03-DEL01-BA
705066;15/07/2025;terça-feira;22:30:00;BA;116;427;FEIRA DE SANTANA;Entrada inopinada do pedestre;Atropelamento de Pedestre;Com Vítimas Feridas;Plena Noite;Decrescente;Céu Claro;Dupla;Reta;Sim;2;0;1;0;0;1;1;2;-12,258675;-38,989675;SPRF-BA;DEL02-BA;UOP01-DEL02-BA
705067;15/07/2025;terça-feira;14:00:00;PA;230;514;ANAPU;Manobra de mudança de faixa;Colisão lateral sentido oposto;Com Vítimas Fatais;Pleno dia;Decrescente;Sol;Simples;"Reta;Declive";Não;2;1;0;0;1;0;0;2;-3,41207302;-51,26635802;SPRF-PA;DEL04-PA;UOP01-DEL04-PA
705068;15/07/2025;terça-feira;23:00:00;MG;381;489,5;BETIM;Ausência de reação do condutor;Saída de leito carroçável;Com Vítimas Feridas;Plena Noite;Decrescente;Céu Claro;Dupla;Reta;Não;1;0;1;0;0;0;1;1;-19,9568936;-44,135896;SPRF-MG;DEL01-MG;UOP03-DEL01-MG
705069;15/07/2025;terça-feira;22:50:00;MG;381;489;BETIM;Manobra de mudança de faixa;Colisão lateral mesmo sentido;Com Vítimas Feridas;Plena Noite;Decrescente;Céu Claro;Dupla;Reta;Sim;2;0;1;0;1;0;1;2;-19,95642825;-44,13546717;SPRF-MG;DEL01-MG;UOP03-DEL01-MG
705070;15/07/2025;terça-feira;18:10:00;PB;230;390;SAO BENTINHO;Transitar na contramão;Colisão frontal;Com Vítimas Feridas;Plena Noite;Decrescente;Céu Claro;Simples;Reta;Sim;2;0;0;1;1;0;1;2;-6,89012;-37,726852;SPRF-PB;DEL03-PB;UOP02-DEL03-PB
705072;15/07/2025;terça-feira;21:00:00;PA;163;988;SANTAREM;Avarias e/ou desgaste excessivo no pneu;Tombamento;Com Vítimas Feridas;Plena Noite;Decrescente;Céu Claro;Simples;Reta;Sim;2;0;1;1;0;0;2;1;-2,57607591;-54,72087522;SPRF-PA;DEL05-PA;UOP01-DEL05-PA
705073;15/07/2025;terça-feira;19:02:00;PR;277;475,1;NOVA LARANJEIRAS;Pedestre andava na pista;Atropelamento de Pedestre;Com Vítimas Fatais;Plena Noite;Crescente;Céu Claro;Simples;Reta;Não;2;1;0;0;1;0;0;2;-25,29856;-52,5643;SPRF-PR;DEL04-PR;UOP02-DEL04-PR
705075;16/07/2025;quarta-feira;00:33:00;SP;116;89;PINDAMONHANGABA;Acessar a via sem observar a presença dos outros veículos;Atropelamento de Pedestre;Com Vítimas Fatais;Plena Noite;Decrescente;Nublado;Dupla;Reta;Sim;2;1;0;0;0;1;0;2;-22,9392011;-45,3781385;SPRF-SP;DEL08-SP;UOP01-DEL08-SP
705076;16/07/2025;quarta-feira;00:20:00;PR;376;211;MANDAGUARI;Ausência de reação do condutor;Colisão com objeto;Sem Vítimas;Plena Noite;Crescente;Céu Claro;Dupla;Curva;Não;1;0;0;0;0;1;0;1;-23,56732703;-51,65478453;SPRF-PR;DEL09-PR;UOP01-DEL09-PR
705078;15/07/2025;terça-feira;22:50:00;MG;381;939,5;EXTREMA;Reação tardia ou ineficiente do condutor;Queda de ocupante de veículo;Com Vítimas Feridas;Plena Noite;Decrescente;Céu Claro;Dupla;Reta;Sim;1;0;1;0;0;0;1;1;-22,8223748;-46,30179316;SPRF-MG;DEL16-MG;UOP03-DEL16-MG
705079;16/07/2025;quarta-feira;00:40:00;RJ;101;265;RIO BONITO;Acessar a via sem observar a presença dos outros veículos;Colisão transversal;Com Vítimas Feridas;Plena Noite;Crescente;Céu Claro;Dupla;Reta;Não;2;0;0;1;1;0;1;2;-22,70968943;-42,64961243;SPRF-RJ;DEL02-RJ;UOP03-DEL02-RJ
705080;16/07/2025;quarta-feira;02:40:00;SP;116;214;GUARULHOS;Objeto estático sobre o leito carroçável;Colisão com objeto;Com Vítimas Feridas;Plena Noite;Decrescente;Céu Claro;Múltipla;Reta;Sim;1;0;1;0;0;0;1;1;-23,44573476;-46,4500122;SPRF-SP;DEL01-SP;UOP01-DEL01-SP
705081;16/07/2025;quarta-feira;03:20:00;RS;448;22;PORTO ALEGRE;Demais falhas mecânicas ou elétricas;Capotamento;Com Vítimas Feridas;Plena Noite;Crescente;Céu Claro;Múltipla;"Curva;Declive;Viaduto";Sim;2;0;1;0;1;0;1;1;-29,97361388;-51,19948626;SPRF-RS;DEL01-RS;UOP01-DEL01-RS
705085;16/07/2025;quarta-feira;03:30:00;PA;163;611;ITAITUBA;Ingestão de álcool pelo condutor;Saída de leito carroçável;Sem Vítimas;Plena Noite;Crescente;Céu Claro;Simples;Reta;Não;1;0;0;0;1;0;0;1;-4,763581;-56,090028;SPRF-PA;DEL05-PA;UOP03-DEL05-PA
705090;15/07/2025;terça-feira;21:00:00;SC;101;389;MARACAJA;Demais falhas mecânicas ou elétricas;Incêndio;Sem Vítimas;Plena Noite;Decrescente;Nevoeiro/Neblina;Simples;"Aclive;Reta";Não;1;0;0;0;1;0;0;1;-28,84;-49,427;SPRF-SC;DEL02-SC;UOP02-DEL02-SC
705092;16/07/2025;quarta-feira;06:25:00;ES;101;290,7;CARIACICA;Acessar a via sem observar a presença dos outros veículos;Colisão transversal;Com Vítimas Fatais;Pleno dia;Decrescente;Céu Claro;Dupla;Reta;Sim;2;1;0;0;1;0;0;2;-20,29417999;-40,39407594;SPRF-ES;DEL01-ES;UOP01-DEL01-ES
705093;23/06/2025;segunda-feira;02:05:00;BA;101;193;CONCEICAO DA FEIRA;Reação tardia ou ineficiente do condutor;Colisão frontal;Com Vítimas Fatais;Plena Noite;Crescente;Céu Claro;Simples;Reta;Não;2;1;0;0;0;1;0;2;-12,53402456;-38,97638217;SPRF-BA;DEL01-BA;UOP03-DEL01-BA
705094;16/07/2025;quarta-feira;04:10:00;MT;70;47;BARRA DO GARCAS;Animais na Pista;Atropelamento de Animal;Sem Vítimas;Plena Noite;Decrescente;Céu Claro;Simples;Reta;Não;2;0;0;0;2;0;0;1;-15,76248766;-52,58465409;SPRF-MT;DEL07-MT;UOP01-DEL07-MT
705095;16/07/2025;quarta-feira;06:00:00;SC;101;11,7;JOINVILLE;Demais falhas mecânicas ou elétricas;Incêndio;Sem Vítimas;Pleno dia;Crescente;Nublado;Dupla;Reta;Não;1;0;0;0;1;0;0;1;-26,1903043;-48,912139;SPRF-SC;DEL03-SC;UOP01-DEL03-SC
705099;15/07/2025;terça-feira;22:20:00;RJ;40;120;DUQUE DE CAXIAS;Avarias e/ou desgaste excessivo no pneu;Tombamento;Com Vítimas Feridas;Plena Noite;Decrescente;Céu Claro;Múltipla;Reta;Sim;2;0;1;1;0;0;2;1;-22,77908;-43,28561;SPRF-RJ;DEL01-RJ;UOP02-DEL01-RJ
705100;16/07/2025;quarta-feira;00:30:00;PR;373;230;IMBITUVA;Ingestão de álcool pelo condutor;Saída de leito carroçável;Sem Vítimas;Plena Noite;Crescente;Céu Claro;Simples;Reta;Não;1;0;0;0;0;1;0;1;-25,180197;-50,665915;SPRF-PR;DEL03-PR;UOP01-DEL03-PR
705101;16/07/2025;quarta-feira;06:00:00;MS;163;513,1;JARAGUARI;Condutor Dormindo;Saída de leito carroçável;Com Vítimas Feridas;Amanhecer;Crescente;Céu Claro;Dupla;Reta;Não;4;0;1;0;3;0;1;1;-20,2086867;-54,4685898;SPRF-MS;DEL01-MS;UOP02-DEL01-MS
705102;16/07/2025;quarta-feira;05:50:00;SP;381;86;SAO PAULO;Ausência de reação do condutor;Colisão lateral mesmo sentido;Com Vítimas Feridas;Plena Noite;Crescente;Céu Claro;Múltipla;Reta;Sim;2;0;1;0;1;0;1;2;-23,46464877;-46,57133996;SPRF-SP;DEL03-SP;UOP01-DEL03-SP
705105;16/07/2025;quarta-feira;01:10:00;MG;116;407,7;GOVERNADOR VALADARES;Acessar a via sem observar a presença dos outros veículos;Colisão transversal;Sem Vítimas;Plena Noite;Decrescente;Céu Claro;Simples;Reta;Não;2;0;0;0;1;1;0;2;-18,831223;-41,9891;SPRF-MG;DEL06-MG;UOP01-DEL06-MG
705106;16/07/2025;quarta-feira;07:35:00;MG;365;639;UBERLANDIA;Demais falhas mecânicas ou elétricas;Incêndio;Sem Vítimas;Pleno dia;Crescente;Céu Claro;Dupla;"Reta;Aclive";Não;1;0;0;0;1;0;0;1;-18,89979036;-48,37623596;SPRF-MG;DEL15-MG;UOP01-DEL15-MG
705107;16/07/2025;quarta-feira;08:00:00;SC;101;334;TUBARAO;Condutor deixou de manter distância do veículo da frente;Saída de leito carroçável;Com Vítimas Feridas;Pleno dia;Crescente;Céu Claro;Dupla;Reta;Sim;1;0;1;0;0;0;1;1;-28,47514651;-49,02735678;SPRF-SC;DEL02-SC;UOP01-DEL02-SC
705109;16/07/2025;quarta-feira;05:30:00;MT;364;1203;CAMPOS DE JULIO;Ultrapassagem Indevida;Colisão frontal;Com Vítimas Feridas;Amanhecer;Crescente;Céu Claro;Simples;Reta;Não;3;0;2;1;0;0;3;2;-13,7914706;-59,3768023;SPRF-MT;DEL04-MT;UOP02-DEL04-MT
705110;16/07/2025;quarta-feira;08:17:00;PE;232;14;JABOATAO DOS GUARARAPES;Manobra de mudança de faixa;Colisão lateral mesmo sentido;Com Vítimas Feridas;Pleno dia;Crescente;Sol;Dupla;"Declive;Curva";Sim;2;0;1;0;0;1;1;2;-8,088398;-35,016687;SPRF-PE;DEL01-PE;UOP01-DEL01-PE
705111;16/07/2025;quarta-feira;05:30:00;CE;116;20;EUSEBIO;Ausência de reação do condutor;Atropelamento de Pedestre;Com Vítimas Fatais;Amanhecer;Decrescente;Céu Claro;Múltipla;Reta;Sim;2;1;0;0;0;1;0;2;-3,923858;-38,507641;SPRF-CE;DEL01-CE;UOP02-DEL01-CE
705112;16/07/2025;quarta-feira;06:12:00;PE;428;191;PETROLINA;Ausência de reação do condutor;Colisão traseira;Com Vítimas Feridas;Pleno dia;Decrescente;Céu Claro;Múltipla;Reta;Sim;3;0;3;0;0;0;3;2;-9,385237;-40,5212232;SPRF-PE;DEL06-PE;UOP01-DEL06-PE
705113;15/07/2025;terça-feira;20:00:00;RJ;465;17;NOVA IGUACU;Acessar a via sem observar a presença dos outros veículos;Colisão frontal;Sem Vítimas;Plena Noite;Decrescente;Céu Claro;Simples;Reta;Não;2;0;0;0;2;0;0;2;-22,82256825;-43,6204648;SPRF-RJ;DEL06-RJ;UOP02-DEL06-RJ
705115;16/07/2025;quarta-feira;07:20:00;RN;110;49;MOSSORO;Acessar a via sem observar a presença dos outros veículos;Colisão lateral mesmo sentido;Com Vítimas Feridas;Pleno dia;Decrescente;Céu Claro;Dupla;Retorno Regulamentado;Sim;2;0;1;0;0;1;1;2;-5,218;-37,329;SPRF-RN;DEL04-RN;UOP01-DEL04-RN
705116;16/07/2025;quarta-feira;08:45:00;GO;153;436,7;ANAPOLIS;Ingestão de álcool pelo condutor;Saída de leito carroçável;Com Vítimas Feridas;Pleno dia;Crescente;Céu Claro;Dupla;"Em Obras;Desvio Temporário";Sim;1;0;1;0;0;0;1;1;-16,3005412;-48,9276575;SPRF-GO;DEL02-GO;UOP01-DEL02-GO
705117;16/07/2025;quarta-feira;08:00:00;SP;116;212;GUARULHOS;Trafegar com motocicleta (ou similar) entre as faixas;Colisão traseira;Com Vítimas Feridas;Pleno dia;Crescente;Céu Claro;Múltipla;Aclive;Sim;2;0;0;1;1;0;1;2;-23,43692562;-46,43281175;SPRF-SP;DEL01-SP;UOP01-DEL01-SP
705119;16/07/2025;quarta-feira;08:40:00;SC;282;2;FLORIANOPOLIS;Condutor deixou de manter distância do veículo da frente;Colisão traseira;Com Vítimas Feridas;Pleno dia;Decrescente;Céu Claro;Múltipla;Reta;Sim;4;0;3;0;1;0;3;3;-27,6035756;-48,58745322;SPRF-SC;DEL01-SC;UOP01-DEL01-SC
705120;16/07/2025;quarta-feira;09:05:00;RJ;116;169;RIO DE JANEIRO;Manobra de mudança de faixa;Colisão lateral mesmo sentido;Com Vítimas Feridas;Amanhecer;Decrescente;Céu Claro;Dupla;Reta;Sim;3;0;2;0;0;1;2;2;-22,81704486;-43,32324093;SPRF-RJ;DEL06-RJ;UOP01-DEL06-RJ
705122;16/07/2025;quarta-feira;07:25:00;RJ;101;408;ITAGUAI;Ausência de reação do condutor;Saída de leito carroçável;Com Vítimas Feridas;Pleno dia;Decrescente;Céu Claro;Dupla;Reta;Não;1;0;1;0;0;0;1;1;-22,8589435;-43,7591229;SPRF-RJ;DEL03-RJ;UOP01-DEL03-RJ
705123;16/07/2025;quarta-feira;09:00:00;PE;232;79;GRAVATA;Reação tardia ou ineficiente do condutor;Colisão transversal;Com Vítimas Feridas;Pleno dia;Decrescente;Céu Claro;Simples;Reta;Sim;4;0;1;0;3;0;1;2;-8,1959;-35,56686;SPRF-PE;DEL02-PE;UOP02-DEL02PE
705124;16/07/2025;quarta-feira;09:00:00;PR;116;95;SAO JOSE DOS PINHAIS;Ausência de reação do condutor;Colisão traseira;Com Vítimas Feridas;Pleno dia;Crescente;Sol;Dupla;"Aclive;Reta";Não;2;0;1;0;1;0;1;2;-25,531674;-49,144614;SPRF-PR;DEL01-PR;UOP07-DEL01-PR
705126;16/07/2025;quarta-feira;09:00:00;PE;101;59,3;RECIFE;Demais falhas mecânicas ou elétricas;Tombamento;Com Vítimas Feridas;Pleno dia;Crescente;Céu Claro;Dupla;Reta;Sim;2;0;1;1;0;0;2;1;-7,978852;-34,928527;SPRF-PE;DEL01-PE;UOP02-DEL01-PE
705127;16/07/2025;quarta-feira;07:40:00;CE;116;17,5;EUSEBIO;Frear bruscamente;Engavetamento;Com Vítimas Feridas;Pleno dia;Crescente;Céu Claro;Dupla;Reta;Sim;4;0;1;0;3;0;1;4;-3,90141;-38,50432;SPRF-CE;DEL01-CE;UOP02-DEL01-CE
705129;16/07/2025;quarta-feira;09:20:00;ES;101;290;CARIACICA;Conversão proibida;Colisão transversal;Com Vítimas Feridas;Pleno dia;Crescente;Céu Claro;Dupla;"Curva;Retorno Regulamentado;Aclive";Não;3;0;2;0;1;0;2;2;-20,2960054;-40,3868236;SPRF-ES;DEL01-ES;UOP01-DEL01-ES
705131;02/06/2025;segunda-feira;23:30:00;PR;376;8,1;MARINGA;Reação tardia ou ineficiente do condutor;Colisão com objeto;Com Vítimas Feridas;Plena Noite;Decrescente;Chuva;Dupla;Curva;Não;4;0;2;0;1;1;2;2;-23,37201;-51,924198;SPRF-PR;DEL09-PR;UOP01-DEL09-PR
705133;16/07/2025;quarta-feira;09:05:00;PI;316;10,8;TERESINA;Acumulo de óleo sobre o pavimento;Tombamento;Com Vítimas Feridas;Pleno dia;Decrescente;Sol;Múltipla;Curva;Sim;1;0;1;0;0;0;1;1;-5,19057;-42,76086;SPRF-PI;DEL01-PI;UOP02-DEL01-PI
705134;16/07/2025;quarta-feira;09:30:00;GO;153;695;ITUMBIARA;Reação tardia ou ineficiente do condutor;Saída de leito carroçável;Sem Vítimas;Pleno dia;Crescente;Céu Claro;Dupla;Reta;Não;1;0;0;0;1;0;0;1;-18,34384783;-49,22143791;SPRF-GO;DEL03-GO;UOP02-DEL03-GO
705136;16/07/2025;quarta-feira;08:05:00;SC;101;93;BARRA VELHA;Avarias e/ou desgaste excessivo no pneu;Tombamento;Com Vítimas Feridas;Pleno dia;Decrescente;Céu Claro;Dupla;Reta;Não;1;0;1;0;0;0;1;1;-26,69306476;-48,69766887;SPRF-SC;DEL03-SC;UOP02-DEL03-SC