id;data_inversa;dia_semana;horario;uf;br;km;municipio;causa_acidente;tipo_acidente;classificacao_acidente;fase_dia;sentido_via;condicao_metereologica;tipo_pista;tracado_via;uso_solo;pessoas;mortos;feridos_leves;feridos_graves;ilesos;ignorados;feridos;veiculos;latitude;longitude;regional;delegacia;uop
705271;16/07/2025;quarta-feira;20:15:00;MS;163;437;CAMPO GRANDE;Ausência de reação do condutor;Colisão com objeto;Sem Vítimas;Plena Noite;Crescente;Céu Claro;Simples;"Reta;Aclive";Não;1;0;0;0;0;1;0;1;-20,8417263;-54,5122604;SPRF-MS;DEL01-MS;UOP01-DEL01-MS
705272;16/07/2025;quarta-feira;20:48:00;GO;364;22;PARANAIGUARA;Ausência de reação do condutor;Colisão com objeto;Com Vítimas Feridas;Plena Noite;Decrescente;Céu Claro;Simples;Curva;Não;1;0;1;0;0;0;1;1;-18,91836917;-50,66179488;SPRF-GO;DEL05-GO;UOP02-DEL05-GO
705273;17/07/2025;quinta-feira;06:10:00;CE;304;48;ARACATI;Reação tardia ou ineficiente do condutor;Colisão traseira;Com Vítimas Feridas;Pleno dia;Crescente;Sol;Dupla;Curva;Não;2;0;1;0;1;0;1;2;-4,58039317;-37,77261293;SPRF-CE;DEL03-CE;UOP02-DEL03-CE
705275;17/07/2025;quinta-feira;06:30:00;BA;116;468;SANTO ESTEVAO;Condutor Dormindo;Colisão com objeto;Com Vítimas Feridas;Amanhecer;Crescente;Céu Claro;Dupla;Reta;Não;3;0;1;0;2;0;1;1;-12,47545;-39,30129;SPRF-BA;DEL02-BA;UOP01-DEL02-BA
705276;17/07/2025;quinta-feira;05:50:00;ES;393;16,6;MUQUI;Animais na Pista;Atropelamento de Animal;Com Vítimas Feridas;Amanhecer;Crescente;Nevoeiro/Neblina;Simples;Reta;Não;2;0;1;1;0;0;2;1;-20,881281;-41,269114;SPRF-ES;DEL03-ES;UOP02-DEL03-ES
705277;16/07/2025;quarta-feira;17:52:00;MT;364;435;VARZEA GRANDE;Reação tardia ou ineficiente do condutor;Colisão lateral mesmo sentido;Com Vítimas Feridas;Plena Noite;Decrescente;Céu Claro;Dupla;Reta;Sim;2;0;0;1;1;0;1;2;-15,6431;-56,200406;SPRF-MT;DEL01-MT;UOP02-DEL01-MT
705278;17/07/2025;quinta-feira;07:50:00;PR;369;506;CASCAVEL;Acessar a via sem observar a presença dos outros veículos;Colisão transversal;Sem Vítimas;Pleno dia;Crescente;Sol;Simples;"Interseção de Vias;Rotatória";Não;4;0;0;0;4;0;0;2;-24,9597033;-53,39897931;SPRF-PR;DEL04-PR;UOP01-DEL04-PR
705279;17/07/2025;quinta-feira;07:40:00;CE;222;2,1;FORTALEZA;Frear bruscamente;Colisão traseira;Sem Vítimas;Pleno dia;Decrescente;Céu Claro;Múltipla;Reta;Não;3;0;0;0;3;0;0;3;-3,73826743;-38,5774371;SPRF-CE;DEL01-CE;UOP01-DEL01-CE
705280;17/07/2025;quinta-feira;07:35:00;MG;381;494,5;BETIM;Ausência de reação do condutor;Colisão com objeto;Com Vítimas Feridas;Pleno dia;Crescente;Sol;Múltipla;Reta;Sim;1;0;1;0;0;0;1;1;-19,96871739;-44,18088404;SPRF-MG;DEL01-MG;UOP03-DEL01-MG
705281;17/07/2025;quinta-feira;08:00:00;MG;381;484;BETIM;Manobra de mudança de faixa;Colisão lateral mesmo sentido;Com Vítimas Feridas;Pleno dia;Decrescente;Céu Claro;Múltipla;"Declive;Reta";Sim;2;0;1;0;1;0;1;2;-19,95947326;-44,08985138;SPRF-MG;DEL01-MG;UOP03-DEL01-MG
705282;17/07/2025;quinta-feira;07:55:00;MG;40;821,7;SIMAO PEREIRA;Condutor Dormindo;Colisão com objeto;Com Vítimas Feridas;Pleno dia;Crescente;Nublado;Dupla;Curva;Não;2;0;1;0;1;0;1;1;-21,96597216;-43,2950592;SPRF-MG;DEL05-MG;UOP01-DEL05-MG
705283;17/07/2025;quinta-feira;07:47:00;SC;101;42,9;JOINVILLE;Trafegar com motocicleta (ou similar) entre as faixas;Colisão traseira;Com Vítimas Feridas;Pleno dia;Decrescente;Sol;Dupla;Curva;Sim;2;0;1;0;1;0;1;2;-26,33767;-48,85927;SPRF-SC;DEL03-SC;UOP01-DEL03-SC
705286;17/07/2025;quinta-feira;08:00:00;RS;386;436;NOVA SANTA RITA;Chuva;Saída de leito carroçável;Com Vítimas Feridas;Pleno dia;Crescente;Chuva;Dupla;Reta;Não;1;0;1;0;0;0;1;1;-29,8558418;-51,2639328;SPRF-RS;DEL04-RS;UOP02-DEL04-RS
705287;17/07/2025;quinta-feira;08:00:00;AP;0;0;MACAPA;Reação tardia ou ineficiente do condutor;Colisão traseira;Sem Vítimas;Pleno dia;Não Informado;Céu Claro;Dupla;Reta;Sim;5;0;0;0;5;0;0;2;0,071564;-51,05560899;SPRF-AP;DEL01-AP;UOP01-DEL01-AP
705288;17/07/2025;quinta-feira;07:25:00;RS;290;178;BUTIA;Acessar a via sem observar a presença dos outros veículos;Colisão transversal;Com Vítimas Feridas;Pleno dia;Crescente;Chuva;Simples;"Interseção de Vias;Aclive;Reta";Sim;2;0;1;0;1;0;1;2;-30,136011;-52,001213;SPRF-RS;DEL02-RS;UOP03-DEL02-RS
705289;17/07/2025;quinta-feira;09:00:00;ES;101;270;SERRA;Velocidade Incompatível;Queda de ocupante de veículo;Com Vítimas Feridas;Pleno dia;Crescente;Sol;Múltipla;Reta;Sim;2;0;1;0;1;0;1;1;-20,22096578;-40,27038574;SPRF-ES;DEL02-ES;UOP01-DEL02-ES
705291;17/07/2025;quinta-feira;08:30:00;MG;381;204;NAQUE;Ausência de reação do condutor;Colisão traseira;Com Vítimas Fatais;Pleno dia;Crescente;Céu Claro;Simples;Reta;Não;2;1;0;0;1;0;0;2;-19,20140835;-42,28881709;SPRF-MG;DEL06-MG;UOP01-DEL06-MG
705292;13/06/2025;sexta-feira;22:00:00;SC;282;54,3;AGUAS MORNAS;Velocidade Incompatível;Colisão frontal;Com Vítimas Feridas;Plena Noite;Crescente;Chuva;Simples;"Declive;Curva";Não;3;0;1;2;0;0;3;2;-27,688218;-48,97656;SPRF-SC;DEL01-SC;UOP03-DEL01-SC
705296;17/07/2025;quinta-feira;09:25:00;PE;101;48,4;ABREU E LIMA;Desrespeitar a preferência no cruzamento;Colisão transversal;Com Vítimas Feridas;Pleno dia;Crescente;Céu Claro;Múltipla;"Reta;Retorno Regulamentado";Sim;3;0;2;0;1;0;2;2;-7,893201;-34,903306;SPRF-PE;DEL01-PE;UOP02-DEL01-PE
705298;17/07/2025;quinta-feira;09:15:00;SP;153;64,1;SAO JOSE DO RIO PRETO;Acessar a via sem observar a presença dos outros veículos;Colisão lateral mesmo sentido;Sem Vítimas;Pleno dia;Decrescente;Céu Claro;Dupla;Reta;Sim;3;0;0;0;3;0;0;2;-20,82991;-49,361049;SPRF-SP;DEL09-SP;UOP01-DEL09-SP
705301;17/07/2025;quinta-feira;08:31:00;PR;376;157,9;MANDAGUACU;Entrada inopinada do pedestre;Atropelamento de Pedestre;Com Vítimas Fatais;Pleno dia;Crescente;Céu Claro;Dupla;Curva;Sim;3;1;0;0;2;0;0;2;-23,351148;-52,091352;SPRF-PR;DEL09-PR;UOP02-DEL09-PR
705302;17/07/2025;quinta-feira;10:05:00;PE;101;48;ABREU E LIMA;Condutor deixou de manter distância do veículo da frente;Colisão traseira;Com Vítimas Feridas;Pleno dia;Decrescente;Céu Claro;Dupla;Reta;Sim;2;0;1;0;1;0;1;2;-7,895672;-34,90279;SPRF-PE;DEL01-PE;UOP02-DEL01-PE
705305;17/07/2025;quinta-feira;10:00:00;RJ;116;173;SAO JOAO DE MERITI;Ausência de reação do condutor;Tombamento;Com Vítimas Feridas;Pleno dia;Decrescente;Sol;Múltipla;Reta;Não;1;0;1;0;0;0;1;1;-22,8011507;-43,3510468;SPRF-RJ;DEL06-RJ;UOP01-DEL06-RJ
705307;17/07/2025;quinta-feira;10:30:00;RN;101;81;NATAL;Acessar a via sem observar a presença dos outros veículos;Queda de ocupante de veículo;Com Vítimas Feridas;Pleno dia;Crescente;Nublado;Dupla;Reta;Sim;3;0;2;0;0;1;2;2;-5,763543;-35,286137;SPRF-RN;DEL02-RN;UOP01-DEL02-RN
705310;17/07/2025;quinta-feira;00:15:00;BA;101;200;CACHOEIRA;Animais na Pista;Atropelamento de Animal;Com Vítimas Feridas;Plena Noite;Decrescente;Céu Claro;Simples;Reta;Não;1;0;1;0;0;0;1;1;-12,59253655;-38,98786706;SPRF-BA;DEL01-BA;UOP03-DEL01-BA
705312;17/07/2025;quinta-feira;09:30:00;PR;376;304,1;MAUA DA SERRA;Reação tardia ou ineficiente do condutor;Colisão com objeto;Com Vítimas Feridas;Pleno dia;Crescente;Céu Claro;Dupla;Curva;Não;1;0;1;0;0;0;1;1;-23,933744;-51,134077;SPRF-PR;DEL07-PR;UOP02-DEL07-PR
705313;17/07/2025;quinta-feira;09:30:00;GO;60;412;RIO VERDE;Velocidade Incompatível;Saída de leito carroçável;Com Vítimas Feridas;Pleno dia;Decrescente;Céu Claro;Dupla;Reta;Não;2;0;1;1;0;0;2;1;-17,81807;-51,172193;SPRF-GO;DEL04-GO;UOP02-DEL04-GO
705314;17/07/2025;quinta-feira;06:20:00;PR;277;682,9;SAO MIGUEL DO IGUACU;Ausência de reação do condutor;Saída de leito carroçável;Sem Vítimas;Amanhecer;Decrescente;Nevoeiro/Neblina;Dupla;Curva;Não;1;0;0;0;1;0;0;1;-25,3337446;-54,1942505;SPRF-PR;DEL05-PR;UOP01-DEL05-PR
705321;17/07/2025;quinta-feira;12:15:00;RS;285;292,8;PASSO FUNDO;Acessar a via sem observar a presença dos outros veículos;Colisão transversal;Com Vítimas Feridas;Pleno dia;Crescente;Chuva;Dupla;"Reta;Rotatória";Sim;2;0;1;0;1;0;1;2;-28,23846423;-52,37422943;SPRF-RS;DEL08-RS;UOP03-DEL08-RS
705322;17/07/2025;quinta-feira;12:20:00;MG;365;715;MONTE ALEGRE DE MINAS;Reação tardia ou ineficiente do condutor;Tombamento;Com Vítimas Feridas;Pleno dia;Crescente;Céu Claro;Simples;"Declive;Reta";Não;1;0;1;0;0;0;1;1;-18,880072;-49,141944;SPRF-MG;DEL15-MG;UOP03-DEL15-MG
705328;17/07/2025;quinta-feira;04:00:00;MT;70;593;POCONE;Acessar a via sem observar a presença dos outros veículos;Colisão transversal;Sem Vítimas;Plena Noite;Decrescente;Céu Claro;Simples;Curva;Não;2;0;0;0;2;0;0;2;-15,82020669;-56,73011195;SPRF-MT;DEL03-MT;UOP02-DEL03-MT
705329;17/07/2025;quinta-feira;09:01:00;GO;153;199;URUACU;Condutor deixou de manter distância do veículo da frente;Colisão traseira;Com Vítimas Feridas;Pleno dia;Decrescente;Céu Claro;Simples;Reta;Sim;6;0;1;0;5;0;1;2;-14,528792;-49,160102;SPRF-GO;DEL07-GO;UOP02-DEL07-GO
705330;17/07/2025;quinta-feira;12:00:00;SC;282;48;AGUAS MORNAS;Demais falhas mecânicas ou elétricas;Eventos atípicos;Sem Vítimas;Pleno dia;Crescente;Céu Claro;Simples;"Aclive;Reta";Não;1;0;0;0;1;0;0;1;-27,715822;-48,937935;SPRF-SC;DEL01-SC;UOP03-DEL01-SC
705331;17/07/2025;quinta-feira;10:20:00;MG;50;191;DELTA;Reação tardia ou ineficiente do condutor;Colisão traseira;Com Vítimas Feridas;Pleno dia;Crescente;Céu Claro;Dupla;"Em Obras;Declive;Reta";Não;5;0;1;0;4;0;1;2;-19,90125159;-47,83986792;SPRF-MG;DEL13-MG;UOP01-DEL13-MG
705332;17/07/2025;quinta-feira;10:30:00;SC;101;6;GARUVA;Reação tardia ou ineficiente do condutor;Tombamento;Com Vítimas Feridas;Pleno dia;Crescente;Céu Claro;Múltipla;"Reta;Rotatória";Não;2;0;1;0;1;0;1;1;-26,02921035;-48,86125311;SPRF-SC;DEL03-SC;UOP01-DEL03-SC
705333;17/07/2025;quinta-feira;05:30:00;GO;364;294;MINEIROS;Entrada inopinada do pedestre;Atropelamento de Pedestre;Com Vítimas Feridas;Amanhecer;Decrescente;Céu Claro;Simples;"Reta;Ponte";Não;3;0;1;0;1;1;1;2;-17,58217588;-52,50452042;SPRF-GO;DEL05-GO;UOP01-DEL05-GO
705335;17/07/2025;quinta-feira;13:00:00;SP;116;385;MIRACATU;Retorno proibido;Colisão transversal;Com Vítimas Feridas;Pleno dia;Decrescente;Sol;Dupla;Reta;Não;2;0;0;1;1;0;1;2;-24,2554022;-47,3737392;SPRF-SP;DEL04-SP;UOP02-DEL04-SP
705337;06/07/2025;domingo;05:05:00;PE;423;91,8;GARANHUNS;Condutor deixou de manter distância do veículo da frente;Engavetamento;Sem Vítimas;Amanhecer;Decrescente;Nublado;Simples;"Reta;Declive";Não;4;0;0;0;3;1;0;4;-8,8615344;-36,4634322;SPRF-PE;DEL03-PE;UOP01-DEL03-PE
705341;17/07/2025;quinta-feira;12:00:00;GO;40;154,3;CRISTALINA;Reação tardia ou ineficiente do condutor;Saída de leito carroçável;Com Vítimas Feridas;Pleno dia;Decrescente;Céu Claro;Simples;Reta;Não;3;0;1;0;2;0;1;1;-17,024067;-47,177597;SPRF-DF;DEL01-DF;UOP02-DEL01-DF
705342;17/07/2025;quinta-feira;09:10:00;MG;116;702,3;MURIAE;Acessar a via sem observar a presença dos outros veículos;Colisão traseira;Com Vítimas Feridas;Pleno dia;Crescente;Céu Claro;Simples;Curva;Sim;3;0;2;0;1;0;2;2;-21,125677;-42,383332;SPRF-MG;DEL07-MG;UOP02-DEL07-MG
705344;17/07/2025;quinta-feira;13:45:00;RN;101;85;NATAL;Reação tardia ou ineficiente do condutor;Colisão traseira;Com Vítimas Feridas;Pleno dia;Crescente;Céu Claro;Dupla;"Reta;Ponte";Não;2;0;1;0;1;0;1;2;-5,78215951;-35,24758307;SPRF-RN;DEL02-RN;UOP01-DEL02-RN
705345;17/07/2025;quinta-feira;13:20:00;BA;324;623;SALVADOR;Frear bruscamente;Tombamento;Com Vítimas Feridas;Pleno dia;Crescente;Chuva;Dupla;Reta;Não;1;0;1;0;0;0;1;1;-12,939662;-38,471647;SPRF-BA;DEL01-BA;UOP01-DEL01-BA
705346;17/07/2025;quinta-feira;13:20:00;PR;277;728;FOZ DO IGUACU;Conversão proibida;Colisão frontal;Com Vítimas Feridas;Pleno dia;Crescente;Nublado;Dupla;Reta;Sim;2;0;0;1;1;0;1;2;-25,50986;-54,571195;SPRF-PR;DEL05-PR;UOP03-DEL05-PR
705348;14/07/2025;segunda-feira;01:06:00;SC;282;419;VARGEM BONITA;Reação tardia ou ineficiente do condutor;Saída de leito carroçável;Com Vítimas Feridas;Plena Noite;Crescente;Céu Claro;Simples;Reta;Não;1;0;1;0;0;0;1;1;-27,017743;-51,730877;SPRF-SC;DEL07-SC;UOP05-DEL07-SC
705351;17/07/2025;quinta-feira;11:30:00;MG;262;484,8;MOEMA;Desrespeitar a preferência no cruzamento;Colisão transversal;Com Vítimas Feridas;Pleno dia;Decrescente;Sol;Simples;"Rotatória;Interseção de Vias";Não;3;0;2;0;1;0;2;2;-19,785316;-45,396117;SPRF-MG;DEL08-MG;UOP03-DEL08-MG
705353;17/07/2025;quinta-feira;13:00:00;PB;230;327,6;PATOS;Velocidade Incompatível;Saída de leito carroçável;Com Vítimas Feridas;Pleno dia;Crescente;Céu Claro;Simples;"Curva;Declive";Não;1;0;1;0;0;0;1;1;-7,002627;-37,207318;SPRF-PB;DEL03-PB;UOP01-DEL03-PB
705354;17/07/2025;quinta-feira;14:45:00;SC;101;350;JAGUARUNA;Ausência de reação do condutor;Colisão traseira;Com Vítimas Feridas;Pleno dia;Decrescente;Céu Claro;Múltipla;"Em Obras;Desvio Temporário;Reta";Sim;4;0;2;0;2;0;2;2;-28,600361;-49,051817;SPRF-SC;DEL02-SC;UOP01-DEL02-SC
705355;17/07/2025;quinta-feira;10:50:00;PB;230;157,8;CAMPINA GRANDE;Acessar a via sem observar a presença dos outros veículos;Colisão transversal;Sem Vítimas;Pleno dia;Decrescente;Céu Claro;Simples;Interseção de Vias;Sim;2;0;0;0;2;0;0;2;-7,263012;-35,921146;SPRF-PB;DEL02-PB;UOP01-DEL02-PB
705356;17/07/2025;quinta-feira;13:30:00;BA;242;712;MUQUEM DE SAO FRANCISCO;Demais falhas mecânicas ou elétricas;Saída de leito carroçável;Com Vítimas Feridas;Pleno dia;Crescente;Céu Claro;Simples;Reta;Não;2;0;1;1;0;0;2;1;-12,17787637;-43,24520713;SPRF-BA;DEL10-BA;UOP01-DEL10-BA
705359;17/07/2025;quinta-feira;15:00:00;SC;282;5,6;SAO JOSE;Manobra de mudança de faixa;Colisão transversal;Com Vítimas Feridas;Pleno dia;Decrescente;Nublado;Dupla;Curva;Sim;3;0;1;1;0;1;2;2;-27,58474;-48,61772;SPRF-SC;DEL01-SC;UOP01-DEL01-SC
705360;17/07/2025;quinta-feira;13:30:00;RN;304;35;MOSSORO;Ausência de reação do condutor;Tombamento;Com Vítimas Feridas;Pleno dia;Decrescente;Sol;Dupla;Curva;Não;1;0;0;1;0;0;1;1;-5,1661728;-37,3514986;SPRF-RN;DEL04-RN;UOP02-DEL04-RN
705363;17/07/2025;quinta-feira;15:20:00;ES;101;241,4;SERRA;Conversão proibida;Colisão transversal;Com Vítimas Feridas;Pleno dia;Decrescente;Céu Claro;Simples;"Retorno Regulamentado;Reta";Não;2;0;0;1;1;0;1;2;-20,02778;-40,398021;SPRF-ES;DEL02-ES;UOP01-DEL02-ES
705364;17/07/2025;quinta-feira;14:00:00;RJ;116;82;TERESOPOLIS;Acessar a via sem observar a presença dos outros veículos;Colisão transversal;Com Vítimas Feridas;Pleno dia;Decrescente;Céu Claro;Simples;Reta;Não;2;0;1;0;1;0;1;2;-22,409746;-42,950014;SPRF-RJ;DEL04-RJ;UOP01-DEL04-RJ
705367;17/07/2025;quinta-feira;15:20:00;MG;381;397;BOM JESUS DO AMPARO;Afundamento ou ondulação no pavimento;Queda de ocupante de veículo;Com Vítimas Feridas;Pleno dia;Decrescente;Sol;Dupla;Reta;Não;1;0;1;0;0;0;1;1;-19,74053085;-43,51547241;SPRF-MG;DEL01-MG;UOP01-DEL01-MG
705369;17/07/2025;quinta-feira;15:35:00;CE;116;6;FORTALEZA;Reação tardia ou ineficiente do condutor;Colisão traseira;Com Vítimas Feridas;Pleno dia;Decrescente;Sol;Múltipla;Reta;Sim;2;0;2;0;0;0;2;2;-3,80053938;-38,50459099;SPRF-CE;DEL01-CE;UOP02-DEL01-CE
705371;17/07/2025;quinta-feira;15:35:00;MG;40;433;PARAOPEBA;Ausência de reação do condutor;Colisão traseira;Com Vítimas Feridas;Pleno dia;Crescente;Céu Claro;Dupla;Reta;Não;2;0;1;0;1;0;1;2;-19,21137;-44,4621;SPRF-MG;DEL02-MG;UOP01-DEL02-MG
705373;17/07/2025;quinta-feira;15:45:00;CE;116;4;FORTALEZA;Velocidade Incompatível;Colisão traseira;Com Vítimas Feridas;Pleno dia;Decrescente;Céu Claro;Dupla;Reta;Sim;2;0;1;0;1;0;1;2;-3,795393;-38,506964;SPRF-CE;DEL01-CE;UOP02-DEL01-CE
705374;17/07/2025;quinta-feira;17:00:00;CE;222;3;FORTALEZA;Acessar a via sem observar a presença dos outros veículos;Atropelamento de Pedestre;Com Vítimas Feridas;Pleno dia;Decrescente;Céu Claro;Dupla;Reta;Sim;2;0;1;1;0;0;2;2;-3,73988621;-38,59284136;SPRF-CE;DEL01-CE;UOP01-DEL01-CE
705376;17/07/2025;quinta-feira;16:40:00;BA;110;165;RIBEIRA DO POMBAL;Afundamento ou ondulação no pavimento;Tombamento;Com Vítimas Feridas;Pleno dia;Decrescente;Céu Claro;Simples;Reta;Não;1;0;0;1;0;0;1;1;-10,78184;-38,5181;SPRF-BA;DEL07-BA;UOP02-DEL07-BA
705377;15/06/2025;domingo;17:00:00;SC;101;124;ITAJAI;Reação tardia ou ineficiente do condutor;Colisão traseira;Com Vítimas Feridas;Pleno dia;Crescente;Céu Claro;Dupla;Reta;Sim;4;0;1;0;3;0;1;3;-26,94257773;-48,69338036;SPRF-SC;DEL04-SC;UOP04-DEL04-SC
705378;17/07/2025;quinta-feira;16:20:00;RS;101;39;TRES FORQUILHAS;Acumulo de água sobre o pavimento;Saída de leito carroçável;Com Vítimas Feridas;Pleno dia;Crescente;Chuva;Dupla;Curva;Não;1;0;1;0;0;0;1;1;-29,53363146;-50,01984215;SPRF-RS;DEL03-RS;UOP02-DEL03-RS
705379;10/07/2025;quinta-feira;19:30:00;RJ;101;437;MANGARATIBA;Curva acentuada;Saída de leito carroçável;Com Vítimas Feridas;Plena Noite;Decrescente;Céu Claro;Simples;Curva;Não;1;0;1;0;0;0;1;1;-22,94996088;-44,06743733;SPRF-RJ;DEL03-RJ;UOP02-DEL03-RJ
705382;17/07/2025;quinta-feira;17:30:00;PB;101;86;BAYEUX;Ausência de reação do condutor;Colisão lateral mesmo sentido;Com Vítimas Feridas;Plena Noite;Crescente;Céu Claro;Dupla;Reta;Sim;3;0;0;1;1;1;1;3;-7,15024851;-34,91119176;SPRF-PB;DEL01-PB;UOP01-DEL01-PB
705387;17/07/2025;quinta-feira;17:40:00;MG;381;352;JOAO MONLEVADE;Transitar no Acostamento;Colisão transversal;Com Vítimas Feridas;Anoitecer;Crescente;Céu Claro;Simples;"Retorno Regulamentado;Interseção de Vias";Não;2;0;1;0;1;0;1;2;-19,84105591;-43,19888502;SPRF-MG;DEL03-MG;UOP01-DEL03-MG
705388;17/07/2025;quinta-feira;16:50:00;RN;101;95;NATAL;Condutor deixou de manter distância do veículo da frente;Colisão traseira;Com Vítimas Feridas;Anoitecer;Crescente;Céu Claro;Múltipla;"Viaduto;Reta";Não;3;0;0;1;1;1;1;3;-5,83519736;-35,212135;SPRF-RN;DEL01-RN;UOP01-DEL01-RN
705389;17/07/2025;quinta-feira;16:05:00;MT;70;5;BARRA DO GARCAS;Reação tardia ou ineficiente do condutor;Colisão traseira;Sem Vítimas;Pleno dia;Crescente;Céu Claro;Dupla;"Aclive;Rotatória";Sim;5;0;0;0;3;2;0;2;-15,87951492;-52,28313983;SPRF-MT;DEL07-MT;UOP01-DEL07-MT
705390;17/07/2025;quinta-feira;17:35:00;RS;116;146,9;CAXIAS DO SUL;Trafegar com motocicleta (ou similar) entre as faixas;Colisão transversal;Com Vítimas Feridas;Anoitecer;Crescente;Céu Claro;Dupla;"Interseção de Vias;Reta";Não;2;0;1;0;1;0;1;2;-29,14833321;-51,14237515;SPRF-RS;DEL05-RS;UOP01-DEL05-RS
705391;17/07/2025;quinta-feira;18:00:00;MG;40;468,8;SETE LAGOAS;Manobra de mudança de faixa;Saída de leito carroçável;Com Vítimas Feridas;Anoitecer;Crescente;Céu Claro;Dupla;Reta;Não;3;0;2;0;1;0;2;1;-19,45988;-44,30328;SPRF-MG;DEL02-MG;UOP01-DEL02-MG
705392;17/07/2025;quinta-feira;15:00:00;MA;230;402,8;BALSAS;Reação tardia ou ineficiente do condutor;Colisão traseira;Com Vítimas Feridas;Pleno dia;Crescente;Céu Claro;Simples;Reta;Sim;2;0;1;0;1;0;1;2;-7,51778658;-46,03568584;SPRF-MA;DEL05-MA;UOP01-DEL05-MA
705398;17/07/2025;quinta-feira;18:20:00;DF;70;8,4;BRASILIA;Manobra de mudança de faixa;Colisão lateral mesmo sentido;Com Vítimas Feridas;Plena Noite;Crescente;Céu Claro;Dupla;Reta;Sim;4;0;2;0;1;1;2;3;-15,78358601;-48,12516192;SPRF-DF;DEL03-DF;UOP02-DEL03-DF
705400;17/07/2025;quinta-feira;18:10:00;MG;40;471,5;SETE LAGOAS;Demais falhas mecânicas ou elétricas;Saída de leito carroçável;Com Vítimas Feridas;Plena Noite;Crescente;Céu Claro;Simples;"Declive;Viaduto;Rotatória";Sim;2;0;2;0;0;0;2;1;-19,477098;-44,289053;SPRF-MG;DEL02-MG;UOP01-DEL02-MG
705402;17/07/2025;quinta-feira;18:40:00;SP;153;342;OURINHOS;Ingestão de álcool pelo condutor;Colisão traseira;Sem Vítimas;Plena Noite;Decrescente;Céu Claro;Dupla;Reta;Não;2;0;0;0;2;0;0;2;-22,95037582;-49,91024343;SPRF-SP;DEL07-SP;UOP03-DEL07-SP
705405;17/07/2025;quinta-feira;18:33:00;MT;163;944,7;ITAUBA;Ausência de reação do condutor;Colisão traseira;Com Vítimas Fatais;Plena Noite;Decrescente;Céu Claro;Simples;"Declive;Reta";Não;2;1;0;1;0;0;1;2;-10,93995;-55,210933;SPRF-MT;DEL06-MT;UOP02-DEL06-MT
705407;17/07/2025;quinta-feira;20:10:00;SC;101;196,2;BIGUACU;Reação tardia ou ineficiente do condutor;Engavetamento;Com Vítimas Feridas;Plena Noite;Decrescente;Garoa/Chuvisco;Múltipla;Reta;Sim;5;0;1;0;3;1;1;3;-27,51191;-48,64187;SPRF-SC;DEL01-SC;UOP01-DEL01-SC
705408;17/07/2025;quinta-feira;19:10:00;MG;267;213,7;BOM JARDIM DE MINAS;Acessar a via sem observar a presença dos outros veículos;Atropelamento de Pedestre;Com Vítimas Feridas;Plena Noite;Decrescente;Céu Claro;Simples;"Reta;Interseção de Vias;Ponte";Sim;2;0;2;0;0;0;2;2;-21,93649931;-44,1946274;SPRF-MG;DEL17-MG;UOP01-DEL17-MG
705409;17/07/2025;quinta-feira;20:11:00;RN;101;153,7;GOIANINHA;Afundamento ou ondulação no pavimento;Colisão com objeto;Com Vítimas Feridas;Plena Noite;Decrescente;Céu Claro;Dupla;Reta;Não;2;0;1;0;1;0;1;1;-6,322101;-35,180571;SPRF-RN;DEL01-RN;UOP01-DEL01-RN
705410;17/07/2025;quinta-feira;19:30:00;MG;40;272;SAO GONCALO DO ABAETE;Acessar a via sem observar a presença dos outros veículos;Colisão transversal;Com Vítimas Feridas;Plena Noite;Decrescente;Céu Claro;Simples;Reta;Sim;2;0;1;0;1;0;1;2;-18,18646145;-45,25671959;SPRF-MG;DEL14-MG;UOP02-DEL14-MG
705411;17/07/2025;quinta-feira;20:30:00;SP;381;75;SAO PAULO;Reação tardia ou ineficiente do condutor;Tombamento;Com Vítimas Feridas;Plena Noite;Decrescente;Céu Claro;Simples;Curva;Não;1;0;1;0;0;0;1;1;-23,38116;-46,562852;SPRF-SP;DEL03-SP;UOP01-DEL03-SP
705412;17/07/2025;quinta-feira;18:20:00;MS;262;238;RIBAS DO RIO PARDO;Acessar a via sem observar a presença dos outros veículos;Colisão transversal;Sem Vítimas;Plena Noite;Crescente;Céu Claro;Simples;"Reta;Interseção de Vias";Sim;4;0;0;0;3;1;0;2;-20,45759113;-53,76981346;SPRF-MS;DEL01-MS;UOP05-DEL01-MS
705413;17/07/2025;quinta-feira;20:40:00;AL;316;164,2;PALMEIRA DOS INDIOS;Ultrapassagem Indevida;Colisão frontal;Com Vítimas Feridas;Plena Noite;Crescente;Ignorado;Simples;Aclive;Não;5;0;2;3;0;0;5;2;-9,45454193;-36,59613959;SPRF-AL;DEL03-AL;UOP01-DEL03-AL
705414;17/07/2025;quinta-feira;18:56:00;PE;428;189,8;PETROLINA;Condutor desrespeitou a iluminação vermelha do semáforo;Colisão transversal;Com Vítimas Feridas;Plena Noite;Crescente;Céu Claro;Múltipla;"Interseção de Vias;Reta;Retorno Regulamentado";Sim;2;0;1;0;1;0;1;2;-9,37801384;-40,50415132;SPRF-PE;DEL06-PE;UOP01-DEL06-PE