id;data_inversa;dia_semana;horario;uf;br;km;municipio;causa_acidente;tipo_acidente;classificacao_acidente;fase_dia;sentido_via;condicao_metereologica;tipo_pista;tracado_via;uso_solo;pessoas;mortos;feridos_leves;feridos_graves;ilesos;ignorados;feridos;veiculos;latitude;longitude;regional;delegacia;uop
705416;16/07/2025;quarta-feira;22:00:00;RO;174;15;VILHENA;Acessar a via sem observar a presença dos outros veículos;Colisão transversal;Com Vítimas Feridas;Plena Noite;Decrescente;Céu Claro;Dupla;Interseção de Vias;Sim;2;0;1;0;1;0;1;2;-12,73086116;-60,12940262;SPRF-RO;DEL04-RO;UOP01-DEL04-RO
705417;17/07/2025;quinta-feira;19:00:00;SC;101;194,1;BIGUACU;Demais falhas mecânicas ou elétricas;Colisão com objeto;Com Vítimas Fatais;Plena Noite;Decrescente;Ignorado;Múltipla;"Aclive;Reta";Sim;2;1;0;0;0;1;0;2;-27,499405;-48,655656;SPRF-SC;DEL01-SC;UOP01-DEL01-SC
705420;17/07/2025;quinta-feira;20:00:00;SP;116;281;EMBU DAS ARTES;Manobra de mudança de faixa;Colisão lateral mesmo sentido;Com Vítimas Feridas;Plena Noite;Crescente;Céu Claro;Dupla;"Reta;Aclive";Sim;2;0;1;0;1;0;1;2;-23,65571145;-46,84988427;SPRF-SP;DEL04-SP;UOP01-DEL04-SP
705421;17/07/2025;quinta-feira;19:30:00;SC;101;53,5;JOINVILLE;Avarias e/ou desgaste excessivo no pneu;Tombamento;Com Vítimas Feridas;Plena Noite;Decrescente;Nublado;Dupla;Curva;Não;2;0;2;0;0;0;2;1;-26,41638617;-48,83437604;SPRF-SC;DEL03-SC;UOP01-DEL03-SC
705422;17/07/2025;quinta-feira;19:40:00;MG;50;17,5;UBERLANDIA;Pedestre cruzava a pista fora da faixa;Colisão com objeto;Com Vítimas Feridas;Plena Noite;Crescente;Céu Claro;Dupla;Reta;Sim;3;0;2;0;0;1;2;2;-18,91831034;-48,17885756;SPRF-MG;DEL15-MG;UOP01-DEL15-MG
705423;17/07/2025;quinta-feira;17:00:00;SC;101;10,5;GARUVA;Demais falhas mecânicas ou elétricas;Colisão com objeto;Com Vítimas Feridas;Pleno dia;Decrescente;Nublado;Dupla;Reta;Sim;1;0;1;0;0;0;1;1;-26,068514;-48,860514;SPRF-SC;DEL03-SC;UOP01-DEL03-SC
705424;17/07/2025;quinta-feira;20:10:00;PR;376;616;CAMPINA GRANDE DO SUL;Ausência de reação do condutor;Colisão traseira;Com Vítimas Feridas;Plena Noite;Decrescente;Céu Claro;Dupla;"Reta;Declive";Não;2;0;1;0;1;0;1;2;-25,35061;-49,10294;SPRF-PR;DEL01-PR;UOP04-DEL01-PR
705425;17/07/2025;quinta-feira;20:50:00;RJ;465;21;NOVA IGUACU;Ausência de reação do condutor;Colisão lateral mesmo sentido;Com Vítimas Feridas;Plena Noite;Decrescente;Céu Claro;Simples;Reta;Sim;2;0;1;0;1;0;1;2;-22,8569418;-43,6025795;SPRF-RJ;DEL06-RJ;UOP02-DEL06-RJ
705427;17/07/2025;quinta-feira;21:39:00;DF;40;7;BRASILIA;Demais falhas mecânicas ou elétricas;Tombamento;Com Vítimas Feridas;Plena Noite;Crescente;Céu Claro;Dupla;Declive;Sim;2;0;1;0;1;0;1;1;-16,04443287;-47,98068434;SPRF-DF;DEL01-DF;UOP01-DEL01-DF
705429;17/07/2025;quinta-feira;18:12:00;PR;116;13;COLOMBO;Ausência de reação do condutor;Tombamento;Com Vítimas Feridas;Pleno dia;Decrescente;Céu Claro;Dupla;"Reta;Aclive;Viaduto";Sim;2;0;2;0;0;0;2;1;-25,37718697;-49,15329186;SPRF-PR;DEL01-PR;UOP02-DEL01-PR
705430;30/05/2025;sexta-feira;18:00:00;GO;70;472;ARAGARCAS;Ultrapassagem Indevida;Colisão lateral mesmo sentido;Com Vítimas Feridas;Anoitecer;Decrescente;Céu Claro;Dupla;"Aclive;Interseção de Vias;Reta";Sim;3;0;0;1;0;2;1;3;-15,89615271;-52,24952728;SPRF-GO;DEL04-GO;UOP02-DEL04-GO
705431;17/07/2025;quinta-feira;10:10:00;GO;153;138;MARA ROSA;Reação tardia ou ineficiente do condutor;Queda de ocupante de veículo;Com Vítimas Feridas;Pleno dia;Decrescente;Céu Claro;Simples;Declive;Não;2;0;1;0;1;0;1;2;-13,988383;-49,09054;SPRF-GO;DEL07-GO;UOP01-DEL07-GO
705434;30/06/2025;segunda-feira;07:00:00;GO;364;5;SAO SIMAO;Reação tardia ou ineficiente do condutor;Atropelamento de Pedestre;Com Vítimas Feridas;Pleno dia;Decrescente;Céu Claro;Simples;Reta;Sim;3;0;1;1;1;0;2;3;-19,01486646;-50,5413797;SPRF-GO;DEL05-GO;UOP02-DEL05-GO
705435;17/07/2025;quinta-feira;23:00:00;SC;282;1;FLORIANOPOLIS;Reação tardia ou ineficiente do condutor;Colisão transversal;Com Vítimas Feridas;Plena Noite;Crescente;Nublado;Múltipla;"Declive;Curva";Sim;4;0;1;0;3;0;1;2;-27,602955;-48,580509;SPRF-SC;DEL01-SC;UOP01-DEL01-SC
705436;17/07/2025;quinta-feira;20:25:00;RJ;101;414;MANGARATIBA;Ausência de reação do condutor;Capotamento;Com Vítimas Fatais;Plena Noite;Crescente;Céu Claro;Dupla;Reta;Não;2;1;0;1;0;0;1;2;-22,9074601;-43,8907332;SPRF-RJ;DEL03-RJ;UOP01-DEL03-RJ
705438;17/07/2025;quinta-feira;23:20:00;PB;101;107;ALHANDRA;Reação tardia ou ineficiente do condutor;Colisão traseira;Com Vítimas Feridas;Plena Noite;Crescente;Garoa/Chuvisco;Dupla;Reta;Não;5;0;1;0;4;0;1;2;-7,3337856;-34,9476724;SPRF-PB;DEL01-PB;UOP01-DEL01-PB
705440;17/07/2025;quinta-feira;22:50:00;ES;101;296;CARIACICA;Ausência de reação do condutor;Capotamento;Sem Vítimas;Plena Noite;Crescente;Céu Claro;Simples;Curva;Sim;1;0;0;0;0;1;0;1;-20,330719;-40,373472;SPRF-ES;DEL01-ES;UOP01-DEL01-ES
705441;17/07/2025;quinta-feira;22:40:00;PR;153;13;JACAREZINHO;Pedestre andava na pista;Atropelamento de Pedestre;Com Vítimas Feridas;Plena Noite;Decrescente;Céu Claro;Simples;Reta;Não;2;0;2;0;0;0;2;2;-23,10538171;-49,94109035;SPRF-PR;DEL07-PR;UOP04-DEL07-PR
705443;18/07/2025;sexta-feira;00:05:00;RJ;356;157;CAMPOS DOS GOYTACAZES;Reação tardia ou ineficiente do condutor;Colisão traseira;Com Vítimas Feridas;Plena Noite;Crescente;Céu Claro;Simples;Reta;Não;3;0;2;0;1;0;2;2;-21,744863;-41,215793;SPRF-RJ;DEL08-RJ;UOP02-DEL08-RJ
705445;18/07/2025;sexta-feira;01:30:00;MG;262;436,1;NOVA SERRANA;Velocidade Incompatível;Saída de leito carroçável;Com Vítimas Feridas;Plena Noite;Decrescente;Céu Claro;Dupla;Reta;Não;1;0;0;1;0;0;1;1;-19,873848;-44,95803863;SPRF-MG;DEL08-MG;UOP03-DEL08-MG
705450;18/07/2025;sexta-feira;05:09:00;CE;222;47;SAO GONCALO DO AMARANTE;Transitar na contramão;Colisão lateral sentido oposto;Com Vítimas Fatais;Plena Noite;Decrescente;Céu Claro;Simples;Reta;Não;2;1;0;0;1;0;0;2;-3,67096;-38,969662;SPRF-CE;DEL01-CE;UOP03-DEL01-CE
705457;18/07/2025;sexta-feira;07:05:00;SC;101;130,5;CAMBORIU;Condutor deixou de manter distância do veículo da frente;Colisão traseira;Com Vítimas Fatais;Pleno dia;Crescente;Céu Claro;Múltipla;"Reta;Interseção de Vias";Não;4;1;2;0;1;0;2;3;-26,98769;-48,66545;SPRF-SC;DEL04-SC;UOP03-DEL04-SC
705458;11/06/2025;quarta-feira;19:30:00;GO;60;28;ALEXANIA;Animais na Pista;Saída de leito carroçável;Com Vítimas Feridas;Pleno dia;Crescente;Céu Claro;Dupla;Reta;Não;1;0;1;0;0;0;1;1;-16,10164;-48,46178;SPRF-DF;DEL03-DF;UOP01-DEL03-DF
705459;18/07/2025;sexta-feira;06:40:00;PB;104;130;QUEIMADAS;Ausência de reação do condutor;Colisão traseira;Com Vítimas Feridas;Pleno dia;Decrescente;Garoa/Chuvisco;Simples;Reta;Sim;2;0;1;0;1;0;1;2;-7,2896225;-35,890048;SPRF-PB;DEL02-PB;UOP01-DEL02-PB
705460;18/07/2025;sexta-feira;06:55:00;SC;470;53;BLUMENAU;Retorno proibido;Colisão frontal;Com Vítimas Feridas;Pleno dia;Decrescente;Céu Claro;Simples;Curva;Não;2;0;0;1;1;0;1;2;-26,87174741;-49,1120073;SPRF-SC;DEL04-SC;UOP01-DEL04-SC
705461;18/07/2025;sexta-feira;07:00:00;MG;40;521;CONTAGEM;Manobra de mudança de faixa;Colisão lateral mesmo sentido;Com Vítimas Feridas;Pleno dia;Crescente;Céu Claro;Dupla;Reta;Não;3;0;0;1;2;0;1;2;-19,86083031;-44,071;SPRF-MG;DEL01-MG;UOP02-DEL01-MG
705462;18/07/2025;sexta-feira;06:46:00;PE;232;80;GRAVATA;Acessar a via sem observar a presença dos outros veículos;Colisão frontal;Com Vítimas Feridas;Pleno dia;Crescente;Chuva;Simples;Interseção de Vias;Sim;2;0;1;0;1;0;1;2;-8,19620371;-35,57387916;SPRF-PE;DEL02-PE;UOP02-DEL02PE
705463;18/07/2025;sexta-feira;08:00:00;SP;116;146;SAO JOSE DOS CAMPOS;Reação tardia ou ineficiente do condutor;Colisão traseira;Com Vítimas Feridas;Pleno dia;Crescente;Céu Claro;Dupla;Declive;Sim;2;0;1;0;1;0;1;2;-23,21516016;-45,8946991;SPRF-SP;DEL02-SP;UOP01-DEL02-SP
705468;18/07/2025;sexta-feira;07:50:00;SC;101;221,4;PALHOCA;Manobra de mudança de faixa;Colisão lateral mesmo sentido;Com Vítimas Feridas;Pleno dia;Decrescente;Céu Claro;Dupla;Reta;Não;2;0;0;2;0;0;2;2;-27,70327;-48,658777;SPRF-SC;DEL01-SC;UOP02-DEL01-SC
705471;18/07/2025;sexta-feira;07:40:00;PR;369;410,8;JURANDA;Ultrapassagem Indevida;Saída de leito carroçável;Com Vítimas Feridas;Pleno dia;Decrescente;Céu Claro;Simples;Reta;Não;1;0;1;0;0;0;1;1;-24,4385121;-52,8374058;SPRF-PR;DEL04-PR;UOP03-DEL04-PR
705472;18/07/2025;sexta-feira;07:19:00;BA;324;551;AMELIA RODRIGUES;Reação tardia ou ineficiente do condutor;Engavetamento;Com Vítimas Feridas;Amanhecer;Crescente;Chuva;Dupla;Reta;Não;5;0;2;0;3;0;2;3;-12,456145;-38,702559;SPRF-BA;DEL01-BA;UOP03-DEL01-BA
705473;18/07/2025;sexta-feira;05:50:00;AM;174;990;PRESIDENTE FIGUEIREDO;Demais falhas mecânicas ou elétricas;Atropelamento de Pedestre;Com Vítimas Feridas;Amanhecer;Decrescente;Céu Claro;Simples;"Declive;Curva";Sim;3;0;0;1;2;0;1;2;-2,05548343;-60,02270333;SPRF-AM;DEL01-AM;UOP02-DEL01-AM
705476;18/07/2025;sexta-feira;08:40:00;MG;356;264,8;MURIAE;Condutor deixou de manter distância do veículo da frente;Colisão traseira;Com Vítimas Feridas;Pleno dia;Crescente;Céu Claro;Simples;Reta;Sim;2;0;1;0;0;1;1;2;-21,12389638;-42,37804413;SPRF-MG;DEL07-MG;UOP02-DEL07-MG
705478;18/07/2025;sexta-feira;08:46:00;SP;116;218;GUARULHOS;Ausência de reação do condutor;Colisão lateral mesmo sentido;Com Vítimas Feridas;Pleno dia;Crescente;Céu Claro;Múltipla;Reta;Sim;3;0;1;0;2;0;1;2;-23,456755;-46,478338;SPRF-SP;DEL01-SP;UOP01-DEL01-SP
705480;18/07/2025;sexta-feira;08:39:00;MG;40;378,6;CURVELO;Ausência de reação do condutor;Colisão traseira;Com Vítimas Feridas;Pleno dia;Decrescente;Céu Claro;Simples;"Reta;Aclive";Não;4;0;2;0;2;0;2;2;-18,867245;-44,733759;SPRF-MG;DEL02-MG;UOP01-DEL02-MG
705481;18/07/2025;sexta-feira;05:45:00;BA;324;536;AMELIA RODRIGUES;Acessar a via sem observar a presença dos outros veículos;Queda de ocupante de veículo;Com Vítimas Feridas;Amanhecer;Crescente;Garoa/Chuvisco;Dupla;Reta;Não;1;0;0;1;0;0;1;1;-12,3775944;-38,8027226;SPRF-BA;DEL01-BA;UOP03-DEL01-BA
705482;18/07/2025;sexta-feira;07:20:00;RJ;465;9;SEROPEDICA;Ausência de reação do condutor;Queda de ocupante de veículo;Com Vítimas Feridas;Pleno dia;Crescente;Sol;Simples;Reta;Não;1;0;1;0;0;0;1;1;-22,77165078;-43,67101908;SPRF-RJ;DEL06-RJ;UOP02-DEL06-RJ
705484;18/07/2025;sexta-feira;06:40:00;SC;101;28;PALHOCA;Condutor deixou de manter distância do veículo da frente;Queda de ocupante de veículo;Com Vítimas Feridas;Pleno dia;Crescente;Céu Claro;Dupla;Reta;Não;1;0;1;0;0;0;1;1;-27,6950736;-48,6618647;SPRF-SC;DEL01-SC;UOP02-DEL01-SC
705487;18/07/2025;sexta-feira;07:40:00;MG;381;479,5;CONTAGEM;Trafegar com motocicleta (ou similar) entre as faixas;Colisão lateral mesmo sentido;Com Vítimas Feridas;Pleno dia;Decrescente;Céu Claro;Dupla;"Declive;Curva";Sim;3;0;2;0;1;0;2;2;-19,9547194;-44,0249761;SPRF-MG;DEL01-MG;UOP03-DEL01-MG
705489;18/07/2025;sexta-feira;07:40:00;SC;158;102,3;CUNHA PORA;Condutor deixou de manter distância do veículo da frente;Colisão traseira;Com Vítimas Feridas;Pleno dia;Crescente;Nevoeiro/Neblina;Simples;"Reta;Aclive";Não;2;0;1;0;1;0;1;2;-26,86729517;-53,16383807;SPRF-SC;DEL07-SC;UOP02-DEL07-SC
705490;18/07/2025;sexta-feira;09:00:00;SE;101;88;NOSSA SENHORA DO SOCORRO;Manobra de mudança de faixa;Colisão lateral mesmo sentido;Com Vítimas Feridas;Pleno dia;Decrescente;Chuva;Dupla;"Declive;Reta";Não;2;0;1;0;1;0;1;2;-10,8694421;-37,13450639;SPRF-SE;DEL01-SE;UOP01-DEL01-SE
705492;18/07/2025;sexta-feira;08:40:00;RJ;101;387;RIO DE JANEIRO;Manobra de mudança de faixa;Colisão traseira;Com Vítimas Feridas;Pleno dia;Crescente;Céu Claro;Dupla;Reta;Sim;2;0;1;0;1;0;1;2;-22,88564282;-43,65026347;SPRF-RJ;DEL03-RJ;UOP01-DEL03-RJ
705498;18/07/2025;sexta-feira;09:00:00;SP;116;144,9;SAO JOSE DOS CAMPOS;Manobra de mudança de faixa;Colisão lateral mesmo sentido;Com Vítimas Feridas;Pleno dia;Crescente;Sol;Múltipla;Reta;Sim;2;0;1;0;1;0;1;2;-23,18459738;-45,85028529;SPRF-SP;DEL02-SP;UOP01-DEL02-SP
705499;18/07/2025;sexta-feira;10:00:00;RS;116;304,3;GUAIBA;Acessar a via sem observar a presença dos outros veículos;Colisão transversal;Com Vítimas Feridas;Pleno dia;Crescente;Garoa/Chuvisco;Simples;Reta;Não;3;0;1;0;2;0;1;2;-30,1541828;-51,369721;SPRF-RS;DEL02-RS;UOP01-DEL02-RS
705501;18/07/2025;sexta-feira;08:00:00;SC;280;23;ARAQUARI;Acessar a via sem observar a presença dos outros veículos;Colisão lateral sentido oposto;Com Vítimas Feridas;Pleno dia;Crescente;Sol;Simples;"Interseção de Vias;Rotatória";Sim;2;0;1;0;1;0;1;2;-26,371462;-48,711863;SPRF-SC;DEL03-SC;UOP03-DEL03-SC
705502;18/07/2025;sexta-feira;07:35:00;RS;290;86;PORTO ALEGRE;Transitar no Acostamento;Colisão com objeto;Sem Vítimas;Amanhecer;Crescente;Chuva;Dupla;"Reta;Viaduto";Não;2;0;0;0;2;0;0;1;-29,96817069;-51,11638069;SPRF-RS;DEL01-RS;UOP01-DEL01-RS
705503;18/07/2025;sexta-feira;10:20:00;RJ;116;184;SAO JOAO DE MERITI;Condutor deixou de manter distância do veículo da frente;Colisão lateral mesmo sentido;Com Vítimas Feridas;Pleno dia;Decrescente;Céu Claro;Dupla;Reta;Sim;2;0;1;0;1;0;1;2;-22,78124624;-43,39221954;SPRF-RJ;DEL06-RJ;UOP01-DEL06-RJ
705504;18/07/2025;sexta-feira;10:10:00;RJ;101;288;ITABORAI;Manobra de mudança de faixa;Colisão lateral mesmo sentido;Com Vítimas Feridas;Pleno dia;Crescente;Céu Claro;Dupla;"Reta;Aclive";Não;2;0;0;1;1;0;1;2;-22,75920984;-42,84294454;SPRF-RJ;DEL02-RJ;UOP02-DEL02-RJ
705505;03/04/2025;quinta-feira;10:00:00;PR;277;563,4;CASCAVEL;Acessar a via sem observar a presença dos outros veículos;Colisão transversal;Com Vítimas Feridas;Pleno dia;Decrescente;Céu Claro;Simples;Reta;Não;3;0;1;1;1;0;2;2;-25,04679;-53,24072;SPRF-PR;DEL04-PR;UOP04-DEL04-PR
705506;18/07/2025;sexta-feira;08:00:00;MG;262;811;UBERABA;Demais falhas mecânicas ou elétricas;Colisão com objeto;Com Vítimas Feridas;Pleno dia;Decrescente;Céu Claro;Dupla;Reta;Sim;2;0;2;0;0;0;2;1;-19,768678;-47,983894;SPRF-MG;DEL13-MG;UOP01-DEL13-MG
705507;06/04/2025;domingo;19:30:00;GO;40;2;VALPARAISO DE GOIAS;Manobra de mudança de faixa;Colisão traseira;Com Vítimas Feridas;Plena Noite;Crescente;Nublado;Dupla;Reta;Sim;2;0;1;0;0;1;1;2;-16,06393704;-47,98371774;SPRF-DF;DEL01-DF;UOP01-DEL01-DF
705509;18/07/2025;sexta-feira;09:50:00;PI;343;262;CAMPO MAIOR;Acessar a via sem observar a presença dos outros veículos;Atropelamento de Pedestre;Com Vítimas Feridas;Pleno dia;Crescente;Céu Claro;Simples;Reta;Sim;3;0;1;2;0;0;3;2;-4,82058799;-42,15940555;SPRF-PI;DEL01-PI;UOP03-DEL01-PI
705511;18/07/2025;sexta-feira;10:30:00;SP;153;112,9;JOSE BONIFACIO;Reação tardia ou ineficiente do condutor;Saída de leito carroçável;Com Vítimas Feridas;Pleno dia;Crescente;Céu Claro;Simples;Aclive;Não;1;0;1;0;0;0;1;1;-21,112125;-49,686757;SPRF-SP;DEL09-SP;UOP01-DEL09-SP
705512;18/07/2025;sexta-feira;10:00:00;PR;369;343;CAMPO MOURAO;Frear bruscamente;Eventos atípicos;Com Vítimas Feridas;Pleno dia;Crescente;Céu Claro;Simples;Reta;Não;2;0;0;1;1;0;1;1;-24,08895955;-52,39663124;SPRF-PR;DEL09-PR;UOP03-DEL09-PR
705514;18/07/2025;sexta-feira;10:04:00;MT;163;830;SINOP;Manobra de mudança de faixa;Colisão lateral mesmo sentido;Com Vítimas Feridas;Pleno dia;Decrescente;Céu Claro;Dupla;Reta;Sim;3;0;1;0;0;2;1;3;-11,805;-55,4805;SPRF-MT;DEL06-MT;UOP02-DEL06-MT
705515;18/07/2025;sexta-feira;10:50:00;RN;101;62,9;EXTREMOZ;Demais falhas mecânicas ou elétricas;Saída de leito carroçável;Com Vítimas Feridas;Pleno dia;Crescente;Céu Claro;Simples;Curva;Não;2;0;1;0;1;0;1;1;-5,622148;-35,249382;SPRF-RN;DEL02-RN;UOP01-DEL02-RN
705516;18/07/2025;sexta-feira;11:45:00;PR;376;489;PONTA GROSSA;Transitar no Acostamento;Atropelamento de Pedestre;Com Vítimas Feridas;Pleno dia;Decrescente;Céu Claro;Dupla;Reta;Sim;2;0;1;0;1;0;1;2;-25,094427;-50,19661;SPRF-PR;DEL03-PR;UOP04-DEL03-PR
705520;18/07/2025;sexta-feira;11:20:00;SC;101;108,4;PENHA;Reação tardia ou ineficiente do condutor;Colisão traseira;Com Vítimas Feridas;Pleno dia;Crescente;Céu Claro;Dupla;Reta;Sim;2;0;0;1;1;0;1;2;-26,830283;-48,693136;SPRF-SC;DEL03-SC;UOP02-DEL03-SC
705523;18/07/2025;sexta-feira;11:50:00;RJ;101;284;ITABORAI;Demais falhas mecânicas ou elétricas;Incêndio;Sem Vítimas;Pleno dia;Crescente;Céu Claro;Dupla;Reta;Sim;1;0;0;0;1;0;0;1;-22,74616513;-42,81124234;SPRF-RJ;DEL02-RJ;UOP02-DEL02-RJ
705524;18/07/2025;sexta-feira;12:30:00;SC;101;116;ITAJAI;Manobra de mudança de faixa;Colisão lateral mesmo sentido;Com Vítimas Feridas;Pleno dia;Crescente;Céu Claro;Múltipla;Reta;Sim;2;0;1;0;1;0;1;2;-26,88260892;-48,72461066;SPRF-SC;DEL04-SC;UOP04-DEL04-SC
705525;18/07/2025;sexta-feira;12:50:00;SP;116;228;SAO PAULO;Manobra de mudança de faixa;Tombamento;Com Vítimas Feridas;Pleno dia;Crescente;Céu Claro;Múltipla;"Reta;Em Obras";Sim;1;0;1;0;0;0;1;1;-23,5051521;-46,56918335;SPRF-SP;DEL01-SP;UOP01-DEL01-SP
705526;18/07/2025;sexta-feira;12:20:00;RJ;493;17;GUAPIMIRIM;Retorno proibido;Colisão transversal;Sem Vítimas;Pleno dia;Decrescente;Céu Claro;Simples;Reta;Não;2;0;0;0;1;1;0;2;-22,66812286;-43,01126719;SPRF-RJ;DEL04-RJ;UOP02-DEL04-RJ
705528;18/07/2025;sexta-feira;12:30:00;CE;222;222;SOBRAL;Acessar a via sem observar a presença dos outros veículos;Colisão transversal;Sem Vítimas;Pleno dia;Crescente;Céu Claro;Simples;"Curva;Interseção de Vias";Sim;2;0;0;0;2;0;0;2;-3,71679;-40,33401;SPRF-CE;DEL04-CE;UOP01-DEL04-CE
705531;18/07/2025;sexta-feira;09:20:00;SC;101;284;IMBITUBA;Pista esburacada;Colisão com objeto;Com Vítimas Feridas;Pleno dia;Decrescente;Céu Claro;Múltipla;Reta;Não;1;0;1;0;0;0;1;1;-28,22785861;-48,70126605;SPRF-SC;DEL02-SC;UOP03-DEL02-SC
705532;18/07/2025;sexta-feira;12:30:00;BA;415;49;ITABUNA;Transitar no Acostamento;Colisão lateral mesmo sentido;Com Vítimas Feridas;Pleno dia;Crescente;Garoa/Chuvisco;Simples;Reta;Sim;2;0;1;0;1;0;1;2;-14,81959;-39,30533;SPRF-BA;DEL05-BA;UOP01-DEL05-BA
705533;18/07/2025;sexta-feira;13:15:00;PR;277;385;CANDOI;Condutor deixou de manter distância do veículo da frente;Colisão traseira;Sem Vítimas;Pleno dia;Crescente;Céu Claro;Simples;Reta;Não;5;0;0;0;5;0;0;2;-25,438;-51,827;SPRF-PR;DEL08-PR;UOP01-DEL08-PR
705534;18/07/2025;sexta-feira;14:15:00;MG;381;491;BETIM;Trafegar com motocicleta (ou similar) entre as faixas;Colisão traseira;Com Vítimas Feridas;Pleno dia;Decrescente;Céu Claro;Dupla;"Declive;Curva";Sim;3;0;1;0;2;0;1;2;-19,961725;-44,157701;SPRF-MG;DEL01-MG;UOP03-DEL01-MG
705535;18/07/2025;sexta-feira;13:15:00;SC;470;138;RIO DO SUL;Acessar a via sem observar a presença dos outros veículos;Colisão transversal;Com Vítimas Feridas;Pleno dia;Crescente;Céu Claro;Simples;Reta;Sim;2;0;0;1;1;0;1;2;-27,18382763;-49,60313201;SPRF-SC;DEL04-SC;UOP02-DEL04-SC
705537;18/07/2025;sexta-feira;13:50:00;DF;251;29,5;BRASILIA;Conversão proibida;Colisão transversal;Com Vítimas Feridas;Pleno dia;Crescente;Céu Claro;Simples;"Reta;Aclive";Não;3;0;2;1;0;0;3;2;-15,943392;-47,728565;SPRF-DF;DEL01-DF;UOP01-DEL01-DF
705539;18/07/2025;sexta-feira;14:32:00;ES;101;49;CONCEICAO DA BARRA;Acessar a via sem observar a presença dos outros veículos;Colisão transversal;Com Vítimas Feridas;Pleno dia;Crescente;Sol;Simples;Interseção de Vias;Não;3;0;2;0;0;1;2;3;-18,51586551;-39,91350174;SPRF-ES;DEL04-ES;UOP02-DEL04-ES
705542;18/07/2025;sexta-feira;12:30:00;RO;319;64;PORTO VELHO;Reação tardia ou ineficiente do condutor;Colisão lateral mesmo sentido;Com Vítimas Feridas;Pleno dia;Decrescente;Céu Claro;Dupla;Reta;Sim;3;0;3;0;0;0;3;2;-8,76751328;-63,88429491;SPRF-RO;DEL01-RO;UOP01-DEL01-RO
705543;18/07/2025;sexta-feira;10:50:00;MT;364;274,6;JACIARA;Reação tardia ou ineficiente do condutor;Colisão transversal;Com Vítimas Feridas;Pleno dia;Decrescente;Céu Claro;Dupla;"Reta;Interseção de Vias";Sim;3;0;1;0;2;0;1;2;-15,950957;-54,980771;SPRF-MT;DEL05-MT;UOP02-DEL05-MT
705544;18/07/2025;sexta-feira;13:20:00;BA;324;613;SIMOES FILHO;Trafegar com motocicleta (ou similar) entre as faixas;Colisão lateral mesmo sentido;Com Vítimas Feridas;Pleno dia;Decrescente;Nublado;Dupla;Reta;Não;2;0;0;1;0;1;1;2;-12,84810167;-38,41774833;SPRF-BA;DEL01-BA;UOP01-DEL01-BA
705545;18/07/2025;sexta-feira;14:55:00;MG;40;636,5;CONSELHEIRO LAFAIETE;Manobra de mudança de faixa;Colisão lateral mesmo sentido;Com Vítimas Fatais;Pleno dia;Crescente;Céu Claro;Simples;Reta;Não;2;1;0;0;1;0;0;2;-20,71566;-43,79653;SPRF-MG;DEL05-MG;UOP02-DEL05-MG
705546;18/07/2025;sexta-feira;13:20:00;RJ;101;331;NITEROI;Ausência de reação do condutor;Queda de ocupante de veículo;Com Vítimas Feridas;Pleno dia;Decrescente;Céu Claro;Múltipla;Reta;Sim;1;0;1;0;0;0;1;1;-22,8818944;-43,1161344;SPRF-RJ;DEL02-RJ;UOP01-DEL02-RJ
705549;18/07/2025;sexta-feira;12:12:00;RJ;101;574;PARATY;Reação tardia ou ineficiente do condutor;Colisão transversal;Com Vítimas Feridas;Pleno dia;Decrescente;Céu Claro;Simples;Reta;Sim;2;0;1;0;1;0;1;2;-23,213843;-44,734897;SPRF-RJ;DEL03-RJ;UOP04-DEL03-RJ
705550;18/07/2025;sexta-feira;12:30:00;AC;364;138;RIO BRANCO;Transitar na contramão;Colisão frontal;Com Vítimas Feridas;Pleno dia;Crescente;Céu Claro;Dupla;Reta;Sim;2;0;2;0;0;0;2;2;-9,96547094;-67,85449322;SPRF-AC;DEL01-AC;UOP01-DEL01-AC
705551;18/07/2025;sexta-feira;14:45:00;SP;116;441;REGISTRO;Manobra de mudança de faixa;Colisão traseira;Com Vítimas Feridas;Pleno dia;Crescente;Céu Claro;Dupla;Reta;Sim;3;0;1;0;2;0;1;2;-24,46855959;-47,82233734;SPRF-SP;DEL05-SP;UOP01-DEL05-SP
705552;18/07/2025;sexta-feira;15:15:00;SP;153;174;GUAICARA;Ausência de reação do condutor;Colisão traseira;Com Vítimas Feridas;Pleno dia;Decrescente;Céu Claro;Simples;"Curva;Interseção de Vias;Rotatória";Sim;4;0;1;0;3;0;1;2;-21,6333152;-49,78797913;SPRF-SP;DEL07-SP;UOP01-DEL07-SP
705553;18/07/2025;sexta-feira;15:40:00;MG;381;853;POUSO ALEGRE;Ausência de reação do condutor;Engavetamento;Com Vítimas Feridas;Pleno dia;Decrescente;Céu Claro;Dupla;"Aclive;Reta";Não;6;0;1;0;5;0;1;5;-22,26661;-45,89139;SPRF-MG;DEL16-MG;UOP01-DEL16-MG
705554;18/07/2025;sexta-feira;16:00:00;MG;381;484;BETIM;Reação tardia ou ineficiente do condutor;Colisão traseira;Com Vítimas Feridas;Pleno dia;Decrescente;Céu Claro;Múltipla;"Declive;Reta";Sim;2;0;1;0;0;1;1;2;-19,959527;-44,087027;SPRF-MG;DEL01-MG;UOP03-DEL01-MG
705555;18/07/2025;sexta-feira;15:55:00;SP;116;155,5;SAO JOSE DOS CAMPOS;Trafegar com motocicleta (ou similar) entre as faixas;Colisão lateral mesmo sentido;Com Vítimas Feridas;Pleno dia;Crescente;Céu Claro;Simples;Aclive;Não;2;0;1;0;1;0;1;2;-23,24731465;-45,93113272;SPRF-SP;DEL02-SP;UOP01-DEL02-SP