id;data_inversa;dia_semana;horario;uf;br;km;municipio;causa_acidente;tipo_acidente;classificacao_acidente;fase_dia;sentido_via;condicao_metereologica;tipo_pista;tracado_via;uso_solo;pessoas;mortos;feridos_leves;feridos_graves;ilesos;ignorados;feridos;veiculos;latitude;longitude;regional;delegacia;uop
705556;18/07/2025;sexta-feira;15:27:00;BA;324;610;SIMOES FILHO;Trafegar com motocicleta (ou similar) entre as faixas;Queda de ocupante de veículo;Com Vítimas Feridas;Pleno dia;Decrescente;Nublado;Dupla;Reta;Não;1;0;0;1;0;0;1;1;-12,81521601;-38,36424065;SPRF-BA;DEL01-BA;UOP01-DEL01-BA
705559;18/07/2025;sexta-feira;16:45:00;PE;232;4;RECIFE;Manobra de mudança de faixa;Colisão lateral mesmo sentido;Com Vítimas Feridas;Anoitecer;Crescente;Céu Claro;Dupla;"Declive;Reta;Viaduto;Interseção de Vias";Sim;3;0;3;0;0;0;3;2;-8,064473;-34,936928;SPRF-PE;DEL01-PE;UOP01-DEL01-PE
705560;18/07/2025;sexta-feira;16:00:00;CE;116;8;FORTALEZA;Objeto estático sobre o leito carroçável;Eventos atípicos;Com Vítimas Feridas;Pleno dia;Crescente;Céu Claro;Dupla;Reta;Sim;2;0;1;0;0;1;1;2;-3,8236743;-38,5040766;SPRF-CE;DEL01-CE;UOP02-DEL01-CE
705563;18/07/2025;sexta-feira;12:00:00;MG;116;602,3;SAO JOAO DO MANHUACU;Acessar a via sem observar a presença dos outros veículos;Saída de leito carroçável;Sem Vítimas;Pleno dia;Decrescente;Céu Claro;Simples;Reta;Não;2;0;0;0;2;0;0;2;-20,3620377;-42,15066722;SPRF-MG;DEL06-MG;UOP03-DEL06-MG
705564;18/07/2025;sexta-feira;16:50:00;MG;459;86,8;CONGONHAL;Condutor Dormindo;Saída de leito carroçável;Com Vítimas Feridas;Pleno dia;Crescente;Nublado;Simples;Reta;Sim;1;0;1;0;0;0;1;1;-22,1512723;-46,0488128;SPRF-MG;DEL09-MG;UOP01-DEL09-MG
705566;18/07/2025;sexta-feira;16:50:00;ES;101;129,1;SOORETAMA;Condutor deixou de manter distância do veículo da frente;Colisão traseira;Com Vítimas Feridas;Pleno dia;Crescente;Céu Claro;Simples;"Declive;Reta";Não;2;0;0;1;1;0;1;2;-19,21947659;-40,09376657;SPRF-ES;DEL04-ES;UOP01-DEL04-ES
705567;18/07/2025;sexta-feira;17:15:00;SC;280;179,1;MAFRA;Condutor deixou de manter distância do veículo da frente;Colisão traseira;Com Vítimas Feridas;Pleno dia;Decrescente;Céu Claro;Simples;Reta;Não;5;0;1;0;4;0;1;2;-26,1775525;-49,880135;SPRF-SC;DEL06-SC;UOP01-DEL06-SC
705568;18/07/2025;sexta-feira;17:00:00;RN;406;162;CEARA-MIRIM;Reação tardia ou ineficiente do condutor;Tombamento;Com Vítimas Feridas;Pleno dia;Crescente;Céu Claro;Simples;"Declive;Reta";Não;1;0;0;1;0;0;1;1;-5,728023;-35,361082;SPRF-RN;DEL02-RN;UOP01-DEL02-RN
705569;18/07/2025;sexta-feira;16:40:00;MS;262;562;MIRANDA;Reação tardia ou ineficiente do condutor;Queda de ocupante de veículo;Com Vítimas Feridas;Pleno dia;Crescente;Sol;Simples;Reta;Não;2;0;2;0;0;0;2;1;-20,093125;-56,7437817;SPRF-MS;DEL03-MS;UOP02-DEL03-MS
705570;18/07/2025;sexta-feira;17:30:00;TO;153;354;FORTALEZA DO TABOCAO;Ultrapassagem Indevida;Colisão frontal;Com Vítimas Fatais;Anoitecer;Crescente;Céu Claro;Simples;Reta;Não;4;1;3;0;0;0;3;2;-9,017295;-48,50252;SPRF-TO;DEL02-TO;UOP02-DEL02-TO
705573;18/07/2025;sexta-feira;17:20:00;PB;101;82,7;BAYEUX;Manobra de mudança de faixa;Colisão lateral mesmo sentido;Com Vítimas Feridas;Anoitecer;Decrescente;Céu Claro;Dupla;"Reta;Viaduto";Sim;2;0;0;1;1;0;1;2;-7,1311082;-34,93288871;SPRF-PB;DEL01-PB;UOP01-DEL01-PB
705574;18/07/2025;sexta-feira;15:40:00;SC;101;367,3;ICARA;Ausência de reação do condutor;Colisão traseira;Com Vítimas Feridas;Pleno dia;Decrescente;Sol;Dupla;Declive;Sim;2;0;0;1;1;0;1;2;-28,69750922;-49,178569;SPRF-SC;DEL02-SC;UOP01-DEL02-SC
705576;18/07/2025;sexta-feira;11:20:00;MA;316;237,6;BOM JARDIM;Velocidade Incompatível;Colisão frontal;Com Vítimas Feridas;Pleno dia;Decrescente;Sol;Simples;Reta;Não;2;0;0;1;1;0;1;2;-3,582385;-45,561412;SPRF-MA;DEL02-MA;UOP01-DEL02-MA
705578;18/07/2025;sexta-feira;17:40:00;MG;381;445,1;SABARA;Transitar no Acostamento;Atropelamento de Pedestre;Com Vítimas Feridas;Plena Noite;Decrescente;Céu Claro;Simples;Curva;Sim;2;0;1;1;0;0;2;2;-19,83476;-43,86076;SPRF-MG;DEL01-MG;UOP01-DEL01-MG
705579;18/07/2025;sexta-feira;17:30:00;MG;40;348;FELIXLANDIA;Transitar na contramão;Colisão frontal;Com Vítimas Feridas;Anoitecer;Crescente;Céu Claro;Simples;Reta;Não;10;0;8;2;0;0;10;2;-18,7043;-44,9595;SPRF-MG;DEL02-MG;UOP01-DEL02-MG
705581;18/07/2025;sexta-feira;16:30:00;MG;116;554;SANTA BARBARA DO LESTE;Velocidade Incompatível;Tombamento;Com Vítimas Feridas;Pleno dia;Crescente;Céu Claro;Simples;"Aclive;Curva";Não;2;0;2;0;0;0;2;1;-20,00693675;-42,14215279;SPRF-MG;DEL06-MG;UOP02-DEL06-MG
705583;18/07/2025;sexta-feira;18:30:00;SC;101;202;SAO JOSE;Reação tardia ou ineficiente do condutor;Queda de ocupante de veículo;Com Vítimas Feridas;Plena Noite;Decrescente;Céu Claro;Múltipla;Reta;Sim;1;0;0;1;0;0;1;1;-27,5579417;-48,61838277;SPRF-SC;DEL01-SC;UOP01-DEL01-SC
705584;18/07/2025;sexta-feira;18:35:00;MG;153;16;CENTRALINA;Reação tardia ou ineficiente do condutor;Saída de leito carroçável;Com Vítimas Feridas;Plena Noite;Decrescente;Céu Claro;Dupla;"Reta;Aclive";Não;1;0;1;0;0;0;1;1;-18,566141;-49,19430971;SPRF-MG;DEL15-MG;UOP03-DEL15-MG
705585;18/07/2025;sexta-feira;17:35:00;PI;343;343,5;TERESINA;Condutor deixou de manter distância do veículo da frente;Colisão traseira;Com Vítimas Feridas;Plena Noite;Crescente;Céu Claro;Simples;Viaduto;Sim;2;0;1;0;1;0;1;2;-5,090227;-42,760576;SPRF-PI;DEL01-PI;UOP01-DEL01-PI
705587;18/07/2025;sexta-feira;17:20:00;RN;101;0,7;BAIA FORMOSA;Demais falhas na via;Saída de leito carroçável;Com Vítimas Feridas;Anoitecer;Decrescente;Céu Claro;Dupla;"Reta;Declive";Não;5;0;4;0;1;0;4;1;-6,4705969;-35,1115771;SPRF-RN;DEL02-RN;UOP01-DEL02-RN
705588;18/07/2025;sexta-feira;17:00:00;MG;116;207,3;CATUJI;Acessar a via sem observar a presença dos outros veículos;Colisão frontal;Com Vítimas Feridas;Anoitecer;Decrescente;Céu Claro;Simples;Curva;Sim;3;0;1;1;1;0;2;2;-17,30318172;-41,51618449;SPRF-MG;DEL11-MG;UOP01-DEL11-MG
705589;18/07/2025;sexta-feira;08:30:00;BA;324;587;CANDEIAS;Reação tardia ou ineficiente do condutor;Saída de leito carroçável;Com Vítimas Fatais;Pleno dia;Decrescente;Garoa/Chuvisco;Dupla;Reta;Não;4;1;1;0;2;0;1;3;-12,66275103;-38,47082734;SPRF-BA;DEL01-BA;UOP01-DEL01-BA
705594;18/07/2025;sexta-feira;15:31:00;RJ;116;315;RESENDE;Reação tardia ou ineficiente do condutor;Colisão com objeto;Com Vítimas Feridas;Pleno dia;Decrescente;Céu Claro;Dupla;Reta;Sim;2;0;1;0;1;0;1;2;-22,464575;-44,48710167;SPRF-RJ;DEL07-RJ;UOP02-DEL07-RJ
705596;18/07/2025;sexta-feira;18:00:00;RN;101;94;NATAL;Condutor deixou de manter distância do veículo da frente;Colisão traseira;Com Vítimas Feridas;Plena Noite;Crescente;Céu Claro;Simples;Viaduto;Sim;3;0;1;0;2;0;1;2;-5,82734179;-35,21019308;SPRF-RN;DEL01-RN;UOP01-DEL01-RN
705597;18/07/2025;sexta-feira;18:39:00;GO;70;10;AGUAS LINDAS DE GOIAS;Entrada inopinada do pedestre;Atropelamento de Pedestre;Com Vítimas Fatais;Plena Noite;Decrescente;Céu Claro;Múltipla;"Reta;Aclive";Sim;2;1;0;0;1;0;0;2;-15,73845;-48,297747;SPRF-DF;DEL03-DF;UOP02-DEL03-DF
705598;18/07/2025;sexta-feira;18:30:00;MG;381;496;BETIM;Pedestre andava na pista;Atropelamento de Pedestre;Com Vítimas Feridas;Anoitecer;Crescente;Céu Claro;Dupla;"Viaduto;Reta";Sim;2;0;1;0;1;0;1;2;-19,974803;-44,189548;SPRF-MG;DEL01-MG;UOP03-DEL01-MG
705599;18/07/2025;sexta-feira;19:10:00;SC;280;75;GUARAMIRIM;Acessar a via sem observar a presença dos outros veículos;Colisão transversal;Com Vítimas Feridas;Plena Noite;Crescente;Céu Claro;Simples;Reta;Não;2;0;1;0;1;0;1;2;-26,476544;-48,98816;SPRF-SC;DEL03-SC;UOP03-DEL03-SC
705603;18/07/2025;sexta-feira;19:00:00;PR;476;197;LAPA;Pedestre cruzava a pista fora da faixa;Atropelamento de Pedestre;Com Vítimas Fatais;Plena Noite;Decrescente;Nublado;Simples;Reta;Não;2;1;0;0;1;0;0;2;-25,76071985;-49,73404594;SPRF-PR;DEL01-PR;UOP06-DEL01-PR
705604;18/07/2025;sexta-feira;18:45:00;DF;60;0;BRASILIA;Manobra de mudança de faixa;Tombamento;Com Vítimas Feridas;Plena Noite;Crescente;Céu Claro;Múltipla;Reta;Sim;2;0;1;0;1;0;1;2;-15,882637;-48,06124;SPRF-DF;DEL03-DF;UOP01-DEL03-DF
705606;18/07/2025;sexta-feira;18:40:00;SC;101;217;PALHOCA;Pedestre andava na pista;Atropelamento de Pedestre;Com Vítimas Feridas;Plena Noite;Decrescente;Céu Claro;Dupla;Reta;Sim;2;0;0;1;1;0;1;2;-27,672992;-48,671673;SPRF-SC;DEL01-SC;UOP02-DEL01-SC
705607;18/07/2025;sexta-feira;18:30:00;MG;40;709,3;BARBACENA;Pedestre andava na pista;Saída de leito carroçável;Com Vítimas Feridas;Plena Noite;Crescente;Céu Claro;Dupla;"Curva;Declive";Não;4;0;3;0;1;0;3;1;-21,2421035;-43,691711;SPRF-MG;DEL05-MG;UOP02-DEL05-MG
705608;18/07/2025;sexta-feira;18:30:00;PR;277;78,8;CURITIBA;Condutor deixou de manter distância do veículo da frente;Colisão traseira;Com Vítimas Feridas;Anoitecer;Decrescente;Céu Claro;Dupla;Reta;Sim;2;0;1;0;1;0;1;2;-25,478327;-49,202582;SPRF-PR;DEL01-PR;UOP07-DEL01-PR
705610;18/07/2025;sexta-feira;18:34:00;SC;101;108;PENHA;Trafegar com motocicleta (ou similar) entre as faixas;Colisão traseira;Com Vítimas Feridas;Plena Noite;Crescente;Nublado;Dupla;Reta;Sim;5;0;1;2;2;0;3;4;-26,82523705;-48,68976943;SPRF-SC;DEL03-SC;UOP02-DEL03-SC
705611;18/07/2025;sexta-feira;16:30:00;AC;364;131;RIO BRANCO;Ausência de reação do condutor;Colisão traseira;Sem Vítimas;Pleno dia;Decrescente;Céu Claro;Dupla;Reta;Sim;2;0;0;0;2;0;0;2;-10,01225634;-67,84297943;SPRF-AC;DEL01-AC;UOP01-DEL01-AC
705612;18/07/2025;sexta-feira;07:15:00;PI;135;539;SAO GONCALO DO GURGUEIA;Transitar na contramão;Colisão transversal;Com Vítimas Feridas;Pleno dia;Crescente;Céu Claro;Simples;Reta;Não;3;0;1;0;2;0;1;2;-10,038605;-45,297773;SPRF-PI;DEL03-PI;UOP02-DEL03-PI
705613;18/07/2025;sexta-feira;18:50:00;MG;116;768,3;LEOPOLDINA;Ausência de reação do condutor;Colisão traseira;Com Vítimas Feridas;Plena Noite;Crescente;Céu Claro;Simples;Reta;Sim;3;0;0;1;2;0;1;2;-21,5425388;-42,6556649;SPRF-MG;DEL07-MG;UOP01-DEL07-MG
705614;18/07/2025;sexta-feira;19:00:00;MG;381;484;BETIM;Reação tardia ou ineficiente do condutor;Colisão traseira;Com Vítimas Feridas;Plena Noite;Crescente;Céu Claro;Múltipla;"Declive;Reta";Sim;2;0;1;0;1;0;1;2;-19,959527;-44,087027;SPRF-MG;DEL01-MG;UOP03-DEL01-MG
705615;18/07/2025;sexta-feira;19:55:00;RJ;116;181,2;NOVA IGUACU;Reação tardia ou ineficiente do condutor;Colisão lateral mesmo sentido;Com Vítimas Feridas;Plena Noite;Crescente;Céu Claro;Dupla;Reta;Não;3;0;1;0;2;0;1;2;-22,7556;-43,43275;SPRF-RJ;DEL06-RJ;UOP01-DEL06-RJ
705616;18/07/2025;sexta-feira;18:50:00;SP;116;115;TAUBATE;Mal súbito do condutor;Saída de leito carroçável;Com Vítimas Feridas;Plena Noite;Crescente;Céu Claro;Dupla;Reta;Sim;1;0;1;0;0;0;1;1;-23,0480933;-45,5978277;SPRF-SP;DEL02-SP;UOP02-DEL02-SP
705618;18/07/2025;sexta-feira;17:30:00;PE;316;25;ARARIPINA;Ingestão de álcool pelo condutor;Colisão transversal;Com Vítimas Feridas;Pleno dia;Decrescente;Céu Claro;Simples;Interseção de Vias;Sim;2;0;0;1;1;0;1;2;-7,58818604;-40,49671825;SPRF-PE;DEL05-PE;UOP02-DEL05-PE
705620;18/07/2025;sexta-feira;20:25:00;SC;101;129,4;CAMBORIU;Pedestre cruzava a pista fora da faixa;Atropelamento de Pedestre;Com Vítimas Feridas;Plena Noite;Crescente;Céu Claro;Simples;Reta;Sim;2;0;0;1;1;0;1;2;-26,982322;-48,675212;SPRF-SC;DEL04-SC;UOP03-DEL04-SC
705621;18/07/2025;sexta-feira;19:10:00;PE;232;82,1;GRAVATA;Ausência de reação do condutor;Colisão traseira;Com Vítimas Feridas;Plena Noite;Crescente;Céu Claro;Dupla;Reta;Sim;3;0;1;1;0;1;2;2;-8,19941071;-35,5882558;SPRF-PE;DEL02-PE;UOP02-DEL02PE
705622;18/07/2025;sexta-feira;18:30:00;PR;369;59;BANDEIRANTES;Conversão proibida;Colisão transversal;Com Vítimas Feridas;Plena Noite;Crescente;Nublado;Simples;Aclive;Sim;3;0;3;0;0;0;3;2;-23,117445;-50,375086;SPRF-PR;DEL07-PR;UOP05-DEL07-PR
705623;18/07/2025;sexta-feira;19:15:00;PB;230;393;SAO BENTINHO;Transitar na contramão;Colisão frontal;Com Vítimas Fatais;Plena Noite;Crescente;Céu Claro;Simples;"Aclive;Reta";Não;5;1;3;0;0;1;3;3;-6,868931;-37,734957;SPRF-PB;DEL03-PB;UOP02-DEL03-PB
705624;18/07/2025;sexta-feira;18:30:00;RS;468;100;TRES PASSOS;Acessar a via sem observar a presença dos outros veículos;Colisão transversal;Com Vítimas Feridas;Plena Noite;Crescente;Céu Claro;Múltipla;Interseção de Vias;Sim;3;0;1;0;0;2;1;3;-27,473792;-53,919097;SPRF-RS;DEL08-RS;UOP02-DEL08-RS
705627;18/07/2025;sexta-feira;21:00:00;PR;369;138;IBIPORA;Acessar a via sem observar a presença dos outros veículos;Colisão transversal;Com Vítimas Feridas;Plena Noite;Crescente;Céu Claro;Simples;"Reta;Declive";Sim;2;0;0;2;0;0;2;2;-23,27158224;-51,0493025;SPRF-PR;DEL07-PR;UOP01-DEL07-PR
705628;18/07/2025;sexta-feira;17:30:00;RJ;493;17;GUAPIMIRIM;Pedestre cruzava a pista fora da faixa;Atropelamento de Pedestre;Com Vítimas Feridas;Pleno dia;Crescente;Céu Claro;Simples;Reta;Sim;3;0;1;0;2;0;1;2;-22,66807587;-43,00967216;SPRF-RJ;DEL04-RJ;UOP02-DEL04-RJ
705629;18/07/2025;sexta-feira;21:00:00;ES;101;270;SERRA;Acessar a via sem observar a presença dos outros veículos;Colisão transversal;Com Vítimas Feridas;Plena Noite;Crescente;Céu Claro;Dupla;Reta;Sim;2;0;0;1;1;0;1;2;-20,2265372;-40,2707054;SPRF-ES;DEL02-ES;UOP01-DEL02-ES
705630;18/07/2025;sexta-feira;18:18:00;PI;316;284;DOM EXPEDITO LOPES;Entrada inopinada do pedestre;Atropelamento de Pedestre;Com Vítimas Feridas;Plena Noite;Crescente;Céu Claro;Simples;Reta;Não;2;0;0;2;0;0;2;2;-6,969694;-41,658917;SPRF-PI;DEL04-PI;UOP01-DEL04-PI
705632;18/07/2025;sexta-feira;20:50:00;CE;116;7,9;FORTALEZA;Reação tardia ou ineficiente do condutor;Tombamento;Com Vítimas Fatais;Plena Noite;Decrescente;Nublado;Múltipla;Reta;Sim;3;1;0;0;1;1;0;3;-3,81774;-38,50223;SPRF-CE;DEL01-CE;UOP02-DEL01-CE
705633;18/07/2025;sexta-feira;11:00:00;RO;364;842;PORTO VELHO;Ausência de reação do condutor;Colisão traseira;Sem Vítimas;Pleno dia;Decrescente;Céu Claro;Simples;Reta;Não;5;0;0;0;4;1;0;2;-9,428435;-64,699612;SPRF-RO;DEL01-RO;UOP02-DEL01-RO
705634;18/07/2025;sexta-feira;18:45:00;PI;222;117,9;BATALHA;Ausência de reação do condutor;Atropelamento de Pedestre;Com Vítimas Fatais;Plena Noite;Decrescente;Céu Claro;Simples;Reta;Não;2;1;0;0;0;1;0;2;-4,0673146;-42,06110002;SPRF-PI;DEL02-PI;UOP01-DEL02-PI
705635;18/07/2025;sexta-feira;18:40:00;MS;163;375,7;NOVA ALVORADA DO SUL;Reação tardia ou ineficiente do condutor;Saída de leito carroçável;Sem Vítimas;Plena Noite;Crescente;Céu Claro;Simples;Aclive;Não;1;0;0;0;0;1;0;1;-21,377885;-54,412349;SPRF-MS;DEL02-MS;UOP01-DEL02-MS
705637;18/07/2025;sexta-feira;21:22:00;DF;70;18;BRASILIA;Reação tardia ou ineficiente do condutor;Queda de ocupante de veículo;Com Vítimas Feridas;Plena Noite;Crescente;Céu Claro;Dupla;Curva;Não;1;0;1;0;0;0;1;1;-15,789323;-48,225998;SPRF-DF;DEL03-DF;UOP02-DEL03-DF
705638;18/07/2025;sexta-feira;19:35:00;SC;101;207;SAO JOSE;Condutor deixou de manter distância do veículo da frente;Colisão lateral mesmo sentido;Com Vítimas Feridas;Plena Noite;Decrescente;Céu Claro;Múltipla;"Declive;Reta";Não;2;0;1;0;1;0;1;2;-27,59568236;-48,61933915;SPRF-SC;DEL01-SC;UOP01-DEL01-SC
705640;07/07/2025;segunda-feira;08:20:00;MG;381;354;JOAO MONLEVADE;Acessar a via sem observar a presença dos outros veículos;Colisão transversal;Com Vítimas Feridas;Pleno dia;Crescente;Chuva;Simples;Reta;Sim;3;0;0;1;2;0;1;2;-19,84350097;-43,2023803;SPRF-MG;DEL03-MG;UOP01-DEL03-MG
705641;18/07/2025;sexta-feira;21:23:00;MA;222;663,2;ACAILANDIA;Transitar no Acostamento;Colisão transversal;Com Vítimas Feridas;Plena Noite;Crescente;Céu Claro;Simples;"Reta;Interseção de Vias";Sim;3;0;1;0;2;0;1;2;-4,90547;-47,40479;SPRF-MA;DEL04-MA;UOP03-DEL04-MA
705642;18/07/2025;sexta-feira;18:00:00;PA;230;1126;ITAITUBA;Ultrapassagem Indevida;Colisão frontal;Com Vítimas Feridas;Plena Noite;Decrescente;Céu Claro;Simples;"Aclive;Curva";Não;5;0;0;1;4;0;1;2;-4,39129783;-55,8871261;SPRF-PA;DEL05-PA;UOP02-DEL05-PA
705644;18/07/2025;sexta-feira;22:00:00;GO;153;379,5;SAO FRANCISCO DE GOIAS;Demais falhas mecânicas ou elétricas;Tombamento;Com Vítimas Feridas;Plena Noite;Crescente;Céu Claro;Simples;"Declive;Reta";Não;2;0;1;0;1;0;1;1;-15,915488;-49,220373;SPRF-GO;DEL02-GO;UOP02-DEL02-GO
705646;18/07/2025;sexta-feira;21:00:00;RS;116;251;SAPUCAIA DO SUL;Manobra de mudança de faixa;Queda de ocupante de veículo;Com Vítimas Feridas;Plena Noite;Decrescente;Céu Claro;Múltipla;Reta;Sim;2;0;2;0;0;0;2;1;-29,80410591;-51,16614613;SPRF-RS;DEL01-RS;UOP02-DEL01-RS
705647;18/07/2025;sexta-feira;19:00:00;RO;364;21;VILHENA;Velocidade Incompatível;Colisão traseira;Com Vítimas Feridas;Plena Noite;Decrescente;Céu Claro;Simples;Reta;Não;3;0;1;0;0;2;1;3;-12,72576462;-60,19725529;SPRF-RO;DEL04-RO;UOP01-DEL04-RO
705648;18/07/2025;sexta-feira;21:50:00;BA;101;718;EUNAPOLIS;Acessar a via sem observar a presença dos outros veículos;Colisão lateral mesmo sentido;Com Vítimas Feridas;Plena Noite;Crescente;Nublado;Simples;"Interseção de Vias;Rotatória";Sim;3;0;1;0;1;1;1;2;-16,37501678;-39,58120734;SPRF-BA;DEL09-BA;UOP01-DEL09-BA
705649;18/07/2025;sexta-feira;22:30:00;SC;101;102,7;BALNEARIO PICARRAS;Trafegar com motocicleta (ou similar) entre as faixas;Colisão lateral mesmo sentido;Com Vítimas Feridas;Pleno dia;Crescente;Nublado;Múltipla;Reta;Sim;3;0;0;1;2;0;1;3;-26,78030221;-48,68433444;SPRF-SC;DEL03-SC;UOP02-DEL03-SC
705650;18/07/2025;sexta-feira;21:10:00;RS;470;346,7;SAO JERONIMO;Acessar a via sem observar a presença dos outros veículos;Colisão transversal;Com Vítimas Feridas;Plena Noite;Crescente;Nublado;Simples;Reta;Sim;3;0;1;0;2;0;1;2;-29,98138;-51,734603;SPRF-RS;DEL02-RS;UOP01-DEL02-RS
705651;18/07/2025;sexta-feira;22:30:00;PR;376;17;MARINGA;Ingestão de álcool pelo condutor;Colisão com objeto;Com Vítimas Feridas;Plena Noite;Crescente;Céu Claro;Dupla;Curva;Sim;1;0;1;0;0;0;1;1;-23,432088;-51,886717;SPRF-PR;DEL09-PR;UOP01-DEL09-PR
705652;18/07/2025;sexta-feira;21:00:00;GO;60;119;TEREZOPOLIS DE GOIAS;Reação tardia ou ineficiente do condutor;Colisão traseira;Sem Vítimas;Plena Noite;Decrescente;Céu Claro;Dupla;"Reta;Aclive";Sim;3;0;0;0;3;0;0;2;-16,489844;-49,098312;SPRF-GO;DEL01-GO;UOP01-DEL01-GO
705653;18/07/2025;sexta-feira;22:25:00;SP;116;201;ARUJA;Condutor Dormindo;Colisão traseira;Com Vítimas Feridas;Plena Noite;Decrescente;Céu Claro;Dupla;Reta;Sim;2;0;1;0;0;1;1;2;-23,40464071;-46,33305287;SPRF-SP;DEL01-SP;UOP01-DEL01-SP
705654;18/07/2025;sexta-feira;22:39:00;SP;116;375;MIRACATU;Pedestre andava na pista;Atropelamento de Pedestre;Com Vítimas Feridas;Plena Noite;Crescente;Nublado;Dupla;Reta;Sim;3;0;1;0;2;0;1;2;-24,17899017;-47,34812164;SPRF-SP;DEL04-SP;UOP02-DEL04-SP
705655;18/07/2025;sexta-feira;22:05:00;BA;324;625,9;SALVADOR;Demais falhas mecânicas ou elétricas;Incêndio;Sem Vítimas;Plena Noite;Decrescente;Chuva;Dupla;Reta;Sim;1;0;0;0;1;0;0;1;-12,97088895;-38,47534988;SPRF-BA;DEL01-BA;UOP01-DEL01-BA
705656;18/07/2025;sexta-feira;22:00:00;MG;365;392;PATOS DE MINAS;Transitar na contramão;Colisão lateral sentido oposto;Com Vítimas Feridas;Plena Noite;Crescente;Céu Claro;Simples;Curva;Não;7;0;4;0;3;0;4;3;-18,63365142;-46,36825705;SPRF-MG;DEL10-MG;UOP01-DEL10-MG
705658;18/07/2025;sexta-feira;20:30:00;RJ;493;105;SEROPEDICA;Manobra de mudança de faixa;Saída de leito carroçável;Com Vítimas Feridas;Plena Noite;Decrescente;Céu Claro;Dupla;Reta;Não;2;0;1;0;1;0;1;1;-22,7805054;-43,750617;SPRF-RJ;DEL01-RJ;UOP03-DEL01-RJ
705659;18/07/2025;sexta-feira;12:40:00;AM;0;0;MANAUS;Frear bruscamente;Engavetamento;Sem Vítimas;Pleno dia;Não Informado;Céu Claro;Dupla;Reta;Não;11;0;0;0;10;1;0;4;-3,000892;-60,031755;SPRF-AM;DEL01-AM;UOP03-DEL01-AM
705661;18/07/2025;sexta-feira;21:00:00;MG;381;610,9;OLIVEIRA;Entrada inopinada do pedestre;Atropelamento de Pedestre;Com Vítimas Fatais;Plena Noite;Decrescente;Ignorado;Dupla;Reta;Não;3;1;0;0;1;1;0;2;-20,686211;-44,740174;SPRF-MG;DEL04-MG;UOP01-DEL04-MG
705663;18/07/2025;sexta-feira;23:15:00;PI;343;14;PARNAIBA;Desrespeitar a preferência no cruzamento;Colisão transversal;Com Vítimas Feridas;Plena Noite;Crescente;Céu Claro;Dupla;Rotatória;Não;2;0;1;0;1;0;1;2;-2,965504;-41,7759232;SPRF-PI;DEL05-PI;UOP01-DEL05-PI
705665;18/07/2025;sexta-feira;20:45:00;MG;262;418;PARA DE MINAS;Acessar a via sem observar a presença dos outros veículos;Colisão transversal;Com Vítimas Fatais;Plena Noite;Decrescente;Céu Claro;Dupla;Declive;Não;2;1;0;0;1;0;0;2;-19,88411644;-44,73943306;SPRF-MG;DEL08-MG;UOP03-DEL08-MG
705667;18/07/2025;sexta-feira;20:40:00;MT;163;781;SORRISO;Ausência de reação do condutor;Colisão traseira;Sem Vítimas;Plena Noite;Decrescente;Céu Claro;Simples;Reta;Não;2;0;0;0;0;2;0;2;-12,30152339;-55,57324648;SPRF-MT;DEL06-MT;UOP02-DEL06-MT
705668;19/07/2025;sábado;00:09:00;SC;470;126,7;LONTRAS;Acessar a via sem observar a presença dos outros veículos;Colisão transversal;Com Vítimas Fatais;Plena Noite;Decrescente;Ignorado;Simples;"Reta;Declive;Interseção de Vias";Não;2;1;1;0;0;0;1;2;-27,1359409;-49,542396;SPRF-SC;DEL04-SC;UOP02-DEL04-SC
705670;18/07/2025;sexta-feira;20:50:00;MG;251;365,3;GRAO MOGOL;Acessar a via sem observar a presença dos outros veículos;Colisão transversal;Com Vítimas Feridas;Plena Noite;Decrescente;Céu Claro;Simples;Curva;Não;4;0;3;0;0;1;3;2;-16,252286;-42,629087;SPRF-MG;DEL12-MG;UOP02-DEL12-MG
705671;18/07/2025;sexta-feira;17:06:00;RO;435;51,7;VILHENA;Reação tardia ou ineficiente do condutor;Saída de leito carroçável;Com Vítimas Feridas;Pleno dia;Decrescente;Céu Claro;Simples;Reta;Não;1;0;1;0;0;0;1;1;-12,98738154;-60,40331704;SPRF-RO;DEL04-RO;UOP02-DEL04-RO
705673;19/07/2025;sábado;00:15:00;PB;230;215,2;SOLEDADE;Condutor Dormindo;Colisão frontal;Com Vítimas Feridas;Plena Noite;Crescente;Céu Claro;Simples;Reta;Sim;2;0;1;0;1;0;1;2;-7,057587;-36,364376;SPRF-PB;DEL02-PB;UOP02-DEL02-PB
705674;18/07/2025;sexta-feira;18:30:00;CE;402;198,4;MORRINHOS;Modificação proibida;Atropelamento de Pedestre;Com Vítimas Fatais;Plena Noite;Crescente;Vento;Simples;Reta;Não;2;1;0;1;0;0;1;2;-3,22484323;-40,10559082;SPRF-CE;DEL01-CE;UOP03-DEL01-CE