id;data_inversa;dia_semana;horario;uf;br;km;municipio;causa_acidente;tipo_acidente;classificacao_acidente;fase_dia;sentido_via;condicao_metereologica;tipo_pista;tracado_via;uso_solo;pessoas;mortos;feridos_leves;feridos_graves;ilesos;ignorados;feridos;veiculos;latitude;longitude;regional;delegacia;uop
705798;19/07/2025;sábado;14:35:00;BA;101;720;EUNAPOLIS;Condutor deixou de manter distância do veículo da frente;Engavetamento;Com Vítimas Feridas;Pleno dia;Decrescente;Nublado;Simples;Reta;Não;7;0;2;0;5;0;2;3;-16,39494;-39,582252;SPRF-BA;DEL09-BA;UOP01-DEL09-BA
705799;19/07/2025;sábado;13:55:00;SP;153;62,4;SAO JOSE DO RIO PRETO;Condutor deixou de manter distância do veículo da frente;Colisão traseira;Sem Vítimas;Pleno dia;Crescente;Céu Claro;Dupla;"Reta;Aclive";Sim;3;0;0;0;2;1;0;3;-20,815557;-49,357162;SPRF-SP;DEL09-SP;UOP01-DEL09-SP
705804;19/07/2025;sábado;14:30:00;MG;116;125;ITAOBIM;Ultrapassagem Indevida;Colisão frontal;Com Vítimas Feridas;Pleno dia;Crescente;Céu Claro;Simples;"Reta;Aclive";Não;7;0;3;0;4;0;3;2;-16,646202;-41,501415;SPRF-MG;DEL11-MG;UOP02-DEL11-MG
705805;19/07/2025;sábado;14:30:00;RS;470;219;BENTO GONCALVES;Reação tardia ou ineficiente do condutor;Colisão transversal;Com Vítimas Feridas;Pleno dia;Crescente;Céu Claro;Simples;Curva;Sim;2;0;0;1;1;0;1;2;-29,19077636;-51,52220964;SPRF-RS;DEL06-RS;UOP01-DEL06-RS
705807;19/07/2025;sábado;12:35:00;PR;369;473,7;CORBELIA;Condutor deixou de manter distância do veículo da frente;Colisão traseira;Com Vítimas Feridas;Pleno dia;Decrescente;Céu Claro;Simples;Reta;Sim;3;0;3;0;0;0;3;2;-24,721;-53,246;SPRF-PR;DEL04-PR;UOP03-DEL04-PR
705808;19/07/2025;sábado;14:30:00;GO;40;12,4;LUZIANIA;Ausência de reação do condutor;Colisão traseira;Sem Vítimas;Pleno dia;Crescente;Céu Claro;Dupla;Reta;Sim;2;0;0;0;1;1;0;2;-16,151295;-47,939863;SPRF-DF;DEL01-DF;UOP01-DEL01-DF
705809;01/05/2025;quinta-feira;19:50:00;SE;101;98,6;SAO CRISTOVAO;Velocidade Incompatível;Colisão traseira;Com Vítimas Fatais;Plena Noite;Decrescente;Nublado;Simples;"Aclive;Reta";Não;2;1;0;0;0;1;0;2;-10,930556;-37,185833;SPRF-SE;DEL02-SE;UOP01-DEL02-SE
705810;19/07/2025;sábado;14:20:00;MS;163;90;ITAQUIRAI;Ultrapassagem Indevida;Colisão com objeto;Com Vítimas Feridas;Pleno dia;Crescente;Céu Claro;Simples;"Declive;Reta";Não;4;0;2;0;2;0;2;1;-23,3641405;-54,21413295;SPRF-MS;DEL09-MS;UOP01-DEL09-MS
705813;19/07/2025;sábado;12:00:00;ES;259;48,5;COLATINA;Acessar a via sem observar a presença dos outros veículos;Colisão lateral mesmo sentido;Com Vítimas Feridas;Pleno dia;Crescente;Céu Claro;Simples;Reta;Sim;2;0;1;0;1;0;1;2;-19,5189074;-40,6000022;SPRF-ES;DEL02-ES;UOP01-DEL02-ES
705814;19/07/2025;sábado;15:40:00;ES;101;264,2;SERRA;Condutor deixou de manter distância do veículo da frente;Colisão traseira;Com Vítimas Feridas;Pleno dia;Crescente;Nublado;Múltipla;Reta;Sim;5;0;1;1;1;2;2;3;-20,17207897;-40,26804076;SPRF-ES;DEL02-ES;UOP01-DEL02-ES
705815;19/07/2025;sábado;11:30:00;MG;262;827;UBERABA;Demais falhas mecânicas ou elétricas;Incêndio;Sem Vítimas;Pleno dia;Decrescente;Céu Claro;Dupla;Reta;Não;1;0;0;0;1;0;0;1;-19,76300624;-48,13434497;SPRF-MG;DEL13-MG;UOP01-DEL13-MG
705816;19/07/2025;sábado;16:00:00;SC;101;124;ITAJAI;Ausência de reação do condutor;Colisão traseira;Com Vítimas Feridas;Pleno dia;Crescente;Sol;Dupla;Reta;Não;2;0;0;1;1;0;1;2;-26,94088781;-48,69447168;SPRF-SC;DEL04-SC;UOP04-DEL04-SC
705817;19/07/2025;sábado;14:34:00;PA;163;949;BELTERRA;Ausência de reação do condutor;Atropelamento de Pedestre;Com Vítimas Fatais;Pleno dia;Crescente;Céu Claro;Simples;Reta;Não;2;1;0;0;1;0;0;2;-2,80916;-54,89834;SPRF-PA;DEL05-PA;UOP01-DEL05-PA
705818;19/07/2025;sábado;16:00:00;PE;232;7,6;RECIFE;Ausência de reação do condutor;Colisão lateral mesmo sentido;Com Vítimas Feridas;Pleno dia;Decrescente;Céu Claro;Múltipla;Reta;Não;3;0;1;1;1;0;2;2;-8,0422187;-34,9416934;SPRF-PE;DEL01-PE;UOP01-DEL01-PE
705819;19/07/2025;sábado;15:40:00;PR;376;174,2;MARINGA;Condutor desrespeitou a iluminação vermelha do semáforo;Colisão transversal;Com Vítimas Feridas;Pleno dia;Crescente;Sol;Dupla;Interseção de Vias;Sim;2;0;0;1;1;0;1;2;-23,41666167;-51,95641486;SPRF-PR;DEL09-PR;UOP01-DEL09-PR
705820;19/07/2025;sábado;15:25:00;ES;262;106,7;VENDA NOVA DO IMIGRANTE;Transitar na contramão;Colisão lateral sentido oposto;Com Vítimas Fatais;Pleno dia;Decrescente;Céu Claro;Simples;Reta;Sim;4;1;1;0;2;0;1;3;-20,32879742;-41,15072966;SPRF-ES;DEL01-ES;UOP02-DEL01-ES
705821;19/07/2025;sábado;14:15:00;RJ;40;77;PETROPOLIS;Avarias e/ou desgaste excessivo no pneu;Tombamento;Com Vítimas Feridas;Pleno dia;Crescente;Céu Claro;Dupla;"Curva;Declive";Não;2;0;2;0;0;0;2;1;-22,484967;-43,230536;SPRF-RJ;DEL01-RJ;UOP01-DEL01-RJ
705822;19/07/2025;sábado;16:15:00;SC;101;202,7;SAO JOSE;Manobra de mudança de faixa;Colisão lateral mesmo sentido;Com Vítimas Feridas;Pleno dia;Crescente;Céu Claro;Múltipla;Reta;Sim;2;0;0;1;1;0;1;2;-27,563089;-48,615667;SPRF-SC;DEL01-SC;UOP01-DEL01-SC
705823;19/07/2025;sábado;14:00:00;MG;50;191;UBERABA;Reação tardia ou ineficiente do condutor;Engavetamento;Com Vítimas Feridas;Pleno dia;Crescente;Céu Claro;Dupla;"Reta;Em Obras";Não;6;0;2;2;2;0;4;3;-19,857637;-47,86872;SPRF-MG;DEL13-MG;UOP01-DEL13-MG
705824;19/07/2025;sábado;15:50:00;PR;116;98;SAO JOSE DOS PINHAIS;Manobra de mudança de faixa;Colisão traseira;Com Vítimas Feridas;Pleno dia;Decrescente;Céu Claro;Dupla;Reta;Sim;3;0;2;0;1;0;2;2;-25,5509722;-49,1499444;SPRF-PR;DEL01-PR;UOP07-DEL01-PR
705825;19/07/2025;sábado;07:40:00;SC;282;377,2;HERVAL DOESTE;Condutor Dormindo;Colisão lateral sentido oposto;Com Vítimas Feridas;Pleno dia;Crescente;Nublado;Simples;Curva;Não;5;0;2;0;3;0;2;3;-27,21289422;-51,5002048;SPRF-SC;DEL07-SC;UOP05-DEL07-SC
705827;19/07/2025;sábado;16:05:00;ES;101;288,2;CARIACICA;Pedestre cruzava a pista fora da faixa;Atropelamento de Pedestre;Com Vítimas Feridas;Pleno dia;Decrescente;Nublado;Dupla;Reta;Sim;2;0;0;1;1;0;1;2;-20,2738388;-40,39201705;SPRF-ES;DEL01-ES;UOP01-DEL01-ES
705831;19/07/2025;sábado;17:00:00;RJ;40;121;DUQUE DE CAXIAS;Reação tardia ou ineficiente do condutor;Colisão lateral mesmo sentido;Com Vítimas Feridas;Anoitecer;Crescente;Céu Claro;Múltipla;Reta;Sim;8;0;4;1;3;0;5;3;-22,76907869;-43,28633666;SPRF-RJ;DEL01-RJ;UOP02-DEL01-RJ
705832;19/07/2025;sábado;16:33:00;DF;20;22;BRASILIA;Ausência de reação do condutor;Colisão lateral mesmo sentido;Com Vítimas Feridas;Pleno dia;Crescente;Céu Claro;Dupla;Reta;Não;3;0;1;0;2;0;1;2;-15,61092296;-47,69804746;SPRF-DF;DEL02-DF;UOP01-DEL02-DF
705834;19/07/2025;sábado;16:30:00;SC;101;111,8;NAVEGANTES;Ausência de reação do condutor;Saída de leito carroçável;Com Vítimas Feridas;Pleno dia;Crescente;Nublado;Simples;Curva;Não;1;0;0;1;0;0;1;1;-26,83963106;-48,71614393;SPRF-SC;DEL04-SC;UOP04-DEL04-SC
705837;19/07/2025;sábado;15:30:00;PR;272;389,3;FAROL;Demais falhas mecânicas ou elétricas;Incêndio;Sem Vítimas;Pleno dia;Crescente;Céu Claro;Simples;"Reta;Aclive";Não;1;0;0;0;1;0;0;1;-24,080285;-52,601251;SPRF-PR;DEL09-PR;UOP03-DEL09-PR
705838;19/07/2025;sábado;16:05:00;BA;101;721;EUNAPOLIS;Transitar na contramão;Colisão lateral sentido oposto;Com Vítimas Feridas;Pleno dia;Crescente;Céu Claro;Simples;"Declive;Curva";Não;4;0;3;0;1;0;3;2;-16,402733;-39,58587;SPRF-BA;DEL09-BA;UOP01-DEL09-BA
705839;19/07/2025;sábado;15:30:00;MG;40;629,1;CONSELHEIRO LAFAIETE;Acessar a via sem observar a presença dos outros veículos;Colisão transversal;Com Vítimas Feridas;Pleno dia;Crescente;Sol;Simples;Reta;Não;2;0;1;0;1;0;1;2;-20,655973;-43,804682;SPRF-MG;DEL05-MG;UOP02-DEL05-MG
705842;19/07/2025;sábado;16:22:00;RJ;493;75;NOVA IGUACU;Acessar a via sem observar a presença dos outros veículos;Atropelamento de Pedestre;Com Vítimas Feridas;Pleno dia;Decrescente;Céu Claro;Dupla;Curva;Não;2;0;1;0;1;0;1;2;-22,68056;-43,53504;SPRF-RJ;DEL01-RJ;UOP03-DEL01-RJ
705844;19/07/2025;sábado;18:00:00;RS;386;342,1;LAJEADO;Ingestão de álcool pelo condutor;Saída de leito carroçável;Sem Vítimas;Anoitecer;Crescente;Céu Claro;Dupla;"Reta;Em Obras;Desvio Temporário";Sim;1;0;0;0;1;0;0;1;-29,432827;-52,010053;SPRF-RS;DEL04-RS;UOP01-DEL04-RS
705845;19/07/2025;sábado;16:35:00;RS;116;207,5;PICADA CAFE;Velocidade Incompatível;Tombamento;Com Vítimas Feridas;Pleno dia;Crescente;Céu Claro;Simples;Curva;Não;4;0;0;2;2;0;2;2;-29,50445;-51,11777;SPRF-RS;DEL05-RS;UOP02-DEL05-RS
705846;19/07/2025;sábado;17:30:00;PI;316;10,4;TERESINA;Entrada inopinada do pedestre;Atropelamento de Pedestre;Com Vítimas Fatais;Anoitecer;Crescente;Céu Claro;Múltipla;Reta;Sim;2;1;0;0;1;0;0;2;-5,18641153;-42,762537;SPRF-PI;DEL01-PI;UOP02-DEL01-PI
705847;19/07/2025;sábado;15:30:00;MT;158;795;BARRA DO GARCAS;Acesso irregular;Queda de ocupante de veículo;Com Vítimas Feridas;Pleno dia;Crescente;Céu Claro;Simples;Reta;Não;1;0;0;1;0;0;1;1;-15,87350678;-52,31595039;SPRF-MT;DEL07-MT;UOP01-DEL07-MT
705848;19/07/2025;sábado;18:00:00;DF;70;5;BRASILIA;Condutor deixou de manter distância do veículo da frente;Colisão traseira;Sem Vítimas;Plena Noite;Decrescente;Céu Claro;Dupla;Reta;Sim;3;0;0;0;2;1;0;2;-15,78994569;-48,10907571;SPRF-DF;DEL03-DF;UOP02-DEL03-DF
705849;19/07/2025;sábado;17:40:00;RJ;116;185;NOVA IGUACU;Trafegar com motocicleta (ou similar) entre as faixas;Colisão lateral mesmo sentido;Com Vítimas Feridas;Plena Noite;Decrescente;Céu Claro;Dupla;Reta;Sim;3;0;2;0;1;0;2;2;-22,74088141;-43,45607758;SPRF-RJ;DEL06-RJ;UOP01-DEL06-RJ
705850;19/07/2025;sábado;17:30:00;DF;20;12,6;BRASILIA;Demais falhas mecânicas ou elétricas;Colisão traseira;Com Vítimas Feridas;Pleno dia;Crescente;Céu Claro;Dupla;"Em Obras;Retorno Regulamentado";Sim;3;0;1;0;2;0;1;3;-15,63722387;-47,74589092;SPRF-DF;DEL02-DF;UOP01-DEL02-DF
705851;19/07/2025;sábado;18:00:00;PR;277;80;CURITIBA;Demais falhas mecânicas ou elétricas;Incêndio;Sem Vítimas;Anoitecer;Crescente;Céu Claro;Dupla;Curva;Sim;1;0;0;0;1;0;0;1;-25,47460054;-49,20865886;SPRF-PR;DEL01-PR;UOP03-DEL01-PR
705852;19/07/2025;sábado;15:30:00;RN;110;46,6;MOSSORO;Desrespeitar a preferência no cruzamento;Colisão transversal;Com Vítimas Feridas;Pleno dia;Crescente;Céu Claro;Simples;Rotatória;Sim;2;0;2;0;0;0;2;2;-5,201778;-37,323603;SPRF-RN;DEL04-RN;UOP01-DEL04-RN
705854;19/07/2025;sábado;18:30:00;SC;101;214;PALHOCA;Manobra de mudança de faixa;Colisão lateral mesmo sentido;Com Vítimas Feridas;Plena Noite;Decrescente;Céu Claro;Múltipla;Reta;Não;2;0;1;0;1;0;1;2;-27,63652437;-48,66444318;SPRF-SC;DEL01-SC;UOP02-DEL01-SC
705855;19/07/2025;sábado;17:43:00;PE;104;80;AGRESTINA;Transitar na contramão;Colisão frontal;Com Vítimas Fatais;Plena Noite;Crescente;Chuva;Simples;Reta;Não;2;1;0;0;1;0;0;2;-8,401202;-35,973093;SPRF-PE;DEL02-PE;UOP01-DEL02-PE
705856;19/07/2025;sábado;14:20:00;PR;158;537,9;PATO BRANCO;Ingestão de álcool pelo condutor;Saída de leito carroçável;Com Vítimas Feridas;Pleno dia;Crescente;Céu Claro;Simples;Reta;Sim;1;0;1;0;0;0;1;1;-26,25338474;-52,70845802;SPRF-PR;DEL02-PR;UOP01-DEL02-PR
705857;19/07/2025;sábado;17:45:00;SC;470;143;RIO DO SUL;Ausência de reação do condutor;Colisão traseira;Com Vítimas Feridas;Pleno dia;Decrescente;Sol;Simples;Rotatória;Sim;3;0;1;0;1;1;1;2;-27,22119357;-49,66040802;SPRF-SC;DEL04-SC;UOP02-DEL04-SC
705858;19/07/2025;sábado;16:30:00;SC;101;272,8;IMBITUBA;Ingestão de álcool pelo condutor;Colisão com objeto;Com Vítimas Feridas;Pleno dia;Decrescente;Céu Claro;Simples;"Viaduto;Curva";Sim;2;0;0;2;0;0;2;1;-28,12983443;-48,69290829;SPRF-SC;DEL02-SC;UOP03-DEL02-SC
705859;19/07/2025;sábado;18:50:00;PB;230;20;JOAO PESSOA;Acumulo de água sobre o pavimento;Tombamento;Com Vítimas Feridas;Plena Noite;Decrescente;Chuva;Dupla;"Curva;Retorno Regulamentado";Sim;1;0;1;0;0;0;1;1;-7,1362066;-34,853872;SPRF-PB;DEL01-PB;UOP01-DEL01-PB
705860;19/07/2025;sábado;14:15:00;GO;153;137,5;MARA ROSA;Reação tardia ou ineficiente do condutor;Colisão lateral mesmo sentido;Com Vítimas Feridas;Pleno dia;Decrescente;Céu Claro;Simples;"Reta;Aclive";Não;3;0;2;1;0;0;3;1;-13,97795;-49,09034;SPRF-GO;DEL07-GO;UOP01-DEL07-GO
705861;19/07/2025;sábado;18:30:00;PR;277;708;SANTA TEREZINHA DE ITAIPU;Reação tardia ou ineficiente do condutor;Colisão traseira;Com Vítimas Fatais;Plena Noite;Crescente;Céu Claro;Dupla;Reta;Sim;3;1;0;0;0;2;0;3;-25,44523162;-54,40088511;SPRF-PR;DEL05-PR;UOP01-DEL05-PR
705865;19/07/2025;sábado;16:30:00;SC;280;240,1;CANOINHAS;Conversão proibida;Colisão transversal;Com Vítimas Feridas;Pleno dia;Decrescente;Céu Claro;Simples;"Reta;Declive";Não;2;0;1;0;1;0;1;2;-26,2231;-50,45907;SPRF-SC;DEL06-SC;UOP04-DEL06-SC
705866;19/07/2025;sábado;18:22:00;RN;101;52,3;CEARA-MIRIM;Avarias e/ou desgaste excessivo no pneu;Tombamento;Com Vítimas Feridas;Anoitecer;Decrescente;Nublado;Simples;Reta;Não;1;0;0;1;0;0;1;1;-5,549494;-35,310643;SPRF-RN;DEL02-RN;UOP01-DEL02-RN
705868;19/07/2025;sábado;17:40:00;MS;163;253,5;DOURADOS;Ausência de reação do condutor;Colisão com objeto;Com Vítimas Feridas;Anoitecer;Crescente;Céu Claro;Dupla;Curva;Não;1;0;1;0;0;0;1;1;-22,27656773;-54,82130762;SPRF-MS;DEL04-MS;UOP02-DEL04-MS
705869;19/07/2025;sábado;18:10:00;PE;407;126;PETROLINA;Ingestão de álcool pelo condutor;Colisão com objeto;Com Vítimas Feridas;Plena Noite;Crescente;Céu Claro;Dupla;"Ponte;Reta";Sim;1;0;1;0;0;0;1;1;-9,385251;-40,528062;SPRF-PE;DEL06-PE;UOP01-DEL06-PE
705870;19/07/2025;sábado;18:15:00;MG;116;257;TEOFILO OTONI;Transitar na contramão;Colisão frontal;Com Vítimas Feridas;Plena Noite;Decrescente;Céu Claro;Simples;"Curva;Declive;Em Obras";Não;4;0;2;0;2;0;2;2;-17,705585;-41,485627;SPRF-MG;DEL11-MG;UOP01-DEL11-MG
705873;19/07/2025;sábado;18:45:00;SC;101;208,8;SAO JOSE;Manobra de mudança de faixa;Colisão lateral mesmo sentido;Com Vítimas Feridas;Plena Noite;Decrescente;Céu Claro;Múltipla;Reta;Sim;2;0;0;1;1;0;1;2;-27,607044;-48,6355182;SPRF-SC;DEL01-SC;UOP01-DEL01-SC
705877;19/07/2025;sábado;13:53:00;PI;135;624;CRISTALANDIA DO PIAUI;Ultrapassagem Indevida;Colisão frontal;Com Vítimas Feridas;Pleno dia;Crescente;Céu Claro;Simples;"Reta;Aclive";Não;3;0;1;2;0;0;3;2;-10,7144862;-45,1830896;SPRF-PI;DEL03-PI;UOP02-DEL03-PI
705880;19/07/2025;sábado;19:30:00;PB;104;142;QUEIMADAS;Ingestão de álcool pelo condutor;Colisão frontal;Com Vítimas Feridas;Plena Noite;Crescente;Céu Claro;Simples;Reta;Não;3;0;2;1;0;0;3;2;-7,391428;-35,8972;SPRF-PB;DEL02-PB;UOP03-DEL02-PB
705881;19/07/2025;sábado;19:46:00;PE;424;91;GARANHUNS;Transitar na contramão;Colisão frontal;Com Vítimas Feridas;Plena Noite;Crescente;Céu Claro;Simples;Curva;Sim;3;0;1;0;1;1;1;2;-8,910322;-36,495583;SPRF-PE;DEL03-PE;UOP01-DEL03-PE
705882;19/07/2025;sábado;19:05:00;SC;282;535,3;CHAPECO;Transitar na contramão;Colisão frontal;Com Vítimas Feridas;Plena Noite;Decrescente;Nublado;Simples;Reta;Sim;2;0;0;1;1;0;1;2;-26,99920351;-52,64544368;SPRF-SC;DEL07-SC;UOP01-DEL07-SC
705883;22/06/2025;domingo;12:30:00;MG;354;764;ITAMONTE;Velocidade Incompatível;Saída de leito carroçável;Com Vítimas Feridas;Pleno dia;Decrescente;Céu Claro;Simples;"Declive;Curva";Não;1;0;1;0;0;0;1;1;-22,34293799;-44,81667548;SPRF-MG;DEL17-MG;UOP01-DEL17-MG
705884;19/07/2025;sábado;19:20:00;RS;392;680,1;SAO PEDRO DO BUTIA;Retorno proibido;Colisão transversal;Com Vítimas Fatais;Plena Noite;Crescente;Céu Claro;Simples;"Declive;Reta";Não;5;4;1;0;0;0;1;2;-28,1265292;-54,9182977;SPRF-RS;DEL10-RS;UOP01-DEL10-RS
705886;19/07/2025;sábado;19:19:00;SC;280;75,2;CORUPA;Acessar a via sem observar a presença dos outros veículos;Colisão transversal;Com Vítimas Feridas;Plena Noite;Decrescente;Nublado;Simples;Reta;Não;2;0;2;0;0;0;2;2;-26,457967;-49,181665;SPRF-SC;DEL03-SC;UOP03-DEL03-SC
705888;19/07/2025;sábado;18:15:00;RS;386;419;MONTENEGRO;Retorno proibido;Colisão transversal;Com Vítimas Feridas;Plena Noite;Decrescente;Céu Claro;Simples;Reta;Não;7;0;2;1;4;0;3;2;-29,81797111;-51,42949104;SPRF-RS;DEL04-RS;UOP02-DEL04-RS
705889;19/07/2025;sábado;20:30:00;MG;381;439,9;SANTA LUZIA;Ausência de reação do condutor;Queda de ocupante de veículo;Com Vítimas Feridas;Plena Noite;Decrescente;Céu Claro;Simples;"Aclive;Curva";Sim;1;0;1;0;0;0;1;1;-19,824032;-43,818964;SPRF-MG;DEL01-MG;UOP01-DEL01-MG
705891;19/07/2025;sábado;18:20:00;RS;116;72,4;CAMPESTRE DA SERRA;Reação tardia ou ineficiente do condutor;Saída de leito carroçável;Com Vítimas Feridas;Plena Noite;Crescente;Céu Claro;Simples;Reta;Não;2;0;1;0;1;0;1;1;-28,737284;-51,092685;SPRF-RS;DEL05-RS;UOP03-DEL05-RS
705892;19/07/2025;sábado;16:28:00;SC;470;21,8;ILHOTA;Ingestão de álcool pelo condutor;Tombamento;Sem Vítimas;Pleno dia;Crescente;Céu Claro;Simples;Reta;Não;1;0;0;0;1;0;0;1;-26,88046535;-48,83816466;SPRF-SC;DEL04-SC;UOP04-DEL04-SC
705893;19/07/2025;sábado;19:30:00;PR;272;370,8;CAMPO MOURAO;Acessar a via sem observar a presença dos outros veículos;Colisão transversal;Com Vítimas Feridas;Plena Noite;Decrescente;Céu Claro;Simples;Reta;Não;2;0;0;1;1;0;1;2;-24,0648711;-52,4327013;SPRF-PR;DEL09-PR;UOP03-DEL09-PR
705894;19/07/2025;sábado;20:00:00;PI;316;10,8;TERESINA;Ingestão de álcool pelo condutor;Saída de leito carroçável;Sem Vítimas;Plena Noite;Decrescente;Céu Claro;Simples;"Viaduto;Rotatória";Sim;4;0;0;0;4;0;0;3;-5,190623;-42,761218;SPRF-PI;DEL01-PI;UOP02-DEL01-PI
705895;19/07/2025;sábado;18:12:00;RS;470;146;NOVA PRATA;Ingestão de álcool pelo condutor;Colisão lateral sentido oposto;Sem Vítimas;Plena Noite;Decrescente;Céu Claro;Simples;"Aclive;Reta";Não;2;0;0;0;1;1;0;2;-28,70430373;-51,60999147;SPRF-RS;DEL06-RS;UOP02-DEL06-RS
705897;19/07/2025;sábado;19:10:00;CE;116;378;ICO;Ingestão de álcool pelo condutor;Queda de ocupante de veículo;Com Vítimas Feridas;Plena Noite;Decrescente;Céu Claro;Simples;"Viaduto;Curva";Sim;1;0;1;0;0;0;1;1;-6,4178036;-38,86076907;SPRF-CE;DEL05-CE;UOP01-DEL05-CE
705898;19/07/2025;sábado;19:20:00;RN;427;109;CAICO;Ausência de reação do condutor;Colisão com objeto;Com Vítimas Feridas;Plena Noite;Crescente;Céu Claro;Simples;Rotatória;Sim;1;0;0;1;0;0;1;1;-6,45257271;-37,12601213;SPRF-RN;DEL03-RN;UOP01-DEL03-RN
705899;19/07/2025;sábado;19:00:00;RS;116;150,6;CAXIAS DO SUL;Reação tardia ou ineficiente do condutor;Atropelamento de Pedestre;Com Vítimas Fatais;Plena Noite;Decrescente;Céu Claro;Dupla;"Aclive;Viaduto;Reta";Sim;2;1;0;1;0;0;1;2;-29,17477;-51,16101;SPRF-RS;DEL05-RS;UOP01-DEL05-RS
705902;19/07/2025;sábado;15:30:00;RJ;40;123;DUQUE DE CAXIAS;Reação tardia ou ineficiente do condutor;Tombamento;Com Vítimas Feridas;Pleno dia;Crescente;Céu Claro;Múltipla;Reta;Sim;1;0;1;0;0;0;1;1;-22,79637828;-43,28891735;SPRF-RJ;DEL01-RJ;UOP02-DEL01-RJ
705903;19/07/2025;sábado;19:20:00;GO;414;357;COCALZINHO DE GOIAS;Reação tardia ou ineficiente do condutor;Tombamento;Com Vítimas Feridas;Plena Noite;Crescente;Céu Claro;Simples;Reta;Não;1;0;0;1;0;0;1;1;-15,72242959;-48,69986929;SPRF-GO;DEL02-GO;UOP01-DEL02-GO
705905;19/07/2025;sábado;21:00:00;PE;232;408;SERRA TALHADA;Ingestão de álcool pelo condutor;Colisão lateral mesmo sentido;Com Vítimas Feridas;Plena Noite;Decrescente;Ignorado;Simples;"Declive;Reta";Sim;2;0;1;0;1;0;1;2;-7,98359;-38,282545;SPRF-PE;DEL04-PE;UOP01-DEL04-PE
705906;19/07/2025;sábado;19:20:00;RJ;40;105;DUQUE DE CAXIAS;Reação tardia ou ineficiente do condutor;Colisão traseira;Com Vítimas Feridas;Plena Noite;Decrescente;Céu Claro;Simples;Reta;Sim;3;0;2;0;1;0;2;2;-22,645678;-43,283403;SPRF-RJ;DEL01-RJ;UOP02-DEL01-RJ
705907;19/07/2025;sábado;17:50:00;RJ;40;105;DUQUE DE CAXIAS;Reação tardia ou ineficiente do condutor;Colisão frontal;Com Vítimas Feridas;Anoitecer;Crescente;Céu Claro;Dupla;"Curva;Viaduto;Interseção de Vias";Não;4;0;2;0;2;0;2;2;-22,638992;-43,28431;SPRF-RJ;DEL01-RJ;UOP02-DEL01-RJ
705910;19/07/2025;sábado;21:50:00;SP;116;202;ARUJA;Ausência de reação do condutor;Colisão traseira;Com Vítimas Feridas;Plena Noite;Decrescente;Céu Claro;Dupla;"Aclive;Reta";Não;6;0;0;1;5;0;1;2;-23,40882239;-46,33994269;SPRF-SP;DEL01-SP;UOP01-DEL01-SP
705911;19/07/2025;sábado;19:55:00;MS;163;420;CAMPO GRANDE;Velocidade Incompatível;Tombamento;Com Vítimas Feridas;Plena Noite;Crescente;Céu Claro;Simples;Retorno Regulamentado;Sim;2;0;2;0;0;0;2;1;-20,988;-54,506;SPRF-MS;DEL01-MS;UOP01-DEL01-MS
705912;19/07/2025;sábado;17:30:00;MA;222;625;ACAILANDIA;Condutor deixou de manter distância do veículo da frente;Colisão traseira;Sem Vítimas;Pleno dia;Crescente;Sol;Simples;"Aclive;Reta";Não;4;0;0;0;4;0;0;2;-4,931584;-47,4382336;SPRF-MA;DEL04-MA;UOP03-DEL04-MA
705914;19/07/2025;sábado;22:28:00;RS;386;347;LAJEADO;Entrada inopinada do pedestre;Atropelamento de Pedestre;Com Vítimas Fatais;Plena Noite;Decrescente;Céu Claro;Dupla;"Reta;Viaduto";Sim;6;1;0;1;4;0;1;2;-29,45185546;-51,96584702;SPRF-RS;DEL04-RS;UOP01-DEL04-RS
705915;19/07/2025;sábado;20:40:00;MG;365;639,9;UBERLANDIA;Ausência de reação do condutor;Colisão lateral mesmo sentido;Sem Vítimas;Plena Noite;Crescente;Céu Claro;Dupla;Reta;Não;2;0;0;0;1;1;0;2;-18,88599444;-48,46159156;SPRF-MG;DEL15-MG;UOP01-DEL15-MG
705916;19/07/2025;sábado;22:20:00;MG;459;96;POUSO ALEGRE;Ingestão de álcool pelo condutor;Colisão com objeto;Com Vítimas Feridas;Plena Noite;Crescente;Céu Claro;Simples;"Declive;Curva";Não;1;0;1;0;0;0;1;1;-22,18590939;-45,98427985;SPRF-MG;DEL09-MG;UOP01-DEL09-MG
705917;19/07/2025;sábado;21:40:00;ES;101;257,8;SERRA;Ingestão de substâncias psicoativas pelo condutor;Colisão lateral mesmo sentido;Com Vítimas Feridas;Plena Noite;Decrescente;Céu Claro;Dupla;"Aclive;Reta";Sim;3;0;1;0;1;1;1;2;-20,1342461;-40,2976538;SPRF-ES;DEL02-ES;UOP01-DEL02-ES
705918;19/07/2025;sábado;20:20:00;RJ;116;131;MAGE;Trafegar com motocicleta (ou similar) entre as faixas;Colisão lateral mesmo sentido;Com Vítimas Feridas;Plena Noite;Decrescente;Céu Claro;Dupla;Curva;Sim;2;0;1;0;0;1;1;2;-22,6575715;-43,13136935;SPRF-RJ;DEL04-RJ;UOP02-DEL04-RJ
705921;19/07/2025;sábado;22:00:00;PR;376;248;APUCARANA;Ingestão de álcool pelo condutor;Saída de leito carroçável;Com Vítimas Feridas;Plena Noite;Decrescente;Céu Claro;Dupla;"Reta;Declive";Não;2;0;0;1;1;0;1;1;-23,615818;-51,396382;SPRF-PR;DEL07-PR;UOP03-DEL07-PR
705922;19/07/2025;sábado;21:20:00;PR;376;227;CAMBIRA;Acessar a via sem observar a presença dos outros veículos;Colisão transversal;Com Vítimas Feridas;Plena Noite;Crescente;Céu Claro;Dupla;Retorno Regulamentado;Não;2;0;1;0;1;0;1;2;-23,60001758;-51,58978648;SPRF-PR;DEL07-PR;UOP03-DEL07-PR