id;data_inversa;dia_semana;horario;uf;br;km;municipio;causa_acidente;tipo_acidente;classificacao_acidente;fase_dia;sentido_via;condicao_metereologica;tipo_pista;tracado_via;uso_solo;pessoas;mortos;feridos_leves;feridos_graves;ilesos;ignorados;feridos;veiculos;latitude;longitude;regional;delegacia;uop
705923;19/07/2025;sábado;21:00:00;BA;101;218;CRUZ DAS ALMAS;Acessar a via sem observar a presença dos outros veículos;Colisão transversal;Com Vítimas Fatais;Plena Noite;Decrescente;Céu Claro;Simples;"Reta;Aclive";Não;3;1;0;1;0;1;1;2;-12,6477957;-39,1131009;SPRF-BA;DEL01-BA;UOP02-DEL01-BA
705924;19/07/2025;sábado;21:56:00;RO;319;143;PORTO VELHO;Reação tardia ou ineficiente do condutor;Colisão lateral mesmo sentido;Com Vítimas Feridas;Pleno dia;Decrescente;Céu Claro;Dupla;Reta;Sim;2;0;1;1;0;0;2;2;-8,76401412;-63,88469188;SPRF-RO;DEL01-RO;UOP01-DEL01-RO
705925;19/07/2025;sábado;23:15:00;BA;116;317;ARACI;Ausência de reação do condutor;Saída de leito carroçável;Com Vítimas Fatais;Plena Noite;Decrescente;Céu Claro;Simples;Reta;Não;1;1;0;0;0;0;0;1;-11,305177;-38,939752;SPRF-BA;DEL02-BA;UOP01-DEL02-BA
705929;20/07/2025;domingo;00:00:00;SP;153;86;MIRASSOL;Avarias e/ou desgaste excessivo no pneu;Colisão com objeto;Sem Vítimas;Plena Noite;Decrescente;Céu Claro;Dupla;Reta;Não;1;0;0;0;1;0;0;1;-20,943497;-49,52956978;SPRF-SP;DEL09-SP;UOP01-DEL09-SP
705930;19/07/2025;sábado;21:30:00;PR;158;524,2;PATO BRANCO;Ultrapassagem Indevida;Saída de leito carroçável;Com Vítimas Fatais;Plena Noite;Crescente;Céu Claro;Simples;Reta;Não;2;1;0;1;0;0;1;1;-26,14906;-52,662199;SPRF-PR;DEL02-PR;UOP01-DEL02-PR
705931;19/07/2025;sábado;19:30:00;MT;364;265;JACIARA;Reação tardia ou ineficiente do condutor;Colisão lateral mesmo sentido;Com Vítimas Fatais;Plena Noite;Decrescente;Céu Claro;Dupla;"Curva;Declive";Não;2;1;1;0;0;0;1;2;-15,991403;-54,924135;SPRF-MT;DEL02-MT;UOP01-DEL02-MT
705932;19/07/2025;sábado;20:55:00;MG;50;170;UBERABA;Demais falhas mecânicas ou elétricas;Tombamento;Com Vítimas Feridas;Plena Noite;Decrescente;Céu Claro;Dupla;"Declive;Reta";Sim;2;0;1;1;0;0;2;1;-19,736622;-47,982954;SPRF-MG;DEL13-MG;UOP01-DEL13-MG
705933;19/07/2025;sábado;23:45:00;MG;365;620,9;UBERLANDIA;Entrada inopinada do pedestre;Atropelamento de Pedestre;Com Vítimas Fatais;Plena Noite;Crescente;Céu Claro;Dupla;Curva;Sim;4;1;0;0;2;1;0;2;-18,89169934;-48,27126939;SPRF-MG;DEL15-MG;UOP01-DEL15-MG
705934;19/07/2025;sábado;22:00:00;MG;365;849;SANTA VITORIA;Ausência de reação do condutor;Colisão com objeto;Com Vítimas Feridas;Plena Noite;Decrescente;Nublado;Simples;"Ponte;Reta";Não;2;0;2;0;0;0;2;1;-19,04863551;-50,48327744;SPRF-MG;DEL15-MG;UOP03-DEL15-MG
705935;19/07/2025;sábado;23:10:00;MG;116;284,2;TEOFILO OTONI;Ausência de reação do condutor;Saída de leito carroçável;Com Vítimas Feridas;Plena Noite;Decrescente;Céu Claro;Simples;"Reta;Aclive";Não;1;0;0;1;0;0;1;1;-17,920523;-41,527108;SPRF-MG;DEL11-MG;UOP01-DEL11-MG
705936;20/07/2025;domingo;00:30:00;MG;381;495;BETIM;Ausência de reação do condutor;Saída de leito carroçável;Com Vítimas Feridas;Plena Noite;Decrescente;Céu Claro;Simples;Viaduto;Não;2;0;1;0;1;0;1;1;-19,99614329;-44,20876007;SPRF-MG;DEL01-MG;UOP03-DEL01-MG
705937;19/07/2025;sábado;23:40:00;PR;153;105;IBAITI;Reação tardia ou ineficiente do condutor;Colisão transversal;Com Vítimas Feridas;Plena Noite;Decrescente;Céu Claro;Simples;Reta;Não;3;0;1;1;1;0;2;2;-23,82107058;-50,18467717;SPRF-PR;DEL07-PR;UOP04-DEL07-PR
705938;19/07/2025;sábado;21:00:00;CE;20;393;CAUCAIA;Ingestão de álcool pelo condutor;Colisão traseira;Com Vítimas Feridas;Plena Noite;Crescente;Céu Claro;Simples;Reta;Não;2;0;0;1;0;1;1;2;-3,83285589;-38,75897303;SPRF-CE;DEL01-CE;UOP01-DEL01-CE
705939;20/07/2025;domingo;01:00:00;CE;116;24;AQUIRAZ;Ausência de reação do condutor;Colisão com objeto;Com Vítimas Feridas;Plena Noite;Decrescente;Nublado;Dupla;Reta;Sim;3;0;2;1;0;0;3;2;-3,9506173;-38,5130131;SPRF-CE;DEL01-CE;UOP02-DEL01-CE
705940;20/07/2025;domingo;01:20:00;GO;50;137;IPAMERI;Ingestão de álcool pelo condutor;Colisão traseira;Sem Vítimas;Plena Noite;Decrescente;Céu Claro;Dupla;Reta;Não;7;0;0;0;7;0;0;2;-17,16385525;-47,72338951;SPRF-GO;DEL06-GO;UOP01-DEL06-GO
705941;19/07/2025;sábado;22:05:00;RS;290;80;GRAVATAI;Ausência de reação do condutor;Saída de leito carroçável;Com Vítimas Feridas;Plena Noite;Crescente;Nevoeiro/Neblina;Múltipla;Curva;Não;3;0;2;0;0;1;2;2;-29,95307032;-51,05626551;SPRF-RS;DEL01-RS;UOP01-DEL01-RS
705943;20/07/2025;domingo;02:28:00;SE;101;92;NOSSA SENHORA DO SOCORRO;Animais na Pista;Atropelamento de Animal;Sem Vítimas;Plena Noite;Decrescente;Céu Claro;Dupla;Reta;Sim;1;0;0;0;1;0;0;1;-10,90221413;-37,14506507;SPRF-SE;DEL01-SE;UOP01-DEL01-SE
705944;19/07/2025;sábado;23:15:00;SC;101;358,7;SANGAO;Ausência de reação do condutor;Atropelamento de Pedestre;Com Vítimas Feridas;Plena Noite;Crescente;Nevoeiro/Neblina;Múltipla;Reta;Não;3;0;0;2;1;0;2;2;-28,65564595;-49,10872579;SPRF-SC;DEL02-SC;UOP01-DEL02-SC
705946;20/07/2025;domingo;02:49:00;PE;232;102;BEZERROS;Acessar a via sem observar a presença dos outros veículos;Atropelamento de Pedestre;Com Vítimas Fatais;Plena Noite;Crescente;Céu Claro;Dupla;Reta;Sim;2;1;0;0;1;0;0;2;-8,23806366;-35,74179108;SPRF-PE;DEL02-PE;UOP03-DEL02-PE
705948;20/07/2025;domingo;02:30:00;CE;116;13;FORTALEZA;Ausência de reação do condutor;Colisão com objeto;Com Vítimas Feridas;Plena Noite;Crescente;Nublado;Dupla;Reta;Não;1;0;1;0;0;0;1;1;-3,86550703;-38,49786401;SPRF-CE;DEL01-CE;UOP02-DEL01-CE
705950;20/07/2025;domingo;03:15:00;BA;116;16,4;VITORIA DA CONQUISTA;Ingestão de álcool pelo condutor;Queda de ocupante de veículo;Com Vítimas Feridas;Plena Noite;Decrescente;Nublado;Simples;Reta;Não;1;0;1;0;0;0;1;1;-14,90242551;-40,84738255;SPRF-BA;DEL08-BA;UOP01-DEL08-BA
705951;20/07/2025;domingo;03:20:00;BA;242;728;CRISTOPOLIS;Objeto estático sobre o leito carroçável;Saída de leito carroçável;Com Vítimas Feridas;Plena Noite;Crescente;Céu Claro;Simples;Reta;Não;1;0;1;0;0;0;1;1;-12,222566;-44,23899;SPRF-BA;DEL10-BA;UOP01-DEL10-BA
705952;20/07/2025;domingo;02:00:00;PR;369;21;CAMBARA;Ingestão de álcool pelo condutor;Colisão com objeto;Sem Vítimas;Plena Noite;Decrescente;Céu Claro;Simples;Reta;Não;2;0;0;0;1;1;0;2;-23,0402889;-50,0953969;SPRF-PR;DEL07-PR;UOP05-DEL07-PR
705953;20/07/2025;domingo;03:15:00;SP;153;291;MARILIA;Ingestão de álcool pelo condutor;Capotamento;Sem Vítimas;Plena Noite;Decrescente;Céu Claro;Simples;Reta;Não;1;0;0;0;0;1;0;1;-22,31464862;-49,89820421;SPRF-SP;DEL07-SP;UOP02-DEL07-SP
705954;20/07/2025;domingo;04:00:00;MG;381;423;CAETE;Ausência de reação do condutor;Saída de leito carroçável;Com Vítimas Feridas;Plena Noite;Crescente;Céu Claro;Dupla;Curva;Não;1;0;0;1;0;0;1;1;-19,78265549;-43,6610198;SPRF-MG;DEL01-MG;UOP01-DEL01-MG
705955;20/07/2025;domingo;02:00:00;PR;163;23;SANTO ANTONIO DO SUDOESTE;Objeto estático sobre o leito carroçável;Colisão traseira;Com Vítimas Feridas;Plena Noite;Crescente;Nublado;Simples;"Aclive;Reta";Não;4;0;1;0;2;1;1;2;-26,147338;-53,685058;SPRF-PR;DEL02-PR;UOP02-DEL02-PR
705956;20/07/2025;domingo;04:20:00;RS;116;243;SAO LEOPOLDO;Ingestão de álcool pelo condutor;Colisão com objeto;Sem Vítimas;Plena Noite;Crescente;Céu Claro;Simples;Curva;Sim;1;0;0;0;1;0;0;1;-29,73045574;-51,14963599;SPRF-RS;DEL01-RS;UOP02-DEL01-RS
705957;20/07/2025;domingo;05:00:00;SP;116;193;SANTA ISABEL;Reação tardia ou ineficiente do condutor;Colisão com objeto;Com Vítimas Fatais;Plena Noite;Decrescente;Ignorado;Dupla;Curva;Não;2;1;0;0;1;0;0;2;-23,38171592;-46,25998211;SPRF-SP;DEL01-SP;UOP01-DEL01-SP
705958;20/07/2025;domingo;04:30:00;SC;101;296,8;LAGUNA;Ingestão de álcool pelo condutor;Colisão com objeto;Com Vítimas Feridas;Plena Noite;Crescente;Céu Claro;Múltipla;Reta;Sim;1;0;0;1;0;0;1;1;-28,33408454;-48,73284101;SPRF-SC;DEL02-SC;UOP03-DEL02-SC
705960;20/07/2025;domingo;04:55:00;RS;116;144,5;CAXIAS DO SUL;Ingestão de álcool pelo condutor;Colisão com objeto;Com Vítimas Feridas;Plena Noite;Crescente;Céu Claro;Dupla;"Reta;Aclive;Viaduto";Sim;1;0;1;0;0;0;1;1;-29,13207;-51,129048;SPRF-RS;DEL05-RS;UOP01-DEL05-RS
705961;20/07/2025;domingo;04:30:00;ES;101;296,1;CARIACICA;Velocidade Incompatível;Saída de leito carroçável;Com Vítimas Feridas;Plena Noite;Decrescente;Nublado;Múltipla;Curva;Sim;1;0;1;0;0;0;1;1;-20,34087468;-40,4041636;SPRF-ES;DEL01-ES;UOP01-DEL01-ES
705962;20/07/2025;domingo;03:45:00;SC;116;247;LAGES;Ausência de reação do condutor;Capotamento;Sem Vítimas;Plena Noite;Crescente;Nublado;Simples;Rotatória;Sim;1;0;0;0;0;1;0;1;-27,81166175;-50,36839843;SPRF-SC;DEL05-SC;UOP02-DEL05-SC
705964;20/07/2025;domingo;05:00:00;PR;376;140,3;NOVA ESPERANCA;Condutor Dormindo;Queda de ocupante de veículo;Com Vítimas Feridas;Amanhecer;Decrescente;Céu Claro;Dupla;Reta;Não;1;0;1;0;0;0;1;1;-23,23472123;-52,17381477;SPRF-PR;DEL09-PR;UOP02-DEL09-PR
705965;20/07/2025;domingo;05:20:00;RS;116;39,7;VACARIA;Reação tardia ou ineficiente do condutor;Saída de leito carroçável;Sem Vítimas;Plena Noite;Crescente;Céu Claro;Simples;"Desvio Temporário;Em Obras;Reta";Sim;1;0;0;0;1;0;0;1;-28,516441;-50,937298;SPRF-RS;DEL05-RS;UOP03-DEL05-RS
705966;20/07/2025;domingo;05:15:00;DF;20;12;BRASILIA;Ausência de reação do condutor;Capotamento;Sem Vítimas;Plena Noite;Decrescente;Céu Claro;Dupla;"Em Obras;Reta";Não;1;0;0;0;0;1;0;1;-15,62415381;-47,7229777;SPRF-DF;DEL02-DF;UOP01-DEL02-DF
705967;20/07/2025;domingo;04:50:00;MT;70;12;BARRA DO GARCAS;Frear bruscamente;Engavetamento;Com Vítimas Feridas;Amanhecer;Decrescente;Céu Claro;Simples;"Declive;Reta";Não;5;0;1;0;3;1;1;5;-15,888111;-52,278416;SPRF-MT;DEL07-MT;UOP01-DEL07-MT
705969;19/07/2025;sábado;18:20:00;SC;101;435,5;SOMBRIO;Manobra de mudança de faixa;Colisão lateral mesmo sentido;Com Vítimas Feridas;Plena Noite;Crescente;Céu Claro;Dupla;Reta;Sim;2;0;1;0;1;0;1;2;-29,10694818;-49,63721601;SPRF-SC;DEL02-SC;UOP02-DEL02-SC
705971;20/07/2025;domingo;05:10:00;RJ;356;149;CAMPOS DOS GOYTACAZES;Participar de racha;Colisão frontal;Com Vítimas Fatais;Plena Noite;Crescente;Céu Claro;Simples;Reta;Sim;3;2;0;0;1;0;0;2;-21,77465928;-41,28459183;SPRF-RJ;DEL08-RJ;UOP02-DEL08-RJ
705972;20/07/2025;domingo;06:00:00;RS;290;112;ELDORADO DO SUL;Condutor Dormindo;Saída de leito carroçável;Sem Vítimas;Plena Noite;Decrescente;Nevoeiro/Neblina;Simples;"Curva;Aclive;Viaduto";Não;1;0;0;0;1;0;0;1;-30,04272417;-51,32898867;SPRF-RS;DEL02-RS;UOP01-DEL02-RS
705973;20/07/2025;domingo;02:45:00;SC;101;89;BARRA VELHA;Velocidade Incompatível;Capotamento;Com Vítimas Feridas;Plena Noite;Crescente;Céu Claro;Dupla;"Reta;Interseção de Vias";Sim;2;0;0;2;0;0;2;1;-26,66919457;-48,68985828;SPRF-SC;DEL03-SC;UOP02-DEL03-SC
705974;19/07/2025;sábado;19:30:00;SC;101;52;JOINVILLE;Pedestre andava na pista;Atropelamento de Pedestre;Com Vítimas Feridas;Plena Noite;Decrescente;Céu Claro;Dupla;Reta;Não;2;0;1;0;1;0;1;2;-26,40502061;-48,83852927;SPRF-SC;DEL03-SC;UOP01-DEL03-SC
705975;20/07/2025;domingo;00:30:00;RS;153;24;TRES ARROIOS;Acostamento em desnível;Queda de ocupante de veículo;Com Vítimas Feridas;Plena Noite;Crescente;Céu Claro;Simples;Reta;Não;2;0;0;1;1;0;1;1;-27,48013747;-52,10952763;SPRF-RS;DEL08-RS;UOP04-DEL08-RS
705976;19/07/2025;sábado;21:00:00;SC;282;435;VARGEM BONITA;Ausência de reação do condutor;Capotamento;Com Vítimas Feridas;Plena Noite;Decrescente;Nublado;Simples;Aclive;Não;1;0;1;0;0;0;1;1;-26,97014431;-51,85354519;SPRF-SC;DEL07-SC;UOP04-DEL07-SC
705978;20/07/2025;domingo;07:30:00;BA;349;1066;CORRENTINA;Velocidade Incompatível;Saída de leito carroçável;Com Vítimas Feridas;Pleno dia;Crescente;Céu Claro;Simples;Reta;Não;2;0;0;2;0;0;2;1;-13,6597;-45,7593;SPRF-BA;DEL10-BA;UOP02-DEL10-BA
705982;20/07/2025;domingo;05:15:00;RS;287;302,2;SAO PEDRO DO SUL;Ingestão de álcool pelo condutor;Colisão frontal;Com Vítimas Fatais;Amanhecer;Crescente;Nevoeiro/Neblina;Simples;Reta;Não;5;1;0;3;1;0;3;2;-29,646664;-54,397945;SPRF-RS;DEL09-RS;UOP01-DEL09-RS
705983;20/07/2025;domingo;01:40:00;RJ;116;113,5;MAGE;Velocidade Incompatível;Queda de ocupante de veículo;Com Vítimas Feridas;Plena Noite;Decrescente;Céu Claro;Dupla;Reta;Não;2;0;0;2;0;0;2;1;-22,6593983;-43,0910128;SPRF-RJ;DEL04-RJ;UOP02-DEL04-RJ
705984;20/07/2025;domingo;02:00:00;MG;365;759;ITUIUTABA;Reação tardia ou ineficiente do condutor;Colisão com objeto;Sem Vítimas;Plena Noite;Decrescente;Céu Claro;Simples;"Declive;Reta";Não;1;0;0;0;1;0;0;1;-18,96531214;-49,51397449;SPRF-MG;DEL15-MG;UOP03-DEL15-MG
705985;20/07/2025;domingo;03:30:00;MT;163;1046;MATUPA;Reação tardia ou ineficiente do condutor;Capotamento;Com Vítimas Feridas;Amanhecer;Crescente;Céu Claro;Simples;"Aclive;Curva";Não;1;0;1;0;0;0;1;1;-10,08709328;-54,91498947;SPRF-MT;DEL06-MT;UOP03-DEL06-MT
705986;20/07/2025;domingo;07:20:00;RS;290;104,1;ELDORADO DO SUL;Velocidade Incompatível;Colisão traseira;Com Vítimas Feridas;Pleno dia;Decrescente;Nevoeiro/Neblina;Dupla;Reta;Não;7;0;3;0;4;0;3;2;-29,99419783;-51,27902448;SPRF-RS;DEL02-RS;UOP01-DEL02-RS
705990;20/07/2025;domingo;08:00:00;SC;282;201,8;LAGES;Ausência de reação do condutor;Saída de leito carroçável;Sem Vítimas;Pleno dia;Decrescente;Nevoeiro/Neblina;Simples;"Declive;Reta";Não;1;0;0;0;1;0;0;1;-27,76049441;-50,14323235;SPRF-SC;DEL05-SC;UOP01-DEL05-SC
705993;20/07/2025;domingo;08:00:00;PR;476;197,1;LAPA;Ultrapassagem Indevida;Colisão lateral sentido oposto;Com Vítimas Feridas;Pleno dia;Decrescente;Céu Claro;Simples;"Declive;Reta";Sim;4;0;1;0;3;0;1;2;-25,76026616;-49,73344294;SPRF-PR;DEL01-PR;UOP06-DEL01-PR
705994;20/07/2025;domingo;09:05:00;MG;381;885;ESTIVA;Acessar a via sem observar a presença dos outros veículos;Colisão transversal;Sem Vítimas;Pleno dia;Decrescente;Céu Claro;Dupla;Retorno Regulamentado;Não;6;0;0;0;6;0;0;2;-22,496467;-46,013558;SPRF-MG;DEL16-MG;UOP01-DEL16-MG
705995;20/07/2025;domingo;09:10:00;GO;60;91;ANAPOLIS;Velocidade Incompatível;Colisão traseira;Com Vítimas Feridas;Pleno dia;Crescente;Céu Claro;Dupla;"Declive;Reta";Sim;5;0;0;1;4;0;1;2;-16,34790161;-48,90832756;SPRF-GO;DEL02-GO;UOP01-DEL02-GO
705997;20/07/2025;domingo;05:10:00;SC;101;365,5;SANGAO;Frear bruscamente;Saída de leito carroçável;Com Vítimas Fatais;Plena Noite;Decrescente;Nevoeiro/Neblina;Dupla;"Reta;Interseção de Vias";Não;3;2;1;0;0;0;1;1;-28,690621;-49,162653;SPRF-SC;DEL02-SC;UOP01-DEL02-SC
705998;20/07/2025;domingo;09:59:00;BA;367;51,8;PORTO SEGURO;Pista Escorregadia;Colisão frontal;Com Vítimas Feridas;Pleno dia;Crescente;Garoa/Chuvisco;Simples;Curva;Não;4;0;0;3;1;0;3;3;-16,373111;-39,307178;SPRF-BA;DEL09-BA;UOP03-DEL09-BA
705999;20/07/2025;domingo;09:35:00;ES;101;264,5;SERRA;Ausência de reação do condutor;Colisão lateral mesmo sentido;Com Vítimas Feridas;Pleno dia;Crescente;Céu Claro;Dupla;Reta;Sim;3;0;1;1;0;1;2;2;-20,17651907;-40,26599618;SPRF-ES;DEL02-ES;UOP01-DEL02-ES
706000;20/07/2025;domingo;06:45:00;SC;101;355;SANGAO;Ingestão de álcool pelo condutor;Saída de leito carroçável;Sem Vítimas;Amanhecer;Decrescente;Nevoeiro/Neblina;Dupla;"Curva;Aclive";Não;1;0;0;0;1;0;0;1;-28,63438958;-49,09385411;SPRF-SC;DEL02-SC;UOP01-DEL02-SC
706002;01/05/2025;quinta-feira;03:10:00;MA;316;619,1;TIMON;Transitar na contramão;Colisão frontal;Com Vítimas Fatais;Plena Noite;Crescente;Céu Claro;Simples;Reta;Sim;2;1;0;0;0;1;0;2;-5,110041;-42,827306;SPRF-MA;DEL03-MA;UOP02-DEL03-MA
706003;20/07/2025;domingo;11:15:00;SC;101;119,5;ITAJAI;Condutor deixou de manter distância do veículo da frente;Colisão traseira;Com Vítimas Feridas;Pleno dia;Crescente;Céu Claro;Dupla;Reta;Sim;3;0;2;0;1;0;2;2;-26,90380201;-48,71612549;SPRF-SC;DEL04-SC;UOP04-DEL04-SC
706004;20/07/2025;domingo;07:05:00;SC;163;71,5;SAO MIGUEL DO OESTE;Ingestão de álcool pelo condutor;Colisão com objeto;Com Vítimas Feridas;Pleno dia;Decrescente;Céu Claro;Dupla;Reta;Sim;1;0;1;0;0;0;1;1;-26,72408943;-53,51381421;SPRF-SC;DEL07-SC;UOP03-DEL07-SC
706005;20/07/2025;domingo;11:15:00;RS;116;270;PORTO ALEGRE;Velocidade Incompatível;Tombamento;Com Vítimas Feridas;Pleno dia;Crescente;Céu Claro;Simples;Curva;Sim;2;0;2;0;0;0;2;1;-29,9694719;-51,17683768;SPRF-RS;DEL01-RS;UOP01-DEL01-RS
706007;20/07/2025;domingo;10:25:00;PR;376;75,7;GUAIRACA;Acessar a via sem observar a presença dos outros veículos;Colisão transversal;Com Vítimas Feridas;Pleno dia;Decrescente;Céu Claro;Simples;Interseção de Vias;Não;6;0;2;1;3;0;3;2;-22,95412553;-52,7013731;SPRF-PR;DEL09-PR;UOP02-DEL09-PR
706008;20/07/2025;domingo;11:10:00;RS;392;115;CANGUCU;Condutor deixou de manter distância do veículo da frente;Colisão traseira;Com Vítimas Feridas;Pleno dia;Decrescente;Céu Claro;Simples;Reta;Não;2;0;1;0;1;0;1;2;-31,421765;-52,662307;SPRF-RS;DEL07-RS;UOP01-DEL07-RS
706009;20/07/2025;domingo;11:00:00;SP;381;66,7;MAIRIPORA;Demais falhas mecânicas ou elétricas;Colisão lateral mesmo sentido;Com Vítimas Feridas;Pleno dia;Decrescente;Céu Claro;Dupla;Reta;Sim;2;0;0;1;1;0;1;2;-23,33152257;-46,57678334;SPRF-SP;DEL03-SP;UOP01-DEL03-SP
706010;20/07/2025;domingo;09:40:00;RJ;40;69,8;PETROPOLIS;Velocidade Incompatível;Colisão traseira;Com Vítimas Feridas;Pleno dia;Decrescente;Céu Claro;Dupla;Reta;Não;3;0;1;0;2;0;1;2;-22,44954127;-43,20032928;SPRF-RJ;DEL05-RJ;UOP02-DEL05-RJ
706011;20/07/2025;domingo;10:30:00;RR;432;122;CANTA;Ingestão de álcool pelo condutor;Tombamento;Com Vítimas Feridas;Pleno dia;Crescente;Nublado;Simples;Reta;Não;1;0;0;1;0;0;1;1;2,123137;-60,634052;SPRF-RR;DEL01-RR;UOP01-DEL01-RR
706012;20/07/2025;domingo;11:50:00;MG;116;415,4;GOVERNADOR VALADARES;Ingestão de álcool pelo condutor;Colisão traseira;Sem Vítimas;Pleno dia;Crescente;Sol;Simples;Reta;Sim;3;0;0;0;3;0;0;3;-18,892194;-41,947064;SPRF-MG;DEL06-MG;UOP01-DEL06-MG
706013;20/07/2025;domingo;11:20:00;PI;316;347;FRANCISCO SANTOS;Condutor Dormindo;Saída de leito carroçável;Com Vítimas Feridas;Pleno dia;Decrescente;Céu Claro;Simples;Reta;Sim;3;0;3;0;0;0;3;1;-7,120823;-41,143898;SPRF-PI;DEL04-PI;UOP03-DEL04-PI
706014;20/07/2025;domingo;12:00:00;MG;381;438;SANTA LUZIA;Conversão proibida;Colisão transversal;Com Vítimas Feridas;Pleno dia;Crescente;Céu Claro;Simples;Curva;Não;3;0;0;1;2;0;1;2;-19,82225533;-43,8178809;SPRF-MG;DEL01-MG;UOP01-DEL01-MG
706015;20/07/2025;domingo;11:35:00;RS;386;115;SARANDI;Ausência de reação do condutor;Saída de leito carroçável;Com Vítimas Feridas;Pleno dia;Crescente;Céu Claro;Simples;"Curva;Aclive";Não;1;0;0;1;0;0;1;1;-27,796625;-53,051252;SPRF-RS;DEL08-RS;UOP01-DEL08-RS
706017;30/06/2025;segunda-feira;14:20:00;GO;153;519;HIDROLANDIA;Animais na Pista;Atropelamento de Animal;Com Vítimas Feridas;Pleno dia;Decrescente;Céu Claro;Dupla;Aclive;Não;1;0;1;0;0;0;1;1;-16,93341473;-49,25196648;SPRF-GO;DEL01-GO;UOP03-DEL01-GO
706020;15/06/2025;domingo;18:21:00;AL;316;54,9;MARAVILHA;Animais na Pista;Atropelamento de Animal;Sem Vítimas;Pleno dia;Crescente;Nublado;Simples;Reta;Não;1;0;0;0;0;1;0;1;-9,22038796;-37,47196198;SPRF-AL;DEL03-AL;UOP02-DEL03-AL
706021;20/07/2025;domingo;13:20:00;PR;277;154;PORTO AMAZONAS;Acessar a via sem observar a presença dos outros veículos;Colisão transversal;Com Vítimas Feridas;Pleno dia;Crescente;Céu Claro;Simples;"Reta;Interseção de Vias";Não;3;0;1;1;1;0;2;2;-25,47000594;-49,7908744;SPRF-PR;DEL03-PR;UOP03-DEL03-PR
706022;18/07/2025;sexta-feira;23:00:00;MA;226;520,4;LAJEADO NOVO;Transitar na contramão;Colisão frontal;Com Vítimas Feridas;Plena Noite;Decrescente;Céu Claro;Simples;Curva;Não;4;0;0;4;0;0;4;2;-6,159545;-46,980615;SPRF-MA;DEL04-MA;UOP02-DEL04-MA
706023;20/07/2025;domingo;12:20:00;MG;116;257,7;TEOFILO OTONI;Reação tardia ou ineficiente do condutor;Colisão lateral mesmo sentido;Com Vítimas Feridas;Pleno dia;Crescente;Céu Claro;Simples;Reta;Não;1;0;0;1;0;0;1;1;-17,8716672;-41,5105024;SPRF-MG;DEL11-MG;UOP01-DEL11-MG
706024;20/07/2025;domingo;10:00:00;RJ;40;96;PETROPOLIS;Reação tardia ou ineficiente do condutor;Colisão com objeto;Com Vítimas Feridas;Pleno dia;Decrescente;Céu Claro;Dupla;Curva;Sim;2;0;0;2;0;0;2;1;-22,52062943;-43,17404866;SPRF-RJ;DEL01-RJ;UOP01-DEL01-RJ
706026;20/07/2025;domingo;14:25:00;ES;101;148;LINHARES;Manobra de mudança de faixa;Tombamento;Com Vítimas Feridas;Pleno dia;Decrescente;Céu Claro;Múltipla;Reta;Sim;2;0;1;0;0;1;1;2;-19,3875722;-40,06734579;SPRF-ES;DEL04-ES;UOP01-DEL04-ES
706027;20/07/2025;domingo;14:20:00;ES;262;185;IUNA;Ausência de reação do condutor;Tombamento;Com Vítimas Feridas;Pleno dia;Crescente;Sol;Simples;Reta;Não;1;0;0;1;0;0;1;1;-20,3006269;-41,7082346;SPRF-ES;DEL01-ES;UOP02-DEL01-ES
706029;05/06/2025;quinta-feira;11:50:00;AM;319;733;HUMAITA;Pista esburacada;Tombamento;Com Vítimas Feridas;Pleno dia;Decrescente;Nublado;Simples;Reta;Não;2;0;1;0;1;0;1;1;-7,92136811;-63,32233715;SPRF-AM;DEL02-AM;UOP01-DEL02-AM
706030;20/07/2025;domingo;13:50:00;RR;401;20;CANTA;Ausência de reação do condutor;Colisão traseira;Com Vítimas Feridas;Pleno dia;Crescente;Nublado;Dupla;Reta;Não;3;0;0;2;1;0;2;2;2,79831689;-60,63339293;SPRF-RR;DEL01-RR;UOP01-DEL01-RR
706031;20/07/2025;domingo;13:45:00;PE;407;87,7;PETROLINA;Acessar a via sem observar a presença dos outros veículos;Colisão transversal;Com Vítimas Fatais;Pleno dia;Decrescente;Sol;Simples;"Interseção de Vias;Aclive;Reta";Não;3;1;0;1;1;0;1;2;-9,0771794;-40,66297531;SPRF-PE;DEL06-PE;UOP02-DEL06-PE
706033;20/07/2025;domingo;14:54:00;SC;470;54,4;BLUMENAU;Acessar a via sem observar a presença dos outros veículos;Colisão lateral mesmo sentido;Com Vítimas Feridas;Pleno dia;Decrescente;Céu Claro;Simples;Interseção de Vias;Sim;3;0;1;0;2;0;1;2;-26,86522952;-49,09940511;SPRF-SC;DEL04-SC;UOP01-DEL04-SC
706034;20/07/2025;domingo;14:10:00;SP;381;7;VARGEM;Ingestão de álcool pelo condutor;Colisão com objeto;Com Vítimas Feridas;Pleno dia;Decrescente;Céu Claro;Dupla;Reta;Sim;1;0;1;0;0;0;1;1;-22,90669118;-46,42315714;SPRF-SP;DEL03-SP;UOP02-DEL03-SP
706036;20/07/2025;domingo;12:16:00;MT;163;890;CLAUDIA;Acessar a via sem observar a presença dos outros veículos;Colisão transversal;Com Vítimas Feridas;Pleno dia;Crescente;Céu Claro;Simples;Reta;Não;2;0;0;1;1;0;1;2;-11,39080814;-55,34425737;SPRF-MT;DEL06-MT;UOP02-DEL06-MT