id;data_inversa;dia_semana;horario;uf;br;km;municipio;causa_acidente;tipo_acidente;classificacao_acidente;fase_dia;sentido_via;condicao_metereologica;tipo_pista;tracado_via;uso_solo;pessoas;mortos;feridos_leves;feridos_graves;ilesos;ignorados;feridos;veiculos;latitude;longitude;regional;delegacia;uop
706155;20/07/2025;domingo;23:00:00;SP;153;155;PROMISSAO;Ingestão de álcool pelo condutor;Colisão lateral sentido oposto;Com Vítimas Feridas;Plena Noite;Crescente;Céu Claro;Simples;Reta;Não;2;0;1;1;0;0;2;1;-21,42835489;-49,7864221;SPRF-SP;DEL07-SP;UOP01-DEL07-SP
706156;21/07/2025;segunda-feira;01:55:00;PR;376;135,9;NOVA ESPERANCA;Ausência de reação do condutor;Tombamento;Com Vítimas Feridas;Plena Noite;Decrescente;Céu Claro;Simples;Em Obras;Sim;1;0;1;0;0;0;1;1;-23,200438;-52,197934;SPRF-PR;DEL09-PR;UOP02-DEL09-PR
706157;21/07/2025;segunda-feira;01:19:00;TO;153;202;NOVA OLINDA;Suicídio (presumido);Atropelamento de Pedestre;Com Vítimas Feridas;Plena Noite;Decrescente;Céu Claro;Simples;Reta;Não;2;0;0;1;1;0;1;2;-7,67436;-48,42805;SPRF-TO;DEL02-TO;UOP01-DEL02-TO
706158;21/07/2025;segunda-feira;01:45:00;RS;290;96;PORTO ALEGRE;Neblina;Colisão com objeto;Sem Vítimas;Plena Noite;Decrescente;Nevoeiro/Neblina;Dupla;"Declive;Curva";Não;1;0;0;0;1;0;0;1;-29,98805876;-51,20312333;SPRF-RS;DEL01-RS;UOP01-DEL01-RS
706161;21/07/2025;segunda-feira;01:00:00;MG;381;586;ITATIAIUCU;Ingestão de álcool pelo condutor;Colisão lateral mesmo sentido;Com Vítimas Feridas;Plena Noite;Decrescente;Céu Claro;Dupla;Curva;Sim;2;0;1;0;1;0;1;2;-20,20920384;-44,39061873;SPRF-MG;DEL04-MG;UOP01-DEL04-MG
706162;21/07/2025;segunda-feira;01:00:00;MG;267;25,5;ARGIRITA;Transitar na contramão;Colisão frontal;Com Vítimas Fatais;Plena Noite;Decrescente;Céu Claro;Simples;Reta;Não;3;1;0;0;2;0;0;2;-21,62080291;-42,82103626;SPRF-MG;DEL07-MG;UOP01-DEL07-MG
706164;21/07/2025;segunda-feira;03:30:00;SP;116;213,8;GUARULHOS;Velocidade Incompatível;Colisão traseira;Com Vítimas Feridas;Plena Noite;Decrescente;Nublado;Múltipla;Reta;Sim;9;0;2;3;4;0;5;3;-23,442633;-46,443877;SPRF-SP;DEL01-SP;UOP01-DEL01-SP
706165;21/07/2025;segunda-feira;03:00:00;AL;104;37,1;UNIAO DOS PALMARES;Animais na Pista;Atropelamento de Animal;Com Vítimas Fatais;Plena Noite;Crescente;Nublado;Simples;Reta;Não;2;1;1;0;0;0;1;1;-9,1753287;-36,0297938;SPRF-AL;DEL01-AL;UOP02-DEL01-AL
706166;21/07/2025;segunda-feira;03:50:00;RN;304;295;MACAIBA;Ausência de reação do condutor;Tombamento;Com Vítimas Feridas;Plena Noite;Crescente;Céu Claro;Dupla;"Reta;Declive";Sim;1;0;1;0;0;0;1;1;-5,8670081;-35,3660764;SPRF-RN;DEL01-RN;UOP02-DEL01-RN
706168;21/07/2025;segunda-feira;01:00:00;BA;101;524;BUERAREMA;Ausência de reação do condutor;Saída de leito carroçável;Com Vítimas Fatais;Plena Noite;Decrescente;Nublado;Simples;Curva;Sim;2;1;0;0;0;1;0;1;-14,951457;-39,305437;SPRF-BA;DEL05-BA;UOP01-DEL05-BA
706169;20/07/2025;domingo;18:30:00;MG;381;393;BOM JESUS DO AMPARO;Reação tardia ou ineficiente do condutor;Queda de ocupante de veículo;Com Vítimas Feridas;Plena Noite;Crescente;Céu Claro;Dupla;"Curva;Aclive";Não;2;0;1;0;1;0;1;2;-19,7589941;-43,46962712;SPRF-MG;DEL01-MG;UOP01-DEL01-MG
706171;21/07/2025;segunda-feira;05:00:00;PB;230;80;RIACHAO DO POCO;Reação tardia ou ineficiente do condutor;Queda de ocupante de veículo;Com Vítimas Feridas;Amanhecer;Crescente;Céu Claro;Dupla;Reta;Não;1;0;1;0;0;0;1;1;-7,17888901;-35,32071996;SPRF-PB;DEL01-PB;UOP02-DEL01-PB
706172;21/07/2025;segunda-feira;05:50:00;CE;222;241,5;SOBRAL;Condutor Dormindo;Saída de leito carroçável;Com Vítimas Feridas;Pleno dia;Decrescente;Céu Claro;Simples;Reta;Não;1;0;0;1;0;0;1;1;-3,74504163;-40,50178528;SPRF-CE;DEL04-CE;UOP01-DEL04-CE
706174;21/07/2025;segunda-feira;06:20:00;RJ;101;66;CAMPOS DOS GOYTACAZES;Ausência de reação do condutor;Queda de ocupante de veículo;Sem Vítimas;Amanhecer;Crescente;Céu Claro;Múltipla;Curva;Sim;1;0;0;0;1;0;0;1;-21,76587;-41,346668;SPRF-RJ;DEL08-RJ;UOP02-DEL08-RJ
706175;21/07/2025;segunda-feira;05:40:00;PR;376;179,2;MARINGA;Estacionar ou parar em local proibido;Colisão traseira;Sem Vítimas;Plena Noite;Crescente;Nublado;Dupla;Reta;Sim;2;0;0;0;1;1;0;2;-23,42055585;-51,90947771;SPRF-PR;DEL09-PR;UOP01-DEL09-PR
706177;21/07/2025;segunda-feira;05:15:00;RS;290;43,2;GLORINHA;Estacionar ou parar em local proibido;Colisão traseira;Com Vítimas Feridas;Plena Noite;Decrescente;Nevoeiro/Neblina;Múltipla;Reta;Não;2;0;1;0;1;0;1;2;-29,8984204;-50,73825869;SPRF-RS;DEL03-RS;UOP01-DEL03-RS
706178;21/07/2025;segunda-feira;04:25:00;AL;104;37;UNIAO DOS PALMARES;Ingestão de álcool pelo condutor;Colisão traseira;Com Vítimas Feridas;Amanhecer;Crescente;Nublado;Simples;Reta;Não;3;0;0;1;2;0;1;2;-9,175328;-36,02979;SPRF-AL;DEL01-AL;UOP02-DEL01-AL
706180;21/07/2025;segunda-feira;05:30:00;BA;367;51;PORTO SEGURO;Demais falhas mecânicas ou elétricas;Colisão com objeto;Com Vítimas Feridas;Amanhecer;Crescente;Nublado;Simples;Curva;Não;3;0;1;0;2;0;1;1;-16,373703;-39,297;SPRF-BA;DEL09-BA;UOP03-DEL09-BA
706182;21/07/2025;segunda-feira;06:30:00;PE;101;128,3;ESCADA;Acumulo de areia ou detritos sobre o pavimento;Queda de ocupante de veículo;Com Vítimas Feridas;Pleno dia;Crescente;Céu Claro;Dupla;Reta;Sim;2;0;2;0;0;0;2;1;-8,38078;-35,24565;SPRF-PE;DEL01-PE;UOP03-DEL01-PE
706183;20/07/2025;domingo;12:45:00;BA;324;513;FEIRA DE SANTANA;Ingestão de álcool pelo condutor;Colisão traseira;Sem Vítimas;Pleno dia;Crescente;Sol;Simples;Reta;Sim;3;0;0;0;3;0;0;2;-12,23271074;-38,94893935;SPRF-BA;DEL02-BA;UOP01-DEL02-BA
706184;26/06/2025;quinta-feira;19:20:00;SC;280;231,7;CANOINHAS;Acessar a via sem observar a presença dos outros veículos;Colisão transversal;Com Vítimas Feridas;Plena Noite;Crescente;Nublado;Simples;Interseção de Vias;Sim;2;0;1;0;1;0;1;1;-26,18997;-50,37875;SPRF-SC;DEL06-SC;UOP04-DEL06-SC
706186;21/07/2025;segunda-feira;06:30:00;MG;40;513,4;RIBEIRAO DAS NEVES;Condutor deixou de manter distância do veículo da frente;Colisão lateral mesmo sentido;Com Vítimas Feridas;Amanhecer;Decrescente;Céu Claro;Dupla;Reta;Sim;2;0;1;0;1;0;1;2;-19,79883508;-44,10429478;SPRF-MG;DEL01-MG;UOP02-DEL01-MG
706187;21/07/2025;segunda-feira;05:18:00;AL;423;101;DELMIRO GOUVEIA;Ultrapassagem Indevida;Colisão lateral mesmo sentido;Com Vítimas Feridas;Amanhecer;Crescente;Céu Claro;Simples;"Declive;Reta";Não;2;0;1;0;0;1;1;2;-9,387503;-38,149715;SPRF-BA;DEL07-BA;UOP01-DEL07-BA
706188;21/07/2025;segunda-feira;07:15:00;GO;414;440;ANAPOLIS;Manobra de mudança de faixa;Colisão lateral mesmo sentido;Com Vítimas Feridas;Pleno dia;Crescente;Céu Claro;Dupla;"Viaduto;Rotatória";Sim;2;0;1;0;1;0;1;2;-16,287522;-48,944028;SPRF-GO;DEL02-GO;UOP01-DEL02-GO
706189;21/07/2025;segunda-feira;07:10:00;SP;116;68,9;APARECIDA;Reação tardia ou ineficiente do condutor;Tombamento;Com Vítimas Feridas;Pleno dia;Decrescente;Céu Claro;Múltipla;Reta;Não;1;0;0;1;0;0;1;1;-22,8446064;-45,2301677;SPRF-SP;DEL08-SP;UOP01-DEL08-SP
706190;21/07/2025;segunda-feira;06:50:00;RS;290;97;PORTO ALEGRE;Reação tardia ou ineficiente do condutor;Colisão traseira;Com Vítimas Feridas;Pleno dia;Crescente;Nevoeiro/Neblina;Dupla;"Ponte;Reta";Não;2;0;1;0;1;0;1;2;-29,99680689;-51,21058909;SPRF-RS;DEL01-RS;UOP01-DEL01-RS
706191;21/07/2025;segunda-feira;07:00:00;RS;470;207;BENTO GONCALVES;Acessar a via sem observar a presença dos outros veículos;Colisão transversal;Com Vítimas Feridas;Pleno dia;Crescente;Céu Claro;Simples;"Reta;Interseção de Vias";Sim;3;0;1;0;2;0;1;2;-29,10470588;-51,54370872;SPRF-RS;DEL06-RS;UOP01-DEL06-RS
706192;21/07/2025;segunda-feira;05:20:00;AL;316;258,6;PILAR;Ultrapassagem Indevida;Colisão frontal;Com Vítimas Fatais;Amanhecer;Crescente;Céu Claro;Simples;Reta;Não;2;1;1;0;0;0;1;2;-9,592196;-35,916718;SPRF-AL;DEL02-AL;UOP01-DEL02-AL
706193;21/07/2025;segunda-feira;07:00:00;PE;101;44;ITAPISSUMA;Reação tardia ou ineficiente do condutor;Colisão traseira;Com Vítimas Feridas;Pleno dia;Crescente;Céu Claro;Múltipla;Reta;Não;2;0;0;1;1;0;1;2;-7,7324747;-34,9414336;SPRF-PE;DEL01-PE;UOP02-DEL01-PE
706195;18/07/2025;sexta-feira;12:10:00;MA;135;5;SAO LUIS;Reação tardia ou ineficiente do condutor;Colisão traseira;Com Vítimas Feridas;Pleno dia;Crescente;Céu Claro;Dupla;Reta;Sim;2;0;1;0;1;0;1;2;-2,62287;-44,25887;SPRF-MA;DEL01-MA;UOP01-DEL01-MA
706196;21/07/2025;segunda-feira;06:45:00;RS;471;155,2;RIO PARDO;Acessar a via sem observar a presença dos outros veículos;Colisão transversal;Com Vítimas Feridas;Amanhecer;Crescente;Nevoeiro/Neblina;Simples;Reta;Não;2;0;0;1;1;0;1;2;-29,9499534;-52,3738132;SPRF-RS;DEL02-RS;UOP03-DEL02-RS
706197;21/07/2025;segunda-feira;07:00:00;SC;280;166,4;MAFRA;Acessar a via sem observar a presença dos outros veículos;Colisão transversal;Com Vítimas Feridas;Pleno dia;Decrescente;Nevoeiro/Neblina;Simples;"Interseção de Vias;Curva";Sim;2;0;1;0;1;0;1;2;-26,17635293;-49,8169148;SPRF-SC;DEL06-SC;UOP01-DEL06-SC
706198;21/07/2025;segunda-feira;07:40:00;SC;101;214;PALHOCA;Acessar a via sem observar a presença dos outros veículos;Colisão traseira;Com Vítimas Feridas;Pleno dia;Decrescente;Céu Claro;Múltipla;Reta;Sim;2;0;1;0;1;0;1;2;-27,644551;-48,670514;SPRF-SC;DEL01-SC;UOP02-DEL01-SC
706200;21/07/2025;segunda-feira;06:00:00;RJ;493;103;SEROPEDICA;Reação tardia ou ineficiente do condutor;Tombamento;Com Vítimas Feridas;Pleno dia;Decrescente;Céu Claro;Dupla;Reta;Não;1;0;1;0;0;0;1;1;-22,756507;-43,730807;SPRF-RJ;DEL01-RJ;UOP03-DEL01-RJ
706201;21/07/2025;segunda-feira;08:00:00;GO;153;500,8;GOIANIA;Condutor deixou de manter distância do veículo da frente;Colisão traseira;Com Vítimas Feridas;Pleno dia;Crescente;Céu Claro;Dupla;Viaduto;Sim;3;0;1;0;1;1;1;3;-16,711011;-49,231908;SPRF-GO;DEL01-GO;UOP01-DEL01-GO
706202;21/07/2025;segunda-feira;07:50:00;SC;101;414,9;ARARANGUA;Manobra de mudança de faixa;Tombamento;Com Vítimas Feridas;Pleno dia;Decrescente;Nevoeiro/Neblina;Múltipla;"Aclive;Curva;Viaduto";Sim;1;0;1;0;0;0;1;1;-28,96393226;-49,52226726;SPRF-SC;DEL02-SC;UOP02-DEL02-SC
706204;21/07/2025;segunda-feira;06:45:00;RS;116;137,8;CAXIAS DO SUL;Entrada inopinada do pedestre;Atropelamento de Pedestre;Com Vítimas Fatais;Amanhecer;Decrescente;Céu Claro;Simples;Reta;Não;2;1;0;0;1;0;0;2;-29,0883238;-51,1130238;SPRF-RS;DEL05-RS;UOP01-DEL05-RS
706205;21/07/2025;segunda-feira;07:41:00;RS;116;149,9;CAXIAS DO SUL;Manobra de mudança de faixa;Colisão lateral mesmo sentido;Com Vítimas Feridas;Pleno dia;Crescente;Céu Claro;Dupla;Interseção de Vias;Sim;3;0;1;0;2;0;1;2;-29,168568;-51,158772;SPRF-RS;DEL05-RS;UOP01-DEL05-RS
706206;20/07/2025;domingo;17:30:00;AM;317;517;LABREA;Ausência de reação do condutor;Capotamento;Com Vítimas Fatais;Plena Noite;Decrescente;Céu Claro;Simples;Reta;Não;3;1;0;0;2;0;0;1;-9,528843;-67,294557;SPRF-AC;DEL01-AC;UOP01-DEL01-AC
706207;21/07/2025;segunda-feira;06:00:00;MG;262;142,2;RIO CASCA;Velocidade Incompatível;Saída de leito carroçável;Com Vítimas Feridas;Amanhecer;Decrescente;Nublado;Simples;Curva;Não;1;0;1;0;0;0;1;1;-20,06080233;-42,72099496;SPRF-MG;DEL03-MG;UOP03-DEL03-MG
706208;21/07/2025;segunda-feira;08:00:00;MG;354;731;POUSO ALTO;Reação tardia ou ineficiente do condutor;Saída de leito carroçável;Com Vítimas Feridas;Pleno dia;Decrescente;Céu Claro;Simples;Curva;Não;2;0;0;1;0;1;1;2;-22,164814;-44,962216;SPRF-MG;DEL17-MG;UOP01-DEL17-MG
706210;21/07/2025;segunda-feira;07:30:00;MG;251;345;FRUTA DE LEITE;Demais falhas mecânicas ou elétricas;Incêndio;Sem Vítimas;Pleno dia;Decrescente;Céu Claro;Simples;Reta;Não;2;0;0;0;2;0;0;1;-16,257332;-42,488716;SPRF-MG;DEL12-MG;UOP02-DEL12-MG
706213;21/07/2025;segunda-feira;08:40:00;DF;70;16;BRASILIA;Ausência de reação do condutor;Saída de leito carroçável;Sem Vítimas;Pleno dia;Crescente;Céu Claro;Dupla;Rotatória;Sim;1;0;0;0;1;0;0;1;-15,79526247;-48,19653383;SPRF-DF;DEL03-DF;UOP02-DEL03-DF
706215;21/07/2025;segunda-feira;08:00:00;SC;116;206;PONTE ALTA;Acessar a via sem observar a presença dos outros veículos;Colisão transversal;Com Vítimas Feridas;Pleno dia;Decrescente;Céu Claro;Simples;Rotatória;Sim;3;0;2;0;1;0;2;2;-27,47230503;-50,38186312;SPRF-SC;DEL05-SC;UOP03-DEL05-SC
706216;21/07/2025;segunda-feira;07:40:00;MG;40;519,8;CONTAGEM;Condutor deixou de manter distância do veículo da frente;Colisão traseira;Com Vítimas Feridas;Pleno dia;Decrescente;Céu Claro;Dupla;Reta;Não;3;0;1;0;2;0;1;3;-19,8472773;-44,0724601;SPRF-MG;DEL01-MG;UOP02-DEL01-MG
706217;21/07/2025;segunda-feira;08:50:00;ES;101;292,1;CARIACICA;Acessar a via sem observar a presença dos outros veículos;Colisão transversal;Com Vítimas Feridas;Pleno dia;Decrescente;Céu Claro;Dupla;Interseção de Vias;Sim;3;0;0;1;1;1;1;2;-20,30785364;-40,39462566;SPRF-ES;DEL01-ES;UOP01-DEL01-ES
706218;21/07/2025;segunda-feira;05:20:00;AM;174;888;MANAUS;Entrada inopinada do pedestre;Atropelamento de Pedestre;Com Vítimas Fatais;Amanhecer;Decrescente;Céu Claro;Simples;"Aclive;Reta";Não;3;1;0;0;1;1;0;2;-2,94103845;-60,03378916;SPRF-AM;DEL01-AM;UOP01-DEL01-AM
706219;21/07/2025;segunda-feira;06:50:00;MG;153;32,7;CENTRALINA;Condutor Dormindo;Saída de leito carroçável;Com Vítimas Feridas;Pleno dia;Crescente;Sol;Dupla;Reta;Não;1;0;1;0;0;0;1;1;-18,694071;-49,147524;SPRF-MG;DEL15-MG;UOP03-DEL15-MG
706220;21/07/2025;segunda-feira;08:20:00;ES;101;371,7;ANCHIETA;Condutor Dormindo;Saída de leito carroçável;Com Vítimas Feridas;Pleno dia;Decrescente;Céu Claro;Simples;Curva;Não;1;0;0;1;0;0;1;1;-20,76906;-40,771342;SPRF-ES;DEL03-ES;UOP01-DEL03-ES
706221;11/06/2025;quarta-feira;20:00:00;SP;116;151,2;SAO JOSE DOS CAMPOS;Pedestre cruzava a pista fora da faixa;Atropelamento de Pedestre;Com Vítimas Fatais;Plena Noite;Crescente;Céu Claro;Múltipla;Reta;Sim;2;1;0;0;1;0;0;2;-23,21910424;-45,89968516;SPRF-SP;DEL02-SP;UOP01-DEL02-SP
706224;21/07/2025;segunda-feira;09:30:00;SC;101;212,9;PALHOCA;Condutor deixou de manter distância do veículo da frente;Engavetamento;Com Vítimas Feridas;Pleno dia;Crescente;Céu Claro;Dupla;Reta;Sim;3;0;1;0;2;0;1;3;-27,63525401;-48,66410355;SPRF-SC;DEL01-SC;UOP02-DEL01-SC
706227;21/07/2025;segunda-feira;09:00:00;MG;381;147;GOVERNADOR VALADARES;Condutor deixou de manter distância do veículo da frente;Colisão traseira;Com Vítimas Feridas;Pleno dia;Crescente;Céu Claro;Simples;Reta;Não;2;0;1;0;0;1;1;2;-18,846107;-41,980652;SPRF-MG;DEL06-MG;UOP01-DEL06-MG
706229;21/07/2025;segunda-feira;06:30:00;GO;153;578,2;PROFESSOR JAMIL;Condutor Dormindo;Saída de leito carroçável;Com Vítimas Feridas;Pleno dia;Decrescente;Céu Claro;Dupla;Reta;Não;5;0;0;1;4;0;1;1;-17,34915252;-49,24835857;SPRF-GO;DEL03-GO;UOP01-DEL03-GO
706230;21/07/2025;segunda-feira;08:29:00;MT;163;686;LUCAS DO RIO VERDE;Reação tardia ou ineficiente do condutor;Tombamento;Com Vítimas Feridas;Pleno dia;Crescente;Céu Claro;Simples;"Reta;Interseção de Vias";Sim;1;0;1;0;0;0;1;1;-13,0837463;-55,9408687;SPRF-MT;DEL06-MT;UOP01-DEL06-MT
706231;21/07/2025;segunda-feira;09:10:00;PR;476;144;CURITIBA;Reação tardia ou ineficiente do condutor;Queda de ocupante de veículo;Sem Vítimas;Pleno dia;Decrescente;Céu Claro;Dupla;Curva;Não;1;0;0;0;0;1;0;1;-25,540223;-49,31109;SPRF-PR;DEL01-PR;UOP06-DEL01-PR
706232;21/07/2025;segunda-feira;06:50:00;SC;101;316;PESCARIA BRAVA;Animais na Pista;Atropelamento de Animal;Com Vítimas Feridas;Amanhecer;Crescente;Céu Claro;Dupla;"Reta;Declive";Não;3;0;1;1;0;1;2;3;-28,425693;-48,858668;SPRF-SC;DEL02-SC;UOP01-DEL02-SC
706233;20/05/2025;terça-feira;12:00:00;MA;10;320;ACAILANDIA;Acessar a via sem observar a presença dos outros veículos;Colisão transversal;Com Vítimas Feridas;Pleno dia;Crescente;Céu Claro;Simples;Reta;Não;2;0;1;0;1;0;1;2;-4,8381807;-47,48874664;SPRF-MA;DEL04-MA;UOP03-DEL04-MA
706234;21/07/2025;segunda-feira;07:00:00;MS;163;9;MUNDO NOVO;Falta de acostamento;Atropelamento de Pedestre;Com Vítimas Fatais;Amanhecer;Crescente;Céu Claro;Simples;Reta;Não;2;1;0;0;0;1;0;2;-23,987703;-54,331223;SPRF-MS;DEL09-MS;UOP02-DEL09-MS
706236;20/07/2025;domingo;19:40:00;MG;381;316;NOVA ERA;Velocidade Incompatível;Saída de leito carroçável;Com Vítimas Fatais;Plena Noite;Crescente;Céu Claro;Simples;Curva;Não;1;1;0;0;0;0;0;1;-19,711172;-43,000433;SPRF-MG;DEL03-MG;UOP02-DEL03-MG
706237;21/07/2025;segunda-feira;07:30:00;MS;163;39,5;ELDORADO;Transitar na contramão;Colisão frontal;Com Vítimas Feridas;Pleno dia;Decrescente;Céu Claro;Simples;Reta;Sim;2;0;0;2;0;0;2;2;-23,791327;-54,282432;SPRF-MS;DEL09-MS;UOP02-DEL09-MS
706238;14/07/2025;segunda-feira;07:40:00;MG;50;71;UBERLANDIA;Manobra de mudança de faixa;Colisão lateral mesmo sentido;Com Vítimas Feridas;Pleno dia;Decrescente;Céu Claro;Dupla;Reta;Sim;2;0;1;0;1;0;1;2;-18,892206;-48,253101;SPRF-MG;DEL15-MG;UOP01-DEL15-MG
706240;21/07/2025;segunda-feira;09:10:00;MG;381;521;BRUMADINHO;Transitar na contramão;Colisão frontal;Com Vítimas Feridas;Pleno dia;Decrescente;Céu Claro;Dupla;"Aclive;Curva";Não;3;0;2;0;1;0;2;2;-20,1182712;-44,3021731;SPRF-MG;DEL04-MG;UOP03-DEL04-MG
706241;21/07/2025;segunda-feira;10:50:00;DF;20;4,5;BRASILIA;Ausência de reação do condutor;Colisão traseira;Com Vítimas Feridas;Pleno dia;Crescente;Céu Claro;Simples;"Reta;Declive";Sim;3;0;2;0;1;0;2;2;-15,672895;-47,81937;SPRF-DF;DEL02-DF;UOP01-DEL02-DF
706244;21/07/2025;segunda-feira;09:50:00;PA;230;65;SAO DOMINGOS DO ARAGUAIA;Pista esburacada;Saída de leito carroçável;Com Vítimas Feridas;Pleno dia;Crescente;Sol;Simples;Reta;Não;3;0;2;0;1;0;2;1;-5,522155;-48,67698;SPRF-PA;DEL03-PA;UOP01-DEL03-PA
706249;21/07/2025;segunda-feira;11:50:00;ES;262;160;IBATIBA;Reação tardia ou ineficiente do condutor;Colisão lateral sentido oposto;Com Vítimas Feridas;Pleno dia;Crescente;Sol;Simples;"Declive;Curva";Sim;2;0;1;0;1;0;1;2;-20,236898;-41,516178;SPRF-ES;DEL01-ES;UOP02-DEL01-ES
706250;21/07/2025;segunda-feira;11:25:00;PR;116;108;CURITIBA;Transitar no Acostamento;Colisão lateral mesmo sentido;Com Vítimas Feridas;Pleno dia;Decrescente;Céu Claro;Dupla;Reta;Não;3;0;2;0;1;0;2;2;-25,566355;-49,242366;SPRF-PR;DEL01-PR;UOP03-DEL01-PR
706253;21/07/2025;segunda-feira;12:30:00;GO;60;96,8;ANAPOLIS;Acessar a via sem observar a presença dos outros veículos;Colisão traseira;Com Vítimas Feridas;Pleno dia;Crescente;Céu Claro;Dupla;Reta;Sim;2;0;2;0;0;0;2;2;-16,37600504;-48,94725347;SPRF-GO;DEL02-GO;UOP01-DEL02-GO
706254;03/06/2025;terça-feira;13:30:00;PE;407;122;PETROLINA;Ausência de reação do condutor;Atropelamento de Pedestre;Com Vítimas Feridas;Pleno dia;Decrescente;Céu Claro;Dupla;Reta;Não;2;0;0;1;0;1;1;2;-9,359155;-40,547288;SPRF-PE;DEL06-PE;UOP01-DEL06-PE
706256;19/07/2025;sábado;10:20:00;SC;470;45;BLUMENAU;Objeto estático sobre o leito carroçável;Colisão traseira;Sem Vítimas;Pleno dia;Decrescente;Céu Claro;Simples;Reta;Não;2;0;0;0;2;0;0;2;-26,86196579;-49,04148951;SPRF-SC;DEL04-SC;UOP01-DEL04-SC
706257;13/07/2025;domingo;23:00:00;TO;153;134;ARAGUAINA;Acesso irregular;Saída de leito carroçável;Com Vítimas Feridas;Pleno dia;Crescente;Céu Claro;Simples;Curva;Não;1;0;1;0;0;0;1;1;-7,1285;-48,19802;SPRF-TO;DEL02-TO;UOP01-DEL02-TO
706258;21/07/2025;segunda-feira;13:40:00;SC;282;0,2;FLORIANOPOLIS;Mal súbito do condutor;Colisão com objeto;Com Vítimas Feridas;Pleno dia;Crescente;Céu Claro;Múltipla;Curva;Sim;1;0;0;1;0;0;1;1;-27,5989903;-48,5772279;SPRF-SC;DEL01-SC;UOP01-DEL01-SC
706261;21/07/2025;segunda-feira;09:30:00;RJ;465;20;NOVA IGUACU;Acessar a via sem observar a presença dos outros veículos;Colisão transversal;Com Vítimas Feridas;Pleno dia;Crescente;Céu Claro;Simples;Curva;Sim;2;0;1;0;0;1;1;2;-22,850649;-43,602246;SPRF-RJ;DEL06-RJ;UOP02-DEL06-RJ
706262;21/07/2025;segunda-feira;09:10:00;MS;267;525,8;JARDIM;Condutor Dormindo;Saída de leito carroçável;Com Vítimas Feridas;Pleno dia;Crescente;Céu Claro;Simples;Reta;Não;2;0;2;0;0;0;2;1;-21,51696191;-56,51023865;SPRF-MS;DEL05-MS;UOP01-DEL05-MS
706264;21/07/2025;segunda-feira;13:55:00;SC;101;214,6;PALHOCA;Manobra de mudança de faixa;Colisão lateral mesmo sentido;Com Vítimas Feridas;Pleno dia;Decrescente;Céu Claro;Múltipla;Reta;Sim;3;0;2;0;1;0;2;2;-27,649094;-48,673788;SPRF-SC;DEL01-SC;UOP02-DEL01-SC
706266;21/07/2025;segunda-feira;13:43:00;PE;232;83;GRAVATA;Ausência de reação do condutor;Colisão traseira;Sem Vítimas;Pleno dia;Decrescente;Sol;Dupla;Reta;Não;2;0;0;0;2;0;0;2;-8,21315648;-35,6209987;SPRF-PE;DEL02-PE;UOP02-DEL02PE
706267;21/07/2025;segunda-feira;12:40:00;RJ;40;18,9;TRES RIOS;Velocidade Incompatível;Saída de leito carroçável;Com Vítimas Feridas;Pleno dia;Crescente;Céu Claro;Dupla;"Curva;Declive";Não;4;0;1;0;3;0;1;1;-22,09790861;-43,17248058;SPRF-RJ;DEL05-RJ;UOP02-DEL05-RJ
706268;21/07/2025;segunda-feira;12:45:00;RJ;40;18,9;TRES RIOS;Condutor deixou de manter distância do veículo da frente;Colisão traseira;Com Vítimas Feridas;Pleno dia;Crescente;Céu Claro;Dupla;Reta;Não;3;0;1;0;2;0;1;2;-22,10423441;-43,16752553;SPRF-RJ;DEL05-RJ;UOP02-DEL05-RJ
706269;21/07/2025;segunda-feira;13:00:00;RS;386;34;FREDERICO WESTPHALEN;Acessar a via sem observar a presença dos outros veículos;Colisão transversal;Com Vítimas Feridas;Pleno dia;Decrescente;Sol;Simples;Interseção de Vias;Não;3;0;1;0;2;0;1;2;-27,3618243;-53,38971226;SPRF-RS;DEL08-RS;UOP02-DEL08-RS
706272;21/07/2025;segunda-feira;11:40:00;ES;101;270;SERRA;Pedestre cruzava a pista fora da faixa;Atropelamento de Pedestre;Com Vítimas Feridas;Pleno dia;Crescente;Céu Claro;Dupla;Curva;Sim;2;0;0;1;1;0;1;2;-20,2262056;-40,2709164;SPRF-ES;DEL02-ES;UOP01-DEL02-ES
706274;21/07/2025;segunda-feira;13:50:00;MT;163;674;LUCAS DO RIO VERDE;Reação tardia ou ineficiente do condutor;Colisão traseira;Com Vítimas Feridas;Pleno dia;Crescente;Céu Claro;Simples;"Reta;Em Obras";Não;3;0;1;0;1;1;1;2;-13,1801;-55,9846;SPRF-MT;DEL06-MT;UOP01-DEL06-MT
706275;21/07/2025;segunda-feira;14:20:00;PE;101;68,3;RECIFE;Pedestre cruzava a pista fora da faixa;Atropelamento de Pedestre;Com Vítimas Feridas;Pleno dia;Crescente;Sol;Múltipla;Reta;Sim;3;0;1;0;2;0;1;2;-8,054025;-34,946495;SPRF-PE;DEL01-PE;UOP01-DEL01-PE
706276;21/07/2025;segunda-feira;05:55:00;SP;262;321,6;CASTILHO;Animais na Pista;Atropelamento de Animal;Sem Vítimas;Pleno dia;Crescente;Céu Claro;Múltipla;Curva;Não;1;0;0;0;1;0;0;1;-20,791104;-51,616866;SPRF-MS;DEL07-MS;UOP01-DEL07-MS