id;data_inversa;dia_semana;horario;uf;br;km;municipio;causa_acidente;tipo_acidente;classificacao_acidente;fase_dia;sentido_via;condicao_metereologica;tipo_pista;tracado_via;uso_solo;pessoas;mortos;feridos_leves;feridos_graves;ilesos;ignorados;feridos;veiculos;latitude;longitude;regional;delegacia;uop
706277;21/07/2025;segunda-feira;14:30:00;PR;369;137,2;IBIPORA;Acessar a via sem observar a presença dos outros veículos;Colisão frontal;Sem Vítimas;Pleno dia;Crescente;Céu Claro;Simples;Reta;Sim;2;0;0;0;2;0;0;2;-23,2716808;-51,04188887;SPRF-PR;DEL07-PR;UOP01-DEL07-PR
706278;06/07/2025;domingo;04:00:00;PB;101;11,8;MAMANGUAPE;Ausência de reação do condutor;Colisão com objeto;Com Vítimas Fatais;Plena Noite;Decrescente;Céu Claro;Simples;"Em Obras;Reta";Não;1;1;0;0;0;0;0;1;-6,6010638;-35,1437767;SPRF-PB;DEL01-PB;UOP03-DEL01-PB
706280;21/07/2025;segunda-feira;15:30:00;SP;116;216;GUARULHOS;Trafegar com motocicleta (ou similar) entre as faixas;Colisão traseira;Com Vítimas Feridas;Pleno dia;Crescente;Céu Claro;Múltipla;Reta;Sim;2;0;2;0;0;0;2;2;-23,45228504;-46,46764656;SPRF-SP;DEL01-SP;UOP01-DEL01-SP
706281;21/07/2025;segunda-feira;15:10:00;CE;116;21;EUSEBIO;Ausência de reação do condutor;Colisão lateral mesmo sentido;Com Vítimas Feridas;Pleno dia;Decrescente;Céu Claro;Dupla;Reta;Não;2;0;1;0;0;1;1;2;-3,93351923;-38,50832161;SPRF-CE;DEL01-CE;UOP02-DEL01-CE
706282;20/07/2025;domingo;23:00:00;RJ;101;316;SAO GONCALO;Ausência de reação do condutor;Capotamento;Com Vítimas Feridas;Plena Noite;Decrescente;Céu Claro;Dupla;Reta;Não;2;0;1;1;0;0;2;1;-22,84517235;-43,09867859;SPRF-RJ;DEL02-RJ;UOP02-DEL02-RJ
706284;17/07/2025;quinta-feira;23:30:00;SP;381;90;GUARULHOS;Reação tardia ou ineficiente do condutor;Colisão traseira;Com Vítimas Feridas;Plena Noite;Crescente;Céu Claro;Dupla;Reta;Não;2;0;1;0;1;0;1;2;-23,495148;-46,559626;SPRF-SP;DEL03-SP;UOP01-DEL03-SP
706286;21/07/2025;segunda-feira;15:40:00;ES;101;228,6;FUNDAO;Acessar a via sem observar a presença dos outros veículos;Colisão transversal;Sem Vítimas;Pleno dia;Decrescente;Nublado;Simples;Reta;Não;2;0;0;0;2;0;0;2;-19,924132;-40,4065605;SPRF-ES;DEL02-ES;UOP01-DEL02-ES
706287;02/07/2025;quarta-feira;07:10:00;RJ;393;283;VOLTA REDONDA;Reação tardia ou ineficiente do condutor;Tombamento;Com Vítimas Feridas;Amanhecer;Crescente;Ignorado;Simples;"Em Obras;Reta";Sim;2;0;0;1;0;1;1;2;-22,49024198;-44,06476585;SPRF-RJ;DEL05-RJ;UOP04-DEL05-RJ
706289;21/07/2025;segunda-feira;13:10:00;RN;110;95;UPANEMA;Ingestão de álcool pelo condutor;Capotamento;Com Vítimas Feridas;Pleno dia;Decrescente;Céu Claro;Simples;Reta;Não;1;0;1;0;0;0;1;1;-5,61021;-37,2826;SPRF-RN;DEL04-RN;UOP01-DEL04-RN
706290;21/07/2025;segunda-feira;12:55:00;PI;343;589,6;FLORIANO;Manobra de mudança de faixa;Colisão transversal;Com Vítimas Feridas;Pleno dia;Crescente;Sol;Dupla;"Reta;Aclive;Interseção de Vias";Sim;2;0;0;1;1;0;1;2;-6,781405;-43,013153;SPRF-PI;DEL03-PI;UOP01-DEL03-PI
706291;21/07/2025;segunda-feira;16:15:00;PE;232;9,6;JABOATAO DOS GUARARAPES;Ausência de reação do condutor;Tombamento;Com Vítimas Feridas;Pleno dia;Crescente;Sol;Múltipla;Reta;Sim;1;0;1;0;0;0;1;1;-8,078668;-34,984012;SPRF-PE;DEL01-PE;UOP01-DEL01-PE
706292;21/07/2025;segunda-feira;09:50:00;RJ;465;3;SEROPEDICA;Conversão proibida;Colisão transversal;Com Vítimas Feridas;Pleno dia;Decrescente;Céu Claro;Simples;Reta;Não;2;0;1;0;1;0;1;2;-22,71738517;-43,69957495;SPRF-RJ;DEL06-RJ;UOP02-DEL06-RJ
706293;21/07/2025;segunda-feira;14:04:00;RO;364;345;JI-PARANA;Conversão proibida;Colisão lateral mesmo sentido;Com Vítimas Feridas;Pleno dia;Crescente;Céu Claro;Simples;Reta;Não;2;0;1;0;1;0;1;2;-10,865403;-61,969972;SPRF-RO;DEL02-RO;UOP01-DEL02-RO
706294;21/07/2025;segunda-feira;14:40:00;PR;277;112,9;CURITIBA;Trafegar com motocicleta (ou similar) entre as faixas;Colisão traseira;Com Vítimas Feridas;Pleno dia;Crescente;Céu Claro;Dupla;Reta;Não;3;0;2;0;1;0;2;2;-25,43394158;-49,41563336;SPRF-PR;DEL03-PR;UOP03-DEL03-PR
706295;21/07/2025;segunda-feira;10:59:00;PA;10;85,8;ULIANOPOLIS;Pista esburacada;Eventos atípicos;Com Vítimas Feridas;Pleno dia;Decrescente;Céu Claro;Simples;Reta;Não;5;0;1;0;1;3;1;3;-3,695812;-47,487097;SPRF-PA;DEL02-PA;UOP02-DEL02-PA
706298;21/07/2025;segunda-feira;16:15:00;PR;369;398,5;JURANDA;Demais falhas mecânicas ou elétricas;Incêndio;Sem Vítimas;Pleno dia;Crescente;Céu Claro;Simples;"Declive;Reta";Não;4;0;0;0;4;0;0;1;-24,36346;-52,75323;SPRF-PR;DEL04-PR;UOP03-DEL04-PR
706300;09/04/2025;quarta-feira;09:25:00;RN;304;21;MOSSORO;Ultrapassagem Indevida;Colisão traseira;Com Vítimas Fatais;Pleno dia;Decrescente;Céu Claro;Simples;Reta;Não;3;1;0;1;0;1;1;3;-5,042325;-37,3464;SPRF-RN;DEL04-RN;UOP02-DEL04-RN
706301;21/07/2025;segunda-feira;15:00:00;SC;101;14;GARUVA;Avarias e/ou desgaste excessivo no pneu;Queda de ocupante de veículo;Com Vítimas Feridas;Pleno dia;Decrescente;Céu Claro;Dupla;Reta;Não;2;0;1;0;1;0;1;1;-26,07862617;-48,8616702;SPRF-SC;DEL03-SC;UOP01-DEL03-SC
706302;21/07/2025;segunda-feira;16:45:00;MG;459;93,9;CONGONHAL;Reação tardia ou ineficiente do condutor;Tombamento;Com Vítimas Feridas;Pleno dia;Crescente;Céu Claro;Simples;"Curva;Aclive";Não;1;0;0;1;0;0;1;1;-22,175462;-45,998872;SPRF-MG;DEL09-MG;UOP01-DEL09-MG
706303;21/07/2025;segunda-feira;16:30:00;PR;116;119;CURITIBA;Retorno proibido;Colisão transversal;Sem Vítimas;Pleno dia;Decrescente;Céu Claro;Dupla;Reta;Não;2;0;0;0;1;1;0;2;-25,575576;-49,311949;SPRF-PR;DEL01-PR;UOP03-DEL01-PR
706304;29/01/2025;quarta-feira;22:11:00;RS;116;1;PORTO ALEGRE;Manobra de mudança de faixa;Colisão lateral mesmo sentido;Com Vítimas Feridas;Plena Noite;Crescente;Céu Claro;Simples;Reta;Sim;5;0;1;0;4;0;1;2;-29,98522047;-51,18119377;SPRF-RS;DEL01-RS;UOP01-DEL01-RS
706305;21/07/2025;segunda-feira;17:40:00;SC;101;177;GOVERNADOR CELSO RAMOS;Reação tardia ou ineficiente do condutor;Colisão traseira;Sem Vítimas;Anoitecer;Decrescente;Céu Claro;Múltipla;Reta;Não;1;0;0;0;1;0;0;1;-27,356;-48,632;SPRF-SC;DEL01-SC;UOP01-DEL01-SC
706310;21/07/2025;segunda-feira;16:30:00;SC;470;57;BLUMENAU;Reação tardia ou ineficiente do condutor;Atropelamento de Pedestre;Com Vítimas Feridas;Pleno dia;Crescente;Sol;Simples;Interseção de Vias;Sim;2;0;1;0;0;1;1;2;-26,88245417;-49,14194075;SPRF-SC;DEL04-SC;UOP01-DEL04-SC
706311;21/07/2025;segunda-feira;10:00:00;ES;101;66;SAO MATEUS;Condutor deixou de manter distância do veículo da frente;Colisão traseira;Com Vítimas Feridas;Pleno dia;Crescente;Céu Claro;Dupla;Reta;Não;2;0;1;0;1;0;1;2;-18,71539;-39,87622;SPRF-ES;DEL04-ES;UOP02-DEL04-ES
706314;21/07/2025;segunda-feira;16:10:00;RS;293;337,9;SANTANA DO LIVRAMENTO;Entrada inopinada do pedestre;Atropelamento de Pedestre;Com Vítimas Fatais;Pleno dia;Decrescente;Céu Claro;Simples;Reta;Sim;3;1;0;0;1;1;0;2;-30,85275;-55,51389;SPRF-RS;DEL11-RS;UOP01-DEL11-RS
706315;21/07/2025;segunda-feira;17:50:00;RJ;393;269;BARRA DO PIRAI;Condutor deixou de manter distância do veículo da frente;Queda de ocupante de veículo;Sem Vítimas;Anoitecer;Decrescente;Céu Claro;Simples;Reta;Não;2;0;0;0;2;0;0;2;-22,4815164;-43,9548159;SPRF-RJ;DEL05-RJ;UOP04-DEL05-RJ
706316;21/07/2025;segunda-feira;17:30:00;MG;50;28;ARAGUARI;Condutor deixou de manter distância do veículo da frente;Colisão traseira;Com Vítimas Feridas;Anoitecer;Crescente;Céu Claro;Dupla;Reta;Não;3;0;3;0;0;0;3;2;-18,61842955;-48,1033802;SPRF-MG;DEL15-MG;UOP02-DEL15-MG
706317;21/07/2025;segunda-feira;18:15:00;PR;476;157;ARAUCARIA;Reação tardia ou ineficiente do condutor;Engavetamento;Sem Vítimas;Anoitecer;Crescente;Céu Claro;Simples;"Reta;Aclive";Sim;5;0;0;0;5;0;0;3;-25,60335796;-49,41972105;SPRF-PR;DEL01-PR;UOP06-DEL01-PR
706318;21/07/2025;segunda-feira;17:45:00;CE;116;13;FORTALEZA;Ingestão de álcool pelo condutor;Colisão com objeto;Com Vítimas Feridas;Pleno dia;Crescente;Céu Claro;Múltipla;Reta;Sim;1;0;0;1;0;0;1;1;-3,86523;-38,49812;SPRF-CE;DEL01-CE;UOP02-DEL01-CE
706319;21/07/2025;segunda-feira;18:25:00;GO;153;499;GOIANIA;Condutor deixou de manter distância do veículo da frente;Engavetamento;Com Vítimas Feridas;Plena Noite;Crescente;Ignorado;Dupla;Reta;Sim;3;0;1;0;2;0;1;2;-16,7019253;-49,2325099;SPRF-GO;DEL01-GO;UOP01-DEL01-GO
706320;21/07/2025;segunda-feira;18:27:00;PE;101;65;RECIFE;Manobra de mudança de faixa;Colisão lateral mesmo sentido;Com Vítimas Feridas;Plena Noite;Crescente;Nublado;Múltipla;Reta;Sim;2;0;0;1;1;0;1;2;-8,02883072;-34,9430643;SPRF-PE;DEL01-PE;UOP01-DEL01-PE
706323;21/07/2025;segunda-feira;18:19:00;PB;104;98,3;ESPERANCA;Deficiência do Sistema de Iluminação/Sinalização;Atropelamento de Pedestre;Com Vítimas Feridas;Plena Noite;Crescente;Céu Claro;Simples;Aclive;Não;2;0;1;1;0;0;2;2;-7,023446;-35,855908;SPRF-PB;DEL02-PB;UOP04-DEL02-PB
706325;21/07/2025;segunda-feira;17:30:00;PR;277;77;CURITIBA;Manobra de mudança de faixa;Colisão lateral mesmo sentido;Sem Vítimas;Anoitecer;Decrescente;Céu Claro;Dupla;Reta;Sim;2;0;0;0;2;0;0;2;-25,483257;-49,191581;SPRF-PR;DEL01-PR;UOP07-DEL01-PR
706326;21/07/2025;segunda-feira;18:15:00;SP;153;56;SAO JOSE DO RIO PRETO;Reação tardia ou ineficiente do condutor;Colisão com objeto;Com Vítimas Feridas;Plena Noite;Crescente;Céu Claro;Simples;"Interseção de Vias;Aclive;Viaduto;Reta";Sim;2;0;0;2;0;0;2;1;-20,76402;-49,34776;SPRF-SP;DEL09-SP;UOP01-DEL09-SP
706327;21/07/2025;segunda-feira;11:15:00;RJ;40;123;DUQUE DE CAXIAS;Manobra de mudança de faixa;Colisão lateral mesmo sentido;Com Vítimas Feridas;Pleno dia;Crescente;Céu Claro;Dupla;Reta;Sim;3;0;2;0;0;1;2;2;-22,8004264;-43,2901916;SPRF-RJ;DEL01-RJ;UOP02-DEL01-RJ
706329;21/07/2025;segunda-feira;18:50:00;GO;70;1;AGUAS LINDAS DE GOIAS;Ausência de reação do condutor;Colisão traseira;Com Vítimas Fatais;Plena Noite;Crescente;Céu Claro;Dupla;"Aclive;Reta";Não;2;1;0;0;1;0;0;2;-15,7758722;-48,2334386;SPRF-DF;DEL03-DF;UOP02-DEL03-DF
706330;21/07/2025;segunda-feira;19:00:00;RJ;101;510;ANGRA DOS REIS;Animais na Pista;Atropelamento de Animal;Com Vítimas Feridas;Plena Noite;Crescente;Nublado;Simples;Reta;Sim;1;0;1;0;0;0;1;1;-22,98999436;-44,24216063;SPRF-RJ;DEL03-RJ;UOP03-DEL03-RJ
706332;21/07/2025;segunda-feira;19:30:00;RN;110;44,7;MOSSORO;Ingestão de álcool pelo condutor;Colisão frontal;Com Vítimas Feridas;Plena Noite;Crescente;Céu Claro;Simples;Reta;Sim;3;0;2;0;1;0;2;2;-5,19148;-37,3098;SPRF-RN;DEL04-RN;UOP01-DEL04-RN
706334;21/07/2025;segunda-feira;14:40:00;SC;282;509,4;XANXERE;Condutor deixou de manter distância do veículo da frente;Engavetamento;Com Vítimas Feridas;Pleno dia;Crescente;Sol;Simples;Reta;Não;4;0;1;0;2;1;1;4;-26,891867;-52,458655;SPRF-SC;DEL07-SC;UOP01-DEL07-SC
706335;21/07/2025;segunda-feira;19:35:00;PR;376;311;MAUA DA SERRA;Ausência de reação do condutor;Queda de ocupante de veículo;Com Vítimas Feridas;Plena Noite;Crescente;Céu Claro;Dupla;Reta;Não;1;0;1;0;0;0;1;1;-23,93668251;-51,16744995;SPRF-PR;DEL07-PR;UOP02-DEL07-PR
706336;21/07/2025;segunda-feira;19:40:00;TO;153;335;GUARAI;Transitar na contramão;Colisão transversal;Com Vítimas Feridas;Plena Noite;Crescente;Céu Claro;Múltipla;Reta;Sim;3;0;2;0;1;0;2;2;-8,85059;-48,509842;SPRF-TO;DEL02-TO;UOP02-DEL02-TO
706337;21/07/2025;segunda-feira;19:10:00;MG;40;520;CONTAGEM;Manobra de mudança de faixa;Colisão lateral mesmo sentido;Com Vítimas Feridas;Plena Noite;Decrescente;Céu Claro;Dupla;Curva;Não;2;0;1;0;1;0;1;2;-19,84941511;-44,07242465;SPRF-MG;DEL01-MG;UOP02-DEL01-MG
706339;21/07/2025;segunda-feira;19:15:00;PB;230;2;CABEDELO;Demais falhas na via;Tombamento;Com Vítimas Feridas;Plena Noite;Decrescente;Céu Claro;Dupla;Reta;Sim;1;0;1;0;0;0;1;1;-6,98528547;-34,82890956;SPRF-PB;DEL01-PB;UOP01-DEL01-PB
706340;21/07/2025;segunda-feira;20:15:00;PR;277;79;CURITIBA;Ausência de reação do condutor;Colisão traseira;Com Vítimas Feridas;Plena Noite;Decrescente;Céu Claro;Dupla;"Declive;Reta";Sim;2;0;1;0;0;1;1;2;-25,4811;-49,1963;SPRF-PR;DEL01-PR;UOP07-DEL01-PR
706341;21/07/2025;segunda-feira;18:30:00;AL;423;105;DELMIRO GOUVEIA;Reação tardia ou ineficiente do condutor;Colisão lateral mesmo sentido;Com Vítimas Feridas;Plena Noite;Crescente;Céu Claro;Simples;Reta;Não;3;0;1;0;2;0;1;2;-9,415117;-38,19613;SPRF-BA;DEL07-BA;UOP01-DEL07-BA
706344;21/07/2025;segunda-feira;18:45:00;RJ;101;169;MACAE;Ultrapassagem Indevida;Colisão transversal;Com Vítimas Feridas;Plena Noite;Crescente;Céu Claro;Simples;Curva;Não;3;0;1;1;1;0;2;2;-22,33900145;-41,91721916;SPRF-RJ;DEL08-RJ;UOP04-DEL08-RJ
706345;04/06/2025;quarta-feira;02:00:00;PB;101;64,8;SANTA RITA;Demais falhas mecânicas ou elétricas;Colisão com objeto;Com Vítimas Feridas;Plena Noite;Decrescente;Céu Claro;Dupla;Reta;Não;2;0;1;1;0;0;2;1;-7,04091;-35,051453;SPRF-PB;DEL01-PB;UOP03-DEL01-PB
706346;21/07/2025;segunda-feira;20:50:00;PR;116;126;FAZENDA RIO GRANDE;Reação tardia ou ineficiente do condutor;Colisão traseira;Sem Vítimas;Plena Noite;Crescente;Nublado;Dupla;Reta;Sim;2;0;0;0;1;1;0;2;-25,636508;-49,313505;SPRF-PR;DEL01-PR;UOP03-DEL01-PR
706347;21/07/2025;segunda-feira;16:00:00;SC;101;156;PORTO BELO;Acessar a via sem observar a presença dos outros veículos;Colisão traseira;Com Vítimas Feridas;Pleno dia;Crescente;Céu Claro;Simples;Reta;Sim;2;0;1;0;1;0;1;2;-27,14580826;-48,61411572;SPRF-SC;DEL04-SC;UOP03-DEL04-SC
706349;21/07/2025;segunda-feira;19:00:00;RO;364;517,4;ARIQUEMES;Animais na Pista;Atropelamento de Animal;Com Vítimas Feridas;Plena Noite;Decrescente;Céu Claro;Dupla;"Aclive;Reta";Não;1;0;0;1;0;0;1;1;-9,902923;-63,056267;SPRF-RO;DEL03-RO;UOP01-DEL03-RO
706350;21/07/2025;segunda-feira;19:50:00;PR;277;587;CASCAVEL;Ausência de reação do condutor;Tombamento;Com Vítimas Feridas;Plena Noite;Decrescente;Céu Claro;Simples;Reta;Não;2;0;2;0;0;0;2;1;-24,966139;-53,423287;SPRF-PR;DEL04-PR;UOP01-DEL04-PR
706351;21/07/2025;segunda-feira;19:30:00;SE;101;197;CRISTINAPOLIS;Transitar no Acostamento;Eventos atípicos;Com Vítimas Feridas;Plena Noite;Decrescente;Nublado;Simples;Curva;Não;2;0;1;1;0;0;2;2;-11,471082;-37,747625;SPRF-SE;DEL02-SE;UOP03-DEL02-SE
706352;21/07/2025;segunda-feira;18:45:00;RO;364;345;JI-PARANA;Ausência de reação do condutor;Colisão lateral mesmo sentido;Com Vítimas Feridas;Anoitecer;Crescente;Céu Claro;Dupla;Reta;Sim;4;0;3;0;1;0;3;2;-10,866357;-61,968045;SPRF-RO;DEL02-RO;UOP01-DEL02-RO
706353;21/07/2025;segunda-feira;22:00:00;ES;101;18,5;SERRA;Reação tardia ou ineficiente do condutor;Colisão com objeto;Com Vítimas Feridas;Plena Noite;Decrescente;Céu Claro;Dupla;Curva;Não;1;0;0;1;0;0;1;1;-20,217911;-40,33605;SPRF-ES;DEL02-ES;UOP01-DEL02-ES
706354;21/07/2025;segunda-feira;19:20:00;RJ;101;334;RIO DE JANEIRO;Manobra de mudança de faixa;Colisão lateral mesmo sentido;Com Vítimas Feridas;Anoitecer;Crescente;Céu Claro;Dupla;"Viaduto;Curva";Não;2;0;1;0;1;0;1;2;-22,88237911;-43,21596891;SPRF-RJ;DEL02-RJ;UOP01-DEL02-RJ
706357;21/07/2025;segunda-feira;21:30:00;MG;116;682,2;MURIAE;Velocidade Incompatível;Queda de ocupante de veículo;Com Vítimas Feridas;Plena Noite;Crescente;Céu Claro;Simples;Reta;Não;1;0;0;1;0;0;1;1;-20,96141958;-42,35229492;SPRF-MG;DEL07-MG;UOP02-DEL07-MG
706358;21/07/2025;segunda-feira;22:00:00;RJ;101;485;ANGRA DOS REIS;Reação tardia ou ineficiente do condutor;Queda de ocupante de veículo;Com Vítimas Feridas;Plena Noite;Decrescente;Céu Claro;Simples;Rotatória;Sim;1;0;0;1;0;0;1;1;-22,98997862;-44,24212663;SPRF-RJ;DEL03-RJ;UOP03-DEL03-RJ
706359;21/07/2025;segunda-feira;19:40:00;MG;40;85,4;PARACATU;Afundamento ou ondulação no pavimento;Queda de ocupante de veículo;Com Vítimas Feridas;Plena Noite;Crescente;Céu Claro;Simples;Reta;Não;1;0;1;0;0;0;1;1;-17,46022998;-46,66362047;SPRF-MG;DEL14-MG;UOP01-DEL14-MG
706360;21/07/2025;segunda-feira;21:30:00;MG;50;50;ARAGUARI;Ingestão de álcool pelo condutor;Saída de leito carroçável;Sem Vítimas;Plena Noite;Crescente;Céu Claro;Dupla;Reta;Não;1;0;0;0;1;0;0;1;-18,733729;-48,225201;SPRF-MG;DEL15-MG;UOP02-DEL15-MG
706362;21/07/2025;segunda-feira;23:00:00;SC;101;206,5;SAO JOSE;Reação tardia ou ineficiente do condutor;Colisão lateral mesmo sentido;Com Vítimas Feridas;Plena Noite;Crescente;Nublado;Múltipla;Curva;Não;2;0;1;0;1;0;1;2;-27,59692;-48,61998;SPRF-SC;DEL01-SC;UOP01-DEL01-SC
706363;21/07/2025;segunda-feira;23:00:00;SP;116;226;GUARULHOS;Ausência de reação do condutor;Queda de ocupante de veículo;Com Vítimas Feridas;Plena Noite;Crescente;Nublado;Múltipla;Reta;Sim;4;0;3;0;1;0;3;3;-23,49372033;-46,5533485;SPRF-SP;DEL01-SP;UOP01-DEL01-SP
706364;21/07/2025;segunda-feira;23:15:00;SC;101;188;BIGUACU;Objeto estático sobre o leito carroçável;Colisão com objeto;Com Vítimas Feridas;Plena Noite;Decrescente;Céu Claro;Múltipla;Reta;Não;1;0;1;0;0;0;1;1;-27,488;-48,631;SPRF-SC;DEL01-SC;UOP01-DEL01-SC
706366;21/07/2025;segunda-feira;23:35:00;PB;230;27;JOAO PESSOA;Ausência de reação do condutor;Saída de leito carroçável;Sem Vítimas;Plena Noite;Decrescente;Céu Claro;Dupla;"Declive;Reta";Sim;1;0;0;0;0;1;0;1;-7,16551376;-34,89455134;SPRF-PB;DEL01-PB;UOP01-DEL01-PB
706367;21/07/2025;segunda-feira;21:30:00;MG;381;364,6;SAO GONCALO DO RIO ABAIXO;Ausência de reação do condutor;Colisão traseira;Com Vítimas Feridas;Plena Noite;Crescente;Céu Claro;Simples;Curva;Sim;2;0;1;0;1;0;1;2;-19,85108;-43,27278;SPRF-MG;DEL03-MG;UOP01-DEL03-MG
706368;21/07/2025;segunda-feira;18:30:00;RR;174;625;AMAJARI;Demais falhas na via;Saída de leito carroçável;Com Vítimas Feridas;Plena Noite;Decrescente;Nublado;Simples;Reta;Não;2;0;2;0;0;0;2;1;3,73146642;-61,00304604;SPRF-RR;DEL01-RR;UOP01-DEL01-RR
706370;22/07/2025;terça-feira;02:20:00;SP;116;315,6;JUQUITIBA;Demais falhas mecânicas ou elétricas;Capotamento;Sem Vítimas;Plena Noite;Crescente;Nevoeiro/Neblina;Dupla;Reta;Não;1;0;0;0;1;0;0;1;-23,90513483;-46,99183001;SPRF-SP;DEL04-SP;UOP03-DEL04-SP
706375;21/07/2025;segunda-feira;18:15:00;RS;386;246;SOLEDADE;Ingestão de álcool pelo condutor;Saída de leito carroçável;Sem Vítimas;Plena Noite;Decrescente;Céu Claro;Simples;"Em Obras;Reta";Sim;1;0;0;0;1;0;0;1;-28,81189966;-52,49679646;SPRF-RS;DEL04-RS;UOP03-DEL04-RS
706376;22/07/2025;terça-feira;05:20:00;PB;230;145,7;CAMPINA GRANDE;Ausência de reação do condutor;Tombamento;Com Vítimas Feridas;Pleno dia;Crescente;Céu Claro;Dupla;Reta;Sim;1;0;0;1;0;0;1;1;-7,246325;-35,849132;SPRF-PB;DEL02-PB;UOP01-DEL02-PB
706378;22/07/2025;terça-feira;04:30:00;RJ;40;124;DUQUE DE CAXIAS;Demais falhas mecânicas ou elétricas;Incêndio;Sem Vítimas;Plena Noite;Decrescente;Céu Claro;Dupla;Reta;Sim;1;0;0;0;0;1;0;1;-22,80485956;-43,28965936;SPRF-RJ;DEL01-RJ;UOP02-DEL01-RJ
706380;21/07/2025;segunda-feira;23:00:00;RS;158;411;PANAMBI;Afundamento ou ondulação no pavimento;Incêndio;Sem Vítimas;Plena Noite;Crescente;Céu Claro;Simples;Reta;Não;1;0;0;0;0;1;0;1;-28,3515252;-53,49002838;SPRF-RS;DEL11-RS;UOP02-DEL11-RS
706381;22/07/2025;terça-feira;05:00:00;SP;116;218;GUARULHOS;Reação tardia ou ineficiente do condutor;Colisão traseira;Com Vítimas Feridas;Amanhecer;Crescente;Nublado;Múltipla;Reta;Sim;2;0;1;0;1;0;1;2;-23,46188278;-46,49078099;SPRF-SP;DEL01-SP;UOP01-DEL01-SP
706383;22/07/2025;terça-feira;05:57:00;MG;116;314,8;ITAMBACURI;Transitar na contramão;Colisão frontal;Com Vítimas Feridas;Amanhecer;Crescente;Céu Claro;Simples;Reta;Não;62;0;2;4;56;0;6;3;-18,11002;-41,692162;SPRF-MG;DEL11-MG;UOP01-DEL11-MG
706386;22/07/2025;terça-feira;06:53:00;PE;101;23;GOIANA;Manobra de mudança de faixa;Capotamento;Com Vítimas Feridas;Pleno dia;Decrescente;Céu Claro;Dupla;Reta;Não;2;0;1;0;1;0;1;1;-7,687178;-34,922473;SPRF-PE;DEL01-PE;UOP02-DEL01-PE
706387;22/07/2025;terça-feira;07:25:00;SC;101;210,1;SAO JOSE;Reação tardia ou ineficiente do condutor;Colisão traseira;Com Vítimas Feridas;Pleno dia;Crescente;Céu Claro;Dupla;Reta;Sim;2;0;1;0;1;0;1;2;-27,61767807;-48,64668846;SPRF-SC;DEL01-SC;UOP01-DEL01-SC
706388;19/07/2025;sábado;05:55:00;RJ;101;322;NITEROI;Ausência de reação do condutor;Colisão traseira;Com Vítimas Feridas;Amanhecer;Decrescente;Céu Claro;Múltipla;Reta;Não;2;0;1;0;1;0;1;2;-22,87668663;-43,1176657;SPRF-RJ;DEL02-RJ;UOP01-DEL02-RJ
706389;22/07/2025;terça-feira;07:00:00;ES;101;265,5;SERRA;Condutor deixou de manter distância do veículo da frente;Colisão traseira;Com Vítimas Feridas;Pleno dia;Crescente;Céu Claro;Dupla;Reta;Sim;2;0;1;0;1;0;1;2;-20,18813439;-40,26843381;SPRF-ES;DEL02-ES;UOP01-DEL02-ES
706390;22/07/2025;terça-feira;07:20:00;ES;101;203;JOAO NEIVA;Velocidade Incompatível;Saída de leito carroçável;Sem Vítimas;Pleno dia;Crescente;Céu Claro;Simples;Reta;Não;1;0;0;0;0;1;0;1;-19,74554411;-40,37613837;SPRF-ES;DEL04-ES;UOP01-DEL04-ES
706394;21/07/2025;segunda-feira;23:17:00;MG;381;723,1;CARMO DA CACHOEIRA;Ausência de reação do condutor;Saída de leito carroçável;Com Vítimas Feridas;Plena Noite;Decrescente;Nublado;Dupla;"Declive;Reta";Não;1;0;1;0;0;0;1;1;-21,454802;-45,211486;SPRF-MG;DEL04-MG;UOP02-DEL04-MG
706395;22/07/2025;terça-feira;07:40:00;ES;101;144;LINHARES;Velocidade Incompatível;Atropelamento de Pedestre;Com Vítimas Feridas;Pleno dia;Decrescente;Céu Claro;Dupla;Reta;Não;3;0;3;0;0;0;3;2;-19,35402527;-40,06360143;SPRF-ES;DEL04-ES;UOP01-DEL04-ES
706396;22/07/2025;terça-feira;07:38:00;SP;153;60,8;SAO JOSE DO RIO PRETO;Manobra de mudança de faixa;Colisão lateral mesmo sentido;Com Vítimas Feridas;Pleno dia;Crescente;Céu Claro;Dupla;Reta;Sim;2;0;1;0;1;0;1;2;-20,8013;-49,35464;SPRF-SP;DEL09-SP;UOP01-DEL09-SP
706397;04/06/2025;quarta-feira;18:00:00;BA;101;104;ALAGOINHAS;Ausência de reação do condutor;Queda de ocupante de veículo;Com Vítimas Feridas;Plena Noite;Crescente;Céu Claro;Simples;Reta;Não;1;0;0;1;0;0;1;1;-12,11775865;-38,39341026;SPRF-BA;DEL01-BA;UOP04-DEL01-BA
706398;22/07/2025;terça-feira;08:02:00;PB;101;87,5;JOAO PESSOA;Trafegar com motocicleta (ou similar) entre as faixas;Colisão lateral mesmo sentido;Com Vítimas Feridas;Pleno dia;Decrescente;Sol;Dupla;"Reta;Aclive";Sim;2;0;1;0;1;0;1;2;-7,1612548;-34,9006552;SPRF-PB;DEL01-PB;UOP01-DEL01-PB
706399;22/07/2025;terça-feira;07:40:00;SC;101;203;SAO JOSE;Manobra de mudança de faixa;Colisão traseira;Com Vítimas Feridas;Pleno dia;Crescente;Céu Claro;Simples;Reta;Sim;2;0;1;0;1;0;1;2;-27,56512;-48,614875;SPRF-SC;DEL01-SC;UOP01-DEL01-SC