id;data_inversa;dia_semana;horario;uf;br;km;municipio;causa_acidente;tipo_acidente;classificacao_acidente;fase_dia;sentido_via;condicao_metereologica;tipo_pista;tracado_via;uso_solo;pessoas;mortos;feridos_leves;feridos_graves;ilesos;ignorados;feridos;veiculos;latitude;longitude;regional;delegacia;uop
706552;01/07/2025;terça-feira;18:45:00;BA;242;815;BARREIRAS;Condutor deixou de manter distância do veículo da frente;Colisão traseira;Com Vítimas Feridas;Plena Noite;Crescente;Céu Claro;Simples;Reta;Não;2;0;2;0;0;0;2;2;-12,10339;-44,966605;SPRF-BA;DEL10-BA;UOP01-DEL10-BA
706553;22/07/2025;terça-feira;19:57:00;PE;232;9;RECIFE;Demais falhas mecânicas ou elétricas;Incêndio;Sem Vítimas;Plena Noite;Decrescente;Céu Claro;Dupla;"Reta;Viaduto";Sim;4;0;0;0;4;0;0;1;-8,07751599;-34,97666923;SPRF-PE;DEL01-PE;UOP01-DEL01-PE
706554;22/07/2025;terça-feira;18:50:00;MT;364;269,9;JACIARA;Conversão proibida;Colisão frontal;Com Vítimas Feridas;Plena Noite;Crescente;Céu Claro;Dupla;"Retorno Regulamentado;Reta;Aclive";Não;5;0;0;2;3;0;2;2;-15,968661;-54,943843;SPRF-MT;DEL02-MT;UOP01-DEL02-MT
706555;22/07/2025;terça-feira;19:32:00;TO;10;475;PALMAS;Ausência de reação do condutor;Atropelamento de Pedestre;Com Vítimas Feridas;Plena Noite;Crescente;Céu Claro;Simples;Reta;Sim;2;0;1;0;0;1;1;2;-10,23646135;-48,22125197;SPRF-TO;DEL01-TO;UOP03-DEL01-TO
706556;22/07/2025;terça-feira;17:45:00;RJ;40;123;DUQUE DE CAXIAS;Reação tardia ou ineficiente do condutor;Queda de ocupante de veículo;Com Vítimas Feridas;Anoitecer;Decrescente;Nublado;Múltipla;Reta;Sim;1;0;1;0;0;0;1;1;-22,80620238;-43,28938041;SPRF-RJ;DEL01-RJ;UOP02-DEL01-RJ
706559;22/07/2025;terça-feira;19:40:00;RJ;116;127;MAGE;Avarias e/ou desgaste excessivo no pneu;Queda de ocupante de veículo;Com Vítimas Feridas;Plena Noite;Decrescente;Nublado;Dupla;Reta;Não;4;0;0;3;1;0;3;3;-22,6602744;-43,09215546;SPRF-RJ;DEL04-RJ;UOP02-DEL04-RJ
706560;22/07/2025;terça-feira;16:30:00;SE;101;93;NOSSA SENHORA DO SOCORRO;Animais na Pista;Atropelamento de Animal;Com Vítimas Feridas;Pleno dia;Decrescente;Céu Claro;Dupla;Reta;Não;1;0;1;0;0;0;1;1;-10,90238269;-37,14529037;SPRF-SE;DEL01-SE;UOP01-DEL01-SE
706562;22/07/2025;terça-feira;19:00:00;BA;116;348;SERRINHA;Transitar na contramão;Colisão frontal;Com Vítimas Feridas;Plena Noite;Crescente;Céu Claro;Simples;Reta;Sim;3;0;0;1;2;0;1;2;-11,62000587;-38,98265022;SPRF-BA;DEL02-BA;UOP01-DEL02-BA
706563;22/07/2025;terça-feira;18:40:00;MT;70;5,2;BARRA DO GARCAS;Condutor deixou de manter distância do veículo da frente;Queda de ocupante de veículo;Com Vítimas Feridas;Anoitecer;Crescente;Céu Claro;Simples;Reta;Sim;1;0;1;0;0;0;1;1;-15,877948;-52,2984;SPRF-MT;DEL07-MT;UOP01-DEL07-MT
706564;22/07/2025;terça-feira;19:45:00;PI;343;326,2;TERESINA;Transitar na contramão;Colisão frontal;Com Vítimas Feridas;Plena Noite;Decrescente;Céu Claro;Simples;Reta;Não;2;0;0;1;1;0;1;2;-5,069978;-42,618512;SPRF-PI;DEL01-PI;UOP01-DEL01-PI
706565;22/07/2025;terça-feira;18:00:00;MG;116;525,2;CARATINGA;Acessar a via sem observar a presença dos outros veículos;Colisão frontal;Com Vítimas Feridas;Anoitecer;Crescente;Céu Claro;Simples;Reta;Sim;2;0;1;0;1;0;1;2;-19,77462124;-42,13243783;SPRF-MG;DEL06-MG;UOP02-DEL06-MG
706567;22/07/2025;terça-feira;19:00:00;RN;226;322;MESSIAS TARGINO;Ausência de reação do condutor;Saída de leito carroçável;Com Vítimas Feridas;Plena Noite;Crescente;Ignorado;Simples;Curva;Sim;4;0;2;1;1;0;3;1;-6,07366676;-37,50771046;SPRF-RN;DEL04-RN;UOP01-DEL04-RN
706568;22/07/2025;terça-feira;20:05:00;SC;470;144,6;RIO DO SUL;Reação tardia ou ineficiente do condutor;Saída de leito carroçável;Com Vítimas Feridas;Plena Noite;Crescente;Céu Claro;Simples;Reta;Sim;2;0;0;2;0;0;2;1;-27,229755;-49,669098;SPRF-SC;DEL04-SC;UOP02-DEL04-SC
706569;22/07/2025;terça-feira;18:45:00;PR;376;40,1;NOVA LONDRINA;Ultrapassagem Indevida;Colisão frontal;Com Vítimas Fatais;Plena Noite;Decrescente;Céu Claro;Simples;Reta;Não;3;1;0;2;0;0;2;2;-22,82618;-53,003033;SPRF-PR;DEL09-PR;UOP02-DEL09-PR
706570;22/07/2025;terça-feira;18:42:00;PI;230;306;FLORIANO;Ausência de reação do condutor;Colisão lateral sentido oposto;Com Vítimas Feridas;Plena Noite;Crescente;Céu Claro;Simples;Reta;Sim;3;0;3;0;0;0;3;2;-6,78918552;-42,98983455;SPRF-PI;DEL03-PI;UOP01-DEL03-PI
706572;22/07/2025;terça-feira;20:33:00;GO;60;23;ALEXANIA;Ingestão de álcool pelo condutor;Colisão transversal;Sem Vítimas;Plena Noite;Crescente;Céu Claro;Dupla;Reta;Não;1;0;0;0;1;0;0;1;-16,10226945;-48,45666945;SPRF-DF;DEL03-DF;UOP01-DEL03-DF
706574;22/07/2025;terça-feira;21:30:00;SP;381;50;ATIBAIA;Acesso irregular;Colisão frontal;Com Vítimas Feridas;Anoitecer;Decrescente;Céu Claro;Dupla;Interseção de Vias;Sim;4;0;0;1;1;2;1;3;-23,2155047;-46,5939589;SPRF-SP;DEL03-SP;UOP01-DEL03-SP
706575;22/07/2025;terça-feira;20:20:00;PR;376;4;MARINGA;Demais falhas mecânicas ou elétricas;Incêndio;Sem Vítimas;Plena Noite;Crescente;Céu Claro;Dupla;Curva;Sim;1;0;0;0;1;0;0;1;-23,37996;-51,95695;SPRF-PR;DEL09-PR;UOP01-DEL09-PR
706576;22/07/2025;terça-feira;21:00:00;SC;101;199,7;SAO JOSE;Demais falhas mecânicas ou elétricas;Colisão com objeto;Sem Vítimas;Plena Noite;Decrescente;Céu Claro;Dupla;"Aclive;Curva";Sim;1;0;0;0;1;0;0;1;-27,538311;-48,624613;SPRF-SC;DEL01-SC;UOP01-DEL01-SC
706579;22/07/2025;terça-feira;20:05:00;MG;116;176,4;PADRE PARAISO;Ausência de reação do condutor;Saída de leito carroçável;Com Vítimas Feridas;Plena Noite;Decrescente;Céu Claro;Simples;Curva;Não;1;0;1;0;0;0;1;1;-17,065318;-41,468703;SPRF-MG;DEL11-MG;UOP02-DEL11-MG
706581;18/07/2025;sexta-feira;19:40:00;SC;101;204;SAO JOSE;Condutor deixou de manter distância do veículo da frente;Colisão traseira;Com Vítimas Feridas;Plena Noite;Decrescente;Céu Claro;Dupla;Reta;Sim;2;0;1;0;1;0;1;2;-27,58207;-48,61493;SPRF-SC;DEL01-SC;UOP01-DEL01-SC
706582;22/07/2025;terça-feira;18:00:00;MT;163;830;SINOP;Condutor deixou de manter distância do veículo da frente;Colisão traseira;Com Vítimas Feridas;Plena Noite;Decrescente;Céu Claro;Dupla;Reta;Sim;3;0;1;1;1;0;2;3;-11,9009;-55,50567;SPRF-MT;DEL06-MT;UOP02-DEL06-MT
706585;22/07/2025;terça-feira;21:40:00;MS;163;87,6;ITAQUIRAI;Velocidade Incompatível;Colisão com objeto;Com Vítimas Feridas;Plena Noite;Crescente;Céu Claro;Simples;"Declive;Reta;Ponte";Não;2;0;2;0;0;0;2;1;-23,390973;-54,211087;SPRF-MS;DEL09-MS;UOP01-DEL09-MS
706586;22/07/2025;terça-feira;21:00:00;MG;50;12,7;UBERLANDIA;Ausência de reação do condutor;Saída de leito carroçável;Com Vítimas Feridas;Plena Noite;Crescente;Céu Claro;Simples;Rotatória;Não;1;0;1;0;0;0;1;1;-18,90142362;-48,18695482;SPRF-MG;DEL15-MG;UOP01-DEL15-MG
706589;22/07/2025;terça-feira;22:10:00;PI;316;10,9;TERESINA;Desrespeitar a preferência no cruzamento;Colisão transversal;Com Vítimas Feridas;Plena Noite;Crescente;Céu Claro;Dupla;Rotatória;Sim;3;0;2;0;0;1;2;2;-5,19089205;-42,76128173;SPRF-PI;DEL01-PI;UOP02-DEL01-PI
706590;22/07/2025;terça-feira;23:40:00;SC;101;164,5;TIJUCAS;Reação tardia ou ineficiente do condutor;Tombamento;Com Vítimas Feridas;Plena Noite;Crescente;Céu Claro;Simples;Interseção de Vias;Não;1;0;1;0;0;0;1;1;-27,23997867;-48,63063812;SPRF-SC;DEL04-SC;UOP03-DEL04-SC
706591;23/06/2025;segunda-feira;13:12:00;PA;163;310;NOVO PROGRESSO;Conversão proibida;Colisão frontal;Com Vítimas Feridas;Pleno dia;Crescente;Céu Claro;Simples;Reta;Sim;2;0;1;0;1;0;1;2;-7,052089;-55,409928;SPRF-PA;DEL05-PA;UOP03-DEL05-PA
706592;22/07/2025;terça-feira;22:30:00;MG;365;3,2;MONTES CLAROS;Ingestão de álcool pelo condutor;Saída de leito carroçável;Com Vítimas Feridas;Plena Noite;Crescente;Céu Claro;Simples;Reta;Não;2;0;1;1;0;0;2;1;-16,791;-43,895;SPRF-MG;DEL12-MG;UOP01-DEL12-MG
706595;23/07/2025;quarta-feira;00:10:00;MG;262;359,9;JUATUBA;Reação tardia ou ineficiente do condutor;Colisão traseira;Com Vítimas Feridas;Plena Noite;Crescente;Céu Claro;Dupla;Reta;Sim;2;0;0;1;1;0;1;2;-19,972559;-44,31103;SPRF-MG;DEL01-MG;UOP03-DEL01-MG
706596;22/07/2025;terça-feira;23:00:00;MS;163;501,7;JARAGUARI;Animais na Pista;Atropelamento de Animal;Sem Vítimas;Plena Noite;Crescente;Céu Claro;Simples;"Reta;Aclive";Não;3;0;0;0;3;0;0;1;-20,30530622;-54,50687377;SPRF-MS;DEL01-MS;UOP02-DEL01-MS
706597;23/07/2025;quarta-feira;00:10:00;SC;280;18,6;BALNEARIO BARRA DO SUL;Reação tardia ou ineficiente do condutor;Capotamento;Com Vítimas Feridas;Plena Noite;Decrescente;Nublado;Simples;Curva;Sim;1;0;1;0;0;0;1;1;-26,36898;-48,66983;SPRF-SC;DEL03-SC;UOP03-DEL03-SC
706600;23/07/2025;quarta-feira;00:03:00;TO;153;569,9;FATIMA;Reação tardia ou ineficiente do condutor;Saída de leito carroçável;Com Vítimas Feridas;Plena Noite;Decrescente;Céu Claro;Simples;Reta;Não;4;0;1;0;3;0;1;1;-10,825611;-48,90368;SPRF-TO;DEL01-TO;UOP01-DEL01-TO
706602;22/07/2025;terça-feira;23:40:00;MG;381;448,8;BELO HORIZONTE;Retorno proibido;Colisão transversal;Com Vítimas Feridas;Plena Noite;Crescente;Céu Claro;Simples;"Aclive;Reta";Não;2;0;0;1;1;0;1;2;-19,83435;-43,85963;SPRF-MG;DEL01-MG;UOP01-DEL01-MG
706603;18/07/2025;sexta-feira;18:25:00;BA;324;611;SIMOES FILHO;Trafegar com motocicleta (ou similar) entre as faixas;Colisão lateral mesmo sentido;Com Vítimas Feridas;Plena Noite;Crescente;Céu Claro;Dupla;Reta;Sim;2;0;0;1;1;0;1;2;-12,8467139;-38,4180002;SPRF-BA;DEL01-BA;UOP01-DEL01-BA
706605;23/07/2025;quarta-feira;03:20:00;SE;101;100;SAO CRISTOVAO;Ingestão de álcool pelo condutor;Colisão com objeto;Com Vítimas Feridas;Plena Noite;Crescente;Chuva;Dupla;"Reta;Declive";Não;1;0;0;1;0;0;1;1;-10,9453333;-37,204235;SPRF-SE;DEL02-SE;UOP01-DEL02-SE
706607;23/07/2025;quarta-feira;04:00:00;MG;50;76;UBERLANDIA;Pedestre cruzava a pista fora da faixa;Atropelamento de Pedestre;Com Vítimas Fatais;Plena Noite;Decrescente;Céu Claro;Dupla;Reta;Sim;2;1;0;0;1;0;0;2;-18,91938965;-48,22241664;SPRF-MG;DEL15-MG;UOP01-DEL15-MG
706608;23/07/2025;quarta-feira;04:15:00;MG;153;118;PRATA;Transitar na contramão;Colisão frontal;Com Vítimas Feridas;Plena Noite;Crescente;Céu Claro;Simples;"Reta;Aclive";Não;6;0;3;2;0;1;5;3;-19,38558051;-48,89759948;SPRF-MG;DEL15-MG;UOP03-DEL15-MG
706610;23/07/2025;quarta-feira;05:31:00;PE;101;66;RECIFE;Pedestre cruzava a pista fora da faixa;Tombamento;Com Vítimas Fatais;Pleno dia;Decrescente;Garoa/Chuvisco;Múltipla;Reta;Sim;3;1;2;0;0;0;2;2;-8,03456;-34,941702;SPRF-PE;DEL01-PE;UOP01-DEL01-PE
706612;23/07/2025;quarta-feira;05:15:00;PA;316;30;SANTA IZABEL DO PARA;Ausência de reação do condutor;Saída de leito carroçável;Com Vítimas Fatais;Amanhecer;Crescente;Céu Claro;Dupla;Curva;Não;1;1;0;0;0;0;0;1;-1,3003195;-48,1934059;SPRF-PA;DEL01-PA;UOP01-DEL01-PA
706613;23/07/2025;quarta-feira;05:55:00;MG;50;69;UBERLANDIA;Ausência de reação do condutor;Tombamento;Com Vítimas Feridas;Amanhecer;Decrescente;Céu Claro;Simples;Curva;Não;1;0;1;0;0;0;1;1;-18,88476153;-48,26498363;SPRF-MG;DEL15-MG;UOP01-DEL15-MG
706614;23/07/2025;quarta-feira;06:40:00;SC;101;211,1;PALHOCA;Reação tardia ou ineficiente do condutor;Colisão traseira;Com Vítimas Feridas;Pleno dia;Decrescente;Nublado;Múltipla;Reta;Sim;2;0;1;0;1;0;1;2;-27,624173;-48,653037;SPRF-SC;DEL01-SC;UOP02-DEL01-SC
706615;23/07/2025;quarta-feira;06:04:00;PE;232;16;JABOATAO DOS GUARARAPES;Condutor Dormindo;Saída de leito carroçável;Sem Vítimas;Amanhecer;Decrescente;Chuva;Dupla;Reta;Não;1;0;0;0;0;1;0;1;-8,0964838;-35,0475923;SPRF-PE;DEL01-PE;UOP01-DEL01-PE
706616;23/07/2025;quarta-feira;06:45:00;PB;230;23,9;JOAO PESSOA;Reação tardia ou ineficiente do condutor;Queda de ocupante de veículo;Com Vítimas Feridas;Pleno dia;Decrescente;Nublado;Dupla;"Viaduto;Reta";Sim;2;0;1;0;1;0;1;1;-7,16531;-34,862667;SPRF-PB;DEL01-PB;UOP01-DEL01-PB
706617;23/07/2025;quarta-feira;06:30:00;MG;381;480;CONTAGEM;Condutor deixou de manter distância do veículo da frente;Colisão traseira;Com Vítimas Feridas;Amanhecer;Crescente;Céu Claro;Múltipla;Reta;Sim;2;0;1;0;1;0;1;2;-19,961378;-44,051001;SPRF-MG;DEL01-MG;UOP03-DEL01-MG
706618;22/07/2025;terça-feira;14:30:00;SC;470;80,2;RODEIO;Condutor Dormindo;Saída de leito carroçável;Com Vítimas Feridas;Pleno dia;Crescente;Céu Claro;Simples;Curva;Sim;1;0;1;0;0;0;1;1;-26,94822488;-49,31879489;SPRF-SC;DEL04-SC;UOP01-DEL04-SC
706619;23/07/2025;quarta-feira;06:40:00;SP;381;49;ATIBAIA;Ausência de reação do condutor;Colisão com objeto;Com Vítimas Feridas;Pleno dia;Decrescente;Céu Claro;Simples;"Reta;Aclive";Não;1;0;1;0;0;0;1;1;-23,2093369;-46,5917117;SPRF-SP;DEL03-SP;UOP01-DEL03-SP
706620;23/07/2025;quarta-feira;06:30:00;PB;101;111;ALHANDRA;Ingestão de álcool pelo condutor;Colisão transversal;Com Vítimas Feridas;Pleno dia;Crescente;Céu Claro;Dupla;"Reta;Retorno Regulamentado";Não;5;0;1;0;3;1;1;2;-7,35982261;-34,95141816;SPRF-PB;DEL01-PB;UOP01-DEL01-PB
706622;23/07/2025;quarta-feira;06:40:00;RS;101;71;OSORIO;Pedestre cruzava a pista fora da faixa;Atropelamento de Pedestre;Com Vítimas Feridas;Amanhecer;Decrescente;Nevoeiro/Neblina;Dupla;Curva;Sim;2;0;0;1;1;0;1;2;-29,7637259;-50,21768229;SPRF-RS;DEL03-RS;UOP01-DEL03-RS
706623;22/07/2025;terça-feira;15:30:00;RJ;101;386;ITAGUAI;Acumulo de areia ou detritos sobre o pavimento;Queda de ocupante de veículo;Com Vítimas Feridas;Pleno dia;Decrescente;Nublado;Múltipla;Retorno Regulamentado;Sim;1;0;1;0;0;0;1;1;-22,8589342;-43,7591329;SPRF-RJ;DEL03-RJ;UOP01-DEL03-RJ
706624;23/07/2025;quarta-feira;01:10:00;MA;135;340,5;PRESIDENTE DUTRA;Transitar na contramão;Colisão frontal;Com Vítimas Feridas;Plena Noite;Decrescente;Céu Claro;Dupla;Reta;Sim;2;0;0;1;0;1;1;2;-5,291955;-44,492932;SPRF-MA;DEL06-MA;UOP01-DEL06-MA
706625;23/07/2025;quarta-feira;05:30:00;MT;163;905;CLAUDIA;Transitar na contramão;Colisão frontal;Com Vítimas Fatais;Amanhecer;Crescente;Céu Claro;Simples;Aclive;Não;5;1;1;2;1;0;3;2;-11,31578739;-55,32440186;SPRF-MT;DEL06-MT;UOP02-DEL06-MT
706630;23/07/2025;quarta-feira;07:05:00;BA;324;616;SIMOES FILHO;Trafegar com motocicleta (ou similar) entre as faixas;Colisão lateral mesmo sentido;Com Vítimas Feridas;Pleno dia;Decrescente;Céu Claro;Dupla;Reta;Sim;2;0;1;0;1;0;1;2;-12,89246922;-38,44665527;SPRF-BA;DEL01-BA;UOP01-DEL01-BA
706633;23/07/2025;quarta-feira;07:40:00;ES;101;290,3;CARIACICA;Avarias e/ou desgaste excessivo no pneu;Tombamento;Com Vítimas Feridas;Pleno dia;Crescente;Céu Claro;Dupla;Reta;Sim;2;0;2;0;0;0;2;1;-20,29406848;-40,39324936;SPRF-ES;DEL01-ES;UOP01-DEL01-ES
706635;23/07/2025;quarta-feira;06:45:00;DF;20;52,1;BRASILIA;Ausência de reação do condutor;Saída de leito carroçável;Com Vítimas Feridas;Pleno dia;Crescente;Céu Claro;Dupla;"Declive;Rotatória";Não;2;0;2;0;0;0;2;1;-15,580095;-47,404063;SPRF-DF;DEL02-DF;UOP01-DEL02-DF
706638;22/07/2025;terça-feira;21:30:00;MS;163;75,9;ITAQUIRAI;Entrada inopinada do pedestre;Eventos atípicos;Com Vítimas Feridas;Plena Noite;Crescente;Céu Claro;Simples;Reta;Sim;2;0;0;1;1;0;1;2;-23,49355984;-54,18557731;SPRF-MS;DEL09-MS;UOP01-DEL09-MS
706639;23/07/2025;quarta-feira;07:55:00;MG;262;38,4;MANHUACU;Conversão proibida;Colisão lateral mesmo sentido;Com Vítimas Feridas;Pleno dia;Crescente;Céu Claro;Simples;Reta;Sim;2;0;1;0;1;0;1;2;-20,273787;-42,049486;SPRF-MG;DEL06-MG;UOP03-DEL06-MG
706643;23/07/2025;quarta-feira;09:20:00;SC;101;216,2;PALHOCA;Manobra de mudança de faixa;Colisão lateral mesmo sentido;Com Vítimas Feridas;Pleno dia;Decrescente;Nublado;Múltipla;Reta;Sim;3;0;2;0;1;0;2;2;-27,6618877;-48,67626635;SPRF-SC;DEL01-SC;UOP02-DEL01-SC
706644;23/07/2025;quarta-feira;06:39:00;AC;364;119;RIO BRANCO;Acessar a via sem observar a presença dos outros veículos;Colisão lateral mesmo sentido;Com Vítimas Feridas;Pleno dia;Decrescente;Céu Claro;Simples;"Reta;Interseção de Vias";Sim;2;0;1;0;1;0;1;2;-10,01231474;-67,75292186;SPRF-AC;DEL01-AC;UOP01-DEL01-AC
706645;18/05/2025;domingo;09:30:00;MG;267;26,3;ARGIRITA;Reação tardia ou ineficiente do condutor;Colisão transversal;Com Vítimas Feridas;Pleno dia;Decrescente;Céu Claro;Simples;Interseção de Vias;Não;2;0;0;1;1;0;1;2;-21,62641364;-42,82839775;SPRF-MG;DEL07-MG;UOP01-DEL07-MG
706647;23/07/2025;quarta-feira;07:20:00;PI;343;531,6;AMARANTE;Transitar na contramão;Colisão traseira;Com Vítimas Fatais;Pleno dia;Crescente;Céu Claro;Simples;"Reta;Declive";Não;2;1;0;0;1;0;0;2;-6,4635453;-42,7989506;SPRF-PI;DEL03-PI;UOP01-DEL03-PI
706649;23/07/2025;quarta-feira;09:38:00;PB;230;19,5;JOAO PESSOA;Acessar a via sem observar a presença dos outros veículos;Colisão traseira;Com Vítimas Feridas;Pleno dia;Crescente;Garoa/Chuvisco;Dupla;Reta;Sim;4;0;1;0;3;0;1;2;-7,131885;-34,853028;SPRF-PB;DEL01-PB;UOP01-DEL01-PB
706651;23/07/2025;quarta-feira;09:30:00;MG;40;522;CONTAGEM;Velocidade Incompatível;Colisão traseira;Com Vítimas Feridas;Pleno dia;Crescente;Céu Claro;Dupla;Reta;Sim;3;0;0;1;1;1;1;3;-19,865301;-44,06621;SPRF-MG;DEL01-MG;UOP02-DEL01-MG
706652;23/07/2025;quarta-feira;09:35:00;RS;101;6;MAQUINE;Acessar a via sem observar a presença dos outros veículos;Colisão frontal;Com Vítimas Feridas;Pleno dia;Decrescente;Céu Claro;Simples;Interseção de Vias;Não;2;0;1;0;1;0;1;2;-29,72204918;-50,19824689;SPRF-RS;DEL03-RS;UOP01-DEL03-RS
706654;23/07/2025;quarta-feira;09:44:00;SP;381;65;MAIRIPORA;Ausência de reação do condutor;Colisão com objeto;Com Vítimas Feridas;Pleno dia;Decrescente;Céu Claro;Dupla;Reta;Não;2;0;1;0;1;0;1;1;-23,32342437;-46,58053491;SPRF-SP;DEL03-SP;UOP01-DEL03-SP
706655;19/07/2025;sábado;21:00:00;SP;101;52;UBATUBA;Acessar a via sem observar a presença dos outros veículos;Colisão transversal;Com Vítimas Feridas;Plena Noite;Decrescente;Céu Claro;Simples;Rotatória;Sim;6;0;1;0;5;0;1;2;-23,46254218;-45,06428216;SPRF-SP;DEL06-SP;UOP01-DEL06-SP
706657;23/07/2025;quarta-feira;08:15:00;SC;101;128;CAMBORIU;Avarias e/ou desgaste excessivo no pneu;Tombamento;Com Vítimas Feridas;Pleno dia;Crescente;Nublado;Dupla;Reta;Sim;1;0;1;0;0;0;1;1;-26,97501577;-48,68268625;SPRF-SC;DEL04-SC;UOP04-DEL04-SC
706658;23/07/2025;quarta-feira;09:50:00;PE;424;20;PEDRA;Reação tardia ou ineficiente do condutor;Colisão traseira;Sem Vítimas;Pleno dia;Crescente;Chuva;Simples;Reta;Não;3;0;0;0;3;0;0;2;-8,512437;-36,92775;SPRF-PE;DEL04-PE;UOP02-DEL04-PE
706659;23/07/2025;quarta-feira;09:50:00;BA;367;84;EUNAPOLIS;Transitar na contramão;Colisão transversal;Com Vítimas Feridas;Pleno dia;Crescente;Céu Claro;Simples;Reta;Sim;3;0;0;1;2;0;1;2;-16,37449974;-39,57856715;SPRF-BA;DEL09-BA;UOP03-DEL09-BA
706660;23/07/2025;quarta-feira;09:40:00;DF;70;15,6;BRASILIA;Acessar a via sem observar a presença dos outros veículos;Colisão transversal;Com Vítimas Feridas;Pleno dia;Decrescente;Céu Claro;Dupla;"Interseção de Vias;Rotatória";Sim;2;0;1;0;1;0;1;2;-15,796122;-48,19532;SPRF-DF;DEL03-DF;UOP02-DEL03-DF
706662;11/06/2025;quarta-feira;21:41:00;PA;163;309;NOVO PROGRESSO;Reação tardia ou ineficiente do condutor;Queda de ocupante de veículo;Sem Vítimas;Plena Noite;Crescente;Ignorado;Simples;Ponte;Sim;1;0;0;0;0;1;0;1;-7,04864733;-55,41151911;SPRF-PA;DEL05-PA;UOP03-DEL05-PA
706663;23/07/2025;quarta-feira;10:00:00;PR;376;169,3;MARINGA;Reação tardia ou ineficiente do condutor;Colisão traseira;Com Vítimas Feridas;Pleno dia;Crescente;Sol;Dupla;"Reta;Declive";Não;2;0;0;1;1;0;1;2;-23,401656;-51,998636;SPRF-PR;DEL09-PR;UOP01-DEL09-PR
706664;23/07/2025;quarta-feira;07:29:00;AC;364;136;RIO BRANCO;Manobra de mudança de faixa;Colisão traseira;Com Vítimas Feridas;Pleno dia;Crescente;Céu Claro;Dupla;Rotatória;Sim;3;0;2;0;1;0;2;2;-9,9772982;-67,84887526;SPRF-AC;DEL01-AC;UOP01-DEL01-AC
706667;23/07/2025;quarta-feira;11:05:00;RJ;116;181;NOVA IGUACU;Trafegar com motocicleta (ou similar) entre as faixas;Tombamento;Com Vítimas Feridas;Pleno dia;Crescente;Céu Claro;Dupla;Reta;Não;1;0;1;0;0;0;1;1;-22,76227044;-43,42178218;SPRF-RJ;DEL06-RJ;UOP01-DEL06-RJ
706668;23/07/2025;quarta-feira;11:10:00;SE;101;109,3;SAO CRISTOVAO;Ausência de reação do condutor;Saída de leito carroçável;Com Vítimas Feridas;Pleno dia;Decrescente;Chuva;Dupla;Curva;Sim;2;0;1;0;1;0;1;1;-10,98206017;-37,28888512;SPRF-SE;DEL02-SE;UOP01-DEL02-SE
706671;23/07/2025;quarta-feira;11:30:00;DF;60;16;BRASILIA;Condutor Dormindo;Saída de leito carroçável;Com Vítimas Feridas;Pleno dia;Decrescente;Céu Claro;Dupla;Reta;Não;1;0;1;0;0;0;1;1;-15,954319;-48,174961;SPRF-DF;DEL03-DF;UOP01-DEL03-DF
706672;23/07/2025;quarta-feira;09:00:00;MT;163;760;SORRISO;Reação tardia ou ineficiente do condutor;Colisão traseira;Sem Vítimas;Pleno dia;Crescente;Sol;Simples;Declive;Não;3;0;0;0;3;0;0;2;-12,48894723;-55,68243206;SPRF-MT;DEL06-MT;UOP01-DEL06-MT
706674;23/07/2025;quarta-feira;12:00:00;SC;101;200;BIGUACU;Condutor deixou de manter distância do veículo da frente;Colisão traseira;Com Vítimas Feridas;Pleno dia;Decrescente;Sol;Múltipla;Reta;Sim;9;0;1;0;8;0;1;2;-27,4704378;-48,6411222;SPRF-SC;DEL01-SC;UOP01-DEL01-SC
706675;15/07/2025;terça-feira;05:30:00;MG;262;348;BETIM;Velocidade Incompatível;Tombamento;Com Vítimas Feridas;Pleno dia;Crescente;Céu Claro;Dupla;Reta;Não;1;0;1;0;0;0;1;1;-19,98437425;-44,20688001;SPRF-MG;DEL01-MG;UOP03-DEL01-MG
706676;23/07/2025;quarta-feira;11:40:00;PR;116;103,9;SAO JOSE DOS PINHAIS;Reação tardia ou ineficiente do condutor;Colisão traseira;Com Vítimas Feridas;Pleno dia;Crescente;Céu Claro;Dupla;Reta;Sim;2;0;1;0;1;0;1;2;-25,57137668;-49,19666855;SPRF-PR;DEL01-PR;UOP07-DEL01-PR
706678;23/07/2025;quarta-feira;10:00:00;MT;70;730;CACERES;Acessar a via sem observar a presença dos outros veículos;Colisão transversal;Com Vítimas Feridas;Pleno dia;Decrescente;Céu Claro;Simples;Reta;Não;2;0;2;0;0;0;2;2;-16,104185;-57,677261;SPRF-MT;DEL03-MT;UOP01-DEL03-MT
706681;23/07/2025;quarta-feira;12:20:00;SC;101;148;ITAPEMA;Reação tardia ou ineficiente do condutor;Colisão traseira;Com Vítimas Feridas;Pleno dia;Crescente;Céu Claro;Simples;Retorno Regulamentado;Sim;2;0;1;0;1;0;1;2;-27,0659471;-48,5955684;SPRF-SC;DEL04-SC;UOP03-DEL04-SC
706682;23/07/2025;quarta-feira;11:35:00;TO;153;346,8;GUARAI;Ultrapassagem Indevida;Capotamento;Com Vítimas Feridas;Pleno dia;Decrescente;Céu Claro;Simples;Reta;Não;2;0;2;0;0;0;2;1;-8,94787049;-48,50167573;SPRF-TO;DEL02-TO;UOP02-DEL02-TO
706683;23/07/2025;quarta-feira;12:15:00;TO;10;453;PALMAS;Acessar a via sem observar a presença dos outros veículos;Colisão traseira;Com Vítimas Feridas;Pleno dia;Decrescente;Céu Claro;Múltipla;Rotatória;Sim;3;0;2;0;1;0;2;2;-10,328138;-48,298042;SPRF-TO;DEL01-TO;UOP03-DEL01-TO