id;data_inversa;dia_semana;horario;uf;br;km;municipio;causa_acidente;tipo_acidente;classificacao_acidente;fase_dia;sentido_via;condicao_metereologica;tipo_pista;tracado_via;uso_solo;pessoas;mortos;feridos_leves;feridos_graves;ilesos;ignorados;feridos;veiculos;latitude;longitude;regional;delegacia;uop
706807;24/07/2025;quinta-feira;02:50:00;PR;277;3,5;PARANAGUA;Ausência de reação do condutor;Colisão com objeto;Com Vítimas Feridas;Plena Noite;Crescente;Nublado;Dupla;"Rotatória;Reta";Sim;1;0;1;0;0;0;1;1;-25,54078883;-48,53605045;SPRF-PR;DEL01-PR;UOP05-DEL01-PR
706811;24/07/2025;quinta-feira;06:30:00;MS;163;462;CAMPO GRANDE;Ausência de reação do condutor;Tombamento;Com Vítimas Feridas;Pleno dia;Decrescente;Céu Claro;Simples;Reta;Não;1;0;1;0;0;0;1;1;-20,6315;-54,5723192;SPRF-MS;DEL01-MS;UOP01-DEL01-MS
706813;24/07/2025;quinta-feira;07:00:00;SC;470;41,7;GASPAR;Acessar a via sem observar a presença dos outros veículos;Colisão frontal;Com Vítimas Feridas;Amanhecer;Decrescente;Nublado;Simples;"Aclive;Reta";Não;2;0;0;1;1;0;1;2;-26,87695161;-49,00281994;SPRF-SC;DEL04-SC;UOP01-DEL04-SC
706816;24/07/2025;quinta-feira;07:10:00;PR;277;592,9;CASCAVEL;Transitar na contramão;Colisão frontal;Com Vítimas Feridas;Pleno dia;Crescente;Garoa/Chuvisco;Simples;"Reta;Aclive";Sim;2;0;2;0;0;0;2;2;-24,981;-53,482;SPRF-PR;DEL04-PR;UOP01-DEL04-PR
706818;24/07/2025;quinta-feira;07:05:00;GO;60;176,7;ABADIA DE GOIAS;Ausência de reação do condutor;Colisão traseira;Com Vítimas Feridas;Amanhecer;Decrescente;Céu Claro;Dupla;"Aclive;Reta";Não;2;0;1;0;1;0;1;2;-16,76248484;-49,46403981;SPRF-GO;DEL01-GO;UOP02-DEL01-GO
706819;24/07/2025;quinta-feira;07:10:00;PI;316;2,9;TERESINA;Condutor deixou de manter distância do veículo da frente;Colisão traseira;Com Vítimas Feridas;Pleno dia;Decrescente;Sol;Múltipla;Reta;Sim;3;0;2;0;1;0;2;2;-5,2737;-42,79316;SPRF-PI;DEL01-PI;UOP02-DEL01-PI
706820;24/07/2025;quinta-feira;07:15:00;MS;158;335,2;BRASILANDIA;Ausência de reação do condutor;Saída de leito carroçável;Com Vítimas Feridas;Pleno dia;Decrescente;Céu Claro;Simples;Reta;Não;1;0;1;0;0;0;1;1;-21,2240709;-52,0173548;SPRF-MS;DEL07-MS;UOP01-DEL07-MS
706821;24/07/2025;quinta-feira;07:30:00;AL;104;56,6;MURICI;Ultrapassagem Indevida;Colisão lateral mesmo sentido;Com Vítimas Feridas;Pleno dia;Crescente;Nublado;Simples;Reta;Não;7;0;6;1;0;0;7;2;-9,29614;-35,958163;SPRF-AL;DEL01-AL;UOP02-DEL01-AL
706822;24/07/2025;quinta-feira;08:30:00;PE;101;45;IGARASSU;Pedestre cruzava a pista fora da faixa;Atropelamento de Pedestre;Com Vítimas Feridas;Pleno dia;Decrescente;Garoa/Chuvisco;Múltipla;Reta;Sim;2;0;1;0;1;0;1;2;-7,8664209;-34,9068245;SPRF-PE;DEL01-PE;UOP02-DEL01-PE
706823;24/07/2025;quinta-feira;08:15:00;RN;101;98;NATAL;Condutor deixou de manter distância do veículo da frente;Colisão traseira;Com Vítimas Feridas;Pleno dia;Crescente;Nublado;Dupla;"Reta;Interseção de Vias";Sim;2;0;1;0;1;0;1;2;-5,8560166;-35,2124844;SPRF-RN;DEL01-RN;UOP01-DEL01-RN
706824;24/07/2025;quinta-feira;06:00:00;MG;40;564;NOVA LIMA;Retorno proibido;Colisão frontal;Com Vítimas Feridas;Amanhecer;Crescente;Céu Claro;Simples;Reta;Não;4;0;1;0;3;0;1;2;-20,16412;-43,965041;SPRF-MG;DEL01-MG;UOP02-DEL01-MG
706825;24/07/2025;quinta-feira;07:50:00;PE;408;67,7;PAUDALHO;Manobra de mudança de faixa;Colisão traseira;Com Vítimas Feridas;Pleno dia;Crescente;Céu Claro;Dupla;"Declive;Reta";Não;2;0;1;0;1;0;1;2;-7,908;-35,1715;SPRF-PE;DEL01-PE;UOP01-DEL01-PE
706827;24/07/2025;quinta-feira;06:00:00;RN;304;8,9;MOSSORO;Demais falhas mecânicas ou elétricas;Atropelamento de Pedestre;Com Vítimas Feridas;Pleno dia;Decrescente;Céu Claro;Simples;Reta;Sim;2;0;0;2;0;0;2;2;-4,947826;-37,40412;SPRF-RN;DEL04-RN;UOP02-DEL04-RN
706828;24/07/2025;quinta-feira;07:30:00;RJ;493;13,6;MAGE;Demais falhas na via;Colisão lateral mesmo sentido;Com Vítimas Feridas;Pleno dia;Decrescente;Céu Claro;Múltipla;Reta;Sim;3;0;0;1;2;0;1;2;-22,66237;-43,1298855;SPRF-RJ;DEL04-RJ;UOP02-DEL04-RJ
706829;24/07/2025;quinta-feira;07:45:00;PB;230;10;CABEDELO;Reação tardia ou ineficiente do condutor;Tombamento;Com Vítimas Feridas;Pleno dia;Crescente;Céu Claro;Múltipla;Reta;Sim;1;0;0;1;0;0;1;1;-7,0610383;-34,850511;SPRF-PB;DEL01-PB;UOP01-DEL01-PB
706830;24/07/2025;quinta-feira;08:00:00;PR;277;693;SAO MIGUEL DO IGUACU;Acesso irregular;Saída de leito carroçável;Sem Vítimas;Pleno dia;Crescente;Chuva;Múltipla;"Retorno Regulamentado;Interseção de Vias;Reta";Não;2;0;0;0;2;0;0;1;-25,373625;-54,271514;SPRF-PR;DEL05-PR;UOP01-DEL05-PR
706832;24/07/2025;quinta-feira;08:20:00;PB;230;137,7;MASSARANDUBA;Demais falhas mecânicas ou elétricas;Colisão com objeto;Sem Vítimas;Pleno dia;Decrescente;Chuva;Dupla;Reta;Não;1;0;0;0;1;0;0;1;-7,272745;-35,785383;SPRF-PB;DEL02-PB;UOP01-DEL02-PB
706833;24/07/2025;quinta-feira;06:50:00;MT;163;745;SORRISO;Reação tardia ou ineficiente do condutor;Colisão traseira;Com Vítimas Feridas;Pleno dia;Crescente;Céu Claro;Dupla;"Aclive;Reta";Não;2;0;1;0;1;0;1;2;-12,604715;-55,752775;SPRF-MT;DEL06-MT;UOP01-DEL06-MT
706834;24/07/2025;quinta-feira;08:25:00;ES;101;296,8;CARIACICA;Manobra de mudança de faixa;Colisão com objeto;Com Vítimas Feridas;Pleno dia;Crescente;Céu Claro;Múltipla;Curva;Sim;1;0;1;0;0;0;1;1;-20,343869;-40,408154;SPRF-ES;DEL01-ES;UOP01-DEL01-ES
706835;24/07/2025;quinta-feira;09:00:00;BA;101;716;EUNAPOLIS;Acessar a via sem observar a presença dos outros veículos;Colisão transversal;Com Vítimas Feridas;Pleno dia;Decrescente;Céu Claro;Simples;"Reta;Interseção de Vias";Sim;5;0;1;0;4;0;1;2;-16,366117;-39,581997;SPRF-BA;DEL09-BA;UOP01-DEL09-BA
706836;01/07/2025;terça-feira;07:51:00;PR;116;1;CAMPINA GRANDE DO SUL;Chuva;Tombamento;Com Vítimas Feridas;Pleno dia;Crescente;Chuva;Dupla;"Aclive;Reta";Não;1;0;1;0;0;0;1;1;-25,34936762;-49,0543383;SPRF-PR;DEL01-PR;UOP02-DEL01-PR
706837;24/07/2025;quinta-feira;08:00:00;BA;324;624;SALVADOR;Reação tardia ou ineficiente do condutor;Colisão traseira;Com Vítimas Feridas;Pleno dia;Crescente;Céu Claro;Múltipla;Reta;Sim;2;0;1;0;1;0;1;2;-12,950681;-38,47089;SPRF-BA;DEL01-BA;UOP01-DEL01-BA
706838;01/07/2025;terça-feira;06:20:00;PR;369;168;ROLANDIA;Pedestre cruzava a pista fora da faixa;Atropelamento de Pedestre;Com Vítimas Feridas;Amanhecer;Crescente;Céu Claro;Dupla;Reta;Sim;2;0;1;1;0;0;2;2;-23,3015858;-51,33224487;SPRF-PR;DEL07-PR;UOP01-DEL07-PR
706840;24/07/2025;quinta-feira;08:45:00;MS;60;396;CAMPO GRANDE;Demais falhas mecânicas ou elétricas;Tombamento;Com Vítimas Feridas;Pleno dia;Decrescente;Céu Claro;Simples;Reta;Não;1;0;1;0;0;0;1;1;-20,6862395;-54,76462058;SPRF-MS;DEL01-MS;UOP04-DEL01-MS
706841;24/07/2025;quinta-feira;08:40:00;DF;20;16,5;BRASILIA;Acessar a via sem observar a presença dos outros veículos;Atropelamento de Pedestre;Com Vítimas Fatais;Pleno dia;Crescente;Céu Claro;Dupla;"Aclive;Reta";Sim;4;1;0;0;1;2;0;2;-15,6207372;-47,7146865;SPRF-DF;DEL02-DF;UOP01-DEL02-DF
706846;22/07/2025;terça-feira;18:30:00;RJ;40;122;DUQUE DE CAXIAS;Ausência de reação do condutor;Queda de ocupante de veículo;Com Vítimas Feridas;Anoitecer;Decrescente;Céu Claro;Múltipla;Reta;Sim;1;0;1;0;0;0;1;1;-22,78883235;-43,28526459;SPRF-RJ;DEL01-RJ;UOP02-DEL01-RJ
706847;24/07/2025;quinta-feira;09:00:00;MG;40;517,8;RIBEIRAO DAS NEVES;Manobra de mudança de faixa;Colisão lateral mesmo sentido;Com Vítimas Feridas;Pleno dia;Crescente;Céu Claro;Dupla;"Reta;Retorno Regulamentado";Sim;2;0;1;0;1;0;1;2;-19,82941169;-44,08349991;SPRF-MG;DEL01-MG;UOP02-DEL01-MG
706849;19/07/2025;sábado;17:00:00;PA;316;18;BENEVIDES;Animais na Pista;Atropelamento de Animal;Com Vítimas Feridas;Pleno dia;Decrescente;Céu Claro;Dupla;Reta;Sim;2;0;2;0;0;0;2;1;-1,364253;-48,27732;SPRF-PA;DEL01-PA;UOP01-DEL01-PA
706851;24/07/2025;quinta-feira;09:55:00;PI;343;343;TERESINA;Desrespeitar a preferência no cruzamento;Colisão transversal;Com Vítimas Feridas;Pleno dia;Decrescente;Céu Claro;Múltipla;"Viaduto;Interseção de Vias";Sim;3;0;1;0;2;0;1;2;-5,09055946;-42,76062369;SPRF-PI;DEL01-PI;UOP01-DEL01-PI
706852;24/07/2025;quinta-feira;10:15:00;SP;381;58,5;MAIRIPORA;Reação tardia ou ineficiente do condutor;Colisão traseira;Com Vítimas Feridas;Pleno dia;Crescente;Céu Claro;Dupla;"Reta;Aclive";Não;2;0;1;0;1;0;1;2;-23,27397891;-46,58515804;SPRF-SP;DEL03-SP;UOP01-DEL03-SP
706854;24/07/2025;quinta-feira;09:45:00;PE;101;189,3;PALMARES;Manobra de mudança de faixa;Colisão lateral mesmo sentido;Com Vítimas Feridas;Pleno dia;Crescente;Céu Claro;Dupla;Reta;Não;2;0;1;0;1;0;1;2;-8,69136;-35,60913;SPRF-PE;DEL01-PE;UOP03-DEL01-PE
706855;24/07/2025;quinta-feira;09:50:00;RJ;116;210;SEROPEDICA;Afundamento ou ondulação no pavimento;Capotamento;Com Vítimas Feridas;Pleno dia;Crescente;Céu Claro;Dupla;Curva;Não;5;0;2;0;3;0;2;1;-22,71971479;-43,69146824;SPRF-RJ;DEL06-RJ;UOP02-DEL06-RJ
706856;24/07/2025;quinta-feira;10:10:00;SP;116;291;ITAPECERICA DA SERRA;Avarias e/ou desgaste excessivo no pneu;Queda de ocupante de veículo;Com Vítimas Feridas;Pleno dia;Crescente;Nublado;Dupla;Reta;Sim;2;0;1;0;1;0;1;1;-23,7253152;-46,89302816;SPRF-SP;DEL04-SP;UOP01-DEL04-SP
706857;24/07/2025;quinta-feira;09:15:00;PR;116;5;CAMPINA GRANDE DO SUL;Velocidade Incompatível;Colisão com objeto;Sem Vítimas;Pleno dia;Decrescente;Chuva;Dupla;"Declive;Curva";Não;2;0;0;0;2;0;0;1;-25,08746452;-48,60394478;SPRF-PR;DEL01-PR;UOP02-DEL01-PR
706858;24/07/2025;quinta-feira;12:00:00;RN;101;97;NATAL;Manobra de mudança de faixa;Colisão lateral mesmo sentido;Com Vítimas Feridas;Pleno dia;Crescente;Sol;Dupla;Reta;Sim;3;0;2;0;1;0;2;2;-5,85597778;-35,21219937;SPRF-RN;DEL01-RN;UOP01-DEL01-RN
706860;24/07/2025;quinta-feira;11:50:00;PR;116;18;ANTONINA;Velocidade Incompatível;Colisão com objeto;Sem Vítimas;Pleno dia;Decrescente;Garoa/Chuvisco;Simples;Curva;Não;1;0;0;0;1;0;0;1;-25,10544789;-48,71678766;SPRF-PR;DEL01-PR;UOP02-DEL01-PR
706862;04/07/2025;sexta-feira;16:15:00;PR;369;144;LONDRINA;Condutor deixou de manter distância do veículo da frente;Colisão traseira;Com Vítimas Feridas;Pleno dia;Crescente;Céu Claro;Dupla;"Reta;Interseção de Vias";Não;3;0;1;0;0;2;1;3;-23,29341388;-51,1077532;SPRF-PR;DEL07-PR;UOP01-DEL07-PR
706864;24/07/2025;quinta-feira;07:30:00;MT;70;504,2;CUIABA;Manobra de mudança de faixa;Colisão lateral mesmo sentido;Com Vítimas Feridas;Pleno dia;Crescente;Céu Claro;Simples;Reta;Não;2;0;1;0;1;0;1;2;-15,70086107;-56,04735944;SPRF-MT;DEL01-MT;UOP02-DEL01-MT
706866;24/07/2025;quinta-feira;11:00:00;RJ;40;109;DUQUE DE CAXIAS;Acumulo de óleo sobre o pavimento;Queda de ocupante de veículo;Com Vítimas Feridas;Pleno dia;Crescente;Nublado;Dupla;"Retorno Regulamentado;Aclive;Viaduto;Curva";Sim;1;0;1;0;0;0;1;1;-22,671958;-43,287177;SPRF-RJ;DEL01-RJ;UOP02-DEL01-RJ
706867;24/07/2025;quinta-feira;10:14:00;RJ;40;121;DUQUE DE CAXIAS;Pedestre cruzava a pista fora da faixa;Atropelamento de Pedestre;Com Vítimas Feridas;Pleno dia;Decrescente;Nublado;Dupla;Reta;Sim;2;0;0;1;1;0;1;2;-22,785915;-43,285337;SPRF-RJ;DEL01-RJ;UOP02-DEL01-RJ
706869;24/07/2025;quinta-feira;13:00:00;PR;376;4,3;MANDAGUARI;Reação tardia ou ineficiente do condutor;Atropelamento de Pedestre;Com Vítimas Feridas;Pleno dia;Decrescente;Nublado;Simples;Reta;Sim;2;0;1;0;1;0;1;2;-23,51930183;-51,68067154;SPRF-PR;DEL09-PR;UOP01-DEL09-PR
706871;24/07/2025;quinta-feira;13:00:00;SP;116;386;MIRACATU;Demais falhas mecânicas ou elétricas;Incêndio;Sem Vítimas;Pleno dia;Crescente;Céu Claro;Dupla;Reta;Não;1;0;0;0;1;0;0;1;-24,267561;-47,3932542;SPRF-SP;DEL04-SP;UOP02-DEL04-SP
706872;24/07/2025;quinta-feira;09:00:00;PI;230;196;OEIRAS;Ausência de reação do condutor;Queda de ocupante de veículo;Com Vítimas Feridas;Pleno dia;Crescente;Sol;Simples;Reta;Sim;1;0;0;1;0;0;1;1;-7,006468;-42,120927;SPRF-PI;DEL04-PI;UOP01-DEL04-PI
706873;24/07/2025;quinta-feira;11:00:00;GO;20;176;ALVORADA DO NORTE;Reação tardia ou ineficiente do condutor;Colisão com objeto;Sem Vítimas;Pleno dia;Crescente;Céu Claro;Simples;Reta;Não;1;0;0;0;1;0;0;1;-14,532625;-46,539672;SPRF-DF;DEL02-DF;UOP03-DEL02-DF
706879;24/07/2025;quinta-feira;14:00:00;PE;101;10;GOIANA;Entrada inopinada do pedestre;Colisão transversal;Com Vítimas Fatais;Pleno dia;Decrescente;Céu Claro;Dupla;Reta;Não;3;2;0;0;1;0;0;3;-7,59213;-34,986025;SPRF-PE;DEL01-PE;UOP02-DEL01-PE
706880;24/07/2025;quinta-feira;12:10:00;BA;324;622;SALVADOR;Manobra de mudança de faixa;Colisão lateral mesmo sentido;Com Vítimas Feridas;Pleno dia;Decrescente;Céu Claro;Múltipla;"Interseção de Vias;Reta";Não;3;0;1;0;1;1;1;3;-12,927846;-38,468559;SPRF-BA;DEL01-BA;UOP01-DEL01-BA
706881;24/07/2025;quinta-feira;13:45:00;MS;163;480,8;CAMPO GRANDE;Retorno proibido;Colisão transversal;Com Vítimas Feridas;Pleno dia;Crescente;Céu Claro;Simples;Reta;Sim;6;0;0;2;3;1;2;3;-20,477413;-54,559418;SPRF-MS;DEL01-MS;UOP01-DEL01-MS
706882;24/07/2025;quinta-feira;12:30:00;MG;40;42,3;PARACATU;Acessar a via sem observar a presença dos outros veículos;Colisão transversal;Com Vítimas Feridas;Pleno dia;Decrescente;Céu Claro;Simples;Reta;Sim;2;0;1;0;1;0;1;2;-17,22174751;-46,86573565;SPRF-MG;DEL14-MG;UOP01-DEL14-MG
706885;24/07/2025;quinta-feira;14:30:00;PR;277;351;GUARAPUAVA;Condutor Dormindo;Saída de leito carroçável;Com Vítimas Feridas;Pleno dia;Crescente;Chuva;Simples;Reta;Não;2;0;1;0;1;0;1;1;-25,39786967;-51,53516039;SPRF-PR;DEL08-PR;UOP01-DEL08-PR
706886;24/07/2025;quinta-feira;13:30:00;BA;324;558;SANTO AMARO;Manobra de mudança de faixa;Saída de leito carroçável;Com Vítimas Feridas;Pleno dia;Crescente;Céu Claro;Dupla;"Reta;Aclive";Não;1;0;1;0;0;0;1;1;-12,4870567;-38,6607983;SPRF-BA;DEL01-BA;UOP03-DEL01-BA
706888;24/07/2025;quinta-feira;13:00:00;TO;153;557;OLIVEIRA DE FATIMA;Acessar a via sem observar a presença dos outros veículos;Colisão transversal;Com Vítimas Feridas;Pleno dia;Crescente;Céu Claro;Simples;Reta;Não;2;0;1;0;1;0;1;2;-10,7284;-48,9042;SPRF-TO;DEL01-TO;UOP01-DEL01-TO
706889;24/07/2025;quinta-feira;14:20:00;BA;101;63;PORTO SEGURO;Ausência de reação do condutor;Saída de leito carroçável;Com Vítimas Feridas;Pleno dia;Decrescente;Céu Claro;Simples;Reta;Não;1;0;1;0;0;0;1;1;-16,395578;-39,41653;SPRF-BA;DEL01-BA;UOP04-DEL01-BA
706890;20/07/2025;domingo;12:00:00;MG;381;633,9;OLIVEIRA;Reação tardia ou ineficiente do condutor;Capotamento;Com Vítimas Feridas;Pleno dia;Crescente;Sol;Múltipla;Declive;Não;2;0;2;0;0;0;2;1;-20,74969293;-44,77375031;SPRF-MG;DEL04-MG;UOP01-DEL04-MG
706891;02/06/2025;segunda-feira;11:34:00;PA;163;202;NOVO PROGRESSO;Ausência de reação do condutor;Tombamento;Sem Vítimas;Pleno dia;Crescente;Céu Claro;Simples;Reta;Não;1;0;0;0;0;1;0;1;-7,08726489;-55,40130615;SPRF-PA;DEL05-PA;UOP03-DEL05-PA
706892;24/07/2025;quinta-feira;14:30:00;SP;116;284;EMBU DAS ARTES;Ausência de reação do condutor;Tombamento;Com Vítimas Feridas;Pleno dia;Crescente;Céu Claro;Dupla;Reta;Não;1;0;1;0;0;0;1;1;-23,67965146;-46,85856915;SPRF-SP;DEL04-SP;UOP01-DEL04-SP
706893;24/07/2025;quinta-feira;10:34:00;RO;364;837;PORTO VELHO;Objeto estático sobre o leito carroçável;Saída de leito carroçável;Com Vítimas Feridas;Pleno dia;Decrescente;Céu Claro;Simples;Reta;Não;4;0;2;2;0;0;4;1;-9,39522799;-64,68532054;SPRF-RO;DEL01-RO;UOP02-DEL01-RO
706894;24/07/2025;quinta-feira;11:35:00;RO;364;424,3;JARU;Ausência de reação do condutor;Colisão traseira;Sem Vítimas;Pleno dia;Crescente;Céu Claro;Dupla;Reta;Sim;4;0;0;0;4;0;0;1;-10,44117969;-62,46773279;SPRF-RO;DEL03-RO;UOP02-DEL03-RO
706895;24/07/2025;quinta-feira;13:15:00;PR;373;212,9;IMBITUVA;Velocidade Incompatível;Saída de leito carroçável;Com Vítimas Feridas;Pleno dia;Decrescente;Chuva;Simples;"Curva;Declive";Não;6;0;2;0;4;0;2;1;-25,156973;-50,512223;SPRF-PR;DEL03-PR;UOP01-DEL03-PR
706896;24/07/2025;quinta-feira;15:15:00;SC;101;29,7;JOINVILLE;Ausência de reação do condutor;Engavetamento;Com Vítimas Feridas;Pleno dia;Crescente;Garoa/Chuvisco;Dupla;"Declive;Reta";Não;5;0;3;0;2;0;3;3;-26,22306973;-48,91638692;SPRF-SC;DEL03-SC;UOP01-DEL03-SC
706897;09/07/2025;quarta-feira;14:30:00;SE;235;68,2;FREI PAULO;Transitar na contramão;Colisão frontal;Com Vítimas Fatais;Pleno dia;Crescente;Céu Claro;Simples;Curva;Não;2;1;0;0;0;1;0;2;-10,576373;-37,498623;SPRF-SE;DEL01-SE;UOP02-DEL01-SE
706903;24/07/2025;quinta-feira;16:00:00;SC;101;155,6;PORTO BELO;Condutor deixou de manter distância do veículo da frente;Engavetamento;Com Vítimas Feridas;Pleno dia;Decrescente;Chuva;Dupla;Reta;Sim;4;0;1;0;3;0;1;3;-27,16709612;-48,61106873;SPRF-SC;DEL04-SC;UOP03-DEL04-SC
706904;24/07/2025;quinta-feira;14:30:00;SE;235;4;NOSSA SENHORA DO SOCORRO;Condutor deixou de manter distância do veículo da frente;Colisão traseira;Com Vítimas Feridas;Pleno dia;Crescente;Céu Claro;Dupla;Reta;Não;6;0;1;0;5;0;1;2;-10,9065699;-37,11618153;SPRF-SE;DEL01-SE;UOP01-DEL01-SE
706905;24/07/2025;quinta-feira;15:50:00;GO;40;83,7;CRISTALINA;Ausência de reação do condutor;Saída de leito carroçável;Com Vítimas Feridas;Pleno dia;Crescente;Céu Claro;Dupla;Reta;Não;1;0;0;1;0;0;1;1;-16,72743372;-47,63875008;SPRF-DF;DEL01-DF;UOP02-DEL01-DF
706906;24/07/2025;quinta-feira;15:00:00;PR;376;226;APUCARANA;Velocidade Incompatível;Colisão lateral mesmo sentido;Com Vítimas Feridas;Pleno dia;Decrescente;Nublado;Dupla;Curva;Não;6;0;3;0;3;0;3;2;-23,5854;-51,569975;SPRF-PR;DEL07-PR;UOP03-DEL07-PR
706908;24/07/2025;quinta-feira;16:15:00;SC;101;186;BIGUACU;Reação tardia ou ineficiente do condutor;Colisão com objeto;Com Vítimas Feridas;Pleno dia;Crescente;Chuva;Dupla;Curva;Sim;1;0;1;0;0;0;1;1;-27,435319;-48,626099;SPRF-SC;DEL01-SC;UOP01-DEL01-SC
706910;24/07/2025;quinta-feira;12:30:00;RJ;116;108;GUAPIMIRIM;Condutor Dormindo;Atropelamento de Pedestre;Com Vítimas Feridas;Pleno dia;Crescente;Nublado;Dupla;Reta;Não;2;0;1;0;1;0;1;2;-22,53443927;-42,9932785;SPRF-RJ;DEL04-RJ;UOP01-DEL04-RJ
706911;24/07/2025;quinta-feira;15:05:00;PR;376;592,3;CURITIBA;Acumulo de areia ou detritos sobre o pavimento;Tombamento;Sem Vítimas;Pleno dia;Decrescente;Nublado;Dupla;Reta;Sim;1;0;0;0;1;0;0;1;-25,438075;-49,364808;SPRF-PR;DEL01-PR;UOP06-DEL01-PR
706914;24/07/2025;quinta-feira;15:30:00;SP;116;369;MIRACATU;Avarias e/ou desgaste excessivo no pneu;Saída de leito carroçável;Com Vítimas Feridas;Pleno dia;Decrescente;Garoa/Chuvisco;Dupla;Reta;Não;1;0;1;0;0;0;1;1;-24,1499085;-47,3102639;SPRF-SP;DEL04-SP;UOP02-DEL04-SP
706916;24/07/2025;quinta-feira;18:30:00;SC;470;22;ILHOTA;Ausência de reação do condutor;Saída de leito carroçável;Com Vítimas Feridas;Plena Noite;Crescente;Chuva;Dupla;Reta;Não;1;0;1;0;0;0;1;1;-26,87942495;-48,83314557;SPRF-SC;DEL04-SC;UOP04-DEL04-SC
706918;24/07/2025;quinta-feira;14:40:00;PR;163;196;SANTA TEREZA DO OESTE;Pista Escorregadia;Colisão com objeto;Com Vítimas Feridas;Pleno dia;Crescente;Garoa/Chuvisco;Dupla;Reta;Não;1;0;1;0;0;0;1;1;-25,06134326;-53,56281281;SPRF-PR;DEL05-PR;UOP05-DEL05-PR
706919;24/07/2025;quinta-feira;17:00:00;ES;101;144;LINHARES;Condutor deixou de manter distância do veículo da frente;Colisão traseira;Com Vítimas Feridas;Anoitecer;Crescente;Céu Claro;Simples;Reta;Sim;3;0;1;0;2;0;1;2;-19,35584;-40,06423;SPRF-ES;DEL04-ES;UOP01-DEL04-ES
706921;24/07/2025;quinta-feira;17:00:00;RN;101;98;NATAL;Condutor deixou de manter distância do veículo da frente;Colisão lateral mesmo sentido;Com Vítimas Feridas;Pleno dia;Crescente;Céu Claro;Dupla;Reta;Sim;3;0;1;0;1;1;1;3;-5,86395034;-35,21596519;SPRF-RN;DEL01-RN;UOP01-DEL01-RN
706922;24/07/2025;quinta-feira;17:30:00;GO;60;99;ANAPOLIS;Reação tardia ou ineficiente do condutor;Colisão lateral mesmo sentido;Com Vítimas Feridas;Anoitecer;Crescente;Céu Claro;Dupla;"Reta;Viaduto";Sim;6;0;1;0;5;0;1;3;-16,394787;-48,961987;SPRF-GO;DEL02-GO;UOP01-DEL02-GO
706923;24/07/2025;quinta-feira;17:30:00;ES;101;290,8;CARIACICA;Desrespeitar a preferência no cruzamento;Colisão transversal;Com Vítimas Feridas;Anoitecer;Decrescente;Céu Claro;Dupla;"Reta;Aclive";Sim;2;0;0;1;1;0;1;2;-20,29572166;-40,39364934;SPRF-ES;DEL01-ES;UOP01-DEL01-ES
706925;24/07/2025;quinta-feira;15:30:00;SP;101;15;UBATUBA;Acessar a via sem observar a presença dos outros veículos;Colisão transversal;Com Vítimas Feridas;Pleno dia;Decrescente;Nublado;Simples;Declive;Não;5;0;3;0;2;0;3;2;-23,31808219;-44,89725481;SPRF-SP;DEL06-SP;UOP01-DEL06-SP
706927;24/07/2025;quinta-feira;17:30:00;SC;280;127,9;RIO NEGRINHO;Conversão proibida;Colisão lateral mesmo sentido;Com Vítimas Feridas;Anoitecer;Crescente;Céu Claro;Simples;"Reta;Aclive;Interseção de Vias";Sim;2;0;1;0;1;0;1;2;-26,24287117;-49,51246111;SPRF-SC;DEL06-SC;UOP03-DEL06-SC
706928;24/07/2025;quinta-feira;17:50:00;MG;356;266,2;MURIAE;Reação tardia ou ineficiente do condutor;Tombamento;Com Vítimas Feridas;Anoitecer;Decrescente;Nublado;Simples;"Reta;Interseção de Vias";Sim;2;0;2;0;0;0;2;1;-21,12833435;-42,3634908;SPRF-MG;DEL07-MG;UOP02-DEL07-MG
706929;10/07/2025;quinta-feira;06:00:00;GO;153;293;RIALMA;Ausência de reação do condutor;Saída de leito carroçável;Sem Vítimas;Amanhecer;Decrescente;Céu Claro;Simples;Curva;Não;1;0;0;0;1;0;0;1;-15,25780639;-49,5475021;SPRF-GO;DEL02-GO;UOP02-DEL02-GO
706930;24/07/2025;quinta-feira;16:10:00;MA;316;419,7;PERITORO;Acessar a via sem observar a presença dos outros veículos;Colisão transversal;Com Vítimas Feridas;Pleno dia;Crescente;Sol;Simples;Reta;Sim;3;0;0;3;0;0;3;2;-4,350548;-44,372947;SPRF-MA;DEL03-MA;UOP01-DEL03-MA
706934;24/07/2025;quinta-feira;18:00:00;PE;101;69,6;RECIFE;Manobra de mudança de faixa;Colisão lateral mesmo sentido;Com Vítimas Feridas;Plena Noite;Crescente;Céu Claro;Múltipla;Reta;Sim;3;0;2;1;0;0;3;2;-8,06476;-34,94406;SPRF-PE;DEL01-PE;UOP01-DEL01-PE
706939;24/07/2025;quinta-feira;18:25:00;RS;158;330;SANTA MARIA;Conversão proibida;Colisão transversal;Com Vítimas Feridas;Plena Noite;Crescente;Céu Claro;Dupla;Reta;Não;4;0;2;1;1;0;3;2;-29,701672;-53,838134;SPRF-RS;DEL09-RS;UOP01-DEL09-RS
706940;24/07/2025;quinta-feira;18:15:00;MG;267;82,5;JUIZ DE FORA;Demais falhas mecânicas ou elétricas;Incêndio;Sem Vítimas;Plena Noite;Decrescente;Céu Claro;Simples;Reta;Não;1;0;0;0;0;1;0;1;-21,7604466;-43,2538566;SPRF-MG;DEL05-MG;UOP01-DEL05-MG