id;data_inversa;dia_semana;horario;uf;br;km;municipio;causa_acidente;tipo_acidente;classificacao_acidente;fase_dia;sentido_via;condicao_metereologica;tipo_pista;tracado_via;uso_solo;pessoas;mortos;feridos_leves;feridos_graves;ilesos;ignorados;feridos;veiculos;latitude;longitude;regional;delegacia;uop
707454;26/07/2025;sábado;19:44:00;SP;116;92;PINDAMONHANGABA;Ausência de reação do condutor;Tombamento;Com Vítimas Feridas;Plena Noite;Crescente;Céu Claro;Dupla;"Curva;Retorno Regulamentado";Sim;1;0;0;1;0;0;1;1;-22,95222869;-45,40477753;SPRF-SP;DEL08-SP;UOP01-DEL08-SP
707455;26/07/2025;sábado;20:40:00;PR;163;13,7;BARRACAO;Ausência de reação do condutor;Colisão frontal;Com Vítimas Feridas;Plena Noite;Decrescente;Céu Claro;Simples;"Declive;Curva";Não;5;0;2;3;0;0;5;2;-26,2194667;-53,63907191;SPRF-PR;DEL02-PR;UOP02-DEL02-PR
707457;26/07/2025;sábado;13:20:00;RJ;101;325;NITEROI;Ausência de reação do condutor;Colisão lateral mesmo sentido;Com Vítimas Feridas;Pleno dia;Decrescente;Céu Claro;Dupla;Reta;Sim;3;0;2;0;1;0;2;3;-22,8794991;-43,1139956;SPRF-RJ;DEL02-RJ;UOP01-DEL02-RJ
707458;26/07/2025;sábado;19:00:00;SC;280;81;CORUPA;Acesso irregular;Saída de leito carroçável;Sem Vítimas;Plena Noite;Crescente;Céu Claro;Simples;Reta;Não;1;0;0;0;0;1;0;1;-26,43783;-49,235901;SPRF-SC;DEL06-SC;UOP03-DEL06-SC
707459;26/07/2025;sábado;21:40:00;SP;153;337,2;OURINHOS;Ingestão de álcool pelo condutor;Colisão frontal;Com Vítimas Feridas;Plena Noite;Decrescente;Céu Claro;Dupla;Reta;Não;3;0;1;0;2;0;1;2;-22,91917608;-49,89440314;SPRF-SP;DEL07-SP;UOP03-DEL07-SP
707460;26/07/2025;sábado;22:00:00;MA;230;3,6;BARAO DE GRAJAU;Ingestão de álcool pelo condutor;Colisão com objeto;Com Vítimas Feridas;Plena Noite;Crescente;Céu Claro;Simples;Rotatória;Sim;2;0;1;0;0;1;1;2;-6,74610042;-43,00907135;SPRF-PI;DEL03-PI;UOP01-DEL03-PI
707461;26/07/2025;sábado;22:35:00;SC;101;137,5;BALNEARIO CAMBORIU;Reação tardia ou ineficiente do condutor;Saída de leito carroçável;Com Vítimas Feridas;Plena Noite;Decrescente;Céu Claro;Múltipla;Reta;Sim;1;0;1;0;0;0;1;1;-27,01924716;-48,6096495;SPRF-SC;DEL04-SC;UOP03-DEL04-SC
707463;26/07/2025;sábado;21:40:00;PR;369;505,7;CASCAVEL;Ingestão de álcool pelo condutor;Colisão transversal;Com Vítimas Feridas;Plena Noite;Decrescente;Céu Claro;Simples;Reta;Sim;4;0;1;0;3;0;1;2;-24,94606348;-53,39821097;SPRF-PR;DEL04-PR;UOP01-DEL04-PR
707464;26/07/2025;sábado;22:10:00;PR;153;59;GUAPIRAMA;Demais falhas mecânicas ou elétricas;Queda de ocupante de veículo;Com Vítimas Feridas;Plena Noite;Crescente;Nublado;Simples;Reta;Não;1;0;1;0;0;0;1;1;-23,436603;-50,084606;SPRF-PR;DEL07-PR;UOP04-DEL07-PR
707466;26/07/2025;sábado;20:20:00;PE;104;30,9;TORITAMA;Condutor desrespeitou a iluminação vermelha do semáforo;Colisão transversal;Sem Vítimas;Plena Noite;Decrescente;Céu Claro;Simples;Interseção de Vias;Sim;2;0;0;0;2;0;0;2;-8,01072;-36,05773;SPRF-PE;DEL02-PE;UOP01-DEL02-PE
707468;26/07/2025;sábado;19:10:00;MA;226;6,9;TIMON;Manobra de mudança de faixa;Colisão transversal;Com Vítimas Fatais;Plena Noite;Crescente;Céu Claro;Simples;"Reta;Interseção de Vias;Em Obras";Não;2;1;0;0;1;0;0;2;-5,132834;-42,87311;SPRF-MA;DEL03-MA;UOP02-DEL03-MA
707469;26/07/2025;sábado;23:11:00;RJ;116;280,1;BARRA MANSA;Reação tardia ou ineficiente do condutor;Saída de leito carroçável;Com Vítimas Feridas;Plena Noite;Decrescente;Nublado;Dupla;"Aclive;Reta";Não;1;0;1;0;0;0;1;1;-22,541688;-44,191143;SPRF-RJ;DEL07-RJ;UOP02-DEL07-RJ
707472;26/07/2025;sábado;22:41:00;MT;364;201;RONDONOPOLIS;Ausência de reação do condutor;Queda de ocupante de veículo;Com Vítimas Feridas;Plena Noite;Crescente;Céu Claro;Dupla;Reta;Sim;1;0;1;0;0;0;1;1;-16,48766319;-54,64775261;SPRF-MT;DEL02-MT;UOP01-DEL02-MT
707475;27/07/2025;domingo;00:05:00;MG;381;4;BETIM;Ausência de reação do condutor;Capotamento;Com Vítimas Feridas;Plena Noite;Crescente;Céu Claro;Dupla;Curva;Sim;1;0;1;0;0;0;1;1;-19,98687356;-44,17500019;SPRF-MG;DEL01-MG;UOP03-DEL01-MG
707477;26/07/2025;sábado;23:50:00;MG;381;425,9;SABARA;Reação tardia ou ineficiente do condutor;Tombamento;Com Vítimas Feridas;Plena Noite;Decrescente;Céu Claro;Simples;"Curva;Aclive";Não;1;0;1;0;0;0;1;1;-19,787351;-43,710298;SPRF-MG;DEL01-MG;UOP01-DEL01-MG
707479;27/07/2025;domingo;00:30:00;ES;262;185;IUNA;Acesso irregular;Colisão frontal;Com Vítimas Feridas;Plena Noite;Crescente;Céu Claro;Simples;"Reta;Interseção de Vias";Sim;2;0;0;1;0;1;1;2;-20,300513;-41,708798;SPRF-ES;DEL01-ES;UOP02-DEL01-ES
707480;27/07/2025;domingo;00:10:00;RJ;465;14;SEROPEDICA;Suicídio (presumido);Atropelamento de Pedestre;Com Vítimas Fatais;Plena Noite;Decrescente;Céu Claro;Simples;Reta;Sim;2;1;0;0;1;0;0;2;-22,805631;-43,6379;SPRF-RJ;DEL06-RJ;UOP02-DEL06-RJ
707481;26/07/2025;sábado;23:40:00;PR;476;110;COLOMBO;Desrespeitar a preferência no cruzamento;Colisão transversal;Com Vítimas Feridas;Plena Noite;Decrescente;Ignorado;Simples;"Reta;Interseção de Vias";Sim;3;0;0;1;1;1;1;3;-25,313519;-49,14962;SPRF-PR;DEL01-PR;UOP01-DEL01-PR
707482;27/07/2025;domingo;01:00:00;PR;376;373;ORTIGUEIRA;Condutor Dormindo;Tombamento;Sem Vítimas;Plena Noite;Crescente;Céu Claro;Dupla;Curva;Não;2;0;0;0;2;0;0;1;-24,36269138;-50,80815247;SPRF-PR;DEL07-PR;UOP02-DEL07-PR
707483;27/07/2025;domingo;00:20:00;PE;428;188;PETROLINA;Condutor desrespeitou a iluminação vermelha do semáforo;Colisão transversal;Com Vítimas Feridas;Plena Noite;Crescente;Céu Claro;Múltipla;"Reta;Interseção de Vias";Sim;2;0;1;1;0;0;2;2;-9,375597;-40,4924257;SPRF-PE;DEL06-PE;UOP01-DEL06-PE
707484;27/07/2025;domingo;01:00:00;MG;381;509,5;SAO JOAQUIM DE BICAS;Ausência de reação do condutor;Colisão com objeto;Sem Vítimas;Plena Noite;Crescente;Céu Claro;Dupla;Reta;Sim;3;0;0;0;0;3;0;1;-20,05377262;-44,28317897;SPRF-MG;DEL01-MG;UOP03-DEL01-MG
707485;27/07/2025;domingo;01:30:00;ES;262;162,6;IBATIBA;Ausência de reação do condutor;Saída de leito carroçável;Com Vítimas Feridas;Plena Noite;Crescente;Céu Claro;Simples;Curva;Não;1;0;1;0;0;0;1;1;-20,234369;-41,527972;SPRF-ES;DEL01-ES;UOP02-DEL01-ES
707486;05/05/2025;segunda-feira;21:13:00;PA;163;165;ALTAMIRA;Reação tardia ou ineficiente do condutor;Tombamento;Sem Vítimas;Plena Noite;Decrescente;Ignorado;Simples;Reta;Não;2;0;0;0;0;2;0;1;-8,254419;-55,111021;SPRF-PA;DEL05-PA;UOP03-DEL05-PA
707487;27/07/2025;domingo;01:42:00;RN;101;76;NATAL;Ingestão de álcool pelo condutor;Colisão com objeto;Com Vítimas Fatais;Plena Noite;Crescente;Nevoeiro/Neblina;Dupla;"Declive;Rotatória";Sim;5;2;0;0;2;1;0;1;-5,72646225;-35,28317022;SPRF-RN;DEL02-RN;UOP01-DEL02-RN
707489;27/07/2025;domingo;01:45:00;MS;163;187,9;JUTI;Animais na Pista;Atropelamento de Animal;Com Vítimas Feridas;Plena Noite;Crescente;Céu Claro;Simples;Reta;Não;1;0;1;0;0;0;1;1;-22,797527;-54,74232;SPRF-MS;DEL09-MS;UOP01-DEL09-MS
707490;27/07/2025;domingo;01:10:00;SC;101;155;PORTO BELO;Reação tardia ou ineficiente do condutor;Colisão com objeto;Sem Vítimas;Plena Noite;Crescente;Nublado;Múltipla;Reta;Sim;1;0;0;0;1;0;0;1;-27,16354572;-48,61146824;SPRF-SC;DEL04-SC;UOP03-DEL04-SC
707491;27/07/2025;domingo;02:00:00;RS;158;326;SANTA MARIA;Reação tardia ou ineficiente do condutor;Saída de leito carroçável;Com Vítimas Feridas;Plena Noite;Decrescente;Nublado;Simples;Reta;Sim;2;0;0;2;0;0;2;1;-29,71341113;-53,80701935;SPRF-RS;DEL09-RS;UOP01-DEL09-RS
707492;27/07/2025;domingo;01:45:00;MG;262;822,2;UBERABA;Ausência de reação do condutor;Colisão traseira;Com Vítimas Feridas;Plena Noite;Decrescente;Céu Claro;Dupla;Reta;Não;2;0;1;0;1;0;1;2;-19,762019;-48,088983;SPRF-MG;DEL13-MG;UOP01-DEL13-MG
707493;27/07/2025;domingo;03:30:00;ES;101;338,5;GUARAPARI;Afundamento ou ondulação no pavimento;Colisão com objeto;Com Vítimas Feridas;Plena Noite;Decrescente;Céu Claro;Dupla;Curva;Não;2;0;2;0;0;0;2;1;-20,64374884;-40,55453897;SPRF-ES;DEL03-ES;UOP01-DEL03-ES
707494;27/07/2025;domingo;05:20:00;ES;101;372,1;ICONHA;Ingestão de álcool pelo condutor;Colisão lateral sentido oposto;Sem Vítimas;Plena Noite;Crescente;Céu Claro;Simples;Curva;Não;3;0;0;0;3;0;0;2;-20,7717528;-40,77659067;SPRF-ES;DEL03-ES;UOP01-DEL03-ES
707495;27/07/2025;domingo;01:30:00;BA;101;161;CONCEICAO DO JACUIPE;Demais falhas mecânicas ou elétricas;Incêndio;Sem Vítimas;Plena Noite;Decrescente;Céu Claro;Dupla;Reta;Sim;1;0;0;0;1;0;0;1;-12,35493223;-38,79004981;SPRF-BA;DEL01-BA;UOP03-DEL01-BA
707496;27/07/2025;domingo;02:25:00;MG;381;152,7;GOVERNADOR VALADARES;Reação tardia ou ineficiente do condutor;Saída de leito carroçável;Com Vítimas Feridas;Plena Noite;Decrescente;Céu Claro;Simples;Curva;Não;1;0;1;0;0;0;1;1;-18,88841042;-42,00484224;SPRF-MG;DEL06-MG;UOP01-DEL06-MG
707497;27/07/2025;domingo;01:30:00;SC;101;404;ARARANGUA;Ingestão de álcool pelo condutor;Engavetamento;Com Vítimas Feridas;Plena Noite;Crescente;Nublado;Múltipla;Reta;Não;5;0;2;1;2;0;3;3;-28,89289158;-49,4693327;SPRF-SC;DEL02-SC;UOP02-DEL02-SC
707498;27/07/2025;domingo;04:00:00;PB;230;20,1;JOAO PESSOA;Ausência de reação do condutor;Queda de ocupante de veículo;Com Vítimas Feridas;Plena Noite;Decrescente;Chuva;Dupla;"Curva;Retorno Regulamentado";Sim;2;0;1;0;1;0;1;1;-7,13690852;-34,85385776;SPRF-PB;DEL01-PB;UOP01-DEL01-PB
707500;27/07/2025;domingo;04:30:00;BA;116;6;VITORIA DA CONQUISTA;Reação tardia ou ineficiente do condutor;Saída de leito carroçável;Com Vítimas Feridas;Plena Noite;Decrescente;Céu Claro;Simples;"Declive;Reta";Não;1;0;1;0;0;0;1;1;-14,827805;-40,886015;SPRF-BA;DEL08-BA;UOP01-DEL08-BA
707502;27/07/2025;domingo;04:30:00;PI;343;252,2;CAMPO MAIOR;Condutor Dormindo;Colisão frontal;Com Vítimas Fatais;Plena Noite;Decrescente;Céu Claro;Simples;Reta;Não;8;2;1;0;5;0;1;2;-4,74592;-42,108742;SPRF-PI;DEL01-PI;UOP03-DEL01-PI
707503;27/07/2025;domingo;05:10:00;DF;20;12,5;BRASILIA;Ingestão de álcool pelo condutor;Saída de leito carroçável;Com Vítimas Feridas;Plena Noite;Decrescente;Céu Claro;Dupla;Reta;Não;1;0;1;0;0;0;1;1;-15,64571402;-47,76469052;SPRF-DF;DEL02-DF;UOP01-DEL02-DF
707504;26/07/2025;sábado;22:35:00;BA;367;68;PORTO SEGURO;Ingestão de álcool pelo condutor;Colisão lateral sentido oposto;Sem Vítimas;Plena Noite;Decrescente;Céu Claro;Simples;Reta;Não;2;0;0;0;2;0;0;2;-16,387;-39,45;SPRF-BA;DEL09-BA;UOP03-DEL09-BA
707505;27/07/2025;domingo;06:00:00;ES;101;142,3;LINHARES;Reação tardia ou ineficiente do condutor;Colisão traseira;Com Vítimas Feridas;Amanhecer;Crescente;Garoa/Chuvisco;Múltipla;Reta;Não;3;0;1;0;1;1;1;2;-19,33698667;-40,06665667;SPRF-ES;DEL04-ES;UOP01-DEL04-ES
707506;27/07/2025;domingo;06:00:00;BA;116;426;FEIRA DE SANTANA;Reação tardia ou ineficiente do condutor;Colisão com objeto;Com Vítimas Feridas;Pleno dia;Crescente;Céu Claro;Dupla;"Viaduto;Curva";Sim;1;0;1;0;0;0;1;1;-12,26721193;-38,98927689;SPRF-BA;DEL02-BA;UOP01-DEL02-BA
707508;27/07/2025;domingo;05:45:00;MS;163;273,7;DOURADOS;Ausência de reação do condutor;Saída de leito carroçável;Com Vítimas Feridas;Amanhecer;Decrescente;Céu Claro;Dupla;Reta;Não;2;0;1;0;1;0;1;1;-22,1741;-54,665453;SPRF-MS;DEL04-MS;UOP01-DEL04-MS
707509;27/07/2025;domingo;04:30:00;SP;116;210;GUARULHOS;Condutor Dormindo;Colisão com objeto;Com Vítimas Feridas;Plena Noite;Decrescente;Ignorado;Múltipla;Reta;Sim;1;0;1;0;0;0;1;1;-23,43049345;-46,41478864;SPRF-SP;DEL01-SP;UOP01-DEL01-SP
707510;27/07/2025;domingo;04:20:00;GO;153;655;GOIATUBA;Ingestão de álcool pelo condutor;Colisão lateral mesmo sentido;Sem Vítimas;Pleno dia;Decrescente;Céu Claro;Dupla;Curva;Não;5;0;0;0;4;1;0;2;-18,00790446;-49,26199051;SPRF-GO;DEL03-GO;UOP01-DEL03-GO
707511;27/07/2025;domingo;05:00:00;BA;407;121;SENHOR DO BONFIM;Ingestão de álcool pelo condutor;Colisão frontal;Com Vítimas Feridas;Amanhecer;Crescente;Céu Claro;Simples;"Declive;Ponte";Não;6;0;2;0;1;3;2;2;-10,41457688;-40,18393979;SPRF-BA;DEL04-BA;UOP01-DEL04-BA
707514;27/07/2025;domingo;06:00:00;RJ;101;476;ANGRA DOS REIS;Acessar a via sem observar a presença dos outros veículos;Queda de ocupante de veículo;Com Vítimas Feridas;Amanhecer;Decrescente;Céu Claro;Simples;Reta;Sim;2;0;1;0;1;0;1;2;-22,99801842;-44,26744287;SPRF-RJ;DEL03-RJ;UOP03-DEL03-RJ
707515;27/07/2025;domingo;06:40:00;SP;116;228;SAO PAULO;Ausência de reação do condutor;Colisão com objeto;Com Vítimas Feridas;Pleno dia;Decrescente;Nublado;Múltipla;Reta;Sim;2;0;1;0;1;0;1;1;-23,504772;-46,568372;SPRF-SP;DEL01-SP;UOP01-DEL01-SP
707516;27/07/2025;domingo;01:30:00;PR;277;115;CAMPO LARGO;Reação tardia ou ineficiente do condutor;Saída de leito carroçável;Sem Vítimas;Plena Noite;Crescente;Céu Claro;Dupla;Curva;Não;1;0;0;0;1;0;0;1;-25,4377;-49,4456;SPRF-PR;DEL03-PR;UOP03-DEL03-PR
707517;27/07/2025;domingo;05:20:00;PR;116;16;COLOMBO;Ausência de reação do condutor;Saída de leito carroçável;Sem Vítimas;Amanhecer;Crescente;Nublado;Dupla;Reta;Sim;1;0;0;0;0;1;0;1;-25,387988;-49,181183;SPRF-PR;DEL01-PR;UOP02-DEL01-PR
707518;27/07/2025;domingo;06:45:00;SC;470;128;LONTRAS;Reação tardia ou ineficiente do condutor;Saída de leito carroçável;Com Vítimas Feridas;Amanhecer;Crescente;Nublado;Simples;Curva;Não;1;0;1;0;0;0;1;1;-27,14730191;-49,55475066;SPRF-SC;DEL04-SC;UOP02-DEL04-SC
707519;27/07/2025;domingo;04:50:00;SC;282;426;VARGEM BONITA;Avarias e/ou desgaste excessivo no pneu;Capotamento;Com Vítimas Feridas;Plena Noite;Crescente;Céu Claro;Simples;"Declive;Reta";Não;3;0;1;0;1;1;1;1;-26,97891;-51,757995;SPRF-SC;DEL07-SC;UOP05-DEL07-SC
707521;27/07/2025;domingo;07:20:00;BA;407;1;JUAZEIRO;Acessar a via sem observar a presença dos outros veículos;Colisão traseira;Com Vítimas Feridas;Pleno dia;Crescente;Céu Claro;Simples;Reta;Sim;4;0;2;0;2;0;2;2;-9,4136441;-40,5060875;SPRF-PE;DEL06-PE;UOP01-DEL06-PE
707522;26/07/2025;sábado;17:19:00;RN;226;117,5;SANTA CRUZ;Ausência de reação do condutor;Colisão lateral mesmo sentido;Com Vítimas Feridas;Anoitecer;Crescente;Céu Claro;Simples;Reta;Não;2;0;1;0;1;0;1;2;-6,19291654;-36,05450928;SPRF-RN;DEL03-RN;UOP02-DEL03-RN
707523;27/07/2025;domingo;02:00:00;MG;381;893;CAMBUI;Ingestão de álcool pelo condutor;Saída de leito carroçável;Sem Vítimas;Plena Noite;Decrescente;Céu Claro;Dupla;Retorno Regulamentado;Não;1;0;0;0;1;0;0;1;-22,56629625;-46,04084641;SPRF-MG;DEL16-MG;UOP01-DEL16-MG
707524;27/07/2025;domingo;06:30:00;SP;116;146;SAO JOSE DOS CAMPOS;Manobra de mudança de faixa;Engavetamento;Com Vítimas Feridas;Amanhecer;Decrescente;Céu Claro;Dupla;Reta;Sim;4;0;1;0;2;1;1;3;-23,18889403;-45,85837126;SPRF-SP;DEL02-SP;UOP01-DEL02-SP
707525;27/07/2025;domingo;06:48:00;SC;101;188;BIGUACU;Pista Escorregadia;Saída de leito carroçável;Sem Vítimas;Pleno dia;Decrescente;Chuva;Dupla;Curva;Sim;1;0;0;0;1;0;0;1;-27,46071625;-48,63912329;SPRF-SC;DEL01-SC;UOP01-DEL01-SC
707528;27/07/2025;domingo;06:00:00;MG;116;490,5;INHAPIM;Ingestão de álcool pelo condutor;Saída de leito carroçável;Com Vítimas Feridas;Pleno dia;Decrescente;Céu Claro;Simples;"Reta;Aclive";Não;1;0;1;0;0;0;1;1;-19,49984869;-42,12788185;SPRF-MG;DEL06-MG;UOP02-DEL06-MG
707529;27/07/2025;domingo;08:10:00;ES;101;243;SERRA;Demais falhas mecânicas ou elétricas;Incêndio;Sem Vítimas;Pleno dia;Crescente;Céu Claro;Simples;Reta;Não;4;0;0;0;4;0;0;1;-20,0442;-40,3897;SPRF-ES;DEL02-ES;UOP01-DEL02-ES
707530;27/07/2025;domingo;07:50:00;RS;392;105;PELOTAS;Reação tardia ou ineficiente do condutor;Saída de leito carroçável;Com Vítimas Feridas;Pleno dia;Decrescente;Chuva;Simples;"Reta;Aclive";Não;2;0;1;0;1;0;1;1;-31,61272;-52,3051926;SPRF-RS;DEL07-RS;UOP01-DEL07-RS
707531;27/07/2025;domingo;07:10:00;MG;50;10,6;ARAGUARI;Animais na Pista;Atropelamento de Animal;Com Vítimas Feridas;Pleno dia;Crescente;Céu Claro;Dupla;Aclive;Não;1;0;1;0;0;0;1;1;-18,53924625;-48,04681174;SPRF-MG;DEL15-MG;UOP02-DEL15-MG
707532;26/07/2025;sábado;23:20:00;RJ;116;148;DUQUE DE CAXIAS;Pedestre cruzava a pista fora da faixa;Atropelamento de Pedestre;Com Vítimas Feridas;Plena Noite;Decrescente;Céu Claro;Múltipla;Reta;Sim;2;0;1;0;1;0;1;2;-22,67064087;-43,27576876;SPRF-RJ;DEL01-RJ;UOP02-DEL01-RJ
707533;27/07/2025;domingo;08:30:00;GO;20;3;FORMOSA;Reação tardia ou ineficiente do condutor;Colisão traseira;Com Vítimas Feridas;Pleno dia;Crescente;Céu Claro;Simples;Reta;Não;2;0;1;0;1;0;1;2;-15,55972853;-47,31127158;SPRF-DF;DEL02-DF;UOP02-DEL02-DF
707534;27/07/2025;domingo;07:05:00;PR;369;194,5;ARAPONGAS;Velocidade Incompatível;Saída de leito carroçável;Com Vítimas Feridas;Pleno dia;Decrescente;Céu Claro;Dupla;Reta;Sim;1;0;1;0;0;0;1;1;-23,4946;-51,4232;SPRF-PR;DEL07-PR;UOP03-DEL07-PR
707535;27/07/2025;domingo;05:30:00;AL;423;57,4;AGUA BRANCA;Animais na Pista;Saída de leito carroçável;Com Vítimas Feridas;Amanhecer;Crescente;Nublado;Simples;Reta;Não;2;0;2;0;0;0;2;1;-9,28327;-37,7864;SPRF-AL;DEL03-AL;UOP02-DEL03-AL
707536;27/07/2025;domingo;09:10:00;SP;116;87,2;PINDAMONHANGABA;Reação tardia ou ineficiente do condutor;Colisão traseira;Com Vítimas Feridas;Pleno dia;Decrescente;Céu Claro;Dupla;Reta;Não;2;0;1;0;1;0;1;2;-22,931588;-45,363123;SPRF-SP;DEL08-SP;UOP01-DEL08-SP
707537;27/07/2025;domingo;00:20:00;RJ;40;114;DUQUE DE CAXIAS;Demais falhas mecânicas ou elétricas;Queda de ocupante de veículo;Com Vítimas Feridas;Plena Noite;Decrescente;Céu Claro;Dupla;Reta;Sim;2;0;2;0;0;0;2;1;-22,72558363;-43,28951645;SPRF-RJ;DEL01-RJ;UOP02-DEL01-RJ
707538;27/07/2025;domingo;06:52:00;MA;316;404;ALTO ALEGRE DO MARANHAO;Ultrapassagem Indevida;Colisão transversal;Com Vítimas Feridas;Pleno dia;Decrescente;Céu Claro;Simples;Reta;Não;4;0;1;1;2;0;2;2;-4,236412;-44,440488;SPRF-MA;DEL03-MA;UOP01-DEL03-MA
707539;01/06/2025;domingo;13:11:00;PA;163;288;NOVO PROGRESSO;Avarias e/ou desgaste excessivo no pneu;Queda de ocupante de veículo;Sem Vítimas;Pleno dia;Decrescente;Céu Claro;Simples;Reta;Não;2;0;0;0;1;1;0;1;-7,2267;-55,35;SPRF-PA;DEL05-PA;UOP03-DEL05-PA
707541;23/07/2025;quarta-feira;23:55:00;RJ;101;331;RIO DE JANEIRO;Condutor deixou de manter distância do veículo da frente;Colisão traseira;Com Vítimas Feridas;Plena Noite;Decrescente;Céu Claro;Dupla;Reta;Não;3;0;2;0;1;0;2;2;-22,872333;-43,205009;SPRF-RJ;DEL02-RJ;UOP01-DEL02-RJ
707542;27/07/2025;domingo;09:00:00;AP;210;0;MACAPA;Reação tardia ou ineficiente do condutor;Colisão transversal;Com Vítimas Feridas;Pleno dia;Decrescente;Céu Claro;Dupla;Curva;Sim;2;0;1;0;1;0;1;2;0,0778018;-51,0695983;SPRF-AP;DEL01-AP;UOP01-DEL01-AP
707543;27/07/2025;domingo;09:45:00;RS;290;498;SANTA MARGARIDA DO SUL;Chuva;Capotamento;Com Vítimas Feridas;Pleno dia;Decrescente;Chuva;Simples;Reta;Não;3;0;1;2;0;0;3;1;-30,364408;-54,200447;SPRF-RS;DEL11-RS;UOP02-DEL11-RS
707544;27/07/2025;domingo;10:15:00;PB;230;9;CABEDELO;Ausência de reação do condutor;Colisão traseira;Com Vítimas Feridas;Pleno dia;Crescente;Nublado;Múltipla;Reta;Sim;2;0;1;0;1;0;1;2;-7,02753;-34,839352;SPRF-PB;DEL01-PB;UOP01-DEL01-PB
707545;27/07/2025;domingo;03:30:00;RS;470;221,6;GARIBALDI;Reação tardia ou ineficiente do condutor;Saída de leito carroçável;Sem Vítimas;Plena Noite;Crescente;Ignorado;Simples;"Curva;Retorno Regulamentado";Sim;1;0;0;0;0;1;0;1;-29,20913687;-51,5178415;SPRF-RS;DEL06-RS;UOP01-DEL06-RS
707546;27/07/2025;domingo;10:35:00;SC;101;192;BIGUACU;Ingestão de álcool pelo condutor;Colisão traseira;Com Vítimas Feridas;Pleno dia;Crescente;Nublado;Múltipla;Reta;Sim;2;0;1;0;1;0;1;2;-27,48799552;-48,65229813;SPRF-SC;DEL01-SC;UOP01-DEL01-SC
707548;27/07/2025;domingo;10:40:00;SC;101;228,8;PALHOCA;Acumulo de areia ou detritos sobre o pavimento;Tombamento;Com Vítimas Feridas;Pleno dia;Crescente;Nublado;Simples;Reta;Sim;1;0;1;0;0;0;1;1;-27,76104506;-48,63030553;SPRF-SC;DEL01-SC;UOP02-DEL01-SC
707549;27/07/2025;domingo;07:00:00;PR;153;244;IPIRANGA;Reação tardia ou ineficiente do condutor;Capotamento;Sem Vítimas;Amanhecer;Decrescente;Céu Claro;Simples;Curva;Não;1;0;0;0;0;1;0;1;-24,80821;-50,4775933;SPRF-PR;DEL03-PR;UOP02-DEL03-PR
707550;27/07/2025;domingo;10:05:00;RS;386;410,9;TRIUNFO;Acumulo de água sobre o pavimento;Saída de leito carroçável;Com Vítimas Feridas;Pleno dia;Decrescente;Chuva;Dupla;Rotatória;Sim;2;0;2;0;0;0;2;1;-29,80265232;-51,51126534;SPRF-RS;DEL04-RS;UOP02-DEL04-RS
707551;27/07/2025;domingo;10:00:00;MG;365;431,1;PATOS DE MINAS;Acessar a via sem observar a presença dos outros veículos;Colisão transversal;Com Vítimas Fatais;Pleno dia;Crescente;Céu Claro;Simples;"Reta;Interseção de Vias";Não;2;1;1;0;0;0;1;2;-18,75903;-46,66381;SPRF-MG;DEL10-MG;UOP01-DEL10-MG
707552;27/07/2025;domingo;11:00:00;SP;381;67;MAIRIPORA;Frear bruscamente;Colisão com objeto;Com Vítimas Feridas;Pleno dia;Decrescente;Céu Claro;Dupla;"Declive;Curva";Não;6;0;2;0;4;0;2;1;-23,3428107;-46,57330348;SPRF-SP;DEL03-SP;UOP01-DEL03-SP
707553;27/07/2025;domingo;05:00:00;RN;427;90;CAICO;Condutor Dormindo;Saída de leito carroçável;Sem Vítimas;Amanhecer;Decrescente;Céu Claro;Simples;Reta;Não;1;0;0;0;0;1;0;1;-6,48253163;-37,04956056;SPRF-RN;DEL03-RN;UOP01-DEL03-RN
707554;27/07/2025;domingo;11:05:00;RS;293;31;CAPAO DO LEAO;Reação tardia ou ineficiente do condutor;Saída de leito carroçável;Com Vítimas Feridas;Pleno dia;Decrescente;Chuva;Simples;Curva;Não;2;0;0;1;1;0;1;1;-31,729;-52,628;SPRF-RS;DEL07-RS;UOP01-DEL07-RS
707555;27/07/2025;domingo;10:00:00;MT;70;167;GENERAL CARNEIRO;Velocidade Incompatível;Capotamento;Com Vítimas Feridas;Pleno dia;Decrescente;Céu Claro;Simples;Reta;Não;3;0;2;1;0;0;3;1;-15,680422;-53,601397;SPRF-MT;DEL05-MT;UOP01-DEL05-MT
707556;27/07/2025;domingo;10:00:00;MT;163;684;LUCAS DO RIO VERDE;Ausência de reação do condutor;Queda de ocupante de veículo;Com Vítimas Feridas;Pleno dia;Decrescente;Céu Claro;Simples;Reta;Não;1;0;1;0;0;0;1;1;-13,10273999;-55,94965696;SPRF-MT;DEL06-MT;UOP01-DEL06-MT
707558;27/07/2025;domingo;11:40:00;RJ;116;143;DUQUE DE CAXIAS;Avarias e/ou desgaste excessivo no pneu;Tombamento;Com Vítimas Feridas;Pleno dia;Crescente;Sol;Dupla;Reta;Sim;2;0;2;0;0;0;2;1;-22,65163088;-43,23762774;SPRF-RJ;DEL01-RJ;UOP02-DEL01-RJ
707559;27/07/2025;domingo;11:30:00;PI;316;24;TERESINA;Transitar na contramão;Colisão transversal;Com Vítimas Feridas;Pleno dia;Decrescente;Céu Claro;Múltipla;Reta;Não;3;0;2;0;1;0;2;2;-5,29130602;-42,71570206;SPRF-PI;DEL01-PI;UOP02-DEL01-PI