id;data_inversa;dia_semana;horario;uf;br;km;municipio;causa_acidente;tipo_acidente;classificacao_acidente;fase_dia;sentido_via;condicao_metereologica;tipo_pista;tracado_via;uso_solo;pessoas;mortos;feridos_leves;feridos_graves;ilesos;ignorados;feridos;veiculos;latitude;longitude;regional;delegacia;uop
707778;27/07/2025;domingo;21:00:00;MG;262;658;IBIA;Animais na Pista;Atropelamento de Animal;Com Vítimas Feridas;Plena Noite;Crescente;Céu Claro;Simples;Reta;Não;4;0;2;0;2;0;2;1;-19,57937;-46,711476;SPRF-MG;DEL08-MG;UOP01-DEL08-MG
707779;28/07/2025;segunda-feira;09:00:00;RN;101;94;NATAL;Condutor deixou de manter distância do veículo da frente;Colisão traseira;Com Vítimas Feridas;Pleno dia;Crescente;Sol;Dupla;Viaduto;Sim;3;0;2;0;0;1;2;2;-5,83384185;-35,21226374;SPRF-RN;DEL01-RN;UOP01-DEL01-RN
707781;28/07/2025;segunda-feira;08:40:00;PR;277;724;FOZ DO IGUACU;Manobra de mudança de faixa;Colisão lateral mesmo sentido;Com Vítimas Feridas;Pleno dia;Decrescente;Céu Claro;Dupla;Reta;Não;2;0;1;0;1;0;1;2;-25,5095414;-54,5958285;SPRF-PR;DEL05-PR;UOP03-DEL05-PR
707784;28/07/2025;segunda-feira;08:55:00;BA;242;226;ITABERABA;Reação tardia ou ineficiente do condutor;Queda de ocupante de veículo;Com Vítimas Feridas;Pleno dia;Decrescente;Céu Claro;Simples;"Curva;Rotatória";Sim;2;0;2;0;0;0;2;1;-12,51891072;-40,28249718;SPRF-BA;DEL06-BA;UOP02-DEL06-BA
707787;28/07/2025;segunda-feira;09:40:00;MG;381;896;CAMBUI;Acumulo de água sobre o pavimento;Colisão com objeto;Com Vítimas Feridas;Pleno dia;Crescente;Chuva;Dupla;Curva;Não;1;0;1;0;0;0;1;1;-22,59582259;-46,05640411;SPRF-MG;DEL16-MG;UOP01-DEL16-MG
707788;28/07/2025;segunda-feira;09:00:00;RJ;101;415,4;MANGARATIBA;Acessar a via sem observar a presença dos outros veículos;Colisão traseira;Com Vítimas Feridas;Pleno dia;Crescente;Nublado;Dupla;Reta;Sim;2;0;1;0;1;0;1;2;-22,90961845;-43,89239788;SPRF-RJ;DEL03-RJ;UOP02-DEL03-RJ
707789;28/07/2025;segunda-feira;09:30:00;ES;101;267,1;SERRA;Manobra de mudança de faixa;Queda de ocupante de veículo;Com Vítimas Feridas;Pleno dia;Crescente;Céu Claro;Múltipla;Reta;Sim;1;0;1;0;0;0;1;1;-20,19859505;-40,26896864;SPRF-ES;DEL02-ES;UOP01-DEL02-ES
707792;28/07/2025;segunda-feira;09:30:00;MG;50;80,8;UBERLANDIA;Reação tardia ou ineficiente do condutor;Saída de leito carroçável;Com Vítimas Feridas;Pleno dia;Crescente;Céu Claro;Dupla;"Em Obras;Declive;Reta";Não;1;0;1;0;0;0;1;1;-18,966668;-48,215132;SPRF-MG;DEL15-MG;UOP01-DEL15-MG
707793;28/07/2025;segunda-feira;09:37:00;ES;101;294;CARIACICA;Entrada inopinada do pedestre;Atropelamento de Pedestre;Com Vítimas Feridas;Pleno dia;Decrescente;Céu Claro;Dupla;Reta;Sim;2;0;0;1;1;0;1;2;-20,3296923;-40,3997527;SPRF-ES;DEL01-ES;UOP01-DEL01-ES
707794;28/07/2025;segunda-feira;09:50:00;GO;153;657;GOIATUBA;Ausência de reação do condutor;Saída de leito carroçável;Com Vítimas Feridas;Pleno dia;Decrescente;Céu Claro;Dupla;Declive;Não;2;0;2;0;0;0;2;1;-18,032816;-49,2684089;SPRF-GO;DEL03-GO;UOP01-DEL03-GO
707795;28/07/2025;segunda-feira;09:15:00;MG;381;478;CONTAGEM;Ausência de reação do condutor;Colisão traseira;Com Vítimas Feridas;Pleno dia;Crescente;Céu Claro;Dupla;Reta;Não;2;0;1;0;1;0;1;2;-19,96190264;-44,03890785;SPRF-MG;DEL01-MG;UOP03-DEL01-MG
707796;28/07/2025;segunda-feira;10:29:00;ES;101;292,9;CARIACICA;Ausência de reação do condutor;Colisão traseira;Com Vítimas Feridas;Pleno dia;Decrescente;Céu Claro;Dupla;Declive;Sim;4;0;1;0;3;0;1;4;-20,31855038;-40,39638519;SPRF-ES;DEL01-ES;UOP01-DEL01-ES
707798;28/07/2025;segunda-feira;07:30:00;PB;104;114;LAGOA SECA;Condutor deixou de manter distância do veículo da frente;Colisão traseira;Com Vítimas Feridas;Pleno dia;Crescente;Chuva;Simples;Reta;Sim;2;0;1;0;1;0;1;2;-7,1592012;-35,85593373;SPRF-PB;DEL02-PB;UOP04-DEL02-PB
707799;28/07/2025;segunda-feira;08:30:00;MG;40;644,6;CRISTIANO OTONI;Estacionar ou parar em local proibido;Colisão traseira;Com Vítimas Feridas;Pleno dia;Decrescente;Céu Claro;Simples;Reta;Não;2;0;0;1;0;1;1;2;-20,78199665;-43,8115325;SPRF-MG;DEL05-MG;UOP02-DEL05-MG
707800;28/03/2025;sexta-feira;22:56:00;PE;428;144;PETROLINA;Condutor Dormindo;Saída de leito carroçável;Com Vítimas Feridas;Plena Noite;Crescente;Céu Claro;Simples;Aclive;Não;1;0;0;1;0;0;1;1;-9,026788;-40,285783;SPRF-PE;DEL06-PE;UOP01-DEL06-PE
707801;28/07/2025;segunda-feira;09:00:00;RS;480;67;BARAO DE COTEGIPE;Avarias e/ou desgaste excessivo no pneu;Saída de leito carroçável;Sem Vítimas;Pleno dia;Crescente;Chuva;Dupla;"Aclive;Curva";Não;1;0;0;0;0;1;0;1;-27,63629001;-52,35102296;SPRF-RS;DEL08-RS;UOP04-DEL08-RS
707803;28/07/2025;segunda-feira;09:45:00;PR;153;49,3;SANTO ANTONIO DA PLATINA;Reação tardia ou ineficiente do condutor;Queda de ocupante de veículo;Com Vítimas Feridas;Pleno dia;Decrescente;Céu Claro;Simples;Reta;Não;1;0;1;0;0;0;1;1;-23,35941962;-50,06258905;SPRF-PR;DEL07-PR;UOP04-DEL07-PR
707805;28/07/2025;segunda-feira;11:12:00;SC;280;74,7;JARAGUA DO SUL;Reação tardia ou ineficiente do condutor;Colisão traseira;Com Vítimas Feridas;Pleno dia;Crescente;Céu Claro;Simples;Reta;Não;2;0;1;0;1;0;1;2;-26,459205;-49,154488;SPRF-SC;DEL03-SC;UOP03-DEL03-SC
707810;28/07/2025;segunda-feira;11:30:00;SC;101;151;ITAPEMA;Condutor deixou de manter distância do veículo da frente;Colisão traseira;Com Vítimas Feridas;Pleno dia;Crescente;Céu Claro;Dupla;Reta;Sim;3;0;1;0;1;1;1;2;-27,13175056;-48,60968336;SPRF-SC;DEL04-SC;UOP03-DEL04-SC
707811;28/07/2025;segunda-feira;06:50:00;MG;116;511,5;UBAPORANGA;Demais falhas mecânicas ou elétricas;Incêndio;Sem Vítimas;Pleno dia;Crescente;Sol;Simples;Reta;Não;1;0;0;0;1;0;0;1;-19,659585;-42,116423;SPRF-MG;DEL06-MG;UOP02-DEL06-MG
707815;28/07/2025;segunda-feira;12:30:00;RS;290;725;URUGUAIANA;Acessar a via sem observar a presença dos outros veículos;Colisão transversal;Com Vítimas Feridas;Pleno dia;Decrescente;Nublado;Simples;"Interseção de Vias;Rotatória";Sim;2;0;1;0;1;0;1;2;-29,74808966;-57,07821947;SPRF-RS;DEL13-RS;UOP01-DEL13-RS
707816;28/07/2025;segunda-feira;11:50:00;CE;222;35,2;CAUCAIA;Demais falhas mecânicas ou elétricas;Queda de ocupante de veículo;Com Vítimas Feridas;Pleno dia;Crescente;Céu Claro;Dupla;Reta;Não;1;0;1;0;0;0;1;1;-3,69989144;-38,86857319;SPRF-CE;DEL01-CE;UOP01-DEL01-CE
707818;28/07/2025;segunda-feira;10:00:00;PE;232;136;CARUARU;Pista esburacada;Colisão lateral mesmo sentido;Com Vítimas Feridas;Pleno dia;Decrescente;Chuva;Dupla;Reta;Não;3;0;2;0;1;0;2;2;-8,313655;-36,041954;SPRF-PE;DEL02-PE;UOP03-DEL02-PE
707819;28/07/2025;segunda-feira;11:20:00;PE;232;73;GRAVATA;Demais falhas mecânicas ou elétricas;Incêndio;Sem Vítimas;Pleno dia;Crescente;Chuva;Dupla;Reta;Sim;1;0;0;0;1;0;0;1;-8,1931;-35,51495;SPRF-PE;DEL02-PE;UOP02-DEL02PE
707820;12/07/2025;sábado;13:30:00;SC;280;80,6;CORUPA;Ausência de reação do condutor;Saída de leito carroçável;Com Vítimas Feridas;Pleno dia;Crescente;Céu Claro;Simples;"Interseção de Vias;Reta";Não;1;0;1;0;0;0;1;1;-26,44052234;-49,22268597;SPRF-SC;DEL06-SC;UOP03-DEL06-SC
707821;28/07/2025;segunda-feira;04:30:00;RJ;116;136;MAGE;Ausência de reação do condutor;Saída de leito carroçável;Com Vítimas Feridas;Plena Noite;Crescente;Céu Claro;Dupla;Reta;Não;3;0;2;1;0;0;3;1;-22,64918525;-43,17451;SPRF-RJ;DEL04-RJ;UOP02-DEL04-RJ
707822;28/07/2025;segunda-feira;09:00:00;PR;163;151;SANTA LUCIA;Pista Escorregadia;Saída de leito carroçável;Com Vítimas Feridas;Pleno dia;Crescente;Nevoeiro/Neblina;Dupla;Reta;Não;1;0;1;0;0;0;1;1;-25,39105934;-53,57650548;SPRF-PR;DEL05-PR;UOP05-DEL05-PR
707824;28/07/2025;segunda-feira;12:30:00;SC;280;42,8;GUARAMIRIM;Demais falhas mecânicas ou elétricas;Incêndio;Sem Vítimas;Pleno dia;Decrescente;Céu Claro;Dupla;"Em Obras;Aclive;Rotatória";Não;1;0;0;0;1;0;0;1;-26,451434;-48,875733;SPRF-SC;DEL03-SC;UOP03-DEL03-SC
707827;28/07/2025;segunda-feira;12:55:00;DF;20;10;BRASILIA;Manobra de mudança de faixa;Colisão traseira;Com Vítimas Feridas;Pleno dia;Crescente;Céu Claro;Dupla;"Em Obras;Aclive;Reta";Sim;2;0;1;0;1;0;1;2;-15,65028638;-47,77380679;SPRF-DF;DEL02-DF;UOP01-DEL02-DF
707828;28/07/2025;segunda-feira;08:20:00;PI;230;192;OEIRAS;Mal súbito do condutor;Saída de leito carroçável;Com Vítimas Feridas;Pleno dia;Decrescente;Céu Claro;Simples;"Declive;Curva";Sim;3;0;2;0;1;0;2;1;-6,987123;-42,091558;SPRF-PI;DEL04-PI;UOP01-DEL04-PI
707831;28/07/2025;segunda-feira;13:10:00;PR;116;15,6;COLOMBO;Reação tardia ou ineficiente do condutor;Colisão transversal;Com Vítimas Feridas;Pleno dia;Crescente;Céu Claro;Dupla;Reta;Sim;2;0;1;0;1;0;1;2;-25,37953325;-49,15930688;SPRF-PR;DEL01-PR;UOP02-DEL01-PR
707832;28/07/2025;segunda-feira;13:45:00;SC;101;133,7;BALNEARIO CAMBORIU;Acessar a via sem observar a presença dos outros veículos;Colisão transversal;Com Vítimas Feridas;Pleno dia;Decrescente;Céu Claro;Simples;Interseção de Vias;Sim;2;0;1;0;1;0;1;2;-27,00204647;-48,63835028;SPRF-SC;DEL04-SC;UOP03-DEL04-SC
707833;28/07/2025;segunda-feira;13:40:00;SC;101;202,8;SAO JOSE;Trafegar com motocicleta (ou similar) entre as faixas;Colisão traseira;Com Vítimas Feridas;Pleno dia;Crescente;Céu Claro;Dupla;Reta;Sim;2;0;1;0;1;0;1;2;-27,5636601;-48,615325;SPRF-SC;DEL01-SC;UOP01-DEL01-SC
707835;28/07/2025;segunda-feira;12:30:00;SC;280;274,4;IRINEOPOLIS;Ultrapassagem Indevida;Colisão lateral mesmo sentido;Com Vítimas Feridas;Pleno dia;Crescente;Nublado;Simples;"Reta;Aclive";Não;7;0;1;2;3;1;3;4;-26,28522135;-50,77842089;SPRF-SC;DEL06-SC;UOP04-DEL06-SC
707837;28/07/2025;segunda-feira;13:20:00;PR;369;181,7;ARAPONGAS;Reação tardia ou ineficiente do condutor;Saída de leito carroçável;Com Vítimas Feridas;Pleno dia;Decrescente;Céu Claro;Dupla;Reta;Sim;1;0;1;0;0;0;1;1;-23,38216;-51,417924;SPRF-PR;DEL07-PR;UOP03-DEL07-PR
707838;28/07/2025;segunda-feira;08:50:00;MG;116;669,2;MIRADOURO;Transitar na contramão;Colisão lateral sentido oposto;Com Vítimas Feridas;Pleno dia;Crescente;Céu Claro;Simples;Curva;Não;7;0;3;0;4;0;3;2;-20,86406139;-42,32882291;SPRF-MG;DEL07-MG;UOP02-DEL07-MG
707841;28/07/2025;segunda-feira;14:15:00;MG;50;82;UBERLANDIA;Entrada inopinada do pedestre;Atropelamento de Pedestre;Com Vítimas Feridas;Pleno dia;Crescente;Céu Claro;Dupla;Declive;Não;1;0;0;1;0;0;1;1;-18,985251;-48,212391;SPRF-MG;DEL15-MG;UOP01-DEL15-MG
707842;28/07/2025;segunda-feira;13:30:00;PE;232;7;RECIFE;Chuva;Saída de leito carroçável;Sem Vítimas;Pleno dia;Decrescente;Chuva;Dupla;Reta;Sim;1;0;0;0;1;0;0;1;-8,07379;-34,96333;SPRF-PE;DEL01-PE;UOP01-DEL01-PE
707846;28/07/2025;segunda-feira;14:40:00;MG;381;550;ITAGUARA;Condutor Dormindo;Saída de leito carroçável;Com Vítimas Feridas;Pleno dia;Crescente;Sol;Dupla;Reta;Não;3;0;2;0;1;0;2;1;-20,32949663;-44,45549011;SPRF-MG;DEL04-MG;UOP03-DEL04-MG
707848;28/07/2025;segunda-feira;15:00:00;SC;101;31;JOINVILLE;Ausência de reação do condutor;Saída de leito carroçável;Sem Vítimas;Pleno dia;Decrescente;Céu Claro;Dupla;"Reta;Aclive";Não;5;0;0;0;5;0;0;1;-26,23479194;-48,91597923;SPRF-SC;DEL03-SC;UOP01-DEL03-SC
707850;28/07/2025;segunda-feira;11:15:00;MT;364;206,4;RONDONOPOLIS;Condutor deixou de manter distância do veículo da frente;Colisão traseira;Com Vítimas Feridas;Pleno dia;Decrescente;Céu Claro;Dupla;Rotatória;Sim;2;0;1;0;1;0;1;2;-16,44757923;-54,66726065;SPRF-MT;DEL02-MT;UOP01-DEL02-MT
707851;28/07/2025;segunda-feira;15:20:00;SC;101;213,5;PALHOCA;Desrespeitar a preferência no cruzamento;Colisão transversal;Com Vítimas Feridas;Pleno dia;Decrescente;Céu Claro;Dupla;Interseção de Vias;Sim;2;0;0;1;1;0;1;2;-27,64363518;-48,66964214;SPRF-SC;DEL01-SC;UOP02-DEL01-SC
707852;28/07/2025;segunda-feira;13:58:00;RS;290;183,3;MINAS DO LEAO;Acessar a via sem observar a presença dos outros veículos;Colisão transversal;Com Vítimas Fatais;Pleno dia;Decrescente;Céu Claro;Simples;Interseção de Vias;Sim;3;1;0;1;1;0;1;2;-30,144317;-52,046268;SPRF-RS;DEL02-RS;UOP03-DEL02-RS
707853;28/07/2025;segunda-feira;15:10:00;RN;405;121,1;TABOLEIRO GRANDE;Pista esburacada;Colisão frontal;Com Vítimas Fatais;Pleno dia;Decrescente;Céu Claro;Simples;"Reta;Declive";Não;2;1;0;1;0;0;1;2;-5,908432;-38,071488;SPRF-RN;DEL04-RN;UOP02-DEL04-RN
707854;28/07/2025;segunda-feira;14:30:00;MT;70;381;CAMPO VERDE;Ingestão de álcool pelo condutor;Colisão traseira;Sem Vítimas;Pleno dia;Crescente;Céu Claro;Simples;Reta;Sim;2;0;0;0;2;0;0;2;-15,535367;-55,139083;SPRF-MT;DEL05-MT;UOP02-DEL05-MT
707855;19/07/2025;sábado;08:30:00;MS;163;829;SONORA;Demais falhas mecânicas ou elétricas;Incêndio;Sem Vítimas;Pleno dia;Crescente;Céu Claro;Dupla;Reta;Não;1;0;0;0;1;0;0;1;-17,60631149;-54,74598885;SPRF-MS;DEL06-MS;UOP01-DEL06-MS
707859;28/07/2025;segunda-feira;16:00:00;RJ;116;173;SAO JOAO DE MERITI;Reação tardia ou ineficiente do condutor;Atropelamento de Pedestre;Com Vítimas Feridas;Pleno dia;Crescente;Céu Claro;Múltipla;Reta;Sim;3;0;3;0;0;0;3;2;-22,80077589;-43,35206;SPRF-RJ;DEL06-RJ;UOP01-DEL06-RJ
707860;28/07/2025;segunda-feira;14:20:00;SC;101;199;BIGUACU;Avarias e/ou desgaste excessivo no pneu;Tombamento;Com Vítimas Feridas;Pleno dia;Crescente;Céu Claro;Múltipla;Reta;Sim;1;0;1;0;0;0;1;1;-27,530254;-48,632997;SPRF-SC;DEL01-SC;UOP01-DEL01-SC
707861;28/07/2025;segunda-feira;15:30:00;ES;101;386,5;RIO NOVO DO SUL;Ausência de reação do condutor;Saída de leito carroçável;Com Vítimas Feridas;Pleno dia;Decrescente;Céu Claro;Simples;Curva;Não;2;0;1;1;0;0;2;1;-20,844807;-40,877143;SPRF-ES;DEL03-ES;UOP01-DEL03-ES
707862;28/07/2025;segunda-feira;10:50:00;SC;282;186;BOCAINA DO SUL;Ausência de reação do condutor;Engavetamento;Sem Vítimas;Pleno dia;Crescente;Garoa/Chuvisco;Simples;"Reta;Declive";Não;6;0;0;0;6;0;0;6;-27,738278;-50,008743;SPRF-SC;DEL05-SC;UOP01-DEL05-SC
707864;28/07/2025;segunda-feira;11:30:00;RJ;101;381,7;RIO DE JANEIRO;Reação tardia ou ineficiente do condutor;Colisão traseira;Com Vítimas Feridas;Pleno dia;Decrescente;Nublado;Dupla;Reta;Sim;3;0;1;0;2;0;1;3;-22,87288402;-43,6065495;SPRF-RJ;DEL03-RJ;UOP01-DEL03-RJ
707866;28/07/2025;segunda-feira;16:13:00;RS;158;332;SANTA MARIA;Acessar a via sem observar a presença dos outros veículos;Colisão transversal;Com Vítimas Feridas;Pleno dia;Crescente;Céu Claro;Simples;Reta;Sim;2;0;1;0;1;0;1;2;-29,70847614;-53,86440609;SPRF-RS;DEL09-RS;UOP01-DEL09-RS
707867;28/07/2025;segunda-feira;15:00:00;PR;369;174,6;ROLANDIA;Ausência de reação do condutor;Colisão traseira;Com Vítimas Feridas;Pleno dia;Crescente;Céu Claro;Simples;Reta;Sim;2;0;1;0;1;0;1;2;-23,319;-51,38;SPRF-PR;DEL07-PR;UOP01-DEL07-PR
707868;28/07/2025;segunda-feira;16:10:00;MG;365;625;UBERLANDIA;Chuva;Colisão com objeto;Sem Vítimas;Pleno dia;Decrescente;Chuva;Dupla;Curva;Sim;1;0;0;0;1;0;0;1;-18,908032;-48,300956;SPRF-MG;DEL15-MG;UOP01-DEL15-MG
707869;28/07/2025;segunda-feira;14:20:00;MG;40;268;SAO GONCALO DO ABAETE;Pista Escorregadia;Tombamento;Com Vítimas Feridas;Pleno dia;Crescente;Sol;Simples;Curva;Não;2;0;2;0;0;0;2;1;-18,17031867;-45,2866745;SPRF-MG;DEL14-MG;UOP02-DEL14-MG
707871;28/07/2025;segunda-feira;14:40:00;TO;153;142;ARAGUAINA;Ausência de reação do condutor;Colisão traseira;Com Vítimas Feridas;Pleno dia;Decrescente;Céu Claro;Simples;Reta;Sim;1;0;1;0;0;0;1;1;-7,1856;-48,2286;SPRF-TO;DEL02-TO;UOP01-DEL02-TO
707872;28/07/2025;segunda-feira;16:35:00;MG;262;478,1;BOM DESPACHO;Velocidade Incompatível;Saída de leito carroçável;Com Vítimas Feridas;Pleno dia;Decrescente;Chuva;Simples;"Reta;Declive";Não;2;0;2;0;0;0;2;1;-19,78368;-45,3326;SPRF-MG;DEL08-MG;UOP03-DEL08-MG
707873;28/07/2025;segunda-feira;11:30:00;RO;364;767;PORTO VELHO;Avarias e/ou desgaste excessivo no pneu;Eventos atípicos;Com Vítimas Feridas;Pleno dia;Decrescente;Céu Claro;Simples;Reta;Não;1;0;1;0;0;0;1;1;-8,781824;-63,8844928;SPRF-RO;DEL01-RO;UOP02-DEL01-RO
707875;28/07/2025;segunda-feira;16:26:00;RS;290;19;SANTO ANTONIO DA PATRULHA;Velocidade Incompatível;Capotamento;Com Vítimas Feridas;Pleno dia;Crescente;Chuva;Dupla;Curva;Não;1;0;1;0;0;0;1;1;-29,885064;-50,47661;SPRF-RS;DEL03-RS;UOP01-DEL03-RS
707876;28/07/2025;segunda-feira;14:25:00;PE;232;285;SERTANIA;Reação tardia ou ineficiente do condutor;Saída de leito carroçável;Com Vítimas Feridas;Pleno dia;Crescente;Nublado;Simples;Reta;Não;1;0;1;0;0;0;1;1;-8,336;-37,32200861;SPRF-PE;DEL04-PE;UOP02-DEL04-PE
707878;28/07/2025;segunda-feira;16:10:00;GO;70;9;AGUAS LINDAS DE GOIAS;Reação tardia ou ineficiente do condutor;Atropelamento de Pedestre;Com Vítimas Feridas;Pleno dia;Crescente;Céu Claro;Dupla;Reta;Sim;3;0;1;0;2;0;1;2;-15,74230568;-48,2689476;SPRF-DF;DEL03-DF;UOP02-DEL03-DF
707879;02/05/2025;sexta-feira;20:30:00;PI;316;15;TERESINA;Condutor Dormindo;Saída de leito carroçável;Com Vítimas Feridas;Plena Noite;Crescente;Céu Claro;Dupla;Reta;Não;1;0;0;1;0;0;1;1;-5,230805;-42,747833;SPRF-PI;DEL01-PI;UOP02-DEL01-PI
707881;10/06/2025;terça-feira;08:50:00;BA;324;619;SALVADOR;Objeto estático sobre o leito carroçável;Queda de ocupante de veículo;Com Vítimas Feridas;Pleno dia;Crescente;Nublado;Múltipla;"Reta;Em Obras";Sim;1;0;1;0;0;0;1;1;-12,91059716;-38,45857568;SPRF-BA;DEL01-BA;UOP01-DEL01-BA
707885;28/07/2025;segunda-feira;17:00:00;CE;116;15,9;FORTALEZA;Reação tardia ou ineficiente do condutor;Engavetamento;Com Vítimas Feridas;Pleno dia;Decrescente;Sol;Dupla;"Reta;Aclive";Sim;7;0;1;0;4;2;1;4;-3,88627755;-38,50153327;SPRF-CE;DEL01-CE;UOP02-DEL01-CE
707886;28/07/2025;segunda-feira;16:10:00;PE;101;34,8;ITAPISSUMA;Demais falhas mecânicas ou elétricas;Saída de leito carroçável;Com Vítimas Feridas;Pleno dia;Decrescente;Chuva;Dupla;Reta;Não;2;0;1;0;1;0;1;1;-7,777653;-34,932678;SPRF-PE;DEL01-PE;UOP02-DEL01-PE
707887;28/07/2025;segunda-feira;17:00:00;TO;153;393;RIO DOS BOIS;Reação tardia ou ineficiente do condutor;Colisão traseira;Com Vítimas Feridas;Pleno dia;Crescente;Céu Claro;Simples;Aclive;Não;5;0;1;0;4;0;1;2;-9,355968;-48,545753;SPRF-TO;DEL02-TO;UOP02-DEL02-TO
707888;28/07/2025;segunda-feira;17:30:00;RN;101;101,7;PARNAMIRIM;Manobra de mudança de faixa;Colisão lateral mesmo sentido;Com Vítimas Feridas;Anoitecer;Crescente;Céu Claro;Múltipla;Interseção de Vias;Sim;3;0;2;0;1;0;2;2;-5,887902;-35,238352;SPRF-RN;DEL01-RN;UOP01-DEL01-RN
707889;28/07/2025;segunda-feira;17:30:00;SP;116;280;EMBU DAS ARTES;Condutor deixou de manter distância do veículo da frente;Colisão traseira;Com Vítimas Feridas;Plena Noite;Decrescente;Nublado;Dupla;Reta;Sim;2;0;1;0;1;0;1;2;-23,65369911;-46,84828029;SPRF-SP;DEL04-SP;UOP01-DEL04-SP
707891;28/07/2025;segunda-feira;17:45:00;ES;101;297;CARIACICA;Condutor deixou de manter distância do veículo da frente;Colisão traseira;Com Vítimas Feridas;Plena Noite;Crescente;Céu Claro;Dupla;Reta;Sim;2;0;1;0;0;1;1;2;-20,34817903;-40,41180575;SPRF-ES;DEL01-ES;UOP01-DEL01-ES
707892;24/07/2025;quinta-feira;15:30:00;RJ;101;313;SAO GONCALO;Demais falhas mecânicas ou elétricas;Queda de ocupante de veículo;Com Vítimas Feridas;Pleno dia;Decrescente;Céu Claro;Dupla;Reta;Sim;2;0;1;0;1;0;1;1;-22,81096006;-43,07068632;SPRF-RJ;DEL02-RJ;UOP02-DEL02-RJ
707894;28/07/2025;segunda-feira;14:00:00;PA;230;665;ALTAMIRA;Demais falhas mecânicas ou elétricas;Derramamento de carga;Com Vítimas Feridas;Pleno dia;Crescente;Sol;Simples;"Reta;Aclive";Não;2;0;2;0;0;0;2;1;-3,26111;-52,36077;SPRF-PA;DEL04-PA;UOP01-DEL04-PA
707898;28/07/2025;segunda-feira;18:20:00;SP;116;228;SAO PAULO;Manobra de mudança de faixa;Colisão lateral mesmo sentido;Com Vítimas Feridas;Plena Noite;Decrescente;Céu Claro;Múltipla;"Reta;Em Obras";Sim;4;0;2;0;1;1;2;4;-23,50386674;-46,56795502;SPRF-SP;DEL01-SP;UOP01-DEL01-SP
707902;28/07/2025;segunda-feira;17:21:00;SP;116;201;ARUJA;Manobra de mudança de faixa;Tombamento;Com Vítimas Feridas;Anoitecer;Decrescente;Ignorado;Dupla;Reta;Não;1;0;1;0;0;0;1;1;-23,403305;-46,329178;SPRF-SP;DEL01-SP;UOP01-DEL01-SP
707903;28/07/2025;segunda-feira;16:00:00;MG;381;733,4;CARMO DA CACHOEIRA;Chuva;Capotamento;Com Vítimas Feridas;Pleno dia;Decrescente;Chuva;Dupla;Declive;Não;2;0;2;0;0;0;2;1;-21,49132447;-45,2072304;SPRF-MG;DEL16-MG;UOP02-DEL16-MG
707904;28/07/2025;segunda-feira;19:00:00;SP;116;226;GUARULHOS;Trafegar com motocicleta (ou similar) entre as faixas;Colisão lateral mesmo sentido;Com Vítimas Feridas;Plena Noite;Decrescente;Nublado;Múltipla;"Reta;Declive";Sim;5;0;1;0;4;0;1;3;-23,491072;-46,549065;SPRF-SP;DEL01-SP;UOP01-DEL01-SP
707905;28/07/2025;segunda-feira;18:35:00;SC;280;126,8;RIO NEGRINHO;Área urbana sem a presença de local apropriado para a travessia de pedestres;Atropelamento de Pedestre;Com Vítimas Feridas;Plena Noite;Crescente;Céu Claro;Simples;"Reta;Aclive";Não;2;0;0;1;1;0;1;2;-26,23991161;-49,5065802;SPRF-SC;DEL06-SC;UOP03-DEL06-SC
707906;28/07/2025;segunda-feira;16:00:00;RS;386;420;MONTENEGRO;Velocidade Incompatível;Tombamento;Com Vítimas Feridas;Pleno dia;Decrescente;Chuva;Simples;"Aclive;Curva;Interseção de Vias";Não;1;0;1;0;0;0;1;1;-29,81484764;-51,41779158;SPRF-RS;DEL04-RS;UOP02-DEL04-RS
707907;28/07/2025;segunda-feira;16:00:00;BA;330;832;IPIAU;Animais na Pista;Saída de leito carroçável;Com Vítimas Feridas;Pleno dia;Crescente;Céu Claro;Simples;"Curva;Aclive";Não;4;0;3;0;1;0;3;1;-14,0959551;-39,78125811;SPRF-BA;DEL03-BA;UOP01-DEL03-BA
707908;28/07/2025;segunda-feira;18:45:00;PR;116;15,3;COLOMBO;Avarias e/ou desgaste excessivo no pneu;Queda de ocupante de veículo;Com Vítimas Feridas;Anoitecer;Crescente;Céu Claro;Dupla;Reta;Sim;2;0;1;1;0;0;2;1;-25,38544122;-49,17214394;SPRF-PR;DEL01-PR;UOP02-DEL01-PR
707909;28/07/2025;segunda-feira;18:35:00;SC;101;412,4;ARARANGUA;Ausência de reação do condutor;Colisão traseira;Com Vítimas Feridas;Plena Noite;Crescente;Céu Claro;Dupla;Reta;Não;4;0;1;0;3;0;1;2;-28,945448;-49,52927;SPRF-SC;DEL02-SC;UOP02-DEL02-SC
707910;28/07/2025;segunda-feira;16:00:00;MG;381;733,4;CARMO DA CACHOEIRA;Chuva;Capotamento;Com Vítimas Feridas;Pleno dia;Decrescente;Chuva;Dupla;"Curva;Declive";Não;1;0;0;1;0;0;1;1;-21,52175;-45,22349;SPRF-MG;DEL16-MG;UOP02-DEL16-MG
707912;28/07/2025;segunda-feira;18:00:00;PA;230;121;MARABA;Manobra de mudança de faixa;Colisão lateral mesmo sentido;Com Vítimas Feridas;Anoitecer;Crescente;Céu Claro;Dupla;Reta;Sim;2;0;1;0;1;0;1;2;-5,367873;-49,128383;SPRF-PA;DEL03-PA;UOP01-DEL03-PA