id;data_inversa;dia_semana;horario;uf;br;km;municipio;causa_acidente;tipo_acidente;classificacao_acidente;fase_dia;sentido_via;condicao_metereologica;tipo_pista;tracado_via;uso_solo;pessoas;mortos;feridos_leves;feridos_graves;ilesos;ignorados;feridos;veiculos;latitude;longitude;regional;delegacia;uop
708045;29/07/2025;terça-feira;12:50:00;SC;282;595,9;SAUDADES;Condutor deixou de manter distância do veículo da frente;Colisão traseira;Com Vítimas Feridas;Pleno dia;Decrescente;Céu Claro;Simples;Curva;Não;2;0;1;0;1;0;1;2;-26,8294173;-53,12819159;SPRF-SC;DEL07-SC;UOP02-DEL07-SC
708046;29/07/2025;terça-feira;14:00:00;ES;101;79;SAO MATEUS;Ausência de reação do condutor;Capotamento;Com Vítimas Feridas;Pleno dia;Decrescente;Céu Claro;Simples;"Reta;Ponte";Não;2;0;2;0;0;0;2;1;-18,7271255;-39,8366474;SPRF-ES;DEL04-ES;UOP02-DEL04-ES
708048;29/07/2025;terça-feira;14:00:00;SC;470;205,4;PONTE ALTA;Reação tardia ou ineficiente do condutor;Saída de leito carroçável;Com Vítimas Feridas;Pleno dia;Decrescente;Sol;Simples;Reta;Não;2;0;1;0;1;0;1;1;-27,29321072;-50,17708652;SPRF-SC;DEL05-SC;UOP03-DEL05-SC
708050;29/07/2025;terça-feira;11:02:00;MS;262;486,7;ANASTACIO;Reação tardia ou ineficiente do condutor;Tombamento;Com Vítimas Feridas;Pleno dia;Crescente;Céu Claro;Simples;Reta;Não;4;0;1;0;3;0;1;1;-20,50453109;-55,75630188;SPRF-MS;DEL03-MS;UOP01-DEL03-MS
708051;29/07/2025;terça-feira;14:00:00;BA;324;1;FEIRA DE SANTANA;Transitar no Acostamento;Tombamento;Com Vítimas Feridas;Pleno dia;Decrescente;Céu Claro;Dupla;Reta;Sim;1;0;1;0;0;0;1;1;-12,28003448;-38,94227296;SPRF-BA;DEL02-BA;UOP01-DEL02-BA
708052;29/07/2025;terça-feira;14:30:00;RJ;101;428;MANGARATIBA;Ausência de reação do condutor;Colisão transversal;Com Vítimas Feridas;Pleno dia;Crescente;Nublado;Simples;"Reta;Interseção de Vias";Não;4;0;1;0;3;0;1;2;-22,93532441;-43,99808443;SPRF-RJ;DEL03-RJ;UOP02-DEL03-RJ
708053;29/07/2025;terça-feira;14:55:00;PE;101;64;RECIFE;Ausência de reação do condutor;Colisão com objeto;Com Vítimas Feridas;Pleno dia;Decrescente;Céu Claro;Múltipla;Reta;Não;1;0;0;1;0;0;1;1;-8,02037882;-34,9424226;SPRF-PE;DEL01-PE;UOP01-DEL01-PE
708056;27/07/2025;domingo;01:30:00;SC;101;404;ARARANGUA;Ingestão de álcool pelo condutor;Engavetamento;Com Vítimas Feridas;Plena Noite;Crescente;Nublado;Múltipla;Reta;Não;5;0;4;0;1;0;4;3;-28,89289158;-49,4693327;SPRF-SC;DEL02-SC;UOP02-DEL02-SC
708058;29/07/2025;terça-feira;15:30:00;MG;354;744;POUSO ALTO;Condutor deixou de manter distância do veículo da frente;Colisão traseira;Com Vítimas Feridas;Pleno dia;Decrescente;Céu Claro;Simples;Reta;Sim;4;0;2;0;2;0;2;2;-22,24915463;-44,93523985;SPRF-MG;DEL17-MG;UOP01-DEL17-MG
708060;29/07/2025;terça-feira;15:30:00;ES;101;141,5;LINHARES;Pedestre - Ingestão de álcool/ substâncias psicoativas;Colisão traseira;Com Vítimas Feridas;Pleno dia;Decrescente;Céu Claro;Dupla;Reta;Sim;4;0;1;0;2;1;1;3;-19,3299559;-40,06984744;SPRF-ES;DEL04-ES;UOP01-DEL04-ES
708061;29/07/2025;terça-feira;15:30:00;SP;116;225,4;GUARULHOS;Condutor deixou de manter distância do veículo da frente;Colisão traseira;Com Vítimas Feridas;Pleno dia;Decrescente;Céu Claro;Múltipla;Reta;Sim;2;0;1;0;1;0;1;2;-23,49041117;-46,54780475;SPRF-SP;DEL01-SP;UOP01-DEL01-SP
708062;29/07/2025;terça-feira;15:30:00;PE;232;399;SERRA TALHADA;Transitar na contramão;Colisão frontal;Com Vítimas Feridas;Pleno dia;Decrescente;Céu Claro;Simples;Curva;Não;5;0;3;2;0;0;5;2;-8,009777;-38,21918;SPRF-PE;DEL04-PE;UOP01-DEL04-PE
708063;29/07/2025;terça-feira;14:00:00;BA;116;521;ITATIM;Transitar no Acostamento;Colisão lateral mesmo sentido;Com Vítimas Feridas;Pleno dia;Crescente;Céu Claro;Simples;Reta;Não;2;0;1;0;1;0;1;2;-12,704822;-39,721913;SPRF-BA;DEL03-BA;UOP02-DEL03-BA
708066;29/07/2025;terça-feira;16:30:00;RS;470;176;VERANOPOLIS;Condutor deixou de manter distância do veículo da frente;Colisão lateral mesmo sentido;Com Vítimas Feridas;Pleno dia;Crescente;Céu Claro;Simples;"Reta;Aclive";Sim;2;0;1;0;1;0;1;2;-28,93001175;-51,54261438;SPRF-RS;DEL06-RS;UOP02-DEL06-RS
708067;29/07/2025;terça-feira;13:00:00;SP;116;227;SAO PAULO;Acumulo de areia ou detritos sobre o pavimento;Colisão com objeto;Sem Vítimas;Pleno dia;Decrescente;Céu Claro;Múltipla;"Reta;Em Obras";Sim;2;0;0;0;2;0;0;1;-23,50134262;-46,56345461;SPRF-SP;DEL01-SP;UOP01-DEL01-SP
708070;29/07/2025;terça-feira;14:40:00;GO;364;45;CACHOEIRA ALTA;Avarias e/ou desgaste excessivo no pneu;Tombamento;Com Vítimas Feridas;Pleno dia;Crescente;Céu Claro;Simples;Declive;Não;2;0;2;0;0;0;2;1;-18,83519848;-50,86566568;SPRF-GO;DEL05-GO;UOP02-DEL05-GO
708071;29/07/2025;terça-feira;14:47:00;MT;364;253;JUSCIMEIRA;Manobra de mudança de faixa;Colisão lateral mesmo sentido;Com Vítimas Feridas;Pleno dia;Decrescente;Céu Claro;Dupla;Reta;Não;2;0;1;0;0;1;1;2;-16,097703;-54,866065;SPRF-MT;DEL02-MT;UOP01-DEL02-MT
708072;29/07/2025;terça-feira;17:13:00;MG;365;622;UBERLANDIA;Ausência de reação do condutor;Colisão traseira;Com Vítimas Feridas;Pleno dia;Decrescente;Céu Claro;Dupla;Reta;Sim;3;0;2;1;0;0;3;2;-18,899058;-48,272372;SPRF-MG;DEL15-MG;UOP01-DEL15-MG
708073;29/07/2025;terça-feira;16:30:00;BA;324;554;AMELIA RODRIGUES;Ausência de reação do condutor;Saída de leito carroçável;Com Vítimas Fatais;Pleno dia;Crescente;Céu Claro;Dupla;"Reta;Declive";Não;3;1;2;0;0;0;2;1;-12,47007;-38,683545;SPRF-BA;DEL01-BA;UOP03-DEL01-BA
708074;29/07/2025;terça-feira;17:15:00;MG;40;730,6;OLIVEIRA FORTES;Velocidade Incompatível;Tombamento;Com Vítimas Feridas;Plena Noite;Decrescente;Céu Claro;Dupla;"Declive;Curva";Não;1;0;1;0;0;0;1;1;-21,346478;-43,582767;SPRF-MG;DEL05-MG;UOP01-DEL05-MG
708075;29/07/2025;terça-feira;14:35:00;RR;401;11,8;BONFIM;Ingestão de álcool pelo condutor;Colisão frontal;Com Vítimas Fatais;Pleno dia;Crescente;Céu Claro;Simples;Reta;Não;4;1;0;0;3;0;0;2;3,359065;-59,867477;SPRF-RR;DEL01-RR;UOP01-DEL01-RR
708078;29/07/2025;terça-feira;17:50:00;MG;40;530,4;CONTAGEM;Reação tardia ou ineficiente do condutor;Colisão traseira;Com Vítimas Feridas;Anoitecer;Crescente;Céu Claro;Dupla;Reta;Sim;2;0;1;0;1;0;1;2;-19,919232;-44,030708;SPRF-MG;DEL01-MG;UOP02-DEL01-MG
708080;29/07/2025;terça-feira;15:00:00;GO;153;583;PROFESSOR JAMIL;Acumulo de areia ou detritos sobre o pavimento;Capotamento;Com Vítimas Feridas;Pleno dia;Crescente;Céu Claro;Dupla;Curva;Não;1;0;1;0;0;0;1;1;-17,3999423;-49,2232869;SPRF-GO;DEL03-GO;UOP01-DEL03-GO
708082;05/07/2025;sábado;17:20:00;MG;365;167;BURITIZEIRO;Reação tardia ou ineficiente do condutor;Colisão traseira;Com Vítimas Feridas;Anoitecer;Crescente;Céu Claro;Simples;Curva;Não;2;0;0;1;1;0;1;2;-17,3815301;-44,96059656;SPRF-MG;DEL10-MG;UOP02-DEL010-MG
708083;29/07/2025;terça-feira;17:55:00;CE;116;5;FORTALEZA;Acessar a via sem observar a presença dos outros veículos;Colisão traseira;Com Vítimas Feridas;Plena Noite;Crescente;Céu Claro;Múltipla;Viaduto;Sim;2;0;1;0;1;0;1;2;-3,7992489;-38,50572674;SPRF-CE;DEL01-CE;UOP02-DEL01-CE
708084;29/07/2025;terça-feira;18:10:00;PR;376;3;APUCARANA;Ingestão de álcool pelo condutor;Saída de leito carroçável;Sem Vítimas;Plena Noite;Crescente;Céu Claro;Simples;"Curva;Declive;Interseção de Vias";Sim;1;0;0;0;1;0;0;1;-23,55950957;-51,43581955;SPRF-PR;DEL07-PR;UOP03-DEL07-PR
708085;29/07/2025;terça-feira;16:15:00;MG;50;190;UBERABA;Declive acentuado;Colisão com objeto;Com Vítimas Feridas;Pleno dia;Crescente;Céu Claro;Dupla;"Declive;Retorno Regulamentado";Não;1;0;0;1;0;0;1;1;-19,8538;-47,87147;SPRF-MG;DEL13-MG;UOP01-DEL13-MG
708086;29/07/2025;terça-feira;18:00:00;MG;40;692,9;ALFREDO VASCONCELOS;Ausência de reação do condutor;Atropelamento de Pedestre;Com Vítimas Feridas;Anoitecer;Decrescente;Ignorado;Dupla;"Reta;Interseção de Vias";Sim;2;0;1;1;0;0;2;2;-21,14654252;-43,76467109;SPRF-MG;DEL05-MG;UOP02-DEL05-MG
708087;29/07/2025;terça-feira;18:45:00;CE;20;403;CAUCAIA;Desrespeitar a preferência no cruzamento;Colisão transversal;Com Vítimas Feridas;Plena Noite;Crescente;Céu Claro;Simples;Interseção de Vias;Sim;3;0;2;0;1;0;2;2;-3,77841622;-38,68641291;SPRF-CE;DEL01-CE;UOP01-DEL01-CE
708090;29/07/2025;terça-feira;18:45:00;PR;116;12;COLOMBO;Acessar a via sem observar a presença dos outros veículos;Colisão transversal;Com Vítimas Feridas;Plena Noite;Crescente;Céu Claro;Simples;Retorno Regulamentado;Não;2;0;1;0;1;0;1;2;-25,37628017;-49,15186342;SPRF-PR;DEL01-PR;UOP02-DEL01-PR
708091;29/07/2025;terça-feira;18:35:00;GO;50;270,7;CATALAO;Ingestão de álcool pelo condutor;Saída de leito carroçável;Com Vítimas Feridas;Plena Noite;Crescente;Céu Claro;Dupla;"Declive;Reta";Não;1;0;1;0;0;0;1;1;-18,1174776;-47,8964385;SPRF-GO;DEL06-GO;UOP01-DEL06-GO
708092;29/07/2025;terça-feira;18:00:00;CE;116;4;FORTALEZA;Trafegar com motocicleta (ou similar) entre as faixas;Colisão lateral mesmo sentido;Com Vítimas Feridas;Plena Noite;Crescente;Céu Claro;Múltipla;Reta;Não;2;0;0;1;1;0;1;2;-3,78728673;-38,51117635;SPRF-CE;DEL01-CE;UOP02-DEL01-CE
708093;29/07/2025;terça-feira;18:50:00;PE;101;69;RECIFE;Avarias e/ou desgaste excessivo no pneu;Tombamento;Com Vítimas Feridas;Plena Noite;Decrescente;Chuva;Dupla;Reta;Não;2;0;0;1;1;0;1;1;-8,0615915;-34,94467795;SPRF-PE;DEL01-PE;UOP01-DEL01-PE
708094;29/07/2025;terça-feira;18:30:00;CE;116;23;AQUIRAZ;Animais na Pista;Atropelamento de Animal;Com Vítimas Feridas;Plena Noite;Crescente;Céu Claro;Múltipla;Reta;Sim;1;0;1;0;0;0;1;1;-3,93821707;-38,50904815;SPRF-CE;DEL01-CE;UOP02-DEL01-CE
708096;29/07/2025;terça-feira;19:30:00;SP;116;224,5;GUARULHOS;Reação tardia ou ineficiente do condutor;Colisão com objeto;Com Vítimas Feridas;Plena Noite;Decrescente;Céu Claro;Múltipla;"Reta;Em Obras";Sim;1;0;0;1;0;0;1;1;-23,48533378;-46,54017471;SPRF-SP;DEL01-SP;UOP01-DEL01-SP
708097;29/07/2025;terça-feira;18:00:00;MS;267;293,3;RIO BRILHANTE;Animais na Pista;Atropelamento de Animal;Com Vítimas Feridas;Plena Noite;Crescente;Céu Claro;Simples;Reta;Não;2;0;1;0;1;0;1;2;-21,771488;-54,557867;SPRF-MS;DEL02-MS;UOP02-DEL02-MS
708099;29/07/2025;terça-feira;18:30:00;MT;70;524;VARZEA GRANDE;Acessar a via sem observar a presença dos outros veículos;Colisão transversal;Com Vítimas Feridas;Plena Noite;Crescente;Céu Claro;Simples;Reta;Sim;2;0;1;0;1;0;1;2;-15,65225148;-56,20144892;SPRF-MT;DEL01-MT;UOP02-DEL01-MT
708100;29/07/2025;terça-feira;17:00:00;SC;470;66;INDAIAL;Transitar na contramão;Colisão frontal;Com Vítimas Feridas;Pleno dia;Crescente;Céu Claro;Simples;Reta;Sim;2;0;0;1;1;0;1;2;-26,87049039;-49,22305997;SPRF-SC;DEL04-SC;UOP01-DEL04-SC
708101;29/07/2025;terça-feira;19:10:00;PR;369;154;LONDRINA;Condutor deixou de manter distância do veículo da frente;Colisão traseira;Com Vítimas Feridas;Plena Noite;Crescente;Céu Claro;Dupla;Reta;Sim;3;0;1;0;2;0;1;3;-23,29768813;-51,19850842;SPRF-PR;DEL07-PR;UOP01-DEL07-PR
708102;29/07/2025;terça-feira;08:00:00;AL;101;49,2;FLEXEIRAS;Ausência de reação do condutor;Saída de leito carroçável;Com Vítimas Feridas;Pleno dia;Decrescente;Chuva;Dupla;Curva;Não;1;0;0;1;0;0;1;1;-9,24256846;-35,7625097;SPRF-AL;DEL01-AL;UOP02-DEL01-AL
708103;29/07/2025;terça-feira;20:10:00;RS;116;268;CANOAS;Acessar a via sem observar a presença dos outros veículos;Colisão lateral mesmo sentido;Com Vítimas Feridas;Plena Noite;Decrescente;Nublado;Múltipla;Reta;Sim;2;0;1;0;1;0;1;2;-29,94593111;-51,17680184;SPRF-RS;DEL01-RS;UOP01-DEL01-RS
708105;29/07/2025;terça-feira;18:15:00;MT;364;404;CUIABA;Reação tardia ou ineficiente do condutor;Queda de ocupante de veículo;Com Vítimas Feridas;Anoitecer;Decrescente;Céu Claro;Múltipla;Reta;Sim;1;0;0;1;0;0;1;1;-15,643473;-56,017307;SPRF-MT;DEL01-MT;UOP02-DEL01-MT
708106;29/07/2025;terça-feira;19:15:00;RO;364;522;ARIQUEMES;Transitar na contramão;Colisão frontal;Com Vítimas Fatais;Plena Noite;Decrescente;Céu Claro;Simples;Reta;Não;3;1;0;0;1;1;0;3;-9,859183;-63,05848;SPRF-RO;DEL03-RO;UOP01-DEL03-RO
708107;29/07/2025;terça-feira;21:00:00;MG;40;470;SETE LAGOAS;Objeto estático sobre o leito carroçável;Colisão com objeto;Com Vítimas Feridas;Plena Noite;Decrescente;Céu Claro;Dupla;Reta;Não;1;0;1;0;0;0;1;1;-19,46637;-44,29608;SPRF-MG;DEL02-MG;UOP01-DEL02-MG
708109;29/07/2025;terça-feira;19:15:00;MT;163;729;SORRISO;Ausência de reação do condutor;Saída de leito carroçável;Com Vítimas Feridas;Plena Noite;Crescente;Céu Claro;Simples;"Em Obras;Reta";Não;1;0;0;1;0;0;1;1;-12,70546796;-55,81739813;SPRF-MT;DEL06-MT;UOP01-DEL06-MT
708111;29/07/2025;terça-feira;19:30:00;MS;163;448,5;CAMPO GRANDE;Acessar a via sem observar a presença dos outros veículos;Colisão transversal;Com Vítimas Feridas;Plena Noite;Crescente;Céu Claro;Simples;Reta;Não;2;0;1;0;1;0;1;2;-20,739136;-54,537075;SPRF-MS;DEL01-MS;UOP01-DEL01-MS
708112;29/07/2025;terça-feira;21:20:00;RN;110;44,9;MOSSORO;Animais na Pista;Atropelamento de Animal;Com Vítimas Feridas;Plena Noite;Crescente;Céu Claro;Simples;Reta;Sim;1;0;1;0;0;0;1;1;-5,18839773;-37,30579376;SPRF-RN;DEL04-RN;UOP01-DEL04-RN
708114;29/07/2025;terça-feira;11:00:00;RO;364;419;JARU;Ausência de reação do condutor;Colisão frontal;Sem Vítimas;Pleno dia;Decrescente;Céu Claro;Simples;"Reta;Declive";Não;1;0;0;0;1;0;0;1;-10,47717982;-62,443896;SPRF-RO;DEL03-RO;UOP02-DEL03-RO
708115;29/07/2025;terça-feira;22:20:00;RS;386;443;CANOAS;Conversão proibida;Colisão lateral mesmo sentido;Com Vítimas Feridas;Plena Noite;Crescente;Céu Claro;Dupla;Reta;Não;3;0;1;0;2;0;1;2;-29,88727356;-51,22043816;SPRF-RS;DEL01-RS;UOP01-DEL01-RS
708119;29/07/2025;terça-feira;22:40:00;PR;277;687;SAO MIGUEL DO IGUACU;Acessar a via sem observar a presença dos outros veículos;Colisão transversal;Com Vítimas Feridas;Plena Noite;Crescente;Nublado;Dupla;"Interseção de Vias;Rotatória";Sim;3;0;1;0;1;1;1;2;-25,34473385;-54,23173428;SPRF-PR;DEL05-PR;UOP01-DEL05-PR
708121;29/07/2025;terça-feira;21:50:00;MG;116;533,1;SANTA RITA DE MINAS;Acessar a via sem observar a presença dos outros veículos;Colisão transversal;Com Vítimas Feridas;Plena Noite;Crescente;Céu Claro;Simples;"Curva;Interseção de Vias";Não;2;0;2;0;0;0;2;2;-19,8422804;-42,13948756;SPRF-MG;DEL06-MG;UOP02-DEL06-MG
708122;29/07/2025;terça-feira;23:45:00;PB;230;27,9;JOAO PESSOA;Manobra de mudança de faixa;Colisão lateral mesmo sentido;Com Vítimas Feridas;Plena Noite;Crescente;Céu Claro;Dupla;Reta;Não;2;0;1;0;0;1;1;2;-7,16532104;-34,89499211;SPRF-PB;DEL01-PB;UOP01-DEL01-PB
708124;30/07/2025;quarta-feira;00:40:00;MG;262;360;BETIM;Velocidade Incompatível;Tombamento;Com Vítimas Feridas;Plena Noite;Crescente;Céu Claro;Dupla;Curva;Não;1;0;0;1;0;0;1;1;-19,97944817;-44,25241845;SPRF-MG;DEL01-MG;UOP03-DEL01-MG
708130;30/07/2025;quarta-feira;01:45:00;RJ;116;136,5;MAGE;Ausência de reação do condutor;Tombamento;Com Vítimas Fatais;Plena Noite;Decrescente;Céu Claro;Dupla;Reta;Não;1;1;0;0;0;0;0;1;-22,64909565;-43,17666426;SPRF-RJ;DEL04-RJ;UOP02-DEL04-RJ
708131;30/07/2025;quarta-feira;02:10:00;MG;40;574,8;ITABIRITO;Demais falhas mecânicas ou elétricas;Incêndio;Sem Vítimas;Plena Noite;Crescente;Céu Claro;Simples;Reta;Não;1;0;0;0;1;0;0;1;-20,25443;-43,9618;SPRF-MG;DEL01-MG;UOP02-DEL01-MG
708137;30/07/2025;quarta-feira;06:10:00;SC;101;213,9;PALHOCA;Condutor deixou de manter distância do veículo da frente;Colisão lateral mesmo sentido;Com Vítimas Feridas;Plena Noite;Decrescente;Céu Claro;Múltipla;Reta;Sim;2;0;1;0;1;0;1;2;-27,64362;-48,66986;SPRF-SC;DEL01-SC;UOP02-DEL01-SC
708138;26/07/2025;sábado;23:30:00;RS;116;268;CANOAS;Chuva;Colisão traseira;Com Vítimas Feridas;Plena Noite;Crescente;Chuva;Dupla;Reta;Sim;2;0;1;0;1;0;1;2;-29,95514515;-51,17642848;SPRF-RS;DEL01-RS;UOP01-DEL01-RS
708139;30/07/2025;quarta-feira;06:00:00;SC;101;209,5;SAO JOSE;Pedestre andava na pista;Atropelamento de Pedestre;Com Vítimas Feridas;Amanhecer;Crescente;Céu Claro;Múltipla;Reta;Sim;2;0;1;0;1;0;1;2;-27,61317625;-48,64190189;SPRF-SC;DEL01-SC;UOP01-DEL01-SC
708141;30/07/2025;quarta-feira;05:40:00;MG;116;422;ALPERCATA;Animais na Pista;Atropelamento de Animal;Com Vítimas Feridas;Amanhecer;Crescente;Nublado;Simples;Reta;Não;1;0;0;1;0;0;1;1;-18,94772291;-41,95136972;SPRF-MG;DEL06-MG;UOP01-DEL06-MG
708143;30/07/2025;quarta-feira;06:20:00;SC;101;209,5;SAO JOSE;Estacionar ou parar em local proibido;Colisão traseira;Com Vítimas Feridas;Amanhecer;Decrescente;Céu Claro;Múltipla;Reta;Sim;2;0;0;1;1;0;1;2;-27,61311401;-48,64177164;SPRF-SC;DEL01-SC;UOP01-DEL01-SC
708145;30/07/2025;quarta-feira;06:05:00;SC;470;141,4;RIO DO SUL;Ausência de reação do condutor;Colisão transversal;Com Vítimas Feridas;Plena Noite;Decrescente;Céu Claro;Simples;"Aclive;Reta";Sim;2;0;1;0;1;0;1;2;-27,20837587;-49,6504554;SPRF-SC;DEL04-SC;UOP02-DEL04-SC
708147;30/07/2025;quarta-feira;07:20:00;GO;153;437;ANAPOLIS;Avarias e/ou desgaste excessivo no pneu;Tombamento;Com Vítimas Feridas;Pleno dia;Decrescente;Céu Claro;Dupla;Declive;Sim;1;0;1;0;0;0;1;1;-16,299723;-48,926453;SPRF-GO;DEL02-GO;UOP01-DEL02-GO
708148;30/07/2025;quarta-feira;07:20:00;MG;116;700,9;MURIAE;Ausência de reação do condutor;Colisão com objeto;Com Vítimas Feridas;Pleno dia;Decrescente;Céu Claro;Simples;Reta;Não;1;0;1;0;0;0;1;1;-21,14682925;-42,3813285;SPRF-MG;DEL07-MG;UOP02-DEL07-MG
708149;30/07/2025;quarta-feira;06:50:00;SP;381;90;GUARULHOS;Reação tardia ou ineficiente do condutor;Colisão com objeto;Sem Vítimas;Pleno dia;Decrescente;Céu Claro;Dupla;Curva;Não;1;0;0;0;1;0;0;1;-23,490881;-46,559432;SPRF-SP;DEL03-SP;UOP01-DEL03-SP
708151;30/07/2025;quarta-feira;07:15:00;MG;365;624;UBERLANDIA;Manobra de mudança de faixa;Colisão traseira;Com Vítimas Feridas;Pleno dia;Crescente;Céu Claro;Dupla;Curva;Sim;2;0;1;0;1;0;1;2;-18,908179;-48,301651;SPRF-MG;DEL15-MG;UOP01-DEL15-MG
708152;30/07/2025;quarta-feira;07:18:00;SP;116;224;GUARULHOS;Acesso irregular;Tombamento;Com Vítimas Feridas;Pleno dia;Decrescente;Sol;Múltipla;"Reta;Em Obras";Sim;1;0;1;0;0;0;1;1;-23,484813;-46,539384;SPRF-SP;DEL01-SP;UOP01-DEL01-SP
708153;30/07/2025;quarta-feira;07:15:00;MG;365;624;UBERLANDIA;Condutor deixou de manter distância do veículo da frente;Colisão traseira;Sem Vítimas;Pleno dia;Crescente;Céu Claro;Dupla;Reta;Não;3;0;0;0;3;0;0;3;-18,90862986;-48,30233395;SPRF-MG;DEL15-MG;UOP01-DEL15-MG
708154;30/07/2025;quarta-feira;07:00:00;RJ;101;503,3;ANGRA DOS REIS;Conversão proibida;Colisão transversal;Com Vítimas Feridas;Pleno dia;Crescente;Céu Claro;Simples;Reta;Sim;3;0;0;1;2;0;1;3;-22,98995918;-44,24208726;SPRF-RJ;DEL03-RJ;UOP03-DEL03-RJ
708155;30/07/2025;quarta-feira;07:45:00;SC;101;215;PALHOCA;Manobra de mudança de faixa;Colisão lateral mesmo sentido;Com Vítimas Feridas;Pleno dia;Crescente;Céu Claro;Múltipla;Reta;Não;2;0;1;0;0;1;1;2;-27,6560659;-48,67809646;SPRF-SC;DEL01-SC;UOP02-DEL01-SC
708157;30/07/2025;quarta-feira;07:40:00;PR;116;126;FAZENDA RIO GRANDE;Manobra de mudança de faixa;Colisão lateral mesmo sentido;Com Vítimas Feridas;Pleno dia;Decrescente;Céu Claro;Dupla;Reta;Sim;2;0;1;0;1;0;1;2;-25,637286;-49,313072;SPRF-PR;DEL01-PR;UOP03-DEL01-PR
708158;30/07/2025;quarta-feira;07:30:00;PR;369;183;ARAPONGAS;Acessar a via sem observar a presença dos outros veículos;Colisão transversal;Com Vítimas Feridas;Pleno dia;Decrescente;Sol;Simples;"Reta;Interseção de Vias";Sim;4;0;1;0;3;0;1;2;-23,39259744;-51,42290827;SPRF-PR;DEL07-PR;UOP03-DEL07-PR
708160;25/07/2025;sexta-feira;21:30:00;RJ;116;144;DUQUE DE CAXIAS;Demais falhas mecânicas ou elétricas;Incêndio;Sem Vítimas;Plena Noite;Crescente;Céu Claro;Dupla;Reta;Sim;1;0;0;0;1;0;0;1;-22,64975678;-43,17273051;SPRF-RJ;DEL01-RJ;UOP02-DEL01-RJ
708161;30/07/2025;quarta-feira;08:00:00;RS;158;324;SANTA MARIA;Ausência de reação do condutor;Colisão traseira;Com Vítimas Feridas;Pleno dia;Crescente;Céu Claro;Dupla;"Curva;Interseção de Vias";Sim;2;0;1;0;1;0;1;2;-29,70090492;-53,79214168;SPRF-RS;DEL09-RS;UOP01-DEL09-RS
708162;30/07/2025;quarta-feira;08:25:00;RS;116;263;CANOAS;Condutor desrespeitou a iluminação vermelha do semáforo;Colisão transversal;Com Vítimas Feridas;Pleno dia;Decrescente;Céu Claro;Dupla;Reta;Sim;2;0;1;0;1;0;1;2;-29,90387227;-51,17638482;SPRF-RS;DEL01-RS;UOP01-DEL01-RS
708163;30/07/2025;quarta-feira;07:50:00;BA;324;599;SIMOES FILHO;Condutor deixou de manter distância do veículo da frente;Colisão traseira;Com Vítimas Feridas;Pleno dia;Crescente;Nublado;Dupla;Reta;Não;2;0;1;0;1;0;1;2;-12,75246449;-38,4310813;SPRF-BA;DEL01-BA;UOP01-DEL01-BA
708164;30/07/2025;quarta-feira;07:35:00;PR;376;183,7;SARANDI;Trafegar com motocicleta (ou similar) entre as faixas;Colisão traseira;Com Vítimas Fatais;Pleno dia;Decrescente;Céu Claro;Dupla;Viaduto;Sim;5;2;0;0;1;2;0;4;-23,43947642;-51,87457681;SPRF-PR;DEL09-PR;UOP01-DEL09-PR
708165;30/07/2025;quarta-feira;01:40:00;MA;316;271,7;BELA VISTA DO MARANHAO;Reação tardia ou ineficiente do condutor;Tombamento;Com Vítimas Feridas;Plena Noite;Decrescente;Céu Claro;Simples;"Declive;Reta";Sim;1;0;0;1;0;0;1;1;-3,7077;-45,305;SPRF-MA;DEL02-MA;UOP01-DEL02-MA
708167;30/07/2025;quarta-feira;07:48:00;RJ;101;313;SAO GONCALO;Animais na Pista;Colisão traseira;Com Vítimas Feridas;Pleno dia;Crescente;Sol;Dupla;Reta;Sim;2;0;1;0;1;0;1;2;-22,81184828;-43,07211399;SPRF-RJ;DEL02-RJ;UOP02-DEL02-RJ
708169;30/07/2025;quarta-feira;07:45:00;MG;40;550,1;NOVA LIMA;Acumulo de areia ou detritos sobre o pavimento;Colisão lateral mesmo sentido;Com Vítimas Feridas;Pleno dia;Crescente;Sol;Dupla;Reta;Não;2;0;1;0;1;0;1;2;-20,05120908;-43,96739094;SPRF-MG;DEL01-MG;UOP02-DEL01-MG
708171;30/07/2025;quarta-feira;09:00:00;RJ;116;191;NOVA IGUACU;Condutor deixou de manter distância do veículo da frente;Colisão traseira;Com Vítimas Feridas;Pleno dia;Decrescente;Céu Claro;Dupla;Reta;Não;2;0;1;0;1;0;1;2;-22,74360369;-43,5137558;SPRF-RJ;DEL06-RJ;UOP01-DEL06-RJ
708172;30/07/2025;quarta-feira;07:40:00;SP;116;87;PINDAMONHANGABA;Ausência de reação do condutor;Tombamento;Com Vítimas Feridas;Pleno dia;Crescente;Céu Claro;Múltipla;Reta;Não;1;0;1;0;0;0;1;1;-22,9293855;-45,35894394;SPRF-SP;DEL08-SP;UOP01-DEL08-SP
708173;30/07/2025;quarta-feira;07:50:00;ES;101;69;SAO MATEUS;Acessar a via sem observar a presença dos outros veículos;Colisão transversal;Com Vítimas Feridas;Pleno dia;Crescente;Nublado;Simples;Reta;Sim;3;0;2;0;1;0;2;2;-18,73872765;-39,86103773;SPRF-ES;DEL04-ES;UOP02-DEL04-ES