id;data_inversa;dia_semana;horario;uf;br;km;municipio;causa_acidente;tipo_acidente;classificacao_acidente;fase_dia;sentido_via;condicao_metereologica;tipo_pista;tracado_via;uso_solo;pessoas;mortos;feridos_leves;feridos_graves;ilesos;ignorados;feridos;veiculos;latitude;longitude;regional;delegacia;uop
708176;30/07/2025;quarta-feira;09:35:00;SE;235;4;NOSSA SENHORA DO SOCORRO;Ausência de reação do condutor;Saída de leito carroçável;Com Vítimas Feridas;Pleno dia;Decrescente;Céu Claro;Dupla;"Reta;Aclive";Sim;1;0;1;0;0;0;1;1;-10,90617533;-37,12043166;SPRF-SE;DEL01-SE;UOP01-DEL01-SE
708177;30/07/2025;quarta-feira;09:30:00;SP;116;217;GUARULHOS;Manobra de mudança de faixa;Colisão lateral mesmo sentido;Com Vítimas Feridas;Pleno dia;Crescente;Céu Claro;Múltipla;Reta;Sim;2;0;1;0;1;0;1;2;-23,45588648;-46,47632766;SPRF-SP;DEL01-SP;UOP01-DEL01-SP
708178;14/06/2025;sábado;18:00:00;GO;153;535;HIDROLANDIA;Ingestão de substâncias psicoativas pelo condutor;Queda de ocupante de veículo;Sem Vítimas;Plena Noite;Crescente;Nublado;Dupla;Reta;Não;1;0;0;0;1;0;0;1;-17,00878514;-49,22301614;SPRF-GO;DEL01-GO;UOP03-DEL01-GO
708181;16/01/2025;quinta-feira;02:25:00;GO;60;38;GOIANIA;Condutor Dormindo;Colisão com objeto;Sem Vítimas;Plena Noite;Decrescente;Céu Claro;Dupla;Curva;Sim;1;0;0;0;1;0;0;1;-16,75056;-49,341296;SPRF-GO;DEL01-GO;UOP02-DEL01-GO
708187;30/07/2025;quarta-feira;07:30:00;RJ;493;26;MAGE;Ausência de reação do condutor;Tombamento;Com Vítimas Feridas;Pleno dia;Decrescente;Céu Claro;Dupla;Curva;Não;1;0;0;1;0;0;1;1;-22,6576;-43,087037;SPRF-RJ;DEL04-RJ;UOP02-DEL04-RJ
708189;30/04/2025;quarta-feira;09:30:00;RJ;116;184;NOVA IGUACU;Trafegar com motocicleta (ou similar) entre as faixas;Colisão lateral mesmo sentido;Com Vítimas Feridas;Pleno dia;Decrescente;Céu Claro;Múltipla;Reta;Sim;4;0;2;1;1;0;3;3;-22,74396113;-43,45021695;SPRF-RJ;DEL06-RJ;UOP01-DEL06-RJ
708191;30/07/2025;quarta-feira;11:10:00;SC;101;215,7;PALHOCA;Reação tardia ou ineficiente do condutor;Colisão traseira;Com Vítimas Feridas;Pleno dia;Decrescente;Sol;Múltipla;"Reta;Interseção de Vias";Sim;2;0;1;0;1;0;1;2;-27,65791556;-48,67803661;SPRF-SC;DEL01-SC;UOP02-DEL01-SC
708193;30/07/2025;quarta-feira;11:15:00;MG;381;259,9;TIMOTEO;Frear bruscamente;Colisão traseira;Com Vítimas Feridas;Pleno dia;Decrescente;Céu Claro;Simples;Reta;Não;4;0;0;1;3;0;1;3;-19,532644;-42,622925;SPRF-MG;DEL03-MG;UOP02-DEL03-MG
708194;30/07/2025;quarta-feira;08:49:00;ES;262;169;IBATIBA;Ausência de reação do condutor;Colisão transversal;Com Vítimas Feridas;Pleno dia;Crescente;Sol;Simples;Retorno Regulamentado;Não;2;0;1;0;1;0;1;2;-20,251363;-41,56377;SPRF-ES;DEL01-ES;UOP02-DEL01-ES
708196;30/07/2025;quarta-feira;11:30:00;PR;277;77,3;SAO JOSE DOS PINHAIS;Reação tardia ou ineficiente do condutor;Saída de leito carroçável;Com Vítimas Feridas;Pleno dia;Decrescente;Sol;Dupla;Reta;Sim;1;0;0;1;0;0;1;1;-25,484491;-49,188796;SPRF-PR;DEL01-PR;UOP07-DEL01-PR
708199;30/07/2025;quarta-feira;12:00:00;PE;424;87;GARANHUNS;Acessar a via sem observar a presença dos outros veículos;Colisão transversal;Sem Vítimas;Pleno dia;Decrescente;Céu Claro;Simples;Interseção de Vias;Sim;2;0;0;0;2;0;0;2;-8,869161;-36,4613375;SPRF-PE;DEL03-PE;UOP01-DEL03-PE
708200;27/07/2025;domingo;10:10:00;MA;10;208;RIBAMAR FIQUENE;Demais falhas mecânicas ou elétricas;Incêndio;Sem Vítimas;Pleno dia;Decrescente;Sol;Simples;Reta;Não;2;0;0;0;2;0;0;1;-5,89803;-47,36558;SPRF-MA;DEL04-MA;UOP01-DEL04-MA
708201;25/07/2025;sexta-feira;18:25:00;SC;158;142;PALMITOS;Velocidade Incompatível;Saída de leito carroçável;Com Vítimas Feridas;Anoitecer;Crescente;Garoa/Chuvisco;Simples;Curva;Não;1;0;1;0;0;0;1;1;-27,15801736;-53,2179565;SPRF-SC;DEL07-SC;UOP02-DEL07-SC
708202;30/07/2025;quarta-feira;12:20:00;SC;282;17,9;PALHOCA;Mal súbito do condutor;Saída de leito carroçável;Com Vítimas Feridas;Pleno dia;Crescente;Céu Claro;Simples;Reta;Sim;1;0;1;0;0;0;1;1;-27,67277;-48,694258;SPRF-SC;DEL01-SC;UOP02-DEL01-SC
708206;30/07/2025;quarta-feira;13:30:00;RS;290;92;PORTO ALEGRE;Manobra de mudança de faixa;Colisão traseira;Com Vítimas Feridas;Pleno dia;Crescente;Céu Claro;Múltipla;Reta;Não;3;0;1;0;1;1;1;3;-29,97010909;-51,18199374;SPRF-RS;DEL01-RS;UOP01-DEL01-RS
708209;30/07/2025;quarta-feira;13:20:00;RS;471;171;RIO PARDO;Acessar a via sem observar a presença dos outros veículos;Colisão transversal;Sem Vítimas;Pleno dia;Decrescente;Céu Claro;Simples;Interseção de Vias;Sim;2;0;0;0;2;0;0;2;-29,95604494;-52,37116668;SPRF-RS;DEL02-RS;UOP03-DEL02-RS
708212;30/07/2025;quarta-feira;14:20:00;SC;101;154,8;ITAPEMA;Trafegar com motocicleta (ou similar) entre as faixas;Colisão lateral mesmo sentido;Com Vítimas Feridas;Pleno dia;Crescente;Sol;Dupla;Reta;Não;2;0;1;0;1;0;1;2;-27,16057371;-48,61118523;SPRF-SC;DEL04-SC;UOP03-DEL04-SC
708213;30/07/2025;quarta-feira;12:55:00;PR;277;670,8;MEDIANEIRA;Ausência de reação do condutor;Colisão com objeto;Com Vítimas Feridas;Pleno dia;Decrescente;Céu Claro;Dupla;Reta;Sim;2;0;0;1;0;1;1;2;-25,2870209;-54,0950197;SPRF-PR;DEL05-PR;UOP02-DEL05-PR
708214;30/07/2025;quarta-feira;14:40:00;RJ;116;56;TERESOPOLIS;Acumulo de óleo sobre o pavimento;Queda de ocupante de veículo;Com Vítimas Feridas;Pleno dia;Crescente;Céu Claro;Simples;"Curva;Declive";Não;1;0;1;0;0;0;1;1;-22,20329914;-42,89543152;SPRF-RJ;DEL04-RJ;UOP01-DEL04-RJ
708215;30/07/2025;quarta-feira;14:20:00;GO;60;384;RIO VERDE;Objeto estático sobre o leito carroçável;Colisão traseira;Com Vítimas Feridas;Pleno dia;Crescente;Céu Claro;Múltipla;"Reta;Declive";Sim;2;0;0;1;1;0;1;2;-17,808847;-50,925998;SPRF-GO;DEL04-GO;UOP02-DEL04-GO
708216;30/07/2025;quarta-feira;14:50:00;RJ;101;291;ITABORAI;Avarias e/ou desgaste excessivo no pneu;Tombamento;Com Vítimas Feridas;Pleno dia;Crescente;Céu Claro;Dupla;Reta;Não;2;0;0;2;0;0;2;1;-22,76217337;-42,87466049;SPRF-RJ;DEL02-RJ;UOP02-DEL02-RJ
708217;25/07/2025;sexta-feira;16:00:00;SC;101;138;BALNEARIO CAMBORIU;Acessar a via sem observar a presença dos outros veículos;Colisão lateral mesmo sentido;Com Vítimas Feridas;Pleno dia;Crescente;Chuva;Dupla;"Reta;Interseção de Vias";Sim;2;0;1;0;1;0;1;2;-27,02440439;-48,60758722;SPRF-SC;DEL04-SC;UOP03-DEL04-SC
708219;30/07/2025;quarta-feira;15:00:00;AL;104;86,7;RIO LARGO;Acesso irregular;Colisão transversal;Com Vítimas Feridas;Pleno dia;Crescente;Céu Claro;Dupla;Retorno Regulamentado;Não;2;0;1;0;1;0;1;2;-9,468845;-35,824343;SPRF-AL;DEL01-AL;UOP01-DEL01-AL
708222;30/07/2025;quarta-feira;14:00:00;PE;101;63;RECIFE;Pista esburacada;Queda de ocupante de veículo;Com Vítimas Feridas;Pleno dia;Crescente;Céu Claro;Dupla;Curva;Não;1;0;0;1;0;0;1;1;-8,00721;-34,93787;SPRF-PE;DEL01-PE;UOP01-DEL01-PE
708224;30/07/2025;quarta-feira;09:35:00;SP;459;1;PIQUETE;Acumulo de óleo sobre o pavimento;Queda de ocupante de veículo;Com Vítimas Feridas;Pleno dia;Crescente;Céu Claro;Simples;Curva;Não;1;0;1;0;0;0;1;1;-22,57019075;-45,21716184;SPRF-SP;DEL08-SP;UOP02-DEL08-SP
708225;30/07/2025;quarta-feira;14:40:00;BA;324;515;FEIRA DE SANTANA;Acessar a via sem observar a presença dos outros veículos;Colisão lateral mesmo sentido;Com Vítimas Feridas;Pleno dia;Crescente;Céu Claro;Simples;"Reta;Interseção de Vias";Sim;2;0;0;1;1;0;1;2;-12,23510942;-38,94464993;SPRF-BA;DEL02-BA;UOP01-DEL02-BA
708228;30/07/2025;quarta-feira;15:00:00;PR;163;33,9;SANTO ANTONIO DO SUDOESTE;Desrespeitar a preferência no cruzamento;Colisão transversal;Com Vítimas Feridas;Pleno dia;Decrescente;Céu Claro;Simples;"Reta;Interseção de Vias";Sim;2;0;0;1;1;0;1;2;-26,074839;-53,719195;SPRF-PR;DEL02-PR;UOP02-DEL02-PR
708230;30/07/2025;quarta-feira;15:20:00;GO;60;89,1;ANAPOLIS;Acessar a via sem observar a presença dos outros veículos;Colisão traseira;Com Vítimas Feridas;Pleno dia;Decrescente;Céu Claro;Dupla;"Reta;Retorno Regulamentado";Sim;6;0;0;1;4;1;1;2;-16,340242;-48,899192;SPRF-GO;DEL02-GO;UOP01-DEL02-GO
708234;30/07/2025;quarta-feira;16:10:00;CE;116;16;FORTALEZA;Animais na Pista;Atropelamento de Animal;Com Vítimas Feridas;Pleno dia;Decrescente;Sol;Dupla;"Reta;Aclive";Sim;1;0;1;0;0;0;1;1;-3,88742646;-38,5016799;SPRF-CE;DEL01-CE;UOP02-DEL01-CE
708238;30/07/2025;quarta-feira;16:10:00;RN;101;99;NATAL;Manobra de mudança de faixa;Colisão lateral mesmo sentido;Com Vítimas Feridas;Pleno dia;Crescente;Céu Claro;Simples;Reta;Sim;4;0;1;0;3;0;1;2;-5,8744257;-35,2216724;SPRF-RN;DEL01-RN;UOP01-DEL01-RN
708240;30/07/2025;quarta-feira;16:00:00;RS;116;247;SAO LEOPOLDO;Manobra de mudança de faixa;Colisão traseira;Com Vítimas Feridas;Pleno dia;Decrescente;Céu Claro;Múltipla;"Curva;Interseção de Vias";Sim;3;0;2;0;1;0;2;2;-29,768261;-51,15313768;SPRF-RS;DEL01-RS;UOP02-DEL01-RS
708241;30/07/2025;quarta-feira;15:30:00;MG;116;490,5;INHAPIM;Ausência de reação do condutor;Saída de leito carroçável;Com Vítimas Feridas;Pleno dia;Crescente;Céu Claro;Simples;Reta;Não;1;0;0;1;0;0;1;1;-19,53128036;-42,12649405;SPRF-MG;DEL06-MG;UOP02-DEL06-MG
708242;23/01/2025;quinta-feira;17:25:00;BA;242;864;BARREIRAS;Chuva;Colisão lateral sentido oposto;Com Vítimas Fatais;Anoitecer;Decrescente;Chuva;Simples;Reta;Não;2;1;0;0;1;0;0;2;-12,09044874;-45,41546196;SPRF-BA;DEL10-BA;UOP01-DEL10-BA
708243;30/07/2025;quarta-feira;16:30:00;PB;230;18;JOAO PESSOA;Ausência de reação do condutor;Engavetamento;Com Vítimas Feridas;Pleno dia;Decrescente;Céu Claro;Dupla;Reta;Sim;6;0;2;0;3;1;2;4;-7,1206238;-34,8447689;SPRF-PB;DEL01-PB;UOP01-DEL01-PB
708244;30/07/2025;quarta-feira;16:20:00;MG;40;515;RIBEIRAO DAS NEVES;Condutor deixou de manter distância do veículo da frente;Colisão traseira;Com Vítimas Feridas;Pleno dia;Crescente;Céu Claro;Dupla;Reta;Não;2;0;1;0;1;0;1;2;-19,811782;-44,093807;SPRF-MG;DEL01-MG;UOP02-DEL01-MG
708247;30/07/2025;quarta-feira;17:09:00;SC;282;657,9;SAO MIGUEL DO OESTE;Transitar na contramão;Colisão frontal;Com Vítimas Feridas;Anoitecer;Crescente;Céu Claro;Simples;Reta;Não;2;0;0;2;0;0;2;2;-26,680937;-53,55498;SPRF-SC;DEL07-SC;UOP03-DEL07-SC
708248;30/07/2025;quarta-feira;16:45:00;ES;101;287,4;CARIACICA;Acessar a via sem observar a presença dos outros veículos;Colisão lateral mesmo sentido;Com Vítimas Feridas;Pleno dia;Crescente;Céu Claro;Dupla;Reta;Sim;3;0;2;0;0;1;2;2;-20,267112;-40,387315;SPRF-ES;DEL01-ES;UOP01-DEL01-ES
708250;30/07/2025;quarta-feira;17:15:00;AL;101;132;SAO MIGUEL DOS CAMPOS;Acumulo de areia ou detritos sobre o pavimento;Queda de ocupante de veículo;Com Vítimas Feridas;Pleno dia;Crescente;Céu Claro;Simples;Reta;Não;1;0;1;0;0;0;1;1;-9,77074794;-36,08920169;SPRF-AL;DEL02-AL;UOP01-DEL02-AL
708251;30/07/2025;quarta-feira;16:50:00;GO;60;92;ANAPOLIS;Reação tardia ou ineficiente do condutor;Colisão traseira;Com Vítimas Feridas;Pleno dia;Crescente;Céu Claro;Dupla;Reta;Sim;4;0;0;1;3;0;1;2;-16,352618;-48,917071;SPRF-GO;DEL02-GO;UOP01-DEL02-GO
708252;30/07/2025;quarta-feira;14:45:00;MG;381;940;EXTREMA;Manobra de mudança de faixa;Colisão lateral mesmo sentido;Sem Vítimas;Pleno dia;Decrescente;Céu Claro;Dupla;Reta;Não;2;0;0;0;2;0;0;2;-22,82831;-46,31441;SPRF-MG;DEL16-MG;UOP03-DEL16-MG
708253;30/07/2025;quarta-feira;17:30:00;RS;392;82,9;PELOTAS;Condutor deixou de manter distância do veículo da frente;Colisão traseira;Com Vítimas Feridas;Pleno dia;Crescente;Céu Claro;Dupla;"Reta;Aclive";Não;2;0;1;0;1;0;1;2;-31,67758102;-52,3424533;SPRF-RS;DEL07-RS;UOP01-DEL07-RS
708254;30/07/2025;quarta-feira;17:20:00;RN;101;84,6;NATAL;Demais Fenômenos da natureza;Colisão traseira;Com Vítimas Feridas;Anoitecer;Decrescente;Céu Claro;Dupla;"Reta;Aclive;Viaduto";Sim;2;0;2;0;0;0;2;2;-5,776002;-35,252898;SPRF-RN;DEL02-RN;UOP01-DEL02-RN
708256;30/07/2025;quarta-feira;17:50:00;PE;232;189;SANHARO;Manobra de mudança de faixa;Colisão frontal;Com Vítimas Feridas;Anoitecer;Crescente;Céu Claro;Simples;Reta;Não;7;0;0;1;6;0;1;2;-8,35538;-36,508719;SPRF-PE;DEL03-PE;UOP02-DEL03-PE
708257;30/07/2025;quarta-feira;17:00:00;RJ;101;313;SAO GONCALO;Reação tardia ou ineficiente do condutor;Colisão lateral mesmo sentido;Com Vítimas Feridas;Anoitecer;Decrescente;Céu Claro;Dupla;Reta;Sim;2;0;1;0;1;0;1;2;-22,81180159;-43,07168411;SPRF-RJ;DEL02-RJ;UOP02-DEL02-RJ
708258;30/07/2025;quarta-feira;16:15:00;CE;222;320,9;TIANGUA;Acesso irregular;Colisão transversal;Com Vítimas Feridas;Pleno dia;Crescente;Céu Claro;Simples;Reta;Não;3;0;2;0;1;0;2;2;-3,781515;-41,050537;SPRF-CE;DEL04-CE;UOP02-DEL04-CE
708259;30/07/2025;quarta-feira;18:00:00;DF;20;4,9;BRASILIA;Trafegar com motocicleta (ou similar) entre as faixas;Colisão traseira;Com Vítimas Feridas;Anoitecer;Crescente;Céu Claro;Dupla;Reta;Sim;3;0;2;0;1;0;2;2;-15,67088;-47,81641;SPRF-DF;DEL02-DF;UOP01-DEL02-DF
708260;30/07/2025;quarta-feira;15:00:00;SP;116;108,7;TAUBATE;Suicídio (presumido);Atropelamento de Pedestre;Com Vítimas Fatais;Pleno dia;Decrescente;Céu Claro;Dupla;Reta;Não;3;1;0;0;1;1;0;2;-23,028294;-45,54468;SPRF-SP;DEL02-SP;UOP02-DEL02-SP
708262;30/07/2025;quarta-feira;17:45:00;BA;110;351;ALAGOINHAS;Acessar a via sem observar a presença dos outros veículos;Colisão transversal;Com Vítimas Fatais;Anoitecer;Crescente;Céu Claro;Simples;Reta;Não;3;1;0;1;0;1;1;2;-12,24580169;-38,40316703;SPRF-BA;DEL01-BA;UOP04-DEL01-BA
708263;30/07/2025;quarta-feira;18:32:00;DF;20;4;BRASILIA;Trafegar com motocicleta (ou similar) entre as faixas;Tombamento;Com Vítimas Feridas;Plena Noite;Crescente;Céu Claro;Dupla;"Declive;Reta";Sim;5;0;1;0;3;1;1;3;-15,6712951;-47,81711251;SPRF-DF;DEL02-DF;UOP01-DEL02-DF
708267;30/07/2025;quarta-feira;18:30:00;GO;153;428,7;ANAPOLIS;Demais falhas na via;Tombamento;Com Vítimas Feridas;Plena Noite;Decrescente;Céu Claro;Dupla;Reta;Sim;2;0;1;0;0;1;1;1;-16,258702;-48,987727;SPRF-GO;DEL02-GO;UOP01-DEL02-GO
708270;30/07/2025;quarta-feira;18:31:00;PE;101;69;RECIFE;Ausência de reação do condutor;Colisão lateral mesmo sentido;Com Vítimas Feridas;Plena Noite;Decrescente;Nublado;Múltipla;Reta;Sim;2;0;1;0;1;0;1;2;-8,059726;-34,945717;SPRF-PE;DEL01-PE;UOP01-DEL01-PE
708271;30/07/2025;quarta-feira;18:50:00;ES;101;264;SERRA;Acesso irregular;Colisão transversal;Com Vítimas Feridas;Anoitecer;Decrescente;Céu Claro;Dupla;Reta;Não;2;0;1;0;0;1;1;2;-20,178088;-40,265524;SPRF-ES;DEL02-ES;UOP01-DEL02-ES
708272;30/07/2025;quarta-feira;18:17:00;PI;316;4;TERESINA;Manobra de mudança de faixa;Colisão lateral mesmo sentido;Sem Vítimas;Plena Noite;Crescente;Chuva;Múltipla;Reta;Sim;7;0;0;0;5;2;0;2;-5,13983889;-42,78465271;SPRF-PI;DEL01-PI;UOP02-DEL01-PI
708273;30/07/2025;quarta-feira;18:15:00;RS;392;711,6;PORTO XAVIER;Acessar a via sem observar a presença dos outros veículos;Colisão lateral mesmo sentido;Com Vítimas Feridas;Anoitecer;Crescente;Céu Claro;Simples;Reta;Não;5;0;2;0;3;0;2;2;-27,978186;-55,131098;SPRF-RS;DEL10-RS;UOP01-DEL10-RS
708278;30/07/2025;quarta-feira;17:30:00;PR;369;249;BOM SUCESSO;Acessar a via sem observar a presença dos outros veículos;Colisão transversal;Com Vítimas Feridas;Pleno dia;Decrescente;Céu Claro;Dupla;Aclive;Sim;3;0;1;0;1;1;1;3;-23,70316;-51,76178;SPRF-PR;DEL09-PR;UOP01-DEL09-PR
708279;30/07/2025;quarta-feira;18:00:00;PI;343;347;TERESINA;Condutor deixou de manter distância do veículo da frente;Colisão traseira;Com Vítimas Feridas;Plena Noite;Decrescente;Chuva;Dupla;Reta;Não;2;0;0;1;1;0;1;2;-5,116395;-42,781548;SPRF-PI;DEL01-PI;UOP01-DEL01-PI
708280;30/07/2025;quarta-feira;18:55:00;PR;116;140,9;MANDIRITUBA;Reação tardia ou ineficiente do condutor;Tombamento;Com Vítimas Feridas;Plena Noite;Decrescente;Céu Claro;Dupla;"Reta;Aclive";Não;1;0;1;0;0;0;1;1;-25,771075;-49,322759;SPRF-PR;DEL01-PR;UOP03-DEL01-PR
708284;30/07/2025;quarta-feira;19:40:00;RN;101;84,3;NATAL;Acessar a via sem observar a presença dos outros veículos;Colisão traseira;Com Vítimas Feridas;Plena Noite;Decrescente;Céu Claro;Dupla;"Curva;Interseção de Vias";Sim;2;0;1;0;1;0;1;2;-5,775127;-35,255148;SPRF-RN;DEL02-RN;UOP01-DEL02-RN
708288;30/07/2025;quarta-feira;19:26:00;SP;116;336,9;JUQUITIBA;Pedestre cruzava a pista fora da faixa;Atropelamento de Pedestre;Com Vítimas Fatais;Plena Noite;Crescente;Céu Claro;Dupla;Reta;Sim;3;1;0;0;2;0;0;3;-23,98332342;-47,14667661;SPRF-SP;DEL04-SP;UOP03-DEL04-SP
708289;30/07/2025;quarta-feira;18:20:00;MT;364;271,1;JACIARA;Reação tardia ou ineficiente do condutor;Colisão traseira;Sem Vítimas;Plena Noite;Crescente;Céu Claro;Dupla;"Aclive;Reta";Sim;2;0;0;0;2;0;0;2;-15,966;-54,961;SPRF-MT;DEL05-MT;UOP02-DEL05-MT
708290;30/07/2025;quarta-feira;20:00:00;DF;40;0;BRASILIA;Acessar a via sem observar a presença dos outros veículos;Colisão transversal;Com Vítimas Feridas;Plena Noite;Crescente;Ignorado;Múltipla;Reta;Sim;2;0;1;0;1;0;1;2;-15,8203904;-47,972352;SPRF-DF;DEL01-DF;UOP01-DEL01-DF
708291;30/07/2025;quarta-feira;19:50:00;MG;262;361;JUATUBA;Reação tardia ou ineficiente do condutor;Colisão traseira;Com Vítimas Feridas;Plena Noite;Decrescente;Céu Claro;Dupla;Reta;Sim;2;0;0;1;1;0;1;2;-19,97393913;-44,26655019;SPRF-MG;DEL01-MG;UOP03-DEL01-MG
708292;30/07/2025;quarta-feira;19:30:00;RJ;393;233;VASSOURAS;Acesso irregular;Colisão transversal;Com Vítimas Feridas;Plena Noite;Crescente;Céu Claro;Simples;Reta;Não;2;0;0;1;1;0;1;2;-22,394508;-43,654979;SPRF-RJ;DEL05-RJ;UOP03-DEL05-RJ
708293;30/07/2025;quarta-feira;18:20:00;PB;361;6;PATOS;Condutor deixou de manter distância do veículo da frente;Colisão frontal;Com Vítimas Feridas;Anoitecer;Crescente;Céu Claro;Simples;Reta;Sim;3;0;0;1;1;1;1;3;-7,03712;-37,317617;SPRF-PB;DEL03-PB;UOP01-DEL03-PB
708295;30/07/2025;quarta-feira;18:24:00;MT;364;397;CUIABA;Ausência de reação do condutor;Colisão traseira;Com Vítimas Feridas;Plena Noite;Crescente;Céu Claro;Dupla;Reta;Não;3;0;0;2;1;0;2;2;-15,675185;-55,93956;SPRF-MT;DEL01-MT;UOP02-DEL01-MT
708296;30/07/2025;quarta-feira;17:40:00;RJ;493;112;ITAGUAI;Demais falhas mecânicas ou elétricas;Capotamento;Com Vítimas Feridas;Plena Noite;Crescente;Céu Claro;Dupla;Reta;Não;3;0;1;0;2;0;1;1;-22,814399;-43,801923;SPRF-RJ;DEL03-RJ;UOP01-DEL03-RJ
708297;30/07/2025;quarta-feira;16:15:00;MG;262;119,9;RIO CASCA;Acessar a via sem observar a presença dos outros veículos;Colisão transversal;Com Vítimas Feridas;Pleno dia;Crescente;Céu Claro;Simples;"Interseção de Vias;Reta;Rotatória";Sim;3;0;1;0;2;0;1;2;-20,21897633;-42,65085354;SPRF-MG;DEL03-MG;UOP03-DEL03-MG
708301;30/07/2025;quarta-feira;18:45:00;PB;104;118;LAGOA SECA;Ausência de reação do condutor;Colisão traseira;Com Vítimas Feridas;Plena Noite;Decrescente;Céu Claro;Simples;"Reta;Aclive";Não;2;0;0;1;1;0;1;2;-7,193169;-35,870785;SPRF-PB;DEL02-PB;UOP04-DEL02-PB
708302;30/07/2025;quarta-feira;19:50:00;SC;101;112,6;ITAJAI;Velocidade Incompatível;Colisão com objeto;Com Vítimas Feridas;Plena Noite;Decrescente;Céu Claro;Múltipla;Reta;Sim;1;0;0;1;0;0;1;1;-26,84670668;-48,72200338;SPRF-SC;DEL04-SC;UOP04-DEL04-SC
708303;24/07/2025;quinta-feira;13:22:00;MG;153;70;MONTE ALEGRE DE MINAS;Transitar na contramão;Colisão lateral sentido oposto;Com Vítimas Feridas;Pleno dia;Decrescente;Céu Claro;Simples;Reta;Não;3;0;2;0;1;0;2;2;-18,96198252;-49,02746344;SPRF-MG;DEL15-MG;UOP03-DEL15-MG
708305;30/07/2025;quarta-feira;17:30:00;RJ;40;121;DUQUE DE CAXIAS;Ausência de reação do condutor;Queda de ocupante de veículo;Com Vítimas Feridas;Anoitecer;Decrescente;Céu Claro;Múltipla;"Reta;Interseção de Vias";Sim;2;0;2;0;0;0;2;2;-22,78470957;-43,28530345;SPRF-RJ;DEL01-RJ;UOP02-DEL01-RJ
708307;30/07/2025;quarta-feira;20:00:00;MG;381;504;BETIM;Ausência de reação do condutor;Colisão com objeto;Sem Vítimas;Plena Noite;Decrescente;Céu Claro;Dupla;"Reta;Aclive";Não;1;0;0;0;1;0;0;1;-20,0336674;-44,24124277;SPRF-MG;DEL01-MG;UOP03-DEL01-MG
708308;30/07/2025;quarta-feira;19:50:00;SC;480;130,9;CHAPECO;Transitar na contramão;Colisão frontal;Com Vítimas Feridas;Pleno dia;Decrescente;Céu Claro;Simples;"Declive;Reta";Sim;2;0;1;0;1;0;1;2;-27,05437043;-52,63674993;SPRF-SC;DEL07-SC;UOP01-DEL07-SC
708309;30/07/2025;quarta-feira;21:00:00;RN;406;152;CEARA-MIRIM;Ausência de reação do condutor;Colisão traseira;Com Vítimas Feridas;Plena Noite;Decrescente;Céu Claro;Simples;Reta;Não;6;0;1;0;5;0;1;2;-5,66007955;-35,41407935;SPRF-RN;DEL02-RN;UOP01-DEL02-RN
708310;30/07/2025;quarta-feira;19:30:00;MT;163;829;SINOP;Acessar a via sem observar a presença dos outros veículos;Colisão transversal;Com Vítimas Feridas;Plena Noite;Crescente;Céu Claro;Simples;Rotatória;Sim;3;0;1;0;2;0;1;2;-11,91332443;-55,50873399;SPRF-MT;DEL06-MT;UOP02-DEL06-MT
708312;30/07/2025;quarta-feira;20:40:00;PR;163;239,2;TOLEDO;Ausência de reação do condutor;Saída de leito carroçável;Com Vítimas Feridas;Plena Noite;Decrescente;Céu Claro;Dupla;"Declive;Reta";Sim;1;0;1;0;0;0;1;1;-24,72800177;-53,70275999;SPRF-PR;DEL04-PR;UOP01-DEL04-PR
708313;30/07/2025;quarta-feira;20:00:00;RJ;101;474;ANGRA DOS REIS;Iluminação deficiente;Queda de ocupante de veículo;Com Vítimas Feridas;Plena Noite;Decrescente;Céu Claro;Simples;Declive;Não;1;0;1;0;0;0;1;1;-22,9900288;-44,2400768;SPRF-RJ;DEL03-RJ;UOP03-DEL03-RJ
708315;30/07/2025;quarta-feira;21:30:00;PR;376;602;CURITIBA;Avarias e/ou desgaste excessivo no pneu;Tombamento;Com Vítimas Feridas;Plena Noite;Crescente;Nublado;Dupla;Reta;Sim;1;0;1;0;0;0;1;1;-25,52083271;-49,33441009;SPRF-PR;DEL01-PR;UOP03-DEL01-PR
708316;30/07/2025;quarta-feira;22:01:00;PE;101;49;ABREU E LIMA;Reação tardia ou ineficiente do condutor;Colisão com objeto;Com Vítimas Feridas;Plena Noite;Crescente;Céu Claro;Múltipla;Reta;Sim;3;0;2;0;1;0;2;1;-7,90598;-34,90239;SPRF-PE;DEL01-PE;UOP02-DEL01-PE
708319;30/07/2025;quarta-feira;22:39:00;ES;101;240;SERRA;Reação tardia ou ineficiente do condutor;Colisão frontal;Com Vítimas Feridas;Pleno dia;Decrescente;Chuva;Dupla;Reta;Não;2;0;0;1;1;0;1;2;-20,054016;-40,3800064;SPRF-ES;DEL02-ES;UOP01-DEL02-ES
708321;30/07/2025;quarta-feira;18:30:00;MG;116;276,1;TEOFILO OTONI;Velocidade Incompatível;Atropelamento de Pedestre;Com Vítimas Feridas;Plena Noite;Decrescente;Nublado;Múltipla;Reta;Sim;4;0;2;0;1;1;2;2;-17,852682;-41,51428;SPRF-MG;DEL11-MG;UOP01-DEL11-MG