id;data_inversa;dia_semana;horario;uf;br;km;municipio;causa_acidente;tipo_acidente;classificacao_acidente;fase_dia;sentido_via;condicao_metereologica;tipo_pista;tracado_via;uso_solo;pessoas;mortos;feridos_leves;feridos_graves;ilesos;ignorados;feridos;veiculos;latitude;longitude;regional;delegacia;uop
708462;31/07/2025;quinta-feira;12:00:00;RO;364;343;JI-PARANA;Reação tardia ou ineficiente do condutor;Colisão traseira;Com Vítimas Feridas;Pleno dia;Decrescente;Céu Claro;Simples;Reta;Sim;2;0;1;0;1;0;1;2;-10,87401271;-61,95371211;SPRF-RO;DEL02-RO;UOP01-DEL02-RO
708463;31/07/2025;quinta-feira;17:00:00;SC;101;126,8;ITAJAI;Trafegar com motocicleta (ou similar) entre as faixas;Colisão traseira;Com Vítimas Feridas;Anoitecer;Decrescente;Nublado;Dupla;Reta;Não;2;0;0;1;1;0;1;2;-26,96648245;-48,68364125;SPRF-SC;DEL04-SC;UOP04-DEL04-SC
708465;31/07/2025;quinta-feira;18:05:00;RS;290;59;GRAVATAI;Condutor deixou de manter distância do veículo da frente;Colisão traseira;Sem Vítimas;Anoitecer;Crescente;Céu Claro;Múltipla;Reta;Não;5;0;0;0;5;0;0;2;-29,925014;-50,859102;SPRF-RS;DEL03-RS;UOP01-DEL03-RS
708466;31/07/2025;quinta-feira;17:00:00;MS;262;327;CAMPO GRANDE;Manobra de mudança de faixa;Colisão lateral mesmo sentido;Com Vítimas Feridas;Anoitecer;Crescente;Céu Claro;Dupla;Reta;Sim;2;0;0;1;1;0;1;2;-20,46664;-54,54349;SPRF-MS;DEL01-MS;UOP01-DEL01-MS
708467;31/07/2025;quinta-feira;17:40:00;PR;116;116;CURITIBA;Ausência de reação do condutor;Colisão lateral mesmo sentido;Com Vítimas Feridas;Anoitecer;Decrescente;Céu Claro;Dupla;Reta;Sim;3;0;1;0;1;1;1;3;-25,54987039;-49,30451313;SPRF-PR;DEL01-PR;UOP03-DEL01-PR
708468;31/07/2025;quinta-feira;17:30:00;PE;232;4,5;RECIFE;Acessar a via sem observar a presença dos outros veículos;Colisão transversal;Sem Vítimas;Plena Noite;Decrescente;Céu Claro;Simples;Curva;Não;2;0;0;0;1;1;0;2;-8,066192;-34,940256;SPRF-PE;DEL01-PE;UOP01-DEL01-PE
708469;31/07/2025;quinta-feira;16:15:00;SP;116;461;PARIQUERA-ACU;Ausência de reação do condutor;Atropelamento de Pedestre;Com Vítimas Fatais;Pleno dia;Crescente;Céu Claro;Dupla;"Declive;Reta";Não;2;1;0;0;1;0;0;2;-24,61567048;-47,88809672;SPRF-SP;DEL05-SP;UOP01-DEL05-SP
708470;31/07/2025;quinta-feira;17:20:00;RJ;493;22;MAGE;Reação tardia ou ineficiente do condutor;Colisão com objeto;Com Vítimas Feridas;Anoitecer;Crescente;Nublado;Simples;Reta;Não;1;0;1;0;0;0;1;1;-22,65869227;-43,05585927;SPRF-RJ;DEL04-RJ;UOP02-DEL04-RJ
708474;31/07/2025;quinta-feira;18:10:00;PR;277;1,6;PARANAGUA;Condutor deixou de manter distância do veículo da frente;Engavetamento;Com Vítimas Feridas;Anoitecer;Crescente;Céu Claro;Dupla;"Interseção de Vias;Rotatória";Sim;4;0;1;0;3;0;1;3;-25,5511965;-48,55166165;SPRF-PR;DEL01-PR;UOP05-DEL01-PR
708475;30/07/2025;quarta-feira;18:00:00;SC;101;204;SAO JOSE;Ausência de reação do condutor;Queda de ocupante de veículo;Com Vítimas Feridas;Plena Noite;Crescente;Céu Claro;Múltipla;"Reta;Rotatória";Sim;2;0;1;0;1;0;1;2;-27,56832642;-48,61403751;SPRF-SC;DEL01-SC;UOP01-DEL01-SC
708478;31/07/2025;quinta-feira;18:50:00;RS;290;93;PORTO ALEGRE;Condutor deixou de manter distância do veículo da frente;Colisão traseira;Com Vítimas Feridas;Plena Noite;Decrescente;Céu Claro;Dupla;Reta;Sim;3;0;2;0;1;0;2;2;-29,97051749;-51,18015289;SPRF-RS;DEL01-RS;UOP01-DEL01-RS
708479;31/07/2025;quinta-feira;17:00:00;RN;226;174;CURRAIS NOVOS;Reação tardia ou ineficiente do condutor;Colisão lateral mesmo sentido;Com Vítimas Feridas;Pleno dia;Decrescente;Céu Claro;Simples;Reta;Sim;2;0;2;0;0;0;2;2;-6,25805004;-36,5085867;SPRF-RN;DEL03-RN;UOP02-DEL03-RN
708481;31/07/2025;quinta-feira;18:55:00;SC;101;219,5;PALHOCA;Manobra de mudança de faixa;Colisão lateral mesmo sentido;Com Vítimas Feridas;Plena Noite;Crescente;Céu Claro;Dupla;Reta;Não;2;0;0;1;1;0;1;2;-27,68943099;-48,6638705;SPRF-SC;DEL01-SC;UOP02-DEL01-SC
708482;31/07/2025;quinta-feira;18:40:00;MG;381;491;BETIM;Ausência de reação do condutor;Colisão traseira;Com Vítimas Feridas;Pleno dia;Decrescente;Céu Claro;Dupla;Reta;Não;2;0;1;0;1;0;1;2;-19,95753704;-44,1519928;SPRF-MG;DEL01-MG;UOP03-DEL01-MG
708484;31/07/2025;quinta-feira;17:15:00;SC;101;204,4;SAO JOSE;Manobra de mudança de faixa;Queda de ocupante de veículo;Com Vítimas Feridas;Pleno dia;Crescente;Nublado;Dupla;Reta;Não;1;0;1;0;0;0;1;1;-27,578182;-48,613785;SPRF-SC;DEL01-SC;UOP01-DEL01-SC
708485;31/07/2025;quinta-feira;18:50:00;RS;101;23;TRES CACHOEIRAS;Acessar a via sem observar a presença dos outros veículos;Atropelamento de Pedestre;Com Vítimas Fatais;Plena Noite;Crescente;Céu Claro;Dupla;"Reta;Declive";Sim;5;1;0;0;4;0;0;2;-29,44872251;-49,91425753;SPRF-RS;DEL03-RS;UOP02-DEL03-RS
708489;31/07/2025;quinta-feira;12:30:00;SC;282;408;CATANDUVAS;Reação tardia ou ineficiente do condutor;Saída de leito carroçável;Com Vítimas Feridas;Pleno dia;Crescente;Céu Claro;Simples;"Declive;Reta";Não;1;0;1;0;0;0;1;1;-27,08196989;-51,66368058;SPRF-SC;DEL07-SC;UOP05-DEL07-SC
708490;31/07/2025;quinta-feira;19:00:00;BA;367;82;EUNAPOLIS;Acessar a via sem observar a presença dos outros veículos;Colisão transversal;Com Vítimas Feridas;Plena Noite;Decrescente;Nublado;Simples;"Interseção de Vias;Reta;Rotatória";Sim;2;0;1;0;1;0;1;2;-16,372512;-39,570607;SPRF-BA;DEL09-BA;UOP03-DEL09-BA
708491;31/07/2025;quinta-feira;18:10:00;RJ;101;490,8;ANGRA DOS REIS;Conversão proibida;Colisão lateral mesmo sentido;Com Vítimas Feridas;Anoitecer;Crescente;Nublado;Simples;Reta;Não;2;0;1;0;1;0;1;2;-22,954968;-44,31815;SPRF-RJ;DEL03-RJ;UOP03-DEL03-RJ
708492;31/07/2025;quinta-feira;18:00:00;MG;251;519,9;MONTES CLAROS;Velocidade Incompatível;Saída de leito carroçável;Com Vítimas Feridas;Anoitecer;Crescente;Nublado;Simples;"Reta;Declive";Não;2;0;1;1;0;0;2;1;-16,6536806;-43,7179974;SPRF-MG;DEL12-MG;UOP01-DEL12-MG
708493;31/07/2025;quinta-feira;19:00:00;PE;423;104,6;CAETES;Manobra de mudança de faixa;Colisão lateral sentido oposto;Com Vítimas Feridas;Plena Noite;Crescente;Céu Claro;Simples;"Reta;Declive";Não;5;0;1;0;4;0;1;3;-8,878554;-36,56063;SPRF-PE;DEL03-PE;UOP01-DEL03-PE
708494;31/07/2025;quinta-feira;19:48:00;SC;101;202;SAO JOSE;Manobra de mudança de faixa;Queda de ocupante de veículo;Com Vítimas Feridas;Plena Noite;Decrescente;Céu Claro;Dupla;Reta;Sim;1;0;0;1;0;0;1;1;-27,557922;-48,618523;SPRF-SC;DEL01-SC;UOP01-DEL01-SC
708496;31/07/2025;quinta-feira;20:10:00;RS;392;43,1;RIO GRANDE;Acessar a via sem observar a presença dos outros veículos;Sinistro pessoal de trânsito;Com Vítimas Feridas;Plena Noite;Crescente;Céu Claro;Dupla;Reta;Sim;1;0;1;0;0;0;1;1;-31,93423151;-52,31112778;SPRF-RS;DEL07-RS;UOP02-DEL07-RS
708497;31/07/2025;quinta-feira;19:17:00;SP;116;210;GUARULHOS;Reação tardia ou ineficiente do condutor;Colisão traseira;Sem Vítimas;Plena Noite;Decrescente;Céu Claro;Múltipla;Reta;Sim;4;0;0;0;4;0;0;2;-23,42985584;-46,41371867;SPRF-SP;DEL01-SP;UOP01-DEL01-SP
708498;31/07/2025;quinta-feira;20:35:00;RJ;116;336;RESENDE;Pedestre andava na pista;Atropelamento de Pedestre;Com Vítimas Fatais;Plena Noite;Crescente;Céu Claro;Dupla;Reta;Sim;2;1;0;0;0;1;0;2;-22,50360587;-44,67306789;SPRF-RJ;DEL07-RJ;UOP02-DEL07-RJ
708499;31/07/2025;quinta-feira;18:00:00;MT;163;1042;MATUPA;Reação tardia ou ineficiente do condutor;Saída de leito carroçável;Com Vítimas Feridas;Plena Noite;Decrescente;Céu Claro;Simples;Reta;Não;1;0;0;1;0;0;1;1;-10,1525;-54,9318;SPRF-MT;DEL06-MT;UOP03-DEL06-MT
708501;31/07/2025;quinta-feira;18:11:00;SC;101;310,7;LAGUNA;Ausência de reação do condutor;Colisão traseira;Com Vítimas Feridas;Plena Noite;Crescente;Céu Claro;Dupla;Reta;Não;2;0;1;0;1;0;1;2;-28,436783;-48,80912;SPRF-SC;DEL02-SC;UOP01-DEL02-SC
708502;31/07/2025;quinta-feira;19:00:00;RJ;101;319;NITEROI;Ausência de reação do condutor;Colisão traseira;Com Vítimas Feridas;Plena Noite;Decrescente;Céu Claro;Dupla;Reta;Não;2;0;1;0;0;1;1;2;-22,85802145;-43,10467467;SPRF-RJ;DEL02-RJ;UOP02-DEL02-RJ
708504;31/07/2025;quinta-feira;20:00:00;RJ;101;70,6;CAMPOS DOS GOYTACAZES;Acessar a via sem observar a presença dos outros veículos;Colisão lateral mesmo sentido;Com Vítimas Feridas;Plena Noite;Decrescente;Nublado;Simples;Reta;Não;3;0;2;0;0;1;2;2;-21,784266;-41,378856;SPRF-RJ;DEL08-RJ;UOP02-DEL08-RJ
708505;31/07/2025;quinta-feira;18:45:00;PR;277;608;SANTA TEREZA DO OESTE;Acessar a via sem observar a presença dos outros veículos;Colisão transversal;Com Vítimas Feridas;Plena Noite;Crescente;Céu Claro;Simples;Interseção de Vias;Não;2;0;1;0;1;0;1;2;-25,04008556;-53,59969486;SPRF-PR;DEL05-PR;UOP02-DEL05-PR
708506;31/07/2025;quinta-feira;21:28:00;SP;116;63;GUARATINGUETA;Ausência de reação do condutor;Capotamento;Com Vítimas Feridas;Plena Noite;Crescente;Nublado;Dupla;Reta;Sim;1;0;0;1;0;0;1;1;-22,8156063;-45,18023372;SPRF-SP;DEL08-SP;UOP01-DEL08-SP
708508;31/07/2025;quinta-feira;20:35:00;RJ;101;0;NITEROI;Velocidade Incompatível;Colisão lateral mesmo sentido;Com Vítimas Feridas;Plena Noite;Decrescente;Céu Claro;Dupla;Reta;Não;3;0;1;0;2;0;1;3;-22,88073209;-43,10671449;SPRF-RJ;DEL02-RJ;UOP01-DEL02-RJ
708514;31/07/2025;quinta-feira;21:30:00;GO;153;514;APARECIDA DE GOIANIA;Acessar a via sem observar a presença dos outros veículos;Colisão transversal;Com Vítimas Feridas;Pleno dia;Decrescente;Céu Claro;Múltipla;Reta;Sim;2;0;1;0;1;0;1;2;-16,827108;-49,242235;SPRF-GO;DEL01-GO;UOP03-DEL01-GO
708517;31/07/2025;quinta-feira;18:30:00;MS;163;680,8;RIO VERDE DE MATO GROSSO;Acessar a via sem observar a presença dos outros veículos;Colisão transversal;Com Vítimas Feridas;Anoitecer;Crescente;Céu Claro;Simples;"Reta;Interseção de Vias";Sim;4;0;0;1;3;0;1;2;-18,91318281;-54,83915303;SPRF-MS;DEL06-MS;UOP02-DEL06-MS
708518;31/07/2025;quinta-feira;23:10:00;RS;290;68,2;GRAVATAI;Acessar a via sem observar a presença dos outros veículos;Colisão lateral mesmo sentido;Com Vítimas Feridas;Plena Noite;Crescente;Céu Claro;Dupla;"Reta;Interseção de Vias";Sim;3;0;2;0;1;0;2;2;-29,94369;-50,939137;SPRF-RS;DEL03-RS;UOP01-DEL03-RS
708519;31/07/2025;quinta-feira;21:45:00;SC;470;120,4;IBIRAMA;Transitar na contramão;Colisão frontal;Com Vítimas Feridas;Plena Noite;Crescente;Céu Claro;Simples;"Curva;Aclive";Não;4;0;0;1;3;0;1;2;-27,09584342;-49,52644095;SPRF-SC;DEL04-SC;UOP02-DEL04-SC
708521;31/07/2025;quinta-feira;21:35:00;RN;226;109,7;SANTA CRUZ;Demais falhas mecânicas ou elétricas;Saída de leito carroçável;Com Vítimas Feridas;Plena Noite;Crescente;Céu Claro;Simples;"Reta;Aclive";Sim;1;0;1;0;0;0;1;1;-6,23685;-36,010295;SPRF-RN;DEL03-RN;UOP02-DEL03-RN
708522;31/07/2025;quinta-feira;23:10:00;ES;101;149;LINHARES;Animais na Pista;Tombamento;Com Vítimas Feridas;Plena Noite;Crescente;Céu Claro;Múltipla;"Curva;Declive";Sim;1;0;1;0;0;0;1;1;-19,40223508;-40,0610687;SPRF-ES;DEL04-ES;UOP01-DEL04-ES
708523;31/07/2025;quinta-feira;21:30:00;PB;230;341;PATOS;Animais na Pista;Atropelamento de Animal;Com Vítimas Feridas;Plena Noite;Decrescente;Céu Claro;Simples;Reta;Não;1;0;1;0;0;0;1;1;-6,99004;-37,322545;SPRF-PB;DEL03-PB;UOP01-DEL03-PB
708524;31/07/2025;quinta-feira;23:00:00;RJ;101;405;ITAGUAI;Iluminação deficiente;Colisão traseira;Com Vítimas Feridas;Plena Noite;Decrescente;Céu Claro;Dupla;Reta;Sim;4;0;2;0;2;0;2;2;-22,861502;-43,793456;SPRF-RJ;DEL03-RJ;UOP01-DEL03-RJ
708525;31/07/2025;quinta-feira;23:30:00;MG;153;172;COMENDADOR GOMES;Condutor Dormindo;Saída de leito carroçável;Com Vítimas Feridas;Plena Noite;Crescente;Céu Claro;Simples;Retorno Regulamentado;Não;3;0;2;1;0;0;3;1;-19,73029587;-48,97342175;SPRF-MG;DEL13-MG;UOP02-DEL13-MG
708527;31/07/2025;quinta-feira;21:40:00;SP;101;49,7;UBATUBA;Conversão proibida;Colisão transversal;Com Vítimas Feridas;Plena Noite;Decrescente;Céu Claro;Simples;Reta;Sim;2;0;1;0;1;0;1;2;-23,44885156;-45,07882325;SPRF-SP;DEL06-SP;UOP01-DEL06-SP
708528;31/07/2025;quinta-feira;21:00:00;CE;116;194,6;LIMOEIRO DO NORTE;Animais na Pista;Atropelamento de Animal;Com Vítimas Fatais;Plena Noite;Decrescente;Céu Claro;Simples;Reta;Não;2;1;0;1;0;0;1;1;-5,163132141;-38,16173112;SPRF-CE;DEL03-CE;UOP01-DEL03-CE
708530;31/07/2025;quinta-feira;23:15:00;RS;116;140;CAXIAS DO SUL;Demais falhas mecânicas ou elétricas;Incêndio;Sem Vítimas;Plena Noite;Decrescente;Céu Claro;Simples;Interseção de Vias;Sim;1;0;0;0;1;0;0;1;-29,10480145;-51,10945009;SPRF-RS;DEL05-RS;UOP01-DEL05-RS
708532;01/08/2025;sexta-feira;00:10:00;MT;70;4;BARRA DO GARCAS;Ultrapassagem Indevida;Colisão lateral mesmo sentido;Com Vítimas Feridas;Plena Noite;Decrescente;Céu Claro;Dupla;Interseção de Vias;Sim;3;0;1;1;1;0;2;2;-15,87767198;-52,29570508;SPRF-MT;DEL07-MT;UOP01-DEL07-MT
708535;01/08/2025;sexta-feira;01:00:00;GO;60;110;GOIANAPOLIS;Reação tardia ou ineficiente do condutor;Saída de leito carroçável;Com Vítimas Feridas;Plena Noite;Decrescente;Céu Claro;Dupla;Reta;Não;1;0;1;0;0;0;1;1;-16,4503333;-49,033289;SPRF-GO;DEL01-GO;UOP01-DEL01-GO
708537;31/07/2025;quinta-feira;22:40:00;MG;116;407;GOVERNADOR VALADARES;Ausência de reação do condutor;Colisão traseira;Com Vítimas Feridas;Plena Noite;Decrescente;Céu Claro;Simples;Curva;Não;3;0;3;0;0;0;3;2;-18,81545796;-41,98341742;SPRF-MG;DEL06-MG;UOP01-DEL06-MG
708539;31/07/2025;quinta-feira;23:25:00;MG;116;397;GOVERNADOR VALADARES;Acesso irregular;Colisão frontal;Com Vítimas Feridas;Plena Noite;Crescente;Céu Claro;Simples;"Aclive;Interseção de Vias";Não;9;0;5;4;0;0;9;2;-18,7777053;-41,98747098;SPRF-MG;DEL06-MG;UOP01-DEL06-MG
708542;01/08/2025;sexta-feira;01:20:00;MA;222;665;ACAILANDIA;Ausência de reação do condutor;Saída de leito carroçável;Com Vítimas Feridas;Plena Noite;Crescente;Chuva;Simples;"Declive;Reta";Não;1;0;0;1;0;0;1;1;-4,920903;-47,431275;SPRF-MA;DEL04-MA;UOP03-DEL04-MA
708545;01/08/2025;sexta-feira;00:40:00;RJ;101;390;RIO DE JANEIRO;Ingestão de álcool pelo condutor;Queda de ocupante de veículo;Com Vítimas Feridas;Plena Noite;Decrescente;Céu Claro;Dupla;Retorno Regulamentado;Não;1;0;0;1;0;0;1;1;-22,89649028;-43,68059671;SPRF-RJ;DEL03-RJ;UOP01-DEL03-RJ
708547;01/08/2025;sexta-feira;01:30:00;RJ;101;494,7;ANGRA DOS REIS;Velocidade Incompatível;Capotamento;Sem Vítimas;Plena Noite;Decrescente;Céu Claro;Simples;Reta;Não;1;0;0;0;0;1;0;1;-22,93481;-44,3197;SPRF-RJ;DEL03-RJ;UOP03-DEL03-RJ
708548;01/08/2025;sexta-feira;03:30:00;RS;116;256;ESTEIO;Ausência de reação do condutor;Colisão com objeto;Sem Vítimas;Plena Noite;Crescente;Céu Claro;Dupla;Reta;Sim;1;0;0;0;1;0;0;1;-29,8420733;-51,1777057;SPRF-RS;DEL01-RS;UOP02-DEL01-RS
708550;01/08/2025;sexta-feira;03:30:00;RS;158;333;SANTA MARIA;Acessar a via sem observar a presença dos outros veículos;Colisão transversal;Com Vítimas Feridas;Plena Noite;Crescente;Céu Claro;Simples;"Reta;Interseção de Vias";Não;3;0;0;1;2;0;1;2;-29,707609;-53,854323;SPRF-RS;DEL09-RS;UOP01-DEL09-RS
708555;01/08/2025;sexta-feira;05:45:00;SC;101;80,5;BARRA VELHA;Velocidade Incompatível;Colisão com objeto;Com Vítimas Feridas;Amanhecer;Decrescente;Nublado;Dupla;Curva;Sim;1;0;1;0;0;0;1;1;-26,60199738;-48,72540665;SPRF-SC;DEL03-SC;UOP02-DEL03-SC
708556;01/08/2025;sexta-feira;06:00:00;PR;476;110;COLOMBO;Transitar na contramão;Colisão frontal;Com Vítimas Fatais;Amanhecer;Crescente;Céu Claro;Simples;"Reta;Interseção de Vias";Sim;5;1;2;2;0;0;4;2;-25,3117789;-49,14537398;SPRF-PR;DEL01-PR;UOP01-DEL01-PR
708557;01/08/2025;sexta-feira;06:30:00;SC;101;210;SAO JOSE;Trafegar com motocicleta (ou similar) entre as faixas;Colisão lateral mesmo sentido;Com Vítimas Feridas;Amanhecer;Decrescente;Céu Claro;Múltipla;Reta;Não;3;0;1;0;2;0;1;3;-27,61814061;-48,64686934;SPRF-SC;DEL01-SC;UOP01-DEL01-SC
708559;01/08/2025;sexta-feira;04:12:00;RO;364;244,4;CACOAL;Animais na Pista;Atropelamento de Animal;Sem Vítimas;Plena Noite;Crescente;Céu Claro;Simples;"Aclive;Reta";Não;2;0;0;0;2;0;0;1;-11,439943;-61,509987;SPRF-RO;DEL02-RO;UOP02-DEL02-RO
708561;31/07/2025;quinta-feira;22:30:00;SC;280;23,5;ARAQUARI;Conversão proibida;Colisão frontal;Com Vítimas Feridas;Plena Noite;Crescente;Nublado;Simples;Reta;Sim;2;0;0;1;1;0;1;2;-26,3749;-48,716741;SPRF-SC;DEL03-SC;UOP03-DEL03-SC
708562;01/08/2025;sexta-feira;05:00:00;MG;381;495;BETIM;Ausência de reação do condutor;Colisão com objeto;Com Vítimas Feridas;Plena Noite;Decrescente;Céu Claro;Dupla;Curva;Não;1;0;1;0;0;0;1;1;-19,97426782;-44,1872759;SPRF-MG;DEL01-MG;UOP03-DEL01-MG
708563;01/08/2025;sexta-feira;06:30:00;SC;282;16,4;PALHOCA;Acessar a via sem observar a presença dos outros veículos;Colisão transversal;Com Vítimas Feridas;Amanhecer;Crescente;Céu Claro;Simples;Reta;Não;3;0;2;0;1;0;2;2;-27,68292004;-48,67595673;SPRF-SC;DEL01-SC;UOP02-DEL01-SC
708564;01/08/2025;sexta-feira;07:00:00;SP;116;218;GUARULHOS;Manobra de mudança de faixa;Colisão lateral mesmo sentido;Com Vítimas Feridas;Pleno dia;Crescente;Nublado;Múltipla;"Reta;Em Obras";Sim;2;0;1;0;1;0;1;2;-23,45909699;-46,48389149;SPRF-SP;DEL01-SP;UOP01-DEL01-SP
708565;01/08/2025;sexta-feira;06:30:00;PB;101;86,9;JOAO PESSOA;Acessar a via sem observar a presença dos outros veículos;Colisão transversal;Com Vítimas Feridas;Pleno dia;Crescente;Céu Claro;Dupla;Reta;Sim;2;0;1;0;1;0;1;2;-7,16066966;-34,90504181;SPRF-PB;DEL01-PB;UOP01-DEL01-PB
708567;01/08/2025;sexta-feira;07:03:00;CE;116;21;EUSEBIO;Condutor deixou de manter distância do veículo da frente;Colisão com objeto;Com Vítimas Feridas;Pleno dia;Crescente;Céu Claro;Dupla;Reta;Sim;2;0;0;1;1;0;1;2;-3,934948;-38,50776672;SPRF-CE;DEL01-CE;UOP02-DEL01-CE
708568;01/08/2025;sexta-feira;06:20:00;SC;470;137;RIO DO SUL;Ausência de reação do condutor;Colisão transversal;Com Vítimas Feridas;Amanhecer;Decrescente;Nublado;Simples;"Reta;Interseção de Vias";Não;5;0;3;1;1;0;4;2;-27,1722405;-49,5810941;SPRF-SC;DEL04-SC;UOP02-DEL04-SC
708570;31/07/2025;quinta-feira;19:00:00;MA;316;339;BACABAL;Acessar a via sem observar a presença dos outros veículos;Colisão transversal;Com Vítimas Feridas;Plena Noite;Crescente;Céu Claro;Simples;Reta;Não;2;0;1;1;0;0;2;2;-4,174928;-44,958962;SPRF-MA;DEL02-MA;UOP01-DEL02-MA
708572;01/08/2025;sexta-feira;07:40:00;ES;101;278,8;SERRA;Ausência de reação do condutor;Colisão traseira;Com Vítimas Feridas;Pleno dia;Decrescente;Céu Claro;Dupla;Interseção de Vias;Sim;2;0;1;0;1;0;1;2;-20,04888027;-40,38652411;SPRF-ES;DEL02-ES;UOP01-DEL02-ES
708573;01/08/2025;sexta-feira;07:20:00;SC;282;1,7;FLORIANOPOLIS;Trafegar com motocicleta (ou similar) entre as faixas;Colisão lateral mesmo sentido;Com Vítimas Feridas;Pleno dia;Decrescente;Céu Claro;Dupla;Reta;Sim;2;0;1;0;1;0;1;2;-27,603556;-48,586184;SPRF-SC;DEL01-SC;UOP01-DEL01-SC
708574;01/08/2025;sexta-feira;06:50:00;RN;101;78,8;SAO GONCALO DO AMARANTE;Ingestão de álcool pelo condutor;Colisão traseira;Com Vítimas Feridas;Pleno dia;Crescente;Sol;Dupla;"Retorno Regulamentado;Reta";Sim;3;0;3;0;0;0;3;2;-5,74530628;-35,28999721;SPRF-RN;DEL02-RN;UOP01-DEL02-RN
708575;01/08/2025;sexta-feira;06:20:00;AL;101;122;SAO MIGUEL DOS CAMPOS;Condutor deixou de manter distância do veículo da frente;Colisão traseira;Sem Vítimas;Pleno dia;Decrescente;Céu Claro;Simples;Declive;Não;2;0;0;0;1;1;0;2;-9,8071365;-36,1157085;SPRF-AL;DEL02-AL;UOP01-DEL02-AL
708576;01/08/2025;sexta-feira;07:00:00;PR;116;123;CURITIBA;Reação tardia ou ineficiente do condutor;Queda de ocupante de veículo;Com Vítimas Feridas;Pleno dia;Decrescente;Céu Claro;Dupla;Reta;Sim;1;0;1;0;0;0;1;1;-25,5599896;-49,30723172;SPRF-PR;DEL01-PR;UOP03-DEL01-PR
708577;01/08/2025;sexta-feira;07:15:00;PE;428;186,9;PETROLINA;Acessar a via sem observar a presença dos outros veículos;Colisão transversal;Com Vítimas Feridas;Pleno dia;Crescente;Céu Claro;Dupla;Reta;Sim;2;0;2;0;0;0;2;2;-9,3674352;-40,4838431;SPRF-PE;DEL06-PE;UOP01-DEL06-PE
708578;01/08/2025;sexta-feira;05:35:00;RJ;116;139;MAGE;Reação tardia ou ineficiente do condutor;Tombamento;Com Vítimas Feridas;Plena Noite;Crescente;Céu Claro;Dupla;Reta;Não;1;0;1;0;0;0;1;1;-22,6623488;-43,08992;SPRF-RJ;DEL04-RJ;UOP02-DEL04-RJ
708579;01/08/2025;sexta-feira;06:30:00;SC;101;441,7;SANTA ROSA DO SUL;Manobra de mudança de faixa;Colisão traseira;Com Vítimas Feridas;Pleno dia;Decrescente;Céu Claro;Múltipla;Aclive;Não;2;0;1;0;1;0;1;2;-29,13147015;-49,69315469;SPRF-SC;DEL02-SC;UOP02-DEL02-SC
708580;20/07/2025;domingo;11:20:00;MG;381;483;BETIM;Trafegar com motocicleta (ou similar) entre as faixas;Tombamento;Com Vítimas Feridas;Pleno dia;Crescente;Ignorado;Dupla;Reta;Sim;2;0;2;0;0;0;2;1;-19,95961276;-44,08225393;SPRF-MG;DEL01-MG;UOP03-DEL01-MG
708581;01/08/2025;sexta-feira;06:30:00;RJ;116;185;NOVA IGUACU;Trafegar com motocicleta (ou similar) entre as faixas;Colisão lateral mesmo sentido;Com Vítimas Feridas;Amanhecer;Crescente;Céu Claro;Dupla;Reta;Sim;1;0;1;0;0;0;1;1;-22,74440391;-43,50980759;SPRF-RJ;DEL06-RJ;UOP01-DEL06-RJ
708583;01/08/2025;sexta-feira;06:00:00;SC;470;58;BLUMENAU;Ingestão de álcool pelo condutor;Saída de leito carroçável;Sem Vítimas;Amanhecer;Decrescente;Céu Claro;Múltipla;"Reta;Viaduto";Sim;1;0;0;0;1;0;0;1;-26,8840068;-49,14554564;SPRF-SC;DEL04-SC;UOP01-DEL04-SC
708584;31/07/2025;quinta-feira;21:00:00;RJ;116;277;BARRA MANSA;Trafegar com motocicleta (ou similar) entre as faixas;Colisão frontal;Com Vítimas Feridas;Plena Noite;Decrescente;Céu Claro;Simples;Reta;Sim;3;0;0;1;1;1;1;3;-22,5597;-44,1728;SPRF-RJ;DEL07-RJ;UOP02-DEL07-RJ
708585;01/08/2025;sexta-feira;08:25:00;PB;101;84;BAYEUX;Reação tardia ou ineficiente do condutor;Engavetamento;Com Vítimas Feridas;Pleno dia;Decrescente;Céu Claro;Dupla;Reta;Sim;3;0;1;0;1;1;1;3;-7,12882836;-34,93961334;SPRF-PB;DEL01-PB;UOP01-DEL01-PB
708586;01/08/2025;sexta-feira;08:15:00;GO;40;1;VALPARAISO DE GOIAS;Entrada inopinada do pedestre;Saída de leito carroçável;Com Vítimas Feridas;Pleno dia;Decrescente;Céu Claro;Dupla;Reta;Sim;1;0;1;0;0;0;1;1;-16,058496;-47,982817;SPRF-DF;DEL01-DF;UOP01-DEL01-DF
708588;01/08/2025;sexta-feira;07:00:00;RO;364;430,6;JARU;Desrespeitar a preferência no cruzamento;Colisão transversal;Com Vítimas Feridas;Pleno dia;Decrescente;Céu Claro;Simples;Interseção de Vias;Não;2;0;1;0;1;0;1;2;-10,40649788;-62,51643344;SPRF-RO;DEL03-RO;UOP02-DEL03-RO