id;data_inversa;dia_semana;horario;uf;br;km;municipio;causa_acidente;tipo_acidente;classificacao_acidente;fase_dia;sentido_via;condicao_metereologica;tipo_pista;tracado_via;uso_solo;pessoas;mortos;feridos_leves;feridos_graves;ilesos;ignorados;feridos;veiculos;latitude;longitude;regional;delegacia;uop
708590;01/08/2025;sexta-feira;08:13:00;TO;10;460;PALMAS;Manobra de mudança de faixa;Colisão lateral mesmo sentido;Com Vítimas Feridas;Pleno dia;Crescente;Céu Claro;Múltipla;Interseção de Vias;Não;2;0;1;0;1;0;1;2;-10,25370234;-48,31119776;SPRF-TO;DEL01-TO;UOP03-DEL01-TO
708591;01/08/2025;sexta-feira;07:10:00;SC;280;29,6;ARAQUARI;Conversão proibida;Colisão transversal;Com Vítimas Feridas;Pleno dia;Crescente;Céu Claro;Simples;Reta;Sim;2;0;1;0;0;1;1;2;-26,41326;-48,758438;SPRF-SC;DEL03-SC;UOP03-DEL03-SC
708592;01/08/2025;sexta-feira;08:00:00;SC;101;355;SANGAO;Demais falhas mecânicas ou elétricas;Colisão traseira;Com Vítimas Feridas;Pleno dia;Crescente;Céu Claro;Dupla;Reta;Não;3;0;2;0;1;0;2;2;-28,67065669;-49,12053555;SPRF-SC;DEL02-SC;UOP01-DEL02-SC
708593;01/08/2025;sexta-feira;07:03:00;MT;163;819;SINOP;Acessar a via sem observar a presença dos outros veículos;Colisão transversal;Com Vítimas Feridas;Pleno dia;Decrescente;Céu Claro;Simples;Reta;Sim;3;0;1;0;2;0;1;2;-12,00228348;-55,51805071;SPRF-MT;DEL06-MT;UOP02-DEL06-MT
708595;01/08/2025;sexta-feira;08:43:00;BA;407;5,5;JUAZEIRO;Modificação proibida;Colisão transversal;Com Vítimas Feridas;Pleno dia;Crescente;Céu Claro;Simples;Reta;Sim;2;0;1;0;1;0;1;2;-9,447315;-40,4906883;SPRF-PE;DEL06-PE;UOP01-DEL06-PE
708596;01/08/2025;sexta-feira;08:45:00;PR;277;83;CURITIBA;Condutor deixou de manter distância do veículo da frente;Colisão traseira;Com Vítimas Feridas;Pleno dia;Crescente;Céu Claro;Dupla;"Reta;Aclive";Sim;2;0;1;0;1;0;1;2;-25,44494098;-49,23250437;SPRF-PR;DEL01-PR;UOP03-DEL01-PR
708597;01/08/2025;sexta-feira;08:30:00;SP;116;215;GUARULHOS;Ultrapassagem Indevida;Colisão traseira;Com Vítimas Feridas;Pleno dia;Crescente;Céu Claro;Múltipla;"Reta;Viaduto";Sim;2;0;0;1;0;1;1;2;-23,45173593;-46,46250665;SPRF-SP;DEL01-SP;UOP01-DEL01-SP
708599;01/08/2025;sexta-feira;09:20:00;MG;381;503;BETIM;Manobra de mudança de faixa;Colisão lateral mesmo sentido;Com Vítimas Feridas;Pleno dia;Decrescente;Céu Claro;Dupla;"Reta;Declive";Sim;2;0;1;0;1;0;1;2;-20,02519069;-44,23082185;SPRF-MG;DEL01-MG;UOP03-DEL01-MG
708600;01/08/2025;sexta-feira;09:30:00;MG;381;782,5;CAMPANHA;Mal súbito do condutor;Saída de leito carroçável;Com Vítimas Feridas;Pleno dia;Decrescente;Céu Claro;Dupla;Curva;Não;1;0;1;0;0;0;1;1;-21,83153568;-45,49808973;SPRF-MG;DEL16-MG;UOP02-DEL16-MG
708603;09/07/2025;quarta-feira;13:39:00;ES;101;288,4;CARIACICA;Acessar a via sem observar a presença dos outros veículos;Colisão transversal;Com Vítimas Feridas;Pleno dia;Decrescente;Nublado;Dupla;"Retorno Regulamentado;Interseção de Vias;Reta";Sim;2;0;0;1;1;0;1;2;-20,274515;-40,392152;SPRF-ES;DEL01-ES;UOP01-DEL01-ES
708604;01/08/2025;sexta-feira;08:20:00;PR;277;723;FOZ DO IGUACU;Acessar a via sem observar a presença dos outros veículos;Colisão lateral mesmo sentido;Com Vítimas Feridas;Pleno dia;Decrescente;Céu Claro;Dupla;Retorno Regulamentado;Sim;2;0;1;0;1;0;1;2;-25,49869854;-54,52987468;SPRF-PR;DEL05-PR;UOP03-DEL05-PR
708606;28/07/2025;segunda-feira;15:10:00;MG;381;477;CONTAGEM;Condutor deixou de manter distância do veículo da frente;Engavetamento;Com Vítimas Feridas;Pleno dia;Decrescente;Nublado;Dupla;Reta;Sim;6;0;2;0;4;0;2;3;-19,95955831;-44,03367376;SPRF-MG;DEL01-MG;UOP03-DEL01-MG
708609;26/05/2025;segunda-feira;06:30:00;MG;381;328;NOVA ERA;Reação tardia ou ineficiente do condutor;Tombamento;Com Vítimas Feridas;Amanhecer;Crescente;Céu Claro;Simples;Reta;Não;2;0;2;0;0;0;2;1;-19,79682915;-43,05421829;SPRF-MG;DEL03-MG;UOP01-DEL03-MG
708611;01/08/2025;sexta-feira;10:10:00;CE;222;2;FORTALEZA;Ausência de reação do condutor;Colisão traseira;Com Vítimas Feridas;Pleno dia;Crescente;Céu Claro;Múltipla;Reta;Sim;3;0;1;0;2;0;1;3;-3,73982;-38,593277;SPRF-CE;DEL01-CE;UOP01-DEL01-CE
708614;01/08/2025;sexta-feira;08:03:00;SP;153;176;LINS;Afundamento ou ondulação no pavimento;Queda de ocupante de veículo;Com Vítimas Feridas;Pleno dia;Crescente;Céu Claro;Simples;Reta;Não;1;0;1;0;0;0;1;1;-21,6513;-49,7888;SPRF-SP;DEL07-SP;UOP01-DEL07-SP
708619;01/08/2025;sexta-feira;11:30:00;SC;470;59,8;BLUMENAU;Conversão proibida;Colisão transversal;Com Vítimas Feridas;Pleno dia;Crescente;Nublado;Simples;Reta;Sim;2;0;1;0;1;0;1;2;-26,88182782;-49,16305661;SPRF-SC;DEL04-SC;UOP01-DEL04-SC
708621;01/08/2025;sexta-feira;11:40:00;PR;277;451;LARANJEIRAS DO SUL;Desrespeitar a preferência no cruzamento;Colisão transversal;Com Vítimas Feridas;Pleno dia;Decrescente;Céu Claro;Simples;"Reta;Interseção de Vias";Não;2;0;1;0;1;0;1;2;-25,37473008;-52,38919616;SPRF-PR;DEL04-PR;UOP02-DEL04-PR
708622;30/07/2025;quarta-feira;17:45:00;BA;116;527,6;ITATIM;Velocidade Incompatível;Tombamento;Com Vítimas Feridas;Anoitecer;Decrescente;Céu Claro;Simples;Reta;Não;1;0;1;0;0;0;1;1;-12,7231598;-39,7666101;SPRF-BA;DEL03-BA;UOP02-DEL03-BA
708623;01/08/2025;sexta-feira;09:00:00;MG;364;1,5;PLANURA;Reação tardia ou ineficiente do condutor;Colisão traseira;Com Vítimas Feridas;Pleno dia;Decrescente;Céu Claro;Simples;"Aclive;Curva";Sim;1;0;1;0;0;0;1;1;-20,14457249;-48,69054191;SPRF-MG;DEL13-MG;UOP02-DEL13-MG
708625;01/08/2025;sexta-feira;10:40:00;MG;40;272;SAO GONCALO DO ABAETE;Acessar a via sem observar a presença dos outros veículos;Colisão transversal;Com Vítimas Feridas;Pleno dia;Crescente;Céu Claro;Simples;Reta;Sim;2;0;0;1;1;0;1;2;-18,18646495;-45,25766373;SPRF-MG;DEL14-MG;UOP02-DEL14-MG
708626;01/08/2025;sexta-feira;12:00:00;SP;116;231;SAO PAULO;Ultrapassagem Indevida;Colisão lateral mesmo sentido;Com Vítimas Feridas;Pleno dia;Crescente;Céu Claro;Dupla;"Reta;Aclive";Sim;3;0;0;1;2;0;1;3;-23,5222;-46,585634;SPRF-SP;DEL01-SP;UOP01-DEL01-SP
708630;01/08/2025;sexta-feira;10:50:00;RJ;40;104;DUQUE DE CAXIAS;Acessar a via sem observar a presença dos outros veículos;Colisão transversal;Com Vítimas Feridas;Pleno dia;Crescente;Sol;Dupla;Reta;Não;2;0;0;1;1;0;1;2;-22,62814954;-43,28605277;SPRF-RJ;DEL01-RJ;UOP02-DEL01-RJ
708631;01/08/2025;sexta-feira;12:35:00;RJ;101;324;NITEROI;Ausência de reação do condutor;Tombamento;Com Vítimas Feridas;Pleno dia;Crescente;Céu Claro;Múltipla;Reta;Sim;3;0;1;0;2;0;1;3;-22,87617519;-43,11927795;SPRF-RJ;DEL02-RJ;UOP01-DEL02-RJ
708633;01/08/2025;sexta-feira;08:55:00;PR;277;725;FOZ DO IGUACU;Reação tardia ou ineficiente do condutor;Queda de ocupante de veículo;Com Vítimas Feridas;Pleno dia;Crescente;Céu Claro;Dupla;Reta;Sim;1;0;1;0;0;0;1;1;-25,51072825;-54,55140641;SPRF-PR;DEL05-PR;UOP03-DEL05-PR
708634;01/08/2025;sexta-feira;11:30:00;MG;381;182,5;PERIQUITO;Acessar a via sem observar a presença dos outros veículos;Colisão transversal;Com Vítimas Feridas;Pleno dia;Crescente;Céu Claro;Simples;Reta;Não;5;0;4;0;1;0;4;2;-19,16365419;-42,24208832;SPRF-MG;DEL06-MG;UOP01-DEL06-MG
708635;01/08/2025;sexta-feira;12:00:00;RJ;465;20;NOVA IGUACU;Trafegar com motocicleta (ou similar) entre as faixas;Colisão transversal;Com Vítimas Feridas;Pleno dia;Decrescente;Céu Claro;Simples;Reta;Não;3;0;2;0;1;0;2;3;-22,84879551;-43,60352246;SPRF-RJ;DEL06-RJ;UOP02-DEL06-RJ
708637;01/08/2025;sexta-feira;11:50:00;RJ;101;429;MANGARATIBA;Demais falhas mecânicas ou elétricas;Incêndio;Sem Vítimas;Pleno dia;Decrescente;Céu Claro;Simples;"Reta;Declive";Sim;1;0;0;0;1;0;0;1;-22,93760633;-44,01191711;SPRF-RJ;DEL03-RJ;UOP02-DEL03-RJ
708638;01/08/2025;sexta-feira;13:00:00;SC;101;147;ITAPEMA;Manobra de mudança de faixa;Colisão lateral mesmo sentido;Com Vítimas Feridas;Pleno dia;Crescente;Nublado;Dupla;Reta;Sim;3;0;1;1;1;0;2;2;-27,08858256;-48,61246197;SPRF-SC;DEL04-SC;UOP03-DEL04-SC
708641;01/08/2025;sexta-feira;13:40:00;SP;116;463;PARIQUERA-ACU;Reação tardia ou ineficiente do condutor;Tombamento;Com Vítimas Feridas;Pleno dia;Crescente;Céu Claro;Dupla;Reta;Não;1;0;1;0;0;0;1;1;-24,640152;-47,91343689;SPRF-SP;DEL05-SP;UOP01-DEL05-SP
708643;01/08/2025;sexta-feira;13:30:00;SP;116;146;SAO JOSE DOS CAMPOS;Ausência de reação do condutor;Colisão lateral mesmo sentido;Com Vítimas Feridas;Pleno dia;Decrescente;Sol;Dupla;Reta;Não;2;0;1;0;1;0;1;2;-23,19213129;-45,86476666;SPRF-SP;DEL02-SP;UOP01-DEL02-SP
708644;01/08/2025;sexta-feira;14:00:00;PB;230;24,4;JOAO PESSOA;Ausência de reação do condutor;Colisão traseira;Com Vítimas Feridas;Pleno dia;Decrescente;Sol;Dupla;Viaduto;Não;3;0;2;0;0;1;2;2;-7,167008;-34,863612;SPRF-PB;DEL01-PB;UOP01-DEL01-PB
708646;28/07/2025;segunda-feira;15:10:00;RJ;116;316;RESENDE;Ausência de reação do condutor;Queda de ocupante de veículo;Com Vítimas Feridas;Pleno dia;Decrescente;Céu Claro;Dupla;Reta;Sim;1;0;1;0;0;0;1;1;-22,463988;-44,484854;SPRF-RJ;DEL07-RJ;UOP02-DEL07-RJ
708652;01/08/2025;sexta-feira;15:15:00;MG;381;773,9;CAMPANHA;Reação tardia ou ineficiente do condutor;Colisão traseira;Com Vítimas Feridas;Pleno dia;Decrescente;Céu Claro;Dupla;Curva;Não;2;0;1;0;1;0;1;2;-21,78567957;-45,43535343;SPRF-MG;DEL16-MG;UOP02-DEL16-MG
708653;01/08/2025;sexta-feira;15:15:00;SC;282;20,4;PALHOCA;Acessar a via sem observar a presença dos outros veículos;Colisão transversal;Com Vítimas Feridas;Pleno dia;Crescente;Nublado;Simples;Interseção de Vias;Não;2;0;1;0;1;0;1;2;-27,6865718;-48,7133743;SPRF-SC;DEL01-SC;UOP02-DEL01-SC
708654;01/08/2025;sexta-feira;14:25:00;MT;163;713;SORRISO;Ingestão de álcool pelo condutor;Colisão traseira;Com Vítimas Feridas;Pleno dia;Crescente;Sol;Simples;Reta;Não;4;0;1;0;3;0;1;2;-12,865815;-55,834537;SPRF-MT;DEL06-MT;UOP01-DEL06-MT
708655;01/08/2025;sexta-feira;15:20:00;MG;262;516,6;LUZ;Acessar a via sem observar a presença dos outros veículos;Colisão transversal;Com Vítimas Feridas;Pleno dia;Crescente;Sol;Simples;Reta;Sim;3;0;1;0;2;0;1;2;-19,78323;-45,69086;SPRF-MG;DEL08-MG;UOP03-DEL08-MG
708656;04/07/2025;sexta-feira;18:15:00;RS;116;1;PORTO ALEGRE;Condutor deixou de manter distância do veículo da frente;Colisão lateral mesmo sentido;Com Vítimas Feridas;Plena Noite;Decrescente;Céu Claro;Dupla;Reta;Não;3;0;1;0;2;0;1;2;-29,98480631;-51,18118286;SPRF-RS;DEL01-RS;UOP01-DEL01-RS
708657;01/08/2025;sexta-feira;15:15:00;SC;101;199;SAO JOSE;Condutor deixou de manter distância do veículo da frente;Colisão traseira;Com Vítimas Feridas;Pleno dia;Decrescente;Céu Claro;Dupla;Reta;Sim;2;0;1;0;1;0;1;2;-27,5350582;-48,6314872;SPRF-SC;DEL01-SC;UOP01-DEL01-SC
708658;01/08/2025;sexta-feira;15:10:00;PR;277;75;SAO JOSE DOS PINHAIS;Condutor deixou de manter distância do veículo da frente;Colisão traseira;Sem Vítimas;Pleno dia;Crescente;Céu Claro;Dupla;Reta;Sim;3;0;0;0;3;0;0;3;-25,492169;-49,170961;SPRF-PR;DEL01-PR;UOP07-DEL01-PR
708659;01/08/2025;sexta-feira;13:20:00;AC;364;138;RIO BRANCO;Ausência de reação do condutor;Colisão lateral mesmo sentido;Com Vítimas Feridas;Pleno dia;Decrescente;Céu Claro;Dupla;Rotatória;Sim;2;0;1;0;1;0;1;2;-9,96086197;-67,85684109;SPRF-AC;DEL01-AC;UOP01-DEL01-AC
708663;01/08/2025;sexta-feira;13:10:00;BA;116;8,2;VITORIA DA CONQUISTA;Acessar a via sem observar a presença dos outros veículos;Colisão traseira;Com Vítimas Feridas;Pleno dia;Crescente;Céu Claro;Dupla;"Retorno Regulamentado;Reta";Sim;3;0;1;0;1;1;1;3;-14,84764098;-40,88584039;SPRF-BA;DEL08-BA;UOP01-DEL08-BA
708665;01/08/2025;sexta-feira;15:15:00;GO;153;375;SAO FRANCISCO DE GOIAS;Condutor usando celular;Tombamento;Com Vítimas Feridas;Pleno dia;Crescente;Céu Claro;Simples;"Aclive;Curva";Não;1;0;1;0;0;0;1;1;-15,893825;-49,238088;SPRF-GO;DEL02-GO;UOP02-DEL02-GO
708667;01/08/2025;sexta-feira;16:00:00;SC;101;203;SAO JOSE;Reação tardia ou ineficiente do condutor;Colisão traseira;Com Vítimas Feridas;Pleno dia;Decrescente;Nublado;Dupla;Declive;Não;2;0;1;0;1;0;1;2;-27,56482876;-48,61452341;SPRF-SC;DEL01-SC;UOP01-DEL01-SC
708668;01/08/2025;sexta-feira;16:15:00;SP;116;276;EMBU DAS ARTES;Demais falhas mecânicas ou elétricas;Tombamento;Com Vítimas Feridas;Pleno dia;Decrescente;Céu Claro;Dupla;Reta;Sim;1;0;1;0;0;0;1;1;-23,62103114;-46,8125945;SPRF-SP;DEL04-SP;UOP01-DEL04-SP
708669;01/08/2025;sexta-feira;16:14:00;MG;365;2,9;MONTES CLAROS;Acessar a via sem observar a presença dos outros veículos;Colisão transversal;Com Vítimas Feridas;Pleno dia;Crescente;Sol;Simples;"Reta;Interseção de Vias";Não;4;0;1;0;2;1;1;3;-16,7881049;-43,89343408;SPRF-MG;DEL12-MG;UOP01-DEL12-MG
708670;01/08/2025;sexta-feira;16:00:00;PB;101;52,9;MATARACA;Reação tardia ou ineficiente do condutor;Saída de leito carroçável;Com Vítimas Feridas;Pleno dia;Decrescente;Céu Claro;Dupla;Declive;Não;2;0;0;2;0;0;2;1;-6,54899408;-35,12260437;SPRF-PB;DEL01-PB;UOP03-DEL01-PB
708671;01/08/2025;sexta-feira;15:10:00;SP;116;62;GUARATINGUETA;Animais na Pista;Atropelamento de Animal;Com Vítimas Feridas;Pleno dia;Crescente;Céu Claro;Dupla;Reta;Não;1;0;1;0;0;0;1;1;-22,81298991;-45,17837562;SPRF-SP;DEL08-SP;UOP01-DEL08-SP
708672;01/08/2025;sexta-feira;15:10:00;RJ;40;120;DUQUE DE CAXIAS;Trafegar com motocicleta (ou similar) entre as faixas;Colisão lateral mesmo sentido;Com Vítimas Feridas;Pleno dia;Crescente;Céu Claro;Múltipla;Reta;Sim;4;0;2;0;2;0;2;2;-22,777593;-43,28606;SPRF-RJ;DEL01-RJ;UOP02-DEL01-RJ
708673;01/08/2025;sexta-feira;16:30:00;SP;116;419;JUQUIA;Reação tardia ou ineficiente do condutor;Tombamento;Com Vítimas Feridas;Pleno dia;Decrescente;Céu Claro;Dupla;Reta;Não;2;0;2;0;0;0;2;1;-24,33239469;-47,63671875;SPRF-SP;DEL05-SP;UOP01-DEL05-SP
708674;01/08/2025;sexta-feira;16:26:00;PE;232;283,6;SERTANIA;Ausência de reação do condutor;Saída de leito carroçável;Com Vítimas Feridas;Pleno dia;Crescente;Sol;Simples;Reta;Não;4;0;3;0;1;0;3;1;-8,335813;-37,321093;SPRF-PE;DEL04-PE;UOP02-DEL04-PE
708676;01/08/2025;sexta-feira;14:40:00;RJ;101;474;ANGRA DOS REIS;Condutor deixou de manter distância do veículo da frente;Colisão traseira;Com Vítimas Feridas;Pleno dia;Crescente;Céu Claro;Simples;Reta;Não;2;0;0;1;1;0;1;2;-22,99672752;-44,25087814;SPRF-RJ;DEL03-RJ;UOP03-DEL03-RJ
708677;01/08/2025;sexta-feira;16:18:00;MA;316;548,5;CAXIAS;Transitar na calçada;Queda de ocupante de veículo;Com Vítimas Feridas;Pleno dia;Decrescente;Céu Claro;Simples;"Reta;Interseção de Vias";Sim;2;0;1;0;1;0;1;1;-4,88603017;-43,37716699;SPRF-MA;DEL03-MA;UOP02-DEL03-MA
708679;01/08/2025;sexta-feira;16:40:00;SP;116;211,8;GUARULHOS;Avarias e/ou desgaste excessivo no pneu;Tombamento;Com Vítimas Feridas;Pleno dia;Crescente;Nublado;Múltipla;"Reta;Declive";Sim;1;0;1;0;0;0;1;1;-23,43515;-46,42662;SPRF-SP;DEL01-SP;UOP01-DEL01-SP
708680;01/08/2025;sexta-feira;16:45:00;AP;210;0;MACAPA;Reação tardia ou ineficiente do condutor;Colisão traseira;Com Vítimas Feridas;Pleno dia;Crescente;Céu Claro;Múltipla;Reta;Sim;3;0;0;1;2;0;1;2;0,07832635;-51,07039187;SPRF-AP;DEL01-AP;UOP01-DEL01-AP
708682;01/08/2025;sexta-feira;15:51:00;PE;232;4,8;RECIFE;Condutor deixou de manter distância do veículo da frente;Colisão traseira;Sem Vítimas;Pleno dia;Decrescente;Céu Claro;Dupla;"Declive;Viaduto";Sim;2;0;0;0;1;1;0;2;-8,06680532;-34,94213486;SPRF-PE;DEL01-PE;UOP01-DEL01-PE
708684;01/08/2025;sexta-feira;17:10:00;SP;101;41;UBATUBA;Retorno proibido;Colisão transversal;Com Vítimas Feridas;Pleno dia;Crescente;Céu Claro;Simples;Reta;Não;3;0;0;1;2;0;1;2;-23,4187936;-45,04366636;SPRF-SP;DEL06-SP;UOP01-DEL06-SP
708685;01/08/2025;sexta-feira;16:55:00;CE;222;203;FORQUILHA;Ultrapassagem Indevida;Saída de leito carroçável;Com Vítimas Feridas;Pleno dia;Crescente;Céu Claro;Simples;Curva;Não;4;0;1;2;1;0;3;1;-3,78484335;-40,24033897;SPRF-CE;DEL04-CE;UOP01-DEL04-CE
708686;01/08/2025;sexta-feira;17:30:00;RS;285;300;PASSO FUNDO;Acessar a via sem observar a presença dos outros veículos;Atropelamento de Pedestre;Com Vítimas Feridas;Pleno dia;Decrescente;Céu Claro;Simples;Reta;Não;2;0;1;0;1;0;1;2;-28,22709721;-52,44656174;SPRF-RS;DEL08-RS;UOP03-DEL08-RS
708687;01/08/2025;sexta-feira;17:45:00;RS;392;13,7;RIO GRANDE;Demais falhas mecânicas ou elétricas;Colisão traseira;Com Vítimas Feridas;Anoitecer;Crescente;Céu Claro;Dupla;Reta;Não;7;0;2;0;5;0;2;2;-32,053;-52,132;SPRF-RS;DEL07-RS;UOP02-DEL07-RS
708688;01/08/2025;sexta-feira;18:20:00;PI;343;8;PARNAIBA;Desrespeitar a preferência no cruzamento;Colisão transversal;Sem Vítimas;Plena Noite;Crescente;Nublado;Múltipla;"Reta;Interseção de Vias";Sim;3;0;0;0;3;0;0;2;-2,90024135;-41,72926831;SPRF-PI;DEL05-PI;UOP01-DEL05-PI
708689;01/08/2025;sexta-feira;18:05:00;PR;116;112;CURITIBA;Condutor deixou de manter distância do veículo da frente;Colisão traseira;Com Vítimas Feridas;Plena Noite;Crescente;Céu Claro;Dupla;Reta;Não;2;0;1;0;1;0;1;2;-25,55818493;-49,26839082;SPRF-PR;DEL01-PR;UOP03-DEL01-PR
708691;01/08/2025;sexta-feira;17:50:00;SC;116;5,8;MAFRA;Acessar a via sem observar a presença dos outros veículos;Colisão transversal;Com Vítimas Feridas;Anoitecer;Decrescente;Céu Claro;Simples;Interseção de Vias;Sim;3;0;2;0;1;0;2;2;-26,1455902;-49,82174126;SPRF-SC;DEL06-SC;UOP01-DEL06-SC
708692;01/08/2025;sexta-feira;17:50:00;BA;367;83;EUNAPOLIS;Reação tardia ou ineficiente do condutor;Queda de ocupante de veículo;Com Vítimas Feridas;Plena Noite;Decrescente;Nublado;Simples;"Reta;Interseção de Vias";Sim;1;0;1;0;0;0;1;1;-16,373495;-39,574648;SPRF-BA;DEL09-BA;UOP03-DEL09-BA
708694;01/08/2025;sexta-feira;18:20:00;ES;101;284,5;CARIACICA;Manobra de mudança de faixa;Colisão lateral mesmo sentido;Com Vítimas Feridas;Plena Noite;Crescente;Nublado;Dupla;Reta;Sim;2;0;1;0;1;0;1;2;-20,2506968;-40,3703938;SPRF-ES;DEL01-ES;UOP01-DEL01-ES
708695;01/08/2025;sexta-feira;18:50:00;SC;101;158;PORTO BELO;Manobra de mudança de faixa;Colisão lateral mesmo sentido;Com Vítimas Feridas;Plena Noite;Decrescente;Céu Claro;Dupla;Reta;Sim;3;0;1;1;1;0;2;2;-27,19119;-48,612396;SPRF-SC;DEL04-SC;UOP03-DEL04-SC
708696;01/08/2025;sexta-feira;18:00:00;SC;282;215;LAGES;Acessar a via sem observar a presença dos outros veículos;Colisão transversal;Com Vítimas Feridas;Pleno dia;Decrescente;Céu Claro;Simples;Rotatória;Sim;2;0;1;0;1;0;1;2;-27,7950323;-50,28445451;SPRF-SC;DEL05-SC;UOP01-DEL05-SC
708697;01/08/2025;sexta-feira;18:45:00;SC;101;188;BIGUACU;Trafegar com motocicleta (ou similar) entre as faixas;Queda de ocupante de veículo;Com Vítimas Feridas;Plena Noite;Crescente;Nublado;Dupla;Reta;Não;1;0;1;0;0;0;1;1;-27,45323507;-48,63505237;SPRF-SC;DEL01-SC;UOP01-DEL01-SC
708698;01/08/2025;sexta-feira;17:00:00;RO;364;526;ARIQUEMES;Reação tardia ou ineficiente do condutor;Colisão traseira;Com Vítimas Feridas;Pleno dia;Decrescente;Céu Claro;Simples;"Reta;Em Obras";Não;2;0;1;0;1;0;1;2;-9,88115246;-63,05722561;SPRF-RO;DEL03-RO;UOP01-DEL03-RO
708699;01/08/2025;sexta-feira;17:10:00;MS;163;128,3;NAVIRAI;Ausência de reação do condutor;Colisão traseira;Sem Vítimas;Anoitecer;Decrescente;Céu Claro;Simples;Reta;Não;3;0;0;0;3;0;0;2;-23,05201958;-54,24161983;SPRF-MS;DEL09-MS;UOP01-DEL09-MS
708701;01/08/2025;sexta-feira;18:20:00;PA;155;123;MARABA;Transitar no Acostamento;Colisão transversal;Com Vítimas Feridas;Plena Noite;Crescente;Céu Claro;Simples;Reta;Sim;3;0;1;0;2;0;1;3;-5,376426;-49,139589;SPRF-PA;DEL03-PA;UOP01-DEL03-PA
708702;01/08/2025;sexta-feira;18:30:00;GO;60;371;RIO VERDE;Acessar a via sem observar a presença dos outros veículos;Colisão transversal;Com Vítimas Feridas;Plena Noite;Decrescente;Céu Claro;Dupla;"Retorno Regulamentado;Declive";Não;6;0;4;0;2;0;4;2;-17,71203;-50,852332;SPRF-GO;DEL04-GO;UOP02-DEL04-GO
708704;01/08/2025;sexta-feira;09:03:00;CE;116;16;EUSEBIO;Condutor deixou de manter distância do veículo da frente;Colisão traseira;Com Vítimas Feridas;Pleno dia;Decrescente;Céu Claro;Múltipla;Reta;Sim;2;0;1;0;1;0;1;2;-3,90188475;-38,50440139;SPRF-CE;DEL01-CE;UOP02-DEL01-CE
708705;01/08/2025;sexta-feira;18:30:00;RJ;101;38;CAMPOS DOS GOYTACAZES;Condutor usando celular;Colisão frontal;Com Vítimas Feridas;Plena Noite;Crescente;Céu Claro;Simples;Reta;Sim;6;0;6;0;0;0;6;2;-21,54055;-41,341812;SPRF-RJ;DEL08-RJ;UOP01-DEL08-RJ
708706;01/08/2025;sexta-feira;19:00:00;SC;101;206,7;SAO JOSE;Manobra de mudança de faixa;Colisão lateral mesmo sentido;Com Vítimas Feridas;Plena Noite;Crescente;Céu Claro;Múltipla;Reta;Sim;2;0;1;0;1;0;1;2;-27,594558;-48,619262;SPRF-SC;DEL01-SC;UOP01-DEL01-SC
708707;01/08/2025;sexta-feira;17:40:00;ES;101;147;LINHARES;Ausência de reação do condutor;Tombamento;Com Vítimas Feridas;Plena Noite;Crescente;Céu Claro;Múltipla;Reta;Não;2;0;1;0;1;0;1;1;-19,3831121;-40,06676165;SPRF-ES;DEL04-ES;UOP01-DEL04-ES
708708;01/08/2025;sexta-feira;17:30:00;RJ;116;223,6;PARACAMBI;Avarias e/ou desgaste excessivo no pneu;Queda de ocupante de veículo;Com Vítimas Feridas;Plena Noite;Crescente;Céu Claro;Dupla;Reta;Não;2;0;1;0;1;0;1;1;-22,65694775;-43,82291794;SPRF-RJ;DEL06-RJ;UOP02-DEL06-RJ
708709;01/08/2025;sexta-feira;14:40:00;SC;163;66,8;SAO MIGUEL DO OESTE;Desrespeitar a preferência no cruzamento;Colisão transversal;Sem Vítimas;Pleno dia;Decrescente;Céu Claro;Simples;"Interseção de Vias;Rotatória";Sim;3;0;0;0;3;0;0;2;-26,76092936;-53,5005641;SPRF-SC;DEL07-SC;UOP03-DEL07-SC
708710;01/08/2025;sexta-feira;18:40:00;MG;381;447,6;BELO HORIZONTE;Transitar no Acostamento;Colisão transversal;Com Vítimas Feridas;Plena Noite;Decrescente;Céu Claro;Simples;Reta;Sim;4;0;3;0;1;0;3;3;-19,83989776;-43,8771509;SPRF-MG;DEL01-MG;UOP01-DEL01-MG
708711;01/08/2025;sexta-feira;15:30:00;MG;116;303;ITAMBACURI;Estacionar ou parar em local proibido;Colisão traseira;Com Vítimas Feridas;Pleno dia;Decrescente;Céu Claro;Simples;Curva;Não;2;0;1;0;1;0;1;2;-18,01705318;-41,64064972;SPRF-MG;DEL11-MG;UOP01-DEL11-MG
708712;01/08/2025;sexta-feira;19:00:00;PR;277;77;SAO JOSE DOS PINHAIS;Condutor deixou de manter distância do veículo da frente;Colisão traseira;Com Vítimas Feridas;Anoitecer;Crescente;Céu Claro;Dupla;Reta;Sim;2;0;1;0;1;0;1;2;-25,48538119;-49,18623861;SPRF-PR;DEL01-PR;UOP07-DEL01-PR
708713;01/08/2025;sexta-feira;18:00:00;BA;101;714,2;EUNAPOLIS;Acessar a via sem observar a presença dos outros veículos;Atropelamento de Pedestre;Com Vítimas Feridas;Plena Noite;Decrescente;Céu Claro;Simples;Reta;Sim;2;0;1;0;0;1;1;2;-16,34739355;-39,58024174;SPRF-BA;DEL09-BA;UOP01-DEL09-BA