id;data_inversa;dia_semana;horario;uf;br;km;municipio;causa_acidente;tipo_acidente;classificacao_acidente;fase_dia;sentido_via;condicao_metereologica;tipo_pista;tracado_via;uso_solo;pessoas;mortos;feridos_leves;feridos_graves;ilesos;ignorados;feridos;veiculos;latitude;longitude;regional;delegacia;uop
708942;02/08/2025;sábado;18:50:00;MG;365;626;UBERLANDIA;Velocidade Incompatível;Colisão lateral mesmo sentido;Com Vítimas Feridas;Plena Noite;Crescente;Céu Claro;Dupla;Reta;Sim;4;0;1;1;2;0;2;2;-18,908894;-48,310277;SPRF-MG;DEL15-MG;UOP01-DEL15-MG
708943;02/08/2025;sábado;19:45:00;SE;235;37;AREIA BRANCA;Ingestão de álcool pelo condutor;Colisão frontal;Com Vítimas Feridas;Plena Noite;Crescente;Nublado;Simples;Curva;Não;5;0;3;1;1;0;4;2;-10,77016;-37,340809;SPRF-SE;DEL01-SE;UOP02-DEL01-SE
708944;02/08/2025;sábado;18:15:00;BA;101;329;PRESIDENTE TANCREDO NEVES;Acessar a via sem observar a presença dos outros veículos;Colisão transversal;Com Vítimas Feridas;Plena Noite;Crescente;Céu Claro;Simples;Reta;Não;2;0;0;1;0;1;1;2;-13,47153164;-39,4184866;SPRF-BA;DEL05-BA;UOP03-DEL05-BA
708946;02/08/2025;sábado;19:40:00;RS;285;448,3;BOZANO;Afundamento ou ondulação no pavimento;Colisão frontal;Com Vítimas Feridas;Plena Noite;Crescente;Nublado;Simples;Reta;Não;4;0;1;0;3;0;1;2;-28,36708434;-53,816185;SPRF-RS;DEL10-RS;UOP01-DEL10-RS
708948;02/08/2025;sábado;20:30:00;MG;381;449;SANTA LUZIA;Manobra de mudança de faixa;Colisão traseira;Com Vítimas Feridas;Plena Noite;Crescente;Céu Claro;Dupla;Reta;Sim;3;0;2;0;1;0;2;2;-19,82775648;-43,8457489;SPRF-MG;DEL01-MG;UOP01-DEL01-MG
708950;02/08/2025;sábado;12:30:00;BA;324;449;RIACHAO DO JACUIPE;Ausência de reação do condutor;Saída de leito carroçável;Com Vítimas Feridas;Pleno dia;Crescente;Céu Claro;Simples;Reta;Não;2;0;1;1;0;0;2;1;-11,87562349;-39,30558777;SPRF-BA;DEL04-BA;UOP02-DEL04-BA
708951;02/08/2025;sábado;20:25:00;SC;470;147,3;LAURENTINO;Velocidade Incompatível;Capotamento;Com Vítimas Fatais;Plena Noite;Decrescente;Céu Claro;Simples;Reta;Não;1;1;0;0;0;0;0;1;-27,243245;-49,68979;SPRF-SC;DEL04-SC;UOP02-DEL04-SC
708952;02/08/2025;sábado;19:00:00;MG;381;492;BETIM;Pedestre cruzava a pista fora da faixa;Atropelamento de Pedestre;Com Vítimas Feridas;Plena Noite;Crescente;Céu Claro;Múltipla;Reta;Sim;3;0;0;1;2;0;1;2;-19,96274621;-44,16539227;SPRF-MG;DEL01-MG;UOP03-DEL01-MG
708953;02/08/2025;sábado;16:50:00;RO;364;815;PORTO VELHO;Reação tardia ou ineficiente do condutor;Saída de leito carroçável;Com Vítimas Feridas;Pleno dia;Crescente;Céu Claro;Simples;Reta;Não;1;0;0;1;0;0;1;1;-8,7916544;-63,8582784;SPRF-RO;DEL01-RO;UOP02-DEL01-RO
708954;02/08/2025;sábado;19:45:00;MG;381;481;CONTAGEM;Ingestão de álcool pelo condutor;Colisão traseira;Com Vítimas Feridas;Plena Noite;Crescente;Céu Claro;Múltipla;Declive;Sim;3;0;0;2;1;0;2;2;-19,96104;-44,05263;SPRF-MG;DEL01-MG;UOP03-DEL01-MG
708955;02/08/2025;sábado;20:40:00;MG;40;666,8;CARANDAI;Desrespeitar a preferência no cruzamento;Colisão transversal;Com Vítimas Feridas;Plena Noite;Crescente;Céu Claro;Simples;Interseção de Vias;Sim;2;0;1;0;1;0;1;2;-20,94842774;-43,79709274;SPRF-MG;DEL05-MG;UOP02-DEL05-MG
708957;02/08/2025;sábado;20:43:00;PB;230;25;JOAO PESSOA;Ausência de reação do condutor;Tombamento;Com Vítimas Feridas;Plena Noite;Crescente;Céu Claro;Simples;"Declive;Reta";Sim;1;0;1;0;0;0;1;1;-7,16924062;-34,87566769;SPRF-PB;DEL01-PB;UOP01-DEL01-PB
708958;02/08/2025;sábado;18:25:00;SC;470;273,9;BRUNOPOLIS;Acessar a via sem observar a presença dos outros veículos;Colisão transversal;Com Vítimas Fatais;Plena Noite;Crescente;Céu Claro;Simples;Curva;Não;4;1;2;0;1;0;2;2;-27,3281556;-50,8082894;SPRF-SC;DEL07-SC;UOP06-DEL07-SC
708960;02/08/2025;sábado;20:20:00;PR;376;112;PARANAVAI;Ausência de reação do condutor;Capotamento;Com Vítimas Feridas;Plena Noite;Decrescente;Céu Claro;Dupla;Reta;Não;1;0;1;0;0;0;1;1;-23,0870595;-52,3990509;SPRF-PR;DEL09-PR;UOP02-DEL09-PR
708961;02/08/2025;sábado;19:25:00;SC;101;60,4;ARAQUARI;Ultrapassagem Indevida;Colisão lateral mesmo sentido;Com Vítimas Fatais;Plena Noite;Crescente;Céu Claro;Dupla;Curva;Não;5;1;0;0;3;1;0;5;-26,452728;-48,782707;SPRF-SC;DEL03-SC;UOP02-DEL03-SC
708962;02/08/2025;sábado;21:20:00;PR;369;132,5;IBIPORA;Reação tardia ou ineficiente do condutor;Saída de leito carroçável;Com Vítimas Feridas;Plena Noite;Crescente;Céu Claro;Dupla;Aclive;Sim;3;0;2;0;1;0;2;1;-23,260158;-51,006953;SPRF-PR;DEL07-PR;UOP01-DEL07-PR
708963;02/08/2025;sábado;20:45:00;PE;407;128,8;PETROLINA;Condutor deixou de manter distância do veículo da frente;Colisão traseira;Com Vítimas Feridas;Plena Noite;Crescente;Céu Claro;Dupla;Rotatória;Sim;2;0;0;1;1;0;1;2;-9,399068;-40,505483;SPRF-PE;DEL06-PE;UOP01-DEL06-PE
708966;02/08/2025;sábado;14:30:00;PA;230;140;MARABA;Reação tardia ou ineficiente do condutor;Colisão transversal;Com Vítimas Feridas;Pleno dia;Crescente;Céu Claro;Simples;"Declive;Reta";Não;3;0;2;0;1;0;2;2;-5,314797;-49,247505;SPRF-PA;DEL03-PA;UOP01-DEL03-PA
708967;02/08/2025;sábado;20:00:00;MG;381;539,2;ITATIAIUCU;Conversão proibida;Colisão lateral mesmo sentido;Com Vítimas Feridas;Plena Noite;Crescente;Céu Claro;Simples;Interseção de Vias;Sim;3;0;2;0;0;1;2;2;-20,2268799;-44,39580409;SPRF-MG;DEL04-MG;UOP03-DEL04-MG
708968;02/08/2025;sábado;20:45:00;RJ;495;27;PETROPOLIS;Velocidade Incompatível;Colisão lateral sentido oposto;Sem Vítimas;Plena Noite;Decrescente;Vento;Simples;Curva;Não;5;0;0;0;5;0;0;2;-22,3993837;-43,10927868;SPRF-RJ;DEL05-RJ;UOP02-DEL05-RJ
708971;02/08/2025;sábado;17:20:00;GO;70;1;AGUAS LINDAS DE GOIAS;Manobra de mudança de faixa;Colisão traseira;Com Vítimas Feridas;Anoitecer;Crescente;Céu Claro;Dupla;"Curva;Aclive";Não;3;0;2;0;1;0;2;2;-15,78284266;-48,2332764;SPRF-DF;DEL03-DF;UOP02-DEL03-DF
708972;02/08/2025;sábado;21:40:00;PR;163;278;MARECHAL CANDIDO RONDON;Ingestão de álcool pelo condutor;Saída de leito carroçável;Sem Vítimas;Plena Noite;Crescente;Céu Claro;Dupla;"Declive;Reta";Não;1;0;0;0;1;0;0;1;-24,56842029;-54,01614754;SPRF-PR;DEL06-PR;UOP02-DEL06-PR
708973;02/08/2025;sábado;21:55:00;GO;153;518,8;HIDROLANDIA;Ausência de reação do condutor;Saída de leito carroçável;Sem Vítimas;Plena Noite;Decrescente;Céu Claro;Dupla;Reta;Não;1;0;0;0;1;0;0;1;-16,85488947;-49,24773502;SPRF-GO;DEL01-GO;UOP03-DEL01-GO
708974;02/08/2025;sábado;21:25:00;RS;290;134;ELDORADO DO SUL;Transitar na contramão;Colisão frontal;Com Vítimas Fatais;Plena Noite;Decrescente;Nublado;Simples;Reta;Não;4;2;1;0;0;1;1;3;-30,0662766;-51,5575657;SPRF-RS;DEL02-RS;UOP01-DEL02-RS
708976;02/08/2025;sábado;22:10:00;PE;101;31,2;ITAPISSUMA;Transitar no Acostamento;Tombamento;Com Vítimas Fatais;Plena Noite;Crescente;Nublado;Dupla;Reta;Sim;1;1;0;0;0;0;0;1;-7,745794;-34,93824;SPRF-PE;DEL01-PE;UOP02-DEL01-PE
708977;02/08/2025;sábado;20:05:00;MG;262;31;REDUTO;Velocidade Incompatível;Colisão frontal;Com Vítimas Feridas;Plena Noite;Crescente;Céu Claro;Simples;"Declive;Curva";Não;5;0;1;3;1;0;4;2;-20,253841;-41,997153;SPRF-MG;DEL06-MG;UOP03-DEL06-MG
708978;02/08/2025;sábado;22:00:00;AL;316;110;CACIMBINHAS;Ausência de reação do condutor;Colisão traseira;Com Vítimas Fatais;Plena Noite;Crescente;Chuva;Simples;Reta;Não;6;3;0;2;0;1;2;2;-9,39766565;-37,00864792;SPRF-AL;DEL03-AL;UOP01-DEL03-AL
708979;02/08/2025;sábado;20:40:00;PE;101;206,3;XEXEU;Velocidade Incompatível;Colisão frontal;Com Vítimas Feridas;Plena Noite;Crescente;Céu Claro;Dupla;Reta;Não;1;0;0;1;0;0;1;1;-8,81686;-35,63751;SPRF-PE;DEL01-PE;UOP03-DEL01-PE
708980;02/08/2025;sábado;18:30:00;RJ;493;88;JAPERI;Acessar a via sem observar a presença dos outros veículos;Colisão traseira;Com Vítimas Feridas;Plena Noite;Crescente;Céu Claro;Dupla;Reta;Não;5;0;3;0;2;0;3;2;-22,66661066;-43,63220215;SPRF-RJ;DEL01-RJ;UOP03-DEL01-RJ
708981;02/08/2025;sábado;22:40:00;SP;116;147;SAO JOSE DOS CAMPOS;Ausência de reação do condutor;Capotamento;Com Vítimas Feridas;Plena Noite;Crescente;Nublado;Múltipla;Reta;Sim;2;0;1;1;0;0;2;1;-23,19528065;-45,86997986;SPRF-SP;DEL02-SP;UOP01-DEL02-SP
708982;02/08/2025;sábado;21:15:00;RJ;101;58;CAMPOS DOS GOYTACAZES;Acessar a via sem observar a presença dos outros veículos;Colisão transversal;Com Vítimas Feridas;Plena Noite;Decrescente;Céu Claro;Simples;"Reta;Interseção de Vias";Sim;3;0;2;0;0;1;2;2;-21,713055;-41,308435;SPRF-RJ;DEL08-RJ;UOP01-DEL08-RJ
708983;02/08/2025;sábado;21:30:00;RJ;40;106;DUQUE DE CAXIAS;Ausência de reação do condutor;Queda de ocupante de veículo;Com Vítimas Feridas;Plena Noite;Crescente;Céu Claro;Simples;Reta;Sim;1;0;1;0;0;0;1;1;-22,6494186;-43,2838982;SPRF-RJ;DEL01-RJ;UOP02-DEL01-RJ
708986;02/08/2025;sábado;18:20:00;MG;116;506,1;UBAPORANGA;Suicídio (presumido);Atropelamento de Pedestre;Com Vítimas Fatais;Plena Noite;Crescente;Céu Claro;Simples;Reta;Não;6;1;0;0;4;1;0;2;-19,61429349;-42,11221486;SPRF-MG;DEL06-MG;UOP02-DEL06-MG
708987;02/08/2025;sábado;19:02:00;MS;267;482,7;JARDIM;Condutor deixou de manter distância do veículo da frente;Colisão lateral mesmo sentido;Com Vítimas Feridas;Plena Noite;Crescente;Céu Claro;Simples;Reta;Sim;3;0;1;1;1;0;2;2;-21,48119964;-56,15476934;SPRF-MS;DEL05-MS;UOP01-DEL05-MS
708988;02/08/2025;sábado;22:35:00;PR;469;1;FOZ DO IGUACU;Ingestão de álcool pelo condutor;Saída de leito carroçável;Com Vítimas Feridas;Plena Noite;Decrescente;Céu Claro;Dupla;"Em Obras;Rotatória";Sim;1;0;1;0;0;0;1;1;-25,57659826;-54,55433965;SPRF-PR;DEL05-PR;UOP04-DEL05-PR
708990;02/08/2025;sábado;21:40:00;PR;277;485;NOVA LARANJEIRAS;Frear bruscamente;Queda de ocupante de veículo;Com Vítimas Feridas;Plena Noite;Decrescente;Céu Claro;Simples;Curva;Não;1;0;1;0;0;0;1;1;-25,248936;-52,629516;SPRF-PR;DEL04-PR;UOP02-DEL04-PR
708991;02/08/2025;sábado;21:15:00;SC;470;47;BLUMENAU;Ingestão de álcool pelo condutor;Saída de leito carroçável;Sem Vítimas;Plena Noite;Decrescente;Ignorado;Simples;"Em Obras;Curva";Sim;2;0;0;0;2;0;0;1;-26,86408459;-49,04656291;SPRF-SC;DEL04-SC;UOP01-DEL04-SC
708993;02/08/2025;sábado;21:33:00;SC;101;286;IMBITUBA;Reação tardia ou ineficiente do condutor;Colisão com objeto;Sem Vítimas;Plena Noite;Decrescente;Céu Claro;Dupla;Reta;Não;1;0;0;0;0;1;0;1;-28,249414;-48,700993;SPRF-SC;DEL02-SC;UOP03-DEL02-SC
708994;02/08/2025;sábado;23:00:00;SP;116;210,5;GUARULHOS;Manobra de mudança de faixa;Colisão traseira;Com Vítimas Feridas;Plena Noite;Crescente;Nublado;Múltipla;Reta;Sim;3;0;2;0;0;1;2;2;-23,429666;-46,413952;SPRF-SP;DEL01-SP;UOP01-DEL01-SP
708995;02/08/2025;sábado;17:20:00;MG;365;163;PIRAPORA;Transitar na contramão;Colisão frontal;Com Vítimas Fatais;Pleno dia;Crescente;Céu Claro;Simples;Reta;Não;8;1;7;0;0;0;7;2;-17,36496;-44,93098;SPRF-MG;DEL10-MG;UOP02-DEL010-MG
708996;02/08/2025;sábado;23:00:00;CE;222;2;CAUCAIA;Condutor desrespeitou a iluminação vermelha do semáforo;Colisão transversal;Com Vítimas Feridas;Pleno dia;Crescente;Céu Claro;Múltipla;Reta;Não;2;0;1;0;1;0;1;2;-3,74264796;-38,60943317;SPRF-CE;DEL01-CE;UOP01-DEL01-CE
708999;02/08/2025;sábado;23:00:00;MG;381;483,3;BETIM;Ausência de reação do condutor;Tombamento;Com Vítimas Feridas;Plena Noite;Crescente;Céu Claro;Múltipla;"Declive;Curva";Sim;2;0;1;0;0;1;1;1;-19,959138;-44,081093;SPRF-MG;DEL01-MG;UOP03-DEL01-MG
709000;02/08/2025;sábado;18:40:00;SC;282;119,5;BOM RETIRO;Transitar na contramão;Colisão lateral sentido oposto;Com Vítimas Fatais;Plena Noite;Crescente;Céu Claro;Simples;Reta;Não;8;1;1;0;5;1;1;4;-27,79074;-49,41628;SPRF-SC;DEL05-SC;UOP01-DEL05-SC
709001;02/08/2025;sábado;22:00:00;SC;470;332,1;CAMPOS NOVOS;Ausência de reação do condutor;Capotamento;Com Vítimas Feridas;Plena Noite;Crescente;Céu Claro;Simples;Reta;Não;1;0;1;0;0;0;1;1;-27,486825;-51,319673;SPRF-SC;DEL07-SC;UOP06-DEL07-SC
709002;02/08/2025;sábado;19:00:00;RO;421;52;MONTE NEGRO;Pedestre - Ingestão de álcool/ substâncias psicoativas;Colisão traseira;Com Vítimas Feridas;Plena Noite;Crescente;Céu Claro;Simples;Reta;Não;3;0;1;1;0;1;2;2;-10,25867966;-63,2881758;SPRF-RO;DEL03-RO;UOP01-DEL03-RO
709003;02/08/2025;sábado;22:16:00;MT;163;753;SORRISO;Ingestão de álcool pelo condutor;Saída de leito carroçável;Com Vítimas Feridas;Plena Noite;Decrescente;Céu Claro;Dupla;"Reta;Retorno Regulamentado";Sim;3;0;1;0;2;0;1;2;-12,54269258;-55,70816869;SPRF-MT;DEL06-MT;UOP01-DEL06-MT
709005;02/08/2025;sábado;22:40:00;RR;174;490;BOA VISTA;Pista esburacada;Queda de ocupante de veículo;Com Vítimas Feridas;Plena Noite;Crescente;Céu Claro;Simples;Reta;Não;2;0;1;0;1;0;1;1;2,71960198;-60,82450206;SPRF-RR;DEL01-RR;UOP01-DEL01-RR
709006;02/08/2025;sábado;22:30:00;MA;316;407;ALTO ALEGRE DO MARANHAO;Ingestão de álcool pelo condutor;Colisão lateral sentido oposto;Com Vítimas Feridas;Plena Noite;Crescente;Céu Claro;Simples;Reta;Não;2;0;1;0;1;0;1;2;-4,21643399;-44,44957059;SPRF-MA;DEL03-MA;UOP01-DEL03-MA
709007;02/08/2025;sábado;23:25:00;ES;101;421,5;ATILIO VIVACQUA;Ingestão de álcool pelo condutor;Colisão com objeto;Com Vítimas Feridas;Plena Noite;Crescente;Nublado;Simples;Curva;Não;2;0;1;0;1;0;1;1;-20,9772395;-41,1116758;SPRF-ES;DEL03-ES;UOP02-DEL03-ES
709008;02/08/2025;sábado;23:10:00;PR;153;335;IRATI;Ultrapassagem Indevida;Colisão lateral mesmo sentido;Com Vítimas Feridas;Plena Noite;Decrescente;Nublado;Simples;Reta;Não;5;0;0;1;4;0;1;2;-25,49347838;-50,64664006;SPRF-PR;DEL08-PR;UOP02-DEL08-PR
709009;02/08/2025;sábado;22:40:00;SP;101;49;UBATUBA;Ingestão de álcool pelo condutor;Colisão frontal;Com Vítimas Feridas;Plena Noite;Decrescente;Céu Claro;Simples;Reta;Sim;2;0;0;1;1;0;1;2;-23,44319182;-45,08477775;SPRF-SP;DEL06-SP;UOP01-DEL06-SP
709010;02/08/2025;sábado;12:00:00;RO;364;956;PORTO VELHO;Reação tardia ou ineficiente do condutor;Saída de leito carroçável;Com Vítimas Fatais;Pleno dia;Crescente;Céu Claro;Simples;"Curva;Em Obras";Não;1;1;0;0;0;0;0;1;-9,64705708;-65,60043454;SPRF-RO;DEL01-RO;UOP03-DEL01-RO
709013;03/08/2025;domingo;00:23:00;SC;101;194,1;BIGUACU;Transitar na contramão;Colisão lateral sentido oposto;Com Vítimas Feridas;Plena Noite;Decrescente;Nublado;Múltipla;Curva;Sim;5;0;0;2;3;0;2;3;-27,49907;-48,65592;SPRF-SC;DEL01-SC;UOP01-DEL01-SC
709016;03/08/2025;domingo;00:10:00;PR;116;0;QUATRO BARRAS;Ingestão de álcool pelo condutor;Saída de leito carroçável;Sem Vítimas;Plena Noite;Crescente;Céu Claro;Dupla;"Curva;Viaduto;Declive;Interseção de Vias";Não;1;0;0;0;1;0;0;1;-25,34590133;-49,04388841;SPRF-PR;DEL01-PR;UOP02-DEL01-PR
709019;02/08/2025;sábado;22:00:00;MS;419;63;RIO NEGRO;Animais na Pista;Atropelamento de Animal;Com Vítimas Feridas;Plena Noite;Crescente;Céu Claro;Simples;Reta;Não;1;0;1;0;0;0;1;1;-19,346285;-54,988831;SPRF-MS;DEL06-MS;UOP02-DEL06-MS
709020;02/08/2025;sábado;20:40:00;GO;70;474;ARAGARCAS;Acessar a via sem observar a presença dos outros veículos;Colisão transversal;Com Vítimas Feridas;Plena Noite;Decrescente;Céu Claro;Dupla;Rotatória;Sim;2;0;0;1;1;0;1;2;-15,89598299;-52,25148737;SPRF-GO;DEL04-GO;UOP02-DEL04-GO
709021;03/08/2025;domingo;00:10:00;SC;101;329;TUBARAO;Ingestão de álcool pelo condutor;Colisão com objeto;Sem Vítimas;Plena Noite;Decrescente;Céu Claro;Dupla;Curva;Não;1;0;0;0;0;1;0;1;-28,452278;-48,974152;SPRF-SC;DEL02-SC;UOP01-DEL02-SC
709022;03/08/2025;domingo;02:05:00;SP;116;307;SAO LOURENCO DA SERRA;Ausência de reação do condutor;Colisão com objeto;Sem Vítimas;Plena Noite;Decrescente;Céu Claro;Dupla;Reta;Sim;5;0;0;0;5;0;0;1;-23,85883789;-46,94423676;SPRF-SP;DEL04-SP;UOP01-DEL04-SP
709023;03/08/2025;domingo;00:45:00;CE;222;206;SOBRAL;Transitar na contramão;Colisão frontal;Com Vítimas Fatais;Plena Noite;Crescente;Céu Claro;Simples;Reta;Não;2;1;0;0;1;0;0;2;-3,7257216;-40,337408;SPRF-CE;DEL04-CE;UOP01-DEL04-CE
709025;03/08/2025;domingo;02:30:00;SC;101;447;SANTA ROSA DO SUL;Ingestão de álcool pelo condutor;Colisão traseira;Com Vítimas Feridas;Plena Noite;Decrescente;Nublado;Múltipla;Reta;Não;3;0;1;0;2;0;1;2;-29,157195;-49,732603;SPRF-SC;DEL02-SC;UOP02-DEL02-SC
709026;03/08/2025;domingo;02:00:00;PB;230;374;CONDADO;Ingestão de álcool pelo condutor;Saída de leito carroçável;Com Vítimas Feridas;Plena Noite;Crescente;Céu Claro;Simples;"Ponte;Reta";Não;1;0;0;1;0;0;1;1;-6,908022;-37,58847;SPRF-PB;DEL03-PB;UOP02-DEL03-PB
709027;03/08/2025;domingo;03:30:00;SP;116;222,1;GUARULHOS;Ausência de reação do condutor;Colisão com objeto;Com Vítimas Feridas;Plena Noite;Crescente;Nublado;Múltipla;Reta;Sim;2;0;2;0;0;0;2;1;-23,47504512;-46,52450021;SPRF-SP;DEL01-SP;UOP01-DEL01-SP
709028;03/08/2025;domingo;03:25:00;PR;376;177,8;MARINGA;Ausência de reação do condutor;Colisão com objeto;Com Vítimas Feridas;Plena Noite;Crescente;Céu Claro;Dupla;Reta;Sim;1;0;1;0;0;0;1;1;-23,41549597;-51,92446844;SPRF-PR;DEL09-PR;UOP01-DEL09-PR
709029;03/08/2025;domingo;03:40:00;ES;259;104;BAIXO GUANDU;Ingestão de álcool pelo condutor;Colisão lateral sentido oposto;Com Vítimas Feridas;Plena Noite;Crescente;Céu Claro;Simples;Curva;Não;3;0;2;0;0;1;2;2;-19,5083467;-41,0343139;SPRF-ES;DEL02-ES;UOP01-DEL02-ES
709031;02/08/2025;sábado;23:30:00;PB;104;22;CUITE;Animais na Pista;Atropelamento de Animal;Com Vítimas Fatais;Plena Noite;Decrescente;Garoa/Chuvisco;Simples;Reta;Não;1;1;0;0;0;0;0;1;-6,595387;-36,139177;SPRF-PB;DEL02-PB;UOP04-DEL02-PB
709034;02/08/2025;sábado;09:00:00;MG;40;495;PEDRO LEOPOLDO;Velocidade Incompatível;Queda de ocupante de veículo;Com Vítimas Feridas;Pleno dia;Decrescente;Céu Claro;Dupla;"Reta;Aclive";Não;1;0;1;0;0;0;1;1;-19,668638;-44,19451;SPRF-MG;DEL02-MG;UOP01-DEL02-MG
709035;03/08/2025;domingo;04:30:00;SC;101;204,6;SAO JOSE;Ausência de reação do condutor;Colisão com objeto;Com Vítimas Feridas;Plena Noite;Decrescente;Nublado;Múltipla;Reta;Sim;2;0;1;0;0;1;1;1;-27,57954;-48,61446;SPRF-SC;DEL01-SC;UOP01-DEL01-SC
709038;03/08/2025;domingo;05:30:00;PR;153;483;GENERAL CARNEIRO;Velocidade Incompatível;Saída de leito carroçável;Com Vítimas Feridas;Plena Noite;Crescente;Nublado;Simples;Curva;Não;1;0;0;1;0;0;1;1;-26,3803;-51,264987;SPRF-PR;DEL02-PR;UOP03-DEL02-PR
709039;03/08/2025;domingo;05:45:00;MG;50;85;UBERLANDIA;Ingestão de álcool pelo condutor;Saída de leito carroçável;Com Vítimas Feridas;Amanhecer;Crescente;Céu Claro;Dupla;Reta;Não;1;0;1;0;0;0;1;1;-18,9696621;-48,2295571;SPRF-MG;DEL15-MG;UOP01-DEL15-MG
709040;02/08/2025;sábado;12:35:00;SC;282;383,5;HERVAL DOESTE;Velocidade Incompatível;Saída de leito carroçável;Com Vítimas Feridas;Pleno dia;Crescente;Sol;Simples;"Declive;Curva";Não;1;0;1;0;0;0;1;1;-27,1953922;-51,5063221;SPRF-SC;DEL07-SC;UOP05-DEL07-SC
709041;03/08/2025;domingo;05:20:00;CE;116;46;PACAJUS;Ausência de reação do condutor;Colisão traseira;Com Vítimas Feridas;Pleno dia;Decrescente;Céu Claro;Dupla;Reta;Não;4;0;1;3;0;0;4;4;-4,1451594;-38,4782571;SPRF-CE;DEL01-CE;UOP02-DEL01-CE
709042;02/08/2025;sábado;11:10:00;GO;60;122;TEREZOPOLIS DE GOIAS;Demais falhas mecânicas ou elétricas;Queda de ocupante de veículo;Com Vítimas Feridas;Pleno dia;Decrescente;Céu Claro;Dupla;Reta;Não;2;0;0;2;0;0;2;1;-16,50368655;-49,11249161;SPRF-GO;DEL01-GO;UOP01-DEL01-GO
709043;03/08/2025;domingo;05:00:00;RS;470;175;VERANOPOLIS;Ingestão de álcool pelo condutor;Saída de leito carroçável;Sem Vítimas;Plena Noite;Decrescente;Céu Claro;Simples;Curva;Sim;1;0;0;0;1;0;0;1;-28,92305353;-51,53815119;SPRF-RS;DEL06-RS;UOP02-DEL06-RS
709045;03/08/2025;domingo;07:00:00;SP;116;215,2;GUARULHOS;Ingestão de álcool pelo condutor;Colisão com objeto;Sem Vítimas;Pleno dia;Decrescente;Céu Claro;Múltipla;Reta;Sim;1;0;0;0;1;0;0;1;-23,45358227;-46,46962833;SPRF-SP;DEL01-SP;UOP01-DEL01-SP
709046;03/08/2025;domingo;05:45:00;BA;349;911;CORRENTINA;Ausência de reação do condutor;Capotamento;Com Vítimas Feridas;Amanhecer;Crescente;Céu Claro;Simples;Reta;Não;1;0;1;0;0;0;1;1;-13,41331;-44,483403;SPRF-BA;DEL10-BA;UOP02-DEL10-BA
709047;03/08/2025;domingo;06:20:00;PR;376;169,6;MARINGA;Velocidade Incompatível;Colisão traseira;Com Vítimas Feridas;Plena Noite;Crescente;Nublado;Dupla;"Declive;Reta";Não;4;0;2;0;0;2;2;3;-23,40520675;-51,99405313;SPRF-PR;DEL09-PR;UOP01-DEL09-PR
709048;03/08/2025;domingo;03:30:00;RO;364;519;ARIQUEMES;Ingestão de álcool pelo condutor;Colisão traseira;Com Vítimas Feridas;Plena Noite;Crescente;Céu Claro;Simples;Reta;Sim;2;0;0;1;1;0;1;2;-9,88040945;-63,05700157;SPRF-RO;DEL03-RO;UOP01-DEL03-RO
709051;03/08/2025;domingo;06:50:00;RN;101;96;NATAL;Manobra de mudança de faixa;Colisão lateral mesmo sentido;Com Vítimas Feridas;Pleno dia;Decrescente;Nublado;Simples;"Viaduto;Curva";Sim;3;0;2;0;0;1;2;2;-5,848955;-35,20787565;SPRF-RN;DEL01-RN;UOP01-DEL01-RN
709052;03/08/2025;domingo;06:10:00;SC;282;4;SAO JOSE;Reação tardia ou ineficiente do condutor;Colisão traseira;Com Vítimas Feridas;Amanhecer;Crescente;Nevoeiro/Neblina;Dupla;Reta;Sim;2;0;1;0;1;0;1;2;-27,58983979;-48,60962033;SPRF-SC;DEL01-SC;UOP01-DEL01-SC
709053;03/08/2025;domingo;07:10:00;RS;116;143,3;CAXIAS DO SUL;Condutor Dormindo;Saída de leito carroçável;Sem Vítimas;Amanhecer;Crescente;Nublado;Dupla;"Reta;Declive";Sim;1;0;0;0;1;0;0;1;-29,12391;-51,12456;SPRF-RS;DEL05-RS;UOP01-DEL05-RS
709054;02/08/2025;sábado;17:30:00;RO;364;394;OURO PRETO DO OESTE;Ultrapassagem Indevida;Colisão frontal;Com Vítimas Feridas;Pleno dia;Crescente;Sol;Simples;Declive;Não;3;0;3;0;0;0;3;2;-10,64635;-62,307673;SPRF-RO;DEL03-RO;UOP02-DEL03-RO
709055;03/08/2025;domingo;04:20:00;RO;364;713;PORTO VELHO;Ausência de reação do condutor;Tombamento;Com Vítimas Feridas;Plena Noite;Decrescente;Céu Claro;Dupla;Curva;Sim;1;0;0;1;0;0;1;1;-8,77242631;-63,88103383;SPRF-RO;DEL01-RO;UOP01-DEL01-RO
709056;03/08/2025;domingo;06:01:00;PI;343;454;SAO PEDRO DO PIAUI;Reação tardia ou ineficiente do condutor;Capotamento;Com Vítimas Feridas;Amanhecer;Crescente;Céu Claro;Simples;Reta;Não;1;0;1;0;0;0;1;1;-5,90984843;-42,68325806;SPRF-PI;DEL01-PI;UOP02-DEL01-PI
709058;03/08/2025;domingo;06:35:00;MS;163;265;DOURADOS;Ausência de reação do condutor;Tombamento;Com Vítimas Feridas;Pleno dia;Decrescente;Céu Claro;Dupla;Reta;Sim;1;0;0;1;0;0;1;1;-22,2224492;-54,72976685;SPRF-MS;DEL04-MS;UOP01-DEL04-MS
709059;03/08/2025;domingo;07:20:00;PR;376;398;IMBAU;Reação tardia ou ineficiente do condutor;Capotamento;Com Vítimas Feridas;Amanhecer;Crescente;Céu Claro;Dupla;Curva;Não;1;0;0;1;0;0;1;1;-24,4682606;-50,7454694;SPRF-PR;DEL03-PR;UOP02-DEL03-PR