id;data_inversa;dia_semana;horario;uf;br;km;municipio;causa_acidente;tipo_acidente;classificacao_acidente;fase_dia;sentido_via;condicao_metereologica;tipo_pista;tracado_via;uso_solo;pessoas;mortos;feridos_leves;feridos_graves;ilesos;ignorados;feridos;veiculos;latitude;longitude;regional;delegacia;uop
709182;03/08/2025;domingo;15:45:00;PI;343;73;BURITI DOS LOPES;Conversão proibida;Colisão transversal;Com Vítimas Feridas;Pleno dia;Decrescente;Céu Claro;Simples;Reta;Não;4;0;0;3;1;0;3;2;-3,32184504;-41,74221039;SPRF-PI;DEL05-PI;UOP01-DEL05-PI
709183;03/08/2025;domingo;18:20:00;GO;153;656;GOIATUBA;Velocidade Incompatível;Capotamento;Com Vítimas Feridas;Plena Noite;Crescente;Céu Claro;Dupla;Reta;Não;5;0;4;0;1;0;4;1;-18,011492;-49,262277;SPRF-GO;DEL03-GO;UOP01-DEL03-GO
709184;03/08/2025;domingo;17:40:00;TO;10;453;PALMAS;Ausência de reação do condutor;Queda de ocupante de veículo;Com Vítimas Feridas;Pleno dia;Crescente;Céu Claro;Dupla;Rotatória;Não;1;0;1;0;0;0;1;1;-10,32817087;-48,29805342;SPRF-TO;DEL01-TO;UOP03-DEL01-TO
709185;03/08/2025;domingo;16:15:00;RJ;101;406;ITAGUAI;Acessar a via sem observar a presença dos outros veículos;Colisão transversal;Com Vítimas Feridas;Pleno dia;Decrescente;Céu Claro;Dupla;Interseção de Vias;Sim;2;0;0;1;1;0;1;2;-22,8747014;-43,81197151;SPRF-RJ;DEL03-RJ;UOP01-DEL03-RJ
709186;03/08/2025;domingo;16:45:00;RJ;116;300;PORTO REAL;Reação tardia ou ineficiente do condutor;Capotamento;Com Vítimas Feridas;Anoitecer;Crescente;Céu Claro;Múltipla;Reta;Não;5;0;1;0;4;0;1;1;-22,451;-44,345;SPRF-RJ;DEL07-RJ;UOP02-DEL07-RJ
709187;03/08/2025;domingo;16:24:00;RJ;101;293;SAO GONCALO;Reação tardia ou ineficiente do condutor;Queda de ocupante de veículo;Com Vítimas Feridas;Pleno dia;Crescente;Sol;Dupla;Curva;Sim;1;0;0;1;0;0;1;1;-22,7868672;-43,0276608;SPRF-RJ;DEL02-RJ;UOP02-DEL02-RJ
709188;03/08/2025;domingo;18:00:00;MG;381;501;BETIM;Trafegar com motocicleta (ou similar) entre as faixas;Colisão lateral sentido oposto;Com Vítimas Feridas;Plena Noite;Decrescente;Nublado;Dupla;Reta;Sim;4;0;2;0;2;0;2;3;-20,0166153;-44,22281452;SPRF-MG;DEL01-MG;UOP03-DEL01-MG
709189;03/08/2025;domingo;17:35:00;PR;158;336,7;LARANJEIRAS DO SUL;Ingestão de álcool pelo condutor;Saída de leito carroçável;Com Vítimas Feridas;Pleno dia;Crescente;Céu Claro;Simples;Curva;Não;1;0;1;0;0;0;1;1;-25,370325;-52,391025;SPRF-PR;DEL04-PR;UOP02-DEL04-PR
709193;03/08/2025;domingo;16:00:00;MT;364;111;PEDRA PRETA;Acessar a via sem observar a presença dos outros veículos;Colisão transversal;Com Vítimas Feridas;Plena Noite;Decrescente;Céu Claro;Simples;Reta;Não;3;0;1;0;2;0;1;2;-16,84263119;-53,96695733;SPRF-MT;DEL02-MT;UOP02-DEL02-MT
709194;03/08/2025;domingo;19:00:00;SC;101;147,2;ITAPEMA;Reação tardia ou ineficiente do condutor;Tombamento;Com Vítimas Feridas;Plena Noite;Crescente;Nublado;Dupla;Curva;Sim;2;0;2;0;0;0;2;1;-27,09245;-48,61736;SPRF-SC;DEL04-SC;UOP03-DEL04-SC
709195;03/08/2025;domingo;18:00:00;RJ;101;447;MANGARATIBA;Curva acentuada;Saída de leito carroçável;Com Vítimas Feridas;Plena Noite;Decrescente;Céu Claro;Simples;Curva;Não;3;0;1;0;2;0;1;1;-22,9408768;-43,9943168;SPRF-RJ;DEL03-RJ;UOP02-DEL03-RJ
709196;03/08/2025;domingo;18:40:00;RN;101;58;CEARA-MIRIM;Acessar a via sem observar a presença dos outros veículos;Colisão transversal;Com Vítimas Feridas;Plena Noite;Decrescente;Céu Claro;Simples;"Reta;Interseção de Vias;Rotatória";Sim;4;0;1;0;3;0;1;2;-5,54234442;-35,31535713;SPRF-RN;DEL02-RN;UOP01-DEL02-RN
709197;03/08/2025;domingo;19:01:00;RJ;116;112;GUAPIMIRIM;Reação tardia ou ineficiente do condutor;Tombamento;Com Vítimas Feridas;Plena Noite;Crescente;Nublado;Simples;Reta;Não;1;0;1;0;0;0;1;1;-22,560965;-42,997324;SPRF-RJ;DEL04-RJ;UOP02-DEL04-RJ
709198;03/08/2025;domingo;19:00:00;ES;101;127,7;SOORETAMA;Ingestão de álcool pelo condutor;Tombamento;Com Vítimas Feridas;Plena Noite;Decrescente;Céu Claro;Dupla;Curva;Sim;1;0;0;1;0;0;1;1;-19,21075166;-40,09477615;SPRF-ES;DEL04-ES;UOP01-DEL04-ES
709200;03/08/2025;domingo;18:45:00;RJ;116;145;DUQUE DE CAXIAS;Manobra de mudança de faixa;Colisão traseira;Com Vítimas Feridas;Plena Noite;Crescente;Céu Claro;Dupla;Reta;Sim;3;0;1;0;1;1;1;3;-22,67020138;-43,27456065;SPRF-RJ;DEL01-RJ;UOP02-DEL01-RJ
709201;03/08/2025;domingo;19:40:00;MG;381;511;IGARAPE;Ausência de reação do condutor;Colisão lateral sentido oposto;Com Vítimas Feridas;Plena Noite;Decrescente;Céu Claro;Dupla;Reta;Sim;3;0;2;0;1;0;2;2;-20,06661668;-44,29564899;SPRF-MG;DEL01-MG;UOP03-DEL01-MG
709202;03/08/2025;domingo;19:30:00;TO;153;690;CARIRI DO TOCANTINS;Deficiência do Sistema de Iluminação/Sinalização;Colisão lateral mesmo sentido;Com Vítimas Feridas;Plena Noite;Decrescente;Céu Claro;Simples;Reta;Não;3;0;1;0;2;0;1;2;-11,867;-49,1547;SPRF-TO;DEL01-TO;UOP02-DEL01-TO
709203;03/08/2025;domingo;19:35:00;MG;40;693;ALFREDO VASCONCELOS;Ausência de reação do condutor;Colisão traseira;Com Vítimas Feridas;Plena Noite;Decrescente;Céu Claro;Dupla;Reta;Sim;2;0;1;0;1;0;1;2;-21,1460573;-43,7653849;SPRF-MG;DEL05-MG;UOP02-DEL05-MG
709206;03/08/2025;domingo;18:15:00;PI;402;40,3;PARNAIBA;Ausência de reação do condutor;Atropelamento de Pedestre;Com Vítimas Feridas;Anoitecer;Crescente;Céu Claro;Simples;Curva;Não;3;0;0;1;1;1;1;2;-2,968942;-41,7072235;SPRF-PI;DEL05-PI;UOP01-DEL05-PI
709207;03/08/2025;domingo;20:00:00;BA;367;30;PORTO SEGURO;Animais na Pista;Atropelamento de Animal;Com Vítimas Feridas;Plena Noite;Decrescente;Garoa/Chuvisco;Simples;Reta;Não;3;0;2;0;1;0;2;1;-16,41369195;-39,16282654;SPRF-BA;DEL09-BA;UOP03-DEL09-BA
709208;03/08/2025;domingo;19:50:00;GO;60;101,1;ANAPOLIS;Ingestão de álcool pelo condutor;Saída de leito carroçável;Com Vítimas Feridas;Plena Noite;Decrescente;Céu Claro;Dupla;Reta;Não;1;0;1;0;0;0;1;1;-16,401951;-48,974233;SPRF-GO;DEL02-GO;UOP01-DEL02-GO
709209;03/08/2025;domingo;19:00:00;BA;20;186;LUIS EDUARDO MAGALHAES;Reação tardia ou ineficiente do condutor;Saída de leito carroçável;Com Vítimas Feridas;Plena Noite;Decrescente;Céu Claro;Simples;Reta;Não;2;0;1;1;0;0;2;1;-12,314671;-45,85199;SPRF-BA;DEL10-BA;UOP01-DEL10-BA
709210;03/08/2025;domingo;06:00:00;PA;230;94;SAO JOAO DO ARAGUAIA;Manobra de mudança de faixa;Colisão frontal;Com Vítimas Feridas;Amanhecer;Crescente;Céu Claro;Simples;"Reta;Declive";Não;2;0;0;1;0;1;1;2;-5,444165;-48,91055;SPRF-PA;DEL03-PA;UOP01-DEL03-PA
709211;03/08/2025;domingo;19:50:00;MG;116;410;GOVERNADOR VALADARES;Reação tardia ou ineficiente do condutor;Colisão com objeto;Com Vítimas Feridas;Plena Noite;Crescente;Céu Claro;Dupla;Reta;Sim;1;0;1;0;0;0;1;1;-18,86425787;-41,97409213;SPRF-MG;DEL06-MG;UOP01-DEL06-MG
709212;03/08/2025;domingo;20:20:00;RS;116;484,8;PELOTAS;Ausência de reação do condutor;Saída de leito carroçável;Com Vítimas Feridas;Plena Noite;Decrescente;Céu Claro;Dupla;Reta;Não;1;0;1;0;0;0;1;1;-31,4946;-52,2136;SPRF-RS;DEL07-RS;UOP01-DEL07-RS
709214;03/08/2025;domingo;18:32:00;RJ;101;290;ITABORAI;Condutor deixou de manter distância do veículo da frente;Colisão lateral mesmo sentido;Com Vítimas Feridas;Plena Noite;Crescente;Céu Claro;Dupla;"Aclive;Reta";Não;2;0;1;0;1;0;1;2;-22,76429545;-42,87478387;SPRF-RJ;DEL02-RJ;UOP02-DEL02-RJ
709216;03/08/2025;domingo;19:10:00;RN;226;76;TANGARA;Transitar na contramão;Colisão frontal;Com Vítimas Feridas;Plena Noite;Crescente;Nublado;Simples;Reta;Não;2;0;1;0;0;1;1;2;-6,160557;-35,752642;SPRF-RN;DEL01-RN;UOP02-DEL01-RN
709217;03/08/2025;domingo;17:30:00;MG;262;22;REDUTO;Demais falhas mecânicas ou elétricas;Saída de leito carroçável;Com Vítimas Feridas;Anoitecer;Crescente;Céu Claro;Simples;Curva;Não;1;0;1;0;0;0;1;1;-20,2459017;-41,92509368;SPRF-MG;DEL06-MG;UOP03-DEL06-MG
709218;03/08/2025;domingo;20:50:00;MG;381;498;BETIM;Trafegar com motocicleta (ou similar) entre as faixas;Colisão lateral mesmo sentido;Com Vítimas Feridas;Plena Noite;Crescente;Céu Claro;Dupla;Reta;Não;6;0;1;0;5;0;1;4;-19,9840672;-44,2023325;SPRF-MG;DEL01-MG;UOP03-DEL01-MG
709219;03/08/2025;domingo;18:55:00;MG;262;423;SAO GONCALO DO PARA;Ausência de reação do condutor;Colisão traseira;Com Vítimas Feridas;Plena Noite;Decrescente;Céu Claro;Dupla;Reta;Não;3;0;1;0;2;0;1;2;-19,893408;-44,842138;SPRF-MG;DEL08-MG;UOP03-DEL08-MG
709220;03/08/2025;domingo;20:40:00;SC;470;134,1;RIO DO SUL;Ingestão de álcool pelo condutor;Capotamento;Sem Vítimas;Plena Noite;Crescente;Chuva;Simples;"Declive;Curva";Sim;1;0;0;0;1;0;0;1;-27,174589;-49,589246;SPRF-SC;DEL04-SC;UOP02-DEL04-SC
709221;03/08/2025;domingo;18:20:00;SC;282;128,8;BOM RETIRO;Transitar na contramão;Colisão lateral sentido oposto;Com Vítimas Feridas;Plena Noite;Decrescente;Chuva;Simples;Reta;Sim;10;0;4;1;5;0;5;3;-27,8007038;-49,4955562;SPRF-SC;DEL05-SC;UOP01-DEL05-SC
709223;03/08/2025;domingo;20:50:00;CE;116;28,6;AQUIRAZ;Ausência de reação do condutor;Colisão traseira;Com Vítimas Feridas;Plena Noite;Decrescente;Céu Claro;Dupla;Reta;Não;2;0;1;0;1;0;1;2;-4,00076798;-38,51654291;SPRF-CE;DEL01-CE;UOP02-DEL01-CE
709224;03/08/2025;domingo;21:20:00;PR;369;133;IBIPORA;Transitar na contramão;Colisão frontal;Com Vítimas Feridas;Pleno dia;Decrescente;Céu Claro;Simples;Reta;Não;2;0;0;1;1;0;1;2;-23,26211032;-51,0231456;SPRF-PR;DEL07-PR;UOP01-DEL07-PR
709226;03/08/2025;domingo;19:30:00;PR;277;80;CURITIBA;Reação tardia ou ineficiente do condutor;Tombamento;Com Vítimas Feridas;Plena Noite;Crescente;Garoa/Chuvisco;Dupla;Reta;Não;1;0;1;0;0;0;1;1;-25,4745733;-49,20861594;SPRF-PR;DEL01-PR;UOP03-DEL01-PR
709228;03/08/2025;domingo;19:00:00;PR;277;218;TEIXEIRA SOARES;Condutor deixou de manter distância do veículo da frente;Engavetamento;Com Vítimas Feridas;Plena Noite;Crescente;Céu Claro;Simples;Reta;Não;5;0;2;0;2;1;2;3;-25,46419;-50,37619;SPRF-PR;DEL08-PR;UOP02-DEL08-PR
709231;03/08/2025;domingo;18:00:00;CE;230;31;LAVRAS DA MANGABEIRA;Ausência de reação do condutor;Saída de leito carroçável;Com Vítimas Fatais;Pleno dia;Decrescente;Nublado;Simples;Reta;Não;1;1;0;0;0;0;0;1;-6,75764982;-38,89009953;SPRF-CE;DEL05-CE;UOP01-DEL05-CE
709232;03/08/2025;domingo;21:11:00;MS;158;196;SELVIRIA;Ausência de reação do condutor;Capotamento;Com Vítimas Feridas;Plena Noite;Crescente;Céu Claro;Simples;Reta;Não;1;0;1;0;0;0;1;1;-20,37012487;-51,42950948;SPRF-MS;DEL07-MS;UOP01-DEL07-MS
709233;03/08/2025;domingo;21:41:00;PE;101;76;RECIFE;Transitar no Acostamento;Atropelamento de Pedestre;Com Vítimas Feridas;Plena Noite;Decrescente;Chuva;Dupla;Reta;Sim;2;0;1;0;1;0;1;2;-8,115932;-34,944204;SPRF-PE;DEL01-PE;UOP01-DEL01-PE
709235;03/08/2025;domingo;21:05:00;RJ;101;330;NITEROI;Reação tardia ou ineficiente do condutor;Colisão traseira;Com Vítimas Feridas;Pleno dia;Decrescente;Céu Claro;Múltipla;Reta;Sim;5;0;1;0;4;0;1;2;-22,8786176;-43,1128576;SPRF-RJ;DEL02-RJ;UOP01-DEL02-RJ
709236;03/08/2025;domingo;22:00:00;RN;101;74;SAO GONCALO DO AMARANTE;Animais na Pista;Atropelamento de Animal;Com Vítimas Feridas;Plena Noite;Crescente;Céu Claro;Simples;Reta;Não;2;0;1;1;0;0;2;1;-5,71801547;-35,27445054;SPRF-RN;DEL02-RN;UOP01-DEL02-RN
709238;03/08/2025;domingo;20:00:00;MG;116;290,6;TEOFILO OTONI;Ingestão de álcool pelo condutor;Colisão lateral mesmo sentido;Com Vítimas Feridas;Plena Noite;Decrescente;Céu Claro;Dupla;Reta;Não;6;0;1;0;5;0;1;2;-17,973738;-41,545171;SPRF-MG;DEL11-MG;UOP01-DEL11-MG
709239;03/08/2025;domingo;22:05:00;PR;277;644;CEU AZUL;Condutor deixou de manter distância do veículo da frente;Colisão traseira;Sem Vítimas;Plena Noite;Crescente;Céu Claro;Simples;Reta;Não;2;0;0;0;2;0;0;2;-25,173537;-53,887197;SPRF-PR;DEL05-PR;UOP02-DEL05-PR
709240;03/08/2025;domingo;21:15:00;RN;110;44;MOSSORO;Animais na Pista;Atropelamento de Animal;Com Vítimas Feridas;Plena Noite;Crescente;Céu Claro;Simples;Reta;Sim;1;0;1;0;0;0;1;1;-5,191648;-37,309962;SPRF-RN;DEL04-RN;UOP01-DEL04-RN
709241;03/08/2025;domingo;19:20:00;AC;317;287;EPITACIOLANDIA;Ausência de reação do condutor;Colisão lateral mesmo sentido;Com Vítimas Fatais;Plena Noite;Decrescente;Céu Claro;Simples;"Reta;Declive";Não;3;1;1;1;0;0;2;2;-11,03665906;-68,71563721;SPRF-AC;DEL01-AC;UOP02-DEL01-AC
709242;03/08/2025;domingo;21:00:00;MG;40;299,8;TRES MARIAS;Ingestão de álcool pelo condutor;Saída de leito carroçável;Com Vítimas Fatais;Plena Noite;Decrescente;Céu Claro;Simples;"Curva;Aclive";Não;1;1;0;0;0;0;0;1;-18,35077814;-45,09308338;SPRF-MG;DEL14-MG;UOP02-DEL14-MG
709244;03/08/2025;domingo;22:20:00;ES;101;175;ARACRUZ;Acumulo de areia ou detritos sobre o pavimento;Saída de leito carroçável;Com Vítimas Feridas;Plena Noite;Decrescente;Céu Claro;Simples;Reta;Não;1;0;1;0;0;0;1;1;-19,58842636;-40,19146228;SPRF-ES;DEL04-ES;UOP01-DEL04-ES
709247;03/08/2025;domingo;21:45:00;SC;101;345,7;JAGUARUNA;Ausência de reação do condutor;Saída de leito carroçável;Com Vítimas Feridas;Plena Noite;Decrescente;Nublado;Dupla;Reta;Não;1;0;1;0;0;0;1;1;-28,56332;-49,054203;SPRF-SC;DEL02-SC;UOP01-DEL02-SC
709248;03/08/2025;domingo;22:15:00;MG;40;509,8;RIBEIRAO DAS NEVES;Suicídio (presumido);Colisão com objeto;Com Vítimas Feridas;Plena Noite;Crescente;Céu Claro;Dupla;"Declive;Reta";Não;1;0;0;1;0;0;1;1;-19,773159;-44,124618;SPRF-MG;DEL01-MG;UOP02-DEL01-MG
709249;03/08/2025;domingo;19:44:00;SC;280;24;ARAQUARI;Transitar no Acostamento;Colisão transversal;Sem Vítimas;Plena Noite;Crescente;Nublado;Simples;"Reta;Interseção de Vias";Sim;4;0;0;0;4;0;0;2;-26,37932713;-48,72209072;SPRF-SC;DEL03-SC;UOP03-DEL03-SC
709250;03/08/2025;domingo;20:15:00;SP;116;556;BARRA DO TURVO;Objeto estático sobre o leito carroçável;Saída de leito carroçável;Com Vítimas Feridas;Plena Noite;Crescente;Céu Claro;Múltipla;Curva;Não;2;0;1;0;1;0;1;1;-24,9866;-48,5075;SPRF-SP;DEL05-SP;UOP02-DEL05-SP
709251;03/08/2025;domingo;20:25:00;PR;277;599;CASCAVEL;Ausência de reação do condutor;Queda de ocupante de veículo;Com Vítimas Feridas;Plena Noite;Decrescente;Céu Claro;Dupla;Reta;Não;1;0;0;1;0;0;1;1;-25,0011894;-53,5216057;SPRF-PR;DEL04-PR;UOP01-DEL04-PR
709252;03/08/2025;domingo;22:43:00;PE;101;48;ABREU E LIMA;Ausência de reação do condutor;Colisão com objeto;Com Vítimas Feridas;Plena Noite;Decrescente;Chuva;Dupla;Reta;Sim;2;0;0;2;0;0;2;1;-7,89651;-34,902622;SPRF-PE;DEL01-PE;UOP02-DEL01-PE
709253;03/08/2025;domingo;23:20:00;RJ;101;54;CAMPOS DOS GOYTACAZES;Transitar no Acostamento;Atropelamento de Pedestre;Com Vítimas Fatais;Plena Noite;Crescente;Céu Claro;Simples;Reta;Não;3;1;0;0;0;2;0;2;-21,672077;-41,310995;SPRF-RJ;DEL08-RJ;UOP01-DEL08-RJ
709254;03/08/2025;domingo;22:53:00;RS;116;262;CANOAS;Reação tardia ou ineficiente do condutor;Colisão com objeto;Com Vítimas Feridas;Pleno dia;Decrescente;Céu Claro;Dupla;Reta;Sim;2;0;1;0;1;0;1;1;-29,87887734;-51,18035845;SPRF-RS;DEL01-RS;UOP01-DEL01-RS
709255;03/08/2025;domingo;23:00:00;PA;316;39;SANTA IZABEL DO PARA;Ausência de reação do condutor;Colisão traseira;Com Vítimas Feridas;Plena Noite;Decrescente;Nublado;Dupla;Reta;Não;3;0;1;1;1;0;2;2;-1,281256;-48,131395;SPRF-PA;DEL01-PA;UOP01-DEL01-PA
709256;03/08/2025;domingo;21:30:00;RS;386;176,9;CARAZINHO;Acumulo de água sobre o pavimento;Saída de leito carroçável;Com Vítimas Feridas;Plena Noite;Crescente;Chuva;Simples;"Curva;Declive";Sim;2;0;2;0;0;0;2;1;-28,27990714;-52,7653268;SPRF-RS;DEL08-RS;UOP01-DEL08-RS
709257;03/08/2025;domingo;21:50:00;PR;277;672;MEDIANEIRA;Reação tardia ou ineficiente do condutor;Saída de leito carroçável;Com Vítimas Feridas;Plena Noite;Decrescente;Nublado;Dupla;"Reta;Interseção de Vias";Sim;1;0;1;0;0;0;1;1;-25,29180361;-54,10884317;SPRF-PR;DEL05-PR;UOP02-DEL05-PR
709258;03/08/2025;domingo;22:00:00;SC;282;627,9;IRACEMINHA;Transitar na contramão;Colisão frontal;Com Vítimas Fatais;Plena Noite;Crescente;Garoa/Chuvisco;Simples;"Curva;Declive";Não;9;1;0;8;0;0;8;2;-26,818872;-53,36612;SPRF-SC;DEL07-SC;UOP02-DEL07-SC
709260;04/08/2025;segunda-feira;00:40:00;RS;116;241;NOVO HAMBURGO;Ingestão de álcool pelo condutor;Colisão com objeto;Com Vítimas Feridas;Plena Noite;Crescente;Garoa/Chuvisco;Múltipla;"Viaduto;Reta";Sim;4;0;3;0;1;0;3;1;-29,71373649;-51,14784356;SPRF-RS;DEL01-RS;UOP02-DEL01-RS
709262;03/08/2025;domingo;22:30:00;RJ;465;7;SEROPEDICA;Reação tardia ou ineficiente do condutor;Engavetamento;Com Vítimas Feridas;Plena Noite;Crescente;Nublado;Dupla;Reta;Não;6;0;2;1;3;0;3;3;-22,77048345;-43,67365837;SPRF-RJ;DEL06-RJ;UOP02-DEL06-RJ
709263;03/08/2025;domingo;23:40:00;MT;70;514;VARZEA GRANDE;Manobra de mudança de faixa;Colisão frontal;Com Vítimas Feridas;Plena Noite;Crescente;Chuva;Simples;Reta;Sim;3;0;3;0;0;0;3;2;-15,705989;-56,133159;SPRF-MT;DEL01-MT;UOP02-DEL01-MT
709265;04/08/2025;segunda-feira;00:20:00;RJ;116;187;NOVA IGUACU;Condutor usando celular;Colisão traseira;Com Vítimas Feridas;Plena Noite;Decrescente;Céu Claro;Múltipla;Reta;Sim;3;0;2;0;0;1;2;2;-22,73905534;-43,47220151;SPRF-RJ;DEL06-RJ;UOP01-DEL06-RJ
709266;03/08/2025;domingo;23:20:00;RJ;465;3;SEROPEDICA;Ausência de reação do condutor;Queda de ocupante de veículo;Com Vítimas Feridas;Plena Noite;Decrescente;Céu Claro;Simples;"Curva;Retorno Regulamentado";Não;2;0;0;2;0;0;2;1;-22,73797231;-43,70840907;SPRF-RJ;DEL06-RJ;UOP02-DEL06-RJ
709268;04/08/2025;segunda-feira;01:34:00;MG;40;441,7;PARAOPEBA;Animais na Pista;Atropelamento de Animal;Com Vítimas Feridas;Plena Noite;Crescente;Ignorado;Dupla;Reta;Não;3;0;2;0;1;0;2;1;-19,273895;-44,419048;SPRF-MG;DEL02-MG;UOP01-DEL02-MG
709269;04/08/2025;segunda-feira;01:20:00;PB;230;41;SANTA RITA;Ausência de reação do condutor;Colisão lateral mesmo sentido;Sem Vítimas;Plena Noite;Crescente;Garoa/Chuvisco;Dupla;Reta;Não;2;0;0;0;2;0;0;2;-7,14294275;-34,98903563;SPRF-PB;DEL01-PB;UOP02-DEL01-PB
709270;04/08/2025;segunda-feira;00:15:00;RS;153;407,3;CACHOEIRA DO SUL;Desrespeitar a preferência no cruzamento;Colisão transversal;Com Vítimas Feridas;Plena Noite;Crescente;Nublado;Dupla;Interseção de Vias;Sim;3;0;1;0;2;0;1;2;-30,02197924;-52,91768488;SPRF-RS;DEL02-RS;UOP03-DEL02-RS
709272;04/08/2025;segunda-feira;01:25:00;PB;361;5,8;PATOS;Animais na Pista;Tombamento;Com Vítimas Fatais;Plena Noite;Crescente;Céu Claro;Simples;Reta;Sim;1;1;0;0;0;0;0;1;-7,035697;-37,309758;SPRF-PB;DEL03-PB;UOP01-DEL03-PB
709274;04/08/2025;segunda-feira;04:10:00;SC;101;74,5;ARAQUARI;Ingestão de álcool pelo condutor;Colisão com objeto;Com Vítimas Feridas;Plena Noite;Crescente;Nublado;Dupla;"Declive;Curva";Sim;1;0;1;0;0;0;1;1;-26,54971115;-48,71414836;SPRF-SC;DEL03-SC;UOP02-DEL03-SC
709278;04/08/2025;segunda-feira;05:00:00;PB;101;93;JOAO PESSOA;Demais falhas mecânicas ou elétricas;Incêndio;Sem Vítimas;Amanhecer;Crescente;Chuva;Dupla;"Reta;Interseção de Vias";Não;1;0;0;0;1;0;0;1;-7,2105649;-34,91049439;SPRF-PB;DEL01-PB;UOP01-DEL01-PB
709280;04/08/2025;segunda-feira;04:45:00;MS;163;14;MUNDO NOVO;Chuva;Saída de leito carroçável;Com Vítimas Feridas;Plena Noite;Crescente;Chuva;Simples;Reta;Não;4;0;2;0;2;0;2;1;-23,95464602;-54,31666374;SPRF-MS;DEL09-MS;UOP02-DEL09-MS
709281;04/08/2025;segunda-feira;05:10:00;PB;230;41,6;SANTA RITA;Ausência de reação do condutor;Colisão traseira;Com Vítimas Feridas;Amanhecer;Decrescente;Chuva;Dupla;"Aclive;Curva";Sim;4;0;0;2;0;2;2;3;-7,142489;-34,995245;SPRF-PB;DEL01-PB;UOP02-DEL01-PB
709282;04/08/2025;segunda-feira;03:00:00;MT;163;692;SORRISO;Ingestão de álcool pelo condutor;Tombamento;Sem Vítimas;Plena Noite;Crescente;Céu Claro;Simples;Reta;Não;1;0;0;0;1;0;0;1;-13,046152;-55,904589;SPRF-MT;DEL06-MT;UOP01-DEL06-MT
709283;04/08/2025;segunda-feira;05:20:00;DF;20;6;BRASILIA;Ausência de reação do condutor;Capotamento;Com Vítimas Feridas;Amanhecer;Decrescente;Céu Claro;Dupla;Curva;Sim;4;0;3;0;1;0;3;1;-15,66529;-47,80718;SPRF-DF;DEL02-DF;UOP01-DEL02-DF
709284;04/08/2025;segunda-feira;06:00:00;RJ;101;2;CAMPOS DOS GOYTACAZES;Condutor Dormindo;Saída de leito carroçável;Com Vítimas Feridas;Amanhecer;Decrescente;Céu Claro;Simples;Reta;Sim;1;0;1;0;0;0;1;1;-21,238128;-41,322525;SPRF-RJ;DEL08-RJ;UOP01-DEL08-RJ
709286;03/08/2025;domingo;20:30:00;PI;222;95;BATALHA;Ingestão de álcool pelo condutor;Saída de leito carroçável;Com Vítimas Fatais;Plena Noite;Crescente;Céu Claro;Simples;Reta;Não;1;1;0;0;0;0;0;1;-4,21672;-41,93671;SPRF-PI;DEL02-PI;UOP01-DEL02-PI
709287;03/08/2025;domingo;23:30:00;SP;381;41;ATIBAIA;Ausência de reação do condutor;Colisão com objeto;Sem Vítimas;Plena Noite;Crescente;Céu Claro;Dupla;Reta;Sim;1;0;0;0;0;1;0;1;-23,13926555;-46,57571697;SPRF-SP;DEL03-SP;UOP01-DEL03-SP
709288;25/02/2025;terça-feira;07:00:00;PR;116;116;CURITIBA;Condutor deixou de manter distância do veículo da frente;Colisão traseira;Com Vítimas Feridas;Pleno dia;Decrescente;Sol;Dupla;Reta;Sim;3;0;1;1;1;0;2;3;-25,55156432;-49,3049401;SPRF-PR;DEL01-PR;UOP03-DEL01-PR
709291;04/08/2025;segunda-feira;07:00:00;GO;50;209;CAMPO ALEGRE DE GOIAS;Condutor Dormindo;Saída de leito carroçável;Com Vítimas Feridas;Amanhecer;Crescente;Céu Claro;Dupla;Curva;Sim;5;0;2;0;3;0;2;1;-17,642386;-47,762492;SPRF-GO;DEL06-GO;UOP01-DEL06-GO
709293;04/08/2025;segunda-feira;06:30:00;RJ;101;97;CAMPOS DOS GOYTACAZES;Velocidade Incompatível;Saída de leito carroçável;Com Vítimas Feridas;Pleno dia;Crescente;Céu Claro;Dupla;Reta;Não;2;0;1;0;1;0;1;1;-21,87240342;-41,56791971;SPRF-RJ;DEL08-RJ;UOP02-DEL08-RJ
709294;04/08/2025;segunda-feira;07:30:00;RS;386;6,3;IRAI;Ausência de reação do condutor;Colisão traseira;Com Vítimas Feridas;Pleno dia;Decrescente;Chuva;Simples;Reta;Não;4;0;0;1;3;0;1;2;-27,19473043;-53,27891557;SPRF-RS;DEL08-RS;UOP02-DEL08-RS
709295;04/08/2025;segunda-feira;07:05:00;DF;20;8;BRASILIA;Manobra de mudança de faixa;Colisão lateral mesmo sentido;Com Vítimas Feridas;Pleno dia;Decrescente;Céu Claro;Dupla;Reta;Sim;2;0;1;0;1;0;1;2;-15,65676025;-47,7883485;SPRF-DF;DEL02-DF;UOP01-DEL02-DF
709296;04/08/2025;segunda-feira;07:30:00;RJ;101;232,5;SILVA JARDIM;Ausência de reação do condutor;Queda de ocupante de veículo;Com Vítimas Feridas;Pleno dia;Decrescente;Céu Claro;Dupla;Reta;Não;1;0;0;1;0;0;1;1;-22,5902835;-42,3859568;SPRF-RJ;DEL02-RJ;UOP03-DEL02-RJ
709298;04/08/2025;segunda-feira;06:45:00;PR;116;125,7;FAZENDA RIO GRANDE;Condutor deixou de manter distância do veículo da frente;Colisão lateral mesmo sentido;Com Vítimas Feridas;Pleno dia;Decrescente;Nublado;Dupla;"Reta;Declive";Sim;3;0;1;0;2;0;1;2;-25,637227;-49,313097;SPRF-PR;DEL01-PR;UOP03-DEL01-PR