id;data_inversa;dia_semana;horario;uf;br;km;municipio;causa_acidente;tipo_acidente;classificacao_acidente;fase_dia;sentido_via;condicao_metereologica;tipo_pista;tracado_via;uso_solo;pessoas;mortos;feridos_leves;feridos_graves;ilesos;ignorados;feridos;veiculos;latitude;longitude;regional;delegacia;uop
709679;06/08/2025;quarta-feira;04:10:00;PB;230;138,2;MASSARANDUBA;Avarias e/ou desgaste excessivo no pneu;Tombamento;Sem Vítimas;Amanhecer;Decrescente;Chuva;Dupla;Curva;Não;1;0;0;0;1;0;0;1;-7,25847915;-35,81076443;SPRF-PB;DEL02-PB;UOP01-DEL02-PB
709682;06/08/2025;quarta-feira;04:52:00;MS;163;470,7;CAMPO GRANDE;Acessar a via sem observar a presença dos outros veículos;Colisão transversal;Com Vítimas Feridas;Amanhecer;Decrescente;Céu Claro;Simples;"Curva;Interseção de Vias";Não;2;0;1;0;1;0;1;2;-20,55506975;-54,55589533;SPRF-MS;DEL01-MS;UOP01-DEL01-MS
709684;06/08/2025;quarta-feira;07:00:00;SC;101;214,8;PALHOCA;Acesso irregular;Colisão transversal;Com Vítimas Feridas;Pleno dia;Crescente;Nublado;Dupla;Reta;Sim;2;0;0;1;0;1;1;2;-27,65033;-48,6751;SPRF-SC;DEL01-SC;UOP02-DEL01-SC
709687;06/08/2025;quarta-feira;06:50:00;PB;230;146;CAMPINA GRANDE;Condutor deixou de manter distância do veículo da frente;Tombamento;Com Vítimas Feridas;Pleno dia;Crescente;Nublado;Dupla;"Reta;Declive";Sim;2;0;1;1;0;0;2;1;-7,24533;-35,851212;SPRF-PB;DEL02-PB;UOP01-DEL02-PB
709690;06/08/2025;quarta-feira;06:30:00;DF;251;59;BRASILIA;Ultrapassagem Indevida;Colisão lateral mesmo sentido;Com Vítimas Feridas;Amanhecer;Decrescente;Céu Claro;Simples;Reta;Não;2;0;0;1;1;0;1;2;-15,98203064;-47,92389393;SPRF-DF;DEL01-DF;UOP01-DEL01-DF
709691;06/08/2025;quarta-feira;07:00:00;PR;277;127;CAMPO LARGO;Reação tardia ou ineficiente do condutor;Queda de ocupante de veículo;Com Vítimas Feridas;Pleno dia;Decrescente;Céu Claro;Simples;Curva;Não;1;0;1;0;0;0;1;1;-25,4381469;-49,5485806;SPRF-PR;DEL03-PR;UOP03-DEL03-PR
709692;06/08/2025;quarta-feira;05:30:00;SC;280;125;RIO NEGRINHO;Frear bruscamente;Queda de ocupante de veículo;Com Vítimas Feridas;Plena Noite;Crescente;Garoa/Chuvisco;Simples;"Reta;Interseção de Vias";Sim;1;0;1;0;0;0;1;1;-26,23764051;-49,49387725;SPRF-SC;DEL06-SC;UOP03-DEL06-SC
709694;06/08/2025;quarta-feira;06:32:00;MG;40;518;CONTAGEM;Velocidade Incompatível;Tombamento;Com Vítimas Fatais;Pleno dia;Crescente;Céu Claro;Dupla;Reta;Sim;2;1;0;1;0;0;1;1;-19,83407445;-44,08132195;SPRF-MG;DEL01-MG;UOP02-DEL01-MG
709695;06/08/2025;quarta-feira;07:40:00;PR;476;130,8;CURITIBA;Manobra de mudança de faixa;Colisão lateral mesmo sentido;Com Vítimas Feridas;Amanhecer;Crescente;Nublado;Múltipla;Reta;Sim;2;0;1;0;1;0;1;2;-25,45354812;-49,24479811;SPRF-PR;DEL01-PR;UOP01-DEL01-PR
709697;29/07/2025;terça-feira;06:30:00;PR;153;322;IMBITUVA;Reação tardia ou ineficiente do condutor;Saída de leito carroçável;Com Vítimas Feridas;Amanhecer;Crescente;Céu Claro;Simples;Reta;Não;2;0;1;0;1;0;1;2;-25,398;-50,613;SPRF-PR;DEL08-PR;UOP02-DEL08-PR
709699;06/08/2025;quarta-feira;07:59:00;RS;386;355,7;ESTRELA;Manobra de mudança de faixa;Colisão lateral mesmo sentido;Com Vítimas Feridas;Pleno dia;Crescente;Céu Claro;Dupla;Curva;Sim;2;0;0;1;1;0;1;2;-29,520999;-51,936062;SPRF-RS;DEL04-RS;UOP01-DEL04-RS
709700;06/08/2025;quarta-feira;07:15:00;GO;60;138;GOIANIA;Ultrapassagem Indevida;Colisão frontal;Com Vítimas Feridas;Pleno dia;Decrescente;Sol;Simples;Reta;Sim;2;0;0;1;1;0;1;2;-16,61576226;-49,2062692;SPRF-GO;DEL01-GO;UOP01-DEL01-GO
709701;06/08/2025;quarta-feira;04:08:00;MT;163;1019;TERRA NOVA DO NORTE;Animais na Pista;Atropelamento de Animal;Sem Vítimas;Amanhecer;Decrescente;Céu Claro;Simples;Reta;Não;1;0;0;0;1;0;0;1;-10,321;-55,037;SPRF-MT;DEL06-MT;UOP03-DEL06-MT
709705;06/08/2025;quarta-feira;08:30:00;SE;235;11,1;NOSSA SENHORA DO SOCORRO;Acessar a via sem observar a presença dos outros veículos;Colisão transversal;Com Vítimas Feridas;Pleno dia;Decrescente;Céu Claro;Simples;"Curva;Declive";Sim;2;0;1;0;1;0;1;2;-10,87772356;-37,15723006;SPRF-SE;DEL01-SE;UOP01-DEL01-SE
709706;06/08/2025;quarta-feira;06:58:00;GO;60;284;JANDAIA;Ingestão de álcool pelo condutor;Colisão traseira;Sem Vítimas;Pleno dia;Crescente;Céu Claro;Dupla;Interseção de Vias;Não;5;0;0;0;5;0;0;2;-17,21148;-50,15421;SPRF-GO;DEL04-GO;UOP02-DEL04-GO
709707;06/08/2025;quarta-feira;06:45:00;MS;163;492,3;CAMPO GRANDE;Acessar a via sem observar a presença dos outros veículos;Colisão transversal;Com Vítimas Feridas;Pleno dia;Decrescente;Céu Claro;Simples;"Declive;Reta";Sim;2;0;1;1;0;0;2;2;-20,38481969;-54,5441258;SPRF-MS;DEL01-MS;UOP02-DEL01-MS
709709;06/08/2025;quarta-feira;07:50:00;PE;101;59;RECIFE;Ausência de reação do condutor;Colisão traseira;Com Vítimas Feridas;Pleno dia;Crescente;Céu Claro;Dupla;Reta;Sim;2;0;1;0;1;0;1;2;-7,977835;-34,927127;SPRF-PE;DEL01-PE;UOP02-DEL01-PE
709710;06/08/2025;quarta-feira;08:10:00;PI;343;1;TERESINA;Condutor deixou de manter distância do veículo da frente;Colisão traseira;Sem Vítimas;Pleno dia;Crescente;Céu Claro;Dupla;Reta;Sim;2;0;0;0;2;0;0;2;-5,080395;-42,759078;SPRF-PI;DEL01-PI;UOP01-DEL01-PI
709711;06/08/2025;quarta-feira;08:24:00;PI;316;3;TERESINA;Condutor deixou de manter distância do veículo da frente;Colisão traseira;Com Vítimas Feridas;Pleno dia;Decrescente;Céu Claro;Dupla;"Reta;Aclive;Interseção de Vias";Sim;2;0;1;0;1;0;1;2;-5,1318639;-42,7911006;SPRF-PI;DEL01-PI;UOP02-DEL01-PI
709712;06/08/2025;quarta-feira;07:25:00;MT;163;818,4;SINOP;Condutor deixou de manter distância do veículo da frente;Colisão traseira;Sem Vítimas;Pleno dia;Decrescente;Sol;Simples;"Reta;Em Obras";Sim;2;0;0;0;1;1;0;2;-12,00917;-55,51723;SPRF-MT;DEL06-MT;UOP02-DEL06-MT
709713;06/08/2025;quarta-feira;06:55:00;MT;163;818;SINOP;Manobra de mudança de faixa;Capotamento;Com Vítimas Feridas;Pleno dia;Crescente;Céu Claro;Simples;"Reta;Em Obras";Não;1;0;0;1;0;0;1;1;-12,009;-55,517;SPRF-MT;DEL06-MT;UOP02-DEL06-MT
709714;06/08/2025;quarta-feira;08:20:00;RS;293;32,7;MORRO REDONDO;Ultrapassagem Indevida;Colisão frontal;Com Vítimas Feridas;Pleno dia;Decrescente;Nevoeiro/Neblina;Simples;"Reta;Declive";Não;2;0;0;1;1;0;1;2;-31,732387;-52,65368;SPRF-RS;DEL07-RS;UOP01-DEL07-RS
709715;06/08/2025;quarta-feira;08:40:00;MG;40;529;CONTAGEM;Condutor deixou de manter distância do veículo da frente;Colisão lateral mesmo sentido;Sem Vítimas;Pleno dia;Crescente;Céu Claro;Dupla;Curva;Sim;2;0;0;0;2;0;0;2;-19,92205167;-44,03740454;SPRF-MG;DEL01-MG;UOP02-DEL01-MG
709716;06/08/2025;quarta-feira;07:56:00;PE;428;185;PETROLINA;Manobra de mudança de faixa;Colisão lateral mesmo sentido;Com Vítimas Feridas;Pleno dia;Crescente;Céu Claro;Dupla;Reta;Sim;4;0;0;2;2;0;2;3;-9,3471468;-40,47361093;SPRF-PE;DEL06-PE;UOP01-DEL06-PE
709717;06/08/2025;quarta-feira;08:50:00;PE;101;53;PAULISTA;Reação tardia ou ineficiente do condutor;Colisão lateral mesmo sentido;Com Vítimas Feridas;Pleno dia;Crescente;Sol;Múltipla;Reta;Sim;3;0;0;2;0;1;2;2;-7,937;-34,903;SPRF-PE;DEL01-PE;UOP02-DEL01-PE
709721;06/08/2025;quarta-feira;09:10:00;PR;373;264;PRUDENTOPOLIS;Ausência de reação do condutor;Saída de leito carroçável;Sem Vítimas;Pleno dia;Decrescente;Céu Claro;Simples;Reta;Não;3;0;0;0;2;1;0;1;-25,19928;-50,96636;SPRF-PR;DEL08-PR;UOP01-DEL08-PR
709722;06/08/2025;quarta-feira;05:20:00;GO;50;279,7;CATALAO;Deficiência do Sistema de Iluminação/Sinalização;Colisão com objeto;Sem Vítimas;Amanhecer;Decrescente;Céu Claro;Dupla;"Reta;Desvio Temporário;Em Obras";Sim;2;0;0;0;2;0;0;1;-18,17801;-47,935142;SPRF-GO;DEL06-GO;UOP01-DEL06-GO
709723;06/08/2025;quarta-feira;09:05:00;BA;324;619;SALVADOR;Ausência de reação do condutor;Colisão traseira;Com Vítimas Feridas;Pleno dia;Crescente;Nublado;Dupla;Reta;Sim;2;0;1;0;1;0;1;2;-12,91145073;-38,45873955;SPRF-BA;DEL01-BA;UOP01-DEL01-BA
709724;06/08/2025;quarta-feira;09:16:00;PE;408;97;JABOATAO DOS GUARARAPES;Manobra de mudança de faixa;Tombamento;Com Vítimas Feridas;Pleno dia;Crescente;Céu Claro;Dupla;Curva;Não;2;0;1;0;1;0;1;2;-8,08133419;-34,99012731;SPRF-PE;DEL01-PE;UOP01-DEL01-PE
709726;06/08/2025;quarta-feira;07:45:00;PR;376;490,6;PONTA GROSSA;Pista Escorregadia;Tombamento;Com Vítimas Feridas;Pleno dia;Crescente;Nublado;Dupla;"Curva;Declive";Sim;1;0;1;0;0;0;1;1;-25,10361099;-50,19610977;SPRF-PR;DEL03-PR;UOP04-DEL03-PR
709728;06/08/2025;quarta-feira;09:30:00;RN;406;168;SAO GONCALO DO AMARANTE;Condutor deixou de manter distância do veículo da frente;Colisão traseira;Sem Vítimas;Pleno dia;Crescente;Chuva;Dupla;Reta;Não;2;0;0;0;2;0;0;2;-5,753528;-35,313348;SPRF-RN;DEL02-RN;UOP01-DEL02-RN
709730;06/08/2025;quarta-feira;10:10:00;RN;101;107,2;PARNAMIRIM;Condutor deixou de manter distância do veículo da frente;Colisão traseira;Sem Vítimas;Pleno dia;Crescente;Nublado;Simples;Reta;Não;2;0;0;0;2;0;0;2;-5,919322;-35,264508;SPRF-RN;DEL01-RN;UOP01-DEL01-RN
709732;06/08/2025;quarta-feira;08:30:00;RJ;116;186;NOVA IGUACU;Manobra de mudança de faixa;Colisão lateral mesmo sentido;Com Vítimas Feridas;Pleno dia;Decrescente;Céu Claro;Dupla;Reta;Sim;3;0;1;0;2;0;1;2;-22,73942145;-43,46771685;SPRF-RJ;DEL06-RJ;UOP01-DEL06-RJ
709733;06/08/2025;quarta-feira;07:41:00;PR;116;22,1;ANTONINA;Chuva;Saída de leito carroçável;Com Vítimas Feridas;Pleno dia;Crescente;Chuva;Dupla;Curva;Não;4;0;2;0;2;0;2;1;-25,111015;-48,751935;SPRF-PR;DEL01-PR;UOP02-DEL01-PR
709735;06/08/2025;quarta-feira;10:05:00;MG;262;813;UBERABA;Avarias e/ou desgaste excessivo no pneu;Tombamento;Com Vítimas Feridas;Pleno dia;Decrescente;Céu Claro;Dupla;Reta;Sim;2;0;1;0;1;0;1;1;-19,76383818;-48,00345004;SPRF-MG;DEL13-MG;UOP01-DEL13-MG
709737;29/07/2025;terça-feira;14:00:00;MA;135;333;PRESIDENTE DUTRA;Manobra de mudança de faixa;Colisão frontal;Com Vítimas Fatais;Pleno dia;Crescente;Céu Claro;Simples;Reta;Não;2;1;1;0;0;0;1;2;-5,22997144;-44,48027283;SPRF-MA;DEL06-MA;UOP01-DEL06-MA
709738;06/08/2025;quarta-feira;10:00:00;SP;116;221;GUARULHOS;Velocidade Incompatível;Colisão traseira;Com Vítimas Feridas;Pleno dia;Crescente;Nublado;Múltipla;"Reta;Em Obras";Sim;4;0;2;0;2;0;2;3;-23,47542614;-46,51035056;SPRF-SP;DEL01-SP;UOP01-DEL01-SP
709739;18/07/2025;sexta-feira;01:20:00;PR;476;345;PAULA FREITAS;Reação tardia ou ineficiente do condutor;Colisão com objeto;Sem Vítimas;Plena Noite;Decrescente;Céu Claro;Simples;Reta;Não;1;0;0;0;1;0;0;1;-26,18440207;-50,94120026;SPRF-PR;DEL02-PR;UOP03-DEL02-PR
709740;06/08/2025;quarta-feira;10:20:00;SC;101;132,6;BALNEARIO CAMBORIU;Acessar a via sem observar a presença dos outros veículos;Colisão transversal;Com Vítimas Feridas;Pleno dia;Crescente;Céu Claro;Múltipla;Interseção de Vias;Sim;3;0;2;1;0;0;3;2;-26,99874;-48,64916;SPRF-SC;DEL04-SC;UOP03-DEL04-SC
709741;06/08/2025;quarta-feira;10:10:00;RS;470;218;BENTO GONCALVES;Acumulo de óleo sobre o pavimento;Queda de ocupante de veículo;Com Vítimas Feridas;Pleno dia;Decrescente;Céu Claro;Dupla;Curva;Não;1;0;1;0;0;0;1;1;-29,19115101;-51,52392626;SPRF-RS;DEL06-RS;UOP01-DEL06-RS
709744;06/08/2025;quarta-feira;10:35:00;MG;381;609,3;OLIVEIRA;Condutor Dormindo;Saída de leito carroçável;Com Vítimas Feridas;Pleno dia;Decrescente;Céu Claro;Dupla;Curva;Não;2;0;1;0;1;0;1;1;-20,70502307;-44,75342274;SPRF-MG;DEL04-MG;UOP01-DEL04-MG
709745;14/07/2025;segunda-feira;15:00:00;GO;364;91;CACHOEIRA ALTA;Ausência de reação do condutor;Saída de leito carroçável;Com Vítimas Feridas;Pleno dia;Decrescente;Sol;Simples;Reta;Não;3;0;3;0;0;0;3;1;-18,485102;-51,077453;SPRF-GO;DEL05-GO;UOP02-DEL05-GO
709746;06/08/2025;quarta-feira;10:50:00;PR;376;297;MAUA DA SERRA;Velocidade Incompatível;Colisão traseira;Com Vítimas Feridas;Pleno dia;Decrescente;Sol;Dupla;Reta;Não;3;0;1;0;1;1;1;3;-23,92016262;-51,176922;SPRF-PR;DEL07-PR;UOP02-DEL07-PR
709747;24/07/2025;quinta-feira;16:50:00;SC;470;146;RIO DO SUL;Frear bruscamente;Colisão traseira;Sem Vítimas;Pleno dia;Decrescente;Chuva;Simples;Reta;Não;4;0;0;0;4;0;0;2;-27,23646306;-49,68065707;SPRF-SC;DEL04-SC;UOP02-DEL04-SC
709748;25/07/2025;sexta-feira;12:30:00;RJ;116;176;SAO JOAO DE MERITI;Ausência de reação do condutor;Colisão frontal;Com Vítimas Feridas;Pleno dia;Crescente;Nublado;Múltipla;Curva;Sim;1;0;1;0;0;0;1;1;-22,78382506;-43,38207576;SPRF-RJ;DEL06-RJ;UOP01-DEL06-RJ
709750;29/07/2025;terça-feira;20:20:00;CE;20;325,9;CARIDADE;Manobra de mudança de faixa;Colisão frontal;Com Vítimas Feridas;Plena Noite;Crescente;Céu Claro;Simples;Reta;Sim;3;0;0;3;0;0;3;2;-4,230498;-39,198783;SPRF-CE;DEL02-CE;UOP01-DEL02-CE
709754;06/08/2025;quarta-feira;11:30:00;MG;262;356;BETIM;Ausência de reação do condutor;Tombamento;Com Vítimas Feridas;Pleno dia;Crescente;Sol;Múltipla;"Curva;Rotatória";Não;2;0;2;0;0;0;2;1;-19,97898;-44,22532;SPRF-MG;DEL01-MG;UOP03-DEL01-MG
709755;06/08/2025;quarta-feira;12:00:00;RN;101;108,9;PARNAMIRIM;Acostamento em desnível;Tombamento;Com Vítimas Feridas;Pleno dia;Decrescente;Chuva;Dupla;Reta;Sim;2;0;2;0;0;0;2;1;-5,932673;-35,264722;SPRF-RN;DEL01-RN;UOP01-DEL01-RN
709756;06/08/2025;quarta-feira;12:20:00;RJ;101;322;NITEROI;Condutor deixou de manter distância do veículo da frente;Colisão traseira;Com Vítimas Feridas;Pleno dia;Crescente;Céu Claro;Dupla;"Reta;Ponte";Não;2;0;1;0;1;0;1;2;-22,87506543;-43,12000227;SPRF-RJ;DEL02-RJ;UOP01-DEL02-RJ
709757;06/08/2025;quarta-feira;12:00:00;SC;282;1,1;FLORIANOPOLIS;Reação tardia ou ineficiente do condutor;Colisão traseira;Com Vítimas Feridas;Pleno dia;Crescente;Céu Claro;Dupla;Curva;Sim;2;0;1;0;1;0;1;2;-27,60277533;-48,58086554;SPRF-SC;DEL01-SC;UOP01-DEL01-SC
709760;06/08/2025;quarta-feira;12:35:00;MG;381;484;BETIM;Condutor deixou de manter distância do veículo da frente;Colisão traseira;Com Vítimas Feridas;Pleno dia;Crescente;Céu Claro;Dupla;"Reta;Declive";Sim;3;0;1;1;1;0;2;2;-19,95955;-44,08695;SPRF-MG;DEL01-MG;UOP03-DEL01-MG
709762;06/08/2025;quarta-feira;13:00:00;RS;290;40;SANTO ANTONIO DA PATRULHA;Demais falhas mecânicas ou elétricas;Incêndio;Sem Vítimas;Pleno dia;Crescente;Céu Claro;Dupla;Reta;Não;1;0;0;0;1;0;0;1;-29,88620659;-50,65851688;SPRF-RS;DEL03-RS;UOP01-DEL03-RS
709765;06/08/2025;quarta-feira;12:50:00;RN;304;49,2;MOSSORO;Acessar a via sem observar a presença dos outros veículos;Colisão lateral mesmo sentido;Com Vítimas Feridas;Pleno dia;Decrescente;Céu Claro;Dupla;"Retorno Regulamentado;Interseção de Vias";Sim;3;0;2;0;1;0;2;2;-5,21842979;-37,32823517;SPRF-RN;DEL04-RN;UOP01-DEL04-RN
709766;06/08/2025;quarta-feira;11:00:00;MG;381;301;ANTONIO DIAS;Ausência de reação do condutor;Colisão traseira;Sem Vítimas;Pleno dia;Crescente;Céu Claro;Simples;Curva;Não;2;0;0;0;2;0;0;2;-19,5887104;-42,7393024;SPRF-MG;DEL03-MG;UOP02-DEL03-MG
709771;06/08/2025;quarta-feira;12:41:00;PR;369;33;CAMBARA;Reação tardia ou ineficiente do condutor;Saída de leito carroçável;Sem Vítimas;Pleno dia;Decrescente;Céu Claro;Dupla;Curva;Não;1;0;0;0;1;0;0;1;-23,03272;-50,204435;SPRF-PR;DEL07-PR;UOP05-DEL07-PR
709772;06/08/2025;quarta-feira;13:20:00;DF;40;5;BRASILIA;Reação tardia ou ineficiente do condutor;Colisão traseira;Com Vítimas Feridas;Pleno dia;Decrescente;Céu Claro;Dupla;Reta;Sim;2;0;1;0;0;1;1;2;-16,026514;-47,979322;SPRF-DF;DEL01-DF;UOP01-DEL01-DF
709774;06/08/2025;quarta-feira;09:45:00;AC;364;139;RIO BRANCO;Avarias e/ou desgaste excessivo no pneu;Tombamento;Com Vítimas Feridas;Pleno dia;Decrescente;Sol;Dupla;Reta;Não;1;0;0;1;0;0;1;1;-9,951967;-67,863354;SPRF-AC;DEL01-AC;UOP01-DEL01-AC
709778;06/08/2025;quarta-feira;13:40:00;SC;470;108,6;APIUNA;Ultrapassagem Indevida;Colisão frontal;Com Vítimas Feridas;Pleno dia;Crescente;Nublado;Simples;"Reta;Interseção de Vias";Sim;2;0;1;1;0;0;2;2;-27,083709;-49,446679;SPRF-SC;DEL04-SC;UOP02-DEL04-SC
709779;09/07/2025;quarta-feira;07:45:00;PR;116;18,5;CURITIBA;Reação tardia ou ineficiente do condutor;Tombamento;Com Vítimas Feridas;Pleno dia;Crescente;Nublado;Dupla;Reta;Sim;1;0;1;0;0;0;1;1;-25,388951;-49,195239;SPRF-PR;DEL01-PR;UOP02-DEL01-PR
709783;06/08/2025;quarta-feira;14:25:00;RN;110;46;MOSSORO;Acesso irregular;Colisão transversal;Com Vítimas Feridas;Pleno dia;Decrescente;Céu Claro;Simples;Reta;Sim;2;0;1;0;1;0;1;2;-5,196567;-37,316607;SPRF-RN;DEL04-RN;UOP01-DEL04-RN
709784;06/08/2025;quarta-feira;14:00:00;PI;316;9;TERESINA;Manobra de mudança de faixa;Colisão lateral mesmo sentido;Com Vítimas Feridas;Pleno dia;Decrescente;Céu Claro;Simples;Reta;Sim;2;0;1;0;1;0;1;2;-5,16986254;-42,76740342;SPRF-PI;DEL01-PI;UOP02-DEL01-PI
709787;06/08/2025;quarta-feira;14:00:00;SC;280;22;ARAQUARI;Velocidade Incompatível;Saída de leito carroçável;Com Vítimas Feridas;Pleno dia;Decrescente;Nublado;Simples;Reta;Sim;1;0;1;0;0;0;1;1;-26,37433331;-48,71589867;SPRF-SC;DEL03-SC;UOP03-DEL03-SC
709788;06/08/2025;quarta-feira;14:23:00;MG;262;692,5;ARAXA;Desrespeitar a preferência no cruzamento;Colisão transversal;Sem Vítimas;Pleno dia;Decrescente;Céu Claro;Simples;"Reta;Interseção de Vias";Não;3;0;0;0;3;0;0;2;-19,554618;-46,965168;SPRF-MG;DEL08-MG;UOP01-DEL08-MG
709789;06/08/2025;quarta-feira;14:50:00;SE;101;151,3;ESTANCIA;Acessar a via sem observar a presença dos outros veículos;Colisão transversal;Com Vítimas Feridas;Pleno dia;Decrescente;Sol;Simples;"Reta;Interseção de Vias";Sim;3;0;1;1;1;0;2;2;-11,26249725;-37,44158864;SPRF-SE;DEL02-SE;UOP01-DEL02-SE
709790;06/08/2025;quarta-feira;15:30:00;PB;101;85;BAYEUX;Ultrapassagem Indevida;Colisão lateral mesmo sentido;Com Vítimas Feridas;Pleno dia;Decrescente;Céu Claro;Dupla;Reta;Sim;2;0;0;1;1;0;1;2;-7,14552472;-34,916394;SPRF-PB;DEL01-PB;UOP01-DEL01-PB
709791;06/08/2025;quarta-feira;13:25:00;SC;470;116,2;IBIRAMA;Acessar a via sem observar a presença dos outros veículos;Colisão transversal;Com Vítimas Feridas;Pleno dia;Crescente;Nublado;Simples;"Reta;Interseção de Vias";Não;6;0;2;0;4;0;2;2;-27,07797226;-49,49247329;SPRF-SC;DEL04-SC;UOP02-DEL04-SC
709792;06/08/2025;quarta-feira;14:00:00;MT;174;282;PONTES E LACERDA;Animais na Pista;Atropelamento de Animal;Com Vítimas Feridas;Pleno dia;Decrescente;Céu Claro;Simples;Reta;Não;1;0;1;0;0;0;1;1;-15,286755;-59,2817183;SPRF-MT;DEL04-MT;UOP01-DEL04-MT
709793;06/08/2025;quarta-feira;14:15:00;SP;116;65;GUARATINGUETA;Acessar a via sem observar a presença dos outros veículos;Tombamento;Com Vítimas Feridas;Pleno dia;Decrescente;Sol;Simples;Rotatória;Sim;1;0;1;0;0;0;1;1;-22,823853;-45,19266;SPRF-SP;DEL08-SP;UOP01-DEL08-SP
709794;21/07/2025;segunda-feira;16:30:00;RN;101;81;SAO GONCALO DO AMARANTE;Ausência de reação do condutor;Engavetamento;Sem Vítimas;Pleno dia;Crescente;Sol;Dupla;Reta;Sim;5;0;0;0;5;0;0;3;-5,76452;-35,283834;SPRF-RN;DEL02-RN;UOP01-DEL02-RN
709795;06/08/2025;quarta-feira;13:20:00;RJ;40;60;PETROPOLIS;Ausência de reação do condutor;Saída de leito carroçável;Com Vítimas Feridas;Pleno dia;Crescente;Chuva;Dupla;Curva;Sim;2;0;2;0;0;0;2;1;-22,39344808;-43,13348562;SPRF-RJ;DEL05-RJ;UOP02-DEL05-RJ
709797;19/06/2025;quinta-feira;17:55:00;SC;470;110,9;APIUNA;Transitar na contramão;Colisão frontal;Com Vítimas Feridas;Plena Noite;Crescente;Chuva;Simples;Reta;Não;3;0;3;0;0;0;3;2;-27,09605;-49,45789;SPRF-SC;DEL04-SC;UOP02-DEL04-SC
709798;06/08/2025;quarta-feira;16:00:00;SP;116;107;TAUBATE;Demais falhas mecânicas ou elétricas;Colisão com objeto;Com Vítimas Feridas;Pleno dia;Decrescente;Sol;Dupla;Reta;Sim;1;0;1;0;0;0;1;1;-23,01925583;-45,53287312;SPRF-SP;DEL02-SP;UOP02-DEL02-SP
709800;26/07/2025;sábado;00:00:00;SC;280;274,9;IRINEOPOLIS;Ingestão de álcool pelo condutor;Saída de leito carroçável;Com Vítimas Feridas;Plena Noite;Crescente;Nublado;Simples;"Aclive;Interseção de Vias";Não;1;0;0;1;0;0;1;1;-26,28638541;-50,78123486;SPRF-SC;DEL06-SC;UOP04-DEL06-SC
709806;06/08/2025;quarta-feira;17:10:00;SC;101;122;ITAJAI;Manobra de mudança de faixa;Colisão traseira;Com Vítimas Feridas;Pleno dia;Decrescente;Nublado;Múltipla;Curva;Sim;2;0;1;0;1;0;1;2;-26,93199728;-48,70315902;SPRF-SC;DEL04-SC;UOP04-DEL04-SC
709809;06/08/2025;quarta-feira;17:08:00;GO;153;518,7;HIDROLANDIA;Ausência de reação do condutor;Queda de ocupante de veículo;Com Vítimas Feridas;Pleno dia;Crescente;Céu Claro;Dupla;Reta;Não;1;0;0;1;0;0;1;1;-16,865337;-49,250182;SPRF-GO;DEL01-GO;UOP03-DEL01-GO
709810;06/08/2025;quarta-feira;17:20:00;PE;232;175,7;BELO JARDIM;Animais na Pista;Atropelamento de Animal;Com Vítimas Feridas;Pleno dia;Decrescente;Céu Claro;Simples;"Declive;Reta";Não;2;0;1;1;0;0;2;1;-8,34479;-36,393077;SPRF-PE;DEL03-PE;UOP02-DEL03-PE
709811;06/08/2025;quarta-feira;16:50:00;RN;226;2;NATAL;Manobra de mudança de faixa;Colisão lateral mesmo sentido;Com Vítimas Feridas;Plena Noite;Crescente;Céu Claro;Dupla;Reta;Sim;1;0;1;0;0;0;1;1;-5,8138369;-35,2472894;SPRF-RN;DEL01-RN;UOP02-DEL01-RN
709812;06/08/2025;quarta-feira;17:25:00;RN;101;108;PARNAMIRIM;Manobra de mudança de faixa;Colisão traseira;Com Vítimas Feridas;Anoitecer;Crescente;Céu Claro;Dupla;Reta;Sim;3;0;2;0;1;0;2;2;-5,927755;-35,26498;SPRF-RN;DEL01-RN;UOP01-DEL01-RN
709814;06/08/2025;quarta-feira;17:20:00;CE;222;3;FORTALEZA;Manobra de mudança de faixa;Colisão traseira;Com Vítimas Feridas;Anoitecer;Decrescente;Céu Claro;Dupla;Reta;Sim;2;0;1;0;1;0;1;2;-3,73882047;-38,58393844;SPRF-CE;DEL01-CE;UOP01-DEL01-CE
709816;06/08/2025;quarta-feira;17:25:00;PE;101;76;RECIFE;Transitar no Acostamento;Colisão lateral mesmo sentido;Com Vítimas Feridas;Plena Noite;Decrescente;Céu Claro;Dupla;Reta;Sim;1;0;1;0;0;0;1;1;-8,121845;-34,942958;SPRF-PE;DEL01-PE;UOP01-DEL01-PE
709818;06/08/2025;quarta-feira;17:00:00;SC;280;47,6;GUARAMIRIM;Acessar a via sem observar a presença dos outros veículos;Colisão traseira;Com Vítimas Feridas;Anoitecer;Crescente;Garoa/Chuvisco;Dupla;Curva;Não;3;0;0;1;2;0;1;3;-26,45224221;-48,90117645;SPRF-SC;DEL03-SC;UOP03-DEL03-SC
709820;06/08/2025;quarta-feira;15:45:00;PR;116;16;CAMPINA GRANDE DO SUL;Reação tardia ou ineficiente do condutor;Saída de leito carroçável;Com Vítimas Feridas;Pleno dia;Decrescente;Garoa/Chuvisco;Dupla;Reta;Não;2;0;1;0;1;0;1;1;-25,102632;-48,70011;SPRF-PR;DEL01-PR;UOP02-DEL01-PR
709821;06/08/2025;quarta-feira;17:20:00;RS;158;313;ITAARA;Acessar a via sem observar a presença dos outros veículos;Colisão transversal;Com Vítimas Feridas;Pleno dia;Decrescente;Céu Claro;Dupla;"Em Obras;Curva";Não;2;0;1;0;1;0;1;2;-29,64206414;-53,75928998;SPRF-RS;DEL09-RS;UOP01-DEL09-RS