id;data_inversa;dia_semana;horario;uf;br;km;municipio;causa_acidente;tipo_acidente;classificacao_acidente;fase_dia;sentido_via;condicao_metereologica;tipo_pista;tracado_via;uso_solo;pessoas;mortos;feridos_leves;feridos_graves;ilesos;ignorados;feridos;veiculos;latitude;longitude;regional;delegacia;uop
710071;07/08/2025;quinta-feira;20:00:00;SC;101;189,5;BIGUACU;Ingestão de álcool pelo condutor;Colisão com objeto;Com Vítimas Feridas;Plena Noite;Crescente;Céu Claro;Múltipla;Curva;Não;1;0;1;0;0;0;1;1;-27,464;-48,642;SPRF-SC;DEL01-SC;UOP01-DEL01-SC
710072;07/08/2025;quinta-feira;20:15:00;PR;376;241;APUCARANA;Ausência de reação do condutor;Queda de ocupante de veículo;Com Vítimas Feridas;Plena Noite;Crescente;Céu Claro;Dupla;Aclive;Não;2;0;1;0;0;1;1;1;-23,58085;-51,440849;SPRF-PR;DEL07-PR;UOP03-DEL07-PR
710073;07/08/2025;quinta-feira;18:30:00;RS;471;167;RIO PARDO;Demais falhas mecânicas ou elétricas;Capotamento;Com Vítimas Feridas;Plena Noite;Crescente;Chuva;Simples;Curva;Não;1;0;1;0;0;0;1;1;-29,92815944;-52,39173889;SPRF-RS;DEL02-RS;UOP03-DEL02-RS
710074;07/08/2025;quinta-feira;18:00:00;PB;230;500,8;CAJAZEIRAS;Condutor deixou de manter distância do veículo da frente;Colisão traseira;Com Vítimas Feridas;Plena Noite;Crescente;Céu Claro;Simples;"Declive;Reta";Sim;4;0;0;2;2;0;2;3;-6,897303;-38,52686;SPRF-PB;DEL03-PB;UOP03-DEL03-PB
710076;07/08/2025;quinta-feira;15:00:00;MG;267;19,2;LEOPOLDINA;Ultrapassagem Indevida;Tombamento;Com Vítimas Feridas;Pleno dia;Crescente;Céu Claro;Simples;"Aclive;Curva";Não;3;0;1;0;0;2;1;2;-21,585976;-42,778072;SPRF-MG;DEL07-MG;UOP01-DEL07-MG
710079;07/08/2025;quinta-feira;19:10:00;BA;407;1;JUAZEIRO;Transitar no Acostamento;Colisão transversal;Com Vítimas Feridas;Plena Noite;Crescente;Céu Claro;Simples;Reta;Sim;2;0;1;0;1;0;1;2;-9,4195043;-40,5075129;SPRF-PE;DEL06-PE;UOP01-DEL06-PE
710080;07/08/2025;quinta-feira;20:45:00;ES;101;285;CARIACICA;Ausência de reação do condutor;Colisão transversal;Com Vítimas Feridas;Plena Noite;Crescente;Céu Claro;Dupla;"Reta;Retorno Regulamentado";Sim;2;0;1;0;1;0;1;2;-20,251689;-40,3737594;SPRF-ES;DEL01-ES;UOP01-DEL01-ES
710081;07/08/2025;quinta-feira;19:36:00;SP;116;314;JUQUITIBA;Pista Escorregadia;Queda de ocupante de veículo;Com Vítimas Feridas;Plena Noite;Decrescente;Céu Claro;Dupla;Reta;Sim;1;0;1;0;0;0;1;1;-23,93503507;-47,01732159;SPRF-SP;DEL04-SP;UOP01-DEL04-SP
710082;07/08/2025;quinta-feira;20:30:00;PR;116;113,1;CURITIBA;Manobra de mudança de faixa;Colisão traseira;Com Vítimas Feridas;Plena Noite;Crescente;Nublado;Múltipla;Reta;Sim;3;0;1;0;2;0;1;2;-25,549023;-49,284277;SPRF-PR;DEL01-PR;UOP03-DEL01-PR
710084;07/08/2025;quinta-feira;18:49:00;GO;50;105;CRISTALINA;Avarias e/ou desgaste excessivo no pneu;Queda de ocupante de veículo;Com Vítimas Feridas;Plena Noite;Decrescente;Céu Claro;Simples;Reta;Sim;2;0;2;0;0;0;2;1;-16,713184;-47,670102;SPRF-DF;DEL01-DF;UOP02-DEL01-DF
710085;07/08/2025;quinta-feira;20:22:00;RJ;101;384;ITAGUAI;Reação tardia ou ineficiente do condutor;Atropelamento de Pedestre;Com Vítimas Feridas;Plena Noite;Decrescente;Céu Claro;Múltipla;Reta;Não;2;0;1;0;1;0;1;2;-22,8589275;-43,7591365;SPRF-RJ;DEL03-RJ;UOP01-DEL03-RJ
710087;07/08/2025;quinta-feira;19:20:00;MT;70;99;GENERAL CARNEIRO;Retorno proibido;Colisão transversal;Com Vítimas Feridas;Plena Noite;Crescente;Céu Claro;Simples;Reta;Não;6;0;2;2;2;0;4;2;-15,569882;-52,911983;SPRF-MT;DEL07-MT;UOP01-DEL07-MT
710088;07/08/2025;quinta-feira;18:20:00;SC;280;28;ARAQUARI;Pedestre cruzava a pista fora da faixa;Atropelamento de Pedestre;Com Vítimas Feridas;Anoitecer;Crescente;Nublado;Simples;Reta;Não;2;0;1;0;1;0;1;2;-26,404105;-48,745329;SPRF-SC;DEL03-SC;UOP03-DEL03-SC
710089;07/08/2025;quinta-feira;21:15:00;SP;116;177;GUARAREMA;Ausência de reação do condutor;Colisão lateral mesmo sentido;Com Vítimas Fatais;Plena Noite;Decrescente;Ignorado;Dupla;"Reta;Declive";Não;2;1;0;0;1;0;0;2;-23,3241367;-46,12105608;SPRF-SP;DEL01-SP;UOP01-DEL01-SP
710092;07/08/2025;quinta-feira;19:00:00;SC;470;58;BLUMENAU;Deficiência do Sistema de Iluminação/Sinalização;Saída de leito carroçável;Sem Vítimas;Plena Noite;Decrescente;Nublado;Múltipla;"Reta;Em Obras";Não;1;0;0;0;1;0;0;1;-26,88420536;-49,14710132;SPRF-SC;DEL04-SC;UOP01-DEL04-SC
710093;07/08/2025;quinta-feira;21:35:00;RJ;40;87;PETROPOLIS;Condutor Dormindo;Saída de leito carroçável;Com Vítimas Feridas;Plena Noite;Crescente;Nevoeiro/Neblina;Simples;Curva;Não;2;0;1;0;1;0;1;1;-22,55663133;-43,22778312;SPRF-RJ;DEL01-RJ;UOP01-DEL01-RJ
710096;07/08/2025;quinta-feira;21:12:00;PR;153;4,7;JACAREZINHO;Ausência de reação do condutor;Colisão traseira;Com Vítimas Feridas;Plena Noite;Decrescente;Nublado;Simples;Reta;Não;2;0;1;0;1;0;1;2;-23,03232;-49,918206;SPRF-PR;DEL07-PR;UOP04-DEL07-PR
710098;07/08/2025;quinta-feira;22:00:00;PR;116;14,9;COLOMBO;Reação tardia ou ineficiente do condutor;Colisão com objeto;Com Vítimas Feridas;Plena Noite;Crescente;Nublado;Dupla;Reta;Sim;1;0;1;0;0;0;1;1;-25,38339;-49,168303;SPRF-PR;DEL01-PR;UOP02-DEL01-PR
710099;07/08/2025;quinta-feira;20:50:00;PI;316;372,6;VILA NOVA DO PIAUI;Ausência de reação do condutor;Queda de ocupante de veículo;Com Vítimas Feridas;Plena Noite;Crescente;Céu Claro;Simples;"Aclive;Curva";Não;1;0;0;1;0;0;1;1;-7,150313;-40,917332;SPRF-PI;DEL04-PI;UOP03-DEL04-PI
710101;07/08/2025;quinta-feira;20:40:00;MT;174;8;PONTES E LACERDA;Ingestão de álcool pelo condutor;Saída de leito carroçável;Sem Vítimas;Anoitecer;Decrescente;Céu Claro;Simples;Curva;Não;1;0;0;0;0;1;0;1;-15,20349539;-59,36656661;SPRF-MT;DEL04-MT;UOP01-DEL04-MT
710103;07/08/2025;quinta-feira;22:05:00;RJ;393;177;PARAIBA DO SUL;Acessar a via sem observar a presença dos outros veículos;Colisão transversal;Com Vítimas Feridas;Plena Noite;Decrescente;Céu Claro;Simples;Reta;Sim;3;0;1;1;1;0;2;2;-22,13736643;-43,25263739;SPRF-RJ;DEL05-RJ;UOP03-DEL05-RJ
710104;07/08/2025;quinta-feira;21:20:00;PE;232;407;SERRA TALHADA;Acessar a via sem observar a presença dos outros veículos;Colisão transversal;Com Vítimas Feridas;Plena Noite;Decrescente;Céu Claro;Simples;Reta;Sim;3;0;2;0;1;0;2;2;-7,984315;-38,277623;SPRF-PE;DEL04-PE;UOP01-DEL04-PE
710105;07/08/2025;quinta-feira;22:40:00;PR;376;5,2;APUCARANA;Manobra de mudança de faixa;Colisão traseira;Com Vítimas Feridas;Plena Noite;Crescente;Céu Claro;Simples;Reta;Sim;2;0;1;1;0;0;2;2;-23,5444359;-51,45395558;SPRF-PR;DEL07-PR;UOP03-DEL07-PR
710106;07/08/2025;quinta-feira;19:30:00;MT;163;838;SINOP;Conversão proibida;Colisão lateral mesmo sentido;Com Vítimas Feridas;Plena Noite;Decrescente;Céu Claro;Simples;Reta;Não;2;0;1;0;1;0;1;2;-11,83508397;-55,4884243;SPRF-MT;DEL06-MT;UOP02-DEL06-MT
710107;07/08/2025;quinta-feira;23:00:00;SC;101;45,9;PALHOCA;Demais falhas mecânicas ou elétricas;Incêndio;Sem Vítimas;Plena Noite;Crescente;Nublado;Dupla;"Declive;Reta";Não;1;0;0;0;1;0;0;1;-27,68286125;-48,69121447;SPRF-SC;DEL01-SC;UOP02-DEL01-SC
710108;07/08/2025;quinta-feira;21:15:00;PE;424;73;GARANHUNS;Ausência de reação do condutor;Colisão frontal;Com Vítimas Feridas;Plena Noite;Decrescente;Céu Claro;Simples;"Declive;Reta";Não;2;0;1;0;1;0;1;2;-8,869726;-36,4629852;SPRF-PE;DEL03-PE;UOP01-DEL03-PE
710109;07/08/2025;quinta-feira;21:00:00;RJ;101;334;RIO DE JANEIRO;Ausência de reação do condutor;Colisão com objeto;Com Vítimas Feridas;Plena Noite;Crescente;Céu Claro;Dupla;Reta;Sim;1;0;1;0;0;0;1;1;-22,87853274;-43,20735097;SPRF-RJ;DEL02-RJ;UOP01-DEL02-RJ
710111;07/08/2025;quinta-feira;23:45:00;GO;60;97,1;ANAPOLIS;Objeto estático sobre o leito carroçável;Colisão com objeto;Com Vítimas Feridas;Plena Noite;Crescente;Céu Claro;Dupla;"Retorno Regulamentado;Reta";Sim;2;0;2;0;0;0;2;1;-16,37786354;-48,94866027;SPRF-GO;DEL02-GO;UOP01-DEL02-GO
710112;07/08/2025;quinta-feira;22:24:00;MS;163;495;CAMPO GRANDE;Ausência de reação do condutor;Tombamento;Com Vítimas Feridas;Plena Noite;Crescente;Céu Claro;Dupla;"Reta;Interseção de Vias";Não;1;0;1;0;0;0;1;1;-20,36238;-54,527457;SPRF-MS;DEL01-MS;UOP02-DEL01-MS
710114;07/08/2025;quinta-feira;19:30:00;BA;349;1100;CORRENTINA;Ausência de sinalização;Colisão traseira;Com Vítimas Feridas;Plena Noite;Crescente;Ignorado;Simples;Reta;Não;17;0;0;1;16;0;1;2;-13,66733826;-45,80749512;SPRF-BA;DEL10-BA;UOP02-DEL10-BA
710115;07/08/2025;quinta-feira;21:50:00;RJ;116;173;SAO JOAO DE MERITI;Acumulo de areia ou detritos sobre o pavimento;Tombamento;Com Vítimas Feridas;Plena Noite;Crescente;Nublado;Múltipla;Reta;Sim;1;0;1;0;0;0;1;1;-22,79495029;-43,36245624;SPRF-RJ;DEL06-RJ;UOP01-DEL06-RJ
710116;07/08/2025;quinta-feira;23:50:00;MG;381;486;BETIM;Animais na Pista;Atropelamento de Animal;Com Vítimas Feridas;Plena Noite;Crescente;Nublado;Dupla;Reta;Não;1;0;1;0;0;0;1;1;-19,95588529;-44,10506414;SPRF-MG;DEL01-MG;UOP03-DEL01-MG
710117;07/08/2025;quinta-feira;23:35:00;SC;101;117,5;ITAJAI;Ausência de reação do condutor;Tombamento;Com Vítimas Feridas;Plena Noite;Decrescente;Céu Claro;Simples;Reta;Não;1;0;1;0;0;0;1;1;-26,89209;-48,72024;SPRF-SC;DEL04-SC;UOP04-DEL04-SC
710119;07/08/2025;quinta-feira;22:20:00;MT;163;906;CLAUDIA;Animais na Pista;Capotamento;Com Vítimas Feridas;Plena Noite;Crescente;Céu Claro;Simples;Declive;Não;1;0;1;0;0;0;1;1;-11,260078;-55,310928;SPRF-MT;DEL06-MT;UOP02-DEL06-MT
710120;08/08/2025;sexta-feira;00:00:00;MG;116;276;TEOFILO OTONI;Acessar a via sem observar a presença dos outros veículos;Colisão transversal;Com Vítimas Feridas;Plena Noite;Decrescente;Nublado;Múltipla;"Retorno Regulamentado;Rotatória";Sim;4;0;0;2;1;1;2;3;-17,85137021;-41,51434064;SPRF-MG;DEL11-MG;UOP01-DEL11-MG
710121;08/08/2025;sexta-feira;00:24:00;MS;163;548;BANDEIRANTES;Acessar a via sem observar a presença dos outros veículos;Atropelamento de Pedestre;Com Vítimas Fatais;Plena Noite;Crescente;Céu Claro;Simples;Reta;Sim;6;1;0;0;5;0;0;2;-19,9160467;-54,36933416;SPRF-MS;DEL01-MS;UOP02-DEL01-MS
710122;08/08/2025;sexta-feira;00:30:00;RN;110;36;MOSSORO;Animais na Pista;Atropelamento de Animal;Com Vítimas Feridas;Plena Noite;Crescente;Céu Claro;Simples;Reta;Sim;2;0;2;0;0;0;2;1;-5,1692071;-37,24393186;SPRF-RN;DEL04-RN;UOP01-DEL04-RN
710124;03/08/2025;domingo;20:00:00;BA;324;577;SAO SEBASTIAO DO PASSE;Demais falhas mecânicas ou elétricas;Incêndio;Sem Vítimas;Plena Noite;Crescente;Céu Claro;Dupla;Reta;Não;1;0;0;0;1;0;0;1;-12,5906312;-38,5206651;SPRF-BA;DEL01-BA;UOP01-DEL01-BA
710127;08/08/2025;sexta-feira;01:40:00;MG;153;79;PRATA;Reação tardia ou ineficiente do condutor;Saída de leito carroçável;Com Vítimas Feridas;Plena Noite;Crescente;Céu Claro;Múltipla;Aclive;Não;1;0;1;0;0;0;1;1;-19,0797868;-48,99817586;SPRF-MG;DEL15-MG;UOP03-DEL15-MG
710129;08/08/2025;sexta-feira;03:55:00;PB;101;83;BAYEUX;Manobra de mudança de faixa;Colisão traseira;Com Vítimas Feridas;Plena Noite;Decrescente;Nublado;Dupla;Reta;Sim;2;0;1;0;1;0;1;2;-7,13412045;-34,92907673;SPRF-PB;DEL01-PB;UOP01-DEL01-PB
710130;08/08/2025;sexta-feira;04:00:00;MG;262;821;UBERABA;Condutor Dormindo;Saída de leito carroçável;Com Vítimas Feridas;Plena Noite;Decrescente;Céu Claro;Dupla;Reta;Não;1;0;0;1;0;0;1;1;-19,7610791;-48,0810643;SPRF-MG;DEL13-MG;UOP01-DEL13-MG
710131;08/08/2025;sexta-feira;03:30:00;MG;354;748,5;ITANHANDU;Ingestão de álcool pelo condutor;Saída de leito carroçável;Com Vítimas Feridas;Plena Noite;Decrescente;Céu Claro;Simples;Reta;Não;2;0;2;0;0;0;2;1;-22,2654694;-44,9059806;SPRF-MG;DEL17-MG;UOP01-DEL17-MG
710132;08/08/2025;sexta-feira;03:20:00;GO;40;21;LUZIANIA;Ausência de reação do condutor;Queda de ocupante de veículo;Com Vítimas Feridas;Plena Noite;Crescente;Céu Claro;Dupla;Reta;Sim;2;0;1;1;0;0;2;1;-16,15532576;-47,93884277;SPRF-DF;DEL01-DF;UOP01-DEL01-DF
710133;08/08/2025;sexta-feira;04:25:00;SC;101;134,6;BALNEARIO CAMBORIU;Reação tardia ou ineficiente do condutor;Colisão com objeto;Sem Vítimas;Plena Noite;Crescente;Chuva;Dupla;Interseção de Vias;Sim;1;0;0;0;1;0;0;1;-27,00196618;-48,63822341;SPRF-SC;DEL04-SC;UOP03-DEL04-SC
710134;08/08/2025;sexta-feira;03:55:00;SC;101;57,7;ARAQUARI;Chuva;Saída de leito carroçável;Com Vítimas Feridas;Plena Noite;Crescente;Chuva;Dupla;Curva;Não;2;0;1;1;0;0;2;1;-26,44352481;-48,79989624;SPRF-SC;DEL03-SC;UOP01-DEL03-SC
710135;08/08/2025;sexta-feira;03:00:00;PR;153;4;IMBITUVA;Acessar a via sem observar a presença dos outros veículos;Colisão transversal;Com Vítimas Feridas;Plena Noite;Crescente;Céu Claro;Simples;Curva;Sim;5;0;2;0;3;0;2;2;-25,218353;-50,590871;SPRF-PR;DEL07-PR;UOP04-DEL07-PR
710136;08/08/2025;sexta-feira;04:30:00;PR;277;73,9;SAO JOSE DOS PINHAIS;Ausência de reação do condutor;Colisão traseira;Sem Vítimas;Plena Noite;Decrescente;Nublado;Dupla;Reta;Não;1;0;0;0;1;0;0;1;-25,49782651;-49,15935516;SPRF-PR;DEL01-PR;UOP07-DEL01-PR
710138;08/08/2025;sexta-feira;05:20:00;RJ;101;473;ANGRA DOS REIS;Transitar na contramão;Colisão transversal;Com Vítimas Feridas;Amanhecer;Decrescente;Céu Claro;Dupla;Reta;Sim;2;0;0;1;1;0;1;2;-22,99253079;-44,24571991;SPRF-RJ;DEL03-RJ;UOP03-DEL03-RJ
710139;08/08/2025;sexta-feira;06:10:00;PR;376;129;ALTO PARANA;Condutor Dormindo;Saída de leito carroçável;Com Vítimas Feridas;Plena Noite;Decrescente;Céu Claro;Dupla;"Declive;Reta";Não;2;0;1;0;1;0;1;1;-23,166357;-52,252119;SPRF-PR;DEL09-PR;UOP02-DEL09-PR
710140;08/08/2025;sexta-feira;05:30:00;PE;101;51;PAULISTA;Ausência de reação do condutor;Capotamento;Com Vítimas Feridas;Pleno dia;Crescente;Nublado;Dupla;Curva;Sim;1;0;0;1;0;0;1;1;-7,92054961;-34,89206021;SPRF-PE;DEL01-PE;UOP02-DEL01-PE
710141;08/08/2025;sexta-feira;05:55:00;MG;40;631,3;CONSELHEIRO LAFAIETE;Entrada inopinada do pedestre;Atropelamento de Pedestre;Com Vítimas Feridas;Plena Noite;Decrescente;Céu Claro;Simples;"Aclive;Reta";Sim;3;0;0;1;1;1;1;2;-20,66917;-43,80172;SPRF-MG;DEL05-MG;UOP02-DEL05-MG
710142;08/08/2025;sexta-feira;06:00:00;SP;116;2;GUARULHOS;Ausência de reação do condutor;Colisão traseira;Com Vítimas Feridas;Pleno dia;Crescente;Nublado;Dupla;Reta;Sim;2;0;1;0;1;0;1;2;-23,4325655;-46,493083;SPRF-SP;DEL01-SP;UOP01-DEL01-SP
710143;08/08/2025;sexta-feira;03:00:00;SP;116;224,4;GUARULHOS;Ausência de reação do condutor;Colisão com objeto;Sem Vítimas;Plena Noite;Crescente;Céu Claro;Múltipla;Reta;Não;1;0;0;0;0;1;0;1;-23,4879507;-46,54475594;SPRF-SP;DEL01-SP;UOP01-DEL01-SP
710148;08/08/2025;sexta-feira;07:00:00;ES;101;277,1;SERRA;Reação tardia ou ineficiente do condutor;Colisão traseira;Com Vítimas Feridas;Pleno dia;Decrescente;Céu Claro;Simples;Reta;Sim;2;0;1;0;1;0;1;2;-20,217039;-40,328454;SPRF-ES;DEL02-ES;UOP01-DEL02-ES
710149;07/08/2025;quinta-feira;23:28:00;MG;153;148;FRUTAL;Reação tardia ou ineficiente do condutor;Saída de leito carroçável;Com Vítimas Feridas;Plena Noite;Crescente;Céu Claro;Simples;Interseção de Vias;Não;4;0;3;0;1;0;3;1;-19,9204929;-48,9610568;SPRF-MG;DEL13-MG;UOP02-DEL13-MG
710150;08/08/2025;sexta-feira;06:50:00;SC;280;57,7;GUARAMIRIM;Transitar na contramão;Colisão frontal;Com Vítimas Feridas;Amanhecer;Crescente;Garoa/Chuvisco;Dupla;Rotatória;Não;2;0;1;0;1;0;1;2;-26,474313;-49,020698;SPRF-SC;DEL03-SC;UOP03-DEL03-SC
710152;08/08/2025;sexta-feira;05:45:00;PI;316;324;PICOS;Ausência de reação do condutor;Colisão traseira;Com Vítimas Feridas;Pleno dia;Decrescente;Céu Claro;Simples;Reta;Não;2;0;0;1;1;0;1;2;-7,097527;-41,353843;SPRF-PI;DEL04-PI;UOP01-DEL04-PI
710153;08/08/2025;sexta-feira;06:35:00;SP;153;0,3;ICEM;Reação tardia ou ineficiente do condutor;Colisão frontal;Com Vítimas Feridas;Amanhecer;Crescente;Céu Claro;Simples;Reta;Não;4;0;0;1;3;0;1;2;-20,308286;-49,208014;SPRF-SP;DEL09-SP;UOP01-DEL09-SP
710154;08/08/2025;sexta-feira;07:15:00;PE;101;57;RECIFE;Reação tardia ou ineficiente do condutor;Atropelamento de Pedestre;Com Vítimas Feridas;Pleno dia;Crescente;Céu Claro;Dupla;Reta;Sim;2;0;2;0;0;0;2;2;-7,96457941;-34,91675019;SPRF-PE;DEL01-PE;UOP02-DEL01-PE
710155;08/08/2025;sexta-feira;07:20:00;SP;116;143;SAO JOSE DOS CAMPOS;Condutor Dormindo;Eventos atípicos;Sem Vítimas;Amanhecer;Decrescente;Céu Claro;Dupla;Reta;Não;1;0;0;0;0;1;0;1;-23,17627825;-45,83341599;SPRF-SP;DEL02-SP;UOP01-DEL02-SP
710156;08/08/2025;sexta-feira;07:15:00;PR;376;617,5;SAO JOSE DOS PINHAIS;Desrespeitar a preferência no cruzamento;Colisão transversal;Com Vítimas Feridas;Pleno dia;Crescente;Garoa/Chuvisco;Múltipla;"Declive;Interseção de Vias";Não;2;0;1;0;1;0;1;2;-25,5948792;-49,173715;SPRF-PR;DEL01-PR;UOP04-DEL01-PR
710157;08/08/2025;sexta-feira;06:12:00;RN;110;45;MOSSORO;Desrespeitar a preferência no cruzamento;Colisão transversal;Com Vítimas Feridas;Pleno dia;Crescente;Céu Claro;Simples;"Interseção de Vias;Reta";Sim;2;0;0;1;1;0;1;2;-5,1936;-37,31228;SPRF-RN;DEL04-RN;UOP01-DEL04-RN
710158;08/08/2025;sexta-feira;06:00:00;BA;135;86;RIACHAO DAS NEVES;Condutor Dormindo;Saída de leito carroçável;Com Vítimas Feridas;Amanhecer;Decrescente;Céu Claro;Simples;Reta;Não;1;0;1;0;0;0;1;1;-11,44259;-44,88116;SPRF-BA;DEL10-BA;UOP01-DEL10-BA
710160;08/08/2025;sexta-feira;07:20:00;MS;419;202;AQUIDAUANA;Reação tardia ou ineficiente do condutor;Saída de leito carroçável;Com Vítimas Fatais;Pleno dia;Decrescente;Céu Claro;Simples;"Reta;Em Obras";Não;1;1;0;0;0;0;0;1;-20,17;-55,72;SPRF-MS;DEL03-MS;UOP01-DEL03-MS
710161;08/08/2025;sexta-feira;08:16:00;DF;70;7,4;BRASILIA;Ausência de reação do condutor;Queda de ocupante de veículo;Com Vítimas Feridas;Pleno dia;Decrescente;Céu Claro;Dupla;Reta;Não;1;0;1;0;0;0;1;1;-15,7844069;-48,1268653;SPRF-DF;DEL03-DF;UOP02-DEL03-DF
710163;07/08/2025;quinta-feira;19:45:00;RJ;465;21;NOVA IGUACU;Transitar no Acostamento;Atropelamento de Pedestre;Com Vítimas Feridas;Pleno dia;Crescente;Ignorado;Simples;Reta;Sim;2;0;1;0;0;1;1;2;-22,85252826;-43,60233307;SPRF-RJ;DEL06-RJ;UOP02-DEL06-RJ
710167;08/08/2025;sexta-feira;07:10:00;RJ;40;113;DUQUE DE CAXIAS;Reação tardia ou ineficiente do condutor;Queda de ocupante de veículo;Com Vítimas Feridas;Pleno dia;Decrescente;Céu Claro;Dupla;Viaduto;Sim;1;0;0;1;0;0;1;1;-22,71301141;-43,28998528;SPRF-RJ;DEL01-RJ;UOP02-DEL01-RJ
710168;08/08/2025;sexta-feira;07:45:00;PR;277;31,5;MORRETES;Reação tardia ou ineficiente do condutor;Tombamento;Sem Vítimas;Pleno dia;Crescente;Chuva;Dupla;"Aclive;Curva";Não;1;0;0;0;1;0;0;1;-25,56105;-48,809213;SPRF-PR;DEL01-PR;UOP05-DEL01-PR
710169;08/08/2025;sexta-feira;05:30:00;MG;365;228;BURITIZEIRO;Acesso irregular;Colisão frontal;Com Vítimas Feridas;Amanhecer;Decrescente;Céu Claro;Simples;Reta;Não;4;0;1;3;0;0;4;2;-17,64724935;-45,40630943;SPRF-MG;DEL10-MG;UOP02-DEL010-MG
710171;08/08/2025;sexta-feira;07:30:00;RN;304;1;MOSSORO;Condutor deixou de manter distância do veículo da frente;Colisão transversal;Com Vítimas Feridas;Pleno dia;Crescente;Céu Claro;Dupla;Reta;Sim;2;0;1;0;1;0;1;2;-5,19271886;-37,36917615;SPRF-RN;DEL04-RN;UOP02-DEL04-RN
710172;08/08/2025;sexta-feira;02:00:00;RJ;493;5;ITABORAI;Ausência de reação do condutor;Queda de ocupante de veículo;Com Vítimas Feridas;Plena Noite;Crescente;Céu Claro;Simples;Reta;Sim;2;0;2;0;0;0;2;1;-22,7433118;-42,8631464;SPRF-RJ;DEL02-RJ;UOP02-DEL02-RJ
710173;08/08/2025;sexta-feira;08:50:00;GO;153;495;GOIANIA;Reação tardia ou ineficiente do condutor;Colisão traseira;Com Vítimas Feridas;Pleno dia;Crescente;Céu Claro;Dupla;Reta;Sim;3;0;0;2;1;0;2;2;-16,662158;-49,222281;SPRF-GO;DEL01-GO;UOP01-DEL01-GO
710175;19/07/2025;sábado;07:30:00;ES;101;117,9;LINHARES;Condutor deixou de manter distância do veículo da frente;Colisão traseira;Com Vítimas Feridas;Pleno dia;Crescente;Nevoeiro/Neblina;Simples;Reta;Não;4;0;3;0;1;0;3;3;-19,11912214;-40,06255149;SPRF-ES;DEL04-ES;UOP01-DEL04-ES
710176;07/08/2025;quinta-feira;17:49:00;MG;0;0;CONTAGEM;Frear bruscamente;Engavetamento;Sem Vítimas;Pleno dia;Não Informado;Céu Claro;Múltipla;Viaduto;Sim;4;0;0;0;1;3;0;4;-19,941904;-44,026542;SPRF-MG;DEL01-MG;N/A
710177;08/08/2025;sexta-feira;08:00:00;SC;101;145;ITAPEMA;Reação tardia ou ineficiente do condutor;Tombamento;Com Vítimas Feridas;Pleno dia;Crescente;Garoa/Chuvisco;Dupla;"Declive;Reta";Não;1;0;0;1;0;0;1;1;-27,08602784;-48,60694885;SPRF-SC;DEL04-SC;UOP03-DEL04-SC
710179;08/08/2025;sexta-feira;07:20:00;PB;230;155;CAMPINA GRANDE;Conversão proibida;Colisão lateral mesmo sentido;Com Vítimas Feridas;Pleno dia;Crescente;Céu Claro;Simples;Reta;Sim;2;0;1;0;1;0;1;2;-7,275987;-35,9028888;SPRF-PB;DEL02-PB;UOP01-DEL02-PB
710180;07/08/2025;quinta-feira;22:45:00;BA;330;798,8;JEQUIE;Velocidade Incompatível;Colisão transversal;Com Vítimas Feridas;Plena Noite;Crescente;Céu Claro;Simples;Curva;Não;5;0;1;0;3;1;1;2;-13,934233;-39,992036;SPRF-BA;DEL03-BA;UOP01-DEL03-BA
710181;08/08/2025;sexta-feira;09:50:00;MT;70;3;BARRA DO GARCAS;Ausência de reação do condutor;Tombamento;Com Vítimas Feridas;Pleno dia;Decrescente;Sol;Dupla;"Reta;Declive";Não;1;0;1;0;0;0;1;1;-15,8724982;-52,3855569;SPRF-MT;DEL07-MT;UOP01-DEL07-MT
710182;08/08/2025;sexta-feira;09:00:00;PR;116;115;CURITIBA;Manobra de mudança de faixa;Colisão lateral mesmo sentido;Sem Vítimas;Pleno dia;Crescente;Chuva;Múltipla;Reta;Sim;2;0;0;0;2;0;0;2;-25,54709668;-49,30371936;SPRF-PR;DEL01-PR;UOP03-DEL01-PR
710183;20/07/2025;domingo;17:00:00;PR;158;530;PATO BRANCO;Retorno proibido;Colisão transversal;Com Vítimas Feridas;Pleno dia;Crescente;Ignorado;Simples;Retorno Regulamentado;Sim;2;0;1;0;1;0;1;2;-26,199357;-52,674998;SPRF-PR;DEL02-PR;UOP01-DEL02-PR
710184;08/08/2025;sexta-feira;07:20:00;SC;470;159;TROMBUDO CENTRAL;Acessar a via sem observar a presença dos outros veículos;Colisão transversal;Com Vítimas Feridas;Pleno dia;Decrescente;Chuva;Simples;Reta;Não;2;0;2;0;0;0;2;2;-27,28565057;-49,79974933;SPRF-SC;DEL04-SC;UOP02-DEL04-SC
710186;08/08/2025;sexta-feira;07:40:00;PR;376;183;SARANDI;Ausência de reação do condutor;Colisão lateral mesmo sentido;Com Vítimas Feridas;Pleno dia;Decrescente;Nublado;Dupla;Reta;Sim;2;0;1;0;1;0;1;2;-23,43627;-51,88016;SPRF-PR;DEL09-PR;UOP01-DEL09-PR
710187;08/08/2025;sexta-feira;07:50:00;RO;364;343;JI-PARANA;Reação tardia ou ineficiente do condutor;Colisão traseira;Com Vítimas Feridas;Pleno dia;Decrescente;Céu Claro;Simples;Reta;Sim;2;0;2;0;0;0;2;2;-10,876588;-61,948717;SPRF-RO;DEL02-RO;UOP01-DEL02-RO