id;data_inversa;dia_semana;horario;uf;br;km;municipio;causa_acidente;tipo_acidente;classificacao_acidente;fase_dia;sentido_via;condicao_metereologica;tipo_pista;tracado_via;uso_solo;pessoas;mortos;feridos_leves;feridos_graves;ilesos;ignorados;feridos;veiculos;latitude;longitude;regional;delegacia;uop
710902;10/08/2025;domingo;23:35:00;SC;101;213,4;PALHOCA;Demais falhas mecânicas ou elétricas;Atropelamento de Pedestre;Com Vítimas Feridas;Plena Noite;Decrescente;Céu Claro;Múltipla;"Reta;Aclive;Viaduto";Sim;3;0;1;1;1;0;2;2;-27,64;-48,6671;SPRF-SC;DEL01-SC;UOP02-DEL01-SC
710907;10/08/2025;domingo;22:20:00;AP;156;270;MACAPA;Reação tardia ou ineficiente do condutor;Saída de leito carroçável;Com Vítimas Feridas;Plena Noite;Crescente;Vento;Simples;Curva;Não;1;0;1;0;0;0;1;1;0,205443;-51,117728;SPRF-AP;DEL01-AP;UOP01-DEL01-AP
710908;11/08/2025;segunda-feira;00:10:00;TO;153;152;ARAGUAINA;Ausência de reação do condutor;Tombamento;Com Vítimas Feridas;Plena Noite;Crescente;Nublado;Simples;Reta;Não;1;0;1;0;0;0;1;1;-7,265527;-48,263041;SPRF-TO;DEL02-TO;UOP01-DEL02-TO
710909;10/08/2025;domingo;23:00:00;BA;101;470;URUCUCA;Velocidade Incompatível;Capotamento;Sem Vítimas;Plena Noite;Decrescente;Céu Claro;Simples;Reta;Não;1;0;0;0;0;1;0;1;-14,57655601;-39,337183;SPRF-BA;DEL05-BA;UOP01-DEL05-BA
710911;11/08/2025;segunda-feira;00:30:00;PR;116;133;PINHAIS;Ausência de reação do condutor;Colisão com objeto;Sem Vítimas;Plena Noite;Crescente;Céu Claro;Dupla;"Curva;Declive";Não;1;0;0;0;1;0;0;1;-25,42525;-49,19053;SPRF-PR;DEL01-PR;UOP03-DEL01-PR
710912;10/08/2025;domingo;23:00:00;PA;316;108;SANTA MARIA DO PARA;Ausência de reação do condutor;Colisão lateral sentido oposto;Com Vítimas Feridas;Plena Noite;Crescente;Céu Claro;Simples;Reta;Não;2;0;0;1;1;0;1;2;-1,33120003;-47,5322628;SPRF-PA;DEL01-PA;UOP02-DEL01-PA
710913;11/08/2025;segunda-feira;01:00:00;MA;316;548,8;CAXIAS;Transitar na contramão;Colisão transversal;Com Vítimas Feridas;Plena Noite;Decrescente;Céu Claro;Simples;Reta;Não;2;0;1;0;1;0;1;2;-4,887562;-43,374413;SPRF-MA;DEL03-MA;UOP02-DEL03-MA
710914;11/08/2025;segunda-feira;01:05:00;SC;101;444,1;SANTA ROSA DO SUL;Ausência de reação do condutor;Colisão com objeto;Sem Vítimas;Plena Noite;Crescente;Céu Claro;Múltipla;Interseção de Vias;Sim;2;0;0;0;0;2;0;2;-29,135184;-49,708279;SPRF-SC;DEL02-SC;UOP02-DEL02-SC
710917;11/08/2025;segunda-feira;02:35:00;RS;386;333;MARQUES DE SOUZA;Ausência de reação do condutor;Colisão com objeto;Com Vítimas Feridas;Plena Noite;Decrescente;Céu Claro;Dupla;Curva;Não;2;0;1;0;0;1;1;1;-29,34460911;-52,07326261;SPRF-RS;DEL04-RS;UOP01-DEL04-RS
710918;11/08/2025;segunda-feira;02:40:00;GO;50;197,3;CAMPO ALEGRE DE GOIAS;Condutor Dormindo;Saída de leito carroçável;Com Vítimas Feridas;Plena Noite;Crescente;Céu Claro;Dupla;Reta;Não;1;0;1;0;0;0;1;1;-17,55846405;-47,82781962;SPRF-GO;DEL06-GO;UOP01-DEL06-GO
710919;11/08/2025;segunda-feira;01:40:00;BA;116;747,8;POCOES;Ingestão de álcool pelo condutor;Colisão frontal;Sem Vítimas;Plena Noite;Decrescente;Céu Claro;Simples;Reta;Não;4;0;0;0;4;0;0;2;-14,413129;-40,35255;SPRF-BA;DEL08-BA;UOP02-DEL08-BA
710920;10/08/2025;domingo;18:30:00;BA;116;13;VITORIA DA CONQUISTA;Demais falhas mecânicas ou elétricas;Incêndio;Sem Vítimas;Plena Noite;Decrescente;Céu Claro;Simples;Reta;Sim;1;0;0;0;1;0;0;1;-14,886264;-40,870568;SPRF-BA;DEL08-BA;UOP01-DEL08-BA
710923;11/08/2025;segunda-feira;02:30:00;BA;235;259;CURACA;Ingestão de álcool pelo condutor;Saída de leito carroçável;Com Vítimas Feridas;Plena Noite;Crescente;Céu Claro;Simples;Reta;Não;1;0;1;0;0;0;1;1;-9,70231;-39,701372;SPRF-BA;DEL07-BA;UOP03-DEL07-BA
710926;11/08/2025;segunda-feira;05:20:00;CE;20;319,7;CARIDADE;Ultrapassagem Indevida;Colisão lateral sentido oposto;Com Vítimas Feridas;Amanhecer;Decrescente;Céu Claro;Simples;"Reta;Declive";Não;3;0;1;0;2;0;1;2;-4,27315;-39,228629;SPRF-CE;DEL02-CE;UOP01-DEL02-CE
710927;11/08/2025;segunda-feira;03:50:00;RS;293;442,8;QUARAI;Condutor usando celular;Colisão com objeto;Com Vítimas Feridas;Plena Noite;Crescente;Nublado;Simples;"Rotatória;Reta";Sim;5;0;5;0;0;0;5;1;-30,3785879;-56,4607143;SPRF-RS;DEL11-RS;UOP01-DEL11-RS
710929;11/08/2025;segunda-feira;02:00:00;MG;381;149,4;GOVERNADOR VALADARES;Condutor deixou de manter distância do veículo da frente;Colisão traseira;Com Vítimas Feridas;Plena Noite;Crescente;Ignorado;Simples;"Reta;Aclive";Não;4;0;2;2;0;0;4;2;-18,86471253;-41,98916527;SPRF-MG;DEL06-MG;UOP01-DEL06-MG
710931;11/08/2025;segunda-feira;05:55:00;PR;277;3;PARANAGUA;Acessar a via sem observar a presença dos outros veículos;Colisão frontal;Com Vítimas Feridas;Plena Noite;Decrescente;Céu Claro;Simples;Interseção de Vias;Sim;2;0;0;1;1;0;1;2;-25,54629854;-48,56020181;SPRF-PR;DEL01-PR;UOP05-DEL01-PR
710932;11/08/2025;segunda-feira;05:45:00;PB;230;92;GURINHEM;Reação tardia ou ineficiente do condutor;Colisão traseira;Com Vítimas Feridas;Amanhecer;Decrescente;Céu Claro;Dupla;Reta;Não;3;0;0;1;2;0;1;2;-7,177848;-35,418012;SPRF-PB;DEL01-PB;UOP02-DEL01-PB
710934;11/08/2025;segunda-feira;06:30:00;RN;101;76;NATAL;Retorno proibido;Colisão transversal;Com Vítimas Feridas;Pleno dia;Crescente;Céu Claro;Dupla;"Aclive;Reta";Sim;2;0;0;1;1;0;1;2;-5,729746;-35,289964;SPRF-RN;DEL02-RN;UOP01-DEL02-RN
710935;10/08/2025;domingo;19:30:00;MG;40;466;SETE LAGOAS;Ingestão de álcool pelo condutor;Saída de leito carroçável;Sem Vítimas;Pleno dia;Decrescente;Céu Claro;Dupla;Reta;Sim;2;0;0;0;2;0;0;1;-19,44663;-44,321442;SPRF-MG;DEL02-MG;UOP01-DEL02-MG
710936;11/08/2025;segunda-feira;06:35:00;SP;153;75,6;BADY BASSITT;Ausência de reação do condutor;Colisão traseira;Com Vítimas Feridas;Pleno dia;Crescente;Sol;Simples;"Rotatória;Curva";Sim;2;0;1;0;1;0;1;2;-20,89768633;-49,44010735;SPRF-SP;DEL09-SP;UOP01-DEL09-SP
710938;11/08/2025;segunda-feira;06:33:00;ES;101;264;SERRA;Demais falhas mecânicas ou elétricas;Incêndio;Sem Vítimas;Pleno dia;Crescente;Céu Claro;Simples;Reta;Sim;1;0;0;0;1;0;0;1;-20,0488669;-40,3866817;SPRF-ES;DEL02-ES;UOP01-DEL02-ES
710939;11/08/2025;segunda-feira;06:00:00;RJ;116;197;QUEIMADOS;Ausência de reação do condutor;Colisão traseira;Com Vítimas Feridas;Pleno dia;Decrescente;Céu Claro;Dupla;Reta;Não;2;0;1;0;1;0;1;2;-22,730769;-43,564285;SPRF-RJ;DEL06-RJ;UOP02-DEL06-RJ
710940;11/08/2025;segunda-feira;05:30:00;MT;174;284;PONTES E LACERDA;Animais na Pista;Atropelamento de Animal;Com Vítimas Feridas;Amanhecer;Crescente;Céu Claro;Simples;Reta;Sim;1;0;1;0;0;0;1;1;-15,283757;-59,284811;SPRF-MT;DEL04-MT;UOP01-DEL04-MT
710941;11/08/2025;segunda-feira;00:50:00;MG;116;632;DIVINO;Demais falhas mecânicas ou elétricas;Incêndio;Sem Vítimas;Plena Noite;Decrescente;Nublado;Simples;Reta;Não;1;0;0;0;1;0;0;1;-20,59727631;-42,20775604;SPRF-MG;DEL07-MG;UOP02-DEL07-MG
710943;11/08/2025;segunda-feira;07:00:00;DF;70;17;BRASILIA;Manobra de mudança de faixa;Colisão lateral mesmo sentido;Com Vítimas Feridas;Pleno dia;Decrescente;Céu Claro;Dupla;Reta;Não;4;0;2;0;2;0;2;2;-15,79378365;-48,20358574;SPRF-DF;DEL03-DF;UOP02-DEL03-DF
710945;11/08/2025;segunda-feira;07:32:00;RS;116;265;CANOAS;Trafegar com motocicleta (ou similar) entre as faixas;Colisão traseira;Com Vítimas Feridas;Pleno dia;Crescente;Céu Claro;Dupla;Reta;Sim;2;0;1;0;1;0;1;2;-29,92536324;-51,17790831;SPRF-RS;DEL01-RS;UOP01-DEL01-RS
710946;11/08/2025;segunda-feira;07:20:00;PE;101;79,6;JABOATAO DOS GUARARAPES;Ausência de reação do condutor;Tombamento;Com Vítimas Feridas;Pleno dia;Crescente;Céu Claro;Múltipla;Reta;Sim;1;0;1;0;0;0;1;1;-8,14801;-34,94428;SPRF-PE;DEL01-PE;UOP01-DEL01-PE
710947;11/08/2025;segunda-feira;03:10:00;MT;163;568,8;NOVA MUTUM;Condutor Dormindo;Saída de leito carroçável;Com Vítimas Feridas;Plena Noite;Crescente;Céu Claro;Dupla;Reta;Não;1;0;1;0;0;0;1;1;-14,0690164;-56,1037159;SPRF-MT;DEL01-MT;UOP01-DEL01-MT
710949;11/08/2025;segunda-feira;07:15:00;MG;50;167,3;UBERABA;Avarias e/ou desgaste excessivo no pneu;Tombamento;Com Vítimas Feridas;Pleno dia;Decrescente;Céu Claro;Dupla;"Curva;Retorno Regulamentado";Sim;1;0;1;0;0;0;1;1;-19,71136;-47,98225;SPRF-MG;DEL13-MG;UOP01-DEL13-MG
710951;11/08/2025;segunda-feira;07:40:00;SP;116;222;GUARULHOS;Ultrapassagem Indevida;Colisão transversal;Com Vítimas Feridas;Pleno dia;Crescente;Nublado;Múltipla;Reta;Sim;5;0;1;0;4;0;1;3;-23,4753777;-46,52490942;SPRF-SP;DEL01-SP;UOP01-DEL01-SP
710953;11/08/2025;segunda-feira;07:30:00;RS;116;295,6;GUAIBA;Ingestão de álcool pelo condutor;Saída de leito carroçável;Sem Vítimas;Amanhecer;Crescente;Nevoeiro/Neblina;Dupla;Reta;Não;1;0;0;0;1;0;0;1;-30,0821405;-51,3418016;SPRF-RS;DEL02-RS;UOP01-DEL02-RS
710955;11/08/2025;segunda-feira;07:00:00;MG;116;631,3;DIVINO;Desrespeitar a preferência no cruzamento;Colisão transversal;Com Vítimas Feridas;Pleno dia;Crescente;Céu Claro;Simples;"Reta;Interseção de Vias";Não;2;0;2;0;0;0;2;2;-20,604116;-42,210095;SPRF-MG;DEL07-MG;UOP02-DEL07-MG
710956;11/08/2025;segunda-feira;01:30:00;RJ;40;40;AREAL;Condutor Dormindo;Queda de ocupante de veículo;Com Vítimas Feridas;Plena Noite;Decrescente;Céu Claro;Dupla;Curva;Não;1;0;1;0;0;0;1;1;-22,24340399;-43,10691735;SPRF-RJ;DEL05-RJ;UOP02-DEL05-RJ
710957;11/08/2025;segunda-feira;08:00:00;SP;116;144,8;SAO JOSE DOS CAMPOS;Trafegar com motocicleta (ou similar) entre as faixas;Colisão traseira;Com Vítimas Feridas;Pleno dia;Crescente;Céu Claro;Múltipla;Reta;Sim;3;0;1;1;1;0;2;2;-23,18714704;-45,85519284;SPRF-SP;DEL02-SP;UOP01-DEL02-SP
710958;11/08/2025;segunda-feira;07:15:00;GO;70;1;AGUAS LINDAS DE GOIAS;Demais falhas mecânicas ou elétricas;Eventos atípicos;Com Vítimas Feridas;Pleno dia;Decrescente;Céu Claro;Dupla;"Reta;Declive";Não;7;0;1;0;6;0;1;6;-15,77336936;-48,23140103;SPRF-DF;DEL03-DF;UOP02-DEL03-DF
710959;11/08/2025;segunda-feira;07:40:00;BA;324;537;AMELIA RODRIGUES;Acessar a via sem observar a presença dos outros veículos;Colisão transversal;Com Vítimas Feridas;Amanhecer;Crescente;Céu Claro;Dupla;Reta;Não;2;0;1;0;1;0;1;2;-12,3784522;-38,8021996;SPRF-BA;DEL01-BA;UOP03-DEL01-BA
710960;11/08/2025;segunda-feira;08:10:00;RS;290;96,2;PORTO ALEGRE;Trafegar com motocicleta (ou similar) entre as faixas;Colisão lateral mesmo sentido;Com Vítimas Feridas;Pleno dia;Crescente;Céu Claro;Múltipla;Reta;Sim;2;0;1;0;1;0;1;2;-29,98545309;-51,20282404;SPRF-RS;DEL01-RS;UOP01-DEL01-RS
710961;11/08/2025;segunda-feira;06:37:00;RS;290;420,8;SAO GABRIEL;Acessar a via sem observar a presença dos outros veículos;Atropelamento de Pedestre;Com Vítimas Feridas;Pleno dia;Crescente;Céu Claro;Simples;Rotatória;Não;2;0;0;1;1;0;1;2;-30,33751378;-54,34460012;SPRF-RS;DEL11-RS;UOP02-DEL11-RS
710963;11/08/2025;segunda-feira;06:15:00;MT;364;299,5;JACIARA;Ausência de reação do condutor;Queda de ocupante de veículo;Com Vítimas Feridas;Pleno dia;Decrescente;Sol;Dupla;Curva;Não;1;0;1;0;0;0;1;1;-15,84119572;-55,15467435;SPRF-MT;DEL05-MT;UOP02-DEL05-MT
710964;10/08/2025;domingo;06:00:00;PE;407;91,1;PETROLINA;Condutor Dormindo;Saída de leito carroçável;Sem Vítimas;Amanhecer;Crescente;Céu Claro;Simples;Reta;Não;1;0;0;0;0;1;0;1;-9,1031733;-40,64967942;SPRF-PE;DEL06-PE;UOP02-DEL06-PE
710965;11/08/2025;segunda-feira;08:00:00;PR;116;100,9;SAO JOSE DOS PINHAIS;Trafegar com motocicleta (ou similar) entre as faixas;Colisão traseira;Com Vítimas Feridas;Pleno dia;Crescente;Céu Claro;Dupla;Reta;Sim;2;0;1;0;1;0;1;2;-25,566353;-49,168319;SPRF-PR;DEL01-PR;UOP07-DEL01-PR
710966;11/08/2025;segunda-feira;08:20:00;RJ;116;172;RIO DE JANEIRO;Ausência de reação do condutor;Tombamento;Com Vítimas Feridas;Pleno dia;Crescente;Chuva;Dupla;Reta;Sim;1;0;1;0;0;0;1;1;-22,8044823;-43,3452118;SPRF-RJ;DEL06-RJ;UOP01-DEL06-RJ
710968;11/08/2025;segunda-feira;06:40:00;RJ;101;385;RIO DE JANEIRO;Reação tardia ou ineficiente do condutor;Saída de leito carroçável;Com Vítimas Feridas;Amanhecer;Decrescente;Nublado;Dupla;Reta;Não;3;0;3;0;0;0;3;1;-22,881834;-43,635025;SPRF-RJ;DEL03-RJ;UOP01-DEL03-RJ
710969;11/08/2025;segunda-feira;08:50:00;SC;282;19,1;PALHOCA;Mal súbito do condutor;Colisão frontal;Com Vítimas Feridas;Pleno dia;Decrescente;Céu Claro;Simples;"Reta;Aclive;Viaduto";Não;4;0;1;0;3;0;1;3;-27,679647;-48,703455;SPRF-SC;DEL01-SC;UOP02-DEL01-SC
710970;11/08/2025;segunda-feira;07:50:00;SC;470;0,9;NAVEGANTES;Manobra de mudança de faixa;Colisão com objeto;Com Vítimas Feridas;Pleno dia;Decrescente;Céu Claro;Dupla;Reta;Não;1;0;1;0;0;0;1;1;-26,87996609;-48,66389601;SPRF-SC;DEL04-SC;UOP04-DEL04-SC
710972;11/08/2025;segunda-feira;07:50:00;SC;101;27;JOINVILLE;Acessar a via sem observar a presença dos outros veículos;Colisão transversal;Com Vítimas Feridas;Pleno dia;Crescente;Céu Claro;Simples;Rotatória;Sim;2;0;0;1;1;0;1;2;-26,20301027;-48,91387638;SPRF-SC;DEL03-SC;UOP01-DEL03-SC
710973;11/08/2025;segunda-feira;03:00:00;RJ;116;185;NOVA IGUACU;Iluminação deficiente;Tombamento;Com Vítimas Feridas;Plena Noite;Crescente;Chuva;Dupla;"Reta;Em Obras";Sim;2;0;2;0;0;0;2;1;-22,76372119;-43,4179887;SPRF-RJ;DEL06-RJ;UOP01-DEL06-RJ
710974;02/08/2025;sábado;04:10:00;PI;343;1;TERESINA;Ausência de reação do condutor;Colisão lateral mesmo sentido;Com Vítimas Feridas;Amanhecer;Crescente;Nublado;Dupla;Reta;Não;3;0;3;0;0;0;3;2;-5,079977;-42,756547;SPRF-PI;DEL01-PI;UOP01-DEL01-PI
710975;11/08/2025;segunda-feira;08:20:00;RJ;101;474;ANGRA DOS REIS;Acessar a via sem observar a presença dos outros veículos;Colisão transversal;Com Vítimas Feridas;Pleno dia;Decrescente;Chuva;Simples;"Reta;Declive";Não;3;0;1;0;2;0;1;2;-22,98798752;-44,23646092;SPRF-RJ;DEL03-RJ;UOP03-DEL03-RJ
710976;11/08/2025;segunda-feira;09:32:00;SP;153;49,1;SAO JOSE DO RIO PRETO;Ausência de reação do condutor;Colisão traseira;Com Vítimas Feridas;Pleno dia;Crescente;Céu Claro;Simples;Reta;Não;3;0;1;0;2;0;1;2;-20,70220416;-49,33941571;SPRF-SP;DEL09-SP;UOP01-DEL09-SP
710977;11/08/2025;segunda-feira;10:15:00;MG;381;670;PERDOES;Condutor deixou de manter distância do veículo da frente;Colisão traseira;Com Vítimas Feridas;Pleno dia;Crescente;Céu Claro;Dupla;Reta;Não;3;0;1;0;2;0;1;2;-21,055609;-45,041631;SPRF-MG;DEL04-MG;UOP02-DEL04-MG
710979;11/08/2025;segunda-feira;09:40:00;PR;369;500;CASCAVEL;Ultrapassagem Indevida;Colisão frontal;Com Vítimas Feridas;Pleno dia;Crescente;Céu Claro;Simples;Reta;Não;3;0;2;0;1;0;2;2;-24,9071527;-53,3765907;SPRF-PR;DEL04-PR;UOP01-DEL04-PR
710980;20/06/2025;sexta-feira;13:50:00;MG;40;497,3;ESMERALDAS;Demais falhas mecânicas ou elétricas;Eventos atípicos;Com Vítimas Feridas;Pleno dia;Crescente;Céu Claro;Dupla;"Reta;Declive";Não;1;0;0;1;0;0;1;1;-19,68205659;-44,18454945;SPRF-MG;DEL02-MG;UOP01-DEL02-MG
710981;11/08/2025;segunda-feira;09:35:00;DF;20;8,9;BRASILIA;Reação tardia ou ineficiente do condutor;Colisão traseira;Com Vítimas Feridas;Pleno dia;Crescente;Céu Claro;Dupla;"Reta;Interseção de Vias";Sim;4;0;2;1;1;0;3;2;-15,65401;-47,783;SPRF-DF;DEL02-DF;UOP01-DEL02-DF
710982;11/08/2025;segunda-feira;10:25:00;SC;101;85;BARRA VELHA;Reação tardia ou ineficiente do condutor;Colisão lateral mesmo sentido;Com Vítimas Feridas;Pleno dia;Crescente;Céu Claro;Dupla;Reta;Sim;2;0;1;0;1;0;1;2;-26,63599354;-48,69743979;SPRF-SC;DEL03-SC;UOP02-DEL03-SC
710983;11/08/2025;segunda-feira;10:15:00;SP;116;221;GUARULHOS;Reação tardia ou ineficiente do condutor;Tombamento;Com Vítimas Feridas;Pleno dia;Crescente;Céu Claro;Múltipla;Reta;Sim;1;0;1;0;0;0;1;1;-23,469664;-46,513832;SPRF-SP;DEL01-SP;UOP01-DEL01-SP
710984;11/08/2025;segunda-feira;10:10:00;MG;153;1;ARAPORA;Ausência de reação do condutor;Colisão lateral mesmo sentido;Com Vítimas Feridas;Pleno dia;Crescente;Céu Claro;Dupla;Reta;Sim;2;0;1;0;1;0;1;2;-18,41991771;-49,19454273;SPRF-MG;DEL15-MG;UOP03-DEL15-MG
710985;11/08/2025;segunda-feira;10:10:00;CE;116;10;FORTALEZA;Manobra de mudança de faixa;Colisão lateral mesmo sentido;Com Vítimas Feridas;Pleno dia;Crescente;Nublado;Dupla;Reta;Sim;2;0;1;0;0;1;1;2;-3,83548504;-38,50321412;SPRF-CE;DEL01-CE;UOP02-DEL01-CE
710986;11/08/2025;segunda-feira;09:55:00;RJ;101;395;ITAGUAI;Reação tardia ou ineficiente do condutor;Tombamento;Com Vítimas Feridas;Pleno dia;Decrescente;Nublado;Dupla;Reta;Sim;6;0;1;0;5;0;1;1;-22,86687928;-43,75012144;SPRF-RJ;DEL03-RJ;UOP01-DEL03-RJ
710987;11/08/2025;segunda-feira;10:15:00;RJ;116;109;GUAPIMIRIM;Acessar a via sem observar a presença dos outros veículos;Colisão transversal;Com Vítimas Feridas;Pleno dia;Decrescente;Céu Claro;Dupla;"Retorno Regulamentado;Reta";Sim;2;0;1;0;1;0;1;2;-22,533599;-42,993387;SPRF-RJ;DEL04-RJ;UOP01-DEL04-RJ
710990;26/07/2025;sábado;06:00:00;SC;470;123;IBIRAMA;Ultrapassagem Indevida;Colisão frontal;Com Vítimas Feridas;Amanhecer;Crescente;Nevoeiro/Neblina;Simples;Reta;Não;3;0;1;0;2;0;1;2;-27,10544998;-49,52207062;SPRF-SC;DEL04-SC;UOP02-DEL04-SC
710993;11/08/2025;segunda-feira;08:00:00;RN;101;95;NATAL;Avarias e/ou desgaste excessivo no pneu;Queda de ocupante de veículo;Com Vítimas Feridas;Pleno dia;Crescente;Céu Claro;Múltipla;Reta;Sim;2;0;1;0;0;1;1;1;-5,84478185;-35,20885197;SPRF-RN;DEL01-RN;UOP01-DEL01-RN
710995;25/07/2025;sexta-feira;11:28:00;PB;230;25;JOAO PESSOA;Acesso irregular;Colisão transversal;Com Vítimas Feridas;Pleno dia;Decrescente;Céu Claro;Simples;Interseção de Vias;Sim;2;0;2;0;0;0;2;2;-7,17075;-34,86919;SPRF-PB;DEL01-PB;UOP01-DEL01-PB
710996;11/08/2025;segunda-feira;11:40:00;CE;116;9;FORTALEZA;Ausência de reação do condutor;Colisão lateral mesmo sentido;Com Vítimas Feridas;Pleno dia;Decrescente;Céu Claro;Dupla;Reta;Sim;2;0;0;1;1;0;1;2;-3,8219187;-38,50354;SPRF-CE;DEL01-CE;UOP02-DEL01-CE
710997;11/08/2025;segunda-feira;11:30:00;PR;277;653,9;MATELANDIA;Condutor deixou de manter distância do veículo da frente;Engavetamento;Com Vítimas Feridas;Pleno dia;Crescente;Céu Claro;Simples;Reta;Não;5;0;1;0;4;0;1;4;-25,21695644;-53,95140521;SPRF-PR;DEL05-PR;UOP02-DEL05-PR
710998;11/08/2025;segunda-feira;11:44:00;RN;304;300;MACAIBA;Ausência de reação do condutor;Colisão traseira;Com Vítimas Feridas;Pleno dia;Decrescente;Céu Claro;Dupla;Reta;Não;3;0;2;0;1;0;2;2;-5,873806;-35,314813;SPRF-RN;DEL01-RN;UOP02-DEL01-RN
710999;11/08/2025;segunda-feira;12:20:00;ES;101;149,3;LINHARES;Velocidade Incompatível;Colisão lateral mesmo sentido;Com Vítimas Feridas;Pleno dia;Decrescente;Céu Claro;Múltipla;"Reta;Interseção de Vias";Não;3;0;1;0;2;0;1;2;-19,39895518;-40,06271047;SPRF-ES;DEL04-ES;UOP01-DEL04-ES
711000;11/08/2025;segunda-feira;11:54:00;PE;316;86;OURICURI;Ingestão de álcool pelo condutor;Colisão lateral sentido oposto;Sem Vítimas;Pleno dia;Crescente;Sol;Simples;Reta;Não;3;0;0;0;2;1;0;2;-7,890487;-40,061105;SPRF-PE;DEL05-PE;UOP02-DEL05-PE
711005;11/08/2025;segunda-feira;12:35:00;RJ;101;322;NITEROI;Frear bruscamente;Colisão traseira;Com Vítimas Feridas;Pleno dia;Crescente;Céu Claro;Múltipla;Reta;Não;3;0;2;0;1;0;2;2;-22,87685197;-43,11685421;SPRF-RJ;DEL02-RJ;UOP01-DEL02-RJ
711007;11/08/2025;segunda-feira;13:00:00;PE;232;7;RECIFE;Condutor deixou de manter distância do veículo da frente;Colisão traseira;Com Vítimas Feridas;Pleno dia;Decrescente;Céu Claro;Dupla;Reta;Sim;2;0;1;0;1;0;1;2;-8,073532;-34,961832;SPRF-PE;DEL01-PE;UOP01-DEL01-PE
711009;11/08/2025;segunda-feira;13:00:00;PR;277;730,5;FOZ DO IGUACU;Transitar na contramão;Colisão frontal;Com Vítimas Feridas;Pleno dia;Decrescente;Sol;Simples;Reta;Sim;2;0;1;1;0;0;2;2;-25,50952405;-54,59892869;SPRF-PR;DEL05-PR;UOP03-DEL05-PR
711010;11/08/2025;segunda-feira;13:05:00;RJ;116;172;SAO JOAO DE MERITI;Trafegar com motocicleta (ou similar) entre as faixas;Colisão lateral mesmo sentido;Com Vítimas Feridas;Pleno dia;Crescente;Nublado;Dupla;Reta;Sim;2;0;1;0;1;0;1;2;-22,80261999;-43,34887203;SPRF-RJ;DEL06-RJ;UOP01-DEL06-RJ
711011;11/08/2025;segunda-feira;13:46:00;ES;101;155,4;LINHARES;Transitar na contramão;Saída de leito carroçável;Com Vítimas Feridas;Pleno dia;Decrescente;Céu Claro;Simples;Reta;Não;1;0;1;0;0;0;1;1;-19,44153333;-40,091225;SPRF-ES;DEL04-ES;UOP01-DEL04-ES
711012;11/08/2025;segunda-feira;12:57:00;PE;101;68;RECIFE;Carga excessiva e/ou mal acondicionada;Tombamento;Com Vítimas Feridas;Pleno dia;Crescente;Céu Claro;Dupla;Reta;Sim;1;0;1;0;0;0;1;1;-8,057469;-34,946354;SPRF-PE;DEL01-PE;UOP01-DEL01-PE
711013;11/08/2025;segunda-feira;13:20:00;CE;230;2,2;IPAUMIRIM;Manobra de mudança de faixa;Colisão frontal;Com Vítimas Fatais;Pleno dia;Crescente;Céu Claro;Simples;Reta;Não;3;1;0;1;1;0;1;2;-6,851134;-38,700247;SPRF-PB;DEL03-PB;UOP03-DEL03-PB
711014;11/08/2025;segunda-feira;13:15:00;PR;116;122,6;CURITIBA;Condutor deixou de manter distância do veículo da frente;Colisão traseira;Com Vítimas Feridas;Pleno dia;Crescente;Céu Claro;Dupla;"Curva;Declive";Não;2;0;0;1;1;0;1;2;-25,608273;-49,319367;SPRF-PR;DEL01-PR;UOP03-DEL01-PR
711015;11/08/2025;segunda-feira;13:20:00;PB;230;19;JOAO PESSOA;Ausência de reação do condutor;Colisão traseira;Com Vítimas Feridas;Pleno dia;Crescente;Céu Claro;Dupla;"Reta;Aclive";Sim;2;0;1;0;0;1;1;2;-7,13259746;-34,85367132;SPRF-PB;DEL01-PB;UOP01-DEL01-PB
711016;09/08/2025;sábado;19:00:00;MA;135;66,5;SANTA RITA;Acessar a via sem observar a presença dos outros veículos;Colisão transversal;Com Vítimas Fatais;Plena Noite;Decrescente;Céu Claro;Dupla;Reta;Não;2;1;0;0;0;1;0;2;-3,110615;-44,323;SPRF-MA;DEL01-MA;UOP02-DEL01-MA
711017;11/08/2025;segunda-feira;11:45:00;MT;174;4;PONTES E LACERDA;Acessar a via sem observar a presença dos outros veículos;Colisão transversal;Com Vítimas Feridas;Pleno dia;Crescente;Céu Claro;Simples;Reta;Sim;2;0;1;0;1;0;1;2;-15,23811309;-59,33888066;SPRF-MT;DEL04-MT;UOP01-DEL04-MT
711018;11/08/2025;segunda-feira;13:20:00;RJ;465;18;RIO DE JANEIRO;Velocidade Incompatível;Queda de ocupante de veículo;Com Vítimas Feridas;Pleno dia;Decrescente;Nublado;Simples;Reta;Não;2;0;1;0;0;1;1;1;-22,82923319;-43,61658096;SPRF-RJ;DEL06-RJ;UOP02-DEL06-RJ
711019;11/08/2025;segunda-feira;13:20:00;RS;285;119;VACARIA;Pedestre cruzava a pista fora da faixa;Atropelamento de Pedestre;Com Vítimas Feridas;Pleno dia;Decrescente;Céu Claro;Simples;"Reta;Interseção de Vias";Sim;3;0;1;0;1;1;1;2;-28,50150689;-50,91921845;SPRF-RS;DEL05-RS;UOP03-DEL05-RS