id;data_inversa;dia_semana;horario;uf;br;km;municipio;causa_acidente;tipo_acidente;classificacao_acidente;fase_dia;sentido_via;condicao_metereologica;tipo_pista;tracado_via;uso_solo;pessoas;mortos;feridos_leves;feridos_graves;ilesos;ignorados;feridos;veiculos;latitude;longitude;regional;delegacia;uop
711020;11/08/2025;segunda-feira;13:08:00;SP;116;136;SAO JOSE DOS CAMPOS;Condutor deixou de manter distância do veículo da frente;Engavetamento;Com Vítimas Feridas;Pleno dia;Decrescente;Sol;Dupla;Reta;Sim;4;0;1;0;3;0;1;4;-23,14377161;-45,76837912;SPRF-SP;DEL02-SP;UOP01-DEL02-SP
711021;11/08/2025;segunda-feira;10:00:00;SC;470;114,7;IBIRAMA;Ausência de reação do condutor;Colisão lateral mesmo sentido;Com Vítimas Feridas;Pleno dia;Crescente;Céu Claro;Simples;Reta;Sim;2;0;2;0;0;0;2;2;-27,0802;-49,48556;SPRF-SC;DEL04-SC;UOP02-DEL04-SC
711023;11/08/2025;segunda-feira;14:20:00;MG;40;700,5;BARBACENA;Condutor deixou de manter distância do veículo da frente;Colisão traseira;Com Vítimas Feridas;Pleno dia;Crescente;Sol;Dupla;Reta;Não;3;0;1;0;2;0;1;2;-21,20994029;-43,74947613;SPRF-MG;DEL05-MG;UOP02-DEL05-MG
711024;11/08/2025;segunda-feira;10:51:00;RN;405;158;RAFAEL FERNANDES;Ausência de reação do condutor;Colisão traseira;Com Vítimas Feridas;Pleno dia;Crescente;Céu Claro;Simples;Reta;Não;4;0;1;0;3;0;1;2;-6,174616;-38,2131217;SPRF-RN;DEL04-RN;UOP02-DEL04-RN
711025;11/08/2025;segunda-feira;14:55:00;SC;101;154;PORTO BELO;Reação tardia ou ineficiente do condutor;Saída de leito carroçável;Com Vítimas Feridas;Pleno dia;Decrescente;Céu Claro;Múltipla;"Curva;Declive;Viaduto";Não;1;0;0;1;0;0;1;1;-27,16429934;-48,61283898;SPRF-SC;DEL04-SC;UOP03-DEL04-SC
711027;11/08/2025;segunda-feira;06:00:00;RO;319;10;PORTO VELHO;Condutor Dormindo;Saída de leito carroçável;Com Vítimas Feridas;Amanhecer;Crescente;Céu Claro;Dupla;Reta;Não;2;0;2;0;0;0;2;1;-8,62424405;-63,99671048;SPRF-RO;DEL01-RO;UOP01-DEL01-RO
711029;11/08/2025;segunda-feira;14:00:00;GO;60;20;ALEXANIA;Velocidade Incompatível;Colisão traseira;Com Vítimas Feridas;Pleno dia;Decrescente;Céu Claro;Dupla;Reta;Sim;3;0;3;0;0;0;3;2;-16,122081;-48,415795;SPRF-DF;DEL03-DF;UOP01-DEL03-DF
711030;11/08/2025;segunda-feira;14:15:00;PB;230;24,5;JOAO PESSOA;Ausência de reação do condutor;Colisão lateral mesmo sentido;Com Vítimas Feridas;Pleno dia;Decrescente;Céu Claro;Dupla;"Declive;Viaduto;Reta";Sim;2;0;1;0;1;0;1;2;-7,16885;-34,86467;SPRF-PB;DEL01-PB;UOP01-DEL01-PB
711032;11/08/2025;segunda-feira;14:50:00;PR;116;60;CAMPINA GRANDE DO SUL;Ausência de reação do condutor;Saída de leito carroçável;Com Vítimas Feridas;Pleno dia;Crescente;Céu Claro;Dupla;Curva;Não;1;0;0;1;0;0;1;1;-25,30334387;-48,95943488;SPRF-PR;DEL01-PR;UOP02-DEL01-PR
711033;28/07/2025;segunda-feira;07:05:00;RJ;101;319;NITEROI;Ausência de reação do condutor;Colisão lateral mesmo sentido;Com Vítimas Feridas;Pleno dia;Crescente;Céu Claro;Dupla;Reta;Sim;4;0;3;0;1;0;3;3;-22,86059732;-43,10716248;SPRF-RJ;DEL02-RJ;UOP02-DEL02-RJ
711035;10/07/2025;quinta-feira;13:30:00;RS;116;250;SAO LEOPOLDO;Condutor deixou de manter distância do veículo da frente;Colisão lateral mesmo sentido;Com Vítimas Feridas;Pleno dia;Crescente;Céu Claro;Múltipla;Reta;Não;3;0;1;0;2;0;1;3;-29,78917379;-51,1637426;SPRF-RS;DEL01-RS;UOP02-DEL01-RS
711039;11/08/2025;segunda-feira;13:40:00;ES;262;163;IBATIBA;Manobra de mudança de faixa;Colisão lateral sentido oposto;Com Vítimas Feridas;Pleno dia;Crescente;Sol;Simples;Reta;Não;3;0;2;0;1;0;2;3;-20,23842;-41,536527;SPRF-ES;DEL01-ES;UOP02-DEL01-ES
711040;11/08/2025;segunda-feira;13:30:00;GO;60;275,5;JANDAIA;Ausência de reação do condutor;Saída de leito carroçável;Com Vítimas Feridas;Pleno dia;Crescente;Céu Claro;Dupla;Curva;Não;1;0;1;0;0;0;1;1;-17,219804;-50,184872;SPRF-GO;DEL04-GO;UOP02-DEL04-GO
711042;11/08/2025;segunda-feira;14:50:00;GO;153;436,8;ANAPOLIS;Ausência de reação do condutor;Saída de leito carroçável;Com Vítimas Feridas;Pleno dia;Decrescente;Sol;Dupla;"Em Obras;Curva";Não;1;0;1;0;0;0;1;1;-16,30040644;-48,92602712;SPRF-GO;DEL02-GO;UOP01-DEL02-GO
711043;11/08/2025;segunda-feira;13:00:00;MG;354;753,1;ITAMONTE;Ultrapassagem Indevida;Colisão lateral mesmo sentido;Com Vítimas Feridas;Pleno dia;Decrescente;Céu Claro;Simples;Interseção de Vias;Sim;2;0;2;0;0;0;2;2;-22,27837567;-44,8739031;SPRF-MG;DEL17-MG;UOP01-DEL17-MG
711044;11/08/2025;segunda-feira;15:00:00;RJ;101;304;SAO GONCALO;Demais falhas mecânicas ou elétricas;Incêndio;Sem Vítimas;Pleno dia;Decrescente;Sol;Dupla;Reta;Sim;1;0;0;0;1;0;0;1;-22,79307;-43,025032;SPRF-RJ;DEL02-RJ;UOP02-DEL02-RJ
711045;11/08/2025;segunda-feira;14:30:00;PA;10;344;SANTA MARIA DO PARA;Reação tardia ou ineficiente do condutor;Saída de leito carroçável;Sem Vítimas;Pleno dia;Crescente;Céu Claro;Simples;Reta;Não;4;0;0;0;4;0;0;1;-1,430042;-47,547785;SPRF-PA;DEL01-PA;UOP02-DEL01-PA
711046;11/08/2025;segunda-feira;15:12:00;RJ;116;311,1;RESENDE;Reação tardia ou ineficiente do condutor;Colisão traseira;Com Vítimas Feridas;Pleno dia;Decrescente;Céu Claro;Dupla;"Reta;Em Obras";Não;4;0;2;0;2;0;2;2;-22,4608703;-44,4539523;SPRF-RJ;DEL07-RJ;UOP02-DEL07-RJ
711047;11/08/2025;segunda-feira;15:40:00;CE;20;404;CAUCAIA;Acessar a via sem observar a presença dos outros veículos;Colisão transversal;Com Vítimas Feridas;Pleno dia;Decrescente;Céu Claro;Simples;"Reta;Interseção de Vias";Não;2;0;0;1;1;0;1;2;-3,77847;-38,68641;SPRF-CE;DEL01-CE;UOP01-DEL01-CE
711048;04/08/2025;segunda-feira;18:03:00;CE;304;53;ARACATI;Acessar a via sem observar a presença dos outros veículos;Colisão frontal;Com Vítimas Feridas;Anoitecer;Decrescente;Céu Claro;Simples;Curva;Não;2;0;0;1;1;0;1;2;-4,56860127;-37,75183288;SPRF-CE;DEL03-CE;UOP02-DEL03-CE
711049;11/08/2025;segunda-feira;13:30:00;MT;364;189,8;RONDONOPOLIS;Ausência de reação do condutor;Saída de leito carroçável;Com Vítimas Feridas;Pleno dia;Crescente;Céu Claro;Simples;Curva;Não;1;0;0;1;0;0;1;1;-16,56183901;-54,55271104;SPRF-MT;DEL02-MT;UOP01-DEL02-MT
711050;04/08/2025;segunda-feira;05:20:00;CE;116;475,2;MILAGRES;Chuva;Colisão lateral sentido oposto;Com Vítimas Feridas;Amanhecer;Crescente;Garoa/Chuvisco;Simples;Reta;Sim;2;0;1;1;0;0;2;2;-7,29992895;-38,88620496;SPRF-CE;DEL05-CE;UOP03-DEL05-CE
711051;11/08/2025;segunda-feira;14:30:00;MG;116;665,6;SAO FRANCISCO DO GLORIA;Desrespeitar a preferência no cruzamento;Colisão transversal;Com Vítimas Feridas;Pleno dia;Crescente;Nublado;Simples;Reta;Não;4;0;4;0;0;0;4;2;-20,83478835;-42,32240438;SPRF-MG;DEL07-MG;UOP02-DEL07-MG
711053;11/08/2025;segunda-feira;16:05:00;RS;116;361,9;SENTINELA DO SUL;Reação tardia ou ineficiente do condutor;Colisão com objeto;Com Vítimas Feridas;Pleno dia;Decrescente;Céu Claro;Dupla;"Reta;Desvio Temporário;Em Obras";Não;1;0;1;0;0;0;1;1;-30,62857;-51,54798;SPRF-RS;DEL02-RS;UOP02-DEL02-RS
711054;11/08/2025;segunda-feira;13:00:00;MG;262;87,1;ABRE CAMPO;Transitar na contramão;Colisão transversal;Com Vítimas Feridas;Pleno dia;Crescente;Céu Claro;Simples;Curva;Não;6;0;2;0;4;0;2;2;-20,33325923;-42,43713856;SPRF-MG;DEL03-MG;UOP03-DEL03-MG
711055;11/08/2025;segunda-feira;16:15:00;MG;381;446,6;SABARA;Transitar no Acostamento;Atropelamento de Pedestre;Com Vítimas Feridas;Pleno dia;Decrescente;Céu Claro;Simples;Curva;Sim;4;0;1;0;2;1;1;3;-19,84198668;-43,8634944;SPRF-MG;DEL01-MG;UOP01-DEL01-MG
711056;11/08/2025;segunda-feira;16:16:00;PE;232;4;RECIFE;Reação tardia ou ineficiente do condutor;Tombamento;Com Vítimas Feridas;Anoitecer;Decrescente;Céu Claro;Simples;Curva;Não;1;0;1;0;0;0;1;1;-8,067841;-34,941217;SPRF-PE;DEL01-PE;UOP01-DEL01-PE
711058;11/08/2025;segunda-feira;16:00:00;MG;262;95;ABRE CAMPO;Ausência de reação do condutor;Colisão traseira;Com Vítimas Feridas;Pleno dia;Decrescente;Céu Claro;Simples;"Reta;Aclive";Não;2;0;1;0;1;0;1;2;-20,30143981;-42,47133706;SPRF-MG;DEL03-MG;UOP03-DEL03-MG
711059;11/08/2025;segunda-feira;13:10:00;RJ;116;196;SEROPEDICA;Condutor Dormindo;Colisão com objeto;Com Vítimas Feridas;Pleno dia;Decrescente;Céu Claro;Dupla;Reta;Não;1;0;1;0;0;0;1;1;-22,7147776;-43,7223424;SPRF-RJ;DEL06-RJ;UOP01-DEL06-RJ
711060;11/08/2025;segunda-feira;16:20:00;PR;369;182;ARAPONGAS;Desrespeitar a preferência no cruzamento;Colisão transversal;Com Vítimas Feridas;Pleno dia;Crescente;Céu Claro;Dupla;Reta;Sim;2;0;1;0;1;0;1;2;-23,38430639;-51,41900746;SPRF-PR;DEL07-PR;UOP03-DEL07-PR
711061;11/08/2025;segunda-feira;15:30:00;PR;376;167;MARINGA;Reação tardia ou ineficiente do condutor;Colisão traseira;Com Vítimas Feridas;Pleno dia;Crescente;Sol;Dupla;Reta;Não;2;0;1;0;1;0;1;2;-23,390131;-52,015133;SPRF-PR;DEL09-PR;UOP01-DEL09-PR
711062;07/08/2025;quinta-feira;12:01:00;GO;40;11,1;LUZIANIA;Entrada inopinada do pedestre;Atropelamento de Pedestre;Com Vítimas Feridas;Pleno dia;Decrescente;Sol;Dupla;Reta;Não;3;0;2;1;0;0;3;2;-16,141507;-47,948352;SPRF-DF;DEL01-DF;UOP01-DEL01-DF
711063;11/08/2025;segunda-feira;16:55:00;SC;101;211,8;PALHOCA;Reação tardia ou ineficiente do condutor;Colisão traseira;Com Vítimas Feridas;Pleno dia;Decrescente;Céu Claro;Múltipla;Reta;Sim;2;0;1;0;1;0;1;2;-27,62845259;-48,65722267;SPRF-SC;DEL01-SC;UOP02-DEL01-SC
711064;11/08/2025;segunda-feira;17:00:00;PI;343;3,4;PARNAIBA;Desrespeitar a preferência no cruzamento;Colisão transversal;Com Vítimas Feridas;Pleno dia;Crescente;Sol;Simples;Curva;Não;2;0;0;1;1;0;1;2;-2,90223864;-41,68470383;SPRF-PI;DEL05-PI;UOP01-DEL05-PI
711065;11/08/2025;segunda-feira;16:30:00;PR;116;122,7;CURITIBA;Condutor deixou de manter distância do veículo da frente;Colisão traseira;Com Vítimas Feridas;Pleno dia;Crescente;Sol;Dupla;"Retorno Regulamentado;Curva";Não;2;0;1;0;0;1;1;2;-25,609724;-49,319603;SPRF-PR;DEL01-PR;UOP03-DEL01-PR
711068;11/08/2025;segunda-feira;17:30:00;GO;40;5,5;VALPARAISO DE GOIAS;Condutor deixou de manter distância do veículo da frente;Colisão traseira;Com Vítimas Feridas;Anoitecer;Crescente;Céu Claro;Dupla;Reta;Sim;2;0;1;0;0;1;1;2;-16,096839;-47,980004;SPRF-DF;DEL01-DF;UOP01-DEL01-DF
711069;11/08/2025;segunda-feira;17:00:00;SP;116;158;JACAREI;Reação tardia ou ineficiente do condutor;Colisão traseira;Com Vítimas Feridas;Pleno dia;Decrescente;Céu Claro;Dupla;Reta;Sim;4;0;2;0;1;1;2;2;-23,26028292;-45,95121503;SPRF-SP;DEL02-SP;UOP01-DEL02-SP
711070;11/08/2025;segunda-feira;16:20:00;BA;330;853,8;BARRA DO ROCHA;Velocidade Incompatível;Capotamento;Com Vítimas Feridas;Pleno dia;Decrescente;Céu Claro;Simples;Reta;Não;2;0;1;0;1;0;1;1;-14,19793162;-39,61851922;SPRF-BA;DEL03-BA;UOP01-DEL03-BA
711071;11/08/2025;segunda-feira;14:50:00;MG;262;458,1;ARAUJOS;Reação tardia ou ineficiente do condutor;Saída de leito carroçável;Com Vítimas Feridas;Pleno dia;Crescente;Céu Claro;Simples;Reta;Não;3;0;1;0;2;0;1;1;-19,79591;-45,14794;SPRF-MG;DEL08-MG;UOP03-DEL08-MG
711072;11/08/2025;segunda-feira;17:55:00;CE;116;18;EUSEBIO;Reação tardia ou ineficiente do condutor;Colisão traseira;Com Vítimas Feridas;Anoitecer;Crescente;Céu Claro;Dupla;Reta;Sim;2;0;0;1;1;0;1;2;-3,90871542;-38,50582886;SPRF-CE;DEL01-CE;UOP02-DEL01-CE
711073;11/08/2025;segunda-feira;17:30:00;SP;101;51;UBATUBA;Condutor deixou de manter distância do veículo da frente;Colisão traseira;Com Vítimas Feridas;Pleno dia;Decrescente;Sol;Simples;Reta;Sim;2;0;0;1;1;0;1;2;-23,45391066;-45,07374499;SPRF-SP;DEL06-SP;UOP01-DEL06-SP
711074;11/08/2025;segunda-feira;16:52:00;BA;407;5;JUAZEIRO;Condutor deixou de manter distância do veículo da frente;Colisão traseira;Com Vítimas Feridas;Anoitecer;Crescente;Céu Claro;Dupla;Rotatória;Sim;3;0;1;0;2;0;1;3;-9,442807;-40,49281;SPRF-PE;DEL06-PE;UOP01-DEL06-PE
711076;11/08/2025;segunda-feira;17:15:00;SC;480;123;CHAPECO;Ausência de reação do condutor;Saída de leito carroçável;Com Vítimas Feridas;Pleno dia;Crescente;Céu Claro;Simples;"Curva;Interseção de Vias;Viaduto";Sim;1;0;0;1;0;0;1;1;-26,9994425;-52,64632344;SPRF-SC;DEL07-SC;UOP01-DEL07-SC
711078;11/08/2025;segunda-feira;16:03:00;MS;158;232;TRES LAGOAS;Ausência de reação do condutor;Saída de leito carroçável;Com Vítimas Fatais;Pleno dia;Decrescente;Céu Claro;Simples;Curva;Não;2;1;0;0;0;1;0;2;-20,60017597;-51,63264616;SPRF-MS;DEL07-MS;UOP01-DEL07-MS
711079;11/08/2025;segunda-feira;17:45:00;SP;116;119,8;CACAPAVA;Reação tardia ou ineficiente do condutor;Engavetamento;Com Vítimas Feridas;Anoitecer;Decrescente;Céu Claro;Dupla;"Declive;Reta";Não;7;0;1;0;5;1;1;6;-23,07360136;-45,64850517;SPRF-SP;DEL02-SP;UOP02-DEL02-SP
711080;11/08/2025;segunda-feira;17:40:00;PR;376;179,1;MARINGA;Demais Fenômenos da natureza;Colisão traseira;Com Vítimas Feridas;Anoitecer;Decrescente;Céu Claro;Múltipla;"Reta;Aclive";Sim;2;0;1;0;1;0;1;2;-23,42103825;-51,90778255;SPRF-PR;DEL09-PR;UOP01-DEL09-PR
711081;11/08/2025;segunda-feira;15:20:00;RJ;101;477;ANGRA DOS REIS;Acessar a via sem observar a presença dos outros veículos;Colisão transversal;Com Vítimas Feridas;Pleno dia;Crescente;Céu Claro;Simples;Curva;Sim;3;0;2;0;1;0;2;2;-22,99865686;-44,26445999;SPRF-RJ;DEL03-RJ;UOP03-DEL03-RJ
711082;11/08/2025;segunda-feira;17:45:00;SC;158;112;CUNHA PORA;Suicídio (presumido);Saída de leito carroçável;Sem Vítimas;Anoitecer;Crescente;Céu Claro;Simples;Reta;Não;1;0;0;0;1;0;0;1;-26,877219;-53,168363;SPRF-SC;DEL07-SC;UOP02-DEL07-SC
711083;11/08/2025;segunda-feira;18:00:00;ES;101;282,2;CARIACICA;Acumulo de areia ou detritos sobre o pavimento;Queda de ocupante de veículo;Com Vítimas Feridas;Plena Noite;Decrescente;Céu Claro;Múltipla;Aclive;Sim;1;0;1;0;0;0;1;1;-20,22835175;-40,36567926;SPRF-ES;DEL01-ES;UOP01-DEL01-ES
711084;11/08/2025;segunda-feira;18:30:00;PR;277;726,2;FOZ DO IGUACU;Reação tardia ou ineficiente do condutor;Saída de leito carroçável;Com Vítimas Feridas;Anoitecer;Crescente;Nublado;Dupla;Curva;Sim;1;0;1;0;0;0;1;1;-25,51054075;-54,55739737;SPRF-PR;DEL05-PR;UOP03-DEL05-PR
711085;11/08/2025;segunda-feira;16:55:00;RJ;465;17;NOVA IGUACU;Reação tardia ou ineficiente do condutor;Colisão traseira;Com Vítimas Feridas;Pleno dia;Decrescente;Nublado;Simples;Reta;Sim;4;0;3;0;1;0;3;2;-22,82622708;-43,61810446;SPRF-RJ;DEL06-RJ;UOP02-DEL06-RJ
711087;11/08/2025;segunda-feira;18:00:00;MG;262;364;JUATUBA;Ausência de reação do condutor;Colisão traseira;Com Vítimas Feridas;Plena Noite;Decrescente;Céu Claro;Dupla;Interseção de Vias;Não;2;0;1;0;1;0;1;2;-19,9606002;-44,33713532;SPRF-MG;DEL01-MG;UOP03-DEL01-MG
711088;11/08/2025;segunda-feira;16:00:00;MG;40;86;PARACATU;Acessar a via sem observar a presença dos outros veículos;Colisão lateral mesmo sentido;Com Vítimas Feridas;Pleno dia;Decrescente;Céu Claro;Simples;Reta;Não;3;0;2;0;1;0;2;2;-17,48684082;-46,6107509;SPRF-MG;DEL14-MG;UOP01-DEL14-MG
711089;11/08/2025;segunda-feira;15:20:00;RJ;101;490;ANGRA DOS REIS;Ausência de reação do condutor;Queda de ocupante de veículo;Com Vítimas Feridas;Pleno dia;Decrescente;Nublado;Simples;Reta;Não;2;0;1;1;0;0;2;1;-23,00770023;-44,21516418;SPRF-RJ;DEL03-RJ;UOP03-DEL03-RJ
711091;11/08/2025;segunda-feira;12:20:00;RS;285;256,1;AGUA SANTA;Reação tardia ou ineficiente do condutor;Saída de leito carroçável;Com Vítimas Feridas;Pleno dia;Crescente;Sol;Simples;Reta;Não;2;0;1;1;0;0;2;1;-28,30665;-52,03293;SPRF-RS;DEL08-RS;UOP03-DEL08-RS
711092;11/08/2025;segunda-feira;18:08:00;RJ;101;312;SAO GONCALO;Ausência de reação do condutor;Queda de ocupante de veículo;Com Vítimas Feridas;Plena Noite;Decrescente;Céu Claro;Dupla;Reta;Sim;2;0;1;0;1;0;1;1;-22,7989587;-43,0121923;SPRF-RJ;DEL02-RJ;UOP02-DEL02-RJ
711093;10/08/2025;domingo;22:30:00;AP;210;105;PORTO GRANDE;Acessar a via sem observar a presença dos outros veículos;Colisão transversal;Com Vítimas Feridas;Plena Noite;Crescente;Céu Claro;Simples;"Reta;Declive";Sim;2;0;1;0;1;0;1;2;0,7024134;-51,4050833;SPRF-AP;DEL01-AP;UOP01-DEL01-AP
711095;11/08/2025;segunda-feira;17:40:00;GO;60;164,7;GOIANIA;Ausência de reação do condutor;Colisão traseira;Com Vítimas Feridas;Anoitecer;Decrescente;Céu Claro;Múltipla;Reta;Sim;2;0;1;0;1;0;1;2;-16,7157606;-49,3623649;SPRF-GO;DEL01-GO;UOP02-DEL01-GO
711097;11/08/2025;segunda-feira;17:00:00;PB;230;130,4;CAMPINA GRANDE;Velocidade Incompatível;Saída de leito carroçável;Com Vítimas Feridas;Anoitecer;Decrescente;Céu Claro;Dupla;"Declive;Reta";Não;1;0;1;0;0;0;1;1;-7,277007;-35,730167;SPRF-PB;DEL02-PB;UOP01-DEL02-PB
711098;11/08/2025;segunda-feira;18:57:00;ES;101;268,9;SERRA;Ausência de reação do condutor;Tombamento;Com Vítimas Feridas;Pleno dia;Crescente;Céu Claro;Dupla;Reta;Sim;2;0;2;0;0;0;2;1;-20,21672832;-40,2701059;SPRF-ES;DEL02-ES;UOP01-DEL02-ES
711099;10/07/2025;quinta-feira;08:00:00;MT;70;528;VARZEA GRANDE;Acessar a via sem observar a presença dos outros veículos;Colisão transversal;Com Vítimas Feridas;Pleno dia;Decrescente;Céu Claro;Simples;Reta;Não;2;0;2;0;0;0;2;2;-15,65237705;-56,20129204;SPRF-MT;DEL01-MT;UOP02-DEL01-MT
711100;11/08/2025;segunda-feira;19:25:00;SC;101;215,6;PALHOCA;Acessar a via sem observar a presença dos outros veículos;Colisão lateral mesmo sentido;Com Vítimas Feridas;Plena Noite;Decrescente;Céu Claro;Múltipla;Reta;Sim;2;0;0;1;0;1;1;2;-27,656708;-48,678152;SPRF-SC;DEL01-SC;UOP02-DEL01-SC
711102;11/08/2025;segunda-feira;18:30:00;RJ;116;97;GUAPIMIRIM;Ausência de reação do condutor;Colisão com objeto;Sem Vítimas;Plena Noite;Decrescente;Nublado;Simples;Curva;Não;1;0;0;0;1;0;0;1;-22,49823352;-42,99758144;SPRF-RJ;DEL04-RJ;UOP01-DEL04-RJ
711104;11/08/2025;segunda-feira;19:00:00;PR;369;177;ROLANDIA;Acessar a via sem observar a presença dos outros veículos;Atropelamento de Pedestre;Com Vítimas Feridas;Plena Noite;Crescente;Céu Claro;Simples;Reta;Sim;2;0;1;0;1;0;1;2;-23,33727574;-51,38830153;SPRF-PR;DEL07-PR;UOP01-DEL07-PR
711105;11/08/2025;segunda-feira;15:30:00;AC;364;155;BUJARI;Ausência de reação do condutor;Colisão transversal;Com Vítimas Feridas;Pleno dia;Crescente;Céu Claro;Simples;Reta;Não;2;0;0;1;1;0;1;2;-9,83710731;-67,94332691;SPRF-AC;DEL01-AC;UOP01-DEL01-AC
711107;11/08/2025;segunda-feira;07:20:00;SC;280;128;RIO NEGRINHO;Acessar a via sem observar a presença dos outros veículos;Colisão transversal;Com Vítimas Feridas;Pleno dia;Decrescente;Céu Claro;Simples;Reta;Sim;2;0;1;0;0;1;1;2;-26,24365589;-49,51435089;SPRF-SC;DEL06-SC;UOP03-DEL06-SC
711108;11/08/2025;segunda-feira;20:00:00;MG;40;438;PARAOPEBA;Ausência de reação do condutor;Saída de leito carroçável;Com Vítimas Feridas;Plena Noite;Decrescente;Céu Claro;Dupla;Reta;Não;1;0;1;0;0;0;1;1;-19,2447;-44,4265;SPRF-MG;DEL02-MG;UOP01-DEL02-MG
711109;11/08/2025;segunda-feira;20:10:00;BA;324;515;FEIRA DE SANTANA;Condutor deixou de manter distância do veículo da frente;Colisão traseira;Com Vítimas Feridas;Plena Noite;Crescente;Céu Claro;Simples;Reta;Não;2;0;1;0;1;0;1;2;-12,23709;-38,942108;SPRF-BA;DEL02-BA;UOP01-DEL02-BA
711110;11/08/2025;segunda-feira;16:00:00;RS;116;517;PELOTAS;Desrespeitar a preferência no cruzamento;Colisão transversal;Com Vítimas Feridas;Pleno dia;Crescente;Céu Claro;Simples;Rotatória;Não;2;0;1;0;1;0;1;2;-31,67846081;-52,3427066;SPRF-RS;DEL07-RS;UOP01-DEL07-RS
711111;11/08/2025;segunda-feira;18:55:00;SC;101;417;ARARANGUA;Reação tardia ou ineficiente do condutor;Colisão com objeto;Com Vítimas Feridas;Plena Noite;Crescente;Nublado;Dupla;Reta;Não;2;0;2;0;0;0;2;1;-28,98250307;-49,53941345;SPRF-SC;DEL02-SC;UOP02-DEL02-SC
711113;11/08/2025;segunda-feira;20:20:00;ES;262;75;DOMINGOS MARTINS;Ultrapassagem Indevida;Colisão lateral sentido oposto;Sem Vítimas;Plena Noite;Crescente;Céu Claro;Simples;Reta;Não;3;0;0;0;1;2;0;2;-20,415347;-40,902587;SPRF-ES;DEL01-ES;UOP02-DEL01-ES
711114;11/08/2025;segunda-feira;16:30:00;GO;60;92,7;ANAPOLIS;Condutor deixou de manter distância do veículo da frente;Colisão traseira;Com Vítimas Feridas;Pleno dia;Crescente;Céu Claro;Dupla;"Retorno Regulamentado;Reta";Sim;3;0;1;1;0;1;2;2;-16,352568;-48,916778;SPRF-GO;DEL02-GO;UOP01-DEL02-GO
711115;11/08/2025;segunda-feira;19:40:00;RN;406;104;JOAO CAMARA;Pedestre andava na pista;Atropelamento de Pedestre;Com Vítimas Feridas;Plena Noite;Crescente;Céu Claro;Simples;Reta;Sim;2;0;1;1;0;0;2;2;-5,541203;-35,8041;SPRF-RN;DEL02-RN;UOP01-DEL02-RN
711116;11/08/2025;segunda-feira;19:40:00;RO;364;263;CACOAL;Ultrapassagem Indevida;Colisão frontal;Com Vítimas Feridas;Pleno dia;Crescente;Céu Claro;Simples;"Reta;Aclive";Não;2;0;0;1;1;0;1;2;-11,39888153;-61,65637717;SPRF-RO;DEL02-RO;UOP02-DEL02-RO
711117;11/08/2025;segunda-feira;20:30:00;RS;116;524,3;PELOTAS;Ausência de reação do condutor;Colisão lateral mesmo sentido;Com Vítimas Feridas;Plena Noite;Crescente;Céu Claro;Dupla;Reta;Não;2;0;1;0;1;0;1;2;-31,73104076;-52,38935407;SPRF-RS;DEL07-RS;UOP01-DEL07-RS
711118;12/06/2025;quinta-feira;09:45:00;RS;468;113,4;TRES PASSOS;Condutor deixou de manter distância do veículo da frente;Colisão traseira;Com Vítimas Feridas;Pleno dia;Decrescente;Sol;Simples;Reta;Não;2;0;0;1;1;0;1;2;-27,410368;-54,005393;SPRF-RS;DEL08-RS;UOP02-DEL08-RS
711119;11/08/2025;segunda-feira;16:20:00;RJ;101;307;SAO GONCALO;Manobra de mudança de faixa;Colisão transversal;Sem Vítimas;Pleno dia;Crescente;Céu Claro;Dupla;Reta;Sim;2;0;0;0;2;0;0;2;-22,79264121;-43,01353455;SPRF-RJ;DEL02-RJ;UOP02-DEL02-RJ
711121;11/08/2025;segunda-feira;20:26:00;MG;381;946;EXTREMA;Ultrapassagem Indevida;Colisão frontal;Com Vítimas Feridas;Plena Noite;Crescente;Céu Claro;Simples;Aclive;Sim;2;0;0;1;1;0;1;2;-22,86441258;-46,34610325;SPRF-MG;DEL16-MG;UOP03-DEL16-MG
711124;11/08/2025;segunda-feira;21:25:00;RN;304;47,2;MOSSORO;Ausência de reação do condutor;Colisão traseira;Com Vítimas Feridas;Plena Noite;Decrescente;Céu Claro;Dupla;Reta;Sim;3;0;2;0;0;1;2;2;-5,2259189;-37,33570531;SPRF-RN;DEL04-RN;UOP01-DEL04-RN
711125;11/08/2025;segunda-feira;21:24:00;SP;116;283;ITAPECERICA DA SERRA;Ausência de reação do condutor;Colisão traseira;Com Vítimas Feridas;Plena Noite;Decrescente;Céu Claro;Dupla;Reta;Não;2;0;1;0;1;0;1;2;-23,7002667;-46,8689309;SPRF-SP;DEL04-SP;UOP01-DEL04-SP
711130;11/08/2025;segunda-feira;21:50:00;RJ;116;187;NOVA IGUACU;Reação tardia ou ineficiente do condutor;Queda de ocupante de veículo;Com Vítimas Feridas;Plena Noite;Decrescente;Céu Claro;Dupla;Reta;Sim;1;0;1;0;0;0;1;1;-22,73889702;-43,47483007;SPRF-RJ;DEL06-RJ;UOP01-DEL06-RJ