id;data_inversa;dia_semana;horario;uf;br;km;municipio;causa_acidente;tipo_acidente;classificacao_acidente;fase_dia;sentido_via;condicao_metereologica;tipo_pista;tracado_via;uso_solo;pessoas;mortos;feridos_leves;feridos_graves;ilesos;ignorados;feridos;veiculos;latitude;longitude;regional;delegacia;uop
711131;11/08/2025;segunda-feira;14:00:00;PR;277;132;BALSA NOVA;Acessar a via sem observar a presença dos outros veículos;Colisão frontal;Com Vítimas Feridas;Pleno dia;Decrescente;Céu Claro;Dupla;Reta;Não;3;0;1;0;2;0;1;2;-25,47141041;-49,67006771;SPRF-PR;DEL03-PR;UOP03-DEL03-PR
711132;11/08/2025;segunda-feira;22:00:00;RN;101;78,7;SAO GONCALO DO AMARANTE;Animais na Pista;Atropelamento de Animal;Com Vítimas Feridas;Plena Noite;Crescente;Nublado;Dupla;Reta;Sim;1;0;1;0;0;0;1;1;-5,746513;-35,289768;SPRF-RN;DEL02-RN;UOP01-DEL02-RN
711133;11/08/2025;segunda-feira;21:30:00;RJ;101;436;MANGARATIBA;Chuva;Capotamento;Com Vítimas Feridas;Plena Noite;Decrescente;Chuva;Simples;Declive;Não;1;0;1;0;0;0;1;1;-22,9397;-44,05539;SPRF-RJ;DEL03-RJ;UOP02-DEL03-RJ
711134;11/08/2025;segunda-feira;22:10:00;SP;116;476;JACUPIRANGA;Ausência de reação do condutor;Colisão com objeto;Com Vítimas Feridas;Plena Noite;Crescente;Nublado;Dupla;"Reta;Aclive";Sim;1;0;1;0;0;0;1;1;-24,70108125;-48,00699083;SPRF-SP;DEL05-SP;UOP01-DEL05-SP
711135;11/08/2025;segunda-feira;22:30:00;MG;40;634,4;CONSELHEIRO LAFAIETE;Falta de elemento de contenção que evite a saída do leito carroçável;Saída de leito carroçável;Com Vítimas Feridas;Plena Noite;Decrescente;Céu Claro;Simples;Curva;Não;1;0;1;0;0;0;1;1;-20,697695;-43,792041;SPRF-MG;DEL05-MG;UOP02-DEL05-MG
711136;11/08/2025;segunda-feira;23:30:00;PR;277;725;FOZ DO IGUACU;Condutor deixou de manter distância do veículo da frente;Colisão traseira;Com Vítimas Feridas;Plena Noite;Decrescente;Céu Claro;Dupla;Reta;Não;3;0;2;0;1;0;2;2;-25,50905927;-54,54711914;SPRF-PR;DEL05-PR;UOP03-DEL05-PR
711139;11/08/2025;segunda-feira;23:30:00;RN;304;40,5;MACAIBA;Ausência de reação do condutor;Colisão traseira;Sem Vítimas;Plena Noite;Crescente;Nublado;Simples;"Reta;Aclive";Não;2;0;0;0;2;0;0;2;-5,932498;-35,544818;SPRF-RN;DEL04-RN;UOP01-DEL04-RN
711140;11/08/2025;segunda-feira;21:30:00;RS;287;439,9;UNISTALDA;Desrespeitar a preferência no cruzamento;Colisão transversal;Com Vítimas Feridas;Plena Noite;Decrescente;Céu Claro;Simples;Reta;Não;2;0;0;1;1;0;1;2;-29,04194;-55,20878;SPRF-RS;DEL12-RS;UOP02-DEL12-RS
711141;11/08/2025;segunda-feira;23:00:00;SP;0;0;SANTA MERCEDES;Reação tardia ou ineficiente do condutor;Colisão com objeto;Sem Vítimas;Plena Noite;Não Informado;Céu Claro;Simples;Rotatória;Não;3;0;0;0;3;0;0;1;-21,29762795;-51,71971528;SPRF-MS;DEL07-MS;UOP01-DEL07-MS
711143;12/08/2025;terça-feira;03:40:00;RJ;116;285,1;BARRA MANSA;Demais falhas na via;Tombamento;Com Vítimas Feridas;Plena Noite;Crescente;Nublado;Dupla;"Curva;Desvio Temporário;Em Obras";Não;1;0;0;1;0;0;1;1;-22,508525;-44,22038;SPRF-RJ;DEL07-RJ;UOP02-DEL07-RJ
711144;12/08/2025;terça-feira;01:00:00;MT;163;951;NOVA SANTA HELENA;Ausência de reação do condutor;Saída de leito carroçável;Sem Vítimas;Plena Noite;Decrescente;Céu Claro;Simples;Reta;Não;1;0;0;0;1;0;0;1;-10,87694087;-55,19770861;SPRF-MT;DEL06-MT;UOP02-DEL06-MT
711146;11/08/2025;segunda-feira;20:15:00;PA;316;102;SANTA MARIA DO PARA;Reação tardia ou ineficiente do condutor;Tombamento;Com Vítimas Feridas;Plena Noite;Crescente;Chuva;Simples;"Em Obras;Reta";Não;1;0;1;0;0;0;1;1;-1,33764684;-47,59000218;SPRF-PA;DEL01-PA;UOP02-DEL01-PA
711147;12/08/2025;terça-feira;05:20:00;PE;232;10;JABOATAO DOS GUARARAPES;Ausência de reação do condutor;Colisão com objeto;Com Vítimas Fatais;Pleno dia;Decrescente;Céu Claro;Múltipla;Reta;Sim;1;1;0;0;0;0;0;1;-8,08000744;-34,99083281;SPRF-PE;DEL01-PE;UOP01-DEL01-PE
711148;12/08/2025;terça-feira;05:45:00;SP;116;212;GUARULHOS;Reação tardia ou ineficiente do condutor;Colisão traseira;Com Vítimas Feridas;Amanhecer;Crescente;Ignorado;Múltipla;"Reta;Declive";Sim;2;0;1;0;0;1;1;2;-23,43785813;-46,43322992;SPRF-SP;DEL01-SP;UOP01-DEL01-SP
711149;11/08/2025;segunda-feira;01:30:00;GO;452;4;RIO VERDE;Ingestão de álcool pelo condutor;Saída de leito carroçável;Sem Vítimas;Plena Noite;Crescente;Céu Claro;Dupla;"Retorno Regulamentado;Reta";Não;1;0;0;0;0;1;0;1;-17,80296661;-50,87361999;SPRF-GO;DEL04-GO;UOP01-DEL04-GO
711151;12/08/2025;terça-feira;07:00:00;MG;381;342;JOAO MONLEVADE;Ausência de reação do condutor;Tombamento;Com Vítimas Feridas;Pleno dia;Crescente;Céu Claro;Simples;Curva;Não;1;0;1;0;0;0;1;1;-19,85468594;-43,12843086;SPRF-MG;DEL03-MG;UOP01-DEL03-MG
711153;12/08/2025;terça-feira;06:15:00;SP;116;224;GUARULHOS;Ausência de reação do condutor;Colisão traseira;Com Vítimas Feridas;Pleno dia;Crescente;Nublado;Múltipla;Reta;Sim;2;0;1;0;1;0;1;2;-23,46303062;-46,49566294;SPRF-SP;DEL01-SP;UOP01-DEL01-SP
711154;12/08/2025;terça-feira;06:00:00;PR;369;177;ROLANDIA;Condutor desrespeitou a iluminação vermelha do semáforo;Colisão transversal;Com Vítimas Feridas;Pleno dia;Crescente;Céu Claro;Dupla;"Interseção de Vias;Reta";Não;2;0;0;1;0;1;1;2;-23,33697574;-51,38858199;SPRF-PR;DEL07-PR;UOP01-DEL07-PR
711156;12/08/2025;terça-feira;05:40:00;RJ;465;4;SEROPEDICA;Reação tardia ou ineficiente do condutor;Atropelamento de Pedestre;Com Vítimas Feridas;Pleno dia;Decrescente;Céu Claro;Simples;Reta;Sim;2;0;2;0;0;0;2;2;-22,73967872;-43,70679824;SPRF-RJ;DEL06-RJ;UOP02-DEL06-RJ
711158;12/08/2025;terça-feira;07:00:00;RS;116;265;CANOAS;Reação tardia ou ineficiente do condutor;Colisão lateral mesmo sentido;Com Vítimas Feridas;Pleno dia;Crescente;Céu Claro;Dupla;Reta;Não;2;0;1;0;1;0;1;2;-29,92142182;-51,17789682;SPRF-RS;DEL01-RS;UOP01-DEL01-RS
711159;12/08/2025;terça-feira;06:47:00;BA;101;878;TEIXEIRA DE FREITAS;Acessar a via sem observar a presença dos outros veículos;Colisão transversal;Com Vítimas Feridas;Amanhecer;Decrescente;Chuva;Simples;"Reta;Interseção de Vias";Sim;2;0;1;0;1;0;1;2;-17,54933307;-39,72068346;SPRF-BA;DEL09-BA;UOP02-DEL09-BA
711160;12/08/2025;terça-feira;05:30:00;SP;116;58;GUARATINGUETA;Objeto estático sobre o leito carroçável;Colisão com objeto;Com Vítimas Feridas;Amanhecer;Decrescente;Céu Claro;Dupla;Reta;Sim;1;0;1;0;0;0;1;1;-22,77254909;-45,13491939;SPRF-SP;DEL08-SP;UOP01-DEL08-SP
711162;12/08/2025;terça-feira;05:30:00;SP;116;219;GUARULHOS;Reação tardia ou ineficiente do condutor;Tombamento;Com Vítimas Feridas;Amanhecer;Decrescente;Céu Claro;Múltipla;Reta;Sim;1;0;1;0;0;0;1;1;-23,463355;-46,49436;SPRF-SP;DEL01-SP;UOP01-DEL01-SP
711163;12/08/2025;terça-feira;07:00:00;PB;101;52,1;RIO TINTO;Reação tardia ou ineficiente do condutor;Tombamento;Com Vítimas Feridas;Pleno dia;Decrescente;Céu Claro;Dupla;"Ponte;Reta";Não;1;0;1;0;0;0;1;1;-6,93528623;-35,10079622;SPRF-PB;DEL01-PB;UOP03-DEL01-PB
711165;12/08/2025;terça-feira;07:40:00;PB;230;10;CABEDELO;Ausência de reação do condutor;Tombamento;Com Vítimas Feridas;Pleno dia;Crescente;Chuva;Dupla;Reta;Sim;1;0;1;0;0;0;1;1;-6,99048878;-34,82869774;SPRF-PB;DEL01-PB;UOP01-DEL01-PB
711166;12/08/2025;terça-feira;03:28:00;MT;174;265,9;PONTES E LACERDA;Ausência de reação do condutor;Saída de leito carroçável;Com Vítimas Feridas;Plena Noite;Crescente;Céu Claro;Simples;Curva;Não;4;0;1;0;3;0;1;1;-15,40337576;-59,14043427;SPRF-MT;DEL04-MT;UOP01-DEL04-MT
711168;12/08/2025;terça-feira;07:35:00;PB;230;55,7;CRUZ DO ESPIRITO SANTO;Demais falhas mecânicas ou elétricas;Colisão com objeto;Com Vítimas Feridas;Pleno dia;Decrescente;Céu Claro;Dupla;Reta;Não;2;0;2;0;0;0;2;1;-7,20225;-35,106005;SPRF-PB;DEL01-PB;UOP02-DEL01-PB
711169;12/08/2025;terça-feira;08:00:00;RS;116;530;CAPAO DO LEAO;Acessar a via sem observar a presença dos outros veículos;Colisão transversal;Com Vítimas Feridas;Pleno dia;Decrescente;Céu Claro;Simples;"Reta;Interseção de Vias";Sim;2;0;1;0;1;0;1;2;-31,767303;-52,44838459;SPRF-RS;DEL07-RS;UOP01-DEL07-RS
711170;12/08/2025;terça-feira;08:00:00;SP;116;211;GUARULHOS;Reação tardia ou ineficiente do condutor;Colisão traseira;Com Vítimas Feridas;Pleno dia;Crescente;Céu Claro;Múltipla;"Reta;Declive";Sim;2;0;0;1;1;0;1;2;-23,43313005;-46,42205048;SPRF-SP;DEL01-SP;UOP01-DEL01-SP
711171;12/08/2025;terça-feira;06:35:00;SP;116;188;SANTA ISABEL;Ausência de reação do condutor;Colisão com objeto;Com Vítimas Feridas;Pleno dia;Crescente;Céu Claro;Dupla;Reta;Não;1;0;0;1;0;0;1;1;-23,362605;-46,221791;SPRF-SP;DEL01-SP;UOP01-DEL01-SP
711173;11/08/2025;segunda-feira;22:43:00;MG;381;642,5;SANTO ANTONIO DO AMPARO;Demais falhas mecânicas ou elétricas;Incêndio;Sem Vítimas;Plena Noite;Decrescente;Céu Claro;Dupla;Reta;Não;1;0;0;0;1;0;0;1;-20,92861637;-44,87385893;SPRF-MG;DEL04-MG;UOP01-DEL04-MG
711174;12/08/2025;terça-feira;07:50:00;RS;293;2,6;PELOTAS;Mal súbito do condutor;Colisão traseira;Com Vítimas Feridas;Pleno dia;Decrescente;Céu Claro;Simples;Rotatória;Sim;6;0;1;1;4;0;2;4;-31,74140636;-52,36407693;SPRF-RS;DEL07-RS;UOP01-DEL07-RS
711175;12/08/2025;terça-feira;07:00:00;PR;277;80;CURITIBA;Condutor deixou de manter distância do veículo da frente;Colisão traseira;Com Vítimas Feridas;Pleno dia;Crescente;Sol;Dupla;Reta;Sim;2;0;1;0;1;0;1;2;-25,46268302;-49,21822278;SPRF-PR;DEL01-PR;UOP03-DEL01-PR
711176;12/08/2025;terça-feira;08:37:00;DF;70;6;BRASILIA;Estacionar ou parar em local proibido;Colisão lateral mesmo sentido;Com Vítimas Feridas;Pleno dia;Decrescente;Sol;Dupla;Reta;Sim;2;0;1;0;1;0;1;2;-15,795283;-48,1990981;SPRF-DF;DEL03-DF;UOP02-DEL03-DF
711177;18/06/2025;quarta-feira;18:50:00;PR;369;147,2;LONDRINA;Ausência de reação do condutor;Tombamento;Com Vítimas Feridas;Plena Noite;Crescente;Céu Claro;Dupla;"Reta;Declive";Não;2;0;1;0;1;0;1;2;-23,293007;-51,130902;SPRF-PR;DEL07-PR;UOP01-DEL07-PR
711178;12/08/2025;terça-feira;07:30:00;PI;316;2;TERESINA;Ausência de reação do condutor;Colisão traseira;Com Vítimas Feridas;Pleno dia;Decrescente;Céu Claro;Múltipla;"Viaduto;Rotatória";Sim;3;0;2;0;1;0;2;2;-5,12516254;-42,79911429;SPRF-PI;DEL01-PI;UOP02-DEL01-PI
711179;12/08/2025;terça-feira;07:50:00;MG;50;72;UBERLANDIA;Reação tardia ou ineficiente do condutor;Engavetamento;Com Vítimas Feridas;Pleno dia;Decrescente;Céu Claro;Dupla;Reta;Sim;4;0;1;1;2;0;2;4;-18,90024578;-48,24008775;SPRF-MG;DEL15-MG;UOP01-DEL15-MG
711180;19/07/2025;sábado;20:30:00;RS;116;0;PORTO ALEGRE;Ingestão de álcool pelo condutor;Saída de leito carroçável;Sem Vítimas;Plena Noite;Decrescente;Céu Claro;Múltipla;"Reta;Interseção de Vias";Não;1;0;0;0;1;0;0;1;-29,9733695;-51,1761178;SPRF-RS;DEL01-RS;UOP01-DEL01-RS
711181;12/08/2025;terça-feira;08:00:00;SC;101;116,6;ITAJAI;Ausência de reação do condutor;Colisão traseira;Com Vítimas Feridas;Pleno dia;Crescente;Sol;Dupla;Reta;Não;3;0;1;1;1;0;2;2;-26,88386251;-48,72448795;SPRF-SC;DEL04-SC;UOP04-DEL04-SC
711182;12/08/2025;terça-feira;07:00:00;PR;369;139;IBIPORA;Acessar a via sem observar a presença dos outros veículos;Atropelamento de Pedestre;Com Vítimas Feridas;Pleno dia;Crescente;Céu Claro;Simples;Reta;Sim;2;0;1;0;0;1;1;2;-23,2757988;-51,06081532;SPRF-PR;DEL07-PR;UOP01-DEL07-PR
711183;12/08/2025;terça-feira;09:15:00;PI;343;3,9;TERESINA;Ausência de reação do condutor;Atropelamento de Pedestre;Com Vítimas Feridas;Pleno dia;Crescente;Céu Claro;Dupla;Reta;Sim;2;0;0;1;1;0;1;2;-5,080339;-42,785735;SPRF-PI;DEL01-PI;UOP01-DEL01-PI
711184;12/08/2025;terça-feira;08:15:00;RS;116;154,9;CAXIAS DO SUL;Ausência de reação do condutor;Colisão traseira;Com Vítimas Feridas;Pleno dia;Decrescente;Céu Claro;Simples;Curva;Não;3;0;2;0;1;0;2;2;-29,1982108;-51,17734425;SPRF-RS;DEL05-RS;UOP01-DEL05-RS
711189;12/08/2025;terça-feira;08:30:00;SP;116;212;GUARULHOS;Trafegar com motocicleta (ou similar) entre as faixas;Queda de ocupante de veículo;Com Vítimas Feridas;Pleno dia;Crescente;Céu Claro;Múltipla;Reta;Sim;3;0;2;0;0;1;2;2;-23,43668562;-46,43004518;SPRF-SP;DEL01-SP;UOP01-DEL01-SP
711190;12/08/2025;terça-feira;09:20:00;PE;104;66,1;CARUARU;Trafegar com motocicleta (ou similar) entre as faixas;Colisão lateral mesmo sentido;Sem Vítimas;Pleno dia;Crescente;Céu Claro;Dupla;Reta;Sim;2;0;0;0;2;0;0;2;-8,28727;-35,98432;SPRF-PE;DEL02-PE;UOP01-DEL02-PE
711192;12/08/2025;terça-feira;09:25:00;SC;282;3,5;FLORIANOPOLIS;Manobra de mudança de faixa;Colisão traseira;Com Vítimas Feridas;Pleno dia;Decrescente;Céu Claro;Múltipla;Reta;Sim;3;0;1;0;2;0;1;2;-27,596313;-48,601053;SPRF-SC;DEL01-SC;UOP01-DEL01-SC
711193;07/07/2025;segunda-feira;22:30:00;SC;470;88;RODEIO;Ingestão de álcool pelo condutor;Capotamento;Com Vítimas Feridas;Plena Noite;Crescente;Céu Claro;Simples;Curva;Não;2;0;1;1;0;0;2;1;-26,95017783;-49,35636727;SPRF-SC;DEL04-SC;UOP01-DEL04-SC
711197;12/08/2025;terça-feira;10:00:00;PR;272;367,9;CAMPO MOURAO;Manobra de mudança de faixa;Colisão lateral mesmo sentido;Com Vítimas Feridas;Pleno dia;Crescente;Céu Claro;Dupla;Reta;Sim;3;0;0;1;1;1;1;2;-24,053405;-52,408108;SPRF-PR;DEL09-PR;UOP03-DEL09-PR
711198;11/07/2025;sexta-feira;09:25:00;SC;470;57;BLUMENAU;Condutor deixou de manter distância do veículo da frente;Colisão traseira;Com Vítimas Feridas;Pleno dia;Decrescente;Céu Claro;Simples;Reta;Não;2;0;1;0;1;0;1;2;-26,87394707;-49,11469907;SPRF-SC;DEL04-SC;UOP01-DEL04-SC
711200;12/08/2025;terça-feira;10:15:00;ES;101;289,3;CARIACICA;Ausência de reação do condutor;Tombamento;Com Vítimas Feridas;Pleno dia;Crescente;Céu Claro;Dupla;Reta;Sim;1;0;0;1;0;0;1;1;-20,27777682;-40,39279461;SPRF-ES;DEL01-ES;UOP01-DEL01-ES
711202;05/07/2025;sábado;21:00:00;MA;230;7;BARAO DE GRAJAU;Ausência de reação do condutor;Saída de leito carroçável;Com Vítimas Feridas;Plena Noite;Decrescente;Céu Claro;Simples;Reta;Não;2;0;0;1;1;0;1;1;-6,73511368;-43,07738543;SPRF-PI;DEL03-PI;UOP01-DEL03-PI
711203;12/08/2025;terça-feira;10:00:00;PR;369;187,4;ARAPONGAS;Ausência de reação do condutor;Colisão transversal;Com Vítimas Feridas;Pleno dia;Decrescente;Céu Claro;Simples;Reta;Não;2;0;1;0;1;0;1;2;-23,42695489;-51,42320395;SPRF-PR;DEL07-PR;UOP03-DEL07-PR
711204;12/08/2025;terça-feira;09:45:00;RJ;116;177;NOVA IGUACU;Condutor deixou de manter distância do veículo da frente;Colisão traseira;Com Vítimas Feridas;Pleno dia;Decrescente;Céu Claro;Dupla;Reta;Sim;3;0;1;0;2;0;1;3;-22,75769783;-43,43083128;SPRF-RJ;DEL06-RJ;UOP01-DEL06-RJ
711205;12/08/2025;terça-feira;10:20:00;RS;116;231;IVOTI;Manobra de mudança de faixa;Colisão lateral mesmo sentido;Com Vítimas Feridas;Pleno dia;Decrescente;Céu Claro;Dupla;"Curva;Aclive";Não;2;0;1;0;1;0;1;2;-29,6270649;-51,1386964;SPRF-RS;DEL01-RS;UOP02-DEL01-RS
711206;10/08/2025;domingo;19:00:00;MT;174;40;VILA BELA DA SANTISSIMA TRINDADE;Ingestão de álcool pelo condutor;Saída de leito carroçável;Sem Vítimas;Plena Noite;Decrescente;Céu Claro;Simples;Curva;Não;1;0;0;0;1;0;0;1;-15,1497751;-59,6022168;SPRF-MT;DEL03-MT;UOP01-DEL03-MT
711208;12/08/2025;terça-feira;11:05:00;PA;230;116,4;MARABA;Manobra de mudança de faixa;Colisão lateral mesmo sentido;Com Vítimas Feridas;Pleno dia;Crescente;Céu Claro;Dupla;"Retorno Regulamentado;Reta;Declive";Sim;3;0;2;0;1;0;2;2;-5,358553;-49,085015;SPRF-PA;DEL03-PA;UOP01-DEL03-PA
711211;03/07/2025;quinta-feira;23:00:00;PR;116;115;CURITIBA;Reação tardia ou ineficiente do condutor;Colisão traseira;Com Vítimas Feridas;Plena Noite;Decrescente;Nublado;Dupla;Reta;Não;2;0;1;0;1;0;1;2;-25,548442;-49,3045;SPRF-PR;DEL01-PR;UOP03-DEL01-PR
711212;12/08/2025;terça-feira;11:33:00;GO;153;507,9;APARECIDA DE GOIANIA;Condutor deixou de manter distância do veículo da frente;Colisão traseira;Com Vítimas Feridas;Pleno dia;Decrescente;Sol;Dupla;"Aclive;Reta";Sim;2;0;1;0;1;0;1;2;-16,771677;-49,238297;SPRF-GO;DEL01-GO;UOP03-DEL01-GO
711213;12/08/2025;terça-feira;11:10:00;RJ;40;108;DUQUE DE CAXIAS;Condutor deixou de manter distância do veículo da frente;Colisão traseira;Com Vítimas Feridas;Pleno dia;Crescente;Céu Claro;Múltipla;Reta;Sim;3;0;1;1;1;0;2;2;-22,66690168;-43,28526155;SPRF-RJ;DEL01-RJ;UOP02-DEL01-RJ
711216;12/08/2025;terça-feira;10:45:00;RN;101;95;NATAL;Acessar a via sem observar a presença dos outros veículos;Colisão lateral mesmo sentido;Com Vítimas Feridas;Pleno dia;Decrescente;Céu Claro;Dupla;Reta;Não;4;0;2;0;1;1;2;3;-5,84623152;-35,20830558;SPRF-RN;DEL01-RN;UOP01-DEL01-RN
711218;12/08/2025;terça-feira;11:40:00;GO;153;507,9;APARECIDA DE GOIANIA;Ausência de reação do condutor;Colisão traseira;Com Vítimas Feridas;Pleno dia;Decrescente;Céu Claro;Múltipla;"Reta;Declive";Sim;2;0;1;0;1;0;1;2;-16,771677;-49,238297;SPRF-GO;DEL01-GO;UOP03-DEL01-GO
711219;12/08/2025;terça-feira;07:30:00;RJ;101;503,7;ANGRA DOS REIS;Acessar a via sem observar a presença dos outros veículos;Colisão transversal;Com Vítimas Feridas;Pleno dia;Decrescente;Nublado;Simples;Reta;Não;3;0;0;1;1;1;1;3;-22,930271;-44,383494;SPRF-RJ;DEL03-RJ;UOP03-DEL03-RJ
711221;12/08/2025;terça-feira;12:00:00;PR;376;91;PARANAVAI;Ausência de reação do condutor;Tombamento;Com Vítimas Feridas;Pleno dia;Crescente;Céu Claro;Simples;"Reta;Declive";Não;1;0;1;0;0;0;1;1;-23,00013503;-52,56533432;SPRF-PR;DEL09-PR;UOP02-DEL09-PR
711222;12/08/2025;terça-feira;12:30:00;MG;40;450,9;CAETANOPOLIS;Ausência de reação do condutor;Saída de leito carroçável;Sem Vítimas;Pleno dia;Crescente;Céu Claro;Dupla;Reta;Não;1;0;0;0;1;0;0;1;-19,323414;-44,365037;SPRF-MG;DEL02-MG;UOP01-DEL02-MG
711223;12/08/2025;terça-feira;10:10:00;MG;50;154;UBERABA;Reação tardia ou ineficiente do condutor;Saída de leito carroçável;Com Vítimas Feridas;Pleno dia;Crescente;Céu Claro;Dupla;"Reta;Declive";Não;2;0;2;0;0;0;2;1;-19,60416;-48,02362;SPRF-MG;DEL13-MG;UOP01-DEL13-MG
711225;12/08/2025;terça-feira;08:45:00;RJ;493;122;ITAGUAI;Velocidade Incompatível;Colisão com objeto;Com Vítimas Feridas;Pleno dia;Crescente;Céu Claro;Dupla;"Curva;Declive";Não;1;0;1;0;0;0;1;1;-22,89971733;-43,82285491;SPRF-RJ;DEL03-RJ;UOP01-DEL03-RJ
711226;12/08/2025;terça-feira;08:30:00;MG;40;641,3;CONSELHEIRO LAFAIETE;Velocidade Incompatível;Saída de leito carroçável;Com Vítimas Feridas;Pleno dia;Crescente;Sol;Simples;"Curva;Declive";Não;2;0;0;2;0;0;2;1;-20,75559921;-43,80514795;SPRF-MG;DEL05-MG;UOP02-DEL05-MG
711227;12/08/2025;terça-feira;14:20:00;MG;381;780;CAMPANHA;Demais falhas mecânicas ou elétricas;Incêndio;Sem Vítimas;Pleno dia;Crescente;Céu Claro;Dupla;Curva;Não;1;0;0;0;1;0;0;1;-21,812036;-45,489665;SPRF-MG;DEL16-MG;UOP02-DEL16-MG
711229;12/08/2025;terça-feira;07:00:00;PI;230;198;OEIRAS;Acessar a via sem observar a presença dos outros veículos;Colisão transversal;Com Vítimas Feridas;Pleno dia;Decrescente;Céu Claro;Simples;Reta;Sim;3;0;3;0;0;0;3;2;-7,01491712;-42,13758826;SPRF-PI;DEL04-PI;UOP01-DEL04-PI
711230;12/08/2025;terça-feira;11:00:00;MT;163;702;SORRISO;Reação tardia ou ineficiente do condutor;Colisão lateral sentido oposto;Com Vítimas Feridas;Pleno dia;Decrescente;Céu Claro;Simples;"Reta;Declive";Não;6;0;1;0;5;0;1;2;-12,959665;-55,871053;SPRF-MT;DEL06-MT;UOP01-DEL06-MT
711232;12/08/2025;terça-feira;14:22:00;RJ;101;478;ANGRA DOS REIS;Velocidade Incompatível;Engavetamento;Com Vítimas Feridas;Pleno dia;Decrescente;Céu Claro;Simples;Reta;Sim;5;0;2;0;3;0;2;3;-23,004902;-44,276403;SPRF-RJ;DEL03-RJ;UOP03-DEL03-RJ
711233;12/08/2025;terça-feira;13:25:00;DF;20;17;BRASILIA;Reação tardia ou ineficiente do condutor;Engavetamento;Com Vítimas Feridas;Pleno dia;Crescente;Céu Claro;Dupla;Reta;Sim;7;0;3;0;4;0;3;4;-15,814671;-47,946877;SPRF-DF;DEL02-DF;UOP01-DEL02-DF
711234;12/08/2025;terça-feira;11:15:00;SP;116;275,5;TABOAO DA SERRA;Ausência de reação do condutor;Colisão traseira;Com Vítimas Feridas;Pleno dia;Decrescente;Céu Claro;Múltipla;Declive;Sim;2;0;1;0;1;0;1;2;-23,61811043;-46,79263305;SPRF-SP;DEL04-SP;UOP01-DEL04-SP
711235;12/08/2025;terça-feira;14:45:00;SC;101;227,6;PALHOCA;Velocidade Incompatível;Capotamento;Com Vítimas Feridas;Pleno dia;Decrescente;Céu Claro;Dupla;Reta;Não;1;0;1;0;0;0;1;1;-27,7556951;-48,63196313;SPRF-SC;DEL01-SC;UOP02-DEL01-SC
711236;05/08/2025;terça-feira;02:30:00;SC;101;132;CAMBORIU;Reação tardia ou ineficiente do condutor;Tombamento;Com Vítimas Feridas;Plena Noite;Crescente;Céu Claro;Simples;Reta;Sim;2;0;2;0;0;0;2;1;-26,99748756;-48,65496576;SPRF-SC;DEL04-SC;UOP03-DEL04-SC
711238;04/08/2025;segunda-feira;08:00:00;RO;319;143;PORTO VELHO;Ausência de reação do condutor;Colisão traseira;Com Vítimas Feridas;Pleno dia;Decrescente;Ignorado;Dupla;Reta;Sim;2;0;2;0;0;0;2;2;-8,75444159;-63,88671792;SPRF-RO;DEL01-RO;UOP01-DEL01-RO
711239;12/08/2025;terça-feira;14:40:00;PE;232;5;RECIFE;Demais falhas mecânicas ou elétricas;Incêndio;Sem Vítimas;Pleno dia;Crescente;Sol;Dupla;"Curva;Retorno Regulamentado";Não;1;0;0;0;1;0;0;1;-8,066723;-34,945913;SPRF-PE;DEL01-PE;UOP01-DEL01-PE
711240;12/08/2025;terça-feira;14:20:00;SP;116;221;GUARULHOS;Trafegar com motocicleta (ou similar) entre as faixas;Colisão traseira;Com Vítimas Feridas;Pleno dia;Decrescente;Sol;Múltipla;Reta;Sim;2;0;1;0;1;0;1;2;-23,46797225;-46,50653029;SPRF-SP;DEL01-SP;UOP01-DEL01-SP
711244;12/08/2025;terça-feira;15:06:00;ES;101;255,5;SERRA;Condutor desrespeitou a iluminação vermelha do semáforo;Colisão transversal;Com Vítimas Feridas;Pleno dia;Decrescente;Nublado;Simples;Reta;Sim;5;0;3;0;2;0;3;2;-20,1172859;-40,314724;SPRF-ES;DEL02-ES;UOP01-DEL02-ES
711245;12/08/2025;terça-feira;15:30:00;PR;376;603,7;CURITIBA;Reação tardia ou ineficiente do condutor;Colisão transversal;Com Vítimas Feridas;Pleno dia;Crescente;Céu Claro;Dupla;Reta;Não;5;0;3;0;2;0;3;2;-25,53068346;-49,32515526;SPRF-PR;DEL01-PR;UOP03-DEL01-PR
711246;12/08/2025;terça-feira;15:20:00;PB;230;145,9;CAMPINA GRANDE;Condutor deixou de manter distância do veículo da frente;Colisão traseira;Com Vítimas Feridas;Pleno dia;Crescente;Sol;Dupla;Reta;Sim;2;0;1;0;1;0;1;2;-7,245305;-35,851282;SPRF-PB;DEL02-PB;UOP01-DEL02-PB
711247;08/08/2025;sexta-feira;21:20:00;RJ;40;107;DUQUE DE CAXIAS;Reação tardia ou ineficiente do condutor;Queda de ocupante de veículo;Com Vítimas Feridas;Plena Noite;Decrescente;Céu Claro;Simples;Reta;Sim;1;0;1;0;0;0;1;1;-22,65900365;-43,28426278;SPRF-RJ;DEL01-RJ;UOP02-DEL01-RJ