id;data_inversa;dia_semana;horario;uf;br;km;municipio;causa_acidente;tipo_acidente;classificacao_acidente;fase_dia;sentido_via;condicao_metereologica;tipo_pista;tracado_via;uso_solo;pessoas;mortos;feridos_leves;feridos_graves;ilesos;ignorados;feridos;veiculos;latitude;longitude;regional;delegacia;uop
711248;12/08/2025;terça-feira;16:00:00;ES;101;268,9;SERRA;Manobra de mudança de faixa;Colisão lateral mesmo sentido;Com Vítimas Feridas;Pleno dia;Decrescente;Nublado;Múltipla;Reta;Sim;3;0;2;0;1;0;2;2;-20,22467144;-40,27042508;SPRF-ES;DEL02-ES;UOP01-DEL02-ES
711250;12/08/2025;terça-feira;16:25:00;MG;251;522,2;MONTES CLAROS;Demais falhas mecânicas ou elétricas;Incêndio;Sem Vítimas;Pleno dia;Decrescente;Céu Claro;Simples;"Reta;Aclive";Não;1;0;0;0;1;0;0;1;-16,6743286;-43,7954791;SPRF-MG;DEL12-MG;UOP01-DEL12-MG
711251;12/08/2025;terça-feira;15:30:00;MG;356;275,9;EUGENOPOLIS;Velocidade Incompatível;Saída de leito carroçável;Sem Vítimas;Pleno dia;Crescente;Nublado;Simples;Curva;Não;1;0;0;0;0;1;0;1;-21,126809;-42,286396;SPRF-MG;DEL07-MG;UOP02-DEL07-MG
711252;12/08/2025;terça-feira;16:50:00;PB;104;133,1;QUEIMADAS;Condutor deixou de manter distância do veículo da frente;Colisão traseira;Com Vítimas Feridas;Pleno dia;Decrescente;Céu Claro;Simples;Reta;Sim;2;0;1;0;1;0;1;2;-7,308097;-35,893728;SPRF-PB;DEL02-PB;UOP03-DEL02-PB
711253;12/08/2025;terça-feira;16:15:00;PB;230;23;JOAO PESSOA;Condutor deixou de manter distância do veículo da frente;Tombamento;Com Vítimas Feridas;Pleno dia;Decrescente;Céu Claro;Dupla;Reta;Sim;3;0;1;0;0;2;1;2;-7,158;-34,858;SPRF-PB;DEL01-PB;UOP01-DEL01-PB
711254;12/08/2025;terça-feira;15:50:00;MT;70;17;BARRA DO GARCAS;Reação tardia ou ineficiente do condutor;Queda de ocupante de veículo;Com Vítimas Feridas;Pleno dia;Crescente;Céu Claro;Simples;"Declive;Reta";Sim;1;0;1;0;0;0;1;1;-15,87988233;-52,2821559;SPRF-MT;DEL07-MT;UOP01-DEL07-MT
711256;12/08/2025;terça-feira;16:30:00;SC;101;149;ITAPEMA;Reação tardia ou ineficiente do condutor;Atropelamento de Pedestre;Com Vítimas Feridas;Pleno dia;Decrescente;Céu Claro;Dupla;Reta;Sim;2;0;0;1;1;0;1;2;-27,10953318;-48,61165881;SPRF-SC;DEL04-SC;UOP03-DEL04-SC
711257;12/08/2025;terça-feira;15:20:00;SC;101;101;BALNEARIO PICARRAS;Velocidade Incompatível;Saída de leito carroçável;Com Vítimas Feridas;Pleno dia;Decrescente;Sol;Múltipla;"Reta;Declive";Sim;1;0;1;0;0;0;1;1;-26,77050776;-48,68573841;SPRF-SC;DEL03-SC;UOP02-DEL03-SC
711258;12/08/2025;terça-feira;11:40:00;RJ;465;7;SEROPEDICA;Retorno proibido;Colisão lateral mesmo sentido;Com Vítimas Feridas;Pleno dia;Crescente;Céu Claro;Dupla;Reta;Não;3;0;1;0;1;1;1;2;-22,73779419;-43,70867729;SPRF-RJ;DEL06-RJ;UOP02-DEL06-RJ
711260;12/08/2025;terça-feira;16:40:00;SP;116;167,3;JACAREI;Avarias e/ou desgaste excessivo no pneu;Tombamento;Com Vítimas Feridas;Pleno dia;Crescente;Céu Claro;Múltipla;"Aclive;Reta";Sim;1;0;1;0;0;0;1;1;-23,30235886;-46,02657644;SPRF-SP;DEL02-SP;UOP01-DEL02-SP
711262;12/08/2025;terça-feira;17:30:00;ES;101;298,5;VIANA;Manobra de mudança de faixa;Colisão lateral mesmo sentido;Com Vítimas Feridas;Anoitecer;Crescente;Nublado;Múltipla;"Viaduto;Reta";Sim;2;0;1;0;1;0;1;2;-20,35728134;-40,41977406;SPRF-ES;DEL01-ES;UOP01-DEL01-ES
711263;12/08/2025;terça-feira;16:56:00;SP;116;215;GUARULHOS;Manobra de mudança de faixa;Colisão lateral mesmo sentido;Com Vítimas Feridas;Anoitecer;Decrescente;Vento;Múltipla;"Reta;Declive";Sim;4;0;2;0;1;1;2;3;-23,45046678;-46,46202516;SPRF-SP;DEL01-SP;UOP01-DEL01-SP
711265;12/08/2025;terça-feira;17:20:00;PE;104;58;CARUARU;Pedestre andava na pista;Colisão traseira;Com Vítimas Feridas;Anoitecer;Decrescente;Céu Claro;Dupla;Reta;Não;2;0;0;1;0;1;1;2;-8,21825347;-35,97482868;SPRF-PE;DEL02-PE;UOP01-DEL02-PE
711267;12/08/2025;terça-feira;16:50:00;MG;262;789,8;UBERABA;Transitar na contramão;Colisão frontal;Com Vítimas Feridas;Pleno dia;Crescente;Céu Claro;Simples;"Declive;Reta";Não;2;0;1;0;1;0;1;2;-19,75996;-47,79556;SPRF-MG;DEL13-MG;UOP01-DEL13-MG
711268;12/08/2025;terça-feira;18:20:00;SE;235;51;ITABAIANA;Desrespeitar a preferência no cruzamento;Colisão transversal;Com Vítimas Feridas;Plena Noite;Crescente;Céu Claro;Dupla;"Interseção de Vias;Retorno Regulamentado";Sim;2;0;0;1;1;0;1;2;-10,703955;-37,428287;SPRF-SE;DEL01-SE;UOP02-DEL01-SE
711269;12/08/2025;terça-feira;13:40:00;RJ;101;321;NITEROI;Condutor deixou de manter distância do veículo da frente;Colisão traseira;Com Vítimas Feridas;Pleno dia;Crescente;Céu Claro;Dupla;Reta;Não;3;0;1;0;2;0;1;3;-22,8823469;-43,1086724;SPRF-RJ;DEL02-RJ;UOP01-DEL02-RJ
711270;07/08/2025;quinta-feira;15:00:00;BA;116;677;JEQUIE;Ausência de reação do condutor;Colisão com objeto;Sem Vítimas;Pleno dia;Crescente;Céu Claro;Simples;Reta;Não;1;0;0;0;1;0;0;1;-13,881178;-40,136597;SPRF-BA;DEL03-BA;UOP01-DEL03-BA
711271;12/08/2025;terça-feira;17:00:00;ES;262;133;BREJETUBA;Acessar a via sem observar a presença dos outros veículos;Colisão transversal;Com Vítimas Feridas;Anoitecer;Decrescente;Céu Claro;Simples;"Retorno Regulamentado;Reta";Não;3;0;0;2;1;0;2;2;-20,24183102;-41,32081389;SPRF-ES;DEL01-ES;UOP02-DEL01-ES
711272;12/08/2025;terça-feira;18:30:00;SC;282;3;FLORIANOPOLIS;Reação tardia ou ineficiente do condutor;Colisão traseira;Com Vítimas Feridas;Plena Noite;Crescente;Céu Claro;Múltipla;Reta;Sim;3;0;1;0;2;0;1;3;-27,59661;-48,6009;SPRF-SC;DEL01-SC;UOP01-DEL01-SC
711273;12/08/2025;terça-feira;18:20:00;MG;40;617;CONGONHAS;Acessar a via sem observar a presença dos outros veículos;Colisão transversal;Com Vítimas Feridas;Plena Noite;Decrescente;Céu Claro;Simples;Reta;Sim;3;0;0;3;0;0;3;2;-20,55918847;-43,81347656;SPRF-MG;DEL05-MG;UOP02-DEL05-MG
711274;12/08/2025;terça-feira;17:00:00;SC;282;402;JOACABA;Reação tardia ou ineficiente do condutor;Colisão traseira;Com Vítimas Feridas;Pleno dia;Crescente;Céu Claro;Simples;Curva;Não;2;0;1;0;1;0;1;2;-27,115344;-51,631189;SPRF-SC;DEL07-SC;UOP05-DEL07-SC
711275;12/08/2025;terça-feira;18:10:00;MS;163;822;SONORA;Animais na Pista;Atropelamento de Animal;Com Vítimas Feridas;Anoitecer;Crescente;Céu Claro;Simples;Curva;Não;1;0;1;0;0;0;1;1;-17,72906668;-54,75723267;SPRF-MS;DEL06-MS;UOP01-DEL06-MS
711278;12/08/2025;terça-feira;17:50:00;PB;104;196,5;ALCANTIL;Ultrapassagem Indevida;Colisão frontal;Com Vítimas Fatais;Plena Noite;Crescente;Céu Claro;Simples;"Reta;Aclive";Não;2;1;0;1;0;0;1;2;-7,764037;-36,096013;SPRF-PB;DEL02-PB;UOP03-DEL02-PB
711279;12/08/2025;terça-feira;18:20:00;PR;116;159;QUITANDINHA;Ausência de reação do condutor;Atropelamento de Pedestre;Com Vítimas Fatais;Plena Noite;Crescente;Céu Claro;Simples;"Reta;Declive";Não;2;1;0;0;0;1;0;2;-25,864601;-49,420929;SPRF-PR;DEL01-PR;UOP03-DEL01-PR
711280;12/08/2025;terça-feira;18:40:00;RS;386;442;CANOAS;Retorno proibido;Colisão transversal;Com Vítimas Feridas;Plena Noite;Crescente;Céu Claro;Múltipla;Reta;Sim;3;0;1;0;2;0;1;3;-29,88790188;-51,21966988;SPRF-RS;DEL01-RS;UOP01-DEL01-RS
711281;12/08/2025;terça-feira;19:00:00;SP;116;225;GUARULHOS;Reação tardia ou ineficiente do condutor;Engavetamento;Sem Vítimas;Plena Noite;Decrescente;Céu Claro;Múltipla;"Em Obras;Interseção de Vias";Sim;4;0;0;0;3;1;0;4;-23,4901578;-46,547415;SPRF-SP;DEL01-SP;UOP01-DEL01-SP
711286;12/08/2025;terça-feira;18:40:00;PR;163;167;LINDOESTE;Condutor deixou de manter distância do veículo da frente;Colisão lateral mesmo sentido;Sem Vítimas;Anoitecer;Crescente;Céu Claro;Simples;Reta;Sim;2;0;0;0;2;0;0;2;-25,25833;-53,57612;SPRF-PR;DEL05-PR;UOP05-DEL05-PR
711287;12/08/2025;terça-feira;19:00:00;RJ;40;78;PETROPOLIS;Ingestão de álcool pelo condutor;Colisão transversal;Sem Vítimas;Plena Noite;Decrescente;Nublado;Dupla;"Aclive;Curva";Sim;3;0;0;0;3;0;0;2;-22,510814;-43,231641;SPRF-RJ;DEL01-RJ;UOP01-DEL01-RJ
711289;12/08/2025;terça-feira;18:20:00;RJ;40;113;DUQUE DE CAXIAS;Avarias e/ou desgaste excessivo no pneu;Tombamento;Com Vítimas Feridas;Plena Noite;Decrescente;Nublado;Múltipla;"Viaduto;Aclive";Sim;1;0;1;0;0;0;1;1;-22,713293;-43,28993;SPRF-RJ;DEL01-RJ;UOP02-DEL01-RJ
711290;12/08/2025;terça-feira;19:45:00;PE;428;184,9;PETROLINA;Condutor deixou de manter distância do veículo da frente;Colisão traseira;Com Vítimas Feridas;Plena Noite;Decrescente;Céu Claro;Simples;Reta;Não;2;0;1;0;1;0;1;2;-9,3455;-40,4731;SPRF-PE;DEL06-PE;UOP01-DEL06-PE
711291;12/08/2025;terça-feira;18:00:00;MG;116;606,6;SAO JOAO DO MANHUACU;Acessar a via sem observar a presença dos outros veículos;Colisão transversal;Com Vítimas Feridas;Plena Noite;Crescente;Céu Claro;Simples;"Interseção de Vias;Reta";Não;2;0;1;0;1;0;1;2;-20,392698;-42,147489;SPRF-MG;DEL06-MG;UOP03-DEL06-MG
711293;12/08/2025;terça-feira;18:10:00;PI;316;82;LAGOINHA DO PIAUI;Desrespeitar a preferência no cruzamento;Colisão frontal;Com Vítimas Feridas;Anoitecer;Crescente;Céu Claro;Simples;Interseção de Vias;Não;4;0;2;0;2;0;2;2;-5,76468139;-42,61121489;SPRF-PI;DEL01-PI;UOP02-DEL01-PI
711294;12/08/2025;terça-feira;19:52:00;SP;153;63;SAO JOSE DO RIO PRETO;Manobra de mudança de faixa;Colisão lateral mesmo sentido;Com Vítimas Feridas;Plena Noite;Decrescente;Céu Claro;Dupla;"Declive;Reta";Não;3;0;1;0;1;1;1;3;-20,820131;-49,357468;SPRF-SP;DEL09-SP;UOP01-DEL09-SP
711297;12/08/2025;terça-feira;19:20:00;BA;101;239;CONCEICAO DO ALMEIDA;Reação tardia ou ineficiente do condutor;Capotamento;Com Vítimas Feridas;Plena Noite;Decrescente;Céu Claro;Simples;"Aclive;Reta";Não;1;0;0;1;0;0;1;1;-12,78631989;-39,18663788;SPRF-BA;DEL01-BA;UOP02-DEL01-BA
711298;12/08/2025;terça-feira;20:30:00;PR;369;148;LONDRINA;Acessar a via sem observar a presença dos outros veículos;Colisão transversal;Com Vítimas Feridas;Plena Noite;Decrescente;Céu Claro;Dupla;"Reta;Interseção de Vias";Sim;2;0;1;0;1;0;1;2;-23,2930845;-51,14303039;SPRF-PR;DEL07-PR;UOP01-DEL07-PR
711299;12/08/2025;terça-feira;19:30:00;GO;153;242;SAO LUIZ DO NORTE;Reação tardia ou ineficiente do condutor;Colisão com objeto;Com Vítimas Feridas;Plena Noite;Crescente;Céu Claro;Simples;"Aclive;Reta";Não;2;0;1;0;1;0;1;1;-14,870137;-49,330735;SPRF-GO;DEL07-GO;UOP02-DEL07-GO
711300;12/08/2025;terça-feira;21:05:00;RS;290;721;URUGUAIANA;Reação tardia ou ineficiente do condutor;Saída de leito carroçável;Com Vítimas Feridas;Plena Noite;Crescente;Nublado;Simples;"Curva;Rotatória";Sim;1;0;1;0;0;0;1;1;-29,76054521;-57,05898285;SPRF-RS;DEL13-RS;UOP01-DEL13-RS
711301;12/08/2025;terça-feira;20:30:00;PI;316;5,5;TERESINA;Conversão proibida;Colisão transversal;Com Vítimas Feridas;Plena Noite;Crescente;Céu Claro;Múltipla;"Viaduto;Interseção de Vias";Sim;2;0;1;0;1;0;1;2;-5,144067;-42,77803;SPRF-PI;DEL01-PI;UOP02-DEL01-PI
711303;12/08/2025;terça-feira;20:20:00;MA;10;263;IMPERATRIZ;Pedestre andava na pista;Atropelamento de Pedestre;Com Vítimas Feridas;Plena Noite;Decrescente;Céu Claro;Simples;Reta;Não;2;0;0;1;1;0;1;2;-5,4321;-47,4731;SPRF-MA;DEL04-MA;UOP01-DEL04-MA
711304;12/08/2025;terça-feira;17:30:00;RJ;116;102;GUAPIMIRIM;Demais falhas mecânicas ou elétricas;Queda de ocupante de veículo;Com Vítimas Feridas;Anoitecer;Crescente;Céu Claro;Simples;Reta;Não;2;0;1;0;1;0;1;1;-22,49471555;-43,0030632;SPRF-RJ;DEL04-RJ;UOP01-DEL04-RJ
711307;12/08/2025;terça-feira;20:45:00;AL;104;90,5;RIO LARGO;Pedestre cruzava a pista fora da faixa;Atropelamento de Pedestre;Com Vítimas Feridas;Plena Noite;Decrescente;Céu Claro;Dupla;Reta;Sim;3;0;0;3;0;0;3;2;-9,503937;-35,809784;SPRF-AL;DEL01-AL;UOP01-DEL01-AL
711310;12/08/2025;terça-feira;21:21:00;MG;40;518;RIBEIRAO DAS NEVES;Ausência de reação do condutor;Colisão lateral mesmo sentido;Sem Vítimas;Plena Noite;Decrescente;Céu Claro;Dupla;Reta;Sim;4;0;0;0;4;0;0;2;-19,8372484;-44,0785402;SPRF-MG;DEL01-MG;UOP02-DEL01-MG
711311;12/08/2025;terça-feira;19:15:00;MS;262;354;CAMPO GRANDE;Acessar a via sem observar a presença dos outros veículos;Colisão traseira;Sem Vítimas;Plena Noite;Crescente;Céu Claro;Simples;Reta;Sim;2;0;0;0;2;0;0;2;-20,548263;-54,678099;SPRF-MS;DEL01-MS;UOP03-DEL01-MS
711312;12/08/2025;terça-feira;20:40:00;RO;364;345;JI-PARANA;Ausência de reação do condutor;Atropelamento de Pedestre;Com Vítimas Feridas;Plena Noite;Decrescente;Céu Claro;Dupla;Reta;Sim;2;0;0;1;1;0;1;2;-10,86651;-61,968075;SPRF-RO;DEL02-RO;UOP01-DEL02-RO
711314;12/08/2025;terça-feira;21:40:00;SC;101;352,5;JAGUARUNA;Demais falhas mecânicas ou elétricas;Incêndio;Sem Vítimas;Plena Noite;Decrescente;Céu Claro;Dupla;"Aclive;Reta";Não;5;0;0;0;5;0;0;1;-28,618258;-49,070322;SPRF-SC;DEL02-SC;UOP01-DEL02-SC
711315;12/08/2025;terça-feira;20:45:00;RJ;101;386;RIO DE JANEIRO;Condutor deixou de manter distância do veículo da frente;Colisão traseira;Com Vítimas Feridas;Plena Noite;Decrescente;Nublado;Múltipla;Reta;Sim;3;0;2;0;1;0;2;2;-22,88420156;-43,64346743;SPRF-RJ;DEL03-RJ;UOP01-DEL03-RJ
711316;12/08/2025;terça-feira;16:41:00;RO;319;144;PORTO VELHO;Mal súbito do condutor;Tombamento;Com Vítimas Feridas;Pleno dia;Crescente;Sol;Dupla;Interseção de Vias;Sim;1;0;1;0;0;0;1;1;-8,76612402;-63,8845489;SPRF-RO;DEL01-RO;UOP01-DEL01-RO
711317;12/08/2025;terça-feira;22:00:00;RN;101;150;GOIANINHA;Ausência de reação do condutor;Queda de ocupante de veículo;Com Vítimas Feridas;Plena Noite;Decrescente;Céu Claro;Dupla;Reta;Não;1;0;1;0;0;0;1;1;-6,290775;-35,198405;SPRF-RN;DEL01-RN;UOP01-DEL01-RN
711318;12/08/2025;terça-feira;21:00:00;RJ;101;592;PARATY;Reação tardia ou ineficiente do condutor;Saída de leito carroçável;Com Vítimas Feridas;Plena Noite;Decrescente;Chuva;Simples;Curva;Não;2;0;1;1;0;0;2;1;-23,31990142;-44,72437441;SPRF-RJ;DEL03-RJ;UOP04-DEL03-RJ
711319;12/08/2025;terça-feira;20:45:00;MG;40;674,5;CARANDAI;Falta de acostamento;Colisão traseira;Com Vítimas Feridas;Plena Noite;Crescente;Céu Claro;Simples;Reta;Não;2;0;0;1;1;0;1;2;-20,99176149;-43,78011918;SPRF-MG;DEL05-MG;UOP02-DEL05-MG
711320;12/08/2025;terça-feira;22:58:00;SC;116;245;LAGES;Reação tardia ou ineficiente do condutor;Colisão traseira;Com Vítimas Feridas;Plena Noite;Crescente;Nevoeiro/Neblina;Múltipla;"Interseção de Vias;Rotatória";Sim;1;0;1;0;0;0;1;1;-27,7999442;-50,36379576;SPRF-SC;DEL05-SC;UOP01-DEL05-SC
711321;12/08/2025;terça-feira;23:40:00;RS;116;518;PELOTAS;Animais na Pista;Queda de ocupante de veículo;Com Vítimas Feridas;Pleno dia;Decrescente;Céu Claro;Múltipla;Reta;Sim;1;0;1;0;0;0;1;1;-31,67636866;-52,34203991;SPRF-RS;DEL07-RS;UOP01-DEL07-RS
711322;13/08/2025;quarta-feira;00:05:00;MG;381;822;CAREACU;Condutor Dormindo;Saída de leito carroçável;Com Vítimas Feridas;Plena Noite;Crescente;Céu Claro;Dupla;Reta;Não;1;0;0;1;0;0;1;1;-22,08703;-45,704265;SPRF-MG;DEL16-MG;UOP02-DEL16-MG
711323;12/08/2025;terça-feira;23:15:00;SP;116;72;APARECIDA;Demais falhas mecânicas ou elétricas;Incêndio;Sem Vítimas;Plena Noite;Decrescente;Nublado;Múltipla;Aclive;Não;1;0;0;0;1;0;0;1;-22,8674613;-45,24314225;SPRF-SP;DEL08-SP;UOP01-DEL08-SP
711324;13/08/2025;quarta-feira;00:00:00;SP;116;227;GUARULHOS;Objeto estático sobre o leito carroçável;Colisão com objeto;Com Vítimas Feridas;Plena Noite;Decrescente;Céu Claro;Múltipla;"Reta;Em Obras";Sim;1;0;1;0;0;0;1;1;-23,49958421;-46,5612793;SPRF-SP;DEL01-SP;UOP01-DEL01-SP
711326;13/08/2025;quarta-feira;01:45:00;RJ;40;26;TRES RIOS;Iluminação deficiente;Saída de leito carroçável;Com Vítimas Feridas;Plena Noite;Decrescente;Céu Claro;Simples;Reta;Não;2;0;1;0;1;0;1;1;-22,17683439;-43,16762209;SPRF-RJ;DEL05-RJ;UOP02-DEL05-RJ
711327;13/08/2025;quarta-feira;02:15:00;PB;101;76,2;SANTA RITA;Animais na Pista;Atropelamento de Animal;Com Vítimas Feridas;Plena Noite;Decrescente;Nublado;Dupla;Reta;Não;2;0;0;1;1;0;1;1;-7,092942;-34,96797;SPRF-PB;DEL01-PB;UOP03-DEL01-PB
711328;13/08/2025;quarta-feira;03:45:00;RS;116;247,9;SAO LEOPOLDO;Velocidade Incompatível;Colisão com objeto;Com Vítimas Fatais;Plena Noite;Crescente;Céu Claro;Dupla;"Viaduto;Reta";Sim;5;3;0;2;0;0;2;1;-29,77045854;-51,15368005;SPRF-RS;DEL01-RS;UOP02-DEL01-RS
711331;13/08/2025;quarta-feira;05:30:00;PA;10;13;DOM ELISEU;Objeto estático sobre o leito carroçável;Colisão com objeto;Com Vítimas Feridas;Amanhecer;Decrescente;Ignorado;Simples;Reta;Não;2;0;2;0;0;0;2;1;-4,329827;-47,540417;SPRF-PA;DEL02-PA;UOP02-DEL02-PA
711332;13/08/2025;quarta-feira;05:20:00;SC;101;210;SAO JOSE;Estacionar ou parar em local proibido;Colisão traseira;Com Vítimas Feridas;Plena Noite;Decrescente;Nublado;Dupla;Reta;Sim;2;0;1;0;1;0;1;2;-27,61695989;-48,64551751;SPRF-SC;DEL01-SC;UOP01-DEL01-SC
711333;13/08/2025;quarta-feira;05:45:00;PE;232;9;JABOATAO DOS GUARARAPES;Ausência de reação do condutor;Colisão traseira;Com Vítimas Feridas;Pleno dia;Decrescente;Nublado;Múltipla;Interseção de Vias;Sim;3;0;3;0;0;0;3;2;-8,078752;-34,984038;SPRF-PE;DEL01-PE;UOP01-DEL01-PE
711334;13/08/2025;quarta-feira;04:15:00;MG;356;266,1;MURIAE;Ingestão de álcool pelo condutor;Saída de leito carroçável;Com Vítimas Feridas;Plena Noite;Crescente;Nublado;Simples;Reta;Sim;1;0;1;0;0;0;1;1;-21,12847993;-42,36479402;SPRF-MG;DEL07-MG;UOP02-DEL07-MG
711336;13/08/2025;quarta-feira;06:43:00;SP;116;213;GUARULHOS;Demais falhas mecânicas ou elétricas;Queda de ocupante de veículo;Com Vítimas Feridas;Pleno dia;Crescente;Sol;Múltipla;Reta;Sim;2;0;1;0;0;1;1;1;-23,44230934;-46,4453373;SPRF-SP;DEL01-SP;UOP01-DEL01-SP
711338;13/08/2025;quarta-feira;06:00:00;MA;316;564;CAXIAS;Objeto estático sobre o leito carroçável;Queda de ocupante de veículo;Com Vítimas Feridas;Pleno dia;Decrescente;Sol;Simples;Reta;Não;1;0;0;1;0;0;1;1;-4,8732322;-43,3776991;SPRF-MA;DEL03-MA;UOP02-DEL03-MA
711340;13/08/2025;quarta-feira;05:00:00;MG;50;73;UBERLANDIA;Ingestão de álcool pelo condutor;Saída de leito carroçável;Sem Vítimas;Amanhecer;Decrescente;Céu Claro;Simples;Reta;Sim;1;0;0;0;1;0;0;1;-18,908036;-48,2267;SPRF-MG;DEL15-MG;UOP01-DEL15-MG
711342;13/08/2025;quarta-feira;07:30:00;DF;20;7;BRASILIA;Mal súbito do condutor;Engavetamento;Com Vítimas Feridas;Pleno dia;Decrescente;Sol;Dupla;Reta;Sim;7;0;1;0;6;0;1;7;-15,66120135;-47,79976845;SPRF-DF;DEL02-DF;UOP01-DEL02-DF
711343;13/08/2025;quarta-feira;07:10:00;MG;40;737,3;SANTOS DUMONT;Transitar na contramão;Colisão frontal;Com Vítimas Fatais;Pleno dia;Decrescente;Céu Claro;Simples;Reta;Não;2;1;1;0;0;0;1;2;-21,41330089;-43,56527567;SPRF-MG;DEL05-MG;UOP01-DEL05-MG
711344;13/08/2025;quarta-feira;07:25:00;RJ;116;146;DUQUE DE CAXIAS;Reação tardia ou ineficiente do condutor;Colisão traseira;Com Vítimas Feridas;Pleno dia;Crescente;Céu Claro;Dupla;Reta;Sim;3;0;1;0;2;0;1;2;-22,66679826;-43,26383888;SPRF-RJ;DEL01-RJ;UOP02-DEL01-RJ
711346;13/08/2025;quarta-feira;08:07:00;CE;116;7;FORTALEZA;Manobra de mudança de faixa;Colisão lateral mesmo sentido;Com Vítimas Feridas;Pleno dia;Crescente;Céu Claro;Múltipla;Reta;Sim;2;0;1;0;0;1;1;2;-3,821184;-38,502905;SPRF-CE;DEL01-CE;UOP02-DEL01-CE
711348;13/08/2025;quarta-feira;08:15:00;SP;153;61,2;SAO JOSE DO RIO PRETO;Trafegar com motocicleta (ou similar) entre as faixas;Colisão traseira;Com Vítimas Feridas;Pleno dia;Crescente;Sol;Dupla;"Declive;Reta";Sim;2;0;1;0;1;0;1;2;-20,80574108;-49,35602043;SPRF-SP;DEL09-SP;UOP01-DEL09-SP
711350;13/08/2025;quarta-feira;06:25:00;PR;116;116;CURITIBA;Reação tardia ou ineficiente do condutor;Colisão traseira;Com Vítimas Feridas;Pleno dia;Crescente;Sol;Múltipla;Reta;Sim;2;0;1;0;1;0;1;2;-25,556508;-49,306074;SPRF-PR;DEL01-PR;UOP03-DEL01-PR
711351;13/08/2025;quarta-feira;07:00:00;PR;476;110;COLOMBO;Acessar a via sem observar a presença dos outros veículos;Colisão traseira;Com Vítimas Feridas;Pleno dia;Crescente;Céu Claro;Simples;Reta;Não;4;0;2;0;2;0;2;3;-25,314608;-49,152115;SPRF-PR;DEL01-PR;UOP01-DEL01-PR
711353;13/08/2025;quarta-feira;08:15:00;MG;262;34;MANHUACU;Desrespeitar a preferência no cruzamento;Colisão transversal;Com Vítimas Feridas;Pleno dia;Crescente;Céu Claro;Simples;"Rotatória;Reta";Sim;2;0;1;0;1;0;1;2;-20,27330839;-42,03620916;SPRF-MG;DEL06-MG;UOP03-DEL06-MG
711356;13/08/2025;quarta-feira;08:30:00;PE;232;7,5;RECIFE;Velocidade Incompatível;Colisão traseira;Com Vítimas Feridas;Pleno dia;Decrescente;Sol;Dupla;Reta;Não;2;0;0;1;1;0;1;2;-8,0746;-34,96565;SPRF-PE;DEL01-PE;UOP01-DEL01-PE
711357;13/08/2025;quarta-feira;08:45:00;MG;365;648;UBERLANDIA;Acumulo de areia ou detritos sobre o pavimento;Saída de leito carroçável;Com Vítimas Feridas;Pleno dia;Crescente;Céu Claro;Dupla;"Aclive;Em Obras;Reta";Não;2;0;2;0;0;0;2;1;-18,869101;-48,558755;SPRF-MG;DEL15-MG;UOP01-DEL15-MG
711358;13/08/2025;quarta-feira;07:06:00;AC;364;127;RIO BRANCO;Conversão proibida;Colisão transversal;Com Vítimas Feridas;Pleno dia;Decrescente;Sol;Simples;Reta;Sim;3;0;2;1;0;0;3;2;-10,02281387;-67,81689286;SPRF-AC;DEL01-AC;UOP01-DEL01-AC
711359;13/08/2025;quarta-feira;08:15:00;SC;101;151;ITAPEMA;Condutor deixou de manter distância do veículo da frente;Colisão traseira;Com Vítimas Feridas;Amanhecer;Crescente;Céu Claro;Dupla;Reta;Sim;2;0;1;0;1;0;1;2;-27,12310743;-48,60945789;SPRF-SC;DEL04-SC;UOP03-DEL04-SC
711360;13/08/2025;quarta-feira;09:30:00;PE;101;50;ABREU E LIMA;Acessar a via sem observar a presença dos outros veículos;Queda de ocupante de veículo;Com Vítimas Feridas;Pleno dia;Decrescente;Céu Claro;Dupla;Reta;Sim;1;0;1;0;0;0;1;1;-7,915394;-34,898343;SPRF-PE;DEL01-PE;UOP02-DEL01-PE
711362;13/08/2025;quarta-feira;07:40:00;PE;232;410;SERRA TALHADA;Animais na Pista;Atropelamento de Animal;Com Vítimas Feridas;Pleno dia;Decrescente;Céu Claro;Simples;Reta;Sim;1;0;0;1;0;0;1;1;-7,98183942;-38,29195116;SPRF-PE;DEL04-PE;UOP01-DEL04-PE
711363;13/08/2025;quarta-feira;08:30:00;RS;470;223;GARIBALDI;Acessar a via sem observar a presença dos outros veículos;Colisão transversal;Com Vítimas Feridas;Pleno dia;Crescente;Céu Claro;Simples;"Reta;Retorno Regulamentado";Não;3;0;1;0;2;0;1;2;-29,22729322;-51,51627509;SPRF-RS;DEL06-RS;UOP01-DEL06-RS
711364;13/08/2025;quarta-feira;09:25:00;RS;386;43,2;SEBERI;Ultrapassagem Indevida;Saída de leito carroçável;Com Vítimas Feridas;Pleno dia;Decrescente;Sol;Simples;Reta;Não;3;0;1;0;2;0;1;2;-27,431542;-53,420373;SPRF-RS;DEL08-RS;UOP02-DEL08-RS
711365;13/08/2025;quarta-feira;09:10:00;BA;324;622;SALVADOR;Manobra de mudança de faixa;Colisão lateral mesmo sentido;Com Vítimas Feridas;Pleno dia;Crescente;Céu Claro;Múltipla;Reta;Sim;4;0;1;0;3;0;1;3;-12,922858;-38,468105;SPRF-BA;DEL01-BA;UOP01-DEL01-BA