id;data_inversa;dia_semana;horario;uf;br;km;municipio;causa_acidente;tipo_acidente;classificacao_acidente;fase_dia;sentido_via;condicao_metereologica;tipo_pista;tracado_via;uso_solo;pessoas;mortos;feridos_leves;feridos_graves;ilesos;ignorados;feridos;veiculos;latitude;longitude;regional;delegacia;uop
711367;13/08/2025;quarta-feira;09:30:00;PR;469;19;FOZ DO IGUACU;Ausência de sinalização;Colisão traseira;Com Vítimas Feridas;Pleno dia;Crescente;Céu Claro;Simples;"Aclive;Reta";Não;3;0;0;1;1;1;1;3;-25,60019;-54,504577;SPRF-PR;DEL05-PR;UOP04-DEL05-PR
711369;13/08/2025;quarta-feira;10:20:00;SC;101;134;BALNEARIO CAMBORIU;Desrespeitar a preferência no cruzamento;Colisão transversal;Com Vítimas Feridas;Pleno dia;Crescente;Céu Claro;Múltipla;Interseção de Vias;Sim;2;0;1;0;1;0;1;2;-27,00207566;-48,63798587;SPRF-SC;DEL04-SC;UOP03-DEL04-SC
711370;13/08/2025;quarta-feira;09:50:00;PR;376;197,7;MARIALVA;Acessar a via sem observar a presença dos outros veículos;Colisão lateral mesmo sentido;Sem Vítimas;Pleno dia;Crescente;Céu Claro;Dupla;"Reta;Retorno Regulamentado";Não;2;0;0;0;2;0;0;2;-23,499953;-51,766135;SPRF-PR;DEL09-PR;UOP01-DEL09-PR
711371;13/08/2025;quarta-feira;09:00:00;BA;367;24,7;PORTO SEGURO;Acessar a via sem observar a presença dos outros veículos;Colisão transversal;Com Vítimas Feridas;Pleno dia;Crescente;Céu Claro;Simples;Reta;Sim;2;0;0;1;1;0;1;2;-16,438035;-39,087793;SPRF-BA;DEL09-BA;UOP03-DEL09-BA
711372;13/08/2025;quarta-feira;09:50:00;CE;116;17,3;EUSEBIO;Condutor deixou de manter distância do veículo da frente;Colisão traseira;Com Vítimas Feridas;Pleno dia;Crescente;Céu Claro;Dupla;Aclive;Sim;2;0;1;0;1;0;1;2;-3,899142;-38,504066;SPRF-CE;DEL01-CE;UOP02-DEL01-CE
711373;13/08/2025;quarta-feira;10:30:00;ES;101;134;LINHARES;Reação tardia ou ineficiente do condutor;Capotamento;Com Vítimas Feridas;Pleno dia;Crescente;Nublado;Simples;Reta;Não;2;0;1;1;0;0;2;1;-19,26515537;-40,0889918;SPRF-ES;DEL04-ES;UOP01-DEL04-ES
711374;13/08/2025;quarta-feira;10:00:00;MG;262;811;UBERABA;Reação tardia ou ineficiente do condutor;Colisão lateral mesmo sentido;Com Vítimas Feridas;Pleno dia;Decrescente;Céu Claro;Dupla;Reta;Não;3;0;1;0;2;0;1;2;-19,768682;-47,983693;SPRF-MG;DEL13-MG;UOP01-DEL13-MG
711375;13/08/2025;quarta-feira;08:00:00;RS;116;464;SAO LOURENCO DO SUL;Reação tardia ou ineficiente do condutor;Colisão lateral mesmo sentido;Com Vítimas Feridas;Pleno dia;Decrescente;Céu Claro;Dupla;Reta;Não;2;0;0;1;1;0;1;2;-31,31521831;-52,02361677;SPRF-RS;DEL02-RS;UOP02-DEL02-RS
711378;13/08/2025;quarta-feira;10:15:00;PR;376;616,7;SAO JOSE DOS PINHAIS;Ausência de reação do condutor;Saída de leito carroçável;Com Vítimas Feridas;Pleno dia;Decrescente;Céu Claro;Dupla;"Aclive;Curva";Sim;1;0;0;1;0;0;1;1;-25,588908;-49,17168;SPRF-PR;DEL01-PR;UOP04-DEL01-PR
711382;13/08/2025;quarta-feira;07:05:00;PR;369;16,7;CAMBARA;Demais Fenômenos da natureza;Saída de leito carroçável;Com Vítimas Feridas;Pleno dia;Decrescente;Sol;Simples;"Aclive;Reta";Não;8;0;1;0;6;1;1;4;-23,03048;-50,05005;SPRF-PR;DEL07-PR;UOP05-DEL07-PR
711383;13/08/2025;quarta-feira;10:20:00;AL;316;266,8;SATUBA;Ultrapassagem Indevida;Saída de leito carroçável;Com Vítimas Feridas;Pleno dia;Decrescente;Céu Claro;Simples;Curva;Não;1;0;1;0;0;0;1;1;-9,57586922;-35,843953;SPRF-AL;DEL02-AL;UOP01-DEL02-AL
711389;13/08/2025;quarta-feira;12:00:00;SP;101;44;UBATUBA;Conversão proibida;Colisão transversal;Com Vítimas Feridas;Pleno dia;Decrescente;Céu Claro;Simples;Curva;Sim;2;0;1;0;1;0;1;2;-23,3988702;-45,02111284;SPRF-SP;DEL06-SP;UOP01-DEL06-SP
711395;12/08/2025;terça-feira;19:15:00;PA;10;67,8;ULIANOPOLIS;Demais falhas mecânicas ou elétricas;Incêndio;Sem Vítimas;Plena Noite;Crescente;Ignorado;Simples;"Reta;Declive";Não;1;0;0;0;1;0;0;1;-3,853705;-47,522711;SPRF-PA;DEL02-PA;UOP02-DEL02-PA
711396;13/08/2025;quarta-feira;10:20:00;RO;319;139;PORTO VELHO;Acessar a via sem observar a presença dos outros veículos;Colisão lateral mesmo sentido;Com Vítimas Feridas;Pleno dia;Decrescente;Céu Claro;Dupla;"Reta;Interseção de Vias";Sim;4;0;2;0;2;0;2;2;-8,74245;-63,902471;SPRF-RO;DEL01-RO;UOP01-DEL01-RO
711400;11/08/2025;segunda-feira;17:45:00;SC;280;254,5;CANOINHAS;Acessar a via sem observar a presença dos outros veículos;Colisão transversal;Com Vítimas Feridas;Anoitecer;Decrescente;Céu Claro;Simples;"Reta;Interseção de Vias";Não;2;0;0;1;1;0;1;2;-26,2663576;-50,5844697;SPRF-SC;DEL06-SC;UOP04-DEL06-SC
711401;13/08/2025;quarta-feira;11:30:00;RJ;116;103;GUAPIMIRIM;Transitar na calçada;Queda de ocupante de veículo;Com Vítimas Feridas;Pleno dia;Crescente;Céu Claro;Simples;Curva;Sim;2;0;2;0;0;0;2;1;-22,5277798;-42,9977417;SPRF-RJ;DEL04-RJ;UOP01-DEL04-RJ
711403;13/08/2025;quarta-feira;11:20:00;RO;364;11;VILHENA;Ultrapassagem Indevida;Colisão lateral mesmo sentido;Com Vítimas Feridas;Pleno dia;Decrescente;Céu Claro;Simples;Reta;Não;2;0;1;0;1;0;1;2;-12,7514938;-60,10690838;SPRF-RO;DEL04-RO;UOP01-DEL04-RO
711409;13/08/2025;quarta-feira;12:30:00;PI;316;310,3;PICOS;Manobra de mudança de faixa;Colisão transversal;Com Vítimas Feridas;Pleno dia;Decrescente;Céu Claro;Dupla;Reta;Sim;4;0;0;2;0;2;2;3;-7,076125;-41,472623;SPRF-PI;DEL04-PI;UOP01-DEL04-PI
711411;13/08/2025;quarta-feira;14:50:00;SC;101;213;PALHOCA;Manobra de mudança de faixa;Colisão traseira;Com Vítimas Feridas;Pleno dia;Decrescente;Céu Claro;Múltipla;Reta;Sim;3;0;1;1;0;1;2;2;-27,642272;-48,668847;SPRF-SC;DEL01-SC;UOP02-DEL01-SC
711412;13/08/2025;quarta-feira;14:40:00;MG;40;519,8;CONTAGEM;Ingestão de álcool pelo condutor;Colisão traseira;Com Vítimas Feridas;Pleno dia;Crescente;Céu Claro;Dupla;"Reta;Declive";Não;2;0;1;0;1;0;1;2;-19,87587163;-44,05380249;SPRF-MG;DEL01-MG;UOP02-DEL01-MG
711415;13/08/2025;quarta-feira;12:45:00;ES;101;125,7;SOORETAMA;Acessar a via sem observar a presença dos outros veículos;Colisão transversal;Com Vítimas Feridas;Pleno dia;Crescente;Nublado;Simples;Reta;Sim;2;0;0;1;1;0;1;2;-19,192489;-40,095195;SPRF-ES;DEL04-ES;UOP01-DEL04-ES
711416;13/08/2025;quarta-feira;15:00:00;MG;40;748,4;SANTOS DUMONT;Reação tardia ou ineficiente do condutor;Tombamento;Com Vítimas Feridas;Pleno dia;Decrescente;Céu Claro;Simples;"Curva;Aclive";Não;2;0;1;1;0;0;2;1;-21,480647;-43,541364;SPRF-MG;DEL05-MG;UOP01-DEL05-MG
711417;13/08/2025;quarta-feira;15:20:00;SC;101;119,4;ITAJAI;Trafegar com motocicleta (ou similar) entre as faixas;Colisão lateral mesmo sentido;Com Vítimas Feridas;Pleno dia;Crescente;Céu Claro;Dupla;Reta;Sim;2;0;1;0;1;0;1;2;-26,89656207;-48,7184798;SPRF-SC;DEL04-SC;UOP04-DEL04-SC
711418;13/08/2025;quarta-feira;15:40:00;RS;386;244;SOLEDADE;Acessar a via sem observar a presença dos outros veículos;Colisão transversal;Com Vítimas Feridas;Pleno dia;Decrescente;Sol;Simples;"Reta;Em Obras";Sim;4;0;2;1;1;0;3;2;-28,79814458;-52,51529217;SPRF-RS;DEL04-RS;UOP03-DEL04-RS
711421;09/08/2025;sábado;17:20:00;RJ;101;313;SAO GONCALO;Reação tardia ou ineficiente do condutor;Queda de ocupante de veículo;Com Vítimas Feridas;Anoitecer;Decrescente;Nublado;Dupla;Reta;Sim;3;0;2;0;1;0;2;3;-22,81413725;-43,07454441;SPRF-RJ;DEL02-RJ;UOP02-DEL02-RJ
711422;13/08/2025;quarta-feira;14:19:00;RJ;40;106;DUQUE DE CAXIAS;Reação tardia ou ineficiente do condutor;Tombamento;Com Vítimas Feridas;Pleno dia;Decrescente;Céu Claro;Múltipla;Reta;Sim;1;0;1;0;0;0;1;1;-22,65486855;-43,28353643;SPRF-RJ;DEL01-RJ;UOP02-DEL01-RJ
711423;13/08/2025;quarta-feira;09:50:00;MA;135;182,4;SAO MATEUS DO MARANHAO;Acessar a via sem observar a presença dos outros veículos;Colisão transversal;Sem Vítimas;Pleno dia;Crescente;Céu Claro;Simples;"Reta;Em Obras";Sim;2;0;0;0;2;0;0;2;-4,040592;-44,468538;SPRF-MA;DEL03-MA;UOP01-DEL03-MA
711425;13/08/2025;quarta-feira;15:56:00;ES;101;169,5;LINHARES;Ultrapassagem Indevida;Colisão frontal;Com Vítimas Fatais;Pleno dia;Crescente;Céu Claro;Simples;Reta;Não;2;1;0;0;1;0;0;2;-19,53798014;-40,15978687;SPRF-ES;DEL04-ES;UOP01-DEL04-ES
711426;13/08/2025;quarta-feira;16:30:00;MG;40;517,7;RIBEIRAO DAS NEVES;Desrespeitar a preferência no cruzamento;Colisão transversal;Com Vítimas Feridas;Pleno dia;Crescente;Céu Claro;Dupla;Interseção de Vias;Sim;3;0;2;0;1;0;2;2;-19,84035179;-44,07680511;SPRF-MG;DEL01-MG;UOP02-DEL01-MG
711428;13/08/2025;quarta-feira;07:00:00;RJ;101;313;SAO GONCALO;Manobra de mudança de faixa;Colisão traseira;Com Vítimas Feridas;Pleno dia;Crescente;Céu Claro;Simples;Reta;Sim;2;0;1;0;1;0;1;2;-22,7934208;-43,0276608;SPRF-RJ;DEL02-RJ;UOP02-DEL02-RJ
711430;13/08/2025;quarta-feira;16:16:00;RS;290;112;ELDORADO DO SUL;Ausência de reação do condutor;Colisão traseira;Com Vítimas Feridas;Pleno dia;Crescente;Sol;Simples;Reta;Não;6;0;2;0;4;0;2;3;-30,0445631;-51,34620845;SPRF-RS;DEL02-RS;UOP01-DEL02-RS
711431;13/08/2025;quarta-feira;15:30:00;RS;470;171;VERANOPOLIS;Suicídio (presumido);Atropelamento de Pedestre;Com Vítimas Feridas;Pleno dia;Crescente;Céu Claro;Simples;"Reta;Retorno Regulamentado";Sim;2;0;1;0;1;0;1;2;-28,88549875;-51,54764771;SPRF-RS;DEL06-RS;UOP02-DEL06-RS
711434;13/08/2025;quarta-feira;17:00:00;PR;116;152;MANDIRITUBA;Acessar a via sem observar a presença dos outros veículos;Colisão transversal;Com Vítimas Feridas;Pleno dia;Crescente;Céu Claro;Simples;Aclive;Não;2;0;1;0;1;0;1;2;-25,79693009;-49,32889072;SPRF-PR;DEL01-PR;UOP03-DEL01-PR
711435;13/08/2025;quarta-feira;10:30:00;RJ;101;312;SAO GONCALO;Acessar a via sem observar a presença dos outros veículos;Queda de ocupante de veículo;Com Vítimas Feridas;Pleno dia;Crescente;Céu Claro;Dupla;Reta;Não;2;0;1;0;1;0;1;2;-22,80481161;-43,05949152;SPRF-RJ;DEL02-RJ;UOP02-DEL02-RJ
711437;13/08/2025;quarta-feira;17:34:00;ES;259;65,3;COLATINA;Conversão proibida;Colisão transversal;Com Vítimas Feridas;Anoitecer;Crescente;Nublado;Simples;Reta;Não;4;0;1;1;2;0;2;2;-19,51560058;-40,72519183;SPRF-ES;DEL02-ES;UOP01-DEL02-ES
711439;13/08/2025;quarta-feira;16:45:00;SP;116;281;EMBU DAS ARTES;Ausência de reação do condutor;Colisão lateral mesmo sentido;Com Vítimas Feridas;Plena Noite;Crescente;Céu Claro;Dupla;Reta;Não;4;0;1;0;3;0;1;2;-23,65279388;-46,8483052;SPRF-SP;DEL04-SP;UOP01-DEL04-SP
711440;13/08/2025;quarta-feira;16:12:00;GO;60;379;RIO VERDE;Ausência de reação do condutor;Queda de ocupante de veículo;Com Vítimas Feridas;Pleno dia;Decrescente;Céu Claro;Dupla;"Curva;Declive";Sim;1;0;1;0;0;0;1;1;-17,772868;-50,886268;SPRF-GO;DEL04-GO;UOP02-DEL04-GO
711441;13/08/2025;quarta-feira;18:30:00;MG;459;86;CONGONHAL;Acessar a via sem observar a presença dos outros veículos;Colisão traseira;Com Vítimas Feridas;Anoitecer;Crescente;Céu Claro;Simples;Reta;Não;2;0;1;0;1;0;1;2;-22,152521;-46,0577;SPRF-MG;DEL09-MG;UOP01-DEL09-MG
711442;13/08/2025;quarta-feira;23:00:00;SP;116;218;GUARULHOS;Ausência de reação do condutor;Tombamento;Com Vítimas Feridas;Plena Noite;Decrescente;Céu Claro;Múltipla;Reta;Sim;2;0;2;0;0;0;2;1;-23,45999;-46,484825;SPRF-SP;DEL01-SP;UOP01-DEL01-SP
711443;13/08/2025;quarta-feira;17:30:00;PR;277;652,2;MATELANDIA;Acessar a via sem observar a presença dos outros veículos;Colisão lateral mesmo sentido;Sem Vítimas;Pleno dia;Crescente;Céu Claro;Simples;"Reta;Interseção de Vias";Não;2;0;0;0;2;0;0;2;-25,20642106;-53,94978968;SPRF-PR;DEL05-PR;UOP02-DEL05-PR
711444;13/08/2025;quarta-feira;11:25:00;BA;116;777;PLANALTO;Desrespeitar a preferência no cruzamento;Colisão transversal;Com Vítimas Feridas;Pleno dia;Decrescente;Céu Claro;Simples;Reta;Sim;2;0;0;1;1;0;1;2;-14,67083665;-40,47541916;SPRF-BA;DEL08-BA;UOP02-DEL08-BA
711446;13/08/2025;quarta-feira;18:25:00;BA;367;23;PORTO SEGURO;Ultrapassagem Indevida;Colisão transversal;Com Vítimas Feridas;Plena Noite;Decrescente;Nublado;Múltipla;Reta;Sim;2;0;1;0;1;0;1;2;-16,438035;-39,087793;SPRF-BA;DEL09-BA;UOP03-DEL09-BA
711448;13/08/2025;quarta-feira;09:30:00;RJ;101;484;ANGRA DOS REIS;Desvio temporário;Engavetamento;Com Vítimas Feridas;Pleno dia;Decrescente;Céu Claro;Simples;Reta;Sim;4;0;1;0;3;0;1;4;-22,987383;-44,301258;SPRF-RJ;DEL03-RJ;UOP03-DEL03-RJ
711449;13/08/2025;quarta-feira;18:00:00;RJ;101;484;ANGRA DOS REIS;Acessar a via sem observar a presença dos outros veículos;Colisão frontal;Com Vítimas Feridas;Plena Noite;Decrescente;Céu Claro;Simples;Curva;Sim;2;0;1;0;1;0;1;2;-22,99187095;-44,30464569;SPRF-RJ;DEL03-RJ;UOP03-DEL03-RJ
711450;13/08/2025;quarta-feira;17:30:00;AL;316;256,1;PILAR;Acessar a via sem observar a presença dos outros veículos;Colisão transversal;Sem Vítimas;Anoitecer;Crescente;Céu Claro;Simples;"Reta;Interseção de Vias;Rotatória";Sim;2;0;0;0;2;0;0;2;-9,590988;-35,939377;SPRF-AL;DEL02-AL;UOP01-DEL02-AL
711451;13/08/2025;quarta-feira;19:00:00;ES;101;65;SAO MATEUS;Reação tardia ou ineficiente do condutor;Colisão traseira;Com Vítimas Feridas;Plena Noite;Decrescente;Céu Claro;Simples;Reta;Sim;3;0;1;0;2;0;1;2;-18,7155813;-39,8757107;SPRF-ES;DEL04-ES;UOP02-DEL04-ES
711452;13/08/2025;quarta-feira;18:40:00;PE;407;126;PETROLINA;Acumulo de óleo sobre o pavimento;Tombamento;Com Vítimas Feridas;Plena Noite;Decrescente;Céu Claro;Dupla;Rotatória;Não;2;0;2;0;0;0;2;1;-9,38729988;-40,52543688;SPRF-PE;DEL06-PE;UOP01-DEL06-PE
711453;13/08/2025;quarta-feira;18:50:00;PR;487;170;CAMPO MOURAO;Acessar a via sem observar a presença dos outros veículos;Colisão traseira;Com Vítimas Fatais;Plena Noite;Decrescente;Céu Claro;Simples;"Reta;Declive";Não;3;1;0;0;2;0;0;2;-24,011178;-52,466436;SPRF-PR;DEL09-PR;UOP03-DEL09-PR
711454;13/08/2025;quarta-feira;18:15:00;PR;158;530,6;PATO BRANCO;Acessar a via sem observar a presença dos outros veículos;Colisão transversal;Com Vítimas Feridas;Anoitecer;Crescente;Céu Claro;Simples;"Reta;Interseção de Vias";Sim;3;0;0;1;2;0;1;2;-26,19973293;-52,675673;SPRF-PR;DEL02-PR;UOP01-DEL02-PR
711455;13/08/2025;quarta-feira;19:10:00;MG;267;129,4;JUIZ DE FORA;Acessar a via sem observar a presença dos outros veículos;Colisão transversal;Com Vítimas Feridas;Plena Noite;Crescente;Céu Claro;Simples;Reta;Não;5;0;1;1;3;0;2;3;-21,71955692;-43,53197336;SPRF-MG;DEL05-MG;UOP01-DEL05-MG
711457;13/08/2025;quarta-feira;16:00:00;PR;369;29;CAMBARA;Animais na Pista;Saída de leito carroçável;Com Vítimas Feridas;Pleno dia;Crescente;Céu Claro;Simples;Reta;Não;1;0;1;0;0;0;1;1;-23,03832839;-50,16888012;SPRF-PR;DEL07-PR;UOP05-DEL07-PR
711459;13/08/2025;quarta-feira;18:30:00;RN;101;95;NATAL;Condutor deixou de manter distância do veículo da frente;Colisão traseira;Com Vítimas Feridas;Plena Noite;Decrescente;Céu Claro;Múltipla;Reta;Sim;3;0;0;1;2;0;1;3;-5,83881;-35,210833;SPRF-RN;DEL01-RN;UOP01-DEL01-RN
711460;13/08/2025;quarta-feira;17:35:00;SC;280;81,9;CORUPA;Ausência de reação do condutor;Colisão transversal;Com Vítimas Feridas;Anoitecer;Crescente;Céu Claro;Simples;"Reta;Interseção de Vias";Não;2;0;1;0;1;0;1;2;-26,43657398;-49,24084989;SPRF-SC;DEL06-SC;UOP03-DEL06-SC
711462;13/08/2025;quarta-feira;19:20:00;DF;40;1,8;BRASILIA;Trafegar com motocicleta (ou similar) entre as faixas;Colisão traseira;Com Vítimas Feridas;Plena Noite;Crescente;Céu Claro;Dupla;Reta;Sim;2;0;1;0;1;0;1;2;-15,988631;-47,987118;SPRF-DF;DEL01-DF;UOP01-DEL01-DF
711465;13/08/2025;quarta-feira;19:20:00;MG;354;752,7;ITAMONTE;Ausência de reação do condutor;Colisão traseira;Com Vítimas Feridas;Plena Noite;Crescente;Céu Claro;Simples;Reta;Sim;2;0;0;1;1;0;1;2;-22,27386727;-44,87663984;SPRF-MG;DEL17-MG;UOP01-DEL17-MG
711468;13/08/2025;quarta-feira;17:20:00;AP;156;785;OIAPOQUE;Avarias e/ou desgaste excessivo no pneu;Tombamento;Com Vítimas Feridas;Anoitecer;Crescente;Céu Claro;Simples;"Reta;Declive";Não;2;0;2;0;0;0;2;1;3,7343;-51,775805;SPRF-AP;DEL01-AP;UOP03-DEL01-AP
711469;13/08/2025;quarta-feira;19:30:00;SC;101;202,8;SAO JOSE;Trafegar com motocicleta (ou similar) entre as faixas;Colisão lateral mesmo sentido;Com Vítimas Feridas;Plena Noite;Crescente;Céu Claro;Dupla;Reta;Sim;2;0;1;0;1;0;1;2;-27,561925;-48,616342;SPRF-SC;DEL01-SC;UOP01-DEL01-SC
711471;13/08/2025;quarta-feira;20:00:00;SC;101;207;SAO JOSE;Trafegar com motocicleta (ou similar) entre as faixas;Colisão traseira;Com Vítimas Feridas;Plena Noite;Crescente;Céu Claro;Múltipla;Reta;Sim;3;0;0;1;2;0;1;2;-27,600677;-48,623421;SPRF-SC;DEL01-SC;UOP01-DEL01-SC
711472;13/08/2025;quarta-feira;20:20:00;GO;60;92,6;ANAPOLIS;Acumulo de óleo sobre o pavimento;Tombamento;Com Vítimas Feridas;Plena Noite;Crescente;Céu Claro;Dupla;Retorno Regulamentado;Sim;1;0;1;0;0;0;1;1;-16,352521;-48,915846;SPRF-GO;DEL02-GO;UOP01-DEL02-GO
711473;13/08/2025;quarta-feira;20:13:00;RS;290;50,2;GLORINHA;Demais falhas mecânicas ou elétricas;Saída de leito carroçável;Com Vítimas Feridas;Plena Noite;Crescente;Céu Claro;Múltipla;Reta;Não;3;0;2;0;1;0;2;1;-29,907006;-50,758554;SPRF-RS;DEL03-RS;UOP01-DEL03-RS
711474;13/08/2025;quarta-feira;13:10:00;MG;116;449,6;ENGENHEIRO CALDAS;Demais falhas mecânicas ou elétricas;Tombamento;Com Vítimas Feridas;Pleno dia;Decrescente;Céu Claro;Simples;Curva;Não;2;0;1;0;0;1;1;1;-19,149539;-42,020369;SPRF-MG;DEL06-MG;UOP02-DEL06-MG
711478;13/08/2025;quarta-feira;16:50:00;BA;101;60;ENTRE RIOS;Acessar a via sem observar a presença dos outros veículos;Colisão transversal;Com Vítimas Feridas;Pleno dia;Decrescente;Céu Claro;Simples;"Reta;Rotatória";Sim;2;0;1;0;1;0;1;2;-11,94781837;-38,07040894;SPRF-BA;DEL01-BA;UOP04-DEL01-BA
711479;13/08/2025;quarta-feira;19:40:00;RJ;116;101;GUAPIMIRIM;Reação tardia ou ineficiente do condutor;Colisão com objeto;Com Vítimas Feridas;Plena Noite;Decrescente;Céu Claro;Simples;Aclive;Não;1;0;1;0;0;0;1;1;-22,489426;-43,007086;SPRF-RJ;DEL04-RJ;UOP01-DEL04-RJ
711480;13/08/2025;quarta-feira;21:15:00;RS;116;270;PORTO ALEGRE;Iluminação deficiente;Colisão lateral mesmo sentido;Com Vítimas Feridas;Plena Noite;Decrescente;Céu Claro;Múltipla;Reta;Não;3;0;1;0;2;0;1;2;-29,96911872;-51,1762476;SPRF-RS;DEL01-RS;UOP01-DEL01-RS
711482;13/08/2025;quarta-feira;18:20:00;MT;70;521,8;VARZEA GRANDE;Acessar a via sem observar a presença dos outros veículos;Colisão transversal;Com Vítimas Feridas;Anoitecer;Decrescente;Nublado;Simples;Reta;Sim;2;0;0;1;1;0;1;2;-15,66730273;-56,18217051;SPRF-MT;DEL01-MT;UOP02-DEL01-MT
711483;13/08/2025;quarta-feira;18:00:00;AP;210;104,8;PORTO GRANDE;Condutor deixou de manter distância do veículo da frente;Colisão traseira;Sem Vítimas;Anoitecer;Decrescente;Céu Claro;Simples;Reta;Sim;2;0;0;0;2;0;0;2;0,69994437;-51,40167367;SPRF-AP;DEL01-AP;UOP01-DEL01-AP
711487;13/08/2025;quarta-feira;21:00:00;MG;381;397;NOVA UNIAO;Animais na Pista;Atropelamento de Animal;Com Vítimas Feridas;Plena Noite;Crescente;Céu Claro;Dupla;"Aclive;Curva";Não;1;0;1;0;0;0;1;1;-19,73060504;-43,5599727;SPRF-MG;DEL01-MG;UOP01-DEL01-MG
711488;13/08/2025;quarta-feira;21:45:00;MG;153;83,9;PRATA;Reação tardia ou ineficiente do condutor;Saída de leito carroçável;Com Vítimas Feridas;Plena Noite;Decrescente;Céu Claro;Simples;"Declive;Reta";Não;1;0;1;0;0;0;1;1;-19,09626764;-48,98449659;SPRF-MG;DEL15-MG;UOP03-DEL15-MG
711491;13/08/2025;quarta-feira;18:40:00;SC;101;304;LAGUNA;Desrespeitar a preferência no cruzamento;Colisão transversal;Com Vítimas Feridas;Plena Noite;Decrescente;Céu Claro;Dupla;Viaduto;Não;2;0;0;1;1;0;1;2;-28,38985675;-48,77613036;SPRF-SC;DEL02-SC;UOP03-DEL02-SC
711492;13/08/2025;quarta-feira;19:30:00;BA;110;149;RIBEIRA DO POMBAL;Ausência de reação do condutor;Saída de leito carroçável;Com Vítimas Feridas;Plena Noite;Crescente;Céu Claro;Simples;Reta;Sim;1;0;0;1;0;0;1;1;-10,658122;-38,413515;SPRF-BA;DEL07-BA;UOP02-DEL07-BA
711493;13/08/2025;quarta-feira;22:26:00;DF;70;3;BRASILIA;Acessar a via sem observar a presença dos outros veículos;Colisão transversal;Sem Vítimas;Plena Noite;Decrescente;Céu Claro;Dupla;Reta;Sim;2;0;0;0;1;1;0;2;-15,7952841;-48,1990895;SPRF-DF;DEL03-DF;UOP02-DEL03-DF
711494;13/08/2025;quarta-feira;09:00:00;RJ;493;25;MAGE;Retorno proibido;Colisão lateral mesmo sentido;Com Vítimas Feridas;Pleno dia;Decrescente;Céu Claro;Dupla;Reta;Não;2;0;1;0;1;0;1;2;-22,65766061;-43,08554649;SPRF-RJ;DEL04-RJ;UOP02-DEL04-RJ
711496;13/08/2025;quarta-feira;21:00:00;MT;70;50;BARRA DO GARCAS;Velocidade Incompatível;Saída de leito carroçável;Sem Vítimas;Plena Noite;Decrescente;Céu Claro;Simples;"Declive;Curva";Não;1;0;0;0;1;0;0;1;-15,741257;-52,623388;SPRF-MT;DEL07-MT;UOP01-DEL07-MT
711497;13/08/2025;quarta-feira;23:10:00;RS;116;262;CANOAS;Reação tardia ou ineficiente do condutor;Colisão com objeto;Com Vítimas Feridas;Plena Noite;Crescente;Céu Claro;Simples;Reta;Sim;1;0;1;0;0;0;1;1;-29,90367696;-51,17684616;SPRF-RS;DEL01-RS;UOP01-DEL01-RS
711499;13/08/2025;quarta-feira;23:34:00;ES;101;205,6;JOAO NEIVA;Demais falhas mecânicas ou elétricas;Tombamento;Com Vítimas Feridas;Plena Noite;Decrescente;Céu Claro;Simples;Reta;Sim;2;0;0;1;1;0;1;1;-19,74828617;-40,37750244;SPRF-ES;DEL02-ES;UOP01-DEL02-ES
711501;13/08/2025;quarta-feira;22:31:00;SP;116;448;REGISTRO;Conversão proibida;Colisão traseira;Com Vítimas Feridas;Plena Noite;Crescente;Céu Claro;Dupla;Reta;Sim;4;0;2;0;2;0;2;2;-24,52929192;-47,85360217;SPRF-SP;DEL05-SP;UOP01-DEL05-SP
711502;13/08/2025;quarta-feira;20:30:00;AL;316;202;MARIBONDO;Ingestão de álcool pelo condutor;Colisão traseira;Com Vítimas Feridas;Plena Noite;Crescente;Céu Claro;Simples;Reta;Não;5;0;4;0;0;1;4;3;-9,582802;-36,31151;SPRF-AL;DEL03-AL;UOP01-DEL03-AL
711503;13/08/2025;quarta-feira;17:40:00;RS;101;47;TERRA DE AREIA;Demais falhas na via;Colisão frontal;Com Vítimas Feridas;Pleno dia;Crescente;Céu Claro;Simples;Reta;Sim;2;0;1;0;1;0;1;2;-29,58451385;-50,06862402;SPRF-RS;DEL03-RS;UOP02-DEL03-RS
711504;13/08/2025;quarta-feira;23:40:00;MG;381;486;BETIM;Reação tardia ou ineficiente do condutor;Colisão traseira;Com Vítimas Feridas;Plena Noite;Crescente;Céu Claro;Dupla;"Curva;Declive";Sim;2;0;1;0;1;0;1;2;-19,95729602;-44,11971402;SPRF-MG;DEL01-MG;UOP03-DEL01-MG
711505;13/08/2025;quarta-feira;23:55:00;DF;40;3,8;BRASILIA;Condutor Dormindo;Saída de leito carroçável;Com Vítimas Feridas;Plena Noite;Decrescente;Céu Claro;Dupla;Reta;Sim;1;0;1;0;0;0;1;1;-16,003145;-47,983944;SPRF-DF;DEL01-DF;UOP01-DEL01-DF