id;data_inversa;dia_semana;horario;uf;br;km;municipio;causa_acidente;tipo_acidente;classificacao_acidente;fase_dia;sentido_via;condicao_metereologica;tipo_pista;tracado_via;uso_solo;pessoas;mortos;feridos_leves;feridos_graves;ilesos;ignorados;feridos;veiculos;latitude;longitude;regional;delegacia;uop
711632;14/08/2025;quinta-feira;18:20:00;RS;290;87;PORTO ALEGRE;Trafegar com motocicleta (ou similar) entre as faixas;Colisão traseira;Com Vítimas Feridas;Plena Noite;Decrescente;Céu Claro;Dupla;Reta;Não;2;0;1;0;1;0;1;2;-29,96809882;-51,12264252;SPRF-RS;DEL01-RS;UOP01-DEL01-RS
711633;14/08/2025;quinta-feira;18:40:00;MG;381;348;JOAO MONLEVADE;Ultrapassagem Indevida;Colisão lateral mesmo sentido;Com Vítimas Feridas;Plena Noite;Crescente;Céu Claro;Simples;"Curva;Declive";Não;3;0;2;0;1;0;2;2;-19,83730398;-43,18669796;SPRF-MG;DEL03-MG;UOP01-DEL03-MG
711635;14/08/2025;quinta-feira;18:00:00;RN;101;94;NATAL;Desrespeitar a preferência no cruzamento;Colisão transversal;Com Vítimas Feridas;Anoitecer;Crescente;Céu Claro;Simples;Retorno Regulamentado;Não;2;0;1;0;1;0;1;2;-5,83628603;-35,21202771;SPRF-RN;DEL01-RN;UOP01-DEL01-RN
711637;14/08/2025;quinta-feira;17:25:00;PR;369;197,4;APUCARANA;Reação tardia ou ineficiente do condutor;Colisão com objeto;Com Vítimas Feridas;Anoitecer;Crescente;Céu Claro;Dupla;"Curva;Aclive";Não;1;0;1;0;0;0;1;1;-23,519378;-51,430187;SPRF-PR;DEL07-PR;UOP03-DEL07-PR
711638;14/08/2025;quinta-feira;17:37:00;SC;101;1,8;ARARANGUA;Desrespeitar a preferência no cruzamento;Colisão transversal;Com Vítimas Feridas;Anoitecer;Crescente;Céu Claro;Simples;"Reta;Interseção de Vias";Não;2;0;1;0;1;0;1;2;-28,93555171;-49,49532716;SPRF-SC;DEL02-SC;UOP02-DEL02-SC
711639;14/08/2025;quinta-feira;18:30:00;RS;285;451;IJUI;Acessar a via sem observar a presença dos outros veículos;Colisão transversal;Com Vítimas Feridas;Anoitecer;Crescente;Céu Claro;Simples;Reta;Sim;3;0;3;0;0;0;3;2;-28,374622;-53,860961;SPRF-RS;DEL10-RS;UOP01-DEL10-RS
711640;14/08/2025;quinta-feira;18:20:00;RS;290;721;URUGUAIANA;Acesso irregular;Colisão transversal;Com Vítimas Feridas;Anoitecer;Decrescente;Céu Claro;Simples;Rotatória;Sim;3;0;2;1;0;0;3;2;-29,76240012;-57,05830407;SPRF-RS;DEL13-RS;UOP01-DEL13-RS
711641;14/08/2025;quinta-feira;18:10:00;RJ;465;2;SEROPEDICA;Ausência de reação do condutor;Colisão transversal;Com Vítimas Feridas;Plena Noite;Decrescente;Céu Claro;Simples;Reta;Sim;2;0;1;0;1;0;1;2;-22,722243;-43,722536;SPRF-RJ;DEL06-RJ;UOP02-DEL06-RJ
711643;14/08/2025;quinta-feira;18:30:00;RS;290;79;GRAVATAI;Avarias e/ou desgaste excessivo no pneu;Tombamento;Com Vítimas Feridas;Plena Noite;Decrescente;Nublado;Dupla;Reta;Sim;2;0;1;0;1;0;1;1;-29,95305961;-51,05096472;SPRF-RS;DEL01-RS;UOP01-DEL01-RS
711644;14/08/2025;quinta-feira;18:45:00;GO;153;505,7;APARECIDA DE GOIANIA;Condutor deixou de manter distância do veículo da frente;Colisão traseira;Com Vítimas Feridas;Plena Noite;Crescente;Ignorado;Dupla;Reta;Sim;2;0;1;0;1;0;1;2;-16,7519914;-49,2418408;SPRF-GO;DEL01-GO;UOP01-DEL01-GO
711645;14/08/2025;quinta-feira;18:45:00;MG;381;500;BETIM;Manobra de mudança de faixa;Colisão lateral mesmo sentido;Com Vítimas Feridas;Plena Noite;Decrescente;Céu Claro;Múltipla;"Curva;Aclive";Sim;2;0;2;0;0;0;2;2;-20,01045175;-44,21825409;SPRF-MG;DEL01-MG;UOP03-DEL01-MG
711646;14/08/2025;quinta-feira;07:20:00;MT;364;671;DIAMANTINO;Ausência de sinalização;Colisão traseira;Com Vítimas Feridas;Pleno dia;Decrescente;Céu Claro;Simples;Curva;Não;2;0;1;0;0;1;1;2;-14,12948526;-56,70096517;SPRF-MT;DEL01-MT;UOP01-DEL01-MT
711648;14/08/2025;quinta-feira;19:30:00;DF;40;2;BRASILIA;Condutor deixou de manter distância do veículo da frente;Colisão traseira;Com Vítimas Feridas;Plena Noite;Crescente;Céu Claro;Dupla;Reta;Sim;2;0;1;0;1;0;1;2;-15,99270357;-47,98628703;SPRF-DF;DEL01-DF;UOP01-DEL01-DF
711649;14/08/2025;quinta-feira;18:15:00;GO;153;505,9;APARECIDA DE GOIANIA;Condutor deixou de manter distância do veículo da frente;Engavetamento;Sem Vítimas;Plena Noite;Decrescente;Ignorado;Dupla;Reta;Sim;3;0;0;0;3;0;0;3;-16,7478492;-49,246427;SPRF-GO;DEL01-GO;UOP01-DEL01-GO
711650;14/08/2025;quinta-feira;18:40:00;SC;116;226,8;CORREIA PINTO;Acessar a via sem observar a presença dos outros veículos;Colisão transversal;Com Vítimas Feridas;Plena Noite;Decrescente;Céu Claro;Simples;Reta;Não;6;0;1;1;4;0;2;2;-27,63458;-50,34004;SPRF-SC;DEL05-SC;UOP03-DEL05-SC
711651;14/08/2025;quinta-feira;19:50:00;GO;153;423;ANAPOLIS;Reação tardia ou ineficiente do condutor;Saída de leito carroçável;Com Vítimas Feridas;Plena Noite;Decrescente;Céu Claro;Dupla;Reta;Não;2;0;1;0;0;1;1;2;-16,21203;-49,01767;SPRF-GO;DEL02-GO;UOP01-DEL02-GO
711652;14/08/2025;quinta-feira;19:50:00;GO;414;436;ANAPOLIS;Entrada inopinada do pedestre;Atropelamento de Pedestre;Com Vítimas Feridas;Plena Noite;Decrescente;Céu Claro;Simples;Reta;Sim;2;0;0;1;1;0;1;2;-16,250178;-48,9349933;SPRF-GO;DEL02-GO;UOP01-DEL02-GO
711653;14/08/2025;quinta-feira;19:43:00;TO;153;335;GUARAI;Ultrapassagem Indevida;Colisão lateral mesmo sentido;Com Vítimas Feridas;Pleno dia;Crescente;Céu Claro;Simples;Reta;Sim;2;0;1;0;1;0;1;2;-8,84219;-48,51149;SPRF-TO;DEL02-TO;UOP02-DEL02-TO
711654;14/08/2025;quinta-feira;16:45:00;RJ;116;283;BARRA MANSA;Mal súbito do condutor;Colisão com objeto;Com Vítimas Feridas;Anoitecer;Decrescente;Céu Claro;Dupla;"Reta;Aclive";Não;1;0;0;1;0;0;1;1;-22,51608993;-44,20861667;SPRF-RJ;DEL07-RJ;UOP02-DEL07-RJ
711655;14/08/2025;quinta-feira;20:05:00;PR;116;54;CAMPINA GRANDE DO SUL;Ingestão de álcool pelo condutor;Saída de leito carroçável;Com Vítimas Feridas;Plena Noite;Crescente;Céu Claro;Dupla;Reta;Não;3;0;1;0;2;0;1;1;-25,29314677;-48,93470001;SPRF-PR;DEL01-PR;UOP02-DEL01-PR
711656;14/08/2025;quinta-feira;20:20:00;RJ;116;192;NOVA IGUACU;Ingestão de álcool pelo condutor;Colisão frontal;Sem Vítimas;Plena Noite;Decrescente;Nublado;Dupla;"Reta;Em Obras";Sim;2;0;0;0;2;0;0;2;-22,74395325;-43,51285307;SPRF-RJ;DEL06-RJ;UOP01-DEL06-RJ
711658;14/08/2025;quinta-feira;20:00:00;PR;277;721;FOZ DO IGUACU;Acessar a via sem observar a presença dos outros veículos;Colisão transversal;Com Vítimas Feridas;Plena Noite;Decrescente;Céu Claro;Dupla;Retorno Regulamentado;Sim;4;0;1;0;1;2;1;3;-25,49641686;-54,52405071;SPRF-PR;DEL05-PR;UOP03-DEL05-PR
711659;14/08/2025;quinta-feira;20:30:00;GO;414;420;ABADIANIA;Demais falhas mecânicas ou elétricas;Tombamento;Com Vítimas Feridas;Plena Noite;Decrescente;Ignorado;Simples;Curva;Não;2;0;2;0;0;0;2;1;-16,119779;-48,893768;SPRF-GO;DEL02-GO;UOP01-DEL02-GO
711660;14/08/2025;quinta-feira;19:00:00;MT;70;281;PRIMAVERA DO LESTE;Desrespeitar a preferência no cruzamento;Colisão transversal;Com Vítimas Feridas;Plena Noite;Decrescente;Céu Claro;Simples;Reta;Sim;4;0;1;0;3;0;1;2;-15,56645885;-54,3039608;SPRF-MT;DEL05-MT;UOP01-DEL05-MT
711662;14/08/2025;quinta-feira;18:30:00;MT;163;938;ITAUBA;Condutor deixou de manter distância do veículo da frente;Colisão traseira;Sem Vítimas;Plena Noite;Crescente;Céu Claro;Simples;"Aclive;Reta";Não;2;0;0;0;2;0;0;2;-10,989873;-55,23929;SPRF-MT;DEL06-MT;UOP02-DEL06-MT
711663;14/08/2025;quinta-feira;17:58:00;MT;163;742;SORRISO;Reação tardia ou ineficiente do condutor;Queda de ocupante de veículo;Com Vítimas Feridas;Plena Noite;Decrescente;Céu Claro;Simples;Aclive;Não;1;0;1;0;0;0;1;1;-12,62744042;-55,7717514;SPRF-MT;DEL06-MT;UOP01-DEL06-MT
711664;14/08/2025;quinta-feira;20:25:00;MG;116;294,2;TEOFILO OTONI;Demais falhas mecânicas ou elétricas;Incêndio;Sem Vítimas;Plena Noite;Decrescente;Céu Claro;Simples;Reta;Não;3;0;0;0;3;0;0;1;-17,993902;-41,569418;SPRF-MG;DEL11-MG;UOP01-DEL11-MG
711665;14/08/2025;quinta-feira;18:39:00;AC;364;121;RIO BRANCO;Acessar a via sem observar a presença dos outros veículos;Queda de ocupante de veículo;Com Vítimas Feridas;Pleno dia;Decrescente;Céu Claro;Dupla;Rotatória;Sim;1;0;1;0;0;0;1;1;-10,01196051;-67,77049541;SPRF-AC;DEL01-AC;UOP01-DEL01-AC
711666;14/08/2025;quinta-feira;19:40:00;AL;316;83;SANTANA DO IPANEMA;Área urbana sem a presença de local apropriado para a travessia de pedestres;Atropelamento de Pedestre;Com Vítimas Fatais;Plena Noite;Crescente;Céu Claro;Simples;Ponte;Não;2;1;0;0;0;1;0;2;-9,36667185;-37,25912333;SPRF-AL;DEL03-AL;UOP02-DEL03-AL
711668;14/08/2025;quinta-feira;18:30:00;CE;222;122;SOBRAL;Manobra de mudança de faixa;Colisão frontal;Com Vítimas Feridas;Plena Noite;Crescente;Céu Claro;Simples;Reta;Sim;2;0;1;1;0;0;2;2;-3,7189434;-40,3323123;SPRF-CE;DEL04-CE;UOP03-DEL04-CE
711670;14/08/2025;quinta-feira;22:05:00;RS;470;260;SALVADOR DO SUL;Reação tardia ou ineficiente do condutor;Saída de leito carroçável;Com Vítimas Feridas;Plena Noite;Decrescente;Céu Claro;Simples;Reta;Sim;1;0;1;0;0;0;1;1;-29,45468994;-51,49770197;SPRF-RS;DEL06-RS;UOP01-DEL06-RS
711674;14/08/2025;quinta-feira;20:50:00;PR;369;365,9;MAMBORE;Transitar na contramão;Colisão frontal;Com Vítimas Fatais;Plena Noite;Decrescente;Céu Claro;Simples;Reta;Não;4;1;2;0;0;1;2;3;-24,234548;-52,520358;SPRF-PR;DEL04-PR;UOP03-DEL04-PR
711675;14/08/2025;quinta-feira;18:12:00;RO;364;707;PORTO VELHO;Reação tardia ou ineficiente do condutor;Capotamento;Com Vítimas Feridas;Anoitecer;Decrescente;Céu Claro;Dupla;Reta;Sim;1;0;1;0;0;0;1;1;-8,797095;-63,838978;SPRF-RO;DEL01-RO;UOP01-DEL01-RO
711676;14/08/2025;quinta-feira;16:20:00;RJ;116;227,4;PIRAI;Condutor Dormindo;Colisão com objeto;Com Vítimas Feridas;Pleno dia;Crescente;Céu Claro;Simples;Aclive;Não;1;0;1;0;0;0;1;1;-22,6669223;-43,8411258;SPRF-RJ;DEL07-RJ;UOP01-DEL07-RJ
711677;14/08/2025;quinta-feira;20:30:00;BA;101;354;WENCESLAU GUIMARAES;Ausência de reação do condutor;Atropelamento de Pedestre;Com Vítimas Fatais;Plena Noite;Crescente;Céu Claro;Simples;Reta;Não;2;1;0;0;0;1;0;2;-13,65566193;-39,4852066;SPRF-BA;DEL05-BA;UOP03-DEL05-BA
711678;14/08/2025;quinta-feira;21:30:00;ES;101;147;LINHARES;Acesso irregular;Atropelamento de Pedestre;Com Vítimas Feridas;Plena Noite;Crescente;Céu Claro;Dupla;Reta;Sim;2;0;1;0;0;1;1;2;-19,37027;-40,06571;SPRF-ES;DEL04-ES;UOP01-DEL04-ES
711679;14/08/2025;quinta-feira;17:00:00;MG;262;426,2;SAO GONCALO DO PARA;Velocidade Incompatível;Saída de leito carroçável;Com Vítimas Feridas;Pleno dia;Crescente;Sol;Dupla;"Declive;Curva";Não;1;0;1;0;0;0;1;1;-19,895756;-44,87164;SPRF-MG;DEL08-MG;UOP03-DEL08-MG
711680;14/08/2025;quinta-feira;21:00:00;PR;376;498,3;PONTA GROSSA;Ausência de sinalização;Colisão com objeto;Com Vítimas Feridas;Plena Noite;Decrescente;Céu Claro;Dupla;Reta;Sim;1;0;0;1;0;0;1;1;-25,151388;-50,141944;SPRF-PR;DEL03-PR;UOP04-DEL03-PR
711681;14/08/2025;quinta-feira;20:10:00;RS;472;577;URUGUAIANA;Ausência de reação do condutor;Colisão traseira;Com Vítimas Feridas;Plena Noite;Crescente;Céu Claro;Simples;Rotatória;Sim;4;0;0;1;3;0;1;2;-29,78025973;-57,06384156;SPRF-RS;DEL13-RS;UOP01-DEL13-RS
711682;14/08/2025;quinta-feira;17:00:00;RO;364;66;VILHENA;Manobra de mudança de faixa;Colisão lateral mesmo sentido;Sem Vítimas;Pleno dia;Decrescente;Céu Claro;Simples;Reta;Não;1;0;0;0;1;0;0;1;-12,47332362;-60,49711972;SPRF-RO;DEL04-RO;UOP01-DEL04-RO
711683;14/08/2025;quinta-feira;17:55:00;MG;262;410;PARA DE MINAS;Demais falhas mecânicas ou elétricas;Colisão lateral mesmo sentido;Com Vítimas Feridas;Anoitecer;Decrescente;Céu Claro;Dupla;Curva;Não;2;0;1;0;1;0;1;2;-19,885082;-44,72341;SPRF-MG;DEL08-MG;UOP03-DEL08-MG
711685;14/08/2025;quinta-feira;20:40:00;MT;70;2;BARRA DO GARCAS;Reação tardia ou ineficiente do condutor;Colisão traseira;Com Vítimas Feridas;Plena Noite;Decrescente;Céu Claro;Simples;Reta;Sim;2;0;1;0;1;0;1;2;-15,886702;-52,269139;SPRF-MT;DEL07-MT;UOP01-DEL07-MT
711686;14/08/2025;quinta-feira;14:40:00;PR;467;103,5;CASCAVEL;Velocidade Incompatível;Saída de leito carroçável;Com Vítimas Feridas;Pleno dia;Crescente;Céu Claro;Dupla;Reta;Não;1;0;1;0;0;0;1;1;-24,90932814;-53,51104614;SPRF-PR;DEL04-PR;UOP01-DEL04-PR
711687;14/08/2025;quinta-feira;23:20:00;PR;277;721;FOZ DO IGUACU;Ausência de reação do condutor;Colisão transversal;Com Vítimas Feridas;Plena Noite;Crescente;Céu Claro;Dupla;"Interseção de Vias;Reta;Retorno Regulamentado";Sim;3;0;1;0;2;0;1;2;-25,48852964;-54,50626373;SPRF-PR;DEL05-PR;UOP03-DEL05-PR
711688;14/08/2025;quinta-feira;22:50:00;PR;476;196;LAPA;Reação tardia ou ineficiente do condutor;Saída de leito carroçável;Com Vítimas Feridas;Plena Noite;Crescente;Céu Claro;Simples;"Reta;Aclive";Sim;1;0;1;0;0;0;1;1;-25,756188;-49,729085;SPRF-PR;DEL01-PR;UOP06-DEL01-PR
711689;14/08/2025;quinta-feira;23:30:00;PR;163;159,8;LINDOESTE;Ingestão de álcool pelo condutor;Colisão lateral sentido oposto;Com Vítimas Feridas;Plena Noite;Decrescente;Céu Claro;Dupla;"Aclive;Curva";Não;2;0;1;0;1;0;1;2;-25,31581;-53,59188;SPRF-PR;DEL05-PR;UOP05-DEL05-PR
711690;14/08/2025;quinta-feira;23:45:00;PR;369;172,5;CAMPO MOURAO;Condutor Dormindo;Saída de leito carroçável;Com Vítimas Feridas;Plena Noite;Decrescente;Céu Claro;Simples;"Reta;Aclive;Interseção de Vias";Não;1;0;1;0;0;0;1;1;-24,0213729;-52,4451363;SPRF-PR;DEL07-PR;UOP01-DEL07-PR
711691;14/08/2025;quinta-feira;21:00:00;ES;101;71,1;SAO MATEUS;Acessar a via sem observar a presença dos outros veículos;Colisão transversal;Com Vítimas Feridas;Plena Noite;Crescente;Céu Claro;Simples;Reta;Não;2;0;0;1;0;1;1;2;-18,77501576;-39,86938477;SPRF-ES;DEL04-ES;UOP02-DEL04-ES
711692;14/08/2025;quinta-feira;23:30:00;BA;101;232;SAPEACU;Ausência de reação do condutor;Atropelamento de Pedestre;Com Vítimas Fatais;Plena Noite;Decrescente;Céu Claro;Simples;"Reta;Declive";Não;2;1;0;0;0;1;0;2;-12,73237699;-39,18222897;SPRF-BA;DEL01-BA;UOP02-DEL01-BA
711693;15/08/2025;sexta-feira;00:40:00;SC;470;67;INDAIAL;Animais na Pista;Atropelamento de Animal;Com Vítimas Feridas;Plena Noite;Crescente;Céu Claro;Múltipla;"Declive;Em Obras;Reta";Sim;2;0;2;0;0;0;2;1;-26,87103725;-49,22877995;SPRF-SC;DEL04-SC;UOP01-DEL04-SC
711695;15/08/2025;sexta-feira;01:00:00;MG;40;557,9;NOVA LIMA;Ingestão de álcool pelo condutor;Colisão com objeto;Sem Vítimas;Plena Noite;Decrescente;Céu Claro;Dupla;Curva;Sim;1;0;0;0;0;1;0;1;-20,11294482;-43,97054482;SPRF-MG;DEL01-MG;UOP02-DEL01-MG
711698;15/08/2025;sexta-feira;01:20:00;MG;381;447,9;BELO HORIZONTE;Transitar na contramão;Colisão lateral sentido oposto;Com Vítimas Feridas;Plena Noite;Crescente;Chuva;Simples;Reta;Sim;1;0;1;0;0;0;1;1;-19,83813;-43,87911;SPRF-MG;DEL01-MG;UOP01-DEL01-MG
711699;15/08/2025;sexta-feira;00:55:00;GO;153;14;PORANGATU;Ausência de reação do condutor;Saída de leito carroçável;Com Vítimas Feridas;Plena Noite;Decrescente;Céu Claro;Simples;Reta;Não;1;0;1;0;0;0;1;1;-13,4063558;-49,1313489;SPRF-GO;DEL07-GO;UOP01-DEL07-GO
711700;15/08/2025;sexta-feira;05:00:00;MG;50;169;UBERABA;Condutor deixou de manter distância do veículo da frente;Colisão traseira;Sem Vítimas;Amanhecer;Crescente;Céu Claro;Dupla;"Reta;Aclive";Não;6;0;0;0;5;1;0;2;-19,732117;-47,982234;SPRF-MG;DEL13-MG;UOP01-DEL13-MG
711701;15/08/2025;sexta-feira;04:42:00;RN;304;294;MACAIBA;Chuva;Tombamento;Com Vítimas Feridas;Amanhecer;Decrescente;Chuva;Dupla;"Em Obras;Reta";Não;2;0;1;0;1;0;1;1;-5,868263;-35,375225;SPRF-RN;DEL01-RN;UOP02-DEL01-RN
711702;15/08/2025;sexta-feira;05:40:00;PR;369;102;URAI;Velocidade Incompatível;Colisão traseira;Com Vítimas Fatais;Plena Noite;Decrescente;Céu Claro;Dupla;Declive;Não;2;1;0;0;0;1;0;2;-23,24781;-50,733265;SPRF-PR;DEL07-PR;UOP05-DEL07-PR
711703;15/08/2025;sexta-feira;01:00:00;MG;116;395;GOVERNADOR VALADARES;Pedestre andava na pista;Atropelamento de Pedestre;Com Vítimas Feridas;Plena Noite;Crescente;Céu Claro;Simples;Reta;Não;2;0;0;1;1;0;1;2;-18,719147;-41,988625;SPRF-MG;DEL06-MG;UOP01-DEL06-MG
711704;15/08/2025;sexta-feira;06:30:00;SC;101;153;PORTO BELO;Reação tardia ou ineficiente do condutor;Tombamento;Com Vítimas Feridas;Amanhecer;Decrescente;Céu Claro;Múltipla;Reta;Não;2;0;2;0;0;0;2;1;-27,14709188;-48,61035911;SPRF-SC;DEL04-SC;UOP03-DEL04-SC
711705;15/08/2025;sexta-feira;06:20:00;MG;381;488,5;BETIM;Ausência de reação do condutor;Colisão com objeto;Com Vítimas Feridas;Pleno dia;Crescente;Céu Claro;Múltipla;"Curva;Aclive";Sim;1;0;1;0;0;0;1;1;-19,9558735;-44,1295075;SPRF-MG;DEL01-MG;UOP03-DEL01-MG
711707;15/08/2025;sexta-feira;06:30:00;PR;116;124;FAZENDA RIO GRANDE;Condutor deixou de manter distância do veículo da frente;Colisão traseira;Com Vítimas Feridas;Pleno dia;Decrescente;Céu Claro;Dupla;Reta;Sim;4;0;0;1;2;1;1;3;-25,625383;-49,314977;SPRF-PR;DEL01-PR;UOP03-DEL01-PR
711708;15/08/2025;sexta-feira;06:32:00;ES;101;255;SERRA;Acesso irregular;Colisão transversal;Com Vítimas Feridas;Amanhecer;Decrescente;Céu Claro;Simples;Reta;Não;2;0;1;0;1;0;1;2;-20,11813;-40,313117;SPRF-ES;DEL02-ES;UOP01-DEL02-ES
711709;15/08/2025;sexta-feira;07:15:00;PB;101;114;PEDRAS DE FOGO;Acumulo de água sobre o pavimento;Saída de leito carroçável;Com Vítimas Feridas;Pleno dia;Crescente;Chuva;Dupla;"Reta;Declive";Não;5;0;1;0;4;0;1;1;-7,38274918;-34,95714247;SPRF-PB;DEL01-PB;UOP01-DEL01-PB
711710;15/08/2025;sexta-feira;07:45:00;RJ;116;180;NOVA IGUACU;Condutor deixou de manter distância do veículo da frente;Colisão traseira;Com Vítimas Feridas;Pleno dia;Decrescente;Nublado;Múltipla;"Aclive;Reta";Sim;2;0;2;0;0;0;2;2;-22,7641183;-43,4181;SPRF-RJ;DEL06-RJ;UOP01-DEL06-RJ
711711;15/08/2025;sexta-feira;07:50:00;RS;158;203;CRUZ ALTA;Ultrapassagem Indevida;Colisão lateral mesmo sentido;Com Vítimas Feridas;Pleno dia;Decrescente;Céu Claro;Simples;Reta;Não;6;0;1;0;5;0;1;2;-28,71922913;-53,59893546;SPRF-RS;DEL10-RS;UOP02-DEL10-RS
711712;15/08/2025;sexta-feira;07:30:00;RS;116;248,6;SAO LEOPOLDO;Pedestre cruzava a pista fora da faixa;Atropelamento de Pedestre;Com Vítimas Feridas;Pleno dia;Crescente;Céu Claro;Múltipla;Reta;Sim;2;0;0;1;1;0;1;2;-29,75035047;-51,15145437;SPRF-RS;DEL01-RS;UOP02-DEL01-RS
711713;15/08/2025;sexta-feira;07:50:00;PB;230;26,7;JOAO PESSOA;Manobra de mudança de faixa;Queda de ocupante de veículo;Com Vítimas Feridas;Pleno dia;Decrescente;Chuva;Dupla;"Reta;Aclive";Sim;2;0;1;0;1;0;1;1;-7,1675394;-34,8852771;SPRF-PB;DEL01-PB;UOP01-DEL01-PB
711714;15/08/2025;sexta-feira;07:50:00;DF;60;0,4;BRASILIA;Avarias e/ou desgaste excessivo no pneu;Queda de ocupante de veículo;Com Vítimas Feridas;Pleno dia;Decrescente;Céu Claro;Dupla;Reta;Sim;1;0;1;0;0;0;1;1;-15,8828245;-48,0652143;SPRF-DF;DEL03-DF;UOP01-DEL03-DF
711715;15/08/2025;sexta-feira;06:20:00;GO;414;438;ANAPOLIS;Acessar a via sem observar a presença dos outros veículos;Colisão transversal;Com Vítimas Feridas;Amanhecer;Crescente;Céu Claro;Simples;Aclive;Não;4;0;2;0;2;0;2;2;-16,26576735;-48,93885422;SPRF-GO;DEL02-GO;UOP01-DEL02-GO
711716;15/08/2025;sexta-feira;07:00:00;MT;364;13;COMODORO;Velocidade Incompatível;Queda de ocupante de veículo;Com Vítimas Feridas;Pleno dia;Crescente;Céu Claro;Simples;Rotatória;Sim;1;0;1;0;0;0;1;1;-12,8330199;-60,074607;SPRF-MT;DEL02-MT;UOP02-DEL02-MT
711717;15/08/2025;sexta-feira;06:50:00;MS;262;304,7;CAMPO GRANDE;Ausência de reação do condutor;Tombamento;Com Vítimas Feridas;Pleno dia;Crescente;Céu Claro;Simples;Reta;Não;1;0;0;1;0;0;1;1;-20,48604622;-54,33385704;SPRF-MS;DEL01-MS;UOP01-DEL01-MS
711719;15/08/2025;sexta-feira;08:00:00;RJ;116;174;SAO JOAO DE MERITI;Ausência de reação do condutor;Tombamento;Com Vítimas Feridas;Pleno dia;Crescente;Céu Claro;Múltipla;Reta;Sim;2;0;1;0;1;0;1;1;-22,7904004;-43,3704385;SPRF-RJ;DEL06-RJ;UOP01-DEL06-RJ
711720;15/08/2025;sexta-feira;08:19:00;PE;101;71;RECIFE;Velocidade Incompatível;Atropelamento de Pedestre;Com Vítimas Feridas;Pleno dia;Decrescente;Chuva;Dupla;Reta;Sim;2;0;0;1;1;0;1;2;-8,079868;-34,943017;SPRF-PE;DEL01-PE;UOP01-DEL01-PE
711721;15/08/2025;sexta-feira;07:05:00;MG;116;414;GOVERNADOR VALADARES;Acessar a via sem observar a presença dos outros veículos;Colisão transversal;Com Vítimas Feridas;Pleno dia;Decrescente;Céu Claro;Simples;Interseção de Vias;Sim;2;0;2;0;0;0;2;2;-18,88392597;-41,94918778;SPRF-MG;DEL06-MG;UOP01-DEL06-MG
711722;15/08/2025;sexta-feira;08:20:00;PR;476;154;ARAUCARIA;Mal súbito do condutor;Saída de leito carroçável;Com Vítimas Feridas;Pleno dia;Decrescente;Nublado;Dupla;Reta;Sim;2;0;1;1;0;0;2;1;-25,58524097;-49,4027462;SPRF-PR;DEL01-PR;UOP06-DEL01-PR
711724;15/08/2025;sexta-feira;09:00:00;CE;116;37;HORIZONTE;Acessar a via sem observar a presença dos outros veículos;Colisão transversal;Com Vítimas Feridas;Pleno dia;Crescente;Sol;Dupla;Reta;Não;3;0;1;0;1;1;1;2;-4,072828;-38,50126;SPRF-CE;DEL01-CE;UOP02-DEL01-CE
711725;15/08/2025;sexta-feira;08:10:00;PR;116;0;CAMPINA GRANDE DO SUL;Chuva;Capotamento;Com Vítimas Feridas;Pleno dia;Crescente;Chuva;Dupla;Curva;Não;2;0;2;0;0;0;2;1;-25,0604;-48,562973;SPRF-PR;DEL01-PR;UOP02-DEL01-PR
711726;15/08/2025;sexta-feira;10:10:00;BA;101;900;CARAVELAS;Demais falhas na via;Queda de ocupante de veículo;Com Vítimas Feridas;Pleno dia;Crescente;Céu Claro;Simples;Reta;Não;1;0;1;0;0;0;1;1;-17,725878;-39,767004;SPRF-BA;DEL09-BA;UOP02-DEL09-BA
711727;15/08/2025;sexta-feira;09:30:00;PB;230;45;SANTA RITA;Chuva;Saída de leito carroçável;Com Vítimas Feridas;Pleno dia;Decrescente;Chuva;Dupla;Reta;Não;3;0;3;0;0;0;3;1;-7,162767;-35,023923;SPRF-PB;DEL01-PB;UOP02-DEL01-PB
711728;14/08/2025;quinta-feira;23:00:00;CE;402;185,2;MARCO;Reação tardia ou ineficiente do condutor;Colisão traseira;Com Vítimas Fatais;Plena Noite;Decrescente;Céu Claro;Simples;Reta;Não;4;2;1;0;1;0;1;2;-3,143733;-40,08502;SPRF-CE;DEL01-CE;UOP03-DEL01-CE
711729;15/08/2025;sexta-feira;09:52:00;RJ;101;486;ANGRA DOS REIS;Reação tardia ou ineficiente do condutor;Atropelamento de Pedestre;Com Vítimas Feridas;Pleno dia;Crescente;Céu Claro;Simples;Reta;Sim;2;0;1;0;1;0;1;2;-22,96965852;-44,2985604;SPRF-RJ;DEL03-RJ;UOP03-DEL03-RJ
711730;15/08/2025;sexta-feira;09:15:00;MA;10;255;IMPERATRIZ;Pista Escorregadia;Tombamento;Com Vítimas Feridas;Pleno dia;Decrescente;Céu Claro;Simples;Reta;Sim;2;0;2;0;0;0;2;1;-5,50996;-47,471767;SPRF-MA;DEL04-MA;UOP01-DEL04-MA
711733;15/08/2025;sexta-feira;10:20:00;RN;406;162,7;SAO GONCALO DO AMARANTE;Conversão proibida;Colisão transversal;Sem Vítimas;Pleno dia;Crescente;Nublado;Simples;"Aclive;Reta";Não;2;0;0;0;1;1;0;2;-5,732115;-35,357985;SPRF-RN;DEL02-RN;UOP01-DEL02-RN