id;data_inversa;dia_semana;horario;uf;br;km;municipio;causa_acidente;tipo_acidente;classificacao_acidente;fase_dia;sentido_via;condicao_metereologica;tipo_pista;tracado_via;uso_solo;pessoas;mortos;feridos_leves;feridos_graves;ilesos;ignorados;feridos;veiculos;latitude;longitude;regional;delegacia;uop
711736;15/08/2025;sexta-feira;08:05:00;PE;232;433;SERRA TALHADA;Ausência de reação do condutor;Saída de leito carroçável;Com Vítimas Feridas;Pleno dia;Decrescente;Céu Claro;Simples;Reta;Não;1;0;1;0;0;0;1;1;-7,9888384;-38,2631936;SPRF-PE;DEL04-PE;UOP01-DEL04-PE
711740;15/08/2025;sexta-feira;10:50:00;BA;235;349;JUAZEIRO;Ultrapassagem Indevida;Colisão lateral mesmo sentido;Com Vítimas Feridas;Pleno dia;Decrescente;Céu Claro;Simples;Reta;Sim;4;0;0;1;3;0;1;2;-9,43701;-40,4990505;SPRF-PE;DEL06-PE;UOP01-DEL06-PE
711741;15/08/2025;sexta-feira;09:20:00;AC;364;110;RIO BRANCO;Demais falhas mecânicas ou elétricas;Saída de leito carroçável;Com Vítimas Feridas;Pleno dia;Crescente;Céu Claro;Simples;"Reta;Declive";Não;1;0;1;0;0;0;1;1;-10,01355703;-67,69800566;SPRF-AC;DEL01-AC;UOP01-DEL01-AC
711743;15/08/2025;sexta-feira;11:15:00;PI;343;1,6;TERESINA;Manobra de mudança de faixa;Colisão lateral mesmo sentido;Com Vítimas Feridas;Pleno dia;Decrescente;Céu Claro;Dupla;Retorno Regulamentado;Sim;2;0;1;0;1;0;1;2;-5,0812953;-42,76417404;SPRF-PI;DEL01-PI;UOP01-DEL01-PI
711744;15/08/2025;sexta-feira;10:30:00;MS;262;352;CAMPO GRANDE;Ausência de reação do condutor;Colisão traseira;Sem Vítimas;Pleno dia;Crescente;Céu Claro;Dupla;Reta;Sim;2;0;0;0;2;0;0;2;-20,570039;-54,646006;SPRF-MS;DEL01-MS;UOP03-DEL01-MS
711746;15/08/2025;sexta-feira;09:30:00;PR;116;23;ANTONINA;Chuva;Colisão com objeto;Com Vítimas Feridas;Pleno dia;Decrescente;Chuva;Dupla;Curva;Não;2;0;1;0;1;0;1;1;-25,1104764;-48,75592011;SPRF-PR;DEL01-PR;UOP02-DEL01-PR
711747;15/08/2025;sexta-feira;06:21:00;MT;163;760;SORRISO;Ausência de reação do condutor;Saída de leito carroçável;Sem Vítimas;Amanhecer;Decrescente;Céu Claro;Simples;"Em Obras;Reta";Não;1;0;0;0;0;1;0;1;-12,49247833;-55,68434841;SPRF-MT;DEL06-MT;UOP01-DEL06-MT
711748;15/08/2025;sexta-feira;11:15:00;PR;277;73,5;SAO JOSE DOS PINHAIS;Reação tardia ou ineficiente do condutor;Saída de leito carroçável;Com Vítimas Feridas;Pleno dia;Crescente;Nublado;Dupla;Reta;Sim;1;0;1;0;0;0;1;1;-25,4997;-49,1547;SPRF-PR;DEL01-PR;UOP07-DEL01-PR
711750;15/08/2025;sexta-feira;10:30:00;PR;467;110,5;CASCAVEL;Ausência de reação do condutor;Saída de leito carroçável;Com Vítimas Feridas;Pleno dia;Decrescente;Céu Claro;Dupla;Curva;Não;1;0;1;0;0;0;1;1;-24,92969999;-53,4514004;SPRF-PR;DEL04-PR;UOP01-DEL04-PR
711751;15/08/2025;sexta-feira;12:31:00;PE;232;144;SAO CAITANO;Pista esburacada;Queda de ocupante de veículo;Com Vítimas Feridas;Pleno dia;Decrescente;Céu Claro;Dupla;Reta;Não;1;0;1;0;0;0;1;1;-8,328755;-36,1209;SPRF-PE;DEL03-PE;UOP02-DEL03-PE
711752;15/08/2025;sexta-feira;12:00:00;MG;40;566,1;NOVA LIMA;Acumulo de areia ou detritos sobre o pavimento;Queda de ocupante de veículo;Com Vítimas Feridas;Pleno dia;Crescente;Céu Claro;Dupla;"Reta;Aclive";Não;1;0;1;0;0;0;1;1;-20,174202;-43,965972;SPRF-MG;DEL01-MG;UOP02-DEL01-MG
711756;15/08/2025;sexta-feira;11:55:00;PE;232;46;VITORIA DE SANTO ANTAO;Pedestre cruzava a pista fora da faixa;Atropelamento de Pedestre;Com Vítimas Fatais;Pleno dia;Decrescente;Chuva;Dupla;Reta;Não;5;1;0;0;4;0;0;2;-8,134668;-35,291213;SPRF-PE;DEL02-PE;UOP02-DEL02PE
711757;15/08/2025;sexta-feira;12:25:00;SC;101;113,8;ITAJAI;Demais falhas mecânicas ou elétricas;Tombamento;Com Vítimas Feridas;Pleno dia;Crescente;Céu Claro;Dupla;Reta;Sim;2;0;2;0;0;0;2;1;-26,86014;-48,72857;SPRF-SC;DEL04-SC;UOP04-DEL04-SC
711758;15/08/2025;sexta-feira;11:45:00;CE;222;311,8;TIANGUA;Acessar a via sem observar a presença dos outros veículos;Colisão lateral mesmo sentido;Com Vítimas Feridas;Pleno dia;Crescente;Céu Claro;Simples;"Interseção de Vias;Reta";Sim;2;0;1;0;1;0;1;2;-3,7202113;-40,9949224;SPRF-CE;DEL04-CE;UOP02-DEL04-CE
711759;15/08/2025;sexta-feira;12:45:00;PE;101;47;IGARASSU;Ausência de reação do condutor;Colisão com objeto;Com Vítimas Feridas;Pleno dia;Decrescente;Nublado;Múltipla;Reta;Sim;2;0;1;0;0;1;1;1;-7,8860143;-34,9039288;SPRF-PE;DEL01-PE;UOP02-DEL01-PE
711760;15/08/2025;sexta-feira;12:45:00;SC;280;35;ARAQUARI;Acessar a via sem observar a presença dos outros veículos;Colisão lateral mesmo sentido;Com Vítimas Feridas;Pleno dia;Crescente;Nublado;Simples;Interseção de Vias;Não;2;0;1;0;1;0;1;2;-26,434498;-48,804671;SPRF-SC;DEL03-SC;UOP03-DEL03-SC
711761;15/08/2025;sexta-feira;12:45:00;SC;101;424,9;ARARANGUA;Reação tardia ou ineficiente do condutor;Colisão frontal;Sem Vítimas;Pleno dia;Crescente;Nublado;Simples;Reta;Não;4;0;0;0;4;0;0;4;-29,0244969;-49,5978306;SPRF-SC;DEL02-SC;UOP02-DEL02-SC
711762;11/08/2025;segunda-feira;01:40:00;PR;277;74;SAO JOSE DOS PINHAIS;Reação tardia ou ineficiente do condutor;Capotamento;Sem Vítimas;Plena Noite;Crescente;Céu Claro;Dupla;"Reta;Viaduto";Não;1;0;0;0;1;0;0;1;-25,49593814;-49,16281991;SPRF-PR;DEL01-PR;UOP07-DEL01-PR
711763;09/08/2025;sábado;13:00:00;MG;365;562;INDIANOPOLIS;Conversão proibida;Colisão transversal;Com Vítimas Feridas;Pleno dia;Crescente;Céu Claro;Simples;Reta;Não;7;0;1;0;6;0;1;2;-18,922967;-47,783967;SPRF-MG;DEL15-MG;UOP02-DEL15-MG
711764;11/07/2025;sexta-feira;18:15:00;MT;364;274;JACIARA;Condutor deixou de manter distância do veículo da frente;Colisão traseira;Com Vítimas Feridas;Anoitecer;Crescente;Ignorado;Dupla;"Retorno Regulamentado;Reta";Sim;3;0;1;0;1;1;1;2;-15,95642355;-54,97435209;SPRF-MT;DEL05-MT;UOP02-DEL05-MT
711765;15/08/2025;sexta-feira;08:15:00;RO;364;15;VILHENA;Frear bruscamente;Tombamento;Com Vítimas Feridas;Pleno dia;Crescente;Céu Claro;Simples;Reta;Não;3;0;1;0;1;1;1;3;-12,735989;-60,14926521;SPRF-RO;DEL04-RO;UOP01-DEL04-RO
711766;15/08/2025;sexta-feira;13:20:00;PB;230;72;SOBRADO;Avarias e/ou desgaste excessivo no pneu;Saída de leito carroçável;Com Vítimas Feridas;Pleno dia;Decrescente;Chuva;Dupla;Reta;Não;1;0;1;0;0;0;1;1;-7,19025771;-35,25156498;SPRF-PB;DEL01-PB;UOP02-DEL01-PB
711768;03/08/2025;domingo;19:20:00;SC;280;23,5;ARAQUARI;Acessar a via sem observar a presença dos outros veículos;Colisão transversal;Com Vítimas Feridas;Plena Noite;Crescente;Nublado;Simples;Reta;Não;2;0;1;0;1;0;1;2;-26,37562;-48,717487;SPRF-SC;DEL03-SC;UOP03-DEL03-SC
711769;15/08/2025;sexta-feira;13:00:00;SC;101;138,8;BALNEARIO CAMBORIU;Reação tardia ou ineficiente do condutor;Colisão traseira;Com Vítimas Feridas;Pleno dia;Decrescente;Sol;Dupla;Curva;Não;2;0;1;0;1;0;1;2;-27,0304206;-48,60515714;SPRF-SC;DEL04-SC;UOP03-DEL04-SC
711770;19/07/2025;sábado;18:30:00;RO;364;129,1;PIMENTA BUENO;Ultrapassagem Indevida;Saída de leito carroçável;Com Vítimas Fatais;Plena Noite;Decrescente;Céu Claro;Simples;Curva;Não;2;1;1;0;0;0;1;1;-12,049882;-60,76043;SPRF-RO;DEL02-RO;UOP02-DEL02-RO
711771;15/08/2025;sexta-feira;13:00:00;SC;470;50;BLUMENAU;Ausência de reação do condutor;Tombamento;Com Vítimas Feridas;Pleno dia;Decrescente;Nublado;Dupla;Curva;Não;5;0;2;0;2;1;2;3;-26,8599829;-49,07348005;SPRF-SC;DEL04-SC;UOP01-DEL04-SC
711772;19/07/2025;sábado;10:20:00;RJ;101;505;ANGRA DOS REIS;Acessar a via sem observar a presença dos outros veículos;Colisão frontal;Com Vítimas Feridas;Pleno dia;Crescente;Céu Claro;Simples;Reta;Sim;3;0;2;0;1;0;2;2;-22,9328228;-44,39255895;SPRF-RJ;DEL03-RJ;UOP03-DEL03-RJ
711773;11/03/2025;terça-feira;17:00:00;SC;282;1;FLORIANOPOLIS;Reação tardia ou ineficiente do condutor;Colisão traseira;Com Vítimas Feridas;Pleno dia;Crescente;Nublado;Múltipla;Reta;Sim;3;0;2;0;1;0;2;2;-27,6035057;-48,5855037;SPRF-SC;DEL01-SC;UOP01-DEL01-SC
711774;15/08/2025;sexta-feira;09:38:00;MG;381;591,6;CARMOPOLIS DE MINAS;Ausência de reação do condutor;Colisão transversal;Com Vítimas Feridas;Pleno dia;Decrescente;Céu Claro;Dupla;"Retorno Regulamentado;Reta";Sim;2;0;0;1;1;0;1;2;-20,55342678;-44,66052739;SPRF-MG;DEL04-MG;UOP01-DEL04-MG
711775;15/08/2025;sexta-feira;13:40:00;RN;226;37,4;MACAIBA;Condutor Dormindo;Colisão frontal;Com Vítimas Feridas;Pleno dia;Crescente;Nublado;Simples;Reta;Não;2;0;1;0;1;0;1;2;-5,914296;-35,524424;SPRF-RN;DEL01-RN;UOP02-DEL01-RN
711776;10/08/2025;domingo;16:45:00;PR;116;120;CURITIBA;Reação tardia ou ineficiente do condutor;Engavetamento;Com Vítimas Feridas;Pleno dia;Crescente;Céu Claro;Dupla;Reta;Sim;4;0;1;0;2;1;1;3;-25,59673;-49,31655;SPRF-PR;DEL01-PR;UOP03-DEL01-PR
711777;17/07/2025;quinta-feira;09:20:00;GO;153;512,7;APARECIDA DE GOIANIA;Ausência de reação do condutor;Colisão lateral mesmo sentido;Com Vítimas Feridas;Pleno dia;Decrescente;Céu Claro;Simples;Reta;Sim;2;0;1;0;1;0;1;2;-16,812278;-49,239535;SPRF-GO;DEL01-GO;UOP03-DEL01-GO
711779;15/08/2025;sexta-feira;13:30:00;MG;50;146;UBERABA;Manobra de mudança de faixa;Saída de leito carroçável;Sem Vítimas;Pleno dia;Crescente;Céu Claro;Dupla;Curva;Não;1;0;0;0;1;0;0;1;-19,7197824;-47,9821824;SPRF-MG;DEL13-MG;UOP01-DEL13-MG
711783;15/08/2025;sexta-feira;12:36:00;PE;232;412,7;SERRA TALHADA;Acessar a via sem observar a presença dos outros veículos;Colisão transversal;Com Vítimas Feridas;Pleno dia;Crescente;Céu Claro;Simples;Interseção de Vias;Sim;2;0;0;1;1;0;1;2;-7,987545;-38,327447;SPRF-PE;DEL04-PE;UOP01-DEL04-PE
711784;15/08/2025;sexta-feira;13:30:00;SC;101;110,1;NAVEGANTES;Demais falhas mecânicas ou elétricas;Queda de ocupante de veículo;Com Vítimas Feridas;Pleno dia;Crescente;Nublado;Múltipla;Curva;Não;1;0;1;0;0;0;1;1;-26,83571454;-48,71001864;SPRF-SC;DEL03-SC;UOP02-DEL03-SC
711786;03/08/2025;domingo;09:15:00;SP;116;228;SAO PAULO;Condutor deixou de manter distância do veículo da frente;Colisão traseira;Com Vítimas Feridas;Pleno dia;Crescente;Sol;Múltipla;"Reta;Em Obras";Sim;2;0;0;1;1;0;1;2;-23,50614133;-46,57063212;SPRF-SP;DEL01-SP;UOP01-DEL01-SP
711788;15/08/2025;sexta-feira;13:30:00;SP;116;139;SAO JOSE DOS CAMPOS;Reação tardia ou ineficiente do condutor;Engavetamento;Com Vítimas Feridas;Pleno dia;Decrescente;Sol;Dupla;Reta;Sim;4;0;1;0;2;1;1;3;-23,16333295;-45,80748796;SPRF-SP;DEL02-SP;UOP01-DEL02-SP
711789;24/06/2025;terça-feira;13:30:00;SC;116;5,6;MAFRA;Acessar a via sem observar a presença dos outros veículos;Colisão transversal;Com Vítimas Feridas;Pleno dia;Decrescente;Céu Claro;Simples;"Reta;Interseção de Vias";Sim;3;0;2;0;1;0;2;2;-26,142;-49,819;SPRF-SC;DEL06-SC;UOP01-DEL06-SC
711794;15/08/2025;sexta-feira;13:30:00;SC;282;43,5;AGUAS MORNAS;Condutor Dormindo;Capotamento;Com Vítimas Feridas;Pleno dia;Decrescente;Nublado;Simples;Reta;Não;3;0;3;0;0;0;3;1;-27,71981;-48,901366;SPRF-SC;DEL01-SC;UOP03-DEL01-SC
711798;15/08/2025;sexta-feira;14:31:00;MS;158;335;BRASILANDIA;Ausência de reação do condutor;Queda de ocupante de veículo;Com Vítimas Feridas;Pleno dia;Crescente;Céu Claro;Simples;Reta;Não;1;0;0;1;0;0;1;1;-21,21285609;-52,0093511;SPRF-MS;DEL07-MS;UOP01-DEL07-MS
711799;15/08/2025;sexta-feira;13:45:00;RO;364;426,9;JARU;Reação tardia ou ineficiente do condutor;Colisão traseira;Com Vítimas Feridas;Pleno dia;Decrescente;Céu Claro;Simples;"Reta;Interseção de Vias;Em Obras";Sim;3;0;1;0;2;0;1;3;-10,4270596;-62,48807287;SPRF-RO;DEL03-RO;UOP02-DEL03-RO
711800;15/08/2025;sexta-feira;15:15:00;SP;101;43;UBATUBA;Ingestão de álcool pelo condutor;Colisão com objeto;Sem Vítimas;Pleno dia;Decrescente;Garoa/Chuvisco;Simples;Rotatória;Não;1;0;0;0;1;0;0;1;-23,4096837;-45,05953565;SPRF-SP;DEL06-SP;UOP01-DEL06-SP
711801;15/08/2025;sexta-feira;15:10:00;MS;158;280;TRES LAGOAS;Ausência de reação do condutor;Saída de leito carroçável;Com Vítimas Feridas;Pleno dia;Crescente;Céu Claro;Dupla;Reta;Não;1;0;1;0;0;0;1;1;-20,83224799;-51,73139898;SPRF-MS;DEL07-MS;UOP01-DEL07-MS
711803;15/08/2025;sexta-feira;09:00:00;SP;116;548;BARRA DO TURVO;Chuva;Colisão com objeto;Com Vítimas Feridas;Pleno dia;Crescente;Garoa/Chuvisco;Múltipla;"Curva;Declive";Não;2;0;2;0;0;0;2;1;-24,95470506;-48,45560002;SPRF-SP;DEL05-SP;UOP02-DEL05-SP
711805;15/08/2025;sexta-feira;16:00:00;SC;470;57,5;BLUMENAU;Reação tardia ou ineficiente do condutor;Tombamento;Com Vítimas Feridas;Pleno dia;Decrescente;Nublado;Simples;Reta;Sim;1;0;1;0;0;0;1;1;-26,88287522;-49,14083568;SPRF-SC;DEL04-SC;UOP01-DEL04-SC
711807;15/08/2025;sexta-feira;16:15:00;SP;116;227;SAO PAULO;Ausência de reação do condutor;Colisão traseira;Com Vítimas Feridas;Pleno dia;Crescente;Nublado;Múltipla;Reta;Sim;2;0;1;0;1;0;1;2;-23,50366225;-46,56761827;SPRF-SP;DEL01-SP;UOP01-DEL01-SP
711809;23/05/2025;sexta-feira;17:59:00;RJ;116;186;NOVA IGUACU;Manobra de mudança de faixa;Queda de ocupante de veículo;Com Vítimas Feridas;Anoitecer;Decrescente;Chuva;Dupla;Reta;Sim;2;0;1;0;1;0;1;2;-22,73951298;-43,46778123;SPRF-RJ;DEL06-RJ;UOP01-DEL06-RJ
711810;15/08/2025;sexta-feira;15:50:00;PE;104;63,5;CARUARU;Manobra de mudança de faixa;Colisão traseira;Com Vítimas Feridas;Pleno dia;Decrescente;Chuva;Dupla;Viaduto;Sim;5;0;1;0;4;0;1;2;-8,26509;-35,97681;SPRF-PE;DEL02-PE;UOP01-DEL02-PE
711811;15/08/2025;sexta-feira;16:00:00;RN;101;144;ARES;Pista esburacada;Saída de leito carroçável;Com Vítimas Feridas;Pleno dia;Crescente;Chuva;Dupla;Reta;Não;3;0;2;0;1;0;2;1;-6,21779;-35,215785;SPRF-RN;DEL01-RN;UOP01-DEL01-RN
711812;15/08/2025;sexta-feira;16:20:00;TO;153;774;ALVORADA;Demais falhas mecânicas ou elétricas;Saída de leito carroçável;Com Vítimas Feridas;Pleno dia;Crescente;Céu Claro;Simples;Reta;Não;2;0;1;0;1;0;1;1;-12,59326625;-49,07395363;SPRF-TO;DEL01-TO;UOP02-DEL01-TO
711813;15/08/2025;sexta-feira;13:20:00;DF;60;6;BRASILIA;Manobra de mudança de faixa;Colisão lateral mesmo sentido;Com Vítimas Feridas;Pleno dia;Decrescente;Sol;Dupla;"Retorno Regulamentado;Reta";Sim;3;0;1;0;2;0;1;2;-15,899145;-48,115597;SPRF-DF;DEL03-DF;UOP01-DEL03-DF
711814;08/08/2025;sexta-feira;06:45:00;MG;262;360;BETIM;Estacionar ou parar em local proibido;Colisão traseira;Com Vítimas Feridas;Pleno dia;Crescente;Céu Claro;Dupla;Retorno Regulamentado;Sim;2;0;1;0;1;0;1;2;-19,976339;-44,258586;SPRF-MG;DEL01-MG;UOP03-DEL01-MG
711815;15/08/2025;sexta-feira;16:20:00;SC;101;108;PENHA;Trafegar com motocicleta (ou similar) entre as faixas;Colisão lateral mesmo sentido;Com Vítimas Feridas;Pleno dia;Crescente;Nublado;Dupla;Curva;Sim;2;0;1;0;1;0;1;2;-26,82804318;-48,69178947;SPRF-SC;DEL03-SC;UOP02-DEL03-SC
711816;26/07/2025;sábado;18:00:00;SP;116;218,8;GUARULHOS;Manobra de mudança de faixa;Colisão traseira;Com Vítimas Feridas;Plena Noite;Crescente;Céu Claro;Múltipla;"Reta;Em Obras";Sim;2;0;1;0;1;0;1;2;-23,460492;-46,487702;SPRF-SP;DEL01-SP;UOP01-DEL01-SP
711817;15/08/2025;sexta-feira;16:00:00;SE;101;89;NOSSA SENHORA DO SOCORRO;Pista Escorregadia;Queda de ocupante de veículo;Com Vítimas Feridas;Pleno dia;Decrescente;Céu Claro;Dupla;Viaduto;Não;1;0;1;0;0;0;1;1;-10,9050609;-37,1230549;SPRF-SE;DEL01-SE;UOP01-DEL01-SE
711818;15/08/2025;sexta-feira;17:00:00;MG;251;470,5;GRAO MOGOL;Condutor deixou de manter distância do veículo da frente;Colisão traseira;Sem Vítimas;Anoitecer;Decrescente;Vento;Simples;Reta;Não;2;0;0;0;2;0;0;2;-16,480742;-43,412512;SPRF-MG;DEL12-MG;UOP01-DEL12-MG
711820;22/06/2025;domingo;18:20:00;BA;330;804;JEQUIE;Reação tardia ou ineficiente do condutor;Saída de leito carroçável;Com Vítimas Feridas;Anoitecer;Decrescente;Céu Claro;Simples;Reta;Não;2;0;1;1;0;0;2;1;-13,97383408;-39,95645195;SPRF-BA;DEL03-BA;UOP01-DEL03-BA
711821;15/08/2025;sexta-feira;09:05:00;RJ;116;20;SAPUCAIA;Ausência de reação do condutor;Saída de leito carroçável;Com Vítimas Feridas;Pleno dia;Decrescente;Céu Claro;Simples;Reta;Não;4;0;2;0;2;0;2;1;-22,00465244;-42,76325226;SPRF-RJ;DEL05-RJ;UOP01-DEL05-RJ
711823;15/08/2025;sexta-feira;16:10:00;SC;116;9,9;MAFRA;Ausência de reação do condutor;Saída de leito carroçável;Com Vítimas Feridas;Pleno dia;Crescente;Céu Claro;Simples;"Curva;Declive";Não;4;0;4;0;0;0;4;1;-26,17069509;-49,855353;SPRF-SC;DEL06-SC;UOP01-DEL06-SC
711824;15/08/2025;sexta-feira;17:40:00;SP;116;225;GUARULHOS;Manobra de mudança de faixa;Colisão traseira;Com Vítimas Feridas;Anoitecer;Decrescente;Nublado;Múltipla;Reta;Sim;2;0;1;0;1;0;1;2;-23,49010824;-46,54738474;SPRF-SP;DEL01-SP;UOP01-DEL01-SP
711825;15/08/2025;sexta-feira;17:25:00;RS;116;517;PELOTAS;Acessar a via sem observar a presença dos outros veículos;Colisão transversal;Com Vítimas Feridas;Pleno dia;Decrescente;Céu Claro;Dupla;Viaduto;Sim;3;0;1;0;2;0;1;2;-31,6795514;-52,3414057;SPRF-RS;DEL07-RS;UOP01-DEL07-RS
711826;15/08/2025;sexta-feira;17:10:00;PE;423;89,3;SAO JOAO;Acessar a via sem observar a presença dos outros veículos;Colisão transversal;Com Vítimas Feridas;Anoitecer;Decrescente;Garoa/Chuvisco;Simples;Reta;Não;2;0;1;0;1;0;1;2;-8,841273;-36,457648;SPRF-PE;DEL03-PE;UOP01-DEL03-PE
711827;15/08/2025;sexta-feira;16:50:00;RJ;393;268,2;BARRA DO PIRAI;Acessar a via sem observar a presença dos outros veículos;Colisão transversal;Com Vítimas Feridas;Pleno dia;Crescente;Céu Claro;Simples;"Declive;Interseção de Vias;Retorno Regulamentado;Reta";Sim;2;0;0;1;1;0;1;2;-22,476729;-43,944086;SPRF-RJ;DEL05-RJ;UOP04-DEL05-RJ
711829;15/08/2025;sexta-feira;17:35:00;PB;101;89,2;JOAO PESSOA;Trafegar com motocicleta (ou similar) entre as faixas;Colisão lateral mesmo sentido;Com Vítimas Feridas;Plena Noite;Crescente;Chuva;Dupla;"Declive;Reta";Sim;2;0;0;1;1;0;1;2;-7,176325;-34,899383;SPRF-PB;DEL01-PB;UOP01-DEL01-PB
711831;15/08/2025;sexta-feira;18:20:00;BA;324;516;FEIRA DE SANTANA;Área urbana sem a presença de local apropriado para a travessia de pedestres;Atropelamento de Pedestre;Com Vítimas Feridas;Plena Noite;Crescente;Nublado;Simples;Reta;Sim;2;0;0;1;0;1;1;2;-12,24859;-38,93347;SPRF-BA;DEL02-BA;UOP01-DEL02-BA
711833;15/08/2025;sexta-feira;18:32:00;PB;230;20,1;JOAO PESSOA;Pista Escorregadia;Tombamento;Com Vítimas Feridas;Plena Noite;Crescente;Chuva;Dupla;"Aclive;Interseção de Vias;Viaduto";Sim;1;0;1;0;0;0;1;1;-7,1371169;-34,8520136;SPRF-PB;DEL01-PB;UOP01-DEL01-PB
711834;15/08/2025;sexta-feira;14:32:00;SP;153;307,7;SAO PEDRO DO TURVO;Ingestão de álcool pelo condutor;Saída de leito carroçável;Com Vítimas Feridas;Pleno dia;Decrescente;Céu Claro;Simples;"Declive;Reta";Não;1;0;1;0;0;0;1;1;-22,6629436;-49,8895568;SPRF-SP;DEL07-SP;UOP03-DEL07-SP
711836;15/08/2025;sexta-feira;16:20:00;MG;116;719,8;MURIAE;Condutor deixou de manter distância do veículo da frente;Colisão traseira;Com Vítimas Feridas;Pleno dia;Decrescente;Nublado;Simples;"Aclive;Reta";Não;2;0;0;1;0;1;1;2;-21,2465;-42,39458;SPRF-MG;DEL07-MG;UOP02-DEL07-MG
711837;15/08/2025;sexta-feira;15:53:00;RJ;101;318;SAO GONCALO;Ausência de reação do condutor;Queda de ocupante de veículo;Com Vítimas Feridas;Pleno dia;Decrescente;Nublado;Dupla;Reta;Sim;1;0;1;0;0;0;1;1;-22,7928886;-43,02484;SPRF-RJ;DEL02-RJ;UOP02-DEL02-RJ
711838;15/08/2025;sexta-feira;18:00:00;SC;101;323;PESCARIA BRAVA;Manobra de mudança de faixa;Colisão lateral mesmo sentido;Com Vítimas Feridas;Anoitecer;Decrescente;Céu Claro;Dupla;Curva;Não;2;0;1;1;0;0;2;2;-28,42839233;-48,92517686;SPRF-SC;DEL02-SC;UOP01-DEL02-SC
711839;15/08/2025;sexta-feira;16:25:00;RJ;40;113;DUQUE DE CAXIAS;Curva acentuada;Queda de ocupante de veículo;Com Vítimas Feridas;Pleno dia;Crescente;Nublado;Simples;Curva;Não;1;0;1;0;0;0;1;1;-22,71810167;-43,29091787;SPRF-RJ;DEL01-RJ;UOP02-DEL01-RJ
711840;15/08/2025;sexta-feira;18:40:00;CE;222;1;CAUCAIA;Condutor deixou de manter distância do veículo da frente;Colisão traseira;Com Vítimas Feridas;Plena Noite;Crescente;Vento;Múltipla;Reta;Sim;2;0;1;0;1;0;1;2;-3,7557297;-38,6306872;SPRF-CE;DEL01-CE;UOP01-DEL01-CE
711841;15/08/2025;sexta-feira;16:15:00;PE;232;274,5;SERTANIA;Ausência de reação do condutor;Colisão traseira;Com Vítimas Feridas;Pleno dia;Crescente;Céu Claro;Simples;Reta;Não;3;0;1;0;2;0;1;2;-8,38138;-37,25289;SPRF-PE;DEL04-PE;UOP02-DEL04-PE
711842;15/08/2025;sexta-feira;18:10:00;SP;381;2;VARGEM;Reação tardia ou ineficiente do condutor;Colisão com objeto;Com Vítimas Feridas;Plena Noite;Decrescente;Céu Claro;Dupla;Reta;Não;1;0;1;0;0;0;1;1;-22,8810467;-46,3924917;SPRF-SP;DEL03-SP;UOP02-DEL03-SP
711843;15/08/2025;sexta-feira;03:40:00;RJ;101;315;SAO GONCALO;Ausência de reação do condutor;Colisão com objeto;Com Vítimas Fatais;Plena Noite;Decrescente;Chuva;Dupla;Curva;Sim;2;1;1;0;0;0;1;1;-22,82716021;-43,09118986;SPRF-RJ;DEL02-RJ;UOP02-DEL02-RJ
711847;15/08/2025;sexta-feira;17:20:00;MG;116;409;GOVERNADOR VALADARES;Ingestão de álcool pelo condutor;Colisão traseira;Com Vítimas Feridas;Anoitecer;Decrescente;Nublado;Dupla;Reta;Sim;2;0;0;1;1;0;1;2;-18,855082;-41,97593926;SPRF-MG;DEL06-MG;UOP01-DEL06-MG
711849;15/08/2025;sexta-feira;18:00:00;MT;70;496;CUIABA;Acesso irregular;Colisão lateral sentido oposto;Com Vítimas Feridas;Plena Noite;Decrescente;Céu Claro;Simples;Reta;Não;2;0;1;0;1;0;1;2;-15,66084185;-56,0046444;SPRF-MT;DEL01-MT;UOP02-DEL01-MT
711851;15/08/2025;sexta-feira;17:20:00;SP;116;446;REGISTRO;Ingestão de álcool pelo condutor;Colisão traseira;Sem Vítimas;Pleno dia;Decrescente;Céu Claro;Dupla;Reta;Sim;3;0;0;0;3;0;0;2;-24,50762265;-47,84853615;SPRF-SP;DEL05-SP;UOP01-DEL05-SP
711853;15/08/2025;sexta-feira;19:30:00;SP;116;194;SANTA ISABEL;Reação tardia ou ineficiente do condutor;Saída de leito carroçável;Com Vítimas Feridas;Plena Noite;Decrescente;Nublado;Dupla;"Curva;Retorno Regulamentado;Declive";Não;1;0;1;0;0;0;1;1;-23,384202;-46,26428;SPRF-SP;DEL01-SP;UOP01-DEL01-SP
711855;15/08/2025;sexta-feira;17:30:00;RJ;116;107;GUAPIMIRIM;Ausência de reação do condutor;Queda de ocupante de veículo;Com Vítimas Feridas;Anoitecer;Decrescente;Chuva;Simples;Reta;Não;1;0;1;0;0;0;1;1;-22,530453;-42,996033;SPRF-RJ;DEL04-RJ;UOP01-DEL04-RJ
711856;15/08/2025;sexta-feira;19:10:00;SP;116;161;JACAREI;Pista Escorregadia;Queda de ocupante de veículo;Com Vítimas Feridas;Plena Noite;Decrescente;Nublado;Dupla;Curva;Não;2;0;0;1;1;0;1;1;-23,27478955;-45,97377062;SPRF-SP;DEL02-SP;UOP01-DEL02-SP