id;data_inversa;dia_semana;horario;uf;br;km;municipio;causa_acidente;tipo_acidente;classificacao_acidente;fase_dia;sentido_via;condicao_metereologica;tipo_pista;tracado_via;uso_solo;pessoas;mortos;feridos_leves;feridos_graves;ilesos;ignorados;feridos;veiculos;latitude;longitude;regional;delegacia;uop
711976;16/08/2025;sábado;09:05:00;PA;308;152;CAPANEMA;Acessar a via sem observar a presença dos outros veículos;Colisão transversal;Com Vítimas Feridas;Pleno dia;Crescente;Céu Claro;Simples;Curva;Sim;4;0;1;1;2;0;2;2;-1,203353;-47,168832;SPRF-PA;DEL01-PA;UOP03-DEL01-PA
711977;16/08/2025;sábado;06:05:00;SC;282;473,4;VARGEAO;Ausência de reação do condutor;Saída de leito carroçável;Com Vítimas Feridas;Amanhecer;Crescente;Céu Claro;Simples;Curva;Não;1;0;1;0;0;0;1;1;-26,863969;-52,131872;SPRF-SC;DEL07-SC;UOP01-DEL07-SC
711979;16/08/2025;sábado;09:45:00;PB;230;0,7;CABEDELO;Mal súbito do condutor;Colisão frontal;Com Vítimas Feridas;Pleno dia;Crescente;Céu Claro;Simples;Curva;Sim;2;0;1;0;1;0;1;2;-6,972;-34,833;SPRF-PB;DEL01-PB;UOP01-DEL01-PB
711980;16/08/2025;sábado;09:30:00;SC;101;55,8;JOINVILLE;Velocidade Incompatível;Colisão com objeto;Sem Vítimas;Pleno dia;Crescente;Nublado;Dupla;Curva;Não;1;0;0;0;1;0;0;1;-26,41562468;-48,83560181;SPRF-SC;DEL03-SC;UOP01-DEL03-SC
711983;16/08/2025;sábado;10:30:00;RN;406;170;SAO GONCALO DO AMARANTE;Manobra de mudança de faixa;Colisão lateral mesmo sentido;Com Vítimas Feridas;Pleno dia;Decrescente;Céu Claro;Dupla;Reta;Não;2;0;2;0;0;0;2;2;-5,757688;-35,301442;SPRF-RN;DEL02-RN;UOP01-DEL02-RN
711984;16/08/2025;sábado;10:40:00;SC;101;204,6;SAO JOSE;Manobra de mudança de faixa;Colisão lateral mesmo sentido;Com Vítimas Feridas;Pleno dia;Crescente;Nublado;Múltipla;Reta;Sim;2;0;0;1;1;0;1;2;-27,57588;-48,61357;SPRF-SC;DEL01-SC;UOP01-DEL01-SC
711985;16/08/2025;sábado;11:00:00;MG;262;526;LUZ;Demais falhas mecânicas ou elétricas;Incêndio;Sem Vítimas;Pleno dia;Decrescente;Céu Claro;Simples;Reta;Não;1;0;0;0;1;0;0;1;-19,76544;-45,78857;SPRF-MG;DEL08-MG;UOP03-DEL08-MG
711986;16/08/2025;sábado;08:33:00;SC;470;118;IBIRAMA;Chuva;Saída de leito carroçável;Com Vítimas Feridas;Pleno dia;Decrescente;Chuva;Dupla;Curva;Não;2;0;1;0;1;0;1;1;-27,0827171;-49,5205079;SPRF-SC;DEL04-SC;UOP02-DEL04-SC
711987;16/08/2025;sábado;07:34:00;AC;364;80;SENADOR GUIOMARD;Pista esburacada;Saída de leito carroçável;Com Vítimas Feridas;Pleno dia;Decrescente;Céu Claro;Simples;"Aclive;Reta";Não;2;0;1;0;1;0;1;1;-10,095573;-67,427584;SPRF-AC;DEL01-AC;UOP01-DEL01-AC
711989;16/08/2025;sábado;11:20:00;PE;101;9;ITAPISSUMA;Acumulo de água sobre o pavimento;Colisão traseira;Sem Vítimas;Pleno dia;Crescente;Nublado;Dupla;Reta;Não;2;0;0;0;2;0;0;2;-7,7299712;-34,9405184;SPRF-PE;DEL01-PE;UOP02-DEL01-PE
711990;16/08/2025;sábado;10:59:00;RN;101;75;NATAL;Ausência de reação do condutor;Colisão lateral mesmo sentido;Com Vítimas Feridas;Pleno dia;Decrescente;Céu Claro;Simples;Reta;Não;3;0;1;0;1;1;1;2;-5,724665;-35,2816317;SPRF-RN;DEL02-RN;UOP01-DEL02-RN
711993;21/06/2025;sábado;06:05:00;PE;101;86;JABOATAO DOS GUARARAPES;Velocidade Incompatível;Colisão traseira;Com Vítimas Feridas;Pleno dia;Crescente;Nublado;Dupla;Curva;Não;2;0;0;1;0;1;1;2;-8,18405;-34,96598;SPRF-PE;DEL01-PE;UOP01-DEL01-PE
711994;16/08/2025;sábado;06:00:00;SC;282;466,1;PASSOS MAIA;Ingestão de álcool pelo condutor;Saída de leito carroçável;Sem Vítimas;Pleno dia;Crescente;Céu Claro;Simples;Reta;Não;1;0;0;0;1;0;0;1;-26,854;-52,061591;SPRF-SC;DEL07-SC;UOP04-DEL07-SC
711996;16/08/2025;sábado;09:30:00;RJ;40;90;PETROPOLIS;Curva acentuada;Tombamento;Com Vítimas Feridas;Pleno dia;Decrescente;Céu Claro;Dupla;"Aclive;Curva";Sim;1;0;1;0;0;0;1;1;-22,55559482;-43,23301435;SPRF-RJ;DEL01-RJ;UOP01-DEL01-RJ
711998;16/08/2025;sábado;11:55:00;RS;116;151;CAXIAS DO SUL;Objeto estático sobre o leito carroçável;Colisão com objeto;Com Vítimas Feridas;Pleno dia;Decrescente;Nublado;Dupla;Curva;Sim;1;0;1;0;0;0;1;1;-29,18099538;-51,16563909;SPRF-RS;DEL05-RS;UOP01-DEL05-RS
712002;16/08/2025;sábado;12:30:00;PB;230;21,3;JOAO PESSOA;Ausência de reação do condutor;Colisão traseira;Com Vítimas Feridas;Pleno dia;Decrescente;Chuva;Dupla;Curva;Não;3;0;1;1;1;0;2;2;-7,148378;-34,850827;SPRF-PB;DEL01-PB;UOP01-DEL01-PB
712003;16/08/2025;sábado;12:15:00;SC;163;76;SAO MIGUEL DO OESTE;Ausência de reação do condutor;Saída de leito carroçável;Com Vítimas Feridas;Pleno dia;Decrescente;Céu Claro;Simples;Curva;Não;4;0;4;0;0;0;4;1;-26,68956001;-53,51412462;SPRF-SC;DEL07-SC;UOP03-DEL07-SC
712005;16/08/2025;sábado;13:35:00;SE;101;89,3;NOSSA SENHORA DO SOCORRO;Manobra de mudança de faixa;Colisão traseira;Com Vítimas Feridas;Pleno dia;Decrescente;Céu Claro;Dupla;"Reta;Interseção de Vias;Declive";Não;2;0;1;0;1;0;1;2;-10,889693;-37,13259;SPRF-SE;DEL01-SE;UOP01-DEL01-SE
712006;16/08/2025;sábado;11:50:00;RJ;493;122;ITAGUAI;Ingestão de álcool pelo condutor;Saída de leito carroçável;Com Vítimas Feridas;Pleno dia;Crescente;Céu Claro;Dupla;"Reta;Rotatória";Não;1;0;1;0;0;0;1;1;-22,903068;-43,825437;SPRF-RJ;DEL03-RJ;UOP01-DEL03-RJ
712007;16/08/2025;sábado;11:15:00;SC;101;215;PALHOCA;Pista Escorregadia;Tombamento;Com Vítimas Feridas;Pleno dia;Crescente;Garoa/Chuvisco;Simples;Reta;Sim;1;0;1;0;0;0;1;1;-27,65815833;-48,6784029;SPRF-SC;DEL01-SC;UOP02-DEL01-SC
712008;16/08/2025;sábado;12:00:00;MG;262;565,2;CORREGO DANTA;Velocidade Incompatível;Saída de leito carroçável;Com Vítimas Feridas;Pleno dia;Crescente;Céu Claro;Simples;Curva;Não;1;0;1;0;0;0;1;1;-19,67021592;-46,10613763;SPRF-MG;DEL08-MG;UOP02-DEL08-MG
712010;16/08/2025;sábado;13:00:00;MG;40;521;CONTAGEM;Trafegar com motocicleta (ou similar) entre as faixas;Colisão traseira;Com Vítimas Feridas;Pleno dia;Decrescente;Sol;Dupla;Reta;Sim;1;0;1;0;0;0;1;1;-19,85419263;-44,07212227;SPRF-MG;DEL01-MG;UOP02-DEL01-MG
712011;16/08/2025;sábado;13:10:00;MG;116;607,3;SAO JOAO DO MANHUACU;Ingestão de álcool pelo condutor;Colisão traseira;Com Vítimas Feridas;Pleno dia;Decrescente;Céu Claro;Simples;Reta;Não;3;0;2;0;1;0;2;2;-20,40157811;-42,15058899;SPRF-MG;DEL06-MG;UOP03-DEL06-MG
712012;16/08/2025;sábado;11:30:00;MA;226;294,9;BARRA DO CORDA;Demais falhas mecânicas ou elétricas;Incêndio;Sem Vítimas;Pleno dia;Crescente;Céu Claro;Simples;Reta;Não;1;0;0;0;1;0;0;1;-5,4952206;-45,2144113;SPRF-MA;DEL06-MA;UOP01-DEL06-MA
712014;16/08/2025;sábado;08:30:00;SC;470;154,1;AGRONOMICA;Velocidade Incompatível;Colisão frontal;Com Vítimas Feridas;Pleno dia;Decrescente;Nublado;Simples;Reta;Não;5;0;3;2;0;0;5;2;-27,27481389;-49,74741189;SPRF-SC;DEL04-SC;UOP02-DEL04-SC
712015;16/08/2025;sábado;13:00:00;MG;40;547,2;NOVA LIMA;Velocidade Incompatível;Tombamento;Com Vítimas Feridas;Pleno dia;Decrescente;Céu Claro;Dupla;Curva;Não;1;0;0;1;0;0;1;1;-20,0267;-43,9693;SPRF-MG;DEL01-MG;UOP02-DEL01-MG
712016;16/08/2025;sábado;13:51:00;RS;386;361,8;ESTRELA;Ausência de reação do condutor;Queda de ocupante de veículo;Com Vítimas Feridas;Pleno dia;Decrescente;Céu Claro;Dupla;"Aclive;Reta";Não;1;0;1;0;0;0;1;1;-29,5566069;-51,8937473;SPRF-RS;DEL04-RS;UOP01-DEL04-RS
712018;08/08/2025;sexta-feira;18:00:00;PR;277;79;CURITIBA;Trafegar com motocicleta (ou similar) entre as faixas;Colisão lateral mesmo sentido;Com Vítimas Feridas;Anoitecer;Decrescente;Nublado;Dupla;"Curva;Declive";Sim;2;0;1;0;0;1;1;2;-25,47921087;-49,20127742;SPRF-PR;DEL01-PR;UOP07-DEL01-PR
712020;16/08/2025;sábado;09:40:00;PR;277;653;MATELANDIA;Ultrapassagem Indevida;Saída de leito carroçável;Sem Vítimas;Pleno dia;Crescente;Céu Claro;Simples;Declive;Não;2;0;0;0;1;1;0;2;-25,217;-53,952;SPRF-PR;DEL05-PR;UOP02-DEL05-PR
712021;16/08/2025;sábado;14:20:00;DF;70;10;BRASILIA;Manobra de mudança de faixa;Colisão traseira;Com Vítimas Feridas;Pleno dia;Decrescente;Céu Claro;Dupla;Reta;Sim;2;0;1;0;1;0;1;2;-15,789352;-48,147156;SPRF-DF;DEL03-DF;UOP02-DEL03-DF
712022;16/08/2025;sábado;12:00:00;PR;373;177;PONTA GROSSA;Manobra de mudança de faixa;Colisão com objeto;Com Vítimas Feridas;Pleno dia;Decrescente;Céu Claro;Dupla;Curva;Sim;1;0;1;0;0;0;1;1;-25,0511668;-50,2329069;SPRF-PR;DEL03-PR;UOP01-DEL03-PR
712023;16/08/2025;sábado;13:56:00;CE;116;1;FORTALEZA;Reação tardia ou ineficiente do condutor;Colisão traseira;Com Vítimas Feridas;Pleno dia;Decrescente;Céu Claro;Múltipla;Reta;Sim;2;0;1;0;1;0;1;2;-3,75615431;-38,52207899;SPRF-CE;DEL01-CE;UOP02-DEL01-CE
712024;16/08/2025;sábado;15:00:00;MG;40;605;CONGONHAS;Velocidade Incompatível;Colisão transversal;Com Vítimas Feridas;Pleno dia;Decrescente;Céu Claro;Simples;"Curva;Declive";Não;3;0;1;0;2;0;1;2;-20,45392002;-43,8390424;SPRF-MG;DEL05-MG;UOP02-DEL05-MG
712026;16/08/2025;sábado;14:50:00;SP;153;24,5;NOVA GRANADA;Pista esburacada;Tombamento;Com Vítimas Feridas;Pleno dia;Decrescente;Céu Claro;Simples;Reta;Não;1;0;1;0;0;0;1;1;-20,493512;-49,312643;SPRF-SP;DEL09-SP;UOP01-DEL09-SP
712027;16/08/2025;sábado;15:20:00;PE;101;80,3;JABOATAO DOS GUARARAPES;Entrada inopinada do pedestre;Atropelamento de Pedestre;Com Vítimas Feridas;Pleno dia;Crescente;Céu Claro;Múltipla;Reta;Sim;2;0;0;1;1;0;1;2;-8,154567;-34,942143;SPRF-PE;DEL01-PE;UOP01-DEL01-PE
712029;16/08/2025;sábado;16:00:00;SP;381;77;SAO PAULO;Acumulo de água sobre o pavimento;Queda de ocupante de veículo;Com Vítimas Feridas;Pleno dia;Crescente;Céu Claro;Dupla;"Curva;Declive";Sim;2;0;1;1;0;0;2;1;-23,398395;-46,576478;SPRF-SP;DEL03-SP;UOP01-DEL03-SP
712031;16/08/2025;sábado;15:30:00;RS;158;272;JULIO DE CASTILHOS;Ingestão de álcool pelo condutor;Saída de leito carroçável;Sem Vítimas;Pleno dia;Crescente;Nublado;Simples;Reta;Não;1;0;0;0;1;0;0;1;-29,305613;-53,676877;SPRF-RS;DEL09-RS;UOP01-DEL09-RS
712032;16/08/2025;sábado;15:35:00;MS;262;557,1;MIRANDA;Ingestão de álcool pelo condutor;Colisão com objeto;Com Vítimas Feridas;Pleno dia;Crescente;Céu Claro;Simples;"Curva;Interseção de Vias;Rotatória";Sim;1;0;1;0;0;0;1;1;-20,2341923;-56,37721961;SPRF-MS;DEL03-MS;UOP02-DEL03-MS
712034;16/08/2025;sábado;12:58:00;MT;163;1062;GUARANTA DO NORTE;Ausência de reação do condutor;Saída de leito carroçável;Sem Vítimas;Pleno dia;Crescente;Céu Claro;Simples;Reta;Não;1;0;0;0;1;0;0;1;-9,97959692;-54,90612745;SPRF-MT;DEL06-MT;UOP03-DEL06-MT
712035;16/08/2025;sábado;16:25:00;CE;222;1,8;FORTALEZA;Condutor deixou de manter distância do veículo da frente;Colisão traseira;Com Vítimas Feridas;Pleno dia;Decrescente;Céu Claro;Dupla;Reta;Sim;2;0;1;0;1;0;1;2;-3,739066;-38,58786;SPRF-CE;DEL01-CE;UOP01-DEL01-CE
712036;16/08/2025;sábado;14:00:00;BA;101;495,5;ITABUNA;Reação tardia ou ineficiente do condutor;Saída de leito carroçável;Com Vítimas Feridas;Pleno dia;Crescente;Chuva;Simples;"Aclive;Reta";Não;2;0;1;0;1;0;1;1;-14,731398;-39,341478;SPRF-BA;DEL05-BA;UOP01-DEL05-BA
712039;16/08/2025;sábado;16:30:00;SE;101;89,5;NOSSA SENHORA DO SOCORRO;Acessar a via sem observar a presença dos outros veículos;Colisão traseira;Com Vítimas Feridas;Pleno dia;Crescente;Céu Claro;Dupla;"Aclive;Reta";Não;2;0;1;0;1;0;1;2;-10,88695301;-37,13305799;SPRF-SE;DEL01-SE;UOP01-DEL01-SE
712041;05/07/2025;sábado;20:40:00;SC;101;129;BALNEARIO CAMBORIU;Condutor deixou de manter distância do veículo da frente;Colisão traseira;Com Vítimas Feridas;Anoitecer;Crescente;Nublado;Dupla;Curva;Sim;4;0;1;0;0;3;1;3;-26,97899001;-48,68137328;SPRF-SC;DEL04-SC;UOP03-DEL04-SC
712043;15/08/2025;sexta-feira;23:40:00;PR;369;238;JANDAIA DO SUL;Ultrapassagem Indevida;Colisão frontal;Com Vítimas Feridas;Plena Noite;Crescente;Céu Claro;Simples;Curva;Não;6;0;4;0;2;0;4;2;-23,655346;-51,683923;SPRF-PR;DEL09-PR;UOP01-DEL09-PR
712045;16/08/2025;sábado;16:10:00;SC;470;89;ASCURRA;Acessar a via sem observar a presença dos outros veículos;Colisão transversal;Com Vítimas Feridas;Pleno dia;Decrescente;Céu Claro;Simples;"Retorno Regulamentado;Reta";Não;3;0;0;2;1;0;2;2;-26,98363772;-49,37225215;SPRF-SC;DEL04-SC;UOP01-DEL04-SC
712046;16/08/2025;sábado;17:15:00;PE;101;185;PALMARES;Ausência de reação do condutor;Saída de leito carroçável;Sem Vítimas;Anoitecer;Decrescente;Céu Claro;Dupla;Curva;Não;1;0;0;0;0;1;0;1;-8,661516;-35,565017;SPRF-PE;DEL01-PE;UOP03-DEL01-PE
712047;16/08/2025;sábado;17:23:00;PI;343;1,8;TERESINA;Ausência de reação do condutor;Colisão traseira;Com Vítimas Feridas;Anoitecer;Decrescente;Céu Claro;Múltipla;Reta;Sim;2;0;1;0;1;0;1;2;-5,081416;-42,764789;SPRF-PI;DEL01-PI;UOP01-DEL01-PI
712048;28/07/2025;segunda-feira;07:00:00;PB;230;142,5;CAMPINA GRANDE;Demais falhas mecânicas ou elétricas;Colisão traseira;Com Vítimas Feridas;Pleno dia;Decrescente;Chuva;Dupla;Reta;Não;6;0;1;0;5;0;1;2;-7,255604;-35,824123;SPRF-PB;DEL02-PB;UOP01-DEL02-PB
712049;22/02/2025;sábado;07:00:00;PB;0;0;CAMPINA GRANDE;Acessar a via sem observar a presença dos outros veículos;Colisão transversal;Com Vítimas Feridas;Pleno dia;Não Informado;Céu Claro;Dupla;"Curva;Declive;Rotatória";Não;2;0;1;0;1;0;1;2;-7,281938;-35,769403;SPRF-PB;DEL02-PB;UOP01-DEL02-PB
712050;16/08/2025;sábado;17:50:00;SC;282;58,4;RANCHO QUEIMADO;Conversão proibida;Colisão lateral mesmo sentido;Com Vítimas Feridas;Anoitecer;Crescente;Chuva;Simples;"Aclive;Curva;Interseção de Vias";Sim;3;0;1;1;1;0;2;2;-27,6802;-49,0062;SPRF-SC;DEL01-SC;UOP03-DEL01-SC
712051;16/08/2025;sábado;17:20:00;DF;70;6;BRASILIA;Velocidade Incompatível;Engavetamento;Com Vítimas Feridas;Anoitecer;Crescente;Céu Claro;Dupla;Reta;Sim;6;0;1;0;5;0;1;3;-15,79123946;-48,10501009;SPRF-DF;DEL03-DF;UOP02-DEL03-DF
712052;16/08/2025;sábado;18:00:00;ES;101;134,3;LINHARES;Transitar na contramão;Colisão frontal;Com Vítimas Feridas;Plena Noite;Crescente;Céu Claro;Dupla;Reta;Não;3;0;1;1;0;1;2;2;-19,26907492;-40,08854274;SPRF-ES;DEL04-ES;UOP01-DEL04-ES
712053;16/08/2025;sábado;15:50:00;PR;153;3,8;JACAREZINHO;Acessar a via sem observar a presença dos outros veículos;Colisão transversal;Com Vítimas Feridas;Pleno dia;Crescente;Céu Claro;Simples;Reta;Não;6;0;2;0;4;0;2;2;-23,02564902;-49,9145118;SPRF-PR;DEL07-PR;UOP04-DEL07-PR
712055;16/08/2025;sábado;16:20:00;MA;135;4;SAO LUIS;Avarias e/ou desgaste excessivo no pneu;Tombamento;Com Vítimas Feridas;Pleno dia;Crescente;Céu Claro;Dupla;Reta;Sim;2;0;1;1;0;0;2;1;-2,6174;-44,25438;SPRF-MA;DEL01-MA;UOP01-DEL01-MA
712056;16/08/2025;sábado;18:00:00;ES;101;255;SERRA;Ingestão de álcool pelo condutor;Colisão transversal;Com Vítimas Feridas;Plena Noite;Crescente;Céu Claro;Simples;Reta;Sim;3;0;2;0;1;0;2;2;-20,118479;-40,31253;SPRF-ES;DEL02-ES;UOP01-DEL02-ES
712057;16/08/2025;sábado;18:00:00;RJ;101;256;RIO BONITO;Acesso irregular;Colisão lateral mesmo sentido;Com Vítimas Feridas;Plena Noite;Crescente;Nublado;Dupla;Reta;Não;2;0;0;1;1;0;1;2;-22,696091;-42,56808;SPRF-RJ;DEL02-RJ;UOP03-DEL02-RJ
712058;16/08/2025;sábado;16:30:00;SC;101;414,5;ARARANGUA;Manobra de mudança de faixa;Colisão lateral mesmo sentido;Com Vítimas Feridas;Pleno dia;Decrescente;Nublado;Dupla;Reta;Não;6;0;4;0;1;1;4;3;-28,95919176;-49,52404825;SPRF-SC;DEL02-SC;UOP02-DEL02-SC
712062;16/08/2025;sábado;18:00:00;PR;277;72;SAO JOSE DOS PINHAIS;Ingestão de álcool pelo condutor;Saída de leito carroçável;Sem Vítimas;Anoitecer;Crescente;Nublado;Dupla;Declive;Sim;1;0;0;0;0;1;0;1;-25,5062881;-49,14029472;SPRF-PR;DEL01-PR;UOP07-DEL01-PR
712063;16/08/2025;sábado;17:40:00;PR;277;79,4;CURITIBA;Trafegar com motocicleta (ou similar) entre as faixas;Colisão lateral mesmo sentido;Com Vítimas Feridas;Anoitecer;Crescente;Nublado;Dupla;Curva;Sim;2;0;1;0;1;0;1;2;-25,47573998;-49,20735447;SPRF-PR;DEL01-PR;UOP03-DEL01-PR
712064;16/08/2025;sábado;18:00:00;SC;116;58;PAPANDUVA;Acessar a via sem observar a presença dos outros veículos;Colisão transversal;Com Vítimas Feridas;Plena Noite;Crescente;Céu Claro;Simples;"Reta;Interseção de Vias";Sim;3;0;2;0;1;0;2;2;-26,3776964;-50,1976416;SPRF-SC;DEL06-SC;UOP02-DEL06-SC
712065;16/08/2025;sábado;18:10:00;PE;101;80,6;JABOATAO DOS GUARARAPES;Reação tardia ou ineficiente do condutor;Tombamento;Com Vítimas Feridas;Plena Noite;Decrescente;Nublado;Múltipla;"Curva;Retorno Regulamentado";Não;1;0;0;1;0;0;1;1;-8,156913;-34,941131;SPRF-PE;DEL01-PE;UOP01-DEL01-PE
712066;16/08/2025;sábado;18:20:00;PE;101;52;PAULISTA;Transitar na contramão;Colisão frontal;Com Vítimas Feridas;Plena Noite;Decrescente;Nublado;Dupla;Reta;Não;4;0;2;0;1;1;2;4;-7,92956741;-34,89901543;SPRF-PE;DEL01-PE;UOP02-DEL01-PE
712067;16/08/2025;sábado;18:00:00;PE;232;101;BEZERROS;Ausência de reação do condutor;Colisão traseira;Com Vítimas Feridas;Plena Noite;Crescente;Céu Claro;Simples;Reta;Sim;2;0;1;0;1;0;1;2;-8,23943;-35,74765;SPRF-PE;DEL02-PE;UOP03-DEL02-PE
712068;16/08/2025;sábado;18:45:00;SE;235;43,9;ITABAIANA;Animais na Pista;Atropelamento de Animal;Com Vítimas Feridas;Plena Noite;Decrescente;Nublado;Simples;Interseção de Vias;Não;2;0;1;1;0;0;2;1;-10,75646531;-37,39389595;SPRF-SE;DEL01-SE;UOP02-DEL01-SE
712069;16/08/2025;sábado;18:00:00;SP;116;282;EMBU DAS ARTES;Manobra de mudança de faixa;Colisão lateral mesmo sentido;Com Vítimas Feridas;Plena Noite;Decrescente;Céu Claro;Dupla;Reta;Não;3;0;1;0;2;0;1;3;-23,66102032;-46,85200029;SPRF-SP;DEL04-SP;UOP01-DEL04-SP
712070;16/08/2025;sábado;18:45:00;RS;116;266;CANOAS;Manobra de mudança de faixa;Tombamento;Com Vítimas Feridas;Plena Noite;Crescente;Céu Claro;Dupla;Reta;Sim;1;0;1;0;0;0;1;1;-29,9306159;-51,1776809;SPRF-RS;DEL01-RS;UOP01-DEL01-RS
712072;16/08/2025;sábado;19:05:00;PE;101;68,8;RECIFE;Pedestre cruzava a pista fora da faixa;Atropelamento de Pedestre;Com Vítimas Fatais;Plena Noite;Decrescente;Céu Claro;Múltipla;Reta;Sim;3;1;1;1;0;0;2;2;-8,05793845;-34,94619934;SPRF-PE;DEL01-PE;UOP01-DEL01-PE
712073;16/08/2025;sábado;18:40:00;AL;104;43,3;BRANQUINHA;Pedestre andava na pista;Atropelamento de Pedestre;Com Vítimas Feridas;Plena Noite;Decrescente;Céu Claro;Simples;Curva;Não;2;0;0;1;0;1;1;2;-9,23197346;-36,02491021;SPRF-AL;DEL01-AL;UOP02-DEL01-AL
712075;16/08/2025;sábado;17:20:00;SC;282;564,1;NOVA ERECHIM;Velocidade Incompatível;Tombamento;Com Vítimas Feridas;Pleno dia;Decrescente;Céu Claro;Simples;Retorno Regulamentado;Não;2;0;1;1;0;0;2;1;-26,9030378;-52,8691278;SPRF-SC;DEL07-SC;UOP02-DEL07-SC
712076;16/08/2025;sábado;19:15:00;ES;101;131,1;LINHARES;Demais falhas mecânicas ou elétricas;Colisão com objeto;Com Vítimas Feridas;Plena Noite;Crescente;Nublado;Simples;"Reta;Declive";Não;3;0;2;0;1;0;2;2;-19,24025776;-40,09160925;SPRF-ES;DEL04-ES;UOP01-DEL04-ES
712077;16/08/2025;sábado;18:50:00;RS;285;201,2;LAGOA VERMELHA;Desrespeitar a preferência no cruzamento;Colisão transversal;Com Vítimas Feridas;Plena Noite;Crescente;Céu Claro;Simples;"Rotatória;Reta";Sim;5;0;3;0;2;0;3;2;-28,20961469;-51,54491967;SPRF-RS;DEL08-RS;UOP05-DEL08-RS
712078;16/08/2025;sábado;18:52:00;SP;116;38;CACHOEIRA PAULISTA;Ausência de reação do condutor;Colisão com objeto;Com Vítimas Feridas;Pleno dia;Decrescente;Céu Claro;Dupla;"Curva;Declive";Sim;1;0;1;0;0;0;1;1;-22,6693375;-44,9898344;SPRF-SP;DEL08-SP;UOP02-DEL08-SP
712079;16/08/2025;sábado;17:30:00;PI;343;593,7;FLORIANO;Reação tardia ou ineficiente do condutor;Queda de ocupante de veículo;Com Vítimas Feridas;Anoitecer;Decrescente;Nublado;Simples;Reta;Sim;2;0;2;0;0;0;2;1;-6,784858;-43,04137;SPRF-PI;DEL03-PI;UOP01-DEL03-PI
712080;16/08/2025;sábado;19:15:00;RS;470;217;BENTO GONCALVES;Desrespeitar a preferência no cruzamento;Colisão transversal;Com Vítimas Feridas;Anoitecer;Decrescente;Céu Claro;Dupla;"Interseção de Vias;Reta";Não;8;0;2;0;6;0;2;2;-29,17508576;-51,5229791;SPRF-RS;DEL06-RS;UOP01-DEL06-RS
712084;16/08/2025;sábado;14:25:00;SC;282;628,4;IRACEMINHA;Demais falhas na via;Tombamento;Com Vítimas Feridas;Pleno dia;Decrescente;Sol;Simples;Declive;Não;1;0;0;1;0;0;1;1;-26,82039416;-53,37726831;SPRF-SC;DEL07-SC;UOP02-DEL07-SC
712085;16/08/2025;sábado;19:28:00;RN;405;147,2;PAU DOS FERROS;Ausência de reação do condutor;Saída de leito carroçável;Sem Vítimas;Plena Noite;Crescente;Céu Claro;Simples;Interseção de Vias;Não;1;0;0;0;1;0;0;1;-6,082475;-38,208733;SPRF-RN;DEL04-RN;UOP02-DEL04-RN
712086;16/08/2025;sábado;18:00:00;MG;381;926,6;ITAPEVA;Velocidade Incompatível;Saída de leito carroçável;Sem Vítimas;Anoitecer;Decrescente;Céu Claro;Dupla;"Aclive;Reta";Não;1;0;0;0;0;1;0;1;-22,76893079;-46,21097124;SPRF-MG;DEL16-MG;UOP03-DEL16-MG
712087;16/08/2025;sábado;11:35:00;BA;116;546;ITATIM;Acumulo de areia ou detritos sobre o pavimento;Colisão com objeto;Sem Vítimas;Pleno dia;Decrescente;Nublado;Simples;Reta;Não;2;0;0;0;2;0;0;1;-12,85463224;-39,84663879;SPRF-BA;DEL03-BA;UOP02-DEL03-BA
712088;16/08/2025;sábado;20:04:00;SC;282;19;PALHOCA;Ausência de reação do condutor;Colisão lateral mesmo sentido;Com Vítimas Feridas;Plena Noite;Crescente;Céu Claro;Simples;Reta;Não;3;0;3;0;0;0;3;2;-27,6808263;-48,70401129;SPRF-SC;DEL01-SC;UOP02-DEL01-SC
712089;16/08/2025;sábado;20:00:00;PB;230;215;MASSARANDUBA;Transitar na contramão;Colisão frontal;Com Vítimas Feridas;Plena Noite;Crescente;Céu Claro;Simples;Reta;Sim;2;0;0;1;0;1;1;2;-7,2540731;-35,8308339;SPRF-PB;DEL02-PB;UOP02-DEL02-PB
712090;16/08/2025;sábado;19:20:00;PR;163;246;TOLEDO;Ausência de reação do condutor;Colisão traseira;Sem Vítimas;Plena Noite;Crescente;Céu Claro;Dupla;Viaduto;Sim;2;0;0;0;2;0;0;2;-24,6930383;-53,743665;SPRF-PR;DEL06-PR;UOP02-DEL06-PR
712091;02/08/2025;sábado;02:00:00;SC;282;528;CORDILHEIRA ALTA;Ingestão de álcool pelo condutor;Saída de leito carroçável;Sem Vítimas;Plena Noite;Crescente;Céu Claro;Simples;Curva;Não;1;0;0;0;1;0;0;1;-26,97739808;-52,58823245;SPRF-SC;DEL07-SC;UOP01-DEL07-SC
712092;16/08/2025;sábado;19:08:00;RJ;356;4;ITAPERUNA;Condutor Dormindo;Saída de leito carroçável;Com Vítimas Feridas;Plena Noite;Crescente;Céu Claro;Simples;Reta;Não;1;0;1;0;0;0;1;1;-21,2467712;-41,7726464;SPRF-RJ;DEL08-RJ;UOP03-DEL08-RJ
712094;16/08/2025;sábado;20:10:00;SP;381;11;VARGEM;Ausência de reação do condutor;Colisão traseira;Sem Vítimas;Anoitecer;Crescente;Céu Claro;Dupla;Reta;Sim;3;0;0;0;3;0;0;2;-22,92835246;-46,46051142;SPRF-SP;DEL03-SP;UOP02-DEL03-SP
712095;16/08/2025;sábado;18:30:00;RJ;465;15;SEROPEDICA;Pedestre andava na pista;Atropelamento de Pedestre;Com Vítimas Feridas;Plena Noite;Crescente;Nublado;Dupla;Reta;Sim;2;0;0;1;1;0;1;2;-22,74386775;-43,70249145;SPRF-RJ;DEL06-RJ;UOP02-DEL06-RJ