id;data_inversa;dia_semana;horario;uf;br;km;municipio;causa_acidente;tipo_acidente;classificacao_acidente;fase_dia;sentido_via;condicao_metereologica;tipo_pista;tracado_via;uso_solo;pessoas;mortos;feridos_leves;feridos_graves;ilesos;ignorados;feridos;veiculos;latitude;longitude;regional;delegacia;uop
712097;16/08/2025;sábado;20:30:00;ES;101;258,5;SERRA;Ausência de reação do condutor;Colisão com objeto;Com Vítimas Feridas;Plena Noite;Crescente;Nublado;Dupla;"Curva;Declive";Sim;2;0;2;0;0;0;2;1;-20,13300171;-40,29359798;SPRF-ES;DEL02-ES;UOP01-DEL02-ES
712098;16/08/2025;sábado;15:00:00;RS;386;14,6;FREDERICO WESTPHALEN;Reação tardia ou ineficiente do condutor;Tombamento;Com Vítimas Fatais;Pleno dia;Decrescente;Céu Claro;Simples;Curva;Não;2;1;0;0;0;1;0;2;-27,238051;-53,327558;SPRF-RS;DEL08-RS;UOP02-DEL08-RS
712099;16/08/2025;sábado;18:25:00;RS;386;41,2;FREDERICO WESTPHALEN;Ausência de reação do condutor;Colisão frontal;Com Vítimas Feridas;Anoitecer;Decrescente;Céu Claro;Simples;Reta;Não;5;0;1;4;0;0;5;2;-27,414258;-53,416895;SPRF-RS;DEL08-RS;UOP02-DEL08-RS
712100;16/08/2025;sábado;20:00:00;SP;381;15;VARGEM;Avarias e/ou desgaste excessivo no pneu;Queda de ocupante de veículo;Com Vítimas Feridas;Plena Noite;Crescente;Céu Claro;Dupla;Reta;Sim;1;0;1;0;0;0;1;1;-22,91918782;-46,42684937;SPRF-SP;DEL03-SP;UOP02-DEL03-SP
712101;16/08/2025;sábado;20:00:00;SP;0;0;MIRASSOL;Ausência de reação do condutor;Colisão lateral mesmo sentido;Sem Vítimas;Plena Noite;Não Informado;Céu Claro;Simples;Reta;Não;2;0;0;0;1;1;0;2;-20,81719948;-49,50943708;SPRF-SP;DEL09-SP;UOP01-DEL09-SP
712103;16/08/2025;sábado;19:20:00;PR;163;144;CAPITAO LEONIDAS MARQUES;Ausência de reação do condutor;Tombamento;Com Vítimas Feridas;Plena Noite;Crescente;Céu Claro;Dupla;Reta;Não;1;0;1;0;0;0;1;1;-25,48295162;-53,59199499;SPRF-PR;DEL05-PR;UOP05-DEL05-PR
712104;16/08/2025;sábado;21:15:00;SP;116;231;SAO PAULO;Pedestre andava na pista;Atropelamento de Pedestre;Com Vítimas Fatais;Plena Noite;Crescente;Céu Claro;Múltipla;Reta;Sim;2;1;0;0;1;0;0;2;-23,52108005;-46,58433846;SPRF-SP;DEL01-SP;UOP01-DEL01-SP
712105;16/08/2025;sábado;18:00:00;AP;210;129;PORTO GRANDE;Reação tardia ou ineficiente do condutor;Saída de leito carroçável;Com Vítimas Feridas;Plena Noite;Decrescente;Céu Claro;Simples;"Aclive;Reta";Não;4;0;4;0;0;0;4;1;0,663535;-51,590298;SPRF-AP;DEL01-AP;UOP01-DEL01-AP
712107;16/08/2025;sábado;20:20:00;PI;343;263,5;CAMPO MAIOR;Transitar na contramão;Colisão frontal;Com Vítimas Feridas;Plena Noite;Decrescente;Céu Claro;Simples;Reta;Sim;2;0;0;1;1;0;1;2;-4,82370658;-42,16079503;SPRF-PI;DEL01-PI;UOP03-DEL01-PI
712108;16/08/2025;sábado;22:00:00;RJ;356;153;CAMPOS DOS GOYTACAZES;Ausência de reação do condutor;Colisão lateral mesmo sentido;Com Vítimas Feridas;Plena Noite;Decrescente;Céu Claro;Simples;Reta;Sim;2;0;1;0;1;0;1;2;-21,7921057;-41,2832105;SPRF-RJ;DEL08-RJ;UOP02-DEL08-RJ
712109;16/08/2025;sábado;21:40:00;PI;343;189;PIRIPIRI;Ingestão de álcool pelo condutor;Colisão com objeto;Com Vítimas Feridas;Plena Noite;Decrescente;Nublado;Simples;"Desvio Temporário;Reta";Não;1;0;1;0;0;0;1;1;-4,3153437;-41,77777648;SPRF-PI;DEL02-PI;UOP01-DEL02-PI
712111;16/08/2025;sábado;19:20:00;RJ;101;522,5;ANGRA DOS REIS;Ausência de reação do condutor;Queda de ocupante de veículo;Com Vítimas Feridas;Plena Noite;Crescente;Garoa/Chuvisco;Simples;Reta;Não;1;0;1;0;0;0;1;1;-23,004;-44,46561;SPRF-RJ;DEL03-RJ;UOP03-DEL03-RJ
712112;16/08/2025;sábado;22:20:00;SP;153;37,6;ONDA VERDE;Pista esburacada;Queda de ocupante de veículo;Com Vítimas Feridas;Plena Noite;Decrescente;Céu Claro;Simples;Reta;Não;2;0;1;0;1;0;1;1;-20,604655;-49,322662;SPRF-SP;DEL09-SP;UOP01-DEL09-SP
712113;16/08/2025;sábado;22:20:00;RJ;101;322;NITEROI;Ausência de reação do condutor;Colisão com objeto;Com Vítimas Feridas;Plena Noite;Decrescente;Céu Claro;Dupla;Reta;Não;1;0;1;0;0;0;1;1;-22,8818944;-43,1095808;SPRF-RJ;DEL02-RJ;UOP01-DEL02-RJ
712114;16/08/2025;sábado;22:41:00;TO;153;252;COLINAS DO TOCANTINS;Reação tardia ou ineficiente do condutor;Colisão traseira;Com Vítimas Feridas;Plena Noite;Crescente;Céu Claro;Simples;Reta;Não;4;0;4;0;0;0;4;2;-8,091725;-48,467622;SPRF-TO;DEL02-TO;UOP02-DEL02-TO
712116;16/08/2025;sábado;22:55:00;RJ;101;475;ANGRA DOS REIS;Ingestão de álcool pelo condutor;Colisão transversal;Com Vítimas Feridas;Plena Noite;Decrescente;Nublado;Simples;Curva;Não;7;0;4;0;2;1;4;3;-23,000914;-44,262955;SPRF-RJ;DEL03-RJ;UOP03-DEL03-RJ
712117;16/08/2025;sábado;19:20:00;BA;324;530;FEIRA DE SANTANA;Demais falhas na via;Capotamento;Com Vítimas Feridas;Plena Noite;Decrescente;Nublado;Simples;Curva;Sim;1;0;1;0;0;0;1;1;-12,3381681;-38,850021;SPRF-BA;DEL01-BA;UOP03-DEL01-BA
712118;16/08/2025;sábado;20:00:00;BA;116;605;IRAJUBA;Reação tardia ou ineficiente do condutor;Colisão com objeto;Com Vítimas Feridas;Plena Noite;Decrescente;Garoa/Chuvisco;Simples;Reta;Não;2;0;1;0;1;0;1;1;-13,30398;-40,026085;SPRF-BA;DEL03-BA;UOP02-DEL03-BA
712119;16/08/2025;sábado;23:00:00;SE;235;85,5;FREI PAULO;Desrespeitar a preferência no cruzamento;Colisão lateral mesmo sentido;Com Vítimas Feridas;Plena Noite;Crescente;Céu Claro;Simples;"Interseção de Vias;Reta";Não;8;0;0;1;7;0;1;2;-10,54370914;-37,64165998;SPRF-SE;DEL01-SE;UOP02-DEL01-SE
712122;16/08/2025;sábado;20:30:00;RJ;116;124;MAGE;Reação tardia ou ineficiente do condutor;Colisão traseira;Com Vítimas Fatais;Plena Noite;Crescente;Céu Claro;Dupla;Reta;Sim;5;1;0;1;2;1;1;2;-22,64511988;-43,06880569;SPRF-RJ;DEL04-RJ;UOP02-DEL04-RJ
712126;16/08/2025;sábado;23:40:00;PR;376;592;CURITIBA;Condutor Dormindo;Tombamento;Com Vítimas Feridas;Plena Noite;Crescente;Nublado;Dupla;Reta;Sim;1;0;1;0;0;0;1;1;-25,46759453;-49,35534954;SPRF-PR;DEL01-PR;UOP06-DEL01-PR
712127;16/08/2025;sábado;23:00:00;MG;262;37,5;MANHUACU;Reação tardia ou ineficiente do condutor;Colisão frontal;Com Vítimas Feridas;Plena Noite;Crescente;Céu Claro;Simples;Reta;Sim;2;0;1;0;0;1;1;2;-20,272982;-42,042121;SPRF-MG;DEL06-MG;UOP03-DEL06-MG
712128;16/08/2025;sábado;22:30:00;PE;232;507;SALGUEIRO;Transitar na contramão;Colisão frontal;Com Vítimas Feridas;Plena Noite;Decrescente;Céu Claro;Simples;Reta;Sim;34;0;7;1;26;0;8;2;-8,061558;-39,11671;SPRF-PE;DEL05-PE;UOP01-DEL05-PE
712129;16/08/2025;sábado;23:40:00;SC;101;85,9;BARRA VELHA;Ingestão de álcool pelo condutor;Colisão traseira;Com Vítimas Feridas;Plena Noite;Crescente;Nublado;Dupla;Reta;Sim;2;0;1;1;0;0;2;2;-26,63712518;-48,69671023;SPRF-SC;DEL03-SC;UOP02-DEL03-SC
712130;16/08/2025;sábado;22:15:00;RJ;101;293;ITABORAI;Manobra de mudança de faixa;Colisão lateral mesmo sentido;Com Vítimas Feridas;Pleno dia;Crescente;Nublado;Dupla;Reta;Não;3;0;2;0;0;1;2;2;-22,75703527;-42,89362907;SPRF-RJ;DEL02-RJ;UOP02-DEL02-RJ
712131;16/08/2025;sábado;23:00:00;MG;262;409,3;IGARATINGA;Velocidade Incompatível;Capotamento;Com Vítimas Feridas;Plena Noite;Crescente;Céu Claro;Dupla;Reta;Não;1;0;0;1;0;0;1;1;-19,88510851;-44,72756624;SPRF-MG;DEL08-MG;UOP03-DEL08-MG
712132;16/08/2025;sábado;22:15:00;MT;163;695;SORRISO;Acessar a via sem observar a presença dos outros veículos;Colisão transversal;Com Vítimas Feridas;Plena Noite;Decrescente;Céu Claro;Simples;Reta;Não;3;0;2;0;1;0;2;2;-13,015575;-55,892735;SPRF-MT;DEL06-MT;UOP01-DEL06-MT
712133;17/08/2025;domingo;00:20:00;PR;277;2;CURITIBA;Ausência de reação do condutor;Saída de leito carroçável;Sem Vítimas;Plena Noite;Decrescente;Céu Claro;Dupla;Reta;Sim;1;0;0;0;1;0;0;1;-25,4303978;-49,34825587;SPRF-PR;DEL01-PR;UOP06-DEL01-PR
712134;17/08/2025;domingo;01:00:00;ES;262;156,4;IBATIBA;Ingestão de álcool pelo condutor;Colisão frontal;Com Vítimas Feridas;Plena Noite;Decrescente;Céu Claro;Simples;Reta;Não;2;0;1;1;0;0;2;2;-20,23102766;-41,4815178;SPRF-ES;DEL01-ES;UOP02-DEL01-ES
712136;16/08/2025;sábado;21:50:00;RO;435;110;CEREJEIRAS;Condutor deixou de manter distância do veículo da frente;Colisão transversal;Com Vítimas Feridas;Plena Noite;Decrescente;Céu Claro;Simples;Retorno Regulamentado;Sim;2;0;1;0;1;0;1;2;-13,17771425;-60,82149267;SPRF-RO;DEL04-RO;UOP02-DEL04-RO
712138;16/08/2025;sábado;23:00:00;SC;470;136;RIO DO SUL;Ausência de reação do condutor;Saída de leito carroçável;Sem Vítimas;Plena Noite;Crescente;Céu Claro;Simples;"Reta;Declive";Não;1;0;0;0;1;0;0;1;-27,188621;-49,613485;SPRF-SC;DEL04-SC;UOP02-DEL04-SC
712139;17/08/2025;domingo;00:30:00;SC;101;148,8;ITAPEMA;Reação tardia ou ineficiente do condutor;Colisão traseira;Sem Vítimas;Plena Noite;Crescente;Céu Claro;Dupla;"Reta;Aclive;Viaduto";Sim;3;0;0;0;3;0;0;3;-27,10879782;-48,61364365;SPRF-SC;DEL04-SC;UOP03-DEL04-SC
712141;17/08/2025;domingo;01:10:00;MA;226;298;BARRA DO CORDA;Transitar na contramão;Colisão frontal;Com Vítimas Feridas;Plena Noite;Crescente;Céu Claro;Simples;Reta;Sim;3;0;1;1;0;1;2;3;-5,50194075;-45,23556769;SPRF-MA;DEL06-MA;UOP01-DEL06-MA
712142;17/08/2025;domingo;00:35:00;MA;10;142;PORTO FRANCO;Ausência de reação do condutor;Saída de leito carroçável;Com Vítimas Feridas;Plena Noite;Decrescente;Céu Claro;Simples;Reta;Não;9;0;0;3;6;0;3;1;-6,477172;-47,392863;SPRF-MA;DEL04-MA;UOP02-DEL04-MA
712144;17/08/2025;domingo;02:00:00;PR;373;262;PRUDENTOPOLIS;Ausência de reação do condutor;Colisão frontal;Com Vítimas Feridas;Plena Noite;Crescente;Céu Claro;Simples;Reta;Sim;2;0;0;1;1;0;1;2;-25,201186;-50,9621255;SPRF-PR;DEL08-PR;UOP01-DEL08-PR
712145;17/08/2025;domingo;00:50:00;MG;381;686,1;LAVRAS;Reação tardia ou ineficiente do condutor;Colisão com objeto;Com Vítimas Feridas;Plena Noite;Crescente;Céu Claro;Dupla;Curva;Não;3;0;1;0;2;0;1;1;-21,172258;-45,126142;SPRF-MG;DEL04-MG;UOP02-DEL04-MG
712149;17/08/2025;domingo;02:36:00;GO;60;109;GOIANAPOLIS;Ausência de reação do condutor;Colisão traseira;Com Vítimas Feridas;Plena Noite;Crescente;Céu Claro;Dupla;Declive;Não;4;0;2;0;2;0;2;2;-16,448126;-49,025217;SPRF-GO;DEL01-GO;UOP01-DEL01-GO
712150;16/08/2025;sábado;21:30:00;PR;163;147,8;SANTA LUCIA;Condutor Dormindo;Tombamento;Com Vítimas Feridas;Pleno dia;Crescente;Céu Claro;Simples;Reta;Não;2;0;1;1;0;0;2;1;-25,41312;-53,57348;SPRF-PR;DEL05-PR;UOP05-DEL05-PR
712151;17/08/2025;domingo;02:00:00;PI;343;0,7;TERESINA;Avarias e/ou desgaste excessivo no pneu;Tombamento;Com Vítimas Feridas;Plena Noite;Decrescente;Céu Claro;Múltipla;Reta;Sim;2;0;1;0;1;0;1;1;-5,07989757;-42,7554515;SPRF-PI;DEL01-PI;UOP01-DEL01-PI
712152;17/08/2025;domingo;00:45:00;CE;222;2;FORTALEZA;Ingestão de álcool pelo condutor;Colisão traseira;Com Vítimas Feridas;Plena Noite;Crescente;Céu Claro;Simples;Reta;Sim;2;0;0;1;1;0;1;2;-3,73950297;-38,59151602;SPRF-CE;DEL01-CE;UOP01-DEL01-CE
712154;17/08/2025;domingo;04:15:00;SC;280;56,9;GUARAMIRIM;Ingestão de álcool pelo condutor;Queda de ocupante de veículo;Com Vítimas Feridas;Plena Noite;Crescente;Nevoeiro/Neblina;Simples;Reta;Não;1;0;1;0;0;0;1;1;-26,47853;-49,011743;SPRF-SC;DEL03-SC;UOP03-DEL03-SC
712155;17/08/2025;domingo;03:00:00;MG;381;267;ANTONIO DIAS;Velocidade Incompatível;Colisão com objeto;Com Vítimas Feridas;Plena Noite;Crescente;Céu Claro;Simples;Curva;Não;1;0;1;0;0;0;1;1;-19,53867969;-42,68126249;SPRF-MG;DEL03-MG;UOP02-DEL03-MG
712156;17/08/2025;domingo;04:00:00;RJ;101;72,8;CAMPOS DOS GOYTACAZES;Transitar na contramão;Colisão frontal;Com Vítimas Feridas;Plena Noite;Decrescente;Nublado;Simples;Reta;Não;2;0;0;1;0;1;1;2;-21,797911;-41,393435;SPRF-RJ;DEL08-RJ;UOP02-DEL08-RJ
712158;17/08/2025;domingo;04:15:00;MS;163;475,9;CAMPO GRANDE;Velocidade Incompatível;Tombamento;Com Vítimas Feridas;Plena Noite;Decrescente;Céu Claro;Simples;"Rotatória;Reta";Sim;1;0;0;1;0;0;1;1;-20,51323337;-54,56184983;SPRF-MS;DEL01-MS;UOP01-DEL01-MS
712159;17/08/2025;domingo;05:25:00;DF;20;15;BRASILIA;Objeto estático sobre o leito carroçável;Colisão com objeto;Sem Vítimas;Plena Noite;Decrescente;Ignorado;Dupla;"Desvio Temporário;Em Obras";Não;1;0;0;0;1;0;0;1;-15,6292803;-47,731245;SPRF-DF;DEL02-DF;UOP01-DEL02-DF
712161;16/08/2025;sábado;21:00:00;MA;222;209;ITAPECURU MIRIM;Ultrapassagem Indevida;Colisão frontal;Com Vítimas Feridas;Plena Noite;Decrescente;Céu Claro;Simples;Reta;Sim;2;0;0;1;1;0;1;2;-3,3791;-44,376693;SPRF-MA;DEL01-MA;UOP02-DEL01-MA
712162;17/08/2025;domingo;04:40:00;ES;262;36;DOMINGOS MARTINS;Neblina;Colisão lateral sentido oposto;Sem Vítimas;Amanhecer;Decrescente;Nevoeiro/Neblina;Simples;Curva;Não;2;0;0;0;2;0;0;2;-20,381092;-40,604513;SPRF-ES;DEL01-ES;UOP01-DEL01-ES
712163;17/08/2025;domingo;05:00:00;ES;101;138,7;LINHARES;Reação tardia ou ineficiente do condutor;Tombamento;Com Vítimas Feridas;Amanhecer;Decrescente;Céu Claro;Múltipla;Reta;Sim;1;0;1;0;0;0;1;1;-19,30813706;-40,08077966;SPRF-ES;DEL04-ES;UOP01-DEL04-ES
712164;17/08/2025;domingo;05:30:00;ES;101;139,3;LINHARES;Reação tardia ou ineficiente do condutor;Tombamento;Com Vítimas Feridas;Amanhecer;Decrescente;Céu Claro;Múltipla;Reta;Não;1;0;1;0;0;0;1;1;-19,31042738;-40,0794972;SPRF-ES;DEL04-ES;UOP01-DEL04-ES
712166;17/08/2025;domingo;05:20:00;MG;40;39;PARACATU;Acessar a via sem observar a presença dos outros veículos;Atropelamento de Pedestre;Com Vítimas Feridas;Amanhecer;Decrescente;Céu Claro;Simples;Reta;Sim;2;0;1;1;0;0;2;2;-17,21081062;-46,88511014;SPRF-MG;DEL14-MG;UOP01-DEL14-MG
712167;17/08/2025;domingo;03:30:00;PE;104;78,3;AGRESTINA;Ingestão de álcool pelo condutor;Queda de ocupante de veículo;Com Vítimas Fatais;Plena Noite;Crescente;Céu Claro;Simples;"Aclive;Reta";Não;1;1;0;0;0;0;0;1;-8,3870475;-35,9778672;SPRF-PE;DEL02-PE;UOP01-DEL02-PE
712168;17/08/2025;domingo;04:50:00;SC;101;136;BALNEARIO CAMBORIU;Ingestão de álcool pelo condutor;Colisão traseira;Com Vítimas Feridas;Plena Noite;Decrescente;Nublado;Múltipla;Reta;Sim;2;0;1;0;1;0;1;2;-27,00667881;-48,62068176;SPRF-SC;DEL04-SC;UOP03-DEL04-SC
712169;17/08/2025;domingo;04:20:00;PR;277;719,1;FOZ DO IGUACU;Ausência de reação do condutor;Saída de leito carroçável;Com Vítimas Fatais;Plena Noite;Crescente;Céu Claro;Dupla;Reta;Não;1;1;0;0;0;0;0;1;-25,48618192;-54,50016471;SPRF-PR;DEL05-PR;UOP03-DEL05-PR
712170;17/08/2025;domingo;03:10:00;SC;101;427,5;SOMBRIO;Reação tardia ou ineficiente do condutor;Saída de leito carroçável;Com Vítimas Feridas;Plena Noite;Crescente;Ignorado;Dupla;Reta;Não;2;0;2;0;0;0;2;1;-29,041;-49,612;SPRF-SC;DEL02-SC;UOP02-DEL02-SC
712171;17/08/2025;domingo;05:30:00;RS;471;171,7;RIO PARDO;Transitar na contramão;Colisão frontal;Com Vítimas Feridas;Plena Noite;Crescente;Nevoeiro/Neblina;Simples;Declive;Não;3;0;3;0;0;0;3;2;-29,96073487;-52,3707962;SPRF-RS;DEL02-RS;UOP03-DEL02-RS
712172;17/08/2025;domingo;06:40:00;SC;101;205,3;SAO JOSE;Reação tardia ou ineficiente do condutor;Queda de ocupante de veículo;Com Vítimas Feridas;Pleno dia;Crescente;Céu Claro;Simples;Reta;Sim;2;0;0;1;0;1;1;1;-27,586378;-48,617433;SPRF-SC;DEL01-SC;UOP01-DEL01-SC
712174;17/08/2025;domingo;04:00:00;SC;101;425,5;ARARANGUA;Ingestão de álcool pelo condutor;Saída de leito carroçável;Sem Vítimas;Plena Noite;Decrescente;Céu Claro;Simples;Reta;Não;1;0;0;0;1;0;0;1;-29,0300533;-49,6035382;SPRF-SC;DEL02-SC;UOP02-DEL02-SC
712176;17/08/2025;domingo;06:38:00;GO;40;10;VALPARAISO DE GOIAS;Mal súbito do condutor;Queda de ocupante de veículo;Com Vítimas Feridas;Pleno dia;Decrescente;Céu Claro;Dupla;Reta;Sim;1;0;1;0;0;0;1;1;-16,12190436;-47,96361119;SPRF-DF;DEL01-DF;UOP01-DEL01-DF
712177;17/08/2025;domingo;06:50:00;SP;116;165;JACAREI;Condutor deixou de manter distância do veículo da frente;Colisão traseira;Sem Vítimas;Pleno dia;Decrescente;Céu Claro;Múltipla;Reta;Sim;2;0;0;0;2;0;0;2;-23,2963343;-46,0076196;SPRF-SP;DEL02-SP;UOP01-DEL02-SP
712178;17/08/2025;domingo;06:50:00;RJ;116;182;NOVA IGUACU;Reação tardia ou ineficiente do condutor;Queda de ocupante de veículo;Com Vítimas Feridas;Amanhecer;Crescente;Céu Claro;Dupla;Reta;Não;1;0;1;0;0;0;1;1;-22,73823419;-43,48174875;SPRF-RJ;DEL06-RJ;UOP01-DEL06-RJ
712179;17/08/2025;domingo;06:56:00;TO;153;270;BRASILANDIA DO TOCANTINS;Condutor Dormindo;Saída de leito carroçável;Com Vítimas Feridas;Pleno dia;Crescente;Céu Claro;Simples;Reta;Não;1;0;1;0;0;0;1;1;-8,26710396;-48,46810576;SPRF-TO;DEL02-TO;UOP02-DEL02-TO
712180;16/08/2025;sábado;18:40:00;RJ;116;179;MESQUITA;Acessar a via sem observar a presença dos outros veículos;Atropelamento de Pedestre;Com Vítimas Fatais;Plena Noite;Decrescente;Céu Claro;Dupla;Reta;Sim;2;1;0;0;0;1;0;2;-22,769212;-43,409404;SPRF-RJ;DEL06-RJ;UOP01-DEL06-RJ
712181;17/08/2025;domingo;05:48:00;BA;101;932;NOVA VICOSA;Ultrapassagem Indevida;Colisão frontal;Com Vítimas Feridas;Plena Noite;Decrescente;Nublado;Simples;Reta;Não;5;0;3;1;0;1;4;2;-17,97077411;-39,8587516;SPRF-BA;DEL09-BA;UOP02-DEL09-BA
712182;17/08/2025;domingo;05:00:00;SC;101;366,9;ICARA;Pedestre cruzava a pista fora da faixa;Atropelamento de Pedestre;Com Vítimas Fatais;Plena Noite;Decrescente;Céu Claro;Dupla;"Curva;Declive";Não;6;1;1;1;2;1;2;3;-28,69721321;-49,17549133;SPRF-SC;DEL02-SC;UOP01-DEL02-SC
712183;17/08/2025;domingo;04:25:00;SP;116;60,4;GUARATINGUETA;Ausência de reação do condutor;Colisão traseira;Com Vítimas Feridas;Plena Noite;Crescente;Céu Claro;Dupla;Rotatória;Não;3;0;1;1;0;1;2;2;-22,79269515;-45,16387073;SPRF-SP;DEL08-SP;UOP01-DEL08-SP
712184;17/08/2025;domingo;03:40:00;PB;104;102,3;SAO SEBASTIAO DE LAGOA DE  ROCA;Animais na Pista;Atropelamento de Animal;Com Vítimas Fatais;Plena Noite;Decrescente;Chuva;Simples;Reta;Não;3;1;0;2;0;0;2;1;-7,066083;-35,855223;SPRF-PB;DEL02-PB;UOP04-DEL02-PB
712185;17/08/2025;domingo;05:50:00;RO;364;497,1;ARIQUEMES;Ausência de reação do condutor;Saída de leito carroçável;Sem Vítimas;Plena Noite;Decrescente;Céu Claro;Simples;Reta;Não;1;0;0;0;0;1;0;1;-10,053645;-62,974108;SPRF-RO;DEL03-RO;UOP01-DEL03-RO
712186;17/08/2025;domingo;04:50:00;MT;163;833;SINOP;Ausência de reação do condutor;Colisão com objeto;Sem Vítimas;Plena Noite;Decrescente;Céu Claro;Dupla;"Em Obras;Reta";Sim;2;0;0;0;0;2;0;1;-11,87336707;-55,49841285;SPRF-MT;DEL06-MT;UOP02-DEL06-MT
712187;07/08/2025;quinta-feira;17:15:00;SC;101;202,8;SAO JOSE;Reação tardia ou ineficiente do condutor;Colisão lateral mesmo sentido;Com Vítimas Feridas;Pleno dia;Crescente;Céu Claro;Dupla;Reta;Sim;3;0;0;1;1;1;1;3;-27,562759;-48,615858;SPRF-SC;DEL01-SC;UOP01-DEL01-SC
712188;16/08/2025;sábado;22:20:00;MG;381;579,2;CARMOPOLIS DE MINAS;Avarias e/ou desgaste excessivo no pneu;Saída de leito carroçável;Com Vítimas Feridas;Plena Noite;Crescente;Céu Claro;Dupla;"Curva;Aclive";Não;1;0;1;0;0;0;1;1;-20,47830245;-44,58566414;SPRF-MG;DEL04-MG;UOP01-DEL04-MG
712189;01/08/2025;sexta-feira;19:42:00;CE;402;252,9;ITAPIPOCA;Animais na Pista;Atropelamento de Animal;Com Vítimas Feridas;Plena Noite;Decrescente;Céu Claro;Simples;Declive;Não;1;0;0;1;0;0;1;1;-3,463015;-39,656641;SPRF-CE;DEL01-CE;UOP03-DEL01-CE
712190;17/08/2025;domingo;08:00:00;RJ;40;120;DUQUE DE CAXIAS;Animais na Pista;Atropelamento de Animal;Com Vítimas Feridas;Pleno dia;Decrescente;Céu Claro;Múltipla;Reta;Sim;2;0;2;0;0;0;2;1;-22,777413;-43,285637;SPRF-RJ;DEL01-RJ;UOP02-DEL01-RJ
712192;17/08/2025;domingo;07:50:00;GO;414;440;ANAPOLIS;Velocidade Incompatível;Colisão com objeto;Sem Vítimas;Pleno dia;Crescente;Sol;Simples;"Interseção de Vias;Rotatória;Reta";Sim;1;0;0;0;0;1;0;1;-16,28494;-48,943277;SPRF-GO;DEL02-GO;UOP01-DEL02-GO
712194;17/08/2025;domingo;07:45:00;PB;230;135,9;MASSARANDUBA;Reação tardia ou ineficiente do condutor;Saída de leito carroçável;Com Vítimas Feridas;Pleno dia;Crescente;Nublado;Dupla;Reta;Não;4;0;1;2;1;0;3;1;-7,277175;-35,772607;SPRF-PB;DEL02-PB;UOP01-DEL02-PB
712195;17/08/2025;domingo;08:10:00;CE;116;11;FORTALEZA;Ingestão de álcool pelo condutor;Colisão traseira;Com Vítimas Feridas;Pleno dia;Decrescente;Céu Claro;Múltipla;Reta;Sim;3;0;1;1;1;0;2;2;-3,86597209;-38,49751406;SPRF-CE;DEL01-CE;UOP02-DEL01-CE
712196;17/08/2025;domingo;04:00:00;PB;104;101,3;SAO SEBASTIAO DE LAGOA DE  ROCA;Reação tardia ou ineficiente do condutor;Saída de leito carroçável;Com Vítimas Feridas;Plena Noite;Decrescente;Chuva;Simples;"Curva;Declive";Não;2;0;2;0;0;0;2;1;-7,054702;-35,854098;SPRF-PB;DEL02-PB;UOP04-DEL02-PB
712197;17/08/2025;domingo;07:30:00;BA;101;695;EUNAPOLIS;Reação tardia ou ineficiente do condutor;Capotamento;Com Vítimas Feridas;Pleno dia;Crescente;Céu Claro;Simples;Reta;Não;5;0;4;1;0;0;5;1;-16,24702042;-39,60056305;SPRF-BA;DEL09-BA;UOP01-DEL09-BA
712198;17/08/2025;domingo;08:30:00;BA;324;624;SALVADOR;Ausência de reação do condutor;Colisão traseira;Com Vítimas Feridas;Pleno dia;Crescente;Chuva;Múltipla;"Viaduto;Reta";Sim;2;0;1;0;1;0;1;2;-12,943535;-38,470517;SPRF-BA;DEL01-BA;UOP01-DEL01-BA
712201;17/08/2025;domingo;08:20:00;PR;272;564,9;GUAIRA;Ausência de reação do condutor;Engavetamento;Com Vítimas Feridas;Pleno dia;Crescente;Céu Claro;Simples;Reta;Não;17;0;3;0;14;0;3;5;-24,09697119;-54,20950413;SPRF-PR;DEL06-PR;UOP01-DEL06-PR
712202;17/08/2025;domingo;04:50:00;MG;459;95,6;POUSO ALEGRE;Velocidade Incompatível;Colisão com objeto;Com Vítimas Feridas;Plena Noite;Decrescente;Céu Claro;Simples;"Curva;Aclive";Não;1;0;1;0;0;0;1;1;-22,18461045;-45,98829243;SPRF-MG;DEL09-MG;UOP01-DEL09-MG
712203;17/08/2025;domingo;08:00:00;PA;155;313;MARABA;Reação tardia ou ineficiente do condutor;Colisão lateral mesmo sentido;Com Vítimas Feridas;Pleno dia;Crescente;Céu Claro;Simples;Reta;Não;5;0;1;0;4;0;1;2;-5,634787;-49,102817;SPRF-PA;DEL03-PA;UOP01-DEL03-PA
712205;17/08/2025;domingo;09:00:00;RS;116;223,6;DOIS IRMAOS;Acessar a via sem observar a presença dos outros veículos;Colisão transversal;Com Vítimas Feridas;Pleno dia;Crescente;Céu Claro;Simples;Reta;Sim;4;0;1;0;3;0;1;3;-29,58754608;-51,10065222;SPRF-RS;DEL01-RS;UOP02-DEL01-RS
712207;16/08/2025;sábado;18:30:00;GO;60;397;RIO VERDE;Ingestão de álcool pelo condutor;Colisão com objeto;Com Vítimas Feridas;Anoitecer;Crescente;Céu Claro;Dupla;"Reta;Declive";Não;2;0;2;0;0;0;2;1;-17,822077;-51,041988;SPRF-GO;DEL04-GO;UOP02-DEL04-GO
712209;17/08/2025;domingo;09:15:00;ES;101;214;IBIRACU;Conversão proibida;Colisão lateral mesmo sentido;Com Vítimas Feridas;Pleno dia;Crescente;Céu Claro;Simples;"Retorno Regulamentado;Curva";Sim;2;0;1;0;1;0;1;2;-19,83033722;-40,37946431;SPRF-ES;DEL02-ES;UOP01-DEL02-ES