id;data_inversa;dia_semana;horario;uf;br;km;municipio;causa_acidente;tipo_acidente;classificacao_acidente;fase_dia;sentido_via;condicao_metereologica;tipo_pista;tracado_via;uso_solo;pessoas;mortos;feridos_leves;feridos_graves;ilesos;ignorados;feridos;veiculos;latitude;longitude;regional;delegacia;uop
712210;28/07/2025;segunda-feira;13:29:00;BA;324;622;SALVADOR;Conversão proibida;Queda de ocupante de veículo;Com Vítimas Feridas;Pleno dia;Decrescente;Céu Claro;Múltipla;Reta;Sim;1;0;1;0;0;0;1;1;-12,92683828;-38,46812367;SPRF-BA;DEL01-BA;UOP01-DEL01-BA
712212;17/08/2025;domingo;09:30:00;SP;116;163;JACAREI;Demais falhas mecânicas ou elétricas;Tombamento;Com Vítimas Feridas;Pleno dia;Decrescente;Céu Claro;Dupla;Reta;Não;2;0;1;1;0;0;2;1;-23,28962;-45,996821;SPRF-SP;DEL02-SP;UOP01-DEL02-SP
712213;17/08/2025;domingo;03:00:00;MT;163;751;SORRISO;Ausência de reação do condutor;Saída de leito carroçável;Com Vítimas Feridas;Plena Noite;Decrescente;Céu Claro;Dupla;Reta;Sim;1;0;1;0;0;0;1;1;-12,561033;-55,719877;SPRF-MT;DEL06-MT;UOP01-DEL06-MT
712214;17/08/2025;domingo;10:00:00;BA;324;624;SALVADOR;Ausência de reação do condutor;Colisão traseira;Com Vítimas Feridas;Pleno dia;Crescente;Chuva;Dupla;Reta;Sim;2;0;1;0;1;0;1;2;-12,95454238;-38,4713316;SPRF-BA;DEL01-BA;UOP01-DEL01-BA
712215;17/08/2025;domingo;05:00:00;SC;153;17,8;AGUA DOCE;Mal súbito do condutor;Saída de leito carroçável;Com Vítimas Fatais;Plena Noite;Crescente;Céu Claro;Simples;"Aclive;Reta";Não;1;1;0;0;0;0;0;1;-26,714129;-51,613702;SPRF-SC;DEL07-SC;UOP07-DEL07-SC
712216;17/08/2025;domingo;09:30:00;GO;50;291;CATALAO;Ingestão de álcool pelo condutor;Colisão com objeto;Sem Vítimas;Pleno dia;Decrescente;Céu Claro;Dupla;Reta;Não;1;0;0;0;1;0;0;1;-18,256145;-47,99858;SPRF-GO;DEL06-GO;UOP01-DEL06-GO
712217;17/08/2025;domingo;09:33:00;MA;135;8,5;SAO LUIS;Retorno proibido;Colisão transversal;Com Vítimas Feridas;Pleno dia;Decrescente;Céu Claro;Dupla;Reta;Sim;5;0;1;1;3;0;2;2;-2,646498;-44,276207;SPRF-MA;DEL01-MA;UOP01-DEL01-MA
712218;17/08/2025;domingo;09:00:00;PE;232;77;GRAVATA;Transitar na contramão;Colisão frontal;Com Vítimas Feridas;Pleno dia;Crescente;Sol;Simples;Reta;Sim;4;0;2;0;2;0;2;2;-8,1939;-35,55283;SPRF-PE;DEL02-PE;UOP02-DEL02PE
712219;17/08/2025;domingo;09:50:00;SC;470;145;RIO DO SUL;Ausência de reação do condutor;Saída de leito carroçável;Com Vítimas Feridas;Pleno dia;Crescente;Nublado;Simples;Reta;Sim;1;0;1;0;0;0;1;1;-27,23355579;-49,67374992;SPRF-SC;DEL04-SC;UOP02-DEL04-SC
712220;17/08/2025;domingo;09:30:00;MG;116;773,5;LEOPOLDINA;Condutor deixou de manter distância do veículo da frente;Colisão traseira;Com Vítimas Feridas;Pleno dia;Crescente;Nublado;Simples;"Aclive;Curva";Não;2;0;0;1;1;0;1;2;-21,57868;-42,684484;SPRF-MG;DEL07-MG;UOP01-DEL07-MG
712221;17/08/2025;domingo;10:40:00;GO;70;2,8;AGUAS LINDAS DE GOIAS;Ausência de reação do condutor;Colisão traseira;Com Vítimas Feridas;Pleno dia;Decrescente;Céu Claro;Dupla;Reta;Sim;2;0;1;0;1;0;1;2;-15,76143059;-48,23860645;SPRF-DF;DEL03-DF;UOP02-DEL03-DF
712224;17/08/2025;domingo;11:10:00;RJ;101;323;NITEROI;Ausência de reação do condutor;Colisão traseira;Com Vítimas Feridas;Pleno dia;Crescente;Céu Claro;Simples;"Ponte;Reta";Sim;2;0;1;0;1;0;1;2;-22,87744046;-43,11687469;SPRF-RJ;DEL02-RJ;UOP01-DEL02-RJ
712228;17/08/2025;domingo;06:30:00;PR;158;384,6;MARQUINHO;Condutor Dormindo;Saída de leito carroçável;Com Vítimas Fatais;Pleno dia;Decrescente;Céu Claro;Simples;"Curva;Declive";Não;2;2;0;0;0;0;0;1;-25,233;-52,28;SPRF-PR;DEL04-PR;UOP02-DEL04-PR
712229;17/08/2025;domingo;12:15:00;MG;459;74,2;SENADOR JOSE BENTO;Velocidade Incompatível;Tombamento;Com Vítimas Feridas;Pleno dia;Crescente;Céu Claro;Simples;"Curva;Aclive";Não;1;0;0;1;0;0;1;1;-22,130075;-46,146306;SPRF-MG;DEL09-MG;UOP01-DEL09-MG
712230;17/08/2025;domingo;10:40:00;MG;381;444;SANTA LUZIA;Ausência de reação do condutor;Tombamento;Com Vítimas Feridas;Pleno dia;Crescente;Céu Claro;Simples;"Declive;Curva";Sim;2;0;2;0;0;0;2;1;-19,81124003;-43,79544005;SPRF-MG;DEL01-MG;UOP01-DEL01-MG
712231;17/08/2025;domingo;10:50:00;SC;280;154,8;MAFRA;Ultrapassagem Indevida;Colisão frontal;Com Vítimas Feridas;Pleno dia;Decrescente;Céu Claro;Simples;"Curva;Aclive";Não;6;0;1;1;4;0;2;2;-26,21253;-49,72458;SPRF-SC;DEL06-SC;UOP03-DEL06-SC
712233;17/08/2025;domingo;12:40:00;SC;101;159,8;PORTO BELO;Pedestre cruzava a pista fora da faixa;Atropelamento de Pedestre;Com Vítimas Fatais;Pleno dia;Decrescente;Céu Claro;Dupla;Reta;Sim;2;1;0;0;1;0;0;2;-27,20559;-48,61822;SPRF-SC;DEL04-SC;UOP03-DEL04-SC
712234;08/07/2025;terça-feira;11:50:00;ES;101;150;LINHARES;Manobra de mudança de faixa;Colisão lateral mesmo sentido;Com Vítimas Feridas;Pleno dia;Decrescente;Céu Claro;Simples;Curva;Sim;2;0;0;1;1;0;1;2;-19,404295;-40,060675;SPRF-ES;DEL04-ES;UOP01-DEL04-ES
712235;17/08/2025;domingo;13:05:00;ES;101;179,7;LINHARES;Ausência de reação do condutor;Saída de leito carroçável;Com Vítimas Feridas;Pleno dia;Crescente;Céu Claro;Simples;Reta;Não;1;0;1;0;0;0;1;1;-19,61914043;-40,21744734;SPRF-ES;DEL04-ES;UOP01-DEL04-ES
712236;17/08/2025;domingo;13:20:00;RS;116;253;SAPUCAIA DO SUL;Reação tardia ou ineficiente do condutor;Colisão traseira;Com Vítimas Feridas;Pleno dia;Crescente;Céu Claro;Simples;Reta;Sim;3;0;1;1;1;0;2;2;-29,816076;-51,169716;SPRF-RS;DEL01-RS;UOP02-DEL01-RS
712237;17/08/2025;domingo;13:30:00;SC;101;123;ITAJAI;Ausência de reação do condutor;Colisão lateral mesmo sentido;Com Vítimas Feridas;Pleno dia;Decrescente;Céu Claro;Dupla;"Reta;Em Obras";Não;2;0;1;0;0;1;1;2;-26,93849278;-48,69676061;SPRF-SC;DEL04-SC;UOP04-DEL04-SC
712238;17/08/2025;domingo;10:13:00;MA;0;0;IMPERATRIZ;Desrespeitar a preferência no cruzamento;Colisão transversal;Com Vítimas Feridas;Pleno dia;Não Informado;Céu Claro;Simples;"Interseção de Vias;Reta";Sim;5;0;0;1;4;0;1;2;-5,523366;-47,47892;SPRF-MA;DEL04-MA;UOP01-DEL04-MA
712239;17/08/2025;domingo;13:30:00;SC;101;121;ITAJAI;Condutor deixou de manter distância do veículo da frente;Colisão traseira;Com Vítimas Feridas;Pleno dia;Crescente;Céu Claro;Múltipla;Reta;Sim;2;0;1;0;1;0;1;2;-26,92636309;-48,70706821;SPRF-SC;DEL04-SC;UOP04-DEL04-SC
712240;30/06/2025;segunda-feira;22:20:00;ES;101;123,5;SOORETAMA;Ausência de reação do condutor;Colisão lateral mesmo sentido;Com Vítimas Feridas;Plena Noite;Decrescente;Céu Claro;Simples;"Reta;Declive";Não;2;0;1;1;0;0;2;2;-19,1707098;-40,08828445;SPRF-ES;DEL04-ES;UOP01-DEL04-ES
712241;17/08/2025;domingo;14:30:00;RJ;101;313;SAO GONCALO;Transitar na contramão;Colisão frontal;Com Vítimas Feridas;Pleno dia;Crescente;Céu Claro;Simples;Viaduto;Sim;2;0;1;0;1;0;1;2;-22,81178499;-43,07211089;SPRF-RJ;DEL02-RJ;UOP02-DEL02-RJ
712242;17/08/2025;domingo;13:30:00;SC;101;123;ITAJAI;Condutor deixou de manter distância do veículo da frente;Colisão traseira;Com Vítimas Feridas;Pleno dia;Crescente;Céu Claro;Dupla;"Reta;Em Obras;Viaduto";Não;3;0;1;1;1;0;2;2;-26,93801455;-48,69751163;SPRF-SC;DEL04-SC;UOP04-DEL04-SC
712243;17/08/2025;domingo;08:30:00;MA;10;250;IMPERATRIZ;Ausência de reação do condutor;Colisão lateral mesmo sentido;Com Vítimas Feridas;Pleno dia;Decrescente;Céu Claro;Simples;Reta;Não;3;0;1;0;2;0;1;2;-5,542508;-47,465342;SPRF-MA;DEL04-MA;UOP01-DEL04-MA
712244;17/08/2025;domingo;14:55:00;MG;40;793,1;JUIZ DE FORA;Reação tardia ou ineficiente do condutor;Saída de leito carroçável;Com Vítimas Feridas;Pleno dia;Crescente;Sol;Múltipla;Curva;Sim;5;0;4;0;0;1;4;2;-21,79383865;-43,38411665;SPRF-MG;DEL05-MG;UOP01-DEL05-MG
712245;17/08/2025;domingo;09:28:00;MG;365;492;PATROCINIO;Acessar a via sem observar a presença dos outros veículos;Colisão transversal;Com Vítimas Feridas;Pleno dia;Decrescente;Céu Claro;Simples;Reta;Não;3;0;2;0;1;0;2;2;-18,900562;-47,135886;SPRF-MG;DEL10-MG;UOP01-DEL10-MG
712246;17/08/2025;domingo;14:54:00;RS;116;231,7;ESTANCIA VELHA;Condutor deixou de manter distância do veículo da frente;Colisão lateral mesmo sentido;Com Vítimas Feridas;Pleno dia;Decrescente;Céu Claro;Simples;"Aclive;Curva";Não;3;0;1;0;2;0;1;2;-29,628565;-51,143505;SPRF-RS;DEL01-RS;UOP02-DEL01-RS
712247;17/08/2025;domingo;13:35:00;RJ;116;98;GUAPIMIRIM;Ausência de reação do condutor;Colisão com objeto;Com Vítimas Feridas;Pleno dia;Decrescente;Nublado;Simples;"Declive;Curva";Não;1;0;1;0;0;0;1;1;-22,484721;-42,996089;SPRF-RJ;DEL04-RJ;UOP01-DEL04-RJ
712248;17/08/2025;domingo;13:35:00;MT;364;3;ALTO GARCAS;Retorno proibido;Colisão transversal;Com Vítimas Feridas;Pleno dia;Decrescente;Céu Claro;Simples;"Curva;Declive";Não;3;0;2;0;1;0;2;2;-17,02524119;-53,4886104;SPRF-MT;DEL02-MT;UOP02-DEL02-MT
712249;17/08/2025;domingo;12:50:00;MG;40;628,7;CONSELHEIRO LAFAIETE;Condutor usando celular;Colisão frontal;Com Vítimas Feridas;Pleno dia;Crescente;Sol;Simples;Curva;Sim;2;0;1;0;1;0;1;2;-20,65371311;-43,80879477;SPRF-MG;DEL05-MG;UOP02-DEL05-MG
712250;17/08/2025;domingo;15:00:00;RJ;116;185;NOVA IGUACU;Reação tardia ou ineficiente do condutor;Colisão traseira;Com Vítimas Feridas;Pleno dia;Crescente;Céu Claro;Dupla;Reta;Sim;2;0;1;0;1;0;1;2;-22,74250415;-43,50328445;SPRF-RJ;DEL06-RJ;UOP01-DEL06-RJ
712252;17/08/2025;domingo;14:00:00;RJ;101;398;ITAGUAI;Condutor Dormindo;Saída de leito carroçável;Com Vítimas Feridas;Pleno dia;Decrescente;Céu Claro;Dupla;Reta;Sim;3;0;2;0;0;1;2;1;-22,86937415;-43,74747276;SPRF-RJ;DEL03-RJ;UOP01-DEL03-RJ
712253;17/08/2025;domingo;16:00:00;PR;116;108;CURITIBA;Ausência de reação do condutor;Colisão lateral mesmo sentido;Com Vítimas Feridas;Pleno dia;Decrescente;Céu Claro;Dupla;Reta;Não;2;0;1;0;1;0;1;2;-25,4476288;-49,250304;SPRF-PR;DEL01-PR;UOP03-DEL01-PR
712254;17/08/2025;domingo;16:00:00;SP;116;219,4;GUARULHOS;Acessar a via sem observar a presença dos outros veículos;Colisão lateral mesmo sentido;Sem Vítimas;Pleno dia;Decrescente;Nublado;Múltipla;Reta;Sim;5;0;0;0;5;0;0;2;-23,46273456;-46,49226308;SPRF-SP;DEL01-SP;UOP01-DEL01-SP
712255;17/08/2025;domingo;15:40:00;ES;101;446;MIMOSO DO SUL;Acessar a via sem observar a presença dos outros veículos;Colisão transversal;Com Vítimas Feridas;Pleno dia;Decrescente;Céu Claro;Simples;Reta;Não;2;0;1;0;1;0;1;2;-21,12008786;-41,2717816;SPRF-ES;DEL03-ES;UOP02-DEL03-ES
712257;17/08/2025;domingo;15:30:00;RN;304;1,1;MOSSORO;Acessar a via sem observar a presença dos outros veículos;Colisão transversal;Com Vítimas Feridas;Pleno dia;Decrescente;Céu Claro;Simples;Reta;Não;3;0;0;1;2;0;1;2;-4,88904;-37,441468;SPRF-RN;DEL04-RN;UOP02-DEL04-RN
712258;17/08/2025;domingo;16:17:00;PR;116;108;CURITIBA;Manobra de mudança de faixa;Colisão traseira;Com Vítimas Feridas;Pleno dia;Decrescente;Céu Claro;Dupla;Reta;Sim;2;0;0;1;1;0;1;2;-25,56458787;-49,24982071;SPRF-PR;DEL01-PR;UOP03-DEL01-PR
712259;17/08/2025;domingo;16:30:00;SP;116;173;JACAREI;Reação tardia ou ineficiente do condutor;Saída de leito carroçável;Com Vítimas Feridas;Pleno dia;Crescente;Nublado;Simples;Curva;Não;1;0;1;0;0;0;1;1;-23,31570254;-46,07614366;SPRF-SP;DEL02-SP;UOP01-DEL02-SP
712260;17/08/2025;domingo;15:30:00;MA;222;668;ACAILANDIA;Condutor deixou de manter distância do veículo da frente;Colisão traseira;Sem Vítimas;Pleno dia;Crescente;Céu Claro;Simples;Aclive;Não;5;0;0;0;5;0;0;2;-4,928245;-47,443462;SPRF-MA;DEL04-MA;UOP03-DEL04-MA
712261;17/08/2025;domingo;15:10:00;MG;116;306;ITAMBACURI;Reação tardia ou ineficiente do condutor;Saída de leito carroçável;Com Vítimas Feridas;Pleno dia;Crescente;Céu Claro;Simples;"Declive;Reta";Não;2;0;2;0;0;0;2;1;-18,0379046;-41,6556833;SPRF-MG;DEL11-MG;UOP01-DEL11-MG
712262;17/08/2025;domingo;16:00:00;MG;40;565,1;NOVA LIMA;Ingestão de álcool pelo condutor;Saída de leito carroçável;Sem Vítimas;Pleno dia;Crescente;Céu Claro;Simples;"Aclive;Reta";Não;1;0;0;0;1;0;0;1;-20,18961721;-43,97135675;SPRF-MG;DEL01-MG;UOP02-DEL01-MG
712263;17/08/2025;domingo;16:00:00;PI;316;14,8;TERESINA;Ausência de reação do condutor;Colisão com objeto;Sem Vítimas;Pleno dia;Decrescente;Céu Claro;Dupla;Reta;Não;1;0;0;0;1;0;0;1;-5,2267676;-42,750004;SPRF-PI;DEL01-PI;UOP02-DEL01-PI
712264;17/08/2025;domingo;16:50:00;SC;101;315;LAGUNA;Retorno proibido;Colisão transversal;Com Vítimas Feridas;Pleno dia;Decrescente;Céu Claro;Simples;Curva;Não;2;0;1;0;1;0;1;2;-28,42885848;-48,8430446;SPRF-SC;DEL02-SC;UOP01-DEL02-SC
712265;17/08/2025;domingo;16:40:00;TO;153;154;ARAGUAINA;Frear bruscamente;Engavetamento;Sem Vítimas;Pleno dia;Crescente;Céu Claro;Simples;Reta;Não;9;0;0;0;9;0;0;3;-7,28402103;-48,27712385;SPRF-TO;DEL02-TO;UOP01-DEL02-TO
712266;17/08/2025;domingo;16:20:00;MS;60;426;SIDROLANDIA;Desrespeitar a preferência no cruzamento;Colisão transversal;Com Vítimas Feridas;Pleno dia;Crescente;Céu Claro;Dupla;Rotatória;Não;4;0;2;0;2;0;2;2;-20,941353;-54,964931;SPRF-MS;DEL01-MS;UOP04-DEL01-MS
712267;17/08/2025;domingo;16:20:00;RJ;40;62;PETROPOLIS;Conversão proibida;Colisão transversal;Com Vítimas Feridas;Pleno dia;Decrescente;Céu Claro;Simples;Reta;Sim;6;0;1;0;5;0;1;2;-22,28224;-43,1161344;SPRF-RJ;DEL05-RJ;UOP02-DEL05-RJ
712268;17/08/2025;domingo;17:10:00;GO;60;48;ABADIANIA;Reação tardia ou ineficiente do condutor;Saída de leito carroçável;Com Vítimas Feridas;Pleno dia;Decrescente;Céu Claro;Dupla;"Declive;Reta";Não;4;0;2;2;0;0;4;1;-16,154;-48,611;SPRF-GO;DEL02-GO;UOP01-DEL02-GO
712270;17/08/2025;domingo;17:36:00;GO;251;18,8;CRISTALINA;Demais falhas mecânicas ou elétricas;Incêndio;Sem Vítimas;Pleno dia;Crescente;Céu Claro;Simples;Reta;Não;1;0;0;0;1;0;0;1;-16,22583785;-47,37609655;SPRF-DF;DEL01-DF;UOP01-DEL01-DF
712272;17/08/2025;domingo;17:30:00;MG;381;809,5;CAREACU;Velocidade Incompatível;Colisão com objeto;Com Vítimas Feridas;Anoitecer;Crescente;Céu Claro;Dupla;"Reta;Retorno Regulamentado";Não;4;0;2;0;2;0;2;1;-21,989434;-45,665143;SPRF-MG;DEL16-MG;UOP02-DEL16-MG
712273;17/08/2025;domingo;17:14:00;PR;277;121;CAMPO LARGO;Reação tardia ou ineficiente do condutor;Colisão traseira;Sem Vítimas;Pleno dia;Decrescente;Céu Claro;Dupla;Reta;Não;4;0;0;0;4;0;0;2;-25,44468;-49,49815;SPRF-PR;DEL03-PR;UOP03-DEL03-PR
712275;17/08/2025;domingo;11:30:00;RJ;40;74;PETROPOLIS;Velocidade Incompatível;Tombamento;Com Vítimas Feridas;Pleno dia;Crescente;Céu Claro;Dupla;"Curva;Aclive";Sim;1;0;1;0;0;0;1;1;-22,468248;-43,23241;SPRF-RJ;DEL01-RJ;UOP01-DEL01-RJ
712276;17/08/2025;domingo;17:35:00;PE;232;120,2;CARUARU;Ingestão de álcool pelo condutor;Colisão traseira;Com Vítimas Feridas;Anoitecer;Crescente;Céu Claro;Dupla;Reta;Não;2;0;1;0;1;0;1;2;-8,29852;-35,90993;SPRF-PE;DEL02-PE;UOP03-DEL02-PE
712277;17/08/2025;domingo;17:00:00;ES;101;174,5;ARACRUZ;Acessar a via sem observar a presença dos outros veículos;Colisão transversal;Sem Vítimas;Plena Noite;Decrescente;Céu Claro;Simples;Rotatória;Sim;2;0;0;0;2;0;0;2;-19,58521862;-40,18992869;SPRF-ES;DEL04-ES;UOP01-DEL04-ES
712278;17/08/2025;domingo;16:50:00;PR;163;188;SANTA TEREZA DO OESTE;Transtornos Mentais (exceto suicidio);Saída de leito carroçável;Com Vítimas Feridas;Pleno dia;Decrescente;Céu Claro;Dupla;"Em Obras;Reta";Não;2;0;2;0;0;0;2;1;-25,10128573;-53,59194696;SPRF-PR;DEL05-PR;UOP05-DEL05-PR
712281;17/08/2025;domingo;17:40:00;PB;104;142,9;QUEIMADAS;Manobra de mudança de faixa;Colisão lateral sentido oposto;Com Vítimas Feridas;Anoitecer;Decrescente;Nublado;Simples;Reta;Não;5;0;3;0;2;0;3;3;-7,394857;-35,897522;SPRF-PB;DEL02-PB;UOP03-DEL02-PB
712283;17/08/2025;domingo;18:30:00;PE;232;407,7;SERRA TALHADA;Ausência de reação do condutor;Colisão traseira;Sem Vítimas;Plena Noite;Crescente;Céu Claro;Simples;Reta;Sim;4;0;0;0;4;0;0;2;-7,984267;-38,277571;SPRF-PE;DEL04-PE;UOP01-DEL04-PE
712284;17/08/2025;domingo;18:10:00;RJ;40;115;DUQUE DE CAXIAS;Avarias e/ou desgaste excessivo no pneu;Tombamento;Com Vítimas Feridas;Anoitecer;Crescente;Céu Claro;Múltipla;Reta;Não;1;0;1;0;0;0;1;1;-22,73452558;-43,28878365;SPRF-RJ;DEL01-RJ;UOP02-DEL01-RJ
712285;17/08/2025;domingo;17:45:00;BA;367;79;EUNAPOLIS;Ingestão de álcool pelo condutor;Saída de leito carroçável;Com Vítimas Feridas;Plena Noite;Crescente;Nublado;Simples;Interseção de Vias;Sim;1;0;0;1;0;0;1;1;-16,36968772;-39,54409816;SPRF-BA;DEL09-BA;UOP03-DEL09-BA
712286;17/08/2025;domingo;18:06:00;MS;60;50;PARAISO DAS AGUAS;Transitar na contramão;Colisão frontal;Com Vítimas Feridas;Plena Noite;Crescente;Céu Claro;Simples;Reta;Não;4;0;2;2;0;0;4;2;-18,98292181;-52,93075562;SPRF-MS;DEL08-MS;UOP01-DEL08-MS
712287;17/08/2025;domingo;17:30:00;BA;324;574;SAO SEBASTIAO DO PASSE;Frear bruscamente;Engavetamento;Com Vítimas Feridas;Anoitecer;Crescente;Chuva;Dupla;Reta;Não;10;0;1;0;8;1;1;5;-12,57466957;-38,54312897;SPRF-BA;DEL01-BA;UOP01-DEL01-BA
712288;17/08/2025;domingo;18:02:00;RN;101;138;NISIA FLORESTA;Estacionar ou parar em local proibido;Colisão traseira;Com Vítimas Feridas;Plena Noite;Decrescente;Céu Claro;Dupla;Reta;Não;3;0;1;0;1;1;1;2;-6,1618275;-35,2253213;SPRF-RN;DEL01-RN;UOP01-DEL01-RN
712289;17/08/2025;domingo;19:20:00;GO;153;394,6;PIRENOPOLIS;Ingestão de álcool pelo condutor;Colisão transversal;Com Vítimas Feridas;Plena Noite;Crescente;Céu Claro;Simples;"Curva;Declive";Não;3;0;0;1;2;0;1;2;-16,011613;-49,121946;SPRF-GO;DEL02-GO;UOP02-DEL02-GO
712291;17/08/2025;domingo;18:50:00;SC;101;4;ARARANGUA;Reação tardia ou ineficiente do condutor;Tombamento;Com Vítimas Feridas;Plena Noite;Crescente;Céu Claro;Simples;Reta;Sim;1;0;0;1;0;0;1;1;-28,95801909;-49,52626747;SPRF-SC;DEL03-SC;UOP01-DEL03-SC
712293;17/08/2025;domingo;19:30:00;RS;472;181,1;SANTO CRISTO;Ingestão de álcool pelo condutor;Saída de leito carroçável;Com Vítimas Feridas;Plena Noite;Decrescente;Céu Claro;Simples;Reta;Não;7;0;4;0;3;0;4;1;-27,83869661;-54,56831932;SPRF-RS;DEL10-RS;UOP01-DEL10-RS
712294;17/08/2025;domingo;12:23:00;RO;364;13;VILHENA;Ausência de reação do condutor;Colisão traseira;Sem Vítimas;Pleno dia;Crescente;Céu Claro;Dupla;Reta;Sim;4;0;0;0;4;0;0;2;-12,74089;-60,13159;SPRF-RO;DEL04-RO;UOP01-DEL04-RO
712295;17/08/2025;domingo;15:15:00;RR;174;520;BOA VISTA;Desrespeitar a preferência no cruzamento;Colisão transversal;Com Vítimas Feridas;Pleno dia;Crescente;Chuva;Simples;"Reta;Interseção de Vias";Não;6;0;4;0;2;0;4;2;2,94833333;-60,72444444;SPRF-RR;DEL01-RR;UOP01-DEL01-RR
712296;17/08/2025;domingo;18:30:00;PA;230;115;MARABA;Reação tardia ou ineficiente do condutor;Atropelamento de Pedestre;Com Vítimas Feridas;Anoitecer;Crescente;Céu Claro;Dupla;Reta;Sim;4;0;1;0;2;1;1;2;-5,357737;-49,08639;SPRF-PA;DEL03-PA;UOP01-DEL03-PA
712297;17/08/2025;domingo;18:45:00;PR;476;145;CURITIBA;Ingestão de álcool pelo condutor;Colisão traseira;Com Vítimas Feridas;Anoitecer;Decrescente;Céu Claro;Dupla;Reta;Sim;2;0;1;0;0;1;1;2;-25,54845727;-49,32275241;SPRF-PR;DEL01-PR;UOP06-DEL01-PR
712298;17/08/2025;domingo;19:50:00;PR;116;152;MANDIRITUBA;Acessar a via sem observar a presença dos outros veículos;Colisão transversal;Com Vítimas Feridas;Plena Noite;Crescente;Céu Claro;Simples;Reta;Não;3;0;1;0;2;0;1;2;-25,86232172;-49,3618482;SPRF-PR;DEL01-PR;UOP03-DEL01-PR
712301;17/08/2025;domingo;18:30:00;PR;376;188;MARIALVA;Ingestão de álcool pelo condutor;Engavetamento;Com Vítimas Feridas;Anoitecer;Crescente;Céu Claro;Dupla;"Retorno Regulamentado;Reta";Não;6;0;0;1;5;0;1;3;-23,458322;-51,842075;SPRF-PR;DEL09-PR;UOP01-DEL09-PR
712302;17/08/2025;domingo;20:00:00;RJ;101;320;NITEROI;Ausência de reação do condutor;Tombamento;Com Vítimas Feridas;Plena Noite;Decrescente;Céu Claro;Dupla;Curva;Sim;1;0;1;0;0;0;1;1;-22,86257283;-43,10724575;SPRF-RJ;DEL02-RJ;UOP01-DEL02-RJ
712304;17/08/2025;domingo;18:45:00;AL;424;102;MARECHAL DEODORO;Velocidade Incompatível;Saída de leito carroçável;Com Vítimas Fatais;Plena Noite;Crescente;Céu Claro;Simples;Reta;Não;5;3;0;2;0;0;2;1;-9,675507;-35,83644614;SPRF-AL;DEL02-AL;UOP01-DEL02-AL
712305;17/08/2025;domingo;19:24:00;DF;20;31;BRASILIA;Ausência de reação do condutor;Colisão traseira;Com Vítimas Feridas;Plena Noite;Decrescente;Céu Claro;Múltipla;Reta;Não;5;0;2;0;3;0;2;2;-15,58159106;-47,53404184;SPRF-DF;DEL02-DF;UOP01-DEL02-DF
712307;17/08/2025;domingo;20:05:00;RS;290;108;ELDORADO DO SUL;Reação tardia ou ineficiente do condutor;Atropelamento de Pedestre;Com Vítimas Feridas;Plena Noite;Decrescente;Céu Claro;Dupla;Reta;Sim;2;0;0;1;1;0;1;2;-30,00611;-51,312681;SPRF-RS;DEL02-RS;UOP01-DEL02-RS
712309;17/08/2025;domingo;18:30:00;MA;135;280;CODO;Transitar na contramão;Colisão frontal;Com Vítimas Feridas;Plena Noite;Crescente;Céu Claro;Simples;Curva;Não;2;0;0;1;0;1;1;2;-4,888797;-44,358102;SPRF-MA;DEL06-MA;UOP01-DEL06-MA
712310;17/08/2025;domingo;19:30:00;DF;20;2,6;BRASILIA;Manobra de mudança de faixa;Colisão lateral mesmo sentido;Com Vítimas Feridas;Plena Noite;Decrescente;Céu Claro;Dupla;Reta;Sim;2;0;1;0;1;0;1;2;-15,679207;-47,831992;SPRF-DF;DEL02-DF;UOP01-DEL02-DF
712311;17/08/2025;domingo;18:30:00;RJ;116;193;QUEIMADOS;Reação tardia ou ineficiente do condutor;Engavetamento;Com Vítimas Feridas;Plena Noite;Decrescente;Céu Claro;Dupla;Reta;Sim;4;0;1;0;1;2;1;4;-22,7390296;-43,5331627;SPRF-RJ;DEL06-RJ;UOP01-DEL06-RJ
712313;17/08/2025;domingo;20:20:00;RS;116;248,1;SAO LEOPOLDO;Entrada inopinada do pedestre;Atropelamento de Pedestre;Com Vítimas Fatais;Plena Noite;Decrescente;Nublado;Dupla;"Aclive;Viaduto;Reta";Sim;6;1;0;0;5;0;0;2;-29,774636;-51,154725;SPRF-RS;DEL01-RS;UOP02-DEL01-RS
712314;17/08/2025;domingo;19:00:00;BA;116;4;VITORIA DA CONQUISTA;Reação tardia ou ineficiente do condutor;Colisão traseira;Com Vítimas Feridas;Plena Noite;Decrescente;Céu Claro;Simples;Reta;Não;4;0;1;0;3;0;1;4;-14,8253;-40,8466;SPRF-BA;DEL08-BA;UOP01-DEL08-BA
712315;17/08/2025;domingo;18:30:00;MT;70;503;CUIABA;Ausência de reação do condutor;Saída de leito carroçável;Com Vítimas Feridas;Plena Noite;Crescente;Céu Claro;Simples;Reta;Não;1;0;1;0;0;0;1;1;-15,67882499;-56,01470979;SPRF-MT;DEL01-MT;UOP02-DEL01-MT
712317;01/08/2025;sexta-feira;13:43:00;MT;163;832;SINOP;Reação tardia ou ineficiente do condutor;Queda de ocupante de veículo;Com Vítimas Feridas;Pleno dia;Crescente;Céu Claro;Simples;"Retorno Regulamentado;Desvio Temporário;Em Obras";Sim;2;0;1;0;1;0;1;2;-11,825407;-55,485841;SPRF-MT;DEL06-MT;UOP02-DEL06-MT