id;data_inversa;dia_semana;horario;uf;br;km;municipio;causa_acidente;tipo_acidente;classificacao_acidente;fase_dia;sentido_via;condicao_metereologica;tipo_pista;tracado_via;uso_solo;pessoas;mortos;feridos_leves;feridos_graves;ilesos;ignorados;feridos;veiculos;latitude;longitude;regional;delegacia;uop
712320;17/08/2025;domingo;20:30:00;DF;20;6,7;BRASILIA;Manobra de mudança de faixa;Colisão lateral mesmo sentido;Com Vítimas Feridas;Plena Noite;Crescente;Céu Claro;Dupla;Reta;Sim;2;0;2;0;0;0;2;2;-15,663203;-47,801927;SPRF-DF;DEL02-DF;UOP01-DEL02-DF
712321;17/08/2025;domingo;20:00:00;MS;60;102,3;PARAISO DAS AGUAS;Falta de acostamento;Tombamento;Com Vítimas Feridas;Plena Noite;Crescente;Céu Claro;Simples;Reta;Não;32;0;0;2;30;0;2;1;-19,268817;-53,245562;SPRF-MS;DEL06-MS;UOP02-DEL06-MS
712322;17/08/2025;domingo;20:30:00;PR;116;108;CURITIBA;Reação tardia ou ineficiente do condutor;Colisão com objeto;Sem Vítimas;Plena Noite;Crescente;Céu Claro;Dupla;Reta;Sim;1;0;0;0;1;0;0;1;-25,566585;-49,240635;SPRF-PR;DEL01-PR;UOP03-DEL01-PR
712323;17/08/2025;domingo;18:45:00;SP;116;130,5;CACAPAVA;Trafegar com motocicleta (ou similar) entre as faixas;Colisão traseira;Com Vítimas Feridas;Plena Noite;Crescente;Céu Claro;Dupla;Reta;Sim;2;0;1;0;1;0;1;2;-23,11734593;-45,71686361;SPRF-SP;DEL02-SP;UOP02-DEL02-SP
712325;17/08/2025;domingo;21:00:00;MG;459;87;CONGONHAL;Ausência de reação do condutor;Colisão com objeto;Sem Vítimas;Plena Noite;Decrescente;Céu Claro;Simples;Reta;Sim;1;0;0;0;0;1;0;1;-22,1503422;-46,0388293;SPRF-MG;DEL09-MG;UOP01-DEL09-MG
712326;17/08/2025;domingo;21:00:00;SC;470;74,6;INDAIAL;Ingestão de álcool pelo condutor;Colisão frontal;Com Vítimas Feridas;Plena Noite;Crescente;Céu Claro;Simples;Reta;Não;6;0;5;1;0;0;6;2;-26,92292129;-49,28329468;SPRF-SC;DEL04-SC;UOP01-DEL04-SC
712327;17/08/2025;domingo;19:20:00;SC;116;7;MAFRA;Acessar a via sem observar a presença dos outros veículos;Colisão transversal;Com Vítimas Feridas;Plena Noite;Crescente;Céu Claro;Simples;Interseção de Vias;Sim;3;0;2;0;1;0;2;2;-26,152527;-49,831627;SPRF-SC;DEL06-SC;UOP01-DEL06-SC
712328;17/08/2025;domingo;20:58:00;CE;116;173;RUSSAS;Ausência de reação do condutor;Queda de ocupante de veículo;Com Vítimas Feridas;Plena Noite;Crescente;Céu Claro;Simples;"Curva;Declive";Não;1;0;1;0;0;0;1;1;-4,9159243;-37,9980413;SPRF-CE;DEL03-CE;UOP01-DEL03-CE
712329;17/08/2025;domingo;20:00:00;SE;235;106;CARIRA;Acessar a via sem observar a presença dos outros veículos;Colisão transversal;Sem Vítimas;Plena Noite;Decrescente;Céu Claro;Simples;Reta;Sim;3;0;0;0;3;0;0;2;-10,36142114;-37,69580238;SPRF-SE;DEL01-SE;UOP02-DEL01-SE
712330;17/08/2025;domingo;20:51:00;MS;262;420;TERENOS;Avarias e/ou desgaste excessivo no pneu;Tombamento;Com Vítimas Feridas;Plena Noite;Crescente;Céu Claro;Simples;Curva;Não;1;0;1;0;0;0;1;1;-20,469397;-55,2067763;SPRF-MS;DEL01-MS;UOP03-DEL01-MS
712333;17/08/2025;domingo;20:30:00;RO;364;712;PORTO VELHO;Transitar na contramão;Colisão frontal;Com Vítimas Feridas;Plena Noite;Decrescente;Céu Claro;Simples;"Viaduto;Curva";Não;3;0;1;0;2;0;1;2;-8,77405557;-63,87987463;SPRF-RO;DEL01-RO;UOP01-DEL01-RO
712334;17/08/2025;domingo;21:20:00;SP;153;185;LINS;Pista esburacada;Queda de ocupante de veículo;Com Vítimas Feridas;Plena Noite;Decrescente;Céu Claro;Simples;Reta;Não;1;0;1;0;0;0;1;1;-21,7344122;-49,84185666;SPRF-SP;DEL07-SP;UOP01-DEL07-SP
712335;17/08/2025;domingo;19:30:00;BA;420;343;JAGUAQUARA;Transitar na contramão;Colisão frontal;Com Vítimas Feridas;Plena Noite;Decrescente;Céu Claro;Simples;"Declive;Curva";Não;5;0;2;2;1;0;4;3;-13,5265334;-39,9889298;SPRF-BA;DEL03-BA;UOP01-DEL03-BA
712336;17/08/2025;domingo;17:40:00;RS;285;569;SAO LUIZ GONZAGA;Acessar a via sem observar a presença dos outros veículos;Colisão frontal;Com Vítimas Feridas;Pleno dia;Crescente;Céu Claro;Simples;Reta;Sim;6;0;1;0;5;0;1;2;-28,412469;-54,98038743;SPRF-RS;DEL12-RS;UOP01-DEL12-RS
712337;17/08/2025;domingo;15:50:00;RS;470;224;GARIBALDI;Ausência de reação do condutor;Atropelamento de Pedestre;Com Vítimas Feridas;Pleno dia;Crescente;Céu Claro;Simples;Desvio Temporário;Não;4;0;2;0;2;0;2;2;-29,23942934;-51,51831382;SPRF-RS;DEL06-RS;UOP01-DEL06-RS
712338;17/08/2025;domingo;21:45:00;RS;472;131,6;TRES DE MAIO;Pedestre andava na pista;Atropelamento de Pedestre;Com Vítimas Fatais;Plena Noite;Decrescente;Céu Claro;Simples;Curva;Não;2;1;0;0;0;1;0;2;-27,75137981;-54,2337513;SPRF-RS;DEL10-RS;UOP01-DEL10-RS
712339;17/08/2025;domingo;21:25:00;RJ;101;301;SAO GONCALO;Demais falhas mecânicas ou elétricas;Tombamento;Com Vítimas Feridas;Plena Noite;Decrescente;Céu Claro;Dupla;Reta;Sim;2;0;2;0;0;0;2;1;-22,79327699;-43,02474545;SPRF-RJ;DEL02-RJ;UOP02-DEL02-RJ
712340;17/08/2025;domingo;19:40:00;RJ;101;496;ANGRA DOS REIS;Ausência de reação do condutor;Colisão lateral mesmo sentido;Com Vítimas Feridas;Plena Noite;Decrescente;Céu Claro;Simples;Curva;Não;2;0;0;1;1;0;1;2;-22,926348;-44,320918;SPRF-RJ;DEL03-RJ;UOP03-DEL03-RJ
712341;17/08/2025;domingo;19:30:00;SC;280;6,3;SAO FRANCISCO DO SUL;Animais na Pista;Atropelamento de Animal;Com Vítimas Feridas;Plena Noite;Crescente;Nublado;Simples;Reta;Sim;1;0;1;0;0;0;1;1;-26,2679;-48,636602;SPRF-SC;DEL03-SC;UOP03-DEL03-SC
712343;17/08/2025;domingo;22:30:00;GO;40;8;VALPARAISO DE GOIAS;Ausência de reação do condutor;Colisão traseira;Sem Vítimas;Plena Noite;Crescente;Céu Claro;Dupla;Reta;Sim;2;0;0;0;2;0;0;2;-16,121295;-47,96416;SPRF-DF;DEL01-DF;UOP01-DEL01-DF
712344;17/08/2025;domingo;20:32:00;SC;101;204,2;SAO JOSE;Ingestão de álcool pelo condutor;Colisão transversal;Com Vítimas Feridas;Plena Noite;Decrescente;Céu Claro;Múltipla;Curva;Sim;4;0;2;0;2;0;2;2;-27,577166;-48,613363;SPRF-SC;DEL01-SC;UOP01-DEL01-SC
712345;17/08/2025;domingo;18:30:00;PI;316;310;PICOS;Transitar na contramão;Colisão frontal;Com Vítimas Feridas;Plena Noite;Crescente;Céu Claro;Simples;"Aclive;Reta";Sim;2;0;0;2;0;0;2;2;-7,076857;-41,477168;SPRF-PI;DEL04-PI;UOP01-DEL04-PI
712347;17/08/2025;domingo;19:50:00;RO;364;422;JARU;Reação tardia ou ineficiente do condutor;Queda de ocupante de veículo;Com Vítimas Feridas;Plena Noite;Decrescente;Céu Claro;Simples;Reta;Sim;1;0;1;0;0;0;1;1;-10,44340017;-62,46066034;SPRF-RO;DEL03-RO;UOP02-DEL03-RO
712348;17/08/2025;domingo;18:40:00;SC;282;620,3;IRACEMINHA;Transitar na contramão;Colisão frontal;Com Vítimas Fatais;Plena Noite;Crescente;Céu Claro;Simples;"Declive;Curva";Não;3;1;0;0;2;0;0;2;-26,80323503;-53,31261635;SPRF-SC;DEL07-SC;UOP02-DEL07-SC
712349;17/08/2025;domingo;19:00:00;SC;470;161;TROMBUDO CENTRAL;Velocidade Incompatível;Saída de leito carroçável;Com Vítimas Feridas;Plena Noite;Decrescente;Garoa/Chuvisco;Simples;Reta;Não;2;0;1;0;1;0;1;1;-27,28440453;-49,81089007;SPRF-SC;DEL04-SC;UOP02-DEL04-SC
712350;17/08/2025;domingo;23:05:00;RJ;116;183;NOVA IGUACU;Sinalização mal posicionada;Colisão traseira;Com Vítimas Feridas;Plena Noite;Decrescente;Céu Claro;Múltipla;Reta;Sim;3;0;0;1;2;0;1;2;-22,75131508;-43,444013;SPRF-RJ;DEL06-RJ;UOP01-DEL06-RJ
712351;17/08/2025;domingo;20:15:00;BA;330;889,9;UBAITABA;Ausência de reação do condutor;Saída de leito carroçável;Com Vítimas Feridas;Plena Noite;Crescente;Céu Claro;Simples;Interseção de Vias;Não;4;0;3;1;0;0;4;1;-14,26655679;-39,32657754;SPRF-BA;DEL05-BA;UOP01-DEL05-BA
712352;17/08/2025;domingo;22:20:00;PB;101;87;BAYEUX;Reação tardia ou ineficiente do condutor;Queda de ocupante de veículo;Com Vítimas Feridas;Plena Noite;Crescente;Céu Claro;Dupla;Reta;Sim;2;0;2;0;0;0;2;1;-7,16142;-34,904273;SPRF-PB;DEL01-PB;UOP01-DEL01-PB
712353;17/08/2025;domingo;22:30:00;GO;414;371;COCALZINHO DE GOIAS;Ingestão de álcool pelo condutor;Saída de leito carroçável;Com Vítimas Feridas;Plena Noite;Crescente;Ignorado;Dupla;Interseção de Vias;Não;1;0;1;0;0;0;1;1;-15,75481;-48,75099;SPRF-GO;DEL02-GO;UOP01-DEL02-GO
712356;17/08/2025;domingo;22:35:00;PR;277;78;SAO JOSE DOS PINHAIS;Velocidade Incompatível;Colisão traseira;Com Vítimas Feridas;Plena Noite;Decrescente;Céu Claro;Dupla;Reta;Não;2;0;1;1;0;0;2;2;-25,484127;-49,189518;SPRF-PR;DEL01-PR;UOP07-DEL01-PR
712357;17/08/2025;domingo;23:15:00;SE;101;105;SAO CRISTOVAO;Ausência de reação do condutor;Queda de ocupante de veículo;Com Vítimas Feridas;Plena Noite;Decrescente;Céu Claro;Dupla;Reta;Não;1;0;1;0;0;0;1;1;-10,9579759;-37,2346564;SPRF-SE;DEL02-SE;UOP01-DEL02-SE
712358;17/08/2025;domingo;21:00:00;MA;316;615,6;CAXIAS;Desrespeitar a preferência no cruzamento;Colisão transversal;Com Vítimas Feridas;Plena Noite;Crescente;Céu Claro;Simples;"Retorno Regulamentado;Interseção de Vias";Não;4;0;0;1;3;0;1;2;-4,8604866;-43,4282372;SPRF-MA;DEL03-MA;UOP02-DEL03-MA
712359;17/08/2025;domingo;22:45:00;GO;60;138;GOIANIA;Ausência de reação do condutor;Colisão com objeto;Com Vítimas Feridas;Plena Noite;Crescente;Céu Claro;Simples;Reta;Sim;1;0;0;1;0;0;1;1;-16,615953;-49,206192;SPRF-GO;DEL01-GO;UOP01-DEL01-GO
712360;17/08/2025;domingo;22:05:00;MG;459;98,8;POUSO ALEGRE;Ingestão de álcool pelo condutor;Colisão lateral sentido oposto;Com Vítimas Feridas;Plena Noite;Decrescente;Céu Claro;Simples;"Aclive;Curva";Não;3;0;1;1;1;0;2;2;-22,2009913;-45,9685654;SPRF-MG;DEL09-MG;UOP01-DEL09-MG
712361;17/08/2025;domingo;22:20:00;MT;364;204;RONDONOPOLIS;Ausência de reação do condutor;Queda de ocupante de veículo;Com Vítimas Feridas;Pleno dia;Crescente;Céu Claro;Dupla;Reta;Sim;1;0;1;0;0;0;1;1;-16,46541787;-54,65790359;SPRF-MT;DEL02-MT;UOP01-DEL02-MT
712362;17/08/2025;domingo;20:37:00;CE;20;373,7;CAUCAIA;Acesso irregular;Colisão frontal;Com Vítimas Feridas;Plena Noite;Crescente;Céu Claro;Simples;Reta;Sim;6;0;2;0;4;0;2;2;-3,961083;-38,881048;SPRF-CE;DEL02-CE;UOP01-DEL02-CE
712363;18/08/2025;segunda-feira;00:03:00;RS;116;248,2;SAO LEOPOLDO;Velocidade Incompatível;Saída de leito carroçável;Com Vítimas Fatais;Plena Noite;Decrescente;Nublado;Múltipla;Curva;Sim;2;1;0;1;0;0;1;1;-29,776924;-51,155247;SPRF-RS;DEL01-RS;UOP02-DEL01-RS
712364;17/08/2025;domingo;17:10:00;SC;280;42,9;GUARAMIRIM;Condutor Dormindo;Saída de leito carroçável;Com Vítimas Feridas;Pleno dia;Crescente;Céu Claro;Dupla;"Reta;Em Obras";Não;3;0;1;0;2;0;1;1;-26,450802;-48,877128;SPRF-SC;DEL03-SC;UOP03-DEL03-SC
712366;18/08/2025;segunda-feira;00:00:00;RS;290;80;GRAVATAI;Reação tardia ou ineficiente do condutor;Saída de leito carroçável;Sem Vítimas;Plena Noite;Decrescente;Céu Claro;Múltipla;Reta;Não;1;0;0;0;1;0;0;1;-29,95432621;-51,06097247;SPRF-RS;DEL01-RS;UOP01-DEL01-RS
712367;17/08/2025;domingo;23:30:00;RJ;101;381;RIO DE JANEIRO;Ausência de reação do condutor;Colisão traseira;Com Vítimas Fatais;Plena Noite;Decrescente;Céu Claro;Múltipla;"Aclive;Reta";Não;3;1;1;0;1;0;1;2;-22,8780049;-43,6217836;SPRF-RJ;DEL03-RJ;UOP01-DEL03-RJ
712368;18/08/2025;segunda-feira;00:20:00;SP;116;169;JACAREI;Ingestão de álcool pelo condutor;Colisão traseira;Sem Vítimas;Plena Noite;Crescente;Céu Claro;Dupla;Reta;Não;2;0;0;0;2;0;0;2;-23,30745266;-46,04407031;SPRF-SP;DEL02-SP;UOP01-DEL02-SP
712369;17/08/2025;domingo;23:00:00;MT;163;536;DIAMANTINO;Ingestão de álcool pelo condutor;Saída de leito carroçável;Sem Vítimas;Plena Noite;Decrescente;Céu Claro;Dupla;Reta;Não;1;0;0;0;1;0;0;1;-14,45662314;-56,14151001;SPRF-MT;DEL01-MT;UOP01-DEL01-MT
712370;17/08/2025;domingo;20:20:00;RO;364;969;PORTO VELHO;Ausência de reação do condutor;Colisão traseira;Sem Vítimas;Plena Noite;Decrescente;Céu Claro;Simples;Reta;Não;2;0;0;0;0;2;0;2;-9,65491226;-65,72016835;SPRF-RO;DEL01-RO;UOP03-DEL01-RO
712371;18/08/2025;segunda-feira;00:10:00;MG;40;700,6;BARBACENA;Velocidade Incompatível;Colisão transversal;Com Vítimas Feridas;Plena Noite;Decrescente;Céu Claro;Simples;"Curva;Interseção de Vias";Sim;2;0;1;1;0;0;2;2;-21,21843532;-43,74430457;SPRF-MG;DEL05-MG;UOP02-DEL05-MG
712373;18/08/2025;segunda-feira;01:30:00;MG;262;434,1;NOVA SERRANA;Ausência de reação do condutor;Queda de ocupante de veículo;Com Vítimas Feridas;Plena Noite;Decrescente;Céu Claro;Dupla;Reta;Sim;2;0;1;0;1;0;1;1;-19,87279068;-44,96288993;SPRF-MG;DEL08-MG;UOP03-DEL08-MG
712374;18/08/2025;segunda-feira;02:03:00;SC;470;39;GASPAR;Ingestão de álcool pelo condutor;Saída de leito carroçável;Com Vítimas Feridas;Plena Noite;Decrescente;Céu Claro;Dupla;Reta;Não;1;0;1;0;0;0;1;1;-26,8972497;-48,986464;SPRF-SC;DEL04-SC;UOP01-DEL04-SC
712375;17/08/2025;domingo;23:58:00;GO;40;153,9;CRISTALINA;Ingestão de álcool pelo condutor;Saída de leito carroçável;Sem Vítimas;Plena Noite;Crescente;Céu Claro;Dupla;Reta;Não;1;0;0;0;1;0;0;1;-17,028;-47,177;SPRF-DF;DEL01-DF;UOP02-DEL01-DF
712376;18/08/2025;segunda-feira;03:00:00;GO;60;47;ALEXANIA;Animais na Pista;Atropelamento de Animal;Sem Vítimas;Plena Noite;Crescente;Céu Claro;Dupla;Reta;Não;2;0;0;0;2;0;0;1;-16,14579943;-48,60245991;SPRF-GO;DEL02-GO;UOP01-DEL02-GO
712377;17/08/2025;domingo;23:40:00;BA;101;405,8;IBIRAPITANGA;Ausência de reação do condutor;Saída de leito carroçável;Com Vítimas Fatais;Plena Noite;Decrescente;Céu Claro;Simples;Reta;Não;1;1;0;0;0;0;0;1;-14,030945;-39,421267;SPRF-BA;DEL05-BA;UOP03-DEL05-BA
712378;25/07/2025;sexta-feira;16:15:00;PE;408;88;SAO LOURENCO DA MATA;Demais falhas mecânicas ou elétricas;Tombamento;Com Vítimas Feridas;Pleno dia;Decrescente;Ignorado;Dupla;Reta;Sim;2;0;1;0;0;1;1;1;-8,02469;-35,039;SPRF-PE;DEL01-PE;UOP01-DEL01-PE
712379;18/08/2025;segunda-feira;04:30:00;PR;277;683;SAO MIGUEL DO IGUACU;Transitar na contramão;Colisão frontal;Sem Vítimas;Plena Noite;Crescente;Céu Claro;Dupla;Reta;Não;9;0;0;0;7;2;0;4;-25,333523;-54,194203;SPRF-PR;DEL05-PR;UOP01-DEL05-PR
712381;18/08/2025;segunda-feira;06:35:00;SC;282;569,9;NOVA ERECHIM;Desrespeitar a preferência no cruzamento;Colisão transversal;Com Vítimas Feridas;Amanhecer;Crescente;Céu Claro;Simples;Interseção de Vias;Sim;2;0;1;0;1;0;1;2;-26,89640031;-52,91845366;SPRF-SC;DEL07-SC;UOP02-DEL07-SC
712382;18/08/2025;segunda-feira;06:05:00;MG;40;528,4;CONTAGEM;Acessar a via sem observar a presença dos outros veículos;Colisão lateral mesmo sentido;Com Vítimas Feridas;Amanhecer;Decrescente;Céu Claro;Dupla;Curva;Sim;2;0;1;0;0;1;1;2;-19,91249918;-44,04078531;SPRF-MG;DEL01-MG;UOP02-DEL01-MG
712384;18/08/2025;segunda-feira;08:00:00;DF;20;4,4;BRASILIA;Condutor deixou de manter distância do veículo da frente;Colisão lateral mesmo sentido;Com Vítimas Feridas;Pleno dia;Decrescente;Céu Claro;Dupla;"Aclive;Reta";Sim;2;0;1;0;1;0;1;2;-15,6831534;-47,84103513;SPRF-DF;DEL02-DF;UOP01-DEL02-DF
712385;18/08/2025;segunda-feira;08:00:00;DF;70;9;BRASILIA;Manobra de mudança de faixa;Colisão lateral mesmo sentido;Com Vítimas Feridas;Pleno dia;Decrescente;Chuva;Dupla;Reta;Sim;3;0;2;0;1;0;2;2;-15,784044;-48,128798;SPRF-DF;DEL03-DF;UOP02-DEL03-DF
712386;18/08/2025;segunda-feira;07:00:00;SC;101;40,8;JOINVILLE;Manobra de mudança de faixa;Colisão lateral mesmo sentido;Com Vítimas Feridas;Pleno dia;Crescente;Nublado;Dupla;Reta;Sim;2;0;1;0;1;0;1;2;-26,307448;-48,879669;SPRF-SC;DEL03-SC;UOP01-DEL03-SC
712387;18/08/2025;segunda-feira;06:30:00;PB;101;82,8;BAYEUX;Reação tardia ou ineficiente do condutor;Colisão traseira;Com Vítimas Feridas;Pleno dia;Crescente;Céu Claro;Dupla;Reta;Sim;3;0;1;1;1;0;2;2;-7,132697;-34,930891;SPRF-PB;DEL01-PB;UOP01-DEL01-PB
712388;18/08/2025;segunda-feira;02:50:00;PR;277;1,3;CURITIBA;Ausência de reação do condutor;Saída de leito carroçável;Com Vítimas Feridas;Plena Noite;Decrescente;Céu Claro;Dupla;Reta;Não;1;0;1;0;0;0;1;1;-25,429976;-49,350822;SPRF-PR;DEL01-PR;UOP06-DEL01-PR
712390;17/08/2025;domingo;23:35:00;RJ;40;104;DUQUE DE CAXIAS;Reação tardia ou ineficiente do condutor;Capotamento;Com Vítimas Feridas;Plena Noite;Crescente;Nublado;Dupla;Reta;Sim;5;0;2;0;3;0;2;1;-22,629097;-43,285792;SPRF-RJ;DEL01-RJ;UOP02-DEL01-RJ
712391;18/08/2025;segunda-feira;06:50:00;SE;101;105,1;SAO CRISTOVAO;Afundamento ou ondulação no pavimento;Tombamento;Com Vítimas Feridas;Pleno dia;Decrescente;Chuva;Dupla;"Em Obras;Reta";Não;2;0;1;0;1;0;1;1;-10,95819047;-37,23635472;SPRF-SE;DEL02-SE;UOP01-DEL02-SE
712392;18/08/2025;segunda-feira;07:50:00;MG;381;483;BETIM;Reação tardia ou ineficiente do condutor;Colisão traseira;Com Vítimas Feridas;Pleno dia;Decrescente;Sol;Dupla;"Aclive;Reta";Sim;2;0;0;1;1;0;1;2;-19,95991697;-44,08358574;SPRF-MG;DEL01-MG;UOP03-DEL01-MG
712393;18/08/2025;segunda-feira;08:20:00;PR;277;22,9;MORRETES;Desrespeitar a preferência no cruzamento;Colisão transversal;Com Vítimas Feridas;Pleno dia;Crescente;Céu Claro;Dupla;"Aclive;Retorno Regulamentado;Reta";Não;4;0;2;1;1;0;3;2;-25,52886368;-48,73369781;SPRF-PR;DEL01-PR;UOP05-DEL01-PR
712394;18/08/2025;segunda-feira;08:30:00;SE;101;152;ESTANCIA;Reação tardia ou ineficiente do condutor;Colisão transversal;Com Vítimas Feridas;Pleno dia;Crescente;Chuva;Simples;Reta;Sim;3;0;0;1;2;0;1;2;-11,27401645;-37,44795956;SPRF-SE;DEL02-SE;UOP01-DEL02-SE
712395;18/08/2025;segunda-feira;06:30:00;PR;376;603,5;CURITIBA;Condutor deixou de manter distância do veículo da frente;Engavetamento;Sem Vítimas;Amanhecer;Decrescente;Céu Claro;Dupla;"Curva;Declive";Sim;3;0;0;0;3;0;0;3;-25,5303493;-49,32530578;SPRF-PR;DEL01-PR;UOP03-DEL01-PR
712396;18/08/2025;segunda-feira;07:45:00;RS;392;124,9;CANGUCU;Ausência de reação do condutor;Colisão transversal;Com Vítimas Feridas;Pleno dia;Decrescente;Céu Claro;Simples;Reta;Não;4;0;0;1;3;0;1;2;-31,36554352;-52,72517905;SPRF-RS;DEL07-RS;UOP01-DEL07-RS
712397;17/08/2025;domingo;18:00:00;PA;316;81,5;SAO FRANCISCO DO PARA;Ingestão de álcool pelo condutor;Saída de leito carroçável;Sem Vítimas;Anoitecer;Decrescente;Céu Claro;Simples;Reta;Não;1;0;0;0;1;0;0;1;-1,306327;-47,766517;SPRF-PA;DEL01-PA;UOP02-DEL01-PA
712400;18/08/2025;segunda-feira;08:50:00;PE;104;61;CARUARU;Acesso irregular;Colisão lateral mesmo sentido;Com Vítimas Feridas;Pleno dia;Decrescente;Céu Claro;Dupla;Reta;Não;3;0;2;0;1;0;2;2;-8,245358;-35,974922;SPRF-PE;DEL02-PE;UOP01-DEL02-PE
712403;17/08/2025;domingo;21:40:00;MG;40;274;TRES MARIAS;Velocidade Incompatível;Colisão traseira;Com Vítimas Feridas;Plena Noite;Crescente;Céu Claro;Simples;Reta;Não;6;0;4;0;2;0;4;2;-18,19284001;-45,24432275;SPRF-MG;DEL14-MG;UOP02-DEL14-MG
712405;18/08/2025;segunda-feira;07:00:00;MG;381;443;SABARA;Ausência de reação do condutor;Colisão transversal;Com Vítimas Feridas;Pleno dia;Decrescente;Céu Claro;Simples;Reta;Não;3;0;1;1;1;0;2;2;-19,8276261;-43,8380388;SPRF-MG;DEL01-MG;UOP01-DEL01-MG
712407;18/08/2025;segunda-feira;08:43:00;SC;101;130;BALNEARIO CAMBORIU;Trafegar com motocicleta (ou similar) entre as faixas;Colisão lateral mesmo sentido;Sem Vítimas;Pleno dia;Decrescente;Céu Claro;Múltipla;Reta;Não;2;0;0;0;0;2;0;2;-26,9932909;-48,6618897;SPRF-SC;DEL04-SC;UOP03-DEL04-SC
712408;18/08/2025;segunda-feira;08:00:00;DF;70;8;BRASILIA;Pedestre cruzava a pista fora da faixa;Atropelamento de Pedestre;Com Vítimas Feridas;Pleno dia;Decrescente;Céu Claro;Dupla;Reta;Sim;2;0;1;0;1;0;1;2;-15,7952694;-48,1991065;SPRF-DF;DEL03-DF;UOP02-DEL03-DF
712409;18/08/2025;segunda-feira;07:30:00;PR;116;111;CURITIBA;Ingestão de álcool pelo condutor;Colisão lateral mesmo sentido;Com Vítimas Feridas;Pleno dia;Crescente;Céu Claro;Dupla;"Reta;Declive";Sim;2;0;0;1;1;0;1;2;-25,55973598;-49,26529739;SPRF-PR;DEL01-PR;UOP03-DEL01-PR
712410;18/08/2025;segunda-feira;07:40:00;SC;101;205;SAO JOSE;Reação tardia ou ineficiente do condutor;Colisão traseira;Com Vítimas Feridas;Pleno dia;Crescente;Céu Claro;Múltipla;Reta;Sim;2;0;1;0;1;0;1;2;-27,582144;-48,61481;SPRF-SC;DEL01-SC;UOP01-DEL01-SC
712411;18/08/2025;segunda-feira;09:30:00;SC;101;130;CAMBORIU;Trafegar com motocicleta (ou similar) entre as faixas;Colisão lateral mesmo sentido;Com Vítimas Feridas;Pleno dia;Crescente;Céu Claro;Dupla;Reta;Não;2;0;1;0;1;0;1;2;-26,98606272;-48,6667606;SPRF-SC;DEL04-SC;UOP03-DEL04-SC
712413;18/08/2025;segunda-feira;06:20:00;PI;316;313,4;PICOS;Pedestre andava na pista;Atropelamento de Pedestre;Com Vítimas Fatais;Pleno dia;Crescente;Céu Claro;Dupla;Curva;Sim;3;1;0;0;1;1;0;2;-7,07748498;-41,44347294;SPRF-PI;DEL04-PI;UOP01-DEL04-PI
712415;26/07/2025;sábado;08:30:00;PI;343;29,3;PARNAIBA;Conversão proibida;Colisão traseira;Com Vítimas Feridas;Pleno dia;Crescente;Céu Claro;Simples;Reta;Não;5;0;2;0;3;0;2;2;-3,0644108;-41,7782783;SPRF-PI;DEL05-PI;UOP01-DEL05-PI
712416;18/08/2025;segunda-feira;06:50:00;SP;116;57,8;GUARATINGUETA;Reação tardia ou ineficiente do condutor;Colisão lateral mesmo sentido;Com Vítimas Feridas;Pleno dia;Crescente;Nublado;Dupla;Reta;Sim;2;0;1;0;1;0;1;2;-22,77846659;-45,14445305;SPRF-SP;DEL08-SP;UOP01-DEL08-SP
712417;18/08/2025;segunda-feira;07:29:00;PR;116;17,8;CURITIBA;Acessar a via sem observar a presença dos outros veículos;Atropelamento de Pedestre;Com Vítimas Feridas;Pleno dia;Crescente;Garoa/Chuvisco;Dupla;"Aclive;Reta";Sim;2;0;2;0;0;0;2;2;-25,38892531;-49,1975805;SPRF-PR;DEL01-PR;UOP02-DEL01-PR
712419;18/08/2025;segunda-feira;09:45:00;RN;101;94,8;NATAL;Condutor deixou de manter distância do veículo da frente;Colisão traseira;Com Vítimas Feridas;Pleno dia;Decrescente;Céu Claro;Múltipla;"Interseção de Vias;Reta";Sim;3;0;2;0;1;0;2;2;-5,8397283;-35,2107941;SPRF-RN;DEL01-RN;UOP01-DEL01-RN
712420;18/08/2025;segunda-feira;10:00:00;ES;101;269,6;SERRA;Condutor desrespeitou a iluminação vermelha do semáforo;Colisão transversal;Com Vítimas Feridas;Pleno dia;Crescente;Céu Claro;Múltipla;"Interseção de Vias;Reta";Sim;3;0;2;0;1;0;2;2;-20,22188;-40,27042;SPRF-ES;DEL02-ES;UOP01-DEL02-ES
712421;02/08/2025;sábado;10:20:00;SP;116;118;TAUBATE;Trafegar com motocicleta (ou similar) entre as faixas;Colisão traseira;Com Vítimas Feridas;Pleno dia;Decrescente;Sol;Dupla;Reta;Sim;2;0;0;1;1;0;1;2;-23,0603247;-45,61751693;SPRF-SP;DEL02-SP;UOP02-DEL02-SP
712424;11/06/2025;quarta-feira;06:40:00;PE;232;8;RECIFE;Ausência de reação do condutor;Colisão traseira;Com Vítimas Feridas;Pleno dia;Decrescente;Sol;Dupla;Reta;Sim;3;0;0;1;2;0;1;2;-8,07588;-34,96982;SPRF-PE;DEL01-PE;UOP01-DEL01-PE
712425;18/08/2025;segunda-feira;09:05:00;AL;316;148,9;PALMEIRA DOS INDIOS;Acessar a via sem observar a presença dos outros veículos;Colisão transversal;Com Vítimas Feridas;Pleno dia;Decrescente;Céu Claro;Simples;Reta;Não;3;0;0;2;1;0;2;2;-9,411682;-36,681118;SPRF-AL;DEL03-AL;UOP01-DEL03-AL