id;data_inversa;dia_semana;horario;uf;br;km;municipio;causa_acidente;tipo_acidente;classificacao_acidente;fase_dia;sentido_via;condicao_metereologica;tipo_pista;tracado_via;uso_solo;pessoas;mortos;feridos_leves;feridos_graves;ilesos;ignorados;feridos;veiculos;latitude;longitude;regional;delegacia;uop
713220;22/08/2025;sexta-feira;07:30:00;BA;324;616;SALVADOR;Acessar a via sem observar a presença dos outros veículos;Colisão lateral mesmo sentido;Com Vítimas Feridas;Pleno dia;Crescente;Céu Claro;Dupla;Reta;Sim;2;0;1;0;1;0;1;2;-12,89414255;-38,4469986;SPRF-BA;DEL01-BA;UOP01-DEL01-BA
713223;22/08/2025;sexta-feira;07:50:00;MT;163;829,5;SINOP;Acessar a via sem observar a presença dos outros veículos;Colisão transversal;Com Vítimas Feridas;Pleno dia;Crescente;Céu Claro;Dupla;"Interseção de Vias;Retorno Regulamentado";Sim;3;0;1;0;2;0;1;2;-11,91278905;-55,50849795;SPRF-MT;DEL06-MT;UOP02-DEL06-MT
713224;22/08/2025;sexta-feira;08:25:00;GO;153;501,8;GOIANIA;Condutor deixou de manter distância do veículo da frente;Colisão traseira;Com Vítimas Feridas;Pleno dia;Crescente;Céu Claro;Dupla;Reta;Sim;3;0;2;0;1;0;2;3;-16,72048218;-49,23870061;SPRF-GO;DEL01-GO;UOP01-DEL01-GO
713230;22/08/2025;sexta-feira;09:50:00;MG;381;672,9;PERDOES;Manobra de mudança de faixa;Colisão com objeto;Com Vítimas Feridas;Pleno dia;Crescente;Céu Claro;Dupla;"Aclive;Reta";Não;1;0;1;0;0;0;1;1;-21,0939261;-45,07727193;SPRF-MG;DEL04-MG;UOP02-DEL04-MG
713231;22/08/2025;sexta-feira;10:13:00;SC;282;16,3;PALHOCA;Trafegar com motocicleta (ou similar) entre as faixas;Colisão transversal;Com Vítimas Feridas;Pleno dia;Crescente;Céu Claro;Simples;"Interseção de Vias;Reta";Sim;2;0;2;0;0;0;2;2;-27,66162505;-48,68452393;SPRF-SC;DEL01-SC;UOP02-DEL01-SC
713233;22/08/2025;sexta-feira;08:46:00;MG;365;456,7;PATROCINIO;Acessar a via sem observar a presença dos outros veículos;Engavetamento;Com Vítimas Feridas;Pleno dia;Crescente;Sol;Simples;Reta;Não;5;0;1;0;3;1;1;5;-18,848617;-46,870829;SPRF-MG;DEL10-MG;UOP01-DEL10-MG
713235;10/08/2025;domingo;15:30:00;MG;381;589;CARMOPOLIS DE MINAS;Velocidade Incompatível;Saída de leito carroçável;Com Vítimas Feridas;Pleno dia;Crescente;Céu Claro;Simples;"Curva;Declive";Sim;1;0;0;1;0;0;1;1;-20,5391363;-44,64163542;SPRF-MG;DEL04-MG;UOP01-DEL04-MG
713236;22/08/2025;sexta-feira;10:15:00;SC;101;43;JOINVILLE;Desrespeitar a preferência no cruzamento;Colisão transversal;Sem Vítimas;Pleno dia;Crescente;Sol;Simples;"Reta;Declive";Não;2;0;0;0;2;0;0;2;-26,333511;-48,861317;SPRF-SC;DEL03-SC;UOP01-DEL03-SC
713237;17/08/2025;domingo;15:30:00;RR;401;56;BONFIM;Chuva;Colisão frontal;Com Vítimas Fatais;Pleno dia;Crescente;Chuva;Simples;Curva;Não;10;3;3;4;0;0;7;2;3,111772;-60,330256;SPRF-RR;DEL01-RR;UOP01-DEL01-RR
713238;22/08/2025;sexta-feira;10:06:00;RJ;101;386;RIO DE JANEIRO;Acessar a via sem observar a presença dos outros veículos;Tombamento;Com Vítimas Feridas;Pleno dia;Crescente;Céu Claro;Dupla;Reta;Não;2;0;2;0;0;0;2;2;-22,88587109;-43,65084585;SPRF-RJ;DEL03-RJ;UOP01-DEL03-RJ
713239;22/08/2025;sexta-feira;09:25:00;MT;163;704;SORRISO;Ultrapassagem Indevida;Colisão frontal;Com Vítimas Fatais;Pleno dia;Crescente;Sol;Simples;Reta;Não;2;2;0;0;0;0;0;2;-12,939682;-55,863193;SPRF-MT;DEL06-MT;UOP01-DEL06-MT
713240;15/08/2025;sexta-feira;10:55:00;PI;343;302;ALTOS;Acessar a via sem observar a presença dos outros veículos;Colisão transversal;Com Vítimas Fatais;Pleno dia;Decrescente;Sol;Simples;Reta;Não;2;1;0;0;1;0;0;2;-5,02716838;-42,43653417;SPRF-PI;DEL01-PI;UOP03-DEL01-PI
713242;22/08/2025;sexta-feira;11:25:00;MG;40;569,3;NOVA LIMA;Condutor Dormindo;Saída de leito carroçável;Com Vítimas Feridas;Pleno dia;Decrescente;Céu Claro;Simples;Reta;Não;4;0;1;3;0;0;4;1;-20,20997159;-43,97325039;SPRF-MG;DEL01-MG;UOP02-DEL01-MG
713243;08/07/2025;terça-feira;10:40:00;RJ;40;27;PETROPOLIS;Condutor Dormindo;Saída de leito carroçável;Com Vítimas Feridas;Pleno dia;Decrescente;Céu Claro;Dupla;Reta;Não;2;0;0;2;0;0;2;1;-22,28;-43,12;SPRF-RJ;DEL05-RJ;UOP02-DEL05-RJ
713244;22/07/2025;terça-feira;13:00:00;ES;101;277,9;SERRA;Acessar a via sem observar a presença dos outros veículos;Colisão transversal;Com Vítimas Fatais;Pleno dia;Crescente;Sol;Dupla;Reta;Sim;3;1;0;0;2;0;0;2;-20,21686025;-40,3288132;SPRF-ES;DEL02-ES;UOP01-DEL02-ES
713248;22/08/2025;sexta-feira;10:30:00;MS;463;105;PONTA PORA;Transitar no Acostamento;Colisão traseira;Com Vítimas Feridas;Pleno dia;Decrescente;Céu Claro;Simples;Reta;Não;3;0;0;1;2;0;1;2;-22,59748466;-55,66418258;SPRF-MS;DEL04-MS;UOP03-DEL04-MS
713249;22/08/2025;sexta-feira;10:37:00;SC;101;416,7;ARARANGUA;Manobra de mudança de faixa;Colisão lateral mesmo sentido;Com Vítimas Feridas;Pleno dia;Crescente;Céu Claro;Múltipla;Reta;Sim;2;0;1;0;1;0;1;2;-28,97931204;-49,53598022;SPRF-SC;DEL02-SC;UOP02-DEL02-SC
713250;22/08/2025;sexta-feira;12:35:00;RN;406;169,7;SAO GONCALO DO AMARANTE;Acessar a via sem observar a presença dos outros veículos;Colisão lateral mesmo sentido;Com Vítimas Feridas;Pleno dia;Crescente;Sol;Dupla;Interseção de Vias;Sim;4;0;2;0;2;0;2;2;-5,757798;-35,301771;SPRF-RN;DEL02-RN;UOP01-DEL02-RN
713252;22/08/2025;sexta-feira;12:40:00;PR;277;584;CASCAVEL;Condutor deixou de manter distância do veículo da frente;Colisão lateral mesmo sentido;Com Vítimas Feridas;Pleno dia;Crescente;Céu Claro;Dupla;Reta;Sim;2;0;1;0;1;0;1;2;-24,9838904;-53,3731915;SPRF-PR;DEL04-PR;UOP01-DEL04-PR
713254;22/08/2025;sexta-feira;11:39:00;RJ;101;267;RIO BONITO;Reação tardia ou ineficiente do condutor;Queda de ocupante de veículo;Com Vítimas Feridas;Pleno dia;Crescente;Céu Claro;Dupla;Reta;Sim;1;0;1;0;0;0;1;1;-22,70762;-42,661623;SPRF-RJ;DEL02-RJ;UOP03-DEL02-RJ
713255;22/08/2025;sexta-feira;08:00:00;MG;40;162,9;JOAO PINHEIRO;Condutor Dormindo;Saída de leito carroçável;Com Vítimas Feridas;Pleno dia;Decrescente;Sol;Dupla;Reta;Não;1;0;1;0;0;0;1;1;-17,9030052;-46,1156139;SPRF-MG;DEL14-MG;UOP02-DEL14-MG
713256;22/08/2025;sexta-feira;12:50:00;SC;280;58;GUARAMIRIM;Condutor deixou de manter distância do veículo da frente;Colisão traseira;Com Vítimas Feridas;Pleno dia;Crescente;Sol;Dupla;Reta;Não;2;0;1;0;1;0;1;2;-26,474275;-49,023616;SPRF-SC;DEL03-SC;UOP03-DEL03-SC
713257;22/08/2025;sexta-feira;13:25:00;MG;381;351;JOAO MONLEVADE;Entrada inopinada do pedestre;Atropelamento de Pedestre;Com Vítimas Feridas;Pleno dia;Crescente;Céu Claro;Simples;Reta;Sim;3;0;0;1;2;0;1;2;-19,83952985;-43,18057847;SPRF-MG;DEL03-MG;UOP01-DEL03-MG
713259;22/08/2025;sexta-feira;13:45:00;PE;101;69,5;RECIFE;Acessar a via sem observar a presença dos outros veículos;Colisão transversal;Com Vítimas Feridas;Pleno dia;Crescente;Céu Claro;Dupla;Reta;Sim;2;0;1;0;1;0;1;2;-8,06382;-34,94458;SPRF-PE;DEL01-PE;UOP01-DEL01-PE
713260;17/05/2025;sábado;00:20:00;GO;153;503;GOIANIA;Reação tardia ou ineficiente do condutor;Colisão lateral mesmo sentido;Com Vítimas Feridas;Plena Noite;Crescente;Céu Claro;Dupla;"Viaduto;Curva";Sim;3;0;1;0;1;1;1;3;-16,72954369;-49,24303561;SPRF-GO;DEL01-GO;UOP01-DEL01-GO
713261;22/08/2025;sexta-feira;13:10:00;SP;116;536;BARRA DO TURVO;Reação tardia ou ineficiente do condutor;Queda de ocupante de veículo;Com Vítimas Feridas;Pleno dia;Crescente;Céu Claro;Dupla;"Curva;Aclive";Não;2;0;2;0;0;0;2;1;-24,97178327;-48,35076442;SPRF-SP;DEL05-SP;UOP02-DEL05-SP
713263;22/08/2025;sexta-feira;13:00:00;SC;101;435,5;SOMBRIO;Desrespeitar a preferência no cruzamento;Colisão transversal;Com Vítimas Feridas;Pleno dia;Crescente;Céu Claro;Múltipla;"Viaduto;Interseção de Vias;Rotatória";Sim;2;0;1;0;1;0;1;2;-29,11088325;-49,63868586;SPRF-SC;DEL02-SC;UOP02-DEL02-SC
713266;22/08/2025;sexta-feira;14:37:00;RN;406;164,8;SAO GONCALO DO AMARANTE;Frear bruscamente;Colisão frontal;Com Vítimas Feridas;Pleno dia;Crescente;Chuva;Simples;Reta;Não;3;0;0;2;1;0;2;2;-5,742739;-35,342219;SPRF-RN;DEL02-RN;UOP01-DEL02-RN
713267;22/08/2025;sexta-feira;10:30:00;MS;158;2;CASSILANDIA;Acessar a via sem observar a presença dos outros veículos;Colisão transversal;Com Vítimas Feridas;Pleno dia;Crescente;Céu Claro;Simples;"Reta;Aclive;Interseção de Vias";Sim;2;0;1;0;1;0;1;2;-19,12280792;-51,72223806;SPRF-MS;DEL08-MS;UOP01-DEL08-MS
713268;23/05/2025;sexta-feira;07:22:00;ES;393;27,3;MUQUI;Ausência de reação do condutor;Colisão frontal;Com Vítimas Feridas;Pleno dia;Decrescente;Céu Claro;Simples;Reta;Não;2;0;0;1;1;0;1;2;-20,94478146;-41,33612093;SPRF-ES;DEL03-ES;UOP02-DEL03-ES
713269;22/08/2025;sexta-feira;14:50:00;RS;116;249;SAO LEOPOLDO;Avarias e/ou desgaste excessivo no pneu;Colisão com objeto;Com Vítimas Feridas;Pleno dia;Crescente;Garoa/Chuvisco;Dupla;"Curva;Ponte";Sim;1;0;1;0;0;0;1;1;-29,78728578;-51,16432786;SPRF-RS;DEL01-RS;UOP02-DEL01-RS
713270;22/08/2025;sexta-feira;14:40:00;PR;277;1,5;PARANAGUA;Reação tardia ou ineficiente do condutor;Colisão traseira;Com Vítimas Feridas;Pleno dia;Crescente;Sol;Dupla;Reta;Sim;2;0;1;0;0;1;1;2;-25,552862;-48,554287;SPRF-PR;DEL01-PR;UOP05-DEL01-PR
713272;22/08/2025;sexta-feira;11:00:00;RJ;40;109;DUQUE DE CAXIAS;Ausência de reação do condutor;Colisão com objeto;Com Vítimas Feridas;Pleno dia;Crescente;Céu Claro;Dupla;Reta;Sim;3;0;2;0;1;0;2;1;-22,6745398;-43,2863918;SPRF-RJ;DEL01-RJ;UOP02-DEL01-RJ
713274;22/08/2025;sexta-feira;14:10:00;GO;153;419,5;ANAPOLIS;Ausência de reação do condutor;Queda de ocupante de veículo;Com Vítimas Feridas;Pleno dia;Crescente;Céu Claro;Simples;Rotatória;Sim;1;0;1;0;0;0;1;1;-16,190649;-49,03419;SPRF-GO;DEL02-GO;UOP01-DEL02-GO
713275;22/08/2025;sexta-feira;15:00:00;SP;116;218;GUARULHOS;Velocidade Incompatível;Colisão traseira;Com Vítimas Feridas;Pleno dia;Decrescente;Céu Claro;Múltipla;Reta;Sim;1;0;1;0;0;0;1;1;-23,45906799;-46,48273436;SPRF-SP;DEL01-SP;UOP01-DEL01-SP
713276;18/08/2025;segunda-feira;05:20:00;RJ;393;228;VASSOURAS;Animais na Pista;Atropelamento de Animal;Com Vítimas Feridas;Amanhecer;Crescente;Céu Claro;Simples;Reta;Não;1;0;1;0;0;0;1;1;-22,37500311;-43,62566471;SPRF-RJ;DEL05-RJ;UOP03-DEL05-RJ
713277;22/08/2025;sexta-feira;11:10:00;SC;282;606;MARAVILHA;Acessar a via sem observar a presença dos outros veículos;Colisão transversal;Com Vítimas Feridas;Pleno dia;Crescente;Céu Claro;Simples;Reta;Sim;3;0;1;1;1;0;2;2;-26,7724552;-53,2047896;SPRF-SC;DEL07-SC;UOP02-DEL07-SC
713280;22/08/2025;sexta-feira;15:30:00;SP;153;59,8;SAO JOSE DO RIO PRETO;Avarias e/ou desgaste excessivo no pneu;Tombamento;Com Vítimas Feridas;Pleno dia;Decrescente;Céu Claro;Dupla;Reta;Sim;2;0;2;0;0;0;2;1;-20,79304905;-49,35443759;SPRF-SP;DEL09-SP;UOP01-DEL09-SP
713282;22/08/2025;sexta-feira;15:30:00;RS;116;265;CANOAS;Ausência de reação do condutor;Saída de leito carroçável;Com Vítimas Feridas;Pleno dia;Crescente;Nublado;Dupla;"Reta;Em Obras";Sim;1;0;1;0;0;0;1;1;-29,92713155;-51,17794124;SPRF-RS;DEL01-RS;UOP01-DEL01-RS
713285;03/08/2025;domingo;05:50:00;PR;163;283;MARECHAL CANDIDO RONDON;Acumulo de areia ou detritos sobre o pavimento;Queda de ocupante de veículo;Com Vítimas Feridas;Plena Noite;Crescente;Céu Claro;Simples;"Curva;Declive;Interseção de Vias";Sim;1;0;1;0;0;0;1;1;-24,5671186;-54,03357522;SPRF-PR;DEL06-PR;UOP02-DEL06-PR
713286;22/08/2025;sexta-feira;16:05:00;ES;101;65;SAO MATEUS;Demais falhas mecânicas ou elétricas;Incêndio;Sem Vítimas;Anoitecer;Crescente;Céu Claro;Simples;"Aclive;Reta";Não;1;0;0;0;1;0;0;1;-18,70867231;-39,87722191;SPRF-ES;DEL04-ES;UOP02-DEL04-ES
713287;22/08/2025;sexta-feira;14:15:00;AP;156;629;CALCOENE;Manobra de mudança de faixa;Tombamento;Com Vítimas Feridas;Pleno dia;Crescente;Céu Claro;Simples;Reta;Não;1;0;0;1;0;0;1;1;2,46;-51,14;SPRF-AP;DEL01-AP;UOP02-DEL01-AP
713289;22/08/2025;sexta-feira;16:15:00;MG;40;634,6;CONSELHEIRO LAFAIETE;Reação tardia ou ineficiente do condutor;Saída de leito carroçável;Com Vítimas Feridas;Pleno dia;Decrescente;Sol;Simples;Curva;Não;3;0;2;0;1;0;2;1;-20,69919054;-43,79280701;SPRF-MG;DEL05-MG;UOP02-DEL05-MG
713291;22/08/2025;sexta-feira;15:00:00;RJ;356;185;SAO JOAO DA BARRA;Estacionar ou parar em local proibido;Colisão traseira;Com Vítimas Feridas;Pleno dia;Decrescente;Céu Claro;Simples;Reta;Sim;2;0;1;0;1;0;1;2;-21,627948;-41,025192;SPRF-RJ;DEL08-RJ;UOP02-DEL08-RJ
713292;22/08/2025;sexta-feira;17:00:00;SC;101;199,5;SAO JOSE;Reação tardia ou ineficiente do condutor;Colisão traseira;Com Vítimas Feridas;Anoitecer;Crescente;Nublado;Múltipla;Reta;Sim;3;0;2;0;1;0;2;2;-27,53744;-48,62605;SPRF-SC;DEL01-SC;UOP01-DEL01-SC
713295;22/08/2025;sexta-feira;13:50:00;MT;70;508;CUIABA;Ultrapassagem Indevida;Colisão transversal;Com Vítimas Feridas;Pleno dia;Crescente;Sol;Simples;"Reta;Declive";Não;2;0;1;0;1;0;1;2;-15,699415;-56,082261;SPRF-MT;DEL01-MT;UOP02-DEL01-MT
713298;22/08/2025;sexta-feira;17:30:00;RJ;40;120;DUQUE DE CAXIAS;Velocidade Incompatível;Colisão lateral mesmo sentido;Com Vítimas Feridas;Pleno dia;Decrescente;Céu Claro;Múltipla;Reta;Sim;3;0;1;0;2;0;1;3;-22,7724173;-43,2857657;SPRF-RJ;DEL01-RJ;UOP02-DEL01-RJ
713300;22/08/2025;sexta-feira;16:45:00;PB;230;55,1;CRUZ DO ESPIRITO SANTO;Reação tardia ou ineficiente do condutor;Saída de leito carroçável;Com Vítimas Feridas;Pleno dia;Decrescente;Céu Claro;Dupla;Reta;Não;2;0;0;2;0;0;2;1;-7,202163;-35,103175;SPRF-PB;DEL01-PB;UOP02-DEL01-PB
713302;22/08/2025;sexta-feira;17:15:00;SC;101;150,1;ITAPEMA;Trafegar com motocicleta (ou similar) entre as faixas;Colisão lateral sentido oposto;Com Vítimas Feridas;Anoitecer;Decrescente;Céu Claro;Dupla;Reta;Sim;3;0;0;1;2;0;1;3;-27,12420116;-48,60937588;SPRF-SC;DEL04-SC;UOP03-DEL04-SC
713304;22/08/2025;sexta-feira;17:15:00;SP;101;52;UBATUBA;Ingestão de álcool pelo condutor;Colisão lateral mesmo sentido;Com Vítimas Feridas;Pleno dia;Decrescente;Céu Claro;Simples;Rotatória;Sim;3;0;1;0;2;0;1;2;-23,46254664;-45,06428417;SPRF-SP;DEL06-SP;UOP01-DEL06-SP
713306;22/08/2025;sexta-feira;17:20:00;MG;40;531,7;BELO HORIZONTE;Condutor deixou de manter distância do veículo da frente;Colisão traseira;Com Vítimas Feridas;Pleno dia;Decrescente;Céu Claro;Dupla;"Aclive;Reta";Sim;3;0;1;0;2;0;1;2;-19,922682;-44,020689;SPRF-MG;DEL01-MG;UOP02-DEL01-MG
713307;22/08/2025;sexta-feira;17:10:00;PR;116;93;SAO JOSE DOS PINHAIS;Ausência de reação do condutor;Saída de leito carroçável;Com Vítimas Feridas;Pleno dia;Decrescente;Céu Claro;Simples;"Curva;Declive";Não;1;0;1;0;0;0;1;1;-25,555275;-49,029864;SPRF-PR;DEL01-PR;UOP07-DEL01-PR
713308;22/08/2025;sexta-feira;17:50:00;PR;369;137;IBIPORA;Acessar a via sem observar a presença dos outros veículos;Colisão transversal;Com Vítimas Feridas;Pleno dia;Decrescente;Céu Claro;Dupla;Reta;Não;5;0;0;1;4;0;1;2;-23,27045;-51,038953;SPRF-PR;DEL07-PR;UOP01-DEL07-PR
713309;22/08/2025;sexta-feira;17:20:00;SC;282;27,7;SANTO AMARO DA IMPERATRIZ;Velocidade Incompatível;Queda de ocupante de veículo;Com Vítimas Feridas;Anoitecer;Decrescente;Céu Claro;Simples;Reta;Sim;1;0;1;0;0;0;1;1;-27,67447;-48,7772877;SPRF-SC;DEL01-SC;UOP03-DEL01-SC
713310;22/08/2025;sexta-feira;17:45:00;GO;20;183,4;ALVORADA DO NORTE;Afundamento ou ondulação no pavimento;Queda de ocupante de veículo;Com Vítimas Feridas;Anoitecer;Decrescente;Céu Claro;Dupla;Reta;Sim;2;0;1;0;1;0;1;1;-14,4801792;-46,4945152;SPRF-DF;DEL02-DF;UOP03-DEL02-DF
713313;22/08/2025;sexta-feira;17:25:00;SC;470;88,7;ASCURRA;Acessar a via sem observar a presença dos outros veículos;Colisão transversal;Com Vítimas Feridas;Anoitecer;Crescente;Nublado;Simples;Curva;Não;4;0;1;1;2;0;2;2;-26,9604679;-49,37499253;SPRF-SC;DEL04-SC;UOP01-DEL04-SC
713315;22/08/2025;sexta-feira;19:00:00;SP;116;221,5;GUARULHOS;Reação tardia ou ineficiente do condutor;Colisão traseira;Com Vítimas Feridas;Plena Noite;Decrescente;Céu Claro;Simples;Reta;Sim;3;0;1;0;2;0;1;2;-23,469647;-46,511913;SPRF-SP;DEL01-SP;UOP01-DEL01-SP
713318;22/08/2025;sexta-feira;17:30:00;BA;116;810;VITORIA DA CONQUISTA;Acessar a via sem observar a presença dos outros veículos;Colisão transversal;Com Vítimas Feridas;Anoitecer;Decrescente;Céu Claro;Simples;Rotatória;Não;2;0;0;1;1;0;1;2;-14,786387;-40,747437;SPRF-BA;DEL08-BA;UOP01-DEL08-BA
713322;22/08/2025;sexta-feira;17:55:00;ES;101;65;SAO MATEUS;Ausência de reação do condutor;Tombamento;Com Vítimas Feridas;Anoitecer;Crescente;Céu Claro;Dupla;Reta;Não;1;0;1;0;0;0;1;1;-18,7156782;-39,8755792;SPRF-ES;DEL04-ES;UOP02-DEL04-ES
713323;22/08/2025;sexta-feira;18:40:00;RJ;101;485,3;ANGRA DOS REIS;Acessar a via sem observar a presença dos outros veículos;Atropelamento de Pedestre;Com Vítimas Feridas;Plena Noite;Crescente;Chuva;Simples;Reta;Sim;3;0;1;0;2;0;1;3;-22,9437692;-44,3266306;SPRF-RJ;DEL03-RJ;UOP03-DEL03-RJ
713324;22/08/2025;sexta-feira;18:30:00;SC;280;53;GUARAMIRIM;Acessar a via sem observar a presença dos outros veículos;Colisão transversal;Com Vítimas Feridas;Plena Noite;Crescente;Céu Claro;Dupla;Rotatória;Sim;2;0;1;0;1;0;1;2;-26,46726918;-48,96001339;SPRF-SC;DEL03-SC;UOP03-DEL03-SC
713325;22/08/2025;sexta-feira;18:30:00;PR;153;42,6;SANTO ANTONIO DA PLATINA;Desrespeitar a preferência no cruzamento;Colisão transversal;Com Vítimas Feridas;Anoitecer;Crescente;Céu Claro;Simples;"Reta;Interseção de Vias";Sim;2;0;1;0;1;0;1;2;-23,30149154;-50,07030702;SPRF-PR;DEL07-PR;UOP04-DEL07-PR
713326;22/08/2025;sexta-feira;17:40:00;MT;70;2;BARRA DO GARCAS;Conversão proibida;Colisão transversal;Com Vítimas Feridas;Plena Noite;Crescente;Céu Claro;Dupla;Reta;Sim;3;0;1;0;1;1;1;3;-15,88319784;-52,27464706;SPRF-MT;DEL07-MT;UOP01-DEL07-MT
713327;22/08/2025;sexta-feira;18:00:00;MG;40;546;NOVA LIMA;Manobra de mudança de faixa;Colisão lateral mesmo sentido;Com Vítimas Feridas;Plena Noite;Decrescente;Céu Claro;Dupla;Reta;Sim;3;0;2;0;1;0;2;2;-20,013;-43,967;SPRF-MG;DEL01-MG;UOP02-DEL01-MG
713328;19/08/2025;terça-feira;20:00:00;MA;230;219,5;SAO DOMINGOS DO AZEITAO;Ultrapassagem Indevida;Colisão frontal;Com Vítimas Feridas;Plena Noite;Decrescente;Céu Claro;Simples;Reta;Não;3;0;0;2;1;0;2;2;-6,83697321;-44,67651285;SPRF-MA;DEL05-MA;UOP01-DEL05-MA
713331;22/08/2025;sexta-feira;15:50:00;RJ;101;317;SAO GONCALO;Reação tardia ou ineficiente do condutor;Engavetamento;Com Vítimas Feridas;Pleno dia;Decrescente;Céu Claro;Dupla;Reta;Sim;6;0;2;0;4;0;2;3;-22,84039673;-43,09377551;SPRF-RJ;DEL02-RJ;UOP02-DEL02-RJ
713332;22/08/2025;sexta-feira;18:50:00;ES;101;146;LINHARES;Condutor deixou de manter distância do veículo da frente;Colisão traseira;Com Vítimas Feridas;Plena Noite;Crescente;Céu Claro;Dupla;Reta;Sim;3;0;2;0;1;0;2;2;-19,35232366;-40,06335005;SPRF-ES;DEL04-ES;UOP01-DEL04-ES
713334;22/08/2025;sexta-feira;19:08:00;RS;290;103;ELDORADO DO SUL;Manobra de mudança de faixa;Colisão lateral mesmo sentido;Com Vítimas Feridas;Plena Noite;Decrescente;Nublado;Dupla;"Aclive;Reta;Ponte";Não;2;0;1;0;1;0;1;2;-29,99171993;-51,27065294;SPRF-RS;DEL01-RS;UOP01-DEL01-RS
713336;22/08/2025;sexta-feira;18:15:00;MT;163;690;LUCAS DO RIO VERDE;Acessar a via sem observar a presença dos outros veículos;Colisão com objeto;Com Vítimas Feridas;Plena Noite;Crescente;Céu Claro;Simples;Reta;Sim;2;0;1;0;1;0;1;2;-13,06650315;-55,923892;SPRF-MT;DEL06-MT;UOP01-DEL06-MT
713337;22/08/2025;sexta-feira;13:40:00;RS;116;252;SAPUCAIA DO SUL;Acumulo de água sobre o pavimento;Tombamento;Com Vítimas Feridas;Pleno dia;Crescente;Chuva;Dupla;Reta;Sim;1;0;1;0;0;0;1;1;-29,80417008;-51,1665458;SPRF-RS;DEL01-RS;UOP02-DEL01-RS
713339;22/08/2025;sexta-feira;19:30:00;SP;116;138;SAO JOSE DOS CAMPOS;Ausência de reação do condutor;Colisão traseira;Sem Vítimas;Plena Noite;Crescente;Céu Claro;Dupla;Reta;Não;2;0;0;0;2;0;0;2;-23,1538999;-45,78552246;SPRF-SP;DEL02-SP;UOP01-DEL02-SP
713340;22/08/2025;sexta-feira;19:30:00;PR;373;415;FOZ DO JORDAO;Condutor deixou de manter distância do veículo da frente;Colisão transversal;Com Vítimas Feridas;Plena Noite;Crescente;Céu Claro;Simples;Reta;Sim;5;0;3;0;2;0;3;2;-25,66990576;-52,12320535;SPRF-PR;DEL08-PR;UOP01-DEL08-PR
713341;22/08/2025;sexta-feira;18:30:00;RO;364;347;JI-PARANA;Acessar a via sem observar a presença dos outros veículos;Colisão transversal;Com Vítimas Feridas;Anoitecer;Crescente;Ignorado;Simples;"Interseção de Vias;Reta";Sim;2;0;1;0;1;0;1;2;-10,858208;-61,979838;SPRF-RO;DEL02-RO;UOP01-DEL02-RO
713342;22/08/2025;sexta-feira;17:50:00;MT;70;526;VARZEA GRANDE;Acessar a via sem observar a presença dos outros veículos;Colisão transversal;Com Vítimas Feridas;Anoitecer;Crescente;Céu Claro;Simples;"Reta;Interseção de Vias";Sim;2;0;0;1;1;0;1;2;-15,65213;-56,20118;SPRF-MT;DEL01-MT;UOP02-DEL01-MT
713343;22/08/2025;sexta-feira;17:40:00;MT;364;435;VARZEA GRANDE;Acessar a via sem observar a presença dos outros veículos;Colisão transversal;Com Vítimas Feridas;Plena Noite;Decrescente;Céu Claro;Dupla;Reta;Sim;2;0;0;1;1;0;1;2;-15,64461416;-56,19961381;SPRF-MT;DEL01-MT;UOP02-DEL01-MT
713344;22/08/2025;sexta-feira;19:40:00;RJ;116;125;MAGE;Manobra de mudança de faixa;Queda de ocupante de veículo;Com Vítimas Feridas;Plena Noite;Decrescente;Céu Claro;Dupla;Reta;Não;2;0;2;0;0;0;2;1;-22,65759038;-43,07376321;SPRF-RJ;DEL04-RJ;UOP02-DEL04-RJ
713346;22/08/2025;sexta-feira;20:06:00;SE;101;92,5;NOSSA SENHORA DO SOCORRO;Pedestre - Ingestão de álcool/ substâncias psicoativas;Atropelamento de Pedestre;Com Vítimas Feridas;Plena Noite;Crescente;Céu Claro;Dupla;Reta;Não;2;0;0;1;0;1;1;2;-10,90526432;-37,12328036;SPRF-SE;DEL01-SE;UOP01-DEL01-SE
713347;22/08/2025;sexta-feira;17:45:00;SC;280;28;ARAQUARI;Conversão proibida;Colisão transversal;Com Vítimas Feridas;Pleno dia;Decrescente;Céu Claro;Simples;Reta;Não;2;0;1;0;1;0;1;2;-26,40554388;-48,7464207;SPRF-SC;DEL03-SC;UOP03-DEL03-SC
713348;22/08/2025;sexta-feira;20:20:00;PR;116;121;CURITIBA;Reação tardia ou ineficiente do condutor;Engavetamento;Com Vítimas Feridas;Plena Noite;Crescente;Céu Claro;Dupla;"Aclive;Reta";Não;4;0;1;0;3;0;1;3;-25,601557;-49,317694;SPRF-PR;DEL01-PR;UOP03-DEL01-PR
713349;22/08/2025;sexta-feira;20:00:00;SP;116;217;GUARULHOS;Condutor deixou de manter distância do veículo da frente;Colisão lateral mesmo sentido;Com Vítimas Feridas;Plena Noite;Crescente;Céu Claro;Múltipla;"Aclive;Reta";Sim;2;0;2;0;0;0;2;2;-23,45344806;-46,47044985;SPRF-SP;DEL01-SP;UOP01-DEL01-SP