id;data_inversa;dia_semana;horario;uf;br;km;municipio;causa_acidente;tipo_acidente;classificacao_acidente;fase_dia;sentido_via;condicao_metereologica;tipo_pista;tracado_via;uso_solo;pessoas;mortos;feridos_leves;feridos_graves;ilesos;ignorados;feridos;veiculos;latitude;longitude;regional;delegacia;uop
713479;23/08/2025;sábado;09:30:00;SP;116;201;ARUJA;Manobra de mudança de faixa;Colisão traseira;Com Vítimas Feridas;Pleno dia;Decrescente;Céu Claro;Dupla;"Aclive;Reta";Não;2;0;1;0;1;0;1;2;-23,40678145;-46,33619833;SPRF-SP;DEL01-SP;UOP01-DEL01-SP
713481;23/08/2025;sábado;11:25:00;PR;163;180,4;SANTA TEREZA DO OESTE;Acumulo de água sobre o pavimento;Saída de leito carroçável;Com Vítimas Feridas;Pleno dia;Crescente;Chuva;Dupla;Curva;Não;1;0;1;0;0;0;1;1;-25,152358;-53,595138;SPRF-PR;DEL05-PR;UOP05-DEL05-PR
713482;23/08/2025;sábado;11:02:00;DF;20;7,8;BRASILIA;Ausência de reação do condutor;Colisão com objeto;Sem Vítimas;Pleno dia;Decrescente;Céu Claro;Dupla;"Em Obras;Reta";Sim;2;0;0;0;2;0;0;2;-15,659094;-47,793653;SPRF-DF;DEL02-DF;UOP01-DEL02-DF
713483;23/08/2025;sábado;12:00:00;BA;116;425;FEIRA DE SANTANA;Afundamento ou ondulação no pavimento;Queda de ocupante de veículo;Com Vítimas Feridas;Pleno dia;Crescente;Garoa/Chuvisco;Dupla;Reta;Sim;2;0;2;0;0;0;2;1;-12,2506453;-38,988311;SPRF-BA;DEL02-BA;UOP01-DEL02-BA
713484;23/08/2025;sábado;11:20:00;PR;476;114,5;COLOMBO;Acessar a via sem observar a presença dos outros veículos;Colisão transversal;Com Vítimas Feridas;Pleno dia;Decrescente;Céu Claro;Simples;"Interseção de Vias;Rotatória";Sim;2;0;1;0;1;0;1;2;-25,33985;-49,157391;SPRF-PR;DEL01-PR;UOP01-DEL01-PR
713485;23/08/2025;sábado;11:20:00;MG;40;41,8;PARACATU;Reação tardia ou ineficiente do condutor;Tombamento;Com Vítimas Feridas;Pleno dia;Crescente;Céu Claro;Simples;Reta;Sim;1;0;1;0;0;0;1;1;-17,21725101;-46,86747942;SPRF-MG;DEL14-MG;UOP01-DEL14-MG
713487;23/08/2025;sábado;11:42:00;RN;101;98,9;NATAL;Ausência de reação do condutor;Colisão traseira;Sem Vítimas;Pleno dia;Crescente;Sol;Dupla;Reta;Sim;2;0;0;0;2;0;0;2;-5,87097293;-35,21933405;SPRF-RN;DEL01-RN;UOP01-DEL01-RN
713488;23/08/2025;sábado;12:05:00;SC;101;214;PALHOCA;Acessar a via sem observar a presença dos outros veículos;Colisão lateral mesmo sentido;Com Vítimas Feridas;Pleno dia;Decrescente;Nublado;Simples;Reta;Sim;2;0;1;0;1;0;1;2;-27,643602;-48,66947;SPRF-SC;DEL01-SC;UOP02-DEL01-SC
713489;23/08/2025;sábado;12:00:00;RJ;40;114;DUQUE DE CAXIAS;Reação tardia ou ineficiente do condutor;Colisão traseira;Com Vítimas Feridas;Pleno dia;Decrescente;Céu Claro;Dupla;Reta;Sim;2;0;1;0;1;0;1;2;-22,71389034;-43,28960359;SPRF-RJ;DEL01-RJ;UOP02-DEL01-RJ
713490;23/08/2025;sábado;11:40:00;PR;369;174;ROLANDIA;Conversão proibida;Colisão transversal;Com Vítimas Feridas;Pleno dia;Crescente;Céu Claro;Simples;Reta;Sim;3;0;2;0;0;1;2;2;-23,31557738;-51,37607217;SPRF-PR;DEL07-PR;UOP01-DEL07-PR
713491;23/08/2025;sábado;12:15:00;RS;116;256;ESTEIO;Acesso irregular;Colisão lateral mesmo sentido;Com Vítimas Feridas;Pleno dia;Decrescente;Chuva;Múltipla;Reta;Sim;3;0;1;0;2;0;1;2;-29,83332882;-51,1742001;SPRF-RS;DEL01-RS;UOP02-DEL01-RS
713492;23/08/2025;sábado;12:50:00;SC;470;55,9;BLUMENAU;Acesso irregular;Colisão lateral mesmo sentido;Com Vítimas Feridas;Pleno dia;Decrescente;Céu Claro;Simples;"Em Obras;Desvio Temporário";Sim;2;0;1;0;1;0;1;2;-26,87654323;-49,12629614;SPRF-SC;DEL04-SC;UOP01-DEL04-SC
713493;23/08/2025;sábado;12:30:00;SP;116;114;TAUBATE;Avarias e/ou desgaste excessivo no pneu;Tombamento;Com Vítimas Feridas;Pleno dia;Decrescente;Sol;Dupla;Reta;Não;2;0;2;0;0;0;2;1;-23,04782241;-45,59452621;SPRF-SP;DEL02-SP;UOP02-DEL02-SP
713494;23/08/2025;sábado;13:20:00;PB;230;2;CABEDELO;Ausência de reação do condutor;Queda de ocupante de veículo;Com Vítimas Feridas;Pleno dia;Crescente;Céu Claro;Dupla;Reta;Sim;2;0;2;0;0;0;2;1;-6,983598;-34,829472;SPRF-PB;DEL01-PB;UOP01-DEL01-PB
713496;15/07/2025;terça-feira;06:35:00;SC;280;28,3;ARAQUARI;Acesso irregular;Queda de ocupante de veículo;Com Vítimas Feridas;Amanhecer;Decrescente;Ignorado;Simples;Reta;Não;2;0;1;0;1;0;1;2;-26,406945;-48,748332;SPRF-SC;DEL03-SC;UOP03-DEL03-SC
713497;23/08/2025;sábado;13:00:00;SC;101;398,6;MARACAJA;Manobra de mudança de faixa;Colisão frontal;Com Vítimas Feridas;Pleno dia;Decrescente;Nublado;Simples;"Reta;Declive";Não;2;0;1;0;1;0;1;2;-28,84889579;-49,43454908;SPRF-SC;DEL02-SC;UOP02-DEL02-SC
713498;23/08/2025;sábado;13:50:00;SC;101;88,4;BARRA VELHA;Reação tardia ou ineficiente do condutor;Colisão com objeto;Com Vítimas Feridas;Pleno dia;Crescente;Nublado;Múltipla;Reta;Sim;1;0;1;0;0;0;1;1;-26,6579968;-48,68810177;SPRF-SC;DEL03-SC;UOP02-DEL03-SC
713499;23/08/2025;sábado;11:00:00;RS;285;5;SAO BORJA;Acessar a via sem observar a presença dos outros veículos;Colisão transversal;Sem Vítimas;Pleno dia;Decrescente;Chuva;Simples;Rotatória;Sim;2;0;0;0;2;0;0;2;-28,64151347;-55,98815203;SPRF-RS;DEL12-RS;UOP01-DEL12-RS
713501;23/08/2025;sábado;13:30:00;RS;392;320,8;SAO SEPE;Ingestão de álcool pelo condutor;Saída de leito carroçável;Com Vítimas Feridas;Pleno dia;Crescente;Chuva;Simples;Reta;Não;1;0;0;1;0;0;1;1;-29,982729;-53,687807;SPRF-RS;DEL09-RS;UOP01-DEL09-RS
713502;23/08/2025;sábado;14:15:00;SP;116;219;GUARULHOS;Estacionar ou parar em local proibido;Colisão traseira;Sem Vítimas;Pleno dia;Decrescente;Céu Claro;Múltipla;Reta;Sim;2;0;0;0;2;0;0;2;-23,4240187;-46,397941;SPRF-SP;DEL01-SP;UOP01-DEL01-SP
713503;23/08/2025;sábado;12:20:00;PR;277;69;SAO JOSE DOS PINHAIS;Reação tardia ou ineficiente do condutor;Queda de ocupante de veículo;Com Vítimas Feridas;Pleno dia;Decrescente;Céu Claro;Dupla;Reta;Sim;1;0;1;0;0;0;1;1;-25,51388;-49,1234;SPRF-PR;DEL01-PR;UOP01-DEL01-PR
713504;23/08/2025;sábado;14:10:00;PB;230;57;CRUZ DO ESPIRITO SANTO;Demais falhas mecânicas ou elétricas;Tombamento;Com Vítimas Feridas;Pleno dia;Crescente;Nublado;Dupla;Reta;Não;2;0;1;1;0;0;2;1;-7,2032906;-35,1196066;SPRF-PB;DEL01-PB;UOP02-DEL01-PB
713505;23/08/2025;sábado;07:10:00;RJ;101;320;NITEROI;Manobra de mudança de faixa;Colisão lateral mesmo sentido;Com Vítimas Feridas;Pleno dia;Decrescente;Céu Claro;Dupla;Reta;Sim;3;0;2;0;0;1;2;2;-22,87965466;-43,1124115;SPRF-RJ;DEL02-RJ;UOP01-DEL02-RJ
713507;23/08/2025;sábado;14:00:00;GO;60;108;GOIANAPOLIS;Reação tardia ou ineficiente do condutor;Colisão com objeto;Com Vítimas Feridas;Pleno dia;Crescente;Céu Claro;Dupla;Reta;Não;1;0;1;0;0;0;1;1;-16,4479204;-49,0237645;SPRF-GO;DEL01-GO;UOP01-DEL01-GO
713508;23/08/2025;sábado;10:56:00;MG;116;551,9;SANTA BARBARA DO LESTE;Reação tardia ou ineficiente do condutor;Queda de ocupante de veículo;Com Vítimas Feridas;Pleno dia;Decrescente;Céu Claro;Simples;Reta;Não;1;0;1;0;0;0;1;1;-19,99163371;-42,14361403;SPRF-MG;DEL06-MG;UOP02-DEL06-MG
713510;23/08/2025;sábado;08:55:00;ES;101;66;SAO MATEUS;Reação tardia ou ineficiente do condutor;Tombamento;Com Vítimas Feridas;Pleno dia;Crescente;Nublado;Dupla;Reta;Sim;1;0;1;0;0;0;1;1;-18,718034;-39,8716901;SPRF-ES;DEL04-ES;UOP02-DEL04-ES
713511;23/08/2025;sábado;14:30:00;SC;101;118;ITAJAI;Ausência de reação do condutor;Colisão traseira;Com Vítimas Feridas;Pleno dia;Crescente;Nublado;Múltipla;Reta;Não;3;0;1;0;2;0;1;2;-26,89284954;-48,7204539;SPRF-SC;DEL04-SC;UOP04-DEL04-SC
713512;22/08/2025;sexta-feira;23:45:00;MG;381;896,2;CAMBUI;Animais na Pista;Atropelamento de Animal;Sem Vítimas;Plena Noite;Decrescente;Céu Claro;Dupla;Reta;Não;2;0;0;0;2;0;0;1;-22,59239873;-46,05443001;SPRF-MG;DEL16-MG;UOP01-DEL16-MG
713514;23/08/2025;sábado;10:05:00;RJ;40;90;PETROPOLIS;Acumulo de areia ou detritos sobre o pavimento;Queda de ocupante de veículo;Com Vítimas Feridas;Pleno dia;Decrescente;Céu Claro;Simples;"Aclive;Curva";Sim;2;0;1;0;1;0;1;1;-22,56294558;-43,23634248;SPRF-RJ;DEL01-RJ;UOP01-DEL01-RJ
713515;23/08/2025;sábado;13:40:00;PI;316;33;DEMERVAL LOBAO;Acessar a via sem observar a presença dos outros veículos;Colisão transversal;Sem Vítimas;Pleno dia;Crescente;Sol;Dupla;"Reta;Interseção de Vias";Sim;2;0;0;0;2;0;0;2;-5,36325373;-42,67429858;SPRF-PI;DEL01-PI;UOP02-DEL01-PI
713516;23/08/2025;sábado;15:45:00;CE;116;23;ITAITINGA;Ingestão de álcool pelo condutor;Colisão lateral mesmo sentido;Com Vítimas Feridas;Pleno dia;Crescente;Céu Claro;Dupla;Reta;Não;2;0;0;1;1;0;1;2;-3,98305174;-38,51495934;SPRF-CE;DEL01-CE;UOP02-DEL01-CE
713520;23/08/2025;sábado;15:30:00;RS;116;517;PELOTAS;Acessar a via sem observar a presença dos outros veículos;Colisão lateral mesmo sentido;Com Vítimas Feridas;Pleno dia;Crescente;Nublado;Dupla;Reta;Sim;2;0;1;0;0;1;1;2;-31,67511491;-52,34148502;SPRF-RS;DEL07-RS;UOP01-DEL07-RS
713521;23/08/2025;sábado;14:20:00;RJ;40;105;DUQUE DE CAXIAS;Trafegar com motocicleta (ou similar) entre as faixas;Colisão frontal;Com Vítimas Feridas;Pleno dia;Decrescente;Sol;Dupla;Reta;Sim;2;0;1;0;1;0;1;2;-22,64058522;-43,28340273;SPRF-RJ;DEL01-RJ;UOP02-DEL01-RJ
713522;23/08/2025;sábado;15:00:00;PR;376;121,7;ALTO PARANA;Velocidade Incompatível;Saída de leito carroçável;Com Vítimas Feridas;Pleno dia;Crescente;Céu Claro;Dupla;Curva;Não;2;0;1;1;0;0;2;1;-23,12334514;-52,30950085;SPRF-PR;DEL09-PR;UOP02-DEL09-PR
713526;23/08/2025;sábado;16:20:00;PE;101;77;RECIFE;Reação tardia ou ineficiente do condutor;Colisão transversal;Com Vítimas Feridas;Pleno dia;Crescente;Garoa/Chuvisco;Dupla;Reta;Sim;2;0;1;0;1;0;1;2;-8,13129;-34,94509;SPRF-PE;DEL01-PE;UOP01-DEL01-PE
713527;23/08/2025;sábado;15:00:00;RJ;101;65;CAMPOS DOS GOYTACAZES;Reação tardia ou ineficiente do condutor;Atropelamento de Pedestre;Com Vítimas Feridas;Pleno dia;Decrescente;Céu Claro;Múltipla;Reta;Sim;2;0;1;0;1;0;1;2;-21,757655;-41,348255;SPRF-RJ;DEL08-RJ;UOP02-DEL08-RJ
713528;23/08/2025;sábado;13:15:00;RJ;101;474;ANGRA DOS REIS;Ausência de reação do condutor;Colisão frontal;Com Vítimas Feridas;Pleno dia;Decrescente;Céu Claro;Simples;"Declive;Reta";Sim;2;0;0;1;1;0;1;2;-22,99821953;-44,25189972;SPRF-RJ;DEL03-RJ;UOP03-DEL03-RJ
713529;23/08/2025;sábado;15:30:00;SC;101;435,6;SOMBRIO;Reação tardia ou ineficiente do condutor;Colisão traseira;Com Vítimas Feridas;Pleno dia;Decrescente;Chuva;Simples;"Viaduto;Rotatória";Sim;4;0;1;0;3;0;1;3;-29,111578;-49,638338;SPRF-SC;DEL02-SC;UOP02-DEL02-SC
713531;23/08/2025;sábado;16:50:00;SC;101;316;PESCARIA BRAVA;Chuva;Colisão com objeto;Com Vítimas Feridas;Pleno dia;Decrescente;Chuva;Dupla;"Curva;Aclive";Não;1;0;1;0;0;0;1;1;-28,4275645;-48,8631318;SPRF-SC;DEL02-SC;UOP01-DEL02-SC
713532;23/08/2025;sábado;15:20:00;SC;280;102;SAO BENTO DO SUL;Reação tardia ou ineficiente do condutor;Tombamento;Com Vítimas Feridas;Pleno dia;Decrescente;Céu Claro;Simples;"Declive;Curva";Não;1;0;1;0;0;0;1;1;-26,362538;-49,34124;SPRF-SC;DEL06-SC;UOP03-DEL06-SC
713534;23/08/2025;sábado;16:30:00;RO;319;141;PORTO VELHO;Condutor deixou de manter distância do veículo da frente;Colisão traseira;Com Vítimas Feridas;Pleno dia;Decrescente;Céu Claro;Múltipla;Reta;Sim;3;0;1;0;2;0;1;2;-8,74957758;-63,88807297;SPRF-RO;DEL01-RO;UOP01-DEL01-RO
713536;23/08/2025;sábado;15:10:00;BA;101;62,5;ENTRE RIOS;Ausência de reação do condutor;Colisão traseira;Com Vítimas Feridas;Pleno dia;Crescente;Céu Claro;Simples;Reta;Não;2;0;1;0;1;0;1;2;-11,94977568;-38,07665366;SPRF-BA;DEL01-BA;UOP04-DEL01-BA
713538;23/08/2025;sábado;13:50:00;PR;277;684;SAO MIGUEL DO IGUACU;Demais falhas mecânicas ou elétricas;Saída de leito carroçável;Com Vítimas Feridas;Pleno dia;Crescente;Céu Claro;Dupla;"Declive;Curva";Não;2;0;1;0;1;0;1;1;-25,33907025;-54,20017004;SPRF-PR;DEL05-PR;UOP01-DEL05-PR
713539;23/08/2025;sábado;16:40:00;RJ;493;96;SEROPEDICA;Fumaça;Colisão traseira;Com Vítimas Feridas;Pleno dia;Crescente;Céu Claro;Dupla;Reta;Não;6;0;0;1;5;0;1;2;-22,71134273;-43,70174325;SPRF-RJ;DEL01-RJ;UOP03-DEL01-RJ
713540;23/08/2025;sábado;16:00:00;BA;420;267;JIQUIRICA;Ausência de reação do condutor;Colisão frontal;Com Vítimas Fatais;Pleno dia;Decrescente;Céu Claro;Simples;Curva;Sim;2;1;1;0;0;0;1;2;-13,25341745;-39,55990076;SPRF-BA;DEL01-BA;UOP02-DEL01-BA
713543;23/08/2025;sábado;14:10:00;MS;60;51;PARAISO DAS AGUAS;Ausência de reação do condutor;Colisão traseira;Com Vítimas Feridas;Pleno dia;Decrescente;Céu Claro;Simples;"Reta;Interseção de Vias";Não;5;0;2;0;3;0;2;2;-18,98125099;-52,92916473;SPRF-MS;DEL08-MS;UOP01-DEL08-MS
713544;11/08/2025;segunda-feira;14:45:00;MG;381;849;POUSO ALEGRE;Demais falhas mecânicas ou elétricas;Colisão com objeto;Com Vítimas Feridas;Pleno dia;Decrescente;Céu Claro;Dupla;Reta;Não;2;0;1;0;1;0;1;2;-22,24869348;-45,87593084;SPRF-MG;DEL16-MG;UOP01-DEL16-MG
713546;23/08/2025;sábado;16:40:00;RO;319;142;PORTO VELHO;Acessar a via sem observar a presença dos outros veículos;Colisão traseira;Com Vítimas Feridas;Pleno dia;Crescente;Céu Claro;Múltipla;Reta;Sim;3;0;1;0;2;0;1;2;-8,751778;-63,887722;SPRF-RO;DEL01-RO;UOP01-DEL01-RO
713548;23/08/2025;sábado;16:50:00;MG;381;158,9;GOVERNADOR VALADARES;Ultrapassagem Indevida;Saída de leito carroçável;Com Vítimas Feridas;Pleno dia;Crescente;Céu Claro;Simples;Curva;Não;2;0;0;1;0;1;1;2;-18,92332195;-42,0318732;SPRF-MG;DEL06-MG;UOP01-DEL06-MG
713549;23/08/2025;sábado;14:30:00;PR;376;547;PALMEIRA;Reação tardia ou ineficiente do condutor;Saída de leito carroçável;Sem Vítimas;Pleno dia;Decrescente;Céu Claro;Dupla;Reta;Não;1;0;0;0;1;0;0;1;-25,404595;-49,784304;SPRF-PR;DEL03-PR;UOP03-DEL03-PR
713550;23/08/2025;sábado;16:30:00;PB;230;151,5;CAMPINA GRANDE;Ingestão de álcool pelo condutor;Tombamento;Com Vítimas Feridas;Pleno dia;Crescente;Nublado;Simples;"Declive;Curva";Não;1;0;1;0;0;0;1;1;-7,264232;-35,88148;SPRF-PB;DEL02-PB;UOP01-DEL02-PB
713551;23/08/2025;sábado;18:00:00;BA;116;12;VITORIA DA CONQUISTA;Ausência de reação do condutor;Colisão traseira;Sem Vítimas;Anoitecer;Crescente;Céu Claro;Simples;Curva;Sim;2;0;0;0;2;0;0;2;-14,867591;-40,87177489;SPRF-BA;DEL08-BA;UOP01-DEL08-BA
713553;23/08/2025;sábado;17:25:00;SC;101;335;TUBARAO;Reação tardia ou ineficiente do condutor;Saída de leito carroçável;Com Vítimas Feridas;Anoitecer;Crescente;Chuva;Múltipla;Reta;Sim;2;0;1;0;1;0;1;1;-28,4743;-49,0267;SPRF-SC;DEL02-SC;UOP01-DEL02-SC
713554;23/08/2025;sábado;18:00:00;BA;116;452;ANTONIO CARDOSO;Pedestre andava na pista;Atropelamento de Pedestre;Com Vítimas Feridas;Anoitecer;Decrescente;Céu Claro;Dupla;Reta;Não;2;0;0;1;0;1;1;2;-12,40662;-39,17646;SPRF-BA;DEL02-BA;UOP01-DEL02-BA
713555;23/08/2025;sábado;18:30:00;RS;116;267;CANOAS;Ingestão de álcool pelo condutor;Colisão traseira;Sem Vítimas;Plena Noite;Decrescente;Chuva;Múltipla;Reta;Sim;4;0;0;0;3;1;0;3;-29,93749954;-51,17703702;SPRF-RS;DEL01-RS;UOP01-DEL01-RS
713557;23/08/2025;sábado;18:35:00;GO;60;104,5;GOIANAPOLIS;Velocidade Incompatível;Saída de leito carroçável;Com Vítimas Feridas;Plena Noite;Crescente;Céu Claro;Dupla;"Curva;Declive";Não;1;0;0;1;0;0;1;1;-16,413511;-49,006824;SPRF-GO;DEL02-GO;UOP01-DEL02-GO
713558;23/08/2025;sábado;18:25:00;PR;158;532,8;PATO BRANCO;Ingestão de álcool pelo condutor;Colisão traseira;Sem Vítimas;Plena Noite;Decrescente;Chuva;Dupla;Interseção de Vias;Não;4;0;0;0;4;0;0;2;-26,21949458;-52,68225281;SPRF-PR;DEL02-PR;UOP01-DEL02-PR
713559;23/08/2025;sábado;18:00:00;SP;101;17,4;UBATUBA;Conversão proibida;Colisão transversal;Com Vítimas Feridas;Plena Noite;Decrescente;Nublado;Simples;Reta;Não;3;0;2;0;1;0;2;2;-23,31844449;-44,89291549;SPRF-SP;DEL06-SP;UOP01-DEL06-SP
713561;23/08/2025;sábado;18:15:00;SC;282;172;BOCAINA DO SUL;Ausência de reação do condutor;Saída de leito carroçável;Com Vítimas Feridas;Plena Noite;Crescente;Chuva;Simples;"Reta;Declive";Não;1;0;1;0;0;0;1;1;-27,741844;-49,865399;SPRF-SC;DEL05-SC;UOP01-DEL05-SC
713562;23/08/2025;sábado;16:48:00;MG;153;157;GOVERNADOR VALADARES;Manobra de mudança de faixa;Colisão lateral mesmo sentido;Com Vítimas Feridas;Anoitecer;Crescente;Céu Claro;Simples;Reta;Não;3;0;2;0;0;1;2;2;-18,92238364;-42,01714989;SPRF-MG;DEL13-MG;UOP02-DEL13-MG
713563;23/08/2025;sábado;19:30:00;PE;232;15;JABOATAO DOS GUARARAPES;Acumulo de água sobre o pavimento;Saída de leito carroçável;Com Vítimas Feridas;Plena Noite;Crescente;Chuva;Dupla;Curva;Não;1;0;1;0;0;0;1;1;-8,09320497;-35,03104297;SPRF-PE;DEL01-PE;UOP01-DEL01-PE
713564;23/08/2025;sábado;18:30:00;MS;163;486;CAMPO GRANDE;Acessar a via sem observar a presença dos outros veículos;Colisão transversal;Com Vítimas Feridas;Plena Noite;Decrescente;Céu Claro;Simples;Declive;Não;3;0;1;0;2;0;1;2;-20,42879885;-54,54467188;SPRF-MS;DEL01-MS;UOP02-DEL01-MS
713566;23/08/2025;sábado;17:40:00;SC;163;89;GUARACIABA;Acessar a via sem observar a presença dos outros veículos;Colisão transversal;Com Vítimas Feridas;Anoitecer;Crescente;Chuva;Simples;Curva;Não;2;0;1;0;1;0;1;2;-26,57225423;-53,51077795;SPRF-SC;DEL07-SC;UOP03-DEL07-SC
713567;23/08/2025;sábado;19:02:00;PE;232;14,7;JABOATAO DOS GUARARAPES;Entrada inopinada do pedestre;Atropelamento de Pedestre;Com Vítimas Feridas;Plena Noite;Decrescente;Chuva;Dupla;Reta;Sim;4;0;1;0;3;0;1;2;-8,090557;-35,023054;SPRF-PE;DEL01-PE;UOP01-DEL01-PE
713568;23/08/2025;sábado;19:40:00;PE;101;69,5;RECIFE;Condutor deixou de manter distância do veículo da frente;Colisão traseira;Com Vítimas Feridas;Plena Noite;Crescente;Nublado;Dupla;Reta;Sim;2;0;0;1;1;0;1;2;-8,06357436;-34,94452715;SPRF-PE;DEL01-PE;UOP01-DEL01-PE
713569;23/08/2025;sábado;16:15:00;PB;230;355,8;PATOS;Carga excessiva e/ou mal acondicionada;Eventos atípicos;Com Vítimas Feridas;Pleno dia;Decrescente;Céu Claro;Simples;"Declive;Reta";Não;3;0;1;0;1;1;1;2;-6,92668;-37,426953;SPRF-PB;DEL03-PB;UOP02-DEL03-PB
713570;23/08/2025;sábado;19:10:00;PR;277;345;GUARAPUAVA;Reação tardia ou ineficiente do condutor;Colisão com objeto;Sem Vítimas;Plena Noite;Decrescente;Céu Claro;Dupla;"Aclive;Reta";Sim;2;0;0;0;2;0;0;1;-25,36594;-51,48958;SPRF-PR;DEL08-PR;UOP01-DEL08-PR
713571;23/08/2025;sábado;14:10:00;RJ;101;486;ANGRA DOS REIS;Pedestre cruzava a pista fora da faixa;Atropelamento de Pedestre;Com Vítimas Feridas;Pleno dia;Decrescente;Céu Claro;Dupla;"Interseção de Vias;Reta";Sim;2;0;1;0;1;0;1;2;-22,96296318;-44,29825249;SPRF-RJ;DEL03-RJ;UOP03-DEL03-RJ
713574;23/08/2025;sábado;19:49:00;RN;405;75;APODI;Transitar no Acostamento;Atropelamento de Pedestre;Com Vítimas Feridas;Plena Noite;Decrescente;Céu Claro;Dupla;Reta;Sim;2;0;0;1;0;1;1;2;-5,66021;-37,79891;SPRF-RN;DEL04-RN;UOP02-DEL04-RN
713575;23/08/2025;sábado;18:40:00;RS;116;148;CAXIAS DO SUL;Acumulo de água sobre o pavimento;Colisão com objeto;Sem Vítimas;Anoitecer;Crescente;Garoa/Chuvisco;Dupla;Curva;Sim;2;0;0;0;2;0;0;2;-29,155503;-51,152173;SPRF-RS;DEL05-RS;UOP01-DEL05-RS
713577;23/08/2025;sábado;18:50:00;MS;163;421,8;CAMPO GRANDE;Acessar a via sem observar a presença dos outros veículos;Colisão transversal;Com Vítimas Feridas;Plena Noite;Crescente;Ignorado;Simples;Reta;Sim;6;0;0;1;5;0;1;2;-20,975648;-54,50462;SPRF-MS;DEL01-MS;UOP01-DEL01-MS
713578;23/08/2025;sábado;19:25:00;MG;262;34;MANHUACU;Desrespeitar a preferência no cruzamento;Colisão frontal;Com Vítimas Feridas;Plena Noite;Decrescente;Céu Claro;Simples;"Declive;Rotatória";Sim;3;0;1;0;2;0;1;2;-20,25626983;-42,02860504;SPRF-MG;DEL06-MG;UOP03-DEL06-MG
713580;23/08/2025;sábado;20:00:00;AL;104;88;RIO LARGO;Pedestre - Ingestão de álcool/ substâncias psicoativas;Atropelamento de Pedestre;Com Vítimas Feridas;Plena Noite;Crescente;Garoa/Chuvisco;Dupla;Reta;Sim;2;0;1;0;1;0;1;2;-9,479246;-35,819946;SPRF-AL;DEL01-AL;UOP01-DEL01-AL
713581;23/08/2025;sábado;20:00:00;SP;381;81;SAO PAULO;Reação tardia ou ineficiente do condutor;Colisão traseira;Sem Vítimas;Plena Noite;Crescente;Céu Claro;Múltipla;Reta;Sim;2;0;0;0;1;1;0;2;-23,41952421;-46,57909221;SPRF-SP;DEL03-SP;UOP01-DEL03-SP
713582;23/08/2025;sábado;19:55:00;AL;316;143,4;ESTRELA DE ALAGOAS;Transitar no Acostamento;Colisão lateral mesmo sentido;Com Vítimas Feridas;Plena Noite;Crescente;Céu Claro;Simples;Reta;Não;3;0;3;0;0;0;3;2;-9,395943;-36,72676;SPRF-AL;DEL03-AL;UOP01-DEL03-AL
713583;23/08/2025;sábado;18:40:00;MS;60;430;SIDROLANDIA;Acumulo de areia ou detritos sobre o pavimento;Tombamento;Com Vítimas Feridas;Plena Noite;Decrescente;Céu Claro;Simples;Rotatória;Sim;1;0;1;0;0;0;1;1;-20,979801;-54,972811;SPRF-MS;DEL01-MS;UOP04-DEL01-MS
713584;23/08/2025;sábado;19:20:00;SC;282;519,3;XAXIM;Estacionar ou parar em local proibido;Colisão com objeto;Com Vítimas Feridas;Plena Noite;Crescente;Chuva;Simples;"Aclive;Reta";Não;2;0;1;0;0;1;1;2;-26,94818662;-52,51894919;SPRF-SC;DEL07-SC;UOP01-DEL07-SC
713585;23/08/2025;sábado;20:05:00;MG;381;446,6;SABARA;Ausência de reação do condutor;Colisão traseira;Com Vítimas Feridas;Plena Noite;Crescente;Nublado;Simples;Reta;Sim;3;0;1;1;1;0;2;2;-19,841805;-43,865819;SPRF-MG;DEL01-MG;UOP01-DEL01-MG
713586;23/08/2025;sábado;20:00:00;BA;101;715,8;EUNAPOLIS;Acessar a via sem observar a presença dos outros veículos;Colisão frontal;Com Vítimas Feridas;Plena Noite;Decrescente;Céu Claro;Simples;"Aclive;Reta";Não;2;0;0;1;0;1;1;2;-16,3602473;-39,57999962;SPRF-BA;DEL09-BA;UOP01-DEL09-BA
713587;23/08/2025;sábado;20:30:00;PB;230;163,4;CAMPINA GRANDE;Ingestão de álcool pelo condutor;Colisão frontal;Com Vítimas Feridas;Plena Noite;Crescente;Nublado;Simples;"Curva;Declive";Sim;3;0;0;2;1;0;2;2;-7,21963;-35,944372;SPRF-PB;DEL02-PB;UOP01-DEL02-PB
713589;23/08/2025;sábado;20:25:00;MS;158;263;TRES LAGOAS;Ausência de reação do condutor;Saída de leito carroçável;Com Vítimas Feridas;Plena Noite;Crescente;Céu Claro;Simples;Reta;Não;1;0;0;1;0;0;1;1;-20,72479416;-51,74521387;SPRF-MS;DEL07-MS;UOP01-DEL07-MS
713590;23/08/2025;sábado;21:00:00;MT;70;0,1;BARRA DO GARCAS;Reação tardia ou ineficiente do condutor;Colisão transversal;Com Vítimas Feridas;Plena Noite;Decrescente;Céu Claro;Simples;Rotatória;Sim;2;0;1;0;1;0;1;1;-15,8941857;-52,2585204;SPRF-MT;DEL07-MT;UOP01-DEL07-MT
713591;23/08/2025;sábado;20:20:00;SP;116;210;GUARULHOS;Demais falhas mecânicas ou elétricas;Incêndio;Sem Vítimas;Plena Noite;Crescente;Nublado;Múltipla;Declive;Sim;1;0;0;0;1;0;0;1;-23,43006477;-46,41470131;SPRF-SP;DEL01-SP;UOP01-DEL01-SP
713592;23/08/2025;sábado;19:00:00;RJ;40;114;DUQUE DE CAXIAS;Entrada inopinada do pedestre;Atropelamento de Pedestre;Com Vítimas Fatais;Plena Noite;Decrescente;Céu Claro;Dupla;Reta;Sim;3;1;0;0;2;0;0;3;-22,72338628;-43,28956604;SPRF-RJ;DEL01-RJ;UOP02-DEL01-RJ