id;data_inversa;dia_semana;horario;uf;br;km;municipio;causa_acidente;tipo_acidente;classificacao_acidente;fase_dia;sentido_via;condicao_metereologica;tipo_pista;tracado_via;uso_solo;pessoas;mortos;feridos_leves;feridos_graves;ilesos;ignorados;feridos;veiculos;latitude;longitude;regional;delegacia;uop
713593;23/08/2025;sábado;19:40:00;MG;116;143,4;PONTO DOS VOLANTES;Reação tardia ou ineficiente do condutor;Tombamento;Com Vítimas Feridas;Plena Noite;Decrescente;Céu Claro;Simples;Reta;Não;2;0;1;0;1;0;1;1;-16,797439;-41,479531;SPRF-MG;DEL11-MG;UOP02-DEL11-MG
713595;23/08/2025;sábado;19:30:00;BA;110;319;INHAMBUPE;Acessar a via sem observar a presença dos outros veículos;Colisão transversal;Com Vítimas Feridas;Plena Noite;Crescente;Céu Claro;Simples;Reta;Não;2;0;1;0;1;0;1;2;-11,917766;-38,37457252;SPRF-BA;DEL01-BA;UOP04-DEL01-BA
713597;23/08/2025;sábado;21:53:00;RS;116;246;SAO LEOPOLDO;Demais falhas na via;Colisão com objeto;Sem Vítimas;Plena Noite;Decrescente;Chuva;Múltipla;"Reta;Ponte";Sim;3;0;0;0;3;0;0;1;-29,75994409;-51,1520648;SPRF-RS;DEL01-RS;UOP02-DEL01-RS
713598;23/08/2025;sábado;20:50:00;MT;364;206;RONDONOPOLIS;Mal súbito do condutor;Queda de ocupante de veículo;Com Vítimas Feridas;Plena Noite;Crescente;Ignorado;Dupla;Reta;Sim;1;0;1;0;0;0;1;1;-16,44595789;-54,66844118;SPRF-MT;DEL02-MT;UOP01-DEL02-MT
713599;23/08/2025;sábado;21:39:00;PI;316;3,8;TERESINA;Ausência de reação do condutor;Queda de ocupante de veículo;Com Vítimas Feridas;Plena Noite;Crescente;Céu Claro;Múltipla;Reta;Sim;4;0;1;0;3;0;1;2;-5,139638;-42,785675;SPRF-PI;DEL01-PI;UOP02-DEL01-PI
713600;23/08/2025;sábado;17:34:00;SC;280;182,6;MAFRA;Reação tardia ou ineficiente do condutor;Saída de leito carroçável;Com Vítimas Feridas;Pleno dia;Decrescente;Céu Claro;Simples;"Curva;Declive";Não;2;0;1;0;1;0;1;1;-26,20386631;-49,79088509;SPRF-SC;DEL06-SC;UOP01-DEL06-SC
713601;23/08/2025;sábado;20:40:00;RJ;40;111;DUQUE DE CAXIAS;Velocidade Incompatível;Colisão traseira;Com Vítimas Feridas;Plena Noite;Crescente;Céu Claro;Múltipla;Reta;Sim;5;0;3;0;2;0;3;3;-22,69543692;-43,28784943;SPRF-RJ;DEL01-RJ;UOP02-DEL01-RJ
713602;23/08/2025;sábado;18:05:00;SC;470;282,8;BRUNOPOLIS;Transitar na contramão;Colisão frontal;Com Vítimas Fatais;Anoitecer;Decrescente;Chuva;Simples;"Reta;Declive";Não;6;1;1;0;2;2;1;3;-27,33337371;-50,89352131;SPRF-SC;DEL07-SC;UOP06-DEL07-SC
713603;23/08/2025;sábado;22:20:00;PB;230;22;JOAO PESSOA;Ausência de reação do condutor;Colisão traseira;Com Vítimas Feridas;Plena Noite;Decrescente;Céu Claro;Dupla;Reta;Sim;3;0;2;1;0;0;3;2;-7,14926;-34,851333;SPRF-PB;DEL01-PB;UOP01-DEL01-PB
713604;23/08/2025;sábado;17:00:00;PR;272;553,7;TERRA ROXA;Carga excessiva e/ou mal acondicionada;Saída de leito carroçável;Com Vítimas Fatais;Pleno dia;Crescente;Nublado;Simples;"Declive;Reta";Não;1;1;0;0;0;0;0;1;-24,083452;-54,103467;SPRF-PR;DEL06-PR;UOP01-DEL06-PR
713605;23/08/2025;sábado;20:40:00;RJ;465;12;SEROPEDICA;Condutor Dormindo;Colisão frontal;Com Vítimas Feridas;Plena Noite;Decrescente;Céu Claro;Simples;Reta;Não;2;0;0;1;1;0;1;2;-22,7115008;-43,7223424;SPRF-RJ;DEL06-RJ;UOP02-DEL06-RJ
713607;23/08/2025;sábado;22:10:00;BA;324;542;AMELIA RODRIGUES;Reação tardia ou ineficiente do condutor;Queda de ocupante de veículo;Com Vítimas Feridas;Plena Noite;Crescente;Céu Claro;Dupla;"Aclive;Reta";Sim;1;0;1;0;0;0;1;1;-12,3987675;-38,763656;SPRF-BA;DEL01-BA;UOP03-DEL01-BA
713608;23/08/2025;sábado;20:50:00;MG;381;168,7;GOVERNADOR VALADARES;Demais falhas mecânicas ou elétricas;Incêndio;Sem Vítimas;Plena Noite;Decrescente;Nublado;Simples;Reta;Não;2;0;0;0;2;0;0;1;-18,97395308;-42,09603667;SPRF-MG;DEL06-MG;UOP01-DEL06-MG
713609;23/08/2025;sábado;09:10:00;SP;116;54,4;LORENA;Acumulo de areia ou detritos sobre o pavimento;Tombamento;Com Vítimas Feridas;Pleno dia;Crescente;Céu Claro;Dupla;Curva;Sim;1;0;1;0;0;0;1;1;-22,75634755;-45,11274447;SPRF-SP;DEL08-SP;UOP02-DEL08-SP
713610;23/08/2025;sábado;22:50:00;DF;70;15;BRASILIA;Velocidade Incompatível;Capotamento;Sem Vítimas;Plena Noite;Crescente;Ignorado;Dupla;Reta;Sim;1;0;0;0;1;0;0;1;-15,79498168;-48,19913966;SPRF-DF;DEL03-DF;UOP02-DEL03-DF
713611;23/08/2025;sábado;22:00:00;GO;153;431;ANAPOLIS;Iluminação deficiente;Colisão com objeto;Com Vítimas Feridas;Plena Noite;Decrescente;Céu Claro;Dupla;"Reta;Declive";Não;2;0;1;0;0;1;1;1;-16,2684216;-48,97842407;SPRF-GO;DEL02-GO;UOP01-DEL02-GO
713614;18/08/2025;segunda-feira;07:40:00;RN;101;100;NATAL;Condutor deixou de manter distância do veículo da frente;Colisão lateral mesmo sentido;Com Vítimas Feridas;Pleno dia;Decrescente;Céu Claro;Dupla;"Aclive;Reta";Sim;4;0;3;0;1;0;3;3;-5,87973503;-35,2248594;SPRF-RN;DEL01-RN;UOP01-DEL01-RN
713615;23/08/2025;sábado;22:50:00;MG;381;794;SAO GONCALO DO SAPUCAI;Ausência de reação do condutor;Saída de leito carroçável;Sem Vítimas;Plena Noite;Crescente;Céu Claro;Dupla;Reta;Não;1;0;0;0;0;1;0;1;-21,9084517;-45,5725269;SPRF-MG;DEL16-MG;UOP02-DEL16-MG
713616;23/08/2025;sábado;20:55:00;MT;163;688;LUCAS DO RIO VERDE;Acessar a via sem observar a presença dos outros veículos;Colisão transversal;Sem Vítimas;Plena Noite;Crescente;Ignorado;Dupla;"Reta;Rotatória";Sim;4;0;0;0;4;0;0;2;-13,06933042;-55,92682511;SPRF-MT;DEL06-MT;UOP01-DEL06-MT
713617;23/08/2025;sábado;23:37:00;RJ;116;189;NOVA IGUACU;Acesso irregular;Atropelamento de Pedestre;Com Vítimas Feridas;Plena Noite;Crescente;Céu Claro;Dupla;Reta;Sim;2;0;0;1;1;0;1;2;-22,73884306;-43,49505544;SPRF-RJ;DEL06-RJ;UOP01-DEL06-RJ
713618;23/08/2025;sábado;23:30:00;SC;101;344;TUBARAO;Ingestão de álcool pelo condutor;Colisão com objeto;Com Vítimas Feridas;Plena Noite;Decrescente;Chuva;Múltipla;Reta;Não;4;0;2;0;2;0;2;1;-28,554494;-49,053929;SPRF-SC;DEL02-SC;UOP01-DEL02-SC
713619;23/08/2025;sábado;22:50:00;RN;226;8;MACAIBA;Condutor Dormindo;Colisão com objeto;Com Vítimas Feridas;Plena Noite;Crescente;Céu Claro;Simples;Reta;Não;1;0;1;0;0;0;1;1;-5,835488;-35,288177;SPRF-RN;DEL01-RN;UOP02-DEL01-RN
713620;24/08/2025;domingo;00:05:00;MG;40;510;RIBEIRAO DAS NEVES;Velocidade Incompatível;Colisão traseira;Com Vítimas Feridas;Plena Noite;Decrescente;Céu Claro;Dupla;"Aclive;Reta";Não;5;0;3;1;1;0;4;4;-19,776255;-44,121999;SPRF-MG;DEL01-MG;UOP02-DEL01-MG
713621;23/08/2025;sábado;22:45:00;MG;116;616,2;ORIZANIA;Ingestão de álcool pelo condutor;Colisão traseira;Com Vítimas Feridas;Plena Noite;Crescente;Céu Claro;Simples;Reta;Não;3;0;1;0;2;0;1;2;-20,46304278;-42,17582703;SPRF-MG;DEL07-MG;UOP02-DEL07-MG
713622;23/08/2025;sábado;23:40:00;SC;282;4,2;SAO JOSE;Reação tardia ou ineficiente do condutor;Colisão com objeto;Sem Vítimas;Pleno dia;Crescente;Chuva;Múltipla;Curva;Sim;1;0;0;0;1;0;0;1;-27,59055916;-48,60722126;SPRF-SC;DEL01-SC;UOP01-DEL01-SC
713623;23/08/2025;sábado;23:50:00;RN;405;147;PAU DOS FERROS;Reação tardia ou ineficiente do condutor;Saída de leito carroçável;Com Vítimas Fatais;Plena Noite;Crescente;Céu Claro;Simples;Reta;Não;1;1;0;0;0;0;0;1;-6,082753;-38,208875;SPRF-RN;DEL04-RN;UOP02-DEL04-RN
713624;23/08/2025;sábado;22:55:00;PR;153;3;IMBITUVA;Acesso irregular;Saída de leito carroçável;Com Vítimas Feridas;Plena Noite;Decrescente;Céu Claro;Simples;Reta;Sim;1;0;0;1;0;0;1;1;-25,212122;-50,59617;SPRF-PR;DEL03-PR;UOP01-DEL03-PR
713625;24/08/2025;domingo;00:28:00;PE;104;52;CARUARU;Condutor Dormindo;Capotamento;Com Vítimas Feridas;Plena Noite;Decrescente;Nublado;Dupla;Reta;Não;1;0;1;0;0;0;1;1;-8,18766;-35,96697;SPRF-PE;DEL02-PE;UOP01-DEL02-PE
713626;23/08/2025;sábado;23:40:00;SP;153;221;MARILIA;Acessar a via sem observar a presença dos outros veículos;Colisão transversal;Com Vítimas Feridas;Plena Noite;Decrescente;Céu Claro;Simples;Reta;Não;2;0;1;0;1;0;1;2;-22,02518214;-49,90711212;SPRF-SP;DEL07-SP;UOP02-DEL07-SP
713628;23/08/2025;sábado;23:30:00;SC;101;195,1;BIGUACU;Acessar a via sem observar a presença dos outros veículos;Colisão traseira;Com Vítimas Feridas;Plena Noite;Crescente;Nublado;Dupla;Reta;Sim;3;0;1;0;2;0;1;2;-27,505783;-48,649208;SPRF-SC;DEL01-SC;UOP01-DEL01-SC
713630;24/08/2025;domingo;00:10:00;MG;365;728;MONTE ALEGRE DE MINAS;Reação tardia ou ineficiente do condutor;Colisão com objeto;Com Vítimas Feridas;Plena Noite;Crescente;Céu Claro;Simples;"Reta;Declive";Não;3;0;1;0;2;0;1;1;-18,896389;-49,258113;SPRF-MG;DEL15-MG;UOP03-DEL15-MG
713631;23/08/2025;sábado;22:00:00;MG;267;21,2;LEOPOLDINA;Velocidade Incompatível;Saída de leito carroçável;Com Vítimas Feridas;Plena Noite;Crescente;Céu Claro;Simples;"Curva;Declive";Não;3;0;1;1;1;0;2;1;-21,5426579;-42,65587819;SPRF-MG;DEL07-MG;UOP01-DEL07-MG
713632;24/08/2025;domingo;00:47:00;PE;101;46;IGARASSU;Ausência de reação do condutor;Queda de ocupante de veículo;Com Vítimas Feridas;Plena Noite;Crescente;Nublado;Múltipla;Reta;Sim;3;0;0;2;0;1;2;1;-7,86878525;-34,90690112;SPRF-PE;DEL01-PE;UOP02-DEL01-PE
713633;24/08/2025;domingo;01:30:00;SC;470;51;BLUMENAU;Condutor Dormindo;Colisão com objeto;Com Vítimas Feridas;Plena Noite;Crescente;Nublado;Simples;Reta;Não;2;0;1;1;0;0;2;1;-26,90696407;-49,04502869;SPRF-SC;DEL04-SC;UOP01-DEL04-SC
713634;24/08/2025;domingo;00:40:00;RN;304;37,5;MOSSORO;Ingestão de álcool pelo condutor;Colisão traseira;Com Vítimas Feridas;Plena Noite;Decrescente;Céu Claro;Dupla;Viaduto;Sim;2;0;2;0;0;0;2;2;-5,2090576;-37,3329081;SPRF-RN;DEL04-RN;UOP02-DEL04-RN
713635;23/08/2025;sábado;23:20:00;RJ;101;404;ITAGUAI;Velocidade Incompatível;Colisão traseira;Com Vítimas Fatais;Plena Noite;Decrescente;Nublado;Múltipla;Reta;Sim;3;1;0;0;1;1;0;3;-22,85354164;-43,75941396;SPRF-RJ;DEL03-RJ;UOP01-DEL03-RJ
713636;24/08/2025;domingo;01:00:00;SP;116;99;PINDAMONHANGABA;Pedestre andava na pista;Atropelamento de Pedestre;Com Vítimas Feridas;Plena Noite;Crescente;Céu Claro;Dupla;Reta;Não;2;0;0;2;0;0;2;2;-22,98104394;-45,46221972;SPRF-SP;DEL08-SP;UOP01-DEL08-SP
713637;23/08/2025;sábado;23:00:00;CE;230;55;LAVRAS DA MANGABEIRA;Ausência de reação do condutor;Eventos atípicos;Com Vítimas Feridas;Plena Noite;Crescente;Céu Claro;Simples;Interseção de Vias;Não;2;0;1;0;1;0;1;1;-6,76986482;-39,0902245;SPRF-CE;DEL05-CE;UOP01-DEL05-CE
713638;24/08/2025;domingo;01:30:00;MT;163;1036;MATUPA;Ultrapassagem Indevida;Colisão frontal;Com Vítimas Fatais;Plena Noite;Decrescente;Céu Claro;Simples;Reta;Não;3;1;0;0;2;0;0;2;-10,19267;-54,95119;SPRF-MT;DEL06-MT;UOP03-DEL06-MT
713639;24/08/2025;domingo;01:15:00;SP;116;147;SAO JOSE DOS CAMPOS;Pedestre andava na pista;Atropelamento de Pedestre;Com Vítimas Fatais;Plena Noite;Crescente;Céu Claro;Múltipla;Reta;Sim;2;1;0;0;1;0;0;2;-23,1965587;-45,87399674;SPRF-SP;DEL02-SP;UOP01-DEL02-SP
713640;24/08/2025;domingo;02:20:00;SC;101;333;TUBARAO;Ingestão de álcool pelo condutor;Colisão com objeto;Sem Vítimas;Plena Noite;Decrescente;Chuva;Múltipla;Reta;Não;2;0;0;0;2;0;0;1;-28,47073511;-49,01854841;SPRF-SC;DEL02-SC;UOP01-DEL02-SC
713641;24/08/2025;domingo;01:38:00;SP;116;144,9;SAO JOSE DOS CAMPOS;Ausência de reação do condutor;Colisão com objeto;Com Vítimas Feridas;Plena Noite;Crescente;Céu Claro;Múltipla;Reta;Não;3;0;1;0;2;0;1;1;-23,18568;-45,85293;SPRF-SP;DEL02-SP;UOP01-DEL02-SP
713643;24/08/2025;domingo;00:35:00;SC;101;58;ARAQUARI;Ausência de reação do condutor;Colisão traseira;Com Vítimas Feridas;Plena Noite;Crescente;Nublado;Dupla;Reta;Não;4;0;2;0;2;0;2;2;-26,44178525;-48,79960442;SPRF-SC;DEL03-SC;UOP02-DEL03-SC
713644;24/08/2025;domingo;03:00:00;PR;376;186;MARIALVA;Pedestre - Ingestão de álcool/ substâncias psicoativas;Colisão frontal;Com Vítimas Feridas;Plena Noite;Crescente;Céu Claro;Dupla;"Reta;Declive";Não;2;0;0;1;1;0;1;2;-23,45382654;-51,84986528;SPRF-PR;DEL09-PR;UOP01-DEL09-PR
713645;24/08/2025;domingo;01:41:00;RO;364;13;VILHENA;Ausência de reação do condutor;Queda de ocupante de veículo;Com Vítimas Feridas;Plena Noite;Decrescente;Céu Claro;Simples;Reta;Sim;2;0;1;0;1;0;1;1;-12,74090945;-60,13427407;SPRF-RO;DEL04-RO;UOP01-DEL04-RO
713646;24/08/2025;domingo;03:30:00;SC;470;53,4;BLUMENAU;Acessar a via sem observar a presença dos outros veículos;Atropelamento de Pedestre;Com Vítimas Feridas;Plena Noite;Decrescente;Nublado;Simples;"Desvio Temporário;Curva";Sim;3;0;1;1;1;0;2;2;-26,86919648;-49,10495966;SPRF-SC;DEL04-SC;UOP01-DEL04-SC
713647;24/08/2025;domingo;03:00:00;PR;163;159,2;LINDOESTE;Ingestão de álcool pelo condutor;Saída de leito carroçável;Com Vítimas Feridas;Plena Noite;Crescente;Chuva;Dupla;Curva;Não;2;0;2;0;0;0;2;1;-25,31935055;-53,5917706;SPRF-PR;DEL05-PR;UOP05-DEL05-PR
713650;24/08/2025;domingo;04:00:00;PE;232;33;MORENO;Transitar na contramão;Colisão lateral sentido oposto;Com Vítimas Feridas;Plena Noite;Crescente;Chuva;Dupla;Reta;Não;3;0;0;1;2;0;1;2;-8,10646;-35,18084;SPRF-PE;DEL02-PE;UOP02-DEL02PE
713651;24/08/2025;domingo;03:00:00;PR;277;299;PRUDENTOPOLIS;Ausência de reação do condutor;Saída de leito carroçável;Sem Vítimas;Plena Noite;Crescente;Céu Claro;Simples;"Declive;Curva";Não;1;0;0;0;1;0;0;1;-25,31066;-51,09335;SPRF-PR;DEL08-PR;UOP01-DEL08-PR
713652;24/08/2025;domingo;04:03:00;RO;319;141;PORTO VELHO;Reação tardia ou ineficiente do condutor;Saída de leito carroçável;Sem Vítimas;Plena Noite;Decrescente;Céu Claro;Múltipla;Rotatória;Não;1;0;0;0;0;1;0;1;-8,73972055;-63,88997046;SPRF-RO;DEL01-RO;UOP01-DEL01-RO
713653;23/08/2025;sábado;21:40:00;PI;343;331;TERESINA;Ausência de reação do condutor;Saída de leito carroçável;Com Vítimas Feridas;Plena Noite;Crescente;Céu Claro;Simples;Reta;Não;1;0;0;1;0;0;1;1;-5,05818334;-42,66649459;SPRF-PI;DEL01-PI;UOP01-DEL01-PI
713654;24/08/2025;domingo;04:24:00;RJ;101;388;RIO DE JANEIRO;Reação tardia ou ineficiente do condutor;Queda de ocupante de veículo;Com Vítimas Feridas;Plena Noite;Decrescente;Céu Claro;Dupla;Reta;Não;2;0;1;0;1;0;1;2;-22,890815;-43,665774;SPRF-RJ;DEL03-RJ;UOP01-DEL03-RJ
713656;24/08/2025;domingo;04:30:00;PR;487;28,9;ICARAIMA;Ausência de reação do condutor;Capotamento;Com Vítimas Feridas;Plena Noite;Crescente;Céu Claro;Simples;Reta;Não;1;0;1;0;0;0;1;1;-23,40906634;-53,59972;SPRF-PR;DEL06-PR;UOP03-DEL06-PR
713657;23/08/2025;sábado;21:20:00;ES;101;73;SAO MATEUS;Ausência de reação do condutor;Colisão traseira;Com Vítimas Feridas;Pleno dia;Decrescente;Sol;Simples;Reta;Não;4;0;2;0;0;2;2;2;-18,772369;-39,869595;SPRF-ES;DEL04-ES;UOP02-DEL04-ES
713658;24/08/2025;domingo;01:16:00;GO;40;20;LUZIANIA;Ausência de reação do condutor;Atropelamento de Pedestre;Com Vítimas Fatais;Plena Noite;Crescente;Céu Claro;Dupla;Reta;Sim;2;1;0;0;1;0;0;2;-16,2288817;-47,91385442;SPRF-DF;DEL01-DF;UOP01-DEL01-DF
713660;24/08/2025;domingo;04:00:00;PR;373;222;IMBITUVA;Ingestão de álcool pelo condutor;Saída de leito carroçável;Sem Vítimas;Plena Noite;Crescente;Nublado;Simples;Reta;Não;1;0;0;0;1;0;0;1;-25,181697;-50,595102;SPRF-PR;DEL03-PR;UOP01-DEL03-PR
713661;24/08/2025;domingo;05:25:00;RS;158;309;ITAARA;Condutor deixou de manter distância do veículo da frente;Colisão traseira;Sem Vítimas;Plena Noite;Decrescente;Céu Claro;Simples;Reta;Não;2;0;0;0;2;0;0;2;-29,61597004;-53,76704693;SPRF-RS;DEL09-RS;UOP01-DEL09-RS
713662;24/08/2025;domingo;06:00:00;PR;376;137,1;NOVA ESPERANCA;Ingestão de álcool pelo condutor;Saída de leito carroçável;Sem Vítimas;Amanhecer;Decrescente;Nevoeiro/Neblina;Dupla;Curva;Não;2;0;0;0;2;0;0;1;-23,20866;-52,19336;SPRF-PR;DEL09-PR;UOP02-DEL09-PR
713663;24/08/2025;domingo;05:30:00;PR;116;76;QUATRO BARRAS;Ingestão de álcool pelo condutor;Saída de leito carroçável;Com Vítimas Feridas;Amanhecer;Crescente;Nublado;Dupla;Reta;Não;3;0;2;0;1;0;2;1;-25,384568;-49,053264;SPRF-PR;DEL01-PR;UOP02-DEL01-PR
713664;24/08/2025;domingo;06:00:00;SC;101;125;ITAJAI;Reação tardia ou ineficiente do condutor;Colisão com objeto;Com Vítimas Feridas;Pleno dia;Decrescente;Céu Claro;Múltipla;Reta;Não;1;0;1;0;0;0;1;1;-26,947667;-48,6759163;SPRF-SC;DEL04-SC;UOP04-DEL04-SC
713665;24/08/2025;domingo;03:00:00;RN;304;304;PARNAMIRIM;Ingestão de álcool pelo condutor;Colisão com objeto;Com Vítimas Feridas;Pleno dia;Decrescente;Céu Claro;Dupla;Reta;Sim;1;0;1;0;0;0;1;1;-5,89114637;-35,26045231;SPRF-RN;DEL01-RN;UOP02-DEL01-RN
713666;24/08/2025;domingo;00:35:00;PR;376;666;GUARATUBA;Ausência de reação do condutor;Saída de leito carroçável;Com Vítimas Feridas;Plena Noite;Decrescente;Céu Claro;Dupla;Curva;Não;1;0;1;0;0;0;1;1;-25,86379371;-48,93482232;SPRF-PR;DEL01-PR;UOP04-DEL01-PR
713667;23/08/2025;sábado;16:00:00;PE;110;225,1;PETROLANDIA;Desrespeitar a preferência no cruzamento;Colisão frontal;Com Vítimas Feridas;Pleno dia;Decrescente;Sol;Simples;"Reta;Interseção de Vias;Rotatória";Não;3;0;1;2;0;0;3;2;-9,036858;-38,255775;SPRF-BA;DEL07-BA;UOP01-DEL07-BA
713668;24/08/2025;domingo;05:42:00;DF;70;5,4;BRASILIA;Velocidade Incompatível;Saída de leito carroçável;Com Vítimas Feridas;Amanhecer;Decrescente;Céu Claro;Dupla;Reta;Sim;1;0;1;0;0;0;1;1;-15,792977;-48,100923;SPRF-DF;DEL03-DF;UOP02-DEL03-DF
713670;24/08/2025;domingo;05:50:00;MG;365;863;SANTA VITORIA;Reação tardia ou ineficiente do condutor;Colisão frontal;Com Vítimas Fatais;Amanhecer;Decrescente;Céu Claro;Simples;"Aclive;Reta";Não;20;2;0;0;18;0;0;2;-19,043407;-50,43881;SPRF-MG;DEL15-MG;UOP03-DEL15-MG
713671;24/08/2025;domingo;06:30:00;DF;20;8,1;BRASILIA;Ingestão de álcool pelo condutor;Saída de leito carroçável;Com Vítimas Feridas;Pleno dia;Crescente;Céu Claro;Dupla;"Aclive;Reta";Sim;3;0;0;1;2;0;1;1;-15,65704;-47,78883;SPRF-DF;DEL02-DF;UOP01-DEL02-DF
713672;24/08/2025;domingo;06:00:00;PE;101;66,8;RECIFE;Condutor deixou de manter distância do veículo da frente;Colisão traseira;Com Vítimas Feridas;Pleno dia;Crescente;Céu Claro;Múltipla;"Reta;Viaduto";Sim;4;0;2;1;1;0;3;2;-8,040808;-34,942678;SPRF-PE;DEL01-PE;UOP01-DEL01-PE
713673;24/08/2025;domingo;05:40:00;PI;343;307;ALTOS;Ausência de reação do condutor;Colisão traseira;Sem Vítimas;Amanhecer;Crescente;Céu Claro;Simples;"Reta;Interseção de Vias";Sim;3;0;0;0;1;2;0;2;-5,03960881;-42,46090204;SPRF-PI;DEL01-PI;UOP01-DEL01-PI
713674;24/08/2025;domingo;03:00:00;PR;277;116;CAMPO LARGO;Ausência de reação do condutor;Saída de leito carroçável;Sem Vítimas;Plena Noite;Decrescente;Céu Claro;Dupla;Curva;Sim;1;0;0;0;0;1;0;1;-25,44143201;-49,50971;SPRF-PR;DEL03-PR;UOP03-DEL03-PR
713675;19/08/2025;terça-feira;20:20:00;PB;101;127;CAAPORA;Condutor Dormindo;Tombamento;Com Vítimas Feridas;Plena Noite;Decrescente;Garoa/Chuvisco;Múltipla;Reta;Não;1;0;1;0;0;0;1;1;-7,50174161;-34,98456002;SPRF-PB;DEL01-PB;UOP01-DEL01-PB
713676;24/08/2025;domingo;05:10:00;PE;408;48;NAZARE DA MATA;Entrada inopinada do pedestre;Atropelamento de Pedestre;Com Vítimas Fatais;Amanhecer;Crescente;Céu Claro;Simples;Reta;Não;2;1;0;0;0;1;0;2;-7,78181;-35,23998;SPRF-PE;DEL01-PE;UOP01-DEL01-PE
713677;24/08/2025;domingo;04:50:00;BA;324;626;SALVADOR;Reação tardia ou ineficiente do condutor;Capotamento;Com Vítimas Feridas;Pleno dia;Crescente;Chuva;Múltipla;Curva;Não;4;0;4;0;0;0;4;1;-12,96520311;-38,47702727;SPRF-BA;DEL01-BA;UOP01-DEL01-BA
713678;24/08/2025;domingo;01:20:00;RJ;40;102;DUQUE DE CAXIAS;Velocidade Incompatível;Queda de ocupante de veículo;Com Vítimas Feridas;Plena Noite;Decrescente;Céu Claro;Múltipla;Reta;Sim;2;0;1;1;0;0;2;1;-22,61591157;-43,28648438;SPRF-RJ;DEL01-RJ;UOP02-DEL01-RJ
713679;24/08/2025;domingo;05:40:00;MG;381;915;CAMANDUCAIA;Ingestão de álcool pelo condutor;Colisão com objeto;Sem Vítimas;Amanhecer;Decrescente;Céu Claro;Dupla;Curva;Não;1;0;0;0;1;0;0;1;-22,7327;-46,1351;SPRF-MG;DEL16-MG;UOP03-DEL16-MG
713680;24/08/2025;domingo;05:00:00;SC;470;141,3;RIO DO SUL;Ausência de reação do condutor;Colisão com objeto;Sem Vítimas;Plena Noite;Crescente;Chuva;Simples;"Declive;Reta;Ponte";Sim;1;0;0;0;1;0;0;1;-27,20818504;-49,65032665;SPRF-SC;DEL04-SC;UOP02-DEL04-SC
713681;24/08/2025;domingo;07:15:00;RS;116;302;GUAIBA;Ingestão de álcool pelo condutor;Saída de leito carroçável;Sem Vítimas;Pleno dia;Crescente;Céu Claro;Dupla;Reta;Sim;1;0;0;0;1;0;0;1;-30,13914327;-51,35894573;SPRF-RS;DEL02-RS;UOP01-DEL02-RS
713682;24/08/2025;domingo;02:20:00;RJ;465;20;SEROPEDICA;Transitar na contramão;Colisão frontal;Com Vítimas Feridas;Plena Noite;Decrescente;Céu Claro;Simples;Reta;Sim;2;0;1;0;1;0;1;2;-22,7168357;-43,7151514;SPRF-RJ;DEL06-RJ;UOP02-DEL06-RJ
713684;24/08/2025;domingo;07:00:00;BA;324;617,9;SALVADOR;Chuva;Queda de ocupante de veículo;Com Vítimas Feridas;Pleno dia;Crescente;Chuva;Múltipla;Reta;Sim;2;0;2;0;0;0;2;1;-12,8994213;-38,4513725;SPRF-BA;DEL01-BA;UOP01-DEL01-BA
713685;24/08/2025;domingo;05:00:00;MS;163;14;MUNDO NOVO;Reação tardia ou ineficiente do condutor;Saída de leito carroçável;Sem Vítimas;Amanhecer;Crescente;Chuva;Simples;"Curva;Declive";Não;1;0;0;0;0;1;0;1;-23,94944386;-54,31228495;SPRF-MS;DEL09-MS;UOP02-DEL09-MS
713686;16/08/2025;sábado;22:51:00;SC;101;205,4;SAO JOSE;Reação tardia ou ineficiente do condutor;Colisão com objeto;Com Vítimas Feridas;Plena Noite;Crescente;Nublado;Simples;Curva;Não;1;0;1;0;0;0;1;1;-27,587203;-48,616653;SPRF-SC;DEL01-SC;UOP01-DEL01-SC
713687;24/08/2025;domingo;07:40:00;CE;116;36;HORIZONTE;Condutor deixou de manter distância do veículo da frente;Colisão traseira;Sem Vítimas;Pleno dia;Decrescente;Céu Claro;Dupla;Reta;Não;2;0;0;0;2;0;0;2;-4,0605479;-38,5046859;SPRF-CE;DEL01-CE;UOP02-DEL01-CE
713689;24/08/2025;domingo;06:50:00;RS;116;119,5;SAO MARCOS;Demais falhas mecânicas ou elétricas;Incêndio;Sem Vítimas;Pleno dia;Decrescente;Nublado;Simples;Reta;Sim;1;0;0;0;1;0;0;1;-28,999105;-51,076392;SPRF-RS;DEL05-RS;UOP01-DEL05-RS
713690;24/08/2025;domingo;07:15:00;MG;116;748,9;LEOPOLDINA;Velocidade Incompatível;Capotamento;Com Vítimas Feridas;Amanhecer;Decrescente;Céu Claro;Simples;Curva;Não;4;0;4;0;0;0;4;1;-21,448007;-42,551108;SPRF-MG;DEL07-MG;UOP01-DEL07-MG
713691;24/08/2025;domingo;04:15:00;MG;381;558,5;ITAGUARA;Condutor Dormindo;Saída de leito carroçável;Com Vítimas Feridas;Plena Noite;Crescente;Céu Claro;Dupla;"Reta;Declive";Não;1;0;1;0;0;0;1;1;-20,35644499;-44,45846114;SPRF-MG;DEL04-MG;UOP03-DEL04-MG
713692;24/08/2025;domingo;02:00:00;GO;153;517,7;HIDROLANDIA;Ausência de reação do condutor;Saída de leito carroçável;Sem Vítimas;Plena Noite;Crescente;Céu Claro;Dupla;Reta;Não;1;0;0;0;0;1;0;1;-16,851671;-49,247541;SPRF-GO;DEL01-GO;UOP03-DEL01-GO