id;data_inversa;dia_semana;horario;uf;br;km;municipio;causa_acidente;tipo_acidente;classificacao_acidente;fase_dia;sentido_via;condicao_metereologica;tipo_pista;tracado_via;uso_solo;pessoas;mortos;feridos_leves;feridos_graves;ilesos;ignorados;feridos;veiculos;latitude;longitude;regional;delegacia;uop
713693;24/08/2025;domingo;08:20:00;SP;116;89,1;PINDAMONHANGABA;Reação tardia ou ineficiente do condutor;Engavetamento;Com Vítimas Feridas;Pleno dia;Decrescente;Céu Claro;Dupla;Reta;Não;5;0;3;2;0;0;5;3;-22,939934;-45,37996;SPRF-SP;DEL08-SP;UOP01-DEL08-SP
713694;31/07/2025;quinta-feira;07:55:00;PR;116;15;COLOMBO;Condutor deixou de manter distância do veículo da frente;Colisão traseira;Com Vítimas Feridas;Pleno dia;Decrescente;Sol;Dupla;"Aclive;Reta";Sim;2;0;1;0;1;0;1;2;-25,3708763;-49,12532179;SPRF-PR;DEL01-PR;UOP02-DEL01-PR
713695;08/08/2025;sexta-feira;08:00:00;SC;101;127;ITAJAI;Manobra de mudança de faixa;Tombamento;Com Vítimas Feridas;Pleno dia;Decrescente;Nublado;Dupla;Reta;Não;2;0;1;0;1;0;1;2;-26,96797775;-48,68359566;SPRF-SC;DEL04-SC;UOP04-DEL04-SC
713696;24/08/2025;domingo;07:35:00;MA;316;576,7;CAXIAS;Avarias e/ou desgaste excessivo no pneu;Queda de ocupante de veículo;Com Vítimas Feridas;Pleno dia;Decrescente;Céu Claro;Simples;Reta;Não;2;0;2;0;0;0;2;1;-4,943377;-43,155335;SPRF-MA;DEL03-MA;UOP02-DEL03-MA
713697;24/08/2025;domingo;07:30:00;PR;376;595;CURITIBA;Condutor Dormindo;Saída de leito carroçável;Sem Vítimas;Amanhecer;Decrescente;Nublado;Simples;Reta;Sim;1;0;0;0;0;1;0;1;-25,46199;-49,35812;SPRF-PR;DEL01-PR;UOP03-DEL01-PR
713698;24/08/2025;domingo;08:35:00;RS;392;117;CANGUCU;Ausência de reação do condutor;Colisão com objeto;Sem Vítimas;Pleno dia;Crescente;Céu Claro;Simples;"Interseção de Vias;Rotatória";Sim;1;0;0;0;1;0;0;1;-31,413822;-52,676467;SPRF-RS;DEL07-RS;UOP01-DEL07-RS
713699;24/08/2025;domingo;08:00:00;MG;381;401;NOVA UNIAO;Afundamento ou ondulação no pavimento;Tombamento;Sem Vítimas;Pleno dia;Decrescente;Céu Claro;Simples;Curva;Não;2;0;0;0;0;2;0;1;-19,75260246;-43,53884904;SPRF-MG;DEL01-MG;UOP01-DEL01-MG
713700;24/08/2025;domingo;09:10:00;ES;101;298,2;VIANA;Condutor deixou de manter distância do veículo da frente;Colisão lateral mesmo sentido;Com Vítimas Feridas;Pleno dia;Crescente;Céu Claro;Múltipla;"Viaduto;Retorno Regulamentado";Sim;2;0;1;0;1;0;1;2;-20,35753737;-40,41987984;SPRF-ES;DEL01-ES;UOP01-DEL01-ES
713701;24/08/2025;domingo;08:30:00;RS;392;17,5;RIO GRANDE;Demais falhas mecânicas ou elétricas;Saída de leito carroçável;Sem Vítimas;Pleno dia;Decrescente;Sol;Dupla;Reta;Sim;1;0;0;0;1;0;0;1;-32,08819635;-52,18671301;SPRF-RS;DEL07-RS;UOP02-DEL07-RS
713702;24/08/2025;domingo;06:45:00;MG;381;418,8;IGARAPE;Ausência de reação do condutor;Colisão com objeto;Com Vítimas Fatais;Amanhecer;Crescente;Céu Claro;Dupla;Reta;Não;7;1;1;5;0;0;6;1;-20,11457554;-44,3055439;SPRF-MG;DEL01-MG;UOP01-DEL01-MG
713703;24/08/2025;domingo;09:00:00;PB;104;139,7;QUEIMADAS;Reação tardia ou ineficiente do condutor;Tombamento;Com Vítimas Feridas;Pleno dia;Crescente;Céu Claro;Simples;"Curva;Interseção de Vias";Sim;3;0;1;0;2;0;1;2;-7,36681987;-35,90072304;SPRF-PB;DEL02-PB;UOP03-DEL02-PB
713705;24/08/2025;domingo;08:30:00;MG;40;523;CONTAGEM;Demais falhas mecânicas ou elétricas;Incêndio;Sem Vítimas;Pleno dia;Crescente;Céu Claro;Dupla;Reta;Sim;1;0;0;0;1;0;0;1;-19,87102849;-44,05826569;SPRF-MG;DEL01-MG;UOP02-DEL01-MG
713706;24/08/2025;domingo;09:15:00;PA;316;63;CASTANHAL;Desrespeitar a preferência no cruzamento;Colisão transversal;Sem Vítimas;Pleno dia;Decrescente;Céu Claro;Dupla;Reta;Sim;2;0;0;0;2;0;0;2;-1,296703;-47,928642;SPRF-PA;DEL01-PA;UOP01-DEL01-PA
713708;24/08/2025;domingo;08:51:00;BA;110;394;SAO SEBASTIAO DO PASSE;Acessar a via sem observar a presença dos outros veículos;Colisão transversal;Com Vítimas Fatais;Pleno dia;Decrescente;Céu Claro;Simples;Reta;Sim;2;1;0;1;0;0;1;2;-12,5072975;-38,4963494;SPRF-BA;DEL01-BA;UOP01-DEL01-BA
713709;24/08/2025;domingo;08:15:00;MG;381;146;GOVERNADOR VALADARES;Condutor deixou de manter distância do veículo da frente;Colisão traseira;Com Vítimas Feridas;Pleno dia;Decrescente;Céu Claro;Simples;Viaduto;Não;2;0;0;1;1;0;1;2;-18,84661515;-41,98154837;SPRF-MG;DEL06-MG;UOP01-DEL06-MG
713710;24/08/2025;domingo;09:18:00;SP;116;209;GUARULHOS;Mal súbito do condutor;Colisão com objeto;Com Vítimas Fatais;Pleno dia;Crescente;Sol;Múltipla;"Viaduto;Reta";Sim;1;1;0;0;0;0;0;1;-23,42740105;-46,4069535;SPRF-SP;DEL01-SP;UOP01-DEL01-SP
713711;24/08/2025;domingo;08:01:00;RO;364;346;JI-PARANA;Mal súbito do condutor;Queda de ocupante de veículo;Com Vítimas Feridas;Pleno dia;Decrescente;Céu Claro;Simples;Reta;Sim;1;0;1;0;0;0;1;1;-10,861575;-61,97486;SPRF-RO;DEL02-RO;UOP01-DEL02-RO
713712;24/08/2025;domingo;09:10:00;PR;369;71;SANTA MARIANA;Desrespeitar a preferência no cruzamento;Colisão transversal;Com Vítimas Feridas;Pleno dia;Crescente;Céu Claro;Simples;"Interseção de Vias;Curva";Não;6;0;3;0;3;0;3;2;-23,14665;-50,498901;SPRF-PR;DEL07-PR;UOP05-DEL07-PR
713713;24/08/2025;domingo;09:45:00;RS;470;225,7;GARIBALDI;Desrespeitar a preferência no cruzamento;Colisão transversal;Com Vítimas Feridas;Pleno dia;Crescente;Nublado;Simples;"Retorno Regulamentado;Curva";Sim;4;0;2;0;2;0;2;2;-29,24665396;-51,51597468;SPRF-RS;DEL06-RS;UOP01-DEL06-RS
713714;24/08/2025;domingo;10:00:00;MG;40;640,2;CONSELHEIRO LAFAIETE;Desrespeitar a preferência no cruzamento;Colisão transversal;Sem Vítimas;Pleno dia;Crescente;Sol;Simples;"Interseção de Vias;Reta";Não;3;0;0;0;2;1;0;2;-20,747933;-43,800762;SPRF-MG;DEL05-MG;UOP02-DEL05-MG
713716;24/08/2025;domingo;09:30:00;MG;365;626,4;UBERLANDIA;Velocidade Incompatível;Colisão com objeto;Sem Vítimas;Pleno dia;Crescente;Céu Claro;Dupla;"Curva;Aclive";Não;1;0;0;0;0;1;0;1;-18,905521;-48,337775;SPRF-MG;DEL15-MG;UOP01-DEL15-MG
713717;24/08/2025;domingo;09:50:00;MS;163;692;RIO VERDE DE MATO GROSSO;Demais falhas mecânicas ou elétricas;Incêndio;Sem Vítimas;Pleno dia;Decrescente;Céu Claro;Simples;Aclive;Não;2;0;0;0;2;0;0;1;-18,8771585;-54,83428448;SPRF-MS;DEL06-MS;UOP01-DEL06-MS
713718;24/08/2025;domingo;09:15:00;BA;324;522;FEIRA DE SANTANA;Pedestre - Ingestão de álcool/ substâncias psicoativas;Atropelamento de Pedestre;Com Vítimas Feridas;Pleno dia;Crescente;Céu Claro;Dupla;Reta;Sim;5;0;1;0;4;0;1;2;-12,29518615;-38,905426;SPRF-BA;DEL01-BA;UOP03-DEL01-BA
713719;24/08/2025;domingo;10:00:00;PB;230;135,7;MASSARANDUBA;Velocidade Incompatível;Saída de leito carroçável;Com Vítimas Feridas;Pleno dia;Crescente;Céu Claro;Dupla;Curva;Não;2;0;0;2;0;0;2;1;-7,281069;-35,7699757;SPRF-PB;DEL02-PB;UOP01-DEL02-PB
713720;24/08/2025;domingo;10:30:00;SP;116;199;ARUJA;Demais falhas mecânicas ou elétricas;Colisão traseira;Com Vítimas Feridas;Pleno dia;Crescente;Céu Claro;Dupla;Reta;Não;4;0;1;0;3;0;1;2;-23,40125304;-46,30885212;SPRF-SP;DEL01-SP;UOP01-DEL01-SP
713723;24/08/2025;domingo;10:50:00;GO;40;10,7;LUZIANIA;Ingestão de álcool pelo condutor;Saída de leito carroçável;Sem Vítimas;Pleno dia;Crescente;Céu Claro;Dupla;Reta;Sim;1;0;0;0;1;0;0;1;-16,13782;-47,95342;SPRF-DF;DEL01-DF;UOP01-DEL01-DF
713724;24/08/2025;domingo;10:30:00;TO;153;145;ARAGUAINA;Reação tardia ou ineficiente do condutor;Tombamento;Com Vítimas Feridas;Pleno dia;Crescente;Céu Claro;Simples;Reta;Sim;1;0;1;0;0;0;1;1;-7,205625;-48,240935;SPRF-TO;DEL02-TO;UOP01-DEL02-TO
713725;24/08/2025;domingo;11:20:00;SP;116;201;ARUJA;Manobra de mudança de faixa;Colisão com objeto;Com Vítimas Feridas;Pleno dia;Crescente;Céu Claro;Dupla;"Reta;Retorno Regulamentado;Aclive";Sim;2;0;1;0;0;1;1;2;-23,4027896;-46,32595698;SPRF-SP;DEL01-SP;UOP01-DEL01-SP
713726;24/08/2025;domingo;09:40:00;RJ;40;125;RIO DE JANEIRO;Manobra de mudança de faixa;Colisão lateral mesmo sentido;Sem Vítimas;Pleno dia;Decrescente;Céu Claro;Simples;Reta;Não;2;0;0;0;2;0;0;2;-22,81711986;-43,28656948;SPRF-RJ;DEL01-RJ;UOP02-DEL01-RJ
713727;24/08/2025;domingo;11:00:00;PR;373;204,6;IPIRANGA;Reação tardia ou ineficiente do condutor;Colisão frontal;Com Vítimas Fatais;Pleno dia;Crescente;Céu Claro;Simples;Curva;Não;3;1;0;2;0;0;2;2;-25,125472;-50,440402;SPRF-PR;DEL03-PR;UOP01-DEL03-PR
713728;24/08/2025;domingo;10:35:00;MG;116;411,4;GOVERNADOR VALADARES;Acumulo de óleo sobre o pavimento;Tombamento;Com Vítimas Feridas;Pleno dia;Crescente;Sol;Dupla;Reta;Sim;2;0;2;0;0;0;2;1;-18,86797041;-41,97223512;SPRF-MG;DEL06-MG;UOP01-DEL06-MG
713729;24/08/2025;domingo;07:30:00;MT;364;548;ROSARIO OESTE;Ausência de reação do condutor;Saída de leito carroçável;Sem Vítimas;Pleno dia;Crescente;Céu Claro;Dupla;Reta;Não;1;0;0;0;0;1;0;1;-14,794233;-56,40292;SPRF-MT;DEL01-MT;UOP01-DEL01-MT
713730;24/08/2025;domingo;11:40:00;PR;376;185;SARANDI;Ausência de reação do condutor;Capotamento;Com Vítimas Feridas;Pleno dia;Crescente;Nublado;Dupla;"Declive;Reta";Sim;2;0;1;0;1;0;1;1;-23,444748;-51,864973;SPRF-PR;DEL09-PR;UOP01-DEL09-PR
713731;24/08/2025;domingo;08:30:00;MG;262;42;MANHUACU;Reação tardia ou ineficiente do condutor;Saída de leito carroçável;Com Vítimas Feridas;Pleno dia;Crescente;Céu Claro;Simples;Curva;Não;1;0;1;0;0;0;1;1;-20,26306;-42,080291;SPRF-MG;DEL06-MG;UOP03-DEL06-MG
713732;24/08/2025;domingo;11:23:00;PR;153;334;IRATI;Ultrapassagem Indevida;Colisão frontal;Com Vítimas Feridas;Pleno dia;Decrescente;Nublado;Simples;"Curva;Aclive";Sim;3;0;2;0;1;0;2;2;-25,486;-50,642;SPRF-PR;DEL08-PR;UOP02-DEL08-PR
713734;24/08/2025;domingo;11:20:00;PR;116;9;CAMPINA GRANDE DO SUL;Ausência de reação do condutor;Capotamento;Com Vítimas Feridas;Pleno dia;Crescente;Chuva;Dupla;Curva;Não;4;0;3;0;1;0;3;1;-25,083;-48,638;SPRF-PR;DEL01-PR;UOP02-DEL01-PR
713735;24/08/2025;domingo;08:20:00;SP;116;137;SAO JOSE DOS CAMPOS;Avarias e/ou desgaste excessivo no pneu;Tombamento;Com Vítimas Feridas;Pleno dia;Crescente;Céu Claro;Dupla;Reta;Não;1;0;1;0;0;0;1;1;-23,2554496;-45,9341824;SPRF-SP;DEL02-SP;UOP01-DEL02-SP
713736;24/08/2025;domingo;12:15:00;SP;116;73,8;APARECIDA;Ausência de reação do condutor;Colisão traseira;Com Vítimas Feridas;Pleno dia;Crescente;Sol;Dupla;Curva;Não;3;0;2;0;1;0;2;2;-22,86682862;-45,24268091;SPRF-SP;DEL08-SP;UOP01-DEL08-SP
713737;24/08/2025;domingo;10:50:00;PR;153;239,6;TIBAGI;Ultrapassagem Indevida;Colisão lateral sentido oposto;Com Vítimas Fatais;Pleno dia;Crescente;Céu Claro;Simples;"Reta;Declive";Não;5;1;0;0;4;0;0;2;-24,774423;-50,46319;SPRF-PR;DEL03-PR;UOP02-DEL03-PR
713738;24/08/2025;domingo;11:15:00;TO;153;729,3;FIGUEIROPOLIS;Demais falhas mecânicas ou elétricas;Queda de ocupante de veículo;Com Vítimas Feridas;Pleno dia;Decrescente;Céu Claro;Simples;Reta;Não;1;0;1;0;0;0;1;1;-12,2009882;-49,1563672;SPRF-TO;DEL01-TO;UOP02-DEL01-TO
713739;24/08/2025;domingo;10:40:00;RJ;101;311;SAO GONCALO;Condutor deixou de manter distância do veículo da frente;Colisão traseira;Com Vítimas Feridas;Pleno dia;Decrescente;Céu Claro;Dupla;Reta;Sim;4;0;1;0;3;0;1;3;-22,80409271;-43,05919044;SPRF-RJ;DEL02-RJ;UOP02-DEL02-RJ
713740;24/08/2025;domingo;09:00:00;MG;354;739,1;POUSO ALTO;Velocidade Incompatível;Tombamento;Com Vítimas Feridas;Pleno dia;Crescente;Céu Claro;Simples;"Curva;Aclive";Não;1;0;1;0;0;0;1;1;-22,213151;-44,949524;SPRF-MG;DEL17-MG;UOP01-DEL17-MG
713743;24/08/2025;domingo;13:00:00;SC;101;190,9;BIGUACU;Reação tardia ou ineficiente do condutor;Colisão com objeto;Com Vítimas Feridas;Pleno dia;Crescente;Chuva;Dupla;Curva;Sim;2;0;1;0;1;0;1;2;-27,47686;-48,64076;SPRF-SC;DEL01-SC;UOP01-DEL01-SC
713744;24/08/2025;domingo;10:00:00;SC;470;180;POUSO REDONDO;Conversão proibida;Colisão traseira;Com Vítimas Feridas;Pleno dia;Decrescente;Chuva;Simples;Reta;Não;4;0;0;1;3;0;1;2;-27,24979817;-49,98818843;SPRF-SC;DEL04-SC;UOP02-DEL04-SC
713745;24/08/2025;domingo;13:30:00;PR;369;207,9;APUCARANA;Reação tardia ou ineficiente do condutor;Tombamento;Com Vítimas Feridas;Pleno dia;Decrescente;Céu Claro;Simples;"Reta;Declive";Sim;1;0;0;1;0;0;1;1;-23,56357052;-51,49152623;SPRF-PR;DEL07-PR;UOP03-DEL07-PR
713747;24/08/2025;domingo;11:55:00;PR;277;48,2;MORRETES;Ausência de reação do condutor;Saída de leito carroçável;Com Vítimas Feridas;Pleno dia;Crescente;Chuva;Dupla;"Declive;Curva";Não;1;0;1;0;0;0;1;1;-25,59168454;-48,9284277;SPRF-PR;DEL01-PR;UOP05-DEL01-PR
713748;24/08/2025;domingo;13:40:00;RJ;101;320;NITEROI;Ausência de reação do condutor;Tombamento;Com Vítimas Feridas;Pleno dia;Decrescente;Céu Claro;Dupla;Curva;Não;2;0;2;0;0;0;2;1;-22,8674017;-43,11018967;SPRF-RJ;DEL02-RJ;UOP01-DEL02-RJ
713749;24/08/2025;domingo;12:15:00;RJ;101;291;ITABORAI;Reação tardia ou ineficiente do condutor;Colisão traseira;Com Vítimas Fatais;Pleno dia;Crescente;Céu Claro;Dupla;Reta;Não;4;1;1;0;2;0;1;2;-22,76336488;-42,87216067;SPRF-RJ;DEL02-RJ;UOP02-DEL02-RJ
713751;24/08/2025;domingo;14:00:00;PR;376;650;TIJUCAS DO SUL;Reação tardia ou ineficiente do condutor;Tombamento;Com Vítimas Feridas;Pleno dia;Decrescente;Garoa/Chuvisco;Dupla;"Declive;Reta";Não;1;0;1;0;0;0;1;1;-25,84517008;-49,07240717;SPRF-PR;DEL01-PR;UOP04-DEL01-PR
713752;24/08/2025;domingo;13:50:00;SC;101;137;BALNEARIO CAMBORIU;Desrespeitar a preferência no cruzamento;Colisão transversal;Com Vítimas Feridas;Pleno dia;Decrescente;Garoa/Chuvisco;Simples;"Interseção de Vias;Viaduto";Sim;2;0;1;0;1;0;1;2;-27,01876061;-48,6107254;SPRF-SC;DEL04-SC;UOP03-DEL04-SC
713753;24/08/2025;domingo;08:00:00;PE;316;64;OURICURI;Ausência de reação do condutor;Saída de leito carroçável;Com Vítimas Feridas;Pleno dia;Decrescente;Sol;Simples;Reta;Não;1;0;0;1;0;0;1;1;-7,785885;-40,224212;SPRF-PE;DEL05-PE;UOP02-DEL05-PE
713755;24/08/2025;domingo;14:40:00;SC;101;191,9;BIGUACU;Demais falhas mecânicas ou elétricas;Incêndio;Sem Vítimas;Pleno dia;Decrescente;Chuva;Múltipla;Curva;Sim;1;0;0;0;1;0;0;1;-27,485961;-48,648171;SPRF-SC;DEL01-SC;UOP01-DEL01-SC
713756;24/08/2025;domingo;14:10:00;PE;101;168;AGUA PRETA;Condutor deixou de manter distância do veículo da frente;Colisão traseira;Com Vítimas Feridas;Pleno dia;Crescente;Sol;Dupla;Reta;Não;3;0;2;0;1;0;2;2;-8,573284;-35,480877;SPRF-PE;DEL01-PE;UOP03-DEL01-PE
713757;24/08/2025;domingo;13:15:00;MG;365;164;BURITIZEIRO;Reação tardia ou ineficiente do condutor;Colisão com objeto;Com Vítimas Feridas;Pleno dia;Crescente;Céu Claro;Simples;"Reta;Ponte";Não;1;0;0;1;0;0;1;1;-17,371602;-44,945675;SPRF-MG;DEL10-MG;UOP02-DEL010-MG
713758;24/08/2025;domingo;15:00:00;MG;381;756;TRES CORACOES;Reação tardia ou ineficiente do condutor;Tombamento;Com Vítimas Feridas;Pleno dia;Decrescente;Céu Claro;Dupla;Reta;Não;1;0;1;0;0;0;1;1;-21,674772;-45,337877;SPRF-MG;DEL16-MG;UOP02-DEL16-MG
713760;24/08/2025;domingo;11:30:00;MG;116;611,3;SAO JOAO DO MANHUACU;Ausência de reação do condutor;Colisão traseira;Com Vítimas Feridas;Pleno dia;Crescente;Sol;Simples;"Interseção de Vias;Reta";Não;3;0;2;0;1;0;2;2;-20,435552;-42,163953;SPRF-MG;DEL07-MG;UOP02-DEL07-MG
713761;24/08/2025;domingo;13:50:00;MS;463;72,9;PONTA PORA;Avarias e/ou desgaste excessivo no pneu;Saída de leito carroçável;Com Vítimas Feridas;Pleno dia;Crescente;Nublado;Simples;Reta;Não;1;0;1;0;0;0;1;1;-22,485272;-55,417672;SPRF-MS;DEL04-MS;UOP03-DEL04-MS
713762;24/08/2025;domingo;15:15:00;PB;101;83,5;BAYEUX;Avarias e/ou desgaste excessivo no pneu;Tombamento;Com Vítimas Feridas;Pleno dia;Decrescente;Sol;Dupla;"Aclive;Viaduto;Reta";Sim;2;0;2;0;0;0;2;1;-7,1313267;-34,9310045;SPRF-PB;DEL01-PB;UOP01-DEL01-PB
713763;24/08/2025;domingo;14:20:00;MG;381;671,8;PERDOES;Reação tardia ou ineficiente do condutor;Saída de leito carroçável;Com Vítimas Feridas;Pleno dia;Crescente;Céu Claro;Dupla;"Reta;Declive";Não;2;0;2;0;0;0;2;1;-21,0682862;-45,0521981;SPRF-MG;DEL04-MG;UOP02-DEL04-MG
713765;24/08/2025;domingo;15:20:00;BA;324;582;CANDEIAS;Ingestão de álcool pelo condutor;Colisão com objeto;Sem Vítimas;Pleno dia;Crescente;Sol;Dupla;Curva;Sim;1;0;0;0;1;0;0;1;-12,616209;-38,4907412;SPRF-BA;DEL01-BA;UOP01-DEL01-BA
713767;24/08/2025;domingo;14:00:00;CE;230;59,1;LAVRAS DA MANGABEIRA;Transitar na contramão;Colisão frontal;Com Vítimas Feridas;Pleno dia;Crescente;Céu Claro;Simples;"Aclive;Reta";Sim;5;0;1;0;3;1;1;2;-6,76280647;-39,11270142;SPRF-CE;DEL05-CE;UOP01-DEL05-CE
713768;24/08/2025;domingo;15:00:00;PR;116;14;CAMPINA GRANDE DO SUL;Chuva;Saída de leito carroçável;Com Vítimas Feridas;Pleno dia;Crescente;Chuva;Dupla;"Declive;Curva";Não;2;0;1;0;1;0;1;1;-25,098;-48,681;SPRF-PR;DEL01-PR;UOP02-DEL01-PR
713769;24/08/2025;domingo;10:00:00;RO;364;426;JARU;Condutor Dormindo;Saída de leito carroçável;Sem Vítimas;Pleno dia;Decrescente;Sol;Simples;Reta;Sim;1;0;0;0;0;1;0;1;-10,42885733;-62,48568356;SPRF-RO;DEL03-RO;UOP02-DEL03-RO
713770;24/08/2025;domingo;09:54:00;RO;364;379;OURO PRETO DO OESTE;Reação tardia ou ineficiente do condutor;Colisão traseira;Com Vítimas Feridas;Pleno dia;Crescente;Céu Claro;Simples;"Aclive;Curva";Não;4;0;1;0;3;0;1;2;-10,740545;-62,2233;SPRF-RO;DEL02-RO;UOP01-DEL02-RO
713771;24/08/2025;domingo;15:40:00;PE;101;43,8;IGARASSU;Manobra de mudança de faixa;Colisão traseira;Com Vítimas Feridas;Pleno dia;Decrescente;Céu Claro;Múltipla;Reta;Sim;2;0;1;0;1;0;1;2;-7,85515;-34,908552;SPRF-PE;DEL01-PE;UOP02-DEL01-PE
713772;24/08/2025;domingo;15:30:00;PR;116;18;ANTONINA;Ausência de reação do condutor;Capotamento;Com Vítimas Feridas;Pleno dia;Decrescente;Chuva;Dupla;Curva;Não;2;0;2;0;0;0;2;1;-25,105;-48,715;SPRF-PR;DEL01-PR;UOP02-DEL01-PR
713773;24/08/2025;domingo;16:15:00;MG;381;277;JAGUARACU;Reação tardia ou ineficiente do condutor;Colisão traseira;Com Vítimas Feridas;Pleno dia;Crescente;Nublado;Simples;Reta;Não;2;0;1;0;1;0;1;2;-19,59565537;-42,74376869;SPRF-MG;DEL03-MG;UOP02-DEL03-MG
713775;24/08/2025;domingo;17:00:00;RJ;101;485;ANGRA DOS REIS;Condutor deixou de manter distância do veículo da frente;Colisão lateral mesmo sentido;Com Vítimas Feridas;Pleno dia;Crescente;Garoa/Chuvisco;Simples;Reta;Sim;2;0;1;0;1;0;1;2;-22,985126;-44,296748;SPRF-RJ;DEL03-RJ;UOP03-DEL03-RJ
713776;24/08/2025;domingo;16:29:00;MG;381;324,5;JOAO MONLEVADE;Demais falhas mecânicas ou elétricas;Colisão lateral mesmo sentido;Com Vítimas Feridas;Pleno dia;Crescente;Céu Claro;Simples;Reta;Não;2;0;1;0;1;0;1;2;-19,8499629;-43,1510565;SPRF-MG;DEL03-MG;UOP02-DEL03-MG
713777;24/08/2025;domingo;17:04:00;ES;101;111,8;LINHARES;Transitar no Acostamento;Colisão lateral mesmo sentido;Com Vítimas Feridas;Pleno dia;Crescente;Céu Claro;Simples;"Aclive;Reta";Não;4;0;2;0;2;0;2;2;-19,07718;-40,04227;SPRF-ES;DEL04-ES;UOP01-DEL04-ES
713779;24/08/2025;domingo;13:30:00;SC;280;99,1;SAO BENTO DO SUL;Reação tardia ou ineficiente do condutor;Saída de leito carroçável;Com Vítimas Feridas;Pleno dia;Decrescente;Chuva;Simples;Curva;Não;1;0;1;0;0;0;1;1;-26,371513;-49,331013;SPRF-SC;DEL06-SC;UOP03-DEL06-SC
713780;24/08/2025;domingo;16:30:00;MT;70;43,3;BARRA DO GARCAS;Ingestão de álcool pelo condutor;Queda de ocupante de veículo;Com Vítimas Feridas;Pleno dia;Decrescente;Céu Claro;Simples;Reta;Não;1;0;0;1;0;0;1;1;-15,70130525;-52,67858505;SPRF-MT;DEL07-MT;UOP01-DEL07-MT
713781;24/08/2025;domingo;15:11:00;RS;290;192;PANTANO GRANDE;Reação tardia ou ineficiente do condutor;Saída de leito carroçável;Com Vítimas Feridas;Pleno dia;Crescente;Céu Claro;Simples;Reta;Não;2;0;1;0;1;0;1;1;-30,14198949;-52,37169139;SPRF-RS;DEL02-RS;UOP03-DEL02-RS
713782;24/08/2025;domingo;17:30:00;DF;70;19;BRASILIA;Ausência de reação do condutor;Colisão lateral mesmo sentido;Com Vítimas Feridas;Anoitecer;Decrescente;Céu Claro;Dupla;"Curva;Aclive";Sim;3;0;1;0;2;0;1;2;-15,79137507;-48,21169551;SPRF-DF;DEL03-DF;UOP02-DEL03-DF
713783;24/08/2025;domingo;16:44:00;RO;319;143;PORTO VELHO;Condutor deixou de manter distância do veículo da frente;Colisão lateral mesmo sentido;Com Vítimas Feridas;Pleno dia;Crescente;Céu Claro;Múltipla;Reta;Sim;4;0;1;0;3;0;1;2;-8,75552637;-63,88692498;SPRF-RO;DEL01-RO;UOP01-DEL01-RO
713784;24/08/2025;domingo;16:30:00;MG;262;532;LUZ;Velocidade Incompatível;Saída de leito carroçável;Com Vítimas Feridas;Pleno dia;Crescente;Sol;Simples;"Aclive;Curva";Não;2;0;1;0;1;0;1;1;-19,74735043;-45,82394601;SPRF-MG;DEL08-MG;UOP02-DEL08-MG
713785;24/08/2025;domingo;17:45:00;CE;116;16;FORTALEZA;Animais na Pista;Atropelamento de Animal;Com Vítimas Feridas;Anoitecer;Crescente;Céu Claro;Dupla;"Reta;Declive";Sim;2;0;2;0;0;0;2;1;-3,8848796;-38,5019782;SPRF-CE;DEL01-CE;UOP02-DEL01-CE
713786;24/08/2025;domingo;17:00:00;SC;282;223;LAGES;Avarias e/ou desgaste excessivo no pneu;Colisão frontal;Com Vítimas Feridas;Pleno dia;Decrescente;Chuva;Simples;"Aclive;Curva";Não;5;0;5;0;0;0;5;2;-27,79855531;-50,35898421;SPRF-SC;DEL05-SC;UOP01-DEL05-SC
713787;24/08/2025;domingo;15:40:00;BA;101;236;CONCEICAO DO ALMEIDA;Reação tardia ou ineficiente do condutor;Colisão transversal;Sem Vítimas;Pleno dia;Decrescente;Céu Claro;Simples;"Declive;Reta";Não;2;0;0;0;1;1;0;2;-12,76743225;-39,1832161;SPRF-BA;DEL01-BA;UOP02-DEL01-BA
713788;24/08/2025;domingo;16:50:00;PB;230;502,2;CAJAZEIRAS;Ausência de reação do condutor;Colisão com objeto;Sem Vítimas;Pleno dia;Crescente;Céu Claro;Simples;"Reta;Ponte";Sim;1;0;0;0;0;1;0;1;-6,89444221;-38,53934169;SPRF-PB;DEL03-PB;UOP03-DEL03-PB
713789;24/08/2025;domingo;15:33:00;PE;428;29,6;CABROBO;Manobra de mudança de faixa;Colisão frontal;Com Vítimas Fatais;Pleno dia;Decrescente;Céu Claro;Simples;"Reta;Aclive";Não;7;1;2;4;0;0;6;2;-8,512262;-39,476116;SPRF-PE;DEL05-PE;UOP03-DEL05-PE
713790;24/08/2025;domingo;17:40:00;PB;361;5,5;PATOS;Transitar na contramão;Colisão frontal;Com Vítimas Fatais;Anoitecer;Crescente;Céu Claro;Simples;Reta;Sim;4;1;2;0;1;0;2;2;-7,035258;-37,307293;SPRF-PB;DEL03-PB;UOP01-DEL03-PB
713791;24/08/2025;domingo;16:50:00;RS;116;148,7;CAXIAS DO SUL;Ausência de reação do condutor;Atropelamento de Pedestre;Com Vítimas Feridas;Pleno dia;Decrescente;Garoa/Chuvisco;Dupla;Curva;Sim;3;0;0;1;1;1;1;2;-29,15518769;-51,15193605;SPRF-RS;DEL05-RS;UOP01-DEL05-RS
713792;24/08/2025;domingo;17:00:00;PR;376;34;NOVA LONDRINA;Ausência de reação do condutor;Colisão lateral sentido oposto;Sem Vítimas;Anoitecer;Crescente;Nublado;Simples;Reta;Não;2;0;0;0;1;1;0;2;-22,79031679;-52,99221039;SPRF-PR;DEL09-PR;UOP02-DEL09-PR