id;data_inversa;dia_semana;horario;uf;br;km;municipio;causa_acidente;tipo_acidente;classificacao_acidente;fase_dia;sentido_via;condicao_metereologica;tipo_pista;tracado_via;uso_solo;pessoas;mortos;feridos_leves;feridos_graves;ilesos;ignorados;feridos;veiculos;latitude;longitude;regional;delegacia;uop
713793;24/08/2025;domingo;18:00:00;BA;101;453;ITACARE;Manobra de mudança de faixa;Colisão frontal;Com Vítimas Feridas;Plena Noite;Decrescente;Garoa/Chuvisco;Simples;Curva;Não;4;0;3;1;0;0;4;2;-14,38479;-39,324376;SPRF-BA;DEL05-BA;UOP01-DEL05-BA
713794;24/08/2025;domingo;18:00:00;GO;60;92;ANAPOLIS;Acessar a via sem observar a presença dos outros veículos;Colisão transversal;Com Vítimas Feridas;Anoitecer;Crescente;Céu Claro;Dupla;"Retorno Regulamentado;Reta";Sim;6;0;3;1;2;0;4;2;-16,35213;-48,916074;SPRF-GO;DEL02-GO;UOP01-DEL02-GO
713795;24/08/2025;domingo;18:05:00;PE;101;30;ITAPISSUMA;Reação tardia ou ineficiente do condutor;Saída de leito carroçável;Com Vítimas Feridas;Plena Noite;Crescente;Céu Claro;Dupla;"Curva;Declive";Não;5;0;2;0;3;0;2;1;-7,74353922;-34,94018767;SPRF-PE;DEL01-PE;UOP02-DEL01-PE
713797;24/08/2025;domingo;18:00:00;SC;101;208;SAO JOSE;Pista Escorregadia;Colisão com objeto;Sem Vítimas;Plena Noite;Decrescente;Chuva;Múltipla;Reta;Sim;1;0;0;0;1;0;0;1;-27,60767688;-48,63642097;SPRF-SC;DEL01-SC;UOP01-DEL01-SC
713798;24/08/2025;domingo;18:00:00;RJ;356;156;CAMPOS DOS GOYTACAZES;Transitar na contramão;Colisão frontal;Com Vítimas Feridas;Plena Noite;Decrescente;Céu Claro;Simples;Reta;Sim;4;0;1;0;3;0;1;4;-21,744956;-41,215809;SPRF-RJ;DEL08-RJ;UOP02-DEL08-RJ
713799;24/08/2025;domingo;15:19:00;BA;235;279;CURACA;Animais na Pista;Colisão frontal;Com Vítimas Feridas;Pleno dia;Decrescente;Céu Claro;Simples;Reta;Não;3;0;2;1;0;0;3;1;-9,6077509;-39,8421225;SPRF-BA;DEL07-BA;UOP03-DEL07-BA
713801;24/08/2025;domingo;17:05:00;GO;70;474;ARAGARCAS;Acessar a via sem observar a presença dos outros veículos;Colisão transversal;Com Vítimas Feridas;Pleno dia;Crescente;Céu Claro;Dupla;Reta;Sim;2;0;0;1;0;1;1;2;-15,8966513;-52,24226296;SPRF-GO;DEL04-GO;UOP02-DEL04-GO
713803;24/08/2025;domingo;17:00:00;SC;116;78;MONTE CASTELO;Chuva;Saída de leito carroçável;Sem Vítimas;Anoitecer;Crescente;Chuva;Simples;Reta;Não;1;0;0;0;1;0;0;1;-26,56119962;-50,22262573;SPRF-SC;DEL06-SC;UOP02-DEL06-SC
713804;24/08/2025;domingo;18:00:00;PI;343;9,4;PARNAIBA;Conversão proibida;Colisão lateral mesmo sentido;Com Vítimas Feridas;Anoitecer;Crescente;Céu Claro;Simples;Reta;Sim;2;0;0;1;0;1;1;2;-2,901317;-41,736815;SPRF-PI;DEL05-PI;UOP01-DEL05-PI
713805;24/08/2025;domingo;18:30:00;CE;116;190;LIMOEIRO DO NORTE;Demais falhas mecânicas ou elétricas;Queda de ocupante de veículo;Com Vítimas Feridas;Plena Noite;Decrescente;Céu Claro;Simples;Reta;Sim;2;0;2;0;0;0;2;1;-5,12208191;-38,14855926;SPRF-CE;DEL03-CE;UOP01-DEL03-CE
713806;24/08/2025;domingo;18:00:00;MA;135;22;SAO LUIS;Reação tardia ou ineficiente do condutor;Colisão traseira;Com Vítimas Feridas;Anoitecer;Crescente;Céu Claro;Dupla;Reta;Sim;2;0;2;0;0;0;2;2;-2,563265;-44,317135;SPRF-MA;DEL01-MA;UOP01-DEL01-MA
713807;24/08/2025;domingo;16:10:00;RO;174;14;VILHENA;Desrespeitar a preferência no cruzamento;Colisão transversal;Com Vítimas Feridas;Pleno dia;Crescente;Céu Claro;Simples;"Interseção de Vias;Reta";Sim;2;0;1;0;1;0;1;2;-12,73091348;-60,12942759;SPRF-RO;DEL04-RO;UOP01-DEL04-RO
713809;24/08/2025;domingo;19:25:00;RS;116;499,8;PELOTAS;Demais falhas mecânicas ou elétricas;Queda de ocupante de veículo;Com Vítimas Feridas;Plena Noite;Decrescente;Céu Claro;Dupla;Reta;Não;3;0;2;0;1;0;2;2;-31,554142;-52,245773;SPRF-RS;DEL07-RS;UOP01-DEL07-RS
713810;24/08/2025;domingo;18:30:00;CE;222;217;SOBRAL;Reação tardia ou ineficiente do condutor;Tombamento;Com Vítimas Feridas;Plena Noite;Crescente;Céu Claro;Simples;"Aclive;Reta";Não;2;0;2;0;0;0;2;1;-3,72088873;-40,33081055;SPRF-CE;DEL04-CE;UOP01-DEL04-CE
713812;24/08/2025;domingo;19:30:00;PR;116;116;CURITIBA;Reação tardia ou ineficiente do condutor;Tombamento;Com Vítimas Feridas;Plena Noite;Decrescente;Garoa/Chuvisco;Dupla;Reta;Sim;1;0;1;0;0;0;1;1;-25,570842;-49,310708;SPRF-PR;DEL01-PR;UOP03-DEL01-PR
713813;24/08/2025;domingo;19:25:00;PR;369;131;IBIPORA;Animais na Pista;Atropelamento de Animal;Com Vítimas Feridas;Plena Noite;Crescente;Céu Claro;Dupla;"Reta;Aclive";Não;2;0;1;0;1;0;1;2;-23,26023;-51,00896;SPRF-PR;DEL07-PR;UOP01-DEL07-PR
713815;24/08/2025;domingo;17:15:00;RS;116;652;JAGUARAO;Reação tardia ou ineficiente do condutor;Saída de leito carroçável;Com Vítimas Feridas;Plena Noite;Crescente;Céu Claro;Simples;Reta;Não;5;0;2;0;3;0;2;1;-32,524;-53,346;SPRF-RS;DEL07-RS;UOP03-DEL07-RS
713816;24/08/2025;domingo;19:15:00;GO;60;183,1;ABADIA DE GOIAS;Ingestão de álcool pelo condutor;Colisão traseira;Sem Vítimas;Plena Noite;Decrescente;Céu Claro;Dupla;"Aclive;Reta";Não;2;0;0;0;2;0;0;2;-16,796197;-49,510223;SPRF-GO;DEL01-GO;UOP02-DEL01-GO
713817;24/08/2025;domingo;19:00:00;SP;153;56,1;SAO JOSE DO RIO PRETO;Ingestão de álcool pelo condutor;Colisão com objeto;Sem Vítimas;Plena Noite;Crescente;Céu Claro;Dupla;Reta;Não;1;0;0;0;0;1;0;1;-20,7632074;-49,3470037;SPRF-SP;DEL09-SP;UOP01-DEL09-SP
713818;24/08/2025;domingo;17:10:00;RO;364;543;ALTO PARAISO;Ultrapassagem Indevida;Colisão lateral sentido oposto;Com Vítimas Feridas;Pleno dia;Crescente;Céu Claro;Simples;Reta;Não;9;0;3;1;4;1;4;4;-9,701234;-63,10895;SPRF-RO;DEL03-RO;UOP01-DEL03-RO
713819;24/08/2025;domingo;19:50:00;PE;408;74,4;PAUDALHO;Pedestre cruzava a pista fora da faixa;Atropelamento de Pedestre;Com Vítimas Fatais;Plena Noite;Decrescente;Céu Claro;Dupla;Reta;Sim;3;1;0;0;2;0;0;2;-7,94055;-35,12378;SPRF-PE;DEL01-PE;UOP01-DEL01-PE
713820;24/08/2025;domingo;15:40:00;BA;367;24;PORTO SEGURO;Acessar a via sem observar a presença dos outros veículos;Colisão transversal;Com Vítimas Feridas;Pleno dia;Crescente;Céu Claro;Simples;Reta;Sim;2;0;0;1;1;0;1;2;-16,437793;-39,082962;SPRF-BA;DEL09-BA;UOP03-DEL09-BA
713821;24/08/2025;domingo;17:50:00;RS;480;65;BARAO DE COTEGIPE;Ingestão de álcool pelo condutor;Capotamento;Com Vítimas Feridas;Pleno dia;Crescente;Chuva;Simples;"Aclive;Curva";Não;4;0;1;0;3;0;1;1;-27,63076615;-52,36230974;SPRF-RS;DEL08-RS;UOP04-DEL08-RS
713822;24/08/2025;domingo;19:30:00;SC;282;582,9;PINHALZINHO;Ingestão de álcool pelo condutor;Colisão lateral sentido oposto;Com Vítimas Feridas;Plena Noite;Crescente;Nublado;Simples;"Reta;Declive";Não;6;0;5;0;1;0;5;2;-26,82987993;-53,00967217;SPRF-SC;DEL07-SC;UOP02-DEL07-SC
713823;24/08/2025;domingo;19:30:00;PE;232;507,9;SALGUEIRO;Reação tardia ou ineficiente do condutor;Queda de ocupante de veículo;Com Vítimas Feridas;Plena Noite;Crescente;Céu Claro;Simples;Reta;Sim;2;0;0;2;0;0;2;1;-8,06217994;-39,12055743;SPRF-PE;DEL05-PE;UOP01-DEL05-PE
713824;08/08/2025;sexta-feira;16:33:00;RN;101;27;RIO DO FOGO;Ausência de reação do condutor;Saída de leito carroçável;Com Vítimas Feridas;Pleno dia;Crescente;Céu Claro;Simples;Reta;Não;1;0;1;0;0;0;1;1;-5,276498;-35,379437;SPRF-RN;DEL02-RN;UOP01-DEL02-RN
713825;24/08/2025;domingo;16:57:00;RO;364;17;VILHENA;Ausência de reação do condutor;Queda de ocupante de veículo;Sem Vítimas;Pleno dia;Crescente;Céu Claro;Simples;Aclive;Não;1;0;0;0;0;1;0;1;-12,73209129;-60,16559601;SPRF-RO;DEL04-RO;UOP01-DEL04-RO
713826;24/08/2025;domingo;18:50:00;PI;316;10,9;TERESINA;Transitar na contramão;Colisão frontal;Com Vítimas Feridas;Plena Noite;Crescente;Céu Claro;Múltipla;"Viaduto;Reta";Sim;2;0;0;1;1;0;1;2;-5,191298;-42,760922;SPRF-PI;DEL01-PI;UOP02-DEL01-PI
713827;24/08/2025;domingo;18:00:00;MG;40;510;RIBEIRAO DAS NEVES;Trafegar com motocicleta (ou similar) entre as faixas;Tombamento;Com Vítimas Feridas;Pleno dia;Crescente;Céu Claro;Dupla;Reta;Sim;2;0;2;0;0;0;2;1;-19,78992;-44,113;SPRF-MG;DEL01-MG;UOP02-DEL01-MG
713828;24/08/2025;domingo;19:48:00;AP;210;3;MACAPA;Ultrapassagem Indevida;Colisão transversal;Com Vítimas Feridas;Plena Noite;Crescente;Céu Claro;Simples;Retorno Regulamentado;Sim;3;0;2;0;1;0;2;2;0,0872673;-51,0896736;SPRF-AP;DEL01-AP;UOP01-DEL01-AP
713829;24/08/2025;domingo;19:45:00;RS;287;248;SANTA MARIA;Reação tardia ou ineficiente do condutor;Colisão traseira;Com Vítimas Feridas;Plena Noite;Crescente;Céu Claro;Simples;"Interseção de Vias;Rotatória";Sim;4;0;2;0;2;0;2;2;-29,69466;-53,858655;SPRF-RS;DEL09-RS;UOP01-DEL09-RS
713830;24/08/2025;domingo;18:30:00;SC;163;72,6;SAO MIGUEL DO OESTE;Ingestão de álcool pelo condutor;Colisão lateral sentido oposto;Sem Vítimas;Plena Noite;Decrescente;Nublado;Simples;Reta;Não;4;0;0;0;4;0;0;2;-26,71488957;-53,51732254;SPRF-SC;DEL07-SC;UOP03-DEL07-SC
713831;24/08/2025;domingo;19:23:00;SC;163;66,8;SAO MIGUEL DO OESTE;Ultrapassagem Indevida;Colisão lateral mesmo sentido;Sem Vítimas;Plena Noite;Crescente;Nublado;Simples;Rotatória;Sim;5;0;0;0;5;0;0;2;-26,76114445;-53,50020502;SPRF-SC;DEL07-SC;UOP03-DEL07-SC
713832;24/08/2025;domingo;20:00:00;PR;376;656;TIJUCAS DO SUL;Reação tardia ou ineficiente do condutor;Capotamento;Sem Vítimas;Plena Noite;Crescente;Chuva;Simples;Curva;Não;1;0;0;0;0;1;0;1;-25,85351668;-49,02200159;SPRF-PR;DEL01-PR;UOP04-DEL01-PR
713833;24/08/2025;domingo;18:10:00;SC;101;87,1;BARRA VELHA;Ausência de reação do condutor;Colisão traseira;Com Vítimas Feridas;Plena Noite;Crescente;Chuva;Dupla;Reta;Não;2;0;1;0;1;0;1;2;-26,6411488;-48,69133115;SPRF-SC;DEL03-SC;UOP02-DEL03-SC
713835;24/08/2025;domingo;20:50:00;RS;116;237,1;NOVO HAMBURGO;Ausência de reação do condutor;Atropelamento de Pedestre;Com Vítimas Fatais;Plena Noite;Decrescente;Céu Claro;Dupla;Reta;Sim;4;1;0;0;3;0;0;2;-29,6749743;-51,143047;SPRF-RS;DEL01-RS;UOP02-DEL01-RS
713836;24/08/2025;domingo;18:41:00;PE;101;40;IGARASSU;Condutor deixou de manter distância do veículo da frente;Colisão traseira;Sem Vítimas;Plena Noite;Decrescente;Nublado;Dupla;Reta;Sim;2;0;0;0;1;1;0;2;-7,82694971;-34,91500998;SPRF-PE;DEL01-PE;UOP02-DEL01-PE
713837;24/08/2025;domingo;20:20:00;PR;116;144,4;MANDIRITUBA;Pista Escorregadia;Tombamento;Com Vítimas Feridas;Plena Noite;Decrescente;Chuva;Simples;Reta;Não;2;0;1;0;1;0;1;1;-25,802601;-49,328724;SPRF-PR;DEL01-PR;UOP03-DEL01-PR
713839;24/08/2025;domingo;20:20:00;RJ;116;135;MAGE;Reação tardia ou ineficiente do condutor;Incêndio;Sem Vítimas;Plena Noite;Decrescente;Céu Claro;Dupla;Reta;Sim;1;0;0;0;1;0;0;1;-22,65134506;-43,16695881;SPRF-RJ;DEL04-RJ;UOP02-DEL04-RJ
713840;24/08/2025;domingo;16:20:00;MT;163;812;SINOP;Ausência de reação do condutor;Saída de leito carroçável;Com Vítimas Feridas;Pleno dia;Crescente;Céu Claro;Simples;Reta;Não;4;0;2;0;2;0;2;1;-12,1133479;-55,5166626;SPRF-MT;DEL06-MT;UOP02-DEL06-MT
713842;24/08/2025;domingo;20:45:00;PR;277;47;MORRETES;Demais falhas mecânicas ou elétricas;Incêndio;Sem Vítimas;Plena Noite;Crescente;Nublado;Múltipla;"Reta;Aclive";Não;5;0;0;0;5;0;0;1;-25,59656129;-48,90057564;SPRF-PR;DEL01-PR;UOP05-DEL01-PR
713843;24/08/2025;domingo;18:15:00;RS;480;65;BARAO DE COTEGIPE;Ingestão de álcool pelo condutor;Colisão traseira;Sem Vítimas;Anoitecer;Crescente;Garoa/Chuvisco;Dupla;"Curva;Aclive";Não;2;0;0;0;2;0;0;2;-27,63527395;-52,35373092;SPRF-RS;DEL08-RS;UOP04-DEL08-RS
713844;24/08/2025;domingo;11:00:00;MG;40;523;CONTAGEM;Falta de elemento de contenção que evite a saída do leito carroçável;Saída de leito carroçável;Sem Vítimas;Pleno dia;Crescente;Céu Claro;Dupla;Reta;Não;1;0;0;0;0;1;0;1;-19,87487813;-44,05382061;SPRF-MG;DEL01-MG;UOP02-DEL01-MG
713845;24/08/2025;domingo;20:50:00;SP;101;27;UBATUBA;Chuva;Saída de leito carroçável;Sem Vítimas;Plena Noite;Decrescente;Chuva;Simples;Reta;Não;1;0;0;0;1;0;0;1;-23,36926378;-44,95038986;SPRF-SP;DEL06-SP;UOP01-DEL06-SP
713846;24/08/2025;domingo;18:00:00;RS;116;402;CAMAQUA;Ausência de reação do condutor;Queda de ocupante de veículo;Com Vítimas Feridas;Anoitecer;Crescente;Céu Claro;Dupla;Em Obras;Não;2;0;2;0;0;0;2;1;-30,87257391;-51,80927977;SPRF-RS;DEL02-RS;UOP02-DEL02-RS
713847;24/08/2025;domingo;18:35:00;MA;316;590;CAXIAS;Pedestre andava na pista;Atropelamento de Pedestre;Com Vítimas Feridas;Anoitecer;Crescente;Céu Claro;Simples;Reta;Não;2;0;1;1;0;0;2;2;-4,996294;-43,045492;SPRF-MA;DEL03-MA;UOP02-DEL03-MA
713849;24/08/2025;domingo;18:30:00;MT;70;193;PRIMAVERA DO LESTE;Fumaça;Incêndio;Sem Vítimas;Anoitecer;Crescente;Céu Claro;Simples;Reta;Não;1;0;0;0;1;0;0;1;-15,61593659;-54,04397249;SPRF-MT;DEL05-MT;UOP01-DEL05-MT
713850;24/08/2025;domingo;20:30:00;RN;304;38,2;MOSSORO;Animais na Pista;Atropelamento de Animal;Com Vítimas Feridas;Plena Noite;Decrescente;Céu Claro;Dupla;Reta;Sim;3;0;1;0;2;0;1;2;-5,1836038;-37,3698945;SPRF-RN;DEL04-RN;UOP02-DEL04-RN
713852;24/08/2025;domingo;17:50:00;MG;262;353,9;BETIM;Ausência de reação do condutor;Saída de leito carroçável;Com Vítimas Fatais;Anoitecer;Decrescente;Céu Claro;Dupla;Reta;Não;6;1;4;0;1;0;4;1;-19,98302866;-44,24640656;SPRF-MG;DEL01-MG;UOP03-DEL01-MG
713853;24/08/2025;domingo;21:16:00;PE;232;5;RECIFE;Condutor deixou de manter distância do veículo da frente;Colisão traseira;Com Vítimas Feridas;Plena Noite;Decrescente;Garoa/Chuvisco;Múltipla;Reta;Sim;2;0;1;0;1;0;1;2;-8,068339;-34,945791;SPRF-PE;DEL01-PE;UOP01-DEL01-PE
713854;24/08/2025;domingo;22:00:00;RS;116;149;CAXIAS DO SUL;Ausência de reação do condutor;Colisão traseira;Com Vítimas Feridas;Plena Noite;Decrescente;Nublado;Múltipla;"Aclive;Interseção de Vias;Reta";Sim;3;0;2;0;1;0;2;2;-29,16235194;-51,1570885;SPRF-RS;DEL05-RS;UOP01-DEL05-RS
713855;24/08/2025;domingo;18:10:00;PE;424;71,2;CAETES;Transitar na contramão;Colisão lateral sentido oposto;Com Vítimas Fatais;Plena Noite;Crescente;Céu Claro;Simples;"Aclive;Reta";Não;2;1;0;0;0;1;0;2;-8,784548;-36,61286;SPRF-PE;DEL03-PE;UOP01-DEL03-PE
713856;24/08/2025;domingo;11:45:00;CE;116;436,5;BARRO;Reação tardia ou ineficiente do condutor;Saída de leito carroçável;Com Vítimas Feridas;Pleno dia;Decrescente;Céu Claro;Simples;Reta;Não;1;0;1;0;0;0;1;1;-7,017755;-38,761627;SPRF-CE;DEL05-CE;UOP03-DEL05-CE
713857;24/08/2025;domingo;22:15:00;PR;369;82;CORNELIO PROCOPIO;Reação tardia ou ineficiente do condutor;Tombamento;Com Vítimas Feridas;Plena Noite;Decrescente;Céu Claro;Dupla;Reta;Não;1;0;1;0;0;0;1;1;-23,18910714;-50,642488;SPRF-PR;DEL07-PR;UOP05-DEL07-PR
713859;24/08/2025;domingo;21:00:00;SP;101;15;UBATUBA;Reação tardia ou ineficiente do condutor;Colisão traseira;Com Vítimas Feridas;Plena Noite;Decrescente;Chuva;Simples;Reta;Não;3;0;1;0;2;0;1;3;-23,3226559;-44,90880338;SPRF-SP;DEL06-SP;UOP01-DEL06-SP
713860;24/08/2025;domingo;22:28:00;RS;392;244,3;CACAPAVA DO SUL;Reação tardia ou ineficiente do condutor;Saída de leito carroçável;Sem Vítimas;Plena Noite;Decrescente;Céu Claro;Simples;"Reta;Aclive;Interseção de Vias;Viaduto";Não;2;0;0;0;2;0;0;1;-30,583661;-53,392438;SPRF-RS;DEL09-RS;UOP02-DEL09-RS
713862;24/08/2025;domingo;22:30:00;SC;282;591,9;SAUDADES;Ingestão de álcool pelo condutor;Saída de leito carroçável;Com Vítimas Feridas;Plena Noite;Decrescente;Nublado;Simples;Reta;Não;4;0;4;0;0;0;4;1;-26,8259306;-53,0913611;SPRF-SC;DEL07-SC;UOP02-DEL07-SC
713863;24/08/2025;domingo;22:20:00;PR;369;198,8;APUCARANA;Ingestão de álcool pelo condutor;Colisão com objeto;Sem Vítimas;Plena Noite;Decrescente;Céu Claro;Dupla;Reta;Sim;1;0;0;0;1;0;0;1;-23,52267698;-51,44062757;SPRF-PR;DEL07-PR;UOP03-DEL07-PR
713864;24/08/2025;domingo;21:30:00;BA;418;104;NOVA VICOSA;Velocidade Incompatível;Queda de ocupante de veículo;Com Vítimas Feridas;Plena Noite;Decrescente;Nublado;Simples;Reta;Não;1;0;0;1;0;0;1;1;-17,901232;-39,996358;SPRF-BA;DEL09-BA;UOP02-DEL09-BA
713866;24/08/2025;domingo;22:40:00;PB;230;61;CRUZ DO ESPIRITO SANTO;Transitar na contramão;Colisão frontal;Com Vítimas Fatais;Plena Noite;Crescente;Nublado;Dupla;Reta;Sim;3;1;0;0;1;1;0;3;-7,202672;-35,155941;SPRF-PB;DEL01-PB;UOP02-DEL01-PB
713868;24/08/2025;domingo;23:35:00;SP;116;93;PINDAMONHANGABA;Objeto estático sobre o leito carroçável;Colisão com objeto;Sem Vítimas;Plena Noite;Crescente;Céu Claro;Dupla;Reta;Não;1;0;0;0;1;0;0;1;-22,956225;-45,412781;SPRF-SP;DEL08-SP;UOP01-DEL08-SP
713869;25/08/2025;segunda-feira;00:10:00;GO;153;509,4;APARECIDA DE GOIANIA;Ausência de reação do condutor;Colisão traseira;Com Vítimas Feridas;Plena Noite;Crescente;Céu Claro;Múltipla;"Aclive;Reta";Sim;2;0;1;0;0;1;1;2;-16,785123;-49,237565;SPRF-GO;DEL01-GO;UOP03-DEL01-GO
713870;24/08/2025;domingo;21:20:00;PB;104;116,9;LAGOA SECA;Ingestão de álcool pelo condutor;Colisão traseira;Com Vítimas Feridas;Plena Noite;Crescente;Nublado;Simples;Reta;Sim;5;0;2;0;3;0;2;2;-7,180884;-35,864974;SPRF-PB;DEL02-PB;UOP04-DEL02-PB
713871;24/08/2025;domingo;22:40:00;MG;116;759;LEOPOLDINA;Ausência de reação do condutor;Colisão frontal;Com Vítimas Feridas;Plena Noite;Crescente;Céu Claro;Simples;"Ponte;Reta";Não;2;0;0;1;1;0;1;2;-21,50888745;-42,61056697;SPRF-MG;DEL07-MG;UOP01-DEL07-MG
713872;24/08/2025;domingo;23:05:00;RN;101;159;CANGUARETAMA;Acessar a via sem observar a presença dos outros veículos;Colisão frontal;Com Vítimas Fatais;Plena Noite;Crescente;Garoa/Chuvisco;Dupla;"Reta;Retorno Regulamentado";Sim;2;1;0;0;1;0;0;2;-6,35655961;-35,16121971;SPRF-RN;DEL01-RN;UOP01-DEL01-RN
713873;25/08/2025;segunda-feira;01:30:00;MG;116;407;GOVERNADOR VALADARES;Ingestão de álcool pelo condutor;Tombamento;Com Vítimas Feridas;Plena Noite;Crescente;Céu Claro;Dupla;Reta;Sim;2;0;0;2;0;0;2;1;-18,84047133;-41,98555602;SPRF-MG;DEL06-MG;UOP01-DEL06-MG
713874;25/08/2025;segunda-feira;02:30:00;GO;153;434;ANAPOLIS;Reação tardia ou ineficiente do condutor;Queda de ocupante de veículo;Com Vítimas Feridas;Plena Noite;Crescente;Céu Claro;Dupla;Rotatória;Sim;1;0;1;0;0;0;1;1;-16,2871273;-48,9434487;SPRF-GO;DEL02-GO;UOP01-DEL02-GO
713876;25/08/2025;segunda-feira;02:30:00;RS;470;281,7;SAO JOSE DO SUL;Ausência de reação do condutor;Saída de leito carroçável;Com Vítimas Fatais;Plena Noite;Crescente;Nublado;Simples;Reta;Não;1;1;0;0;0;0;0;1;-29,61514837;-51,47315439;SPRF-RS;DEL06-RS;UOP01-DEL06-RS
713877;25/08/2025;segunda-feira;01:10:00;SC;101;190,2;BIGUACU;Ingestão de álcool pelo condutor;Saída de leito carroçável;Sem Vítimas;Plena Noite;Crescente;Nublado;Dupla;Reta;Não;1;0;0;0;1;0;0;1;-27,47070063;-48,64140837;SPRF-SC;DEL01-SC;UOP01-DEL01-SC
713878;24/08/2025;domingo;17:20:00;MG;40;559;NOVA LIMA;Condutor deixou de manter distância do veículo da frente;Tombamento;Com Vítimas Feridas;Pleno dia;Crescente;Céu Claro;Dupla;Reta;Sim;1;0;0;1;0;0;1;1;-20,128928;-43,964634;SPRF-MG;DEL01-MG;UOP02-DEL01-MG
713879;25/08/2025;segunda-feira;03:50:00;PE;408;59;PAUDALHO;Animais na Pista;Atropelamento de Animal;Com Vítimas Feridas;Plena Noite;Crescente;Nublado;Dupla;Reta;Sim;5;0;5;0;0;0;5;1;-7,85723;-35,21803;SPRF-PE;DEL01-PE;UOP01-DEL01-PE
713880;25/08/2025;segunda-feira;03:00:00;AL;316;127;MINADOR DO NEGRAO;Ingestão de álcool pelo condutor;Queda de ocupante de veículo;Com Vítimas Feridas;Plena Noite;Crescente;Céu Claro;Simples;Reta;Não;1;0;0;1;0;0;1;1;-9,393665;-36,876365;SPRF-AL;DEL03-AL;UOP01-DEL03-AL
713881;25/08/2025;segunda-feira;05:27:00;SP;116;224;GUARULHOS;Reação tardia ou ineficiente do condutor;Queda de ocupante de veículo;Com Vítimas Feridas;Amanhecer;Crescente;Nublado;Múltipla;"Reta;Em Obras";Sim;1;0;1;0;0;0;1;1;-23,48237902;-46,53489685;SPRF-SP;DEL01-SP;UOP01-DEL01-SP
713883;25/08/2025;segunda-feira;05:05:00;SC;282;600,7;CUNHA PORA;Ingestão de álcool pelo condutor;Colisão frontal;Com Vítimas Feridas;Plena Noite;Decrescente;Nublado;Simples;Curva;Não;5;0;4;0;0;1;4;2;-26,81013857;-53,1681509;SPRF-SC;DEL07-SC;UOP02-DEL07-SC
713885;25/08/2025;segunda-feira;05:35:00;PR;373;172;PONTA GROSSA;Manobra de mudança de faixa;Colisão com objeto;Com Vítimas Feridas;Amanhecer;Crescente;Céu Claro;Dupla;"Interseção de Vias;Viaduto";Sim;2;0;0;1;1;0;1;1;-25,081462;-50,191541;SPRF-PR;DEL03-PR;UOP01-DEL03-PR
713887;25/08/2025;segunda-feira;06:10:00;PB;101;122;CAAPORA;Pista Escorregadia;Colisão com objeto;Com Vítimas Feridas;Pleno dia;Crescente;Garoa/Chuvisco;Dupla;"Declive;Curva";Não;1;0;1;0;0;0;1;1;-7,4585222;-34,9808085;SPRF-PB;DEL01-PB;UOP01-DEL01-PB
713888;25/08/2025;segunda-feira;05:40:00;PI;316;6;TERESINA;Reação tardia ou ineficiente do condutor;Colisão com objeto;Com Vítimas Feridas;Pleno dia;Crescente;Céu Claro;Múltipla;Reta;Sim;2;0;1;0;0;1;1;1;-5,1279968;-42,67086983;SPRF-PI;DEL01-PI;UOP02-DEL01-PI
713889;25/08/2025;segunda-feira;06:10:00;SC;101;32,5;JOINVILLE;Velocidade Incompatível;Tombamento;Com Vítimas Feridas;Pleno dia;Crescente;Nublado;Dupla;Em Obras;Não;1;0;1;0;0;0;1;1;-26,1914624;-48,9029632;SPRF-SC;DEL03-SC;UOP01-DEL03-SC
713890;25/08/2025;segunda-feira;04:40:00;PA;10;328;SAO MIGUEL DO GUAMA;Transitar na contramão;Colisão frontal;Com Vítimas Fatais;Amanhecer;Decrescente;Céu Claro;Simples;Reta;Não;2;1;0;0;1;0;0;2;-1,568062;-47,507385;SPRF-PA;DEL01-PA;UOP02-DEL01-PA
713891;24/08/2025;domingo;23:45:00;MG;116;626,9;SAO JOAO DO MANHUACU;Ausência de reação do condutor;Saída de leito carroçável;Sem Vítimas;Anoitecer;Decrescente;Céu Claro;Simples;Reta;Não;1;0;0;0;0;1;0;1;-20,43804641;-42,16424558;SPRF-MG;DEL07-MG;UOP02-DEL07-MG
713892;25/08/2025;segunda-feira;05:00:00;MT;163;771;SORRISO;Reação tardia ou ineficiente do condutor;Queda de ocupante de veículo;Com Vítimas Feridas;Amanhecer;Crescente;Céu Claro;Simples;Reta;Não;1;0;1;0;0;0;1;1;-12,40792712;-55,62805653;SPRF-MT;DEL06-MT;UOP01-DEL06-MT
713893;25/08/2025;segunda-feira;04:50:00;MG;262;351;BETIM;Animais na Pista;Atropelamento de Animal;Com Vítimas Feridas;Plena Noite;Crescente;Céu Claro;Dupla;Reta;Sim;1;0;1;0;0;0;1;1;-19,98149605;-44,22872543;SPRF-MG;DEL01-MG;UOP03-DEL01-MG
713895;25/08/2025;segunda-feira;07:00:00;SC;101;103,8;BALNEARIO PICARRAS;Ausência de reação do condutor;Tombamento;Com Vítimas Feridas;Pleno dia;Crescente;Nublado;Dupla;Reta;Não;1;0;1;0;0;0;1;1;-26,78514861;-48,68265001;SPRF-SC;DEL03-SC;UOP02-DEL03-SC
713896;25/08/2025;segunda-feira;07:00:00;PB;104;114,1;LAGOA SECA;Acessar a via sem observar a presença dos outros veículos;Colisão transversal;Com Vítimas Feridas;Pleno dia;Decrescente;Nublado;Simples;Reta;Sim;2;0;0;1;1;0;1;2;-7,160253;-35,856563;SPRF-PB;DEL02-PB;UOP04-DEL02-PB