id;data_inversa;dia_semana;horario;uf;br;km;municipio;causa_acidente;tipo_acidente;classificacao_acidente;fase_dia;sentido_via;condicao_metereologica;tipo_pista;tracado_via;uso_solo;pessoas;mortos;feridos_leves;feridos_graves;ilesos;ignorados;feridos;veiculos;latitude;longitude;regional;delegacia;uop
713897;25/08/2025;segunda-feira;07:35:00;RN;304;305,3;PARNAMIRIM;Manobra de mudança de faixa;Colisão lateral mesmo sentido;Com Vítimas Feridas;Pleno dia;Decrescente;Céu Claro;Dupla;Retorno Regulamentado;Sim;3;0;3;0;0;0;3;2;-5,88611709;-35,2765796;SPRF-RN;DEL01-RN;UOP02-DEL01-RN
713901;24/08/2025;domingo;17:20:00;RJ;493;64;NOVA IGUACU;Avarias e/ou desgaste excessivo no pneu;Queda de ocupante de veículo;Com Vítimas Feridas;Anoitecer;Crescente;Céu Claro;Dupla;"Declive;Curva";Não;2;0;2;0;0;0;2;1;-22,688015;-43,437135;SPRF-RJ;DEL01-RJ;UOP03-DEL01-RJ
713902;25/08/2025;segunda-feira;07:00:00;PR;116;166;QUITANDINHA;Acessar a via sem observar a presença dos outros veículos;Colisão transversal;Com Vítimas Feridas;Pleno dia;Crescente;Céu Claro;Simples;Reta;Não;4;0;3;0;1;0;3;2;-25,874627;-49,480952;SPRF-PR;DEL01-PR;UOP03-DEL01-PR
713905;25/08/2025;segunda-feira;06:40:00;RJ;116;186;NOVA IGUACU;Manobra de mudança de faixa;Colisão lateral mesmo sentido;Com Vítimas Feridas;Pleno dia;Decrescente;Céu Claro;Dupla;Reta;Sim;3;0;1;0;2;0;1;2;-22,73978215;-43,46429218;SPRF-RJ;DEL06-RJ;UOP01-DEL06-RJ
713906;25/08/2025;segunda-feira;07:49:00;RN;101;94;NATAL;Trafegar com motocicleta (ou similar) entre as faixas;Colisão lateral mesmo sentido;Com Vítimas Feridas;Pleno dia;Crescente;Céu Claro;Dupla;Reta;Sim;4;0;1;1;2;0;2;3;-5,82887583;-35,211222;SPRF-RN;DEL01-RN;UOP01-DEL01-RN
713907;25/08/2025;segunda-feira;07:55:00;PR;476;159,5;ARAUCARIA;Conversão proibida;Colisão transversal;Com Vítimas Feridas;Pleno dia;Crescente;Nublado;Simples;"Declive;Reta";Sim;2;0;1;0;1;0;1;2;-25,6178411;-49,43475418;SPRF-PR;DEL01-PR;UOP06-DEL01-PR
713908;25/08/2025;segunda-feira;05:00:00;SC;280;90;CORUPA;Ausência de reação do condutor;Saída de leito carroçável;Com Vítimas Feridas;Amanhecer;Crescente;Chuva;Simples;Curva;Não;1;0;1;0;0;0;1;1;-26,398647;-49,292613;SPRF-SC;DEL06-SC;UOP03-DEL06-SC
713910;25/08/2025;segunda-feira;07:40:00;MG;381;487;BETIM;Acessar a via sem observar a presença dos outros veículos;Queda de ocupante de veículo;Com Vítimas Feridas;Pleno dia;Decrescente;Céu Claro;Dupla;Aclive;Não;1;0;1;0;0;0;1;1;-19,95590145;-44,11795489;SPRF-MG;DEL01-MG;UOP03-DEL01-MG
713911;25/08/2025;segunda-feira;08:00:00;SC;470;66,5;INDAIAL;Transitar na contramão;Colisão frontal;Com Vítimas Feridas;Pleno dia;Decrescente;Nublado;Simples;Reta;Sim;2;0;1;0;1;0;1;2;-26,870329;-49,226826;SPRF-SC;DEL04-SC;UOP01-DEL04-SC
713913;25/08/2025;segunda-feira;06:22:00;RJ;116;139,9;MAGE;Manobra de mudança de faixa;Colisão lateral mesmo sentido;Com Vítimas Feridas;Amanhecer;Crescente;Nublado;Dupla;Reta;Sim;2;0;1;0;0;1;1;2;-22,659072;-43,0866432;SPRF-RJ;DEL01-RJ;UOP02-DEL01-RJ
713915;25/08/2025;segunda-feira;07:15:00;RJ;40;86;PETROPOLIS;Pista Escorregadia;Colisão lateral mesmo sentido;Com Vítimas Feridas;Pleno dia;Decrescente;Céu Claro;Dupla;"Curva;Aclive";Não;2;0;2;0;0;0;2;2;-22,563061;-43,227722;SPRF-RJ;DEL01-RJ;UOP01-DEL01-RJ
713916;25/08/2025;segunda-feira;07:30:00;ES;259;60;COLATINA;Condutor desrespeitou a iluminação vermelha do semáforo;Colisão transversal;Com Vítimas Feridas;Pleno dia;Crescente;Céu Claro;Simples;Reta;Não;2;0;1;0;0;1;1;2;-19,524645;-40,673119;SPRF-ES;DEL02-ES;UOP01-DEL02-ES
713917;22/06/2025;domingo;17:40:00;TO;153;121;WANDERLANDIA;Mal súbito do condutor;Eventos atípicos;Com Vítimas Fatais;Anoitecer;Decrescente;Céu Claro;Múltipla;Reta;Não;2;1;0;0;1;0;0;1;-7,05108875;-48,11182785;SPRF-TO;DEL02-TO;UOP01-DEL02-TO
713918;25/08/2025;segunda-feira;08:50:00;PR;116;116,1;CURITIBA;Trafegar com motocicleta (ou similar) entre as faixas;Colisão lateral mesmo sentido;Com Vítimas Feridas;Pleno dia;Decrescente;Nublado;Dupla;Reta;Sim;3;0;1;0;2;0;1;2;-25,554527;-49,30558;SPRF-PR;DEL01-PR;UOP03-DEL01-PR
713919;25/08/2025;segunda-feira;08:40:00;ES;101;61,6;SAO MATEUS;Acessar a via sem observar a presença dos outros veículos;Colisão transversal;Com Vítimas Feridas;Pleno dia;Decrescente;Chuva;Simples;Reta;Não;3;0;1;0;2;0;1;2;-18,6855885;-39,8624234;SPRF-ES;DEL04-ES;UOP02-DEL04-ES
713920;25/08/2025;segunda-feira;08:15:00;PI;316;27,5;DEMERVAL LOBAO;Reação tardia ou ineficiente do condutor;Colisão traseira;Com Vítimas Feridas;Pleno dia;Decrescente;Sol;Dupla;"Declive;Reta";Não;2;0;1;0;1;0;1;2;-5,32303874;-42,69896418;SPRF-PI;DEL01-PI;UOP02-DEL01-PI
713921;25/08/2025;segunda-feira;07:45:00;BA;101;945;MUCURI;Avarias e/ou desgaste excessivo no pneu;Tombamento;Com Vítimas Feridas;Pleno dia;Crescente;Céu Claro;Simples;"Reta;Declive";Não;2;0;2;0;0;0;2;1;-18,093327;-39,894687;SPRF-BA;DEL09-BA;UOP02-DEL09-BA
713922;25/08/2025;segunda-feira;07:48:00;BA;101;924;NOVA VICOSA;Reação tardia ou ineficiente do condutor;Colisão traseira;Sem Vítimas;Pleno dia;Decrescente;Céu Claro;Simples;Reta;Não;2;0;0;0;2;0;0;2;-17,907598;-39,82631;SPRF-BA;DEL09-BA;UOP02-DEL09-BA
713924;25/08/2025;segunda-feira;09:20:00;RS;470;220;BENTO GONCALVES;Reação tardia ou ineficiente do condutor;Queda de ocupante de veículo;Com Vítimas Feridas;Pleno dia;Decrescente;Nublado;Simples;Reta;Não;1;0;1;0;0;0;1;1;-29,1970687;-51,5178462;SPRF-RS;DEL06-RS;UOP01-DEL06-RS
713927;25/08/2025;segunda-feira;09:30:00;SC;101;191;BIGUACU;Ausência de reação do condutor;Colisão com objeto;Com Vítimas Feridas;Pleno dia;Crescente;Chuva;Dupla;Curva;Sim;1;0;1;0;0;0;1;1;-27,477728;-48,642016;SPRF-SC;DEL01-SC;UOP01-DEL01-SC
713929;25/08/2025;segunda-feira;07:43:00;RN;304;48,9;MOSSORO;Acessar a via sem observar a presença dos outros veículos;Colisão transversal;Com Vítimas Feridas;Pleno dia;Crescente;Céu Claro;Simples;"Interseção de Vias;Retorno Regulamentado";Sim;2;0;1;0;1;0;1;2;-5,23547354;-37,31815338;SPRF-RN;DEL04-RN;UOP01-DEL04-RN
713930;24/08/2025;domingo;23:00:00;MT;163;711;SORRISO;Reação tardia ou ineficiente do condutor;Saída de leito carroçável;Com Vítimas Feridas;Plena Noite;Decrescente;Céu Claro;Simples;Reta;Não;1;0;1;0;0;0;1;1;-12,893322;-55,845193;SPRF-MT;DEL06-MT;UOP01-DEL06-MT
713936;25/08/2025;segunda-feira;08:50:00;GO;153;209;URUACU;Reação tardia ou ineficiente do condutor;Colisão traseira;Com Vítimas Feridas;Pleno dia;Decrescente;Céu Claro;Simples;Declive;Não;2;0;1;0;1;0;1;2;-14,61138277;-49,168627;SPRF-GO;DEL07-GO;UOP02-DEL07-GO
713940;25/08/2025;segunda-feira;11:15:00;BA;324;6;FEIRA DE SANTANA;Acessar a via sem observar a presença dos outros veículos;Colisão traseira;Com Vítimas Feridas;Pleno dia;Crescente;Chuva;Dupla;Declive;Sim;2;0;1;0;1;0;1;2;-12,27746379;-38,98162025;SPRF-BA;DEL02-BA;UOP01-DEL02-BA
713942;25/08/2025;segunda-feira;11:23:00;SC;101;208;SAO JOSE;Condutor deixou de manter distância do veículo da frente;Colisão lateral mesmo sentido;Com Vítimas Feridas;Pleno dia;Decrescente;Chuva;Múltipla;Reta;Sim;2;0;1;0;1;0;1;2;-27,60792644;-48,63740668;SPRF-SC;DEL01-SC;UOP01-DEL01-SC
713943;25/08/2025;segunda-feira;07:30:00;GO;60;5;SANTO ANTONIO DO DESCOBERTO;Acessar a via sem observar a presença dos outros veículos;Colisão transversal;Com Vítimas Feridas;Amanhecer;Crescente;Céu Claro;Dupla;"Aclive;Reta";Não;2;0;1;0;1;0;1;2;-16,094447;-48,281657;SPRF-DF;DEL03-DF;UOP01-DEL03-DF
713944;25/08/2025;segunda-feira;11:30:00;MG;381;508;SAO JOAQUIM DE BICAS;Trafegar com motocicleta (ou similar) entre as faixas;Tombamento;Com Vítimas Feridas;Pleno dia;Crescente;Céu Claro;Dupla;Reta;Sim;1;0;1;0;0;0;1;1;-20,04411363;-44,27113501;SPRF-MG;DEL01-MG;UOP03-DEL01-MG
713945;25/08/2025;segunda-feira;12:00:00;SC;101;118;ITAJAI;Condutor deixou de manter distância do veículo da frente;Colisão lateral mesmo sentido;Com Vítimas Feridas;Pleno dia;Crescente;Nublado;Dupla;Reta;Sim;2;0;1;0;1;0;1;2;-26,89913246;-48,71785853;SPRF-SC;DEL04-SC;UOP04-DEL04-SC
713946;25/08/2025;segunda-feira;06:00:00;MA;222;276,5;ITAPECURU MIRIM;Condutor Dormindo;Colisão frontal;Com Vítimas Feridas;Pleno dia;Crescente;Céu Claro;Simples;Reta;Não;5;0;2;1;2;0;3;3;-3,3937249;-44,3597809;SPRF-MA;DEL01-MA;UOP02-DEL01-MA
713947;25/08/2025;segunda-feira;09:00:00;MG;459;82,6;CONGONHAL;Mal súbito do condutor;Saída de leito carroçável;Com Vítimas Feridas;Pleno dia;Crescente;Céu Claro;Simples;Reta;Não;2;0;2;0;0;0;2;1;-22,156977;-46,090878;SPRF-MG;DEL09-MG;UOP01-DEL09-MG
713949;09/08/2025;sábado;19:05:00;RJ;493;120;MAGE;Transitar na contramão;Colisão lateral sentido oposto;Sem Vítimas;Plena Noite;Crescente;Céu Claro;Simples;Reta;Não;2;0;0;0;1;1;0;2;-22,66364653;-43,03349867;SPRF-RJ;DEL03-RJ;UOP01-DEL03-RJ
713950;24/08/2025;domingo;03:50:00;PR;369;156;LONDRINA;Velocidade Incompatível;Engavetamento;Sem Vítimas;Plena Noite;Decrescente;Céu Claro;Dupla;Reta;Sim;5;0;0;0;5;0;0;3;-23,292;-51,217;SPRF-PR;DEL07-PR;UOP01-DEL07-PR
713951;25/08/2025;segunda-feira;09:00:00;PR;163;155;SANTA LUCIA;Pista Escorregadia;Capotamento;Com Vítimas Feridas;Pleno dia;Decrescente;Nevoeiro/Neblina;Dupla;Reta;Não;1;0;1;0;0;0;1;1;-25,39943333;-53,57616216;SPRF-PR;DEL05-PR;UOP05-DEL05-PR
713953;25/08/2025;segunda-feira;12:30:00;PR;277;2;CURITIBA;Acessar a via sem observar a presença dos outros veículos;Colisão traseira;Com Vítimas Feridas;Pleno dia;Crescente;Nublado;Dupla;"Aclive;Reta";Sim;2;0;1;0;1;0;1;2;-25,430148;-49,344675;SPRF-PR;DEL01-PR;UOP06-DEL01-PR
713954;25/08/2025;segunda-feira;12:07:00;BA;324;512;FEIRA DE SANTANA;Acesso irregular;Colisão transversal;Com Vítimas Feridas;Pleno dia;Crescente;Nublado;Simples;Reta;Sim;2;0;0;1;1;0;1;2;-12,2315;-38,9576;SPRF-BA;DEL02-BA;UOP01-DEL02-BA
713957;25/08/2025;segunda-feira;12:15:00;BA;324;571;SAO SEBASTIAO DO PASSE;Ausência de reação do condutor;Tombamento;Com Vítimas Feridas;Pleno dia;Crescente;Chuva;Dupla;Reta;Não;3;0;1;0;2;0;1;1;-12,558732;-38,564267;SPRF-BA;DEL01-BA;UOP01-DEL01-BA
713959;24/08/2025;domingo;22:45:00;CE;403;8,5;ACARAU;Transitar na contramão;Colisão frontal;Com Vítimas Fatais;Plena Noite;Decrescente;Céu Claro;Simples;Reta;Sim;2;1;0;0;0;1;0;2;-2,9626325;-40,12431605;SPRF-CE;DEL01-CE;UOP03-DEL01-CE
713960;25/08/2025;segunda-feira;13:00:00;PR;277;451,5;LARANJEIRAS DO SUL;Desrespeitar a preferência no cruzamento;Colisão transversal;Com Vítimas Feridas;Pleno dia;Crescente;Sol;Simples;Interseção de Vias;Não;5;0;3;1;1;0;4;2;-25,37442958;-52,38870263;SPRF-PR;DEL04-PR;UOP02-DEL04-PR
713961;25/08/2025;segunda-feira;13:25:00;SP;116;448,2;REGISTRO;Acessar a via sem observar a presença dos outros veículos;Colisão lateral mesmo sentido;Sem Vítimas;Pleno dia;Crescente;Nublado;Dupla;Reta;Sim;2;0;0;0;2;0;0;2;-24,52520219;-47,85511494;SPRF-SP;DEL05-SP;UOP01-DEL05-SP
713965;24/08/2025;domingo;23:00:00;BA;101;580;CAMACAN;Animais na Pista;Atropelamento de Animal;Com Vítimas Feridas;Plena Noite;Crescente;Céu Claro;Simples;Curva;Não;2;0;2;0;0;0;2;1;-15,36820564;-39,49593186;SPRF-BA;DEL05-BA;UOP02-DEL05-BA
713967;25/08/2025;segunda-feira;13:05:00;MG;50;116;UBERABA;Ausência de reação do condutor;Colisão traseira;Com Vítimas Feridas;Pleno dia;Decrescente;Céu Claro;Dupla;Reta;Não;2;0;1;0;1;0;1;2;-19,28359;-48,12084;SPRF-MG;DEL13-MG;UOP01-DEL13-MG
713968;25/08/2025;segunda-feira;14:10:00;ES;101;67;SAO MATEUS;Acessar a via sem observar a presença dos outros veículos;Colisão transversal;Com Vítimas Feridas;Pleno dia;Decrescente;Céu Claro;Simples;Reta;Sim;2;0;1;0;1;0;1;2;-18,722629;-39,862337;SPRF-ES;DEL04-ES;UOP02-DEL04-ES
713970;25/08/2025;segunda-feira;14:40:00;SC;470;67,6;INDAIAL;Desrespeitar a preferência no cruzamento;Colisão transversal;Com Vítimas Feridas;Pleno dia;Decrescente;Céu Claro;Dupla;"Viaduto;Interseção de Vias";Não;2;0;1;0;1;0;1;2;-26,87514;-49,23566;SPRF-SC;DEL04-SC;UOP01-DEL04-SC
713972;25/08/2025;segunda-feira;14:30:00;MG;40;528;CONTAGEM;Condutor Dormindo;Colisão traseira;Com Vítimas Feridas;Pleno dia;Decrescente;Céu Claro;Dupla;"Reta;Declive";Sim;3;0;1;0;2;0;1;2;-19,91009231;-44,04418945;SPRF-MG;DEL01-MG;UOP02-DEL01-MG
713974;25/08/2025;segunda-feira;13:30:00;RO;364;345,4;JI-PARANA;Acessar a via sem observar a presença dos outros veículos;Colisão lateral mesmo sentido;Com Vítimas Feridas;Pleno dia;Decrescente;Céu Claro;Dupla;"Curva;Interseção de Vias";Sim;3;0;1;0;2;0;1;2;-10,8752619;-61,94950238;SPRF-RO;DEL02-RO;UOP01-DEL02-RO
713975;25/08/2025;segunda-feira;13:45:00;MT;364;216;RONDONOPOLIS;Reação tardia ou ineficiente do condutor;Capotamento;Com Vítimas Feridas;Pleno dia;Crescente;Céu Claro;Dupla;Reta;Não;2;0;2;0;0;0;2;1;-16,37850561;-54,7150777;SPRF-MT;DEL02-MT;UOP01-DEL02-MT
713977;25/08/2025;segunda-feira;15:00:00;MS;60;142;CAMAPUA;Ausência de reação do condutor;Tombamento;Com Vítimas Feridas;Pleno dia;Crescente;Céu Claro;Simples;Reta;Não;2;0;1;0;0;1;1;2;-19,39876353;-53,63405228;SPRF-MS;DEL06-MS;UOP02-DEL06-MS
713980;25/08/2025;segunda-feira;16:00:00;PR;277;122;CAMPO LARGO;Reação tardia ou ineficiente do condutor;Saída de leito carroçável;Com Vítimas Feridas;Pleno dia;Crescente;Nublado;Dupla;"Reta;Retorno Regulamentado";Sim;1;0;1;0;0;0;1;1;-25,44392282;-49,50365491;SPRF-PR;DEL03-PR;UOP03-DEL03-PR
713982;25/08/2025;segunda-feira;16:00:00;PE;101;66;RECIFE;Manobra de mudança de faixa;Colisão lateral mesmo sentido;Com Vítimas Feridas;Pleno dia;Crescente;Céu Claro;Dupla;"Reta;Interseção de Vias";Sim;2;0;0;1;1;0;1;2;-8,04199315;-34,94321672;SPRF-PE;DEL01-PE;UOP01-DEL01-PE
713983;25/08/2025;segunda-feira;15:30:00;SP;116;445;REGISTRO;Acessar a via sem observar a presença dos outros veículos;Colisão lateral mesmo sentido;Com Vítimas Feridas;Pleno dia;Decrescente;Garoa/Chuvisco;Dupla;Reta;Sim;2;0;1;0;1;0;1;2;-24,49954801;-47,84428954;SPRF-SP;DEL05-SP;UOP01-DEL05-SP
713984;07/07/2025;segunda-feira;06:30:00;PB;230;253;JUAZEIRINHO;Acessar a via sem observar a presença dos outros veículos;Colisão transversal;Com Vítimas Feridas;Pleno dia;Crescente;Céu Claro;Simples;Reta;Sim;2;0;0;1;1;0;1;2;-7,02685;-36,66806;SPRF-PB;DEL03-PB;UOP01-DEL03-PB
713985;25/08/2025;segunda-feira;13:30:00;RJ;101;399,1;ITAGUAI;Avarias e/ou desgaste excessivo no pneu;Queda de ocupante de veículo;Com Vítimas Feridas;Pleno dia;Crescente;Nublado;Dupla;Reta;Sim;2;0;2;0;0;0;2;1;-22,85814379;-43,76024008;SPRF-RJ;DEL03-RJ;UOP01-DEL03-RJ
713987;25/08/2025;segunda-feira;17:05:00;SC;101;214,4;PALHOCA;Manobra de mudança de faixa;Tombamento;Com Vítimas Feridas;Pleno dia;Decrescente;Nublado;Dupla;Reta;Sim;2;0;0;1;0;1;1;2;-27,648155;-48,672868;SPRF-SC;DEL01-SC;UOP02-DEL01-SC
713990;25/08/2025;segunda-feira;14:40:00;RO;364;422;JARU;Acesso irregular;Colisão transversal;Com Vítimas Feridas;Pleno dia;Decrescente;Céu Claro;Dupla;"Reta;Interseção de Vias";Sim;4;0;2;1;1;0;3;2;-10,457663;-62,457394;SPRF-RO;DEL03-RO;UOP02-DEL03-RO
713991;25/08/2025;segunda-feira;08:50:00;RJ;116;99;GUAPIMIRIM;Condutor Dormindo;Colisão lateral sentido oposto;Com Vítimas Feridas;Pleno dia;Crescente;Céu Claro;Simples;Declive;Não;4;0;2;0;2;0;2;2;-22,48851;-42,99935;SPRF-RJ;DEL04-RJ;UOP01-DEL04-RJ
713993;24/07/2025;quinta-feira;14:45:00;SC;282;603,9;MARAVILHA;Velocidade Incompatível;Colisão lateral mesmo sentido;Sem Vítimas;Pleno dia;Crescente;Nublado;Simples;Aclive;Não;2;0;0;0;2;0;0;2;-26,79342864;-53,19395542;SPRF-SC;DEL07-SC;UOP02-DEL07-SC
713994;25/08/2025;segunda-feira;15:20:00;RO;364;561;ALTO PARAISO;Manobra de mudança de faixa;Colisão lateral mesmo sentido;Sem Vítimas;Pleno dia;Crescente;Céu Claro;Simples;Reta;Não;9;0;0;0;9;0;0;3;-9,57553713;-63,07429645;SPRF-RO;DEL01-RO;UOP04-DEL01-RO
713996;25/08/2025;segunda-feira;14:40:00;MT;163;834,8;SINOP;Ultrapassagem Indevida;Colisão lateral mesmo sentido;Com Vítimas Feridas;Pleno dia;Crescente;Céu Claro;Dupla;Reta;Sim;2;0;0;1;1;0;1;2;-11,86408456;-55,49601026;SPRF-MT;DEL06-MT;UOP02-DEL06-MT
713997;25/08/2025;segunda-feira;11:00:00;MT;0;0;SANTO ANTONIO DO LEVERGER;Reação tardia ou ineficiente do condutor;Queda de ocupante de veículo;Com Vítimas Feridas;Pleno dia;Não Informado;Sol;Simples;Reta;Sim;1;0;1;0;0;0;1;1;-15,77746166;-56,06804423;SPRF-MT;DEL01-MT;UOP01-DEL01-MT
714002;25/08/2025;segunda-feira;18:40:00;SC;101;118,2;ITAJAI;Animais na Pista;Atropelamento de Animal;Com Vítimas Feridas;Plena Noite;Crescente;Nublado;Dupla;"Reta;Interseção de Vias";Sim;1;0;0;1;0;0;1;1;-26,89984573;-48,71757388;SPRF-SC;DEL04-SC;UOP04-DEL04-SC
714005;25/08/2025;segunda-feira;17:40:00;RO;364;705;PORTO VELHO;Acessar a via sem observar a presença dos outros veículos;Colisão lateral mesmo sentido;Com Vítimas Feridas;Anoitecer;Decrescente;Céu Claro;Dupla;"Interseção de Vias;Reta";Sim;2;0;1;0;1;0;1;2;-8,800495;-63,817388;SPRF-RO;DEL01-RO;UOP01-DEL01-RO
714006;25/08/2025;segunda-feira;19:20:00;RS;386;366,2;FAZENDA VILANOVA;Acessar a via sem observar a presença dos outros veículos;Colisão traseira;Sem Vítimas;Plena Noite;Decrescente;Nublado;Dupla;Curva;Não;2;0;0;0;2;0;0;2;-29,57418169;-51,84946982;SPRF-RS;DEL04-RS;UOP01-DEL04-RS
714008;25/08/2025;segunda-feira;19:25:00;ES;393;2;CACHOEIRO DE ITAPEMIRIM;Acessar a via sem observar a presença dos outros veículos;Colisão transversal;Com Vítimas Feridas;Plena Noite;Crescente;Céu Claro;Simples;Reta;Sim;2;0;2;0;0;0;2;1;-20,8325661;-41,1763491;SPRF-ES;DEL03-ES;UOP02-DEL03-ES
714009;25/08/2025;segunda-feira;18:50:00;PE;101;43;IGARASSU;Acessar a via sem observar a presença dos outros veículos;Colisão transversal;Com Vítimas Feridas;Plena Noite;Crescente;Céu Claro;Simples;Reta;Não;2;0;0;1;1;0;1;2;-7,8443214;-34,9103518;SPRF-PE;DEL01-PE;UOP02-DEL01-PE
714010;25/08/2025;segunda-feira;18:20:00;PR;116;93;SAO JOSE DOS PINHAIS;Ingestão de álcool pelo condutor;Engavetamento;Sem Vítimas;Plena Noite;Decrescente;Nublado;Dupla;Reta;Não;3;0;0;0;3;0;0;3;-25,514022;-49,12965;SPRF-PR;DEL01-PR;UOP07-DEL01-PR
714011;25/08/2025;segunda-feira;19:10:00;RS;158;333;SANTA MARIA;Reação tardia ou ineficiente do condutor;Atropelamento de Pedestre;Com Vítimas Feridas;Plena Noite;Crescente;Céu Claro;Dupla;Rotatória;Sim;2;0;1;0;1;0;1;2;-29,70635147;-53,85009734;SPRF-RS;DEL09-RS;UOP01-DEL09-RS
714012;25/08/2025;segunda-feira;18:00:00;MG;116;523,4;CARATINGA;Transitar no Acostamento;Colisão traseira;Com Vítimas Feridas;Anoitecer;Decrescente;Céu Claro;Simples;Curva;Sim;3;0;1;0;1;1;1;3;-19,758486;-42,134067;SPRF-MG;DEL06-MG;UOP02-DEL06-MG
714013;25/08/2025;segunda-feira;16:16:00;SE;101;150;ESTANCIA;Pista Escorregadia;Queda de ocupante de veículo;Com Vítimas Feridas;Pleno dia;Crescente;Nublado;Simples;Declive;Sim;2;0;2;0;0;0;2;1;-11,25942527;-37,44095242;SPRF-SE;DEL02-SE;UOP01-DEL02-SE
714014;25/08/2025;segunda-feira;19:30:00;PR;369;139,6;IBIPORA;Ultrapassagem Indevida;Colisão frontal;Com Vítimas Feridas;Plena Noite;Decrescente;Nublado;Simples;Reta;Sim;2;0;0;2;0;0;2;2;-23,277439;-51,063998;SPRF-PR;DEL07-PR;UOP01-DEL07-PR
714015;25/08/2025;segunda-feira;19:30:00;GO;153;426;ANAPOLIS;Demais falhas mecânicas ou elétricas;Queda de ocupante de veículo;Com Vítimas Feridas;Plena Noite;Crescente;Céu Claro;Dupla;Reta;Sim;1;0;0;1;0;0;1;1;-16,252;-48,994;SPRF-GO;DEL02-GO;UOP01-DEL02-GO
714016;25/08/2025;segunda-feira;18:45:00;GO;153;438;ANAPOLIS;Condutor deixou de manter distância do veículo da frente;Colisão traseira;Com Vítimas Feridas;Plena Noite;Crescente;Céu Claro;Dupla;"Aclive;Em Obras;Reta";Sim;2;0;1;0;1;0;1;2;-16,31275777;-48,92200023;SPRF-GO;DEL02-GO;UOP01-DEL02-GO
714017;25/08/2025;segunda-feira;19:20:00;RS;116;501,6;PELOTAS;Ausência de reação do condutor;Colisão com objeto;Sem Vítimas;Plena Noite;Crescente;Céu Claro;Dupla;"Reta;Em Obras;Desvio Temporário";Não;1;0;0;0;1;0;0;1;-31,566458;-52,25749;SPRF-RS;DEL07-RS;UOP01-DEL07-RS
714018;25/08/2025;segunda-feira;17:25:00;RJ;0;0;SEROPEDICA;Transitar na contramão;Colisão frontal;Com Vítimas Feridas;Anoitecer;Não Informado;Céu Claro;Simples;Reta;Não;2;0;1;0;1;0;1;2;-22,801898;-43,790146;SPRF-RJ;DEL01-RJ;UOP03-DEL01-RJ
714020;25/08/2025;segunda-feira;19:50:00;MG;381;677;PERDOES;Acessar a via sem observar a presença dos outros veículos;Atropelamento de Pedestre;Com Vítimas Feridas;Plena Noite;Decrescente;Céu Claro;Dupla;Reta;Sim;5;0;0;1;4;0;1;2;-21,102446;-45,08772;SPRF-MG;DEL04-MG;UOP02-DEL04-MG
714021;25/08/2025;segunda-feira;16:15:00;PI;343;594;FLORIANO;Condutor deixou de manter distância do veículo da frente;Colisão traseira;Com Vítimas Feridas;Pleno dia;Crescente;Céu Claro;Simples;"Interseção de Vias;Reta";Sim;2;0;1;0;1;0;1;2;-6,78769401;-43,04406881;SPRF-PI;DEL03-PI;UOP01-DEL03-PI
714023;25/08/2025;segunda-feira;18:30:00;SP;116;145;SAO JOSE DOS CAMPOS;Avarias e/ou desgaste excessivo no pneu;Tombamento;Com Vítimas Feridas;Plena Noite;Decrescente;Céu Claro;Dupla;Reta;Não;2;0;2;0;0;0;2;1;-23,20489043;-45,81705987;SPRF-SP;DEL02-SP;UOP01-DEL02-SP
714024;25/08/2025;segunda-feira;20:10:00;ES;101;260,5;SERRA;Conversão proibida;Colisão transversal;Com Vítimas Feridas;Plena Noite;Decrescente;Céu Claro;Múltipla;Reta;Não;2;0;1;0;0;1;1;2;-20,1464868;-40,2822158;SPRF-ES;DEL02-ES;UOP01-DEL02-ES
714025;25/08/2025;segunda-feira;18:55:00;RJ;465;5;SEROPEDICA;Reação tardia ou ineficiente do condutor;Colisão transversal;Com Vítimas Feridas;Plena Noite;Decrescente;Céu Claro;Simples;Reta;Sim;2;0;0;1;1;0;1;2;-22,74709718;-43,69954652;SPRF-RJ;DEL06-RJ;UOP02-DEL06-RJ
714026;25/08/2025;segunda-feira;19:30:00;PR;158;521,4;PATO BRANCO;Demais falhas mecânicas ou elétricas;Incêndio;Sem Vítimas;Plena Noite;Decrescente;Nublado;Simples;"Curva;Aclive";Não;1;0;0;0;1;0;0;1;-26,11536938;-52,63961792;SPRF-PR;DEL02-PR;UOP01-DEL02-PR
714028;25/08/2025;segunda-feira;19:40:00;MG;116;701,9;MURIAE;Desrespeitar a preferência no cruzamento;Colisão transversal;Com Vítimas Feridas;Plena Noite;Decrescente;Céu Claro;Simples;Interseção de Vias;Sim;2;0;1;1;0;0;2;2;-21,12169916;-42,3797879;SPRF-MG;DEL07-MG;UOP02-DEL07-MG