id;data_inversa;dia_semana;horario;uf;br;km;municipio;causa_acidente;tipo_acidente;classificacao_acidente;fase_dia;sentido_via;condicao_metereologica;tipo_pista;tracado_via;uso_solo;pessoas;mortos;feridos_leves;feridos_graves;ilesos;ignorados;feridos;veiculos;latitude;longitude;regional;delegacia;uop
714298;27/08/2025;quarta-feira;08:10:00;RS;290;96;PORTO ALEGRE;Manobra de mudança de faixa;Colisão lateral mesmo sentido;Com Vítimas Feridas;Pleno dia;Crescente;Céu Claro;Múltipla;Reta;Não;3;0;1;0;2;0;1;3;-29,98758072;-51,20339789;SPRF-RS;DEL01-RS;UOP01-DEL01-RS
714299;02/07/2025;quarta-feira;16:07:00;PE;104;64;CARUARU;Acessar a via sem observar a presença dos outros veículos;Colisão lateral mesmo sentido;Com Vítimas Feridas;Pleno dia;Decrescente;Céu Claro;Múltipla;"Interseção de Vias;Reta";Não;2;0;1;0;1;0;1;2;-8,26777149;-35,97889102;SPRF-PE;DEL02-PE;UOP01-DEL02-PE
714300;07/08/2025;quinta-feira;16:45:00;BA;110;346;ALAGOINHAS;Ausência de reação do condutor;Queda de ocupante de veículo;Com Vítimas Feridas;Pleno dia;Crescente;Ignorado;Simples;Reta;Não;1;0;1;0;0;0;1;1;-12,18951819;-38,4188;SPRF-BA;DEL01-BA;UOP04-DEL01-BA
714301;27/08/2025;quarta-feira;08:00:00;GO;60;98;ANAPOLIS;Acessar a via sem observar a presença dos outros veículos;Colisão lateral mesmo sentido;Com Vítimas Feridas;Pleno dia;Crescente;Céu Claro;Dupla;Reta;Sim;2;0;1;0;1;0;1;2;-16,382315;-48,953758;SPRF-GO;DEL02-GO;UOP01-DEL02-GO
714302;27/08/2025;quarta-feira;07:57:00;PB;104;115,3;LAGOA SECA;Acessar a via sem observar a presença dos outros veículos;Colisão transversal;Com Vítimas Fatais;Pleno dia;Decrescente;Céu Claro;Simples;"Reta;Declive";Sim;3;1;0;0;2;0;0;2;-7,169946;-35,859547;SPRF-PB;DEL02-PB;UOP04-DEL02-PB
714303;26/07/2025;sábado;21:32:00;RN;101;79;NATAL;Animais na Pista;Queda de ocupante de veículo;Com Vítimas Feridas;Plena Noite;Decrescente;Céu Claro;Dupla;Reta;Sim;1;0;1;0;0;0;1;1;-5,75414158;-35,28864233;SPRF-RN;DEL02-RN;UOP01-DEL02-RN
714306;27/08/2025;quarta-feira;04:40:00;RS;153;619,5;HULHA NEGRA;Animais na Pista;Atropelamento de Animal;Sem Vítimas;Plena Noite;Decrescente;Céu Claro;Simples;Reta;Não;2;0;0;0;2;0;0;1;-31,313869;-53,941822;SPRF-RS;DEL11-RS;UOP03-DEL11-RS
714309;15/08/2025;sexta-feira;16:50:00;PI;343;341;TERESINA;Entrada inopinada do pedestre;Atropelamento de Pedestre;Com Vítimas Feridas;Pleno dia;Crescente;Céu Claro;Dupla;"Reta;Viaduto";Sim;2;0;0;1;1;0;1;2;-5,07758295;-42,74683714;SPRF-PI;DEL01-PI;UOP01-DEL01-PI
714312;27/08/2025;quarta-feira;09:00:00;MA;135;1,5;SAO LUIS;Reação tardia ou ineficiente do condutor;Colisão traseira;Com Vítimas Feridas;Pleno dia;Decrescente;Céu Claro;Dupla;Reta;Sim;3;0;0;1;1;1;1;2;-2,59383;-44,24489;SPRF-MA;DEL01-MA;UOP01-DEL01-MA
714313;27/08/2025;quarta-feira;08:28:00;PR;116;126;FAZENDA RIO GRANDE;Acessar a via sem observar a presença dos outros veículos;Colisão lateral mesmo sentido;Com Vítimas Feridas;Pleno dia;Decrescente;Nublado;Simples;Reta;Sim;3;0;1;0;2;0;1;2;-25,642722;-49,312577;SPRF-PR;DEL01-PR;UOP03-DEL01-PR
714317;27/08/2025;quarta-feira;08:15:00;ES;101;256;SERRA;Ausência de reação do condutor;Queda de ocupante de veículo;Com Vítimas Feridas;Pleno dia;Crescente;Sol;Simples;Reta;Sim;1;0;1;0;0;0;1;1;-20,12002677;-40,30926615;SPRF-ES;DEL02-ES;UOP01-DEL02-ES
714318;27/08/2025;quarta-feira;09:30:00;DF;60;3,2;BRASILIA;Avarias e/ou desgaste excessivo no pneu;Queda de ocupante de veículo;Com Vítimas Feridas;Pleno dia;Crescente;Céu Claro;Dupla;Reta;Sim;1;0;1;0;0;0;1;1;-15,89075;-48,089088;SPRF-DF;DEL03-DF;UOP01-DEL03-DF
714319;27/08/2025;quarta-feira;13:30:00;MG;40;277,9;TRES MARIAS;Acessar a via sem observar a presença dos outros veículos;Colisão transversal;Com Vítimas Feridas;Pleno dia;Crescente;Céu Claro;Simples;"Aclive;Curva;Interseção de Vias;Em Obras";Sim;4;0;2;0;2;0;2;2;-18,22089774;-45,22100899;SPRF-MG;DEL14-MG;UOP02-DEL14-MG
714320;27/08/2025;quarta-feira;16:30:00;RN;101;83,5;NATAL;Reação tardia ou ineficiente do condutor;Engavetamento;Sem Vítimas;Pleno dia;Decrescente;Céu Claro;Dupla;Reta;Sim;3;0;0;0;3;0;0;3;-5,7724;-35,262522;SPRF-RN;DEL02-RN;UOP01-DEL02-RN
714323;27/08/2025;quarta-feira;17:00:00;PE;104;29,5;TORITAMA;Acessar a via sem observar a presença dos outros veículos;Colisão transversal;Com Vítimas Feridas;Anoitecer;Crescente;Céu Claro;Simples;"Reta;Em Obras";Sim;2;0;0;1;1;0;1;2;-8,00692;-36,0685;SPRF-PE;DEL02-PE;UOP01-DEL02-PE
714324;27/08/2025;quarta-feira;17:30:00;PB;230;155;MASSARANDUBA;Acumulo de areia ou detritos sobre o pavimento;Saída de leito carroçável;Com Vítimas Feridas;Anoitecer;Crescente;Céu Claro;Simples;Reta;Sim;2;0;1;0;1;0;1;1;-7,2540716;-35,8308372;SPRF-PB;DEL02-PB;UOP01-DEL02-PB
714325;27/08/2025;quarta-feira;17:30:00;PB;101;91;JOAO PESSOA;Frear bruscamente;Tombamento;Com Vítimas Feridas;Anoitecer;Decrescente;Nublado;Dupla;"Reta;Interseção de Vias";Sim;1;0;1;0;0;0;1;1;-7,19206527;-34,90413219;SPRF-PB;DEL01-PB;UOP01-DEL01-PB
714326;27/08/2025;quarta-feira;17:58:00;RN;304;295;MACAIBA;Ausência de reação do condutor;Colisão com objeto;Com Vítimas Feridas;Anoitecer;Decrescente;Céu Claro;Simples;Reta;Sim;1;0;1;0;0;0;1;1;-5,867112;-35,365475;SPRF-RN;DEL01-RN;UOP02-DEL01-RN
714328;27/08/2025;quarta-feira;18:00:00;PE;104;29,5;TORITAMA;Ausência de reação do condutor;Queda de ocupante de veículo;Com Vítimas Feridas;Plena Noite;Crescente;Céu Claro;Simples;Reta;Sim;1;0;1;0;0;0;1;1;-8,00616;-36,07556;SPRF-PE;DEL02-PE;UOP01-DEL02-PE
714329;27/08/2025;quarta-feira;15:50:00;GO;40;9;LUZIANIA;Acessar a via sem observar a presença dos outros veículos;Colisão transversal;Com Vítimas Feridas;Pleno dia;Crescente;Céu Claro;Dupla;"Reta;Retorno Regulamentado";Sim;2;0;1;0;1;0;1;2;-16,12820071;-47,96012878;SPRF-DF;DEL01-DF;UOP01-DEL01-DF
714331;27/08/2025;quarta-feira;11:24:00;DF;20;5;BRASILIA;Ausência de reação do condutor;Colisão traseira;Com Vítimas Feridas;Pleno dia;Decrescente;Céu Claro;Simples;"Reta;Aclive";Sim;2;0;1;0;1;0;1;2;-15,670193;-47,815902;SPRF-DF;DEL02-DF;UOP01-DEL02-DF
714332;27/08/2025;quarta-feira;14:59:00;SP;153;62,8;SAO JOSE DO RIO PRETO;Trafegar com motocicleta (ou similar) entre as faixas;Colisão lateral mesmo sentido;Com Vítimas Feridas;Pleno dia;Crescente;Sol;Dupla;"Aclive;Reta";Sim;4;0;1;0;3;0;1;2;-20,81985606;-49,35759254;SPRF-SP;DEL09-SP;UOP01-DEL09-SP
714333;27/08/2025;quarta-feira;07:45:00;SP;116;219;GUARULHOS;Reação tardia ou ineficiente do condutor;Queda de ocupante de veículo;Com Vítimas Feridas;Pleno dia;Crescente;Nublado;Múltipla;"Em Obras;Reta";Não;2;0;1;0;1;0;1;2;-23,465195;-46,498603;SPRF-SP;DEL01-SP;UOP01-DEL01-SP
714334;27/08/2025;quarta-feira;14:30:00;SP;116;219;GUARULHOS;Manobra de mudança de faixa;Colisão lateral mesmo sentido;Com Vítimas Feridas;Pleno dia;Decrescente;Céu Claro;Múltipla;"Reta;Em Obras";Sim;2;0;1;0;1;0;1;2;-23,46476173;-46,4981606;SPRF-SP;DEL01-SP;UOP01-DEL01-SP
714335;27/08/2025;quarta-feira;10:05:00;TO;153;143;ARAGUAINA;Acessar a via sem observar a presença dos outros veículos;Colisão transversal;Com Vítimas Feridas;Pleno dia;Crescente;Céu Claro;Simples;"Rotatória;Ponte";Não;2;0;2;0;0;0;2;2;-7,19330712;-48,23518306;SPRF-TO;DEL02-TO;UOP01-DEL02-TO
714337;27/08/2025;quarta-feira;11:30:00;ES;101;73,9;SAO MATEUS;Conversão proibida;Colisão transversal;Com Vítimas Feridas;Pleno dia;Crescente;Sol;Simples;"Reta;Aclive";Não;2;0;2;0;0;0;2;2;-18,77615628;-39,8724954;SPRF-ES;DEL04-ES;UOP02-DEL04-ES
714338;27/08/2025;quarta-feira;10:30:00;ES;101;302;VIANA;Reação tardia ou ineficiente do condutor;Tombamento;Com Vítimas Feridas;Pleno dia;Crescente;Céu Claro;Dupla;Curva;Sim;1;0;1;0;0;0;1;1;-20,37572245;-40,44271449;SPRF-ES;DEL01-ES;UOP01-DEL01-ES
714339;27/08/2025;quarta-feira;18:00:00;PE;104;25;TAQUARITINGA DO NORTE;Demais falhas mecânicas ou elétricas;Incêndio;Sem Vítimas;Plena Noite;Crescente;Nublado;Dupla;Reta;Não;1;0;0;0;1;0;0;1;-7,991;-36,096;SPRF-PE;DEL02-PE;UOP01-DEL02-PE
714340;27/08/2025;quarta-feira;18:20:00;PB;230;27;JOAO PESSOA;Retorno proibido;Colisão traseira;Com Vítimas Feridas;Plena Noite;Decrescente;Céu Claro;Múltipla;Reta;Sim;3;0;2;0;1;0;2;2;-7,16536473;-34,89065677;SPRF-PB;DEL01-PB;UOP01-DEL01-PB
714342;27/08/2025;quarta-feira;18:29:00;TO;153;498;PARAISO DO TOCANTINS;Desrespeitar a preferência no cruzamento;Colisão transversal;Com Vítimas Feridas;Plena Noite;Crescente;Céu Claro;Simples;"Declive;Interseção de Vias;Reta";Sim;2;0;1;0;1;0;1;2;-10,18315;-48,88071;SPRF-TO;DEL01-TO;UOP01-DEL01-TO
714344;27/08/2025;quarta-feira;12:05:00;PR;376;679,8;GUARATUBA;Reação tardia ou ineficiente do condutor;Saída de leito carroçável;Com Vítimas Feridas;Pleno dia;Decrescente;Garoa/Chuvisco;Dupla;Curva;Não;1;0;1;0;0;0;1;1;-25,95382427;-48,9025256;SPRF-PR;DEL01-PR;UOP04-DEL01-PR
714345;27/08/2025;quarta-feira;16:00:00;PI;343;343;TERESINA;Desrespeitar a preferência no cruzamento;Colisão transversal;Com Vítimas Feridas;Pleno dia;Crescente;Céu Claro;Simples;"Viaduto;Interseção de Vias;Rotatória";Sim;2;0;1;0;1;0;1;2;-5,09015449;-42,76076227;SPRF-PI;DEL01-PI;UOP01-DEL01-PI
714346;27/08/2025;quarta-feira;15:00:00;PR;476;119;COLOMBO;Ingestão de álcool pelo condutor;Queda de ocupante de veículo;Sem Vítimas;Pleno dia;Crescente;Céu Claro;Múltipla;"Aclive;Reta";Sim;1;0;0;0;1;0;0;1;-25,36316;-49,18546;SPRF-PR;DEL01-PR;UOP01-DEL01-PR
714348;27/08/2025;quarta-feira;16:40:00;AC;364;131;RIO BRANCO;Manobra de mudança de faixa;Queda de ocupante de veículo;Com Vítimas Feridas;Pleno dia;Decrescente;Céu Claro;Simples;Curva;Sim;2;0;2;0;0;0;2;1;-10,01487817;-67,84109221;SPRF-AC;DEL01-AC;UOP01-DEL01-AC
714349;27/08/2025;quarta-feira;18:10:00;RS;472;574;URUGUAIANA;Acessar a via sem observar a presença dos outros veículos;Colisão transversal;Com Vítimas Feridas;Pleno dia;Crescente;Céu Claro;Simples;Rotatória;Sim;2;0;2;0;0;0;2;2;-29,76355954;-57,05209778;SPRF-RS;DEL13-RS;UOP01-DEL13-RS
714350;27/08/2025;quarta-feira;18:00:00;PR;116;115,9;CURITIBA;Ingestão de álcool pelo condutor;Colisão lateral mesmo sentido;Com Vítimas Feridas;Anoitecer;Decrescente;Nublado;Dupla;Reta;Sim;4;0;2;0;1;1;2;3;-25,551659;-49,304956;SPRF-PR;DEL01-PR;UOP03-DEL01-PR
714352;27/08/2025;quarta-feira;16:00:00;PR;277;588,7;CASCAVEL;Ultrapassagem Indevida;Colisão transversal;Com Vítimas Feridas;Pleno dia;Decrescente;Céu Claro;Simples;Reta;Sim;3;0;1;0;1;1;1;3;-24,97648851;-53,44326138;SPRF-PR;DEL04-PR;UOP01-DEL04-PR
714353;24/08/2025;domingo;04:10:00;RO;435;130,5;CEREJEIRAS;Ingestão de álcool pelo condutor;Saída de leito carroçável;Com Vítimas Fatais;Amanhecer;Decrescente;Céu Claro;Simples;Reta;Não;2;1;1;0;0;0;1;1;-13,18906724;-60,88440502;SPRF-RO;DEL04-RO;UOP02-DEL04-RO
714355;27/08/2025;quarta-feira;16:10:00;RJ;493;1;ITABORAI;Ultrapassagem Indevida;Colisão lateral mesmo sentido;Com Vítimas Feridas;Pleno dia;Crescente;Nublado;Dupla;Reta;Sim;2;0;1;0;1;0;1;2;-22,76401901;-42,92699429;SPRF-RJ;DEL02-RJ;UOP02-DEL02-RJ
714356;27/08/2025;quarta-feira;12:30:00;MT;70;6;GENERAL CARNEIRO;Problema na suspensão;Capotamento;Com Vítimas Feridas;Pleno dia;Decrescente;Céu Claro;Dupla;Reta;Sim;1;0;1;0;0;0;1;1;-15,7057024;-52,7532032;SPRF-MT;DEL07-MT;UOP01-DEL07-MT
714357;27/08/2025;quarta-feira;17:50:00;PR;376;5;APUCARANA;Condutor desrespeitou a iluminação vermelha do semáforo;Colisão transversal;Com Vítimas Feridas;Anoitecer;Crescente;Céu Claro;Simples;Interseção de Vias;Sim;2;0;0;1;1;0;1;2;-23,54937603;-51,44998476;SPRF-PR;DEL07-PR;UOP03-DEL07-PR
714358;27/08/2025;quarta-feira;17:45:00;RJ;101;317;SAO GONCALO;Manobra de mudança de faixa;Colisão lateral mesmo sentido;Com Vítimas Feridas;Anoitecer;Decrescente;Céu Claro;Dupla;Reta;Não;3;0;1;0;2;0;1;2;-22,83794366;-43,09517093;SPRF-RJ;DEL02-RJ;UOP02-DEL02-RJ
714359;27/08/2025;quarta-feira;12:45:00;MG;381;446;SABARA;Condutor deixou de manter distância do veículo da frente;Atropelamento de Pedestre;Com Vítimas Feridas;Pleno dia;Crescente;Céu Claro;Simples;"Declive;Curva";Sim;2;0;1;0;1;0;1;2;-19,840943;-43,861586;SPRF-MG;DEL01-MG;UOP01-DEL01-MG
714361;27/08/2025;quarta-feira;08:00:00;SC;280;235,5;CANOINHAS;Animais na Pista;Queda de ocupante de veículo;Com Vítimas Feridas;Pleno dia;Crescente;Nublado;Simples;Reta;Sim;2;0;2;0;0;0;2;1;-26,19580086;-50,42518616;SPRF-SC;DEL06-SC;UOP04-DEL06-SC
714362;27/08/2025;quarta-feira;18:30:00;PA;230;116;MARABA;Condutor deixou de manter distância do veículo da frente;Colisão traseira;Com Vítimas Feridas;Plena Noite;Decrescente;Céu Claro;Dupla;"Reta;Aclive";Sim;7;0;1;0;6;0;1;3;-5,35749245;-49,08690508;SPRF-PA;DEL03-PA;UOP01-DEL03-PA
714363;27/08/2025;quarta-feira;15:30:00;SC;280;24;ARAQUARI;Demais falhas mecânicas ou elétricas;Colisão traseira;Com Vítimas Feridas;Pleno dia;Decrescente;Nublado;Simples;Reta;Não;2;0;1;0;1;0;1;2;-26,37995673;-48,72257273;SPRF-SC;DEL03-SC;UOP03-DEL03-SC
714366;27/08/2025;quarta-feira;17:15:00;RJ;116;136;MAGE;Acessar a via sem observar a presença dos outros veículos;Colisão transversal;Com Vítimas Feridas;Pleno dia;Decrescente;Céu Claro;Dupla;Reta;Sim;2;0;2;0;0;0;2;2;-22,649651;-43,173976;SPRF-RJ;DEL04-RJ;UOP02-DEL04-RJ
714367;27/08/2025;quarta-feira;14:10:00;MG;116;357,6;JAMPRUCA;Velocidade Incompatível;Colisão frontal;Com Vítimas Fatais;Pleno dia;Decrescente;Sol;Simples;"Reta;Declive";Não;6;2;3;0;1;0;3;3;-18,442411;-41,836481;SPRF-MG;DEL11-MG;UOP01-DEL11-MG
714368;27/08/2025;quarta-feira;14:35:00;RS;116;255;ESTEIO;Condutor deixou de manter distância do veículo da frente;Colisão traseira;Com Vítimas Feridas;Pleno dia;Crescente;Céu Claro;Múltipla;Reta;Sim;3;0;2;0;1;0;2;2;-29,8287533;-51,17331453;SPRF-RS;DEL01-RS;UOP02-DEL01-RS
714370;27/08/2025;quarta-feira;19:30:00;GO;153;502;GOIANIA;Reação tardia ou ineficiente do condutor;Colisão lateral mesmo sentido;Com Vítimas Feridas;Anoitecer;Crescente;Vento;Dupla;Reta;Sim;4;0;1;0;3;0;1;3;-16,725039;-49,240357;SPRF-GO;DEL01-GO;UOP01-DEL01-GO
714371;27/08/2025;quarta-feira;19:10:00;RS;101;75;OSORIO;Demais falhas mecânicas ou elétricas;Incêndio;Sem Vítimas;Plena Noite;Crescente;Céu Claro;Dupla;Reta;Não;2;0;0;0;2;0;0;1;-29,76282959;-50,21802776;SPRF-RS;DEL03-RS;UOP01-DEL03-RS
714372;27/08/2025;quarta-feira;18:45:00;SC;101;134;BALNEARIO CAMBORIU;Ausência de reação do condutor;Engavetamento;Com Vítimas Feridas;Plena Noite;Decrescente;Nublado;Múltipla;Reta;Sim;6;0;2;0;2;2;2;4;-27,004633;-48,62762;SPRF-SC;DEL04-SC;UOP03-DEL04-SC
714373;25/08/2025;segunda-feira;15:00:00;PA;316;62;CASTANHAL;Conversão proibida;Queda de ocupante de veículo;Com Vítimas Feridas;Pleno dia;Decrescente;Sol;Simples;Reta;Sim;2;0;1;0;0;1;1;2;-1,29678;-47,932208;SPRF-PA;DEL01-PA;UOP01-DEL01-PA
714374;27/08/2025;quarta-feira;12:30:00;RO;429;91;ALVORADA DOESTE;Conversão proibida;Colisão transversal;Com Vítimas Feridas;Pleno dia;Decrescente;Sol;Dupla;Reta;Sim;2;0;1;1;0;0;2;2;-11,33518051;-62,27488804;SPRF-RO;DEL02-RO;UOP03-DEL02-RO
714377;27/08/2025;quarta-feira;14:20:00;PA;163;625;TRAIRAO;Transitar no Acostamento;Colisão lateral mesmo sentido;Sem Vítimas;Pleno dia;Decrescente;Céu Claro;Simples;"Declive;Curva";Sim;2;0;0;0;2;0;0;2;-4,706185;-56,000208;SPRF-PA;DEL05-PA;UOP03-DEL05-PA
714378;27/08/2025;quarta-feira;10:40:00;BA;116;490;RAFAEL JAMBEIRO;Demais falhas mecânicas ou elétricas;Saída de leito carroçável;Com Vítimas Feridas;Pleno dia;Crescente;Garoa/Chuvisco;Dupla;Reta;Não;3;0;2;0;1;0;2;1;-12,5784295;-39,50977421;SPRF-BA;DEL02-BA;UOP01-DEL02-BA
714379;27/08/2025;quarta-feira;18:39:00;BA;407;6;JUAZEIRO;Reação tardia ou ineficiente do condutor;Colisão transversal;Com Vítimas Feridas;Plena Noite;Decrescente;Céu Claro;Simples;Reta;Sim;3;0;1;0;2;0;1;2;-9,450148;-40,48933;SPRF-PE;DEL06-PE;UOP01-DEL06-PE
714380;27/08/2025;quarta-feira;12:30:00;PA;163;974;BELTERRA;Carga excessiva e/ou mal acondicionada;Saída de leito carroçável;Com Vítimas Feridas;Pleno dia;Decrescente;Céu Claro;Simples;"Reta;Aclive";Não;1;0;1;0;0;0;1;1;-2,6467383;-54,8005066;SPRF-PA;DEL05-PA;UOP01-DEL05-PA
714382;27/08/2025;quarta-feira;16:51:00;AP;210;4;MACAPA;Transitar na contramão;Colisão frontal;Com Vítimas Feridas;Pleno dia;Decrescente;Céu Claro;Simples;Reta;Sim;2;0;1;0;1;0;1;2;0,08765837;-51,09426332;SPRF-AP;DEL01-AP;UOP01-DEL01-AP
714384;27/08/2025;quarta-feira;16:40:00;AP;210;0;MACAPA;Condutor deixou de manter distância do veículo da frente;Colisão traseira;Com Vítimas Feridas;Pleno dia;Decrescente;Céu Claro;Múltipla;Reta;Sim;2;0;1;0;1;0;1;1;0,07784841;-51,06162071;SPRF-AP;DEL01-AP;UOP01-DEL01-AP
714385;27/08/2025;quarta-feira;13:50:00;SC;153;84,8;CONCORDIA;Reação tardia ou ineficiente do condutor;Colisão lateral sentido oposto;Sem Vítimas;Pleno dia;Crescente;Céu Claro;Simples;Curva;Sim;2;0;0;0;2;0;0;2;-27,147135;-51,910244;SPRF-SC;DEL07-SC;UOP04-DEL07-SC
714386;27/08/2025;quarta-feira;12:00:00;RJ;40;107;DUQUE DE CAXIAS;Reação tardia ou ineficiente do condutor;Colisão traseira;Com Vítimas Feridas;Pleno dia;Decrescente;Céu Claro;Dupla;Reta;Sim;2;0;0;1;1;0;1;2;-22,65595105;-43,28362262;SPRF-RJ;DEL01-RJ;UOP02-DEL01-RJ
714387;27/08/2025;quarta-feira;07:00:00;GO;158;94;PIRANHAS;Reação tardia ou ineficiente do condutor;Saída de leito carroçável;Com Vítimas Feridas;Pleno dia;Decrescente;Céu Claro;Simples;"Reta;Em Obras";Não;6;0;5;1;0;0;6;1;-16,462012;-51,791013;SPRF-GO;DEL04-GO;UOP02-DEL04-GO
714388;27/08/2025;quarta-feira;17:40:00;RO;364;349;JI-PARANA;Acessar a via sem observar a presença dos outros veículos;Colisão transversal;Com Vítimas Feridas;Pleno dia;Decrescente;Céu Claro;Simples;Reta;Sim;3;0;3;0;0;0;3;2;-10,848095;-61,994927;SPRF-RO;DEL02-RO;UOP01-DEL02-RO
714389;27/08/2025;quarta-feira;12:18:00;SC;282;22,7;SANTO AMARO DA IMPERATRIZ;Ultrapassagem Indevida;Colisão frontal;Com Vítimas Feridas;Pleno dia;Crescente;Nublado;Simples;"Interseção de Vias;Reta;Aclive";Sim;2;0;0;1;1;0;1;2;-27,689222;-48,734623;SPRF-SC;DEL01-SC;UOP02-DEL01-SC
714393;27/08/2025;quarta-feira;09:25:00;GO;153;118;ESTRELA DO NORTE;Ausência de reação do condutor;Saída de leito carroçável;Com Vítimas Feridas;Pleno dia;Decrescente;Céu Claro;Simples;"Declive;Reta";Não;1;0;0;1;0;0;1;1;-13,813542;-49,039777;SPRF-GO;DEL07-GO;UOP01-DEL07-GO
714395;27/08/2025;quarta-feira;19:50:00;GO;153;437;ANAPOLIS;Velocidade Incompatível;Saída de leito carroçável;Com Vítimas Feridas;Plena Noite;Crescente;Céu Claro;Dupla;"Curva;Declive;Em Obras";Não;1;0;0;1;0;0;1;1;-16,304039;-48,924709;SPRF-GO;DEL02-GO;UOP01-DEL02-GO
714396;27/08/2025;quarta-feira;20:20:00;SP;116;217;GUARULHOS;Reação tardia ou ineficiente do condutor;Colisão traseira;Com Vítimas Feridas;Plena Noite;Decrescente;Nublado;Múltipla;Aclive;Sim;2;0;1;0;1;0;1;2;-23,45303022;-46,46838069;SPRF-SP;DEL01-SP;UOP01-DEL01-SP
714399;27/08/2025;quarta-feira;15:50:00;RJ;495;0,1;TERESOPOLIS;Ultrapassagem Indevida;Colisão lateral mesmo sentido;Com Vítimas Feridas;Pleno dia;Crescente;Céu Claro;Simples;Reta;Sim;2;0;1;0;1;0;1;2;-22,40359393;-42,96855776;SPRF-RJ;DEL04-RJ;UOP01-DEL04-RJ
714400;27/08/2025;quarta-feira;20:00:00;RN;101;97;NATAL;Reação tardia ou ineficiente do condutor;Colisão traseira;Com Vítimas Feridas;Plena Noite;Decrescente;Céu Claro;Dupla;"Reta;Aclive";Sim;3;0;1;0;2;0;1;2;-5,860527;-35,2135027;SPRF-RN;DEL01-RN;UOP01-DEL01-RN
714401;27/08/2025;quarta-feira;20:05:00;GO;60;179,9;ABADIA DE GOIAS;Animais na Pista;Atropelamento de Animal;Com Vítimas Feridas;Plena Noite;Crescente;Céu Claro;Dupla;"Reta;Declive";Não;1;0;0;1;0;0;1;1;-16,7761;-49,487815;SPRF-GO;DEL01-GO;UOP02-DEL01-GO
714402;27/08/2025;quarta-feira;16:00:00;PI;230;300;FLORIANO;Reação tardia ou ineficiente do condutor;Saída de leito carroçável;Com Vítimas Feridas;Pleno dia;Crescente;Sol;Simples;Rotatória;Não;1;0;1;0;0;0;1;1;-6,81458304;-42,94083595;SPRF-PI;DEL03-PI;UOP01-DEL03-PI
714403;13/07/2025;domingo;20:19:00;TO;153;504;PARAISO DO TOCANTINS;Ausência de reação do condutor;Saída de leito carroçável;Com Vítimas Fatais;Plena Noite;Crescente;Céu Claro;Simples;"Declive;Reta";Não;1;1;0;0;0;0;0;1;-10,24079;-48,87763;SPRF-TO;DEL01-TO;UOP01-DEL01-TO
714404;27/08/2025;quarta-feira;16:30:00;RJ;40;122;DUQUE DE CAXIAS;Condutor deixou de manter distância do veículo da frente;Colisão traseira;Com Vítimas Feridas;Pleno dia;Crescente;Céu Claro;Múltipla;Reta;Sim;4;0;1;0;3;0;1;3;-22,78283433;-43,28573804;SPRF-RJ;DEL01-RJ;UOP02-DEL01-RJ
714406;27/08/2025;quarta-feira;09:15:00;RJ;116;83;TERESOPOLIS;Demais falhas mecânicas ou elétricas;Tombamento;Com Vítimas Feridas;Pleno dia;Crescente;Sol;Simples;Declive;Sim;2;0;2;0;0;0;2;1;-22,36372899;-42,9434967;SPRF-RJ;DEL04-RJ;UOP01-DEL04-RJ
714407;27/08/2025;quarta-feira;20:20:00;MG;365;603,8;UBERLANDIA;Ausência de reação do condutor;Colisão traseira;Com Vítimas Feridas;Plena Noite;Decrescente;Céu Claro;Simples;Reta;Não;4;0;0;2;2;0;2;2;-18,89272;-48,14085;SPRF-MG;DEL15-MG;UOP01-DEL15-MG
714409;27/08/2025;quarta-feira;18:51:00;PI;343;594,7;FLORIANO;Manobra de mudança de faixa;Colisão transversal;Com Vítimas Feridas;Plena Noite;Crescente;Céu Claro;Simples;Reta;Sim;2;0;0;1;1;0;1;2;-6,792521;-43,045514;SPRF-PI;DEL03-PI;UOP01-DEL03-PI
714410;27/08/2025;quarta-feira;18:50:00;RN;406;117;POCO BRANCO;Animais na Pista;Atropelamento de Animal;Com Vítimas Feridas;Plena Noite;Crescente;Céu Claro;Simples;Reta;Não;1;0;0;1;0;0;1;1;-5,564664;-35,73778153;SPRF-RN;DEL02-RN;UOP01-DEL02-RN
714411;27/08/2025;quarta-feira;20:30:00;RN;101;79,5;NATAL;Pedestre cruzava a pista fora da faixa;Atropelamento de Pedestre;Com Vítimas Fatais;Plena Noite;Decrescente;Céu Claro;Dupla;Reta;Sim;2;1;0;1;0;0;1;2;-5,7539953;-35,2888155;SPRF-RN;DEL02-RN;UOP01-DEL02-RN
714413;27/08/2025;quarta-feira;17:20:00;MG;381;853,9;POUSO ALEGRE;Reação tardia ou ineficiente do condutor;Queda de ocupante de veículo;Com Vítimas Feridas;Pleno dia;Decrescente;Céu Claro;Dupla;"Reta;Aclive";Não;1;0;1;0;0;0;1;1;-22,26905;-45,891931;SPRF-MG;DEL16-MG;UOP01-DEL16-MG
714414;27/08/2025;quarta-feira;16:25:00;RS;287;309;SAO PEDRO DO SUL;Reação tardia ou ineficiente do condutor;Saída de leito carroçável;Com Vítimas Feridas;Pleno dia;Crescente;Céu Claro;Simples;Reta;Não;1;0;1;0;0;0;1;1;-29,662896;-54,457284;SPRF-RS;DEL09-RS;UOP01-DEL09-RS