id;data_inversa;dia_semana;horario;uf;br;km;municipio;causa_acidente;tipo_acidente;classificacao_acidente;fase_dia;sentido_via;condicao_metereologica;tipo_pista;tracado_via;uso_solo;pessoas;mortos;feridos_leves;feridos_graves;ilesos;ignorados;feridos;veiculos;latitude;longitude;regional;delegacia;uop
714550;28/08/2025;quinta-feira;13:20:00;MG;40;513;MATOZINHOS;Demais falhas mecânicas ou elétricas;Incêndio;Com Vítimas Feridas;Pleno dia;Decrescente;Céu Claro;Dupla;Reta;Sim;1;0;1;0;0;0;1;1;-19,4755;-44,06157;SPRF-MG;DEL01-MG;UOP02-DEL01-MG
714551;28/08/2025;quinta-feira;14:30:00;MG;381;481;BETIM;Ausência de reação do condutor;Colisão lateral mesmo sentido;Com Vítimas Feridas;Pleno dia;Decrescente;Céu Claro;Dupla;Reta;Não;3;0;1;0;2;0;1;2;-19,9965624;-44,2090411;SPRF-MG;DEL01-MG;UOP03-DEL01-MG
714552;13/06/2025;sexta-feira;03:21:00;TO;242;459;FORMOSO DO ARAGUAIA;Ingestão de álcool pelo condutor;Colisão lateral mesmo sentido;Com Vítimas Feridas;Plena Noite;Crescente;Céu Claro;Simples;Reta;Sim;2;0;0;1;1;0;1;2;-11,80687537;-49,54120517;SPRF-TO;DEL01-TO;UOP02-DEL01-TO
714553;28/08/2025;quinta-feira;14:40:00;RS;386;416;MONTENEGRO;Conversão proibida;Colisão transversal;Com Vítimas Feridas;Pleno dia;Decrescente;Céu Claro;Simples;Reta;Sim;3;0;2;0;1;0;2;2;-29,81754714;-51,46128628;SPRF-RS;DEL04-RS;UOP02-DEL04-RS
714556;28/08/2025;quinta-feira;14:30:00;PI;343;15,1;PARNAIBA;Transitar no Acostamento;Colisão lateral mesmo sentido;Com Vítimas Feridas;Pleno dia;Crescente;Sol;Dupla;Reta;Sim;2;0;2;0;0;0;2;2;-2,93742037;-41,75522357;SPRF-PI;DEL05-PI;UOP01-DEL05-PI
714557;08/07/2025;terça-feira;04:40:00;PR;277;693,5;SAO MIGUEL DO IGUACU;Entrada inopinada do pedestre;Atropelamento de Pedestre;Com Vítimas Fatais;Plena Noite;Decrescente;Nublado;Dupla;Reta;Não;3;1;0;0;1;1;0;2;-25,364912;-54,256596;SPRF-PR;DEL05-PR;UOP01-DEL05-PR
714558;26/08/2025;terça-feira;07:40:00;MA;135;15,7;SAO LUIS;Acessar a via sem observar a presença dos outros veículos;Colisão lateral mesmo sentido;Sem Vítimas;Pleno dia;Crescente;Céu Claro;Dupla;Retorno Regulamentado;Não;2;0;0;0;2;0;0;2;-2,70081354;-44,30903267;SPRF-MA;DEL01-MA;UOP01-DEL01-MA
714559;28/08/2025;quinta-feira;14:10:00;AP;210;2;MACAPA;Transitar na contramão;Colisão transversal;Com Vítimas Feridas;Pleno dia;Decrescente;Céu Claro;Simples;Curva;Sim;5;0;2;0;3;0;2;2;0,0852583;-51,0823283;SPRF-AP;DEL01-AP;UOP01-DEL01-AP
714560;28/08/2025;quinta-feira;15:15:00;BA;116;15,5;VITORIA DA CONQUISTA;Ausência de reação do condutor;Queda de ocupante de veículo;Com Vítimas Feridas;Pleno dia;Decrescente;Céu Claro;Simples;"Reta;Retorno Regulamentado";Não;2;0;1;0;0;1;1;2;-14,90159412;-40,85199729;SPRF-BA;DEL08-BA;UOP01-DEL08-BA
714563;28/08/2025;quinta-feira;12:00:00;RJ;493;102;SEROPEDICA;Ausência de reação do condutor;Queda de ocupante de veículo;Com Vítimas Feridas;Pleno dia;Decrescente;Céu Claro;Dupla;Reta;Não;2;0;2;0;0;0;2;1;-22,75703306;-43,7311796;SPRF-RJ;DEL01-RJ;UOP03-DEL01-RJ
714565;28/08/2025;quinta-feira;15:20:00;PR;153;354,5;REBOUCAS;Transitar na contramão;Colisão frontal;Com Vítimas Fatais;Pleno dia;Crescente;Céu Claro;Simples;Reta;Não;4;2;1;1;0;0;2;2;-25,637982;-50,728463;SPRF-PR;DEL08-PR;UOP02-DEL08-PR
714568;28/08/2025;quinta-feira;14:45:00;GO;153;208;URUACU;Reação tardia ou ineficiente do condutor;Colisão lateral mesmo sentido;Sem Vítimas;Pleno dia;Crescente;Céu Claro;Simples;"Declive;Reta";Não;7;0;0;0;7;0;0;2;-14,609691;-49,1678406;SPRF-GO;DEL07-GO;UOP02-DEL07-GO
714572;28/08/2025;quinta-feira;14:35:00;MT;174;3;PONTES E LACERDA;Mal súbito do condutor;Colisão com objeto;Com Vítimas Feridas;Pleno dia;Decrescente;Céu Claro;Simples;Curva;Sim;4;0;2;1;1;0;3;1;-15,2429482;-59,3333543;SPRF-MT;DEL04-MT;UOP01-DEL04-MT
714576;28/08/2025;quinta-feira;16:20:00;MG;50;43;ARAGUARI;Condutor usando celular;Saída de leito carroçável;Com Vítimas Feridas;Pleno dia;Crescente;Céu Claro;Dupla;Reta;Não;1;0;1;0;0;0;1;1;-18,70046692;-48,1872046;SPRF-MG;DEL15-MG;UOP02-DEL15-MG
714577;28/08/2025;quinta-feira;16:15:00;PI;230;305,5;FLORIANO;Reação tardia ou ineficiente do condutor;Tombamento;Com Vítimas Feridas;Pleno dia;Crescente;Céu Claro;Simples;Reta;Não;1;0;1;0;0;0;1;1;-6,80054449;-42,97303746;SPRF-PI;DEL03-PI;UOP01-DEL03-PI
714580;27/06/2025;sexta-feira;08:21:00;TO;10;456;PALMAS;Reação tardia ou ineficiente do condutor;Colisão traseira;Com Vítimas Feridas;Pleno dia;Crescente;Céu Claro;Múltipla;Reta;Não;2;0;1;0;1;0;1;2;-10,301;-48,297;SPRF-TO;DEL01-TO;UOP03-DEL01-TO
714581;28/08/2025;quinta-feira;17:20:00;MG;50;67;UBERLANDIA;Ausência de reação do condutor;Colisão traseira;Com Vítimas Feridas;Pleno dia;Crescente;Céu Claro;Dupla;Reta;Não;2;0;1;0;1;0;1;2;-18,86609222;-48,25451229;SPRF-MG;DEL15-MG;UOP02-DEL15-MG
714582;28/08/2025;quinta-feira;17:05:00;PB;230;5;CABEDELO;Área urbana sem a presença de local apropriado para a travessia de pedestres;Atropelamento de Pedestre;Com Vítimas Feridas;Pleno dia;Crescente;Sol;Dupla;Reta;Sim;2;0;0;1;1;0;1;2;-7,012215;-34,832215;SPRF-PB;DEL01-PB;UOP01-DEL01-PB
714583;28/08/2025;quinta-feira;15:00:00;MG;381;186,1;PERIQUITO;Ingestão de álcool pelo condutor;Tombamento;Com Vítimas Feridas;Pleno dia;Decrescente;Céu Claro;Simples;Reta;Não;2;0;0;1;1;0;1;1;-19,13064602;-42,19325602;SPRF-MG;DEL06-MG;UOP01-DEL06-MG
714584;28/08/2025;quinta-feira;17:38:00;PR;153;41,9;SANTO ANTONIO DA PLATINA;Acessar a via sem observar a presença dos outros veículos;Colisão transversal;Com Vítimas Feridas;Pleno dia;Crescente;Céu Claro;Simples;Interseção de Vias;Sim;2;0;1;0;1;0;1;2;-23,2972447;-50,06862972;SPRF-PR;DEL07-PR;UOP04-DEL07-PR
714585;31/07/2025;quinta-feira;08:50:00;RN;101;99;NATAL;Condutor deixou de manter distância do veículo da frente;Colisão traseira;Com Vítimas Feridas;Pleno dia;Crescente;Céu Claro;Dupla;Reta;Não;2;0;1;0;1;0;1;2;-5,87356902;-35,22109006;SPRF-RN;DEL01-RN;UOP01-DEL01-RN
714586;28/08/2025;quinta-feira;13:08:00;SC;280;23,6;ARAQUARI;Acessar a via sem observar a presença dos outros veículos;Colisão transversal;Com Vítimas Feridas;Pleno dia;Crescente;Nublado;Simples;Reta;Não;2;0;1;0;1;0;1;2;-26,374823;-48,716573;SPRF-SC;DEL03-SC;UOP03-DEL03-SC
714588;28/08/2025;quinta-feira;16:10:00;MG;116;764,5;LEOPOLDINA;Condutor deixou de manter distância do veículo da frente;Colisão traseira;Sem Vítimas;Pleno dia;Crescente;Céu Claro;Simples;Reta;Sim;3;0;0;0;3;0;0;2;-21,5425158;-42,6556498;SPRF-MG;DEL07-MG;UOP01-DEL07-MG
714591;28/08/2025;quinta-feira;17:15:00;SC;101;128,6;CAMBORIU;Reação tardia ou ineficiente do condutor;Tombamento;Com Vítimas Feridas;Pleno dia;Decrescente;Céu Claro;Dupla;Reta;Não;1;0;0;1;0;0;1;1;-26,98482123;-48,66917182;SPRF-SC;DEL04-SC;UOP03-DEL04-SC
714592;28/08/2025;quinta-feira;16:50:00;MG;40;226,5;JOAO PINHEIRO;Redutor de velocidade em desacordo;Tombamento;Com Vítimas Feridas;Pleno dia;Crescente;Céu Claro;Simples;Reta;Sim;2;0;0;1;1;0;1;1;-17,98547749;-45,61031051;SPRF-MG;DEL14-MG;UOP02-DEL14-MG
714593;28/08/2025;quinta-feira;17:40:00;MG;40;532;PEDRO LEOPOLDO;Condutor deixou de manter distância do veículo da frente;Colisão traseira;Com Vítimas Feridas;Anoitecer;Crescente;Céu Claro;Dupla;Reta;Sim;2;0;1;0;1;0;1;2;-19,55323;-44,00392;SPRF-MG;DEL01-MG;UOP02-DEL01-MG
714595;28/08/2025;quinta-feira;18:25:00;SP;116;148;SAO JOSE DOS CAMPOS;Condutor deixou de manter distância do veículo da frente;Colisão traseira;Com Vítimas Feridas;Pleno dia;Decrescente;Céu Claro;Dupla;Reta;Sim;2;0;1;0;1;0;1;2;-23,19735069;-45,87530756;SPRF-SP;DEL02-SP;UOP01-DEL02-SP
714596;28/08/2025;quinta-feira;17:50:00;MG;262;538,5;LUZ;Velocidade Incompatível;Saída de leito carroçável;Com Vítimas Feridas;Anoitecer;Crescente;Céu Claro;Simples;Curva;Não;3;0;0;1;2;0;1;2;-19,72392834;-45,87167501;SPRF-MG;DEL08-MG;UOP02-DEL08-MG
714597;28/08/2025;quinta-feira;18:15:00;ES;101;288,2;CARIACICA;Desrespeitar a preferência no cruzamento;Colisão transversal;Com Vítimas Feridas;Plena Noite;Crescente;Nublado;Dupla;Retorno Regulamentado;Sim;2;0;0;1;1;0;1;2;-20,27364868;-40,39191596;SPRF-ES;DEL01-ES;UOP01-DEL01-ES
714598;28/08/2025;quinta-feira;18:30:00;SC;101;204;SAO JOSE;Ausência de reação do condutor;Queda de ocupante de veículo;Com Vítimas Feridas;Anoitecer;Crescente;Céu Claro;Múltipla;Reta;Não;2;0;1;0;1;0;1;2;-27,57528178;-48,61320081;SPRF-SC;DEL01-SC;UOP01-DEL01-SC
714601;28/08/2025;quinta-feira;17:00:00;PR;376;199;MARIALVA;Ingestão de álcool pelo condutor;Saída de leito carroçável;Com Vítimas Feridas;Pleno dia;Decrescente;Céu Claro;Dupla;Reta;Não;1;0;1;0;0;0;1;1;-23,50127;-51,759201;SPRF-PR;DEL09-PR;UOP01-DEL09-PR
714602;28/08/2025;quinta-feira;18:40:00;RS;290;128;ELDORADO DO SUL;Ausência de sinalização;Colisão lateral sentido oposto;Com Vítimas Feridas;Plena Noite;Crescente;Céu Claro;Simples;Reta;Não;5;0;1;0;4;0;1;3;-30,05684076;-51,48371029;SPRF-RS;DEL02-RS;UOP01-DEL02-RS
714603;28/08/2025;quinta-feira;19:05:00;BA;324;613;SIMOES FILHO;Acessar a via sem observar a presença dos outros veículos;Colisão lateral mesmo sentido;Com Vítimas Feridas;Plena Noite;Crescente;Céu Claro;Dupla;Reta;Sim;2;0;1;0;1;0;1;2;-12,86399;-38,423698;SPRF-BA;DEL01-BA;UOP01-DEL01-BA
714605;28/08/2025;quinta-feira;17:25:00;MG;267;71;BICAS;Velocidade Incompatível;Saída de leito carroçável;Com Vítimas Feridas;Anoitecer;Crescente;Nublado;Simples;Curva;Não;1;0;1;0;0;0;1;1;-21,74004793;-43,10211182;SPRF-MG;DEL05-MG;UOP01-DEL05-MG
714607;28/08/2025;quinta-feira;19:25:00;RS;386;370,9;FAZENDA VILANOVA;Pedestre cruzava a pista fora da faixa;Atropelamento de Pedestre;Com Vítimas Fatais;Plena Noite;Crescente;Céu Claro;Dupla;Reta;Não;2;1;1;0;0;0;1;2;-29,5976539;-51,8125915;SPRF-RS;DEL04-RS;UOP01-DEL04-RS
714608;28/08/2025;quinta-feira;18:45:00;BA;367;23;PORTO SEGURO;Ultrapassagem Indevida;Colisão frontal;Com Vítimas Feridas;Plena Noite;Crescente;Céu Claro;Simples;Reta;Não;3;0;1;1;1;0;2;2;-16,43769392;-39,08227272;SPRF-BA;DEL09-BA;UOP03-DEL09-BA
714609;27/07/2025;domingo;08:30:00;RJ;116;101;GUAPIMIRIM;Reação tardia ou ineficiente do condutor;Tombamento;Com Vítimas Feridas;Pleno dia;Decrescente;Céu Claro;Simples;"Aclive;Reta";Não;2;0;2;0;0;0;2;1;-22,4898924;-43,00740838;SPRF-RJ;DEL04-RJ;UOP01-DEL04-RJ
714611;28/08/2025;quinta-feira;11:00:00;MG;262;358;BETIM;Ausência de reação do condutor;Colisão traseira;Com Vítimas Feridas;Pleno dia;Decrescente;Céu Claro;Dupla;Reta;Não;2;0;1;0;1;0;1;2;-19,97947944;-44,25361633;SPRF-MG;DEL01-MG;UOP03-DEL01-MG
714613;28/08/2025;quinta-feira;20:00:00;ES;101;261,9;SERRA;Animais na Pista;Atropelamento de Animal;Com Vítimas Feridas;Plena Noite;Decrescente;Céu Claro;Simples;Reta;Sim;2;0;2;0;0;0;2;1;-20,157535;-40,276766;SPRF-ES;DEL02-ES;UOP01-DEL02-ES
714614;07/08/2025;quinta-feira;02:00:00;PE;110;101;SERTANIA;Demais falhas mecânicas ou elétricas;Incêndio;Sem Vítimas;Plena Noite;Crescente;Céu Claro;Simples;Reta;Não;1;0;0;0;1;0;0;1;-8,36980669;-37,28553772;SPRF-PE;DEL04-PE;UOP02-DEL04-PE
714615;28/08/2025;quinta-feira;14:00:00;GO;153;441,6;ANAPOLIS;Ausência de reação do condutor;Tombamento;Com Vítimas Feridas;Pleno dia;Crescente;Sol;Dupla;Reta;Sim;1;0;1;0;0;0;1;1;-16,33785727;-48,92236948;SPRF-GO;DEL02-GO;UOP01-DEL02-GO
714618;28/08/2025;quinta-feira;20:30:00;MG;381;902,2;CAMBUI;Iluminação deficiente;Colisão transversal;Com Vítimas Fatais;Plena Noite;Crescente;Céu Claro;Dupla;Curva;Não;2;1;0;0;1;0;0;2;-22,64071332;-46,08195591;SPRF-MG;DEL16-MG;UOP03-DEL16-MG
714625;07/08/2025;quinta-feira;08:31:00;TO;10;460;PALMAS;Ausência de reação do condutor;Colisão com objeto;Com Vítimas Feridas;Pleno dia;Crescente;Céu Claro;Simples;Reta;Sim;1;0;0;1;0;0;1;1;-10,25697993;-48,31023065;SPRF-TO;DEL01-TO;UOP03-DEL01-TO
714626;28/08/2025;quinta-feira;19:20:00;SP;116;143;SAO JOSE DOS CAMPOS;Condutor deixou de manter distância do veículo da frente;Colisão traseira;Com Vítimas Feridas;Plena Noite;Decrescente;Céu Claro;Múltipla;Reta;Não;3;0;1;0;1;1;1;2;-23,1778442;-45,83225727;SPRF-SP;DEL02-SP;UOP01-DEL02-SP
714628;28/08/2025;quinta-feira;18:30:00;RJ;101;313;SAO GONCALO;Ausência de reação do condutor;Tombamento;Com Vítimas Feridas;Plena Noite;Decrescente;Céu Claro;Dupla;Reta;Sim;1;0;1;0;0;0;1;1;-22,80841511;-43,06695962;SPRF-RJ;DEL02-RJ;UOP02-DEL02-RJ
714629;28/08/2025;quinta-feira;19:20:00;RJ;101;316;SAO GONCALO;Ausência de reação do condutor;Colisão traseira;Com Vítimas Feridas;Plena Noite;Decrescente;Chuva;Dupla;Reta;Sim;2;0;1;0;1;0;1;2;-22,82227075;-43,08235131;SPRF-RJ;DEL02-RJ;UOP02-DEL02-RJ
714630;25/07/2025;sexta-feira;12:20:00;TO;10;465;PALMAS;Acessar a via sem observar a presença dos outros veículos;Colisão transversal;Com Vítimas Feridas;Pleno dia;Crescente;Céu Claro;Dupla;"Reta;Retorno Regulamentado";Sim;2;0;1;0;1;0;1;2;-10,23345;-48,30625;SPRF-TO;DEL01-TO;UOP03-DEL01-TO
714634;28/08/2025;quinta-feira;20:30:00;RJ;101;64;CAMPOS DOS GOYTACAZES;Conversão proibida;Colisão lateral mesmo sentido;Com Vítimas Feridas;Plena Noite;Decrescente;Céu Claro;Simples;Interseção de Vias;Sim;2;0;1;0;1;0;1;2;-21,820151;-41,4149584;SPRF-RJ;DEL08-RJ;UOP02-DEL08-RJ
714635;28/08/2025;quinta-feira;21:00:00;ES;262;105;VENDA NOVA DO IMIGRANTE;Acessar a via sem observar a presença dos outros veículos;Colisão transversal;Com Vítimas Feridas;Plena Noite;Decrescente;Céu Claro;Simples;Interseção de Vias;Sim;2;0;0;1;1;0;1;2;-20,32766158;-41,1333673;SPRF-ES;DEL01-ES;UOP02-DEL01-ES
714638;28/08/2025;quinta-feira;20:20:00;RJ;101;540;PARATY;Velocidade Incompatível;Tombamento;Com Vítimas Feridas;Plena Noite;Decrescente;Chuva;Simples;Curva;Não;1;0;0;1;0;0;1;1;-23,055651;-44,589842;SPRF-RJ;DEL03-RJ;UOP04-DEL03-RJ
714639;28/08/2025;quinta-feira;17:30:00;RO;364;957;PORTO VELHO;Reação tardia ou ineficiente do condutor;Saída de leito carroçável;Com Vítimas Fatais;Pleno dia;Crescente;Céu Claro;Simples;Curva;Não;3;2;1;0;0;0;1;1;-9,65795398;-65,64949036;SPRF-RO;DEL01-RO;UOP03-DEL01-RO
714640;28/08/2025;quinta-feira;21:55:00;MG;40;731,6;SANTOS DUMONT;Velocidade Incompatível;Capotamento;Com Vítimas Feridas;Plena Noite;Crescente;Céu Claro;Dupla;"Declive;Curva";Não;1;0;1;0;0;0;1;1;-21,365664;-43,57764;SPRF-MG;DEL05-MG;UOP01-DEL05-MG
714641;28/08/2025;quinta-feira;22:00:00;MG;40;663;CARANDAI;Ausência de reação do condutor;Saída de leito carroçável;Sem Vítimas;Plena Noite;Crescente;Céu Claro;Simples;"Reta;Aclive";Não;1;0;0;0;1;0;0;1;-20,9513276;-43,8015978;SPRF-MG;DEL05-MG;UOP02-DEL05-MG
714642;28/08/2025;quinta-feira;22:15:00;SP;116;157,7;SAO JOSE DOS CAMPOS;Condutor deixou de manter distância do veículo da frente;Engavetamento;Com Vítimas Feridas;Plena Noite;Crescente;Céu Claro;Dupla;"Declive;Reta;Em Obras";Não;3;0;1;0;2;0;1;3;-23,25631001;-45,94688416;SPRF-SP;DEL02-SP;UOP01-DEL02-SP
714643;21/08/2025;quinta-feira;11:50:00;MG;40;629;CONSELHEIRO LAFAIETE;Velocidade Incompatível;Atropelamento de Pedestre;Com Vítimas Feridas;Pleno dia;Decrescente;Sol;Simples;"Aclive;Reta";Sim;3;0;1;1;0;1;2;2;-20,65314536;-43,80882025;SPRF-MG;DEL05-MG;UOP02-DEL05-MG
714645;28/08/2025;quinta-feira;13:00:00;MT;364;398;CUIABA;Reação tardia ou ineficiente do condutor;Queda de ocupante de veículo;Com Vítimas Feridas;Pleno dia;Crescente;Céu Claro;Dupla;Reta;Sim;1;0;1;0;0;0;1;1;-15,66845377;-55,95502889;SPRF-MT;DEL01-MT;UOP02-DEL01-MT
714646;28/08/2025;quinta-feira;18:20:00;RS;285;571;SAO LUIZ GONZAGA;Desrespeitar a preferência no cruzamento;Colisão transversal;Com Vítimas Feridas;Plena Noite;Crescente;Ignorado;Simples;"Reta;Interseção de Vias";Sim;2;0;1;0;1;0;1;2;-28,4139972;-54,98869228;SPRF-RS;DEL12-RS;UOP01-DEL12-RS
714652;28/08/2025;quinta-feira;23:30:00;RS;472;173,9;SANTA ROSA;Velocidade Incompatível;Colisão traseira;Com Vítimas Feridas;Plena Noite;Crescente;Céu Claro;Simples;Reta;Sim;3;0;0;2;1;0;2;2;-27,857851;-54,504524;SPRF-RS;DEL10-RS;UOP01-DEL10-RS
714655;28/08/2025;quinta-feira;23:40:00;SC;101;284,7;IMBITUBA;Ausência de reação do condutor;Tombamento;Com Vítimas Feridas;Plena Noite;Crescente;Ignorado;Dupla;"Curva;Interseção de Vias";Sim;1;0;0;1;0;0;1;1;-28,23664944;-48,70065451;SPRF-SC;DEL02-SC;UOP03-DEL02-SC
714656;28/08/2025;quinta-feira;23:40:00;SC;101;275,4;IMBITUBA;Reação tardia ou ineficiente do condutor;Colisão com objeto;Com Vítimas Feridas;Plena Noite;Decrescente;Céu Claro;Múltipla;Reta;Sim;1;0;1;0;0;0;1;1;-28,14540703;-48,69182467;SPRF-SC;DEL02-SC;UOP03-DEL02-SC
714659;28/08/2025;quinta-feira;17:00:00;SC;470;32;GASPAR;Ausência de reação do condutor;Colisão traseira;Sem Vítimas;Pleno dia;Crescente;Sol;Dupla;Reta;Não;2;0;0;0;2;0;0;2;-26,89361502;-48,89898174;SPRF-SC;DEL04-SC;UOP01-DEL04-SC
714660;28/08/2025;quinta-feira;23:32:00;MS;163;7,7;MUNDO NOVO;Objeto estático sobre o leito carroçável;Colisão com objeto;Sem Vítimas;Plena Noite;Crescente;Céu Claro;Simples;Reta;Não;1;0;0;0;0;1;0;1;-23,996698;-54,326728;SPRF-MS;DEL09-MS;UOP02-DEL09-MS
714661;28/08/2025;quinta-feira;22:40:00;SC;116;144,9;SANTA CECILIA;Ausência de reação do condutor;Colisão com objeto;Sem Vítimas;Plena Noite;Crescente;Nublado;Simples;Retorno Regulamentado;Não;1;0;0;0;1;0;0;1;-26,99566;-50,404564;SPRF-SC;DEL06-SC;UOP02-DEL06-SC
714663;29/08/2025;sexta-feira;00:50:00;PR;277;466,1;LARANJEIRAS DO SUL;Ingestão de álcool pelo condutor;Saída de leito carroçável;Sem Vítimas;Plena Noite;Decrescente;Céu Claro;Simples;Reta;Não;1;0;0;0;1;0;0;1;-25,338272;-52,502154;SPRF-PR;DEL04-PR;UOP02-DEL04-PR
714664;29/08/2025;sexta-feira;01:40:00;DF;20;3,7;BRASILIA;Ausência de reação do condutor;Saída de leito carroçável;Com Vítimas Feridas;Plena Noite;Crescente;Céu Claro;Dupla;"Declive;Curva";Não;1;0;1;0;0;0;1;1;-15,5822075;-47,5357391;SPRF-DF;DEL02-DF;UOP01-DEL02-DF
714665;29/08/2025;sexta-feira;01:35:00;MT;70;1,3;BARRA DO GARCAS;Transitar na contramão;Colisão transversal;Com Vítimas Feridas;Plena Noite;Crescente;Céu Claro;Simples;Reta;Não;3;0;1;1;1;0;2;2;-15,8880327;-52,2675378;SPRF-MT;DEL07-MT;UOP01-DEL07-MT
714666;29/08/2025;sexta-feira;02:50:00;PR;376;262,5;CALIFORNIA;Ausência de reação do condutor;Colisão com objeto;Com Vítimas Feridas;Plena Noite;Crescente;Céu Claro;Dupla;Reta;Não;1;0;0;1;0;0;1;1;-23,7073995;-51,32383347;SPRF-PR;DEL07-PR;UOP03-DEL07-PR
714667;29/08/2025;sexta-feira;02:30:00;MG;381;916;CAMANDUCAIA;Condutor Dormindo;Colisão com objeto;Sem Vítimas;Plena Noite;Decrescente;Céu Claro;Dupla;Reta;Não;1;0;0;0;1;0;0;1;-22,73948821;-46,13756562;SPRF-MG;DEL16-MG;UOP03-DEL16-MG
714668;29/08/2025;sexta-feira;03:20:00;RS;116;248;SAO LEOPOLDO;Ingestão de álcool pelo condutor;Colisão com objeto;Com Vítimas Feridas;Plena Noite;Decrescente;Céu Claro;Múltipla;"Reta;Viaduto";Sim;1;0;1;0;0;0;1;1;-29,77500205;-51,15480658;SPRF-RS;DEL01-RS;UOP02-DEL01-RS
714670;29/08/2025;sexta-feira;02:55:00;PR;277;71;SAO JOSE DOS PINHAIS;Condutor Dormindo;Colisão traseira;Com Vítimas Feridas;Plena Noite;Decrescente;Nublado;Dupla;Reta;Não;3;0;1;1;1;0;2;2;-25,50953812;-49,13277833;SPRF-PR;DEL01-PR;UOP07-DEL01-PR
714671;29/08/2025;sexta-feira;05:32:00;GO;153;515,2;APARECIDA DE GOIANIA;Reação tardia ou ineficiente do condutor;Atropelamento de Animal;Com Vítimas Feridas;Amanhecer;Decrescente;Céu Claro;Dupla;Reta;Sim;1;0;0;1;0;0;1;1;-16,8333664;-49,243551;SPRF-GO;DEL01-GO;UOP03-DEL01-GO
714672;29/08/2025;sexta-feira;04:00:00;MT;163;54,9;ITIQUIRA;Ausência de reação do condutor;Colisão frontal;Com Vítimas Feridas;Amanhecer;Crescente;Nublado;Dupla;"Curva;Ponte";Não;1;0;1;0;0;0;1;1;-17,12363238;-54,7391063;SPRF-MT;DEL02-MT;UOP03-DEL02-MT
714673;29/08/2025;sexta-feira;04:55:00;GO;153;514;APARECIDA DE GOIANIA;Acessar a via sem observar a presença dos outros veículos;Colisão transversal;Com Vítimas Feridas;Amanhecer;Decrescente;Nublado;Dupla;Interseção de Vias;Sim;3;0;1;0;2;0;1;2;-16,826827;-49,242112;SPRF-GO;DEL01-GO;UOP03-DEL01-GO
714674;29/08/2025;sexta-feira;05:35:00;RJ;116;112;GUAPIMIRIM;Entrada inopinada do pedestre;Atropelamento de Pedestre;Com Vítimas Fatais;Amanhecer;Decrescente;Céu Claro;Dupla;Reta;Não;2;1;0;0;1;0;0;2;-22,55885456;-42,99636841;SPRF-RJ;DEL04-RJ;UOP02-DEL04-RJ
714675;29/08/2025;sexta-feira;05:30:00;ES;259;30;COLATINA;Condutor Dormindo;Colisão frontal;Com Vítimas Feridas;Amanhecer;Crescente;Céu Claro;Simples;Curva;Não;3;0;3;0;0;0;3;2;-19,5919364;-40,5087476;SPRF-ES;DEL02-ES;UOP01-DEL02-ES
714676;29/08/2025;sexta-feira;05:45:00;PR;277;597,2;CASCAVEL;Pedestre andava na pista;Atropelamento de Pedestre;Com Vítimas Feridas;Amanhecer;Crescente;Céu Claro;Simples;Reta;Sim;2;0;1;0;1;0;1;2;-24,99536312;-53,51415336;SPRF-PR;DEL04-PR;UOP01-DEL04-PR
714678;29/08/2025;sexta-feira;01:50:00;MG;40;745,8;SANTOS DUMONT;Animais na Pista;Atropelamento de Animal;Com Vítimas Feridas;Plena Noite;Crescente;Nublado;Simples;Curva;Não;2;0;1;0;1;0;1;1;-21,47;-43,554;SPRF-MG;DEL05-MG;UOP01-DEL05-MG
714680;29/08/2025;sexta-feira;06:20:00;PR;277;697;SAO MIGUEL DO IGUACU;Ausência de reação do condutor;Capotamento;Com Vítimas Feridas;Pleno dia;Crescente;Céu Claro;Dupla;Declive;Não;4;0;0;1;3;0;1;1;-25,39118703;-54,30335999;SPRF-PR;DEL05-PR;UOP01-DEL05-PR
714681;29/08/2025;sexta-feira;06:30:00;MG;116;708;SAO JOAO DO MANHUACU;Acessar a via sem observar a presença dos outros veículos;Colisão traseira;Com Vítimas Feridas;Pleno dia;Crescente;Céu Claro;Simples;"Reta;Interseção de Vias";Não;2;0;1;0;1;0;1;2;-20,435552;-42,163953;SPRF-MG;DEL07-MG;UOP02-DEL07-MG
714683;29/08/2025;sexta-feira;02:00:00;MG;381;491;BETIM;Ausência de reação do condutor;Queda de ocupante de veículo;Com Vítimas Feridas;Pleno dia;Decrescente;Céu Claro;Dupla;Reta;Não;1;0;1;0;0;0;1;1;-19,96173215;-44,15473938;SPRF-MG;DEL01-MG;UOP03-DEL01-MG
714684;28/08/2025;quinta-feira;20:30:00;MG;50;14;ARAGUARI;Velocidade Incompatível;Saída de leito carroçável;Sem Vítimas;Pleno dia;Decrescente;Céu Claro;Dupla;"Retorno Regulamentado;Curva";Não;1;0;0;0;1;0;0;1;-18,54405598;-48,0493927;SPRF-MG;DEL15-MG;UOP02-DEL15-MG
714687;09/08/2025;sábado;22:10:00;RN;101;104;PARNAMIRIM;Manobra de mudança de faixa;Colisão lateral mesmo sentido;Com Vítimas Feridas;Plena Noite;Crescente;Nublado;Dupla;"Viaduto;Curva";Sim;3;0;2;0;0;1;2;2;-5,89189722;-35,25873415;SPRF-RN;DEL01-RN;UOP01-DEL01-RN