id;data_inversa;dia_semana;horario;uf;br;km;municipio;causa_acidente;tipo_acidente;classificacao_acidente;fase_dia;sentido_via;condicao_metereologica;tipo_pista;tracado_via;uso_solo;pessoas;mortos;feridos_leves;feridos_graves;ilesos;ignorados;feridos;veiculos;latitude;longitude;regional;delegacia;uop
714688;27/08/2025;quarta-feira;16:20:00;RN;101;104;PARNAMIRIM;Condutor deixou de manter distância do veículo da frente;Colisão traseira;Com Vítimas Feridas;Pleno dia;Crescente;Céu Claro;Dupla;Reta;Sim;4;0;3;0;1;0;3;3;-5,894865;-35,257868;SPRF-RN;DEL01-RN;UOP01-DEL01-RN
714689;27/08/2025;quarta-feira;16:20:00;RN;101;104;PARNAMIRIM;Condutor deixou de manter distância do veículo da frente;Colisão traseira;Com Vítimas Feridas;Pleno dia;Crescente;Céu Claro;Múltipla;Reta;Sim;2;0;1;0;1;0;1;2;-5,89487709;-35,25810884;SPRF-RN;DEL01-RN;UOP01-DEL01-RN
714690;27/08/2025;quarta-feira;15:20:00;RN;101;95;NATAL;Ingestão de álcool pelo condutor;Colisão com objeto;Sem Vítimas;Pleno dia;Decrescente;Céu Claro;Múltipla;"Viaduto;Reta";Sim;1;0;0;0;1;0;0;1;-5,84699998;-35,20821975;SPRF-RN;DEL01-RN;UOP01-DEL01-RN
714692;29/08/2025;sexta-feira;06:50:00;PR;476;150,5;ARAUCARIA;Ausência de reação do condutor;Saída de leito carroçável;Com Vítimas Feridas;Amanhecer;Crescente;Nublado;Dupla;Reta;Não;1;0;1;0;0;0;1;1;-25,5622053;-49,3730671;SPRF-PR;DEL01-PR;UOP06-DEL01-PR
714693;29/08/2025;sexta-feira;07:40:00;RS;116;250;SAO LEOPOLDO;Ausência de reação do condutor;Colisão traseira;Com Vítimas Feridas;Pleno dia;Crescente;Nublado;Múltipla;Reta;Sim;2;0;0;1;1;0;1;2;-29,789305;-51,163883;SPRF-RS;DEL01-RS;UOP02-DEL01-RS
714694;29/08/2025;sexta-feira;07:20:00;PR;158;516,6;PATO BRANCO;Ultrapassagem Indevida;Colisão frontal;Com Vítimas Feridas;Pleno dia;Decrescente;Céu Claro;Simples;"Aclive;Curva";Não;3;0;0;1;2;0;1;3;-26,089092;-52,643423;SPRF-PR;DEL02-PR;UOP01-DEL02-PR
714695;29/08/2025;sexta-feira;07:10:00;PR;369;505,8;CASCAVEL;Acessar a via sem observar a presença dos outros veículos;Colisão lateral mesmo sentido;Com Vítimas Feridas;Pleno dia;Decrescente;Céu Claro;Simples;Reta;Sim;2;0;0;1;1;0;1;2;-24,94608742;-53,3981437;SPRF-PR;DEL04-PR;UOP01-DEL04-PR
714697;29/08/2025;sexta-feira;07:50:00;GO;70;1;AGUAS LINDAS DE GOIAS;Manobra de mudança de faixa;Colisão lateral mesmo sentido;Com Vítimas Feridas;Pleno dia;Decrescente;Sol;Múltipla;"Curva;Declive";Sim;2;0;1;0;1;0;1;2;-15,768597;-48,229937;SPRF-DF;DEL03-DF;UOP02-DEL03-DF
714698;20/08/2025;quarta-feira;18:00:00;MG;262;0,5;MARTINS SOARES;Animais na Pista;Atropelamento de Animal;Com Vítimas Feridas;Plena Noite;Crescente;Céu Claro;Simples;Reta;Não;2;0;1;0;1;0;1;2;-20,27613276;-41,77911061;SPRF-MG;DEL06-MG;UOP03-DEL06-MG
714701;29/08/2025;sexta-feira;07:45:00;SP;116;143;SAO JOSE DOS CAMPOS;Condutor deixou de manter distância do veículo da frente;Colisão traseira;Com Vítimas Feridas;Pleno dia;Crescente;Céu Claro;Múltipla;Reta;Não;2;0;1;0;1;0;1;2;-23,17594065;-45,83309412;SPRF-SP;DEL02-SP;UOP01-DEL02-SP
714703;29/08/2025;sexta-feira;08:20:00;PE;101;73;RECIFE;Reação tardia ou ineficiente do condutor;Tombamento;Com Vítimas Feridas;Pleno dia;Decrescente;Nublado;Dupla;Reta;Sim;2;0;2;0;0;0;2;1;-8,09522;-34,94877;SPRF-PE;DEL01-PE;UOP01-DEL01-PE
714704;21/07/2025;segunda-feira;02:00:00;RS;392;67;PELOTAS;Ausência de reação do condutor;Tombamento;Sem Vítimas;Plena Noite;Crescente;Nublado;Simples;Reta;Não;2;0;0;0;0;2;0;1;-31,5352708;-52,40349166;SPRF-RS;DEL07-RS;UOP01-DEL07-RS
714705;29/08/2025;sexta-feira;07:45:00;PI;343;266,5;CAMPO MAIOR;Animais na Pista;Tombamento;Com Vítimas Feridas;Pleno dia;Crescente;Céu Claro;Simples;Reta;Sim;2;0;0;1;0;1;1;2;-4,83961324;-42,17721105;SPRF-PI;DEL01-PI;UOP03-DEL01-PI
714707;29/08/2025;sexta-feira;07:45:00;PB;230;135,6;CAMPINA GRANDE;Reação tardia ou ineficiente do condutor;Saída de leito carroçável;Com Vítimas Feridas;Pleno dia;Crescente;Céu Claro;Dupla;Curva;Não;4;0;4;0;0;0;4;1;-7,28195092;-35,76803685;SPRF-PB;DEL02-PB;UOP01-DEL02-PB
714709;29/08/2025;sexta-feira;08:35:00;PB;101;87,2;JOAO PESSOA;Ausência de reação do condutor;Tombamento;Com Vítimas Feridas;Pleno dia;Decrescente;Chuva;Dupla;Reta;Não;4;0;3;0;1;0;3;3;-7,15849169;-34,90634171;SPRF-PB;DEL01-PB;UOP01-DEL01-PB
714710;29/08/2025;sexta-feira;08:30:00;DF;70;13,9;BRASILIA;Condutor deixou de manter distância do veículo da frente;Colisão traseira;Com Vítimas Feridas;Pleno dia;Decrescente;Céu Claro;Dupla;Reta;Sim;2;0;0;1;1;0;1;2;-15,798857;-48,186294;SPRF-DF;DEL03-DF;UOP02-DEL03-DF
714711;29/08/2025;sexta-feira;08:05:00;CE;116;42;HORIZONTE;Acessar a via sem observar a presença dos outros veículos;Colisão lateral mesmo sentido;Com Vítimas Feridas;Pleno dia;Decrescente;Céu Claro;Múltipla;"Reta;Interseção de Vias;Retorno Regulamentado";Sim;2;0;1;0;1;0;1;2;-4,113806;-38,489695;SPRF-CE;DEL01-CE;UOP02-DEL01-CE
714713;29/08/2025;sexta-feira;09:00:00;PI;343;470;ANGICAL DO PIAUI;Acessar a via sem observar a presença dos outros veículos;Colisão transversal;Com Vítimas Feridas;Pleno dia;Crescente;Céu Claro;Dupla;Interseção de Vias;Não;2;0;2;0;0;0;2;2;-6,09602187;-42,72385094;SPRF-PI;DEL01-PI;UOP02-DEL01-PI
714714;29/08/2025;sexta-feira;08:30:00;RJ;101;556,8;PARATY;Avarias e/ou desgaste excessivo no pneu;Capotamento;Com Vítimas Feridas;Pleno dia;Crescente;Céu Claro;Simples;Curva;Não;1;0;1;0;0;0;1;1;-23,081;-44,695;SPRF-RJ;DEL03-RJ;UOP04-DEL03-RJ
714715;10/02/2025;segunda-feira;13:30:00;MG;262;797,2;UBERABA;Ultrapassagem Indevida;Colisão frontal;Com Vítimas Feridas;Pleno dia;Decrescente;Sol;Simples;"Reta;Declive";Não;6;0;6;0;0;0;6;2;-19,77457655;-47,91782766;SPRF-MG;DEL13-MG;UOP01-DEL13-MG
714716;29/08/2025;sexta-feira;07:10:00;BA;324;588;CANDEIAS;Reação tardia ou ineficiente do condutor;Engavetamento;Com Vítimas Feridas;Pleno dia;Crescente;Céu Claro;Dupla;Reta;Não;4;0;1;0;3;0;1;3;-12,66628391;-38,47052693;SPRF-BA;DEL01-BA;UOP01-DEL01-BA
714717;23/07/2025;quarta-feira;11:30:00;MA;135;18;SAO LUIS;Reação tardia ou ineficiente do condutor;Saída de leito carroçável;Com Vítimas Feridas;Pleno dia;Crescente;Céu Claro;Dupla;Rotatória;Não;1;0;1;0;0;0;1;1;-2,71590143;-44,32035344;SPRF-MA;DEL01-MA;UOP01-DEL01-MA
714718;29/08/2025;sexta-feira;09:45:00;PR;116;29;CAMPINA GRANDE DO SUL;Transitar no Acostamento;Colisão traseira;Sem Vítimas;Pleno dia;Crescente;Nublado;Dupla;Reta;Não;2;0;0;0;2;0;0;2;-25,17384364;-48,86830028;SPRF-PR;DEL01-PR;UOP02-DEL01-PR
714720;29/08/2025;sexta-feira;08:30:00;SC;101;87;BARRA VELHA;Ausência de reação do condutor;Tombamento;Com Vítimas Feridas;Pleno dia;Crescente;Nublado;Dupla;"Declive;Curva";Sim;1;0;1;0;0;0;1;1;-26,64146047;-48,69376123;SPRF-SC;DEL03-SC;UOP02-DEL03-SC
714721;29/08/2025;sexta-feira;07:00:00;MT;163;686;LUCAS DO RIO VERDE;Acessar a via sem observar a presença dos outros veículos;Colisão transversal;Sem Vítimas;Pleno dia;Decrescente;Sol;Dupla;"Reta;Interseção de Vias";Sim;3;0;0;0;3;0;0;2;-13,08003;-55,938023;SPRF-MT;DEL06-MT;UOP01-DEL06-MT
714724;29/08/2025;sexta-feira;07:05:00;RJ;493;16;GUAPIMIRIM;Ausência de reação do condutor;Colisão transversal;Com Vítimas Feridas;Amanhecer;Crescente;Nublado;Simples;Reta;Não;2;0;1;0;1;0;1;2;-22,66597704;-43,00426483;SPRF-RJ;DEL04-RJ;UOP02-DEL04-RJ
714725;25/08/2025;segunda-feira;04:30:00;BA;101;333;PRESIDENTE TANCREDO NEVES;Transitar na contramão;Colisão frontal;Com Vítimas Feridas;Amanhecer;Crescente;Garoa/Chuvisco;Simples;Reta;Não;2;0;0;1;1;0;1;2;-13,48424977;-39,42383742;SPRF-BA;DEL05-BA;UOP03-DEL05-BA
714727;29/08/2025;sexta-feira;11:00:00;PE;232;128;CARUARU;Reação tardia ou ineficiente do condutor;Colisão lateral mesmo sentido;Com Vítimas Feridas;Pleno dia;Decrescente;Nublado;Múltipla;"Aclive;Reta";Sim;4;0;3;0;1;0;3;2;-8,30453687;-35,97171164;SPRF-PE;DEL02-PE;UOP03-DEL02-PE
714728;29/08/2025;sexta-feira;11:30:00;RN;304;302;MACAIBA;Demais falhas mecânicas ou elétricas;Tombamento;Com Vítimas Feridas;Pleno dia;Crescente;Céu Claro;Dupla;Reta;Não;2;0;1;1;0;0;2;2;-5,8794652;-35,2955801;SPRF-RN;DEL01-RN;UOP02-DEL01-RN
714729;08/08/2025;sexta-feira;14:25:00;CE;116;6;FORTALEZA;Ausência de reação do condutor;Engavetamento;Com Vítimas Feridas;Pleno dia;Crescente;Céu Claro;Múltipla;Reta;Sim;5;0;2;0;3;0;2;3;-3,803494;-38,5038;SPRF-CE;DEL01-CE;UOP02-DEL01-CE
714731;07/06/2025;sábado;16:48:00;TO;242;293;PEIXE;Ausência de reação do condutor;Saída de leito carroçável;Com Vítimas Feridas;Pleno dia;Crescente;Céu Claro;Simples;Curva;Não;1;0;0;1;0;0;1;1;-12,2237674;-48,47311306;SPRF-TO;DEL01-TO;UOP02-DEL01-TO
714732;29/08/2025;sexta-feira;10:43:00;ES;0;0;VILA VELHA;Trafegar com motocicleta (ou similar) entre as faixas;Colisão lateral mesmo sentido;Sem Vítimas;Pleno dia;Não Informado;Céu Claro;Múltipla;Reta;Sim;4;0;0;0;4;0;0;4;-20,33359172;-40,29144323;SPRF-ES;N/A;N/A
714735;29/08/2025;sexta-feira;11:45:00;SE;101;150;ESTANCIA;Condutor deixou de manter distância do veículo da frente;Colisão traseira;Com Vítimas Feridas;Pleno dia;Decrescente;Céu Claro;Simples;Reta;Não;3;0;1;0;2;0;1;3;-11,26292866;-37,44150281;SPRF-SE;DEL02-SE;UOP01-DEL02-SE
714736;29/08/2025;sexta-feira;12:15:00;SC;101;216,1;PALHOCA;Trafegar com motocicleta (ou similar) entre as faixas;Colisão lateral mesmo sentido;Com Vítimas Feridas;Pleno dia;Crescente;Nublado;Múltipla;Reta;Sim;2;0;1;0;1;0;1;2;-27,66111799;-48,67706029;SPRF-SC;DEL01-SC;UOP02-DEL01-SC
714737;29/08/2025;sexta-feira;11:05:00;GO;153;196;URUACU;Acessar a via sem observar a presença dos outros veículos;Colisão transversal;Com Vítimas Feridas;Pleno dia;Decrescente;Céu Claro;Simples;"Reta;Retorno Regulamentado";Não;4;0;2;0;2;0;2;2;-14,47638238;-49,15527821;SPRF-GO;DEL07-GO;UOP02-DEL07-GO
714738;05/08/2025;terça-feira;19:38:00;PR;277;79;CURITIBA;Ausência de reação do condutor;Colisão traseira;Com Vítimas Feridas;Plena Noite;Decrescente;Ignorado;Dupla;Curva;Não;3;0;1;0;1;1;1;2;-25,476121;-49,207104;SPRF-PR;DEL01-PR;UOP07-DEL01-PR
714739;13/07/2025;domingo;16:30:00;TO;153;634,1;CRIXAS DO TOCANTINS;Transitar na contramão;Colisão frontal;Com Vítimas Feridas;Pleno dia;Crescente;Céu Claro;Simples;Reta;Não;3;0;0;2;1;0;2;2;-11,20366147;-48,93070221;SPRF-TO;DEL01-TO;UOP02-DEL01-TO
714740;29/08/2025;sexta-feira;13:00:00;RS;386;435;NOVA SANTA RITA;Reação tardia ou ineficiente do condutor;Colisão traseira;Com Vítimas Feridas;Pleno dia;Crescente;Céu Claro;Dupla;Rotatória;Não;2;0;1;0;1;0;1;2;-29,84794387;-51,27118617;SPRF-RS;DEL04-RS;UOP02-DEL04-RS
714741;29/08/2025;sexta-feira;12:20:00;SC;101;119,9;ITAJAI;Ausência de reação do condutor;Colisão lateral mesmo sentido;Com Vítimas Feridas;Pleno dia;Crescente;Céu Claro;Dupla;Reta;Sim;2;0;1;0;0;1;1;2;-26,9108733;-48,71261147;SPRF-SC;DEL04-SC;UOP04-DEL04-SC
714742;18/07/2025;sexta-feira;08:05:00;PR;116;16;COLOMBO;Reação tardia ou ineficiente do condutor;Colisão lateral mesmo sentido;Com Vítimas Feridas;Pleno dia;Decrescente;Ignorado;Múltipla;Reta;Sim;2;0;1;0;1;0;1;2;-25,3781175;-49,1555697;SPRF-PR;DEL01-PR;UOP02-DEL01-PR
714743;29/08/2025;sexta-feira;10:30:00;GO;80;170;URUACU;Transitar na contramão;Colisão lateral sentido oposto;Com Vítimas Feridas;Pleno dia;Decrescente;Céu Claro;Simples;Reta;Não;3;0;1;0;2;0;1;2;-14,69589368;-49,11744118;SPRF-GO;DEL07-GO;UOP02-DEL07-GO
714745;29/08/2025;sexta-feira;13:20:00;GO;414;362;COCALZINHO DE GOIAS;Ausência de reação do condutor;Saída de leito carroçável;Com Vítimas Feridas;Pleno dia;Crescente;Céu Claro;Simples;"Aclive;Curva";Não;1;0;1;0;0;0;1;1;-15,72532546;-48,70604706;SPRF-GO;DEL02-GO;UOP01-DEL02-GO
714747;29/08/2025;sexta-feira;13:00:00;PR;369;201;APUCARANA;Acessar a via sem observar a presença dos outros veículos;Colisão lateral mesmo sentido;Com Vítimas Feridas;Pleno dia;Crescente;Céu Claro;Simples;"Interseção de Vias;Curva;Aclive";Sim;2;0;1;0;1;0;1;2;-23,541292;-51,45643;SPRF-PR;DEL07-PR;UOP03-DEL07-PR
714749;29/08/2025;sexta-feira;12:00:00;BA;116;135;CANUDOS;Ausência de reação do condutor;Saída de leito carroçável;Com Vítimas Feridas;Pleno dia;Crescente;Sol;Simples;Reta;Não;1;0;1;0;0;0;1;1;-9,792136;-39,142661;SPRF-BA;DEL07-BA;UOP03-DEL07-BA
714750;29/08/2025;sexta-feira;13:20:00;PR;277;7;PARANAGUA;Reação tardia ou ineficiente do condutor;Atropelamento de Pedestre;Com Vítimas Feridas;Pleno dia;Crescente;Céu Claro;Simples;Reta;Sim;2;0;2;0;0;0;2;2;-25,509303;-48,518288;SPRF-PR;DEL01-PR;UOP05-DEL01-PR
714751;29/08/2025;sexta-feira;13:40:00;PR;163;76,3;PLANALTO;Acesso irregular;Colisão transversal;Com Vítimas Feridas;Pleno dia;Decrescente;Céu Claro;Simples;Curva;Não;3;0;2;0;1;0;2;2;-25,749677;-53,797927;SPRF-PR;DEL02-PR;UOP02-DEL02-PR
714752;29/08/2025;sexta-feira;11:45:00;SC;282;525;XAXIM;Condutor deixou de manter distância do veículo da frente;Colisão traseira;Com Vítimas Feridas;Pleno dia;Crescente;Céu Claro;Simples;Curva;Não;2;0;1;0;1;0;1;2;-26,96459269;-52,56505251;SPRF-SC;DEL07-SC;UOP01-DEL07-SC
714753;25/07/2025;sexta-feira;12:00:00;MG;381;414;CAETE;Ausência de reação do condutor;Colisão com objeto;Com Vítimas Feridas;Pleno dia;Crescente;Sol;Dupla;"Curva;Viaduto;Retorno Regulamentado";Sim;2;0;2;0;0;0;2;1;-19,94253056;-43,64404678;SPRF-MG;DEL01-MG;UOP01-DEL01-MG
714757;29/08/2025;sexta-feira;14:20:00;PE;101;40;IGARASSU;Ingestão de álcool pelo condutor;Colisão lateral mesmo sentido;Com Vítimas Feridas;Pleno dia;Crescente;Céu Claro;Dupla;Reta;Sim;3;0;1;0;2;0;1;2;-7,82821;-34,914938;SPRF-PE;DEL01-PE;UOP02-DEL01-PE
714759;29/08/2025;sexta-feira;13:00:00;PI;343;4,2;TERESINA;Entrada inopinada do pedestre;Atropelamento de Pedestre;Com Vítimas Feridas;Pleno dia;Crescente;Sol;Múltipla;Reta;Sim;2;0;1;1;0;0;2;2;-5,080187;-42,788613;SPRF-PI;DEL01-PI;UOP01-DEL01-PI
714761;29/08/2025;sexta-feira;13:49:00;ES;101;296;CARIACICA;Reação tardia ou ineficiente do condutor;Colisão com objeto;Com Vítimas Feridas;Pleno dia;Crescente;Sol;Simples;"Curva;Aclive;Viaduto";Sim;1;0;1;0;0;0;1;1;-20,342795;-40,406188;SPRF-ES;DEL01-ES;UOP01-DEL01-ES
714764;18/06/2025;quarta-feira;22:15:00;TO;153;674;GURUPI;Transitar na contramão;Colisão frontal;Com Vítimas Fatais;Plena Noite;Crescente;Céu Claro;Dupla;"Reta;Aclive";Não;3;1;0;0;2;0;0;2;-11,76452027;-49,099617;SPRF-TO;DEL01-TO;UOP02-DEL01-TO
714766;29/08/2025;sexta-feira;13:45:00;TO;235;163;PEDRO AFONSO;Acessar a via sem observar a presença dos outros veículos;Colisão transversal;Com Vítimas Feridas;Pleno dia;Crescente;Céu Claro;Simples;Reta;Sim;2;0;2;0;0;0;2;2;-8,99493568;-48,17354679;SPRF-TO;DEL02-TO;UOP02-DEL02-TO
714769;29/08/2025;sexta-feira;13:00:00;PE;423;60;LAJEDO;Ausência de reação do condutor;Colisão transversal;Com Vítimas Feridas;Pleno dia;Decrescente;Céu Claro;Simples;Curva;Sim;3;0;1;0;2;0;1;2;-8,656355;-36,322948;SPRF-PE;DEL03-PE;UOP01-DEL03-PE
714770;29/08/2025;sexta-feira;15:00:00;RJ;116;194;QUEIMADOS;Transitar na contramão;Colisão lateral sentido oposto;Com Vítimas Feridas;Pleno dia;Decrescente;Céu Claro;Dupla;Reta;Não;2;0;0;1;1;0;1;2;-22,72935255;-43,58102258;SPRF-RJ;DEL06-RJ;UOP01-DEL06-RJ
714772;29/08/2025;sexta-feira;15:30:00;MG;40;474,1;SETE LAGOAS;Ausência de reação do condutor;Tombamento;Com Vítimas Feridas;Pleno dia;Crescente;Nublado;Dupla;"Reta;Declive";Sim;1;0;1;0;0;0;1;1;-19,5137008;-44,2775114;SPRF-MG;DEL02-MG;UOP01-DEL02-MG
714773;29/08/2025;sexta-feira;14:15:00;MS;163;473,9;CAMPO GRANDE;Acessar a via sem observar a presença dos outros veículos;Colisão lateral mesmo sentido;Com Vítimas Feridas;Pleno dia;Decrescente;Céu Claro;Simples;"Declive;Reta";Sim;3;0;1;0;2;0;1;2;-20,52877217;-54,56693379;SPRF-MS;DEL01-MS;UOP01-DEL01-MS
714774;29/08/2025;sexta-feira;14:30:00;RS;386;8,1;IRAI;Condutor Dormindo;Saída de leito carroçável;Com Vítimas Feridas;Pleno dia;Crescente;Céu Claro;Simples;Curva;Não;1;0;1;0;0;0;1;1;-27,202562;-53,293832;SPRF-RS;DEL08-RS;UOP02-DEL08-RS
714776;29/08/2025;sexta-feira;15:20:00;SC;101;236;PALHOCA;Reação tardia ou ineficiente do condutor;Saída de leito carroçável;Com Vítimas Feridas;Pleno dia;Crescente;Nublado;Dupla;Curva;Não;2;0;1;0;1;0;1;1;-27,826912;-48,630833;SPRF-SC;DEL01-SC;UOP02-DEL01-SC
714777;29/08/2025;sexta-feira;15:20:00;RJ;101;209;CASIMIRO DE ABREU;Ausência de reação do condutor;Colisão traseira;Com Vítimas Feridas;Pleno dia;Decrescente;Garoa/Chuvisco;Simples;Curva;Sim;2;0;1;0;1;0;1;2;-22,481835;-42,226801;SPRF-RJ;DEL08-RJ;UOP04-DEL08-RJ
714778;29/08/2025;sexta-feira;14:30:00;MG;381;686,8;LAVRAS;Chuva;Colisão com objeto;Com Vítimas Feridas;Pleno dia;Decrescente;Chuva;Dupla;Reta;Não;2;0;2;0;0;0;2;1;-21,17721;-45,12461;SPRF-MG;DEL04-MG;UOP02-DEL04-MG
714779;29/08/2025;sexta-feira;10:00:00;PR;277;352;GUARAPUAVA;Reação tardia ou ineficiente do condutor;Colisão traseira;Com Vítimas Feridas;Pleno dia;Crescente;Céu Claro;Simples;"Reta;Aclive";Não;4;0;2;0;2;0;2;2;-25,39560923;-51,53091522;SPRF-PR;DEL08-PR;UOP01-DEL08-PR
714780;29/08/2025;sexta-feira;16:00:00;SC;101;164;TIJUCAS;Acumulo de areia ou detritos sobre o pavimento;Colisão com objeto;Com Vítimas Feridas;Pleno dia;Crescente;Nublado;Dupla;Reta;Não;1;0;0;1;0;0;1;1;-27,247323;-48,631107;SPRF-SC;DEL04-SC;UOP03-DEL04-SC
714783;29/08/2025;sexta-feira;13:00:00;MG;267;157,2;LIMA DUARTE;Condutor Dormindo;Saída de leito carroçável;Sem Vítimas;Pleno dia;Crescente;Céu Claro;Simples;"Declive;Curva";Não;5;0;0;0;5;0;0;1;-21,826347;-43,756208;SPRF-MG;DEL05-MG;UOP01-DEL05-MG
714785;29/08/2025;sexta-feira;16:20:00;SC;280;31,4;ARAQUARI;Condutor deixou de manter distância do veículo da frente;Colisão traseira;Com Vítimas Feridas;Pleno dia;Crescente;Céu Claro;Simples;Reta;Não;3;0;2;0;1;0;2;2;-26,417245;-48,775313;SPRF-SC;DEL03-SC;UOP03-DEL03-SC
714787;29/08/2025;sexta-feira;15:20:00;PE;232;67;GRAVATA;Reação tardia ou ineficiente do condutor;Saída de leito carroçável;Com Vítimas Feridas;Pleno dia;Crescente;Céu Claro;Dupla;Curva;Não;1;0;1;0;0;0;1;1;-8,17411025;-35,48274994;SPRF-PE;DEL02-PE;UOP02-DEL02PE
714788;29/08/2025;sexta-feira;16:26:00;ES;262;62,5;MARECHAL FLORIANO;Desrespeitar a preferência no cruzamento;Colisão transversal;Com Vítimas Feridas;Pleno dia;Crescente;Nublado;Simples;Reta;Não;2;0;0;1;1;0;1;2;-20,42211235;-40,80568882;SPRF-ES;DEL01-ES;UOP02-DEL01-ES
714790;29/08/2025;sexta-feira;16:45:00;RS;116;232,7;ESTANCIA VELHA;Acessar a via sem observar a presença dos outros veículos;Colisão transversal;Sem Vítimas;Pleno dia;Decrescente;Céu Claro;Simples;Curva;Sim;2;0;0;0;2;0;0;2;-29,637012;-51,142188;SPRF-RS;DEL01-RS;UOP02-DEL01-RS
714791;29/08/2025;sexta-feira;13:00:00;RJ;40;114;DUQUE DE CAXIAS;Manobra de mudança de faixa;Colisão lateral mesmo sentido;Com Vítimas Feridas;Pleno dia;Decrescente;Céu Claro;Múltipla;Reta;Sim;3;0;1;0;2;0;1;2;-22,72137651;-43,28941336;SPRF-RJ;DEL01-RJ;UOP02-DEL01-RJ
714792;29/08/2025;sexta-feira;11:30:00;RJ;493;20;MAGE;Conversão proibida;Colisão transversal;Com Vítimas Feridas;Pleno dia;Decrescente;Céu Claro;Simples;"Reta;Em Obras";Sim;2;0;0;1;1;0;1;2;-22,66470981;-43,03035736;SPRF-RJ;DEL04-RJ;UOP02-DEL04-RJ
714793;29/08/2025;sexta-feira;16:30:00;SC;101;202,9;SAO JOSE;Manobra de mudança de faixa;Colisão transversal;Com Vítimas Feridas;Pleno dia;Crescente;Nublado;Múltipla;"Reta;Interseção de Vias";Sim;2;0;0;1;1;0;1;2;-27,565291;-48,6149571;SPRF-SC;DEL01-SC;UOP01-DEL01-SC
714794;29/08/2025;sexta-feira;17:00:00;PR;277;130,9;CAMPO LARGO;Ausência de reação do condutor;Colisão transversal;Com Vítimas Feridas;Pleno dia;Crescente;Céu Claro;Simples;Reta;Não;3;0;1;0;1;1;1;2;-25,450002;-49,583211;SPRF-PR;DEL03-PR;UOP03-DEL03-PR
714795;29/08/2025;sexta-feira;16:05:00;MG;116;525,9;CARATINGA;Acessar a via sem observar a presença dos outros veículos;Colisão transversal;Com Vítimas Feridas;Pleno dia;Decrescente;Sol;Dupla;Rotatória;Sim;2;0;1;0;1;0;1;2;-19,779409;-42,133023;SPRF-MG;DEL06-MG;UOP02-DEL06-MG
714796;29/08/2025;sexta-feira;17:00:00;PR;373;244,7;GUAMIRANGA;Manobra de mudança de faixa;Colisão lateral sentido oposto;Com Vítimas Feridas;Pleno dia;Decrescente;Céu Claro;Simples;"Declive;Curva";Não;3;0;0;1;2;0;1;3;-25,19341667;-50,79063889;SPRF-PR;DEL03-PR;UOP01-DEL03-PR
714798;29/08/2025;sexta-feira;16:30:00;MG;381;584,1;CARMOPOLIS DE MINAS;Velocidade Incompatível;Capotamento;Com Vítimas Feridas;Pleno dia;Decrescente;Chuva;Dupla;Curva;Não;1;0;1;0;0;0;1;1;-20,47721805;-44,58475488;SPRF-MG;DEL04-MG;UOP01-DEL04-MG
714799;29/08/2025;sexta-feira;15:40:00;PI;316;105;PASSAGEM FRANCA DO PIAUI;Reação tardia ou ineficiente do condutor;Colisão traseira;Com Vítimas Feridas;Anoitecer;Crescente;Céu Claro;Simples;Reta;Sim;2;0;0;1;1;0;1;2;-5,856409;-42,443634;SPRF-PI;DEL04-PI;UOP02-DEL04-PI
714800;29/08/2025;sexta-feira;17:30:00;PI;343;8;PARNAIBA;Desrespeitar a preferência no cruzamento;Colisão transversal;Com Vítimas Feridas;Pleno dia;Decrescente;Céu Claro;Simples;"Reta;Interseção de Vias";Sim;2;0;0;1;1;0;1;2;-2,90008333;-41,728753;SPRF-PI;DEL05-PI;UOP01-DEL05-PI
714801;29/08/2025;sexta-feira;15:40:00;RJ;101;314;SAO GONCALO;Reação tardia ou ineficiente do condutor;Engavetamento;Com Vítimas Feridas;Pleno dia;Decrescente;Céu Claro;Dupla;Reta;Sim;5;0;1;0;4;0;1;4;-22,81780172;-43,07825089;SPRF-RJ;DEL02-RJ;UOP02-DEL02-RJ
714802;29/08/2025;sexta-feira;17:35:00;SC;101;132;BALNEARIO CAMBORIU;Ausência de reação do condutor;Colisão traseira;Com Vítimas Feridas;Pleno dia;Decrescente;Céu Claro;Múltipla;Reta;Sim;2;0;0;1;1;0;1;2;-26,99900903;-48,64692299;SPRF-SC;DEL04-SC;UOP03-DEL04-SC
714803;29/08/2025;sexta-feira;12:10:00;SP;101;14;UBATUBA;Avarias e/ou desgaste excessivo no pneu;Queda de ocupante de veículo;Com Vítimas Feridas;Pleno dia;Decrescente;Garoa/Chuvisco;Simples;Curva;Não;2;0;1;0;1;0;1;1;-23,34833806;-44,86796591;SPRF-SP;DEL06-SP;UOP01-DEL06-SP
714805;29/08/2025;sexta-feira;16:30:00;DF;70;13;BRASILIA;Acessar a via sem observar a presença dos outros veículos;Colisão transversal;Com Vítimas Feridas;Pleno dia;Decrescente;Céu Claro;Dupla;"Reta;Rotatória";Sim;2;0;0;1;1;0;1;2;-15,79645586;-48,17208445;SPRF-DF;DEL03-DF;UOP02-DEL03-DF