id;data_inversa;dia_semana;horario;uf;br;km;municipio;causa_acidente;tipo_acidente;classificacao_acidente;fase_dia;sentido_via;condicao_metereologica;tipo_pista;tracado_via;uso_solo;pessoas;mortos;feridos_leves;feridos_graves;ilesos;ignorados;feridos;veiculos;latitude;longitude;regional;delegacia;uop
714807;29/08/2025;sexta-feira;15:57:00;SP;116;59,6;GUARATINGUETA;Reação tardia ou ineficiente do condutor;Tombamento;Com Vítimas Feridas;Pleno dia;Crescente;Nublado;Dupla;"Reta;Em Obras";Não;1;0;1;0;0;0;1;1;-22,78881859;-45,15777254;SPRF-SP;DEL08-SP;UOP01-DEL08-SP
714808;29/08/2025;sexta-feira;13:29:00;PB;230;403;POMBAL;Velocidade Incompatível;Atropelamento de Pedestre;Com Vítimas Feridas;Pleno dia;Decrescente;Céu Claro;Simples;Reta;Sim;2;0;1;1;0;0;2;2;-6,773037;-37,797993;SPRF-PB;DEL03-PB;UOP02-DEL03-PB
714811;29/08/2025;sexta-feira;17:50:00;MG;116;635,9;DIVINO;Transitar na contramão;Colisão frontal;Com Vítimas Feridas;Anoitecer;Crescente;Chuva;Simples;Reta;Não;2;0;0;1;0;1;1;2;-20,62930826;-42,22713366;SPRF-MG;DEL07-MG;UOP02-DEL07-MG
714812;29/08/2025;sexta-feira;17:50:00;PR;116;121;CURITIBA;Reação tardia ou ineficiente do condutor;Colisão traseira;Com Vítimas Feridas;Anoitecer;Crescente;Nublado;Dupla;Reta;Sim;2;0;1;0;1;0;1;2;-25,59481674;-49,31629507;SPRF-PR;DEL01-PR;UOP03-DEL01-PR
714814;29/08/2025;sexta-feira;16:45:00;PR;277;406,4;CANDOI;Velocidade Incompatível;Colisão com objeto;Com Vítimas Feridas;Pleno dia;Crescente;Céu Claro;Simples;"Declive;Curva";Não;2;0;1;1;0;0;2;1;-25,424739;-52,013215;SPRF-PR;DEL04-PR;UOP02-DEL04-PR
714815;29/08/2025;sexta-feira;18:30:00;SP;116;215;GUARULHOS;Entrada inopinada do pedestre;Atropelamento de Pedestre;Com Vítimas Feridas;Plena Noite;Decrescente;Céu Claro;Múltipla;Reta;Sim;2;0;1;0;0;1;1;2;-23,450237;-46,461746;SPRF-SP;DEL01-SP;UOP01-DEL01-SP
714818;29/08/2025;sexta-feira;17:30:00;BA;116;17,2;VITORIA DA CONQUISTA;Pedestre cruzava a pista fora da faixa;Atropelamento de Pedestre;Com Vítimas Feridas;Plena Noite;Decrescente;Céu Claro;Simples;Curva;Sim;2;0;0;1;1;0;1;2;-14,902076;-40,840427;SPRF-BA;DEL08-BA;UOP01-DEL08-BA
714819;29/08/2025;sexta-feira;18:20:00;PB;230;156;CAMPINA GRANDE;Pista Escorregadia;Tombamento;Com Vítimas Feridas;Plena Noite;Crescente;Chuva;Simples;"Declive;Curva";Sim;2;0;2;0;0;0;2;1;-7,272351;-35,910207;SPRF-PB;DEL02-PB;UOP01-DEL02-PB
714821;29/08/2025;sexta-feira;19:00:00;SP;116;203;ARUJA;Reação tardia ou ineficiente do condutor;Queda de ocupante de veículo;Com Vítimas Feridas;Plena Noite;Decrescente;Céu Claro;Múltipla;Declive;Sim;1;0;1;0;0;0;1;1;-23,40336676;-46,3240698;SPRF-SP;DEL01-SP;UOP01-DEL01-SP
714822;29/08/2025;sexta-feira;18:30:00;SC;101;205;SAO JOSE;Ingestão de álcool pelo condutor;Colisão traseira;Sem Vítimas;Plena Noite;Decrescente;Céu Claro;Múltipla;Reta;Não;2;0;0;0;2;0;0;2;-27,591188;-48,606343;SPRF-SC;DEL01-SC;UOP01-DEL01-SC
714823;17/08/2025;domingo;17:20:00;MG;116;390;MATHIAS LOBATO;Ultrapassagem Indevida;Colisão frontal;Com Vítimas Fatais;Amanhecer;Decrescente;Céu Claro;Simples;Reta;Não;2;1;0;0;1;0;0;2;-18,59321265;-41,92485809;SPRF-MG;DEL06-MG;UOP01-DEL06-MG
714824;29/08/2025;sexta-feira;18:45:00;PB;230;27,9;JOAO PESSOA;Ausência de reação do condutor;Tombamento;Com Vítimas Feridas;Plena Noite;Crescente;Chuva;Dupla;"Declive;Curva";Não;2;0;1;0;0;1;1;1;-7,165137;-34,89893723;SPRF-PB;DEL01-PB;UOP01-DEL01-PB
714825;29/08/2025;sexta-feira;17:00:00;MG;381;601,7;CARMOPOLIS DE MINAS;Reação tardia ou ineficiente do condutor;Colisão com objeto;Sem Vítimas;Pleno dia;Decrescente;Chuva;Dupla;"Declive;Curva";Não;1;0;0;0;1;0;0;1;-20,60732736;-44,73182917;SPRF-MG;DEL04-MG;UOP01-DEL04-MG
714826;29/08/2025;sexta-feira;19:00:00;RN;101;96;NATAL;Condutor deixou de manter distância do veículo da frente;Colisão traseira;Com Vítimas Feridas;Plena Noite;Crescente;Céu Claro;Dupla;"Reta;Declive";Sim;3;0;1;0;2;0;1;2;-5,84228;-35,20998;SPRF-RN;DEL01-RN;UOP01-DEL01-RN
714827;29/08/2025;sexta-feira;19:00:00;RS;392;71,2;PELOTAS;Velocidade Incompatível;Tombamento;Com Vítimas Feridas;Plena Noite;Crescente;Nublado;Múltipla;"Viaduto;Interseção de Vias;Curva";Sim;1;0;1;0;0;0;1;1;-31,725697;-52,38664;SPRF-RS;DEL07-RS;UOP01-DEL07-RS
714828;29/08/2025;sexta-feira;18:44:00;PB;230;7;CABEDELO;Ausência de reação do condutor;Colisão com objeto;Com Vítimas Feridas;Plena Noite;Decrescente;Garoa/Chuvisco;Múltipla;"Reta;Em Obras";Sim;2;0;2;0;0;0;2;1;-7,029058;-34,839827;SPRF-PB;DEL01-PB;UOP01-DEL01-PB
714831;29/08/2025;sexta-feira;17:35:00;BA;324;616;SALVADOR;Manobra de mudança de faixa;Colisão lateral mesmo sentido;Com Vítimas Feridas;Pleno dia;Decrescente;Céu Claro;Múltipla;"Reta;Interseção de Vias";Sim;4;0;1;1;1;1;2;3;-12,888398;-38,441052;SPRF-BA;DEL01-BA;UOP01-DEL01-BA
714832;29/08/2025;sexta-feira;16:40:00;RJ;40;51;PETROPOLIS;Reação tardia ou ineficiente do condutor;Queda de ocupante de veículo;Com Vítimas Feridas;Pleno dia;Crescente;Chuva;Dupla;Reta;Não;1;0;1;0;0;0;1;1;-22,33192667;-43,13296792;SPRF-RJ;DEL05-RJ;UOP02-DEL05-RJ
714833;29/08/2025;sexta-feira;19:25:00;RJ;116;187;RIO DE JANEIRO;Ausência de reação do condutor;Colisão lateral mesmo sentido;Com Vítimas Feridas;Plena Noite;Crescente;Nublado;Dupla;Reta;Não;2;0;1;0;1;0;1;2;-22,804796;-43,3452565;SPRF-RJ;DEL06-RJ;UOP01-DEL06-RJ
714834;29/08/2025;sexta-feira;18:58:00;DF;40;5;BRASILIA;Reação tardia ou ineficiente do condutor;Colisão traseira;Com Vítimas Feridas;Plena Noite;Crescente;Céu Claro;Dupla;Reta;Sim;4;0;1;0;3;0;1;2;-16,01842595;-47,98141479;SPRF-DF;DEL01-DF;UOP01-DEL01-DF
714835;29/08/2025;sexta-feira;18:24:00;MG;40;515,6;RIBEIRAO DAS NEVES;Chuva;Tombamento;Com Vítimas Feridas;Plena Noite;Decrescente;Chuva;Dupla;"Reta;Aclive";Sim;1;0;0;1;0;0;1;1;-19,82291187;-44,08504486;SPRF-MG;DEL01-MG;UOP02-DEL01-MG
714837;29/08/2025;sexta-feira;18:30:00;ES;101;269,9;SERRA;Manobra de mudança de faixa;Colisão lateral mesmo sentido;Com Vítimas Feridas;Plena Noite;Crescente;Nublado;Múltipla;Interseção de Vias;Sim;2;0;1;0;1;0;1;2;-20,04887598;-40,3865263;SPRF-ES;DEL02-ES;UOP01-DEL02-ES
714839;29/08/2025;sexta-feira;18:20:00;PR;277;397,9;CANDOI;Acessar a via sem observar a presença dos outros veículos;Colisão transversal;Com Vítimas Feridas;Anoitecer;Decrescente;Céu Claro;Simples;Interseção de Vias;Não;2;0;0;1;1;0;1;2;-25,45884264;-51,9523716;SPRF-PR;DEL08-PR;UOP01-DEL08-PR
714841;29/08/2025;sexta-feira;18:50:00;RS;116;260;CANOAS;Condutor deixou de manter distância do veículo da frente;Colisão traseira;Com Vítimas Feridas;Plena Noite;Crescente;Céu Claro;Múltipla;Reta;Não;3;0;1;0;1;1;1;3;-29,88965252;-51,1785957;SPRF-RS;DEL01-RS;UOP01-DEL01-RS
714843;29/08/2025;sexta-feira;18:38:00;RS;285;299,5;PASSO FUNDO;Avarias e/ou desgaste excessivo no pneu;Queda de ocupante de veículo;Com Vítimas Feridas;Plena Noite;Crescente;Céu Claro;Simples;Reta;Sim;2;0;2;0;0;0;2;1;-28,23444944;-52,43337214;SPRF-RS;DEL08-RS;UOP03-DEL08-RS
714844;29/08/2025;sexta-feira;18:20:00;ES;262;56;MARECHAL FLORIANO;Entrada inopinada do pedestre;Atropelamento de Pedestre;Com Vítimas Feridas;Plena Noite;Crescente;Ignorado;Dupla;Reta;Não;2;0;1;0;0;1;1;2;-20,41250596;-40,75826263;SPRF-ES;DEL01-ES;UOP01-DEL01-ES
714845;18/05/2025;domingo;07:50:00;DF;70;18;BRASILIA;Condutor Dormindo;Saída de leito carroçável;Com Vítimas Feridas;Pleno dia;Decrescente;Céu Claro;Dupla;"Reta;Declive";Não;3;0;2;0;1;0;2;1;-15,79194385;-48,20839405;SPRF-DF;DEL03-DF;UOP02-DEL03-DF
714846;29/08/2025;sexta-feira;18:40:00;SP;116;147;SAO JOSE DOS CAMPOS;Ausência de reação do condutor;Tombamento;Com Vítimas Feridas;Plena Noite;Decrescente;Nublado;Múltipla;Reta;Sim;1;0;1;0;0;0;1;1;-23,19574425;-45,87211197;SPRF-SP;DEL02-SP;UOP01-DEL02-SP
714847;29/08/2025;sexta-feira;18:45:00;RS;116;245,8;SAO LEOPOLDO;Condutor deixou de manter distância do veículo da frente;Engavetamento;Com Vítimas Feridas;Plena Noite;Crescente;Céu Claro;Múltipla;Reta;Sim;4;0;0;1;3;0;1;4;-29,7365507;-51,1504331;SPRF-RS;DEL01-RS;UOP02-DEL01-RS
714848;29/08/2025;sexta-feira;19:20:00;BA;116;20;VITORIA DA CONQUISTA;Acessar a via sem observar a presença dos outros veículos;Colisão transversal;Sem Vítimas;Plena Noite;Decrescente;Céu Claro;Simples;Reta;Não;2;0;0;0;2;0;0;2;-14,89326225;-40,82045972;SPRF-BA;DEL08-BA;UOP01-DEL08-BA
714849;29/08/2025;sexta-feira;18:50:00;RS;386;435,3;NOVA SANTA RITA;Acessar a via sem observar a presença dos outros veículos;Colisão transversal;Com Vítimas Fatais;Plena Noite;Crescente;Céu Claro;Dupla;"Reta;Rotatória";Não;2;1;0;0;1;0;0;2;-29,8477688;-51,27086386;SPRF-RS;DEL04-RS;UOP02-DEL04-RS
714850;29/08/2025;sexta-feira;19:25:00;PR;369;129,9;JATAIZINHO;Ingestão de álcool pelo condutor;Colisão traseira;Com Vítimas Feridas;Plena Noite;Crescente;Céu Claro;Dupla;"Reta;Declive";Sim;2;0;1;0;1;0;1;2;-23,2578896;-50,98156469;SPRF-PR;DEL07-PR;UOP01-DEL07-PR
714854;29/08/2025;sexta-feira;18:00:00;SC;282;393,2;JOACABA;Demais falhas mecânicas ou elétricas;Queda de ocupante de veículo;Com Vítimas Feridas;Anoitecer;Crescente;Céu Claro;Simples;"Reta;Declive";Não;3;0;2;0;0;1;2;2;-27,162;-51,569;SPRF-SC;DEL07-SC;UOP05-DEL07-SC
714855;29/08/2025;sexta-feira;19:20:00;MG;40;526;CONTAGEM;Chuva;Colisão traseira;Com Vítimas Feridas;Plena Noite;Decrescente;Chuva;Dupla;Reta;Sim;2;0;1;0;1;0;1;1;-19,8981482;-44,04968262;SPRF-MG;DEL01-MG;UOP02-DEL01-MG
714856;29/08/2025;sexta-feira;19:50:00;PR;116;118;CURITIBA;Ausência de reação do condutor;Tombamento;Com Vítimas Feridas;Pleno dia;Crescente;Céu Claro;Simples;Reta;Sim;1;0;0;1;0;0;1;1;-25,57550908;-49,31220738;SPRF-PR;DEL01-PR;UOP03-DEL01-PR
714858;29/08/2025;sexta-feira;18:40:00;PB;230;367,2;MALTA;Desrespeitar a preferência no cruzamento;Colisão transversal;Com Vítimas Feridas;Plena Noite;Crescente;Céu Claro;Simples;Reta;Sim;2;0;1;0;1;0;1;2;-6,90446;-37,523363;SPRF-PB;DEL03-PB;UOP02-DEL03-PB
714859;29/08/2025;sexta-feira;19:30:00;SP;116;214;GUARULHOS;Ausência de reação do condutor;Colisão traseira;Sem Vítimas;Plena Noite;Decrescente;Nublado;Múltipla;Reta;Não;2;0;0;0;2;0;0;2;-23,44772747;-46,45635098;SPRF-SP;DEL01-SP;UOP01-DEL01-SP
714861;29/08/2025;sexta-feira;19:10:00;PA;230;7,3;ALTAMIRA;Transitar na contramão;Colisão frontal;Com Vítimas Feridas;Plena Noite;Decrescente;Céu Claro;Simples;"Reta;Declive";Sim;2;0;1;0;0;1;1;2;-3,1909231;-52,2136781;SPRF-PA;DEL04-PA;UOP01-DEL04-PA
714862;29/08/2025;sexta-feira;17:30:00;PA;316;29;SANTA IZABEL DO PARA;Ausência de reação do condutor;Saída de leito carroçável;Sem Vítimas;Anoitecer;Decrescente;Nublado;Dupla;Reta;Não;2;0;0;0;1;1;0;2;-1,306502;-48,206893;SPRF-PA;DEL01-PA;UOP01-DEL01-PA
714863;29/08/2025;sexta-feira;18:46:00;MG;262;12;MARTINS SOARES;Transitar na contramão;Colisão transversal;Com Vítimas Feridas;Plena Noite;Crescente;Céu Claro;Simples;Reta;Não;3;0;0;1;0;2;1;3;-20,26122418;-41,87355996;SPRF-MG;DEL06-MG;UOP03-DEL06-MG
714865;29/08/2025;sexta-feira;20:00:00;PE;428;189;PETROLINA;Condutor desrespeitou a iluminação vermelha do semáforo;Colisão transversal;Com Vítimas Feridas;Plena Noite;Crescente;Céu Claro;Dupla;Reta;Sim;4;0;0;2;2;0;2;2;-9,3777345;-40,5043541;SPRF-PE;DEL06-PE;UOP01-DEL06-PE
714867;29/08/2025;sexta-feira;19:30:00;PB;230;510;CAJAZEIRAS;Animais na Pista;Atropelamento de Animal;Com Vítimas Feridas;Plena Noite;Crescente;Céu Claro;Simples;Reta;Não;2;0;0;2;0;0;2;1;-6,885974;-38,616228;SPRF-PB;DEL03-PB;UOP03-DEL03-PB
714868;29/08/2025;sexta-feira;20:00:00;RS;153;400;CACHOEIRA DO SUL;Ultrapassagem Indevida;Saída de leito carroçável;Com Vítimas Feridas;Plena Noite;Decrescente;Céu Claro;Simples;"Aclive;Reta";Sim;2;0;2;0;0;0;2;1;-29,97088885;-52,93512469;SPRF-RS;DEL02-RS;UOP03-DEL02-RS
714869;29/08/2025;sexta-feira;20:00:00;SP;116;225;GUARULHOS;Ausência de reação do condutor;Colisão traseira;Com Vítimas Feridas;Plena Noite;Crescente;Céu Claro;Múltipla;Reta;Sim;2;0;0;1;1;0;1;2;-23,491971;-46,551011;SPRF-SP;DEL01-SP;UOP01-DEL01-SP
714870;29/08/2025;sexta-feira;20:44:00;CE;116;14,6;FORTALEZA;Problema com o freio;Atropelamento de Pedestre;Com Vítimas Feridas;Plena Noite;Decrescente;Céu Claro;Simples;Reta;Sim;2;0;1;0;1;0;1;2;-3,872983;-38,4987984;SPRF-CE;DEL01-CE;UOP02-DEL01-CE
714871;29/08/2025;sexta-feira;19:10:00;MS;163;463;CAMPO GRANDE;Ausência de reação do condutor;Colisão traseira;Com Vítimas Feridas;Plena Noite;Crescente;Ignorado;Simples;Reta;Não;3;0;2;0;1;0;2;2;-20,613212;-54,575871;SPRF-MS;DEL01-MS;UOP01-DEL01-MS
714872;29/08/2025;sexta-feira;20:30:00;MG;381;487;BETIM;Pedestre cruzava a pista fora da faixa;Atropelamento de Pedestre;Com Vítimas Feridas;Plena Noite;Crescente;Céu Claro;Múltipla;Reta;Sim;2;0;1;0;0;1;1;2;-19,95582897;-44,11019033;SPRF-MG;DEL01-MG;UOP03-DEL01-MG
714873;29/08/2025;sexta-feira;21:00:00;ES;101;139;LINHARES;Ausência de reação do condutor;Colisão transversal;Com Vítimas Feridas;Plena Noite;Crescente;Céu Claro;Múltipla;Reta;Não;4;0;1;2;0;1;3;3;-19,31863029;-40,07529108;SPRF-ES;DEL04-ES;UOP01-DEL04-ES
714874;29/08/2025;sexta-feira;19:00:00;BA;101;113;ALAGOINHAS;Conversão proibida;Colisão transversal;Sem Vítimas;Plena Noite;Crescente;Céu Claro;Simples;Reta;Não;2;0;0;0;1;1;0;2;-12,168846;-38,449032;SPRF-BA;DEL01-BA;UOP04-DEL01-BA
714876;29/08/2025;sexta-feira;21:10:00;PR;277;70;SAO JOSE DOS PINHAIS;Pedestre cruzava a pista fora da faixa;Atropelamento de Pedestre;Com Vítimas Fatais;Plena Noite;Decrescente;Nublado;Dupla;"Reta;Viaduto";Não;3;1;0;0;2;0;0;2;-25,51192;-49,12741;SPRF-PR;DEL01-PR;UOP01-DEL01-PR
714877;29/08/2025;sexta-feira;16:15:00;SC;280;98,1;SAO BENTO DO SUL;Ausência de reação do condutor;Colisão traseira;Com Vítimas Feridas;Pleno dia;Decrescente;Céu Claro;Simples;Reta;Não;2;0;1;0;1;0;1;2;-26,37583;-49,32548;SPRF-SC;DEL06-SC;UOP03-DEL06-SC
714880;29/08/2025;sexta-feira;20:50:00;MG;40;799;JUIZ DE FORA;Chuva;Tombamento;Com Vítimas Feridas;Plena Noite;Crescente;Chuva;Dupla;"Curva;Retorno Regulamentado;Declive";Não;1;0;1;0;0;0;1;1;-21,82048873;-43,37664127;SPRF-MG;DEL05-MG;UOP01-DEL05-MG
714882;29/08/2025;sexta-feira;17:35:00;PI;316;309,1;PICOS;Acessar a via sem observar a presença dos outros veículos;Colisão transversal;Com Vítimas Feridas;Pleno dia;Decrescente;Sol;Simples;"Aclive;Reta";Sim;2;0;0;1;1;0;1;2;-7,077194;-41,479581;SPRF-PI;DEL04-PI;UOP01-DEL04-PI
714884;29/08/2025;sexta-feira;20:00:00;MT;364;389;SANTO ANTONIO DO LEVERGER;Animais na Pista;Atropelamento de Animal;Com Vítimas Feridas;Plena Noite;Crescente;Céu Claro;Dupla;Reta;Não;5;0;1;0;4;0;1;1;-15,70105728;-55,87409766;SPRF-MT;DEL01-MT;UOP02-DEL01-MT
714885;29/08/2025;sexta-feira;19:15:00;RO;364;13;VILHENA;Acessar a via sem observar a presença dos outros veículos;Colisão transversal;Com Vítimas Feridas;Plena Noite;Decrescente;Céu Claro;Dupla;Reta;Sim;2;0;1;0;1;0;1;2;-12,74089083;-60,13309908;SPRF-RO;DEL04-RO;UOP01-DEL04-RO
714886;29/08/2025;sexta-feira;21:05:00;MG;40;510,1;RIBEIRAO DAS NEVES;Ausência de reação do condutor;Engavetamento;Com Vítimas Feridas;Plena Noite;Decrescente;Chuva;Dupla;"Reta;Declive";Sim;6;0;1;0;4;1;1;6;-19,77862727;-44,12031054;SPRF-MG;DEL01-MG;UOP02-DEL01-MG
714889;29/08/2025;sexta-feira;21:20:00;SC;101;88,9;BARRA VELHA;Reação tardia ou ineficiente do condutor;Saída de leito carroçável;Com Vítimas Feridas;Pleno dia;Decrescente;Nublado;Simples;Reta;Sim;1;0;1;0;0;0;1;1;-26,66043657;-48,6881539;SPRF-SC;DEL03-SC;UOP02-DEL03-SC
714890;29/08/2025;sexta-feira;20:00:00;PR;116;205,5;RIO NEGRO;Problema com o freio;Colisão com objeto;Sem Vítimas;Plena Noite;Decrescente;Céu Claro;Simples;Curva;Não;1;0;0;0;1;0;0;1;-26,07666812;-49,7504681;SPRF-SC;DEL06-SC;UOP01-DEL06-SC
714891;29/08/2025;sexta-feira;21:43:00;MG;381;531;ITATIAIUCU;Velocidade Incompatível;Tombamento;Com Vítimas Feridas;Plena Noite;Decrescente;Chuva;Dupla;Curva;Não;1;0;1;0;0;0;1;1;-20,1633245;-44,35737357;SPRF-MG;DEL04-MG;UOP03-DEL04-MG
714893;29/08/2025;sexta-feira;19:30:00;RJ;101;283;ITABORAI;Ausência de reação do condutor;Colisão com objeto;Com Vítimas Feridas;Plena Noite;Decrescente;Chuva;Simples;Reta;Sim;1;0;1;0;0;0;1;1;-22,73473126;-42,80588719;SPRF-RJ;DEL02-RJ;UOP02-DEL02-RJ
714894;29/08/2025;sexta-feira;18:50:00;PR;163;124;REALEZA;Ausência de reação do condutor;Colisão lateral mesmo sentido;Com Vítimas Feridas;Plena Noite;Crescente;Céu Claro;Simples;Curva;Não;2;0;2;0;0;0;2;2;-25,6047063;-53,56347933;SPRF-PR;DEL02-PR;UOP02-DEL02-PR
714895;29/08/2025;sexta-feira;18:40:00;BA;410;2;RIBEIRA DO POMBAL;Pedestre andava na pista;Atropelamento de Pedestre;Com Vítimas Feridas;Plena Noite;Crescente;Céu Claro;Simples;Reta;Não;3;0;2;1;0;0;3;2;-10,82049195;-38,54312897;SPRF-BA;DEL07-BA;UOP02-DEL07-BA
714896;29/08/2025;sexta-feira;18:00:00;MG;381;308;ANTONIO DIAS;Conversão proibida;Colisão transversal;Com Vítimas Feridas;Anoitecer;Crescente;Nublado;Simples;"Curva;Aclive";Não;6;0;4;0;2;0;4;2;-19,66132019;-42,96358109;SPRF-MG;DEL03-MG;UOP02-DEL03-MG
714897;29/08/2025;sexta-feira;20:44:00;SC;101;42,2;JOINVILLE;Ausência de reação do condutor;Colisão com objeto;Sem Vítimas;Plena Noite;Crescente;Nublado;Dupla;"Reta;Interseção de Vias";Sim;1;0;0;0;1;0;0;1;-26,323814;-48,867902;SPRF-SC;DEL03-SC;UOP01-DEL03-SC
714900;29/08/2025;sexta-feira;22:00:00;PE;232;11;JABOATAO DOS GUARARAPES;Mal súbito do condutor;Queda de ocupante de veículo;Com Vítimas Feridas;Plena Noite;Crescente;Nublado;Dupla;"Aclive;Reta";Não;1;0;1;0;0;0;1;1;-8,08349;-34,99807;SPRF-PE;DEL01-PE;UOP01-DEL01-PE
714901;29/08/2025;sexta-feira;20:54:00;PB;104;14,2;CUITE;Ingestão de álcool pelo condutor;Saída de leito carroçável;Com Vítimas Feridas;Plena Noite;Crescente;Céu Claro;Simples;"Declive;Curva";Não;2;0;1;0;1;0;1;1;-6,51216368;-36,15184185;SPRF-PB;DEL02-PB;UOP04-DEL02-PB
714902;29/08/2025;sexta-feira;17:20:00;PI;135;523;GILBUES;Reação tardia ou ineficiente do condutor;Saída de leito carroçável;Com Vítimas Fatais;Anoitecer;Crescente;Céu Claro;Simples;"Reta;Declive";Não;5;1;1;0;3;0;1;1;-9,908832;-45,340843;SPRF-PI;DEL03-PI;UOP02-DEL03-PI
714903;29/08/2025;sexta-feira;20:30:00;GO;414;376;COCALZINHO DE GOIAS;Demais falhas mecânicas ou elétricas;Saída de leito carroçável;Sem Vítimas;Plena Noite;Crescente;Céu Claro;Dupla;Reta;Sim;1;0;0;0;1;0;0;1;-15,793;-48,774;SPRF-GO;DEL02-GO;UOP01-DEL02-GO
714904;29/08/2025;sexta-feira;20:50:00;PR;376;549;PALMEIRA;Reação tardia ou ineficiente do condutor;Saída de leito carroçável;Sem Vítimas;Plena Noite;Crescente;Céu Claro;Dupla;Reta;Não;1;0;0;0;0;1;0;1;-25,417736;-49,7707069;SPRF-PR;DEL03-PR;UOP03-DEL03-PR
714905;29/08/2025;sexta-feira;21:10:00;PR;376;2;SAO JOSE DOS PINHAIS;Ingestão de álcool pelo condutor;Colisão traseira;Com Vítimas Feridas;Plena Noite;Crescente;Céu Claro;Dupla;Reta;Sim;2;0;1;0;1;0;1;2;-25,546378;-49,189337;SPRF-PR;DEL01-PR;UOP04-DEL01-PR
714909;29/08/2025;sexta-feira;22:40:00;PR;277;69,7;SAO JOSE DOS PINHAIS;Entrada inopinada do pedestre;Atropelamento de Pedestre;Com Vítimas Feridas;Plena Noite;Decrescente;Nublado;Dupla;Reta;Sim;2;0;0;1;1;0;1;2;-25,51544985;-49,12000179;SPRF-PR;DEL01-PR;UOP01-DEL01-PR
714910;29/08/2025;sexta-feira;23:00:00;MG;381;484;BETIM;Ausência de reação do condutor;Colisão traseira;Com Vítimas Feridas;Plena Noite;Decrescente;Chuva;Múltipla;Reta;Sim;3;0;3;0;0;0;3;2;-19,95864445;-44,09203403;SPRF-MG;DEL01-MG;UOP03-DEL01-MG
714911;29/08/2025;sexta-feira;22:50:00;RN;101;112;SAO JOSE DE MIPIBU;Ingestão de álcool pelo condutor;Saída de leito carroçável;Com Vítimas Feridas;Plena Noite;Decrescente;Céu Claro;Dupla;Curva;Não;1;0;1;0;0;0;1;1;-5,9708226;-35,2647305;SPRF-RN;DEL01-RN;UOP01-DEL01-RN
714912;29/08/2025;sexta-feira;23:00:00;MG;40;41;PARACATU;Ingestão de álcool pelo condutor;Colisão lateral sentido oposto;Sem Vítimas;Plena Noite;Crescente;Céu Claro;Simples;Interseção de Vias;Sim;2;0;0;0;2;0;0;2;-17,2114439;-46,873811;SPRF-MG;DEL14-MG;UOP01-DEL14-MG
714913;29/08/2025;sexta-feira;23:00:00;PR;277;70,8;SAO JOSE DOS PINHAIS;Reação tardia ou ineficiente do condutor;Colisão lateral mesmo sentido;Com Vítimas Feridas;Plena Noite;Crescente;Nublado;Dupla;Reta;Não;2;0;1;0;1;0;1;2;-25,510835;-49,129225;SPRF-PR;DEL01-PR;UOP07-DEL01-PR
714917;29/08/2025;sexta-feira;23:05:00;MG;116;524,9;CARATINGA;Ausência de reação do condutor;Tombamento;Com Vítimas Feridas;Plena Noite;Crescente;Céu Claro;Simples;"Reta;Interseção de Vias";Não;1;0;0;1;0;0;1;1;-19,7885952;-42,1462016;SPRF-MG;DEL06-MG;UOP02-DEL06-MG
714920;29/08/2025;sexta-feira;22:30:00;MT;364;246;JUSCIMEIRA;Ausência de reação do condutor;Saída de leito carroçável;Com Vítimas Feridas;Plena Noite;Decrescente;Céu Claro;Dupla;Reta;Não;1;0;0;1;0;0;1;1;-16,128451;-54,840523;SPRF-MT;DEL02-MT;UOP01-DEL02-MT
714921;30/08/2025;sábado;00:15:00;MG;381;216;NAQUE;Reação tardia ou ineficiente do condutor;Capotamento;Com Vítimas Feridas;Plena Noite;Crescente;Céu Claro;Simples;Reta;Não;3;0;3;0;0;0;3;1;-19,21131902;-42,30586052;SPRF-MG;DEL06-MG;UOP01-DEL06-MG
714922;29/08/2025;sexta-feira;21:40:00;MA;226;8,8;TIMON;Acessar a via sem observar a presença dos outros veículos;Colisão traseira;Sem Vítimas;Plena Noite;Crescente;Céu Claro;Simples;Reta;Não;3;0;0;0;3;0;0;2;-5,12339245;-42,88759628;SPRF-MA;DEL03-MA;UOP02-DEL03-MA
714923;30/08/2025;sábado;00:40:00;GO;153;438;ANAPOLIS;Ingestão de álcool pelo condutor;Colisão com objeto;Sem Vítimas;Plena Noite;Crescente;Céu Claro;Dupla;Curva;Sim;1;0;0;0;0;1;0;1;-16,30206431;-48,92569923;SPRF-GO;DEL02-GO;UOP01-DEL02-GO
714925;30/08/2025;sábado;01:00:00;ES;447;14;VILA VELHA;Acessar a via sem observar a presença dos outros veículos;Colisão transversal;Com Vítimas Feridas;Plena Noite;Crescente;Chuva;Simples;Reta;Sim;2;0;1;1;0;0;2;2;-20,350168;-40,333452;SPRF-ES;DEL01-ES;UOP01-DEL01-ES
714929;29/08/2025;sexta-feira;22:30:00;MG;381;531,7;ITATIAIUCU;Velocidade Incompatível;Capotamento;Com Vítimas Feridas;Plena Noite;Decrescente;Chuva;Dupla;Curva;Não;2;0;1;0;1;0;1;1;-20,16466;-44,36387;SPRF-MG;DEL04-MG;UOP03-DEL04-MG
714930;30/08/2025;sábado;02:00:00;PI;343;0,6;LUIS CORREIA;Condutor Dormindo;Colisão lateral sentido oposto;Com Vítimas Feridas;Plena Noite;Crescente;Nublado;Simples;"Reta;Interseção de Vias";Não;2;0;1;0;1;0;1;2;-2,88787321;-41,66613436;SPRF-PI;DEL05-PI;UOP01-DEL05-PI