id;data_inversa;dia_semana;horario;uf;br;km;municipio;causa_acidente;tipo_acidente;classificacao_acidente;fase_dia;sentido_via;condicao_metereologica;tipo_pista;tracado_via;uso_solo;pessoas;mortos;feridos_leves;feridos_graves;ilesos;ignorados;feridos;veiculos;latitude;longitude;regional;delegacia;uop
714931;30/08/2025;sábado;02:50:00;SP;116;213;GUARULHOS;Ausência de reação do condutor;Queda de ocupante de veículo;Com Vítimas Feridas;Plena Noite;Decrescente;Céu Claro;Dupla;Reta;Não;1;0;1;0;0;0;1;1;-23,44112202;-46,44116974;SPRF-SP;DEL01-SP;UOP01-DEL01-SP
714932;30/08/2025;sábado;01:40:00;MG;40;734,8;OLIVEIRA FORTES;Ausência de reação do condutor;Saída de leito carroçável;Sem Vítimas;Plena Noite;Crescente;Chuva;Simples;"Aclive;Curva;Ponte";Não;2;0;0;0;2;0;0;1;-21,39007367;-43,56898533;SPRF-MG;DEL05-MG;UOP01-DEL05-MG
714933;30/08/2025;sábado;03:30:00;SP;116;214;GUARULHOS;Ausência de reação do condutor;Colisão traseira;Com Vítimas Feridas;Plena Noite;Decrescente;Céu Claro;Múltipla;Reta;Sim;4;0;3;0;1;0;3;2;-23,444391;-46,447388;SPRF-SP;DEL01-SP;UOP01-DEL01-SP
714934;30/08/2025;sábado;03:40:00;RS;116;302;GUAIBA;Animais na Pista;Atropelamento de Animal;Com Vítimas Feridas;Plena Noite;Crescente;Ignorado;Dupla;Reta;Sim;1;0;0;1;0;0;1;1;-30,13138535;-51,35358047;SPRF-RS;DEL02-RS;UOP01-DEL02-RS
714937;30/08/2025;sábado;02:00:00;ES;262;115,9;CONCEICAO DO CASTELO;Ingestão de álcool pelo condutor;Colisão frontal;Sem Vítimas;Plena Noite;Crescente;Chuva;Simples;Interseção de Vias;Não;2;0;0;0;2;0;0;2;-20,3187017;-41,2247733;SPRF-ES;DEL01-ES;UOP02-DEL01-ES
714939;30/08/2025;sábado;04:45:00;SP;381;27,9;ATIBAIA;Demais falhas mecânicas ou elétricas;Colisão com objeto;Sem Vítimas;Plena Noite;Crescente;Nublado;Dupla;Reta;Não;2;0;0;0;2;0;0;1;-23,02806666;-46,53437912;SPRF-SP;DEL03-SP;UOP02-DEL03-SP
714941;30/08/2025;sábado;03:25:00;SC;282;517,8;XAXIM;Reação tardia ou ineficiente do condutor;Saída de leito carroçável;Com Vítimas Feridas;Plena Noite;Crescente;Céu Claro;Simples;"Rotatória;Interseção de Vias";Não;1;0;0;1;0;0;1;1;-26,94196441;-52,5043615;SPRF-SC;DEL07-SC;UOP01-DEL07-SC
714944;30/08/2025;sábado;04:44:00;ES;259;57,7;COLATINA;Falta de acostamento;Colisão lateral mesmo sentido;Com Vítimas Feridas;Amanhecer;Decrescente;Céu Claro;Simples;"Aclive;Reta";Sim;1;0;1;0;0;0;1;1;-19,52367424;-40,67082882;SPRF-ES;DEL02-ES;UOP01-DEL02-ES
714945;30/08/2025;sábado;04:30:00;SC;470;277,5;BRUNOPOLIS;Condutor Dormindo;Saída de leito carroçável;Sem Vítimas;Amanhecer;Decrescente;Céu Claro;Simples;"Aclive;Curva";Não;1;0;0;0;1;0;0;1;-27,33408853;-50,84837437;SPRF-SC;DEL07-SC;UOP06-DEL07-SC
714946;30/08/2025;sábado;05:45:00;RS;386;418;MONTENEGRO;Ausência de reação do condutor;Queda de ocupante de veículo;Com Vítimas Feridas;Amanhecer;Decrescente;Céu Claro;Simples;Reta;Não;1;0;1;0;0;0;1;1;-29,81803103;-51,43048793;SPRF-RS;DEL04-RS;UOP02-DEL04-RS
714948;30/08/2025;sábado;04:30:00;MT;364;266;JACIARA;Ausência de reação do condutor;Colisão com objeto;Com Vítimas Feridas;Plena Noite;Crescente;Céu Claro;Dupla;"Desvio Temporário;Em Obras;Reta";Não;1;0;0;1;0;0;1;1;-15,99441335;-54,92111461;SPRF-MT;DEL02-MT;UOP01-DEL02-MT
714950;30/08/2025;sábado;05:30:00;RJ;101;447;MANGARATIBA;Velocidade Incompatível;Saída de leito carroçável;Sem Vítimas;Amanhecer;Crescente;Nublado;Simples;Reta;Não;1;0;0;0;0;1;0;1;-23,00817424;-44,10203934;SPRF-RJ;DEL03-RJ;UOP02-DEL03-RJ
714952;30/08/2025;sábado;01:00:00;PI;343;592,4;FLORIANO;Acessar a via sem observar a presença dos outros veículos;Colisão transversal;Com Vítimas Feridas;Plena Noite;Crescente;Céu Claro;Simples;Reta;Sim;3;0;0;1;1;1;1;3;-6,779543;-43,035623;SPRF-PI;DEL03-PI;UOP01-DEL03-PI
714953;29/08/2025;sexta-feira;23:00:00;MG;267;51;GUARARA;Pista Escorregadia;Saída de leito carroçável;Com Vítimas Feridas;Plena Noite;Decrescente;Chuva;Simples;Curva;Não;1;0;1;0;0;0;1;1;-21,72141;-43,03529;SPRF-MG;DEL07-MG;UOP01-DEL07-MG
714954;30/08/2025;sábado;06:00:00;PR;373;227,4;IMBITUVA;Condutor Dormindo;Queda de ocupante de veículo;Com Vítimas Feridas;Amanhecer;Crescente;Céu Claro;Simples;Reta;Não;1;0;1;0;0;0;1;1;-25,17607149;-50,64473318;SPRF-PR;DEL03-PR;UOP01-DEL03-PR
714955;30/08/2025;sábado;06:50:00;PE;101;36;ITAPISSUMA;Manobra de mudança de faixa;Colisão lateral mesmo sentido;Com Vítimas Feridas;Pleno dia;Crescente;Céu Claro;Dupla;"Reta;Aclive";Não;2;0;0;1;1;0;1;2;-7,7299712;-34,9405184;SPRF-PE;DEL01-PE;UOP02-DEL01-PE
714956;30/08/2025;sábado;06:30:00;RS;472;176,6;SANTA ROSA;Ingestão de álcool pelo condutor;Colisão com objeto;Com Vítimas Feridas;Amanhecer;Crescente;Céu Claro;Simples;Reta;Sim;1;0;1;0;0;0;1;1;-27,854175;-54,5296667;SPRF-RS;DEL10-RS;UOP01-DEL10-RS
714957;29/08/2025;sexta-feira;19:30:00;RJ;116;50;TERESOPOLIS;Acessar a via sem observar a presença dos outros veículos;Colisão transversal;Com Vítimas Feridas;Plena Noite;Crescente;Chuva;Simples;Reta;Sim;4;0;4;0;0;0;4;2;-22,17977516;-42,84770966;SPRF-RJ;DEL04-RJ;UOP01-DEL04-RJ
714960;29/08/2025;sexta-feira;22:00:00;MG;381;705;NEPOMUCENO;Reação tardia ou ineficiente do condutor;Capotamento;Com Vítimas Feridas;Plena Noite;Decrescente;Céu Claro;Dupla;Curva;Não;1;0;0;1;0;0;1;1;-21,317624;-45,167882;SPRF-MG;DEL04-MG;UOP02-DEL04-MG
714962;30/08/2025;sábado;07:28:00;RJ;40;111;DUQUE DE CAXIAS;Ausência de reação do condutor;Colisão traseira;Com Vítimas Feridas;Pleno dia;Decrescente;Nublado;Dupla;Reta;Sim;3;0;2;0;1;0;2;2;-22,6931199;-43,28750362;SPRF-RJ;DEL01-RJ;UOP02-DEL01-RJ
714963;30/08/2025;sábado;06:30:00;BA;324;575,8;SAO SEBASTIAO DO PASSE;Condutor Dormindo;Saída de leito carroçável;Com Vítimas Feridas;Pleno dia;Crescente;Sol;Dupla;Reta;Não;4;0;4;0;0;0;4;1;-12,577558;-38,538747;SPRF-BA;DEL01-BA;UOP01-DEL01-BA
714967;29/08/2025;sexta-feira;11:00:00;MG;381;153;GOVERNADOR VALADARES;Velocidade Incompatível;Saída de leito carroçável;Com Vítimas Feridas;Pleno dia;Decrescente;Céu Claro;Simples;Curva;Sim;1;0;1;0;0;0;1;1;-18,86535664;-41,98974609;SPRF-MG;DEL06-MG;UOP01-DEL06-MG
714968;30/08/2025;sábado;05:02:00;SC;282;642;SAO MIGUEL DO OESTE;Ingestão de álcool pelo condutor;Tombamento;Sem Vítimas;Plena Noite;Decrescente;Céu Claro;Simples;Reta;Não;1;0;0;0;1;0;0;1;-26,76993249;-53,47410357;SPRF-SC;DEL07-SC;UOP03-DEL07-SC
714970;30/08/2025;sábado;08:00:00;SC;480;131;CHAPECO;Condutor deixou de manter distância do veículo da frente;Colisão traseira;Com Vítimas Feridas;Pleno dia;Decrescente;Sol;Simples;"Reta;Aclive";Sim;2;0;1;0;1;0;1;2;-27,06139589;-52,63405728;SPRF-SC;DEL07-SC;UOP01-DEL07-SC
714971;30/08/2025;sábado;07:05:00;RJ;40;119;DUQUE DE CAXIAS;Reação tardia ou ineficiente do condutor;Colisão lateral mesmo sentido;Com Vítimas Feridas;Pleno dia;Decrescente;Nublado;Múltipla;Reta;Sim;3;0;1;0;2;0;1;2;-22,76589504;-43,28643974;SPRF-RJ;DEL01-RJ;UOP02-DEL01-RJ
714973;30/08/2025;sábado;08:30:00;CE;116;40;HORIZONTE;Ingestão de álcool pelo condutor;Colisão lateral mesmo sentido;Com Vítimas Feridas;Pleno dia;Crescente;Céu Claro;Dupla;Reta;Sim;2;0;2;0;0;0;2;2;-4,10058;-38,5018;SPRF-CE;DEL01-CE;UOP02-DEL01-CE
714974;30/08/2025;sábado;06:40:00;MS;262;716,9;CORUMBA;Demais falhas mecânicas ou elétricas;Tombamento;Com Vítimas Feridas;Amanhecer;Crescente;Céu Claro;Simples;Reta;Não;2;0;2;0;0;0;2;1;-19,436061;-57,443984;SPRF-MS;DEL03-MS;UOP03-DEL03-MS
714975;30/08/2025;sábado;07:50:00;SP;381;36;ATIBAIA;Ausência de reação do condutor;Colisão traseira;Com Vítimas Feridas;Pleno dia;Crescente;Céu Claro;Dupla;Reta;Não;3;0;2;0;1;0;2;2;-23,09905233;-46,57023221;SPRF-SP;DEL03-SP;UOP01-DEL03-SP
714976;30/08/2025;sábado;08:30:00;ES;101;259,7;SERRA;Condutor deixou de manter distância do veículo da frente;Colisão traseira;Com Vítimas Feridas;Pleno dia;Crescente;Céu Claro;Simples;Curva;Sim;3;0;2;0;0;1;2;2;-20,146539;-40,287022;SPRF-ES;DEL02-ES;UOP01-DEL02-ES
714977;30/08/2025;sábado;08:25:00;RS;116;316,9;GUAIBA;Ingestão de álcool pelo condutor;Saída de leito carroçável;Sem Vítimas;Pleno dia;Crescente;Céu Claro;Dupla;Reta;Não;1;0;0;0;1;0;0;1;-30,260318;-51,40644;SPRF-RS;DEL02-RS;UOP01-DEL02-RS
714978;22/07/2025;terça-feira;04:00:00;SC;101;297,3;IMBITUBA;Ausência de reação do condutor;Saída de leito carroçável;Com Vítimas Fatais;Plena Noite;Decrescente;Céu Claro;Dupla;"Interseção de Vias;Reta";Não;38;1;4;5;28;0;9;1;-28,32734833;-48,7313482;SPRF-SC;DEL02-SC;UOP03-DEL02-SC
714980;30/08/2025;sábado;07:40:00;RS;116;169,5;CAXIAS DO SUL;Reação tardia ou ineficiente do condutor;Colisão traseira;Com Vítimas Feridas;Pleno dia;Crescente;Céu Claro;Simples;"Reta;Declive";Não;5;0;1;0;4;0;1;3;-29,294722;-51,163102;SPRF-RS;DEL05-RS;UOP02-DEL05-RS
714981;30/08/2025;sábado;07:40:00;PR;163;154,1;SANTA LUCIA;Curva acentuada;Colisão com objeto;Com Vítimas Feridas;Pleno dia;Crescente;Céu Claro;Dupla;Curva;Não;2;0;1;0;1;0;1;2;-25,358678;-53,576629;SPRF-PR;DEL05-PR;UOP05-DEL05-PR
714982;27/08/2025;quarta-feira;06:50:00;SC;116;239,3;LAGES;Neblina;Saída de leito carroçável;Com Vítimas Feridas;Amanhecer;Decrescente;Nevoeiro/Neblina;Simples;Curva;Não;1;0;1;0;0;0;1;1;-27,75292226;-50,33565251;SPRF-SC;DEL05-SC;UOP01-DEL05-SC
714983;30/08/2025;sábado;07:45:00;PR;277;6,3;PARANAGUA;Ausência de reação do condutor;Colisão traseira;Com Vítimas Feridas;Pleno dia;Decrescente;Céu Claro;Dupla;Reta;Sim;3;0;1;0;2;0;1;2;-25,56044012;-48,58060805;SPRF-PR;DEL01-PR;UOP05-DEL01-PR
714984;30/08/2025;sábado;08:20:00;PE;408;53,8;CARPINA;Conversão proibida;Colisão transversal;Com Vítimas Fatais;Pleno dia;Crescente;Céu Claro;Simples;Reta;Sim;2;1;0;0;0;1;0;2;-7,82666;-35,24539;SPRF-PE;DEL01-PE;UOP01-DEL01-PE
714985;30/08/2025;sábado;05:45:00;MT;163;10;ITIQUIRA;Ingestão de álcool pelo condutor;Saída de leito carroçável;Com Vítimas Feridas;Amanhecer;Decrescente;Céu Claro;Dupla;Reta;Não;1;0;1;0;0;0;1;1;-17,429425;-54,748653;SPRF-MT;DEL02-MT;UOP03-DEL02-MT
714986;30/08/2025;sábado;09:15:00;PE;101;53;PAULISTA;Entrada inopinada do pedestre;Atropelamento de Pedestre;Com Vítimas Feridas;Pleno dia;Decrescente;Nublado;Dupla;"Declive;Curva";Sim;3;0;2;1;0;0;3;2;-7,9480543;-34,9060822;SPRF-PE;DEL01-PE;UOP02-DEL01-PE
714987;24/08/2025;domingo;05:30:00;BA;101;246;CONCEICAO DO ALMEIDA;Ausência de reação do condutor;Colisão com objeto;Sem Vítimas;Amanhecer;Decrescente;Céu Claro;Simples;Ponte;Não;1;0;0;0;0;1;0;1;-12,77768985;-39,18630391;SPRF-BA;DEL01-BA;UOP02-DEL01-BA
714990;30/08/2025;sábado;08:13:00;SC;101;368,2;ICARA;Desrespeitar a preferência no cruzamento;Colisão transversal;Sem Vítimas;Pleno dia;Crescente;Céu Claro;Simples;"Interseção de Vias;Reta;Aclive";Sim;3;0;0;0;3;0;0;2;-28,69853075;-49,19012547;SPRF-SC;DEL02-SC;UOP01-DEL02-SC
714992;22/08/2025;sexta-feira;16:50:00;BA;101;83;ALAGOINHAS;Pista esburacada;Capotamento;Com Vítimas Feridas;Anoitecer;Decrescente;Céu Claro;Simples;Reta;Não;2;0;1;1;0;0;2;1;-12,03996915;-38,30015101;SPRF-BA;DEL01-BA;UOP04-DEL01-BA
714993;22/06/2025;domingo;00:50:00;TO;242;283,5;PEIXE;Ingestão de álcool pelo condutor;Colisão com objeto;Com Vítimas Fatais;Plena Noite;Crescente;Céu Claro;Simples;Curva;Não;1;1;0;0;0;0;0;1;-12,22366597;-48,46939225;SPRF-TO;DEL01-TO;UOP02-DEL01-TO
714994;30/08/2025;sábado;01:35:00;PR;116;115;CURITIBA;Reação tardia ou ineficiente do condutor;Colisão com objeto;Sem Vítimas;Plena Noite;Crescente;Nublado;Múltipla;Reta;Sim;1;0;0;0;0;1;0;1;-25,55115339;-49,30508494;SPRF-PR;DEL01-PR;UOP03-DEL01-PR
714996;30/08/2025;sábado;07:50:00;RS;470;212;BENTO GONCALVES;Condutor deixou de manter distância do veículo da frente;Colisão traseira;Sem Vítimas;Pleno dia;Decrescente;Céu Claro;Simples;Reta;Sim;2;0;0;0;2;0;0;2;-29,14336372;-51,53621858;SPRF-RS;DEL06-RS;UOP01-DEL06-RS
714997;30/08/2025;sábado;10:30:00;SE;101;63;ROSARIO DO CATETE;Reação tardia ou ineficiente do condutor;Colisão com objeto;Com Vítimas Feridas;Pleno dia;Decrescente;Céu Claro;Dupla;Reta;Não;1;0;1;0;0;0;1;1;-10,694;-37,043;SPRF-SE;DEL02-SE;UOP02-DEL02-SE
714998;30/08/2025;sábado;10:40:00;PR;116;73;QUATRO BARRAS;Ausência de reação do condutor;Saída de leito carroçável;Sem Vítimas;Pleno dia;Decrescente;Céu Claro;Dupla;Curva;Não;2;0;0;0;2;0;0;1;-25,35815842;-49,04063892;SPRF-PR;DEL01-PR;UOP02-DEL01-PR
714999;30/08/2025;sábado;09:15:00;PE;101;111;IPOJUCA;Ultrapassagem Indevida;Colisão lateral mesmo sentido;Com Vítimas Feridas;Pleno dia;Decrescente;Nublado;Dupla;Curva;Não;2;0;1;0;1;0;1;2;-8,331187;-35,12349956;SPRF-PE;DEL01-PE;UOP03-DEL01-PE
715000;30/08/2025;sábado;09:24:00;SC;282;578,9;PINHALZINHO;Acessar a via sem observar a presença dos outros veículos;Colisão transversal;Com Vítimas Feridas;Pleno dia;Decrescente;Céu Claro;Simples;"Aclive;Reta;Em Obras";Sim;2;0;0;1;1;0;1;2;-26,8455463;-52,9811537;SPRF-SC;DEL07-SC;UOP02-DEL07-SC
715002;30/08/2025;sábado;10:45:00;RS;290;70,9;GRAVATAI;Avarias e/ou desgaste excessivo no pneu;Tombamento;Com Vítimas Feridas;Pleno dia;Decrescente;Sol;Dupla;Reta;Não;2;0;1;0;1;0;1;1;-29,951475;-50,965311;SPRF-RS;DEL03-RS;UOP01-DEL03-RS
715003;30/08/2025;sábado;11:00:00;RS;386;40,2;FREDERICO WESTPHALEN;Acessar a via sem observar a presença dos outros veículos;Colisão transversal;Com Vítimas Feridas;Pleno dia;Crescente;Céu Claro;Simples;Rotatória;Não;2;0;1;0;1;0;1;2;-27,40755979;-53,41490434;SPRF-RS;DEL08-RS;UOP02-DEL08-RS
715005;30/08/2025;sábado;08:45:00;RS;116;134,5;CAXIAS DO SUL;Reação tardia ou ineficiente do condutor;Saída de leito carroçável;Sem Vítimas;Pleno dia;Decrescente;Céu Claro;Simples;Curva;Não;1;0;0;0;1;0;0;1;-29,06541302;-51,10037067;SPRF-RS;DEL05-RS;UOP01-DEL05-RS
715007;30/08/2025;sábado;09:00:00;RS;285;128;VACARIA;Demais falhas mecânicas ou elétricas;Tombamento;Com Vítimas Feridas;Pleno dia;Decrescente;Céu Claro;Simples;Reta;Não;2;0;2;0;0;0;2;1;-28,44580628;-50,9953393;SPRF-RS;DEL05-RS;UOP03-DEL05-RS
715008;30/08/2025;sábado;11:45:00;RN;405;72;APODI;Reação tardia ou ineficiente do condutor;Colisão com objeto;Com Vítimas Fatais;Pleno dia;Decrescente;Céu Claro;Simples;Reta;Não;1;1;0;0;0;0;0;1;-5,620907;-37,790625;SPRF-RN;DEL04-RN;UOP02-DEL04-RN
715009;30/08/2025;sábado;12:15:00;RN;101;100,5;PARNAMIRIM;Ausência de reação do condutor;Colisão traseira;Com Vítimas Feridas;Pleno dia;Decrescente;Céu Claro;Dupla;Reta;Sim;2;0;1;1;0;0;2;2;-5,88425;-35,226868;SPRF-RN;DEL01-RN;UOP01-DEL01-RN
715010;26/08/2025;terça-feira;17:05:00;MG;50;178;UBERABA;Manobra de mudança de faixa;Tombamento;Com Vítimas Feridas;Pleno dia;Decrescente;Céu Claro;Dupla;"Reta;Declive";Sim;2;0;0;1;0;1;1;2;-19,778328;-47,932536;SPRF-MG;DEL13-MG;UOP01-DEL13-MG
715011;30/08/2025;sábado;12:45:00;RJ;101;322;NITEROI;Chuva;Queda de ocupante de veículo;Com Vítimas Feridas;Pleno dia;Decrescente;Chuva;Dupla;"Reta;Ponte";Não;2;0;1;0;1;0;1;1;-22,8814095;-43,1147937;SPRF-RJ;DEL02-RJ;UOP01-DEL02-RJ
715012;30/08/2025;sábado;12:00:00;DF;20;18,3;BRASILIA;Demais falhas mecânicas ou elétricas;Incêndio;Sem Vítimas;Pleno dia;Decrescente;Céu Claro;Dupla;"Aclive;Reta";Sim;1;0;0;0;1;0;0;1;-15,6203929;-47,7133799;SPRF-DF;DEL02-DF;UOP01-DEL02-DF
715013;30/08/2025;sábado;12:40:00;SC;101;110;FLORIANOPOLIS;Avarias e/ou desgaste excessivo no pneu;Tombamento;Com Vítimas Feridas;Pleno dia;Decrescente;Céu Claro;Dupla;Reta;Sim;2;0;2;0;0;0;2;1;-27,5939328;-48,5556224;SPRF-SC;DEL03-SC;UOP02-DEL03-SC
715014;30/08/2025;sábado;12:20:00;GO;153;511,7;APARECIDA DE GOIANIA;Ausência de reação do condutor;Colisão lateral mesmo sentido;Sem Vítimas;Pleno dia;Crescente;Céu Claro;Dupla;Reta;Sim;2;0;0;0;0;2;0;2;-16,803479;-49,23917;SPRF-GO;DEL01-GO;UOP03-DEL01-GO
715015;30/08/2025;sábado;11:30:00;RJ;40;105;DUQUE DE CAXIAS;Acessar a via sem observar a presença dos outros veículos;Colisão transversal;Com Vítimas Feridas;Pleno dia;Decrescente;Céu Claro;Dupla;Reta;Sim;2;0;1;0;1;0;1;2;-22,6410792;-43,28335081;SPRF-RJ;DEL01-RJ;UOP02-DEL01-RJ
715016;30/08/2025;sábado;11:50:00;GO;414;422;ABADIANIA;Ausência de reação do condutor;Colisão traseira;Sem Vítimas;Pleno dia;Decrescente;Céu Claro;Simples;Reta;Não;5;0;0;0;5;0;0;2;-16,13136;-48,89358;SPRF-GO;DEL02-GO;UOP01-DEL02-GO
715017;30/08/2025;sábado;12:15:00;RJ;116;199;QUEIMADOS;Demais falhas mecânicas ou elétricas;Incêndio;Sem Vítimas;Pleno dia;Decrescente;Céu Claro;Dupla;Reta;Sim;1;0;0;0;0;1;0;1;-22,73185705;-43,59546661;SPRF-RJ;DEL06-RJ;UOP02-DEL06-RJ
715020;30/08/2025;sábado;12:30:00;RJ;116;322;ITATIAIA;Ingestão de álcool pelo condutor;Colisão lateral mesmo sentido;Sem Vítimas;Pleno dia;Crescente;Céu Claro;Simples;"Reta;Rotatória;Declive";Sim;3;0;0;0;3;0;0;2;-22,48695338;-44,5508287;SPRF-RJ;DEL07-RJ;UOP02-DEL07-RJ
715021;30/08/2025;sábado;12:50:00;PR;376;617;SAO JOSE DOS PINHAIS;Objeto estático sobre o leito carroçável;Engavetamento;Com Vítimas Feridas;Pleno dia;Crescente;Nublado;Dupla;Reta;Não;7;0;3;0;4;0;3;4;-25,58763059;-49,17270573;SPRF-PR;DEL01-PR;UOP04-DEL01-PR
715022;30/08/2025;sábado;10:30:00;RJ;40;124;RIO DE JANEIRO;Reação tardia ou ineficiente do condutor;Colisão lateral mesmo sentido;Com Vítimas Feridas;Pleno dia;Decrescente;Céu Claro;Múltipla;Reta;Sim;6;0;1;0;5;0;1;2;-22,8135953;-43,2877032;SPRF-RJ;DEL01-RJ;UOP02-DEL01-RJ
715023;30/08/2025;sábado;10:20:00;CE;20;398;CAUCAIA;Avarias e/ou desgaste excessivo no pneu;Saída de leito carroçável;Com Vítimas Feridas;Pleno dia;Crescente;Céu Claro;Simples;Reta;Não;1;0;0;1;0;0;1;1;-3,84472949;-38,77212524;SPRF-CE;DEL01-CE;UOP01-DEL01-CE
715024;30/08/2025;sábado;13:50:00;GO;414;440;ANAPOLIS;Ingestão de álcool pelo condutor;Colisão lateral mesmo sentido;Com Vítimas Feridas;Pleno dia;Crescente;Céu Claro;Dupla;"Declive;Curva;Rotatória";Sim;2;0;0;1;1;0;1;2;-16,28683763;-48,94358754;SPRF-GO;DEL02-GO;UOP01-DEL02-GO
715026;30/08/2025;sábado;12:26:00;RJ;40;85;PETROPOLIS;Ausência de reação do condutor;Queda de ocupante de veículo;Com Vítimas Feridas;Pleno dia;Decrescente;Céu Claro;Dupla;Curva;Não;1;0;1;0;0;0;1;1;-22,54212153;-43,23300898;SPRF-RJ;DEL01-RJ;UOP01-DEL01-RJ
715027;30/08/2025;sábado;14:20:00;MG;381;432,9;SABARA;Velocidade Incompatível;Colisão lateral sentido oposto;Com Vítimas Feridas;Pleno dia;Decrescente;Céu Claro;Simples;Curva;Não;4;0;0;1;3;0;1;3;-19,80003373;-43,76177279;SPRF-MG;DEL01-MG;UOP01-DEL01-MG
715028;30/08/2025;sábado;13:30:00;BA;116;10,7;VITORIA DA CONQUISTA;Desrespeitar a preferência no cruzamento;Colisão transversal;Com Vítimas Feridas;Pleno dia;Decrescente;Sol;Simples;"Curva;Rotatória";Sim;3;0;2;0;1;0;2;2;-14,86508;-40,87233;SPRF-BA;DEL08-BA;UOP01-DEL08-BA
715029;30/08/2025;sábado;08:50:00;MA;230;404;BALSAS;Desrespeitar a preferência no cruzamento;Colisão transversal;Sem Vítimas;Pleno dia;Crescente;Céu Claro;Dupla;"Reta;Interseção de Vias";Sim;2;0;0;0;1;1;0;2;-7,52093744;-46,05050325;SPRF-MA;DEL05-MA;UOP01-DEL05-MA
715030;30/08/2025;sábado;09:40:00;MT;163;1021;TERRA NOVA DO NORTE;Ausência de reação do condutor;Saída de leito carroçável;Com Vítimas Feridas;Pleno dia;Crescente;Sol;Simples;Reta;Não;1;0;1;0;0;0;1;1;-10,3062;-55,0336;SPRF-MT;DEL06-MT;UOP03-DEL06-MT
715032;30/08/2025;sábado;14:40:00;RS;285;270,5;MATO CASTELHANO;Acessar a via sem observar a presença dos outros veículos;Colisão lateral mesmo sentido;Com Vítimas Feridas;Pleno dia;Decrescente;Céu Claro;Simples;"Reta;Declive";Sim;3;0;1;0;1;1;1;2;-28,28004571;-52,18340546;SPRF-RS;DEL08-RS;UOP03-DEL08-RS
715033;30/08/2025;sábado;12:30:00;MT;163;527;DIAMANTINO;Ausência de reação do condutor;Saída de leito carroçável;Com Vítimas Feridas;Pleno dia;Crescente;Céu Claro;Dupla;Reta;Não;1;0;1;0;0;0;1;1;-14,3998103;-56,1092788;SPRF-MT;DEL01-MT;UOP01-DEL01-MT
715035;30/08/2025;sábado;14:30:00;PE;428;177;PETROLINA;Reação tardia ou ineficiente do condutor;Colisão traseira;Sem Vítimas;Pleno dia;Crescente;Céu Claro;Simples;Reta;Não;2;0;0;0;2;0;0;2;-9,2864974;-40,4428189;SPRF-PE;DEL06-PE;UOP01-DEL06-PE
715036;30/08/2025;sábado;11:25:00;PA;10;11;DOM ELISEU;Condutor Dormindo;Eventos atípicos;Com Vítimas Feridas;Pleno dia;Crescente;Sol;Simples;"Curva;Aclive";Não;1;0;0;1;0;0;1;1;-4,33245;-47,537693;SPRF-PA;DEL02-PA;UOP02-DEL02-PA
715040;30/08/2025;sábado;15:00:00;DF;20;57;BRASILIA;Velocidade Incompatível;Saída de leito carroçável;Com Vítimas Feridas;Pleno dia;Decrescente;Sol;Dupla;Curva;Não;1;0;0;1;0;0;1;1;-15,585869;-47,360222;SPRF-DF;DEL02-DF;UOP01-DEL02-DF
715042;30/08/2025;sábado;14:10:00;RN;101;146;GOIANINHA;Ultrapassagem Indevida;Colisão frontal;Com Vítimas Feridas;Pleno dia;Crescente;Céu Claro;Simples;Reta;Sim;3;0;3;0;0;0;3;3;-6,26248082;-35,21163686;SPRF-RN;DEL01-RN;UOP01-DEL01-RN
715043;30/08/2025;sábado;14:40:00;RS;116;523;PELOTAS;Ausência de reação do condutor;Colisão traseira;Com Vítimas Feridas;Pleno dia;Crescente;Céu Claro;Dupla;Reta;Não;4;0;2;0;2;0;2;2;-31,72161237;-52,37873041;SPRF-RS;DEL07-RS;UOP01-DEL07-RS
715046;30/08/2025;sábado;15:00:00;SC;101;134;BALNEARIO CAMBORIU;Desrespeitar a preferência no cruzamento;Colisão transversal;Com Vítimas Feridas;Pleno dia;Crescente;Céu Claro;Simples;"Interseção de Vias;Rotatória";Sim;3;0;0;1;2;0;1;2;-27,00439093;-48,63041852;SPRF-SC;DEL04-SC;UOP03-DEL04-SC
715047;26/01/2025;domingo;21:40:00;MS;163;500,7;CAMPO GRANDE;Ausência de reação do condutor;Colisão traseira;Com Vítimas Feridas;Plena Noite;Decrescente;Céu Claro;Simples;"Aclive;Reta";Não;2;0;1;0;1;0;1;2;-20,32607304;-54,51856683;SPRF-MS;DEL01-MS;UOP02-DEL01-MS
715048;30/08/2025;sábado;15:40:00;GO;60;176,5;GUAPO;Manobra de mudança de faixa;Tombamento;Com Vítimas Feridas;Pleno dia;Crescente;Sol;Dupla;"Reta;Aclive";Não;1;0;1;0;0;0;1;1;-16,79517399;-49,48493963;SPRF-GO;DEL01-GO;UOP02-DEL01-GO
715050;30/08/2025;sábado;13:40:00;AC;364;121;RIO BRANCO;Desrespeitar a preferência no cruzamento;Colisão lateral mesmo sentido;Com Vítimas Feridas;Pleno dia;Crescente;Céu Claro;Dupla;Rotatória;Sim;2;0;1;0;0;1;1;2;-10,01206475;-67,77021752;SPRF-AC;DEL01-AC;UOP01-DEL01-AC
715051;30/08/2025;sábado;14:00:00;RJ;116;312;RESENDE;Mal súbito do condutor;Colisão com objeto;Com Vítimas Feridas;Pleno dia;Decrescente;Nublado;Dupla;Reta;Sim;1;0;1;0;0;0;1;1;-22,45975955;-44,45785046;SPRF-RJ;DEL07-RJ;UOP02-DEL07-RJ