id;data_inversa;dia_semana;horario;uf;br;km;municipio;causa_acidente;tipo_acidente;classificacao_acidente;fase_dia;sentido_via;condicao_metereologica;tipo_pista;tracado_via;uso_solo;pessoas;mortos;feridos_leves;feridos_graves;ilesos;ignorados;feridos;veiculos;latitude;longitude;regional;delegacia;uop
715052;30/08/2025;sábado;15:30:00;ES;101;229;FUNDAO;Acesso irregular;Colisão transversal;Sem Vítimas;Pleno dia;Decrescente;Nublado;Simples;Reta;Sim;2;0;0;0;1;1;0;2;-19,931509;-40,40552;SPRF-ES;DEL02-ES;UOP01-DEL02-ES
715053;30/08/2025;sábado;15:30:00;RN;101;157;GOIANINHA;Manobra de mudança de faixa;Colisão lateral mesmo sentido;Com Vítimas Feridas;Pleno dia;Crescente;Céu Claro;Dupla;Reta;Não;5;0;1;0;4;0;1;2;-6,29897111;-35,19373354;SPRF-RN;DEL01-RN;UOP01-DEL01-RN
715054;30/08/2025;sábado;13:00:00;RO;435;113;COLORADO DO OESTE;Velocidade Incompatível;Saída de leito carroçável;Com Vítimas Feridas;Pleno dia;Decrescente;Céu Claro;Simples;"Reta;Declive";Não;1;0;1;0;0;0;1;1;-13,18963;-60,72871;SPRF-RO;DEL04-RO;UOP02-DEL04-RO
715055;30/08/2025;sábado;14:40:00;MG;381;521,5;BRUMADINHO;Velocidade Incompatível;Saída de leito carroçável;Sem Vítimas;Pleno dia;Decrescente;Chuva;Dupla;"Aclive;Curva";Não;3;0;0;0;3;0;0;1;-20,121618;-44,30141;SPRF-MG;DEL04-MG;UOP03-DEL04-MG
715058;03/08/2025;domingo;16:45:00;MG;40;552,6;NOVA LIMA;Desrespeitar a preferência no cruzamento;Colisão transversal;Com Vítimas Feridas;Pleno dia;Crescente;Céu Claro;Dupla;Reta;Sim;3;0;2;0;0;1;2;2;-20,0678009;-43,98188;SPRF-MG;DEL01-MG;UOP02-DEL01-MG
715059;30/08/2025;sábado;16:30:00;ES;101;287,3;CARIACICA;Mal súbito do condutor;Tombamento;Com Vítimas Feridas;Pleno dia;Crescente;Nublado;Dupla;"Reta;Declive";Não;1;0;1;0;0;0;1;1;-20,26152392;-40,37874406;SPRF-ES;DEL01-ES;UOP01-DEL01-ES
715061;30/08/2025;sábado;13:25:00;MT;158;547;AGUA BOA;Ingestão de álcool pelo condutor;Capotamento;Com Vítimas Feridas;Pleno dia;Decrescente;Céu Claro;Simples;Curva;Não;1;0;1;0;0;0;1;1;-13,88291464;-52,06114769;SPRF-MT;DEL07-MT;UOP02-DEL07-MT
715062;30/08/2025;sábado;14:20:00;MG;381;521;BRUMADINHO;Chuva;Saída de leito carroçável;Com Vítimas Feridas;Pleno dia;Decrescente;Chuva;Múltipla;"Aclive;Curva";Não;2;0;2;0;0;0;2;1;-20,12169707;-44,30129226;SPRF-MG;DEL04-MG;UOP03-DEL04-MG
715063;27/08/2025;quarta-feira;18:30:00;GO;153;530;HIDROLANDIA;Reação tardia ou ineficiente do condutor;Colisão traseira;Com Vítimas Feridas;Anoitecer;Crescente;Céu Claro;Dupla;Reta;Não;2;0;1;0;1;0;1;2;-16,94638104;-49,25016354;SPRF-GO;DEL01-GO;UOP03-DEL01-GO
715064;30/08/2025;sábado;16:20:00;PR;369;157;LONDRINA;Reação tardia ou ineficiente do condutor;Colisão traseira;Com Vítimas Feridas;Pleno dia;Crescente;Céu Claro;Dupla;Reta;Sim;2;0;1;0;1;0;1;2;-23,28708;-51,22656;SPRF-PR;DEL07-PR;UOP01-DEL07-PR
715066;30/08/2025;sábado;16:45:00;ES;262;19,8;VIANA;Entrada inopinada do pedestre;Atropelamento de Pedestre;Com Vítimas Feridas;Pleno dia;Crescente;Céu Claro;Simples;Curva;Sim;6;0;1;0;5;0;1;2;-20,38625971;-40,49624847;SPRF-ES;DEL01-ES;UOP01-DEL01-ES
715067;30/08/2025;sábado;17:00:00;SC;282;15,7;PALHOCA;Acessar a via sem observar a presença dos outros veículos;Colisão transversal;Com Vítimas Feridas;Pleno dia;Crescente;Céu Claro;Simples;Reta;Não;2;0;2;0;0;0;2;2;-27,65607198;-48,67965667;SPRF-SC;DEL01-SC;UOP02-DEL01-SC
715068;30/08/2025;sábado;15:00:00;RJ;101;388;RIO DE JANEIRO;Reação tardia ou ineficiente do condutor;Tombamento;Com Vítimas Feridas;Pleno dia;Crescente;Céu Claro;Múltipla;Reta;Não;1;0;1;0;0;0;1;1;-22,89167396;-43,66687775;SPRF-RJ;DEL03-RJ;UOP01-DEL03-RJ
715072;30/08/2025;sábado;17:00:00;SC;470;120;IBIRAMA;Ingestão de álcool pelo condutor;Colisão com objeto;Com Vítimas Feridas;Pleno dia;Decrescente;Céu Claro;Simples;Declive;Não;3;0;1;0;0;2;1;2;-27,0886705;-49,5198618;SPRF-SC;DEL04-SC;UOP02-DEL04-SC
715074;30/08/2025;sábado;16:30:00;RJ;101;318;SAO GONCALO;Demais falhas mecânicas ou elétricas;Queda de ocupante de veículo;Com Vítimas Feridas;Pleno dia;Decrescente;Céu Claro;Dupla;Reta;Sim;3;0;2;0;1;0;2;2;-22,85354566;-43,10142215;SPRF-RJ;DEL02-RJ;UOP02-DEL02-RJ
715075;30/08/2025;sábado;15:00:00;MT;364;530,6;ROSARIO OESTE;Retorno proibido;Saída de leito carroçável;Sem Vítimas;Pleno dia;Decrescente;Céu Claro;Simples;Reta;Não;1;0;0;0;1;0;0;1;-14,934191;-56,488604;SPRF-MT;DEL01-MT;UOP01-DEL01-MT
715076;30/08/2025;sábado;17:24:00;ES;259;20;JOAO NEIVA;Acessar a via sem observar a presença dos outros veículos;Colisão transversal;Com Vítimas Feridas;Pleno dia;Crescente;Nublado;Simples;Interseção de Vias;Não;3;0;2;0;1;0;2;2;-19,6490634;-40,4622066;SPRF-ES;DEL02-ES;UOP01-DEL02-ES
715078;30/08/2025;sábado;16:20:00;MG;116;413;GOVERNADOR VALADARES;Condutor deixou de manter distância do veículo da frente;Colisão traseira;Com Vítimas Feridas;Pleno dia;Crescente;Céu Claro;Simples;Reta;Sim;4;0;0;1;3;0;1;2;-18,8827;-41,9557;SPRF-MG;DEL06-MG;UOP01-DEL06-MG
715080;30/08/2025;sábado;12:15:00;MG;381;199;NAQUE;Chuva;Saída de leito carroçável;Com Vítimas Feridas;Pleno dia;Decrescente;Chuva;Simples;Reta;Não;2;0;2;0;0;0;2;1;-19,184408;-42,26424;SPRF-MG;DEL06-MG;UOP01-DEL06-MG
715081;10/08/2025;domingo;21:45:00;PR;116;149;MANDIRITUBA;Transitar na contramão;Colisão frontal;Com Vítimas Feridas;Plena Noite;Decrescente;Nublado;Simples;Reta;Sim;4;0;3;0;0;1;3;3;-25,842082;-49,346975;SPRF-PR;DEL01-PR;UOP03-DEL01-PR
715082;30/08/2025;sábado;17:40:00;DF;70;4;BRASILIA;Acessar a via sem observar a presença dos outros veículos;Colisão transversal;Com Vítimas Feridas;Pleno dia;Decrescente;Céu Claro;Dupla;Reta;Não;5;0;0;1;4;0;1;2;-15,79892;-48,08875;SPRF-DF;DEL03-DF;UOP02-DEL03-DF
715083;30/08/2025;sábado;18:05:00;PB;230;22,8;JOAO PESSOA;Ausência de reação do condutor;Colisão traseira;Com Vítimas Feridas;Plena Noite;Crescente;Chuva;Dupla;Reta;Sim;2;0;2;0;0;0;2;2;-7,16036;-34,86319;SPRF-PB;DEL01-PB;UOP01-DEL01-PB
715084;30/08/2025;sábado;16:50:00;MG;267;23;ARGIRITA;Velocidade Incompatível;Saída de leito carroçável;Com Vítimas Feridas;Anoitecer;Crescente;Chuva;Simples;"Declive;Curva";Não;5;0;3;0;2;0;3;1;-21,60292017;-42,79765025;SPRF-MG;DEL07-MG;UOP01-DEL07-MG
715085;30/08/2025;sábado;17:14:00;SC;163;71,2;SAO MIGUEL DO OESTE;Velocidade Incompatível;Saída de leito carroçável;Sem Vítimas;Pleno dia;Crescente;Céu Claro;Dupla;Reta;Sim;1;0;0;0;0;1;0;1;-26,72653736;-53,51300804;SPRF-SC;DEL07-SC;UOP03-DEL07-SC
715087;30/08/2025;sábado;18:20:00;PA;230;114;MARABA;Acessar a via sem observar a presença dos outros veículos;Colisão transversal;Sem Vítimas;Anoitecer;Decrescente;Céu Claro;Dupla;Rotatória;Sim;2;0;0;0;2;0;0;2;-5,36170858;-49,07855848;SPRF-PA;DEL03-PA;UOP01-DEL03-PA
715091;30/08/2025;sábado;18:25:00;SC;116;4,8;MAFRA;Transitar na contramão;Colisão frontal;Com Vítimas Feridas;Plena Noite;Crescente;Céu Claro;Simples;Reta;Sim;2;0;1;1;0;0;2;2;-26,1411726;-49,8154643;SPRF-SC;DEL06-SC;UOP01-DEL06-SC
715094;30/08/2025;sábado;18:35:00;PB;101;86;JOAO PESSOA;Ausência de reação do condutor;Queda de ocupante de veículo;Com Vítimas Feridas;Plena Noite;Decrescente;Chuva;Múltipla;"Declive;Retorno Regulamentado";Não;1;0;0;1;0;0;1;1;-7,151135;-34,909748;SPRF-PB;DEL01-PB;UOP01-DEL01-PB
715095;30/08/2025;sábado;19:20:00;ES;262;113;VENDA NOVA DO IMIGRANTE;Ingestão de álcool pelo condutor;Colisão lateral sentido oposto;Sem Vítimas;Plena Noite;Crescente;Nublado;Simples;"Declive;Curva";Não;3;0;0;0;3;0;0;3;-20,331878;-41,204408;SPRF-ES;DEL01-ES;UOP02-DEL01-ES
715096;30/08/2025;sábado;17:00:00;MT;70;0,3;BARRA DO GARCAS;Ausência de reação do condutor;Colisão traseira;Com Vítimas Feridas;Pleno dia;Decrescente;Céu Claro;Simples;"Reta;Ponte";Sim;3;0;1;0;2;0;1;2;-15,89489;-52,257073;SPRF-MT;DEL07-MT;UOP01-DEL07-MT
715098;30/08/2025;sábado;19:10:00;PR;369;56,6;BANDEIRANTES;Desrespeitar a preferência no cruzamento;Colisão transversal;Com Vítimas Feridas;Anoitecer;Crescente;Céu Claro;Simples;Interseção de Vias;Não;3;0;2;0;1;0;2;2;-23,1176134;-50,3751968;SPRF-PR;DEL07-PR;UOP05-DEL07-PR
715099;30/08/2025;sábado;16:30:00;MG;50;175,5;UBERABA;Reação tardia ou ineficiente do condutor;Colisão traseira;Com Vítimas Feridas;Pleno dia;Decrescente;Céu Claro;Dupla;"Reta;Aclive";Sim;2;0;1;0;1;0;1;2;-19,779188;-47,965242;SPRF-MG;DEL13-MG;UOP01-DEL13-MG
715101;30/08/2025;sábado;18:30:00;MS;163;256,6;DOURADOS;Ausência de reação do condutor;Colisão traseira;Com Vítimas Feridas;Plena Noite;Crescente;Céu Claro;Dupla;"Aclive;Reta";Sim;5;0;1;0;3;1;1;3;-22,262008;-54,804905;SPRF-MS;DEL04-MS;UOP01-DEL04-MS
715102;30/08/2025;sábado;16:24:00;PE;232;429,9;SERRA TALHADA;Acessar a via sem observar a presença dos outros veículos;Colisão transversal;Com Vítimas Feridas;Pleno dia;Crescente;Céu Claro;Simples;Declive;Não;5;0;0;1;3;1;1;3;-8,003148;-38,469213;SPRF-PE;DEL04-PE;UOP01-DEL04-PE
715104;30/08/2025;sábado;19:45:00;SC;101;209,8;SAO JOSE;Reação tardia ou ineficiente do condutor;Tombamento;Com Vítimas Feridas;Anoitecer;Decrescente;Céu Claro;Múltipla;Reta;Sim;3;0;0;1;2;0;1;2;-27,61619;-48,64407;SPRF-SC;DEL01-SC;UOP01-DEL01-SC
715106;19/08/2025;terça-feira;08:30:00;MA;10;257;IMPERATRIZ;Condutor deixou de manter distância do veículo da frente;Colisão traseira;Com Vítimas Feridas;Pleno dia;Decrescente;Céu Claro;Simples;Reta;Sim;4;0;1;0;3;0;1;4;-5,488091;-47,472072;SPRF-MA;DEL04-MA;UOP01-DEL04-MA
715107;30/08/2025;sábado;15:20:00;SC;101;99,2;BARRA VELHA;Fumaça;Incêndio;Sem Vítimas;Pleno dia;Crescente;Céu Claro;Dupla;"Reta;Ponte";Não;1;0;0;0;1;0;0;1;-26,61738285;-48,71955872;SPRF-SC;DEL03-SC;UOP02-DEL03-SC
715108;30/08/2025;sábado;19:30:00;SP;116;150;SAO JOSE DOS CAMPOS;Ausência de reação do condutor;Engavetamento;Com Vítimas Feridas;Plena Noite;Decrescente;Nublado;Dupla;Reta;Sim;3;0;1;0;2;0;1;3;-23,21406028;-45,8941075;SPRF-SP;DEL02-SP;UOP01-DEL02-SP
715111;30/08/2025;sábado;19:25:00;CE;116;28;ITAITINGA;Acesso irregular;Colisão transversal;Com Vítimas Feridas;Plena Noite;Crescente;Céu Claro;Múltipla;Reta;Sim;5;0;2;0;3;0;2;3;-3,9974;-38,51647;SPRF-CE;DEL01-CE;UOP02-DEL01-CE
715113;30/08/2025;sábado;19:47:00;MG;116;333,9;CAMPANARIO;Ausência de reação do condutor;Saída de leito carroçável;Com Vítimas Feridas;Plena Noite;Decrescente;Nublado;Simples;"Aclive;Curva";Não;1;0;1;0;0;0;1;1;-18,270518;-41,737485;SPRF-MG;DEL11-MG;UOP01-DEL11-MG
715115;30/08/2025;sábado;18:40:00;ES;101;146;LINHARES;Velocidade Incompatível;Colisão transversal;Com Vítimas Fatais;Plena Noite;Decrescente;Céu Claro;Dupla;Reta;Não;2;1;0;0;0;1;0;2;-19,36647881;-40,06553538;SPRF-ES;DEL04-ES;UOP01-DEL04-ES
715116;30/08/2025;sábado;20:00:00;PA;230;6;ALTAMIRA;Condutor desrespeitou a iluminação vermelha do semáforo;Colisão frontal;Com Vítimas Feridas;Plena Noite;Crescente;Céu Claro;Simples;"Reta;Interseção de Vias";Sim;3;0;0;2;1;0;2;2;-3,17351078;-52,16835878;SPRF-PA;DEL03-PA;UOP01-DEL03-PA
715117;30/08/2025;sábado;18:50:00;CE;222;215,9;SOBRAL;Ausência de reação do condutor;Saída de leito carroçável;Com Vítimas Feridas;Plena Noite;Decrescente;Céu Claro;Simples;Curva;Não;1;0;0;1;0;0;1;1;-3,757029;-40,298942;SPRF-CE;DEL04-CE;UOP01-DEL04-CE
715118;30/08/2025;sábado;20:00:00;GO;60;24,6;ALEXANIA;Condutor deixou de manter distância do veículo da frente;Colisão traseira;Com Vítimas Feridas;Plena Noite;Decrescente;Céu Claro;Dupla;"Curva;Declive";Não;4;0;0;2;1;1;2;3;-16,113897;-48,440093;SPRF-DF;DEL03-DF;UOP01-DEL03-DF
715120;30/08/2025;sábado;19:45:00;AL;423;7,8;OURO BRANCO;Animais na Pista;Atropelamento de Animal;Com Vítimas Fatais;Plena Noite;Crescente;Céu Claro;Simples;Reta;Não;1;1;0;0;0;0;0;1;-9,141455;-37,355632;SPRF-AL;DEL03-AL;UOP02-DEL03-AL
715121;30/08/2025;sábado;19:45:00;PB;427;3,6;PAULISTA;Animais na Pista;Atropelamento de Animal;Com Vítimas Feridas;Plena Noite;Crescente;Céu Claro;Simples;Declive;Não;1;0;1;0;0;0;1;1;-6,651418;-37,505103;SPRF-PB;DEL03-PB;UOP02-DEL03-PB
715123;30/08/2025;sábado;21:00:00;PR;277;672;MEDIANEIRA;Reação tardia ou ineficiente do condutor;Colisão traseira;Com Vítimas Feridas;Plena Noite;Crescente;Céu Claro;Dupla;"Declive;Reta";Sim;4;0;2;0;2;0;2;2;-25,288;-54,099;SPRF-PR;DEL05-PR;UOP02-DEL05-PR
715124;30/08/2025;sábado;19:45:00;GO;70;1,6;AGUAS LINDAS DE GOIAS;Velocidade Incompatível;Saída de leito carroçável;Sem Vítimas;Plena Noite;Decrescente;Céu Claro;Dupla;"Declive;Curva";Sim;3;0;0;0;2;1;0;2;-15,765602;-48,230488;SPRF-DF;DEL03-DF;UOP02-DEL03-DF
715125;30/08/2025;sábado;20:00:00;MA;316;265;SANTA INES;Desrespeitar a preferência no cruzamento;Colisão frontal;Com Vítimas Feridas;Plena Noite;Crescente;Céu Claro;Simples;Reta;Não;3;0;2;0;1;0;2;2;-3,67652105;-45,35739899;SPRF-MA;DEL02-MA;UOP01-DEL02-MA
715126;30/08/2025;sábado;19:15:00;MA;222;365;SANTA INES;Área urbana sem a presença de local apropriado para a travessia de pedestres;Atropelamento de Pedestre;Com Vítimas Fatais;Plena Noite;Decrescente;Céu Claro;Simples;Reta;Sim;2;1;0;0;1;0;0;2;-3,68200289;-45,39413452;SPRF-MA;DEL02-MA;UOP01-DEL02-MA
715127;30/08/2025;sábado;18:40:00;MT;70;6;BARRA DO GARCAS;Ausência de reação do condutor;Colisão transversal;Com Vítimas Feridas;Plena Noite;Decrescente;Céu Claro;Dupla;Interseção de Vias;Sim;2;0;0;1;1;0;1;2;-15,87820272;-52,31244957;SPRF-MT;DEL07-MT;UOP01-DEL07-MT
715132;30/08/2025;sábado;21:17:00;BA;324;599;SIMOES FILHO;Ausência de reação do condutor;Colisão frontal;Com Vítimas Feridas;Plena Noite;Decrescente;Chuva;Dupla;Reta;Não;7;0;0;1;5;1;1;3;-12,754947;-38,428855;SPRF-BA;DEL01-BA;UOP01-DEL01-BA
715134;30/08/2025;sábado;21:20:00;PB;230;2;CABEDELO;Condutor deixou de manter distância do veículo da frente;Colisão traseira;Com Vítimas Feridas;Plena Noite;Crescente;Chuva;Dupla;"Em Obras;Reta";Sim;2;0;1;0;1;0;1;2;-6,989738;-34,828728;SPRF-PB;DEL01-PB;UOP01-DEL01-PB
715135;30/08/2025;sábado;21:10:00;PE;428;1;BELEM DE SAO FRANCISCO;Animais na Pista;Atropelamento de Animal;Com Vítimas Feridas;Plena Noite;Crescente;Céu Claro;Simples;Reta;Não;1;0;0;1;0;0;1;1;-8,542148;-39,23849;SPRF-PE;DEL05-PE;UOP03-DEL05-PE
715137;30/08/2025;sábado;18:10:00;PE;110;243;JATOBA;Ingestão de álcool pelo condutor;Colisão traseira;Com Vítimas Feridas;Plena Noite;Decrescente;Céu Claro;Simples;Reta;Não;2;0;0;2;0;0;2;2;-9,172547;-38,266398;SPRF-BA;DEL07-BA;UOP01-DEL07-BA
715139;30/08/2025;sábado;21:36:00;PE;104;66;CARUARU;Velocidade Incompatível;Colisão transversal;Com Vítimas Feridas;Plena Noite;Decrescente;Nublado;Dupla;"Aclive;Interseção de Vias";Sim;2;0;1;0;1;0;1;2;-8,28269;-35,98223;SPRF-PE;DEL02-PE;UOP01-DEL02-PE
715140;30/08/2025;sábado;22:00:00;RJ;116;322;ITATIAIA;Desrespeitar a preferência no cruzamento;Colisão frontal;Com Vítimas Feridas;Plena Noite;Crescente;Céu Claro;Simples;"Reta;Interseção de Vias";Sim;3;0;2;0;1;0;2;2;-22,4897644;-44,5539377;SPRF-RJ;DEL07-RJ;UOP02-DEL07-RJ
715141;30/08/2025;sábado;21:30:00;TO;153;132,4;WANDERLANDIA;Reação tardia ou ineficiente do condutor;Queda de ocupante de veículo;Com Vítimas Feridas;Plena Noite;Decrescente;Céu Claro;Dupla;Reta;Não;2;0;1;0;0;1;1;2;-7,111034;-48,184741;SPRF-TO;DEL02-TO;UOP01-DEL02-TO
715142;30/08/2025;sábado;18:20:00;PI;135;339;SANTA LUZ;Manobra de mudança de faixa;Colisão frontal;Com Vítimas Feridas;Plena Noite;Crescente;Céu Claro;Simples;Reta;Não;2;0;0;1;1;0;1;2;-8,996147;-44,2962;SPRF-PI;DEL03-PI;UOP02-DEL03-PI
715143;30/08/2025;sábado;22:50:00;ES;101;385,9;RIO NOVO DO SUL;Reação tardia ou ineficiente do condutor;Saída de leito carroçável;Com Vítimas Feridas;Plena Noite;Decrescente;Chuva;Simples;Curva;Não;1;0;1;0;0;0;1;1;-20,8412309;-40,8714874;SPRF-ES;DEL03-ES;UOP01-DEL03-ES
715144;30/08/2025;sábado;21:15:00;MT;163;834;SINOP;Acessar a via sem observar a presença dos outros veículos;Colisão lateral mesmo sentido;Com Vítimas Feridas;Plena Noite;Decrescente;Céu Claro;Simples;"Reta;Aclive";Sim;2;0;1;0;1;0;1;2;-11,858761;-55,494629;SPRF-MT;DEL06-MT;UOP02-DEL06-MT
715145;30/08/2025;sábado;19:45:00;SC;101;125,5;ITAJAI;Restrição de visibilidade em curvas verticais;Colisão transversal;Com Vítimas Fatais;Plena Noite;Decrescente;Céu Claro;Múltipla;"Declive;Curva";Sim;3;1;0;0;2;0;0;2;-26,951456;-48,679663;SPRF-SC;DEL04-SC;UOP04-DEL04-SC
715146;30/08/2025;sábado;19:20:00;BA;101;682;ITAGIMIRIM;Pedestre andava na pista;Atropelamento de Pedestre;Com Vítimas Fatais;Plena Noite;Crescente;Céu Claro;Simples;Reta;Não;2;1;0;0;0;1;0;2;-16,104195;-39,612055;SPRF-BA;DEL09-BA;UOP03-DEL09-BA
715147;30/08/2025;sábado;22:50:00;GO;60;99;ANAPOLIS;Suicídio (presumido);Atropelamento de Pedestre;Com Vítimas Fatais;Plena Noite;Decrescente;Céu Claro;Dupla;Reta;Sim;3;1;0;0;0;2;0;2;-16,38962;-48,95705;SPRF-GO;DEL02-GO;UOP01-DEL02-GO
715148;30/08/2025;sábado;18:00:00;MG;381;237;SANTANA DO PARAISO;Ausência de reação do condutor;Colisão traseira;Com Vítimas Feridas;Plena Noite;Crescente;Ignorado;Simples;Reta;Não;3;0;0;2;1;0;2;2;-19,412254;-42,490086;SPRF-MG;DEL06-MG;UOP01-DEL06-MG
715149;30/08/2025;sábado;22:28:00;RS;116;258;ESTEIO;Deficiência do Sistema de Iluminação/Sinalização;Colisão lateral mesmo sentido;Sem Vítimas;Plena Noite;Crescente;Céu Claro;Dupla;"Reta;Em Obras";Sim;2;0;0;0;2;0;0;2;-29,86377482;-51,18089982;SPRF-RS;DEL01-RS;UOP02-DEL01-RS
715150;30/08/2025;sábado;20:50:00;SP;153;155;PROMISSAO;Acessar a via sem observar a presença dos outros veículos;Colisão transversal;Sem Vítimas;Plena Noite;Crescente;Céu Claro;Simples;Reta;Não;2;0;0;0;2;0;0;2;-21,52398735;-49,78097917;SPRF-SP;DEL07-SP;UOP01-DEL07-SP
715152;30/08/2025;sábado;22:50:00;RS;386;347,2;LAJEADO;Reação tardia ou ineficiente do condutor;Saída de leito carroçável;Com Vítimas Feridas;Plena Noite;Crescente;Céu Claro;Simples;Interseção de Vias;Não;1;0;1;0;0;0;1;1;-29,439268;-51,984135;SPRF-RS;DEL04-RS;UOP01-DEL04-RS
715153;30/08/2025;sábado;22:10:00;SC;101;372,3;ICARA;Condutor Dormindo;Saída de leito carroçável;Com Vítimas Feridas;Plena Noite;Crescente;Céu Claro;Dupla;Reta;Não;1;0;0;1;0;0;1;1;-28,71492323;-49,22467232;SPRF-SC;DEL02-SC;UOP01-DEL02-SC
715154;30/08/2025;sábado;22:43:00;SC;101;79,8;ARAQUARI;Acessar a via sem observar a presença dos outros veículos;Colisão transversal;Com Vítimas Feridas;Plena Noite;Crescente;Garoa/Chuvisco;Dupla;Retorno Regulamentado;Não;3;0;1;0;2;0;1;2;-26,595445;-48,72254;SPRF-SC;DEL03-SC;UOP02-DEL03-SC
715157;30/08/2025;sábado;23:15:00;DF;20;52,1;BRASILIA;Ausência de reação do condutor;Saída de leito carroçável;Com Vítimas Feridas;Plena Noite;Crescente;Céu Claro;Dupla;Reta;Não;1;0;1;0;0;0;1;1;-15,580148;-47,40522;SPRF-DF;DEL02-DF;UOP01-DEL02-DF
715158;30/08/2025;sábado;21:20:00;MS;163;85,1;ITAQUIRAI;Avarias e/ou desgaste excessivo no pneu;Queda de ocupante de veículo;Com Vítimas Feridas;Plena Noite;Crescente;Céu Claro;Simples;Reta;Não;2;0;1;1;0;0;2;1;-23,414546;-54,2082;SPRF-MS;DEL09-MS;UOP01-DEL09-MS
715159;30/08/2025;sábado;23:00:00;PR;277;4;PARANAGUA;Transitar na contramão;Colisão frontal;Com Vítimas Feridas;Plena Noite;Decrescente;Chuva;Dupla;Reta;Sim;6;0;1;0;5;0;1;2;-25,535565;-48,53083;SPRF-PR;DEL01-PR;UOP05-DEL01-PR
715160;30/08/2025;sábado;19:45:00;MG;116;473,1;TARUMIRIM;Demais falhas mecânicas ou elétricas;Incêndio;Sem Vítimas;Plena Noite;Crescente;Céu Claro;Simples;Reta;Não;1;0;0;0;1;0;0;1;-19,343722;-42,082381;SPRF-MG;DEL06-MG;UOP02-DEL06-MG
715161;30/08/2025;sábado;19:15:00;RN;405;85;APODI;Animais na Pista;Atropelamento de Animal;Com Vítimas Feridas;Plena Noite;Crescente;Céu Claro;Simples;Reta;Não;2;0;1;0;1;0;1;1;-5,72426;-37,81981;SPRF-RN;DEL04-RN;UOP02-DEL04-RN
715163;30/08/2025;sábado;21:55:00;SP;116;516;CAJATI;Reação tardia ou ineficiente do condutor;Capotamento;Com Vítimas Feridas;Plena Noite;Decrescente;Chuva;Simples;"Declive;Curva";Não;5;0;1;0;4;0;1;1;-24,87935608;-48,20930852;SPRF-SP;DEL05-SP;UOP02-DEL05-SP
715164;30/08/2025;sábado;22:50:00;RS;116;234;NOVO HAMBURGO;Velocidade Incompatível;Saída de leito carroçável;Com Vítimas Feridas;Plena Noite;Crescente;Céu Claro;Dupla;Reta;Sim;2;0;0;2;0;0;2;2;-29,64477762;-51,14326715;SPRF-RS;DEL01-RS;UOP02-DEL01-RS
715166;30/08/2025;sábado;22:50:00;RJ;101;387;RIO DE JANEIRO;Manobra de mudança de faixa;Colisão traseira;Com Vítimas Feridas;Plena Noite;Crescente;Céu Claro;Simples;Reta;Não;7;0;3;0;4;0;3;2;-22,88945996;-43,70429993;SPRF-RJ;DEL03-RJ;UOP01-DEL03-RJ
715167;31/08/2025;domingo;00:40:00;GO;60;47;ABADIANIA;Ausência de reação do condutor;Saída de leito carroçável;Com Vítimas Feridas;Plena Noite;Crescente;Ignorado;Dupla;Reta;Não;3;0;3;0;0;0;3;1;-16,15371;-48,61108;SPRF-GO;DEL02-GO;UOP01-DEL02-GO
715168;30/08/2025;sábado;23:10:00;PA;316;57;CASTANHAL;Ingestão de álcool pelo condutor;Colisão com objeto;Sem Vítimas;Plena Noite;Crescente;Ignorado;Dupla;"Reta;Retorno Regulamentado";Não;3;0;0;0;3;0;0;1;-1,299788;-47,973423;SPRF-PA;DEL01-PA;UOP01-DEL01-PA
715169;31/08/2025;domingo;00:20:00;PI;343;6,8;PARNAIBA;Ausência de reação do condutor;Colisão traseira;Sem Vítimas;Plena Noite;Decrescente;Céu Claro;Simples;Reta;Sim;2;0;0;0;0;2;0;2;-2,89775973;-41,71287775;SPRF-PI;DEL05-PI;UOP01-DEL05-PI
715170;30/08/2025;sábado;22:30:00;PA;10;269,3;MAE DO RIO;Transitar na contramão;Colisão frontal;Com Vítimas Feridas;Plena Noite;Crescente;Céu Claro;Simples;Reta;Não;2;0;0;1;0;1;1;2;-2,074995;-47,559505;SPRF-PA;DEL02-PA;UOP01-DEL02-PA
715171;31/08/2025;domingo;00:10:00;PB;104;109;LAGOA SECA;Ingestão de álcool pelo condutor;Colisão lateral sentido oposto;Sem Vítimas;Plena Noite;Decrescente;Garoa/Chuvisco;Simples;Aclive;Não;3;0;0;0;3;0;0;2;-7,121072;-35,8637;SPRF-PB;DEL02-PB;UOP04-DEL02-PB
715172;31/08/2025;domingo;01:10:00;SP;116;94,7;PINDAMONHANGABA;Ingestão de álcool pelo condutor;Colisão com objeto;Com Vítimas Feridas;Plena Noite;Decrescente;Céu Claro;Simples;"Declive;Interseção de Vias;Curva";Sim;2;0;1;0;0;1;1;1;-22,96342966;-45,42657249;SPRF-SP;DEL08-SP;UOP01-DEL08-SP
715173;31/08/2025;domingo;01:40:00;PR;369;423;UBIRATA;Ausência de reação do condutor;Colisão traseira;Sem Vítimas;Plena Noite;Crescente;Céu Claro;Simples;"Declive;Reta;Retorno Regulamentado";Não;2;0;0;0;0;2;0;2;-24,51288589;-52,92542556;SPRF-PR;DEL04-PR;UOP03-DEL04-PR
715175;31/08/2025;domingo;01:45:00;SE;235;47;ITABAIANA;Velocidade Incompatível;Colisão traseira;Com Vítimas Feridas;Plena Noite;Crescente;Céu Claro;Simples;Reta;Não;2;0;1;0;1;0;1;2;-10,7057363;-37,4273664;SPRF-SE;DEL01-SE;UOP02-DEL01-SE