id;data_inversa;dia_semana;horario;uf;br;km;municipio;causa_acidente;tipo_acidente;classificacao_acidente;fase_dia;sentido_via;condicao_metereologica;tipo_pista;tracado_via;uso_solo;pessoas;mortos;feridos_leves;feridos_graves;ilesos;ignorados;feridos;veiculos;latitude;longitude;regional;delegacia;uop
715176;31/08/2025;domingo;02:00:00;ES;101;294;VIANA;Chuva;Colisão com objeto;Com Vítimas Feridas;Plena Noite;Crescente;Chuva;Múltipla;Reta;Não;1;0;1;0;0;0;1;1;-20,35623752;-40,41775118;SPRF-ES;DEL01-ES;UOP01-DEL01-ES
715178;31/08/2025;domingo;02:15:00;PE;101;156;RIBEIRAO;Ausência de reação do condutor;Colisão com objeto;Com Vítimas Feridas;Plena Noite;Crescente;Chuva;Dupla;Reta;Não;3;0;2;0;1;0;2;1;-8,54315277;-35,39020434;SPRF-PE;DEL01-PE;UOP03-DEL01-PE
715179;31/08/2025;domingo;02:03:00;ES;101;32;CONCEICAO DA BARRA;Avarias e/ou desgaste excessivo no pneu;Saída de leito carroçável;Sem Vítimas;Plena Noite;Crescente;Chuva;Simples;Reta;Sim;1;0;0;0;1;0;0;1;-18,4219208;-39,9358207;SPRF-ES;DEL04-ES;UOP02-DEL04-ES
715180;31/08/2025;domingo;00:15:00;MG;267;48;MARIPA DE MINAS;Ingestão de álcool pelo condutor;Saída de leito carroçável;Com Vítimas Feridas;Plena Noite;Crescente;Nublado;Simples;Curva;Não;1;0;1;0;0;0;1;1;-21,69603251;-42,97920227;SPRF-MG;DEL07-MG;UOP01-DEL07-MG
715181;31/08/2025;domingo;03:00:00;SC;101;134;ITAPEMA;Condutor deixou de manter distância do veículo da frente;Colisão traseira;Sem Vítimas;Plena Noite;Decrescente;Céu Claro;Simples;Reta;Sim;2;0;0;0;2;0;0;2;-27,06575;-48,595288;SPRF-SC;DEL04-SC;UOP03-DEL04-SC
715182;31/08/2025;domingo;01:15:00;SP;116;51;LORENA;Acessar a via sem observar a presença dos outros veículos;Atropelamento de Pedestre;Com Vítimas Feridas;Plena Noite;Crescente;Céu Claro;Simples;Curva;Sim;2;0;1;0;1;0;1;2;-22,740814;-45,092928;SPRF-SP;DEL08-SP;UOP02-DEL08-SP
715183;31/08/2025;domingo;04:00:00;SP;116;224,6;GUARULHOS;Velocidade Incompatível;Colisão com objeto;Com Vítimas Feridas;Plena Noite;Decrescente;Nublado;Múltipla;"Desvio Temporário;Curva;Em Obras";Não;1;0;1;0;0;0;1;1;-23,488217;-46,544545;SPRF-SP;DEL01-SP;UOP01-DEL01-SP
715184;31/08/2025;domingo;02:00:00;SC;282;547,2;CHAPECO;Velocidade Incompatível;Colisão com objeto;Com Vítimas Feridas;Plena Noite;Crescente;Céu Claro;Simples;Curva;Sim;1;0;0;1;0;0;1;1;-26,9747213;-52,7448319;SPRF-SC;DEL07-SC;UOP01-DEL07-SC
715185;30/08/2025;sábado;23:00:00;SC;101;132;BALNEARIO CAMBORIU;Pedestre - Ingestão de álcool/ substâncias psicoativas;Colisão com objeto;Com Vítimas Feridas;Plena Noite;Crescente;Céu Claro;Múltipla;Reta;Não;1;0;1;0;0;0;1;1;-26,99850827;-48,64993247;SPRF-SC;DEL04-SC;UOP03-DEL04-SC
715186;31/08/2025;domingo;04:30:00;MG;40;528,2;CONTAGEM;Acessar a via sem observar a presença dos outros veículos;Atropelamento de Pedestre;Com Vítimas Fatais;Plena Noite;Crescente;Nublado;Dupla;"Reta;Declive";Sim;2;1;0;0;0;1;0;2;-19,910533;-44,04304;SPRF-MG;DEL01-MG;UOP02-DEL01-MG
715187;31/08/2025;domingo;04:40:00;RS;392;79,5;PELOTAS;Ausência de reação do condutor;Saída de leito carroçável;Com Vítimas Feridas;Plena Noite;Crescente;Céu Claro;Simples;Reta;Não;1;0;1;0;0;0;1;1;-31,680164;-52,449686;SPRF-RS;DEL07-RS;UOP01-DEL07-RS
715188;31/08/2025;domingo;05:40:00;PR;277;719;FOZ DO IGUACU;Animais na Pista;Saída de leito carroçável;Com Vítimas Feridas;Plena Noite;Crescente;Céu Claro;Dupla;Reta;Sim;1;0;1;0;0;0;1;1;-25,48145281;-54,4887762;SPRF-PR;DEL05-PR;UOP03-DEL05-PR
715189;31/08/2025;domingo;04:30:00;SC;101;154;PORTO BELO;Ingestão de álcool pelo condutor;Colisão com objeto;Sem Vítimas;Plena Noite;Decrescente;Céu Claro;Múltipla;Reta;Não;1;0;0;0;0;1;0;1;-27,15992006;-48,61104507;SPRF-SC;DEL04-SC;UOP03-DEL04-SC
715190;31/08/2025;domingo;05:07:00;CE;116;44;HORIZONTE;Ausência de reação do condutor;Saída de leito carroçável;Com Vítimas Fatais;Pleno dia;Decrescente;Céu Claro;Dupla;Reta;Sim;1;1;0;0;0;0;0;1;-4,1265699;-38,4837792;SPRF-CE;DEL01-CE;UOP02-DEL01-CE
715193;31/08/2025;domingo;02:30:00;PR;277;424,1;CANTAGALO;Ausência de reação do condutor;Saída de leito carroçável;Sem Vítimas;Plena Noite;Crescente;Ignorado;Simples;Reta;Não;2;0;0;0;2;0;0;1;-25,383381;-52,148711;SPRF-PR;DEL04-PR;UOP02-DEL04-PR
715194;31/08/2025;domingo;05:40:00;AP;210;104;PORTO GRANDE;Ultrapassagem Indevida;Colisão frontal;Com Vítimas Feridas;Amanhecer;Decrescente;Ignorado;Simples;Reta;Sim;3;0;0;2;1;0;2;2;0,701614;-51,4041;SPRF-AP;DEL01-AP;UOP01-DEL01-AP
715196;31/08/2025;domingo;05:40:00;PR;163;271;QUATRO PONTES;Reação tardia ou ineficiente do condutor;Saída de leito carroçável;Sem Vítimas;Amanhecer;Crescente;Céu Claro;Dupla;Curva;Não;2;0;0;0;2;0;0;1;-24,602462;-53,979761;SPRF-PR;DEL06-PR;UOP02-DEL06-PR
715198;31/08/2025;domingo;07:00:00;PR;277;51,5;SAO JOSE DOS PINHAIS;Condutor Dormindo;Saída de leito carroçável;Com Vítimas Feridas;Pleno dia;Crescente;Nublado;Dupla;"Reta;Aclive";Não;4;0;4;0;0;0;4;1;-25,584078;-48,958274;SPRF-PR;DEL01-PR;UOP05-DEL01-PR
715199;30/08/2025;sábado;18:50:00;MA;316;609,8;TIMON;Ausência de reação do condutor;Colisão traseira;Com Vítimas Fatais;Plena Noite;Crescente;Céu Claro;Simples;Reta;Não;1;1;0;0;0;0;0;1;-5,0568048;-42,87976;SPRF-MA;DEL03-MA;UOP02-DEL03-MA
715200;31/08/2025;domingo;07:10:00;PB;230;28;JOAO PESSOA;Avarias e/ou desgaste excessivo no pneu;Saída de leito carroçável;Com Vítimas Feridas;Pleno dia;Crescente;Chuva;Dupla;Curva;Sim;1;0;0;1;0;0;1;1;-7,164857;-34,894742;SPRF-PB;DEL01-PB;UOP01-DEL01-PB
715202;31/08/2025;domingo;05:00:00;MG;267;56;BICAS;Pedestre andava na pista;Atropelamento de Pedestre;Com Vítimas Feridas;Amanhecer;Crescente;Nublado;Simples;Rotatória;Não;2;0;0;1;0;1;1;2;-21,7291749;-43,06677103;SPRF-MG;DEL07-MG;UOP01-DEL07-MG
715203;31/08/2025;domingo;01:30:00;MG;381;320,5;NOVA ERA;Velocidade Incompatível;Saída de leito carroçável;Com Vítimas Feridas;Plena Noite;Decrescente;Céu Claro;Simples;Curva;Não;1;0;0;1;0;0;1;1;-19,74226;-43,01972;SPRF-MG;DEL03-MG;UOP02-DEL03-MG
715205;31/08/2025;domingo;01:20:00;RJ;40;112;DUQUE DE CAXIAS;Ausência de reação do condutor;Saída de leito carroçável;Com Vítimas Feridas;Plena Noite;Decrescente;Garoa/Chuvisco;Dupla;Reta;Sim;1;0;0;1;0;0;1;1;-22,70649522;-43,29017334;SPRF-RJ;DEL01-RJ;UOP02-DEL01-RJ
715206;31/08/2025;domingo;05:30:00;RJ;116;145;DUQUE DE CAXIAS;Velocidade Incompatível;Colisão traseira;Com Vítimas Fatais;Amanhecer;Decrescente;Céu Claro;Dupla;Reta;Sim;3;1;1;0;1;0;1;2;-22,66224983;-43,25506193;SPRF-RJ;DEL01-RJ;UOP02-DEL01-RJ
715208;31/08/2025;domingo;08:30:00;RS;290;5;OSORIO;Velocidade Incompatível;Saída de leito carroçável;Com Vítimas Feridas;Pleno dia;Crescente;Céu Claro;Dupla;Curva;Não;5;0;2;3;0;0;5;1;-29,897152;-50,320462;SPRF-RS;DEL03-RS;UOP01-DEL03-RS
715210;31/08/2025;domingo;08:00:00;MG;381;500,5;BETIM;Avarias e/ou desgaste excessivo no pneu;Tombamento;Com Vítimas Feridas;Pleno dia;Decrescente;Céu Claro;Dupla;"Reta;Aclive";Não;2;0;2;0;0;0;2;1;-20,00756552;-44,21586005;SPRF-MG;DEL01-MG;UOP03-DEL01-MG
715211;30/08/2025;sábado;22:30:00;RJ;40;108;DUQUE DE CAXIAS;Ausência de reação do condutor;Colisão lateral mesmo sentido;Sem Vítimas;Plena Noite;Crescente;Céu Claro;Dupla;Curva;Sim;2;0;0;0;2;0;0;2;-22,6718149;-43,2834452;SPRF-RJ;DEL01-RJ;UOP02-DEL01-RJ
715212;02/08/2025;sábado;21:15:00;SC;116;62;PAPANDUVA;Acessar a via sem observar a presença dos outros veículos;Colisão transversal;Sem Vítimas;Plena Noite;Crescente;Céu Claro;Simples;"Interseção de Vias;Retorno Regulamentado;Reta";Não;2;0;0;0;2;0;0;2;-26,38198953;-50,21528721;SPRF-SC;DEL06-SC;UOP02-DEL06-SC
715213;31/08/2025;domingo;04:40:00;BA;407;218;QUIXABEIRA;Demais Fenômenos da natureza;Atropelamento de Pedestre;Com Vítimas Fatais;Amanhecer;Crescente;Nevoeiro/Neblina;Simples;Reta;Não;2;1;1;0;0;0;1;2;-11,262519;-40,023559;SPRF-BA;DEL04-BA;UOP02-DEL04-BA
715214;31/08/2025;domingo;07:30:00;RJ;116;118;MAGE;Acessar a via sem observar a presença dos outros veículos;Colisão lateral mesmo sentido;Com Vítimas Feridas;Pleno dia;Decrescente;Sol;Dupla;Reta;Não;2;0;1;0;1;0;1;2;-22,609861;-43,030952;SPRF-RJ;DEL04-RJ;UOP02-DEL04-RJ
715215;31/08/2025;domingo;09:00:00;BA;116;686;JEQUIE;Demais falhas na via;Queda de ocupante de veículo;Com Vítimas Feridas;Pleno dia;Crescente;Céu Claro;Simples;Reta;Não;1;0;0;1;0;0;1;1;-13,88827;-40,13967;SPRF-BA;DEL03-BA;UOP01-DEL03-BA
715216;06/08/2025;quarta-feira;08:30:00;MG;40;509;RIBEIRAO DAS NEVES;Manobra de mudança de faixa;Colisão lateral mesmo sentido;Com Vítimas Feridas;Pleno dia;Crescente;Céu Claro;Dupla;Reta;Sim;2;0;0;1;0;1;1;2;-19,76712209;-44,12883846;SPRF-MG;DEL01-MG;UOP02-DEL01-MG
715218;15/08/2025;sexta-feira;10:15:00;PB;101;58,2;SANTA RITA;Reação tardia ou ineficiente do condutor;Colisão com objeto;Com Vítimas Feridas;Pleno dia;Crescente;Chuva;Dupla;Reta;Não;3;0;1;0;2;0;1;1;-6,98745;-35,07288;SPRF-PB;DEL01-PB;UOP03-DEL01-PB
715219;31/08/2025;domingo;04:00:00;ES;101;98;JAGUARE;Condutor Dormindo;Capotamento;Sem Vítimas;Plena Noite;Decrescente;Chuva;Simples;Reta;Não;1;0;0;0;0;1;0;1;-18,963667;-39,987567;SPRF-ES;DEL04-ES;UOP02-DEL04-ES
715220;31/08/2025;domingo;06:30:00;RJ;493;97;SEROPEDICA;Condutor Dormindo;Saída de leito carroçável;Com Vítimas Feridas;Amanhecer;Decrescente;Céu Claro;Dupla;Curva;Não;4;0;4;0;0;0;4;1;-22,72027228;-43,70702171;SPRF-RJ;DEL01-RJ;UOP03-DEL01-RJ
715222;31/08/2025;domingo;09:40:00;ES;101;284;CARIACICA;Avarias e/ou desgaste excessivo no pneu;Queda de ocupante de veículo;Com Vítimas Feridas;Pleno dia;Crescente;Céu Claro;Dupla;Reta;Não;2;0;1;1;0;0;2;1;-20,24481;-40,36973;SPRF-ES;DEL01-ES;UOP01-DEL01-ES
715223;31/08/2025;domingo;08:25:00;AP;156;767;OIAPOQUE;Ingestão de álcool pelo condutor;Colisão traseira;Com Vítimas Feridas;Pleno dia;Decrescente;Céu Claro;Simples;"Reta;Aclive";Não;2;0;0;1;1;0;1;2;3,583812;-51,781389;SPRF-AP;DEL01-AP;UOP03-DEL01-AP
715224;31/08/2025;domingo;09:30:00;GO;153;358,6;JARAGUA;Acessar a via sem observar a presença dos outros veículos;Colisão lateral mesmo sentido;Com Vítimas Feridas;Pleno dia;Decrescente;Céu Claro;Simples;Reta;Sim;3;0;1;0;2;0;1;2;-15,76560493;-49,31051441;SPRF-GO;DEL02-GO;UOP02-DEL02-GO
715225;31/08/2025;domingo;09:20:00;MG;40;793,9;JUIZ DE FORA;Reação tardia ou ineficiente do condutor;Colisão lateral mesmo sentido;Com Vítimas Feridas;Pleno dia;Decrescente;Nublado;Dupla;Curva;Não;2;0;1;0;1;0;1;2;-21,7998878;-43,41173999;SPRF-MG;DEL05-MG;UOP01-DEL05-MG
715229;31/08/2025;domingo;10:00:00;CE;20;347,8;CARIDADE;Problema com o freio;Tombamento;Sem Vítimas;Pleno dia;Crescente;Céu Claro;Simples;Reta;Não;1;0;0;0;1;0;0;1;-4,104212;-39,05925;SPRF-CE;DEL02-CE;UOP01-DEL02-CE
715231;31/08/2025;domingo;10:20:00;PB;101;115,1;LAGOA SECA;Ausência de reação do condutor;Colisão lateral mesmo sentido;Com Vítimas Feridas;Pleno dia;Crescente;Chuva;Simples;"Reta;Interseção de Vias";Não;2;0;1;0;1;0;1;2;-7,169428;-35,859423;SPRF-PB;DEL01-PB;UOP01-DEL01-PB
715232;31/08/2025;domingo;10:40:00;RN;304;43;MOSSORO;Curva acentuada;Colisão com objeto;Com Vítimas Feridas;Pleno dia;Crescente;Céu Claro;Dupla;Interseção de Vias;Sim;2;0;1;1;0;0;2;1;-5,21850922;-37,36469328;SPRF-RN;DEL04-RN;UOP01-DEL04-RN
715233;31/08/2025;domingo;11:20:00;PR;376;70;GUAIRACA;Reação tardia ou ineficiente do condutor;Tombamento;Com Vítimas Feridas;Pleno dia;Crescente;Céu Claro;Simples;"Reta;Declive";Não;1;0;1;0;0;0;1;1;-22,9320862;-52,755363;SPRF-PR;DEL09-PR;UOP02-DEL09-PR
715234;31/08/2025;domingo;11:30:00;RS;386;350,5;ESTRELA;Reação tardia ou ineficiente do condutor;Colisão traseira;Com Vítimas Feridas;Pleno dia;Crescente;Céu Claro;Dupla;"Reta;Em Obras";Sim;5;0;2;0;3;0;2;3;-29,48011122;-51,95362754;SPRF-RS;DEL04-RS;UOP01-DEL04-RS
715235;31/08/2025;domingo;11:00:00;RS;471;150;SANTA CRUZ DO SUL;Conversão proibida;Colisão transversal;Com Vítimas Feridas;Pleno dia;Decrescente;Céu Claro;Simples;Interseção de Vias;Sim;2;0;1;0;1;0;1;2;-29,76206772;-52,42440716;SPRF-RS;DEL02-RS;UOP03-DEL02-RS
715236;31/08/2025;domingo;11:30:00;RJ;116;183;NOVA IGUACU;Ausência de reação do condutor;Colisão traseira;Com Vítimas Feridas;Pleno dia;Crescente;Céu Claro;Dupla;Reta;Não;4;0;1;0;3;0;1;4;-22,75669734;-43,43234003;SPRF-RJ;DEL06-RJ;UOP01-DEL06-RJ
715237;31/08/2025;domingo;12:25:00;MG;365;626;UBERLANDIA;Velocidade Incompatível;Tombamento;Com Vítimas Feridas;Pleno dia;Crescente;Céu Claro;Dupla;Curva;Não;1;0;1;0;0;0;1;1;-18,9062911;-48,33671663;SPRF-MG;DEL15-MG;UOP01-DEL15-MG
715238;31/08/2025;domingo;11:00:00;SC;470;39;GASPAR;Ausência de reação do condutor;Colisão traseira;Com Vítimas Feridas;Pleno dia;Decrescente;Nublado;Dupla;Curva;Não;5;0;3;0;2;0;3;2;-26,89676914;-48,98737041;SPRF-SC;DEL04-SC;UOP01-DEL04-SC
715240;31/08/2025;domingo;13:10:00;PE;232;19,3;MORENO;Reação tardia ou ineficiente do condutor;Colisão com objeto;Sem Vítimas;Pleno dia;Decrescente;Chuva;Dupla;Curva;Não;1;0;0;0;1;0;0;1;-8,098383;-35,065151;SPRF-PE;DEL01-PE;UOP01-DEL01-PE
715241;31/08/2025;domingo;13:40:00;ES;101;151;LINHARES;Ingestão de álcool pelo condutor;Colisão transversal;Com Vítimas Feridas;Pleno dia;Crescente;Chuva;Simples;Interseção de Vias;Não;3;0;0;2;1;0;2;2;-19,41719432;-40,06821424;SPRF-ES;DEL04-ES;UOP01-DEL04-ES
715242;31/08/2025;domingo;13:20:00;DF;70;2;BRASILIA;Manobra de mudança de faixa;Saída de leito carroçável;Com Vítimas Feridas;Pleno dia;Crescente;Céu Claro;Dupla;Reta;Sim;5;0;2;3;0;0;5;2;-15,79751975;-48,07162195;SPRF-DF;DEL03-DF;UOP02-DEL03-DF
715243;31/08/2025;domingo;10:31:00;BA;101;839;VEREDA;Reação tardia ou ineficiente do condutor;Colisão lateral sentido oposto;Com Vítimas Feridas;Pleno dia;Decrescente;Sol;Simples;"Declive;Curva";Não;2;0;0;1;1;0;1;2;-17,241382;-39,619473;SPRF-BA;DEL09-BA;UOP02-DEL09-BA
715246;31/08/2025;domingo;14:10:00;SC;101;203,3;SAO JOSE;Manobra de mudança de faixa;Colisão lateral mesmo sentido;Com Vítimas Feridas;Pleno dia;Decrescente;Nublado;Simples;Reta;Sim;3;0;2;0;1;0;2;2;-27,56851896;-48,61362219;SPRF-SC;DEL01-SC;UOP01-DEL01-SC
715247;31/08/2025;domingo;13:50:00;RS;470;217;BENTO GONCALVES;Ingestão de álcool pelo condutor;Colisão traseira;Com Vítimas Feridas;Pleno dia;Decrescente;Céu Claro;Dupla;Reta;Não;3;0;1;0;2;0;1;2;-29,17475877;-51,52330399;SPRF-RS;DEL06-RS;UOP01-DEL06-RS
715248;31/08/2025;domingo;13:00:00;BA;330;800;JEQUIE;Velocidade Incompatível;Queda de ocupante de veículo;Com Vítimas Fatais;Pleno dia;Decrescente;Céu Claro;Simples;Curva;Não;1;1;0;0;0;0;0;1;-13,944387;-39,9795217;SPRF-BA;DEL03-BA;UOP01-DEL03-BA
715249;15/08/2025;sexta-feira;14:40:00;SC;282;522,5;XAXIM;Acessar a via sem observar a presença dos outros veículos;Colisão transversal;Com Vítimas Feridas;Pleno dia;Decrescente;Céu Claro;Simples;"Rotatória;Declive";Sim;2;0;1;0;1;0;1;2;-26,95958283;-52,54523188;SPRF-SC;DEL07-SC;UOP01-DEL07-SC
715250;09/07/2025;quarta-feira;13:30:00;BA;101;117;ALAGOINHAS;Desrespeitar a preferência no cruzamento;Colisão transversal;Com Vítimas Feridas;Pleno dia;Decrescente;Céu Claro;Simples;Interseção de Vias;Não;2;0;0;1;1;0;1;2;-12,1650984;-38,4764043;SPRF-BA;DEL01-BA;UOP04-DEL01-BA
715251;31/08/2025;domingo;14:50:00;RJ;116;283;BARRA MANSA;Reação tardia ou ineficiente do condutor;Colisão traseira;Com Vítimas Feridas;Pleno dia;Decrescente;Céu Claro;Dupla;"Reta;Aclive";Não;7;0;1;0;6;0;1;2;-22,51318;-44,213345;SPRF-RJ;DEL07-RJ;UOP02-DEL07-RJ
715252;31/08/2025;domingo;10:35:00;MT;163;784;SORRISO;Ingestão de álcool pelo condutor;Saída de leito carroçável;Com Vítimas Feridas;Pleno dia;Crescente;Céu Claro;Simples;"Reta;Em Obras";Não;1;0;1;0;0;0;1;1;-12,30023;-55,57212;SPRF-MT;DEL06-MT;UOP02-DEL06-MT
715253;27/08/2025;quarta-feira;17:35:00;BA;324;614;SALVADOR;Velocidade Incompatível;Colisão traseira;Com Vítimas Feridas;Anoitecer;Crescente;Céu Claro;Dupla;Reta;Não;2;0;1;0;1;0;1;2;-12,8790508;-38,4318002;SPRF-BA;DEL01-BA;UOP01-DEL01-BA
715254;31/08/2025;domingo;15:30:00;PR;277;582,6;CASCAVEL;Ultrapassagem Indevida;Colisão lateral mesmo sentido;Com Vítimas Feridas;Pleno dia;Crescente;Céu Claro;Dupla;Reta;Não;3;0;1;0;2;0;1;3;-24,97243733;-53,39338873;SPRF-PR;DEL04-PR;UOP01-DEL04-PR
715255;07/05/2025;quarta-feira;10:40:00;BA;324;625,6;SALVADOR;Manobra de mudança de faixa;Colisão lateral mesmo sentido;Com Vítimas Feridas;Pleno dia;Crescente;Chuva;Múltipla;Reta;Sim;5;0;2;0;3;0;2;4;-12,96672305;-38,47494721;SPRF-BA;DEL01-BA;UOP01-DEL01-BA
715256;31/08/2025;domingo;13:55:00;SC;101;144;ITAPEMA;Pedestre cruzava a pista fora da faixa;Atropelamento de Pedestre;Com Vítimas Feridas;Pleno dia;Crescente;Chuva;Dupla;Reta;Não;2;0;1;0;1;0;1;2;-27,07520474;-48,59775424;SPRF-SC;DEL04-SC;UOP03-DEL04-SC
715257;31/08/2025;domingo;13:30:00;RJ;493;100;SEROPEDICA;Avarias e/ou desgaste excessivo no pneu;Tombamento;Com Vítimas Feridas;Pleno dia;Decrescente;Nublado;Dupla;Reta;Não;2;0;2;0;0;0;2;1;-22,76999376;-43,73995721;SPRF-RJ;DEL01-RJ;UOP03-DEL01-RJ
715259;31/08/2025;domingo;16:00:00;SP;116;153,8;SAO JOSE DOS CAMPOS;Manobra de mudança de faixa;Colisão lateral mesmo sentido;Com Vítimas Feridas;Pleno dia;Crescente;Sol;Dupla;Reta;Sim;3;0;2;0;1;0;2;2;-23,23713566;-45,91885742;SPRF-SP;DEL02-SP;UOP01-DEL02-SP
715260;31/08/2025;domingo;16:50:00;PE;104;56,2;CARUARU;Manobra de mudança de faixa;Colisão lateral mesmo sentido;Com Vítimas Feridas;Pleno dia;Decrescente;Chuva;Dupla;"Aclive;Retorno Regulamentado";Não;3;0;0;1;2;0;1;2;-8,20239;-35,96707;SPRF-PE;DEL02-PE;UOP01-DEL02-PE
715261;31/08/2025;domingo;10:15:00;SC;470;33;GASPAR;Demais falhas mecânicas ou elétricas;Tombamento;Com Vítimas Feridas;Pleno dia;Crescente;Nublado;Dupla;Reta;Não;2;0;2;0;0;0;2;1;-26,9052793;-48,93915351;SPRF-SC;DEL04-SC;UOP01-DEL04-SC
715263;31/08/2025;domingo;16:40:00;SC;101;236,1;PALHOCA;Reação tardia ou ineficiente do condutor;Colisão traseira;Sem Vítimas;Pleno dia;Decrescente;Nublado;Dupla;Reta;Não;2;0;0;0;2;0;0;2;-27,82789452;-48,62989632;SPRF-SC;DEL01-SC;UOP02-DEL01-SC
715264;31/08/2025;domingo;15:50:00;PB;230;133;CAMPINA GRANDE;Pista Escorregadia;Saída de leito carroçável;Com Vítimas Feridas;Anoitecer;Crescente;Garoa/Chuvisco;Dupla;Curva;Não;3;0;2;0;1;0;2;1;-7,2806777;-35,7725409;SPRF-PB;DEL02-PB;UOP01-DEL02-PB
715265;31/08/2025;domingo;15:30:00;SP;116;96,9;PINDAMONHANGABA;Reação tardia ou ineficiente do condutor;Colisão traseira;Com Vítimas Feridas;Pleno dia;Crescente;Sol;Dupla;Reta;Não;4;0;1;1;2;0;2;3;-22,97291465;-45,44591188;SPRF-SP;DEL08-SP;UOP01-DEL08-SP
715266;31/08/2025;domingo;17:00:00;MG;116;272;TEOFILO OTONI;Ingestão de substâncias psicoativas pelo condutor;Engavetamento;Com Vítimas Feridas;Pleno dia;Crescente;Nublado;Simples;"Reta;Em Obras";Não;5;0;1;0;4;0;1;4;-17,821777;-41,502338;SPRF-MG;DEL11-MG;UOP01-DEL11-MG
715267;31/08/2025;domingo;16:00:00;GO;364;174;JATAI;Reação tardia ou ineficiente do condutor;Saída de leito carroçável;Sem Vítimas;Pleno dia;Decrescente;Céu Claro;Dupla;"Interseção de Vias;Curva";Não;2;0;0;0;2;0;0;1;-17,997403;-51,575535;SPRF-GO;DEL05-GO;UOP01-DEL05-GO
715268;31/08/2025;domingo;16:45:00;BA;116;429;FEIRA DE SANTANA;Ingestão de álcool pelo condutor;Tombamento;Com Vítimas Feridas;Pleno dia;Crescente;Sol;Simples;Curva;Sim;1;0;1;0;0;0;1;1;-12,28779;-39,00466;SPRF-BA;DEL02-BA;UOP01-DEL02-BA
715269;31/08/2025;domingo;17:30:00;PR;376;200;MARIALVA;Ausência de reação do condutor;Queda de ocupante de veículo;Com Vítimas Feridas;Pleno dia;Crescente;Céu Claro;Dupla;Reta;Não;2;0;2;0;0;0;2;1;-23,505489;-51,739789;SPRF-PR;DEL09-PR;UOP01-DEL09-PR
715270;31/08/2025;domingo;11:00:00;SC;101;370;ICARA;Reação tardia ou ineficiente do condutor;Saída de leito carroçável;Com Vítimas Feridas;Pleno dia;Crescente;Céu Claro;Dupla;Reta;Não;2;0;2;0;0;0;2;1;-28,7056;-49,2041;SPRF-SC;DEL02-SC;UOP01-DEL02-SC
715271;31/08/2025;domingo;14:05:00;MG;40;36;PARACATU;Reação tardia ou ineficiente do condutor;Colisão traseira;Com Vítimas Feridas;Pleno dia;Decrescente;Céu Claro;Simples;Reta;Não;2;0;2;0;0;0;2;2;-17,195;-46,91;SPRF-MG;DEL14-MG;UOP01-DEL14-MG
715272;31/08/2025;domingo;16:00:00;PE;232;408;SERRA TALHADA;Desrespeitar a preferência no cruzamento;Colisão transversal;Sem Vítimas;Pleno dia;Crescente;Céu Claro;Simples;Interseção de Vias;Sim;2;0;0;0;2;0;0;2;-7,983244;-38,284616;SPRF-PE;DEL04-PE;UOP01-DEL04-PE
715274;31/08/2025;domingo;17:20:00;ES;101;298,4;VIANA;Velocidade Incompatível;Colisão com objeto;Sem Vítimas;Plena Noite;Crescente;Garoa/Chuvisco;Múltipla;"Reta;Interseção de Vias";Sim;1;0;0;0;1;0;0;1;-20,35751928;-40,42723877;SPRF-ES;DEL01-ES;UOP01-DEL01-ES
715275;31/08/2025;domingo;17:00:00;PA;230;1123;ITAITUBA;Ingestão de álcool pelo condutor;Colisão traseira;Com Vítimas Feridas;Pleno dia;Decrescente;Sol;Simples;Reta;Não;4;0;1;0;3;0;1;2;-4,31096269;-55,9576714;SPRF-PA;DEL05-PA;UOP02-DEL05-PA
715277;31/08/2025;domingo;16:07:00;PR;376;659,5;TIJUCAS DO SUL;Demais falhas mecânicas ou elétricas;Incêndio;Sem Vítimas;Pleno dia;Decrescente;Céu Claro;Simples;"Aclive;Curva";Não;1;0;0;0;0;1;0;1;-25,847;-48,998;SPRF-PR;DEL01-PR;UOP04-DEL01-PR
715278;31/08/2025;domingo;17:15:00;PE;424;91,1;GARANHUNS;Transitar na contramão;Colisão lateral sentido oposto;Com Vítimas Feridas;Anoitecer;Crescente;Garoa/Chuvisco;Simples;Reta;Sim;3;0;0;1;2;0;1;2;-8,905177;-36,498977;SPRF-PE;DEL03-PE;UOP01-DEL03-PE
715279;31/08/2025;domingo;15:10:00;MG;116;649;FERVEDOURO;Ausência de reação do condutor;Saída de leito carroçável;Com Vítimas Feridas;Pleno dia;Crescente;Céu Claro;Simples;Curva;Não;1;0;1;0;0;0;1;1;-20,72183895;-42,27933884;SPRF-MG;DEL07-MG;UOP02-DEL07-MG
715280;31/08/2025;domingo;15:05:00;MA;10;246;IMPERATRIZ;Manobra de mudança de faixa;Colisão transversal;Com Vítimas Feridas;Pleno dia;Decrescente;Sol;Múltipla;"Reta;Interseção de Vias";Sim;2;0;0;1;1;0;1;2;-5,57639;-47,442177;SPRF-MA;DEL04-MA;UOP01-DEL04-MA
715282;31/08/2025;domingo;18:00:00;RS;290;98;PORTO ALEGRE;Ingestão de álcool pelo condutor;Colisão lateral mesmo sentido;Sem Vítimas;Anoitecer;Decrescente;Céu Claro;Dupla;Reta;Sim;2;0;0;0;2;0;0;2;-29,99349582;-51,22117094;SPRF-RS;DEL01-RS;UOP01-DEL01-RS