id;data_inversa;dia_semana;horario;uf;br;km;municipio;causa_acidente;tipo_acidente;classificacao_acidente;fase_dia;sentido_via;condicao_metereologica;tipo_pista;tracado_via;uso_solo;pessoas;mortos;feridos_leves;feridos_graves;ilesos;ignorados;feridos;veiculos;latitude;longitude;regional;delegacia;uop
715283;31/08/2025;domingo;17:30:00;PR;153;332,3;IRATI;Acessar a via sem observar a presença dos outros veículos;Colisão lateral mesmo sentido;Com Vítimas Feridas;Anoitecer;Decrescente;Céu Claro;Simples;"Reta;Interseção de Vias";Sim;7;0;2;0;4;1;2;3;-25,4721224;-50,6371677;SPRF-PR;DEL08-PR;UOP02-DEL08-PR
715284;30/08/2025;sábado;03:50:00;BA;324;588;CANDEIAS;Ausência de reação do condutor;Saída de leito carroçável;Com Vítimas Feridas;Plena Noite;Decrescente;Céu Claro;Dupla;Reta;Não;1;0;1;0;0;0;1;1;-12,664245;-38,470815;SPRF-BA;DEL01-BA;UOP01-DEL01-BA
715285;31/08/2025;domingo;18:00:00;SP;116;157,5;SAO JOSE DOS CAMPOS;Reação tardia ou ineficiente do condutor;Saída de leito carroçável;Sem Vítimas;Plena Noite;Crescente;Céu Claro;Dupla;Reta;Não;1;0;0;0;1;0;0;1;-23,25244228;-45,93940482;SPRF-SP;DEL02-SP;UOP01-DEL02-SP
715286;31/08/2025;domingo;18:30:00;BA;324;611;SIMOES FILHO;Reação tardia ou ineficiente do condutor;Colisão com objeto;Com Vítimas Feridas;Plena Noite;Decrescente;Nublado;Dupla;"Desvio Temporário;Em Obras;Reta;Aclive";Não;1;0;1;0;0;0;1;1;-12,8518071;-38,4181784;SPRF-BA;DEL01-BA;UOP01-DEL01-BA
715287;31/08/2025;domingo;17:50:00;SC;101;310,4;LAGUNA;Demais falhas mecânicas ou elétricas;Tombamento;Com Vítimas Feridas;Anoitecer;Decrescente;Chuva;Dupla;Reta;Não;2;0;1;0;1;0;1;1;-28,436528;-48,808551;SPRF-SC;DEL02-SC;UOP01-DEL02-SC
715289;31/08/2025;domingo;18:40:00;RS;290;86;PORTO ALEGRE;Manobra de mudança de faixa;Colisão traseira;Com Vítimas Feridas;Plena Noite;Decrescente;Céu Claro;Múltipla;Reta;Sim;3;0;1;0;2;0;1;2;-29,96830836;-51,11701839;SPRF-RS;DEL01-RS;UOP01-DEL01-RS
715290;31/08/2025;domingo;16:35:00;PR;163;142;CAPITAO LEONIDAS MARQUES;Velocidade Incompatível;Saída de leito carroçável;Com Vítimas Feridas;Pleno dia;Decrescente;Céu Claro;Dupla;"Curva;Aclive";Sim;1;0;0;1;0;0;1;1;-25,45447811;-53,58162967;SPRF-PR;DEL05-PR;UOP05-DEL05-PR
715291;31/08/2025;domingo;18:40:00;SP;116;223;GUARULHOS;Condutor deixou de manter distância do veículo da frente;Colisão traseira;Com Vítimas Feridas;Plena Noite;Crescente;Céu Claro;Múltipla;Reta;Sim;4;0;4;0;0;0;4;2;-23,476956;-46,527652;SPRF-SP;DEL01-SP;UOP01-DEL01-SP
715292;31/08/2025;domingo;17:20:00;MG;40;736,7;SANTOS DUMONT;Reação tardia ou ineficiente do condutor;Colisão traseira;Com Vítimas Feridas;Pleno dia;Decrescente;Nublado;Simples;Reta;Não;2;0;0;1;1;0;1;2;-21,42089176;-43,55918169;SPRF-MG;DEL05-MG;UOP01-DEL05-MG
715293;31/08/2025;domingo;18:13:00;SP;381;71;MAIRIPORA;Demais falhas mecânicas ou elétricas;Queda de ocupante de veículo;Com Vítimas Feridas;Plena Noite;Crescente;Céu Claro;Múltipla;"Curva;Aclive";Não;1;0;1;0;0;0;1;1;-23,35334733;-46,55150528;SPRF-SP;DEL03-SP;UOP01-DEL03-SP
715296;31/08/2025;domingo;18:45:00;BA;116;15,4;VITORIA DA CONQUISTA;Ausência de reação do condutor;Colisão traseira;Com Vítimas Feridas;Plena Noite;Crescente;Céu Claro;Simples;Reta;Sim;3;0;0;1;2;0;1;2;-14,89859872;-40,8566422;SPRF-BA;DEL08-BA;UOP01-DEL08-BA
715297;31/08/2025;domingo;19:22:00;RS;116;259;CANOAS;Ausência de reação do condutor;Engavetamento;Sem Vítimas;Plena Noite;Crescente;Céu Claro;Dupla;"Curva;Viaduto";Sim;5;0;0;0;5;0;0;3;-29,87140525;-51,17986433;SPRF-RS;DEL01-RS;UOP02-DEL01-RS
715298;31/08/2025;domingo;19:00:00;CE;20;317,1;CANINDE;Velocidade Incompatível;Saída de leito carroçável;Sem Vítimas;Plena Noite;Decrescente;Céu Claro;Simples;Reta;Não;1;0;0;0;0;1;0;1;-4,3333133;-39,2869965;SPRF-CE;DEL02-CE;UOP01-DEL02-CE
715301;31/08/2025;domingo;18:40:00;MS;163;506;JARAGUARI;Reação tardia ou ineficiente do condutor;Colisão traseira;Com Vítimas Fatais;Plena Noite;Crescente;Céu Claro;Dupla;Reta;Não;2;1;1;0;0;0;1;2;-20,27582;-54,490128;SPRF-MS;DEL01-MS;UOP02-DEL01-MS
715302;31/08/2025;domingo;18:50:00;GO;153;534,6;HIDROLANDIA;Reação tardia ou ineficiente do condutor;Colisão traseira;Com Vítimas Fatais;Plena Noite;Crescente;Céu Claro;Dupla;Reta;Não;2;1;0;0;1;0;0;2;-17,04365529;-49,22424316;SPRF-GO;DEL01-GO;UOP03-DEL01-GO
715303;31/08/2025;domingo;18:35:00;GO;153;328,5;RIANAPOLIS;Entrada inopinada do pedestre;Atropelamento de Pedestre;Com Vítimas Fatais;Anoitecer;Decrescente;Céu Claro;Simples;Reta;Não;5;1;0;0;1;3;0;2;-15,528225;-49,457163;SPRF-GO;DEL02-GO;UOP02-DEL02-GO
715305;31/08/2025;domingo;19:18:00;BA;324;585;CANDEIAS;Acesso irregular;Atropelamento de Animal;Com Vítimas Fatais;Plena Noite;Decrescente;Céu Claro;Dupla;Reta;Não;2;1;0;0;1;0;0;2;-12,6450361;-38,4752811;SPRF-BA;DEL01-BA;UOP01-DEL01-BA
715306;31/08/2025;domingo;17:45:00;SP;153;161,9;PROMISSAO;Desrespeitar a preferência no cruzamento;Colisão transversal;Com Vítimas Feridas;Pleno dia;Crescente;Céu Claro;Simples;"Reta;Rotatória";Não;6;0;1;0;5;0;1;2;-21,51934239;-49,78140771;SPRF-SP;DEL07-SP;UOP01-DEL07-SP
715307;31/08/2025;domingo;19:07:00;GO;60;172,8;ABADIA DE GOIAS;Ingestão de álcool pelo condutor;Colisão traseira;Com Vítimas Feridas;Plena Noite;Crescente;Céu Claro;Múltipla;Reta;Não;2;0;0;1;1;0;1;2;-16,750393;-49,429037;SPRF-GO;DEL01-GO;UOP02-DEL01-GO
715309;31/08/2025;domingo;19:10:00;SC;282;506,9;XANXERE;Acessar a via sem observar a presença dos outros veículos;Colisão transversal;Com Vítimas Feridas;Plena Noite;Decrescente;Céu Claro;Simples;Reta;Sim;6;0;0;2;4;0;2;2;-26,88504028;-52,43530367;SPRF-SC;DEL07-SC;UOP01-DEL07-SC
715310;31/08/2025;domingo;18:55:00;PB;230;83;CALDAS BRANDAO;Entrada inopinada do pedestre;Atropelamento de Pedestre;Com Vítimas Fatais;Plena Noite;Decrescente;Céu Claro;Simples;"Reta;Declive";Sim;2;1;0;0;1;0;0;2;-7,172923;-35,335557;SPRF-PB;DEL01-PB;UOP02-DEL01-PB
715311;31/08/2025;domingo;19:30:00;MG;365;624,6;UBERLANDIA;Ausência de reação do condutor;Colisão com objeto;Sem Vítimas;Plena Noite;Decrescente;Céu Claro;Dupla;Reta;Não;1;0;0;0;0;1;0;1;-18,90745;-48,29901;SPRF-MG;DEL15-MG;UOP01-DEL15-MG
715312;31/08/2025;domingo;18:40:00;SP;116;20,9;LAVRINHAS;Condutor deixou de manter distância do veículo da frente;Colisão traseira;Com Vítimas Feridas;Plena Noite;Decrescente;Nublado;Dupla;Reta;Não;3;0;2;0;1;0;2;2;-22,57502336;-44,86713409;SPRF-SP;DEL08-SP;UOP02-DEL08-SP
715313;31/08/2025;domingo;20:00:00;SP;153;74,2;SAO JOSE DO RIO PRETO;Ausência de reação do condutor;Colisão traseira;Com Vítimas Feridas;Plena Noite;Decrescente;Céu Claro;Dupla;"Reta;Declive";Sim;2;0;1;0;0;1;1;2;-20,889333;-49,42951;SPRF-SP;DEL09-SP;UOP01-DEL09-SP
715314;31/08/2025;domingo;19:30:00;RJ;101;140;CARAPEBUS;Condutor Dormindo;Colisão com objeto;Com Vítimas Fatais;Plena Noite;Decrescente;Nublado;Dupla;"Declive;Reta";Não;1;1;0;0;0;0;0;1;-22,17915919;-41,74918413;SPRF-RJ;DEL08-RJ;UOP04-DEL08-RJ
715315;31/08/2025;domingo;19:20:00;PE;423;22;SAO CAITANO;Ingestão de álcool pelo condutor;Saída de leito carroçável;Com Vítimas Feridas;Plena Noite;Crescente;Nublado;Simples;Reta;Não;1;0;0;1;0;0;1;1;-8,36181;-36,17233;SPRF-PE;DEL03-PE;UOP02-DEL03-PE
715316;31/08/2025;domingo;20:20:00;SC;101;219;PALHOCA;Pedestre cruzava a pista fora da faixa;Atropelamento de Pedestre;Com Vítimas Feridas;Plena Noite;Crescente;Nublado;Simples;Reta;Sim;2;0;0;1;1;0;1;2;-27,68952908;-48,66522638;SPRF-SC;DEL01-SC;UOP02-DEL01-SC
715317;19/08/2025;terça-feira;18:30:00;ES;101;264,6;SERRA;Manobra de mudança de faixa;Colisão traseira;Com Vítimas Feridas;Plena Noite;Decrescente;Céu Claro;Dupla;Reta;Sim;2;0;0;1;1;0;1;2;-20,179623;-40,26513;SPRF-ES;DEL02-ES;UOP01-DEL02-ES
715318;31/08/2025;domingo;19:55:00;BA;242;407;SEABRA;Condutor Dormindo;Saída de leito carroçável;Com Vítimas Feridas;Plena Noite;Crescente;Céu Claro;Simples;Curva;Não;1;0;1;0;0;0;1;1;-12,488357;-41,732777;SPRF-BA;DEL06-BA;UOP01-DEL06-BA
715320;31/08/2025;domingo;19:30:00;RJ;101;427;MANGARATIBA;Ultrapassagem Indevida;Colisão lateral sentido oposto;Com Vítimas Feridas;Plena Noite;Crescente;Céu Claro;Simples;Declive;Não;9;0;3;3;1;2;6;4;-22,93388;-43,9886;SPRF-RJ;DEL03-RJ;UOP02-DEL03-RJ
715321;28/08/2025;quinta-feira;09:30:00;RJ;116;171;RIO DE JANEIRO;Manobra de mudança de faixa;Queda de ocupante de veículo;Com Vítimas Feridas;Pleno dia;Decrescente;Céu Claro;Dupla;Reta;Sim;1;0;0;1;0;0;1;1;-22,8044854;-43,3452021;SPRF-RJ;DEL06-RJ;UOP01-DEL06-RJ
715322;31/08/2025;domingo;20:30:00;RS;392;124,2;CANGUCU;Ausência de reação do condutor;Saída de leito carroçável;Com Vítimas Fatais;Plena Noite;Crescente;Céu Claro;Simples;Reta;Não;1;1;0;0;0;0;0;1;-31,37047957;-52,72116629;SPRF-RS;DEL07-RS;UOP01-DEL07-RS
715324;31/08/2025;domingo;20:35:00;BA;415;19;ILHEUS;Ausência de reação do condutor;Colisão traseira;Sem Vítimas;Plena Noite;Crescente;Garoa/Chuvisco;Dupla;Reta;Não;3;0;0;0;3;0;0;2;-14,79697958;-39,11978531;SPRF-BA;DEL05-BA;UOP01-DEL05-BA
715327;31/08/2025;domingo;21:00:00;ES;101;295,1;CARIACICA;Condutor deixou de manter distância do veículo da frente;Colisão lateral mesmo sentido;Com Vítimas Feridas;Plena Noite;Crescente;Chuva;Múltipla;Reta;Sim;2;0;1;0;0;1;1;2;-20,33411089;-40,40103078;SPRF-ES;DEL01-ES;UOP01-DEL01-ES
715328;31/08/2025;domingo;20:30:00;PR;369;480,3;CORBELIA;Ingestão de álcool pelo condutor;Saída de leito carroçável;Com Vítimas Feridas;Plena Noite;Crescente;Céu Claro;Simples;Curva;Não;1;0;1;0;0;0;1;1;-24,75870577;-53,29298713;SPRF-PR;DEL04-PR;UOP03-DEL04-PR
715330;31/08/2025;domingo;18:42:00;AC;364;110;RIO BRANCO;Condutor deixou de manter distância do veículo da frente;Colisão traseira;Com Vítimas Feridas;Plena Noite;Decrescente;Céu Claro;Simples;Reta;Não;5;0;1;0;4;0;1;2;-10,01392388;-67,6740939;SPRF-AC;DEL01-AC;UOP01-DEL01-AC
715331;31/08/2025;domingo;21:00:00;CE;20;306,2;CANINDE;Conversão proibida;Colisão transversal;Com Vítimas Feridas;Plena Noite;Crescente;Céu Claro;Simples;"Reta;Interseção de Vias";Sim;3;0;0;1;1;1;1;2;-4,359678;-39,302003;SPRF-CE;DEL02-CE;UOP01-DEL02-CE
715333;31/08/2025;domingo;20:00:00;PR;277;121,7;CAMPO LARGO;Acessar a via sem observar a presença dos outros veículos;Atropelamento de Pedestre;Com Vítimas Feridas;Plena Noite;Decrescente;Céu Claro;Dupla;Reta;Sim;2;0;0;1;1;0;1;2;-25,44538134;-49,49778406;SPRF-PR;DEL03-PR;UOP03-DEL03-PR
715334;31/08/2025;domingo;21:38:00;PE;101;44;IGARASSU;Ultrapassagem Indevida;Atropelamento de Animal;Com Vítimas Feridas;Plena Noite;Crescente;Céu Claro;Simples;Reta;Sim;2;0;2;0;0;0;2;2;-7,86228712;-34,90771651;SPRF-PE;DEL01-PE;UOP02-DEL01-PE
715335;31/08/2025;domingo;16:00:00;MG;40;293;TRES MARIAS;Ingestão de álcool pelo condutor;Saída de leito carroçável;Com Vítimas Feridas;Pleno dia;Decrescente;Céu Claro;Simples;Declive;Não;1;0;0;1;0;0;1;1;-18,29852831;-45,12244619;SPRF-MG;DEL14-MG;UOP02-DEL14-MG
715337;31/08/2025;domingo;19:45:00;GO;60;254,9;INDIARA;Animais na Pista;Atropelamento de Animal;Com Vítimas Feridas;Plena Noite;Decrescente;Céu Claro;Dupla;Reta;Não;4;0;4;0;0;0;4;1;-17,14727032;-50,01093597;SPRF-GO;DEL01-GO;UOP02-DEL01-GO
715338;31/08/2025;domingo;19:40:00;SC;101;395,4;MARACAJA;Ausência de reação do condutor;Saída de leito carroçável;Com Vítimas Feridas;Plena Noite;Decrescente;Céu Claro;Dupla;"Declive;Reta";Não;1;0;1;0;0;0;1;1;-28,833546;-49,4168;SPRF-SC;DEL02-SC;UOP02-DEL02-SC
715339;31/08/2025;domingo;20:30:00;PR;376;666,4;GUARATUBA;Ausência de reação do condutor;Colisão com objeto;Com Vítimas Feridas;Plena Noite;Crescente;Chuva;Simples;Curva;Não;1;0;1;0;0;0;1;1;-25,86658612;-48,94846313;SPRF-PR;DEL01-PR;UOP04-DEL01-PR
715340;31/08/2025;domingo;20:00:00;MA;222;342,8;IGARAPE DO MEIO;Demais falhas mecânicas ou elétricas;Saída de leito carroçável;Com Vítimas Feridas;Pleno dia;Crescente;Céu Claro;Simples;Reta;Não;1;0;0;1;0;0;1;1;-3,6650018;-45,23118;SPRF-MA;DEL02-MA;UOP01-DEL02-MA
715342;31/08/2025;domingo;17:30:00;MG;40;824,9;SIMAO PEREIRA;Reação tardia ou ineficiente do condutor;Colisão com objeto;Com Vítimas Feridas;Pleno dia;Crescente;Nublado;Dupla;Curva;Não;2;0;2;0;0;0;2;1;-21,99920574;-43,28679649;SPRF-MG;DEL05-MG;UOP01-DEL05-MG
715343;31/08/2025;domingo;21:00:00;AL;316;243,8;ATALAIA;Desrespeitar a preferência no cruzamento;Colisão frontal;Com Vítimas Feridas;Plena Noite;Crescente;Céu Claro;Simples;Curva;Sim;2;0;1;0;1;0;1;2;-9,51000446;-36,0050052;SPRF-AL;DEL01-AL;UOP01-DEL01-AL
715344;31/08/2025;domingo;15:50:00;MG;116;555,4;MANHUACU;Chuva;Saída de leito carroçável;Com Vítimas Feridas;Pleno dia;Crescente;Chuva;Simples;Curva;Não;2;0;0;2;0;0;2;1;-20,00892655;-42,15144932;SPRF-MG;DEL06-MG;UOP02-DEL06-MG
715345;31/08/2025;domingo;20:45:00;RN;304;189,3;LAJES;Transitar na contramão;Colisão frontal;Com Vítimas Fatais;Plena Noite;Decrescente;Nublado;Simples;Reta;Não;3;1;1;0;1;0;1;2;-5,700623;-36,257653;SPRF-RN;DEL01-RN;UOP03-DEL01-RN
715346;31/08/2025;domingo;20:31:00;PI;343;306;ALTOS;Ingestão de álcool pelo condutor;Colisão transversal;Com Vítimas Feridas;Plena Noite;Decrescente;Céu Claro;Simples;Reta;Sim;2;0;0;1;0;1;1;2;-5,039334;-42,455679;SPRF-PI;DEL01-PI;UOP01-DEL01-PI
715347;31/08/2025;domingo;22:00:00;SC;101;200,1;SAO JOSE;Manobra de mudança de faixa;Colisão lateral mesmo sentido;Sem Vítimas;Plena Noite;Decrescente;Chuva;Múltipla;Reta;Sim;3;0;0;0;3;0;0;2;-27,54574;-48,61985;SPRF-SC;DEL01-SC;UOP01-DEL01-SC
715348;31/08/2025;domingo;17:45:00;MA;316;585;CAXIAS;Manobra de mudança de faixa;Colisão lateral sentido oposto;Com Vítimas Feridas;Anoitecer;Decrescente;Céu Claro;Simples;"Aclive;Reta";Não;5;0;2;0;3;0;2;2;-4,98121;-43,080247;SPRF-MA;DEL03-MA;UOP02-DEL03-MA
715349;31/08/2025;domingo;22:10:00;SC;101;192;BIGUACU;Chuva;Capotamento;Com Vítimas Feridas;Plena Noite;Decrescente;Chuva;Dupla;Curva;Não;2;0;2;0;0;0;2;1;-27,48660783;-48,64894571;SPRF-SC;DEL01-SC;UOP01-DEL01-SC
715350;31/08/2025;domingo;18:44:00;MT;70;518;VARZEA GRANDE;Transitar na contramão;Colisão transversal;Sem Vítimas;Plena Noite;Decrescente;Céu Claro;Simples;Reta;Sim;9;0;0;0;9;0;0;3;-15,693822;-56,1674966;SPRF-MT;DEL01-MT;UOP02-DEL01-MT
715353;31/08/2025;domingo;19:10:00;RS;153;0,3;MARCELINO RAMOS;Reação tardia ou ineficiente do condutor;Colisão traseira;Sem Vítimas;Plena Noite;Decrescente;Céu Claro;Simples;Declive;Não;2;0;0;0;2;0;0;2;-27,38041153;-51,98622175;SPRF-RS;DEL08-RS;UOP04-DEL08-RS
715355;30/08/2025;sábado;06:40:00;SP;116;164,7;JACAREI;Objeto estático sobre o leito carroçável;Colisão com objeto;Com Vítimas Feridas;Pleno dia;Decrescente;Céu Claro;Dupla;Reta;Não;1;0;1;0;0;0;1;1;-23,29594973;-46,00627857;SPRF-SP;DEL02-SP;UOP01-DEL02-SP
715356;31/08/2025;domingo;22:40:00;SP;116;465;PARIQUERA-ACU;Ausência de reação do condutor;Saída de leito carroçável;Com Vítimas Feridas;Plena Noite;Crescente;Nublado;Múltipla;"Reta;Declive";Não;1;0;1;0;0;0;1;1;-24,64603136;-47,91991409;SPRF-SP;DEL05-SP;UOP01-DEL05-SP
715357;31/08/2025;domingo;17:15:00;PB;230;451;APARECIDA;Ausência de reação do condutor;Colisão traseira;Com Vítimas Fatais;Pleno dia;Crescente;Céu Claro;Simples;Reta;Não;2;1;0;0;1;0;0;2;-6,785;-38,118;SPRF-PB;DEL03-PB;UOP03-DEL03-PB
715358;31/08/2025;domingo;20:30:00;MT;174;85;CACERES;Ingestão de álcool pelo condutor;Tombamento;Com Vítimas Feridas;Plena Noite;Decrescente;Ignorado;Simples;Reta;Não;1;0;1;0;0;0;1;1;-15,942;-57,786;SPRF-MT;DEL03-MT;UOP01-DEL03-MT
715359;31/08/2025;domingo;23:15:00;SC;101;204,6;SAO JOSE;Reação tardia ou ineficiente do condutor;Colisão com objeto;Sem Vítimas;Plena Noite;Crescente;Garoa/Chuvisco;Dupla;Reta;Sim;1;0;0;0;1;0;0;1;-27,57954751;-48,61408353;SPRF-SC;DEL01-SC;UOP01-DEL01-SC
715360;31/08/2025;domingo;19:35:00;MA;135;21;SAO LUIS;Trafegar com motocicleta (ou similar) entre as faixas;Queda de ocupante de veículo;Com Vítimas Feridas;Plena Noite;Crescente;Céu Claro;Dupla;Aclive;Sim;2;0;1;0;1;0;1;2;-2,56644565;-44,32274133;SPRF-MA;DEL01-MA;UOP01-DEL01-MA
715361;31/08/2025;domingo;19:40:00;MA;135;24;BACABEIRA;Demais falhas mecânicas ou elétricas;Incêndio;Sem Vítimas;Plena Noite;Decrescente;Céu Claro;Dupla;Reta;Não;1;0;0;0;1;0;0;1;-2,765572;-44,362802;SPRF-MA;DEL01-MA;UOP01-DEL01-MA
715362;31/08/2025;domingo;21:00:00;MA;135;22;SAO LUIS;Acessar a via sem observar a presença dos outros veículos;Colisão transversal;Com Vítimas Feridas;Plena Noite;Decrescente;Céu Claro;Dupla;Reta;Sim;3;0;1;0;1;1;1;2;-2,74553183;-44,3417421;SPRF-MA;DEL01-MA;UOP01-DEL01-MA
715363;31/08/2025;domingo;22:15:00;MA;10;237;DAVINOPOLIS;Transitar na contramão;Atropelamento de Pedestre;Com Vítimas Fatais;Plena Noite;Decrescente;Céu Claro;Simples;Reta;Não;2;1;0;0;0;1;0;2;-5,642853;-47,397517;SPRF-MA;DEL04-MA;UOP01-DEL04-MA
715364;31/08/2025;domingo;22:50:00;BA;110;144;CICERO DANTAS;Transitar na contramão;Colisão frontal;Com Vítimas Fatais;Plena Noite;Crescente;Céu Claro;Simples;"Reta;Aclive";Não;2;1;0;0;1;0;0;2;-10,623745;-38,39484;SPRF-BA;DEL07-BA;UOP02-DEL07-BA
715365;31/08/2025;domingo;22:45:00;PA;230;117;MARABA;Reação tardia ou ineficiente do condutor;Colisão lateral mesmo sentido;Com Vítimas Feridas;Plena Noite;Crescente;Céu Claro;Dupla;Reta;Sim;2;0;1;0;1;0;1;2;-5,35756983;-49,08649564;SPRF-PA;DEL03-PA;UOP01-DEL03-PA
715366;01/09/2025;segunda-feira;00:20:00;ES;101;232,3;FUNDAO;Acumulo de água sobre o pavimento;Capotamento;Com Vítimas Feridas;Plena Noite;Crescente;Chuva;Simples;Reta;Não;2;0;1;1;0;0;2;1;-19,95504667;-40,408055;SPRF-ES;DEL02-ES;UOP01-DEL02-ES
715367;31/08/2025;domingo;22:20:00;PB;230;11;CABEDELO;Afundamento ou ondulação no pavimento;Tombamento;Com Vítimas Feridas;Plena Noite;Crescente;Céu Claro;Dupla;Reta;Sim;1;0;0;1;0;0;1;1;-7,061279;-34,850503;SPRF-PB;DEL01-PB;UOP01-DEL01-PB
715368;31/08/2025;domingo;23:15:00;RJ;101;484;ANGRA DOS REIS;Ausência de reação do condutor;Colisão frontal;Com Vítimas Feridas;Plena Noite;Decrescente;Nublado;Dupla;Curva;Não;1;0;0;1;0;0;1;1;-22,99442706;-44,23095703;SPRF-RJ;DEL03-RJ;UOP03-DEL03-RJ
715370;31/08/2025;domingo;22:30:00;BA;101;523;BUERAREMA;Ingestão de álcool pelo condutor;Saída de leito carroçável;Com Vítimas Fatais;Plena Noite;Decrescente;Céu Claro;Simples;Curva;Não;5;1;4;0;0;0;4;1;-14,9418306;-39,30428434;SPRF-BA;DEL05-BA;UOP01-DEL05-BA
715371;01/09/2025;segunda-feira;00:30:00;PR;369;109,8;URAI;Animais na Pista;Atropelamento de Animal;Sem Vítimas;Plena Noite;Decrescente;Céu Claro;Dupla;Reta;Não;1;0;0;0;1;0;0;1;-23,27242538;-50,81376314;SPRF-PR;DEL07-PR;UOP05-DEL07-PR
715372;01/09/2025;segunda-feira;00:50:00;PI;343;272;CAMPO MAIOR;Animais na Pista;Atropelamento de Animal;Com Vítimas Feridas;Plena Noite;Crescente;Céu Claro;Simples;Reta;Não;1;0;1;0;0;0;1;1;-4,8651083;-42,2139467;SPRF-PI;DEL01-PI;UOP03-DEL01-PI
715373;01/09/2025;segunda-feira;00:20:00;SE;235;26;LARANJEIRAS;Condutor Dormindo;Capotamento;Com Vítimas Feridas;Plena Noite;Crescente;Garoa/Chuvisco;Simples;"Reta;Ponte";Não;2;0;1;0;1;0;1;1;-10,80008377;-37,27129905;SPRF-SE;DEL01-SE;UOP02-DEL01-SE
715375;31/08/2025;domingo;11:00:00;SC;101;22;JOINVILLE;Demais falhas mecânicas ou elétricas;Tombamento;Com Vítimas Feridas;Pleno dia;Crescente;Nublado;Dupla;"Reta;Aclive";Não;2;0;2;0;0;0;2;1;-26,15753553;-48,90777938;SPRF-SC;DEL03-SC;UOP01-DEL03-SC
715376;01/09/2025;segunda-feira;00:45:00;MG;381;858,5;POUSO ALEGRE;Condutor Dormindo;Capotamento;Com Vítimas Feridas;Plena Noite;Decrescente;Céu Claro;Dupla;Reta;Não;1;0;0;1;0;0;1;1;-22,30778661;-45,90230509;SPRF-MG;DEL16-MG;UOP01-DEL16-MG
715377;01/09/2025;segunda-feira;00:45:00;SC;470;54,5;BLUMENAU;Ingestão de álcool pelo condutor;Colisão transversal;Sem Vítimas;Pleno dia;Crescente;Nublado;Simples;Interseção de Vias;Sim;2;0;0;0;1;1;0;2;-26,87317624;-49,11418366;SPRF-SC;DEL04-SC;UOP01-DEL04-SC
715378;01/09/2025;segunda-feira;01:40:00;RS;101;39;TRES FORQUILHAS;Ausência de reação do condutor;Queda de ocupante de veículo;Com Vítimas Feridas;Plena Noite;Decrescente;Chuva;Dupla;Reta;Não;1;0;1;0;0;0;1;1;-29,533724;-50,022554;SPRF-RS;DEL03-RS;UOP02-DEL03-RS
715379;01/09/2025;segunda-feira;01:40:00;RS;290;88;PORTO ALEGRE;Velocidade Incompatível;Colisão traseira;Com Vítimas Feridas;Plena Noite;Crescente;Céu Claro;Múltipla;Reta;Não;4;0;3;0;0;1;3;3;-29,96742336;-51,13855253;SPRF-RS;DEL01-RS;UOP01-DEL01-RS
715380;01/09/2025;segunda-feira;01:15:00;RJ;393;281;VOLTA REDONDA;Ausência de reação do condutor;Colisão traseira;Sem Vítimas;Plena Noite;Decrescente;Céu Claro;Simples;Reta;Sim;2;0;0;0;2;0;0;2;-22,47362999;-44,05734301;SPRF-RJ;DEL05-RJ;UOP04-DEL05-RJ
715384;01/09/2025;segunda-feira;02:30:00;SP;116;550;BARRA DO TURVO;Velocidade Incompatível;Colisão com objeto;Com Vítimas Feridas;Plena Noite;Decrescente;Garoa/Chuvisco;Dupla;Curva;Não;1;0;1;0;0;0;1;1;-24,966603;-48,474052;SPRF-SP;DEL05-SP;UOP02-DEL05-SP
715385;31/08/2025;domingo;21:15:00;MG;116;275,9;TEOFILO OTONI;Condutor deixou de manter distância do veículo da frente;Colisão traseira;Com Vítimas Feridas;Plena Noite;Crescente;Nublado;Dupla;Reta;Sim;2;0;0;1;1;0;1;2;-17,849924;-41,514969;SPRF-MG;DEL11-MG;UOP01-DEL11-MG
715386;31/08/2025;domingo;17:00:00;MG;116;367;FREI INOCENCIO;Reação tardia ou ineficiente do condutor;Saída de leito carroçável;Com Vítimas Feridas;Anoitecer;Crescente;Nublado;Simples;Reta;Não;3;0;2;0;1;0;2;1;-18,511418;-41,880274;SPRF-MG;DEL11-MG;UOP01-DEL11-MG
715387;01/09/2025;segunda-feira;02:30:00;RJ;101;54;CAMPOS DOS GOYTACAZES;Acessar a via sem observar a presença dos outros veículos;Colisão transversal;Sem Vítimas;Plena Noite;Decrescente;Céu Claro;Simples;Reta;Não;2;0;0;0;1;1;0;2;-21,672077;-41,310995;SPRF-RJ;DEL08-RJ;UOP01-DEL08-RJ
715388;01/09/2025;segunda-feira;02:30:00;BA;101;924;NOVA VICOSA;Ingestão de álcool pelo condutor;Saída de leito carroçável;Sem Vítimas;Plena Noite;Crescente;Garoa/Chuvisco;Simples;Curva;Não;1;0;0;0;0;1;0;1;-17,926525;-39,833037;SPRF-BA;DEL09-BA;UOP02-DEL09-BA
715390;01/09/2025;segunda-feira;02:35:00;CE;116;190;LIMOEIRO DO NORTE;Condutor Dormindo;Queda de ocupante de veículo;Com Vítimas Feridas;Plena Noite;Decrescente;Céu Claro;Simples;Reta;Não;1;0;1;0;0;0;1;1;-5,12771441;-38,15201696;SPRF-CE;DEL03-CE;UOP01-DEL03-CE