id;data_inversa;dia_semana;horario;uf;br;km;municipio;causa_acidente;tipo_acidente;classificacao_acidente;fase_dia;sentido_via;condicao_metereologica;tipo_pista;tracado_via;uso_solo;pessoas;mortos;feridos_leves;feridos_graves;ilesos;ignorados;feridos;veiculos;latitude;longitude;regional;delegacia;uop
715529;01/09/2025;segunda-feira;14:30:00;MA;316;578;CAXIAS;Manobra de mudança de faixa;Colisão frontal;Com Vítimas Fatais;Pleno dia;Decrescente;Céu Claro;Simples;Reta;Não;4;1;1;0;2;0;1;2;-4,948292;-43,141117;SPRF-MA;DEL03-MA;UOP02-DEL03-MA
715531;01/09/2025;segunda-feira;18:00:00;PE;101;70;RECIFE;Acessar a via sem observar a presença dos outros veículos;Colisão transversal;Com Vítimas Feridas;Plena Noite;Crescente;Céu Claro;Dupla;Reta;Sim;2;0;1;0;1;0;1;2;-8,07633691;-34,944329;SPRF-PE;DEL01-PE;UOP01-DEL01-PE
715532;01/09/2025;segunda-feira;17:45:00;MG;381;496,7;BETIM;Reação tardia ou ineficiente do condutor;Tombamento;Com Vítimas Feridas;Anoitecer;Decrescente;Céu Claro;Múltipla;"Curva;Aclive";Sim;1;0;1;0;0;0;1;1;-19,97768968;-44,19863641;SPRF-MG;DEL01-MG;UOP03-DEL01-MG
715533;01/09/2025;segunda-feira;16:50:00;MS;163;730;COXIM;Avarias e/ou desgaste excessivo no pneu;Tombamento;Com Vítimas Feridas;Pleno dia;Crescente;Céu Claro;Simples;Reta;Não;1;0;1;0;0;0;1;1;-18,4931488;-54,7283563;SPRF-MS;DEL06-MS;UOP01-DEL06-MS
715534;01/09/2025;segunda-feira;18:15:00;BA;116;216;EUCLIDES DA CUNHA;Acessar a via sem observar a presença dos outros veículos;Colisão transversal;Com Vítimas Feridas;Plena Noite;Decrescente;Chuva;Dupla;Reta;Sim;2;0;1;0;0;1;1;2;-10,506129;-39,010435;SPRF-BA;DEL07-BA;UOP03-DEL07-BA
715536;01/09/2025;segunda-feira;18:45:00;PA;316;149;CAPANEMA;Ingestão de álcool pelo condutor;Colisão frontal;Com Vítimas Feridas;Plena Noite;Crescente;Céu Claro;Simples;Reta;Não;3;0;1;0;2;0;1;3;-1,2194;-47,197;SPRF-PA;DEL01-PA;UOP03-DEL01-PA
715538;01/09/2025;segunda-feira;18:10:00;MG;50;181,5;UBERABA;Acostamento em desnível;Tombamento;Com Vítimas Feridas;Anoitecer;Decrescente;Céu Claro;Dupla;Reta;Sim;1;0;1;0;0;0;1;1;-19,7851;-47,9171;SPRF-MG;DEL13-MG;UOP01-DEL13-MG
715540;01/09/2025;segunda-feira;17:45:00;SC;282;579;PINHALZINHO;Manobra de mudança de faixa;Saída de leito carroçável;Com Vítimas Feridas;Plena Noite;Decrescente;Céu Claro;Simples;Reta;Não;2;0;1;0;0;1;1;2;-26,84901706;-52,98010223;SPRF-SC;DEL07-SC;UOP02-DEL07-SC
715541;29/08/2025;sexta-feira;07:10:00;BA;101;260;SANTO ANTONIO DE JESUS;Acessar a via sem observar a presença dos outros veículos;Colisão transversal;Com Vítimas Feridas;Pleno dia;Crescente;Céu Claro;Simples;"Reta;Interseção de Vias";Não;3;0;1;0;2;0;1;2;-12,96447005;-39,27215052;SPRF-BA;DEL01-BA;UOP02-DEL01-BA
715542;01/09/2025;segunda-feira;18:20:00;DF;251;30,3;BRASILIA;Condutor Dormindo;Colisão frontal;Com Vítimas Feridas;Anoitecer;Decrescente;Céu Claro;Simples;Reta;Não;4;0;3;0;0;1;3;3;-15,94817;-47,73741;SPRF-DF;DEL01-DF;UOP01-DEL01-DF
715545;01/09/2025;segunda-feira;18:30:00;RS;470;261,5;SALVADOR DO SUL;Velocidade Incompatível;Saída de leito carroçável;Sem Vítimas;Anoitecer;Crescente;Céu Claro;Simples;"Em Obras;Declive;Curva";Não;1;0;0;0;0;1;0;1;-29,48040374;-51,48378893;SPRF-RS;DEL06-RS;UOP01-DEL06-RS
715546;01/09/2025;segunda-feira;18:30:00;GO;40;155;CRISTALINA;Animais na Pista;Atropelamento de Animal;Com Vítimas Feridas;Anoitecer;Crescente;Céu Claro;Simples;Reta;Não;1;0;1;0;0;0;1;1;-16,7135791;-47,6696793;SPRF-DF;DEL01-DF;UOP02-DEL01-DF
715547;01/09/2025;segunda-feira;18:30:00;MA;135;5;SAO LUIS;Reação tardia ou ineficiente do condutor;Colisão traseira;Sem Vítimas;Plena Noite;Crescente;Nublado;Dupla;"Reta;Retorno Regulamentado";Sim;2;0;0;0;1;1;0;2;-2,622535;-44,258968;SPRF-MA;DEL01-MA;UOP01-DEL01-MA
715549;01/09/2025;segunda-feira;20:10:00;TO;153;138;ARAGUAINA;Acessar a via sem observar a presença dos outros veículos;Colisão transversal;Com Vítimas Feridas;Plena Noite;Decrescente;Céu Claro;Dupla;Rotatória;Sim;3;0;3;0;0;0;3;2;-7,161633;-48,205571;SPRF-TO;DEL02-TO;UOP01-DEL02-TO
715551;01/09/2025;segunda-feira;13:30:00;MT;163;941;ITAUBA;Ausência de reação do condutor;Saída de leito carroçável;Com Vítimas Feridas;Pleno dia;Decrescente;Céu Claro;Simples;Reta;Não;1;0;1;0;0;0;1;1;-10,969496;-55,226526;SPRF-MT;DEL06-MT;UOP02-DEL06-MT
715552;01/09/2025;segunda-feira;18:30:00;PR;476;358;UNIAO DA VITORIA;Acessar a via sem observar a presença dos outros veículos;Colisão transversal;Com Vítimas Feridas;Plena Noite;Crescente;Céu Claro;Simples;Reta;Não;2;0;2;0;0;0;2;2;-26,1984;-51,053227;SPRF-PR;DEL02-PR;UOP03-DEL02-PR
715553;01/09/2025;segunda-feira;16:46:00;RO;364;343;JI-PARANA;Condutor desrespeitou a iluminação vermelha do semáforo;Colisão transversal;Com Vítimas Feridas;Pleno dia;Decrescente;Garoa/Chuvisco;Múltipla;Reta;Sim;3;0;0;1;2;0;1;2;-10,874485;-61,951825;SPRF-RO;DEL02-RO;UOP01-DEL02-RO
715554;01/09/2025;segunda-feira;17:30:00;RJ;465;13;SEROPEDICA;Pedestre andava na pista;Atropelamento de Pedestre;Com Vítimas Feridas;Plena Noite;Crescente;Céu Claro;Dupla;Reta;Sim;2;0;1;0;1;0;1;2;-22,80084513;-43,64356248;SPRF-RJ;DEL06-RJ;UOP02-DEL06-RJ
715555;01/09/2025;segunda-feira;19:05:00;SP;116;114;TAUBATE;Pedestre andava na pista;Atropelamento de Pedestre;Com Vítimas Fatais;Plena Noite;Crescente;Céu Claro;Dupla;Reta;Sim;3;1;0;0;2;0;0;3;-23,0469994;-45,58828735;SPRF-SP;DEL02-SP;UOP02-DEL02-SP
715556;01/09/2025;segunda-feira;18:45:00;RS;153;52,9;ERECHIM;Pedestre andava na pista;Atropelamento de Pedestre;Com Vítimas Fatais;Plena Noite;Crescente;Céu Claro;Simples;"Reta;Declive";Não;3;1;0;0;2;0;0;2;-27,670674;-52,291152;SPRF-RS;DEL08-RS;UOP04-DEL08-RS
715558;01/09/2025;segunda-feira;19:26:00;RJ;101;390;RIO DE JANEIRO;Acumulo de areia ou detritos sobre o pavimento;Tombamento;Com Vítimas Feridas;Plena Noite;Crescente;Céu Claro;Simples;Curva;Sim;1;0;1;0;0;0;1;1;-22,8967344;-43,68198395;SPRF-RJ;DEL03-RJ;UOP01-DEL03-RJ
715559;01/09/2025;segunda-feira;19:30:00;RJ;116;303;PORTO REAL;Ausência de reação do condutor;Saída de leito carroçável;Com Vítimas Feridas;Plena Noite;Crescente;Nublado;Dupla;Retorno Regulamentado;Não;1;0;1;0;0;0;1;1;-22,4700456;-44,2790637;SPRF-RJ;DEL07-RJ;UOP02-DEL07-RJ
715560;26/08/2025;terça-feira;17:24:00;BA;415;52;ITABUNA;Transitar na contramão;Colisão frontal;Com Vítimas Feridas;Anoitecer;Crescente;Ignorado;Simples;Reta;Sim;2;0;1;0;0;1;1;2;-14,841307;-39,330664;SPRF-BA;DEL05-BA;UOP01-DEL05-BA
715561;01/09/2025;segunda-feira;21:10:00;PR;116;125;FAZENDA RIO GRANDE;Acessar a via sem observar a presença dos outros veículos;Colisão transversal;Sem Vítimas;Plena Noite;Crescente;Nublado;Dupla;Reta;Sim;7;0;0;0;6;1;0;3;-25,637187;-49,313103;SPRF-PR;DEL01-PR;UOP03-DEL01-PR
715562;01/09/2025;segunda-feira;21:00:00;PR;277;76;SAO JOSE DOS PINHAIS;Velocidade Incompatível;Capotamento;Com Vítimas Feridas;Plena Noite;Crescente;Céu Claro;Dupla;Reta;Sim;2;0;1;0;1;0;1;1;-25,49286827;-49,15008545;SPRF-PR;DEL01-PR;UOP07-DEL01-PR
715564;01/09/2025;segunda-feira;21:25:00;PR;476;118;COLOMBO;Acessar a via sem observar a presença dos outros veículos;Colisão traseira;Com Vítimas Feridas;Plena Noite;Decrescente;Céu Claro;Dupla;"Reta;Interseção de Vias";Sim;2;0;1;0;0;1;1;2;-25,34526714;-49,18029785;SPRF-PR;DEL01-PR;UOP01-DEL01-PR
715565;01/09/2025;segunda-feira;09:00:00;RJ;101;307;SAO GONCALO;Trafegar com motocicleta (ou similar) entre as faixas;Colisão lateral mesmo sentido;Com Vítimas Feridas;Pleno dia;Crescente;Céu Claro;Dupla;Reta;Não;3;0;1;0;2;0;1;2;-22,79246935;-43,02203178;SPRF-RJ;DEL02-RJ;UOP02-DEL02-RJ
715567;01/09/2025;segunda-feira;18:20:00;RJ;101;322;NITEROI;Manobra de mudança de faixa;Tombamento;Com Vítimas Feridas;Anoitecer;Decrescente;Nublado;Múltipla;Curva;Sim;1;0;1;0;0;0;1;1;-22,880579;-43,114072;SPRF-RJ;DEL02-RJ;UOP01-DEL02-RJ
715569;01/09/2025;segunda-feira;07:20:00;MT;364;203;RONDONOPOLIS;Reação tardia ou ineficiente do condutor;Tombamento;Com Vítimas Feridas;Pleno dia;Crescente;Céu Claro;Dupla;"Reta;Aclive";Sim;1;0;1;0;0;0;1;1;-16,46464561;-54,65826899;SPRF-MT;DEL02-MT;UOP01-DEL02-MT
715570;01/09/2025;segunda-feira;18:00:00;BA;101;332;PRESIDENTE TANCREDO NEVES;Condutor deixou de manter distância do veículo da frente;Colisão traseira;Com Vítimas Fatais;Anoitecer;Crescente;Nublado;Simples;Reta;Não;4;2;0;1;1;0;1;2;-13,493943;-39,431381;SPRF-BA;DEL05-BA;UOP03-DEL05-BA
715571;01/09/2025;segunda-feira;18:05:00;MA;230;402,3;BALSAS;Acessar a via sem observar a presença dos outros veículos;Colisão transversal;Com Vítimas Feridas;Anoitecer;Crescente;Céu Claro;Simples;Interseção de Vias;Sim;2;0;1;0;1;0;1;2;-7,513866;-46,033743;SPRF-MA;DEL05-MA;UOP01-DEL05-MA
715572;01/09/2025;segunda-feira;21:20:00;SE;235;38,9;AREIA BRANCA;Ingestão de álcool pelo condutor;Saída de leito carroçável;Com Vítimas Feridas;Plena Noite;Crescente;Céu Claro;Simples;Reta;Não;1;0;0;1;0;0;1;1;-10,76813843;-37,33027589;SPRF-SE;DEL01-SE;UOP02-DEL01-SE
715573;01/09/2025;segunda-feira;23:00:00;SC;101;79;ARAQUARI;Velocidade Incompatível;Colisão com objeto;Com Vítimas Feridas;Plena Noite;Decrescente;Chuva;Múltipla;Reta;Não;1;0;1;0;0;0;1;1;-26,59171672;-48,72191755;SPRF-SC;DEL03-SC;UOP02-DEL03-SC
715574;01/09/2025;segunda-feira;18:15:00;PE;428;188;PETROLINA;Entrada inopinada do pedestre;Atropelamento de Pedestre;Com Vítimas Feridas;Plena Noite;Crescente;Céu Claro;Dupla;"Reta;Viaduto";Sim;2;0;0;2;0;0;2;2;-9,376657;-40,496394;SPRF-PE;DEL06-PE;UOP01-DEL06-PE
715577;01/09/2025;segunda-feira;22:27:00;RN;304;29,7;MOSSORO;Acessar a via sem observar a presença dos outros veículos;Colisão transversal;Com Vítimas Fatais;Plena Noite;Decrescente;Céu Claro;Simples;"Reta;Interseção de Vias";Sim;2;1;0;0;1;0;0;2;-5,11517;-37,33965;SPRF-RN;DEL04-RN;UOP02-DEL04-RN
715579;02/09/2025;terça-feira;00:15:00;PB;101;88;JOAO PESSOA;Chuva;Tombamento;Com Vítimas Feridas;Plena Noite;Crescente;Garoa/Chuvisco;Dupla;Reta;Não;1;0;1;0;0;0;1;1;-7,16557;-34,896782;SPRF-PB;DEL01-PB;UOP01-DEL01-PB
715580;02/09/2025;terça-feira;00:30:00;RS;116;302;GUAIBA;Sinalização mal posicionada;Tombamento;Com Vítimas Feridas;Plena Noite;Decrescente;Nublado;Simples;Desvio Temporário;Sim;2;0;2;0;0;0;2;1;-30,14281695;-51,36156909;SPRF-RS;DEL02-RS;UOP01-DEL02-RS
715581;01/09/2025;segunda-feira;23:40:00;SC;101;41,8;JOINVILLE;Ingestão de álcool pelo condutor;Saída de leito carroçável;Com Vítimas Feridas;Plena Noite;Crescente;Chuva;Dupla;Reta;Sim;3;0;2;0;1;0;2;1;-26,32364536;-48,86819333;SPRF-SC;DEL03-SC;UOP01-DEL03-SC
715582;01/09/2025;segunda-feira;21:50:00;MT;163;596;NOVA MUTUM;Reação tardia ou ineficiente do condutor;Saída de leito carroçável;Com Vítimas Feridas;Plena Noite;Decrescente;Céu Claro;Dupla;Reta;Sim;2;0;0;2;0;0;2;1;-13,829003;-56,080895;SPRF-MT;DEL01-MT;UOP01-DEL01-MT
715584;02/09/2025;terça-feira;01:00:00;SC;280;45,5;GUARAMIRIM;Condutor Dormindo;Capotamento;Sem Vítimas;Plena Noite;Crescente;Garoa/Chuvisco;Simples;"Reta;Em Obras";Não;1;0;0;0;0;1;0;1;-26,4527415;-48,9042029;SPRF-SC;DEL03-SC;UOP03-DEL03-SC
715585;02/09/2025;terça-feira;00:10:00;MG;116;550;SANTA BARBARA DO LESTE;Ingestão de álcool pelo condutor;Colisão com objeto;Sem Vítimas;Plena Noite;Crescente;Nublado;Simples;Reta;Sim;2;0;0;0;2;0;0;1;-19,98253565;-42,14332849;SPRF-MG;DEL06-MG;UOP02-DEL06-MG
715586;02/09/2025;terça-feira;00:05:00;MG;116;233,4;TEOFILO OTONI;Condutor Dormindo;Saída de leito carroçável;Com Vítimas Feridas;Plena Noite;Crescente;Garoa/Chuvisco;Simples;"Declive;Curva";Não;2;0;0;1;1;0;1;1;-17,516145;-41,48636;SPRF-MG;DEL11-MG;UOP01-DEL11-MG
715592;02/09/2025;terça-feira;06:45:00;ES;101;282,3;CARIACICA;Chuva;Tombamento;Com Vítimas Feridas;Pleno dia;Crescente;Chuva;Múltipla;Retorno Regulamentado;Não;1;0;1;0;0;0;1;1;-20,22867736;-40,3660655;SPRF-ES;DEL01-ES;UOP01-DEL01-ES
715593;02/09/2025;terça-feira;06:45:00;MG;381;448,4;BELO HORIZONTE;Condutor deixou de manter distância do veículo da frente;Colisão traseira;Com Vítimas Feridas;Pleno dia;Crescente;Céu Claro;Simples;"Aclive;Curva";Sim;3;0;2;0;1;0;2;2;-19,838031;-43,883209;SPRF-MG;DEL01-MG;UOP01-DEL01-MG
715594;02/09/2025;terça-feira;06:30:00;RJ;116;186;NOVA IGUACU;Ausência de reação do condutor;Queda de ocupante de veículo;Com Vítimas Feridas;Pleno dia;Decrescente;Nublado;Dupla;Reta;Sim;2;0;1;0;1;0;1;1;-22,73994047;-43,46377082;SPRF-RJ;DEL06-RJ;UOP01-DEL06-RJ
715595;02/09/2025;terça-feira;05:30:00;GO;60;23,7;ALEXANIA;Pista Escorregadia;Colisão com objeto;Com Vítimas Feridas;Pleno dia;Decrescente;Céu Claro;Dupla;Curva;Não;5;0;1;0;4;0;1;1;-16,116372;-48,432677;SPRF-DF;DEL03-DF;UOP01-DEL03-DF
715596;02/09/2025;terça-feira;06:45:00;SC;101;196;BIGUACU;Avarias e/ou desgaste excessivo no pneu;Tombamento;Com Vítimas Feridas;Pleno dia;Crescente;Chuva;Dupla;Reta;Sim;2;0;2;0;0;0;2;1;-27,5118714;-48,6422646;SPRF-SC;DEL01-SC;UOP01-DEL01-SC
715597;02/09/2025;terça-feira;04:50:00;RJ;101;56,9;CAMPOS DOS GOYTACAZES;Pedestre - Ingestão de álcool/ substâncias psicoativas;Atropelamento de Pedestre;Com Vítimas Feridas;Amanhecer;Decrescente;Nublado;Simples;Reta;Não;2;0;1;0;1;0;1;2;-21,69824369;-41,30991809;SPRF-RJ;DEL08-RJ;UOP01-DEL08-RJ
715598;02/09/2025;terça-feira;06:50:00;RN;101;80,9;SAO GONCALO DO AMARANTE;Ausência de reação do condutor;Colisão lateral mesmo sentido;Com Vítimas Feridas;Pleno dia;Crescente;Céu Claro;Dupla;Reta;Sim;3;0;3;0;0;0;3;2;-5,764277;-35,284538;SPRF-RN;DEL02-RN;UOP01-DEL02-RN
715602;02/09/2025;terça-feira;07:15:00;PR;116;122;CURITIBA;Reação tardia ou ineficiente do condutor;Colisão traseira;Com Vítimas Feridas;Pleno dia;Decrescente;Nublado;Dupla;Reta;Sim;2;0;1;0;1;0;1;2;-25,6001647;-49,3173267;SPRF-PR;DEL01-PR;UOP03-DEL01-PR
715603;02/09/2025;terça-feira;06:30:00;RN;304;48,4;MOSSORO;Ausência de reação do condutor;Colisão com objeto;Com Vítimas Feridas;Pleno dia;Crescente;Céu Claro;Dupla;Reta;Sim;1;0;0;1;0;0;1;1;-5,231703;-37,32017;SPRF-RN;DEL04-RN;UOP01-DEL04-RN
715605;02/09/2025;terça-feira;07:40:00;PR;277;83;CURITIBA;Reação tardia ou ineficiente do condutor;Colisão traseira;Com Vítimas Feridas;Amanhecer;Decrescente;Nublado;Dupla;Reta;Sim;2;0;1;0;1;0;1;2;-25,4441897;-49,23328606;SPRF-PR;DEL01-PR;UOP07-DEL01-PR
715606;03/07/2025;quinta-feira;18:32:00;MG;381;221;BELO ORIENTE;Reação tardia ou ineficiente do condutor;Colisão traseira;Com Vítimas Feridas;Plena Noite;Decrescente;Nublado;Simples;Reta;Não;2;0;1;0;1;0;1;2;-19,29777755;-42,36828089;SPRF-MG;DEL06-MG;UOP01-DEL06-MG
715607;02/09/2025;terça-feira;07:50:00;PR;369;147,5;LONDRINA;Reação tardia ou ineficiente do condutor;Colisão traseira;Com Vítimas Feridas;Pleno dia;Crescente;Nublado;Dupla;"Reta;Aclive";Sim;2;0;1;0;0;1;1;2;-23,29305665;-51,13770811;SPRF-PR;DEL07-PR;UOP01-DEL07-PR
715608;02/09/2025;terça-feira;08:00:00;DF;70;11;BRASILIA;Reação tardia ou ineficiente do condutor;Queda de ocupante de veículo;Com Vítimas Feridas;Pleno dia;Crescente;Sol;Dupla;Reta;Sim;1;0;1;0;0;0;1;1;-15,790529;-48;SPRF-DF;DEL03-DF;UOP02-DEL03-DF
715609;02/09/2025;terça-feira;07:40:00;DF;20;30;BRASILIA;Demais falhas mecânicas ou elétricas;Capotamento;Com Vítimas Feridas;Pleno dia;Decrescente;Sol;Dupla;Reta;Não;3;0;1;1;1;0;2;1;-15,59077638;-47,58072854;SPRF-DF;DEL02-DF;UOP01-DEL02-DF
715610;29/08/2025;sexta-feira;09:18:00;RJ;40;110;DUQUE DE CAXIAS;Ausência de reação do condutor;Engavetamento;Com Vítimas Feridas;Pleno dia;Crescente;Céu Claro;Múltipla;Reta;Sim;4;0;1;0;3;0;1;4;-22,69369373;-43,28809396;SPRF-RJ;DEL01-RJ;UOP02-DEL01-RJ
715611;02/09/2025;terça-feira;07:10:00;MT;70;285;PRIMAVERA DO LESTE;Acesso irregular;Colisão lateral mesmo sentido;Com Vítimas Feridas;Pleno dia;Crescente;Sol;Simples;Reta;Sim;2;0;0;1;1;0;1;2;-15,5769135;-54,3412604;SPRF-MT;DEL05-MT;UOP01-DEL05-MT
715612;02/09/2025;terça-feira;07:55:00;SC;282;3;FLORIANOPOLIS;Manobra de mudança de faixa;Colisão lateral mesmo sentido;Com Vítimas Feridas;Pleno dia;Decrescente;Chuva;Múltipla;Reta;Sim;3;0;1;1;1;0;2;2;-27,59674208;-48,60091623;SPRF-SC;DEL01-SC;UOP01-DEL01-SC
715613;02/09/2025;terça-feira;08:00:00;MG;381;503;BETIM;Ausência de reação do condutor;Tombamento;Com Vítimas Feridas;Pleno dia;Decrescente;Céu Claro;Simples;Curva;Sim;1;0;1;0;0;0;1;1;-20,01988;-44,228217;SPRF-MG;DEL01-MG;UOP03-DEL01-MG
715614;22/08/2025;sexta-feira;06:40:00;PR;476;146,8;CURITIBA;Manobra de mudança de faixa;Colisão lateral mesmo sentido;Com Vítimas Feridas;Pleno dia;Crescente;Céu Claro;Dupla;Reta;Sim;2;0;1;0;1;0;1;2;-25,553854;-49,337647;SPRF-PR;DEL01-PR;UOP06-DEL01-PR
715615;02/09/2025;terça-feira;07:48:00;PR;376;217;JANDAIA DO SUL;Desrespeitar a preferência no cruzamento;Colisão transversal;Com Vítimas Feridas;Pleno dia;Decrescente;Céu Claro;Simples;Rotatória;Sim;2;0;0;1;1;0;1;2;-23,59525079;-51,64137332;SPRF-PR;DEL09-PR;UOP01-DEL09-PR
715616;02/09/2025;terça-feira;08:35:00;PR;116;113,1;CURITIBA;Trafegar com motocicleta (ou similar) entre as faixas;Colisão lateral mesmo sentido;Com Vítimas Feridas;Pleno dia;Crescente;Nublado;Dupla;Reta;Sim;2;0;2;0;0;0;2;2;-25,54912944;-49,28481515;SPRF-PR;DEL01-PR;UOP03-DEL01-PR
715618;02/09/2025;terça-feira;08:01:00;SC;280;56,4;GUARAMIRIM;Manobra de mudança de faixa;Colisão lateral mesmo sentido;Com Vítimas Feridas;Pleno dia;Crescente;Nublado;Dupla;Reta;Sim;2;0;1;0;1;0;1;2;-26,479288;-49,006128;SPRF-SC;DEL03-SC;UOP03-DEL03-SC
715619;02/09/2025;terça-feira;08:50:00;SP;381;66;MAIRIPORA;Ausência de reação do condutor;Colisão traseira;Sem Vítimas;Pleno dia;Crescente;Céu Claro;Múltipla;Reta;Sim;2;0;0;0;2;0;0;2;-23,33030045;-46,57772094;SPRF-SP;DEL03-SP;UOP01-DEL03-SP
715620;02/09/2025;terça-feira;08:45:00;PE;101;93;JABOATAO DOS GUARARAPES;Condutor usando celular;Colisão traseira;Com Vítimas Feridas;Pleno dia;Crescente;Céu Claro;Dupla;Reta;Não;2;0;1;0;1;0;1;2;-8,218917;-34,989727;SPRF-PE;DEL01-PE;UOP01-DEL01-PE
715622;02/09/2025;terça-feira;07:30:00;SC;101;116;ITAJAI;Acessar a via sem observar a presença dos outros veículos;Colisão transversal;Com Vítimas Feridas;Pleno dia;Crescente;Chuva;Dupla;"Reta;Interseção de Vias";Sim;2;0;1;0;1;0;1;2;-26,88608616;-48,72343183;SPRF-SC;DEL04-SC;UOP04-DEL04-SC
715625;02/09/2025;terça-feira;07:40:00;SC;101;1,3;GARUVA;Ausência de reação do condutor;Colisão com objeto;Sem Vítimas;Pleno dia;Crescente;Chuva;Múltipla;Reta;Não;1;0;0;0;1;0;0;1;-25,9921945;-48,88146607;SPRF-SC;DEL03-SC;UOP01-DEL03-SC
715627;29/08/2025;sexta-feira;08:00:00;RJ;101;478;ANGRA DOS REIS;Frear bruscamente;Queda de ocupante de veículo;Com Vítimas Feridas;Pleno dia;Decrescente;Nublado;Simples;Curva;Sim;1;0;0;1;0;0;1;1;-23,0045;-44,2767;SPRF-RJ;DEL03-RJ;UOP03-DEL03-RJ
715628;02/09/2025;terça-feira;08:30:00;MG;262;34,5;MANHUACU;Reação tardia ou ineficiente do condutor;Colisão traseira;Com Vítimas Feridas;Pleno dia;Crescente;Céu Claro;Simples;"Interseção de Vias;Curva";Sim;2;0;1;0;1;0;1;2;-20,25607408;-42,02867031;SPRF-MG;DEL06-MG;UOP03-DEL06-MG
715629;02/09/2025;terça-feira;09:20:00;PE;101;70;RECIFE;Condutor deixou de manter distância do veículo da frente;Colisão traseira;Com Vítimas Feridas;Pleno dia;Crescente;Céu Claro;Simples;Curva;Sim;1;0;0;1;0;0;1;1;-8,06932344;-34,94443238;SPRF-PE;DEL01-PE;UOP01-DEL01-PE
715631;02/09/2025;terça-feira;08:45:00;RN;405;73,5;APODI;Reação tardia ou ineficiente do condutor;Tombamento;Com Vítimas Feridas;Pleno dia;Crescente;Nublado;Simples;"Declive;Curva";Não;1;0;0;1;0;0;1;1;-5,629817;-37,80069;SPRF-RN;DEL04-RN;UOP02-DEL04-RN
715633;02/09/2025;terça-feira;07:50:00;RS;470;153;NOVA PRATA;Acessar a via sem observar a presença dos outros veículos;Colisão transversal;Com Vítimas Feridas;Pleno dia;Decrescente;Céu Claro;Simples;Reta;Não;2;0;1;0;1;0;1;2;-28,76039588;-51,62643417;SPRF-RS;DEL06-RS;UOP02-DEL06-RS
715636;02/09/2025;terça-feira;08:45:00;RJ;40;120;DUQUE DE CAXIAS;Reação tardia ou ineficiente do condutor;Colisão lateral mesmo sentido;Com Vítimas Feridas;Pleno dia;Crescente;Céu Claro;Múltipla;Reta;Sim;2;0;1;0;1;0;1;2;-22,78290715;-43,28561689;SPRF-RJ;DEL01-RJ;UOP02-DEL01-RJ
715637;02/09/2025;terça-feira;10:40:00;RS;116;247;SAO LEOPOLDO;Reação tardia ou ineficiente do condutor;Colisão transversal;Com Vítimas Feridas;Pleno dia;Decrescente;Céu Claro;Dupla;Reta;Não;2;0;1;0;1;0;1;2;-29,76587111;-51,15378161;SPRF-RS;DEL01-RS;UOP02-DEL01-RS
715638;02/09/2025;terça-feira;10:20:00;SC;282;400,8;JOACABA;Avarias e/ou desgaste excessivo no pneu;Saída de leito carroçável;Sem Vítimas;Pleno dia;Crescente;Nublado;Simples;Curva;Não;1;0;0;0;0;1;0;1;-27,13958342;-51,62170887;SPRF-SC;DEL07-SC;UOP05-DEL07-SC
715641;02/09/2025;terça-feira;11:05:00;ES;101;298,3;VIANA;Reação tardia ou ineficiente do condutor;Tombamento;Com Vítimas Feridas;Pleno dia;Crescente;Chuva;Múltipla;Reta;Sim;1;0;0;1;0;0;1;1;-20,35540428;-40,41762471;SPRF-ES;DEL01-ES;UOP01-DEL01-ES
715643;02/09/2025;terça-feira;08:15:00;MA;10;248;IMPERATRIZ;Animais na Pista;Atropelamento de Animal;Com Vítimas Feridas;Pleno dia;Crescente;Céu Claro;Múltipla;Reta;Sim;1;0;1;0;0;0;1;1;-5,563297;-47,450955;SPRF-MA;DEL04-MA;UOP01-DEL04-MA
715644;02/09/2025;terça-feira;11:50:00;MG;50;0,6;ARAGUARI;Velocidade Incompatível;Saída de leito carroçável;Com Vítimas Feridas;Pleno dia;Decrescente;Céu Claro;Dupla;"Reta;Declive";Não;3;0;0;1;2;0;1;2;-18,427436;-48,063077;SPRF-MG;DEL15-MG;UOP02-DEL15-MG
715645;02/09/2025;terça-feira;11:30:00;DF;20;15,5;BRASILIA;Ultrapassagem Indevida;Colisão com objeto;Com Vítimas Feridas;Pleno dia;Decrescente;Céu Claro;Dupla;Reta;Sim;1;0;0;1;0;0;1;1;-15,62731857;-47,72802048;SPRF-DF;DEL02-DF;UOP01-DEL02-DF
715646;02/09/2025;terça-feira;11:43:00;PE;428;187,8;PETROLINA;Reação tardia ou ineficiente do condutor;Colisão lateral mesmo sentido;Com Vítimas Feridas;Pleno dia;Crescente;Céu Claro;Dupla;Reta;Sim;3;0;0;2;1;0;2;2;-9,374078;-40,487461;SPRF-PE;DEL06-PE;UOP01-DEL06-PE
715647;28/08/2025;quinta-feira;13:19:00;RN;110;47;MOSSORO;Condutor deixou de manter distância do veículo da frente;Eventos atípicos;Com Vítimas Feridas;Pleno dia;Decrescente;Sol;Simples;"Reta;Declive";Sim;1;0;1;0;0;0;1;1;-5,207747;-37,331473;SPRF-RN;DEL04-RN;UOP01-DEL04-RN