id;data_inversa;dia_semana;horario;uf;br;km;municipio;causa_acidente;tipo_acidente;classificacao_acidente;fase_dia;sentido_via;condicao_metereologica;tipo_pista;tracado_via;uso_solo;pessoas;mortos;feridos_leves;feridos_graves;ilesos;ignorados;feridos;veiculos;latitude;longitude;regional;delegacia;uop
715798;03/09/2025;quarta-feira;07:40:00;SC;282;2,2;FLORIANOPOLIS;Trafegar com motocicleta (ou similar) entre as faixas;Colisão traseira;Com Vítimas Feridas;Pleno dia;Decrescente;Nublado;Múltipla;Reta;Sim;2;0;1;0;1;0;1;2;-27,6031;-48,59224;SPRF-SC;DEL01-SC;UOP01-DEL01-SC
715801;02/09/2025;terça-feira;23:00:00;PR;163;31;SANTO ANTONIO DO SUDOESTE;Ausência de reação do condutor;Saída de leito carroçável;Com Vítimas Fatais;Plena Noite;Crescente;Céu Claro;Simples;Curva;Não;1;1;0;0;0;0;0;1;-26,098755;-53,713185;SPRF-PR;DEL02-PR;UOP02-DEL02-PR
715802;03/09/2025;quarta-feira;06:45:00;BA;324;471;TANQUINHO;Avarias e/ou desgaste excessivo no pneu;Capotamento;Com Vítimas Feridas;Amanhecer;Decrescente;Nublado;Simples;"Declive;Curva";Não;2;0;1;0;1;0;1;1;-11,97508;-39,1194;SPRF-BA;DEL02-BA;UOP01-DEL02-BA
715803;03/09/2025;quarta-feira;07:50:00;CE;116;15;FORTALEZA;Ausência de reação do condutor;Engavetamento;Sem Vítimas;Pleno dia;Decrescente;Céu Claro;Dupla;Reta;Sim;4;0;0;0;4;0;0;3;-3,88108;-38,50094;SPRF-CE;DEL01-CE;UOP02-DEL01-CE
715806;03/09/2025;quarta-feira;07:15:00;RJ;101;329;RIO DE JANEIRO;Demais falhas mecânicas ou elétricas;Queda de ocupante de veículo;Com Vítimas Feridas;Pleno dia;Crescente;Céu Claro;Dupla;"Reta;Ponte";Não;2;0;2;0;0;0;2;1;-22,86774922;-43,19382459;SPRF-RJ;DEL02-RJ;UOP01-DEL02-RJ
715808;02/09/2025;terça-feira;12:30:00;MG;116;499;INHAPIM;Reação tardia ou ineficiente do condutor;Colisão transversal;Com Vítimas Feridas;Pleno dia;Crescente;Céu Claro;Simples;"Interseção de Vias;Reta";Não;2;0;1;0;1;0;1;2;-19,53661899;-42,1265699;SPRF-MG;DEL06-MG;UOP02-DEL06-MG
715809;03/09/2025;quarta-feira;07:50:00;BA;324;516;FEIRA DE SANTANA;Retorno proibido;Colisão transversal;Com Vítimas Feridas;Pleno dia;Decrescente;Nublado;Simples;Interseção de Vias;Sim;3;0;1;0;2;0;1;2;-12,26328045;-38,93273592;SPRF-BA;DEL02-BA;UOP01-DEL02-BA
715810;03/09/2025;quarta-feira;08:40:00;MG;365;626;UBERLANDIA;Acessar a via sem observar a presença dos outros veículos;Colisão transversal;Com Vítimas Feridas;Pleno dia;Decrescente;Céu Claro;Dupla;Reta;Sim;2;0;1;0;1;0;1;2;-18,909;-48,308;SPRF-MG;DEL15-MG;UOP01-DEL15-MG
715811;03/09/2025;quarta-feira;03:45:00;PA;10;207;IPIXUNA DO PARA;Ausência de reação do condutor;Colisão frontal;Com Vítimas Fatais;Plena Noite;Decrescente;Céu Claro;Simples;Reta;Não;3;1;2;0;0;0;2;2;-2,61301;-47,484257;SPRF-PA;DEL02-PA;UOP01-DEL02-PA
715812;02/09/2025;terça-feira;20:45:00;RS;386;414;MONTENEGRO;Curva acentuada;Saída de leito carroçável;Com Vítimas Feridas;Plena Noite;Crescente;Chuva;Simples;Rotatória;Não;1;0;1;0;0;0;1;1;-29,81637237;-51,48011338;SPRF-RS;DEL04-RS;UOP02-DEL04-RS
715813;03/09/2025;quarta-feira;08:45:00;RS;290;1;PORTO ALEGRE;Frear bruscamente;Capotamento;Com Vítimas Feridas;Pleno dia;Decrescente;Chuva;Simples;"Curva;Declive;Viaduto";Sim;1;0;1;0;0;0;1;1;-29,97485369;-51,19778752;SPRF-RS;DEL01-RS;UOP01-DEL01-RS
715814;03/09/2025;quarta-feira;08:10:00;BA;324;607;SIMOES FILHO;Reação tardia ou ineficiente do condutor;Engavetamento;Com Vítimas Feridas;Pleno dia;Crescente;Nublado;Dupla;Reta;Não;8;0;2;0;6;0;2;7;-12,81830145;-38,40723419;SPRF-BA;DEL01-BA;UOP01-DEL01-BA
715815;18/08/2025;segunda-feira;11:50:00;RJ;101;474;ANGRA DOS REIS;Acessar a via sem observar a presença dos outros veículos;Colisão lateral sentido oposto;Com Vítimas Feridas;Pleno dia;Crescente;Céu Claro;Simples;Reta;Sim;2;0;1;0;1;0;1;2;-22,9895826;-44,2418065;SPRF-RJ;DEL03-RJ;UOP03-DEL03-RJ
715817;03/09/2025;quarta-feira;07:40:00;PB;230;297;SANTA LUZIA;Objeto estático sobre o leito carroçável;Saída de leito carroçável;Com Vítimas Feridas;Pleno dia;Crescente;Nublado;Simples;"Reta;Declive";Não;1;0;1;0;0;0;1;1;-6,893797;-36,953027;SPRF-PB;DEL03-PB;UOP01-DEL03-PB
715818;03/09/2025;quarta-feira;08:40:00;GO;40;33,5;LUZIANIA;Reação tardia ou ineficiente do condutor;Saída de leito carroçável;Com Vítimas Feridas;Pleno dia;Crescente;Nublado;Dupla;Reta;Não;1;0;1;0;0;0;1;1;-16,306488;-47,843612;SPRF-DF;DEL01-DF;UOP01-DEL01-DF
715819;03/09/2025;quarta-feira;07:27:00;RJ;40;111;DUQUE DE CAXIAS;Reação tardia ou ineficiente do condutor;Colisão traseira;Com Vítimas Feridas;Pleno dia;Crescente;Céu Claro;Múltipla;Declive;Sim;2;0;2;0;0;0;2;2;-22,699727;-43,2904;SPRF-RJ;DEL01-RJ;UOP02-DEL01-RJ
715820;25/08/2025;segunda-feira;07:30:00;DF;20;16;BRASILIA;Trafegar com motocicleta (ou similar) entre as faixas;Colisão lateral mesmo sentido;Com Vítimas Feridas;Pleno dia;Decrescente;Céu Claro;Dupla;"Aclive;Reta";Sim;3;0;1;0;2;0;1;2;-15,63446076;-47,74055958;SPRF-DF;DEL02-DF;UOP01-DEL02-DF
715821;02/09/2025;terça-feira;21:30:00;PR;476;268;SAO MATEUS DO SUL;Transitar na contramão;Colisão frontal;Com Vítimas Fatais;Plena Noite;Crescente;Nublado;Simples;Reta;Não;2;1;0;0;1;0;0;2;-25,89363608;-50,37088819;SPRF-PR;DEL02-PR;UOP03-DEL02-PR
715822;03/09/2025;quarta-feira;08:20:00;BA;101;708,5;EUNAPOLIS;Pedestre cruzava a pista fora da faixa;Atropelamento de Pedestre;Com Vítimas Feridas;Pleno dia;Crescente;Nublado;Simples;Reta;Não;2;0;1;0;1;0;1;2;-16,30419977;-39,59635735;SPRF-BA;DEL09-BA;UOP01-DEL09-BA
715824;03/09/2025;quarta-feira;08:55:00;MG;381;896;CAMBUI;Ausência de reação do condutor;Saída de leito carroçável;Com Vítimas Feridas;Pleno dia;Decrescente;Sol;Dupla;Reta;Sim;2;0;1;0;0;1;1;2;-22,60223559;-46,05832368;SPRF-MG;DEL16-MG;UOP01-DEL16-MG
715826;03/09/2025;quarta-feira;08:29:00;CE;116;50;PACAJUS;Velocidade Incompatível;Colisão transversal;Com Vítimas Feridas;Pleno dia;Crescente;Céu Claro;Dupla;Reta;Não;2;0;1;0;0;1;1;2;-4,18658226;-38,48517749;SPRF-CE;DEL01-CE;UOP04-DEL01-CE
715827;03/09/2025;quarta-feira;08:10:00;RJ;116;296;BARRA MANSA;Reação tardia ou ineficiente do condutor;Colisão traseira;Com Vítimas Feridas;Pleno dia;Decrescente;Céu Claro;Múltipla;Curva;Sim;4;0;3;0;1;0;3;2;-22,45447923;-44,30140827;SPRF-RJ;DEL07-RJ;UOP02-DEL07-RJ
715828;23/08/2025;sábado;07:00:00;RS;471;190;PANTANO GRANDE;Ingestão de álcool pelo condutor;Colisão lateral sentido oposto;Sem Vítimas;Amanhecer;Decrescente;Chuva;Simples;Reta;Não;4;0;0;0;4;0;0;2;-30,133562;-52,370063;SPRF-RS;DEL02-RS;UOP03-DEL02-RS
715829;03/09/2025;quarta-feira;09:10:00;PE;423;20;SAO CAITANO;Ausência de reação do condutor;Colisão traseira;Com Vítimas Feridas;Pleno dia;Decrescente;Garoa/Chuvisco;Simples;Reta;Não;2;0;1;0;1;0;1;2;-8,344717;-36,163942;SPRF-PE;DEL03-PE;UOP02-DEL03-PE
715833;03/09/2025;quarta-feira;08:42:00;SP;153;190;LINS;Demais falhas mecânicas ou elétricas;Tombamento;Com Vítimas Feridas;Pleno dia;Decrescente;Céu Claro;Simples;Reta;Não;2;0;2;0;0;0;2;1;-21,66827673;-49,78969574;SPRF-SP;DEL07-SP;UOP01-DEL07-SP
715834;03/09/2025;quarta-feira;09:50:00;ES;101;148,5;LINHARES;Trafegar com motocicleta (ou similar) entre as faixas;Colisão lateral mesmo sentido;Com Vítimas Feridas;Pleno dia;Crescente;Céu Claro;Dupla;Reta;Sim;2;0;1;0;1;0;1;2;-19,3843726;-40,06707323;SPRF-ES;DEL04-ES;UOP01-DEL04-ES
715837;03/09/2025;quarta-feira;08:30:00;SP;381;88;GUARULHOS;Ausência de reação do condutor;Colisão lateral mesmo sentido;Com Vítimas Feridas;Pleno dia;Crescente;Céu Claro;Simples;Reta;Sim;2;0;1;0;1;0;1;2;-23,48469587;-46,5597032;SPRF-SP;DEL03-SP;UOP01-DEL03-SP
715838;03/09/2025;quarta-feira;08:04:00;RO;364;11;VILHENA;Manobra de mudança de faixa;Colisão lateral mesmo sentido;Com Vítimas Feridas;Pleno dia;Crescente;Céu Claro;Simples;Rotatória;Sim;2;0;1;0;1;0;1;2;-12,74541767;-60,11502597;SPRF-RO;DEL04-RO;UOP01-DEL04-RO
715839;03/09/2025;quarta-feira;09:45:00;MG;146;486;POCOS DE CALDAS;Ausência de reação do condutor;Colisão traseira;Com Vítimas Feridas;Pleno dia;Decrescente;Céu Claro;Simples;"Reta;Aclive";Não;2;0;1;0;1;0;1;2;-21,80593696;-46,46585812;SPRF-MG;DEL09-MG;UOP01-DEL09-MG
715843;03/09/2025;quarta-feira;07:45:00;SP;116;220;GUARULHOS;Ultrapassagem Indevida;Colisão traseira;Com Vítimas Feridas;Pleno dia;Crescente;Céu Claro;Múltipla;Reta;Sim;3;0;1;0;2;0;1;2;-23,4643772;-46,49821457;SPRF-SP;DEL01-SP;UOP01-DEL01-SP
715844;26/08/2025;terça-feira;17:30:00;CE;116;214,4;TABULEIRO DO NORTE;Acessar a via sem observar a presença dos outros veículos;Colisão transversal;Com Vítimas Feridas;Pleno dia;Decrescente;Céu Claro;Simples;Curva;Não;2;0;0;1;1;0;1;2;-5,29992139;-38,17384092;SPRF-CE;DEL03-CE;UOP01-DEL03-CE
715846;03/09/2025;quarta-feira;10:00:00;MG;381;192,5;PERIQUITO;Ultrapassagem Indevida;Saída de leito carroçável;Com Vítimas Feridas;Pleno dia;Decrescente;Céu Claro;Simples;Reta;Não;2;0;0;2;0;0;2;1;-19,140256;-42,222072;SPRF-MG;DEL06-MG;UOP01-DEL06-MG
715847;03/09/2025;quarta-feira;11:30:00;RJ;116;184;NOVA IGUACU;Avarias e/ou desgaste excessivo no pneu;Tombamento;Com Vítimas Feridas;Pleno dia;Decrescente;Céu Claro;Dupla;Reta;Sim;2;0;1;0;1;0;1;1;-22,7467214;-43,4456664;SPRF-RJ;DEL06-RJ;UOP01-DEL06-RJ
715848;03/09/2025;quarta-feira;10:15:00;MS;163;516,1;JARAGUARI;Avarias e/ou desgaste excessivo no pneu;Saída de leito carroçável;Com Vítimas Feridas;Pleno dia;Crescente;Céu Claro;Dupla;Reta;Não;1;0;0;1;0;0;1;1;-20,19728;-54,463242;SPRF-MS;DEL01-MS;UOP02-DEL01-MS
715850;03/09/2025;quarta-feira;11:40:00;BA;101;718;EUNAPOLIS;Reação tardia ou ineficiente do condutor;Colisão traseira;Com Vítimas Feridas;Pleno dia;Decrescente;Nublado;Simples;Reta;Sim;2;0;1;0;1;0;1;2;-16,38544426;-39,58585835;SPRF-BA;DEL09-BA;UOP01-DEL09-BA
715851;03/09/2025;quarta-feira;11:45:00;SC;101;21;JOINVILLE;Pista Escorregadia;Tombamento;Com Vítimas Feridas;Pleno dia;Crescente;Nublado;Dupla;Curva;Não;1;0;0;1;0;0;1;1;-26,153605;-48,908485;SPRF-SC;DEL03-SC;UOP01-DEL03-SC
715856;03/09/2025;quarta-feira;12:50:00;MG;365;631;UBERLANDIA;Manobra de mudança de faixa;Colisão lateral mesmo sentido;Sem Vítimas;Pleno dia;Decrescente;Céu Claro;Dupla;Reta;Sim;2;0;0;0;2;0;0;2;-18,9123;-48,2625;SPRF-MG;DEL15-MG;UOP01-DEL15-MG
715857;03/09/2025;quarta-feira;10:10:00;PI;343;213;CAPITAO DE CAMPOS;Acessar a via sem observar a presença dos outros veículos;Colisão transversal;Com Vítimas Feridas;Pleno dia;Crescente;Céu Claro;Dupla;"Reta;Retorno Regulamentado";Sim;2;0;0;1;1;0;1;2;-4,46005798;-41,9430542;SPRF-PI;DEL02-PI;UOP01-DEL02-PI
715858;03/09/2025;quarta-feira;12:15:00;AP;210;105;PORTO GRANDE;Condutor deixou de manter distância do veículo da frente;Colisão traseira;Com Vítimas Feridas;Pleno dia;Crescente;Céu Claro;Simples;Reta;Sim;2;0;1;0;1;0;1;2;0,69812954;-51,39678955;SPRF-AP;DEL01-AP;UOP01-DEL01-AP
715859;10/08/2025;domingo;23:30:00;ES;101;10,8;SERRA;Transitar na contramão;Colisão frontal;Com Vítimas Fatais;Plena Noite;Crescente;Nublado;Dupla;"Reta;Ponte";Não;3;1;1;0;1;0;1;2;-20,14954166;-40,345588;SPRF-ES;DEL02-ES;UOP01-DEL02-ES
715860;03/09/2025;quarta-feira;11:40:00;MG;50;124;UBERABA;Velocidade Incompatível;Colisão com objeto;Com Vítimas Feridas;Pleno dia;Crescente;Céu Claro;Dupla;Curva;Não;3;0;1;0;2;0;1;1;-19,34081;-48,09446;SPRF-MG;DEL13-MG;UOP01-DEL13-MG
715863;03/09/2025;quarta-feira;10:00:00;MG;365;560;INDIANOPOLIS;Pedestre andava na pista;Atropelamento de Pedestre;Com Vítimas Feridas;Pleno dia;Decrescente;Céu Claro;Simples;Reta;Não;2;0;1;0;1;0;1;2;-18,91018406;-47,89833069;SPRF-MG;DEL15-MG;UOP02-DEL15-MG
715865;03/09/2025;quarta-feira;13:30:00;RJ;101;306;SAO GONCALO;Reação tardia ou ineficiente do condutor;Colisão traseira;Sem Vítimas;Pleno dia;Decrescente;Céu Claro;Dupla;Reta;Sim;3;0;0;0;3;0;0;2;-22,79171684;-43,01734621;SPRF-RJ;DEL02-RJ;UOP02-DEL02-RJ
715866;03/09/2025;quarta-feira;06:55:00;BA;101;778,9;ITABELA;Ausência de reação do condutor;Saída de leito carroçável;Sem Vítimas;Pleno dia;Decrescente;Chuva;Simples;Curva;Não;1;0;0;0;0;1;0;1;-16,804903;-39,482593;SPRF-BA;DEL09-BA;UOP01-DEL09-BA
715867;03/09/2025;quarta-feira;13:15:00;SP;116;75,8;ROSEIRA;Ausência de reação do condutor;Queda de ocupante de veículo;Com Vítimas Feridas;Pleno dia;Crescente;Sol;Dupla;Curva;Sim;1;0;1;0;0;0;1;1;-22,877022;-45,271684;SPRF-SP;DEL08-SP;UOP01-DEL08-SP
715868;03/09/2025;quarta-feira;13:20:00;BA;116;375;LAMARAO;Reação tardia ou ineficiente do condutor;Colisão traseira;Com Vítimas Feridas;Pleno dia;Decrescente;Céu Claro;Simples;Reta;Não;2;0;1;0;1;0;1;2;-11,7944;-38,88333;SPRF-BA;DEL02-BA;UOP01-DEL02-BA
715869;03/09/2025;quarta-feira;12:30:00;PE;424;47;VENTUROSA;Demais falhas mecânicas ou elétricas;Colisão com objeto;Com Vítimas Feridas;Pleno dia;Decrescente;Céu Claro;Simples;"Declive;Curva";Não;1;0;1;0;0;0;1;1;-8,69861;-36,7887933;SPRF-PE;DEL03-PE;UOP01-DEL03-PE
715870;03/09/2025;quarta-feira;12:50:00;PB;230;112,8;INGA;Demais falhas mecânicas ou elétricas;Capotamento;Com Vítimas Feridas;Pleno dia;Crescente;Céu Claro;Dupla;Curva;Não;3;0;3;0;0;0;3;1;-7,2180758;-35,5957979;SPRF-PB;DEL01-PB;UOP02-DEL01-PB
715871;03/09/2025;quarta-feira;12:30:00;SP;116;111,4;TAUBATE;Trafegar com motocicleta (ou similar) entre as faixas;Colisão traseira;Sem Vítimas;Pleno dia;Crescente;Sol;Dupla;Reta;Sim;2;0;0;0;1;1;0;2;-23,03928818;-45,56319349;SPRF-SP;DEL02-SP;UOP02-DEL02-SP
715872;03/09/2025;quarta-feira;12:10:00;MT;70;1,4;BARRA DO GARCAS;Ultrapassagem Indevida;Colisão lateral mesmo sentido;Com Vítimas Feridas;Pleno dia;Decrescente;Céu Claro;Simples;Reta;Sim;3;0;2;0;1;0;2;2;-15,88760625;-52,26790577;SPRF-MT;DEL07-MT;UOP01-DEL07-MT
715873;03/09/2025;quarta-feira;12:40:00;RS;470;225;GARIBALDI;Acessar a via sem observar a presença dos outros veículos;Colisão transversal;Com Vítimas Feridas;Pleno dia;Crescente;Céu Claro;Simples;"Reta;Retorno Regulamentado";Sim;5;0;1;0;4;0;1;2;-29,24658263;-51,51602304;SPRF-RS;DEL06-RS;UOP01-DEL06-RS
715879;26/08/2025;terça-feira;17:00:00;BA;324;548;AMELIA RODRIGUES;Pista esburacada;Queda de ocupante de veículo;Com Vítimas Feridas;Pleno dia;Crescente;Céu Claro;Dupla;Reta;Não;2;0;1;1;0;0;2;1;-12,44223017;-38,72007161;SPRF-BA;DEL01-BA;UOP03-DEL01-BA
715881;02/09/2025;terça-feira;10:30:00;MA;222;330;IGARAPE DO MEIO;Transitar na contramão;Colisão transversal;Sem Vítimas;Pleno dia;Crescente;Céu Claro;Simples;Reta;Não;2;0;0;0;2;0;0;2;-3,593255;-45,100332;SPRF-MA;DEL02-MA;UOP01-DEL02-MA
715882;03/09/2025;quarta-feira;12:05:00;RS;386;179,5;CARAZINHO;Pedestre andava na pista;Atropelamento de Pedestre;Com Vítimas Feridas;Pleno dia;Decrescente;Céu Claro;Simples;"Reta;Interseção de Vias";Sim;2;0;1;0;1;0;1;2;-28,29728;-52,749725;SPRF-RS;DEL08-RS;UOP01-DEL08-RS
715883;03/09/2025;quarta-feira;13:20:00;PR;153;49,9;SANTO ANTONIO DA PLATINA;Manobra de mudança de faixa;Colisão frontal;Com Vítimas Feridas;Pleno dia;Decrescente;Céu Claro;Simples;Reta;Não;2;0;1;0;1;0;1;2;-23,37132123;-50,06426509;SPRF-PR;DEL07-PR;UOP04-DEL07-PR
715884;03/09/2025;quarta-feira;14:05:00;PB;230;7,6;CABEDELO;Acessar a via sem observar a presença dos outros veículos;Colisão lateral mesmo sentido;Com Vítimas Feridas;Pleno dia;Decrescente;Chuva;Múltipla;"Reta;Interseção de Vias";Não;2;0;1;0;1;0;1;2;-7,033657;-34,841813;SPRF-PB;DEL01-PB;UOP01-DEL01-PB
715885;03/09/2025;quarta-feira;14:50:00;GO;20;232,9;ALVORADA DO NORTE;Condutor deixou de manter distância do veículo da frente;Colisão traseira;Com Vítimas Feridas;Pleno dia;Decrescente;Céu Claro;Simples;Reta;Não;6;0;1;1;4;0;2;2;-14,4769024;-46,4945152;SPRF-DF;DEL02-DF;UOP03-DEL02-DF
715886;03/09/2025;quarta-feira;15:15:00;RJ;116;337,6;RESENDE;Reação tardia ou ineficiente do condutor;Colisão com objeto;Com Vítimas Feridas;Pleno dia;Crescente;Sol;Dupla;Reta;Sim;2;0;1;0;1;0;1;2;-22,50718309;-44,68111888;SPRF-RJ;DEL07-RJ;UOP02-DEL07-RJ
715887;30/07/2025;quarta-feira;08:30:00;RR;401;14;CANTA;Acessar a via sem observar a presença dos outros veículos;Colisão traseira;Sem Vítimas;Pleno dia;Decrescente;Sol;Dupla;Reta;Não;2;0;0;0;2;0;0;2;2,78750769;-60,64621576;SPRF-RR;DEL01-RR;UOP01-DEL01-RR
715889;03/09/2025;quarta-feira;13:45:00;SC;116;15,5;MAFRA;Manobra de mudança de faixa;Colisão lateral mesmo sentido;Com Vítimas Feridas;Pleno dia;Crescente;Céu Claro;Simples;"Reta;Aclive;Em Obras";Não;10;0;3;0;7;0;3;4;-26,206098;-49,8824216;SPRF-SC;DEL06-SC;UOP01-DEL06-SC
715893;03/09/2025;quarta-feira;14:02:00;SC;101;100,1;BALNEARIO PICARRAS;Acessar a via sem observar a presença dos outros veículos;Colisão traseira;Com Vítimas Feridas;Pleno dia;Crescente;Céu Claro;Simples;Reta;Não;5;0;2;0;3;0;2;2;-26,7577532;-48,6885616;SPRF-SC;DEL03-SC;UOP02-DEL03-SC
715895;03/09/2025;quarta-feira;13:20:00;BA;420;254;MUTUIPE;Ausência de reação do condutor;Colisão traseira;Com Vítimas Feridas;Pleno dia;Crescente;Chuva;Simples;"Aclive;Reta";Não;2;0;1;0;1;0;1;2;-13,22808027;-39,490995;SPRF-BA;DEL01-BA;UOP02-DEL01-BA
715896;03/09/2025;quarta-feira;15:45:00;PR;376;167,8;MARINGA;Conversão proibida;Colisão traseira;Com Vítimas Feridas;Pleno dia;Decrescente;Sol;Dupla;Aclive;Não;4;0;0;1;3;0;1;3;-23,393436;-52,009537;SPRF-PR;DEL09-PR;UOP01-DEL09-PR
715897;03/09/2025;quarta-feira;07:00:00;RJ;101;312;SAO GONCALO;Avarias e/ou desgaste excessivo no pneu;Queda de ocupante de veículo;Com Vítimas Feridas;Pleno dia;Crescente;Céu Claro;Dupla;Reta;Não;2;0;2;0;0;0;2;1;-22,793066;-43,024902;SPRF-RJ;DEL02-RJ;UOP02-DEL02-RJ
715898;03/09/2025;quarta-feira;15:50:00;SP;488;1,4;APARECIDA;Ausência de reação do condutor;Colisão lateral mesmo sentido;Com Vítimas Feridas;Pleno dia;Crescente;Céu Claro;Dupla;Reta;Sim;2;0;0;1;1;0;1;2;-22,8470173;-45,23288798;SPRF-SP;DEL08-SP;UOP01-DEL08-SP
715899;03/09/2025;quarta-feira;16:40:00;SC;101;151;ITAPEMA;Desrespeitar a preferência no cruzamento;Colisão transversal;Sem Vítimas;Pleno dia;Crescente;Garoa/Chuvisco;Múltipla;Interseção de Vias;Não;2;0;0;0;1;1;0;2;-27,13267703;-48,61013381;SPRF-SC;DEL04-SC;UOP03-DEL04-SC
715900;03/09/2025;quarta-feira;14:50:00;RS;285;292;PASSO FUNDO;Trafegar com motocicleta (ou similar) entre as faixas;Colisão lateral mesmo sentido;Com Vítimas Feridas;Pleno dia;Decrescente;Nublado;Simples;Rotatória;Sim;3;0;1;0;1;1;1;3;-28,237876;-52,370318;SPRF-RS;DEL08-RS;UOP03-DEL08-RS
715901;03/09/2025;quarta-feira;14:05:00;SC;101;211;SAO JOSE;Reação tardia ou ineficiente do condutor;Colisão lateral mesmo sentido;Com Vítimas Feridas;Pleno dia;Crescente;Nublado;Múltipla;Reta;Sim;2;0;0;1;1;0;1;2;-27,622956;-48,652413;SPRF-SC;DEL01-SC;UOP02-DEL01-SC
715909;03/09/2025;quarta-feira;12:00:00;RJ;101;228;SILVA JARDIM;Ausência de reação do condutor;Tombamento;Com Vítimas Feridas;Pleno dia;Decrescente;Céu Claro;Dupla;Curva;Não;2;0;2;0;0;0;2;1;-22,563743;-42,360981;SPRF-RJ;DEL02-RJ;UOP03-DEL02-RJ
715910;03/09/2025;quarta-feira;17:20:00;MG;40;519,7;CONTAGEM;Manobra de mudança de faixa;Colisão lateral mesmo sentido;Com Vítimas Feridas;Pleno dia;Decrescente;Céu Claro;Dupla;Reta;Não;2;0;0;1;1;0;1;2;-19,842916;-44,074833;SPRF-MG;DEL01-MG;UOP02-DEL01-MG
715911;03/09/2025;quarta-feira;15:40:00;RS;392;141,9;CANGUCU;Ausência de reação do condutor;Saída de leito carroçável;Com Vítimas Feridas;Pleno dia;Crescente;Chuva;Simples;Curva;Não;1;0;1;0;0;0;1;1;-31,236002;-52,812468;SPRF-RS;DEL07-RS;UOP01-DEL07-RS
715912;03/09/2025;quarta-feira;17:00:00;RJ;101;326,5;RIO DE JANEIRO;Trafegar com motocicleta (ou similar) entre as faixas;Colisão lateral mesmo sentido;Com Vítimas Feridas;Pleno dia;Decrescente;Céu Claro;Dupla;"Reta;Aclive;Ponte";Não;3;0;2;0;1;0;2;2;-22,8718191;-43,1600325;SPRF-RJ;DEL02-RJ;UOP01-DEL02-RJ
715914;30/08/2025;sábado;20:30:00;BA;407;111,8;JAGUARARI;Condutor deixou de manter distância do veículo da frente;Colisão traseira;Com Vítimas Feridas;Plena Noite;Decrescente;Nublado;Simples;"Reta;Aclive";Não;5;0;1;0;3;1;1;2;-10,332836;-40,167686;SPRF-BA;DEL04-BA;UOP01-DEL04-BA
715917;03/09/2025;quarta-feira;18:30:00;SC;282;504;XANXERE;Acessar a via sem observar a presença dos outros veículos;Colisão transversal;Com Vítimas Feridas;Anoitecer;Crescente;Céu Claro;Simples;Interseção de Vias;Não;2;0;1;0;1;0;1;2;-26,88468816;-52,40958866;SPRF-SC;DEL07-SC;UOP01-DEL07-SC
715918;03/09/2025;quarta-feira;18:35:00;SC;101;202;SAO JOSE;Manobra de mudança de faixa;Colisão lateral mesmo sentido;Com Vítimas Feridas;Plena Noite;Crescente;Nublado;Múltipla;Reta;Sim;3;0;0;1;2;0;1;3;-27,5623;-48,61598;SPRF-SC;DEL01-SC;UOP01-DEL01-SC
715919;03/09/2025;quarta-feira;18:00:00;PE;101;133;ESCADA;Transitar na contramão;Colisão lateral sentido oposto;Com Vítimas Feridas;Plena Noite;Decrescente;Chuva;Dupla;Reta;Não;2;0;0;1;0;1;1;2;-8,3862761;-35,2517592;SPRF-PE;DEL01-PE;UOP03-DEL01-PE
715922;03/09/2025;quarta-feira;16:14:00;MS;158;157,7;APARECIDA DO TABOADO;Reação tardia ou ineficiente do condutor;Saída de leito carroçável;Sem Vítimas;Pleno dia;Crescente;Céu Claro;Simples;Reta;Não;1;0;0;0;1;0;0;1;-20,154013;-51,203356;SPRF-MS;DEL08-MS;UOP01-DEL08-MS
715923;03/09/2025;quarta-feira;17:55:00;MG;381;541;ITATIAIUCU;Demais falhas mecânicas ou elétricas;Tombamento;Com Vítimas Feridas;Plena Noite;Decrescente;Céu Claro;Dupla;Curva;Não;1;0;1;0;0;0;1;1;-20,23122431;-44,39776897;SPRF-MG;DEL04-MG;UOP03-DEL04-MG
715924;03/09/2025;quarta-feira;11:50:00;RJ;101;532;ANGRA DOS REIS;Conversão proibida;Colisão transversal;Com Vítimas Feridas;Pleno dia;Crescente;Céu Claro;Simples;Reta;Não;2;0;0;1;0;1;1;2;-23,02201883;-44,5357394;SPRF-RJ;DEL03-RJ;UOP03-DEL03-RJ
715926;03/09/2025;quarta-feira;17:10:00;MG;262;450,3;NOVA SERRANA;Animais na Pista;Tombamento;Com Vítimas Feridas;Pleno dia;Crescente;Sol;Simples;Reta;Não;1;0;1;0;0;0;1;1;-19,82333;-45,08099;SPRF-MG;DEL08-MG;UOP03-DEL08-MG
715927;03/09/2025;quarta-feira;18:40:00;SC;282;2;FLORIANOPOLIS;Reação tardia ou ineficiente do condutor;Colisão lateral mesmo sentido;Com Vítimas Feridas;Plena Noite;Decrescente;Céu Claro;Múltipla;Reta;Sim;3;0;1;0;0;2;1;3;-27,59959;-48,57559;SPRF-SC;DEL01-SC;UOP01-DEL01-SC