id;data_inversa;dia_semana;horario;uf;br;km;municipio;causa_acidente;tipo_acidente;classificacao_acidente;fase_dia;sentido_via;condicao_metereologica;tipo_pista;tracado_via;uso_solo;pessoas;mortos;feridos_leves;feridos_graves;ilesos;ignorados;feridos;veiculos;latitude;longitude;regional;delegacia;uop
715929;03/09/2025;quarta-feira;18:50:00;RJ;101;321;NITEROI;Manobra de mudança de faixa;Queda de ocupante de veículo;Com Vítimas Feridas;Plena Noite;Decrescente;Céu Claro;Múltipla;"Reta;Interseção de Vias";Sim;3;0;2;0;0;1;2;2;-22,87807903;-43,1105845;SPRF-RJ;DEL02-RJ;UOP01-DEL02-RJ
715930;03/09/2025;quarta-feira;17:45:00;PR;376;595;CURITIBA;Manobra de mudança de faixa;Colisão traseira;Com Vítimas Feridas;Anoitecer;Crescente;Céu Claro;Dupla;"Aclive;Reta";Sim;2;0;1;0;1;0;1;2;-25,4683416;-49,3555262;SPRF-PR;DEL01-PR;UOP03-DEL01-PR
715933;03/09/2025;quarta-feira;19:00:00;SP;116;223,5;GUARULHOS;Condutor deixou de manter distância do veículo da frente;Colisão lateral mesmo sentido;Com Vítimas Feridas;Anoitecer;Crescente;Céu Claro;Múltipla;Reta;Sim;2;0;1;0;1;0;1;2;-23,4240272;-46,3979502;SPRF-SP;DEL01-SP;UOP01-DEL01-SP
715934;03/09/2025;quarta-feira;17:30:00;BA;101;158;CONCEICAO DO JACUIPE;Acessar a via sem observar a presença dos outros veículos;Colisão transversal;Com Vítimas Feridas;Anoitecer;Crescente;Chuva;Dupla;Reta;Não;2;0;1;0;1;0;1;2;-12,3336332;-38,753998;SPRF-BA;DEL01-BA;UOP03-DEL01-BA
715935;03/09/2025;quarta-feira;19:10:00;PB;230;145,8;CAMPINA GRANDE;Condutor usando celular;Colisão traseira;Com Vítimas Feridas;Plena Noite;Crescente;Céu Claro;Dupla;Reta;Sim;2;0;1;0;1;0;1;2;-7,245339;-35,851236;SPRF-PB;DEL02-PB;UOP01-DEL02-PB
715936;03/09/2025;quarta-feira;18:45:00;ES;101;269,5;SERRA;Reação tardia ou ineficiente do condutor;Colisão traseira;Com Vítimas Feridas;Pleno dia;Crescente;Nublado;Múltipla;Reta;Sim;4;0;1;1;2;0;2;3;-20,22213167;-40,27024833;SPRF-ES;DEL02-ES;UOP01-DEL02-ES
715937;03/09/2025;quarta-feira;19:00:00;SP;116;179;GUARAREMA;Ausência de reação do condutor;Queda de ocupante de veículo;Com Vítimas Feridas;Plena Noite;Crescente;Céu Claro;Dupla;Reta;Não;1;0;1;0;0;0;1;1;-23,33274862;-46,13821216;SPRF-SP;DEL01-SP;UOP01-DEL01-SP
715938;03/09/2025;quarta-feira;19:30:00;SC;101;157;PORTO BELO;Reação tardia ou ineficiente do condutor;Tombamento;Com Vítimas Feridas;Plena Noite;Crescente;Garoa/Chuvisco;Dupla;Reta;Não;1;0;1;0;0;0;1;1;-27,18552552;-48,6125892;SPRF-SC;DEL04-SC;UOP03-DEL04-SC
715941;03/09/2025;quarta-feira;18:45:00;SC;101;112;ITAJAI;Ausência de reação do condutor;Colisão traseira;Com Vítimas Feridas;Plena Noite;Decrescente;Nublado;Dupla;Reta;Não;3;0;0;1;2;0;1;2;-26,84683456;-48,72229926;SPRF-SC;DEL04-SC;UOP04-DEL04-SC
715942;12/04/2025;sábado;02:40:00;PR;0;0;SANTA TEREZINHA DE ITAIPU;Reação tardia ou ineficiente do condutor;Saída de leito carroçável;Sem Vítimas;Plena Noite;Não Informado;Céu Claro;Simples;Curva;Sim;3;0;0;0;2;1;0;2;-25,44109;-54,39203;SPRF-PR;DEL05-PR;UOP03-DEL05-PR
715943;03/09/2025;quarta-feira;18:40:00;BA;116;441;FEIRA DE SANTANA;Reação tardia ou ineficiente do condutor;Capotamento;Sem Vítimas;Plena Noite;Crescente;Chuva;Dupla;"Declive;Curva";Não;1;0;0;0;0;1;0;1;-12,351691;-39,092437;SPRF-BA;DEL02-BA;UOP01-DEL02-BA
715945;03/09/2025;quarta-feira;19:30:00;RN;110;47;MOSSORO;Reação tardia ou ineficiente do condutor;Engavetamento;Com Vítimas Feridas;Plena Noite;Crescente;Céu Claro;Simples;Reta;Sim;3;0;1;0;2;0;1;3;-5,20393335;-37,32631803;SPRF-RN;DEL04-RN;UOP01-DEL04-RN
715946;03/09/2025;quarta-feira;19:20:00;SP;116;99;PINDAMONHANGABA;Demais falhas mecânicas ou elétricas;Queda de ocupante de veículo;Com Vítimas Feridas;Plena Noite;Crescente;Céu Claro;Dupla;Reta;Sim;2;0;2;0;0;0;2;1;-22,98197;-45,46384;SPRF-SP;DEL08-SP;UOP01-DEL08-SP
715947;03/09/2025;quarta-feira;20:00:00;PR;277;76;SAO JOSE DOS PINHAIS;Ausência de reação do condutor;Queda de ocupante de veículo;Com Vítimas Feridas;Plena Noite;Decrescente;Céu Claro;Dupla;Reta;Sim;2;0;2;0;0;0;2;1;-25,4890892;-49,17855332;SPRF-PR;DEL01-PR;UOP07-DEL01-PR
715950;03/09/2025;quarta-feira;17:10:00;RJ;40;52;PETROPOLIS;Reação tardia ou ineficiente do condutor;Colisão traseira;Com Vítimas Feridas;Anoitecer;Crescente;Céu Claro;Dupla;"Curva;Aclive";Não;2;0;1;0;1;0;1;2;-22,28252524;-43,1193564;SPRF-RJ;DEL05-RJ;UOP02-DEL05-RJ
715951;03/09/2025;quarta-feira;19:40:00;RS;290;11,8;SANTO ANTONIO DA PATRULHA;Objeto estático sobre o leito carroçável;Incêndio;Sem Vítimas;Plena Noite;Decrescente;Nublado;Dupla;Reta;Não;2;0;0;0;2;0;0;1;-29,884028;-50,389368;SPRF-RS;DEL03-RS;UOP01-DEL03-RS
715953;03/09/2025;quarta-feira;20:40:00;ES;101;292;CARIACICA;Acessar a via sem observar a presença dos outros veículos;Colisão transversal;Com Vítimas Feridas;Plena Noite;Crescente;Garoa/Chuvisco;Dupla;"Reta;Interseção de Vias";Sim;2;0;1;0;1;0;1;2;-20,30689907;-40,39478586;SPRF-ES;DEL01-ES;UOP01-DEL01-ES
715954;03/09/2025;quarta-feira;21:00:00;PB;230;20,7;JOAO PESSOA;Reação tardia ou ineficiente do condutor;Tombamento;Com Vítimas Feridas;Plena Noite;Crescente;Nublado;Dupla;Reta;Sim;2;0;2;0;0;0;2;1;-7,141695;-34,85193;SPRF-PB;DEL01-PB;UOP01-DEL01-PB
715956;03/09/2025;quarta-feira;21:45:00;ES;101;262,5;SERRA;Manobra de mudança de faixa;Tombamento;Com Vítimas Feridas;Plena Noite;Crescente;Garoa/Chuvisco;Dupla;"Reta;Declive";Não;2;0;1;0;1;0;1;2;-20,16429;-40,2741;SPRF-ES;DEL02-ES;UOP01-DEL02-ES
715957;03/09/2025;quarta-feira;19:40:00;MG;153;50;MONTE ALEGRE DE MINAS;Ingestão de álcool pelo condutor;Saída de leito carroçável;Sem Vítimas;Plena Noite;Crescente;Céu Claro;Dupla;"Reta;Declive";Não;4;0;0;0;4;0;0;1;-18,828303;-49,088512;SPRF-MG;DEL15-MG;UOP03-DEL15-MG
715958;03/09/2025;quarta-feira;20:30:00;RJ;116;184;NOVA IGUACU;Reação tardia ou ineficiente do condutor;Colisão traseira;Com Vítimas Feridas;Plena Noite;Crescente;Céu Claro;Dupla;Reta;Sim;2;0;1;0;1;0;1;2;-22,74709149;-43,44533667;SPRF-RJ;DEL06-RJ;UOP01-DEL06-RJ
715962;03/09/2025;quarta-feira;19:20:00;RJ;101;387;ITAGUAI;Pedestre cruzava a pista fora da faixa;Atropelamento de Pedestre;Com Vítimas Feridas;Plena Noite;Crescente;Céu Claro;Dupla;Reta;Sim;3;0;0;2;1;0;2;2;-22,8589362;-43,7591231;SPRF-RJ;DEL03-RJ;UOP01-DEL03-RJ
715963;03/09/2025;quarta-feira;21:45:00;RS;285;293;PASSO FUNDO;Ingestão de álcool pelo condutor;Colisão com objeto;Com Vítimas Feridas;Anoitecer;Decrescente;Céu Claro;Simples;Reta;Não;1;0;1;0;0;0;1;1;-28,23580303;-52,38000004;SPRF-RS;DEL08-RS;UOP03-DEL08-RS
715964;03/09/2025;quarta-feira;20:00:00;PR;369;148;MARILANDIA DO SUL;Ausência de reação do condutor;Queda de ocupante de veículo;Com Vítimas Feridas;Plena Noite;Crescente;Céu Claro;Dupla;Declive;Sim;1;0;1;0;0;0;1;1;-23,827884;-51,266441;SPRF-PR;DEL07-PR;UOP01-DEL07-PR
715965;03/09/2025;quarta-feira;22:12:00;PB;101;13,1;MAMANGUAPE;Transitar no Acostamento;Tombamento;Com Vítimas Feridas;Plena Noite;Crescente;Chuva;Dupla;"Reta;Aclive;Desvio Temporário;Em Obras";Não;2;0;0;1;0;1;1;1;-6,609523;-35,139851;SPRF-PB;DEL01-PB;UOP03-DEL01-PB
715970;03/09/2025;quarta-feira;22:30:00;SP;116;111;SAO JOSE DOS CAMPOS;Ausência de reação do condutor;Queda de ocupante de veículo;Com Vítimas Feridas;Plena Noite;Decrescente;Céu Claro;Dupla;Reta;Não;1;0;1;0;0;0;1;1;-23,1981035;-45,87375641;SPRF-SP;DEL02-SP;UOP02-DEL02-SP
715972;03/09/2025;quarta-feira;23:00:00;PE;101;72;RECIFE;Reação tardia ou ineficiente do condutor;Saída de leito carroçável;Sem Vítimas;Plena Noite;Decrescente;Céu Claro;Dupla;Reta;Não;1;0;0;0;0;1;0;1;-8,09018034;-34,94660703;SPRF-PE;DEL01-PE;UOP01-DEL01-PE
715974;03/09/2025;quarta-feira;22:20:00;RO;364;429;JARU;Condutor deixou de manter distância do veículo da frente;Tombamento;Com Vítimas Feridas;Plena Noite;Crescente;Céu Claro;Simples;"Declive;Reta";Não;1;0;0;1;0;0;1;1;-10,41613949;-62,50320053;SPRF-RO;DEL03-RO;UOP02-DEL03-RO
715978;04/09/2025;quinta-feira;00:05:00;SC;280;158,8;MAFRA;Transitar na contramão;Colisão frontal;Com Vítimas Feridas;Plena Noite;Crescente;Céu Claro;Simples;Reta;Não;2;0;1;0;0;1;1;2;-26,2015;-49,7518;SPRF-SC;DEL06-SC;UOP03-DEL06-SC
715979;04/09/2025;quinta-feira;02:05:00;RS;290;502,9;ROSARIO DO SUL;Animais na Pista;Atropelamento de Animal;Com Vítimas Fatais;Plena Noite;Crescente;Chuva;Simples;Reta;Não;3;2;0;1;0;0;1;1;-30,16122522;-55,14138669;SPRF-RS;DEL11-RS;UOP02-DEL11-RS
715980;04/09/2025;quinta-feira;02:50:00;PR;376;500;PONTA GROSSA;Pedestre andava na pista;Atropelamento de Pedestre;Sem Vítimas;Plena Noite;Crescente;Ignorado;Dupla;Reta;Não;1;0;0;0;1;0;0;1;-25,158111;-50,126663;SPRF-PR;DEL03-PR;UOP04-DEL03-PR
715983;04/09/2025;quinta-feira;04:40:00;MA;135;8;SAO LUIS;Entrada inopinada do pedestre;Atropelamento de Pedestre;Sem Vítimas;Plena Noite;Decrescente;Céu Claro;Dupla;Reta;Sim;2;0;0;0;1;1;0;2;-2,646352;-44,276173;SPRF-MA;DEL01-MA;UOP01-DEL01-MA
715984;04/09/2025;quinta-feira;06:00:00;PR;376;240;APUCARANA;Animais na Pista;Atropelamento de Animal;Com Vítimas Feridas;Amanhecer;Crescente;Céu Claro;Dupla;Reta;Não;1;0;0;1;0;0;1;1;-23,582873;-51,451999;SPRF-PR;DEL07-PR;UOP03-DEL07-PR
715985;04/09/2025;quinta-feira;05:50:00;MG;251;511;FRANCISCO SA;Pista Escorregadia;Queda de ocupante de veículo;Com Vítimas Feridas;Amanhecer;Crescente;Céu Claro;Simples;Curva;Não;2;0;1;0;1;0;1;1;-16,63553397;-43,69743347;SPRF-MG;DEL12-MG;UOP01-DEL12-MG
715986;03/09/2025;quarta-feira;00:30:00;SC;101;124;ITAJAI;Ausência de reação do condutor;Capotamento;Sem Vítimas;Plena Noite;Crescente;Céu Claro;Simples;Interseção de Vias;Sim;1;0;0;0;1;0;0;1;-26,93808718;-48,69853556;SPRF-SC;DEL04-SC;UOP04-DEL04-SC
715988;04/09/2025;quinta-feira;06:35:00;SC;101;209,7;SAO JOSE;Manobra de mudança de faixa;Colisão lateral mesmo sentido;Com Vítimas Feridas;Amanhecer;Decrescente;Nublado;Múltipla;Reta;Sim;2;0;1;0;1;0;1;2;-27,61523;-48,64429;SPRF-SC;DEL01-SC;UOP01-DEL01-SC
715989;04/09/2025;quinta-feira;06:15:00;PB;101;88,3;JOAO PESSOA;Acumulo de óleo sobre o pavimento;Tombamento;Com Vítimas Feridas;Pleno dia;Decrescente;Chuva;Dupla;Rotatória;Sim;1;0;0;1;0;0;1;1;-7,1688241;-34,8987946;SPRF-PB;DEL01-PB;UOP01-DEL01-PB
715990;04/09/2025;quinta-feira;05:40:00;RJ;101;42,7;CAMPOS DOS GOYTACAZES;Reação tardia ou ineficiente do condutor;Queda de ocupante de veículo;Com Vítimas Feridas;Amanhecer;Crescente;Céu Claro;Simples;"Reta;Declive";Não;1;0;1;0;0;0;1;1;-21,570735;-41,323655;SPRF-RJ;DEL08-RJ;UOP01-DEL08-RJ
715991;04/09/2025;quinta-feira;06:45:00;CE;222;301,3;TIANGUA;Ultrapassagem Indevida;Colisão lateral sentido oposto;Com Vítimas Feridas;Pleno dia;Decrescente;Céu Claro;Simples;Curva;Não;3;0;2;0;1;0;2;2;-3,694;-40,981;SPRF-CE;DEL04-CE;UOP02-DEL04-CE
715993;04/09/2025;quinta-feira;06:00:00;MS;163;466;CAMPO GRANDE;Ausência de reação do condutor;Saída de leito carroçável;Com Vítimas Feridas;Amanhecer;Decrescente;Céu Claro;Dupla;Rotatória;Não;1;0;1;0;0;0;1;1;-20,582899;-54,583699;SPRF-MS;DEL01-MS;UOP01-DEL01-MS
715994;23/08/2025;sábado;02:30:00;RS;468;100,5;TRES PASSOS;Transitar na contramão;Colisão frontal;Com Vítimas Fatais;Plena Noite;Crescente;Nublado;Simples;Curva;Sim;5;3;1;1;0;0;2;2;-27,47295;-53,92284;SPRF-RS;DEL08-RS;UOP02-DEL08-RS
715995;04/09/2025;quinta-feira;07:00:00;SC;280;68,1;JARAGUA DO SUL;Acessar a via sem observar a presença dos outros veículos;Colisão transversal;Com Vítimas Feridas;Pleno dia;Crescente;Nublado;Simples;"Reta;Interseção de Vias";Sim;2;0;1;0;1;0;1;2;-26,4715239;-49,1129524;SPRF-SC;DEL03-SC;UOP03-DEL03-SC
715997;04/09/2025;quinta-feira;07:25:00;RS;116;242;SAO LEOPOLDO;Condutor deixou de manter distância do veículo da frente;Colisão traseira;Com Vítimas Feridas;Pleno dia;Crescente;Chuva;Dupla;"Reta;Viaduto";Sim;2;0;1;0;1;0;1;2;-29,73018164;-51,1493456;SPRF-RS;DEL01-RS;UOP02-DEL01-RS
715999;04/09/2025;quinta-feira;01:55:00;RO;364;430,6;JARU;Acostamento em desnível;Tombamento;Com Vítimas Feridas;Plena Noite;Decrescente;Nublado;Simples;"Retorno Regulamentado;Reta";Não;2;0;2;0;0;0;2;1;-10,4095758;-62,51527352;SPRF-RO;DEL03-RO;UOP02-DEL03-RO
716000;04/09/2025;quinta-feira;02:15:00;RO;364;427;JARU;Desrespeitar a preferência no cruzamento;Colisão transversal;Com Vítimas Feridas;Plena Noite;Crescente;Nublado;Simples;Interseção de Vias;Sim;2;0;1;0;1;0;1;2;-10,428011;-62,48615742;SPRF-RO;DEL03-RO;UOP02-DEL03-RO
716003;04/09/2025;quinta-feira;06:25:00;SC;101;127,9;BALNEARIO CAMBORIU;Trafegar com motocicleta (ou similar) entre as faixas;Colisão traseira;Com Vítimas Feridas;Amanhecer;Decrescente;Nublado;Dupla;Reta;Não;2;0;0;1;1;0;1;2;-26,9792561;-48,675709;SPRF-SC;DEL04-SC;UOP04-DEL04-SC
716005;04/09/2025;quinta-feira;07:40:00;CE;116;23;AQUIRAZ;Acessar a via sem observar a presença dos outros veículos;Colisão transversal;Com Vítimas Feridas;Pleno dia;Decrescente;Céu Claro;Dupla;"Reta;Interseção de Vias";Sim;2;0;2;0;0;0;2;2;-3,95408637;-38,51272194;SPRF-CE;DEL01-CE;UOP02-DEL01-CE
716006;04/09/2025;quinta-feira;07:15:00;ES;101;291;CARIACICA;Reação tardia ou ineficiente do condutor;Tombamento;Com Vítimas Feridas;Pleno dia;Decrescente;Céu Claro;Dupla;Reta;Sim;1;0;1;0;0;0;1;1;-20,297934;-40,394587;SPRF-ES;DEL01-ES;UOP01-DEL01-ES
716007;21/04/2025;segunda-feira;11:55:00;SC;101;22,5;BIGUACU;Velocidade Incompatível;Colisão com objeto;Com Vítimas Fatais;Pleno dia;Decrescente;Céu Claro;Dupla;Curva;Não;2;1;0;0;0;1;0;2;-27,51221;-48,71124;SPRF-SC;DEL01-SC;UOP02-DEL01-SC
716008;04/09/2025;quinta-feira;07:30:00;ES;101;291,2;CARIACICA;Ausência de reação do condutor;Saída de leito carroçável;Com Vítimas Feridas;Pleno dia;Crescente;Nublado;Dupla;Reta;Não;2;0;2;0;0;0;2;1;-20,3039005;-40,39587021;SPRF-ES;DEL01-ES;UOP01-DEL01-ES
716009;04/09/2025;quinta-feira;07:05:00;RS;290;154;ARROIO DOS RATOS;Pista Escorregadia;Saída de leito carroçável;Com Vítimas Feridas;Amanhecer;Decrescente;Chuva;Simples;"Declive;Curva";Não;1;0;1;0;0;0;1;1;-30,108088;-51,750483;SPRF-RS;DEL02-RS;UOP01-DEL02-RS
716012;04/09/2025;quinta-feira;08:15:00;RJ;40;121;DUQUE DE CAXIAS;Trafegar com motocicleta (ou similar) entre as faixas;Colisão traseira;Com Vítimas Feridas;Pleno dia;Decrescente;Céu Claro;Múltipla;Reta;Sim;4;0;1;0;3;0;1;2;-22,78531054;-43,28508395;SPRF-RJ;DEL01-RJ;UOP02-DEL01-RJ
716014;04/09/2025;quinta-feira;07:00:00;BA;101;717;EUNAPOLIS;Demais falhas mecânicas ou elétricas;Incêndio;Sem Vítimas;Pleno dia;Decrescente;Sol;Simples;"Reta;Interseção de Vias;Declive";Não;4;0;0;0;4;0;0;1;-16,370402;-39,58256;SPRF-BA;DEL09-BA;UOP01-DEL09-BA
716015;04/09/2025;quinta-feira;08:00:00;PE;232;133,2;CARUARU;Condutor deixou de manter distância do veículo da frente;Colisão lateral mesmo sentido;Sem Vítimas;Pleno dia;Crescente;Garoa/Chuvisco;Dupla;Reta;Sim;3;0;0;0;3;0;0;3;-8,30869;-36,02402;SPRF-PE;DEL02-PE;UOP03-DEL02-PE
716018;04/09/2025;quinta-feira;07:50:00;PR;369;156,5;LONDRINA;Manobra de mudança de faixa;Colisão lateral mesmo sentido;Com Vítimas Feridas;Pleno dia;Decrescente;Céu Claro;Dupla;Reta;Sim;2;0;1;0;1;0;1;2;-23,29;-51,222;SPRF-PR;DEL07-PR;UOP01-DEL07-PR
716019;15/08/2025;sexta-feira;07:45:00;BA;116;632;JAGUAQUARA;Acessar a via sem observar a presença dos outros veículos;Colisão transversal;Com Vítimas Feridas;Pleno dia;Decrescente;Céu Claro;Simples;Reta;Sim;2;0;1;0;1;0;1;2;-13,51362;-40,05663;SPRF-BA;DEL03-BA;UOP01-DEL03-BA
716020;04/09/2025;quinta-feira;06:30:00;RJ;101;384;RIO DE JANEIRO;Reação tardia ou ineficiente do condutor;Colisão com objeto;Com Vítimas Feridas;Pleno dia;Crescente;Céu Claro;Dupla;Reta;Sim;1;0;1;0;0;0;1;1;-22,87998;-43,627863;SPRF-RJ;DEL03-RJ;UOP01-DEL03-RJ
716022;04/09/2025;quinta-feira;08:00:00;PR;116;3;CAMPINA GRANDE DO SUL;Reação tardia ou ineficiente do condutor;Saída de leito carroçável;Com Vítimas Feridas;Pleno dia;Crescente;Céu Claro;Dupla;Curva;Não;1;0;1;0;0;0;1;1;-25,0703257;-48,586307;SPRF-PR;DEL01-PR;UOP02-DEL01-PR
716024;04/09/2025;quinta-feira;09:00:00;RJ;116;186;NOVA IGUACU;Ausência de reação do condutor;Colisão traseira;Com Vítimas Feridas;Pleno dia;Decrescente;Sol;Dupla;Reta;Sim;2;0;0;1;1;0;1;2;-22,7553165;-43,4332908;SPRF-RJ;DEL06-RJ;UOP01-DEL06-RJ
716025;04/09/2025;quinta-feira;07:30:00;RO;364;12;VILHENA;Acesso irregular;Colisão transversal;Com Vítimas Feridas;Pleno dia;Crescente;Céu Claro;Dupla;"Reta;Rotatória";Não;2;0;1;0;1;0;1;2;-12,74289097;-60,12343168;SPRF-RO;DEL04-RO;UOP01-DEL04-RO
716026;04/09/2025;quinta-feira;07:30:00;RJ;101;383;ITAGUAI;Ausência de reação do condutor;Colisão lateral mesmo sentido;Com Vítimas Feridas;Pleno dia;Decrescente;Sol;Múltipla;Retorno Regulamentado;Sim;2;0;1;0;1;0;1;2;-22,8589288;-43,75936454;SPRF-RJ;DEL03-RJ;UOP01-DEL03-RJ
716027;04/09/2025;quinta-feira;09:10:00;SP;153;25,5;NOVA GRANADA;Desrespeitar a preferência no cruzamento;Colisão transversal;Com Vítimas Feridas;Pleno dia;Crescente;Céu Claro;Simples;"Curva;Declive";Sim;3;0;3;0;0;0;3;2;-20,50165153;-49,32042567;SPRF-SP;DEL09-SP;UOP01-DEL09-SP
716028;04/09/2025;quinta-feira;08:50:00;RJ;101;318;SAO GONCALO;Trafegar com motocicleta (ou similar) entre as faixas;Colisão lateral mesmo sentido;Com Vítimas Feridas;Pleno dia;Crescente;Céu Claro;Dupla;Reta;Não;3;0;1;0;2;0;1;3;-22,85527673;-43,10269117;SPRF-RJ;DEL02-RJ;UOP02-DEL02-RJ
716029;04/09/2025;quinta-feira;06:31:00;MT;163;709;SORRISO;Reação tardia ou ineficiente do condutor;Colisão traseira;Sem Vítimas;Pleno dia;Crescente;Céu Claro;Simples;Reta;Não;2;0;0;0;2;0;0;2;-12,9181652;-55,85480958;SPRF-MT;DEL06-MT;UOP01-DEL06-MT
716030;28/08/2025;quinta-feira;23:10:00;RS;386;215,3;TIO HUGO;Acessar a via sem observar a presença dos outros veículos;Colisão transversal;Com Vítimas Feridas;Plena Noite;Decrescente;Nublado;Simples;Reta;Não;3;0;0;2;0;1;2;2;-28,57992131;-52,59822104;SPRF-RS;DEL04-RS;UOP03-DEL04-RS
716031;04/09/2025;quinta-feira;08:52:00;PR;277;82;CURITIBA;Manobra de mudança de faixa;Colisão traseira;Com Vítimas Feridas;Pleno dia;Crescente;Céu Claro;Dupla;Reta;Sim;2;0;1;0;1;0;1;2;-25,45440639;-49,22490017;SPRF-PR;DEL01-PR;UOP03-DEL01-PR
716032;04/09/2025;quinta-feira;08:20:00;MG;381;481;CONTAGEM;Ausência de reação do condutor;Queda de ocupante de veículo;Com Vítimas Feridas;Pleno dia;Decrescente;Céu Claro;Dupla;Declive;Não;1;0;1;0;0;0;1;1;-19,95855558;-44,06035781;SPRF-MG;DEL01-MG;UOP03-DEL01-MG
716033;04/09/2025;quinta-feira;08:25:00;SP;116;145,3;SAO JOSE DOS CAMPOS;Manobra de mudança de faixa;Colisão lateral mesmo sentido;Com Vítimas Feridas;Pleno dia;Crescente;Sol;Dupla;Reta;Sim;2;0;1;0;1;0;1;2;-23,18671506;-45,854702;SPRF-SP;DEL02-SP;UOP01-DEL02-SP
716034;04/09/2025;quinta-feira;09:50:00;MG;262;417;IGARATINGA;Frear bruscamente;Colisão traseira;Com Vítimas Feridas;Pleno dia;Crescente;Sol;Dupla;Reta;Não;2;0;1;0;1;0;1;2;-19,89213965;-44,70727086;SPRF-MG;DEL08-MG;UOP03-DEL08-MG
716035;01/08/2025;sexta-feira;18:45:00;PR;158;535,2;PATO BRANCO;Condutor usando celular;Colisão frontal;Com Vítimas Feridas;Plena Noite;Decrescente;Céu Claro;Simples;Reta;Sim;3;0;1;1;0;1;2;3;-26,23588662;-52,69079296;SPRF-PR;DEL02-PR;UOP01-DEL02-PR
716036;04/09/2025;quinta-feira;08:59:00;RS;290;96;PORTO ALEGRE;Chuva;Capotamento;Com Vítimas Feridas;Pleno dia;Decrescente;Chuva;Dupla;Curva;Não;3;0;1;0;2;0;1;1;-29,99788807;-51,20769851;SPRF-RS;DEL01-RS;UOP01-DEL01-RS
716037;04/09/2025;quinta-feira;08:25:00;RJ;393;297,9;BARRA MANSA;Acessar a via sem observar a presença dos outros veículos;Colisão transversal;Com Vítimas Feridas;Pleno dia;Crescente;Céu Claro;Simples;Reta;Sim;3;0;1;0;1;1;1;3;-22,54300097;-44,11302567;SPRF-RJ;DEL07-RJ;UOP02-DEL07-RJ
716038;30/08/2025;sábado;18:40:00;PB;101;86,5;JOAO PESSOA;Reação tardia ou ineficiente do condutor;Colisão traseira;Com Vítimas Feridas;Plena Noite;Decrescente;Chuva;Múltipla;Declive;Sim;2;0;0;1;1;0;1;2;-7,15267405;-34,90850558;SPRF-PB;DEL01-PB;UOP01-DEL01-PB
716041;04/09/2025;quinta-feira;10:00:00;SP;116;63;GUARATINGUETA;Reação tardia ou ineficiente do condutor;Colisão com objeto;Com Vítimas Feridas;Pleno dia;Crescente;Céu Claro;Dupla;Reta;Sim;1;0;1;0;0;0;1;1;-22,80865438;-45,17484462;SPRF-SP;DEL08-SP;UOP01-DEL08-SP
716042;28/08/2025;quinta-feira;19:00:00;MS;163;364,1;NOVA ALVORADA DO SUL;Demais falhas mecânicas ou elétricas;Incêndio;Sem Vítimas;Plena Noite;Decrescente;Nublado;Simples;Rotatória;Não;3;0;0;0;3;0;0;1;-21,471103;-54,385616;SPRF-MS;DEL02-MS;UOP01-DEL02-MS
716046;04/09/2025;quinta-feira;11:00:00;CE;116;32,5;AQUIRAZ;Frear bruscamente;Saída de leito carroçável;Sem Vítimas;Pleno dia;Decrescente;Céu Claro;Dupla;Retorno Regulamentado;Não;5;0;0;0;4;1;0;2;-4,03375253;-38,51036978;SPRF-CE;DEL01-CE;UOP02-DEL01-CE
716047;03/09/2025;quarta-feira;19:30:00;RO;319;21,5;PORTO VELHO;Ausência de reação do condutor;Atropelamento de Pedestre;Com Vítimas Feridas;Plena Noite;Crescente;Céu Claro;Simples;Reta;Não;3;0;0;2;0;1;2;2;-8,064171;-63,562283;SPRF-RO;DEL01-RO;UOP01-DEL01-RO
716048;04/09/2025;quinta-feira;08:30:00;RJ;101;318;SAO GONCALO;Ausência de reação do condutor;Queda de ocupante de veículo;Com Vítimas Feridas;Pleno dia;Crescente;Céu Claro;Dupla;Curva;Não;1;0;1;0;0;0;1;1;-22,84569097;-43,09869854;SPRF-RJ;DEL02-RJ;UOP02-DEL02-RJ
716049;04/09/2025;quinta-feira;10:15:00;RJ;101;62;CAMPOS DOS GOYTACAZES;Reação tardia ou ineficiente do condutor;Colisão traseira;Com Vítimas Feridas;Pleno dia;Decrescente;Sol;Simples;Reta;Sim;3;0;1;0;2;0;1;2;-21,73741695;-41,32653236;SPRF-RJ;DEL08-RJ;UOP01-DEL08-RJ
716051;04/09/2025;quinta-feira;09:54:00;RJ;356;72;ITALVA;Condutor Dormindo;Saída de leito carroçável;Com Vítimas Feridas;Pleno dia;Crescente;Céu Claro;Simples;Curva;Não;1;0;1;0;0;0;1;1;-21,39238916;-41,69324606;SPRF-RJ;DEL08-RJ;UOP03-DEL08-RJ
716052;04/09/2025;quinta-feira;10:00:00;MG;381;690;LAVRAS;Demais falhas mecânicas ou elétricas;Tombamento;Com Vítimas Feridas;Pleno dia;Crescente;Céu Claro;Dupla;Reta;Não;2;0;2;0;0;0;2;1;-21,20233749;-45,12050629;SPRF-MG;DEL04-MG;UOP02-DEL04-MG
716055;04/09/2025;quinta-feira;12:20:00;RJ;101;205;CASIMIRO DE ABREU;Conversão proibida;Colisão lateral mesmo sentido;Com Vítimas Feridas;Pleno dia;Decrescente;Céu Claro;Simples;Reta;Sim;2;0;1;0;1;0;1;2;-22,47609597;-42,19780358;SPRF-RJ;DEL08-RJ;UOP04-DEL08-RJ
716056;04/09/2025;quinta-feira;11:05:00;PR;376;198;MARIALVA;Demais falhas mecânicas ou elétricas;Tombamento;Com Vítimas Feridas;Pleno dia;Decrescente;Céu Claro;Dupla;"Reta;Declive";Não;2;0;1;1;0;0;2;1;-23,50014;-51,76522;SPRF-PR;DEL09-PR;UOP01-DEL09-PR