id;data_inversa;dia_semana;horario;uf;br;km;municipio;causa_acidente;tipo_acidente;classificacao_acidente;fase_dia;sentido_via;condicao_metereologica;tipo_pista;tracado_via;uso_solo;pessoas;mortos;feridos_leves;feridos_graves;ilesos;ignorados;feridos;veiculos;latitude;longitude;regional;delegacia;uop
716057;04/09/2025;quinta-feira;12:40:00;BA;324;530;FEIRA DE SANTANA;Reação tardia ou ineficiente do condutor;Tombamento;Com Vítimas Feridas;Pleno dia;Decrescente;Chuva;Dupla;Curva;Não;19;0;5;0;14;0;5;1;-12,3363487;-38,85079477;SPRF-BA;DEL01-BA;UOP03-DEL01-BA
716059;04/09/2025;quinta-feira;08:30:00;RS;285;344,9;CARAZINHO;Chuva;Saída de leito carroçável;Com Vítimas Feridas;Pleno dia;Crescente;Chuva;Simples;Reta;Não;3;0;3;0;0;0;3;1;-28,32694524;-52,83798136;SPRF-RS;DEL08-RS;UOP03-DEL08-RS
716063;04/09/2025;quinta-feira;12:20:00;RJ;40;111;DUQUE DE CAXIAS;Ausência de reação do condutor;Colisão traseira;Com Vítimas Feridas;Pleno dia;Crescente;Sol;Múltipla;Reta;Sim;2;0;1;0;1;0;1;2;-22,69391606;-43,28813587;SPRF-RJ;DEL01-RJ;UOP02-DEL01-RJ
716064;04/09/2025;quinta-feira;12:43:00;MG;40;483;SETE LAGOAS;Condutor Dormindo;Colisão com objeto;Sem Vítimas;Pleno dia;Decrescente;Céu Claro;Dupla;Aclive;Não;1;0;0;0;0;1;0;1;-19,56628;-44,23742;SPRF-MG;DEL02-MG;UOP01-DEL02-MG
716066;12/07/2025;sábado;19:10:00;TO;10;461,8;PALMAS;Velocidade Incompatível;Colisão lateral mesmo sentido;Com Vítimas Fatais;Plena Noite;Decrescente;Céu Claro;Múltipla;Reta;Sim;4;1;1;0;2;0;1;2;-10,247212;-48,312313;SPRF-TO;DEL01-TO;UOP03-DEL01-TO
716069;04/09/2025;quinta-feira;14:30:00;SP;381;42;ATIBAIA;Reação tardia ou ineficiente do condutor;Colisão lateral mesmo sentido;Com Vítimas Feridas;Pleno dia;Crescente;Céu Claro;Dupla;Aclive;Não;3;0;1;0;2;0;1;2;-23,13955528;-46,57566047;SPRF-SP;DEL03-SP;UOP01-DEL03-SP
716070;04/09/2025;quinta-feira;14:40:00;RS;290;106;ELDORADO DO SUL;Manobra de mudança de faixa;Colisão lateral mesmo sentido;Com Vítimas Feridas;Pleno dia;Crescente;Chuva;Dupla;Reta;Não;4;0;2;0;2;0;2;3;-29,99877362;-51,29479805;SPRF-RS;DEL02-RS;UOP01-DEL02-RS
716071;04/09/2025;quinta-feira;14:30:00;MG;40;643,9;CONSELHEIRO LAFAIETE;Ausência de reação do condutor;Colisão com objeto;Com Vítimas Feridas;Pleno dia;Crescente;Céu Claro;Simples;"Reta;Aclive";Não;1;0;1;0;0;0;1;1;-20,77702;-43,81057;SPRF-MG;DEL05-MG;UOP02-DEL05-MG
716073;04/09/2025;quinta-feira;14:30:00;AL;101;137;SAO MIGUEL DOS CAMPOS;Pedestre cruzava a pista fora da faixa;Atropelamento de Pedestre;Com Vítimas Feridas;Pleno dia;Crescente;Céu Claro;Dupla;Reta;Sim;2;0;1;0;1;0;1;2;-9,79707367;-36,10957535;SPRF-AL;DEL02-AL;UOP01-DEL02-AL
716074;04/09/2025;quinta-feira;14:10:00;BA;324;517,2;FEIRA DE SANTANA;Reação tardia ou ineficiente do condutor;Colisão transversal;Com Vítimas Feridas;Pleno dia;Crescente;Céu Claro;Simples;Reta;Sim;2;0;0;1;1;0;1;2;-12,25299542;-38,93277884;SPRF-BA;DEL02-BA;UOP01-DEL02-BA
716076;24/08/2025;domingo;07:00:00;MS;376;166,2;NOVA ANDRADINA;Reação tardia ou ineficiente do condutor;Tombamento;Com Vítimas Feridas;Pleno dia;Decrescente;Céu Claro;Simples;Curva;Não;1;0;1;0;0;0;1;1;-22,30898368;-53,39759795;SPRF-MS;DEL04-MS;UOP04-DEL04-MS
716078;04/09/2025;quinta-feira;14:15:00;BA;116;394,8;SANTA BARBARA;Condutor deixou de manter distância do veículo da frente;Colisão traseira;Sem Vítimas;Pleno dia;Decrescente;Nublado;Dupla;Reta;Sim;2;0;0;0;2;0;0;2;-11,96356889;-38,97425869;SPRF-BA;DEL02-BA;UOP01-DEL02-BA
716080;04/09/2025;quinta-feira;15:30:00;PE;232;5,4;RECIFE;Condutor deixou de manter distância do veículo da frente;Colisão traseira;Com Vítimas Feridas;Pleno dia;Decrescente;Céu Claro;Dupla;Reta;Sim;2;0;2;0;0;0;2;2;-8,069352;-34,948629;SPRF-PE;DEL01-PE;UOP01-DEL01-PE
716081;04/09/2025;quinta-feira;14:25:00;RS;386;166;CARAZINHO;Velocidade Incompatível;Saída de leito carroçável;Com Vítimas Fatais;Pleno dia;Decrescente;Chuva;Simples;Reta;Não;1;1;0;0;0;0;0;1;-28,2046;-52,827815;SPRF-RS;DEL08-RS;UOP01-DEL08-RS
716084;04/09/2025;quinta-feira;15:40:00;MG;365;646,3;UBERLANDIA;Ausência de reação do condutor;Colisão traseira;Com Vítimas Feridas;Pleno dia;Decrescente;Céu Claro;Dupla;Reta;Não;3;0;2;0;1;0;2;2;-18,8757465;-48,5238941;SPRF-MG;DEL15-MG;UOP01-DEL15-MG
716088;04/09/2025;quinta-feira;15:00:00;ES;101;263;SERRA;Acessar a via sem observar a presença dos outros veículos;Colisão traseira;Com Vítimas Feridas;Pleno dia;Decrescente;Nublado;Dupla;"Declive;Reta";Sim;2;0;2;0;0;0;2;2;-20,1695432;-40,27002007;SPRF-ES;DEL02-ES;UOP01-DEL02-ES
716092;04/09/2025;quinta-feira;16:30:00;SC;101;158,6;PORTO BELO;Acessar a via sem observar a presença dos outros veículos;Colisão transversal;Com Vítimas Feridas;Pleno dia;Decrescente;Nublado;Múltipla;Reta;Sim;2;0;1;0;1;0;1;2;-27,17381575;-48,61244202;SPRF-SC;DEL04-SC;UOP03-DEL04-SC
716093;09/04/2025;quarta-feira;17:30:00;BA;324;516;FEIRA DE SANTANA;Acessar a via sem observar a presença dos outros veículos;Colisão transversal;Com Vítimas Feridas;Pleno dia;Crescente;Céu Claro;Simples;Reta;Sim;2;0;1;0;1;0;1;2;-12,25487057;-38,93248697;SPRF-BA;DEL02-BA;UOP01-DEL02-BA
716098;04/09/2025;quinta-feira;15:10:00;MG;116;115,4;ITAOBIM;Ausência de reação do condutor;Atropelamento de Pedestre;Com Vítimas Feridas;Pleno dia;Decrescente;Nublado;Simples;Reta;Sim;5;0;2;1;1;1;3;4;-16,559833;-41,502734;SPRF-MG;DEL11-MG;UOP02-DEL11-MG
716101;04/09/2025;quinta-feira;10:00:00;AL;104;4;SAO JOSE DA LAJE;Chuva;Colisão com objeto;Com Vítimas Feridas;Pleno dia;Crescente;Chuva;Simples;Curva;Não;3;0;1;0;2;0;1;1;-8,937767;-36,020091;SPRF-AL;DEL01-AL;UOP02-DEL01-AL
716102;04/09/2025;quinta-feira;14:50:00;BA;116;589;NOVA ITARANA;Velocidade Incompatível;Tombamento;Com Vítimas Feridas;Pleno dia;Decrescente;Nublado;Simples;Curva;Não;1;0;1;0;0;0;1;1;-13,15734;-39,99831;SPRF-BA;DEL03-BA;UOP02-DEL03-BA
716103;04/09/2025;quinta-feira;17:00:00;PR;116;102;SAO JOSE DOS PINHAIS;Ausência de reação do condutor;Queda de ocupante de veículo;Com Vítimas Feridas;Pleno dia;Crescente;Céu Claro;Dupla;Reta;Sim;1;0;1;0;0;0;1;1;-25,5557559;-49,0294892;SPRF-PR;DEL01-PR;UOP07-DEL01-PR
716104;04/09/2025;quinta-feira;14:30:00;SC;101;415,1;ARARANGUA;Ausência de reação do condutor;Tombamento;Com Vítimas Feridas;Pleno dia;Decrescente;Garoa/Chuvisco;Múltipla;Reta;Não;1;0;0;1;0;0;1;1;-28,9676481;-49,52370342;SPRF-SC;DEL02-SC;UOP02-DEL02-SC
716105;04/09/2025;quinta-feira;16:30:00;MA;135;19;SAO LUIS;Acessar a via sem observar a presença dos outros veículos;Colisão transversal;Com Vítimas Feridas;Pleno dia;Crescente;Céu Claro;Simples;Reta;Sim;2;0;1;1;0;0;2;2;-2,562143;-44,34042;SPRF-MA;DEL01-MA;UOP01-DEL01-MA
716106;04/09/2025;quinta-feira;17:00:00;PI;316;215;VALENCA DO PIAUI;Ausência de reação do condutor;Colisão traseira;Com Vítimas Feridas;Pleno dia;Decrescente;Céu Claro;Simples;Reta;Não;3;0;1;0;1;1;1;2;-6,43264;-41,750465;SPRF-PI;DEL04-PI;UOP02-DEL04-PI
716107;04/09/2025;quinta-feira;17:48:00;RS;386;435,6;NOVA SANTA RITA;Acessar a via sem observar a presença dos outros veículos;Colisão transversal;Com Vítimas Feridas;Anoitecer;Crescente;Chuva;Dupla;Rotatória;Sim;2;0;1;0;1;0;1;2;-29,84822318;-51,2706456;SPRF-RS;DEL04-RS;UOP02-DEL04-RS
716108;04/09/2025;quinta-feira;17:20:00;SC;101;93,5;BARRA VELHA;Ultrapassagem Indevida;Colisão lateral mesmo sentido;Com Vítimas Feridas;Anoitecer;Decrescente;Nublado;Dupla;Reta;Não;2;0;0;1;1;0;1;2;-26,69307524;-48,6976397;SPRF-SC;DEL03-SC;UOP02-DEL03-SC
716109;04/09/2025;quinta-feira;17:20:00;PR;153;16,6;JACAREZINHO;Ingestão de álcool pelo condutor;Saída de leito carroçável;Com Vítimas Feridas;Anoitecer;Decrescente;Céu Claro;Simples;Curva;Não;1;0;1;0;0;0;1;1;-23,13681;-49,94498;SPRF-PR;DEL07-PR;UOP04-DEL07-PR
716110;04/09/2025;quinta-feira;15:30:00;RJ;101;385;ITAGUAI;Acesso irregular;Colisão traseira;Com Vítimas Feridas;Pleno dia;Decrescente;Céu Claro;Múltipla;Reta;Não;3;0;1;0;2;0;1;2;-22,85894143;-43,75934875;SPRF-RJ;DEL03-RJ;UOP01-DEL03-RJ
716112;04/09/2025;quinta-feira;16:15:00;MG;381;147,7;GOVERNADOR VALADARES;Acessar a via sem observar a presença dos outros veículos;Colisão transversal;Com Vítimas Feridas;Pleno dia;Decrescente;Céu Claro;Simples;Interseção de Vias;Não;3;0;3;0;0;0;3;2;-18,849442;-41,983727;SPRF-MG;DEL06-MG;UOP01-DEL06-MG
716113;04/09/2025;quinta-feira;17:20:00;ES;262;188,1;IUNA;Transitar na contramão;Colisão frontal;Com Vítimas Fatais;Anoitecer;Crescente;Céu Claro;Simples;"Aclive;Curva";Não;2;1;0;0;0;1;0;2;-20,31544;-41,72836;SPRF-ES;DEL01-ES;UOP02-DEL01-ES
716114;04/09/2025;quinta-feira;17:18:00;PE;428;189;PETROLINA;Ingestão de álcool pelo condutor;Colisão traseira;Com Vítimas Feridas;Anoitecer;Crescente;Céu Claro;Dupla;Reta;Sim;2;0;1;0;1;0;1;2;-9,376593;-40,497598;SPRF-PE;DEL06-PE;UOP01-DEL06-PE
716115;04/09/2025;quinta-feira;18:00:00;RJ;101;477;ANGRA DOS REIS;Reação tardia ou ineficiente do condutor;Queda de ocupante de veículo;Com Vítimas Feridas;Plena Noite;Crescente;Céu Claro;Simples;Interseção de Vias;Sim;2;0;1;0;1;0;1;2;-22,99979969;-44,27009583;SPRF-RJ;DEL03-RJ;UOP03-DEL03-RJ
716116;04/09/2025;quinta-feira;16:45:00;RJ;101;408;ITAGUAI;Entrada inopinada do pedestre;Atropelamento de Pedestre;Com Vítimas Fatais;Pleno dia;Decrescente;Nublado;Dupla;Reta;Não;2;1;0;0;1;0;0;2;-22,883186;-43,828841;SPRF-RJ;DEL03-RJ;UOP01-DEL03-RJ
716117;23/08/2025;sábado;10:30:00;RS;386;296;POUSO NOVO;Pista Escorregadia;Colisão traseira;Com Vítimas Feridas;Pleno dia;Decrescente;Chuva;Simples;Curva;Não;4;0;1;0;3;0;1;3;-29,1378779;-52,242079;SPRF-RS;DEL04-RS;UOP01-DEL04-RS
716118;04/09/2025;quinta-feira;16:40:00;SC;101;96,4;BARRA VELHA;Reação tardia ou ineficiente do condutor;Colisão traseira;Com Vítimas Feridas;Pleno dia;Crescente;Nublado;Dupla;Reta;Não;4;0;0;1;1;2;1;3;-26,72169997;-48,7023636;SPRF-SC;DEL03-SC;UOP02-DEL03-SC
716119;04/09/2025;quinta-feira;18:44:00;ES;262;0,9;CARIACICA;Manobra de mudança de faixa;Colisão lateral mesmo sentido;Com Vítimas Feridas;Plena Noite;Crescente;Nublado;Dupla;Ponte;Sim;2;0;1;0;1;0;1;2;-20,32638444;-40,35470366;SPRF-ES;DEL01-ES;UOP01-DEL01-ES
716120;04/09/2025;quinta-feira;18:00:00;PR;369;147;LONDRINA;Condutor deixou de manter distância do veículo da frente;Colisão traseira;Com Vítimas Feridas;Anoitecer;Crescente;Céu Claro;Dupla;Reta;Sim;2;0;1;0;1;0;1;2;-23,29311132;-51,13498449;SPRF-PR;DEL07-PR;UOP01-DEL07-PR
716123;04/09/2025;quinta-feira;17:40:00;PR;376;10;MARINGA;Carga excessiva e/ou mal acondicionada;Colisão com objeto;Sem Vítimas;Pleno dia;Decrescente;Céu Claro;Dupla;"Curva;Aclive";Não;1;0;0;0;1;0;0;1;-23,38681;-51,8985;SPRF-PR;DEL09-PR;UOP01-DEL09-PR
716125;04/09/2025;quinta-feira;18:30:00;SC;101;155;PORTO BELO;Manobra de mudança de faixa;Colisão lateral mesmo sentido;Com Vítimas Feridas;Anoitecer;Decrescente;Nublado;Múltipla;Reta;Sim;3;0;1;0;2;0;1;3;-27,16438525;-48,61177683;SPRF-SC;DEL04-SC;UOP03-DEL04-SC
716126;04/09/2025;quinta-feira;18:30:00;RJ;116;181;SAO JOAO DE MERITI;Manobra de mudança de faixa;Colisão lateral mesmo sentido;Com Vítimas Feridas;Plena Noite;Decrescente;Céu Claro;Dupla;Reta;Não;2;0;1;0;1;0;1;2;-22,7907562;-43,369333;SPRF-RJ;DEL06-RJ;UOP01-DEL06-RJ
716127;04/09/2025;quinta-feira;18:10:00;PE;232;10,7;JABOATAO DOS GUARARAPES;Demais falhas na via;Queda de ocupante de veículo;Com Vítimas Feridas;Plena Noite;Decrescente;Chuva;Múltipla;Reta;Sim;1;0;1;0;0;0;1;1;-8,08004993;-34,9896419;SPRF-PE;DEL01-PE;UOP01-DEL01-PE
716128;04/09/2025;quinta-feira;18:36:00;DF;70;8;BRASILIA;Trafegar com motocicleta (ou similar) entre as faixas;Colisão lateral mesmo sentido;Com Vítimas Feridas;Anoitecer;Crescente;Nublado;Dupla;Reta;Sim;3;0;1;1;1;0;2;2;-15,78485103;-48,12166242;SPRF-DF;DEL03-DF;UOP02-DEL03-DF
716129;04/09/2025;quinta-feira;17:40:00;MG;381;326;NOVA ERA;Desrespeitar a preferência no cruzamento;Colisão transversal;Com Vítimas Feridas;Pleno dia;Crescente;Céu Claro;Simples;"Reta;Interseção de Vias";Não;2;0;1;1;0;0;2;2;-19,775513;-43,045269;SPRF-MG;DEL03-MG;UOP02-DEL03-MG
716131;04/09/2025;quinta-feira;18:30:00;SP;116;217;GUARULHOS;Ausência de reação do condutor;Colisão traseira;Com Vítimas Feridas;Plena Noite;Decrescente;Céu Claro;Múltipla;Reta;Sim;2;0;1;0;1;0;1;2;-23,454866;-46,472946;SPRF-SP;DEL01-SP;UOP01-DEL01-SP
716132;04/09/2025;quinta-feira;19:30:00;GO;70;472;ARAGARCAS;Reação tardia ou ineficiente do condutor;Colisão transversal;Com Vítimas Feridas;Plena Noite;Crescente;Céu Claro;Dupla;Reta;Sim;2;0;0;1;1;0;1;2;-15,89591433;-52,25087497;SPRF-GO;DEL04-GO;UOP02-DEL04-GO
716135;04/09/2025;quinta-feira;11:00:00;PE;0;0;RECIFE;Transitar na calçada;Colisão transversal;Sem Vítimas;Pleno dia;Não Informado;Céu Claro;Múltipla;Reta;Sim;4;0;0;0;4;0;0;2;-8,04753;-34,9267;SPRF-PE;DEL01-PE;N/A
716136;04/09/2025;quinta-feira;18:05:00;RO;174;17;VILHENA;Conversão proibida;Colisão lateral mesmo sentido;Com Vítimas Feridas;Plena Noite;Decrescente;Céu Claro;Simples;Reta;Sim;2;0;1;0;1;0;1;2;-12,70755436;-60,12270061;SPRF-RO;DEL04-RO;UOP01-DEL04-RO
716138;04/09/2025;quinta-feira;19:40:00;MG;365;418;PATOS DE MINAS;Reação tardia ou ineficiente do condutor;Colisão traseira;Com Vítimas Feridas;Plena Noite;Decrescente;Céu Claro;Dupla;Curva;Não;2;0;1;0;1;0;1;2;-18,68332552;-46,57593727;SPRF-MG;DEL10-MG;UOP01-DEL10-MG
716139;04/09/2025;quinta-feira;16:45:00;RO;435;84,1;COLORADO DO OESTE;Acessar a via sem observar a presença dos outros veículos;Colisão transversal;Com Vítimas Feridas;Pleno dia;Decrescente;Céu Claro;Dupla;"Interseção de Vias;Reta";Sim;2;0;1;0;1;0;1;2;-13,12079608;-60,5428648;SPRF-RO;DEL04-RO;UOP02-DEL04-RO
716140;04/09/2025;quinta-feira;19:20:00;SC;101;333,2;TUBARAO;Demais falhas mecânicas ou elétricas;Incêndio;Sem Vítimas;Plena Noite;Crescente;Chuva;Múltipla;Reta;Sim;1;0;0;0;1;0;0;1;-28,46863516;-49,01348337;SPRF-SC;DEL02-SC;UOP01-DEL02-SC
716143;04/09/2025;quinta-feira;20:00:00;PB;101;83,5;BAYEUX;Transtornos Mentais (exceto suicidio);Atropelamento de Pedestre;Com Vítimas Fatais;Plena Noite;Crescente;Céu Claro;Dupla;Reta;Sim;3;1;0;0;1;1;0;2;-7,137433;-34,925554;SPRF-PB;DEL01-PB;UOP01-DEL01-PB
716144;04/09/2025;quinta-feira;20:00:00;GO;153;498,6;GOIANIA;Condutor Dormindo;Colisão traseira;Com Vítimas Feridas;Plena Noite;Crescente;Vento;Dupla;"Reta;Aclive";Sim;2;0;1;0;1;0;1;2;-16,690001;-49,23281;SPRF-GO;DEL01-GO;UOP01-DEL01-GO
716147;04/09/2025;quinta-feira;15:00:00;RR;174;472;BOA VISTA;Chuva;Colisão frontal;Com Vítimas Feridas;Pleno dia;Decrescente;Chuva;Simples;Curva;Não;4;0;3;1;0;0;4;2;2,68151589;-60,86975008;SPRF-RR;DEL01-RR;UOP01-DEL01-RR
716148;04/09/2025;quinta-feira;19:30:00;RJ;101;249;RIO BONITO;Reação tardia ou ineficiente do condutor;Saída de leito carroçável;Com Vítimas Feridas;Plena Noite;Decrescente;Céu Claro;Dupla;Reta;Não;1;0;1;0;0;0;1;1;-22,7180544;-42,68032;SPRF-RJ;DEL02-RJ;UOP03-DEL02-RJ
716149;04/09/2025;quinta-feira;16:00:00;SC;101;32;JOINVILLE;Condutor deixou de manter distância do veículo da frente;Colisão traseira;Com Vítimas Feridas;Pleno dia;Crescente;Nublado;Dupla;Reta;Sim;2;0;1;0;1;0;1;2;-26,24016381;-48,91288941;SPRF-SC;DEL03-SC;UOP01-DEL03-SC
716150;04/09/2025;quinta-feira;19:00:00;SC;101;41,3;JOINVILLE;Desrespeitar a preferência no cruzamento;Colisão transversal;Com Vítimas Feridas;Plena Noite;Decrescente;Nublado;Dupla;"Viaduto;Interseção de Vias;Rotatória";Sim;2;0;1;0;1;0;1;2;-26,31873764;-48,87132581;SPRF-SC;DEL03-SC;UOP01-DEL03-SC
716151;04/09/2025;quinta-feira;17:00:00;PR;376;488;PONTA GROSSA;Manobra de mudança de faixa;Queda de ocupante de veículo;Com Vítimas Feridas;Pleno dia;Decrescente;Céu Claro;Dupla;Aclive;Não;1;0;1;0;0;0;1;1;-25,08770854;-50,19425576;SPRF-PR;DEL03-PR;UOP04-DEL03-PR
716152;04/09/2025;quinta-feira;16:10:00;AM;174;978;MANAUS;Velocidade Incompatível;Colisão frontal;Com Vítimas Fatais;Pleno dia;Crescente;Céu Claro;Simples;Aclive;Não;4;1;1;2;0;0;3;2;-2,15822;-60,00423;SPRF-AM;DEL01-AM;UOP02-DEL01-AM
716153;04/09/2025;quinta-feira;20:45:00;SC;101;210,8;SAO JOSE;Demais falhas mecânicas ou elétricas;Colisão traseira;Com Vítimas Feridas;Pleno dia;Decrescente;Nublado;Múltipla;Reta;Sim;2;0;2;0;0;0;2;2;-27,62186511;-48,65095703;SPRF-SC;DEL01-SC;UOP01-DEL01-SC
716156;04/09/2025;quinta-feira;21:00:00;SC;280;56;GUARAMIRIM;Desrespeitar a preferência no cruzamento;Colisão transversal;Com Vítimas Feridas;Plena Noite;Crescente;Garoa/Chuvisco;Simples;"Interseção de Vias;Viaduto;Rotatória";Sim;2;0;1;0;1;0;1;2;-26,47879381;-49,00104046;SPRF-SC;DEL03-SC;UOP03-DEL03-SC
716157;04/09/2025;quinta-feira;20:00:00;RS;472;464,5;ITAQUI;Ausência de reação do condutor;Saída de leito carroçável;Sem Vítimas;Plena Noite;Crescente;Nublado;Simples;Reta;Não;1;0;0;0;0;1;0;1;-29,16159156;-56,38579488;SPRF-RS;DEL12-RS;UOP01-DEL12-RS
716159;04/09/2025;quinta-feira;20:30:00;MG;381;914,5;CAMANDUCAIA;Ausência de reação do condutor;Colisão traseira;Sem Vítimas;Plena Noite;Decrescente;Céu Claro;Dupla;Aclive;Não;3;0;0;0;2;1;0;2;-22,72932577;-46,13428259;SPRF-MG;DEL16-MG;UOP03-DEL16-MG
716160;04/09/2025;quinta-feira;20:45:00;PB;104;100;ESPERANCA;Ausência de reação do condutor;Colisão frontal;Com Vítimas Feridas;Plena Noite;Crescente;Chuva;Simples;Reta;Não;2;0;0;1;0;1;1;2;-7,045194;-35,85727;SPRF-PB;DEL02-PB;UOP04-DEL02-PB
716161;04/09/2025;quinta-feira;18:30:00;BA;116;367;SERRINHA;Transitar na contramão;Queda de ocupante de veículo;Com Vítimas Feridas;Plena Noite;Crescente;Chuva;Simples;Reta;Não;3;0;1;1;0;1;2;2;-11,68042196;-38,99360329;SPRF-BA;DEL02-BA;UOP01-DEL02-BA
716162;04/09/2025;quinta-feira;21:35:00;BA;116;793,3;VITORIA DA CONQUISTA;Pista esburacada;Colisão com objeto;Com Vítimas Feridas;Plena Noite;Decrescente;Nublado;Múltipla;"Aclive;Reta";Não;1;0;1;0;0;0;1;1;-14,719098;-40,618123;SPRF-BA;DEL08-BA;UOP02-DEL08-BA
716163;04/09/2025;quinta-feira;19:30:00;SC;163;122,6;DIONISIO CERQUEIRA;Ausência de reação do condutor;Colisão com objeto;Sem Vítimas;Plena Noite;Crescente;Nublado;Simples;"Aclive;Curva";Não;1;0;0;0;1;0;0;1;-26,30311035;-53,55229855;SPRF-SC;DEL07-SC;UOP03-DEL07-SC
716164;02/09/2025;terça-feira;08:30:00;RJ;40;120;DUQUE DE CAXIAS;Reação tardia ou ineficiente do condutor;Colisão lateral mesmo sentido;Com Vítimas Feridas;Pleno dia;Crescente;Céu Claro;Múltipla;Reta;Sim;2;0;1;0;1;0;1;2;-22,77685866;-43,28600977;SPRF-RJ;DEL01-RJ;UOP02-DEL01-RJ
716165;04/09/2025;quinta-feira;22:00:00;SP;116;226,5;GUARULHOS;Trafegar com motocicleta (ou similar) entre as faixas;Colisão lateral mesmo sentido;Com Vítimas Feridas;Plena Noite;Decrescente;Ignorado;Múltipla;Reta;Sim;2;0;1;0;1;0;1;2;-23,49531882;-46,55478525;SPRF-SP;DEL01-SP;UOP01-DEL01-SP
716166;04/09/2025;quinta-feira;21:50:00;PE;101;28;ITAPISSUMA;Demais falhas mecânicas ou elétricas;Tombamento;Com Vítimas Feridas;Plena Noite;Decrescente;Chuva;Dupla;Reta;Não;1;0;0;1;0;0;1;1;-7,724654;-34,941956;SPRF-PE;DEL01-PE;UOP02-DEL01-PE
716167;04/09/2025;quinta-feira;19:00:00;GO;153;641;MORRINHOS;Reação tardia ou ineficiente do condutor;Capotamento;Com Vítimas Feridas;Plena Noite;Crescente;Céu Claro;Dupla;Reta;Não;5;0;5;0;0;0;5;1;-17,88477245;-49,23218082;SPRF-GO;DEL03-GO;UOP01-DEL03-GO
716168;31/08/2025;domingo;18:30:00;RJ;101;262;RIO BONITO;Velocidade Incompatível;Colisão com objeto;Com Vítimas Feridas;Anoitecer;Decrescente;Céu Claro;Dupla;Curva;Sim;1;0;1;0;0;0;1;1;-22,71824382;-42,62308294;SPRF-RJ;DEL02-RJ;UOP03-DEL02-RJ
716169;04/09/2025;quinta-feira;22:00:00;SP;116;186,3;SANTA ISABEL;Ausência de reação do condutor;Capotamento;Com Vítimas Feridas;Plena Noite;Decrescente;Nublado;Dupla;Reta;Sim;1;0;1;0;0;0;1;1;-23,37887084;-46,25690854;SPRF-SP;DEL01-SP;UOP01-DEL01-SP
716170;04/09/2025;quinta-feira;21:42:00;AL;423;98,4;DELMIRO GOUVEIA;Animais na Pista;Atropelamento de Animal;Com Vítimas Fatais;Plena Noite;Crescente;Céu Claro;Simples;"Reta;Declive";Não;5;1;0;1;3;0;1;1;-9,402015;-38,18043;SPRF-BA;DEL07-BA;UOP01-DEL07-BA
716171;04/09/2025;quinta-feira;20:47:00;RO;364;340;JI-PARANA;Entrada inopinada do pedestre;Atropelamento de Pedestre;Com Vítimas Feridas;Plena Noite;Crescente;Céu Claro;Dupla;Reta;Sim;2;0;2;0;0;0;2;2;-10,893758;-61,930742;SPRF-RO;DEL02-RO;UOP01-DEL02-RO
716173;04/09/2025;quinta-feira;22:48:00;PE;101;69;RECIFE;Acumulo de água sobre o pavimento;Queda de ocupante de veículo;Com Vítimas Feridas;Plena Noite;Decrescente;Chuva;Dupla;Reta;Sim;1;0;1;0;0;0;1;1;-8,060712;-34,945523;SPRF-PE;DEL01-PE;UOP01-DEL01-PE
716177;04/09/2025;quinta-feira;18:49:00;MG;50;198;DELTA;Ausência de reação do condutor;Colisão traseira;Sem Vítimas;Anoitecer;Crescente;Céu Claro;Dupla;Reta;Não;3;0;0;0;3;0;0;2;-19,9157;-47,829489;SPRF-MG;DEL13-MG;UOP01-DEL13-MG
716178;04/09/2025;quinta-feira;23:00:00;RJ;101;305;SAO GONCALO;Manobra de mudança de faixa;Colisão lateral mesmo sentido;Com Vítimas Feridas;Plena Noite;Crescente;Céu Claro;Dupla;Reta;Sim;3;0;1;0;1;1;1;3;-22,7855986;-42,98993111;SPRF-RJ;DEL02-RJ;UOP02-DEL02-RJ
716179;04/09/2025;quinta-feira;23:00:00;PR;369;237;JANDAIA DO SUL;Ausência de reação do condutor;Colisão traseira;Com Vítimas Feridas;Plena Noite;Crescente;Céu Claro;Simples;Reta;Não;7;0;3;1;3;0;4;2;-23,64362;-51,68055;SPRF-PR;DEL09-PR;UOP01-DEL09-PR
716180;04/09/2025;quinta-feira;22:00:00;RO;364;427;JARU;Ingestão de álcool pelo condutor;Saída de leito carroçável;Com Vítimas Feridas;Plena Noite;Crescente;Céu Claro;Simples;Reta;Não;1;0;1;0;0;0;1;1;-10,3957162;-62,5324214;SPRF-RO;DEL03-RO;UOP02-DEL03-RO
716181;04/09/2025;quinta-feira;21:00:00;MS;262;113,5;AGUA CLARA;Demais falhas mecânicas ou elétricas;Incêndio;Sem Vítimas;Plena Noite;Crescente;Céu Claro;Simples;"Curva;Declive";Não;5;0;0;0;4;1;0;1;-20,517866;-52,613481;SPRF-MS;DEL07-MS;UOP02-DEL07-MS
716182;05/09/2025;sexta-feira;00:30:00;SC;101;210,1;SAO JOSE;Condutor deixou de manter distância do veículo da frente;Colisão traseira;Com Vítimas Feridas;Plena Noite;Crescente;Chuva;Múltipla;Reta;Sim;3;0;1;0;1;1;1;2;-27,616822;-48,645748;SPRF-SC;DEL01-SC;UOP01-DEL01-SC