id;data_inversa;dia_semana;horario;uf;br;km;municipio;causa_acidente;tipo_acidente;classificacao_acidente;fase_dia;sentido_via;condicao_metereologica;tipo_pista;tracado_via;uso_solo;pessoas;mortos;feridos_leves;feridos_graves;ilesos;ignorados;feridos;veiculos;latitude;longitude;regional;delegacia;uop
716185;04/09/2025;quinta-feira;20:30:00;MG;381;244,5;SANTANA DO PARAISO;Acesso irregular;Colisão transversal;Com Vítimas Feridas;Plena Noite;Crescente;Céu Claro;Simples;Reta;Sim;3;0;0;1;1;1;1;3;-19,44366328;-42,5131366;SPRF-MG;DEL06-MG;UOP01-DEL06-MG
716186;05/09/2025;sexta-feira;00:30:00;GO;60;110;GOIANAPOLIS;Reação tardia ou ineficiente do condutor;Queda de ocupante de veículo;Com Vítimas Feridas;Plena Noite;Decrescente;Céu Claro;Dupla;Reta;Não;1;0;1;0;0;0;1;1;-16,450339;-49,032934;SPRF-GO;DEL01-GO;UOP01-DEL01-GO
716187;05/09/2025;sexta-feira;02:00:00;PR;277;82;SAO JOSE DOS PINHAIS;Ausência de reação do condutor;Colisão traseira;Com Vítimas Feridas;Plena Noite;Decrescente;Céu Claro;Dupla;Reta;Sim;2;0;1;0;1;0;1;2;-25,5524864;-49,0274816;SPRF-PR;DEL01-PR;UOP03-DEL01-PR
716188;05/09/2025;sexta-feira;00:15:00;RJ;101;295;ITABORAI;Transitar na contramão;Colisão frontal;Com Vítimas Fatais;Plena Noite;Crescente;Céu Claro;Dupla;Reta;Sim;2;1;1;0;0;0;1;2;-22,7698548;-42,9197273;SPRF-RJ;DEL02-RJ;UOP02-DEL02-RJ
716189;05/09/2025;sexta-feira;02:30:00;SC;101;38,7;JOINVILLE;Desrespeitar a preferência no cruzamento;Colisão transversal;Com Vítimas Feridas;Plena Noite;Crescente;Nublado;Dupla;"Interseção de Vias;Rotatória;Viaduto";Sim;2;0;1;0;1;0;1;2;-26,29662584;-48,88439052;SPRF-SC;DEL03-SC;UOP01-DEL03-SC
716190;05/09/2025;sexta-feira;00:10:00;MG;116;502,3;INHAPIM;Reação tardia ou ineficiente do condutor;Saída de leito carroçável;Com Vítimas Fatais;Plena Noite;Decrescente;Céu Claro;Simples;Curva;Não;2;1;0;1;0;0;1;1;-19,582266;-42,114474;SPRF-MG;DEL06-MG;UOP02-DEL06-MG
716192;04/09/2025;quinta-feira;22:37:00;RO;319;50;PORTO VELHO;Demais falhas mecânicas ou elétricas;Incêndio;Sem Vítimas;Plena Noite;Decrescente;Céu Claro;Dupla;Reta;Não;1;0;0;0;1;0;0;1;-8,71737455;-63,9819476;SPRF-RO;DEL01-RO;UOP01-DEL01-RO
716194;05/09/2025;sexta-feira;04:50:00;DF;40;4,9;BRASILIA;Animais na Pista;Colisão com objeto;Com Vítimas Feridas;Plena Noite;Crescente;Céu Claro;Dupla;Reta;Sim;3;0;0;2;1;0;2;1;-16,02475973;-47,97976077;SPRF-DF;DEL01-DF;UOP01-DEL01-DF
716196;05/09/2025;sexta-feira;04:20:00;RJ;101;330;RIO DE JANEIRO;Velocidade Incompatível;Colisão traseira;Com Vítimas Feridas;Plena Noite;Decrescente;Nublado;Dupla;"Reta;Ponte";Não;4;0;1;1;2;0;2;2;-22,86791197;-43,19101334;SPRF-RJ;DEL02-RJ;UOP01-DEL02-RJ
716197;05/09/2025;sexta-feira;01:00:00;SC;101;129,9;CAMBORIU;Ausência de reação do condutor;Tombamento;Com Vítimas Feridas;Plena Noite;Crescente;Garoa/Chuvisco;Múltipla;Reta;Sim;1;0;0;1;0;0;1;1;-26,98277187;-48,67524594;SPRF-SC;DEL04-SC;UOP03-DEL04-SC
716198;04/09/2025;quinta-feira;23:50:00;PR;376;606;CURITIBA;Pedestre cruzava a pista fora da faixa;Atropelamento de Pedestre;Com Vítimas Feridas;Plena Noite;Crescente;Nublado;Dupla;Reta;Sim;2;0;2;0;0;0;2;2;-25,54375694;-49,3065737;SPRF-PR;DEL01-PR;UOP03-DEL01-PR
716199;26/08/2025;terça-feira;10:40:00;BA;324;537;AMELIA RODRIGUES;Manobra de mudança de faixa;Colisão lateral mesmo sentido;Com Vítimas Feridas;Pleno dia;Crescente;Céu Claro;Dupla;"Interseção de Vias;Reta";Sim;2;0;1;0;1;0;1;2;-12,37796588;-38,80223606;SPRF-BA;DEL01-BA;UOP03-DEL01-BA
716200;04/09/2025;quinta-feira;23:45:00;RS;470;274;SAO JOSE DO SUL;Velocidade Incompatível;Saída de leito carroçável;Sem Vítimas;Plena Noite;Crescente;Chuva;Simples;Reta;Não;1;0;0;0;1;0;0;1;-29,55062663;-51,48031756;SPRF-RS;DEL06-RS;UOP01-DEL06-RS
716201;05/09/2025;sexta-feira;05:50:00;ES;101;149,2;LINHARES;Condutor desrespeitou a iluminação vermelha do semáforo;Colisão transversal;Com Vítimas Feridas;Pleno dia;Decrescente;Céu Claro;Dupla;Interseção de Vias;Sim;2;0;1;0;1;0;1;2;-19,39957873;-40,06240711;SPRF-ES;DEL04-ES;UOP01-DEL04-ES
716202;05/09/2025;sexta-feira;06:20:00;DF;70;14;BRASILIA;Entrada inopinada do pedestre;Atropelamento de Pedestre;Com Vítimas Feridas;Amanhecer;Decrescente;Céu Claro;Dupla;Reta;Sim;2;0;1;0;1;0;1;2;-15,79902592;-48,18079948;SPRF-DF;DEL03-DF;UOP02-DEL03-DF
716205;05/09/2025;sexta-feira;06:30:00;TO;153;497;PARAISO DO TOCANTINS;Ingestão de álcool pelo condutor;Colisão frontal;Com Vítimas Feridas;Pleno dia;Crescente;Sol;Simples;Reta;Sim;5;0;1;1;2;1;2;4;-10,182298;-48,880644;SPRF-TO;DEL01-TO;UOP01-DEL01-TO
716206;05/09/2025;sexta-feira;06:45:00;RJ;101;479,1;ANGRA DOS REIS;Ausência de reação do condutor;Queda de ocupante de veículo;Com Vítimas Feridas;Pleno dia;Crescente;Céu Claro;Simples;Curva;Sim;1;0;1;0;0;0;1;1;-23,00568922;-44,27719636;SPRF-RJ;DEL03-RJ;UOP03-DEL03-RJ
716209;04/09/2025;quinta-feira;22:00:00;RO;435;15;VILHENA;Acumulo de areia ou detritos sobre o pavimento;Colisão com objeto;Sem Vítimas;Plena Noite;Decrescente;Céu Claro;Simples;"Em Obras;Interseção de Vias";Não;1;0;0;0;0;1;0;1;-12,72369248;-60,263674;SPRF-RO;DEL04-RO;UOP02-DEL04-RO
716210;04/09/2025;quinta-feira;20:40:00;MG;381;245,1;IPATINGA;Acessar a via sem observar a presença dos outros veículos;Colisão transversal;Com Vítimas Feridas;Plena Noite;Crescente;Céu Claro;Simples;Reta;Sim;3;0;0;1;1;1;1;3;-19,46164471;-42,53031917;SPRF-MG;DEL06-MG;UOP01-DEL06-MG
716211;05/09/2025;sexta-feira;07:10:00;RN;101;97;NATAL;Condutor deixou de manter distância do veículo da frente;Queda de ocupante de veículo;Com Vítimas Feridas;Pleno dia;Crescente;Céu Claro;Múltipla;Reta;Sim;2;0;1;0;1;0;1;2;-5,86662918;-35,21702047;SPRF-RN;DEL01-RN;UOP01-DEL01-RN
716212;05/09/2025;sexta-feira;06:40:00;SC;101;153,3;PORTO BELO;Entrada inopinada do pedestre;Atropelamento de Pedestre;Com Vítimas Feridas;Pleno dia;Crescente;Garoa/Chuvisco;Dupla;Reta;Não;2;0;0;1;1;0;1;2;-27,14714484;-48,6107254;SPRF-SC;DEL04-SC;UOP03-DEL04-SC
716213;05/09/2025;sexta-feira;02:10:00;GO;153;437;ANAPOLIS;Reação tardia ou ineficiente do condutor;Colisão com objeto;Sem Vítimas;Plena Noite;Crescente;Céu Claro;Dupla;"Curva;Desvio Temporário;Em Obras";Sim;1;0;0;0;0;1;0;1;-16,30404472;-48,92510268;SPRF-GO;DEL02-GO;UOP01-DEL02-GO
716214;04/09/2025;quinta-feira;23:45:00;MT;163;649;LUCAS DO RIO VERDE;Avarias e/ou desgaste excessivo no pneu;Saída de leito carroçável;Com Vítimas Feridas;Plena Noite;Decrescente;Céu Claro;Simples;Curva;Não;1;0;1;0;0;0;1;1;-13,386378;-56,09089;SPRF-MT;DEL06-MT;UOP01-DEL06-MT
716215;05/09/2025;sexta-feira;06:20:00;RS;386;146,6;SARANDI;Condutor Dormindo;Colisão frontal;Com Vítimas Feridas;Pleno dia;Decrescente;Nublado;Simples;Curva;Não;2;0;1;1;0;0;2;2;-28,049444;-52,874087;SPRF-RS;DEL08-RS;UOP01-DEL08-RS
716216;05/09/2025;sexta-feira;07:30:00;GO;153;496;GOIANIA;Manobra de mudança de faixa;Colisão traseira;Sem Vítimas;Pleno dia;Crescente;Sol;Dupla;Reta;Sim;2;0;0;0;2;0;0;2;-16,686049;-49,233667;SPRF-GO;DEL01-GO;UOP01-DEL01-GO
716217;05/09/2025;sexta-feira;07:50:00;MG;262;439;NOVA SERRANA;Reação tardia ou ineficiente do condutor;Colisão traseira;Com Vítimas Feridas;Pleno dia;Decrescente;Céu Claro;Simples;"Declive;Reta";Sim;2;0;1;0;1;0;1;2;-19,86838484;-44,98682082;SPRF-MG;DEL08-MG;UOP03-DEL08-MG
716219;05/09/2025;sexta-feira;07:30:00;PR;116;91;PIRAQUARA;Ausência de reação do condutor;Colisão traseira;Com Vítimas Feridas;Pleno dia;Decrescente;Céu Claro;Dupla;Aclive;Não;2;0;1;0;1;0;1;2;-25,49943221;-49,11886588;SPRF-PR;DEL01-PR;UOP07-DEL01-PR
716220;05/09/2025;sexta-feira;07:00:00;RJ;116;202;QUEIMADOS;Problema com o freio;Incêndio;Sem Vítimas;Pleno dia;Decrescente;Céu Claro;Dupla;Reta;Não;1;0;0;0;1;0;0;1;-22,73060836;-43,61451499;SPRF-RJ;DEL06-RJ;UOP02-DEL06-RJ
716222;05/09/2025;sexta-feira;07:40:00;SC;101;205,1;SAO JOSE;Acessar a via sem observar a presença dos outros veículos;Colisão lateral mesmo sentido;Com Vítimas Feridas;Pleno dia;Crescente;Chuva;Simples;Reta;Sim;3;0;2;0;1;0;2;2;-27,58193768;-48,6151886;SPRF-SC;DEL01-SC;UOP01-DEL01-SC
716224;05/09/2025;sexta-feira;08:00:00;ES;101;297,5;CARIACICA;Trafegar com motocicleta (ou similar) entre as faixas;Colisão traseira;Com Vítimas Feridas;Pleno dia;Crescente;Céu Claro;Dupla;Reta;Sim;2;0;0;1;1;0;1;2;-20,34786385;-40,41160202;SPRF-ES;DEL01-ES;UOP01-DEL01-ES
716225;05/09/2025;sexta-feira;08:10:00;PR;163;271;QUATRO PONTES;Reação tardia ou ineficiente do condutor;Colisão traseira;Com Vítimas Feridas;Pleno dia;Decrescente;Nevoeiro/Neblina;Dupla;Reta;Não;3;0;1;0;2;0;1;3;-24,61106;-53,95656;SPRF-PR;DEL06-PR;UOP02-DEL06-PR
716226;05/09/2025;sexta-feira;07:30:00;MA;135;70;SANTA RITA;Manobra de mudança de faixa;Colisão lateral mesmo sentido;Sem Vítimas;Pleno dia;Crescente;Sol;Dupla;"Reta;Retorno Regulamentado";Sim;4;0;0;0;4;0;0;2;-3,144715;-44,326738;SPRF-MA;DEL01-MA;UOP02-DEL01-MA
716227;05/09/2025;sexta-feira;05:30:00;BA;407;3;JUAZEIRO;Ausência de reação do condutor;Colisão transversal;Com Vítimas Fatais;Amanhecer;Crescente;Céu Claro;Dupla;Em Obras;Sim;3;1;0;1;1;0;1;2;-9,430626;-40,498575;SPRF-PE;DEL06-PE;UOP01-DEL06-PE
716228;21/08/2025;quinta-feira;07:36:00;RS;290;106;ELDORADO DO SUL;Reação tardia ou ineficiente do condutor;Engavetamento;Com Vítimas Feridas;Pleno dia;Decrescente;Céu Claro;Dupla;Reta;Não;3;0;1;0;2;0;1;2;-30,00143393;-51,30313985;SPRF-RS;DEL02-RS;UOP01-DEL02-RS
716229;05/09/2025;sexta-feira;07:30:00;GO;153;511,8;APARECIDA DE GOIANIA;Manobra de mudança de faixa;Colisão lateral mesmo sentido;Com Vítimas Feridas;Pleno dia;Crescente;Céu Claro;Múltipla;Reta;Sim;3;0;2;0;1;0;2;2;-16,793488;-49,238255;SPRF-GO;DEL01-GO;UOP03-DEL01-GO
716233;05/09/2025;sexta-feira;07:47:00;DF;20;57;BRASILIA;Velocidade Incompatível;Queda de ocupante de veículo;Com Vítimas Feridas;Pleno dia;Crescente;Céu Claro;Dupla;Curva;Não;1;0;1;0;0;0;1;1;-15,58617594;-47,3598218;SPRF-DF;DEL02-DF;UOP01-DEL02-DF
716234;05/09/2025;sexta-feira;09:00:00;PI;343;341;TERESINA;Manobra de mudança de faixa;Colisão lateral mesmo sentido;Sem Vítimas;Pleno dia;Decrescente;Céu Claro;Múltipla;"Curva;Declive";Sim;2;0;0;0;2;0;0;2;-5,07782212;-42,7443257;SPRF-PI;DEL01-PI;UOP01-DEL01-PI
716236;05/09/2025;sexta-feira;07:50:00;SC;101;97;BALNEARIO PICARRAS;Acumulo de água sobre o pavimento;Colisão com objeto;Com Vítimas Feridas;Pleno dia;Crescente;Garoa/Chuvisco;Dupla;Curva;Não;1;0;1;0;0;0;1;1;-26,73149127;-48,70137191;SPRF-SC;DEL03-SC;UOP02-DEL03-SC
716238;31/07/2025;quinta-feira;19:04:00;TO;153;135;ARAGUAINA;Acessar a via sem observar a presença dos outros veículos;Colisão transversal;Com Vítimas Feridas;Plena Noite;Crescente;Ignorado;Simples;Reta;Sim;3;0;0;1;1;1;1;3;-7,135782;-48,2006;SPRF-TO;DEL02-TO;UOP01-DEL02-TO
716239;09/08/2025;sábado;09:15:00;AL;316;155;PALMEIRA DOS INDIOS;Condutor deixou de manter distância do veículo da frente;Colisão traseira;Com Vítimas Feridas;Pleno dia;Crescente;Céu Claro;Simples;Reta;Sim;2;0;1;0;1;0;1;2;-9,42344937;-36,62790298;SPRF-AL;DEL03-AL;UOP01-DEL03-AL
716241;05/09/2025;sexta-feira;10:20:00;GO;60;39,1;GOIANIA;Condutor deixou de manter distância do veículo da frente;Colisão traseira;Sem Vítimas;Pleno dia;Crescente;Sol;Dupla;Rotatória;Sim;2;0;0;0;2;0;0;2;-16,753695;-49,337628;SPRF-GO;DEL01-GO;UOP03-DEL01-GO
716242;05/09/2025;sexta-feira;09:40:00;SP;116;227;GUARULHOS;Reação tardia ou ineficiente do condutor;Colisão traseira;Com Vítimas Feridas;Pleno dia;Decrescente;Céu Claro;Múltipla;"Reta;Em Obras";Sim;2;0;1;0;1;0;1;2;-23,49782575;-46,55872339;SPRF-SP;DEL01-SP;UOP01-DEL01-SP
716244;05/09/2025;sexta-feira;09:15:00;SC;470;125;LONTRAS;Acessar a via sem observar a presença dos outros veículos;Colisão transversal;Sem Vítimas;Pleno dia;Crescente;Chuva;Simples;Reta;Não;2;0;0;0;2;0;0;2;-27,1236674;-49,5365398;SPRF-SC;DEL04-SC;UOP02-DEL04-SC
716245;05/09/2025;sexta-feira;07:30:00;MA;135;11;SAO LUIS;Condutor deixou de manter distância do veículo da frente;Colisão traseira;Com Vítimas Feridas;Pleno dia;Crescente;Céu Claro;Dupla;Reta;Sim;2;0;1;0;1;0;1;2;-2,669502;-44,289893;SPRF-MA;DEL01-MA;UOP01-DEL01-MA
716247;05/09/2025;sexta-feira;10:30:00;SP;116;227;GUARULHOS;Frear bruscamente;Tombamento;Com Vítimas Feridas;Pleno dia;Crescente;Céu Claro;Múltipla;Reta;Sim;1;0;1;0;0;0;1;1;-23,48416294;-46,53887677;SPRF-SP;DEL01-SP;UOP01-DEL01-SP
716249;14/07/2025;segunda-feira;20:52:00;PB;230;26;JOAO PESSOA;Velocidade Incompatível;Colisão traseira;Com Vítimas Feridas;Plena Noite;Crescente;Céu Claro;Dupla;Reta;Sim;3;0;2;0;0;1;2;2;-7,1680093;-34,884711;SPRF-PB;DEL01-PB;UOP01-DEL01-PB
716250;05/09/2025;sexta-feira;10:10:00;RN;101;81;SAO GONCALO DO AMARANTE;Condutor deixou de manter distância do veículo da frente;Colisão traseira;Com Vítimas Feridas;Pleno dia;Crescente;Céu Claro;Dupla;Reta;Sim;3;0;1;0;2;0;1;2;-5,76456807;-35,28393237;SPRF-RN;DEL02-RN;UOP01-DEL02-RN
716251;05/09/2025;sexta-feira;08:30:00;RJ;101;304;SAO GONCALO;Ausência de reação do condutor;Colisão traseira;Com Vítimas Feridas;Pleno dia;Crescente;Céu Claro;Dupla;Reta;Não;3;0;1;0;2;0;1;3;-22,78473679;-42,98658371;SPRF-RJ;DEL02-RJ;UOP02-DEL02-RJ
716252;17/08/2025;domingo;07:20:00;MS;262;548,7;MIRANDA;Manobra de mudança de faixa;Colisão com objeto;Com Vítimas Feridas;Pleno dia;Decrescente;Céu Claro;Simples;"Reta;Declive";Não;3;0;1;1;0;1;2;2;-20,283;-56,302;SPRF-MS;DEL03-MS;UOP02-DEL03-MS
716254;05/09/2025;sexta-feira;06:52:00;RJ;101;309;SAO GONCALO;Ausência de reação do condutor;Colisão traseira;Com Vítimas Feridas;Pleno dia;Crescente;Céu Claro;Dupla;Reta;Sim;2;0;1;0;1;0;1;2;-22,7951733;-43,03585052;SPRF-RJ;DEL02-RJ;UOP02-DEL02-RJ
716255;16/08/2025;sábado;11:00:00;BA;116;834,9;VITORIA DA CONQUISTA;Acessar a via sem observar a presença dos outros veículos;Colisão transversal;Com Vítimas Feridas;Pleno dia;Crescente;Céu Claro;Simples;Reta;Não;2;0;1;0;1;0;1;2;-14,95187505;-40,90013623;SPRF-BA;DEL08-BA;UOP01-DEL08-BA
716256;05/09/2025;sexta-feira;11:15:00;RS;392;352;SANTA MARIA;Reação tardia ou ineficiente do condutor;Colisão traseira;Com Vítimas Feridas;Pleno dia;Crescente;Céu Claro;Dupla;"Interseção de Vias;Em Obras";Sim;3;0;1;0;1;1;1;3;-29,71693709;-53,80895946;SPRF-RS;DEL09-RS;UOP01-DEL09-RS
716257;05/09/2025;sexta-feira;10:50:00;RJ;116;273,6;BARRA MANSA;Condutor deixou de manter distância do veículo da frente;Queda de ocupante de veículo;Com Vítimas Feridas;Pleno dia;Decrescente;Céu Claro;Dupla;Reta;Não;1;0;1;0;0;0;1;1;-22,56098629;-44,14130068;SPRF-RJ;DEL07-RJ;UOP02-DEL07-RJ
716259;05/09/2025;sexta-feira;11:20:00;BA;110;175;RIBEIRA DO POMBAL;Conversão proibida;Atropelamento de Pedestre;Com Vítimas Feridas;Pleno dia;Decrescente;Céu Claro;Simples;"Reta;Interseção de Vias;Rotatória";Sim;3;0;0;1;0;2;1;3;-10,844989;-38,530868;SPRF-BA;DEL07-BA;UOP02-DEL07-BA
716260;05/09/2025;sexta-feira;11:35:00;RS;116;254;SAPUCAIA DO SUL;Ausência de reação do condutor;Colisão traseira;Com Vítimas Feridas;Pleno dia;Crescente;Nublado;Múltipla;Reta;Sim;2;0;1;0;1;0;1;2;-29,830425;-51,173693;SPRF-RS;DEL01-RS;UOP02-DEL01-RS
716262;31/07/2025;quinta-feira;08:00:00;PR;116;122,9;CURITIBA;Manobra de mudança de faixa;Colisão traseira;Com Vítimas Feridas;Pleno dia;Decrescente;Céu Claro;Dupla;Reta;Sim;3;0;2;0;1;0;2;2;-25,611483;-49,318787;SPRF-PR;DEL01-PR;UOP03-DEL01-PR
716264;05/09/2025;sexta-feira;11:20:00;RN;304;295;MACAIBA;Condutor deixou de manter distância do veículo da frente;Colisão traseira;Sem Vítimas;Pleno dia;Crescente;Nublado;Simples;Reta;Sim;2;0;0;0;2;0;0;2;-5,86649271;-35,36085653;SPRF-RN;DEL01-RN;UOP02-DEL01-RN
716265;05/09/2025;sexta-feira;11:15:00;RN;427;0,1;CURRAIS NOVOS;Transitar na contramão;Colisão frontal;Com Vítimas Feridas;Pleno dia;Crescente;Nublado;Simples;"Reta;Declive";Sim;2;0;1;1;0;0;2;2;-6,2681;-36,52252;SPRF-RN;DEL03-RN;UOP02-DEL03-RN
716268;05/09/2025;sexta-feira;10:10:00;RO;364;344;JI-PARANA;Manobra de mudança de faixa;Colisão lateral mesmo sentido;Com Vítimas Feridas;Pleno dia;Decrescente;Céu Claro;Dupla;Reta;Sim;3;0;1;0;2;0;1;2;-10,87052257;-61,95754766;SPRF-RO;DEL02-RO;UOP01-DEL02-RO
716269;05/09/2025;sexta-feira;11:35:00;RN;226;2,6;NATAL;Acessar a via sem observar a presença dos outros veículos;Colisão transversal;Com Vítimas Feridas;Pleno dia;Crescente;Nublado;Simples;Reta;Sim;3;0;2;0;0;1;2;2;-5,82000913;-35,25139181;SPRF-RN;DEL01-RN;UOP02-DEL01-RN
716270;05/09/2025;sexta-feira;12:20:00;PB;101;104;ALHANDRA;Ausência de reação do condutor;Colisão transversal;Sem Vítimas;Pleno dia;Decrescente;Nublado;Dupla;Retorno Regulamentado;Não;2;0;0;0;2;0;0;2;-7,3139575;-34,9446329;SPRF-PB;DEL01-PB;UOP01-DEL01-PB
716272;05/09/2025;sexta-feira;11:55:00;PR;369;55,8;BANDEIRANTES;Acessar a via sem observar a presença dos outros veículos;Colisão transversal;Com Vítimas Feridas;Pleno dia;Crescente;Céu Claro;Simples;"Interseção de Vias;Reta";Sim;3;0;2;0;1;0;2;2;-23,11153394;-50,37341801;SPRF-PR;DEL07-PR;UOP05-DEL07-PR
716275;05/09/2025;sexta-feira;11:30:00;RJ;101;331;RIO DE JANEIRO;Ausência de reação do condutor;Colisão traseira;Com Vítimas Feridas;Pleno dia;Crescente;Céu Claro;Múltipla;Reta;Não;2;0;0;1;1;0;1;2;-22,867473;-43,195549;SPRF-RJ;DEL02-RJ;UOP01-DEL02-RJ
716276;05/09/2025;sexta-feira;12:35:00;RJ;101;470,6;ANGRA DOS REIS;Desrespeitar a preferência no cruzamento;Colisão transversal;Com Vítimas Feridas;Pleno dia;Decrescente;Sol;Simples;Curva;Não;2;0;1;0;1;0;1;2;-22,999801;-44,227506;SPRF-RJ;DEL03-RJ;UOP03-DEL03-RJ
716278;05/09/2025;sexta-feira;13:20:00;RS;386;32,8;FREDERICO WESTPHALEN;Acessar a via sem observar a presença dos outros veículos;Colisão transversal;Com Vítimas Feridas;Pleno dia;Decrescente;Nublado;Simples;"Interseção de Vias;Reta";Sim;2;0;1;0;1;0;1;2;-27,35001784;-53,3863434;SPRF-RS;DEL08-RS;UOP02-DEL08-RS
716280;07/08/2025;quinta-feira;00:30:00;SC;470;15;ILHOTA;Condutor Dormindo;Saída de leito carroçável;Com Vítimas Feridas;Plena Noite;Decrescente;Céu Claro;Dupla;Reta;Não;1;0;0;1;0;0;1;1;-26,84206353;-48,79327545;SPRF-SC;DEL04-SC;UOP04-DEL04-SC
716281;05/09/2025;sexta-feira;14:10:00;MG;40;468,6;SETE LAGOAS;Reação tardia ou ineficiente do condutor;Colisão traseira;Com Vítimas Feridas;Pleno dia;Decrescente;Céu Claro;Dupla;Reta;Não;2;0;1;0;1;0;1;2;-19,457736;-44,306331;SPRF-MG;DEL02-MG;UOP01-DEL02-MG
716282;05/09/2025;sexta-feira;13:30:00;SP;381;84;SAO PAULO;Acessar a via sem observar a presença dos outros veículos;Atropelamento de Pedestre;Com Vítimas Feridas;Pleno dia;Crescente;Céu Claro;Dupla;Reta;Sim;2;0;0;1;1;0;1;2;-23,43884105;-46,56805007;SPRF-SP;DEL03-SP;UOP01-DEL03-SP
716283;05/09/2025;sexta-feira;13:40:00;RS;101;66,5;MAQUINE;Condutor usando celular;Saída de leito carroçável;Com Vítimas Feridas;Pleno dia;Decrescente;Garoa/Chuvisco;Dupla;"Reta;Viaduto";Não;4;0;1;0;3;0;1;1;-29,71949;-50,193512;SPRF-RS;DEL03-RS;UOP02-DEL03-RS
716285;05/09/2025;sexta-feira;09:30:00;MG;267;126,2;JUIZ DE FORA;Ausência de reação do condutor;Saída de leito carroçável;Com Vítimas Feridas;Pleno dia;Decrescente;Céu Claro;Simples;"Reta;Aclive";Não;1;0;1;0;0;0;1;1;-21,70496426;-43,51238251;SPRF-MG;DEL05-MG;UOP01-DEL05-MG
716286;21/08/2025;quinta-feira;06:50:00;MG;262;439;NOVA SERRANA;Afundamento ou ondulação no pavimento;Tombamento;Com Vítimas Feridas;Pleno dia;Crescente;Céu Claro;Simples;Reta;Sim;1;0;0;1;0;0;1;1;-19,87088764;-44,98031616;SPRF-MG;DEL08-MG;UOP03-DEL08-MG
716287;05/09/2025;sexta-feira;14:00:00;ES;101;370,7;ANCHIETA;Desrespeitar a preferência no cruzamento;Colisão transversal;Com Vítimas Feridas;Pleno dia;Decrescente;Céu Claro;Simples;Interseção de Vias;Não;3;0;1;0;2;0;1;2;-20,7709959;-40,76377843;SPRF-ES;DEL03-ES;UOP01-DEL03-ES
716288;05/09/2025;sexta-feira;12:50:00;RS;116;253,8;SAPUCAIA DO SUL;Acessar a via sem observar a presença dos outros veículos;Colisão lateral mesmo sentido;Sem Vítimas;Pleno dia;Crescente;Nublado;Múltipla;"Interseção de Vias;Reta";Sim;3;0;0;0;3;0;0;2;-29,82463995;-51,17212269;SPRF-RS;DEL01-RS;UOP02-DEL01-RS
716289;05/09/2025;sexta-feira;14:22:00;MG;40;778,9;JUIZ DE FORA;Ausência de reação do condutor;Colisão traseira;Com Vítimas Fatais;Pleno dia;Crescente;Céu Claro;Dupla;Reta;Não;76;4;29;9;34;0;38;2;-21,688;-43,451;SPRF-MG;DEL05-MG;UOP01-DEL05-MG
716290;05/09/2025;sexta-feira;07:30:00;MA;10;236;GOVERNADOR EDISON LOBAO;Acessar a via sem observar a presença dos outros veículos;Colisão lateral mesmo sentido;Com Vítimas Feridas;Pleno dia;Crescente;Céu Claro;Simples;Reta;Sim;3;0;2;1;0;0;3;2;-5,6554126;-47,3890825;SPRF-MA;DEL04-MA;UOP01-DEL04-MA
716292;04/08/2025;segunda-feira;08:30:00;TO;10;474;PALMAS;Ausência de reação do condutor;Colisão traseira;Com Vítimas Feridas;Pleno dia;Crescente;Céu Claro;Simples;Reta;Não;3;0;1;1;1;0;2;2;-10,23697039;-48,2221511;SPRF-TO;DEL01-TO;UOP03-DEL01-TO
716293;05/09/2025;sexta-feira;14:00:00;SP;116;111,6;TAUBATE;Avarias e/ou desgaste excessivo no pneu;Tombamento;Com Vítimas Feridas;Pleno dia;Crescente;Céu Claro;Dupla;Reta;Sim;2;0;2;0;0;0;2;1;-23,0405166;-45,56731436;SPRF-SP;DEL02-SP;UOP02-DEL02-SP
716297;05/09/2025;sexta-feira;14:30:00;SC;101;135;BALNEARIO CAMBORIU;Reação tardia ou ineficiente do condutor;Colisão traseira;Com Vítimas Feridas;Pleno dia;Decrescente;Garoa/Chuvisco;Dupla;Reta;Sim;2;0;0;1;1;0;1;2;-27,00658322;-48,62070322;SPRF-SC;DEL04-SC;UOP03-DEL04-SC
716298;05/09/2025;sexta-feira;14:30:00;GO;153;438,6;ANAPOLIS;Condutor deixou de manter distância do veículo da frente;Colisão traseira;Com Vítimas Feridas;Pleno dia;Decrescente;Céu Claro;Dupla;"Declive;Reta";Sim;2;0;1;0;1;0;1;2;-16,315829;-48,921573;SPRF-GO;DEL02-GO;UOP01-DEL02-GO
716302;05/09/2025;sexta-feira;13:30:00;RJ;465;15;SEROPEDICA;Ausência de reação do condutor;Colisão lateral mesmo sentido;Com Vítimas Feridas;Pleno dia;Crescente;Céu Claro;Simples;Reta;Sim;2;0;1;0;1;0;1;2;-22,81134298;-43,63114771;SPRF-RJ;DEL06-RJ;UOP02-DEL06-RJ
716303;05/09/2025;sexta-feira;15:10:00;ES;101;257;SERRA;Acessar a via sem observar a presença dos outros veículos;Colisão frontal;Com Vítimas Feridas;Pleno dia;Decrescente;Céu Claro;Dupla;Interseção de Vias;Sim;2;0;1;0;1;0;1;2;-20,12369122;-40,30423274;SPRF-ES;DEL02-ES;UOP01-DEL02-ES