id;data_inversa;dia_semana;horario;uf;br;km;municipio;causa_acidente;tipo_acidente;classificacao_acidente;fase_dia;sentido_via;condicao_metereologica;tipo_pista;tracado_via;uso_solo;pessoas;mortos;feridos_leves;feridos_graves;ilesos;ignorados;feridos;veiculos;latitude;longitude;regional;delegacia;uop
716763;07/09/2025;domingo;08:50:00;PR;277;324;GUARAPUAVA;Reação tardia ou ineficiente do condutor;Saída de leito carroçável;Com Vítimas Feridas;Pleno dia;Decrescente;Céu Claro;Simples;"Reta;Declive";Não;2;0;1;0;1;0;1;1;-25,37399;-51,31393;SPRF-PR;DEL08-PR;UOP01-DEL08-PR
716767;07/09/2025;domingo;08:57:00;SP;116;139,7;SAO JOSE DOS CAMPOS;Avarias e/ou desgaste excessivo no pneu;Saída de leito carroçável;Com Vítimas Feridas;Pleno dia;Decrescente;Nublado;Dupla;Reta;Não;2;0;2;0;0;0;2;1;-23,16343;-45,80769;SPRF-SP;DEL02-SP;UOP01-DEL02-SP
716768;07/09/2025;domingo;06:34:00;RJ;101;497;ANGRA DOS REIS;Pista Escorregadia;Queda de ocupante de veículo;Com Vítimas Feridas;Amanhecer;Crescente;Chuva;Simples;Curva;Não;1;0;0;1;0;0;1;1;-22,93879199;-44,31884766;SPRF-RJ;DEL03-RJ;UOP03-DEL03-RJ
716771;07/09/2025;domingo;10:20:00;SC;470;90,1;ASCURRA;Acessar a via sem observar a presença dos outros veículos;Colisão transversal;Com Vítimas Feridas;Pleno dia;Decrescente;Nublado;Simples;Reta;Não;3;0;1;0;2;0;1;2;-26,9705117;-49,36725855;SPRF-SC;DEL04-SC;UOP01-DEL04-SC
716773;07/09/2025;domingo;09:05:00;RJ;101;87;CAMPOS DOS GOYTACAZES;Ingestão de álcool pelo condutor;Saída de leito carroçável;Com Vítimas Feridas;Pleno dia;Decrescente;Garoa/Chuvisco;Dupla;Curva;Não;3;0;2;0;1;0;2;1;-21,828454;-41,498447;SPRF-RJ;DEL08-RJ;UOP02-DEL08-RJ
716774;07/09/2025;domingo;09:00:00;MG;40;36,5;PARACATU;Condutor deixou de manter distância do veículo da frente;Colisão traseira;Com Vítimas Feridas;Pleno dia;Crescente;Céu Claro;Dupla;Reta;Sim;3;0;1;1;1;0;2;2;-17,20082;-46,907348;SPRF-MG;DEL14-MG;UOP01-DEL14-MG
716775;07/09/2025;domingo;10:30:00;PR;376;201;MARIALVA;Reação tardia ou ineficiente do condutor;Tombamento;Com Vítimas Feridas;Pleno dia;Decrescente;Nublado;Dupla;Reta;Não;1;0;0;1;0;0;1;1;-23,508;-51,728;SPRF-PR;DEL09-PR;UOP01-DEL09-PR
716776;07/09/2025;domingo;07:50:00;AP;210;88;PORTO GRANDE;Ausência de reação do condutor;Saída de leito carroçável;Com Vítimas Fatais;Pleno dia;Crescente;Céu Claro;Simples;Curva;Não;4;1;2;1;0;0;3;1;0,63330158;-51,28098384;SPRF-AP;DEL01-AP;UOP01-DEL01-AP
716777;07/09/2025;domingo;10:20:00;ES;101;241,9;SERRA;Demais falhas na via;Colisão com objeto;Com Vítimas Feridas;Pleno dia;Crescente;Céu Claro;Múltipla;Reta;Não;1;0;1;0;0;0;1;1;-20,03295;-40,39673;SPRF-ES;DEL02-ES;UOP01-DEL02-ES
716778;30/08/2025;sábado;07:45:00;SP;116;102,3;PINDAMONHANGABA;Ausência de reação do condutor;Colisão traseira;Com Vítimas Feridas;Pleno dia;Decrescente;Nublado;Dupla;"Reta;Aclive";Não;6;0;1;0;5;0;1;5;-22,99513816;-45,48966408;SPRF-SP;DEL08-SP;UOP01-DEL08-SP
716780;07/09/2025;domingo;09:45:00;SP;459;4,5;PIQUETE;Pista Escorregadia;Colisão frontal;Com Vítimas Feridas;Pleno dia;Decrescente;Chuva;Simples;"Declive;Curva";Não;3;0;2;0;1;0;2;2;-22,5711541;-45,210321;SPRF-SP;DEL08-SP;UOP02-DEL08-SP
716781;07/09/2025;domingo;10:20:00;PR;376;233;APUCARANA;Reação tardia ou ineficiente do condutor;Saída de leito carroçável;Com Vítimas Feridas;Pleno dia;Decrescente;Nublado;Dupla;"Reta;Aclive";Não;1;0;0;1;0;0;1;1;-23,568083;-51,511451;SPRF-PR;DEL07-PR;UOP03-DEL07-PR
716782;07/09/2025;domingo;08:50:00;PR;369;104;URAI;Demais falhas mecânicas ou elétricas;Incêndio;Com Vítimas Feridas;Pleno dia;Decrescente;Céu Claro;Dupla;Viaduto;Não;1;0;1;0;0;0;1;1;-23,26247502;-50,77797024;SPRF-PR;DEL07-PR;UOP05-DEL07-PR
716783;06/09/2025;sábado;00:15:00;PR;376;158;MARINGA;Reação tardia ou ineficiente do condutor;Saída de leito carroçável;Com Vítimas Feridas;Plena Noite;Decrescente;Nublado;Dupla;Curva;Não;1;0;1;0;0;0;1;1;-23,36814549;-52,06628887;SPRF-PR;DEL09-PR;UOP02-DEL09-PR
716784;07/09/2025;domingo;10:55:00;MA;222;671;ACAILANDIA;Velocidade Incompatível;Queda de ocupante de veículo;Com Vítimas Feridas;Pleno dia;Crescente;Sol;Simples;Reta;Sim;1;0;1;0;0;0;1;1;-4,9395367;-47,4629317;SPRF-MA;DEL04-MA;UOP03-DEL04-MA
716785;07/09/2025;domingo;11:20:00;RJ;116;172;SAO JOAO DE MERITI;Acumulo de areia ou detritos sobre o pavimento;Tombamento;Com Vítimas Feridas;Pleno dia;Crescente;Nublado;Múltipla;"Reta;Retorno Regulamentado";Sim;1;0;1;0;0;0;1;1;-22,7988215;-43,3566515;SPRF-RJ;DEL06-RJ;UOP01-DEL06-RJ
716786;07/09/2025;domingo;09:00:00;MG;116;745;LEOPOLDINA;Reação tardia ou ineficiente do condutor;Saída de leito carroçável;Com Vítimas Feridas;Pleno dia;Decrescente;Nublado;Simples;Reta;Não;1;0;1;0;0;0;1;1;-21,5387;-42,6524;SPRF-MG;DEL07-MG;UOP01-DEL07-MG
716787;07/09/2025;domingo;06:45:00;RS;290;127,6;ELDORADO DO SUL;Mal súbito do condutor;Saída de leito carroçável;Com Vítimas Fatais;Amanhecer;Crescente;Céu Claro;Simples;Reta;Não;2;1;1;0;0;0;1;1;-30,057371;-51,493205;SPRF-RS;DEL02-RS;UOP01-DEL02-RS
716789;07/09/2025;domingo;07:00:00;SC;480;127;CHAPECO;Avarias e/ou desgaste excessivo no pneu;Eventos atípicos;Sem Vítimas;Pleno dia;Crescente;Céu Claro;Dupla;Reta;Sim;1;0;0;0;0;1;0;1;-27,0263077;-52,63432568;SPRF-SC;DEL07-SC;UOP01-DEL07-SC
716790;07/09/2025;domingo;11:15:00;PR;153;94,3;CONSELHEIRO MAIRINCK;Ingestão de álcool pelo condutor;Saída de leito carroçável;Sem Vítimas;Pleno dia;Decrescente;Céu Claro;Simples;Curva;Não;1;0;0;0;1;0;0;1;-23,67753284;-50,16613841;SPRF-PR;DEL07-PR;UOP04-DEL07-PR
716792;19/08/2025;terça-feira;12:30:00;RJ;40;106;DUQUE DE CAXIAS;Condutor deixou de manter distância do veículo da frente;Engavetamento;Sem Vítimas;Pleno dia;Crescente;Céu Claro;Múltipla;Reta;Não;3;0;0;0;3;0;0;3;-22,65105991;-43,28357846;SPRF-RJ;DEL01-RJ;UOP02-DEL01-RJ
716793;13/06/2025;sexta-feira;07:00:00;GO;40;2;VALPARAISO DE GOIAS;Ausência de reação do condutor;Queda de ocupante de veículo;Com Vítimas Feridas;Pleno dia;Decrescente;Ignorado;Dupla;Reta;Sim;1;0;0;1;0;0;1;1;-16,060568;-47,985728;SPRF-DF;DEL01-DF;UOP01-DEL01-DF
716794;07/09/2025;domingo;10:20:00;RS;116;583;ARROIO GRANDE;Ausência de reação do condutor;Saída de leito carroçável;Sem Vítimas;Pleno dia;Decrescente;Céu Claro;Simples;Reta;Não;2;0;0;0;0;2;0;2;-32,0663848;-52,8779939;SPRF-RS;DEL07-RS;UOP03-DEL07-RS
716796;07/09/2025;domingo;12:30:00;SC;101;41;JOINVILLE;Desrespeitar a preferência no cruzamento;Colisão transversal;Com Vítimas Feridas;Pleno dia;Crescente;Chuva;Dupla;Interseção de Vias;Sim;2;0;1;0;1;0;1;2;-26,318422;-48,872135;SPRF-SC;DEL03-SC;UOP01-DEL03-SC
716797;07/09/2025;domingo;13:00:00;PR;376;201,9;MARIALVA;Frear bruscamente;Colisão traseira;Sem Vítimas;Pleno dia;Decrescente;Céu Claro;Dupla;Reta;Não;3;0;0;0;2;1;0;3;-23,5080247;-51,7280259;SPRF-PR;DEL09-PR;UOP01-DEL09-PR
716798;07/09/2025;domingo;12:40:00;ES;101;39,9;CONCEICAO DA BARRA;Transitar na contramão;Colisão lateral sentido oposto;Com Vítimas Feridas;Pleno dia;Crescente;Céu Claro;Simples;Reta;Não;2;0;1;0;1;0;1;2;-18,498036;-39,91906;SPRF-ES;DEL04-ES;UOP02-DEL04-ES
716800;07/09/2025;domingo;08:45:00;MG;116;592,6;SAO JOAO DO MANHUACU;Ausência de reação do condutor;Saída de leito carroçável;Com Vítimas Feridas;Pleno dia;Crescente;Céu Claro;Simples;Curva;Não;2;0;0;2;0;0;2;1;-20,25945944;-42,14312553;SPRF-MG;DEL06-MG;UOP03-DEL06-MG
716801;07/09/2025;domingo;11:50:00;GO;153;641;MORRINHOS;Avarias e/ou desgaste excessivo no pneu;Tombamento;Com Vítimas Feridas;Pleno dia;Decrescente;Céu Claro;Dupla;Reta;Não;2;0;1;0;1;0;1;1;-17,880468;-49,22997;SPRF-GO;DEL03-GO;UOP01-DEL03-GO
716804;07/09/2025;domingo;11:10:00;PE;408;53,7;NAZARE DA MATA;Ingestão de álcool pelo condutor;Queda de ocupante de veículo;Com Vítimas Feridas;Pleno dia;Crescente;Céu Claro;Simples;"Curva;Aclive";Não;1;0;1;0;0;0;1;1;-7,762112;-35,234283;SPRF-PE;DEL01-PE;UOP01-DEL01-PE
716805;07/09/2025;domingo;13:05:00;MG;50;166;UBERABA;Demais falhas mecânicas ou elétricas;Queda de ocupante de veículo;Com Vítimas Feridas;Pleno dia;Crescente;Céu Claro;Dupla;Reta;Não;1;0;0;1;0;0;1;1;-19,7066752;-47,9920128;SPRF-MG;DEL13-MG;UOP01-DEL13-MG
716806;07/09/2025;domingo;12:00:00;SC;280;106,6;SAO BENTO DO SUL;Acessar a via sem observar a presença dos outros veículos;Colisão transversal;Com Vítimas Feridas;Pleno dia;Crescente;Nublado;Simples;Curva;Não;3;0;2;0;1;0;2;2;-26,344038;-49,375678;SPRF-SC;DEL06-SC;UOP03-DEL06-SC
716807;07/09/2025;domingo;13:20:00;MG;381;291;ANTONIO DIAS;Ausência de reação do condutor;Queda de ocupante de veículo;Com Vítimas Feridas;Pleno dia;Crescente;Céu Claro;Simples;"Reta;Aclive";Não;1;0;0;1;0;0;1;1;-19,624729;-42,866542;SPRF-MG;DEL03-MG;UOP02-DEL03-MG
716808;07/09/2025;domingo;13:40:00;SP;116;140,9;SAO JOSE DOS CAMPOS;Reação tardia ou ineficiente do condutor;Colisão traseira;Com Vítimas Feridas;Pleno dia;Crescente;Sol;Dupla;Reta;Sim;6;0;3;0;3;0;3;3;-23,16681766;-45,81357971;SPRF-SP;DEL02-SP;UOP01-DEL02-SP
716810;07/09/2025;domingo;11:40:00;PR;163;284;MARECHAL CANDIDO RONDON;Acessar a via sem observar a presença dos outros veículos;Colisão transversal;Com Vítimas Feridas;Pleno dia;Decrescente;Céu Claro;Dupla;"Reta;Interseção de Vias;Rotatória;Viaduto";Sim;4;0;2;0;2;0;2;2;-24,5457267;-54,04395517;SPRF-PR;DEL06-PR;UOP02-DEL06-PR
716811;07/09/2025;domingo;13:15:00;RO;364;693;CANDEIAS DO JAMARI;Ausência de reação do condutor;Tombamento;Com Vítimas Feridas;Pleno dia;Crescente;Céu Claro;Dupla;Reta;Sim;2;0;1;0;1;0;1;1;-8,79782256;-63,71156216;SPRF-RO;DEL01-RO;UOP01-DEL01-RO
716812;07/09/2025;domingo;11:40:00;RO;364;345;JI-PARANA;Acumulo de areia ou detritos sobre o pavimento;Tombamento;Com Vítimas Feridas;Pleno dia;Crescente;Sol;Múltipla;Reta;Sim;2;0;1;0;1;0;1;1;-10,868027;-61,963617;SPRF-RO;DEL02-RO;UOP01-DEL02-RO
716813;07/09/2025;domingo;14:10:00;MG;262;375,8;JUATUBA;Ausência de reação do condutor;Tombamento;Com Vítimas Feridas;Pleno dia;Crescente;Céu Claro;Dupla;Curva;Não;1;0;1;0;0;0;1;1;-19,93479937;-44,43462102;SPRF-MG;DEL01-MG;UOP03-DEL01-MG
716814;07/09/2025;domingo;11:30:00;SP;116;537;BARRA DO TURVO;Reação tardia ou ineficiente do condutor;Colisão com objeto;Sem Vítimas;Pleno dia;Crescente;Garoa/Chuvisco;Dupla;Curva;Não;1;0;0;0;1;0;0;1;-24,9703521;-48,3674939;SPRF-SP;DEL05-SP;UOP02-DEL05-SP
716815;07/09/2025;domingo;11:50:00;PR;376;330;ORTIGUEIRA;Acesso irregular;Colisão transversal;Sem Vítimas;Pleno dia;Decrescente;Céu Claro;Dupla;Retorno Regulamentado;Não;5;0;0;0;5;0;0;2;-24,11276775;-51,03809237;SPRF-PR;DEL07-PR;UOP02-DEL07-PR
716816;07/09/2025;domingo;15:00:00;SP;153;65,5;SAO JOSE DO RIO PRETO;Reação tardia ou ineficiente do condutor;Saída de leito carroçável;Sem Vítimas;Pleno dia;Decrescente;Céu Claro;Dupla;Reta;Sim;1;0;0;0;0;1;0;1;-20,83611649;-49,36605541;SPRF-SP;DEL09-SP;UOP01-DEL09-SP
716818;07/09/2025;domingo;15:10:00;RS;116;231;IVOTI;Acessar a via sem observar a presença dos outros veículos;Colisão transversal;Com Vítimas Feridas;Pleno dia;Decrescente;Céu Claro;Dupla;"Interseção de Vias;Retorno Regulamentado;Reta;Aclive";Sim;2;0;1;0;1;0;1;2;-29,62610999;-51,13737382;SPRF-RS;DEL01-RS;UOP02-DEL01-RS
716819;07/09/2025;domingo;15:15:00;MG;381;337;BELA VISTA DE MINAS;Transitar na contramão;Colisão lateral sentido oposto;Com Vítimas Feridas;Pleno dia;Crescente;Céu Claro;Simples;"Curva;Aclive";Não;2;0;1;1;0;0;2;2;-19,82377;-43,078059;SPRF-MG;DEL03-MG;UOP01-DEL03-MG
716820;07/09/2025;domingo;12:10:00;MA;230;410;BALSAS;Retorno proibido;Colisão lateral mesmo sentido;Sem Vítimas;Pleno dia;Crescente;Céu Claro;Simples;Reta;Não;4;0;0;0;4;0;0;2;-7,49992392;-46,1211938;SPRF-MA;DEL05-MA;UOP01-DEL05-MA
716821;07/09/2025;domingo;10:00:00;RJ;116;268;BARRA MANSA;Ausência de reação do condutor;Colisão lateral mesmo sentido;Com Vítimas Feridas;Pleno dia;Crescente;Nublado;Dupla;Reta;Não;2;0;1;0;1;0;1;2;-22,55994939;-44,15091455;SPRF-RJ;DEL07-RJ;UOP02-DEL07-RJ
716823;07/09/2025;domingo;16:10:00;RJ;101;326;NITEROI;Condutor deixou de manter distância do veículo da frente;Colisão traseira;Com Vítimas Feridas;Pleno dia;Crescente;Nublado;Dupla;"Ponte;Reta;Aclive";Não;4;0;0;1;2;1;1;3;-22,87091233;-43,15668631;SPRF-RJ;DEL02-RJ;UOP01-DEL02-RJ
716824;07/09/2025;domingo;15:50:00;ES;101;213;IBIRACU;Conversão proibida;Colisão lateral mesmo sentido;Com Vítimas Feridas;Pleno dia;Crescente;Nublado;Simples;Reta;Sim;4;0;0;1;3;0;1;2;-19,82404;-40,36971;SPRF-ES;DEL02-ES;UOP01-DEL02-ES
716825;07/09/2025;domingo;15:36:00;MG;381;492;BETIM;Ingestão de álcool pelo condutor;Colisão transversal;Sem Vítimas;Pleno dia;Crescente;Céu Claro;Dupla;Reta;Sim;2;0;0;0;2;0;0;2;-19,96107667;-44,15905237;SPRF-MG;DEL01-MG;UOP03-DEL01-MG
716826;07/09/2025;domingo;16:00:00;RJ;116;327,5;ITATIAIA;Reação tardia ou ineficiente do condutor;Colisão lateral mesmo sentido;Sem Vítimas;Pleno dia;Decrescente;Nublado;Dupla;Curva;Sim;2;0;0;0;1;1;0;2;-22,50463469;-44,59404079;SPRF-RJ;DEL07-RJ;UOP02-DEL07-RJ
716827;07/09/2025;domingo;16:00:00;RS;290;87;PORTO ALEGRE;Reação tardia ou ineficiente do condutor;Colisão traseira;Com Vítimas Feridas;Pleno dia;Decrescente;Céu Claro;Múltipla;Reta;Não;6;0;1;0;5;0;1;3;-29,96824505;-51,15453243;SPRF-RS;DEL01-RS;UOP01-DEL01-RS
716828;07/09/2025;domingo;16:10:00;MG;40;517;RIBEIRAO DAS NEVES;Acessar a via sem observar a presença dos outros veículos;Colisão transversal;Com Vítimas Feridas;Pleno dia;Crescente;Céu Claro;Dupla;"Interseção de Vias;Reta";Não;3;0;0;2;1;0;2;2;-19,829281;-44,083694;SPRF-MG;DEL01-MG;UOP02-DEL01-MG
716829;07/09/2025;domingo;16:15:00;PR;277;633;CEU AZUL;Acessar a via sem observar a presença dos outros veículos;Colisão transversal;Com Vítimas Feridas;Pleno dia;Crescente;Garoa/Chuvisco;Simples;Interseção de Vias;Sim;5;0;5;0;0;0;5;2;-25,1286078;-53,82378101;SPRF-PR;DEL05-PR;UOP02-DEL05-PR
716832;07/09/2025;domingo;16:30:00;PE;232;205;PESQUEIRA;Ausência de reação do condutor;Saída de leito carroçável;Com Vítimas Feridas;Pleno dia;Decrescente;Céu Claro;Simples;Reta;Não;2;0;0;2;0;0;2;1;-8,370923;-36,659262;SPRF-PE;DEL03-PE;UOP02-DEL03-PE
716833;07/09/2025;domingo;14:00:00;PR;163;195,1;SANTA TEREZA DO OESTE;Velocidade Incompatível;Saída de leito carroçável;Sem Vítimas;Pleno dia;Crescente;Garoa/Chuvisco;Dupla;Curva;Não;1;0;0;0;0;1;0;1;-25,041323;-53,557178;SPRF-PR;DEL05-PR;UOP05-DEL05-PR
716835;07/09/2025;domingo;16:30:00;GO;40;7;LUZIANIA;Ausência de reação do condutor;Atropelamento de Pedestre;Com Vítimas Feridas;Pleno dia;Decrescente;Céu Claro;Dupla;Reta;Não;2;0;0;1;1;0;1;2;-16,22200716;-47,91609675;SPRF-DF;DEL01-DF;UOP01-DEL01-DF
716836;07/09/2025;domingo;16:30:00;BA;110;355;CATU;Frear bruscamente;Colisão traseira;Com Vítimas Feridas;Pleno dia;Crescente;Nublado;Simples;Reta;Sim;2;0;0;1;1;0;1;2;-12,27535;-38,370765;SPRF-BA;DEL01-BA;UOP04-DEL01-BA
716837;07/09/2025;domingo;16:35:00;GO;414;362,1;COCALZINHO DE GOIAS;Ausência de reação do condutor;Saída de leito carroçável;Com Vítimas Feridas;Pleno dia;Crescente;Céu Claro;Simples;Curva;Não;2;0;1;0;0;1;1;1;-15,7107134;-48,6931618;SPRF-GO;DEL02-GO;UOP01-DEL02-GO
716839;07/09/2025;domingo;15:30:00;RJ;101;461;ANGRA DOS REIS;Reação tardia ou ineficiente do condutor;Saída de leito carroçável;Com Vítimas Feridas;Pleno dia;Decrescente;Garoa/Chuvisco;Simples;Curva;Não;2;0;1;0;1;0;1;1;-22,98997893;-44,24201396;SPRF-RJ;DEL03-RJ;UOP03-DEL03-RJ
716840;07/09/2025;domingo;16:20:00;SC;116;273,4;CAPAO ALTO;Reação tardia ou ineficiente do condutor;Colisão transversal;Com Vítimas Feridas;Pleno dia;Crescente;Nublado;Simples;Reta;Não;3;0;1;1;1;0;2;2;-27,9918373;-50,5247;SPRF-SC;DEL05-SC;UOP02-DEL05-SC
716841;07/09/2025;domingo;16:00:00;MG;364;6,8;PLANURA;Acessar a via sem observar a presença dos outros veículos;Colisão transversal;Sem Vítimas;Pleno dia;Crescente;Céu Claro;Simples;Reta;Não;2;0;0;0;1;1;0;2;-20,115361;-48,710828;SPRF-MG;DEL13-MG;UOP02-DEL13-MG
716844;07/09/2025;domingo;16:15:00;RO;364;16;VILHENA;Ingestão de álcool pelo condutor;Colisão traseira;Com Vítimas Feridas;Pleno dia;Decrescente;Céu Claro;Simples;Reta;Sim;4;0;2;0;2;0;2;2;-12,73356686;-60,16005993;SPRF-RO;DEL04-RO;UOP01-DEL04-RO
716846;07/09/2025;domingo;17:00:00;RS;116;270,6;PORTO ALEGRE;Demais falhas mecânicas ou elétricas;Colisão com objeto;Com Vítimas Feridas;Anoitecer;Crescente;Céu Claro;Simples;Reta;Não;3;0;2;0;1;0;2;1;-29,9699846;-51,1711694;SPRF-RS;DEL01-RS;UOP01-DEL01-RS
716847;07/09/2025;domingo;17:00:00;RJ;101;247;SILVA JARDIM;Reação tardia ou ineficiente do condutor;Tombamento;Com Vítimas Feridas;Pleno dia;Decrescente;Chuva;Dupla;Reta;Não;5;0;4;0;1;0;4;1;-22,659611;-42,494776;SPRF-RJ;DEL02-RJ;UOP03-DEL02-RJ
716848;07/09/2025;domingo;17:00:00;SC;101;136;BALNEARIO CAMBORIU;Curva acentuada;Atropelamento de Pedestre;Com Vítimas Feridas;Pleno dia;Decrescente;Nublado;Simples;Curva;Sim;2;0;1;0;1;0;1;2;-27,01169712;-48,61371875;SPRF-SC;DEL04-SC;UOP03-DEL04-SC
716849;07/09/2025;domingo;18:20:00;SC;280;22;ARAQUARI;Acessar a via sem observar a presença dos outros veículos;Colisão transversal;Com Vítimas Feridas;Anoitecer;Crescente;Chuva;Simples;Reta;Sim;2;0;1;0;1;0;1;2;-26,371145;-48,706095;SPRF-SC;DEL03-SC;UOP03-DEL03-SC
716850;07/09/2025;domingo;18:20:00;SC;101;214,2;PALHOCA;Demais falhas mecânicas ou elétricas;Colisão traseira;Com Vítimas Feridas;Plena Noite;Crescente;Céu Claro;Múltipla;"Aclive;Reta";Não;4;0;1;2;1;0;3;2;-27,64619;-48,67192;SPRF-SC;DEL01-SC;UOP02-DEL01-SC
716851;07/09/2025;domingo;12:45:00;RJ;40;93;DUQUE DE CAXIAS;Chuva;Colisão traseira;Com Vítimas Feridas;Pleno dia;Crescente;Chuva;Dupla;"Declive;Curva";Sim;5;0;1;0;4;0;1;2;-22,55749965;-43,26459467;SPRF-RJ;DEL01-RJ;UOP01-DEL01-RJ
716852;07/09/2025;domingo;13:40:00;MT;163;753;SORRISO;Ingestão de álcool pelo condutor;Saída de leito carroçável;Sem Vítimas;Pleno dia;Crescente;Sol;Dupla;Reta;Sim;1;0;0;0;1;0;0;1;-12,54536868;-55,70971727;SPRF-MT;DEL06-MT;UOP01-DEL06-MT
716853;07/09/2025;domingo;18:00:00;RN;226;376;ANTONIO MARTINS;Velocidade Incompatível;Saída de leito carroçável;Com Vítimas Fatais;Anoitecer;Decrescente;Céu Claro;Simples;Curva;Não;5;3;1;0;0;1;1;1;-6,20771172;-37,88500071;SPRF-RN;DEL04-RN;UOP02-DEL04-RN
716855;07/09/2025;domingo;19:00:00;RS;116;267;CANOAS;Trafegar com motocicleta (ou similar) entre as faixas;Colisão lateral mesmo sentido;Com Vítimas Feridas;Plena Noite;Crescente;Céu Claro;Dupla;Reta;Sim;3;0;1;0;2;0;1;2;-29,943665;-51,177022;SPRF-RS;DEL01-RS;UOP01-DEL01-RS
716856;07/09/2025;domingo;18:55:00;DF;80;14;BRASILIA;Conversão proibida;Colisão transversal;Sem Vítimas;Plena Noite;Crescente;Céu Claro;Simples;"Reta;Declive";Sim;3;0;0;0;3;0;0;2;-15,714836;-48,197954;SPRF-DF;DEL03-DF;UOP02-DEL03-DF
716858;07/09/2025;domingo;18:09:00;RN;110;49;MOSSORO;Reação tardia ou ineficiente do condutor;Colisão traseira;Com Vítimas Feridas;Plena Noite;Decrescente;Céu Claro;Dupla;Reta;Sim;2;0;1;0;1;0;1;2;-5,22309169;-37,32540518;SPRF-RN;DEL04-RN;UOP01-DEL04-RN
716860;07/09/2025;domingo;19:00:00;MG;381;502,5;BETIM;Ausência de reação do condutor;Colisão traseira;Com Vítimas Feridas;Plena Noite;Decrescente;Céu Claro;Dupla;Reta;Sim;2;0;1;0;1;0;1;2;-20,01637;-44,22304;SPRF-MG;DEL01-MG;UOP03-DEL01-MG
716861;07/09/2025;domingo;19:00:00;MG;365;161;PIRAPORA;Reação tardia ou ineficiente do condutor;Colisão frontal;Com Vítimas Feridas;Plena Noite;Crescente;Céu Claro;Simples;Reta;Não;6;0;0;3;2;1;3;2;-17,35159;-44,90991;SPRF-MG;DEL10-MG;UOP02-DEL010-MG
716862;07/09/2025;domingo;14:27:00;AP;210;100;FERREIRA GOMES;Velocidade Incompatível;Saída de leito carroçável;Com Vítimas Feridas;Pleno dia;Decrescente;Céu Claro;Simples;Curva;Não;2;0;1;1;0;0;2;1;0,6908385;-51,3649497;SPRF-AP;DEL01-AP;UOP01-DEL01-AP
716863;07/09/2025;domingo;15:20:00;MG;40;149,1;JOAO PINHEIRO;Ausência de reação do condutor;Capotamento;Com Vítimas Feridas;Pleno dia;Crescente;Céu Claro;Simples;Reta;Não;1;0;1;0;0;0;1;1;-17,782808;-46,136921;SPRF-MG;DEL14-MG;UOP01-DEL14-MG
716864;22/08/2025;sexta-feira;14:30:00;MS;463;89;PONTA PORA;Acessar a via sem observar a presença dos outros veículos;Colisão transversal;Com Vítimas Feridas;Pleno dia;Crescente;Céu Claro;Simples;Interseção de Vias;Não;4;0;4;0;0;0;4;2;-22,58911501;-55,51901758;SPRF-MS;DEL04-MS;UOP03-DEL04-MS
716867;07/09/2025;domingo;19:20:00;GO;50;250;CATALAO;Acessar a via sem observar a presença dos outros veículos;Atropelamento de Pedestre;Com Vítimas Fatais;Plena Noite;Decrescente;Céu Claro;Dupla;Reta;Não;3;1;0;0;1;1;0;2;-18,23529477;-47,98253596;SPRF-GO;DEL06-GO;UOP01-DEL06-GO
716868;07/09/2025;domingo;18:30:00;PI;230;309;FLORIANO;Condutor deixou de manter distância do veículo da frente;Colisão traseira;Com Vítimas Feridas;Plena Noite;Crescente;Céu Claro;Simples;Reta;Não;1;0;1;0;0;0;1;1;-6,773636;-43,006587;SPRF-PI;DEL03-PI;UOP01-DEL03-PI
716869;07/09/2025;domingo;19:00:00;PI;343;2,5;TERESINA;Condutor deixou de manter distância do veículo da frente;Colisão traseira;Com Vítimas Feridas;Plena Noite;Decrescente;Céu Claro;Dupla;Reta;Sim;2;0;1;0;1;0;1;2;-5,0816622;-42,77361542;SPRF-PI;DEL01-PI;UOP01-DEL01-PI
716870;07/09/2025;domingo;18:45:00;PB;230;165;CAMPINA GRANDE;Acessar a via sem observar a presença dos outros veículos;Colisão transversal;Com Vítimas Feridas;Plena Noite;Crescente;Céu Claro;Simples;Reta;Sim;2;0;1;0;0;1;1;2;-7,201917;-35,951962;SPRF-PB;DEL02-PB;UOP01-DEL02-PB
716871;07/09/2025;domingo;19:00:00;PR;277;82;CURITIBA;Ausência de reação do condutor;Colisão com objeto;Com Vítimas Feridas;Plena Noite;Crescente;Nublado;Dupla;Reta;Não;1;0;0;1;0;0;1;1;-25,45404218;-49,22521094;SPRF-PR;DEL01-PR;UOP03-DEL01-PR
716872;07/09/2025;domingo;17:55:00;RJ;101;309;ITABORAI;Condutor deixou de manter distância do veículo da frente;Colisão traseira;Com Vítimas Feridas;Anoitecer;Crescente;Céu Claro;Dupla;Reta;Sim;3;0;2;0;1;0;2;2;-22,76706149;-42,91157305;SPRF-RJ;DEL02-RJ;UOP02-DEL02-RJ
716873;07/09/2025;domingo;17:10:00;ES;101;32,3;CONCEICAO DA BARRA;Ausência de reação do condutor;Colisão traseira;Com Vítimas Feridas;Pleno dia;Crescente;Céu Claro;Simples;"Aclive;Reta";Sim;6;0;5;0;1;0;5;2;-18,42898249;-39,93437855;SPRF-ES;DEL04-ES;UOP02-DEL04-ES