id;data_inversa;dia_semana;horario;uf;br;km;municipio;causa_acidente;tipo_acidente;classificacao_acidente;fase_dia;sentido_via;condicao_metereologica;tipo_pista;tracado_via;uso_solo;pessoas;mortos;feridos_leves;feridos_graves;ilesos;ignorados;feridos;veiculos;latitude;longitude;regional;delegacia;uop
716982;08/09/2025;segunda-feira;07:50:00;SC;101;21;JOINVILLE;Avarias e/ou desgaste excessivo no pneu;Colisão com objeto;Com Vítimas Feridas;Pleno dia;Crescente;Garoa/Chuvisco;Dupla;Reta;Não;1;0;1;0;0;0;1;1;-26,14958265;-48,90950203;SPRF-SC;DEL03-SC;UOP01-DEL03-SC
716983;08/09/2025;segunda-feira;10:05:00;SE;0;0;ESTANCIA;Reação tardia ou ineficiente do condutor;Colisão transversal;Sem Vítimas;Pleno dia;Não Informado;Céu Claro;Simples;Declive;Não;2;0;0;0;2;0;0;2;-11,25582474;-37,43858904;SPRF-SE;DEL02-SE;UOP01-DEL02-SE
716984;08/09/2025;segunda-feira;09:30:00;PR;376;179,4;MARINGA;Condutor deixou de manter distância do veículo da frente;Colisão traseira;Sem Vítimas;Pleno dia;Decrescente;Céu Claro;Dupla;Reta;Sim;2;0;0;0;2;0;0;2;-23,42117424;-51,9074332;SPRF-PR;DEL09-PR;UOP01-DEL09-PR
716986;08/09/2025;segunda-feira;10:00:00;SP;381;46;ATIBAIA;Acumulo de areia ou detritos sobre o pavimento;Queda de ocupante de veículo;Com Vítimas Feridas;Pleno dia;Crescente;Céu Claro;Múltipla;Reta;Não;2;0;2;0;0;0;2;1;-23,17957479;-46,5802284;SPRF-SP;DEL03-SP;UOP01-DEL03-SP
716987;08/09/2025;segunda-feira;08:30:00;MG;40;676,8;CARANDAI;Condutor usando celular;Saída de leito carroçável;Com Vítimas Feridas;Pleno dia;Crescente;Céu Claro;Simples;Reta;Não;4;0;2;0;2;0;2;1;-21,02892;-43,78137;SPRF-MG;DEL05-MG;UOP02-DEL05-MG
716989;08/09/2025;segunda-feira;09:45:00;RJ;101;325;RIO DE JANEIRO;Condutor deixou de manter distância do veículo da frente;Colisão traseira;Sem Vítimas;Pleno dia;Crescente;Nublado;Dupla;Ponte;Sim;2;0;0;0;2;0;0;2;-22,87143032;-43,15412521;SPRF-RJ;DEL02-RJ;UOP01-DEL02-RJ
716991;08/09/2025;segunda-feira;10:00:00;BA;116;461;SANTO ESTEVAO;Acumulo de areia ou detritos sobre o pavimento;Queda de ocupante de veículo;Com Vítimas Feridas;Pleno dia;Crescente;Céu Claro;Simples;Reta;Sim;1;0;0;1;0;0;1;1;-12,44624667;-39,24278438;SPRF-BA;DEL02-BA;UOP01-DEL02-BA
716992;08/09/2025;segunda-feira;10:30:00;SC;101;192;BIGUACU;Demais falhas mecânicas ou elétricas;Tombamento;Com Vítimas Feridas;Pleno dia;Decrescente;Garoa/Chuvisco;Simples;Declive;Sim;1;0;1;0;0;0;1;1;-27,4866683;-48,6495927;SPRF-SC;DEL01-SC;UOP01-DEL01-SC
716994;08/09/2025;segunda-feira;10:32:00;RS;386;399;TRIUNFO;Manobra de mudança de faixa;Colisão lateral mesmo sentido;Sem Vítimas;Pleno dia;Crescente;Nublado;Simples;Curva;Não;2;0;0;0;2;0;0;2;-29,75180171;-51,59932986;SPRF-RS;DEL04-RS;UOP02-DEL04-RS
716996;08/09/2025;segunda-feira;09:40:00;RO;364;236,1;PIMENTA BUENO;Condutor deixou de manter distância do veículo da frente;Colisão traseira;Sem Vítimas;Pleno dia;Crescente;Céu Claro;Simples;"Interseção de Vias;Desvio Temporário";Sim;4;0;0;0;4;0;0;2;-11,595222;-61,242863;SPRF-RO;DEL02-RO;UOP02-DEL02-RO
716998;08/09/2025;segunda-feira;10:30:00;GO;153;529;HIDROLANDIA;Velocidade Incompatível;Tombamento;Com Vítimas Feridas;Pleno dia;Crescente;Chuva;Dupla;Reta;Não;1;0;1;0;0;0;1;1;-16,87920857;-49,25289774;SPRF-GO;DEL01-GO;UOP03-DEL01-GO
716999;08/09/2025;segunda-feira;11:30:00;GO;60;47;ABADIANIA;Velocidade Incompatível;Queda de ocupante de veículo;Com Vítimas Feridas;Pleno dia;Crescente;Céu Claro;Dupla;Curva;Não;1;0;0;1;0;0;1;1;-16,15069;-48,61083;SPRF-GO;DEL02-GO;UOP01-DEL02-GO
717002;08/09/2025;segunda-feira;07:55:00;AC;364;122;RIO BRANCO;Condutor deixou de manter distância do veículo da frente;Colisão traseira;Com Vítimas Feridas;Pleno dia;Decrescente;Céu Claro;Dupla;Reta;Sim;2;0;1;0;1;0;1;2;-10,01185635;-67,77762368;SPRF-AC;DEL01-AC;UOP01-DEL01-AC
717003;08/09/2025;segunda-feira;12:10:00;SC;282;54;AGUAS MORNAS;Reação tardia ou ineficiente do condutor;Colisão frontal;Com Vítimas Fatais;Pleno dia;Decrescente;Chuva;Simples;"Curva;Aclive";Não;4;2;1;1;0;0;2;2;-27,687972;-48,97699;SPRF-SC;DEL01-SC;UOP03-DEL01-SC
717006;08/09/2025;segunda-feira;10:10:00;PI;343;182;PIRIPIRI;Condutor deixou de manter distância do veículo da frente;Colisão traseira;Com Vítimas Feridas;Pleno dia;Decrescente;Sol;Simples;Reta;Não;2;0;0;1;1;0;1;2;-4,261;-41,758;SPRF-PI;DEL02-PI;UOP01-DEL02-PI
717008;08/09/2025;segunda-feira;11:27:00;SC;101;133,7;BALNEARIO CAMBORIU;Acessar a via sem observar a presença dos outros veículos;Colisão transversal;Com Vítimas Feridas;Pleno dia;Crescente;Chuva;Simples;"Interseção de Vias;Rotatória";Sim;2;0;1;0;1;0;1;2;-27,00206177;-48,63808393;SPRF-SC;DEL04-SC;UOP03-DEL04-SC
717009;08/09/2025;segunda-feira;07:40:00;PB;104;196,6;ALCANTIL;Reação tardia ou ineficiente do condutor;Colisão com objeto;Sem Vítimas;Pleno dia;Decrescente;Céu Claro;Simples;"Aclive;Reta";Não;5;0;0;0;5;0;0;2;-7,76466653;-36,09617472;SPRF-PB;DEL02-PB;UOP03-DEL02-PB
717010;08/09/2025;segunda-feira;05:00:00;MS;163;795;COXIM;Ingestão de álcool pelo condutor;Saída de leito carroçável;Sem Vítimas;Amanhecer;Crescente;Céu Claro;Simples;Reta;Não;1;0;0;0;0;1;0;1;-17,9581587;-54,67924476;SPRF-MS;DEL06-MS;UOP01-DEL06-MS
717011;08/09/2025;segunda-feira;12:10:00;RS;386;347,2;LAJEADO;Acessar a via sem observar a presença dos outros veículos;Colisão lateral mesmo sentido;Com Vítimas Feridas;Pleno dia;Crescente;Chuva;Dupla;Reta;Sim;2;0;1;0;1;0;1;2;-29,45363705;-51,96240842;SPRF-RS;DEL04-RS;UOP01-DEL04-RS
717012;08/09/2025;segunda-feira;11:15:00;MG;262;645,8;IBIA;Demais falhas mecânicas ou elétricas;Incêndio;Sem Vítimas;Pleno dia;Crescente;Sol;Simples;Reta;Não;1;0;0;0;1;0;0;1;-19,5642307;-46,7489071;SPRF-MG;DEL08-MG;UOP01-DEL08-MG
717013;08/09/2025;segunda-feira;09:25:00;RN;405;177;JOSE DA PENHA;Acessar a via sem observar a presença dos outros veículos;Colisão lateral sentido oposto;Com Vítimas Feridas;Pleno dia;Decrescente;Céu Claro;Simples;Reta;Sim;3;0;2;1;0;0;3;2;-6,32018779;-38,28613586;SPRF-RN;DEL04-RN;UOP02-DEL04-RN
717014;08/09/2025;segunda-feira;07:20:00;SC;280;67;JARAGUA DO SUL;Transitar na contramão;Colisão transversal;Com Vítimas Feridas;Pleno dia;Decrescente;Chuva;Simples;Reta;Não;2;0;1;0;1;0;1;2;-26,4768;-49,1047;SPRF-SC;DEL03-SC;UOP03-DEL03-SC
717015;08/09/2025;segunda-feira;12:14:00;SP;116;405;MIRACATU;Reação tardia ou ineficiente do condutor;Colisão traseira;Com Vítimas Feridas;Pleno dia;Crescente;Nublado;Dupla;Reta;Não;3;0;1;0;2;0;1;2;-24,26757164;-47,39321165;SPRF-SP;DEL04-SP;UOP02-DEL04-SP
717016;29/08/2025;sexta-feira;17:03:00;MS;163;485;CAMPO GRANDE;Conversão proibida;Colisão transversal;Com Vítimas Feridas;Pleno dia;Crescente;Céu Claro;Simples;Reta;Não;2;0;0;1;1;0;1;2;-20,4372;-54,5429;SPRF-MS;DEL01-MS;UOP02-DEL01-MS
717017;08/09/2025;segunda-feira;12:35:00;MG;116;701,9;MURIAE;Desrespeitar a preferência no cruzamento;Colisão transversal;Com Vítimas Feridas;Pleno dia;Decrescente;Nublado;Simples;Interseção de Vias;Sim;2;0;0;1;1;0;1;2;-21,12167915;-42,37983081;SPRF-MG;DEL07-MG;UOP02-DEL07-MG
717018;08/09/2025;segunda-feira;06:15:00;GO;153;174,2;CAMPINORTE;Velocidade Incompatível;Colisão traseira;Com Vítimas Feridas;Amanhecer;Decrescente;Céu Claro;Simples;"Retorno Regulamentado;Curva";Sim;13;0;1;0;11;1;1;2;-14,302873;-49,147823;SPRF-GO;DEL07-GO;UOP02-DEL07-GO
717020;04/09/2025;quinta-feira;23:30:00;GO;70;383;MONTES CLAROS DE GOIAS;Animais na Pista;Atropelamento de Animal;Sem Vítimas;Plena Noite;Decrescente;Céu Claro;Simples;Reta;Não;2;0;0;0;2;0;0;1;-15,903645;-51,429638;SPRF-GO;DEL04-GO;UOP02-DEL04-GO
717021;08/09/2025;segunda-feira;11:50:00;SC;101;227;PALHOCA;Reação tardia ou ineficiente do condutor;Saída de leito carroçável;Com Vítimas Feridas;Pleno dia;Crescente;Chuva;Dupla;Reta;Não;1;0;0;1;0;0;1;1;-27,74744372;-48,6362478;SPRF-SC;DEL01-SC;UOP02-DEL01-SC
717022;08/09/2025;segunda-feira;09:20:00;MA;316;574;CAXIAS;Acessar a via sem observar a presença dos outros veículos;Colisão transversal;Com Vítimas Fatais;Pleno dia;Crescente;Sol;Simples;"Reta;Declive";Não;5;2;0;1;2;0;1;2;-4,93719695;-43,17035293;SPRF-MA;DEL03-MA;UOP02-DEL03-MA
717023;08/09/2025;segunda-feira;08:50:00;RN;110;48;MOSSORO;Condutor deixou de manter distância do veículo da frente;Colisão traseira;Com Vítimas Feridas;Pleno dia;Decrescente;Céu Claro;Dupla;Reta;Sim;2;0;1;0;1;0;1;2;-5,21596895;-37,32969979;SPRF-RN;DEL04-RN;UOP01-DEL04-RN
717025;08/09/2025;segunda-feira;07:50:00;SC;280;28,6;ARAQUARI;Acessar a via sem observar a presença dos outros veículos;Colisão transversal;Com Vítimas Feridas;Pleno dia;Decrescente;Chuva;Simples;Reta;Não;2;0;1;0;1;0;1;2;-26,408314;-48,750066;SPRF-SC;DEL03-SC;UOP03-DEL03-SC
717026;08/09/2025;segunda-feira;12:30:00;MG;40;235;SAO GONCALO DO ABAETE;Condutor Dormindo;Saída de leito carroçável;Com Vítimas Feridas;Pleno dia;Crescente;Céu Claro;Simples;"Declive;Reta";Não;4;0;3;0;1;0;3;1;-18,0290265;-45,5336056;SPRF-MG;DEL14-MG;UOP02-DEL14-MG
717029;08/09/2025;segunda-feira;11:51:00;RJ;40;124;DUQUE DE CAXIAS;Reação tardia ou ineficiente do condutor;Colisão traseira;Com Vítimas Feridas;Pleno dia;Crescente;Céu Claro;Dupla;Reta;Não;2;0;1;1;0;0;2;2;-22,80983982;-43,288834;SPRF-RJ;DEL01-RJ;UOP02-DEL01-RJ
717030;08/09/2025;segunda-feira;13:15:00;RS;116;142;CAXIAS DO SUL;Conversão proibida;Colisão transversal;Com Vítimas Feridas;Pleno dia;Crescente;Garoa/Chuvisco;Dupla;Interseção de Vias;Sim;4;0;1;0;3;0;1;2;-29,11924919;-51,12263791;SPRF-RS;DEL05-RS;UOP01-DEL05-RS
717032;08/09/2025;segunda-feira;14:00:00;GO;60;82;ANAPOLIS;Avarias e/ou desgaste excessivo no pneu;Tombamento;Com Vítimas Feridas;Pleno dia;Decrescente;Sol;Dupla;"Declive;Reta";Não;2;0;1;1;0;0;2;1;-16,304602;-48,82007;SPRF-GO;DEL02-GO;UOP01-DEL02-GO
717034;08/09/2025;segunda-feira;13:40:00;SC;470;128,2;LONTRAS;Pista Escorregadia;Colisão transversal;Com Vítimas Feridas;Pleno dia;Crescente;Garoa/Chuvisco;Simples;Curva;Não;2;0;0;1;1;0;1;2;-27,1460213;-49,5499677;SPRF-SC;DEL04-SC;UOP02-DEL04-SC
717036;08/09/2025;segunda-feira;12:35:00;RJ;116;136;MAGE;Ausência de reação do condutor;Tombamento;Com Vítimas Feridas;Pleno dia;Decrescente;Sol;Dupla;Reta;Sim;1;0;1;0;0;0;1;1;-22,6504693;-43,1700807;SPRF-RJ;DEL04-RJ;UOP02-DEL04-RJ
717037;08/09/2025;segunda-feira;13:30:00;PR;373;251;GUAMIRANGA;Ultrapassagem Indevida;Colisão lateral mesmo sentido;Com Vítimas Feridas;Pleno dia;Crescente;Céu Claro;Simples;Reta;Não;2;0;1;0;1;0;1;2;-25,188868;-50,866523;SPRF-PR;DEL03-PR;UOP01-DEL03-PR
717040;08/09/2025;segunda-feira;13:30:00;PR;277;539,8;IBEMA;Reação tardia ou ineficiente do condutor;Saída de leito carroçável;Com Vítimas Feridas;Pleno dia;Crescente;Céu Claro;Simples;"Reta;Declive";Não;2;0;0;1;1;0;1;1;-25,10397692;-53,03530276;SPRF-PR;DEL04-PR;UOP04-DEL04-PR
717041;08/09/2025;segunda-feira;14:50:00;GO;414;439;ANAPOLIS;Acessar a via sem observar a presença dos outros veículos;Queda de ocupante de veículo;Com Vítimas Feridas;Pleno dia;Crescente;Céu Claro;Dupla;Rotatória;Sim;3;0;1;0;2;0;1;2;-16,2878;-48,94422;SPRF-GO;DEL02-GO;UOP01-DEL02-GO
717042;04/09/2025;quinta-feira;15:50:00;MT;163;991;TERRA NOVA DO NORTE;Falta de elemento de contenção que evite a saída do leito carroçável;Eventos atípicos;Sem Vítimas;Pleno dia;Crescente;Sol;Simples;Reta;Não;1;0;0;0;0;1;0;1;-10,5692;-55,09176;SPRF-MT;DEL06-MT;UOP03-DEL06-MT
717043;08/09/2025;segunda-feira;13:50:00;SC;101;49;JOINVILLE;Velocidade Incompatível;Colisão com objeto;Com Vítimas Feridas;Pleno dia;Decrescente;Garoa/Chuvisco;Dupla;Reta;Não;1;0;1;0;0;0;1;1;-26,37891383;-48,85156631;SPRF-SC;DEL03-SC;UOP01-DEL03-SC
717044;08/09/2025;segunda-feira;14:50:00;PB;101;120,5;CAAPORA;Velocidade Incompatível;Colisão com objeto;Com Vítimas Feridas;Pleno dia;Decrescente;Nublado;Dupla;"Curva;Declive";Não;2;0;2;0;0;0;2;1;-7,437163;-34,976193;SPRF-PB;DEL01-PB;UOP01-DEL01-PB
717045;13/08/2025;quarta-feira;17:00:00;MT;70;504;CUIABA;Acesso irregular;Colisão transversal;Com Vítimas Feridas;Anoitecer;Crescente;Céu Claro;Simples;"Em Obras;Reta";Não;2;0;1;0;0;1;1;2;-15,70022841;-56,04033119;SPRF-MT;DEL01-MT;UOP02-DEL01-MT
717047;08/09/2025;segunda-feira;14:45:00;MG;262;360;JUATUBA;Manobra de mudança de faixa;Colisão lateral mesmo sentido;Com Vítimas Feridas;Pleno dia;Decrescente;Céu Claro;Dupla;Reta;Sim;3;0;2;0;1;0;2;2;-19,973077;-44,314305;SPRF-MG;DEL01-MG;UOP03-DEL01-MG
717048;04/09/2025;quinta-feira;23:00:00;SC;101;133;BALNEARIO CAMBORIU;Acessar a via sem observar a presença dos outros veículos;Tombamento;Com Vítimas Feridas;Plena Noite;Decrescente;Garoa/Chuvisco;Múltipla;Interseção de Vias;Não;2;0;1;0;1;0;1;2;-26,99756404;-48,65015924;SPRF-SC;DEL04-SC;UOP03-DEL04-SC
717049;08/09/2025;segunda-feira;15:00:00;PR;277;429,9;VIRMOND;Acessar a via sem observar a presença dos outros veículos;Colisão traseira;Com Vítimas Feridas;Pleno dia;Decrescente;Céu Claro;Simples;"Reta;Aclive";Não;4;0;3;0;1;0;3;2;-25,37899905;-52,18650699;SPRF-PR;DEL04-PR;UOP02-DEL04-PR
717050;08/09/2025;segunda-feira;14:00:00;PR;369;482,1;CORBELIA;Condutor deixou de manter distância do veículo da frente;Colisão traseira;Com Vítimas Feridas;Pleno dia;Crescente;Céu Claro;Simples;"Reta;Aclive";Sim;6;0;2;0;4;0;2;2;-24,77324433;-53,29302871;SPRF-PR;DEL04-PR;UOP03-DEL04-PR
717052;08/09/2025;segunda-feira;13:40:00;MT;70;3;BARRA DO GARCAS;Ausência de reação do condutor;Queda de ocupante de veículo;Com Vítimas Feridas;Pleno dia;Decrescente;Céu Claro;Dupla;"Reta;Aclive";Sim;1;0;1;0;0;0;1;1;-15,8817877;-52,27705333;SPRF-MT;DEL07-MT;UOP01-DEL07-MT
717053;08/09/2025;segunda-feira;16:00:00;RS;116;151;CAXIAS DO SUL;Reação tardia ou ineficiente do condutor;Atropelamento de Pedestre;Com Vítimas Feridas;Pleno dia;Crescente;Chuva;Múltipla;Interseção de Vias;Não;3;0;1;0;1;1;1;2;-29,17027877;-51,15939491;SPRF-RS;DEL05-RS;UOP01-DEL05-RS
717054;08/09/2025;segunda-feira;13:50:00;PR;369;179;ARAPONGAS;Acessar a via sem observar a presença dos outros veículos;Queda de ocupante de veículo;Com Vítimas Feridas;Pleno dia;Crescente;Sol;Simples;Reta;Sim;1;0;1;0;0;0;1;1;-23,36344552;-51,40277356;SPRF-PR;DEL07-PR;UOP03-DEL07-PR
717057;08/09/2025;segunda-feira;15:00:00;RS;101;16;DOM PEDRO DE ALCANTARA;Acumulo de água sobre o pavimento;Colisão com objeto;Com Vítimas Feridas;Pleno dia;Decrescente;Chuva;Dupla;Reta;Não;2;0;1;0;1;0;1;1;-29,41211561;-49,85827373;SPRF-RS;DEL03-RS;UOP02-DEL03-RS
717058;08/09/2025;segunda-feira;16:20:00;SP;101;48,6;UBATUBA;Acessar a via sem observar a presença dos outros veículos;Colisão transversal;Com Vítimas Feridas;Pleno dia;Decrescente;Nublado;Simples;Reta;Não;2;0;2;0;0;0;2;2;-23,44061826;-45,08711815;SPRF-SP;DEL06-SP;UOP01-DEL06-SP
717059;08/09/2025;segunda-feira;15:45:00;ES;101;350,3;ANCHIETA;Condutor Dormindo;Colisão com objeto;Com Vítimas Feridas;Anoitecer;Decrescente;Céu Claro;Dupla;Reta;Não;2;0;0;2;0;0;2;1;-20,661612;-40,651018;SPRF-ES;DEL03-ES;UOP01-DEL03-ES
717060;08/09/2025;segunda-feira;11:15:00;PI;343;101,5;COCAL;Demais falhas mecânicas ou elétricas;Colisão com objeto;Sem Vítimas;Pleno dia;Crescente;Céu Claro;Simples;Reta;Não;1;0;0;0;0;1;0;1;-3,60738129;-41,69305803;SPRF-PI;DEL05-PI;UOP01-DEL05-PI
717061;08/09/2025;segunda-feira;09:35:00;BA;242;154;RAFAEL JAMBEIRO;Demais falhas mecânicas ou elétricas;Capotamento;Com Vítimas Feridas;Pleno dia;Crescente;Céu Claro;Simples;Reta;Não;1;0;1;0;0;0;1;1;-12,50420748;-39,88136769;SPRF-BA;DEL02-BA;UOP02-DEL02-BA
717062;08/09/2025;segunda-feira;16:30:00;MG;116;650,3;FERVEDOURO;Desrespeitar a preferência no cruzamento;Colisão transversal;Com Vítimas Feridas;Pleno dia;Crescente;Nublado;Simples;"Reta;Interseção de Vias";Sim;2;0;1;0;1;0;1;2;-20,72644484;-42,28041172;SPRF-MG;DEL07-MG;UOP02-DEL07-MG
717063;08/09/2025;segunda-feira;16:20:00;SP;381;20;BRAGANCA PAULISTA;Ingestão de álcool pelo condutor;Capotamento;Com Vítimas Feridas;Pleno dia;Decrescente;Nublado;Dupla;Curva;Não;1;0;0;1;0;0;1;1;-22,98544422;-46,50545857;SPRF-SP;DEL03-SP;UOP02-DEL03-SP
717064;08/09/2025;segunda-feira;16:57:00;ES;101;286;CARIACICA;Acessar a via sem observar a presença dos outros veículos;Colisão lateral mesmo sentido;Com Vítimas Feridas;Plena Noite;Crescente;Céu Claro;Dupla;Reta;Não;2;0;1;0;1;0;1;2;-20,265964;-40,385661;SPRF-ES;DEL01-ES;UOP01-DEL01-ES
717065;08/09/2025;segunda-feira;16:55:00;SP;101;50;UBATUBA;Ultrapassagem Indevida;Colisão transversal;Sem Vítimas;Pleno dia;Crescente;Nublado;Simples;Reta;Sim;2;0;0;0;2;0;0;2;-23,44940722;-45,07823077;SPRF-SP;DEL06-SP;UOP01-DEL06-SP
717066;08/09/2025;segunda-feira;17:28:00;DF;70;8;BRASILIA;Manobra de mudança de faixa;Colisão lateral mesmo sentido;Com Vítimas Feridas;Pleno dia;Crescente;Céu Claro;Dupla;Reta;Sim;3;0;1;0;2;0;1;3;-15,79498168;-48,19913966;SPRF-DF;DEL03-DF;UOP02-DEL03-DF
717069;08/09/2025;segunda-feira;10:45:00;RS;116;446;CRISTAL;Chuva;Saída de leito carroçável;Sem Vítimas;Pleno dia;Decrescente;Chuva;Dupla;Retorno Regulamentado;Não;1;0;0;0;0;1;0;1;-31,169452;-52,028505;SPRF-RS;DEL02-RS;UOP02-DEL02-RS
717070;08/09/2025;segunda-feira;14:00:00;RS;116;363;SENTINELA DO SUL;Chuva;Tombamento;Com Vítimas Feridas;Pleno dia;Decrescente;Chuva;Simples;Rotatória;Sim;1;0;1;0;0;0;1;1;-30,637379;-51,553506;SPRF-RS;DEL02-RS;UOP02-DEL02-RS
717071;08/09/2025;segunda-feira;16:34:00;RO;364;705;PORTO VELHO;Condutor deixou de manter distância do veículo da frente;Colisão traseira;Sem Vítimas;Pleno dia;Decrescente;Céu Claro;Dupla;"Reta;Declive";Sim;4;0;0;0;4;0;0;2;-8,80068525;-63,81271362;SPRF-RO;DEL01-RO;UOP01-DEL01-RO
717072;08/09/2025;segunda-feira;17:00:00;BA;116;679;JEQUIE;Condutor Dormindo;Saída de leito carroçável;Com Vítimas Feridas;Pleno dia;Crescente;Céu Claro;Simples;Reta;Não;2;0;2;0;0;0;2;1;-13,87786;-40,13263;SPRF-BA;DEL03-BA;UOP01-DEL03-BA
717073;08/09/2025;segunda-feira;17:30:00;RS;290;10,9;OSORIO;Acumulo de água sobre o pavimento;Saída de leito carroçável;Com Vítimas Feridas;Anoitecer;Decrescente;Chuva;Dupla;Curva;Não;1;0;1;0;0;0;1;1;-29,890605;-50,381462;SPRF-RS;DEL03-RS;UOP01-DEL03-RS
717074;08/09/2025;segunda-feira;17:14:00;ES;101;276,4;SERRA;Acessar a via sem observar a presença dos outros veículos;Colisão transversal;Com Vítimas Feridas;Anoitecer;Crescente;Nublado;Dupla;"Retorno Regulamentado;Reta";Não;2;0;0;1;1;0;1;2;-20,209032;-40,315957;SPRF-ES;DEL02-ES;UOP01-DEL02-ES
717075;08/09/2025;segunda-feira;16:15:00;MG;116;744,3;LEOPOLDINA;Ausência de reação do condutor;Colisão frontal;Com Vítimas Feridas;Pleno dia;Crescente;Céu Claro;Simples;"Reta;Declive";Não;2;0;1;0;1;0;1;2;-21,425853;-42,511859;SPRF-MG;DEL07-MG;UOP01-DEL07-MG
717076;08/09/2025;segunda-feira;17:37:00;SP;116;282;EMBU DAS ARTES;Condutor deixou de manter distância do veículo da frente;Colisão traseira;Com Vítimas Feridas;Anoitecer;Crescente;Céu Claro;Dupla;Reta;Sim;2;0;1;0;0;1;1;2;-23,66522068;-46,85445786;SPRF-SP;DEL04-SP;UOP01-DEL04-SP
717078;08/09/2025;segunda-feira;18:15:00;GO;60;163;GOIANIA;Reação tardia ou ineficiente do condutor;Tombamento;Com Vítimas Feridas;Anoitecer;Crescente;Céu Claro;Dupla;Declive;Não;2;0;2;0;0;0;2;1;-16,702987;-49,339802;SPRF-GO;DEL01-GO;UOP02-DEL01-GO
717082;08/09/2025;segunda-feira;16:15:00;MG;381;167,9;GOVERNADOR VALADARES;Ultrapassagem Indevida;Colisão frontal;Com Vítimas Feridas;Pleno dia;Decrescente;Céu Claro;Simples;Reta;Não;3;0;3;0;0;0;3;3;-18,972517;-42,094871;SPRF-MG;DEL06-MG;UOP01-DEL06-MG
717083;08/09/2025;segunda-feira;17:35:00;RS;153;48,5;ERECHIM;Ausência de reação do condutor;Colisão traseira;Com Vítimas Feridas;Anoitecer;Crescente;Céu Claro;Simples;Reta;Sim;2;0;1;0;1;0;1;2;-27,64942914;-52,25529525;SPRF-RS;DEL08-RS;UOP04-DEL08-RS
717084;08/09/2025;segunda-feira;18:20:00;SP;116;112;TAUBATE;Reação tardia ou ineficiente do condutor;Queda de ocupante de veículo;Com Vítimas Feridas;Plena Noite;Decrescente;Céu Claro;Dupla;Reta;Sim;2;0;2;0;0;0;2;1;-23,04265287;-45,57493297;SPRF-SP;DEL02-SP;UOP02-DEL02-SP
717085;08/09/2025;segunda-feira;15:50:00;PI;343;630,8;FLORIANO;Pista esburacada;Capotamento;Com Vítimas Feridas;Pleno dia;Crescente;Céu Claro;Simples;Reta;Não;1;0;1;0;0;0;1;1;-6,989557;-43,292768;SPRF-PI;DEL03-PI;UOP01-DEL03-PI
717086;08/09/2025;segunda-feira;17:49:00;MA;402;108;HUMBERTO DE CAMPOS;Avarias e/ou desgaste excessivo no pneu;Queda de ocupante de veículo;Com Vítimas Feridas;Anoitecer;Decrescente;Céu Claro;Simples;Reta;Não;2;0;1;0;1;0;1;1;-2,72726;-43,477781;SPRF-MA;DEL01-MA;UOP01-DEL01-MA
717087;08/09/2025;segunda-feira;18:15:00;MG;40;627;CONSELHEIRO LAFAIETE;Acessar a via sem observar a presença dos outros veículos;Colisão transversal;Com Vítimas Feridas;Plena Noite;Decrescente;Céu Claro;Simples;Reta;Não;2;0;1;0;1;0;1;2;-20,6398421;-43,8139869;SPRF-MG;DEL05-MG;UOP02-DEL05-MG
717089;08/09/2025;segunda-feira;17:40:00;RJ;40;114;DUQUE DE CAXIAS;Condutor deixou de manter distância do veículo da frente;Colisão traseira;Sem Vítimas;Anoitecer;Decrescente;Céu Claro;Dupla;Reta;Sim;7;0;0;0;7;0;0;5;-22,716277;-43,28991;SPRF-RJ;DEL01-RJ;UOP02-DEL01-RJ
717091;08/09/2025;segunda-feira;17:30:00;MG;116;417;GOVERNADOR VALADARES;Acessar a via sem observar a presença dos outros veículos;Colisão transversal;Com Vítimas Feridas;Anoitecer;Crescente;Nublado;Simples;Reta;Sim;2;0;1;0;1;0;1;2;-18,9065707;-41,94229245;SPRF-MG;DEL06-MG;UOP01-DEL06-MG
717092;08/09/2025;segunda-feira;18:50:00;GO;70;338;SANTA FE DE GOIAS;Demais falhas mecânicas ou elétricas;Incêndio;Sem Vítimas;Pleno dia;Crescente;Céu Claro;Simples;Reta;Não;1;0;0;0;0;1;0;1;-15,89785211;-51,10042155;SPRF-GO;DEL04-GO;UOP02-DEL04-GO
717093;08/09/2025;segunda-feira;19:40:00;PE;232;411;SERRA TALHADA;Animais na Pista;Atropelamento de Animal;Com Vítimas Feridas;Plena Noite;Decrescente;Nublado;Simples;"Reta;Declive";Sim;2;0;1;0;1;0;1;2;-7,97990834;-38,30980394;SPRF-PE;DEL04-PE;UOP01-DEL04-PE
717094;08/09/2025;segunda-feira;17:10:00;SC;280;28;ARAQUARI;Trafegar com motocicleta (ou similar) entre as faixas;Colisão transversal;Com Vítimas Feridas;Anoitecer;Decrescente;Garoa/Chuvisco;Simples;Reta;Sim;2;0;1;0;1;0;1;2;-26,40422827;-48,74532938;SPRF-SC;DEL03-SC;UOP03-DEL03-SC