id;data_inversa;dia_semana;horario;uf;br;km;municipio;causa_acidente;tipo_acidente;classificacao_acidente;fase_dia;sentido_via;condicao_metereologica;tipo_pista;tracado_via;uso_solo;pessoas;mortos;feridos_leves;feridos_graves;ilesos;ignorados;feridos;veiculos;latitude;longitude;regional;delegacia;uop
717368;10/09/2025;quarta-feira;08:20:00;RJ;40;121;DUQUE DE CAXIAS;Ausência de reação do condutor;Colisão traseira;Com Vítimas Feridas;Pleno dia;Crescente;Céu Claro;Múltipla;Reta;Não;2;0;1;0;1;0;1;2;-22,78203759;-43,28578949;SPRF-RJ;DEL01-RJ;UOP02-DEL01-RJ
717369;10/09/2025;quarta-feira;08:50:00;PB;230;16;JOAO PESSOA;Reação tardia ou ineficiente do condutor;Colisão transversal;Com Vítimas Feridas;Pleno dia;Crescente;Sol;Simples;Reta;Sim;2;0;1;0;1;0;1;2;-7,10744214;-34,84399506;SPRF-PB;DEL01-PB;UOP01-DEL01-PB
717370;10/09/2025;quarta-feira;08:20:00;PR;116;14;COLOMBO;Manobra de mudança de faixa;Tombamento;Com Vítimas Feridas;Pleno dia;Decrescente;Sol;Dupla;Reta;Sim;1;0;1;0;0;0;1;1;-25,38214752;-49,16421479;SPRF-PR;DEL01-PR;UOP02-DEL01-PR
717373;10/09/2025;quarta-feira;06:50:00;SP;116;26,6;LAVRINHAS;Condutor Dormindo;Tombamento;Com Vítimas Feridas;Pleno dia;Crescente;Nublado;Dupla;"Reta;Declive";Não;1;0;1;0;0;0;1;1;-22,56011954;-44,85947317;SPRF-SP;DEL08-SP;UOP02-DEL08-SP
717374;07/09/2025;domingo;05:30:00;PR;476;204;LAPA;Reação tardia ou ineficiente do condutor;Colisão com objeto;Com Vítimas Feridas;Amanhecer;Decrescente;Céu Claro;Dupla;"Reta;Aclive";Sim;1;0;1;0;0;0;1;1;-25,777917;-49,79014;SPRF-PR;DEL01-PR;UOP06-DEL01-PR
717377;10/09/2025;quarta-feira;10:18:00;SC;101;144,6;ITAPEMA;Manobra de mudança de faixa;Colisão traseira;Com Vítimas Feridas;Pleno dia;Decrescente;Sol;Dupla;Reta;Não;2;0;1;0;1;0;1;2;-27,07989519;-48,60022187;SPRF-SC;DEL04-SC;UOP03-DEL04-SC
717380;09/09/2025;terça-feira;13:00:00;SC;101;151,8;ITAPEMA;Ingestão de álcool pelo condutor;Colisão traseira;Sem Vítimas;Pleno dia;Decrescente;Céu Claro;Simples;Reta;Sim;3;0;0;0;1;2;0;3;-27,13370196;-48,61003876;SPRF-SC;DEL04-SC;UOP03-DEL04-SC
717381;10/09/2025;quarta-feira;10:50:00;BA;116;422;FEIRA DE SANTANA;Reação tardia ou ineficiente do condutor;Colisão traseira;Com Vítimas Feridas;Pleno dia;Crescente;Céu Claro;Dupla;Reta;Sim;3;0;0;2;1;0;2;2;-12,230596;-38,966915;SPRF-BA;DEL02-BA;UOP01-DEL02-BA
717382;10/09/2025;quarta-feira;10:30:00;AL;316;85,5;SANTANA DO IPANEMA;Acessar a via sem observar a presença dos outros veículos;Colisão transversal;Sem Vítimas;Pleno dia;Crescente;Céu Claro;Simples;"Aclive;Rotatória";Sim;3;0;0;0;3;0;0;2;-9,37089;-37,239407;SPRF-AL;DEL03-AL;UOP02-DEL03-AL
717383;10/09/2025;quarta-feira;10:44:00;PE;101;65,2;RECIFE;Demais falhas mecânicas ou elétricas;Colisão traseira;Com Vítimas Feridas;Pleno dia;Crescente;Céu Claro;Dupla;Reta;Sim;2;0;1;0;1;0;1;2;-8,02624;-34,94299;SPRF-PE;DEL01-PE;UOP01-DEL01-PE
717384;10/09/2025;quarta-feira;09:30:00;MG;0;0;MURIAE;Desrespeitar a preferência no cruzamento;Colisão transversal;Com Vítimas Feridas;Pleno dia;Não Informado;Sol;Simples;Interseção de Vias;Sim;3;0;0;2;1;0;2;2;-21,13472453;-42,38855839;SPRF-MG;DEL07-MG;UOP02-DEL07-MG
717385;01/09/2025;segunda-feira;17:45:00;SC;280;304,6;PORTO UNIAO;Acesso irregular;Colisão transversal;Com Vítimas Feridas;Anoitecer;Decrescente;Céu Claro;Simples;"Curva;Declive";Sim;2;0;0;1;1;0;1;2;-26,2716333;-51,0552179;SPRF-SC;DEL06-SC;UOP04-DEL06-SC
717386;10/09/2025;quarta-feira;06:40:00;RJ;101;308;SAO GONCALO;Ausência de reação do condutor;Engavetamento;Com Vítimas Feridas;Pleno dia;Crescente;Céu Claro;Dupla;Reta;Sim;8;0;1;0;7;0;1;7;-22,79580812;-43,02896065;SPRF-RJ;DEL02-RJ;UOP02-DEL02-RJ
717387;10/09/2025;quarta-feira;11:00:00;CE;116;15;FORTALEZA;Acessar a via sem observar a presença dos outros veículos;Colisão lateral mesmo sentido;Sem Vítimas;Pleno dia;Crescente;Céu Claro;Múltipla;Reta;Sim;3;0;0;0;3;0;0;3;-3,87999802;-38,50094973;SPRF-CE;DEL01-CE;UOP02-DEL01-CE
717388;10/09/2025;quarta-feira;11:39:00;RS;158;329;SANTA MARIA;Desrespeitar a preferência no cruzamento;Colisão transversal;Com Vítimas Feridas;Pleno dia;Crescente;Céu Claro;Dupla;"Interseção de Vias;Rotatória;Viaduto";Não;6;0;2;0;2;2;2;3;-29,70057874;-53,84126902;SPRF-RS;DEL09-RS;UOP01-DEL09-RS
717389;10/09/2025;quarta-feira;11:30:00;RN;101;111;PARNAMIRIM;Ausência de reação do condutor;Capotamento;Com Vítimas Feridas;Pleno dia;Crescente;Céu Claro;Dupla;"Reta;Declive";Não;1;0;1;0;0;0;1;1;-5,959172;-35,264942;SPRF-RN;DEL01-RN;UOP01-DEL01-RN
717390;10/09/2025;quarta-feira;10:50:00;SC;480;129;CHAPECO;Ausência de reação do condutor;Colisão traseira;Sem Vítimas;Pleno dia;Crescente;Céu Claro;Múltipla;"Reta;Em Obras";Não;7;0;0;0;6;1;0;3;-27,04153466;-52,63551652;SPRF-SC;DEL07-SC;UOP01-DEL07-SC
717391;10/09/2025;quarta-feira;12:00:00;SC;470;126;LONTRAS;Velocidade Incompatível;Colisão frontal;Com Vítimas Feridas;Pleno dia;Crescente;Sol;Simples;Curva;Não;2;0;2;0;0;0;2;2;-27,13180964;-49,53850619;SPRF-SC;DEL04-SC;UOP02-DEL04-SC
717393;10/09/2025;quarta-feira;08:37:00;ES;101;73;SAO MATEUS;Reação tardia ou ineficiente do condutor;Tombamento;Com Vítimas Feridas;Pleno dia;Crescente;Sol;Simples;Reta;Não;1;0;0;1;0;0;1;1;-18,74045276;-39,86111641;SPRF-ES;DEL04-ES;UOP02-DEL04-ES
717395;10/09/2025;quarta-feira;07:30:00;BA;110;302;INHAMBUPE;Retorno proibido;Colisão transversal;Com Vítimas Feridas;Pleno dia;Crescente;Sol;Simples;Reta;Não;2;0;0;1;1;0;1;2;-11,870507;-38,375641;SPRF-BA;DEL01-BA;UOP04-DEL01-BA
717397;10/09/2025;quarta-feira;13:10:00;ES;262;17;VIANA;Condutor deixou de manter distância do veículo da frente;Colisão traseira;Com Vítimas Feridas;Pleno dia;Decrescente;Céu Claro;Simples;Reta;Sim;2;0;1;0;1;0;1;2;-20,386885;-40,473821;SPRF-ES;DEL01-ES;UOP01-DEL01-ES
717399;02/09/2025;terça-feira;05:25:00;MS;463;13;PONTA PORA;Animais na Pista;Atropelamento de Animal;Com Vítimas Feridas;Amanhecer;Crescente;Céu Claro;Simples;Reta;Não;1;0;1;0;0;0;1;1;-22,32223345;-55,16833592;SPRF-MS;DEL04-MS;UOP03-DEL04-MS
717401;10/09/2025;quarta-feira;13:04:00;ES;101;136,5;LINHARES;Ausência de reação do condutor;Tombamento;Com Vítimas Feridas;Pleno dia;Decrescente;Céu Claro;Simples;Reta;Não;1;0;1;0;0;0;1;1;-19,287717;-40,086452;SPRF-ES;DEL04-ES;UOP01-DEL04-ES
717403;10/09/2025;quarta-feira;08:50:00;MT;70;200;GENERAL CARNEIRO;Condutor Dormindo;Colisão frontal;Com Vítimas Feridas;Pleno dia;Crescente;Sol;Simples;Reta;Não;5;0;4;0;1;0;4;2;-15,71795152;-53,6448437;SPRF-MT;DEL05-MT;UOP01-DEL05-MT
717406;10/09/2025;quarta-feira;13:10:00;RS;386;364,8;FAZENDA VILANOVA;Mal súbito do condutor;Saída de leito carroçável;Com Vítimas Feridas;Pleno dia;Crescente;Céu Claro;Dupla;"Reta;Retorno Regulamentado";Não;1;0;1;0;0;0;1;1;-29,57046597;-51,8634495;SPRF-RS;DEL04-RS;UOP01-DEL04-RS
717407;10/09/2025;quarta-feira;13:10:00;RJ;116;318;ITATIAIA;Reação tardia ou ineficiente do condutor;Capotamento;Com Vítimas Feridas;Pleno dia;Crescente;Céu Claro;Dupla;"Curva;Declive";Não;1;0;1;0;0;0;1;1;-22,46868009;-44,51351987;SPRF-RJ;DEL07-RJ;UOP02-DEL07-RJ
717409;10/09/2025;quarta-feira;13:30:00;RJ;101;313;SAO GONCALO;Condutor deixou de manter distância do veículo da frente;Colisão traseira;Com Vítimas Feridas;Pleno dia;Crescente;Céu Claro;Dupla;Reta;Sim;3;0;2;0;1;0;2;2;-22,81145545;-43,07169483;SPRF-RJ;DEL02-RJ;UOP02-DEL02-RJ
717410;10/09/2025;quarta-feira;12:40:00;PI;343;591,9;FLORIANO;Condutor deixou de manter distância do veículo da frente;Colisão traseira;Com Vítimas Feridas;Pleno dia;Crescente;Sol;Dupla;"Retorno Regulamentado;Reta";Sim;2;0;0;1;1;0;1;2;-6,77790322;-43,0313766;SPRF-PI;DEL03-PI;UOP01-DEL03-PI
717411;10/09/2025;quarta-feira;09:30:00;RO;364;344;JI-PARANA;Reação tardia ou ineficiente do condutor;Colisão lateral mesmo sentido;Com Vítimas Feridas;Pleno dia;Crescente;Céu Claro;Dupla;Retorno Regulamentado;Sim;2;0;1;0;1;0;1;2;-10,86890475;-61,96018545;SPRF-RO;DEL02-RO;UOP01-DEL02-RO
717412;06/09/2025;sábado;22:30:00;RJ;101;297;ITABORAI;Chuva;Queda de ocupante de veículo;Com Vítimas Feridas;Plena Noite;Crescente;Chuva;Simples;Reta;Sim;1;0;1;0;0;0;1;1;-22,77145664;-42,92461249;SPRF-RJ;DEL02-RJ;UOP02-DEL02-RJ
717414;10/09/2025;quarta-feira;14:25:00;MG;381;801;SAO GONCALO DO SAPUCAI;Demais falhas mecânicas ou elétricas;Incêndio;Sem Vítimas;Pleno dia;Crescente;Sol;Simples;Reta;Não;1;0;0;0;1;0;0;1;-21,9422242;-45,6185328;SPRF-MG;DEL16-MG;UOP02-DEL16-MG
717416;10/09/2025;quarta-feira;14:09:00;ES;101;148;LINHARES;Entrada inopinada do pedestre;Atropelamento de Pedestre;Com Vítimas Feridas;Pleno dia;Crescente;Céu Claro;Dupla;Reta;Sim;2;0;1;0;1;0;1;2;-19,389511;-40,067773;SPRF-ES;DEL04-ES;UOP01-DEL04-ES
717418;10/09/2025;quarta-feira;13:15:00;PR;277;727;FOZ DO IGUACU;Mal súbito do condutor;Queda de ocupante de veículo;Com Vítimas Feridas;Pleno dia;Crescente;Céu Claro;Dupla;"Aclive;Viaduto";Sim;2;0;2;0;0;0;2;1;-25,510918;-54,552927;SPRF-PR;DEL05-PR;UOP03-DEL05-PR
717419;06/09/2025;sábado;21:30:00;MG;116;410;GOVERNADOR VALADARES;Ausência de reação do condutor;Colisão traseira;Com Vítimas Feridas;Plena Noite;Crescente;Céu Claro;Múltipla;Reta;Sim;2;0;2;0;0;0;2;2;-18,82701644;-41,98631287;SPRF-MG;DEL06-MG;UOP01-DEL06-MG
717420;10/09/2025;quarta-feira;14:10:00;SC;470;49,8;BLUMENAU;Reação tardia ou ineficiente do condutor;Colisão traseira;Com Vítimas Feridas;Pleno dia;Decrescente;Céu Claro;Dupla;Curva;Sim;2;0;1;0;1;0;1;2;-26,86146884;-49,07064374;SPRF-SC;DEL04-SC;UOP01-DEL04-SC
717421;03/09/2025;quarta-feira;08:12:00;PA;163;620;TRAIRAO;Acessar a via sem observar a presença dos outros veículos;Colisão traseira;Com Vítimas Feridas;Pleno dia;Crescente;Sol;Simples;Declive;Não;2;0;1;0;1;0;1;2;-4,721;-56,0244;SPRF-PA;DEL05-PA;UOP03-DEL05-PA
717423;10/09/2025;quarta-feira;14:40:00;ES;101;267;SERRA;Avarias e/ou desgaste excessivo no pneu;Tombamento;Com Vítimas Feridas;Pleno dia;Crescente;Sol;Múltipla;Reta;Sim;2;0;1;0;0;1;1;1;-20,1992787;-40,26899099;SPRF-ES;DEL02-ES;UOP01-DEL02-ES
717427;10/09/2025;quarta-feira;14:40:00;RJ;116;181;NOVA IGUACU;Ausência de reação do condutor;Colisão traseira;Com Vítimas Feridas;Pleno dia;Crescente;Céu Claro;Simples;Reta;Não;3;0;2;0;1;0;2;3;-22,76175197;-43,42255767;SPRF-RJ;DEL06-RJ;UOP01-DEL06-RJ
717428;10/09/2025;quarta-feira;13:50:00;SC;282;218;LAGES;Conversão proibida;Colisão lateral mesmo sentido;Com Vítimas Feridas;Pleno dia;Crescente;Céu Claro;Simples;"Reta;Aclive";Sim;2;0;2;0;0;0;2;2;-27,79714446;-50,31442165;SPRF-SC;DEL05-SC;UOP01-DEL05-SC
717431;07/08/2025;quinta-feira;14:00:00;RJ;101;487;ANGRA DOS REIS;Acessar a via sem observar a presença dos outros veículos;Colisão transversal;Com Vítimas Feridas;Pleno dia;Crescente;Céu Claro;Simples;Reta;Sim;3;0;1;1;0;1;2;2;-22,96917821;-44,29852136;SPRF-RJ;DEL03-RJ;UOP03-DEL03-RJ
717433;10/09/2025;quarta-feira;14:40:00;SC;101;204;SAO JOSE;Manobra de mudança de faixa;Colisão lateral mesmo sentido;Com Vítimas Feridas;Pleno dia;Crescente;Céu Claro;Múltipla;Reta;Sim;2;0;0;1;1;0;1;2;-27,576886;-48,613606;SPRF-SC;DEL01-SC;UOP01-DEL01-SC
717450;10/09/2025;quarta-feira;14:15:00;BA;101;447;URUCUCA;Velocidade Incompatível;Capotamento;Com Vítimas Feridas;Pleno dia;Crescente;Céu Claro;Simples;Curva;Não;1;0;1;0;0;0;1;1;-14,56974;-39,33562;SPRF-BA;DEL05-BA;UOP01-DEL05-BA
717451;10/09/2025;quarta-feira;17:00:00;RS;158;154;PANAMBI;Reação tardia ou ineficiente do condutor;Saída de leito carroçável;Com Vítimas Feridas;Pleno dia;Decrescente;Céu Claro;Simples;Reta;Não;1;0;1;0;0;0;1;1;-28,28596508;-53,48611705;SPRF-RS;DEL10-RS;UOP02-DEL10-RS
717453;10/09/2025;quarta-feira;17:30:00;SC;470;50,6;FLORIANOPOLIS;Reação tardia ou ineficiente do condutor;Colisão lateral mesmo sentido;Com Vítimas Feridas;Pleno dia;Crescente;Céu Claro;Dupla;Reta;Não;2;0;1;0;1;0;1;2;-27,5972096;-48,5556224;SPRF-SC;DEL04-SC;UOP01-DEL04-SC
717454;10/09/2025;quarta-feira;17:00:00;SC;282;2,8;FLORIANOPOLIS;Trafegar com motocicleta (ou similar) entre as faixas;Colisão lateral mesmo sentido;Com Vítimas Feridas;Pleno dia;Crescente;Céu Claro;Múltipla;Reta;Sim;2;0;1;0;1;0;1;2;-27,60336822;-48,5892617;SPRF-SC;DEL01-SC;UOP01-DEL01-SC
717455;10/09/2025;quarta-feira;17:10:00;RS;153;53,2;ERECHIM;Condutor deixou de manter distância do veículo da frente;Colisão traseira;Com Vítimas Feridas;Pleno dia;Decrescente;Céu Claro;Simples;Reta;Não;3;0;2;0;1;0;2;3;-27,6658023;-52,2889469;SPRF-RS;DEL08-RS;UOP04-DEL08-RS
717456;10/09/2025;quarta-feira;17:50:00;RS;116;517;PELOTAS;Desrespeitar a preferência no cruzamento;Colisão transversal;Sem Vítimas;Anoitecer;Crescente;Céu Claro;Múltipla;"Interseção de Vias;Rotatória;Viaduto";Sim;2;0;0;0;2;0;0;2;-31,678746;-52,3413875;SPRF-RS;DEL07-RS;UOP01-DEL07-RS
717457;10/09/2025;quarta-feira;17:15:00;MG;381;520;IGARAPE;Reação tardia ou ineficiente do condutor;Tombamento;Com Vítimas Feridas;Anoitecer;Decrescente;Céu Claro;Dupla;Reta;Não;1;0;1;0;0;0;1;1;-20,11189021;-44,31000559;SPRF-MG;DEL01-MG;UOP03-DEL01-MG
717459;10/09/2025;quarta-feira;13:10:00;SC;470;333,8;CAMPOS NOVOS;Mal súbito do condutor;Tombamento;Com Vítimas Fatais;Pleno dia;Decrescente;Sol;Simples;"Aclive;Reta";Não;1;1;0;0;0;0;0;1;-27,491247;-51,330381;SPRF-SC;DEL07-SC;UOP06-DEL07-SC
717460;10/09/2025;quarta-feira;17:45:00;MA;135;14;SAO LUIS;Demais falhas na via;Tombamento;Com Vítimas Feridas;Pleno dia;Decrescente;Céu Claro;Dupla;Reta;Sim;1;0;0;1;0;0;1;1;-2,57672626;-44,35321362;SPRF-MA;DEL01-MA;UOP01-DEL01-MA
717461;10/09/2025;quarta-feira;18:00:00;PR;376;4;APUCARANA;Acessar a via sem observar a presença dos outros veículos;Colisão transversal;Com Vítimas Feridas;Anoitecer;Decrescente;Céu Claro;Simples;Reta;Sim;2;0;1;0;1;0;1;2;-23,55462463;-51,44520879;SPRF-PR;DEL07-PR;UOP03-DEL07-PR
717462;10/09/2025;quarta-feira;17:05:00;MG;40;513;RIBEIRAO DAS NEVES;Ingestão de álcool pelo condutor;Engavetamento;Com Vítimas Feridas;Pleno dia;Decrescente;Céu Claro;Dupla;"Reta;Declive";Não;4;0;1;0;2;1;1;3;-19,7991861;-44,1039989;SPRF-MG;DEL01-MG;UOP02-DEL01-MG
717465;10/09/2025;quarta-feira;18:20:00;RN;101;104;PARNAMIRIM;Manobra de mudança de faixa;Colisão lateral mesmo sentido;Com Vítimas Feridas;Plena Noite;Decrescente;Céu Claro;Dupla;Interseção de Vias;Sim;2;0;1;0;1;0;1;2;-5,893137;-35,25733;SPRF-RN;DEL01-RN;UOP01-DEL01-RN
717466;10/09/2025;quarta-feira;18:10:00;SC;101;146,5;ITAPEMA;Manobra de mudança de faixa;Colisão lateral mesmo sentido;Com Vítimas Feridas;Anoitecer;Decrescente;Céu Claro;Dupla;Reta;Não;2;0;1;0;1;0;1;2;-27,08855912;-48,61245275;SPRF-SC;DEL04-SC;UOP03-DEL04-SC
717467;10/09/2025;quarta-feira;18:40:00;SC;101;203,2;SAO JOSE;Manobra de mudança de faixa;Colisão lateral mesmo sentido;Com Vítimas Feridas;Plena Noite;Crescente;Céu Claro;Dupla;Reta;Sim;2;0;0;1;0;1;1;2;-27,566775;-48,614177;SPRF-SC;DEL01-SC;UOP01-DEL01-SC
717468;10/09/2025;quarta-feira;18:20:00;ES;101;142,3;LINHARES;Manobra de mudança de faixa;Colisão traseira;Com Vítimas Feridas;Plena Noite;Crescente;Céu Claro;Dupla;Reta;Sim;3;0;1;0;2;0;1;2;-19,340733;-40,064766;SPRF-ES;DEL04-ES;UOP01-DEL04-ES
717469;10/09/2025;quarta-feira;17:40:00;BA;324;598;SIMOES FILHO;Acessar a via sem observar a presença dos outros veículos;Atropelamento de Pedestre;Com Vítimas Fatais;Plena Noite;Crescente;Céu Claro;Dupla;Reta;Não;2;1;0;0;0;1;0;2;-12,7428138;-38,43740836;SPRF-BA;DEL01-BA;UOP01-DEL01-BA
717472;10/09/2025;quarta-feira;18:55:00;RJ;101;320;NITEROI;Ausência de reação do condutor;Colisão traseira;Com Vítimas Feridas;Plena Noite;Crescente;Céu Claro;Dupla;Reta;Sim;2;0;1;0;1;0;1;2;-22,86719272;-43,109105;SPRF-RJ;DEL02-RJ;UOP01-DEL02-RJ
717473;10/09/2025;quarta-feira;19:05:00;PR;277;589,9;CASCAVEL;Condutor deixou de manter distância do veículo da frente;Colisão traseira;Com Vítimas Feridas;Plena Noite;Crescente;Céu Claro;Simples;"Reta;Viaduto";Sim;6;0;2;1;3;0;3;2;-24,98;-53,453;SPRF-PR;DEL04-PR;UOP01-DEL04-PR
717474;10/09/2025;quarta-feira;18:05:00;SC;116;23,4;ITAIOPOLIS;Velocidade Incompatível;Colisão com objeto;Com Vítimas Feridas;Anoitecer;Decrescente;Céu Claro;Simples;"Interseção de Vias;Declive";Não;1;0;1;0;0;0;1;1;-26,27057865;-49,9192425;SPRF-SC;DEL06-SC;UOP01-DEL06-SC
717475;10/09/2025;quarta-feira;18:45:00;PR;369;172;ROLANDIA;Conversão proibida;Colisão transversal;Com Vítimas Feridas;Anoitecer;Decrescente;Nublado;Simples;Reta;Sim;2;0;0;1;0;1;1;2;-23,304842;-51,360142;SPRF-PR;DEL07-PR;UOP01-DEL07-PR
717476;10/09/2025;quarta-feira;19:35:00;GO;60;93;ANAPOLIS;Ingestão de álcool pelo condutor;Saída de leito carroçável;Sem Vítimas;Plena Noite;Decrescente;Céu Claro;Dupla;Reta;Sim;1;0;0;0;1;0;0;1;-16,353451;-48,920444;SPRF-GO;DEL02-GO;UOP01-DEL02-GO
717477;10/09/2025;quarta-feira;18:50:00;PR;277;593,3;CASCAVEL;Manobra de mudança de faixa;Colisão traseira;Com Vítimas Feridas;Plena Noite;Crescente;Céu Claro;Simples;Reta;Sim;2;0;1;0;1;0;1;2;-24,98001882;-53,4857583;SPRF-PR;DEL04-PR;UOP01-DEL04-PR
717479;09/09/2025;terça-feira;10:00:00;RJ;116;232;PIRAI;Demais falhas mecânicas ou elétricas;Queda de ocupante de veículo;Com Vítimas Feridas;Pleno dia;Decrescente;Céu Claro;Dupla;Curva;Não;1;0;1;0;0;0;1;1;-22,67334176;-43,83471785;SPRF-RJ;DEL07-RJ;UOP01-DEL07-RJ
717480;10/09/2025;quarta-feira;19:10:00;MA;10;256,2;IMPERATRIZ;Conversão proibida;Colisão transversal;Com Vítimas Feridas;Plena Noite;Crescente;Céu Claro;Simples;Reta;Sim;2;0;1;0;1;0;1;2;-5,49708861;-47,47193456;SPRF-MA;DEL04-MA;UOP01-DEL04-MA
717483;10/09/2025;quarta-feira;19:30:00;RS;116;658,5;JAGUARAO;Acessar a via sem observar a presença dos outros veículos;Colisão transversal;Com Vítimas Feridas;Plena Noite;Decrescente;Céu Claro;Dupla;Interseção de Vias;Sim;2;0;1;0;1;0;1;2;-32,56402615;-53,38224499;SPRF-RS;DEL07-RS;UOP03-DEL07-RS
717485;10/09/2025;quarta-feira;18:20:00;RN;427;1,3;CURRAIS NOVOS;Acessar a via sem observar a presença dos outros veículos;Colisão transversal;Com Vítimas Feridas;Plena Noite;Decrescente;Céu Claro;Simples;"Interseção de Vias;Reta";Sim;2;0;1;0;1;0;1;2;-6,277551;-36,522524;SPRF-RN;DEL03-RN;UOP02-DEL03-RN
717487;10/09/2025;quarta-feira;19:00:00;MS;262;319,5;CAMPO GRANDE;Acessar a via sem observar a presença dos outros veículos;Colisão transversal;Com Vítimas Feridas;Plena Noite;Crescente;Céu Claro;Simples;Reta;Não;3;0;0;1;1;1;1;3;-20,47;-54,472;SPRF-MS;DEL01-MS;UOP01-DEL01-MS
717489;10/09/2025;quarta-feira;12:40:00;MT;163;729,8;SORRISO;Demais falhas mecânicas ou elétricas;Atropelamento de Pedestre;Com Vítimas Fatais;Pleno dia;Decrescente;Céu Claro;Simples;"Reta;Em Obras";Não;4;2;0;1;1;0;1;2;-12,838875;-55,824207;SPRF-MT;DEL06-MT;UOP01-DEL06-MT
717490;10/09/2025;quarta-feira;20:30:00;SC;101;222,7;PALHOCA;Ultrapassagem Indevida;Tombamento;Com Vítimas Feridas;Plena Noite;Crescente;Céu Claro;Dupla;Reta;Não;2;0;2;0;0;0;2;1;-27,71394932;-48,64995925;SPRF-SC;DEL01-SC;UOP02-DEL01-SC
717491;10/09/2025;quarta-feira;20:17:00;RS;116;295;GUAIBA;Estacionar ou parar em local proibido;Colisão traseira;Com Vítimas Feridas;Plena Noite;Decrescente;Céu Claro;Dupla;Reta;Não;3;0;1;0;2;0;1;2;-30,07727678;-51,34129643;SPRF-RS;DEL02-RS;UOP01-DEL02-RS
717494;08/08/2025;sexta-feira;18:10:00;PR;277;68;SAO JOSE DOS PINHAIS;Chuva;Tombamento;Com Vítimas Feridas;Pleno dia;Decrescente;Chuva;Dupla;Reta;Não;4;0;2;0;2;0;2;3;-25,52206399;-49,10583302;SPRF-PR;DEL01-PR;UOP01-DEL01-PR
717495;10/09/2025;quarta-feira;16:15:00;RJ;495;0,1;TERESOPOLIS;Acessar a via sem observar a presença dos outros veículos;Colisão transversal;Com Vítimas Feridas;Pleno dia;Decrescente;Céu Claro;Simples;"Reta;Rotatória";Não;2;0;1;0;1;0;1;2;-22,406;-42,967;SPRF-RJ;DEL04-RJ;UOP01-DEL04-RJ
717497;10/09/2025;quarta-feira;20:30:00;PR;277;716;SANTA TEREZINHA DE ITAIPU;Ingestão de álcool pelo condutor;Saída de leito carroçável;Sem Vítimas;Plena Noite;Decrescente;Céu Claro;Dupla;Reta;Não;1;0;0;0;1;0;0;1;-25,467183;-54,456433;SPRF-PR;DEL05-PR;UOP01-DEL05-PR
717498;10/09/2025;quarta-feira;20:30:00;SP;381;36;ATIBAIA;Demais falhas na via;Colisão transversal;Com Vítimas Feridas;Plena Noite;Crescente;Céu Claro;Dupla;Curva;Sim;2;0;1;0;1;0;1;2;-23,09545299;-46,57277294;SPRF-SP;DEL03-SP;UOP01-DEL03-SP
717499;10/09/2025;quarta-feira;21:10:00;MG;116;636;DIVINO;Condutor Dormindo;Tombamento;Com Vítimas Feridas;Plena Noite;Crescente;Céu Claro;Simples;Reta;Não;1;0;0;1;0;0;1;1;-20,63681601;-42,2357142;SPRF-MG;DEL07-MG;UOP02-DEL07-MG
717501;10/09/2025;quarta-feira;17:10:00;PI;343;341;TERESINA;Ausência de reação do condutor;Atropelamento de Pedestre;Com Vítimas Feridas;Pleno dia;Decrescente;Sol;Dupla;Curva;Sim;2;0;0;1;1;0;1;2;-5,07764;-42,74602;SPRF-PI;DEL01-PI;UOP01-DEL01-PI
717503;10/09/2025;quarta-feira;19:10:00;PR;277;726;FOZ DO IGUACU;Acessar a via sem observar a presença dos outros veículos;Queda de ocupante de veículo;Com Vítimas Feridas;Plena Noite;Crescente;Céu Claro;Dupla;Reta;Não;2;0;2;0;0;0;2;1;-25,51100462;-54,54949792;SPRF-PR;DEL05-PR;UOP03-DEL05-PR
717504;10/09/2025;quarta-feira;21:45:00;MA;316;547,2;CAXIAS;Animais na Pista;Atropelamento de Animal;Com Vítimas Feridas;Plena Noite;Crescente;Céu Claro;Simples;Reta;Não;1;0;1;0;0;0;1;1;-4,88041;-43,386238;SPRF-MA;DEL03-MA;UOP02-DEL03-MA
717507;10/09/2025;quarta-feira;18:35:00;PE;232;332;CUSTODIA;Ingestão de álcool pelo condutor;Eventos atípicos;Com Vítimas Feridas;Plena Noite;Decrescente;Céu Claro;Simples;Reta;Sim;2;0;1;1;0;0;2;2;-8,08849;-37,63216;SPRF-PE;DEL04-PE;UOP02-DEL04-PE
717508;10/09/2025;quarta-feira;18:00:00;MG;381;486;BETIM;Reação tardia ou ineficiente do condutor;Colisão traseira;Com Vítimas Feridas;Plena Noite;Crescente;Céu Claro;Simples;Reta;Sim;2;0;0;1;1;0;1;2;-19,954982;-44,116862;SPRF-MG;DEL01-MG;UOP03-DEL01-MG
717510;10/09/2025;quarta-feira;21:20:00;PR;376;168;MARINGA;Demais falhas mecânicas ou elétricas;Colisão traseira;Com Vítimas Feridas;Pleno dia;Decrescente;Céu Claro;Dupla;Reta;Não;3;0;1;0;2;0;1;2;-23,393382;-52,009509;SPRF-PR;DEL09-PR;UOP01-DEL09-PR
717511;28/07/2025;segunda-feira;10:50:00;TO;153;315;GUARAI;Transitar na contramão;Colisão frontal;Com Vítimas Feridas;Pleno dia;Crescente;Céu Claro;Simples;Reta;Não;3;0;0;1;1;1;1;3;-8,62718762;-48,48558426;SPRF-TO;DEL02-TO;UOP02-DEL02-TO