id;data_inversa;dia_semana;horario;uf;br;km;municipio;causa_acidente;tipo_acidente;classificacao_acidente;fase_dia;sentido_via;condicao_metereologica;tipo_pista;tracado_via;uso_solo;pessoas;mortos;feridos_leves;feridos_graves;ilesos;ignorados;feridos;veiculos;latitude;longitude;regional;delegacia;uop
717512;10/09/2025;quarta-feira;06:09:00;CE;116;27;AQUIRAZ;Manobra de mudança de faixa;Colisão lateral mesmo sentido;Sem Vítimas;Pleno dia;Decrescente;Céu Claro;Dupla;Reta;Sim;2;0;0;0;1;1;0;2;-3,990373;-38,51599;SPRF-CE;DEL01-CE;UOP02-DEL01-CE
717513;10/09/2025;quarta-feira;19:25:00;GO;153;330,8;JARAGUA;Conversão proibida;Colisão lateral sentido oposto;Com Vítimas Feridas;Plena Noite;Decrescente;Céu Claro;Simples;"Reta;Aclive";Não;2;0;0;1;1;0;1;2;-15,53941323;-49,4396129;SPRF-GO;DEL02-GO;UOP02-DEL02-GO
717517;10/09/2025;quarta-feira;23:00:00;PR;376;168;MARINGA;Ausência de reação do condutor;Colisão traseira;Com Vítimas Feridas;Plena Noite;Decrescente;Céu Claro;Dupla;Reta;Não;2;0;0;1;1;0;1;2;-23,394118;-52,008579;SPRF-PR;DEL09-PR;UOP01-DEL09-PR
717519;10/09/2025;quarta-feira;19:03:00;GO;153;262;NOVA GLORIA;Acessar a via sem observar a presença dos outros veículos;Colisão transversal;Com Vítimas Feridas;Plena Noite;Decrescente;Céu Claro;Simples;Reta;Não;2;0;1;0;1;0;1;2;-15,02403957;-49,42717105;SPRF-GO;DEL07-GO;UOP02-DEL07-GO
717520;10/09/2025;quarta-feira;16:00:00;BA;324;621;SALVADOR;Condutor deixou de manter distância do veículo da frente;Colisão traseira;Com Vítimas Feridas;Pleno dia;Crescente;Céu Claro;Simples;Reta;Não;3;0;1;0;2;0;1;2;-12,92475113;-38,46833892;SPRF-BA;DEL01-BA;UOP01-DEL01-BA
717522;10/09/2025;quarta-feira;23:51:00;RJ;465;5;SEROPEDICA;Velocidade Incompatível;Colisão transversal;Com Vítimas Feridas;Plena Noite;Crescente;Céu Claro;Dupla;Reta;Não;2;0;1;0;1;0;1;2;-22,74454692;-43,70227067;SPRF-RJ;DEL06-RJ;UOP02-DEL06-RJ
717523;10/09/2025;quarta-feira;23:00:00;DF;20;10,8;BRASILIA;Entrada inopinada do pedestre;Atropelamento de Pedestre;Com Vítimas Feridas;Plena Noite;Decrescente;Céu Claro;Dupla;Reta;Sim;2;0;0;1;1;0;1;2;-15,646862;-47,767272;SPRF-DF;DEL02-DF;UOP01-DEL02-DF
717524;10/09/2025;quarta-feira;23:40:00;MG;40;410;CURVELO;Objeto estático sobre o leito carroçável;Colisão com objeto;Com Vítimas Feridas;Plena Noite;Decrescente;Céu Claro;Simples;Reta;Não;2;0;1;0;1;0;1;1;-19,0763997;-44,654827;SPRF-MG;DEL02-MG;UOP01-DEL02-MG
717525;11/09/2025;quinta-feira;00:20:00;PE;423;96,2;GARANHUNS;Condutor Dormindo;Colisão frontal;Sem Vítimas;Plena Noite;Crescente;Céu Claro;Simples;Curva;Sim;2;0;0;0;2;0;0;2;-8,88196582;-36,48847103;SPRF-PE;DEL03-PE;UOP01-DEL03-PE
717526;10/09/2025;quarta-feira;22:10:00;MG;116;702,5;MURIAE;Ingestão de álcool pelo condutor;Colisão traseira;Com Vítimas Feridas;Plena Noite;Decrescente;Céu Claro;Simples;Curva;Sim;3;0;1;0;2;0;1;3;-21,12706791;-42,38315541;SPRF-MG;DEL07-MG;UOP02-DEL07-MG
717528;10/09/2025;quarta-feira;18:55:00;SC;280;14,7;SAO FRANCISCO DO SUL;Ausência de reação do condutor;Atropelamento de Pedestre;Com Vítimas Feridas;Plena Noite;Decrescente;Nublado;Simples;Reta;Não;2;0;0;2;0;0;2;2;-26,335705;-48,653637;SPRF-SC;DEL03-SC;UOP03-DEL03-SC
717530;10/09/2025;quarta-feira;22:40:00;SC;101;250,5;PAULO LOPES;Reação tardia ou ineficiente do condutor;Tombamento;Com Vítimas Fatais;Plena Noite;Decrescente;Céu Claro;Múltipla;"Reta;Aclive";Sim;1;1;0;0;0;0;0;1;-27,945731;-48,669579;SPRF-SC;DEL02-SC;UOP03-DEL02-SC
717531;11/09/2025;quinta-feira;02:00:00;MG;116;409;GOVERNADOR VALADARES;Ultrapassagem Indevida;Colisão com objeto;Com Vítimas Feridas;Plena Noite;Crescente;Céu Claro;Dupla;Reta;Sim;1;0;0;1;0;0;1;1;-18,85804668;-41,97506905;SPRF-MG;DEL06-MG;UOP01-DEL06-MG
717533;11/09/2025;quinta-feira;02:45:00;MT;364;277;JACIARA;Reação tardia ou ineficiente do condutor;Colisão com objeto;Com Vítimas Feridas;Plena Noite;Crescente;Céu Claro;Dupla;"Reta;Aclive";Não;3;0;1;0;2;0;1;1;-15,94813455;-55,00305077;SPRF-MT;DEL05-MT;UOP02-DEL05-MT
717534;01/08/2025;sexta-feira;22:20:00;AL;316;155;PALMEIRA DOS INDIOS;Manobra de mudança de faixa;Colisão lateral sentido oposto;Sem Vítimas;Plena Noite;Decrescente;Nublado;Simples;Reta;Sim;3;0;0;0;3;0;0;3;-9,422872;-36,627245;SPRF-AL;DEL03-AL;UOP01-DEL03-AL
717535;11/09/2025;quinta-feira;03:42:00;MT;163;823;SINOP;Ingestão de álcool pelo condutor;Colisão traseira;Com Vítimas Feridas;Plena Noite;Decrescente;Céu Claro;Dupla;Reta;Sim;2;0;0;1;1;0;1;2;-11,96368697;-55,51695295;SPRF-MT;DEL06-MT;UOP02-DEL06-MT
717540;10/09/2025;quarta-feira;22:40:00;RJ;101;278;TANGUA;Acessar a via sem observar a presença dos outros veículos;Colisão frontal;Com Vítimas Fatais;Plena Noite;Decrescente;Céu Claro;Dupla;Curva;Não;2;1;0;0;1;0;0;2;-22,73945655;-42,74368286;SPRF-RJ;DEL02-RJ;UOP03-DEL02-RJ
717543;10/09/2025;quarta-feira;21:00:00;BA;101;445;UBAITABA;Velocidade Incompatível;Saída de leito carroçável;Com Vítimas Feridas;Plena Noite;Decrescente;Céu Claro;Simples;Curva;Não;1;0;1;0;0;0;1;1;-14,31307;-39,31368;SPRF-BA;DEL05-BA;UOP01-DEL05-BA
717546;11/09/2025;quinta-feira;05:40:00;MG;50;43,8;ARAGUARI;Ausência de reação do condutor;Atropelamento de Pedestre;Com Vítimas Fatais;Amanhecer;Crescente;Céu Claro;Dupla;"Reta;Declive";Não;2;1;0;0;0;1;0;2;-18,70535847;-48,19049835;SPRF-MG;DEL15-MG;UOP02-DEL15-MG
717547;11/09/2025;quinta-feira;07:20:00;GO;40;2;VALPARAISO DE GOIAS;Entrada inopinada do pedestre;Colisão lateral mesmo sentido;Com Vítimas Feridas;Pleno dia;Decrescente;Céu Claro;Dupla;Reta;Sim;4;0;1;0;3;0;1;3;-16,067556;-47,984416;SPRF-DF;DEL01-DF;UOP01-DEL01-DF
717548;11/09/2025;quinta-feira;06:45:00;DF;20;12,4;BRASILIA;Manobra de mudança de faixa;Colisão lateral mesmo sentido;Com Vítimas Feridas;Pleno dia;Decrescente;Céu Claro;Múltipla;"Reta;Em Obras";Sim;2;0;1;0;1;0;1;2;-15,64121617;-47,75480853;SPRF-DF;DEL02-DF;UOP01-DEL02-DF
717549;11/09/2025;quinta-feira;07:10:00;RJ;465;3;SEROPEDICA;Acesso irregular;Colisão transversal;Com Vítimas Feridas;Pleno dia;Crescente;Céu Claro;Simples;Reta;Sim;2;0;1;0;1;0;1;2;-22,73147561;-43,71461788;SPRF-RJ;DEL06-RJ;UOP02-DEL06-RJ
717550;11/09/2025;quinta-feira;07:20:00;PR;163;280;MARECHAL CANDIDO RONDON;Reação tardia ou ineficiente do condutor;Colisão traseira;Sem Vítimas;Pleno dia;Decrescente;Céu Claro;Dupla;Curva;Não;2;0;0;0;2;0;0;2;-24,56862;-54,03391;SPRF-PR;DEL06-PR;UOP02-DEL06-PR
717552;11/09/2025;quinta-feira;07:00:00;PR;376;180,9;MARINGA;Reação tardia ou ineficiente do condutor;Colisão traseira;Com Vítimas Feridas;Pleno dia;Decrescente;Céu Claro;Dupla;Reta;Sim;2;0;1;0;1;0;1;2;-23,42611273;-51,89703075;SPRF-PR;DEL09-PR;UOP01-DEL09-PR
717553;11/09/2025;quinta-feira;07:05:00;RN;304;293;MACAIBA;Manobra de mudança de faixa;Colisão lateral mesmo sentido;Com Vítimas Feridas;Pleno dia;Crescente;Céu Claro;Dupla;"Reta;Interseção de Vias;Em Obras";Não;3;0;1;0;2;0;1;2;-5,867813;-35,3748182;SPRF-RN;DEL01-RN;UOP02-DEL01-RN
717554;11/09/2025;quinta-feira;06:50:00;CE;116;17;EUSEBIO;Condutor deixou de manter distância do veículo da frente;Colisão traseira;Com Vítimas Feridas;Pleno dia;Crescente;Céu Claro;Dupla;Reta;Não;2;0;1;0;1;0;1;2;-3,89839525;-38,50339858;SPRF-CE;DEL01-CE;UOP02-DEL01-CE
717556;11/09/2025;quinta-feira;07:40:00;RS;290;95;PORTO ALEGRE;Condutor deixou de manter distância do veículo da frente;Engavetamento;Com Vítimas Feridas;Pleno dia;Crescente;Céu Claro;Múltipla;Reta;Sim;5;0;3;0;2;0;3;3;-29,99094404;-51,20445264;SPRF-RS;DEL01-RS;UOP01-DEL01-RS
717557;11/09/2025;quinta-feira;07:30:00;MG;381;447;BELO HORIZONTE;Acesso irregular;Colisão transversal;Com Vítimas Feridas;Pleno dia;Crescente;Céu Claro;Simples;Reta;Não;2;0;1;0;1;0;1;2;-19,84034473;-43,87581861;SPRF-MG;DEL01-MG;UOP01-DEL01-MG
717560;11/09/2025;quinta-feira;08:20:00;PR;376;174;MARINGA;Pedestre cruzava a pista fora da faixa;Atropelamento de Pedestre;Com Vítimas Feridas;Pleno dia;Crescente;Céu Claro;Múltipla;Reta;Sim;2;0;2;0;0;0;2;2;-23,41601516;-51,95223058;SPRF-PR;DEL09-PR;UOP01-DEL09-PR
717562;11/09/2025;quinta-feira;06:30:00;MG;40;436;PARAOPEBA;Condutor Dormindo;Colisão com objeto;Sem Vítimas;Pleno dia;Decrescente;Céu Claro;Simples;Reta;Não;2;0;0;0;2;0;0;1;-19,23030868;-44,43668816;SPRF-MG;DEL02-MG;UOP01-DEL02-MG
717563;11/09/2025;quinta-feira;08:10:00;PR;369;195;ARAPONGAS;Reação tardia ou ineficiente do condutor;Colisão com objeto;Com Vítimas Feridas;Pleno dia;Decrescente;Céu Claro;Dupla;Reta;Não;1;0;1;0;0;0;1;1;-23,49671;-51,423315;SPRF-PR;DEL07-PR;UOP03-DEL07-PR
717566;11/09/2025;quinta-feira;08:00:00;MG;40;515;RIBEIRAO DAS NEVES;Acesso irregular;Colisão lateral mesmo sentido;Com Vítimas Feridas;Pleno dia;Crescente;Céu Claro;Dupla;"Reta;Declive";Não;2;0;1;0;1;0;1;2;-19,81489222;-44,09130547;SPRF-MG;DEL01-MG;UOP02-DEL01-MG
717567;11/09/2025;quinta-feira;06:50:00;MG;40;800,1;MATIAS BARBOSA;Ausência de reação do condutor;Saída de leito carroçável;Com Vítimas Feridas;Pleno dia;Crescente;Nublado;Dupla;"Curva;Declive";Não;1;0;0;1;0;0;1;1;-21,82971153;-43,37346554;SPRF-MG;DEL05-MG;UOP01-DEL05-MG
717568;11/09/2025;quinta-feira;09:00:00;SC;101;43;JOINVILLE;Condutor deixou de manter distância do veículo da frente;Colisão traseira;Com Vítimas Feridas;Pleno dia;Crescente;Céu Claro;Múltipla;Reta;Sim;2;0;1;0;1;0;1;2;-26,33611131;-48,85982601;SPRF-SC;DEL03-SC;UOP01-DEL03-SC
717569;22/08/2025;sexta-feira;06:20:00;PR;277;725;FOZ DO IGUACU;Acesso irregular;Colisão transversal;Com Vítimas Feridas;Amanhecer;Decrescente;Céu Claro;Dupla;Reta;Sim;3;0;3;0;0;0;3;2;-25,50694546;-54,54436612;SPRF-PR;DEL05-PR;UOP03-DEL05-PR
717570;04/09/2025;quinta-feira;19:40:00;PR;277;75;SAO JOSE DOS PINHAIS;Avarias e/ou desgaste excessivo no pneu;Queda de ocupante de veículo;Com Vítimas Feridas;Plena Noite;Decrescente;Ignorado;Dupla;Reta;Sim;2;0;2;0;0;0;2;1;-25,49304077;-49,17003505;SPRF-PR;DEL01-PR;UOP07-DEL01-PR
717571;11/09/2025;quinta-feira;05:37:00;MG;365;161,7;PIRAPORA;Acessar a via sem observar a presença dos outros veículos;Atropelamento de Pedestre;Com Vítimas Fatais;Pleno dia;Crescente;Céu Claro;Simples;Reta;Sim;2;1;0;0;1;0;0;2;-17,36057561;-44,91873687;SPRF-MG;DEL10-MG;UOP02-DEL010-MG
717572;11/09/2025;quinta-feira;06:00:00;MG;381;391;BOM JESUS DO AMPARO;Velocidade Incompatível;Saída de leito carroçável;Com Vítimas Feridas;Amanhecer;Decrescente;Céu Claro;Dupla;"Curva;Aclive";Sim;1;0;0;1;0;0;1;1;-19,76153398;-43,46122742;SPRF-MG;DEL01-MG;UOP01-DEL01-MG
717573;11/09/2025;quinta-feira;09:30:00;MG;381;509;SAO JOAQUIM DE BICAS;Ausência de reação do condutor;Tombamento;Com Vítimas Feridas;Pleno dia;Decrescente;Sol;Dupla;Curva;Sim;1;0;1;0;0;0;1;1;-20,05445606;-44,28398833;SPRF-MG;DEL01-MG;UOP03-DEL01-MG
717574;11/09/2025;quinta-feira;09:15:00;ES;101;340,7;GUARAPARI;Reação tardia ou ineficiente do condutor;Saída de leito carroçável;Com Vítimas Feridas;Pleno dia;Decrescente;Céu Claro;Dupla;Reta;Não;2;0;1;1;0;0;2;1;-20,6507953;-40,569761;SPRF-ES;DEL03-ES;UOP01-DEL03-ES
717575;11/09/2025;quinta-feira;06:45:00;PE;232;181,5;BELO JARDIM;Animais na Pista;Atropelamento de Animal;Com Vítimas Feridas;Pleno dia;Crescente;Nublado;Simples;Reta;Sim;2;0;1;1;0;0;2;1;-8,346125;-36,43728;SPRF-PE;DEL03-PE;UOP02-DEL03-PE
717576;11/09/2025;quinta-feira;07:02:00;RS;470;211;BENTO GONCALVES;Reação tardia ou ineficiente do condutor;Colisão lateral sentido oposto;Com Vítimas Feridas;Pleno dia;Decrescente;Céu Claro;Simples;"Curva;Declive";Não;4;0;0;2;2;0;2;4;-29,13651002;-51,54469156;SPRF-RS;DEL06-RS;UOP01-DEL06-RS
717579;11/09/2025;quinta-feira;09:20:00;PR;469;16;FOZ DO IGUACU;Demais falhas mecânicas ou elétricas;Incêndio;Sem Vítimas;Pleno dia;Crescente;Céu Claro;Simples;Reta;Sim;1;0;0;0;1;0;0;1;-25,5935735;-54,5139791;SPRF-PR;DEL05-PR;UOP04-DEL05-PR
717580;11/09/2025;quinta-feira;07:30:00;RO;364;11,3;VILHENA;Acessar a via sem observar a presença dos outros veículos;Colisão transversal;Com Vítimas Feridas;Pleno dia;Decrescente;Céu Claro;Dupla;Rotatória;Sim;2;0;1;0;1;0;1;2;-12,74572075;-60,11520982;SPRF-RO;DEL04-RO;UOP01-DEL04-RO
717581;11/09/2025;quinta-feira;08:30:00;MG;40;523;CONTAGEM;Condutor deixou de manter distância do veículo da frente;Colisão traseira;Com Vítimas Feridas;Pleno dia;Crescente;Céu Claro;Dupla;Reta;Não;3;0;1;0;2;0;1;2;-19,8687683;-44,0599823;SPRF-MG;DEL01-MG;UOP02-DEL01-MG
717583;11/09/2025;quinta-feira;09:50:00;DF;20;17;BRASILIA;Ausência de reação do condutor;Colisão traseira;Sem Vítimas;Pleno dia;Crescente;Céu Claro;Dupla;Aclive;Não;3;0;0;0;3;0;0;2;-15,64;-47,753;SPRF-DF;DEL02-DF;UOP01-DEL02-DF
717584;11/09/2025;quinta-feira;09:15:00;RS;116;146;CAXIAS DO SUL;Ausência de reação do condutor;Colisão traseira;Com Vítimas Feridas;Pleno dia;Crescente;Sol;Dupla;"Interseção de Vias;Reta";Sim;2;0;1;0;1;0;1;2;-29,142865;-51,137229;SPRF-RS;DEL05-RS;UOP01-DEL05-RS
717585;03/09/2025;quarta-feira;13:00:00;MS;463;18;DOURADOS;Reação tardia ou ineficiente do condutor;Colisão com objeto;Com Vítimas Feridas;Pleno dia;Crescente;Céu Claro;Simples;Rotatória;Não;2;0;1;0;0;1;1;2;-22,24850271;-54,9704024;SPRF-MS;DEL04-MS;UOP03-DEL04-MS
717586;11/09/2025;quinta-feira;09:45:00;MG;364;37,1;FRUTAL;Ultrapassagem Indevida;Saída de leito carroçável;Com Vítimas Feridas;Pleno dia;Decrescente;Céu Claro;Simples;Reta;Não;3;0;2;0;1;0;2;1;-19,97972;-48,958761;SPRF-MG;DEL13-MG;UOP02-DEL13-MG
717590;23/06/2025;segunda-feira;22:00:00;SC;282;579,1;PINHALZINHO;Entrada inopinada do pedestre;Atropelamento de Pedestre;Com Vítimas Fatais;Plena Noite;Crescente;Céu Claro;Simples;Reta;Sim;2;1;0;0;1;0;0;2;-26,8438768;-52,9819678;SPRF-SC;DEL07-SC;UOP02-DEL07-SC
717591;11/09/2025;quinta-feira;08:20:00;RO;319;141;PORTO VELHO;Acessar a via sem observar a presença dos outros veículos;Colisão transversal;Com Vítimas Feridas;Pleno dia;Crescente;Céu Claro;Dupla;Rotatória;Sim;2;0;1;0;1;0;1;2;-8,740181;-63,890232;SPRF-RO;DEL01-RO;UOP01-DEL01-RO
717593;11/09/2025;quinta-feira;09:40:00;SC;101;128;CAMBORIU;Condutor deixou de manter distância do veículo da frente;Colisão traseira;Sem Vítimas;Pleno dia;Decrescente;Céu Claro;Dupla;"Reta;Aclive";Não;2;0;0;0;2;0;0;2;-26,97447462;-48,6826143;SPRF-SC;DEL04-SC;UOP04-DEL04-SC
717597;11/09/2025;quinta-feira;10:35:00;SC;101;333,7;TUBARAO;Desrespeitar a preferência no cruzamento;Colisão transversal;Com Vítimas Feridas;Pleno dia;Decrescente;Céu Claro;Múltipla;Interseção de Vias;Sim;2;0;1;0;1;0;1;2;-28,46966274;-49,01504159;SPRF-SC;DEL02-SC;UOP01-DEL02-SC
717599;11/09/2025;quinta-feira;10:40:00;BA;324;612;SALVADOR;Demais falhas mecânicas ou elétricas;Incêndio;Sem Vítimas;Pleno dia;Crescente;Céu Claro;Dupla;Reta;Não;1;0;0;0;1;0;0;1;-12,861857;-38,422665;SPRF-BA;DEL01-BA;UOP01-DEL01-BA
717600;11/09/2025;quinta-feira;11:45:00;SC;101;179;GOVERNADOR CELSO RAMOS;Reação tardia ou ineficiente do condutor;Colisão com objeto;Com Vítimas Feridas;Pleno dia;Decrescente;Céu Claro;Dupla;Reta;Não;1;0;1;0;0;0;1;1;-27,37229;-48,63323;SPRF-SC;DEL01-SC;UOP01-DEL01-SC
717601;11/09/2025;quinta-feira;07:00:00;PR;163;217,9;CASCAVEL;Ausência de reação do condutor;Saída de leito carroçável;Com Vítimas Feridas;Pleno dia;Decrescente;Céu Claro;Dupla;Curva;Não;3;0;2;0;1;0;2;1;-24,8668;-53,57381;SPRF-PR;DEL04-PR;UOP01-DEL04-PR
717602;11/09/2025;quinta-feira;11:50:00;RS;386;138;SARANDI;Ausência de reação do condutor;Colisão traseira;Com Vítimas Feridas;Pleno dia;Crescente;Céu Claro;Simples;"Reta;Aclive";Sim;2;0;1;0;1;0;1;2;-27,9553822;-52,921902;SPRF-RS;DEL08-RS;UOP01-DEL08-RS
717603;01/09/2025;segunda-feira;19:30:00;BA;324;516,5;FEIRA DE SANTANA;Ausência de reação do condutor;Colisão traseira;Com Vítimas Feridas;Plena Noite;Crescente;Céu Claro;Simples;Reta;Sim;2;0;1;0;1;0;1;2;-12,25352008;-38,93266976;SPRF-BA;DEL02-BA;UOP01-DEL02-BA
717606;11/09/2025;quinta-feira;10:40:00;RS;158;330;SANTA MARIA;Manobra de mudança de faixa;Colisão lateral mesmo sentido;Com Vítimas Feridas;Pleno dia;Crescente;Céu Claro;Dupla;"Rotatória;Interseção de Vias";Sim;5;0;1;0;4;0;1;2;-29,700766;-53,84114;SPRF-RS;DEL09-RS;UOP01-DEL09-RS
717608;11/09/2025;quinta-feira;11:25:00;RJ;40;43;AREAL;Ausência de reação do condutor;Queda de ocupante de veículo;Com Vítimas Feridas;Pleno dia;Decrescente;Céu Claro;Simples;"Aclive;Curva";Sim;1;0;1;0;0;0;1;1;-22,27111085;-43,10735819;SPRF-RJ;DEL05-RJ;UOP02-DEL05-RJ
717609;20/08/2025;quarta-feira;17:40:00;GO;153;504;APARECIDA DE GOIANIA;Manobra de mudança de faixa;Tombamento;Com Vítimas Feridas;Anoitecer;Crescente;Céu Claro;Múltipla;Reta;Sim;1;0;1;0;0;0;1;1;-16,748034;-49,240959;SPRF-GO;DEL01-GO;UOP01-DEL01-GO
717610;11/09/2025;quinta-feira;13:00:00;PR;277;83;SAO JOSE DOS PINHAIS;Ausência de reação do condutor;Colisão traseira;Com Vítimas Feridas;Pleno dia;Crescente;Céu Claro;Simples;Declive;Não;3;0;1;0;2;0;1;2;-25,55551258;-49,02960355;SPRF-PR;DEL01-PR;UOP03-DEL01-PR
717611;11/09/2025;quinta-feira;12:20:00;PR;116;121,5;CURITIBA;Manobra de mudança de faixa;Colisão traseira;Com Vítimas Feridas;Pleno dia;Crescente;Céu Claro;Dupla;"Aclive;Reta";Não;2;0;1;0;1;0;1;2;-25,59158248;-49,31550113;SPRF-PR;DEL01-PR;UOP03-DEL01-PR
717613;11/09/2025;quinta-feira;11:30:00;RO;364;11;VILHENA;Conversão proibida;Queda de ocupante de veículo;Com Vítimas Feridas;Pleno dia;Crescente;Céu Claro;Dupla;Reta;Sim;2;0;0;1;1;0;1;2;-12,74404207;-60,11995554;SPRF-RO;DEL04-RO;UOP01-DEL04-RO
717617;11/09/2025;quinta-feira;13:30:00;SC;470;254,7;CURITIBANOS;Transitar na contramão;Colisão lateral sentido oposto;Com Vítimas Fatais;Pleno dia;Crescente;Céu Claro;Simples;Reta;Não;5;1;2;0;2;0;2;4;-27,30943889;-50,63306808;SPRF-SC;DEL05-SC;UOP03-DEL05-SC
717618;21/08/2025;quinta-feira;09:20:00;PR;369;202,5;APUCARANA;Acessar a via sem observar a presença dos outros veículos;Colisão transversal;Com Vítimas Feridas;Pleno dia;Crescente;Céu Claro;Simples;Reta;Sim;2;0;1;0;1;0;1;2;-23,54631388;-51,45249367;SPRF-PR;DEL07-PR;UOP03-DEL07-PR
717619;11/09/2025;quinta-feira;14:00:00;MG;40;507,1;RIBEIRAO DAS NEVES;Reação tardia ou ineficiente do condutor;Colisão traseira;Com Vítimas Feridas;Pleno dia;Crescente;Céu Claro;Dupla;Reta;Sim;2;0;0;1;1;0;1;2;-19,75737;-44,13939;SPRF-MG;DEL02-MG;UOP01-DEL02-MG
717620;11/09/2025;quinta-feira;14:00:00;RJ;116;136;MAGE;Demais falhas mecânicas ou elétricas;Incêndio;Sem Vítimas;Pleno dia;Decrescente;Céu Claro;Dupla;Reta;Sim;1;0;0;0;1;0;0;1;-22,65139127;-43,16737425;SPRF-RJ;DEL04-RJ;UOP02-DEL04-RJ
717621;11/09/2025;quinta-feira;13:30:00;RJ;40;45,6;PETROPOLIS;Acessar a via sem observar a presença dos outros veículos;Colisão lateral mesmo sentido;Sem Vítimas;Pleno dia;Decrescente;Céu Claro;Dupla;Reta;Não;6;0;0;0;6;0;0;2;-22,2824796;-43,1192961;SPRF-RJ;DEL05-RJ;UOP02-DEL05-RJ
717625;11/09/2025;quinta-feira;13:30:00;PB;230;171,8;CAMPINA GRANDE;Reação tardia ou ineficiente do condutor;Colisão traseira;Com Vítimas Feridas;Pleno dia;Decrescente;Céu Claro;Simples;Aclive;Não;2;0;0;1;1;0;1;2;-7,180023;-35,99534;SPRF-PB;DEL02-PB;UOP02-DEL02-PB
717626;11/09/2025;quinta-feira;14:10:00;RJ;101;333;RIO DE JANEIRO;Demais falhas mecânicas ou elétricas;Queda de ocupante de veículo;Com Vítimas Feridas;Pleno dia;Crescente;Céu Claro;Dupla;"Reta;Ponte";Não;2;0;1;0;1;0;1;1;-22,8787569;-43,2132386;SPRF-RJ;DEL02-RJ;UOP01-DEL02-RJ
717628;11/09/2025;quinta-feira;13:05:00;BA;407;4;JUAZEIRO;Transitar no Acostamento;Colisão transversal;Com Vítimas Feridas;Pleno dia;Decrescente;Céu Claro;Dupla;"Reta;Em Obras";Sim;2;0;1;0;1;0;1;2;-9,44046414;-40,49370512;SPRF-PE;DEL06-PE;UOP01-DEL06-PE
717632;11/09/2025;quinta-feira;14:00:00;MS;376;1;DOURADOS;Reação tardia ou ineficiente do condutor;Colisão traseira;Sem Vítimas;Pleno dia;Decrescente;Céu Claro;Simples;Rotatória;Não;2;0;0;0;2;0;0;2;-22,19532699;-54,69240401;SPRF-MS;DEL04-MS;UOP01-DEL04-MS
717633;11/09/2025;quinta-feira;09:30:00;MA;222;677;ACAILANDIA;Condutor deixou de manter distância do veículo da frente;Colisão traseira;Sem Vítimas;Pleno dia;Crescente;Sol;Simples;"Reta;Declive";Sim;2;0;0;0;2;0;0;2;-4,950076;-47,481336;SPRF-MA;DEL04-MA;UOP03-DEL04-MA
717637;11/09/2025;quinta-feira;15:40:00;ES;101;221,2;IBIRACU;Demais falhas mecânicas ou elétricas;Tombamento;Com Vítimas Feridas;Pleno dia;Crescente;Nublado;Simples;Reta;Não;2;0;1;0;1;0;1;1;-19,867377;-40,402486;SPRF-ES;DEL02-ES;UOP01-DEL02-ES
717640;11/09/2025;quinta-feira;15:30:00;SC;101;114;ITAJAI;Reação tardia ou ineficiente do condutor;Colisão traseira;Com Vítimas Feridas;Pleno dia;Crescente;Céu Claro;Dupla;Reta;Sim;2;0;0;1;1;0;1;2;-26,86826486;-48,73045336;SPRF-SC;DEL04-SC;UOP04-DEL04-SC
717642;11/09/2025;quinta-feira;13:10:00;RS;285;365,2;SALDANHA MARINHO;Condutor Dormindo;Colisão lateral sentido oposto;Com Vítimas Feridas;Pleno dia;Crescente;Sol;Simples;"Reta;Declive";Não;3;0;3;0;0;0;3;2;-28,38630353;-53,01640391;SPRF-RS;DEL08-RS;UOP03-DEL08-RS
717643;11/09/2025;quinta-feira;14:50:00;PB;230;158;CAMPINA GRANDE;Acessar a via sem observar a presença dos outros veículos;Colisão transversal;Com Vítimas Feridas;Pleno dia;Crescente;Nublado;Simples;"Reta;Em Obras";Sim;2;0;2;0;0;0;2;2;-7,256199;-35,929032;SPRF-PB;DEL02-PB;UOP01-DEL02-PB
717644;11/09/2025;quinta-feira;15:40:00;SP;381;66;MAIRIPORA;Ausência de reação do condutor;Colisão com objeto;Sem Vítimas;Pleno dia;Crescente;Céu Claro;Múltipla;Reta;Não;1;0;0;0;1;0;0;1;-23,32454304;-46,58025026;SPRF-SP;DEL03-SP;UOP01-DEL03-SP
717645;11/09/2025;quinta-feira;15:40:00;MG;354;735,5;POUSO ALTO;Acessar a via sem observar a presença dos outros veículos;Colisão traseira;Com Vítimas Feridas;Pleno dia;Decrescente;Sol;Simples;Reta;Sim;2;0;1;0;1;0;1;2;-22,19720101;-44,97364908;SPRF-MG;DEL17-MG;UOP01-DEL17-MG
717647;11/09/2025;quinta-feira;15:20:00;RS;285;281;MATO CASTELHANO;Acessar a via sem observar a presença dos outros veículos;Colisão transversal;Com Vítimas Feridas;Pleno dia;Crescente;Sol;Simples;Reta;Não;5;0;5;0;0;0;5;2;-28,24963586;-52,26421595;SPRF-RS;DEL08-RS;UOP03-DEL08-RS
717650;11/09/2025;quinta-feira;12:30:00;MG;267;208,6;BOM JARDIM DE MINAS;Falta de elemento de contenção que evite a saída do leito carroçável;Saída de leito carroçável;Com Vítimas Feridas;Pleno dia;Crescente;Nublado;Simples;"Aclive;Reta";Não;1;0;0;1;0;0;1;1;-21,9446045;-44,15942989;SPRF-MG;DEL05-MG;UOP01-DEL05-MG