id;data_inversa;dia_semana;horario;uf;br;km;municipio;causa_acidente;tipo_acidente;classificacao_acidente;fase_dia;sentido_via;condicao_metereologica;tipo_pista;tracado_via;uso_solo;pessoas;mortos;feridos_leves;feridos_graves;ilesos;ignorados;feridos;veiculos;latitude;longitude;regional;delegacia;uop
717769;12/09/2025;sexta-feira;08:00:00;RJ;116;285;BARRA MANSA;Reação tardia ou ineficiente do condutor;Colisão traseira;Com Vítimas Feridas;Pleno dia;Decrescente;Céu Claro;Dupla;Curva;Não;4;0;0;1;3;0;1;2;-22,50720106;-44,22236189;SPRF-RJ;DEL07-RJ;UOP02-DEL07-RJ
717770;12/09/2025;sexta-feira;07:45:00;RS;158;334;SANTA MARIA;Condutor deixou de manter distância do veículo da frente;Colisão traseira;Com Vítimas Feridas;Pleno dia;Decrescente;Céu Claro;Simples;Reta;Sim;2;0;1;0;1;0;1;2;-29,70874303;-53,86351535;SPRF-RS;DEL09-RS;UOP01-DEL09-RS
717771;12/09/2025;sexta-feira;08:20:00;ES;101;270,1;SERRA;Condutor deixou de manter distância do veículo da frente;Colisão traseira;Com Vítimas Feridas;Pleno dia;Decrescente;Nublado;Múltipla;Reta;Sim;2;0;1;0;1;0;1;2;-20,2276829;-40,2713021;SPRF-ES;DEL02-ES;UOP01-DEL02-ES
717772;12/09/2025;sexta-feira;08:10:00;PR;376;175,2;MARINGA;Ausência de reação do condutor;Colisão traseira;Sem Vítimas;Pleno dia;Decrescente;Céu Claro;Múltipla;Reta;Sim;2;0;0;0;2;0;0;2;-23,41308968;-51,94594342;SPRF-PR;DEL09-PR;UOP01-DEL09-PR
717773;12/09/2025;sexta-feira;07:30:00;RN;101;105,1;PARNAMIRIM;Reação tardia ou ineficiente do condutor;Colisão lateral mesmo sentido;Com Vítimas Feridas;Pleno dia;Decrescente;Céu Claro;Dupla;Reta;Sim;2;0;1;0;1;0;1;2;-5,900842;-35,258976;SPRF-RN;DEL01-RN;UOP01-DEL01-RN
717775;12/09/2025;sexta-feira;04:57:00;RO;435;101;COLORADO DO OESTE;Animais na Pista;Atropelamento de Animal;Com Vítimas Feridas;Amanhecer;Crescente;Nublado;Simples;"Reta;Declive";Não;1;0;0;1;0;0;1;1;-13,191743;-60,61869;SPRF-RO;DEL04-RO;UOP02-DEL04-RO
717776;12/09/2025;sexta-feira;06:30:00;DF;70;15;BRASILIA;Manobra de mudança de faixa;Colisão traseira;Com Vítimas Feridas;Pleno dia;Decrescente;Céu Claro;Dupla;Reta;Sim;2;0;1;0;1;0;1;2;-15,7962179;-48,20869446;SPRF-DF;DEL03-DF;UOP02-DEL03-DF
717778;12/09/2025;sexta-feira;08:10:00;MG;251;521,1;MONTES CLAROS;Acumulo de óleo sobre o pavimento;Queda de ocupante de veículo;Com Vítimas Feridas;Pleno dia;Crescente;Sol;Simples;"Aclive;Reta";Não;2;0;1;0;0;1;1;2;-16,667358;-43,787897;SPRF-MG;DEL12-MG;UOP01-DEL12-MG
717781;12/09/2025;sexta-feira;07:40:00;PI;316;3,5;TERESINA;Mal súbito do condutor;Colisão lateral mesmo sentido;Com Vítimas Feridas;Pleno dia;Crescente;Sol;Múltipla;Curva;Sim;2;0;1;0;1;0;1;2;-5,1375038;-42,7888846;SPRF-PI;DEL01-PI;UOP02-DEL01-PI
717783;12/09/2025;sexta-feira;07:00:00;MG;40;788,4;JUIZ DE FORA;Velocidade Incompatível;Saída de leito carroçável;Com Vítimas Feridas;Pleno dia;Crescente;Nublado;Dupla;Curva;Não;2;0;0;2;0;0;2;1;-21,7630333;-43,4411667;SPRF-MG;DEL05-MG;UOP01-DEL05-MG
717785;12/09/2025;sexta-feira;08:30:00;SC;101;199,4;SAO JOSE;Conversão proibida;Colisão lateral mesmo sentido;Com Vítimas Feridas;Pleno dia;Crescente;Sol;Múltipla;Reta;Sim;3;0;2;0;0;1;2;3;-27,536967;-48,626698;SPRF-SC;DEL01-SC;UOP01-DEL01-SC
717787;12/09/2025;sexta-feira;07:55:00;RS;285;425,1;PANAMBI;Objeto estático sobre o leito carroçável;Colisão lateral sentido oposto;Com Vítimas Feridas;Pleno dia;Crescente;Sol;Simples;Reta;Não;2;0;1;0;1;0;1;2;-28,3217;-53,604016;SPRF-RS;DEL10-RS;UOP01-DEL10-RS
717788;12/09/2025;sexta-feira;07:00:00;RO;364;314;PRESIDENTE MEDICI;Ausência de reação do condutor;Queda de ocupante de veículo;Com Vítimas Feridas;Amanhecer;Crescente;Ignorado;Simples;"Reta;Aclive";Não;2;0;1;0;0;1;1;2;-11,114122;-61,90155;SPRF-RO;DEL02-RO;UOP01-DEL02-RO
717789;12/09/2025;sexta-feira;06:59:00;MT;163;747;SORRISO;Acessar a via sem observar a presença dos outros veículos;Colisão transversal;Com Vítimas Feridas;Pleno dia;Crescente;Céu Claro;Dupla;Rotatória;Sim;2;0;1;0;1;0;1;2;-12,59284022;-55,74254662;SPRF-MT;DEL06-MT;UOP01-DEL06-MT
717791;12/09/2025;sexta-feira;09:05:00;SC;470;45,2;GASPAR;Conversão proibida;Colisão transversal;Com Vítimas Feridas;Pleno dia;Crescente;Nublado;Simples;"Interseção de Vias;Reta;Em Obras";Não;3;0;1;0;2;0;1;2;-26,86485;-49,03343;SPRF-SC;DEL04-SC;UOP01-DEL04-SC
717792;12/09/2025;sexta-feira;09:40:00;SP;381;79;SAO PAULO;Acumulo de óleo sobre o pavimento;Queda de ocupante de veículo;Com Vítimas Feridas;Pleno dia;Crescente;Céu Claro;Múltipla;"Curva;Declive";Sim;1;0;1;0;0;0;1;1;-23,41152957;-46,58173323;SPRF-SP;DEL03-SP;UOP01-DEL03-SP
717794;12/09/2025;sexta-feira;08:05:00;SC;101;314;LAGUNA;Ultrapassagem Indevida;Colisão lateral mesmo sentido;Com Vítimas Feridas;Pleno dia;Crescente;Céu Claro;Simples;Reta;Não;2;0;1;0;1;0;1;2;-28,42907785;-48,84736983;SPRF-SC;DEL02-SC;UOP01-DEL02-SC
717795;03/07/2025;quinta-feira;05:26:00;PI;343;2;TERESINA;Ausência de reação do condutor;Colisão com objeto;Com Vítimas Feridas;Amanhecer;Crescente;Céu Claro;Dupla;Reta;Sim;1;0;0;1;0;0;1;1;-5,0809767;-42,7769433;SPRF-PI;DEL01-PI;UOP01-DEL01-PI
717796;12/09/2025;sexta-feira;09:00:00;PE;408;78;PAUDALHO;Ausência de reação do condutor;Colisão traseira;Com Vítimas Feridas;Pleno dia;Crescente;Céu Claro;Dupla;Declive;Não;4;0;1;0;3;0;1;2;-7,95884;-35,09732;SPRF-PE;DEL01-PE;UOP01-DEL01-PE
717798;12/09/2025;sexta-feira;09:15:00;RJ;101;470;ANGRA DOS REIS;Desrespeitar a preferência no cruzamento;Colisão transversal;Com Vítimas Feridas;Pleno dia;Crescente;Nublado;Simples;Retorno Regulamentado;Sim;3;0;1;0;2;0;1;2;-22,99537519;-44,22992706;SPRF-RJ;DEL03-RJ;UOP03-DEL03-RJ
717800;12/09/2025;sexta-feira;10:15:00;BA;324;609,5;SIMOES FILHO;Condutor deixou de manter distância do veículo da frente;Engavetamento;Com Vítimas Feridas;Pleno dia;Crescente;Sol;Dupla;Reta;Sim;5;0;3;0;2;0;3;3;-12,8355347;-38,4128778;SPRF-BA;DEL01-BA;UOP01-DEL01-BA
717801;28/07/2025;segunda-feira;08:50:00;CE;116;10;FORTALEZA;Condutor deixou de manter distância do veículo da frente;Colisão traseira;Sem Vítimas;Pleno dia;Decrescente;Céu Claro;Múltipla;Reta;Sim;3;0;0;0;3;0;0;3;-3,8395976;-38,5007216;SPRF-CE;DEL01-CE;UOP02-DEL01-CE
717804;08/09/2025;segunda-feira;08:00:00;RO;364;817;PORTO VELHO;Condutor deixou de manter distância do veículo da frente;Colisão traseira;Com Vítimas Feridas;Pleno dia;Crescente;Céu Claro;Simples;Reta;Não;2;0;0;1;1;0;1;2;-9,26846027;-64,47694525;SPRF-RO;DEL01-RO;UOP02-DEL01-RO
717805;12/09/2025;sexta-feira;07:41:00;AC;364;123;RIO BRANCO;Manobra de mudança de faixa;Colisão transversal;Sem Vítimas;Pleno dia;Decrescente;Céu Claro;Dupla;Reta;Sim;2;0;0;0;2;0;0;2;-10,01217661;-67,76281927;SPRF-AC;DEL01-AC;UOP01-DEL01-AC
717806;12/09/2025;sexta-feira;10:00:00;DF;20;5,6;BRASILIA;Velocidade Incompatível;Saída de leito carroçável;Sem Vítimas;Pleno dia;Decrescente;Céu Claro;Múltipla;"Reta;Aclive";Sim;1;0;0;0;1;0;0;1;-15,67938227;-47,82654763;SPRF-DF;DEL02-DF;UOP01-DEL02-DF
717809;12/09/2025;sexta-feira;08:00:00;TO;153;658;GURUPI;Reação tardia ou ineficiente do condutor;Colisão traseira;Com Vítimas Feridas;Pleno dia;Crescente;Céu Claro;Simples;Reta;Não;2;0;2;0;0;0;2;1;-11,6040884;-49,0415311;SPRF-TO;DEL01-TO;UOP02-DEL01-TO
717810;12/09/2025;sexta-feira;10:55:00;ES;101;273,3;SERRA;Reação tardia ou ineficiente do condutor;Tombamento;Com Vítimas Feridas;Pleno dia;Crescente;Céu Claro;Dupla;Reta;Não;1;0;0;1;0;0;1;1;-20,125707;-40,34259922;SPRF-ES;DEL02-ES;UOP01-DEL02-ES
717812;12/09/2025;sexta-feira;11:10:00;MG;365;620;UBERLANDIA;Ausência de reação do condutor;Colisão traseira;Com Vítimas Feridas;Pleno dia;Crescente;Céu Claro;Dupla;"Reta;Declive";Sim;3;0;0;1;1;1;1;3;-18,88730489;-48,26810002;SPRF-MG;DEL15-MG;UOP01-DEL15-MG
717813;12/09/2025;sexta-feira;10:20:00;GO;153;506;APARECIDA DE GOIANIA;Acessar a via sem observar a presença dos outros veículos;Colisão lateral mesmo sentido;Com Vítimas Feridas;Pleno dia;Decrescente;Céu Claro;Dupla;Reta;Não;2;0;1;0;1;0;1;2;-16,7589266;-49,24054456;SPRF-GO;DEL01-GO;UOP01-DEL01-GO
717819;12/09/2025;sexta-feira;10:00:00;MG;267;279,9;AIURUOCA;Manobra de mudança de faixa;Colisão lateral mesmo sentido;Com Vítimas Feridas;Pleno dia;Crescente;Céu Claro;Simples;Reta;Não;5;0;1;1;2;1;2;3;-21,930925;-44,727085;SPRF-MG;DEL17-MG;UOP01-DEL17-MG
717820;12/09/2025;sexta-feira;10:50:00;RJ;40;108;DUQUE DE CAXIAS;Acumulo de óleo sobre o pavimento;Tombamento;Com Vítimas Feridas;Pleno dia;Crescente;Nublado;Dupla;Curva;Sim;2;0;1;0;1;0;1;1;-22,67185223;-43,28343837;SPRF-RJ;DEL01-RJ;UOP02-DEL01-RJ
717821;26/04/2025;sábado;13:30:00;MG;50;33,5;ARAGUARI;Velocidade Incompatível;Saída de leito carroçável;Com Vítimas Feridas;Pleno dia;Crescente;Nublado;Dupla;"Curva;Declive";Não;2;0;1;0;1;0;1;1;-18,644462;-48,126472;SPRF-MG;DEL15-MG;UOP02-DEL15-MG
717822;12/09/2025;sexta-feira;11:30:00;MG;365;621,2;UBERLANDIA;Manobra de mudança de faixa;Colisão lateral mesmo sentido;Com Vítimas Feridas;Pleno dia;Crescente;Céu Claro;Dupla;"Declive;Reta";Sim;2;0;1;0;1;0;1;2;-18,8948037;-48,2717818;SPRF-MG;DEL15-MG;UOP01-DEL15-MG
717824;12/09/2025;sexta-feira;13:00:00;PE;101;66,3;RECIFE;Manobra de mudança de faixa;Tombamento;Com Vítimas Feridas;Pleno dia;Decrescente;Céu Claro;Dupla;Reta;Sim;1;0;1;0;0;0;1;1;-8,03595;-34,9414;SPRF-PE;DEL01-PE;UOP01-DEL01-PE
717825;08/09/2025;segunda-feira;17:05:00;SC;470;121,9;IBIRAMA;Demais falhas mecânicas ou elétricas;Incêndio;Sem Vítimas;Pleno dia;Crescente;Nublado;Simples;"Reta;Aclive";Sim;1;0;0;0;1;0;0;1;-27,10113308;-49,5265588;SPRF-SC;DEL04-SC;UOP02-DEL04-SC
717826;12/09/2025;sexta-feira;11:45:00;MG;116;233;TEOFILO OTONI;Ultrapassagem Indevida;Colisão lateral mesmo sentido;Com Vítimas Feridas;Pleno dia;Decrescente;Sol;Simples;"Reta;Aclive";Não;3;0;2;0;0;1;2;2;-17,51165;-41,48636;SPRF-MG;DEL11-MG;UOP01-DEL11-MG
717827;12/09/2025;sexta-feira;09:40:00;PI;135;328;CRISTINO CASTRO;Acessar a via sem observar a presença dos outros veículos;Colisão lateral mesmo sentido;Com Vítimas Feridas;Pleno dia;Crescente;Céu Claro;Simples;"Interseção de Vias;Reta";Não;5;0;1;0;1;3;1;2;-8,866922;-44,239902;SPRF-PI;DEL03-PI;UOP02-DEL03-PI
717830;28/08/2025;quinta-feira;19:20:00;PR;469;16;FOZ DO IGUACU;Reação tardia ou ineficiente do condutor;Saída de leito carroçável;Com Vítimas Feridas;Plena Noite;Decrescente;Céu Claro;Simples;"Em Obras;Reta;Aclive";Sim;2;0;2;0;0;0;2;1;-25,5818132;-54,52735465;SPRF-PR;DEL05-PR;UOP04-DEL05-PR
717831;11/06/2025;quarta-feira;10:30:00;PR;163;35;SANTO ANTONIO DO SUDOESTE;Manobra de mudança de faixa;Colisão transversal;Com Vítimas Feridas;Pleno dia;Decrescente;Céu Claro;Simples;Reta;Sim;3;0;0;1;2;0;1;2;-26,059449;-53,721794;SPRF-PR;DEL02-PR;UOP02-DEL02-PR
717832;12/09/2025;sexta-feira;13:45:00;RJ;101;321;NITEROI;Condutor deixou de manter distância do veículo da frente;Colisão traseira;Com Vítimas Feridas;Pleno dia;Crescente;Nublado;Dupla;Reta;Sim;4;0;1;0;2;1;1;3;-22,87095582;-43,11069489;SPRF-RJ;DEL02-RJ;UOP01-DEL02-RJ
717836;12/09/2025;sexta-feira;12:20:00;RS;470;232;CARLOS BARBOSA;Acessar a via sem observar a presença dos outros veículos;Colisão traseira;Com Vítimas Fatais;Pleno dia;Decrescente;Céu Claro;Simples;"Interseção de Vias;Retorno Regulamentado;Reta;Aclive";Não;5;1;0;1;1;2;1;3;-29,29861398;-51,48065535;SPRF-RS;DEL06-RS;UOP01-DEL06-RS
717837;12/09/2025;sexta-feira;12:45:00;PB;427;37,8;POMBAL;Transitar na contramão;Colisão frontal;Com Vítimas Feridas;Pleno dia;Decrescente;Céu Claro;Simples;Reta;Sim;3;0;0;1;2;0;1;2;-6,769092;-37,794755;SPRF-PB;DEL03-PB;UOP02-DEL03-PB
717842;12/09/2025;sexta-feira;11:20:00;PR;277;111;CAMPO LARGO;Reação tardia ou ineficiente do condutor;Queda de ocupante de veículo;Com Vítimas Feridas;Pleno dia;Decrescente;Sol;Dupla;"Reta;Declive";Não;1;0;1;0;0;0;1;1;-25,43330937;-49,40485088;SPRF-PR;DEL03-PR;UOP03-DEL03-PR
717844;12/09/2025;sexta-feira;13:35:00;SC;101;116,9;ITAJAI;Manobra de mudança de faixa;Colisão transversal;Com Vítimas Feridas;Pleno dia;Crescente;Céu Claro;Dupla;Reta;Sim;3;0;0;1;2;0;1;2;-26,88144982;-48,72522354;SPRF-SC;DEL04-SC;UOP04-DEL04-SC
717846;12/09/2025;sexta-feira;14:34:00;SP;116;295;ITAPECERICA DA SERRA;Trafegar com motocicleta (ou similar) entre as faixas;Colisão traseira;Com Vítimas Feridas;Pleno dia;Crescente;Nublado;Dupla;Reta;Não;2;0;0;1;1;0;1;2;-23,7697915;-46,91066758;SPRF-SP;DEL04-SP;UOP01-DEL04-SP
717849;12/09/2025;sexta-feira;14:35:00;PB;230;23;JOAO PESSOA;Ausência de reação do condutor;Colisão traseira;Com Vítimas Feridas;Pleno dia;Decrescente;Céu Claro;Dupla;Reta;Sim;3;0;1;1;1;0;2;3;-7,1626711;-34,8600579;SPRF-PB;DEL01-PB;UOP01-DEL01-PB
717850;12/09/2025;sexta-feira;13:55:00;SC;101;409,5;ARARANGUA;Ausência de reação do condutor;Colisão com objeto;Com Vítimas Feridas;Pleno dia;Decrescente;Céu Claro;Dupla;Reta;Não;1;0;1;0;0;0;1;1;-28,92584;-49,50869;SPRF-SC;DEL02-SC;UOP02-DEL02-SC
717852;12/09/2025;sexta-feira;14:50:00;SP;101;40,6;UBATUBA;Acessar a via sem observar a presença dos outros veículos;Colisão transversal;Com Vítimas Feridas;Pleno dia;Crescente;Nublado;Simples;Reta;Não;2;0;1;0;1;0;1;2;-23,41785776;-45,03874303;SPRF-SP;DEL06-SP;UOP01-DEL06-SP
717853;12/09/2025;sexta-feira;14:20:00;BA;324;567;SAO SEBASTIAO DO PASSE;Condutor deixou de manter distância do veículo da frente;Colisão lateral mesmo sentido;Com Vítimas Feridas;Pleno dia;Decrescente;Céu Claro;Dupla;Reta;Não;3;0;2;0;1;0;2;2;-12,5394906;-38,589788;SPRF-BA;DEL01-BA;UOP01-DEL01-BA
717854;12/09/2025;sexta-feira;13:45:00;RS;153;52,2;ERECHIM;Conversão proibida;Colisão transversal;Com Vítimas Feridas;Pleno dia;Crescente;Céu Claro;Simples;Reta;Sim;3;0;1;0;2;0;1;2;-27,6650235;-52,28904817;SPRF-RS;DEL08-RS;UOP04-DEL08-RS
717856;12/09/2025;sexta-feira;13:00:00;DF;20;3;BRASILIA;Acessar a via sem observar a presença dos outros veículos;Colisão lateral mesmo sentido;Com Vítimas Feridas;Pleno dia;Crescente;Céu Claro;Dupla;Reta;Sim;2;0;1;0;1;0;1;2;-15,5821716;-47,535729;SPRF-DF;DEL02-DF;UOP01-DEL02-DF
717857;12/09/2025;sexta-feira;15:30:00;RS;290;91;PORTO ALEGRE;Condutor deixou de manter distância do veículo da frente;Engavetamento;Sem Vítimas;Pleno dia;Crescente;Céu Claro;Múltipla;Reta;Não;6;0;0;0;6;0;0;3;-29,96897259;-51,16903026;SPRF-RS;DEL01-RS;UOP01-DEL01-RS
717858;12/09/2025;sexta-feira;15:15:00;RJ;116;108;GUAPIMIRIM;Acessar a via sem observar a presença dos outros veículos;Colisão transversal;Com Vítimas Feridas;Pleno dia;Decrescente;Céu Claro;Múltipla;"Reta;Retorno Regulamentado;Interseção de Vias";Sim;3;0;1;0;2;0;1;2;-22,53364195;-42,99331922;SPRF-RJ;DEL04-RJ;UOP01-DEL04-RJ
717860;12/09/2025;sexta-feira;15:10:00;PR;376;137,1;NOVA ESPERANCA;Manobra de mudança de faixa;Colisão traseira;Sem Vítimas;Pleno dia;Decrescente;Céu Claro;Dupla;Reta;Não;2;0;0;0;2;0;0;2;-23,21170144;-52,19042762;SPRF-PR;DEL09-PR;UOP02-DEL09-PR
717861;12/09/2025;sexta-feira;16:05:00;RS;290;92;PORTO ALEGRE;Reação tardia ou ineficiente do condutor;Colisão traseira;Com Vítimas Feridas;Pleno dia;Decrescente;Céu Claro;Múltipla;Reta;Sim;2;0;1;0;1;0;1;2;-29,97128015;-51,18206897;SPRF-RS;DEL01-RS;UOP01-DEL01-RS
717862;12/09/2025;sexta-feira;13:15:00;RS;153;5,7;CACHOEIRA DO SUL;Condutor deixou de manter distância do veículo da frente;Colisão traseira;Com Vítimas Feridas;Pleno dia;Decrescente;Sol;Simples;Reta;Sim;2;0;1;0;1;0;1;2;-30,01543509;-52,87398783;SPRF-RS;DEL02-RS;UOP03-DEL02-RS
717863;12/09/2025;sexta-feira;13:10:00;BA;110;226;NOVA SOURE;Acessar a via sem observar a presença dos outros veículos;Colisão transversal;Com Vítimas Feridas;Pleno dia;Crescente;Céu Claro;Simples;Reta;Não;2;0;0;1;1;0;1;2;-11,27475144;-38,44189435;SPRF-BA;DEL07-BA;UOP02-DEL07-BA
717866;12/09/2025;sexta-feira;14:20:00;PB;104;99,8;ESPERANCA;Ingestão de álcool pelo condutor;Colisão com objeto;Com Vítimas Feridas;Pleno dia;Crescente;Sol;Simples;"Curva;Declive";Não;1;0;1;0;0;0;1;1;-7,036955;-35,859897;SPRF-PB;DEL02-PB;UOP04-DEL02-PB
717867;12/09/2025;sexta-feira;14:40:00;RN;304;218,6;CAICARA DO RIO DO VENTO;Acessar a via sem observar a presença dos outros veículos;Colisão transversal;Com Vítimas Feridas;Pleno dia;Decrescente;Céu Claro;Simples;Reta;Sim;2;0;1;0;1;0;1;2;-5,757205;-36,0015;SPRF-RN;DEL01-RN;UOP03-DEL01-RN
717868;12/09/2025;sexta-feira;11:40:00;MA;135;19;SAO LUIS;Acessar a via sem observar a presença dos outros veículos;Colisão transversal;Com Vítimas Feridas;Pleno dia;Crescente;Céu Claro;Simples;Reta;Sim;2;0;1;0;1;0;1;2;-2,565048;-44,335948;SPRF-MA;DEL01-MA;UOP01-DEL01-MA
717869;12/09/2025;sexta-feira;16:05:00;CE;20;402;CAUCAIA;Acessar a via sem observar a presença dos outros veículos;Colisão transversal;Com Vítimas Feridas;Pleno dia;Crescente;Céu Claro;Simples;"Reta;Interseção de Vias";Sim;6;0;5;0;1;0;5;2;-3,78625847;-38,69778514;SPRF-CE;DEL01-CE;UOP01-DEL01-CE
717872;12/09/2025;sexta-feira;10:40:00;SC;280;99,2;SAO BENTO DO SUL;Pista Escorregadia;Saída de leito carroçável;Com Vítimas Feridas;Pleno dia;Crescente;Céu Claro;Simples;Curva;Não;1;0;0;1;0;0;1;1;-26,371535;-49,331582;SPRF-SC;DEL06-SC;UOP03-DEL06-SC
717873;12/09/2025;sexta-feira;15:10:00;MS;163;475,9;CAMPO GRANDE;Condutor deixou de manter distância do veículo da frente;Colisão traseira;Sem Vítimas;Pleno dia;Crescente;Céu Claro;Simples;Reta;Sim;3;0;0;0;3;0;0;2;-20,514507;-54,562924;SPRF-MS;DEL01-MS;UOP01-DEL01-MS
717874;12/09/2025;sexta-feira;16:40:00;RJ;101;205;CASIMIRO DE ABREU;Acessar a via sem observar a presença dos outros veículos;Colisão transversal;Com Vítimas Feridas;Pleno dia;Crescente;Nublado;Simples;"Reta;Interseção de Vias";Sim;3;0;1;0;2;0;1;2;-22,475777;-42,192368;SPRF-RJ;DEL08-RJ;UOP04-DEL08-RJ
717875;12/09/2025;sexta-feira;15:00:00;MG;381;794;SAO GONCALO DO SAPUCAI;Reação tardia ou ineficiente do condutor;Saída de leito carroçável;Sem Vítimas;Pleno dia;Crescente;Céu Claro;Dupla;Reta;Não;1;0;0;0;1;0;0;1;-21,908886;-45,568212;SPRF-MG;DEL16-MG;UOP02-DEL16-MG
717877;12/09/2025;sexta-feira;16:40:00;RS;392;324,9;SAO SEPE;Demais falhas mecânicas ou elétricas;Tombamento;Com Vítimas Feridas;Pleno dia;Decrescente;Céu Claro;Simples;Curva;Não;3;0;2;0;1;0;2;2;-29,943608;-53,705237;SPRF-RS;DEL09-RS;UOP01-DEL09-RS
717878;12/09/2025;sexta-feira;16:40:00;BA;415;52;ITABUNA;Reação tardia ou ineficiente do condutor;Colisão traseira;Com Vítimas Feridas;Pleno dia;Crescente;Céu Claro;Simples;Reta;Sim;3;0;1;0;2;0;1;2;-14,8442109;-39,3360069;SPRF-BA;DEL05-BA;UOP01-DEL05-BA
717879;07/09/2025;domingo;13:10:00;BA;116;462,1;SANTO ESTEVAO;Reação tardia ou ineficiente do condutor;Colisão lateral mesmo sentido;Com Vítimas Feridas;Pleno dia;Decrescente;Céu Claro;Dupla;"Reta;Aclive";Sim;2;0;0;1;1;0;1;2;-12,450792;-39,25095;SPRF-BA;DEL02-BA;UOP01-DEL02-BA
717880;12/09/2025;sexta-feira;17:50:00;RS;116;267;CANOAS;Condutor deixou de manter distância do veículo da frente;Colisão lateral mesmo sentido;Com Vítimas Feridas;Pleno dia;Decrescente;Céu Claro;Dupla;Reta;Sim;3;0;1;0;2;0;1;2;-29,93269013;-51,17742021;SPRF-RS;DEL01-RS;UOP01-DEL01-RS
717881;12/09/2025;sexta-feira;14:40:00;PR;277;576,9;CASCAVEL;Manobra de mudança de faixa;Colisão lateral mesmo sentido;Com Vítimas Feridas;Pleno dia;Decrescente;Céu Claro;Dupla;Reta;Não;3;0;2;0;1;0;2;2;-24,9850272;-53,34148882;SPRF-PR;DEL04-PR;UOP01-DEL04-PR
717882;12/09/2025;sexta-feira;15:30:00;GO;20;94;VILA BOA;Fumaça;Incêndio;Sem Vítimas;Pleno dia;Crescente;Céu Claro;Simples;Reta;Não;1;0;0;0;0;1;0;1;-14,983032;-47,020199;SPRF-DF;DEL02-DF;UOP02-DEL02-DF
717883;12/09/2025;sexta-feira;16:50:00;MG;381;445,1;SABARA;Manobra de mudança de faixa;Colisão lateral mesmo sentido;Com Vítimas Feridas;Pleno dia;Decrescente;Céu Claro;Simples;Reta;Sim;2;0;1;0;1;0;1;2;-19,83461943;-43,85764718;SPRF-MG;DEL01-MG;UOP01-DEL01-MG
717884;12/09/2025;sexta-feira;17:50:00;BA;324;619;SALVADOR;Avarias e/ou desgaste excessivo no pneu;Queda de ocupante de veículo;Com Vítimas Feridas;Anoitecer;Decrescente;Céu Claro;Múltipla;Reta;Sim;2;0;1;0;1;0;1;1;-12,9069278;-38,4506522;SPRF-BA;DEL01-BA;UOP01-DEL01-BA
717885;04/05/2025;domingo;20:40:00;PR;476;146;CURITIBA;Ausência de reação do condutor;Atropelamento de Pedestre;Com Vítimas Feridas;Plena Noite;Decrescente;Céu Claro;Dupla;Reta;Não;2;0;1;0;0;1;1;2;-25,55427894;-49,33813747;SPRF-PR;DEL01-PR;UOP06-DEL01-PR
717886;12/09/2025;sexta-feira;17:10:00;MG;356;264,7;MURIAE;Velocidade Incompatível;Saída de leito carroçável;Com Vítimas Feridas;Pleno dia;Decrescente;Nublado;Simples;Curva;Sim;1;0;1;0;0;0;1;1;-21,12421663;-42,37941742;SPRF-MG;DEL07-MG;UOP02-DEL07-MG
717887;12/09/2025;sexta-feira;16:40:00;BA;110;395;SAO SEBASTIAO DO PASSE;Reação tardia ou ineficiente do condutor;Saída de leito carroçável;Sem Vítimas;Anoitecer;Crescente;Céu Claro;Dupla;Reta;Sim;1;0;0;0;1;0;0;1;-12,5112154;-38,49617;SPRF-BA;DEL01-BA;UOP01-DEL01-BA
717889;12/09/2025;sexta-feira;16:50:00;BA;330;814,6;JITAUNA;Acessar a via sem observar a presença dos outros veículos;Colisão transversal;Com Vítimas Feridas;Pleno dia;Decrescente;Céu Claro;Simples;Reta;Sim;4;0;1;0;3;0;1;2;-14,013767;-39,892;SPRF-BA;DEL03-BA;UOP01-DEL03-BA
717890;12/09/2025;sexta-feira;17:50:00;BA;324;537;AMELIA RODRIGUES;Acessar a via sem observar a presença dos outros veículos;Colisão transversal;Com Vítimas Feridas;Plena Noite;Crescente;Céu Claro;Dupla;Reta;Sim;2;0;1;0;1;0;1;2;-12,3783954;-38,802179;SPRF-BA;DEL01-BA;UOP03-DEL01-BA
717892;12/09/2025;sexta-feira;18:30:00;RS;116;485,8;TURUCU;Conversão proibida;Colisão frontal;Com Vítimas Feridas;Anoitecer;Crescente;Céu Claro;Simples;Reta;Sim;3;0;1;0;2;0;1;2;-31,43804;-52,19271;SPRF-RS;DEL07-RS;UOP01-DEL07-RS
717893;12/09/2025;sexta-feira;17:23:00;PE;104;54;CARUARU;Reação tardia ou ineficiente do condutor;Colisão traseira;Com Vítimas Feridas;Anoitecer;Decrescente;Céu Claro;Dupla;Reta;Sim;3;0;2;0;1;0;2;2;-8,17605;-35,97142;SPRF-PE;DEL02-PE;UOP01-DEL02-PE
717894;12/09/2025;sexta-feira;17:22:00;RJ;116;148;DUQUE DE CAXIAS;Demais falhas mecânicas ou elétricas;Queda de ocupante de veículo;Com Vítimas Feridas;Pleno dia;Crescente;Nublado;Dupla;Reta;Sim;1;0;1;0;0;0;1;1;-22,67219085;-43,28131638;SPRF-RJ;DEL01-RJ;UOP02-DEL01-RJ