id;data_inversa;dia_semana;horario;uf;br;km;municipio;causa_acidente;tipo_acidente;classificacao_acidente;fase_dia;sentido_via;condicao_metereologica;tipo_pista;tracado_via;uso_solo;pessoas;mortos;feridos_leves;feridos_graves;ilesos;ignorados;feridos;veiculos;latitude;longitude;regional;delegacia;uop
717895;12/09/2025;sexta-feira;18:10:00;SC;101;213,9;PALHOCA;Acessar a via sem observar a presença dos outros veículos;Colisão lateral mesmo sentido;Com Vítimas Feridas;Plena Noite;Crescente;Céu Claro;Dupla;Reta;Sim;5;0;3;0;2;0;3;4;-27,6438;-48,67029;SPRF-SC;DEL01-SC;UOP02-DEL01-SC
717897;12/09/2025;sexta-feira;16:20:00;RJ;40;111;DUQUE DE CAXIAS;Trafegar com motocicleta (ou similar) entre as faixas;Colisão lateral mesmo sentido;Com Vítimas Feridas;Anoitecer;Decrescente;Céu Claro;Múltipla;Reta;Sim;3;0;1;0;2;0;1;3;-22,69467822;-43,28814659;SPRF-RJ;DEL01-RJ;UOP02-DEL01-RJ
717898;12/09/2025;sexta-feira;17:15:00;SC;282;3;FLORIANOPOLIS;Trafegar com motocicleta (ou similar) entre as faixas;Colisão lateral mesmo sentido;Com Vítimas Feridas;Anoitecer;Decrescente;Céu Claro;Múltipla;Reta;Sim;2;0;1;0;1;0;1;2;-27,59754166;-48,60068321;SPRF-SC;DEL01-SC;UOP01-DEL01-SC
717900;12/09/2025;sexta-feira;18:35:00;PB;230;23;JOAO PESSOA;Demais falhas mecânicas ou elétricas;Queda de ocupante de veículo;Com Vítimas Feridas;Plena Noite;Decrescente;Céu Claro;Dupla;Reta;Sim;2;0;1;0;1;0;1;1;-7,156072;-34,857312;SPRF-PB;DEL01-PB;UOP01-DEL01-PB
717901;12/09/2025;sexta-feira;17:45:00;MT;364;272;JACIARA;Ausência de reação do condutor;Colisão traseira;Com Vítimas Feridas;Anoitecer;Crescente;Ignorado;Dupla;Reta;Sim;4;0;1;0;3;0;1;4;-15,96139774;-54,96619821;SPRF-MT;DEL05-MT;UOP02-DEL05-MT
717902;12/09/2025;sexta-feira;18:20:00;RJ;101;452;MANGARATIBA;Manobra de mudança de faixa;Colisão frontal;Com Vítimas Fatais;Plena Noite;Crescente;Nublado;Simples;"Curva;Declive";Não;3;3;0;0;0;0;0;2;-23,03121594;-44,134396;SPRF-RJ;DEL03-RJ;UOP02-DEL03-RJ
717903;12/09/2025;sexta-feira;18:10:00;SC;282;535;CHAPECO;Acessar a via sem observar a presença dos outros veículos;Colisão transversal;Com Vítimas Feridas;Anoitecer;Decrescente;Céu Claro;Simples;Rotatória;Não;2;0;1;0;1;0;1;2;-26,99932757;-52,64578175;SPRF-SC;DEL07-SC;UOP01-DEL07-SC
717906;12/09/2025;sexta-feira;18:45:00;GO;40;4,7;VALPARAISO DE GOIAS;Manobra de mudança de faixa;Colisão lateral mesmo sentido;Com Vítimas Feridas;Plena Noite;Crescente;Céu Claro;Dupla;Reta;Sim;2;0;1;0;1;0;1;2;-16,09118741;-47,98329145;SPRF-DF;DEL01-DF;UOP01-DEL01-DF
717909;12/09/2025;sexta-feira;19:15:00;MG;381;447,8;BELO HORIZONTE;Transitar no Acostamento;Colisão transversal;Com Vítimas Feridas;Anoitecer;Decrescente;Céu Claro;Simples;Reta;Sim;2;0;0;1;1;0;1;2;-19,84012977;-43,87643337;SPRF-MG;DEL01-MG;UOP01-DEL01-MG
717911;12/09/2025;sexta-feira;19:15:00;PR;277;595;CASCAVEL;Ingestão de álcool pelo condutor;Colisão transversal;Sem Vítimas;Plena Noite;Decrescente;Céu Claro;Simples;Reta;Sim;2;0;0;0;2;0;0;2;-24,9803668;-53,5010669;SPRF-PR;DEL04-PR;UOP01-DEL04-PR
717912;12/09/2025;sexta-feira;18:50:00;PR;116;210;RIO NEGRO;Ausência de reação do condutor;Queda de ocupante de veículo;Com Vítimas Feridas;Plena Noite;Decrescente;Céu Claro;Simples;Reta;Não;1;0;1;0;0;0;1;1;-26,10920376;-49,78351593;SPRF-SC;DEL06-SC;UOP01-DEL06-SC
717913;12/09/2025;sexta-feira;19:30:00;PE;232;9,5;JABOATAO DOS GUARARAPES;Manobra de mudança de faixa;Colisão traseira;Com Vítimas Feridas;Plena Noite;Decrescente;Céu Claro;Dupla;Reta;Sim;3;0;1;0;2;0;1;2;-8,07893939;-34,9840614;SPRF-PE;DEL01-PE;UOP01-DEL01-PE
717914;12/09/2025;sexta-feira;19:30:00;PE;101;46;IGARASSU;Entrada inopinada do pedestre;Atropelamento de Pedestre;Com Vítimas Feridas;Plena Noite;Crescente;Céu Claro;Múltipla;Reta;Sim;3;0;1;0;2;0;1;2;-7,87550566;-34,90587438;SPRF-PE;DEL01-PE;UOP02-DEL01-PE
717915;12/09/2025;sexta-feira;19:15:00;RS;116;143;CAXIAS DO SUL;Condutor deixou de manter distância do veículo da frente;Colisão traseira;Sem Vítimas;Plena Noite;Crescente;Céu Claro;Dupla;"Interseção de Vias;Reta";Sim;4;0;0;0;3;1;0;3;-29,1217401;-51,1221871;SPRF-RS;DEL05-RS;UOP01-DEL05-RS
717916;12/09/2025;sexta-feira;18:05:00;MG;50;46;ARAGUARI;Ausência de reação do condutor;Tombamento;Com Vítimas Feridas;Anoitecer;Decrescente;Céu Claro;Dupla;Curva;Não;3;0;2;0;1;0;2;2;-18,72234872;-48,20388794;SPRF-MG;DEL15-MG;UOP02-DEL15-MG
717917;12/09/2025;sexta-feira;17:55:00;MS;60;425;SIDROLANDIA;Ausência de reação do condutor;Colisão lateral mesmo sentido;Com Vítimas Feridas;Plena Noite;Decrescente;Céu Claro;Dupla;Reta;Sim;3;0;1;0;2;0;1;3;-20,932988;-54,959648;SPRF-MS;DEL01-MS;UOP04-DEL01-MS
717918;12/09/2025;sexta-feira;19:30:00;RS;392;14,5;RIO GRANDE;Ausência de reação do condutor;Queda de ocupante de veículo;Com Vítimas Feridas;Plena Noite;Decrescente;Céu Claro;Dupla;Reta;Não;1;0;0;1;0;0;1;1;-32,11456704;-52,1579361;SPRF-RS;DEL07-RS;UOP02-DEL07-RS
717919;12/09/2025;sexta-feira;19:30:00;DF;60;3;BRASILIA;Trafegar com motocicleta (ou similar) entre as faixas;Colisão traseira;Com Vítimas Fatais;Plena Noite;Crescente;Céu Claro;Dupla;Reta;Sim;6;1;1;0;4;0;1;3;-15,889844;-48,085793;SPRF-DF;DEL03-DF;UOP01-DEL03-DF
717920;12/09/2025;sexta-feira;18:15:00;MS;163;482,3;CAMPO GRANDE;Ausência de reação do condutor;Colisão traseira;Com Vítimas Feridas;Plena Noite;Decrescente;Céu Claro;Simples;Reta;Sim;3;0;0;1;2;0;1;3;-20,4612;-54,551841;SPRF-MS;DEL01-MS;UOP02-DEL01-MS
717921;12/09/2025;sexta-feira;18:40:00;RJ;101;504;ANGRA DOS REIS;Acessar a via sem observar a presença dos outros veículos;Colisão transversal;Com Vítimas Feridas;Plena Noite;Crescente;Céu Claro;Simples;Reta;Sim;5;0;2;0;3;0;2;2;-22,92091265;-44,32552684;SPRF-RJ;DEL03-RJ;UOP03-DEL03-RJ
717922;12/09/2025;sexta-feira;19:45:00;MG;381;483,7;BETIM;Ausência de reação do condutor;Colisão traseira;Com Vítimas Feridas;Plena Noite;Crescente;Céu Claro;Dupla;Reta;Sim;2;0;1;1;0;0;2;2;-19,9596157;-44,08568762;SPRF-MG;DEL01-MG;UOP03-DEL01-MG
717923;12/09/2025;sexta-feira;19:41:00;RS;153;48,9;ERECHIM;Entrada inopinada do pedestre;Atropelamento de Pedestre;Com Vítimas Feridas;Plena Noite;Decrescente;Céu Claro;Simples;Reta;Sim;2;0;1;0;1;0;1;2;-27,65337683;-52,26071839;SPRF-RS;DEL08-RS;UOP04-DEL08-RS
717924;12/09/2025;sexta-feira;19:50:00;ES;262;103;VENDA NOVA DO IMIGRANTE;Reação tardia ou ineficiente do condutor;Tombamento;Com Vítimas Feridas;Plena Noite;Crescente;Nublado;Simples;Rotatória;Sim;1;0;1;0;0;0;1;1;-20,33250804;-41,12929885;SPRF-ES;DEL01-ES;UOP02-DEL01-ES
717925;12/09/2025;sexta-feira;19:00:00;PR;277;32;MORRETES;Ausência de reação do condutor;Saída de leito carroçável;Com Vítimas Feridas;Plena Noite;Crescente;Céu Claro;Dupla;Reta;Não;1;0;1;0;0;0;1;1;-25,547373;-48,790559;SPRF-PR;DEL01-PR;UOP05-DEL01-PR
717928;12/09/2025;sexta-feira;19:39:00;SE;101;102;SAO CRISTOVAO;Avarias e/ou desgaste excessivo no pneu;Colisão com objeto;Sem Vítimas;Plena Noite;Decrescente;Céu Claro;Dupla;Reta;Não;5;0;0;0;5;0;0;1;-10,95663;-37,2268;SPRF-SE;DEL02-SE;UOP01-DEL02-SE
717929;12/09/2025;sexta-feira;16:30:00;RR;174;592;AMAJARI;Carga excessiva e/ou mal acondicionada;Capotamento;Com Vítimas Fatais;Pleno dia;Crescente;Céu Claro;Simples;Reta;Não;1;1;0;0;0;0;0;1;3,590673;-60,95491;SPRF-RR;DEL01-RR;UOP01-DEL01-RR
717931;12/09/2025;sexta-feira;20:30:00;ES;262;17,2;VIANA;Ausência de reação do condutor;Colisão transversal;Com Vítimas Feridas;Plena Noite;Decrescente;Céu Claro;Simples;Reta;Sim;3;0;0;1;2;0;1;3;-20,3879314;-40,476268;SPRF-ES;DEL01-ES;UOP01-DEL01-ES
717933;12/09/2025;sexta-feira;20:00:00;BA;242;814;BARREIRAS;Ingestão de álcool pelo condutor;Colisão transversal;Com Vítimas Feridas;Plena Noite;Decrescente;Céu Claro;Simples;Reta;Não;4;0;2;0;2;0;2;3;-12,10194;-44,97255;SPRF-BA;DEL10-BA;UOP01-DEL10-BA
717934;12/09/2025;sexta-feira;18:00:00;AC;364;105;RIO BRANCO;Demais falhas na via;Tombamento;Com Vítimas Feridas;Amanhecer;Decrescente;Nublado;Simples;Reta;Não;1;0;0;1;0;0;1;1;-10,03376687;-67,63080597;SPRF-AC;DEL01-AC;UOP01-DEL01-AC
717935;12/09/2025;sexta-feira;18:35:00;PR;116;111;CURITIBA;Ausência de reação do condutor;Colisão traseira;Com Vítimas Feridas;Plena Noite;Crescente;Nublado;Dupla;Reta;Não;2;0;1;0;1;0;1;2;-25,566544;-49,240523;SPRF-PR;DEL01-PR;UOP03-DEL01-PR
717936;12/09/2025;sexta-feira;19:30:00;BA;116;811,5;VITORIA DA CONQUISTA;Reação tardia ou ineficiente do condutor;Engavetamento;Com Vítimas Feridas;Plena Noite;Crescente;Céu Claro;Simples;Reta;Não;3;0;1;0;2;0;1;3;-14,80157243;-40,77639051;SPRF-BA;DEL08-BA;UOP01-DEL08-BA
717937;12/09/2025;sexta-feira;20:00:00;MG;146;486;POCOS DE CALDAS;Acessar a via sem observar a presença dos outros veículos;Colisão lateral mesmo sentido;Sem Vítimas;Plena Noite;Decrescente;Céu Claro;Dupla;Reta;Sim;2;0;0;0;2;0;0;2;-21,808654;-46,470046;SPRF-MG;DEL09-MG;UOP01-DEL09-MG
717938;12/09/2025;sexta-feira;18:06:00;PA;163;9;NOVO PROGRESSO;Ausência de reação do condutor;Colisão traseira;Com Vítimas Feridas;Plena Noite;Crescente;Céu Claro;Simples;Reta;Não;1;0;1;0;0;0;1;1;-9,490197;-54,858687;SPRF-MT;DEL06-MT;UOP03-DEL06-MT
717939;12/09/2025;sexta-feira;20:30:00;SC;101;212,9;PALHOCA;Entrada inopinada do pedestre;Atropelamento de Pedestre;Com Vítimas Feridas;Plena Noite;Crescente;Céu Claro;Simples;"Interseção de Vias;Reta";Sim;2;0;0;1;1;0;1;2;-27,63749711;-48,66574287;SPRF-SC;DEL01-SC;UOP02-DEL01-SC
717940;12/09/2025;sexta-feira;20:20:00;PR;476;151;ARAUCARIA;Ausência de reação do condutor;Colisão lateral mesmo sentido;Com Vítimas Feridas;Plena Noite;Crescente;Céu Claro;Dupla;Curva;Sim;2;0;0;1;1;0;1;2;-25,56626662;-49,38057153;SPRF-PR;DEL01-PR;UOP06-DEL01-PR
717941;12/09/2025;sexta-feira;20:50:00;SC;101;153;PORTO BELO;Condutor deixou de manter distância do veículo da frente;Engavetamento;Com Vítimas Feridas;Plena Noite;Crescente;Nublado;Dupla;Reta;Sim;3;0;1;0;2;0;1;3;-27,143976;-48,610481;SPRF-SC;DEL04-SC;UOP03-DEL04-SC
717942;12/09/2025;sexta-feira;19:30:00;RO;364;197;PIMENTA BUENO;Manobra de mudança de faixa;Colisão lateral mesmo sentido;Com Vítimas Feridas;Plena Noite;Crescente;Nublado;Simples;"Reta;Interseção de Vias";Sim;2;0;1;0;1;0;1;2;-11,67857628;-61,18768966;SPRF-RO;DEL02-RO;UOP02-DEL02-RO
717943;12/09/2025;sexta-feira;18:20:00;RO;364;17;VILHENA;Ingestão de álcool pelo condutor;Colisão transversal;Com Vítimas Feridas;Anoitecer;Crescente;Céu Claro;Dupla;Interseção de Vias;Sim;2;0;2;0;0;0;2;2;-12,7340258;-60,1567034;SPRF-RO;DEL04-RO;UOP01-DEL04-RO
717945;12/09/2025;sexta-feira;19:50:00;ES;393;1;CACHOEIRO DE ITAPEMIRIM;Velocidade Incompatível;Atropelamento de Pedestre;Com Vítimas Feridas;Plena Noite;Crescente;Garoa/Chuvisco;Simples;"Aclive;Reta";Sim;2;0;1;1;0;0;2;2;-20,838637;-41,163564;SPRF-ES;DEL03-ES;UOP02-DEL03-ES
717946;12/09/2025;sexta-feira;19:00:00;MT;163;813;SINOP;Transitar na contramão;Colisão frontal;Com Vítimas Feridas;Plena Noite;Decrescente;Céu Claro;Simples;Reta;Não;7;0;4;1;2;0;5;2;-12,04596245;-55,51734924;SPRF-MT;DEL06-MT;UOP02-DEL06-MT
717947;12/09/2025;sexta-feira;20:50:00;RS;116;153;CAXIAS DO SUL;Condutor desrespeitou a iluminação vermelha do semáforo;Colisão transversal;Sem Vítimas;Plena Noite;Crescente;Céu Claro;Dupla;"Reta;Interseção de Vias";Sim;3;0;0;0;3;0;0;2;-29,18694548;-51,17883325;SPRF-RS;DEL05-RS;UOP01-DEL05-RS
717948;12/09/2025;sexta-feira;20:15:00;SC;101;68,8;ARAQUARI;Reação tardia ou ineficiente do condutor;Saída de leito carroçável;Com Vítimas Feridas;Plena Noite;Crescente;Céu Claro;Múltipla;Interseção de Vias;Não;1;0;0;1;0;0;1;1;-26,4999856;-48,72953352;SPRF-SC;DEL03-SC;UOP02-DEL03-SC
717949;12/09/2025;sexta-feira;10:20:00;RJ;101;310;SAO GONCALO;Condutor deixou de manter distância do veículo da frente;Queda de ocupante de veículo;Com Vítimas Feridas;Pleno dia;Crescente;Céu Claro;Dupla;Reta;Sim;1;0;1;0;0;0;1;1;-22,83378178;-43,09455872;SPRF-RJ;DEL02-RJ;UOP02-DEL02-RJ
717950;12/09/2025;sexta-feira;19:20:00;PA;316;196;SANTA LUZIA DO PARA;Ausência de reação do condutor;Colisão transversal;Com Vítimas Fatais;Plena Noite;Decrescente;Céu Claro;Simples;Reta;Não;2;1;0;0;1;0;0;2;-1,518247;-46,904302;SPRF-PA;DEL01-PA;UOP03-DEL01-PA
717951;12/09/2025;sexta-feira;21:10:00;BA;242;412;SEABRA;Animais na Pista;Atropelamento de Animal;Com Vítimas Feridas;Plena Noite;Crescente;Céu Claro;Simples;Reta;Não;1;0;0;1;0;0;1;1;-12,45199835;-41,75010681;SPRF-BA;DEL06-BA;UOP01-DEL06-BA
717952;12/09/2025;sexta-feira;20:00:00;RJ;40;114;DUQUE DE CAXIAS;Trafegar com motocicleta (ou similar) entre as faixas;Colisão lateral mesmo sentido;Com Vítimas Feridas;Plena Noite;Decrescente;Nublado;Dupla;Reta;Sim;2;0;1;0;1;0;1;2;-22,723563;-43,289502;SPRF-RJ;DEL01-RJ;UOP02-DEL01-RJ
717954;12/09/2025;sexta-feira;18:00:00;PI;230;299;FLORIANO;Ausência de reação do condutor;Saída de leito carroçável;Com Vítimas Feridas;Anoitecer;Crescente;Céu Claro;Simples;Reta;Não;1;0;1;0;0;0;1;1;-6,82159269;-42,92467833;SPRF-PI;DEL03-PI;UOP01-DEL03-PI
717955;12/09/2025;sexta-feira;21:40:00;RS;386;352,9;ESTRELA;Velocidade Incompatível;Queda de ocupante de veículo;Com Vítimas Fatais;Plena Noite;Crescente;Céu Claro;Dupla;Curva;Sim;2;1;0;0;0;1;0;2;-29,49993;-51,94996;SPRF-RS;DEL04-RS;UOP01-DEL04-RS
717956;12/09/2025;sexta-feira;21:20:00;PR;153;99;JAPIRA;Desrespeitar a preferência no cruzamento;Colisão transversal;Com Vítimas Feridas;Plena Noite;Decrescente;Céu Claro;Simples;Interseção de Vias;Não;6;0;5;0;1;0;5;2;-23,76572784;-50,18769264;SPRF-PR;DEL07-PR;UOP04-DEL07-PR
717957;12/09/2025;sexta-feira;20:10:00;MT;163;14;ITIQUIRA;Ausência de reação do condutor;Saída de leito carroçável;Sem Vítimas;Plena Noite;Decrescente;Céu Claro;Simples;Rotatória;Sim;1;0;0;0;1;0;0;1;-17,39738;-54,75976;SPRF-MT;DEL02-MT;UOP03-DEL02-MT
717958;12/09/2025;sexta-feira;21:30:00;PR;116;196,4;RIO NEGRO;Demais falhas mecânicas ou elétricas;Tombamento;Com Vítimas Feridas;Plena Noite;Decrescente;Céu Claro;Simples;Reta;Não;1;0;1;0;0;0;1;1;-26,04727952;-49,70598602;SPRF-SC;DEL06-SC;UOP01-DEL06-SC
717959;12/09/2025;sexta-feira;22:40:00;RN;110;49,1;MOSSORO;Afundamento ou ondulação no pavimento;Queda de ocupante de veículo;Com Vítimas Feridas;Plena Noite;Decrescente;Céu Claro;Dupla;Reta;Sim;1;0;1;0;0;0;1;1;-5,302727;-37,280914;SPRF-RN;DEL04-RN;UOP01-DEL04-RN
717960;12/09/2025;sexta-feira;18:10:00;MG;116;464,7;TARUMIRIM;Reação tardia ou ineficiente do condutor;Queda de ocupante de veículo;Com Vítimas Feridas;Plena Noite;Decrescente;Céu Claro;Simples;Reta;Não;2;0;2;0;0;0;2;1;-19,277702;-42,068762;SPRF-MG;DEL06-MG;UOP02-DEL06-MG
717961;12/09/2025;sexta-feira;18:20:00;MG;116;548;SANTA BARBARA DO LESTE;Acessar a via sem observar a presença dos outros veículos;Colisão transversal;Com Vítimas Feridas;Plena Noite;Decrescente;Céu Claro;Múltipla;"Reta;Aclive";Não;4;0;1;0;3;0;1;4;-19,96707335;-42,13564396;SPRF-MG;DEL06-MG;UOP02-DEL06-MG
717962;12/09/2025;sexta-feira;22:20:00;ES;101;289;CARIACICA;Velocidade Incompatível;Colisão com objeto;Sem Vítimas;Plena Noite;Crescente;Chuva;Dupla;Reta;Sim;1;0;0;0;0;1;0;1;-20,2800176;-40,39296269;SPRF-ES;DEL01-ES;UOP01-DEL01-ES
717966;12/09/2025;sexta-feira;19:30:00;SC;470;68;INDAIAL;Ingestão de álcool pelo condutor;Tombamento;Com Vítimas Feridas;Plena Noite;Crescente;Nublado;Dupla;Reta;Sim;1;0;1;0;0;0;1;1;-26,87619558;-49,23769562;SPRF-SC;DEL04-SC;UOP01-DEL04-SC
717967;12/09/2025;sexta-feira;22:00:00;SC;280;30;ARAQUARI;Transitar no Acostamento;Colisão traseira;Com Vítimas Feridas;Plena Noite;Crescente;Ignorado;Simples;Reta;Sim;2;0;1;0;1;0;1;2;-26,416365;-48,771349;SPRF-SC;DEL03-SC;UOP03-DEL03-SC
717968;12/09/2025;sexta-feira;23:40:00;PA;10;353;SANTA MARIA DO PARA;Conversão proibida;Colisão frontal;Com Vítimas Feridas;Plena Noite;Decrescente;Nublado;Simples;"Interseção de Vias;Reta";Sim;2;0;1;0;1;0;1;2;-1,34939227;-47,57679731;SPRF-PA;DEL01-PA;UOP02-DEL01-PA
717971;12/09/2025;sexta-feira;22:50:00;MS;163;247,7;DOURADOS;Ausência de reação do condutor;Saída de leito carroçável;Com Vítimas Feridas;Plena Noite;Decrescente;Céu Claro;Simples;Reta;Não;1;0;1;0;0;0;1;1;-22,327063;-54,817721;SPRF-MS;DEL04-MS;UOP02-DEL04-MS
717974;12/09/2025;sexta-feira;22:30:00;RJ;356;80;ITALVA;Ausência de reação do condutor;Queda de ocupante de veículo;Com Vítimas Feridas;Plena Noite;Decrescente;Céu Claro;Simples;Reta;Não;3;0;0;1;2;0;1;2;-21,4317931;-41,6907232;SPRF-RJ;DEL08-RJ;UOP03-DEL08-RJ
717975;12/09/2025;sexta-feira;22:25:00;MG;40;90,5;PARACATU;Reação tardia ou ineficiente do condutor;Colisão transversal;Com Vítimas Feridas;Plena Noite;Crescente;Céu Claro;Simples;Reta;Não;3;0;1;0;2;0;1;2;-17,50250839;-46,571645;SPRF-MG;DEL14-MG;UOP01-DEL14-MG
717976;12/09/2025;sexta-feira;23:40:00;PR;376;484,4;PONTA GROSSA;Mal súbito do condutor;Saída de leito carroçável;Com Vítimas Fatais;Plena Noite;Crescente;Céu Claro;Dupla;Interseção de Vias;Não;2;1;0;0;1;0;0;1;-25,10231513;-50,19657461;SPRF-PR;DEL03-PR;UOP04-DEL03-PR
717977;12/09/2025;sexta-feira;22:30:00;SP;101;49,6;UBATUBA;Pedestre cruzava a pista fora da faixa;Atropelamento de Pedestre;Com Vítimas Feridas;Plena Noite;Decrescente;Garoa/Chuvisco;Simples;Reta;Sim;2;0;0;1;1;0;1;2;-23,4470873;-45,08081152;SPRF-SP;DEL06-SP;UOP01-DEL06-SP
717978;12/09/2025;sexta-feira;22:48:00;MT;163;1046;MATUPA;Demais falhas mecânicas ou elétricas;Queda de ocupante de veículo;Com Vítimas Feridas;Plena Noite;Crescente;Céu Claro;Simples;Curva;Não;1;0;1;0;0;0;1;1;-10,117245;-54,932965;SPRF-MT;DEL06-MT;UOP03-DEL06-MT
717980;13/09/2025;sábado;00:10:00;SC;101;316,4;PESCARIA BRAVA;Condutor Dormindo;Tombamento;Com Vítimas Feridas;Plena Noite;Crescente;Céu Claro;Múltipla;"Declive;Curva";Sim;2;0;2;0;0;0;2;1;-28,42658;-48,86267;SPRF-SC;DEL02-SC;UOP01-DEL02-SC
717981;13/09/2025;sábado;00:10:00;SP;116;174;JACAREI;Ausência de reação do condutor;Capotamento;Sem Vítimas;Plena Noite;Decrescente;Céu Claro;Dupla;"Reta;Declive";Sim;1;0;0;0;1;0;0;1;-23,31903461;-46,08590126;SPRF-SP;DEL02-SP;UOP01-DEL02-SP
717982;13/09/2025;sábado;01:20:00;ES;101;137,9;LINHARES;Ingestão de álcool pelo condutor;Colisão com objeto;Sem Vítimas;Plena Noite;Crescente;Céu Claro;Simples;Interseção de Vias;Não;1;0;0;0;1;0;0;1;-19,29178283;-40,08619308;SPRF-ES;DEL04-ES;UOP01-DEL04-ES
717983;12/09/2025;sexta-feira;22:30:00;MA;135;160;MATOES DO NORTE;Condutor Dormindo;Colisão com objeto;Com Vítimas Feridas;Plena Noite;Decrescente;Céu Claro;Simples;"Reta;Em Obras";Não;2;0;0;2;0;0;2;1;-3,844524;-44,507206;SPRF-MA;DEL03-MA;UOP01-DEL03-MA
717984;13/09/2025;sábado;02:00:00;DF;80;11;BRASILIA;Reação tardia ou ineficiente do condutor;Engavetamento;Sem Vítimas;Plena Noite;Decrescente;Céu Claro;Simples;"Declive;Reta";Não;5;0;0;0;5;0;0;5;-15,73089983;-48,18715096;SPRF-DF;DEL03-DF;UOP02-DEL03-DF
717985;12/09/2025;sexta-feira;11:37:00;PA;222;221;BOM JESUS DO TOCANTINS;Reação tardia ou ineficiente do condutor;Saída de leito carroçável;Com Vítimas Feridas;Pleno dia;Crescente;Céu Claro;Simples;"Declive;Curva";Não;2;0;1;0;1;0;1;1;-5,1916043;-49,00797039;SPRF-PA;DEL03-PA;UOP01-DEL03-PA
717986;13/09/2025;sábado;02:28:00;DF;80;12;BRASILIA;Reação tardia ou ineficiente do condutor;Engavetamento;Sem Vítimas;Plena Noite;Decrescente;Céu Claro;Simples;"Reta;Declive";Não;3;0;0;0;3;0;0;3;-15,730863;-48,180176;SPRF-DF;DEL03-DF;UOP02-DEL03-DF
717987;13/09/2025;sábado;01:50:00;BA;101;692,6;EUNAPOLIS;Velocidade Incompatível;Saída de leito carroçável;Com Vítimas Fatais;Plena Noite;Crescente;Nevoeiro/Neblina;Simples;"Curva;Declive";Não;3;1;0;2;0;0;2;1;-16,187328;-39,60663;SPRF-BA;DEL09-BA;UOP03-DEL09-BA
717988;13/09/2025;sábado;00:40:00;RS;287;282,4;SAO PEDRO DO SUL;Ingestão de álcool pelo condutor;Colisão com objeto;Com Vítimas Feridas;Plena Noite;Crescente;Céu Claro;Simples;"Rotatória;Interseção de Vias";Sim;1;0;1;0;0;0;1;1;-29,63635401;-54,18504238;SPRF-RS;DEL09-RS;UOP01-DEL09-RS
717989;12/09/2025;sexta-feira;22:15:00;MA;402;48;MORROS;Entrada inopinada do pedestre;Atropelamento de Pedestre;Com Vítimas Feridas;Plena Noite;Decrescente;Céu Claro;Simples;Reta;Não;3;0;0;1;2;0;1;2;-2,8519;-43,9599;SPRF-MA;DEL01-MA;UOP01-DEL01-MA
717991;13/09/2025;sábado;02:40:00;SC;101;211,2;PALHOCA;Manobra de mudança de faixa;Colisão lateral mesmo sentido;Com Vítimas Feridas;Plena Noite;Crescente;Céu Claro;Múltipla;Reta;Não;3;0;1;1;0;1;2;2;-27,62354;-48,65277;SPRF-SC;DEL01-SC;UOP02-DEL01-SC
717992;13/09/2025;sábado;02:40:00;GO;153;501,8;GOIANIA;Reação tardia ou ineficiente do condutor;Colisão com objeto;Com Vítimas Feridas;Plena Noite;Decrescente;Vento;Dupla;Reta;Sim;1;0;1;0;0;0;1;1;-16,72335;-49,239413;SPRF-GO;DEL01-GO;UOP01-DEL01-GO
717993;13/09/2025;sábado;02:10:00;PR;369;149;LONDRINA;Condutor desrespeitou a iluminação vermelha do semáforo;Colisão transversal;Com Vítimas Feridas;Plena Noite;Decrescente;Céu Claro;Dupla;Interseção de Vias;Sim;2;0;1;0;1;0;1;2;-23,293281;-51,1544569;SPRF-PR;DEL07-PR;UOP01-DEL07-PR
717994;13/09/2025;sábado;03:05:00;ES;101;4,3;SERRA;Ausência de reação do condutor;Saída de leito carroçável;Sem Vítimas;Plena Noite;Decrescente;Nublado;Dupla;Curva;Não;3;0;0;0;2;1;0;1;-20,0987588;-40,3533874;SPRF-ES;DEL04-ES;UOP02-DEL04-ES
717995;13/09/2025;sábado;03:30:00;BA;242;915;LUIS EDUARDO MAGALHAES;Ausência de reação do condutor;Colisão traseira;Com Vítimas Fatais;Plena Noite;Crescente;Céu Claro;Simples;Reta;Não;8;1;3;4;0;0;7;2;-12,10296;-45,88244;SPRF-BA;DEL10-BA;UOP01-DEL10-BA
717997;13/09/2025;sábado;03:00:00;TO;153;200;NOVA OLINDA;Ingestão de álcool pelo condutor;Colisão traseira;Com Vítimas Feridas;Plena Noite;Decrescente;Céu Claro;Simples;Reta;Não;2;0;1;0;1;0;1;2;-7,64117472;-48,42751622;SPRF-TO;DEL02-TO;UOP01-DEL02-TO
717998;13/09/2025;sábado;03:23:00;RS;116;560;PEDRO OSORIO;Condutor Dormindo;Saída de leito carroçável;Com Vítimas Feridas;Plena Noite;Crescente;Céu Claro;Simples;Reta;Não;2;0;1;0;1;0;1;1;-31,91048899;-52,67769833;SPRF-RS;DEL07-RS;UOP03-DEL07-RS
718000;13/09/2025;sábado;02:50:00;RJ;116;180;MESQUITA;Condutor deixou de manter distância do veículo da frente;Colisão com objeto;Com Vítimas Feridas;Plena Noite;Decrescente;Céu Claro;Dupla;"Curva;Declive";Sim;2;0;1;0;1;0;1;2;-22,77222903;-43,4051892;SPRF-RJ;DEL06-RJ;UOP01-DEL06-RJ