id;data_inversa;dia_semana;horario;uf;br;km;municipio;causa_acidente;tipo_acidente;classificacao_acidente;fase_dia;sentido_via;condicao_metereologica;tipo_pista;tracado_via;uso_solo;pessoas;mortos;feridos_leves;feridos_graves;ilesos;ignorados;feridos;veiculos;latitude;longitude;regional;delegacia;uop
718001;13/09/2025;sábado;03:30:00;PB;230;14;CABEDELO;Condutor Dormindo;Colisão com objeto;Com Vítimas Feridas;Plena Noite;Crescente;Céu Claro;Dupla;"Desvio Temporário;Reta;Em Obras";Sim;1;0;1;0;0;0;1;1;-7,08303934;-34,84899232;SPRF-PB;DEL01-PB;UOP01-DEL01-PB
718002;13/09/2025;sábado;02:30:00;PE;408;28,3;ALIANCA;Transitar no Acostamento;Colisão com objeto;Com Vítimas Fatais;Plena Noite;Crescente;Céu Claro;Simples;"Reta;Ponte";Não;2;1;1;0;0;0;1;1;-7,6077559;-35,2338032;SPRF-PE;DEL01-PE;UOP01-DEL01-PE
718003;13/09/2025;sábado;01:00:00;RS;285;590,2;BOSSOROCA;Ausência de reação do condutor;Saída de leito carroçável;Com Vítimas Feridas;Plena Noite;Crescente;Céu Claro;Simples;Reta;Não;4;0;0;1;3;0;1;3;-28,47267985;-55,16539749;SPRF-RS;DEL12-RS;UOP01-DEL12-RS
718004;13/09/2025;sábado;04:20:00;GO;40;13;LUZIANIA;Pedestre cruzava a pista fora da faixa;Atropelamento de Pedestre;Com Vítimas Feridas;Plena Noite;Decrescente;Céu Claro;Dupla;Reta;Sim;3;0;0;1;0;2;1;2;-16,1487041;-47,94176672;SPRF-DF;DEL01-DF;UOP01-DEL01-DF
718006;13/09/2025;sábado;04:05:00;MS;163;650;RIO VERDE DE MATO GROSSO;Ausência de reação do condutor;Tombamento;Com Vítimas Feridas;Plena Noite;Decrescente;Céu Claro;Simples;"Curva;Declive";Não;2;0;0;2;0;0;2;1;-19,15428603;-54,76222828;SPRF-MS;DEL06-MS;UOP02-DEL06-MS
718007;13/09/2025;sábado;03:40:00;PR;277;654;MATELANDIA;Velocidade Incompatível;Colisão com objeto;Com Vítimas Feridas;Plena Noite;Crescente;Céu Claro;Simples;Curva;Não;2;0;1;0;1;0;1;1;-25,229682;-53,951787;SPRF-PR;DEL05-PR;UOP02-DEL05-PR
718008;12/09/2025;sexta-feira;17:15:00;SC;282;511,1;XANXERE;Retorno proibido;Colisão traseira;Com Vítimas Feridas;Pleno dia;Decrescente;Céu Claro;Simples;Curva;Não;3;0;1;0;2;0;1;2;-26,90428475;-52,46282506;SPRF-SC;DEL07-SC;UOP01-DEL07-SC
718010;13/09/2025;sábado;04:30:00;PR;277;218;TEIXEIRA SOARES;Condutor Dormindo;Capotamento;Com Vítimas Feridas;Plena Noite;Decrescente;Céu Claro;Simples;Reta;Não;4;0;0;1;3;0;1;1;-25,46218461;-50,42381287;SPRF-PR;DEL08-PR;UOP02-DEL08-PR
718011;13/09/2025;sábado;05:10:00;RN;226;415,3;PAU DOS FERROS;Ultrapassagem Indevida;Colisão frontal;Com Vítimas Feridas;Amanhecer;Crescente;Céu Claro;Simples;Reta;Não;2;0;1;0;1;0;1;2;-6,0915791;-38,22059282;SPRF-RN;DEL04-RN;UOP02-DEL04-RN
718012;13/09/2025;sábado;05:30:00;SP;116;161;JACAREI;Ausência de reação do condutor;Colisão com objeto;Com Vítimas Feridas;Amanhecer;Crescente;Céu Claro;Dupla;Reta;Sim;1;0;1;0;0;0;1;1;-23,27452195;-45,97379208;SPRF-SP;DEL02-SP;UOP01-DEL02-SP
718013;13/09/2025;sábado;04:30:00;SC;282;538;CHAPECO;Condutor Dormindo;Colisão frontal;Com Vítimas Feridas;Plena Noite;Crescente;Nublado;Simples;"Aclive;Curva";Não;5;0;3;0;1;1;3;3;-27,00040218;-52,67074227;SPRF-SC;DEL07-SC;UOP01-DEL07-SC
718014;13/09/2025;sábado;05:30:00;PB;101;94;JOAO PESSOA;Condutor Dormindo;Colisão com objeto;Com Vítimas Feridas;Amanhecer;Decrescente;Céu Claro;Dupla;Reta;Não;3;0;1;1;1;0;2;1;-7,21121618;-34,90996152;SPRF-PB;DEL01-PB;UOP01-DEL01-PB
718016;13/09/2025;sábado;04:20:00;MS;267;244;NOVA ALVORADA DO SUL;Ingestão de álcool pelo condutor;Saída de leito carroçável;Com Vítimas Feridas;Plena Noite;Decrescente;Céu Claro;Simples;Reta;Não;2;0;1;0;1;0;1;1;-21,48194;-54,33585;SPRF-MS;DEL02-MS;UOP01-DEL02-MS
718017;13/09/2025;sábado;05:00:00;MG;356;265,1;MURIAE;Ausência de reação do condutor;Colisão com objeto;Sem Vítimas;Amanhecer;Decrescente;Nublado;Simples;Curva;Sim;1;0;0;0;0;1;0;1;-21,12665;-42,3735;SPRF-MG;DEL07-MG;UOP02-DEL07-MG
718018;13/09/2025;sábado;06:30:00;ES;101;141;LINHARES;Velocidade Incompatível;Colisão traseira;Com Vítimas Feridas;Pleno dia;Crescente;Nublado;Dupla;Reta;Sim;3;0;0;2;0;1;2;2;-19,3262728;-40,07184146;SPRF-ES;DEL04-ES;UOP01-DEL04-ES
718019;13/09/2025;sábado;05:10:00;RS;116;363;SENTINELA DO SUL;Ausência de reação do condutor;Saída de leito carroçável;Sem Vítimas;Pleno dia;Crescente;Céu Claro;Dupla;Reta;Não;1;0;0;0;0;1;0;1;-30,643755;-51,559363;SPRF-RS;DEL02-RS;UOP02-DEL02-RS
718020;13/09/2025;sábado;06:05:00;PB;101;49,8;RIO TINTO;Condutor Dormindo;Saída de leito carroçável;Com Vítimas Feridas;Pleno dia;Decrescente;Céu Claro;Dupla;Reta;Não;2;0;2;0;0;0;2;1;-6,92117;-35,10888;SPRF-PB;DEL01-PB;UOP03-DEL01-PB
718021;13/09/2025;sábado;03:30:00;MA;135;5;SAO LUIS;Velocidade Incompatível;Capotamento;Com Vítimas Feridas;Plena Noite;Decrescente;Chuva;Dupla;Reta;Sim;5;0;1;0;4;0;1;1;-2,622055;-44,258442;SPRF-MA;DEL01-MA;UOP01-DEL01-MA
718022;13/09/2025;sábado;05:50:00;PE;104;19,4;TAQUARITINGA DO NORTE;Transitar na contramão;Colisão frontal;Com Vítimas Feridas;Amanhecer;Crescente;Céu Claro;Dupla;Reta;Sim;2;0;1;0;1;0;1;2;-7,952268;-36,12798;SPRF-PE;DEL02-PE;UOP01-DEL02-PE
718026;13/09/2025;sábado;05:50:00;GO;153;292,4;RIALMA;Ingestão de álcool pelo condutor;Colisão frontal;Com Vítimas Feridas;Amanhecer;Crescente;Céu Claro;Simples;"Curva;Declive";Não;6;0;1;3;2;0;4;2;-15,248682;-49,556881;SPRF-GO;DEL02-GO;UOP02-DEL02-GO
718027;13/09/2025;sábado;06:10:00;BA;116;633,2;JAGUAQUARA;Acessar a via sem observar a presença dos outros veículos;Colisão transversal;Sem Vítimas;Pleno dia;Decrescente;Sol;Simples;Retorno Regulamentado;Sim;5;0;0;0;5;0;0;2;-13,5209;-40,0596;SPRF-BA;DEL03-BA;UOP01-DEL03-BA
718028;13/09/2025;sábado;06:36:00;MS;262;772;CORUMBA;Ingestão de álcool pelo condutor;Saída de leito carroçável;Sem Vítimas;Amanhecer;Crescente;Céu Claro;Simples;Reta;Sim;3;0;0;0;0;3;0;2;-19,037516;-57,646022;SPRF-MS;DEL03-MS;UOP03-DEL03-MS
718029;13/09/2025;sábado;04:10:00;BA;367;22;PORTO SEGURO;Reação tardia ou ineficiente do condutor;Queda de ocupante de veículo;Com Vítimas Feridas;Plena Noite;Crescente;Céu Claro;Simples;Rotatória;Sim;1;0;1;0;0;0;1;1;-16,43575588;-39,07253265;SPRF-BA;DEL09-BA;UOP03-DEL09-BA
718030;13/09/2025;sábado;07:10:00;PR;277;66;SAO JOSE DOS PINHAIS;Ausência de reação do condutor;Colisão traseira;Com Vítimas Feridas;Pleno dia;Decrescente;Nublado;Dupla;Reta;Sim;4;0;1;1;1;1;2;3;-25,52352816;-49,10163873;SPRF-PR;DEL01-PR;UOP01-DEL01-PR
718031;13/09/2025;sábado;06:30:00;SP;116;323;JUQUITIBA;Ingestão de álcool pelo condutor;Colisão traseira;Sem Vítimas;Amanhecer;Decrescente;Céu Claro;Dupla;Reta;Não;4;0;0;0;4;0;0;2;-23,94026;-47,04524;SPRF-SP;DEL04-SP;UOP03-DEL04-SP
718034;13/09/2025;sábado;07:55:00;TO;10;453;PALMAS;Avarias e/ou desgaste excessivo no pneu;Queda de ocupante de veículo;Com Vítimas Feridas;Pleno dia;Crescente;Céu Claro;Dupla;Reta;Sim;2;0;1;0;1;0;1;1;-10,31054732;-48,29699412;SPRF-TO;DEL01-TO;UOP03-DEL01-TO
718035;13/09/2025;sábado;07:00:00;SP;116;50,9;LORENA;Acumulo de óleo sobre o pavimento;Queda de ocupante de veículo;Com Vítimas Feridas;Pleno dia;Decrescente;Céu Claro;Simples;Curva;Sim;1;0;1;0;0;0;1;1;-22,75178026;-45,1049856;SPRF-SP;DEL08-SP;UOP02-DEL08-SP
718036;13/09/2025;sábado;06:40:00;RS;285;79,1;BOM JESUS;Ingestão de álcool pelo condutor;Saída de leito carroçável;Com Vítimas Feridas;Amanhecer;Crescente;Céu Claro;Simples;"Interseção de Vias;Curva";Não;1;0;1;0;0;0;1;1;-28,6449089;-50,5946007;SPRF-RS;DEL05-RS;UOP03-DEL05-RS
718040;13/09/2025;sábado;07:40:00;RS;386;107,5;SAO JOSE DAS MISSOES;Ausência de reação do condutor;Saída de leito carroçável;Com Vítimas Feridas;Pleno dia;Crescente;Céu Claro;Simples;"Curva;Aclive";Não;3;0;3;0;0;0;3;1;-27,785459;-53,065913;SPRF-RS;DEL08-RS;UOP01-DEL08-RS
718042;13/09/2025;sábado;08:50:00;MG;40;735;SANTOS DUMONT;Curva acentuada;Saída de leito carroçável;Com Vítimas Feridas;Pleno dia;Decrescente;Chuva;Simples;Curva;Não;2;0;1;0;1;0;1;1;-21,43122425;-43,55353686;SPRF-MG;DEL05-MG;UOP01-DEL05-MG
718043;13/09/2025;sábado;08:30:00;GO;40;2;VALPARAISO DE GOIAS;Trafegar com motocicleta (ou similar) entre as faixas;Atropelamento de Pedestre;Com Vítimas Feridas;Pleno dia;Decrescente;Céu Claro;Dupla;Reta;Sim;3;0;1;0;2;0;1;3;-16,069705;-47,984328;SPRF-DF;DEL01-DF;UOP01-DEL01-DF
718044;13/09/2025;sábado;07:50:00;PR;277;398,8;CANDOI;Conversão proibida;Colisão transversal;Com Vítimas Feridas;Amanhecer;Crescente;Sol;Simples;Curva;Não;5;0;1;0;4;0;1;2;-25,46002883;-51,95816366;SPRF-PR;DEL08-PR;UOP01-DEL08-PR
718045;13/09/2025;sábado;07:10:00;RO;174;16;VILHENA;Acesso irregular;Colisão transversal;Com Vítimas Feridas;Pleno dia;Crescente;Céu Claro;Simples;Reta;Sim;2;0;1;0;1;0;1;2;-12,71972803;-60,12724042;SPRF-RO;DEL04-RO;UOP01-DEL04-RO
718046;13/09/2025;sábado;09:00:00;RJ;393;275;BARRA DO PIRAI;Pista Escorregadia;Saída de leito carroçável;Com Vítimas Feridas;Pleno dia;Crescente;Garoa/Chuvisco;Simples;Curva;Não;2;0;2;0;0;0;2;1;-22,4746615;-43,9998702;SPRF-RJ;DEL05-RJ;UOP04-DEL05-RJ
718047;13/09/2025;sábado;08:45:00;PB;230;475;SOUSA;Acessar a via sem observar a presença dos outros veículos;Colisão transversal;Com Vítimas Feridas;Pleno dia;Decrescente;Céu Claro;Simples;"Interseção de Vias;Retorno Regulamentado";Não;2;0;0;1;1;0;1;2;-6,83572886;-38,31518412;SPRF-PB;DEL03-PB;UOP03-DEL03-PB
718048;13/09/2025;sábado;08:30:00;RS;285;456;IJUI;Acessar a via sem observar a presença dos outros veículos;Colisão transversal;Com Vítimas Feridas;Pleno dia;Crescente;Céu Claro;Simples;Reta;Não;3;0;1;0;2;0;1;2;-28,38913514;-53,89240265;SPRF-RS;DEL10-RS;UOP01-DEL10-RS
718049;13/09/2025;sábado;08:55:00;MG;381;498;BETIM;Desrespeitar a preferência no cruzamento;Colisão traseira;Com Vítimas Feridas;Pleno dia;Decrescente;Céu Claro;Múltipla;"Reta;Declive";Não;6;0;1;0;4;1;1;3;-19,98302261;-44,2015788;SPRF-MG;DEL01-MG;UOP03-DEL01-MG
718050;13/09/2025;sábado;02:00:00;PR;153;3;IMBITUVA;Condutor Dormindo;Saída de leito carroçável;Sem Vítimas;Amanhecer;Crescente;Céu Claro;Simples;Reta;Não;1;0;0;0;0;1;0;1;-25,252;-50,634;SPRF-PR;DEL08-PR;UOP02-DEL08-PR
718051;13/09/2025;sábado;06:50:00;SP;116;461;PARIQUERA-ACU;Ausência de reação do condutor;Colisão traseira;Com Vítimas Feridas;Amanhecer;Crescente;Garoa/Chuvisco;Dupla;Reta;Não;2;0;1;0;1;0;1;2;-24,62281007;-47,89557807;SPRF-SP;DEL05-SP;UOP01-DEL05-SP
718052;13/09/2025;sábado;07:00:00;BA;135;199;SAO DESIDERIO;Ingestão de álcool pelo condutor;Colisão com objeto;Com Vítimas Feridas;Pleno dia;Decrescente;Sol;Simples;Reta;Não;1;0;0;1;0;0;1;1;-12,32206938;-45,01336724;SPRF-BA;DEL10-BA;UOP01-DEL10-BA
718053;13/09/2025;sábado;09:05:00;SC;101;206,3;SAO JOSE;Reação tardia ou ineficiente do condutor;Colisão lateral mesmo sentido;Com Vítimas Feridas;Pleno dia;Crescente;Céu Claro;Dupla;Reta;Sim;4;0;2;0;2;0;2;2;-27,599068;-48,621872;SPRF-SC;DEL01-SC;UOP01-DEL01-SC
718054;05/09/2025;sexta-feira;15:02:00;MG;116;763;LEOPOLDINA;Desrespeitar a preferência no cruzamento;Colisão transversal;Com Vítimas Feridas;Pleno dia;Crescente;Céu Claro;Simples;Interseção de Vias;Não;2;0;1;0;1;0;1;2;-21,5208715;-42,65142409;SPRF-MG;DEL07-MG;UOP01-DEL07-MG
718055;13/09/2025;sábado;08:00:00;PR;369;19,2;CAMBARA;Condutor desrespeitou a iluminação vermelha do semáforo;Colisão transversal;Com Vítimas Feridas;Pleno dia;Crescente;Céu Claro;Simples;"Reta;Interseção de Vias;Declive";Sim;3;0;2;0;1;0;2;2;-23,03703212;-50,07543734;SPRF-PR;DEL07-PR;UOP05-DEL07-PR
718057;13/09/2025;sábado;09:30:00;PE;101;51,8;PAULISTA;Condutor deixou de manter distância do veículo da frente;Colisão traseira;Com Vítimas Feridas;Pleno dia;Crescente;Céu Claro;Dupla;Reta;Sim;3;0;0;1;2;0;1;2;-7,92412693;-34,89660414;SPRF-PE;DEL01-PE;UOP02-DEL01-PE
718058;13/09/2025;sábado;07:50:00;PR;116;17;CAMPINA GRANDE DO SUL;Velocidade Incompatível;Saída de leito carroçável;Com Vítimas Feridas;Pleno dia;Decrescente;Garoa/Chuvisco;Dupla;Curva;Não;1;0;1;0;0;0;1;1;-25,1030486;-48,7005578;SPRF-PR;DEL01-PR;UOP02-DEL01-PR
718059;13/09/2025;sábado;10:00:00;PB;230;12,8;CABEDELO;Manobra de mudança de faixa;Colisão lateral mesmo sentido;Com Vítimas Feridas;Pleno dia;Crescente;Céu Claro;Dupla;"Desvio Temporário;Reta;Em Obras";Sim;4;0;0;1;2;1;1;3;-7,07926903;-34,84941602;SPRF-PB;DEL01-PB;UOP01-DEL01-PB
718061;13/09/2025;sábado;11:00:00;RJ;101;34;CAMPOS DOS GOYTACAZES;Reação tardia ou ineficiente do condutor;Colisão com objeto;Com Vítimas Feridas;Pleno dia;Crescente;Nublado;Simples;Reta;Sim;1;0;1;0;0;0;1;1;-21,5006631;-41,3398442;SPRF-RJ;DEL08-RJ;UOP01-DEL08-RJ
718062;13/09/2025;sábado;09:40:00;RJ;393;180;PARAIBA DO SUL;Chuva;Queda de ocupante de veículo;Com Vítimas Feridas;Pleno dia;Crescente;Garoa/Chuvisco;Simples;Curva;Não;1;0;1;0;0;0;1;1;-22,14315732;-43,2788924;SPRF-RJ;DEL05-RJ;UOP03-DEL05-RJ
718063;13/09/2025;sábado;10:30:00;SC;101;204;SAO JOSE;Manobra de mudança de faixa;Colisão traseira;Com Vítimas Feridas;Pleno dia;Crescente;Céu Claro;Múltipla;Reta;Sim;2;0;1;0;1;0;1;2;-27,579121;-48,614092;SPRF-SC;DEL01-SC;UOP01-DEL01-SC
718066;13/09/2025;sábado;11:20:00;MG;146;13;POCOS DE CALDAS;Pista Escorregadia;Queda de ocupante de veículo;Com Vítimas Feridas;Pleno dia;Decrescente;Céu Claro;Simples;Curva;Não;1;0;1;0;0;0;1;1;-21,808654;-46,47004615;SPRF-MG;DEL10-MG;UOP01-DEL10-MG
718068;13/09/2025;sábado;09:30:00;MG;40;749,1;SANTOS DUMONT;Chuva;Colisão frontal;Com Vítimas Feridas;Pleno dia;Crescente;Chuva;Simples;Curva;Não;2;0;1;0;1;0;1;2;-21,48335;-43,538164;SPRF-MG;DEL05-MG;UOP01-DEL05-MG
718070;13/09/2025;sábado;11:15:00;SC;101;206;SAO JOSE;Reação tardia ou ineficiente do condutor;Colisão traseira;Com Vítimas Feridas;Pleno dia;Crescente;Céu Claro;Múltipla;Reta;Sim;3;0;1;0;2;0;1;2;-27,592541;-48,618528;SPRF-SC;DEL01-SC;UOP01-DEL01-SC
718071;13/09/2025;sábado;10:50:00;SP;116;515;BARRA DO TURVO;Ausência de reação do condutor;Capotamento;Com Vítimas Feridas;Pleno dia;Decrescente;Nublado;Simples;Curva;Não;4;0;2;0;2;0;2;1;-24,92243819;-48,25992331;SPRF-SP;DEL05-SP;UOP02-DEL05-SP
718073;13/09/2025;sábado;11:30:00;RS;472;128,4;TRES DE MAIO;Velocidade Incompatível;Saída de leito carroçável;Com Vítimas Feridas;Pleno dia;Crescente;Céu Claro;Simples;Reta;Não;3;0;1;1;1;0;2;1;-27,73588325;-54,20396805;SPRF-RS;DEL10-RS;UOP01-DEL10-RS
718075;13/09/2025;sábado;10:40:00;RS;116;204;PICADA CAFE;Ausência de reação do condutor;Saída de leito carroçável;Com Vítimas Feridas;Pleno dia;Decrescente;Céu Claro;Simples;Curva;Não;2;0;1;0;1;0;1;1;-29,4943422;-51,1386927;SPRF-RS;DEL05-RS;UOP02-DEL05-RS
718077;13/09/2025;sábado;11:15:00;RN;226;12,4;MACAIBA;Acessar a via sem observar a presença dos outros veículos;Colisão transversal;Com Vítimas Feridas;Pleno dia;Crescente;Sol;Simples;Reta;Sim;2;0;1;0;1;0;1;2;-5,85050842;-35,31546593;SPRF-RN;DEL01-RN;UOP02-DEL01-RN
718079;13/09/2025;sábado;11:10:00;MG;459;13,3;CALDAS;Pista Escorregadia;Tombamento;Com Vítimas Feridas;Pleno dia;Crescente;Sol;Simples;"Declive;Curva";Não;1;0;0;1;0;0;1;1;-21,8175677;-46,461035;SPRF-MG;DEL09-MG;UOP01-DEL09-MG
718080;13/09/2025;sábado;12:05:00;MG;40;783;JUIZ DE FORA;Velocidade Incompatível;Saída de leito carroçável;Com Vítimas Feridas;Pleno dia;Decrescente;Chuva;Dupla;"Curva;Declive";Não;5;0;5;0;0;0;5;1;-21,72443355;-43,4391682;SPRF-MG;DEL05-MG;UOP01-DEL05-MG
718081;13/09/2025;sábado;12:00:00;SE;101;141;ESTANCIA;Mal súbito do condutor;Saída de leito carroçável;Com Vítimas Feridas;Pleno dia;Crescente;Sol;Dupla;Reta;Não;2;0;2;0;0;0;2;1;-11,194487;-37,407205;SPRF-SE;DEL02-SE;UOP01-DEL02-SE
718082;13/09/2025;sábado;12:25:00;SC;470;100;APIUNA;Velocidade Incompatível;Capotamento;Com Vítimas Feridas;Pleno dia;Crescente;Sol;Simples;Curva;Sim;2;0;2;0;0;0;2;1;-27,04725333;-49,39200846;SPRF-SC;DEL04-SC;UOP02-DEL04-SC
718084;13/09/2025;sábado;08:30:00;SC;470;295,8;CAMPOS NOVOS;Ultrapassagem Indevida;Colisão frontal;Com Vítimas Fatais;Pleno dia;Decrescente;Céu Claro;Simples;Reta;Não;5;1;3;1;0;0;4;2;-27,350308;-51,015842;SPRF-SC;DEL07-SC;UOP06-DEL07-SC
718086;13/09/2025;sábado;11:55:00;RS;470;156;NOVA PRATA;Ultrapassagem Indevida;Colisão frontal;Sem Vítimas;Pleno dia;Crescente;Céu Claro;Simples;"Curva;Aclive";Não;2;0;0;0;2;0;0;2;-28,7853761;-51,6137831;SPRF-RS;DEL06-RS;UOP02-DEL06-RS
718087;13/09/2025;sábado;12:00:00;PB;230;13,5;CABEDELO;Manobra de mudança de faixa;Colisão lateral mesmo sentido;Com Vítimas Feridas;Pleno dia;Decrescente;Céu Claro;Dupla;Reta;Sim;2;0;1;0;1;0;1;2;-7,085805;-34,848612;SPRF-PB;DEL01-PB;UOP01-DEL01-PB
718088;13/09/2025;sábado;12:00:00;GO;40;19;LUZIANIA;Acessar a via sem observar a presença dos outros veículos;Colisão transversal;Com Vítimas Feridas;Pleno dia;Crescente;Céu Claro;Dupla;Reta;Sim;2;0;2;0;0;0;2;2;-16,205091;-47,920142;SPRF-DF;DEL01-DF;UOP01-DEL01-DF
718090;13/09/2025;sábado;10:15:00;RJ;40;77;PETROPOLIS;Reação tardia ou ineficiente do condutor;Colisão com objeto;Com Vítimas Feridas;Pleno dia;Crescente;Nublado;Dupla;"Curva;Declive";Não;5;0;3;0;2;0;3;1;-22,48936;-43,226302;SPRF-RJ;DEL01-RJ;UOP01-DEL01-RJ
718091;13/09/2025;sábado;11:45:00;MG;40;613,5;CONGONHAS;Reação tardia ou ineficiente do condutor;Queda de ocupante de veículo;Com Vítimas Feridas;Pleno dia;Crescente;Nublado;Simples;Reta;Não;1;0;0;1;0;0;1;1;-20,530253;-43,82326;SPRF-MG;DEL05-MG;UOP02-DEL05-MG
718092;06/09/2025;sábado;11:05:00;ES;262;46;MARECHAL FLORIANO;Retorno proibido;Colisão transversal;Com Vítimas Feridas;Pleno dia;Crescente;Céu Claro;Simples;"Declive;Reta";Sim;2;0;1;0;1;0;1;2;-20,4025813;-40,6719234;SPRF-ES;DEL01-ES;UOP01-DEL01-ES
718094;13/09/2025;sábado;13:00:00;PE;232;16,1;JABOATAO DOS GUARARAPES;Demais falhas mecânicas ou elétricas;Incêndio;Sem Vítimas;Pleno dia;Crescente;Céu Claro;Dupla;Reta;Não;1;0;0;0;0;1;0;1;-8,094218;-35,03;SPRF-PE;DEL01-PE;UOP01-DEL01-PE
718095;13/09/2025;sábado;13:28:00;PR;277;729;FOZ DO IGUACU;Condutor deixou de manter distância do veículo da frente;Colisão traseira;Com Vítimas Feridas;Pleno dia;Crescente;Céu Claro;Dupla;Curva;Sim;2;0;1;0;1;0;1;2;-25,50895185;-54,5932072;SPRF-PR;DEL05-PR;UOP03-DEL05-PR
718096;13/09/2025;sábado;10:30:00;SC;280;275,9;IRINEOPOLIS;Acessar a via sem observar a presença dos outros veículos;Colisão transversal;Com Vítimas Feridas;Pleno dia;Crescente;Céu Claro;Simples;Reta;Não;2;0;1;0;1;0;1;2;-26,2907965;-50,7895241;SPRF-SC;DEL06-SC;UOP04-DEL06-SC
718097;13/09/2025;sábado;10:55:00;RJ;40;74,2;PETROPOLIS;Ausência de reação do condutor;Colisão com objeto;Com Vítimas Feridas;Pleno dia;Decrescente;Garoa/Chuvisco;Simples;"Curva;Declive";Não;1;0;1;0;0;0;1;1;-22,47513692;-43,21780086;SPRF-RJ;DEL01-RJ;UOP01-DEL01-RJ
718098;13/09/2025;sábado;10:19:00;GO;40;25;LUZIANIA;Ultrapassagem Indevida;Colisão frontal;Com Vítimas Fatais;Pleno dia;Crescente;Sol;Simples;Reta;Sim;2;1;0;0;1;0;0;2;-16,25133;-47,90147;SPRF-DF;DEL01-DF;UOP01-DEL01-DF
718100;13/09/2025;sábado;13:50:00;ES;101;331,8;GUARAPARI;Acumulo de água sobre o pavimento;Saída de leito carroçável;Com Vítimas Feridas;Pleno dia;Crescente;Chuva;Dupla;Reta;Não;1;0;1;0;0;0;1;1;-20,60633483;-40,50646305;SPRF-ES;DEL03-ES;UOP01-DEL03-ES
718101;13/09/2025;sábado;12:20:00;RJ;40;6,8;COMENDADOR LEVY GASPARIAN;Velocidade Incompatível;Saída de leito carroçável;Com Vítimas Feridas;Pleno dia;Decrescente;Garoa/Chuvisco;Dupla;Curva;Não;1;0;0;1;0;0;1;1;-22,03111424;-43,22606055;SPRF-RJ;DEL05-RJ;UOP02-DEL05-RJ
718102;13/09/2025;sábado;10:30:00;RJ;40;22,5;TRES RIOS;Reação tardia ou ineficiente do condutor;Capotamento;Com Vítimas Feridas;Pleno dia;Crescente;Nublado;Dupla;Curva;Sim;3;0;1;0;2;0;1;1;-22,127523;-43,155696;SPRF-RJ;DEL05-RJ;UOP02-DEL05-RJ
718103;13/09/2025;sábado;11:20:00;SC;470;223,8;SAO CRISTOVAO DO SUL;Ausência de reação do condutor;Saída de leito carroçável;Com Vítimas Feridas;Pleno dia;Decrescente;Céu Claro;Simples;Curva;Não;1;0;1;0;0;0;1;1;-27,319909;-50,336389;SPRF-SC;DEL05-SC;UOP03-DEL05-SC
718104;13/09/2025;sábado;11:05:00;PB;101;94;CONDE;Reação tardia ou ineficiente do condutor;Queda de ocupante de veículo;Com Vítimas Feridas;Pleno dia;Decrescente;Sol;Dupla;Reta;Sim;1;0;1;0;0;0;1;1;-7,2177;-34,9127;SPRF-PB;DEL01-PB;UOP01-DEL01-PB
718105;13/09/2025;sábado;08:50:00;MG;116;641,9;FERVEDOURO;Reação tardia ou ineficiente do condutor;Saída de leito carroçável;Com Vítimas Feridas;Pleno dia;Crescente;Céu Claro;Simples;Reta;Não;2;0;2;0;0;0;2;1;-20,666508;-42,26795;SPRF-MG;DEL07-MG;UOP02-DEL07-MG
718106;13/09/2025;sábado;12:50:00;PR;376;182;MARINGA;Manobra de mudança de faixa;Tombamento;Com Vítimas Feridas;Pleno dia;Decrescente;Sol;Dupla;"Interseção de Vias;Rotatória";Sim;2;0;1;0;0;1;1;2;-23,431453;-51,887387;SPRF-PR;DEL09-PR;UOP01-DEL09-PR
718108;13/09/2025;sábado;14:20:00;CE;116;21;EUSEBIO;Condutor deixou de manter distância do veículo da frente;Colisão traseira;Com Vítimas Feridas;Pleno dia;Crescente;Céu Claro;Dupla;"Reta;Declive";Sim;3;0;3;0;0;0;3;2;-3,9321734;-38,508026;SPRF-CE;DEL01-CE;UOP02-DEL01-CE
718109;13/09/2025;sábado;14:20:00;SC;282;3,2;FLORIANOPOLIS;Animais na Pista;Tombamento;Com Vítimas Feridas;Pleno dia;Crescente;Sol;Simples;Reta;Sim;2;0;2;0;0;0;2;1;-27,60203892;-48,59690666;SPRF-SC;DEL01-SC;UOP01-DEL01-SC
718110;13/09/2025;sábado;14:00:00;SC;282;4;SAO JOSE;Condutor deixou de manter distância do veículo da frente;Colisão traseira;Com Vítimas Feridas;Pleno dia;Crescente;Céu Claro;Dupla;"Reta;Declive";Sim;2;0;1;0;1;0;1;2;-27,590972;-48,607112;SPRF-SC;DEL01-SC;UOP01-DEL01-SC
718111;13/09/2025;sábado;13:03:00;MG;116;415,5;GOVERNADOR VALADARES;Transitar na contramão;Colisão transversal;Sem Vítimas;Pleno dia;Crescente;Céu Claro;Simples;Interseção de Vias;Sim;2;0;0;0;2;0;0;2;-18,89377566;-41,94768403;SPRF-MG;DEL06-MG;UOP01-DEL06-MG
718112;13/09/2025;sábado;13:40:00;PR;163;168,4;LINDOESTE;Reação tardia ou ineficiente do condutor;Colisão traseira;Com Vítimas Feridas;Pleno dia;Crescente;Céu Claro;Simples;Reta;Sim;2;0;1;0;1;0;1;2;-25,26872111;-53,57199669;SPRF-PR;DEL05-PR;UOP05-DEL05-PR
718113;13/09/2025;sábado;14:10:00;GO;70;1;AGUAS LINDAS DE GOIAS;Reação tardia ou ineficiente do condutor;Saída de leito carroçável;Com Vítimas Feridas;Pleno dia;Decrescente;Céu Claro;Dupla;Declive;Não;2;0;1;0;1;0;1;1;-15,774149;-48,231877;SPRF-DF;DEL03-DF;UOP02-DEL03-DF