id;data_inversa;dia_semana;horario;uf;br;km;municipio;causa_acidente;tipo_acidente;classificacao_acidente;fase_dia;sentido_via;condicao_metereologica;tipo_pista;tracado_via;uso_solo;pessoas;mortos;feridos_leves;feridos_graves;ilesos;ignorados;feridos;veiculos;latitude;longitude;regional;delegacia;uop
718114;13/09/2025;sábado;14:20:00;ES;262;43,1;MARECHAL FLORIANO;Demais falhas mecânicas ou elétricas;Incêndio;Sem Vítimas;Pleno dia;Crescente;Chuva;Simples;"Curva;Declive";Não;2;0;0;0;2;0;0;1;-20,38445;-40,66377;SPRF-ES;DEL01-ES;UOP01-DEL01-ES
718117;13/09/2025;sábado;14:50:00;CE;116;315;JAGUARIBE;Ausência de reação do condutor;Colisão com objeto;Com Vítimas Feridas;Pleno dia;Decrescente;Nublado;Simples;Reta;Não;2;0;2;0;0;0;2;1;-5,86676626;-38,59450266;SPRF-CE;DEL05-CE;UOP02-DEL05-CE
718119;13/09/2025;sábado;12:25:00;PA;230;116;MARABA;Ausência de reação do condutor;Colisão traseira;Com Vítimas Feridas;Pleno dia;Crescente;Nublado;Dupla;"Reta;Declive";Sim;2;0;1;0;1;0;1;2;-5,359085;-49,083443;SPRF-PA;DEL03-PA;UOP01-DEL03-PA
718120;13/09/2025;sábado;13:30:00;RS;472;152,2;SANTA ROSA;Avarias e/ou desgaste excessivo no pneu;Saída de leito carroçável;Com Vítimas Feridas;Pleno dia;Crescente;Sol;Simples;Reta;Não;1;0;1;0;0;0;1;1;-27,82068674;-54,40547839;SPRF-RS;DEL10-RS;UOP01-DEL10-RS
718122;13/09/2025;sábado;10:20:00;RJ;101;514;ANGRA DOS REIS;Velocidade Incompatível;Colisão lateral sentido oposto;Com Vítimas Feridas;Pleno dia;Decrescente;Chuva;Simples;Curva;Não;5;0;3;0;2;0;3;2;-22,98133;-44,436512;SPRF-RJ;DEL03-RJ;UOP03-DEL03-RJ
718123;13/09/2025;sábado;14:50:00;ES;101;284;CARIACICA;Reação tardia ou ineficiente do condutor;Colisão traseira;Com Vítimas Feridas;Pleno dia;Crescente;Chuva;Dupla;"Reta;Declive";Não;2;0;1;0;1;0;1;2;-20,246943;-40,369971;SPRF-ES;DEL01-ES;UOP01-DEL01-ES
718124;13/09/2025;sábado;15:45:00;MG;262;773;UBERABA;Condutor Dormindo;Saída de leito carroçável;Com Vítimas Feridas;Pleno dia;Crescente;Céu Claro;Simples;"Reta;Aclive";Não;1;0;0;1;0;0;1;1;-19,75785484;-47,78742537;SPRF-MG;DEL13-MG;UOP01-DEL13-MG
718126;13/09/2025;sábado;07:30:00;SP;116;339;JUQUITIBA;Pista Escorregadia;Saída de leito carroçável;Sem Vítimas;Amanhecer;Decrescente;Garoa/Chuvisco;Dupla;Curva;Não;2;0;0;0;2;0;0;1;-23,99566249;-47,14988708;SPRF-SP;DEL04-SP;UOP03-DEL04-SP
718128;13/09/2025;sábado;16:00:00;GO;60;80;ANAPOLIS;Velocidade Incompatível;Colisão traseira;Com Vítimas Feridas;Pleno dia;Decrescente;Céu Claro;Dupla;Declive;Não;4;0;3;1;0;0;4;2;-16,30577732;-48,82126188;SPRF-GO;DEL02-GO;UOP01-DEL02-GO
718129;13/09/2025;sábado;16:00:00;MG;40;460,9;SETE LAGOAS;Condutor Dormindo;Saída de leito carroçável;Com Vítimas Feridas;Pleno dia;Decrescente;Céu Claro;Dupla;"Reta;Declive";Não;1;0;1;0;0;0;1;1;-19,404402;-44,333988;SPRF-MG;DEL02-MG;UOP01-DEL02-MG
718130;13/09/2025;sábado;15:50:00;BA;101;10,6;RIO REAL;Ingestão de álcool pelo condutor;Colisão lateral mesmo sentido;Com Vítimas Feridas;Pleno dia;Crescente;Céu Claro;Dupla;Reta;Não;5;0;1;0;4;0;1;2;-11,565706;-37,869797;SPRF-SE;DEL02-SE;UOP03-DEL02-SE
718133;13/09/2025;sábado;15:25:00;PR;277;130,9;CAMPO LARGO;Acessar a via sem observar a presença dos outros veículos;Saída de leito carroçável;Com Vítimas Feridas;Pleno dia;Crescente;Céu Claro;Dupla;Reta;Não;3;0;0;2;1;0;2;2;-25,450128;-49,583213;SPRF-PR;DEL03-PR;UOP03-DEL03-PR
718134;13/09/2025;sábado;16:30:00;SC;282;15,5;PALHOCA;Acesso irregular;Colisão transversal;Com Vítimas Feridas;Pleno dia;Crescente;Céu Claro;Dupla;Viaduto;Sim;2;0;1;0;1;0;1;2;-27,6620782;-48,67728174;SPRF-SC;DEL01-SC;UOP02-DEL01-SC
718135;13/09/2025;sábado;13:10:00;SC;158;104,7;CUNHA PORA;Reação tardia ou ineficiente do condutor;Saída de leito carroçável;Com Vítimas Feridas;Pleno dia;Decrescente;Céu Claro;Simples;"Reta;Declive";Não;2;0;2;0;0;0;2;1;-26,85517174;-53,16650892;SPRF-SC;DEL07-SC;UOP02-DEL07-SC
718136;13/09/2025;sábado;14:45:00;PA;230;117;MARABA;Acessar a via sem observar a presença dos outros veículos;Colisão transversal;Com Vítimas Feridas;Pleno dia;Crescente;Céu Claro;Dupla;"Retorno Regulamentado;Reta;Declive";Sim;2;0;0;1;1;0;1;2;-5,3546;-49,0924;SPRF-PA;DEL03-PA;UOP01-DEL03-PA
718137;13/09/2025;sábado;17:10:00;GO;50;234;CATALAO;Demais falhas mecânicas ou elétricas;Incêndio;Sem Vítimas;Pleno dia;Decrescente;Céu Claro;Dupla;"Reta;Aclive";Não;1;0;0;0;1;0;0;1;-17,82167038;-47,76177406;SPRF-GO;DEL06-GO;UOP01-DEL06-GO
718138;13/09/2025;sábado;16:30:00;SC;280;235;CANOINHAS;Acessar a via sem observar a presença dos outros veículos;Colisão lateral mesmo sentido;Com Vítimas Feridas;Pleno dia;Decrescente;Céu Claro;Simples;"Reta;Aclive";Sim;3;0;1;0;2;0;1;2;-26,1920581;-50,412897;SPRF-SC;DEL06-SC;UOP04-DEL06-SC
718139;13/09/2025;sábado;12:29:00;AC;364;272;SENA MADUREIRA;Acessar a via sem observar a presença dos outros veículos;Colisão frontal;Com Vítimas Feridas;Pleno dia;Crescente;Céu Claro;Simples;Reta;Sim;2;0;0;1;1;0;1;2;-9,080893;-68,662651;SPRF-AC;DEL01-AC;UOP01-DEL01-AC
718140;13/09/2025;sábado;11:13:00;MT;364;253;JUSCIMEIRA;Demais falhas mecânicas ou elétricas;Queda de ocupante de veículo;Com Vítimas Feridas;Pleno dia;Decrescente;Céu Claro;Dupla;"Reta;Declive";Não;1;0;1;0;0;0;1;1;-16,08960913;-54,86939192;SPRF-MT;DEL02-MT;UOP01-DEL02-MT
718141;13/09/2025;sábado;16:20:00;GO;40;19,3;LUZIANIA;Acessar a via sem observar a presença dos outros veículos;Colisão transversal;Com Vítimas Feridas;Pleno dia;Crescente;Céu Claro;Dupla;Reta;Sim;3;0;0;1;2;0;1;2;-16,20464012;-47,91978836;SPRF-DF;DEL01-DF;UOP01-DEL01-DF
718142;13/09/2025;sábado;15:15:00;MS;163;413,8;NOVA ALVORADA DO SUL;Avarias e/ou desgaste excessivo no pneu;Tombamento;Com Vítimas Feridas;Pleno dia;Crescente;Céu Claro;Simples;"Reta;Aclive";Não;2;0;2;0;0;0;2;1;-21,046429;-54,500116;SPRF-MS;DEL02-MS;UOP01-DEL02-MS
718143;13/09/2025;sábado;17:00:00;SP;116;283;ITAPECERICA DA SERRA;Reação tardia ou ineficiente do condutor;Eventos atípicos;Com Vítimas Feridas;Pleno dia;Crescente;Nublado;Dupla;Reta;Sim;1;0;1;0;0;0;1;1;-23,65221265;-46,84805107;SPRF-SP;DEL04-SP;UOP01-DEL04-SP
718145;13/09/2025;sábado;17:20:00;MG;262;546;CORREGO DANTA;Manobra de mudança de faixa;Colisão lateral mesmo sentido;Com Vítimas Feridas;Pleno dia;Decrescente;Céu Claro;Simples;"Aclive;Em Obras;Reta";Não;3;0;1;0;2;0;1;2;-19,72720051;-45,93628407;SPRF-MG;DEL08-MG;UOP02-DEL08-MG
718147;13/09/2025;sábado;17:30:00;SC;282;218;LAGES;Reação tardia ou ineficiente do condutor;Colisão traseira;Com Vítimas Feridas;Pleno dia;Decrescente;Céu Claro;Simples;Rotatória;Sim;2;0;1;0;1;0;1;2;-27,79779031;-50,31153238;SPRF-SC;DEL05-SC;UOP01-DEL05-SC
718148;13/09/2025;sábado;16:00:00;RS;290;136;ELDORADO DO SUL;Ausência de reação do condutor;Colisão traseira;Sem Vítimas;Pleno dia;Decrescente;Céu Claro;Simples;Reta;Não;3;0;0;0;3;0;0;2;-30,06998532;-51,57634735;SPRF-RS;DEL02-RS;UOP01-DEL02-RS
718149;13/09/2025;sábado;18:00:00;RN;226;353;ALMINO AFONSO;Ingestão de álcool pelo condutor;Queda de ocupante de veículo;Com Vítimas Feridas;Anoitecer;Decrescente;Céu Claro;Simples;Reta;Não;1;0;0;1;0;0;1;1;-6,14880858;-37,75421309;SPRF-RN;DEL04-RN;UOP01-DEL04-RN
718150;13/09/2025;sábado;15:45:00;SC;101;103,2;BALNEARIO PICARRAS;Avarias e/ou desgaste excessivo no pneu;Tombamento;Com Vítimas Feridas;Pleno dia;Decrescente;Céu Claro;Dupla;"Reta;Aclive";Não;2;0;0;1;1;0;1;1;-26,78306421;-48,68297265;SPRF-SC;DEL03-SC;UOP02-DEL03-SC
718151;13/09/2025;sábado;16:30:00;PA;316;245;CACHOEIRA DO PIRIA;Ausência de reação do condutor;Saída de leito carroçável;Com Vítimas Feridas;Pleno dia;Decrescente;Sol;Simples;Reta;Sim;2;0;2;0;0;0;2;1;-1,75746878;-46,54820893;SPRF-PA;DEL01-PA;UOP04-DEL01-PA
718152;13/09/2025;sábado;17:40:00;RJ;116;228;PIRAI;Reação tardia ou ineficiente do condutor;Tombamento;Com Vítimas Feridas;Anoitecer;Decrescente;Céu Claro;Dupla;"Curva;Declive";Não;1;0;1;0;0;0;1;1;-22,6800754;-43,8367159;SPRF-RJ;DEL07-RJ;UOP01-DEL07-RJ
718153;01/09/2025;segunda-feira;18:00:00;PR;376;605;CURITIBA;Desrespeitar a preferência no cruzamento;Colisão transversal;Com Vítimas Feridas;Anoitecer;Crescente;Nublado;Dupla;Interseção de Vias;Sim;2;0;1;0;1;0;1;2;-25,54324051;-49,30694154;SPRF-PR;DEL01-PR;UOP03-DEL01-PR
718154;13/09/2025;sábado;18:00:00;AL;101;75;RIO LARGO;Animais na Pista;Atropelamento de Animal;Sem Vítimas;Plena Noite;Decrescente;Nublado;Dupla;Reta;Não;1;0;0;0;0;1;0;1;-9,408184;-35,840576;SPRF-AL;DEL01-AL;UOP01-DEL01-AL
718155;13/09/2025;sábado;15:15:00;MG;354;704,9;CAXAMBU;Velocidade Incompatível;Saída de leito carroçável;Com Vítimas Feridas;Pleno dia;Crescente;Céu Claro;Simples;"Curva;Viaduto";Sim;2;0;1;1;0;0;2;1;-21,991275;-44,923776;SPRF-MG;DEL17-MG;UOP01-DEL17-MG
718156;13/09/2025;sábado;18:30:00;SC;101;209,5;SAO JOSE;Demais falhas mecânicas ou elétricas;Queda de ocupante de veículo;Com Vítimas Feridas;Plena Noite;Decrescente;Céu Claro;Múltipla;Reta;Sim;2;0;2;0;0;0;2;1;-27,613377;-48,642262;SPRF-SC;DEL01-SC;UOP01-DEL01-SC
718157;13/09/2025;sábado;18:15:00;SC;101;144,5;ITAPEMA;Manobra de mudança de faixa;Colisão lateral mesmo sentido;Com Vítimas Feridas;Anoitecer;Crescente;Céu Claro;Dupla;Reta;Sim;3;0;1;0;1;1;1;3;-27,08083568;-48,60094992;SPRF-SC;DEL04-SC;UOP03-DEL04-SC
718158;13/09/2025;sábado;17:45:00;BA;101;858;TEIXEIRA DE FREITAS;Acesso irregular;Colisão transversal;Sem Vítimas;Anoitecer;Crescente;Céu Claro;Simples;"Declive;Interseção de Vias;Reta";Não;2;0;0;0;1;1;0;2;-17,38656012;-39,66318637;SPRF-BA;DEL09-BA;UOP02-DEL09-BA
718159;13/09/2025;sábado;13:20:00;PI;135;339,7;SANTA LUZ;Acessar a via sem observar a presença dos outros veículos;Colisão transversal;Com Vítimas Feridas;Pleno dia;Crescente;Céu Claro;Simples;"Reta;Declive";Não;2;0;0;1;1;0;1;2;-8,999575;-44,29961;SPRF-PI;DEL03-PI;UOP02-DEL03-PI
718160;13/09/2025;sábado;18:45:00;MG;116;636;DIVINO;Pedestre andava na pista;Atropelamento de Pedestre;Com Vítimas Feridas;Plena Noite;Decrescente;Nublado;Simples;Reta;Sim;2;0;0;1;1;0;1;2;-20,630794;-42,229986;SPRF-MG;DEL07-MG;UOP02-DEL07-MG
718161;13/09/2025;sábado;18:30:00;MG;40;584;ITABIRITO;Neblina;Colisão frontal;Com Vítimas Feridas;Anoitecer;Crescente;Chuva;Simples;Curva;Não;2;0;2;0;0;0;2;2;-20,32973258;-43,92537832;SPRF-MG;DEL01-MG;UOP02-DEL01-MG
718162;13/09/2025;sábado;16:25:00;MT;364;200;RONDONOPOLIS;Reação tardia ou ineficiente do condutor;Saída de leito carroçável;Com Vítimas Feridas;Pleno dia;Decrescente;Céu Claro;Simples;Curva;Não;1;0;1;0;0;0;1;1;-16,51740697;-54,60735798;SPRF-MT;DEL02-MT;UOP01-DEL02-MT
718163;13/09/2025;sábado;18:42:00;PI;343;2,8;TERESINA;Acessar a via sem observar a presença dos outros veículos;Colisão transversal;Com Vítimas Feridas;Plena Noite;Crescente;Céu Claro;Múltipla;Reta;Sim;4;0;1;0;3;0;1;3;-5,081423;-42,771026;SPRF-PI;DEL01-PI;UOP01-DEL01-PI
718164;13/09/2025;sábado;19:00:00;GO;50;278,9;CATALAO;Ausência de reação do condutor;Saída de leito carroçável;Com Vítimas Feridas;Plena Noite;Decrescente;Céu Claro;Dupla;"Em Obras;Reta";Sim;2;0;2;0;0;0;2;1;-18,17333814;-47,92738018;SPRF-GO;DEL06-GO;UOP01-DEL06-GO
718165;13/09/2025;sábado;18:25:00;PE;116;25;SALGUEIRO;Ausência de reação do condutor;Colisão lateral mesmo sentido;Com Vítimas Feridas;Plena Noite;Decrescente;Céu Claro;Simples;Reta;Sim;3;0;1;0;2;0;1;3;-8,06872731;-39,13440585;SPRF-PE;DEL05-PE;UOP01-DEL05-PE
718166;13/09/2025;sábado;18:50:00;PE;408;88,4;SAO LOURENCO DA MATA;Reação tardia ou ineficiente do condutor;Colisão traseira;Com Vítimas Feridas;Plena Noite;Crescente;Nublado;Dupla;Reta;Não;3;0;3;0;0;0;3;2;-8,0232;-35,04013;SPRF-PE;DEL01-PE;UOP01-DEL01-PE
718167;13/09/2025;sábado;18:50:00;PE;101;53,9;PAULISTA;Reação tardia ou ineficiente do condutor;Colisão traseira;Com Vítimas Feridas;Plena Noite;Crescente;Céu Claro;Múltipla;Declive;Sim;4;0;1;0;3;0;1;2;-7,93855051;-34,90349698;SPRF-PE;DEL01-PE;UOP02-DEL01-PE
718168;13/09/2025;sábado;18:30:00;MS;158;280,3;TRES LAGOAS;Acessar a via sem observar a presença dos outros veículos;Colisão transversal;Com Vítimas Feridas;Plena Noite;Crescente;Céu Claro;Dupla;Reta;Não;2;0;0;1;1;0;1;2;-20,8284235;-51,7296871;SPRF-MS;DEL07-MS;UOP01-DEL07-MS
718169;13/09/2025;sábado;15:33:00;MT;163;909;ITAUBA;Reação tardia ou ineficiente do condutor;Colisão traseira;Sem Vítimas;Pleno dia;Decrescente;Céu Claro;Simples;Reta;Não;2;0;0;0;1;1;0;2;-11,2034227;-55,30613132;SPRF-MT;DEL06-MT;UOP02-DEL06-MT
718171;13/09/2025;sábado;18:00:00;GO;153;303;RIALMA;Desrespeitar a preferência no cruzamento;Colisão transversal;Com Vítimas Feridas;Anoitecer;Crescente;Céu Claro;Simples;Interseção de Vias;Sim;3;0;2;0;0;1;2;2;-15,33319395;-49,57099915;SPRF-GO;DEL02-GO;UOP02-DEL02-GO
718173;13/09/2025;sábado;12:00:00;AP;156;795;OIAPOQUE;Reação tardia ou ineficiente do condutor;Saída de leito carroçável;Com Vítimas Feridas;Pleno dia;Crescente;Céu Claro;Simples;"Curva;Aclive";Não;1;0;1;0;0;0;1;1;3,816018;-51,786974;SPRF-AP;DEL01-AP;UOP03-DEL01-AP
718174;13/09/2025;sábado;19:00:00;RJ;40;104;DUQUE DE CAXIAS;Manobra de mudança de faixa;Queda de ocupante de veículo;Com Vítimas Feridas;Plena Noite;Decrescente;Céu Claro;Dupla;Reta;Não;3;0;2;0;0;1;2;2;-22,62718082;-43,28608494;SPRF-RJ;DEL01-RJ;UOP02-DEL01-RJ
718175;13/09/2025;sábado;19:00:00;PR;373;177,5;PONTA GROSSA;Ingestão de álcool pelo condutor;Colisão traseira;Sem Vítimas;Plena Noite;Crescente;Céu Claro;Dupla;Curva;Sim;2;0;0;0;2;0;0;2;-25,05366519;-50,23088694;SPRF-PR;DEL03-PR;UOP01-DEL03-PR
718176;13/09/2025;sábado;16:05:00;MG;381;601;CARMOPOLIS DE MINAS;Chuva;Tombamento;Com Vítimas Feridas;Pleno dia;Decrescente;Chuva;Dupla;Curva;Não;2;0;1;0;1;0;1;1;-20,54022136;-44,6333313;SPRF-MG;DEL04-MG;UOP01-DEL04-MG
718177;13/09/2025;sábado;19:00:00;MG;40;513,1;RIBEIRAO DAS NEVES;Ausência de reação do condutor;Saída de leito carroçável;Sem Vítimas;Plena Noite;Crescente;Nublado;Dupla;Reta;Sim;1;0;0;0;0;1;0;1;-19,79806744;-44,10674413;SPRF-MG;DEL01-MG;UOP02-DEL01-MG
718178;13/09/2025;sábado;18:30:00;ES;101;140,7;LINHARES;Ingestão de álcool pelo condutor;Colisão lateral mesmo sentido;Sem Vítimas;Plena Noite;Decrescente;Nublado;Múltipla;Reta;Sim;2;0;0;0;2;0;0;2;-19,32477737;-40,07266092;SPRF-ES;DEL04-ES;UOP01-DEL04-ES
718179;13/09/2025;sábado;16:30:00;RJ;465;22;RIO DE JANEIRO;Trafegar com motocicleta (ou similar) entre as faixas;Colisão lateral mesmo sentido;Com Vítimas Feridas;Anoitecer;Decrescente;Nublado;Simples;Reta;Sim;4;0;1;0;3;0;1;2;-22,86112;-43,601528;SPRF-RJ;DEL03-RJ;UOP01-DEL03-RJ
718180;13/09/2025;sábado;19:35:00;PR;153;42,3;SANTO ANTONIO DA PLATINA;Transitar na contramão;Colisão frontal;Com Vítimas Feridas;Plena Noite;Crescente;Céu Claro;Simples;Interseção de Vias;Sim;3;0;2;0;1;0;2;2;-23,30160998;-50,07026402;SPRF-PR;DEL07-PR;UOP04-DEL07-PR
718181;13/09/2025;sábado;18:00:00;MG;381;529;BRUMADINHO;Chuva;Capotamento;Com Vítimas Feridas;Anoitecer;Crescente;Chuva;Dupla;Reta;Não;5;0;4;0;1;0;4;1;-20,15909827;-44,32983398;SPRF-MG;DEL04-MG;UOP03-DEL04-MG
718182;13/09/2025;sábado;19:00:00;RS;386;30,4;FREDERICO WESTPHALEN;Ausência de reação do condutor;Saída de leito carroçável;Com Vítimas Fatais;Plena Noite;Crescente;Céu Claro;Simples;"Curva;Aclive";Não;3;1;2;0;0;0;2;1;-27,3357313;-53,38117165;SPRF-RS;DEL08-RS;UOP02-DEL08-RS
718184;13/09/2025;sábado;17:15:00;GO;153;620,8;MORRINHOS;Ausência de reação do condutor;Saída de leito carroçável;Sem Vítimas;Pleno dia;Decrescente;Céu Claro;Dupla;Reta;Não;1;0;0;0;0;1;0;1;-17,724084;-49,15444;SPRF-GO;DEL03-GO;UOP01-DEL03-GO
718186;13/09/2025;sábado;19:40:00;PR;277;693;SAO MIGUEL DO IGUACU;Área urbana sem a presença de local apropriado para a travessia de pedestres;Atropelamento de Pedestre;Com Vítimas Fatais;Plena Noite;Crescente;Céu Claro;Dupla;"Reta;Aclive";Não;2;1;1;0;0;0;1;2;-25,3716541;-54,2689114;SPRF-PR;DEL05-PR;UOP01-DEL05-PR
718187;13/09/2025;sábado;19:50:00;GO;40;119,1;CRISTALINA;Fumaça;Colisão traseira;Com Vítimas Feridas;Plena Noite;Crescente;Céu Claro;Dupla;Reta;Não;4;0;3;0;1;0;3;2;-16,713283;-47,669874;SPRF-DF;DEL01-DF;UOP02-DEL01-DF
718188;13/09/2025;sábado;20:20:00;PB;230;17;JOAO PESSOA;Ingestão de álcool pelo condutor;Colisão lateral mesmo sentido;Sem Vítimas;Plena Noite;Crescente;Céu Claro;Dupla;Curva;Sim;4;0;0;0;4;0;0;2;-7,11712411;-34,84268594;SPRF-PB;DEL01-PB;UOP01-DEL01-PB
718190;13/09/2025;sábado;18:50:00;BA;101;402;IBIRAPITANGA;Pedestre - Ingestão de álcool/ substâncias psicoativas;Atropelamento de Pedestre;Com Vítimas Feridas;Plena Noite;Crescente;Céu Claro;Simples;Reta;Não;2;0;0;2;0;0;2;2;-14,014112;-39,436222;SPRF-BA;DEL05-BA;UOP03-DEL05-BA
718191;13/09/2025;sábado;17:15:00;MG;381;568,4;ITAGUARA;Velocidade Incompatível;Saída de leito carroçável;Com Vítimas Feridas;Pleno dia;Crescente;Chuva;Dupla;"Curva;Declive";Não;2;0;1;0;1;0;1;1;-20,407725;-44,524774;SPRF-MG;DEL04-MG;UOP03-DEL04-MG
718192;13/09/2025;sábado;18:30:00;PI;316;63;MONSENHOR GIL;Ausência de reação do condutor;Atropelamento de Pedestre;Com Vítimas Feridas;Anoitecer;Crescente;Céu Claro;Simples;Reta;Não;4;0;0;3;1;0;3;3;-5,63804051;-42,592206;SPRF-PI;DEL01-PI;UOP02-DEL01-PI
718194;13/09/2025;sábado;16:30:00;RJ;40;120;DUQUE DE CAXIAS;Trafegar com motocicleta (ou similar) entre as faixas;Queda de ocupante de veículo;Com Vítimas Feridas;Pleno dia;Decrescente;Céu Claro;Dupla;Reta;Não;4;0;1;0;3;0;1;3;-22,76623944;-43,286298;SPRF-RJ;DEL01-RJ;UOP02-DEL01-RJ
718195;13/09/2025;sábado;21:30:00;RN;101;139;ARES;Pista esburacada;Queda de ocupante de veículo;Com Vítimas Feridas;Plena Noite;Crescente;Céu Claro;Dupla;Reta;Não;1;0;1;0;0;0;1;1;-6,22233623;-35,21610785;SPRF-RN;DEL01-RN;UOP01-DEL01-RN
718196;13/09/2025;sábado;19:50:00;MG;365;2,2;MONTES CLAROS;Acessar a via sem observar a presença dos outros veículos;Colisão transversal;Com Vítimas Feridas;Plena Noite;Crescente;Céu Claro;Simples;"Reta;Interseção de Vias";Não;6;0;2;0;4;0;2;2;-16,781959;-43,88979;SPRF-MG;DEL12-MG;UOP01-DEL12-MG
718197;13/09/2025;sábado;21:40:00;SC;101;204,6;SAO JOSE;Acessar a via sem observar a presença dos outros veículos;Colisão lateral mesmo sentido;Com Vítimas Feridas;Plena Noite;Crescente;Céu Claro;Dupla;Reta;Sim;2;0;1;0;1;0;1;2;-27,579827;-48,614715;SPRF-SC;DEL01-SC;UOP01-DEL01-SC
718200;13/09/2025;sábado;20:20:00;MS;60;427;SIDROLANDIA;Ausência de reação do condutor;Tombamento;Com Vítimas Feridas;Plena Noite;Crescente;Céu Claro;Simples;Reta;Sim;2;0;2;0;0;0;2;1;-20,94633774;-54,96803123;SPRF-MS;DEL01-MS;UOP04-DEL01-MS
718202;13/09/2025;sábado;20:30:00;SC;101;406,6;ARARANGUA;Ausência de reação do condutor;Colisão traseira;Com Vítimas Feridas;Plena Noite;Crescente;Céu Claro;Dupla;Reta;Não;2;0;1;0;1;0;1;2;-28,91622207;-49,48757172;SPRF-SC;DEL02-SC;UOP02-DEL02-SC
718203;13/09/2025;sábado;19:20:00;SC;280;306,1;PORTO UNIAO;Acessar a via sem observar a presença dos outros veículos;Colisão transversal;Sem Vítimas;Plena Noite;Decrescente;Céu Claro;Simples;Reta;Não;2;0;0;0;1;1;0;2;-26,25554922;-51,07749939;SPRF-SC;DEL06-SC;UOP04-DEL06-SC
718204;13/09/2025;sábado;20:50:00;PE;428;191,6;PETROLINA;Condutor desrespeitou a iluminação vermelha do semáforo;Atropelamento de Pedestre;Com Vítimas Feridas;Plena Noite;Decrescente;Céu Claro;Dupla;Reta;Não;3;0;0;1;2;0;1;2;-9,38423;-40,519143;SPRF-PE;DEL06-PE;UOP01-DEL06-PE
718206;13/09/2025;sábado;22:40:00;PR;369;147;LONDRINA;Ausência de reação do condutor;Saída de leito carroçável;Com Vítimas Feridas;Plena Noite;Crescente;Céu Claro;Dupla;Reta;Sim;2;0;1;0;1;0;1;1;-23,293;-51,132;SPRF-PR;DEL07-PR;UOP01-DEL07-PR
718213;13/09/2025;sábado;23:15:00;SP;116;223;GUARULHOS;Reação tardia ou ineficiente do condutor;Colisão traseira;Com Vítimas Feridas;Plena Noite;Crescente;Vento;Múltipla;Reta;Sim;2;0;1;0;1;0;1;2;-23,47939802;-46,53134345;SPRF-SP;DEL01-SP;UOP01-DEL01-SP
718214;13/09/2025;sábado;23:00:00;DF;40;3;BRASILIA;Ingestão de álcool pelo condutor;Colisão lateral mesmo sentido;Com Vítimas Feridas;Plena Noite;Crescente;Céu Claro;Dupla;Reta;Sim;4;0;2;0;2;0;2;4;-16,00749;-47,98256;SPRF-DF;DEL01-DF;UOP01-DEL01-DF
718216;13/09/2025;sábado;06:45:00;MG;116;331,7;CAMPANARIO;Ultrapassagem Indevida;Colisão com objeto;Com Vítimas Feridas;Pleno dia;Decrescente;Céu Claro;Simples;"Ponte;Reta";Não;3;0;2;0;1;0;2;1;-18,251681;-41,736344;SPRF-MG;DEL11-MG;UOP01-DEL11-MG
718218;13/09/2025;sábado;20:00:00;MG;116;631,7;DIVINO;Acesso irregular;Colisão transversal;Sem Vítimas;Plena Noite;Decrescente;Céu Claro;Simples;Reta;Não;2;0;0;0;1;1;0;2;-20,606681;-42,210542;SPRF-MG;DEL07-MG;UOP02-DEL07-MG
718219;13/09/2025;sábado;22:20:00;SC;101;93,4;BARRA VELHA;Condutor deixou de manter distância do veículo da frente;Colisão traseira;Com Vítimas Feridas;Plena Noite;Crescente;Céu Claro;Dupla;Reta;Sim;5;0;3;0;1;1;3;2;-26,6916548;-48,69740836;SPRF-SC;DEL03-SC;UOP02-DEL03-SC
718221;13/09/2025;sábado;22:50:00;SP;116;370;MIRACATU;Demais falhas mecânicas ou elétricas;Queda de ocupante de veículo;Com Vítimas Feridas;Plena Noite;Crescente;Nublado;Dupla;Reta;Não;2;0;1;0;1;0;1;1;-24,15785505;-47,3263948;SPRF-SP;DEL04-SP;UOP02-DEL04-SP
718222;13/09/2025;sábado;20:35:00;PI;343;280,2;ALTOS;Ausência de reação do condutor;Colisão traseira;Sem Vítimas;Plena Noite;Decrescente;Céu Claro;Simples;Reta;Não;2;0;0;0;2;0;0;2;-4,93978547;-42,31752634;SPRF-PI;DEL01-PI;UOP03-DEL01-PI
718223;13/09/2025;sábado;23:10:00;RS;470;218,5;BENTO GONCALVES;Transitar na contramão;Colisão frontal;Com Vítimas Feridas;Plena Noite;Decrescente;Céu Claro;Simples;Curva;Sim;4;0;3;0;0;1;3;3;-29,1853122;-51,5212474;SPRF-RS;DEL06-RS;UOP01-DEL06-RS
718224;13/09/2025;sábado;23:30:00;PR;277;6,8;PARANAGUA;Acumulo de areia ou detritos sobre o pavimento;Tombamento;Com Vítimas Feridas;Plena Noite;Decrescente;Céu Claro;Dupla;Rotatória;Sim;2;0;1;0;1;0;1;1;-25,51477036;-48,52297926;SPRF-PR;DEL01-PR;UOP05-DEL01-PR
718225;13/09/2025;sábado;22:00:00;MG;381;494,2;BETIM;Transitar na contramão;Colisão frontal;Com Vítimas Fatais;Pleno dia;Decrescente;Céu Claro;Dupla;Reta;Sim;6;2;0;1;3;0;1;4;-19,96722246;-44,17937128;SPRF-MG;DEL01-MG;UOP03-DEL01-MG