id;data_inversa;dia_semana;horario;uf;br;km;municipio;causa_acidente;tipo_acidente;classificacao_acidente;fase_dia;sentido_via;condicao_metereologica;tipo_pista;tracado_via;uso_solo;pessoas;mortos;feridos_leves;feridos_graves;ilesos;ignorados;feridos;veiculos;latitude;longitude;regional;delegacia;uop
718343;14/09/2025;domingo;15:25:00;RS;290;94;PORTO ALEGRE;Reação tardia ou ineficiente do condutor;Colisão traseira;Com Vítimas Feridas;Pleno dia;Decrescente;Céu Claro;Dupla;Reta;Não;2;0;1;0;1;0;1;2;-29,97160089;-51,1903038;SPRF-RS;DEL01-RS;UOP01-DEL01-RS
718346;14/09/2025;domingo;14:50:00;SC;470;49;BLUMENAU;Ausência de reação do condutor;Capotamento;Sem Vítimas;Pleno dia;Crescente;Céu Claro;Dupla;Curva;Sim;1;0;0;0;0;1;0;1;-26,86134546;-49,06926982;SPRF-SC;DEL04-SC;UOP01-DEL04-SC
718347;14/09/2025;domingo;15:32:00;GO;153;515;APARECIDA DE GOIANIA;Ingestão de álcool pelo condutor;Colisão traseira;Com Vítimas Feridas;Pleno dia;Decrescente;Céu Claro;Dupla;Reta;Não;6;0;0;1;5;0;1;2;-16,8048373;-49,2397626;SPRF-GO;DEL01-GO;UOP03-DEL01-GO
718350;14/09/2025;domingo;16:00:00;BA;367;72;EUNAPOLIS;Retorno proibido;Colisão transversal;Com Vítimas Feridas;Pleno dia;Crescente;Céu Claro;Simples;Curva;Não;3;0;0;2;1;0;2;2;-16,38744098;-39,48157328;SPRF-BA;DEL09-BA;UOP03-DEL09-BA
718351;14/09/2025;domingo;15:35:00;SC;101;90,5;BARRA VELHA;Avarias e/ou desgaste excessivo no pneu;Tombamento;Com Vítimas Feridas;Pleno dia;Decrescente;Céu Claro;Dupla;Reta;Não;2;0;2;0;0;0;2;1;-26,65728636;-48,68792709;SPRF-SC;DEL03-SC;UOP02-DEL03-SC
718352;14/09/2025;domingo;16:20:00;ES;262;63,7;MARECHAL FLORIANO;Condutor Dormindo;Colisão frontal;Com Vítimas Feridas;Pleno dia;Crescente;Nublado;Simples;Reta;Não;5;0;1;4;0;0;5;2;-20,412165;-40,858965;SPRF-ES;DEL01-ES;UOP02-DEL01-ES
718353;14/09/2025;domingo;16:10:00;SP;153;31,5;NOVA GRANADA;Desrespeitar a preferência no cruzamento;Colisão transversal;Com Vítimas Feridas;Pleno dia;Crescente;Céu Claro;Simples;"Retorno Regulamentado;Reta;Interseção de Vias";Não;5;0;3;0;2;0;3;2;-20,551581;-49,327512;SPRF-SP;DEL09-SP;UOP01-DEL09-SP
718355;14/09/2025;domingo;16:15:00;MG;50;72;UBERLANDIA;Ausência de reação do condutor;Colisão lateral mesmo sentido;Com Vítimas Feridas;Pleno dia;Crescente;Céu Claro;Dupla;Reta;Sim;2;0;0;1;1;0;1;2;-18,896995;-48,245867;SPRF-MG;DEL15-MG;UOP01-DEL15-MG
718357;14/09/2025;domingo;15:30:00;PR;476;143,6;CURITIBA;Ausência de reação do condutor;Saída de leito carroçável;Com Vítimas Feridas;Pleno dia;Crescente;Céu Claro;Dupla;Curva;Sim;2;0;2;0;0;0;2;1;-25,53820583;-49,31210009;SPRF-PR;DEL01-PR;UOP03-DEL01-PR
718358;14/09/2025;domingo;15:20:00;PR;376;215,5;JANDAIA DO SUL;Velocidade Incompatível;Colisão lateral mesmo sentido;Sem Vítimas;Pleno dia;Crescente;Céu Claro;Dupla;Declive;Sim;4;0;0;0;3;1;0;3;-23,58598348;-51,64749797;SPRF-PR;DEL09-PR;UOP01-DEL09-PR
718360;14/09/2025;domingo;15:58:00;PE;232;233;PESQUEIRA;Reação tardia ou ineficiente do condutor;Colisão transversal;Com Vítimas Feridas;Pleno dia;Decrescente;Céu Claro;Simples;Reta;Não;2;0;0;1;1;0;1;2;-8,405417;-36,817412;SPRF-PE;DEL03-PE;UOP02-DEL03-PE
718361;14/09/2025;domingo;15:20:00;AP;156;793;OIAPOQUE;Demais falhas na via;Colisão traseira;Com Vítimas Feridas;Pleno dia;Decrescente;Céu Claro;Simples;Reta;Não;5;0;2;1;2;0;3;2;3,802262;-51,78119;SPRF-AP;DEL01-AP;UOP03-DEL01-AP
718362;14/09/2025;domingo;16:15:00;GO;153;84;PORANGATU;Ausência de reação do condutor;Saída de leito carroçável;Com Vítimas Feridas;Pleno dia;Decrescente;Nublado;Simples;Curva;Não;1;0;0;1;0;0;1;1;-13,54967719;-49,10004258;SPRF-GO;DEL07-GO;UOP01-DEL07-GO
718363;14/09/2025;domingo;13:50:00;PB;230;463;SOUSA;Velocidade Incompatível;Queda de ocupante de veículo;Com Vítimas Feridas;Pleno dia;Crescente;Céu Claro;Simples;Reta;Não;2;0;0;2;0;0;2;2;-6,781033;-38,254;SPRF-PB;DEL03-PB;UOP03-DEL03-PB
718364;14/09/2025;domingo;17:30:00;RN;101;105;PARNAMIRIM;Avarias e/ou desgaste excessivo no pneu;Tombamento;Com Vítimas Feridas;Anoitecer;Crescente;Céu Claro;Dupla;Reta;Não;1;0;0;1;0;0;1;1;-5,902553;-35,259683;SPRF-RN;DEL01-RN;UOP01-DEL01-RN
718365;14/09/2025;domingo;16:30:00;PI;343;148;PIRACURUCA;Ausência de reação do condutor;Colisão com objeto;Com Vítimas Feridas;Pleno dia;Crescente;Céu Claro;Simples;Curva;Não;1;0;1;0;0;0;1;1;-3,9804;-41,7571;SPRF-PI;DEL02-PI;UOP01-DEL02-PI
718367;14/09/2025;domingo;17:20:00;SC;101;318;PESCARIA BRAVA;Acessar a via sem observar a presença dos outros veículos;Colisão transversal;Com Vítimas Feridas;Pleno dia;Crescente;Céu Claro;Simples;"Interseção de Vias;Viaduto";Sim;5;0;1;0;4;0;1;2;-28,42725496;-48,88328645;SPRF-SC;DEL02-SC;UOP01-DEL02-SC
718368;14/09/2025;domingo;17:10:00;PR;376;107,5;PARANAVAI;Reação tardia ou ineficiente do condutor;Saída de leito carroçável;Com Vítimas Feridas;Pleno dia;Decrescente;Céu Claro;Dupla;"Reta;Aclive";Sim;2;0;1;0;1;0;1;1;-23,06528116;-52,4290967;SPRF-PR;DEL09-PR;UOP02-DEL09-PR
718369;14/09/2025;domingo;17:36:00;SC;101;150;ITAPEMA;Manobra de mudança de faixa;Colisão lateral mesmo sentido;Com Vítimas Feridas;Pleno dia;Decrescente;Nublado;Dupla;Reta;Sim;3;0;0;1;2;0;1;3;-27,1217916;-48,6092004;SPRF-SC;DEL04-SC;UOP03-DEL04-SC
718370;14/09/2025;domingo;17:00:00;ES;393;2,2;CACHOEIRO DE ITAPEMIRIM;Pedestre - Ingestão de álcool/ substâncias psicoativas;Atropelamento de Pedestre;Com Vítimas Feridas;Pleno dia;Crescente;Nublado;Simples;Reta;Sim;2;0;1;0;0;1;1;2;-20,8327139;-41,1761915;SPRF-ES;DEL03-ES;UOP02-DEL03-ES
718372;14/09/2025;domingo;17:30:00;PR;376;597,8;CURITIBA;Velocidade Incompatível;Tombamento;Com Vítimas Feridas;Pleno dia;Crescente;Céu Claro;Dupla;"Reta;Declive";Sim;2;0;2;0;0;0;2;2;-25,485622;-49,347236;SPRF-PR;DEL01-PR;UOP03-DEL01-PR
718373;14/09/2025;domingo;17:13:00;RN;110;47,9;MOSSORO;Acessar a via sem observar a presença dos outros veículos;Colisão transversal;Com Vítimas Feridas;Pleno dia;Crescente;Céu Claro;Simples;"Interseção de Vias;Reta";Sim;2;0;1;0;0;1;1;2;-5,208728;-37,332778;SPRF-RN;DEL04-RN;UOP01-DEL04-RN
718375;14/09/2025;domingo;18:00:00;RS;386;367,3;FAZENDA VILANOVA;Reação tardia ou ineficiente do condutor;Colisão transversal;Com Vítimas Feridas;Anoitecer;Decrescente;Sol;Dupla;"Interseção de Vias;Rotatória;Reta";Sim;4;0;1;0;3;0;1;2;-29,58164573;-51,84082604;SPRF-RS;DEL04-RS;UOP01-DEL04-RS
718378;14/09/2025;domingo;18:00:00;MG;40;517;RIBEIRAO DAS NEVES;Trafegar com motocicleta (ou similar) entre as faixas;Colisão transversal;Com Vítimas Feridas;Anoitecer;Decrescente;Céu Claro;Dupla;Reta;Sim;7;0;1;0;6;0;1;2;-19,82953751;-44,08350771;SPRF-MG;DEL01-MG;UOP02-DEL01-MG
718380;14/09/2025;domingo;15:10:00;MA;222;364;SANTA INES;Ingestão de álcool pelo condutor;Saída de leito carroçável;Sem Vítimas;Pleno dia;Decrescente;Céu Claro;Simples;Reta;Não;1;0;0;0;0;1;0;1;-3,685489;-45,39747;SPRF-MA;DEL02-MA;UOP01-DEL02-MA
718381;14/09/2025;domingo;17:46:00;PB;230;136;MASSARANDUBA;Avarias e/ou desgaste excessivo no pneu;Capotamento;Com Vítimas Feridas;Anoitecer;Decrescente;Vento;Dupla;Curva;Não;1;0;0;1;0;0;1;1;-7,27804961;-35,77199578;SPRF-PB;DEL02-PB;UOP01-DEL02-PB
718382;14/09/2025;domingo;17:40:00;CE;20;257;ITATIRA;Condutor deixou de manter distância do veículo da frente;Colisão traseira;Sem Vítimas;Plena Noite;Crescente;Céu Claro;Simples;Reta;Não;3;0;0;0;3;0;0;2;-4,72614362;-39,46745809;SPRF-CE;DEL02-CE;UOP01-DEL02-CE
718383;14/09/2025;domingo;18:00:00;MG;381;7;BETIM;Reação tardia ou ineficiente do condutor;Tombamento;Com Vítimas Feridas;Plena Noite;Crescente;Céu Claro;Dupla;Reta;Não;1;0;0;1;0;0;1;1;-19,98788451;-44,19823838;SPRF-MG;DEL01-MG;UOP03-DEL01-MG
718384;14/09/2025;domingo;16:48:00;PE;316;27;ARARIPINA;Transitar na contramão;Colisão transversal;Com Vítimas Feridas;Anoitecer;Crescente;Céu Claro;Simples;Reta;Sim;2;0;1;0;1;0;1;2;-7,60284166;-40,49042344;SPRF-PE;DEL05-PE;UOP02-DEL05-PE
718385;14/09/2025;domingo;17:05:00;RS;470;167;VILA FLORES;Ausência de reação do condutor;Saída de leito carroçável;Com Vítimas Feridas;Pleno dia;Crescente;Céu Claro;Simples;"Declive;Reta";Sim;1;0;1;0;0;0;1;1;-28,87078666;-51,55098438;SPRF-RS;DEL06-RS;UOP02-DEL06-RS
718386;14/09/2025;domingo;17:30:00;MA;316;600;TIMON;Condutor deixou de manter distância do veículo da frente;Capotamento;Com Vítimas Feridas;Anoitecer;Decrescente;Céu Claro;Simples;Reta;Não;4;0;2;0;2;0;2;1;-5,023489;-42,957204;SPRF-MA;DEL03-MA;UOP02-DEL03-MA
718387;14/09/2025;domingo;19:10:00;GO;414;438;ANAPOLIS;Ingestão de álcool pelo condutor;Colisão traseira;Sem Vítimas;Plena Noite;Crescente;Céu Claro;Simples;"Declive;Reta";Sim;3;0;0;0;3;0;0;2;-16,269366;-48,939671;SPRF-GO;DEL02-GO;UOP01-DEL02-GO
718388;14/09/2025;domingo;18:21:00;SC;101;227;PALHOCA;Condutor deixou de manter distância do veículo da frente;Engavetamento;Com Vítimas Feridas;Plena Noite;Decrescente;Céu Claro;Dupla;Reta;Sim;7;0;0;1;4;2;1;6;-27,74884705;-48,63560423;SPRF-SC;DEL01-SC;UOP02-DEL01-SC
718390;14/09/2025;domingo;19:00:00;SP;116;224,5;GUARULHOS;Reação tardia ou ineficiente do condutor;Colisão traseira;Com Vítimas Feridas;Plena Noite;Decrescente;Nublado;Múltipla;Reta;Sim;5;0;1;0;3;1;1;3;-23,483026;-46,53704;SPRF-SP;DEL01-SP;UOP01-DEL01-SP
718391;14/09/2025;domingo;19:10:00;ES;101;266,4;SERRA;Pedestre cruzava a pista fora da faixa;Atropelamento de Pedestre;Com Vítimas Feridas;Plena Noite;Crescente;Céu Claro;Dupla;Reta;Sim;1;0;1;0;0;0;1;1;-20,19440188;-40,26848317;SPRF-ES;DEL02-ES;UOP01-DEL02-ES
718392;14/09/2025;domingo;19:20:00;SE;235;55;ITABAIANA;Pedestre cruzava a pista fora da faixa;Atropelamento de Pedestre;Com Vítimas Feridas;Plena Noite;Decrescente;Céu Claro;Simples;Reta;Sim;4;0;1;0;3;0;1;2;-10,66728679;-37,44609324;SPRF-SE;DEL01-SE;UOP02-DEL01-SE
718393;14/09/2025;domingo;18:50:00;GO;40;24;LUZIANIA;Ausência de reação do condutor;Colisão com objeto;Com Vítimas Feridas;Plena Noite;Decrescente;Céu Claro;Dupla;Reta;Sim;4;0;3;0;1;0;3;1;-16,24123152;-47,90947661;SPRF-DF;DEL01-DF;UOP01-DEL01-DF
718394;14/09/2025;domingo;18:45:00;SC;101;210;SAO JOSE;Reação tardia ou ineficiente do condutor;Tombamento;Com Vítimas Feridas;Plena Noite;Decrescente;Céu Claro;Dupla;Reta;Não;1;0;1;0;0;0;1;1;-27,61775323;-48,64648528;SPRF-SC;DEL01-SC;UOP01-DEL01-SC
718395;14/09/2025;domingo;18:00:00;MS;163;484,4;CAMPO GRANDE;Acessar a via sem observar a presença dos outros veículos;Colisão frontal;Com Vítimas Feridas;Plena Noite;Crescente;Céu Claro;Simples;"Interseção de Vias;Reta";Não;5;0;2;0;3;0;2;2;-20,44762;-54,54095;SPRF-MS;DEL01-MS;UOP02-DEL01-MS
718396;14/09/2025;domingo;19:10:00;DF;60;2,4;BRASILIA;Entrada inopinada do pedestre;Atropelamento de Pedestre;Com Vítimas Fatais;Plena Noite;Crescente;Ignorado;Dupla;Reta;Não;8;1;0;0;5;2;0;2;-15,887893;-48,079472;SPRF-DF;DEL03-DF;UOP01-DEL03-DF
718397;14/09/2025;domingo;15:30:00;RS;470;232;CARLOS BARBOSA;Acessar a via sem observar a presença dos outros veículos;Colisão transversal;Com Vítimas Feridas;Pleno dia;Decrescente;Céu Claro;Simples;Reta;Não;6;0;3;0;3;0;3;2;-29,29860039;-51,48060322;SPRF-RS;DEL06-RS;UOP01-DEL06-RS
718398;14/09/2025;domingo;15:30:00;PE;101;175;JOAQUIM NABUCO;Ausência de reação do condutor;Queda de ocupante de veículo;Com Vítimas Feridas;Pleno dia;Crescente;Céu Claro;Dupla;Curva;Não;1;0;0;1;0;0;1;1;-8,5948521;-35,524948;SPRF-PE;DEL01-PE;UOP03-DEL01-PE
718399;14/09/2025;domingo;19:00:00;MG;116;520,5;CARATINGA;Ausência de reação do condutor;Colisão transversal;Sem Vítimas;Plena Noite;Crescente;Céu Claro;Simples;Reta;Não;2;0;0;0;1;1;0;2;-19,81701739;-42,13625908;SPRF-MG;DEL06-MG;UOP02-DEL06-MG
718400;14/09/2025;domingo;19:45:00;ES;101;174;ARACRUZ;Condutor deixou de manter distância do veículo da frente;Colisão traseira;Sem Vítimas;Plena Noite;Crescente;Céu Claro;Simples;Reta;Sim;4;0;0;0;4;0;0;2;-19,5808007;-40,1880271;SPRF-ES;DEL04-ES;UOP01-DEL04-ES
718401;14/09/2025;domingo;14:15:00;MA;316;574;CAXIAS;Acessar a via sem observar a presença dos outros veículos;Colisão transversal;Com Vítimas Feridas;Pleno dia;Decrescente;Sol;Simples;Reta;Não;3;0;1;1;0;1;2;2;-4,94082208;-43,1638898;SPRF-MA;DEL03-MA;UOP02-DEL03-MA
718402;14/09/2025;domingo;19:00:00;PR;277;62,5;SAO JOSE DOS PINHAIS;Acesso irregular;Colisão transversal;Com Vítimas Feridas;Plena Noite;Decrescente;Nublado;Dupla;Reta;Não;2;0;1;0;1;0;1;2;-25,543487;-49,056523;SPRF-PR;DEL01-PR;UOP01-DEL01-PR
718403;14/09/2025;domingo;17:20:00;SC;116;52,9;PAPANDUVA;Conversão proibida;Colisão lateral mesmo sentido;Com Vítimas Feridas;Pleno dia;Crescente;Céu Claro;Simples;"Declive;Reta";Sim;3;0;1;0;2;0;1;2;-26,393509;-50,155919;SPRF-SC;DEL06-SC;UOP01-DEL06-SC
718405;14/09/2025;domingo;15:20:00;GO;452;182;ITUMBIARA;Ingestão de álcool pelo condutor;Incêndio;Sem Vítimas;Pleno dia;Decrescente;Céu Claro;Simples;Reta;Não;1;0;0;0;0;1;0;1;-18,38582741;-49,34185088;SPRF-GO;DEL03-GO;UOP02-DEL03-GO
718406;14/09/2025;domingo;20:00:00;SC;101;148;ITAPEMA;Ingestão de álcool pelo condutor;Colisão traseira;Com Vítimas Feridas;Plena Noite;Decrescente;Nublado;Dupla;Reta;Sim;3;0;0;2;1;0;2;2;-27,094056;-48,617761;SPRF-SC;DEL04-SC;UOP03-DEL04-SC
718407;14/09/2025;domingo;19:10:00;PR;373;233;IMBITUVA;Acessar a via sem observar a presença dos outros veículos;Colisão transversal;Com Vítimas Feridas;Plena Noite;Crescente;Céu Claro;Simples;Reta;Não;4;0;2;1;1;0;3;2;-25,186746;-50,69761;SPRF-PR;DEL03-PR;UOP01-DEL03-PR
718408;14/09/2025;domingo;19:00:00;PE;428;8,5;CABROBO;Transitar na contramão;Colisão frontal;Com Vítimas Feridas;Plena Noite;Decrescente;Céu Claro;Simples;Reta;Sim;2;0;0;1;1;0;1;2;-8,511512;-39,300538;SPRF-PE;DEL05-PE;UOP03-DEL05-PE
718409;14/09/2025;domingo;19:58:00;SP;116;201;ARUJA;Transitar na contramão;Atropelamento de Pedestre;Com Vítimas Feridas;Plena Noite;Crescente;Céu Claro;Múltipla;Reta;Não;2;0;0;1;1;0;1;2;-23,40674903;-46,33650754;SPRF-SP;DEL01-SP;UOP01-DEL01-SP
718410;14/09/2025;domingo;19:30:00;PB;230;155;CAMPINA GRANDE;Manobra de mudança de faixa;Colisão frontal;Com Vítimas Feridas;Plena Noite;Crescente;Céu Claro;Simples;Reta;Não;6;0;6;0;0;0;6;2;-7,272728;-35,90982;SPRF-PB;DEL02-PB;UOP01-DEL02-PB
718411;14/09/2025;domingo;19:00:00;ES;101;287,5;CARIACICA;Reação tardia ou ineficiente do condutor;Colisão com objeto;Sem Vítimas;Plena Noite;Crescente;Nublado;Dupla;Reta;Sim;1;0;0;0;1;0;0;1;-20,27904545;-40,39281964;SPRF-ES;DEL01-ES;UOP01-DEL01-ES
718412;14/09/2025;domingo;19:15:00;RS;116;114,9;SAO MARCOS;Reação tardia ou ineficiente do condutor;Atropelamento de Pedestre;Com Vítimas Feridas;Plena Noite;Crescente;Céu Claro;Dupla;"Interseção de Vias;Rotatória;Aclive";Sim;3;0;0;1;1;1;1;2;-28,9703;-51,071818;SPRF-RS;DEL05-RS;UOP01-DEL05-RS
718413;14/09/2025;domingo;18:10:00;RJ;393;269,8;BARRA DO PIRAI;Retorno proibido;Colisão transversal;Com Vítimas Feridas;Plena Noite;Crescente;Céu Claro;Simples;Curva;Não;2;0;1;0;1;0;1;2;-22,4828051;-43,95753;SPRF-RJ;DEL05-RJ;UOP04-DEL05-RJ
718414;14/09/2025;domingo;20:15:00;PR;277;721;FOZ DO IGUACU;Ingestão de álcool pelo condutor;Saída de leito carroçável;Com Vítimas Feridas;Plena Noite;Decrescente;Céu Claro;Dupla;Reta;Sim;1;0;1;0;0;0;1;1;-25,48810918;-54,50433348;SPRF-PR;DEL05-PR;UOP03-DEL05-PR
718415;14/09/2025;domingo;18:40:00;PI;343;261,1;CAMPO MAIOR;Condutor Dormindo;Colisão lateral sentido oposto;Com Vítimas Feridas;Plena Noite;Crescente;Céu Claro;Simples;Reta;Não;2;0;1;0;1;0;1;2;-4,805735;-42,144428;SPRF-PI;DEL01-PI;UOP03-DEL01-PI
718417;14/09/2025;domingo;08:00:00;MT;364;438;VARZEA GRANDE;Reação tardia ou ineficiente do condutor;Capotamento;Com Vítimas Feridas;Pleno dia;Crescente;Céu Claro;Dupla;Curva;Não;1;0;1;0;0;0;1;1;-15,61915179;-56,2055397;SPRF-MT;DEL01-MT;UOP02-DEL01-MT
718418;14/09/2025;domingo;17:00:00;MG;262;413,7;PARA DE MINAS;Acessar a via sem observar a presença dos outros veículos;Colisão transversal;Com Vítimas Feridas;Pleno dia;Crescente;Sol;Dupla;Retorno Regulamentado;Sim;2;0;0;1;1;0;1;2;-19,88284;-44,75398;SPRF-MG;DEL08-MG;UOP03-DEL08-MG
718419;14/09/2025;domingo;19:50:00;PI;316;28;DEMERVAL LOBAO;Ausência de reação do condutor;Tombamento;Com Vítimas Feridas;Plena Noite;Crescente;Céu Claro;Dupla;Reta;Não;2;0;2;0;0;0;2;1;-5,330001;-42,69825;SPRF-PI;DEL01-PI;UOP02-DEL01-PI
718422;14/09/2025;domingo;20:30:00;SC;101;149;ITAPEMA;Ingestão de álcool pelo condutor;Colisão lateral mesmo sentido;Com Vítimas Feridas;Plena Noite;Decrescente;Céu Claro;Múltipla;Reta;Não;2;0;2;0;0;0;2;2;-27,11481861;-48,60958664;SPRF-SC;DEL04-SC;UOP03-DEL04-SC
718423;14/09/2025;domingo;20:00:00;MG;381;669,7;PERDOES;Manobra de mudança de faixa;Queda de ocupante de veículo;Com Vítimas Feridas;Plena Noite;Crescente;Céu Claro;Dupla;Curva;Não;1;0;1;0;0;0;1;1;-21,05508618;-45,03418207;SPRF-MG;DEL04-MG;UOP02-DEL04-MG
718424;14/09/2025;domingo;02:30:00;BA;116;346;SERRINHA;Deixar de acionar o farol da motocicleta (ou similar);Saída de leito carroçável;Com Vítimas Feridas;Plena Noite;Crescente;Céu Claro;Simples;Reta;Não;2;0;1;0;0;1;1;2;-11,573707;-38,987736;SPRF-BA;DEL02-BA;UOP01-DEL02-BA
718425;14/09/2025;domingo;18:00:00;MG;381;233,9;SANTANA DO PARAISO;Avarias e/ou desgaste excessivo no pneu;Tombamento;Com Vítimas Feridas;Plena Noite;Crescente;Céu Claro;Simples;Reta;Não;2;0;2;0;0;0;2;1;-19,44975911;-42,43743896;SPRF-MG;DEL06-MG;UOP01-DEL06-MG
718427;14/09/2025;domingo;17:40:00;SC;101;48,5;JOINVILLE;Ultrapassagem Indevida;Colisão lateral mesmo sentido;Com Vítimas Feridas;Pleno dia;Decrescente;Nevoeiro/Neblina;Dupla;Reta;Não;3;0;2;0;1;0;2;2;-26,37907029;-48,85156558;SPRF-SC;DEL03-SC;UOP01-DEL03-SC
718428;14/09/2025;domingo;20:35:00;RN;101;54;CEARA-MIRIM;Iluminação deficiente;Colisão traseira;Com Vítimas Fatais;Plena Noite;Crescente;Céu Claro;Simples;Reta;Não;6;2;0;0;4;0;0;2;-5,561583;-35,29962;SPRF-RN;DEL02-RN;UOP01-DEL02-RN
718429;14/09/2025;domingo;20:20:00;PE;101;9;GOIANA;Condutor deixou de manter distância do veículo da frente;Colisão traseira;Sem Vítimas;Plena Noite;Decrescente;Céu Claro;Dupla;Reta;Não;2;0;0;0;2;0;0;2;-7,57779;-34,98849;SPRF-PE;DEL01-PE;UOP02-DEL01-PE
718430;14/09/2025;domingo;20:30:00;SC;101;426,6;SOMBRIO;Acessar a via sem observar a presença dos outros veículos;Colisão frontal;Com Vítimas Feridas;Plena Noite;Crescente;Céu Claro;Múltipla;"Reta;Interseção de Vias;Declive";Sim;3;0;0;1;2;0;1;3;-29,03592705;-49,60802905;SPRF-SC;DEL02-SC;UOP02-DEL02-SC
718435;14/09/2025;domingo;18:30:00;RJ;493;19;MAGE;Condutor deixou de manter distância do veículo da frente;Queda de ocupante de veículo;Com Vítimas Feridas;Plena Noite;Decrescente;Céu Claro;Simples;"Reta;Em Obras";Sim;3;0;1;1;1;0;2;2;-22,6593416;-43,0911035;SPRF-RJ;DEL04-RJ;UOP02-DEL04-RJ
718436;14/09/2025;domingo;21:00:00;SC;101;378;ICARA;Reação tardia ou ineficiente do condutor;Colisão com objeto;Com Vítimas Feridas;Plena Noite;Decrescente;Céu Claro;Múltipla;Reta;Não;2;0;2;0;0;0;2;1;-28,74927518;-49,26584657;SPRF-SC;DEL02-SC;UOP02-DEL02-SC
718437;14/09/2025;domingo;16:40:00;RO;364;381;OURO PRETO DO OESTE;Acessar a via sem observar a presença dos outros veículos;Colisão transversal;Com Vítimas Fatais;Pleno dia;Crescente;Sol;Simples;Reta;Não;3;1;0;0;2;0;0;2;-10,726789;-62,233157;SPRF-RO;DEL02-RO;UOP01-DEL02-RO
718438;14/09/2025;domingo;18:40:00;MA;135;5;SAO LUIS;Reação tardia ou ineficiente do condutor;Colisão com objeto;Sem Vítimas;Plena Noite;Crescente;Céu Claro;Dupla;Reta;Sim;1;0;0;0;0;1;0;1;-2,625522;-44,260918;SPRF-MA;DEL01-MA;UOP01-DEL01-MA
718439;14/09/2025;domingo;21:00:00;RJ;101;54;CAMPOS DOS GOYTACAZES;Ausência de reação do condutor;Colisão com objeto;Com Vítimas Feridas;Plena Noite;Decrescente;Céu Claro;Simples;Reta;Não;2;0;2;0;0;0;2;1;-21,67105;-41,311115;SPRF-RJ;DEL08-RJ;UOP01-DEL08-RJ
718440;14/09/2025;domingo;18:50:00;MS;262;409,3;TERENOS;Reação tardia ou ineficiente do condutor;Colisão frontal;Com Vítimas Feridas;Plena Noite;Crescente;Ignorado;Simples;Reta;Não;4;0;1;0;3;0;1;2;-20,438633;-55,107769;SPRF-MS;DEL01-MS;UOP03-DEL01-MS
718441;14/09/2025;domingo;21:30:00;SC;101;203,8;SAO JOSE;Acessar a via sem observar a presença dos outros veículos;Colisão lateral mesmo sentido;Com Vítimas Feridas;Plena Noite;Crescente;Céu Claro;Dupla;"Interseção de Vias;Reta";Sim;2;0;1;0;1;0;1;2;-27,57301;-48,61388;SPRF-SC;DEL01-SC;UOP01-DEL01-SC
718442;14/09/2025;domingo;20:45:00;MS;163;727;COXIM;Acessar a via sem observar a presença dos outros veículos;Colisão transversal;Com Vítimas Feridas;Plena Noite;Decrescente;Céu Claro;Simples;"Retorno Regulamentado;Reta";Sim;7;0;1;0;6;0;1;2;-18,53435992;-54,74224297;SPRF-MS;DEL06-MS;UOP01-DEL06-MS
718444;14/09/2025;domingo;21:10:00;PR;116;34;CAMPINA GRANDE DO SUL;Reação tardia ou ineficiente do condutor;Atropelamento de Pedestre;Com Vítimas Fatais;Plena Noite;Decrescente;Nevoeiro/Neblina;Dupla;Reta;Não;3;1;1;0;0;1;1;2;-25,11825612;-48,85444423;SPRF-PR;DEL01-PR;UOP02-DEL01-PR
718446;14/09/2025;domingo;17:55:00;SC;101;447,5;SANTA ROSA DO SUL;Manobra de mudança de faixa;Colisão lateral mesmo sentido;Com Vítimas Feridas;Anoitecer;Crescente;Céu Claro;Múltipla;"Reta;Aclive";Não;2;0;1;0;1;0;1;2;-29,160812;-49,737992;SPRF-SC;DEL02-SC;UOP02-DEL02-SC
718447;14/09/2025;domingo;15:30:00;PR;163;184;SANTA TEREZA DO OESTE;Condutor deixou de manter distância do veículo da frente;Colisão traseira;Com Vítimas Feridas;Pleno dia;Decrescente;Nublado;Dupla;Reta;Não;3;0;2;0;1;0;2;2;-25,12477;-53,587618;SPRF-PR;DEL05-PR;UOP05-DEL05-PR
718448;14/09/2025;domingo;19:00:00;RJ;40;39;AREAL;Ingestão de álcool pelo condutor;Colisão frontal;Com Vítimas Feridas;Plena Noite;Decrescente;Nublado;Simples;Retorno Regulamentado;Sim;4;0;2;0;2;0;2;2;-22,23153324;-43,1136471;SPRF-RJ;DEL05-RJ;UOP02-DEL05-RJ
718449;14/09/2025;domingo;22:00:00;SC;282;18;PALHOCA;Ingestão de álcool pelo condutor;Colisão frontal;Com Vítimas Feridas;Plena Noite;Decrescente;Nublado;Simples;"Viaduto;Reta;Interseção de Vias";Não;4;0;1;0;3;0;1;2;-27,676715;-48,699658;SPRF-SC;DEL01-SC;UOP02-DEL01-SC