id;data_inversa;dia_semana;horario;uf;br;km;municipio;causa_acidente;tipo_acidente;classificacao_acidente;fase_dia;sentido_via;condicao_metereologica;tipo_pista;tracado_via;uso_solo;pessoas;mortos;feridos_leves;feridos_graves;ilesos;ignorados;feridos;veiculos;latitude;longitude;regional;delegacia;uop
718450;14/09/2025;domingo;19:30:00;AC;364;157;BUJARI;Ingestão de álcool pelo condutor;Queda de ocupante de veículo;Sem Vítimas;Pleno dia;Crescente;Céu Claro;Simples;Retorno Regulamentado;Sim;1;0;0;0;1;0;0;1;-9,829518;-67,955564;SPRF-AC;DEL01-AC;UOP01-DEL01-AC
718452;14/09/2025;domingo;21:50:00;PB;230;312,8;SAO MAMEDE;Pedestre andava na pista;Atropelamento de Pedestre;Com Vítimas Feridas;Plena Noite;Crescente;Céu Claro;Simples;Reta;Sim;2;0;0;2;0;0;2;2;-6,93462;-37,090966;SPRF-PB;DEL03-PB;UOP01-DEL03-PB
718453;14/09/2025;domingo;14:50:00;SC;101;379,3;ICARA;Transitar na contramão;Colisão transversal;Com Vítimas Feridas;Pleno dia;Crescente;Céu Claro;Múltipla;Reta;Sim;2;0;0;1;1;0;1;2;-28,75538523;-49,27871253;SPRF-SC;DEL02-SC;UOP02-DEL02-SC
718454;14/09/2025;domingo;20:20:00;SC;101;426,5;SOMBRIO;Ausência de reação do condutor;Colisão traseira;Com Vítimas Feridas;Plena Noite;Decrescente;Céu Claro;Múltipla;Reta;Não;4;0;1;0;3;0;1;2;-29,03560046;-49,60829165;SPRF-SC;DEL02-SC;UOP02-DEL02-SC
718455;14/09/2025;domingo;20:30:00;GO;60;299;ACREUNA;Velocidade Incompatível;Capotamento;Com Vítimas Feridas;Plena Noite;Decrescente;Céu Claro;Dupla;Reta;Não;1;0;1;0;0;0;1;1;-17,373573;-50,345995;SPRF-GO;DEL04-GO;UOP02-DEL04-GO
718456;14/09/2025;domingo;22:04:00;RJ;40;83;PETROPOLIS;Ausência de reação do condutor;Colisão com objeto;Com Vítimas Feridas;Plena Noite;Decrescente;Nublado;Simples;Reta;Sim;2;0;2;0;0;0;2;1;-22,541828;-43,223948;SPRF-RJ;DEL01-RJ;UOP01-DEL01-RJ
718457;14/09/2025;domingo;22:15:00;BA;116;812,8;VITORIA DA CONQUISTA;Ausência de reação do condutor;Saída de leito carroçável;Sem Vítimas;Plena Noite;Crescente;Céu Claro;Simples;Reta;Não;1;0;0;0;0;1;0;1;-14,80027096;-40,77405795;SPRF-BA;DEL08-BA;UOP01-DEL08-BA
718458;14/09/2025;domingo;20:26:00;RS;285;302,8;PASSO FUNDO;Ingestão de álcool pelo condutor;Colisão frontal;Com Vítimas Feridas;Plena Noite;Decrescente;Céu Claro;Simples;Reta;Sim;5;0;4;0;1;0;4;2;-28,22088712;-52,46543309;SPRF-RS;DEL08-RS;UOP03-DEL08-RS
718459;14/09/2025;domingo;21:50:00;MA;135;4,3;SAO LUIS;Acessar a via sem observar a presença dos outros veículos;Colisão transversal;Com Vítimas Feridas;Plena Noite;Decrescente;Céu Claro;Dupla;"Retorno Regulamentado;Reta";Sim;3;0;1;0;1;1;1;2;-2,61679;-44,254257;SPRF-MA;DEL01-MA;UOP01-DEL01-MA
718460;14/09/2025;domingo;19:00:00;PB;412;50;SAO JOAO DO CARIRI;Acessar a via sem observar a presença dos outros veículos;Colisão transversal;Com Vítimas Feridas;Plena Noite;Decrescente;Céu Claro;Simples;Interseção de Vias;Não;12;0;9;2;1;0;11;2;-7,357293;-36,490703;SPRF-PB;DEL02-PB;UOP02-DEL02-PB
718461;14/09/2025;domingo;22:00:00;PR;376;1;SAO JOSE DOS PINHAIS;Ingestão de álcool pelo condutor;Colisão com objeto;Sem Vítimas;Pleno dia;Crescente;Nublado;Dupla;Reta;Sim;1;0;0;0;0;1;0;1;-25,561883;-49,184295;SPRF-PR;DEL01-PR;UOP04-DEL01-PR
718462;14/09/2025;domingo;21:05:00;SC;101;378,1;ICARA;Reação tardia ou ineficiente do condutor;Colisão traseira;Com Vítimas Feridas;Plena Noite;Decrescente;Céu Claro;Dupla;Reta;Não;8;0;2;0;6;0;2;4;-28,74950652;-49,26657915;SPRF-SC;DEL02-SC;UOP02-DEL02-SC
718463;14/09/2025;domingo;22:10:00;RO;364;697;PORTO VELHO;Animais na Pista;Atropelamento de Animal;Com Vítimas Feridas;Plena Noite;Decrescente;Céu Claro;Dupla;Reta;Não;1;0;1;0;0;0;1;1;-8,80114596;-63,75710456;SPRF-RO;DEL01-RO;UOP01-DEL01-RO
718464;14/09/2025;domingo;23:10:00;BA;116;829;VITORIA DA CONQUISTA;Pedestre - Ingestão de álcool/ substâncias psicoativas;Atropelamento de Pedestre;Com Vítimas Feridas;Plena Noite;Crescente;Céu Claro;Simples;Reta;Não;2;0;0;1;1;0;1;2;-14,912367;-40,8755246;SPRF-BA;DEL08-BA;UOP01-DEL08-BA
718465;14/09/2025;domingo;22:30:00;GO;80;20,7;PADRE BERNARDO;Transitar na contramão;Colisão frontal;Com Vítimas Feridas;Plena Noite;Crescente;Céu Claro;Simples;Reta;Sim;2;0;2;0;0;0;2;2;-15,42033057;-48,19802731;SPRF-DF;DEL03-DF;UOP02-DEL03-DF
718466;14/09/2025;domingo;23:10:00;PR;376;39,1;NOVA LONDRINA;Ingestão de álcool pelo condutor;Saída de leito carroçável;Sem Vítimas;Plena Noite;Crescente;Céu Claro;Simples;Reta;Não;1;0;0;0;0;1;0;1;-22,819412;-53,010554;SPRF-PR;DEL09-PR;UOP02-DEL09-PR
718468;14/09/2025;domingo;22:50:00;MG;116;571,5;MANHUACU;Ausência de reação do condutor;Colisão com objeto;Sem Vítimas;Plena Noite;Decrescente;Céu Claro;Simples;Reta;Não;1;0;0;0;0;1;0;1;-20,14089619;-42,18045473;SPRF-MG;DEL06-MG;UOP03-DEL06-MG
718469;14/09/2025;domingo;21:40:00;MG;262;48,5;MANHUACU;Transitar na contramão;Colisão frontal;Com Vítimas Fatais;Plena Noite;Decrescente;Céu Claro;Simples;"Curva;Declive";Não;4;1;0;0;3;0;0;2;-20,25055819;-42,12896347;SPRF-MG;DEL06-MG;UOP03-DEL06-MG
718471;14/09/2025;domingo;23:50:00;GO;414;437;ANAPOLIS;Ausência de reação do condutor;Queda de ocupante de veículo;Com Vítimas Feridas;Plena Noite;Crescente;Céu Claro;Simples;Reta;Sim;1;0;1;0;0;0;1;1;-16,258921;-48,937151;SPRF-GO;DEL02-GO;UOP01-DEL02-GO
718472;14/09/2025;domingo;20:30:00;PA;10;276;MAE DO RIO;Deficiência do Sistema de Iluminação/Sinalização;Colisão traseira;Com Vítimas Feridas;Plena Noite;Decrescente;Céu Claro;Simples;Reta;Não;2;0;0;1;1;0;1;2;-1,97435;-47,5245916;SPRF-PA;DEL02-PA;UOP01-DEL02-PA
718474;15/09/2025;segunda-feira;00:20:00;PE;101;59,4;RECIFE;Condutor deixou de manter distância do veículo da frente;Colisão traseira;Com Vítimas Feridas;Plena Noite;Crescente;Céu Claro;Dupla;Reta;Sim;3;0;1;1;0;1;2;2;-7,97889;-34,92825;SPRF-PE;DEL01-PE;UOP02-DEL01-PE
718475;14/09/2025;domingo;23:30:00;SP;116;329;JUQUITIBA;Demais falhas mecânicas ou elétricas;Incêndio;Sem Vítimas;Plena Noite;Decrescente;Nublado;Dupla;Reta;Não;1;0;0;0;0;1;0;1;-23,95143458;-47,10235579;SPRF-SP;DEL04-SP;UOP03-DEL04-SP
718476;15/09/2025;segunda-feira;00:40:00;RJ;393;218;VASSOURAS;Conversão proibida;Colisão lateral sentido oposto;Sem Vítimas;Plena Noite;Decrescente;Céu Claro;Simples;Reta;Sim;2;0;0;0;1;1;0;2;-22,33062284;-43,5436157;SPRF-RJ;DEL05-RJ;UOP03-DEL05-RJ
718477;15/09/2025;segunda-feira;00:50:00;SE;101;24,6;MURIBECA;Reação tardia ou ineficiente do condutor;Queda de ocupante de veículo;Com Vítimas Feridas;Plena Noite;Crescente;Garoa/Chuvisco;Dupla;Reta;Não;3;0;2;0;0;1;2;1;-10,39707209;-36,91728115;SPRF-SE;DEL02-SE;UOP02-DEL02-SE
718479;15/09/2025;segunda-feira;00:05:00;RO;364;709;PORTO VELHO;Acumulo de areia ou detritos sobre o pavimento;Queda de ocupante de veículo;Com Vítimas Feridas;Plena Noite;Crescente;Céu Claro;Simples;Interseção de Vias;Não;1;0;1;0;0;0;1;1;-8,79383596;-63,84363413;SPRF-RO;DEL01-RO;UOP01-DEL01-RO
718480;15/09/2025;segunda-feira;02:40:00;MG;381;0,5;BETIM;Animais na Pista;Atropelamento de Animal;Sem Vítimas;Plena Noite;Crescente;Nublado;Dupla;"Declive;Reta";Sim;1;0;0;0;1;0;0;1;-19,96736147;-44,15973755;SPRF-MG;DEL01-MG;UOP03-DEL01-MG
718481;14/09/2025;domingo;22:50:00;SP;381;87,1;GUARULHOS;Reação tardia ou ineficiente do condutor;Colisão traseira;Com Vítimas Feridas;Plena Noite;Decrescente;Céu Claro;Dupla;Reta;Sim;2;0;1;0;1;0;1;2;-23,4899836;-46,55927539;SPRF-SP;DEL03-SP;UOP01-DEL03-SP
718483;14/09/2025;domingo;21:45:00;PA;10;9,7;DOM ELISEU;Ausência de reação do condutor;Colisão lateral sentido oposto;Sem Vítimas;Plena Noite;Crescente;Céu Claro;Simples;Reta;Não;3;0;0;0;1;2;0;2;-4,359584;-47,536716;SPRF-PA;DEL02-PA;UOP02-DEL02-PA
718485;15/09/2025;segunda-feira;04:00:00;SC;101;155;PORTO BELO;Condutor Dormindo;Queda de ocupante de veículo;Com Vítimas Feridas;Plena Noite;Decrescente;Nublado;Dupla;Reta;Sim;1;0;0;1;0;0;1;1;-27,1575854;-48,61085264;SPRF-SC;DEL04-SC;UOP03-DEL04-SC
718487;15/09/2025;segunda-feira;03:30:00;MG;146;454,5;BOTELHOS;Ingestão de álcool pelo condutor;Colisão lateral sentido oposto;Sem Vítimas;Plena Noite;Crescente;Nublado;Simples;Reta;Não;2;0;0;0;2;0;0;2;-21,60265458;-46,41135693;SPRF-MG;DEL09-MG;UOP01-DEL09-MG
718488;15/09/2025;segunda-feira;02:00:00;PR;277;530,9;GUARANIACU;Reação tardia ou ineficiente do condutor;Saída de leito carroçável;Com Vítimas Feridas;Plena Noite;Decrescente;Céu Claro;Simples;Reta;Sim;2;0;2;0;0;0;2;1;-25,09732565;-52,96821065;SPRF-PR;DEL04-PR;UOP04-DEL04-PR
718489;15/09/2025;segunda-feira;02:02:00;PR;277;532,9;IBEMA;Transitar na contramão;Colisão frontal;Com Vítimas Feridas;Plena Noite;Decrescente;Céu Claro;Simples;"Curva;Declive";Não;3;0;0;1;1;1;1;3;-25,10798445;-52,99495697;SPRF-PR;DEL04-PR;UOP04-DEL04-PR
718491;15/09/2025;segunda-feira;04:30:00;BA;101;527;BUERAREMA;Ausência de reação do condutor;Colisão traseira;Com Vítimas Fatais;Amanhecer;Decrescente;Céu Claro;Simples;Reta;Não;3;1;0;2;0;0;2;2;-14,975425;-39,327153;SPRF-BA;DEL05-BA;UOP01-DEL05-BA
718492;14/09/2025;domingo;21:30:00;SC;470;26;ILHOTA;Ausência de reação do condutor;Tombamento;Com Vítimas Feridas;Plena Noite;Crescente;Nublado;Dupla;Reta;Não;1;0;1;0;0;0;1;1;-26,8912438;-48,88504028;SPRF-SC;DEL04-SC;UOP04-DEL04-SC
718495;14/09/2025;domingo;18:50:00;MT;70;2;BARRA DO GARCAS;Ingestão de álcool pelo condutor;Queda de ocupante de veículo;Com Vítimas Feridas;Plena Noite;Crescente;Ignorado;Simples;Reta;Não;1;0;1;0;0;0;1;1;-15,87978107;-52,29801178;SPRF-MT;DEL07-MT;UOP01-DEL07-MT
718496;15/09/2025;segunda-feira;05:00:00;SP;116;145;SAO JOSE DOS CAMPOS;Estacionar ou parar em local proibido;Colisão traseira;Sem Vítimas;Amanhecer;Decrescente;Nublado;Dupla;Reta;Não;4;0;0;0;4;0;0;2;-23,18895366;-45,85862182;SPRF-SP;DEL02-SP;UOP01-DEL02-SP
718497;15/09/2025;segunda-feira;04:30:00;MG;262;160;SAO DOMINGOS DO PRATA;Reação tardia ou ineficiente do condutor;Saída de leito carroçável;Com Vítimas Feridas;Amanhecer;Decrescente;Céu Claro;Simples;"Curva;Declive";Não;1;0;1;0;0;0;1;1;-19,963578;-42,843733;SPRF-MG;DEL03-MG;UOP03-DEL03-MG
718498;15/09/2025;segunda-feira;05:40:00;RS;290;222;PANTANO GRANDE;Ausência de sinalização;Colisão com objeto;Com Vítimas Feridas;Plena Noite;Crescente;Céu Claro;Dupla;"Em Obras;Reta;Desvio Temporário";Não;3;0;1;0;2;0;1;1;-30,20150162;-52,43882632;SPRF-RS;DEL02-RS;UOP03-DEL02-RS
718499;15/09/2025;segunda-feira;06:17:00;RN;101;77;SAO GONCALO DO AMARANTE;Acessar a via sem observar a presença dos outros veículos;Colisão transversal;Com Vítimas Feridas;Pleno dia;Crescente;Céu Claro;Dupla;Reta;Não;3;0;2;0;0;1;2;2;-5,735677;-35,290998;SPRF-RN;DEL02-RN;UOP01-DEL02-RN
718502;15/09/2025;segunda-feira;05:35:00;PE;101;69,7;RECIFE;Ingestão de álcool pelo condutor;Saída de leito carroçável;Com Vítimas Feridas;Pleno dia;Decrescente;Nublado;Dupla;Curva;Sim;1;0;1;0;0;0;1;1;-8,06524;-34,94369;SPRF-PE;DEL01-PE;UOP01-DEL01-PE
718504;15/09/2025;segunda-feira;06:40:00;PB;230;18;JOAO PESSOA;Ausência de reação do condutor;Tombamento;Com Vítimas Feridas;Pleno dia;Decrescente;Céu Claro;Dupla;Curva;Sim;2;0;1;1;0;0;2;1;-7,12768825;-34,84596904;SPRF-PB;DEL01-PB;UOP01-DEL01-PB
718507;15/09/2025;segunda-feira;00:40:00;PI;316;386,8;ALEGRETE DO PIAUI;Animais na Pista;Atropelamento de Animal;Sem Vítimas;Plena Noite;Crescente;Céu Claro;Simples;Reta;Não;1;0;0;0;1;0;0;1;-7,23062516;-40,87152105;SPRF-PI;DEL04-PI;UOP03-DEL04-PI
718508;15/09/2025;segunda-feira;06:40:00;RJ;116;148;DUQUE DE CAXIAS;Reação tardia ou ineficiente do condutor;Colisão lateral mesmo sentido;Com Vítimas Feridas;Pleno dia;Crescente;Céu Claro;Dupla;"Viaduto;Interseção de Vias;Reta";Sim;2;0;1;0;1;0;1;2;-22,67202501;-43,28436323;SPRF-RJ;DEL01-RJ;UOP02-DEL01-RJ
718510;15/09/2025;segunda-feira;07:10:00;RS;116;143,9;CAXIAS DO SUL;Condutor deixou de manter distância do veículo da frente;Colisão traseira;Com Vítimas Feridas;Pleno dia;Decrescente;Nublado;Dupla;"Curva;Aclive";Sim;3;0;1;0;1;1;1;3;-29,12748;-51,12748;SPRF-RS;DEL05-RS;UOP01-DEL05-RS
718511;14/09/2025;domingo;23:00:00;RJ;101;65;CAMPOS DOS GOYTACAZES;Acessar a via sem observar a presença dos outros veículos;Colisão transversal;Com Vítimas Feridas;Pleno dia;Crescente;Céu Claro;Simples;"Reta;Interseção de Vias";Não;2;0;1;0;1;0;1;2;-21,8497024;-41,418752;SPRF-RJ;DEL08-RJ;UOP02-DEL08-RJ
718512;15/09/2025;segunda-feira;06:35:00;SC;101;230,9;PALHOCA;Acesso irregular;Colisão lateral mesmo sentido;Com Vítimas Feridas;Pleno dia;Decrescente;Céu Claro;Dupla;"Declive;Curva";Não;3;0;1;0;2;0;1;2;-27,784726;-48,635187;SPRF-SC;DEL01-SC;UOP02-DEL01-SC
718513;15/09/2025;segunda-feira;07:35:00;SP;116;220;GUARULHOS;Ausência de reação do condutor;Colisão lateral mesmo sentido;Com Vítimas Feridas;Pleno dia;Crescente;Nublado;Múltipla;Reta;Não;2;0;1;1;0;0;2;2;-23,468258;-46,509191;SPRF-SP;DEL01-SP;UOP01-DEL01-SP
718514;15/09/2025;segunda-feira;06:50:00;RN;304;48,5;MOSSORO;Ausência de reação do condutor;Colisão traseira;Com Vítimas Feridas;Pleno dia;Decrescente;Céu Claro;Dupla;"Retorno Regulamentado;Reta";Sim;6;0;2;0;3;1;2;5;-5,23001395;-37,32126474;SPRF-RN;DEL04-RN;UOP01-DEL04-RN
718515;15/09/2025;segunda-feira;07:10:00;MG;116;283,7;TEOFILO OTONI;Ausência de reação do condutor;Queda de ocupante de veículo;Com Vítimas Feridas;Pleno dia;Crescente;Céu Claro;Simples;"Aclive;Reta";Não;1;0;1;0;0;0;1;1;-17,915865;-41,528197;SPRF-MG;DEL11-MG;UOP01-DEL11-MG
718518;15/09/2025;segunda-feira;07:20:00;RJ;116;170;RIO DE JANEIRO;Condutor deixou de manter distância do veículo da frente;Colisão traseira;Com Vítimas Feridas;Pleno dia;Decrescente;Céu Claro;Múltipla;Reta;Sim;3;0;2;0;1;0;2;2;-22,81525523;-43,32476735;SPRF-RJ;DEL06-RJ;UOP01-DEL06-RJ
718519;15/09/2025;segunda-feira;07:01:00;SC;101;223;PALHOCA;Demais falhas mecânicas ou elétricas;Queda de ocupante de veículo;Com Vítimas Feridas;Pleno dia;Decrescente;Céu Claro;Múltipla;"Aclive;Reta";Não;1;0;1;0;0;0;1;1;-27,71728;-48,64756;SPRF-SC;DEL01-SC;UOP02-DEL01-SC
718520;15/09/2025;segunda-feira;07:10:00;SC;280;28,8;ARAQUARI;Acessar a via sem observar a presença dos outros veículos;Colisão transversal;Com Vítimas Feridas;Pleno dia;Decrescente;Céu Claro;Simples;"Reta;Interseção de Vias";Sim;2;0;1;0;1;0;1;2;-26,40963026;-48,75161302;SPRF-SC;DEL03-SC;UOP03-DEL03-SC
718521;15/09/2025;segunda-feira;07:56:00;SP;116;220;GUARULHOS;Ausência de reação do condutor;Colisão traseira;Com Vítimas Feridas;Pleno dia;Crescente;Céu Claro;Dupla;Reta;Sim;3;0;1;0;2;0;1;2;-23,46389687;-46,49670911;SPRF-SP;DEL01-SP;UOP01-DEL01-SP
718522;15/09/2025;segunda-feira;07:50:00;SC;101;198,6;BIGUACU;Reação tardia ou ineficiente do condutor;Tombamento;Com Vítimas Feridas;Pleno dia;Crescente;Céu Claro;Múltipla;Reta;Sim;1;0;1;0;0;0;1;1;-27,52751515;-48,63447754;SPRF-SC;DEL01-SC;UOP01-DEL01-SC
718523;15/09/2025;segunda-feira;07:30:00;MG;40;505,2;ESMERALDAS;Ausência de reação do condutor;Saída de leito carroçável;Sem Vítimas;Pleno dia;Crescente;Céu Claro;Dupla;Curva;Não;1;0;0;0;1;0;0;1;-19,73878;-44,14947;SPRF-MG;DEL02-MG;UOP01-DEL02-MG
718524;15/09/2025;segunda-feira;07:50:00;PE;101;69;RECIFE;Manobra de mudança de faixa;Colisão lateral mesmo sentido;Com Vítimas Feridas;Pleno dia;Crescente;Céu Claro;Dupla;Reta;Sim;2;0;1;1;0;0;2;2;-8,06328;-34,94376;SPRF-PE;DEL01-PE;UOP01-DEL01-PE
718525;15/09/2025;segunda-feira;07:00:00;GO;60;95;ANAPOLIS;Condutor deixou de manter distância do veículo da frente;Colisão traseira;Com Vítimas Feridas;Pleno dia;Crescente;Céu Claro;Dupla;"Retorno Regulamentado;Curva";Sim;2;0;1;0;0;1;1;2;-16,36589968;-48,93735099;SPRF-GO;DEL02-GO;UOP01-DEL02-GO
718526;15/09/2025;segunda-feira;07:30:00;PR;116;119;CURITIBA;Manobra de mudança de faixa;Colisão traseira;Com Vítimas Feridas;Pleno dia;Decrescente;Nublado;Dupla;Reta;Sim;3;0;2;0;1;0;2;2;-25,57907038;-49,31268666;SPRF-PR;DEL01-PR;UOP03-DEL01-PR
718527;15/09/2025;segunda-feira;08:00:00;MG;40;515;RIBEIRAO DAS NEVES;Trafegar com motocicleta (ou similar) entre as faixas;Colisão lateral mesmo sentido;Com Vítimas Feridas;Pleno dia;Crescente;Céu Claro;Dupla;"Reta;Aclive";Não;3;0;0;1;2;0;1;2;-19,80857958;-44,09537781;SPRF-MG;DEL01-MG;UOP02-DEL01-MG
718528;15/09/2025;segunda-feira;07:12:00;PR;116;17,5;CURITIBA;Acessar a via sem observar a presença dos outros veículos;Colisão lateral mesmo sentido;Com Vítimas Feridas;Pleno dia;Crescente;Nublado;Dupla;"Reta;Aclive;Interseção de Vias";Sim;4;0;1;0;3;0;1;2;-25,388897;-49,19696;SPRF-PR;DEL01-PR;UOP02-DEL01-PR
718529;15/09/2025;segunda-feira;08:30:00;SC;101;199,7;SAO JOSE;Reação tardia ou ineficiente do condutor;Colisão traseira;Com Vítimas Feridas;Pleno dia;Crescente;Céu Claro;Dupla;Reta;Sim;3;0;1;0;1;1;1;3;-27,53837;-48,62498;SPRF-SC;DEL01-SC;UOP01-DEL01-SC
718530;15/09/2025;segunda-feira;08:00:00;RJ;101;294;ITABORAI;Demais falhas mecânicas ou elétricas;Incêndio;Sem Vítimas;Pleno dia;Decrescente;Céu Claro;Dupla;Reta;Sim;1;0;0;0;1;0;0;1;-22,7609023;-42,8961871;SPRF-RJ;DEL02-RJ;UOP02-DEL02-RJ
718531;15/09/2025;segunda-feira;06:20:00;MT;70;285;PRIMAVERA DO LESTE;Ingestão de álcool pelo condutor;Colisão transversal;Com Vítimas Feridas;Pleno dia;Crescente;Céu Claro;Simples;Reta;Sim;2;0;1;0;1;0;1;2;-15,5747237;-54,3396359;SPRF-MT;DEL05-MT;UOP01-DEL05-MT
718532;15/09/2025;segunda-feira;08:45:00;GO;153;427;ANAPOLIS;Avarias e/ou desgaste excessivo no pneu;Queda de ocupante de veículo;Com Vítimas Feridas;Pleno dia;Crescente;Céu Claro;Dupla;Reta;Não;2;0;1;0;1;0;1;1;-16,229835;-49,009394;SPRF-GO;DEL02-GO;UOP01-DEL02-GO
718534;15/09/2025;segunda-feira;09:00:00;SC;101;203,4;SAO JOSE;Reação tardia ou ineficiente do condutor;Colisão traseira;Sem Vítimas;Pleno dia;Crescente;Céu Claro;Múltipla;Reta;Sim;2;0;0;0;2;0;0;2;-27,5692385;-48,61400692;SPRF-SC;DEL01-SC;UOP01-DEL01-SC
718536;15/09/2025;segunda-feira;08:00:00;PR;376;605,9;CURITIBA;Reação tardia ou ineficiente do condutor;Engavetamento;Com Vítimas Feridas;Pleno dia;Crescente;Céu Claro;Múltipla;Curva;Sim;6;0;3;0;3;0;3;3;-25,5436727;-49,3066993;SPRF-PR;DEL01-PR;UOP03-DEL01-PR
718539;22/08/2025;sexta-feira;23:20:00;SC;280;27;ARAQUARI;Condutor deixou de manter distância do veículo da frente;Colisão traseira;Com Vítimas Feridas;Plena Noite;Decrescente;Nublado;Simples;Reta;Sim;3;0;1;0;1;1;1;2;-26,39393328;-48,73824835;SPRF-SC;DEL03-SC;UOP03-DEL03-SC
718540;15/09/2025;segunda-feira;08:10:00;MG;40;627,6;CONSELHEIRO LAFAIETE;Conversão proibida;Colisão transversal;Com Vítimas Feridas;Pleno dia;Decrescente;Sol;Simples;Reta;Sim;3;0;0;1;2;0;1;3;-20,644787;-43,810898;SPRF-MG;DEL05-MG;UOP02-DEL05-MG
718544;15/09/2025;segunda-feira;09:15:00;RS;386;34,9;FREDERICO WESTPHALEN;Acessar a via sem observar a presença dos outros veículos;Colisão transversal;Com Vítimas Feridas;Pleno dia;Crescente;Céu Claro;Simples;"Interseção de Vias;Reta;Declive";Sim;2;0;1;0;1;0;1;2;-27,36763654;-53,39728681;SPRF-RS;DEL08-RS;UOP02-DEL08-RS
718547;15/09/2025;segunda-feira;09:51:00;GO;60;89;ANAPOLIS;Manobra de mudança de faixa;Colisão transversal;Com Vítimas Feridas;Pleno dia;Decrescente;Céu Claro;Dupla;"Aclive;Reta";Não;2;0;1;0;0;1;1;2;-16,334857;-48,892967;SPRF-GO;DEL02-GO;UOP01-DEL02-GO
718552;15/09/2025;segunda-feira;09:56:00;PE;104;78;AGRESTINA;Condutor Dormindo;Colisão lateral sentido oposto;Com Vítimas Feridas;Pleno dia;Crescente;Céu Claro;Simples;Reta;Não;4;0;1;1;2;0;2;3;-8,386533;-35,979165;SPRF-PE;DEL02-PE;UOP01-DEL02-PE
718553;15/09/2025;segunda-feira;09:30:00;RO;364;197,7;PIMENTA BUENO;Ausência de reação do condutor;Colisão transversal;Com Vítimas Feridas;Pleno dia;Crescente;Sol;Simples;Reta;Sim;2;0;1;0;1;0;1;2;-11,673212;-61,190103;SPRF-RO;DEL02-RO;UOP02-DEL02-RO
718555;15/09/2025;segunda-feira;07:45:00;MA;230;406;BALSAS;Conversão proibida;Colisão frontal;Com Vítimas Fatais;Pleno dia;Crescente;Céu Claro;Simples;Reta;Sim;2;1;0;0;1;0;0;2;-7,51986315;-46,06286287;SPRF-MA;DEL05-MA;UOP01-DEL05-MA
718558;15/09/2025;segunda-feira;09:55:00;MS;163;209,5;CAARAPO;Acessar a via sem observar a presença dos outros veículos;Saída de leito carroçável;Com Vítimas Feridas;Pleno dia;Decrescente;Céu Claro;Simples;Reta;Sim;4;0;2;0;1;1;2;3;-22,62521;-54,818142;SPRF-MS;DEL04-MS;UOP02-DEL04-MS
718559;15/09/2025;segunda-feira;11:23:00;MG;381;481,2;CONTAGEM;Ingestão de álcool pelo condutor;Colisão com objeto;Com Vítimas Feridas;Pleno dia;Decrescente;Céu Claro;Dupla;Reta;Não;1;0;1;0;0;0;1;1;-19,95907997;-44,06350136;SPRF-MG;DEL01-MG;UOP03-DEL01-MG
718561;15/09/2025;segunda-feira;08:30:00;MS;262;572;MIRANDA;Reação tardia ou ineficiente do condutor;Colisão com objeto;Sem Vítimas;Pleno dia;Crescente;Céu Claro;Simples;Reta;Não;2;0;0;0;2;0;0;1;-20,191503;-56,48477;SPRF-MS;DEL03-MS;UOP02-DEL03-MS
718562;15/09/2025;segunda-feira;11:04:00;RS;116;247;SAO LEOPOLDO;Pedestre andava na pista;Atropelamento de Pedestre;Com Vítimas Feridas;Pleno dia;Crescente;Céu Claro;Dupla;Reta;Sim;3;0;1;0;1;1;1;2;-29,763671;-51,1535642;SPRF-RS;DEL01-RS;UOP02-DEL01-RS
718563;15/09/2025;segunda-feira;05:30:00;RO;421;74;CAMPO NOVO DE RONDONIA;Ausência de reação do condutor;Saída de leito carroçável;Com Vítimas Fatais;Amanhecer;Crescente;Céu Claro;Simples;"Declive;Reta";Não;3;1;1;0;1;0;1;2;-10,394025;-63,446742;SPRF-RO;DEL03-RO;UOP01-DEL03-RO
718565;15/09/2025;segunda-feira;10:40:00;PR;376;382,1;IMBAU;Manobra de mudança de faixa;Colisão lateral mesmo sentido;Com Vítimas Feridas;Pleno dia;Crescente;Céu Claro;Dupla;"Retorno Regulamentado;Reta";Sim;3;0;1;0;2;0;1;2;-24,45488918;-50,75536458;SPRF-PR;DEL03-PR;UOP02-DEL03-PR
718566;29/07/2025;terça-feira;19:20:00;AL;316;259,9;PILAR;Velocidade Incompatível;Saída de leito carroçável;Com Vítimas Feridas;Plena Noite;Crescente;Céu Claro;Simples;Reta;Não;6;0;3;0;3;0;3;2;-9,591326;-35,904896;SPRF-AL;DEL02-AL;UOP01-DEL02-AL
718569;15/09/2025;segunda-feira;06:30:00;MG;116;493,3;INHAPIM;Acessar a via sem observar a presença dos outros veículos;Colisão transversal;Com Vítimas Fatais;Amanhecer;Crescente;Céu Claro;Simples;Reta;Não;3;1;1;1;0;0;2;2;-19,5084449;-42,12782621;SPRF-MG;DEL06-MG;UOP02-DEL06-MG
718571;15/09/2025;segunda-feira;12:10:00;SC;280;6;SAO FRANCISCO DO SUL;Conversão proibida;Colisão traseira;Com Vítimas Feridas;Pleno dia;Crescente;Nublado;Simples;Reta;Sim;2;0;1;0;1;0;1;2;-26,269836;-48,639994;SPRF-SC;DEL03-SC;UOP03-DEL03-SC