id;data_inversa;dia_semana;horario;uf;br;km;municipio;causa_acidente;tipo_acidente;classificacao_acidente;fase_dia;sentido_via;condicao_metereologica;tipo_pista;tracado_via;uso_solo;pessoas;mortos;feridos_leves;feridos_graves;ilesos;ignorados;feridos;veiculos;latitude;longitude;regional;delegacia;uop
718572;15/09/2025;segunda-feira;06:00:00;BA;101;77;ENTRE RIOS;Reação tardia ou ineficiente do condutor;Capotamento;Com Vítimas Feridas;Amanhecer;Crescente;Garoa/Chuvisco;Dupla;"Aclive;Reta";Não;1;0;1;0;0;0;1;1;-11,976068;-38,199211;SPRF-BA;DEL01-BA;UOP04-DEL01-BA
718573;15/09/2025;segunda-feira;12:00:00;SP;116;228;SAO PAULO;Avarias e/ou desgaste excessivo no pneu;Queda de ocupante de veículo;Com Vítimas Feridas;Pleno dia;Crescente;Céu Claro;Múltipla;Reta;Sim;1;0;1;0;0;0;1;1;-23,50255458;-46,56575954;SPRF-SP;DEL01-SP;UOP01-DEL01-SP
718575;15/09/2025;segunda-feira;11:15:00;PR;476;132;CURITIBA;Manobra de mudança de faixa;Colisão lateral mesmo sentido;Sem Vítimas;Pleno dia;Crescente;Céu Claro;Múltipla;Curva;Sim;2;0;0;0;2;0;0;2;-25,45977697;-49,25031273;SPRF-PR;DEL01-PR;UOP03-DEL01-PR
718576;15/09/2025;segunda-feira;11:30:00;PR;272;367,2;CAMPO MOURAO;Condutor deixou de manter distância do veículo da frente;Colisão traseira;Com Vítimas Feridas;Pleno dia;Crescente;Céu Claro;Dupla;Reta;Sim;2;0;1;0;0;1;1;2;-24,05281278;-52,40671635;SPRF-PR;DEL09-PR;UOP03-DEL09-PR
718577;15/09/2025;segunda-feira;10:20:00;SC;101;87,3;FLORIANOPOLIS;Desrespeitar a preferência no cruzamento;Colisão transversal;Com Vítimas Feridas;Pleno dia;Crescente;Céu Claro;Simples;"Interseção de Vias;Declive";Sim;2;0;1;0;1;0;1;2;-27,5972096;-48,5556224;SPRF-SC;DEL03-SC;UOP02-DEL03-SC
718578;03/03/2025;segunda-feira;18:00:00;BA;235;3;PEDRO ALEXANDRE;Transitar na contramão;Colisão frontal;Com Vítimas Feridas;Pleno dia;Crescente;Céu Claro;Simples;Reta;Não;4;0;0;4;0;0;4;3;-10,2871601;-37,7705972;SPRF-SE;DEL01-SE;UOP02-DEL01-SE
718580;15/09/2025;segunda-feira;10:20:00;RJ;0;0;RIO DE JANEIRO;Manobra de mudança de faixa;Colisão traseira;Sem Vítimas;Pleno dia;Não Informado;Céu Claro;Múltipla;Reta;Sim;2;0;0;0;1;1;0;2;-22,81913924;-43,3091113;SPRF-RJ;DEL01-RJ;UOP03-DEL01-RJ
718581;15/09/2025;segunda-feira;10:50:00;RS;116;558,5;JAGUARAO;Desrespeitar a preferência no cruzamento;Colisão transversal;Com Vítimas Feridas;Pleno dia;Decrescente;Nublado;Dupla;Interseção de Vias;Sim;2;0;1;0;1;0;1;2;-32,56449725;-53,38261795;SPRF-RS;DEL07-RS;UOP03-DEL07-RS
718582;15/09/2025;segunda-feira;11:50:00;RO;364;238;CACOAL;Condutor deixou de manter distância do veículo da frente;Colisão traseira;Com Vítimas Feridas;Pleno dia;Crescente;Céu Claro;Simples;"Aclive;Reta";Sim;3;0;1;0;2;0;1;2;-11,43655;-61,458382;SPRF-RO;DEL02-RO;UOP02-DEL02-RO
718583;15/09/2025;segunda-feira;11:50:00;PR;376;150,7;PRESIDENTE CASTELO BRANCO;Demais falhas mecânicas ou elétricas;Saída de leito carroçável;Com Vítimas Feridas;Pleno dia;Decrescente;Sol;Dupla;Reta;Não;2;0;0;1;0;1;1;2;-23,297424;-52,116558;SPRF-PR;DEL09-PR;UOP02-DEL09-PR
718584;15/09/2025;segunda-feira;12:35:00;SP;101;45;UBATUBA;Transitar no Acostamento;Colisão frontal;Com Vítimas Feridas;Pleno dia;Crescente;Céu Claro;Simples;Reta;Sim;2;0;1;0;1;0;1;2;-23,42083913;-45,07075898;SPRF-SP;DEL06-SP;UOP01-DEL06-SP
718585;15/09/2025;segunda-feira;11:05:00;MG;262;441,1;NOVA SERRANA;Acessar a via sem observar a presença dos outros veículos;Atropelamento de Pedestre;Com Vítimas Feridas;Pleno dia;Decrescente;Sol;Simples;"Reta;Em Obras";Sim;2;0;0;1;1;0;1;2;-19,86101885;-45,00377655;SPRF-MG;DEL08-MG;UOP03-DEL08-MG
718586;27/08/2025;quarta-feira;08:05:00;PR;369;145;LONDRINA;Ausência de reação do condutor;Colisão traseira;Sem Vítimas;Pleno dia;Crescente;Céu Claro;Dupla;"Reta;Declive";Sim;2;0;0;0;1;1;0;2;-23,2935814;-51,11064998;SPRF-PR;DEL07-PR;UOP01-DEL07-PR
718589;14/09/2025;domingo;21:30:00;MG;262;38,1;MANHUACU;Transitar na contramão;Colisão lateral sentido oposto;Com Vítimas Feridas;Plena Noite;Decrescente;Céu Claro;Simples;"Reta;Aclive";Sim;5;0;2;0;3;0;2;4;-20,27186574;-42,04504251;SPRF-MG;DEL06-MG;UOP03-DEL06-MG
718590;28/08/2025;quinta-feira;09:30:00;RS;287;248;SANTA MARIA;Acessar a via sem observar a presença dos outros veículos;Colisão transversal;Sem Vítimas;Pleno dia;Crescente;Céu Claro;Dupla;Rotatória;Sim;2;0;0;0;2;0;0;2;-29,69185967;-53,86730287;SPRF-RS;DEL09-RS;UOP01-DEL09-RS
718593;15/09/2025;segunda-feira;12:35:00;GO;60;32,3;ALEXANIA;Entrada inopinada do pedestre;Atropelamento de Pedestre;Com Vítimas Feridas;Pleno dia;Crescente;Céu Claro;Dupla;Declive;Sim;2;0;0;1;1;0;1;2;-16,092719;-48,515727;SPRF-DF;DEL03-DF;UOP01-DEL03-DF
718594;15/09/2025;segunda-feira;13:50:00;PE;101;69,6;RECIFE;Reação tardia ou ineficiente do condutor;Colisão traseira;Com Vítimas Feridas;Pleno dia;Decrescente;Céu Claro;Dupla;Reta;Sim;2;0;0;1;1;0;1;2;-8,06476;-34,94351;SPRF-PE;DEL01-PE;UOP01-DEL01-PE
718597;15/09/2025;segunda-feira;13:30:00;RJ;116;185;NOVA IGUACU;Demais falhas mecânicas ou elétricas;Incêndio;Sem Vítimas;Pleno dia;Decrescente;Céu Claro;Dupla;Reta;Sim;1;0;0;0;1;0;0;1;-22,7398429;-43,4608183;SPRF-RJ;DEL06-RJ;UOP01-DEL06-RJ
718598;15/09/2025;segunda-feira;14:20:00;RN;101;97;NATAL;Condutor deixou de manter distância do veículo da frente;Engavetamento;Com Vítimas Feridas;Pleno dia;Crescente;Céu Claro;Dupla;"Reta;Declive";Sim;5;0;1;0;4;0;1;3;-5,8581178;-35,213149;SPRF-RN;DEL01-RN;UOP01-DEL01-RN
718599;15/09/2025;segunda-feira;13:30:00;GO;60;350;SANTO ANTONIO DA BARRA;Reação tardia ou ineficiente do condutor;Queda de ocupante de veículo;Com Vítimas Feridas;Pleno dia;Crescente;Céu Claro;Dupla;Reta;Não;1;0;1;0;0;0;1;1;-17,594935;-50,714985;SPRF-GO;DEL04-GO;UOP02-DEL04-GO
718600;15/09/2025;segunda-feira;12:50:00;MS;267;482;JARDIM;Acessar a via sem observar a presença dos outros veículos;Colisão transversal;Com Vítimas Feridas;Pleno dia;Crescente;Céu Claro;Simples;Reta;Sim;2;0;2;0;0;0;2;2;-21,48288;-56,148565;SPRF-MS;DEL05-MS;UOP01-DEL05-MS
718601;15/09/2025;segunda-feira;13:10:00;PR;376;616;SAO JOSE DOS PINHAIS;Reação tardia ou ineficiente do condutor;Capotamento;Com Vítimas Feridas;Pleno dia;Decrescente;Nublado;Dupla;Reta;Não;1;0;1;0;0;0;1;1;-25,582076;-49,177561;SPRF-PR;DEL01-PR;UOP04-DEL01-PR
718603;15/09/2025;segunda-feira;14:00:00;RS;153;526;CACAPAVA DO SUL;Chuva;Saída de leito carroçável;Sem Vítimas;Pleno dia;Crescente;Chuva;Simples;Curva;Não;1;0;0;0;0;1;0;1;-30,687914;-53,455164;SPRF-RS;DEL09-RS;UOP02-DEL09-RS
718606;20/07/2025;domingo;06:08:00;PA;163;408;ITAITUBA;Trafegar com motocicleta (ou similar) entre as faixas;Queda de ocupante de veículo;Com Vítimas Fatais;Amanhecer;Crescente;Céu Claro;Simples;Reta;Não;2;1;0;0;0;1;0;2;-6,24210448;-55,62039256;SPRF-PA;DEL05-PA;UOP03-DEL05-PA
718607;15/09/2025;segunda-feira;13:20:00;RJ;356;150;CAMPOS DOS GOYTACAZES;Acessar a via sem observar a presença dos outros veículos;Colisão lateral mesmo sentido;Com Vítimas Feridas;Pleno dia;Decrescente;Céu Claro;Simples;Curva;Sim;2;0;1;0;1;0;1;2;-21,766035;-41,27397;SPRF-RJ;DEL08-RJ;UOP02-DEL08-RJ
718609;15/09/2025;segunda-feira;13:30:00;SC;101;88,8;BARRA VELHA;Condutor Dormindo;Saída de leito carroçável;Com Vítimas Feridas;Pleno dia;Decrescente;Céu Claro;Dupla;Reta;Não;4;0;4;0;0;0;4;1;-26,65789133;-48,68797302;SPRF-SC;DEL03-SC;UOP02-DEL03-SC
718610;15/09/2025;segunda-feira;13:15:00;RS;468;77,3;CAMPO NOVO;Ausência de reação do condutor;Saída de leito carroçável;Com Vítimas Feridas;Pleno dia;Crescente;Chuva;Simples;"Interseção de Vias;Curva";Não;1;0;0;1;0;0;1;1;-27,65054205;-53,85778996;SPRF-RS;DEL08-RS;UOP02-DEL08-RS
718612;15/09/2025;segunda-feira;12:45:00;MG;365;779;ITUIUTABA;Acessar a via sem observar a presença dos outros veículos;Colisão transversal;Com Vítimas Feridas;Pleno dia;Crescente;Céu Claro;Simples;"Reta;Interseção de Vias";Não;2;0;1;0;0;1;1;2;-18,956484;-49,725789;SPRF-MG;DEL15-MG;UOP03-DEL15-MG
718614;15/09/2025;segunda-feira;15:30:00;SP;116;225;GUARULHOS;Demais falhas mecânicas ou elétricas;Queda de ocupante de veículo;Com Vítimas Feridas;Pleno dia;Crescente;Céu Claro;Dupla;"Reta;Aclive";Sim;1;0;1;0;0;0;1;1;-23,48937369;-46,54698551;SPRF-SP;DEL01-SP;UOP01-DEL01-SP
718616;06/06/2025;sexta-feira;09:15:00;TO;153;334,9;GUARAI;Pedestre cruzava a pista fora da faixa;Atropelamento de Pedestre;Com Vítimas Feridas;Pleno dia;Crescente;Céu Claro;Múltipla;Interseção de Vias;Sim;2;0;0;1;1;0;1;2;-8,841348;-48,511547;SPRF-TO;DEL02-TO;UOP02-DEL02-TO
718618;15/09/2025;segunda-feira;12:30:00;MA;222;311;VITORIA DO MEARIM;Condutor deixou de manter distância do veículo da frente;Colisão traseira;Com Vítimas Feridas;Pleno dia;Crescente;Céu Claro;Simples;Reta;Não;3;0;0;2;0;1;2;2;-3,55277;-44,915039;SPRF-MA;DEL02-MA;UOP01-DEL02-MA
718619;15/09/2025;segunda-feira;15:45:00;RJ;356;184;SAO JOAO DA BARRA;Acessar a via sem observar a presença dos outros veículos;Colisão transversal;Com Vítimas Feridas;Pleno dia;Decrescente;Céu Claro;Simples;"Reta;Interseção de Vias";Sim;3;0;2;0;1;0;2;2;-21,634355;-41,04372;SPRF-RJ;DEL08-RJ;UOP02-DEL08-RJ
718620;14/09/2025;domingo;21:00:00;PB;361;50;CATINGUEIRA;Velocidade Incompatível;Tombamento;Com Vítimas Feridas;Plena Noite;Crescente;Céu Claro;Simples;Reta;Não;2;0;1;1;0;0;2;1;-7,154865;-37,664361;SPRF-PB;DEL03-PB;UOP01-DEL03-PB
718621;15/09/2025;segunda-feira;15:55:00;PE;104;61;CARUARU;Acessar a via sem observar a presença dos outros veículos;Colisão transversal;Com Vítimas Feridas;Pleno dia;Decrescente;Céu Claro;Dupla;Reta;Sim;2;0;1;0;1;0;1;2;-8,24844;-35,97499;SPRF-PE;DEL02-PE;UOP01-DEL02-PE
718622;15/09/2025;segunda-feira;15:50:00;SC;101;118;ITAJAI;Reação tardia ou ineficiente do condutor;Colisão lateral mesmo sentido;Com Vítimas Feridas;Pleno dia;Decrescente;Nublado;Múltipla;Reta;Sim;2;0;1;0;0;1;1;2;-26,89524493;-48,71907282;SPRF-SC;DEL04-SC;UOP04-DEL04-SC
718623;15/09/2025;segunda-feira;08:00:00;PI;316;242;INHUMA;Ausência de reação do condutor;Colisão traseira;Com Vítimas Feridas;Pleno dia;Decrescente;Céu Claro;Simples;Reta;Sim;2;0;1;0;0;1;1;2;-6,679427;-41,71885;SPRF-PI;DEL04-PI;UOP02-DEL04-PI
718625;15/09/2025;segunda-feira;11:30:00;SC;470;174;POUSO REDONDO;Ingestão de álcool pelo condutor;Saída de leito carroçável;Sem Vítimas;Pleno dia;Decrescente;Céu Claro;Simples;"Reta;Aclive";Sim;1;0;0;0;1;0;0;1;-27,258725;-49,926465;SPRF-SC;DEL04-SC;UOP02-DEL04-SC
718627;13/09/2025;sábado;15:00:00;PR;163;143;CAPITAO LEONIDAS MARQUES;Reação tardia ou ineficiente do condutor;Tombamento;Com Vítimas Feridas;Pleno dia;Crescente;Céu Claro;Dupla;"Reta;Declive";Não;2;0;2;0;0;0;2;1;-25,51410465;-53,59113669;SPRF-PR;DEL05-PR;UOP05-DEL05-PR
718629;15/09/2025;segunda-feira;17:00:00;RN;304;37;MOSSORO;Condutor deixou de manter distância do veículo da frente;Colisão traseira;Com Vítimas Feridas;Pleno dia;Decrescente;Céu Claro;Dupla;Reta;Sim;2;0;1;0;0;1;1;2;-5,17648509;-37,36411482;SPRF-RN;DEL04-RN;UOP02-DEL04-RN
718630;15/09/2025;segunda-feira;16:50:00;BA;324;516;FEIRA DE SANTANA;Conversão proibida;Colisão lateral mesmo sentido;Com Vítimas Feridas;Pleno dia;Crescente;Sol;Simples;Reta;Sim;2;0;1;0;1;0;1;2;-12,2473768;-38,93461257;SPRF-BA;DEL02-BA;UOP01-DEL02-BA
718634;15/09/2025;segunda-feira;16:40:00;RN;226;338;PATU;Acessar a via sem observar a presença dos outros veículos;Colisão transversal;Com Vítimas Feridas;Pleno dia;Crescente;Céu Claro;Simples;Interseção de Vias;Sim;2;0;1;0;1;0;1;2;-6,090907;-37,640257;SPRF-RN;DEL04-RN;UOP01-DEL04-RN
718635;15/09/2025;segunda-feira;16:34:00;RN;101;106;PARNAMIRIM;Reação tardia ou ineficiente do condutor;Engavetamento;Com Vítimas Feridas;Pleno dia;Crescente;Céu Claro;Dupla;Reta;Sim;5;0;1;0;4;0;1;3;-5,91159605;-35,26179727;SPRF-RN;DEL01-RN;UOP01-DEL01-RN
718636;15/09/2025;segunda-feira;14:40:00;SC;470;137,4;RIO DO SUL;Acessar a via sem observar a presença dos outros veículos;Colisão transversal;Com Vítimas Feridas;Pleno dia;Crescente;Céu Claro;Simples;Curva;Sim;3;0;1;1;1;0;2;2;-27,19006388;-49,61952416;SPRF-SC;DEL04-SC;UOP02-DEL04-SC
718637;15/09/2025;segunda-feira;15:40:00;PR;476;117,5;COLOMBO;Reação tardia ou ineficiente do condutor;Colisão traseira;Sem Vítimas;Pleno dia;Decrescente;Céu Claro;Múltipla;"Reta;Declive";Sim;3;0;0;0;3;0;0;3;-25,3509759;-49,1780344;SPRF-PR;DEL01-PR;UOP01-DEL01-PR
718638;15/09/2025;segunda-feira;15:20:00;MG;40;140,5;JOAO PINHEIRO;Demais falhas mecânicas ou elétricas;Incêndio;Sem Vítimas;Pleno dia;Decrescente;Céu Claro;Simples;Declive;Não;1;0;0;0;1;0;0;1;-17,73749644;-46,19677719;SPRF-MG;DEL14-MG;UOP01-DEL14-MG
718639;15/09/2025;segunda-feira;17:17:00;SC;282;17,4;PALHOCA;Acessar a via sem observar a presença dos outros veículos;Colisão transversal;Com Vítimas Feridas;Pleno dia;Crescente;Céu Claro;Simples;"Reta;Interseção de Vias";Sim;3;0;0;1;2;0;1;2;-27,66924763;-48,69109511;SPRF-SC;DEL01-SC;UOP02-DEL01-SC
718640;15/09/2025;segunda-feira;17:40:00;SE;235;3;ARACAJU;Avarias e/ou desgaste excessivo no pneu;Tombamento;Com Vítimas Feridas;Anoitecer;Crescente;Nublado;Dupla;Declive;Sim;2;0;0;2;0;0;2;1;-10,9065699;-37,10096804;SPRF-SE;DEL01-SE;UOP01-DEL01-SE
718642;15/09/2025;segunda-feira;17:00:00;PE;428;184;PETROLINA;Curva acentuada;Queda de ocupante de veículo;Com Vítimas Feridas;Pleno dia;Decrescente;Céu Claro;Simples;Curva;Sim;2;0;1;0;1;0;1;1;-9,346543;-40,473148;SPRF-PE;DEL06-PE;UOP01-DEL06-PE
718644;15/09/2025;segunda-feira;16:45:00;MG;262;442,5;NOVA SERRANA;Conversão proibida;Colisão lateral sentido oposto;Com Vítimas Feridas;Pleno dia;Decrescente;Sol;Simples;Reta;Não;3;0;2;0;1;0;2;2;-19,87824;-44,98498;SPRF-MG;DEL08-MG;UOP03-DEL08-MG
718645;15/09/2025;segunda-feira;16:15:00;PR;116;51;CAMPINA GRANDE DO SUL;Velocidade Incompatível;Saída de leito carroçável;Sem Vítimas;Pleno dia;Crescente;Nublado;Dupla;Curva;Não;2;0;0;0;2;0;0;1;-25,244957;-48,903222;SPRF-PR;DEL01-PR;UOP02-DEL01-PR
718646;15/08/2025;sexta-feira;08:00:00;GO;60;283;JANDAIA;Demais falhas mecânicas ou elétricas;Incêndio;Sem Vítimas;Pleno dia;Crescente;Céu Claro;Dupla;Curva;Não;1;0;0;0;0;1;0;1;-17,273835;-50,24026;SPRF-GO;DEL04-GO;UOP02-DEL04-GO
718647;15/09/2025;segunda-feira;18:00:00;PA;316;66;CASTANHAL;Ausência de reação do condutor;Colisão traseira;Com Vítimas Feridas;Plena Noite;Crescente;Céu Claro;Dupla;Reta;Sim;2;0;1;0;1;0;1;2;-1,295012;-47,896497;SPRF-PA;DEL01-PA;UOP01-DEL01-PA
718648;15/09/2025;segunda-feira;17:05:00;PR;153;473,4;PORTO VITORIA;Manobra de mudança de faixa;Colisão transversal;Com Vítimas Fatais;Anoitecer;Decrescente;Nublado;Simples;Reta;Não;5;1;2;1;0;1;3;3;-26,31703349;-51,22099932;SPRF-PR;DEL02-PR;UOP03-DEL02-PR
718650;15/09/2025;segunda-feira;15:30:00;MG;365;624;UBERLANDIA;Reação tardia ou ineficiente do condutor;Queda de ocupante de veículo;Com Vítimas Feridas;Pleno dia;Crescente;Céu Claro;Simples;Reta;Sim;1;0;0;1;0;0;1;1;-18,90470309;-48,29141378;SPRF-MG;DEL15-MG;UOP01-DEL15-MG
718651;15/09/2025;segunda-feira;17:20:00;PA;163;969;BELTERRA;Acessar a via sem observar a presença dos outros veículos;Colisão transversal;Com Vítimas Feridas;Pleno dia;Decrescente;Céu Claro;Simples;"Interseção de Vias;Retorno Regulamentado";Não;2;0;0;1;1;0;1;2;-2,66086992;-54,83637245;SPRF-PA;DEL05-PA;UOP01-DEL05-PA
718652;15/09/2025;segunda-feira;12:00:00;GO;60;380;RIO VERDE;Ausência de reação do condutor;Colisão traseira;Com Vítimas Feridas;Pleno dia;Decrescente;Céu Claro;Simples;Viaduto;Sim;2;0;1;0;1;0;1;2;-17,78423283;-50,89904863;SPRF-GO;DEL04-GO;UOP02-DEL04-GO
718653;15/09/2025;segunda-feira;18:00:00;PR;376;2,2;APUCARANA;Conversão proibida;Colisão transversal;Com Vítimas Feridas;Anoitecer;Crescente;Céu Claro;Simples;"Reta;Declive";Sim;2;0;1;0;1;0;1;2;-23,567023;-51,432898;SPRF-PR;DEL07-PR;UOP03-DEL07-PR
718661;15/09/2025;segunda-feira;18:02:00;PE;101;65,3;RECIFE;Ausência de reação do condutor;Colisão com objeto;Sem Vítimas;Plena Noite;Crescente;Céu Claro;Dupla;"Reta;Ponte";Sim;4;0;0;0;1;3;0;4;-8,02773;-34,943032;SPRF-PE;DEL01-PE;UOP01-DEL01-PE
718662;15/09/2025;segunda-feira;16:30:00;PR;163;238,2;TOLEDO;Transitar na contramão;Saída de leito carroçável;Com Vítimas Fatais;Pleno dia;Crescente;Céu Claro;Dupla;Curva;Não;7;2;0;2;1;2;2;4;-24,73692;-53,69651;SPRF-PR;DEL04-PR;UOP01-DEL04-PR
718663;15/09/2025;segunda-feira;18:20:00;SP;116;194,5;SANTA ISABEL;Reação tardia ou ineficiente do condutor;Colisão traseira;Com Vítimas Feridas;Plena Noite;Crescente;Céu Claro;Dupla;Reta;Não;3;0;1;0;2;0;1;3;-23,385569;-46,269674;SPRF-SP;DEL01-SP;UOP01-DEL01-SP
718664;15/09/2025;segunda-feira;16:06:00;MA;135;0,2;SAO LUIS;Manobra de mudança de faixa;Colisão lateral mesmo sentido;Com Vítimas Feridas;Pleno dia;Decrescente;Céu Claro;Múltipla;Reta;Sim;3;0;1;1;0;1;2;2;-2,58193205;-44,24215794;SPRF-MA;DEL01-MA;UOP01-DEL01-MA
718665;08/09/2025;segunda-feira;21:20:00;RJ;101;297;SAO GONCALO;Acessar a via sem observar a presença dos outros veículos;Atropelamento de Pedestre;Com Vítimas Feridas;Plena Noite;Crescente;Céu Claro;Dupla;Reta;Não;2;0;2;0;0;0;2;2;-22,7928781;-43,0248325;SPRF-RJ;DEL02-RJ;UOP02-DEL02-RJ
718666;08/02/2025;sábado;04:45:00;SP;153;63,9;SAO JOSE DO RIO PRETO;Ingestão de álcool pelo condutor;Colisão com objeto;Com Vítimas Fatais;Amanhecer;Decrescente;Céu Claro;Dupla;Reta;Sim;2;1;1;0;0;0;1;2;-20,826713;-49,358898;SPRF-SP;DEL09-SP;UOP01-DEL09-SP
718667;15/09/2025;segunda-feira;17:10:00;RJ;116;174;SAO JOAO DE MERITI;Manobra de mudança de faixa;Capotamento;Com Vítimas Feridas;Anoitecer;Crescente;Sol;Dupla;Reta;Sim;1;0;1;0;0;0;1;1;-22,78862353;-43,37461822;SPRF-RJ;DEL06-RJ;UOP01-DEL06-RJ
718668;15/09/2025;segunda-feira;17:10:00;SP;116;279;EMBU DAS ARTES;Trafegar com motocicleta (ou similar) entre as faixas;Colisão traseira;Com Vítimas Feridas;Anoitecer;Crescente;Céu Claro;Dupla;Declive;Sim;1;0;1;0;0;0;1;1;-23,63674006;-46,83334351;SPRF-SP;DEL04-SP;UOP01-DEL04-SP
718670;15/09/2025;segunda-feira;18:13:00;MS;158;255,1;TRES LAGOAS;Ultrapassagem Indevida;Colisão frontal;Com Vítimas Feridas;Plena Noite;Crescente;Céu Claro;Simples;Curva;Não;4;0;1;1;2;0;2;2;-20,68125722;-51,7723099;SPRF-MS;DEL07-MS;UOP01-DEL07-MS
718672;15/09/2025;segunda-feira;19:48:00;PA;316;24;BENEVIDES;Entrada inopinada do pedestre;Atropelamento de Pedestre;Com Vítimas Fatais;Plena Noite;Crescente;Céu Claro;Dupla;Reta;Sim;5;1;0;0;4;0;0;2;-1,339867;-48,243712;SPRF-PA;DEL01-PA;UOP01-DEL01-PA
718673;15/09/2025;segunda-feira;18:25:00;PR;153;110,5;IBAITI;Retorno proibido;Colisão transversal;Com Vítimas Feridas;Anoitecer;Crescente;Céu Claro;Simples;Interseção de Vias;Sim;2;0;1;1;0;0;2;2;-23,85574416;-50,19479362;SPRF-PR;DEL07-PR;UOP04-DEL07-PR
718674;15/09/2025;segunda-feira;19:20:00;RJ;465;21;NOVA IGUACU;Ausência de reação do condutor;Colisão traseira;Com Vítimas Feridas;Plena Noite;Decrescente;Céu Claro;Simples;Reta;Não;2;0;0;1;1;0;1;2;-22,85758845;-43,60173917;SPRF-RJ;DEL06-RJ;UOP02-DEL06-RJ
718677;15/09/2025;segunda-feira;18:45:00;PR;369;37;ANDIRA;Acessar a via sem observar a presença dos outros veículos;Colisão transversal;Com Vítimas Feridas;Plena Noite;Crescente;Céu Claro;Dupla;Reta;Sim;3;0;2;0;1;0;2;2;-23,04389312;-50,23026315;SPRF-PR;DEL07-PR;UOP05-DEL07-PR
718678;15/09/2025;segunda-feira;18:20:00;MS;463;110;PONTA PORA;Velocidade Incompatível;Colisão traseira;Com Vítimas Fatais;Plena Noite;Crescente;Nublado;Dupla;Reta;Sim;3;1;1;0;0;1;1;2;-22,566653;-55,696543;SPRF-MS;DEL04-MS;UOP03-DEL04-MS
718681;15/09/2025;segunda-feira;20:17:00;CE;222;313;TIANGUA;Ausência de reação do condutor;Colisão com objeto;Sem Vítimas;Plena Noite;Crescente;Céu Claro;Dupla;Reta;Sim;1;0;0;0;1;0;0;1;-3,730427;-41,000967;SPRF-CE;DEL04-CE;UOP02-DEL04-CE
718683;15/09/2025;segunda-feira;19:45:00;RJ;101;323;NITEROI;Reação tardia ou ineficiente do condutor;Colisão com objeto;Com Vítimas Feridas;Plena Noite;Decrescente;Céu Claro;Dupla;"Ponte;Reta";Não;1;0;1;0;0;0;1;1;-22,873373;-43,131043;SPRF-RJ;DEL02-RJ;UOP01-DEL02-RJ
718684;15/09/2025;segunda-feira;20:15:00;SP;381;8;VARGEM;Avarias e/ou desgaste excessivo no pneu;Tombamento;Com Vítimas Feridas;Plena Noite;Decrescente;Céu Claro;Dupla;Reta;Não;2;0;2;0;0;0;2;1;-22,917881;-46,432877;SPRF-SP;DEL03-SP;UOP02-DEL03-SP
718685;15/09/2025;segunda-feira;19:50:00;RS;392;117;CANGUCU;Reação tardia ou ineficiente do condutor;Colisão lateral mesmo sentido;Com Vítimas Feridas;Plena Noite;Decrescente;Nublado;Simples;"Ponte;Reta;Declive";Não;2;0;1;0;0;1;1;2;-31,4099946;-52,68136168;SPRF-RS;DEL07-RS;UOP01-DEL07-RS
718686;15/09/2025;segunda-feira;20:00:00;MG;262;676;ARAXA;Demais falhas mecânicas ou elétricas;Incêndio;Sem Vítimas;Plena Noite;Crescente;Céu Claro;Simples;Declive;Não;4;0;0;0;4;0;0;1;-19,54876;-46,94565;SPRF-MG;DEL08-MG;UOP01-DEL08-MG
718687;15/09/2025;segunda-feira;19:30:00;SC;101;158;PORTO BELO;Reação tardia ou ineficiente do condutor;Colisão traseira;Com Vítimas Feridas;Plena Noite;Crescente;Garoa/Chuvisco;Dupla;Reta;Não;2;0;1;0;1;0;1;2;-27,18860181;-48,61224622;SPRF-SC;DEL04-SC;UOP03-DEL04-SC
718688;15/09/2025;segunda-feira;21:00:00;PB;230;24;JOAO PESSOA;Reação tardia ou ineficiente do condutor;Engavetamento;Sem Vítimas;Plena Noite;Decrescente;Céu Claro;Dupla;"Aclive;Viaduto;Curva";Sim;3;0;0;0;3;0;0;3;-7,16574401;-34,89742756;SPRF-PB;DEL01-PB;UOP01-DEL01-PB
718690;15/09/2025;segunda-feira;21:15:00;MG;40;511;RIBEIRAO DAS NEVES;Manobra de mudança de faixa;Colisão lateral mesmo sentido;Com Vítimas Feridas;Plena Noite;Crescente;Céu Claro;Dupla;Reta;Não;2;0;1;0;0;1;1;2;-19,782742;-44,117078;SPRF-MG;DEL01-MG;UOP02-DEL01-MG
718691;03/09/2025;quarta-feira;08:35:00;BA;324;618;SALVADOR;Condutor deixou de manter distância do veículo da frente;Colisão traseira;Sem Vítimas;Pleno dia;Decrescente;Chuva;Dupla;Reta;Não;1;0;0;0;1;0;0;1;-12,899237;-38,4506648;SPRF-BA;DEL01-BA;UOP01-DEL01-BA
718694;15/09/2025;segunda-feira;18:30:00;MT;163;844;SINOP;Afundamento ou ondulação no pavimento;Queda de ocupante de veículo;Com Vítimas Feridas;Plena Noite;Crescente;Céu Claro;Simples;Reta;Não;2;0;0;1;0;1;1;2;-11,7760729;-55,4730817;SPRF-MT;DEL06-MT;UOP02-DEL06-MT