id;data_inversa;dia_semana;horario;uf;br;km;municipio;causa_acidente;tipo_acidente;classificacao_acidente;fase_dia;sentido_via;condicao_metereologica;tipo_pista;tracado_via;uso_solo;pessoas;mortos;feridos_leves;feridos_graves;ilesos;ignorados;feridos;veiculos;latitude;longitude;regional;delegacia;uop
718695;15/09/2025;segunda-feira;18:00:00;MG;116;497,1;INHAPIM;Manobra de mudança de faixa;Colisão traseira;Com Vítimas Feridas;Plena Noite;Decrescente;Céu Claro;Simples;"Reta;Declive";Não;2;0;0;1;0;1;1;2;-19,53627073;-42,12647081;SPRF-MG;DEL06-MG;UOP02-DEL06-MG
718696;15/09/2025;segunda-feira;19:40:00;AC;364;122;RIO BRANCO;Ausência de reação do condutor;Colisão traseira;Com Vítimas Feridas;Plena Noite;Decrescente;Céu Claro;Dupla;Reta;Sim;3;0;2;0;1;0;2;2;-10,01419642;-67,69353613;SPRF-AC;DEL01-AC;UOP01-DEL01-AC
718697;15/09/2025;segunda-feira;21:55:00;RS;116;148;CAXIAS DO SUL;Curva acentuada;Colisão com objeto;Com Vítimas Feridas;Plena Noite;Crescente;Chuva;Dupla;"Declive;Curva";Sim;1;0;1;0;0;0;1;1;-29,155289;-51,152028;SPRF-RS;DEL05-RS;UOP01-DEL05-RS
718698;15/09/2025;segunda-feira;22:20:00;SP;116;462;PARIQUERA-ACU;Demais falhas mecânicas ou elétricas;Saída de leito carroçável;Com Vítimas Feridas;Plena Noite;Crescente;Céu Claro;Dupla;Reta;Não;2;0;1;1;0;0;2;1;-24,63897446;-47,91203946;SPRF-SP;DEL05-SP;UOP01-DEL05-SP
718699;04/06/2025;quarta-feira;07:30:00;PI;343;262;CAMPO MAIOR;Demais falhas na via;Tombamento;Com Vítimas Feridas;Pleno dia;Crescente;Céu Claro;Simples;"Reta;Em Obras";Não;1;0;0;1;0;0;1;1;-4,84821158;-42,1923786;SPRF-PI;DEL01-PI;UOP03-DEL01-PI
718700;03/09/2025;quarta-feira;11:40:00;RJ;393;279;BARRA DO PIRAI;Condutor deixou de manter distância do veículo da frente;Colisão lateral mesmo sentido;Com Vítimas Feridas;Pleno dia;Decrescente;Ignorado;Simples;Reta;Sim;2;0;1;0;0;1;1;2;-22,47731487;-44,04776126;SPRF-RJ;DEL05-RJ;UOP04-DEL05-RJ
718701;15/09/2025;segunda-feira;18:30:00;PR;158;398,5;LARANJEIRAS DO SUL;Ausência de reação do condutor;Colisão frontal;Com Vítimas Fatais;Anoitecer;Crescente;Ignorado;Simples;Reta;Não;2;1;0;0;1;0;0;2;-25,330858;-52,349391;SPRF-PR;DEL04-PR;UOP02-DEL04-PR
718703;15/09/2025;segunda-feira;23:50:00;SP;488;2;APARECIDA;Condutor Dormindo;Colisão com objeto;Com Vítimas Feridas;Plena Noite;Decrescente;Céu Claro;Dupla;Reta;Sim;5;0;2;3;0;0;5;1;-22,85073853;-45,23765445;SPRF-SP;DEL08-SP;UOP01-DEL08-SP
718708;16/09/2025;terça-feira;00:30:00;SC;282;500,5;XANXERE;Velocidade Incompatível;Saída de leito carroçável;Sem Vítimas;Plena Noite;Crescente;Garoa/Chuvisco;Dupla;Reta;Não;1;0;0;0;1;0;0;1;-26,8814159;-52,37336802;SPRF-SC;DEL07-SC;UOP01-DEL07-SC
718709;16/09/2025;terça-feira;00:10:00;PR;376;181;MARINGA;Reação tardia ou ineficiente do condutor;Colisão traseira;Com Vítimas Feridas;Plena Noite;Crescente;Céu Claro;Dupla;Reta;Sim;2;0;0;1;1;0;1;2;-23,4254749;-51,8983628;SPRF-PR;DEL09-PR;UOP01-DEL09-PR
718711;16/09/2025;terça-feira;01:15:00;RS;290;75,5;GRAVATAI;Ausência de reação do condutor;Colisão com objeto;Sem Vítimas;Plena Noite;Decrescente;Nublado;Múltipla;Reta;Não;3;0;0;0;3;0;0;2;-29,95582693;-51,00851297;SPRF-RS;DEL01-RS;UOP01-DEL01-RS
718712;16/09/2025;terça-feira;01:15:00;PE;101;136;ESCADA;Velocidade Incompatível;Capotamento;Com Vítimas Feridas;Plena Noite;Decrescente;Céu Claro;Dupla;Curva;Não;1;0;1;0;0;0;1;1;-8,41434285;-35,30538082;SPRF-PE;DEL01-PE;UOP03-DEL01-PE
718713;16/09/2025;terça-feira;02:30:00;SP;116;283;EMBU DAS ARTES;Manobra de mudança de faixa;Saída de leito carroçável;Sem Vítimas;Plena Noite;Decrescente;Céu Claro;Dupla;Reta;Sim;2;0;0;0;0;2;0;2;-23,670384;-46,85593693;SPRF-SP;DEL04-SP;UOP01-DEL04-SP
718715;16/09/2025;terça-feira;04:15:00;GO;153;698;ITUMBIARA;Reação tardia ou ineficiente do condutor;Tombamento;Com Vítimas Feridas;Plena Noite;Crescente;Céu Claro;Simples;Reta;Sim;1;0;1;0;0;0;1;1;-18,37616;-49,211013;SPRF-GO;DEL03-GO;UOP02-DEL03-GO
718716;16/09/2025;terça-feira;03:00:00;PR;376;603;CURITIBA;Velocidade Incompatível;Saída de leito carroçável;Com Vítimas Feridas;Plena Noite;Crescente;Chuva;Dupla;"Reta;Aclive";Sim;1;0;1;0;0;0;1;1;-25,5310748;-49,3244538;SPRF-PR;DEL01-PR;UOP03-DEL01-PR
718717;15/09/2025;segunda-feira;20:10:00;PE;316;363;PETROLANDIA;Animais na Pista;Atropelamento de Animal;Com Vítimas Fatais;Plena Noite;Decrescente;Céu Claro;Simples;Reta;Sim;1;1;0;0;0;0;0;1;-8,946943;-38,225567;SPRF-PE;DEL04-PE;UOP03-DEL04-PE
718719;16/09/2025;terça-feira;06:27:00;MG;40;523;CONTAGEM;Manobra de mudança de faixa;Colisão lateral mesmo sentido;Com Vítimas Feridas;Pleno dia;Crescente;Céu Claro;Dupla;Reta;Não;4;0;2;0;1;1;2;3;-19,8661403;-44,0620019;SPRF-MG;DEL01-MG;UOP02-DEL01-MG
718720;15/09/2025;segunda-feira;19:10:00;BA;324;439;RIACHAO DO JACUIPE;Acesso irregular;Colisão transversal;Com Vítimas Feridas;Plena Noite;Decrescente;Céu Claro;Simples;Reta;Sim;2;0;0;1;1;0;1;2;-11,80726657;-39,38597238;SPRF-BA;DEL04-BA;UOP02-DEL04-BA
718722;16/09/2025;terça-feira;05:40:00;MG;381;630,9;OLIVEIRA;Condutor Dormindo;Saída de leito carroçável;Com Vítimas Feridas;Amanhecer;Crescente;Céu Claro;Dupla;Curva;Não;3;0;1;0;2;0;1;1;-20,82920591;-44,81701272;SPRF-MG;DEL04-MG;UOP01-DEL04-MG
718724;11/09/2025;quinta-feira;18:20:00;RJ;393;257;BARRA DO PIRAI;Velocidade Incompatível;Queda de ocupante de veículo;Com Vítimas Feridas;Plena Noite;Crescente;Ignorado;Simples;Reta;Não;1;0;1;0;0;0;1;1;-22,46185781;-43,85140166;SPRF-RJ;DEL05-RJ;UOP04-DEL05-RJ
718725;16/09/2025;terça-feira;06:40:00;RN;304;31;MOSSORO;Acessar a via sem observar a presença dos outros veículos;Colisão transversal;Com Vítimas Feridas;Pleno dia;Decrescente;Céu Claro;Simples;Reta;Não;2;0;2;0;0;0;2;2;-5,0840097;-37,33395606;SPRF-RN;DEL04-RN;UOP02-DEL04-RN
718727;16/09/2025;terça-feira;07:05:00;CE;116;16,9;EUSEBIO;Ausência de reação do condutor;Colisão traseira;Com Vítimas Feridas;Pleno dia;Decrescente;Céu Claro;Múltipla;Reta;Não;4;0;2;0;2;0;2;3;-3,895792;-38,502887;SPRF-CE;DEL01-CE;UOP02-DEL01-CE
718728;15/09/2025;segunda-feira;21:40:00;MG;116;525;CARATINGA;Reação tardia ou ineficiente do condutor;Colisão lateral mesmo sentido;Com Vítimas Feridas;Plena Noite;Crescente;Nublado;Simples;Reta;Sim;3;0;3;0;0;0;3;2;-19,79581294;-42,1376896;SPRF-MG;DEL06-MG;UOP02-DEL06-MG
718729;16/09/2025;terça-feira;06:50:00;RJ;101;22;CAMPOS DOS GOYTACAZES;Demais falhas mecânicas ou elétricas;Incêndio;Sem Vítimas;Pleno dia;Crescente;Céu Claro;Simples;"Aclive;Curva";Não;1;0;0;0;1;0;0;1;-21,40488509;-41,34364335;SPRF-RJ;DEL08-RJ;UOP01-DEL08-RJ
718730;16/09/2025;terça-feira;07:30:00;ES;259;51;COLATINA;Ausência de reação do condutor;Tombamento;Com Vítimas Feridas;Pleno dia;Decrescente;Chuva;Simples;Reta;Não;1;0;0;1;0;0;1;1;-19,5044513;-40,61286002;SPRF-ES;DEL02-ES;UOP01-DEL02-ES
718731;16/09/2025;terça-feira;06:50:00;PR;369;186;ARAPONGAS;Pista Escorregadia;Queda de ocupante de veículo;Com Vítimas Feridas;Pleno dia;Crescente;Nublado;Simples;Rotatória;Sim;2;0;1;0;1;0;1;1;-23,41700514;-51,42714307;SPRF-PR;DEL07-PR;UOP03-DEL07-PR
718732;16/09/2025;terça-feira;07:20:00;RJ;40;105;DUQUE DE CAXIAS;Conversão proibida;Colisão transversal;Com Vítimas Feridas;Pleno dia;Decrescente;Céu Claro;Múltipla;Reta;Sim;3;0;2;0;1;0;2;2;-22,641071;-43,2833558;SPRF-RJ;DEL01-RJ;UOP02-DEL01-RJ
718733;16/09/2025;terça-feira;07:30:00;SP;116;224;GUARULHOS;Reação tardia ou ineficiente do condutor;Colisão lateral mesmo sentido;Com Vítimas Feridas;Pleno dia;Crescente;Céu Claro;Múltipla;Reta;Sim;2;0;1;0;1;0;1;2;-23,48202747;-46,53560607;SPRF-SP;DEL01-SP;UOP01-DEL01-SP
718734;16/09/2025;terça-feira;05:10:00;MG;381;196,5;PERIQUITO;Acessar a via sem observar a presença dos outros veículos;Colisão frontal;Com Vítimas Feridas;Amanhecer;Decrescente;Ignorado;Simples;Curva;Não;2;0;0;1;1;0;1;2;-19,16152043;-42,24061344;SPRF-MG;DEL06-MG;UOP01-DEL06-MG
718736;16/09/2025;terça-feira;08:10:00;BA;324;544;AMELIA RODRIGUES;Demais falhas mecânicas ou elétricas;Incêndio;Sem Vítimas;Pleno dia;Decrescente;Céu Claro;Dupla;Reta;Sim;1;0;0;0;1;0;0;1;-12,4116347;-38,7520827;SPRF-BA;DEL01-BA;UOP03-DEL01-BA
718739;16/09/2025;terça-feira;07:00:00;RJ;116;108;GUAPIMIRIM;Ausência de reação do condutor;Queda de ocupante de veículo;Com Vítimas Feridas;Pleno dia;Crescente;Céu Claro;Dupla;Reta;Sim;1;0;1;0;0;0;1;1;-22,534528;-42,992821;SPRF-RJ;DEL04-RJ;UOP01-DEL04-RJ
718740;16/09/2025;terça-feira;07:30:00;RS;116;525;PELOTAS;Velocidade Incompatível;Colisão com objeto;Com Vítimas Fatais;Amanhecer;Decrescente;Céu Claro;Simples;Reta;Não;1;1;0;0;0;0;0;1;-31,7364618;-52,39369154;SPRF-RS;DEL07-RS;UOP01-DEL07-RS
718741;16/09/2025;terça-feira;07:50:00;MG;381;488;BETIM;Trafegar com motocicleta (ou similar) entre as faixas;Colisão lateral mesmo sentido;Sem Vítimas;Pleno dia;Decrescente;Céu Claro;Múltipla;"Aclive;Reta";Não;2;0;0;0;2;0;0;2;-19,9559004;-44,1296719;SPRF-MG;DEL01-MG;UOP03-DEL01-MG
718742;16/09/2025;terça-feira;07:40:00;PR;277;80;SAO JOSE DOS PINHAIS;Acessar a via sem observar a presença dos outros veículos;Colisão transversal;Com Vítimas Feridas;Pleno dia;Crescente;Céu Claro;Dupla;Reta;Sim;2;0;1;0;1;0;1;2;-25,5524864;-49,0340352;SPRF-PR;DEL01-PR;UOP03-DEL01-PR
718743;16/09/2025;terça-feira;07:20:00;PR;376;677;GUARATUBA;Ausência de reação do condutor;Atropelamento de Pedestre;Com Vítimas Fatais;Pleno dia;Decrescente;Céu Claro;Dupla;Curva;Não;2;1;0;0;0;1;0;2;-25,9432914;-48,9065517;SPRF-PR;DEL01-PR;UOP04-DEL01-PR
718744;27/07/2025;domingo;18:40:00;PR;153;13;JACAREZINHO;Velocidade Incompatível;Queda de ocupante de veículo;Com Vítimas Feridas;Anoitecer;Decrescente;Céu Claro;Simples;Reta;Não;2;0;2;0;0;0;2;1;-23,11759998;-49,9440794;SPRF-PR;DEL07-PR;UOP04-DEL07-PR
718746;16/09/2025;terça-feira;08:00:00;PR;116;13;COLOMBO;Demais falhas na via;Colisão com objeto;Com Vítimas Feridas;Pleno dia;Crescente;Céu Claro;Dupla;Reta;Sim;1;0;1;0;0;0;1;1;-25,378914;-49,157715;SPRF-PR;DEL01-PR;UOP02-DEL01-PR
718749;16/09/2025;terça-feira;08:40:00;SP;381;22;BRAGANCA PAULISTA;Ausência de reação do condutor;Colisão lateral mesmo sentido;Com Vítimas Feridas;Pleno dia;Crescente;Céu Claro;Simples;"Curva;Declive";Não;2;0;1;0;1;0;1;2;-22,99543259;-46,51250236;SPRF-SP;DEL03-SP;UOP02-DEL03-SP
718750;16/09/2025;terça-feira;08:20:00;PR;277;114;CAMPO LARGO;Ausência de reação do condutor;Colisão traseira;Sem Vítimas;Pleno dia;Decrescente;Céu Claro;Dupla;"Declive;Curva";Não;2;0;0;0;2;0;0;2;-25,44664245;-49,48953375;SPRF-PR;DEL03-PR;UOP03-DEL03-PR
718751;16/09/2025;terça-feira;08:27:00;PE;101;80;JABOATAO DOS GUARARAPES;Trafegar com motocicleta (ou similar) entre as faixas;Colisão lateral mesmo sentido;Com Vítimas Feridas;Pleno dia;Crescente;Céu Claro;Múltipla;Reta;Sim;3;0;1;0;1;1;1;3;-8,1543;-34,94209;SPRF-PE;DEL01-PE;UOP01-DEL01-PE
718752;16/09/2025;terça-feira;08:10:00;PR;277;71;SAO JOSE DOS PINHAIS;Ausência de reação do condutor;Colisão traseira;Com Vítimas Feridas;Pleno dia;Decrescente;Sol;Dupla;Reta;Sim;2;0;1;0;1;0;1;2;-25,50780925;-49,13622078;SPRF-PR;DEL01-PR;UOP07-DEL01-PR
718753;16/09/2025;terça-feira;08:00:00;PI;316;291,7;PICOS;Condutor deixou de manter distância do veículo da frente;Colisão lateral mesmo sentido;Com Vítimas Feridas;Pleno dia;Decrescente;Sol;Simples;Reta;Sim;2;0;0;1;1;0;1;2;-7,002983;-41,608152;SPRF-PI;DEL04-PI;UOP01-DEL04-PI
718754;16/09/2025;terça-feira;07:30:00;MG;116;568;MANHUACU;Acessar a via sem observar a presença dos outros veículos;Colisão frontal;Com Vítimas Feridas;Pleno dia;Crescente;Céu Claro;Simples;"Curva;Declive;Interseção de Vias";Não;3;0;2;0;1;0;2;2;-20,1010752;-42,17857361;SPRF-MG;DEL06-MG;UOP03-DEL06-MG
718756;16/09/2025;terça-feira;08:15:00;SP;116;103;PINDAMONHANGABA;Reação tardia ou ineficiente do condutor;Engavetamento;Com Vítimas Feridas;Pleno dia;Decrescente;Nublado;Dupla;Reta;Não;5;0;1;0;4;0;1;5;-22,99948366;-45,49747467;SPRF-SP;DEL02-SP;UOP02-DEL02-SP
718757;15/09/2025;segunda-feira;03:59:00;MG;116;530,4;CARATINGA;Ausência de reação do condutor;Saída de leito carroçável;Com Vítimas Feridas;Plena Noite;Crescente;Céu Claro;Simples;Reta;Sim;2;0;2;0;0;0;2;1;-19,8140339;-42,13548303;SPRF-MG;DEL06-MG;UOP02-DEL06-MG
718759;16/09/2025;terça-feira;08:40:00;ES;393;1;CACHOEIRO DE ITAPEMIRIM;Ausência de reação do condutor;Colisão traseira;Com Vítimas Feridas;Pleno dia;Crescente;Sol;Simples;"Reta;Interseção de Vias";Sim;2;0;1;0;1;0;1;2;-20,83999696;-41,16072742;SPRF-ES;DEL03-ES;UOP02-DEL03-ES
718760;16/09/2025;terça-feira;08:44:00;BA;101;718;EUNAPOLIS;Ausência de reação do condutor;Colisão lateral mesmo sentido;Com Vítimas Feridas;Pleno dia;Crescente;Sol;Simples;"Interseção de Vias;Curva";Sim;2;0;0;1;1;0;1;2;-16,373278;-39,580558;SPRF-BA;DEL09-BA;UOP01-DEL09-BA
718762;16/09/2025;terça-feira;09:00:00;MS;163;444;CAMPO GRANDE;Ausência de reação do condutor;Capotamento;Com Vítimas Feridas;Pleno dia;Decrescente;Chuva;Simples;Reta;Não;2;0;1;0;1;0;1;1;-20,77018883;-54,52782869;SPRF-MS;DEL01-MS;UOP01-DEL01-MS
718763;16/09/2025;terça-feira;09:54:00;PE;116;24;SALGUEIRO;Acessar a via sem observar a presença dos outros veículos;Colisão lateral mesmo sentido;Com Vítimas Feridas;Pleno dia;Decrescente;Céu Claro;Simples;Reta;Não;2;0;1;0;1;0;1;2;-8,0593233;-39,1226579;SPRF-PE;DEL05-PE;UOP01-DEL05-PE
718764;13/09/2025;sábado;12:00:00;ES;262;56,2;MARECHAL FLORIANO;Avarias e/ou desgaste excessivo no pneu;Saída de leito carroçável;Com Vítimas Feridas;Pleno dia;Crescente;Chuva;Simples;Retorno Regulamentado;Não;2;0;1;1;0;0;2;1;-20,413767;-40,7590073;SPRF-ES;DEL01-ES;UOP01-DEL01-ES
718765;16/09/2025;terça-feira;08:56:00;RO;319;143;PORTO VELHO;Acessar a via sem observar a presença dos outros veículos;Colisão transversal;Com Vítimas Feridas;Pleno dia;Crescente;Sol;Múltipla;Interseção de Vias;Sim;2;0;0;1;1;0;1;2;-8,75882894;-63,88604371;SPRF-RO;DEL01-RO;UOP01-DEL01-RO
718766;16/09/2025;terça-feira;09:10:00;ES;101;157,8;ARACRUZ;Condutor Dormindo;Colisão com objeto;Com Vítimas Feridas;Pleno dia;Crescente;Céu Claro;Simples;Reta;Não;1;0;1;0;0;0;1;1;-19,638385;-40,2263254;SPRF-ES;DEL04-ES;UOP01-DEL04-ES
718767;16/09/2025;terça-feira;10:00:00;MG;50;72;UBERLANDIA;Condutor deixou de manter distância do veículo da frente;Colisão traseira;Com Vítimas Feridas;Pleno dia;Crescente;Céu Claro;Dupla;Reta;Sim;3;0;1;0;2;0;1;2;-18,9003698;-48,2400883;SPRF-MG;DEL15-MG;UOP01-DEL15-MG
718768;16/09/2025;terça-feira;10:10:00;ES;101;264,5;SERRA;Acesso irregular;Colisão transversal;Com Vítimas Feridas;Pleno dia;Crescente;Garoa/Chuvisco;Dupla;Reta;Não;2;0;1;0;0;1;1;2;-20,17825181;-40,26548018;SPRF-ES;DEL02-ES;UOP01-DEL02-ES
718770;16/09/2025;terça-feira;10:00:00;SC;282;3,4;FLORIANOPOLIS;Reação tardia ou ineficiente do condutor;Saída de leito carroçável;Sem Vítimas;Pleno dia;Crescente;Nublado;Múltipla;Reta;Sim;1;0;0;0;1;0;0;1;-27,597113;-48,600665;SPRF-SC;DEL01-SC;UOP01-DEL01-SC
718773;16/09/2025;terça-feira;09:20:00;AM;319;453;TAPAUA;Acumulo de areia ou detritos sobre o pavimento;Tombamento;Com Vítimas Feridas;Pleno dia;Decrescente;Céu Claro;Simples;Reta;Não;1;0;0;1;0;0;1;1;-5,943569;-62,454752;SPRF-AM;DEL01-AM;UOP04-DEL01-AM
718775;16/09/2025;terça-feira;10:20:00;SE;101;59,4;ROSARIO DO CATETE;Chuva;Saída de leito carroçável;Com Vítimas Feridas;Pleno dia;Decrescente;Chuva;Simples;Curva;Não;6;0;5;0;1;0;5;1;-10,6631;-37,029718;SPRF-SE;DEL02-SE;UOP02-DEL02-SE
718776;16/09/2025;terça-feira;10:35:00;PE;104;61;CARUARU;Animais na Pista;Atropelamento de Animal;Com Vítimas Feridas;Pleno dia;Decrescente;Nublado;Dupla;"Reta;Retorno Regulamentado";Sim;2;0;2;0;0;0;2;1;-8,241231;-35,975334;SPRF-PE;DEL02-PE;UOP01-DEL02-PE
718777;16/09/2025;terça-feira;11:15:00;SC;101;418;ARARANGUA;Desrespeitar a preferência no cruzamento;Colisão transversal;Com Vítimas Feridas;Pleno dia;Crescente;Nublado;Simples;Viaduto;Sim;2;0;1;0;1;0;1;2;-28,99064657;-49,54771682;SPRF-SC;DEL02-SC;UOP02-DEL02-SC
718780;26/07/2025;sábado;18:00:00;RJ;116;178;MESQUITA;Manobra de mudança de faixa;Colisão lateral mesmo sentido;Com Vítimas Feridas;Plena Noite;Decrescente;Céu Claro;Múltipla;Curva;Sim;2;0;1;0;1;0;1;2;-22,77582245;-43,40008227;SPRF-RJ;DEL06-RJ;UOP01-DEL06-RJ
718781;16/09/2025;terça-feira;12:15:00;ES;447;13,9;VILA VELHA;Condutor deixou de manter distância do veículo da frente;Colisão traseira;Com Vítimas Feridas;Pleno dia;Crescente;Céu Claro;Dupla;Reta;Sim;2;0;1;0;1;0;1;2;-20,35011936;-40,33327818;SPRF-ES;DEL01-ES;UOP01-DEL01-ES
718782;16/09/2025;terça-feira;11:45:00;MG;40;470;SETE LAGOAS;Ultrapassagem Indevida;Colisão lateral mesmo sentido;Com Vítimas Feridas;Pleno dia;Decrescente;Céu Claro;Múltipla;Reta;Sim;2;0;1;0;0;1;1;2;-19,46917072;-44,29476209;SPRF-MG;DEL02-MG;UOP01-DEL02-MG
718783;16/09/2025;terça-feira;13:00:00;PR;476;164;ARAUCARIA;Demais falhas mecânicas ou elétricas;Tombamento;Com Vítimas Feridas;Pleno dia;Decrescente;Céu Claro;Simples;Reta;Não;2;0;2;0;0;0;2;1;-25,64324621;-49,47237365;SPRF-PR;DEL01-PR;UOP06-DEL01-PR
718784;16/09/2025;terça-feira;11:00:00;MG;116;497,2;INHAPIM;Acessar a via sem observar a presença dos outros veículos;Colisão transversal;Com Vítimas Feridas;Pleno dia;Decrescente;Céu Claro;Simples;"Reta;Interseção de Vias";Sim;3;0;0;1;0;2;1;3;-19,54006948;-42,12629769;SPRF-MG;DEL06-MG;UOP02-DEL06-MG
718785;16/09/2025;terça-feira;13:00:00;ES;262;17;VIANA;Acessar a via sem observar a presença dos outros veículos;Colisão transversal;Com Vítimas Feridas;Pleno dia;Decrescente;Sol;Simples;Reta;Sim;2;0;1;0;1;0;1;2;-20,38662993;-40,47324657;SPRF-ES;DEL01-ES;UOP01-DEL01-ES
718786;16/09/2025;terça-feira;12:20:00;PI;343;307;ALTOS;Acessar a via sem observar a presença dos outros veículos;Colisão transversal;Sem Vítimas;Pleno dia;Decrescente;Céu Claro;Simples;Reta;Sim;2;0;0;0;2;0;0;2;-5,03905551;-42,46471548;SPRF-PI;DEL01-PI;UOP01-DEL01-PI
718787;16/09/2025;terça-feira;11:50:00;RJ;101;323;NITEROI;Condutor deixou de manter distância do veículo da frente;Colisão traseira;Com Vítimas Feridas;Pleno dia;Crescente;Céu Claro;Múltipla;Reta;Não;2;0;1;0;1;0;1;2;-22,87269563;-43,13713074;SPRF-RJ;DEL02-RJ;UOP01-DEL02-RJ
718788;16/09/2025;terça-feira;13:30:00;SP;381;70;MAIRIPORA;Reação tardia ou ineficiente do condutor;Queda de ocupante de veículo;Com Vítimas Feridas;Pleno dia;Decrescente;Chuva;Dupla;Declive;Não;1;0;1;0;0;0;1;1;-23,35025069;-46,55976087;SPRF-SP;DEL03-SP;UOP01-DEL03-SP
718791;16/09/2025;terça-feira;08:15:00;MG;381;225;BELO ORIENTE;Condutor deixou de manter distância do veículo da frente;Colisão traseira;Com Vítimas Feridas;Pleno dia;Crescente;Sol;Simples;"Em Obras;Reta";Não;3;0;2;0;1;0;2;2;-19,33090654;-42,42148519;SPRF-MG;DEL06-MG;UOP01-DEL06-MG
718792;16/09/2025;terça-feira;13:40:00;MG;381;876,4;ESTIVA;Chuva;Saída de leito carroçável;Com Vítimas Feridas;Pleno dia;Decrescente;Nublado;Dupla;"Curva;Aclive";Não;2;0;2;0;0;0;2;1;-22,43855;-45,98427;SPRF-MG;DEL16-MG;UOP01-DEL16-MG
718793;16/09/2025;terça-feira;13:15:00;MS;267;481,7;JARDIM;Pedestre andava na pista;Atropelamento de Pedestre;Com Vítimas Feridas;Pleno dia;Crescente;Sol;Simples;Rotatória;Sim;2;0;1;0;1;0;1;2;-21,48334157;-56,14530802;SPRF-MS;DEL05-MS;UOP01-DEL05-MS
718794;16/09/2025;terça-feira;14:23:00;PE;101;71;RECIFE;Condutor deixou de manter distância do veículo da frente;Colisão lateral mesmo sentido;Com Vítimas Feridas;Pleno dia;Crescente;Céu Claro;Dupla;Reta;Sim;3;0;3;0;0;0;3;2;-8,077047;-34,943042;SPRF-PE;DEL01-PE;UOP01-DEL01-PE
718796;16/09/2025;terça-feira;12:05:00;SC;280;152,7;MAFRA;Ingestão de substâncias psicoativas pelo condutor;Capotamento;Com Vítimas Feridas;Pleno dia;Decrescente;Céu Claro;Simples;"Curva;Aclive";Não;2;0;1;0;0;1;1;2;-26,223627;-49,711304;SPRF-SC;DEL06-SC;UOP03-DEL06-SC
718802;03/03/2025;segunda-feira;01:35:00;SP;116;198,5;ARUJA;Animais na Pista;Atropelamento de Animal;Com Vítimas Feridas;Plena Noite;Decrescente;Ignorado;Dupla;"Declive;Reta";Sim;1;0;1;0;0;0;1;1;-23,40178028;-46,31046295;SPRF-SP;DEL01-SP;UOP01-DEL01-SP
718803;16/09/2025;terça-feira;14:00:00;AM;174;885;MANAUS;Reação tardia ou ineficiente do condutor;Colisão traseira;Com Vítimas Feridas;Pleno dia;Decrescente;Céu Claro;Simples;"Declive;Interseção de Vias";Sim;3;0;3;0;0;0;3;2;-2,96497477;-60,02270848;SPRF-AM;DEL01-AM;UOP01-DEL01-AM
718805;16/09/2025;terça-feira;15:35:00;SC;101;203,7;SAO JOSE;Objeto estático sobre o leito carroçável;Tombamento;Com Vítimas Feridas;Pleno dia;Crescente;Céu Claro;Dupla;Reta;Sim;1;0;0;1;0;0;1;1;-27,57189;-48,61371;SPRF-SC;DEL01-SC;UOP01-DEL01-SC
718806;16/09/2025;terça-feira;15:00:00;DF;20;10,3;BRASILIA;Ausência de reação do condutor;Colisão traseira;Com Vítimas Feridas;Pleno dia;Crescente;Céu Claro;Dupla;"Reta;Em Obras";Sim;2;0;0;1;1;0;1;2;-15,6484;-47,77062;SPRF-DF;DEL02-DF;UOP01-DEL02-DF
718807;11/09/2025;quinta-feira;17:40:00;PR;163;274;QUATRO PONTES;Velocidade Incompatível;Capotamento;Sem Vítimas;Pleno dia;Decrescente;Céu Claro;Dupla;Curva;Não;1;0;0;0;0;1;0;1;-24,58607235;-53,98173094;SPRF-PR;DEL06-PR;UOP02-DEL06-PR
718809;16/09/2025;terça-feira;15:19:00;MG;262;96;ABRE CAMPO;Acessar a via sem observar a presença dos outros veículos;Colisão transversal;Com Vítimas Feridas;Pleno dia;Crescente;Céu Claro;Simples;"Curva;Declive;Rotatória";Sim;3;0;0;2;1;0;2;2;-20,29654591;-42,47757465;SPRF-MG;DEL03-MG;UOP03-DEL03-MG
718810;16/09/2025;terça-feira;15:50:00;RS;290;91;PORTO ALEGRE;Manobra de mudança de faixa;Colisão lateral mesmo sentido;Com Vítimas Feridas;Pleno dia;Crescente;Céu Claro;Múltipla;Reta;Sim;3;0;1;0;2;0;1;2;-29,96907483;-51,17126716;SPRF-RS;DEL01-RS;UOP01-DEL01-RS
718811;16/09/2025;terça-feira;15:20:00;MG;381;373,5;SAO GONCALO DO RIO ABAIXO;Ausência de reação do condutor;Colisão com objeto;Com Vítimas Feridas;Pleno dia;Decrescente;Sol;Simples;"Curva;Aclive";Não;1;0;1;0;0;0;1;1;-19,838743;-43,341655;SPRF-MG;DEL01-MG;UOP01-DEL01-MG
718812;16/09/2025;terça-feira;13:50:00;MS;60;448;SIDROLANDIA;Reação tardia ou ineficiente do condutor;Saída de leito carroçável;Sem Vítimas;Pleno dia;Crescente;Ignorado;Simples;Curva;Não;1;0;0;0;0;1;0;1;-21,00321036;-55,12192123;SPRF-MS;DEL01-MS;UOP04-DEL01-MS