id;data_inversa;dia_semana;horario;uf;br;km;municipio;causa_acidente;tipo_acidente;classificacao_acidente;fase_dia;sentido_via;condicao_metereologica;tipo_pista;tracado_via;uso_solo;pessoas;mortos;feridos_leves;feridos_graves;ilesos;ignorados;feridos;veiculos;latitude;longitude;regional;delegacia;uop
718935;17/09/2025;quarta-feira;09:47:00;PB;230;8;CABEDELO;Condutor deixou de manter distância do veículo da frente;Colisão traseira;Com Vítimas Feridas;Pleno dia;Crescente;Céu Claro;Dupla;Reta;Sim;2;0;1;0;1;0;1;2;-7,03897785;-34,84452434;SPRF-PB;DEL01-PB;UOP01-DEL01-PB
718938;17/09/2025;quarta-feira;09:15:00;PE;232;162,4;TACAIMBO;Avarias e/ou desgaste excessivo no pneu;Queda de ocupante de veículo;Com Vítimas Feridas;Pleno dia;Crescente;Nublado;Simples;Reta;Não;2;0;2;0;0;0;2;1;-8,332819;-36,272015;SPRF-PE;DEL03-PE;UOP02-DEL03-PE
718939;17/09/2025;quarta-feira;09:49:00;TO;153;482;PARAISO DO TOCANTINS;Ausência de reação do condutor;Tombamento;Com Vítimas Feridas;Pleno dia;Crescente;Céu Claro;Simples;Reta;Não;1;0;1;0;0;0;1;1;-10,06676;-48,84585;SPRF-TO;DEL01-TO;UOP01-DEL01-TO
718940;17/09/2025;quarta-feira;10:45:00;PR;376;662;TIJUCAS DO SUL;Reação tardia ou ineficiente do condutor;Colisão com objeto;Com Vítimas Feridas;Pleno dia;Decrescente;Nublado;Dupla;Reta;Não;2;0;1;0;1;0;1;1;-25,85278818;-48,97747843;SPRF-PR;DEL01-PR;UOP04-DEL01-PR
718941;17/09/2025;quarta-feira;08:50:00;RJ;101;316;SAO GONCALO;Animais na Pista;Colisão traseira;Com Vítimas Feridas;Pleno dia;Crescente;Céu Claro;Dupla;Reta;Não;2;0;1;0;1;0;1;2;-22,832138;-43,094028;SPRF-RJ;DEL02-RJ;UOP02-DEL02-RJ
718942;17/09/2025;quarta-feira;09:50:00;PI;343;3,2;TERESINA;Manobra de mudança de faixa;Colisão lateral mesmo sentido;Sem Vítimas;Pleno dia;Crescente;Céu Claro;Múltipla;Reta;Sim;3;0;0;0;3;0;0;3;-5,08093;-42,779295;SPRF-PI;DEL01-PI;UOP01-DEL01-PI
718944;14/09/2025;domingo;17:20:00;RS;285;336,2;CARAZINHO;Transitar na contramão;Colisão frontal;Com Vítimas Fatais;Pleno dia;Decrescente;Céu Claro;Simples;"Declive;Ponte;Reta";Não;6;2;1;1;0;2;2;3;-28,31778556;-52,75863451;SPRF-RS;DEL08-RS;UOP03-DEL08-RS
718945;17/09/2025;quarta-feira;09:30:00;MS;163;466;CAMPO GRANDE;Ultrapassagem Indevida;Colisão lateral mesmo sentido;Sem Vítimas;Pleno dia;Decrescente;Céu Claro;Dupla;"Rotatória;Interseção de Vias";Não;6;0;0;0;6;0;0;2;-20,58197094;-54,58337663;SPRF-MS;DEL01-MS;UOP01-DEL01-MS
718946;14/09/2025;domingo;07:55:00;SP;101;43;UBATUBA;Problema com o freio;Colisão com objeto;Com Vítimas Feridas;Pleno dia;Decrescente;Céu Claro;Simples;Rotatória;Sim;1;0;1;0;0;0;1;1;-23,4097797;-45,05927531;SPRF-SP;DEL06-SP;UOP01-DEL06-SP
718948;17/09/2025;quarta-feira;11:00:00;SC;101;204;SAO JOSE;Acumulo de óleo sobre o pavimento;Tombamento;Com Vítimas Feridas;Pleno dia;Decrescente;Nublado;Múltipla;"Declive;Reta";Sim;2;0;2;0;0;0;2;1;-27,57351625;-48,61335246;SPRF-SC;DEL01-SC;UOP01-DEL01-SC
718949;17/09/2025;quarta-feira;10:18:00;BA;101;715,6;EUNAPOLIS;Condutor deixou de manter distância do veículo da frente;Colisão traseira;Com Vítimas Feridas;Pleno dia;Decrescente;Céu Claro;Simples;"Reta;Aclive";Sim;3;0;2;0;1;0;2;3;-16,36004;-39,579298;SPRF-BA;DEL09-BA;UOP01-DEL09-BA
718952;17/09/2025;quarta-feira;10:50:00;BA;324;602,9;SIMOES FILHO;Reação tardia ou ineficiente do condutor;Colisão traseira;Com Vítimas Feridas;Pleno dia;Crescente;Sol;Dupla;"Reta;Aclive";Não;3;0;2;0;1;0;2;2;-12,782911;-38,413698;SPRF-BA;DEL01-BA;UOP01-DEL01-BA
718953;17/09/2025;quarta-feira;11:00:00;DF;20;1,8;BRASILIA;Ausência de reação do condutor;Atropelamento de Pedestre;Com Vítimas Fatais;Pleno dia;Decrescente;Céu Claro;Dupla;Reta;Sim;2;1;1;0;0;0;1;2;-15,6830539;-47,8422619;SPRF-DF;DEL02-DF;UOP01-DEL02-DF
718956;17/09/2025;quarta-feira;11:40:00;RJ;101;242,3;SILVA JARDIM;Ausência de reação do condutor;Colisão com objeto;Com Vítimas Feridas;Pleno dia;Crescente;Nublado;Dupla;Reta;Não;1;0;1;0;0;0;1;1;-22,62889431;-42,43342332;SPRF-RJ;DEL02-RJ;UOP03-DEL02-RJ
718961;17/09/2025;quarta-feira;11:50:00;BA;101;259;SANTO ANTONIO DE JESUS;Condutor deixou de manter distância do veículo da frente;Engavetamento;Sem Vítimas;Pleno dia;Crescente;Céu Claro;Simples;Reta;Sim;3;0;0;0;3;0;0;3;-12,9935707;-39,28778172;SPRF-BA;DEL01-BA;UOP02-DEL01-BA
718962;17/09/2025;quarta-feira;12:33:00;PR;277;1,7;PARANAGUA;Acessar a via sem observar a presença dos outros veículos;Colisão lateral mesmo sentido;Com Vítimas Feridas;Pleno dia;Crescente;Céu Claro;Simples;"Curva;Interseção de Vias";Sim;2;0;0;1;1;0;1;2;-25,53285233;-48,55093209;SPRF-PR;DEL01-PR;UOP05-DEL01-PR
718963;17/09/2025;quarta-feira;12:20:00;DF;20;57;BRASILIA;Velocidade Incompatível;Colisão com objeto;Com Vítimas Feridas;Pleno dia;Crescente;Céu Claro;Dupla;"Declive;Curva";Não;1;0;1;0;0;0;1;1;-15,58588012;-47,35997736;SPRF-DF;DEL02-DF;UOP01-DEL02-DF
718965;17/09/2025;quarta-feira;12:15:00;PE;104;67;CARUARU;Acessar a via sem observar a presença dos outros veículos;Colisão lateral mesmo sentido;Sem Vítimas;Pleno dia;Crescente;Sol;Simples;Reta;Sim;2;0;0;0;2;0;0;2;-8,29658;-35,98803;SPRF-PE;DEL02-PE;UOP01-DEL02-PE
718966;17/09/2025;quarta-feira;10:45:00;RJ;101;53;CAMPOS DOS GOYTACAZES;Reação tardia ou ineficiente do condutor;Queda de ocupante de veículo;Com Vítimas Feridas;Pleno dia;Crescente;Céu Claro;Simples;Reta;Não;1;0;1;0;0;0;1;1;-21,6693127;-41,3112139;SPRF-RJ;DEL08-RJ;UOP01-DEL08-RJ
718968;17/09/2025;quarta-feira;12:35:00;MT;70;0,5;BARRA DO GARCAS;Conversão proibida;Colisão frontal;Com Vítimas Feridas;Pleno dia;Crescente;Céu Claro;Simples;"Reta;Interseção de Vias";Sim;2;0;1;0;1;0;1;2;-15,89230478;-52,26068527;SPRF-MT;DEL07-MT;UOP01-DEL07-MT
718969;17/09/2025;quarta-feira;07:00:00;SC;282;350,8;CAMPOS NOVOS;Transitar na contramão;Colisão frontal;Com Vítimas Feridas;Pleno dia;Decrescente;Céu Claro;Simples;"Reta;Aclive";Não;5;0;1;1;3;0;2;2;-27,358893;-51,292685;SPRF-SC;DEL07-SC;UOP06-DEL07-SC
718973;17/09/2025;quarta-feira;14:00:00;MG;365;614;UBERLANDIA;Acessar a via sem observar a presença dos outros veículos;Atropelamento de Pedestre;Com Vítimas Feridas;Pleno dia;Decrescente;Céu Claro;Simples;Reta;Sim;2;0;1;1;0;0;2;2;-18,914274;-48,216611;SPRF-MG;DEL15-MG;UOP01-DEL15-MG
718975;17/09/2025;quarta-feira;13:30:00;BA;101;259;SANTO ANTONIO DE JESUS;Ausência de reação do condutor;Queda de ocupante de veículo;Com Vítimas Feridas;Pleno dia;Crescente;Céu Claro;Simples;"Reta;Aclive";Sim;1;0;1;0;0;0;1;1;-12,9889604;-39,2898598;SPRF-BA;DEL01-BA;UOP02-DEL01-BA
718978;17/09/2025;quarta-feira;13:00:00;SP;381;3;VARGEM;Acumulo de óleo sobre o pavimento;Tombamento;Com Vítimas Feridas;Pleno dia;Crescente;Céu Claro;Dupla;Reta;Sim;2;0;2;0;0;0;2;1;-22,87906158;-46,40049934;SPRF-SP;DEL03-SP;UOP02-DEL03-SP
718982;17/09/2025;quarta-feira;12:30:00;RJ;101;322;NITEROI;Manobra de mudança de faixa;Colisão lateral mesmo sentido;Com Vítimas Feridas;Pleno dia;Decrescente;Sol;Dupla;Reta;Sim;2;0;1;0;1;0;1;2;-22,87895284;-43,1143105;SPRF-RJ;DEL02-RJ;UOP01-DEL02-RJ
718983;17/09/2025;quarta-feira;12:15:00;MG;262;358;JUATUBA;Ausência de reação do condutor;Tombamento;Com Vítimas Feridas;Pleno dia;Decrescente;Céu Claro;Dupla;Reta;Não;1;0;1;0;0;0;1;1;-19,9757473;-44,30592729;SPRF-MG;DEL01-MG;UOP03-DEL01-MG
718984;17/09/2025;quarta-feira;13:50:00;PR;376;399;TIBAGI;Velocidade Incompatível;Capotamento;Com Vítimas Feridas;Pleno dia;Decrescente;Céu Claro;Dupla;"Reta;Declive";Não;4;0;1;1;2;0;2;1;-24,58102;-50,68156;SPRF-PR;DEL03-PR;UOP02-DEL03-PR
718987;17/09/2025;quarta-feira;11:40:00;MG;251;522,7;MONTES CLAROS;Ausência de reação do condutor;Colisão traseira;Sem Vítimas;Pleno dia;Crescente;Céu Claro;Simples;"Reta;Aclive";Não;2;0;0;0;2;0;0;2;-16,673613;-43,79694;SPRF-MG;DEL12-MG;UOP01-DEL12-MG
718988;17/09/2025;quarta-feira;14:10:00;SP;116;151;SAO JOSE DOS CAMPOS;Condutor deixou de manter distância do veículo da frente;Engavetamento;Com Vítimas Feridas;Pleno dia;Crescente;Céu Claro;Múltipla;Reta;Sim;3;0;2;0;1;0;2;3;-23,21323;-45,89342;SPRF-SP;DEL02-SP;UOP01-DEL02-SP
718990;17/09/2025;quarta-feira;14:31:00;PI;343;341;TERESINA;Desrespeitar a preferência no cruzamento;Colisão transversal;Com Vítimas Feridas;Pleno dia;Crescente;Sol;Dupla;Rotatória;Sim;3;0;1;1;1;0;2;2;-5,080093;-42,779295;SPRF-PI;DEL01-PI;UOP01-DEL01-PI
718991;10/09/2025;quarta-feira;09:58:00;PE;407;113,5;PETROLINA;Acessar a via sem observar a presença dos outros veículos;Colisão transversal;Com Vítimas Feridas;Pleno dia;Decrescente;Céu Claro;Simples;"Interseção de Vias;Reta";Não;3;0;1;0;1;1;1;3;-9,3002667;-40,582549;SPRF-PE;DEL06-PE;UOP01-DEL06-PE
718992;17/09/2025;quarta-feira;15:00:00;SC;101;206,4;SAO JOSE;Condutor deixou de manter distância do veículo da frente;Colisão traseira;Com Vítimas Feridas;Pleno dia;Crescente;Céu Claro;Múltipla;Reta;Sim;3;0;2;0;1;0;2;2;-27,595512;-48,619387;SPRF-SC;DEL01-SC;UOP01-DEL01-SC
718995;01/01/2025;quarta-feira;16:15:00;PB;230;124,2;RIACHAO DO BACAMARTE;Reação tardia ou ineficiente do condutor;Saída de leito carroçável;Com Vítimas Feridas;Pleno dia;Crescente;Céu Claro;Dupla;"Aclive;Reta";Não;1;0;0;1;0;0;1;1;-7,2465;-35,6751;SPRF-PB;DEL02-PB;UOP01-DEL02-PB
718997;05/09/2025;sexta-feira;14:40:00;SC;280;21,6;ARAQUARI;Ausência de reação do condutor;Engavetamento;Com Vítimas Feridas;Pleno dia;Crescente;Garoa/Chuvisco;Simples;Reta;Não;3;0;2;0;0;1;2;3;-26,3706097;-48,6993723;SPRF-SC;DEL03-SC;UOP03-DEL03-SC
718999;17/09/2025;quarta-feira;14:30:00;PB;230;114,3;INGA;Reação tardia ou ineficiente do condutor;Engavetamento;Com Vítimas Feridas;Pleno dia;Decrescente;Céu Claro;Dupla;Curva;Não;5;0;3;0;2;0;3;3;-7,233633;-35,601173;SPRF-PB;DEL01-PB;UOP02-DEL01-PB
719000;07/09/2025;domingo;22:10:00;MS;267;476,4;GUIA LOPES DA LAGUNA;Ausência de reação do condutor;Saída de leito carroçável;Com Vítimas Feridas;Plena Noite;Crescente;Céu Claro;Dupla;Reta;Sim;2;0;0;1;1;0;1;1;-21,45458291;-56,11412325;SPRF-MS;DEL05-MS;UOP01-DEL05-MS
719001;17/09/2025;quarta-feira;15:50:00;RJ;116;181;NOVA IGUACU;Trafegar com motocicleta (ou similar) entre as faixas;Queda de ocupante de veículo;Com Vítimas Feridas;Pleno dia;Crescente;Céu Claro;Dupla;Reta;Sim;1;0;1;0;0;0;1;1;-22,75198419;-43,4384543;SPRF-RJ;DEL06-RJ;UOP01-DEL06-RJ
719003;17/09/2025;quarta-feira;16:00:00;ES;101;67,5;SAO MATEUS;Condutor desrespeitou a iluminação vermelha do semáforo;Colisão transversal;Com Vítimas Feridas;Pleno dia;Decrescente;Céu Claro;Múltipla;Interseção de Vias;Sim;2;0;1;0;1;0;1;2;-18,722397;-39,861909;SPRF-ES;DEL04-ES;UOP02-DEL04-ES
719004;17/09/2025;quarta-feira;16:15:00;GO;40;2,6;VALPARAISO DE GOIAS;Condutor deixou de manter distância do veículo da frente;Colisão traseira;Com Vítimas Feridas;Pleno dia;Crescente;Céu Claro;Dupla;Curva;Não;3;0;2;0;1;0;2;2;-16,07407;-47,98524;SPRF-DF;DEL01-DF;UOP01-DEL01-DF
719006;17/09/2025;quarta-feira;15:00:00;RN;110;78,9;UPANEMA;Reação tardia ou ineficiente do condutor;Colisão com objeto;Com Vítimas Feridas;Pleno dia;Decrescente;Céu Claro;Simples;Reta;Não;4;0;2;2;0;0;4;1;-5,478702;-37,326238;SPRF-RN;DEL04-RN;UOP01-DEL04-RN
719007;17/09/2025;quarta-feira;12:17:00;RJ;40;115;DUQUE DE CAXIAS;Avarias e/ou desgaste excessivo no pneu;Colisão traseira;Sem Vítimas;Pleno dia;Decrescente;Céu Claro;Dupla;Reta;Sim;3;0;0;0;3;0;0;2;-22,73127;-43,28869;SPRF-RJ;DEL01-RJ;UOP02-DEL01-RJ
719008;16/09/2025;terça-feira;23:30:00;RN;101;36;TOUROS;Condutor Dormindo;Saída de leito carroçável;Sem Vítimas;Plena Noite;Crescente;Nublado;Simples;Reta;Não;2;0;0;0;2;0;0;1;-5,31760588;-35,41531373;SPRF-RN;DEL02-RN;UOP01-DEL02-RN
719009;17/09/2025;quarta-feira;15:40:00;PE;428;189,5;PETROLINA;Desrespeitar a preferência no cruzamento;Colisão transversal;Com Vítimas Feridas;Pleno dia;Crescente;Céu Claro;Múltipla;Reta;Sim;3;0;1;0;2;0;1;2;-9,377658;-40,504343;SPRF-PE;DEL06-PE;UOP01-DEL06-PE
719011;17/09/2025;quarta-feira;16:00:00;GO;60;204,9;GUAPO;Manobra de mudança de faixa;Colisão lateral mesmo sentido;Com Vítimas Feridas;Pleno dia;Crescente;Sol;Dupla;Reta;Sim;2;0;1;0;1;0;1;2;-16,910304;-49,65497017;SPRF-GO;DEL01-GO;UOP02-DEL01-GO
719015;17/09/2025;quarta-feira;14:10:00;RJ;101;313;SAO GONCALO;Transitar na contramão;Colisão frontal;Com Vítimas Feridas;Pleno dia;Crescente;Céu Claro;Dupla;"Viaduto;Curva";Não;3;0;1;0;2;0;1;2;-22,81129541;-43,07239221;SPRF-RJ;DEL02-RJ;UOP02-DEL02-RJ
719018;17/09/2025;quarta-feira;15:45:00;SC;280;242;BELA VISTA DO TOLDO;Reação tardia ou ineficiente do condutor;Colisão lateral sentido oposto;Com Vítimas Feridas;Pleno dia;Crescente;Céu Claro;Simples;Curva;Sim;3;0;2;0;1;0;2;2;-26,2327839;-50,4676395;SPRF-SC;DEL06-SC;UOP04-DEL06-SC
719019;09/09/2025;terça-feira;11:30:00;SC;101;291;IMBITUBA;Demais falhas mecânicas ou elétricas;Incêndio;Sem Vítimas;Pleno dia;Crescente;Céu Claro;Dupla;Reta;Não;1;0;0;0;1;0;0;1;-28,298717;-48,71686;SPRF-SC;DEL02-SC;UOP03-DEL02-SC
719020;17/09/2025;quarta-feira;16:30:00;MG;381;396,9;BOM JESUS DO AMPARO;Reação tardia ou ineficiente do condutor;Tombamento;Com Vítimas Feridas;Pleno dia;Decrescente;Céu Claro;Dupla;"Curva;Declive";Não;1;0;1;0;0;0;1;1;-19,738006;-43,510752;SPRF-MG;DEL01-MG;UOP01-DEL01-MG
719021;17/09/2025;quarta-feira;16:45:00;SC;101;116,2;ITAJAI;Ausência de reação do condutor;Colisão traseira;Com Vítimas Feridas;Pleno dia;Crescente;Nublado;Dupla;Reta;Não;4;0;1;1;2;0;2;3;-26,88156854;-48,72504886;SPRF-SC;DEL04-SC;UOP04-DEL04-SC
719023;17/09/2025;quarta-feira;17:00:00;SE;101;69,9;MARUIM;Conversão proibida;Colisão transversal;Com Vítimas Fatais;Pleno dia;Crescente;Garoa/Chuvisco;Simples;"Reta;Desvio Temporário;Em Obras;Aclive";Sim;2;1;0;0;1;0;0;2;-10,734537;-37,087033;SPRF-SE;DEL01-SE;UOP01-DEL01-SE
719026;17/09/2025;quarta-feira;17:12:00;MS;163;270;DOURADOS;Acessar a via sem observar a presença dos outros veículos;Colisão lateral mesmo sentido;Com Vítimas Feridas;Anoitecer;Crescente;Céu Claro;Dupla;Rotatória;Não;2;0;1;0;1;0;1;2;-22,19503146;-54,69237534;SPRF-MS;DEL04-MS;UOP01-DEL04-MS
719027;17/09/2025;quarta-feira;17:00:00;SP;116;166,8;JACAREI;Manobra de mudança de faixa;Colisão lateral mesmo sentido;Com Vítimas Feridas;Pleno dia;Crescente;Céu Claro;Múltipla;"Reta;Aclive";Não;2;0;1;1;0;0;2;2;-23,30144439;-46,02304506;SPRF-SP;DEL02-SP;UOP01-DEL02-SP
719028;17/09/2025;quarta-feira;17:50:00;SP;116;218;GUARULHOS;Manobra de mudança de faixa;Colisão traseira;Com Vítimas Feridas;Anoitecer;Decrescente;Céu Claro;Múltipla;Reta;Sim;3;0;2;0;1;0;2;3;-23,45870978;-46,48163096;SPRF-SP;DEL01-SP;UOP01-DEL01-SP
719030;17/09/2025;quarta-feira;18:13:00;CE;116;18;EUSEBIO;Ausência de reação do condutor;Colisão traseira;Com Vítimas Feridas;Plena Noite;Decrescente;Céu Claro;Dupla;Reta;Sim;2;0;1;0;1;0;1;2;-3,9053777;-38,5050158;SPRF-CE;DEL01-CE;UOP02-DEL01-CE
719032;17/09/2025;quarta-feira;15:15:00;SC;470;1,1;NAVEGANTES;Mal súbito do condutor;Saída de leito carroçável;Com Vítimas Feridas;Pleno dia;Crescente;Nublado;Dupla;Reta;Sim;1;0;1;0;0;0;1;1;-26,88082735;-48,66291968;SPRF-SC;DEL04-SC;UOP04-DEL04-SC
719034;17/09/2025;quarta-feira;16:55:00;SC;101;115,5;ITAJAI;Ausência de reação do condutor;Tombamento;Com Vítimas Feridas;Pleno dia;Crescente;Nublado;Dupla;Reta;Sim;1;0;1;0;0;0;1;1;-26,87462954;-48,72783534;SPRF-SC;DEL04-SC;UOP04-DEL04-SC
719036;17/09/2025;quarta-feira;18:19:00;RS;470;225;GARIBALDI;Acessar a via sem observar a presença dos outros veículos;Colisão transversal;Com Vítimas Feridas;Anoitecer;Decrescente;Céu Claro;Simples;"Reta;Declive";Não;3;0;1;0;2;0;1;2;-29,25082896;-51,51383964;SPRF-RS;DEL06-RS;UOP01-DEL06-RS
719038;17/09/2025;quarta-feira;18:15:00;AL;101;131;SAO MIGUEL DOS CAMPOS;Acesso irregular;Colisão lateral sentido oposto;Com Vítimas Fatais;Plena Noite;Decrescente;Céu Claro;Simples;"Em Obras;Reta";Não;3;1;0;2;0;0;2;2;-9,76541;-36,073674;SPRF-AL;DEL02-AL;UOP01-DEL02-AL
719043;17/09/2025;quarta-feira;16:00:00;PI;316;234;INHUMA;Condutor Dormindo;Colisão com objeto;Com Vítimas Feridas;Pleno dia;Crescente;Céu Claro;Simples;Reta;Sim;5;0;2;0;3;0;2;1;-6,64789814;-41,7190361;SPRF-PI;DEL04-PI;UOP02-DEL04-PI
719045;17/09/2025;quarta-feira;19:15:00;RS;116;657;JAGUARAO;Deficiência do Sistema de Iluminação/Sinalização;Colisão transversal;Com Vítimas Feridas;Plena Noite;Crescente;Céu Claro;Simples;"Reta;Interseção de Vias";Sim;4;0;0;1;3;0;1;2;-32,55390924;-53,38529197;SPRF-RS;DEL07-RS;UOP03-DEL07-RS
719046;17/09/2025;quarta-feira;19:25:00;SC;101;207,2;SAO JOSE;Manobra de mudança de faixa;Colisão lateral mesmo sentido;Com Vítimas Feridas;Plena Noite;Crescente;Nublado;Múltipla;Reta;Sim;3;0;1;0;1;1;1;2;-27,601323;-48,624982;SPRF-SC;DEL01-SC;UOP01-DEL01-SC
719048;17/09/2025;quarta-feira;18:30:00;RO;319;137;PORTO VELHO;Ausência de reação do condutor;Tombamento;Com Vítimas Feridas;Plena Noite;Crescente;Nublado;Simples;"Reta;Ponte";Não;1;0;1;0;0;0;1;1;-8,73898458;-63,92925775;SPRF-RO;DEL01-RO;UOP01-DEL01-RO
719049;17/09/2025;quarta-feira;19:30:00;DF;40;5;BRASILIA;Ausência de reação do condutor;Colisão com objeto;Com Vítimas Fatais;Plena Noite;Crescente;Céu Claro;Dupla;Reta;Sim;1;1;0;0;0;0;0;1;-16,018732;-47,980857;SPRF-DF;DEL01-DF;UOP01-DEL01-DF
719051;17/09/2025;quarta-feira;18:45:00;PR;487;177;CAMPO MOURAO;Reação tardia ou ineficiente do condutor;Colisão traseira;Com Vítimas Feridas;Plena Noite;Decrescente;Céu Claro;Simples;Declive;Não;4;0;1;0;3;0;1;4;-24,04213;-52,40345;SPRF-PR;DEL09-PR;UOP03-DEL09-PR
719054;27/07/2025;domingo;21:50:00;MG;40;797,9;JUIZ DE FORA;Ausência de reação do condutor;Tombamento;Com Vítimas Feridas;Plena Noite;Crescente;Nublado;Dupla;Reta;Não;3;0;2;0;1;0;2;2;-21,81398393;-43,3871926;SPRF-MG;DEL05-MG;UOP01-DEL05-MG
719056;17/09/2025;quarta-feira;18:20:00;SP;101;49;UBATUBA;Retorno proibido;Colisão lateral mesmo sentido;Com Vítimas Feridas;Anoitecer;Crescente;Nublado;Simples;Reta;Sim;2;0;0;1;1;0;1;2;-23,44649911;-45,0812587;SPRF-SP;DEL06-SP;UOP01-DEL06-SP
719060;17/09/2025;quarta-feira;20:30:00;SP;116;304;SAO LOURENCO DA SERRA;Reação tardia ou ineficiente do condutor;Saída de leito carroçável;Com Vítimas Feridas;Plena Noite;Decrescente;Garoa/Chuvisco;Dupla;"Curva;Aclive";Não;2;0;2;0;0;0;2;1;-23,832098;-46,928907;SPRF-SP;DEL04-SP;UOP01-DEL04-SP
719063;17/09/2025;quarta-feira;17:16:00;AC;317;90;SENADOR GUIOMARD;Transitar na contramão;Colisão frontal;Com Vítimas Feridas;Plena Noite;Crescente;Céu Claro;Simples;Reta;Não;2;0;1;0;1;0;1;2;-10,154046;-67,713707;SPRF-AC;DEL01-AC;UOP02-DEL01-AC
719064;17/09/2025;quarta-feira;20:00:00;PI;343;180;PIRIPIRI;Animais na Pista;Atropelamento de Animal;Com Vítimas Feridas;Plena Noite;Decrescente;Céu Claro;Simples;Reta;Sim;2;0;2;0;0;0;2;1;-4,249718;-41,76368952;SPRF-PI;DEL02-PI;UOP01-DEL02-PI
719065;17/09/2025;quarta-feira;21:10:00;GO;60;93;ANAPOLIS;Demais falhas mecânicas ou elétricas;Incêndio;Sem Vítimas;Plena Noite;Crescente;Céu Claro;Dupla;Reta;Sim;1;0;0;0;1;0;0;1;-16,35274023;-48,91827319;SPRF-GO;DEL02-GO;UOP01-DEL02-GO
719066;17/09/2025;quarta-feira;18:40:00;RO;364;10,8;JI-PARANA;Ausência de reação do condutor;Colisão traseira;Com Vítimas Feridas;Plena Noite;Decrescente;Céu Claro;Simples;Interseção de Vias;Não;3;0;3;0;0;0;3;2;-10,863935;-62,001462;SPRF-RO;DEL02-RO;UOP01-DEL02-RO
719067;17/09/2025;quarta-feira;19:46:00;RS;470;213;BENTO GONCALVES;Acessar a via sem observar a presença dos outros veículos;Colisão lateral sentido oposto;Com Vítimas Feridas;Plena Noite;Decrescente;Céu Claro;Simples;"Curva;Aclive;Interseção de Vias";Não;2;0;1;0;1;0;1;2;-29,14490367;-51,53367726;SPRF-RS;DEL06-RS;UOP01-DEL06-RS
719068;17/09/2025;quarta-feira;21:10:00;DF;20;11;BRASILIA;Acessar a via sem observar a presença dos outros veículos;Colisão transversal;Com Vítimas Feridas;Plena Noite;Crescente;Céu Claro;Simples;"Desvio Temporário;Reta;Em Obras";Sim;2;0;0;1;1;0;1;2;-15,646322;-47,765823;SPRF-DF;DEL02-DF;UOP01-DEL02-DF
719069;17/09/2025;quarta-feira;21:30:00;RJ;116;171;RIO DE JANEIRO;Reação tardia ou ineficiente do condutor;Colisão lateral mesmo sentido;Com Vítimas Feridas;Plena Noite;Crescente;Céu Claro;Dupla;Reta;Não;3;0;2;0;1;0;2;2;-22,80786717;-43,33926771;SPRF-RJ;DEL06-RJ;UOP01-DEL06-RJ
719070;17/09/2025;quarta-feira;19:00:00;RJ;493;63;NOVA IGUACU;Reação tardia ou ineficiente do condutor;Saída de leito carroçável;Com Vítimas Feridas;Plena Noite;Decrescente;Nublado;Dupla;Reta;Não;1;0;1;0;0;0;1;1;-22,68322214;-43,43080044;SPRF-RJ;DEL01-RJ;UOP03-DEL01-RJ
719071;17/09/2025;quarta-feira;21:05:00;MG;116;513;UBAPORANGA;Avarias e/ou desgaste excessivo no pneu;Tombamento;Com Vítimas Feridas;Plena Noite;Decrescente;Nublado;Simples;Reta;Não;1;0;1;0;0;0;1;1;-19,67360536;-42,11683989;SPRF-MG;DEL06-MG;UOP02-DEL06-MG
719072;17/09/2025;quarta-feira;17:32:00;MG;381;242,3;SANTANA DO PARAISO;Retorno proibido;Colisão transversal;Com Vítimas Feridas;Anoitecer;Decrescente;Céu Claro;Simples;"Reta;Declive";Não;2;0;1;0;1;0;1;2;-19,44348671;-42,51272321;SPRF-MG;DEL06-MG;UOP01-DEL06-MG
719076;17/09/2025;quarta-feira;22:15:00;MG;381;518;IGARAPE;Demais falhas mecânicas ou elétricas;Incêndio;Sem Vítimas;Plena Noite;Crescente;Céu Claro;Dupla;"Curva;Aclive";Não;3;0;0;0;3;0;0;1;-20,10503363;-44,32020855;SPRF-MG;DEL01-MG;UOP03-DEL01-MG
719078;17/09/2025;quarta-feira;22:00:00;MS;262;363;CAMPO GRANDE;Demais falhas mecânicas ou elétricas;Incêndio;Sem Vítimas;Pleno dia;Crescente;Céu Claro;Simples;Reta;Não;1;0;0;0;0;1;0;1;-20,503101;-54,729669;SPRF-MS;DEL01-MS;UOP03-DEL01-MS
719079;17/09/2025;quarta-feira;23:25:00;SP;116;161;JACAREI;Ausência de reação do condutor;Saída de leito carroçável;Sem Vítimas;Plena Noite;Crescente;Céu Claro;Simples;Curva;Sim;1;0;0;0;1;0;0;1;-23,2771;-45,97808;SPRF-SP;DEL02-SP;UOP01-DEL02-SP
719080;17/09/2025;quarta-feira;20:15:00;PR;153;343;IRATI;Reação tardia ou ineficiente do condutor;Saída de leito carroçável;Com Vítimas Feridas;Plena Noite;Crescente;Céu Claro;Simples;Reta;Não;3;0;3;0;0;0;3;1;-25,56148;-50,67825;SPRF-PR;DEL08-PR;UOP02-DEL08-PR
719083;17/09/2025;quarta-feira;21:30:00;MA;10;297,5;SAO FRANCISCO DO BREJAO;Ultrapassagem Indevida;Colisão lateral mesmo sentido;Com Vítimas Feridas;Plena Noite;Crescente;Céu Claro;Simples;Reta;Não;3;0;1;0;1;1;1;2;-5,15081;-47,54019;SPRF-MA;DEL04-MA;UOP03-DEL04-MA