id;data_inversa;dia_semana;horario;uf;br;km;municipio;causa_acidente;tipo_acidente;classificacao_acidente;fase_dia;sentido_via;condicao_metereologica;tipo_pista;tracado_via;uso_solo;pessoas;mortos;feridos_leves;feridos_graves;ilesos;ignorados;feridos;veiculos;latitude;longitude;regional;delegacia;uop
719087;18/09/2025;quinta-feira;00:50:00;GO;40;19,4;LUZIANIA;Velocidade Incompatível;Saída de leito carroçável;Com Vítimas Feridas;Plena Noite;Crescente;Céu Claro;Dupla;Reta;Sim;1;0;1;0;0;0;1;1;-16,20584;-47,91997;SPRF-DF;DEL01-DF;UOP01-DEL01-DF
719088;18/09/2025;quinta-feira;01:31:00;MG;381;242,5;SANTANA DO PARAISO;Ultrapassagem Indevida;Saída de leito carroçável;Com Vítimas Feridas;Plena Noite;Decrescente;Céu Claro;Simples;Aclive;Não;1;0;1;0;0;0;1;1;-19,4454404;-42,51397371;SPRF-MG;DEL06-MG;UOP01-DEL06-MG
719089;18/09/2025;quinta-feira;03:30:00;PR;116;50,5;CAMPINA GRANDE DO SUL;Velocidade Incompatível;Capotamento;Com Vítimas Feridas;Plena Noite;Crescente;Chuva;Dupla;"Aclive;Curva";Não;1;0;0;1;0;0;1;1;-25,24771634;-48,9047572;SPRF-PR;DEL01-PR;UOP02-DEL01-PR
719090;18/09/2025;quinta-feira;05:00:00;MG;381;434,5;SABARA;Demais falhas na via;Colisão frontal;Com Vítimas Fatais;Amanhecer;Decrescente;Céu Claro;Simples;"Declive;Curva";Não;6;1;3;0;1;1;3;3;-19,809639;-43,766676;SPRF-MG;DEL01-MG;UOP01-DEL01-MG
719091;18/09/2025;quinta-feira;05:00:00;MG;262;662;IBIA;Condutor Dormindo;Capotamento;Com Vítimas Feridas;Amanhecer;Decrescente;Céu Claro;Simples;Reta;Não;2;0;2;0;0;0;2;1;-19,555;-46,757;SPRF-MG;DEL08-MG;UOP01-DEL08-MG
719093;18/09/2025;quinta-feira;04:30:00;RS;392;68;PELOTAS;Reação tardia ou ineficiente do condutor;Saída de leito carroçável;Sem Vítimas;Plena Noite;Crescente;Nublado;Dupla;Curva;Não;1;0;0;0;0;1;0;1;-31,74473974;-52,40283161;SPRF-RS;DEL07-RS;UOP01-DEL07-RS
719094;18/09/2025;quinta-feira;05:20:00;MG;40;524;MATOZINHOS;Acessar a via sem observar a presença dos outros veículos;Atropelamento de Pedestre;Com Vítimas Feridas;Amanhecer;Crescente;Céu Claro;Dupla;Reta;Sim;2;0;1;0;1;0;1;2;-19,53464;-44,02592;SPRF-MG;DEL01-MG;UOP02-DEL01-MG
719097;18/09/2025;quinta-feira;06:35:00;BA;116;425;FEIRA DE SANTANA;Retorno proibido;Colisão transversal;Com Vítimas Feridas;Pleno dia;Decrescente;Céu Claro;Dupla;Reta;Sim;2;0;2;0;0;0;2;2;-12,250547;-38,988417;SPRF-BA;DEL02-BA;UOP01-DEL02-BA
719100;18/09/2025;quinta-feira;06:19:00;TO;153;499;PARAISO DO TOCANTINS;Acessar a via sem observar a presença dos outros veículos;Colisão transversal;Sem Vítimas;Pleno dia;Decrescente;Sol;Simples;"Reta;Interseção de Vias";Sim;2;0;0;0;2;0;0;2;-10,1920924;-48,8800321;SPRF-TO;DEL01-TO;UOP01-DEL01-TO
719102;18/09/2025;quinta-feira;06:15:00;SP;116;169;JACAREI;Condutor Dormindo;Colisão com objeto;Com Vítimas Feridas;Amanhecer;Crescente;Céu Claro;Múltipla;Retorno Regulamentado;Não;2;0;1;0;1;0;1;1;-23,30780096;-46,04508209;SPRF-SP;DEL02-SP;UOP01-DEL02-SP
719103;18/09/2025;quinta-feira;07:00:00;ES;262;16;VIANA;Acessar a via sem observar a presença dos outros veículos;Colisão transversal;Com Vítimas Feridas;Pleno dia;Crescente;Nublado;Simples;Curva;Não;2;0;1;0;1;0;1;2;-20,38418159;-40,46709438;SPRF-ES;DEL01-ES;UOP01-DEL01-ES
719104;18/09/2025;quinta-feira;06:30:00;SC;101;4;ARARANGUA;Reação tardia ou ineficiente do condutor;Colisão lateral mesmo sentido;Com Vítimas Feridas;Amanhecer;Decrescente;Céu Claro;Simples;Rotatória;Não;2;0;2;0;0;0;2;2;-28,95;-49,507;SPRF-SC;DEL03-SC;UOP01-DEL03-SC
719105;18/09/2025;quinta-feira;06:50:00;SC;101;211,2;PALHOCA;Manobra de mudança de faixa;Colisão traseira;Com Vítimas Feridas;Pleno dia;Decrescente;Nublado;Múltipla;Reta;Sim;2;0;1;0;1;0;1;2;-27,624743;-48,653607;SPRF-SC;DEL01-SC;UOP02-DEL01-SC
719108;18/09/2025;quinta-feira;07:10:00;MG;381;497;BETIM;Frear bruscamente;Colisão traseira;Com Vítimas Feridas;Pleno dia;Decrescente;Céu Claro;Dupla;Reta;Sim;2;0;1;0;1;0;1;2;-19,98238336;-44,2017746;SPRF-MG;DEL01-MG;UOP03-DEL01-MG
719109;17/09/2025;quarta-feira;22:00:00;PR;376;617;SAO JOSE DOS PINHAIS;Ausência de reação do condutor;Queda de ocupante de veículo;Com Vítimas Feridas;Plena Noite;Crescente;Céu Claro;Dupla;"Curva;Declive";Sim;1;0;1;0;0;0;1;1;-25,58766791;-49,17269882;SPRF-PR;DEL01-PR;UOP04-DEL01-PR
719111;18/09/2025;quinta-feira;07:30:00;SP;153;60;SAO JOSE DO RIO PRETO;Manobra de mudança de faixa;Colisão traseira;Com Vítimas Feridas;Pleno dia;Crescente;Sol;Dupla;"Declive;Reta";Sim;2;0;1;0;1;0;1;2;-20,8056107;-49,35601322;SPRF-SP;DEL09-SP;UOP01-DEL09-SP
719112;18/09/2025;quinta-feira;07:30:00;SC;101;213,2;PALHOCA;Manobra de mudança de faixa;Colisão lateral mesmo sentido;Com Vítimas Feridas;Pleno dia;Decrescente;Nublado;Dupla;Reta;Sim;2;0;1;0;1;0;1;2;-27,639095;-48,666418;SPRF-SC;DEL01-SC;UOP02-DEL01-SC
719113;18/09/2025;quinta-feira;07:40:00;ES;101;236,5;FUNDAO;Ausência de reação do condutor;Colisão lateral sentido oposto;Com Vítimas Feridas;Pleno dia;Crescente;Chuva;Simples;Curva;Não;2;0;0;1;1;0;1;2;-19,991428;-40,414103;SPRF-ES;DEL02-ES;UOP01-DEL02-ES
719114;18/09/2025;quinta-feira;07:20:00;SC;280;28,5;ARAQUARI;Condutor deixou de manter distância do veículo da frente;Colisão traseira;Com Vítimas Feridas;Pleno dia;Crescente;Nublado;Simples;Reta;Sim;2;0;1;0;1;0;1;2;-26,39702085;-48,74041557;SPRF-SC;DEL03-SC;UOP03-DEL03-SC
719115;17/09/2025;quarta-feira;21:40:00;MT;158;743;BARRA DO GARCAS;Demais falhas mecânicas ou elétricas;Incêndio;Sem Vítimas;Plena Noite;Crescente;Céu Claro;Simples;Reta;Não;2;0;0;0;2;0;0;1;-15,8793728;-52,3534336;SPRF-MT;DEL07-MT;UOP01-DEL07-MT
719117;18/09/2025;quinta-feira;07:45:00;RS;116;257,2;ESTEIO;Condutor deixou de manter distância do veículo da frente;Colisão lateral mesmo sentido;Com Vítimas Feridas;Pleno dia;Crescente;Céu Claro;Dupla;"Viaduto;Reta";Não;3;0;2;0;1;0;2;3;-29,85213797;-51,17918484;SPRF-RS;DEL01-RS;UOP02-DEL01-RS
719118;18/09/2025;quinta-feira;07:50:00;RJ;101;318;SAO GONCALO;Ausência de reação do condutor;Colisão lateral mesmo sentido;Com Vítimas Feridas;Pleno dia;Crescente;Céu Claro;Dupla;Reta;Sim;2;0;1;0;1;0;1;2;-22,84258738;-43,097218;SPRF-RJ;DEL02-RJ;UOP02-DEL02-RJ
719119;08/07/2025;terça-feira;17:01:00;PR;376;158,8;MANDAGUACU;Condutor deixou de manter distância do veículo da frente;Colisão traseira;Com Vítimas Feridas;Pleno dia;Crescente;Céu Claro;Dupla;Reta;Não;2;0;1;0;0;1;1;2;-23,35891583;-52,08804234;SPRF-PR;DEL09-PR;UOP02-DEL09-PR
719121;18/09/2025;quinta-feira;07:30:00;MG;40;757,5;EWBANK DA CAMARA;Avarias e/ou desgaste excessivo no pneu;Queda de ocupante de veículo;Com Vítimas Feridas;Pleno dia;Crescente;Céu Claro;Simples;Reta;Não;1;0;1;0;0;0;1;1;-21,54546523;-43,51027966;SPRF-MG;DEL05-MG;UOP01-DEL05-MG
719122;18/09/2025;quinta-feira;08:30:00;SC;101;206,5;FLORIANOPOLIS;Condutor deixou de manter distância do veículo da frente;Colisão lateral mesmo sentido;Com Vítimas Feridas;Pleno dia;Crescente;Sol;Múltipla;Reta;Não;2;0;2;0;0;0;2;1;-27,5939328;-48,5588992;SPRF-SC;DEL01-SC;UOP01-DEL01-SC
719124;18/09/2025;quinta-feira;07:30:00;SC;470;4;NAVEGANTES;Manobra de mudança de faixa;Colisão lateral mesmo sentido;Com Vítimas Feridas;Pleno dia;Crescente;Céu Claro;Dupla;Reta;Não;3;0;1;0;0;2;1;3;-26,85619124;-48,6979723;SPRF-SC;DEL04-SC;UOP04-DEL04-SC
719125;18/09/2025;quinta-feira;07:10:00;RJ;40;117;DUQUE DE CAXIAS;Acessar a via sem observar a presença dos outros veículos;Colisão lateral mesmo sentido;Com Vítimas Feridas;Pleno dia;Crescente;Céu Claro;Dupla;Reta;Sim;3;0;2;0;0;1;2;2;-22,74786292;-43,28800876;SPRF-RJ;DEL01-RJ;UOP02-DEL01-RJ
719127;06/05/2025;terça-feira;19:10:00;TO;230;43;NAZARE;Acessar a via sem observar a presença dos outros veículos;Colisão transversal;Com Vítimas Fatais;Plena Noite;Crescente;Céu Claro;Simples;Declive;Não;2;1;0;0;1;0;0;2;-6,368193;-47,71153;SPRF-TO;DEL02-TO;UOP03-DEL02-TO
719129;18/09/2025;quinta-feira;09:20:00;SE;101;145,5;ESTANCIA;Condutor deixou de manter distância do veículo da frente;Tombamento;Com Vítimas Feridas;Pleno dia;Decrescente;Sol;Dupla;"Curva;Retorno Regulamentado";Não;2;0;1;0;0;1;1;2;-11,20938668;-37,41394043;SPRF-SE;DEL02-SE;UOP01-DEL02-SE
719130;18/09/2025;quinta-feira;09:10:00;SC;101;43,6;JOINVILLE;Entrada inopinada do pedestre;Atropelamento de Pedestre;Com Vítimas Feridas;Pleno dia;Crescente;Céu Claro;Dupla;"Interseção de Vias;Viaduto;Declive";Não;2;0;1;0;1;0;1;2;-26,34447959;-48,85798216;SPRF-SC;DEL03-SC;UOP01-DEL03-SC
719131;18/09/2025;quinta-feira;09:10:00;GO;40;0,2;VALPARAISO DE GOIAS;Reação tardia ou ineficiente do condutor;Colisão traseira;Com Vítimas Feridas;Pleno dia;Decrescente;Céu Claro;Dupla;Reta;Não;3;0;1;0;2;0;1;2;-16,0541676;-47,9818202;SPRF-DF;DEL01-DF;UOP01-DEL01-DF
719132;06/08/2025;quarta-feira;00:28:00;CE;116;20,8;EUSEBIO;Manobra de mudança de faixa;Colisão traseira;Com Vítimas Feridas;Plena Noite;Crescente;Céu Claro;Dupla;"Aclive;Reta";Não;3;0;1;1;1;0;2;2;-3,92818247;-38,50791359;SPRF-CE;DEL01-CE;UOP02-DEL01-CE
719133;18/09/2025;quinta-feira;06:27:00;RO;421;84;MONTE NEGRO;Animais na Pista;Atropelamento de Animal;Com Vítimas Feridas;Pleno dia;Decrescente;Céu Claro;Simples;Reta;Não;1;0;0;1;0;0;1;1;-10,48221;-63,479738;SPRF-RO;DEL03-RO;UOP01-DEL03-RO
719134;18/09/2025;quinta-feira;09:35:00;SC;101;214,3;PALHOCA;Desrespeitar a preferência no cruzamento;Colisão transversal;Com Vítimas Feridas;Pleno dia;Decrescente;Nublado;Dupla;Interseção de Vias;Sim;2;0;0;1;1;0;1;2;-27,64711;-48,672007;SPRF-SC;DEL01-SC;UOP02-DEL01-SC
719136;18/09/2025;quinta-feira;09:50:00;RN;226;113;SANTA CRUZ;Acessar a via sem observar a presença dos outros veículos;Colisão transversal;Com Vítimas Feridas;Pleno dia;Crescente;Céu Claro;Simples;Reta;Não;2;0;0;1;1;0;1;2;-6,22520355;-36,02005005;SPRF-RN;DEL03-RN;UOP02-DEL03-RN
719137;18/09/2025;quinta-feira;09:30:00;MG;40;506,6;RIBEIRAO DAS NEVES;Reação tardia ou ineficiente do condutor;Colisão traseira;Com Vítimas Feridas;Pleno dia;Decrescente;Sol;Dupla;Retorno Regulamentado;Não;3;0;1;0;2;0;1;2;-19,74743;-44,147792;SPRF-MG;DEL02-MG;UOP01-DEL02-MG
719140;18/09/2025;quinta-feira;09:50:00;PR;369;144;LONDRINA;Acessar a via sem observar a presença dos outros veículos;Colisão lateral mesmo sentido;Com Vítimas Feridas;Pleno dia;Decrescente;Sol;Dupla;Reta;Não;2;0;1;0;1;0;1;2;-23,293358;-51,104077;SPRF-PR;DEL07-PR;UOP01-DEL07-PR
719143;18/09/2025;quinta-feira;08:30:00;CE;222;225;SOBRAL;Demais falhas mecânicas ou elétricas;Incêndio;Sem Vítimas;Pleno dia;Crescente;Céu Claro;Simples;Reta;Não;4;0;0;0;4;0;0;1;-3,7189353;-40,3323245;SPRF-CE;DEL04-CE;UOP01-DEL04-CE
719145;18/09/2025;quinta-feira;09:00:00;RJ;116;127;MAGE;Reação tardia ou ineficiente do condutor;Queda de ocupante de veículo;Com Vítimas Feridas;Pleno dia;Decrescente;Sol;Dupla;Reta;Sim;1;0;1;0;0;0;1;1;-22,6593914;-43,0910204;SPRF-RJ;DEL04-RJ;UOP02-DEL04-RJ
719146;18/09/2025;quinta-feira;10:30:00;MG;381;774,9;CAMPANHA;Demais falhas mecânicas ou elétricas;Saída de leito carroçável;Sem Vítimas;Pleno dia;Crescente;Sol;Simples;Reta;Não;1;0;0;0;1;0;0;1;-21,7895436;-45,4443092;SPRF-MG;DEL16-MG;UOP02-DEL16-MG
719150;18/09/2025;quinta-feira;07:20:00;MT;163;691;LUCAS DO RIO VERDE;Acessar a via sem observar a presença dos outros veículos;Colisão transversal;Com Vítimas Feridas;Pleno dia;Decrescente;Céu Claro;Simples;Reta;Sim;2;0;1;0;1;0;1;2;-13,05671822;-55,91397107;SPRF-MT;DEL06-MT;UOP01-DEL06-MT
719151;18/09/2025;quinta-feira;07:53:00;PB;104;40,7;BARRA DE SANTA ROSA;Ausência de reação do condutor;Tombamento;Com Vítimas Feridas;Pleno dia;Crescente;Sol;Simples;Reta;Não;1;0;0;1;0;0;1;1;-6,6915;-36,082083;SPRF-PB;DEL02-PB;UOP04-DEL02-PB
719152;18/09/2025;quinta-feira;11:10:00;SC;280;29;ARAQUARI;Acesso irregular;Colisão transversal;Com Vítimas Feridas;Pleno dia;Crescente;Nublado;Simples;Reta;Sim;2;0;1;0;1;0;1;2;-26,413177;-48,758175;SPRF-SC;DEL03-SC;UOP03-DEL03-SC
719154;18/09/2025;quinta-feira;10:00:00;SP;381;30;ATIBAIA;Condutor deixou de manter distância do veículo da frente;Engavetamento;Com Vítimas Feridas;Pleno dia;Crescente;Céu Claro;Dupla;Reta;Sim;4;0;2;0;2;0;2;3;-23,150592;-46,5567744;SPRF-SP;DEL03-SP;UOP02-DEL03-SP
719155;18/09/2025;quinta-feira;11:00:00;PB;230;17;JOAO PESSOA;Demais falhas mecânicas ou elétricas;Colisão com objeto;Com Vítimas Feridas;Pleno dia;Decrescente;Sol;Dupla;Curva;Sim;4;0;2;1;1;0;3;2;-7,11993296;-34,84514505;SPRF-PB;DEL01-PB;UOP01-DEL01-PB
719157;18/09/2025;quinta-feira;09:45:00;RJ;116;175;SAO JOAO DE MERITI;Reação tardia ou ineficiente do condutor;Queda de ocupante de veículo;Com Vítimas Feridas;Pleno dia;Crescente;Céu Claro;Dupla;Reta;Sim;2;0;2;0;0;0;2;1;-22,78775309;-43,37539069;SPRF-RJ;DEL06-RJ;UOP01-DEL06-RJ
719164;18/09/2025;quinta-feira;12:00:00;GO;153;506;APARECIDA DE GOIANIA;Ausência de reação do condutor;Colisão traseira;Com Vítimas Feridas;Pleno dia;Crescente;Céu Claro;Múltipla;Reta;Sim;2;0;0;1;1;0;1;2;-16,755635;-49,241142;SPRF-GO;DEL01-GO;UOP01-DEL01-GO
719166;18/09/2025;quinta-feira;12:30:00;RS;116;263;CANOAS;Reação tardia ou ineficiente do condutor;Colisão traseira;Com Vítimas Feridas;Pleno dia;Crescente;Céu Claro;Dupla;"Reta;Viaduto";Sim;2;0;1;0;1;0;1;2;-29,90326515;-51,176548;SPRF-RS;DEL01-RS;UOP01-DEL01-RS
719167;18/09/2025;quinta-feira;12:17:00;SC;101;210,9;SAO JOSE;Trafegar com motocicleta (ou similar) entre as faixas;Colisão lateral mesmo sentido;Com Vítimas Feridas;Pleno dia;Crescente;Céu Claro;Dupla;"Reta;Viaduto";Sim;4;0;1;1;2;0;2;3;-27,622879;-48,6521633;SPRF-SC;DEL01-SC;UOP01-DEL01-SC
719168;18/09/2025;quinta-feira;11:50:00;SC;101;127,9;ITAJAI;Ausência de reação do condutor;Colisão traseira;Com Vítimas Feridas;Pleno dia;Decrescente;Céu Claro;Dupla;Reta;Não;2;0;1;0;1;0;1;2;-26,96861483;-48,68376732;SPRF-SC;DEL04-SC;UOP04-DEL04-SC
719171;18/09/2025;quinta-feira;12:00:00;BA;367;49;PORTO SEGURO;Reação tardia ou ineficiente do condutor;Saída de leito carroçável;Com Vítimas Feridas;Pleno dia;Crescente;Céu Claro;Simples;Curva;Não;4;0;1;0;3;0;1;1;-16,374698;-39,29475;SPRF-BA;DEL09-BA;UOP03-DEL09-BA
719172;18/09/2025;quinta-feira;08:55:00;MT;70;733;CACERES;Desrespeitar a preferência no cruzamento;Colisão transversal;Com Vítimas Feridas;Pleno dia;Crescente;Céu Claro;Simples;Reta;Sim;7;0;2;0;5;0;2;3;-16,086;-57,697;SPRF-MT;DEL03-MT;UOP01-DEL03-MT
719175;18/09/2025;quinta-feira;14:00:00;SC;101;333;TUBARAO;Ultrapassagem Indevida;Colisão lateral mesmo sentido;Com Vítimas Feridas;Pleno dia;Crescente;Céu Claro;Dupla;Reta;Sim;2;0;0;1;1;0;1;2;-28,46909597;-49,01477035;SPRF-SC;DEL02-SC;UOP01-DEL02-SC
719176;18/09/2025;quinta-feira;14:15:00;PR;116;119;CURITIBA;Ausência de reação do condutor;Tombamento;Com Vítimas Feridas;Pleno dia;Crescente;Céu Claro;Múltipla;Reta;Sim;1;0;1;0;0;0;1;1;-25,57123151;-49,31074826;SPRF-PR;DEL01-PR;UOP03-DEL01-PR
719177;18/09/2025;quinta-feira;12:57:00;PR;376;238;APUCARANA;Acessar a via sem observar a presença dos outros veículos;Colisão traseira;Com Vítimas Fatais;Pleno dia;Crescente;Céu Claro;Dupla;"Aclive;Reta";Não;3;1;0;0;1;1;0;3;-23,58512896;-51,47038937;SPRF-PR;DEL07-PR;UOP03-DEL07-PR
719178;26/08/2025;terça-feira;19:00:00;PA;230;121;MARABA;Condutor desrespeitou a iluminação vermelha do semáforo;Colisão transversal;Sem Vítimas;Plena Noite;Decrescente;Céu Claro;Dupla;Interseção de Vias;Sim;2;0;0;0;1;1;0;2;-5,36813859;-49,12837728;SPRF-PA;DEL03-PA;UOP01-DEL03-PA
719180;18/09/2025;quinta-feira;07:30:00;RJ;465;14;SEROPEDICA;Ultrapassagem Indevida;Atropelamento de Pedestre;Com Vítimas Feridas;Pleno dia;Crescente;Céu Claro;Simples;Reta;Sim;2;0;1;0;1;0;1;2;-22,804294;-43,639736;SPRF-RJ;DEL06-RJ;UOP02-DEL06-RJ
719182;25/08/2025;segunda-feira;15:25:00;SP;381;31;ATIBAIA;Condutor deixou de manter distância do veículo da frente;Colisão traseira;Com Vítimas Feridas;Pleno dia;Crescente;Céu Claro;Dupla;"Declive;Reta";Sim;2;0;1;0;1;0;1;2;-23,07971649;-46,5698096;SPRF-SP;DEL03-SP;UOP02-DEL03-SP
719183;18/09/2025;quinta-feira;12:00:00;AC;317;232;XAPURI;Condutor Dormindo;Capotamento;Com Vítimas Feridas;Pleno dia;Crescente;Céu Claro;Simples;Reta;Não;2;0;1;0;1;0;1;1;-10,70431179;-68,38846208;SPRF-AC;DEL01-AC;UOP02-DEL01-AC
719184;18/09/2025;quinta-feira;14:10:00;SP;101;50,9;UBATUBA;Reação tardia ou ineficiente do condutor;Colisão traseira;Sem Vítimas;Pleno dia;Crescente;Céu Claro;Simples;Reta;Sim;2;0;0;0;2;0;0;2;-23,45611527;-45,07131684;SPRF-SP;DEL06-SP;UOP01-DEL06-SP
719185;18/09/2025;quinta-feira;07:30:00;RS;448;4;ESTEIO;Ausência de reação do condutor;Colisão traseira;Sem Vítimas;Pleno dia;Crescente;Céu Claro;Dupla;Reta;Não;5;0;0;0;5;0;0;5;-29,846844;-51,1992345;SPRF-RS;DEL01-RS;UOP02-DEL01-RS
719186;18/09/2025;quinta-feira;07:00:00;RJ;40;120;DUQUE DE CAXIAS;Manobra de mudança de faixa;Colisão transversal;Com Vítimas Feridas;Pleno dia;Decrescente;Céu Claro;Múltipla;Reta;Sim;2;0;1;0;1;0;1;2;-22,77262473;-43,28592394;SPRF-RJ;DEL01-RJ;UOP02-DEL01-RJ
719189;04/08/2025;segunda-feira;17:46:00;BA;324;517;FEIRA DE SANTANA;Pedestre cruzava a pista fora da faixa;Queda de ocupante de veículo;Com Vítimas Feridas;Anoitecer;Decrescente;Céu Claro;Simples;Reta;Sim;2;0;0;1;1;0;1;1;-12,2564906;-38,9320375;SPRF-BA;DEL02-BA;UOP01-DEL02-BA
719190;18/09/2025;quinta-feira;15:15:00;DF;40;5;BRASILIA;Reação tardia ou ineficiente do condutor;Capotamento;Com Vítimas Fatais;Pleno dia;Crescente;Nublado;Dupla;Reta;Sim;2;1;1;0;0;0;1;1;-16,01779;-47,98115;SPRF-DF;DEL01-DF;UOP01-DEL01-DF
719191;18/09/2025;quinta-feira;14:30:00;PR;277;6,5;PARANAGUA;Trafegar com motocicleta (ou similar) entre as faixas;Colisão lateral mesmo sentido;Com Vítimas Feridas;Pleno dia;Decrescente;Céu Claro;Dupla;"Rotatória;Curva";Sim;2;0;1;0;1;0;1;2;-25,51515;-48,522927;SPRF-PR;DEL01-PR;UOP05-DEL01-PR
719193;18/09/2025;quinta-feira;14:30:00;SC;470;111;APIUNA;Ausência de reação do condutor;Tombamento;Com Vítimas Feridas;Pleno dia;Decrescente;Sol;Simples;"Curva;Em Obras";Não;1;0;1;0;0;0;1;1;-27,09791622;-49,45837688;SPRF-SC;DEL04-SC;UOP02-DEL04-SC
719194;18/09/2025;quinta-feira;12:40:00;GO;0;0;RIO VERDE;Velocidade Incompatível;Colisão transversal;Sem Vítimas;Pleno dia;Não Informado;Céu Claro;Simples;Reta;Sim;2;0;0;0;2;0;0;2;-17,81392777;-50,91084999;SPRF-GO;DEL04-GO;UOP01-DEL04-GO
719195;18/09/2025;quinta-feira;13:56:00;RN;101;83;NATAL;Ultrapassagem Indevida;Colisão transversal;Com Vítimas Feridas;Pleno dia;Decrescente;Céu Claro;Simples;Reta;Sim;5;0;2;0;3;0;2;2;-5,770717;-35,26679;SPRF-RN;DEL02-RN;UOP01-DEL02-RN
719196;25/08/2025;segunda-feira;05:20:00;SC;101;79,1;ARAQUARI;Acumulo de água sobre o pavimento;Colisão com objeto;Com Vítimas Feridas;Amanhecer;Decrescente;Chuva;Dupla;Reta;Não;1;0;1;0;0;0;1;1;-26,59323255;-48,7220463;SPRF-SC;DEL03-SC;UOP02-DEL03-SC
719197;18/09/2025;quinta-feira;13:30:00;PR;116;38;CAMPINA GRANDE DO SUL;Chuva;Capotamento;Com Vítimas Feridas;Pleno dia;Decrescente;Chuva;Dupla;Curva;Não;1;0;1;0;0;0;1;1;-25,21392012;-48,90210986;SPRF-PR;DEL01-PR;UOP02-DEL01-PR
719198;18/09/2025;quinta-feira;16:00:00;MG;381;511,4;IGARAPE;Condutor deixou de manter distância do veículo da frente;Colisão traseira;Com Vítimas Feridas;Pleno dia;Decrescente;Céu Claro;Simples;"Declive;Reta";Sim;2;0;1;0;1;0;1;2;-20,06349636;-44,29411618;SPRF-MG;DEL01-MG;UOP03-DEL01-MG
719199;18/09/2025;quinta-feira;14:30:00;PI;343;306;ALTOS;Acessar a via sem observar a presença dos outros veículos;Colisão transversal;Com Vítimas Feridas;Pleno dia;Decrescente;Céu Claro;Dupla;Reta;Sim;2;0;0;1;1;0;1;2;-5,038717;-42,450153;SPRF-PI;DEL01-PI;UOP01-DEL01-PI
719200;18/09/2025;quinta-feira;15:45:00;MG;116;413;GOVERNADOR VALADARES;Retorno proibido;Colisão transversal;Com Vítimas Feridas;Pleno dia;Crescente;Céu Claro;Simples;"Reta;Declive";Sim;2;0;1;0;1;0;1;2;-18,880234;-41,960109;SPRF-MG;DEL06-MG;UOP01-DEL06-MG
719202;02/09/2025;terça-feira;09:40:00;MG;40;459,8;SETE LAGOAS;Reação tardia ou ineficiente do condutor;Colisão traseira;Com Vítimas Feridas;Pleno dia;Crescente;Sol;Dupla;Reta;Não;3;0;2;0;0;1;2;2;-19,4048116;-44,3339788;SPRF-MG;DEL02-MG;UOP01-DEL02-MG
719203;18/09/2025;quinta-feira;16:00:00;RS;116;295,8;GUAIBA;Condutor Dormindo;Saída de leito carroçável;Com Vítimas Feridas;Pleno dia;Crescente;Céu Claro;Simples;Viaduto;Não;1;0;1;0;0;0;1;1;-30,08671944;-51,34240888;SPRF-RS;DEL02-RS;UOP01-DEL02-RS
719204;18/09/2025;quinta-feira;13:30:00;MG;116;498,7;INHAPIM;Acessar a via sem observar a presença dos outros veículos;Colisão transversal;Com Vítimas Feridas;Pleno dia;Crescente;Sol;Simples;Reta;Sim;4;0;1;0;3;0;1;2;-19,55989123;-42,12325573;SPRF-MG;DEL06-MG;UOP02-DEL06-MG
719209;18/09/2025;quinta-feira;15:15:00;PE;428;167,3;PETROLINA;Condutor deixou de manter distância do veículo da frente;Colisão traseira;Com Vítimas Feridas;Pleno dia;Crescente;Céu Claro;Simples;Reta;Não;2;0;1;0;0;1;1;2;-9,212473;-40,401744;SPRF-PE;DEL06-PE;UOP01-DEL06-PE
719210;18/09/2025;quinta-feira;16:00:00;GO;40;0,6;VALPARAISO DE GOIAS;Pista Escorregadia;Colisão traseira;Com Vítimas Feridas;Pleno dia;Crescente;Garoa/Chuvisco;Dupla;Reta;Sim;3;0;1;0;2;0;1;2;-16,057253;-47,982742;SPRF-DF;DEL01-DF;UOP01-DEL01-DF
719211;18/09/2025;quinta-feira;16:25:00;RN;101;80;SAO GONCALO DO AMARANTE;Manobra de mudança de faixa;Colisão traseira;Com Vítimas Feridas;Pleno dia;Crescente;Céu Claro;Dupla;Rotatória;Não;3;0;3;0;0;0;3;2;-5,7634;-35,287053;SPRF-RN;DEL02-RN;UOP01-DEL02-RN
719212;18/09/2025;quinta-feira;11:30:00;RO;435;123;CEREJEIRAS;Ausência de reação do condutor;Colisão traseira;Com Vítimas Feridas;Pleno dia;Decrescente;Sol;Dupla;Interseção de Vias;Sim;2;0;1;0;1;0;1;2;-13,1891329;-60,81102043;SPRF-RO;DEL04-RO;UOP02-DEL04-RO
719213;18/09/2025;quinta-feira;13:00:00;MT;163;53;RONDONOPOLIS;Ingestão de álcool pelo condutor;Saída de leito carroçável;Sem Vítimas;Pleno dia;Decrescente;Céu Claro;Dupla;Curva;Não;1;0;0;0;1;0;0;1;-17,03446421;-54,76478577;SPRF-MT;DEL02-MT;UOP03-DEL02-MT
719214;18/09/2025;quinta-feira;12:10:00;PI;316;313;PICOS;Condutor deixou de manter distância do veículo da frente;Colisão lateral mesmo sentido;Com Vítimas Feridas;Pleno dia;Crescente;Céu Claro;Dupla;Reta;Sim;3;0;1;0;1;1;1;3;-7,077633;-41,441887;SPRF-PI;DEL04-PI;UOP01-DEL04-PI