id;data_inversa;dia_semana;horario;uf;br;km;municipio;causa_acidente;tipo_acidente;classificacao_acidente;fase_dia;sentido_via;condicao_metereologica;tipo_pista;tracado_via;uso_solo;pessoas;mortos;feridos_leves;feridos_graves;ilesos;ignorados;feridos;veiculos;latitude;longitude;regional;delegacia;uop
719347;19/09/2025;sexta-feira;09:45:00;SC;101;3,8;ARARANGUA;Ausência de reação do condutor;Colisão traseira;Com Vítimas Feridas;Pleno dia;Decrescente;Céu Claro;Simples;Reta;Sim;3;0;1;0;2;0;1;2;-28,95022219;-49,50734496;SPRF-SC;DEL02-SC;UOP02-DEL02-SC
719348;19/09/2025;sexta-feira;10:10:00;SE;101;148;ESTANCIA;Acessar a via sem observar a presença dos outros veículos;Colisão transversal;Sem Vítimas;Pleno dia;Crescente;Céu Claro;Simples;"Reta;Interseção de Vias";Sim;2;0;0;0;2;0;0;2;-11,24858078;-37,43537514;SPRF-SE;DEL02-SE;UOP01-DEL02-SE
719349;06/09/2025;sábado;13:00:00;RR;401;16;BONFIM;Conversão proibida;Colisão transversal;Com Vítimas Feridas;Pleno dia;Crescente;Céu Claro;Simples;Reta;Não;6;0;4;1;1;0;5;2;3,37897;-59,81976;SPRF-RR;DEL01-RR;UOP01-DEL01-RR
719351;18/09/2025;quinta-feira;20:40:00;MG;116;452,9;ENGENHEIRO CALDAS;Animais na Pista;Atropelamento de Animal;Com Vítimas Feridas;Plena Noite;Crescente;Céu Claro;Simples;Reta;Não;1;0;0;1;0;0;1;1;-19,18687656;-42,04114661;SPRF-MG;DEL06-MG;UOP02-DEL06-MG
719352;19/09/2025;sexta-feira;05:40:00;MA;10;162,4;PORTO FRANCO;Animais na Pista;Atropelamento de Animal;Com Vítimas Fatais;Pleno dia;Crescente;Céu Claro;Simples;Aclive;Não;3;1;1;1;0;0;2;1;-6,29577;-47,36317;SPRF-MA;DEL04-MA;UOP02-DEL04-MA
719354;19/09/2025;sexta-feira;11:40:00;ES;101;259,2;SERRA;Reação tardia ou ineficiente do condutor;Tombamento;Com Vítimas Feridas;Pleno dia;Decrescente;Chuva;Simples;"Curva;Declive";Sim;1;0;1;0;0;0;1;1;-20,1434;-40,2921;SPRF-ES;DEL02-ES;UOP01-DEL02-ES
719355;16/03/2025;domingo;23:50:00;TO;153;719;FIGUEIROPOLIS;Acessar a via sem observar a presença dos outros veículos;Colisão transversal;Com Vítimas Feridas;Plena Noite;Crescente;Céu Claro;Simples;Reta;Sim;2;0;0;2;0;0;2;2;-12,11890332;-49,17674875;SPRF-TO;DEL01-TO;UOP02-DEL01-TO
719358;06/09/2025;sábado;20:30:00;MS;163;484;CAMPO GRANDE;Acessar a via sem observar a presença dos outros veículos;Eventos atípicos;Com Vítimas Feridas;Anoitecer;Decrescente;Nublado;Simples;Interseção de Vias;Não;3;0;3;0;0;0;3;2;-20,447623;-54,540887;SPRF-MS;DEL01-MS;UOP02-DEL01-MS
719360;19/09/2025;sexta-feira;07:40:00;MT;364;262,2;JUSCIMEIRA;Avarias e/ou desgaste excessivo no pneu;Colisão lateral mesmo sentido;Sem Vítimas;Pleno dia;Decrescente;Sol;Dupla;Reta;Não;3;0;0;0;2;1;0;2;-16,021445;-54,901758;SPRF-MT;DEL02-MT;UOP01-DEL02-MT
719361;19/09/2025;sexta-feira;11:30:00;SP;116;388;MIRACATU;Reação tardia ou ineficiente do condutor;Saída de leito carroçável;Com Vítimas Feridas;Pleno dia;Decrescente;Céu Claro;Dupla;Reta;Não;2;0;2;0;0;0;2;1;-24,27219521;-47,40480101;SPRF-SP;DEL04-SP;UOP02-DEL04-SP
719362;19/09/2025;sexta-feira;12:00:00;PE;232;9;RECIFE;Reação tardia ou ineficiente do condutor;Colisão traseira;Com Vítimas Feridas;Pleno dia;Crescente;Céu Claro;Dupla;Reta;Não;3;0;2;0;1;0;2;2;-8,0639521;-34,9447854;SPRF-PE;DEL01-PE;UOP01-DEL01-PE
719363;19/09/2025;sexta-feira;11:50:00;SC;101;243;PALHOCA;Demais falhas mecânicas ou elétricas;Colisão traseira;Com Vítimas Feridas;Pleno dia;Crescente;Céu Claro;Múltipla;Reta;Não;3;0;1;0;2;0;1;2;-27,88506183;-48,64806686;SPRF-SC;DEL01-SC;UOP02-DEL01-SC
719364;19/09/2025;sexta-feira;11:00:00;PR;163;140,5;CAPITAO LEONIDAS MARQUES;Reação tardia ou ineficiente do condutor;Saída de leito carroçável;Sem Vítimas;Pleno dia;Decrescente;Sol;Simples;"Declive;Curva";Não;2;0;0;0;2;0;0;1;-25,473338;-53,587143;SPRF-PR;DEL05-PR;UOP05-DEL05-PR
719367;19/09/2025;sexta-feira;10:10:00;MA;135;198,5;ALTO ALEGRE DO MARANHAO;Acessar a via sem observar a presença dos outros veículos;Colisão frontal;Com Vítimas Feridas;Pleno dia;Crescente;Céu Claro;Simples;"Em Obras;Reta";Não;2;0;0;1;1;0;1;2;-4,179607;-44,468395;SPRF-MA;DEL03-MA;UOP01-DEL03-MA
719368;19/09/2025;sexta-feira;08:20:00;MT;70;519,3;VARZEA GRANDE;Entrada inopinada do pedestre;Atropelamento de Pedestre;Com Vítimas Feridas;Pleno dia;Crescente;Céu Claro;Simples;Reta;Sim;2;0;1;0;0;1;1;2;-15,685256;-56,171628;SPRF-MT;DEL01-MT;UOP02-DEL01-MT
719369;19/09/2025;sexta-feira;12:30:00;SE;101;184,4;UMBAUBA;Condutor Dormindo;Saída de leito carroçável;Com Vítimas Feridas;Pleno dia;Decrescente;Céu Claro;Simples;"Declive;Reta";Sim;4;0;3;0;1;0;3;1;-11,389819;-37,67095;SPRF-SE;DEL02-SE;UOP03-DEL02-SE
719370;19/09/2025;sexta-feira;13:40:00;SC;101;194,8;BIGUACU;Ausência de reação do condutor;Tombamento;Com Vítimas Feridas;Pleno dia;Decrescente;Nublado;Múltipla;Reta;Sim;1;0;0;1;0;0;1;1;-27,50345107;-48,6510214;SPRF-SC;DEL01-SC;UOP01-DEL01-SC
719372;19/09/2025;sexta-feira;11:50:00;SC;101;169;TIJUCAS;Reação tardia ou ineficiente do condutor;Colisão com objeto;Com Vítimas Feridas;Pleno dia;Crescente;Nublado;Dupla;Curva;Não;2;0;1;0;1;0;1;1;-27,28270657;-48,63123941;SPRF-SC;DEL04-SC;UOP03-DEL04-SC
719373;19/09/2025;sexta-feira;13:10:00;PB;230;28;JOAO PESSOA;Condutor deixou de manter distância do veículo da frente;Colisão traseira;Sem Vítimas;Pleno dia;Crescente;Céu Claro;Múltipla;"Reta;Viaduto";Sim;2;0;0;0;2;0;0;2;-7,165563;-34,895665;SPRF-PB;DEL01-PB;UOP01-DEL01-PB
719374;19/09/2025;sexta-feira;11:45:00;SC;101;172;TIJUCAS;Reação tardia ou ineficiente do condutor;Colisão com objeto;Com Vítimas Feridas;Pleno dia;Crescente;Céu Claro;Múltipla;Reta;Não;1;0;1;0;0;0;1;1;-27,31784669;-48,62951159;SPRF-SC;DEL04-SC;UOP03-DEL04-SC
719384;19/09/2025;sexta-feira;07:40:00;RJ;101;318;SAO GONCALO;Condutor deixou de manter distância do veículo da frente;Colisão lateral mesmo sentido;Com Vítimas Feridas;Pleno dia;Crescente;Céu Claro;Dupla;Reta;Sim;6;0;5;0;1;0;5;4;-22,7934208;-43,024384;SPRF-RJ;DEL02-RJ;UOP02-DEL02-RJ
719385;19/09/2025;sexta-feira;13:50:00;PR;376;175,7;MARINGA;Reação tardia ou ineficiente do condutor;Colisão traseira;Sem Vítimas;Pleno dia;Crescente;Céu Claro;Múltipla;"Reta;Interseção de Vias;Em Obras";Sim;2;0;0;0;2;0;0;2;-23,412;-51,943;SPRF-PR;DEL09-PR;UOP01-DEL09-PR
719386;31/08/2025;domingo;22:00:00;MS;158;122,6;APARECIDA DO TABOADO;Ultrapassagem Indevida;Atropelamento de Pedestre;Com Vítimas Feridas;Plena Noite;Decrescente;Céu Claro;Simples;Reta;Não;4;0;0;1;3;0;1;2;-19,887789;-51,136324;SPRF-MS;DEL08-MS;UOP01-DEL08-MS
719387;19/08/2025;terça-feira;03:20:00;PR;116;126;FAZENDA RIO GRANDE;Animais na Pista;Atropelamento de Animal;Com Vítimas Feridas;Plena Noite;Crescente;Nublado;Dupla;Reta;Sim;1;0;1;0;0;0;1;1;-25,64119106;-49,31300209;SPRF-PR;DEL01-PR;UOP03-DEL01-PR
719388;18/09/2025;quinta-feira;20:40:00;ES;101;53,7;CONCEICAO DA BARRA;Ultrapassagem Indevida;Colisão frontal;Com Vítimas Feridas;Plena Noite;Decrescente;Ignorado;Simples;Interseção de Vias;Sim;3;0;1;0;2;0;1;2;-18,60520724;-39,88660812;SPRF-ES;DEL04-ES;UOP02-DEL04-ES
719389;19/09/2025;sexta-feira;14:13:00;SC;101;403;MARACAJA;Demais falhas mecânicas ou elétricas;Tombamento;Com Vítimas Feridas;Pleno dia;Crescente;Céu Claro;Dupla;Viaduto;Não;1;0;1;0;0;0;1;1;-28,88259;-49,461038;SPRF-SC;DEL02-SC;UOP02-DEL02-SC
719391;19/09/2025;sexta-feira;14:30:00;MG;40;670,4;CARANDAI;Reação tardia ou ineficiente do condutor;Tombamento;Com Vítimas Feridas;Pleno dia;Decrescente;Céu Claro;Simples;Curva;Não;1;0;0;1;0;0;1;1;-20,976237;-43,781279;SPRF-MG;DEL05-MG;UOP02-DEL05-MG
719392;19/09/2025;sexta-feira;15:00:00;SC;282;2;FLORIANOPOLIS;Reação tardia ou ineficiente do condutor;Colisão traseira;Com Vítimas Feridas;Pleno dia;Crescente;Céu Claro;Dupla;Reta;Sim;2;0;1;0;1;0;1;2;-27,60356015;-48,58537316;SPRF-SC;DEL01-SC;UOP01-DEL01-SC
719394;19/09/2025;sexta-feira;12:45:00;GO;60;299;ACREUNA;Condutor Dormindo;Colisão com objeto;Sem Vítimas;Pleno dia;Decrescente;Céu Claro;Dupla;Curva;Não;3;0;0;0;3;0;0;2;-17,37397;-50,34668;SPRF-GO;DEL04-GO;UOP02-DEL04-GO
719396;19/09/2025;sexta-feira;13:50:00;RJ;40;113;DUQUE DE CAXIAS;Acessar a via sem observar a presença dos outros veículos;Colisão lateral mesmo sentido;Com Vítimas Feridas;Pleno dia;Decrescente;Céu Claro;Dupla;Reta;Sim;2;0;1;0;1;0;1;2;-22,71041422;-43,29012126;SPRF-RJ;DEL01-RJ;UOP02-DEL01-RJ
719397;19/09/2025;sexta-feira;14:20:00;SC;101;396,5;MARACAJA;Demais falhas na via;Tombamento;Com Vítimas Feridas;Pleno dia;Decrescente;Céu Claro;Simples;Reta;Sim;1;0;1;0;0;0;1;1;-28,840238;-49,426465;SPRF-SC;DEL02-SC;UOP02-DEL02-SC
719399;19/09/2025;sexta-feira;10:45:00;PR;158;400,5;LARANJEIRAS DO SUL;Ausência de reação do condutor;Colisão lateral mesmo sentido;Com Vítimas Feridas;Pleno dia;Decrescente;Céu Claro;Simples;Reta;Não;3;0;3;0;0;0;3;2;-25,334886;-52,359539;SPRF-PR;DEL04-PR;UOP02-DEL04-PR
719400;19/09/2025;sexta-feira;14:30:00;PR;277;596,7;CASCAVEL;Desrespeitar a preferência no cruzamento;Colisão transversal;Com Vítimas Feridas;Pleno dia;Crescente;Sol;Simples;Rotatória;Sim;3;0;1;0;2;0;1;2;-24,993817;-53,511899;SPRF-PR;DEL04-PR;UOP01-DEL04-PR
719401;19/09/2025;sexta-feira;15:15:00;RS;386;350,5;ESTRELA;Acessar a via sem observar a presença dos outros veículos;Atropelamento de Pedestre;Com Vítimas Feridas;Pleno dia;Crescente;Sol;Dupla;"Curva;Aclive";Não;2;0;1;0;1;0;1;2;-29,4860053;-51,95473194;SPRF-RS;DEL04-RS;UOP01-DEL04-RS
719402;19/09/2025;sexta-feira;13:10:00;AL;104;74;RIO LARGO;Velocidade Incompatível;Capotamento;Sem Vítimas;Pleno dia;Decrescente;Céu Claro;Simples;Curva;Não;1;0;0;0;0;1;0;1;-9,4273536;-35,8383616;SPRF-AL;DEL01-AL;UOP02-DEL01-AL
719403;19/09/2025;sexta-feira;08:00:00;CE;230;71;VARZEA ALEGRE;Transitar na contramão;Colisão frontal;Com Vítimas Feridas;Pleno dia;Decrescente;Céu Claro;Simples;"Reta;Declive";Não;2;0;1;0;1;0;1;2;-6,784022;-39,226287;SPRF-CE;DEL05-CE;UOP01-DEL05-CE
719407;19/09/2025;sexta-feira;15:00:00;PA;10;18,3;DOM ELISEU;Acessar a via sem observar a presença dos outros veículos;Colisão transversal;Com Vítimas Feridas;Pleno dia;Crescente;Céu Claro;Dupla;Reta;Sim;2;0;1;0;1;0;1;2;-4,290108;-47,557292;SPRF-PA;DEL02-PA;UOP02-DEL02-PA
719408;19/09/2025;sexta-feira;07:30:00;PE;232;59;POMBOS;Acumulo de areia ou detritos sobre o pavimento;Eventos atípicos;Sem Vítimas;Pleno dia;Decrescente;Céu Claro;Dupla;Reta;Não;1;0;0;0;1;0;0;1;-8,13596197;-35,37031174;SPRF-PE;DEL02-PE;UOP02-DEL02PE
719409;19/09/2025;sexta-feira;14:00:00;ES;262;104;VENDA NOVA DO IMIGRANTE;Mal súbito do condutor;Colisão com objeto;Com Vítimas Feridas;Pleno dia;Decrescente;Céu Claro;Simples;Reta;Sim;1;0;0;1;0;0;1;1;-20,326355;-41,135758;SPRF-ES;DEL01-ES;UOP02-DEL01-ES
719414;19/09/2025;sexta-feira;16:00:00;PB;230;21;JOAO PESSOA;Transitar no Acostamento;Tombamento;Com Vítimas Feridas;Pleno dia;Crescente;Céu Claro;Dupla;Reta;Sim;2;0;1;0;1;0;1;1;-7,142143;-34,851807;SPRF-PB;DEL01-PB;UOP01-DEL01-PB
719416;19/09/2025;sexta-feira;16:20:00;MG;262;166;SAO DOMINGOS DO PRATA;Ingestão de álcool pelo condutor;Saída de leito carroçável;Com Vítimas Feridas;Pleno dia;Crescente;Céu Claro;Simples;Reta;Não;2;0;1;0;0;1;1;2;-19,95806354;-42,89405644;SPRF-MG;DEL03-MG;UOP03-DEL03-MG
719417;19/09/2025;sexta-feira;16:10:00;SC;101;149;ITAPEMA;Condutor deixou de manter distância do veículo da frente;Colisão lateral mesmo sentido;Com Vítimas Feridas;Pleno dia;Decrescente;Céu Claro;Múltipla;Reta;Sim;2;0;1;0;1;0;1;2;-27,10775971;-48,61350846;SPRF-SC;DEL04-SC;UOP03-DEL04-SC
719418;19/09/2025;sexta-feira;16:15:00;MG;262;786;UBERABA;Reação tardia ou ineficiente do condutor;Colisão traseira;Sem Vítimas;Pleno dia;Crescente;Chuva;Dupla;Reta;Sim;4;0;0;0;4;0;0;4;-19,66620381;-47,86285226;SPRF-MG;DEL13-MG;UOP01-DEL13-MG
719419;19/09/2025;sexta-feira;16:00:00;PE;101;65,3;RECIFE;Ausência de reação do condutor;Colisão traseira;Com Vítimas Feridas;Pleno dia;Crescente;Céu Claro;Dupla;"Reta;Ponte";Sim;3;0;0;1;2;0;1;2;-8,02745;-34,94302;SPRF-PE;DEL01-PE;UOP01-DEL01-PE
719421;19/09/2025;sexta-feira;15:00:00;PE;428;113;SANTA MARIA DA BOA VISTA;Ausência de reação do condutor;Saída de leito carroçável;Sem Vítimas;Pleno dia;Crescente;Céu Claro;Simples;Reta;Não;1;0;0;0;0;1;0;1;-8,903593;-40,050898;SPRF-PE;DEL06-PE;UOP03-DEL06-PE
719422;19/09/2025;sexta-feira;15:20:00;RO;364;164,6;PIMENTA BUENO;Ausência de reação do condutor;Colisão traseira;Com Vítimas Feridas;Pleno dia;Crescente;Sol;Simples;"Reta;Em Obras";Não;5;0;1;0;2;2;1;3;-11,886135;-60,987077;SPRF-RO;DEL02-RO;UOP02-DEL02-RO
719423;19/09/2025;sexta-feira;16:00:00;PE;232;9;RECIFE;Condutor deixou de manter distância do veículo da frente;Colisão lateral mesmo sentido;Com Vítimas Feridas;Pleno dia;Crescente;Céu Claro;Simples;Reta;Não;2;0;0;1;1;0;1;2;-8,076844;-34,974541;SPRF-PE;DEL01-PE;UOP01-DEL01-PE
719424;19/09/2025;sexta-feira;14:50:00;GO;50;253;CATALAO;Demais falhas mecânicas ou elétricas;Incêndio;Sem Vítimas;Pleno dia;Decrescente;Céu Claro;Dupla;Reta;Não;4;0;0;0;4;0;0;1;-17,9978654;-47,79824909;SPRF-GO;DEL06-GO;UOP01-DEL06-GO
719425;19/09/2025;sexta-feira;17:00:00;MG;381;4;BETIM;Avarias e/ou desgaste excessivo no pneu;Tombamento;Com Vítimas Feridas;Pleno dia;Decrescente;Céu Claro;Dupla;"Aclive;Reta";Sim;2;0;2;0;0;0;2;1;-19,9868485;-44,1766607;SPRF-MG;DEL01-MG;UOP03-DEL01-MG
719426;19/09/2025;sexta-feira;16:05:00;RJ;356;51;ITAPERUNA;Demais falhas mecânicas ou elétricas;Saída de leito carroçável;Com Vítimas Feridas;Pleno dia;Crescente;Céu Claro;Simples;Reta;Não;5;0;2;0;3;0;2;1;-21,262597;-41,75956;SPRF-RJ;DEL08-RJ;UOP03-DEL08-RJ
719427;19/09/2025;sexta-feira;15:50:00;MS;163;21,6;MUNDO NOVO;Acessar a via sem observar a presença dos outros veículos;Colisão lateral mesmo sentido;Com Vítimas Feridas;Pleno dia;Crescente;Céu Claro;Simples;"Declive;Reta";Não;2;0;0;1;1;0;1;2;-23,9139;-54,29318;SPRF-MS;DEL09-MS;UOP02-DEL09-MS
719428;19/09/2025;sexta-feira;16:50:00;PR;476;145;CURITIBA;Manobra de mudança de faixa;Colisão lateral mesmo sentido;Com Vítimas Feridas;Pleno dia;Decrescente;Céu Claro;Dupla;"Declive;Reta";Sim;2;0;0;1;1;0;1;2;-25,5478965;-49,321379;SPRF-PR;DEL01-PR;UOP06-DEL01-PR
719429;19/09/2025;sexta-feira;15:15:00;PR;476;278;SAO MATEUS DO SUL;Acessar a via sem observar a presença dos outros veículos;Colisão transversal;Com Vítimas Feridas;Pleno dia;Crescente;Céu Claro;Simples;Rotatória;Sim;5;0;0;1;3;1;1;3;-25,86818567;-50,39518538;SPRF-PR;DEL02-PR;UOP03-DEL02-PR
719431;19/09/2025;sexta-feira;17:15:00;SC;280;51;GUARAMIRIM;Transitar na contramão;Colisão frontal;Com Vítimas Feridas;Pleno dia;Decrescente;Céu Claro;Dupla;"Reta;Desvio Temporário;Em Obras";Sim;2;0;1;0;1;0;1;2;-26,464025;-48,951073;SPRF-SC;DEL03-SC;UOP03-DEL03-SC
719432;19/09/2025;sexta-feira;15:30:00;PR;163;66;CURITIBA;Acessar a via sem observar a presença dos outros veículos;Colisão transversal;Com Vítimas Feridas;Pleno dia;Decrescente;Céu Claro;Simples;Rotatória;Não;2;0;1;0;1;0;1;2;-25,4476288;-49,2470272;SPRF-PR;DEL02-PR;UOP02-DEL02-PR
719433;19/09/2025;sexta-feira;17:40:00;PB;230;147;CAMPINA GRANDE;Reação tardia ou ineficiente do condutor;Colisão transversal;Com Vítimas Feridas;Anoitecer;Decrescente;Céu Claro;Simples;Rotatória;Não;2;0;1;0;0;1;1;2;-7,23719;-35,8675167;SPRF-PB;DEL02-PB;UOP01-DEL02-PB
719434;19/09/2025;sexta-feira;17:20:00;MG;381;434;SABARA;Transitar no Acostamento;Colisão lateral mesmo sentido;Com Vítimas Feridas;Anoitecer;Decrescente;Nublado;Simples;"Declive;Reta";Não;2;0;0;1;1;0;1;2;-19,80972637;-43,76488209;SPRF-MG;DEL01-MG;UOP01-DEL01-MG
719435;19/09/2025;sexta-feira;14:30:00;MG;267;51,7;MARIPA DE MINAS;Curva acentuada;Saída de leito carroçável;Com Vítimas Feridas;Pleno dia;Crescente;Sol;Simples;Curva;Não;2;0;1;1;0;0;2;1;-21,71612818;-42,99705505;SPRF-MG;DEL07-MG;UOP01-DEL07-MG
719437;19/09/2025;sexta-feira;17:30:00;MG;381;492;BETIM;Condutor deixou de manter distância do veículo da frente;Colisão traseira;Com Vítimas Feridas;Anoitecer;Decrescente;Céu Claro;Múltipla;Reta;Sim;3;0;2;0;1;0;2;3;-19,962033;-44,162264;SPRF-MG;DEL01-MG;UOP03-DEL01-MG
719439;19/09/2025;sexta-feira;17:50:00;SC;101;111,8;ITAJAI;Trafegar com motocicleta (ou similar) entre as faixas;Colisão lateral mesmo sentido;Com Vítimas Feridas;Anoitecer;Crescente;Nublado;Dupla;"Reta;Declive;Ponte";Sim;2;0;1;0;1;0;1;2;-26,8445545;-48,71963248;SPRF-SC;DEL04-SC;UOP04-DEL04-SC
719440;19/09/2025;sexta-feira;17:20:00;BA;324;525;FEIRA DE SANTANA;Ausência de reação do condutor;Engavetamento;Sem Vítimas;Anoitecer;Decrescente;Céu Claro;Dupla;Reta;Não;5;0;0;0;5;0;0;3;-12,3112778;-38,8837593;SPRF-BA;DEL01-BA;UOP03-DEL01-BA
719443;19/09/2025;sexta-feira;18:00:00;RS;116;231;ESTANCIA VELHA;Acesso irregular;Colisão transversal;Com Vítimas Feridas;Anoitecer;Crescente;Céu Claro;Simples;Reta;Não;2;0;1;0;1;0;1;2;-29,627422;-51,1386129;SPRF-RS;DEL01-RS;UOP02-DEL01-RS
719445;19/09/2025;sexta-feira;17:50:00;SP;116;145,3;SAO JOSE DOS CAMPOS;Trafegar com motocicleta (ou similar) entre as faixas;Colisão traseira;Com Vítimas Feridas;Anoitecer;Crescente;Céu Claro;Múltipla;Reta;Sim;2;0;0;1;1;0;1;2;-23,18182187;-45,84529121;SPRF-SP;DEL02-SP;UOP01-DEL02-SP
719446;19/09/2025;sexta-feira;18:00:00;PE;232;4;RECIFE;Acessar a via sem observar a presença dos outros veículos;Colisão frontal;Com Vítimas Fatais;Plena Noite;Crescente;Nublado;Simples;Interseção de Vias;Não;2;1;0;0;0;1;0;2;-8,06907492;-34,94619817;SPRF-PE;DEL01-PE;UOP01-DEL01-PE
719447;19/09/2025;sexta-feira;18:30:00;RS;116;269;CANOAS;Manobra de mudança de faixa;Colisão transversal;Com Vítimas Feridas;Anoitecer;Decrescente;Nublado;Dupla;Reta;Não;3;0;1;0;2;0;1;2;-29,96223791;-51,17599932;SPRF-RS;DEL01-RS;UOP01-DEL01-RS
719448;19/09/2025;sexta-feira;17:00:00;RJ;116;176;SAO JOAO DE MERITI;Condutor deixou de manter distância do veículo da frente;Colisão traseira;Com Vítimas Feridas;Pleno dia;Crescente;Céu Claro;Dupla;Reta;Sim;1;0;1;0;0;0;1;1;-22,7838127;-43,38201491;SPRF-RJ;DEL06-RJ;UOP01-DEL06-RJ
719452;19/09/2025;sexta-feira;16:50:00;RO;425;80;NOVA MAMORE;Acessar a via sem observar a presença dos outros veículos;Colisão lateral mesmo sentido;Com Vítimas Feridas;Pleno dia;Decrescente;Céu Claro;Simples;"Interseção de Vias;Reta";Sim;2;0;1;0;1;0;1;2;-10,4097456;-65,33002853;SPRF-RO;DEL01-RO;UOP03-DEL01-RO
719454;19/09/2025;sexta-feira;18:40:00;RJ;40;105;DUQUE DE CAXIAS;Condutor deixou de manter distância do veículo da frente;Colisão traseira;Com Vítimas Feridas;Plena Noite;Decrescente;Céu Claro;Múltipla;Reta;Sim;2;0;1;0;1;0;1;2;-22,6380754;-43,28454494;SPRF-RJ;DEL01-RJ;UOP02-DEL01-RJ
719455;19/09/2025;sexta-feira;17:45:00;PR;476;147;ARAUCARIA;Manobra de mudança de faixa;Colisão lateral mesmo sentido;Com Vítimas Feridas;Anoitecer;Decrescente;Céu Claro;Dupla;Reta;Sim;2;0;1;0;1;0;1;2;-25,55635;-49,343967;SPRF-PR;DEL01-PR;UOP06-DEL01-PR
719457;19/09/2025;sexta-feira;17:35:00;MS;163;492,2;CAMPO GRANDE;Acessar a via sem observar a presença dos outros veículos;Tombamento;Com Vítimas Feridas;Plena Noite;Crescente;Céu Claro;Simples;"Reta;Declive";Sim;4;0;0;2;2;0;2;2;-20,384782;-54,544115;SPRF-MS;DEL01-MS;UOP02-DEL01-MS
719458;19/09/2025;sexta-feira;18:00:00;PR;277;1,5;PARANAGUA;Acessar a via sem observar a presença dos outros veículos;Colisão transversal;Com Vítimas Feridas;Anoitecer;Crescente;Nublado;Simples;Reta;Sim;3;0;2;0;1;0;2;2;-25,52914392;-48,54809952;SPRF-PR;DEL01-PR;UOP05-DEL01-PR
719462;19/09/2025;sexta-feira;17:00:00;GO;50;250,6;CATALAO;Reação tardia ou ineficiente do condutor;Saída de leito carroçável;Com Vítimas Feridas;Anoitecer;Decrescente;Chuva;Dupla;Reta;Sim;2;0;2;0;0;0;2;1;-17,97419645;-47,79597608;SPRF-GO;DEL06-GO;UOP01-DEL06-GO
719463;19/09/2025;sexta-feira;18:25:00;RN;101;94,4;NATAL;Reação tardia ou ineficiente do condutor;Colisão traseira;Com Vítimas Feridas;Plena Noite;Decrescente;Céu Claro;Múltipla;Reta;Sim;2;0;1;0;1;0;1;2;-5,836773;-35,211515;SPRF-RN;DEL01-RN;UOP01-DEL01-RN
719466;19/09/2025;sexta-feira;17:50:00;RO;364;39;VILHENA;Reação tardia ou ineficiente do condutor;Queda de ocupante de veículo;Com Vítimas Feridas;Anoitecer;Decrescente;Céu Claro;Simples;Reta;Não;2;0;0;1;0;1;1;2;-12,72541452;-60,22979736;SPRF-RO;DEL04-RO;UOP01-DEL04-RO
719467;19/09/2025;sexta-feira;19:00:00;SC;101;194,1;BIGUACU;Acesso irregular;Colisão transversal;Com Vítimas Feridas;Plena Noite;Crescente;Céu Claro;Simples;"Viaduto;Reta;Interseção de Vias";Sim;2;0;1;0;1;0;1;2;-27,4997;-48,65591;SPRF-SC;DEL01-SC;UOP01-DEL01-SC
719468;19/09/2025;sexta-feira;19:10:00;RN;101;98;NATAL;Reação tardia ou ineficiente do condutor;Colisão traseira;Com Vítimas Feridas;Plena Noite;Decrescente;Céu Claro;Dupla;Viaduto;Não;2;0;1;0;1;0;1;2;-5,86384361;-35,21567551;SPRF-RN;DEL01-RN;UOP01-DEL01-RN
719469;19/09/2025;sexta-feira;17:30:00;PR;116;93;SAO JOSE DOS PINHAIS;Reação tardia ou ineficiente do condutor;Atropelamento de Pedestre;Sem Vítimas;Anoitecer;Crescente;Céu Claro;Simples;"Curva;Declive";Não;4;0;0;0;3;1;0;2;-25,5092142;-49,12742615;SPRF-PR;DEL01-PR;UOP07-DEL01-PR
719471;19/09/2025;sexta-feira;19:00:00;RS;293;15;CAPAO DO LEAO;Acessar a via sem observar a presença dos outros veículos;Colisão transversal;Com Vítimas Feridas;Plena Noite;Crescente;Céu Claro;Simples;"Reta;Interseção de Vias";Sim;1;0;1;0;0;0;1;1;-31,751881;-52,463475;SPRF-RS;DEL07-RS;UOP01-DEL07-RS
719472;19/09/2025;sexta-feira;19:20:00;PB;230;20;JOAO PESSOA;Acostamento em desnível;Tombamento;Com Vítimas Feridas;Plena Noite;Crescente;Céu Claro;Dupla;Reta;Não;3;0;1;1;1;0;2;1;-7,14305105;-34,85161543;SPRF-PB;DEL01-PB;UOP01-DEL01-PB
719473;19/09/2025;sexta-feira;19:00:00;SC;282;202,9;LAGES;Animais na Pista;Atropelamento de Animal;Com Vítimas Feridas;Plena Noite;Decrescente;Céu Claro;Simples;Reta;Não;1;0;1;0;0;0;1;1;-27,76967775;-50,17811575;SPRF-SC;DEL05-SC;UOP01-DEL05-SC
719474;19/09/2025;sexta-feira;18:30:00;MG;116;522;CARATINGA;Ingestão de álcool pelo condutor;Colisão transversal;Sem Vítimas;Plena Noite;Crescente;Nublado;Simples;"Reta;Interseção de Vias";Sim;2;0;0;0;2;0;0;2;-19,7640754;-42,1320502;SPRF-MG;DEL06-MG;UOP02-DEL06-MG
719475;19/09/2025;sexta-feira;06:30:00;PR;277;73;CURITIBA;Ausência de reação do condutor;Queda de ocupante de veículo;Com Vítimas Feridas;Pleno dia;Crescente;Céu Claro;Simples;Reta;Sim;1;0;1;0;0;0;1;1;-25,44427142;-49,23603197;SPRF-PR;DEL01-PR;UOP07-DEL01-PR