id;data_inversa;dia_semana;horario;uf;br;km;municipio;causa_acidente;tipo_acidente;classificacao_acidente;fase_dia;sentido_via;condicao_metereologica;tipo_pista;tracado_via;uso_solo;pessoas;mortos;feridos_leves;feridos_graves;ilesos;ignorados;feridos;veiculos;latitude;longitude;regional;delegacia;uop
719598;20/09/2025;sábado;08:00:00;MA;135;23;SAO LUIS;Acessar a via sem observar a presença dos outros veículos;Colisão transversal;Sem Vítimas;Pleno dia;Decrescente;Céu Claro;Dupla;Retorno Regulamentado;Sim;2;0;0;0;2;0;0;2;-2,551218;-44,307048;SPRF-MA;DEL01-MA;UOP01-DEL01-MA
719599;30/07/2025;quarta-feira;18:30:00;PR;376;180;MARINGA;Condutor deixou de manter distância do veículo da frente;Colisão traseira;Com Vítimas Feridas;Anoitecer;Crescente;Céu Claro;Dupla;Reta;Não;2;0;1;0;1;0;1;2;-23,42582093;-51,89778026;SPRF-PR;DEL09-PR;UOP01-DEL09-PR
719601;20/09/2025;sábado;08:50:00;RJ;40;90;PETROPOLIS;Ausência de reação do condutor;Queda de ocupante de veículo;Com Vítimas Feridas;Pleno dia;Decrescente;Céu Claro;Simples;Curva;Não;2;0;2;0;0;0;2;1;-22,5579034;-43,23102951;SPRF-RJ;DEL01-RJ;UOP01-DEL01-RJ
719603;20/09/2025;sábado;07:45:00;SP;101;50;UBATUBA;Ingestão de álcool pelo condutor;Colisão traseira;Sem Vítimas;Pleno dia;Crescente;Sol;Simples;Reta;Sim;2;0;0;0;2;0;0;2;-23,4499467;-45,07777839;SPRF-SP;DEL06-SP;UOP01-DEL06-SP
719604;20/09/2025;sábado;09:00:00;SC;101;208,1;SAO JOSE;Condutor deixou de manter distância do veículo da frente;Colisão traseira;Com Vítimas Feridas;Pleno dia;Decrescente;Céu Claro;Múltipla;Reta;Sim;2;0;1;0;1;0;1;2;-27,61391778;-48,64244906;SPRF-SC;DEL01-SC;UOP01-DEL01-SC
719605;20/09/2025;sábado;07:50:00;SC;101;101,7;BALNEARIO PICARRAS;Ausência de reação do condutor;Saída de leito carroçável;Com Vítimas Feridas;Pleno dia;Decrescente;Céu Claro;Dupla;Reta;Não;1;0;1;0;0;0;1;1;-26,76251533;-48,68649098;SPRF-SC;DEL03-SC;UOP02-DEL03-SC
719606;20/09/2025;sábado;05:35:00;MG;365;825;SANTA VITORIA;Reação tardia ou ineficiente do condutor;Saída de leito carroçável;Sem Vítimas;Amanhecer;Crescente;Céu Claro;Simples;Reta;Não;1;0;0;0;1;0;0;1;-18,88274;-50,1407;SPRF-MG;DEL15-MG;UOP03-DEL15-MG
719608;20/09/2025;sábado;10:00:00;GO;153;506;APARECIDA DE GOIANIA;Demais falhas mecânicas ou elétricas;Queda de ocupante de veículo;Com Vítimas Feridas;Pleno dia;Decrescente;Céu Claro;Dupla;Reta;Não;2;0;2;0;0;0;2;1;-16,75916;-49,240316;SPRF-GO;DEL01-GO;UOP01-DEL01-GO
719611;20/09/2025;sábado;10:00:00;BA;324;529;FEIRA DE SANTANA;Demais falhas na via;Queda de ocupante de veículo;Com Vítimas Feridas;Pleno dia;Decrescente;Céu Claro;Dupla;Reta;Sim;1;0;1;0;0;0;1;1;-12,3324333;-38,8580784;SPRF-BA;DEL01-BA;UOP03-DEL01-BA
719614;12/08/2025;terça-feira;06:40:00;GO;40;6;VALPARAISO DE GOIAS;Condutor deixou de manter distância do veículo da frente;Colisão traseira;Com Vítimas Feridas;Amanhecer;Decrescente;Ignorado;Dupla;"Aclive;Reta";Sim;2;0;1;0;1;0;1;2;-16,09332019;-47,98278809;SPRF-DF;DEL01-DF;UOP01-DEL01-DF
719617;20/09/2025;sábado;09:40:00;SP;116;134;SAO JOSE DOS CAMPOS;Condutor deixou de manter distância do veículo da frente;Engavetamento;Sem Vítimas;Pleno dia;Decrescente;Sol;Dupla;Reta;Não;4;0;0;0;4;0;0;4;-23,13915098;-45,75956438;SPRF-SP;DEL02-SP;UOP02-DEL02-SP
719618;20/09/2025;sábado;09:50:00;SC;470;36,8;GASPAR;Condutor deixou de manter distância do veículo da frente;Colisão traseira;Com Vítimas Feridas;Pleno dia;Decrescente;Céu Claro;Dupla;Reta;Não;3;0;1;0;2;0;1;2;-26,913273;-48,977699;SPRF-SC;DEL04-SC;UOP01-DEL04-SC
719619;20/09/2025;sábado;09:45:00;PE;104;36,1;CARUARU;Manobra de mudança de faixa;Colisão traseira;Sem Vítimas;Pleno dia;Decrescente;Céu Claro;Dupla;"Declive;Reta";Não;2;0;0;0;2;0;0;2;-8,0524333;-36,0489683;SPRF-PE;DEL02-PE;UOP01-DEL02-PE
719620;20/09/2025;sábado;00:54:00;PA;163;480;ITAITUBA;Animais na Pista;Saída de leito carroçável;Com Vítimas Feridas;Plena Noite;Decrescente;Céu Claro;Simples;Reta;Não;1;0;0;1;0;0;1;1;-5,6628;-55,7794;SPRF-PA;DEL05-PA;UOP03-DEL05-PA
719622;20/09/2025;sábado;08:30:00;MG;365;165;BURITIZEIRO;Condutor deixou de manter distância do veículo da frente;Colisão traseira;Sem Vítimas;Pleno dia;Crescente;Céu Claro;Simples;"Ponte;Reta";Não;3;0;0;0;2;1;0;3;-17,37106906;-44,94404789;SPRF-MG;DEL10-MG;UOP02-DEL010-MG
719623;20/09/2025;sábado;10:30:00;RJ;116;182;RIO DE JANEIRO;Trafegar com motocicleta (ou similar) entre as faixas;Colisão lateral mesmo sentido;Com Vítimas Feridas;Pleno dia;Crescente;Céu Claro;Dupla;Reta;Não;3;0;1;0;2;0;1;3;-22,80477318;-43,34525431;SPRF-RJ;DEL06-RJ;UOP01-DEL06-RJ
719625;20/09/2025;sábado;07:30:00;MS;163;654;RIO VERDE DE MATO GROSSO;Ausência de reação do condutor;Saída de leito carroçável;Com Vítimas Feridas;Pleno dia;Crescente;Céu Claro;Simples;Curva;Não;1;0;0;1;0;0;1;1;-19,113464;-54,756836;SPRF-MS;DEL06-MS;UOP02-DEL06-MS
719626;20/09/2025;sábado;11:15:00;RJ;116;275;BARRA MANSA;Ausência de reação do condutor;Colisão traseira;Com Vítimas Feridas;Pleno dia;Crescente;Céu Claro;Dupla;Curva;Sim;2;0;1;0;1;0;1;2;-22,561228;-44,155876;SPRF-RJ;DEL07-RJ;UOP02-DEL07-RJ
719628;20/09/2025;sábado;11:45:00;RJ;116;183;NOVA IGUACU;Ausência de reação do condutor;Colisão lateral mesmo sentido;Com Vítimas Feridas;Pleno dia;Crescente;Sol;Dupla;Reta;Não;2;0;1;0;1;0;1;2;-22,75163169;-43,43886316;SPRF-RJ;DEL06-RJ;UOP01-DEL06-RJ
719629;20/09/2025;sábado;10:50:00;PB;104;137,7;QUEIMADAS;Acessar a via sem observar a presença dos outros veículos;Colisão lateral sentido oposto;Com Vítimas Feridas;Pleno dia;Decrescente;Céu Claro;Simples;Reta;Sim;3;0;0;2;1;0;2;2;-7,3745397;-35,8985068;SPRF-PB;DEL02-PB;UOP03-DEL02-PB
719630;20/09/2025;sábado;11:30:00;SC;101;117;ITAJAI;Reação tardia ou ineficiente do condutor;Colisão traseira;Com Vítimas Feridas;Pleno dia;Decrescente;Céu Claro;Dupla;Declive;Sim;4;0;1;0;3;0;1;3;-26,885914;-48,723015;SPRF-SC;DEL04-SC;UOP04-DEL04-SC
719631;20/09/2025;sábado;11:48:00;ES;101;285,7;CARIACICA;Velocidade Incompatível;Colisão com objeto;Com Vítimas Feridas;Pleno dia;Crescente;Nublado;Dupla;Curva;Sim;4;0;2;0;2;0;2;1;-20,25761892;-40,37724458;SPRF-ES;DEL01-ES;UOP01-DEL01-ES
719634;20/09/2025;sábado;11:30:00;MG;40;790,6;JUIZ DE FORA;Manobra de mudança de faixa;Colisão lateral mesmo sentido;Com Vítimas Feridas;Pleno dia;Crescente;Céu Claro;Dupla;Curva;Não;2;0;0;1;1;0;1;2;-21,779219;-43,424872;SPRF-MG;DEL05-MG;UOP01-DEL05-MG
719636;20/09/2025;sábado;12:15:00;RS;470;152;NOVA PRATA;Ausência de reação do condutor;Colisão com objeto;Com Vítimas Feridas;Pleno dia;Crescente;Garoa/Chuvisco;Simples;Curva;Sim;1;0;1;0;0;0;1;1;-28,75746395;-51,62782431;SPRF-RS;DEL06-RS;UOP02-DEL06-RS
719637;20/09/2025;sábado;12:50:00;RJ;116;293;BARRA MANSA;Objeto estático sobre o leito carroçável;Colisão com objeto;Com Vítimas Feridas;Pleno dia;Crescente;Céu Claro;Dupla;Reta;Não;2;0;1;0;0;1;1;2;-22,47134833;-44,27799667;SPRF-RJ;DEL07-RJ;UOP02-DEL07-RJ
719638;20/09/2025;sábado;11:20:00;PA;308;150;CAPANEMA;Acessar a via sem observar a presença dos outros veículos;Colisão frontal;Com Vítimas Feridas;Pleno dia;Decrescente;Céu Claro;Simples;Reta;Sim;3;0;1;0;2;0;1;2;-1,211012;-47,183697;SPRF-PA;DEL01-PA;UOP03-DEL01-PA
719640;20/09/2025;sábado;13:00:00;MG;381;937;EXTREMA;Velocidade Incompatível;Queda de ocupante de veículo;Com Vítimas Feridas;Pleno dia;Crescente;Céu Claro;Dupla;Curva;Não;1;0;1;0;0;0;1;1;-22,812083;-46,286806;SPRF-MG;DEL16-MG;UOP03-DEL16-MG
719641;20/09/2025;sábado;10:00:00;SP;116;167;JACAREI;Ausência de reação do condutor;Queda de ocupante de veículo;Com Vítimas Feridas;Pleno dia;Decrescente;Céu Claro;Dupla;Reta;Não;1;0;1;0;0;0;1;1;-23,30333853;-46,02811448;SPRF-SP;DEL02-SP;UOP01-DEL02-SP
719642;20/09/2025;sábado;08:30:00;AP;210;0;MACAPA;Condutor deixou de manter distância do veículo da frente;Colisão lateral mesmo sentido;Com Vítimas Feridas;Pleno dia;Crescente;Sol;Dupla;Reta;Sim;2;0;1;0;1;0;1;2;0,07776258;-51,06377721;SPRF-AP;DEL01-AP;UOP01-DEL01-AP
719643;20/09/2025;sábado;11:00:00;PI;402;83,7;LUIS CORREIA;Acessar a via sem observar a presença dos outros veículos;Colisão transversal;Com Vítimas Fatais;Pleno dia;Crescente;Céu Claro;Simples;Reta;Sim;2;1;1;0;0;0;1;2;-3,05995334;-41,38549805;SPRF-PI;DEL05-PI;UOP01-DEL05-PI
719644;20/09/2025;sábado;14:05:00;PB;101;81;BAYEUX;Ausência de reação do condutor;Colisão traseira;Sem Vítimas;Pleno dia;Decrescente;Céu Claro;Dupla;"Reta;Declive";Sim;4;0;0;0;4;0;0;2;-7,12808;-34,938845;SPRF-PB;DEL01-PB;UOP01-DEL01-PB
719646;20/09/2025;sábado;10:00:00;RO;364;734;PORTO VELHO;Acessar a via sem observar a presença dos outros veículos;Colisão transversal;Com Vítimas Feridas;Pleno dia;Crescente;Céu Claro;Simples;Reta;Não;4;0;3;1;0;0;4;2;-8,93813717;-63,97608697;SPRF-RO;DEL01-RO;UOP02-DEL01-RO
719648;20/09/2025;sábado;12:30:00;PR;369;63,1;SANTA MARIANA;Frear bruscamente;Capotamento;Com Vítimas Feridas;Pleno dia;Crescente;Céu Claro;Simples;Reta;Não;2;0;1;0;1;0;1;2;-23,14752041;-50,55276744;SPRF-PR;DEL07-PR;UOP05-DEL07-PR
719649;13/08/2025;quarta-feira;19:00:00;SP;116;154;SAO JOSE DOS CAMPOS;Objeto estático sobre o leito carroçável;Colisão com objeto;Com Vítimas Feridas;Plena Noite;Decrescente;Ignorado;Dupla;Reta;Sim;1;0;1;0;0;0;1;1;-23,23953218;-45,9210813;SPRF-SP;DEL02-SP;UOP01-DEL02-SP
719651;20/09/2025;sábado;12:20:00;ES;101;125,7;SOORETAMA;Transitar na contramão;Colisão transversal;Com Vítimas Feridas;Pleno dia;Decrescente;Céu Claro;Múltipla;Reta;Sim;2;0;1;0;1;0;1;2;-19,19185587;-40,09501876;SPRF-ES;DEL04-ES;UOP01-DEL04-ES
719652;20/09/2025;sábado;11:40:00;RJ;101;302;SAO GONCALO;Condutor deixou de manter distância do veículo da frente;Colisão traseira;Sem Vítimas;Pleno dia;Decrescente;Céu Claro;Dupla;Reta;Não;2;0;0;0;2;0;0;2;-22,78107808;-42,96851635;SPRF-RJ;DEL02-RJ;UOP02-DEL02-RJ
719654;20/09/2025;sábado;13:45:00;GO;60;64,9;ABADIANIA;Reação tardia ou ineficiente do condutor;Saída de leito carroçável;Com Vítimas Feridas;Pleno dia;Crescente;Céu Claro;Dupla;Reta;Não;1;0;1;0;0;0;1;1;-16,204634;-48,740486;SPRF-GO;DEL02-GO;UOP01-DEL02-GO
719656;28/05/2025;quarta-feira;20:52:00;PI;343;307;ALTOS;Acessar a via sem observar a presença dos outros veículos;Colisão transversal;Com Vítimas Feridas;Plena Noite;Decrescente;Céu Claro;Simples;Interseção de Vias;Sim;3;0;0;1;0;2;1;3;-5,0397586;-42,45995376;SPRF-PI;DEL01-PI;UOP01-DEL01-PI
719658;20/09/2025;sábado;14:45:00;SP;381;43;ATIBAIA;Manobra de mudança de faixa;Colisão lateral mesmo sentido;Com Vítimas Feridas;Pleno dia;Crescente;Céu Claro;Múltipla;Reta;Não;4;0;1;0;3;0;1;3;-23,16014034;-46,57355724;SPRF-SP;DEL03-SP;UOP01-DEL03-SP
719660;20/09/2025;sábado;14:20:00;SP;116;277;EMBU DAS ARTES;Demais falhas mecânicas ou elétricas;Queda de ocupante de veículo;Com Vítimas Feridas;Pleno dia;Decrescente;Céu Claro;Dupla;Reta;Sim;1;0;1;0;0;0;1;1;-23,64012111;-46,83574677;SPRF-SP;DEL04-SP;UOP01-DEL04-SP
719661;20/09/2025;sábado;15:00:00;SP;116;145,3;SAO JOSE DOS CAMPOS;Reação tardia ou ineficiente do condutor;Colisão traseira;Com Vítimas Feridas;Pleno dia;Crescente;Sol;Dupla;Reta;Sim;3;0;1;0;2;0;1;2;-23,18728876;-45,85553885;SPRF-SP;DEL02-SP;UOP01-DEL02-SP
719662;20/09/2025;sábado;15:00:00;SP;116;145;SAO JOSE DOS CAMPOS;Ausência de reação do condutor;Colisão traseira;Com Vítimas Feridas;Pleno dia;Decrescente;Céu Claro;Dupla;Reta;Sim;2;0;1;0;1;0;1;2;-23,19308596;-45,86697428;SPRF-SP;DEL02-SP;UOP01-DEL02-SP
719663;20/09/2025;sábado;15:00:00;RJ;393;141;SAPUCAIA;Acessar a via sem observar a presença dos outros veículos;Colisão lateral mesmo sentido;Com Vítimas Feridas;Pleno dia;Decrescente;Céu Claro;Simples;"Reta;Aclive";Sim;2;0;0;1;1;0;1;2;-22,01627039;-42,95722961;SPRF-RJ;DEL05-RJ;UOP01-DEL05-RJ
719664;20/09/2025;sábado;14:55:00;PE;101;48;ABREU E LIMA;Reação tardia ou ineficiente do condutor;Colisão lateral mesmo sentido;Com Vítimas Feridas;Pleno dia;Decrescente;Céu Claro;Múltipla;Reta;Sim;4;0;2;0;2;0;2;3;-7,895914;-34,902728;SPRF-PE;DEL01-PE;UOP02-DEL01-PE
719665;20/09/2025;sábado;12:35:00;SP;116;220;GUARULHOS;Manobra de mudança de faixa;Colisão lateral mesmo sentido;Com Vítimas Feridas;Pleno dia;Decrescente;Céu Claro;Múltipla;Reta;Sim;3;0;0;1;2;0;1;2;-23,46695122;-46,50374746;SPRF-SP;DEL01-SP;UOP01-DEL01-SP
719666;19/09/2025;sexta-feira;18:28:00;SC;480;125,7;CHAPECO;Transitar na contramão;Colisão transversal;Sem Vítimas;Pleno dia;Crescente;Céu Claro;Simples;Interseção de Vias;Não;3;0;0;0;3;0;0;2;-27,00815502;-52,6418159;SPRF-SC;DEL07-SC;UOP01-DEL07-SC
719669;20/09/2025;sábado;13:20:00;MG;40;506;RIBEIRAO DAS NEVES;Estacionar ou parar em local proibido;Colisão traseira;Sem Vítimas;Pleno dia;Crescente;Céu Claro;Dupla;"Reta;Em Obras";Sim;2;0;0;0;2;0;0;2;-19,750245;-44,145393;SPRF-MG;DEL02-MG;UOP01-DEL02-MG
719670;20/09/2025;sábado;15:15:00;PR;277;78;CURITIBA;Avarias e/ou desgaste excessivo no pneu;Queda de ocupante de veículo;Com Vítimas Feridas;Pleno dia;Crescente;Sol;Dupla;Reta;Sim;1;0;1;0;0;0;1;1;-25,48323559;-49,19116892;SPRF-PR;DEL01-PR;UOP07-DEL01-PR
719671;20/09/2025;sábado;15:45:00;RS;116;520;PELOTAS;Avarias e/ou desgaste excessivo no pneu;Tombamento;Com Vítimas Feridas;Pleno dia;Decrescente;Garoa/Chuvisco;Dupla;Reta;Não;2;0;2;0;0;0;2;1;-31,69884817;-52,35928282;SPRF-RS;DEL07-RS;UOP01-DEL07-RS
719672;20/09/2025;sábado;14:30:00;BA;116;467;SANTO ESTEVAO;Velocidade Incompatível;Colisão traseira;Com Vítimas Feridas;Pleno dia;Decrescente;Céu Claro;Dupla;Reta;Não;3;0;1;1;1;0;2;2;-12,47594108;-39,30214906;SPRF-BA;DEL02-BA;UOP01-DEL02-BA
719673;20/09/2025;sábado;15:30:00;BA;116;421;FEIRA DE SANTANA;Entrada inopinada do pedestre;Atropelamento de Pedestre;Com Vítimas Fatais;Pleno dia;Decrescente;Nublado;Dupla;Reta;Sim;2;1;0;0;1;0;0;2;-12,22675;-38,96473;SPRF-BA;DEL02-BA;UOP01-DEL02-BA
719674;20/09/2025;sábado;14:30:00;RS;471;504;RIO GRANDE;Condutor Dormindo;Saída de leito carroçável;Com Vítimas Feridas;Pleno dia;Crescente;Nublado;Simples;Reta;Não;2;0;2;0;0;0;2;1;-32,139835;-52,37447619;SPRF-RS;DEL07-RS;UOP02-DEL07-RS
719675;20/09/2025;sábado;15:20:00;MG;381;434;SABARA;Condutor deixou de manter distância do veículo da frente;Colisão traseira;Com Vítimas Feridas;Pleno dia;Crescente;Sol;Simples;"Aclive;Curva";Não;3;0;2;0;1;0;2;2;-19,80931588;-43,76920938;SPRF-MG;DEL01-MG;UOP01-DEL01-MG
719676;20/09/2025;sábado;13:20:00;PE;316;30,2;ARARIPINA;Acessar a via sem observar a presença dos outros veículos;Colisão transversal;Com Vítimas Feridas;Pleno dia;Decrescente;Céu Claro;Simples;Reta;Sim;2;0;1;0;1;0;1;2;-7,621413;-40,471288;SPRF-PE;DEL05-PE;UOP02-DEL05-PE
719677;01/09/2025;segunda-feira;08:15:00;BA;324;614;SALVADOR;Trafegar com motocicleta (ou similar) entre as faixas;Colisão lateral mesmo sentido;Com Vítimas Feridas;Pleno dia;Decrescente;Ignorado;Múltipla;Reta;Sim;2;0;1;0;1;0;1;2;-12,87551824;-38,42935234;SPRF-BA;DEL01-BA;UOP01-DEL01-BA
719678;20/09/2025;sábado;15:30:00;RJ;101;65;CAMPOS DOS GOYTACAZES;Ultrapassagem Indevida;Colisão transversal;Com Vítimas Feridas;Pleno dia;Decrescente;Céu Claro;Simples;Curva;Não;2;0;1;0;1;0;1;2;-21,74908605;-41,33632461;SPRF-RJ;DEL08-RJ;UOP02-DEL08-RJ
719679;20/09/2025;sábado;14:45:00;MT;163;717;SORRISO;Pista Escorregadia;Saída de leito carroçável;Com Vítimas Feridas;Pleno dia;Crescente;Chuva;Simples;Reta;Não;1;0;0;1;0;0;1;1;-12,828833;-55,824677;SPRF-MT;DEL06-MT;UOP01-DEL06-MT
719680;20/09/2025;sábado;14:45:00;MG;40;618,4;CONGONHAS;Ausência de reação do condutor;Colisão traseira;Sem Vítimas;Pleno dia;Decrescente;Céu Claro;Simples;Reta;Não;2;0;0;0;2;0;0;2;-20,571924;-43,812216;SPRF-MG;DEL05-MG;UOP02-DEL05-MG
719681;20/09/2025;sábado;16:05:00;MG;40;464,3;SETE LAGOAS;Acumulo de água sobre o pavimento;Saída de leito carroçável;Com Vítimas Feridas;Pleno dia;Crescente;Chuva;Dupla;"Reta;Aclive";Não;2;0;2;0;0;0;2;1;-19,433418;-44,335378;SPRF-MG;DEL02-MG;UOP01-DEL02-MG
719683;20/09/2025;sábado;15:30:00;PR;163;227,1;CASCAVEL;Reação tardia ou ineficiente do condutor;Saída de leito carroçável;Com Vítimas Feridas;Pleno dia;Decrescente;Céu Claro;Dupla;Reta;Sim;1;0;1;0;0;0;1;1;-24,8241078;-53,649389;SPRF-PR;DEL04-PR;UOP01-DEL04-PR
719684;03/09/2025;quarta-feira;04:30:00;BA;101;170;FEIRA DE SANTANA;Animais na Pista;Atropelamento de Animal;Sem Vítimas;Plena Noite;Decrescente;Céu Claro;Simples;"Reta;Aclive";Não;1;0;0;0;1;0;0;1;-12,35911213;-38,86266294;SPRF-BA;DEL01-BA;UOP03-DEL01-BA
719685;20/09/2025;sábado;16:52:00;SP;116;230;SAO PAULO;Ausência de reação do condutor;Colisão traseira;Com Vítimas Feridas;Pleno dia;Crescente;Céu Claro;Múltipla;Reta;Sim;2;0;1;0;1;0;1;2;-23,52089577;-46,58455443;SPRF-SP;DEL01-SP;UOP01-DEL01-SP
719687;20/09/2025;sábado;16:00:00;RJ;116;219;PARACAMBI;Ausência de reação do condutor;Colisão com objeto;Com Vítimas Feridas;Pleno dia;Crescente;Céu Claro;Dupla;Curva;Não;2;0;1;1;0;0;2;1;-22,69314055;-43,77431631;SPRF-RJ;DEL06-RJ;UOP02-DEL06-RJ
719688;20/09/2025;sábado;15:00:00;RR;174;468;BOA VISTA;Carga excessiva e/ou mal acondicionada;Saída de leito carroçável;Com Vítimas Feridas;Pleno dia;Decrescente;Céu Claro;Simples;Reta;Não;2;0;1;0;1;0;1;2;2,604163;-60,877002;SPRF-RR;DEL01-RR;UOP01-DEL01-RR
719689;20/09/2025;sábado;16:50:00;PB;101;83,9;BAYEUX;Ingestão de álcool pelo condutor;Colisão com objeto;Sem Vítimas;Anoitecer;Decrescente;Céu Claro;Dupla;Reta;Sim;1;0;0;0;0;1;0;1;-7,139678;-34,922885;SPRF-PB;DEL01-PB;UOP01-DEL01-PB
719692;20/09/2025;sábado;16:40:00;MA;135;6;SAO LUIS;Transitar na contramão;Colisão frontal;Com Vítimas Feridas;Pleno dia;Crescente;Céu Claro;Múltipla;Reta;Não;2;0;1;0;0;1;1;2;-2,63820554;-44,26671783;SPRF-MA;DEL01-MA;UOP01-DEL01-MA
719693;20/09/2025;sábado;16:00:00;RJ;356;19;ITAPERUNA;Ausência de reação do condutor;Colisão com objeto;Com Vítimas Feridas;Pleno dia;Crescente;Céu Claro;Simples;Reta;Não;2;0;1;0;1;0;1;1;-21,17722589;-42,02038614;SPRF-RJ;DEL08-RJ;UOP03-DEL08-RJ
719694;20/09/2025;sábado;16:40:00;PR;469;2;FOZ DO IGUACU;Sinalização mal posicionada;Colisão transversal;Com Vítimas Feridas;Pleno dia;Crescente;Céu Claro;Dupla;"Interseção de Vias;Em Obras";Não;3;0;2;0;1;0;2;2;-25,57640876;-54,55308823;SPRF-PR;DEL05-PR;UOP04-DEL05-PR
719695;20/09/2025;sábado;16:00:00;SC;280;37,5;ARAQUARI;Acessar a via sem observar a presença dos outros veículos;Colisão transversal;Com Vítimas Feridas;Pleno dia;Decrescente;Céu Claro;Simples;"Reta;Em Obras";Não;4;0;2;0;2;0;2;2;-26,44798205;-48,82478714;SPRF-SC;DEL03-SC;UOP03-DEL03-SC
719696;20/09/2025;sábado;16:50:00;MG;381;431,7;SABARA;Reação tardia ou ineficiente do condutor;Tombamento;Com Vítimas Feridas;Pleno dia;Crescente;Céu Claro;Simples;Curva;Não;2;0;2;0;0;0;2;1;-19,80308;-43,76229;SPRF-MG;DEL01-MG;UOP01-DEL01-MG
719697;20/09/2025;sábado;16:30:00;SP;116;113;TAUBATE;Reação tardia ou ineficiente do condutor;Colisão traseira;Com Vítimas Feridas;Pleno dia;Decrescente;Céu Claro;Dupla;Reta;Sim;3;0;2;0;0;1;2;2;-23,04605278;-45,58899945;SPRF-SP;DEL02-SP;UOP02-DEL02-SP
719699;20/09/2025;sábado;16:40:00;CE;20;397,7;CAUCAIA;Ausência de reação do condutor;Saída de leito carroçável;Sem Vítimas;Pleno dia;Crescente;Céu Claro;Simples;Reta;Não;1;0;0;0;0;1;0;1;-3,811225;-38,732167;SPRF-CE;DEL01-CE;UOP01-DEL01-CE
719700;30/08/2025;sábado;15:05:00;BA;415;57;ITABUNA;Ausência de reação do condutor;Saída de leito carroçável;Com Vítimas Feridas;Pleno dia;Decrescente;Céu Claro;Simples;Curva;Não;2;0;1;1;0;0;2;1;-14,851068;-39,378282;SPRF-BA;DEL05-BA;UOP01-DEL05-BA
719701;20/09/2025;sábado;14:40:00;SC;280;27;ARAQUARI;Trafegar com motocicleta (ou similar) entre as faixas;Colisão transversal;Com Vítimas Feridas;Pleno dia;Crescente;Céu Claro;Simples;"Reta;Interseção de Vias;Em Obras";Sim;3;0;2;0;1;0;2;2;-26,38521533;-48,72881636;SPRF-SC;DEL03-SC;UOP03-DEL03-SC
719703;20/09/2025;sábado;17:50:00;GO;153;515;HIDROLANDIA;Acumulo de óleo sobre o pavimento;Queda de ocupante de veículo;Com Vítimas Feridas;Anoitecer;Decrescente;Céu Claro;Dupla;Reta;Não;1;0;1;0;0;0;1;1;-16,89117109;-49,25469971;SPRF-GO;DEL01-GO;UOP03-DEL01-GO
719704;20/09/2025;sábado;18:10:00;BA;110;174;RIBEIRA DO POMBAL;Transitar na contramão;Colisão frontal;Com Vítimas Feridas;Plena Noite;Crescente;Céu Claro;Simples;Reta;Sim;3;0;0;1;2;0;1;2;-10,82016527;-38,53098392;SPRF-BA;DEL07-BA;UOP02-DEL07-BA
719705;20/09/2025;sábado;17:25:00;RS;290;91;PORTO ALEGRE;Acumulo de água sobre o pavimento;Colisão com objeto;Sem Vítimas;Anoitecer;Decrescente;Chuva;Dupla;"Viaduto;Curva";Sim;1;0;0;0;0;1;0;1;-29,97307431;-51,17506333;SPRF-RS;DEL01-RS;UOP01-DEL01-RS
719706;20/09/2025;sábado;17:10:00;PR;153;18,3;JACAREZINHO;Manobra de mudança de faixa;Colisão lateral mesmo sentido;Com Vítimas Feridas;Pleno dia;Crescente;Céu Claro;Simples;"Curva;Declive";Sim;2;0;0;1;1;0;1;2;-23,149274;-49,953;SPRF-PR;DEL07-PR;UOP04-DEL07-PR
719707;20/09/2025;sábado;16:15:00;RJ;393;282,9;VOLTA REDONDA;Ultrapassagem Indevida;Colisão lateral mesmo sentido;Com Vítimas Feridas;Pleno dia;Decrescente;Céu Claro;Simples;"Declive;Reta";Sim;3;0;2;0;1;0;2;2;-22,48771;-44,06326;SPRF-RJ;DEL05-RJ;UOP04-DEL05-RJ
719714;20/09/2025;sábado;17:20:00;SC;470;55,8;BLUMENAU;Retorno proibido;Colisão lateral mesmo sentido;Com Vítimas Feridas;Pleno dia;Decrescente;Céu Claro;Simples;"Em Obras;Reta";Sim;2;0;1;0;0;1;1;2;-26,87911872;-49,12180122;SPRF-SC;DEL04-SC;UOP01-DEL04-SC
719715;20/09/2025;sábado;17:00:00;MG;267;29;ARGIRITA;Condutor Dormindo;Saída de leito carroçável;Com Vítimas Feridas;Anoitecer;Decrescente;Céu Claro;Simples;"Reta;Declive";Não;1;0;1;0;0;0;1;1;-21,64693984;-42,8488555;SPRF-MG;DEL07-MG;UOP01-DEL07-MG
719716;20/09/2025;sábado;16:00:00;GO;60;374;RIO VERDE;Ingestão de álcool pelo condutor;Colisão com objeto;Com Vítimas Feridas;Pleno dia;Decrescente;Chuva;Dupla;"Retorno Regulamentado;Reta";Não;1;0;1;0;0;0;1;1;-17,739833;-50,872983;SPRF-GO;DEL04-GO;UOP02-DEL04-GO
719717;20/09/2025;sábado;14:00:00;MG;116;117;ITAOBIM;Acessar a via sem observar a presença dos outros veículos;Colisão transversal;Com Vítimas Feridas;Pleno dia;Crescente;Céu Claro;Simples;"Reta;Interseção de Vias";Sim;4;0;1;0;3;0;1;2;-16,576695;-41,503691;SPRF-MG;DEL11-MG;UOP02-DEL11-MG