id;data_inversa;dia_semana;horario;uf;br;km;municipio;causa_acidente;tipo_acidente;classificacao_acidente;fase_dia;sentido_via;condicao_metereologica;tipo_pista;tracado_via;uso_solo;pessoas;mortos;feridos_leves;feridos_graves;ilesos;ignorados;feridos;veiculos;latitude;longitude;regional;delegacia;uop
720074;21/09/2025;domingo;22:00:00;PR;376;597;CURITIBA;Demais falhas mecânicas ou elétricas;Tombamento;Com Vítimas Feridas;Plena Noite;Crescente;Nublado;Dupla;Reta;Sim;2;0;2;0;0;0;2;1;-25,4852663;-49,3479735;SPRF-PR;DEL01-PR;UOP03-DEL01-PR
720076;21/09/2025;domingo;18:00:00;RJ;465;19;SEROPEDICA;Ausência de reação do condutor;Atropelamento de Pedestre;Com Vítimas Feridas;Plena Noite;Crescente;Céu Claro;Simples;Reta;Sim;2;0;1;0;0;1;1;2;-22,807578;-43,635035;SPRF-RJ;DEL06-RJ;UOP02-DEL06-RJ
720077;21/09/2025;domingo;16:55:00;PR;376;297;MAUA DA SERRA;Chuva;Saída de leito carroçável;Com Vítimas Feridas;Pleno dia;Decrescente;Chuva;Dupla;Curva;Não;3;0;1;0;2;0;1;1;-23,9369276;-51,1664906;SPRF-PR;DEL07-PR;UOP02-DEL07-PR
720078;21/09/2025;domingo;21:20:00;SC;282;591,1;SAUDADES;Reação tardia ou ineficiente do condutor;Queda de ocupante de veículo;Com Vítimas Feridas;Plena Noite;Crescente;Ignorado;Simples;Reta;Não;1;0;0;1;0;0;1;1;-26,82680722;-53,0831708;SPRF-SC;DEL07-SC;UOP02-DEL07-SC
720079;21/09/2025;domingo;21:53:00;RN;406;154,7;CEARA-MIRIM;Demais falhas mecânicas ou elétricas;Tombamento;Com Vítimas Feridas;Plena Noite;Decrescente;Céu Claro;Simples;Reta;Não;2;0;1;0;1;0;1;1;-5,67319218;-35,4037106;SPRF-RN;DEL02-RN;UOP01-DEL02-RN
720080;21/09/2025;domingo;22:10:00;RJ;116;208;SEROPEDICA;Ausência de reação do condutor;Colisão com objeto;Sem Vítimas;Plena Noite;Decrescente;Céu Claro;Dupla;Reta;Não;2;0;0;0;1;1;0;2;-22,71947727;-43,73166919;SPRF-RJ;DEL06-RJ;UOP02-DEL06-RJ
720081;21/09/2025;domingo;22:00:00;SC;101;354,9;SANGAO;Ausência de reação do condutor;Tombamento;Com Vítimas Feridas;Plena Noite;Decrescente;Céu Claro;Dupla;"Reta;Aclive";Não;1;0;1;0;0;0;1;1;-28,62832081;-49,08503652;SPRF-SC;DEL02-SC;UOP01-DEL02-SC
720082;21/09/2025;domingo;22:15:00;SC;280;56;GUARAMIRIM;Velocidade Incompatível;Colisão com objeto;Com Vítimas Feridas;Plena Noite;Crescente;Nublado;Simples;Reta;Não;4;0;3;1;0;0;4;1;-26,49530815;-49,00231238;SPRF-SC;DEL03-SC;UOP03-DEL03-SC
720083;21/09/2025;domingo;23:00:00;SC;470;147;RIO DO SUL;Conversão proibida;Colisão transversal;Com Vítimas Feridas;Plena Noite;Decrescente;Chuva;Simples;Reta;Não;2;0;0;1;1;0;1;2;-27,24207041;-49,6877906;SPRF-SC;DEL04-SC;UOP02-DEL04-SC
720084;21/09/2025;domingo;21:35:00;MT;174;288;PONTES E LACERDA;Ingestão de álcool pelo condutor;Saída de leito carroçável;Com Vítimas Feridas;Plena Noite;Decrescente;Céu Claro;Simples;Reta;Sim;1;0;0;1;0;0;1;1;-15,24537251;-59,31325346;SPRF-MT;DEL04-MT;UOP01-DEL04-MT
720085;21/09/2025;domingo;18:30:00;MT;174;280;PONTES E LACERDA;Acessar a via sem observar a presença dos outros veículos;Colisão traseira;Com Vítimas Fatais;Anoitecer;Crescente;Céu Claro;Simples;"Declive;Reta";Não;2;1;0;1;0;0;1;2;-15,2604238;-59,30389702;SPRF-MT;DEL04-MT;UOP01-DEL04-MT
720086;21/09/2025;domingo;23:30:00;PE;232;54;POMBOS;Demais falhas mecânicas ou elétricas;Incêndio;Sem Vítimas;Plena Noite;Crescente;Céu Claro;Dupla;Reta;Não;1;0;0;0;1;0;0;1;-8,14326905;-35,38657665;SPRF-PE;DEL02-PE;UOP02-DEL02PE
720088;21/09/2025;domingo;23:15:00;RJ;116;141;DUQUE DE CAXIAS;Reação tardia ou ineficiente do condutor;Atropelamento de Animal;Com Vítimas Feridas;Plena Noite;Decrescente;Céu Claro;Dupla;Declive;Sim;1;0;1;0;0;0;1;1;-22,64719477;-43,21971808;SPRF-RJ;DEL01-RJ;UOP02-DEL01-RJ
720089;21/09/2025;domingo;22:00:00;GO;70;11;AGUAS LINDAS DE GOIAS;Ausência de reação do condutor;Capotamento;Sem Vítimas;Plena Noite;Crescente;Céu Claro;Dupla;"Reta;Declive";Sim;1;0;0;0;0;1;0;1;-15,739787;-48,306082;SPRF-DF;DEL03-DF;UOP02-DEL03-DF
720090;21/09/2025;domingo;23:00:00;MG;116;558,8;MANHUACU;Ausência de reação do condutor;Saída de leito carroçável;Com Vítimas Feridas;Plena Noite;Crescente;Céu Claro;Simples;"Curva;Declive";Não;2;0;0;2;0;0;2;1;-20,031464;-42,174191;SPRF-MG;DEL06-MG;UOP03-DEL06-MG
720091;21/09/2025;domingo;20:00:00;RJ;40;124;RIO DE JANEIRO;Reação tardia ou ineficiente do condutor;Tombamento;Com Vítimas Feridas;Plena Noite;Decrescente;Céu Claro;Simples;Curva;Sim;1;0;1;0;0;0;1;1;-22,81396913;-43,28770492;SPRF-RJ;DEL01-RJ;UOP02-DEL01-RJ
720092;22/09/2025;segunda-feira;00:35:00;RS;290;25;SANTO ANTONIO DA PATRULHA;Ausência de reação do condutor;Saída de leito carroçável;Com Vítimas Feridas;Plena Noite;Crescente;Céu Claro;Dupla;Reta;Não;1;0;1;0;0;0;1;1;-29,88075775;-50,51408261;SPRF-RS;DEL03-RS;UOP01-DEL03-RS
720094;22/09/2025;segunda-feira;00:00:00;MG;262;784;UBERABA;Reação tardia ou ineficiente do condutor;Tombamento;Com Vítimas Feridas;Plena Noite;Crescente;Céu Claro;Dupla;"Aclive;Reta";Não;1;0;1;0;0;0;1;1;-19,76908083;-47,89675204;SPRF-MG;DEL13-MG;UOP01-DEL13-MG
720096;22/09/2025;segunda-feira;00:00:00;PR;163;161,9;LINDOESTE;Chuva;Saída de leito carroçável;Com Vítimas Feridas;Plena Noite;Decrescente;Chuva;Dupla;Declive;Não;1;0;0;1;0;0;1;1;-25,30676011;-53,57933789;SPRF-PR;DEL05-PR;UOP05-DEL05-PR
720098;21/09/2025;domingo;23:50:00;MG;40;36;PARACATU;Ausência de reação do condutor;Saída de leito carroçável;Com Vítimas Feridas;Plena Noite;Decrescente;Garoa/Chuvisco;Simples;Reta;Não;3;0;2;0;1;0;2;1;-17,193402;-46,915813;SPRF-MG;DEL14-MG;UOP01-DEL14-MG
720100;22/09/2025;segunda-feira;01:30:00;PR;376;151;PRESIDENTE CASTELO BRANCO;Ausência de reação do condutor;Saída de leito carroçável;Com Vítimas Feridas;Plena Noite;Crescente;Nublado;Dupla;Curva;Sim;1;0;0;1;0;0;1;1;-23,2929635;-52,12703705;SPRF-PR;DEL09-PR;UOP02-DEL09-PR
720102;22/09/2025;segunda-feira;01:00:00;PR;376;630,5;SAO JOSE DOS PINHAIS;Reação tardia ou ineficiente do condutor;Saída de leito carroçável;Com Vítimas Feridas;Plena Noite;Decrescente;Garoa/Chuvisco;Múltipla;Reta;Sim;3;0;2;0;1;0;2;1;-25,7017587;-49,14248642;SPRF-PR;DEL01-PR;UOP04-DEL01-PR
720103;21/09/2025;domingo;16:35:00;MT;163;959;NOVA SANTA HELENA;Acesso irregular;Colisão transversal;Com Vítimas Feridas;Pleno dia;Decrescente;Céu Claro;Simples;Reta;Não;2;0;1;0;1;0;1;2;-10,81769;-55,17464333;SPRF-MT;DEL06-MT;UOP02-DEL06-MT
720105;22/09/2025;segunda-feira;00:30:00;MS;60;426;SIDROLANDIA;Pedestre cruzava a pista fora da faixa;Atropelamento de Pedestre;Com Vítimas Feridas;Plena Noite;Crescente;Céu Claro;Dupla;Reta;Sim;2;0;0;1;1;0;1;2;-20,94032754;-54,96459659;SPRF-MS;DEL01-MS;UOP04-DEL01-MS
720106;21/09/2025;domingo;20:40:00;MS;163;257;DOURADOS;Transitar na contramão;Colisão frontal;Com Vítimas Feridas;Plena Noite;Decrescente;Céu Claro;Simples;"Reta;Declive";Sim;2;0;2;0;0;0;2;2;-22,25913293;-54,80229378;SPRF-MS;DEL04-MS;UOP01-DEL04-MS
720107;22/09/2025;segunda-feira;02:00:00;RJ;116;211;SEROPEDICA;Ausência de reação do condutor;Colisão com objeto;Com Vítimas Feridas;Plena Noite;Decrescente;Céu Claro;Dupla;"Declive;Curva";Não;2;0;1;0;1;0;1;1;-22,718492;-43,702272;SPRF-RJ;DEL06-RJ;UOP02-DEL06-RJ
720108;01/06/2025;domingo;10:00:00;RS;116;235,5;NOVO HAMBURGO;Trafegar com motocicleta (ou similar) entre as faixas;Colisão lateral mesmo sentido;Com Vítimas Feridas;Pleno dia;Decrescente;Sol;Dupla;Reta;Sim;3;0;0;2;1;0;2;2;-29,65989024;-51,14396322;SPRF-RS;DEL01-RS;UOP02-DEL01-RS
720109;22/09/2025;segunda-feira;03:35:00;SC;101;148,1;ITAPEMA;Demais falhas mecânicas ou elétricas;Colisão traseira;Com Vítimas Feridas;Plena Noite;Crescente;Nublado;Múltipla;Reta;Sim;3;0;2;0;1;0;2;3;-27,10045111;-48,61835535;SPRF-SC;DEL04-SC;UOP03-DEL04-SC
720112;21/09/2025;domingo;23:00:00;BA;30;730;MARAU;Ausência de reação do condutor;Colisão com objeto;Com Vítimas Fatais;Plena Noite;Crescente;Céu Claro;Simples;Reta;Não;1;1;0;0;0;0;0;1;-13,982304;-38,950141;SPRF-BA;DEL05-BA;UOP01-DEL05-BA
720113;22/09/2025;segunda-feira;04:30:00;PI;316;215;VALENCA DO PIAUI;Transitar no Acostamento;Atropelamento de Pedestre;Com Vítimas Feridas;Amanhecer;Decrescente;Nublado;Simples;Reta;Não;2;0;0;1;0;1;1;2;-6,3876139;-41,7593934;SPRF-PI;DEL04-PI;UOP02-DEL04-PI
720114;21/09/2025;domingo;13:00:00;PR;163;142,9;CAPITAO LEONIDAS MARQUES;Ausência de reação do condutor;Saída de leito carroçável;Sem Vítimas;Pleno dia;Decrescente;Chuva;Dupla;Curva;Não;1;0;0;0;1;0;0;1;-25,45581934;-53,58283717;SPRF-PR;DEL05-PR;UOP05-DEL05-PR
720115;21/09/2025;domingo;19:30:00;PR;163;164;LINDOESTE;Ausência de reação do condutor;Colisão traseira;Sem Vítimas;Plena Noite;Crescente;Chuva;Dupla;Reta;Não;2;0;0;0;2;0;0;2;-25,26163802;-53,57553038;SPRF-PR;DEL05-PR;UOP05-DEL05-PR
720118;22/09/2025;segunda-feira;06:20:00;PR;469;1;FOZ DO IGUACU;Acumulo de água sobre o pavimento;Saída de leito carroçável;Com Vítimas Feridas;Amanhecer;Crescente;Chuva;Simples;"Rotatória;Interseção de Vias";Sim;3;0;1;0;2;0;1;1;-25,57716923;-54,5554018;SPRF-PR;DEL05-PR;UOP04-DEL05-PR
720122;22/09/2025;segunda-feira;06:40:00;MG;365;685;MONTE ALEGRE DE MINAS;Ausência de reação do condutor;Colisão com objeto;Com Vítimas Feridas;Pleno dia;Crescente;Céu Claro;Dupla;"Reta;Aclive";Sim;1;0;1;0;0;0;1;1;-18,86073;-48,86217;SPRF-MG;DEL15-MG;UOP01-DEL15-MG
720124;22/09/2025;segunda-feira;06:24:00;SP;116;213;GUARULHOS;Reação tardia ou ineficiente do condutor;Colisão com objeto;Com Vítimas Feridas;Pleno dia;Crescente;Garoa/Chuvisco;Dupla;Reta;Sim;1;0;1;0;0;0;1;1;-23,44088972;-46,4405818;SPRF-SP;DEL01-SP;UOP01-DEL01-SP
720125;22/09/2025;segunda-feira;06:50:00;RJ;116;181;NOVA IGUACU;Manobra de mudança de faixa;Colisão lateral mesmo sentido;Com Vítimas Feridas;Pleno dia;Decrescente;Céu Claro;Múltipla;Reta;Sim;3;0;2;0;1;0;2;2;-22,762721;-43,4214245;SPRF-RJ;DEL06-RJ;UOP01-DEL06-RJ
720126;22/09/2025;segunda-feira;07:00:00;SP;116;165;JACAREI;Manobra de mudança de faixa;Colisão transversal;Com Vítimas Feridas;Pleno dia;Decrescente;Chuva;Dupla;Reta;Não;2;0;1;0;1;0;1;2;-23,2966731;-46,0067698;SPRF-SP;DEL02-SP;UOP01-DEL02-SP
720128;22/09/2025;segunda-feira;06:05:00;PE;104;63,5;CARUARU;Manobra de mudança de faixa;Colisão lateral mesmo sentido;Com Vítimas Feridas;Pleno dia;Crescente;Céu Claro;Dupla;"Reta;Aclive";Sim;3;0;1;0;2;0;1;3;-8,26627;-35,97747;SPRF-PE;DEL02-PE;UOP01-DEL02-PE
720129;22/09/2025;segunda-feira;06:00:00;MS;163;258;DOURADOS;Chuva;Saída de leito carroçável;Com Vítimas Feridas;Amanhecer;Crescente;Chuva;Dupla;Curva;Sim;2;0;1;0;1;0;1;1;-22,257145;-54,780165;SPRF-MS;DEL04-MS;UOP01-DEL04-MS
720130;22/09/2025;segunda-feira;07:15:00;MG;356;266,3;MURIAE;Acessar a via sem observar a presença dos outros veículos;Colisão transversal;Com Vítimas Feridas;Pleno dia;Decrescente;Céu Claro;Simples;"Reta;Interseção de Vias";Sim;2;0;0;1;1;0;1;2;-21,12842442;-42,36393789;SPRF-MG;DEL07-MG;UOP02-DEL07-MG
720131;21/09/2025;domingo;17:00:00;SP;116;545;BARRA DO TURVO;Ausência de reação do condutor;Capotamento;Com Vítimas Feridas;Pleno dia;Crescente;Nublado;Simples;"Declive;Curva";Não;3;0;3;0;0;0;3;1;-24,94870939;-48,42395782;SPRF-SP;DEL05-SP;UOP02-DEL05-SP
720132;22/09/2025;segunda-feira;02:35:00;MS;267;212,7;NOVA ALVORADA DO SUL;Ausência de reação do condutor;Saída de leito carroçável;Com Vítimas Feridas;Plena Noite;Crescente;Nublado;Simples;Reta;Não;1;0;0;1;0;0;1;1;-21,5958003;-54,0663003;SPRF-MS;DEL02-MS;UOP01-DEL02-MS
720133;22/09/2025;segunda-feira;06:46:00;SP;153;74,5;BADY BASSITT;Ausência de reação do condutor;Tombamento;Com Vítimas Feridas;Pleno dia;Crescente;Nublado;Dupla;"Declive;Reta";Sim;1;0;0;1;0;0;1;1;-20,89528077;-49,43522573;SPRF-SP;DEL09-SP;UOP01-DEL09-SP
720134;22/09/2025;segunda-feira;07:12:00;PR;277;6,8;PARANAGUA;Reação tardia ou ineficiente do condutor;Tombamento;Com Vítimas Feridas;Amanhecer;Decrescente;Garoa/Chuvisco;Dupla;"Viaduto;Retorno Regulamentado";Não;1;0;1;0;0;0;1;1;-25,56061287;-48,58292626;SPRF-PR;DEL01-PR;UOP05-DEL01-PR
720136;22/09/2025;segunda-feira;06:45:00;RS;386;46;SEBERI;Reação tardia ou ineficiente do condutor;Tombamento;Com Vítimas Feridas;Pleno dia;Decrescente;Chuva;Simples;Reta;Sim;1;0;1;0;0;0;1;1;-27,45861651;-53,40821314;SPRF-RS;DEL08-RS;UOP02-DEL08-RS
720137;22/09/2025;segunda-feira;06:50:00;ES;101;298;VIANA;Demais falhas mecânicas ou elétricas;Queda de ocupante de veículo;Com Vítimas Feridas;Pleno dia;Decrescente;Céu Claro;Dupla;Reta;Sim;2;0;2;0;0;0;2;1;-20,3530172;-40,417406;SPRF-ES;DEL01-ES;UOP01-DEL01-ES
720139;22/09/2025;segunda-feira;07:55:00;SC;101;49,1;JOINVILLE;Chuva;Queda de ocupante de veículo;Com Vítimas Feridas;Pleno dia;Decrescente;Chuva;Dupla;Reta;Não;1;0;1;0;0;0;1;1;-26,1914624;-48,9127936;SPRF-SC;DEL03-SC;UOP01-DEL03-SC
720140;22/09/2025;segunda-feira;07:00:00;RJ;116;176;SAO JOAO DE MERITI;Manobra de mudança de faixa;Colisão lateral mesmo sentido;Com Vítimas Feridas;Pleno dia;Decrescente;Céu Claro;Dupla;Reta;Sim;3;0;1;0;2;0;1;2;-22,78294763;-43,38558912;SPRF-RJ;DEL06-RJ;UOP01-DEL06-RJ
720143;21/09/2025;domingo;18:20:00;RJ;116;60;TERESOPOLIS;Ausência de reação do condutor;Colisão com objeto;Com Vítimas Feridas;Plena Noite;Crescente;Céu Claro;Simples;Reta;Não;1;0;1;0;0;0;1;1;-22,20488846;-42,8976953;SPRF-RJ;DEL04-RJ;UOP01-DEL04-RJ
720147;22/09/2025;segunda-feira;08:00:00;PE;428;181,8;PETROLINA;Reação tardia ou ineficiente do condutor;Colisão traseira;Com Vítimas Feridas;Pleno dia;Crescente;Céu Claro;Dupla;Reta;Sim;3;0;1;1;1;0;2;2;-9,325998;-40,463118;SPRF-PE;DEL06-PE;UOP01-DEL06-PE
720148;22/09/2025;segunda-feira;06:50:00;PR;116;46;CAMPINA GRANDE DO SUL;Chuva;Colisão com objeto;Com Vítimas Feridas;Amanhecer;Crescente;Chuva;Dupla;Curva;Não;2;0;1;0;1;0;1;1;-25,24355874;-48,90252963;SPRF-PR;DEL01-PR;UOP02-DEL01-PR
720149;22/09/2025;segunda-feira;06:10:00;PB;101;122;CAAPORA;Reação tardia ou ineficiente do condutor;Capotamento;Com Vítimas Feridas;Pleno dia;Crescente;Nublado;Dupla;"Curva;Declive";Não;1;0;1;0;0;0;1;1;-7,458004;-34,980992;SPRF-PB;DEL01-PB;UOP01-DEL01-PB
720150;22/09/2025;segunda-feira;07:55:00;PR;369;159,7;CAMBE;Condutor deixou de manter distância do veículo da frente;Engavetamento;Sem Vítimas;Pleno dia;Decrescente;Chuva;Dupla;Reta;Não;3;0;0;0;3;0;0;3;-23,282439;-51,251706;SPRF-PR;DEL07-PR;UOP01-DEL07-PR
720151;22/09/2025;segunda-feira;07:50:00;MG;381;480;CONTAGEM;Trafegar com motocicleta (ou similar) entre as faixas;Colisão lateral mesmo sentido;Com Vítimas Feridas;Pleno dia;Decrescente;Céu Claro;Múltipla;Reta;Sim;5;0;2;0;3;0;2;3;-19,9634;-44,04174;SPRF-MG;DEL01-MG;UOP03-DEL01-MG
720152;22/09/2025;segunda-feira;08:40:00;RJ;101;309;SAO GONCALO;Manobra de mudança de faixa;Colisão lateral mesmo sentido;Com Vítimas Feridas;Pleno dia;Crescente;Céu Claro;Dupla;Reta;Sim;2;0;1;0;1;0;1;2;-22,7979373;-43,0471894;SPRF-RJ;DEL02-RJ;UOP02-DEL02-RJ
720153;22/09/2025;segunda-feira;08:25:00;SP;116;288;ITAPECERICA DA SERRA;Condutor deixou de manter distância do veículo da frente;Queda de ocupante de veículo;Com Vítimas Feridas;Pleno dia;Decrescente;Chuva;Dupla;Reta;Não;1;0;1;0;0;0;1;1;-23,7141283;-46,8791633;SPRF-SP;DEL04-SP;UOP01-DEL04-SP
720154;22/09/2025;segunda-feira;08:45:00;BA;324;621;SALVADOR;Trafegar com motocicleta (ou similar) entre as faixas;Colisão lateral mesmo sentido;Com Vítimas Feridas;Pleno dia;Crescente;Céu Claro;Dupla;Reta;Sim;3;0;1;0;2;0;1;2;-12,912977;-38,459865;SPRF-BA;DEL01-BA;UOP01-DEL01-BA
720155;10/02/2025;segunda-feira;12:30:00;RN;101;85;SAO GONCALO DO AMARANTE;Pista esburacada;Tombamento;Com Vítimas Feridas;Pleno dia;Crescente;Céu Claro;Dupla;Reta;Sim;1;0;0;1;0;0;1;1;-5,74852208;-35,326488;SPRF-RN;DEL02-RN;UOP01-DEL02-RN
720156;18/09/2025;quinta-feira;18:50:00;RJ;116;137;MAGE;Acumulo de óleo sobre o pavimento;Tombamento;Com Vítimas Feridas;Anoitecer;Crescente;Céu Claro;Múltipla;Retorno Regulamentado;Não;2;0;1;0;1;0;1;1;-22,64791786;-43,18622589;SPRF-RJ;DEL04-RJ;UOP02-DEL04-RJ
720157;22/09/2025;segunda-feira;08:30:00;RS;158;566;SANTANA DO LIVRAMENTO;Acessar a via sem observar a presença dos outros veículos;Colisão transversal;Com Vítimas Feridas;Pleno dia;Decrescente;Céu Claro;Simples;Reta;Sim;3;0;2;0;1;0;2;2;-30,8936044;-55,5294683;SPRF-RS;DEL11-RS;UOP01-DEL11-RS
720158;22/09/2025;segunda-feira;07:00:00;SP;116;317;JUQUITIBA;Chuva;Saída de leito carroçável;Sem Vítimas;Pleno dia;Decrescente;Chuva;Dupla;"Reta;Aclive";Sim;1;0;0;0;1;0;0;1;-23,92278652;-46,99235139;SPRF-SP;DEL04-SP;UOP03-DEL04-SP
720160;22/09/2025;segunda-feira;08:15:00;RJ;116;186;NOVA IGUACU;Ultrapassagem Indevida;Colisão lateral mesmo sentido;Com Vítimas Feridas;Pleno dia;Decrescente;Céu Claro;Dupla;Reta;Sim;3;0;1;0;2;0;1;2;-22,74427776;-43,51384699;SPRF-RJ;DEL06-RJ;UOP01-DEL06-RJ
720162;18/08/2025;segunda-feira;00:16:00;RJ;493;2,5;ITABORAI;Reação tardia ou ineficiente do condutor;Colisão com objeto;Com Vítimas Feridas;Plena Noite;Crescente;Ignorado;Dupla;Reta;Sim;1;0;1;0;0;0;1;1;-22,7626578;-42,93117707;SPRF-RJ;DEL02-RJ;UOP02-DEL02-RJ
720163;22/09/2025;segunda-feira;09:00:00;SP;381;2;VARGEM;Acumulo de água sobre o pavimento;Saída de leito carroçável;Com Vítimas Feridas;Pleno dia;Crescente;Chuva;Dupla;Curva;Não;2;0;2;0;0;0;2;1;-22,9146616;-46,4325473;SPRF-SP;DEL03-SP;UOP02-DEL03-SP
720164;22/09/2025;segunda-feira;08:50:00;PR;376;601,3;CURITIBA;Condutor deixou de manter distância do veículo da frente;Colisão traseira;Sem Vítimas;Pleno dia;Crescente;Chuva;Dupla;Reta;Sim;2;0;0;0;2;0;0;2;-25,519575;-49,334893;SPRF-PR;DEL01-PR;UOP03-DEL01-PR
720165;22/09/2025;segunda-feira;09:15:00;BA;101;230;CRUZ DAS ALMAS;Ausência de reação do condutor;Queda de ocupante de veículo;Com Vítimas Feridas;Pleno dia;Crescente;Céu Claro;Simples;Reta;Sim;1;0;1;0;0;0;1;1;-12,67825458;-39,13783819;SPRF-BA;DEL01-BA;UOP02-DEL01-BA
720168;22/09/2025;segunda-feira;07:50:00;MG;381;929,4;ITAPEVA;Reação tardia ou ineficiente do condutor;Colisão lateral mesmo sentido;Com Vítimas Feridas;Pleno dia;Decrescente;Chuva;Dupla;Curva;Não;3;0;1;0;2;0;1;2;-22,770993;-46,235307;SPRF-MG;DEL16-MG;UOP03-DEL16-MG
720169;22/09/2025;segunda-feira;08:40:00;SP;381;84,8;GUARULHOS;Chuva;Saída de leito carroçável;Com Vítimas Feridas;Pleno dia;Crescente;Chuva;Dupla;Reta;Sim;1;0;1;0;0;0;1;1;-23,45568767;-46,57173157;SPRF-SP;DEL03-SP;UOP01-DEL03-SP
720171;22/09/2025;segunda-feira;07:15:00;PR;376;235;APUCARANA;Reação tardia ou ineficiente do condutor;Capotamento;Com Vítimas Feridas;Pleno dia;Crescente;Chuva;Dupla;Curva;Não;4;0;2;0;2;0;2;1;-23,57269994;-51,50150299;SPRF-PR;DEL07-PR;UOP03-DEL07-PR
720172;18/09/2025;quinta-feira;22:40:00;RJ;116;111;GUAPIMIRIM;Demais falhas mecânicas ou elétricas;Incêndio;Sem Vítimas;Plena Noite;Decrescente;Céu Claro;Dupla;Reta;Sim;1;0;0;0;1;0;0;1;-22,53674655;-42,98999101;SPRF-RJ;DEL04-RJ;UOP02-DEL04-RJ
720173;22/09/2025;segunda-feira;09:15:00;BA;324;612;SALVADOR;Ausência de reação do condutor;Colisão lateral mesmo sentido;Com Vítimas Feridas;Pleno dia;Crescente;Céu Claro;Dupla;Reta;Sim;2;0;1;0;1;0;1;2;-12,8593806;-38,4219579;SPRF-BA;DEL01-BA;UOP01-DEL01-BA
720175;22/09/2025;segunda-feira;07:30:00;BA;101;877,7;TEIXEIRA DE FREITAS;Acessar a via sem observar a presença dos outros veículos;Colisão transversal;Com Vítimas Feridas;Pleno dia;Crescente;Céu Claro;Simples;Reta;Sim;3;0;0;1;2;0;1;2;-17,543859;-39,717657;SPRF-BA;DEL09-BA;UOP02-DEL09-BA
720176;22/09/2025;segunda-feira;08:00:00;SP;153;295;SAO PEDRO DO TURVO;Condutor Dormindo;Capotamento;Com Vítimas Feridas;Amanhecer;Decrescente;Garoa/Chuvisco;Simples;Reta;Não;3;0;3;0;0;0;3;1;-22,5515711;-49,8893768;SPRF-SP;DEL07-SP;UOP02-DEL07-SP
720177;22/09/2025;segunda-feira;09:15:00;RS;116;249;SAO LEOPOLDO;Acessar a via sem observar a presença dos outros veículos;Colisão transversal;Com Vítimas Feridas;Pleno dia;Crescente;Garoa/Chuvisco;Múltipla;Curva;Não;2;0;1;0;1;0;1;2;-29,777956;-51,156028;SPRF-RS;DEL01-RS;UOP02-DEL01-RS
720178;22/09/2025;segunda-feira;06:30:00;PR;280;315;BARRACAO;Acesso irregular;Colisão transversal;Com Vítimas Feridas;Amanhecer;Crescente;Chuva;Simples;Reta;Não;2;0;0;1;1;0;1;2;-26,29096128;-53,54412016;SPRF-PR;DEL02-PR;UOP01-DEL02-PR
720179;22/09/2025;segunda-feira;07:35:00;BA;101;877;TEIXEIRA DE FREITAS;Acessar a via sem observar a presença dos outros veículos;Colisão transversal;Com Vítimas Feridas;Pleno dia;Decrescente;Céu Claro;Simples;"Reta;Interseção de Vias";Sim;2;0;1;0;1;0;1;2;-17,543835;-39,71769;SPRF-BA;DEL09-BA;UOP02-DEL09-BA
720181;22/09/2025;segunda-feira;07:30:00;BA;415;21;ILHEUS;Desrespeitar a preferência no cruzamento;Colisão lateral mesmo sentido;Com Vítimas Feridas;Pleno dia;Crescente;Céu Claro;Simples;Reta;Não;2;0;1;0;1;0;1;2;-14,785623;-39,229282;SPRF-BA;DEL05-BA;UOP01-DEL05-BA
720182;22/09/2025;segunda-feira;09:00:00;MG;381;173,8;GOVERNADOR VALADARES;Velocidade Incompatível;Saída de leito carroçável;Com Vítimas Feridas;Pleno dia;Decrescente;Céu Claro;Simples;Reta;Não;3;0;3;0;0;0;3;1;-19,00584;-42,131801;SPRF-MG;DEL06-MG;UOP01-DEL06-MG
720183;22/09/2025;segunda-feira;10:00:00;SC;101;125,7;ITAJAI;Acessar a via sem observar a presença dos outros veículos;Colisão lateral mesmo sentido;Com Vítimas Feridas;Pleno dia;Crescente;Chuva;Dupla;"Viaduto;Declive;Reta";Sim;2;0;1;0;1;0;1;2;-26,95291;-48,67957;SPRF-SC;DEL04-SC;UOP04-DEL04-SC
720187;22/09/2025;segunda-feira;10:30:00;PB;104;138;QUEIMADAS;Condutor deixou de manter distância do veículo da frente;Colisão traseira;Sem Vítimas;Pleno dia;Decrescente;Sol;Simples;Reta;Sim;2;0;0;0;2;0;0;2;-7,347893;-35,900388;SPRF-PB;DEL02-PB;UOP03-DEL02-PB
720188;22/09/2025;segunda-feira;10:00:00;RS;470;219;GARIBALDI;Reação tardia ou ineficiente do condutor;Colisão lateral sentido oposto;Com Vítimas Feridas;Pleno dia;Crescente;Céu Claro;Dupla;Reta;Não;3;0;2;0;1;0;2;3;-29,1877229;-51,52150154;SPRF-RS;DEL06-RS;UOP01-DEL06-RS
720189;22/09/2025;segunda-feira;09:30:00;MS;163;465;CAMPO GRANDE;Acumulo de água sobre o pavimento;Saída de leito carroçável;Sem Vítimas;Pleno dia;Crescente;Chuva;Simples;Reta;Não;1;0;0;0;1;0;0;1;-20,5965824;-54,57998928;SPRF-MS;DEL01-MS;UOP01-DEL01-MS