id;data_inversa;dia_semana;horario;uf;br;km;municipio;causa_acidente;tipo_acidente;classificacao_acidente;fase_dia;sentido_via;condicao_metereologica;tipo_pista;tracado_via;uso_solo;pessoas;mortos;feridos_leves;feridos_graves;ilesos;ignorados;feridos;veiculos;latitude;longitude;regional;delegacia;uop
720457;23/09/2025;terça-feira;15:30:00;MG;381;693;LAVRAS;Demais falhas mecânicas ou elétricas;Tombamento;Com Vítimas Feridas;Pleno dia;Decrescente;Céu Claro;Dupla;Reta;Não;2;0;2;0;0;0;2;1;-21,228492;-45,132542;SPRF-MG;DEL04-MG;UOP02-DEL04-MG
720458;23/09/2025;terça-feira;14:50:00;RS;116;521;PELOTAS;Acessar a via sem observar a presença dos outros veículos;Colisão transversal;Com Vítimas Feridas;Pleno dia;Decrescente;Céu Claro;Dupla;Viaduto;Sim;2;0;1;0;1;0;1;2;-31,70662556;-52,36761737;SPRF-RS;DEL07-RS;UOP01-DEL07-RS
720459;23/09/2025;terça-feira;15:13:00;PE;104;68;CARUARU;Ausência de reação do condutor;Colisão traseira;Com Vítimas Feridas;Pleno dia;Decrescente;Céu Claro;Dupla;"Reta;Retorno Regulamentado";Sim;3;0;1;0;2;0;1;2;-8,3027546;-35,9883058;SPRF-PE;DEL02-PE;UOP01-DEL02-PE
720462;23/09/2025;terça-feira;15:40:00;SC;101;127;ITAJAI;Reação tardia ou ineficiente do condutor;Colisão traseira;Com Vítimas Feridas;Pleno dia;Crescente;Céu Claro;Dupla;Reta;Sim;2;0;1;0;1;0;1;2;-26,97095394;-48,68279904;SPRF-SC;DEL04-SC;UOP04-DEL04-SC
720465;23/09/2025;terça-feira;16:05:00;SC;101;202;SAO JOSE;Transitar na contramão;Colisão frontal;Com Vítimas Feridas;Pleno dia;Crescente;Céu Claro;Simples;"Reta;Interseção de Vias";Sim;2;0;1;0;1;0;1;2;-27,55762;-48,61906;SPRF-SC;DEL01-SC;UOP01-DEL01-SC
720466;23/09/2025;terça-feira;15:35:00;AL;424;97,7;COQUEIRO SECO;Velocidade Incompatível;Saída de leito carroçável;Com Vítimas Feridas;Pleno dia;Crescente;Céu Claro;Simples;"Reta;Em Obras";Não;2;0;1;1;0;0;2;1;-9,637114;-35,859225;SPRF-AL;DEL02-AL;UOP01-DEL02-AL
720467;23/09/2025;terça-feira;11:00:00;MA;316;604,5;TIMON;Ultrapassagem Indevida;Colisão frontal;Com Vítimas Feridas;Pleno dia;Decrescente;Céu Claro;Dupla;"Declive;Reta";Não;4;0;0;2;0;2;2;3;-5,04723241;-42,91626245;SPRF-MA;DEL03-MA;UOP02-DEL03-MA
720468;23/09/2025;terça-feira;14:30:00;AP;156;800;OIAPOQUE;Acessar a via sem observar a presença dos outros veículos;Colisão transversal;Com Vítimas Feridas;Pleno dia;Crescente;Sol;Simples;Reta;Sim;2;0;1;0;1;0;1;2;3,84001941;-51,82068586;SPRF-AP;DEL01-AP;UOP03-DEL01-AP
720471;23/09/2025;terça-feira;15:50:00;RJ;116;313;SAO GONCALO;Problema com o freio;Engavetamento;Com Vítimas Feridas;Pleno dia;Decrescente;Céu Claro;Dupla;Reta;Sim;6;0;1;0;5;0;1;4;-22,81353847;-43,0737203;SPRF-RJ;DEL07-RJ;UOP02-DEL07-RJ
720472;02/08/2025;sábado;19:25:00;PE;232;166;TACAIMBO;Ingestão de álcool pelo condutor;Colisão transversal;Com Vítimas Feridas;Plena Noite;Crescente;Céu Claro;Dupla;Reta;Não;3;0;1;0;2;0;1;3;-8,33783;-36,30734;SPRF-PE;DEL03-PE;UOP02-DEL03-PE
720473;23/09/2025;terça-feira;16:50:00;SP;116;146;SAO JOSE DOS CAMPOS;Acumulo de óleo sobre o pavimento;Tombamento;Com Vítimas Feridas;Pleno dia;Decrescente;Nublado;Dupla;"Reta;Aclive";Sim;1;0;1;0;0;0;1;1;-23,19228495;-45,86581707;SPRF-SP;DEL02-SP;UOP01-DEL02-SP
720476;23/09/2025;terça-feira;17:13:00;SP;116;132,5;CACAPAVA;Reação tardia ou ineficiente do condutor;Colisão lateral mesmo sentido;Com Vítimas Feridas;Pleno dia;Decrescente;Céu Claro;Dupla;Reta;Não;2;0;1;0;0;1;1;2;-23,1270999;-45,73814392;SPRF-SP;DEL02-SP;UOP02-DEL02-SP
720478;23/09/2025;terça-feira;16:40:00;PR;277;454,3;LARANJEIRAS DO SUL;Desrespeitar a preferência no cruzamento;Colisão transversal;Com Vítimas Feridas;Pleno dia;Decrescente;Céu Claro;Simples;Interseção de Vias;Sim;2;0;1;0;1;0;1;2;-25,38594;-52,41416;SPRF-PR;DEL04-PR;UOP02-DEL04-PR
720480;23/09/2025;terça-feira;17:10:00;MG;381;489;BETIM;Manobra de mudança de faixa;Colisão lateral mesmo sentido;Com Vítimas Feridas;Anoitecer;Crescente;Céu Claro;Múltipla;Reta;Sim;2;0;0;1;1;0;1;2;-19,962033;-44,162264;SPRF-MG;DEL01-MG;UOP03-DEL01-MG
720482;23/09/2025;terça-feira;17:30:00;RS;116;269;CANOAS;Manobra de mudança de faixa;Colisão lateral mesmo sentido;Com Vítimas Feridas;Pleno dia;Decrescente;Céu Claro;Múltipla;Reta;Sim;3;0;2;0;1;0;2;2;-29,95968873;-51,17594568;SPRF-RS;DEL01-RS;UOP01-DEL01-RS
720483;23/09/2025;terça-feira;17:15:00;RS;290;69,3;GRAVATAI;Demais falhas mecânicas ou elétricas;Colisão lateral mesmo sentido;Com Vítimas Feridas;Pleno dia;Crescente;Céu Claro;Dupla;Reta;Sim;2;0;0;1;1;0;1;2;-29,945912;-50,949832;SPRF-RS;DEL03-RS;UOP01-DEL03-RS
720485;23/09/2025;terça-feira;14:55:00;DF;70;6;BRASILIA;Manobra de mudança de faixa;Colisão transversal;Com Vítimas Feridas;Pleno dia;Decrescente;Nublado;Dupla;Declive;Não;2;0;1;0;1;0;1;2;-15,79027;-48,108652;SPRF-DF;DEL03-DF;UOP02-DEL03-DF
720487;23/09/2025;terça-feira;16:50:00;RN;304;24,2;MOSSORO;Velocidade Incompatível;Colisão traseira;Com Vítimas Feridas;Pleno dia;Crescente;Céu Claro;Simples;Rotatória;Não;2;0;1;0;1;0;1;2;-5,066586;-37,331141;SPRF-RN;DEL04-RN;UOP02-DEL04-RN
720489;23/09/2025;terça-feira;18:05:00;SC;101;204,5;SAO JOSE;Reação tardia ou ineficiente do condutor;Colisão lateral mesmo sentido;Com Vítimas Feridas;Plena Noite;Decrescente;Nublado;Múltipla;Interseção de Vias;Sim;2;0;1;0;1;0;1;2;-27,57873;-48,61357;SPRF-SC;DEL01-SC;UOP01-DEL01-SC
720490;23/09/2025;terça-feira;16:50:00;RJ;101;333;RIO DE JANEIRO;Reação tardia ou ineficiente do condutor;Colisão traseira;Com Vítimas Feridas;Pleno dia;Crescente;Nublado;Dupla;"Reta;Ponte";Não;3;0;0;1;2;0;1;2;-22,883063;-43,215108;SPRF-RJ;DEL02-RJ;UOP01-DEL02-RJ
720491;23/09/2025;terça-feira;15:30:00;PE;424;10,3;ARCOVERDE;Reação tardia ou ineficiente do condutor;Colisão traseira;Com Vítimas Feridas;Pleno dia;Decrescente;Sol;Simples;"Declive;Reta";Não;2;0;2;0;0;0;2;2;-8,496913;-37,006393;SPRF-PE;DEL04-PE;UOP02-DEL04-PE
720492;23/09/2025;terça-feira;17:00:00;MT;364;203,4;RONDONOPOLIS;Objeto estático sobre o leito carroçável;Tombamento;Com Vítimas Feridas;Pleno dia;Crescente;Céu Claro;Dupla;"Reta;Aclive";Sim;1;0;1;0;0;0;1;1;-16,46763302;-54,65701461;SPRF-MT;DEL02-MT;UOP01-DEL02-MT
720493;23/09/2025;terça-feira;18:20:00;PB;361;22;SANTA TERESINHA;Acessar a via sem observar a presença dos outros veículos;Colisão transversal;Com Vítimas Feridas;Plena Noite;Crescente;Céu Claro;Simples;Reta;Não;3;0;0;3;0;0;3;2;-7,085245;-37,441;SPRF-PB;DEL03-PB;UOP01-DEL03-PB
720494;23/09/2025;terça-feira;19:00:00;SP;116;223,2;GUARULHOS;Acesso irregular;Colisão com objeto;Com Vítimas Feridas;Plena Noite;Decrescente;Céu Claro;Múltipla;Reta;Sim;1;0;1;0;0;0;1;1;-23,47853411;-46,52914731;SPRF-SP;DEL01-SP;UOP01-DEL01-SP
720495;23/09/2025;terça-feira;17:45:00;SC;101;100;BALNEARIO PICARRAS;Ausência de reação do condutor;Queda de ocupante de veículo;Com Vítimas Feridas;Anoitecer;Crescente;Céu Claro;Múltipla;Interseção de Vias;Sim;1;0;1;0;0;0;1;1;-26,75671331;-48,6890858;SPRF-SC;DEL03-SC;UOP02-DEL03-SC
720496;23/09/2025;terça-feira;17:55:00;SC;101;118,5;ITAJAI;Acessar a via sem observar a presença dos outros veículos;Colisão transversal;Com Vítimas Feridas;Anoitecer;Crescente;Céu Claro;Dupla;"Viaduto;Retorno Regulamentado;Interseção de Vias";Sim;2;0;0;1;1;0;1;2;-26,8955287;-48,71910945;SPRF-SC;DEL04-SC;UOP04-DEL04-SC
720498;23/09/2025;terça-feira;18:07:00;TO;153;140,5;ARAGUAINA;Acessar a via sem observar a presença dos outros veículos;Colisão transversal;Com Vítimas Feridas;Anoitecer;Crescente;Céu Claro;Múltipla;"Curva;Retorno Regulamentado;Interseção de Vias";Sim;2;0;1;0;1;0;1;2;-7,173022;-48,2164484;SPRF-TO;DEL02-TO;UOP01-DEL02-TO
720499;23/09/2025;terça-feira;19:20:00;TO;153;141;ARAGUAINA;Reação tardia ou ineficiente do condutor;Colisão traseira;Com Vítimas Feridas;Plena Noite;Crescente;Nublado;Múltipla;Retorno Regulamentado;Sim;2;0;1;0;0;1;1;2;-7,17885987;-48,22272778;SPRF-TO;DEL02-TO;UOP01-DEL02-TO
720500;23/09/2025;terça-feira;19:00:00;PB;230;10,6;CABEDELO;Ausência de sinalização;Colisão transversal;Com Vítimas Feridas;Plena Noite;Decrescente;Céu Claro;Múltipla;"Reta;Interseção de Vias;Desvio Temporário;Em Obras";Sim;2;0;1;1;0;0;2;1;-7,05932086;-34,85048387;SPRF-PB;DEL01-PB;UOP01-DEL01-PB
720501;23/09/2025;terça-feira;12:44:00;RJ;101;320;NITEROI;Ultrapassagem Indevida;Queda de ocupante de veículo;Com Vítimas Feridas;Pleno dia;Decrescente;Céu Claro;Dupla;Curva;Não;3;0;2;0;1;0;2;2;-22,86749405;-43,10973063;SPRF-RJ;DEL02-RJ;UOP01-DEL02-RJ
720503;23/09/2025;terça-feira;17:45:00;PR;277;434,8;VIRMOND;Demais falhas mecânicas ou elétricas;Incêndio;Sem Vítimas;Anoitecer;Decrescente;Ignorado;Simples;Reta;Não;1;0;0;0;1;0;0;1;-25,376244;-52,241437;SPRF-PR;DEL04-PR;UOP02-DEL04-PR
720504;23/09/2025;terça-feira;18:15:00;RN;304;29;MOSSORO;Animais na Pista;Atropelamento de Animal;Com Vítimas Feridas;Plena Noite;Decrescente;Céu Claro;Simples;Reta;Não;1;0;1;0;0;0;1;1;-5,111483;-37,33986;SPRF-RN;DEL04-RN;UOP02-DEL04-RN
720505;23/09/2025;terça-feira;18:40:00;RJ;493;67;NOVA IGUACU;Reação tardia ou ineficiente do condutor;Saída de leito carroçável;Com Vítimas Fatais;Plena Noite;Crescente;Nublado;Dupla;Reta;Não;2;1;0;0;1;0;0;2;-22,68245002;-43,45367432;SPRF-RJ;DEL01-RJ;UOP03-DEL01-RJ
720507;23/09/2025;terça-feira;18:20:00;PB;104;130;QUEIMADAS;Ultrapassagem Indevida;Queda de ocupante de veículo;Com Vítimas Feridas;Plena Noite;Crescente;Céu Claro;Simples;Reta;Sim;1;0;0;1;0;0;1;1;-7,2908;-35,890422;SPRF-PB;DEL02-PB;UOP01-DEL02-PB
720508;23/09/2025;terça-feira;17:40:00;AC;364;123;RIO BRANCO;Ausência de reação do condutor;Atropelamento de Pedestre;Com Vítimas Feridas;Plena Noite;Decrescente;Sol;Dupla;Reta;Sim;2;0;2;0;0;0;2;2;-10,01175154;-67,78269518;SPRF-AC;DEL01-AC;UOP01-DEL01-AC
720509;23/09/2025;terça-feira;19:45:00;PR;376;644;TIJUCAS DO SUL;Ausência de reação do condutor;Saída de leito carroçável;Com Vítimas Feridas;Plena Noite;Crescente;Nublado;Dupla;Reta;Não;2;0;1;0;1;0;1;1;-25,8236792;-49,12488174;SPRF-PR;DEL01-PR;UOP04-DEL01-PR
720510;23/09/2025;terça-feira;18:30:00;PI;343;5,4;TERESINA;Ausência de reação do condutor;Colisão com objeto;Com Vítimas Feridas;Anoitecer;Decrescente;Céu Claro;Múltipla;Ponte;Sim;1;0;1;0;0;0;1;1;-5,08312205;-42,79597342;SPRF-PI;DEL05-PI;UOP01-DEL05-PI
720513;23/09/2025;terça-feira;16:30:00;MS;262;107,5;AGUA CLARA;Demais falhas mecânicas ou elétricas;Incêndio;Sem Vítimas;Pleno dia;Crescente;Céu Claro;Simples;Reta;Não;1;0;0;0;1;0;0;1;-20,540511;-52,5612;SPRF-MS;DEL07-MS;UOP02-DEL07-MS
720514;23/09/2025;terça-feira;19:35:00;PR;153;112,3;IBAITI;Ausência de reação do condutor;Colisão com objeto;Sem Vítimas;Plena Noite;Crescente;Céu Claro;Simples;Reta;Não;1;0;0;0;0;1;0;1;-23,87282;-50,20276;SPRF-PR;DEL07-PR;UOP04-DEL07-PR
720515;23/09/2025;terça-feira;19:15:00;PR;163;11;BARRACAO;Ausência de reação do condutor;Saída de leito carroçável;Com Vítimas Feridas;Plena Noite;Crescente;Céu Claro;Simples;Reta;Sim;4;0;4;0;0;0;4;1;-26,24062;-53,635243;SPRF-PR;DEL02-PR;UOP02-DEL02-PR
720517;23/09/2025;terça-feira;19:45:00;SC;282;580;PINHALZINHO;Entrada inopinada do pedestre;Atropelamento de Pedestre;Com Vítimas Feridas;Plena Noite;Crescente;Céu Claro;Simples;Rotatória;Sim;2;0;1;0;0;1;1;2;-26,837173;-52,986825;SPRF-SC;DEL07-SC;UOP02-DEL07-SC
720518;23/09/2025;terça-feira;17:20:00;GO;60;201,8;GUAPO;Acumulo de água sobre o pavimento;Saída de leito carroçável;Com Vítimas Feridas;Pleno dia;Crescente;Chuva;Dupla;Curva;Não;1;0;0;1;0;0;1;1;-16,89390538;-49,63283328;SPRF-GO;DEL01-GO;UOP02-DEL01-GO
720520;23/09/2025;terça-feira;20:44:00;PE;408;92,2;SAO LOURENCO DA MATA;Demais falhas mecânicas ou elétricas;Incêndio;Sem Vítimas;Plena Noite;Crescente;Nublado;Dupla;Reta;Não;1;0;0;0;1;0;0;1;-8,04397;-35,01515;SPRF-PE;DEL01-PE;UOP01-DEL01-PE
720521;23/09/2025;terça-feira;20:42:00;MS;163;478;CAMPO GRANDE;Ausência de reação do condutor;Tombamento;Com Vítimas Feridas;Plena Noite;Crescente;Céu Claro;Simples;Reta;Não;1;0;0;1;0;0;1;1;-20,51050015;-54,55901742;SPRF-MS;DEL01-MS;UOP01-DEL01-MS
720522;23/09/2025;terça-feira;20:00:00;PR;469;0,2;FOZ DO IGUACU;Ausência de reação do condutor;Tombamento;Com Vítimas Feridas;Pleno dia;Decrescente;Céu Claro;Dupla;"Curva;Rotatória";Sim;1;0;1;0;0;0;1;1;-25,57716923;-54,55502629;SPRF-PR;DEL05-PR;UOP04-DEL05-PR
720524;23/09/2025;terça-feira;20:40:00;SC;282;540,6;CHAPECO;Entrada inopinada do pedestre;Atropelamento de Pedestre;Com Vítimas Feridas;Plena Noite;Crescente;Céu Claro;Simples;Curva;Não;2;0;0;1;0;1;1;2;-26,997188;-52,69317;SPRF-SC;DEL07-SC;UOP01-DEL07-SC
720525;23/09/2025;terça-feira;20:40:00;SP;153;280;OCAUCU;Reação tardia ou ineficiente do condutor;Colisão com objeto;Com Vítimas Feridas;Plena Noite;Crescente;Céu Claro;Dupla;"Interseção de Vias;Reta";Não;1;0;0;1;0;0;1;1;-22,415978;-49,860634;SPRF-SP;DEL07-SP;UOP02-DEL07-SP
720527;23/09/2025;terça-feira;22:05:00;SC;101;147;ITAPEMA;Acessar a via sem observar a presença dos outros veículos;Colisão transversal;Com Vítimas Feridas;Plena Noite;Decrescente;Céu Claro;Múltipla;Interseção de Vias;Sim;3;0;1;0;0;2;1;2;-27,09501067;-48,61786991;SPRF-SC;DEL04-SC;UOP03-DEL04-SC
720528;23/09/2025;terça-feira;22:30:00;GO;40;5;VALPARAISO DE GOIAS;Acessar a via sem observar a presença dos outros veículos;Colisão transversal;Com Vítimas Feridas;Plena Noite;Crescente;Céu Claro;Dupla;Reta;Sim;2;0;1;0;1;0;1;2;-16,09473146;-47,98136182;SPRF-DF;DEL01-DF;UOP01-DEL01-DF
720529;23/09/2025;terça-feira;21:15:00;RJ;101;325;NITEROI;Ingestão de álcool pelo condutor;Colisão com objeto;Sem Vítimas;Plena Noite;Decrescente;Céu Claro;Dupla;"Reta;Ponte";Não;3;0;0;0;3;0;0;2;-22,8736545;-43,12906265;SPRF-RJ;DEL02-RJ;UOP01-DEL02-RJ
720530;23/09/2025;terça-feira;20:00:00;CE;222;123,4;ITAPAJE;Área urbana sem a presença de local apropriado para a travessia de pedestres;Atropelamento de Pedestre;Com Vítimas Fatais;Plena Noite;Decrescente;Céu Claro;Simples;Reta;Sim;2;1;0;0;1;0;0;2;-3,68894056;-39,58832026;SPRF-CE;DEL04-CE;UOP03-DEL04-CE
720533;23/09/2025;terça-feira;23:00:00;MG;116;274,3;TEOFILO OTONI;Conversão proibida;Colisão frontal;Com Vítimas Feridas;Plena Noite;Crescente;Céu Claro;Múltipla;Reta;Sim;3;0;1;0;2;0;1;2;-17,837488;-41,512298;SPRF-MG;DEL11-MG;UOP01-DEL11-MG
720534;23/09/2025;terça-feira;10:45:00;PE;101;70;RECIFE;Ausência de reação do condutor;Colisão lateral mesmo sentido;Sem Vítimas;Pleno dia;Decrescente;Céu Claro;Simples;Reta;Sim;4;0;0;0;4;0;0;2;-8,07539;-34,94048;SPRF-PE;DEL01-PE;UOP01-DEL01-PE
720535;23/09/2025;terça-feira;21:30:00;MG;381;888,5;CAMBUI;Condutor Dormindo;Saída de leito carroçável;Com Vítimas Feridas;Plena Noite;Crescente;Céu Claro;Dupla;Reta;Não;2;0;1;0;1;0;1;1;-22,52849333;-46,0267067;SPRF-MG;DEL16-MG;UOP01-DEL16-MG
720536;23/09/2025;terça-feira;23:20:00;SC;282;517;XAXIM;Ingestão de álcool pelo condutor;Saída de leito carroçável;Sem Vítimas;Plena Noite;Decrescente;Céu Claro;Simples;Rotatória;Não;1;0;0;0;1;0;0;1;-26,94189483;-52,50405598;SPRF-SC;DEL07-SC;UOP01-DEL07-SC
720537;23/09/2025;terça-feira;22:50:00;SP;116;290;ITAPECERICA DA SERRA;Ingestão de álcool pelo condutor;Colisão com objeto;Sem Vítimas;Plena Noite;Crescente;Nublado;Dupla;Reta;Não;1;0;0;0;1;0;0;1;-23,72595466;-46,8931675;SPRF-SP;DEL04-SP;UOP01-DEL04-SP
720538;24/09/2025;quarta-feira;00:30:00;SP;116;3;GUARULHOS;Ausência de reação do condutor;Colisão traseira;Com Vítimas Feridas;Plena Noite;Crescente;Céu Claro;Dupla;Curva;Não;2;0;1;0;1;0;1;2;-23,42547;-46,487791;SPRF-SP;DEL01-SP;UOP01-DEL01-SP
720539;23/09/2025;terça-feira;23:57:00;PR;277;694;SAO MIGUEL DO IGUACU;Acessar a via sem observar a presença dos outros veículos;Colisão lateral mesmo sentido;Com Vítimas Feridas;Plena Noite;Crescente;Céu Claro;Dupla;"Reta;Interseção de Vias";Não;6;0;1;0;5;0;1;2;-25,3729326;-54,2731461;SPRF-PR;DEL05-PR;UOP01-DEL05-PR
720540;23/09/2025;terça-feira;20:30:00;MA;316;392;BACABAL;Transitar na contramão;Colisão frontal;Com Vítimas Feridas;Plena Noite;Decrescente;Céu Claro;Simples;Curva;Não;5;0;3;0;2;0;3;2;-4,173562;-44,52;SPRF-MA;DEL03-MA;UOP01-DEL03-MA
720541;23/09/2025;terça-feira;22:30:00;SC;470;65;INDAIAL;Ultrapassagem Indevida;Colisão transversal;Com Vítimas Feridas;Plena Noite;Decrescente;Céu Claro;Simples;"Reta;Em Obras";Não;2;0;0;1;1;0;1;2;-26,87054722;-49,22782391;SPRF-SC;DEL04-SC;UOP01-DEL04-SC
720542;24/09/2025;quarta-feira;02:00:00;RS;392;343;SANTA MARIA;Ausência de reação do condutor;Saída de leito carroçável;Com Vítimas Feridas;Plena Noite;Crescente;Céu Claro;Simples;"Reta;Aclive";Não;1;0;1;0;0;0;1;1;-29,79378486;-53,78007174;SPRF-RS;DEL09-RS;UOP01-DEL09-RS
720547;24/09/2025;quarta-feira;05:40:00;SP;116;67,8;APARECIDA;Condutor Dormindo;Colisão com objeto;Com Vítimas Feridas;Amanhecer;Crescente;Nublado;Dupla;Reta;Não;1;0;1;0;0;0;1;1;-22,83248103;-45,21605579;SPRF-SP;DEL08-SP;UOP01-DEL08-SP
720548;24/09/2025;quarta-feira;06:10:00;PB;101;88,7;JOAO PESSOA;Falta de elemento de contenção que evite a saída do leito carroçável;Saída de leito carroçável;Com Vítimas Feridas;Pleno dia;Crescente;Céu Claro;Dupla;Reta;Sim;1;0;0;1;0;0;1;1;-7,1713727;-34,8975742;SPRF-PB;DEL01-PB;UOP01-DEL01-PB
720549;24/09/2025;quarta-feira;06:10:00;RJ;116;177;QUEIMADOS;Reação tardia ou ineficiente do condutor;Colisão lateral mesmo sentido;Com Vítimas Feridas;Pleno dia;Decrescente;Nublado;Múltipla;Reta;Sim;2;0;1;0;1;0;1;2;-22,7347825;-43,5521331;SPRF-RJ;DEL06-RJ;UOP01-DEL06-RJ
720550;23/09/2025;terça-feira;22:45:00;PR;277;73;SAO JOSE DOS PINHAIS;Reação tardia ou ineficiente do condutor;Atropelamento de Pedestre;Com Vítimas Feridas;Plena Noite;Decrescente;Ignorado;Simples;Reta;Sim;2;0;1;0;0;1;1;2;-25,50227813;-49,14943317;SPRF-PR;DEL01-PR;UOP07-DEL01-PR
720551;23/09/2025;terça-feira;22:30:00;MA;135;185;SAO MATEUS DO MARANHAO;Ausência de reação do condutor;Queda de ocupante de veículo;Com Vítimas Fatais;Plena Noite;Crescente;Céu Claro;Simples;Reta;Não;2;1;0;0;0;1;0;2;-4,05335218;-44,471941;SPRF-MA;DEL03-MA;UOP01-DEL03-MA
720552;24/09/2025;quarta-feira;06:35:00;PR;376;549,4;BALSA NOVA;Condutor Dormindo;Saída de leito carroçável;Com Vítimas Feridas;Pleno dia;Crescente;Céu Claro;Dupla;"Declive;Reta";Não;1;0;1;0;0;0;1;1;-25,466537;-49,727512;SPRF-PR;DEL03-PR;UOP03-DEL03-PR
720554;24/09/2025;quarta-feira;06:30:00;RJ;116;137;MAGE;Ultrapassagem Indevida;Colisão lateral mesmo sentido;Com Vítimas Fatais;Pleno dia;Crescente;Nublado;Múltipla;Reta;Não;2;1;0;0;1;0;0;2;-22,64713564;-43,18887591;SPRF-RJ;DEL04-RJ;UOP02-DEL04-RJ
720556;24/09/2025;quarta-feira;07:05:00;PR;277;721;FOZ DO IGUACU;Acessar a via sem observar a presença dos outros veículos;Colisão transversal;Com Vítimas Feridas;Pleno dia;Crescente;Céu Claro;Dupla;"Reta;Retorno Regulamentado";Sim;3;0;3;0;0;0;3;2;-25,5051715;-54,56389368;SPRF-PR;DEL05-PR;UOP03-DEL05-PR
720558;24/09/2025;quarta-feira;07:00:00;SC;470;122,8;IBIRAMA;Acesso irregular;Colisão lateral mesmo sentido;Com Vítimas Feridas;Pleno dia;Decrescente;Nublado;Simples;Curva;Não;3;0;2;0;1;0;2;2;-27,10685488;-49,5221171;SPRF-SC;DEL04-SC;UOP02-DEL04-SC
720559;23/09/2025;terça-feira;23:00:00;RJ;40;67;PETROPOLIS;Condutor Dormindo;Colisão com objeto;Com Vítimas Feridas;Plena Noite;Crescente;Garoa/Chuvisco;Dupla;Reta;Não;3;0;1;1;1;0;2;1;-22,43107147;-43,1686705;SPRF-RJ;DEL05-RJ;UOP02-DEL05-RJ
720560;24/09/2025;quarta-feira;06:55:00;PE;101;89,9;JABOATAO DOS GUARARAPES;Condutor deixou de manter distância do veículo da frente;Colisão traseira;Com Vítimas Feridas;Pleno dia;Crescente;Nublado;Dupla;Reta;Não;4;0;2;0;2;0;2;2;-8,20529;-34,98231;SPRF-PE;DEL01-PE;UOP01-DEL01-PE
720561;24/09/2025;quarta-feira;05:00:00;MS;60;447;SIDROLANDIA;Animais na Pista;Atropelamento de Animal;Com Vítimas Feridas;Pleno dia;Crescente;Céu Claro;Simples;"Reta;Aclive";Não;7;0;2;0;5;0;2;2;-20,99818866;-55,11377184;SPRF-MS;DEL01-MS;UOP04-DEL01-MS
720562;24/09/2025;quarta-feira;07:40:00;SC;101;158,7;PORTO BELO;Acessar a via sem observar a presença dos outros veículos;Colisão transversal;Com Vítimas Feridas;Pleno dia;Crescente;Sol;Dupla;"Reta;Rotatória";Não;3;0;2;0;1;0;2;2;-27,19486925;-48,61305356;SPRF-SC;DEL04-SC;UOP03-DEL04-SC
720564;24/09/2025;quarta-feira;07:48:00;DF;70;18;BRASILIA;Manobra de mudança de faixa;Colisão transversal;Com Vítimas Feridas;Pleno dia;Crescente;Nublado;Dupla;"Reta;Aclive";Não;2;0;1;0;1;0;1;2;-15,78948783;-48,21733028;SPRF-DF;DEL03-DF;UOP02-DEL03-DF
720565;20/09/2025;sábado;19:02:00;AP;210;1;MACAPA;Ingestão de álcool pelo condutor;Tombamento;Com Vítimas Feridas;Plena Noite;Decrescente;Céu Claro;Dupla;Reta;Sim;1;0;1;0;0;0;1;1;0,07967708;-51,07182837;SPRF-AP;DEL01-AP;UOP01-DEL01-AP
720566;11/09/2025;quinta-feira;07:45:00;SC;280;70,8;JARAGUA DO SUL;Trafegar com motocicleta (ou similar) entre as faixas;Colisão transversal;Com Vítimas Feridas;Pleno dia;Decrescente;Nublado;Simples;Reta;Não;2;0;1;0;0;1;1;2;-26,460808;-49,136932;SPRF-SC;DEL03-SC;UOP03-DEL03-SC
720568;24/09/2025;quarta-feira;07:30:00;PR;476;144;CURITIBA;Manobra de mudança de faixa;Colisão lateral mesmo sentido;Com Vítimas Feridas;Pleno dia;Crescente;Nublado;Dupla;Reta;Não;3;0;1;0;1;1;1;2;-25,5446186;-49,31539234;SPRF-PR;DEL01-PR;UOP06-DEL01-PR
720569;24/09/2025;quarta-feira;07:40:00;RS;386;337;MARQUES DE SOUZA;Demais falhas mecânicas ou elétricas;Eventos atípicos;Com Vítimas Feridas;Pleno dia;Crescente;Nublado;Dupla;"Em Obras;Reta";Não;3;0;1;0;2;0;1;1;-29,39686;-52,04192;SPRF-RS;DEL04-RS;UOP01-DEL04-RS
720571;24/09/2025;quarta-feira;08:00:00;SC;282;1,9;FLORIANOPOLIS;Ultrapassagem Indevida;Colisão lateral mesmo sentido;Com Vítimas Feridas;Pleno dia;Decrescente;Céu Claro;Múltipla;Reta;Sim;2;0;1;1;0;0;2;2;-27,603395;-48,5895;SPRF-SC;DEL01-SC;UOP01-DEL01-SC
720572;24/09/2025;quarta-feira;07:45:00;PR;116;105;SAO JOSE DOS PINHAIS;Condutor deixou de manter distância do veículo da frente;Colisão traseira;Com Vítimas Feridas;Pleno dia;Decrescente;Céu Claro;Múltipla;Reta;Sim;2;0;1;0;1;0;1;2;-25,57085649;-49,21401707;SPRF-PR;DEL01-PR;UOP07-DEL01-PR