id;data_inversa;dia_semana;horario;uf;br;km;municipio;causa_acidente;tipo_acidente;classificacao_acidente;fase_dia;sentido_via;condicao_metereologica;tipo_pista;tracado_via;uso_solo;pessoas;mortos;feridos_leves;feridos_graves;ilesos;ignorados;feridos;veiculos;latitude;longitude;regional;delegacia;uop
720575;24/09/2025;quarta-feira;08:01:00;RS;472;572;URUGUAIANA;Condutor deixou de manter distância do veículo da frente;Colisão lateral mesmo sentido;Com Vítimas Feridas;Pleno dia;Decrescente;Céu Claro;Simples;Reta;Sim;4;0;2;0;2;0;2;2;-29,7658972;-57,03170226;SPRF-RS;DEL13-RS;UOP01-DEL13-RS
720576;20/09/2025;sábado;13:40:00;AL;104;92,5;RIO LARGO;Ausência de reação do condutor;Atropelamento de Pedestre;Com Vítimas Feridas;Pleno dia;Decrescente;Céu Claro;Dupla;Reta;Sim;3;0;0;2;1;0;2;2;-9,518458;-35,803047;SPRF-AL;DEL01-AL;UOP01-DEL01-AL
720577;24/09/2025;quarta-feira;08:30:00;ES;101;298;VIANA;Demais falhas mecânicas ou elétricas;Incêndio;Sem Vítimas;Pleno dia;Crescente;Céu Claro;Dupla;Reta;Sim;1;0;0;0;1;0;0;1;-20,34983965;-40,41262719;SPRF-ES;DEL01-ES;UOP01-DEL01-ES
720578;24/09/2025;quarta-feira;08:38:00;PB;230;17,8;JOAO PESSOA;Ausência de reação do condutor;Queda de ocupante de veículo;Com Vítimas Feridas;Pleno dia;Decrescente;Céu Claro;Dupla;Declive;Sim;1;0;1;0;0;0;1;1;-7,128703;-34,847587;SPRF-PB;DEL01-PB;UOP01-DEL01-PB
720579;24/09/2025;quarta-feira;08:20:00;PE;101;56;PAULISTA;Área urbana sem a presença de local apropriado para a travessia de pedestres;Atropelamento de Pedestre;Com Vítimas Feridas;Pleno dia;Decrescente;Céu Claro;Dupla;Reta;Sim;2;0;1;1;0;0;2;2;-7,958253;-34,912084;SPRF-PE;DEL01-PE;UOP02-DEL01-PE
720580;12/09/2025;sexta-feira;14:05:00;MS;376;33;VICENTINA;Ausência de reação do condutor;Saída de leito carroçável;Sem Vítimas;Pleno dia;Crescente;Céu Claro;Simples;Reta;Não;1;0;0;0;0;1;0;1;-22,398574;-54,467685;SPRF-MS;DEL04-MS;UOP01-DEL04-MS
720582;24/09/2025;quarta-feira;06:15:00;RJ;101;324;NITEROI;Mal súbito do condutor;Colisão lateral mesmo sentido;Com Vítimas Feridas;Pleno dia;Crescente;Nublado;Dupla;Reta;Sim;2;0;1;0;1;0;1;2;-22,87317013;-43,13344002;SPRF-RJ;DEL02-RJ;UOP01-DEL02-RJ
720583;20/09/2025;sábado;15:40:00;SC;101;193;BIGUACU;Ingestão de álcool pelo condutor;Saída de leito carroçável;Sem Vítimas;Pleno dia;Crescente;Céu Claro;Dupla;Reta;Sim;1;0;0;0;1;0;0;1;-27,49245;-48,65688;SPRF-SC;DEL01-SC;UOP01-DEL01-SC
720585;13/09/2025;sábado;18:13:00;MS;163;614;SAO GABRIEL DO OESTE;Acessar a via sem observar a presença dos outros veículos;Colisão transversal;Com Vítimas Feridas;Anoitecer;Crescente;Céu Claro;Simples;Reta;Não;3;0;1;0;2;0;1;2;-19,39940566;-54,56523512;SPRF-MS;DEL06-MS;UOP02-DEL06-MS
720586;24/09/2025;quarta-feira;08:20:00;MG;116;524,4;CARATINGA;Velocidade Incompatível;Colisão traseira;Com Vítimas Feridas;Pleno dia;Decrescente;Sol;Simples;Reta;Sim;3;0;2;0;1;0;2;2;-19,76678517;-42,13114858;SPRF-MG;DEL06-MG;UOP02-DEL06-MG
720595;24/09/2025;quarta-feira;09:40:00;GO;364;192;JATAI;Acumulo de óleo sobre o pavimento;Queda de ocupante de veículo;Com Vítimas Feridas;Pleno dia;Decrescente;Céu Claro;Dupla;Reta;Não;1;0;1;0;0;0;1;1;-17,91714309;-51,69483304;SPRF-GO;DEL05-GO;UOP01-DEL05-GO
720596;24/09/2025;quarta-feira;09:30:00;SP;116;219;GUARULHOS;Manobra de mudança de faixa;Colisão com objeto;Com Vítimas Feridas;Pleno dia;Crescente;Nublado;Múltipla;Reta;Sim;2;0;1;0;1;0;1;2;-23,46401158;-46,49702358;SPRF-SP;DEL01-SP;UOP01-DEL01-SP
720598;24/09/2025;quarta-feira;09:40:00;PB;230;5;CABEDELO;Manobra de mudança de faixa;Colisão lateral mesmo sentido;Com Vítimas Feridas;Pleno dia;Crescente;Sol;Dupla;Reta;Não;2;0;1;0;0;1;1;2;-7,012668;-34,832473;SPRF-PB;DEL01-PB;UOP01-DEL01-PB
720600;24/09/2025;quarta-feira;07:28:00;PR;376;260;CALIFORNIA;Animais na Pista;Atropelamento de Animal;Sem Vítimas;Pleno dia;Crescente;Céu Claro;Dupla;Reta;Não;1;0;0;0;1;0;0;1;-23,69477265;-51,34251401;SPRF-PR;DEL07-PR;UOP03-DEL07-PR
720603;24/09/2025;quarta-feira;09:25:00;MG;365;149;PIRAPORA;Ausência de reação do condutor;Saída de leito carroçável;Com Vítimas Feridas;Pleno dia;Crescente;Céu Claro;Simples;Reta;Não;3;0;3;0;0;0;3;1;-17,23623655;-44,82960347;SPRF-MG;DEL10-MG;UOP02-DEL010-MG
720604;24/09/2025;quarta-feira;06:19:00;RJ;116;146,9;DUQUE DE CAXIAS;Transitar no Acostamento;Colisão transversal;Com Vítimas Fatais;Pleno dia;Crescente;Céu Claro;Dupla;Reta;Sim;3;1;1;0;1;0;1;2;-22,668525;-43,26933;SPRF-RJ;DEL01-RJ;UOP02-DEL01-RJ
720608;24/09/2025;quarta-feira;11:26:00;RS;116;267;CANOAS;Demais falhas mecânicas ou elétricas;Queda de ocupante de veículo;Com Vítimas Feridas;Pleno dia;Crescente;Céu Claro;Múltipla;Reta;Sim;2;0;1;0;0;1;1;2;-29,936679;-51,177372;SPRF-RS;DEL01-RS;UOP01-DEL01-RS
720610;24/09/2025;quarta-feira;11:15:00;RN;226;175,7;CURRAIS NOVOS;Ausência de reação do condutor;Colisão traseira;Com Vítimas Feridas;Pleno dia;Crescente;Céu Claro;Dupla;Reta;Sim;2;0;1;0;1;0;1;2;-6,25810581;-36,51285768;SPRF-RN;DEL03-RN;UOP02-DEL03-RN
720611;24/09/2025;quarta-feira;10:50:00;SP;116;213;GUARULHOS;Ausência de reação do condutor;Colisão traseira;Com Vítimas Feridas;Pleno dia;Crescente;Céu Claro;Dupla;Reta;Não;2;0;1;0;1;0;1;2;-23,43960254;-46,43748634;SPRF-SP;DEL01-SP;UOP01-DEL01-SP
720614;24/09/2025;quarta-feira;12:30:00;GO;60;107;GOIANAPOLIS;Acessar a via sem observar a presença dos outros veículos;Colisão transversal;Com Vítimas Feridas;Pleno dia;Crescente;Chuva;Múltipla;Reta;Não;2;0;1;0;1;0;1;2;-16,43583;-49,01894;SPRF-GO;DEL02-GO;UOP01-DEL02-GO
720615;24/09/2025;quarta-feira;12:15:00;PB;230;3,5;CABEDELO;Conversão proibida;Colisão transversal;Com Vítimas Feridas;Pleno dia;Decrescente;Céu Claro;Dupla;"Em Obras;Reta;Desvio Temporário";Sim;2;0;1;0;1;0;1;2;-7,000078;-34,82833;SPRF-PB;DEL01-PB;UOP01-DEL01-PB
720619;24/09/2025;quarta-feira;12:10:00;RJ;116;145;DUQUE DE CAXIAS;Demais falhas mecânicas ou elétricas;Queda de ocupante de veículo;Com Vítimas Feridas;Pleno dia;Decrescente;Nublado;Dupla;Reta;Sim;1;0;1;0;0;0;1;1;-22,66204784;-43,25429383;SPRF-RJ;DEL01-RJ;UOP02-DEL01-RJ
720620;24/09/2025;quarta-feira;12:50:00;PR;369;203,7;APUCARANA;Manobra de mudança de faixa;Colisão traseira;Com Vítimas Feridas;Pleno dia;Crescente;Céu Claro;Simples;"Reta;Aclive";Sim;2;0;1;0;1;0;1;2;-23,54221;-51,45585;SPRF-PR;DEL07-PR;UOP03-DEL07-PR
720621;24/09/2025;quarta-feira;08:00:00;AP;156;741;OIAPOQUE;Restrição de visibilidade em curvas horizontais;Saída de leito carroçável;Sem Vítimas;Pleno dia;Decrescente;Céu Claro;Simples;Curva;Não;2;0;0;0;2;0;0;1;3,380446;-51,711795;SPRF-AP;DEL01-AP;UOP03-DEL01-AP
720622;24/09/2025;quarta-feira;12:10:00;SC;282;218;LAGES;Transitar na contramão;Colisão frontal;Com Vítimas Feridas;Pleno dia;Crescente;Céu Claro;Simples;Interseção de Vias;Sim;3;0;1;0;2;0;1;2;-27,79710776;-50,31340599;SPRF-SC;DEL05-SC;UOP01-DEL05-SC
720624;24/09/2025;quarta-feira;10:35:00;BA;116;22;VITORIA DA CONQUISTA;Reação tardia ou ineficiente do condutor;Saída de leito carroçável;Com Vítimas Feridas;Pleno dia;Decrescente;Céu Claro;Simples;Reta;Não;2;0;2;0;0;0;2;1;-14,882297;-40,807255;SPRF-BA;DEL08-BA;UOP01-DEL08-BA
720626;24/09/2025;quarta-feira;13:46:00;SP;153;62;SAO JOSE DO RIO PRETO;Ausência de reação do condutor;Colisão traseira;Com Vítimas Feridas;Pleno dia;Crescente;Sol;Dupla;Aclive;Sim;4;0;2;0;2;0;2;2;-20,82022805;-49,35736656;SPRF-SP;DEL09-SP;UOP01-DEL09-SP
720631;24/09/2025;quarta-feira;14:00:00;GO;60;101;ANAPOLIS;Pedestre cruzava a pista fora da faixa;Atropelamento de Pedestre;Com Vítimas Feridas;Pleno dia;Crescente;Garoa/Chuvisco;Dupla;"Reta;Aclive";Sim;2;0;0;1;1;0;1;2;-16,39958069;-48,96918721;SPRF-GO;DEL02-GO;UOP01-DEL02-GO
720632;24/09/2025;quarta-feira;14:30:00;PR;277;584;CASCAVEL;Desrespeitar a preferência no cruzamento;Colisão traseira;Com Vítimas Feridas;Pleno dia;Crescente;Céu Claro;Múltipla;Interseção de Vias;Sim;2;0;1;0;1;0;1;2;-24,9647319;-53,4086271;SPRF-PR;DEL04-PR;UOP01-DEL04-PR
720633;20/09/2025;sábado;11:20:00;RJ;116;177;MESQUITA;Frear bruscamente;Colisão traseira;Com Vítimas Feridas;Pleno dia;Crescente;Céu Claro;Dupla;Reta;Sim;3;0;1;0;2;0;1;2;-22,77685047;-43,39941725;SPRF-RJ;DEL06-RJ;UOP01-DEL06-RJ
720634;11/08/2025;segunda-feira;10:00:00;MG;381;1;BETIM;Ausência de reação do condutor;Colisão traseira;Com Vítimas Feridas;Pleno dia;Decrescente;Céu Claro;Dupla;"Aclive;Reta";Sim;3;0;1;0;1;1;1;3;-19,9965668;-44,2090414;SPRF-MG;DEL01-MG;UOP03-DEL01-MG
720635;24/09/2025;quarta-feira;15:20:00;SP;381;45;ATIBAIA;Ultrapassagem Indevida;Colisão lateral mesmo sentido;Com Vítimas Fatais;Pleno dia;Decrescente;Nublado;Múltipla;Reta;Não;5;1;1;0;3;0;1;4;-23,1783014;-46,5794758;SPRF-SP;DEL03-SP;UOP01-DEL03-SP
720637;24/09/2025;quarta-feira;14:10:00;RO;174;15;VILHENA;Ultrapassagem Indevida;Colisão lateral mesmo sentido;Com Vítimas Feridas;Pleno dia;Decrescente;Nublado;Simples;"Reta;Interseção de Vias";Sim;2;0;2;0;0;0;2;2;-12,72280292;-60,12791131;SPRF-RO;DEL04-RO;UOP01-DEL04-RO
720638;24/09/2025;quarta-feira;13:20:00;MG;365;234;BURITIZEIRO;Ausência de reação do condutor;Saída de leito carroçável;Com Vítimas Feridas;Pleno dia;Decrescente;Nublado;Simples;Reta;Não;1;0;1;0;0;0;1;1;-17,701446;-45,410748;SPRF-MG;DEL10-MG;UOP02-DEL010-MG
720643;24/09/2025;quarta-feira;13:37:00;MT;364;261,5;JUSCIMEIRA;Reação tardia ou ineficiente do condutor;Colisão traseira;Com Vítimas Feridas;Pleno dia;Crescente;Sol;Dupla;Reta;Não;2;0;1;0;1;0;1;2;-16,02703758;-54,89350945;SPRF-MT;DEL02-MT;UOP01-DEL02-MT
720644;24/09/2025;quarta-feira;15:25:00;SP;381;57;MAIRIPORA;Acumulo de óleo sobre o pavimento;Colisão com objeto;Com Vítimas Feridas;Pleno dia;Decrescente;Garoa/Chuvisco;Dupla;"Aclive;Curva";Sim;1;0;1;0;0;0;1;1;-23,35595576;-46,55702927;SPRF-SP;DEL03-SP;UOP01-DEL03-SP
720645;24/09/2025;quarta-feira;12:00:00;PI;343;339,3;TERESINA;Reação tardia ou ineficiente do condutor;Saída de leito carroçável;Com Vítimas Feridas;Pleno dia;Crescente;Sol;Dupla;Curva;Sim;2;0;1;0;1;0;1;1;-5,069231;-42,733441;SPRF-PI;DEL01-PI;UOP01-DEL01-PI
720648;24/09/2025;quarta-feira;12:15:00;PR;163;15;BOM JESUS DO SUL;Demais falhas mecânicas ou elétricas;Saída de leito carroçável;Com Vítimas Feridas;Pleno dia;Crescente;Céu Claro;Simples;Curva;Não;2;0;1;0;1;0;1;1;-26,19056372;-53,65499496;SPRF-PR;DEL02-PR;UOP02-DEL02-PR
720651;24/09/2025;quarta-feira;16:20:00;SP;116;148;SAO JOSE DOS CAMPOS;Manobra de mudança de faixa;Colisão traseira;Com Vítimas Feridas;Pleno dia;Decrescente;Nublado;Dupla;Reta;Sim;2;0;1;0;1;0;1;2;-23,1997864;-45,87815221;SPRF-SP;DEL02-SP;UOP01-DEL02-SP
720654;24/09/2025;quarta-feira;15:45:00;SP;116;148;SAO JOSE DOS CAMPOS;Demais falhas mecânicas ou elétricas;Tombamento;Com Vítimas Feridas;Pleno dia;Decrescente;Nublado;Dupla;Reta;Não;1;0;0;1;0;0;1;1;-23,19735394;-45,8751861;SPRF-SP;DEL02-SP;UOP01-DEL02-SP
720656;24/09/2025;quarta-feira;17:00:00;PB;101;85;BAYEUX;Ausência de reação do condutor;Engavetamento;Sem Vítimas;Pleno dia;Crescente;Céu Claro;Dupla;Reta;Sim;4;0;0;0;4;0;0;3;-7,148146;-34,913573;SPRF-PB;DEL01-PB;UOP01-DEL01-PB
720660;24/09/2025;quarta-feira;17:00:00;GO;60;389;RIO VERDE;Objeto estático sobre o leito carroçável;Colisão com objeto;Sem Vítimas;Pleno dia;Decrescente;Céu Claro;Dupla;"Retorno Regulamentado;Reta";Sim;2;0;0;0;2;0;0;1;-17,825048;-50,962133;SPRF-GO;DEL04-GO;UOP02-DEL04-GO
720661;24/09/2025;quarta-feira;17:00:00;SC;101;149;ITAPEMA;Acessar a via sem observar a presença dos outros veículos;Colisão transversal;Com Vítimas Feridas;Pleno dia;Decrescente;Céu Claro;Simples;Reta;Sim;2;0;1;0;1;0;1;2;-27,10987176;-48,61178253;SPRF-SC;DEL04-SC;UOP03-DEL04-SC
720662;24/09/2025;quarta-feira;16:30:00;RJ;101;436;MANGARATIBA;Chuva;Tombamento;Com Vítimas Feridas;Pleno dia;Decrescente;Chuva;Simples;Curva;Não;1;0;1;0;0;0;1;1;-22,9481546;-44,06589255;SPRF-RJ;DEL03-RJ;UOP02-DEL03-RJ
720664;24/09/2025;quarta-feira;17:40:00;SC;280;48;GUARAMIRIM;Reação tardia ou ineficiente do condutor;Colisão traseira;Com Vítimas Feridas;Anoitecer;Decrescente;Céu Claro;Dupla;Reta;Não;2;0;0;1;1;0;1;2;-26,456967;-48,927997;SPRF-SC;DEL03-SC;UOP03-DEL03-SC
720665;24/09/2025;quarta-feira;17:35:00;RS;116;146,8;CAXIAS DO SUL;Acessar a via sem observar a presença dos outros veículos;Colisão transversal;Sem Vítimas;Pleno dia;Crescente;Céu Claro;Dupla;"Reta;Interseção de Vias";Sim;3;0;0;0;3;0;0;3;-29,14838518;-51,14219427;SPRF-RS;DEL05-RS;UOP01-DEL05-RS
720668;24/09/2025;quarta-feira;17:45:00;DF;40;2;BRASILIA;Condutor Dormindo;Saída de leito carroçável;Sem Vítimas;Anoitecer;Crescente;Céu Claro;Dupla;Reta;Sim;1;0;0;0;1;0;0;1;-15,99158239;-47,98640281;SPRF-DF;DEL01-DF;UOP01-DEL01-DF
720669;24/09/2025;quarta-feira;17:40:00;RN;226;14;MACAIBA;Acessar a via sem observar a presença dos outros veículos;Colisão transversal;Com Vítimas Feridas;Anoitecer;Decrescente;Céu Claro;Simples;Interseção de Vias;Sim;2;0;1;0;1;0;1;2;-5,856069;-35,33411264;SPRF-RN;DEL01-RN;UOP02-DEL01-RN
720671;24/09/2025;quarta-feira;18:00:00;RN;101;82;NATAL;Ausência de reação do condutor;Colisão traseira;Com Vítimas Feridas;Plena Noite;Decrescente;Céu Claro;Dupla;Reta;Sim;3;0;3;0;0;0;3;2;-5,769047;-35,271457;SPRF-RN;DEL02-RN;UOP01-DEL02-RN
720672;24/09/2025;quarta-feira;17:40:00;RJ;101;322;NITEROI;Manobra de mudança de faixa;Colisão lateral mesmo sentido;Com Vítimas Feridas;Anoitecer;Decrescente;Céu Claro;Múltipla;"Interseção de Vias;Reta";Sim;4;0;2;0;1;1;2;3;-22,87919755;-43,11238337;SPRF-RJ;DEL02-RJ;UOP01-DEL02-RJ
720674;24/09/2025;quarta-feira;18:20:00;PB;230;15,9;JOAO PESSOA;Frear bruscamente;Tombamento;Com Vítimas Feridas;Plena Noite;Crescente;Nublado;Dupla;Reta;Sim;1;0;1;0;0;0;1;1;-7,1039491;-34,8460756;SPRF-PB;DEL01-PB;UOP01-DEL01-PB
720675;24/09/2025;quarta-feira;17:20:00;BA;324;528;FEIRA DE SANTANA;Reação tardia ou ineficiente do condutor;Colisão traseira;Sem Vítimas;Anoitecer;Decrescente;Céu Claro;Dupla;Reta;Sim;2;0;0;0;1;1;0;2;-12,3157945;-38,8773928;SPRF-BA;DEL01-BA;UOP03-DEL01-BA
720677;24/09/2025;quarta-feira;19:00:00;BA;324;524;FEIRA DE SANTANA;Manobra de mudança de faixa;Colisão lateral mesmo sentido;Com Vítimas Feridas;Plena Noite;Crescente;Céu Claro;Dupla;Reta;Não;2;0;1;0;0;1;1;2;-12,3002715;-38,8970224;SPRF-BA;DEL01-BA;UOP03-DEL01-BA
720681;24/09/2025;quarta-feira;18:10:00;RS;101;23,2;TRES CACHOEIRAS;Desrespeitar a preferência no cruzamento;Colisão transversal;Com Vítimas Feridas;Pleno dia;Crescente;Céu Claro;Simples;Interseção de Vias;Sim;2;0;1;0;1;0;1;2;-29,44864254;-49,91439627;SPRF-RS;DEL03-RS;UOP02-DEL03-RS
720682;24/09/2025;quarta-feira;17:35:00;SC;470;140,4;RIO DO SUL;Acessar a via sem observar a presença dos outros veículos;Colisão transversal;Com Vítimas Feridas;Pleno dia;Crescente;Céu Claro;Simples;"Reta;Aclive";Sim;2;0;1;0;1;0;1;2;-27,204992;-49,64103;SPRF-SC;DEL04-SC;UOP02-DEL04-SC
720683;24/09/2025;quarta-feira;17:50:00;RJ;40;93;PETROPOLIS;Pista Escorregadia;Queda de ocupante de veículo;Com Vítimas Feridas;Anoitecer;Crescente;Chuva;Simples;Curva;Não;1;0;1;0;0;0;1;1;-22,5284852;-43,2228284;SPRF-RJ;DEL01-RJ;UOP01-DEL01-RJ
720684;24/09/2025;quarta-feira;18:30:00;AL;316;263;SATUBA;Conversão proibida;Colisão frontal;Com Vítimas Feridas;Plena Noite;Crescente;Céu Claro;Simples;Reta;Não;3;0;1;0;2;0;1;2;-9,58708;-35,876385;SPRF-AL;DEL02-AL;UOP01-DEL02-AL
720685;24/09/2025;quarta-feira;19:12:00;PE;232;410,4;SERRA TALHADA;Acesso irregular;Colisão transversal;Com Vítimas Feridas;Plena Noite;Decrescente;Céu Claro;Simples;Reta;Sim;2;0;0;2;0;0;2;2;-7,98148;-38,304517;SPRF-PE;DEL04-PE;UOP01-DEL04-PE
720686;24/09/2025;quarta-feira;19:17:00;PE;104;68;CARUARU;Ausência de reação do condutor;Colisão traseira;Com Vítimas Feridas;Plena Noite;Crescente;Céu Claro;Dupla;"Reta;Aclive";Sim;2;0;1;0;0;1;1;2;-8,30323665;-35,98881025;SPRF-PE;DEL02-PE;UOP01-DEL02-PE
720688;24/09/2025;quarta-feira;13:55:00;RO;364;811;PORTO VELHO;Retorno proibido;Colisão traseira;Com Vítimas Feridas;Pleno dia;Decrescente;Céu Claro;Simples;Reta;Não;4;0;0;4;0;0;4;2;-9,2714635;-64,49229687;SPRF-RO;DEL01-RO;UOP02-DEL01-RO
720691;24/09/2025;quarta-feira;18:40:00;RJ;40;7;COMENDADOR LEVY GASPARIAN;Animais na Pista;Atropelamento de Animal;Com Vítimas Feridas;Plena Noite;Crescente;Céu Claro;Dupla;"Reta;Aclive";Não;1;0;1;0;0;0;1;1;-22,03982165;-43,22111607;SPRF-RJ;DEL05-RJ;UOP02-DEL05-RJ
720692;24/09/2025;quarta-feira;19:10:00;MS;163;420;CAMPO GRANDE;Ausência de reação do condutor;Tombamento;Com Vítimas Feridas;Plena Noite;Crescente;Céu Claro;Simples;Reta;Sim;2;0;2;0;0;0;2;1;-20,985175;-54,50577058;SPRF-MS;DEL01-MS;UOP01-DEL01-MS
720693;24/09/2025;quarta-feira;20:15:00;SP;116;212;GUARULHOS;Manobra de mudança de faixa;Colisão traseira;Com Vítimas Feridas;Plena Noite;Decrescente;Nublado;Múltipla;Reta;Sim;4;0;0;1;2;1;1;3;-23,43700327;-46,43134165;SPRF-SP;DEL01-SP;UOP01-DEL01-SP
720694;24/09/2025;quarta-feira;19:22:00;PE;101;82;JABOATAO DOS GUARARAPES;Manobra de mudança de faixa;Colisão lateral mesmo sentido;Com Vítimas Feridas;Plena Noite;Decrescente;Nublado;Dupla;"Reta;Aclive";Sim;1;0;1;0;0;0;1;1;-8,17088181;-34,93758559;SPRF-PE;DEL01-PE;UOP01-DEL01-PE
720696;24/09/2025;quarta-feira;18:30:00;MG;262;144;RIO CASCA;Animais na Pista;Atropelamento de Animal;Com Vítimas Feridas;Plena Noite;Crescente;Céu Claro;Simples;"Reta;Aclive";Não;2;0;1;0;1;0;1;1;-20,04787213;-42,72494613;SPRF-MG;DEL03-MG;UOP03-DEL03-MG
720698;24/09/2025;quarta-feira;20:31:00;GO;70;6,9;AGUAS LINDAS DE GOIAS;Frear bruscamente;Colisão lateral mesmo sentido;Com Vítimas Fatais;Plena Noite;Crescente;Céu Claro;Dupla;Reta;Sim;6;1;0;1;3;1;1;4;-15,744154;-48,267313;SPRF-DF;DEL03-DF;UOP02-DEL03-DF
720703;24/09/2025;quarta-feira;20:00:00;BA;410;32;TUCANO;Manobra de mudança de faixa;Tombamento;Com Vítimas Feridas;Plena Noite;Crescente;Céu Claro;Simples;Reta;Não;2;0;2;0;0;0;2;2;-10,9742734;-38,77275676;SPRF-BA;DEL07-BA;UOP02-DEL07-BA
720704;24/09/2025;quarta-feira;19:20:00;SC;280;147,9;MAFRA;Reação tardia ou ineficiente do condutor;Saída de leito carroçável;Com Vítimas Feridas;Plena Noite;Decrescente;Céu Claro;Simples;Reta;Não;1;0;1;0;0;0;1;1;-26,247572;-49,675992;SPRF-SC;DEL06-SC;UOP03-DEL06-SC
720706;24/09/2025;quarta-feira;21:48:00;RS;116;259;ESTEIO;Ausência de reação do condutor;Tombamento;Com Vítimas Feridas;Plena Noite;Decrescente;Céu Claro;Múltipla;Reta;Sim;1;0;1;0;0;0;1;1;-29,86074674;-51,18080847;SPRF-RS;DEL01-RS;UOP02-DEL01-RS
720707;24/09/2025;quarta-feira;20:00:00;MT;163;1034;MATUPA;Ausência de reação do condutor;Colisão frontal;Com Vítimas Feridas;Plena Noite;Decrescente;Céu Claro;Simples;Reta;Não;2;0;2;0;0;0;2;2;-10,21242;-54,96496;SPRF-MT;DEL06-MT;UOP03-DEL06-MT
720709;24/09/2025;quarta-feira;09:30:00;RJ;101;313;SAO GONCALO;Ausência de reação do condutor;Colisão traseira;Com Vítimas Feridas;Pleno dia;Crescente;Céu Claro;Dupla;Reta;Sim;2;0;1;0;1;0;1;2;-22,81036482;-43,06983948;SPRF-RJ;DEL02-RJ;UOP02-DEL02-RJ
720710;24/09/2025;quarta-feira;21:17:00;MG;262;144;RIO CASCA;Animais na Pista;Atropelamento de Animal;Sem Vítimas;Plena Noite;Crescente;Céu Claro;Simples;"Reta;Aclive";Não;2;0;0;0;2;0;0;1;-20,04014462;-42,73096562;SPRF-MG;DEL03-MG;UOP03-DEL03-MG
720711;24/09/2025;quarta-feira;22:00:00;RS;158;326;SANTA MARIA;Ingestão de álcool pelo condutor;Colisão lateral mesmo sentido;Sem Vítimas;Plena Noite;Crescente;Céu Claro;Simples;Reta;Sim;2;0;0;0;2;0;0;2;-29,71348439;-53,80799692;SPRF-RS;DEL09-RS;UOP01-DEL09-RS
720712;14/09/2025;domingo;11:32:00;RN;437;0,7;MOSSORO;Ausência de reação do condutor;Tombamento;Com Vítimas Feridas;Pleno dia;Crescente;Céu Claro;Simples;Reta;Sim;1;0;1;0;0;0;1;1;-5,215815;-37,503468;SPRF-RN;DEL04-RN;UOP02-DEL04-RN
720713;12/03/2025;quarta-feira;11:05:00;SP;116;451;REGISTRO;Avarias e/ou desgaste excessivo no pneu;Queda de ocupante de veículo;Com Vítimas Feridas;Pleno dia;Crescente;Céu Claro;Dupla;"Aclive;Reta";Sim;1;0;0;1;0;0;1;1;-24,55681951;-47,86509705;SPRF-SP;DEL05-SP;UOP01-DEL05-SP
720715;24/09/2025;quarta-feira;13:00:00;PB;427;28,9;POMBAL;Velocidade Incompatível;Tombamento;Com Vítimas Feridas;Pleno dia;Decrescente;Sol;Simples;Reta;Não;1;0;0;1;0;0;1;1;-6,74095;-37,71819;SPRF-PB;DEL03-PB;UOP02-DEL03-PB
720716;24/09/2025;quarta-feira;17:40:00;RJ;465;6;SEROPEDICA;Ingestão de álcool pelo condutor;Colisão traseira;Sem Vítimas;Plena Noite;Decrescente;Chuva;Dupla;Reta;Não;3;0;0;0;3;0;0;2;-22,7147776;-43,7223424;SPRF-RJ;DEL06-RJ;UOP02-DEL06-RJ
720719;24/09/2025;quarta-feira;23:00:00;PR;369;152,3;LONDRINA;Condutor Dormindo;Colisão frontal;Com Vítimas Feridas;Plena Noite;Decrescente;Céu Claro;Dupla;Reta;Sim;2;0;2;0;0;0;2;2;-23,29220471;-51,182127;SPRF-PR;DEL07-PR;UOP01-DEL07-PR
720720;24/09/2025;quarta-feira;22:50:00;MG;40;783,9;JUIZ DE FORA;Reação tardia ou ineficiente do condutor;Saída de leito carroçável;Com Vítimas Feridas;Plena Noite;Decrescente;Chuva;Dupla;Curva;Não;2;0;2;0;0;0;2;1;-21,729039;-43,436743;SPRF-MG;DEL05-MG;UOP01-DEL05-MG
720722;24/09/2025;quarta-feira;20:00:00;RJ;493;20;MAGE;Ingestão de álcool pelo condutor;Colisão frontal;Sem Vítimas;Plena Noite;Decrescente;Chuva;Dupla;Reta;Não;2;0;0;0;2;0;0;2;-22,65869029;-43,0777359;SPRF-RJ;DEL04-RJ;UOP02-DEL04-RJ
720724;25/09/2025;quinta-feira;00:30:00;MG;153;182;FRUTAL;Ausência de reação do condutor;Saída de leito carroçável;Com Vítimas Feridas;Plena Noite;Crescente;Céu Claro;Simples;Reta;Não;1;0;0;1;0;0;1;1;-19,8488201;-48,963787;SPRF-MG;DEL13-MG;UOP02-DEL13-MG
720726;25/09/2025;quinta-feira;01:20:00;BA;324;613;SALVADOR;Animais na Pista;Atropelamento de Animal;Com Vítimas Feridas;Plena Noite;Crescente;Nublado;Dupla;Reta;Não;1;0;1;0;0;0;1;1;-12,858425;-38,42165;SPRF-BA;DEL01-BA;UOP01-DEL01-BA
720727;25/09/2025;quinta-feira;00:05:00;PR;277;729;FOZ DO IGUACU;Condutor deixou de manter distância do veículo da frente;Colisão traseira;Com Vítimas Feridas;Plena Noite;Decrescente;Céu Claro;Dupla;Reta;Não;3;0;0;2;1;0;2;2;-25,50761953;-54,58387312;SPRF-PR;DEL05-PR;UOP03-DEL05-PR
720728;25/09/2025;quinta-feira;00:55:00;PB;101;85;BAYEUX;Acumulo de areia ou detritos sobre o pavimento;Colisão com objeto;Com Vítimas Feridas;Pleno dia;Crescente;Nublado;Múltipla;Interseção de Vias;Sim;4;0;3;0;1;0;3;1;-7,14322064;-34,91904804;SPRF-PB;DEL01-PB;UOP01-DEL01-PB