id;data_inversa;dia_semana;horario;uf;br;km;municipio;causa_acidente;tipo_acidente;classificacao_acidente;fase_dia;sentido_via;condicao_metereologica;tipo_pista;tracado_via;uso_solo;pessoas;mortos;feridos_leves;feridos_graves;ilesos;ignorados;feridos;veiculos;latitude;longitude;regional;delegacia;uop
720861;25/09/2025;quinta-feira;18:13:00;PR;373;174,2;PONTA GROSSA;Acessar a via sem observar a presença dos outros veículos;Colisão transversal;Com Vítimas Feridas;Anoitecer;Crescente;Céu Claro;Múltipla;Reta;Sim;2;0;1;0;1;0;1;2;-25,073745;-50,210928;SPRF-PR;DEL03-PR;UOP01-DEL03-PR
720863;25/09/2025;quinta-feira;18:50:00;SC;101;144,5;ITAPEMA;Condutor deixou de manter distância do veículo da frente;Colisão traseira;Com Vítimas Feridas;Plena Noite;Decrescente;Nublado;Dupla;Reta;Sim;2;0;1;0;1;0;1;2;-27,0767979;-48,59842815;SPRF-SC;DEL04-SC;UOP03-DEL04-SC
720864;25/09/2025;quinta-feira;09:00:00;MG;365;455;JOAO PINHEIRO;Reação tardia ou ineficiente do condutor;Colisão traseira;Sem Vítimas;Pleno dia;Crescente;Sol;Simples;Reta;Não;2;0;0;0;1;1;0;2;-18;-46;SPRF-MG;DEL10-MG;UOP01-DEL10-MG
720866;25/09/2025;quinta-feira;18:40:00;RS;471;461;RIO GRANDE;Estacionar ou parar em local proibido;Colisão transversal;Sem Vítimas;Plena Noite;Decrescente;Céu Claro;Simples;"Interseção de Vias;Reta";Não;21;0;0;0;20;1;0;2;-32,08010827;-52,27923984;SPRF-RS;DEL07-RS;UOP02-DEL07-RS
720867;25/09/2025;quinta-feira;18:45:00;PR;376;175,8;MARINGA;Ausência de reação do condutor;Colisão traseira;Com Vítimas Feridas;Plena Noite;Crescente;Céu Claro;Múltipla;Reta;Não;3;0;1;0;2;0;1;2;-23,41194;-51,94238;SPRF-PR;DEL09-PR;UOP01-DEL09-PR
720869;25/09/2025;quinta-feira;19:30:00;RJ;101;485;ANGRA DOS REIS;Acessar a via sem observar a presença dos outros veículos;Colisão transversal;Com Vítimas Feridas;Plena Noite;Crescente;Garoa/Chuvisco;Dupla;Interseção de Vias;Sim;2;0;1;0;1;0;1;2;-22,983768;-44,296062;SPRF-RJ;DEL03-RJ;UOP03-DEL03-RJ
720870;25/09/2025;quinta-feira;18:30:00;PR;376;187;MARIALVA;Reação tardia ou ineficiente do condutor;Queda de ocupante de veículo;Com Vítimas Feridas;Amanhecer;Crescente;Céu Claro;Dupla;Reta;Não;1;0;1;0;0;0;1;1;-23,46273902;-51,83514683;SPRF-PR;DEL09-PR;UOP01-DEL09-PR
720871;25/09/2025;quinta-feira;19:35:00;RS;290;339,5;CACAPAVA DO SUL;Transitar na contramão;Colisão frontal;Com Vítimas Feridas;Plena Noite;Crescente;Céu Claro;Simples;"Aclive;Curva";Não;5;0;2;0;3;0;2;2;-30,371797;-53,573785;SPRF-RS;DEL09-RS;UOP02-DEL09-RS
720872;25/09/2025;quinta-feira;17:40:00;MG;116;522,3;CARATINGA;Condutor deixou de manter distância do veículo da frente;Colisão traseira;Com Vítimas Feridas;Anoitecer;Crescente;Nublado;Simples;Reta;Sim;2;0;1;0;1;0;1;2;-19,74868083;-42,13286519;SPRF-MG;DEL06-MG;UOP02-DEL06-MG
720873;25/09/2025;quinta-feira;18:20:00;SC;282;221;LAGES;Iluminação deficiente;Colisão transversal;Sem Vítimas;Plena Noite;Crescente;Céu Claro;Múltipla;Rotatória;Sim;3;0;0;0;3;0;0;2;-27,79479695;-50,3387746;SPRF-SC;DEL05-SC;UOP01-DEL05-SC
720875;23/07/2025;quarta-feira;07:55:00;RN;101;109,6;PARNAMIRIM;Acessar a via sem observar a presença dos outros veículos;Colisão transversal;Com Vítimas Feridas;Pleno dia;Decrescente;Céu Claro;Dupla;Reta;Sim;2;0;1;1;0;0;2;1;-5,93876556;-35,26446557;SPRF-RN;DEL01-RN;UOP01-DEL01-RN
720877;25/09/2025;quinta-feira;19:00:00;RS;116;230;DOIS IRMAOS;Acessar a via sem observar a presença dos outros veículos;Colisão transversal;Com Vítimas Feridas;Plena Noite;Crescente;Nublado;Simples;"Aclive;Reta";Não;2;0;0;1;1;0;1;2;-29,6178786;-51,12085282;SPRF-RS;DEL01-RS;UOP02-DEL01-RS
720878;25/09/2025;quinta-feira;20:20:00;RS;285;428;PANAMBI;Acumulo de areia ou detritos sobre o pavimento;Saída de leito carroçável;Com Vítimas Feridas;Plena Noite;Crescente;Céu Claro;Simples;Reta;Não;2;0;2;0;0;0;2;1;-28,323412;-53,64181694;SPRF-RS;DEL10-RS;UOP01-DEL10-RS
720879;25/09/2025;quinta-feira;18:40:00;DF;80;8,6;BRASILIA;Ausência de reação do condutor;Colisão traseira;Com Vítimas Feridas;Plena Noite;Crescente;Céu Claro;Simples;Reta;Não;2;0;1;0;0;1;1;2;-15,72963284;-48,12108278;SPRF-DF;DEL03-DF;UOP02-DEL03-DF
720880;25/09/2025;quinta-feira;17:20:00;RJ;116;172;RIO DE JANEIRO;Condutor deixou de manter distância do veículo da frente;Colisão traseira;Com Vítimas Feridas;Anoitecer;Decrescente;Garoa/Chuvisco;Múltipla;Reta;Sim;2;0;1;0;1;0;1;2;-22,804473;-43,3452021;SPRF-RJ;DEL06-RJ;UOP01-DEL06-RJ
720881;25/09/2025;quinta-feira;20:30:00;RJ;101;65;CAMPOS DOS GOYTACAZES;Acessar a via sem observar a presença dos outros veículos;Colisão transversal;Com Vítimas Feridas;Plena Noite;Decrescente;Garoa/Chuvisco;Simples;Reta;Sim;4;0;3;0;1;0;3;2;-21,75368742;-41,34391157;SPRF-RJ;DEL08-RJ;UOP02-DEL08-RJ
720882;25/09/2025;quinta-feira;19:40:00;ES;101;348,9;ANCHIETA;Entrada inopinada do pedestre;Atropelamento de Pedestre;Com Vítimas Feridas;Plena Noite;Crescente;Chuva;Dupla;Curva;Não;2;0;0;1;0;1;1;2;-20,65097988;-40,64227865;SPRF-ES;DEL03-ES;UOP01-DEL03-ES
720883;25/09/2025;quinta-feira;18:20:00;BA;116;347;SERRINHA;Ultrapassagem Indevida;Colisão frontal;Com Vítimas Feridas;Plena Noite;Crescente;Céu Claro;Simples;Reta;Não;4;0;3;0;1;0;3;2;-11,56566;-38,98895;SPRF-BA;DEL02-BA;UOP01-DEL02-BA
720884;25/09/2025;quinta-feira;16:30:00;MA;135;128,8;MIRANDA DO NORTE;Ausência de reação do condutor;Colisão frontal;Com Vítimas Fatais;Pleno dia;Crescente;Sol;Simples;"Reta;Em Obras";Não;2;1;0;1;0;0;1;2;-3,583438;-44,575627;SPRF-MA;DEL01-MA;UOP02-DEL01-MA
720885;25/09/2025;quinta-feira;18:30:00;MG;116;415;GOVERNADOR VALADARES;Acessar a via sem observar a presença dos outros veículos;Colisão transversal;Com Vítimas Feridas;Plena Noite;Decrescente;Céu Claro;Simples;Interseção de Vias;Sim;4;0;3;0;1;0;3;2;-18,88560626;-41,94656163;SPRF-MG;DEL06-MG;UOP01-DEL06-MG
720887;21/09/2025;domingo;11:30:00;RJ;116;113,5;MAGE;Sinalização mal posicionada;Colisão traseira;Com Vítimas Feridas;Pleno dia;Crescente;Céu Claro;Dupla;"Reta;Em Obras";Não;2;0;2;0;0;0;2;1;-22,6593899;-43,091022;SPRF-RJ;DEL04-RJ;UOP02-DEL04-RJ
720889;25/09/2025;quinta-feira;16:37:00;PE;101;42;IGARASSU;Desrespeitar a preferência no cruzamento;Colisão transversal;Sem Vítimas;Pleno dia;Crescente;Céu Claro;Múltipla;Retorno Regulamentado;Sim;2;0;0;0;1;1;0;2;-7,84464912;-34,910619;SPRF-PE;DEL01-PE;UOP02-DEL01-PE
720890;25/09/2025;quinta-feira;19:40:00;BA;20;47;CORRENTINA;Suicídio (presumido);Eventos atípicos;Com Vítimas Fatais;Plena Noite;Crescente;Nublado;Simples;Reta;Não;41;1;0;0;40;0;0;1;-13,53972;-46,10905;SPRF-BA;DEL10-BA;UOP02-DEL10-BA
720891;25/09/2025;quinta-feira;21:05:00;RS;392;707,8;PORTO XAVIER;Ausência de reação do condutor;Saída de leito carroçável;Com Vítimas Fatais;Plena Noite;Decrescente;Céu Claro;Simples;Curva;Não;1;1;0;0;0;0;0;1;-28,0055231;-55,120232;SPRF-RS;DEL10-RS;UOP01-DEL10-RS
720893;25/09/2025;quinta-feira;19:00:00;RJ;116;175;SAO JOAO DE MERITI;Manobra de mudança de faixa;Colisão lateral mesmo sentido;Com Vítimas Feridas;Plena Noite;Crescente;Nublado;Dupla;Reta;Não;3;0;1;0;2;0;1;2;-22,79195687;-43,368081;SPRF-RJ;DEL06-RJ;UOP01-DEL06-RJ
720894;25/09/2025;quinta-feira;19:30:00;RJ;465;5;SEROPEDICA;Ausência de reação do condutor;Colisão transversal;Com Vítimas Feridas;Plena Noite;Crescente;Céu Claro;Simples;Reta;Sim;2;0;1;0;1;0;1;2;-22,74042009;-43,7060318;SPRF-RJ;DEL06-RJ;UOP02-DEL06-RJ
720895;25/09/2025;quinta-feira;19:27:00;RO;364;678;CANDEIAS DO JAMARI;Condutor deixou de manter distância do veículo da frente;Colisão traseira;Sem Vítimas;Pleno dia;Crescente;Céu Claro;Simples;"Reta;Declive";Não;5;0;0;0;5;0;0;2;-8,78375;-63,57063;SPRF-RO;DEL01-RO;UOP01-DEL01-RO
720898;25/09/2025;quinta-feira;18:55:00;RO;435;85;COLORADO DO OESTE;Desrespeitar a preferência no cruzamento;Colisão transversal;Com Vítimas Feridas;Pleno dia;Decrescente;Céu Claro;Dupla;Interseção de Vias;Sim;2;0;1;0;1;0;1;2;-13,12044;-60,54111;SPRF-RO;DEL04-RO;UOP02-DEL04-RO
720904;25/09/2025;quinta-feira;22:25:00;SC;282;2,9;FLORIANOPOLIS;Manobra de mudança de faixa;Colisão traseira;Com Vítimas Feridas;Plena Noite;Crescente;Nublado;Múltipla;"Em Obras;Curva";Sim;5;0;2;0;3;0;2;3;-27,602859;-48,593197;SPRF-SC;DEL01-SC;UOP01-DEL01-SC
720906;25/09/2025;quinta-feira;22:25:00;RS;116;522;PELOTAS;Transitar na contramão;Colisão com objeto;Com Vítimas Feridas;Plena Noite;Crescente;Céu Claro;Dupla;"Reta;Ponte";Não;4;0;1;0;2;1;1;2;-31,71561383;-52,37595527;SPRF-RS;DEL07-RS;UOP01-DEL07-RS
720907;25/09/2025;quinta-feira;21:45:00;PA;10;52,7;ULIANOPOLIS;Transitar na contramão;Colisão lateral sentido oposto;Sem Vítimas;Plena Noite;Decrescente;Céu Claro;Simples;Curva;Não;2;0;0;0;2;0;0;2;-3,99676115;-47,54664212;SPRF-PA;DEL02-PA;UOP02-DEL02-PA
720908;25/09/2025;quinta-feira;19:00:00;MT;163;10,8;ITIQUIRA;Ingestão de álcool pelo condutor;Saída de leito carroçável;Sem Vítimas;Plena Noite;Crescente;Céu Claro;Dupla;Declive;Não;1;0;0;0;1;0;0;1;-17,423173;-54,75049;SPRF-MT;DEL02-MT;UOP03-DEL02-MT
720909;25/09/2025;quinta-feira;21:40:00;PR;369;126,5;JATAIZINHO;Suicídio (presumido);Atropelamento de Pedestre;Com Vítimas Fatais;Plena Noite;Crescente;Céu Claro;Dupla;Reta;Não;2;1;0;0;1;0;0;2;-23,28593714;-50,91549397;SPRF-PR;DEL07-PR;UOP01-DEL07-PR
720910;25/09/2025;quinta-feira;19:50:00;PR;373;396;CANDOI;Ausência de reação do condutor;Saída de leito carroçável;Com Vítimas Feridas;Plena Noite;Decrescente;Céu Claro;Simples;Reta;Não;1;0;1;0;0;0;1;1;-25,55057;-52,02784;SPRF-PR;DEL08-PR;UOP01-DEL08-PR
720911;14/09/2025;domingo;22:40:00;PR;153;403;MALLET;Reação tardia ou ineficiente do condutor;Colisão frontal;Sem Vítimas;Plena Noite;Decrescente;Ignorado;Simples;Curva;Não;5;0;0;0;4;1;0;3;-25,99298;-50,83884;SPRF-PR;DEL08-PR;UOP02-DEL08-PR
720912;25/09/2025;quinta-feira;22:15:00;PE;423;98;GARANHUNS;Animais na Pista;Queda de ocupante de veículo;Com Vítimas Feridas;Plena Noite;Crescente;Garoa/Chuvisco;Simples;Reta;Sim;2;0;2;0;0;0;2;1;-8,876102;-36,504292;SPRF-PE;DEL03-PE;UOP01-DEL03-PE
720913;25/09/2025;quinta-feira;23:00:00;MG;40;668;CARANDAI;Ausência de reação do condutor;Saída de leito carroçável;Com Vítimas Feridas;Plena Noite;Crescente;Céu Claro;Simples;Reta;Sim;1;0;1;0;0;0;1;1;-20,955565;-43,791518;SPRF-MG;DEL05-MG;UOP02-DEL05-MG
720914;26/09/2025;sexta-feira;00:25:00;PA;316;73,4;SAO FRANCISCO DO PARA;Reação tardia ou ineficiente do condutor;Tombamento;Com Vítimas Feridas;Plena Noite;Crescente;Céu Claro;Simples;Curva;Não;1;0;0;1;0;0;1;1;-1,289825;-47,835453;SPRF-PA;DEL01-PA;UOP01-DEL01-PA
720915;25/09/2025;quinta-feira;23:00:00;PE;424;105;BREJAO;Pedestre andava na pista;Atropelamento de Pedestre;Com Vítimas Feridas;Plena Noite;Crescente;Nevoeiro/Neblina;Simples;Curva;Não;2;0;0;1;1;0;1;2;-9,01229297;-36,46396637;SPRF-PE;DEL03-PE;UOP01-DEL03-PE
720917;26/09/2025;sexta-feira;03:00:00;MG;381;498;BETIM;Pista Escorregadia;Tombamento;Com Vítimas Feridas;Pleno dia;Decrescente;Céu Claro;Dupla;Reta;Não;2;0;1;1;0;0;2;1;-19,98990555;-44,20536554;SPRF-MG;DEL01-MG;UOP03-DEL01-MG
720918;26/09/2025;sexta-feira;02:40:00;RS;116;152;CAXIAS DO SUL;Condutor desrespeitou a iluminação vermelha do semáforo;Colisão transversal;Com Vítimas Feridas;Plena Noite;Crescente;Céu Claro;Dupla;Reta;Sim;2;0;1;0;0;1;1;2;-29,185842;-51,1767389;SPRF-RS;DEL05-RS;UOP01-DEL05-RS
720919;26/09/2025;sexta-feira;03:50:00;RS;116;239;NOVO HAMBURGO;Ingestão de álcool pelo condutor;Colisão com objeto;Com Vítimas Feridas;Plena Noite;Crescente;Céu Claro;Dupla;"Desvio Temporário;Em Obras;Reta";Sim;1;0;0;1;0;0;1;1;-29,6938111;-51,1444556;SPRF-RS;DEL01-RS;UOP02-DEL01-RS
720924;26/09/2025;sexta-feira;04:30:00;DF;20;9;BRASILIA;Ingestão de álcool pelo condutor;Colisão frontal;Sem Vítimas;Plena Noite;Crescente;Céu Claro;Múltipla;Viaduto;Sim;2;0;0;0;2;0;0;2;-15,6536151;-47,7816381;SPRF-DF;DEL02-DF;UOP01-DEL02-DF
720927;26/09/2025;sexta-feira;05:50:00;MG;381;430;SABARA;Acessar a via sem observar a presença dos outros veículos;Atropelamento de Pedestre;Com Vítimas Feridas;Plena Noite;Crescente;Céu Claro;Simples;Reta;Não;2;0;0;1;1;0;1;2;-19,79036871;-43,7443648;SPRF-MG;DEL01-MG;UOP01-DEL01-MG
720929;26/09/2025;sexta-feira;05:30:00;SP;116;225;GUARULHOS;Reação tardia ou ineficiente do condutor;Colisão com objeto;Sem Vítimas;Pleno dia;Crescente;Nublado;Múltipla;"Em Obras;Reta";Sim;1;0;0;0;0;1;0;1;-23,4883906;-46,54532713;SPRF-SP;DEL01-SP;UOP01-DEL01-SP
720930;26/09/2025;sexta-feira;05:20:00;RJ;116;273;BARRA MANSA;Condutor Dormindo;Colisão com objeto;Com Vítimas Feridas;Amanhecer;Crescente;Nublado;Dupla;Curva;Não;2;0;2;0;0;0;2;1;-22,5622195;-44,14554343;SPRF-RJ;DEL07-RJ;UOP02-DEL07-RJ
720931;26/09/2025;sexta-feira;06:30:00;SP;116;222;GUARULHOS;Manobra de mudança de faixa;Colisão lateral mesmo sentido;Com Vítimas Feridas;Pleno dia;Decrescente;Nublado;Dupla;Reta;Sim;2;0;1;0;0;1;1;2;-23,4750414;-46,52386821;SPRF-SP;DEL01-SP;UOP01-DEL01-SP
720932;26/09/2025;sexta-feira;05:20:00;RO;364;13;VILHENA;Ingestão de álcool pelo condutor;Queda de ocupante de veículo;Com Vítimas Feridas;Amanhecer;Crescente;Céu Claro;Dupla;Reta;Sim;1;0;1;0;0;0;1;1;-12,74048411;-60,13225079;SPRF-RO;DEL04-RO;UOP01-DEL04-RO
720933;26/09/2025;sexta-feira;06:30:00;PR;476;152,5;ARAUCARIA;Reação tardia ou ineficiente do condutor;Colisão traseira;Com Vítimas Feridas;Amanhecer;Decrescente;Nublado;Dupla;Reta;Sim;2;0;1;0;1;0;1;2;-25,57434381;-49,38866711;SPRF-PR;DEL01-PR;UOP06-DEL01-PR
720936;20/07/2025;domingo;10:25:00;MA;222;241;ARARI;Ausência de reação do condutor;Engavetamento;Com Vítimas Feridas;Pleno dia;Decrescente;Céu Claro;Simples;Reta;Não;4;0;1;0;2;1;1;3;-3,57972677;-44,65805054;SPRF-MA;DEL01-MA;UOP02-DEL01-MA
720937;26/09/2025;sexta-feira;07:15:00;SC;470;66;BLUMENAU;Acessar a via sem observar a presença dos outros veículos;Colisão transversal;Com Vítimas Feridas;Amanhecer;Decrescente;Sol;Simples;"Reta;Interseção de Vias";Sim;2;0;0;1;1;0;1;2;-26,8766762;-49,1317396;SPRF-SC;DEL04-SC;UOP01-DEL04-SC
720942;26/09/2025;sexta-feira;08:20:00;PR;277;80,2;CURITIBA;Trafegar com motocicleta (ou similar) entre as faixas;Colisão traseira;Com Vítimas Feridas;Pleno dia;Crescente;Garoa/Chuvisco;Dupla;Reta;Sim;3;0;1;0;2;0;1;2;-25,47055804;-49,21201078;SPRF-PR;DEL01-PR;UOP03-DEL01-PR
720943;26/09/2025;sexta-feira;08:00:00;RJ;101;310;SAO GONCALO;Reação tardia ou ineficiente do condutor;Colisão traseira;Com Vítimas Feridas;Pleno dia;Crescente;Céu Claro;Dupla;Reta;Não;3;0;1;0;2;0;1;2;-22,79798039;-43,04735899;SPRF-RJ;DEL02-RJ;UOP02-DEL02-RJ
720944;14/09/2025;domingo;21:00:00;MS;376;32,5;FATIMA DO SUL;Avarias e/ou desgaste excessivo no pneu;Tombamento;Com Vítimas Feridas;Plena Noite;Decrescente;Céu Claro;Simples;Reta;Não;2;0;2;0;0;0;2;1;-22,40086217;-54,45709026;SPRF-MS;DEL04-MS;UOP01-DEL04-MS
720945;26/09/2025;sexta-feira;07:45:00;PR;277;83;CURITIBA;Ausência de reação do condutor;Saída de leito carroçável;Sem Vítimas;Pleno dia;Decrescente;Chuva;Simples;Curva;Sim;1;0;0;0;1;0;0;1;-25,44445;-49,233027;SPRF-PR;DEL01-PR;UOP03-DEL01-PR
720948;26/09/2025;sexta-feira;07:00:00;DF;251;22;BRASILIA;Ausência de reação do condutor;Queda de ocupante de veículo;Com Vítimas Feridas;Pleno dia;Decrescente;Nublado;Simples;Aclive;Não;1;0;1;0;0;0;1;1;-15,95765119;-47,67062757;SPRF-DF;DEL01-DF;UOP01-DEL01-DF
720949;26/09/2025;sexta-feira;09:10:00;MG;381;0;BETIM;Ausência de reação do condutor;Colisão traseira;Com Vítimas Feridas;Pleno dia;Crescente;Céu Claro;Dupla;Reta;Não;3;0;1;0;2;0;1;2;-19,96099505;-44,15575929;SPRF-MG;DEL01-MG;UOP03-DEL01-MG
720950;26/09/2025;sexta-feira;06:45:00;MT;163;687;LUCAS DO RIO VERDE;Desrespeitar a preferência no cruzamento;Colisão transversal;Com Vítimas Feridas;Pleno dia;Crescente;Céu Claro;Dupla;"Interseção de Vias;Reta";Não;3;0;0;1;2;0;1;2;-13,079588;-55,93713;SPRF-MT;DEL06-MT;UOP01-DEL06-MT
720952;26/09/2025;sexta-feira;05:30:00;RJ;116;142;DUQUE DE CAXIAS;Reação tardia ou ineficiente do condutor;Tombamento;Com Vítimas Feridas;Amanhecer;Decrescente;Chuva;Múltipla;Curva;Sim;1;0;1;0;0;0;1;1;-22,64817605;-43,22845935;SPRF-RJ;DEL01-RJ;UOP02-DEL01-RJ
720953;26/09/2025;sexta-feira;07:50:00;RO;425;127;GUAJARA-MIRIM;Estacionar ou parar em local proibido;Colisão traseira;Com Vítimas Feridas;Pleno dia;Crescente;Céu Claro;Dupla;Reta;Sim;2;0;1;0;1;0;1;2;-10,77241448;-65,32463104;SPRF-RO;DEL01-RO;UOP03-DEL01-RO
720955;26/09/2025;sexta-feira;06:50:00;SP;116;545;BARRA DO TURVO;Ausência de reação do condutor;Saída de leito carroçável;Com Vítimas Feridas;Amanhecer;Crescente;Garoa/Chuvisco;Simples;"Curva;Declive";Não;1;0;1;0;0;0;1;1;-24,95299922;-48,43008399;SPRF-SP;DEL05-SP;UOP02-DEL05-SP
720956;26/09/2025;sexta-feira;07:50:00;BA;116;422;FEIRA DE SANTANA;Condutor deixou de manter distância do veículo da frente;Colisão traseira;Com Vítimas Feridas;Pleno dia;Crescente;Nublado;Dupla;Rotatória;Sim;2;0;0;1;0;1;1;2;-12,22987525;-38,96506257;SPRF-BA;DEL02-BA;UOP01-DEL02-BA
720957;26/09/2025;sexta-feira;05:00:00;BA;420;319,4;SANTA INES;Condutor Dormindo;Saída de leito carroçável;Com Vítimas Feridas;Plena Noite;Decrescente;Ignorado;Simples;Curva;Não;1;0;0;1;0;0;1;1;-13,362183;-39,88289;SPRF-BA;DEL03-BA;UOP01-DEL03-BA
720958;25/09/2025;quinta-feira;22:00:00;BA;116;662;JEQUIE;Reação tardia ou ineficiente do condutor;Saída de leito carroçável;Com Vítimas Feridas;Plena Noite;Crescente;Céu Claro;Simples;Reta;Não;2;0;1;0;1;0;1;1;-13,771916;-40,101927;SPRF-BA;DEL03-BA;UOP01-DEL03-BA
720959;26/09/2025;sexta-feira;09:00:00;ES;262;166;IBATIBA;Ausência de reação do condutor;Saída de leito carroçável;Com Vítimas Feridas;Pleno dia;Crescente;Sol;Simples;Curva;Não;1;0;0;1;0;0;1;1;-20,25231103;-41,56551565;SPRF-ES;DEL01-ES;UOP02-DEL01-ES
720961;26/09/2025;sexta-feira;09:15:00;PR;116;112;CURITIBA;Mal súbito do condutor;Tombamento;Com Vítimas Feridas;Pleno dia;Crescente;Garoa/Chuvisco;Dupla;Reta;Sim;1;0;1;0;0;0;1;1;-25,553452;-49,276145;SPRF-PR;DEL01-PR;UOP03-DEL01-PR
720962;26/09/2025;sexta-feira;08:40:00;SC;101;274,3;IMBITUBA;Reação tardia ou ineficiente do condutor;Colisão traseira;Com Vítimas Feridas;Pleno dia;Decrescente;Nublado;Múltipla;Reta;Sim;2;0;1;0;1;0;1;2;-28,144182;-48,692692;SPRF-SC;DEL02-SC;UOP03-DEL02-SC
720964;26/09/2025;sexta-feira;07:18:00;AC;364;124;RIO BRANCO;Acessar a via sem observar a presença dos outros veículos;Colisão traseira;Com Vítimas Feridas;Pleno dia;Crescente;Nublado;Dupla;Rotatória;Sim;2;0;1;0;1;0;1;2;-10,0113837;-67,7978868;SPRF-AC;DEL01-AC;UOP01-DEL01-AC
720966;26/09/2025;sexta-feira;09:30:00;GO;40;14,7;LUZIANIA;Reação tardia ou ineficiente do condutor;Tombamento;Com Vítimas Feridas;Pleno dia;Decrescente;Sol;Dupla;Reta;Sim;1;0;1;0;0;0;1;1;-16,164457;-47,930204;SPRF-DF;DEL01-DF;UOP01-DEL01-DF
720968;26/09/2025;sexta-feira;09:48:00;RJ;116;186;NOVA IGUACU;Acessar a via sem observar a presença dos outros veículos;Colisão transversal;Com Vítimas Feridas;Pleno dia;Crescente;Céu Claro;Dupla;Reta;Não;3;0;1;0;2;0;1;2;-22,73944573;-43,46888479;SPRF-RJ;DEL06-RJ;UOP01-DEL06-RJ
720969;26/09/2025;sexta-feira;08:50:00;SC;101;6,5;GARUVA;Manobra de mudança de faixa;Colisão transversal;Com Vítimas Feridas;Pleno dia;Decrescente;Nublado;Múltipla;Reta;Não;2;0;1;0;1;0;1;2;-26,03302934;-48,86026651;SPRF-SC;DEL03-SC;UOP01-DEL03-SC
720970;26/09/2025;sexta-feira;08:20:00;BA;324;618;SALVADOR;Ausência de reação do condutor;Queda de ocupante de veículo;Com Vítimas Feridas;Pleno dia;Decrescente;Chuva;Múltipla;Reta;Sim;1;0;1;0;0;0;1;1;-12,90511306;-38,45576406;SPRF-BA;DEL01-BA;UOP01-DEL01-BA
720974;26/09/2025;sexta-feira;09:10:00;RJ;116;306;RESENDE;Condutor deixou de manter distância do veículo da frente;Colisão lateral mesmo sentido;Com Vítimas Feridas;Pleno dia;Decrescente;Garoa/Chuvisco;Dupla;Reta;Não;1;0;1;0;0;0;1;1;-22,45607111;-44,39780116;SPRF-RJ;DEL07-RJ;UOP02-DEL07-RJ
720975;26/09/2025;sexta-feira;08:20:00;SC;282;4,3;FLORIANOPOLIS;Trafegar com motocicleta (ou similar) entre as faixas;Colisão lateral mesmo sentido;Com Vítimas Feridas;Pleno dia;Decrescente;Nublado;Dupla;Reta;Sim;2;0;1;0;1;0;1;2;-27,592102;-48,605231;SPRF-SC;DEL01-SC;UOP01-DEL01-SC
720977;26/09/2025;sexta-feira;10:50:00;MG;40;547,3;NOVA LIMA;Reação tardia ou ineficiente do condutor;Colisão traseira;Com Vítimas Feridas;Pleno dia;Decrescente;Céu Claro;Dupla;Reta;Não;3;0;2;0;1;0;2;3;-20,027746;-43,969465;SPRF-MG;DEL01-MG;UOP02-DEL01-MG
720978;26/09/2025;sexta-feira;11:01:00;PI;316;20,1;TERESINA;Acumulo de óleo sobre o pavimento;Tombamento;Com Vítimas Feridas;Pleno dia;Crescente;Sol;Múltipla;Reta;Não;2;0;1;0;1;0;1;1;-5,2686372;-42,72732602;SPRF-PI;DEL01-PI;UOP02-DEL01-PI
720979;26/09/2025;sexta-feira;10:50:00;SE;101;107,1;SAO CRISTOVAO;Manobra de mudança de faixa;Tombamento;Com Vítimas Feridas;Pleno dia;Crescente;Sol;Dupla;Reta;Não;3;0;0;2;0;1;2;2;-10,96017;-37,25289;SPRF-SE;DEL02-SE;UOP01-DEL02-SE
720981;26/09/2025;sexta-feira;11:12:00;RN;101;112;SAO JOSE DE MIPIBU;Avarias e/ou desgaste excessivo no pneu;Queda de ocupante de veículo;Com Vítimas Feridas;Pleno dia;Crescente;Céu Claro;Dupla;Reta;Sim;2;0;2;0;0;0;2;1;-5,972658;-35,264998;SPRF-RN;DEL01-RN;UOP01-DEL01-RN
720985;26/09/2025;sexta-feira;11:45:00;SC;101;336;TUBARAO;Demais falhas mecânicas ou elétricas;Saída de leito carroçável;Com Vítimas Feridas;Pleno dia;Crescente;Céu Claro;Dupla;Curva;Sim;1;0;1;0;0;0;1;1;-28,48627011;-49,03795838;SPRF-SC;DEL02-SC;UOP01-DEL02-SC
720988;26/09/2025;sexta-feira;11:45:00;BA;324;2;FEIRA DE SANTANA;Pista esburacada;Queda de ocupante de veículo;Com Vítimas Feridas;Pleno dia;Crescente;Céu Claro;Dupla;Reta;Não;1;0;1;0;0;0;1;1;-12,28548369;-38,95250984;SPRF-BA;DEL02-BA;UOP01-DEL02-BA
720989;20/09/2025;sábado;08:20:00;SC;280;82;CORUPA;Condutor deixou de manter distância do veículo da frente;Colisão traseira;Com Vítimas Feridas;Pleno dia;Decrescente;Céu Claro;Simples;"Rotatória;Interseção de Vias";Não;3;0;1;0;2;0;1;2;-26,43556;-49,24542;SPRF-SC;DEL06-SC;UOP03-DEL06-SC
720990;26/09/2025;sexta-feira;12:00:00;MG;262;788;UBERABA;Reação tardia ou ineficiente do condutor;Colisão traseira;Com Vítimas Feridas;Pleno dia;Crescente;Sol;Simples;Reta;Não;3;0;1;0;2;0;1;2;-19,76064544;-47,84254074;SPRF-MG;DEL13-MG;UOP01-DEL13-MG