id;data_inversa;dia_semana;horario;uf;br;km;municipio;causa_acidente;tipo_acidente;classificacao_acidente;fase_dia;sentido_via;condicao_metereologica;tipo_pista;tracado_via;uso_solo;pessoas;mortos;feridos_leves;feridos_graves;ilesos;ignorados;feridos;veiculos;latitude;longitude;regional;delegacia;uop
721236;27/09/2025;sábado;13:00:00;PR;277;0,3;PARANAGUA;Entrada inopinada do pedestre;Atropelamento de Pedestre;Com Vítimas Feridas;Pleno dia;Crescente;Nublado;Simples;Reta;Sim;2;0;1;0;1;0;1;2;-25,51883337;-48,54227392;SPRF-PR;DEL01-PR;UOP05-DEL01-PR
721237;27/09/2025;sábado;14:27:00;RJ;40;92;PETROPOLIS;Pista Escorregadia;Queda de ocupante de veículo;Com Vítimas Feridas;Pleno dia;Crescente;Céu Claro;Simples;Curva;Não;1;0;1;0;0;0;1;1;-22,55980572;-43,23154449;SPRF-RJ;DEL01-RJ;UOP01-DEL01-RJ
721238;23/09/2025;terça-feira;21:30:00;RJ;101;312;SAO GONCALO;Acessar a via sem observar a presença dos outros veículos;Colisão lateral mesmo sentido;Com Vítimas Feridas;Plena Noite;Decrescente;Céu Claro;Dupla;Reta;Sim;2;0;1;0;1;0;1;2;-22,80688358;-43,06468964;SPRF-RJ;DEL02-RJ;UOP02-DEL02-RJ
721239;27/09/2025;sábado;14:30:00;PR;116;129,8;FAZENDA RIO GRANDE;Condutor usando celular;Colisão traseira;Com Vítimas Feridas;Pleno dia;Decrescente;Céu Claro;Dupla;"Reta;Interseção de Vias";Sim;2;0;1;0;1;0;1;2;-25,63713976;-49,31326077;SPRF-PR;DEL01-PR;UOP03-DEL01-PR
721242;27/09/2025;sábado;14:10:00;SC;280;55;GUARAMIRIM;Velocidade Incompatível;Colisão com objeto;Com Vítimas Feridas;Pleno dia;Decrescente;Nublado;Dupla;Reta;Não;3;0;1;0;2;0;1;1;-26,47555217;-48,98981659;SPRF-SC;DEL03-SC;UOP03-DEL03-SC
721243;27/09/2025;sábado;12:45:00;MS;267;482;JARDIM;Conversão proibida;Colisão transversal;Com Vítimas Feridas;Pleno dia;Decrescente;Céu Claro;Simples;Reta;Não;3;0;2;0;0;1;2;2;-21,4827371;-56,14926545;SPRF-MS;DEL05-MS;UOP01-DEL05-MS
721246;27/09/2025;sábado;15:00:00;SE;235;32;AREIA BRANCA;Acesso irregular;Colisão transversal;Com Vítimas Feridas;Pleno dia;Crescente;Garoa/Chuvisco;Simples;"Declive;Reta";Sim;2;0;1;0;1;0;1;2;-10,76686942;-37,30051517;SPRF-SE;DEL01-SE;UOP02-DEL01-SE
721248;27/09/2025;sábado;14:00:00;PE;232;34;MORENO;Ausência de reação do condutor;Tombamento;Com Vítimas Feridas;Pleno dia;Decrescente;Céu Claro;Simples;Reta;Sim;2;0;0;2;0;0;2;2;-8,10864;-35,19079;SPRF-PE;DEL02-PE;UOP02-DEL02PE
721250;27/09/2025;sábado;15:35:00;ES;101;65;SAO MATEUS;Ausência de reação do condutor;Atropelamento de Pedestre;Com Vítimas Feridas;Pleno dia;Crescente;Céu Claro;Simples;Reta;Sim;2;0;1;0;0;1;1;2;-18,71775866;-39,87254904;SPRF-ES;DEL04-ES;UOP02-DEL04-ES
721251;27/09/2025;sábado;15:35:00;RN;101;83;SAO GONCALO DO AMARANTE;Entrada inopinada do pedestre;Atropelamento de Pedestre;Com Vítimas Feridas;Pleno dia;Decrescente;Céu Claro;Dupla;Reta;Sim;2;0;1;0;1;0;1;2;-5,771303;-35,265997;SPRF-RN;DEL02-RN;UOP01-DEL02-RN
721252;27/09/2025;sábado;15:28:00;PR;469;1;FOZ DO IGUACU;Ultrapassagem Indevida;Colisão lateral mesmo sentido;Com Vítimas Feridas;Pleno dia;Decrescente;Céu Claro;Dupla;Em Obras;Sim;2;0;1;0;1;0;1;2;-25,5763833;-54,55317114;SPRF-PR;DEL05-PR;UOP04-DEL05-PR
721253;27/09/2025;sábado;15:20:00;RJ;101;50,6;CAMPOS DOS GOYTACAZES;Acessar a via sem observar a presença dos outros veículos;Colisão transversal;Com Vítimas Feridas;Pleno dia;Decrescente;Céu Claro;Simples;"Reta;Interseção de Vias";Sim;4;0;2;0;2;0;2;2;-21,639914;-41,312125;SPRF-RJ;DEL08-RJ;UOP01-DEL08-RJ
721255;27/09/2025;sábado;15:00:00;PE;232;7;RECIFE;Ausência de reação do condutor;Colisão lateral mesmo sentido;Com Vítimas Feridas;Pleno dia;Decrescente;Céu Claro;Dupla;Reta;Sim;3;0;1;1;0;1;2;2;-8,07422;-34,96438;SPRF-PE;DEL01-PE;UOP01-DEL01-PE
721256;27/09/2025;sábado;15:10:00;PR;116;15;COLOMBO;Condutor deixou de manter distância do veículo da frente;Colisão traseira;Com Vítimas Feridas;Pleno dia;Decrescente;Céu Claro;Dupla;Reta;Sim;3;0;1;0;2;0;1;2;-25,38235883;-49,16535258;SPRF-PR;DEL01-PR;UOP02-DEL01-PR
721257;27/09/2025;sábado;15:00:00;SP;116;131;CACAPAVA;Ausência de reação do condutor;Colisão traseira;Com Vítimas Feridas;Pleno dia;Crescente;Sol;Dupla;Reta;Não;3;0;2;0;0;1;2;2;-23,12546967;-45,7326638;SPRF-SP;DEL02-SP;UOP02-DEL02-SP
721258;27/09/2025;sábado;15:30:00;GO;50;102;CRISTALINA;Ingestão de álcool pelo condutor;Colisão com objeto;Com Vítimas Feridas;Pleno dia;Crescente;Céu Claro;Dupla;"Reta;Viaduto";Sim;1;0;1;0;0;0;1;1;-16,796125;-47,647348;SPRF-DF;DEL01-DF;UOP02-DEL01-DF
721259;27/09/2025;sábado;16:00:00;RS;290;107;ELDORADO DO SUL;Acessar a via sem observar a presença dos outros veículos;Colisão transversal;Com Vítimas Feridas;Pleno dia;Decrescente;Céu Claro;Simples;"Reta;Interseção de Vias";Sim;2;0;1;0;1;0;1;2;-30,00253033;-51,30817473;SPRF-RS;DEL02-RS;UOP01-DEL02-RS
721260;27/09/2025;sábado;15:50:00;MG;381;348;JOAO MONLEVADE;Acessar a via sem observar a presença dos outros veículos;Colisão transversal;Com Vítimas Feridas;Pleno dia;Crescente;Céu Claro;Simples;"Aclive;Curva";Não;4;0;1;0;3;0;1;2;-19,84334561;-43,20225477;SPRF-MG;DEL03-MG;UOP01-DEL03-MG
721263;27/09/2025;sábado;16:50:00;RJ;116;79;TERESOPOLIS;Transitar na contramão;Colisão lateral sentido oposto;Sem Vítimas;Pleno dia;Crescente;Céu Claro;Simples;Reta;Sim;2;0;0;0;2;0;0;2;-22,381922;-42,954738;SPRF-RJ;DEL04-RJ;UOP01-DEL04-RJ
721264;27/09/2025;sábado;16:00:00;RJ;116;317;ITATIAIA;Frear bruscamente;Colisão traseira;Com Vítimas Feridas;Pleno dia;Crescente;Céu Claro;Simples;Interseção de Vias;Sim;2;0;1;0;1;0;1;2;-22,46565557;-44,5002048;SPRF-RJ;DEL07-RJ;UOP02-DEL07-RJ
721265;27/09/2025;sábado;15:45:00;PR;277;221,4;TEIXEIRA SOARES;Transitar na contramão;Colisão frontal;Com Vítimas Fatais;Pleno dia;Decrescente;Céu Claro;Simples;"Reta;Declive";Não;7;1;3;2;0;1;5;3;-25,468471;-50,403049;SPRF-PR;DEL08-PR;UOP02-DEL08-PR
721266;27/09/2025;sábado;16:57:00;SP;116;122;CACAPAVA;Reação tardia ou ineficiente do condutor;Engavetamento;Com Vítimas Feridas;Pleno dia;Decrescente;Céu Claro;Dupla;Reta;Não;4;0;1;0;3;0;1;3;-23,07039926;-45,64356923;SPRF-SP;DEL02-SP;UOP02-DEL02-SP
721267;27/09/2025;sábado;17:18:00;MG;50;23;ARAGUARI;Ingestão de álcool pelo condutor;Capotamento;Com Vítimas Feridas;Anoitecer;Decrescente;Céu Claro;Dupla;Declive;Não;2;0;0;1;1;0;1;1;-18,610219;-48,072791;SPRF-MG;DEL15-MG;UOP02-DEL15-MG
721268;27/09/2025;sábado;17:05:00;ES;101;210,8;IBIRACU;Ultrapassagem Indevida;Colisão lateral mesmo sentido;Com Vítimas Feridas;Pleno dia;Crescente;Céu Claro;Simples;"Declive;Reta";Não;3;0;0;2;0;1;2;3;-19,8042291;-40,3678401;SPRF-ES;DEL02-ES;UOP01-DEL02-ES
721269;27/09/2025;sábado;14:55:00;SC;282;542,3;CHAPECO;Condutor Dormindo;Saída de leito carroçável;Com Vítimas Feridas;Pleno dia;Decrescente;Céu Claro;Simples;Curva;Não;1;0;1;0;0;0;1;1;-27,00139886;-52,70787457;SPRF-SC;DEL07-SC;UOP01-DEL07-SC
721271;27/09/2025;sábado;17:10:00;PB;230;3,7;CABEDELO;Condutor deixou de manter distância do veículo da frente;Colisão traseira;Com Vítimas Feridas;Anoitecer;Decrescente;Céu Claro;Dupla;"Desvio Temporário;Em Obras;Reta";Sim;2;0;0;1;1;0;1;2;-7,000918;-34,828348;SPRF-PB;DEL01-PB;UOP01-DEL01-PB
721272;27/09/2025;sábado;17:15:00;RJ;116;175;SAO JOAO DE MERITI;Reação tardia ou ineficiente do condutor;Colisão traseira;Com Vítimas Feridas;Pleno dia;Crescente;Céu Claro;Múltipla;Reta;Sim;4;0;3;0;1;0;3;2;-22,78961946;-43,37500513;SPRF-RJ;DEL06-RJ;UOP01-DEL06-RJ
721275;27/09/2025;sábado;17:30:00;SP;116;216;GUARULHOS;Objeto estático sobre o leito carroçável;Tombamento;Com Vítimas Feridas;Pleno dia;Decrescente;Sol;Múltipla;Reta;Sim;1;0;1;0;0;0;1;1;-23,4499226;-46,4609623;SPRF-SP;DEL01-SP;UOP01-DEL01-SP
721277;27/09/2025;sábado;12:50:00;RS;290;670;URUGUAIANA;Ausência de reação do condutor;Saída de leito carroçável;Com Vítimas Fatais;Pleno dia;Decrescente;Chuva;Simples;Reta;Não;1;1;0;0;0;0;0;1;-29,953418;-56,598042;SPRF-RS;DEL13-RS;UOP01-DEL13-RS
721279;27/09/2025;sábado;17:40:00;GO;40;12,3;LUZIANIA;Ausência de reação do condutor;Saída de leito carroçável;Sem Vítimas;Pleno dia;Crescente;Céu Claro;Dupla;Reta;Sim;1;0;0;0;0;1;0;1;-16,15029;-47,940822;SPRF-DF;DEL01-DF;UOP01-DEL01-DF
721280;27/09/2025;sábado;15:18:00;SC;101;92,3;BARRA VELHA;Conversão proibida;Colisão transversal;Com Vítimas Feridas;Pleno dia;Crescente;Nublado;Dupla;"Reta;Interseção de Vias";Não;2;0;1;0;1;0;1;2;-26,69149581;-48,69732245;SPRF-SC;DEL03-SC;UOP02-DEL03-SC
721281;27/09/2025;sábado;18:00:00;CE;222;40;CAUCAIA;Ausência de sinalização;Colisão transversal;Com Vítimas Fatais;Plena Noite;Decrescente;Céu Claro;Simples;"Reta;Ponte";Não;3;1;0;0;0;2;0;3;-3,69022559;-38,89640808;SPRF-CE;DEL01-CE;UOP03-DEL01-CE
721282;17/09/2025;quarta-feira;14:10:00;PR;369;196,5;ARAPONGAS;Manobra de mudança de faixa;Colisão traseira;Com Vítimas Feridas;Pleno dia;Decrescente;Sol;Dupla;Reta;Não;2;0;0;1;1;0;1;2;-23,49406053;-51,42311975;SPRF-PR;DEL07-PR;UOP03-DEL07-PR
721283;27/09/2025;sábado;16:30:00;RN;226;85,2;TANGARA;Ultrapassagem Indevida;Colisão transversal;Com Vítimas Feridas;Pleno dia;Crescente;Céu Claro;Simples;Curva;Não;4;0;3;0;1;0;3;2;-6,21703849;-35,8274656;SPRF-RN;DEL03-RN;UOP02-DEL03-RN
721284;27/09/2025;sábado;18:00:00;RJ;465;13;SEROPEDICA;Manobra de mudança de faixa;Colisão transversal;Sem Vítimas;Anoitecer;Crescente;Nublado;Simples;Reta;Sim;2;0;0;0;2;0;0;2;-22,805123;-43,638743;SPRF-RJ;DEL06-RJ;UOP02-DEL06-RJ
721285;27/09/2025;sábado;16:20:00;BA;349;937;CORRENTINA;Reação tardia ou ineficiente do condutor;Saída de leito carroçável;Com Vítimas Feridas;Pleno dia;Crescente;Céu Claro;Simples;"Declive;Reta";Não;4;0;4;0;0;0;4;1;-13,386;-44,681;SPRF-BA;DEL10-BA;UOP02-DEL10-BA
721286;27/09/2025;sábado;16:55:00;RS;470;221;GARIBALDI;Reação tardia ou ineficiente do condutor;Colisão com objeto;Sem Vítimas;Pleno dia;Crescente;Céu Claro;Dupla;Reta;Não;1;0;0;0;1;0;0;1;-29,21161846;-51,51817409;SPRF-RS;DEL06-RS;UOP01-DEL06-RS
721287;27/09/2025;sábado;15:00:00;RS;287;417;SANTIAGO;Acumulo de água sobre o pavimento;Saída de leito carroçável;Com Vítimas Feridas;Pleno dia;Crescente;Chuva;Simples;Curva;Não;3;0;1;0;2;0;1;1;-29,05277285;-54,97947112;SPRF-RS;DEL12-RS;UOP02-DEL12-RS
721289;27/09/2025;sábado;19:00:00;SP;116;227;GUARULHOS;Ausência de reação do condutor;Queda de ocupante de veículo;Com Vítimas Feridas;Plena Noite;Decrescente;Céu Claro;Simples;Reta;Não;2;0;2;0;0;0;2;1;-23,49741474;-46,55753564;SPRF-SP;DEL01-SP;UOP01-DEL01-SP
721290;27/09/2025;sábado;18:03:00;PI;343;344;TERESINA;Transitar na contramão;Colisão lateral sentido oposto;Com Vítimas Feridas;Plena Noite;Crescente;Céu Claro;Simples;Reta;Não;4;0;2;0;2;0;2;4;-5,09594656;-42,76327282;SPRF-PI;DEL01-PI;UOP01-DEL01-PI
721292;27/09/2025;sábado;18:00:00;MG;262;11,2;MARTINS SOARES;Transitar na contramão;Colisão frontal;Com Vítimas Feridas;Plena Noite;Decrescente;Céu Claro;Simples;"Interseção de Vias;Reta";Não;3;0;1;1;1;0;2;2;-20,247546;-41,848337;SPRF-MG;DEL06-MG;UOP03-DEL06-MG
721294;27/09/2025;sábado;18:15:00;MG;381;273;JAGUARACU;Pedestre andava na pista;Atropelamento de Pedestre;Com Vítimas Feridas;Plena Noite;Decrescente;Céu Claro;Simples;Reta;Não;2;0;1;1;0;0;2;2;-19,57416549;-42,71584512;SPRF-MG;DEL03-MG;UOP02-DEL03-MG
721295;27/09/2025;sábado;17:45:00;ES;101;265;SERRA;Reação tardia ou ineficiente do condutor;Colisão com objeto;Com Vítimas Feridas;Anoitecer;Decrescente;Nublado;Dupla;Reta;Sim;1;0;0;1;0;0;1;1;-20,18478;-40,26714;SPRF-ES;DEL02-ES;UOP01-DEL02-ES
721296;27/09/2025;sábado;19:20:00;SP;116;224;GUARULHOS;Ausência de reação do condutor;Colisão traseira;Com Vítimas Feridas;Plena Noite;Crescente;Céu Claro;Múltipla;Reta;Sim;7;0;1;0;6;0;1;4;-23,483112;-46,537195;SPRF-SP;DEL01-SP;UOP01-DEL01-SP
721297;27/09/2025;sábado;17:45:00;MT;163;744;SORRISO;Ingestão de álcool pelo condutor;Saída de leito carroçável;Com Vítimas Feridas;Pleno dia;Decrescente;Céu Claro;Simples;"Reta;Declive";Não;1;0;1;0;0;0;1;1;-12,61863883;-55,76445278;SPRF-MT;DEL06-MT;UOP01-DEL06-MT
721298;27/09/2025;sábado;18:40:00;PE;424;86,2;GARANHUNS;Ausência de reação do condutor;Colisão lateral sentido oposto;Com Vítimas Feridas;Plena Noite;Crescente;Garoa/Chuvisco;Simples;"Reta;Declive";Sim;3;0;0;1;1;1;1;3;-8,871877;-36,508006;SPRF-PE;DEL03-PE;UOP01-DEL03-PE
721300;27/09/2025;sábado;19:00:00;PR;277;560,2;CASCAVEL;Acessar a via sem observar a presença dos outros veículos;Colisão transversal;Com Vítimas Feridas;Anoitecer;Decrescente;Céu Claro;Simples;Reta;Não;6;0;6;0;0;0;6;2;-25,06625554;-53,21678136;SPRF-PR;DEL04-PR;UOP04-DEL04-PR
721302;27/09/2025;sábado;19:15:00;PR;376;484,5;PONTA GROSSA;Entrada inopinada do pedestre;Atropelamento de Pedestre;Com Vítimas Fatais;Plena Noite;Crescente;Ignorado;Dupla;Curva;Sim;7;2;0;0;4;1;0;3;-25,104893;-50,194549;SPRF-PR;DEL03-PR;UOP04-DEL03-PR
721304;27/09/2025;sábado;16:45:00;RJ;40;108;DUQUE DE CAXIAS;Ausência de reação do condutor;Colisão traseira;Com Vítimas Feridas;Pleno dia;Decrescente;Céu Claro;Dupla;Curva;Não;4;0;2;0;2;0;2;2;-22,67148348;-43,28579534;SPRF-RJ;DEL01-RJ;UOP02-DEL01-RJ
721305;27/09/2025;sábado;18:50:00;PR;153;0,2;IMBITUVA;Ausência de reação do condutor;Colisão com objeto;Com Vítimas Feridas;Plena Noite;Crescente;Céu Claro;Simples;"Reta;Aclive";Não;1;0;1;0;0;0;1;1;-25,255201;-50,638332;SPRF-PR;DEL08-PR;UOP02-DEL08-PR
721306;27/09/2025;sábado;19:10:00;BA;116;415;FEIRA DE SANTANA;Ingestão de álcool pelo condutor;Colisão traseira;Sem Vítimas;Pleno dia;Decrescente;Ignorado;Dupla;Reta;Sim;2;0;0;0;2;0;0;2;-12,168345;-38,964793;SPRF-BA;DEL02-BA;UOP01-DEL02-BA
721307;27/09/2025;sábado;20:00:00;PR;163;168;LINDOESTE;Ingestão de álcool pelo condutor;Saída de leito carroçável;Com Vítimas Feridas;Plena Noite;Decrescente;Céu Claro;Simples;"Declive;Reta";Não;1;0;1;0;0;0;1;1;-25,254004;-53,577284;SPRF-PR;DEL05-PR;UOP05-DEL05-PR
721309;27/09/2025;sábado;19:00:00;PR;277;397,9;CANDOI;Acessar a via sem observar a presença dos outros veículos;Colisão transversal;Com Vítimas Feridas;Anoitecer;Crescente;Céu Claro;Simples;Interseção de Vias;Não;4;0;0;1;3;0;1;2;-25,458626;-51,95206692;SPRF-PR;DEL08-PR;UOP01-DEL08-PR
721310;27/09/2025;sábado;18:10:00;PI;230;309;FLORIANO;Afundamento ou ondulação no pavimento;Tombamento;Com Vítimas Feridas;Plena Noite;Crescente;Céu Claro;Simples;Reta;Sim;1;0;1;0;0;0;1;1;-6,772077;-43,006908;SPRF-PI;DEL03-PI;UOP01-DEL03-PI
721311;27/09/2025;sábado;20:10:00;BA;116;10;VITORIA DA CONQUISTA;Velocidade Incompatível;Queda de ocupante de veículo;Com Vítimas Feridas;Plena Noite;Crescente;Céu Claro;Simples;Reta;Não;2;0;1;0;1;0;1;2;-14,86983;-40,871577;SPRF-BA;DEL08-BA;UOP01-DEL08-BA
721313;27/09/2025;sábado;19:40:00;RJ;101;471;ANGRA DOS REIS;Velocidade Incompatível;Saída de leito carroçável;Com Vítimas Feridas;Plena Noite;Crescente;Céu Claro;Simples;Reta;Não;1;0;1;0;0;0;1;1;-22,99563645;-44,22956798;SPRF-RJ;DEL03-RJ;UOP03-DEL03-RJ
721315;27/09/2025;sábado;20:25:00;BA;324;621,2;SALVADOR;Ausência de reação do condutor;Capotamento;Com Vítimas Feridas;Plena Noite;Crescente;Nublado;Múltipla;Curva;Sim;1;0;1;0;0;0;1;1;-12,922597;-38,46796;SPRF-BA;DEL01-BA;UOP01-DEL01-BA
721316;27/09/2025;sábado;20:00:00;SP;153;331;OURINHOS;Ingestão de álcool pelo condutor;Saída de leito carroçável;Sem Vítimas;Plena Noite;Crescente;Céu Claro;Simples;Reta;Não;1;0;0;0;1;0;0;1;-22,9783794;-49,9037343;SPRF-SP;DEL07-SP;UOP03-DEL07-SP
721317;27/09/2025;sábado;17:00:00;MG;50;126,2;UBERABA;Condutor Dormindo;Colisão com objeto;Com Vítimas Feridas;Pleno dia;Decrescente;Céu Claro;Dupla;Reta;Não;3;0;1;0;2;0;1;1;-19,358514;-48,084747;SPRF-MG;DEL13-MG;UOP01-DEL13-MG
721318;27/09/2025;sábado;19:50:00;PR;277;699;SAO MIGUEL DO IGUACU;Ingestão de álcool pelo condutor;Saída de leito carroçável;Com Vítimas Feridas;Plena Noite;Crescente;Nublado;Dupla;Reta;Não;1;0;0;1;0;0;1;1;-25,400813;-54,319367;SPRF-PR;DEL05-PR;UOP01-DEL05-PR
721319;27/09/2025;sábado;17:40:00;MG;116;577;MANHUACU;Velocidade Incompatível;Tombamento;Com Vítimas Feridas;Anoitecer;Crescente;Céu Claro;Simples;Reta;Não;1;0;1;0;0;0;1;1;-20,1684;-42,18891;SPRF-MG;DEL06-MG;UOP03-DEL06-MG
721320;27/09/2025;sábado;20:15:00;PI;316;9,5;TERESINA;Deficiência do Sistema de Iluminação/Sinalização;Colisão lateral mesmo sentido;Com Vítimas Feridas;Plena Noite;Decrescente;Céu Claro;Dupla;Reta;Sim;3;0;1;1;1;0;2;2;-5,26834557;-42,72736325;SPRF-PI;DEL01-PI;UOP02-DEL01-PI
721321;27/09/2025;sábado;20:00:00;MG;116;733,3;LARANJAL;Acessar a via sem observar a presença dos outros veículos;Colisão frontal;Com Vítimas Feridas;Plena Noite;Crescente;Nublado;Simples;"Reta;Declive";Não;3;0;0;1;2;0;1;2;-21,3393937;-42,4605218;SPRF-MG;DEL07-MG;UOP02-DEL07-MG
721322;27/09/2025;sábado;19:55:00;MG;40;44,5;PARACATU;Acessar a via sem observar a presença dos outros veículos;Colisão transversal;Sem Vítimas;Plena Noite;Decrescente;Céu Claro;Simples;Reta;Sim;4;0;0;0;2;2;0;3;-17,23985703;-46,83414666;SPRF-MG;DEL14-MG;UOP01-DEL14-MG
721323;27/09/2025;sábado;21:15:00;BA;324;622;SALVADOR;Reação tardia ou ineficiente do condutor;Tombamento;Com Vítimas Feridas;Plena Noite;Decrescente;Nublado;Dupla;Curva;Sim;2;0;2;0;0;0;2;1;-12,9317895;-38,4705058;SPRF-BA;DEL01-BA;UOP01-DEL01-BA
721324;27/09/2025;sábado;20:00:00;MG;262;429;NOVA SERRANA;Ausência de reação do condutor;Atropelamento de Pedestre;Com Vítimas Fatais;Plena Noite;Decrescente;Céu Claro;Dupla;Reta;Não;5;1;0;1;0;3;1;2;-19,88761;-44,89249;SPRF-MG;DEL08-MG;UOP03-DEL08-MG
721325;27/09/2025;sábado;21:20:00;PE;428;181,8;PETROLINA;Ausência de reação do condutor;Queda de ocupante de veículo;Com Vítimas Feridas;Plena Noite;Crescente;Céu Claro;Dupla;Reta;Sim;1;0;1;0;0;0;1;1;-9,32604216;-40,46329069;SPRF-PE;DEL06-PE;UOP01-DEL06-PE
721328;27/09/2025;sábado;19:45:00;PI;343;169,2;BRASILEIRA;Animais na Pista;Atropelamento de Animal;Com Vítimas Feridas;Plena Noite;Decrescente;Céu Claro;Simples;Reta;Não;2;0;1;0;0;1;1;2;-4,152925;-41,78488;SPRF-PI;DEL02-PI;UOP01-DEL02-PI
721329;27/09/2025;sábado;16:25:00;RJ;101;324;NITEROI;Condutor deixou de manter distância do veículo da frente;Colisão traseira;Com Vítimas Feridas;Pleno dia;Crescente;Céu Claro;Dupla;Reta;Não;5;0;0;1;4;0;1;2;-22,87257701;-43,13930869;SPRF-RJ;DEL02-RJ;UOP01-DEL02-RJ
721330;27/09/2025;sábado;21:50:00;PR;116;97;SAO JOSE DOS PINHAIS;Ausência de reação do condutor;Capotamento;Com Vítimas Feridas;Plena Noite;Decrescente;Ignorado;Dupla;Curva;Sim;1;0;1;0;0;0;1;1;-25,54348693;-49,15073991;SPRF-PR;DEL01-PR;UOP07-DEL01-PR
721331;27/09/2025;sábado;20:49:00;MS;163;669;RIO VERDE DE MATO GROSSO;Reação tardia ou ineficiente do condutor;Tombamento;Com Vítimas Feridas;Plena Noite;Decrescente;Céu Claro;Simples;"Reta;Interseção de Vias";Não;1;0;1;0;0;0;1;1;-19,0099035;-54,82750459;SPRF-MS;DEL06-MS;UOP02-DEL06-MS
721332;27/09/2025;sábado;21:50:00;RS;470;224;BENTO GONCALVES;Ausência de reação do condutor;Colisão traseira;Sem Vítimas;Plena Noite;Decrescente;Nublado;Simples;Aclive;Sim;2;0;0;0;1;1;0;2;-29,17659987;-51,52091828;SPRF-RS;DEL06-RS;UOP01-DEL06-RS
721334;27/09/2025;sábado;21:40:00;SC;280;130,6;RIO NEGRINHO;Desrespeitar a preferência no cruzamento;Colisão lateral mesmo sentido;Com Vítimas Feridas;Plena Noite;Decrescente;Céu Claro;Simples;"Reta;Aclive";Sim;2;0;1;0;1;0;1;2;-26,254119;-49,534784;SPRF-SC;DEL06-SC;UOP03-DEL06-SC
721335;27/09/2025;sábado;22:00:00;PR;277;111;CAMPO LARGO;Demais falhas mecânicas ou elétricas;Incêndio;Sem Vítimas;Plena Noite;Decrescente;Céu Claro;Dupla;Reta;Não;1;0;0;0;1;0;0;1;-25,44342296;-49,46072817;SPRF-PR;DEL03-PR;UOP03-DEL03-PR
721336;27/09/2025;sábado;21:10:00;PR;277;594,3;CASCAVEL;Ausência de reação do condutor;Colisão traseira;Com Vítimas Feridas;Plena Noite;Decrescente;Céu Claro;Múltipla;Reta;Sim;5;0;2;0;3;0;2;2;-24,9794438;-53,4960017;SPRF-PR;DEL04-PR;UOP01-DEL04-PR
721338;19/09/2025;sexta-feira;09:30:00;BA;116;590;IRAJUBA;Velocidade Incompatível;Saída de leito carroçável;Com Vítimas Feridas;Pleno dia;Crescente;Garoa/Chuvisco;Simples;Curva;Não;1;0;1;0;0;0;1;1;-13,172227;-39,998788;SPRF-BA;DEL03-BA;UOP02-DEL03-BA
721339;27/09/2025;sábado;22:00:00;PI;316;6;TERESINA;Objeto estático sobre o leito carroçável;Colisão com objeto;Sem Vítimas;Plena Noite;Decrescente;Céu Claro;Múltipla;Reta;Sim;1;0;0;0;1;0;0;1;-5,1448351;-42,77604014;SPRF-PI;DEL01-PI;UOP02-DEL01-PI
721340;27/09/2025;sábado;22:50:00;MG;381;490,4;BETIM;Reação tardia ou ineficiente do condutor;Tombamento;Com Vítimas Feridas;Plena Noite;Decrescente;Céu Claro;Dupla;Reta;Sim;1;0;1;0;0;0;1;1;-19,95620588;-44,14696097;SPRF-MG;DEL01-MG;UOP03-DEL01-MG
721341;27/09/2025;sábado;23:00:00;TO;153;416;MIRANORTE;Reação tardia ou ineficiente do condutor;Saída de leito carroçável;Com Vítimas Feridas;Plena Noite;Decrescente;Céu Claro;Dupla;Reta;Sim;1;0;1;0;0;0;1;1;-9,55177821;-48,60098362;SPRF-TO;DEL01-TO;UOP01-DEL01-TO
721342;27/09/2025;sábado;21:30:00;RJ;495;1;TERESOPOLIS;Reação tardia ou ineficiente do condutor;Colisão traseira;Com Vítimas Feridas;Plena Noite;Crescente;Céu Claro;Simples;Reta;Sim;2;0;1;0;1;0;1;2;-22,400901;-42,978171;SPRF-RJ;DEL04-RJ;UOP01-DEL04-RJ
721346;27/09/2025;sábado;21:15:00;MT;364;201;RONDONOPOLIS;Ingestão de álcool pelo condutor;Queda de ocupante de veículo;Com Vítimas Feridas;Plena Noite;Decrescente;Céu Claro;Dupla;Reta;Sim;1;0;1;0;0;0;1;1;-16,48790543;-54,64778278;SPRF-MT;DEL02-MT;UOP01-DEL02-MT
721347;27/09/2025;sábado;14:40:00;RJ;116;145;DUQUE DE CAXIAS;Demais falhas mecânicas ou elétricas;Tombamento;Com Vítimas Feridas;Pleno dia;Crescente;Céu Claro;Dupla;Reta;Não;5;0;2;0;3;0;2;3;-22,66168374;-43,25442586;SPRF-RJ;DEL01-RJ;UOP02-DEL01-RJ
721348;27/09/2025;sábado;21:20:00;GO;60;107;GOIANAPOLIS;Ingestão de álcool pelo condutor;Colisão traseira;Sem Vítimas;Plena Noite;Decrescente;Céu Claro;Dupla;Reta;Não;2;0;0;0;2;0;0;2;-16,43838;-49,019057;SPRF-GO;DEL02-GO;UOP01-DEL02-GO
721350;27/09/2025;sábado;23:00:00;RJ;116;80;TERESOPOLIS;Acessar a via sem observar a presença dos outros veículos;Colisão lateral mesmo sentido;Com Vítimas Feridas;Plena Noite;Crescente;Céu Claro;Simples;Interseção de Vias;Sim;2;0;1;0;1;0;1;2;-22,43210836;-42,94792367;SPRF-RJ;DEL04-RJ;UOP01-DEL04-RJ