id;data_inversa;dia_semana;horario;uf;br;km;municipio;causa_acidente;tipo_acidente;classificacao_acidente;fase_dia;sentido_via;condicao_metereologica;tipo_pista;tracado_via;uso_solo;pessoas;mortos;feridos_leves;feridos_graves;ilesos;ignorados;feridos;veiculos;latitude;longitude;regional;delegacia;uop
721351;27/09/2025;sábado;23:17:00;SP;153;39;ONDA VERDE;Avarias e/ou desgaste excessivo no pneu;Saída de leito carroçável;Sem Vítimas;Plena Noite;Decrescente;Céu Claro;Simples;Rotatória;Não;1;0;0;0;1;0;0;1;-20,61761;-49,33335;SPRF-SP;DEL09-SP;UOP01-DEL09-SP
721352;27/09/2025;sábado;23:00:00;RJ;493;2;ITABORAI;Transitar na contramão;Colisão lateral sentido oposto;Com Vítimas Feridas;Plena Noite;Decrescente;Céu Claro;Dupla;Reta;Não;3;0;1;0;2;0;1;2;-22,75884919;-42,93602943;SPRF-RJ;DEL02-RJ;UOP02-DEL02-RJ
721354;27/09/2025;sábado;22:15:00;RO;174;16;VILHENA;Ausência de reação do condutor;Colisão lateral mesmo sentido;Com Vítimas Feridas;Plena Noite;Crescente;Nublado;Simples;"Em Obras;Reta";Sim;2;0;1;0;1;0;1;2;-12,712153;-60,125865;SPRF-RO;DEL04-RO;UOP01-DEL04-RO
721356;28/09/2025;domingo;01:00:00;SC;280;58,1;GUARAMIRIM;Área urbana sem a presença de local apropriado para a travessia de pedestres;Atropelamento de Pedestre;Com Vítimas Feridas;Plena Noite;Crescente;Garoa/Chuvisco;Dupla;Curva;Sim;2;0;1;1;0;0;2;2;-26,4741486;-49,02239429;SPRF-SC;DEL03-SC;UOP03-DEL03-SC
721358;27/09/2025;sábado;21:50:00;RS;386;90;SAO PEDRO DAS MISSOES;Reação tardia ou ineficiente do condutor;Capotamento;Sem Vítimas;Plena Noite;Decrescente;Céu Claro;Simples;Reta;Não;5;0;0;0;3;2;0;3;-27,7454929;-53,20095062;SPRF-RS;DEL08-RS;UOP01-DEL08-RS
721360;28/09/2025;domingo;01:40:00;SC;101;210,1;SAO JOSE;Reação tardia ou ineficiente do condutor;Colisão traseira;Com Vítimas Feridas;Plena Noite;Decrescente;Nublado;Múltipla;Reta;Sim;3;0;0;1;2;0;1;2;-27,61799;-48,64669;SPRF-SC;DEL01-SC;UOP01-DEL01-SC
721361;28/09/2025;domingo;00:55:00;SC;282;539,9;CHAPECO;Demais falhas mecânicas ou elétricas;Incêndio;Sem Vítimas;Plena Noite;Decrescente;Chuva;Simples;Curva;Não;1;0;0;0;1;0;0;1;-26,99255;-52,68861;SPRF-SC;DEL07-SC;UOP01-DEL07-SC
721362;28/09/2025;domingo;02:10:00;GO;40;3,5;VALPARAISO DE GOIAS;Condutor Dormindo;Tombamento;Com Vítimas Feridas;Plena Noite;Decrescente;Céu Claro;Dupla;"Viaduto;Reta";Sim;1;0;1;0;0;0;1;1;-16,08237;-47,98665;SPRF-DF;DEL01-DF;UOP01-DEL01-DF
721363;28/09/2025;domingo;02:30:00;MG;381;479;CONTAGEM;Reação tardia ou ineficiente do condutor;Colisão com objeto;Com Vítimas Feridas;Plena Noite;Decrescente;Céu Claro;Múltipla;Reta;Sim;3;0;1;0;2;0;1;1;-19,959975;-44,034646;SPRF-MG;DEL01-MG;UOP03-DEL01-MG
721364;28/09/2025;domingo;02:00:00;PR;116;205,9;RIO NEGRO;Ausência de reação do condutor;Saída de leito carroçável;Com Vítimas Feridas;Plena Noite;Crescente;Céu Claro;Simples;"Declive;Reta";Não;4;0;4;0;0;0;4;1;-26,0748347;-49,7550483;SPRF-SC;DEL06-SC;UOP01-DEL06-SC
721366;28/09/2025;domingo;02:10:00;MS;163;179;JUTI;Ausência de reação do condutor;Saída de leito carroçável;Com Vítimas Feridas;Plena Noite;Crescente;Nublado;Simples;Reta;Não;1;0;1;0;0;0;1;1;-22,83625;-54,676694;SPRF-MS;DEL09-MS;UOP01-DEL09-MS
721368;27/09/2025;sábado;22:30:00;MT;70;512;VARZEA GRANDE;Ausência de reação do condutor;Colisão traseira;Sem Vítimas;Plena Noite;Decrescente;Céu Claro;Simples;Reta;Não;2;0;0;0;1;1;0;2;-15,70097;-56,11547112;SPRF-MT;DEL01-MT;UOP02-DEL01-MT
721370;28/09/2025;domingo;03:00:00;SP;153;271,8;OCAUCU;Ingestão de álcool pelo condutor;Saída de leito carroçável;Com Vítimas Feridas;Plena Noite;Crescente;Nublado;Simples;Curva;Não;1;0;1;0;0;0;1;1;-22,363611;-49,885341;SPRF-SP;DEL07-SP;UOP02-DEL07-SP
721371;28/09/2025;domingo;03:30:00;SP;153;75;BADY BASSITT;Condutor Dormindo;Colisão com objeto;Com Vítimas Feridas;Plena Noite;Crescente;Céu Claro;Dupla;"Curva;Declive";Sim;1;0;1;0;0;0;1;1;-20,89346107;-49,43313209;SPRF-SP;DEL09-SP;UOP01-DEL09-SP
721373;28/09/2025;domingo;03:30:00;PR;277;720;FOZ DO IGUACU;Reação tardia ou ineficiente do condutor;Saída de leito carroçável;Sem Vítimas;Plena Noite;Decrescente;Garoa/Chuvisco;Dupla;"Interseção de Vias;Reta";Não;1;0;0;0;0;1;0;1;-25,48746031;-54,50294946;SPRF-PR;DEL05-PR;UOP03-DEL05-PR
721374;28/09/2025;domingo;00:30:00;PI;230;223,9;OEIRAS;Ausência de reação do condutor;Colisão traseira;Com Vítimas Fatais;Plena Noite;Decrescente;Céu Claro;Simples;"Reta;Aclive";Não;2;1;0;0;0;1;0;2;-7,001787;-42,312477;SPRF-PI;DEL03-PI;UOP01-DEL03-PI
721375;28/09/2025;domingo;03:30:00;RJ;101;293;ITABORAI;Ingestão de álcool pelo condutor;Colisão traseira;Com Vítimas Feridas;Plena Noite;Crescente;Céu Claro;Simples;Reta;Sim;3;0;1;1;1;0;2;2;-22,75499716;-42,89121509;SPRF-RJ;DEL02-RJ;UOP02-DEL02-RJ
721376;28/09/2025;domingo;04:30:00;MG;251;510,7;MONTES CLAROS;Condutor Dormindo;Saída de leito carroçável;Com Vítimas Feridas;Plena Noite;Crescente;Céu Claro;Simples;"Aclive;Reta";Não;2;0;2;0;0;0;2;1;-16,657;-43,723;SPRF-MG;DEL12-MG;UOP01-DEL12-MG
721377;28/09/2025;domingo;00:40:00;GO;452;49;RIO VERDE;Transitar na contramão;Colisão frontal;Com Vítimas Fatais;Plena Noite;Crescente;Céu Claro;Simples;Reta;Não;4;1;0;1;1;1;1;3;-17,965949;-50,47881;SPRF-GO;DEL04-GO;UOP01-DEL04-GO
721378;27/09/2025;sábado;23:40:00;MG;40;774,8;JUIZ DE FORA;Reação tardia ou ineficiente do condutor;Saída de leito carroçável;Com Vítimas Feridas;Plena Noite;Decrescente;Céu Claro;Dupla;Curva;Sim;2;0;2;0;0;0;2;1;-21,59943684;-43,45785811;SPRF-MG;DEL05-MG;UOP01-DEL05-MG
721379;28/09/2025;domingo;04:40:00;RS;448;22;PORTO ALEGRE;Ausência de reação do condutor;Colisão com objeto;Sem Vítimas;Plena Noite;Crescente;Nublado;Simples;"Viaduto;Curva;Declive";Sim;1;0;0;0;1;0;0;1;-29,97366613;-51,19954837;SPRF-RS;DEL01-RS;UOP01-DEL01-RS
721380;28/09/2025;domingo;04:35:00;SC;163;82,6;GUARACIABA;Ingestão de álcool pelo condutor;Saída de leito carroçável;Com Vítimas Feridas;Plena Noite;Crescente;Chuva;Simples;Curva;Não;1;0;1;0;0;0;1;1;-26,62624531;-53,5158205;SPRF-SC;DEL07-SC;UOP03-DEL07-SC
721382;28/09/2025;domingo;04:30:00;SC;101;210;SAO JOSE;Reação tardia ou ineficiente do condutor;Saída de leito carroçável;Com Vítimas Feridas;Amanhecer;Decrescente;Garoa/Chuvisco;Múltipla;Reta;Sim;2;0;2;0;0;0;2;1;-27,621;-48,649;SPRF-SC;DEL01-SC;UOP01-DEL01-SC
721384;28/09/2025;domingo;05:40:00;RS;158;325,2;SANTA MARIA;Reação tardia ou ineficiente do condutor;Colisão com objeto;Sem Vítimas;Plena Noite;Decrescente;Garoa/Chuvisco;Dupla;"Interseção de Vias;Retorno Regulamentado";Sim;3;0;0;0;3;0;0;1;-29,70847192;-53,80076766;SPRF-RS;DEL09-RS;UOP01-DEL09-RS
721385;28/09/2025;domingo;04:20:00;RJ;493;17;ITABORAI;Transitar na contramão;Colisão frontal;Com Vítimas Feridas;Amanhecer;Crescente;Céu Claro;Simples;Curva;Sim;2;0;0;1;1;0;1;2;-22,74640359;-42,95133385;SPRF-RJ;DEL04-RJ;UOP02-DEL04-RJ
721387;28/09/2025;domingo;05:50:00;GO;40;2;VALPARAISO DE GOIAS;Condutor deixou de manter distância do veículo da frente;Colisão traseira;Com Vítimas Feridas;Pleno dia;Crescente;Céu Claro;Dupla;Reta;Não;2;0;1;0;1;0;1;2;-16,07026365;-47,98498247;SPRF-DF;DEL01-DF;UOP01-DEL01-DF
721388;28/09/2025;domingo;05:40:00;SC;282;535,2;CHAPECO;Condutor Dormindo;Colisão com objeto;Sem Vítimas;Plena Noite;Crescente;Garoa/Chuvisco;Simples;Rotatória;Sim;1;0;0;0;1;0;0;1;-26,99911901;-52,64541912;SPRF-SC;DEL07-SC;UOP01-DEL07-SC
721389;27/09/2025;sábado;06:00:00;SC;282;586,8;PINHALZINHO;Velocidade Incompatível;Colisão frontal;Com Vítimas Fatais;Amanhecer;Crescente;Céu Claro;Simples;"Em Obras;Curva";Não;5;2;0;3;0;0;3;2;-26,830649;-53,0440577;SPRF-SC;DEL07-SC;UOP02-DEL07-SC
721391;27/09/2025;sábado;21:30:00;RJ;40;119;DUQUE DE CAXIAS;Transitar na contramão;Colisão frontal;Com Vítimas Feridas;Plena Noite;Crescente;Céu Claro;Dupla;"Viaduto;Curva;Aclive";Não;2;0;0;1;1;0;1;2;-22,76546612;-43,28712385;SPRF-RJ;DEL01-RJ;UOP02-DEL01-RJ
721394;28/09/2025;domingo;01:00:00;PI;343;444,4;AGUA BRANCA;Reação tardia ou ineficiente do condutor;Eventos atípicos;Com Vítimas Feridas;Plena Noite;Decrescente;Céu Claro;Simples;Reta;Sim;3;0;0;3;0;0;3;2;-5,89430227;-42,64875054;SPRF-PI;DEL01-PI;UOP02-DEL01-PI
721395;28/09/2025;domingo;05:30:00;RJ;40;108;DUQUE DE CAXIAS;Ausência de reação do condutor;Colisão com objeto;Com Vítimas Feridas;Amanhecer;Crescente;Céu Claro;Dupla;Reta;Sim;1;0;1;0;0;0;1;1;-22,67339332;-43,28674112;SPRF-RJ;DEL01-RJ;UOP02-DEL01-RJ
721396;28/09/2025;domingo;06:15:00;PE;232;38;VITORIA DE SANTO ANTAO;Transitar no Acostamento;Colisão traseira;Com Vítimas Feridas;Pleno dia;Crescente;Sol;Dupla;Reta;Sim;3;0;0;1;0;2;1;3;-8,11683;-35,2251;SPRF-PE;DEL02-PE;UOP02-DEL02PE
721397;28/09/2025;domingo;03:40:00;PI;316;125,8;ELESBAO VELOSO;Velocidade Incompatível;Colisão traseira;Com Vítimas Feridas;Plena Noite;Crescente;Ignorado;Simples;Reta;Não;3;0;3;0;0;0;3;2;-5,99208;-42,32897;SPRF-PI;DEL04-PI;UOP02-DEL04-PI
721398;28/09/2025;domingo;06:30:00;RS;392;64;PELOTAS;Ausência de reação do condutor;Saída de leito carroçável;Com Vítimas Feridas;Amanhecer;Crescente;Céu Claro;Dupla;Curva;Sim;1;0;1;0;0;0;1;1;-31,77730251;-52,35917592;SPRF-RS;DEL07-RS;UOP01-DEL07-RS
721399;28/09/2025;domingo;05:30:00;BA;101;5;RIO REAL;Ingestão de álcool pelo condutor;Saída de leito carroçável;Sem Vítimas;Amanhecer;Crescente;Nublado;Simples;Reta;Não;1;0;0;0;1;0;0;1;-11,52520907;-37,8113164;SPRF-SE;DEL02-SE;UOP03-DEL02-SE
721401;28/09/2025;domingo;05:45:00;MS;163;492,7;CAMPO GRANDE;Objeto estático sobre o leito carroçável;Colisão com objeto;Com Vítimas Feridas;Amanhecer;Crescente;Céu Claro;Dupla;Curva;Não;5;0;1;1;3;0;2;2;-20,38242;-54,540853;SPRF-MS;DEL01-MS;UOP02-DEL01-MS
721402;28/09/2025;domingo;07:05:00;MG;50;161;UBERABA;Condutor Dormindo;Colisão com objeto;Sem Vítimas;Amanhecer;Decrescente;Céu Claro;Dupla;"Reta;Aclive";Não;1;0;0;0;1;0;0;1;-19,672619;-47,997407;SPRF-MG;DEL13-MG;UOP01-DEL13-MG
721403;28/09/2025;domingo;06:00:00;SC;101;118;ITAJAI;Reação tardia ou ineficiente do condutor;Colisão com objeto;Com Vítimas Feridas;Amanhecer;Decrescente;Céu Claro;Dupla;Reta;Sim;2;0;0;2;0;0;2;1;-26,89270132;-48,72019625;SPRF-SC;DEL04-SC;UOP04-DEL04-SC
721405;28/09/2025;domingo;06:10:00;RO;364;711;PORTO VELHO;Ausência de reação do condutor;Colisão lateral mesmo sentido;Com Vítimas Feridas;Pleno dia;Crescente;Céu Claro;Simples;Reta;Sim;3;0;1;0;1;1;1;2;-8,80040644;-63,80166141;SPRF-RO;DEL01-RO;UOP01-DEL01-RO
721406;26/09/2025;sexta-feira;23:30:00;RS;386;349;LAJEADO;Ausência de reação do condutor;Colisão com objeto;Com Vítimas Feridas;Plena Noite;Crescente;Céu Claro;Dupla;Reta;Sim;1;0;1;0;0;0;1;1;-29,466756;-51,954871;SPRF-RS;DEL04-RS;UOP01-DEL04-RS
721407;28/09/2025;domingo;07:25:00;PA;308;150,9;CAPANEMA;Ingestão de álcool pelo condutor;Colisão transversal;Com Vítimas Feridas;Pleno dia;Crescente;Céu Claro;Simples;Interseção de Vias;Sim;2;0;1;0;1;0;1;2;-1,210823;-47,18327;SPRF-PA;DEL01-PA;UOP03-DEL01-PA
721409;27/09/2025;sábado;20:45:00;BA;110;135;CICERO DANTAS;Ausência de reação do condutor;Atropelamento de Pedestre;Com Vítimas Fatais;Plena Noite;Crescente;Nublado;Simples;Reta;Não;2;1;0;0;0;1;0;2;-10,55497386;-38,3746326;SPRF-BA;DEL07-BA;UOP02-DEL07-BA
721410;27/09/2025;sábado;22:30:00;RJ;356;114;CARDOSO MOREIRA;Animais na Pista;Atropelamento de Animal;Com Vítimas Fatais;Plena Noite;Decrescente;Chuva;Simples;Reta;Não;2;1;0;1;0;0;1;1;-21,60261468;-41,42455101;SPRF-RJ;DEL08-RJ;UOP03-DEL08-RJ
721411;28/09/2025;domingo;04:30:00;RJ;40;118;DUQUE DE CAXIAS;Reação tardia ou ineficiente do condutor;Colisão traseira;Com Vítimas Feridas;Pleno dia;Decrescente;Céu Claro;Múltipla;Reta;Sim;2;0;1;0;0;1;1;2;-22,75508961;-43,28707695;SPRF-RJ;DEL01-RJ;UOP02-DEL01-RJ
721412;28/09/2025;domingo;06:50:00;RN;101;102,9;PARNAMIRIM;Ausência de reação do condutor;Colisão traseira;Com Vítimas Feridas;Pleno dia;Crescente;Céu Claro;Múltipla;Reta;Não;2;0;1;0;1;0;1;2;-5,889853;-35,247528;SPRF-RN;DEL01-RN;UOP01-DEL01-RN
721414;28/09/2025;domingo;06:30:00;PR;376;602;CURITIBA;Entrada inopinada do pedestre;Atropelamento de Pedestre;Com Vítimas Fatais;Pleno dia;Decrescente;Nublado;Dupla;Reta;Sim;2;1;0;0;0;1;0;2;-25,52505;-49,330762;SPRF-PR;DEL01-PR;UOP03-DEL01-PR
721415;28/09/2025;domingo;07:10:00;MG;262;358;BETIM;Ausência de reação do condutor;Tombamento;Com Vítimas Feridas;Pleno dia;Crescente;Céu Claro;Dupla;Reta;Sim;1;0;1;0;0;0;1;1;-19,98157874;-44,24776697;SPRF-MG;DEL01-MG;UOP03-DEL01-MG
721416;28/09/2025;domingo;03:30:00;PB;230;481,9;SAO JOAO DO RIO DO PEIXE;Reação tardia ou ineficiente do condutor;Saída de leito carroçável;Com Vítimas Fatais;Plena Noite;Crescente;Céu Claro;Simples;"Reta;Interseção de Vias";Não;1;1;0;0;0;0;0;1;-6,870467;-38,39113;SPRF-PB;DEL03-PB;UOP03-DEL03-PB
721417;27/09/2025;sábado;22:30:00;RJ;40;105;DUQUE DE CAXIAS;Transitar na contramão;Colisão frontal;Com Vítimas Feridas;Plena Noite;Crescente;Céu Claro;Simples;Declive;Sim;2;0;0;1;1;0;1;2;-22,6406031;-43,2838632;SPRF-RJ;DEL01-RJ;UOP02-DEL01-RJ
721418;28/09/2025;domingo;08:20:00;RJ;116;178;SAO JOAO DE MERITI;Ausência de reação do condutor;Queda de ocupante de veículo;Com Vítimas Feridas;Pleno dia;Decrescente;Céu Claro;Dupla;Reta;Sim;1;0;1;0;0;0;1;1;-22,77826783;-43,39646515;SPRF-RJ;DEL06-RJ;UOP01-DEL06-RJ
721420;28/09/2025;domingo;08:30:00;AP;210;3;MACAPA;Conversão proibida;Colisão traseira;Com Vítimas Feridas;Pleno dia;Crescente;Sol;Dupla;Reta;Não;8;0;1;0;7;0;1;2;0,08833;-51,095;SPRF-AP;DEL01-AP;UOP01-DEL01-AP
721421;28/09/2025;domingo;08:30:00;PI;343;591;FLORIANO;Ausência de reação do condutor;Tombamento;Com Vítimas Feridas;Pleno dia;Crescente;Céu Claro;Dupla;"Retorno Regulamentado;Reta";Sim;1;0;0;1;0;0;1;1;-6,779128;-43,027905;SPRF-PI;DEL03-PI;UOP01-DEL03-PI
721425;28/09/2025;domingo;01:22:00;GO;452;17;RIO VERDE;Desrespeitar a preferência no cruzamento;Colisão transversal;Sem Vítimas;Plena Noite;Crescente;Céu Claro;Simples;"Reta;Retorno Regulamentado";Não;6;0;0;0;6;0;0;2;-17,857504;-50,753339;SPRF-GO;DEL04-GO;UOP01-DEL04-GO
721426;28/09/2025;domingo;08:50:00;RJ;101;572,5;PARATY;Reação tardia ou ineficiente do condutor;Colisão com objeto;Com Vítimas Feridas;Pleno dia;Decrescente;Céu Claro;Simples;Reta;Não;1;0;0;1;0;0;1;1;-23,21153158;-44,7337532;SPRF-RJ;DEL03-RJ;UOP04-DEL03-RJ
721427;28/09/2025;domingo;10:40:00;PB;101;83,1;BAYEUX;Animais na Pista;Atropelamento de Animal;Com Vítimas Feridas;Pleno dia;Decrescente;Céu Claro;Dupla;Reta;Sim;2;0;2;0;0;0;2;1;-7,141234;-34,921082;SPRF-PB;DEL01-PB;UOP01-DEL01-PB
721428;28/09/2025;domingo;07:30:00;ES;101;294;CARIACICA;Velocidade Incompatível;Colisão com objeto;Sem Vítimas;Pleno dia;Decrescente;Sol;Dupla;Curva;Sim;1;0;0;0;1;0;0;1;-20,32386263;-40,39518356;SPRF-ES;DEL01-ES;UOP01-DEL01-ES
721429;28/09/2025;domingo;10:20:00;PI;402;33,7;PARNAIBA;Manobra de mudança de faixa;Colisão frontal;Sem Vítimas;Pleno dia;Crescente;Céu Claro;Simples;Reta;Sim;2;0;0;0;2;0;0;2;-2,930857;-41,751483;SPRF-PI;DEL05-PI;UOP01-DEL05-PI
721431;28/09/2025;domingo;11:00:00;MG;50;81,8;UBERLANDIA;Condutor deixou de manter distância do veículo da frente;Colisão traseira;Com Vítimas Feridas;Pleno dia;Decrescente;Céu Claro;Dupla;Reta;Sim;2;0;1;0;1;0;1;2;-18,981047;-48,212869;SPRF-MG;DEL15-MG;UOP01-DEL15-MG
721432;28/09/2025;domingo;09:57:00;MS;163;645;SAO GABRIEL DO OESTE;Reação tardia ou ineficiente do condutor;Capotamento;Com Vítimas Feridas;Pleno dia;Crescente;Céu Claro;Dupla;Reta;Não;1;0;1;0;0;0;1;1;-19,18833568;-54,75012615;SPRF-MS;DEL06-MS;UOP02-DEL06-MS
721434;28/09/2025;domingo;09:00:00;PI;135;361;BOM JESUS;Reação tardia ou ineficiente do condutor;Saída de leito carroçável;Com Vítimas Feridas;Pleno dia;Crescente;Céu Claro;Simples;"Reta;Declive";Não;2;0;1;0;1;0;1;1;-9,139592;-44,3967;SPRF-PI;DEL03-PI;UOP02-DEL03-PI
721435;28/09/2025;domingo;11:45:00;MG;40;517;CONTAGEM;Trafegar com motocicleta (ou similar) entre as faixas;Colisão lateral mesmo sentido;Com Vítimas Feridas;Pleno dia;Crescente;Céu Claro;Dupla;"Em Obras;Reta";Sim;3;0;1;0;2;0;1;3;-19,85585586;-44,08001189;SPRF-MG;DEL01-MG;UOP02-DEL01-MG
721437;28/09/2025;domingo;12:00:00;RJ;116;171,8;RIO DE JANEIRO;Ausência de reação do condutor;Colisão traseira;Com Vítimas Feridas;Pleno dia;Decrescente;Céu Claro;Dupla;Reta;Não;5;0;2;0;3;0;2;3;-22,80480666;-43,34554911;SPRF-RJ;DEL06-RJ;UOP01-DEL06-RJ
721438;28/09/2025;domingo;10:20:00;PE;428;188;PETROLINA;Acessar a via sem observar a presença dos outros veículos;Colisão lateral mesmo sentido;Com Vítimas Feridas;Pleno dia;Crescente;Céu Claro;Dupla;Reta;Sim;3;0;1;0;2;0;1;2;-9,364472;-40,482803;SPRF-PE;DEL06-PE;UOP01-DEL06-PE
721439;28/09/2025;domingo;10:40:00;BA;101;628;MASCOTE;Acessar a via sem observar a presença dos outros veículos;Colisão transversal;Com Vítimas Fatais;Pleno dia;Crescente;Céu Claro;Simples;Curva;Não;5;1;0;1;0;3;1;2;-15,71131;-39,446598;SPRF-BA;DEL05-BA;UOP02-DEL05-BA
721442;28/09/2025;domingo;10:40:00;RJ;493;0;ITABORAI;Ultrapassagem Indevida;Colisão lateral mesmo sentido;Com Vítimas Feridas;Pleno dia;Crescente;Céu Claro;Simples;Reta;Sim;3;0;2;0;1;0;2;2;-22,76921719;-42,92246819;SPRF-RJ;DEL02-RJ;UOP02-DEL02-RJ
721443;28/09/2025;domingo;11:14:00;AM;174;885;MANAUS;Ausência de reação do condutor;Colisão traseira;Com Vítimas Feridas;Pleno dia;Decrescente;Nublado;Simples;"Curva;Aclive";Sim;3;0;1;0;2;0;1;3;-2,9659815;-60,0208771;SPRF-AM;DEL01-AM;UOP01-DEL01-AM
721444;28/09/2025;domingo;12:02:00;PE;232;132,4;CARUARU;Pista esburacada;Queda de ocupante de veículo;Com Vítimas Feridas;Pleno dia;Crescente;Céu Claro;Dupla;Reta;Sim;1;0;1;0;0;0;1;1;-8,30691;-36,01712;SPRF-PE;DEL02-PE;UOP03-DEL02-PE
721445;28/09/2025;domingo;08:30:00;MA;10;198;RIBAMAR FIQUENE;Reação tardia ou ineficiente do condutor;Saída de leito carroçável;Sem Vítimas;Pleno dia;Crescente;Céu Claro;Simples;Declive;Não;2;0;0;0;2;0;0;1;-5,982738;-47,383283;SPRF-MA;DEL04-MA;UOP02-DEL04-MA
721447;28/09/2025;domingo;06:00:00;GO;153;543;HIDROLANDIA;Reação tardia ou ineficiente do condutor;Capotamento;Com Vítimas Feridas;Pleno dia;Decrescente;Céu Claro;Dupla;Reta;Não;1;0;1;0;0;0;1;1;-17,0788;-49,223812;SPRF-GO;DEL01-GO;UOP03-DEL01-GO
721448;28/09/2025;domingo;10:00:00;RS;285;389;SALDANHA MARINHO;Condutor Dormindo;Saída de leito carroçável;Com Vítimas Feridas;Pleno dia;Decrescente;Garoa/Chuvisco;Simples;Reta;Não;1;0;1;0;0;0;1;1;-28,39947224;-53,06050748;SPRF-RS;DEL10-RS;UOP02-DEL10-RS
721449;28/09/2025;domingo;11:10:00;RJ;40;76;PETROPOLIS;Curva acentuada;Saída de leito carroçável;Com Vítimas Feridas;Pleno dia;Crescente;Céu Claro;Dupla;Curva;Não;1;0;1;0;0;0;1;1;-22,48529636;-43,23083347;SPRF-RJ;DEL01-RJ;UOP01-DEL01-RJ
721450;28/09/2025;domingo;12:15:00;PI;343;343,4;TERESINA;Desrespeitar a preferência no cruzamento;Colisão transversal;Com Vítimas Feridas;Pleno dia;Crescente;Céu Claro;Múltipla;"Rotatória;Viaduto;Interseção de Vias";Sim;2;0;0;2;0;0;2;2;-5,09041319;-42,76036531;SPRF-PI;DEL01-PI;UOP01-DEL01-PI
721451;28/09/2025;domingo;13:25:00;PE;101;66,5;RECIFE;Trafegar com motocicleta (ou similar) entre as faixas;Colisão lateral mesmo sentido;Com Vítimas Feridas;Pleno dia;Crescente;Céu Claro;Dupla;Reta;Sim;3;0;2;0;1;0;2;2;-8,03731;-34,94163;SPRF-PE;DEL01-PE;UOP01-DEL01-PE
721453;28/09/2025;domingo;10:15:00;RS;285;571;SAO LUIZ GONZAGA;Acessar a via sem observar a presença dos outros veículos;Colisão transversal;Com Vítimas Feridas;Pleno dia;Crescente;Sol;Simples;Rotatória;Não;4;0;0;1;3;0;1;2;-28,41351217;-54,98894334;SPRF-RS;DEL12-RS;UOP01-DEL12-RS
721454;28/09/2025;domingo;14:10:00;MG;364;31,8;FRUTAL;Acessar a via sem observar a presença dos outros veículos;Colisão transversal;Com Vítimas Feridas;Pleno dia;Crescente;Céu Claro;Simples;Interseção de Vias;Não;4;0;1;0;3;0;1;2;-20,009911;-48,927839;SPRF-MG;DEL13-MG;UOP02-DEL13-MG
721455;28/09/2025;domingo;14:00:00;RJ;101;439;MANGARATIBA;Manobra de mudança de faixa;Tombamento;Com Vítimas Feridas;Pleno dia;Decrescente;Céu Claro;Simples;Reta;Não;2;0;2;0;0;0;2;1;-22,95389738;-44,08637222;SPRF-RJ;DEL03-RJ;UOP02-DEL03-RJ
721458;28/09/2025;domingo;14:15:00;MG;459;68,4;SENADOR JOSE BENTO;Velocidade Incompatível;Saída de leito carroçável;Com Vítimas Feridas;Pleno dia;Crescente;Céu Claro;Simples;"Curva;Declive";Não;1;0;1;0;0;0;1;1;-22,131097;-46,182158;SPRF-MG;DEL09-MG;UOP01-DEL09-MG
721459;28/09/2025;domingo;14:00:00;PR;376;657,8;TIJUCAS DO SUL;Demais falhas mecânicas ou elétricas;Saída de leito carroçável;Com Vítimas Feridas;Pleno dia;Decrescente;Garoa/Chuvisco;Simples;"Curva;Declive";Não;3;0;1;0;2;0;1;1;-25,84671061;-49,00614738;SPRF-PR;DEL01-PR;UOP04-DEL01-PR
721460;27/09/2025;sábado;13:40:00;RJ;40;5;COMENDADOR LEVY GASPARIAN;Velocidade Incompatível;Queda de ocupante de veículo;Com Vítimas Feridas;Pleno dia;Decrescente;Céu Claro;Dupla;Curva;Não;1;0;1;0;0;0;1;1;-22,01608389;-43,23592186;SPRF-RJ;DEL05-RJ;UOP02-DEL05-RJ
721461;28/09/2025;domingo;10:50:00;MG;251;218;CACHOEIRA DE PAJEU;Demais falhas mecânicas ou elétricas;Saída de leito carroçável;Com Vítimas Feridas;Pleno dia;Decrescente;Céu Claro;Simples;Reta;Não;3;0;1;1;1;0;2;1;-15,92314;-41,595463;SPRF-MG;DEL12-MG;UOP02-DEL12-MG
721463;28/09/2025;domingo;14:40:00;RS;290;91;PORTO ALEGRE;Manobra de mudança de faixa;Colisão traseira;Com Vítimas Feridas;Pleno dia;Decrescente;Céu Claro;Múltipla;Curva;Sim;5;0;2;0;2;1;2;3;-29,96928134;-51,16855277;SPRF-RS;DEL01-RS;UOP01-DEL01-RS
721464;28/09/2025;domingo;14:35:00;SE;235;46;ITABAIANA;Ausência de reação do condutor;Colisão lateral mesmo sentido;Com Vítimas Feridas;Pleno dia;Decrescente;Chuva;Simples;Reta;Não;3;0;2;0;1;0;2;2;-10,739996;-37,405317;SPRF-SE;DEL01-SE;UOP02-DEL01-SE
721465;28/09/2025;domingo;14:14:00;SC;282;333,1;CAMPOS NOVOS;Acessar a via sem observar a presença dos outros veículos;Colisão transversal;Com Vítimas Feridas;Pleno dia;Crescente;Nublado;Simples;"Reta;Declive";Não;4;0;2;0;2;0;2;2;-27,392521;-51,135965;SPRF-SC;DEL07-SC;UOP06-DEL07-SC
721466;28/09/2025;domingo;15:20:00;MG;40;440,9;PARAOPEBA;Ingestão de álcool pelo condutor;Capotamento;Com Vítimas Feridas;Pleno dia;Crescente;Céu Claro;Dupla;Reta;Não;1;0;1;0;0;0;1;1;-19,265319;-44,420851;SPRF-MG;DEL02-MG;UOP01-DEL02-MG