id;data_inversa;dia_semana;horario;uf;br;km;municipio;causa_acidente;tipo_acidente;classificacao_acidente;fase_dia;sentido_via;condicao_metereologica;tipo_pista;tracado_via;uso_solo;pessoas;mortos;feridos_leves;feridos_graves;ilesos;ignorados;feridos;veiculos;latitude;longitude;regional;delegacia;uop
721581;28/09/2025;domingo;20:00:00;BA;110;378;CATU;Ultrapassagem Indevida;Colisão frontal;Sem Vítimas;Plena Noite;Crescente;Céu Claro;Simples;Reta;Não;3;0;0;0;2;1;0;2;-12,411353;-38,430003;SPRF-BA;DEL01-BA;UOP01-DEL01-BA
721582;29/09/2025;segunda-feira;00:20:00;SC;101;128,6;CAMBORIU;Reação tardia ou ineficiente do condutor;Colisão com objeto;Sem Vítimas;Plena Noite;Crescente;Céu Claro;Múltipla;Curva;Sim;2;0;0;0;1;1;0;1;-26,97713078;-48,68239403;SPRF-SC;DEL04-SC;UOP03-DEL04-SC
721584;29/09/2025;segunda-feira;01:00:00;GO;153;303,2;RIALMA;Animais na Pista;Atropelamento de Animal;Com Vítimas Feridas;Plena Noite;Decrescente;Céu Claro;Simples;"Reta;Em Obras";Não;1;0;0;1;0;0;1;1;-15,334024;-49,570221;SPRF-GO;DEL02-GO;UOP02-DEL02-GO
721587;29/09/2025;segunda-feira;04:30:00;CE;20;326;CARIDADE;Animais na Pista;Atropelamento de Animal;Com Vítimas Feridas;Amanhecer;Crescente;Céu Claro;Simples;Reta;Sim;4;0;1;0;3;0;1;1;-4,227707;-39,197475;SPRF-CE;DEL02-CE;UOP01-DEL02-CE
721588;29/09/2025;segunda-feira;04:00:00;PR;116;121;CURITIBA;Reação tardia ou ineficiente do condutor;Colisão com objeto;Sem Vítimas;Plena Noite;Decrescente;Nublado;Dupla;Reta;Não;1;0;0;0;1;0;0;1;-25,59572;-49,316388;SPRF-PR;DEL01-PR;UOP03-DEL01-PR
721589;29/09/2025;segunda-feira;04:30:00;RJ;116;112;GUAPIMIRIM;Reação tardia ou ineficiente do condutor;Tombamento;Com Vítimas Feridas;Amanhecer;Decrescente;Nublado;Simples;Reta;Sim;2;0;2;0;0;0;2;1;-22,551999;-42,990007;SPRF-RJ;DEL04-RJ;UOP02-DEL04-RJ
721590;29/09/2025;segunda-feira;04:50:00;DF;70;14;BRASILIA;Condutor Dormindo;Saída de leito carroçável;Com Vítimas Feridas;Amanhecer;Crescente;Céu Claro;Dupla;Reta;Não;1;0;1;0;0;0;1;1;-15,799344;-48,183757;SPRF-DF;DEL03-DF;UOP02-DEL03-DF
721591;29/09/2025;segunda-feira;04:50:00;PB;101;86,4;JOAO PESSOA;Ingestão de álcool pelo condutor;Atropelamento de Pedestre;Com Vítimas Fatais;Amanhecer;Crescente;Nublado;Dupla;"Reta;Aclive";Sim;2;1;0;0;1;0;0;2;-7,153781;-34,908291;SPRF-PB;DEL01-PB;UOP01-DEL01-PB
721593;29/09/2025;segunda-feira;04:30:00;PE;428;189,8;PETROLINA;Ingestão de álcool pelo condutor;Saída de leito carroçável;Sem Vítimas;Plena Noite;Crescente;Céu Claro;Múltipla;"Reta;Interseção de Vias";Sim;1;0;0;0;1;0;0;1;-9,377654;-40,504199;SPRF-PE;DEL06-PE;UOP01-DEL06-PE
721594;29/09/2025;segunda-feira;05:30:00;RJ;40;116;DUQUE DE CAXIAS;Mal súbito do condutor;Colisão com objeto;Com Vítimas Feridas;Amanhecer;Decrescente;Céu Claro;Múltipla;Reta;Sim;1;0;1;0;0;0;1;1;-22,7456719;-43,28781602;SPRF-RJ;DEL01-RJ;UOP02-DEL01-RJ
721595;29/09/2025;segunda-feira;05:35:00;PI;343;325;TERESINA;Acessar a via sem observar a presença dos outros veículos;Colisão lateral mesmo sentido;Com Vítimas Feridas;Pleno dia;Crescente;Céu Claro;Simples;Reta;Não;2;0;0;1;1;0;1;2;-5,065732;-42,61026;SPRF-PI;DEL01-PI;UOP01-DEL01-PI
721597;29/09/2025;segunda-feira;06:30:00;SC;101;205,7;SAO JOSE;Trafegar com motocicleta (ou similar) entre as faixas;Tombamento;Com Vítimas Feridas;Pleno dia;Decrescente;Céu Claro;Múltipla;Reta;Sim;1;0;1;0;0;0;1;1;-27,590016;-48,6175;SPRF-SC;DEL01-SC;UOP01-DEL01-SC
721598;29/09/2025;segunda-feira;04:25:00;BA;101;2;RIO REAL;Ingestão de álcool pelo condutor;Colisão lateral sentido oposto;Com Vítimas Feridas;Amanhecer;Crescente;Nublado;Simples;"Aclive;Curva";Não;3;0;0;2;1;0;2;2;-11,527517;-37,818832;SPRF-SE;DEL02-SE;UOP03-DEL02-SE
721601;28/09/2025;domingo;20:30:00;PR;163;250;TOLEDO;Transitar na contramão;Colisão frontal;Com Vítimas Fatais;Plena Noite;Crescente;Céu Claro;Dupla;Reta;Não;4;1;0;0;3;0;0;2;-24,68546336;-53,77358884;SPRF-PR;DEL06-PR;UOP02-DEL06-PR
721606;29/09/2025;segunda-feira;05:46:00;MS;60;441;SIDROLANDIA;Reação tardia ou ineficiente do condutor;Saída de leito carroçável;Com Vítimas Feridas;Amanhecer;Crescente;Céu Claro;Simples;Reta;Não;1;0;1;0;0;0;1;1;-21,00260459;-55,15537265;SPRF-MS;DEL01-MS;UOP04-DEL01-MS
721608;29/09/2025;segunda-feira;00:45:00;MT;163;864,2;SINOP;Reação tardia ou ineficiente do condutor;Saída de leito carroçável;Com Vítimas Feridas;Plena Noite;Decrescente;Céu Claro;Simples;Reta;Não;2;0;1;1;0;0;2;1;-11,65777786;-55,44322758;SPRF-MT;DEL06-MT;UOP02-DEL06-MT
721610;29/09/2025;segunda-feira;07:15:00;PR;376;183,9;SARANDI;Condutor deixou de manter distância do veículo da frente;Colisão traseira;Com Vítimas Feridas;Pleno dia;Decrescente;Céu Claro;Dupla;"Viaduto;Reta;Declive";Sim;2;0;1;0;1;0;1;2;-23,440959;-51,872054;SPRF-PR;DEL09-PR;UOP01-DEL09-PR
721612;29/09/2025;segunda-feira;07:35:00;PE;428;187;PETROLINA;Frear bruscamente;Colisão traseira;Com Vítimas Feridas;Pleno dia;Crescente;Céu Claro;Dupla;Reta;Sim;4;0;1;0;3;0;1;2;-9,3565953;-40,4782047;SPRF-PE;DEL06-PE;UOP01-DEL06-PE
721613;29/09/2025;segunda-feira;08:00:00;RS;158;329;SANTA MARIA;Reação tardia ou ineficiente do condutor;Colisão traseira;Com Vítimas Feridas;Pleno dia;Crescente;Céu Claro;Dupla;"Em Obras;Reta;Ponte";Sim;4;0;1;0;2;1;1;3;-29,70305256;-53,83508418;SPRF-RS;DEL09-RS;UOP01-DEL09-RS
721614;29/09/2025;segunda-feira;07:45:00;SC;282;217,5;LAGES;Ausência de reação do condutor;Colisão com objeto;Sem Vítimas;Pleno dia;Crescente;Nevoeiro/Neblina;Dupla;Reta;Sim;1;0;0;0;0;1;0;1;-27,79837769;-50,30407308;SPRF-SC;DEL05-SC;UOP01-DEL05-SC
721615;29/09/2025;segunda-feira;08:00:00;PB;230;24;JOAO PESSOA;Manobra de mudança de faixa;Colisão traseira;Com Vítimas Feridas;Pleno dia;Decrescente;Céu Claro;Múltipla;"Viaduto;Declive";Sim;2;0;0;1;0;1;1;2;-7,16750438;-34,86385614;SPRF-PB;DEL01-PB;UOP01-DEL01-PB
721616;29/09/2025;segunda-feira;08:00:00;RS;290;302;CACHOEIRA DO SUL;Reação tardia ou ineficiente do condutor;Capotamento;Com Vítimas Feridas;Pleno dia;Crescente;Céu Claro;Simples;"Aclive;Em Obras;Reta";Não;5;0;1;0;4;0;1;1;-30,32223839;-53,23315786;SPRF-RS;DEL09-RS;UOP02-DEL09-RS
721618;29/09/2025;segunda-feira;05:44:00;ES;262;116;CONCEICAO DO CASTELO;Ingestão de álcool pelo condutor;Tombamento;Com Vítimas Feridas;Amanhecer;Crescente;Céu Claro;Simples;"Declive;Curva";Não;2;0;1;0;1;0;1;1;-20,314665;-41,236263;SPRF-ES;DEL01-ES;UOP02-DEL01-ES
721619;04/08/2025;segunda-feira;10:00:00;MG;40;532,2;BELO HORIZONTE;Reação tardia ou ineficiente do condutor;Colisão lateral mesmo sentido;Com Vítimas Feridas;Pleno dia;Crescente;Céu Claro;Dupla;"Declive;Reta";Sim;2;0;1;0;1;0;1;2;-19,9249647;-44,0131443;SPRF-MG;DEL01-MG;UOP02-DEL01-MG
721620;14/07/2025;segunda-feira;07:10:00;PI;343;14,8;PARNAIBA;Acessar a via sem observar a presença dos outros veículos;Colisão transversal;Com Vítimas Feridas;Pleno dia;Decrescente;Sol;Dupla;"Interseção de Vias;Reta";Sim;2;0;0;1;0;1;1;2;-2,93713032;-41,75496447;SPRF-PI;DEL05-PI;UOP01-DEL05-PI
721621;29/09/2025;segunda-feira;08:05:00;SC;101;56;JOINVILLE;Manobra de mudança de faixa;Colisão com objeto;Com Vítimas Feridas;Pleno dia;Crescente;Céu Claro;Dupla;Reta;Não;1;0;1;0;0;0;1;1;-26,42876856;-48,82616043;SPRF-SC;DEL03-SC;UOP01-DEL03-SC
721622;29/09/2025;segunda-feira;07:00:00;RJ;101;199;CASIMIRO DE ABREU;Demais falhas mecânicas ou elétricas;Tombamento;Com Vítimas Feridas;Pleno dia;Decrescente;Céu Claro;Simples;Curva;Não;1;0;1;0;0;0;1;1;-22,48999339;-42,13375792;SPRF-RJ;DEL08-RJ;UOP04-DEL08-RJ
721623;29/09/2025;segunda-feira;08:00:00;PR;153;41,7;SANTO ANTONIO DA PLATINA;Transitar no Acostamento;Colisão transversal;Com Vítimas Feridas;Pleno dia;Crescente;Céu Claro;Simples;Interseção de Vias;Sim;2;0;1;0;1;0;1;2;-23,29348039;-50,06375162;SPRF-PR;DEL07-PR;UOP04-DEL07-PR
721625;29/09/2025;segunda-feira;07:20:00;RO;174;15;VILHENA;Reação tardia ou ineficiente do condutor;Colisão traseira;Com Vítimas Feridas;Pleno dia;Decrescente;Céu Claro;Simples;"Reta;Interseção de Vias;Em Obras;Desvio Temporário";Sim;3;0;1;0;2;0;1;2;-12,723934;-60,128168;SPRF-RO;DEL04-RO;UOP01-DEL04-RO
721626;29/09/2025;segunda-feira;08:30:00;RS;386;347;LAJEADO;Reação tardia ou ineficiente do condutor;Colisão lateral mesmo sentido;Com Vítimas Feridas;Pleno dia;Crescente;Céu Claro;Dupla;Reta;Sim;2;0;2;0;0;0;2;2;-29,4529;-51,962869;SPRF-RS;DEL04-RS;UOP01-DEL04-RS
721627;29/09/2025;segunda-feira;08:00:00;MG;381;478,6;CONTAGEM;Reação tardia ou ineficiente do condutor;Colisão traseira;Com Vítimas Feridas;Pleno dia;Decrescente;Céu Claro;Múltipla;Reta;Sim;2;0;1;0;1;0;1;2;-19,96268464;-44,04033629;SPRF-MG;DEL01-MG;UOP03-DEL01-MG
721628;29/09/2025;segunda-feira;08:45:00;RN;101;75;SAO GONCALO DO AMARANTE;Reação tardia ou ineficiente do condutor;Colisão traseira;Com Vítimas Feridas;Pleno dia;Crescente;Céu Claro;Dupla;Rotatória;Sim;3;0;1;0;2;0;1;2;-5,722;-35,279;SPRF-RN;DEL02-RN;UOP01-DEL02-RN
721629;29/09/2025;segunda-feira;09:00:00;GO;60;186;GUAPO;Ausência de reação do condutor;Saída de leito carroçável;Com Vítimas Feridas;Pleno dia;Crescente;Céu Claro;Dupla;"Reta;Declive";Sim;1;0;1;0;0;0;1;1;-16,813133;-49,52903;SPRF-GO;DEL01-GO;UOP02-DEL01-GO
721630;19/09/2025;sexta-feira;12:55:00;RR;174;30;RORAINOPOLIS;Manobra de mudança de faixa;Saída de leito carroçável;Com Vítimas Feridas;Pleno dia;Decrescente;Sol;Simples;Reta;Não;1;0;1;0;0;0;1;1;-0,5967656;-60,6119311;SPRF-RR;DEL01-RR;UOP01-DEL01-RR
721632;29/09/2025;segunda-feira;09:10:00;ES;101;7,1;PEDRO CANARIO;Acessar a via sem observar a presença dos outros veículos;Colisão transversal;Com Vítimas Feridas;Pleno dia;Decrescente;Sol;Simples;"Reta;Aclive";Não;2;0;1;0;1;0;1;2;-18,24019455;-39,95415257;SPRF-ES;DEL04-ES;UOP02-DEL04-ES
721633;29/09/2025;segunda-feira;09:20:00;PB;230;459;SOUSA;Reação tardia ou ineficiente do condutor;Tombamento;Com Vítimas Feridas;Pleno dia;Crescente;Céu Claro;Simples;Reta;Sim;1;0;0;1;0;0;1;1;-6,778207;-38,225145;SPRF-PB;DEL03-PB;UOP03-DEL03-PB
721634;29/09/2025;segunda-feira;09:15:00;SP;116;231;SAO PAULO;Manobra de mudança de faixa;Colisão lateral mesmo sentido;Com Vítimas Feridas;Pleno dia;Crescente;Céu Claro;Múltipla;Reta;Sim;2;0;1;0;1;0;1;2;-23,52330662;-46,58666301;SPRF-SP;DEL01-SP;UOP01-DEL01-SP
721635;29/09/2025;segunda-feira;09:15:00;PR;116;116;CURITIBA;Reação tardia ou ineficiente do condutor;Colisão traseira;Com Vítimas Feridas;Pleno dia;Decrescente;Céu Claro;Dupla;Reta;Sim;2;0;1;0;1;0;1;2;-25,5598781;-49,3071778;SPRF-PR;DEL01-PR;UOP03-DEL01-PR
721636;29/09/2025;segunda-feira;08:00:00;SP;116;111;TAUBATE;Manobra de mudança de faixa;Colisão lateral mesmo sentido;Com Vítimas Feridas;Pleno dia;Crescente;Céu Claro;Dupla;Reta;Sim;3;0;1;0;2;0;1;2;-23,04094114;-45,5690345;SPRF-SP;DEL02-SP;UOP02-DEL02-SP
721637;21/09/2025;domingo;17:00:00;PR;376;442;TIBAGI;Chuva;Capotamento;Com Vítimas Feridas;Pleno dia;Crescente;Chuva;Dupla;Reta;Não;3;0;2;1;0;0;3;1;-24,5343185;-50,69452286;SPRF-PR;DEL03-PR;UOP02-DEL03-PR
721638;29/09/2025;segunda-feira;09:30:00;MG;381;856;POUSO ALEGRE;Carga excessiva e/ou mal acondicionada;Colisão com objeto;Com Vítimas Feridas;Pleno dia;Crescente;Céu Claro;Dupla;Reta;Não;1;0;1;0;0;0;1;1;-22,28936842;-45,89764738;SPRF-MG;DEL16-MG;UOP01-DEL16-MG
721639;29/09/2025;segunda-feira;09:15:00;PR;277;0;PARANAGUA;Mal súbito do condutor;Tombamento;Com Vítimas Feridas;Pleno dia;Decrescente;Céu Claro;Simples;Reta;Sim;1;0;1;0;0;0;1;1;-25,51954455;-48,54328092;SPRF-PR;DEL01-PR;UOP05-DEL01-PR
721643;01/09/2025;segunda-feira;07:48:00;SC;101;336;TUBARAO;Manobra de mudança de faixa;Colisão traseira;Com Vítimas Feridas;Pleno dia;Crescente;Nublado;Múltipla;Aclive;Sim;4;0;1;0;2;1;1;3;-28,486413;-49,038202;SPRF-SC;DEL02-SC;UOP01-DEL02-SC
721644;29/09/2025;segunda-feira;09:15:00;RJ;40;121;DUQUE DE CAXIAS;Demais falhas mecânicas ou elétricas;Tombamento;Com Vítimas Feridas;Pleno dia;Crescente;Céu Claro;Múltipla;Reta;Sim;2;0;1;1;0;0;2;1;-22,777763;-43,285774;SPRF-RJ;DEL01-RJ;UOP02-DEL01-RJ
721647;29/09/2025;segunda-feira;10:45:00;PE;101;50;ABREU E LIMA;Demais falhas mecânicas ou elétricas;Queda de ocupante de veículo;Com Vítimas Feridas;Pleno dia;Crescente;Céu Claro;Múltipla;Reta;Não;2;0;2;0;0;0;2;1;-7,91630895;-34,89767411;SPRF-PE;DEL01-PE;UOP02-DEL01-PE
721648;29/09/2025;segunda-feira;10:50:00;PB;230;7,5;CABEDELO;Acesso irregular;Colisão transversal;Com Vítimas Feridas;Pleno dia;Decrescente;Céu Claro;Dupla;"Reta;Interseção de Vias";Sim;6;0;4;1;1;0;5;2;-7,033903;-34,841728;SPRF-PB;DEL01-PB;UOP01-DEL01-PB
721650;29/09/2025;segunda-feira;08:42:00;RJ;116;181;NOVA IGUACU;Condutor deixou de manter distância do veículo da frente;Colisão traseira;Sem Vítimas;Pleno dia;Crescente;Céu Claro;Dupla;Reta;Sim;2;0;0;0;2;0;0;2;-22,76094289;-43,42413649;SPRF-RJ;DEL06-RJ;UOP01-DEL06-RJ
721652;22/09/2025;segunda-feira;17:05:00;RS;470;220;GARIBALDI;Acessar a via sem observar a presença dos outros veículos;Colisão transversal;Com Vítimas Feridas;Pleno dia;Crescente;Céu Claro;Simples;Reta;Sim;4;0;1;1;0;2;2;3;-29,20331704;-51,51818633;SPRF-RS;DEL06-RS;UOP01-DEL06-RS
721655;29/09/2025;segunda-feira;09:10:00;ES;262;77,9;DOMINGOS MARTINS;Reação tardia ou ineficiente do condutor;Saída de leito carroçável;Com Vítimas Feridas;Pleno dia;Crescente;Céu Claro;Simples;Curva;Não;1;0;1;0;0;0;1;1;-20,410986;-40,922877;SPRF-ES;DEL01-ES;UOP02-DEL01-ES
721656;29/09/2025;segunda-feira;09:35:00;PI;316;4,6;TERESINA;Ausência de reação do condutor;Colisão traseira;Com Vítimas Feridas;Pleno dia;Crescente;Céu Claro;Múltipla;Reta;Sim;3;0;1;1;1;0;2;2;-5,141092;-42,783193;SPRF-PI;DEL01-PI;UOP02-DEL01-PI
721657;29/09/2025;segunda-feira;12:00:00;MG;40;786,1;JUIZ DE FORA;Ausência de reação do condutor;Colisão traseira;Com Vítimas Feridas;Pleno dia;Crescente;Céu Claro;Dupla;Curva;Não;2;0;1;0;1;0;1;2;-21,74922166;-43,44508978;SPRF-MG;DEL05-MG;UOP01-DEL05-MG
721658;29/09/2025;segunda-feira;10:20:00;RJ;40;114;DUQUE DE CAXIAS;Ausência de reação do condutor;Colisão traseira;Com Vítimas Feridas;Pleno dia;Crescente;Céu Claro;Simples;Reta;Não;4;0;1;0;3;0;1;3;-22,6708;-43,2819;SPRF-RJ;DEL01-RJ;UOP02-DEL01-RJ
721661;29/09/2025;segunda-feira;12:00:00;PR;277;4;CURITIBA;Ausência de reação do condutor;Colisão traseira;Com Vítimas Feridas;Pleno dia;Decrescente;Céu Claro;Dupla;Reta;Sim;4;0;1;0;3;0;1;2;-25,43032718;-49,32230062;SPRF-PR;DEL01-PR;UOP06-DEL01-PR
721663;29/09/2025;segunda-feira;13:20:00;SC;101;193;BIGUACU;Ingestão de álcool pelo condutor;Colisão traseira;Com Vítimas Feridas;Pleno dia;Crescente;Céu Claro;Múltipla;Reta;Sim;2;0;1;0;1;0;1;2;-27,49142;-48,65666;SPRF-SC;DEL01-SC;UOP01-DEL01-SC
721665;29/09/2025;segunda-feira;13:00:00;SC;282;16;PALHOCA;Acessar a via sem observar a presença dos outros veículos;Colisão transversal;Com Vítimas Feridas;Pleno dia;Crescente;Céu Claro;Simples;Reta;Não;4;0;2;0;2;0;2;3;-27,66298391;-48,68539207;SPRF-SC;DEL01-SC;UOP02-DEL01-SC
721666;29/09/2025;segunda-feira;09:30:00;BA;116;581,7;NOVA ITARANA;Falta de acostamento;Tombamento;Com Vítimas Feridas;Pleno dia;Crescente;Céu Claro;Simples;"Declive;Curva";Não;1;0;1;0;0;0;1;1;-13,1060663;-39,9952935;SPRF-BA;DEL03-BA;UOP02-DEL03-BA
721668;29/09/2025;segunda-feira;08:50:00;SC;470;208,8;SAO CRISTOVAO DO SUL;Avarias e/ou desgaste excessivo no pneu;Saída de leito carroçável;Com Vítimas Feridas;Pleno dia;Decrescente;Céu Claro;Simples;Reta;Não;2;0;1;0;1;0;1;1;-27,29646;-50,21222;SPRF-SC;DEL05-SC;UOP03-DEL05-SC
721669;29/09/2025;segunda-feira;11:10:00;RO;364;13;VILHENA;Reação tardia ou ineficiente do condutor;Colisão traseira;Com Vítimas Feridas;Pleno dia;Crescente;Céu Claro;Dupla;Reta;Sim;2;0;1;0;1;0;1;2;-12,74167708;-60,12926817;SPRF-RO;DEL04-RO;UOP01-DEL04-RO
721670;29/09/2025;segunda-feira;13:30:00;RS;116;244;SAO LEOPOLDO;Manobra de mudança de faixa;Colisão lateral mesmo sentido;Com Vítimas Feridas;Pleno dia;Decrescente;Céu Claro;Dupla;Reta;Sim;4;0;1;0;0;3;1;3;-29,7423886;-51,1503645;SPRF-RS;DEL01-RS;UOP02-DEL01-RS
721672;29/09/2025;segunda-feira;10:35:00;SC;282;519,8;XAXIM;Entrada inopinada do pedestre;Atropelamento de Pedestre;Com Vítimas Feridas;Plena Noite;Decrescente;Sol;Simples;Curva;Sim;2;0;0;1;1;0;1;2;-26,9503237;-52,5228875;SPRF-SC;DEL07-SC;UOP01-DEL07-SC
721673;29/09/2025;segunda-feira;11:00:00;SC;282;476,3;VARGEAO;Acessar a via sem observar a presença dos outros veículos;Colisão transversal;Com Vítimas Feridas;Pleno dia;Decrescente;Céu Claro;Simples;Reta;Não;5;0;3;0;2;0;3;2;-26,88303357;-52,1708107;SPRF-SC;DEL07-SC;UOP01-DEL07-SC
721674;29/09/2025;segunda-feira;09:30:00;MG;262;2,7;MARTINS SOARES;Reação tardia ou ineficiente do condutor;Saída de leito carroçável;Com Vítimas Feridas;Pleno dia;Decrescente;Céu Claro;Simples;Curva;Não;2;0;2;0;0;0;2;1;-20,256011;-41,780313;SPRF-MG;DEL06-MG;UOP03-DEL06-MG
721675;29/09/2025;segunda-feira;13:00:00;SC;101;338;TUBARAO;Demais falhas mecânicas ou elétricas;Tombamento;Com Vítimas Feridas;Pleno dia;Decrescente;Céu Claro;Múltipla;Reta;Não;2;0;2;0;0;0;2;1;-28,494398;-49,042751;SPRF-SC;DEL02-SC;UOP01-DEL02-SC
721676;13/05/2025;terça-feira;06:40:00;SC;101;416,3;ARARANGUA;Desrespeitar a preferência no cruzamento;Colisão frontal;Com Vítimas Fatais;Amanhecer;Crescente;Céu Claro;Simples;Reta;Sim;2;1;0;0;1;0;0;2;-28,97451369;-49,53134229;SPRF-SC;DEL02-SC;UOP02-DEL02-SC
721677;29/09/2025;segunda-feira;14:00:00;SC;101;229;PALHOCA;Condutor deixou de manter distância do veículo da frente;Colisão traseira;Sem Vítimas;Pleno dia;Crescente;Céu Claro;Múltipla;Reta;Não;2;0;0;0;2;0;0;2;-27,76506139;-48,63112561;SPRF-SC;DEL01-SC;UOP02-DEL01-SC
721678;29/09/2025;segunda-feira;13:20:00;PR;277;712;SANTA TEREZINHA DE ITAIPU;Condutor deixou de manter distância do veículo da frente;Colisão traseira;Com Vítimas Feridas;Pleno dia;Decrescente;Céu Claro;Dupla;Reta;Não;3;0;3;0;0;0;3;2;-25,45958324;-54,43518369;SPRF-PR;DEL05-PR;UOP01-DEL05-PR
721680;24/09/2025;quarta-feira;18:25:00;RS;0;0;CAXIAS DO SUL;Acessar a via sem observar a presença dos outros veículos;Colisão transversal;Com Vítimas Feridas;Anoitecer;Não Informado;Céu Claro;Simples;"Retorno Regulamentado;Reta";Não;6;0;2;0;3;1;2;3;-29,164658;-51,242662;SPRF-RS;DEL05-RS;N/A
721681;29/09/2025;segunda-feira;14:10:00;SC;101;202;SAO JOSE;Reação tardia ou ineficiente do condutor;Colisão lateral mesmo sentido;Com Vítimas Feridas;Pleno dia;Crescente;Céu Claro;Dupla;"Rotatória;Interseção de Vias;Viaduto;Retorno Regulamentado";Sim;2;0;0;1;1;0;1;2;-27,56576083;-48,61473799;SPRF-SC;DEL01-SC;UOP01-DEL01-SC
721682;29/09/2025;segunda-feira;14:00:00;RS;116;120;SAO MARCOS;Acessar a via sem observar a presença dos outros veículos;Colisão transversal;Com Vítimas Feridas;Pleno dia;Crescente;Céu Claro;Dupla;Interseção de Vias;Sim;2;0;1;0;1;0;1;2;-28,974902;-51,067963;SPRF-RS;DEL05-RS;UOP01-DEL05-RS
721683;29/09/2025;segunda-feira;13:16:00;RN;101;80;SAO GONCALO DO AMARANTE;Acessar a via sem observar a presença dos outros veículos;Colisão lateral mesmo sentido;Com Vítimas Feridas;Pleno dia;Decrescente;Céu Claro;Dupla;Reta;Sim;3;0;3;0;0;0;3;2;-5,764;-35,286;SPRF-RN;DEL02-RN;UOP01-DEL02-RN
721685;24/09/2025;quarta-feira;06:00:00;RJ;116;195;QUEIMADOS;Condutor deixou de manter distância do veículo da frente;Colisão traseira;Com Vítimas Fatais;Amanhecer;Crescente;Nublado;Dupla;Curva;Não;2;1;0;0;0;1;0;2;-22,7353383;-43,55223;SPRF-RJ;DEL06-RJ;UOP01-DEL06-RJ
721687;29/09/2025;segunda-feira;14:05:00;SC;101;42,1;JOINVILLE;Estacionar ou parar em local proibido;Colisão traseira;Com Vítimas Feridas;Pleno dia;Decrescente;Céu Claro;Dupla;Reta;Sim;2;0;1;0;1;0;1;2;-26,32572442;-48,86598436;SPRF-SC;DEL03-SC;UOP01-DEL03-SC
721689;29/09/2025;segunda-feira;10:25:00;GO;60;31,4;ALEXANIA;Desrespeitar a preferência no cruzamento;Colisão transversal;Com Vítimas Feridas;Pleno dia;Crescente;Sol;Dupla;"Interseção de Vias;Retorno Regulamentado;Reta";Sim;2;0;1;1;0;0;2;2;-16,089757;-48,502459;SPRF-DF;DEL03-DF;UOP01-DEL03-DF
721693;29/09/2025;segunda-feira;10:55:00;RJ;116;200;QUEIMADOS;Ausência de reação do condutor;Saída de leito carroçável;Com Vítimas Feridas;Pleno dia;Crescente;Céu Claro;Dupla;Reta;Não;1;0;1;0;0;0;1;1;-22,73126332;-43,59794497;SPRF-RJ;DEL06-RJ;UOP02-DEL06-RJ
721694;21/09/2025;domingo;00:10:00;PA;222;224;MARABA;Reação tardia ou ineficiente do condutor;Colisão traseira;Com Vítimas Feridas;Plena Noite;Crescente;Céu Claro;Simples;Reta;Não;4;0;3;0;1;0;3;2;-5,20562269;-49,02744794;SPRF-PA;DEL03-PA;UOP01-DEL03-PA
721695;29/09/2025;segunda-feira;13:20:00;SP;116;482;JACUPIRANGA;Reação tardia ou ineficiente do condutor;Saída de leito carroçável;Com Vítimas Feridas;Pleno dia;Decrescente;Céu Claro;Dupla;Reta;Não;1;0;1;0;0;0;1;1;-24,70713;-48,014978;SPRF-SP;DEL05-SP;UOP01-DEL05-SP
721696;17/08/2025;domingo;03:20:00;RJ;116;184;NOVA IGUACU;Ausência de sinalização;Capotamento;Com Vítimas Feridas;Plena Noite;Decrescente;Céu Claro;Múltipla;"Reta;Em Obras";Sim;2;0;1;0;1;0;1;2;-22,74657884;-43,44607528;SPRF-RJ;DEL06-RJ;UOP01-DEL06-RJ
721697;29/09/2025;segunda-feira;12:21:00;AC;364;137;RIO BRANCO;Condutor deixou de manter distância do veículo da frente;Colisão traseira;Com Vítimas Feridas;Pleno dia;Decrescente;Céu Claro;Dupla;Reta;Não;3;0;2;0;1;0;2;2;-9,96555;-67,854496;SPRF-AC;DEL01-AC;UOP01-DEL01-AC
721698;29/09/2025;segunda-feira;14:20:00;RJ;116;114;GUAPIMIRIM;Reação tardia ou ineficiente do condutor;Tombamento;Com Vítimas Feridas;Pleno dia;Decrescente;Céu Claro;Dupla;Em Obras;Sim;1;0;1;0;0;0;1;1;-22,56593523;-43,00251772;SPRF-RJ;DEL04-RJ;UOP02-DEL04-RJ
721700;29/09/2025;segunda-feira;14:55:00;TO;10;464,7;PALMAS;Acessar a via sem observar a presença dos outros veículos;Colisão transversal;Sem Vítimas;Pleno dia;Crescente;Céu Claro;Dupla;Reta;Sim;3;0;0;0;3;0;0;2;-10,23335;-48,305985;SPRF-TO;DEL01-TO;UOP03-DEL01-TO
721701;29/09/2025;segunda-feira;14:30:00;RS;116;422;CRISTAL;Demais falhas mecânicas ou elétricas;Incêndio;Sem Vítimas;Pleno dia;Decrescente;Céu Claro;Simples;"Em Obras;Reta";Não;1;0;0;0;1;0;0;1;-30,970764;-51,998304;SPRF-RS;DEL02-RS;UOP02-DEL02-RS