id;data_inversa;dia_semana;horario;uf;br;km;municipio;causa_acidente;tipo_acidente;classificacao_acidente;fase_dia;sentido_via;condicao_metereologica;tipo_pista;tracado_via;uso_solo;pessoas;mortos;feridos_leves;feridos_graves;ilesos;ignorados;feridos;veiculos;latitude;longitude;regional;delegacia;uop
721703;22/06/2025;domingo;19:30:00;GO;70;16;AGUAS LINDAS DE GOIAS;Transitar na contramão;Colisão frontal;Com Vítimas Feridas;Plena Noite;Crescente;Céu Claro;Simples;Curva;Sim;3;0;0;3;0;0;3;2;-15,75437;-48,344725;SPRF-DF;DEL03-DF;UOP02-DEL03-DF
721705;29/09/2025;segunda-feira;15:30:00;SC;101;207,5;SAO JOSE;Reação tardia ou ineficiente do condutor;Engavetamento;Com Vítimas Feridas;Pleno dia;Decrescente;Céu Claro;Múltipla;Declive;Sim;4;0;1;0;3;0;1;4;-27,601883;-48,627393;SPRF-SC;DEL01-SC;UOP01-DEL01-SC
721710;29/09/2025;segunda-feira;15:00:00;RJ;493;22;MAGE;Condutor deixou de manter distância do veículo da frente;Colisão traseira;Com Vítimas Feridas;Pleno dia;Decrescente;Céu Claro;Simples;"Declive;Reta";Sim;2;0;1;0;1;0;1;2;-22,65716557;-43,0619216;SPRF-RJ;DEL04-RJ;UOP02-DEL04-RJ
721711;29/09/2025;segunda-feira;15:30:00;BA;116;423;FEIRA DE SANTANA;Manobra de mudança de faixa;Colisão lateral mesmo sentido;Sem Vítimas;Pleno dia;Decrescente;Céu Claro;Simples;Reta;Sim;2;0;0;0;2;0;0;2;-12,2356524;-38,977178;SPRF-BA;DEL02-BA;UOP01-DEL02-BA
721715;29/09/2025;segunda-feira;16:30:00;RS;386;306;POUSO NOVO;Reação tardia ou ineficiente do condutor;Colisão frontal;Com Vítimas Feridas;Pleno dia;Crescente;Céu Claro;Simples;"Declive;Curva";Não;2;0;0;1;1;0;1;2;-29,18388086;-52,19113923;SPRF-RS;DEL04-RS;UOP01-DEL04-RS
721716;29/09/2025;segunda-feira;16:50:00;RS;448;18;CANOAS;Demais falhas mecânicas ou elétricas;Tombamento;Com Vítimas Feridas;Pleno dia;Decrescente;Céu Claro;Dupla;Reta;Não;2;0;2;0;0;0;2;1;-29,9432433;-51,2044817;SPRF-RS;DEL01-RS;UOP01-DEL01-RS
721717;29/09/2025;segunda-feira;17:00:00;SP;153;60,9;SAO JOSE DO RIO PRETO;Ausência de reação do condutor;Colisão traseira;Com Vítimas Feridas;Pleno dia;Decrescente;Céu Claro;Dupla;Reta;Sim;3;0;1;0;2;0;1;3;-20,80132988;-49,35529456;SPRF-SP;DEL09-SP;UOP01-DEL09-SP
721721;29/09/2025;segunda-feira;15:30:00;MG;40;604,9;CONGONHAS;Transitar na contramão;Colisão frontal;Com Vítimas Feridas;Pleno dia;Decrescente;Sol;Simples;Curva;Não;2;0;1;1;0;0;2;2;-20,462684;-43,838892;SPRF-MG;DEL05-MG;UOP02-DEL05-MG
721722;29/09/2025;segunda-feira;17:10:00;SP;116;166,9;JACAREI;Objeto estático sobre o leito carroçável;Colisão com objeto;Com Vítimas Feridas;Pleno dia;Crescente;Céu Claro;Dupla;"Reta;Aclive";Não;1;0;1;0;0;0;1;1;-23,30200952;-46,02499008;SPRF-SP;DEL02-SP;UOP01-DEL02-SP
721723;29/09/2025;segunda-feira;17:20:00;SC;101;203,9;SAO JOSE;Reação tardia ou ineficiente do condutor;Colisão traseira;Com Vítimas Feridas;Pleno dia;Crescente;Céu Claro;Múltipla;Reta;Sim;2;0;1;0;1;0;1;2;-27,574181;-48,613379;SPRF-SC;DEL01-SC;UOP01-DEL01-SC
721726;29/09/2025;segunda-feira;17:05:00;PR;153;46,7;SANTO ANTONIO DA PLATINA;Avarias e/ou desgaste excessivo no pneu;Queda de ocupante de veículo;Com Vítimas Feridas;Pleno dia;Decrescente;Céu Claro;Simples;"Reta;Declive";Não;2;0;2;0;0;0;2;1;-23,33381546;-50,06687737;SPRF-PR;DEL07-PR;UOP04-DEL07-PR
721727;21/09/2025;domingo;06:20:00;PR;376;12;MARINGA;Ingestão de álcool pelo condutor;Saída de leito carroçável;Com Vítimas Feridas;Pleno dia;Decrescente;Céu Claro;Dupla;"Declive;Reta";Não;1;0;1;0;0;0;1;1;-23,39888;-51,88143;SPRF-PR;DEL09-PR;UOP01-DEL09-PR
721728;09/06/2025;segunda-feira;02:31:00;RS;470;224;GARIBALDI;Velocidade Incompatível;Saída de leito carroçável;Com Vítimas Fatais;Plena Noite;Decrescente;Garoa/Chuvisco;Simples;"Declive;Curva";Não;2;1;0;1;0;0;1;1;-29,23392387;-51,51608197;SPRF-RS;DEL06-RS;UOP01-DEL06-RS
721729;29/09/2025;segunda-feira;17:38:00;PB;230;24;JOAO PESSOA;Ausência de reação do condutor;Engavetamento;Com Vítimas Feridas;Plena Noite;Decrescente;Céu Claro;Dupla;"Declive;Reta";Não;3;0;0;1;2;0;1;3;-7,16833469;-34,86440331;SPRF-PB;DEL01-PB;UOP01-DEL01-PB
721731;29/09/2025;segunda-feira;17:05:00;SC;101;117,7;ITAJAI;Ausência de reação do condutor;Tombamento;Com Vítimas Feridas;Pleno dia;Decrescente;Céu Claro;Dupla;Reta;Não;2;0;2;0;0;0;2;1;-26,89163522;-48,72071441;SPRF-SC;DEL04-SC;UOP04-DEL04-SC
721732;29/09/2025;segunda-feira;18:00:00;SC;101;228,1;PALHOCA;Retorno proibido;Colisão lateral mesmo sentido;Com Vítimas Feridas;Anoitecer;Decrescente;Céu Claro;Múltipla;Reta;Sim;2;0;1;0;1;0;1;2;-27,758938;-48,630677;SPRF-SC;DEL01-SC;UOP02-DEL01-SC
721733;29/09/2025;segunda-feira;18:00:00;CE;116;156,8;RUSSAS;Acessar a via sem observar a presença dos outros veículos;Colisão transversal;Com Vítimas Feridas;Plena Noite;Crescente;Céu Claro;Simples;Reta;Não;2;0;0;2;0;0;2;2;-4,894076;-38,012418;SPRF-CE;DEL03-CE;UOP01-DEL03-CE
721735;29/09/2025;segunda-feira;17:51:00;RN;406;168;SAO GONCALO DO AMARANTE;Acessar a via sem observar a presença dos outros veículos;Colisão lateral mesmo sentido;Sem Vítimas;Plena Noite;Crescente;Céu Claro;Dupla;Reta;Sim;2;0;0;0;2;0;0;2;-5,753258;-35,314105;SPRF-RN;DEL02-RN;UOP01-DEL02-RN
721737;29/09/2025;segunda-feira;17:48:00;ES;101;255;SERRA;Ausência de reação do condutor;Colisão frontal;Com Vítimas Feridas;Anoitecer;Crescente;Céu Claro;Simples;"Retorno Regulamentado;Interseção de Vias";Sim;2;0;2;0;0;0;2;2;-20,11771261;-40,3145078;SPRF-ES;DEL02-ES;UOP01-DEL02-ES
721738;29/09/2025;segunda-feira;16:40:00;RO;421;0,2;ARIQUEMES;Mal súbito do condutor;Saída de leito carroçável;Com Vítimas Feridas;Pleno dia;Decrescente;Chuva;Simples;Reta;Sim;1;0;1;0;0;0;1;1;-9,915774;-63,057992;SPRF-RO;DEL03-RO;UOP01-DEL03-RO
721741;29/09/2025;segunda-feira;16:09:00;MG;116;407;GOVERNADOR VALADARES;Conversão proibida;Tombamento;Com Vítimas Feridas;Pleno dia;Crescente;Céu Claro;Simples;Reta;Sim;2;0;1;0;0;1;1;2;-18,82954603;-41,98887616;SPRF-MG;DEL06-MG;UOP01-DEL06-MG
721742;27/09/2025;sábado;20:30:00;PE;424;95;GARANHUNS;Animais na Pista;Atropelamento de Animal;Com Vítimas Fatais;Plena Noite;Decrescente;Garoa/Chuvisco;Simples;"Declive;Reta";Não;4;2;1;0;0;1;1;2;-8,92815;-36,492718;SPRF-PE;DEL03-PE;UOP01-DEL03-PE
721743;29/09/2025;segunda-feira;18:15:00;SP;116;107;TAUBATE;Manobra de mudança de faixa;Colisão lateral mesmo sentido;Com Vítimas Feridas;Anoitecer;Decrescente;Céu Claro;Dupla;Reta;Sim;2;0;1;0;1;0;1;2;-23,01914531;-45,53166747;SPRF-SP;DEL02-SP;UOP02-DEL02-SP
721744;29/09/2025;segunda-feira;18:05:00;SC;101;205;SAO JOSE;Condutor deixou de manter distância do veículo da frente;Colisão lateral mesmo sentido;Com Vítimas Feridas;Plena Noite;Crescente;Céu Claro;Múltipla;Interseção de Vias;Não;2;0;1;0;1;0;1;2;-27,583607;-48,615435;SPRF-SC;DEL01-SC;UOP01-DEL01-SC
721745;29/09/2025;segunda-feira;18:00:00;PR;376;605,7;CURITIBA;Manobra de mudança de faixa;Colisão lateral mesmo sentido;Com Vítimas Feridas;Anoitecer;Crescente;Nublado;Múltipla;Reta;Sim;2;0;1;0;1;0;1;2;-25,54860365;-49,30406672;SPRF-PR;DEL01-PR;UOP03-DEL01-PR
721746;29/09/2025;segunda-feira;17:00:00;MT;163;768;SORRISO;Reação tardia ou ineficiente do condutor;Engavetamento;Com Vítimas Feridas;Pleno dia;Decrescente;Céu Claro;Simples;"Aclive;Reta";Não;6;0;0;1;5;0;1;3;-12,42515316;-55,64140141;SPRF-MT;DEL06-MT;UOP01-DEL06-MT
721748;29/09/2025;segunda-feira;16:20:00;RJ;465;20;NOVA IGUACU;Mal súbito do condutor;Colisão traseira;Com Vítimas Feridas;Pleno dia;Crescente;Céu Claro;Simples;Reta;Não;2;0;1;0;1;0;1;2;-22,84974512;-43,60365808;SPRF-RJ;DEL06-RJ;UOP02-DEL06-RJ
721749;29/09/2025;segunda-feira;17:00:00;MG;116;522,1;CARATINGA;Acessar a via sem observar a presença dos outros veículos;Colisão transversal;Com Vítimas Feridas;Pleno dia;Crescente;Céu Claro;Simples;"Interseção de Vias;Reta";Sim;2;0;0;1;1;0;1;2;-19,7485992;-42,13285804;SPRF-MG;DEL06-MG;UOP02-DEL06-MG
721750;29/09/2025;segunda-feira;18:35:00;PB;230;27,8;JOAO PESSOA;Manobra de mudança de faixa;Colisão lateral mesmo sentido;Com Vítimas Feridas;Plena Noite;Decrescente;Céu Claro;Dupla;Reta;Sim;2;0;1;0;1;0;1;2;-7,16502061;-34,89310026;SPRF-PB;DEL01-PB;UOP01-DEL01-PB
721751;29/09/2025;segunda-feira;18:45:00;DF;20;26;BRASILIA;Animais na Pista;Atropelamento de Animal;Sem Vítimas;Plena Noite;Crescente;Céu Claro;Dupla;Reta;Sim;2;0;0;0;2;0;0;1;-15,59659;-47,638923;SPRF-DF;DEL02-DF;UOP01-DEL02-DF
721754;29/09/2025;segunda-feira;18:30:00;RN;101;77;SAO GONCALO DO AMARANTE;Reação tardia ou ineficiente do condutor;Colisão com objeto;Com Vítimas Feridas;Pleno dia;Crescente;Céu Claro;Dupla;Reta;Não;1;0;1;0;0;0;1;1;-5,73;-35,291;SPRF-RN;DEL02-RN;UOP01-DEL02-RN
721756;29/09/2025;segunda-feira;19:00:00;RJ;116;176;BELFORD ROXO;Ausência de reação do condutor;Colisão lateral mesmo sentido;Com Vítimas Feridas;Plena Noite;Crescente;Céu Claro;Dupla;Reta;Sim;1;0;1;0;0;0;1;1;-22,7746225;-43,3994285;SPRF-RJ;DEL06-RJ;UOP01-DEL06-RJ
721758;29/09/2025;segunda-feira;17:30:00;RS;470;233,6;CARLOS BARBOSA;Ausência de reação do condutor;Saída de leito carroçável;Com Vítimas Feridas;Anoitecer;Decrescente;Céu Claro;Simples;"Interseção de Vias;Reta;Declive";Não;1;0;1;0;0;0;1;1;-29,30250618;-51,4843211;SPRF-RS;DEL06-RS;UOP01-DEL06-RS
721759;29/09/2025;segunda-feira;18:45:00;MG;116;391,5;GOVERNADOR VALADARES;Transitar na contramão;Colisão lateral sentido oposto;Com Vítimas Feridas;Plena Noite;Decrescente;Céu Claro;Simples;"Declive;Reta";Não;3;0;2;0;1;0;2;2;-18,691555;-41,986159;SPRF-MG;DEL06-MG;UOP01-DEL06-MG
721760;29/09/2025;segunda-feira;19:30:00;PR;116;138;MANDIRITUBA;Reação tardia ou ineficiente do condutor;Atropelamento de Pedestre;Com Vítimas Feridas;Plena Noite;Crescente;Céu Claro;Dupla;"Reta;Aclive";Não;5;0;0;1;4;0;1;2;-25,752525;-49,317341;SPRF-PR;DEL01-PR;UOP03-DEL01-PR
721761;29/09/2025;segunda-feira;14:30:00;SC;280;167;MAFRA;Acessar a via sem observar a presença dos outros veículos;Colisão transversal;Com Vítimas Feridas;Pleno dia;Decrescente;Céu Claro;Simples;Reta;Não;2;0;1;0;1;0;1;2;-26,16673999;-49,81865136;SPRF-SC;DEL06-SC;UOP01-DEL06-SC
721763;29/09/2025;segunda-feira;20:00:00;SC;282;19;PALHOCA;Condutor deixou de manter distância do veículo da frente;Colisão traseira;Com Vítimas Feridas;Plena Noite;Crescente;Céu Claro;Simples;Reta;Não;2;0;2;0;0;0;2;2;-27,68648186;-48,71320423;SPRF-SC;DEL01-SC;UOP02-DEL01-SC
721764;29/09/2025;segunda-feira;19:20:00;SC;470;132,7;RIO DO SUL;Animais na Pista;Atropelamento de Animal;Com Vítimas Feridas;Plena Noite;Crescente;Ignorado;Simples;Reta;Não;1;0;1;0;0;0;1;1;-27,172286;-49,581129;SPRF-SC;DEL04-SC;UOP02-DEL04-SC
721766;29/09/2025;segunda-feira;20:00:00;RJ;101;70,5;CAMPOS DOS GOYTACAZES;Animais na Pista;Atropelamento de Animal;Com Vítimas Feridas;Plena Noite;Decrescente;Céu Claro;Simples;Reta;Não;1;0;0;1;0;0;1;1;-21,782578;-41,375966;SPRF-RJ;DEL08-RJ;UOP02-DEL08-RJ
721769;29/09/2025;segunda-feira;18:20:00;AC;364;135;RIO BRANCO;Acostamento em desnível;Tombamento;Com Vítimas Feridas;Plena Noite;Decrescente;Chuva;Dupla;Reta;Sim;2;0;2;0;0;0;2;1;-9,98564;-67,845508;SPRF-AC;DEL01-AC;UOP01-DEL01-AC
721770;29/09/2025;segunda-feira;20:00:00;GO;153;504,1;APARECIDA DE GOIANIA;Reação tardia ou ineficiente do condutor;Colisão traseira;Com Vítimas Feridas;Plena Noite;Decrescente;Céu Claro;Dupla;"Reta;Aclive";Sim;3;0;0;1;2;0;1;2;-16,735863;-49,242981;SPRF-GO;DEL01-GO;UOP01-DEL01-GO
721771;29/09/2025;segunda-feira;20:30:00;RJ;101;322;NITEROI;Manobra de mudança de faixa;Colisão lateral mesmo sentido;Com Vítimas Feridas;Plena Noite;Decrescente;Céu Claro;Múltipla;Reta;Não;2;0;1;0;1;0;1;2;-22,8818944;-43,106304;SPRF-RJ;DEL02-RJ;UOP01-DEL02-RJ
721772;29/09/2025;segunda-feira;19:06:00;MA;402;15;ROSARIO;Transitar na contramão;Colisão frontal;Com Vítimas Fatais;Plena Noite;Decrescente;Céu Claro;Simples;Reta;Não;2;1;0;0;0;1;0;2;-2,9365;-44,20294;SPRF-MA;DEL01-MA;UOP01-DEL01-MA
721774;29/09/2025;segunda-feira;16:00:00;AL;101;3;NOVO LINO;Chuva;Capotamento;Com Vítimas Feridas;Pleno dia;Crescente;Chuva;Dupla;Curva;Não;2;0;1;0;1;0;1;1;-8,9092258;-35,634892;SPRF-AL;DEL01-AL;UOP02-DEL01-AL
721778;29/09/2025;segunda-feira;19:30:00;RN;101;9,5;TOUROS;Animais na Pista;Atropelamento de Animal;Com Vítimas Feridas;Plena Noite;Decrescente;Céu Claro;Simples;Reta;Não;4;0;1;0;3;0;1;1;-5,230613;-35,492553;SPRF-RN;DEL02-RN;UOP01-DEL02-RN
721779;29/09/2025;segunda-feira;21:20:00;MG;40;518,5;RIBEIRAO DAS NEVES;Animais na Pista;Atropelamento de Animal;Com Vítimas Feridas;Plena Noite;Decrescente;Céu Claro;Dupla;Reta;Sim;1;0;1;0;0;0;1;1;-19,83351376;-44,08121427;SPRF-MG;DEL01-MG;UOP02-DEL01-MG
721780;11/04/2025;sexta-feira;16:20:00;PI;316;316;PICOS;Acessar a via sem observar a presença dos outros veículos;Colisão transversal;Com Vítimas Feridas;Pleno dia;Crescente;Céu Claro;Dupla;Reta;Sim;2;0;0;1;0;1;1;2;-7,082842;-41,416643;SPRF-PI;DEL04-PI;UOP01-DEL04-PI
721781;29/09/2025;segunda-feira;21:30:00;MG;40;519,1;RIBEIRAO DAS NEVES;Condutor deixou de manter distância do veículo da frente;Engavetamento;Com Vítimas Feridas;Plena Noite;Decrescente;Nublado;Dupla;Reta;Sim;3;0;1;0;1;1;1;3;-19,8397059;-44,07749176;SPRF-MG;DEL01-MG;UOP02-DEL01-MG
721782;29/09/2025;segunda-feira;22:10:00;PI;343;12,7;PARNAIBA;Condutor deixou de manter distância do veículo da frente;Colisão traseira;Sem Vítimas;Plena Noite;Crescente;Céu Claro;Dupla;Reta;Sim;3;0;0;0;3;0;0;2;-2,91632508;-41,7541185;SPRF-PI;DEL05-PI;UOP01-DEL05-PI
721783;29/09/2025;segunda-feira;19:39:00;RO;174;14;VILHENA;Acessar a via sem observar a presença dos outros veículos;Colisão frontal;Com Vítimas Feridas;Plena Noite;Crescente;Nublado;Simples;Interseção de Vias;Sim;3;0;1;0;2;0;1;2;-12,72590748;-60,12883812;SPRF-RO;DEL04-RO;UOP01-DEL04-RO
721785;29/09/2025;segunda-feira;22:20:00;SC;101;204;SAO JOSE;Ausência de reação do condutor;Colisão com objeto;Com Vítimas Feridas;Plena Noite;Decrescente;Céu Claro;Múltipla;Reta;Sim;2;0;1;0;1;0;1;1;-27,57558283;-48,61364055;SPRF-SC;DEL01-SC;UOP01-DEL01-SC
721786;29/09/2025;segunda-feira;19:50:00;RR;174;438,5;MUCAJAI;Animais na Pista;Atropelamento de Animal;Com Vítimas Feridas;Plena Noite;Decrescente;Céu Claro;Simples;Reta;Não;2;0;2;0;0;0;2;1;2,35371;-60,9143;SPRF-RR;DEL01-RR;UOP01-DEL01-RR
721788;29/09/2025;segunda-feira;20:30:00;MG;262;145;RIO CASCA;Animais na Pista;Atropelamento de Animal;Sem Vítimas;Plena Noite;Decrescente;Céu Claro;Simples;"Reta;Aclive";Sim;1;0;0;0;1;0;0;1;-20,033163;-42,738295;SPRF-MG;DEL03-MG;UOP03-DEL03-MG
721790;29/09/2025;segunda-feira;22:35:00;PR;277;313;GUARAPUAVA;Chuva;Saída de leito carroçável;Com Vítimas Feridas;Plena Noite;Crescente;Chuva;Dupla;Curva;Não;2;0;1;0;1;0;1;1;-25,33844087;-51,21585846;SPRF-PR;DEL08-PR;UOP01-DEL08-PR
721794;30/09/2025;terça-feira;02:30:00;MG;116;411;GOVERNADOR VALADARES;Demais falhas mecânicas ou elétricas;Saída de leito carroçável;Com Vítimas Feridas;Plena Noite;Decrescente;Céu Claro;Simples;Aclive;Não;3;0;1;2;0;0;3;1;-18,87193744;-41,96865141;SPRF-MG;DEL06-MG;UOP01-DEL06-MG
721795;30/09/2025;terça-feira;00:40:00;TO;153;451;BARROLANDIA;Demais falhas mecânicas ou elétricas;Incêndio;Sem Vítimas;Plena Noite;Crescente;Céu Claro;Simples;Reta;Sim;1;0;0;0;1;0;0;1;-9,831169;-48,722421;SPRF-TO;DEL01-TO;UOP01-DEL01-TO
721796;29/09/2025;segunda-feira;19:45:00;AL;104;74;MESSIAS;Pedestre andava na pista;Atropelamento de Pedestre;Com Vítimas Fatais;Plena Noite;Crescente;Céu Claro;Simples;Curva;Não;2;1;0;0;0;1;0;2;-9,36826451;-35,83733646;SPRF-AL;DEL01-AL;UOP02-DEL01-AL
721798;29/09/2025;segunda-feira;21:55:00;RO;364;343,9;JI-PARANA;Reação tardia ou ineficiente do condutor;Colisão traseira;Com Vítimas Feridas;Plena Noite;Decrescente;Céu Claro;Dupla;Reta;Sim;2;0;0;1;0;1;1;2;-10,8736718;-61,9530413;SPRF-RO;DEL02-RO;UOP01-DEL02-RO
721802;30/09/2025;terça-feira;06:30:00;ES;101;276;SERRA;Condutor deixou de manter distância do veículo da frente;Colisão traseira;Com Vítimas Feridas;Pleno dia;Crescente;Céu Claro;Dupla;Reta;Não;4;0;2;2;0;0;4;3;-20,21362718;-40,32226682;SPRF-ES;DEL02-ES;UOP01-DEL02-ES
721803;30/09/2025;terça-feira;05:45:00;MG;381;524,3;BRUMADINHO;Ausência de reação do condutor;Queda de ocupante de veículo;Com Vítimas Feridas;Pleno dia;Decrescente;Céu Claro;Dupla;Reta;Não;1;0;1;0;0;0;1;1;-20,13941165;-44,31751577;SPRF-MG;DEL04-MG;UOP03-DEL04-MG
721804;30/09/2025;terça-feira;06:30:00;PR;116;94;SAO JOSE DOS PINHAIS;Ausência de reação do condutor;Capotamento;Com Vítimas Feridas;Pleno dia;Decrescente;Nublado;Dupla;Reta;Não;1;0;1;0;0;0;1;1;-25,537;-49,145;SPRF-PR;DEL01-PR;UOP07-DEL01-PR
721806;30/09/2025;terça-feira;05:45:00;MT;364;519,5;ROSARIO OESTE;Ultrapassagem Indevida;Saída de leito carroçável;Com Vítimas Feridas;Amanhecer;Decrescente;Céu Claro;Simples;Curva;Não;2;0;2;0;0;0;2;1;-15,024033;-56,514483;SPRF-MT;DEL01-MT;UOP01-DEL01-MT
721807;30/09/2025;terça-feira;06:40:00;RS;448;22;PORTO ALEGRE;Avarias e/ou desgaste excessivo no pneu;Colisão com objeto;Com Vítimas Feridas;Pleno dia;Crescente;Garoa/Chuvisco;Simples;"Reta;Declive";Sim;2;0;1;0;1;0;1;1;-29,97365684;-51,19953234;SPRF-RS;DEL01-RS;UOP01-DEL01-RS
721808;30/09/2025;terça-feira;06:00:00;DF;80;18;BRASILIA;Demais falhas mecânicas ou elétricas;Incêndio;Sem Vítimas;Amanhecer;Decrescente;Céu Claro;Dupla;Reta;Sim;1;0;0;0;1;0;0;1;-15,68505;-48,206;SPRF-DF;DEL03-DF;UOP02-DEL03-DF
721809;30/09/2025;terça-feira;05:30:00;DF;20;4,5;BRASILIA;Manobra de mudança de faixa;Colisão lateral mesmo sentido;Sem Vítimas;Amanhecer;Decrescente;Céu Claro;Múltipla;"Aclive;Reta";Sim;2;0;0;0;2;0;0;2;-15,67935931;-47,83057499;SPRF-DF;DEL02-DF;UOP01-DEL02-DF
721810;30/09/2025;terça-feira;02:25:00;RS;116;148;CAXIAS DO SUL;Acumulo de água sobre o pavimento;Queda de ocupante de veículo;Com Vítimas Feridas;Plena Noite;Crescente;Garoa/Chuvisco;Dupla;Curva;Sim;2;0;0;1;1;0;1;2;-29,15755303;-51,15151612;SPRF-RS;DEL05-RS;UOP01-DEL05-RS
721814;30/09/2025;terça-feira;07:00:00;MG;262;785;UBERABA;Ausência de reação do condutor;Colisão traseira;Com Vítimas Feridas;Pleno dia;Crescente;Céu Claro;Dupla;"Aclive;Reta";Sim;4;0;1;0;2;1;1;3;-19,771004;-47,908958;SPRF-MG;DEL13-MG;UOP01-DEL13-MG
721819;30/09/2025;terça-feira;06:47:00;RN;101;102;PARNAMIRIM;Ausência de reação do condutor;Colisão traseira;Com Vítimas Feridas;Pleno dia;Crescente;Céu Claro;Dupla;Reta;Sim;3;0;1;0;2;0;1;2;-5,88955818;-35,24667379;SPRF-RN;DEL01-RN;UOP01-DEL01-RN
721821;30/09/2025;terça-feira;07:40:00;RS;158;332;SANTA MARIA;Acesso irregular;Colisão transversal;Com Vítimas Feridas;Pleno dia;Crescente;Céu Claro;Simples;Reta;Não;2;0;2;0;0;0;2;2;-29,70852783;-53,86047363;SPRF-RS;DEL09-RS;UOP01-DEL09-RS
721822;30/09/2025;terça-feira;07:35:00;RN;304;297;MACAIBA;Acesso irregular;Colisão transversal;Com Vítimas Feridas;Pleno dia;Decrescente;Sol;Dupla;Rotatória;Sim;2;0;2;0;0;0;2;2;-5,86359296;-35,34404431;SPRF-RN;DEL01-RN;UOP02-DEL01-RN
721823;30/09/2025;terça-feira;07:00:00;SP;116;128;CACAPAVA;Reação tardia ou ineficiente do condutor;Colisão traseira;Com Vítimas Feridas;Pleno dia;Crescente;Céu Claro;Dupla;Reta;Sim;2;0;1;0;0;1;1;2;-23,10544596;-45,69507599;SPRF-SP;DEL02-SP;UOP02-DEL02-SP
721825;30/09/2025;terça-feira;06:50:00;SP;101;52;UBATUBA;Acessar a via sem observar a presença dos outros veículos;Colisão transversal;Com Vítimas Feridas;Pleno dia;Decrescente;Céu Claro;Simples;Rotatória;Sim;3;0;1;0;1;1;1;3;-23,46257874;-45,06446588;SPRF-SP;DEL06-SP;UOP01-DEL06-SP
721826;30/09/2025;terça-feira;07:40:00;MG;40;516;RIBEIRAO DAS NEVES;Ausência de reação do condutor;Colisão lateral mesmo sentido;Com Vítimas Feridas;Pleno dia;Crescente;Céu Claro;Dupla;Reta;Sim;6;0;1;0;5;0;1;2;-19,8172;-44,0885;SPRF-MG;DEL01-MG;UOP02-DEL01-MG
721827;30/09/2025;terça-feira;07:50:00;SP;116;224;GUARULHOS;Ausência de reação do condutor;Colisão traseira;Com Vítimas Feridas;Pleno dia;Crescente;Céu Claro;Múltipla;Reta;Sim;2;0;1;0;1;0;1;2;-23,491413;-46,549906;SPRF-SP;DEL01-SP;UOP01-DEL01-SP
721828;30/09/2025;terça-feira;07:40:00;PR;369;149;LONDRINA;Trafegar com motocicleta (ou similar) entre as faixas;Colisão lateral mesmo sentido;Com Vítimas Feridas;Pleno dia;Crescente;Sol;Dupla;Reta;Sim;2;0;0;1;1;0;1;2;-23,292851;-51,15276;SPRF-PR;DEL07-PR;UOP01-DEL07-PR
721831;30/09/2025;terça-feira;08:00:00;ES;393;1;ATILIO VIVACQUA;Condutor deixou de manter distância do veículo da frente;Colisão traseira;Com Vítimas Feridas;Pleno dia;Crescente;Sol;Simples;Reta;Não;1;0;0;1;0;0;1;1;-20,9246929;-41,17000462;SPRF-ES;DEL03-ES;UOP02-DEL03-ES
721832;30/09/2025;terça-feira;08:23:00;ES;101;189;ARACRUZ;Ausência de reação do condutor;Saída de leito carroçável;Com Vítimas Feridas;Pleno dia;Crescente;Nublado;Simples;Reta;Não;2;0;2;0;0;0;2;1;-19,678752;-40,26818991;SPRF-ES;DEL04-ES;UOP01-DEL04-ES
721834;24/07/2025;quinta-feira;10:00:00;MG;365;454,9;PATROCINIO;Acessar a via sem observar a presença dos outros veículos;Colisão frontal;Com Vítimas Feridas;Pleno dia;Crescente;Céu Claro;Simples;Reta;Não;2;0;1;0;1;0;1;2;-18,88144013;-46,92005253;SPRF-MG;DEL10-MG;UOP01-DEL10-MG
721835;30/09/2025;terça-feira;08:15:00;RS;158;325;SANTA MARIA;Reação tardia ou ineficiente do condutor;Tombamento;Com Vítimas Feridas;Pleno dia;Crescente;Chuva;Simples;Interseção de Vias;Sim;1;0;1;0;0;0;1;1;-29,70918013;-53,80235553;SPRF-RS;DEL09-RS;UOP01-DEL09-RS
721836;30/09/2025;terça-feira;08:30:00;PR;277;81,3;CURITIBA;Trafegar com motocicleta (ou similar) entre as faixas;Colisão lateral mesmo sentido;Com Vítimas Feridas;Pleno dia;Crescente;Nublado;Dupla;Reta;Sim;3;0;1;0;2;0;1;3;-25,462625;-49,21837;SPRF-PR;DEL01-PR;UOP03-DEL01-PR
721837;30/09/2025;terça-feira;08:10:00;PB;230;6;CABEDELO;Ausência de reação do condutor;Tombamento;Com Vítimas Feridas;Pleno dia;Decrescente;Céu Claro;Simples;Reta;Sim;1;0;1;0;0;0;1;1;-7,022068;-34,836353;SPRF-PB;DEL01-PB;UOP01-DEL01-PB
721838;30/09/2025;terça-feira;08:43:00;GO;153;345,6;JARAGUA;Ausência de reação do condutor;Saída de leito carroçável;Com Vítimas Feridas;Pleno dia;Crescente;Céu Claro;Simples;"Reta;Aclive";Não;1;0;1;0;0;0;1;1;-15,6584803;-49,3588105;SPRF-GO;DEL02-GO;UOP02-DEL02-GO