id;data_inversa;dia_semana;horario;uf;br;km;municipio;causa_acidente;tipo_acidente;classificacao_acidente;fase_dia;sentido_via;condicao_metereologica;tipo_pista;tracado_via;uso_solo;pessoas;mortos;feridos_leves;feridos_graves;ilesos;ignorados;feridos;veiculos;latitude;longitude;regional;delegacia;uop
721839;30/09/2025;terça-feira;08:30:00;SC;101;129;BALNEARIO CAMBORIU;Manobra de mudança de faixa;Colisão lateral mesmo sentido;Com Vítimas Feridas;Pleno dia;Decrescente;Nublado;Dupla;Curva;Não;3;0;2;0;1;0;2;2;-26,98180815;-48,67548315;SPRF-SC;DEL04-SC;UOP03-DEL04-SC
721841;30/09/2025;terça-feira;09:05:00;SP;116;282;EMBU DAS ARTES;Manobra de mudança de faixa;Colisão lateral mesmo sentido;Com Vítimas Feridas;Pleno dia;Crescente;Céu Claro;Dupla;Reta;Sim;2;0;0;1;1;0;1;2;-23,6639078;-46,8528485;SPRF-SP;DEL04-SP;UOP01-DEL04-SP
721842;30/09/2025;terça-feira;08:20:00;PE;101;142,9;RIBEIRAO;Afundamento ou ondulação no pavimento;Saída de leito carroçável;Com Vítimas Feridas;Pleno dia;Crescente;Chuva;Dupla;Reta;Não;1;0;1;0;0;0;1;1;-8,448608;-35,349442;SPRF-PE;DEL01-PE;UOP03-DEL01-PE
721843;30/09/2025;terça-feira;08:00:00;MT;364;205;RONDONOPOLIS;Ausência de reação do condutor;Colisão traseira;Sem Vítimas;Pleno dia;Decrescente;Céu Claro;Dupla;Retorno Regulamentado;Sim;2;0;0;0;2;0;0;2;-16,45563035;-54,66278169;SPRF-MT;DEL02-MT;UOP01-DEL02-MT
721845;30/09/2025;terça-feira;08:30:00;MG;40;545;NOVA LIMA;Condutor deixou de manter distância do veículo da frente;Engavetamento;Com Vítimas Feridas;Pleno dia;Decrescente;Sol;Dupla;Reta;Sim;6;0;1;0;3;2;1;4;-20,00725935;-43,96439553;SPRF-MG;DEL01-MG;UOP02-DEL01-MG
721846;30/09/2025;terça-feira;09:15:00;MG;116;276;TEOFILO OTONI;Reação tardia ou ineficiente do condutor;Tombamento;Com Vítimas Feridas;Pleno dia;Decrescente;Céu Claro;Simples;Reta;Sim;1;0;1;0;0;0;1;1;-17,859504;-41,515259;SPRF-MG;DEL11-MG;UOP01-DEL11-MG
721847;30/09/2025;terça-feira;09:10:00;SP;116;131;CACAPAVA;Reação tardia ou ineficiente do condutor;Engavetamento;Com Vítimas Feridas;Pleno dia;Crescente;Céu Claro;Dupla;Reta;Sim;3;0;3;0;0;0;3;3;-23,12644086;-45,73454781;SPRF-SP;DEL02-SP;UOP02-DEL02-SP
721848;30/09/2025;terça-feira;09:00:00;ES;262;39;DOMINGOS MARTINS;Demais falhas mecânicas ou elétricas;Incêndio;Sem Vítimas;Pleno dia;Crescente;Céu Claro;Simples;Reta;Não;1;0;0;0;1;0;0;1;-20,3802214;-40,63187599;SPRF-ES;DEL01-ES;UOP01-DEL01-ES
721849;23/09/2025;terça-feira;11:57:00;PR;369;136,6;IBIPORA;Ausência de reação do condutor;Colisão lateral mesmo sentido;Com Vítimas Feridas;Pleno dia;Crescente;Céu Claro;Dupla;Rotatória;Sim;2;0;1;0;1;0;1;2;-23,27022457;-51,03892772;SPRF-PR;DEL07-PR;UOP01-DEL07-PR
721850;26/09/2025;sexta-feira;23:30:00;RJ;101;318;SAO GONCALO;Demais falhas mecânicas ou elétricas;Queda de ocupante de veículo;Com Vítimas Feridas;Pleno dia;Crescente;Céu Claro;Dupla;Reta;Sim;2;0;1;0;1;0;1;1;-22,84210187;-43,09662787;SPRF-RJ;DEL02-RJ;UOP02-DEL02-RJ
721851;30/09/2025;terça-feira;17:45:00;SC;101;157;PORTO BELO;Condutor deixou de manter distância do veículo da frente;Tombamento;Com Vítimas Feridas;Pleno dia;Crescente;Garoa/Chuvisco;Múltipla;Reta;Sim;1;0;1;0;0;0;1;1;-27,18503447;-48,61267654;SPRF-SC;DEL04-SC;UOP03-DEL04-SC
721853;30/09/2025;terça-feira;10:40:00;RJ;116;170;RIO DE JANEIRO;Condutor usando celular;Engavetamento;Sem Vítimas;Pleno dia;Decrescente;Sol;Múltipla;Reta;Não;3;0;0;0;3;0;0;3;-22,81150662;-43,33324162;SPRF-RJ;DEL06-RJ;UOP01-DEL06-RJ
721854;30/09/2025;terça-feira;10:45:00;PE;232;147;SAO CAITANO;Manobra de mudança de faixa;Colisão lateral mesmo sentido;Com Vítimas Feridas;Pleno dia;Decrescente;Garoa/Chuvisco;Simples;"Curva;Aclive";Sim;3;0;0;1;1;1;1;2;-8,333688;-36,13786;SPRF-PE;DEL03-PE;UOP02-DEL03-PE
721856;30/09/2025;terça-feira;10:30:00;PE;101;42,6;IGARASSU;Acessar a via sem observar a presença dos outros veículos;Colisão transversal;Com Vítimas Feridas;Pleno dia;Crescente;Céu Claro;Dupla;"Retorno Regulamentado;Reta";Sim;2;0;1;0;1;0;1;2;-7,844447;-34,910445;SPRF-PE;DEL01-PE;UOP02-DEL01-PE
721857;30/09/2025;terça-feira;10:30:00;RS;285;123,6;VACARIA;Acessar a via sem observar a presença dos outros veículos;Colisão transversal;Com Vítimas Feridas;Pleno dia;Crescente;Chuva;Simples;Reta;Sim;2;0;2;0;0;0;2;2;-28,4958817;-50,9532354;SPRF-RS;DEL05-RS;UOP03-DEL05-RS
721859;30/09/2025;terça-feira;10:50:00;RN;406;162;CEARA-MIRIM;Condutor deixou de manter distância do veículo da frente;Engavetamento;Com Vítimas Feridas;Pleno dia;Crescente;Céu Claro;Simples;Declive;Não;5;0;1;0;4;0;1;4;-5,727009;-35,361862;SPRF-RN;DEL02-RN;UOP01-DEL02-RN
721861;26/09/2025;sexta-feira;13:50:00;RJ;493;15;GUAPIMIRIM;Demais falhas mecânicas ou elétricas;Queda de ocupante de veículo;Com Vítimas Feridas;Pleno dia;Decrescente;Céu Claro;Simples;Reta;Não;1;0;1;0;0;0;1;1;-22,66383858;-42,99799919;SPRF-RJ;DEL04-RJ;UOP02-DEL04-RJ
721863;30/09/2025;terça-feira;10:16:00;RJ;101;205,5;CASIMIRO DE ABREU;Acessar a via sem observar a presença dos outros veículos;Colisão transversal;Sem Vítimas;Pleno dia;Crescente;Céu Claro;Simples;Reta;Sim;3;0;0;0;3;0;0;2;-22,476018;-42,196512;SPRF-RJ;DEL08-RJ;UOP04-DEL08-RJ
721865;30/09/2025;terça-feira;11:30:00;SP;153;133,2;UBARANA;Avarias e/ou desgaste excessivo no pneu;Tombamento;Com Vítimas Feridas;Pleno dia;Crescente;Céu Claro;Simples;Reta;Não;2;0;2;0;0;0;2;1;-21,272163;-49,77278;SPRF-SP;DEL09-SP;UOP01-DEL09-SP
721866;30/09/2025;terça-feira;12:00:00;BA;324;616;SALVADOR;Manobra de mudança de faixa;Colisão lateral mesmo sentido;Sem Vítimas;Pleno dia;Decrescente;Céu Claro;Dupla;Reta;Sim;3;0;0;0;3;0;0;2;-12,879977;-38,432167;SPRF-BA;DEL01-BA;UOP01-DEL01-BA
721868;30/09/2025;terça-feira;11:40:00;RO;364;237;CACOAL;Reação tardia ou ineficiente do condutor;Colisão traseira;Sem Vítimas;Pleno dia;Decrescente;Sol;Simples;"Retorno Regulamentado;Reta";Sim;3;0;0;0;3;0;0;2;-11,442447;-61,448758;SPRF-RO;DEL02-RO;UOP02-DEL02-RO
721870;30/09/2025;terça-feira;11:30:00;PR;116;119;CURITIBA;Reação tardia ou ineficiente do condutor;Queda de ocupante de veículo;Com Vítimas Feridas;Pleno dia;Crescente;Céu Claro;Dupla;Curva;Não;2;0;2;0;0;0;2;1;-25,57466955;-49,31201426;SPRF-PR;DEL01-PR;UOP03-DEL01-PR
721871;30/09/2025;terça-feira;12:30:00;PB;101;89,8;JOAO PESSOA;Acessar a via sem observar a presença dos outros veículos;Colisão transversal;Sem Vítimas;Pleno dia;Decrescente;Céu Claro;Dupla;"Em Obras;Reta";Sim;2;0;0;0;2;0;0;2;-7,17818473;-34,89961535;SPRF-PB;DEL01-PB;UOP01-DEL01-PB
721874;30/09/2025;terça-feira;08:30:00;BA;324;0;FEIRA DE SANTANA;Frear bruscamente;Colisão transversal;Com Vítimas Feridas;Pleno dia;Decrescente;Céu Claro;Dupla;"Reta;Ponte";Sim;4;0;0;1;2;1;1;3;-12,273668;-38,936783;SPRF-BA;DEL02-BA;UOP01-DEL02-BA
721875;30/09/2025;terça-feira;13:00:00;SP;116;287;ITAPECERICA DA SERRA;Acessar a via sem observar a presença dos outros veículos;Colisão lateral mesmo sentido;Com Vítimas Feridas;Pleno dia;Decrescente;Céu Claro;Dupla;Reta;Não;3;0;1;1;1;0;2;2;-23,70523;-46,873285;SPRF-SP;DEL04-SP;UOP01-DEL04-SP
721876;30/09/2025;terça-feira;12:20:00;RN;101;94;NATAL;Manobra de mudança de faixa;Colisão transversal;Com Vítimas Feridas;Pleno dia;Decrescente;Sol;Múltipla;Reta;Sim;2;0;1;0;1;0;1;2;-5,832193;-35,21188;SPRF-RN;DEL01-RN;UOP01-DEL01-RN
721877;30/09/2025;terça-feira;11:20:00;RJ;116;248;PIRAI;Reação tardia ou ineficiente do condutor;Colisão com objeto;Com Vítimas Feridas;Pleno dia;Crescente;Céu Claro;Dupla;Reta;Sim;1;0;1;0;0;0;1;1;-22,58643548;-44,01226044;SPRF-RJ;DEL07-RJ;UOP01-DEL07-RJ
721878;30/09/2025;terça-feira;13:12:00;RN;406;169;SAO GONCALO DO AMARANTE;Manobra de mudança de faixa;Colisão traseira;Com Vítimas Feridas;Pleno dia;Decrescente;Céu Claro;Dupla;Reta;Sim;2;0;1;0;1;0;1;2;-5,75688616;-35,30464523;SPRF-RN;DEL02-RN;UOP01-DEL02-RN
721882;20/09/2025;sábado;22:10:00;PE;408;92;SAO LOURENCO DA MATA;Reação tardia ou ineficiente do condutor;Colisão traseira;Com Vítimas Feridas;Plena Noite;Decrescente;Céu Claro;Dupla;"Aclive;Reta";Não;4;0;0;1;3;0;1;3;-8,043405;-35,018513;SPRF-PE;DEL01-PE;UOP01-DEL01-PE
721883;30/09/2025;terça-feira;12:40:00;RJ;465;5;SEROPEDICA;Acessar a via sem observar a presença dos outros veículos;Colisão transversal;Com Vítimas Feridas;Pleno dia;Crescente;Céu Claro;Simples;Reta;Sim;2;0;0;1;1;0;1;2;-22,74754849;-43,69948737;SPRF-RJ;DEL06-RJ;UOP02-DEL06-RJ
721884;30/09/2025;terça-feira;10:20:00;PA;222;28;DOM ELISEU;Reação tardia ou ineficiente do condutor;Saída de leito carroçável;Com Vítimas Feridas;Pleno dia;Crescente;Céu Claro;Simples;"Declive;Curva";Não;1;0;0;1;0;0;1;1;-4,316958;-47,643637;SPRF-PA;DEL02-PA;UOP02-DEL02-PA
721885;30/09/2025;terça-feira;13:30:00;PE;101;69,6;RECIFE;Manobra de mudança de faixa;Colisão lateral mesmo sentido;Com Vítimas Feridas;Pleno dia;Crescente;Chuva;Dupla;Reta;Sim;2;0;1;0;1;0;1;2;-8,06484;-34,94416;SPRF-PE;DEL01-PE;UOP01-DEL01-PE
721887;30/09/2025;terça-feira;13:35:00;PR;376;614;SAO JOSE DOS PINHAIS;Reação tardia ou ineficiente do condutor;Colisão traseira;Com Vítimas Feridas;Pleno dia;Crescente;Nublado;Múltipla;"Viaduto;Reta";Sim;5;0;2;2;1;0;4;2;-25,572744;-49,180464;SPRF-PR;DEL01-PR;UOP03-DEL01-PR
721889;30/09/2025;terça-feira;09:15:00;MG;381;403;NOVA UNIAO;Demais falhas na via;Queda de ocupante de veículo;Com Vítimas Feridas;Pleno dia;Decrescente;Sol;Dupla;"Declive;Curva";Não;1;0;1;0;0;0;1;1;-19,75257217;-43,53947131;SPRF-MG;DEL01-MG;UOP01-DEL01-MG
721890;30/09/2025;terça-feira;14:20:00;SP;101;48;UBATUBA;Reação tardia ou ineficiente do condutor;Colisão traseira;Com Vítimas Feridas;Pleno dia;Crescente;Nublado;Simples;Reta;Sim;2;0;0;1;1;0;1;2;-23,43502272;-45,08735272;SPRF-SP;DEL06-SP;UOP01-DEL06-SP
721891;18/09/2025;quinta-feira;08:45:00;AL;416;45;IBATEGUARA;Acessar a via sem observar a presença dos outros veículos;Colisão transversal;Com Vítimas Feridas;Pleno dia;Decrescente;Nublado;Simples;Rotatória;Sim;2;0;1;0;1;0;1;2;-8,96518698;-35,92082374;SPRF-AL;DEL01-AL;UOP02-DEL01-AL
721892;30/09/2025;terça-feira;13:30:00;MS;60;403,3;SIDROLANDIA;Transitar no Acostamento;Colisão lateral mesmo sentido;Com Vítimas Feridas;Pleno dia;Decrescente;Nublado;Simples;"Declive;Reta";Não;3;0;0;1;2;0;1;2;-20,839841;-54,808543;SPRF-MS;DEL01-MS;UOP04-DEL01-MS
721893;30/09/2025;terça-feira;11:30:00;RS;472;542,7;URUGUAIANA;Demais falhas na via;Saída de leito carroçável;Com Vítimas Feridas;Pleno dia;Decrescente;Nublado;Simples;Reta;Não;2;0;1;1;0;0;2;1;-29,568282;-56,853178;SPRF-RS;DEL13-RS;UOP01-DEL13-RS
721894;30/09/2025;terça-feira;15:33:00;SP;116;226;GUARULHOS;Manobra de mudança de faixa;Colisão lateral mesmo sentido;Com Vítimas Feridas;Pleno dia;Decrescente;Céu Claro;Dupla;Reta;Sim;2;0;1;0;1;0;1;2;-23,49428165;-46,55305736;SPRF-SP;DEL01-SP;UOP01-DEL01-SP
721895;10/09/2025;quarta-feira;17:40:00;ES;101;147;LINHARES;Acessar a via sem observar a presença dos outros veículos;Colisão traseira;Com Vítimas Feridas;Anoitecer;Crescente;Céu Claro;Simples;Reta;Sim;2;0;1;0;1;0;1;2;-19,38553;-40,067417;SPRF-ES;DEL04-ES;UOP01-DEL04-ES
721896;30/09/2025;terça-feira;16:00:00;SC;101;95,3;BARRA VELHA;Avarias e/ou desgaste excessivo no pneu;Tombamento;Com Vítimas Feridas;Pleno dia;Decrescente;Nublado;Dupla;"Reta;Aclive";Não;1;0;1;0;0;0;1;1;-26,71932383;-48,70216576;SPRF-SC;DEL03-SC;UOP02-DEL03-SC
721897;30/09/2025;terça-feira;16:00:00;MG;50;28;ARAGUARI;Ausência de reação do condutor;Saída de leito carroçável;Com Vítimas Feridas;Pleno dia;Crescente;Céu Claro;Dupla;"Declive;Reta";Não;1;0;1;0;0;0;1;1;-18,619639;-48,10862;SPRF-MG;DEL15-MG;UOP02-DEL15-MG
721898;30/09/2025;terça-feira;13:30:00;PR;476;98;BOCAIUVA DO SUL;Manobra de mudança de faixa;Colisão lateral sentido oposto;Com Vítimas Feridas;Pleno dia;Crescente;Nublado;Simples;Curva;Não;2;0;0;1;1;0;1;2;-25,23314743;-49,12798405;SPRF-PR;DEL01-PR;UOP01-DEL01-PR
721900;30/09/2025;terça-feira;14:45:00;RS;290;83;CACHOEIRINHA;Acumulo de água sobre o pavimento;Colisão com objeto;Com Vítimas Feridas;Pleno dia;Crescente;Chuva;Dupla;Reta;Não;5;0;1;0;4;0;1;1;-29,96040446;-51,09130589;SPRF-RS;DEL01-RS;UOP01-DEL01-RS
721902;30/09/2025;terça-feira;14:42:00;PE;101;52,9;PAULISTA;Condutor deixou de manter distância do veículo da frente;Colisão traseira;Sem Vítimas;Pleno dia;Decrescente;Chuva;Múltipla;Reta;Sim;2;0;0;0;1;1;0;2;-7,930663;-34,900028;SPRF-PE;DEL01-PE;UOP02-DEL01-PE
721903;30/09/2025;terça-feira;16:32:00;ES;101;101;JAGUARE;Declive acentuado;Colisão traseira;Com Vítimas Feridas;Anoitecer;Crescente;Céu Claro;Simples;Declive;Não;2;0;1;1;0;0;2;2;-18,99047898;-40,00025209;SPRF-ES;DEL04-ES;UOP02-DEL04-ES
721904;30/09/2025;terça-feira;16:30:00;SC;280;28;ARAQUARI;Trafegar com motocicleta (ou similar) entre as faixas;Colisão transversal;Com Vítimas Feridas;Pleno dia;Decrescente;Nublado;Simples;"Reta;Em Obras";Sim;3;0;1;0;2;0;1;3;-26,40484328;-48,74587655;SPRF-SC;DEL03-SC;UOP03-DEL03-SC
721907;30/09/2025;terça-feira;16:30:00;RJ;101;433;MANGARATIBA;Ausência de reação do condutor;Queda de ocupante de veículo;Com Vítimas Fatais;Pleno dia;Decrescente;Céu Claro;Dupla;"Interseção de Vias;Curva";Sim;2;1;0;0;1;0;0;2;-22,93854498;-44,03947949;SPRF-RJ;DEL03-RJ;UOP02-DEL03-RJ
721908;30/09/2025;terça-feira;16:30:00;RS;116;501,8;PELOTAS;Ausência de reação do condutor;Saída de leito carroçável;Com Vítimas Feridas;Pleno dia;Crescente;Nublado;Simples;Reta;Não;2;0;1;0;1;0;1;1;-31,568553;-52,259437;SPRF-RS;DEL07-RS;UOP01-DEL07-RS
721910;30/09/2025;terça-feira;09:25:00;RJ;101;312;SAO GONCALO;Ultrapassagem Indevida;Queda de ocupante de veículo;Com Vítimas Feridas;Pleno dia;Crescente;Céu Claro;Dupla;Reta;Não;2;0;1;0;1;0;1;2;-22,80950351;-43,06603951;SPRF-RJ;DEL02-RJ;UOP02-DEL02-RJ
721911;30/09/2025;terça-feira;16:00:00;PR;277;83;CURITIBA;Trafegar com motocicleta (ou similar) entre as faixas;Colisão lateral mesmo sentido;Com Vítimas Feridas;Pleno dia;Decrescente;Chuva;Dupla;Reta;Sim;2;0;1;0;1;0;1;2;-25,44906442;-49,22961026;SPRF-PR;DEL01-PR;UOP03-DEL01-PR
721913;30/09/2025;terça-feira;16:32:00;PE;101;41;IGARASSU;Manobra de mudança de faixa;Colisão lateral mesmo sentido;Sem Vítimas;Plena Noite;Decrescente;Garoa/Chuvisco;Dupla;"Viaduto;Curva";Não;2;0;0;0;1;1;0;2;-7,83460031;-34,91240501;SPRF-PE;DEL01-PE;UOP02-DEL01-PE
721914;28/09/2025;domingo;13:50:00;SC;282;513,5;XAXIM;Ingestão de álcool pelo condutor;Colisão lateral sentido oposto;Sem Vítimas;Pleno dia;Decrescente;Céu Claro;Simples;"Declive;Reta";Não;3;0;0;0;3;0;0;2;-26,91513529;-52,48273999;SPRF-SC;DEL07-SC;UOP01-DEL07-SC
721915;30/09/2025;terça-feira;17:30:00;PB;230;20,7;JOAO PESSOA;Reação tardia ou ineficiente do condutor;Tombamento;Com Vítimas Feridas;Anoitecer;Crescente;Nublado;Dupla;Reta;Sim;1;0;1;0;0;0;1;1;-7,141527;-34,851975;SPRF-PB;DEL01-PB;UOP01-DEL01-PB
721916;30/09/2025;terça-feira;17:15:00;GO;70;8;AGUAS LINDAS DE GOIAS;Pedestre cruzava a pista fora da faixa;Atropelamento de Pedestre;Com Vítimas Feridas;Pleno dia;Crescente;Céu Claro;Dupla;Reta;Sim;4;0;0;1;2;1;1;2;-15,735791;-48,282962;SPRF-DF;DEL03-DF;UOP02-DEL03-DF
721919;30/09/2025;terça-feira;17:00:00;BA;101;715;EUNAPOLIS;Acessar a via sem observar a presença dos outros veículos;Colisão transversal;Com Vítimas Feridas;Pleno dia;Decrescente;Céu Claro;Simples;Reta;Sim;2;0;1;0;1;0;1;2;-16,354448;-39,579575;SPRF-BA;DEL09-BA;UOP01-DEL09-BA
721920;30/09/2025;terça-feira;18:10:00;MG;40;524;CONTAGEM;Avarias e/ou desgaste excessivo no pneu;Tombamento;Com Vítimas Feridas;Pleno dia;Decrescente;Céu Claro;Dupla;Reta;Sim;1;0;0;1;0;0;1;1;-19,871053;-44,056907;SPRF-MG;DEL01-MG;UOP02-DEL01-MG
721921;30/09/2025;terça-feira;18:10:00;SE;235;9;NOSSA SENHORA DO SOCORRO;Conversão proibida;Colisão frontal;Com Vítimas Feridas;Plena Noite;Decrescente;Ignorado;Simples;Reta;Não;3;0;2;1;0;0;3;2;-10,88122;-37,143484;SPRF-SE;DEL01-SE;UOP01-DEL01-SE
721922;30/09/2025;terça-feira;18:25:00;PI;343;1;LUIS CORREIA;Reação tardia ou ineficiente do condutor;Colisão traseira;Com Vítimas Feridas;Plena Noite;Crescente;Céu Claro;Simples;Reta;Sim;2;0;1;0;0;1;1;2;-2,88499796;-41,66540265;SPRF-PI;DEL05-PI;UOP01-DEL05-PI
721923;30/09/2025;terça-feira;16:40:00;RS;116;51,9;VACARIA;Transitar na contramão;Colisão frontal;Com Vítimas Feridas;Pleno dia;Crescente;Chuva;Simples;Curva;Não;4;0;2;0;1;1;2;3;-28,58182;-51,02378;SPRF-RS;DEL05-RS;UOP03-DEL05-RS
721924;30/09/2025;terça-feira;18:15:00;ES;101;298;VIANA;Reação tardia ou ineficiente do condutor;Colisão traseira;Com Vítimas Feridas;Plena Noite;Decrescente;Céu Claro;Simples;"Aclive;Reta";Sim;3;0;1;0;2;0;1;2;-20,353535;-40,415369;SPRF-ES;DEL01-ES;UOP01-DEL01-ES
721925;30/09/2025;terça-feira;17:30:00;SC;282;2,9;FLORIANOPOLIS;Trafegar com motocicleta (ou similar) entre as faixas;Colisão lateral mesmo sentido;Com Vítimas Feridas;Plena Noite;Crescente;Chuva;Múltipla;Reta;Sim;2;0;1;0;1;0;1;2;-27,602856;-48,5926306;SPRF-SC;DEL01-SC;UOP01-DEL01-SC
721926;30/09/2025;terça-feira;18:30:00;SP;153;62;SAO JOSE DO RIO PRETO;Ausência de reação do condutor;Colisão traseira;Com Vítimas Feridas;Plena Noite;Decrescente;Céu Claro;Dupla;Reta;Sim;3;0;0;2;1;0;2;2;-20,81215415;-49,35661253;SPRF-SP;DEL09-SP;UOP01-DEL09-SP
721929;30/09/2025;terça-feira;18:45:00;ES;101;443;MIMOSO DO SUL;Reação tardia ou ineficiente do condutor;Colisão lateral mesmo sentido;Com Vítimas Feridas;Plena Noite;Crescente;Céu Claro;Simples;Curva;Não;2;0;2;0;0;0;2;2;-21,09825713;-41,25351012;SPRF-ES;DEL03-ES;UOP02-DEL03-ES
721930;30/09/2025;terça-feira;18:30:00;PR;476;151,6;ARAUCARIA;Reação tardia ou ineficiente do condutor;Colisão lateral mesmo sentido;Com Vítimas Feridas;Plena Noite;Crescente;Chuva;Dupla;Reta;Sim;2;0;1;0;0;1;1;2;-25,56663702;-49,38097;SPRF-PR;DEL01-PR;UOP06-DEL01-PR
721931;30/09/2025;terça-feira;17:20:00;RO;364;423;JARU;Acessar a via sem observar a presença dos outros veículos;Colisão transversal;Com Vítimas Feridas;Pleno dia;Crescente;Chuva;Múltipla;Retorno Regulamentado;Sim;2;0;1;0;1;0;1;2;-10,45258379;-62,46034082;SPRF-RO;DEL03-RO;UOP02-DEL03-RO
721932;30/09/2025;terça-feira;18:00:00;PR;369;174,4;ROLANDIA;Acessar a via sem observar a presença dos outros veículos;Colisão transversal;Com Vítimas Feridas;Pleno dia;Crescente;Céu Claro;Simples;"Reta;Interseção de Vias";Sim;2;0;1;0;1;0;1;2;-23,31843649;-51,37930082;SPRF-PR;DEL07-PR;UOP01-DEL07-PR
721933;30/09/2025;terça-feira;18:40:00;PE;423;95;GARANHUNS;Conversão proibida;Colisão lateral sentido oposto;Com Vítimas Feridas;Plena Noite;Decrescente;Ignorado;Simples;Reta;Sim;3;0;1;1;0;1;2;2;-8,879297;-36,478847;SPRF-PE;DEL03-PE;UOP01-DEL03-PE
721935;30/09/2025;terça-feira;18:30:00;SC;101;39;JOINVILLE;Trafegar com motocicleta (ou similar) entre as faixas;Tombamento;Com Vítimas Feridas;Plena Noite;Crescente;Chuva;Múltipla;Reta;Não;1;0;1;0;0;0;1;1;-26,30437466;-48,88175575;SPRF-SC;DEL03-SC;UOP01-DEL03-SC
721937;30/09/2025;terça-feira;17:25:00;SC;101;191;BIGUACU;Chuva;Colisão com objeto;Com Vítimas Feridas;Pleno dia;Decrescente;Chuva;Dupla;Curva;Sim;2;0;1;0;1;0;1;2;-27,47679;-48,64066;SPRF-SC;DEL01-SC;UOP01-DEL01-SC
721938;30/09/2025;terça-feira;18:50:00;PB;230;13;CABEDELO;Ausência de reação do condutor;Tombamento;Com Vítimas Feridas;Plena Noite;Decrescente;Nublado;Dupla;Reta;Não;1;0;1;0;0;0;1;1;-7,082581;-34,8489898;SPRF-PB;DEL01-PB;UOP01-DEL01-PB
721940;30/09/2025;terça-feira;19:00:00;RS;290;29,1;SANTO ANTONIO DA PATRULHA;Chuva;Saída de leito carroçável;Sem Vítimas;Plena Noite;Decrescente;Chuva;Múltipla;Reta;Não;1;0;0;0;1;0;0;1;-29,883032;-50,534747;SPRF-RS;DEL03-RS;UOP01-DEL03-RS
721941;30/09/2025;terça-feira;19:30:00;PR;277;30;MORRETES;Velocidade Incompatível;Colisão com objeto;Com Vítimas Feridas;Plena Noite;Decrescente;Chuva;Dupla;Reta;Não;2;0;1;0;1;0;1;2;-25,552201;-48,798846;SPRF-PR;DEL01-PR;UOP05-DEL01-PR
721942;30/09/2025;terça-feira;19:45:00;RS;116;149;CAXIAS DO SUL;Reação tardia ou ineficiente do condutor;Atropelamento de Pedestre;Com Vítimas Feridas;Plena Noite;Crescente;Chuva;Dupla;"Reta;Interseção de Vias";Sim;2;0;0;1;1;0;1;2;-29,1685269;-51,1587564;SPRF-RS;DEL05-RS;UOP01-DEL05-RS
721943;30/09/2025;terça-feira;19:15:00;MG;116;275;TEOFILO OTONI;Transitar na contramão;Colisão frontal;Com Vítimas Feridas;Plena Noite;Decrescente;Céu Claro;Simples;Aclive;Sim;3;0;1;1;1;0;2;2;-17,844499;-41,514714;SPRF-MG;DEL11-MG;UOP01-DEL11-MG
721945;30/09/2025;terça-feira;18:25:00;BA;235;346;JUAZEIRO;Transitar no Acostamento;Colisão transversal;Com Vítimas Feridas;Plena Noite;Crescente;Céu Claro;Simples;Reta;Não;2;0;0;1;1;0;1;2;-9,4553424;-40,4731851;SPRF-PE;DEL06-PE;UOP01-DEL06-PE
721948;13/08/2025;quarta-feira;13:25:00;RJ;465;7;SEROPEDICA;Velocidade Incompatível;Colisão transversal;Com Vítimas Feridas;Pleno dia;Crescente;Céu Claro;Simples;"Rotatória;Reta";Não;2;0;1;0;1;0;1;2;-22,66835308;-43,73125076;SPRF-RJ;DEL06-RJ;UOP02-DEL06-RJ
721949;30/09/2025;terça-feira;20:05:00;SC;101;209,9;SAO JOSE;Frear bruscamente;Colisão lateral mesmo sentido;Com Vítimas Feridas;Plena Noite;Crescente;Chuva;Múltipla;Reta;Sim;3;0;2;0;1;0;2;2;-27,61182434;-48,6398837;SPRF-SC;DEL01-SC;UOP01-DEL01-SC
721951;30/09/2025;terça-feira;20:35:00;MG;381;880,2;ESTIVA;Reação tardia ou ineficiente do condutor;Tombamento;Com Vítimas Feridas;Plena Noite;Decrescente;Nublado;Dupla;Curva;Não;1;0;0;1;0;0;1;1;-22,45643759;-46,00800669;SPRF-MG;DEL16-MG;UOP01-DEL16-MG
721954;30/09/2025;terça-feira;19:35:00;PR;277;587,4;CASCAVEL;Deficiência do Sistema de Iluminação/Sinalização;Colisão traseira;Com Vítimas Feridas;Plena Noite;Decrescente;Garoa/Chuvisco;Simples;Reta;Não;2;0;1;0;1;0;1;2;-24,97159329;-53,43423283;SPRF-PR;DEL04-PR;UOP01-DEL04-PR
721955;30/09/2025;terça-feira;21:00:00;BA;242;823;BARREIRAS;Ausência de reação do condutor;Colisão traseira;Com Vítimas Feridas;Plena Noite;Decrescente;Céu Claro;Simples;Reta;Não;3;0;1;0;2;0;1;2;-12,12548414;-45,02816018;SPRF-BA;DEL10-BA;UOP01-DEL10-BA
721956;30/09/2025;terça-feira;21:50:00;MG;40;784;JUIZ DE FORA;Curva acentuada;Saída de leito carroçável;Com Vítimas Feridas;Plena Noite;Decrescente;Céu Claro;Dupla;Interseção de Vias;Não;1;0;1;0;0;0;1;1;-21,72988603;-43,43653961;SPRF-MG;DEL05-MG;UOP01-DEL05-MG