id;data_inversa;dia_semana;horario;uf;br;km;municipio;causa_acidente;tipo_acidente;classificacao_acidente;fase_dia;sentido_via;condicao_metereologica;tipo_pista;tracado_via;uso_solo;pessoas;mortos;feridos_leves;feridos_graves;ilesos;ignorados;feridos;veiculos;latitude;longitude;regional;delegacia;uop
721958;30/09/2025;terça-feira;21:30:00;SP;101;50;UBATUBA;Reação tardia ou ineficiente do condutor;Colisão transversal;Com Vítimas Feridas;Plena Noite;Crescente;Nublado;Simples;"Reta;Interseção de Vias";Sim;3;0;1;0;2;0;1;2;-23,449406;-45,078423;SPRF-SP;DEL06-SP;UOP01-DEL06-SP
721961;30/09/2025;terça-feira;21:45:00;SC;101;6;BIGUACU;Objeto estático sobre o leito carroçável;Queda de ocupante de veículo;Com Vítimas Feridas;Plena Noite;Crescente;Chuva;Dupla;Reta;Não;1;0;1;0;0;0;1;1;-27,380833;-48,684267;SPRF-SC;DEL01-SC;UOP01-DEL01-SC
721963;30/09/2025;terça-feira;18:40:00;RO;364;424;JARU;Desrespeitar a preferência no cruzamento;Colisão transversal;Com Vítimas Feridas;Plena Noite;Crescente;Nublado;Dupla;Interseção de Vias;Sim;2;0;2;0;0;0;2;2;-10,43978464;-62,46900773;SPRF-RO;DEL03-RO;UOP02-DEL03-RO
721973;01/10/2025;quarta-feira;00:30:00;SP;116;228;SAO PAULO;Ingestão de álcool pelo condutor;Colisão com objeto;Sem Vítimas;Plena Noite;Decrescente;Céu Claro;Múltipla;Reta;Sim;1;0;0;0;0;1;0;1;-23,50512608;-46,56864166;SPRF-SP;DEL01-SP;UOP01-DEL01-SP
721974;30/09/2025;terça-feira;18:25:00;MG;116;585;MANHUACU;Acessar a via sem observar a presença dos outros veículos;Colisão transversal;Com Vítimas Feridas;Plena Noite;Decrescente;Céu Claro;Simples;Reta;Sim;3;0;1;1;1;0;2;2;-20,27335535;-42,14318276;SPRF-MG;DEL06-MG;UOP03-DEL06-MG
721976;01/10/2025;quarta-feira;01:51:00;RJ;101;496;ANGRA DOS REIS;Condutor Dormindo;Colisão com objeto;Sem Vítimas;Plena Noite;Decrescente;Céu Claro;Simples;Reta;Não;4;0;0;0;4;0;0;1;-22,894278;-44,34775544;SPRF-RJ;DEL03-RJ;UOP03-DEL03-RJ
721978;01/10/2025;quarta-feira;01:30:00;MT;158;557;AGUA BOA;Animais na Pista;Atropelamento de Animal;Sem Vítimas;Plena Noite;Decrescente;Céu Claro;Simples;Reta;Não;1;0;0;0;1;0;0;1;-13,97594757;-52,13201524;SPRF-MT;DEL07-MT;UOP02-DEL07-MT
721980;01/10/2025;quarta-feira;03:15:00;MG;262;144,4;RIO CASCA;Animais na Pista;Atropelamento de Animal;Sem Vítimas;Plena Noite;Decrescente;Céu Claro;Simples;Reta;Não;2;0;0;0;2;0;0;1;-20,03441111;-42,73732424;SPRF-MG;DEL03-MG;UOP03-DEL03-MG
721981;01/10/2025;quarta-feira;03:15:00;MG;262;144,4;RIO CASCA;Animais na Pista;Atropelamento de Animal;Com Vítimas Feridas;Plena Noite;Decrescente;Céu Claro;Simples;Reta;Não;4;0;1;0;2;1;1;2;-20,04141796;-42,73029327;SPRF-MG;DEL03-MG;UOP03-DEL03-MG
721983;01/10/2025;quarta-feira;04:20:00;SC;470;34,7;GASPAR;Ausência de reação do condutor;Saída de leito carroçável;Com Vítimas Feridas;Plena Noite;Crescente;Nublado;Simples;"Desvio Temporário;Reta";Sim;1;0;1;0;0;0;1;1;-26,91220686;-48,95659089;SPRF-SC;DEL04-SC;UOP01-DEL04-SC
721990;01/10/2025;quarta-feira;06:40:00;DF;20;20;BRASILIA;Transitar no Acostamento;Colisão lateral mesmo sentido;Com Vítimas Feridas;Pleno dia;Decrescente;Céu Claro;Múltipla;Reta;Sim;4;0;1;0;3;0;1;3;-15,6072069;-47,69204736;SPRF-DF;DEL02-DF;UOP01-DEL02-DF
721993;01/10/2025;quarta-feira;05:10:00;MG;40;605,9;CONGONHAS;Animais na Pista;Tombamento;Com Vítimas Fatais;Plena Noite;Decrescente;Nublado;Simples;Curva;Não;1;1;0;0;0;0;0;1;-20,470469;-43,843867;SPRF-MG;DEL05-MG;UOP02-DEL05-MG
721994;01/10/2025;quarta-feira;06:00:00;PI;343;1,8;TERESINA;Reação tardia ou ineficiente do condutor;Colisão lateral mesmo sentido;Com Vítimas Feridas;Amanhecer;Decrescente;Céu Claro;Dupla;Reta;Sim;2;0;2;0;0;0;2;2;-5,081527;-42,766178;SPRF-PI;DEL01-PI;UOP01-DEL01-PI
721995;01/10/2025;quarta-feira;07:00:00;RN;304;300,8;MACAIBA;Avarias e/ou desgaste excessivo no pneu;Tombamento;Com Vítimas Feridas;Pleno dia;Decrescente;Chuva;Dupla;"Em Obras;Reta";Não;2;0;1;0;0;1;1;1;-5,8755215;-35,3076306;SPRF-RN;DEL01-RN;UOP02-DEL01-RN
721998;01/10/2025;quarta-feira;08:00:00;BA;116;417;FEIRA DE SANTANA;Manobra de mudança de faixa;Queda de ocupante de veículo;Com Vítimas Feridas;Pleno dia;Crescente;Céu Claro;Simples;Reta;Sim;1;0;1;0;0;0;1;1;-12,194028;-38,965596;SPRF-BA;DEL02-BA;UOP01-DEL02-BA
721999;01/10/2025;quarta-feira;08:20:00;MG;381;174;GOVERNADOR VALADARES;Demais falhas mecânicas ou elétricas;Tombamento;Com Vítimas Feridas;Pleno dia;Crescente;Céu Claro;Simples;Reta;Não;2;0;2;0;0;0;2;1;-19,00813449;-42,13454157;SPRF-MG;DEL06-MG;UOP01-DEL06-MG
722000;01/10/2025;quarta-feira;08:20:00;RN;101;105;PARNAMIRIM;Pista Escorregadia;Queda de ocupante de veículo;Com Vítimas Feridas;Pleno dia;Decrescente;Garoa/Chuvisco;Dupla;Reta;Sim;3;0;2;0;1;0;2;2;-5,905625;-35,26005;SPRF-RN;DEL01-RN;UOP01-DEL01-RN
722001;01/10/2025;quarta-feira;08:10:00;RS;285;299,1;PASSO FUNDO;Acessar a via sem observar a presença dos outros veículos;Colisão transversal;Com Vítimas Feridas;Pleno dia;Decrescente;Nublado;Simples;"Reta;Declive";Sim;3;0;2;0;1;0;2;2;-28,23322595;-52,43456237;SPRF-RS;DEL08-RS;UOP03-DEL08-RS
722003;01/10/2025;quarta-feira;07:10:00;RJ;101;310;SAO GONCALO;Trafegar com motocicleta (ou similar) entre as faixas;Colisão lateral mesmo sentido;Com Vítimas Feridas;Pleno dia;Crescente;Céu Claro;Dupla;Reta;Sim;4;0;2;0;2;0;2;3;-22,79833293;-43,04825155;SPRF-RJ;DEL02-RJ;UOP02-DEL02-RJ
722005;01/10/2025;quarta-feira;08:15:00;SC;101;223,9;PALHOCA;Manobra de mudança de faixa;Colisão lateral mesmo sentido;Com Vítimas Feridas;Pleno dia;Crescente;Nublado;Dupla;Reta;Não;4;0;1;0;2;1;1;4;-27,72402;-48,643918;SPRF-SC;DEL01-SC;UOP02-DEL01-SC
722007;01/10/2025;quarta-feira;08:30:00;PE;232;14;JABOATAO DOS GUARARAPES;Reação tardia ou ineficiente do condutor;Saída de leito carroçável;Com Vítimas Feridas;Pleno dia;Decrescente;Chuva;Dupla;"Declive;Curva";Não;2;0;2;0;0;0;2;1;-8,09003;-35,02212;SPRF-PE;DEL01-PE;UOP01-DEL01-PE
722008;01/10/2025;quarta-feira;08:00:00;DF;70;17,5;BRASILIA;Ausência de reação do condutor;Colisão lateral mesmo sentido;Com Vítimas Feridas;Pleno dia;Decrescente;Céu Claro;Dupla;Reta;Não;2;0;1;0;1;0;1;2;-15,79321627;-48,20569038;SPRF-DF;DEL03-DF;UOP02-DEL03-DF
722012;15/08/2025;sexta-feira;09:30:00;RJ;465;5;SEROPEDICA;Ausência de reação do condutor;Colisão lateral mesmo sentido;Com Vítimas Feridas;Pleno dia;Decrescente;Nublado;Simples;Reta;Não;2;0;1;0;1;0;1;2;-22,72226307;-43,72450769;SPRF-RJ;DEL06-RJ;UOP02-DEL06-RJ
722013;24/09/2025;quarta-feira;10:45:00;MG;50;206,5;DELTA;Avarias e/ou desgaste excessivo no pneu;Colisão com objeto;Com Vítimas Feridas;Pleno dia;Decrescente;Sol;Dupla;"Ponte;Em Obras;Reta";Não;4;0;2;0;2;0;2;3;-19,98388271;-47,78835861;SPRF-MG;DEL13-MG;UOP01-DEL13-MG
722015;01/10/2025;quarta-feira;07:50:00;RS;116;143;CAXIAS DO SUL;Manobra de mudança de faixa;Colisão lateral mesmo sentido;Com Vítimas Feridas;Pleno dia;Decrescente;Nublado;Múltipla;Reta;Sim;2;0;1;0;1;0;1;2;-29,12315252;-51,12319199;SPRF-RS;DEL05-RS;UOP01-DEL05-RS
722017;01/10/2025;quarta-feira;06:50:00;RJ;101;520;ANGRA DOS REIS;Demais falhas mecânicas ou elétricas;Incêndio;Sem Vítimas;Pleno dia;Crescente;Céu Claro;Simples;Reta;Não;1;0;0;0;1;0;0;1;-23,00567483;-44,45261177;SPRF-RJ;DEL03-RJ;UOP03-DEL03-RJ
722020;22/09/2025;segunda-feira;15:05:00;GO;364;386;SANTA RITA DO ARAGUAIA;Entrada inopinada do pedestre;Atropelamento de Pedestre;Com Vítimas Feridas;Pleno dia;Decrescente;Céu Claro;Simples;"Interseção de Vias;Reta";Sim;4;0;1;1;0;2;2;2;-17,323924;-53,207769;SPRF-GO;DEL05-GO;UOP01-DEL05-GO
722022;01/10/2025;quarta-feira;10:45:00;SP;116;222;GUARULHOS;Ausência de reação do condutor;Queda de ocupante de veículo;Com Vítimas Feridas;Pleno dia;Crescente;Céu Claro;Múltipla;Reta;Não;1;0;1;0;0;0;1;1;-23,47807933;-46,52902912;SPRF-SP;DEL01-SP;UOP01-DEL01-SP
722023;01/10/2025;quarta-feira;08:10:00;AC;364;137,9;RIO BRANCO;Condutor deixou de manter distância do veículo da frente;Colisão lateral mesmo sentido;Com Vítimas Feridas;Pleno dia;Decrescente;Céu Claro;Dupla;Reta;Sim;2;0;1;0;1;0;1;2;-9,961248;-67,856545;SPRF-AC;DEL01-AC;UOP01-DEL01-AC
722024;01/10/2025;quarta-feira;10:40:00;RN;304;47;MOSSORO;Manobra de mudança de faixa;Colisão lateral mesmo sentido;Com Vítimas Feridas;Pleno dia;Crescente;Sol;Dupla;Reta;Sim;2;0;1;0;1;0;1;2;-5,22913;-37,32182;SPRF-RN;DEL04-RN;UOP01-DEL04-RN
722025;01/10/2025;quarta-feira;07:30:00;MT;70;515,3;VARZEA GRANDE;Ausência de reação do condutor;Colisão frontal;Com Vítimas Feridas;Pleno dia;Decrescente;Céu Claro;Simples;Reta;Sim;2;0;0;1;1;0;1;2;-15,70571;-56,143883;SPRF-MT;DEL01-MT;UOP02-DEL01-MT
722026;01/10/2025;quarta-feira;07:31:00;MT;70;517,9;VARZEA GRANDE;Conversão proibida;Colisão transversal;Com Vítimas Feridas;Pleno dia;Decrescente;Céu Claro;Simples;"Reta;Rotatória";Não;2;0;2;0;0;0;2;2;-15,69641508;-56,16626143;SPRF-MT;DEL01-MT;UOP02-DEL01-MT
722029;01/10/2025;quarta-feira;08:00:00;MA;135;6,4;SAO LUIS;Animais na Pista;Colisão traseira;Com Vítimas Feridas;Pleno dia;Decrescente;Nublado;Dupla;Reta;Sim;2;0;1;0;1;0;1;2;-2,62568;-44,316247;SPRF-MA;DEL01-MA;UOP01-DEL01-MA
722031;19/09/2025;sexta-feira;03:09:00;PE;424;95,1;GARANHUNS;Velocidade Incompatível;Colisão com objeto;Com Vítimas Fatais;Plena Noite;Crescente;Céu Claro;Simples;"Declive;Curva";Não;1;1;0;0;0;0;0;1;-8,92601;-36,48967;SPRF-PE;DEL03-PE;UOP01-DEL03-PE
722032;01/10/2025;quarta-feira;11:20:00;BA;324;525;FEIRA DE SANTANA;Pedestre cruzava a pista fora da faixa;Atropelamento de Pedestre;Com Vítimas Feridas;Pleno dia;Decrescente;Céu Claro;Dupla;Reta;Não;2;0;1;0;1;0;1;2;-12,314628;-38,879338;SPRF-BA;DEL01-BA;UOP03-DEL01-BA
722034;01/10/2025;quarta-feira;11:00:00;SC;101;227,7;PALHOCA;Ingestão de álcool pelo condutor;Colisão frontal;Sem Vítimas;Pleno dia;Crescente;Nublado;Simples;Reta;Não;2;0;0;0;2;0;0;2;-27,75530585;-48,63212427;SPRF-SC;DEL01-SC;UOP02-DEL01-SC
722035;27/09/2025;sábado;23:30:00;RJ;116;194;QUEIMADOS;Demais falhas mecânicas ou elétricas;Colisão traseira;Com Vítimas Feridas;Plena Noite;Decrescente;Céu Claro;Dupla;"Em Obras;Reta";Sim;2;0;2;0;0;0;2;2;-22,73604926;-43,54405403;SPRF-RJ;DEL06-RJ;UOP01-DEL06-RJ
722036;01/10/2025;quarta-feira;11:40:00;RS;392;641,8;GUARANI DAS MISSOES;Ingestão de álcool pelo condutor;Saída de leito carroçável;Sem Vítimas;Pleno dia;Decrescente;Sol;Simples;Reta;Não;1;0;0;0;1;0;0;1;-28,15389248;-54,54797745;SPRF-RS;DEL10-RS;UOP01-DEL10-RS
722037;01/10/2025;quarta-feira;12:00:00;SP;381;10;VARGEM;Velocidade Incompatível;Colisão traseira;Com Vítimas Feridas;Pleno dia;Crescente;Céu Claro;Dupla;"Reta;Aclive";Não;6;0;2;0;4;0;2;4;-22,92309298;-46,44643519;SPRF-SP;DEL03-SP;UOP02-DEL03-SP
722038;01/10/2025;quarta-feira;08:00:00;MG;262;786;UBERABA;Manobra de mudança de faixa;Colisão traseira;Com Vítimas Feridas;Pleno dia;Crescente;Céu Claro;Dupla;Reta;Não;3;0;1;0;2;0;1;2;-19,76875632;-47,89403614;SPRF-MG;DEL13-MG;UOP01-DEL13-MG
722039;11/07/2025;sexta-feira;18:45:00;DF;20;24,6;BRASILIA;Ultrapassagem Indevida;Colisão lateral mesmo sentido;Com Vítimas Feridas;Anoitecer;Decrescente;Céu Claro;Dupla;"Túnel;Interseção de Vias;Viaduto;Reta";Sim;3;0;1;0;2;0;1;2;-15,594777;-47,656545;SPRF-DF;DEL02-DF;UOP01-DEL02-DF
722041;01/10/2025;quarta-feira;12:50:00;MG;381;332;NOVA ERA;Acessar a via sem observar a presença dos outros veículos;Colisão lateral mesmo sentido;Com Vítimas Feridas;Pleno dia;Crescente;Céu Claro;Simples;"Reta;Ponte";Não;2;0;1;0;1;0;1;2;-19,77448442;-43,04547429;SPRF-MG;DEL03-MG;UOP01-DEL03-MG
722042;01/10/2025;quarta-feira;10:40:00;RJ;101;402;ITAGUAI;Condutor deixou de manter distância do veículo da frente;Colisão traseira;Com Vítimas Feridas;Pleno dia;Crescente;Céu Claro;Dupla;Reta;Não;2;0;1;0;1;0;1;2;-22,8505509;-43,76987457;SPRF-RJ;DEL03-RJ;UOP01-DEL03-RJ
722043;01/10/2025;quarta-feira;12:30:00;SP;116;229;SAO PAULO;Manobra de mudança de faixa;Colisão traseira;Com Vítimas Feridas;Pleno dia;Crescente;Céu Claro;Múltipla;Reta;Sim;2;0;1;0;1;0;1;2;-23,51280423;-46,57662427;SPRF-SP;DEL01-SP;UOP01-DEL01-SP
722044;01/10/2025;quarta-feira;12:20:00;MG;116;764,9;LEOPOLDINA;Acessar a via sem observar a presença dos outros veículos;Colisão transversal;Com Vítimas Feridas;Pleno dia;Crescente;Céu Claro;Simples;"Reta;Rotatória";Sim;3;0;2;0;1;0;2;2;-21,54268599;-42,65591216;SPRF-MG;DEL07-MG;UOP01-DEL07-MG
722046;01/10/2025;quarta-feira;13:20:00;AP;210;1;MACAPA;Acessar a via sem observar a presença dos outros veículos;Colisão transversal;Com Vítimas Feridas;Pleno dia;Crescente;Céu Claro;Dupla;Reta;Sim;2;0;1;0;1;0;1;2;0,08096025;-51,07479477;SPRF-AP;DEL01-AP;UOP01-DEL01-AP
722047;01/10/2025;quarta-feira;13:30:00;MG;40;546;NOVA LIMA;Manobra de mudança de faixa;Colisão lateral mesmo sentido;Com Vítimas Feridas;Pleno dia;Decrescente;Céu Claro;Dupla;"Declive;Curva";Não;3;0;1;0;2;0;1;2;-20,02637536;-43,96916136;SPRF-MG;DEL01-MG;UOP02-DEL01-MG
722049;01/10/2025;quarta-feira;13:46:00;RN;304;36;MOSSORO;Entrada inopinada do pedestre;Atropelamento de Pedestre;Com Vítimas Feridas;Pleno dia;Decrescente;Céu Claro;Dupla;Reta;Sim;2;0;0;1;1;0;1;2;-5,170817;-37,357865;SPRF-RN;DEL04-RN;UOP02-DEL04-RN
722050;01/10/2025;quarta-feira;11:30:00;MG;354;745,8;POUSO ALTO;Acessar a via sem observar a presença dos outros veículos;Colisão transversal;Com Vítimas Feridas;Pleno dia;Crescente;Céu Claro;Simples;"Rotatória;Interseção de Vias;Reta";Não;2;0;1;0;1;0;1;2;-22,251013;-44,934624;SPRF-MG;DEL17-MG;UOP01-DEL17-MG
722051;01/10/2025;quarta-feira;12:40:00;MG;267;89,2;JUIZ DE FORA;Acessar a via sem observar a presença dos outros veículos;Colisão transversal;Com Vítimas Feridas;Pleno dia;Crescente;Céu Claro;Simples;"Reta;Interseção de Vias";Sim;2;0;1;0;1;0;1;2;-21,7727749;-43,2916345;SPRF-MG;DEL05-MG;UOP01-DEL05-MG
722052;01/10/2025;quarta-feira;10:00:00;GO;153;234,3;HIDROLINA;Demais falhas mecânicas ou elétricas;Saída de leito carroçável;Com Vítimas Feridas;Pleno dia;Decrescente;Céu Claro;Simples;Reta;Não;1;0;1;0;0;0;1;1;-14,806348;-49,288608;SPRF-GO;DEL07-GO;UOP02-DEL07-GO
722054;01/10/2025;quarta-feira;13:10:00;SP;381;74;SAO PAULO;Reação tardia ou ineficiente do condutor;Tombamento;Com Vítimas Feridas;Pleno dia;Decrescente;Céu Claro;Dupla;Curva;Não;2;0;2;0;0;0;2;1;-23,376082;-46,561729;SPRF-SP;DEL03-SP;UOP01-DEL03-SP
722055;20/09/2025;sábado;09:30:00;BA;101;260;SANTO ANTONIO DE JESUS;Acesso irregular;Colisão transversal;Com Vítimas Feridas;Pleno dia;Crescente;Ignorado;Simples;"Aclive;Reta";Sim;2;0;1;0;1;0;1;2;-12,95604828;-39,26456114;SPRF-BA;DEL01-BA;UOP02-DEL01-BA
722057;01/10/2025;quarta-feira;14:45:00;PR;277;725;FOZ DO IGUACU;Acessar a via sem observar a presença dos outros veículos;Colisão traseira;Com Vítimas Feridas;Pleno dia;Crescente;Céu Claro;Dupla;"Reta;Declive";Sim;2;0;0;1;1;0;1;2;-25,5096602;-54,5957761;SPRF-PR;DEL05-PR;UOP03-DEL05-PR
722059;01/10/2025;quarta-feira;14:17:00;PB;230;9,3;CABEDELO;Acessar a via sem observar a presença dos outros veículos;Colisão lateral mesmo sentido;Com Vítimas Feridas;Pleno dia;Crescente;Céu Claro;Dupla;Reta;Sim;3;0;2;1;0;0;3;2;-7,047641;-34,848005;SPRF-PB;DEL01-PB;UOP01-DEL01-PB
722061;23/09/2025;terça-feira;13:41:00;PI;343;592,4;FLORIANO;Acessar a via sem observar a presença dos outros veículos;Colisão transversal;Com Vítimas Feridas;Pleno dia;Decrescente;Céu Claro;Simples;Reta;Sim;2;0;1;0;1;0;1;2;-6,989557;-43,292768;SPRF-PI;DEL03-PI;UOP01-DEL03-PI
722062;01/10/2025;quarta-feira;14:50:00;SP;116;150,3;SAO JOSE DOS CAMPOS;Reação tardia ou ineficiente do condutor;Colisão lateral mesmo sentido;Com Vítimas Feridas;Pleno dia;Decrescente;Céu Claro;Dupla;"Reta;Declive";Sim;2;0;1;0;1;0;1;2;-23,21483561;-45,89427713;SPRF-SP;DEL02-SP;UOP01-DEL02-SP
722063;01/10/2025;quarta-feira;15:15:00;MG;153;18;CENTRALINA;Reação tardia ou ineficiente do condutor;Colisão traseira;Com Vítimas Feridas;Pleno dia;Crescente;Céu Claro;Dupla;Reta;Sim;4;0;0;1;3;0;1;2;-18,5774;-49,193243;SPRF-MG;DEL15-MG;UOP03-DEL15-MG
722065;01/10/2025;quarta-feira;15:25:00;PR;369;36,9;ANDIRA;Conversão proibida;Colisão transversal;Com Vítimas Feridas;Pleno dia;Decrescente;Céu Claro;Simples;"Rotatória;Reta";Sim;2;0;1;0;1;0;1;2;-23,04534929;-50,23265317;SPRF-PR;DEL07-PR;UOP05-DEL07-PR
722069;11/09/2025;quinta-feira;07:50:00;SC;101;204;SAO JOSE;Manobra de mudança de faixa;Colisão lateral mesmo sentido;Com Vítimas Feridas;Pleno dia;Crescente;Céu Claro;Múltipla;Reta;Sim;2;0;1;0;1;0;1;2;-27,58225;-48,61489;SPRF-SC;DEL01-SC;UOP01-DEL01-SC
722071;01/10/2025;quarta-feira;15:50:00;SC;101;315;LAGUNA;Ausência de reação do condutor;Colisão com objeto;Com Vítimas Feridas;Pleno dia;Decrescente;Nublado;Múltipla;Reta;Sim;1;0;1;0;0;0;1;1;-28,4121;-48,7811;SPRF-SC;DEL02-SC;UOP01-DEL02-SC
722072;01/10/2025;quarta-feira;14:30:00;MS;158;4,3;CASSILANDIA;Acessar a via sem observar a presença dos outros veículos;Colisão transversal;Sem Vítimas;Pleno dia;Crescente;Céu Claro;Simples;"Reta;Interseção de Vias";Sim;2;0;0;0;2;0;0;2;-19,12092246;-51,72454476;SPRF-MS;DEL08-MS;UOP01-DEL08-MS
722073;01/10/2025;quarta-feira;14:35:00;MA;226;302;BARRA DO CORDA;Acessar a via sem observar a presença dos outros veículos;Colisão traseira;Com Vítimas Feridas;Pleno dia;Crescente;Céu Claro;Simples;Reta;Não;3;0;1;1;1;0;2;2;-5,493142;-45,27202;SPRF-MA;DEL06-MA;UOP01-DEL06-MA
722077;01/10/2025;quarta-feira;11:50:00;RJ;101;147,3;CASIMIRO DE ABREU;Ultrapassagem Indevida;Colisão frontal;Com Vítimas Feridas;Pleno dia;Crescente;Céu Claro;Simples;Curva;Não;4;0;0;4;0;0;4;2;-22,4732047;-42,1831866;SPRF-RJ;DEL08-RJ;UOP04-DEL08-RJ
722079;29/09/2025;segunda-feira;07:30:00;RJ;116;30;SAPUCAIA;Reação tardia ou ineficiente do condutor;Colisão lateral mesmo sentido;Com Vítimas Feridas;Pleno dia;Crescente;Céu Claro;Simples;Reta;Não;2;0;1;0;1;0;1;2;-22,0465044;-42,78453827;SPRF-RJ;DEL05-RJ;UOP01-DEL05-RJ
722081;03/05/2025;sábado;23:31:00;PR;376;177;MARINGA;Demais falhas mecânicas ou elétricas;Colisão traseira;Com Vítimas Feridas;Plena Noite;Decrescente;Céu Claro;Múltipla;Reta;Sim;2;0;0;1;1;0;1;2;-23,41143915;-51,93582773;SPRF-PR;DEL09-PR;UOP01-DEL09-PR
722082;01/10/2025;quarta-feira;15:40:00;GO;251;33;CRISTALINA;Ausência de reação do condutor;Colisão lateral mesmo sentido;Com Vítimas Feridas;Pleno dia;Decrescente;Céu Claro;Dupla;"Reta;Retorno Regulamentado";Não;2;0;0;1;1;0;1;2;-16,05687669;-47,53504157;SPRF-DF;DEL01-DF;UOP01-DEL01-DF
722084;01/10/2025;quarta-feira;15:33:00;SP;153;207,2;GUAIMBE;Reação tardia ou ineficiente do condutor;Colisão traseira;Sem Vítimas;Pleno dia;Crescente;Céu Claro;Simples;Curva;Não;3;0;0;0;3;0;0;2;-21,882992;-49,9084747;SPRF-SP;DEL07-SP;UOP01-DEL07-SP
722085;01/10/2025;quarta-feira;17:00:00;PR;369;137;IBIPORA;Condutor deixou de manter distância do veículo da frente;Colisão traseira;Com Vítimas Feridas;Pleno dia;Crescente;Céu Claro;Simples;Reta;Não;2;0;1;0;1;0;1;2;-23,2705375;-51,0453221;SPRF-PR;DEL07-PR;UOP01-DEL07-PR
722086;01/10/2025;quarta-feira;17:00:00;MG;262;436,6;NOVA SERRANA;Condutor deixou de manter distância do veículo da frente;Tombamento;Com Vítimas Feridas;Pleno dia;Crescente;Vento;Dupla;Reta;Sim;2;0;2;0;0;0;2;1;-19,8731;-44,96193;SPRF-MG;DEL08-MG;UOP03-DEL08-MG
722087;01/10/2025;quarta-feira;16:50:00;MG;262;437,3;NOVA SERRANA;Velocidade Incompatível;Tombamento;Com Vítimas Feridas;Pleno dia;Decrescente;Sol;Dupla;"Aclive;Retorno Regulamentado";Não;2;0;1;0;1;0;1;1;-19,87228;-44,9692;SPRF-MG;DEL08-MG;UOP03-DEL08-MG
722088;01/10/2025;quarta-feira;17:25:00;SC;101;197;BIGUACU;Reação tardia ou ineficiente do condutor;Colisão lateral mesmo sentido;Com Vítimas Feridas;Anoitecer;Decrescente;Nublado;Dupla;Curva;Sim;2;0;1;0;1;0;1;2;-27,519;-48,638;SPRF-SC;DEL01-SC;UOP01-DEL01-SC
722089;01/10/2025;quarta-feira;17:14:00;PB;230;18,2;JOAO PESSOA;Ausência de reação do condutor;Colisão traseira;Com Vítimas Feridas;Anoitecer;Crescente;Nublado;Dupla;Reta;Sim;2;0;0;1;1;0;1;2;-7,12444;-34,845233;SPRF-PB;DEL01-PB;UOP01-DEL01-PB
722091;01/10/2025;quarta-feira;06:52:00;MT;163;1019;TERRA NOVA DO NORTE;Mal súbito do condutor;Tombamento;Com Vítimas Feridas;Amanhecer;Crescente;Céu Claro;Simples;Reta;Não;1;0;1;0;0;0;1;1;-10,323617;-55,037109;SPRF-MT;DEL06-MT;UOP03-DEL06-MT
722094;01/10/2025;quarta-feira;17:15:00;RJ;101;326;RIO DE JANEIRO;Demais Fenômenos da natureza;Queda de ocupante de veículo;Com Vítimas Feridas;Pleno dia;Decrescente;Céu Claro;Dupla;"Ponte;Aclive;Reta";Não;1;0;1;0;0;0;1;1;-22,870692;-43,161655;SPRF-RJ;DEL02-RJ;UOP01-DEL02-RJ
722095;01/10/2025;quarta-feira;18:00:00;PR;369;187;ARAPONGAS;Pedestre cruzava a pista fora da faixa;Atropelamento de Pedestre;Com Vítimas Feridas;Anoitecer;Crescente;Céu Claro;Simples;Reta;Sim;2;0;1;1;0;0;2;2;-23,412402;-51,427249;SPRF-PR;DEL07-PR;UOP03-DEL07-PR
722099;01/10/2025;quarta-feira;18:00:00;PR;369;38,6;ANDIRA;Reação tardia ou ineficiente do condutor;Tombamento;Com Vítimas Feridas;Anoitecer;Crescente;Nublado;Simples;Reta;Não;1;0;0;1;0;0;1;1;-23,05565;-50,24451;SPRF-PR;DEL07-PR;UOP05-DEL07-PR
722100;01/10/2025;quarta-feira;18:35:00;PE;428;185,7;PETROLINA;Acessar a via sem observar a presença dos outros veículos;Colisão lateral mesmo sentido;Com Vítimas Feridas;Plena Noite;Decrescente;Céu Claro;Dupla;Reta;Sim;3;0;2;0;0;1;2;2;-9,35742719;-40,47903864;SPRF-PE;DEL06-PE;UOP01-DEL06-PE
722103;01/10/2025;quarta-feira;16:05:00;RJ;40;120;DUQUE DE CAXIAS;Acessar a via sem observar a presença dos outros veículos;Colisão lateral mesmo sentido;Com Vítimas Feridas;Pleno dia;Decrescente;Céu Claro;Simples;Reta;Sim;2;0;1;0;1;0;1;2;-22,78002787;-43,28231733;SPRF-RJ;DEL01-RJ;UOP02-DEL01-RJ
722105;01/10/2025;quarta-feira;19:00:00;DF;70;10;BRASILIA;Manobra de mudança de faixa;Colisão lateral mesmo sentido;Com Vítimas Feridas;Plena Noite;Crescente;Céu Claro;Dupla;Reta;Não;2;0;1;0;1;0;1;2;-15,788213;-48,144243;SPRF-DF;DEL03-DF;UOP02-DEL03-DF
722106;01/10/2025;quarta-feira;18:40:00;SC;101;119;ITAJAI;Reação tardia ou ineficiente do condutor;Tombamento;Com Vítimas Feridas;Plena Noite;Decrescente;Céu Claro;Simples;Reta;Sim;2;0;1;0;1;0;1;1;-26,91110466;-48,71277809;SPRF-SC;DEL04-SC;UOP04-DEL04-SC