id;data_inversa;dia_semana;horario;uf;br;km;municipio;causa_acidente;tipo_acidente;classificacao_acidente;fase_dia;sentido_via;condicao_metereologica;tipo_pista;tracado_via;uso_solo;pessoas;mortos;feridos_leves;feridos_graves;ilesos;ignorados;feridos;veiculos;latitude;longitude;regional;delegacia;uop
722107;01/10/2025;quarta-feira;17:20:00;BA;116;517;FEIRA DE SANTANA;Acessar a via sem observar a presença dos outros veículos;Colisão transversal;Sem Vítimas;Anoitecer;Crescente;Céu Claro;Simples;Reta;Sim;3;0;0;0;1;2;0;3;-12,25484;-38,93244;SPRF-BA;DEL03-BA;UOP02-DEL03-BA
722108;01/10/2025;quarta-feira;16:04:00;RO;364;423;JARU;Acessar a via sem observar a presença dos outros veículos;Colisão transversal;Com Vítimas Feridas;Pleno dia;Crescente;Céu Claro;Múltipla;"Interseção de Vias;Retorno Regulamentado;Reta";Sim;2;0;1;0;1;0;1;2;-10,452376;-62,460373;SPRF-RO;DEL03-RO;UOP02-DEL03-RO
722109;01/10/2025;quarta-feira;17:30:00;ES;259;85;BAIXO GUANDU;Pedestre andava na pista;Colisão traseira;Com Vítimas Feridas;Anoitecer;Crescente;Céu Claro;Simples;Aclive;Não;2;0;1;0;1;0;1;2;-19,5117495;-40,8815622;SPRF-ES;DEL02-ES;UOP01-DEL02-ES
722110;01/10/2025;quarta-feira;18:30:00;RJ;101;393;ITAGUAI;Frear bruscamente;Colisão lateral mesmo sentido;Com Vítimas Feridas;Plena Noite;Decrescente;Ignorado;Dupla;Reta;Não;2;0;1;0;1;0;1;2;-22,87568589;-43,74167383;SPRF-RJ;DEL03-RJ;UOP01-DEL03-RJ
722112;01/10/2025;quarta-feira;19:00:00;RS;116;238;NOVO HAMBURGO;Condutor deixou de manter distância do veículo da frente;Colisão traseira;Com Vítimas Feridas;Plena Noite;Decrescente;Céu Claro;Dupla;"Desvio Temporário;Reta;Em Obras";Sim;2;0;1;0;1;0;1;2;-29,6824401;-51,142047;SPRF-RS;DEL01-RS;UOP02-DEL01-RS
722113;01/10/2025;quarta-feira;12:30:00;BA;407;168;FILADELFIA;Ingestão de álcool pelo condutor;Colisão traseira;Sem Vítimas;Pleno dia;Decrescente;Céu Claro;Simples;Reta;Não;2;0;0;0;2;0;0;2;-10,84070184;-40,11340516;SPRF-BA;DEL04-BA;UOP01-DEL04-BA
722114;01/10/2025;quarta-feira;17:40:00;SC;470;128;LONTRAS;Conversão proibida;Colisão transversal;Com Vítimas Feridas;Pleno dia;Decrescente;Nublado;Simples;Reta;Não;2;0;1;0;1;0;1;2;-27,13423665;-49,54057217;SPRF-SC;DEL04-SC;UOP02-DEL04-SC
722115;01/10/2025;quarta-feira;19:00:00;MG;116;411,2;GOVERNADOR VALADARES;Condutor deixou de manter distância do veículo da frente;Colisão traseira;Com Vítimas Feridas;Plena Noite;Crescente;Ignorado;Dupla;Reta;Sim;2;0;1;0;1;0;1;2;-18,86832565;-41,97210699;SPRF-MG;DEL06-MG;UOP01-DEL06-MG
722116;01/10/2025;quarta-feira;18:40:00;ES;101;285,1;CARIACICA;Transitar na contramão;Atropelamento de Pedestre;Com Vítimas Feridas;Plena Noite;Decrescente;Nublado;Dupla;"Reta;Interseção de Vias";Sim;2;0;0;1;0;1;1;2;-20,252243;-40,373105;SPRF-ES;DEL01-ES;UOP01-DEL01-ES
722117;01/10/2025;quarta-feira;17:50:00;MG;116;412;GOVERNADOR VALADARES;Condutor deixou de manter distância do veículo da frente;Colisão traseira;Com Vítimas Feridas;Plena Noite;Decrescente;Céu Claro;Dupla;Reta;Não;2;0;1;1;0;0;2;1;-18,87737676;-41,96313858;SPRF-MG;DEL06-MG;UOP01-DEL06-MG
722119;17/09/2025;quarta-feira;09:30:00;MT;174;325;CONQUISTA DOESTE;Acessar a via sem observar a presença dos outros veículos;Colisão transversal;Com Vítimas Feridas;Pleno dia;Decrescente;Céu Claro;Simples;"Aclive;Reta";Não;2;0;2;0;0;0;2;2;-14,83934443;-59,31375505;SPRF-MT;DEL04-MT;UOP01-DEL04-MT
722120;01/10/2025;quarta-feira;19:50:00;RS;470;217;BENTO GONCALVES;Acessar a via sem observar a presença dos outros veículos;Colisão transversal;Com Vítimas Feridas;Plena Noite;Crescente;Céu Claro;Simples;"Reta;Aclive";Não;3;0;1;0;2;0;1;2;-29,17508428;-51,52302772;SPRF-RS;DEL06-RS;UOP01-DEL06-RS
722121;01/10/2025;quarta-feira;19:40:00;CE;222;312;TIANGUA;Ausência de reação do condutor;Colisão traseira;Sem Vítimas;Plena Noite;Decrescente;Céu Claro;Simples;Reta;Sim;2;0;0;0;2;0;0;2;-3,733144;-41,002385;SPRF-CE;DEL04-CE;UOP02-DEL04-CE
722122;01/10/2025;quarta-feira;15:45:00;RO;364;341;JI-PARANA;Manobra de mudança de faixa;Colisão lateral mesmo sentido;Com Vítimas Feridas;Pleno dia;Decrescente;Céu Claro;Múltipla;Reta;Sim;2;0;1;0;1;0;1;2;-10,88576;-61,934677;SPRF-RO;DEL02-RO;UOP01-DEL02-RO
722123;01/10/2025;quarta-feira;20:00:00;MG;40;530;CONTAGEM;Manobra de mudança de faixa;Colisão lateral mesmo sentido;Com Vítimas Feridas;Plena Noite;Decrescente;Céu Claro;Dupla;"Reta;Declive";Sim;3;0;2;0;1;0;2;2;-19,91946442;-44,03145343;SPRF-MG;DEL01-MG;UOP02-DEL01-MG
722124;01/10/2025;quarta-feira;19:00:00;RJ;40;77;PETROPOLIS;Manobra de mudança de faixa;Colisão traseira;Com Vítimas Feridas;Plena Noite;Decrescente;Céu Claro;Dupla;"Declive;Reta";Não;3;0;0;2;1;0;2;2;-22,45291801;-43,20661068;SPRF-RJ;DEL01-RJ;UOP01-DEL01-RJ
722126;01/10/2025;quarta-feira;19:30:00;PR;116;116;CURITIBA;Trafegar com motocicleta (ou similar) entre as faixas;Colisão lateral mesmo sentido;Com Vítimas Feridas;Plena Noite;Crescente;Nublado;Dupla;Reta;Não;4;0;1;0;3;0;1;4;-25,555215;-49,30585;SPRF-PR;DEL01-PR;UOP03-DEL01-PR
722127;01/10/2025;quarta-feira;19:35:00;PR;277;114,9;CAMPO LARGO;Trafegar com motocicleta (ou similar) entre as faixas;Atropelamento de Pedestre;Com Vítimas Feridas;Plena Noite;Crescente;Garoa/Chuvisco;Dupla;"Reta;Aclive";Não;2;0;0;1;1;0;1;2;-25,433575;-49,436968;SPRF-PR;DEL03-PR;UOP03-DEL03-PR
722128;01/10/2025;quarta-feira;19:30:00;RS;471;153;SANTA CRUZ DO SUL;Ultrapassagem Indevida;Colisão frontal;Com Vítimas Feridas;Plena Noite;Crescente;Céu Claro;Simples;Reta;Não;3;0;0;1;2;0;1;3;-29,805908;-52,405788;SPRF-RS;DEL02-RS;UOP03-DEL02-RS
722129;01/10/2025;quarta-feira;20:10:00;BA;116;9,6;VITORIA DA CONQUISTA;Transitar na contramão;Colisão frontal;Com Vítimas Feridas;Plena Noite;Crescente;Nublado;Simples;Reta;Sim;4;0;2;0;2;0;2;2;-14,857516;-40,877902;SPRF-BA;DEL08-BA;UOP01-DEL08-BA
722130;01/10/2025;quarta-feira;12:00:00;BA;235;287;UAUA;Ausência de reação do condutor;Queda de ocupante de veículo;Com Vítimas Fatais;Pleno dia;Crescente;Céu Claro;Simples;Reta;Não;1;1;0;0;0;0;0;1;-9,84030427;-39,47605134;SPRF-BA;DEL07-BA;UOP03-DEL07-BA
722132;01/10/2025;quarta-feira;18:20:00;SC;101;197;BIGUACU;Ausência de reação do condutor;Tombamento;Com Vítimas Feridas;Anoitecer;Crescente;Nublado;Múltipla;Reta;Sim;1;0;1;0;0;0;1;1;-27,51920372;-48,63799509;SPRF-SC;DEL01-SC;UOP01-DEL01-SC
722133;01/10/2025;quarta-feira;19:50:00;MG;116;605;SAO JOAO DO MANHUACU;Ausência de reação do condutor;Colisão traseira;Com Vítimas Feridas;Plena Noite;Decrescente;Céu Claro;Simples;Reta;Não;2;0;1;0;1;0;1;2;-20,381617;-42,147052;SPRF-MG;DEL06-MG;UOP03-DEL06-MG
722136;01/10/2025;quarta-feira;19:00:00;GO;153;670,3;GOIATUBA;Acessar a via sem observar a presença dos outros veículos;Colisão traseira;Com Vítimas Feridas;Plena Noite;Decrescente;Céu Claro;Dupla;Retorno Regulamentado;Não;2;0;1;0;1;0;1;2;-18,13788251;-49,28542882;SPRF-GO;DEL03-GO;UOP02-DEL03-GO
722138;01/10/2025;quarta-feira;21:00:00;SP;153;52;SAO JOSE DO RIO PRETO;Ausência de reação do condutor;Colisão com objeto;Com Vítimas Feridas;Plena Noite;Decrescente;Céu Claro;Dupla;Reta;Não;1;0;1;0;0;0;1;1;-20,73943893;-49,33784008;SPRF-SP;DEL09-SP;UOP01-DEL09-SP
722139;01/10/2025;quarta-feira;21:40:00;PE;408;98;JABOATAO DOS GUARARAPES;Manobra de mudança de faixa;Colisão lateral mesmo sentido;Sem Vítimas;Plena Noite;Decrescente;Céu Claro;Dupla;"Curva;Interseção de Vias";Sim;2;0;0;0;1;1;0;2;-8,07759516;-34,99235328;SPRF-PE;DEL01-PE;UOP01-DEL01-PE
722140;01/10/2025;quarta-feira;19:15:00;MG;146;472,7;POCOS DE CALDAS;Reação tardia ou ineficiente do condutor;Saída de leito carroçável;Com Vítimas Feridas;Plena Noite;Crescente;Céu Claro;Dupla;Curva;Não;1;0;1;0;0;0;1;1;-21,7989199;-46,44557869;SPRF-MG;DEL09-MG;UOP01-DEL09-MG
722142;01/10/2025;quarta-feira;21:40:00;RJ;116;316;ITATIAIA;Avarias e/ou desgaste excessivo no pneu;Queda de ocupante de veículo;Com Vítimas Feridas;Plena Noite;Decrescente;Céu Claro;Dupla;Reta;Sim;1;0;1;0;0;0;1;1;-22,46756643;-44,50578976;SPRF-RJ;DEL07-RJ;UOP02-DEL07-RJ
722143;01/10/2025;quarta-feira;22:00:00;PB;101;88;JOAO PESSOA;Chuva;Tombamento;Com Vítimas Feridas;Plena Noite;Crescente;Chuva;Dupla;Reta;Não;1;0;1;0;0;0;1;1;-7,17353162;-34,8984459;SPRF-PB;DEL01-PB;UOP01-DEL01-PB
722144;01/10/2025;quarta-feira;20:40:00;RO;174;13;VILHENA;Acessar a via sem observar a presença dos outros veículos;Colisão transversal;Com Vítimas Feridas;Plena Noite;Decrescente;Céu Claro;Dupla;"Interseção de Vias;Reta";Sim;5;0;2;0;2;1;2;3;-12,74055736;-60,13195038;SPRF-RO;DEL04-RO;UOP01-DEL04-RO
722145;01/10/2025;quarta-feira;20:00:00;RS;472;122,3;SAO JOSE DO INHACORA;Animais na Pista;Atropelamento de Animal;Com Vítimas Feridas;Plena Noite;Decrescente;Céu Claro;Simples;Curva;Não;1;0;0;1;0;0;1;1;-27,6874181;-54,15241448;SPRF-RS;DEL10-RS;UOP01-DEL10-RS
722146;01/10/2025;quarta-feira;22:20:00;ES;101;147,6;LINHARES;Ausência de reação do condutor;Tombamento;Com Vítimas Feridas;Plena Noite;Decrescente;Céu Claro;Dupla;Reta;Sim;1;0;1;0;0;0;1;1;-19,38408574;-40,06688118;SPRF-ES;DEL04-ES;UOP01-DEL04-ES
722147;01/10/2025;quarta-feira;20:00:00;RJ;116;319;ITATIAIA;Avarias e/ou desgaste excessivo no pneu;Tombamento;Com Vítimas Feridas;Plena Noite;Crescente;Céu Claro;Dupla;Reta;Sim;2;0;2;0;0;0;2;1;-22,47160222;-44,52002114;SPRF-RJ;DEL07-RJ;UOP02-DEL07-RJ
722149;01/10/2025;quarta-feira;19:16:00;MS;158;342,8;BRASILANDIA;Reação tardia ou ineficiente do condutor;Colisão traseira;Com Vítimas Feridas;Plena Noite;Crescente;Céu Claro;Simples;"Declive;Reta";Sim;2;0;1;0;0;1;1;2;-21,256098;-52,016511;SPRF-MS;DEL07-MS;UOP01-DEL07-MS
722150;01/10/2025;quarta-feira;21:30:00;RJ;40;116;DUQUE DE CAXIAS;Objeto estático sobre o leito carroçável;Colisão com objeto;Com Vítimas Feridas;Plena Noite;Decrescente;Céu Claro;Múltipla;Reta;Não;2;0;2;0;0;0;2;1;-22,74246457;-43,28774578;SPRF-RJ;DEL01-RJ;UOP02-DEL01-RJ
722154;01/10/2025;quarta-feira;23:00:00;MG;262;39;MANHUACU;Transitar na contramão;Colisão frontal;Com Vítimas Feridas;Plena Noite;Crescente;Céu Claro;Simples;Curva;Sim;2;0;1;1;0;0;2;2;-20,276183;-42,054363;SPRF-MG;DEL06-MG;UOP03-DEL06-MG
722155;02/10/2025;quinta-feira;00:30:00;RJ;116;169;RIO DE JANEIRO;Objeto estático sobre o leito carroçável;Tombamento;Com Vítimas Feridas;Plena Noite;Decrescente;Céu Claro;Dupla;"Aclive;Em Obras";Sim;1;0;1;0;0;0;1;1;-22,81772488;-43,32253933;SPRF-RJ;DEL06-RJ;UOP01-DEL06-RJ
722156;02/10/2025;quinta-feira;00:15:00;PR;369;144,5;LONDRINA;Ingestão de álcool pelo condutor;Colisão lateral mesmo sentido;Com Vítimas Feridas;Plena Noite;Decrescente;Céu Claro;Dupla;"Reta;Declive";Não;2;0;1;0;1;0;1;2;-23,293469;-51,105161;SPRF-PR;DEL07-PR;UOP01-DEL07-PR
722157;01/10/2025;quarta-feira;19:10:00;PA;10;309;IRITUIA;Transitar na contramão;Colisão frontal;Com Vítimas Fatais;Plena Noite;Crescente;Céu Claro;Simples;Reta;Não;3;2;0;1;0;0;1;2;-1,727863;-47,503028;SPRF-PA;DEL01-PA;UOP02-DEL01-PA
722158;02/10/2025;quinta-feira;00:30:00;SC;280;29,6;ARAQUARI;Manobra de mudança de faixa;Saída de leito carroçável;Com Vítimas Feridas;Plena Noite;Crescente;Nublado;Simples;Reta;Sim;1;0;0;1;0;0;1;1;-26,41154521;-48,75399089;SPRF-SC;DEL03-SC;UOP03-DEL03-SC
722160;02/10/2025;quinta-feira;00:30:00;SP;116;310;SAO LOURENCO DA SERRA;Demais falhas mecânicas ou elétricas;Incêndio;Sem Vítimas;Plena Noite;Decrescente;Ignorado;Dupla;Reta;Não;1;0;0;0;1;0;0;1;-23,86913392;-46,95456304;SPRF-SP;DEL04-SP;UOP01-DEL04-SP
722161;02/10/2025;quinta-feira;01:00:00;PR;376;157,8;MANDAGUACU;Condutor Dormindo;Saída de leito carroçável;Com Vítimas Feridas;Plena Noite;Decrescente;Nublado;Dupla;Curva;Sim;1;0;1;0;0;0;1;1;-23,351001;-52,09102;SPRF-PR;DEL09-PR;UOP02-DEL09-PR
722163;01/10/2025;quarta-feira;22:00:00;MS;60;116;PARAISO DAS AGUAS;Ausência de reação do condutor;Saída de leito carroçável;Com Vítimas Feridas;Plena Noite;Decrescente;Céu Claro;Simples;Curva;Não;4;0;4;0;0;0;4;1;-19;-53;SPRF-MS;DEL06-MS;UOP02-DEL06-MS
722164;02/10/2025;quinta-feira;02:45:00;MG;40;617,7;CONGONHAS;Reação tardia ou ineficiente do condutor;Colisão traseira;Com Vítimas Feridas;Plena Noite;Crescente;Céu Claro;Simples;Reta;Sim;2;0;1;0;1;0;1;2;-20,56111719;-43,81278992;SPRF-MG;DEL05-MG;UOP02-DEL05-MG
722165;02/10/2025;quinta-feira;03:00:00;SP;381;42;ATIBAIA;Demais falhas mecânicas ou elétricas;Incêndio;Sem Vítimas;Plena Noite;Crescente;Céu Claro;Dupla;Reta;Sim;1;0;0;0;1;0;0;1;-23,14991913;-46,57575428;SPRF-SP;DEL03-SP;UOP01-DEL03-SP
722167;02/10/2025;quinta-feira;02:30:00;PE;101;48,2;ABREU E LIMA;Velocidade Incompatível;Colisão com objeto;Com Vítimas Feridas;Plena Noite;Decrescente;Céu Claro;Múltipla;Reta;Sim;1;0;0;1;0;0;1;1;-7,896174;-34,902612;SPRF-PE;DEL01-PE;UOP02-DEL01-PE
722168;02/10/2025;quinta-feira;03:30:00;SC;101;460;PASSO DE TORRES;Ausência de reação do condutor;Colisão com objeto;Com Vítimas Feridas;Plena Noite;Crescente;Garoa/Chuvisco;Dupla;Rotatória;Não;1;0;0;1;0;0;1;1;-29,26640222;-49,75568265;SPRF-RS;DEL03-RS;UOP02-DEL03-RS
722169;02/10/2025;quinta-feira;04:40:00;MG;40;614,3;CONGONHAS;Ausência de reação do condutor;Saída de leito carroçável;Com Vítimas Feridas;Plena Noite;Crescente;Céu Claro;Simples;Curva;Não;2;0;1;0;1;0;1;1;-20,5250683;-43,8271569;SPRF-MG;DEL05-MG;UOP02-DEL05-MG
722171;02/10/2025;quinta-feira;04:20:00;DF;20;16;BRASILIA;Sinalização mal posicionada;Colisão com objeto;Com Vítimas Feridas;Plena Noite;Decrescente;Céu Claro;Dupla;"Reta;Em Obras;Desvio Temporário";Sim;3;0;2;1;0;0;3;1;-15,61964182;-47,71441537;SPRF-DF;DEL02-DF;UOP01-DEL02-DF
722172;02/10/2025;quinta-feira;00:20:00;AL;101;104;PILAR;Ausência de reação do condutor;Queda de ocupante de veículo;Sem Vítimas;Plena Noite;Decrescente;Chuva;Dupla;Curva;Não;1;0;0;0;0;1;0;1;-9,5871;-35,98035;SPRF-AL;DEL02-AL;UOP01-DEL02-AL
722173;02/10/2025;quinta-feira;04:40:00;PB;230;78,7;RIACHAO DO POCO;Animais na Pista;Atropelamento de Animal;Com Vítimas Feridas;Plena Noite;Crescente;Nublado;Dupla;"Declive;Reta";Não;1;0;1;0;0;0;1;1;-7,180585;-35,312908;SPRF-PB;DEL01-PB;UOP02-DEL01-PB
722178;02/10/2025;quinta-feira;04:30:00;SP;116;116;TAUBATE;Manobra de mudança de faixa;Colisão traseira;Com Vítimas Feridas;Amanhecer;Crescente;Céu Claro;Dupla;Reta;Sim;3;0;1;0;2;0;1;2;-23,05607;-45,613871;SPRF-SP;DEL02-SP;UOP02-DEL02-SP
722180;02/10/2025;quinta-feira;06:10:00;SC;282;218,3;LAGES;Ausência de reação do condutor;Colisão traseira;Com Vítimas Feridas;Pleno dia;Crescente;Nublado;Dupla;"Aclive;Reta";Sim;2;0;1;0;1;0;1;2;-27,797347;-50,311967;SPRF-SC;DEL05-SC;UOP01-DEL05-SC
722181;02/10/2025;quinta-feira;03:20:00;ES;259;93,3;BAIXO GUANDU;Reação tardia ou ineficiente do condutor;Saída de leito carroçável;Com Vítimas Fatais;Plena Noite;Crescente;Nublado;Simples;Curva;Não;1;1;0;0;0;0;0;1;-19,5031169;-40,943762;SPRF-ES;DEL02-ES;UOP01-DEL02-ES
722182;02/10/2025;quinta-feira;06:00:00;MG;50;44,5;ARAGUARI;Manobra de mudança de faixa;Saída de leito carroçável;Com Vítimas Feridas;Amanhecer;Crescente;Céu Claro;Dupla;Reta;Não;3;0;1;0;2;0;1;1;-18,71086071;-48,19506381;SPRF-MG;DEL15-MG;UOP02-DEL15-MG
722184;02/10/2025;quinta-feira;06:55:00;PB;104;116,9;LAGOA SECA;Acessar a via sem observar a presença dos outros veículos;Colisão transversal;Com Vítimas Feridas;Pleno dia;Decrescente;Chuva;Simples;"Aclive;Reta";Sim;2;0;0;1;1;0;1;2;-7,182957;-35,86539;SPRF-PB;DEL02-PB;UOP04-DEL02-PB
722185;02/10/2025;quinta-feira;07:00:00;PE;101;71,4;RECIFE;Condutor deixou de manter distância do veículo da frente;Colisão traseira;Com Vítimas Feridas;Pleno dia;Crescente;Céu Claro;Dupla;Reta;Sim;3;0;1;0;2;0;1;2;-8,080502;-34,943229;SPRF-PE;DEL01-PE;UOP01-DEL01-PE
722186;02/10/2025;quinta-feira;06:55:00;ES;101;269;SERRA;Condutor deixou de manter distância do veículo da frente;Colisão traseira;Com Vítimas Feridas;Pleno dia;Crescente;Céu Claro;Dupla;Reta;Sim;3;0;2;0;1;0;2;3;-20,21652;-40,27011;SPRF-ES;DEL02-ES;UOP01-DEL02-ES
722187;02/10/2025;quinta-feira;07:05:00;DF;20;11;BRASILIA;Pedestre cruzava a pista fora da faixa;Atropelamento de Pedestre;Com Vítimas Feridas;Pleno dia;Crescente;Céu Claro;Simples;Reta;Sim;3;0;1;0;2;0;1;2;-15,642935;-47,759253;SPRF-DF;DEL02-DF;UOP01-DEL02-DF
722190;02/10/2025;quinta-feira;07:20:00;RJ;101;323;NITEROI;Mal súbito do condutor;Colisão traseira;Com Vítimas Feridas;Pleno dia;Crescente;Céu Claro;Múltipla;Reta;Não;2;0;1;0;1;0;1;2;-22,8780706;-43,11401725;SPRF-RJ;DEL02-RJ;UOP01-DEL02-RJ
722191;06/06/2025;sexta-feira;17:30:00;SC;282;1;FLORIANOPOLIS;Condutor deixou de manter distância do veículo da frente;Colisão traseira;Com Vítimas Feridas;Plena Noite;Crescente;Ignorado;Múltipla;"Declive;Reta";Não;3;0;0;1;0;2;1;3;-27,59998988;-48,57679749;SPRF-SC;DEL01-SC;UOP01-DEL01-SC
722192;24/09/2025;quarta-feira;07:00:00;TO;153;138;ARAGUAINA;Velocidade Incompatível;Colisão traseira;Com Vítimas Feridas;Pleno dia;Crescente;Céu Claro;Simples;"Rotatória;Interseção de Vias";Sim;2;0;0;1;1;0;1;2;-7,16151116;-48,20537353;SPRF-TO;DEL02-TO;UOP01-DEL02-TO
722193;02/10/2025;quinta-feira;08:00:00;RS;290;92;PORTO ALEGRE;Reação tardia ou ineficiente do condutor;Colisão traseira;Sem Vítimas;Pleno dia;Crescente;Nublado;Múltipla;Reta;Sim;5;0;0;0;5;0;0;2;-29,96990782;-51,17828893;SPRF-RS;DEL01-RS;UOP01-DEL01-RS
722194;02/10/2025;quinta-feira;08:00:00;SC;101;123;ITAJAI;Reação tardia ou ineficiente do condutor;Tombamento;Com Vítimas Feridas;Pleno dia;Crescente;Céu Claro;Múltipla;Reta;Sim;1;0;1;0;0;0;1;1;-26,93591931;-48,69958913;SPRF-SC;DEL04-SC;UOP04-DEL04-SC
722195;02/10/2025;quinta-feira;08:00:00;RJ;116;147;DUQUE DE CAXIAS;Condutor deixou de manter distância do veículo da frente;Colisão traseira;Com Vítimas Feridas;Pleno dia;Crescente;Céu Claro;Dupla;Reta;Sim;2;0;1;0;1;0;1;2;-22,6696987;-43,2729277;SPRF-RJ;DEL01-RJ;UOP02-DEL01-RJ
722196;02/10/2025;quinta-feira;07:40:00;PR;158;532;PATO BRANCO;Ultrapassagem Indevida;Colisão lateral mesmo sentido;Com Vítimas Feridas;Pleno dia;Decrescente;Céu Claro;Simples;"Aclive;Reta";Sim;2;0;1;0;1;0;1;2;-26,21461027;-52,68078446;SPRF-PR;DEL02-PR;UOP01-DEL02-PR
722197;02/10/2025;quinta-feira;07:20:00;PI;343;3,8;TERESINA;Semáforo com defeito;Colisão transversal;Com Vítimas Feridas;Pleno dia;Crescente;Céu Claro;Múltipla;"Reta;Interseção de Vias";Sim;2;0;1;0;1;0;1;2;-5,08045216;-42,78687537;SPRF-PI;DEL01-PI;UOP01-DEL01-PI
722198;02/10/2025;quinta-feira;06:40:00;PE;104;61,2;CARUARU;Manobra de mudança de faixa;Colisão lateral mesmo sentido;Com Vítimas Feridas;Pleno dia;Decrescente;Céu Claro;Dupla;Retorno Regulamentado;Sim;2;0;2;0;0;0;2;2;-8,24514;-35,97502;SPRF-PE;DEL02-PE;UOP01-DEL02-PE
722199;02/10/2025;quinta-feira;08:00:00;DF;70;10;BRASILIA;Trafegar com motocicleta (ou similar) entre as faixas;Colisão lateral mesmo sentido;Com Vítimas Feridas;Pleno dia;Decrescente;Céu Claro;Múltipla;Reta;Sim;3;0;1;0;1;1;1;3;-15,788213;-48,144243;SPRF-DF;DEL03-DF;UOP02-DEL03-DF
722200;02/10/2025;quinta-feira;07:40:00;GO;153;506,7;APARECIDA DE GOIANIA;Condutor deixou de manter distância do veículo da frente;Colisão traseira;Com Vítimas Feridas;Pleno dia;Decrescente;Sol;Dupla;"Declive;Reta";Sim;3;0;1;0;2;0;1;3;-16,762076;-49,239875;SPRF-GO;DEL01-GO;UOP01-DEL01-GO
722201;02/10/2025;quinta-feira;07:30:00;AL;101;108,5;MARECHAL DEODORO;Velocidade Incompatível;Saída de leito carroçável;Com Vítimas Feridas;Pleno dia;Decrescente;Céu Claro;Dupla;"Curva;Declive";Não;7;0;2;0;5;0;2;1;-9,649267;-36,023233;SPRF-AL;DEL02-AL;UOP01-DEL02-AL
722203;02/10/2025;quinta-feira;08:05:00;SC;101;163;TIJUCAS;Ausência de reação do condutor;Saída de leito carroçável;Com Vítimas Feridas;Pleno dia;Crescente;Chuva;Dupla;Curva;Não;1;0;1;0;0;0;1;1;-27,23263163;-48,63028876;SPRF-SC;DEL04-SC;UOP03-DEL04-SC
722205;02/10/2025;quinta-feira;08:45:00;SP;116;3;GUARULHOS;Desrespeitar a preferência no cruzamento;Colisão transversal;Com Vítimas Feridas;Pleno dia;Crescente;Nublado;Dupla;"Reta;Interseção de Vias";Não;3;0;1;0;2;0;1;2;-23,430418;-46,492465;SPRF-SP;DEL01-SP;UOP01-DEL01-SP
722207;02/10/2025;quinta-feira;09:00:00;RS;285;450,5;IJUI;Condutor deixou de manter distância do veículo da frente;Colisão traseira;Com Vítimas Feridas;Pleno dia;Crescente;Sol;Simples;Reta;Não;2;0;1;0;1;0;1;2;-28,374277;-53,839205;SPRF-RS;DEL10-RS;UOP01-DEL10-RS
722210;02/05/2025;sexta-feira;18:30:00;AC;317;120;CAPIXABA;Pista esburacada;Tombamento;Com Vítimas Feridas;Plena Noite;Decrescente;Ignorado;Simples;Reta;Não;1;0;0;1;0;0;1;1;-10,37025072;-67,71038854;SPRF-AC;DEL01-AC;UOP02-DEL01-AC
722212;02/10/2025;quinta-feira;08:59:00;SP;116;219;GUARULHOS;Ausência de reação do condutor;Colisão lateral mesmo sentido;Com Vítimas Feridas;Pleno dia;Decrescente;Nublado;Múltipla;Reta;Sim;2;0;1;0;1;0;1;2;-23,46389404;-46,4949929;SPRF-SP;DEL01-SP;UOP01-DEL01-SP
722215;02/10/2025;quinta-feira;04:40:00;MT;70;276;PRIMAVERA DO LESTE;Condutor Dormindo;Saída de leito carroçável;Com Vítimas Feridas;Amanhecer;Crescente;Céu Claro;Simples;Curva;Não;2;0;2;0;0;0;2;1;-15,554422;-54,263648;SPRF-MT;DEL05-MT;UOP01-DEL05-MT
722216;02/10/2025;quinta-feira;09:12:00;SC;101;123;ITAJAI;Manobra de mudança de faixa;Colisão lateral mesmo sentido;Sem Vítimas;Pleno dia;Crescente;Céu Claro;Múltipla;Reta;Sim;2;0;0;0;2;0;0;2;-26,94541977;-48,68891421;SPRF-SC;DEL04-SC;UOP04-DEL04-SC
722217;02/10/2025;quinta-feira;10:00:00;RS;290;5,2;OSORIO;Condutor Dormindo;Atropelamento de Pedestre;Com Vítimas Feridas;Pleno dia;Decrescente;Céu Claro;Múltipla;Reta;Não;3;0;0;1;2;0;1;2;-29,896865;-50,32703;SPRF-RS;DEL03-RS;UOP01-DEL03-RS
722219;02/10/2025;quinta-feira;08:00:00;MG;40;16,7;PARACATU;Condutor deixou de manter distância do veículo da frente;Colisão traseira;Com Vítimas Feridas;Pleno dia;Crescente;Céu Claro;Simples;"Reta;Aclive";Não;7;0;0;1;5;1;1;3;-17,089947;-47,030274;SPRF-MG;DEL14-MG;UOP01-DEL14-MG
722220;02/10/2025;quinta-feira;06:55:00;MT;364;203;RONDONOPOLIS;Ingestão de álcool pelo condutor;Colisão com objeto;Sem Vítimas;Pleno dia;Crescente;Céu Claro;Dupla;Retorno Regulamentado;Sim;1;0;0;0;1;0;0;1;-16,46512255;-54,65795875;SPRF-MT;DEL02-MT;UOP01-DEL02-MT
722222;07/09/2025;domingo;08:40:00;MG;381;444;SABARA;Ausência de reação do condutor;Colisão traseira;Com Vítimas Feridas;Pleno dia;Crescente;Céu Claro;Simples;Reta;Sim;2;0;1;0;1;0;1;2;-19,8939514;-43,8230896;SPRF-MG;DEL01-MG;UOP01-DEL01-MG