id;data_inversa;dia_semana;horario;uf;br;km;municipio;causa_acidente;tipo_acidente;classificacao_acidente;fase_dia;sentido_via;condicao_metereologica;tipo_pista;tracado_via;uso_solo;pessoas;mortos;feridos_leves;feridos_graves;ilesos;ignorados;feridos;veiculos;latitude;longitude;regional;delegacia;uop
722352;28/09/2025;domingo;22:30:00;BA;110;343;ALAGOINHAS;Ausência de sinalização;Colisão traseira;Com Vítimas Feridas;Plena Noite;Decrescente;Nublado;Simples;Reta;Não;2;0;1;0;0;1;1;2;-12,1916541;-38,4187832;SPRF-BA;DEL01-BA;UOP04-DEL01-BA
722353;02/10/2025;quinta-feira;21:44:00;AC;364;122;RIO BRANCO;Retorno proibido;Colisão traseira;Com Vítimas Feridas;Plena Noite;Decrescente;Céu Claro;Dupla;Reta;Sim;3;0;0;3;0;0;3;2;-10,01171387;-67,78545141;SPRF-AC;DEL01-AC;UOP01-DEL01-AC
722355;03/10/2025;sexta-feira;00:40:00;SP;116;145,9;SAO JOSE DOS CAMPOS;Reação tardia ou ineficiente do condutor;Colisão traseira;Com Vítimas Feridas;Plena Noite;Crescente;Céu Claro;Dupla;Reta;Sim;2;0;1;0;1;0;1;2;-23,18877687;-45,85876989;SPRF-SP;DEL02-SP;UOP01-DEL02-SP
722356;02/10/2025;quinta-feira;23:20:00;PR;277;77;SAO JOSE DOS PINHAIS;Ingestão de álcool pelo condutor;Colisão traseira;Com Vítimas Fatais;Plena Noite;Decrescente;Céu Claro;Dupla;"Reta;Ponte";Sim;5;1;0;1;1;2;1;3;-25,48733;-49,18235;SPRF-PR;DEL01-PR;UOP07-DEL01-PR
722357;02/10/2025;quinta-feira;09:20:00;BA;324;622;SALVADOR;Ausência de reação do condutor;Colisão traseira;Com Vítimas Feridas;Pleno dia;Crescente;Céu Claro;Dupla;Reta;Sim;1;0;1;0;0;0;1;1;-12,93382292;-38,47192738;SPRF-BA;DEL01-BA;UOP01-DEL01-BA
722358;19/09/2025;sexta-feira;18:50:00;MT;364;184;PEDRA PRETA;Acessar a via sem observar a presença dos outros veículos;Colisão transversal;Com Vítimas Feridas;Plena Noite;Decrescente;Céu Claro;Simples;Reta;Não;2;0;0;1;1;0;1;2;-16,5923;-54,5103;SPRF-MT;DEL02-MT;UOP01-DEL02-MT
722360;03/10/2025;sexta-feira;02:10:00;PR;163;185;LINDOESTE;Condutor Dormindo;Saída de leito carroçável;Com Vítimas Feridas;Plena Noite;Crescente;Garoa/Chuvisco;Dupla;Curva;Não;2;0;1;1;0;0;2;1;-25,18298972;-53,60171107;SPRF-PR;DEL05-PR;UOP05-DEL05-PR
722363;03/10/2025;sexta-feira;02:10:00;ES;101;148,7;LINHARES;Condutor desrespeitou a iluminação vermelha do semáforo;Colisão transversal;Com Vítimas Feridas;Plena Noite;Decrescente;Nublado;Múltipla;"Interseção de Vias;Reta";Sim;3;0;2;0;0;1;2;2;-19,39471558;-40,06518602;SPRF-ES;DEL04-ES;UOP01-DEL04-ES
722364;03/10/2025;sexta-feira;01:15:00;CE;116;281;JAGUARIBARA;Ausência de reação do condutor;Capotamento;Com Vítimas Feridas;Plena Noite;Decrescente;Céu Claro;Simples;Reta;Não;2;0;2;0;0;0;2;1;-5,68628;-38,481237;SPRF-CE;DEL05-CE;UOP02-DEL05-CE
722365;03/10/2025;sexta-feira;03:30:00;MG;381;846,5;SAO SEBASTIAO DA BELA VISTA;Animais na Pista;Atropelamento de Animal;Com Vítimas Feridas;Plena Noite;Crescente;Céu Claro;Dupla;Reta;Não;1;0;1;0;0;0;1;1;-22,19991;-45,85525;SPRF-MG;DEL16-MG;UOP01-DEL16-MG
722367;03/10/2025;sexta-feira;03:30:00;RS;116;1;PORTO ALEGRE;Ausência de reação do condutor;Colisão traseira;Com Vítimas Feridas;Plena Noite;Decrescente;Nublado;Dupla;"Reta;Em Obras";Sim;3;0;1;0;1;1;1;3;-29,98118559;-51,17960615;SPRF-RS;DEL01-RS;UOP01-DEL01-RS
722372;03/10/2025;sexta-feira;05:46:00;RN;304;193;LAJES;Manobra de mudança de faixa;Colisão transversal;Com Vítimas Feridas;Pleno dia;Crescente;Sol;Simples;Reta;Sim;2;0;0;1;1;0;1;2;-5,705484;-36,224382;SPRF-RN;DEL01-RN;UOP03-DEL01-RN
722373;03/10/2025;sexta-feira;04:30:00;MG;262;781;UBERABA;Ultrapassagem Indevida;Saída de leito carroçável;Sem Vítimas;Amanhecer;Decrescente;Céu Claro;Simples;Reta;Não;1;0;0;0;0;1;0;1;-19,76211065;-47,85647859;SPRF-MG;DEL13-MG;UOP01-DEL13-MG
722374;03/10/2025;sexta-feira;06:20:00;MG;381;936,6;EXTREMA;Ausência de reação do condutor;Colisão lateral mesmo sentido;Com Vítimas Feridas;Amanhecer;Decrescente;Nublado;Dupla;"Aclive;Curva";Não;2;0;0;1;0;1;1;2;-22,8110269;-46,28208938;SPRF-MG;DEL16-MG;UOP03-DEL16-MG
722375;03/10/2025;sexta-feira;06:20:00;MG;381;936,7;EXTREMA;Reação tardia ou ineficiente do condutor;Tombamento;Com Vítimas Feridas;Amanhecer;Decrescente;Céu Claro;Dupla;"Aclive;Curva";Não;1;0;1;0;0;0;1;1;-22,80874;-46,27427;SPRF-MG;DEL16-MG;UOP03-DEL16-MG
722376;03/10/2025;sexta-feira;06:00:00;RJ;101;456;MANGARATIBA;Pedestre andava na pista;Atropelamento de Pedestre;Com Vítimas Feridas;Amanhecer;Crescente;Céu Claro;Simples;Reta;Sim;2;0;0;1;1;0;1;2;-22,9293928;-43,9805929;SPRF-RJ;DEL03-RJ;UOP02-DEL03-RJ
722377;03/10/2025;sexta-feira;04:45:00;SC;280;57;GUARAMIRIM;Acessar a via sem observar a presença dos outros veículos;Colisão transversal;Com Vítimas Feridas;Plena Noite;Decrescente;Chuva;Simples;Reta;Não;2;0;2;0;0;0;2;2;-26,476108;-49,01647;SPRF-SC;DEL03-SC;UOP03-DEL03-SC
722379;03/10/2025;sexta-feira;06:50:00;RS;285;457,5;IJUI;Pedestre andava na pista;Atropelamento de Pedestre;Com Vítimas Feridas;Pleno dia;Decrescente;Céu Claro;Simples;"Aclive;Reta;Em Obras";Sim;2;0;0;1;1;0;1;2;-28,40030982;-53,89829278;SPRF-RS;DEL10-RS;UOP01-DEL10-RS
722380;03/10/2025;sexta-feira;06:40:00;SP;381;72;MAIRIPORA;Ingestão de álcool pelo condutor;Colisão com objeto;Sem Vítimas;Pleno dia;Crescente;Céu Claro;Dupla;Reta;Não;1;0;0;0;1;0;0;1;-23,34669953;-46,56490421;SPRF-SP;DEL03-SP;UOP01-DEL03-SP
722382;03/10/2025;sexta-feira;06:40:00;PB;101;110;ALHANDRA;Afundamento ou ondulação no pavimento;Tombamento;Com Vítimas Feridas;Pleno dia;Decrescente;Céu Claro;Dupla;Reta;Sim;1;0;1;0;0;0;1;1;-7,35599503;-34,95007306;SPRF-PB;DEL01-PB;UOP01-DEL01-PB
722385;03/10/2025;sexta-feira;07:05:00;SP;116;139;SAO JOSE DOS CAMPOS;Trafegar com motocicleta (ou similar) entre as faixas;Colisão lateral mesmo sentido;Com Vítimas Feridas;Pleno dia;Crescente;Nublado;Dupla;Reta;Não;2;0;0;1;1;0;1;2;-23,16245721;-45,80509186;SPRF-SP;DEL02-SP;UOP01-DEL02-SP
722387;03/10/2025;sexta-feira;06:40:00;RJ;116;93;TERESOPOLIS;Acumulo de óleo sobre o pavimento;Tombamento;Com Vítimas Feridas;Pleno dia;Crescente;Céu Claro;Simples;"Interseção de Vias;Rotatória";Sim;2;0;1;1;0;0;2;1;-22,462444;-42,9878671;SPRF-RJ;DEL04-RJ;UOP01-DEL04-RJ
722389;03/10/2025;sexta-feira;05:00:00;PI;230;304,7;FLORIANO;Pedestre andava na pista;Atropelamento de Pedestre;Com Vítimas Fatais;Amanhecer;Crescente;Céu Claro;Simples;"Reta;Declive";Não;2;1;0;0;1;0;0;2;-6,798067;-42,976307;SPRF-PI;DEL03-PI;UOP01-DEL03-PI
722390;03/10/2025;sexta-feira;07:33:00;MG;40;517;RIBEIRAO DAS NEVES;Trafegar com motocicleta (ou similar) entre as faixas;Colisão lateral mesmo sentido;Com Vítimas Feridas;Pleno dia;Crescente;Céu Claro;Dupla;Reta;Sim;3;0;2;0;1;0;2;2;-19,81981982;-44,08916363;SPRF-MG;DEL01-MG;UOP02-DEL01-MG
722392;03/10/2025;sexta-feira;07:45:00;RS;470;218;BENTO GONCALVES;Velocidade Incompatível;Saída de leito carroçável;Com Vítimas Feridas;Pleno dia;Decrescente;Chuva;Simples;"Curva;Aclive";Não;1;0;1;0;0;0;1;1;-29,18613482;-51,52040569;SPRF-RS;DEL06-RS;UOP01-DEL06-RS
722393;03/10/2025;sexta-feira;07:40:00;ES;101;37,2;CONCEICAO DA BARRA;Acessar a via sem observar a presença dos outros veículos;Colisão transversal;Com Vítimas Feridas;Pleno dia;Crescente;Céu Claro;Simples;Interseção de Vias;Sim;3;0;1;0;2;0;1;2;-18,49039118;-39,92559603;SPRF-ES;DEL04-ES;UOP02-DEL04-ES
722395;03/10/2025;sexta-feira;06:30:00;SC;101;38,5;JOINVILLE;Desrespeitar a preferência no cruzamento;Colisão lateral mesmo sentido;Com Vítimas Feridas;Pleno dia;Decrescente;Nublado;Múltipla;Viaduto;Sim;2;0;1;0;1;0;1;2;-26,28972133;-48,88538361;SPRF-SC;DEL03-SC;UOP01-DEL03-SC
722397;03/10/2025;sexta-feira;07:38:00;SP;153;62,1;SAO JOSE DO RIO PRETO;Condutor deixou de manter distância do veículo da frente;Engavetamento;Com Vítimas Feridas;Pleno dia;Crescente;Céu Claro;Dupla;"Aclive;Reta";Não;4;0;2;0;1;1;2;4;-20,813903;-49,356972;SPRF-SP;DEL09-SP;UOP01-DEL09-SP
722398;03/10/2025;sexta-feira;06:30:00;PR;376;75,5;GUAIRACA;Desrespeitar a preferência no cruzamento;Colisão transversal;Com Vítimas Feridas;Pleno dia;Crescente;Céu Claro;Simples;Interseção de Vias;Não;5;0;4;1;0;0;5;2;-22,9542181;-52,701558;SPRF-PR;DEL09-PR;UOP02-DEL09-PR
722399;03/10/2025;sexta-feira;08:30:00;SP;153;66;SAO JOSE DO RIO PRETO;Condutor Dormindo;Colisão traseira;Com Vítimas Fatais;Pleno dia;Decrescente;Céu Claro;Dupla;Reta;Sim;14;1;4;0;8;1;4;6;-20,844323;-49,372225;SPRF-SP;DEL09-SP;UOP01-DEL09-SP
722400;13/09/2025;sábado;21:00:00;SC;470;90;ASCURRA;Transitar na contramão;Colisão frontal;Com Vítimas Feridas;Plena Noite;Decrescente;Céu Claro;Simples;Interseção de Vias;Não;5;0;1;2;0;2;3;2;-26,96135574;-49,37148571;SPRF-SC;DEL04-SC;UOP01-DEL04-SC
722401;03/10/2025;sexta-feira;08:15:00;GO;153;434;ANAPOLIS;Condutor deixou de manter distância do veículo da frente;Colisão traseira;Com Vítimas Feridas;Pleno dia;Decrescente;Céu Claro;Dupla;Em Obras;Sim;3;0;2;0;1;0;2;2;-16,30135405;-48,92610435;SPRF-GO;DEL02-GO;UOP01-DEL02-GO
722402;03/10/2025;sexta-feira;01:30:00;MT;364;457;VARZEA GRANDE;Chuva;Saída de leito carroçável;Com Vítimas Feridas;Plena Noite;Crescente;Chuva;Simples;Reta;Não;2;0;2;0;0;0;2;1;-15,535778;-56,276052;SPRF-MT;DEL01-MT;UOP02-DEL01-MT
722403;03/10/2025;sexta-feira;07:55:00;SP;381;42,8;ATIBAIA;Trafegar com motocicleta (ou similar) entre as faixas;Saída de leito carroçável;Com Vítimas Feridas;Pleno dia;Decrescente;Céu Claro;Dupla;"Aclive;Reta";Sim;1;0;1;0;0;0;1;1;-23,154287;-46,573946;SPRF-SP;DEL03-SP;UOP01-DEL03-SP
722404;03/10/2025;sexta-feira;06:35:00;PR;376;165;MARINGA;Condutor deixou de manter distância do veículo da frente;Colisão traseira;Com Vítimas Feridas;Amanhecer;Decrescente;Céu Claro;Dupla;Reta;Sim;1;0;1;0;0;0;1;1;-23,382568;-52,032088;SPRF-PR;DEL09-PR;UOP01-DEL09-PR
722405;03/10/2025;sexta-feira;08:00:00;RO;364;11;VILHENA;Manobra de mudança de faixa;Colisão traseira;Com Vítimas Feridas;Pleno dia;Crescente;Sol;Múltipla;Rotatória;Sim;2;0;1;0;1;0;1;2;-12,7451142;-60,11517618;SPRF-RO;DEL04-RO;UOP01-DEL04-RO
722407;03/10/2025;sexta-feira;08:35:00;RJ;101;322;NITEROI;Manobra de mudança de faixa;Queda de ocupante de veículo;Com Vítimas Feridas;Pleno dia;Decrescente;Céu Claro;Dupla;Reta;Não;2;0;1;0;0;1;1;2;-22,8823429;-43,1074599;SPRF-RJ;DEL02-RJ;UOP01-DEL02-RJ
722408;03/10/2025;sexta-feira;07:00:00;MT;70;382;CAMPO VERDE;Acessar a via sem observar a presença dos outros veículos;Colisão transversal;Com Vítimas Feridas;Pleno dia;Crescente;Céu Claro;Simples;"Interseção de Vias;Retorno Regulamentado";Sim;2;0;1;0;1;0;1;2;-15,551862;-55,168216;SPRF-MT;DEL05-MT;UOP02-DEL05-MT
722409;03/10/2025;sexta-feira;06:55:00;RJ;116;146;DUQUE DE CAXIAS;Ausência de reação do condutor;Colisão transversal;Com Vítimas Feridas;Amanhecer;Crescente;Céu Claro;Dupla;Reta;Sim;3;0;1;1;1;0;2;2;-22,67075664;-43,27705332;SPRF-RJ;DEL01-RJ;UOP02-DEL01-RJ
722410;03/10/2025;sexta-feira;09:20:00;PB;230;22;JOAO PESSOA;Trafegar com motocicleta (ou similar) entre as faixas;Colisão traseira;Com Vítimas Feridas;Pleno dia;Crescente;Céu Claro;Dupla;Reta;Sim;4;0;2;0;1;1;2;4;-7,15840636;-34,85848099;SPRF-PB;DEL01-PB;UOP01-DEL01-PB
722411;20/09/2025;sábado;22:30:00;PA;10;186;IPIXUNA DO PARA;Condutor Dormindo;Saída de leito carroçável;Com Vítimas Feridas;Plena Noite;Decrescente;Céu Claro;Simples;Reta;Não;1;0;0;1;0;0;1;1;-2,794231;-47,451556;SPRF-PA;DEL02-PA;UOP01-DEL02-PA
722412;04/08/2025;segunda-feira;23:50:00;ES;393;0,7;CACHOEIRO DE ITAPEMIRIM;Ingestão de álcool pelo condutor;Colisão frontal;Com Vítimas Feridas;Plena Noite;Crescente;Céu Claro;Simples;Reta;Sim;4;0;2;1;1;0;3;2;-20,9247285;-41,0806888;SPRF-ES;DEL03-ES;UOP02-DEL03-ES
722415;03/10/2025;sexta-feira;07:30:00;MT;364;203;RONDONOPOLIS;Ausência de reação do condutor;Colisão traseira;Com Vítimas Feridas;Pleno dia;Decrescente;Céu Claro;Dupla;Interseção de Vias;Sim;1;0;0;1;0;0;1;1;-16,48641934;-54,64868547;SPRF-MT;DEL02-MT;UOP01-DEL02-MT
722416;03/10/2025;sexta-feira;09:00:00;PE;232;238,8;ARCOVERDE;Acessar a via sem observar a presença dos outros veículos;Colisão transversal;Com Vítimas Fatais;Pleno dia;Crescente;Céu Claro;Simples;Aclive;Não;4;1;1;0;2;0;1;2;-8,417242;-36,945552;SPRF-PE;DEL04-PE;UOP02-DEL04-PE
722417;03/10/2025;sexta-feira;03:20:00;BA;101;583;CAMACAN;Ingestão de álcool pelo condutor;Colisão frontal;Com Vítimas Fatais;Plena Noite;Crescente;Céu Claro;Simples;Reta;Não;3;2;1;0;0;0;1;2;-15,38321;-39,48644;SPRF-BA;DEL05-BA;UOP02-DEL05-BA
722418;03/10/2025;sexta-feira;09:00:00;TO;153;333,6;GUARAI;Reação tardia ou ineficiente do condutor;Colisão traseira;Com Vítimas Feridas;Pleno dia;Decrescente;Céu Claro;Múltipla;"Reta;Interseção de Vias";Sim;2;0;0;1;1;0;1;2;-8,82935446;-48,51185828;SPRF-TO;DEL02-TO;UOP02-DEL02-TO
722420;03/10/2025;sexta-feira;09:30:00;RS;116;256;ESTEIO;Manobra de mudança de faixa;Tombamento;Com Vítimas Feridas;Pleno dia;Crescente;Nublado;Dupla;Reta;Sim;1;0;1;0;0;0;1;1;-29,8469226;-51,1779094;SPRF-RS;DEL01-RS;UOP02-DEL01-RS
722421;03/10/2025;sexta-feira;06:00:00;AC;317;89;SENADOR GUIOMARD;Ausência de reação do condutor;Saída de leito carroçável;Com Vítimas Fatais;Amanhecer;Decrescente;Céu Claro;Simples;Reta;Não;1;1;0;0;0;0;0;1;-10,1544352;-67,7140011;SPRF-AC;DEL01-AC;UOP02-DEL01-AC
722422;03/10/2025;sexta-feira;09:20:00;MA;135;19;SAO LUIS;Reação tardia ou ineficiente do condutor;Colisão traseira;Com Vítimas Feridas;Pleno dia;Decrescente;Sol;Simples;Reta;Não;2;0;1;0;1;0;1;2;-2,56068918;-44,3405086;SPRF-MA;DEL01-MA;UOP01-DEL01-MA
722423;21/09/2025;domingo;09:30:00;RN;304;285,5;MACAIBA;Condutor deixou de manter distância do veículo da frente;Colisão traseira;Com Vítimas Feridas;Pleno dia;Crescente;Sol;Dupla;Reta;Não;3;0;1;0;2;0;1;2;-5,87558929;-35,44324636;SPRF-RN;DEL01-RN;UOP02-DEL01-RN
722428;03/10/2025;sexta-feira;10:20:00;SP;381;34;ATIBAIA;Ausência de reação do condutor;Tombamento;Com Vítimas Feridas;Pleno dia;Decrescente;Céu Claro;Dupla;"Aclive;Curva";Sim;1;0;1;0;0;0;1;1;-23,0751663;-46,56566827;SPRF-SP;DEL03-SP;UOP02-DEL03-SP
722431;03/10/2025;sexta-feira;08:10:00;ES;262;106;VENDA NOVA DO IMIGRANTE;Manobra de mudança de faixa;Colisão lateral mesmo sentido;Com Vítimas Feridas;Pleno dia;Crescente;Nublado;Simples;Reta;Sim;2;0;0;1;1;0;1;2;-20,3269161;-41,1450675;SPRF-ES;DEL01-ES;UOP02-DEL01-ES
722433;03/10/2025;sexta-feira;10:30:00;SE;235;59;ITABAIANA;Acessar a via sem observar a presença dos outros veículos;Colisão transversal;Com Vítimas Feridas;Pleno dia;Crescente;Garoa/Chuvisco;Simples;Curva;Não;3;0;1;0;2;0;1;3;-10,63153671;-37,45743211;SPRF-SE;DEL01-SE;UOP02-DEL01-SE
722434;03/10/2025;sexta-feira;11:00:00;PR;116;44;CAMPINA GRANDE DO SUL;Falta de elemento de contenção que evite a saída do leito carroçável;Saída de leito carroçável;Com Vítimas Feridas;Pleno dia;Crescente;Chuva;Dupla;"Curva;Declive";Não;3;0;2;0;0;1;2;2;-25,19272688;-48,88786666;SPRF-PR;DEL01-PR;UOP02-DEL01-PR
722435;28/09/2025;domingo;03:00:00;PR;277;725;FOZ DO IGUACU;Reação tardia ou ineficiente do condutor;Colisão traseira;Com Vítimas Feridas;Plena Noite;Decrescente;Garoa/Chuvisco;Dupla;Reta;Sim;3;0;0;1;0;2;1;2;-25,50960758;-54,59560587;SPRF-PR;DEL05-PR;UOP03-DEL05-PR
722436;03/10/2025;sexta-feira;12:00:00;PR;116;45;CAMPINA GRANDE DO SUL;Chuva;Capotamento;Com Vítimas Feridas;Pleno dia;Crescente;Chuva;Dupla;Reta;Não;1;0;1;0;0;0;1;1;-25,24933264;-48,90829436;SPRF-PR;DEL01-PR;UOP02-DEL01-PR
722438;03/10/2025;sexta-feira;12:00:00;RN;101;104;PARNAMIRIM;Estacionar ou parar em local proibido;Colisão com objeto;Com Vítimas Feridas;Pleno dia;Crescente;Céu Claro;Dupla;"Aclive;Viaduto;Reta";Sim;2;0;1;0;0;1;1;2;-5,89139975;-35,25479662;SPRF-RN;DEL01-RN;UOP01-DEL01-RN
722439;03/10/2025;sexta-feira;11:15:00;PR;158;509,8;CORONEL VIVIDA;Velocidade Incompatível;Saída de leito carroçável;Com Vítimas Feridas;Pleno dia;Crescente;Chuva;Simples;Reta;Não;1;0;1;0;0;0;1;1;-26,04047803;-52,61186091;SPRF-PR;DEL02-PR;UOP01-DEL02-PR
722440;03/10/2025;sexta-feira;11:05:00;PR;277;83,5;CURITIBA;Ausência de reação do condutor;Colisão traseira;Com Vítimas Feridas;Pleno dia;Crescente;Chuva;Múltipla;Reta;Sim;3;0;1;0;2;0;1;2;-25,447256;-49,230531;SPRF-PR;DEL01-PR;UOP07-DEL01-PR
722441;03/10/2025;sexta-feira;11:15:00;PR;272;403,8;JANIOPOLIS;Ultrapassagem Indevida;Colisão frontal;Com Vítimas Feridas;Pleno dia;Crescente;Chuva;Simples;Reta;Não;4;0;0;1;1;2;1;3;-24,10761486;-52,7299916;SPRF-PR;DEL09-PR;UOP03-DEL09-PR
722442;03/10/2025;sexta-feira;12:15:00;BA;116;423;FEIRA DE SANTANA;Velocidade Incompatível;Atropelamento de Pedestre;Com Vítimas Feridas;Pleno dia;Decrescente;Céu Claro;Simples;Reta;Sim;3;0;3;0;0;0;3;2;-12,232137;-38,97083;SPRF-BA;DEL02-BA;UOP01-DEL02-BA
722450;03/10/2025;sexta-feira;12:30:00;PR;376;161,4;MARINGA;Desrespeitar a preferência no cruzamento;Colisão transversal;Com Vítimas Feridas;Pleno dia;Crescente;Céu Claro;Dupla;Interseção de Vias;Sim;2;0;1;0;1;0;1;2;-23,368216;-52,066461;SPRF-PR;DEL09-PR;UOP02-DEL09-PR
722451;03/10/2025;sexta-feira;11:30:00;PR;369;178,8;ROLANDIA;Reação tardia ou ineficiente do condutor;Saída de leito carroçável;Com Vítimas Feridas;Pleno dia;Crescente;Garoa/Chuvisco;Simples;Declive;Sim;1;0;1;0;0;0;1;1;-23,3583885;-51,39648311;SPRF-PR;DEL07-PR;UOP03-DEL07-PR
722452;03/10/2025;sexta-feira;11:25:00;MA;230;405;BALSAS;Acessar a via sem observar a presença dos outros veículos;Colisão transversal;Com Vítimas Feridas;Pleno dia;Crescente;Céu Claro;Simples;"Reta;Retorno Regulamentado";Sim;2;0;0;1;1;0;1;2;-7,52108436;-46,05106249;SPRF-MA;DEL05-MA;UOP01-DEL05-MA
722453;29/09/2025;segunda-feira;21:10:00;RJ;40;108;DUQUE DE CAXIAS;Manobra de mudança de faixa;Colisão lateral mesmo sentido;Com Vítimas Feridas;Plena Noite;Crescente;Céu Claro;Múltipla;Reta;Sim;4;0;0;2;2;0;2;2;-22,66916214;-43,28554273;SPRF-RJ;DEL01-RJ;UOP02-DEL01-RJ
722455;03/10/2025;sexta-feira;13:20:00;RJ;116;172;SAO JOAO DE MERITI;Ausência de reação do condutor;Colisão traseira;Com Vítimas Feridas;Pleno dia;Crescente;Céu Claro;Múltipla;Reta;Sim;2;0;0;1;1;0;1;2;-22,8009584;-43,35189756;SPRF-RJ;DEL06-RJ;UOP01-DEL06-RJ
722457;03/10/2025;sexta-feira;09:52:00;MS;262;480,2;ANASTACIO;Acostamento em desnível;Saída de leito carroçável;Com Vítimas Feridas;Pleno dia;Crescente;Nublado;Simples;Reta;Não;1;0;0;1;0;0;1;1;-20,50480054;-55,72282188;SPRF-MS;DEL03-MS;UOP01-DEL03-MS
722458;03/10/2025;sexta-feira;09:40:00;RJ;101;321;NITEROI;Manobra de mudança de faixa;Colisão traseira;Com Vítimas Feridas;Pleno dia;Decrescente;Céu Claro;Múltipla;Reta;Não;2;0;1;0;1;0;1;2;-22,87016499;-43,11069489;SPRF-RJ;DEL02-RJ;UOP01-DEL02-RJ
722459;03/10/2025;sexta-feira;11:50:00;PR;153;82,7;CONSELHEIRO MAIRINCK;Desrespeitar a preferência no cruzamento;Colisão transversal;Com Vítimas Fatais;Pleno dia;Decrescente;Céu Claro;Simples;"Interseção de Vias;Rotatória";Não;5;1;1;0;3;0;1;2;-23,62737;-50,14771;SPRF-PR;DEL07-PR;UOP04-DEL07-PR
722460;03/10/2025;sexta-feira;13:30:00;ES;101;266;SERRA;Manobra de mudança de faixa;Colisão lateral mesmo sentido;Com Vítimas Feridas;Pleno dia;Crescente;Sol;Dupla;Reta;Sim;2;0;1;0;1;0;1;2;-20,190199;-40,26828891;SPRF-ES;DEL02-ES;UOP01-DEL02-ES
722461;03/10/2025;sexta-feira;13:00:00;RS;290;48;GLORINHA;Reação tardia ou ineficiente do condutor;Saída de leito carroçável;Com Vítimas Feridas;Pleno dia;Crescente;Garoa/Chuvisco;Dupla;Reta;Não;1;0;0;1;0;0;1;1;-29,89604;-50,732885;SPRF-RS;DEL03-RS;UOP01-DEL03-RS
722462;03/10/2025;sexta-feira;11:00:00;RJ;101;329;NITEROI;Manobra de mudança de faixa;Colisão lateral mesmo sentido;Sem Vítimas;Pleno dia;Decrescente;Céu Claro;Múltipla;Reta;Não;2;0;0;0;1;1;0;2;-22,87143032;-43,16013336;SPRF-RJ;DEL02-RJ;UOP01-DEL02-RJ
722464;03/10/2025;sexta-feira;08:40:00;PI;343;140;PIRACURUCA;Acessar a via sem observar a presença dos outros veículos;Colisão transversal;Sem Vítimas;Pleno dia;Decrescente;Céu Claro;Dupla;Reta;Sim;2;0;0;0;2;0;0;2;-3,91910352;-41,71191126;SPRF-PI;DEL02-PI;UOP01-DEL02-PI
722465;03/10/2025;sexta-feira;12:30:00;BA;324;516;FEIRA DE SANTANA;Ausência de reação do condutor;Colisão frontal;Com Vítimas Feridas;Pleno dia;Crescente;Sol;Simples;Reta;Sim;2;0;1;0;1;0;1;2;-12,241123;-38,93781;SPRF-BA;DEL02-BA;UOP01-DEL02-BA
722466;03/10/2025;sexta-feira;07:45:00;PR;376;332;ORTIGUEIRA;Chuva;Saída de leito carroçável;Com Vítimas Feridas;Pleno dia;Crescente;Chuva;Simples;"Curva;Declive";Não;5;0;1;2;2;0;3;1;-24,11842778;-51,01984262;SPRF-PR;DEL07-PR;UOP02-DEL07-PR
722467;31/05/2025;sábado;18:20:00;GO;251;13;CRISTALINA;Ingestão de álcool pelo condutor;Saída de leito carroçável;Sem Vítimas;Plena Noite;Crescente;Céu Claro;Simples;Reta;Não;1;0;0;0;1;0;0;1;-16,19913;-47,44904;SPRF-DF;DEL01-DF;UOP01-DEL01-DF
722468;03/10/2025;sexta-feira;12:50:00;PR;277;431,9;VIRMOND;Avarias e/ou desgaste excessivo no pneu;Saída de leito carroçável;Com Vítimas Feridas;Pleno dia;Decrescente;Chuva;Simples;"Declive;Curva";Não;2;0;1;0;1;0;1;1;-25,37524;-52,216331;SPRF-PR;DEL04-PR;UOP02-DEL04-PR
722471;03/10/2025;sexta-feira;14:42:00;PI;343;331;TERESINA;Ultrapassagem Indevida;Colisão frontal;Com Vítimas Feridas;Pleno dia;Crescente;Sol;Simples;Reta;Não;3;0;2;1;0;0;3;2;-5,05872;-42,664452;SPRF-PI;DEL01-PI;UOP01-DEL01-PI
722472;03/10/2025;sexta-feira;11:00:00;PR;277;660;MATELANDIA;Chuva;Saída de leito carroçável;Com Vítimas Feridas;Pleno dia;Crescente;Chuva;Dupla;Curva;Não;2;0;2;0;0;0;2;1;-25,25146746;-53,99075858;SPRF-PR;DEL05-PR;UOP02-DEL05-PR
722473;03/10/2025;sexta-feira;14:45:00;SP;101;51;UBATUBA;Acessar a via sem observar a presença dos outros veículos;Colisão transversal;Com Vítimas Feridas;Pleno dia;Decrescente;Nublado;Simples;Reta;Sim;2;0;2;0;0;0;2;2;-23,46034607;-45,06701231;SPRF-SP;DEL06-SP;UOP01-DEL06-SP
722474;22/09/2025;segunda-feira;06:40:00;SC;101;207,9;SAO JOSE;Acumulo de água sobre o pavimento;Colisão transversal;Com Vítimas Feridas;Pleno dia;Decrescente;Chuva;Múltipla;Curva;Sim;5;0;1;0;4;0;1;4;-27,60305;-48,631371;SPRF-SC;DEL01-SC;UOP01-DEL01-SC
722475;03/10/2025;sexta-feira;13:38:00;RO;319;138;PORTO VELHO;Manobra de mudança de faixa;Colisão lateral mesmo sentido;Com Vítimas Feridas;Pleno dia;Decrescente;Céu Claro;Dupla;"Interseção de Vias;Reta";Sim;1;0;0;1;0;0;1;1;-8,74249923;-63,90248791;SPRF-RO;DEL01-RO;UOP01-DEL01-RO