id;data_inversa;dia_semana;horario;uf;br;km;municipio;causa_acidente;tipo_acidente;classificacao_acidente;fase_dia;sentido_via;condicao_metereologica;tipo_pista;tracado_via;uso_solo;pessoas;mortos;feridos_leves;feridos_graves;ilesos;ignorados;feridos;veiculos;latitude;longitude;regional;delegacia;uop
722700;04/10/2025;sábado;11:27:00;MT;364;204;RONDONOPOLIS;Manobra de mudança de faixa;Colisão lateral mesmo sentido;Com Vítimas Feridas;Pleno dia;Crescente;Céu Claro;Dupla;"Reta;Retorno Regulamentado";Sim;7;0;2;0;5;0;2;2;-16,46362277;-54,65875304;SPRF-MT;DEL02-MT;UOP01-DEL02-MT
722701;04/10/2025;sábado;13:30:00;PR;116;37;CAMPINA GRANDE DO SUL;Reação tardia ou ineficiente do condutor;Saída de leito carroçável;Com Vítimas Feridas;Pleno dia;Crescente;Céu Claro;Dupla;Curva;Não;1;0;0;1;0;0;1;1;-25,1519444;-48,8596944;SPRF-PR;DEL01-PR;UOP02-DEL01-PR
722703;04/10/2025;sábado;13:42:00;PB;230;41;SANTA RITA;Pedestre andava na pista;Atropelamento de Pedestre;Com Vítimas Feridas;Pleno dia;Crescente;Céu Claro;Dupla;Curva;Não;3;0;1;0;2;0;1;2;-7,142011;-34,992881;SPRF-PB;DEL01-PB;UOP02-DEL01-PB
722705;04/10/2025;sábado;11:45:00;BA;101;245;CONCEICAO DO ALMEIDA;Demais falhas mecânicas ou elétricas;Saída de leito carroçável;Com Vítimas Feridas;Pleno dia;Crescente;Chuva;Simples;"Declive;Curva";Não;3;0;2;0;0;1;2;2;-12,84613088;-39,20629978;SPRF-BA;DEL01-BA;UOP02-DEL01-BA
722706;04/10/2025;sábado;14:00:00;SC;470;50;BLUMENAU;Ingestão de álcool pelo condutor;Colisão lateral mesmo sentido;Com Vítimas Feridas;Pleno dia;Crescente;Céu Claro;Dupla;Reta;Não;4;0;1;0;2;1;1;3;-26,859665;-49,075672;SPRF-SC;DEL04-SC;UOP01-DEL04-SC
722707;04/10/2025;sábado;14:00:00;SC;282;4,6;SAO JOSE;Trafegar com motocicleta (ou similar) entre as faixas;Colisão traseira;Com Vítimas Feridas;Pleno dia;Crescente;Garoa/Chuvisco;Múltipla;Reta;Sim;2;0;0;1;1;0;1;2;-27,58967;-48,60957;SPRF-SC;DEL01-SC;UOP01-DEL01-SC
722710;04/10/2025;sábado;12:15:00;PE;423;95,2;GARANHUNS;Reação tardia ou ineficiente do condutor;Colisão lateral mesmo sentido;Sem Vítimas;Pleno dia;Decrescente;Sol;Simples;Curva;Sim;3;0;0;0;3;0;0;2;-8,879358;-36,480111;SPRF-PE;DEL03-PE;UOP01-DEL03-PE
722711;04/10/2025;sábado;14:30:00;PB;230;13,9;CABEDELO;Reação tardia ou ineficiente do condutor;Colisão traseira;Com Vítimas Feridas;Pleno dia;Decrescente;Sol;Dupla;Retorno Regulamentado;Sim;2;0;1;0;1;0;1;2;-7,08834721;-34,8485148;SPRF-PB;DEL01-PB;UOP01-DEL01-PB
722712;04/10/2025;sábado;14:45:00;SC;101;339;TUBARAO;Condutor deixou de manter distância do veículo da frente;Colisão traseira;Com Vítimas Feridas;Pleno dia;Crescente;Céu Claro;Dupla;Reta;Sim;2;0;0;1;1;0;1;2;-28,51193521;-49,05042529;SPRF-SC;DEL02-SC;UOP01-DEL02-SC
722713;04/10/2025;sábado;14:10:00;PE;101;45,3;IGARASSU;Reação tardia ou ineficiente do condutor;Saída de leito carroçável;Sem Vítimas;Pleno dia;Decrescente;Céu Claro;Dupla;Reta;Sim;1;0;0;0;1;0;0;1;-7,866469;-34,907093;SPRF-PE;DEL01-PE;UOP02-DEL01-PE
722715;04/10/2025;sábado;14:50:00;SC;470;54,2;BLUMENAU;Ingestão de álcool pelo condutor;Colisão traseira;Sem Vítimas;Pleno dia;Crescente;Nublado;Simples;Reta;Não;2;0;0;0;2;0;0;2;-26,87112461;-49,11074618;SPRF-SC;DEL04-SC;UOP01-DEL04-SC
722716;04/10/2025;sábado;14:00:00;RS;116;402,5;CAMAQUA;Acessar a via sem observar a presença dos outros veículos;Colisão transversal;Com Vítimas Feridas;Pleno dia;Decrescente;Céu Claro;Dupla;"Em Obras;Reta";Não;3;0;0;1;2;0;1;2;-30,8807006;-51,82203175;SPRF-RS;DEL02-RS;UOP02-DEL02-RS
722717;04/10/2025;sábado;14:00:00;PE;232;400;SERRA TALHADA;Velocidade Incompatível;Colisão com objeto;Com Vítimas Feridas;Pleno dia;Crescente;Céu Claro;Simples;Curva;Não;1;0;0;1;0;0;1;1;-8,012605;-38,2315;SPRF-PE;DEL04-PE;UOP01-DEL04-PE
722718;04/10/2025;sábado;14:05:00;RJ;116;282;BARRA MANSA;Condutor Dormindo;Colisão com objeto;Com Vítimas Feridas;Pleno dia;Decrescente;Céu Claro;Dupla;Reta;Sim;1;0;1;0;0;0;1;1;-22,526248;-44,19844;SPRF-RJ;DEL07-RJ;UOP02-DEL07-RJ
722719;04/10/2025;sábado;11:45:00;SC;282;582,2;PINHALZINHO;Desrespeitar a preferência no cruzamento;Colisão transversal;Com Vítimas Feridas;Pleno dia;Crescente;Sol;Simples;Rotatória;Não;2;0;1;0;1;0;1;2;-26,826255;-53,004528;SPRF-SC;DEL07-SC;UOP02-DEL07-SC
722720;04/10/2025;sábado;12:50:00;AP;210;1;MACAPA;Acessar a via sem observar a presença dos outros veículos;Colisão traseira;Com Vítimas Feridas;Pleno dia;Decrescente;Céu Claro;Simples;Reta;Sim;3;0;3;0;0;0;3;2;0,087395;-51,087293;SPRF-AP;DEL01-AP;UOP01-DEL01-AP
722723;04/10/2025;sábado;14:53:00;RN;304;29,9;MOSSORO;Acessar a via sem observar a presença dos outros veículos;Colisão transversal;Com Vítimas Feridas;Pleno dia;Decrescente;Céu Claro;Simples;Reta;Sim;8;0;3;0;5;0;3;3;-5,116303;-37,340895;SPRF-RN;DEL04-RN;UOP02-DEL04-RN
722724;04/10/2025;sábado;12:00:00;MG;40;504,7;ESMERALDAS;Condutor deixou de manter distância do veículo da frente;Colisão lateral mesmo sentido;Com Vítimas Feridas;Pleno dia;Decrescente;Céu Claro;Dupla;"Reta;Declive";Não;2;0;0;1;1;0;1;2;-19,737136;-44,1498543;SPRF-MG;DEL02-MG;UOP01-DEL02-MG
722725;04/10/2025;sábado;15:30:00;PR;116;15;COLOMBO;Avarias e/ou desgaste excessivo no pneu;Colisão traseira;Com Vítimas Feridas;Pleno dia;Crescente;Sol;Dupla;Reta;Sim;2;0;1;0;1;0;1;2;-25,384435;-49,170055;SPRF-PR;DEL01-PR;UOP02-DEL01-PR
722726;04/10/2025;sábado;15:30:00;BA;116;405,9;FEIRA DE SANTANA;Condutor deixou de manter distância do veículo da frente;Tombamento;Com Vítimas Feridas;Pleno dia;Crescente;Garoa/Chuvisco;Dupla;Reta;Sim;3;0;1;0;2;0;1;2;-12,0831724;-38,969412;SPRF-BA;DEL02-BA;UOP01-DEL02-BA
722727;04/10/2025;sábado;16:00:00;SC;101;148;ITAPEMA;Manobra de mudança de faixa;Colisão lateral mesmo sentido;Com Vítimas Feridas;Pleno dia;Crescente;Nublado;Dupla;Reta;Sim;2;0;1;0;1;0;1;2;-27,1069003;-48,61469205;SPRF-SC;DEL04-SC;UOP03-DEL04-SC
722728;04/10/2025;sábado;13:40:00;SC;282;109,7;ALFREDO WAGNER;Velocidade Incompatível;Colisão com objeto;Sem Vítimas;Pleno dia;Decrescente;Chuva;Simples;Curva;Não;1;0;0;0;0;1;0;1;-27,725265;-49,359758;SPRF-SC;DEL01-SC;UOP03-DEL01-SC
722732;04/10/2025;sábado;09:00:00;RJ;101;296;ITABORAI;Condutor deixou de manter distância do veículo da frente;Colisão traseira;Com Vítimas Feridas;Pleno dia;Crescente;Céu Claro;Simples;Reta;Sim;2;0;0;1;1;0;1;2;-22,76724964;-42,91285222;SPRF-RJ;DEL02-RJ;UOP02-DEL02-RJ
722733;04/10/2025;sábado;16:45:00;SC;101;334;TUBARAO;Manobra de mudança de faixa;Colisão lateral mesmo sentido;Com Vítimas Feridas;Anoitecer;Decrescente;Céu Claro;Dupla;"Curva;Viaduto";Sim;4;0;4;0;0;0;4;2;-28,47043611;-49,01893616;SPRF-SC;DEL02-SC;UOP01-DEL02-SC
722734;04/10/2025;sábado;16:28:00;GO;153;560;PROFESSOR JAMIL;Manobra de mudança de faixa;Saída de leito carroçável;Com Vítimas Feridas;Pleno dia;Crescente;Céu Claro;Dupla;Reta;Não;1;0;1;0;0;0;1;1;-17,21571956;-49,22825575;SPRF-GO;DEL03-GO;UOP01-DEL03-GO
722737;04/10/2025;sábado;14:15:00;MS;267;3,1;BATAGUASSU;Demais falhas mecânicas ou elétricas;Incêndio;Sem Vítimas;Pleno dia;Decrescente;Sol;Simples;Declive;Não;2;0;0;0;1;1;0;2;-21,759155;-52,176714;SPRF-MS;DEL02-MS;UOP04-DEL02-MS
722738;04/10/2025;sábado;15:41:00;PE;232;80,3;GRAVATA;Ingestão de álcool pelo condutor;Colisão lateral sentido oposto;Com Vítimas Feridas;Pleno dia;Crescente;Céu Claro;Simples;Reta;Sim;3;0;1;1;0;1;2;2;-8,19643;-35,57688;SPRF-PE;DEL02-PE;UOP02-DEL02PE
722742;05/07/2025;sábado;06:46:00;PA;163;158;ALTAMIRA;Acessar a via sem observar a presença dos outros veículos;Colisão lateral mesmo sentido;Com Vítimas Feridas;Pleno dia;Crescente;Céu Claro;Simples;Reta;Sim;2;0;1;0;1;0;1;2;-8,3186;-55,0997;SPRF-PA;DEL05-PA;UOP03-DEL05-PA
722743;04/10/2025;sábado;15:35:00;RS;392;347;SANTA MARIA;Acessar a via sem observar a presença dos outros veículos;Colisão transversal;Com Vítimas Feridas;Pleno dia;Decrescente;Céu Claro;Simples;Reta;Não;2;0;1;0;1;0;1;2;-29,7607;-53,787037;SPRF-RS;DEL09-RS;UOP01-DEL09-RS
722744;04/10/2025;sábado;14:30:00;RJ;116;148;DUQUE DE CAXIAS;Transitar na contramão;Colisão frontal;Com Vítimas Feridas;Pleno dia;Decrescente;Céu Claro;Múltipla;Reta;Sim;2;0;1;0;1;0;1;2;-22,671133;-43,27734;SPRF-RJ;DEL01-RJ;UOP02-DEL01-RJ
722745;04/10/2025;sábado;16:30:00;RJ;101;394;RIO DE JANEIRO;Ausência de reação do condutor;Eventos atípicos;Com Vítimas Feridas;Pleno dia;Crescente;Céu Claro;Dupla;Reta;Não;1;0;1;0;0;0;1;1;-22,885753;-43,71299;SPRF-RJ;DEL03-RJ;UOP01-DEL03-RJ
722746;04/10/2025;sábado;16:30:00;PR;376;1,3;APUCARANA;Estacionar ou parar em local proibido;Colisão traseira;Com Vítimas Feridas;Pleno dia;Crescente;Céu Claro;Simples;"Reta;Interseção de Vias;Declive";Sim;3;0;1;1;1;0;2;2;-23,57165758;-51,42780662;SPRF-PR;DEL07-PR;UOP03-DEL07-PR
722747;04/10/2025;sábado;18:00:00;RN;226;13,5;MACAIBA;Transitar na contramão;Colisão lateral sentido oposto;Com Vítimas Feridas;Plena Noite;Decrescente;Céu Claro;Simples;Reta;Não;2;0;1;0;1;0;1;2;-5,852788;-35,324863;SPRF-RN;DEL01-RN;UOP02-DEL01-RN
722748;04/10/2025;sábado;15:00:00;MG;116;638,2;DIVINO;Velocidade Incompatível;Tombamento;Com Vítimas Fatais;Pleno dia;Decrescente;Céu Claro;Simples;Curva;Não;2;2;0;0;0;0;0;1;-20,64101738;-42,24457741;SPRF-MG;DEL07-MG;UOP02-DEL07-MG
722752;04/10/2025;sábado;18:20:00;SP;116;223;GUARULHOS;Demais falhas mecânicas ou elétricas;Incêndio;Sem Vítimas;Plena Noite;Crescente;Céu Claro;Múltipla;Reta;Sim;1;0;0;0;1;0;0;1;-23,481377;-46,534025;SPRF-SP;DEL01-SP;UOP01-DEL01-SP
722753;04/10/2025;sábado;15:00:00;MG;381;216,8;BELO ORIENTE;Reação tardia ou ineficiente do condutor;Tombamento;Com Vítimas Feridas;Pleno dia;Decrescente;Céu Claro;Simples;"Aclive;Curva";Não;1;0;0;1;0;0;1;1;-19,29361;-42,356037;SPRF-MG;DEL06-MG;UOP01-DEL06-MG
722754;04/10/2025;sábado;18:00:00;SE;235;57;ITABAIANA;Acessar a via sem observar a presença dos outros veículos;Colisão transversal;Com Vítimas Feridas;Plena Noite;Crescente;Céu Claro;Simples;Reta;Sim;2;0;2;0;0;0;2;2;-10,65224095;-37,45051;SPRF-SE;DEL01-SE;UOP02-DEL01-SE
722755;04/10/2025;sábado;17:40:00;SE;235;52;ITABAIANA;Acesso irregular;Colisão transversal;Com Vítimas Feridas;Plena Noite;Crescente;Céu Claro;Simples;"Curva;Declive";Não;2;0;1;0;1;0;1;2;-10,6936653;-37,43775694;SPRF-SE;DEL01-SE;UOP02-DEL01-SE
722756;04/10/2025;sábado;17:50:00;GO;60;55;ABADIANIA;Ingestão de álcool pelo condutor;Colisão com objeto;Com Vítimas Feridas;Pleno dia;Decrescente;Céu Claro;Dupla;Reta;Não;1;0;1;0;0;0;1;1;-16,18663144;-48,66167575;SPRF-GO;DEL02-GO;UOP01-DEL02-GO
722758;04/10/2025;sábado;18:44:00;MG;381;495;BETIM;Condutor deixou de manter distância do veículo da frente;Colisão lateral mesmo sentido;Com Vítimas Feridas;Plena Noite;Decrescente;Céu Claro;Dupla;"Reta;Viaduto";Sim;2;0;1;0;0;1;1;2;-19,9965656;-44,209044;SPRF-MG;DEL01-MG;UOP03-DEL01-MG
722759;04/10/2025;sábado;18:15:00;MG;262;351;BETIM;Demais falhas mecânicas ou elétricas;Incêndio;Sem Vítimas;Plena Noite;Crescente;Céu Claro;Dupla;"Reta;Aclive";Não;2;0;0;0;2;0;0;1;-19,981958;-44,230822;SPRF-MG;DEL01-MG;UOP03-DEL01-MG
722760;04/10/2025;sábado;17:50:00;DF;251;30,5;BRASILIA;Conversão proibida;Colisão transversal;Sem Vítimas;Anoitecer;Decrescente;Céu Claro;Simples;Reta;Sim;3;0;0;0;3;0;0;2;-15,94113453;-47,7373758;SPRF-DF;DEL01-DF;UOP01-DEL01-DF
722761;04/10/2025;sábado;18:40:00;MA;135;14;SAO LUIS;Afundamento ou ondulação no pavimento;Tombamento;Com Vítimas Feridas;Plena Noite;Decrescente;Céu Claro;Dupla;Reta;Sim;1;0;1;0;0;0;1;1;-2,687982;-44,299453;SPRF-MA;DEL01-MA;UOP01-DEL01-MA
722762;04/10/2025;sábado;17:30:00;MT;163;814;SINOP;Ausência de reação do condutor;Engavetamento;Com Vítimas Feridas;Pleno dia;Crescente;Céu Claro;Simples;Reta;Não;7;0;2;1;4;0;3;4;-12,04257135;-55,51737204;SPRF-MT;DEL06-MT;UOP02-DEL06-MT
722763;04/10/2025;sábado;18:22:00;PR;376;182;MARINGA;Reação tardia ou ineficiente do condutor;Colisão transversal;Com Vítimas Feridas;Anoitecer;Crescente;Céu Claro;Dupla;Rotatória;Sim;2;0;0;1;1;0;1;2;-23,431337;-51,887709;SPRF-PR;DEL09-PR;UOP01-DEL09-PR
722764;04/10/2025;sábado;18:50:00;RJ;101;484;ANGRA DOS REIS;Acessar a via sem observar a presença dos outros veículos;Colisão lateral mesmo sentido;Sem Vítimas;Plena Noite;Crescente;Céu Claro;Simples;Interseção de Vias;Não;2;0;0;0;2;0;0;2;-22,99183005;-44,30457146;SPRF-RJ;DEL03-RJ;UOP03-DEL03-RJ
722765;04/10/2025;sábado;19:00:00;SC;101;242;PALHOCA;Condutor deixou de manter distância do veículo da frente;Colisão traseira;Sem Vítimas;Plena Noite;Crescente;Nublado;Múltipla;Reta;Não;2;0;0;0;2;0;0;2;-27,88113971;-48,64728324;SPRF-SC;DEL01-SC;UOP02-DEL01-SC
722766;04/10/2025;sábado;18:35:00;MG;262;38;MANHUACU;Pedestre cruzava a pista fora da faixa;Atropelamento de Pedestre;Com Vítimas Feridas;Plena Noite;Crescente;Céu Claro;Simples;Reta;Sim;2;0;2;0;0;0;2;2;-20,25933195;-42,03091622;SPRF-MG;DEL06-MG;UOP03-DEL06-MG
722767;04/10/2025;sábado;18:40:00;GO;70;9,5;AGUAS LINDAS DE GOIAS;Ausência de reação do condutor;Colisão traseira;Com Vítimas Feridas;Anoitecer;Crescente;Céu Claro;Dupla;Retorno Regulamentado;Sim;2;0;1;0;1;0;1;2;-15,736747;-48,2879;SPRF-DF;DEL03-DF;UOP02-DEL03-DF
722768;04/10/2025;sábado;18:00:00;SC;153;111;CONCORDIA;Ultrapassagem Indevida;Colisão frontal;Com Vítimas Feridas;Anoitecer;Crescente;Nublado;Simples;Curva;Não;3;0;2;1;0;0;3;2;-27,33431549;-51,97601192;SPRF-SC;DEL07-SC;UOP04-DEL07-SC
722769;04/10/2025;sábado;18:45:00;RS;290;92;PORTO ALEGRE;Acumulo de água sobre o pavimento;Colisão com objeto;Com Vítimas Feridas;Plena Noite;Decrescente;Chuva;Dupla;Curva;Não;2;0;1;0;1;0;1;1;-29,97209707;-51,18077014;SPRF-RS;DEL01-RS;UOP01-DEL01-RS
722770;04/10/2025;sábado;18:27:00;MS;463;4;DOURADOS;Desrespeitar a preferência no cruzamento;Colisão transversal;Com Vítimas Feridas;Plena Noite;Crescente;Céu Claro;Dupla;"Reta;Declive";Sim;4;0;3;0;1;0;3;2;-22,259408;-54,84177087;SPRF-MS;DEL04-MS;UOP01-DEL04-MS
722771;04/10/2025;sábado;18:50:00;SC;101;117;ITAJAI;Acessar a via sem observar a presença dos outros veículos;Colisão transversal;Com Vítimas Feridas;Plena Noite;Crescente;Céu Claro;Dupla;"Interseção de Vias;Rotatória";Sim;3;0;0;2;1;0;2;2;-26,89036497;-48,72155786;SPRF-SC;DEL04-SC;UOP04-DEL04-SC
722773;04/10/2025;sábado;17:30:00;PR;272;390,9;FAROL;Ingestão de álcool pelo condutor;Queda de ocupante de veículo;Com Vítimas Feridas;Pleno dia;Crescente;Céu Claro;Simples;Reta;Não;1;0;0;1;0;0;1;1;-24,084977;-52,614331;SPRF-PR;DEL09-PR;UOP03-DEL09-PR
722774;04/10/2025;sábado;18:35:00;GO;60;31,8;ALEXANIA;Reação tardia ou ineficiente do condutor;Colisão lateral mesmo sentido;Com Vítimas Feridas;Anoitecer;Crescente;Céu Claro;Dupla;"Retorno Regulamentado;Reta";Sim;2;0;1;0;0;1;1;2;-16,089124;-48,508333;SPRF-DF;DEL03-DF;UOP01-DEL03-DF
722776;04/10/2025;sábado;18:50:00;RO;319;143;PORTO VELHO;Acessar a via sem observar a presença dos outros veículos;Atropelamento de Pedestre;Com Vítimas Feridas;Plena Noite;Crescente;Céu Claro;Dupla;"Reta;Interseção de Vias";Não;2;0;1;0;1;0;1;2;-8,76503786;-63,88476849;SPRF-RO;DEL01-RO;UOP01-DEL01-RO
722777;04/10/2025;sábado;18:30:00;ES;101;147;LINHARES;Reação tardia ou ineficiente do condutor;Colisão com objeto;Sem Vítimas;Plena Noite;Crescente;Garoa/Chuvisco;Dupla;Reta;Sim;1;0;0;0;0;1;0;1;-19,38336;-40,067229;SPRF-ES;DEL04-ES;UOP01-DEL04-ES
722778;04/10/2025;sábado;19:06:00;MS;163;260;DOURADOS;Pedestre cruzava a pista fora da faixa;Atropelamento de Pedestre;Com Vítimas Feridas;Plena Noite;Crescente;Céu Claro;Dupla;Reta;Sim;2;0;0;1;1;0;1;2;-22,25295479;-54,77689561;SPRF-MS;DEL04-MS;UOP01-DEL04-MS
722779;04/10/2025;sábado;19:30:00;SP;116;281;EMBU DAS ARTES;Ingestão de álcool pelo condutor;Colisão lateral mesmo sentido;Sem Vítimas;Plena Noite;Decrescente;Nublado;Dupla;Reta;Sim;5;0;0;0;5;0;0;2;-23,6688076;-46,85574644;SPRF-SP;DEL04-SP;UOP01-DEL04-SP
722782;04/10/2025;sábado;18:40:00;SC;101;214;PALHOCA;Reação tardia ou ineficiente do condutor;Queda de ocupante de veículo;Com Vítimas Feridas;Plena Noite;Crescente;Nublado;Múltipla;Reta;Sim;1;0;1;0;0;0;1;1;-27,647778;-48,673333;SPRF-SC;DEL01-SC;UOP02-DEL01-SC
722783;04/10/2025;sábado;20:00:00;ES;101;257;SERRA;Manobra de mudança de faixa;Colisão lateral mesmo sentido;Com Vítimas Feridas;Plena Noite;Crescente;Céu Claro;Simples;Reta;Não;2;0;1;0;0;1;1;2;-20,12292536;-40,30531168;SPRF-ES;DEL02-ES;UOP01-DEL02-ES
722784;04/10/2025;sábado;20:20:00;MG;40;560;NOVA LIMA;Ingestão de álcool pelo condutor;Colisão lateral mesmo sentido;Com Vítimas Feridas;Plena Noite;Decrescente;Céu Claro;Dupla;Reta;Não;4;0;2;0;2;0;2;2;-20,12686589;-43,96591187;SPRF-MG;DEL01-MG;UOP02-DEL01-MG
722785;04/10/2025;sábado;20:30:00;ES;101;237;SERRA;Conversão proibida;Colisão frontal;Com Vítimas Feridas;Plena Noite;Crescente;Chuva;Dupla;Reta;Não;4;0;1;0;3;0;1;2;-20,0441856;-40,3898368;SPRF-ES;DEL02-ES;UOP01-DEL02-ES
722786;04/10/2025;sábado;19:50:00;GO;70;2;AGUAS LINDAS DE GOIAS;Ausência de reação do condutor;Queda de ocupante de veículo;Com Vítimas Feridas;Plena Noite;Crescente;Céu Claro;Dupla;Reta;Não;1;0;1;0;0;0;1;1;-15,77047548;-48,22998047;SPRF-DF;DEL03-DF;UOP02-DEL03-DF
722787;04/10/2025;sábado;17:40:00;SC;101;90;BARRA VELHA;Ausência de reação do condutor;Saída de leito carroçável;Sem Vítimas;Pleno dia;Decrescente;Céu Claro;Dupla;"Reta;Interseção de Vias";Sim;1;0;0;0;1;0;0;1;-26,67171513;-48,68951194;SPRF-SC;DEL03-SC;UOP02-DEL03-SC
722788;04/10/2025;sábado;19:10:00;AL;316;156;PALMEIRA DOS INDIOS;Acessar a via sem observar a presença dos outros veículos;Colisão transversal;Com Vítimas Feridas;Plena Noite;Decrescente;Céu Claro;Simples;"Interseção de Vias;Rotatória";Não;2;0;1;0;0;1;1;2;-9,421067;-36,623873;SPRF-AL;DEL03-AL;UOP01-DEL03-AL
722790;04/10/2025;sábado;13:35:00;BA;101;656;ITAPEBI;Reação tardia ou ineficiente do condutor;Atropelamento de Pedestre;Com Vítimas Feridas;Pleno dia;Crescente;Sol;Simples;Reta;Sim;2;0;2;0;0;0;2;2;-15,90813;-39,560651;SPRF-BA;DEL05-BA;UOP02-DEL05-BA
722791;04/10/2025;sábado;20:18:00;SC;470;54,4;BLUMENAU;Acessar a via sem observar a presença dos outros veículos;Colisão transversal;Sem Vítimas;Plena Noite;Crescente;Céu Claro;Dupla;Interseção de Vias;Sim;2;0;0;0;2;0;0;2;-26,87326557;-49,11420584;SPRF-SC;DEL04-SC;UOP01-DEL04-SC
722792;04/10/2025;sábado;20:30:00;PR;272;366;CAMPO MOURAO;Manobra de mudança de faixa;Colisão traseira;Com Vítimas Feridas;Plena Noite;Crescente;Céu Claro;Dupla;Reta;Sim;2;0;0;1;0;1;1;2;-24,04935874;-52,3992583;SPRF-PR;DEL09-PR;UOP03-DEL09-PR
722793;04/10/2025;sábado;18:40:00;RJ;101;484;ANGRA DOS REIS;Reação tardia ou ineficiente do condutor;Colisão transversal;Com Vítimas Feridas;Plena Noite;Crescente;Nublado;Simples;Curva;Não;5;0;1;0;4;0;1;2;-22,99174;-44,3046;SPRF-RJ;DEL03-RJ;UOP03-DEL03-RJ
722794;04/10/2025;sábado;20:00:00;ES;101;5,5;SERRA;Chuva;Colisão lateral mesmo sentido;Sem Vítimas;Plena Noite;Crescente;Chuva;Dupla;Reta;Não;2;0;0;0;2;0;0;2;-20,18950877;-40,33862753;SPRF-ES;DEL02-ES;UOP01-DEL02-ES
722796;04/10/2025;sábado;20:30:00;RS;392;104;MORRO REDONDO;Ausência de reação do condutor;Saída de leito carroçável;Com Vítimas Feridas;Plena Noite;Crescente;Nublado;Simples;Curva;Não;2;0;2;0;0;0;2;1;-31,5502265;-52,5603765;SPRF-RS;DEL07-RS;UOP01-DEL07-RS
722797;04/10/2025;sábado;20:40:00;SC;470;68;INDAIAL;Ausência de reação do condutor;Queda de ocupante de veículo;Com Vítimas Feridas;Plena Noite;Crescente;Nublado;Dupla;Reta;Sim;1;0;0;1;0;0;1;1;-26,87783025;-49,23969126;SPRF-SC;DEL04-SC;UOP01-DEL04-SC
722799;04/10/2025;sábado;18:30:00;BA;324;580;CANDEIAS;Reação tardia ou ineficiente do condutor;Queda de ocupante de veículo;Com Vítimas Feridas;Plena Noite;Crescente;Nublado;Dupla;Reta;Não;1;0;1;0;0;0;1;1;-12,605752;-38,49774;SPRF-BA;DEL01-BA;UOP01-DEL01-BA
722800;04/10/2025;sábado;20:20:00;PR;376;10;MARINGA;Ingestão de álcool pelo condutor;Colisão com objeto;Com Vítimas Feridas;Plena Noite;Crescente;Céu Claro;Dupla;Reta;Sim;1;0;0;1;0;0;1;1;-23,38216167;-51,909255;SPRF-PR;DEL09-PR;UOP01-DEL09-PR
722802;04/10/2025;sábado;18:40:00;RJ;101;507;ANGRA DOS REIS;Deficiência do Sistema de Iluminação/Sinalização;Colisão transversal;Com Vítimas Feridas;Plena Noite;Crescente;Nublado;Simples;Reta;Sim;3;0;2;0;1;0;2;2;-22,9397405;-44,41841125;SPRF-RJ;DEL03-RJ;UOP03-DEL03-RJ
722803;04/10/2025;sábado;21:00:00;PR;163;12,8;BARRACAO;Transitar na contramão;Colisão frontal;Com Vítimas Fatais;Plena Noite;Crescente;Céu Claro;Simples;Curva;Não;3;1;0;1;1;0;1;2;-26,21860472;-53,6378932;SPRF-PR;DEL02-PR;UOP02-DEL02-PR
722804;04/10/2025;sábado;19:40:00;RJ;116;129;MAGE;Avarias e/ou desgaste excessivo no pneu;Tombamento;Com Vítimas Feridas;Plena Noite;Decrescente;Céu Claro;Dupla;Reta;Não;2;0;1;0;1;0;1;1;-22,65278;-43,04083;SPRF-RJ;DEL04-RJ;UOP02-DEL04-RJ
722805;04/10/2025;sábado;21:40:00;SE;235;54;ITABAIANA;Ingestão de álcool pelo condutor;Queda de ocupante de veículo;Com Vítimas Feridas;Plena Noite;Crescente;Garoa/Chuvisco;Simples;Reta;Não;1;0;0;1;0;0;1;1;-10,67290688;-37,44410455;SPRF-SE;DEL01-SE;UOP02-DEL01-SE
722807;04/10/2025;sábado;21:30:00;RS;386;383,5;TABAI;Pedestre andava na pista;Atropelamento de Pedestre;Com Vítimas Fatais;Plena Noite;Crescente;Nublado;Simples;Reta;Não;4;1;0;0;3;0;0;2;-29,674;-51,732;SPRF-RS;DEL04-RS;UOP01-DEL04-RS
722808;04/10/2025;sábado;21:15:00;PA;316;71;CASTANHAL;Acessar a via sem observar a presença dos outros veículos;Colisão transversal;Com Vítimas Feridas;Plena Noite;Decrescente;Céu Claro;Simples;Reta;Não;5;0;1;0;4;0;1;2;-1,289797;-47,851612;SPRF-PA;DEL01-PA;UOP01-DEL01-PA
722810;04/10/2025;sábado;21:00:00;PE;424;101,8;BREJAO;Acessar a via sem observar a presença dos outros veículos;Colisão transversal;Com Vítimas Feridas;Plena Noite;Decrescente;Céu Claro;Simples;"Reta;Interseção de Vias";Não;7;0;2;0;5;0;2;2;-8,972165;-36,521598;SPRF-PE;DEL03-PE;UOP01-DEL03-PE
722811;04/10/2025;sábado;21:50:00;ES;101;139;LINHARES;Ingestão de álcool pelo condutor;Queda de ocupante de veículo;Com Vítimas Feridas;Plena Noite;Decrescente;Céu Claro;Simples;Reta;Não;2;0;2;0;0;0;2;1;-19,31863;-40,07529;SPRF-ES;DEL04-ES;UOP01-DEL04-ES