id;data_inversa;dia_semana;horario;uf;br;km;municipio;causa_acidente;tipo_acidente;classificacao_acidente;fase_dia;sentido_via;condicao_metereologica;tipo_pista;tracado_via;uso_solo;pessoas;mortos;feridos_leves;feridos_graves;ilesos;ignorados;feridos;veiculos;latitude;longitude;regional;delegacia;uop
722813;04/10/2025;sábado;19:00:00;RJ;116;144;DUQUE DE CAXIAS;Manobra de mudança de faixa;Tombamento;Com Vítimas Feridas;Plena Noite;Decrescente;Céu Claro;Dupla;Reta;Sim;1;0;1;0;0;0;1;1;-22,6564933;-43,24567866;SPRF-RJ;DEL01-RJ;UOP02-DEL01-RJ
722814;04/10/2025;sábado;20:50:00;SE;101;71;MARUIM;Chuva;Queda de ocupante de veículo;Com Vítimas Feridas;Plena Noite;Decrescente;Chuva;Dupla;Reta;Não;2;0;2;0;0;0;2;1;-10,73618027;-37,08810417;SPRF-SE;DEL01-SE;UOP01-DEL01-SE
722818;04/10/2025;sábado;22:10:00;SC;470;51,5;BLUMENAU;Ingestão de álcool pelo condutor;Colisão lateral mesmo sentido;Sem Vítimas;Plena Noite;Crescente;Céu Claro;Simples;Reta;Não;2;0;0;0;2;0;0;2;-26,8627472;-49,08869171;SPRF-SC;DEL04-SC;UOP01-DEL04-SC
722819;04/10/2025;sábado;20:40:00;RS;392;341;SANTA MARIA;Reação tardia ou ineficiente do condutor;Colisão com objeto;Sem Vítimas;Plena Noite;Crescente;Céu Claro;Simples;Reta;Não;1;0;0;0;0;1;0;1;-29,807289;-53,7748971;SPRF-RS;DEL09-RS;UOP01-DEL09-RS
722820;04/10/2025;sábado;21:30:00;MG;459;15,1;CALDAS;Condutor Dormindo;Colisão transversal;Sem Vítimas;Plena Noite;Crescente;Céu Claro;Simples;Reta;Sim;2;0;0;0;2;0;0;2;-21,829355;-46,449095;SPRF-MG;DEL09-MG;UOP01-DEL09-MG
722821;04/10/2025;sábado;18:00:00;RS;116;157,5;CAXIAS DO SUL;Ultrapassagem Indevida;Colisão frontal;Com Vítimas Feridas;Anoitecer;Crescente;Chuva;Simples;Reta;Não;6;0;3;1;1;1;4;3;-29,21976;-51,17252;SPRF-RS;DEL05-RS;UOP01-DEL05-RS
722822;04/10/2025;sábado;18:20:00;AC;317;62;RIO BRANCO;Ausência de reação do condutor;Atropelamento de Pedestre;Com Vítimas Feridas;Plena Noite;Crescente;Céu Claro;Simples;Reta;Não;2;0;1;1;0;0;2;2;-10,02523045;-67,53115654;SPRF-AC;DEL01-AC;UOP01-DEL01-AC
722823;04/10/2025;sábado;21:30:00;RS;116;426;CRISTAL;Ausência de reação do condutor;Tombamento;Com Vítimas Feridas;Plena Noite;Crescente;Céu Claro;Simples;"Em Obras;Reta";Não;1;0;0;1;0;0;1;1;-30,99062073;-52,03914642;SPRF-RS;DEL02-RS;UOP02-DEL02-RS
722824;04/10/2025;sábado;21:42:00;PR;153;18,5;JACAREZINHO;Condutor usando celular;Colisão lateral mesmo sentido;Com Vítimas Feridas;Plena Noite;Crescente;Céu Claro;Simples;"Declive;Reta";Sim;2;0;0;1;1;0;1;2;-23,15011136;-49,95410291;SPRF-PR;DEL07-PR;UOP04-DEL07-PR
722825;04/10/2025;sábado;22:20:00;SC;101;112,9;ITAJAI;Condutor deixou de manter distância do veículo da frente;Colisão traseira;Com Vítimas Feridas;Plena Noite;Crescente;Nublado;Múltipla;Reta;Sim;3;0;2;0;0;1;2;2;-26,85223;-48,72664;SPRF-SC;DEL04-SC;UOP04-DEL04-SC
722827;09/06/2025;segunda-feira;18:30:00;ES;101;296;CARIACICA;Acessar a via sem observar a presença dos outros veículos;Colisão lateral mesmo sentido;Com Vítimas Feridas;Plena Noite;Crescente;Chuva;Múltipla;"Interseção de Vias;Declive;Viaduto";Sim;2;0;0;1;1;0;1;2;-20,34350734;-40,40700523;SPRF-ES;DEL01-ES;UOP01-DEL01-ES
722828;04/10/2025;sábado;22:30:00;PR;369;157,2;LONDRINA;Avarias e/ou desgaste excessivo no pneu;Tombamento;Com Vítimas Feridas;Plena Noite;Crescente;Céu Claro;Dupla;Reta;Sim;2;0;1;0;1;0;1;1;-23,28610592;-51,22918801;SPRF-PR;DEL07-PR;UOP01-DEL07-PR
722829;04/10/2025;sábado;21:00:00;RS;386;438;NOVA SANTA RITA;Acumulo de água sobre o pavimento;Tombamento;Com Vítimas Feridas;Plena Noite;Decrescente;Nublado;Dupla;Reta;Sim;2;0;2;0;0;0;2;1;-29,84642124;-51,27363123;SPRF-RS;DEL04-RS;UOP02-DEL04-RS
722830;04/10/2025;sábado;21:10:00;RN;304;289;MACAIBA;Mal súbito do condutor;Saída de leito carroçável;Com Vítimas Feridas;Plena Noite;Decrescente;Céu Claro;Dupla;"Retorno Regulamentado;Reta";Não;1;0;0;1;0;0;1;1;-5,867942;-35,416953;SPRF-RN;DEL01-RN;UOP02-DEL01-RN
722831;04/10/2025;sábado;20:30:00;ES;262;1;CARIACICA;Ingestão de álcool pelo condutor;Colisão com objeto;Sem Vítimas;Plena Noite;Crescente;Céu Claro;Dupla;"Declive;Reta;Ponte";Sim;1;0;0;0;1;0;0;1;-20,33093984;-40,35488455;SPRF-ES;DEL01-ES;UOP01-DEL01-ES
722835;04/10/2025;sábado;17:29:00;MS;158;139,9;APARECIDA DO TABOADO;Ausência de reação do condutor;Colisão com objeto;Com Vítimas Feridas;Plena Noite;Crescente;Ignorado;Simples;Reta;Não;2;0;2;0;0;0;2;1;-20,028801;-51,115982;SPRF-MS;DEL08-MS;UOP01-DEL08-MS
722836;04/10/2025;sábado;19:50:00;MG;116;528,8;CARATINGA;Conversão proibida;Colisão transversal;Com Vítimas Feridas;Plena Noite;Crescente;Céu Claro;Simples;Reta;Sim;2;0;0;1;1;0;1;2;-19,80416787;-42,13578701;SPRF-MG;DEL06-MG;UOP02-DEL06-MG
722837;04/10/2025;sábado;23:15:00;MG;40;638,5;CONSELHEIRO LAFAIETE;Reação tardia ou ineficiente do condutor;Saída de leito carroçável;Com Vítimas Feridas;Plena Noite;Decrescente;Nublado;Simples;Reta;Não;1;0;0;1;0;0;1;1;-20,73334339;-43,7995207;SPRF-MG;DEL05-MG;UOP02-DEL05-MG
722838;04/10/2025;sábado;23:00:00;RJ;465;21;NOVA IGUACU;Ausência de reação do condutor;Colisão traseira;Com Vítimas Feridas;Plena Noite;Crescente;Céu Claro;Simples;Reta;Sim;2;0;1;0;1;0;1;2;-22,85064297;-43,60233307;SPRF-RJ;DEL06-RJ;UOP02-DEL06-RJ
722839;04/10/2025;sábado;19:00:00;MT;163;1038;MATUPA;Ausência de reação do condutor;Colisão frontal;Sem Vítimas;Plena Noite;Crescente;Céu Claro;Simples;Reta;Não;1;0;0;0;1;0;0;1;-10,184717;-54,945358;SPRF-MT;DEL06-MT;UOP03-DEL06-MT
722840;04/10/2025;sábado;21:40:00;PI;230;306,6;FLORIANO;Ausência de reação do condutor;Colisão com objeto;Com Vítimas Feridas;Plena Noite;Decrescente;Céu Claro;Simples;Reta;Sim;1;0;0;1;0;0;1;1;-6,78711712;-42,99335039;SPRF-PI;DEL03-PI;UOP01-DEL03-PI
722841;04/10/2025;sábado;19:30:00;PA;308;206;BRAGANCA;Ausência de reação do condutor;Colisão frontal;Com Vítimas Fatais;Plena Noite;Crescente;Ignorado;Simples;"Interseção de Vias;Reta";Não;2;1;0;0;0;1;0;2;-1,061272;-46,740518;SPRF-PA;DEL01-PA;UOP03-DEL01-PA
722842;04/10/2025;sábado;23:16:00;PR;376;178,6;MARINGA;Retorno proibido;Colisão transversal;Com Vítimas Feridas;Plena Noite;Crescente;Céu Claro;Dupla;Reta;Sim;2;0;1;0;1;0;1;2;-23,418297;-51,916116;SPRF-PR;DEL09-PR;UOP01-DEL09-PR
722843;04/10/2025;sábado;23:20:00;SC;101;41;JOINVILLE;Desrespeitar a preferência no cruzamento;Colisão transversal;Com Vítimas Feridas;Plena Noite;Crescente;Garoa/Chuvisco;Dupla;"Interseção de Vias;Declive;Reta;Viaduto";Não;4;0;2;0;2;0;2;2;-26,318526;-48,872066;SPRF-SC;DEL03-SC;UOP01-DEL03-SC
722844;04/10/2025;sábado;21:50:00;PE;232;118;CARUARU;Transitar no Acostamento;Queda de ocupante de veículo;Com Vítimas Feridas;Plena Noite;Decrescente;Céu Claro;Dupla;Reta;Não;1;0;0;1;0;0;1;1;-8,2956;-35,875073;SPRF-PE;DEL02-PE;UOP03-DEL02-PE
722845;04/10/2025;sábado;23:50:00;RS;116;627;ARROIO GRANDE;Ausência de reação do condutor;Capotamento;Com Vítimas Feridas;Plena Noite;Decrescente;Céu Claro;Simples;Reta;Não;1;0;1;0;0;0;1;1;-32,35882952;-53,17728281;SPRF-RS;DEL07-RS;UOP03-DEL07-RS
722846;04/10/2025;sábado;23:00:00;SC;101;436;SOMBRIO;Desrespeitar a preferência no cruzamento;Colisão transversal;Com Vítimas Feridas;Plena Noite;Crescente;Ignorado;Múltipla;"Interseção de Vias;Reta";Sim;2;0;1;0;1;0;1;2;-29,11431;-49,639932;SPRF-SC;DEL02-SC;UOP02-DEL02-SC
722847;05/10/2025;domingo;00:20:00;RS;116;268,3;CANOAS;Velocidade Incompatível;Colisão traseira;Com Vítimas Fatais;Plena Noite;Decrescente;Nublado;Dupla;Reta;Sim;8;1;1;1;0;5;2;4;-29,93502827;-51,17717791;SPRF-RS;DEL01-RS;UOP01-DEL01-RS
722849;05/10/2025;domingo;00:15:00;SP;116;275;EMBU DAS ARTES;Velocidade Incompatível;Saída de leito carroçável;Sem Vítimas;Plena Noite;Decrescente;Céu Claro;Dupla;Reta;Não;1;0;0;0;0;1;0;1;-23,622567;-46,813937;SPRF-SP;DEL04-SP;UOP01-DEL04-SP
722851;04/10/2025;sábado;23:50:00;RJ;116;201;QUEIMADOS;Deficiência do Sistema de Iluminação/Sinalização;Colisão traseira;Com Vítimas Fatais;Plena Noite;Crescente;Nublado;Dupla;Curva;Não;2;1;0;0;1;0;0;2;-22,73147808;-43,60040758;SPRF-RJ;DEL06-RJ;UOP02-DEL06-RJ
722852;05/10/2025;domingo;00:30:00;RJ;116;174;SAO JOAO DE MERITI;Reação tardia ou ineficiente do condutor;Colisão traseira;Com Vítimas Feridas;Plena Noite;Crescente;Céu Claro;Múltipla;Reta;Sim;4;0;2;0;2;0;2;2;-22,7873439;-43,37534142;SPRF-RJ;DEL06-RJ;UOP01-DEL06-RJ
722853;05/10/2025;domingo;00:30:00;PR;476;117,5;COLOMBO;Ingestão de álcool pelo condutor;Colisão traseira;Sem Vítimas;Plena Noite;Crescente;Céu Claro;Dupla;"Reta;Aclive";Sim;2;0;0;0;2;0;0;2;-25,35184884;-49,17883132;SPRF-PR;DEL01-PR;UOP01-DEL01-PR
722854;05/10/2025;domingo;00:30:00;MG;50;170,3;UBERABA;Velocidade Incompatível;Colisão traseira;Com Vítimas Feridas;Plena Noite;Crescente;Nublado;Dupla;"Aclive;Reta";Não;3;0;2;0;0;1;2;2;-19,736934;-47,98312;SPRF-MG;DEL13-MG;UOP01-DEL13-MG
722855;05/10/2025;domingo;00:10:00;PI;316;381,2;ALEGRETE DO PIAUI;Reação tardia ou ineficiente do condutor;Saída de leito carroçável;Com Vítimas Feridas;Plena Noite;Crescente;Céu Claro;Simples;Aclive;Não;1;0;0;1;0;0;1;1;-7,23063771;-40,87150923;SPRF-PI;DEL04-PI;UOP03-DEL04-PI
722856;05/10/2025;domingo;01:45:00;SC;101;226,2;PALHOCA;Condutor deixou de manter distância do veículo da frente;Colisão traseira;Com Vítimas Feridas;Plena Noite;Crescente;Nublado;Dupla;Reta;Não;2;0;0;1;0;1;1;2;-27,74693261;-48,63646254;SPRF-SC;DEL01-SC;UOP02-DEL01-SC
722857;05/10/2025;domingo;02:00:00;RJ;116;186;NOVA IGUACU;Demais falhas mecânicas ou elétricas;Colisão traseira;Com Vítimas Feridas;Plena Noite;Crescente;Céu Claro;Dupla;Reta;Sim;3;0;1;0;2;0;1;2;-22,74042084;-43,45632283;SPRF-RJ;DEL06-RJ;UOP01-DEL06-RJ
722858;05/10/2025;domingo;01:50:00;PR;153;29,6;SANTO ANTONIO DA PLATINA;Condutor Dormindo;Colisão com objeto;Com Vítimas Feridas;Plena Noite;Crescente;Céu Claro;Simples;Curva;Não;4;0;1;3;0;0;4;1;-23,2184229;-50,01145776;SPRF-PR;DEL07-PR;UOP04-DEL07-PR
722859;05/10/2025;domingo;02:30:00;PR;116;109;CURITIBA;Condutor Dormindo;Colisão com objeto;Com Vítimas Feridas;Plena Noite;Crescente;Nublado;Dupla;Reta;Não;2;0;2;0;0;0;2;1;-25,56529152;-49,24696533;SPRF-PR;DEL01-PR;UOP03-DEL01-PR
722860;05/10/2025;domingo;01:50:00;SE;235;9;NOSSA SENHORA DO SOCORRO;Chuva;Queda de ocupante de veículo;Com Vítimas Feridas;Plena Noite;Crescente;Chuva;Simples;Curva;Não;1;0;1;0;0;0;1;1;-10,88496525;-37,13568723;SPRF-SE;DEL01-SE;UOP01-DEL01-SE
722861;04/10/2025;sábado;07:20:00;PR;163;158;LINDOESTE;Ausência de reação do condutor;Saída de leito carroçável;Com Vítimas Feridas;Plena Noite;Decrescente;Céu Claro;Dupla;Reta;Não;1;0;1;0;0;0;1;1;-25,329329;-53,591233;SPRF-PR;DEL05-PR;UOP05-DEL05-PR
722863;05/10/2025;domingo;02:30:00;SC;101;88,8;BARRA VELHA;Velocidade Incompatível;Colisão traseira;Com Vítimas Feridas;Plena Noite;Crescente;Nublado;Múltipla;Reta;Sim;8;0;3;1;3;1;4;2;-26,65658446;-48,68794654;SPRF-SC;DEL03-SC;UOP02-DEL03-SC
722865;05/10/2025;domingo;02:45:00;TO;153;136;ARAGUAINA;Ingestão de álcool pelo condutor;Colisão com objeto;Com Vítimas Feridas;Plena Noite;Crescente;Céu Claro;Dupla;Reta;Não;1;0;0;1;0;0;1;1;-7,15157595;-48,2036705;SPRF-TO;DEL02-TO;UOP01-DEL02-TO
722866;05/10/2025;domingo;01:00:00;MT;364;402;CUIABA;Transitar na contramão;Colisão frontal;Com Vítimas Fatais;Plena Noite;Decrescente;Céu Claro;Dupla;"Viaduto;Reta";Sim;2;1;1;0;0;0;1;2;-15,649576;-56,000681;SPRF-MT;DEL01-MT;UOP02-DEL01-MT
722867;05/10/2025;domingo;01:40:00;MT;70;523;VARZEA GRANDE;Condutor Dormindo;Colisão frontal;Sem Vítimas;Plena Noite;Decrescente;Céu Claro;Simples;Curva;Não;2;0;0;0;1;1;0;2;-15,65369575;-56,19178105;SPRF-MT;DEL01-MT;UOP02-DEL01-MT
722868;05/10/2025;domingo;03:10:00;SP;116;94,2;PINDAMONHANGABA;Condutor Dormindo;Colisão lateral mesmo sentido;Sem Vítimas;Plena Noite;Decrescente;Céu Claro;Dupla;Reta;Não;2;0;0;0;2;0;0;2;-22,96140097;-45,42268245;SPRF-SP;DEL08-SP;UOP01-DEL08-SP
722869;05/10/2025;domingo;01:20:00;PR;272;432,9;GOIOERE;Acessar a via sem observar a presença dos outros veículos;Colisão transversal;Com Vítimas Feridas;Plena Noite;Crescente;Céu Claro;Simples;"Curva;Declive";Não;2;0;1;0;0;1;1;2;-24,191934;-52,98616;SPRF-PR;DEL09-PR;UOP03-DEL09-PR
722870;05/10/2025;domingo;03:15:00;PR;369;498;CASCAVEL;Ausência de reação do condutor;Saída de leito carroçável;Com Vítimas Feridas;Plena Noite;Crescente;Céu Claro;Simples;Curva;Não;1;0;1;0;0;0;1;1;-24,894;-53,354;SPRF-PR;DEL04-PR;UOP01-DEL04-PR
722871;05/10/2025;domingo;02:00:00;MT;364;261;JUSCIMEIRA;Reação tardia ou ineficiente do condutor;Saída de leito carroçável;Com Vítimas Feridas;Plena Noite;Decrescente;Céu Claro;Dupla;"Declive;Curva;Interseção de Vias";Sim;1;0;0;1;0;0;1;1;-16,02479529;-54,89833832;SPRF-MT;DEL02-MT;UOP01-DEL02-MT
722872;05/10/2025;domingo;03:00:00;MT;163;207,8;RONDONOPOLIS;Velocidade Incompatível;Colisão traseira;Com Vítimas Feridas;Plena Noite;Crescente;Céu Claro;Dupla;Reta;Sim;2;0;0;1;1;0;1;2;-16,440264;-54,676577;SPRF-MT;DEL05-MT;UOP02-DEL05-MT
722874;05/10/2025;domingo;05:00:00;MG;40;545;NOVA LIMA;Ingestão de álcool pelo condutor;Colisão lateral mesmo sentido;Sem Vítimas;Amanhecer;Crescente;Nublado;Dupla;"Reta;Aclive";Não;2;0;0;0;1;1;0;2;-20,0129583;-43,9684133;SPRF-MG;DEL01-MG;UOP02-DEL01-MG
722875;05/10/2025;domingo;05:10:00;PI;343;344,3;TERESINA;Ausência de reação do condutor;Colisão lateral sentido oposto;Com Vítimas Feridas;Amanhecer;Decrescente;Céu Claro;Dupla;"Em Obras;Reta";Sim;2;0;1;0;0;1;1;2;-5,097685;-42,764098;SPRF-PI;DEL01-PI;UOP01-DEL01-PI
722877;05/10/2025;domingo;04:30:00;MS;267;34;BATAGUASSU;Reação tardia ou ineficiente do condutor;Saída de leito carroçável;Sem Vítimas;Plena Noite;Decrescente;Céu Claro;Simples;Reta;Não;1;0;0;0;0;1;0;1;-21,738071;-52,460994;SPRF-MS;DEL02-MS;UOP04-DEL02-MS
722878;05/10/2025;domingo;06:00:00;MG;459;71,6;SENADOR JOSE BENTO;Transitar na contramão;Colisão frontal;Com Vítimas Fatais;Amanhecer;Decrescente;Céu Claro;Simples;"Curva;Declive";Não;7;1;1;1;3;1;2;3;-22,13409;-46,16665;SPRF-MG;DEL09-MG;UOP01-DEL09-MG
722879;05/10/2025;domingo;05:30:00;PI;316;25,5;DEMERVAL LOBAO;Acesso irregular;Colisão lateral mesmo sentido;Sem Vítimas;Amanhecer;Crescente;Céu Claro;Dupla;Reta;Não;2;0;0;0;0;2;0;2;-5,303198;-42,707547;SPRF-PI;DEL01-PI;UOP02-DEL01-PI
722880;05/10/2025;domingo;06:00:00;PR;277;62,5;SAO JOSE DOS PINHAIS;Reação tardia ou ineficiente do condutor;Saída de leito carroçável;Com Vítimas Feridas;Amanhecer;Decrescente;Céu Claro;Dupla;Reta;Não;4;0;2;2;0;0;4;1;-25,542393;-49,059016;SPRF-PR;DEL01-PR;UOP01-DEL01-PR
722883;05/10/2025;domingo;05:45:00;BA;324;571;SAO SEBASTIAO DO PASSE;Ausência de reação do condutor;Saída de leito carroçável;Com Vítimas Feridas;Amanhecer;Decrescente;Nublado;Dupla;"Declive;Reta";Não;3;0;2;0;1;0;2;1;-12,557363;-38,565612;SPRF-BA;DEL01-BA;UOP01-DEL01-BA
722884;05/10/2025;domingo;06:00:00;RN;101;105;PARNAMIRIM;Reação tardia ou ineficiente do condutor;Colisão traseira;Com Vítimas Feridas;Pleno dia;Crescente;Céu Claro;Dupla;Reta;Sim;2;0;1;0;1;0;1;2;-5,903594;-35,259889;SPRF-RN;DEL01-RN;UOP01-DEL01-RN
722885;05/10/2025;domingo;06:40:00;PB;230;27;JOAO PESSOA;Ingestão de substâncias psicoativas pelo condutor;Colisão com objeto;Com Vítimas Feridas;Pleno dia;Decrescente;Céu Claro;Dupla;Curva;Sim;1;0;0;1;0;0;1;1;-7,16518376;-34,89378959;SPRF-PB;DEL01-PB;UOP01-DEL01-PB
722886;05/10/2025;domingo;06:15:00;ES;259;47;COLATINA;Reação tardia ou ineficiente do condutor;Colisão transversal;Com Vítimas Feridas;Amanhecer;Crescente;Ignorado;Simples;"Declive;Curva";Não;3;0;0;1;2;0;1;2;-19,52507;-40,59016;SPRF-ES;DEL02-ES;UOP01-DEL02-ES
722887;05/10/2025;domingo;06:10:00;GO;60;431;RIO VERDE;Reação tardia ou ineficiente do condutor;Saída de leito carroçável;Com Vítimas Feridas;Amanhecer;Decrescente;Céu Claro;Dupla;"Reta;Declive";Não;1;0;1;0;0;0;1;1;-17,828692;-51,352005;SPRF-GO;DEL04-GO;UOP02-DEL04-GO
722888;05/10/2025;domingo;02:39:00;RJ;101;501;ANGRA DOS REIS;Ingestão de álcool pelo condutor;Colisão traseira;Sem Vítimas;Plena Noite;Crescente;Céu Claro;Simples;Reta;Não;3;0;0;0;3;0;0;2;-22,92962265;-44,38030243;SPRF-RJ;DEL03-RJ;UOP03-DEL03-RJ
722889;05/10/2025;domingo;06:20:00;PR;277;664,9;MEDIANEIRA;Condutor Dormindo;Capotamento;Com Vítimas Feridas;Amanhecer;Crescente;Céu Claro;Dupla;Curva;Sim;1;0;1;0;0;0;1;1;-25,2546599;-54,03551884;SPRF-PR;DEL05-PR;UOP02-DEL05-PR
722890;05/10/2025;domingo;06:23:00;PR;277;664,9;MEDIANEIRA;Reação tardia ou ineficiente do condutor;Tombamento;Com Vítimas Feridas;Amanhecer;Decrescente;Céu Claro;Dupla;"Reta;Declive";Não;2;0;1;0;1;0;1;2;-25,2546599;-54,03551884;SPRF-PR;DEL05-PR;UOP02-DEL05-PR
722891;05/10/2025;domingo;01:25:00;RS;153;49,3;ERECHIM;Ingestão de álcool pelo condutor;Saída de leito carroçável;Com Vítimas Feridas;Plena Noite;Decrescente;Céu Claro;Simples;"Aclive;Curva";Sim;1;0;1;0;0;0;1;1;-27,65499813;-52,26412861;SPRF-RS;DEL08-RS;UOP04-DEL08-RS
722892;05/10/2025;domingo;00:05:00;RO;364;425,3;JARU;Velocidade Incompatível;Tombamento;Com Vítimas Feridas;Plena Noite;Decrescente;Céu Claro;Simples;Reta;Sim;1;0;1;0;0;0;1;1;-10,43595529;-62,47405227;SPRF-RO;DEL03-RO;UOP02-DEL03-RO
722893;05/10/2025;domingo;06:00:00;DF;80;4,1;BRASILIA;Demais Fenômenos da natureza;Colisão transversal;Com Vítimas Feridas;Amanhecer;Crescente;Céu Claro;Simples;Reta;Não;2;0;0;1;1;0;1;2;-15,73124622;-48,10599625;SPRF-DF;DEL03-DF;UOP02-DEL03-DF
722894;05/10/2025;domingo;03:00:00;MG;50;158;UBERABA;Ingestão de álcool pelo condutor;Saída de leito carroçável;Com Vítimas Feridas;Plena Noite;Decrescente;Céu Claro;Dupla;Reta;Não;1;0;1;0;0;0;1;1;-19,637681;-48,010737;SPRF-MG;DEL13-MG;UOP01-DEL13-MG
722896;05/10/2025;domingo;07:00:00;MT;364;398;CUIABA;Acessar a via sem observar a presença dos outros veículos;Queda de ocupante de veículo;Com Vítimas Feridas;Pleno dia;Decrescente;Sol;Dupla;Reta;Sim;3;0;0;2;0;1;2;3;-15,667742;-55,957278;SPRF-MT;DEL01-MT;UOP02-DEL01-MT
722898;05/10/2025;domingo;06:30:00;CE;116;498;BREJO SANTO;Ausência de reação do condutor;Saída de leito carroçável;Sem Vítimas;Pleno dia;Decrescente;Céu Claro;Simples;Reta;Não;1;0;0;0;1;0;0;1;-7,4615157;-38,97549503;SPRF-CE;DEL05-CE;UOP03-DEL05-CE
722901;05/10/2025;domingo;07:30:00;RJ;116;323;ITATIAIA;Ausência de reação do condutor;Saída de leito carroçável;Com Vítimas Feridas;Pleno dia;Crescente;Céu Claro;Simples;Curva;Sim;1;0;1;0;0;0;1;1;-22,48910494;-44,55379844;SPRF-RJ;DEL07-RJ;UOP02-DEL07-RJ
722902;05/10/2025;domingo;08:33:00;PE;101;66;RECIFE;Condutor deixou de manter distância do veículo da frente;Queda de ocupante de veículo;Com Vítimas Feridas;Pleno dia;Decrescente;Céu Claro;Dupla;"Reta;Ponte";Não;2;0;1;0;1;0;1;1;-8,03913;-34,94187;SPRF-PE;DEL01-PE;UOP01-DEL01-PE
722905;05/10/2025;domingo;06:30:00;MS;262;254;RIBAS DO RIO PARDO;Animais na Pista;Atropelamento de Animal;Com Vítimas Feridas;Pleno dia;Crescente;Nublado;Simples;Reta;Não;1;0;1;0;0;0;1;1;-20,403335;-53,88436;SPRF-MS;DEL01-MS;UOP05-DEL01-MS
722906;05/10/2025;domingo;09:00:00;SE;235;24,2;LARANJEIRAS;Reação tardia ou ineficiente do condutor;Colisão transversal;Sem Vítimas;Pleno dia;Decrescente;Nublado;Simples;Em Obras;Não;2;0;0;0;2;0;0;2;-10,81253198;-37,25258796;SPRF-SE;DEL01-SE;UOP02-DEL01-SE
722908;05/10/2025;domingo;05:40:00;BA;101;663,6;ITAPEBI;Ausência de reação do condutor;Saída de leito carroçável;Com Vítimas Feridas;Amanhecer;Decrescente;Céu Claro;Simples;Curva;Não;1;0;0;1;0;0;1;1;-15,966253;-39,560213;SPRF-BA;DEL09-BA;UOP03-DEL09-BA
722910;05/10/2025;domingo;09:00:00;RS;290;91;PORTO ALEGRE;Manobra de mudança de faixa;Colisão traseira;Com Vítimas Feridas;Pleno dia;Crescente;Céu Claro;Dupla;Reta;Não;3;0;1;0;2;0;1;2;-29,96907687;-51,16987784;SPRF-RS;DEL01-RS;UOP01-DEL01-RS
722912;05/10/2025;domingo;09:20:00;MG;50;11;ARAGUARI;Reação tardia ou ineficiente do condutor;Queda de ocupante de veículo;Com Vítimas Feridas;Pleno dia;Crescente;Céu Claro;Dupla;Reta;Não;1;0;0;1;0;0;1;1;-18,52;-48,0396;SPRF-MG;DEL15-MG;UOP02-DEL15-MG
722913;05/10/2025;domingo;09:30:00;TO;153;139,5;ARAGUAINA;Ingestão de álcool pelo condutor;Saída de leito carroçável;Com Vítimas Feridas;Pleno dia;Crescente;Céu Claro;Múltipla;Reta;Não;1;0;1;0;0;0;1;1;-7,166739;-48,210624;SPRF-TO;DEL02-TO;UOP01-DEL02-TO
722914;05/10/2025;domingo;09:20:00;ES;262;32,9;DOMINGOS MARTINS;Manobra de mudança de faixa;Colisão lateral mesmo sentido;Com Vítimas Feridas;Pleno dia;Decrescente;Céu Claro;Simples;"Declive;Reta";Não;4;0;1;0;3;0;1;2;-20,37582303;-40,58374135;SPRF-ES;DEL01-ES;UOP01-DEL01-ES
722915;05/10/2025;domingo;05:40:00;GO;153;648,9;MORRINHOS;Condutor Dormindo;Saída de leito carroçável;Sem Vítimas;Amanhecer;Decrescente;Céu Claro;Dupla;Reta;Não;4;0;0;0;4;0;0;1;-17,948453;-49,248507;SPRF-GO;DEL03-GO;UOP01-DEL03-GO
722918;02/10/2025;quinta-feira;07:20:00;RJ;40;120;DUQUE DE CAXIAS;Ausência de reação do condutor;Colisão traseira;Com Vítimas Feridas;Pleno dia;Crescente;Céu Claro;Dupla;Reta;Sim;2;0;1;0;0;1;1;2;-22,7787641;-43,28589081;SPRF-RJ;DEL01-RJ;UOP02-DEL01-RJ
722919;05/10/2025;domingo;10:50:00;MG;262;375;JUATUBA;Velocidade Incompatível;Tombamento;Com Vítimas Feridas;Pleno dia;Decrescente;Sol;Dupla;Curva;Não;1;0;0;1;0;0;1;1;-19,93591434;-44,43695068;SPRF-MG;DEL01-MG;UOP03-DEL01-MG
722920;08/04/2025;terça-feira;12:42:00;PR;376;170;MARINGA;Acessar a via sem observar a presença dos outros veículos;Colisão traseira;Com Vítimas Feridas;Pleno dia;Decrescente;Céu Claro;Dupla;Reta;Não;1;0;1;0;0;0;1;1;-23,40677;-51,99171;SPRF-PR;DEL09-PR;UOP01-DEL09-PR
722921;05/10/2025;domingo;10:30:00;RN;101;72;EXTREMOZ;Reação tardia ou ineficiente do condutor;Colisão traseira;Com Vítimas Feridas;Pleno dia;Crescente;Céu Claro;Simples;"Reta;Aclive";Não;2;0;1;0;1;0;1;2;-5,70006377;-35,26369929;SPRF-RN;DEL02-RN;UOP01-DEL02-RN
722924;05/10/2025;domingo;07:18:00;MT;163;550,4;DIAMANTINO;Reação tardia ou ineficiente do condutor;Capotamento;Com Vítimas Feridas;Pleno dia;Crescente;Céu Claro;Dupla;Reta;Não;1;0;1;0;0;0;1;1;-14,23174556;-56,10949159;SPRF-MT;DEL01-MT;UOP01-DEL01-MT
722926;05/10/2025;domingo;11:20:00;MG;381;648,3;SANTO ANTONIO DO AMPARO;Animais na Pista;Atropelamento de Animal;Com Vítimas Feridas;Pleno dia;Crescente;Céu Claro;Dupla;Curva;Não;2;0;2;0;0;0;2;1;-20,95736008;-44,89714362;SPRF-MG;DEL04-MG;UOP02-DEL04-MG