id;data_inversa;dia_semana;horario;uf;br;km;municipio;causa_acidente;tipo_acidente;classificacao_acidente;fase_dia;sentido_via;condicao_metereologica;tipo_pista;tracado_via;uso_solo;pessoas;mortos;feridos_leves;feridos_graves;ilesos;ignorados;feridos;veiculos;latitude;longitude;regional;delegacia;uop
722927;05/10/2025;domingo;11:30:00;RJ;116;184;NOVA IGUACU;Reação tardia ou ineficiente do condutor;Colisão lateral mesmo sentido;Com Vítimas Feridas;Pleno dia;Crescente;Céu Claro;Múltipla;Reta;Sim;5;0;2;0;2;1;2;3;-22,7482589;-43,4429342;SPRF-RJ;DEL06-RJ;UOP01-DEL06-RJ
722929;05/10/2025;domingo;11:00:00;SP;101;52;UBATUBA;Conversão proibida;Colisão transversal;Com Vítimas Feridas;Pleno dia;Decrescente;Céu Claro;Simples;Reta;Sim;3;0;2;0;1;0;2;2;-23,46466799;-45,06250117;SPRF-SP;DEL06-SP;UOP01-DEL06-SP
722930;02/10/2025;quinta-feira;03:30:00;RJ;101;307;SAO GONCALO;Reação tardia ou ineficiente do condutor;Atropelamento de Animal;Com Vítimas Feridas;Plena Noite;Decrescente;Céu Claro;Dupla;Reta;Sim;2;0;1;1;0;0;2;1;-22,7874099;-42,9939679;SPRF-RJ;DEL02-RJ;UOP02-DEL02-RJ
722932;05/10/2025;domingo;11:50:00;SP;116;53,2;LORENA;Animais na Pista;Colisão frontal;Com Vítimas Feridas;Pleno dia;Decrescente;Sol;Dupla;"Reta;Interseção de Vias;Aclive";Não;3;0;1;0;2;0;1;3;-22,75306585;-45,10812739;SPRF-SP;DEL08-SP;UOP02-DEL08-SP
722933;05/10/2025;domingo;07:50:00;MG;116;534,4;SANTA RITA DE MINAS;Velocidade Incompatível;Colisão frontal;Com Vítimas Fatais;Pleno dia;Crescente;Nublado;Simples;Curva;Não;2;1;0;0;1;0;0;2;-19,852253;-42,140864;SPRF-MG;DEL06-MG;UOP02-DEL06-MG
722934;05/10/2025;domingo;12:00:00;PI;316;5,7;TERESINA;Manobra de mudança de faixa;Colisão lateral mesmo sentido;Sem Vítimas;Pleno dia;Crescente;Céu Claro;Dupla;Curva;Sim;2;0;0;0;2;0;0;2;-5,14604;-42,775182;SPRF-PI;DEL01-PI;UOP02-DEL01-PI
722935;05/10/2025;domingo;11:45:00;SC;470;25;ILHOTA;Ingestão de álcool pelo condutor;Colisão traseira;Com Vítimas Feridas;Pleno dia;Crescente;Céu Claro;Dupla;Reta;Não;3;0;1;1;1;0;2;2;-26,882677;-48,863622;SPRF-SC;DEL04-SC;UOP04-DEL04-SC
722936;05/10/2025;domingo;12:00:00;RJ;101;411;ITAGUAI;Reação tardia ou ineficiente do condutor;Queda de ocupante de veículo;Com Vítimas Feridas;Pleno dia;Crescente;Céu Claro;Dupla;Reta;Sim;2;0;2;0;0;0;2;1;-22,886533;-43,835671;SPRF-RJ;DEL03-RJ;UOP01-DEL03-RJ
722937;05/10/2025;domingo;12:40:00;RJ;493;18;GUAPIMIRIM;Reação tardia ou ineficiente do condutor;Tombamento;Com Vítimas Feridas;Pleno dia;Crescente;Céu Claro;Dupla;Reta;Não;2;0;2;0;0;0;2;1;-22,66820457;-43,01391006;SPRF-RJ;DEL04-RJ;UOP02-DEL04-RJ
722939;05/10/2025;domingo;10:00:00;RJ;101;575;PARATY;Condutor deixou de manter distância do veículo da frente;Colisão traseira;Com Vítimas Feridas;Pleno dia;Decrescente;Céu Claro;Simples;Reta;Não;3;0;2;0;1;0;2;2;-23,225;-44,723;SPRF-RJ;DEL03-RJ;UOP04-DEL03-RJ
722940;05/10/2025;domingo;10:30:00;SC;470;17;ILHOTA;Demais falhas mecânicas ou elétricas;Tombamento;Com Vítimas Feridas;Pleno dia;Crescente;Céu Claro;Dupla;Reta;Não;2;0;2;0;0;0;2;1;-26,84485005;-48,79629135;SPRF-SC;DEL04-SC;UOP04-DEL04-SC
722943;05/10/2025;domingo;10:10:00;AM;174;996;PRESIDENTE FIGUEIREDO;Ultrapassagem Indevida;Colisão frontal;Com Vítimas Feridas;Pleno dia;Crescente;Nublado;Simples;"Aclive;Reta";Não;6;0;2;0;0;4;2;2;-2,0088847;-60,02620697;SPRF-AM;DEL01-AM;UOP02-DEL01-AM
722944;05/10/2025;domingo;13:05:00;RJ;40;120;DUQUE DE CAXIAS;Acessar a via sem observar a presença dos outros veículos;Colisão lateral mesmo sentido;Com Vítimas Feridas;Pleno dia;Crescente;Céu Claro;Dupla;Reta;Sim;3;0;1;0;2;0;1;2;-22,7793129;-43,2859996;SPRF-RJ;DEL01-RJ;UOP02-DEL01-RJ
722945;05/10/2025;domingo;12:00:00;AL;101;2,5;NOVO LINO;Demais falhas mecânicas ou elétricas;Incêndio;Sem Vítimas;Pleno dia;Crescente;Céu Claro;Dupla;Reta;Não;1;0;0;0;1;0;0;1;-8,95117846;-35,65740466;SPRF-AL;DEL01-AL;UOP02-DEL01-AL
722948;05/10/2025;domingo;12:55:00;PE;428;165;PETROLINA;Frear bruscamente;Saída de leito carroçável;Com Vítimas Feridas;Pleno dia;Crescente;Céu Claro;Simples;Reta;Não;1;0;1;0;0;0;1;1;-9,194642;-40,386712;SPRF-PE;DEL06-PE;UOP01-DEL06-PE
722949;05/10/2025;domingo;13:40:00;RS;386;113,2;SARANDI;Desrespeitar a preferência no cruzamento;Colisão transversal;Com Vítimas Feridas;Pleno dia;Decrescente;Céu Claro;Simples;"Curva;Rotatória";Não;7;0;1;0;6;0;1;3;-27,81465;-53,04075;SPRF-RS;DEL08-RS;UOP01-DEL08-RS
722950;05/10/2025;domingo;14:30:00;SP;381;44;ATIBAIA;Demais falhas mecânicas ou elétricas;Incêndio;Sem Vítimas;Pleno dia;Decrescente;Céu Claro;Simples;Reta;Sim;1;0;0;0;1;0;0;1;-23,1688;-46,5756;SPRF-SP;DEL03-SP;UOP01-DEL03-SP
722951;05/10/2025;domingo;15:00:00;MG;262;364;JUATUBA;Reação tardia ou ineficiente do condutor;Colisão traseira;Com Vítimas Feridas;Pleno dia;Decrescente;Céu Claro;Dupla;Reta;Sim;3;0;2;0;1;0;2;2;-19,96075;-44,337278;SPRF-MG;DEL01-MG;UOP03-DEL01-MG
722952;05/10/2025;domingo;14:40:00;PR;277;10;PARANAGUA;Velocidade Incompatível;Tombamento;Com Vítimas Feridas;Pleno dia;Crescente;Sol;Simples;"Declive;Curva";Não;1;0;1;0;0;0;1;1;-25,567588;-48,615795;SPRF-PR;DEL01-PR;UOP05-DEL01-PR
722954;05/10/2025;domingo;14:00:00;PB;104;47;BARRA DE SANTA ROSA;Animais na Pista;Atropelamento de Animal;Com Vítimas Fatais;Pleno dia;Decrescente;Céu Claro;Simples;"Declive;Reta";Não;2;1;0;0;1;0;0;2;-6,7423423;-36,0402141;SPRF-PB;DEL02-PB;UOP04-DEL02-PB
722960;05/10/2025;domingo;15:20:00;MG;116;754,5;LEOPOLDINA;Transitar na contramão;Colisão frontal;Com Vítimas Fatais;Pleno dia;Crescente;Céu Claro;Simples;Reta;Não;2;1;0;0;1;0;0;2;-21,5425275;-42,6556514;SPRF-MG;DEL07-MG;UOP01-DEL07-MG
722962;05/10/2025;domingo;15:10:00;PR;376;593;CURITIBA;Reação tardia ou ineficiente do condutor;Colisão com objeto;Com Vítimas Feridas;Pleno dia;Decrescente;Sol;Dupla;"Aclive;Reta";Sim;1;0;1;0;0;0;1;1;-25,4528561;-49,36182284;SPRF-PR;DEL01-PR;UOP06-DEL01-PR
722963;05/10/2025;domingo;15:44:00;MG;381;362;SAO GONCALO DO RIO ABAIXO;Ingestão de álcool pelo condutor;Saída de leito carroçável;Com Vítimas Feridas;Pleno dia;Crescente;Céu Claro;Simples;Curva;Não;1;0;0;1;0;0;1;1;-19,85429;-43,245908;SPRF-MG;DEL03-MG;UOP01-DEL03-MG
722964;05/10/2025;domingo;15:00:00;PR;376;615;SAO JOSE DOS PINHAIS;Ultrapassagem Indevida;Colisão traseira;Sem Vítimas;Pleno dia;Crescente;Céu Claro;Dupla;Reta;Sim;2;0;0;0;2;0;0;2;-25,578173;-49,178776;SPRF-PR;DEL01-PR;UOP04-DEL01-PR
722965;05/10/2025;domingo;15:50:00;SC;282;24,2;SANTO AMARO DA IMPERATRIZ;Trafegar com motocicleta (ou similar) entre as faixas;Colisão traseira;Com Vítimas Feridas;Pleno dia;Crescente;Céu Claro;Simples;Reta;Não;3;0;1;0;2;0;1;3;-27,681;-48,74611;SPRF-SC;DEL01-SC;UOP03-DEL01-SC
722966;05/10/2025;domingo;15:00:00;RJ;116;288;BARRA MANSA;Ausência de reação do condutor;Saída de leito carroçável;Com Vítimas Feridas;Pleno dia;Decrescente;Céu Claro;Dupla;Reta;Não;1;0;0;1;0;0;1;1;-22,48931311;-44,24521565;SPRF-RJ;DEL07-RJ;UOP02-DEL07-RJ
722967;05/10/2025;domingo;15:30:00;PE;104;8,5;TAQUARITINGA DO NORTE;Ausência de reação do condutor;Capotamento;Com Vítimas Feridas;Pleno dia;Crescente;Céu Claro;Simples;Reta;Não;3;0;0;3;0;0;3;1;-7,85887;-36,10281;SPRF-PE;DEL02-PE;UOP01-DEL02-PE
722968;05/10/2025;domingo;14:55:00;SP;116;201,7;SAO PAULO;Velocidade Incompatível;Tombamento;Com Vítimas Feridas;Pleno dia;Crescente;Sol;Simples;Rotatória;Sim;1;0;1;0;0;0;1;1;-23,5190007;-46,5956924;SPRF-SP;DEL01-SP;UOP01-DEL01-SP
722969;05/10/2025;domingo;16:30:00;PR;277;17;PARANAGUA;Demais falhas na via;Queda de ocupante de veículo;Com Vítimas Feridas;Pleno dia;Decrescente;Céu Claro;Dupla;Reta;Não;1;0;1;0;0;0;1;1;-25,55448312;-48,65973473;SPRF-PR;DEL01-PR;UOP05-DEL01-PR
722970;05/10/2025;domingo;16:30:00;ES;101;399;RIO NOVO DO SUL;Condutor deixou de manter distância do veículo da frente;Colisão traseira;Com Vítimas Feridas;Pleno dia;Crescente;Céu Claro;Simples;Reta;Não;3;0;2;0;1;0;2;2;-20,87573522;-40,96318871;SPRF-ES;DEL03-ES;UOP02-DEL03-ES
722971;05/10/2025;domingo;14:00:00;PR;369;248;BOM SUCESSO;Conversão proibida;Colisão traseira;Com Vítimas Feridas;Pleno dia;Crescente;Céu Claro;Simples;Reta;Não;3;0;0;3;0;0;3;2;-23,7050937;-51,7340036;SPRF-PR;DEL09-PR;UOP01-DEL09-PR
722972;05/10/2025;domingo;16:45:00;MG;459;60;IPUIUNA;Velocidade Incompatível;Colisão traseira;Com Vítimas Feridas;Pleno dia;Decrescente;Céu Claro;Simples;Reta;Não;3;0;1;1;0;1;2;2;-22,089755;-46,2180562;SPRF-MG;DEL09-MG;UOP01-DEL09-MG
722974;05/10/2025;domingo;16:10:00;BA;110;346;ALAGOINHAS;Ultrapassagem Indevida;Atropelamento de Pedestre;Com Vítimas Fatais;Pleno dia;Decrescente;Céu Claro;Simples;"Aclive;Reta";Não;2;1;0;0;1;0;0;2;-12,19795116;-38,4159408;SPRF-BA;DEL01-BA;UOP04-DEL01-BA
722975;05/10/2025;domingo;16:45:00;BA;324;515;FEIRA DE SANTANA;Ultrapassagem Indevida;Colisão lateral mesmo sentido;Com Vítimas Feridas;Pleno dia;Crescente;Céu Claro;Simples;Reta;Sim;2;0;0;1;1;0;1;2;-12,23674514;-38,94240171;SPRF-BA;DEL02-BA;UOP01-DEL02-BA
722977;05/10/2025;domingo;16:00:00;SC;101;137;BALNEARIO CAMBORIU;Manobra de mudança de faixa;Colisão lateral mesmo sentido;Com Vítimas Feridas;Pleno dia;Crescente;Nublado;Dupla;Reta;Não;2;0;1;0;1;0;1;2;-27,01956347;-48,60997438;SPRF-SC;DEL04-SC;UOP03-DEL04-SC
722978;05/10/2025;domingo;17:00:00;SC;101;86,8;BARRA VELHA;Acessar a via sem observar a presença dos outros veículos;Colisão lateral mesmo sentido;Com Vítimas Feridas;Pleno dia;Decrescente;Nublado;Múltipla;Reta;Sim;2;0;1;0;1;0;1;2;-26,64030924;-48,69173734;SPRF-SC;DEL03-SC;UOP02-DEL03-SC
722980;05/10/2025;domingo;16:30:00;RJ;116;126;MAGE;Ausência de reação do condutor;Queda de ocupante de veículo;Com Vítimas Feridas;Pleno dia;Crescente;Céu Claro;Dupla;Reta;Sim;1;0;1;0;0;0;1;1;-22,64689468;-43,07134931;SPRF-RJ;DEL04-RJ;UOP02-DEL04-RJ
722981;05/10/2025;domingo;16:45:00;SC;101;146;ITAPEMA;Condutor deixou de manter distância do veículo da frente;Colisão traseira;Com Vítimas Feridas;Pleno dia;Decrescente;Céu Claro;Dupla;"Reta;Viaduto";Não;2;0;1;0;1;0;1;2;-27,08716364;-48,60986408;SPRF-SC;DEL04-SC;UOP03-DEL04-SC
722982;05/10/2025;domingo;16:50:00;RS;116;322;BARRA DO RIBEIRO;Reação tardia ou ineficiente do condutor;Saída de leito carroçável;Sem Vítimas;Pleno dia;Crescente;Nublado;Dupla;Reta;Não;1;0;0;0;1;0;0;1;-30,27224619;-51,40946388;SPRF-RS;DEL02-RS;UOP01-DEL02-RS
722983;05/10/2025;domingo;17:30:00;SC;470;46;GASPAR;Reação tardia ou ineficiente do condutor;Colisão com objeto;Com Vítimas Feridas;Pleno dia;Crescente;Nublado;Dupla;"Curva;Em Obras";Não;2;0;1;0;0;1;1;2;-26,86021;-49,03881;SPRF-SC;DEL04-SC;UOP01-DEL04-SC
722984;05/10/2025;domingo;17:20:00;SC;101;235,6;PALHOCA;Trafegar com motocicleta (ou similar) entre as faixas;Colisão lateral mesmo sentido;Com Vítimas Feridas;Pleno dia;Decrescente;Céu Claro;Dupla;Reta;Não;3;0;0;2;1;0;2;2;-27,82287;-48,63034;SPRF-SC;DEL01-SC;UOP02-DEL01-SC
722985;05/10/2025;domingo;17:45:00;SP;116;204;ARUJA;Afundamento ou ondulação no pavimento;Queda de ocupante de veículo;Com Vítimas Feridas;Pleno dia;Crescente;Céu Claro;Múltipla;Reta;Não;2;0;2;0;0;0;2;1;-23,41287122;-46,36085479;SPRF-SP;DEL01-SP;UOP01-DEL01-SP
722986;05/10/2025;domingo;17:30:00;RJ;116;174;SAO JOAO DE MERITI;Ausência de reação do condutor;Colisão traseira;Sem Vítimas;Anoitecer;Crescente;Céu Claro;Dupla;Reta;Sim;4;0;0;0;4;0;0;4;-22,79076004;-43,37067001;SPRF-RJ;DEL06-RJ;UOP01-DEL06-RJ
722987;05/10/2025;domingo;17:57:00;RS;386;435,4;NOVA SANTA RITA;Desrespeitar a preferência no cruzamento;Colisão transversal;Com Vítimas Feridas;Pleno dia;Decrescente;Sol;Dupla;"Em Obras;Interseção de Vias;Retorno Regulamentado;Reta";Sim;4;0;3;1;0;0;4;2;-29,84777;-51,27108;SPRF-RS;DEL04-RS;UOP02-DEL04-RS
722988;05/10/2025;domingo;17:25:00;SC;282;220,3;LAGES;Transitar na contramão;Colisão frontal;Com Vítimas Feridas;Pleno dia;Crescente;Nublado;Simples;Curva;Sim;4;0;3;1;0;0;4;2;-27,7941833;-50,33501029;SPRF-SC;DEL05-SC;UOP01-DEL05-SC
722990;05/10/2025;domingo;18:00:00;CE;304;47;ARACATI;Ausência de reação do condutor;Queda de ocupante de veículo;Com Vítimas Feridas;Plena Noite;Decrescente;Céu Claro;Dupla;Reta;Não;1;0;1;0;0;0;1;1;-4,5584;-37,7674;SPRF-CE;DEL03-CE;UOP02-DEL03-CE
722991;05/10/2025;domingo;18:30:00;SP;116;209;GUARULHOS;Manobra de mudança de faixa;Colisão traseira;Com Vítimas Feridas;Plena Noite;Crescente;Nublado;Múltipla;"Declive;Reta";Sim;3;0;2;0;1;0;2;2;-23,425415;-46,40341;SPRF-SP;DEL01-SP;UOP01-DEL01-SP
722993;05/10/2025;domingo;16:20:00;CE;20;338,6;CARIDADE;Reação tardia ou ineficiente do condutor;Colisão traseira;Com Vítimas Feridas;Pleno dia;Crescente;Céu Claro;Simples;"Aclive;Reta";Não;3;0;1;0;2;0;1;2;-4,1525995;-39,1251348;SPRF-CE;DEL02-CE;UOP01-DEL02-CE
722994;05/10/2025;domingo;17:45:00;PE;101;88;JABOATAO DOS GUARARAPES;Demais falhas mecânicas ou elétricas;Incêndio;Sem Vítimas;Plena Noite;Decrescente;Céu Claro;Dupla;Reta;Não;1;0;0;0;0;1;0;1;-8,20015;-34,97866;SPRF-PE;DEL01-PE;UOP01-DEL01-PE
722995;05/10/2025;domingo;14:00:00;SC;470;3;NAVEGANTES;Trafegar com motocicleta (ou similar) entre as faixas;Colisão lateral mesmo sentido;Com Vítimas Feridas;Pleno dia;Decrescente;Céu Claro;Dupla;Reta;Sim;2;0;1;0;1;0;1;2;-26,87939355;-48,66470084;SPRF-SC;DEL04-SC;UOP04-DEL04-SC
722997;05/10/2025;domingo;18:30:00;SC;101;189,1;BIGUACU;Manobra de mudança de faixa;Engavetamento;Com Vítimas Feridas;Plena Noite;Crescente;Céu Claro;Dupla;Reta;Sim;8;0;1;0;6;1;1;4;-27,46137;-48,64007;SPRF-SC;DEL01-SC;UOP01-DEL01-SC
722998;05/10/2025;domingo;15:30:00;RO;435;84,5;COLORADO DO OESTE;Desrespeitar a preferência no cruzamento;Colisão transversal;Com Vítimas Feridas;Pleno dia;Decrescente;Chuva;Dupla;Interseção de Vias;Sim;3;0;2;0;1;0;2;2;-13,1222798;-60,54016113;SPRF-RO;DEL04-RO;UOP02-DEL04-RO
723001;05/10/2025;domingo;19:00:00;RS;116;268;CANOAS;Ausência de reação do condutor;Colisão lateral mesmo sentido;Com Vítimas Feridas;Anoitecer;Decrescente;Nublado;Dupla;Reta;Sim;1;0;1;0;0;0;1;1;-29,9537958;-51,17634733;SPRF-RS;DEL01-RS;UOP01-DEL01-RS
723002;05/10/2025;domingo;18:20:00;PE;428;164;PETROLINA;Animais na Pista;Atropelamento de Animal;Com Vítimas Feridas;Plena Noite;Decrescente;Céu Claro;Simples;Reta;Não;2;0;2;0;0;0;2;1;-9,18121;-40,376998;SPRF-PE;DEL06-PE;UOP01-DEL06-PE
723003;05/10/2025;domingo;19:00:00;MG;262;363,9;JUATUBA;Reação tardia ou ineficiente do condutor;Engavetamento;Com Vítimas Feridas;Plena Noite;Decrescente;Céu Claro;Dupla;Reta;Não;5;0;1;0;4;0;1;3;-19,958941;-44,33997;SPRF-MG;DEL01-MG;UOP03-DEL01-MG
723004;05/10/2025;domingo;13:30:00;MG;381;242;SANTANA DO PARAISO;Transitar na contramão;Colisão transversal;Com Vítimas Feridas;Pleno dia;Crescente;Céu Claro;Simples;Reta;Não;3;0;0;1;2;0;1;2;-19,443076;-42,512872;SPRF-MG;DEL06-MG;UOP01-DEL06-MG
723006;05/10/2025;domingo;19:00:00;ES;262;66,1;MARECHAL FLORIANO;Ingestão de álcool pelo condutor;Colisão lateral sentido oposto;Sem Vítimas;Plena Noite;Decrescente;Nublado;Simples;Reta;Não;6;0;0;0;6;0;0;3;-20,4125;-40,83426;SPRF-ES;DEL01-ES;UOP02-DEL01-ES
723007;05/10/2025;domingo;17:20:00;RJ;101;420;MANGARATIBA;Ausência de reação do condutor;Colisão transversal;Com Vítimas Feridas;Anoitecer;Decrescente;Céu Claro;Dupla;Reta;Não;3;0;1;0;2;0;1;2;-22,91614418;-43,93316746;SPRF-RJ;DEL03-RJ;UOP02-DEL03-RJ
723010;05/10/2025;domingo;19:00:00;SP;116;145,9;SAO JOSE DOS CAMPOS;Condutor deixou de manter distância do veículo da frente;Colisão traseira;Com Vítimas Feridas;Plena Noite;Crescente;Céu Claro;Dupla;"Declive;Reta";Sim;2;0;1;0;1;0;1;2;-23,19292817;-45,86694209;SPRF-SP;DEL02-SP;UOP01-DEL02-SP
723011;05/10/2025;domingo;19:05:00;AL;104;34,7;UNIAO DOS PALMARES;Entrada inopinada do pedestre;Atropelamento de Pedestre;Com Vítimas Feridas;Plena Noite;Decrescente;Céu Claro;Simples;Reta;Sim;2;0;0;2;0;0;2;2;-9,159783;-36,015507;SPRF-AL;DEL01-AL;UOP02-DEL01-AL
723012;05/10/2025;domingo;19:15:00;PA;230;122;MARABA;Ausência de reação do condutor;Colisão traseira;Com Vítimas Feridas;Plena Noite;Crescente;Céu Claro;Dupla;Reta;Sim;2;0;1;0;1;0;1;2;-5,36755455;-49,12818731;SPRF-PA;DEL03-PA;UOP01-DEL03-PA
723013;05/10/2025;domingo;19:15:00;PR;277;635,7;CEU AZUL;Acessar a via sem observar a presença dos outros veículos;Colisão transversal;Sem Vítimas;Anoitecer;Crescente;Céu Claro;Simples;Interseção de Vias;Sim;2;0;0;0;2;0;0;2;-25,14340485;-53,83455126;SPRF-PR;DEL05-PR;UOP02-DEL05-PR
723014;05/10/2025;domingo;18:30:00;RJ;101;420;MANGARATIBA;Ingestão de álcool pelo condutor;Colisão transversal;Sem Vítimas;Plena Noite;Decrescente;Céu Claro;Múltipla;"Interseção de Vias;Reta";Sim;2;0;0;0;2;0;0;2;-22,91610912;-43,93309085;SPRF-RJ;DEL03-RJ;UOP02-DEL03-RJ
723015;05/10/2025;domingo;18:45:00;PR;376;169;MARINGA;Ausência de reação do condutor;Saída de leito carroçável;Sem Vítimas;Plena Noite;Crescente;Céu Claro;Dupla;"Declive;Reta";Sim;1;0;0;0;0;1;0;1;-23,4035881;-51,9960861;SPRF-PR;DEL09-PR;UOP01-DEL09-PR
723016;05/10/2025;domingo;18:20:00;PE;232;202;SANHARO;Transitar na contramão;Colisão frontal;Com Vítimas Fatais;Pleno dia;Crescente;Céu Claro;Simples;Reta;Não;3;1;0;0;2;0;0;2;-8,370667;-36,611752;SPRF-PE;DEL03-PE;UOP02-DEL03-PE
723017;05/10/2025;domingo;19:00:00;PR;277;589,7;CASCAVEL;Condutor deixou de manter distância do veículo da frente;Colisão traseira;Com Vítimas Feridas;Plena Noite;Decrescente;Céu Claro;Simples;Reta;Sim;3;0;3;0;0;0;3;2;-24,9802121;-53,45296264;SPRF-PR;DEL04-PR;UOP01-DEL04-PR
723018;05/10/2025;domingo;19:30:00;PR;476;157;ARAUCARIA;Reação tardia ou ineficiente do condutor;Saída de leito carroçável;Com Vítimas Feridas;Plena Noite;Decrescente;Céu Claro;Simples;Reta;Não;2;0;2;0;0;0;2;1;-25,59983608;-49,41809027;SPRF-PR;DEL01-PR;UOP06-DEL01-PR
723019;05/10/2025;domingo;19:10:00;DF;80;21,5;BRASILIA;Ingestão de álcool pelo condutor;Saída de leito carroçável;Sem Vítimas;Plena Noite;Crescente;Nublado;Dupla;Retorno Regulamentado;Sim;1;0;0;0;1;0;0;1;-15,65883617;-48,20308006;SPRF-DF;DEL03-DF;UOP02-DEL03-DF
723020;05/10/2025;domingo;19:08:00;PE;408;85;RECIFE;Frear bruscamente;Colisão traseira;Com Vítimas Feridas;Plena Noite;Crescente;Céu Claro;Dupla;Reta;Não;3;0;0;1;1;1;1;3;-8,064031;-34,9447106;SPRF-PE;DEL01-PE;UOP01-DEL01-PE
723021;05/10/2025;domingo;18:00:00;MA;222;386,3;SANTA INES;Transitar na contramão;Colisão frontal;Com Vítimas Fatais;Anoitecer;Crescente;Céu Claro;Simples;Reta;Não;3;2;1;0;0;0;1;2;-3,843483;-45,516323;SPRF-MA;DEL02-MA;UOP01-DEL02-MA
723022;05/10/2025;domingo;16:00:00;SC;101;145;ITAPEMA;Reação tardia ou ineficiente do condutor;Colisão traseira;Com Vítimas Feridas;Pleno dia;Crescente;Céu Claro;Dupla;Reta;Sim;2;0;1;0;1;0;1;2;-27,08563859;-48,60778302;SPRF-SC;DEL04-SC;UOP03-DEL04-SC
723023;05/10/2025;domingo;16:00:00;RJ;40;107;DUQUE DE CAXIAS;Ausência de reação do condutor;Colisão lateral mesmo sentido;Com Vítimas Feridas;Pleno dia;Decrescente;Céu Claro;Simples;Reta;Sim;3;0;1;0;1;1;1;2;-22,66170998;-43,28429818;SPRF-RJ;DEL01-RJ;UOP02-DEL01-RJ
723024;05/10/2025;domingo;19:50:00;PB;230;14,8;CABEDELO;Ausência de reação do condutor;Colisão traseira;Sem Vítimas;Plena Noite;Crescente;Céu Claro;Dupla;"Aclive;Viaduto";Sim;3;0;0;0;2;1;0;2;-7,098063;-34,847942;SPRF-PB;DEL01-PB;UOP01-DEL01-PB
723025;05/10/2025;domingo;19:50:00;RS;153;47;ERECHIM;Desrespeitar a preferência no cruzamento;Colisão transversal;Com Vítimas Feridas;Plena Noite;Crescente;Céu Claro;Simples;Rotatória;Não;3;0;2;0;1;0;2;2;-27,64187919;-52,24480261;SPRF-RS;DEL08-RS;UOP04-DEL08-RS
723026;05/10/2025;domingo;18:00:00;PR;277;126,2;CAMPO LARGO;Condutor deixou de manter distância do veículo da frente;Colisão traseira;Sem Vítimas;Anoitecer;Crescente;Céu Claro;Dupla;"Declive;Reta";Sim;3;0;0;0;2;1;0;2;-25,43729923;-49,54797238;SPRF-PR;DEL03-PR;UOP03-DEL03-PR
723027;05/10/2025;domingo;18:00:00;BA;367;26;PORTO SEGURO;Reação tardia ou ineficiente do condutor;Colisão com objeto;Com Vítimas Feridas;Anoitecer;Crescente;Céu Claro;Simples;Reta;Sim;1;0;0;1;0;0;1;1;-16,43441249;-39,09492223;SPRF-BA;DEL09-BA;UOP03-DEL09-BA
723028;05/10/2025;domingo;20:00:00;RS;116;151;CAXIAS DO SUL;Ausência de reação do condutor;Saída de leito carroçável;Com Vítimas Feridas;Plena Noite;Decrescente;Céu Claro;Dupla;"Aclive;Curva";Sim;1;0;0;1;0;0;1;1;-29,181072;-51,1657368;SPRF-RS;DEL05-RS;UOP01-DEL05-RS
723029;05/10/2025;domingo;18:50:00;RJ;101;428,7;MANGARATIBA;Trafegar com motocicleta (ou similar) entre as faixas;Colisão transversal;Com Vítimas Feridas;Plena Noite;Decrescente;Céu Claro;Dupla;Interseção de Vias;Sim;2;0;1;0;1;0;1;2;-22,93781;-44,00161;SPRF-RJ;DEL03-RJ;UOP02-DEL03-RJ
723030;05/10/2025;domingo;20:30:00;PR;277;19;MORRETES;Acesso irregular;Colisão transversal;Com Vítimas Feridas;Plena Noite;Decrescente;Céu Claro;Simples;"Retorno Regulamentado;Reta";Não;4;0;1;0;3;0;1;2;-25,537691;-48,696118;SPRF-PR;DEL01-PR;UOP05-DEL01-PR
723031;05/10/2025;domingo;20:00:00;PR;376;285,6;MAUA DA SERRA;Ingestão de álcool pelo condutor;Colisão traseira;Com Vítimas Feridas;Plena Noite;Crescente;Céu Claro;Dupla;Reta;Sim;3;0;2;0;1;0;2;2;-23,881761;-51,248306;SPRF-PR;DEL07-PR;UOP02-DEL07-PR
723032;05/10/2025;domingo;19:45:00;RS;285;353;CARAZINHO;Ultrapassagem Indevida;Colisão lateral sentido oposto;Com Vítimas Feridas;Plena Noite;Decrescente;Céu Claro;Simples;"Declive;Reta";Não;2;0;1;0;1;0;1;2;-28,34320182;-52,91113794;SPRF-RS;DEL08-RS;UOP03-DEL08-RS
723034;05/10/2025;domingo;20:45:00;SC;282;2;FLORIANOPOLIS;Reação tardia ou ineficiente do condutor;Colisão lateral mesmo sentido;Com Vítimas Feridas;Plena Noite;Decrescente;Nublado;Dupla;Reta;Sim;2;0;1;0;1;0;1;2;-27,603;-48,59;SPRF-SC;DEL01-SC;UOP01-DEL01-SC
723035;05/10/2025;domingo;18:40:00;MG;116;189,8;CARAI;Transitar na contramão;Colisão lateral sentido oposto;Com Vítimas Feridas;Plena Noite;Decrescente;Céu Claro;Simples;"Curva;Declive";Não;2;0;1;1;0;0;2;2;-17,160268;-41,49541;SPRF-MG;DEL11-MG;UOP01-DEL11-MG
723036;05/10/2025;domingo;20:32:00;BA;330;815;JITAUNA;Reação tardia ou ineficiente do condutor;Saída de leito carroçável;Com Vítimas Feridas;Plena Noite;Decrescente;Céu Claro;Simples;Curva;Não;1;0;1;0;0;0;1;1;-14,00860611;-39,89886334;SPRF-BA;DEL03-BA;UOP01-DEL03-BA