id;data_inversa;dia_semana;horario;uf;br;km;municipio;causa_acidente;tipo_acidente;classificacao_acidente;fase_dia;sentido_via;condicao_metereologica;tipo_pista;tracado_via;uso_solo;pessoas;mortos;feridos_leves;feridos_graves;ilesos;ignorados;feridos;veiculos;latitude;longitude;regional;delegacia;uop
723140;06/10/2025;segunda-feira;08:02:00;AL;316;162;PALMEIRA DOS INDIOS;Demais falhas mecânicas ou elétricas;Queda de ocupante de veículo;Com Vítimas Feridas;Pleno dia;Decrescente;Céu Claro;Simples;Reta;Não;2;0;1;1;0;0;2;1;-9,461207;-36,59052;SPRF-AL;DEL03-AL;UOP01-DEL03-AL
723141;06/10/2025;segunda-feira;07:53:00;MS;163;171,2;JUTI;Acessar a via sem observar a presença dos outros veículos;Colisão transversal;Com Vítimas Feridas;Pleno dia;Decrescente;Garoa/Chuvisco;Simples;Interseção de Vias;Sim;3;0;1;0;2;0;1;2;-22,8683197;-54,6050787;SPRF-MS;DEL09-MS;UOP01-DEL09-MS
723142;06/10/2025;segunda-feira;07:50:00;MG;40;525;CONTAGEM;Ausência de reação do condutor;Colisão traseira;Com Vítimas Feridas;Pleno dia;Crescente;Céu Claro;Dupla;Reta;Sim;2;0;1;0;1;0;1;2;-19,89217986;-44,05010083;SPRF-MG;DEL01-MG;UOP02-DEL01-MG
723143;05/10/2025;domingo;22:30:00;RJ;40;121;DUQUE DE CAXIAS;Manobra de mudança de faixa;Tombamento;Com Vítimas Feridas;Plena Noite;Crescente;Garoa/Chuvisco;Dupla;Reta;Não;2;0;1;0;0;1;1;2;-22,78463258;-43,28523888;SPRF-RJ;DEL01-RJ;UOP02-DEL01-RJ
723147;06/10/2025;segunda-feira;08:45:00;SP;116;217;GUARULHOS;Ausência de reação do condutor;Atropelamento de Pedestre;Com Vítimas Feridas;Pleno dia;Decrescente;Céu Claro;Múltipla;Reta;Sim;2;0;1;0;0;1;1;2;-23,42341427;-46,39776288;SPRF-SP;DEL01-SP;UOP01-DEL01-SP
723148;05/09/2025;sexta-feira;23:30:00;SP;101;46,3;UBATUBA;Ingestão de álcool pelo condutor;Colisão transversal;Com Vítimas Feridas;Plena Noite;Crescente;Nublado;Simples;Reta;Sim;6;0;5;0;0;1;5;3;-23,42307243;-45,07372253;SPRF-SP;DEL06-SP;UOP01-DEL06-SP
723149;06/10/2025;segunda-feira;07:40:00;RO;364;521;ARIQUEMES;Transitar na contramão;Colisão lateral sentido oposto;Com Vítimas Feridas;Pleno dia;Decrescente;Céu Claro;Simples;Reta;Não;3;0;1;0;2;0;1;2;-9,868076;-63,0579683;SPRF-RO;DEL03-RO;UOP01-DEL03-RO
723153;06/10/2025;segunda-feira;08:20:00;SC;280;6,3;SAO FRANCISCO DO SUL;Ultrapassagem Indevida;Colisão transversal;Com Vítimas Feridas;Pleno dia;Crescente;Garoa/Chuvisco;Simples;Reta;Sim;2;0;1;0;1;0;1;2;-26,267256;-48,635846;SPRF-SC;DEL03-SC;UOP03-DEL03-SC
723154;06/10/2025;segunda-feira;07:30:00;MG;50;120,4;UBERABA;Reação tardia ou ineficiente do condutor;Capotamento;Com Vítimas Feridas;Pleno dia;Decrescente;Céu Claro;Dupla;Reta;Não;1;0;1;0;0;0;1;1;-19,29062842;-48,11807871;SPRF-MG;DEL13-MG;UOP01-DEL13-MG
723155;06/10/2025;segunda-feira;08:00:00;MT;364;403;CUIABA;Ausência de reação do condutor;Colisão traseira;Com Vítimas Feridas;Pleno dia;Crescente;Céu Claro;Dupla;"Reta;Viaduto";Sim;3;0;1;1;1;0;2;2;-15,64949761;-56,00070387;SPRF-MT;DEL01-MT;UOP02-DEL01-MT
723156;06/10/2025;segunda-feira;09:00:00;PI;343;141;PIRACURUCA;Acessar a via sem observar a presença dos outros veículos;Colisão transversal;Com Vítimas Feridas;Pleno dia;Crescente;Céu Claro;Simples;Reta;Sim;4;0;1;0;3;0;1;2;-3,93875425;-41,71946526;SPRF-PI;DEL02-PI;UOP01-DEL02-PI
723157;06/10/2025;segunda-feira;08:15:00;MT;364;403;CUIABA;Reação tardia ou ineficiente do condutor;Colisão traseira;Com Vítimas Feridas;Pleno dia;Decrescente;Céu Claro;Múltipla;"Reta;Viaduto";Não;2;0;1;1;0;0;2;2;-15,64983746;-56,00016832;SPRF-MT;DEL01-MT;UOP02-DEL01-MT
723158;06/10/2025;segunda-feira;07:00:00;GO;50;109,6;CRISTALINA;Condutor Dormindo;Saída de leito carroçável;Sem Vítimas;Amanhecer;Crescente;Céu Claro;Dupla;Reta;Não;1;0;0;0;0;1;0;1;-16,851401;-47,676;SPRF-DF;DEL01-DF;UOP02-DEL01-DF
723159;06/10/2025;segunda-feira;10:00:00;MG;364;25;FRUTAL;Demais falhas mecânicas ou elétricas;Incêndio;Sem Vítimas;Pleno dia;Crescente;Sol;Simples;Reta;Não;1;0;0;0;1;0;0;1;-20,03640302;-48,86790482;SPRF-MG;DEL13-MG;UOP02-DEL13-MG
723160;06/10/2025;segunda-feira;07:20:00;MG;50;22,5;ARAGUARI;Velocidade Incompatível;Saída de leito carroçável;Com Vítimas Fatais;Pleno dia;Crescente;Sol;Dupla;"Declive;Reta";Não;2;1;1;0;0;0;1;1;-18,6088313;-48,05608749;SPRF-MG;DEL15-MG;UOP02-DEL15-MG
723161;06/10/2025;segunda-feira;06:55:00;MA;230;406;BALSAS;Acessar a via sem observar a presença dos outros veículos;Colisão transversal;Com Vítimas Feridas;Pleno dia;Decrescente;Céu Claro;Simples;Reta;Sim;2;0;0;1;1;0;1;2;-7,51982959;-46,06314588;SPRF-MA;DEL05-MA;UOP01-DEL05-MA
723162;06/10/2025;segunda-feira;10:00:00;SC;101;213,7;PALHOCA;Acessar a via sem observar a presença dos outros veículos;Colisão transversal;Sem Vítimas;Pleno dia;Crescente;Nublado;Dupla;Reta;Sim;2;0;0;0;2;0;0;2;-27,637322;-48,665578;SPRF-SC;DEL01-SC;UOP02-DEL01-SC
723163;28/09/2025;domingo;18:26:00;MA;230;392;BALSAS;Condutor deixou de manter distância do veículo da frente;Colisão traseira;Com Vítimas Feridas;Anoitecer;Crescente;Céu Claro;Simples;Reta;Não;3;0;1;1;1;0;2;2;-7,433517;-46,002878;SPRF-MA;DEL05-MA;UOP01-DEL05-MA
723164;06/10/2025;segunda-feira;09:30:00;MG;116;275,9;TEOFILO OTONI;Ultrapassagem Indevida;Colisão transversal;Com Vítimas Feridas;Pleno dia;Decrescente;Céu Claro;Simples;Reta;Sim;2;0;1;0;1;0;1;2;-17,850796;-41,514656;SPRF-MG;DEL11-MG;UOP01-DEL11-MG
723165;06/10/2025;segunda-feira;08:55:00;RJ;101;399;ITAGUAI;Ausência de reação do condutor;Colisão traseira;Sem Vítimas;Pleno dia;Crescente;Céu Claro;Múltipla;Reta;Não;2;0;0;0;1;1;0;2;-22,85890178;-43,75940577;SPRF-RJ;DEL03-RJ;UOP01-DEL03-RJ
723166;06/10/2025;segunda-feira;10:00:00;GO;60;114;GOIANAPOLIS;Velocidade Incompatível;Saída de leito carroçável;Com Vítimas Feridas;Pleno dia;Crescente;Céu Claro;Dupla;"Declive;Reta";Não;1;0;1;0;0;0;1;1;-16,45714465;-49,05706778;SPRF-GO;DEL01-GO;UOP01-DEL01-GO
723167;05/10/2025;domingo;23:00:00;AM;174;886;MANAUS;Deficiência do Sistema de Iluminação/Sinalização;Colisão lateral mesmo sentido;Com Vítimas Feridas;Plena Noite;Crescente;Céu Claro;Simples;Reta;Sim;3;0;1;0;2;0;1;2;-2,963156;-60,026283;SPRF-AM;DEL01-AM;UOP01-DEL01-AM
723168;06/10/2025;segunda-feira;08:50:00;BA;116;9;VITORIA DA CONQUISTA;Ausência de reação do condutor;Saída de leito carroçável;Com Vítimas Feridas;Pleno dia;Decrescente;Céu Claro;Simples;Reta;Sim;1;0;1;0;0;0;1;1;-14,85385645;-40,88078141;SPRF-BA;DEL08-BA;UOP01-DEL08-BA
723169;06/10/2025;segunda-feira;07:30:00;SC;280;23,8;ARAQUARI;Transitar na contramão;Colisão transversal;Com Vítimas Feridas;Pleno dia;Crescente;Nublado;Simples;Reta;Não;2;0;1;0;1;0;1;2;-26,376784;-48,718908;SPRF-SC;DEL03-SC;UOP03-DEL03-SC
723170;06/10/2025;segunda-feira;08:25:00;MG;116;539,6;SANTA RITA DE MINAS;Velocidade Incompatível;Tombamento;Com Vítimas Feridas;Pleno dia;Crescente;Nublado;Simples;Curva;Não;1;0;0;1;0;0;1;1;-19,88888685;-42,13754654;SPRF-MG;DEL06-MG;UOP02-DEL06-MG
723171;06/10/2025;segunda-feira;11:15:00;BA;324;613;SALVADOR;Trafegar com motocicleta (ou similar) entre as faixas;Colisão lateral mesmo sentido;Com Vítimas Feridas;Pleno dia;Crescente;Céu Claro;Dupla;Reta;Não;2;0;0;1;0;1;1;2;-12,8665485;-38,4240701;SPRF-BA;DEL01-BA;UOP01-DEL01-BA
723172;06/10/2025;segunda-feira;09:00:00;RJ;101;542;PARATY;Mal súbito do condutor;Colisão com objeto;Com Vítimas Feridas;Pleno dia;Crescente;Céu Claro;Simples;Reta;Não;2;0;0;1;0;1;1;2;-23,04777164;-44,59024429;SPRF-RJ;DEL03-RJ;UOP04-DEL03-RJ
723173;06/10/2025;segunda-feira;08:48:00;SC;470;111,6;IBIRAMA;Pista Escorregadia;Tombamento;Com Vítimas Feridas;Pleno dia;Crescente;Nublado;Simples;"Aclive;Curva";Não;1;0;1;0;0;0;1;1;-27,09934273;-49,46166158;SPRF-SC;DEL04-SC;UOP02-DEL04-SC
723174;22/09/2025;segunda-feira;18:22:00;RJ;101;318;SAO GONCALO;Reação tardia ou ineficiente do condutor;Queda de ocupante de veículo;Com Vítimas Feridas;Plena Noite;Decrescente;Garoa/Chuvisco;Dupla;Reta;Não;1;0;1;0;0;0;1;1;-22,7928747;-43,0248264;SPRF-RJ;DEL02-RJ;UOP02-DEL02-RJ
723175;15/09/2025;segunda-feira;13:30:00;SP;0;0;ICEM;Manobra de mudança de faixa;Colisão lateral mesmo sentido;Com Vítimas Feridas;Pleno dia;Não Informado;Céu Claro;Dupla;"Curva;Interseção de Vias";Não;4;0;1;0;3;0;1;2;-20,33413992;-49,19450104;SPRF-SP;DEL09-SP;N/A
723177;06/10/2025;segunda-feira;09:30:00;MS;267;32,1;BATAGUASSU;Acessar a via sem observar a presença dos outros veículos;Colisão lateral mesmo sentido;Com Vítimas Feridas;Pleno dia;Crescente;Céu Claro;Simples;Declive;Não;2;0;1;0;1;0;1;2;-21,728527;-52,444707;SPRF-MS;DEL02-MS;UOP04-DEL02-MS
723178;06/10/2025;segunda-feira;11:10:00;RS;470;218;BENTO GONCALVES;Acumulo de óleo sobre o pavimento;Queda de ocupante de veículo;Com Vítimas Feridas;Pleno dia;Crescente;Chuva;Simples;"Declive;Curva";Não;1;0;0;1;0;0;1;1;-29,18483531;-51,52147883;SPRF-RS;DEL06-RS;UOP01-DEL06-RS
723179;06/10/2025;segunda-feira;11:10:00;ES;101;268,2;SERRA;Ausência de reação do condutor;Queda de ocupante de veículo;Com Vítimas Feridas;Pleno dia;Crescente;Sol;Simples;Reta;Sim;2;0;1;0;0;1;1;1;-20,212007;-40,269852;SPRF-ES;DEL02-ES;UOP01-DEL02-ES
723185;06/10/2025;segunda-feira;11:30:00;GO;414;304;VILA PROPICIO;Demais falhas mecânicas ou elétricas;Incêndio;Sem Vítimas;Pleno dia;Crescente;Céu Claro;Simples;Reta;Não;1;0;0;0;0;1;0;1;-15,2456;-48,69008;SPRF-GO;DEL02-GO;UOP01-DEL02-GO
723187;06/10/2025;segunda-feira;09:20:00;RS;116;368;ELDORADO DO SUL;Demais falhas mecânicas ou elétricas;Incêndio;Sem Vítimas;Pleno dia;Decrescente;Chuva;Dupla;Reta;Não;1;0;0;0;0;1;0;1;-30,0253184;-51,3245184;SPRF-RS;DEL02-RS;UOP02-DEL02-RS
723190;06/10/2025;segunda-feira;13:07:00;PR;369;3,7;APUCARANA;Condutor desrespeitou a iluminação vermelha do semáforo;Colisão transversal;Com Vítimas Feridas;Pleno dia;Decrescente;Céu Claro;Dupla;Reta;Sim;2;0;1;0;1;0;1;2;-23,55667028;-51,44276261;SPRF-PR;DEL07-PR;UOP05-DEL07-PR
723191;06/10/2025;segunda-feira;11:09:00;RJ;40;121;DUQUE DE CAXIAS;Demais falhas mecânicas ou elétricas;Colisão lateral mesmo sentido;Com Vítimas Feridas;Pleno dia;Crescente;Céu Claro;Múltipla;Reta;Sim;2;0;1;0;1;0;1;2;-22,78031555;-43,28591576;SPRF-RJ;DEL01-RJ;UOP02-DEL01-RJ
723192;06/10/2025;segunda-feira;13:00:00;SC;101;185,8;BIGUACU;Reação tardia ou ineficiente do condutor;Saída de leito carroçável;Com Vítimas Feridas;Pleno dia;Decrescente;Garoa/Chuvisco;Dupla;Reta;Não;1;0;1;0;0;0;1;1;-27,43384593;-48,62535803;SPRF-SC;DEL01-SC;UOP01-DEL01-SC
723193;06/10/2025;segunda-feira;12:20:00;PR;376;167,9;MARINGA;Ausência de reação do condutor;Engavetamento;Com Vítimas Feridas;Pleno dia;Decrescente;Céu Claro;Dupla;"Aclive;Reta;Retorno Regulamentado";Não;4;0;0;1;3;0;1;3;-23,39337573;-52,00947968;SPRF-PR;DEL09-PR;UOP01-DEL09-PR
723194;06/10/2025;segunda-feira;09:45:00;RS;386;161,5;ALMIRANTE TAMANDARE DO SUL;Chuva;Saída de leito carroçável;Com Vítimas Feridas;Pleno dia;Decrescente;Chuva;Simples;Curva;Não;1;0;0;1;0;0;1;1;-28,16721054;-52,83574104;SPRF-RS;DEL08-RS;UOP01-DEL08-RS
723196;06/10/2025;segunda-feira;11:30:00;RJ;40;105;DUQUE DE CAXIAS;Acumulo de areia ou detritos sobre o pavimento;Queda de ocupante de veículo;Com Vítimas Feridas;Pleno dia;Decrescente;Céu Claro;Simples;Declive;Sim;1;0;1;0;0;0;1;1;-22,63548669;-43,28468118;SPRF-RJ;DEL01-RJ;UOP02-DEL01-RJ
723197;06/10/2025;segunda-feira;12:30:00;RS;285;54,7;BOM JESUS;Reação tardia ou ineficiente do condutor;Saída de leito carroçável;Com Vítimas Feridas;Pleno dia;Decrescente;Chuva;Simples;Curva;Não;1;0;1;0;0;0;1;1;-28,64988;-50,37216;SPRF-RS;DEL05-RS;UOP03-DEL05-RS
723198;06/10/2025;segunda-feira;13:30:00;SC;101;204;SAO JOSE;Trafegar com motocicleta (ou similar) entre as faixas;Colisão lateral mesmo sentido;Com Vítimas Feridas;Pleno dia;Crescente;Chuva;Múltipla;Reta;Sim;3;0;2;0;1;0;2;2;-27,58097;-48,61466;SPRF-SC;DEL01-SC;UOP01-DEL01-SC
723199;06/10/2025;segunda-feira;13:00:00;MS;163;555;BANDEIRANTES;Conversão proibida;Colisão lateral mesmo sentido;Com Vítimas Feridas;Pleno dia;Crescente;Céu Claro;Dupla;"Reta;Aclive";Não;9;0;2;3;4;0;5;2;-19,86109957;-54,369059;SPRF-MS;DEL01-MS;UOP02-DEL01-MS
723200;06/10/2025;segunda-feira;11:15:00;PA;316;85;SAO FRANCISCO DO PARA;Transitar na contramão;Saída de leito carroçável;Com Vítimas Feridas;Pleno dia;Decrescente;Céu Claro;Simples;"Declive;Reta";Não;2;0;1;0;0;1;1;2;-1,312435;-47,731348;SPRF-PA;DEL01-PA;UOP02-DEL01-PA
723202;06/10/2025;segunda-feira;08:20:00;MS;163;503;JARAGUARI;Ausência de reação do condutor;Colisão com objeto;Com Vítimas Feridas;Pleno dia;Crescente;Céu Claro;Dupla;Reta;Não;1;0;1;0;0;0;1;1;-20,295378;-54,501359;SPRF-MS;DEL01-MS;UOP02-DEL01-MS
723203;06/10/2025;segunda-feira;13:50:00;MG;262;787;UBERABA;Objeto estático sobre o leito carroçável;Colisão com objeto;Com Vítimas Feridas;Pleno dia;Crescente;Céu Claro;Dupla;Reta;Não;1;0;1;0;0;0;1;1;-19,76928828;-47,89489746;SPRF-MG;DEL13-MG;UOP01-DEL13-MG
723205;06/10/2025;segunda-feira;13:49:00;SP;116;283;EMBU DAS ARTES;Transitar na contramão;Colisão frontal;Com Vítimas Feridas;Pleno dia;Crescente;Céu Claro;Dupla;Reta;Sim;3;0;0;1;2;0;1;2;-23,66921022;-46,85600281;SPRF-SP;DEL04-SP;UOP01-DEL04-SP
723207;06/10/2025;segunda-feira;11:00:00;RJ;493;23;MAGE;Condutor deixou de manter distância do veículo da frente;Colisão lateral mesmo sentido;Com Vítimas Feridas;Pleno dia;Decrescente;Céu Claro;Simples;Reta;Sim;2;0;1;0;1;0;1;2;-22,6623488;-43,08992;SPRF-RJ;DEL04-RJ;UOP02-DEL04-RJ
723208;06/10/2025;segunda-feira;11:50:00;AC;364;126;RIO BRANCO;Conversão proibida;Colisão traseira;Sem Vítimas;Pleno dia;Decrescente;Céu Claro;Simples;Reta;Sim;4;0;0;0;4;0;0;2;-10,01834018;-67,81350439;SPRF-AC;DEL01-AC;UOP01-DEL01-AC
723215;06/10/2025;segunda-feira;14:15:00;MG;365;661,8;MONTE ALEGRE DE MINAS;Condutor usando celular;Saída de leito carroçável;Com Vítimas Feridas;Pleno dia;Decrescente;Céu Claro;Dupla;Curva;Não;1;0;0;1;0;0;1;1;-18,894667;-48,658178;SPRF-MG;DEL15-MG;UOP01-DEL15-MG
723216;06/10/2025;segunda-feira;14:10:00;SC;101;192,2;BIGUACU;Avarias e/ou desgaste excessivo no pneu;Saída de leito carroçável;Sem Vítimas;Pleno dia;Decrescente;Chuva;Dupla;Curva;Não;1;0;0;0;1;0;0;1;-27,47672949;-48,64080302;SPRF-SC;DEL01-SC;UOP01-DEL01-SC
723217;06/10/2025;segunda-feira;13:00:00;MT;364;326;CAMPO VERDE;Reação tardia ou ineficiente do condutor;Saída de leito carroçável;Sem Vítimas;Pleno dia;Decrescente;Céu Claro;Dupla;Reta;Não;1;0;0;0;1;0;0;1;-15,816;-55,395;SPRF-MT;DEL05-MT;UOP02-DEL05-MT
723219;01/08/2025;sexta-feira;03:30:00;MG;40;618;CONGONHAS;Ingestão de álcool pelo condutor;Saída de leito carroçável;Sem Vítimas;Plena Noite;Crescente;Nevoeiro/Neblina;Simples;Reta;Não;1;0;0;0;1;0;0;1;-20,56739555;-43,8119716;SPRF-MG;DEL05-MG;UOP02-DEL05-MG
723221;06/10/2025;segunda-feira;15:00:00;PR;369;144,3;LONDRINA;Velocidade Incompatível;Saída de leito carroçável;Sem Vítimas;Pleno dia;Crescente;Nublado;Dupla;"Reta;Declive";Sim;1;0;0;0;1;0;0;1;-23,29360403;-51,11006141;SPRF-PR;DEL07-PR;UOP01-DEL07-PR
723225;06/10/2025;segunda-feira;14:30:00;PR;277;1;PARANAGUA;Acesso irregular;Queda de ocupante de veículo;Com Vítimas Feridas;Pleno dia;Crescente;Nublado;Dupla;Reta;Sim;2;0;1;0;1;0;1;2;-25,55357764;-48,55520217;SPRF-PR;DEL01-PR;UOP05-DEL01-PR
723229;06/10/2025;segunda-feira;15:55:00;PR;277;430,3;VIRMOND;Desrespeitar a preferência no cruzamento;Colisão transversal;Com Vítimas Feridas;Pleno dia;Decrescente;Nublado;Simples;Reta;Sim;3;0;1;0;2;0;1;2;-25,37843304;-52,20262287;SPRF-PR;DEL04-PR;UOP02-DEL04-PR
723230;06/10/2025;segunda-feira;16:30:00;BA;101;99;ALAGOINHAS;Ultrapassagem Indevida;Capotamento;Com Vítimas Feridas;Pleno dia;Crescente;Céu Claro;Simples;Reta;Não;2;0;2;0;0;0;2;1;-12,09098448;-38,35911816;SPRF-BA;DEL01-BA;UOP04-DEL01-BA
723231;06/10/2025;segunda-feira;16:15:00;SC;282;4,7;SAO JOSE;Condutor deixou de manter distância do veículo da frente;Colisão traseira;Com Vítimas Feridas;Pleno dia;Crescente;Chuva;Múltipla;Reta;Sim;6;0;2;0;4;0;2;3;-27,58914387;-48,61187808;SPRF-SC;DEL01-SC;UOP01-DEL01-SC
723232;06/10/2025;segunda-feira;13:25:00;MG;116;539,5;SANTA RITA DE MINAS;Velocidade Incompatível;Colisão frontal;Com Vítimas Fatais;Pleno dia;Crescente;Sol;Simples;Curva;Não;13;1;9;2;1;0;11;2;-19,88839355;-42,13784605;SPRF-MG;DEL06-MG;UOP02-DEL06-MG
723233;06/10/2025;segunda-feira;16:48:00;SC;282;5,5;SAO JOSE;Velocidade Incompatível;Tombamento;Com Vítimas Feridas;Anoitecer;Crescente;Garoa/Chuvisco;Dupla;"Declive;Curva";Não;1;0;1;0;0;0;1;1;-27,58505156;-48,6177942;SPRF-SC;DEL01-SC;UOP01-DEL01-SC
723234;06/10/2025;segunda-feira;16:45:00;SC;282;5,5;SAO JOSE;Reação tardia ou ineficiente do condutor;Tombamento;Com Vítimas Feridas;Pleno dia;Crescente;Chuva;Múltipla;"Declive;Curva";Sim;1;0;1;0;0;0;1;1;-27,58514854;-48,61785354;SPRF-SC;DEL01-SC;UOP01-DEL01-SC
723235;06/10/2025;segunda-feira;16:10:00;SC;101;139;BALNEARIO CAMBORIU;Reação tardia ou ineficiente do condutor;Capotamento;Com Vítimas Feridas;Pleno dia;Crescente;Chuva;Dupla;Curva;Sim;1;0;1;0;0;0;1;1;-27,02929886;-48,60141277;SPRF-SC;DEL04-SC;UOP03-DEL04-SC
723236;06/10/2025;segunda-feira;17:05:00;SP;116;446;REGISTRO;Ultrapassagem Indevida;Colisão lateral mesmo sentido;Com Vítimas Feridas;Pleno dia;Decrescente;Céu Claro;Simples;"Curva;Declive";Sim;2;0;1;0;1;0;1;2;-24,50904157;-47,84898726;SPRF-SP;DEL05-SP;UOP01-DEL05-SP
723238;06/10/2025;segunda-feira;13:39:00;SC;101;126;ITAJAI;Reação tardia ou ineficiente do condutor;Colisão lateral mesmo sentido;Sem Vítimas;Pleno dia;Decrescente;Chuva;Múltipla;"Reta;Viaduto";Não;2;0;0;0;0;2;0;2;-26,95292511;-48,67938703;SPRF-SC;DEL04-SC;UOP04-DEL04-SC
723239;06/10/2025;segunda-feira;17:30:00;MG;40;522,9;CONTAGEM;Reação tardia ou ineficiente do condutor;Colisão traseira;Com Vítimas Feridas;Pleno dia;Decrescente;Céu Claro;Dupla;Reta;Sim;3;0;1;0;1;1;1;3;-19,8708491;-44,0566801;SPRF-MG;DEL01-MG;UOP02-DEL01-MG
723240;06/10/2025;segunda-feira;12:40:00;RJ;101;295;ITABORAI;Condutor deixou de manter distância do veículo da frente;Engavetamento;Com Vítimas Feridas;Pleno dia;Decrescente;Sol;Dupla;Reta;Sim;4;0;1;0;3;0;1;3;-22,76953375;-42,91809082;SPRF-RJ;DEL02-RJ;UOP02-DEL02-RJ
723241;06/10/2025;segunda-feira;14:00:00;SP;116;498;CAJATI;Condutor Dormindo;Colisão com objeto;Com Vítimas Feridas;Pleno dia;Crescente;Céu Claro;Simples;Reta;Não;2;0;1;0;1;0;1;1;-24,78082066;-48,17494941;SPRF-SP;DEL05-SP;UOP02-DEL05-SP
723242;07/09/2025;domingo;08:24:00;TO;10;456;PALMAS;Pedestre cruzava a pista fora da faixa;Colisão frontal;Com Vítimas Feridas;Pleno dia;Decrescente;Céu Claro;Múltipla;Reta;Sim;2;0;0;1;1;0;1;2;-10,29708536;-48,29758823;SPRF-TO;DEL01-TO;UOP03-DEL01-TO
723243;06/10/2025;segunda-feira;16:50:00;RS;392;347;SANTA MARIA;Condutor deixou de manter distância do veículo da frente;Colisão traseira;Com Vítimas Feridas;Pleno dia;Decrescente;Nublado;Simples;Reta;Sim;3;0;2;0;1;0;2;2;-29,7632193;-53,78575299;SPRF-RS;DEL09-RS;UOP01-DEL09-RS
723244;06/10/2025;segunda-feira;15:55:00;MT;163;836;SINOP;Condutor deixou de manter distância do veículo da frente;Queda de ocupante de veículo;Com Vítimas Feridas;Pleno dia;Decrescente;Céu Claro;Simples;Reta;Sim;1;0;1;0;0;0;1;1;-11,84275418;-55,49043629;SPRF-MT;DEL06-MT;UOP02-DEL06-MT
723245;04/09/2025;quinta-feira;18:30:00;PE;232;161;TACAIMBO;Acessar a via sem observar a presença dos outros veículos;Colisão frontal;Com Vítimas Feridas;Plena Noite;Decrescente;Chuva;Dupla;Reta;Não;2;0;1;0;1;0;1;2;-8,332573;-36,266659;SPRF-PE;DEL03-PE;UOP02-DEL03-PE
723247;06/10/2025;segunda-feira;14:45:00;PR;153;387;MALLET;Ausência de reação do condutor;Capotamento;Sem Vítimas;Pleno dia;Crescente;Garoa/Chuvisco;Simples;Curva;Não;1;0;0;0;1;0;0;1;-25,884;-50,836;SPRF-PR;DEL08-PR;UOP02-DEL08-PR
723248;06/10/2025;segunda-feira;18:00:00;SC;101;213,4;PALHOCA;Chuva;Engavetamento;Com Vítimas Feridas;Anoitecer;Decrescente;Chuva;Múltipla;Reta;Sim;3;0;2;0;1;0;2;3;-27,63982054;-48,66703955;SPRF-SC;DEL01-SC;UOP02-DEL01-SC
723249;06/10/2025;segunda-feira;17:45:00;GO;414;440;ANAPOLIS;Conversão proibida;Colisão transversal;Com Vítimas Feridas;Anoitecer;Crescente;Ignorado;Simples;Reta;Sim;3;0;3;0;0;0;3;2;-16,28078992;-48,94243336;SPRF-GO;DEL02-GO;UOP01-DEL02-GO
723250;06/10/2025;segunda-feira;18:00:00;PR;277;654,6;MATELANDIA;Transitar no Acostamento;Colisão traseira;Com Vítimas Feridas;Pleno dia;Crescente;Céu Claro;Simples;Reta;Não;2;0;0;2;0;0;2;2;-25,225338;-53,951354;SPRF-PR;DEL05-PR;UOP02-DEL05-PR
723251;06/10/2025;segunda-feira;18:00:00;SC;282;3;FLORIANOPOLIS;Velocidade Incompatível;Colisão traseira;Com Vítimas Feridas;Plena Noite;Crescente;Garoa/Chuvisco;Dupla;Reta;Não;4;0;3;0;1;0;3;3;-27,60184699;-48,59685771;SPRF-SC;DEL01-SC;UOP01-DEL01-SC
723253;06/10/2025;segunda-feira;18:00:00;SC;101;36;JOINVILLE;Desrespeitar a preferência no cruzamento;Colisão transversal;Com Vítimas Feridas;Pleno dia;Crescente;Garoa/Chuvisco;Simples;"Viaduto;Interseção de Vias";Sim;4;0;1;0;3;0;1;3;-26,27343894;-48,89447864;SPRF-SC;DEL03-SC;UOP01-DEL03-SC
723255;06/10/2025;segunda-feira;18:00:00;CE;116;23;AQUIRAZ;Ausência de reação do condutor;Engavetamento;Com Vítimas Feridas;Plena Noite;Crescente;Céu Claro;Dupla;Retorno Regulamentado;Não;3;0;1;0;2;0;1;3;-3,95299463;-38,512561;SPRF-CE;DEL01-CE;UOP02-DEL01-CE
723256;06/10/2025;segunda-feira;17:10:00;RJ;40;118;DUQUE DE CAXIAS;Demais falhas mecânicas ou elétricas;Tombamento;Com Vítimas Feridas;Anoitecer;Decrescente;Céu Claro;Dupla;Reta;Sim;2;0;1;0;1;0;1;1;-22,75392604;-43,28720673;SPRF-RJ;DEL01-RJ;UOP02-DEL01-RJ
723257;06/10/2025;segunda-feira;18:30:00;PR;369;137;IBIPORA;Velocidade Incompatível;Capotamento;Com Vítimas Feridas;Anoitecer;Crescente;Céu Claro;Simples;Reta;Sim;2;0;1;1;0;0;2;1;-23,26828045;-51,03886334;SPRF-PR;DEL07-PR;UOP01-DEL07-PR
723258;06/10/2025;segunda-feira;18:20:00;SC;101;134;BALNEARIO CAMBORIU;Condutor deixou de manter distância do veículo da frente;Colisão lateral mesmo sentido;Com Vítimas Feridas;Plena Noite;Decrescente;Chuva;Dupla;Reta;Sim;2;0;1;0;1;0;1;2;-26,99864905;-48,64789009;SPRF-SC;DEL04-SC;UOP03-DEL04-SC