id;data_inversa;dia_semana;horario;uf;br;km;municipio;causa_acidente;tipo_acidente;classificacao_acidente;fase_dia;sentido_via;condicao_metereologica;tipo_pista;tracado_via;uso_solo;pessoas;mortos;feridos_leves;feridos_graves;ilesos;ignorados;feridos;veiculos;latitude;longitude;regional;delegacia;uop
723259;06/10/2025;segunda-feira;17:30:00;SC;280;179,1;MAFRA;Acessar a via sem observar a presença dos outros veículos;Colisão transversal;Sem Vítimas;Pleno dia;Decrescente;Céu Claro;Simples;"Aclive;Reta;Rotatória";Não;3;0;0;0;3;0;0;2;-26,177605;-49,879466;SPRF-SC;DEL06-SC;UOP01-DEL06-SC
723260;06/10/2025;segunda-feira;18:35:00;RS;470;168;VILA FLORES;Acessar a via sem observar a presença dos outros veículos;Colisão transversal;Com Vítimas Feridas;Anoitecer;Crescente;Chuva;Simples;Reta;Sim;2;0;0;1;1;0;1;2;-28,86362503;-51,55312683;SPRF-RS;DEL06-RS;UOP02-DEL06-RS
723262;06/10/2025;segunda-feira;19:00:00;MG;381;481;BETIM;Trafegar com motocicleta (ou similar) entre as faixas;Colisão lateral mesmo sentido;Com Vítimas Feridas;Plena Noite;Crescente;Céu Claro;Dupla;"Aclive;Reta";Sim;2;0;0;1;1;0;1;2;-19,95891862;-44,06762123;SPRF-MG;DEL01-MG;UOP03-DEL01-MG
723263;06/10/2025;segunda-feira;19:00:00;ES;101;62,7;SAO MATEUS;Manobra de mudança de faixa;Colisão lateral sentido oposto;Com Vítimas Feridas;Plena Noite;Decrescente;Céu Claro;Simples;"Reta;Aclive";Não;4;0;3;0;0;1;3;3;-18,69533132;-39,86436065;SPRF-ES;DEL04-ES;UOP02-DEL04-ES
723264;06/10/2025;segunda-feira;19:00:00;RN;101;80,6;SAO GONCALO DO AMARANTE;Acesso irregular;Colisão transversal;Com Vítimas Feridas;Plena Noite;Crescente;Céu Claro;Dupla;"Reta;Rotatória";Sim;2;0;2;0;0;0;2;2;-5,763258;-35,287063;SPRF-RN;DEL02-RN;UOP01-DEL02-RN
723265;06/10/2025;segunda-feira;14:30:00;RJ;40;121;DUQUE DE CAXIAS;Ausência de reação do condutor;Colisão traseira;Com Vítimas Feridas;Pleno dia;Crescente;Céu Claro;Dupla;Reta;Sim;3;0;2;0;1;0;2;2;-22,77969115;-43,28550609;SPRF-RJ;DEL01-RJ;UOP02-DEL01-RJ
723266;19/09/2025;sexta-feira;05:00:00;TO;153;120;WANDERLANDIA;Pedestre andava na pista;Atropelamento de Pedestre;Com Vítimas Fatais;Amanhecer;Crescente;Céu Claro;Simples;Reta;Não;2;1;0;0;0;1;0;2;-7,02752952;-48,10280786;SPRF-TO;DEL02-TO;UOP01-DEL02-TO
723270;06/10/2025;segunda-feira;19:15:00;RN;226;16;MACAIBA;Conversão proibida;Colisão traseira;Com Vítimas Feridas;Plena Noite;Crescente;Céu Claro;Simples;"Retorno Regulamentado;Reta";Sim;2;0;1;0;1;0;1;2;-5,86266183;-35,34277081;SPRF-RN;DEL01-RN;UOP02-DEL01-RN
723271;06/10/2025;segunda-feira;18:30:00;AL;423;100;DELMIRO GOUVEIA;Animais na Pista;Atropelamento de Animal;Com Vítimas Feridas;Plena Noite;Crescente;Céu Claro;Simples;Reta;Sim;1;0;0;1;0;0;1;1;-9,398;-38,172;SPRF-BA;DEL07-BA;UOP01-DEL07-BA
723273;06/10/2025;segunda-feira;19:40:00;GO;60;101;ANAPOLIS;Condutor deixou de manter distância do veículo da frente;Colisão traseira;Com Vítimas Feridas;Plena Noite;Crescente;Ignorado;Dupla;Reta;Sim;3;0;1;0;1;1;1;2;-16,40298;-48,97654;SPRF-GO;DEL02-GO;UOP01-DEL02-GO
723274;06/10/2025;segunda-feira;16:45:00;RJ;116;200;QUEIMADOS;Acesso irregular;Colisão transversal;Com Vítimas Feridas;Pleno dia;Decrescente;Céu Claro;Dupla;Reta;Não;2;0;1;0;1;0;1;2;-22,73154039;-43,57624054;SPRF-RJ;DEL06-RJ;UOP02-DEL06-RJ
723276;06/10/2025;segunda-feira;14:00:00;PI;135;507;MONTE ALEGRE DO PIAUI;Transitar na contramão;Colisão frontal;Com Vítimas Fatais;Pleno dia;Crescente;Céu Claro;Simples;Curva;Não;3;1;0;2;0;0;2;2;-9,7698;-45,320665;SPRF-PI;DEL03-PI;UOP02-DEL03-PI
723277;06/10/2025;segunda-feira;16:54:00;MA;10;249;IMPERATRIZ;Reação tardia ou ineficiente do condutor;Colisão traseira;Com Vítimas Feridas;Pleno dia;Crescente;Céu Claro;Simples;Reta;Não;5;0;2;0;3;0;2;4;-5,552697;-47,457863;SPRF-MA;DEL04-MA;UOP01-DEL04-MA
723278;06/10/2025;segunda-feira;19:30:00;PE;101;60;RECIFE;Entrada inopinada do pedestre;Colisão traseira;Com Vítimas Feridas;Plena Noite;Decrescente;Céu Claro;Dupla;Reta;Sim;2;0;1;0;1;0;1;2;-7,987316;-34,933215;SPRF-PE;DEL01-PE;UOP02-DEL01-PE
723282;06/10/2025;segunda-feira;16:10:00;RJ;101;297;SAO GONCALO;Acessar a via sem observar a presença dos outros veículos;Atropelamento de Pedestre;Com Vítimas Fatais;Pleno dia;Crescente;Céu Claro;Dupla;Reta;Sim;3;1;0;0;2;0;0;2;-22,7936086;-43,0291958;SPRF-RJ;DEL02-RJ;UOP02-DEL02-RJ
723283;06/10/2025;segunda-feira;19:20:00;PE;232;149;SAO CAITANO;Condutor deixou de manter distância do veículo da frente;Colisão traseira;Com Vítimas Feridas;Plena Noite;Crescente;Céu Claro;Dupla;Reta;Não;5;0;2;0;3;0;2;2;-8,327483;-36,154375;SPRF-PE;DEL03-PE;UOP02-DEL03-PE
723284;06/10/2025;segunda-feira;19:30:00;RJ;101;485;ANGRA DOS REIS;Ausência de reação do condutor;Colisão traseira;Com Vítimas Feridas;Plena Noite;Crescente;Céu Claro;Dupla;Reta;Sim;4;0;1;0;3;0;1;2;-22,97988829;-44,29593867;SPRF-RJ;DEL03-RJ;UOP03-DEL03-RJ
723286;06/10/2025;segunda-feira;20:40:00;GO;153;434;ANAPOLIS;Animais na Pista;Atropelamento de Animal;Com Vítimas Feridas;Plena Noite;Crescente;Ignorado;Dupla;"Reta;Declive";Sim;1;0;0;1;0;0;1;1;-16,275172;-48,968345;SPRF-GO;DEL02-GO;UOP01-DEL02-GO
723287;06/10/2025;segunda-feira;19:45:00;RJ;101;406;ITAGUAI;Conversão proibida;Colisão frontal;Com Vítimas Feridas;Plena Noite;Decrescente;Céu Claro;Simples;Reta;Sim;2;0;1;0;1;0;1;2;-22,874778;-43,812933;SPRF-RJ;DEL03-RJ;UOP01-DEL03-RJ
723289;06/10/2025;segunda-feira;19:30:00;MT;163;736;SORRISO;Ausência de reação do condutor;Saída de leito carroçável;Sem Vítimas;Plena Noite;Crescente;Céu Claro;Simples;"Em Obras;Reta";Não;1;0;0;0;1;0;0;1;-12,670944;-55,793423;SPRF-MT;DEL06-MT;UOP01-DEL06-MT
723290;06/10/2025;segunda-feira;20:39:00;MG;262;474,7;BOM DESPACHO;Reação tardia ou ineficiente do condutor;Saída de leito carroçável;Com Vítimas Feridas;Plena Noite;Crescente;Céu Claro;Simples;"Reta;Aclive";Não;2;0;1;0;1;0;1;1;-19,786413;-45,2996;SPRF-MG;DEL08-MG;UOP03-DEL08-MG
723292;06/10/2025;segunda-feira;10:30:00;MA;135;25,1;SAO LUIS;Fumaça;Colisão traseira;Com Vítimas Feridas;Pleno dia;Decrescente;Céu Claro;Dupla;Reta;Não;3;0;1;0;0;2;1;3;-2,6902528;-44,2925056;SPRF-MA;DEL01-MA;UOP01-DEL01-MA
723293;06/10/2025;segunda-feira;21:00:00;DF;20;23,2;BRASILIA;Velocidade Incompatível;Saída de leito carroçável;Sem Vítimas;Plena Noite;Crescente;Céu Claro;Dupla;"Aclive;Reta";Sim;3;0;0;0;3;0;0;1;-15,58186497;-47,53574805;SPRF-DF;DEL02-DF;UOP01-DEL02-DF
723294;06/10/2025;segunda-feira;20:10:00;SC;101;141;BALNEARIO CAMBORIU;Reação tardia ou ineficiente do condutor;Saída de leito carroçável;Sem Vítimas;Plena Noite;Crescente;Chuva;Dupla;Curva;Não;1;0;0;0;0;1;0;1;-27,05272234;-48,59999053;SPRF-SC;DEL04-SC;UOP03-DEL04-SC
723295;06/10/2025;segunda-feira;20:00:00;MA;10;319;ACAILANDIA;Condutor deixou de manter distância do veículo da frente;Colisão lateral mesmo sentido;Com Vítimas Fatais;Plena Noite;Decrescente;Céu Claro;Dupla;Reta;Sim;5;1;2;0;2;0;2;4;-4,959092;-47,507047;SPRF-MA;DEL04-MA;UOP03-DEL04-MA
723296;06/10/2025;segunda-feira;03:20:00;PR;277;682;SAO MIGUEL DO IGUACU;Avarias e/ou desgaste excessivo no pneu;Saída de leito carroçável;Com Vítimas Feridas;Plena Noite;Decrescente;Nublado;Dupla;Reta;Não;4;0;4;0;0;0;4;1;-25,33326588;-54,19251707;SPRF-PR;DEL05-PR;UOP01-DEL05-PR
723298;06/10/2025;segunda-feira;20:00:00;SC;101;57;JOINVILLE;Demais falhas mecânicas ou elétricas;Colisão com objeto;Sem Vítimas;Plena Noite;Crescente;Chuva;Dupla;Declive;Não;1;0;0;0;1;0;0;1;-26,42415684;-48,829422;SPRF-SC;DEL03-SC;UOP01-DEL03-SC
723299;06/10/2025;segunda-feira;08:15:00;BA;324;604;SIMOES FILHO;Acessar a via sem observar a presença dos outros veículos;Colisão lateral mesmo sentido;Com Vítimas Feridas;Pleno dia;Crescente;Céu Claro;Dupla;Reta;Não;3;0;1;0;2;0;1;3;-12,7991111;-38,4045833;SPRF-BA;DEL01-BA;UOP01-DEL01-BA
723300;06/10/2025;segunda-feira;22:20:00;RS;290;719;URUGUAIANA;Ausência de reação do condutor;Saída de leito carroçável;Com Vítimas Feridas;Plena Noite;Decrescente;Céu Claro;Simples;Reta;Sim;1;0;1;0;0;0;1;1;-29,77490099;-57,04260349;SPRF-RS;DEL13-RS;UOP01-DEL13-RS
723301;06/10/2025;segunda-feira;21:41:00;MS;163;615,7;SAO GABRIEL DO OESTE;Entrada inopinada do pedestre;Atropelamento de Pedestre;Com Vítimas Feridas;Plena Noite;Crescente;Céu Claro;Simples;Reta;Sim;2;0;0;1;1;0;1;2;-19,3904044;-54,57085669;SPRF-MS;DEL06-MS;UOP02-DEL06-MS
723302;06/10/2025;segunda-feira;22:35:00;RS;290;69;GRAVATAI;Ausência de reação do condutor;Saída de leito carroçável;Com Vítimas Feridas;Plena Noite;Crescente;Garoa/Chuvisco;Dupla;Reta;Não;1;0;1;0;0;0;1;1;-29,94514995;-50,94731418;SPRF-RS;DEL03-RS;UOP01-DEL03-RS
723303;06/10/2025;segunda-feira;20:20:00;MG;50;71;UBERLANDIA;Desrespeitar a preferência no cruzamento;Colisão transversal;Com Vítimas Feridas;Plena Noite;Crescente;Céu Claro;Simples;Interseção de Vias;Sim;2;0;0;1;1;0;1;2;-18,896428;-48,246958;SPRF-MG;DEL15-MG;UOP01-DEL15-MG
723305;06/10/2025;segunda-feira;23:20:00;RJ;40;87;PETROPOLIS;Reação tardia ou ineficiente do condutor;Queda de ocupante de veículo;Com Vítimas Feridas;Plena Noite;Crescente;Céu Claro;Simples;"Curva;Declive";Não;2;0;1;0;1;0;1;1;-22,56349756;-43,22796821;SPRF-RJ;DEL01-RJ;UOP01-DEL01-RJ
723306;06/10/2025;segunda-feira;22:15:00;SP;116;93,7;PINDAMONHANGABA;Ultrapassagem Indevida;Colisão traseira;Com Vítimas Feridas;Plena Noite;Decrescente;Céu Claro;Dupla;Reta;Não;4;0;0;1;3;0;1;4;-22,95776106;-45,4133606;SPRF-SP;DEL08-SP;UOP01-DEL08-SP
723312;07/10/2025;terça-feira;03:00:00;GO;60;4,1;SANTO ANTONIO DO DESCOBERTO;Ingestão de álcool pelo condutor;Colisão frontal;Sem Vítimas;Plena Noite;Decrescente;Céu Claro;Dupla;Reta;Não;1;0;0;0;0;1;0;1;-16,087742;-48,272743;SPRF-DF;DEL03-DF;UOP01-DEL03-DF
723313;07/10/2025;terça-feira;03:30:00;PR;376;439,3;IPIRANGA;Ausência de reação do condutor;Saída de leito carroçável;Com Vítimas Feridas;Plena Noite;Crescente;Nublado;Dupla;"Declive;Curva";Não;1;0;0;1;0;0;1;1;-24,849057;-50,473093;SPRF-PR;DEL03-PR;UOP02-DEL03-PR
723316;07/10/2025;terça-feira;04:00:00;RS;287;253;SANTA MARIA;Ausência de reação do condutor;Colisão com objeto;Com Vítimas Feridas;Plena Noite;Crescente;Céu Claro;Dupla;Rotatória;Sim;1;0;1;0;0;0;1;1;-29,6888329;-53,89558408;SPRF-RS;DEL09-RS;UOP01-DEL09-RS
723317;07/10/2025;terça-feira;04:30:00;GO;153;301;RIALMA;Demais falhas mecânicas ou elétricas;Incêndio;Sem Vítimas;Plena Noite;Crescente;Céu Claro;Simples;"Reta;Aclive";Sim;1;0;0;0;1;0;0;1;-15,32301231;-49,57182503;SPRF-GO;DEL02-GO;UOP02-DEL02-GO
723318;07/10/2025;terça-feira;05:00:00;RS;116;477,9;SAO LOURENCO DO SUL;Velocidade Incompatível;Colisão com objeto;Com Vítimas Fatais;Plena Noite;Crescente;Céu Claro;Simples;"Reta;Ponte";Não;1;1;0;0;0;0;0;1;-31,38418194;-52,13151433;SPRF-RS;DEL07-RS;UOP01-DEL07-RS
723319;07/10/2025;terça-feira;05:10:00;PI;316;5;TERESINA;Condutor Dormindo;Saída de leito carroçável;Com Vítimas Feridas;Amanhecer;Crescente;Céu Claro;Múltipla;Curva;Sim;1;0;0;1;0;0;1;1;-5,14542281;-42,77573973;SPRF-PI;DEL01-PI;UOP02-DEL01-PI
723320;07/10/2025;terça-feira;04:30:00;MS;60;380,5;CAMPO GRANDE;Ausência de reação do condutor;Colisão traseira;Com Vítimas Feridas;Plena Noite;Decrescente;Céu Claro;Simples;Reta;Não;2;0;1;0;0;1;1;2;-20,630362;-54,750818;SPRF-MS;DEL01-MS;UOP04-DEL01-MS
723322;07/10/2025;terça-feira;05:20:00;BA;324;379,2;SAO JOSE DO JACUIPE;Condutor deixou de manter distância do veículo da frente;Colisão traseira;Com Vítimas Fatais;Amanhecer;Crescente;Chuva;Simples;Reta;Não;2;1;0;0;0;1;0;2;-11,465313;-39,795946;SPRF-BA;DEL04-BA;UOP02-DEL04-BA
723327;07/10/2025;terça-feira;06:50:00;SC;280;127,1;RIO NEGRINHO;Acessar a via sem observar a presença dos outros veículos;Colisão transversal;Com Vítimas Feridas;Pleno dia;Decrescente;Garoa/Chuvisco;Simples;"Reta;Interseção de Vias";Sim;2;0;1;0;1;0;1;2;-26,24279464;-49,51194119;SPRF-SC;DEL06-SC;UOP03-DEL06-SC
723331;07/10/2025;terça-feira;07:20:00;SC;101;139;BALNEARIO CAMBORIU;Manobra de mudança de faixa;Colisão lateral mesmo sentido;Com Vítimas Feridas;Pleno dia;Crescente;Nublado;Simples;Curva;Não;2;0;1;0;1;0;1;2;-27,03315001;-48,60531378;SPRF-SC;DEL04-SC;UOP03-DEL04-SC
723333;07/10/2025;terça-feira;07:20:00;SC;101;204;SAO JOSE;Reação tardia ou ineficiente do condutor;Colisão traseira;Com Vítimas Feridas;Pleno dia;Crescente;Céu Claro;Dupla;Reta;Não;3;0;2;0;1;0;2;2;-27,579948;-48,614432;SPRF-SC;DEL01-SC;UOP01-DEL01-SC
723334;07/10/2025;terça-feira;07:40:00;SE;235;4;ARACAJU;Reação tardia ou ineficiente do condutor;Colisão traseira;Com Vítimas Feridas;Pleno dia;Crescente;Céu Claro;Dupla;Reta;Sim;2;0;1;0;1;0;1;2;-10,911481;-37,10339293;SPRF-SE;DEL01-SE;UOP01-DEL01-SE
723335;07/10/2025;terça-feira;07:55:00;PI;343;8;PARNAIBA;Acessar a via sem observar a presença dos outros veículos;Colisão transversal;Com Vítimas Feridas;Pleno dia;Decrescente;Céu Claro;Simples;Interseção de Vias;Sim;2;0;1;0;1;0;1;2;-2,9062001;-41,7245492;SPRF-PI;DEL05-PI;UOP01-DEL05-PI
723336;07/10/2025;terça-feira;07:00:00;PR;153;43,1;SANTO ANTONIO DA PLATINA;Mal súbito do condutor;Tombamento;Com Vítimas Feridas;Pleno dia;Crescente;Céu Claro;Dupla;Reta;Sim;1;0;0;1;0;0;1;1;-23,30862119;-50,07031918;SPRF-PR;DEL07-PR;UOP04-DEL07-PR
723337;07/10/2025;terça-feira;07:30:00;RJ;116;112;GUAPIMIRIM;Mal súbito do condutor;Queda de ocupante de veículo;Com Vítimas Feridas;Pleno dia;Crescente;Céu Claro;Dupla;Reta;Não;1;0;1;0;0;0;1;1;-22,5629762;-42,99808502;SPRF-RJ;DEL04-RJ;UOP02-DEL04-RJ
723338;07/10/2025;terça-feira;08:00:00;PR;369;159;CAMBE;Condutor deixou de manter distância do veículo da frente;Colisão traseira;Com Vítimas Feridas;Pleno dia;Decrescente;Céu Claro;Dupla;Reta;Sim;3;0;1;1;1;0;2;2;-23,28312307;-51,24886958;SPRF-PR;DEL07-PR;UOP01-DEL07-PR
723339;07/10/2025;terça-feira;07:55:00;MG;381;432;SABARA;Transitar na contramão;Colisão frontal;Com Vítimas Feridas;Pleno dia;Decrescente;Céu Claro;Simples;"Curva;Declive";Não;3;0;3;0;0;0;3;2;-19,809717;-43,766822;SPRF-MG;DEL01-MG;UOP01-DEL01-MG
723340;07/10/2025;terça-feira;07:52:00;MG;262;353;BETIM;Modificação proibida;Saída de leito carroçável;Com Vítimas Fatais;Pleno dia;Crescente;Céu Claro;Dupla;Reta;Não;1;1;0;0;0;0;0;1;-19,98496457;-44,20658112;SPRF-MG;DEL01-MG;UOP03-DEL01-MG
723341;07/10/2025;terça-feira;07:50:00;PR;277;7,3;PARANAGUA;Desrespeitar a preferência no cruzamento;Colisão transversal;Com Vítimas Feridas;Pleno dia;Crescente;Garoa/Chuvisco;Dupla;Interseção de Vias;Não;2;0;0;1;1;0;1;2;-25,5107388;-48,51930348;SPRF-PR;DEL01-PR;UOP05-DEL01-PR
723343;06/10/2025;segunda-feira;22:15:00;MA;226;300;BARRA DO CORDA;Ausência de reação do condutor;Queda de ocupante de veículo;Com Vítimas Feridas;Plena Noite;Crescente;Céu Claro;Simples;Reta;Não;2;0;1;0;0;1;1;2;-5,50180303;-45,2454105;SPRF-MA;DEL06-MA;UOP01-DEL06-MA
723344;21/09/2025;domingo;08:30:00;GO;364;184,2;JATAI;Objeto estático sobre o leito carroçável;Colisão com objeto;Com Vítimas Feridas;Pleno dia;Decrescente;Céu Claro;Simples;Reta;Não;1;0;1;0;0;0;1;1;-17,92326956;-51,68988366;SPRF-GO;DEL05-GO;UOP01-DEL05-GO
723346;07/10/2025;terça-feira;06:49:00;RO;364;11;VILHENA;Manobra de mudança de faixa;Colisão transversal;Com Vítimas Feridas;Pleno dia;Crescente;Céu Claro;Simples;Reta;Sim;2;0;2;0;0;0;2;2;-12,74414781;-60,11981517;SPRF-RO;DEL04-RO;UOP01-DEL04-RO
723347;07/10/2025;terça-feira;07:19:00;MG;40;520;CONTAGEM;Velocidade Incompatível;Tombamento;Com Vítimas Feridas;Pleno dia;Crescente;Céu Claro;Dupla;Reta;Não;1;0;0;1;0;0;1;1;-19,923485;-44,029805;SPRF-MG;DEL01-MG;UOP02-DEL01-MG
723349;14/09/2025;domingo;00:30:00;GO;40;112,8;CRISTALINA;Velocidade Incompatível;Saída de leito carroçável;Com Vítimas Fatais;Plena Noite;Crescente;Céu Claro;Dupla;Curva;Não;3;1;1;0;0;1;1;2;-16,849245;-47,486408;SPRF-DF;DEL01-DF;UOP02-DEL01-DF
723350;07/10/2025;terça-feira;07:30:00;MG;40;15,9;PARACATU;Reação tardia ou ineficiente do condutor;Colisão com objeto;Com Vítimas Feridas;Pleno dia;Decrescente;Céu Claro;Simples;Reta;Não;1;0;1;0;0;0;1;1;-17,084509;-47,032899;SPRF-MG;DEL14-MG;UOP01-DEL14-MG
723354;07/10/2025;terça-feira;09:20:00;MG;116;605,7;SAO JOAO DO MANHUACU;Acessar a via sem observar a presença dos outros veículos;Colisão transversal;Com Vítimas Feridas;Pleno dia;Crescente;Céu Claro;Simples;"Interseção de Vias;Reta";Não;2;0;2;0;0;0;2;2;-20,38837;-42,146953;SPRF-MG;DEL06-MG;UOP03-DEL06-MG
723355;07/10/2025;terça-feira;07:30:00;PR;376;463,8;PONTA GROSSA;Pista Escorregadia;Saída de leito carroçável;Com Vítimas Feridas;Pleno dia;Decrescente;Chuva;Dupla;Curva;Não;1;0;1;0;0;0;1;1;-25,03517389;-50,30166373;SPRF-PR;DEL03-PR;UOP01-DEL03-PR
723359;07/10/2025;terça-feira;10:05:00;PE;232;5;RECIFE;Velocidade Incompatível;Saída de leito carroçável;Com Vítimas Feridas;Pleno dia;Decrescente;Sol;Dupla;Curva;Sim;1;0;1;0;0;0;1;1;-8,06942;-34,94501;SPRF-PE;DEL01-PE;UOP01-DEL01-PE
723361;07/10/2025;terça-feira;08:50:00;SE;101;190,6;CRISTINAPOLIS;Condutor deixou de manter distância do veículo da frente;Colisão traseira;Com Vítimas Feridas;Pleno dia;Crescente;Sol;Simples;Reta;Não;2;0;1;0;1;0;1;2;-11,4242;-37,71201;SPRF-SE;DEL02-SE;UOP03-DEL02-SE
723362;07/10/2025;terça-feira;07:32:00;AM;230;611;HUMAITA;Ausência de reação do condutor;Queda de ocupante de veículo;Com Vítimas Feridas;Pleno dia;Crescente;Céu Claro;Dupla;Reta;Sim;2;0;2;0;0;0;2;1;-7,50438889;-63,02931368;SPRF-AM;DEL02-AM;UOP01-DEL02-AM
723363;07/10/2025;terça-feira;08:00:00;MT;364;395;CUIABA;Acessar a via sem observar a presença dos outros veículos;Colisão transversal;Com Vítimas Feridas;Pleno dia;Crescente;Nublado;Dupla;"Reta;Retorno Regulamentado";Sim;4;0;1;1;1;1;2;3;-15,67750227;-55,93385339;SPRF-MT;DEL01-MT;UOP02-DEL01-MT
723364;07/10/2025;terça-feira;09:00:00;MS;163;97,8;ITAQUIRAI;Demais falhas mecânicas ou elétricas;Tombamento;Com Vítimas Feridas;Pleno dia;Crescente;Céu Claro;Simples;Reta;Não;2;0;2;0;0;0;2;1;-23,300577;-54,22287;SPRF-MS;DEL09-MS;UOP01-DEL09-MS
723365;07/10/2025;terça-feira;10:20:00;ES;101;13;SERRA;Demais falhas mecânicas ou elétricas;Queda de ocupante de veículo;Com Vítimas Feridas;Pleno dia;Decrescente;Nublado;Dupla;Reta;Não;1;0;1;0;0;0;1;1;-20,14814211;-40,34507811;SPRF-ES;DEL02-ES;UOP01-DEL02-ES
723366;07/10/2025;terça-feira;07:25:00;PA;316;25;BENEVIDES;Acostamento em desnível;Tombamento;Com Vítimas Feridas;Pleno dia;Crescente;Céu Claro;Dupla;Reta;Não;2;0;1;0;1;0;1;1;-1,3368;-48,2412;SPRF-PA;DEL01-PA;UOP01-DEL01-PA
723367;07/10/2025;terça-feira;10:20:00;SP;116;545;BARRA DO TURVO;Ausência de reação do condutor;Tombamento;Com Vítimas Feridas;Pleno dia;Crescente;Chuva;Simples;Reta;Não;1;0;1;0;0;0;1;1;-24,93516771;-48,288517;SPRF-SP;DEL05-SP;UOP02-DEL05-SP
723368;07/10/2025;terça-feira;08:20:00;BA;101;663;ITAPEBI;Velocidade Incompatível;Saída de leito carroçável;Com Vítimas Feridas;Pleno dia;Decrescente;Nublado;Simples;"Curva;Declive";Não;1;0;1;0;0;0;1;1;-15,965874;-39,560201;SPRF-BA;DEL09-BA;UOP03-DEL09-BA
723369;07/10/2025;terça-feira;10:15:00;CE;116;37;HORIZONTE;Acessar a via sem observar a presença dos outros veículos;Colisão transversal;Com Vítimas Fatais;Pleno dia;Decrescente;Céu Claro;Dupla;Reta;Sim;6;1;0;0;5;0;0;2;-4,0783491;-38,4997868;SPRF-CE;DEL01-CE;UOP02-DEL01-CE
723371;07/10/2025;terça-feira;10:10:00;RN;405;78;APODI;Reação tardia ou ineficiente do condutor;Colisão traseira;Com Vítimas Feridas;Pleno dia;Crescente;Céu Claro;Simples;Reta;Sim;3;0;0;1;2;0;1;2;-5,667607;-37,793082;SPRF-RN;DEL04-RN;UOP02-DEL04-RN
723373;07/10/2025;terça-feira;12:00:00;PR;163;283;MARECHAL CANDIDO RONDON;Acessar a via sem observar a presença dos outros veículos;Colisão lateral sentido oposto;Com Vítimas Feridas;Pleno dia;Decrescente;Céu Claro;Dupla;"Interseção de Vias;Reta;Viaduto";Sim;2;0;1;0;1;0;1;2;-24,5457267;-54,04395517;SPRF-PR;DEL06-PR;UOP02-DEL06-PR
723374;07/10/2025;terça-feira;10:25:00;PR;158;538;PATO BRANCO;Ausência de reação do condutor;Queda de ocupante de veículo;Com Vítimas Feridas;Pleno dia;Crescente;Céu Claro;Simples;Curva;Não;1;0;1;0;0;0;1;1;-26,25811299;-52,70865647;SPRF-PR;DEL02-PR;UOP01-DEL02-PR
723375;07/10/2025;terça-feira;12:00:00;RS;470;177,1;VERANOPOLIS;Área urbana sem a presença de local apropriado para a travessia de pedestres;Atropelamento de Pedestre;Com Vítimas Feridas;Pleno dia;Crescente;Céu Claro;Simples;Reta;Sim;2;0;1;0;0;1;1;2;-28,89338004;-51,55025482;SPRF-RS;DEL06-RS;UOP02-DEL06-RS
723376;07/10/2025;terça-feira;11:00:00;MG;40;548;NOVA LIMA;Velocidade Incompatível;Tombamento;Com Vítimas Feridas;Pleno dia;Crescente;Céu Claro;Dupla;"Aclive;Reta";Não;1;0;1;0;0;0;1;1;-20,03981794;-43,9672462;SPRF-MG;DEL01-MG;UOP02-DEL01-MG
723377;07/10/2025;terça-feira;09:20:00;MT;70;1;BARRA DO GARCAS;Reação tardia ou ineficiente do condutor;Colisão traseira;Sem Vítimas;Pleno dia;Decrescente;Céu Claro;Simples;Interseção de Vias;Sim;2;0;0;0;2;0;0;2;-15,89198856;-52,26139426;SPRF-MT;DEL07-MT;UOP01-DEL07-MT
723381;07/10/2025;terça-feira;12:45:00;CE;116;39,2;HORIZONTE;Ingestão de álcool pelo condutor;Colisão com objeto;Com Vítimas Feridas;Pleno dia;Crescente;Céu Claro;Dupla;"Curva;Viaduto;Declive";Sim;1;0;1;0;0;0;1;1;-4,089983;-38,5037719;SPRF-CE;DEL01-CE;UOP02-DEL01-CE
723382;07/10/2025;terça-feira;13:10:00;PR;277;31;MORRETES;Manobra de mudança de faixa;Saída de leito carroçável;Com Vítimas Feridas;Pleno dia;Crescente;Chuva;Dupla;Curva;Não;4;0;3;0;1;0;3;1;-25,55991302;-48,80748774;SPRF-PR;DEL01-PR;UOP05-DEL01-PR
723383;07/10/2025;terça-feira;10:40:00;PA;230;120;MARABA;Reação tardia ou ineficiente do condutor;Colisão traseira;Com Vítimas Feridas;Pleno dia;Crescente;Céu Claro;Dupla;"Reta;Ponte";Sim;2;0;1;0;1;0;1;2;-5,3547;-49,122;SPRF-PA;DEL03-PA;UOP01-DEL03-PA
723384;07/10/2025;terça-feira;10:50:00;PR;376;431,1;TIBAGI;Ausência de reação do condutor;Saída de leito carroçável;Com Vítimas Feridas;Pleno dia;Decrescente;Chuva;Dupla;Curva;Não;2;0;0;1;1;0;1;1;-24,78963;-50,50422;SPRF-PR;DEL03-PR;UOP02-DEL03-PR
723385;07/10/2025;terça-feira;12:50:00;SC;101;151,3;ITAPEMA;Estacionar ou parar em local proibido;Colisão traseira;Com Vítimas Feridas;Pleno dia;Decrescente;Nublado;Múltipla;Reta;Sim;3;0;1;0;2;0;1;2;-27,12964;-48,60961;SPRF-SC;DEL04-SC;UOP03-DEL04-SC