id;data_inversa;dia_semana;horario;uf;br;km;municipio;causa_acidente;tipo_acidente;classificacao_acidente;fase_dia;sentido_via;condicao_metereologica;tipo_pista;tracado_via;uso_solo;pessoas;mortos;feridos_leves;feridos_graves;ilesos;ignorados;feridos;veiculos;latitude;longitude;regional;delegacia;uop
723929;09/10/2025;quinta-feira;21:40:00;RO;364;434;JARU;Demais falhas mecânicas ou elétricas;Saída de leito carroçável;Sem Vítimas;Plena Noite;Decrescente;Céu Claro;Simples;Curva;Não;1;0;0;0;0;1;0;1;-10,387277;-62,544217;SPRF-RO;DEL03-RO;UOP02-DEL03-RO
723934;10/10/2025;sexta-feira;01:30:00;SC;101;244,5;PALHOCA;Ausência de sinalização;Colisão traseira;Com Vítimas Feridas;Plena Noite;Crescente;Chuva;Dupla;Reta;Não;2;0;1;0;1;0;1;2;-27,898;-48,649;SPRF-SC;DEL01-SC;UOP02-DEL01-SC
723935;10/10/2025;sexta-feira;02:00:00;RS;448;15,1;CANOAS;Ingestão de álcool pelo condutor;Colisão com objeto;Sem Vítimas;Plena Noite;Crescente;Nublado;Múltipla;Reta;Não;1;0;0;0;1;0;0;1;-29,92429133;-51,22684479;SPRF-RS;DEL01-RS;UOP01-DEL01-RS
723936;09/10/2025;quinta-feira;23:30:00;RS;392;277,8;SAO SEPE;Reação tardia ou ineficiente do condutor;Saída de leito carroçável;Com Vítimas Feridas;Plena Noite;Decrescente;Céu Claro;Simples;"Declive;Curva";Não;3;0;2;1;0;0;3;1;-30,32904799;-53,53113543;SPRF-RS;DEL09-RS;UOP02-DEL09-RS
723939;10/10/2025;sexta-feira;02:50:00;RS;285;370;SALDANHA MARINHO;Curva acentuada;Saída de leito carroçável;Com Vítimas Feridas;Plena Noite;Decrescente;Céu Claro;Simples;"Curva;Declive";Não;1;0;1;0;0;0;1;1;-28,40159427;-53,06815419;SPRF-RS;DEL08-RS;UOP03-DEL08-RS
723942;10/10/2025;sexta-feira;04:00:00;MS;262;487;ANASTACIO;Ingestão de álcool pelo condutor;Queda de ocupante de veículo;Sem Vítimas;Plena Noite;Crescente;Céu Claro;Simples;Rotatória;Sim;1;0;0;0;1;0;0;1;-20,49927858;-55,78929458;SPRF-MS;DEL03-MS;UOP01-DEL03-MS
723944;10/10/2025;sexta-feira;04:00:00;SC;101;152;PORTO BELO;Ausência de reação do condutor;Colisão com objeto;Sem Vítimas;Plena Noite;Decrescente;Garoa/Chuvisco;Dupla;Reta;Sim;3;0;0;0;1;2;0;3;-27,13646908;-48,60998981;SPRF-SC;DEL04-SC;UOP03-DEL04-SC
723946;10/10/2025;sexta-feira;04:30:00;BA;349;944;CORRENTINA;Manobra de mudança de faixa;Colisão frontal;Com Vítimas Fatais;Plena Noite;Crescente;Céu Claro;Simples;Reta;Não;7;4;0;3;0;0;3;2;-13,420765;-44,738568;SPRF-BA;DEL10-BA;UOP02-DEL10-BA
723947;09/10/2025;quinta-feira;17:00:00;SC;470;24;ILHOTA;Pista Escorregadia;Saída de leito carroçável;Com Vítimas Feridas;Anoitecer;Crescente;Chuva;Dupla;Reta;Não;1;0;1;0;0;0;1;1;-26,88365961;-48,8612633;SPRF-SC;DEL04-SC;UOP04-DEL04-SC
723948;10/10/2025;sexta-feira;06:00:00;MG;381;638,3;SANTO ANTONIO DO AMPARO;Condutor Dormindo;Saída de leito carroçável;Com Vítimas Feridas;Amanhecer;Decrescente;Nublado;Dupla;"Curva;Declive";Não;1;0;1;0;0;0;1;1;-20,87965456;-44,85115171;SPRF-MG;DEL04-MG;UOP01-DEL04-MG
723949;26/08/2025;terça-feira;17:05:00;MG;381;852;POUSO ALEGRE;Objeto estático sobre o leito carroçável;Colisão com objeto;Com Vítimas Feridas;Pleno dia;Decrescente;Céu Claro;Dupla;"Reta;Declive";Não;1;0;0;1;0;0;1;1;-22,25402916;-45,88817596;SPRF-MG;DEL16-MG;UOP01-DEL16-MG
723950;10/10/2025;sexta-feira;07:00:00;SP;381;44;ATIBAIA;Demais falhas mecânicas ou elétricas;Queda de ocupante de veículo;Com Vítimas Feridas;Amanhecer;Crescente;Sol;Dupla;Reta;Não;2;0;1;0;1;0;1;1;-23,1551114;-46,57409191;SPRF-SP;DEL03-SP;UOP01-DEL03-SP
723951;10/10/2025;sexta-feira;06:50:00;PE;101;94,9;CABO DE SANTO AGOSTINHO;Reação tardia ou ineficiente do condutor;Colisão traseira;Com Vítimas Feridas;Amanhecer;Decrescente;Nublado;Dupla;Reta;Não;5;0;4;0;1;0;4;2;-8,25008;-35,01097;SPRF-PE;DEL01-PE;UOP03-DEL01-PE
723953;10/10/2025;sexta-feira;06:55:00;MG;50;58;ARAGUARI;Demais falhas mecânicas ou elétricas;Capotamento;Com Vítimas Feridas;Amanhecer;Crescente;Céu Claro;Dupla;Declive;Não;1;0;1;0;0;0;1;1;-18,750163;-48,2351544;SPRF-MG;DEL15-MG;UOP02-DEL15-MG
723954;10/10/2025;sexta-feira;06:15:00;MG;40;285;TRES MARIAS;Acessar a via sem observar a presença dos outros veículos;Colisão transversal;Com Vítimas Feridas;Amanhecer;Decrescente;Céu Claro;Simples;"Interseção de Vias;Retorno Regulamentado;Curva";Não;2;0;0;1;1;0;1;2;-18,24865;-45,1678;SPRF-MG;DEL14-MG;UOP02-DEL14-MG
723955;10/10/2025;sexta-feira;07:15:00;ES;101;265;SERRA;Transitar na contramão;Colisão lateral mesmo sentido;Com Vítimas Feridas;Pleno dia;Decrescente;Nublado;Dupla;"Interseção de Vias;Reta";Sim;3;0;1;0;2;0;1;2;-20,189469;-40,2681096;SPRF-ES;DEL02-ES;UOP01-DEL02-ES
723957;10/10/2025;sexta-feira;06:10:00;SC;280;56,4;GUARAMIRIM;Velocidade Incompatível;Colisão com objeto;Com Vítimas Fatais;Amanhecer;Decrescente;Garoa/Chuvisco;Múltipla;"Em Obras;Curva";Sim;2;1;0;0;1;0;0;2;-26,479157;-49,01015;SPRF-SC;DEL03-SC;UOP03-DEL03-SC
723958;10/10/2025;sexta-feira;07:25:00;SC;280;127,9;RIO NEGRINHO;Acesso irregular;Colisão transversal;Com Vítimas Feridas;Pleno dia;Crescente;Nublado;Simples;Reta;Sim;2;0;1;0;1;0;1;2;-26,24294;-49,512387;SPRF-SC;DEL06-SC;UOP03-DEL06-SC
723960;10/10/2025;sexta-feira;07:15:00;SP;116;149,4;SAO JOSE DOS CAMPOS;Reação tardia ou ineficiente do condutor;Engavetamento;Com Vítimas Feridas;Pleno dia;Decrescente;Céu Claro;Dupla;Reta;Sim;4;0;1;0;2;1;1;3;-23,21863088;-45,89710236;SPRF-SP;DEL02-SP;UOP01-DEL02-SP
723961;10/10/2025;sexta-feira;07:10:00;RJ;116;291;BARRA MANSA;Reação tardia ou ineficiente do condutor;Colisão com objeto;Com Vítimas Feridas;Pleno dia;Crescente;Garoa/Chuvisco;Dupla;"Declive;Reta";Não;4;0;3;0;1;0;3;1;-22,48672119;-44,25003481;SPRF-RJ;DEL07-RJ;UOP02-DEL07-RJ
723963;10/10/2025;sexta-feira;07:40:00;MA;135;5;SAO LUIS;Demais falhas mecânicas ou elétricas;Tombamento;Com Vítimas Feridas;Pleno dia;Decrescente;Céu Claro;Dupla;"Aclive;Reta";Sim;2;0;2;0;0;0;2;1;-2,63535356;-44,31251436;SPRF-MA;DEL01-MA;UOP01-DEL01-MA
723964;10/10/2025;sexta-feira;07:30:00;PR;116;152,3;MANDIRITUBA;Acessar a via sem observar a presença dos outros veículos;Colisão transversal;Com Vítimas Feridas;Pleno dia;Decrescente;Chuva;Simples;Interseção de Vias;Não;2;0;0;1;1;0;1;2;-25,862192;-49,361812;SPRF-PR;DEL01-PR;UOP03-DEL01-PR
723965;10/10/2025;sexta-feira;07:50:00;RJ;101;484;ANGRA DOS REIS;Ultrapassagem Indevida;Colisão traseira;Com Vítimas Feridas;Pleno dia;Crescente;Céu Claro;Simples;Reta;Sim;2;0;1;0;1;0;1;2;-22,98731546;-44,30105901;SPRF-RJ;DEL03-RJ;UOP03-DEL03-RJ
723966;10/10/2025;sexta-feira;07:45:00;SC;101;203;SAO JOSE;Trafegar com motocicleta (ou similar) entre as faixas;Colisão lateral mesmo sentido;Com Vítimas Feridas;Pleno dia;Crescente;Garoa/Chuvisco;Múltipla;Reta;Sim;6;0;1;0;5;0;1;3;-27,57009683;-48,61387666;SPRF-SC;DEL01-SC;UOP01-DEL01-SC
723967;10/10/2025;sexta-feira;07:20:00;PR;376;617;CAMPINA GRANDE DO SUL;Ausência de reação do condutor;Saída de leito carroçável;Com Vítimas Feridas;Pleno dia;Decrescente;Garoa/Chuvisco;Dupla;Curva;Sim;1;0;1;0;0;0;1;1;-25,36363;-49,10223;SPRF-PR;DEL01-PR;UOP04-DEL01-PR
723969;09/10/2025;quinta-feira;18:01:00;RO;364;336,8;JI-PARANA;Acessar a via sem observar a presença dos outros veículos;Colisão transversal;Com Vítimas Feridas;Anoitecer;Decrescente;Céu Claro;Dupla;Retorno Regulamentado;Sim;3;0;1;0;2;0;1;2;-10,924988;-61,929743;SPRF-RO;DEL02-RO;UOP01-DEL02-RO
723972;10/10/2025;sexta-feira;07:30:00;SC;101;211,1;PALHOCA;Reação tardia ou ineficiente do condutor;Colisão traseira;Com Vítimas Feridas;Pleno dia;Crescente;Garoa/Chuvisco;Múltipla;Reta;Sim;2;0;1;0;1;0;1;2;-27,62380622;-48,65308704;SPRF-SC;DEL01-SC;UOP02-DEL01-SC
723973;10/10/2025;sexta-feira;04:30:00;BA;242;651;MUQUEM DE SAO FRANCISCO;Reação tardia ou ineficiente do condutor;Saída de leito carroçável;Com Vítimas Feridas;Amanhecer;Crescente;Céu Claro;Simples;Reta;Não;1;0;1;0;0;0;1;1;-12,21437;-43,55291;SPRF-BA;DEL10-BA;UOP01-DEL10-BA
723974;24/06/2025;terça-feira;06:57:00;PR;277;80;CURITIBA;Condutor deixou de manter distância do veículo da frente;Colisão lateral mesmo sentido;Com Vítimas Feridas;Pleno dia;Crescente;Nublado;Dupla;Reta;Sim;2;0;1;0;1;0;1;2;-25,47151;-49,211217;SPRF-PR;DEL01-PR;UOP03-DEL01-PR
723976;10/10/2025;sexta-feira;07:50:00;ES;101;298;VIANA;Trafegar com motocicleta (ou similar) entre as faixas;Colisão traseira;Com Vítimas Feridas;Pleno dia;Crescente;Nublado;Múltipla;Reta;Sim;2;0;0;1;0;1;1;2;-20,35313159;-40,41496603;SPRF-ES;DEL01-ES;UOP01-DEL01-ES
723977;10/10/2025;sexta-feira;07:27:00;RJ;101;559;PARATY;Condutor deixou de manter distância do veículo da frente;Colisão traseira;Com Vítimas Feridas;Pleno dia;Crescente;Nublado;Simples;Reta;Não;2;0;0;1;1;0;1;2;-23,11527504;-44,70868453;SPRF-RJ;DEL03-RJ;UOP04-DEL03-RJ
723978;03/08/2025;domingo;09:50:00;PE;428;188;PETROLINA;Acessar a via sem observar a presença dos outros veículos;Colisão lateral mesmo sentido;Com Vítimas Feridas;Pleno dia;Crescente;Nublado;Dupla;Rotatória;Sim;2;0;1;0;1;0;1;2;-9,375453;-40,4903399;SPRF-PE;DEL06-PE;UOP01-DEL06-PE
723982;10/10/2025;sexta-feira;08:50:00;DF;20;21,9;BRASILIA;Acessar a via sem observar a presença dos outros veículos;Colisão traseira;Com Vítimas Feridas;Pleno dia;Decrescente;Céu Claro;Dupla;"Em Obras;Reta";Sim;3;0;0;2;1;0;2;2;-15,598331;-47,676462;SPRF-DF;DEL02-DF;UOP01-DEL02-DF
723983;10/10/2025;sexta-feira;07:40:00;MG;40;653,9;CRISTIANO OTONI;Ausência de reação do condutor;Saída de leito carroçável;Com Vítimas Feridas;Pleno dia;Crescente;Chuva;Simples;Reta;Não;1;0;1;0;0;0;1;1;-20,86002166;-43,8013266;SPRF-MG;DEL05-MG;UOP02-DEL05-MG
723984;10/10/2025;sexta-feira;09:05:00;PE;101;68;RECIFE;Ausência de reação do condutor;Queda de ocupante de veículo;Com Vítimas Feridas;Pleno dia;Decrescente;Céu Claro;Dupla;Reta;Sim;1;0;1;0;0;0;1;1;-8,05489;-34,94627;SPRF-PE;DEL01-PE;UOP01-DEL01-PE
723985;10/10/2025;sexta-feira;08:30:00;PE;408;53,5;CARPINA;Entrada inopinada do pedestre;Atropelamento de Pedestre;Com Vítimas Fatais;Pleno dia;Decrescente;Nublado;Simples;Reta;Não;2;1;0;0;1;0;0;2;-7,82477;-35,24554;SPRF-PE;DEL01-PE;UOP01-DEL01-PE
723986;10/10/2025;sexta-feira;09:10:00;BA;324;622;SALVADOR;Ausência de reação do condutor;Colisão traseira;Com Vítimas Feridas;Pleno dia;Crescente;Céu Claro;Dupla;Reta;Não;3;0;2;0;1;0;2;2;-12,9337055;-38,4699743;SPRF-BA;DEL01-BA;UOP01-DEL01-BA
723988;10/10/2025;sexta-feira;09:35:00;PR;277;470;NOVA LARANJEIRAS;Condutor deixou de manter distância do veículo da frente;Colisão traseira;Sem Vítimas;Pleno dia;Decrescente;Nublado;Simples;Reta;Não;2;0;0;0;2;0;0;2;-25,31421886;-52,52711461;SPRF-PR;DEL04-PR;UOP02-DEL04-PR
723989;10/10/2025;sexta-feira;08:50:00;SP;116;141;SAO JOSE DOS CAMPOS;Reação tardia ou ineficiente do condutor;Tombamento;Com Vítimas Feridas;Pleno dia;Decrescente;Nublado;Dupla;Reta;Sim;1;0;1;0;0;0;1;1;-23,1757465;-45,83222255;SPRF-SP;DEL02-SP;UOP01-DEL02-SP
723990;10/10/2025;sexta-feira;09:10:00;RN;101;94;NATAL;Reação tardia ou ineficiente do condutor;Colisão traseira;Com Vítimas Feridas;Pleno dia;Decrescente;Céu Claro;Dupla;Reta;Não;2;0;0;1;1;0;1;2;-5,834874;-35,212005;SPRF-RN;DEL01-RN;UOP01-DEL01-RN
723991;10/10/2025;sexta-feira;09:50:00;PR;116;8;CAMPINA GRANDE DO SUL;Ausência de reação do condutor;Saída de leito carroçável;Com Vítimas Feridas;Pleno dia;Crescente;Garoa/Chuvisco;Dupla;Reta;Não;4;0;1;0;3;0;1;1;-25,2805;-48,926765;SPRF-PR;DEL01-PR;UOP02-DEL01-PR
723993;10/10/2025;sexta-feira;08:30:00;MG;40;730,5;OLIVEIRA FORTES;Velocidade Incompatível;Colisão lateral mesmo sentido;Com Vítimas Feridas;Pleno dia;Crescente;Garoa/Chuvisco;Dupla;"Curva;Aclive";Não;4;0;1;1;2;0;2;2;-21,33554679;-43,58688354;SPRF-MG;DEL05-MG;UOP01-DEL05-MG
723994;10/10/2025;sexta-feira;09:10:00;MG;381;686;LAVRAS;Chuva;Capotamento;Com Vítimas Feridas;Pleno dia;Crescente;Chuva;Dupla;Curva;Não;4;0;2;0;2;0;2;1;-21,17864946;-45,12359619;SPRF-MG;DEL04-MG;UOP02-DEL04-MG
723996;10/10/2025;sexta-feira;08:50:00;MT;158;635;AGUA BOA;Acesso irregular;Colisão transversal;Com Vítimas Feridas;Pleno dia;Crescente;Céu Claro;Simples;Curva;Não;4;0;2;0;2;0;2;2;-14,0869327;-52,1609483;SPRF-MT;DEL07-MT;UOP02-DEL07-MT
723998;10/10/2025;sexta-feira;07:50:00;BA;116;933;ENCRUZILHADA;Reação tardia ou ineficiente do condutor;Tombamento;Com Vítimas Feridas;Pleno dia;Decrescente;Céu Claro;Simples;Reta;Não;1;0;1;0;0;0;1;1;-15,68174712;-41,32114547;SPRF-BA;DEL08-BA;UOP03-DEL08-BA
724004;10/10/2025;sexta-feira;09:30:00;BA;116;313,6;ARACI;Ausência de reação do condutor;Saída de leito carroçável;Com Vítimas Feridas;Pleno dia;Decrescente;Céu Claro;Simples;Reta;Não;2;0;2;0;0;0;2;1;-11,278088;-38,924842;SPRF-BA;DEL02-BA;UOP01-DEL02-BA
724007;10/10/2025;sexta-feira;10:30:00;MG;381;666;PERDOES;Ausência de reação do condutor;Saída de leito carroçável;Com Vítimas Feridas;Pleno dia;Crescente;Chuva;Dupla;"Curva;Declive";Não;1;0;1;0;0;0;1;1;-21,05519234;-45,04088189;SPRF-MG;DEL04-MG;UOP02-DEL04-MG
724009;10/10/2025;sexta-feira;11:40:00;SP;116;219;GUARULHOS;Condutor deixou de manter distância do veículo da frente;Colisão traseira;Com Vítimas Feridas;Pleno dia;Crescente;Nublado;Múltipla;Reta;Não;2;0;1;0;1;0;1;2;-23,463038;-46,494838;SPRF-SP;DEL01-SP;UOP01-DEL01-SP
724010;08/10/2025;quarta-feira;06:38:00;MT;364;602;NOBRES;Acessar a via sem observar a presença dos outros veículos;Colisão lateral mesmo sentido;Com Vítimas Feridas;Pleno dia;Crescente;Céu Claro;Simples;"Interseção de Vias;Viaduto;Rotatória";Sim;3;0;2;0;0;1;2;2;-14,718984;-56,320165;SPRF-MT;DEL01-MT;UOP01-DEL01-MT
724011;10/10/2025;sexta-feira;11:40:00;SP;153;64;SAO JOSE DO RIO PRETO;Manobra de mudança de faixa;Tombamento;Com Vítimas Feridas;Pleno dia;Decrescente;Nublado;Dupla;"Viaduto;Interseção de Vias";Sim;1;0;1;0;0;0;1;1;-20,83148386;-49,36216084;SPRF-SP;DEL09-SP;UOP01-DEL09-SP
724013;10/10/2025;sexta-feira;12:20:00;RS;116;266;CANOAS;Demais falhas na via;Tombamento;Com Vítimas Feridas;Pleno dia;Decrescente;Céu Claro;Dupla;"Reta;Em Obras;Desvio Temporário";Sim;1;0;1;0;0;0;1;1;-29,92805045;-51,1775328;SPRF-RS;DEL01-RS;UOP01-DEL01-RS
724015;10/10/2025;sexta-feira;12:15:00;SP;381;79;SAO PAULO;Reação tardia ou ineficiente do condutor;Tombamento;Com Vítimas Feridas;Pleno dia;Crescente;Chuva;Múltipla;"Curva;Declive";Sim;1;0;1;0;0;0;1;1;-23,4093067;-46,5802955;SPRF-SP;DEL03-SP;UOP01-DEL03-SP
724016;10/10/2025;sexta-feira;11:40:00;MG;262;475,2;BOM DESPACHO;Condutor deixou de manter distância do veículo da frente;Colisão traseira;Sem Vítimas;Pleno dia;Decrescente;Nublado;Simples;Reta;Não;2;0;0;0;1;1;0;2;-19,786413;-45,2996;SPRF-MG;DEL08-MG;UOP03-DEL08-MG
724017;10/10/2025;sexta-feira;11:30:00;PR;369;185;ARAPONGAS;Acessar a via sem observar a presença dos outros veículos;Colisão transversal;Com Vítimas Feridas;Pleno dia;Crescente;Céu Claro;Simples;Interseção de Vias;Não;2;0;1;0;1;0;1;2;-23,39408;-51,42414;SPRF-PR;DEL07-PR;UOP03-DEL07-PR
724018;10/10/2025;sexta-feira;12:20:00;SP;116;431;ELDORADO;Condutor Dormindo;Saída de leito carroçável;Com Vítimas Feridas;Pleno dia;Crescente;Chuva;Dupla;Reta;Não;1;0;1;0;0;0;1;1;-24,4998746;-48,014978;SPRF-SP;DEL05-SP;UOP01-DEL05-SP
724022;10/10/2025;sexta-feira;12:00:00;SC;101;446,4;SANTA ROSA DO SUL;Conversão proibida;Colisão frontal;Com Vítimas Feridas;Pleno dia;Crescente;Céu Claro;Múltipla;Curva;Não;2;0;1;1;0;0;2;2;-29,1546788;-49,7299248;SPRF-SC;DEL02-SC;UOP02-DEL02-SC
724024;10/10/2025;sexta-feira;11:00:00;RS;392;655;GUARANI DAS MISSOES;Ingestão de álcool pelo condutor;Saída de leito carroçável;Com Vítimas Feridas;Pleno dia;Decrescente;Sol;Simples;Reta;Não;1;0;1;0;0;0;1;1;-28,122473;-54,670528;SPRF-RS;DEL10-RS;UOP01-DEL10-RS
724026;20/09/2025;sábado;16:30:00;TO;153;4;XAMBIOA;Ausência de reação do condutor;Queda de ocupante de veículo;Com Vítimas Feridas;Pleno dia;Crescente;Céu Claro;Dupla;Reta;Não;1;0;0;1;0;0;1;1;-6,41084096;-48,54354;SPRF-TO;DEL02-TO;UOP01-DEL02-TO
724027;10/10/2025;sexta-feira;10:02:00;PA;316;59;CASTANHAL;Manobra de mudança de faixa;Colisão lateral mesmo sentido;Com Vítimas Feridas;Pleno dia;Decrescente;Sol;Dupla;Reta;Sim;2;0;1;0;1;0;1;2;-1,29844279;-47,96233892;SPRF-PA;DEL01-PA;UOP01-DEL01-PA
724028;10/10/2025;sexta-feira;13:30:00;SC;101;206;SAO JOSE;Trafegar com motocicleta (ou similar) entre as faixas;Tombamento;Com Vítimas Feridas;Pleno dia;Decrescente;Garoa/Chuvisco;Múltipla;Reta;Sim;2;0;2;0;0;0;2;1;-27,59391;-48,61874;SPRF-SC;DEL01-SC;UOP01-DEL01-SC
724029;10/10/2025;sexta-feira;13:50:00;SC;101;241;PALHOCA;Reação tardia ou ineficiente do condutor;Saída de leito carroçável;Com Vítimas Feridas;Pleno dia;Crescente;Nublado;Dupla;Reta;Sim;2;0;1;0;1;0;1;1;-27,8656652;-48,64616275;SPRF-SC;DEL01-SC;UOP02-DEL01-SC
724031;08/10/2025;quarta-feira;18:20:00;RS;116;237,3;NOVO HAMBURGO;Reação tardia ou ineficiente do condutor;Saída de leito carroçável;Com Vítimas Feridas;Anoitecer;Crescente;Nublado;Múltipla;Reta;Sim;1;0;1;0;0;0;1;1;-29,70399026;-51,14684175;SPRF-RS;DEL01-RS;UOP02-DEL01-RS
724032;08/09/2025;segunda-feira;13:38:00;MT;70;4;BARRA DO GARCAS;Acessar a via sem observar a presença dos outros veículos;Colisão transversal;Com Vítimas Feridas;Pleno dia;Decrescente;Céu Claro;Dupla;Reta;Não;2;0;1;0;0;1;1;2;-15,878149;-52,294369;SPRF-MT;DEL07-MT;UOP01-DEL07-MT
724033;10/10/2025;sexta-feira;13:35:00;GO;40;6,1;VALPARAISO DE GOIAS;Condutor deixou de manter distância do veículo da frente;Colisão traseira;Com Vítimas Feridas;Pleno dia;Decrescente;Céu Claro;Dupla;Reta;Sim;2;0;1;0;1;0;1;2;-16,10331;-47,97552;SPRF-DF;DEL01-DF;UOP01-DEL01-DF
724034;10/10/2025;sexta-feira;12:30:00;ES;101;348;ANCHIETA;Chuva;Colisão com objeto;Com Vítimas Feridas;Pleno dia;Crescente;Chuva;Dupla;Curva;Não;4;0;2;0;2;0;2;1;-20,650973;-40,641882;SPRF-ES;DEL03-ES;UOP01-DEL03-ES
724035;10/10/2025;sexta-feira;13:25:00;SC;101;88;BARRA VELHA;Desrespeitar a preferência no cruzamento;Colisão transversal;Com Vítimas Feridas;Pleno dia;Crescente;Chuva;Múltipla;"Interseção de Vias;Viaduto";Sim;2;0;1;0;1;0;1;2;-26,6141696;-48,7161856;SPRF-SC;DEL03-SC;UOP02-DEL03-SC
724036;10/10/2025;sexta-feira;11:10:00;AC;364;142;RIO BRANCO;Manobra de mudança de faixa;Colisão lateral mesmo sentido;Com Vítimas Fatais;Pleno dia;Crescente;Céu Claro;Dupla;"Retorno Regulamentado;Reta";Não;3;1;0;0;2;0;0;2;-9,930013;-67,885636;SPRF-AC;DEL01-AC;UOP01-DEL01-AC
724037;10/10/2025;sexta-feira;13:45:00;DF;20;2;BRASILIA;Condutor deixou de manter distância do veículo da frente;Engavetamento;Com Vítimas Feridas;Pleno dia;Decrescente;Sol;Dupla;Reta;Sim;4;0;1;0;3;0;1;3;-15,681035;-47,83787728;SPRF-DF;DEL02-DF;UOP01-DEL02-DF
724038;10/10/2025;sexta-feira;13:30:00;MG;381;399;BOM JESUS DO AMPARO;Frear bruscamente;Tombamento;Com Vítimas Feridas;Pleno dia;Decrescente;Céu Claro;Dupla;"Reta;Declive";Não;1;0;1;0;0;0;1;1;-19,753342;-43,527471;SPRF-MG;DEL01-MG;UOP01-DEL01-MG
724039;10/10/2025;sexta-feira;11:10:00;BA;418;85;NOVA VICOSA;Acessar a via sem observar a presença dos outros veículos;Colisão traseira;Com Vítimas Feridas;Pleno dia;Crescente;Céu Claro;Simples;Reta;Sim;2;0;1;0;1;0;1;2;-17,889292;-39,824243;SPRF-BA;DEL09-BA;UOP02-DEL09-BA
724040;10/10/2025;sexta-feira;11:45:00;BA;407;4;JUAZEIRO;Ausência de reação do condutor;Colisão traseira;Com Vítimas Feridas;Pleno dia;Decrescente;Sol;Simples;"Em Obras;Reta";Sim;3;0;1;0;2;0;1;2;-9,44716924;-40,49066118;SPRF-PE;DEL06-PE;UOP01-DEL06-PE
724041;10/10/2025;sexta-feira;13:15:00;MG;40;504;ESMERALDAS;Ausência de reação do condutor;Colisão traseira;Com Vítimas Feridas;Pleno dia;Crescente;Céu Claro;Dupla;Aclive;Sim;1;0;1;0;0;0;1;1;-19,736113;-44,150473;SPRF-MG;DEL02-MG;UOP01-DEL02-MG
724043;10/10/2025;sexta-feira;14:05:00;MG;40;749,5;SANTOS DUMONT;Velocidade Incompatível;Colisão frontal;Com Vítimas Fatais;Pleno dia;Crescente;Nublado;Simples;"Declive;Curva";Não;2;1;1;0;0;0;1;2;-21,485893;-43,535015;SPRF-MG;DEL05-MG;UOP01-DEL05-MG
724044;15/09/2025;segunda-feira;13:00:00;MG;116;399,2;GOVERNADOR VALADARES;Velocidade Incompatível;Saída de leito carroçável;Com Vítimas Feridas;Pleno dia;Crescente;Ignorado;Dupla;Reta;Não;2;0;0;1;0;1;1;2;-18,758935;-41,98563;SPRF-MG;DEL06-MG;UOP01-DEL06-MG
724047;10/10/2025;sexta-feira;13:00:00;PR;376;457;PONTA GROSSA;Reação tardia ou ineficiente do condutor;Saída de leito carroçável;Sem Vítimas;Pleno dia;Decrescente;Céu Claro;Dupla;Aclive;Não;1;0;0;0;1;0;0;1;-24,9711871;-50,38336214;SPRF-PR;DEL03-PR;UOP01-DEL03-PR
724049;10/10/2025;sexta-feira;13:00:00;MG;381;652;PERDOES;Chuva;Colisão com objeto;Com Vítimas Feridas;Pleno dia;Decrescente;Chuva;Dupla;Curva;Não;2;0;2;0;0;0;2;1;-21,086208;-45,0854912;SPRF-MG;DEL04-MG;UOP02-DEL04-MG
724050;10/10/2025;sexta-feira;14:40:00;SE;235;54;ITABAIANA;Condutor desrespeitou a iluminação vermelha do semáforo;Colisão transversal;Com Vítimas Feridas;Pleno dia;Crescente;Céu Claro;Simples;Reta;Não;2;0;1;0;1;0;1;2;-10,678597;-37,44253;SPRF-SE;DEL01-SE;UOP02-DEL01-SE
724051;10/10/2025;sexta-feira;13:30:00;MA;135;73,6;SANTA RITA;Ultrapassagem Indevida;Saída de leito carroçável;Com Vítimas Feridas;Pleno dia;Crescente;Céu Claro;Simples;"Aclive;Reta";Não;4;0;1;0;3;0;1;2;-3,170542;-44,341048;SPRF-MA;DEL01-MA;UOP02-DEL01-MA
724052;02/10/2025;quinta-feira;18:15:00;PR;116;93;SAO JOSE DOS PINHAIS;Condutor deixou de manter distância do veículo da frente;Colisão traseira;Com Vítimas Feridas;Anoitecer;Decrescente;Nublado;Dupla;Reta;Não;3;0;1;0;0;2;1;3;-25,516681;-49,1316842;SPRF-PR;DEL01-PR;UOP07-DEL01-PR
724054;10/10/2025;sexta-feira;14:40:00;SC;101;208;SAO JOSE;Condutor deixou de manter distância do veículo da frente;Colisão traseira;Sem Vítimas;Pleno dia;Crescente;Nublado;Múltipla;Reta;Sim;2;0;0;0;2;0;0;2;-27,6033648;-48,63205282;SPRF-SC;DEL01-SC;UOP01-DEL01-SC
724055;10/10/2025;sexta-feira;14:30:00;SC;280;115,6;SAO BENTO DO SUL;Acessar a via sem observar a presença dos outros veículos;Colisão transversal;Com Vítimas Feridas;Pleno dia;Decrescente;Chuva;Simples;"Interseção de Vias;Reta";Não;6;0;1;0;5;0;1;2;-26,282523;-49,413555;SPRF-SC;DEL06-SC;UOP03-DEL06-SC
724056;10/10/2025;sexta-feira;15:00:00;SC;101;125;ITAJAI;Acumulo de óleo sobre o pavimento;Colisão traseira;Com Vítimas Feridas;Pleno dia;Crescente;Garoa/Chuvisco;Dupla;Reta;Não;4;0;1;0;3;0;1;3;-26,94715536;-48,68544102;SPRF-SC;DEL04-SC;UOP04-DEL04-SC