id;data_inversa;dia_semana;horario;uf;br;km;municipio;causa_acidente;tipo_acidente;classificacao_acidente;fase_dia;sentido_via;condicao_metereologica;tipo_pista;tracado_via;uso_solo;pessoas;mortos;feridos_leves;feridos_graves;ilesos;ignorados;feridos;veiculos;latitude;longitude;regional;delegacia;uop
724168;10/10/2025;sexta-feira;23:05:00;DF;70;17;BRASILIA;Condutor Dormindo;Capotamento;Sem Vítimas;Plena Noite;Crescente;Vento;Dupla;Reta;Não;1;0;0;0;1;0;0;1;-15,7952851;-48,1990893;SPRF-DF;DEL03-DF;UOP02-DEL03-DF
724170;10/10/2025;sexta-feira;20:15:00;CE;116;410;BAIXIO;Animais na Pista;Atropelamento de Animal;Com Vítimas Feridas;Plena Noite;Crescente;Céu Claro;Simples;Reta;Não;5;0;1;0;4;0;1;1;-6,699898;-38,808293;SPRF-CE;DEL05-CE;UOP01-DEL05-CE
724173;10/10/2025;sexta-feira;20:00:00;MA;226;241;TUNTUM;Animais na Pista;Atropelamento de Animal;Com Vítimas Fatais;Plena Noite;Crescente;Céu Claro;Simples;Reta;Não;1;1;0;0;0;0;0;1;-5,390728;-44,799457;SPRF-MA;DEL06-MA;UOP01-DEL06-MA
724174;10/10/2025;sexta-feira;16:00:00;AM;319;630;HUMAITA;Reação tardia ou ineficiente do condutor;Queda de ocupante de veículo;Com Vítimas Feridas;Pleno dia;Decrescente;Céu Claro;Simples;Reta;Não;3;0;1;0;1;1;1;3;-7,334634;-63,18471;SPRF-AM;DEL01-AM;UOP04-DEL01-AM
724175;10/10/2025;sexta-feira;22:42:00;PE;424;67,9;CAETES;Ingestão de álcool pelo condutor;Colisão frontal;Com Vítimas Feridas;Plena Noite;Decrescente;Céu Claro;Simples;Reta;Não;2;0;1;0;0;1;1;2;-8,7683345;-36,6366411;SPRF-PE;DEL03-PE;UOP01-DEL03-PE
724176;10/10/2025;sexta-feira;23:45:00;SC;101;198,1;BIGUACU;Reação tardia ou ineficiente do condutor;Tombamento;Com Vítimas Feridas;Plena Noite;Crescente;Chuva;Múltipla;Reta;Sim;1;0;1;0;0;0;1;1;-27,52524312;-48,63609256;SPRF-SC;DEL01-SC;UOP01-DEL01-SC
724177;10/10/2025;sexta-feira;22:30:00;MG;116;193,9;CARAI;Animais na Pista;Atropelamento de Animal;Com Vítimas Feridas;Plena Noite;Decrescente;Céu Claro;Simples;Reta;Não;1;0;1;0;0;0;1;1;-17,192337;-41,488093;SPRF-MG;DEL11-MG;UOP01-DEL11-MG
724179;10/10/2025;sexta-feira;23:55:00;BA;101;716;EUNAPOLIS;Ausência de reação do condutor;Queda de ocupante de veículo;Com Vítimas Feridas;Plena Noite;Decrescente;Nublado;Simples;Reta;Sim;2;0;2;0;0;0;2;1;-16,35143841;-39,57859039;SPRF-BA;DEL09-BA;UOP01-DEL09-BA
724180;11/10/2025;sábado;00:05:00;MG;381;510;SAO JOAQUIM DE BICAS;Reação tardia ou ineficiente do condutor;Colisão com objeto;Com Vítimas Feridas;Plena Noite;Decrescente;Céu Claro;Múltipla;Reta;Sim;1;0;1;0;0;0;1;1;-20,0566708;-44,2867018;SPRF-MG;DEL01-MG;UOP03-DEL01-MG
724181;10/10/2025;sexta-feira;23:00:00;BA;110;8;PAULO AFONSO;Ultrapassagem Indevida;Colisão lateral sentido oposto;Com Vítimas Feridas;Plena Noite;Decrescente;Céu Claro;Simples;Curva;Não;7;0;2;0;5;0;2;2;-9,4915;-38,214306;SPRF-BA;DEL07-BA;UOP01-DEL07-BA
724184;11/10/2025;sábado;01:00:00;RS;386;350;ESTRELA;Reação tardia ou ineficiente do condutor;Colisão com objeto;Com Vítimas Feridas;Plena Noite;Decrescente;Céu Claro;Dupla;"Reta;Ponte";Sim;2;0;2;0;0;0;2;1;-29,47545569;-51,95310686;SPRF-RS;DEL04-RS;UOP01-DEL04-RS
724185;11/10/2025;sábado;00:50:00;MG;381;489;BETIM;Ausência de sinalização;Colisão com objeto;Com Vítimas Feridas;Plena Noite;Crescente;Céu Claro;Dupla;Declive;Sim;2;0;0;1;1;0;1;2;-19,9565473;-44,13696461;SPRF-MG;DEL01-MG;UOP03-DEL01-MG
724188;10/10/2025;sexta-feira;23:38:00;PB;101;86;BAYEUX;Chuva;Colisão com objeto;Sem Vítimas;Plena Noite;Crescente;Chuva;Dupla;Reta;Sim;1;0;0;0;0;1;0;1;-7,14941988;-34,91233231;SPRF-PB;DEL01-PB;UOP01-DEL01-PB
724189;11/10/2025;sábado;00:36:00;PB;104;133,4;QUEIMADAS;Transitar na contramão;Colisão frontal;Com Vítimas Feridas;Plena Noite;Crescente;Céu Claro;Simples;Reta;Sim;3;0;3;0;0;0;3;2;-7,305895;-35,893038;SPRF-PB;DEL02-PB;UOP03-DEL02-PB
724190;11/10/2025;sábado;00:40:00;PR;369;90,7;CORNELIO PROCOPIO;Ausência de reação do condutor;Queda de ocupante de veículo;Com Vítimas Feridas;Plena Noite;Crescente;Nublado;Simples;"Interseção de Vias;Curva";Sim;1;0;1;0;0;0;1;1;-23,19672043;-50,65431118;SPRF-PR;DEL07-PR;UOP05-DEL07-PR
724195;11/10/2025;sábado;02:31:00;PB;230;19,4;JOAO PESSOA;Velocidade Incompatível;Colisão com objeto;Sem Vítimas;Plena Noite;Decrescente;Céu Claro;Dupla;Curva;Não;1;0;0;0;0;1;0;1;-7,1340848;-34,85428381;SPRF-PB;DEL01-PB;UOP01-DEL01-PB
724196;11/10/2025;sábado;03:45:00;DF;40;3;BRASILIA;Condutor Dormindo;Colisão com objeto;Com Vítimas Feridas;Plena Noite;Crescente;Céu Claro;Dupla;"Aclive;Viaduto";Sim;1;0;1;0;0;0;1;1;-16,00242067;-47,98437595;SPRF-DF;DEL01-DF;UOP01-DEL01-DF
724198;11/10/2025;sábado;04:20:00;MG;381;488;BETIM;Velocidade Incompatível;Capotamento;Com Vítimas Feridas;Plena Noite;Decrescente;Céu Claro;Dupla;"Aclive;Curva";Sim;1;0;1;0;0;0;1;1;-19,95775218;-44,12181973;SPRF-MG;DEL01-MG;UOP03-DEL01-MG
724199;11/10/2025;sábado;05:00:00;MG;381;489;BETIM;Reação tardia ou ineficiente do condutor;Tombamento;Com Vítimas Feridas;Amanhecer;Crescente;Céu Claro;Múltipla;"Declive;Reta";Sim;1;0;0;1;0;0;1;1;-19,9566563;-44,1381991;SPRF-MG;DEL01-MG;UOP03-DEL01-MG
724200;10/10/2025;sexta-feira;18:34:00;RO;364;342;JI-PARANA;Reação tardia ou ineficiente do condutor;Colisão traseira;Com Vítimas Feridas;Plena Noite;Decrescente;Céu Claro;Dupla;Reta;Sim;2;0;1;0;1;0;1;2;-10,8840337;-61,9373211;SPRF-RO;DEL02-RO;UOP01-DEL02-RO
724201;11/10/2025;sábado;04:45:00;DF;251;37;BRASILIA;Desrespeitar a preferência no cruzamento;Colisão transversal;Com Vítimas Feridas;Plena Noite;Crescente;Céu Claro;Simples;Interseção de Vias;Não;2;0;0;1;0;1;1;2;-15,94584188;-47,79089244;SPRF-DF;DEL01-DF;UOP01-DEL01-DF
724202;11/10/2025;sábado;05:00:00;GO;70;317;JUSSARA;Reação tardia ou ineficiente do condutor;Colisão com objeto;Com Vítimas Feridas;Amanhecer;Decrescente;Nublado;Simples;Ponte;Sim;2;0;0;1;0;1;1;1;-15,87432926;-50,86047918;SPRF-GO;DEL04-GO;UOP02-DEL04-GO
724204;11/10/2025;sábado;04:50:00;SC;101;11,5;GARUVA;Ingestão de álcool pelo condutor;Colisão traseira;Sem Vítimas;Amanhecer;Crescente;Garoa/Chuvisco;Dupla;Reta;Não;1;0;0;0;1;0;0;1;-26,07263684;-48,86102768;SPRF-SC;DEL03-SC;UOP01-DEL03-SC
724205;11/10/2025;sábado;04:00:00;SC;282;385;HERVAL DOESTE;Ingestão de álcool pelo condutor;Saída de leito carroçável;Com Vítimas Feridas;Plena Noite;Crescente;Céu Claro;Simples;Reta;Não;1;0;0;1;0;0;1;1;-27,202442;-51,501965;SPRF-SC;DEL07-SC;UOP05-DEL07-SC
724206;11/10/2025;sábado;04:58:00;SC;101;208,4;SAO JOSE;Ausência de sinalização;Colisão transversal;Sem Vítimas;Pleno dia;Crescente;Nublado;Múltipla;"Interseção de Vias;Viaduto";Não;2;0;0;0;2;0;0;2;-27,60600789;-48,635132;SPRF-SC;DEL01-SC;UOP01-DEL01-SC
724210;11/10/2025;sábado;01:30:00;MG;381;925;ITAPEVA;Chuva;Colisão com objeto;Com Vítimas Feridas;Plena Noite;Decrescente;Garoa/Chuvisco;Dupla;"Curva;Declive";Sim;2;0;1;0;1;0;1;1;-22,77103744;-46,19817495;SPRF-MG;DEL16-MG;UOP03-DEL16-MG
724211;11/10/2025;sábado;06:00:00;RN;304;280;MACAIBA;Avarias e/ou desgaste excessivo no pneu;Eventos atípicos;Com Vítimas Feridas;Pleno dia;Crescente;Céu Claro;Múltipla;Reta;Não;2;0;1;0;1;0;1;1;-5,889157;-35,4888467;SPRF-RN;DEL01-RN;UOP02-DEL01-RN
724212;11/10/2025;sábado;05:34:00;SP;116;89,2;PINDAMONHANGABA;Ausência de reação do condutor;Colisão traseira;Com Vítimas Feridas;Amanhecer;Decrescente;Nublado;Dupla;"Retorno Regulamentado;Reta";Sim;2;0;0;1;1;0;1;2;-22,94021476;-45,38055182;SPRF-SP;DEL08-SP;UOP01-DEL08-SP
724213;11/10/2025;sábado;01:00:00;PR;376;629;SAO JOSE DOS PINHAIS;Ausência de reação do condutor;Capotamento;Sem Vítimas;Plena Noite;Crescente;Nublado;Dupla;Reta;Não;1;0;0;0;0;1;0;1;-25,69733792;-49,14466605;SPRF-PR;DEL01-PR;UOP04-DEL01-PR
724215;08/10/2025;quarta-feira;05:30:00;RJ;101;322;NITEROI;Condutor deixou de manter distância do veículo da frente;Colisão traseira;Com Vítimas Feridas;Amanhecer;Decrescente;Garoa/Chuvisco;Dupla;Reta;Não;3;0;1;0;2;0;1;2;-22,8852424;-43,1038224;SPRF-RJ;DEL02-RJ;UOP01-DEL02-RJ
724217;11/10/2025;sábado;06:14:00;ES;101;265;SERRA;Transitar na contramão;Colisão frontal;Com Vítimas Feridas;Pleno dia;Crescente;Céu Claro;Múltipla;Curva;Sim;3;0;1;2;0;0;3;2;-20,18065437;-40,26523501;SPRF-ES;DEL02-ES;UOP01-DEL02-ES
724220;11/10/2025;sábado;04:45:00;CE;116;53,8;PACAJUS;Ingestão de álcool pelo condutor;Colisão frontal;Com Vítimas Fatais;Amanhecer;Decrescente;Céu Claro;Dupla;Reta;Sim;4;2;0;0;2;0;0;2;-4,19535034;-38,47157669;SPRF-CE;DEL01-CE;UOP04-DEL01-CE
724222;11/10/2025;sábado;05:50:00;DF;20;12,2;BRASILIA;Ausência de reação do condutor;Capotamento;Sem Vítimas;Pleno dia;Crescente;Céu Claro;Dupla;Reta;Sim;3;0;0;0;3;0;0;1;-15,64121617;-47,75480853;SPRF-DF;DEL02-DF;UOP01-DEL02-DF
724223;11/10/2025;sábado;06:20:00;MG;381;372,2;SAO GONCALO DO RIO ABAIXO;Velocidade Incompatível;Colisão com objeto;Com Vítimas Feridas;Pleno dia;Decrescente;Céu Claro;Simples;Reta;Não;3;0;3;0;0;0;3;1;-19,840822;-43,332624;SPRF-MG;DEL01-MG;UOP01-DEL01-MG
724224;11/10/2025;sábado;07:00:00;PR;277;592,1;CASCAVEL;Entrada inopinada do pedestre;Atropelamento de Pedestre;Com Vítimas Feridas;Pleno dia;Decrescente;Céu Claro;Simples;"Reta;Declive";Sim;3;0;0;1;1;1;1;2;-24,98193544;-53,47569027;SPRF-PR;DEL04-PR;UOP01-DEL04-PR
724225;11/10/2025;sábado;05:00:00;SC;282;469,2;PASSOS MAIA;Ingestão de álcool pelo condutor;Colisão traseira;Com Vítimas Feridas;Amanhecer;Crescente;Céu Claro;Dupla;Reta;Não;2;0;1;0;0;1;1;2;-26,85456;-52,094066;SPRF-SC;DEL07-SC;UOP04-DEL07-SC
724226;11/10/2025;sábado;06:15:00;PR;277;65,8;SAO JOSE DOS PINHAIS;Estacionar ou parar em local proibido;Colisão transversal;Com Vítimas Feridas;Amanhecer;Crescente;Nublado;Simples;Reta;Não;3;0;1;0;2;0;1;2;-25,52981;-49,086441;SPRF-PR;DEL01-PR;UOP01-DEL01-PR
724227;11/10/2025;sábado;06:20:00;MG;262;359;JUATUBA;Ausência de reação do condutor;Queda de ocupante de veículo;Sem Vítimas;Pleno dia;Decrescente;Nublado;Dupla;Aclive;Não;1;0;0;0;0;1;0;1;-19,9715005;-44,29642288;SPRF-MG;DEL01-MG;UOP03-DEL01-MG
724228;11/10/2025;sábado;07:15:00;SP;116;101;PINDAMONHANGABA;Ausência de reação do condutor;Colisão traseira;Com Vítimas Feridas;Pleno dia;Decrescente;Nublado;Dupla;Reta;Não;3;0;1;0;2;0;1;3;-22,98889898;-45,47743621;SPRF-SP;DEL08-SP;UOP01-DEL08-SP
724229;11/10/2025;sábado;06:20:00;PE;101;54,6;PAULISTA;Avarias e/ou desgaste excessivo no pneu;Tombamento;Com Vítimas Feridas;Pleno dia;Decrescente;Nublado;Dupla;Reta;Não;2;0;2;0;0;0;2;1;-7,9455;-34,90362;SPRF-PE;DEL01-PE;UOP02-DEL01-PE
724230;11/10/2025;sábado;04:00:00;BA;324;5,9;FEIRA DE SANTANA;Ausência de reação do condutor;Colisão com objeto;Sem Vítimas;Amanhecer;Crescente;Nublado;Dupla;Reta;Sim;1;0;0;0;0;1;0;1;-12,277698;-38,981368;SPRF-BA;DEL02-BA;UOP01-DEL02-BA
724231;11/10/2025;sábado;06:40:00;SP;116;33,9;CACHOEIRA PAULISTA;Velocidade Incompatível;Saída de leito carroçável;Com Vítimas Feridas;Pleno dia;Crescente;Céu Claro;Dupla;"Rotatória;Aclive";Não;1;0;1;0;0;0;1;1;-22,65252649;-44,9587842;SPRF-SP;DEL08-SP;UOP02-DEL08-SP
724232;11/10/2025;sábado;06:50:00;PR;116;76;QUATRO BARRAS;Reação tardia ou ineficiente do condutor;Saída de leito carroçável;Com Vítimas Feridas;Amanhecer;Decrescente;Nublado;Dupla;Reta;Não;1;0;1;0;0;0;1;1;-25,385267;-49,053325;SPRF-PR;DEL01-PR;UOP02-DEL01-PR
724233;11/10/2025;sábado;07:20:00;RS;153;51,8;ERECHIM;Condutor deixou de manter distância do veículo da frente;Colisão traseira;Com Vítimas Feridas;Pleno dia;Crescente;Céu Claro;Simples;"Reta;Aclive";Sim;2;0;0;1;1;0;1;2;-27,66212757;-52,28610286;SPRF-RS;DEL08-RS;UOP04-DEL08-RS
724237;11/10/2025;sábado;07:00:00;MG;262;62,5;MATIPO;Velocidade Incompatível;Saída de leito carroçável;Com Vítimas Feridas;Pleno dia;Decrescente;Nublado;Simples;"Aclive;Curva";Não;4;0;3;0;1;0;3;1;-20,29629;-42,230787;SPRF-MG;DEL06-MG;UOP03-DEL06-MG
724240;11/10/2025;sábado;08:00:00;SC;470;141;RIO DO SUL;Ausência de reação do condutor;Colisão com objeto;Com Vítimas Feridas;Pleno dia;Crescente;Garoa/Chuvisco;Simples;Curva;Sim;5;0;4;0;0;1;4;2;-27,209091;-49,6516664;SPRF-SC;DEL04-SC;UOP02-DEL04-SC
724241;11/10/2025;sábado;07:00:00;RJ;493;95;SEROPEDICA;Ausência de reação do condutor;Saída de leito carroçável;Com Vítimas Feridas;Amanhecer;Crescente;Nublado;Dupla;Reta;Não;1;0;1;0;0;0;1;1;-22,69856097;-43,69235739;SPRF-RJ;DEL01-RJ;UOP03-DEL01-RJ
724244;11/10/2025;sábado;09:00:00;MG;40;551;NOVA LIMA;Frear bruscamente;Colisão traseira;Com Vítimas Feridas;Pleno dia;Decrescente;Céu Claro;Dupla;Reta;Sim;4;0;1;0;2;1;1;4;-20;-43,95;SPRF-MG;DEL01-MG;UOP02-DEL01-MG
724245;11/10/2025;sábado;07:10:00;PR;163;139,5;CAPITAO LEONIDAS MARQUES;Ausência de reação do condutor;Tombamento;Com Vítimas Feridas;Pleno dia;Decrescente;Céu Claro;Simples;"Declive;Curva";Sim;1;0;1;0;0;0;1;1;-25,4799;-53,5912;SPRF-PR;DEL05-PR;UOP05-DEL05-PR
724248;11/10/2025;sábado;09:05:00;SC;282;38,6;AGUAS MORNAS;Transitar na contramão;Colisão frontal;Com Vítimas Feridas;Pleno dia;Crescente;Chuva;Simples;Curva;Não;6;0;2;0;3;1;2;3;-27,71491381;-48,86804581;SPRF-SC;DEL01-SC;UOP03-DEL01-SC
724249;11/10/2025;sábado;08:10:00;MA;316;216;GOVERNADOR NEWTON BELLO;Desrespeitar a preferência no cruzamento;Colisão lateral mesmo sentido;Com Vítimas Feridas;Pleno dia;Decrescente;Céu Claro;Simples;Reta;Sim;2;0;0;1;1;0;1;2;-3,441548;-45,670833;SPRF-MA;DEL02-MA;UOP01-DEL02-MA
724250;11/10/2025;sábado;08:36:00;MS;463;1;DOURADOS;Transitar no Acostamento;Colisão transversal;Com Vítimas Feridas;Pleno dia;Decrescente;Céu Claro;Simples;Reta;Sim;2;0;1;0;1;0;1;2;-22,25909424;-54,81120855;SPRF-MS;DEL04-MS;UOP01-DEL04-MS
724251;11/10/2025;sábado;09:30:00;MG;40;523;CONTAGEM;Condutor Dormindo;Tombamento;Com Vítimas Feridas;Pleno dia;Decrescente;Céu Claro;Dupla;Reta;Não;1;0;1;0;0;0;1;1;-19,869175;-44,058953;SPRF-MG;DEL01-MG;UOP02-DEL01-MG
724254;11/10/2025;sábado;10:00:00;SC;280;237,3;CANOINHAS;Velocidade Incompatível;Saída de leito carroçável;Com Vítimas Feridas;Pleno dia;Decrescente;Céu Claro;Simples;"Declive;Curva";Não;1;0;1;0;0;0;1;1;-26,199384;-50,432677;SPRF-SC;DEL06-SC;UOP04-DEL06-SC
724255;11/10/2025;sábado;09:30:00;BA;110;181;RIBEIRA DO POMBAL;Ausência de reação do condutor;Capotamento;Com Vítimas Feridas;Pleno dia;Decrescente;Céu Claro;Simples;Reta;Não;1;0;1;0;0;0;1;1;-10,93145444;-38,51879865;SPRF-BA;DEL07-BA;UOP02-DEL07-BA
724257;11/10/2025;sábado;08:30:00;SC;101;151;ITAPEMA;Ingestão de álcool pelo condutor;Colisão lateral mesmo sentido;Sem Vítimas;Pleno dia;Decrescente;Nublado;Dupla;Reta;Não;2;0;0;0;1;1;0;2;-27,13340075;-48,60961882;SPRF-SC;DEL04-SC;UOP03-DEL04-SC
724258;11/10/2025;sábado;09:20:00;PR;116;7,5;CAMPINA GRANDE DO SUL;Chuva;Colisão com objeto;Com Vítimas Feridas;Pleno dia;Crescente;Chuva;Dupla;"Declive;Curva";Não;4;0;3;0;0;1;3;1;-25,08088128;-48,62271756;SPRF-PR;DEL01-PR;UOP02-DEL01-PR
724260;11/10/2025;sábado;09:10:00;PR;277;302,2;PRUDENTOPOLIS;Reação tardia ou ineficiente do condutor;Colisão lateral mesmo sentido;Com Vítimas Feridas;Pleno dia;Decrescente;Nublado;Simples;Reta;Não;2;0;1;0;1;0;1;2;-25,30911458;-51,16729975;SPRF-PR;DEL08-PR;UOP01-DEL08-PR
724261;11/10/2025;sábado;09:45:00;RS;392;57,7;RIO GRANDE;Demais falhas mecânicas ou elétricas;Queda de ocupante de veículo;Com Vítimas Feridas;Pleno dia;Decrescente;Céu Claro;Dupla;Curva;Não;2;0;2;0;0;0;2;1;-32,0592949;-52,2706514;SPRF-RS;DEL07-RS;UOP02-DEL07-RS
724263;11/10/2025;sábado;10:40:00;TO;153;449,8;BARROLANDIA;Entrada inopinada do pedestre;Atropelamento de Pedestre;Com Vítimas Feridas;Pleno dia;Crescente;Nublado;Simples;Reta;Sim;2;0;1;0;1;0;1;2;-9,829402;-48,72249695;SPRF-TO;DEL01-TO;UOP01-DEL01-TO
724264;11/10/2025;sábado;08:40:00;PR;277;595,1;CASCAVEL;Transitar no Acostamento;Queda de ocupante de veículo;Com Vítimas Feridas;Pleno dia;Decrescente;Sol;Dupla;Reta;Sim;2;0;0;1;1;0;1;2;-24,983289;-53,502846;SPRF-PR;DEL04-PR;UOP01-DEL04-PR
724265;11/10/2025;sábado;09:30:00;ES;393;0,5;CACHOEIRO DE ITAPEMIRIM;Ultrapassagem Indevida;Colisão frontal;Com Vítimas Feridas;Pleno dia;Crescente;Nublado;Simples;Reta;Sim;2;0;1;0;1;0;1;2;-20,8388083;-41,163215;SPRF-ES;DEL03-ES;UOP02-DEL03-ES
724267;11/10/2025;sábado;10:30:00;SC;101;195,3;BIGUACU;Ausência de reação do condutor;Atropelamento de Pedestre;Com Vítimas Feridas;Pleno dia;Crescente;Céu Claro;Simples;Viaduto;Sim;2;0;1;0;1;0;1;2;-27,507085;-48,64788;SPRF-SC;DEL01-SC;UOP01-DEL01-SC
724268;11/10/2025;sábado;10:50:00;SE;101;95;NOSSA SENHORA DO SOCORRO;Ausência de reação do condutor;Queda de ocupante de veículo;Com Vítimas Feridas;Pleno dia;Decrescente;Sol;Dupla;Reta;Não;1;0;1;0;0;0;1;1;-10,915237;-37,163747;SPRF-SE;DEL02-SE;UOP01-DEL02-SE
724270;11/10/2025;sábado;11:00:00;MG;40;511;RIBEIRAO DAS NEVES;Condutor deixou de manter distância do veículo da frente;Colisão traseira;Com Vítimas Feridas;Pleno dia;Decrescente;Sol;Dupla;Reta;Sim;3;0;1;0;2;0;1;2;-19,78770323;-44,11457062;SPRF-MG;DEL01-MG;UOP02-DEL01-MG
724271;10/10/2025;sexta-feira;17:05:00;PA;316;10;MARITUBA;Ingestão de álcool pelo condutor;Colisão traseira;Com Vítimas Feridas;Pleno dia;Decrescente;Céu Claro;Dupla;Reta;Sim;3;0;1;0;2;0;1;3;-1,36544635;-48,34353526;SPRF-PA;DEL01-PA;UOP01-DEL01-PA
724274;11/10/2025;sábado;10:00:00;RJ;116;146;DUQUE DE CAXIAS;Demais falhas mecânicas ou elétricas;Incêndio;Sem Vítimas;Pleno dia;Decrescente;Nublado;Múltipla;Reta;Sim;1;0;0;0;1;0;0;1;-22,66597704;-43,261199;SPRF-RJ;DEL01-RJ;UOP02-DEL01-RJ
724276;11/10/2025;sábado;11:00:00;PE;101;66,8;RECIFE;Acessar a via sem observar a presença dos outros veículos;Colisão lateral mesmo sentido;Com Vítimas Feridas;Pleno dia;Crescente;Céu Claro;Dupla;"Interseção de Vias;Reta";Sim;3;0;1;0;2;0;1;3;-8,041962;-34,94329;SPRF-PE;DEL01-PE;UOP01-DEL01-PE
724277;11/10/2025;sábado;10:30:00;RJ;101;306;SAO GONCALO;Demais falhas mecânicas ou elétricas;Tombamento;Com Vítimas Feridas;Pleno dia;Decrescente;Nublado;Dupla;Reta;Sim;1;0;1;0;0;0;1;1;-22,78943743;-43,00681756;SPRF-RJ;DEL02-RJ;UOP02-DEL02-RJ
724278;11/10/2025;sábado;11:45:00;BA;101;715;EUNAPOLIS;Reação tardia ou ineficiente do condutor;Colisão traseira;Sem Vítimas;Pleno dia;Crescente;Céu Claro;Dupla;Reta;Sim;2;0;0;0;2;0;0;2;-16,3615241;-39,5803544;SPRF-BA;DEL09-BA;UOP01-DEL09-BA
724279;11/10/2025;sábado;07:30:00;BA;116;696;JEQUIE;Velocidade Incompatível;Saída de leito carroçável;Com Vítimas Feridas;Pleno dia;Decrescente;Nublado;Simples;Curva;Não;5;0;1;0;4;0;1;1;-14,037562;-40,204008;SPRF-BA;DEL03-BA;UOP01-DEL03-BA
724281;11/10/2025;sábado;11:40:00;RS;116;143;CAXIAS DO SUL;Retorno proibido;Colisão lateral mesmo sentido;Com Vítimas Feridas;Pleno dia;Decrescente;Céu Claro;Dupla;Interseção de Vias;Sim;2;0;1;0;1;0;1;2;-29,11807253;-51,11604659;SPRF-RS;DEL05-RS;UOP01-DEL05-RS
724282;11/10/2025;sábado;12:15:00;SP;101;48;UBATUBA;Trafegar com motocicleta (ou similar) entre as faixas;Colisão transversal;Com Vítimas Feridas;Pleno dia;Crescente;Sol;Simples;Reta;Sim;2;0;1;0;1;0;1;2;-23,43736374;-45,08780187;SPRF-SP;DEL06-SP;UOP01-DEL06-SP
724283;11/10/2025;sábado;11:25:00;MA;10;256;IMPERATRIZ;Transitar na contramão;Colisão transversal;Com Vítimas Feridas;Pleno dia;Crescente;Céu Claro;Simples;Reta;Sim;3;0;1;1;1;0;2;3;-5,4934;-47,472;SPRF-MA;DEL04-MA;UOP01-DEL04-MA
724284;11/10/2025;sábado;12:30:00;ES;262;78,8;DOMINGOS MARTINS;Ultrapassagem Indevida;Colisão frontal;Com Vítimas Feridas;Pleno dia;Crescente;Sol;Simples;Curva;Não;5;0;1;1;3;0;2;3;-20,409761;-40,928312;SPRF-ES;DEL01-ES;UOP02-DEL01-ES
724285;11/10/2025;sábado;12:20:00;RJ;116;178;BELFORD ROXO;Trafegar com motocicleta (ou similar) entre as faixas;Colisão lateral mesmo sentido;Com Vítimas Feridas;Pleno dia;Crescente;Nublado;Dupla;Reta;Não;3;0;2;0;1;0;2;2;-22,76896894;-43,40923246;SPRF-RJ;DEL06-RJ;UOP01-DEL06-RJ
724286;11/10/2025;sábado;12:45:00;MG;50;1;UBERLANDIA;Declive acentuado;Saída de leito carroçável;Com Vítimas Feridas;Pleno dia;Crescente;Céu Claro;Dupla;Declive;Não;2;0;2;0;0;0;2;1;-18,85458355;-48,2442468;SPRF-MG;DEL15-MG;UOP01-DEL15-MG
724287;11/10/2025;sábado;12:10:00;PB;104;115,4;LAGOA SECA;Acessar a via sem observar a presença dos outros veículos;Colisão transversal;Com Vítimas Feridas;Pleno dia;Crescente;Céu Claro;Simples;Reta;Sim;4;0;1;1;2;0;2;2;-7,171297;-35,859924;SPRF-PB;DEL02-PB;UOP04-DEL02-PB
724288;11/10/2025;sábado;13:15:00;MG;40;544;BELO HORIZONTE;Manobra de mudança de faixa;Colisão lateral mesmo sentido;Com Vítimas Feridas;Pleno dia;Crescente;Nublado;Múltipla;"Aclive;Reta";Sim;2;0;1;0;1;0;1;2;-20,001904;-43,965088;SPRF-MG;DEL01-MG;UOP02-DEL01-MG
724292;11/10/2025;sábado;13:10:00;PB;230;23,9;JOAO PESSOA;Demais falhas mecânicas ou elétricas;Colisão com objeto;Com Vítimas Feridas;Pleno dia;Decrescente;Sol;Dupla;Curva;Sim;3;0;2;0;1;0;2;2;-7,170803;-34,867315;SPRF-PB;DEL01-PB;UOP01-DEL01-PB
724294;11/10/2025;sábado;13:03:00;PE;101;67;RECIFE;Condutor Dormindo;Saída de leito carroçável;Sem Vítimas;Pleno dia;Crescente;Sol;Dupla;Reta;Sim;1;0;0;0;1;0;0;1;-8,050177;-34,945785;SPRF-PE;DEL01-PE;UOP01-DEL01-PE
724295;11/10/2025;sábado;13:05:00;BA;101;713;EUNAPOLIS;Acessar a via sem observar a presença dos outros veículos;Colisão lateral mesmo sentido;Com Vítimas Feridas;Pleno dia;Crescente;Céu Claro;Simples;Reta;Sim;2;0;1;0;1;0;1;2;-16,340014;-39,5805541;SPRF-BA;DEL09-BA;UOP01-DEL09-BA
724298;11/10/2025;sábado;11:30:00;MG;116;416;GOVERNADOR VALADARES;Acessar a via sem observar a presença dos outros veículos;Colisão transversal;Com Vítimas Feridas;Pleno dia;Crescente;Céu Claro;Simples;Interseção de Vias;Não;3;0;1;0;2;0;1;2;-18,8957855;-41,94783423;SPRF-MG;DEL06-MG;UOP01-DEL06-MG
724300;11/10/2025;sábado;13:05:00;PB;230;16,5;JOAO PESSOA;Ausência de reação do condutor;Tombamento;Com Vítimas Feridas;Pleno dia;Crescente;Céu Claro;Dupla;Reta;Sim;1;0;1;0;0;0;1;1;-7,10867634;-34,84343916;SPRF-PB;DEL01-PB;UOP01-DEL01-PB
724301;07/10/2025;terça-feira;06:40:00;BA;324;613,8;SALVADOR;Reação tardia ou ineficiente do condutor;Colisão traseira;Com Vítimas Feridas;Pleno dia;Crescente;Sol;Dupla;Reta;Sim;3;0;1;1;1;0;2;2;-12,871518;-38,42715;SPRF-BA;DEL01-BA;UOP01-DEL01-BA
724302;11/10/2025;sábado;14:00:00;BA;349;984;CORRENTINA;Velocidade Incompatível;Saída de leito carroçável;Com Vítimas Feridas;Pleno dia;Crescente;Sol;Simples;Reta;Não;4;0;4;0;0;0;4;1;-13,554366;-45,066105;SPRF-BA;DEL10-BA;UOP02-DEL10-BA