id;data_inversa;dia_semana;horario;uf;br;km;municipio;causa_acidente;tipo_acidente;classificacao_acidente;fase_dia;sentido_via;condicao_metereologica;tipo_pista;tracado_via;uso_solo;pessoas;mortos;feridos_leves;feridos_graves;ilesos;ignorados;feridos;veiculos;latitude;longitude;regional;delegacia;uop
724303;16/08/2025;sábado;21:00:00;MG;381;170,3;GOVERNADOR VALADARES;Condutor deixou de manter distância do veículo da frente;Colisão traseira;Com Vítimas Feridas;Plena Noite;Decrescente;Céu Claro;Simples;Reta;Não;2;0;0;1;1;0;1;2;-18,98674488;-42,10955858;SPRF-MG;DEL06-MG;UOP01-DEL06-MG
724304;11/10/2025;sábado;14:00:00;BA;324;605;SIMOES FILHO;Demais falhas mecânicas ou elétricas;Tombamento;Com Vítimas Feridas;Pleno dia;Decrescente;Céu Claro;Dupla;Reta;Não;2;0;2;0;0;0;2;1;-12,79294465;-38,40490133;SPRF-BA;DEL01-BA;UOP01-DEL01-BA
724305;11/10/2025;sábado;12:40:00;SP;153;151;PROMISSAO;Condutor deixou de manter distância do veículo da frente;Saída de leito carroçável;Sem Vítimas;Pleno dia;Decrescente;Céu Claro;Simples;Reta;Não;3;0;0;0;3;0;0;1;-21,42600538;-49,78582263;SPRF-SP;DEL07-SP;UOP01-DEL07-SP
724307;11/10/2025;sábado;13:40:00;RN;101;98;NATAL;Ausência de reação do condutor;Colisão lateral mesmo sentido;Com Vítimas Feridas;Pleno dia;Decrescente;Sol;Múltipla;Reta;Sim;2;0;1;0;1;0;1;2;-5,86611205;-35,2166748;SPRF-RN;DEL01-RN;UOP01-DEL01-RN
724308;11/10/2025;sábado;14:30:00;SP;116;99,9;PINDAMONHANGABA;Reação tardia ou ineficiente do condutor;Colisão traseira;Com Vítimas Feridas;Pleno dia;Decrescente;Nublado;Dupla;Reta;Não;1;0;0;1;0;0;1;1;-22,9832626;-45,4673184;SPRF-SP;DEL08-SP;UOP01-DEL08-SP
724309;09/03/2025;domingo;21:00:00;GO;60;27,3;ALEXANIA;Animais na Pista;Atropelamento de Animal;Com Vítimas Feridas;Plena Noite;Crescente;Nublado;Dupla;"Ponte;Reta";Não;2;0;0;1;1;0;1;2;-16,10176;-48,460675;SPRF-DF;DEL03-DF;UOP01-DEL03-DF
724310;11/10/2025;sábado;14:20:00;SC;101;206,9;SAO JOSE;Reação tardia ou ineficiente do condutor;Colisão traseira;Com Vítimas Feridas;Pleno dia;Crescente;Nublado;Dupla;Curva;Não;3;0;2;0;1;0;2;2;-27,602313;-48,62963;SPRF-SC;DEL01-SC;UOP01-DEL01-SC
724311;11/10/2025;sábado;09:30:00;RS;293;77;PIRATINI;Ausência de reação do condutor;Tombamento;Com Vítimas Feridas;Pleno dia;Decrescente;Céu Claro;Simples;Curva;Não;1;0;1;0;0;0;1;1;-31,674;-53,103;SPRF-RS;DEL07-RS;UOP01-DEL07-RS
724312;11/10/2025;sábado;12:40:00;MG;50;0,2;ARAGUARI;Ausência de reação do condutor;Colisão com objeto;Com Vítimas Feridas;Pleno dia;Decrescente;Chuva;Dupla;"Declive;Reta";Não;1;0;1;0;0;0;1;1;-18,43401622;-48,06243896;SPRF-MG;DEL15-MG;UOP02-DEL15-MG
724313;11/10/2025;sábado;13:35:00;SC;101;38,4;JOINVILLE;Desrespeitar a preferência no cruzamento;Colisão transversal;Com Vítimas Feridas;Pleno dia;Crescente;Nublado;Dupla;"Interseção de Vias;Viaduto;Rotatória";Sim;2;0;2;0;0;0;2;2;-26,29637756;-48,88425708;SPRF-SC;DEL03-SC;UOP01-DEL03-SC
724317;11/10/2025;sábado;14:00:00;RJ;40;116;DUQUE DE CAXIAS;Manobra de mudança de faixa;Colisão lateral mesmo sentido;Com Vítimas Feridas;Pleno dia;Decrescente;Nublado;Múltipla;Reta;Não;3;0;2;0;1;0;2;2;-22,67463233;-43,285866;SPRF-RJ;DEL01-RJ;UOP02-DEL01-RJ
724318;11/10/2025;sábado;15:25:00;SP;488;1;APARECIDA;Reação tardia ou ineficiente do condutor;Atropelamento de Pedestre;Com Vítimas Feridas;Pleno dia;Crescente;Céu Claro;Dupla;Reta;Sim;2;0;1;0;1;0;1;2;-22,850025;-45,2318707;SPRF-SP;DEL08-SP;UOP01-DEL08-SP
724319;11/10/2025;sábado;11:40:00;RJ;356;2;ITAPERUNA;Demais falhas na via;Queda de ocupante de veículo;Com Vítimas Feridas;Pleno dia;Crescente;Céu Claro;Simples;Curva;Não;2;0;2;0;0;0;2;1;-21,14890889;-42,16074014;SPRF-RJ;DEL08-RJ;UOP03-DEL08-RJ
724320;11/10/2025;sábado;12:00:00;RN;101;115;SAO JOSE DE MIPIBU;Ingestão de álcool pelo condutor;Saída de leito carroçável;Com Vítimas Feridas;Pleno dia;Decrescente;Céu Claro;Dupla;Reta;Não;5;0;4;1;0;0;5;1;-5,99182048;-35,26330685;SPRF-RN;DEL01-RN;UOP01-DEL01-RN
724321;11/10/2025;sábado;15:00:00;RJ;101;467,5;ANGRA DOS REIS;Reação tardia ou ineficiente do condutor;Queda de ocupante de veículo;Com Vítimas Feridas;Pleno dia;Decrescente;Céu Claro;Simples;Curva;Não;1;0;1;0;0;0;1;1;-23,005708;-44,217074;SPRF-RJ;DEL03-RJ;UOP03-DEL03-RJ
724323;11/10/2025;sábado;14:36:00;MA;10;254;IMPERATRIZ;Acessar a via sem observar a presença dos outros veículos;Colisão transversal;Com Vítimas Feridas;Pleno dia;Decrescente;Céu Claro;Simples;"Interseção de Vias;Reta";Não;4;0;1;0;3;0;1;2;-5,517618;-47,471655;SPRF-MA;DEL04-MA;UOP01-DEL04-MA
724324;11/10/2025;sábado;14:30:00;RN;101;27;RIO DO FOGO;Ausência de reação do condutor;Capotamento;Com Vítimas Feridas;Pleno dia;Decrescente;Céu Claro;Simples;Reta;Não;2;0;2;0;0;0;2;1;-5,346668;-35,391717;SPRF-RN;DEL02-RN;UOP01-DEL02-RN
724325;11/10/2025;sábado;15:05:00;SC;101;3,2;FLORIANOPOLIS;Velocidade Incompatível;Atropelamento de Pedestre;Com Vítimas Feridas;Pleno dia;Crescente;Nublado;Múltipla;"Aclive;Curva";Sim;3;0;1;1;1;0;2;2;-27,59869645;-48,60001652;SPRF-SC;DEL03-SC;UOP01-DEL03-SC
724327;11/10/2025;sábado;15:45:00;MG;40;746,5;SANTOS DUMONT;Reação tardia ou ineficiente do condutor;Saída de leito carroçável;Com Vítimas Feridas;Pleno dia;Crescente;Chuva;Simples;Curva;Não;4;0;1;0;3;0;1;1;-21,471537;-43,550851;SPRF-MG;DEL05-MG;UOP01-DEL05-MG
724328;11/10/2025;sábado;15:42:00;SP;116;219;GUARULHOS;Ingestão de álcool pelo condutor;Colisão lateral mesmo sentido;Com Vítimas Feridas;Pleno dia;Decrescente;Nublado;Múltipla;Reta;Sim;3;0;2;0;1;0;2;2;-23,45969904;-46,48554734;SPRF-SP;DEL01-SP;UOP01-DEL01-SP
724330;11/10/2025;sábado;16:20:00;SC;101;217,2;PALHOCA;Ausência de reação do condutor;Colisão traseira;Com Vítimas Feridas;Pleno dia;Decrescente;Céu Claro;Múltipla;Reta;Não;3;0;2;0;0;1;2;2;-27,67356379;-48,67146939;SPRF-SC;DEL01-SC;UOP02-DEL01-SC
724331;15/09/2025;segunda-feira;09:30:00;RJ;40;109;DUQUE DE CAXIAS;Manobra de mudança de faixa;Colisão lateral mesmo sentido;Com Vítimas Feridas;Pleno dia;Decrescente;Céu Claro;Múltipla;Reta;Sim;1;0;1;0;0;0;1;1;-22,67721782;-43,2862168;SPRF-RJ;DEL01-RJ;UOP02-DEL01-RJ
724333;11/10/2025;sábado;16:45:00;MG;381;394;BOM JESUS DO AMPARO;Velocidade Incompatível;Saída de leito carroçável;Com Vítimas Feridas;Pleno dia;Decrescente;Nublado;Dupla;"Curva;Aclive";Não;3;0;3;0;0;0;3;1;-19,747466;-43,492598;SPRF-MG;DEL01-MG;UOP01-DEL01-MG
724334;15/09/2025;segunda-feira;09:30:00;RJ;40;109;DUQUE DE CAXIAS;Manobra de mudança de faixa;Colisão lateral mesmo sentido;Com Vítimas Feridas;Pleno dia;Decrescente;Céu Claro;Múltipla;Reta;Sim;1;0;1;0;0;0;1;1;-22,67684705;-43,28612208;SPRF-RJ;DEL01-RJ;UOP02-DEL01-RJ
724335;11/10/2025;sábado;16:15:00;SC;470;52;FLORIANOPOLIS;Conversão proibida;Colisão transversal;Com Vítimas Feridas;Pleno dia;Crescente;Nublado;Simples;"Desvio Temporário;Em Obras";Não;2;0;1;0;1;0;1;2;-27,5972096;-48,5556224;SPRF-SC;DEL04-SC;UOP01-DEL04-SC
724336;11/10/2025;sábado;16:15:00;GO;70;370;JUSSARA;Reação tardia ou ineficiente do condutor;Colisão traseira;Sem Vítimas;Pleno dia;Crescente;Céu Claro;Simples;Reta;Não;2;0;0;0;1;1;0;2;-15,92881289;-51,32177353;SPRF-GO;DEL04-GO;UOP02-DEL04-GO
724337;11/10/2025;sábado;17:06:00;PI;343;0;TERESINA;Acesso irregular;Atropelamento de Pedestre;Com Vítimas Feridas;Pleno dia;Crescente;Céu Claro;Múltipla;Viaduto;Sim;2;0;1;0;1;0;1;2;-5,07791719;-42,74848938;SPRF-PI;DEL01-PI;UOP01-DEL01-PI
724338;11/10/2025;sábado;16:50:00;SC;101;140;BALNEARIO CAMBORIU;Acessar a via sem observar a presença dos outros veículos;Colisão transversal;Com Vítimas Feridas;Pleno dia;Crescente;Nublado;Dupla;"Aclive;Curva";Sim;3;0;2;0;1;0;2;2;-27,04130013;-48,59979121;SPRF-SC;DEL04-SC;UOP03-DEL04-SC
724340;11/10/2025;sábado;16:45:00;PR;277;585;CASCAVEL;Transitar na contramão;Colisão frontal;Com Vítimas Feridas;Pleno dia;Decrescente;Céu Claro;Simples;Reta;Não;4;0;3;0;1;0;3;2;-24,96385658;-53,41554463;SPRF-PR;DEL04-PR;UOP01-DEL04-PR
724341;11/10/2025;sábado;17:40:00;PI;343;333;TERESINA;Chuva;Tombamento;Com Vítimas Feridas;Amanhecer;Crescente;Chuva;Dupla;Reta;Sim;1;0;0;1;0;0;1;1;-5,056608;-42,683448;SPRF-PI;DEL01-PI;UOP01-DEL01-PI
724342;28/09/2025;domingo;22:00:00;TO;153;181;ARAGUAINA;Deficiência do Sistema de Iluminação/Sinalização;Colisão traseira;Com Vítimas Feridas;Plena Noite;Crescente;Céu Claro;Simples;Reta;Não;4;0;0;2;2;0;2;2;-7,4612954;-48,37253362;SPRF-TO;DEL02-TO;UOP01-DEL02-TO
724344;11/10/2025;sábado;17:00:00;DF;20;33;BRASILIA;Ausência de reação do condutor;Colisão traseira;Com Vítimas Feridas;Pleno dia;Crescente;Céu Claro;Dupla;Reta;Não;2;0;0;1;1;0;1;2;-15,58664916;-47,57341862;SPRF-DF;DEL02-DF;UOP01-DEL02-DF
724346;11/10/2025;sábado;17:35:00;SP;116;77,3;ROSEIRA;Pedestre cruzava a pista fora da faixa;Atropelamento de Pedestre;Com Vítimas Feridas;Pleno dia;Crescente;Sol;Dupla;Reta;Sim;2;0;0;2;0;0;2;2;-22,884642;-45,281165;SPRF-SP;DEL08-SP;UOP01-DEL08-SP
724347;11/10/2025;sábado;16:25:00;RN;101;164;CANGUARETAMA;Pista esburacada;Colisão com objeto;Com Vítimas Feridas;Pleno dia;Crescente;Céu Claro;Dupla;"Reta;Ponte";Não;4;0;3;0;1;0;3;1;-6,4035833;-35,134265;SPRF-RN;DEL01-RN;UOP01-DEL01-RN
724348;11/10/2025;sábado;17:50:00;RN;101;109;PARNAMIRIM;Ausência de reação do condutor;Capotamento;Sem Vítimas;Anoitecer;Decrescente;Céu Claro;Dupla;Reta;Sim;1;0;0;0;0;1;0;1;-5,93561;-35,264585;SPRF-RN;DEL01-RN;UOP01-DEL01-RN
724349;11/10/2025;sábado;17:18:00;SP;381;85,5;SAO PAULO;Reação tardia ou ineficiente do condutor;Colisão traseira;Com Vítimas Feridas;Pleno dia;Decrescente;Céu Claro;Dupla;Reta;Sim;4;0;1;2;1;0;3;2;-23,45896419;-46,57137819;SPRF-SP;DEL03-SP;UOP01-DEL03-SP
724350;11/10/2025;sábado;13:30:00;ES;259;52,6;COLATINA;Reação tardia ou ineficiente do condutor;Saída de leito carroçável;Sem Vítimas;Pleno dia;Crescente;Céu Claro;Simples;Curva;Não;1;0;0;0;0;1;0;1;-19,500716;-40,629415;SPRF-ES;DEL02-ES;UOP01-DEL02-ES
724351;11/10/2025;sábado;19:20:00;SC;101;213,9;PALHOCA;Condutor deixou de manter distância do veículo da frente;Colisão traseira;Com Vítimas Feridas;Plena Noite;Decrescente;Chuva;Múltipla;Reta;Sim;2;0;1;0;1;0;1;2;-27,644077;-48,67006;SPRF-SC;DEL01-SC;UOP02-DEL01-SC
724352;11/10/2025;sábado;17:35:00;PB;230;27,1;JOAO PESSOA;Avarias e/ou desgaste excessivo no pneu;Queda de ocupante de veículo;Com Vítimas Feridas;Anoitecer;Decrescente;Céu Claro;Dupla;"Reta;Aclive";Não;2;0;1;1;0;0;2;1;-7,16667163;-34,88764107;SPRF-PB;DEL01-PB;UOP01-DEL01-PB
724354;11/10/2025;sábado;18:00:00;RS;448;19;CANOAS;Reação tardia ou ineficiente do condutor;Colisão lateral mesmo sentido;Sem Vítimas;Plena Noite;Decrescente;Céu Claro;Dupla;Reta;Não;2;0;0;0;1;1;0;2;-29,9516372;-51,2030977;SPRF-RS;DEL01-RS;UOP01-DEL01-RS
724355;11/10/2025;sábado;18:30:00;ES;101;270;SERRA;Manobra de mudança de faixa;Colisão lateral sentido oposto;Com Vítimas Feridas;Plena Noite;Crescente;Nublado;Dupla;Reta;Sim;2;0;1;0;1;0;1;2;-20,23085183;-40,27316451;SPRF-ES;DEL02-ES;UOP01-DEL02-ES
724356;11/10/2025;sábado;18:00:00;MG;381;423;SABARA;Pista Escorregadia;Saída de leito carroçável;Com Vítimas Feridas;Anoitecer;Crescente;Chuva;Dupla;"Aclive;Curva";Não;1;0;1;0;0;0;1;1;-19,78749123;-43,69129658;SPRF-MG;DEL01-MG;UOP01-DEL01-MG
724357;11/10/2025;sábado;18:00:00;MG;381;424;SABARA;Velocidade Incompatível;Saída de leito carroçável;Com Vítimas Feridas;Plena Noite;Crescente;Nublado;Simples;"Curva;Declive";Não;4;0;2;0;2;0;2;1;-19,787664;-43,699355;SPRF-MG;DEL01-MG;UOP01-DEL01-MG
724358;11/10/2025;sábado;18:50:00;MG;459;96,1;POUSO ALEGRE;Velocidade Incompatível;Colisão transversal;Com Vítimas Feridas;Plena Noite;Crescente;Nublado;Simples;"Aclive;Curva";Não;7;0;6;1;0;0;7;2;-22,18629233;-45,98404884;SPRF-MG;DEL09-MG;UOP01-DEL09-MG
724359;11/10/2025;sábado;18:50:00;CE;116;26;AQUIRAZ;Entrada inopinada do pedestre;Atropelamento de Pedestre;Com Vítimas Feridas;Plena Noite;Decrescente;Nublado;Dupla;Reta;Sim;3;0;3;0;0;0;3;2;-3,976207;-38,514097;SPRF-CE;DEL01-CE;UOP02-DEL01-CE
724360;11/10/2025;sábado;17:25:00;RJ;101;310;SAO GONCALO;Demais falhas mecânicas ou elétricas;Tombamento;Com Vítimas Feridas;Pleno dia;Crescente;Nublado;Dupla;Reta;Não;2;0;0;1;1;0;1;1;-22,79714806;-43,04497004;SPRF-RJ;DEL02-RJ;UOP02-DEL02-RJ
724362;11/10/2025;sábado;19:20:00;MG;262;823;UBERABA;Reação tardia ou ineficiente do condutor;Capotamento;Com Vítimas Feridas;Plena Noite;Crescente;Céu Claro;Dupla;Reta;Não;3;0;1;0;2;0;1;1;-19,76422916;-48,12755715;SPRF-MG;DEL13-MG;UOP01-DEL13-MG
724363;11/10/2025;sábado;18:30:00;RJ;116;184;NOVA IGUACU;Reação tardia ou ineficiente do condutor;Colisão lateral mesmo sentido;Com Vítimas Feridas;Plena Noite;Crescente;Céu Claro;Dupla;Reta;Sim;4;0;2;0;2;0;2;2;-22,74715457;-43,44498396;SPRF-RJ;DEL06-RJ;UOP01-DEL06-RJ
724364;11/10/2025;sábado;18:50:00;RJ;493;22;MAGE;Condutor deixou de manter distância do veículo da frente;Colisão traseira;Com Vítimas Feridas;Plena Noite;Decrescente;Céu Claro;Simples;"Em Obras;Reta";Sim;2;0;1;0;1;0;1;2;-22,65823973;-43,0630722;SPRF-RJ;DEL04-RJ;UOP02-DEL04-RJ
724365;11/10/2025;sábado;19:40:00;ES;101;266;SERRA;Velocidade Incompatível;Engavetamento;Com Vítimas Feridas;Plena Noite;Decrescente;Céu Claro;Múltipla;Reta;Sim;4;0;2;0;2;0;2;3;-20,19490975;-40,26862532;SPRF-ES;DEL02-ES;UOP01-DEL02-ES
724367;11/10/2025;sábado;15:40:00;SC;480;125,6;CHAPECO;Reação tardia ou ineficiente do condutor;Saída de leito carroçável;Com Vítimas Feridas;Pleno dia;Decrescente;Sol;Dupla;Reta;Sim;2;0;0;1;0;1;1;2;-27,00728;-52,642212;SPRF-SC;DEL07-SC;UOP01-DEL07-SC
724368;11/10/2025;sábado;16:38:00;SP;488;5,4;APARECIDA;Reação tardia ou ineficiente do condutor;Colisão frontal;Com Vítimas Feridas;Pleno dia;Crescente;Céu Claro;Dupla;"Reta;Rotatória";Sim;3;0;1;0;1;1;1;3;-22,87060391;-45,25733879;SPRF-SP;DEL08-SP;UOP01-DEL08-SP
724369;11/10/2025;sábado;19:40:00;MG;381;499,9;BETIM;Ausência de reação do condutor;Colisão traseira;Com Vítimas Feridas;Plena Noite;Decrescente;Nublado;Dupla;Aclive;Sim;6;0;0;1;5;0;1;2;-20,00571811;-44,21427218;SPRF-MG;DEL01-MG;UOP03-DEL01-MG
724370;11/10/2025;sábado;18:10:00;BA;116;464;SANTO ESTEVAO;Ausência de reação do condutor;Colisão com objeto;Com Vítimas Feridas;Plena Noite;Decrescente;Céu Claro;Dupla;Reta;Sim;1;0;0;1;0;0;1;1;-12,461843;-39,271877;SPRF-BA;DEL02-BA;UOP01-DEL02-BA
724372;11/10/2025;sábado;18:05:00;SC;470;82;RODEIO;Pista Escorregadia;Saída de leito carroçável;Com Vítimas Feridas;Plena Noite;Crescente;Garoa/Chuvisco;Simples;Curva;Não;1;0;1;0;0;0;1;1;-26,95911759;-49,32392327;SPRF-SC;DEL04-SC;UOP01-DEL04-SC
724373;11/10/2025;sábado;19:10:00;PI;316;3;TERESINA;Acessar a via sem observar a presença dos outros veículos;Colisão lateral mesmo sentido;Com Vítimas Feridas;Plena Noite;Crescente;Céu Claro;Múltipla;Reta;Sim;2;0;2;0;0;0;2;2;-5,132738;-42,791098;SPRF-PI;DEL01-PI;UOP02-DEL01-PI
724374;11/10/2025;sábado;18:50:00;MG;40;281;TRES MARIAS;Ultrapassagem Indevida;Colisão lateral mesmo sentido;Com Vítimas Feridas;Plena Noite;Decrescente;Céu Claro;Simples;"Aclive;Reta";Sim;3;0;1;1;0;1;2;2;-18,244107;-45,206586;SPRF-MG;DEL14-MG;UOP02-DEL14-MG
724377;11/10/2025;sábado;19:40:00;PR;376;180,1;MARINGA;Condutor deixou de manter distância do veículo da frente;Colisão lateral mesmo sentido;Com Vítimas Feridas;Plena Noite;Crescente;Nublado;Dupla;Reta;Sim;3;0;0;2;1;0;2;2;-23,4228942;-51,9028263;SPRF-PR;DEL09-PR;UOP01-DEL09-PR
724378;11/10/2025;sábado;19:30:00;GO;153;401;PIRENOPOLIS;Ausência de reação do condutor;Colisão frontal;Com Vítimas Feridas;Plena Noite;Crescente;Céu Claro;Simples;"Declive;Reta";Não;3;0;2;0;0;1;2;2;-16,04871078;-49,074018;SPRF-GO;DEL02-GO;UOP02-DEL02-GO
724379;11/10/2025;sábado;19:00:00;GO;60;218,9;CEZARINA;Transitar no Acostamento;Queda de ocupante de veículo;Com Vítimas Feridas;Plena Noite;Decrescente;Céu Claro;Dupla;Reta;Não;1;0;1;0;0;0;1;1;-16,98142;-49,747652;SPRF-GO;DEL01-GO;UOP02-DEL01-GO
724380;11/10/2025;sábado;20:20:00;RS;116;263;CANOAS;Condutor desrespeitou a iluminação vermelha do semáforo;Colisão transversal;Com Vítimas Feridas;Plena Noite;Decrescente;Nublado;Simples;Reta;Sim;2;0;1;0;1;0;1;2;-29,90375807;-51,17646217;SPRF-RS;DEL01-RS;UOP01-DEL01-RS
724382;11/10/2025;sábado;19:50:00;PR;369;503;CASCAVEL;Condutor deixou de manter distância do veículo da frente;Colisão traseira;Com Vítimas Feridas;Plena Noite;Crescente;Céu Claro;Simples;Reta;Não;3;0;1;0;0;2;1;3;-24,922438;-53,390615;SPRF-PR;DEL04-PR;UOP01-DEL04-PR
724383;11/10/2025;sábado;20:00:00;RS;116;232;ESTANCIA VELHA;Condutor deixou de manter distância do veículo da frente;Colisão traseira;Sem Vítimas;Plena Noite;Decrescente;Nublado;Simples;Reta;Sim;3;0;0;0;3;0;0;3;-29,63450507;-51,14276953;SPRF-RS;DEL01-RS;UOP02-DEL01-RS
724384;11/10/2025;sábado;20:20:00;MG;50;42;ARAGUARI;Condutor deixou de manter distância do veículo da frente;Colisão traseira;Com Vítimas Feridas;Plena Noite;Decrescente;Céu Claro;Dupla;Reta;Não;2;0;1;0;1;0;1;2;-18,69415386;-48,1819245;SPRF-MG;DEL15-MG;UOP02-DEL15-MG
724385;11/10/2025;sábado;20:30:00;GO;20;230;POSSE;Acessar a via sem observar a presença dos outros veículos;Colisão transversal;Com Vítimas Feridas;Plena Noite;Crescente;Céu Claro;Simples;Interseção de Vias;Não;3;0;1;0;2;0;1;2;-14,11323238;-46,30852819;SPRF-DF;DEL02-DF;UOP03-DEL02-DF
724388;11/10/2025;sábado;20:10:00;SC;280;231;CANOINHAS;Reação tardia ou ineficiente do condutor;Colisão transversal;Com Vítimas Feridas;Plena Noite;Decrescente;Céu Claro;Simples;Interseção de Vias;Sim;2;0;1;0;1;0;1;2;-26,190147;-50,378432;SPRF-SC;DEL06-SC;UOP04-DEL06-SC
724389;11/10/2025;sábado;19:55:00;MG;381;945,9;EXTREMA;Velocidade Incompatível;Capotamento;Sem Vítimas;Plena Noite;Crescente;Céu Claro;Dupla;"Declive;Reta";Não;1;0;0;0;0;1;0;1;-22,859698;-46,3413;SPRF-MG;DEL16-MG;UOP03-DEL16-MG
724390;11/10/2025;sábado;19:50:00;MG;381;812,5;CAREACU;Ausência de reação do condutor;Saída de leito carroçável;Com Vítimas Feridas;Plena Noite;Crescente;Céu Claro;Dupla;Curva;Não;2;0;1;0;1;0;1;1;-22,011794;-45,677689;SPRF-MG;DEL16-MG;UOP02-DEL16-MG
724392;11/10/2025;sábado;21:10:00;PE;408;75;PAUDALHO;Entrada inopinada do pedestre;Atropelamento de Pedestre;Com Vítimas Feridas;Plena Noite;Decrescente;Céu Claro;Dupla;Reta;Sim;2;0;1;0;0;1;1;2;-7,94734;-35,11231;SPRF-PE;DEL01-PE;UOP01-DEL01-PE
724393;11/10/2025;sábado;20:10:00;RJ;116;194;QUEIMADOS;Manobra de mudança de faixa;Saída de leito carroçável;Com Vítimas Feridas;Plena Noite;Decrescente;Céu Claro;Dupla;Reta;Não;1;0;0;1;0;0;1;1;-22,72924462;-43,58448029;SPRF-RJ;DEL06-RJ;UOP01-DEL06-RJ
724395;11/10/2025;sábado;19:30:00;RJ;393;235;VASSOURAS;Acessar a via sem observar a presença dos outros veículos;Colisão transversal;Com Vítimas Feridas;Plena Noite;Decrescente;Céu Claro;Simples;"Interseção de Vias;Reta";Sim;3;0;1;1;0;1;2;2;-22,41004116;-43,67141454;SPRF-RJ;DEL05-RJ;UOP03-DEL05-RJ
724396;11/10/2025;sábado;20:00:00;SC;101;325,3;CAPIVARI DE BAIXO;Reação tardia ou ineficiente do condutor;Tombamento;Com Vítimas Fatais;Plena Noite;Crescente;Céu Claro;Múltipla;Reta;Sim;1;1;0;0;0;0;0;1;-28,428009;-48,948512;SPRF-SC;DEL02-SC;UOP01-DEL02-SC
724397;11/10/2025;sábado;20:20:00;SP;459;30;LORENA;Ausência de reação do condutor;Colisão frontal;Com Vítimas Feridas;Plena Noite;Decrescente;Céu Claro;Simples;Reta;Não;2;0;1;0;0;1;1;2;-22,72922932;-45,10095684;SPRF-SP;DEL08-SP;UOP02-DEL08-SP
724398;11/10/2025;sábado;20:40:00;SC;282;23,8;SANTO AMARO DA IMPERATRIZ;Acesso irregular;Colisão transversal;Com Vítimas Feridas;Plena Noite;Decrescente;Céu Claro;Simples;Interseção de Vias;Sim;3;0;1;0;2;0;1;2;-27,67523279;-48,76839336;SPRF-SC;DEL01-SC;UOP03-DEL01-SC
724399;11/10/2025;sábado;18:00:00;SE;235;59;ITABAIANA;Ingestão de álcool pelo condutor;Queda de ocupante de veículo;Com Vítimas Feridas;Plena Noite;Crescente;Céu Claro;Simples;Curva;Não;1;0;1;0;0;0;1;1;-10,60290759;-37,47848511;SPRF-SE;DEL01-SE;UOP02-DEL01-SE
724400;11/10/2025;sábado;19:00:00;BA;101;221;CRUZ DAS ALMAS;Transitar no Acostamento;Colisão traseira;Com Vítimas Feridas;Plena Noite;Crescente;Céu Claro;Simples;Reta;Não;3;0;0;1;2;0;1;2;-12,67354225;-39,13462448;SPRF-BA;DEL01-BA;UOP02-DEL01-BA
724401;11/10/2025;sábado;21:00:00;SC;101;86;BARRA VELHA;Ausência de reação do condutor;Saída de leito carroçável;Com Vítimas Feridas;Plena Noite;Crescente;Garoa/Chuvisco;Múltipla;Reta;Não;2;0;1;1;0;0;2;1;-26,6333025;-48,702087;SPRF-SC;DEL03-SC;UOP02-DEL03-SC
724402;05/09/2025;sexta-feira;20:00:00;MT;163;988;TERRA NOVA DO NORTE;Acesso irregular;Colisão transversal;Sem Vítimas;Plena Noite;Crescente;Céu Claro;Simples;Reta;Não;2;0;0;0;2;0;0;2;-10,5986016;-55,1010144;SPRF-MT;DEL06-MT;UOP03-DEL06-MT
724403;11/10/2025;sábado;20:00:00;PE;232;87;GRAVATA;Reação tardia ou ineficiente do condutor;Colisão traseira;Com Vítimas Feridas;Plena Noite;Decrescente;Céu Claro;Dupla;"Reta;Aclive";Não;3;0;0;2;0;1;2;2;-8,214291;-35,629255;SPRF-PE;DEL02-PE;UOP02-DEL02PE
724404;11/10/2025;sábado;21:45:00;MG;40;548;NOVA LIMA;Velocidade Incompatível;Colisão traseira;Com Vítimas Feridas;Plena Noite;Decrescente;Céu Claro;Dupla;Declive;Não;2;0;1;0;1;0;1;2;-20,0819244;-43,9793763;SPRF-MG;DEL01-MG;UOP02-DEL01-MG
724405;11/10/2025;sábado;22:00:00;RS;290;25;SANTO ANTONIO DA PATRULHA;Ausência de reação do condutor;Colisão traseira;Sem Vítimas;Plena Noite;Crescente;Nublado;Dupla;Reta;Não;4;0;0;0;4;0;0;2;-29,880152;-50,512344;SPRF-RS;DEL03-RS;UOP01-DEL03-RS
724407;11/10/2025;sábado;22:10:00;PR;277;107;CAMPO LARGO;Reação tardia ou ineficiente do condutor;Queda de ocupante de veículo;Com Vítimas Feridas;Plena Noite;Crescente;Céu Claro;Dupla;Reta;Não;3;0;2;0;0;1;2;3;-25,42775302;-49,38882351;SPRF-PR;DEL01-PR;UOP06-DEL01-PR
724409;11/10/2025;sábado;22:00:00;ES;101;41,5;CONCEICAO DA BARRA;Demais falhas mecânicas ou elétricas;Incêndio;Sem Vítimas;Plena Noite;Crescente;Céu Claro;Simples;Reta;Não;1;0;0;0;1;0;0;1;-18,510195;-39,9154433;SPRF-ES;DEL04-ES;UOP02-DEL04-ES
724410;11/10/2025;sábado;22:30:00;PE;232;409;SERRA TALHADA;Ausência de reação do condutor;Colisão traseira;Com Vítimas Feridas;Plena Noite;Crescente;Céu Claro;Simples;Reta;Sim;2;0;1;0;1;0;1;2;-7,98217062;-38,29572201;SPRF-PE;DEL04-PE;UOP01-DEL04-PE