id;data_inversa;dia_semana;horario;uf;br;km;municipio;causa_acidente;tipo_acidente;classificacao_acidente;fase_dia;sentido_via;condicao_metereologica;tipo_pista;tracado_via;uso_solo;pessoas;mortos;feridos_leves;feridos_graves;ilesos;ignorados;feridos;veiculos;latitude;longitude;regional;delegacia;uop
724411;11/10/2025;sábado;19:00:00;MG;251;347;FRUTA DE LEITE;Iluminação deficiente;Queda de ocupante de veículo;Com Vítimas Feridas;Plena Noite;Decrescente;Nublado;Simples;Reta;Não;1;0;1;0;0;0;1;1;-16,264136;-42,504282;SPRF-MG;DEL12-MG;UOP02-DEL12-MG
724413;11/10/2025;sábado;22:00:00;PA;230;106;SAO JOAO DO ARAGUAIA;Ausência de reação do condutor;Capotamento;Sem Vítimas;Plena Noite;Decrescente;Céu Claro;Simples;Reta;Não;1;0;0;0;0;1;0;1;-5,379703;-49,00299;SPRF-PA;DEL03-PA;UOP01-DEL03-PA
724414;11/10/2025;sábado;19:00:00;PE;316;44,9;ARARIPINA;Ausência de sinalização;Colisão traseira;Com Vítimas Fatais;Plena Noite;Decrescente;Céu Claro;Simples;Reta;Não;4;1;0;0;2;1;0;2;-7,686958;-40,359892;SPRF-PE;DEL05-PE;UOP02-DEL05-PE
724415;11/10/2025;sábado;21:30:00;SP;101;43;UBATUBA;Ingestão de álcool pelo condutor;Colisão transversal;Com Vítimas Feridas;Plena Noite;Decrescente;Nublado;Simples;Reta;Sim;2;0;1;0;1;0;1;2;-23,41296967;-45,05681489;SPRF-SP;DEL06-SP;UOP01-DEL06-SP
724416;11/10/2025;sábado;18:20:00;RJ;116;70,4;TERESOPOLIS;Ingestão de álcool pelo condutor;Atropelamento de Pedestre;Com Vítimas Feridas;Plena Noite;Decrescente;Nublado;Simples;Reta;Sim;3;0;1;0;1;1;1;2;-22,317498;-42,937428;SPRF-RJ;DEL04-RJ;UOP01-DEL04-RJ
724417;11/10/2025;sábado;22:30:00;RN;101;105;PARNAMIRIM;Condutor deixou de manter distância do veículo da frente;Colisão traseira;Com Vítimas Feridas;Plena Noite;Crescente;Céu Claro;Simples;Reta;Sim;3;0;1;0;2;0;1;2;-5,89797146;-35,25904656;SPRF-RN;DEL01-RN;UOP01-DEL01-RN
724418;11/10/2025;sábado;21:00:00;RO;174;16;VILHENA;Iluminação deficiente;Colisão com objeto;Com Vítimas Feridas;Plena Noite;Decrescente;Céu Claro;Simples;"Em Obras;Curva";Sim;2;0;2;0;0;0;2;1;-12,70929798;-60,12437075;SPRF-RO;DEL04-RO;UOP01-DEL04-RO
724419;11/10/2025;sábado;22:50:00;PA;316;151;CAPANEMA;Velocidade Incompatível;Queda de ocupante de veículo;Com Vítimas Feridas;Plena Noite;Decrescente;Céu Claro;Dupla;Reta;Sim;2;0;1;0;0;1;1;2;-1,21389843;-47,17993855;SPRF-PA;DEL01-PA;UOP03-DEL01-PA
724420;11/10/2025;sábado;22:00:00;SP;116;51,7;LORENA;Animais na Pista;Atropelamento de Animal;Com Vítimas Feridas;Plena Noite;Decrescente;Céu Claro;Dupla;Reta;Sim;2;0;2;0;0;0;2;1;-22,74492049;-45,09704903;SPRF-SP;DEL08-SP;UOP02-DEL08-SP
724421;11/10/2025;sábado;22:40:00;RN;304;113,8;ACU;Desrespeitar a preferência no cruzamento;Colisão traseira;Com Vítimas Feridas;Plena Noite;Crescente;Céu Claro;Simples;Interseção de Vias;Sim;4;0;3;1;0;0;4;2;-5,60913;-36,90646;SPRF-RN;DEL04-RN;UOP01-DEL04-RN
724422;11/10/2025;sábado;21:31:00;RJ;101;331;RIO DE JANEIRO;Ultrapassagem Indevida;Colisão lateral mesmo sentido;Com Vítimas Feridas;Plena Noite;Crescente;Céu Claro;Dupla;Reta;Não;2;0;1;0;1;0;1;2;-22,87206298;-43,18725586;SPRF-RJ;DEL02-RJ;UOP01-DEL02-RJ
724423;11/10/2025;sábado;22:20:00;SC;163;71,1;SAO MIGUEL DO OESTE;Acessar a via sem observar a presença dos outros veículos;Colisão transversal;Com Vítimas Feridas;Plena Noite;Decrescente;Nublado;Dupla;Reta;Sim;2;0;1;0;1;0;1;2;-26,72432376;-53,51364825;SPRF-SC;DEL07-SC;UOP03-DEL07-SC
724424;11/10/2025;sábado;22:20:00;PA;316;148;CAPANEMA;Transitar na contramão;Colisão frontal;Com Vítimas Fatais;Plena Noite;Decrescente;Céu Claro;Simples;Reta;Não;3;1;0;0;2;0;0;2;-1,222365;-47,2018117;SPRF-PA;DEL01-PA;UOP03-DEL01-PA
724425;11/10/2025;sábado;21:40:00;PE;232;18,4;JABOATAO DOS GUARARAPES;Ausência de reação do condutor;Capotamento;Sem Vítimas;Plena Noite;Crescente;Céu Claro;Dupla;Reta;Não;6;0;0;0;5;1;0;2;-8,09701;-35,056987;SPRF-PE;DEL01-PE;UOP01-DEL01-PE
724427;11/10/2025;sábado;23:30:00;ES;101;268,6;SERRA;Ausência de reação do condutor;Colisão com objeto;Com Vítimas Feridas;Plena Noite;Decrescente;Céu Claro;Múltipla;Reta;Não;2;0;2;0;0;0;2;1;-20,214889;-40,2696864;SPRF-ES;DEL02-ES;UOP01-DEL02-ES
724428;11/10/2025;sábado;16:30:00;MT;163;620;NOVA MUTUM;Ausência de reação do condutor;Saída de leito carroçável;Com Vítimas Feridas;Pleno dia;Decrescente;Céu Claro;Simples;Reta;Não;1;0;1;0;0;0;1;1;-13,624036;-56,033859;SPRF-MT;DEL01-MT;UOP01-DEL01-MT
724429;11/10/2025;sábado;21:09:00;MA;10;246;IMPERATRIZ;Ausência de reação do condutor;Colisão traseira;Com Vítimas Feridas;Plena Noite;Decrescente;Céu Claro;Dupla;Declive;Não;2;0;0;1;1;0;1;2;-5,575445;-47,442853;SPRF-MA;DEL04-MA;UOP01-DEL04-MA
724430;11/10/2025;sábado;23:40:00;PR;277;714;FOZ DO IGUACU;Pedestre cruzava a pista fora da faixa;Atropelamento de Pedestre;Com Vítimas Feridas;Plena Noite;Crescente;Nublado;Dupla;Reta;Sim;2;0;0;2;0;0;2;2;-25,50194647;-54,53729002;SPRF-PR;DEL05-PR;UOP01-DEL05-PR
724431;11/10/2025;sábado;21:00:00;MA;402;34;AXIXA;Ausência de reação do condutor;Colisão traseira;Sem Vítimas;Plena Noite;Crescente;Céu Claro;Simples;Reta;Não;2;0;0;0;2;0;0;2;-2,85228;-44,07302;SPRF-MA;DEL01-MA;UOP01-DEL01-MA
724432;11/10/2025;sábado;22:30:00;PR;369;175;ROLANDIA;Acessar a via sem observar a presença dos outros veículos;Colisão transversal;Com Vítimas Feridas;Plena Noite;Crescente;Céu Claro;Simples;Reta;Sim;4;0;0;1;3;0;1;2;-23,33449;-51,38862;SPRF-PR;DEL07-PR;UOP01-DEL07-PR
724433;11/10/2025;sábado;21:50:00;PR;277;525,9;GUARANIACU;Ingestão de álcool pelo condutor;Colisão frontal;Com Vítimas Feridas;Plena Noite;Decrescente;Nublado;Simples;"Curva;Declive";Não;2;0;1;1;0;0;2;2;-25,089914;-52,925316;SPRF-PR;DEL04-PR;UOP04-DEL04-PR
724434;11/10/2025;sábado;23:40:00;MG;40;432,9;PARAOPEBA;Ingestão de álcool pelo condutor;Saída de leito carroçável;Sem Vítimas;Plena Noite;Decrescente;Nublado;Dupla;Retorno Regulamentado;Não;1;0;0;0;1;0;0;1;-19,210002;-44,463418;SPRF-MG;DEL02-MG;UOP01-DEL02-MG
724435;11/10/2025;sábado;21:30:00;MT;364;263;JACIARA;Ingestão de álcool pelo condutor;Saída de leito carroçável;Com Vítimas Feridas;Plena Noite;Decrescente;Céu Claro;Dupla;Reta;Não;4;0;1;0;3;0;1;1;-15,98768012;-54,92748256;SPRF-MT;DEL02-MT;UOP01-DEL02-MT
724436;11/10/2025;sábado;21:25:00;PR;373;254;GUAMIRANGA;Ausência de reação do condutor;Queda de ocupante de veículo;Com Vítimas Feridas;Plena Noite;Decrescente;Céu Claro;Simples;Reta;Não;1;0;0;1;0;0;1;1;-25,188351;-50,872245;SPRF-PR;DEL03-PR;UOP01-DEL03-PR
724437;11/10/2025;sábado;22:50:00;MS;163;730;COXIM;Pedestre andava na pista;Atropelamento de Pedestre;Com Vítimas Feridas;Plena Noite;Decrescente;Nublado;Simples;Reta;Não;2;0;2;0;0;0;2;2;-18,5004583;-54,7322352;SPRF-MS;DEL06-MS;UOP01-DEL06-MS
724438;11/10/2025;sábado;23:30:00;PR;369;183;ARAPONGAS;Ingestão de álcool pelo condutor;Colisão transversal;Com Vítimas Feridas;Plena Noite;Decrescente;Nublado;Simples;Interseção de Vias;Sim;2;0;1;0;1;0;1;2;-23,40165562;-51,42767951;SPRF-PR;DEL07-PR;UOP03-DEL07-PR
724439;11/10/2025;sábado;21:45:00;MT;163;592,5;NOVA MUTUM;Ausência de reação do condutor;Saída de leito carroçável;Com Vítimas Feridas;Plena Noite;Decrescente;Céu Claro;Dupla;Reta;Não;2;0;1;0;1;0;1;1;-13,868819;-56,08716;SPRF-MT;DEL01-MT;UOP01-DEL01-MT
724444;12/10/2025;domingo;00:50:00;GO;80;135;BARRO ALTO;Ingestão de álcool pelo condutor;Saída de leito carroçável;Sem Vítimas;Plena Noite;Crescente;Céu Claro;Simples;"Declive;Reta";Não;1;0;0;0;1;0;0;1;-14,9528;-48,93231;SPRF-GO;DEL07-GO;UOP02-DEL07-GO
724445;12/10/2025;domingo;02:15:00;ES;101;260,9;SERRA;Ausência de reação do condutor;Capotamento;Com Vítimas Fatais;Plena Noite;Decrescente;Nublado;Dupla;Reta;Não;3;1;1;1;0;0;2;1;-20,14650934;-40,28729349;SPRF-ES;DEL02-ES;UOP01-DEL02-ES
724446;12/10/2025;domingo;01:07:00;MS;163;459;CAMPO GRANDE;Ausência de reação do condutor;Colisão traseira;Com Vítimas Feridas;Plena Noite;Crescente;Céu Claro;Simples;Reta;Não;4;0;3;0;1;0;3;2;-20,646361;-54,565921;SPRF-MS;DEL01-MS;UOP01-DEL01-MS
724447;12/10/2025;domingo;02:10:00;SC;101;197,3;BIGUACU;Ingestão de álcool pelo condutor;Saída de leito carroçável;Com Vítimas Feridas;Plena Noite;Crescente;Nublado;Dupla;Reta;Sim;2;0;1;0;1;0;1;1;-27,52114;-48,63824;SPRF-SC;DEL01-SC;UOP01-DEL01-SC
724449;12/10/2025;domingo;02:00:00;GO;20;26;FORMOSA;Pista Escorregadia;Queda de ocupante de veículo;Com Vítimas Feridas;Plena Noite;Crescente;Céu Claro;Simples;"Declive;Reta";Não;1;0;1;0;0;0;1;1;-15,54145394;-47,1394984;SPRF-DF;DEL02-DF;UOP02-DEL02-DF
724452;12/10/2025;domingo;02:50:00;SC;101;0,6;FLORIANOPOLIS;Manobra de mudança de faixa;Colisão traseira;Com Vítimas Feridas;Plena Noite;Decrescente;Garoa/Chuvisco;Múltipla;Reta;Sim;5;0;1;0;4;0;1;2;-27,600997;-48,577369;SPRF-SC;DEL03-SC;UOP01-DEL03-SC
724453;12/10/2025;domingo;02:12:00;MS;163;314;RIO BRILHANTE;Ingestão de álcool pelo condutor;Saída de leito carroçável;Sem Vítimas;Plena Noite;Decrescente;Céu Claro;Dupla;Reta;Não;1;0;0;0;1;0;0;1;-21,8585;-54,531498;SPRF-MS;DEL02-MS;UOP02-DEL02-MS
724454;12/10/2025;domingo;03:15:00;PI;316;31;DEMERVAL LOBAO;Transitar na contramão;Colisão lateral sentido oposto;Com Vítimas Feridas;Plena Noite;Crescente;Céu Claro;Dupla;Reta;Sim;3;0;0;1;2;0;1;2;-5,34583024;-42,68291473;SPRF-PI;DEL01-PI;UOP02-DEL01-PI
724455;12/10/2025;domingo;02:44:00;SP;116;276;EMBU DAS ARTES;Ausência de reação do condutor;Colisão com objeto;Com Vítimas Feridas;Plena Noite;Decrescente;Céu Claro;Dupla;Reta;Não;2;0;1;0;1;0;1;1;-23,62268206;-46,81414976;SPRF-SP;DEL04-SP;UOP01-DEL04-SP
724456;12/10/2025;domingo;00:40:00;RN;406;4;MACAU;Condutor Dormindo;Saída de leito carroçável;Com Vítimas Fatais;Pleno dia;Crescente;Céu Claro;Simples;Curva;Não;1;1;0;0;0;0;0;1;-5,148915;-36,600042;SPRF-RN;DEL02-RN;UOP01-DEL02-RN
724457;12/10/2025;domingo;04:00:00;RS;116;260;CANOAS;Ingestão de álcool pelo condutor;Capotamento;Com Vítimas Feridas;Plena Noite;Decrescente;Céu Claro;Múltipla;Curva;Sim;2;0;1;0;1;0;1;1;-29,87247693;-51,17919016;SPRF-RS;DEL01-RS;UOP01-DEL01-RS
724461;12/10/2025;domingo;03:00:00;GO;153;437;ANAPOLIS;Reação tardia ou ineficiente do condutor;Colisão com objeto;Sem Vítimas;Plena Noite;Decrescente;Céu Claro;Dupla;Interseção de Vias;Sim;4;0;0;0;4;0;0;1;-16,3144613;-48,9211218;SPRF-GO;DEL02-GO;UOP01-DEL02-GO
724462;12/10/2025;domingo;04:05:00;PR;376;482,6;PONTA GROSSA;Acesso irregular;Colisão traseira;Com Vítimas Fatais;Plena Noite;Decrescente;Nublado;Dupla;"Aclive;Curva";Sim;3;1;0;0;0;2;0;3;-25,08565173;-50,19223966;SPRF-PR;DEL03-PR;UOP04-DEL03-PR
724463;12/10/2025;domingo;04:15:00;SC;101;203,2;SAO JOSE;Reação tardia ou ineficiente do condutor;Colisão com objeto;Sem Vítimas;Plena Noite;Crescente;Nublado;Dupla;Reta;Sim;1;0;0;0;1;0;0;1;-27,566437;-48,614515;SPRF-SC;DEL01-SC;UOP01-DEL01-SC
724464;12/10/2025;domingo;03:05:00;GO;70;337;JUSSARA;Frear bruscamente;Saída de leito carroçável;Com Vítimas Feridas;Plena Noite;Crescente;Céu Claro;Simples;Reta;Não;5;0;4;1;0;0;5;1;-15,88369209;-51,02842569;SPRF-GO;DEL04-GO;UOP02-DEL04-GO
724465;12/10/2025;domingo;04:35:00;SC;101;213;PALHOCA;Avarias e/ou desgaste excessivo no pneu;Colisão com objeto;Sem Vítimas;Plena Noite;Crescente;Chuva;Múltipla;Reta;Não;1;0;0;0;0;1;0;1;-27,641949;-48,668758;SPRF-SC;DEL01-SC;UOP02-DEL01-SC
724466;12/10/2025;domingo;04:34:00;SP;116;222,7;GUARULHOS;Reação tardia ou ineficiente do condutor;Colisão traseira;Com Vítimas Feridas;Amanhecer;Decrescente;Nublado;Múltipla;Reta;Sim;4;0;1;0;2;1;1;2;-23,47539952;-46,52435685;SPRF-SP;DEL01-SP;UOP01-DEL01-SP
724467;12/10/2025;domingo;05:15:00;MG;381;884,2;ESTIVA;Ausência de reação do condutor;Saída de leito carroçável;Com Vítimas Fatais;Amanhecer;Crescente;Céu Claro;Dupla;Reta;Não;1;1;0;0;0;0;0;1;-22,49428;-46,012878;SPRF-MG;DEL16-MG;UOP01-DEL16-MG
724471;12/10/2025;domingo;04:00:00;MS;163;733;COXIM;Ingestão de álcool pelo condutor;Saída de leito carroçável;Sem Vítimas;Plena Noite;Crescente;Céu Claro;Simples;Reta;Não;2;0;0;0;2;0;0;1;-18,4805109;-54,721959;SPRF-MS;DEL06-MS;UOP01-DEL06-MS
724472;12/10/2025;domingo;05:00:00;RS;116;249;SAO LEOPOLDO;Velocidade Incompatível;Colisão com objeto;Com Vítimas Feridas;Amanhecer;Decrescente;Nublado;Dupla;Curva;Sim;3;0;2;0;0;1;2;2;-29,785981;-51,1635622;SPRF-RS;DEL01-RS;UOP02-DEL01-RS
724473;28/09/2025;domingo;09:30:00;PA;10;128;PARAGOMINAS;Manobra de mudança de faixa;Saída de leito carroçável;Com Vítimas Fatais;Pleno dia;Crescente;Sol;Simples;"Reta;Aclive";Não;7;1;4;2;0;0;6;2;-3,321452;-47,460443;SPRF-PA;DEL02-PA;UOP01-DEL02-PA
724474;12/10/2025;domingo;04:30:00;PR;376;170;MARINGA;Acumulo de água sobre o pavimento;Saída de leito carroçável;Com Vítimas Feridas;Plena Noite;Decrescente;Chuva;Dupla;Reta;Sim;1;0;1;0;0;0;1;1;-23,40594345;-51,99283981;SPRF-PR;DEL09-PR;UOP01-DEL09-PR
724475;12/10/2025;domingo;00:10:00;SC;470;1;NAVEGANTES;Condutor deixou de manter distância do veículo da frente;Colisão traseira;Com Vítimas Feridas;Plena Noite;Decrescente;Chuva;Dupla;Reta;Não;4;0;0;1;3;0;1;2;-26,8805594;-48,66334883;SPRF-SC;DEL04-SC;UOP04-DEL04-SC
724476;12/10/2025;domingo;03:45:00;RO;364;527;ARIQUEMES;Reação tardia ou ineficiente do condutor;Saída de leito carroçável;Com Vítimas Feridas;Plena Noite;Decrescente;Céu Claro;Simples;Reta;Não;1;0;1;0;0;0;1;1;-9,79778413;-63,08616221;SPRF-RO;DEL03-RO;UOP01-DEL03-RO
724477;12/10/2025;domingo;05:46:00;SP;116;182,3;SANTA ISABEL;Condutor deixou de manter distância do veículo da frente;Colisão traseira;Sem Vítimas;Pleno dia;Decrescente;Nublado;Dupla;Reta;Não;6;0;0;0;3;3;0;2;-23,34329816;-46,15849368;SPRF-SP;DEL01-SP;UOP01-DEL01-SP
724478;12/10/2025;domingo;04:33:00;MS;163;521,5;JARAGUARI;Condutor Dormindo;Colisão com objeto;Com Vítimas Feridas;Amanhecer;Crescente;Nublado;Dupla;Reta;Não;3;0;2;0;1;0;2;1;-20,145971;-54,439356;SPRF-MS;DEL01-MS;UOP02-DEL01-MS
724479;12/10/2025;domingo;05:50:00;PR;369;195,9;ARAPONGAS;Desrespeitar a preferência no cruzamento;Colisão transversal;Com Vítimas Feridas;Amanhecer;Crescente;Chuva;Dupla;Retorno Regulamentado;Não;3;0;2;0;1;0;2;2;-23,49158747;-51,4232254;SPRF-PR;DEL07-PR;UOP03-DEL07-PR
724481;12/10/2025;domingo;00:30:00;RO;364;396,6;OURO PRETO DO OESTE;Reação tardia ou ineficiente do condutor;Saída de leito carroçável;Com Vítimas Feridas;Plena Noite;Crescente;Céu Claro;Simples;Reta;Não;4;0;1;0;3;0;1;1;-10,625406;-62,325067;SPRF-RO;DEL03-RO;UOP02-DEL03-RO
724482;12/10/2025;domingo;05:50:00;RJ;116;139;MAGE;Reação tardia ou ineficiente do condutor;Colisão com objeto;Sem Vítimas;Amanhecer;Decrescente;Nublado;Dupla;Reta;Sim;1;0;0;0;0;1;0;1;-22,646468;-43,200585;SPRF-RJ;DEL04-RJ;UOP02-DEL04-RJ
724484;12/10/2025;domingo;06:31:00;SP;116;212;GUARULHOS;Reação tardia ou ineficiente do condutor;Tombamento;Com Vítimas Feridas;Amanhecer;Crescente;Nublado;Dupla;"Declive;Reta";Sim;1;0;1;0;0;0;1;1;-23,4371933;-46,431346;SPRF-SP;DEL01-SP;UOP01-DEL01-SP
724485;12/10/2025;domingo;06:17:00;MG;381;494,3;BETIM;Ausência de reação do condutor;Colisão com objeto;Com Vítimas Feridas;Pleno dia;Crescente;Céu Claro;Dupla;"Reta;Viaduto;Aclive";Não;1;0;0;1;0;0;1;1;-19,96689521;-44,17877197;SPRF-MG;DEL01-MG;UOP03-DEL01-MG
724486;12/10/2025;domingo;06:40:00;RJ;101;462;ANGRA DOS REIS;Condutor Dormindo;Capotamento;Com Vítimas Feridas;Amanhecer;Decrescente;Nublado;Simples;Curva;Não;1;0;1;0;0;0;1;1;-23,04086571;-44,18833606;SPRF-RJ;DEL03-RJ;UOP03-DEL03-RJ
724487;12/10/2025;domingo;06:30:00;PI;343;25;PARNAIBA;Condutor Dormindo;Colisão lateral sentido oposto;Com Vítimas Feridas;Pleno dia;Crescente;Céu Claro;Simples;Reta;Não;2;0;1;0;1;0;1;2;-3,01195562;-41,76795959;SPRF-PI;DEL05-PI;UOP01-DEL05-PI
724488;12/10/2025;domingo;07:10:00;RS;116;269;CANOAS;Ingestão de álcool pelo condutor;Colisão com objeto;Sem Vítimas;Pleno dia;Decrescente;Nublado;Dupla;Reta;Sim;2;0;0;0;0;2;0;2;-29,9632324;-51,1759454;SPRF-RS;DEL01-RS;UOP01-DEL01-RS
724489;12/10/2025;domingo;06:35:00;SP;116;158;JACAREI;Reação tardia ou ineficiente do condutor;Saída de leito carroçável;Com Vítimas Feridas;Pleno dia;Crescente;Céu Claro;Múltipla;Curva;Sim;1;0;1;0;0;0;1;1;-23,25827;-45,94848;SPRF-SP;DEL02-SP;UOP01-DEL02-SP
724490;12/10/2025;domingo;06:40:00;PR;116;123;CURITIBA;Condutor Dormindo;Queda de ocupante de veículo;Com Vítimas Feridas;Amanhecer;Crescente;Nublado;Dupla;Reta;Não;1;0;0;1;0;0;1;1;-25,61419385;-49,31825845;SPRF-PR;DEL01-PR;UOP03-DEL01-PR
724491;12/10/2025;domingo;07:00:00;SP;116;49,4;LORENA;Avarias e/ou desgaste excessivo no pneu;Saída de leito carroçável;Com Vítimas Feridas;Pleno dia;Crescente;Nublado;Dupla;Reta;Não;2;0;2;0;0;0;2;1;-22,732857;-45,080022;SPRF-SP;DEL08-SP;UOP02-DEL08-SP
724492;12/10/2025;domingo;06:00:00;SC;282;68,4;PALHOCA;Chuva;Saída de leito carroçável;Sem Vítimas;Amanhecer;Crescente;Chuva;Simples;Curva;Não;1;0;0;0;1;0;0;1;-27,6709166;-48,7126007;SPRF-SC;DEL01-SC;UOP03-DEL01-SC
724493;12/10/2025;domingo;05:40:00;GO;153;189,3;URUACU;Condutor Dormindo;Saída de leito carroçável;Com Vítimas Fatais;Amanhecer;Decrescente;Céu Claro;Simples;Reta;Não;3;1;1;1;0;0;2;1;-14,439032;-49,156657;SPRF-GO;DEL07-GO;UOP02-DEL07-GO
724494;11/10/2025;sábado;21:50:00;RJ;116;81;TERESOPOLIS;Iluminação deficiente;Queda de ocupante de veículo;Com Vítimas Feridas;Plena Noite;Crescente;Nublado;Simples;Curva;Não;1;0;1;0;0;0;1;1;-22,38400786;-42,95474052;SPRF-RJ;DEL04-RJ;UOP01-DEL04-RJ
724495;12/10/2025;domingo;00:50:00;GO;50;100;CRISTALINA;Ingestão de álcool pelo condutor;Capotamento;Sem Vítimas;Plena Noite;Crescente;Céu Claro;Dupla;Reta;Sim;1;0;0;0;0;1;0;1;-16,781;-47,63;SPRF-DF;DEL01-DF;UOP02-DEL01-DF
724496;12/10/2025;domingo;06:00:00;RO;435;94;COLORADO DO OESTE;Reação tardia ou ineficiente do condutor;Capotamento;Com Vítimas Feridas;Pleno dia;Crescente;Céu Claro;Simples;Reta;Não;5;0;4;0;0;1;4;2;-13,19332204;-60,64301697;SPRF-RO;DEL04-RO;UOP02-DEL04-RO
724497;12/10/2025;domingo;00:10:00;RJ;40;112;DUQUE DE CAXIAS;Reação tardia ou ineficiente do condutor;Colisão traseira;Com Vítimas Feridas;Plena Noite;Decrescente;Nublado;Múltipla;Reta;Sim;3;0;2;0;1;0;2;3;-22,69236998;-43,28740833;SPRF-RJ;DEL01-RJ;UOP02-DEL01-RJ
724498;12/10/2025;domingo;06:50:00;PR;369;194;ARAPONGAS;Reação tardia ou ineficiente do condutor;Saída de leito carroçável;Com Vítimas Feridas;Pleno dia;Decrescente;Chuva;Dupla;"Reta;Retorno Regulamentado";Não;1;0;1;0;0;0;1;1;-23,46396934;-51,42362401;SPRF-PR;DEL07-PR;UOP03-DEL07-PR
724499;12/10/2025;domingo;07:40:00;MG;262;427;NOVA SERRANA;Velocidade Incompatível;Tombamento;Com Vítimas Feridas;Pleno dia;Crescente;Céu Claro;Dupla;"Declive;Curva";Não;1;0;1;0;0;0;1;1;-19,89307;-44,87748;SPRF-MG;DEL08-MG;UOP03-DEL08-MG
724500;12/10/2025;domingo;07:50:00;SC;101;192,1;BIGUACU;Mal súbito do condutor;Colisão com objeto;Com Vítimas Feridas;Pleno dia;Crescente;Garoa/Chuvisco;Múltipla;Curva;Sim;3;0;2;0;1;0;2;2;-27,48664921;-48,64917755;SPRF-SC;DEL01-SC;UOP01-DEL01-SC
724501;12/10/2025;domingo;07:00:00;PR;158;513,9;PATO BRANCO;Chuva;Saída de leito carroçável;Sem Vítimas;Amanhecer;Decrescente;Chuva;Simples;Reta;Não;1;0;0;0;0;1;0;1;-26,07528705;-52,63875961;SPRF-PR;DEL02-PR;UOP01-DEL02-PR
724504;12/10/2025;domingo;07:50:00;MG;50;176;UBERABA;Ingestão de álcool pelo condutor;Colisão traseira;Com Vítimas Feridas;Pleno dia;Decrescente;Sol;Dupla;"Reta;Declive";Sim;5;0;3;0;2;0;3;2;-19,77924312;-47,95931339;SPRF-MG;DEL13-MG;UOP01-DEL13-MG
724505;12/10/2025;domingo;07:30:00;GO;414;418;ABADIANIA;Reação tardia ou ineficiente do condutor;Saída de leito carroçável;Com Vítimas Feridas;Pleno dia;Crescente;Céu Claro;Simples;"Declive;Curva";Não;1;0;1;0;0;0;1;1;-16,110529;-48,87985;SPRF-GO;DEL02-GO;UOP01-DEL02-GO
724506;12/10/2025;domingo;05:10:00;RJ;101;580,8;PARATY;Condutor Dormindo;Saída de leito carroçável;Com Vítimas Feridas;Pleno dia;Crescente;Céu Claro;Simples;Reta;Não;1;0;1;0;0;0;1;1;-23,24229249;-44,70216751;SPRF-RJ;DEL03-RJ;UOP04-DEL03-RJ
724508;12/10/2025;domingo;06:00:00;RS;290;586;ALEGRETE;Ingestão de álcool pelo condutor;Saída de leito carroçável;Com Vítimas Feridas;Amanhecer;Crescente;Garoa/Chuvisco;Simples;Reta;Não;2;0;0;2;0;0;2;1;-29,8071355;-55,8333993;SPRF-RS;DEL13-RS;UOP02-DEL13-RS
724510;12/10/2025;domingo;07:00:00;MT;70;655;POCONE;Demais Fenômenos da natureza;Saída de leito carroçável;Com Vítimas Feridas;Pleno dia;Crescente;Céu Claro;Simples;Reta;Não;3;0;3;0;0;0;3;2;-15,94271108;-57,07960607;SPRF-MT;DEL03-MT;UOP02-DEL03-MT
724511;22/09/2025;segunda-feira;07:45:00;BA;324;620;SALVADOR;Acessar a via sem observar a presença dos outros veículos;Colisão lateral mesmo sentido;Com Vítimas Feridas;Pleno dia;Crescente;Céu Claro;Dupla;Reta;Sim;2;0;0;1;1;0;1;2;-12,908698;-38,457843;SPRF-BA;DEL01-BA;UOP01-DEL01-BA
724513;12/10/2025;domingo;09:00:00;MG;381;526;BRUMADINHO;Velocidade Incompatível;Queda de ocupante de veículo;Com Vítimas Feridas;Pleno dia;Crescente;Céu Claro;Dupla;Curva;Não;2;0;0;2;0;0;2;1;-20,151126;-44,32623;SPRF-MG;DEL04-MG;UOP03-DEL04-MG
724514;12/10/2025;domingo;08:45:00;RN;226;133,8;CAMPO REDONDO;Acessar a via sem observar a presença dos outros veículos;Colisão transversal;Com Vítimas Feridas;Pleno dia;Decrescente;Céu Claro;Simples;"Interseção de Vias;Reta";Sim;2;0;0;1;1;0;1;2;-6,21593077;-36,17388384;SPRF-RN;DEL03-RN;UOP02-DEL03-RN
724515;12/10/2025;domingo;02:00:00;MA;226;300;BARRA DO CORDA;Demais falhas mecânicas ou elétricas;Incêndio;Sem Vítimas;Plena Noite;Crescente;Ignorado;Simples;Interseção de Vias;Sim;1;0;0;0;1;0;0;1;-5,498437;-45,255095;SPRF-MA;DEL06-MA;UOP01-DEL06-MA
724516;12/10/2025;domingo;07:14:00;MT;163;851;SINOP;Ausência de reação do condutor;Saída de leito carroçável;Sem Vítimas;Pleno dia;Crescente;Nublado;Simples;Reta;Não;2;0;0;0;2;0;0;1;-11,72254;-55,4591;SPRF-MT;DEL06-MT;UOP02-DEL06-MT
724517;12/10/2025;domingo;09:11:00;MG;116;769;LEOPOLDINA;Ausência de reação do condutor;Saída de leito carroçável;Com Vítimas Feridas;Pleno dia;Decrescente;Céu Claro;Simples;Curva;Não;5;0;1;0;4;0;1;1;-21,550658;-42,671708;SPRF-MG;DEL07-MG;UOP01-DEL07-MG