id;data_inversa;dia_semana;horario;uf;br;km;municipio;causa_acidente;tipo_acidente;classificacao_acidente;fase_dia;sentido_via;condicao_metereologica;tipo_pista;tracado_via;uso_solo;pessoas;mortos;feridos_leves;feridos_graves;ilesos;ignorados;feridos;veiculos;latitude;longitude;regional;delegacia;uop
724518;21/09/2025;domingo;13:10:00;SP;101;49;UBATUBA;Acessar a via sem observar a presença dos outros veículos;Colisão transversal;Com Vítimas Feridas;Pleno dia;Crescente;Céu Claro;Simples;"Interseção de Vias;Retorno Regulamentado;Rotatória";Sim;2;0;1;0;1;0;1;2;-23,445775;-45,082063;SPRF-SP;DEL06-SP;UOP01-DEL06-SP
724519;12/10/2025;domingo;09:10:00;DF;20;41;BRASILIA;Velocidade Incompatível;Saída de leito carroçável;Com Vítimas Feridas;Pleno dia;Crescente;Céu Claro;Dupla;"Reta;Declive;Ponte";Não;2;0;1;0;1;0;1;1;-15,58150758;-47,50548989;SPRF-DF;DEL02-DF;UOP01-DEL02-DF
724520;12/10/2025;domingo;08:20:00;MG;262;120;RIO CASCA;Acessar a via sem observar a presença dos outros veículos;Colisão transversal;Com Vítimas Feridas;Pleno dia;Crescente;Céu Claro;Simples;"Interseção de Vias;Reta";Sim;2;0;1;0;1;0;1;2;-20,21898151;-42,65084691;SPRF-MG;DEL03-MG;UOP03-DEL03-MG
724523;12/10/2025;domingo;10:53:00;PB;101;75;SANTA RITA;Reação tardia ou ineficiente do condutor;Capotamento;Com Vítimas Feridas;Pleno dia;Crescente;Céu Claro;Dupla;Curva;Não;2;0;2;0;0;0;2;1;-7,08384438;-34,97130629;SPRF-PB;DEL01-PB;UOP03-DEL01-PB
724524;12/10/2025;domingo;09:30:00;RS;386;222,8;SOLEDADE;Ausência de reação do condutor;Saída de leito carroçável;Com Vítimas Feridas;Pleno dia;Crescente;Céu Claro;Simples;"Em Obras;Curva";Não;3;0;1;0;2;0;1;1;-28,78932521;-52,52563477;SPRF-RS;DEL04-RS;UOP03-DEL04-RS
724525;12/10/2025;domingo;11:20:00;GO;414;439;ANAPOLIS;Acessar a via sem observar a presença dos outros veículos;Colisão lateral mesmo sentido;Com Vítimas Feridas;Pleno dia;Crescente;Céu Claro;Simples;"Interseção de Vias;Reta;Declive";Sim;3;0;2;0;1;0;2;2;-16,2808532;-48,94236875;SPRF-GO;DEL02-GO;UOP01-DEL02-GO
724526;12/10/2025;domingo;10:00:00;SE;235;90,6;CARIRA;Acessar a via sem observar a presença dos outros veículos;Colisão transversal;Com Vítimas Feridas;Pleno dia;Decrescente;Céu Claro;Simples;"Reta;Declive";Não;2;0;1;0;1;0;1;2;-10,39807723;-37,67621487;SPRF-SE;DEL01-SE;UOP02-DEL01-SE
724527;12/10/2025;domingo;11:45:00;SC;101;13,8;GARUVA;Ingestão de álcool pelo condutor;Colisão traseira;Sem Vítimas;Pleno dia;Decrescente;Nublado;Dupla;"Retorno Regulamentado;Reta;Aclive";Não;5;0;0;0;5;0;0;2;-26,09159579;-48,86422483;SPRF-SC;DEL03-SC;UOP01-DEL03-SC
724528;12/10/2025;domingo;11:20:00;RJ;116;180;NOVA IGUACU;Suicídio (presumido);Colisão com objeto;Com Vítimas Feridas;Pleno dia;Decrescente;Céu Claro;Múltipla;Reta;Sim;1;0;1;0;0;0;1;1;-22,75300108;-43,43684848;SPRF-RJ;DEL06-RJ;UOP01-DEL06-RJ
724529;12/10/2025;domingo;11:50:00;MG;40;517,9;RIBEIRAO DAS NEVES;Reação tardia ou ineficiente do condutor;Colisão transversal;Com Vítimas Feridas;Pleno dia;Crescente;Céu Claro;Dupla;Reta;Sim;3;0;1;0;2;0;1;2;-19,829755;-44,08353;SPRF-MG;DEL01-MG;UOP02-DEL01-MG
724530;12/10/2025;domingo;09:50:00;RO;364;693;PORTO VELHO;Reação tardia ou ineficiente do condutor;Colisão traseira;Com Vítimas Feridas;Pleno dia;Decrescente;Céu Claro;Dupla;Reta;Não;2;0;1;0;1;0;1;1;-8,80068985;-63,73524642;SPRF-RO;DEL01-RO;UOP01-DEL01-RO
724531;12/10/2025;domingo;11:10:00;SC;101;449,4;SANTA ROSA DO SUL;Acessar a via sem observar a presença dos outros veículos;Colisão transversal;Com Vítimas Feridas;Pleno dia;Crescente;Nublado;Múltipla;Reta;Sim;2;0;2;0;0;0;2;2;-29,174036;-49,750677;SPRF-SC;DEL02-SC;UOP02-DEL02-SC
724532;12/10/2025;domingo;13:00:00;MG;381;516;IGARAPE;Reação tardia ou ineficiente do condutor;Capotamento;Com Vítimas Feridas;Pleno dia;Crescente;Céu Claro;Dupla;"Aclive;Curva";Não;4;0;3;1;0;0;4;1;-20,11520519;-44,30594891;SPRF-MG;DEL01-MG;UOP03-DEL01-MG
724533;12/10/2025;domingo;10:20:00;SC;101;5,7;ARARANGUA;Desrespeitar a preferência no cruzamento;Colisão lateral mesmo sentido;Com Vítimas Feridas;Pleno dia;Decrescente;Céu Claro;Simples;"Interseção de Vias;Rotatória";Sim;2;0;1;0;1;0;1;2;-28,96319;-49,519285;SPRF-SC;DEL02-SC;UOP02-DEL02-SC
724534;12/10/2025;domingo;12:50:00;MG;381;920;CAMANDUCAIA;Reação tardia ou ineficiente do condutor;Colisão com objeto;Com Vítimas Feridas;Pleno dia;Crescente;Céu Claro;Dupla;"Declive;Curva";Não;1;0;1;0;0;0;1;1;-22,760008;-46,159972;SPRF-MG;DEL16-MG;UOP03-DEL16-MG
724535;12/10/2025;domingo;12:40:00;MG;40;516,4;RIBEIRAO DAS NEVES;Ausência de reação do condutor;Colisão traseira;Com Vítimas Feridas;Pleno dia;Crescente;Céu Claro;Dupla;Reta;Não;2;0;1;0;1;0;1;2;-19,83999857;-44,07705188;SPRF-MG;DEL01-MG;UOP02-DEL01-MG
724537;12/10/2025;domingo;09:30:00;MT;70;713;CACERES;Demais falhas mecânicas ou elétricas;Incêndio;Sem Vítimas;Pleno dia;Decrescente;Céu Claro;Simples;"Reta;Aclive";Não;3;0;0;0;3;0;0;1;-16,195;-57,586;SPRF-MT;DEL03-MT;UOP01-DEL03-MT
724539;08/10/2025;quarta-feira;21:30:00;GO;60;190,5;GUAPO;Ausência de reação do condutor;Saída de leito carroçável;Com Vítimas Fatais;Plena Noite;Crescente;Ignorado;Dupla;"Declive;Reta";Não;1;1;0;0;0;0;0;1;-16,844392;-49,552827;SPRF-GO;DEL01-GO;UOP02-DEL01-GO
724540;12/10/2025;domingo;12:10:00;MG;262;479,4;BOM DESPACHO;Acessar a via sem observar a presença dos outros veículos;Colisão transversal;Sem Vítimas;Pleno dia;Crescente;Sol;Simples;Reta;Não;2;0;0;0;2;0;0;2;-19,78254;-45,34344;SPRF-MG;DEL08-MG;UOP03-DEL08-MG
724541;12/10/2025;domingo;11:40:00;PR;277;337;GUARAPUAVA;Ausência de reação do condutor;Saída de leito carroçável;Com Vítimas Feridas;Pleno dia;Crescente;Chuva;Dupla;Curva;Não;3;0;2;0;1;0;2;1;-25,33998;-51,41484;SPRF-PR;DEL08-PR;UOP01-DEL08-PR
724542;12/10/2025;domingo;11:30:00;RJ;40;114;DUQUE DE CAXIAS;Reação tardia ou ineficiente do condutor;Tombamento;Com Vítimas Feridas;Pleno dia;Decrescente;Céu Claro;Dupla;"Curva;Retorno Regulamentado";Não;1;0;1;0;0;0;1;1;-22,71629061;-43,28898021;SPRF-RJ;DEL01-RJ;UOP02-DEL01-RJ
724544;12/10/2025;domingo;13:50:00;SP;116;92;PINDAMONHANGABA;Condutor deixou de manter distância do veículo da frente;Colisão traseira;Com Vítimas Feridas;Pleno dia;Crescente;Céu Claro;Dupla;Reta;Sim;2;0;1;0;1;0;1;2;-22,9515201;-45,4039415;SPRF-SP;DEL08-SP;UOP01-DEL08-SP
724545;12/10/2025;domingo;13:10:00;PR;376;652,5;TIJUCAS DO SUL;Condutor deixou de manter distância do veículo da frente;Tombamento;Com Vítimas Feridas;Pleno dia;Decrescente;Nublado;Dupla;Curva;Não;1;0;1;0;0;0;1;1;-25,842075;-49,056808;SPRF-PR;DEL01-PR;UOP04-DEL01-PR
724546;12/10/2025;domingo;12:45:00;MG;40;602,3;CONGONHAS;Condutor Dormindo;Colisão frontal;Com Vítimas Feridas;Pleno dia;Decrescente;Céu Claro;Simples;"Aclive;Curva";Sim;4;0;3;0;1;0;3;3;-20,440577;-43,841347;SPRF-MG;DEL05-MG;UOP02-DEL05-MG
724547;12/10/2025;domingo;14:10:00;PB;230;156;CAMPINA GRANDE;Reação tardia ou ineficiente do condutor;Colisão traseira;Com Vítimas Feridas;Pleno dia;Crescente;Céu Claro;Simples;"Reta;Declive";Sim;3;0;2;0;1;0;2;2;-7,272496;-35,910047;SPRF-PB;DEL02-PB;UOP01-DEL02-PB
724549;12/10/2025;domingo;13:30:00;SP;153;109;JOSE BONIFACIO;Reação tardia ou ineficiente do condutor;Saída de leito carroçável;Com Vítimas Feridas;Pleno dia;Decrescente;Chuva;Simples;Aclive;Não;2;0;1;0;1;0;1;2;-21,07768553;-49,6693282;SPRF-SP;DEL09-SP;UOP01-DEL09-SP
724550;12/10/2025;domingo;14:30:00;RN;101;129;NISIA FLORESTA;Demais falhas mecânicas ou elétricas;Incêndio;Sem Vítimas;Pleno dia;Decrescente;Céu Claro;Dupla;Reta;Não;2;0;0;0;2;0;0;1;-6,1089583;-35,23372;SPRF-RN;DEL01-RN;UOP01-DEL01-RN
724551;12/10/2025;domingo;13:25:00;SC;101;169,2;TIJUCAS;Ausência de reação do condutor;Tombamento;Com Vítimas Feridas;Pleno dia;Decrescente;Nublado;Dupla;Reta;Não;1;0;1;0;0;0;1;1;-27,2899;-48,63086;SPRF-SC;DEL04-SC;UOP03-DEL04-SC
724552;12/10/2025;domingo;14:10:00;MG;381;936;EXTREMA;Manobra de mudança de faixa;Colisão lateral mesmo sentido;Com Vítimas Feridas;Pleno dia;Crescente;Céu Claro;Dupla;Curva;Não;5;0;2;0;3;0;2;2;-22,808448;-46,278128;SPRF-MG;DEL16-MG;UOP03-DEL16-MG
724553;12/10/2025;domingo;15:00:00;SE;101;106;SAO CRISTOVAO;Demais falhas mecânicas ou elétricas;Eventos atípicos;Sem Vítimas;Pleno dia;Decrescente;Céu Claro;Dupla;Reta;Não;1;0;0;0;1;0;0;1;-10,9579779;-37,2346275;SPRF-SE;DEL02-SE;UOP01-DEL02-SE
724554;14/08/2025;quinta-feira;06:20:00;SC;101;209,1;SAO JOSE;Condutor Dormindo;Colisão traseira;Com Vítimas Feridas;Amanhecer;Crescente;Céu Claro;Dupla;Reta;Sim;7;0;5;1;1;0;6;2;-27,61107254;-48,64065552;SPRF-SC;DEL01-SC;UOP01-DEL01-SC
724555;12/10/2025;domingo;15:00:00;GO;452;3,7;RIO VERDE;Ingestão de álcool pelo condutor;Saída de leito carroçável;Com Vítimas Feridas;Pleno dia;Crescente;Céu Claro;Simples;Reta;Não;1;0;1;0;0;0;1;1;-17,804615;-50,871072;SPRF-GO;DEL04-GO;UOP01-DEL04-GO
724556;12/10/2025;domingo;09:15:00;BA;415;50;ITABUNA;Ingestão de álcool pelo condutor;Colisão lateral mesmo sentido;Sem Vítimas;Pleno dia;Decrescente;Céu Claro;Simples;Reta;Não;2;0;0;0;2;0;0;2;-14,834385;-39,322543;SPRF-BA;DEL05-BA;UOP01-DEL05-BA
724557;12/10/2025;domingo;13:20:00;PR;369;200;APUCARANA;Ingestão de álcool pelo condutor;Colisão com objeto;Sem Vítimas;Pleno dia;Crescente;Chuva;Dupla;Curva;Não;2;0;0;0;2;0;0;1;-23,51886006;-51,42906189;SPRF-PR;DEL07-PR;UOP03-DEL07-PR
724559;12/10/2025;domingo;13:40:00;RN;304;24;MOSSORO;Ausência de reação do condutor;Saída de leito carroçável;Com Vítimas Feridas;Pleno dia;Crescente;Céu Claro;Dupla;Rotatória;Não;2;0;1;1;0;0;2;1;-5,066778;-37,331122;SPRF-RN;DEL04-RN;UOP02-DEL04-RN
724560;12/10/2025;domingo;14:00:00;RJ;101;309;SAO GONCALO;Ausência de reação do condutor;Colisão traseira;Com Vítimas Feridas;Pleno dia;Crescente;Céu Claro;Dupla;Reta;Sim;4;0;1;0;3;0;1;3;-22,79493777;-43,0348842;SPRF-RJ;DEL02-RJ;UOP02-DEL02-RJ
724561;12/10/2025;domingo;14:50:00;PR;376;322;ORTIGUEIRA;Reação tardia ou ineficiente do condutor;Colisão transversal;Com Vítimas Feridas;Pleno dia;Crescente;Chuva;Simples;Reta;Não;8;0;2;0;6;0;2;2;-24,0516469;-51,06876612;SPRF-PR;DEL07-PR;UOP02-DEL07-PR
724562;12/10/2025;domingo;14:50:00;MG;40;136;JOAO PINHEIRO;Demais falhas mecânicas ou elétricas;Tombamento;Com Vítimas Feridas;Pleno dia;Decrescente;Céu Claro;Simples;Reta;Não;2;0;1;1;0;0;2;1;-17,72150425;-46,23407364;SPRF-MG;DEL14-MG;UOP01-DEL14-MG
724563;12/10/2025;domingo;15:00:00;MG;40;792,5;JUIZ DE FORA;Curva acentuada;Colisão com objeto;Com Vítimas Feridas;Pleno dia;Crescente;Céu Claro;Dupla;Curva;Não;1;0;1;0;0;0;1;1;-21,7860205;-43,4123691;SPRF-MG;DEL05-MG;UOP01-DEL05-MG
724566;12/10/2025;domingo;15:00:00;PA;316;40;SANTA IZABEL DO PARA;Demais falhas mecânicas ou elétricas;Tombamento;Com Vítimas Feridas;Pleno dia;Crescente;Céu Claro;Dupla;Reta;Não;2;0;2;0;0;0;2;1;-1,278692;-48,113555;SPRF-PA;DEL01-PA;UOP01-DEL01-PA
724567;05/06/2025;quinta-feira;19:00:00;SC;282;341;CAMPOS NOVOS;Ausência de reação do condutor;Colisão frontal;Com Vítimas Feridas;Plena Noite;Decrescente;Céu Claro;Simples;Curva;Sim;2;0;0;1;1;0;1;2;-27,38795792;-51,20631902;SPRF-SC;DEL07-SC;UOP06-DEL07-SC
724568;12/10/2025;domingo;15:10:00;DF;80;19;BRASILIA;Manobra de mudança de faixa;Colisão lateral mesmo sentido;Com Vítimas Feridas;Pleno dia;Crescente;Chuva;Simples;Reta;Não;3;0;2;0;1;0;2;3;-15,69086492;-48,20563674;SPRF-DF;DEL03-DF;UOP02-DEL03-DF
724569;12/10/2025;domingo;15:30:00;MG;146;470;BANDEIRA DO SUL;Velocidade Incompatível;Saída de leito carroçável;Com Vítimas Feridas;Pleno dia;Decrescente;Céu Claro;Simples;"Aclive;Curva";Não;1;0;1;0;0;0;1;1;-21,716267;-46,419723;SPRF-MG;DEL09-MG;UOP01-DEL09-MG
724570;12/10/2025;domingo;15:57:00;ES;262;20;VIANA;Reação tardia ou ineficiente do condutor;Engavetamento;Com Vítimas Feridas;Pleno dia;Crescente;Céu Claro;Simples;Reta;Não;4;0;1;0;3;0;1;3;-20,37869945;-40,5081567;SPRF-ES;DEL01-ES;UOP01-DEL01-ES
724572;12/10/2025;domingo;16:00:00;RJ;116;298;PORTO REAL;Reação tardia ou ineficiente do condutor;Colisão lateral mesmo sentido;Com Vítimas Feridas;Pleno dia;Decrescente;Céu Claro;Dupla;"Aclive;Reta";Não;4;0;1;0;3;0;1;2;-22,450052;-44,328487;SPRF-RJ;DEL07-RJ;UOP02-DEL07-RJ
724573;06/10/2025;segunda-feira;21:48:00;RS;386;322,5;MARQUES DE SOUZA;Ausência de reação do condutor;Saída de leito carroçável;Com Vítimas Feridas;Plena Noite;Crescente;Garoa/Chuvisco;Simples;Curva;Não;1;0;0;1;0;0;1;1;-29,30078602;-52,11079789;SPRF-RS;DEL04-RS;UOP01-DEL04-RS
724574;12/10/2025;domingo;15:00:00;GO;153;8;PORANGATU;Chuva;Saída de leito carroçável;Com Vítimas Fatais;Pleno dia;Crescente;Chuva;Simples;Reta;Não;5;1;3;1;0;0;4;1;-12,903745;-49,11665;SPRF-GO;DEL07-GO;UOP01-DEL07-GO
724575;12/10/2025;domingo;09:40:00;RJ;40;34,5;AREAL;Reação tardia ou ineficiente do condutor;Colisão com objeto;Com Vítimas Fatais;Pleno dia;Crescente;Garoa/Chuvisco;Dupla;Curva;Não;2;2;0;0;0;0;0;1;-22,20664768;-43,14095676;SPRF-RJ;DEL05-RJ;UOP02-DEL05-RJ
724576;12/10/2025;domingo;15:00:00;PR;116;8;CAMPINA GRANDE DO SUL;Chuva;Saída de leito carroçável;Com Vítimas Feridas;Pleno dia;Crescente;Garoa/Chuvisco;Dupla;Curva;Não;3;0;2;0;1;0;2;1;-25,081107;-48,623743;SPRF-PR;DEL01-PR;UOP02-DEL01-PR
724577;12/10/2025;domingo;16:28:00;MG;40;555,9;NOVA LIMA;Condutor deixou de manter distância do veículo da frente;Colisão traseira;Com Vítimas Feridas;Pleno dia;Decrescente;Nublado;Dupla;Reta;Não;2;0;1;0;1;0;1;2;-20,09050835;-43,97515744;SPRF-MG;DEL01-MG;UOP02-DEL01-MG
724578;12/10/2025;domingo;15:50:00;SP;116;105,5;TAUBATE;Condutor deixou de manter distância do veículo da frente;Colisão traseira;Com Vítimas Feridas;Pleno dia;Decrescente;Sol;Dupla;"Declive;Reta";Sim;3;0;1;0;2;0;1;2;-23,010486;-45,519845;SPRF-SP;DEL02-SP;UOP02-DEL02-SP
724579;12/10/2025;domingo;16:00:00;SC;280;164,2;MAFRA;Acumulo de água sobre o pavimento;Saída de leito carroçável;Com Vítimas Feridas;Pleno dia;Decrescente;Chuva;Simples;Reta;Sim;3;0;3;0;0;0;3;1;-26,191623;-49,804727;SPRF-SC;DEL06-SC;UOP01-DEL06-SC
724580;12/10/2025;domingo;17:00:00;SP;116;505;CAJATI;Pista Escorregadia;Colisão com objeto;Com Vítimas Feridas;Pleno dia;Crescente;Garoa/Chuvisco;Múltipla;"Curva;Declive";Não;5;0;1;0;4;0;1;1;-24,79467183;-48,21360525;SPRF-SP;DEL05-SP;UOP02-DEL05-SP
724581;12/10/2025;domingo;14:00:00;MT;364;250;JUSCIMEIRA;Condutor Dormindo;Saída de leito carroçável;Com Vítimas Feridas;Pleno dia;Crescente;Sol;Dupla;"Em Obras;Declive";Não;1;0;1;0;0;0;1;1;-16,117993;-54,856823;SPRF-MT;DEL02-MT;UOP01-DEL02-MT
724582;12/10/2025;domingo;16:50:00;PR;376;246;APUCARANA;Reação tardia ou ineficiente do condutor;Saída de leito carroçável;Com Vítimas Feridas;Pleno dia;Crescente;Chuva;Simples;"Declive;Curva";Não;2;0;1;0;1;0;1;1;-23,6073;-51,407236;SPRF-PR;DEL07-PR;UOP03-DEL07-PR
724584;12/10/2025;domingo;16:05:00;SC;280;122;SAO BENTO DO SUL;Desrespeitar a preferência no cruzamento;Colisão transversal;Com Vítimas Feridas;Pleno dia;Crescente;Céu Claro;Simples;Rotatória;Não;2;0;1;0;1;0;1;2;-26,24546282;-49,4603657;SPRF-SC;DEL06-SC;UOP03-DEL06-SC
724585;12/10/2025;domingo;16:55:00;MG;262;352;BETIM;Manobra de mudança de faixa;Colisão lateral mesmo sentido;Com Vítimas Feridas;Pleno dia;Crescente;Céu Claro;Dupla;Reta;Não;3;0;2;0;1;0;2;2;-19,979077;-44,223192;SPRF-MG;DEL01-MG;UOP03-DEL01-MG
724586;12/10/2025;domingo;14:00:00;PA;230;169;ITUPIRANGA;Transitar na contramão;Colisão frontal;Com Vítimas Fatais;Pleno dia;Crescente;Céu Claro;Simples;"Declive;Reta";Não;3;1;0;2;0;0;2;2;-5,14463203;-49,38991141;SPRF-PA;DEL03-PA;UOP01-DEL03-PA
724587;12/10/2025;domingo;16:25:00;SC;101;406,2;ARARANGUA;Acumulo de água sobre o pavimento;Colisão traseira;Sem Vítimas;Pleno dia;Decrescente;Chuva;Dupla;Reta;Não;2;0;0;0;2;0;0;2;-28,91744908;-49,48821394;SPRF-SC;DEL02-SC;UOP02-DEL02-SC
724588;12/10/2025;domingo;17:34:00;ES;101;190;ARACRUZ;Acessar a via sem observar a presença dos outros veículos;Queda de ocupante de veículo;Com Vítimas Feridas;Anoitecer;Crescente;Céu Claro;Simples;Curva;Não;1;0;1;0;0;0;1;1;-19,68766;-40,285613;SPRF-ES;DEL04-ES;UOP01-DEL04-ES
724589;12/10/2025;domingo;15:15:00;MG;251;334;RUBELITA;Manobra de mudança de faixa;Colisão frontal;Com Vítimas Feridas;Pleno dia;Decrescente;Céu Claro;Simples;Reta;Não;2;0;1;1;0;0;2;2;-16,2565653;-42,43204;SPRF-MG;DEL12-MG;UOP02-DEL12-MG
724590;12/10/2025;domingo;16:10:00;DF;70;10;BRASILIA;Ausência de reação do condutor;Saída de leito carroçável;Com Vítimas Feridas;Pleno dia;Decrescente;Nublado;Dupla;Reta;Não;4;0;1;0;2;1;1;1;-15,789325;-48,148036;SPRF-DF;DEL03-DF;UOP02-DEL03-DF
724591;12/10/2025;domingo;14:30:00;RO;364;545;ALTO PARAISO;Ausência de reação do condutor;Saída de leito carroçável;Com Vítimas Feridas;Pleno dia;Decrescente;Céu Claro;Simples;Curva;Não;2;0;2;0;0;0;2;1;-9,683387;-63,105626;SPRF-RO;DEL03-RO;UOP01-DEL03-RO
724592;12/10/2025;domingo;17:40:00;PR;116;45;CAMPINA GRANDE DO SUL;Pista Escorregadia;Atropelamento de Pedestre;Com Vítimas Fatais;Amanhecer;Crescente;Chuva;Dupla;Reta;Não;4;1;0;0;2;1;0;2;-25,27230119;-48,92064929;SPRF-PR;DEL01-PR;UOP02-DEL01-PR
724593;12/10/2025;domingo;18:05:00;SP;116;56;LORENA;Ausência de reação do condutor;Colisão com objeto;Com Vítimas Feridas;Anoitecer;Decrescente;Céu Claro;Dupla;Reta;Sim;1;0;1;0;0;0;1;1;-22,76971;-45,1313;SPRF-SP;DEL08-SP;UOP02-DEL08-SP
724594;12/10/2025;domingo;15:00:00;PR;476;106;COLOMBO;Ausência de reação do condutor;Saída de leito carroçável;Com Vítimas Fatais;Pleno dia;Crescente;Chuva;Simples;Curva;Não;2;1;0;1;0;0;1;1;-25,28614;-49,147577;SPRF-PR;DEL01-PR;UOP01-DEL01-PR
724595;12/10/2025;domingo;16:00:00;PE;408;58;CARPINA;Demais falhas mecânicas ou elétricas;Colisão com objeto;Sem Vítimas;Pleno dia;Crescente;Céu Claro;Múltipla;Reta;Sim;1;0;0;0;0;1;0;1;-7,85288;-35,22769;SPRF-PE;DEL01-PE;UOP01-DEL01-PE
724596;12/10/2025;domingo;18:20:00;SP;116;210;GUARULHOS;Pedestre andava na pista;Atropelamento de Pedestre;Com Vítimas Feridas;Anoitecer;Decrescente;Céu Claro;Múltipla;Reta;Sim;3;0;0;1;2;0;1;3;-23,43080401;-46,41517639;SPRF-SP;DEL01-SP;UOP01-DEL01-SP
724597;12/10/2025;domingo;17:10:00;PR;277;290;PRUDENTOPOLIS;Demais falhas mecânicas ou elétricas;Incêndio;Sem Vítimas;Pleno dia;Decrescente;Chuva;Simples;"Reta;Declive";Não;5;0;0;0;5;0;0;1;-25,318536;-51,015423;SPRF-PR;DEL08-PR;UOP02-DEL08-PR
724598;12/10/2025;domingo;17:30:00;DF;60;24;BRASILIA;Ausência de reação do condutor;Saída de leito carroçável;Sem Vítimas;Pleno dia;Crescente;Céu Claro;Dupla;Reta;Não;1;0;0;0;1;0;0;1;-15,994667;-48,23674;SPRF-DF;DEL03-DF;UOP01-DEL03-DF
724599;12/10/2025;domingo;17:49:00;ES;262;20;VIANA;Acessar a via sem observar a presença dos outros veículos;Colisão transversal;Com Vítimas Feridas;Anoitecer;Decrescente;Céu Claro;Simples;Curva;Sim;3;0;0;1;2;0;1;2;-20,386318;-40,496128;SPRF-ES;DEL01-ES;UOP01-DEL01-ES
724600;12/10/2025;domingo;18:20:00;PR;116;152,5;MANDIRITUBA;Reação tardia ou ineficiente do condutor;Colisão traseira;Sem Vítimas;Plena Noite;Decrescente;Garoa/Chuvisco;Simples;Reta;Não;2;0;0;0;2;0;0;2;-25,86282178;-49,36212866;SPRF-PR;DEL01-PR;UOP03-DEL01-PR
724602;12/10/2025;domingo;16:30:00;PR;369;28,8;CAMBARA;Chuva;Colisão com objeto;Com Vítimas Feridas;Pleno dia;Crescente;Chuva;Simples;Reta;Não;5;0;5;0;0;0;5;1;-23,03781138;-50,16769258;SPRF-PR;DEL07-PR;UOP05-DEL07-PR
724604;12/10/2025;domingo;18:00:00;MG;262;577;CAMPOS ALTOS;Curva acentuada;Saída de leito carroçável;Com Vítimas Feridas;Anoitecer;Decrescente;Nublado;Simples;Curva;Não;4;0;2;1;1;0;3;1;-19,6621976;-46,1171102;SPRF-MG;DEL08-MG;UOP02-DEL08-MG
724605;12/10/2025;domingo;17:40:00;PE;232;11;JABOATAO DOS GUARARAPES;Condutor deixou de manter distância do veículo da frente;Colisão traseira;Com Vítimas Feridas;Plena Noite;Decrescente;Céu Claro;Dupla;Reta;Não;6;0;1;0;5;0;1;6;-8,085558;-35,001567;SPRF-PE;DEL01-PE;UOP01-DEL01-PE
724607;12/10/2025;domingo;18:25:00;SE;235;3;ARACAJU;Ausência de reação do condutor;Colisão com objeto;Com Vítimas Feridas;Plena Noite;Decrescente;Céu Claro;Dupla;Reta;Sim;1;0;0;1;0;0;1;1;-10,90699707;-37,09851265;SPRF-SE;DEL01-SE;UOP01-DEL01-SE
724608;12/10/2025;domingo;19:00:00;PR;277;206;PALMEIRA;Ausência de reação do condutor;Saída de leito carroçável;Com Vítimas Feridas;Plena Noite;Decrescente;Chuva;Simples;Curva;Não;2;0;1;0;1;0;1;1;-25,468204;-50,292651;SPRF-PR;DEL08-PR;UOP02-DEL08-PR
724610;12/10/2025;domingo;18:50:00;RS;471;460;RIO GRANDE;Ingestão de álcool pelo condutor;Colisão lateral sentido oposto;Sem Vítimas;Plena Noite;Crescente;Céu Claro;Simples;Reta;Não;3;0;0;0;3;0;0;2;-32,079246;-52,276823;SPRF-RS;DEL07-RS;UOP02-DEL07-RS
724611;12/10/2025;domingo;15:35:00;MA;222;668;ACAILANDIA;Ausência de reação do condutor;Tombamento;Com Vítimas Feridas;Pleno dia;Decrescente;Céu Claro;Simples;Reta;Não;2;0;2;0;0;0;2;1;-4,934593;-47,459393;SPRF-MA;DEL04-MA;UOP03-DEL04-MA
724612;12/10/2025;domingo;16:50:00;MG;381;423;SABARA;Velocidade Incompatível;Colisão frontal;Com Vítimas Fatais;Pleno dia;Decrescente;Nublado;Simples;Curva;Não;4;1;0;3;0;0;3;2;-19,78825;-43,69618;SPRF-MG;DEL01-MG;UOP01-DEL01-MG
724613;12/10/2025;domingo;19:11:00;MA;226;292;BARRA DO CORDA;Ausência de reação do condutor;Colisão traseira;Sem Vítimas;Plena Noite;Crescente;Céu Claro;Simples;Reta;Não;4;0;0;0;4;0;0;2;-5,48172429;-45,19636989;SPRF-MA;DEL06-MA;UOP01-DEL06-MA
724615;12/10/2025;domingo;19:25:00;SC;282;16,4;PALHOCA;Acessar a via sem observar a presença dos outros veículos;Colisão transversal;Sem Vítimas;Plena Noite;Crescente;Chuva;Simples;"Interseção de Vias;Reta";Sim;2;0;0;0;2;0;0;2;-27,66185;-48,684662;SPRF-SC;DEL01-SC;UOP02-DEL01-SC
724616;12/10/2025;domingo;19:40:00;PB;230;10,3;CABEDELO;Ausência de reação do condutor;Queda de ocupante de veículo;Com Vítimas Feridas;Plena Noite;Crescente;Céu Claro;Dupla;Reta;Sim;1;0;1;0;0;0;1;1;-7,056782;-34,850728;SPRF-PB;DEL01-PB;UOP01-DEL01-PB
724617;12/10/2025;domingo;19:25:00;MG;381;5;BETIM;Ausência de reação do condutor;Saída de leito carroçável;Sem Vítimas;Plena Noite;Crescente;Céu Claro;Dupla;Reta;Não;1;0;0;0;1;0;0;1;-19,98962324;-44,19335997;SPRF-MG;DEL01-MG;UOP03-DEL01-MG