id;data_inversa;dia_semana;horario;uf;br;km;municipio;causa_acidente;tipo_acidente;classificacao_acidente;fase_dia;sentido_via;condicao_metereologica;tipo_pista;tracado_via;uso_solo;pessoas;mortos;feridos_leves;feridos_graves;ilesos;ignorados;feridos;veiculos;latitude;longitude;regional;delegacia;uop
724732;13/10/2025;segunda-feira;07:25:00;TO;10;457;PALMAS;Ausência de reação do condutor;Colisão traseira;Com Vítimas Feridas;Pleno dia;Crescente;Céu Claro;Múltipla;Reta;Sim;2;0;2;0;0;0;2;2;-10,28358918;-48,29751849;SPRF-TO;DEL01-TO;UOP03-DEL01-TO
724733;06/10/2025;segunda-feira;07:00:00;MG;381;491;BETIM;Acessar a via sem observar a presença dos outros veículos;Colisão lateral mesmo sentido;Com Vítimas Feridas;Pleno dia;Crescente;Céu Claro;Múltipla;Reta;Sim;3;0;0;2;1;0;2;2;-19,959689;-44,154376;SPRF-MG;DEL01-MG;UOP03-DEL01-MG
724735;13/10/2025;segunda-feira;07:40:00;ES;101;230,9;FUNDAO;Condutor deixou de manter distância do veículo da frente;Colisão traseira;Com Vítimas Feridas;Pleno dia;Decrescente;Céu Claro;Simples;Reta;Não;3;0;1;0;2;0;1;2;-19,944287;-40,40667;SPRF-ES;DEL02-ES;UOP01-DEL02-ES
724736;13/10/2025;segunda-feira;08:15:00;ES;101;204,8;JOAO NEIVA;Acessar a via sem observar a presença dos outros veículos;Colisão transversal;Com Vítimas Feridas;Pleno dia;Decrescente;Nublado;Simples;"Reta;Rotatória";Sim;18;0;3;0;15;0;3;2;-19,75602;-40,37992;SPRF-ES;DEL02-ES;UOP01-DEL02-ES
724738;13/10/2025;segunda-feira;07:00:00;RJ;40;124;RIO DE JANEIRO;Manobra de mudança de faixa;Colisão lateral mesmo sentido;Com Vítimas Feridas;Pleno dia;Decrescente;Céu Claro;Dupla;Reta;Sim;3;0;2;0;1;0;2;2;-22,810212;-43,288144;SPRF-RJ;DEL01-RJ;UOP02-DEL01-RJ
724740;13/10/2025;segunda-feira;05:20:00;RJ;40;116;DUQUE DE CAXIAS;Manobra de mudança de faixa;Colisão traseira;Com Vítimas Feridas;Amanhecer;Crescente;Céu Claro;Múltipla;Reta;Sim;2;0;1;0;1;0;1;2;-22,73708571;-43,28842449;SPRF-RJ;DEL01-RJ;UOP02-DEL01-RJ
724741;13/10/2025;segunda-feira;08:15:00;MG;116;409;GOVERNADOR VALADARES;Acessar a via sem observar a presença dos outros veículos;Colisão transversal;Com Vítimas Feridas;Pleno dia;Decrescente;Nublado;Dupla;"Interseção de Vias;Reta";Sim;2;0;0;1;1;0;1;2;-18,847186;-41,979995;SPRF-MG;DEL06-MG;UOP01-DEL06-MG
724743;13/10/2025;segunda-feira;07:15:00;RJ;40;120;DUQUE DE CAXIAS;Reação tardia ou ineficiente do condutor;Tombamento;Com Vítimas Feridas;Pleno dia;Crescente;Céu Claro;Múltipla;Reta;Sim;2;0;1;0;1;0;1;1;-22,78097057;-43,2857401;SPRF-RJ;DEL01-RJ;UOP02-DEL01-RJ
724744;13/10/2025;segunda-feira;08:40:00;PB;101;87,9;JOAO PESSOA;Entrada inopinada do pedestre;Atropelamento de Pedestre;Com Vítimas Feridas;Pleno dia;Decrescente;Céu Claro;Dupla;Reta;Sim;2;0;1;1;0;0;2;2;-7,16457699;-34,89992648;SPRF-PB;DEL01-PB;UOP01-DEL01-PB
724745;13/10/2025;segunda-feira;06:45:00;RJ;40;4,8;COMENDADOR LEVY GASPARIAN;Reação tardia ou ineficiente do condutor;Colisão com objeto;Com Vítimas Feridas;Pleno dia;Crescente;Garoa/Chuvisco;Dupla;Curva;Não;1;0;1;0;0;0;1;1;-22,01293032;-43,25554437;SPRF-RJ;DEL05-RJ;UOP02-DEL05-RJ
724746;13/10/2025;segunda-feira;08:30:00;PB;230;21,7;JOAO PESSOA;Trafegar com motocicleta (ou similar) entre as faixas;Colisão lateral mesmo sentido;Com Vítimas Feridas;Pleno dia;Decrescente;Sol;Dupla;Reta;Sim;3;0;2;0;1;0;2;2;-7,149577;-34,851785;SPRF-PB;DEL01-PB;UOP01-DEL01-PB
724747;13/10/2025;segunda-feira;07:15:00;RS;392;4;RIO GRANDE;Conversão proibida;Atropelamento de Pedestre;Com Vítimas Feridas;Pleno dia;Decrescente;Céu Claro;Simples;Reta;Não;3;0;1;0;1;1;1;2;-32,072178;-52,097781;SPRF-RS;DEL07-RS;UOP02-DEL07-RS
724749;13/10/2025;segunda-feira;07:00:00;RJ;101;452;MANGARATIBA;Curva acentuada;Saída de leito carroçável;Com Vítimas Feridas;Pleno dia;Crescente;Nublado;Simples;Curva;Sim;1;0;1;0;0;0;1;1;-23,03161628;-44,13253069;SPRF-RJ;DEL03-RJ;UOP02-DEL03-RJ
724751;13/10/2025;segunda-feira;09:00:00;PB;101;86;JOAO PESSOA;Demais falhas mecânicas ou elétricas;Incêndio;Sem Vítimas;Pleno dia;Crescente;Céu Claro;Dupla;Reta;Não;1;0;0;0;1;0;0;1;-7,153198;-34,90835;SPRF-PB;DEL01-PB;UOP01-DEL01-PB
724752;13/10/2025;segunda-feira;09:15:00;SE;235;64;ITABAIANA;Acessar a via sem observar a presença dos outros veículos;Colisão transversal;Com Vítimas Feridas;Pleno dia;Crescente;Nublado;Simples;Reta;Não;3;0;2;0;1;0;2;2;-10,59835184;-37,47900009;SPRF-SE;DEL01-SE;UOP02-DEL01-SE
724753;28/09/2025;domingo;21:29:00;TO;153;145;ARAGUAINA;Ausência de reação do condutor;Saída de leito carroçável;Com Vítimas Feridas;Plena Noite;Crescente;Céu Claro;Dupla;Rotatória;Sim;1;0;0;1;0;0;1;1;-7,232398;-48,253022;SPRF-TO;DEL02-TO;UOP01-DEL02-TO
724755;13/10/2025;segunda-feira;08:00:00;PR;153;15;JACAREZINHO;Chuva;Saída de leito carroçável;Sem Vítimas;Pleno dia;Decrescente;Chuva;Simples;Curva;Não;1;0;0;0;0;1;0;1;-23,12646844;-49,94401932;SPRF-PR;DEL07-PR;UOP04-DEL07-PR
724757;10/08/2025;domingo;18:00:00;PR;277;120,8;CAMPO LARGO;Trafegar com motocicleta (ou similar) entre as faixas;Colisão lateral mesmo sentido;Com Vítimas Feridas;Anoitecer;Decrescente;Céu Claro;Dupla;"Declive;Reta";Sim;4;0;0;1;3;0;1;2;-25,44735;-49,48453;SPRF-PR;DEL03-PR;UOP03-DEL03-PR
724758;12/10/2025;domingo;18:40:00;SC;470;147,6;AGRONOMICA;Acessar a via sem observar a presença dos outros veículos;Colisão transversal;Sem Vítimas;Anoitecer;Crescente;Garoa/Chuvisco;Simples;Rotatória;Não;3;0;0;0;2;1;0;3;-27,246135;-49,694652;SPRF-SC;DEL04-SC;UOP02-DEL04-SC
724759;13/10/2025;segunda-feira;10:00:00;PE;101;46;IGARASSU;Acesso irregular;Colisão traseira;Com Vítimas Feridas;Pleno dia;Crescente;Céu Claro;Dupla;Reta;Sim;2;0;1;0;0;1;1;2;-7,87773;-34,90534;SPRF-PE;DEL01-PE;UOP02-DEL01-PE
724760;13/10/2025;segunda-feira;09:30:00;PR;376;635;SAO JOSE DOS PINHAIS;Ausência de reação do condutor;Colisão lateral mesmo sentido;Sem Vítimas;Pleno dia;Crescente;Céu Claro;Dupla;Reta;Não;4;0;0;0;4;0;0;2;-25,748773;-49,129531;SPRF-PR;DEL01-PR;UOP04-DEL01-PR
724762;13/10/2025;segunda-feira;08:30:00;GO;153;506;APARECIDA DE GOIANIA;Condutor deixou de manter distância do veículo da frente;Colisão traseira;Com Vítimas Feridas;Pleno dia;Decrescente;Céu Claro;Dupla;Reta;Sim;2;0;1;0;0;1;1;2;-16,74095959;-49,24175832;SPRF-GO;DEL01-GO;UOP01-DEL01-GO
724763;13/10/2025;segunda-feira;11:00:00;DF;70;9,8;BRASILIA;Pedestre andava na pista;Atropelamento de Pedestre;Com Vítimas Feridas;Pleno dia;Decrescente;Céu Claro;Dupla;Reta;Sim;2;0;2;0;0;0;2;2;-15,78823658;-48,14318854;SPRF-DF;DEL03-DF;UOP02-DEL03-DF
724764;01/10/2025;quarta-feira;06:45:00;SE;101;98;SAO CRISTOVAO;Avarias e/ou desgaste excessivo no pneu;Queda de ocupante de veículo;Com Vítimas Feridas;Pleno dia;Crescente;Nublado;Dupla;Aclive;Não;2;0;0;2;0;0;2;1;-10,93062291;-37,18546677;SPRF-SE;DEL02-SE;UOP01-DEL02-SE
724765;13/10/2025;segunda-feira;11:30:00;SC;101;207,5;SAO JOSE;Pedestre andava na pista;Colisão frontal;Com Vítimas Feridas;Pleno dia;Crescente;Céu Claro;Dupla;Reta;Sim;3;0;1;1;0;1;2;3;-27,60239;-48,62798;SPRF-SC;DEL01-SC;UOP01-DEL01-SC
724766;13/10/2025;segunda-feira;10:50:00;RJ;493;22;MAGE;Ultrapassagem Indevida;Atropelamento de Pedestre;Com Vítimas Feridas;Pleno dia;Decrescente;Sol;Simples;"Reta;Em Obras";Sim;2;0;0;1;1;0;1;2;-22,65708182;-43,06135077;SPRF-RJ;DEL04-RJ;UOP02-DEL04-RJ
724767;13/10/2025;segunda-feira;11:50:00;RN;101;83;NATAL;Condutor deixou de manter distância do veículo da frente;Colisão traseira;Com Vítimas Feridas;Pleno dia;Decrescente;Céu Claro;Dupla;Reta;Sim;3;0;2;0;1;0;2;2;-5,773436;-35,259478;SPRF-RN;DEL02-RN;UOP01-DEL02-RN
724769;13/10/2025;segunda-feira;11:50:00;RS;290;112;ELDORADO DO SUL;Animais na Pista;Saída de leito carroçável;Com Vítimas Feridas;Pleno dia;Decrescente;Céu Claro;Simples;Curva;Não;1;0;1;0;0;0;1;1;-30,043822;-51,332643;SPRF-RS;DEL02-RS;UOP01-DEL02-RS
724770;13/10/2025;segunda-feira;12:30:00;SC;101;217,9;PALHOCA;Demais falhas mecânicas ou elétricas;Tombamento;Com Vítimas Feridas;Pleno dia;Crescente;Céu Claro;Múltipla;Reta;Sim;2;0;2;0;0;0;2;1;-27,67525;-48,67126;SPRF-SC;DEL01-SC;UOP02-DEL01-SC
724771;13/10/2025;segunda-feira;12:20:00;ES;262;126,4;CONCEICAO DO CASTELO;Condutor Dormindo;Capotamento;Com Vítimas Feridas;Pleno dia;Decrescente;Céu Claro;Simples;Curva;Não;3;0;1;0;2;0;1;1;-20,26774;-41,269357;SPRF-ES;DEL01-ES;UOP02-DEL01-ES
724772;13/10/2025;segunda-feira;12:24:00;RN;304;43;MOSSORO;Reação tardia ou ineficiente do condutor;Colisão traseira;Com Vítimas Feridas;Pleno dia;Decrescente;Céu Claro;Dupla;Reta;Não;2;0;1;0;1;0;1;2;-5,21777089;-37,36548811;SPRF-RN;DEL04-RN;UOP01-DEL04-RN
724773;13/10/2025;segunda-feira;10:25:00;PR;369;100;URAI;Reação tardia ou ineficiente do condutor;Saída de leito carroçável;Com Vítimas Feridas;Pleno dia;Crescente;Chuva;Dupla;Curva;Não;1;0;1;0;0;0;1;1;-23,27831816;-50,84360775;SPRF-PR;DEL07-PR;UOP05-DEL07-PR
724776;13/10/2025;segunda-feira;11:10:00;PR;277;684;SAO MIGUEL DO IGUACU;Ausência de reação do condutor;Colisão com objeto;Com Vítimas Feridas;Pleno dia;Crescente;Céu Claro;Dupla;Curva;Não;1;0;1;0;0;0;1;1;-25,33913176;-54,19930905;SPRF-PR;DEL05-PR;UOP01-DEL05-PR
724777;09/10/2025;quinta-feira;14:20:00;RJ;101;317;SAO GONCALO;Demais falhas mecânicas ou elétricas;Queda de ocupante de veículo;Com Vítimas Feridas;Pleno dia;Decrescente;Nublado;Dupla;Reta;Não;2;0;1;0;1;0;1;1;-22,83738099;-43,09494495;SPRF-RJ;DEL02-RJ;UOP02-DEL02-RJ
724782;13/10/2025;segunda-feira;13:16:00;RN;101;99;PARNAMIRIM;Acessar a via sem observar a presença dos outros veículos;Colisão transversal;Com Vítimas Feridas;Pleno dia;Decrescente;Céu Claro;Dupla;"Reta;Retorno Regulamentado";Sim;2;0;1;0;1;0;1;2;-5,87606955;-35,22223234;SPRF-RN;DEL01-RN;UOP01-DEL01-RN
724783;13/10/2025;segunda-feira;07:50:00;RJ;101;494;ANGRA DOS REIS;Demais falhas mecânicas ou elétricas;Tombamento;Com Vítimas Feridas;Pleno dia;Decrescente;Nublado;Simples;Reta;Não;1;0;1;0;0;0;1;1;-22,93139975;-44,32135177;SPRF-RJ;DEL03-RJ;UOP03-DEL03-RJ
724784;13/10/2025;segunda-feira;13:41:00;PB;230;27;JOAO PESSOA;Ausência de reação do condutor;Tombamento;Com Vítimas Feridas;Pleno dia;Decrescente;Céu Claro;Dupla;Reta;Não;2;0;1;0;0;1;1;1;-7,16515183;-34,89135414;SPRF-PB;DEL01-PB;UOP01-DEL01-PB
724785;13/10/2025;segunda-feira;13:20:00;PR;116;44;CURITIBA;Ausência de reação do condutor;Capotamento;Com Vítimas Feridas;Pleno dia;Crescente;Nublado;Dupla;Reta;Não;3;0;1;0;2;0;1;1;-25,4509056;-49,2470272;SPRF-PR;DEL01-PR;UOP02-DEL01-PR
724786;13/10/2025;segunda-feira;13:20:00;PR;116;27;CAMPINA GRANDE DO SUL;Ausência de reação do condutor;Colisão com objeto;Com Vítimas Feridas;Pleno dia;Decrescente;Chuva;Dupla;Curva;Não;1;0;1;0;0;0;1;1;-25,2805;-48,926765;SPRF-PR;DEL01-PR;UOP02-DEL01-PR
724787;13/10/2025;segunda-feira;11:40:00;GO;70;48;COCALZINHO DE GOIAS;Entrada inopinada do pedestre;Atropelamento de Pedestre;Com Vítimas Fatais;Pleno dia;Decrescente;Céu Claro;Simples;"Aclive;Curva";Não;3;1;0;0;2;0;0;2;-15,749115;-48,60179;SPRF-DF;DEL03-DF;UOP02-DEL03-DF
724788;13/10/2025;segunda-feira;13:50:00;SC;470;54,3;BLUMENAU;Condutor deixou de manter distância do veículo da frente;Colisão lateral mesmo sentido;Com Vítimas Feridas;Pleno dia;Crescente;Céu Claro;Simples;Reta;Não;2;0;1;0;1;0;1;2;-26,87239624;-49,11301581;SPRF-SC;DEL04-SC;UOP01-DEL04-SC
724789;13/10/2025;segunda-feira;13:00:00;RJ;101;384;ITAGUAI;Acessar a via sem observar a presença dos outros veículos;Colisão lateral mesmo sentido;Com Vítimas Feridas;Pleno dia;Decrescente;Céu Claro;Dupla;Reta;Sim;4;0;2;0;2;0;2;2;-22,85892628;-43,75937435;SPRF-RJ;DEL03-RJ;UOP01-DEL03-RJ
724790;13/10/2025;segunda-feira;13:40:00;PR;277;11,8;PARANAGUA;Reação tardia ou ineficiente do condutor;Capotamento;Com Vítimas Feridas;Pleno dia;Decrescente;Sol;Dupla;Reta;Não;2;0;2;0;0;0;2;1;-25,56428255;-48,63283603;SPRF-PR;DEL01-PR;UOP05-DEL01-PR
724791;01/10/2025;quarta-feira;18:25:00;MS;262;393;TERENOS;Carga excessiva e/ou mal acondicionada;Tombamento;Com Vítimas Feridas;Plena Noite;Decrescente;Céu Claro;Simples;Reta;Não;2;0;1;1;0;0;2;1;-20,4266;-54,9159;SPRF-MS;DEL01-MS;UOP03-DEL01-MS
724792;13/10/2025;segunda-feira;14:21:00;ES;262;47,5;MARECHAL FLORIANO;Transitar na contramão;Colisão lateral sentido oposto;Com Vítimas Feridas;Pleno dia;Decrescente;Nublado;Simples;Reta;Não;2;0;0;2;0;0;2;2;-20,41235;-40,685858;SPRF-ES;DEL01-ES;UOP01-DEL01-ES
724793;13/10/2025;segunda-feira;13:25:00;PR;487;160;ARARUNA;Condutor deixou de manter distância do veículo da frente;Colisão traseira;Com Vítimas Feridas;Pleno dia;Decrescente;Nublado;Simples;"Declive;Reta";Sim;6;0;1;0;5;0;1;2;-23,971872;-52,558846;SPRF-PR;DEL09-PR;UOP03-DEL09-PR
724794;13/10/2025;segunda-feira;13:05:00;PR;369;22,2;CAMBARA;Desrespeitar a preferência no cruzamento;Colisão transversal;Com Vítimas Feridas;Pleno dia;Decrescente;Nublado;Simples;Interseção de Vias;Sim;2;0;1;0;1;0;1;2;-23,043;-50,1039;SPRF-PR;DEL07-PR;UOP05-DEL07-PR
724799;13/10/2025;segunda-feira;15:00:00;MG;365;706;MONTE ALEGRE DE MINAS;Mal súbito do condutor;Saída de leito carroçável;Com Vítimas Feridas;Pleno dia;Crescente;Céu Claro;Simples;Declive;Não;2;0;1;1;0;0;2;1;-18,879262;-49,052537;SPRF-MG;DEL15-MG;UOP03-DEL15-MG
724802;13/10/2025;segunda-feira;15:00:00;PE;428;178,4;PETROLINA;Acessar a via sem observar a presença dos outros veículos;Colisão transversal;Com Vítimas Feridas;Pleno dia;Decrescente;Céu Claro;Simples;"Interseção de Vias;Reta";Não;2;0;1;0;1;0;1;2;-9,292941;-40,446074;SPRF-PE;DEL06-PE;UOP01-DEL06-PE
724803;13/10/2025;segunda-feira;15:30:00;ES;101;304,5;VIANA;Pista esburacada;Eventos atípicos;Com Vítimas Feridas;Pleno dia;Crescente;Céu Claro;Dupla;Reta;Não;4;0;0;1;0;3;1;2;-20,38254454;-40,45919411;SPRF-ES;DEL01-ES;UOP01-DEL01-ES
724806;13/10/2025;segunda-feira;08:06:00;RO;364;712;PORTO VELHO;Ultrapassagem Indevida;Colisão transversal;Com Vítimas Feridas;Pleno dia;Crescente;Céu Claro;Simples;Reta;Não;3;0;1;0;1;1;1;2;-8,8080384;-63,7566976;SPRF-RO;DEL01-RO;UOP01-DEL01-RO
724807;13/10/2025;segunda-feira;13:45:00;MT;70;1;BARRA DO GARCAS;Reação tardia ou ineficiente do condutor;Colisão transversal;Com Vítimas Feridas;Pleno dia;Crescente;Céu Claro;Simples;Reta;Sim;3;0;2;0;1;0;2;2;-15,872495;-52,3855599;SPRF-MT;DEL07-MT;UOP01-DEL07-MT
724808;13/10/2025;segunda-feira;16:05:00;SP;116;70,6;APARECIDA;Chuva;Colisão com objeto;Com Vítimas Fatais;Pleno dia;Decrescente;Chuva;Dupla;"Reta;Viaduto";Não;1;1;0;0;0;0;0;1;-22,853067;-45,228565;SPRF-SP;DEL08-SP;UOP01-DEL08-SP
724809;13/10/2025;segunda-feira;15:50:00;RS;293;208,6;DOM PEDRITO;Manobra de mudança de faixa;Colisão frontal;Com Vítimas Feridas;Pleno dia;Crescente;Céu Claro;Simples;Reta;Não;2;0;1;1;0;0;2;2;-31,17109734;-54,3503952;SPRF-RS;DEL11-RS;UOP03-DEL11-RS
724812;11/10/2025;sábado;04:40:00;MG;365;351;VARJAO DE MINAS;Acumulo de areia ou detritos sobre o pavimento;Capotamento;Com Vítimas Feridas;Amanhecer;Decrescente;Ignorado;Simples;Reta;Não;3;0;2;1;0;0;3;1;-18,467653;-46,077461;SPRF-MG;DEL10-MG;UOP01-DEL10-MG
724813;13/10/2025;segunda-feira;15:00:00;PR;376;596;CURITIBA;Reação tardia ou ineficiente do condutor;Tombamento;Com Vítimas Feridas;Pleno dia;Crescente;Nublado;Dupla;"Declive;Reta";Sim;1;0;0;1;0;0;1;1;-25,472071;-49,35341;SPRF-PR;DEL01-PR;UOP03-DEL01-PR
724814;13/10/2025;segunda-feira;15:20:00;PR;376;176,4;MARINGA;Condutor deixou de manter distância do veículo da frente;Colisão traseira;Com Vítimas Feridas;Pleno dia;Crescente;Nublado;Múltipla;"Interseção de Vias;Reta";Sim;3;0;1;0;2;0;1;2;-23,4114405;-51,9400644;SPRF-PR;DEL09-PR;UOP01-DEL09-PR
724815;13/10/2025;segunda-feira;14:15:00;BA;101;685,5;EUNAPOLIS;Acessar a via sem observar a presença dos outros veículos;Colisão transversal;Com Vítimas Feridas;Pleno dia;Decrescente;Sol;Simples;"Reta;Interseção de Vias";Não;4;0;3;0;1;0;3;2;-16,154028;-39,595423;SPRF-BA;DEL09-BA;UOP03-DEL09-BA
724816;13/10/2025;segunda-feira;16:05:00;SC;101;118;ITAJAI;Reação tardia ou ineficiente do condutor;Colisão lateral mesmo sentido;Com Vítimas Feridas;Pleno dia;Decrescente;Céu Claro;Múltipla;Reta;Sim;2;0;1;0;1;0;1;2;-26,88516931;-48,72335899;SPRF-SC;DEL04-SC;UOP04-DEL04-SC
724818;10/10/2025;sexta-feira;09:00:00;TO;10;140;PARANA;Ausência de reação do condutor;Capotamento;Com Vítimas Fatais;Pleno dia;Crescente;Sol;Simples;Reta;Não;7;2;1;2;0;2;3;2;-12,41608;-47,77972;SPRF-TO;DEL01-TO;UOP03-DEL01-TO
724820;13/10/2025;segunda-feira;15:30:00;GO;70;11;AGUAS LINDAS DE GOIAS;Ausência de reação do condutor;Colisão lateral mesmo sentido;Com Vítimas Feridas;Pleno dia;Crescente;Céu Claro;Múltipla;Reta;Sim;5;0;4;0;1;0;4;2;-15,7392513;-48,30376223;SPRF-DF;DEL03-DF;UOP02-DEL03-DF
724821;13/10/2025;segunda-feira;16:30:00;ES;101;275;SERRA;Reação tardia ou ineficiente do condutor;Tombamento;Com Vítimas Feridas;Pleno dia;Crescente;Vento;Múltipla;Reta;Sim;1;0;1;0;0;0;1;1;-20,2081011;-40,3045303;SPRF-ES;DEL02-ES;UOP01-DEL02-ES
724826;13/10/2025;segunda-feira;17:20:00;PR;277;669,3;MEDIANEIRA;Ausência de reação do condutor;Saída de leito carroçável;Com Vítimas Feridas;Pleno dia;Crescente;Céu Claro;Dupla;"Declive;Reta";Sim;1;0;0;1;0;0;1;1;-25,277498;-54,073782;SPRF-PR;DEL05-PR;UOP02-DEL05-PR
724828;13/10/2025;segunda-feira;17:20:00;PE;101;70,1;RECIFE;Ausência de reação do condutor;Saída de leito carroçável;Com Vítimas Feridas;Pleno dia;Crescente;Céu Claro;Dupla;"Retorno Regulamentado;Curva";Sim;2;0;1;1;0;0;2;1;-8,068928;-34,942973;SPRF-PE;DEL01-PE;UOP01-DEL01-PE
724829;13/10/2025;segunda-feira;18:10:00;RJ;101;477;ANGRA DOS REIS;Acessar a via sem observar a presença dos outros veículos;Colisão transversal;Com Vítimas Feridas;Plena Noite;Crescente;Céu Claro;Simples;"Interseção de Vias;Reta";Sim;2;0;1;0;1;0;1;2;-22,989567;-44,2418245;SPRF-RJ;DEL03-RJ;UOP03-DEL03-RJ
724830;13/10/2025;segunda-feira;17:30:00;PR;116;119;CURITIBA;Manobra de mudança de faixa;Colisão lateral mesmo sentido;Com Vítimas Feridas;Pleno dia;Crescente;Nublado;Dupla;"Reta;Declive";Sim;2;0;1;0;0;1;1;2;-25,57602199;-49,31235759;SPRF-PR;DEL01-PR;UOP03-DEL01-PR
724831;13/10/2025;segunda-feira;18:25:00;PE;428;185,9;PETROLINA;Manobra de mudança de faixa;Colisão transversal;Com Vítimas Feridas;Plena Noite;Crescente;Céu Claro;Múltipla;"Reta;Interseção de Vias";Sim;2;0;1;0;1;0;1;2;-9,3647546;-40,4827748;SPRF-PE;DEL06-PE;UOP01-DEL06-PE
724832;13/10/2025;segunda-feira;16:15:00;MG;0;0;ESTIVA;Chuva;Colisão traseira;Com Vítimas Feridas;Anoitecer;Não Informado;Chuva;Dupla;"Curva;Declive";Não;4;0;3;0;1;0;3;2;-22,42562781;-45,97091675;SPRF-MG;DEL16-MG;UOP01-DEL16-MG
724833;13/10/2025;segunda-feira;16:25:00;AL;101;77;RIO LARGO;Reação tardia ou ineficiente do condutor;Saída de leito carroçável;Com Vítimas Feridas;Pleno dia;Crescente;Céu Claro;Dupla;Reta;Não;2;0;1;0;1;0;1;1;-9,42619;-35,838488;SPRF-AL;DEL01-AL;UOP01-DEL01-AL
724834;13/10/2025;segunda-feira;17:50:00;PB;230;155;CAMPINA GRANDE;Transitar na contramão;Colisão transversal;Com Vítimas Feridas;Plena Noite;Crescente;Céu Claro;Simples;"Em Obras;Desvio Temporário;Reta";Sim;3;0;1;0;1;1;1;2;-7,276237;-35,902272;SPRF-PB;DEL02-PB;UOP01-DEL02-PB
724840;13/10/2025;segunda-feira;14:30:00;PI;316;334,3;GEMINIANO;Demais falhas mecânicas ou elétricas;Incêndio;Sem Vítimas;Pleno dia;Crescente;Sol;Dupla;Reta;Não;1;0;0;0;1;0;0;1;-7,10804709;-41,26001358;SPRF-PI;DEL04-PI;UOP01-DEL04-PI
724841;13/10/2025;segunda-feira;18:45:00;RS;116;150,7;CAXIAS DO SUL;Condutor deixou de manter distância do veículo da frente;Colisão traseira;Com Vítimas Feridas;Anoitecer;Decrescente;Céu Claro;Dupla;Reta;Sim;3;0;2;0;1;0;2;2;-29,1751713;-51,1608254;SPRF-RS;DEL05-RS;UOP01-DEL05-RS
724842;13/10/2025;segunda-feira;18:40:00;MG;146;469,1;BOTELHOS;Reação tardia ou ineficiente do condutor;Colisão frontal;Com Vítimas Feridas;Plena Noite;Crescente;Chuva;Simples;"Reta;Aclive";Não;3;0;1;2;0;0;3;2;-21,71012768;-46,42255783;SPRF-MG;DEL09-MG;UOP01-DEL09-MG
724843;13/10/2025;segunda-feira;18:40:00;SC;470;54,1;BLUMENAU;Conversão proibida;Colisão lateral sentido oposto;Com Vítimas Feridas;Plena Noite;Crescente;Céu Claro;Simples;Reta;Sim;2;0;1;0;1;0;1;2;-26,87136;-49,11148;SPRF-SC;DEL04-SC;UOP01-DEL04-SC
724844;13/10/2025;segunda-feira;18:30:00;PR;116;115,3;CURITIBA;Trafegar com motocicleta (ou similar) entre as faixas;Colisão lateral mesmo sentido;Com Vítimas Feridas;Plena Noite;Decrescente;Céu Claro;Dupla;Reta;Sim;3;0;1;0;2;0;1;3;-25,54697183;-49,30392515;SPRF-PR;DEL01-PR;UOP03-DEL01-PR
724846;13/10/2025;segunda-feira;17:45:00;BA;324;561;AMELIA RODRIGUES;Acessar a via sem observar a presença dos outros veículos;Colisão traseira;Com Vítimas Feridas;Anoitecer;Crescente;Céu Claro;Dupla;Reta;Não;5;0;0;4;1;0;4;2;-12,4995141;-38,6443391;SPRF-BA;DEL01-BA;UOP01-DEL01-BA
724847;13/10/2025;segunda-feira;17:20:00;RJ;393;188;PARAIBA DO SUL;Ausência de reação do condutor;Saída de leito carroçável;Com Vítimas Feridas;Pleno dia;Decrescente;Nublado;Simples;Reta;Não;1;0;0;1;0;0;1;1;-22,17467666;-43,33377499;SPRF-RJ;DEL05-RJ;UOP03-DEL05-RJ
724849;13/10/2025;segunda-feira;18:40:00;CE;116;19;EUSEBIO;Condutor deixou de manter distância do veículo da frente;Colisão lateral mesmo sentido;Com Vítimas Feridas;Plena Noite;Decrescente;Céu Claro;Múltipla;Retorno Regulamentado;Sim;2;0;1;0;1;0;1;2;-3,8981325;-38,50332197;SPRF-CE;DEL01-CE;UOP02-DEL01-CE
724850;13/10/2025;segunda-feira;17:35:00;MA;135;2,4;SAO LUIS;Acessar a via sem observar a presença dos outros veículos;Colisão transversal;Com Vítimas Feridas;Anoitecer;Decrescente;Céu Claro;Dupla;Reta;Sim;2;0;1;0;1;0;1;2;-2,60094554;-44,24592376;SPRF-MA;DEL01-MA;UOP01-DEL01-MA
724852;13/10/2025;segunda-feira;19:30:00;MG;459;99,4;POUSO ALEGRE;Avarias e/ou desgaste excessivo no pneu;Colisão frontal;Com Vítimas Feridas;Plena Noite;Crescente;Chuva;Simples;"Declive;Curva";Não;2;0;1;1;0;0;2;2;-22,20156;-45,962603;SPRF-MG;DEL09-MG;UOP01-DEL09-MG
724853;13/10/2025;segunda-feira;14:30:00;MT;364;165;PEDRA PRETA;Ausência de reação do condutor;Saída de leito carroçável;Com Vítimas Feridas;Pleno dia;Crescente;Céu Claro;Simples;Reta;Não;2;0;2;0;0;0;2;1;-16,65442;-54,352655;SPRF-MT;DEL02-MT;UOP01-DEL02-MT