id;data_inversa;dia_semana;horario;uf;br;km;municipio;causa_acidente;tipo_acidente;classificacao_acidente;fase_dia;sentido_via;condicao_metereologica;tipo_pista;tracado_via;uso_solo;pessoas;mortos;feridos_leves;feridos_graves;ilesos;ignorados;feridos;veiculos;latitude;longitude;regional;delegacia;uop
724855;13/10/2025;segunda-feira;18:50:00;PR;277;2;CURITIBA;Ausência de reação do condutor;Colisão frontal;Com Vítimas Feridas;Plena Noite;Crescente;Nublado;Dupla;Reta;Sim;2;0;1;1;0;0;2;2;-25,430802;-49,336879;SPRF-PR;DEL01-PR;UOP06-DEL01-PR
724857;13/10/2025;segunda-feira;19:58:00;RN;101;75,3;SAO GONCALO DO AMARANTE;Ingestão de álcool pelo condutor;Colisão lateral mesmo sentido;Com Vítimas Feridas;Plena Noite;Decrescente;Céu Claro;Dupla;Rotatória;Não;2;0;0;1;1;0;1;2;-5,72219425;-35,27700305;SPRF-RN;DEL02-RN;UOP01-DEL02-RN
724858;13/10/2025;segunda-feira;19:00:00;RS;116;245;SAO LEOPOLDO;Condutor deixou de manter distância do veículo da frente;Tombamento;Com Vítimas Feridas;Plena Noite;Decrescente;Céu Claro;Múltipla;Reta;Sim;1;0;1;0;0;0;1;1;-29,75112106;-51,15105336;SPRF-RS;DEL01-RS;UOP02-DEL01-RS
724859;13/10/2025;segunda-feira;19:33:00;RN;226;4;NATAL;Acessar a via sem observar a presença dos outros veículos;Colisão lateral mesmo sentido;Com Vítimas Feridas;Plena Noite;Crescente;Céu Claro;Simples;Reta;Sim;2;0;0;1;1;0;1;2;-5,81922312;-35,26271693;SPRF-RN;DEL01-RN;UOP02-DEL01-RN
724860;13/10/2025;segunda-feira;20:00:00;SP;116;158,1;JACAREI;Reação tardia ou ineficiente do condutor;Colisão lateral mesmo sentido;Com Vítimas Feridas;Plena Noite;Decrescente;Céu Claro;Dupla;Reta;Sim;2;0;1;0;1;0;1;2;-23,26014144;-45,95073719;SPRF-SP;DEL02-SP;UOP01-DEL02-SP
724861;13/10/2025;segunda-feira;20:15:00;ES;101;395;RIO NOVO DO SUL;Transitar no Acostamento;Atropelamento de Pedestre;Com Vítimas Feridas;Plena Noite;Crescente;Nublado;Simples;Reta;Sim;2;0;0;1;1;0;1;2;-20,86608127;-40,93246132;SPRF-ES;DEL03-ES;UOP02-DEL03-ES
724863;13/10/2025;segunda-feira;19:20:00;PR;116;112;CURITIBA;Condutor deixou de manter distância do veículo da frente;Colisão traseira;Com Vítimas Feridas;Plena Noite;Decrescente;Nublado;Dupla;Reta;Sim;2;0;1;0;1;0;1;2;-25,557321;-49,269607;SPRF-PR;DEL01-PR;UOP03-DEL01-PR
724864;13/10/2025;segunda-feira;20:10:00;RJ;116;323;ITATIAIA;Reação tardia ou ineficiente do condutor;Colisão com objeto;Com Vítimas Feridas;Plena Noite;Decrescente;Garoa/Chuvisco;Dupla;Reta;Não;3;0;2;0;1;0;2;1;-22,49287775;-44,56396627;SPRF-RJ;DEL07-RJ;UOP02-DEL07-RJ
724865;13/10/2025;segunda-feira;17:50:00;MA;222;364,2;SANTA INES;Acessar a via sem observar a presença dos outros veículos;Colisão transversal;Com Vítimas Feridas;Anoitecer;Crescente;Céu Claro;Simples;Reta;Não;2;0;0;1;1;0;1;2;-3,68509302;-45,39718824;SPRF-MA;DEL02-MA;UOP01-DEL02-MA
724866;13/10/2025;segunda-feira;20:00:00;SC;101;126;ITAJAI;Objeto estático sobre o leito carroçável;Colisão com objeto;Com Vítimas Feridas;Plena Noite;Crescente;Céu Claro;Dupla;Reta;Não;1;0;0;1;0;0;1;1;-26,96418747;-48,6832121;SPRF-SC;DEL04-SC;UOP04-DEL04-SC
724867;13/10/2025;segunda-feira;20:30:00;RJ;116;81;TERESOPOLIS;Reação tardia ou ineficiente do condutor;Atropelamento de Pedestre;Com Vítimas Feridas;Plena Noite;Crescente;Chuva;Simples;Reta;Sim;3;0;2;0;1;0;2;2;-22,393972;-42,953457;SPRF-RJ;DEL04-RJ;UOP01-DEL04-RJ
724869;13/10/2025;segunda-feira;19:29:00;RO;319;60;PORTO VELHO;Condutor deixou de manter distância do veículo da frente;Colisão traseira;Com Vítimas Feridas;Plena Noite;Crescente;Céu Claro;Dupla;Reta;Sim;3;0;3;0;0;0;3;2;-8,74139122;-63,89687061;SPRF-RO;DEL01-RO;UOP01-DEL01-RO
724871;13/10/2025;segunda-feira;19:40:00;PR;376;663;GUARATUBA;Demais falhas mecânicas ou elétricas;Incêndio;Sem Vítimas;Plena Noite;Decrescente;Céu Claro;Dupla;Curva;Não;1;0;0;0;1;0;0;1;-25,85221853;-48,97198526;SPRF-PR;DEL01-PR;UOP04-DEL01-PR
724872;13/10/2025;segunda-feira;19:30:00;MG;381;770;CAMPANHA;Demais falhas mecânicas ou elétricas;Incêndio;Sem Vítimas;Plena Noite;Crescente;Chuva;Dupla;Reta;Não;1;0;0;0;1;0;0;1;-21,7616117;-45,4109789;SPRF-MG;DEL16-MG;UOP02-DEL16-MG
724874;13/10/2025;segunda-feira;18:40:00;RJ;116;280;BARRA MANSA;Demais falhas mecânicas ou elétricas;Incêndio;Sem Vítimas;Anoitecer;Decrescente;Garoa/Chuvisco;Dupla;"Reta;Aclive";Sim;3;0;0;0;3;0;0;1;-22,54092903;-44,19222292;SPRF-RJ;DEL07-RJ;UOP02-DEL07-RJ
724876;13/10/2025;segunda-feira;19:00:00;PB;230;327,5;PATOS;Transitar na contramão;Colisão frontal;Com Vítimas Feridas;Plena Noite;Decrescente;Céu Claro;Simples;"Aclive;Curva";Não;2;0;0;2;0;0;2;2;-7,0027;-37,207635;SPRF-PB;DEL03-PB;UOP01-DEL03-PB
724877;13/10/2025;segunda-feira;20:30:00;RJ;116;323;ITATIAIA;Reação tardia ou ineficiente do condutor;Tombamento;Com Vítimas Feridas;Plena Noite;Crescente;Chuva;Dupla;Reta;Sim;2;0;1;0;1;0;1;1;-22,48974928;-44,55975294;SPRF-RJ;DEL07-RJ;UOP02-DEL07-RJ
724878;13/10/2025;segunda-feira;21:00:00;RJ;101;282;ITABORAI;Acumulo de areia ou detritos sobre o pavimento;Queda de ocupante de veículo;Com Vítimas Feridas;Plena Noite;Decrescente;Céu Claro;Dupla;Reta;Sim;2;0;2;0;0;0;2;1;-22,73719678;-42,79903159;SPRF-RJ;DEL02-RJ;UOP02-DEL02-RJ
724879;13/10/2025;segunda-feira;21:10:00;PR;277;720,5;FOZ DO IGUACU;Acessar a via sem observar a presença dos outros veículos;Colisão traseira;Com Vítimas Feridas;Plena Noite;Crescente;Céu Claro;Dupla;Reta;Sim;7;0;6;0;1;0;6;3;-25,489401;-54,5074117;SPRF-PR;DEL05-PR;UOP03-DEL05-PR
724882;13/10/2025;segunda-feira;17:55:00;SC;163;70,8;SAO MIGUEL DO OESTE;Desrespeitar a preferência no cruzamento;Colisão transversal;Com Vítimas Feridas;Anoitecer;Decrescente;Céu Claro;Dupla;"Interseção de Vias;Reta";Sim;2;0;0;1;1;0;1;2;-26,729761;-53,511433;SPRF-SC;DEL07-SC;UOP03-DEL07-SC
724884;13/10/2025;segunda-feira;19:50:00;PR;476;274;SAO MATEUS DO SUL;Velocidade Incompatível;Saída de leito carroçável;Sem Vítimas;Plena Noite;Crescente;Céu Claro;Simples;Curva;Não;1;0;0;0;0;1;0;1;-25,89314;-50,378121;SPRF-PR;DEL02-PR;UOP03-DEL02-PR
724885;13/10/2025;segunda-feira;21:45:00;RJ;40;120;DUQUE DE CAXIAS;Entrada inopinada do pedestre;Atropelamento de Pedestre;Com Vítimas Fatais;Plena Noite;Decrescente;Céu Claro;Dupla;Reta;Sim;5;1;0;0;4;0;0;2;-22,7812817;-43,2855317;SPRF-RJ;DEL01-RJ;UOP02-DEL01-RJ
724886;13/10/2025;segunda-feira;21:40:00;SC;101;117;ITAJAI;Acessar a via sem observar a presença dos outros veículos;Colisão transversal;Com Vítimas Feridas;Plena Noite;Crescente;Céu Claro;Múltipla;"Interseção de Vias;Retorno Regulamentado;Rotatória";Sim;3;0;2;0;1;0;2;2;-26,89062961;-48,72114055;SPRF-SC;DEL04-SC;UOP04-DEL04-SC
724887;13/10/2025;segunda-feira;20:30:00;PR;376;493;PONTA GROSSA;Ausência de reação do condutor;Capotamento;Com Vítimas Feridas;Plena Noite;Crescente;Nublado;Dupla;Reta;Não;1;0;1;0;0;0;1;1;-25,159205;-50,1288532;SPRF-PR;DEL03-PR;UOP04-DEL03-PR
724888;13/10/2025;segunda-feira;22:20:00;PE;101;66,7;RECIFE;Suicídio (presumido);Atropelamento de Pedestre;Com Vítimas Feridas;Plena Noite;Crescente;Céu Claro;Dupla;"Viaduto;Aclive";Sim;2;0;0;1;1;0;1;2;-8,03888;-34,9419;SPRF-PE;DEL01-PE;UOP01-DEL01-PE
724891;13/10/2025;segunda-feira;20:30:00;GO;364;34;PARANAIGUARA;Ingestão de álcool pelo condutor;Saída de leito carroçável;Com Vítimas Feridas;Plena Noite;Crescente;Chuva;Simples;Reta;Não;1;0;1;0;0;0;1;1;-18,876335;-50,771202;SPRF-GO;DEL05-GO;UOP02-DEL05-GO
724892;13/10/2025;segunda-feira;17:45:00;PR;373;247;GUAMIRANGA;Ausência de reação do condutor;Colisão com objeto;Com Vítimas Feridas;Pleno dia;Crescente;Céu Claro;Simples;Curva;Não;1;0;1;0;0;0;1;1;-25,19095;-50,81863;SPRF-PR;DEL03-PR;UOP01-DEL03-PR
724893;13/10/2025;segunda-feira;20:10:00;SC;280;37,2;ARAQUARI;Acesso irregular;Atropelamento de Pedestre;Com Vítimas Feridas;Plena Noite;Crescente;Nublado;Simples;"Em Obras;Reta";Não;2;0;1;1;0;0;2;2;-26,446275;-48,819228;SPRF-SC;DEL03-SC;UOP03-DEL03-SC
724894;13/10/2025;segunda-feira;23:03:00;RN;101;157;CANGUARETAMA;Animais na Pista;Atropelamento de Animal;Com Vítimas Feridas;Plena Noite;Decrescente;Céu Claro;Dupla;Declive;Não;1;0;0;1;0;0;1;1;-6,35281018;-35,16289584;SPRF-RN;DEL01-RN;UOP01-DEL01-RN
724895;13/10/2025;segunda-feira;20:10:00;SC;280;73,7;JARAGUA DO SUL;Conversão proibida;Colisão transversal;Com Vítimas Feridas;Plena Noite;Decrescente;Nublado;Simples;Reta;Sim;4;0;2;1;1;0;3;2;-26,458698;-49,172648;SPRF-SC;DEL03-SC;UOP03-DEL03-SC
724896;13/10/2025;segunda-feira;22:30:00;SC;280;127,9;RIO NEGRINHO;Trafegar com motocicleta (ou similar) entre as faixas;Colisão lateral mesmo sentido;Com Vítimas Feridas;Plena Noite;Crescente;Céu Claro;Simples;"Aclive;Reta";Sim;3;0;1;0;2;0;1;2;-26,243003;-49,512357;SPRF-SC;DEL06-SC;UOP03-DEL06-SC
724901;13/10/2025;segunda-feira;22:15:00;SC;101;53;JOINVILLE;Pedestre andava na pista;Atropelamento de Pedestre;Com Vítimas Feridas;Plena Noite;Decrescente;Céu Claro;Dupla;Reta;Não;3;0;0;1;2;0;1;2;-26,1783552;-48,9160704;SPRF-SC;DEL03-SC;UOP01-DEL03-SC
724902;13/10/2025;segunda-feira;20:30:00;RO;364;348;JI-PARANA;Ausência de reação do condutor;Colisão frontal;Com Vítimas Feridas;Plena Noite;Crescente;Céu Claro;Simples;Reta;Sim;3;0;0;1;2;0;1;2;-10,854888;-61,984677;SPRF-RO;DEL02-RO;UOP01-DEL02-RO
724903;14/10/2025;terça-feira;00:05:00;BA;110;402;SAO SEBASTIAO DO PASSE;Ausência de reação do condutor;Tombamento;Com Vítimas Feridas;Plena Noite;Decrescente;Céu Claro;Simples;Reta;Não;1;0;0;1;0;0;1;1;-12,571165;-38,537487;SPRF-BA;DEL01-BA;UOP01-DEL01-BA
724904;13/10/2025;segunda-feira;23:40:00;RS;392;4;RIO GRANDE;Animais na Pista;Atropelamento de Animal;Com Vítimas Feridas;Plena Noite;Decrescente;Nublado;Simples;Reta;Sim;2;0;1;0;1;0;1;1;-32,147357;-52,108423;SPRF-RS;DEL07-RS;UOP02-DEL07-RS
724906;14/10/2025;terça-feira;00:00:00;MG;381;259;TIMOTEO;Condutor deixou de manter distância do veículo da frente;Colisão traseira;Com Vítimas Feridas;Plena Noite;Crescente;Nublado;Simples;Reta;Não;2;0;0;1;1;0;1;2;-19,52549438;-42,64686584;SPRF-MG;DEL03-MG;UOP01-DEL03-MG
724908;13/10/2025;segunda-feira;21:50:00;BA;415;50;ITABUNA;Ausência de reação do condutor;Colisão traseira;Com Vítimas Feridas;Plena Noite;Crescente;Nublado;Simples;Reta;Não;3;0;1;1;1;0;2;2;-14,828858;-39,316713;SPRF-BA;DEL05-BA;UOP01-DEL05-BA
724910;13/10/2025;segunda-feira;20:25:00;RS;116;268;CANOAS;Ausência de reação do condutor;Colisão com objeto;Com Vítimas Feridas;Plena Noite;Decrescente;Ignorado;Múltipla;Reta;Sim;1;0;1;0;0;0;1;1;-29,93559601;-51,17623199;SPRF-RS;DEL01-RS;UOP01-DEL01-RS
724912;14/10/2025;terça-feira;04:10:00;PB;230;462;SOUSA;Conversão proibida;Colisão lateral mesmo sentido;Com Vítimas Feridas;Plena Noite;Decrescente;Céu Claro;Simples;"Aclive;Curva";Sim;2;0;1;0;0;1;1;2;-6,780933;-38,25238;SPRF-PB;DEL03-PB;UOP03-DEL03-PB
724916;14/10/2025;terça-feira;00:30:00;MA;10;251;IMPERATRIZ;Velocidade Incompatível;Saída de leito carroçável;Sem Vítimas;Plena Noite;Crescente;Céu Claro;Simples;Interseção de Vias;Sim;1;0;0;0;0;1;0;1;-5,54254;-47,46502;SPRF-MA;DEL04-MA;UOP01-DEL04-MA
724917;14/10/2025;terça-feira;06:30:00;SP;116;222;GUARULHOS;Ausência de reação do condutor;Colisão traseira;Com Vítimas Feridas;Amanhecer;Crescente;Nublado;Múltipla;Reta;Sim;3;0;1;0;2;0;1;2;-23,47114813;-46,51735473;SPRF-SP;DEL01-SP;UOP01-DEL01-SP
724919;14/10/2025;terça-feira;04:50:00;MG;40;516;RIBEIRAO DAS NEVES;Reação tardia ou ineficiente do condutor;Saída de leito carroçável;Sem Vítimas;Plena Noite;Crescente;Garoa/Chuvisco;Dupla;Reta;Sim;1;0;0;0;1;0;0;1;-19,8166601;-44,0888721;SPRF-MG;DEL01-MG;UOP02-DEL01-MG
724920;14/10/2025;terça-feira;07:00:00;SP;116;224;GUARULHOS;Reação tardia ou ineficiente do condutor;Colisão traseira;Com Vítimas Feridas;Pleno dia;Crescente;Céu Claro;Múltipla;Reta;Sim;3;0;1;0;1;1;1;2;-23,48780745;-46,54201928;SPRF-SP;DEL01-SP;UOP01-DEL01-SP
724921;14/10/2025;terça-feira;07:00:00;SP;116;228;SAO PAULO;Trafegar com motocicleta (ou similar) entre as faixas;Colisão lateral mesmo sentido;Com Vítimas Feridas;Pleno dia;Crescente;Céu Claro;Múltipla;"Aclive;Reta";Sim;2;0;1;0;1;0;1;2;-23,50511286;-46,569103;SPRF-SP;DEL01-SP;UOP01-DEL01-SP
724923;14/10/2025;terça-feira;06:45:00;SE;235;6;NOSSA SENHORA DO SOCORRO;Reação tardia ou ineficiente do condutor;Colisão traseira;Com Vítimas Feridas;Pleno dia;Decrescente;Céu Claro;Dupla;Reta;Sim;3;0;2;0;1;0;2;2;-10,90441106;-37,12707615;SPRF-SE;DEL01-SE;UOP01-DEL01-SE
724924;13/10/2025;segunda-feira;23:00:00;RJ;465;15;SEROPEDICA;Ausência de reação do condutor;Colisão transversal;Com Vítimas Feridas;Plena Noite;Crescente;Nublado;Simples;Reta;Sim;2;0;1;0;1;0;1;2;-22,81093;-43,6315;SPRF-RJ;DEL06-RJ;UOP02-DEL06-RJ
724925;28/09/2025;domingo;19:26:00;DF;80;38;BRASILIA;Reação tardia ou ineficiente do condutor;Capotamento;Com Vítimas Feridas;Plena Noite;Decrescente;Céu Claro;Simples;"Ponte;Reta";Não;5;0;3;0;1;1;3;2;-15,5168044;-48,1943875;SPRF-DF;DEL03-DF;UOP02-DEL03-DF
724928;14/10/2025;terça-feira;07:25:00;SC;116;0,5;MAFRA;Ausência de reação do condutor;Tombamento;Com Vítimas Feridas;Pleno dia;Crescente;Céu Claro;Simples;"Aclive;Curva";Sim;1;0;1;0;0;0;1;1;-26,111405;-49,786037;SPRF-SC;DEL06-SC;UOP01-DEL06-SC
724931;14/10/2025;terça-feira;07:00:00;BA;116;685;JEQUIE;Condutor deixou de manter distância do veículo da frente;Colisão traseira;Sem Vítimas;Pleno dia;Crescente;Sol;Simples;Reta;Não;7;0;0;0;7;0;0;2;-13,94414;-40,16444;SPRF-BA;DEL03-BA;UOP01-DEL03-BA
724933;14/10/2025;terça-feira;06:45:00;PR;116;108;SAO JOSE DOS PINHAIS;Ausência de reação do condutor;Colisão traseira;Com Vítimas Feridas;Pleno dia;Decrescente;Céu Claro;Dupla;Reta;Não;2;0;1;0;1;0;1;2;-25,568462;-49,232072;SPRF-PR;DEL01-PR;UOP03-DEL01-PR
724934;14/10/2025;terça-feira;07:40:00;ES;101;283,1;CARIACICA;Pedestre cruzava a pista fora da faixa;Atropelamento de Pedestre;Com Vítimas Feridas;Pleno dia;Crescente;Nublado;Múltipla;"Reta;Aclive";Não;2;0;1;0;0;1;1;2;-20,23536632;-40,36964742;SPRF-ES;DEL01-ES;UOP01-DEL01-ES
724935;14/10/2025;terça-feira;07:45:00;RS;101;73;OSORIO;Reação tardia ou ineficiente do condutor;Colisão traseira;Com Vítimas Feridas;Pleno dia;Crescente;Céu Claro;Dupla;Reta;Não;4;0;1;0;3;0;1;2;-29,77352;-50,218937;SPRF-RS;DEL03-RS;UOP01-DEL03-RS
724936;14/10/2025;terça-feira;08:00:00;RS;116;36,9;VACARIA;Acessar a via sem observar a presença dos outros veículos;Colisão transversal;Com Vítimas Feridas;Pleno dia;Decrescente;Céu Claro;Simples;"Reta;Interseção de Vias";Sim;3;0;1;0;1;1;1;3;-28,4987064;-50,9176928;SPRF-RS;DEL05-RS;UOP03-DEL05-RS
724937;14/10/2025;terça-feira;08:20:00;MG;262;354;BETIM;Reação tardia ou ineficiente do condutor;Colisão traseira;Com Vítimas Feridas;Pleno dia;Crescente;Nublado;Dupla;Reta;Não;2;0;1;0;1;0;1;2;-19,97814675;-44,25426787;SPRF-MG;DEL01-MG;UOP03-DEL01-MG
724938;14/10/2025;terça-feira;07:40:00;PE;101;52,7;ABREU E LIMA;Ausência de reação do condutor;Colisão traseira;Com Vítimas Feridas;Pleno dia;Decrescente;Céu Claro;Dupla;Viaduto;Não;3;0;1;0;2;0;1;2;-7,928835;-34,898895;SPRF-PE;DEL01-PE;UOP02-DEL01-PE
724939;14/10/2025;terça-feira;07:30:00;PE;101;67,9;RECIFE;Manobra de mudança de faixa;Tombamento;Com Vítimas Feridas;Pleno dia;Crescente;Céu Claro;Dupla;Reta;Sim;2;0;1;0;0;1;1;1;-8,04951;-34,94565;SPRF-PE;DEL01-PE;UOP01-DEL01-PE
724942;14/10/2025;terça-feira;08:40:00;SC;101;212,2;PALHOCA;Reação tardia ou ineficiente do condutor;Colisão traseira;Com Vítimas Feridas;Pleno dia;Decrescente;Céu Claro;Dupla;Reta;Sim;2;0;1;0;1;0;1;2;-27,62813891;-48,65664331;SPRF-SC;DEL01-SC;UOP02-DEL01-SC
724943;14/10/2025;terça-feira;07:27:00;PR;163;125;REALEZA;Reação tardia ou ineficiente do condutor;Colisão traseira;Com Vítimas Feridas;Pleno dia;Crescente;Céu Claro;Simples;Reta;Não;3;0;2;0;1;0;2;2;-25,585582;-53,560924;SPRF-PR;DEL02-PR;UOP02-DEL02-PR
724944;14/10/2025;terça-feira;07:45:00;PR;376;601;CURITIBA;Trafegar com motocicleta (ou similar) entre as faixas;Colisão traseira;Com Vítimas Feridas;Pleno dia;Decrescente;Céu Claro;Dupla;Reta;Sim;2;0;0;1;1;0;1;2;-25,5128109;-49,33787076;SPRF-PR;DEL01-PR;UOP03-DEL01-PR
724945;14/10/2025;terça-feira;08:20:00;BA;116;11;VITORIA DA CONQUISTA;Acessar a via sem observar a presença dos outros veículos;Colisão transversal;Com Vítimas Feridas;Pleno dia;Crescente;Céu Claro;Simples;"Reta;Rotatória";Sim;4;0;0;1;2;1;1;4;-14,89406062;-40,86436212;SPRF-PE;DEL05-PE;UOP03-DEL05-PE
724946;14/10/2025;terça-feira;08:30:00;MG;381;360;SAO GONCALO DO RIO ABAIXO;Velocidade Incompatível;Colisão frontal;Com Vítimas Feridas;Pleno dia;Crescente;Nublado;Simples;Curva;Não;4;0;3;0;1;0;3;2;-19,85612774;-43,24167073;SPRF-MG;DEL03-MG;UOP01-DEL03-MG
724949;14/10/2025;terça-feira;09:20:00;PR;376;598;CURITIBA;Ausência de reação do condutor;Colisão traseira;Com Vítimas Feridas;Pleno dia;Decrescente;Sol;Dupla;Reta;Sim;2;0;0;1;1;0;1;2;-25,45251603;-49,36203915;SPRF-PR;DEL01-PR;UOP03-DEL01-PR
724950;14/10/2025;terça-feira;08:30:00;RN;226;179,7;CURRAIS NOVOS;Conversão proibida;Colisão traseira;Com Vítimas Feridas;Pleno dia;Crescente;Céu Claro;Simples;Curva;Não;2;0;0;1;1;0;1;2;-6,277985;-36,537413;SPRF-RN;DEL03-RN;UOP02-DEL03-RN
724952;14/10/2025;terça-feira;08:45:00;TO;153;141;ARAGUAINA;Manobra de mudança de faixa;Colisão transversal;Com Vítimas Feridas;Pleno dia;Crescente;Céu Claro;Dupla;Rotatória;Sim;2;0;0;1;1;0;1;2;-7,17820853;-48,22202878;SPRF-TO;DEL02-TO;UOP01-DEL02-TO
724957;14/10/2025;terça-feira;09:30:00;PR;0;0;MARECHAL CANDIDO RONDON;Condutor deixou de manter distância do veículo da frente;Colisão lateral mesmo sentido;Sem Vítimas;Pleno dia;Não Informado;Céu Claro;Dupla;Reta;Sim;3;0;0;0;3;0;0;2;-24,551686;-54,058706;SPRF-PR;DEL06-PR;UOP02-DEL06-PR
724958;14/10/2025;terça-feira;08:45:00;SP;116;223;GUARULHOS;Manobra de mudança de faixa;Colisão lateral mesmo sentido;Com Vítimas Feridas;Pleno dia;Crescente;Nublado;Múltipla;Reta;Não;1;0;1;0;0;0;1;1;-23,48159748;-46,53418827;SPRF-SP;DEL01-SP;UOP01-DEL01-SP
724960;14/10/2025;terça-feira;09:40:00;PA;230;9,8;ALTAMIRA;Conversão proibida;Colisão lateral mesmo sentido;Com Vítimas Feridas;Pleno dia;Crescente;Céu Claro;Simples;"Reta;Aclive";Sim;5;0;2;0;3;0;2;2;-3,19285;-52,22802;SPRF-PA;DEL03-PA;UOP01-DEL03-PA
724961;14/10/2025;terça-feira;07:35:00;GO;153;161,9;CAMPINORTE;Reação tardia ou ineficiente do condutor;Saída de leito carroçável;Com Vítimas Feridas;Pleno dia;Crescente;Céu Claro;Simples;"Reta;Aclive";Não;1;0;0;1;0;0;1;1;-14,195378;-49,128408;SPRF-GO;DEL07-GO;UOP02-DEL07-GO
724962;14/10/2025;terça-feira;10:15:00;PB;230;157;CAMPINA GRANDE;Demais falhas na via;Capotamento;Com Vítimas Feridas;Pleno dia;Decrescente;Céu Claro;Simples;"Em Obras;Reta";Sim;1;0;1;0;0;0;1;1;-7,26133032;-35,92321068;SPRF-PB;DEL02-PB;UOP01-DEL02-PB
724963;14/10/2025;terça-feira;08:40:00;MG;381;646,5;SANTO ANTONIO DO AMPARO;Ausência de reação do condutor;Colisão com objeto;Com Vítimas Feridas;Pleno dia;Crescente;Chuva;Dupla;Curva;Não;4;0;1;0;3;0;1;1;-20,945521;-44,881448;SPRF-MG;DEL04-MG;UOP02-DEL04-MG
724964;14/10/2025;terça-feira;11:00:00;MG;40;748,1;SANTOS DUMONT;Reação tardia ou ineficiente do condutor;Tombamento;Com Vítimas Feridas;Pleno dia;Crescente;Nublado;Simples;Curva;Sim;1;0;1;0;0;0;1;1;-21,48374091;-43,53916168;SPRF-MG;DEL05-MG;UOP01-DEL05-MG
724967;14/10/2025;terça-feira;09:54:00;RO;319;144;PORTO VELHO;Condutor deixou de manter distância do veículo da frente;Colisão lateral mesmo sentido;Sem Vítimas;Pleno dia;Decrescente;Céu Claro;Simples;Curva;Sim;2;0;0;0;2;0;0;2;-8,77014045;-63,88341248;SPRF-RO;DEL01-RO;UOP01-DEL01-RO
724968;14/10/2025;terça-feira;11:20:00;SC;101;240,3;PALHOCA;Reação tardia ou ineficiente do condutor;Saída de leito carroçável;Com Vítimas Feridas;Pleno dia;Crescente;Sol;Dupla;Curva;Não;1;0;0;1;0;0;1;1;-27,85243312;-48,64153862;SPRF-SC;DEL01-SC;UOP02-DEL01-SC
724969;14/10/2025;terça-feira;11:30:00;GO;20;31;FORMOSA;Reação tardia ou ineficiente do condutor;Colisão traseira;Com Vítimas Feridas;Pleno dia;Crescente;Sol;Dupla;Retorno Regulamentado;Sim;2;0;1;0;1;0;1;2;-15,489297;-47,10431;SPRF-DF;DEL02-DF;UOP02-DEL02-DF
724974;14/10/2025;terça-feira;11:50:00;TO;10;415,1;PORTO NACIONAL;Condutor Dormindo;Colisão traseira;Sem Vítimas;Pleno dia;Decrescente;Céu Claro;Simples;Reta;Não;2;0;0;0;2;0;0;2;-10,627478;-48,382768;SPRF-TO;DEL01-TO;UOP03-DEL01-TO
724975;14/10/2025;terça-feira;06:30:00;RS;287;276,8;SAO PEDRO DO SUL;Ausência de reação do condutor;Colisão traseira;Com Vítimas Feridas;Pleno dia;Decrescente;Céu Claro;Simples;"Declive;Reta";Não;3;0;1;0;2;0;1;2;-29,659722;-54,135888;SPRF-RS;DEL09-RS;UOP01-DEL09-RS
724976;14/10/2025;terça-feira;11:50:00;PE;232;140;SAO CAITANO;Condutor deixou de manter distância do veículo da frente;Colisão traseira;Com Vítimas Feridas;Pleno dia;Crescente;Céu Claro;Dupla;Reta;Não;4;0;2;1;1;0;3;4;-8,31631523;-36,1088533;SPRF-PE;DEL03-PE;UOP02-DEL03-PE
724977;14/10/2025;terça-feira;08:15:00;SC;101;420;ARARANGUA;Condutor deixou de manter distância do veículo da frente;Colisão traseira;Com Vítimas Feridas;Pleno dia;Decrescente;Céu Claro;Simples;Reta;Sim;2;0;0;1;1;0;1;2;-28,99811379;-49,55547301;SPRF-SC;DEL02-SC;UOP02-DEL02-SC
724980;14/10/2025;terça-feira;11:00:00;ES;262;77,6;DOMINGOS MARTINS;Ultrapassagem Indevida;Capotamento;Com Vítimas Feridas;Pleno dia;Decrescente;Nublado;Simples;"Declive;Curva";Não;1;0;1;0;0;0;1;1;-20,411044;-40,920481;SPRF-ES;DEL01-ES;UOP02-DEL01-ES
724981;14/10/2025;terça-feira;13:30:00;MG;381;486;BETIM;Avarias e/ou desgaste excessivo no pneu;Tombamento;Com Vítimas Feridas;Pleno dia;Decrescente;Céu Claro;Múltipla;Reta;Sim;2;0;2;0;0;0;2;1;-19,955893;-44,109413;SPRF-MG;DEL01-MG;UOP03-DEL01-MG
724983;14/10/2025;terça-feira;12:35:00;PR;277;497,5;NOVA LARANJEIRAS;Ausência de reação do condutor;Saída de leito carroçável;Com Vítimas Feridas;Pleno dia;Decrescente;Céu Claro;Simples;"Declive;Reta";Não;1;0;1;0;0;0;1;1;-25,16559257;-52,68775404;SPRF-PR;DEL04-PR;UOP04-DEL04-PR
724984;14/10/2025;terça-feira;13:20:00;GO;153;438;ANAPOLIS;Avarias e/ou desgaste excessivo no pneu;Queda de ocupante de veículo;Com Vítimas Feridas;Pleno dia;Crescente;Céu Claro;Dupla;"Aclive;Reta";Sim;2;0;0;2;0;0;2;1;-16,31576241;-48,92193742;SPRF-GO;DEL02-GO;UOP01-DEL02-GO