id;data_inversa;dia_semana;horario;uf;br;km;municipio;causa_acidente;tipo_acidente;classificacao_acidente;fase_dia;sentido_via;condicao_metereologica;tipo_pista;tracado_via;uso_solo;pessoas;mortos;feridos_leves;feridos_graves;ilesos;ignorados;feridos;veiculos;latitude;longitude;regional;delegacia;uop
724985;13/09/2025;sábado;05:00:00;MG;267;51;MARIPA DE MINAS;Velocidade Incompatível;Capotamento;Com Vítimas Feridas;Amanhecer;Crescente;Chuva;Simples;Curva;Não;1;0;1;0;0;0;1;1;-21,7177514;-42,9968282;SPRF-MG;DEL07-MG;UOP01-DEL07-MG
724987;14/10/2025;terça-feira;13:30:00;MG;40;549,5;NOVA LIMA;Mal súbito do condutor;Saída de leito carroçável;Com Vítimas Feridas;Pleno dia;Decrescente;Céu Claro;Dupla;Curva;Não;3;0;0;1;2;0;1;3;-20,0819219;-43,9793633;SPRF-MG;DEL01-MG;UOP02-DEL01-MG
724988;14/10/2025;terça-feira;11:45:00;MG;50;125,8;UBERABA;Demais falhas mecânicas ou elétricas;Tombamento;Com Vítimas Feridas;Pleno dia;Decrescente;Céu Claro;Dupla;Reta;Não;1;0;1;0;0;0;1;1;-19,355459;-48,087727;SPRF-MG;DEL13-MG;UOP01-DEL13-MG
724989;14/10/2025;terça-feira;13:30:00;SC;101;220;PALHOCA;Acessar a via sem observar a presença dos outros veículos;Colisão transversal;Sem Vítimas;Pleno dia;Decrescente;Céu Claro;Múltipla;Reta;Sim;3;0;0;0;2;1;0;3;-27,6951796;-48,66227595;SPRF-SC;DEL01-SC;UOP02-DEL01-SC
724990;14/10/2025;terça-feira;14:10:00;PR;277;610,9;SANTA TEREZA DO OESTE;Desrespeitar a preferência no cruzamento;Colisão transversal;Com Vítimas Feridas;Pleno dia;Decrescente;Céu Claro;Simples;"Interseção de Vias;Reta";Sim;2;0;0;1;1;0;1;2;-25,051814;-53,630948;SPRF-PR;DEL05-PR;UOP02-DEL05-PR
724991;14/10/2025;terça-feira;13:30:00;RJ;101;549;PARATY;Reação tardia ou ineficiente do condutor;Tombamento;Com Vítimas Feridas;Pleno dia;Decrescente;Nublado;Simples;Curva;Não;2;0;2;0;0;0;2;1;-23,04713488;-44,65568416;SPRF-RJ;DEL03-RJ;UOP04-DEL03-RJ
724992;14/10/2025;terça-feira;13:50:00;SC;101;202,7;SAO JOSE;Reação tardia ou ineficiente do condutor;Colisão traseira;Com Vítimas Feridas;Pleno dia;Crescente;Sol;Múltipla;Reta;Sim;4;0;1;0;3;0;1;3;-27,56263;-48,615787;SPRF-SC;DEL01-SC;UOP01-DEL01-SC
724993;14/10/2025;terça-feira;12:50:00;SC;101;131;CAMBORIU;Condutor deixou de manter distância do veículo da frente;Colisão lateral mesmo sentido;Com Vítimas Feridas;Pleno dia;Crescente;Céu Claro;Simples;Reta;Sim;2;0;0;2;0;0;2;2;-26,99529792;-48,65845649;SPRF-SC;DEL04-SC;UOP03-DEL04-SC
724994;14/10/2025;terça-feira;13:53:00;RS;285;120,6;VACARIA;Acessar a via sem observar a presença dos outros veículos;Colisão transversal;Com Vítimas Feridas;Pleno dia;Decrescente;Céu Claro;Simples;Interseção de Vias;Sim;2;0;0;1;1;0;1;2;-28,509575;-50,9314873;SPRF-RS;DEL05-RS;UOP03-DEL05-RS
724997;14/10/2025;terça-feira;13:40:00;MS;60;425,1;SIDROLANDIA;Transitar na contramão;Colisão transversal;Com Vítimas Feridas;Pleno dia;Decrescente;Sol;Dupla;Reta;Sim;3;0;0;1;1;1;1;3;-20,931009;-54,958218;SPRF-MS;DEL01-MS;UOP04-DEL01-MS
725001;13/10/2025;segunda-feira;23:16:00;PE;232;411;SERRA TALHADA;Animais na Pista;Eventos atípicos;Sem Vítimas;Plena Noite;Crescente;Céu Claro;Simples;Aclive;Sim;1;0;0;0;1;0;0;1;-7,9797;-38,311119;SPRF-PE;DEL04-PE;UOP01-DEL04-PE
725006;14/10/2025;terça-feira;12:25:00;RJ;116;146;DUQUE DE CAXIAS;Avarias e/ou desgaste excessivo no pneu;Queda de ocupante de veículo;Com Vítimas Feridas;Pleno dia;Crescente;Céu Claro;Dupla;Reta;Sim;2;0;1;1;0;0;2;1;-22,6685145;-43,2716313;SPRF-RJ;DEL01-RJ;UOP02-DEL01-RJ
725008;14/10/2025;terça-feira;15:40:00;SC;101;208,3;SAO JOSE;Acessar a via sem observar a presença dos outros veículos;Colisão transversal;Com Vítimas Feridas;Pleno dia;Crescente;Céu Claro;Dupla;Interseção de Vias;Sim;2;0;1;0;1;0;1;2;-27,60528533;-48,63491742;SPRF-SC;DEL01-SC;UOP01-DEL01-SC
725009;14/10/2025;terça-feira;12:30:00;SP;116;39,4;CACHOEIRA PAULISTA;Acessar a via sem observar a presença dos outros veículos;Colisão traseira;Com Vítimas Feridas;Pleno dia;Crescente;Sol;Dupla;Reta;Sim;3;0;1;1;1;0;2;3;-22,6771743;-45,00201702;SPRF-SP;DEL08-SP;UOP02-DEL08-SP
725011;14/10/2025;terça-feira;15:50:00;PB;230;57,8;CRUZ DO ESPIRITO SANTO;Pedestre cruzava a pista fora da faixa;Atropelamento de Pedestre;Com Vítimas Fatais;Pleno dia;Crescente;Céu Claro;Dupla;"Declive;Reta";Não;3;1;0;0;1;1;0;2;-7,20339678;-35,12048006;SPRF-PB;DEL01-PB;UOP02-DEL01-PB
725012;27/09/2025;sábado;15:30:00;RS;470;240;BARAO;Ausência de reação do condutor;Saída de leito carroçável;Com Vítimas Feridas;Pleno dia;Crescente;Céu Claro;Simples;Curva;Não;1;0;1;0;0;0;1;1;-29,3540062;-51,51738918;SPRF-RS;DEL06-RS;UOP01-DEL06-RS
725014;14/10/2025;terça-feira;16:00:00;SC;101;147;ITAPEMA;Manobra de mudança de faixa;Colisão lateral mesmo sentido;Com Vítimas Feridas;Pleno dia;Decrescente;Céu Claro;Múltipla;Reta;Não;2;0;1;0;1;0;1;2;-27,0882826;-48,61187594;SPRF-SC;DEL04-SC;UOP03-DEL04-SC
725015;14/10/2025;terça-feira;16:00:00;RJ;101;282;TANGUA;Condutor deixou de manter distância do veículo da frente;Colisão traseira;Com Vítimas Feridas;Pleno dia;Decrescente;Nublado;Dupla;Reta;Sim;2;0;1;0;1;0;1;2;-22,737444;-42,793509;SPRF-RJ;DEL02-RJ;UOP02-DEL02-RJ
725016;09/07/2025;quarta-feira;16:30:00;BA;324;570;SAO SEBASTIAO DO PASSE;Ausência de reação do condutor;Saída de leito carroçável;Com Vítimas Feridas;Pleno dia;Decrescente;Céu Claro;Simples;"Declive;Reta";Não;3;0;1;0;2;0;1;1;-12,55732035;-38,56656611;SPRF-BA;DEL01-BA;UOP01-DEL01-BA
725019;03/10/2025;sexta-feira;13:30:00;PB;412;24;BOA VISTA;Condutor Dormindo;Saída de leito carroçável;Com Vítimas Fatais;Pleno dia;Crescente;Céu Claro;Simples;Reta;Não;3;1;2;0;0;0;2;1;-7,282452;-36,27003;SPRF-PB;DEL02-PB;UOP02-DEL02-PB
725020;14/10/2025;terça-feira;16:40:00;MG;262;364;BETIM;Ausência de reação do condutor;Saída de leito carroçável;Com Vítimas Feridas;Pleno dia;Decrescente;Nublado;Dupla;"Aclive;Reta";Não;1;0;1;0;0;0;1;1;-19,97907612;-44,21791077;SPRF-MG;DEL01-MG;UOP03-DEL01-MG
725022;11/10/2025;sábado;17:15:00;BA;116;822;VITORIA DA CONQUISTA;Velocidade Incompatível;Atropelamento de Pedestre;Com Vítimas Feridas;Pleno dia;Crescente;Céu Claro;Simples;"Reta;Declive";Sim;2;0;0;2;0;0;2;2;-14,844542;-40,847432;SPRF-BA;DEL08-BA;UOP01-DEL08-BA
725023;14/10/2025;terça-feira;16:00:00;SP;116;227;GUARULHOS;Avarias e/ou desgaste excessivo no pneu;Queda de ocupante de veículo;Com Vítimas Feridas;Pleno dia;Crescente;Céu Claro;Múltipla;Reta;Não;1;0;1;0;0;0;1;1;-23,47833436;-46,52552796;SPRF-SP;DEL01-SP;UOP01-DEL01-SP
725024;14/10/2025;terça-feira;16:02:00;AP;156;406;FERREIRA GOMES;Demais falhas mecânicas ou elétricas;Tombamento;Com Vítimas Feridas;Pleno dia;Decrescente;Céu Claro;Simples;"Aclive;Reta";Não;3;0;3;0;0;0;3;1;1,02050666;-51,08982666;SPRF-AP;DEL01-AP;UOP02-DEL01-AP
725027;14/10/2025;terça-feira;16:40:00;RJ;116;145;DUQUE DE CAXIAS;Reação tardia ou ineficiente do condutor;Queda de ocupante de veículo;Com Vítimas Feridas;Pleno dia;Crescente;Nublado;Dupla;Reta;Sim;1;0;1;0;0;0;1;1;-22,64966756;-43,23235321;SPRF-RJ;DEL01-RJ;UOP02-DEL01-RJ
725028;14/10/2025;terça-feira;11:09:00;RO;364;425,8;JARU;Condutor usando celular;Colisão transversal;Com Vítimas Feridas;Pleno dia;Decrescente;Céu Claro;Simples;Reta;Não;2;0;0;1;1;0;1;2;-10,43397;-62,47736;SPRF-RO;DEL03-RO;UOP02-DEL03-RO
725029;14/10/2025;terça-feira;16:45:00;RS;290;75;GRAVATAI;Acessar a via sem observar a presença dos outros veículos;Queda de ocupante de veículo;Com Vítimas Feridas;Pleno dia;Decrescente;Céu Claro;Múltipla;Reta;Sim;1;0;1;0;0;0;1;1;-29,95508328;-51,00419998;SPRF-RS;DEL01-RS;UOP01-DEL01-RS
725031;14/10/2025;terça-feira;17:28:00;SC;101;136;BALNEARIO CAMBORIU;Manobra de mudança de faixa;Colisão traseira;Com Vítimas Feridas;Anoitecer;Decrescente;Céu Claro;Dupla;Reta;Sim;3;0;1;1;1;0;2;2;-27,02165302;-48,60870838;SPRF-SC;DEL04-SC;UOP03-DEL04-SC
725032;14/10/2025;terça-feira;15:05:00;SC;101;41,3;JOINVILLE;Trafegar com motocicleta (ou similar) entre as faixas;Colisão lateral mesmo sentido;Com Vítimas Feridas;Pleno dia;Crescente;Sol;Dupla;"Aclive;Curva";Sim;2;0;1;0;1;0;1;2;-26,31489961;-48,87361877;SPRF-SC;DEL03-SC;UOP01-DEL03-SC
725033;14/10/2025;terça-feira;16:40:00;DF;60;4,5;BRASILIA;Entrada inopinada do pedestre;Atropelamento de Pedestre;Com Vítimas Fatais;Pleno dia;Crescente;Céu Claro;Dupla;Reta;Sim;2;1;0;0;1;0;0;2;-15,8941;-48,100291;SPRF-DF;DEL03-DF;UOP01-DEL03-DF
725034;14/10/2025;terça-feira;17:30:00;SC;101;136,4;BALNEARIO CAMBORIU;Condutor deixou de manter distância do veículo da frente;Tombamento;Com Vítimas Feridas;Pleno dia;Decrescente;Céu Claro;Dupla;Reta;Sim;1;0;0;1;0;0;1;1;-27,02173545;-48,60898465;SPRF-SC;DEL04-SC;UOP03-DEL04-SC
725035;14/10/2025;terça-feira;17:50:00;GO;153;499,9;GOIANIA;Manobra de mudança de faixa;Colisão lateral mesmo sentido;Com Vítimas Feridas;Pleno dia;Crescente;Nublado;Dupla;Reta;Sim;3;0;3;0;0;0;3;2;-16,70199874;-49,23123334;SPRF-GO;DEL01-GO;UOP01-DEL01-GO
725037;14/10/2025;terça-feira;17:30:00;SC;101;321,9;PESCARIA BRAVA;Acumulo de areia ou detritos sobre o pavimento;Tombamento;Com Vítimas Feridas;Pleno dia;Crescente;Céu Claro;Múltipla;"Declive;Reta";Não;1;0;0;1;0;0;1;1;-28,4285223;-48,9154997;SPRF-SC;DEL02-SC;UOP01-DEL02-SC
725038;14/10/2025;terça-feira;16:45:00;MG;116;413;GOVERNADOR VALADARES;Acessar a via sem observar a presença dos outros veículos;Colisão transversal;Com Vítimas Feridas;Pleno dia;Crescente;Céu Claro;Simples;Interseção de Vias;Não;2;0;2;0;0;0;2;2;-18,88184808;-41,95793007;SPRF-MG;DEL06-MG;UOP01-DEL06-MG
725041;14/10/2025;terça-feira;17:35:00;RS;471;174;RIO PARDO;Desrespeitar a preferência no cruzamento;Colisão transversal;Com Vítimas Feridas;Pleno dia;Decrescente;Sol;Dupla;Reta;Sim;2;0;1;0;1;0;1;2;-29,98513577;-52,36845229;SPRF-RS;DEL02-RS;UOP03-DEL02-RS
725042;14/10/2025;terça-feira;18:00:00;PR;277;723;FOZ DO IGUACU;Pedestre cruzava a pista fora da faixa;Atropelamento de Pedestre;Com Vítimas Feridas;Pleno dia;Decrescente;Céu Claro;Dupla;Reta;Sim;2;0;1;0;1;0;1;2;-25,49069898;-54,51141357;SPRF-PR;DEL05-PR;UOP03-DEL05-PR
725043;14/10/2025;terça-feira;17:50:00;RS;285;296;PASSO FUNDO;Reação tardia ou ineficiente do condutor;Colisão traseira;Com Vítimas Feridas;Pleno dia;Decrescente;Sol;Simples;Reta;Sim;3;0;2;0;1;0;2;2;-28,2327;-52,40428;SPRF-RS;DEL08-RS;UOP03-DEL08-RS
725044;14/10/2025;terça-feira;17:45:00;SP;116;221;GUARULHOS;Acessar a via sem observar a presença dos outros veículos;Colisão transversal;Com Vítimas Feridas;Plena Noite;Decrescente;Nublado;Múltipla;Reta;Sim;3;0;1;0;2;0;1;3;-23,47275018;-46,51984541;SPRF-SP;DEL01-SP;UOP01-DEL01-SP
725045;14/10/2025;terça-feira;18:00:00;RJ;393;285,5;VOLTA REDONDA;Acessar a via sem observar a presença dos outros veículos;Colisão transversal;Com Vítimas Feridas;Plena Noite;Decrescente;Céu Claro;Dupla;"Interseção de Vias;Curva";Sim;2;0;2;0;0;0;2;2;-22,505245;-44,072809;SPRF-RJ;DEL05-RJ;UOP04-DEL05-RJ
725047;14/10/2025;terça-feira;17:00:00;MT;70;402;CAMPO VERDE;Condutor deixou de manter distância do veículo da frente;Colisão traseira;Sem Vítimas;Anoitecer;Crescente;Céu Claro;Simples;Reta;Não;9;0;0;0;9;0;0;2;-15,65903624;-55,23543477;SPRF-MT;DEL05-MT;UOP02-DEL05-MT
725048;14/10/2025;terça-feira;17:20:00;SC;101;415,6;ARARANGUA;Condutor deixou de manter distância do veículo da frente;Colisão traseira;Sem Vítimas;Pleno dia;Decrescente;Céu Claro;Simples;Reta;Sim;3;0;0;0;3;0;0;3;-28,96948753;-49,52547596;SPRF-SC;DEL02-SC;UOP02-DEL02-SC
725050;14/10/2025;terça-feira;18:10:00;PB;230;11,9;CABEDELO;Entrada inopinada do pedestre;Atropelamento de Pedestre;Com Vítimas Feridas;Plena Noite;Decrescente;Céu Claro;Dupla;Reta;Sim;2;0;0;1;0;1;1;2;-7,0722448;-34,8493489;SPRF-PB;DEL01-PB;UOP01-DEL01-PB
725053;14/10/2025;terça-feira;16:40:00;PR;163;87,1;CAPANEMA;Acessar a via sem observar a presença dos outros veículos;Colisão transversal;Com Vítimas Feridas;Pleno dia;Decrescente;Céu Claro;Simples;Reta;Não;2;0;1;0;1;0;1;2;-25,68433346;-53,79614207;SPRF-PR;DEL02-PR;UOP02-DEL02-PR
725054;14/10/2025;terça-feira;18:30:00;RS;116;40;VACARIA;Ausência de reação do condutor;Colisão traseira;Com Vítimas Feridas;Anoitecer;Decrescente;Céu Claro;Simples;Reta;Sim;2;0;1;0;0;1;1;2;-28,5210711;-50,9422653;SPRF-RS;DEL05-RS;UOP03-DEL05-RS
725055;14/10/2025;terça-feira;16:10:00;RJ;101;253;RIO BONITO;Condutor deixou de manter distância do veículo da frente;Colisão traseira;Sem Vítimas;Pleno dia;Decrescente;Céu Claro;Dupla;Reta;Não;2;0;0;0;2;0;0;2;-22,69246164;-42,54673659;SPRF-RJ;DEL02-RJ;UOP03-DEL02-RJ
725056;14/10/2025;terça-feira;19:15:00;SC;282;0,5;FLORIANOPOLIS;Reação tardia ou ineficiente do condutor;Colisão traseira;Com Vítimas Feridas;Plena Noite;Crescente;Céu Claro;Múltipla;Reta;Sim;5;0;3;1;1;0;4;4;-27,59929546;-48,57520072;SPRF-SC;DEL01-SC;UOP01-DEL01-SC
725057;14/10/2025;terça-feira;19:00:00;SC;101;107,1;PENHA;Ausência de reação do condutor;Queda de ocupante de veículo;Sem Vítimas;Plena Noite;Crescente;Nublado;Dupla;Reta;Não;1;0;0;0;1;0;0;1;-26,82061693;-48,68486953;SPRF-SC;DEL03-SC;UOP02-DEL03-SC
725058;14/10/2025;terça-feira;19:20:00;RS;101;67;MAQUINE;Animais na Pista;Atropelamento de Animal;Com Vítimas Feridas;Plena Noite;Decrescente;Céu Claro;Dupla;Reta;Sim;1;0;1;0;0;0;1;1;-29,7237193;-50,1949947;SPRF-RS;DEL03-RS;UOP02-DEL03-RS
725059;14/10/2025;terça-feira;19:15:00;SP;116;148;SAO JOSE DOS CAMPOS;Demais falhas mecânicas ou elétricas;Incêndio;Sem Vítimas;Plena Noite;Decrescente;Céu Claro;Dupla;Reta;Sim;1;0;0;0;1;0;0;1;-23,19802928;-45,87644219;SPRF-SP;DEL02-SP;UOP01-DEL02-SP
725060;14/10/2025;terça-feira;17:25:00;BA;418;91;NOVA VICOSA;Acessar a via sem observar a presença dos outros veículos;Colisão transversal;Com Vítimas Feridas;Anoitecer;Crescente;Céu Claro;Simples;"Interseção de Vias;Reta";Sim;2;0;0;1;1;0;1;2;-17,891059;-39,819357;SPRF-BA;DEL09-BA;UOP02-DEL09-BA
725061;14/10/2025;terça-feira;19:30:00;PR;277;84;CURITIBA;Trafegar com motocicleta (ou similar) entre as faixas;Colisão lateral mesmo sentido;Com Vítimas Feridas;Plena Noite;Crescente;Céu Claro;Dupla;"Aclive;Reta;Viaduto";Sim;3;0;1;0;2;0;1;2;-25,44540601;-49,23239708;SPRF-PR;DEL01-PR;UOP03-DEL01-PR
725062;14/10/2025;terça-feira;19:00:00;MG;116;766,1;LEOPOLDINA;Acessar a via sem observar a presença dos outros veículos;Queda de ocupante de veículo;Com Vítimas Feridas;Plena Noite;Decrescente;Chuva;Simples;Reta;Sim;2;0;1;0;1;0;1;2;-21,54267309;-42,65589126;SPRF-MG;DEL07-MG;UOP01-DEL07-MG
725064;14/10/2025;terça-feira;19:20:00;PR;376;174,4;MARINGA;Manobra de mudança de faixa;Colisão lateral mesmo sentido;Com Vítimas Feridas;Plena Noite;Crescente;Céu Claro;Dupla;Interseção de Vias;Sim;3;0;2;0;1;0;2;2;-23,41605127;-51,95465533;SPRF-PR;DEL09-PR;UOP01-DEL09-PR
725065;14/10/2025;terça-feira;18:30:00;GO;153;490;GOIANIA;Manobra de mudança de faixa;Colisão lateral mesmo sentido;Com Vítimas Feridas;Anoitecer;Decrescente;Céu Claro;Múltipla;Reta;Sim;2;0;0;1;1;0;1;2;-16,622958;-49,205999;SPRF-GO;DEL01-GO;UOP01-DEL01-GO
725067;14/10/2025;terça-feira;19:00:00;RO;364;245,8;CACOAL;Falta de elemento de contenção que evite a saída do leito carroçável;Saída de leito carroçável;Sem Vítimas;Plena Noite;Crescente;Céu Claro;Simples;Reta;Não;3;0;0;0;3;0;0;1;-11,439363;-61,522727;SPRF-RO;DEL02-RO;UOP02-DEL02-RO
725068;14/10/2025;terça-feira;20:00:00;RN;406;162,8;SAO GONCALO DO AMARANTE;Ausência de reação do condutor;Colisão lateral mesmo sentido;Com Vítimas Feridas;Plena Noite;Decrescente;Céu Claro;Simples;"Aclive;Reta";Não;2;0;0;1;1;0;1;2;-5,733088;-35,357313;SPRF-RN;DEL02-RN;UOP01-DEL02-RN
725069;14/10/2025;terça-feira;18:00:00;PE;428;44;OROCO;Ultrapassagem Indevida;Colisão lateral sentido oposto;Com Vítimas Feridas;Anoitecer;Crescente;Céu Claro;Simples;Reta;Não;4;0;1;0;3;0;1;3;-8,5888;-39,5888;SPRF-PE;DEL05-PE;UOP03-DEL05-PE
725070;14/10/2025;terça-feira;18:30:00;RJ;101;490;ANGRA DOS REIS;Acessar a via sem observar a presença dos outros veículos;Colisão transversal;Com Vítimas Feridas;Plena Noite;Decrescente;Chuva;Simples;"Interseção de Vias;Declive;Curva";Sim;2;0;1;0;1;0;1;2;-22,95649654;-44,31438446;SPRF-RJ;DEL03-RJ;UOP03-DEL03-RJ
725071;14/10/2025;terça-feira;19:30:00;SC;470;90,4;ASCURRA;Conversão proibida;Colisão lateral mesmo sentido;Com Vítimas Feridas;Plena Noite;Crescente;Nublado;Simples;Curva;Sim;3;0;2;0;1;0;2;2;-26,97296;-49,36687;SPRF-SC;DEL04-SC;UOP01-DEL04-SC
725072;14/10/2025;terça-feira;19:46:00;TO;153;744;ALVORADA;Reação tardia ou ineficiente do condutor;Queda de ocupante de veículo;Com Vítimas Feridas;Plena Noite;Decrescente;Céu Claro;Simples;Reta;Não;1;0;1;0;0;0;1;1;-12,3418383;-49,1512233;SPRF-TO;DEL01-TO;UOP02-DEL01-TO
725074;14/10/2025;terça-feira;19:15:00;RS;468;121;TIRADENTES DO SUL;Acessar a via sem observar a presença dos outros veículos;Colisão lateral mesmo sentido;Com Vítimas Feridas;Anoitecer;Crescente;Céu Claro;Simples;"Interseção de Vias;Curva";Não;2;0;0;1;1;0;1;2;-27,4043607;-54,0726474;SPRF-RS;DEL08-RS;UOP02-DEL08-RS
725075;14/10/2025;terça-feira;20:15:00;ES;262;26,8;VIANA;Acumulo de água sobre o pavimento;Saída de leito carroçável;Com Vítimas Feridas;Plena Noite;Crescente;Chuva;Simples;Curva;Não;1;0;1;0;0;0;1;1;-20,3823001;-40,5471223;SPRF-ES;DEL01-ES;UOP01-DEL01-ES
725076;14/10/2025;terça-feira;20:45:00;SC;101;362;SANGAO;Demais falhas mecânicas ou elétricas;Tombamento;Com Vítimas Feridas;Plena Noite;Crescente;Nublado;Dupla;Reta;Não;1;0;1;0;0;0;1;1;-28,64904894;-49,10433609;SPRF-SC;DEL02-SC;UOP01-DEL02-SC
725077;14/10/2025;terça-feira;20:20:00;GO;40;68;CRISTALINA;Ultrapassagem Indevida;Colisão frontal;Com Vítimas Feridas;Plena Noite;Crescente;Céu Claro;Simples;"Reta;Aclive";Não;2;0;2;0;0;0;2;2;-16,5867701;-47,7805589;SPRF-DF;DEL01-DF;UOP02-DEL01-DF
725078;14/10/2025;terça-feira;21:40:00;SC;101;146,6;ITAPEMA;Desrespeitar a preferência no cruzamento;Colisão transversal;Com Vítimas Feridas;Plena Noite;Decrescente;Nublado;Múltipla;Interseção de Vias;Sim;2;0;1;0;1;0;1;2;-27,090372;-48,614983;SPRF-SC;DEL04-SC;UOP03-DEL04-SC
725079;14/10/2025;terça-feira;21:20:00;MG;116;410;GOVERNADOR VALADARES;Pedestre andava na pista;Atropelamento de Pedestre;Com Vítimas Feridas;Plena Noite;Crescente;Céu Claro;Simples;Reta;Sim;2;0;1;0;1;0;1;2;-18,85571609;-41,97577212;SPRF-MG;DEL06-MG;UOP01-DEL06-MG
725080;14/10/2025;terça-feira;18:50:00;PI;316;311;PICOS;Ausência de reação do condutor;Queda de ocupante de veículo;Com Vítimas Feridas;Plena Noite;Crescente;Céu Claro;Múltipla;Reta;Sim;3;0;2;0;1;0;2;2;-7,0800659;-41,4632761;SPRF-PI;DEL04-PI;UOP01-DEL04-PI
725082;14/10/2025;terça-feira;21:10:00;BA;116;17;VITORIA DA CONQUISTA;Conversão proibida;Colisão transversal;Com Vítimas Feridas;Plena Noite;Decrescente;Céu Claro;Simples;Reta;Sim;2;0;1;0;1;0;1;2;-14,90239492;-40,84117806;SPRF-BA;DEL08-BA;UOP01-DEL08-BA
725085;14/10/2025;terça-feira;18:52:00;MT;364;255;JUSCIMEIRA;Acesso irregular;Queda de ocupante de veículo;Com Vítimas Feridas;Plena Noite;Crescente;Céu Claro;Dupla;Reta;Não;1;0;1;0;0;0;1;1;-16,05322166;-54,87620473;SPRF-MT;DEL02-MT;UOP01-DEL02-MT
725086;14/10/2025;terça-feira;22:00:00;MG;40;513;CONTAGEM;Ausência de reação do condutor;Saída de leito carroçável;Com Vítimas Feridas;Plena Noite;Decrescente;Céu Claro;Dupla;"Reta;Aclive";Não;3;0;3;0;0;0;3;1;-19,85585586;-44,060855;SPRF-MG;DEL01-MG;UOP02-DEL01-MG
725088;14/10/2025;terça-feira;21:45:00;RS;290;3,6;OSORIO;Ingestão de álcool pelo condutor;Saída de leito carroçável;Com Vítimas Feridas;Plena Noite;Decrescente;Céu Claro;Dupla;Reta;Não;2;0;1;0;1;0;1;1;-29,898375;-50,306502;SPRF-RS;DEL03-RS;UOP01-DEL03-RS
725089;14/10/2025;terça-feira;20:00:00;AL;424;102;MARECHAL DEODORO;Deficiência do Sistema de Iluminação/Sinalização;Saída de leito carroçável;Com Vítimas Feridas;Plena Noite;Crescente;Céu Claro;Simples;Rotatória;Não;3;0;1;0;2;0;1;1;-9,675285;-35,836213;SPRF-AL;DEL02-AL;UOP01-DEL02-AL
725091;14/10/2025;terça-feira;21:00:00;SC;101;52,5;JOINVILLE;Ausência de reação do condutor;Tombamento;Com Vítimas Feridas;Plena Noite;Crescente;Céu Claro;Múltipla;Reta;Não;1;0;1;0;0;0;1;1;-26,40196909;-48,83974012;SPRF-SC;DEL03-SC;UOP01-DEL03-SC
725092;14/10/2025;terça-feira;18:30:00;MT;174;3;VALE DE SAO DOMINGOS;Acessar a via sem observar a presença dos outros veículos;Colisão transversal;Com Vítimas Feridas;Plena Noite;Decrescente;Céu Claro;Simples;Reta;Sim;2;0;1;0;1;0;1;2;-15,239972;-59;SPRF-MT;DEL04-MT;UOP01-DEL04-MT
725099;14/10/2025;terça-feira;23:30:00;SC;101;146;ITAPEMA;Acessar a via sem observar a presença dos outros veículos;Colisão transversal;Com Vítimas Feridas;Plena Noite;Crescente;Céu Claro;Dupla;"Interseção de Vias;Retorno Regulamentado;Reta";Sim;2;0;1;0;1;0;1;2;-27,08990594;-48,61524342;SPRF-SC;DEL04-SC;UOP03-DEL04-SC
725100;14/10/2025;terça-feira;22:30:00;MA;135;22;SAO LUIS;Reação tardia ou ineficiente do condutor;Colisão traseira;Sem Vítimas;Plena Noite;Crescente;Céu Claro;Múltipla;Reta;Sim;4;0;0;0;4;0;0;4;-2,5636;-44,31741;SPRF-MA;DEL01-MA;UOP01-DEL01-MA
725107;15/10/2025;quarta-feira;00:20:00;MG;381;892;CAMBUI;Ingestão de substâncias psicoativas pelo condutor;Tombamento;Com Vítimas Feridas;Plena Noite;Decrescente;Nublado;Dupla;Reta;Não;1;0;1;0;0;0;1;1;-22,54932;-46,03955;SPRF-MG;DEL16-MG;UOP01-DEL16-MG
725111;14/10/2025;terça-feira;22:50:00;RJ;493;6;ITABORAI;Condutor deixou de manter distância do veículo da frente;Colisão lateral mesmo sentido;Com Vítimas Feridas;Plena Noite;Crescente;Céu Claro;Simples;"Reta;Em Obras";Sim;3;0;1;0;2;0;1;2;-22,76613961;-42,92596383;SPRF-RJ;DEL02-RJ;UOP02-DEL02-RJ
725112;15/10/2025;quarta-feira;04:32:00;PE;428;184;PETROLINA;Acessar a via sem observar a presença dos outros veículos;Colisão transversal;Com Vítimas Feridas;Amanhecer;Decrescente;Sol;Dupla;Reta;Sim;2;0;1;0;1;0;1;2;-9,345267;-40,472762;SPRF-PE;DEL06-PE;UOP01-DEL06-PE
725113;15/10/2025;quarta-feira;05:00:00;MS;163;778,4;COXIM;Ingestão de álcool pelo condutor;Saída de leito carroçável;Sem Vítimas;Amanhecer;Decrescente;Céu Claro;Dupla;"Reta;Aclive";Não;2;0;0;0;2;0;0;1;-18,10508698;-54,69721911;SPRF-MS;DEL06-MS;UOP01-DEL06-MS