id;data_inversa;dia_semana;horario;uf;br;km;municipio;causa_acidente;tipo_acidente;classificacao_acidente;fase_dia;sentido_via;condicao_metereologica;tipo_pista;tracado_via;uso_solo;pessoas;mortos;feridos_leves;feridos_graves;ilesos;ignorados;feridos;veiculos;latitude;longitude;regional;delegacia;uop
725377;16/10/2025;quinta-feira;12:00:00;SP;101;50;UBATUBA;Entrada inopinada do pedestre;Atropelamento de Pedestre;Com Vítimas Feridas;Pleno dia;Crescente;Nublado;Simples;Reta;Sim;2;0;0;1;1;0;1;2;-23,44942788;-45,07828758;SPRF-SP;DEL06-SP;UOP01-DEL06-SP
725378;16/10/2025;quinta-feira;10:56:00;ES;259;105;BAIXO GUANDU;Ausência de reação do condutor;Tombamento;Com Vítimas Feridas;Pleno dia;Crescente;Sol;Simples;Reta;Não;1;0;1;0;0;0;1;1;-19,52241495;-41,01220513;SPRF-ES;DEL02-ES;UOP01-DEL02-ES
725379;16/10/2025;quinta-feira;11:20:00;SE;101;51;JAPARATUBA;Sinalização mal posicionada;Saída de leito carroçável;Com Vítimas Fatais;Pleno dia;Crescente;Sol;Simples;"Reta;Desvio Temporário";Não;3;2;1;0;0;0;1;1;-10,6161276;-36,98023503;SPRF-SE;DEL02-SE;UOP02-DEL02-SE
725380;16/10/2025;quinta-feira;12:30:00;AL;101;200;SAO SEBASTIAO;Transitar na contramão;Colisão frontal;Com Vítimas Feridas;Pleno dia;Decrescente;Céu Claro;Dupla;Reta;Não;3;0;2;0;1;0;2;2;-9,948267;-36,539418;SPRF-AL;DEL02-AL;UOP02-DEL02-AL
725381;16/10/2025;quinta-feira;11:20:00;SP;116;165,5;JACAREI;Manobra de mudança de faixa;Colisão lateral mesmo sentido;Com Vítimas Feridas;Pleno dia;Crescente;Céu Claro;Dupla;Reta;Sim;2;0;1;0;1;0;1;2;-23,29830177;-46,01060732;SPRF-SP;DEL02-SP;UOP01-DEL02-SP
725384;16/10/2025;quinta-feira;08:10:00;MT;163;1031;GUARANTA DO NORTE;Acessar a via sem observar a presença dos outros veículos;Colisão transversal;Com Vítimas Feridas;Pleno dia;Decrescente;Céu Claro;Simples;Reta;Sim;3;0;2;0;1;0;2;3;-9,7592965;-54,8958046;SPRF-MT;DEL06-MT;UOP03-DEL06-MT
725385;16/10/2025;quinta-feira;13:00:00;MG;116;702,2;MURIAE;Desrespeitar a preferência no cruzamento;Colisão transversal;Com Vítimas Feridas;Pleno dia;Decrescente;Sol;Simples;Interseção de Vias;Sim;3;0;1;1;1;0;2;2;-21,12495534;-42,38141432;SPRF-MG;DEL07-MG;UOP02-DEL07-MG
725387;17/08/2025;domingo;12:00:00;PE;101;90,6;JABOATAO DOS GUARARAPES;Transitar na contramão;Colisão frontal;Com Vítimas Feridas;Pleno dia;Decrescente;Céu Claro;Dupla;Reta;Não;5;0;2;3;0;0;5;2;-8,21844;-34,98917;SPRF-PE;DEL01-PE;UOP01-DEL01-PE
725388;16/10/2025;quinta-feira;12:30:00;MG;262;40;MANHUACU;Acessar a via sem observar a presença dos outros veículos;Colisão transversal;Com Vítimas Feridas;Pleno dia;Decrescente;Céu Claro;Simples;Reta;Sim;2;0;1;0;1;0;1;2;-20,27122613;-42,06587702;SPRF-MG;DEL06-MG;UOP03-DEL06-MG
725389;16/10/2025;quinta-feira;09:30:00;MA;402;127;PRIMEIRA CRUZ;Velocidade Incompatível;Colisão frontal;Com Vítimas Fatais;Pleno dia;Crescente;Céu Claro;Simples;Curva;Não;3;2;0;0;1;0;0;2;-2,758897;-43,328623;SPRF-MA;DEL01-MA;UOP01-DEL01-MA
725392;16/10/2025;quinta-feira;11:30:00;PR;369;37;ANDIRA;Transitar no Acostamento;Colisão traseira;Com Vítimas Feridas;Pleno dia;Crescente;Sol;Simples;Reta;Sim;2;0;1;0;1;0;1;2;-23,056509;-50,245434;SPRF-PR;DEL07-PR;UOP05-DEL07-PR
725393;04/07/2025;sexta-feira;16:15:00;RN;304;273,9;SAO PEDRO;Ausência de reação do condutor;Colisão traseira;Sem Vítimas;Pleno dia;Crescente;Céu Claro;Simples;Reta;Não;2;0;0;0;2;0;0;2;-5,88102689;-35,53924799;SPRF-RN;DEL01-RN;UOP02-DEL01-RN
725394;16/10/2025;quinta-feira;13:50:00;PE;101;69,6;RECIFE;Condutor deixou de manter distância do veículo da frente;Colisão traseira;Com Vítimas Feridas;Pleno dia;Crescente;Sol;Múltipla;Reta;Sim;2;0;1;0;1;0;1;2;-8,065115;-34,943968;SPRF-PE;DEL01-PE;UOP01-DEL01-PE
725395;16/10/2025;quinta-feira;09:30:00;MG;262;686,9;ARAXA;Ultrapassagem Indevida;Colisão frontal;Com Vítimas Feridas;Pleno dia;Decrescente;Sol;Simples;Reta;Não;3;0;2;0;1;0;2;2;-19,56900263;-47,03861881;SPRF-MG;DEL08-MG;UOP01-DEL08-MG
725397;11/09/2025;quinta-feira;11:50:00;MG;153;0;ARAPORA;Reação tardia ou ineficiente do condutor;Colisão lateral mesmo sentido;Com Vítimas Feridas;Pleno dia;Crescente;Ignorado;Múltipla;"Interseção de Vias;Reta";Sim;3;0;2;0;1;0;2;2;-18,425636;-49,19394;SPRF-MG;DEL15-MG;UOP03-DEL15-MG
725398;16/10/2025;quinta-feira;12:35:00;MS;163;480;CAMPO GRANDE;Ausência de reação do condutor;Colisão traseira;Com Vítimas Feridas;Pleno dia;Crescente;Céu Claro;Simples;Reta;Sim;4;0;1;0;3;0;1;2;-20,47523421;-54,5594972;SPRF-MS;DEL01-MS;UOP01-DEL01-MS
725402;16/10/2025;quinta-feira;11:30:00;MS;163;498;CAMPO GRANDE;Velocidade Incompatível;Saída de leito carroçável;Sem Vítimas;Pleno dia;Crescente;Céu Claro;Simples;Reta;Não;1;0;0;0;1;0;0;1;-20,328;-54,5186;SPRF-MS;DEL01-MS;UOP02-DEL01-MS
725404;16/10/2025;quinta-feira;13:40:00;GO;60;351;SANTO ANTONIO DA BARRA;Reação tardia ou ineficiente do condutor;Capotamento;Com Vítimas Feridas;Pleno dia;Decrescente;Céu Claro;Dupla;Reta;Não;1;0;1;0;0;0;1;1;-17,597957;-50,719242;SPRF-GO;DEL04-GO;UOP02-DEL04-GO
725405;16/10/2025;quinta-feira;11:30:00;PI;343;134,1;PIRACURUCA;Reação tardia ou ineficiente do condutor;Colisão transversal;Com Vítimas Feridas;Pleno dia;Decrescente;Céu Claro;Simples;Reta;Não;6;0;1;0;5;0;1;2;-3,869772;-41,703478;SPRF-PI;DEL02-PI;UOP01-DEL02-PI
725408;30/07/2025;quarta-feira;15:00:00;MS;163;240;DOURADOS;Acesso irregular;Colisão transversal;Com Vítimas Feridas;Pleno dia;Crescente;Céu Claro;Simples;Reta;Não;2;0;1;0;1;0;1;2;-22,395047;-54,791365;SPRF-MS;DEL04-MS;UOP02-DEL04-MS
725409;16/10/2025;quinta-feira;14:50:00;RJ;101;433;ANGRA DOS REIS;Ausência de reação do condutor;Colisão traseira;Com Vítimas Feridas;Pleno dia;Decrescente;Céu Claro;Simples;"Declive;Reta";Não;2;0;1;0;0;1;1;2;-23,04086571;-44,18833606;SPRF-RJ;DEL03-RJ;UOP02-DEL03-RJ
725410;16/10/2025;quinta-feira;14:30:00;MG;116;649,2;FERVEDOURO;Reação tardia ou ineficiente do condutor;Saída de leito carroçável;Com Vítimas Feridas;Pleno dia;Decrescente;Céu Claro;Simples;Reta;Não;1;0;1;0;0;0;1;1;-20,71758869;-42,27953414;SPRF-MG;DEL07-MG;UOP02-DEL07-MG
725411;16/10/2025;quinta-feira;08:10:00;SC;480;129;CHAPECO;Ausência de reação do condutor;Colisão traseira;Com Vítimas Feridas;Pleno dia;Decrescente;Garoa/Chuvisco;Simples;Interseção de Vias;Não;2;0;1;0;1;0;1;2;-27,044291;-52,6354;SPRF-SC;DEL07-SC;UOP01-DEL07-SC
725416;27/08/2025;quarta-feira;16:39:00;PB;0;0;SANTA LUZIA;Pedestre andava na pista;Atropelamento de Pedestre;Com Vítimas Feridas;Pleno dia;Não Informado;Céu Claro;Simples;Reta;Sim;2;0;1;0;1;0;1;2;-6,872642;-36,918248;SPRF-PB;DEL03-PB;UOP01-DEL03-PB
725417;16/10/2025;quinta-feira;15:30:00;SC;101;150;ITAPEMA;Ausência de reação do condutor;Colisão traseira;Com Vítimas Feridas;Pleno dia;Crescente;Nublado;Dupla;Reta;Sim;2;0;1;0;1;0;1;2;-27,1230754;-48,6094657;SPRF-SC;DEL04-SC;UOP03-DEL04-SC
725418;16/10/2025;quinta-feira;15:40:00;GO;60;101;ANAPOLIS;Manobra de mudança de faixa;Colisão lateral sentido oposto;Sem Vítimas;Pleno dia;Decrescente;Céu Claro;Dupla;Reta;Sim;3;0;0;0;3;0;0;2;-16,40498557;-48,98097432;SPRF-GO;DEL02-GO;UOP01-DEL02-GO
725422;16/10/2025;quinta-feira;16:20:00;DF;20;22;BRASILIA;Desrespeitar a preferência no cruzamento;Colisão traseira;Com Vítimas Feridas;Pleno dia;Crescente;Céu Claro;Dupla;Reta;Sim;2;0;1;0;1;0;1;2;-15,59745424;-47,6738745;SPRF-DF;DEL02-DF;UOP01-DEL02-DF
725424;16/10/2025;quinta-feira;15:45:00;PR;369;196;ARAPONGAS;Avarias e/ou desgaste excessivo no pneu;Capotamento;Com Vítimas Feridas;Pleno dia;Decrescente;Céu Claro;Dupla;Reta;Não;1;0;1;0;0;0;1;1;-23,496909;-51,42328;SPRF-PR;DEL07-PR;UOP03-DEL07-PR
725425;16/10/2025;quinta-feira;15:50:00;PB;230;16;JOAO PESSOA;Trafegar com motocicleta (ou similar) entre as faixas;Colisão traseira;Com Vítimas Feridas;Pleno dia;Decrescente;Céu Claro;Dupla;"Aclive;Reta";Sim;2;0;0;2;0;0;2;2;-7,10922995;-34,84316021;SPRF-PB;DEL01-PB;UOP01-DEL01-PB
725426;16/10/2025;quinta-feira;16:25:00;RN;101;81;SAO GONCALO DO AMARANTE;Condutor deixou de manter distância do veículo da frente;Colisão traseira;Com Vítimas Feridas;Pleno dia;Crescente;Céu Claro;Dupla;Reta;Sim;4;0;1;0;1;2;1;3;-5,76368208;-35,2862498;SPRF-RN;DEL02-RN;UOP01-DEL02-RN
725427;16/10/2025;quinta-feira;15:40:00;SC;101;206,9;SAO JOSE;Ausência de reação do condutor;Colisão lateral mesmo sentido;Com Vítimas Feridas;Pleno dia;Crescente;Nublado;Múltipla;Reta;Sim;1;0;1;0;0;0;1;1;-27,59698544;-48,61926019;SPRF-SC;DEL01-SC;UOP01-DEL01-SC
725429;16/10/2025;quinta-feira;15:35:00;RS;386;384;TABAI;Ausência de reação do condutor;Colisão traseira;Com Vítimas Feridas;Pleno dia;Decrescente;Céu Claro;Dupla;Reta;Não;2;0;2;0;0;0;2;2;-29,67874113;-51,7290549;SPRF-RS;DEL04-RS;UOP01-DEL04-RS
725432;16/10/2025;quinta-feira;16:40:00;PB;230;26;JOAO PESSOA;Demais falhas mecânicas ou elétricas;Tombamento;Com Vítimas Feridas;Pleno dia;Crescente;Céu Claro;Dupla;Reta;Não;1;0;0;1;0;0;1;1;-7,16638931;-34,88813549;SPRF-PB;DEL01-PB;UOP01-DEL01-PB
725433;16/10/2025;quinta-feira;17:00:00;MG;365;623;UBERLANDIA;Ausência de reação do condutor;Colisão lateral mesmo sentido;Com Vítimas Feridas;Anoitecer;Crescente;Céu Claro;Simples;"Reta;Interseção de Vias";Sim;2;0;1;0;1;0;1;2;-18,90457113;-48,28713298;SPRF-MG;DEL15-MG;UOP01-DEL15-MG
725434;16/10/2025;quinta-feira;16:45:00;BA;407;100;JAGUARARI;Acessar a via sem observar a presença dos outros veículos;Colisão transversal;Com Vítimas Feridas;Pleno dia;Decrescente;Céu Claro;Simples;"Reta;Interseção de Vias";Sim;2;0;0;1;1;0;1;2;-10,25208851;-40,19430548;SPRF-BA;DEL04-BA;UOP01-DEL04-BA
725435;16/10/2025;quinta-feira;17:10:00;PE;104;64,3;CARUARU;Pedestre cruzava a pista fora da faixa;Atropelamento de Pedestre;Com Vítimas Feridas;Anoitecer;Crescente;Céu Claro;Múltipla;Reta;Sim;3;0;1;0;2;0;1;3;-8,27161;-35,98152;SPRF-PE;DEL02-PE;UOP01-DEL02-PE
725436;16/10/2025;quinta-feira;17:20:00;ES;101;144,2;LINHARES;Acessar a via sem observar a presença dos outros veículos;Colisão transversal;Com Vítimas Feridas;Pleno dia;Crescente;Céu Claro;Simples;Reta;Sim;2;0;1;0;0;1;1;2;-19,354274;-40,063756;SPRF-ES;DEL04-ES;UOP01-DEL04-ES
725439;16/10/2025;quinta-feira;17:30:00;MG;381;491;BETIM;Acessar a via sem observar a presença dos outros veículos;Colisão lateral mesmo sentido;Com Vítimas Feridas;Anoitecer;Crescente;Céu Claro;Dupla;Reta;Não;2;0;1;0;1;0;1;2;-19,95934847;-44,1541265;SPRF-MG;DEL01-MG;UOP03-DEL01-MG
725440;16/10/2025;quinta-feira;17:00:00;SP;381;28;ATIBAIA;Demais falhas mecânicas ou elétricas;Incêndio;Sem Vítimas;Pleno dia;Crescente;Céu Claro;Dupla;Reta;Não;1;0;0;0;1;0;0;1;-23,03532332;-46,54885618;SPRF-SP;DEL03-SP;UOP02-DEL03-SP
725444;16/10/2025;quinta-feira;17:44:00;SP;153;67,5;SAO JOSE DO RIO PRETO;Carga excessiva e/ou mal acondicionada;Colisão lateral mesmo sentido;Com Vítimas Feridas;Pleno dia;Crescente;Céu Claro;Dupla;Reta;Sim;3;0;1;0;1;1;1;3;-20,850499;-49,385673;SPRF-SP;DEL09-SP;UOP01-DEL09-SP
725447;16/10/2025;quinta-feira;17:45:00;MG;116;506,2;UBAPORANGA;Transitar na contramão;Saída de leito carroçável;Com Vítimas Feridas;Anoitecer;Crescente;Céu Claro;Simples;Reta;Não;2;0;1;0;1;0;1;2;-19,6156369;-42,111387;SPRF-MG;DEL06-MG;UOP02-DEL06-MG
725448;16/10/2025;quinta-feira;18:20:00;SP;116;201;ARUJA;Trafegar com motocicleta (ou similar) entre as faixas;Colisão traseira;Com Vítimas Feridas;Anoitecer;Decrescente;Céu Claro;Dupla;Reta;Sim;3;0;1;0;2;0;1;2;-23,407547;-46,337536;SPRF-SP;DEL01-SP;UOP01-DEL01-SP
725450;16/10/2025;quinta-feira;18:22:00;RN;110;48,3;MOSSORO;Reação tardia ou ineficiente do condutor;Colisão traseira;Com Vítimas Feridas;Plena Noite;Crescente;Céu Claro;Dupla;Curva;Sim;2;0;1;0;1;0;1;2;-5,31409981;-37,33004093;SPRF-RN;DEL04-RN;UOP01-DEL04-RN
725451;16/10/2025;quinta-feira;18:00:00;SC;101;173;GOVERNADOR CELSO RAMOS;Avarias e/ou desgaste excessivo no pneu;Tombamento;Com Vítimas Feridas;Plena Noite;Decrescente;Céu Claro;Dupla;Reta;Não;2;0;2;0;0;0;2;1;-27,32691928;-48,62685554;SPRF-SC;DEL04-SC;UOP03-DEL04-SC
725454;16/10/2025;quinta-feira;16:10:00;MT;70;1;BARRA DO GARCAS;Acessar a via sem observar a presença dos outros veículos;Colisão transversal;Com Vítimas Feridas;Pleno dia;Crescente;Céu Claro;Simples;Reta;Sim;3;0;1;0;1;1;1;3;-15,88984691;-52,26451132;SPRF-MT;DEL07-MT;UOP01-DEL07-MT
725455;16/10/2025;quinta-feira;15:50:00;MT;70;621;POCONE;Pista Escorregadia;Colisão transversal;Com Vítimas Feridas;Pleno dia;Crescente;Garoa/Chuvisco;Simples;"Aclive;Curva";Não;6;0;2;0;4;0;2;3;-15,928672;-56,950937;SPRF-MT;DEL03-MT;UOP02-DEL03-MT
725456;16/10/2025;quinta-feira;18:40:00;PR;369;154,6;LONDRINA;Ausência de reação do condutor;Colisão traseira;Com Vítimas Feridas;Anoitecer;Decrescente;Céu Claro;Dupla;Reta;Sim;5;0;0;1;4;0;1;2;-23,29698849;-51,20363681;SPRF-PR;DEL07-PR;UOP01-DEL07-PR
725457;16/10/2025;quinta-feira;17:20:00;MA;135;69;SANTA RITA;Reação tardia ou ineficiente do condutor;Colisão traseira;Com Vítimas Feridas;Anoitecer;Crescente;Céu Claro;Simples;Reta;Sim;2;0;1;0;1;0;1;2;-3,13005614;-44,32460904;SPRF-MA;DEL01-MA;UOP02-DEL01-MA
725458;16/10/2025;quinta-feira;18:35:00;DF;20;16;BRASILIA;Velocidade Incompatível;Queda de ocupante de veículo;Com Vítimas Feridas;Plena Noite;Crescente;Céu Claro;Simples;"Declive;Em Obras";Não;1;0;0;1;0;0;1;1;-15,58364057;-47,6383996;SPRF-DF;DEL02-DF;UOP01-DEL02-DF
725459;16/10/2025;quinta-feira;18:45:00;GO;40;91,8;CRISTALINA;Animais na Pista;Atropelamento de Animal;Sem Vítimas;Pleno dia;Crescente;Céu Claro;Simples;Reta;Não;2;0;0;0;2;0;0;1;-16,729582;-47,629366;SPRF-DF;DEL01-DF;UOP02-DEL01-DF
725460;16/10/2025;quinta-feira;17:33:00;RJ;101;502;ANGRA DOS REIS;Reação tardia ou ineficiente do condutor;Colisão traseira;Com Vítimas Feridas;Plena Noite;Crescente;Céu Claro;Simples;Reta;Sim;2;0;0;1;1;0;1;2;-22,92962265;-44,38030243;SPRF-RJ;DEL03-RJ;UOP03-DEL03-RJ
725461;16/10/2025;quinta-feira;19:05:00;MG;381;484;BETIM;Ausência de reação do condutor;Queda de ocupante de veículo;Com Vítimas Feridas;Plena Noite;Crescente;Céu Claro;Múltipla;Reta;Sim;1;0;1;0;0;0;1;1;-19,95667434;-44,09408776;SPRF-MG;DEL01-MG;UOP03-DEL01-MG
725462;13/10/2025;segunda-feira;08:33:00;RJ;101;329;RIO DE JANEIRO;Manobra de mudança de faixa;Colisão lateral mesmo sentido;Com Vítimas Feridas;Pleno dia;Crescente;Céu Claro;Dupla;"Reta;Ponte";Não;5;0;1;0;4;0;1;2;-22,87575462;-43,20837943;SPRF-RJ;DEL02-RJ;UOP01-DEL02-RJ
725463;16/10/2025;quinta-feira;18:05:00;PB;230;36;SANTA RITA;Entrada inopinada do pedestre;Atropelamento de Pedestre;Com Vítimas Feridas;Plena Noite;Crescente;Céu Claro;Dupla;Reta;Sim;2;0;1;1;0;0;2;2;-7,12611;-34,949371;SPRF-PB;DEL01-PB;UOP02-DEL01-PB
725464;16/10/2025;quinta-feira;19:25:00;MG;40;525,8;CONTAGEM;Trafegar com motocicleta (ou similar) entre as faixas;Colisão lateral mesmo sentido;Com Vítimas Feridas;Plena Noite;Decrescente;Céu Claro;Dupla;"Reta;Aclive";Sim;2;0;1;0;1;0;1;2;-19,89104;-44,049983;SPRF-MG;DEL01-MG;UOP02-DEL01-MG
725465;16/10/2025;quinta-feira;19:30:00;GO;153;554;PIRACANJUBA;Pedestre cruzava a pista fora da faixa;Atropelamento de Pedestre;Com Vítimas Fatais;Plena Noite;Decrescente;Garoa/Chuvisco;Dupla;"Reta;Declive";Sim;2;1;0;0;1;0;0;2;-17,173386;-49,210558;SPRF-GO;DEL03-GO;UOP01-DEL03-GO
725466;16/10/2025;quinta-feira;19:00:00;PR;116;109,4;CURITIBA;Manobra de mudança de faixa;Colisão lateral mesmo sentido;Com Vítimas Feridas;Plena Noite;Crescente;Nublado;Dupla;"Reta;Em Obras";Não;2;0;1;0;1;0;1;2;-25,56452;-49,249652;SPRF-PR;DEL01-PR;UOP03-DEL01-PR
725468;16/10/2025;quinta-feira;18:50:00;RN;304;281,1;MACAIBA;Reação tardia ou ineficiente do condutor;Saída de leito carroçável;Com Vítimas Feridas;Plena Noite;Decrescente;Céu Claro;Dupla;"Viaduto;Declive;Rotatória";Não;1;0;0;1;0;0;1;1;-5,88904;-35,488902;SPRF-RN;DEL01-RN;UOP02-DEL01-RN
725469;16/10/2025;quinta-feira;19:10:00;MG;116;622;ORIZANIA;Transitar na contramão;Colisão frontal;Com Vítimas Feridas;Plena Noite;Decrescente;Nublado;Simples;Curva;Não;2;0;1;0;1;0;1;2;-20,52421854;-42,19995081;SPRF-MG;DEL07-MG;UOP02-DEL07-MG
725471;16/10/2025;quinta-feira;19:00:00;AL;104;34,2;UNIAO DOS PALMARES;Acessar a via sem observar a presença dos outros veículos;Colisão frontal;Com Vítimas Feridas;Plena Noite;Crescente;Céu Claro;Simples;Curva;Sim;3;0;0;2;1;0;2;2;-9,156187;-36,013347;SPRF-AL;DEL01-AL;UOP02-DEL01-AL
725474;16/10/2025;quinta-feira;19:20:00;PR;476;147;CURITIBA;Reação tardia ou ineficiente do condutor;Tombamento;Com Vítimas Feridas;Anoitecer;Decrescente;Céu Claro;Dupla;Reta;Sim;1;0;1;0;0;0;1;1;-25,55470287;-49,33954446;SPRF-PR;DEL01-PR;UOP06-DEL01-PR
725475;16/10/2025;quinta-feira;20:00:00;ES;262;144;MUNIZ FREIRE;Acessar a via sem observar a presença dos outros veículos;Colisão transversal;Com Vítimas Feridas;Plena Noite;Decrescente;Céu Claro;Simples;"Aclive;Reta";Não;4;0;1;0;2;1;1;2;-20,2387985;-41,4038051;SPRF-ES;DEL01-ES;UOP02-DEL01-ES
725476;16/10/2025;quinta-feira;18:30:00;SC;470;51;BLUMENAU;Acessar a via sem observar a presença dos outros veículos;Colisão lateral mesmo sentido;Sem Vítimas;Plena Noite;Crescente;Céu Claro;Múltipla;Curva;Sim;3;0;0;0;2;1;0;3;-26,8627056;-49,091908;SPRF-SC;DEL04-SC;UOP01-DEL04-SC
725477;16/10/2025;quinta-feira;18:30:00;PR;153;208,1;TIBAGI;Reação tardia ou ineficiente do condutor;Colisão frontal;Com Vítimas Feridas;Pleno dia;Crescente;Nublado;Simples;Reta;Não;5;0;2;3;0;0;5;2;-24,53908333;-50,44675;SPRF-PR;DEL03-PR;UOP02-DEL03-PR
725478;16/10/2025;quinta-feira;19:30:00;PR;158;532,8;PATO BRANCO;Reação tardia ou ineficiente do condutor;Colisão frontal;Sem Vítimas;Plena Noite;Decrescente;Chuva;Simples;"Aclive;Curva";Sim;2;0;0;0;2;0;0;2;-26,21801428;-52,68125502;SPRF-PR;DEL02-PR;UOP01-DEL02-PR
725479;16/10/2025;quinta-feira;17:10:00;MG;116;504;INHAPIM;Condutor deixou de manter distância do veículo da frente;Colisão traseira;Com Vítimas Feridas;Pleno dia;Crescente;Céu Claro;Simples;Reta;Não;2;0;1;0;1;0;1;2;-19,59709062;-42,11209774;SPRF-MG;DEL06-MG;UOP02-DEL06-MG
725481;16/10/2025;quinta-feira;18:40:00;SP;116;205;ARUJA;Condutor deixou de manter distância do veículo da frente;Colisão traseira;Com Vítimas Feridas;Plena Noite;Decrescente;Céu Claro;Múltipla;Reta;Sim;2;0;1;0;1;0;1;2;-23,414852;-46,365685;SPRF-SP;DEL01-SP;UOP01-DEL01-SP
725483;16/10/2025;quinta-feira;20:05:00;MG;381;625;OLIVEIRA;Condutor Dormindo;Queda de ocupante de veículo;Com Vítimas Feridas;Plena Noite;Crescente;Céu Claro;Dupla;Curva;Não;1;0;1;0;0;0;1;1;-20,76734986;-44,77993011;SPRF-MG;DEL04-MG;UOP01-DEL04-MG
725484;11/10/2025;sábado;23:00:00;GO;153;507;APARECIDA DE GOIANIA;Ausência de reação do condutor;Colisão traseira;Sem Vítimas;Plena Noite;Crescente;Céu Claro;Dupla;Reta;Não;2;0;0;0;2;0;0;2;-16,82914523;-49,24243878;SPRF-GO;DEL01-GO;UOP03-DEL01-GO
725485;16/10/2025;quinta-feira;19:52:00;SP;101;50;UBATUBA;Acessar a via sem observar a presença dos outros veículos;Colisão transversal;Com Vítimas Feridas;Plena Noite;Crescente;Céu Claro;Simples;"Reta;Interseção de Vias";Sim;2;0;2;0;0;0;2;2;-23,453163;-45,074429;SPRF-SP;DEL06-SP;UOP01-DEL06-SP
725487;16/10/2025;quinta-feira;20:30:00;PR;376;245;APUCARANA;Demais Fenômenos da natureza;Tombamento;Com Vítimas Feridas;Plena Noite;Crescente;Vento;Simples;Aclive;Não;1;0;1;0;0;0;1;1;-23,599292;-51,409941;SPRF-PR;DEL07-PR;UOP03-DEL07-PR
725488;16/10/2025;quinta-feira;19:20:00;GO;60;378,8;RIO VERDE;Reação tardia ou ineficiente do condutor;Colisão traseira;Com Vítimas Feridas;Plena Noite;Decrescente;Céu Claro;Dupla;"Curva;Declive";Sim;2;0;1;0;0;1;1;2;-17,77222;-50,88556;SPRF-GO;DEL04-GO;UOP02-DEL04-GO
725489;16/10/2025;quinta-feira;18:30:00;PR;163;232,9;TOLEDO;Chuva;Capotamento;Com Vítimas Feridas;Plena Noite;Crescente;Chuva;Múltipla;"Aclive;Curva";Não;1;0;1;0;0;0;1;1;-24,778262;-53,679278;SPRF-PR;DEL04-PR;UOP01-DEL04-PR
725490;13/10/2025;segunda-feira;20:15:00;BA;367;43,1;SANTA CRUZ CABRALIA;Pedestre - Ingestão de álcool/ substâncias psicoativas;Atropelamento de Pedestre;Com Vítimas Fatais;Plena Noite;Crescente;Nublado;Simples;Reta;Sim;3;2;0;0;1;0;0;2;-16,37839425;-39,23202172;SPRF-BA;DEL09-BA;UOP03-DEL09-BA
725491;16/10/2025;quinta-feira;19:30:00;GO;50;199,7;CAMPO ALEGRE DE GOIAS;Condutor Dormindo;Colisão com objeto;Com Vítimas Feridas;Plena Noite;Crescente;Céu Claro;Dupla;"Reta;Aclive";Não;1;0;0;1;0;0;1;1;-17,57789876;-47,82270782;SPRF-GO;DEL06-GO;UOP01-DEL06-GO
725492;16/10/2025;quinta-feira;21:30:00;DF;20;6;BRASILIA;Acessar a via sem observar a presença dos outros veículos;Colisão transversal;Com Vítimas Feridas;Plena Noite;Crescente;Céu Claro;Dupla;Reta;Sim;2;0;1;0;1;0;1;2;-15,6631591;-47,8001844;SPRF-DF;DEL02-DF;UOP01-DEL02-DF
725493;16/10/2025;quinta-feira;17:00:00;BA;242;257;ITABERABA;Pista esburacada;Tombamento;Com Vítimas Feridas;Pleno dia;Decrescente;Céu Claro;Simples;Reta;Não;3;0;2;1;0;0;3;1;-12,487802;-40,523052;SPRF-BA;DEL06-BA;UOP02-DEL06-BA
725494;16/10/2025;quinta-feira;22:00:00;PR;376;203;MARIALVA;Reação tardia ou ineficiente do condutor;Saída de leito carroçável;Com Vítimas Feridas;Plena Noite;Crescente;Garoa/Chuvisco;Simples;Curva;Não;1;0;1;0;0;0;1;1;-23,509021;-51,719766;SPRF-PR;DEL09-PR;UOP01-DEL09-PR
725496;16/10/2025;quinta-feira;23:00:00;RN;101;77;NATAL;Ausência de reação do condutor;Colisão com objeto;Com Vítimas Feridas;Plena Noite;Decrescente;Céu Claro;Simples;Reta;Sim;2;0;1;0;1;0;1;2;-5,7366749;-35,2903504;SPRF-RN;DEL02-RN;UOP01-DEL02-RN
725497;16/10/2025;quinta-feira;22:30:00;SP;488;0,8;APARECIDA;Desrespeitar a preferência no cruzamento;Colisão transversal;Com Vítimas Feridas;Plena Noite;Decrescente;Céu Claro;Dupla;"Interseção de Vias;Reta";Sim;2;0;1;0;1;0;1;2;-22,85104642;-45,23198889;SPRF-SP;DEL08-SP;UOP01-DEL08-SP
725498;13/10/2025;segunda-feira;06:39:00;MT;174;397;CONQUISTA DOESTE;Ausência de reação do condutor;Saída de leito carroçável;Com Vítimas Feridas;Amanhecer;Crescente;Céu Claro;Simples;Reta;Sim;1;0;0;1;0;0;1;1;-14,51596656;-59,56477404;SPRF-MT;DEL04-MT;UOP02-DEL04-MT
725499;16/10/2025;quinta-feira;20:40:00;RJ;101;508;ANGRA DOS REIS;Acesso irregular;Colisão transversal;Com Vítimas Feridas;Plena Noite;Crescente;Céu Claro;Simples;Reta;Sim;2;0;0;1;1;0;1;2;-22,93628;-44,40075;SPRF-RJ;DEL03-RJ;UOP03-DEL03-RJ