id;data_inversa;dia_semana;horario;uf;br;km;municipio;causa_acidente;tipo_acidente;classificacao_acidente;fase_dia;sentido_via;condicao_metereologica;tipo_pista;tracado_via;uso_solo;pessoas;mortos;feridos_leves;feridos_graves;ilesos;ignorados;feridos;veiculos;latitude;longitude;regional;delegacia;uop
725500;16/10/2025;quinta-feira;22:00:00;RJ;101;385;RIO DE JANEIRO;Manobra de mudança de faixa;Colisão transversal;Com Vítimas Feridas;Pleno dia;Decrescente;Céu Claro;Múltipla;Reta;Sim;3;0;2;0;1;0;2;2;-22,8804025;-43,62875819;SPRF-RJ;DEL03-RJ;UOP01-DEL03-RJ
725501;16/10/2025;quinta-feira;22:30:00;MG;262;785;UBERABA;Demais falhas mecânicas ou elétricas;Incêndio;Sem Vítimas;Plena Noite;Decrescente;Céu Claro;Dupla;"Reta;Em Obras;Declive";Sim;1;0;0;0;0;1;0;1;-19,77062558;-47,90497033;SPRF-MG;DEL13-MG;UOP01-DEL13-MG
725503;05/10/2025;domingo;19:58:00;TO;10;458;PALMAS;Ausência de reação do condutor;Colisão com objeto;Com Vítimas Feridas;Plena Noite;Decrescente;Céu Claro;Múltipla;Reta;Não;4;0;1;0;3;0;1;1;-10,27510305;-48,30387449;SPRF-TO;DEL01-TO;UOP03-DEL01-TO
725505;17/10/2025;sexta-feira;00:40:00;RS;158;193,5;CRUZ ALTA;Animais na Pista;Saída de leito carroçável;Com Vítimas Feridas;Plena Noite;Crescente;Nublado;Simples;Curva;Não;3;0;3;0;0;0;3;1;-28,636599;-53,572339;SPRF-RS;DEL10-RS;UOP02-DEL10-RS
725507;16/10/2025;quinta-feira;22:40:00;GO;60;31,6;ALEXANIA;Pedestre cruzava a pista fora da faixa;Atropelamento de Pedestre;Com Vítimas Feridas;Plena Noite;Crescente;Céu Claro;Dupla;Reta;Sim;2;0;0;1;0;1;1;2;-16,089462;-48,504267;SPRF-DF;DEL03-DF;UOP01-DEL03-DF
725509;17/10/2025;sexta-feira;02:00:00;ES;101;294,6;CARIACICA;Velocidade Incompatível;Tombamento;Com Vítimas Feridas;Plena Noite;Crescente;Nublado;Dupla;Reta;Não;1;0;0;1;0;0;1;1;-20,3292284;-40,398508;SPRF-ES;DEL01-ES;UOP01-DEL01-ES
725510;17/10/2025;sexta-feira;03:00:00;SC;101;148;ITAPEMA;Condutor Dormindo;Saída de leito carroçável;Sem Vítimas;Pleno dia;Decrescente;Céu Claro;Dupla;Reta;Sim;1;0;0;0;1;0;0;1;-27,10443956;-48,61601321;SPRF-SC;DEL04-SC;UOP03-DEL04-SC
725511;17/10/2025;sexta-feira;03:50:00;PB;230;51,2;CRUZ DO ESPIRITO SANTO;Reação tardia ou ineficiente do condutor;Tombamento;Com Vítimas Feridas;Plena Noite;Decrescente;Céu Claro;Dupla;Reta;Não;1;0;1;0;0;0;1;1;-7,1895933;-35,0611162;SPRF-PB;DEL01-PB;UOP02-DEL01-PB
725512;16/10/2025;quinta-feira;19:00:00;RJ;101;313;SAO GONCALO;Pedestre andava na pista;Atropelamento de Pedestre;Com Vítimas Feridas;Plena Noite;Decrescente;Céu Claro;Dupla;Reta;Sim;2;0;1;0;1;0;1;2;-22,81082526;-43,06962344;SPRF-RJ;DEL02-RJ;UOP02-DEL02-RJ
725513;17/10/2025;sexta-feira;04:30:00;GO;414;396,9;CORUMBA DE GOIAS;Condutor Dormindo;Colisão traseira;Com Vítimas Feridas;Plena Noite;Decrescente;Céu Claro;Simples;"Curva;Declive";Não;6;0;5;1;0;0;6;2;-15,949502;-48,803698;SPRF-GO;DEL02-GO;UOP01-DEL02-GO
725517;17/10/2025;sexta-feira;05:40:00;RN;101;110;PARNAMIRIM;Condutor deixou de manter distância do veículo da frente;Colisão traseira;Com Vítimas Feridas;Pleno dia;Crescente;Céu Claro;Dupla;Reta;Não;2;0;0;1;1;0;1;2;-5,94999491;-35,26487637;SPRF-RN;DEL01-RN;UOP01-DEL01-RN
725519;16/10/2025;quinta-feira;23:40:00;SC;101;116;ITAJAI;Reação tardia ou ineficiente do condutor;Saída de leito carroçável;Sem Vítimas;Plena Noite;Crescente;Nublado;Múltipla;Reta;Sim;1;0;0;0;0;1;0;1;-26,88253237;-48,72503981;SPRF-SC;DEL04-SC;UOP04-DEL04-SC
725520;17/10/2025;sexta-feira;05:50:00;SC;101;133;BALNEARIO CAMBORIU;Ingestão de álcool pelo condutor;Saída de leito carroçável;Com Vítimas Feridas;Amanhecer;Crescente;Céu Claro;Dupla;Curva;Sim;3;0;2;0;0;1;2;2;-26,99883812;-48,64670682;SPRF-SC;DEL04-SC;UOP03-DEL04-SC
725522;17/10/2025;sexta-feira;06:24:00;PB;230;24,8;JOAO PESSOA;Acesso irregular;Colisão transversal;Com Vítimas Feridas;Pleno dia;Decrescente;Sol;Múltipla;"Desvio Temporário;Interseção de Vias;Curva;Em Obras";Sim;2;0;0;1;1;0;1;2;-7,170291;-34,868119;SPRF-PB;DEL01-PB;UOP01-DEL01-PB
725526;17/10/2025;sexta-feira;06:40:00;MG;262;37;MANHUACU;Ausência de reação do condutor;Colisão com objeto;Com Vítimas Feridas;Amanhecer;Decrescente;Céu Claro;Simples;Reta;Sim;1;0;1;0;0;0;1;1;-20,26225799;-42,0337677;SPRF-MG;DEL06-MG;UOP03-DEL06-MG
725527;17/10/2025;sexta-feira;06:13:00;ES;101;330;GUARAPARI;Acessar a via sem observar a presença dos outros veículos;Colisão transversal;Com Vítimas Fatais;Amanhecer;Crescente;Sol;Dupla;Curva;Sim;26;1;0;0;25;0;0;2;-20,59468327;-40,50275338;SPRF-ES;DEL03-ES;UOP01-DEL03-ES
725528;27/09/2025;sábado;16:00:00;RS;116;264;CANOAS;Ausência de reação do condutor;Colisão traseira;Com Vítimas Feridas;Pleno dia;Crescente;Céu Claro;Dupla;Reta;Sim;3;0;2;0;0;1;2;2;-29,92653627;-51,17785241;SPRF-RS;DEL01-RS;UOP01-DEL01-RS
725529;17/10/2025;sexta-feira;06:40:00;SC;280;127;RIO NEGRINHO;Acessar a via sem observar a presença dos outros veículos;Colisão lateral mesmo sentido;Com Vítimas Feridas;Pleno dia;Decrescente;Céu Claro;Simples;"Interseção de Vias;Reta";Não;2;0;0;1;1;0;1;2;-26,24252474;-49,51176373;SPRF-SC;DEL06-SC;UOP03-DEL06-SC
725530;16/10/2025;quinta-feira;23:50:00;RJ;101;488;ANGRA DOS REIS;Pedestre cruzava a pista fora da faixa;Atropelamento de Pedestre;Com Vítimas Feridas;Plena Noite;Crescente;Nublado;Simples;Reta;Sim;2;0;0;1;1;0;1;2;-22,9571;-44,2999;SPRF-RJ;DEL03-RJ;UOP03-DEL03-RJ
725532;17/10/2025;sexta-feira;07:10:00;PR;277;0,8;PARANAGUA;Pedestre cruzava a pista fora da faixa;Atropelamento de Pedestre;Com Vítimas Feridas;Pleno dia;Crescente;Nublado;Dupla;Reta;Não;2;0;2;0;0;0;2;2;-25,55599377;-48,56215286;SPRF-PR;DEL01-PR;UOP05-DEL01-PR
725533;17/10/2025;sexta-feira;07:15:00;CE;116;412;BAIXIO;Pista esburacada;Engavetamento;Com Vítimas Feridas;Pleno dia;Decrescente;Céu Claro;Simples;Reta;Não;9;0;3;0;6;0;3;3;-6,713318;-38,805522;SPRF-CE;DEL05-CE;UOP01-DEL05-CE
725534;17/10/2025;sexta-feira;07:40:00;DF;70;16;BRASILIA;Desrespeitar a preferência no cruzamento;Colisão lateral mesmo sentido;Com Vítimas Feridas;Pleno dia;Decrescente;Céu Claro;Simples;Rotatória;Não;2;0;1;0;1;0;1;2;-15,79602643;-48,19540042;SPRF-DF;DEL03-DF;UOP02-DEL03-DF
725536;16/10/2025;quinta-feira;22:20:00;RJ;465;5;SEROPEDICA;Conversão proibida;Colisão frontal;Com Vítimas Feridas;Plena Noite;Decrescente;Céu Claro;Simples;Reta;Sim;2;0;0;1;1;0;1;2;-22,71760685;-43,70738983;SPRF-RJ;DEL06-RJ;UOP02-DEL06-RJ
725537;17/10/2025;sexta-feira;07:30:00;SP;116;144,9;SAO JOSE DOS CAMPOS;Manobra de mudança de faixa;Colisão traseira;Com Vítimas Feridas;Pleno dia;Crescente;Sol;Dupla;Reta;Sim;3;0;2;0;1;0;2;2;-23,18805806;-45,85563406;SPRF-SP;DEL02-SP;UOP01-DEL02-SP
725539;17/10/2025;sexta-feira;06:45:00;GO;60;67;ABADIANIA;Manobra de mudança de faixa;Colisão lateral mesmo sentido;Com Vítimas Feridas;Pleno dia;Crescente;Céu Claro;Dupla;Reta;Não;3;0;1;1;1;0;2;2;-16,221699;-48,750499;SPRF-GO;DEL02-GO;UOP01-DEL02-GO
725542;17/10/2025;sexta-feira;07:20:00;DF;70;8,6;BRASILIA;Ausência de reação do condutor;Colisão traseira;Com Vítimas Feridas;Pleno dia;Decrescente;Céu Claro;Dupla;Reta;Sim;2;0;1;0;1;0;1;2;-15,78373942;-48,12786341;SPRF-DF;DEL03-DF;UOP02-DEL03-DF
725543;27/09/2025;sábado;18:42:00;MG;262;390;PARA DE MINAS;Reação tardia ou ineficiente do condutor;Saída de leito carroçável;Com Vítimas Feridas;Plena Noite;Decrescente;Céu Claro;Múltipla;Curva;Não;2;0;2;0;0;0;2;1;-19,902533;-44,546067;SPRF-MG;DEL01-MG;UOP03-DEL01-MG
725544;17/10/2025;sexta-feira;07:45:00;RS;472;174,8;SANTA ROSA;Acessar a via sem observar a presença dos outros veículos;Colisão transversal;Com Vítimas Feridas;Pleno dia;Decrescente;Chuva;Simples;Reta;Sim;3;0;1;0;2;0;1;2;-27,856073;-54,51204;SPRF-RS;DEL10-RS;UOP01-DEL10-RS
725545;17/10/2025;sexta-feira;08:00:00;DF;70;11;BRASILIA;Trafegar com motocicleta (ou similar) entre as faixas;Colisão lateral mesmo sentido;Com Vítimas Feridas;Pleno dia;Decrescente;Céu Claro;Dupla;Reta;Não;2;0;1;0;0;1;1;2;-15,79325511;-48,20525264;SPRF-DF;DEL03-DF;UOP02-DEL03-DF
725546;17/10/2025;sexta-feira;07:20:00;SC;101;206,8;SAO JOSE;Ausência de reação do condutor;Colisão lateral mesmo sentido;Com Vítimas Feridas;Pleno dia;Crescente;Céu Claro;Simples;Reta;Sim;2;0;1;0;1;0;1;2;-27,596264;-48,6198692;SPRF-SC;DEL01-SC;UOP01-DEL01-SC
725548;14/09/2025;domingo;17:15:00;ES;101;68,3;SAO MATEUS;Acessar a via sem observar a presença dos outros veículos;Queda de ocupante de veículo;Com Vítimas Feridas;Plena Noite;Crescente;Céu Claro;Simples;"Aclive;Curva";Não;1;0;0;1;0;0;1;1;-18,7187;-39,8549;SPRF-ES;DEL04-ES;UOP02-DEL04-ES
725549;17/10/2025;sexta-feira;08:20:00;RJ;101;325;RIO DE JANEIRO;Demais falhas mecânicas ou elétricas;Tombamento;Com Vítimas Feridas;Pleno dia;Crescente;Céu Claro;Simples;Reta;Sim;2;0;2;0;0;0;2;1;-22,87252165;-43,14118576;SPRF-RJ;DEL02-RJ;UOP01-DEL02-RJ
725550;17/10/2025;sexta-feira;08:30:00;MG;354;753,7;ITAMONTE;Acessar a via sem observar a presença dos outros veículos;Colisão transversal;Com Vítimas Feridas;Pleno dia;Crescente;Céu Claro;Simples;Reta;Não;2;0;0;1;1;0;1;2;-22,28234576;-44,87028837;SPRF-MG;DEL17-MG;UOP01-DEL17-MG
725551;17/10/2025;sexta-feira;08:15:00;RJ;40;123;DUQUE DE CAXIAS;Reação tardia ou ineficiente do condutor;Colisão lateral mesmo sentido;Com Vítimas Feridas;Pleno dia;Crescente;Céu Claro;Dupla;Reta;Não;2;0;1;0;1;0;1;2;-22,79757;-43,289665;SPRF-RJ;DEL01-RJ;UOP02-DEL01-RJ
725552;17/10/2025;sexta-feira;08:32:00;MG;262;389;PARA DE MINAS;Manobra de mudança de faixa;Colisão transversal;Com Vítimas Feridas;Pleno dia;Crescente;Céu Claro;Dupla;Reta;Sim;2;0;1;0;1;0;1;2;-19,90136634;-44,54853058;SPRF-MG;DEL01-MG;UOP03-DEL01-MG
725553;17/10/2025;sexta-feira;05:46:00;MT;163;755;SORRISO;Demais falhas mecânicas ou elétricas;Queda de ocupante de veículo;Com Vítimas Feridas;Pleno dia;Crescente;Céu Claro;Dupla;Reta;Sim;1;0;1;0;0;0;1;1;-12,5322562;-55,70533689;SPRF-MT;DEL06-MT;UOP01-DEL06-MT
725555;17/10/2025;sexta-feira;07:50:00;MG;40;466;SETE LAGOAS;Ausência de reação do condutor;Colisão traseira;Com Vítimas Feridas;Pleno dia;Crescente;Céu Claro;Dupla;Reta;Sim;6;0;2;0;4;0;2;2;-19,4442582;-44,3223991;SPRF-MG;DEL02-MG;UOP01-DEL02-MG
725557;17/10/2025;sexta-feira;08:15:00;PR;277;724,5;FOZ DO IGUACU;Manobra de mudança de faixa;Colisão lateral mesmo sentido;Com Vítimas Feridas;Pleno dia;Crescente;Garoa/Chuvisco;Dupla;Reta;Sim;2;0;1;0;1;0;1;2;-25,5039619;-54,54112266;SPRF-PR;DEL05-PR;UOP03-DEL05-PR
725559;17/10/2025;sexta-feira;08:36:00;PR;369;156;LONDRINA;Manobra de mudança de faixa;Colisão lateral mesmo sentido;Com Vítimas Feridas;Pleno dia;Decrescente;Céu Claro;Dupla;Reta;Sim;3;0;0;1;2;0;1;2;-23,28951889;-51,22199384;SPRF-PR;DEL07-PR;UOP01-DEL07-PR
725560;17/10/2025;sexta-feira;08:59:00;TO;153;671;GURUPI;Desrespeitar a preferência no cruzamento;Colisão lateral sentido oposto;Com Vítimas Feridas;Pleno dia;Crescente;Céu Claro;Simples;"Reta;Interseção de Vias";Sim;2;0;1;0;1;0;1;2;-11,7225032;-49,07798767;SPRF-TO;DEL01-TO;UOP02-DEL01-TO
725561;17/10/2025;sexta-feira;09:05:00;PE;0;0;CARUARU;Acumulo de óleo sobre o pavimento;Queda de ocupante de veículo;Com Vítimas Feridas;Pleno dia;Não Informado;Céu Claro;Dupla;Reta;Sim;1;0;1;0;0;0;1;1;-8,306;-36,017;SPRF-PE;DEL02-PE;UOP03-DEL02-PE
725564;17/10/2025;sexta-feira;09:10:00;MG;116;701,8;MURIAE;Acessar a via sem observar a presença dos outros veículos;Colisão transversal;Com Vítimas Feridas;Pleno dia;Crescente;Céu Claro;Simples;"Interseção de Vias;Reta";Sim;2;0;0;1;1;0;1;2;-21,121656;-42,379835;SPRF-MG;DEL07-MG;UOP02-DEL07-MG
725565;17/10/2025;sexta-feira;09:15:00;SP;381;81,5;SAO PAULO;Ausência de reação do condutor;Colisão traseira;Com Vítimas Feridas;Pleno dia;Decrescente;Céu Claro;Múltipla;Reta;Não;2;0;1;0;1;0;1;2;-23,4207471;-46,57773465;SPRF-SP;DEL03-SP;UOP01-DEL03-SP
725566;04/10/2025;sábado;19:00:00;TO;242;376;GURUPI;Acessar a via sem observar a presença dos outros veículos;Colisão transversal;Com Vítimas Feridas;Plena Noite;Crescente;Céu Claro;Simples;Reta;Sim;4;0;3;1;0;0;4;2;-11,73594936;-49,03300166;SPRF-TO;DEL01-TO;UOP02-DEL01-TO
725567;17/10/2025;sexta-feira;09:45:00;SP;153;64;SAO JOSE DO RIO PRETO;Trafegar com motocicleta (ou similar) entre as faixas;Colisão lateral mesmo sentido;Com Vítimas Feridas;Pleno dia;Crescente;Céu Claro;Dupla;Reta;Sim;2;0;1;0;1;0;1;2;-20,829693;-49,361217;SPRF-SP;DEL09-SP;UOP01-DEL09-SP
725569;27/09/2025;sábado;12:30:00;SC;282;302,4;VARGEM;Velocidade Incompatível;Saída de leito carroçável;Com Vítimas Feridas;Pleno dia;Crescente;Céu Claro;Simples;"Declive;Reta";Não;1;0;1;0;0;0;1;1;-27,51953764;-50,90961456;SPRF-SC;DEL07-SC;UOP06-DEL07-SC
725570;17/10/2025;sexta-feira;07:40:00;CE;222;217,9;SOBRAL;Condutor deixou de manter distância do veículo da frente;Colisão traseira;Com Vítimas Feridas;Pleno dia;Crescente;Céu Claro;Simples;Reta;Não;2;0;0;1;1;0;1;2;-3,74708;-40,31155;SPRF-CE;DEL04-CE;UOP01-DEL04-CE
725573;17/10/2025;sexta-feira;09:20:00;RJ;101;319;NITEROI;Demais falhas mecânicas ou elétricas;Tombamento;Com Vítimas Feridas;Pleno dia;Decrescente;Céu Claro;Dupla;Reta;Sim;2;0;2;0;0;0;2;1;-22,85901928;-43,10554358;SPRF-RJ;DEL02-RJ;UOP02-DEL02-RJ
725574;13/10/2025;segunda-feira;18:00:00;PR;373;183;PONTA GROSSA;Reação tardia ou ineficiente do condutor;Queda de ocupante de veículo;Com Vítimas Feridas;Anoitecer;Crescente;Nublado;Dupla;Curva;Não;1;0;0;1;0;0;1;1;-25,0391506;-50,2775391;SPRF-PR;DEL03-PR;UOP01-DEL03-PR
725576;17/10/2025;sexta-feira;11:00:00;MG;381;484,2;BETIM;Pedestre andava na pista;Atropelamento de Pedestre;Com Vítimas Feridas;Pleno dia;Decrescente;Sol;Múltipla;"Aclive;Curva";Sim;2;0;1;0;1;0;1;2;-19,95961;-44,0894;SPRF-MG;DEL01-MG;UOP03-DEL01-MG
725577;17/10/2025;sexta-feira;08:45:00;SC;280;30;ARAQUARI;Acessar a via sem observar a presença dos outros veículos;Colisão transversal;Com Vítimas Feridas;Pleno dia;Crescente;Nublado;Simples;Reta;Sim;2;0;1;0;1;0;1;2;-26,41646499;-48,77133457;SPRF-SC;DEL03-SC;UOP03-DEL03-SC
725580;17/10/2025;sexta-feira;10:50:00;SC;101;207;SAO JOSE;Reação tardia ou ineficiente do condutor;Engavetamento;Com Vítimas Feridas;Pleno dia;Crescente;Nublado;Múltipla;"Aclive;Reta";Sim;9;0;1;0;8;0;1;8;-27,60220486;-48,62918822;SPRF-SC;DEL01-SC;UOP01-DEL01-SC
725581;17/10/2025;sexta-feira;10:40:00;SP;116;138,9;SAO JOSE DOS CAMPOS;Ausência de reação do condutor;Colisão traseira;Com Vítimas Feridas;Pleno dia;Crescente;Céu Claro;Dupla;Reta;Sim;6;0;2;1;3;0;3;5;-23,16049393;-45,80208805;SPRF-SP;DEL02-SP;UOP01-DEL02-SP
725585;01/10/2025;quarta-feira;15:37:00;MG;381;481,8;BETIM;Condutor deixou de manter distância do veículo da frente;Colisão traseira;Com Vítimas Feridas;Pleno dia;Crescente;Céu Claro;Múltipla;Curva;Sim;2;0;1;0;1;0;1;2;-19,957864;-44,079866;SPRF-MG;DEL01-MG;UOP03-DEL01-MG
725586;17/10/2025;sexta-feira;10:45:00;GO;60;163;GOIANIA;Condutor usando celular;Colisão traseira;Com Vítimas Feridas;Pleno dia;Decrescente;Céu Claro;Dupla;Reta;Sim;2;0;1;0;1;0;1;2;-16,70438177;-49,34250636;SPRF-GO;DEL01-GO;UOP02-DEL01-GO
725587;13/10/2025;segunda-feira;18:30:00;RJ;493;0;ITABORAI;Ultrapassagem Indevida;Colisão lateral mesmo sentido;Com Vítimas Feridas;Plena Noite;Crescente;Céu Claro;Simples;Reta;Sim;2;0;1;0;1;0;1;2;-22,75063734;-42,94683337;SPRF-RJ;DEL02-RJ;UOP02-DEL02-RJ
725588;17/10/2025;sexta-feira;11:10:00;SP;101;46;UBATUBA;Manobra de mudança de faixa;Colisão traseira;Com Vítimas Feridas;Pleno dia;Decrescente;Céu Claro;Simples;Reta;Sim;2;0;1;0;1;0;1;2;-23,42280142;-45,07336863;SPRF-SP;DEL06-SP;UOP01-DEL06-SP
725589;17/10/2025;sexta-feira;09:20:00;RJ;116;182;NOVA IGUACU;Manobra de mudança de faixa;Colisão lateral mesmo sentido;Com Vítimas Feridas;Pleno dia;Crescente;Céu Claro;Dupla;Reta;Sim;6;0;1;0;5;0;1;3;-22,75845793;-43,4286711;SPRF-RJ;DEL06-RJ;UOP01-DEL06-RJ
725590;17/10/2025;sexta-feira;10:40:00;MS;163;484,3;CAMPO GRANDE;Acessar a via sem observar a presença dos outros veículos;Colisão transversal;Com Vítimas Feridas;Pleno dia;Decrescente;Céu Claro;Simples;"Reta;Interseção de Vias";Sim;8;0;1;0;7;0;1;3;-20,447403;-54,541082;SPRF-MS;DEL01-MS;UOP02-DEL01-MS
725592;17/10/2025;sexta-feira;10:00:00;BA;324;569;SAO SEBASTIAO DO PASSE;Ausência de reação do condutor;Colisão traseira;Sem Vítimas;Pleno dia;Decrescente;Céu Claro;Dupla;Reta;Não;2;0;0;0;2;0;0;2;-12,54667043;-38,58107889;SPRF-BA;DEL01-BA;UOP01-DEL01-BA
725593;30/08/2025;sábado;15:40:00;SP;381;82;SAO PAULO;Ausência de reação do condutor;Colisão com objeto;Com Vítimas Feridas;Pleno dia;Crescente;Céu Claro;Múltipla;Reta;Sim;2;0;1;0;0;1;1;1;-23,48123457;-46,56274761;SPRF-SP;DEL03-SP;UOP01-DEL03-SP
725594;17/10/2025;sexta-feira;11:50:00;MG;381;943,4;EXTREMA;Ausência de reação do condutor;Saída de leito carroçável;Sem Vítimas;Pleno dia;Crescente;Sol;Dupla;"Reta;Declive";Não;1;0;0;0;1;0;0;1;-22,841104;-46,329638;SPRF-MG;DEL16-MG;UOP03-DEL16-MG
725596;17/10/2025;sexta-feira;08:30:00;SC;470;291,4;BRUNOPOLIS;Conversão proibida;Colisão transversal;Sem Vítimas;Pleno dia;Decrescente;Nublado;Simples;Reta;Não;6;0;0;0;6;0;0;2;-27,33551816;-50,96000791;SPRF-SC;DEL07-SC;UOP06-DEL07-SC
725602;17/10/2025;sexta-feira;12:10:00;PI;343;343,6;TERESINA;Ausência de reação do condutor;Colisão traseira;Com Vítimas Feridas;Pleno dia;Crescente;Céu Claro;Simples;Reta;Sim;2;0;0;1;1;0;1;2;-5,092278;-42,76184;SPRF-PI;DEL01-PI;UOP01-DEL01-PI
725605;10/10/2025;sexta-feira;23:30:00;PR;158;533;PATO BRANCO;Condutor desrespeitou a iluminação vermelha do semáforo;Colisão transversal;Com Vítimas Feridas;Plena Noite;Crescente;Céu Claro;Simples;Interseção de Vias;Sim;2;0;1;0;1;0;1;2;-26,22029008;-52,68329412;SPRF-PR;DEL02-PR;UOP01-DEL02-PR
725606;17/10/2025;sexta-feira;12:40:00;GO;50;287,3;CATALAO;Condutor Dormindo;Colisão com objeto;Sem Vítimas;Pleno dia;Decrescente;Céu Claro;Dupla;Curva;Não;1;0;0;0;1;0;0;1;-18,2296311;-47,98091976;SPRF-GO;DEL06-GO;UOP01-DEL06-GO
725607;17/10/2025;sexta-feira;11:50:00;RJ;116;204;SEROPEDICA;Mal súbito do condutor;Colisão com objeto;Com Vítimas Feridas;Pleno dia;Crescente;Céu Claro;Dupla;"Em Obras;Reta";Não;1;0;1;0;0;0;1;1;-22,71641355;-43,71588886;SPRF-RJ;DEL06-RJ;UOP02-DEL06-RJ
725608;17/10/2025;sexta-feira;13:00:00;RS;101;0,2;TORRES;Reação tardia ou ineficiente do condutor;Saída de leito carroçável;Com Vítimas Feridas;Pleno dia;Crescente;Nublado;Dupla;Reta;Não;2;0;1;0;1;0;1;1;-29,300859;-49,771111;SPRF-RS;DEL03-RS;UOP02-DEL03-RS
725609;17/10/2025;sexta-feira;12:40:00;RJ;116;136,8;MAGE;Reação tardia ou ineficiente do condutor;Tombamento;Com Vítimas Feridas;Pleno dia;Decrescente;Céu Claro;Múltipla;Reta;Não;1;0;1;0;0;0;1;1;-22,64918525;-43,17592621;SPRF-RJ;DEL04-RJ;UOP02-DEL04-RJ
725610;10/10/2025;sexta-feira;00:20:00;GO;364;362;MINEIROS;Animais na Pista;Atropelamento de Animal;Com Vítimas Feridas;Plena Noite;Decrescente;Céu Claro;Simples;Reta;Não;4;0;1;0;3;0;1;1;-17,391325;-53,0134;SPRF-GO;DEL05-GO;UOP01-DEL05-GO
725612;17/10/2025;sexta-feira;13:55:00;ES;101;94,2;JAGUARE;Acessar a via sem observar a presença dos outros veículos;Colisão transversal;Com Vítimas Feridas;Pleno dia;Decrescente;Céu Claro;Simples;"Retorno Regulamentado;Declive";Sim;2;0;0;1;1;0;1;2;-18,93310734;-39,97285366;SPRF-ES;DEL04-ES;UOP02-DEL04-ES
725613;17/10/2025;sexta-feira;14:20:00;RJ;116;183;NOVA IGUACU;Manobra de mudança de faixa;Colisão lateral mesmo sentido;Com Vítimas Feridas;Pleno dia;Crescente;Céu Claro;Dupla;Reta;Não;3;0;1;0;2;0;1;2;-22,74907406;-43,44234467;SPRF-RJ;DEL06-RJ;UOP01-DEL06-RJ
725615;17/10/2025;sexta-feira;12:50:00;PE;232;41;VITORIA DE SANTO ANTAO;Condutor deixou de manter distância do veículo da frente;Colisão traseira;Com Vítimas Feridas;Pleno dia;Crescente;Céu Claro;Dupla;Reta;Não;2;0;0;1;1;0;1;2;-8,114001;-35,244808;SPRF-PE;DEL02-PE;UOP02-DEL02PE
725616;17/10/2025;sexta-feira;08:50:00;RJ;116;115,5;MAGE;Acumulo de areia ou detritos sobre o pavimento;Tombamento;Com Vítimas Feridas;Pleno dia;Crescente;Sol;Dupla;Curva;Não;1;0;0;1;0;0;1;1;-22,58656;-43,01788;SPRF-RJ;DEL04-RJ;UOP02-DEL04-RJ
725617;01/10/2025;quarta-feira;10:27:00;ES;101;119,6;SOORETAMA;Condutor deixou de manter distância do veículo da frente;Colisão traseira;Com Vítimas Feridas;Pleno dia;Decrescente;Céu Claro;Simples;Reta;Não;3;0;1;1;1;0;2;2;-19,17249308;-40,08912152;SPRF-ES;DEL04-ES;UOP01-DEL04-ES
725618;01/10/2025;quarta-feira;09:28:00;BA;324;621;SALVADOR;Manobra de mudança de faixa;Colisão lateral mesmo sentido;Com Vítimas Feridas;Pleno dia;Crescente;Sol;Dupla;Reta;Sim;2;0;1;0;0;1;1;2;-12,91887945;-38,4650559;SPRF-BA;DEL01-BA;UOP01-DEL01-BA
725619;17/10/2025;sexta-feira;14:20:00;PB;230;310;SAO MAMEDE;Acessar a via sem observar a presença dos outros veículos;Colisão transversal;Sem Vítimas;Pleno dia;Crescente;Céu Claro;Simples;Reta;Não;5;0;0;0;3;2;0;3;-6,933477;-37,08932;SPRF-PB;DEL03-PB;UOP01-DEL03-PB
725621;15/10/2025;quarta-feira;07:40:00;SC;470;63,2;INDAIAL;Ultrapassagem Indevida;Tombamento;Com Vítimas Feridas;Pleno dia;Crescente;Céu Claro;Simples;"Em Obras;Reta";Não;3;0;0;1;2;0;1;2;-26,87196752;-49,19444768;SPRF-SC;DEL04-SC;UOP01-DEL04-SC
725622;17/10/2025;sexta-feira;10:15:00;RS;285;548;SANTO ANTONIO DAS MISSOES;Chuva;Saída de leito carroçável;Com Vítimas Feridas;Pleno dia;Crescente;Chuva;Simples;Curva;Não;1;0;1;0;0;0;1;1;-28,61087549;-55,72600113;SPRF-RS;DEL10-RS;UOP01-DEL10-RS
725623;17/10/2025;sexta-feira;11:10:00;PI;343;439,7;LAGOINHA DO PIAUI;Ausência de reação do condutor;Colisão traseira;Com Vítimas Feridas;Pleno dia;Crescente;Céu Claro;Simples;"Interseção de Vias;Declive;Curva";Não;3;0;0;1;1;1;1;2;-5,85430175;-42,62574792;SPRF-PI;DEL01-PI;UOP02-DEL01-PI
725624;17/10/2025;sexta-feira;15:00:00;MG;40;48;PARACATU;Ausência de reação do condutor;Tombamento;Com Vítimas Feridas;Pleno dia;Decrescente;Céu Claro;Simples;Declive;Não;1;0;1;0;0;0;1;1;-17,24000609;-46,81476116;SPRF-MG;DEL14-MG;UOP01-DEL14-MG
725625;17/10/2025;sexta-feira;14:30:00;PR;376;3,5;SAO JOSE DOS PINHAIS;Acesso irregular;Colisão lateral mesmo sentido;Com Vítimas Feridas;Pleno dia;Decrescente;Céu Claro;Dupla;"Reta;Interseção de Vias";Sim;2;0;0;1;1;0;1;2;-25,53981809;-49,19161677;SPRF-PR;DEL01-PR;UOP04-DEL01-PR