id;data_inversa;dia_semana;horario;uf;br;km;municipio;causa_acidente;tipo_acidente;classificacao_acidente;fase_dia;sentido_via;condicao_metereologica;tipo_pista;tracado_via;uso_solo;pessoas;mortos;feridos_leves;feridos_graves;ilesos;ignorados;feridos;veiculos;latitude;longitude;regional;delegacia;uop
725871;18/10/2025;sábado;11:55:00;RJ;40;121;DUQUE DE CAXIAS;Reação tardia ou ineficiente do condutor;Tombamento;Com Vítimas Feridas;Pleno dia;Decrescente;Céu Claro;Dupla;Reta;Sim;2;0;1;0;1;0;1;1;-22,78403516;-43,28539677;SPRF-RJ;DEL01-RJ;UOP02-DEL01-RJ
725873;18/10/2025;sábado;13:00:00;MG;381;363,8;SAO GONCALO DO RIO ABAIXO;Mal súbito do condutor;Capotamento;Com Vítimas Feridas;Pleno dia;Crescente;Céu Claro;Simples;Reta;Não;3;0;2;0;1;0;2;1;-19,850687;-43,267665;SPRF-MG;DEL03-MG;UOP01-DEL03-MG
725874;18/10/2025;sábado;14:10:00;RS;116;511;PELOTAS;Avarias e/ou desgaste excessivo no pneu;Colisão traseira;Com Vítimas Feridas;Pleno dia;Crescente;Céu Claro;Dupla;Reta;Não;3;0;1;0;2;0;1;2;-31,6127474;-52,3051993;SPRF-RS;DEL07-RS;UOP01-DEL07-RS
725875;18/10/2025;sábado;07:40:00;RJ;465;5;RIO DE JANEIRO;Retorno proibido;Colisão transversal;Com Vítimas Feridas;Pleno dia;Crescente;Nublado;Simples;Reta;Sim;3;0;1;0;2;0;1;2;-22,9117197;-43,56389779;SPRF-RJ;DEL06-RJ;UOP02-DEL06-RJ
725877;18/10/2025;sábado;13:30:00;ES;101;141,8;LINHARES;Condutor desrespeitou a iluminação vermelha do semáforo;Colisão transversal;Com Vítimas Feridas;Pleno dia;Crescente;Céu Claro;Múltipla;"Interseção de Vias;Reta";Sim;2;0;1;0;0;1;1;2;-19,33301231;-40,06849704;SPRF-ES;DEL04-ES;UOP01-DEL04-ES
725880;18/10/2025;sábado;13:40:00;MG;40;555;NOVA LIMA;Ausência de reação do condutor;Colisão lateral sentido oposto;Com Vítimas Feridas;Pleno dia;Decrescente;Nublado;Simples;Rotatória;Sim;2;0;1;0;1;0;1;2;-20,0905872;-43,9753052;SPRF-MG;DEL01-MG;UOP02-DEL01-MG
725881;18/10/2025;sábado;12:50:00;PR;277;117;CAMPO LARGO;Reação tardia ou ineficiente do condutor;Tombamento;Sem Vítimas;Pleno dia;Crescente;Céu Claro;Dupla;Curva;Não;1;0;0;0;1;0;0;1;-25,44273207;-49,45044994;SPRF-PR;DEL03-PR;UOP03-DEL03-PR
725882;18/10/2025;sábado;09:20:00;PR;376;439;IPIRANGA;Velocidade Incompatível;Colisão com objeto;Com Vítimas Feridas;Pleno dia;Crescente;Garoa/Chuvisco;Dupla;"Declive;Curva";Não;1;0;1;0;0;0;1;1;-24,84993204;-50,47208659;SPRF-PR;DEL03-PR;UOP02-DEL03-PR
725884;18/10/2025;sábado;14:10:00;PE;232;7;RECIFE;Ultrapassagem Indevida;Colisão traseira;Com Vítimas Feridas;Pleno dia;Crescente;Céu Claro;Múltipla;"Reta;Interseção de Vias;Retorno Regulamentado";Sim;3;0;0;1;2;0;1;3;-8,07484;-34,96704;SPRF-PE;DEL01-PE;UOP01-DEL01-PE
725885;18/10/2025;sábado;14:30:00;RS;101;38,9;TRES FORQUILHAS;Acumulo de água sobre o pavimento;Saída de leito carroçável;Com Vítimas Feridas;Pleno dia;Crescente;Chuva;Dupla;Reta;Não;3;0;1;0;2;0;1;1;-29,53631238;-50,02752478;SPRF-RS;DEL03-RS;UOP02-DEL03-RS
725886;18/10/2025;sábado;14:30:00;SC;101;145;ITAPEMA;Condutor deixou de manter distância do veículo da frente;Colisão traseira;Com Vítimas Feridas;Pleno dia;Crescente;Céu Claro;Dupla;Reta;Sim;3;0;0;2;1;0;2;2;-27,07800375;-48,59922409;SPRF-SC;DEL04-SC;UOP03-DEL04-SC
725887;18/10/2025;sábado;13:20:00;MG;262;63;MATIPO;Transitar na contramão;Colisão frontal;Com Vítimas Feridas;Pleno dia;Crescente;Céu Claro;Simples;"Aclive;Curva";Não;5;0;3;0;2;0;3;2;-20,303052;-42,264754;SPRF-MG;DEL06-MG;UOP03-DEL06-MG
725888;18/10/2025;sábado;13:15:00;GO;153;357;JARAGUA;Reação tardia ou ineficiente do condutor;Colisão traseira;Com Vítimas Feridas;Pleno dia;Decrescente;Céu Claro;Simples;Reta;Não;2;0;1;0;1;0;1;2;-15,74082;-49,32072;SPRF-GO;DEL02-GO;UOP02-DEL02-GO
725889;18/10/2025;sábado;14:50:00;SC;101;206,9;SAO JOSE;Condutor desrespeitou a iluminação vermelha do semáforo;Colisão transversal;Com Vítimas Feridas;Pleno dia;Crescente;Garoa/Chuvisco;Múltipla;"Reta;Interseção de Vias;Viaduto";Sim;4;0;3;0;1;0;3;2;-27,59594098;-48,61976327;SPRF-SC;DEL01-SC;UOP01-DEL01-SC
725892;18/10/2025;sábado;14:00:00;SP;116;547;BARRA DO TURVO;Reação tardia ou ineficiente do condutor;Colisão com objeto;Com Vítimas Feridas;Pleno dia;Decrescente;Chuva;Dupla;Curva;Não;5;0;1;0;4;0;1;1;-24,96441373;-48,4276861;SPRF-SP;DEL05-SP;UOP02-DEL05-SP
725893;18/10/2025;sábado;10:35:00;SC;282;22;SANTO AMARO DA IMPERATRIZ;Reação tardia ou ineficiente do condutor;Colisão com objeto;Com Vítimas Feridas;Pleno dia;Crescente;Nublado;Simples;Reta;Não;1;0;1;0;0;0;1;1;-27,687501;-48,737635;SPRF-SC;DEL01-SC;UOP02-DEL01-SC
725895;18/10/2025;sábado;15:00:00;MT;364;494;JANGADA;Acessar a via sem observar a presença dos outros veículos;Colisão frontal;Com Vítimas Feridas;Pleno dia;Crescente;Nublado;Simples;Reta;Não;3;0;2;0;1;0;2;2;-15,232747;-56,495236;SPRF-MT;DEL01-MT;UOP01-DEL01-MT
725896;18/10/2025;sábado;15:00:00;MG;116;739;LARANJAL;Frear bruscamente;Queda de ocupante de veículo;Com Vítimas Feridas;Pleno dia;Crescente;Céu Claro;Simples;Reta;Não;1;0;1;0;0;0;1;1;-21,35224;-42,47947;SPRF-MG;DEL07-MG;UOP01-DEL07-MG
725898;18/10/2025;sábado;16:00:00;RN;304;294,7;MACAIBA;Condutor deixou de manter distância do veículo da frente;Colisão traseira;Com Vítimas Feridas;Pleno dia;Decrescente;Sol;Simples;"Aclive;Reta";Não;3;0;2;0;1;0;2;2;-5,86655;-35,362369;SPRF-RN;DEL01-RN;UOP02-DEL01-RN
725899;30/08/2025;sábado;20:00:00;AL;316;189;TANQUE DARCA;Ingestão de álcool pelo condutor;Colisão com objeto;Com Vítimas Feridas;Plena Noite;Decrescente;Céu Claro;Simples;"Declive;Curva";Não;2;0;0;1;0;1;1;2;-9,583395;-36,419045;SPRF-AL;DEL03-AL;UOP01-DEL03-AL
725900;14/10/2025;terça-feira;08:30:00;BA;324;622;SALVADOR;Acessar a via sem observar a presença dos outros veículos;Colisão lateral mesmo sentido;Com Vítimas Feridas;Pleno dia;Crescente;Céu Claro;Dupla;Reta;Não;3;0;2;0;1;0;2;2;-12,92861072;-38,46897125;SPRF-BA;DEL01-BA;UOP01-DEL01-BA
725901;18/10/2025;sábado;14:50:00;PI;230;188;OEIRAS;Retorno proibido;Colisão transversal;Com Vítimas Feridas;Pleno dia;Crescente;Céu Claro;Simples;"Reta;Declive";Não;2;0;0;1;1;0;1;2;-6,979483;-42,059023;SPRF-PI;DEL04-PI;UOP01-DEL04-PI
725902;18/10/2025;sábado;15:50:00;RJ;116;62;TERESOPOLIS;Avarias e/ou desgaste excessivo no pneu;Colisão com objeto;Com Vítimas Feridas;Pleno dia;Crescente;Nublado;Simples;Reta;Não;2;0;1;0;1;0;1;1;-22,30624956;-42,93663025;SPRF-RJ;DEL04-RJ;UOP01-DEL04-RJ
725903;18/10/2025;sábado;14:20:00;MA;316;304,8;PIO XII;Velocidade Incompatível;Capotamento;Com Vítimas Feridas;Pleno dia;Crescente;Céu Claro;Simples;Aclive;Não;2;0;2;0;0;0;2;1;-3,942647;-45,142778;SPRF-MA;DEL02-MA;UOP01-DEL02-MA
725904;18/10/2025;sábado;14:05:00;RS;386;202;VICTOR GRAEFF;Acessar a via sem observar a presença dos outros veículos;Colisão transversal;Com Vítimas Feridas;Pleno dia;Decrescente;Nublado;Simples;Reta;Não;2;0;1;0;1;0;1;2;-28,477868;-52,654899;SPRF-RS;DEL04-RS;UOP03-DEL04-RS
725905;18/10/2025;sábado;15:30:00;RN;304;39;MOSSORO;Ausência de reação do condutor;Tombamento;Com Vítimas Feridas;Pleno dia;Decrescente;Céu Claro;Dupla;Reta;Sim;2;0;1;0;1;0;1;1;-5,192569;-37,377232;SPRF-RN;DEL04-RN;UOP02-DEL04-RN
725907;18/10/2025;sábado;16:00:00;ES;101;288;CARIACICA;Acessar a via sem observar a presença dos outros veículos;Colisão transversal;Com Vítimas Feridas;Pleno dia;Crescente;Céu Claro;Dupla;"Retorno Regulamentado;Curva";Sim;2;0;1;0;0;1;1;2;-20,273526;-40,39191;SPRF-ES;DEL01-ES;UOP01-DEL01-ES
725909;18/10/2025;sábado;16:00:00;MT;70;4;BARRA DO GARCAS;Chuva;Queda de ocupante de veículo;Com Vítimas Feridas;Pleno dia;Crescente;Chuva;Dupla;Reta;Sim;1;0;1;0;0;0;1;1;-15,8776734;-52,2983449;SPRF-MT;DEL07-MT;UOP01-DEL07-MT
725910;18/10/2025;sábado;15:00:00;RJ;40;38;AREAL;Ingestão de álcool pelo condutor;Tombamento;Com Vítimas Feridas;Pleno dia;Crescente;Chuva;Dupla;"Curva;Declive";Sim;2;0;1;1;0;0;2;1;-22,228971;-43,1195167;SPRF-RJ;DEL05-RJ;UOP02-DEL05-RJ
725911;18/10/2025;sábado;15:00:00;RJ;101;519;ANGRA DOS REIS;Reação tardia ou ineficiente do condutor;Tombamento;Com Vítimas Feridas;Pleno dia;Decrescente;Chuva;Simples;Curva;Não;2;0;2;0;0;0;2;1;-23,00976529;-44,4521827;SPRF-RJ;DEL03-RJ;UOP03-DEL03-RJ
725912;18/10/2025;sábado;15:35:00;ES;101;251;SERRA;Transitar no Acostamento;Tombamento;Com Vítimas Feridas;Pleno dia;Decrescente;Céu Claro;Simples;"Interseção de Vias;Reta";Sim;2;0;2;0;0;0;2;1;-20,09135221;-40,34191489;SPRF-ES;DEL02-ES;UOP01-DEL02-ES
725914;18/10/2025;sábado;14:20:00;MT;70;238;POXOREU;Reação tardia ou ineficiente do condutor;Saída de leito carroçável;Com Vítimas Feridas;Pleno dia;Crescente;Nublado;Simples;Reta;Não;1;0;1;0;0;0;1;1;-15,62981;-53,988285;SPRF-MT;DEL05-MT;UOP01-DEL05-MT
725915;18/10/2025;sábado;17:20:00;SC;101;333,7;TUBARAO;Desrespeitar a preferência no cruzamento;Colisão transversal;Com Vítimas Feridas;Pleno dia;Decrescente;Garoa/Chuvisco;Múltipla;Reta;Sim;2;0;1;0;1;0;1;2;-28,46970046;-49,01504159;SPRF-SC;DEL02-SC;UOP01-DEL02-SC
725916;18/10/2025;sábado;18:00:00;CE;116;22,9;AQUIRAZ;Pedestre - Ingestão de álcool/ substâncias psicoativas;Atropelamento de Pedestre;Com Vítimas Feridas;Anoitecer;Decrescente;Céu Claro;Dupla;Reta;Não;2;0;1;1;0;0;2;2;-3,95733103;-38,51278472;SPRF-CE;DEL01-CE;UOP02-DEL01-CE
725917;18/10/2025;sábado;16:40:00;SC;101;57,7;ARAQUARI;Acumulo de água sobre o pavimento;Colisão com objeto;Sem Vítimas;Pleno dia;Crescente;Chuva;Dupla;Curva;Não;1;0;0;0;1;0;0;1;-26,43858525;-48,80306594;SPRF-SC;DEL03-SC;UOP01-DEL03-SC
725918;18/10/2025;sábado;17:50:00;RS;116;263;CANOAS;Ausência de reação do condutor;Colisão traseira;Com Vítimas Feridas;Pleno dia;Decrescente;Céu Claro;Simples;"Curva;Retorno Regulamentado";Sim;2;0;2;0;0;0;2;2;-29,9025795;-51,17642773;SPRF-RS;DEL01-RS;UOP01-DEL01-RS
725922;18/10/2025;sábado;16:10:00;PR;277;115;CAMPO LARGO;Reação tardia ou ineficiente do condutor;Saída de leito carroçável;Sem Vítimas;Pleno dia;Decrescente;Chuva;Dupla;Reta;Não;1;0;0;0;0;1;0;1;-25,434;-49,4372;SPRF-PR;DEL03-PR;UOP03-DEL03-PR
725923;18/10/2025;sábado;17:15:00;SC;282;466;PONTE SERRADA;Ausência de reação do condutor;Saída de leito carroçável;Com Vítimas Feridas;Pleno dia;Decrescente;Chuva;Simples;Reta;Não;3;0;2;0;1;0;2;1;-26,8683662;-52,022973;SPRF-SC;DEL07-SC;UOP04-DEL07-SC
725924;18/10/2025;sábado;17:00:00;PA;163;989;SANTAREM;Acessar a via sem observar a presença dos outros veículos;Colisão transversal;Com Vítimas Feridas;Pleno dia;Decrescente;Céu Claro;Simples;Reta;Sim;2;0;1;0;1;0;1;2;-2,54455803;-54,72272873;SPRF-PA;DEL05-PA;UOP01-DEL05-PA
725926;18/10/2025;sábado;17:20:00;RJ;101;306;SAO GONCALO;Ausência de reação do condutor;Saída de leito carroçável;Com Vítimas Feridas;Anoitecer;Decrescente;Céu Claro;Dupla;Reta;Não;1;0;1;0;0;0;1;1;-22,78928717;-43,00606426;SPRF-RJ;DEL02-RJ;UOP02-DEL02-RJ
725927;18/10/2025;sábado;15:05:00;MS;359;201,7;COXIM;Acumulo de água sobre o pavimento;Saída de leito carroçável;Com Vítimas Feridas;Pleno dia;Crescente;Chuva;Simples;"Aclive;Curva";Não;4;0;4;0;0;0;4;1;-18,441169;-54,49224;SPRF-MS;DEL06-MS;UOP01-DEL06-MS
725928;18/10/2025;sábado;14:20:00;SC;101;144;ITAPEMA;Manobra de mudança de faixa;Colisão lateral mesmo sentido;Com Vítimas Feridas;Pleno dia;Decrescente;Nublado;Dupla;Reta;Sim;2;0;1;0;1;0;1;2;-27,07396331;-48,59693067;SPRF-SC;DEL04-SC;UOP03-DEL04-SC
725931;18/10/2025;sábado;16:00:00;SC;101;165;TIJUCAS;Demais falhas mecânicas ou elétricas;Incêndio;Sem Vítimas;Pleno dia;Crescente;Nublado;Dupla;Reta;Sim;1;0;0;0;1;0;0;1;-27,25243683;-48,63148007;SPRF-SC;DEL04-SC;UOP03-DEL04-SC
725932;18/10/2025;sábado;18:10:00;SC;101;144;ITAPEMA;Ingestão de álcool pelo condutor;Atropelamento de Pedestre;Com Vítimas Feridas;Anoitecer;Decrescente;Nublado;Dupla;Reta;Não;2;0;1;0;1;0;1;2;-27,0659544;-48,5955685;SPRF-SC;DEL04-SC;UOP03-DEL04-SC
725933;18/10/2025;sábado;18:30:00;RS;116;151,9;CAXIAS DO SUL;Reação tardia ou ineficiente do condutor;Colisão com objeto;Com Vítimas Feridas;Plena Noite;Crescente;Nublado;Dupla;"Curva;Em Obras";Sim;1;0;1;0;0;0;1;1;-29,1833035;-51,1680975;SPRF-RS;DEL05-RS;UOP01-DEL05-RS
725934;18/10/2025;sábado;16:50:00;RR;432;209;CANTA;Ausência de reação do condutor;Colisão frontal;Com Vítimas Feridas;Pleno dia;Crescente;Céu Claro;Simples;Ponte;Sim;4;0;1;0;3;0;1;2;2,78934865;-60,60940415;SPRF-RR;DEL01-RR;UOP01-DEL01-RR
725935;18/10/2025;sábado;19:18:00;PE;408;75,7;PAUDALHO;Pedestre cruzava a pista fora da faixa;Atropelamento de Pedestre;Com Vítimas Feridas;Plena Noite;Decrescente;Céu Claro;Dupla;Reta;Sim;2;0;0;1;1;0;1;2;-7,94652;-35,11345;SPRF-PE;DEL01-PE;UOP01-DEL01-PE
725936;18/10/2025;sábado;17:45:00;RO;364;16;VILHENA;Ingestão de álcool pelo condutor;Colisão transversal;Sem Vítimas;Plena Noite;Crescente;Nublado;Simples;Interseção de Vias;Sim;3;0;0;0;3;0;0;2;-12,73458196;-60,15447021;SPRF-RO;DEL04-RO;UOP01-DEL04-RO
725937;18/10/2025;sábado;18:40:00;PR;376;679;GUARATUBA;Chuva;Colisão com objeto;Sem Vítimas;Plena Noite;Crescente;Chuva;Dupla;Curva;Não;1;0;0;0;1;0;0;1;-25,95502771;-48,90080899;SPRF-PR;DEL01-PR;UOP04-DEL01-PR
725939;18/10/2025;sábado;18:35:00;GO;153;520;HIDROLANDIA;Condutor deixou de manter distância do veículo da frente;Colisão traseira;Sem Vítimas;Anoitecer;Decrescente;Céu Claro;Dupla;Reta;Sim;2;0;0;0;2;0;0;2;-16,887925;-49,254228;SPRF-GO;DEL01-GO;UOP03-DEL01-GO
725940;18/10/2025;sábado;18:50:00;SC;101;20,5;BIGUACU;Ausência de reação do condutor;Colisão com objeto;Com Vítimas Feridas;Plena Noite;Crescente;Nublado;Dupla;Reta;Não;2;0;2;0;0;0;2;1;-27,49470956;-48,71399816;SPRF-SC;DEL01-SC;UOP02-DEL01-SC
725941;24/09/2025;quarta-feira;16:50:00;RN;226;3,6;NATAL;Acessar a via sem observar a presença dos outros veículos;Colisão transversal;Com Vítimas Feridas;Pleno dia;Crescente;Céu Claro;Simples;Reta;Sim;2;0;1;0;1;0;1;2;-5,820032;-35,25689;SPRF-RN;DEL01-RN;UOP02-DEL01-RN
725942;18/10/2025;sábado;20:00:00;RJ;356;158;CAMPOS DOS GOYTACAZES;Ausência de reação do condutor;Colisão traseira;Com Vítimas Feridas;Plena Noite;Crescente;Chuva;Simples;Reta;Não;2;0;1;0;0;1;1;2;-21,7366666;-41,1997024;SPRF-RJ;DEL08-RJ;UOP02-DEL08-RJ
725943;18/10/2025;sábado;17:40:00;SP;116;46;CANAS;Chuva;Colisão com objeto;Com Vítimas Feridas;Anoitecer;Decrescente;Chuva;Dupla;Reta;Sim;1;0;1;0;0;0;1;1;-22,71321724;-45,05266951;SPRF-SP;DEL08-SP;UOP02-DEL08-SP
725944;18/10/2025;sábado;19:20:00;RN;406;161,5;CEARA-MIRIM;Transitar na contramão;Colisão frontal;Com Vítimas Feridas;Plena Noite;Crescente;Céu Claro;Simples;"Declive;Reta";Sim;2;0;0;1;1;0;1;2;-5,723412;-35,36472;SPRF-RN;DEL02-RN;UOP01-DEL02-RN
725945;18/10/2025;sábado;19:30:00;RN;101;94;NATAL;Pedestre - Ingestão de álcool/ substâncias psicoativas;Atropelamento de Pedestre;Com Vítimas Feridas;Plena Noite;Crescente;Céu Claro;Dupla;Reta;Sim;2;0;1;0;1;0;1;2;-5,831648;-35,212027;SPRF-RN;DEL01-RN;UOP01-DEL01-RN
725947;18/10/2025;sábado;18:20:00;RJ;101;482;ANGRA DOS REIS;Acessar a via sem observar a presença dos outros veículos;Colisão transversal;Com Vítimas Feridas;Anoitecer;Decrescente;Chuva;Dupla;Reta;Sim;4;0;2;0;2;0;2;2;-23,00462794;-44,29798015;SPRF-RJ;DEL03-RJ;UOP03-DEL03-RJ
725948;18/10/2025;sábado;18:45:00;GO;60;172,9;ABADIA DE GOIAS;Pedestre andava na pista;Atropelamento de Pedestre;Com Vítimas Fatais;Plena Noite;Crescente;Garoa/Chuvisco;Dupla;Reta;Não;2;1;0;0;1;0;0;2;-16,75130775;-49,43060788;SPRF-GO;DEL01-GO;UOP02-DEL01-GO
725949;18/10/2025;sábado;19:21:00;PE;101;189;PALMARES;Ingestão de álcool pelo condutor;Capotamento;Com Vítimas Feridas;Plena Noite;Decrescente;Céu Claro;Dupla;Curva;Não;1;0;0;1;0;0;1;1;-8,69929542;-35,60870111;SPRF-PE;DEL01-PE;UOP03-DEL01-PE
725950;18/10/2025;sábado;20:00:00;ES;101;274,5;SERRA;Reação tardia ou ineficiente do condutor;Saída de leito carroçável;Com Vítimas Feridas;Plena Noite;Crescente;Céu Claro;Dupla;Reta;Não;1;0;0;1;0;0;1;1;-20,0488505;-40,3866982;SPRF-ES;DEL02-ES;UOP01-DEL02-ES
725951;18/10/2025;sábado;20:12:00;PE;232;8;RECIFE;Acumulo de areia ou detritos sobre o pavimento;Tombamento;Com Vítimas Feridas;Plena Noite;Decrescente;Céu Claro;Múltipla;Reta;Sim;1;0;1;0;0;0;1;1;-8,07597;-34,96975;SPRF-PE;DEL01-PE;UOP01-DEL01-PE
725952;18/10/2025;sábado;20:35:00;RJ;101;81;CAMPOS DOS GOYTACAZES;Reação tardia ou ineficiente do condutor;Colisão lateral mesmo sentido;Com Vítimas Fatais;Plena Noite;Decrescente;Chuva;Simples;Curva;Não;3;1;0;1;1;0;1;3;-21,830801;-41,452946;SPRF-RJ;DEL08-RJ;UOP02-DEL08-RJ
725953;18/10/2025;sábado;19:30:00;SC;282;340,9;CAMPOS NOVOS;Condutor Dormindo;Saída de leito carroçável;Sem Vítimas;Plena Noite;Crescente;Nublado;Simples;"Aclive;Curva";Não;1;0;0;0;1;0;0;1;-27,388147;-51,204041;SPRF-SC;DEL07-SC;UOP06-DEL07-SC
725954;18/10/2025;sábado;20:40:00;MG;262;353;BETIM;Velocidade Incompatível;Saída de leito carroçável;Com Vítimas Feridas;Plena Noite;Decrescente;Céu Claro;Dupla;Reta;Não;4;0;4;0;0;0;4;1;-19,981148;-44,248972;SPRF-MG;DEL01-MG;UOP03-DEL01-MG
725956;18/10/2025;sábado;20:30:00;ES;101;136,6;LINHARES;Reação tardia ou ineficiente do condutor;Colisão traseira;Sem Vítimas;Plena Noite;Crescente;Céu Claro;Simples;Reta;Não;2;0;0;0;1;1;0;2;-19,28982667;-40,086265;SPRF-ES;DEL04-ES;UOP01-DEL04-ES
725958;18/10/2025;sábado;20:30:00;GO;40;3;VALPARAISO DE GOIAS;Pedestre - Ingestão de álcool/ substâncias psicoativas;Atropelamento de Pedestre;Com Vítimas Feridas;Plena Noite;Decrescente;Nublado;Dupla;Reta;Sim;2;0;1;0;1;0;1;2;-16,07767;-47,985768;SPRF-DF;DEL01-DF;UOP01-DEL01-DF
725959;18/10/2025;sábado;18:00:00;RO;364;402;OURO PRETO DO OESTE;Ultrapassagem Indevida;Colisão lateral sentido oposto;Com Vítimas Fatais;Anoitecer;Decrescente;Céu Claro;Simples;Reta;Não;7;2;0;4;1;0;4;3;-10,58241183;-62,36085455;SPRF-RO;DEL03-RO;UOP02-DEL03-RO
725961;18/10/2025;sábado;21:00:00;RS;290;80;GRAVATAI;Ingestão de álcool pelo condutor;Colisão com objeto;Sem Vítimas;Plena Noite;Decrescente;Nublado;Simples;Curva;Sim;1;0;0;0;0;1;0;1;-29,95485861;-51,03362727;SPRF-RS;DEL01-RS;UOP01-DEL01-RS
725962;18/10/2025;sábado;17:10:00;SC;282;78,5;RANCHO QUEIMADO;Velocidade Incompatível;Saída de leito carroçável;Com Vítimas Feridas;Pleno dia;Crescente;Chuva;Simples;Curva;Não;5;0;3;0;2;0;3;1;-27,672113;-49,15163;SPRF-SC;DEL01-SC;UOP03-DEL01-SC
725964;12/10/2025;domingo;16:50:00;RJ;116;101,9;GUAPIMIRIM;Ausência de reação do condutor;Queda de ocupante de veículo;Com Vítimas Feridas;Pleno dia;Decrescente;Céu Claro;Simples;Curva;Não;1;0;1;0;0;0;1;1;-22,47473738;-43,0004468;SPRF-RJ;DEL04-RJ;UOP01-DEL04-RJ
725965;18/10/2025;sábado;21:20:00;RN;406;171;SAO GONCALO DO AMARANTE;Reação tardia ou ineficiente do condutor;Colisão transversal;Com Vítimas Feridas;Plena Noite;Decrescente;Céu Claro;Dupla;Reta;Não;2;0;1;0;0;1;1;2;-5,762777;-35,28773;SPRF-RN;DEL02-RN;UOP01-DEL02-RN
725967;18/10/2025;sábado;20:00:00;PI;343;591,6;FLORIANO;Demais falhas mecânicas ou elétricas;Tombamento;Com Vítimas Feridas;Plena Noite;Crescente;Céu Claro;Dupla;"Reta;Declive";Sim;1;0;0;1;0;0;1;1;-6,77925626;-43,02830815;SPRF-PI;DEL03-PI;UOP01-DEL03-PI
725968;18/10/2025;sábado;18:50:00;MA;230;402;BALSAS;Manobra de mudança de faixa;Colisão lateral mesmo sentido;Com Vítimas Feridas;Plena Noite;Decrescente;Céu Claro;Simples;"Interseção de Vias;Reta";Sim;3;0;2;0;0;1;2;3;-7,51258524;-46,03325039;SPRF-MA;DEL05-MA;UOP01-DEL05-MA
725969;18/10/2025;sábado;20:50:00;MS;262;143,7;AGUA CLARA;Ingestão de álcool pelo condutor;Saída de leito carroçável;Com Vítimas Feridas;Plena Noite;Decrescente;Nublado;Dupla;Reta;Sim;3;0;2;1;0;0;3;1;-20,44409674;-52,88049317;SPRF-MS;DEL07-MS;UOP02-DEL07-MS
725970;10/10/2025;sexta-feira;23:22:00;GO;70;47,5;COCALZINHO DE GOIAS;Ultrapassagem Indevida;Colisão lateral sentido oposto;Com Vítimas Feridas;Plena Noite;Crescente;Céu Claro;Simples;"Reta;Declive";Não;3;0;2;0;1;0;2;2;-15,752234;-48,591574;SPRF-DF;DEL03-DF;UOP02-DEL03-DF
725971;18/10/2025;sábado;21:30:00;SC;101;207,1;SAO JOSE;Ausência de reação do condutor;Colisão traseira;Com Vítimas Feridas;Plena Noite;Crescente;Nublado;Dupla;"Reta;Aclive";Sim;7;0;2;1;4;0;3;3;-27,6015108;-48,62587301;SPRF-SC;DEL01-SC;UOP01-DEL01-SC
725973;18/10/2025;sábado;15:15:00;BA;116;359;SERRINHA;Ultrapassagem Indevida;Colisão transversal;Com Vítimas Feridas;Pleno dia;Crescente;Sol;Simples;Reta;Sim;2;0;0;1;0;1;1;2;-11,660573;-38,99815;SPRF-BA;DEL02-BA;UOP01-DEL02-BA
725975;18/10/2025;sábado;21:00:00;PE;232;463;MIRANDIBA;Transitar na contramão;Colisão frontal;Com Vítimas Fatais;Plena Noite;Crescente;Céu Claro;Simples;Curva;Não;4;2;0;2;0;0;2;2;-8,024813;-38,744417;SPRF-PE;DEL05-PE;UOP01-DEL05-PE
725976;18/10/2025;sábado;23:08:00;BA;116;756,3;POCOES;Ultrapassagem Indevida;Colisão frontal;Com Vítimas Fatais;Plena Noite;Crescente;Céu Claro;Simples;Reta;Sim;2;2;0;0;0;0;0;2;-14,51753;-40,37052;SPRF-BA;DEL08-BA;UOP02-DEL08-BA
725977;18/10/2025;sábado;21:20:00;RO;364;343;JI-PARANA;Desrespeitar a preferência no cruzamento;Colisão transversal;Com Vítimas Feridas;Plena Noite;Crescente;Céu Claro;Dupla;Reta;Sim;2;0;0;1;0;1;1;2;-10,874155;-61,951838;SPRF-RO;DEL02-RO;UOP01-DEL02-RO
725978;18/10/2025;sábado;19:05:00;MT;364;542,8;ROSARIO OESTE;Desrespeitar a preferência no cruzamento;Colisão transversal;Com Vítimas Feridas;Plena Noite;Crescente;Nublado;Simples;Reta;Sim;2;0;1;0;0;1;1;2;-14,83887191;-56,43908054;SPRF-MT;DEL01-MT;UOP01-DEL01-MT
725979;18/10/2025;sábado;21:30:00;MT;163;760;SORRISO;Animais na Pista;Atropelamento de Animal;Com Vítimas Feridas;Pleno dia;Crescente;Céu Claro;Simples;"Em Obras;Reta";Não;2;0;1;0;1;0;1;1;-12,489384;-55,682848;SPRF-MT;DEL06-MT;UOP01-DEL06-MT
725980;18/10/2025;sábado;21:00:00;SC;101;366;SANGAO;Demais falhas mecânicas ou elétricas;Incêndio;Sem Vítimas;Plena Noite;Crescente;Nublado;Dupla;Reta;Sim;1;0;0;0;1;0;0;1;-28,69721;-49,17728;SPRF-SC;DEL02-SC;UOP01-DEL02-SC
725981;18/10/2025;sábado;22:06:00;SC;101;318,2;PESCARIA BRAVA;Ausência de reação do condutor;Colisão traseira;Com Vítimas Fatais;Plena Noite;Crescente;Nublado;Múltipla;Reta;Não;2;1;0;0;1;0;0;2;-28,42881691;-48,8792038;SPRF-SC;DEL02-SC;UOP01-DEL02-SC