id;data_inversa;dia_semana;horario;uf;br;km;municipio;causa_acidente;tipo_acidente;classificacao_acidente;fase_dia;sentido_via;condicao_metereologica;tipo_pista;tracado_via;uso_solo;pessoas;mortos;feridos_leves;feridos_graves;ilesos;ignorados;feridos;veiculos;latitude;longitude;regional;delegacia;uop
725982;18/10/2025;sábado;23:10:00;PR;369;146;LONDRINA;Ingestão de álcool pelo condutor;Colisão transversal;Com Vítimas Feridas;Plena Noite;Decrescente;Céu Claro;Dupla;Retorno Regulamentado;Sim;4;0;1;0;1;2;1;3;-23,29292408;-51,12297893;SPRF-PR;DEL07-PR;UOP01-DEL07-PR
725985;18/10/2025;sábado;22:50:00;PR;116;126;FAZENDA RIO GRANDE;Ingestão de álcool pelo condutor;Capotamento;Com Vítimas Feridas;Plena Noite;Crescente;Céu Claro;Dupla;Reta;Sim;5;0;1;0;4;0;1;1;-25,6489909;-49,3135191;SPRF-PR;DEL01-PR;UOP03-DEL01-PR
725986;18/10/2025;sábado;23:30:00;SP;101;51,6;UBATUBA;Acessar a via sem observar a presença dos outros veículos;Colisão lateral mesmo sentido;Com Vítimas Feridas;Plena Noite;Decrescente;Nublado;Simples;Reta;Sim;3;0;2;0;1;0;2;2;-23,45979955;-45,06742486;SPRF-SP;DEL06-SP;UOP01-DEL06-SP
725988;19/10/2025;domingo;00:05:00;PR;116;59;CAMPINA GRANDE DO SUL;Ausência de reação do condutor;Saída de leito carroçável;Com Vítimas Feridas;Plena Noite;Crescente;Céu Claro;Dupla;"Curva;Aclive";Não;2;0;2;0;0;0;2;1;-25,305158;-48,948479;SPRF-PR;DEL01-PR;UOP02-DEL01-PR
725989;18/10/2025;sábado;22:50:00;BA;324;409;NOVA FATIMA;Transitar na contramão;Colisão lateral sentido oposto;Sem Vítimas;Plena Noite;Decrescente;Céu Claro;Simples;Reta;Não;27;0;0;0;26;1;0;2;-11,65391764;-39,58099365;SPRF-BA;DEL04-BA;UOP02-DEL04-BA
725990;19/10/2025;domingo;00:20:00;MS;163;307;DOURADINA;Ausência de reação do condutor;Atropelamento de Pedestre;Com Vítimas Feridas;Plena Noite;Decrescente;Céu Claro;Simples;Reta;Não;2;0;0;1;1;0;1;2;-21,91511995;-54,53482247;SPRF-MS;DEL02-MS;UOP02-DEL02-MS
725992;19/10/2025;domingo;01:20:00;SP;116;36,7;CACHOEIRA PAULISTA;Condutor Dormindo;Colisão traseira;Com Vítimas Feridas;Plena Noite;Decrescente;Chuva;Dupla;Reta;Não;2;0;0;1;1;0;1;2;-22,66454523;-44,98381607;SPRF-SP;DEL08-SP;UOP02-DEL08-SP
725993;19/10/2025;domingo;02:10:00;TO;10;473;PALMAS;Ausência de reação do condutor;Saída de leito carroçável;Com Vítimas Feridas;Plena Noite;Crescente;Céu Claro;Simples;Reta;Não;2;0;1;1;0;0;2;1;-10,24399;-48,23424;SPRF-TO;DEL01-TO;UOP03-DEL01-TO
725994;19/10/2025;domingo;02:00:00;GO;414;377;COCALZINHO DE GOIAS;Condutor Dormindo;Colisão lateral sentido oposto;Sem Vítimas;Plena Noite;Crescente;Chuva;Simples;Reta;Não;2;0;0;0;0;2;0;2;-15,80309141;-48,77949134;SPRF-GO;DEL02-GO;UOP01-DEL02-GO
725995;19/10/2025;domingo;01:25:00;SC;470;5,1;NAVEGANTES;Condutor Dormindo;Colisão traseira;Com Vítimas Feridas;Plena Noite;Decrescente;Céu Claro;Dupla;Reta;Sim;2;0;1;0;1;0;1;2;-26,85552257;-48,70091049;SPRF-SC;DEL04-SC;UOP04-DEL04-SC
725996;19/10/2025;domingo;02:00:00;PI;316;2;TERESINA;Acessar a via sem observar a presença dos outros veículos;Colisão lateral mesmo sentido;Com Vítimas Feridas;Plena Noite;Crescente;Céu Claro;Dupla;"Reta;Interseção de Vias";Sim;3;0;2;0;1;0;2;2;-5,12498195;-42,79459122;SPRF-PI;DEL01-PI;UOP02-DEL01-PI
725997;19/10/2025;domingo;02:20:00;ES;101;151;LINHARES;Ingestão de álcool pelo condutor;Colisão traseira;Com Vítimas Feridas;Plena Noite;Decrescente;Nublado;Simples;"Reta;Ponte";Sim;2;0;1;0;0;1;1;2;-19,41197171;-40,06611963;SPRF-ES;DEL04-ES;UOP01-DEL04-ES
725999;19/10/2025;domingo;03:00:00;TO;10;473;PALMAS;Ausência de reação do condutor;Saída de leito carroçável;Com Vítimas Feridas;Plena Noite;Decrescente;Céu Claro;Simples;Reta;Não;1;0;1;0;0;0;1;1;-10,24393;-48,23434;SPRF-TO;DEL01-TO;UOP03-DEL01-TO
726001;19/10/2025;domingo;02:20:00;RS;293;11,6;CAPAO DO LEAO;Reação tardia ou ineficiente do condutor;Saída de leito carroçável;Com Vítimas Feridas;Plena Noite;Crescente;Céu Claro;Simples;Curva;Sim;2;0;2;0;0;0;2;1;-31,75694431;-52,43686438;SPRF-RS;DEL07-RS;UOP01-DEL07-RS
726002;19/10/2025;domingo;02:15:00;PI;343;12,8;PARNAIBA;Acessar a via sem observar a presença dos outros veículos;Colisão transversal;Com Vítimas Feridas;Plena Noite;Decrescente;Céu Claro;Dupla;Reta;Sim;2;0;1;0;1;0;1;2;-2,9181156;-41,75409436;SPRF-PI;DEL05-PI;UOP01-DEL05-PI
726003;19/10/2025;domingo;02:50:00;GO;40;8,6;VALPARAISO DE GOIAS;Acessar a via sem observar a presença dos outros veículos;Colisão lateral mesmo sentido;Com Vítimas Feridas;Plena Noite;Crescente;Nublado;Dupla;Reta;Sim;3;0;2;0;1;0;2;2;-16,120974;-47,964558;SPRF-DF;DEL01-DF;UOP01-DEL01-DF
726004;19/10/2025;domingo;01:15:00;RO;319;144;PORTO VELHO;Conversão proibida;Colisão lateral mesmo sentido;Com Vítimas Feridas;Plena Noite;Crescente;Céu Claro;Dupla;Interseção de Vias;Sim;7;0;0;2;4;1;2;3;-8,76734114;-63,88426006;SPRF-RO;DEL01-RO;UOP01-DEL01-RO
726005;18/10/2025;sábado;23:00:00;PI;135;254;ALVORADA DO GURGUEIA;Transitar na contramão;Colisão frontal;Com Vítimas Fatais;Plena Noite;Crescente;Céu Claro;Simples;Curva;Não;3;2;0;0;0;1;0;2;-8,406413;-43,864227;SPRF-PI;DEL03-PI;UOP02-DEL03-PI
726006;19/10/2025;domingo;03:00:00;MG;381;489;BETIM;Ausência de reação do condutor;Colisão com objeto;Com Vítimas Feridas;Plena Noite;Crescente;Céu Claro;Dupla;Reta;Não;1;0;1;0;0;0;1;1;-19,95661922;-44,13949058;SPRF-MG;DEL01-MG;UOP03-DEL01-MG
726007;19/10/2025;domingo;02:30:00;SP;381;73;SAO PAULO;Deficiência do Sistema de Iluminação/Sinalização;Atropelamento de Pedestre;Com Vítimas Feridas;Plena Noite;Crescente;Nublado;Dupla;Declive;Não;2;0;1;0;1;0;1;2;-23,37250213;-46,55767813;SPRF-SP;DEL03-SP;UOP01-DEL03-SP
726008;19/10/2025;domingo;03:40:00;GO;40;23;LUZIANIA;Condutor Dormindo;Saída de leito carroçável;Com Vítimas Feridas;Plena Noite;Crescente;Ignorado;Dupla;Reta;Sim;1;0;1;0;0;0;1;1;-16,225832;-47,914346;SPRF-DF;DEL01-DF;UOP01-DEL01-DF
726009;19/10/2025;domingo;02:50:00;RS;386;38,8;FREDERICO WESTPHALEN;Reação tardia ou ineficiente do condutor;Saída de leito carroçável;Com Vítimas Feridas;Plena Noite;Decrescente;Céu Claro;Simples;Curva;Não;4;0;1;2;1;0;3;1;-27,39987895;-53,4034222;SPRF-RS;DEL08-RS;UOP02-DEL08-RS
726011;19/10/2025;domingo;03:10:00;BA;101;504;ITABUNA;Ingestão de álcool pelo condutor;Colisão traseira;Com Vítimas Feridas;Plena Noite;Crescente;Céu Claro;Simples;Reta;Não;3;0;1;0;2;0;1;2;-14,78344;-39,28991;SPRF-BA;DEL05-BA;UOP01-DEL05-BA
726012;19/10/2025;domingo;02:45:00;RJ;101;314;SAO GONCALO;Ausência de reação do condutor;Colisão traseira;Com Vítimas Feridas;Plena Noite;Decrescente;Chuva;Dupla;Reta;Sim;2;0;0;1;1;0;1;2;-22,81464978;-43,07521389;SPRF-RJ;DEL02-RJ;UOP02-DEL02-RJ
726013;19/10/2025;domingo;04:00:00;SC;101;233;PALHOCA;Reação tardia ou ineficiente do condutor;Tombamento;Com Vítimas Feridas;Plena Noite;Decrescente;Chuva;Dupla;Curva;Não;1;0;1;0;0;0;1;1;-27,80780299;-48,63861964;SPRF-SC;DEL01-SC;UOP02-DEL01-SC
726015;19/10/2025;domingo;04:25:00;SC;101;206,7;SAO JOSE;Ingestão de álcool pelo condutor;Colisão lateral mesmo sentido;Sem Vítimas;Plena Noite;Decrescente;Nublado;Dupla;"Declive;Reta";Sim;2;0;0;0;1;1;0;2;-27,59913382;-48,62167804;SPRF-SC;DEL01-SC;UOP01-DEL01-SC
726016;19/10/2025;domingo;02:50:00;PR;369;148;LONDRINA;Ausência de reação do condutor;Colisão com objeto;Com Vítimas Feridas;Plena Noite;Crescente;Nublado;Dupla;"Curva;Declive";Sim;1;0;1;0;0;0;1;1;-23,292847;-51,147545;SPRF-PR;DEL07-PR;UOP01-DEL07-PR
726017;19/10/2025;domingo;04:30:00;MG;459;79;SENADOR JOSE BENTO;Condutor Dormindo;Colisão com objeto;Com Vítimas Feridas;Plena Noite;Decrescente;Céu Claro;Simples;Curva;Não;4;0;4;0;0;0;4;1;-22,154323;-46,123083;SPRF-MG;DEL09-MG;UOP01-DEL09-MG
726018;19/10/2025;domingo;04:10:00;RS;392;41;RIO GRANDE;Condutor Dormindo;Saída de leito carroçável;Com Vítimas Feridas;Plena Noite;Crescente;Céu Claro;Dupla;Reta;Sim;2;0;2;0;0;0;2;1;-31,94517063;-52,31002808;SPRF-RS;DEL07-RS;UOP02-DEL07-RS
726019;19/10/2025;domingo;02:50:00;BA;101;926,3;NOVA VICOSA;Transitar na contramão;Colisão lateral sentido oposto;Com Vítimas Feridas;Plena Noite;Crescente;Céu Claro;Simples;Reta;Não;3;0;1;1;1;0;2;2;-17,93821;-39,850417;SPRF-BA;DEL09-BA;UOP02-DEL09-BA
726025;19/10/2025;domingo;02:00:00;PR;467;108,7;CASCAVEL;Manobra de mudança de faixa;Colisão traseira;Com Vítimas Feridas;Plena Noite;Decrescente;Ignorado;Dupla;Curva;Sim;2;0;0;1;0;1;1;2;-24,92871118;-53,44495947;SPRF-PR;DEL04-PR;UOP01-DEL04-PR
726026;19/10/2025;domingo;04:45:00;SC;282;668,8;PARAISO;Ausência de reação do condutor;Saída de leito carroçável;Com Vítimas Feridas;Plena Noite;Crescente;Céu Claro;Simples;"Declive;Reta";Não;2;0;1;0;1;0;1;1;-26,66941308;-53,5980595;SPRF-SC;DEL07-SC;UOP03-DEL07-SC
726027;19/10/2025;domingo;05:30:00;MG;116;193;CARAI;Desrespeitar a preferência no cruzamento;Colisão lateral mesmo sentido;Com Vítimas Feridas;Amanhecer;Crescente;Céu Claro;Simples;"Aclive;Curva";Não;5;0;0;1;4;0;1;2;-17,18395;-41,48635;SPRF-MG;DEL11-MG;UOP01-DEL11-MG
726028;18/10/2025;sábado;23:35:00;PI;230;11,6;FRONTEIRAS;Ausência de reação do condutor;Saída de leito carroçável;Com Vítimas Feridas;Plena Noite;Decrescente;Céu Claro;Simples;"Curva;Aclive";Não;1;0;0;1;0;0;1;1;-7,084208;-40,566707;SPRF-PI;DEL04-PI;UOP03-DEL04-PI
726029;19/10/2025;domingo;05:45:00;SP;116;221;GUARULHOS;Ausência de reação do condutor;Saída de leito carroçável;Sem Vítimas;Pleno dia;Decrescente;Chuva;Múltipla;Reta;Sim;1;0;0;0;1;0;0;1;-23,46988395;-46,5131077;SPRF-SP;DEL01-SP;UOP01-DEL01-SP
726031;18/10/2025;sábado;18:10:00;PE;101;46;IGARASSU;Pedestre - Ingestão de álcool/ substâncias psicoativas;Atropelamento de Pedestre;Com Vítimas Feridas;Plena Noite;Decrescente;Céu Claro;Múltipla;Reta;Sim;2;0;1;0;1;0;1;2;-7,87556608;-34,90558717;SPRF-PE;DEL01-PE;UOP02-DEL01-PE
726032;19/10/2025;domingo;05:40:00;MG;50;72;UBERLANDIA;Ingestão de álcool pelo condutor;Colisão com objeto;Sem Vítimas;Amanhecer;Crescente;Céu Claro;Dupla;Reta;Não;1;0;0;0;1;0;0;1;-18,90248844;-48,23671214;SPRF-MG;DEL15-MG;UOP01-DEL15-MG
726033;19/10/2025;domingo;05:25:00;RS;392;668,1;CERRO LARGO;Ausência de reação do condutor;Saída de leito carroçável;Com Vítimas Fatais;Plena Noite;Decrescente;Céu Claro;Simples;Reta;Não;4;3;1;0;0;0;1;1;-28,1202589;-54,79539514;SPRF-RS;DEL10-RS;UOP01-DEL10-RS
726034;19/10/2025;domingo;05:40:00;PR;277;683;SAO MIGUEL DO IGUACU;Reação tardia ou ineficiente do condutor;Saída de leito carroçável;Sem Vítimas;Amanhecer;Decrescente;Céu Claro;Dupla;Curva;Sim;1;0;0;0;1;0;0;1;-25,33318956;-54,19305531;SPRF-PR;DEL05-PR;UOP01-DEL05-PR
726035;19/10/2025;domingo;06:30:00;MG;381;3;BETIM;Ausência de reação do condutor;Colisão lateral mesmo sentido;Com Vítimas Feridas;Pleno dia;Crescente;Nublado;Dupla;Reta;Não;2;0;0;1;0;1;1;2;-19,98644918;-44,17080338;SPRF-MG;DEL01-MG;UOP03-DEL01-MG
726036;19/10/2025;domingo;06:00:00;RS;293;155;HULHA NEGRA;Condutor Dormindo;Saída de leito carroçável;Sem Vítimas;Amanhecer;Decrescente;Céu Claro;Simples;"Reta;Aclive";Não;1;0;0;0;1;0;0;1;-31,393746;-53,821924;SPRF-RS;DEL11-RS;UOP03-DEL11-RS
726037;19/10/2025;domingo;06:40:00;PE;104;43,6;CARUARU;Ingestão de álcool pelo condutor;Capotamento;Com Vítimas Feridas;Pleno dia;Decrescente;Céu Claro;Dupla;Reta;Não;2;0;0;1;1;0;1;1;-8,10983;-36,01815;SPRF-PE;DEL02-PE;UOP01-DEL02-PE
726038;19/10/2025;domingo;06:30:00;SP;116;222;GUARULHOS;Ausência de reação do condutor;Saída de leito carroçável;Com Vítimas Feridas;Pleno dia;Decrescente;Céu Claro;Múltipla;Reta;Sim;1;0;1;0;0;0;1;1;-23,4755067;-46,5243892;SPRF-SP;DEL01-SP;UOP01-DEL01-SP
726039;19/10/2025;domingo;07:00:00;SC;282;414,9;CATANDUVAS;Ausência de reação do condutor;Saída de leito carroçável;Com Vítimas Feridas;Pleno dia;Crescente;Céu Claro;Simples;Reta;Não;1;0;1;0;0;0;1;1;-27,0707438;-51,6654797;SPRF-SC;DEL07-SC;UOP05-DEL07-SC
726041;19/10/2025;domingo;06:45:00;RS;290;186,2;MINAS DO LEAO;Reação tardia ou ineficiente do condutor;Saída de leito carroçável;Com Vítimas Feridas;Amanhecer;Decrescente;Céu Claro;Simples;Reta;Não;5;0;4;1;0;0;5;1;-30,14673977;-52,05815189;SPRF-RS;DEL02-RS;UOP03-DEL02-RS
726043;19/10/2025;domingo;06:50:00;SC;282;25;SANTO AMARO DA IMPERATRIZ;Reação tardia ou ineficiente do condutor;Saída de leito carroçável;Sem Vítimas;Pleno dia;Decrescente;Céu Claro;Simples;Curva;Não;1;0;0;0;0;1;0;1;-27,680417;-48,761643;SPRF-SC;DEL01-SC;UOP03-DEL01-SC
726044;19/10/2025;domingo;05:00:00;RJ;116;278,8;BARRA MANSA;Animais na Pista;Atropelamento de Animal;Com Vítimas Feridas;Amanhecer;Decrescente;Nublado;Dupla;Reta;Sim;2;0;1;0;1;0;1;1;-22,54907958;-44,18322293;SPRF-RJ;DEL07-RJ;UOP02-DEL07-RJ
726045;19/10/2025;domingo;07:31:00;PI;343;2;TERESINA;Ausência de reação do condutor;Colisão traseira;Com Vítimas Feridas;Pleno dia;Decrescente;Céu Claro;Dupla;Reta;Sim;3;0;2;0;1;0;2;2;-5,081761;-42,767902;SPRF-PI;DEL01-PI;UOP01-DEL01-PI
726046;19/10/2025;domingo;07:30:00;BA;324;544;AMELIA RODRIGUES;Reação tardia ou ineficiente do condutor;Colisão traseira;Sem Vítimas;Pleno dia;Decrescente;Sol;Dupla;Curva;Não;2;0;0;0;2;0;0;2;-12,4101883;-38,7520617;SPRF-BA;DEL01-BA;UOP03-DEL01-BA
726047;19/10/2025;domingo;08:00:00;SP;116;172;JACAREI;Reação tardia ou ineficiente do condutor;Colisão traseira;Com Vítimas Feridas;Pleno dia;Decrescente;Garoa/Chuvisco;Dupla;Reta;Não;4;0;4;0;0;0;4;2;-23,31528673;-46,07352197;SPRF-SP;DEL02-SP;UOP01-DEL02-SP
726048;19/10/2025;domingo;08:45:00;PB;230;142,1;MASSARANDUBA;Carga excessiva e/ou mal acondicionada;Derramamento de carga;Com Vítimas Feridas;Pleno dia;Decrescente;Nublado;Dupla;"Declive;Reta";Não;3;0;0;1;1;1;1;2;-7,255923;-35,819003;SPRF-PB;DEL02-PB;UOP01-DEL02-PB
726049;19/10/2025;domingo;08:00:00;BA;116;828;VITORIA DA CONQUISTA;Pista Escorregadia;Tombamento;Com Vítimas Feridas;Pleno dia;Crescente;Céu Claro;Simples;Reta;Sim;1;0;1;0;0;0;1;1;-14,898343;-40,867123;SPRF-BA;DEL08-BA;UOP01-DEL08-BA
726050;19/10/2025;domingo;07:50:00;ES;101;396,6;RIO NOVO DO SUL;Velocidade Incompatível;Saída de leito carroçável;Com Vítimas Feridas;Pleno dia;Decrescente;Chuva;Simples;Reta;Não;2;0;2;0;0;0;2;1;-20,8706;-40,944;SPRF-ES;DEL03-ES;UOP02-DEL03-ES
726052;19/10/2025;domingo;09:00:00;MG;40;820;SIMAO PEREIRA;Demais falhas mecânicas ou elétricas;Tombamento;Com Vítimas Feridas;Pleno dia;Crescente;Céu Claro;Dupla;Curva;Não;1;0;1;0;0;0;1;1;-21,95018178;-43,30209439;SPRF-MG;DEL05-MG;UOP01-DEL05-MG
726053;19/10/2025;domingo;07:00:00;MT;70;252;PRIMAVERA DO LESTE;Ausência de reação do condutor;Saída de leito carroçável;Com Vítimas Feridas;Pleno dia;Decrescente;Nublado;Simples;Reta;Não;1;0;0;1;0;0;1;1;-15,62766572;-54,12208557;SPRF-MT;DEL05-MT;UOP01-DEL05-MT
726054;19/10/2025;domingo;05:00:00;MT;163;829,9;SINOP;Ausência de reação do condutor;Saída de leito carroçável;Com Vítimas Feridas;Pleno dia;Decrescente;Céu Claro;Simples;Reta;Sim;1;0;0;1;0;0;1;1;-11,906704;-55,507066;SPRF-MT;DEL06-MT;UOP02-DEL06-MT
726055;19/10/2025;domingo;07:00:00;AC;364;138;RIO BRANCO;Manobra de mudança de faixa;Colisão lateral mesmo sentido;Com Vítimas Feridas;Pleno dia;Decrescente;Nublado;Dupla;Rotatória;Sim;2;0;1;0;1;0;1;2;-9,95311498;-67,8620953;SPRF-AC;DEL01-AC;UOP01-DEL01-AC
726056;19/10/2025;domingo;08:50:00;PR;376;176,7;MARINGA;Condutor desrespeitou a iluminação vermelha do semáforo;Colisão transversal;Com Vítimas Feridas;Pleno dia;Crescente;Sol;Dupla;"Reta;Interseção de Vias";Sim;4;0;1;1;1;1;2;3;-23,4124774;-51,93301527;SPRF-PR;DEL09-PR;UOP01-DEL09-PR
726057;19/10/2025;domingo;07:00:00;PE;408;81,6;SAO LOURENCO DA MATA;Velocidade Incompatível;Saída de leito carroçável;Com Vítimas Feridas;Pleno dia;Decrescente;Sol;Dupla;Reta;Não;2;0;0;2;0;0;2;1;-7,98306;-35,07994;SPRF-PE;DEL01-PE;UOP01-DEL01-PE
726060;29/09/2025;segunda-feira;19:30:00;PI;316;27;DEMERVAL LOBAO;Velocidade Incompatível;Capotamento;Com Vítimas Feridas;Plena Noite;Decrescente;Céu Claro;Múltipla;"Em Obras;Desvio Temporário";Não;1;0;1;0;0;0;1;1;-5,30915725;-42,70468354;SPRF-PI;DEL01-PI;UOP02-DEL01-PI
726062;19/10/2025;domingo;09:40:00;RJ;101;543;PARATY;Pista Escorregadia;Colisão transversal;Com Vítimas Feridas;Pleno dia;Crescente;Chuva;Simples;Curva;Sim;4;0;3;0;1;0;3;2;-23,04261953;-44,61777834;SPRF-RJ;DEL03-RJ;UOP04-DEL03-RJ
726063;19/10/2025;domingo;09:30:00;PR;376;159,8;MANDAGUACU;Conversão proibida;Colisão transversal;Com Vítimas Fatais;Pleno dia;Crescente;Céu Claro;Dupla;"Retorno Regulamentado;Curva;Aclive";Não;3;1;0;0;1;1;0;3;-23,365497;-52,081433;SPRF-PR;DEL09-PR;UOP02-DEL09-PR
726064;19/10/2025;domingo;10:00:00;MG;262;483;MOEMA;Avarias e/ou desgaste excessivo no pneu;Tombamento;Com Vítimas Feridas;Pleno dia;Decrescente;Nublado;Simples;"Aclive;Curva";Não;2;0;2;0;0;0;2;1;-19,78586;-45,37948;SPRF-MG;DEL08-MG;UOP03-DEL08-MG
726065;19/10/2025;domingo;10:40:00;RJ;116;79,1;TERESOPOLIS;Chuva;Colisão frontal;Com Vítimas Feridas;Pleno dia;Decrescente;Chuva;Simples;"Declive;Curva";Não;4;0;3;1;0;0;4;2;-22,37809964;-42,95208547;SPRF-RJ;DEL04-RJ;UOP01-DEL04-RJ
726067;19/10/2025;domingo;10:50:00;BA;116;17;VITORIA DA CONQUISTA;Mal súbito do condutor;Queda de ocupante de veículo;Com Vítimas Feridas;Pleno dia;Decrescente;Céu Claro;Simples;Reta;Sim;1;0;1;0;0;0;1;1;-14,901495;-40,83949;SPRF-BA;DEL08-BA;UOP01-DEL08-BA
726068;19/10/2025;domingo;10:30:00;SC;101;340;TUBARAO;Reação tardia ou ineficiente do condutor;Saída de leito carroçável;Sem Vítimas;Pleno dia;Decrescente;Céu Claro;Simples;Reta;Sim;1;0;0;0;0;1;0;1;-28,5113067;-49,0510217;SPRF-SC;DEL02-SC;UOP01-DEL02-SC
726070;19/10/2025;domingo;10:10:00;SP;116;327;JUQUITIBA;Acumulo de água sobre o pavimento;Colisão com objeto;Com Vítimas Feridas;Pleno dia;Decrescente;Garoa/Chuvisco;Dupla;Curva;Não;2;0;1;0;1;0;1;1;-23,93589864;-47,07408144;SPRF-SP;DEL04-SP;UOP03-DEL04-SP
726071;19/10/2025;domingo;10:15:00;SP;116;488;CAJATI;Reação tardia ou ineficiente do condutor;Queda de ocupante de veículo;Com Vítimas Feridas;Pleno dia;Decrescente;Nublado;Dupla;Reta;Sim;2;0;1;0;1;0;1;1;-24,73124061;-48,10295105;SPRF-SP;DEL05-SP;UOP01-DEL05-SP
726072;19/10/2025;domingo;11:25:00;PB;101;104;ALHANDRA;Demais falhas mecânicas ou elétricas;Incêndio;Sem Vítimas;Pleno dia;Crescente;Céu Claro;Dupla;Reta;Não;1;0;0;0;1;0;0;1;-7,31260249;-34,94608012;SPRF-PB;DEL01-PB;UOP01-DEL01-PB
726073;19/10/2025;domingo;08:38:00;PE;101;180,5;PALMARES;Acesso irregular;Colisão transversal;Sem Vítimas;Pleno dia;Crescente;Céu Claro;Dupla;Reta;Não;2;0;0;0;1;1;0;2;-8,641738;-35,56045;SPRF-PE;DEL01-PE;UOP03-DEL01-PE
726075;19/10/2025;domingo;11:40:00;PR;277;5;CURITIBA;Ausência de reação do condutor;Colisão lateral mesmo sentido;Com Vítimas Feridas;Pleno dia;Crescente;Céu Claro;Dupla;Reta;Sim;2;0;1;0;1;0;1;2;-25,43160939;-49,31522369;SPRF-PR;DEL01-PR;UOP05-DEL01-PR
726079;19/10/2025;domingo;12:00:00;PA;163;986;SANTAREM;Transitar na contramão;Colisão frontal;Com Vítimas Feridas;Pleno dia;Decrescente;Céu Claro;Simples;Reta;Sim;3;0;1;1;1;0;2;2;-2,58928668;-54,72007817;SPRF-PA;DEL05-PA;UOP01-DEL05-PA
726080;19/10/2025;domingo;10:40:00;PI;135;361,7;BOM JESUS;Reação tardia ou ineficiente do condutor;Saída de leito carroçável;Com Vítimas Feridas;Pleno dia;Crescente;Céu Claro;Simples;Declive;Não;1;0;1;0;0;0;1;1;-9,141148;-44,40061;SPRF-PI;DEL03-PI;UOP02-DEL03-PI
726081;19/10/2025;domingo;06:00:00;PR;163;50,5;PRANCHITA;Velocidade Incompatível;Saída de leito carroçável;Com Vítimas Feridas;Amanhecer;Crescente;Céu Claro;Simples;Curva;Não;3;0;1;0;1;1;1;1;-25,942208;-53,729356;SPRF-PR;DEL02-PR;UOP02-DEL02-PR
726082;19/10/2025;domingo;12:20:00;SC;101;137;BALNEARIO CAMBORIU;Manobra de mudança de faixa;Colisão lateral mesmo sentido;Com Vítimas Feridas;Pleno dia;Decrescente;Nublado;Dupla;Reta;Sim;2;0;1;0;1;0;1;2;-27,01651;-48,61152;SPRF-SC;DEL04-SC;UOP03-DEL04-SC
726083;11/10/2025;sábado;13:15:00;AL;104;93;RIO LARGO;Acessar a via sem observar a presença dos outros veículos;Colisão traseira;Com Vítimas Feridas;Pleno dia;Crescente;Céu Claro;Dupla;Reta;Sim;3;0;0;1;1;1;1;3;-9,52661204;-35,79928128;SPRF-AL;DEL01-AL;UOP01-DEL01-AL
726085;19/10/2025;domingo;13:00:00;MG;116;805;ALEM PARAIBA;Condutor Dormindo;Saída de leito carroçável;Com Vítimas Feridas;Pleno dia;Crescente;Céu Claro;Simples;Reta;Não;1;0;0;1;0;0;1;1;-21,807224;-42,702227;SPRF-MG;DEL07-MG;UOP01-DEL07-MG
726086;19/10/2025;domingo;06:00:00;MT;163;619;NOVA MUTUM;Acesso irregular;Saída de leito carroçável;Sem Vítimas;Pleno dia;Crescente;Céu Claro;Simples;"Em Obras;Reta";Não;1;0;0;0;1;0;0;1;-13,628511;-56,034024;SPRF-MT;DEL01-MT;UOP01-DEL01-MT
726087;19/10/2025;domingo;11:00:00;SC;480;127,4;CHAPECO;Ausência de reação do condutor;Colisão traseira;Com Vítimas Feridas;Pleno dia;Crescente;Céu Claro;Simples;"Reta;Aclive";Sim;5;0;1;0;4;0;1;3;-27,0220284;-52,635711;SPRF-SC;DEL07-SC;UOP01-DEL07-SC
726088;19/10/2025;domingo;13:00:00;RS;116;262;CANOAS;Demais falhas mecânicas ou elétricas;Tombamento;Com Vítimas Feridas;Pleno dia;Crescente;Nublado;Múltipla;Reta;Não;2;0;2;0;0;0;2;1;-29,89608907;-51,17609024;SPRF-RS;DEL01-RS;UOP01-DEL01-RS
726090;19/10/2025;domingo;13:08:00;SC;101;29,2;JOINVILLE;Manobra de mudança de faixa;Colisão com objeto;Com Vítimas Feridas;Pleno dia;Decrescente;Céu Claro;Dupla;"Reta;Declive";Sim;6;0;1;2;0;3;3;3;-26,22257283;-48,91620682;SPRF-SC;DEL03-SC;UOP01-DEL03-SC
726092;19/10/2025;domingo;11:10:00;RJ;393;191;PARAIBA DO SUL;Condutor deixou de manter distância do veículo da frente;Queda de ocupante de veículo;Com Vítimas Feridas;Pleno dia;Crescente;Nublado;Simples;Reta;Não;5;0;0;1;4;0;1;4;-22,20244535;-43,36802574;SPRF-RJ;DEL05-RJ;UOP03-DEL05-RJ
726093;19/10/2025;domingo;11:20:00;SC;282;71;RANCHO QUEIMADO;Reação tardia ou ineficiente do condutor;Saída de leito carroçável;Com Vítimas Feridas;Pleno dia;Decrescente;Nublado;Simples;"Curva;Declive";Não;1;0;1;0;0;0;1;1;-27,68953235;-49,09190297;SPRF-SC;DEL01-SC;UOP03-DEL01-SC
726094;19/10/2025;domingo;10:30:00;MG;381;746;TRES CORACOES;Manobra de mudança de faixa;Colisão lateral mesmo sentido;Com Vítimas Feridas;Pleno dia;Decrescente;Céu Claro;Dupla;Reta;Não;2;0;1;0;1;0;1;1;-21,616421;-45,262254;SPRF-MG;DEL16-MG;UOP02-DEL16-MG
726095;19/10/2025;domingo;14:00:00;SC;470;66;INDAIAL;Reação tardia ou ineficiente do condutor;Colisão lateral mesmo sentido;Com Vítimas Feridas;Pleno dia;Decrescente;Céu Claro;Dupla;Em Obras;Sim;2;0;0;1;1;0;1;2;-26,87018549;-49,22640536;SPRF-SC;DEL04-SC;UOP01-DEL04-SC