id;data_inversa;dia_semana;horario;uf;br;km;municipio;causa_acidente;tipo_acidente;classificacao_acidente;fase_dia;sentido_via;condicao_metereologica;tipo_pista;tracado_via;uso_solo;pessoas;mortos;feridos_leves;feridos_graves;ilesos;ignorados;feridos;veiculos;latitude;longitude;regional;delegacia;uop
727108;24/10/2025;sexta-feira;05:56:00;RJ;40;77,9;PETROPOLIS;Reação tardia ou ineficiente do condutor;Tombamento;Com Vítimas Feridas;Pleno dia;Crescente;Sol;Dupla;Curva;Não;1;0;1;0;0;0;1;1;-22,48500093;-43,22776794;SPRF-RJ;DEL01-RJ;UOP01-DEL01-RJ
727109;24/10/2025;sexta-feira;08:30:00;SC;101;199,7;SAO JOSE;Condutor deixou de manter distância do veículo da frente;Colisão traseira;Com Vítimas Feridas;Pleno dia;Crescente;Garoa/Chuvisco;Múltipla;Reta;Sim;2;0;1;0;1;0;1;2;-27,53988834;-48,62319279;SPRF-SC;DEL01-SC;UOP01-DEL01-SC
727111;24/10/2025;sexta-feira;07:00:00;PE;101;92,7;CABO DE SANTO AGOSTINHO;Manobra de mudança de faixa;Colisão traseira;Com Vítimas Feridas;Pleno dia;Crescente;Céu Claro;Dupla;Reta;Não;2;0;1;0;1;0;1;2;-8,23406;-34,99969;SPRF-PE;DEL01-PE;UOP01-DEL01-PE
727112;24/10/2025;sexta-feira;07:30:00;PE;104;60;CARUARU;Acessar a via sem observar a presença dos outros veículos;Colisão transversal;Com Vítimas Feridas;Pleno dia;Crescente;Nublado;Dupla;"Reta;Retorno Regulamentado";Sim;3;0;0;1;1;1;1;3;-8,28269;-35,9882;SPRF-PE;DEL02-PE;UOP01-DEL02-PE
727114;24/10/2025;sexta-feira;08:45:00;PR;277;73,3;SAO JOSE DOS PINHAIS;Reação tardia ou ineficiente do condutor;Colisão traseira;Com Vítimas Feridas;Pleno dia;Decrescente;Sol;Dupla;Reta;Não;2;0;1;0;1;0;1;2;-25,501855;-49,149975;SPRF-PR;DEL01-PR;UOP07-DEL01-PR
727115;24/10/2025;sexta-feira;08:25:00;BA;101;954;MUCURI;Ausência de reação do condutor;Colisão traseira;Com Vítimas Feridas;Pleno dia;Crescente;Nublado;Simples;Reta;Não;2;0;1;0;1;0;1;2;-18,157157;-39,91173;SPRF-BA;DEL09-BA;UOP02-DEL09-BA
727116;24/10/2025;sexta-feira;09:00:00;RS;285;294;PASSO FUNDO;Reação tardia ou ineficiente do condutor;Colisão traseira;Sem Vítimas;Pleno dia;Decrescente;Céu Claro;Simples;Reta;Sim;3;0;0;0;3;0;0;2;-28,2305243;-52,39663124;SPRF-RS;DEL08-RS;UOP03-DEL08-RS
727117;24/10/2025;sexta-feira;08:10:00;AL;104;34;UNIAO DOS PALMARES;Acessar a via sem observar a presença dos outros veículos;Colisão transversal;Com Vítimas Feridas;Pleno dia;Crescente;Céu Claro;Simples;Reta;Sim;3;0;2;0;1;0;2;2;-9,15621605;-36,01329088;SPRF-AL;DEL01-AL;UOP02-DEL01-AL
727119;24/10/2025;sexta-feira;09:15:00;RS;290;720,2;URUGUAIANA;Animais na Pista;Queda de ocupante de veículo;Com Vítimas Feridas;Pleno dia;Crescente;Nublado;Simples;Reta;Sim;1;0;0;1;0;0;1;1;-29,7822283;-57,0646853;SPRF-RS;DEL13-RS;UOP01-DEL13-RS
727120;24/10/2025;sexta-feira;09:00:00;TO;10;463,6;PALMAS;Demais falhas mecânicas ou elétricas;Queda de ocupante de veículo;Com Vítimas Feridas;Pleno dia;Crescente;Céu Claro;Múltipla;Reta;Sim;1;0;1;0;0;0;1;1;-10,2361;-48,31152;SPRF-TO;DEL01-TO;UOP03-DEL01-TO
727121;24/10/2025;sexta-feira;06:40:00;AC;364;138;RIO BRANCO;Manobra de mudança de faixa;Colisão lateral mesmo sentido;Com Vítimas Feridas;Pleno dia;Crescente;Nublado;Dupla;Reta;Sim;2;0;1;0;1;0;1;2;-9,96119434;-67,85639618;SPRF-AC;DEL01-AC;UOP01-DEL01-AC
727124;24/10/2025;sexta-feira;09:10:00;RJ;465;15;SEROPEDICA;Reação tardia ou ineficiente do condutor;Colisão traseira;Com Vítimas Feridas;Pleno dia;Crescente;Céu Claro;Simples;Reta;Sim;2;0;1;0;1;0;1;2;-22,810006;-43,632139;SPRF-RJ;DEL06-RJ;UOP02-DEL06-RJ
727126;24/10/2025;sexta-feira;08:10:00;BA;349;1052;CORRENTINA;Condutor Dormindo;Saída de leito carroçável;Com Vítimas Feridas;Pleno dia;Decrescente;Céu Claro;Simples;Reta;Não;4;0;3;0;1;0;3;1;-13,63147;-45,63245;SPRF-BA;DEL10-BA;UOP02-DEL10-BA
727133;21/10/2025;terça-feira;07:00:00;BA;116;662;JEQUIE;Chuva;Capotamento;Com Vítimas Feridas;Pleno dia;Crescente;Garoa/Chuvisco;Simples;Reta;Não;1;0;1;0;0;0;1;1;-13,7690834;-40,104964;SPRF-BA;DEL03-BA;UOP01-DEL03-BA
727134;24/10/2025;sexta-feira;10:20:00;GO;60;93;ANAPOLIS;Condutor usando celular;Colisão traseira;Com Vítimas Feridas;Pleno dia;Decrescente;Céu Claro;Dupla;Reta;Sim;2;0;1;0;1;0;1;2;-16,3533973;-48,9177904;SPRF-GO;DEL02-GO;UOP01-DEL02-GO
727135;24/10/2025;sexta-feira;09:40:00;SC;101;208,5;SAO JOSE;Trafegar com motocicleta (ou similar) entre as faixas;Colisão lateral mesmo sentido;Com Vítimas Feridas;Pleno dia;Decrescente;Nublado;Múltipla;"Declive;Reta";Sim;3;0;1;1;1;0;2;2;-27,60953553;-48,63814294;SPRF-SC;DEL01-SC;UOP01-DEL01-SC
727137;24/10/2025;sexta-feira;09:30:00;RJ;393;252;BARRA DO PIRAI;Demais falhas mecânicas ou elétricas;Incêndio;Sem Vítimas;Pleno dia;Crescente;Céu Claro;Simples;"Aclive;Reta";Não;1;0;0;0;1;0;0;1;-22,453406;-43,8141634;SPRF-RJ;DEL05-RJ;UOP04-DEL05-RJ
727138;24/10/2025;sexta-feira;09:20:00;SP;101;46;UBATUBA;Acessar a via sem observar a presença dos outros veículos;Colisão transversal;Com Vítimas Feridas;Pleno dia;Decrescente;Céu Claro;Simples;Reta;Sim;2;0;1;0;1;0;1;2;-23,424407;-45,07541226;SPRF-SP;DEL06-SP;UOP01-DEL06-SP
727139;24/10/2025;sexta-feira;09:13:00;MT;364;547,9;ROSARIO OESTE;Velocidade Incompatível;Queda de ocupante de veículo;Com Vítimas Feridas;Pleno dia;Decrescente;Céu Claro;Dupla;Reta;Não;2;0;1;0;1;0;1;1;-14,7969;-56,4053;SPRF-MT;DEL01-MT;UOP01-DEL01-MT
727141;24/10/2025;sexta-feira;08:20:00;SC;282;608;MARAVILHA;Demais falhas na via;Tombamento;Com Vítimas Feridas;Pleno dia;Decrescente;Céu Claro;Simples;Reta;Não;1;0;1;0;0;0;1;1;-26,7638291;-53,2184051;SPRF-SC;DEL07-SC;UOP02-DEL07-SC
727142;24/10/2025;sexta-feira;08:30:00;PR;369;83,9;CORNELIO PROCOPIO;Acessar a via sem observar a presença dos outros veículos;Colisão transversal;Com Vítimas Feridas;Pleno dia;Crescente;Céu Claro;Simples;"Reta;Interseção de Vias";Não;2;0;2;0;0;0;2;2;-23,15933475;-50,60769288;SPRF-PR;DEL07-PR;UOP05-DEL07-PR
727144;24/10/2025;sexta-feira;10:16:00;GO;153;511;APARECIDA DE GOIANIA;Condutor deixou de manter distância do veículo da frente;Colisão traseira;Sem Vítimas;Pleno dia;Crescente;Céu Claro;Dupla;Reta;Sim;3;0;0;0;3;0;0;2;-16,797953;-49,238542;SPRF-GO;DEL01-GO;UOP03-DEL01-GO
727145;24/10/2025;sexta-feira;11:15:00;RS;392;349;SANTA MARIA;Condutor deixou de manter distância do veículo da frente;Colisão lateral mesmo sentido;Com Vítimas Feridas;Pleno dia;Decrescente;Céu Claro;Simples;Reta;Não;3;0;1;0;1;1;1;3;-29,743755;-53,793164;SPRF-RS;DEL09-RS;UOP01-DEL09-RS
727148;24/10/2025;sexta-feira;09:00:00;PR;373;272;PRUDENTOPOLIS;Ausência de reação do condutor;Saída de leito carroçável;Com Vítimas Feridas;Pleno dia;Crescente;Céu Claro;Simples;"Curva;Declive";Não;1;0;1;0;0;0;1;1;-25,25509935;-51,07330871;SPRF-PR;DEL08-PR;UOP01-DEL08-PR
727151;24/10/2025;sexta-feira;11:15:00;AL;101;212;SAO SEBASTIAO;Ausência de reação do condutor;Queda de ocupante de veículo;Com Vítimas Feridas;Pleno dia;Crescente;Céu Claro;Simples;"Reta;Aclive";Não;1;0;1;0;0;0;1;1;-10,014158;-36,617077;SPRF-AL;DEL02-AL;UOP02-DEL02-AL
727152;24/10/2025;sexta-feira;07:15:00;SC;101;211;PALHOCA;Trafegar com motocicleta (ou similar) entre as faixas;Colisão lateral mesmo sentido;Com Vítimas Feridas;Pleno dia;Decrescente;Céu Claro;Múltipla;Reta;Não;2;0;1;0;1;0;1;2;-27,62358569;-48,65249125;SPRF-SC;DEL01-SC;UOP02-DEL01-SC
727153;24/10/2025;sexta-feira;11:15:00;SE;101;17,5;SAO FRANCISCO;Reação tardia ou ineficiente do condutor;Queda de ocupante de veículo;Com Vítimas Feridas;Pleno dia;Crescente;Céu Claro;Dupla;Declive;Não;1;0;0;1;0;0;1;1;-10,341326;-36,895388;SPRF-SE;DEL02-SE;UOP02-DEL02-SE
727158;24/10/2025;sexta-feira;11:20:00;CE;222;248;SOBRAL;Acessar a via sem observar a presença dos outros veículos;Colisão transversal;Com Vítimas Feridas;Pleno dia;Crescente;Céu Claro;Simples;Reta;Não;4;0;0;1;3;0;1;2;-3,75601999;-40,5556318;SPRF-CE;DEL04-CE;UOP01-DEL04-CE
727159;24/10/2025;sexta-feira;12:15:00;SC;470;63;INDAIAL;Desrespeitar a preferência no cruzamento;Colisão transversal;Com Vítimas Feridas;Pleno dia;Decrescente;Céu Claro;Simples;Reta;Sim;2;0;0;1;1;0;1;2;-26,87212394;-49,19367671;SPRF-SC;DEL04-SC;UOP01-DEL04-SC
727161;03/10/2025;sexta-feira;11:50:00;RS;101;66;MAQUINE;Reação tardia ou ineficiente do condutor;Colisão traseira;Com Vítimas Feridas;Pleno dia;Decrescente;Chuva;Dupla;"Túnel;Reta";Não;4;0;1;0;3;0;1;2;-29,73352656;-50,20494461;SPRF-RS;DEL03-RS;UOP02-DEL03-RS
727162;12/10/2025;domingo;19:45:00;RS;290;92,4;PORTO ALEGRE;Condutor deixou de manter distância do veículo da frente;Colisão traseira;Com Vítimas Feridas;Plena Noite;Decrescente;Céu Claro;Dupla;Reta;Não;2;0;2;0;0;0;2;2;-29,9713055;-51,1825314;SPRF-RS;DEL01-RS;UOP01-DEL01-RS
727163;24/10/2025;sexta-feira;12:30:00;RJ;101;310;SAO GONCALO;Reação tardia ou ineficiente do condutor;Engavetamento;Com Vítimas Feridas;Pleno dia;Decrescente;Céu Claro;Dupla;Reta;Sim;4;0;1;0;3;0;1;3;-22,7969124;-43,0434223;SPRF-RJ;DEL02-RJ;UOP02-DEL02-RJ
727164;18/10/2025;sábado;20:12:00;ES;262;112;VENDA NOVA DO IMIGRANTE;Reação tardia ou ineficiente do condutor;Colisão traseira;Com Vítimas Feridas;Plena Noite;Crescente;Nublado;Simples;Reta;Não;2;0;0;2;0;0;2;2;-20,328458;-41,206355;SPRF-ES;DEL01-ES;UOP02-DEL01-ES
727165;24/10/2025;sexta-feira;12:55:00;RN;101;85;NATAL;Ausência de reação do condutor;Colisão traseira;Com Vítimas Feridas;Pleno dia;Decrescente;Céu Claro;Dupla;"Aclive;Curva";Sim;2;0;1;0;1;0;1;2;-5,77861565;-35,2487847;SPRF-RN;DEL02-RN;UOP01-DEL02-RN
727166;24/10/2025;sexta-feira;12:00:00;SC;101;455,1;SAO JOAO DO SUL;Reação tardia ou ineficiente do condutor;Colisão com objeto;Com Vítimas Feridas;Pleno dia;Crescente;Céu Claro;Múltipla;Interseção de Vias;Sim;2;0;2;0;0;0;2;1;-29,22274273;-49,76022396;SPRF-SC;DEL02-SC;UOP02-DEL02-SC
727168;24/10/2025;sexta-feira;12:20:00;DF;20;15;BRASILIA;Reação tardia ou ineficiente do condutor;Tombamento;Com Vítimas Feridas;Pleno dia;Decrescente;Céu Claro;Múltipla;Reta;Sim;2;0;1;0;1;0;1;2;-15,5822408;-47,5357877;SPRF-DF;DEL02-DF;UOP01-DEL02-DF
727169;24/10/2025;sexta-feira;09:35:00;PE;101;206;XEXEU;Velocidade Incompatível;Saída de leito carroçável;Com Vítimas Feridas;Pleno dia;Crescente;Céu Claro;Dupla;Curva;Não;1;0;1;0;0;0;1;1;-8,826;-35,64578;SPRF-PE;DEL01-PE;UOP03-DEL01-PE
727170;24/10/2025;sexta-feira;10:30:00;BA;324;623;SALVADOR;Ausência de reação do condutor;Colisão lateral mesmo sentido;Com Vítimas Feridas;Pleno dia;Crescente;Nublado;Dupla;Reta;Sim;3;0;2;0;1;0;2;2;-12,942857;-38,470718;SPRF-BA;DEL01-BA;UOP01-DEL01-BA
727171;24/10/2025;sexta-feira;12:45:00;RJ;101;72;CAMPOS DOS GOYTACAZES;Condutor deixou de manter distância do veículo da frente;Colisão frontal;Com Vítimas Feridas;Pleno dia;Decrescente;Garoa/Chuvisco;Simples;Reta;Não;3;0;1;1;1;0;2;2;-21,83579202;-41,42081912;SPRF-RJ;DEL08-RJ;UOP02-DEL08-RJ
727172;24/10/2025;sexta-feira;06:40:00;SC;101;208,5;SAO JOSE;Manobra de mudança de faixa;Colisão lateral mesmo sentido;Com Vítimas Feridas;Pleno dia;Decrescente;Céu Claro;Dupla;Reta;Não;2;0;2;0;0;0;2;2;-27,608367;-48,636987;SPRF-SC;DEL01-SC;UOP01-DEL01-SC
727173;24/10/2025;sexta-feira;01:30:00;PE;316;75;OURICURI;Ingestão de álcool pelo condutor;Saída de leito carroçável;Com Vítimas Feridas;Plena Noite;Crescente;Nublado;Simples;Reta;Não;1;0;0;1;0;0;1;1;-7,83204543;-40,14666349;SPRF-PE;DEL05-PE;UOP02-DEL05-PE
727174;24/10/2025;sexta-feira;12:50:00;SC;101;88,1;BARRA VELHA;Reação tardia ou ineficiente do condutor;Tombamento;Com Vítimas Feridas;Pleno dia;Crescente;Sol;Múltipla;"Reta;Declive";Sim;2;0;2;0;0;0;2;1;-26,64867563;-48,68685421;SPRF-SC;DEL03-SC;UOP02-DEL03-SC
727175;24/10/2025;sexta-feira;12:10:00;PR;277;725,1;FOZ DO IGUACU;Reação tardia ou ineficiente do condutor;Queda de ocupante de veículo;Com Vítimas Feridas;Pleno dia;Crescente;Nublado;Dupla;"Declive;Reta";Sim;2;0;2;0;0;0;2;1;-25,5081878;-54,54613209;SPRF-PR;DEL05-PR;UOP03-DEL05-PR
727181;24/10/2025;sexta-feira;05:30:00;MA;10;360;ITINGA DO MARANHAO;Reação tardia ou ineficiente do condutor;Saída de leito carroçável;Com Vítimas Fatais;Amanhecer;Crescente;Céu Claro;Simples;Reta;Não;2;1;1;0;0;0;1;1;-4,59854;-47,49199;SPRF-MA;DEL04-MA;UOP03-DEL04-MA
727182;24/10/2025;sexta-feira;12:00:00;MG;40;492;ESMERALDAS;Velocidade Incompatível;Saída de leito carroçável;Com Vítimas Feridas;Pleno dia;Decrescente;Céu Claro;Dupla;"Curva;Declive";Não;1;0;0;1;0;0;1;1;-19,644291;-44,203085;SPRF-MG;DEL02-MG;UOP01-DEL02-MG
727186;24/10/2025;sexta-feira;14:00:00;RJ;116;171;RIO DE JANEIRO;Condutor Dormindo;Colisão traseira;Com Vítimas Feridas;Pleno dia;Decrescente;Céu Claro;Múltipla;Reta;Sim;3;0;1;0;2;0;1;2;-22,81233535;-43,33245724;SPRF-RJ;DEL06-RJ;UOP01-DEL06-RJ
727188;24/10/2025;sexta-feira;14:15:00;PR;116;4;QUATRO BARRAS;Reação tardia ou ineficiente do condutor;Colisão traseira;Com Vítimas Feridas;Pleno dia;Crescente;Céu Claro;Múltipla;"Reta;Viaduto";Sim;2;0;1;0;1;0;1;2;-25,361968;-49,079583;SPRF-PR;DEL01-PR;UOP02-DEL01-PR
727190;06/10/2025;segunda-feira;18:30:00;MA;222;664;ACAILANDIA;Ausência de reação do condutor;Tombamento;Com Vítimas Fatais;Plena Noite;Decrescente;Céu Claro;Simples;"Aclive;Reta";Não;1;1;0;0;0;0;0;1;-4,908603;-47,409805;SPRF-MA;DEL04-MA;UOP03-DEL04-MA
727191;11/10/2025;sábado;18:00:00;BA;101;683,3;ITAGIMIRIM;Ausência de reação do condutor;Colisão traseira;Com Vítimas Fatais;Anoitecer;Crescente;Céu Claro;Simples;"Aclive;Reta";Não;3;2;0;0;1;0;0;2;-16,109908;-39,6098;SPRF-BA;DEL09-BA;UOP03-DEL09-BA
727192;24/10/2025;sexta-feira;14:30:00;SC;282;46;AGUAS MORNAS;Pista Escorregadia;Saída de leito carroçável;Com Vítimas Feridas;Pleno dia;Crescente;Nublado;Simples;"Aclive;Curva";Não;2;0;0;2;0;0;2;1;-27,72092014;-48,92335189;SPRF-SC;DEL01-SC;UOP03-DEL01-SC
727194;24/10/2025;sexta-feira;13:00:00;SC;282;252,3;SAO JOSE DO CERRITO;Demais falhas mecânicas ou elétricas;Saída de leito carroçável;Com Vítimas Fatais;Pleno dia;Decrescente;Céu Claro;Simples;Curva;Não;2;1;0;1;0;0;1;1;-27,6853272;-50,5656446;SPRF-SC;DEL05-SC;UOP02-DEL05-SC
727195;24/10/2025;sexta-feira;14:00:00;MG;40;638;CONSELHEIRO LAFAIETE;Acessar a via sem observar a presença dos outros veículos;Colisão transversal;Com Vítimas Feridas;Pleno dia;Crescente;Nublado;Simples;Reta;Não;6;0;2;2;2;0;4;2;-20,72084149;-43,7991364;SPRF-MG;DEL05-MG;UOP02-DEL05-MG
727198;24/10/2025;sexta-feira;14:45:00;SC;116;11,3;MAFRA;Ausência de reação do condutor;Saída de leito carroçável;Com Vítimas Feridas;Pleno dia;Decrescente;Céu Claro;Simples;Curva;Não;1;0;1;0;0;0;1;1;-26,178233;-49,860902;SPRF-SC;DEL06-SC;UOP01-DEL06-SC
727200;24/10/2025;sexta-feira;12:05:00;PR;280;266;MARMELEIRO;Frear bruscamente;Saída de leito carroçável;Com Vítimas Feridas;Pleno dia;Decrescente;Céu Claro;Simples;"Aclive;Reta";Não;4;0;1;2;1;0;3;1;-26,17700766;-53,0708313;SPRF-PR;DEL02-PR;UOP01-DEL02-PR
727201;24/10/2025;sexta-feira;15:30:00;MG;40;545,4;NOVA LIMA;Avarias e/ou desgaste excessivo no pneu;Tombamento;Com Vítimas Feridas;Pleno dia;Crescente;Céu Claro;Dupla;Reta;Não;2;0;1;0;1;0;1;1;-20,010422;-43,965877;SPRF-MG;DEL01-MG;UOP02-DEL01-MG
727202;24/10/2025;sexta-feira;14:50:00;MS;60;425,4;SIDROLANDIA;Frear bruscamente;Colisão lateral mesmo sentido;Com Vítimas Feridas;Pleno dia;Crescente;Céu Claro;Dupla;Reta;Sim;2;0;2;0;0;0;2;2;-20,932528;-54,959542;SPRF-MS;DEL01-MS;UOP04-DEL01-MS
727203;24/10/2025;sexta-feira;16:00:00;PE;232;56;POMBOS;Ausência de reação do condutor;Colisão transversal;Sem Vítimas;Pleno dia;Crescente;Céu Claro;Dupla;Reta;Sim;2;0;0;0;2;0;0;2;-8,1443205;-35,38976312;SPRF-PE;DEL02-PE;UOP02-DEL02PE
727205;24/10/2025;sexta-feira;15:45:00;PR;277;107,9;CURITIBA;Sinalização encoberta;Colisão com objeto;Sem Vítimas;Pleno dia;Crescente;Céu Claro;Simples;Reta;Sim;2;0;0;0;2;0;0;1;-25,43293589;-49,37186893;SPRF-PR;DEL01-PR;UOP06-DEL01-PR
727209;24/10/2025;sexta-feira;16:40:00;SP;153;4;ICEM;Demais falhas mecânicas ou elétricas;Incêndio;Sem Vítimas;Pleno dia;Decrescente;Céu Claro;Simples;"Curva;Em Obras";Não;1;0;0;0;1;0;0;1;-20,34382674;-49,21548693;SPRF-SP;DEL09-SP;UOP01-DEL09-SP
727212;24/10/2025;sexta-feira;16:30:00;RN;101;160;CANGUARETAMA;Entrada inopinada do pedestre;Atropelamento de Pedestre;Com Vítimas Fatais;Pleno dia;Crescente;Céu Claro;Dupla;Reta;Sim;2;1;1;0;0;0;1;2;-6,3718102;-35,1523283;SPRF-RN;DEL01-RN;UOP01-DEL01-RN
727213;02/09/2025;terça-feira;22:00:00;PR;116;18;CURITIBA;Condutor deixou de manter distância do veículo da frente;Colisão traseira;Com Vítimas Feridas;Plena Noite;Crescente;Céu Claro;Dupla;Reta;Sim;2;0;1;0;1;0;1;2;-25,388848;-49,200823;SPRF-PR;DEL01-PR;UOP02-DEL01-PR
727215;24/10/2025;sexta-feira;16:40:00;SC;158;104;MARAVILHA;Desrespeitar a preferência no cruzamento;Colisão transversal;Com Vítimas Feridas;Pleno dia;Crescente;Céu Claro;Simples;Reta;Não;2;0;1;0;1;0;1;2;-26,7728051;-53,1721129;SPRF-SC;DEL07-SC;UOP02-DEL07-SC
727216;16/10/2025;quinta-feira;10:00:00;RO;435;70;COLORADO DO OESTE;Manobra de mudança de faixa;Colisão traseira;Com Vítimas Fatais;Pleno dia;Crescente;Céu Claro;Simples;Reta;Não;2;1;1;0;0;0;1;2;-13,11281834;-60,4871285;SPRF-RO;DEL04-RO;UOP02-DEL04-RO
727217;24/10/2025;sexta-feira;17:10:00;GO;40;11;LUZIANIA;Acessar a via sem observar a presença dos outros veículos;Colisão transversal;Com Vítimas Feridas;Pleno dia;Crescente;Céu Claro;Dupla;"Retorno Regulamentado;Reta";Sim;3;0;0;1;2;0;1;3;-16,137599;-47,952194;SPRF-DF;DEL01-DF;UOP01-DEL01-DF
727218;24/10/2025;sexta-feira;15:35:00;MG;262;70,8;MATIPO;Transitar na contramão;Colisão frontal;Com Vítimas Feridas;Pleno dia;Crescente;Céu Claro;Simples;Reta;Não;2;0;0;1;1;0;1;2;-20,31020065;-42,31073007;SPRF-MG;DEL06-MG;UOP03-DEL06-MG
727219;24/10/2025;sexta-feira;16:00:00;PR;277;9;PARANAGUA;Objeto estático sobre o leito carroçável;Capotamento;Com Vítimas Feridas;Pleno dia;Decrescente;Céu Claro;Dupla;"Aclive;Reta";Não;1;0;1;0;0;0;1;1;-25,56682401;-48,60775495;SPRF-PR;DEL01-PR;UOP05-DEL01-PR
727220;24/10/2025;sexta-feira;16:50:00;PB;230;5;CABEDELO;Ausência de reação do condutor;Colisão com objeto;Com Vítimas Feridas;Anoitecer;Crescente;Céu Claro;Dupla;"Reta;Aclive";Não;2;0;1;0;1;0;1;2;-7,00510641;-34,82926726;SPRF-PB;DEL01-PB;UOP01-DEL01-PB
727221;24/10/2025;sexta-feira;17:08:00;SC;101;179;BIGUACU;Reação tardia ou ineficiente do condutor;Tombamento;Com Vítimas Feridas;Pleno dia;Crescente;Céu Claro;Dupla;Curva;Não;1;0;0;1;0;0;1;1;-27,373052;-48,633163;SPRF-SC;DEL01-SC;UOP01-DEL01-SC
727223;24/10/2025;sexta-feira;17:25:00;PB;101;15;MAMANGUAPE;Acumulo de areia ou detritos sobre o pavimento;Tombamento;Com Vítimas Feridas;Anoitecer;Crescente;Nublado;Dupla;"Em Obras;Reta";Não;1;0;1;0;0;0;1;1;-6,618434;-35,136732;SPRF-PB;DEL01-PB;UOP03-DEL01-PB
727226;24/10/2025;sexta-feira;17:20:00;MG;381;482,9;BETIM;Velocidade Incompatível;Colisão traseira;Com Vítimas Feridas;Pleno dia;Decrescente;Nublado;Dupla;Reta;Sim;3;0;2;0;1;0;2;2;-19,9582675;-44,08003342;SPRF-MG;DEL01-MG;UOP03-DEL01-MG
727227;24/10/2025;sexta-feira;17:40:00;PB;230;9;JOAO PESSOA;Demais falhas na via;Queda de ocupante de veículo;Com Vítimas Feridas;Plena Noite;Crescente;Céu Claro;Dupla;Em Obras;Sim;1;0;1;0;0;0;1;1;-7,1696384;-34,8749824;SPRF-PB;DEL01-PB;UOP01-DEL01-PB
727228;24/10/2025;sexta-feira;16:21:00;PR;277;115;CAMPO LARGO;Reação tardia ou ineficiente do condutor;Saída de leito carroçável;Com Vítimas Feridas;Pleno dia;Crescente;Nublado;Dupla;Declive;Não;2;0;1;1;0;0;2;1;-25,4331002;-49,434483;SPRF-PR;DEL03-PR;UOP03-DEL03-PR
727229;24/10/2025;sexta-feira;08:10:00;PR;277;137;BALSA NOVA;Pista Escorregadia;Tombamento;Com Vítimas Feridas;Pleno dia;Decrescente;Nublado;Dupla;Curva;Não;1;0;0;1;0;0;1;1;-25,47294;-49,63569;SPRF-PR;DEL03-PR;UOP03-DEL03-PR
727230;24/10/2025;sexta-feira;16:32:00;RJ;101;422;MANGARATIBA;Manobra de mudança de faixa;Colisão lateral mesmo sentido;Com Vítimas Feridas;Pleno dia;Decrescente;Céu Claro;Simples;Curva;Sim;2;0;2;0;0;0;2;2;-22,91716613;-43,94138099;SPRF-RJ;DEL03-RJ;UOP02-DEL03-RJ
727233;24/10/2025;sexta-feira;17:15:00;SC;101;85,3;BARRA VELHA;Reação tardia ou ineficiente do condutor;Tombamento;Com Vítimas Feridas;Pleno dia;Crescente;Céu Claro;Dupla;Reta;Sim;1;0;1;0;0;0;1;1;-26,63613758;-48,69807808;SPRF-SC;DEL03-SC;UOP02-DEL03-SC
727234;24/10/2025;sexta-feira;17:30:00;PR;376;347;ORTIGUEIRA;Manobra de mudança de faixa;Colisão lateral mesmo sentido;Com Vítimas Feridas;Anoitecer;Decrescente;Céu Claro;Dupla;"Reta;Aclive";Sim;6;0;3;0;3;0;3;2;-24,213;-50,94;SPRF-PR;DEL07-PR;UOP02-DEL07-PR
727236;24/10/2025;sexta-feira;16:20:00;MG;116;410,5;GOVERNADOR VALADARES;Manobra de mudança de faixa;Colisão lateral mesmo sentido;Com Vítimas Feridas;Pleno dia;Decrescente;Céu Claro;Múltipla;Reta;Não;2;0;1;1;0;0;2;2;-18,88257439;-41,9581604;SPRF-MG;DEL06-MG;UOP01-DEL06-MG
727237;24/10/2025;sexta-feira;18:20:00;ES;101;146;LINHARES;Trafegar com motocicleta (ou similar) entre as faixas;Colisão lateral mesmo sentido;Com Vítimas Feridas;Plena Noite;Decrescente;Céu Claro;Simples;Reta;Sim;3;0;0;1;2;0;1;2;-19,377415;-40,066177;SPRF-ES;DEL04-ES;UOP01-DEL04-ES
727239;24/10/2025;sexta-feira;17:55:00;SC;282;4,6;SAO JOSE;Manobra de mudança de faixa;Colisão traseira;Com Vítimas Feridas;Pleno dia;Crescente;Céu Claro;Dupla;Reta;Não;3;0;0;1;1;1;1;3;-27,59017;-48,60952;SPRF-SC;DEL01-SC;UOP01-DEL01-SC
727240;24/10/2025;sexta-feira;18:00:00;PE;104;103;CUPIRA;Acessar a via sem observar a presença dos outros veículos;Colisão transversal;Com Vítimas Feridas;Plena Noite;Crescente;Céu Claro;Simples;Reta;Sim;5;0;3;0;2;0;3;2;-8,59409095;-35,95593452;SPRF-PE;DEL02-PE;UOP01-DEL02-PE
727242;24/10/2025;sexta-feira;17:30:00;PB;104;115,4;LAGOA SECA;Transitar na contramão;Colisão lateral sentido oposto;Com Vítimas Feridas;Anoitecer;Crescente;Nublado;Simples;"Curva;Declive";Não;2;0;0;2;0;0;2;2;-7,170611;-35,859807;SPRF-PB;DEL02-PB;UOP04-DEL02-PB
727244;24/10/2025;sexta-feira;17:40:00;BA;116;814,5;VITORIA DA CONQUISTA;Acessar a via sem observar a presença dos outros veículos;Colisão transversal;Sem Vítimas;Plena Noite;Decrescente;Nublado;Simples;"Reta;Interseção de Vias";Sim;2;0;0;0;2;0;0;2;-14,81057682;-40,79358816;SPRF-BA;DEL08-BA;UOP01-DEL08-BA