id;data_inversa;dia_semana;horario;uf;br;km;municipio;causa_acidente;tipo_acidente;classificacao_acidente;fase_dia;sentido_via;condicao_metereologica;tipo_pista;tracado_via;uso_solo;pessoas;mortos;feridos_leves;feridos_graves;ilesos;ignorados;feridos;veiculos;latitude;longitude;regional;delegacia;uop
727247;24/10/2025;sexta-feira;19:05:00;SC;282;4,5;SAO JOSE;Condutor deixou de manter distância do veículo da frente;Colisão traseira;Com Vítimas Feridas;Anoitecer;Crescente;Céu Claro;Múltipla;Reta;Sim;2;0;1;0;1;0;1;2;-27,58958091;-48,60961106;SPRF-SC;DEL01-SC;UOP01-DEL01-SC
727248;24/10/2025;sexta-feira;17:00:00;MG;50;186,1;UBERABA;Avarias e/ou desgaste excessivo no pneu;Colisão traseira;Com Vítimas Feridas;Pleno dia;Crescente;Céu Claro;Dupla;Reta;Não;4;0;2;0;2;0;2;2;-19,824137;-47,891242;SPRF-MG;DEL13-MG;UOP01-DEL13-MG
727250;24/10/2025;sexta-feira;19:10:00;MG;381;491;BETIM;Pedestre andava na pista;Atropelamento de Pedestre;Com Vítimas Feridas;Plena Noite;Crescente;Céu Claro;Múltipla;"Interseção de Vias;Curva";Sim;2;0;1;1;0;0;2;2;-19,96006272;-44,15505974;SPRF-MG;DEL01-MG;UOP03-DEL01-MG
727251;24/10/2025;sexta-feira;18:30:00;GO;414;385;CORUMBA DE GOIAS;Demais falhas mecânicas ou elétricas;Queda de ocupante de veículo;Com Vítimas Feridas;Plena Noite;Decrescente;Céu Claro;Simples;"Reta;Declive";Não;2;0;2;0;0;0;2;1;-15,8675;-48,7748;SPRF-GO;DEL02-GO;UOP01-DEL02-GO
727252;24/10/2025;sexta-feira;17:30:00;SC;280;35,6;ARAQUARI;Entrada inopinada do pedestre;Atropelamento de Pedestre;Com Vítimas Feridas;Pleno dia;Decrescente;Céu Claro;Simples;Curva;Sim;2;0;0;1;1;0;1;2;-26,44011;-48,807423;SPRF-SC;DEL03-SC;UOP03-DEL03-SC
727253;24/10/2025;sexta-feira;19:15:00;MT;158;531,7;AGUA BOA;Ultrapassagem Indevida;Colisão lateral mesmo sentido;Com Vítimas Fatais;Plena Noite;Crescente;Céu Claro;Simples;Reta;Não;33;1;0;1;31;0;1;2;-14,0869451;-52,1609629;SPRF-MT;DEL07-MT;UOP02-DEL07-MT
727259;24/10/2025;sexta-feira;18:30:00;MG;40;423;CURVELO;Acessar a via sem observar a presença dos outros veículos;Colisão transversal;Com Vítimas Feridas;Plena Noite;Crescente;Ignorado;Simples;Reta;Sim;5;0;3;2;0;0;5;2;-19,1534049;-44,5544739;SPRF-MG;DEL02-MG;UOP01-DEL02-MG
727264;24/10/2025;sexta-feira;19:30:00;CE;226;36,6;PEREIRO;Transitar na contramão;Colisão frontal;Com Vítimas Fatais;Plena Noite;Crescente;Céu Claro;Simples;"Reta;Declive";Não;2;1;0;0;0;1;0;2;-6,035289;-38,497166;SPRF-CE;DEL05-CE;UOP02-DEL05-CE
727265;24/10/2025;sexta-feira;20:10:00;PR;277;81;CURITIBA;Trafegar com motocicleta (ou similar) entre as faixas;Colisão traseira;Com Vítimas Feridas;Plena Noite;Crescente;Céu Claro;Dupla;Reta;Sim;2;0;1;0;1;0;1;2;-25,46271647;-49,21844322;SPRF-PR;DEL01-PR;UOP03-DEL01-PR
727267;24/10/2025;sexta-feira;18:30:00;RJ;465;1;SEROPEDICA;Ultrapassagem Indevida;Colisão transversal;Com Vítimas Feridas;Plena Noite;Decrescente;Céu Claro;Simples;Reta;Não;2;0;2;0;0;0;2;1;-22,71785875;-43,72750489;SPRF-RJ;DEL06-RJ;UOP02-DEL06-RJ
727268;24/10/2025;sexta-feira;19:10:00;MG;116;412;GOVERNADOR VALADARES;Acessar a via sem observar a presença dos outros veículos;Colisão lateral mesmo sentido;Com Vítimas Feridas;Plena Noite;Decrescente;Nublado;Simples;"Reta;Interseção de Vias";Sim;2;0;1;0;1;0;1;2;-18,87660523;-41,96339607;SPRF-MG;DEL06-MG;UOP01-DEL06-MG
727269;24/10/2025;sexta-feira;20:25:00;SP;381;48,8;ATIBAIA;Trafegar com motocicleta (ou similar) entre as faixas;Colisão lateral mesmo sentido;Com Vítimas Feridas;Plena Noite;Decrescente;Céu Claro;Dupla;Reta;Não;3;0;1;0;2;0;1;3;-23,21386847;-46,58994913;SPRF-SP;DEL03-SP;UOP01-DEL03-SP
727270;24/10/2025;sexta-feira;20:55:00;PR;153;40,8;SANTO ANTONIO DA PLATINA;Ultrapassagem Indevida;Colisão lateral sentido oposto;Com Vítimas Feridas;Plena Noite;Crescente;Céu Claro;Simples;Reta;Sim;3;0;1;0;0;2;1;3;-23,28972137;-50,06044865;SPRF-PR;DEL07-PR;UOP04-DEL07-PR
727271;24/10/2025;sexta-feira;20:40:00;SC;280;28;ARAQUARI;Transitar na contramão;Colisão transversal;Com Vítimas Feridas;Plena Noite;Decrescente;Nublado;Simples;Reta;Não;2;0;0;1;1;0;1;2;-26,4037627;-48,745486;SPRF-SC;DEL03-SC;UOP03-DEL03-SC
727272;04/10/2025;sábado;18:50:00;TO;242;332;PEIXE;Reação tardia ou ineficiente do condutor;Saída de leito carroçável;Com Vítimas Feridas;Amanhecer;Crescente;Céu Claro;Simples;Reta;Não;2;0;2;0;0;0;2;1;-11,93215;-48,69583;SPRF-TO;DEL01-TO;UOP02-DEL01-TO
727273;24/10/2025;sexta-feira;16:10:00;PE;424;91;GARANHUNS;Acessar a via sem observar a presença dos outros veículos;Colisão transversal;Com Vítimas Feridas;Pleno dia;Crescente;Céu Claro;Simples;Reta;Sim;2;0;0;1;1;0;1;2;-8,87844;-36,49728;SPRF-PE;DEL03-PE;UOP01-DEL03-PE
727274;24/10/2025;sexta-feira;19:00:00;BA;349;983;CORRENTINA;Iluminação deficiente;Colisão traseira;Com Vítimas Feridas;Plena Noite;Decrescente;Céu Claro;Simples;Reta;Não;4;0;2;0;2;0;2;2;-13,5421;-45,04316;SPRF-BA;DEL10-BA;UOP02-DEL10-BA
727275;24/10/2025;sexta-feira;21:30:00;RN;226;2,9;NATAL;Reação tardia ou ineficiente do condutor;Colisão lateral mesmo sentido;Com Vítimas Feridas;Plena Noite;Decrescente;Céu Claro;Simples;Reta;Sim;5;0;1;1;3;0;2;3;-5,8197191;-35,2510131;SPRF-RN;DEL01-RN;UOP02-DEL01-RN
727278;24/10/2025;sexta-feira;19:40:00;SE;101;96,5;SAO CRISTOVAO;Ausência de reação do condutor;Queda de ocupante de veículo;Com Vítimas Feridas;Plena Noite;Crescente;Céu Claro;Dupla;Reta;Não;1;0;0;1;0;0;1;1;-10,92058;-37,171725;SPRF-SE;DEL02-SE;UOP01-DEL02-SE
727279;24/10/2025;sexta-feira;20:44:00;SP;116;146;SAO JOSE DOS CAMPOS;Trafegar com motocicleta (ou similar) entre as faixas;Colisão lateral mesmo sentido;Com Vítimas Feridas;Plena Noite;Decrescente;Céu Claro;Dupla;Reta;Sim;4;0;2;0;2;0;2;3;-23,19862665;-45,87683988;SPRF-SP;DEL02-SP;UOP01-DEL02-SP
727282;24/10/2025;sexta-feira;19:45:00;RO;364;14;VILHENA;Ausência de reação do condutor;Colisão lateral mesmo sentido;Sem Vítimas;Plena Noite;Decrescente;Céu Claro;Dupla;Rotatória;Sim;2;0;0;0;2;0;0;2;-12,73911797;-60,13969157;SPRF-RO;DEL04-RO;UOP01-DEL04-RO
727284;24/10/2025;sexta-feira;21:07:00;GO;153;654;GOIATUBA;Ingestão de álcool pelo condutor;Queda de ocupante de veículo;Com Vítimas Feridas;Plena Noite;Crescente;Céu Claro;Dupla;Curva;Não;1;0;0;1;0;0;1;1;-18,00341308;-49,26276827;SPRF-GO;DEL03-GO;UOP01-DEL03-GO
727286;24/10/2025;sexta-feira;21:00:00;SC;101;127,5;ITAJAI;Condutor deixou de manter distância do veículo da frente;Colisão traseira;Com Vítimas Fatais;Plena Noite;Decrescente;Nublado;Dupla;Reta;Sim;2;1;0;0;0;1;0;2;-26,968604;-48,683472;SPRF-SC;DEL04-SC;UOP04-DEL04-SC
727287;24/10/2025;sexta-feira;20:30:00;BA;135;200;SAO DESIDERIO;Acessar a via sem observar a presença dos outros veículos;Colisão frontal;Com Vítimas Fatais;Plena Noite;Crescente;Céu Claro;Simples;Curva;Não;4;1;0;1;1;1;1;3;-12,32426;-45,00701;SPRF-BA;DEL10-BA;UOP01-DEL10-BA
727288;24/10/2025;sexta-feira;21:00:00;RJ;101;389;RIO DE JANEIRO;Reação tardia ou ineficiente do condutor;Colisão lateral mesmo sentido;Com Vítimas Feridas;Plena Noite;Decrescente;Nublado;Múltipla;Reta;Não;3;0;2;0;1;0;2;2;-22,89226328;-43,67244467;SPRF-RJ;DEL03-RJ;UOP01-DEL03-RJ
727289;24/10/2025;sexta-feira;20:00:00;MG;153;245,4;FRONTEIRA;Reação tardia ou ineficiente do condutor;Saída de leito carroçável;Sem Vítimas;Plena Noite;Crescente;Céu Claro;Simples;"Reta;Declive";Sim;1;0;0;0;0;1;0;1;-20,29282618;-49,20373885;SPRF-MG;DEL13-MG;UOP02-DEL13-MG
727290;24/10/2025;sexta-feira;22:10:00;PI;402;3,9;BURITI DOS LOPES;Reação tardia ou ineficiente do condutor;Colisão com objeto;Sem Vítimas;Plena Noite;Crescente;Ignorado;Simples;Curva;Não;2;0;0;0;2;0;0;1;-3,10730614;-41,87114954;SPRF-PI;DEL05-PI;UOP01-DEL05-PI
727291;24/10/2025;sexta-feira;20:00:00;RJ;101;309;SAO GONCALO;Reação tardia ou ineficiente do condutor;Colisão lateral sentido oposto;Sem Vítimas;Plena Noite;Decrescente;Céu Claro;Dupla;Reta;Sim;4;0;0;0;4;0;0;2;-22,79604369;-43,03868294;SPRF-RJ;DEL02-RJ;UOP02-DEL02-RJ
727292;24/10/2025;sexta-feira;22:00:00;RS;158;282;JULIO DE CASTILHOS;Ultrapassagem Indevida;Colisão frontal;Com Vítimas Feridas;Plena Noite;Decrescente;Céu Claro;Simples;Reta;Não;4;0;2;0;0;2;2;3;-29,39533726;-53,66958618;SPRF-RS;DEL09-RS;UOP01-DEL09-RS
727295;24/10/2025;sexta-feira;23:45:00;ES;262;17;VIANA;Ausência de reação do condutor;Colisão traseira;Com Vítimas Feridas;Plena Noite;Crescente;Céu Claro;Simples;Reta;Sim;2;0;1;0;1;0;1;2;-20,3882908;-40,4769436;SPRF-ES;DEL01-ES;UOP01-DEL01-ES
727298;24/10/2025;sexta-feira;22:30:00;SC;101;87;BARRA VELHA;Acessar a via sem observar a presença dos outros veículos;Colisão transversal;Com Vítimas Feridas;Plena Noite;Crescente;Nublado;Simples;"Interseção de Vias;Reta";Sim;2;0;1;0;1;0;1;2;-26,64672033;-48,68737221;SPRF-SC;DEL03-SC;UOP02-DEL03-SC
727299;25/10/2025;sábado;00:00:00;PR;369;198;ARAPONGAS;Reação tardia ou ineficiente do condutor;Saída de leito carroçável;Com Vítimas Feridas;Plena Noite;Crescente;Céu Claro;Dupla;"Reta;Retorno Regulamentado";Não;1;0;0;1;0;0;1;1;-23,5057164;-51,42517805;SPRF-PR;DEL07-PR;UOP03-DEL07-PR
727300;25/10/2025;sábado;00:30:00;MG;40;523;CONTAGEM;Ingestão de álcool pelo condutor;Saída de leito carroçável;Sem Vítimas;Plena Noite;Decrescente;Céu Claro;Dupla;"Declive;Curva";Não;1;0;0;0;0;1;0;1;-19,869458;-44,058913;SPRF-MG;DEL01-MG;UOP02-DEL01-MG
727301;25/10/2025;sábado;00:15:00;PB;230;40;SANTA RITA;Transitar na contramão;Colisão frontal;Com Vítimas Feridas;Plena Noite;Decrescente;Céu Claro;Dupla;Declive;Não;2;0;0;1;1;0;1;2;-7,14261897;-34,98258304;SPRF-PB;DEL01-PB;UOP02-DEL01-PB
727302;25/10/2025;sábado;00:40:00;SC;101;201,7;SAO JOSE;Manobra de mudança de faixa;Colisão traseira;Com Vítimas Feridas;Plena Noite;Decrescente;Céu Claro;Dupla;Reta;Sim;2;0;1;0;1;0;1;2;-27,54462343;-48,62037208;SPRF-SC;DEL01-SC;UOP01-DEL01-SC
727303;25/10/2025;sábado;00:40:00;DF;70;5;BRASILIA;Ausência de reação do condutor;Colisão lateral mesmo sentido;Com Vítimas Feridas;Plena Noite;Crescente;Nublado;Dupla;Reta;Sim;3;0;2;0;1;0;2;2;-15,79463793;-48,09529029;SPRF-DF;DEL03-DF;UOP02-DEL03-DF
727305;24/10/2025;sexta-feira;22:30:00;MA;316;316;OLHO DAGUA DAS CUNHAS;Transitar na contramão;Colisão frontal;Com Vítimas Fatais;Plena Noite;Crescente;Céu Claro;Simples;Reta;Não;2;1;0;0;0;1;0;2;-4,036077;-45,102758;SPRF-MA;DEL02-MA;UOP01-DEL02-MA
727306;24/10/2025;sexta-feira;23:36:00;SC;101;432;SOMBRIO;Ausência de reação do condutor;Colisão traseira;Com Vítimas Feridas;Plena Noite;Crescente;Ignorado;Múltipla;Reta;Sim;3;0;1;0;1;1;1;2;-29,081928;-49,629689;SPRF-SC;DEL02-SC;UOP02-DEL02-SC
727308;25/10/2025;sábado;00:28:00;MT;364;207;RONDONOPOLIS;Ausência de reação do condutor;Colisão traseira;Com Vítimas Feridas;Plena Noite;Decrescente;Céu Claro;Dupla;Reta;Sim;4;0;1;0;3;0;1;2;-16,43998;-54,67745;SPRF-MT;DEL02-MT;UOP01-DEL02-MT
727309;24/10/2025;sexta-feira;21:35:00;PI;343;590;FLORIANO;Área urbana sem a presença de local apropriado para a travessia de pedestres;Atropelamento de Pedestre;Com Vítimas Feridas;Plena Noite;Crescente;Céu Claro;Dupla;Reta;Sim;2;0;1;0;0;1;1;2;-6,781708;-43,022812;SPRF-PI;DEL03-PI;UOP01-DEL03-PI
727310;25/10/2025;sábado;00:05:00;SP;116;110;TAUBATE;Ausência de reação do condutor;Colisão com objeto;Sem Vítimas;Plena Noite;Crescente;Céu Claro;Dupla;Reta;Não;1;0;0;0;1;0;0;1;-23,03503251;-45,55424094;SPRF-SP;DEL02-SP;UOP02-DEL02-SP
727311;25/10/2025;sábado;01:05:00;SC;101;376,5;ICARA;Condutor deixou de manter distância do veículo da frente;Colisão traseira;Sem Vítimas;Plena Noite;Crescente;Céu Claro;Dupla;Curva;Não;2;0;0;0;2;0;0;2;-28,74288;-49,25306;SPRF-SC;DEL02-SC;UOP01-DEL02-SC
727313;24/10/2025;sexta-feira;22:50:00;PE;423;139,6;IATI;Ultrapassagem Indevida;Colisão lateral sentido oposto;Com Vítimas Feridas;Plena Noite;Decrescente;Céu Claro;Simples;Reta;Não;3;0;0;1;2;0;1;2;-8,98038;-36,82878;SPRF-PE;DEL03-PE;UOP01-DEL03-PE
727314;25/10/2025;sábado;00:30:00;MS;163;487;CAMPO GRANDE;Ingestão de álcool pelo condutor;Colisão traseira;Sem Vítimas;Plena Noite;Crescente;Céu Claro;Simples;"Em Obras;Reta";Não;2;0;0;0;2;0;0;2;-20,42447188;-54,54554127;SPRF-MS;DEL01-MS;UOP02-DEL01-MS
727315;25/10/2025;sábado;02:00:00;MG;381;507;BETIM;Ausência de reação do condutor;Colisão traseira;Com Vítimas Feridas;Plena Noite;Decrescente;Céu Claro;Dupla;Reta;Sim;3;0;2;0;1;0;2;2;-20,03820173;-44,25201841;SPRF-MG;DEL01-MG;UOP03-DEL01-MG
727316;25/10/2025;sábado;02:30:00;SP;381;29;ATIBAIA;Ausência de reação do condutor;Colisão com objeto;Com Vítimas Feridas;Plena Noite;Decrescente;Céu Claro;Dupla;Reta;Sim;1;0;1;0;0;0;1;1;-23,04219513;-46,55893707;SPRF-SP;DEL03-SP;UOP02-DEL03-SP
727317;25/10/2025;sábado;01:15:00;MG;50;12;ARAGUARI;Condutor Dormindo;Saída de leito carroçável;Com Vítimas Feridas;Plena Noite;Crescente;Céu Claro;Dupla;Reta;Não;5;0;3;0;2;0;3;1;-18,5285433;-48,04178281;SPRF-MG;DEL15-MG;UOP02-DEL15-MG
727319;25/10/2025;sábado;02:00:00;PR;277;118;CAMPO LARGO;Ausência de reação do condutor;Saída de leito carroçável;Com Vítimas Fatais;Plena Noite;Decrescente;Nublado;Dupla;Reta;Sim;1;1;0;0;0;0;0;1;-25,44346;-49,461163;SPRF-PR;DEL03-PR;UOP03-DEL03-PR
727320;25/10/2025;sábado;02:15:00;MT;364;287;JACIARA;Ausência de reação do condutor;Colisão com objeto;Com Vítimas Feridas;Plena Noite;Decrescente;Céu Claro;Dupla;"Reta;Declive";Não;1;0;1;0;0;0;1;1;-15,90652719;-55,07377625;SPRF-MT;DEL05-MT;UOP02-DEL05-MT
727321;24/10/2025;sexta-feira;22:30:00;MA;222;408;SANTA LUZIA;Transitar na contramão;Colisão frontal;Com Vítimas Feridas;Plena Noite;Crescente;Céu Claro;Simples;Reta;Sim;2;0;0;1;1;0;1;2;-3,969378;-45,666398;SPRF-MA;DEL02-MA;UOP01-DEL02-MA
727322;25/10/2025;sábado;03:40:00;GO;70;5,4;AGUAS LINDAS DE GOIAS;Ingestão de álcool pelo condutor;Colisão com objeto;Com Vítimas Fatais;Plena Noite;Crescente;Nublado;Dupla;Reta;Sim;1;1;0;0;0;0;0;1;-15,747068;-48,264805;SPRF-DF;DEL03-DF;UOP02-DEL03-DF
727323;25/10/2025;sábado;03:17:00;RO;364;228;CACOAL;Demais falhas na via;Queda de ocupante de veículo;Com Vítimas Feridas;Plena Noite;Crescente;Céu Claro;Simples;Reta;Não;1;0;0;1;0;0;1;1;-11,489662;-61,380858;SPRF-RO;DEL02-RO;UOP02-DEL02-RO
727325;25/10/2025;sábado;04:30:00;SP;116;500,2;CAJATI;Ausência de reação do condutor;Saída de leito carroçável;Com Vítimas Feridas;Amanhecer;Decrescente;Céu Claro;Simples;"Declive;Curva";Não;2;0;2;0;0;0;2;1;-24,78204839;-48,17195591;SPRF-SP;DEL05-SP;UOP02-DEL05-SP
727326;25/10/2025;sábado;03:40:00;PR;277;592,4;CASCAVEL;Ingestão de álcool pelo condutor;Saída de leito carroçável;Com Vítimas Feridas;Plena Noite;Crescente;Céu Claro;Simples;Reta;Sim;1;0;0;1;0;0;1;1;-24,98155539;-53,47776532;SPRF-PR;DEL04-PR;UOP01-DEL04-PR
727327;25/10/2025;sábado;03:20:00;CE;304;43,6;ARACATI;Ingestão de álcool pelo condutor;Saída de leito carroçável;Com Vítimas Feridas;Plena Noite;Decrescente;Céu Claro;Simples;Reta;Não;1;0;1;0;0;0;1;1;-4,5776896;-37,7356288;SPRF-CE;DEL03-CE;UOP02-DEL03-CE
727329;25/10/2025;sábado;02:50:00;PA;10;330;SAO MIGUEL DO GUAMA;Demais falhas mecânicas ou elétricas;Saída de leito carroçável;Sem Vítimas;Plena Noite;Crescente;Céu Claro;Simples;Reta;Não;1;0;0;0;0;1;0;1;-1,542518;-47,513739;SPRF-PA;DEL01-PA;UOP02-DEL01-PA
727330;25/10/2025;sábado;03:40:00;SC;282;367;ERVAL VELHO;Ingestão de álcool pelo condutor;Saída de leito carroçável;Sem Vítimas;Plena Noite;Decrescente;Céu Claro;Simples;"Reta;Aclive";Sim;3;0;0;0;3;0;0;1;-27,2923381;-51,4136687;SPRF-SC;DEL07-SC;UOP05-DEL07-SC
727331;25/10/2025;sábado;03:30:00;PR;376;164,8;MARINGA;Ingestão de álcool pelo condutor;Colisão traseira;Com Vítimas Feridas;Plena Noite;Crescente;Céu Claro;Dupla;Reta;Não;2;0;0;1;0;1;1;2;-23,380602;-52,037192;SPRF-PR;DEL09-PR;UOP02-DEL09-PR
727332;25/10/2025;sábado;05:00:00;GO;153;508;APARECIDA DE GOIANIA;Ausência de reação do condutor;Queda de ocupante de veículo;Com Vítimas Feridas;Amanhecer;Crescente;Céu Claro;Dupla;Aclive;Não;1;0;1;0;0;0;1;1;-16,772293;-49,238153;SPRF-GO;DEL01-GO;UOP03-DEL01-GO
727334;25/10/2025;sábado;05:30:00;RS;290;18,2;SANTO ANTONIO DA PATRULHA;Condutor Dormindo;Saída de leito carroçável;Sem Vítimas;Amanhecer;Crescente;Céu Claro;Múltipla;Reta;Não;1;0;0;0;0;1;0;1;-29,88204847;-50,43730384;SPRF-RS;DEL03-RS;UOP01-DEL03-RS
727335;25/10/2025;sábado;04:50:00;MS;262;419;TERENOS;Demais falhas mecânicas ou elétricas;Colisão com objeto;Sem Vítimas;Amanhecer;Crescente;Céu Claro;Simples;"Curva;Em Obras";Não;2;0;0;0;2;0;0;1;-20,452522;-55,171269;SPRF-MS;DEL01-MS;UOP03-DEL01-MS
727336;25/10/2025;sábado;04:20:00;MG;262;466,1;BOM DESPACHO;Transitar no Acostamento;Colisão frontal;Com Vítimas Fatais;Plena Noite;Crescente;Céu Claro;Simples;Reta;Não;2;1;0;0;0;1;0;2;-19,7887;-45,22066;SPRF-MG;DEL08-MG;UOP03-DEL08-MG
727338;25/10/2025;sábado;06:20:00;MG;381;825,2;CAREACU;Condutor Dormindo;Saída de leito carroçável;Com Vítimas Feridas;Amanhecer;Decrescente;Céu Claro;Dupla;Reta;Não;2;0;1;0;1;0;1;1;-22,1030155;-45,7244338;SPRF-MG;DEL16-MG;UOP02-DEL16-MG
727339;25/10/2025;sábado;06:20:00;PR;277;701;SAO MIGUEL DO IGUACU;Ingestão de álcool pelo condutor;Saída de leito carroçável;Sem Vítimas;Pleno dia;Crescente;Sol;Dupla;Reta;Não;3;0;0;0;3;0;0;1;-25,415164;-54,342306;SPRF-PR;DEL05-PR;UOP01-DEL05-PR
727341;25/10/2025;sábado;06:10:00;MG;50;170;UBERABA;Demais falhas na via;Tombamento;Com Vítimas Feridas;Pleno dia;Decrescente;Céu Claro;Dupla;Reta;Sim;1;0;1;0;0;0;1;1;-19,73394661;-47,98246622;SPRF-MG;DEL13-MG;UOP01-DEL13-MG
727343;25/10/2025;sábado;06:40:00;SP;116;158;SAO JOSE DOS CAMPOS;Ausência de reação do condutor;Colisão com objeto;Sem Vítimas;Amanhecer;Crescente;Céu Claro;Simples;Curva;Não;1;0;0;0;0;1;0;1;-23,2558095;-45,947745;SPRF-SP;DEL02-SP;UOP01-DEL02-SP
727344;25/10/2025;sábado;06:35:00;SC;101;130;CAMBORIU;Ingestão de álcool pelo condutor;Saída de leito carroçável;Com Vítimas Feridas;Pleno dia;Decrescente;Nublado;Simples;Reta;Não;1;0;1;0;0;0;1;1;-26,98587;-48,667127;SPRF-SC;DEL04-SC;UOP03-DEL04-SC
727346;25/10/2025;sábado;07:10:00;SC;101;213;PALHOCA;Condutor deixou de manter distância do veículo da frente;Colisão lateral mesmo sentido;Com Vítimas Feridas;Pleno dia;Decrescente;Céu Claro;Múltipla;Reta;Sim;2;0;1;0;1;0;1;2;-27,63846767;-48,66630468;SPRF-SC;DEL01-SC;UOP02-DEL01-SC
727347;25/10/2025;sábado;05:00:00;RJ;116;148;DUQUE DE CAXIAS;Reação tardia ou ineficiente do condutor;Tombamento;Com Vítimas Feridas;Amanhecer;Crescente;Céu Claro;Dupla;"Viaduto;Reta;Declive";Não;1;0;1;0;0;0;1;1;-22,6714525;-43,28671693;SPRF-RJ;DEL01-RJ;UOP02-DEL01-RJ
727348;25/10/2025;sábado;07:50:00;MG;381;488;BETIM;Ausência de reação do condutor;Colisão traseira;Com Vítimas Feridas;Pleno dia;Decrescente;Sol;Múltipla;Reta;Sim;2;0;1;0;0;1;1;2;-19,95716849;-44,12462203;SPRF-MG;DEL01-MG;UOP03-DEL01-MG
727349;25/10/2025;sábado;08:04:00;PE;232;515;SALGUEIRO;Transitar na contramão;Saída de leito carroçável;Com Vítimas Fatais;Pleno dia;Crescente;Céu Claro;Simples;Reta;Sim;1;1;0;0;0;0;0;1;-8,066287;-39,187578;SPRF-PE;DEL05-PE;UOP01-DEL05-PE
727350;25/10/2025;sábado;07:30:00;SC;101;160;TIJUCAS;Avarias e/ou desgaste excessivo no pneu;Queda de ocupante de veículo;Com Vítimas Feridas;Pleno dia;Decrescente;Céu Claro;Dupla;Reta;Não;2;0;1;1;0;0;2;1;-27,21787677;-48,62309056;SPRF-SC;DEL04-SC;UOP03-DEL04-SC
727351;25/10/2025;sábado;08:00:00;RJ;101;75;CAMPOS DOS GOYTACAZES;Condutor deixou de manter distância do veículo da frente;Colisão traseira;Sem Vítimas;Pleno dia;Crescente;Céu Claro;Simples;Reta;Não;2;0;0;0;2;0;0;2;-21,81720184;-41,39854431;SPRF-RJ;DEL08-RJ;UOP02-DEL08-RJ
727354;25/10/2025;sábado;07:40:00;MG;381;484,7;BETIM;Condutor deixou de manter distância do veículo da frente;Engavetamento;Sem Vítimas;Pleno dia;Crescente;Céu Claro;Múltipla;"Declive;Reta";Não;3;0;0;0;3;0;0;3;-19,95962275;-44,08764499;SPRF-MG;DEL01-MG;UOP03-DEL01-MG
727356;25/10/2025;sábado;07:20:00;RS;116;252;SAPUCAIA DO SUL;Ausência de reação do condutor;Colisão traseira;Com Vítimas Feridas;Pleno dia;Crescente;Céu Claro;Dupla;"Interseção de Vias;Curva;Retorno Regulamentado";Sim;2;0;1;0;1;0;1;2;-29,81848373;-51,17037422;SPRF-RS;DEL01-RS;UOP02-DEL01-RS
727357;25/10/2025;sábado;09:00:00;PB;101;86,3;JOAO PESSOA;Demais falhas mecânicas ou elétricas;Tombamento;Com Vítimas Feridas;Pleno dia;Decrescente;Céu Claro;Dupla;"Curva;Declive";Sim;2;0;2;0;0;0;2;1;-7,15289;-34,908353;SPRF-PB;DEL01-PB;UOP01-DEL01-PB
727358;25/10/2025;sábado;07:50:00;RJ;101;263;RIO BONITO;Condutor deixou de manter distância do veículo da frente;Colisão traseira;Sem Vítimas;Pleno dia;Decrescente;Céu Claro;Dupla;Reta;Não;2;0;0;0;2;0;0;2;-22,71525282;-42,67915986;SPRF-RJ;DEL02-RJ;UOP03-DEL02-RJ
727361;25/10/2025;sábado;08:00:00;SP;116;188,8;SANTA ISABEL;Velocidade Incompatível;Colisão traseira;Com Vítimas Feridas;Pleno dia;Crescente;Sol;Dupla;Curva;Não;3;0;1;0;2;0;1;2;-23,363512;-46,223825;SPRF-SP;DEL01-SP;UOP01-DEL01-SP
727365;25/10/2025;sábado;08:10:00;RJ;40;123;DUQUE DE CAXIAS;Reação tardia ou ineficiente do condutor;Tombamento;Com Vítimas Feridas;Pleno dia;Decrescente;Céu Claro;Múltipla;Reta;Sim;1;0;1;0;0;0;1;1;-22,8010787;-43,2903662;SPRF-RJ;DEL01-RJ;UOP02-DEL01-RJ
727366;25/10/2025;sábado;00:05:00;AM;174;906;MANAUS;Falta de acostamento;Atropelamento de Pedestre;Com Vítimas Fatais;Plena Noite;Decrescente;Nublado;Simples;"Reta;Declive";Não;3;1;0;0;1;1;0;3;-2,92564905;-60,03624201;SPRF-AM;DEL01-AM;UOP01-DEL01-AM
727367;25/10/2025;sábado;09:35:00;ES;101;416,3;ITAPEMIRIM;Ultrapassagem Indevida;Colisão frontal;Com Vítimas Feridas;Pleno dia;Crescente;Nublado;Simples;Reta;Não;3;0;2;0;1;0;2;2;-20,95134031;-41,09049797;SPRF-ES;DEL03-ES;UOP02-DEL03-ES
727369;25/10/2025;sábado;03:00:00;BA;101;813;ITAMARAJU;Acesso irregular;Atropelamento de Pedestre;Com Vítimas Fatais;Plena Noite;Crescente;Nublado;Simples;"Aclive;Reta";Sim;2;1;0;0;0;1;0;2;-17,060957;-39,553163;SPRF-BA;DEL09-BA;UOP01-DEL09-BA
727370;25/10/2025;sábado;09:30:00;AL;104;57;MURICI;Ausência de reação do condutor;Colisão traseira;Com Vítimas Feridas;Pleno dia;Decrescente;Céu Claro;Simples;Reta;Não;2;0;1;0;1;0;1;2;-9,30408304;-35,95413208;SPRF-AL;DEL01-AL;UOP02-DEL01-AL