id;data_inversa;dia_semana;horario;uf;br;km;municipio;causa_acidente;tipo_acidente;classificacao_acidente;fase_dia;sentido_via;condicao_metereologica;tipo_pista;tracado_via;uso_solo;pessoas;mortos;feridos_leves;feridos_graves;ilesos;ignorados;feridos;veiculos;latitude;longitude;regional;delegacia;uop
727371;25/10/2025;sábado;10:00:00;SC;282;351;CAMPOS NOVOS;Animais na Pista;Colisão traseira;Com Vítimas Feridas;Pleno dia;Crescente;Céu Claro;Simples;Reta;Não;3;0;1;0;2;0;1;2;-27,359518;-51,324245;SPRF-SC;DEL07-SC;UOP06-DEL07-SC
727372;06/10/2025;segunda-feira;05:00:00;RO;364;141,3;PIMENTA BUENO;Pista esburacada;Tombamento;Sem Vítimas;Amanhecer;Crescente;Céu Claro;Simples;"Declive;Reta;Em Obras";Não;1;0;0;0;1;0;0;1;-12,0144842;-60,8575315;SPRF-RO;DEL02-RO;UOP02-DEL02-RO
727373;25/10/2025;sábado;08:30:00;MG;262;395,5;PARA DE MINAS;Manobra de mudança de faixa;Colisão lateral mesmo sentido;Com Vítimas Feridas;Pleno dia;Decrescente;Sol;Dupla;"Reta;Aclive";Sim;2;0;0;1;1;0;1;2;-19,883481;-44,606502;SPRF-MG;DEL01-MG;UOP03-DEL01-MG
727374;25/10/2025;sábado;06:17:00;RS;116;241;NOVO HAMBURGO;Acumulo de óleo sobre o pavimento;Tombamento;Com Vítimas Feridas;Pleno dia;Crescente;Céu Claro;Simples;"Retorno Regulamentado;Curva;Viaduto";Sim;1;0;1;0;0;0;1;1;-29,71254672;-51,14881007;SPRF-RS;DEL01-RS;UOP02-DEL01-RS
727376;25/10/2025;sábado;09:30:00;MG;365;543,6;ROMARIA;Ausência de reação do condutor;Saída de leito carroçável;Com Vítimas Feridas;Pleno dia;Crescente;Sol;Simples;Reta;Não;4;0;3;1;0;0;4;1;-18,93163;-47,607245;SPRF-MG;DEL10-MG;UOP01-DEL10-MG
727378;12/09/2025;sexta-feira;06:30:00;RJ;116;284;BARRA MANSA;Reação tardia ou ineficiente do condutor;Capotamento;Com Vítimas Feridas;Amanhecer;Decrescente;Céu Claro;Dupla;Curva;Sim;2;0;0;1;1;0;1;1;-22,48710252;-44,24752235;SPRF-RJ;DEL07-RJ;UOP02-DEL07-RJ
727379;25/10/2025;sábado;10:10:00;SC;282;4;SAO JOSE;Reação tardia ou ineficiente do condutor;Colisão lateral mesmo sentido;Com Vítimas Feridas;Pleno dia;Crescente;Nublado;Dupla;Reta;Sim;4;0;2;0;0;2;2;3;-27,58954502;-48,61033916;SPRF-SC;DEL01-SC;UOP01-DEL01-SC
727380;25/10/2025;sábado;10:25:00;MG;146;476,5;POCOS DE CALDAS;Condutor deixou de manter distância do veículo da frente;Colisão traseira;Sem Vítimas;Pleno dia;Crescente;Nublado;Simples;"Em Obras;Reta";Não;4;0;0;0;3;1;0;4;-21,762144;-46,411922;SPRF-MG;DEL09-MG;UOP01-DEL09-MG
727381;25/10/2025;sábado;11:00:00;MG;40;509;RIBEIRAO DAS NEVES;Reação tardia ou ineficiente do condutor;Engavetamento;Com Vítimas Feridas;Pleno dia;Decrescente;Céu Claro;Dupla;"Reta;Aclive";Sim;11;0;3;0;8;0;3;6;-19,771842;-44,125707;SPRF-MG;DEL01-MG;UOP02-DEL01-MG
727382;25/10/2025;sábado;10:35:00;SC;101;209,9;SAO JOSE;Reação tardia ou ineficiente do condutor;Colisão traseira;Com Vítimas Feridas;Pleno dia;Decrescente;Céu Claro;Dupla;Reta;Não;4;0;2;0;2;0;2;2;-27,58854659;-48,61261368;SPRF-SC;DEL01-SC;UOP01-DEL01-SC
727384;25/10/2025;sábado;09:00:00;MG;262;66;MATIPO;Reação tardia ou ineficiente do condutor;Saída de leito carroçável;Com Vítimas Feridas;Pleno dia;Crescente;Nublado;Simples;Curva;Não;1;0;1;0;0;0;1;1;-20,30307;-42,265497;SPRF-MG;DEL06-MG;UOP03-DEL06-MG
727385;25/10/2025;sábado;11:00:00;PB;230;17,6;JOAO PESSOA;Reação tardia ou ineficiente do condutor;Colisão traseira;Com Vítimas Feridas;Pleno dia;Decrescente;Sol;Dupla;Reta;Sim;2;0;0;1;1;0;1;2;-7,120165;-34,845172;SPRF-PB;DEL01-PB;UOP01-DEL01-PB
727386;21/10/2025;terça-feira;08:30:00;PR;277;83;CURITIBA;Reação tardia ou ineficiente do condutor;Colisão traseira;Com Vítimas Feridas;Pleno dia;Crescente;Céu Claro;Dupla;Reta;Sim;2;0;1;0;1;0;1;2;-25,4490476;-49,22945092;SPRF-PR;DEL01-PR;UOP03-DEL01-PR
727387;25/10/2025;sábado;11:00:00;GO;60;65;ABADIANIA;Demais falhas mecânicas ou elétricas;Saída de leito carroçável;Com Vítimas Feridas;Pleno dia;Crescente;Céu Claro;Dupla;Reta;Não;1;0;1;0;0;0;1;1;-16,204715;-48,740551;SPRF-GO;DEL02-GO;UOP01-DEL02-GO
727388;21/09/2025;domingo;15:00:00;MG;267;62;BICAS;Condutor deixou de manter distância do veículo da frente;Colisão traseira;Com Vítimas Feridas;Pleno dia;Crescente;Céu Claro;Simples;Reta;Não;2;0;1;0;1;0;1;2;-21,73505314;-43,09446685;SPRF-MG;DEL05-MG;UOP01-DEL05-MG
727389;25/10/2025;sábado;11:15:00;DF;60;3,9;BRASILIA;Manobra de mudança de faixa;Colisão lateral mesmo sentido;Com Vítimas Fatais;Pleno dia;Crescente;Céu Claro;Dupla;Reta;Sim;3;1;0;0;1;1;0;3;-15,892397;-48,09457;SPRF-DF;DEL03-DF;UOP01-DEL03-DF
727391;25/10/2025;sábado;10:50:00;SC;101;2,2;ARARANGUA;Condutor deixou de manter distância do veículo da frente;Colisão lateral mesmo sentido;Com Vítimas Feridas;Pleno dia;Crescente;Céu Claro;Múltipla;Rotatória;Sim;2;0;2;0;0;0;2;2;-28,93865958;-49,49679701;SPRF-SC;DEL02-SC;UOP02-DEL02-SC
727393;25/10/2025;sábado;11:45:00;RS;386;350,9;ESTRELA;Trafegar com motocicleta (ou similar) entre as faixas;Colisão lateral mesmo sentido;Com Vítimas Feridas;Pleno dia;Crescente;Céu Claro;Dupla;Reta;Não;5;0;2;0;3;0;2;2;-29,483994;-51,9547366;SPRF-RS;DEL04-RS;UOP01-DEL04-RS
727395;25/10/2025;sábado;12:05:00;SP;116;141;SAO JOSE DOS CAMPOS;Reação tardia ou ineficiente do condutor;Colisão traseira;Com Vítimas Feridas;Pleno dia;Decrescente;Sol;Dupla;Reta;Sim;7;0;1;0;6;0;1;7;-23,1689053;-45,82132612;SPRF-SP;DEL02-SP;UOP01-DEL02-SP
727396;25/10/2025;sábado;10:00:00;PI;316;152;ELESBAO VELOSO;Condutor Dormindo;Colisão com objeto;Com Vítimas Feridas;Pleno dia;Decrescente;Céu Claro;Simples;Reta;Não;3;0;0;3;0;0;3;1;-6,14905654;-42,13293314;SPRF-PI;DEL04-PI;UOP02-DEL04-PI
727397;25/10/2025;sábado;12:30:00;SP;116;473;JACUPIRANGA;Manobra de mudança de faixa;Colisão lateral mesmo sentido;Com Vítimas Feridas;Pleno dia;Crescente;Céu Claro;Dupla;Reta;Não;2;0;0;1;1;0;1;2;-24,68452751;-47,98802912;SPRF-SP;DEL05-SP;UOP01-DEL05-SP
727400;25/10/2025;sábado;11:50:00;ES;101;64;SAO MATEUS;Ultrapassagem Indevida;Colisão frontal;Com Vítimas Feridas;Pleno dia;Crescente;Chuva;Simples;Curva;Não;4;0;1;1;2;0;2;3;-18,704061;-39,869205;SPRF-ES;DEL04-ES;UOP02-DEL04-ES
727401;25/10/2025;sábado;12:10:00;PR;163;11,5;BARRACAO;Acessar a via sem observar a presença dos outros veículos;Colisão transversal;Com Vítimas Feridas;Pleno dia;Decrescente;Sol;Simples;"Reta;Declive";Sim;2;0;0;1;1;0;1;2;-26,2356;-53,637603;SPRF-PR;DEL02-PR;UOP02-DEL02-PR
727402;25/10/2025;sábado;11:00:00;RS;392;283,2;SAO SEPE;Condutor deixou de manter distância do veículo da frente;Colisão traseira;Sem Vítimas;Pleno dia;Decrescente;Chuva;Múltipla;"Reta;Aclive";Não;7;0;0;0;7;0;0;2;-30,280407;-53,54139805;SPRF-RS;DEL09-RS;UOP02-DEL09-RS
727404;25/10/2025;sábado;12:22:00;MS;163;485;CAMPO GRANDE;Acessar a via sem observar a presença dos outros veículos;Colisão lateral mesmo sentido;Sem Vítimas;Pleno dia;Decrescente;Céu Claro;Simples;"Reta;Interseção de Vias";Sim;2;0;0;0;2;0;0;2;-20,43504;-54,543275;SPRF-MS;DEL01-MS;UOP02-DEL01-MS
727406;25/10/2025;sábado;13:30:00;MG;40;518;RIBEIRAO DAS NEVES;Ausência de reação do condutor;Colisão lateral mesmo sentido;Com Vítimas Feridas;Pleno dia;Decrescente;Céu Claro;Dupla;Reta;Sim;2;0;0;1;1;0;1;2;-19,836712;-44,078982;SPRF-MG;DEL01-MG;UOP02-DEL01-MG
727409;25/10/2025;sábado;12:40:00;SP;116;168,8;JACAREI;Manobra de mudança de faixa;Colisão lateral mesmo sentido;Com Vítimas Feridas;Pleno dia;Crescente;Sol;Dupla;"Aclive;Curva";Não;3;0;1;0;2;0;1;2;-23,30650673;-46,03961416;SPRF-SP;DEL02-SP;UOP01-DEL02-SP
727410;25/10/2025;sábado;13:00:00;MT;364;357,4;SANTO ANTONIO DO LEVERGER;Condutor Dormindo;Saída de leito carroçável;Sem Vítimas;Pleno dia;Crescente;Céu Claro;Dupla;Reta;Não;2;0;0;0;2;0;0;1;-15,7971438;-55,5650975;SPRF-MT;DEL05-MT;UOP02-DEL05-MT
727415;25/10/2025;sábado;12:50:00;RJ;101;329;RIO DE JANEIRO;Reação tardia ou ineficiente do condutor;Colisão traseira;Com Vítimas Feridas;Pleno dia;Crescente;Céu Claro;Dupla;"Reta;Ponte";Não;5;0;3;0;2;0;3;2;-22,868667;-43,181868;SPRF-RJ;DEL02-RJ;UOP01-DEL02-RJ
727417;25/10/2025;sábado;14:35:00;SP;116;225;GUARULHOS;Objeto estático sobre o leito carroçável;Colisão com objeto;Com Vítimas Feridas;Pleno dia;Decrescente;Céu Claro;Múltipla;Reta;Sim;2;0;2;0;0;0;2;1;-23,48864758;-46,54568529;SPRF-SP;DEL01-SP;UOP01-DEL01-SP
727421;25/10/2025;sábado;14:00:00;SP;116;140;SAO JOSE DOS CAMPOS;Reação tardia ou ineficiente do condutor;Colisão lateral mesmo sentido;Com Vítimas Feridas;Pleno dia;Crescente;Céu Claro;Dupla;Reta;Não;2;0;1;0;1;0;1;2;-23,16645208;-45,81298828;SPRF-SP;DEL02-SP;UOP01-DEL02-SP
727422;25/10/2025;sábado;14:20:00;PR;277;1;CURITIBA;Reação tardia ou ineficiente do condutor;Queda de ocupante de veículo;Com Vítimas Feridas;Pleno dia;Crescente;Céu Claro;Dupla;Reta;Não;1;0;1;0;0;0;1;1;-25,431845;-49,363285;SPRF-PR;DEL01-PR;UOP06-DEL01-PR
727423;25/10/2025;sábado;14:40:00;GO;153;437;ANAPOLIS;Ingestão de álcool pelo condutor;Colisão traseira;Sem Vítimas;Pleno dia;Crescente;Céu Claro;Dupla;"Em Obras;Reta";Sim;3;0;0;0;1;2;0;3;-16,30391611;-48,92503588;SPRF-GO;DEL02-GO;UOP01-DEL02-GO
727424;25/10/2025;sábado;12:05:00;RJ;101;310;SAO GONCALO;Condutor deixou de manter distância do veículo da frente;Engavetamento;Com Vítimas Feridas;Pleno dia;Decrescente;Céu Claro;Dupla;Reta;Sim;5;0;1;0;4;0;1;5;-22,8015033;-43,05438995;SPRF-RJ;DEL02-RJ;UOP02-DEL02-RJ
727426;25/10/2025;sábado;13:44:00;PR;476;117;COLOMBO;Ausência de reação do condutor;Colisão traseira;Sem Vítimas;Pleno dia;Crescente;Céu Claro;Dupla;Reta;Sim;3;0;0;0;3;0;0;3;-25,351809;-49,178801;SPRF-PR;DEL01-PR;UOP01-DEL01-PR
727430;25/10/2025;sábado;13:20:00;MS;60;425,2;SIDROLANDIA;Manobra de mudança de faixa;Colisão lateral mesmo sentido;Com Vítimas Feridas;Pleno dia;Crescente;Céu Claro;Dupla;Reta;Sim;2;0;0;1;1;0;1;2;-20,93153046;-54,9589026;SPRF-MS;DEL01-MS;UOP04-DEL01-MS
727431;25/10/2025;sábado;15:00:00;RJ;101;327;RIO DE JANEIRO;Demais falhas mecânicas ou elétricas;Colisão traseira;Com Vítimas Feridas;Pleno dia;Decrescente;Céu Claro;Múltipla;Reta;Não;2;0;1;0;1;0;1;2;-22,86796701;-43,19212675;SPRF-RJ;DEL02-RJ;UOP01-DEL02-RJ
727432;25/10/2025;sábado;14:30:00;ES;101;266;SERRA;Ingestão de álcool pelo condutor;Colisão traseira;Com Vítimas Feridas;Pleno dia;Crescente;Chuva;Múltipla;"Reta;Retorno Regulamentado";Sim;3;0;1;0;1;1;1;3;-20,19546;-40,268828;SPRF-ES;DEL02-ES;UOP01-DEL02-ES
727433;25/10/2025;sábado;15:30:00;PR;476;116;COLOMBO;Ausência de reação do condutor;Colisão traseira;Com Vítimas Feridas;Pleno dia;Decrescente;Céu Claro;Múltipla;Curva;Sim;3;0;1;0;2;0;1;3;-25,349204;-49,176115;SPRF-PR;DEL01-PR;UOP01-DEL01-PR
727434;25/10/2025;sábado;15:45:00;RS;448;22;PORTO ALEGRE;Velocidade Incompatível;Colisão com objeto;Com Vítimas Fatais;Pleno dia;Crescente;Céu Claro;Múltipla;Curva;Sim;1;1;0;0;0;0;0;1;-29,97292124;-51,19923694;SPRF-RS;DEL01-RS;UOP01-DEL01-RS
727435;25/10/2025;sábado;15:30:00;MG;40;509;RIBEIRAO DAS NEVES;Reação tardia ou ineficiente do condutor;Queda de ocupante de veículo;Com Vítimas Feridas;Pleno dia;Decrescente;Céu Claro;Dupla;"Reta;Aclive";Sim;1;0;1;0;0;0;1;1;-19,772233;-44,125189;SPRF-MG;DEL01-MG;UOP02-DEL01-MG
727436;25/10/2025;sábado;14:50:00;SP;116;401;MIRACATU;Condutor deixou de manter distância do veículo da frente;Colisão traseira;Com Vítimas Feridas;Pleno dia;Crescente;Céu Claro;Dupla;Reta;Não;3;0;0;2;1;0;2;2;-24,31157872;-47,51351123;SPRF-SP;DEL04-SP;UOP02-DEL04-SP
727437;25/10/2025;sábado;15:30:00;SC;101;357;SANGAO;Manobra de mudança de faixa;Saída de leito carroçável;Com Vítimas Feridas;Pleno dia;Crescente;Nublado;Simples;Curva;Não;2;0;1;1;0;0;2;1;-28,641904;-49,102379;SPRF-SC;DEL02-SC;UOP01-DEL02-SC
727438;25/10/2025;sábado;15:05:00;PR;277;185,7;PALMEIRA;Ingestão de álcool pelo condutor;Colisão com objeto;Sem Vítimas;Pleno dia;Crescente;Céu Claro;Simples;"Declive;Reta";Não;1;0;0;0;1;0;0;1;-25,420775;-50,082765;SPRF-PR;DEL08-PR;UOP02-DEL08-PR
727439;25/10/2025;sábado;14:30:00;PR;116;14,5;COLOMBO;Ingestão de álcool pelo condutor;Colisão lateral mesmo sentido;Sem Vítimas;Pleno dia;Decrescente;Nublado;Dupla;Reta;Sim;2;0;0;0;2;0;0;2;-25,38357047;-49,16809916;SPRF-PR;DEL01-PR;UOP02-DEL01-PR
727441;25/10/2025;sábado;16:10:00;MG;40;714,5;BARBACENA;Acessar a via sem observar a presença dos outros veículos;Colisão transversal;Com Vítimas Feridas;Pleno dia;Crescente;Nublado;Dupla;"Curva;Aclive";Não;2;0;1;0;1;0;1;2;-21,26448503;-43,6605355;SPRF-MG;DEL05-MG;UOP01-DEL05-MG
727442;25/10/2025;sábado;15:05:00;PR;163;258,2;TOLEDO;Frear bruscamente;Queda de ocupante de veículo;Com Vítimas Feridas;Pleno dia;Crescente;Céu Claro;Dupla;Reta;Não;3;0;2;1;0;0;3;3;-24,646938;-53,846733;SPRF-PR;DEL06-PR;UOP02-DEL06-PR
727443;25/10/2025;sábado;16:35:00;SE;101;82;NOSSA SENHORA DO SOCORRO;Ausência de reação do condutor;Saída de leito carroçável;Com Vítimas Feridas;Anoitecer;Decrescente;Céu Claro;Dupla;Curva;Não;4;0;2;2;0;0;4;1;-10,84896926;-37,13620154;SPRF-SE;DEL01-SE;UOP01-DEL01-SE
727444;25/10/2025;sábado;16:30:00;ES;101;148;LINHARES;Condutor deixou de manter distância do veículo da frente;Colisão traseira;Com Vítimas Feridas;Pleno dia;Crescente;Céu Claro;Dupla;Reta;Sim;3;0;1;0;2;0;1;2;-19,40024101;-40,06226671;SPRF-ES;DEL04-ES;UOP01-DEL04-ES
727445;25/10/2025;sábado;11:15:00;SC;163;70,4;SAO MIGUEL DO OESTE;Ingestão de substâncias psicoativas pelo condutor;Colisão com objeto;Com Vítimas Feridas;Pleno dia;Crescente;Céu Claro;Dupla;"Interseção de Vias;Curva";Sim;1;0;0;1;0;0;1;1;-26,732658;-53,509815;SPRF-SC;DEL07-SC;UOP03-DEL07-SC
727446;11/09/2025;quinta-feira;21:40:00;PA;163;298,5;NOVO PROGRESSO;Frear bruscamente;Tombamento;Sem Vítimas;Plena Noite;Crescente;Céu Claro;Simples;Reta;Não;4;0;0;0;0;4;0;1;-7,143111;-55,381828;SPRF-PA;DEL05-PA;UOP03-DEL05-PA
727447;25/10/2025;sábado;16:00:00;SC;101;434,4;SOMBRIO;Ausência de reação do condutor;Colisão traseira;Com Vítimas Feridas;Pleno dia;Crescente;Céu Claro;Múltipla;Reta;Não;2;0;1;1;0;0;2;2;-29,09808329;-49,63410616;SPRF-SC;DEL02-SC;UOP02-DEL02-SC
727449;25/10/2025;sábado;15:50:00;SC;101;140;BALNEARIO CAMBORIU;Reação tardia ou ineficiente do condutor;Saída de leito carroçável;Com Vítimas Feridas;Pleno dia;Crescente;Nublado;Dupla;"Aclive;Reta";Sim;1;0;0;1;0;0;1;1;-27,05108788;-48,60032487;SPRF-SC;DEL04-SC;UOP03-DEL04-SC
727450;25/10/2025;sábado;16:55:00;AL;104;88,8;RIO LARGO;Ingestão de álcool pelo condutor;Colisão transversal;Com Vítimas Feridas;Pleno dia;Crescente;Nublado;Dupla;Reta;Sim;3;0;1;0;1;1;1;2;-9,48617741;-35,8171575;SPRF-AL;DEL01-AL;UOP01-DEL01-AL
727451;25/10/2025;sábado;16:20:00;SP;116;211;GUARULHOS;Ausência de reação do condutor;Colisão traseira;Com Vítimas Feridas;Pleno dia;Decrescente;Céu Claro;Múltipla;Reta;Sim;4;0;1;0;3;0;1;2;-23,433477;-46,4205;SPRF-SP;DEL01-SP;UOP01-DEL01-SP
727453;25/10/2025;sábado;16:05:00;PA;308;157;CAPANEMA;Condutor Dormindo;Saída de leito carroçável;Com Vítimas Feridas;Pleno dia;Crescente;Nublado;Simples;Reta;Não;2;0;1;1;0;0;2;1;-1,21126;-47,132598;SPRF-PA;DEL01-PA;UOP03-DEL01-PA
727454;25/10/2025;sábado;14:50:00;MA;135;20;SAO LUIS;Reação tardia ou ineficiente do condutor;Colisão traseira;Com Vítimas Feridas;Pleno dia;Crescente;Céu Claro;Dupla;Reta;Sim;2;0;1;0;1;0;1;2;-2,56493;-44,31864;SPRF-MA;DEL01-MA;UOP01-DEL01-MA
727455;25/10/2025;sábado;15:20:00;RJ;40;121;DUQUE DE CAXIAS;Ausência de reação do condutor;Queda de ocupante de veículo;Com Vítimas Feridas;Pleno dia;Decrescente;Céu Claro;Dupla;Curva;Não;1;0;0;1;0;0;1;1;-22,78455998;-43,28569718;SPRF-RJ;DEL01-RJ;UOP02-DEL01-RJ
727456;25/10/2025;sábado;16:40:00;DF;80;22,5;BRASILIA;Acessar a via sem observar a presença dos outros veículos;Colisão lateral sentido oposto;Com Vítimas Feridas;Pleno dia;Decrescente;Céu Claro;Simples;Reta;Não;3;0;1;1;1;0;2;2;-15,6502478;-48,2020914;SPRF-DF;DEL03-DF;UOP02-DEL03-DF
727457;25/10/2025;sábado;17:30:00;ES;101;145,8;LINHARES;Condutor deixou de manter distância do veículo da frente;Colisão traseira;Com Vítimas Feridas;Plena Noite;Decrescente;Chuva;Dupla;Reta;Não;3;0;1;0;2;0;1;2;-19,36853149;-40,06515639;SPRF-ES;DEL04-ES;UOP01-DEL04-ES
727458;25/10/2025;sábado;15:00:00;PR;116;159;QUITANDINHA;Reação tardia ou ineficiente do condutor;Colisão traseira;Sem Vítimas;Pleno dia;Crescente;Céu Claro;Simples;Declive;Não;2;0;0;0;2;0;0;2;-25,8641648;-49,42043;SPRF-PR;DEL01-PR;UOP03-DEL01-PR
727459;25/10/2025;sábado;21:10:00;SC;101;197,2;BIGUACU;Reação tardia ou ineficiente do condutor;Colisão lateral mesmo sentido;Com Vítimas Feridas;Plena Noite;Crescente;Céu Claro;Múltipla;Curva;Sim;4;0;1;0;3;0;1;3;-27,5201;-48,63799;SPRF-SC;DEL01-SC;UOP01-DEL01-SC
727460;25/10/2025;sábado;16:55:00;PR;277;632,5;CEU AZUL;Ausência de reação do condutor;Engavetamento;Com Vítimas Feridas;Pleno dia;Crescente;Céu Claro;Simples;"Aclive;Reta";Não;9;0;1;0;8;0;1;3;-25,12153258;-53,80673759;SPRF-PR;DEL05-PR;UOP02-DEL05-PR
727461;25/10/2025;sábado;17:30:00;GO;40;2;VALPARAISO DE GOIAS;Condutor deixou de manter distância do veículo da frente;Colisão traseira;Com Vítimas Feridas;Pleno dia;Crescente;Céu Claro;Dupla;Reta;Sim;3;0;2;0;1;0;2;2;-16,060568;-47,985728;SPRF-DF;DEL01-DF;UOP01-DEL01-DF
727462;25/10/2025;sábado;16:43:00;SP;116;104,3;TAUBATE;Ausência de reação do condutor;Colisão traseira;Com Vítimas Feridas;Plena Noite;Crescente;Céu Claro;Dupla;Aclive;Não;2;0;0;1;1;0;1;2;-23,00678737;-45,51215172;SPRF-SP;DEL02-SP;UOP02-DEL02-SP
727463;25/10/2025;sábado;15:45:00;GO;364;198;JATAI;Manobra de mudança de faixa;Colisão lateral mesmo sentido;Com Vítimas Feridas;Pleno dia;Decrescente;Céu Claro;Dupla;Reta;Não;3;0;1;0;2;0;1;2;-17,92082067;-51,74909234;SPRF-GO;DEL05-GO;UOP01-DEL05-GO
727464;25/10/2025;sábado;08:30:00;PR;476;264,5;SAO MATEUS DO SUL;Velocidade Incompatível;Saída de leito carroçável;Com Vítimas Feridas;Pleno dia;Decrescente;Céu Claro;Simples;Reta;Não;1;0;1;0;0;0;1;1;-25,890975;-50,28773528;SPRF-PR;DEL02-PR;UOP03-DEL02-PR
727465;25/10/2025;sábado;14:10:00;MG;116;400,4;GOVERNADOR VALADARES;Ausência de reação do condutor;Tombamento;Com Vítimas Feridas;Pleno dia;Decrescente;Céu Claro;Simples;Reta;Não;1;0;1;0;0;0;1;1;-18,77027532;-41,98536515;SPRF-MG;DEL06-MG;UOP01-DEL06-MG
727466;25/10/2025;sábado;17:50:00;PI;343;15;PARNAIBA;Reação tardia ou ineficiente do condutor;Colisão traseira;Com Vítimas Feridas;Anoitecer;Decrescente;Céu Claro;Dupla;"Aclive;Reta";Sim;2;0;0;1;1;0;1;2;-2,93755605;-41,75518656;SPRF-PI;DEL05-PI;UOP01-DEL05-PI
727467;25/10/2025;sábado;16:00:00;RJ;493;6;ITABORAI;Reação tardia ou ineficiente do condutor;Colisão traseira;Sem Vítimas;Pleno dia;Decrescente;Céu Claro;Simples;Reta;Não;4;0;0;0;4;0;0;2;-22,76253942;-42,93447375;SPRF-RJ;DEL02-RJ;UOP02-DEL02-RJ
727468;25/10/2025;sábado;18:15:00;RS;285;460;IJUI;Desrespeitar a preferência no cruzamento;Colisão transversal;Sem Vítimas;Pleno dia;Decrescente;Garoa/Chuvisco;Simples;Rotatória;Não;2;0;0;0;2;0;0;2;-28,42039109;-53,91643524;SPRF-RS;DEL10-RS;UOP01-DEL10-RS
727469;25/10/2025;sábado;17:40:00;MA;226;299;BARRA DO CORDA;Reação tardia ou ineficiente do condutor;Saída de leito carroçável;Com Vítimas Feridas;Anoitecer;Crescente;Céu Claro;Simples;Curva;Sim;1;0;1;0;0;0;1;1;-5,49954856;-45,2422142;SPRF-MA;DEL06-MA;UOP01-DEL06-MA
727470;25/10/2025;sábado;13:55:00;MG;381;238,7;SANTANA DO PARAISO;Acessar a via sem observar a presença dos outros veículos;Colisão transversal;Com Vítimas Feridas;Pleno dia;Decrescente;Céu Claro;Simples;"Interseção de Vias;Reta";Não;4;0;4;0;0;0;4;2;-19,420468;-42,49435;SPRF-MG;DEL06-MG;UOP01-DEL06-MG
727471;25/10/2025;sábado;18:20:00;PB;101;42;MAMANGUAPE;Ausência de reação do condutor;Saída de leito carroçável;Com Vítimas Feridas;Anoitecer;Decrescente;Céu Claro;Dupla;Declive;Não;3;0;3;0;0;0;3;1;-6,861;-35,133;SPRF-PB;DEL01-PB;UOP03-DEL01-PB
727472;25/10/2025;sábado;17:12:00;PE;232;97;BEZERROS;Ingestão de álcool pelo condutor;Saída de leito carroçável;Com Vítimas Feridas;Pleno dia;Crescente;Céu Claro;Dupla;Curva;Sim;1;0;0;1;0;0;1;1;-8,2348;-35,72355;SPRF-PE;DEL02-PE;UOP03-DEL02-PE
727473;25/10/2025;sábado;18:10:00;PR;277;671;MEDIANEIRA;Manobra de mudança de faixa;Colisão traseira;Com Vítimas Feridas;Anoitecer;Crescente;Céu Claro;Dupla;Curva;Sim;3;0;1;0;1;1;1;2;-25,28663455;-54,09379212;SPRF-PR;DEL05-PR;UOP02-DEL05-PR
727474;25/10/2025;sábado;17:45:00;RS;290;183;MINAS DO LEAO;Acessar a via sem observar a presença dos outros veículos;Colisão transversal;Com Vítimas Feridas;Pleno dia;Decrescente;Nublado;Simples;"Reta;Interseção de Vias;Retorno Regulamentado";Sim;3;0;2;0;1;0;2;2;-30,14438;-52,046248;SPRF-RS;DEL02-RS;UOP03-DEL02-RS
727475;25/10/2025;sábado;18:30:00;SE;101;152;ESTANCIA;Pedestre cruzava a pista fora da faixa;Atropelamento de Pedestre;Com Vítimas Feridas;Anoitecer;Decrescente;Céu Claro;Simples;Reta;Sim;2;0;0;1;0;1;1;2;-11,26929453;-37,44336963;SPRF-SE;DEL02-SE;UOP01-DEL02-SE
727477;25/10/2025;sábado;18:35:00;PE;428;173;PETROLINA;Acessar a via sem observar a presença dos outros veículos;Colisão transversal;Com Vítimas Feridas;Plena Noite;Crescente;Céu Claro;Simples;Interseção de Vias;Sim;2;0;0;1;1;0;1;2;-9,260823;-40,429562;SPRF-PE;DEL06-PE;UOP01-DEL06-PE
727480;25/10/2025;sábado;17:25:00;SC;280;53;GUARAMIRIM;Ausência de reação do condutor;Colisão traseira;Com Vítimas Feridas;Pleno dia;Crescente;Nublado;Dupla;Reta;Sim;2;0;0;1;1;0;1;2;-26,47420765;-48,97987096;SPRF-SC;DEL03-SC;UOP03-DEL03-SC
727481;25/10/2025;sábado;19:00:00;RJ;101;387;ITAGUAI;Ausência de reação do condutor;Colisão lateral mesmo sentido;Com Vítimas Feridas;Plena Noite;Crescente;Céu Claro;Dupla;Reta;Sim;2;0;1;0;1;0;1;2;-22,87554255;-43,73983383;SPRF-RJ;DEL03-RJ;UOP01-DEL03-RJ
727482;25/10/2025;sábado;15:30:00;MG;365;59,9;JEQUITAI;Ultrapassagem Indevida;Colisão frontal;Com Vítimas Feridas;Pleno dia;Crescente;Céu Claro;Simples;Reta;Não;6;0;6;0;0;0;6;2;-16,9977713;-44,2801214;SPRF-MG;DEL12-MG;UOP01-DEL12-MG
727483;25/10/2025;sábado;19:15:00;SP;116;391;MIRACATU;Velocidade Incompatível;Queda de ocupante de veículo;Com Vítimas Feridas;Plena Noite;Decrescente;Céu Claro;Dupla;Reta;Sim;1;0;1;0;0;0;1;1;-24,2675557;-47,3932356;SPRF-SP;DEL04-SP;UOP02-DEL04-SP