id;data_inversa;dia_semana;horario;uf;br;km;municipio;causa_acidente;tipo_acidente;classificacao_acidente;fase_dia;sentido_via;condicao_metereologica;tipo_pista;tracado_via;uso_solo;pessoas;mortos;feridos_leves;feridos_graves;ilesos;ignorados;feridos;veiculos;latitude;longitude;regional;delegacia;uop
727484;25/10/2025;sábado;18:15:00;PR;369;36;ANDIRA;Reação tardia ou ineficiente do condutor;Tombamento;Com Vítimas Feridas;Anoitecer;Decrescente;Céu Claro;Simples;Reta;Sim;1;0;1;0;0;0;1;1;-23,040474;-50,226882;SPRF-PR;DEL07-PR;UOP05-DEL07-PR
727485;25/10/2025;sábado;16:00:00;PR;373;422;FOZ DO JORDAO;Reação tardia ou ineficiente do condutor;Saída de leito carroçável;Com Vítimas Feridas;Pleno dia;Decrescente;Céu Claro;Simples;Curva;Não;1;0;0;1;0;0;1;1;-25,70836;-52,1765;SPRF-PR;DEL08-PR;UOP01-DEL08-PR
727486;25/10/2025;sábado;19:20:00;SC;101;326;CAPIVARI DE BAIXO;Manobra de mudança de faixa;Colisão lateral mesmo sentido;Com Vítimas Feridas;Plena Noite;Decrescente;Céu Claro;Simples;"Interseção de Vias;Reta";Sim;2;0;1;0;1;0;1;2;-28,436022;-48,959053;SPRF-SC;DEL02-SC;UOP01-DEL02-SC
727487;25/10/2025;sábado;18:55:00;PE;116;26;SALGUEIRO;Desrespeitar a preferência no cruzamento;Colisão transversal;Com Vítimas Feridas;Plena Noite;Crescente;Céu Claro;Simples;"Interseção de Vias;Reta";Sim;2;0;0;1;0;1;1;2;-8,07308;-39,13311;SPRF-PE;DEL05-PE;UOP01-DEL05-PE
727489;25/10/2025;sábado;16:30:00;PR;376;626;SAO JOSE DOS PINHAIS;Ausência de reação do condutor;Colisão com objeto;Sem Vítimas;Pleno dia;Decrescente;Céu Claro;Dupla;Viaduto;Não;1;0;0;0;0;1;0;1;-25,665281;-49,154219;SPRF-PR;DEL01-PR;UOP04-DEL01-PR
727490;25/10/2025;sábado;19:30:00;BA;324;440;RIACHAO DO JACUIPE;Ultrapassagem Indevida;Colisão frontal;Com Vítimas Fatais;Plena Noite;Crescente;Céu Claro;Simples;Reta;Sim;3;2;0;1;0;0;1;2;-11,8082112;-39,3901062;SPRF-BA;DEL04-BA;UOP02-DEL04-BA
727491;25/10/2025;sábado;19:30:00;RS;386;438,8;NOVA SANTA RITA;Ausência de reação do condutor;Tombamento;Com Vítimas Feridas;Plena Noite;Decrescente;Nublado;Dupla;Reta;Não;1;0;1;0;0;0;1;1;-29,87216527;-51,24786124;SPRF-RS;DEL04-RS;UOP02-DEL04-RS
727492;25/10/2025;sábado;19:30:00;DF;20;22,3;BRASILIA;Manobra de mudança de faixa;Colisão transversal;Com Vítimas Feridas;Plena Noite;Crescente;Céu Claro;Dupla;Retorno Regulamentado;Sim;2;0;2;0;0;0;2;2;-15,59728674;-47,67351866;SPRF-DF;DEL02-DF;UOP01-DEL02-DF
727493;25/10/2025;sábado;19:15:00;MA;10;258;IMPERATRIZ;Ausência de reação do condutor;Colisão traseira;Com Vítimas Feridas;Plena Noite;Crescente;Céu Claro;Simples;Reta;Sim;2;0;2;0;0;0;2;2;-5,48092;-47,47256;SPRF-MA;DEL04-MA;UOP01-DEL04-MA
727494;25/10/2025;sábado;19:24:00;SC;101;100,5;BALNEARIO PICARRAS;Transitar na contramão;Colisão frontal;Com Vítimas Feridas;Plena Noite;Crescente;Céu Claro;Simples;Reta;Sim;3;0;0;2;1;0;2;2;-26,75941875;-48,68777689;SPRF-SC;DEL03-SC;UOP02-DEL03-SC
727495;25/10/2025;sábado;19:00:00;RJ;101;304;SAO GONCALO;Animais na Pista;Atropelamento de Animal;Com Vítimas Feridas;Plena Noite;Crescente;Céu Claro;Dupla;Reta;Sim;2;0;1;0;1;0;1;2;-22,78478568;-42,98798821;SPRF-RJ;DEL02-RJ;UOP02-DEL02-RJ
727497;25/10/2025;sábado;11:50:00;RS;290;343,8;CACAPAVA DO SUL;Pista Escorregadia;Saída de leito carroçável;Com Vítimas Feridas;Pleno dia;Crescente;Chuva;Simples;"Aclive;Curva";Não;1;0;1;0;0;0;1;1;-30,587042;-53,388255;SPRF-RS;DEL09-RS;UOP02-DEL09-RS
727498;25/10/2025;sábado;09:15:00;SP;116;120;CACAPAVA;Reação tardia ou ineficiente do condutor;Colisão traseira;Com Vítimas Feridas;Pleno dia;Decrescente;Sol;Dupla;Reta;Não;3;0;2;0;1;0;2;2;-23,07291582;-45,64725844;SPRF-SP;DEL02-SP;UOP02-DEL02-SP
727499;25/10/2025;sábado;20:10:00;ES;101;281,8;SERRA;Reação tardia ou ineficiente do condutor;Colisão com objeto;Com Vítimas Feridas;Plena Noite;Crescente;Garoa/Chuvisco;Múltipla;"Reta;Ponte";Não;2;0;2;0;0;0;2;1;-20,22630151;-40,36355495;SPRF-ES;DEL02-ES;UOP01-DEL02-ES
727501;25/10/2025;sábado;18:10:00;ES;393;4;CACHOEIRO DE ITAPEMIRIM;Reação tardia ou ineficiente do condutor;Saída de leito carroçável;Com Vítimas Feridas;Plena Noite;Crescente;Nublado;Simples;Curva;Não;1;0;0;1;0;0;1;1;-20,8233876;-41,1833731;SPRF-ES;DEL03-ES;UOP02-DEL03-ES
727502;25/10/2025;sábado;19:35:00;RN;406;159;CEARA-MIRIM;Pedestre andava na pista;Atropelamento de Pedestre;Com Vítimas Fatais;Pleno dia;Crescente;Céu Claro;Simples;Reta;Não;2;1;0;0;1;0;0;2;-5,706068;-35,37803;SPRF-RN;DEL02-RN;UOP01-DEL02-RN
727504;25/10/2025;sábado;20:30:00;RJ;116;70;TERESOPOLIS;Pedestre andava na pista;Atropelamento de Pedestre;Com Vítimas Feridas;Plena Noite;Crescente;Céu Claro;Simples;Reta;Sim;2;0;1;0;1;0;1;2;-22,31569;-42,938035;SPRF-RJ;DEL04-RJ;UOP01-DEL04-RJ
727505;25/10/2025;sábado;20:20:00;SP;116;276;ITAPECERICA DA SERRA;Ausência de reação do condutor;Queda de ocupante de veículo;Com Vítimas Feridas;Plena Noite;Crescente;Céu Claro;Dupla;Reta;Não;2;0;2;0;0;0;2;1;-23,71826754;-46,84463779;SPRF-SP;DEL04-SP;UOP01-DEL04-SP
727506;25/10/2025;sábado;19:00:00;PI;316;314;PICOS;Transitar na contramão;Colisão frontal;Com Vítimas Feridas;Plena Noite;Decrescente;Céu Claro;Simples;Reta;Não;2;0;2;0;0;0;2;2;-7,07947132;-41,43214703;SPRF-PI;DEL04-PI;UOP01-DEL04-PI
727507;25/10/2025;sábado;18:30:00;RJ;40;109;DUQUE DE CAXIAS;Manobra de mudança de faixa;Tombamento;Com Vítimas Feridas;Plena Noite;Decrescente;Céu Claro;Dupla;Reta;Não;1;0;0;1;0;0;1;1;-22,67435473;-43,28573668;SPRF-RJ;DEL01-RJ;UOP02-DEL01-RJ
727508;25/10/2025;sábado;18:30:00;PI;343;260,4;CAMPO MAIOR;Reação tardia ou ineficiente do condutor;Saída de leito carroçável;Sem Vítimas;Plena Noite;Crescente;Céu Claro;Simples;Reta;Não;1;0;0;0;0;1;0;1;-4,804238;-42,141747;SPRF-PI;DEL01-PI;UOP03-DEL01-PI
727509;25/10/2025;sábado;20:00:00;MS;163;727;COXIM;Conversão proibida;Colisão lateral mesmo sentido;Com Vítimas Feridas;Plena Noite;Crescente;Céu Claro;Simples;Reta;Sim;3;0;1;0;2;0;1;2;-18,52879555;-54,74081604;SPRF-MS;DEL06-MS;UOP01-DEL06-MS
727511;25/10/2025;sábado;19:50:00;RR;174;517;BOA VISTA;Acessar a via sem observar a presença dos outros veículos;Colisão traseira;Com Vítimas Fatais;Plena Noite;Decrescente;Céu Claro;Simples;Reta;Não;2;1;0;0;0;1;0;2;2,93395036;-60,71581006;SPRF-RR;DEL01-RR;UOP01-DEL01-RR
727512;25/10/2025;sábado;18:50:00;MA;10;248;IMPERATRIZ;Reação tardia ou ineficiente do condutor;Colisão traseira;Com Vítimas Feridas;Plena Noite;Decrescente;Céu Claro;Múltipla;Reta;Não;2;0;1;0;1;0;1;2;-5,5646042;-47,44977951;SPRF-MA;DEL04-MA;UOP01-DEL04-MA
727514;25/10/2025;sábado;19:15:00;RO;319;137;PORTO VELHO;Ausência de reação do condutor;Colisão traseira;Com Vítimas Feridas;Plena Noite;Crescente;Nublado;Simples;"Declive;Ponte";Não;4;0;2;0;0;2;2;3;-8,73765852;-63,92231941;SPRF-RO;DEL01-RO;UOP01-DEL01-RO
727516;25/10/2025;sábado;21:20:00;PR;277;83;CURITIBA;Ausência de reação do condutor;Queda de ocupante de veículo;Com Vítimas Feridas;Plena Noite;Decrescente;Nublado;Dupla;Reta;Não;1;0;1;0;0;0;1;1;-25,4515154;-49,2274987;SPRF-PR;DEL01-PR;UOP03-DEL01-PR
727517;25/10/2025;sábado;19:45:00;PR;376;494,8;PONTA GROSSA;Reação tardia ou ineficiente do condutor;Saída de leito carroçável;Com Vítimas Feridas;Plena Noite;Decrescente;Nublado;Dupla;Curva;Não;1;0;1;0;0;0;1;1;-25,1596419;-50,1246594;SPRF-PR;DEL03-PR;UOP04-DEL03-PR
727519;25/10/2025;sábado;19:25:00;GO;153;428;ANAPOLIS;Ausência de reação do condutor;Tombamento;Com Vítimas Feridas;Plena Noite;Crescente;Céu Claro;Dupla;Reta;Sim;1;0;1;0;0;0;1;1;-16,255444;-48,991452;SPRF-GO;DEL02-GO;UOP01-DEL02-GO
727520;25/10/2025;sábado;20:00:00;GO;60;96,9;ANAPOLIS;Ausência de reação do condutor;Colisão traseira;Sem Vítimas;Plena Noite;Crescente;Céu Claro;Dupla;"Interseção de Vias;Reta";Sim;2;0;0;0;0;2;0;2;-16,37570662;-48,94689051;SPRF-GO;DEL02-GO;UOP01-DEL02-GO
727521;25/10/2025;sábado;18:30:00;MT;163;827;SINOP;Velocidade Incompatível;Saída de leito carroçável;Sem Vítimas;Plena Noite;Crescente;Céu Claro;Dupla;"Retorno Regulamentado;Reta";Sim;1;0;0;0;0;1;0;1;-11,87297072;-55,4980427;SPRF-MT;DEL06-MT;UOP02-DEL06-MT
727522;25/10/2025;sábado;19:10:00;RS;293;130;CANDIOTA;Animais na Pista;Atropelamento de Animal;Com Vítimas Feridas;Plena Noite;Decrescente;Céu Claro;Simples;"Reta;Ponte";Não;1;0;0;1;0;0;1;1;-31,4831367;-53,61671448;SPRF-RS;DEL11-RS;UOP03-DEL11-RS
727523;25/10/2025;sábado;21:40:00;RS;116;248;SAO LEOPOLDO;Pedestre cruzava a pista fora da faixa;Atropelamento de Pedestre;Com Vítimas Feridas;Plena Noite;Decrescente;Céu Claro;Dupla;Reta;Sim;3;0;1;0;2;0;1;2;-29,77864921;-51,15610567;SPRF-RS;DEL01-RS;UOP02-DEL01-RS
727525;25/10/2025;sábado;21:10:00;SC;470;143;RIO DO SUL;Ultrapassagem Indevida;Colisão frontal;Com Vítimas Feridas;Plena Noite;Decrescente;Nublado;Dupla;Reta;Sim;3;0;0;1;1;1;1;3;-27,20577096;-49,64587066;SPRF-SC;DEL04-SC;UOP02-DEL04-SC
727526;25/10/2025;sábado;21:30:00;SC;101;197,2;BIGUACU;Ingestão de álcool pelo condutor;Tombamento;Com Vítimas Feridas;Plena Noite;Crescente;Céu Claro;Múltipla;Reta;Sim;1;0;1;0;0;0;1;1;-27,5201;-48,63795;SPRF-SC;DEL01-SC;UOP01-DEL01-SC
727527;25/10/2025;sábado;18:44:00;RJ;40;5,4;COMENDADOR LEVY GASPARIAN;Ausência de reação do condutor;Colisão com objeto;Com Vítimas Feridas;Plena Noite;Decrescente;Céu Claro;Dupla;"Curva;Retorno Regulamentado";Não;3;0;0;2;0;1;2;2;-22,024358;-43,237622;SPRF-RJ;DEL05-RJ;UOP02-DEL05-RJ
727528;25/10/2025;sábado;21:00:00;PE;232;463;MIRANDIBA;Ultrapassagem Indevida;Colisão frontal;Com Vítimas Feridas;Plena Noite;Crescente;Céu Claro;Simples;Reta;Não;2;0;2;0;0;0;2;2;-8,025823;-38,741322;SPRF-PE;DEL05-PE;UOP01-DEL05-PE
727529;25/10/2025;sábado;18:30:00;PB;230;6;CABEDELO;Pedestre andava na pista;Atropelamento de Pedestre;Com Vítimas Feridas;Plena Noite;Crescente;Céu Claro;Dupla;"Viaduto;Retorno Regulamentado";Sim;2;0;1;0;0;1;1;2;-7,02067;-34,835993;SPRF-PB;DEL01-PB;UOP01-DEL01-PB
727530;25/10/2025;sábado;13:00:00;MG;262;457,8;ARAUJOS;Mal súbito do condutor;Colisão transversal;Com Vítimas Feridas;Pleno dia;Crescente;Sol;Simples;Reta;Não;3;0;1;1;0;1;2;3;-19,7971;-45,1458;SPRF-MG;DEL08-MG;UOP03-DEL08-MG
727531;25/10/2025;sábado;20:00:00;RJ;101;456;ANGRA DOS REIS;Acessar a via sem observar a presença dos outros veículos;Colisão transversal;Com Vítimas Feridas;Plena Noite;Crescente;Céu Claro;Simples;Reta;Sim;6;0;2;0;4;0;2;2;-23,03140894;-44,17172313;SPRF-RJ;DEL03-RJ;UOP02-DEL03-RJ
727532;25/10/2025;sábado;22:00:00;AP;210;104;PORTO GRANDE;Conversão proibida;Colisão lateral mesmo sentido;Com Vítimas Feridas;Plena Noite;Crescente;Céu Claro;Simples;Reta;Sim;2;0;0;2;0;0;2;2;0,701343;-51,403713;SPRF-AP;DEL01-AP;UOP01-DEL01-AP
727534;25/10/2025;sábado;21:00:00;RS;386;174,4;CARAZINHO;Ausência de reação do condutor;Atropelamento de Pedestre;Com Vítimas Fatais;Plena Noite;Crescente;Chuva;Simples;Reta;Não;2;1;0;0;0;1;0;2;-28,266452;-52,78324;SPRF-RS;DEL08-RS;UOP01-DEL08-RS
727535;25/10/2025;sábado;20:40:00;BA;242;616;MUQUEM DE SAO FRANCISCO;Demais falhas mecânicas ou elétricas;Saída de leito carroçável;Com Vítimas Feridas;Plena Noite;Crescente;Céu Claro;Simples;Reta;Não;1;0;0;1;0;0;1;1;-12,1558314;-43,3037408;SPRF-BA;DEL10-BA;UOP01-DEL10-BA
727536;25/10/2025;sábado;20:30:00;MG;40;749,1;SANTOS DUMONT;Ausência de reação do condutor;Colisão traseira;Sem Vítimas;Plena Noite;Crescente;Nublado;Simples;Curva;Não;2;0;0;0;2;0;0;2;-21,48380081;-43,53833556;SPRF-MG;DEL05-MG;UOP01-DEL05-MG
727537;25/10/2025;sábado;21:30:00;PE;101;75,2;RECIFE;Pedestre cruzava a pista fora da faixa;Atropelamento de Pedestre;Com Vítimas Feridas;Plena Noite;Decrescente;Nublado;Dupla;Reta;Sim;2;0;0;1;1;0;1;2;-8,11168;-34,94624;SPRF-PE;DEL01-PE;UOP01-DEL01-PE
727538;25/10/2025;sábado;18:45:00;MT;364;543,3;ROSARIO OESTE;Transitar na contramão;Colisão frontal;Com Vítimas Feridas;Plena Noite;Decrescente;Nublado;Dupla;Reta;Sim;2;0;0;1;1;0;1;2;-14,8332072;-56,43308826;SPRF-MT;DEL01-MT;UOP01-DEL01-MT
727539;25/10/2025;sábado;22:30:00;SC;470;64;INDAIAL;Conversão proibida;Tombamento;Com Vítimas Feridas;Plena Noite;Crescente;Nublado;Simples;Reta;Não;3;0;2;0;1;0;2;2;-26,87448;-49,187003;SPRF-SC;DEL04-SC;UOP01-DEL04-SC
727542;25/10/2025;sábado;22:43:00;MS;163;313;RIO BRILHANTE;Ausência de reação do condutor;Colisão lateral mesmo sentido;Com Vítimas Feridas;Plena Noite;Decrescente;Céu Claro;Dupla;Reta;Não;3;0;1;0;2;0;1;2;-21,877211;-54,524639;SPRF-MS;DEL02-MS;UOP02-DEL02-MS
727543;25/10/2025;sábado;19:00:00;PA;10;271;MAE DO RIO;Manobra de mudança de faixa;Colisão lateral sentido oposto;Sem Vítimas;Plena Noite;Decrescente;Céu Claro;Simples;Reta;Sim;4;0;0;0;1;3;0;2;-2,059571;-47,55559;SPRF-PA;DEL02-PA;UOP01-DEL02-PA
727544;25/10/2025;sábado;23:30:00;SP;153;56,6;SAO JOSE DO RIO PRETO;Ausência de reação do condutor;Capotamento;Com Vítimas Fatais;Plena Noite;Crescente;Céu Claro;Dupla;Reta;Sim;1;1;0;0;0;0;0;1;-20,76503;-49,34745;SPRF-SP;DEL09-SP;UOP01-DEL09-SP
727545;25/10/2025;sábado;23:00:00;MG;40;591;ITABIRITO;Reação tardia ou ineficiente do condutor;Colisão com objeto;Com Vítimas Feridas;Plena Noite;Crescente;Nublado;Dupla;Curva;Não;2;0;1;0;0;1;1;2;-20,37655267;-43,90701056;SPRF-MG;DEL01-MG;UOP02-DEL01-MG
727546;26/10/2025;domingo;00:05:00;RJ;101;297;ITABORAI;Ausência de reação do condutor;Colisão com objeto;Sem Vítimas;Plena Noite;Crescente;Céu Claro;Simples;Reta;Sim;1;0;0;0;1;0;0;1;-22,77100889;-42,9234094;SPRF-RJ;DEL02-RJ;UOP02-DEL02-RJ
727547;26/10/2025;domingo;00:50:00;RJ;101;416;MANGARATIBA;Reação tardia ou ineficiente do condutor;Queda de ocupante de veículo;Com Vítimas Feridas;Plena Noite;Crescente;Nublado;Simples;"Aclive;Reta";Sim;1;0;1;0;0;0;1;1;-22,9129;-43,8973;SPRF-RJ;DEL03-RJ;UOP02-DEL03-RJ
727550;25/10/2025;sábado;22:45:00;RO;364;239,1;CACOAL;Problema com o freio;Colisão com objeto;Sem Vítimas;Plena Noite;Crescente;Céu Claro;Simples;"Declive;Interseção de Vias;Retorno Regulamentado";Sim;1;0;0;0;1;0;0;1;-11,433672;-61,463975;SPRF-RO;DEL02-RO;UOP02-DEL02-RO
727551;26/10/2025;domingo;00:30:00;MT;364;270,4;JACIARA;Transitar na contramão;Colisão frontal;Com Vítimas Fatais;Plena Noite;Crescente;Céu Claro;Simples;Curva;Sim;2;1;1;0;0;0;1;2;-15,9691364;-54,95036864;SPRF-MT;DEL05-MT;UOP02-DEL05-MT
727552;26/10/2025;domingo;01:06:00;PB;101;97;CONDE;Pedestre cruzava a pista fora da faixa;Atropelamento de Pedestre;Com Vítimas Fatais;Plena Noite;Decrescente;Céu Claro;Dupla;Reta;Sim;2;1;0;0;0;1;0;2;-7,240398;-34,92786;SPRF-PB;DEL01-PB;UOP01-DEL01-PB
727554;26/10/2025;domingo;00:50:00;GO;153;545,6;PIRACANJUBA;Ausência de reação do condutor;Colisão traseira;Com Vítimas Feridas;Plena Noite;Crescente;Céu Claro;Dupla;Reta;Não;2;0;1;0;0;1;1;2;-17,095208;-49,218505;SPRF-GO;DEL01-GO;UOP03-DEL01-GO
727557;26/10/2025;domingo;02:00:00;GO;153;698,9;ITUMBIARA;Velocidade Incompatível;Colisão com objeto;Com Vítimas Feridas;Plena Noite;Crescente;Céu Claro;Múltipla;Reta;Sim;2;0;1;0;0;1;1;1;-18,2911107;-49,2386009;SPRF-GO;DEL03-GO;UOP02-DEL03-GO
727558;26/10/2025;domingo;00:30:00;RS;285;393,2;SANTA BARBARA DO SUL;Ingestão de álcool pelo condutor;Saída de leito carroçável;Sem Vítimas;Plena Noite;Crescente;Garoa/Chuvisco;Simples;Declive;Não;1;0;0;0;1;0;0;1;-28,3859;-53,256648;SPRF-RS;DEL10-RS;UOP02-DEL10-RS
727559;26/10/2025;domingo;03:00:00;MA;135;15;SAO LUIS;Reação tardia ou ineficiente do condutor;Colisão com objeto;Com Vítimas Fatais;Plena Noite;Crescente;Céu Claro;Dupla;Curva;Sim;1;1;0;0;0;0;0;1;-2,566748;-44,359827;SPRF-MA;DEL01-MA;UOP01-DEL01-MA
727562;26/10/2025;domingo;04:10:00;GO;70;1,5;AGUAS LINDAS DE GOIAS;Reação tardia ou ineficiente do condutor;Queda de ocupante de veículo;Com Vítimas Feridas;Plena Noite;Crescente;Céu Claro;Dupla;Reta;Sim;1;0;1;0;0;0;1;1;-15,76723;-48,230228;SPRF-DF;DEL03-DF;UOP02-DEL03-DF
727564;26/10/2025;domingo;04:30:00;SC;101;201,8;SAO JOSE;Reação tardia ou ineficiente do condutor;Capotamento;Sem Vítimas;Amanhecer;Crescente;Nublado;Múltipla;Curva;Sim;1;0;0;0;0;1;0;1;-27,55664381;-48,61919967;SPRF-SC;DEL01-SC;UOP01-DEL01-SC
727565;26/10/2025;domingo;04:35:00;SC;280;71;JARAGUA DO SUL;Velocidade Incompatível;Colisão com objeto;Com Vítimas Feridas;Amanhecer;Crescente;Céu Claro;Simples;Rotatória;Sim;1;0;1;0;0;0;1;1;-26,4610075;-49,1376586;SPRF-SC;DEL03-SC;UOP03-DEL03-SC
727566;26/10/2025;domingo;03:20:00;SP;116;349;MIRACATU;Reação tardia ou ineficiente do condutor;Queda de ocupante de veículo;Com Vítimas Feridas;Plena Noite;Decrescente;Céu Claro;Dupla;"Aclive;Curva;Túnel";Não;2;0;1;1;0;0;2;1;-24,05395008;-47,21492656;SPRF-SP;DEL04-SP;UOP03-DEL04-SP
727567;26/10/2025;domingo;03:40:00;RJ;101;508;ANGRA DOS REIS;Ingestão de álcool pelo condutor;Saída de leito carroçável;Com Vítimas Feridas;Plena Noite;Crescente;Céu Claro;Simples;Reta;Não;1;0;1;0;0;0;1;1;-22,9997764;-44,2417567;SPRF-RJ;DEL03-RJ;UOP03-DEL03-RJ
727568;26/10/2025;domingo;03:30:00;ES;262;157,5;IBATIBA;Reação tardia ou ineficiente do condutor;Colisão lateral sentido oposto;Sem Vítimas;Plena Noite;Crescente;Nublado;Simples;Curva;Sim;2;0;0;0;2;0;0;2;-20,231458;-41,495458;SPRF-ES;DEL01-ES;UOP02-DEL01-ES
727569;26/10/2025;domingo;03:44:00;CE;304;53;ARACATI;Acostamento em desnível;Tombamento;Com Vítimas Feridas;Plena Noite;Crescente;Céu Claro;Simples;Reta;Não;2;0;2;0;0;0;2;1;-4,5726798;-37,74039142;SPRF-CE;DEL03-CE;UOP02-DEL03-CE
727570;26/10/2025;domingo;06:03:00;MG;381;499;BETIM;Reação tardia ou ineficiente do condutor;Colisão lateral mesmo sentido;Com Vítimas Feridas;Amanhecer;Crescente;Céu Claro;Dupla;"Reta;Declive";Sim;4;0;1;1;2;0;2;2;-19,998816;-44,210276;SPRF-MG;DEL01-MG;UOP03-DEL01-MG
727572;26/10/2025;domingo;03:50:00;MG;381;592,9;CARMOPOLIS DE MINAS;Reação tardia ou ineficiente do condutor;Saída de leito carroçável;Com Vítimas Feridas;Plena Noite;Crescente;Céu Claro;Múltipla;Reta;Não;2;0;2;0;0;0;2;1;-20,562965;-44,667978;SPRF-MG;DEL04-MG;UOP01-DEL04-MG
727573;26/10/2025;domingo;03:50:00;MT;163;827;SINOP;Transitar na contramão;Colisão lateral sentido oposto;Sem Vítimas;Plena Noite;Decrescente;Céu Claro;Dupla;Reta;Sim;2;0;0;0;1;1;0;2;-11,937507;-55,515188;SPRF-MT;DEL06-MT;UOP02-DEL06-MT
727577;26/10/2025;domingo;06:20:00;GO;50;96;CRISTALINA;Ingestão de álcool pelo condutor;Colisão frontal;Com Vítimas Feridas;Pleno dia;Decrescente;Céu Claro;Simples;"Viaduto;Curva";Não;4;0;0;1;3;0;1;2;-16,753932;-47,603877;SPRF-DF;DEL01-DF;UOP02-DEL01-DF
727578;26/10/2025;domingo;05:30:00;RJ;116;204;SEROPEDICA;Reação tardia ou ineficiente do condutor;Saída de leito carroçável;Sem Vítimas;Pleno dia;Crescente;Céu Claro;Dupla;Interseção de Vias;Sim;1;0;0;0;1;0;0;1;-22,7147776;-43,7223424;SPRF-RJ;DEL06-RJ;UOP02-DEL06-RJ
727580;26/10/2025;domingo;05:33:00;PA;316;26;BENEVIDES;Acesso irregular;Colisão transversal;Com Vítimas Feridas;Amanhecer;Crescente;Céu Claro;Dupla;Reta;Sim;4;0;2;2;0;0;4;2;-1,31302192;-48,22259115;SPRF-PA;DEL01-PA;UOP01-DEL01-PA
727581;26/10/2025;domingo;06:43:00;PE;101;35;ITAPISSUMA;Demais falhas mecânicas ou elétricas;Queda de ocupante de veículo;Com Vítimas Feridas;Pleno dia;Decrescente;Céu Claro;Dupla;Reta;Não;2;0;2;0;0;0;2;1;-7,77999;-34,93191;SPRF-PE;DEL01-PE;UOP02-DEL01-PE
727583;26/10/2025;domingo;06:00:00;PI;343;1;TERESINA;Acessar a via sem observar a presença dos outros veículos;Colisão transversal;Com Vítimas Feridas;Pleno dia;Decrescente;Céu Claro;Simples;"Reta;Retorno Regulamentado";Sim;2;0;2;0;0;0;2;2;-5,0681969;-42,7794191;SPRF-PI;DEL01-PI;UOP01-DEL01-PI
727586;26/10/2025;domingo;06:20:00;CE;116;238;ALTO SANTO;Ausência de reação do condutor;Saída de leito carroçável;Com Vítimas Fatais;Pleno dia;Crescente;Céu Claro;Simples;Reta;Não;2;1;0;1;0;0;1;1;-5,45770263;-38,35631466;SPRF-CE;DEL03-CE;UOP01-DEL03-CE
727587;26/10/2025;domingo;03:00:00;MG;116;502,3;INHAPIM;Velocidade Incompatível;Saída de leito carroçável;Com Vítimas Feridas;Plena Noite;Decrescente;Céu Claro;Simples;Curva;Não;2;0;1;0;1;0;1;1;-19,5841008;-42,1133992;SPRF-MG;DEL06-MG;UOP02-DEL06-MG
727588;21/10/2025;terça-feira;07:15:00;MG;40;43;PARACATU;Transitar na contramão;Colisão frontal;Com Vítimas Feridas;Pleno dia;Crescente;Céu Claro;Simples;Reta;Sim;2;0;1;0;1;0;1;2;-17,22608;-46,86172;SPRF-MG;DEL14-MG;UOP01-DEL14-MG
727589;26/10/2025;domingo;07:00:00;BA;367;23;PORTO SEGURO;Acesso irregular;Colisão transversal;Com Vítimas Feridas;Pleno dia;Decrescente;Céu Claro;Simples;Reta;Sim;3;0;1;0;2;0;1;2;-16,4046249;-39,1754171;SPRF-BA;DEL09-BA;UOP03-DEL09-BA
727590;26/10/2025;domingo;04:50:00;RO;364;265;CACOAL;Animais na Pista;Atropelamento de Animal;Com Vítimas Feridas;Plena Noite;Decrescente;Céu Claro;Simples;Reta;Não;1;0;1;0;0;0;1;1;-11,37848135;-61,69904709;SPRF-RO;DEL02-RO;UOP02-DEL02-RO
727592;25/10/2025;sábado;23:10:00;PR;277;602,5;CASCAVEL;Acumulo de água sobre o pavimento;Saída de leito carroçável;Sem Vítimas;Plena Noite;Crescente;Chuva;Dupla;Reta;Não;1;0;0;0;1;0;0;1;-25,02678386;-53,55454868;SPRF-PR;DEL04-PR;UOP01-DEL04-PR
727593;26/10/2025;domingo;00:20:00;MG;116;128,7;ITAOBIM;Ultrapassagem Indevida;Colisão frontal;Com Vítimas Fatais;Plena Noite;Crescente;Céu Claro;Simples;"Reta;Declive";Não;4;3;0;1;0;0;1;2;-16,677632;-41,501323;SPRF-MG;DEL11-MG;UOP02-DEL11-MG
727594;26/10/2025;domingo;07:40:00;RS;290;19;SANTO ANTONIO DA PATRULHA;Ausência de reação do condutor;Saída de leito carroçável;Sem Vítimas;Pleno dia;Crescente;Nublado;Dupla;Reta;Não;1;0;0;0;0;1;0;1;-29,87996216;-50,43249174;SPRF-RS;DEL03-RS;UOP01-DEL03-RS
727595;26/10/2025;domingo;05:40:00;RS;392;1,6;RIO GRANDE;Ingestão de substâncias psicoativas pelo condutor;Saída de leito carroçável;Sem Vítimas;Pleno dia;Decrescente;Céu Claro;Simples;Curva;Não;1;0;0;0;1;0;0;1;-32,050297;-52,085153;SPRF-RS;DEL07-RS;UOP02-DEL07-RS
727601;26/10/2025;domingo;08:40:00;PR;277;140,8;BALSA NOVA;Condutor deixou de manter distância do veículo da frente;Colisão traseira;Com Vítimas Feridas;Pleno dia;Crescente;Nublado;Dupla;Reta;Não;2;0;0;2;0;0;2;2;-25,47171111;-49,66594569;SPRF-PR;DEL03-PR;UOP03-DEL03-PR
727602;26/10/2025;domingo;08:40:00;PI;316;25,9;DEMERVAL LOBAO;Acumulo de areia ou detritos sobre o pavimento;Colisão frontal;Sem Vítimas;Pleno dia;Decrescente;Sol;Dupla;"Em Obras;Reta";Não;2;0;0;0;2;0;0;2;-5,311388;-42,703927;SPRF-PI;DEL01-PI;UOP02-DEL01-PI