id;data_inversa;dia_semana;horario;uf;br;km;municipio;causa_acidente;tipo_acidente;classificacao_acidente;fase_dia;sentido_via;condicao_metereologica;tipo_pista;tracado_via;uso_solo;pessoas;mortos;feridos_leves;feridos_graves;ilesos;ignorados;feridos;veiculos;latitude;longitude;regional;delegacia;uop
727725;26/10/2025;domingo;19:20:00;MG;381;573,1;ITAGUARA;Ausência de reação do condutor;Atropelamento de Pedestre;Com Vítimas Fatais;Plena Noite;Crescente;Nublado;Dupla;Reta;Não;2;1;0;0;1;0;0;2;-20,435261;-44,556987;SPRF-MG;DEL04-MG;UOP01-DEL04-MG
727726;26/10/2025;domingo;19:25:00;PI;343;13,3;PARNAIBA;Entrada inopinada do pedestre;Atropelamento de Pedestre;Com Vítimas Feridas;Plena Noite;Decrescente;Céu Claro;Dupla;Reta;Sim;2;0;0;1;0;1;1;2;-2,922867;-41,754382;SPRF-PI;DEL05-PI;UOP01-DEL05-PI
727727;26/10/2025;domingo;19:40:00;RJ;40;77;DUQUE DE CAXIAS;Condutor deixou de manter distância do veículo da frente;Colisão traseira;Com Vítimas Feridas;Plena Noite;Decrescente;Céu Claro;Simples;Reta;Não;5;0;4;0;0;1;4;2;-22,52009472;-43,22828511;SPRF-RJ;DEL01-RJ;UOP01-DEL01-RJ
727728;26/10/2025;domingo;17:00:00;PR;376;431,5;TIBAGI;Chuva;Colisão com objeto;Com Vítimas Feridas;Anoitecer;Crescente;Chuva;Dupla;Curva;Não;1;0;0;1;0;0;1;1;-24,790619;-50,501323;SPRF-PR;DEL03-PR;UOP02-DEL03-PR
727730;26/10/2025;domingo;19:10:00;AP;210;3;MACAPA;Transitar na contramão;Colisão frontal;Com Vítimas Feridas;Plena Noite;Crescente;Céu Claro;Dupla;"Declive;Reta";Sim;4;0;1;1;1;1;2;3;0,08791278;-51,09626226;SPRF-AP;DEL01-AP;UOP01-DEL01-AP
727731;26/10/2025;domingo;18:40:00;GO;60;93,4;ANAPOLIS;Pedestre andava na pista;Atropelamento de Pedestre;Com Vítimas Feridas;Plena Noite;Crescente;Céu Claro;Simples;Reta;Sim;2;0;1;0;0;1;1;2;-16,35321118;-48,92643321;SPRF-GO;DEL02-GO;UOP01-DEL02-GO
727732;26/10/2025;domingo;20:00:00;RN;101;44,6;MAXARANGUAPE;Transitar na contramão;Colisão frontal;Sem Vítimas;Plena Noite;Decrescente;Céu Claro;Simples;Reta;Não;2;0;0;0;2;0;0;2;-5,480888;-35,325121;SPRF-RN;DEL02-RN;UOP01-DEL02-RN
727733;26/10/2025;domingo;19:45:00;GO;153;204;URUACU;Ingestão de álcool pelo condutor;Capotamento;Com Vítimas Feridas;Plena Noite;Decrescente;Céu Claro;Simples;"Reta;Aclive";Não;1;0;0;1;0;0;1;1;-14,55101944;-49,16038513;SPRF-GO;DEL07-GO;UOP02-DEL07-GO
727734;26/10/2025;domingo;20:05:00;MG;116;530,2;CARATINGA;Condutor deixou de manter distância do veículo da frente;Engavetamento;Com Vítimas Feridas;Plena Noite;Decrescente;Céu Claro;Simples;Reta;Sim;4;0;1;0;3;0;1;3;-19,817027;-42,136168;SPRF-MG;DEL06-MG;UOP02-DEL06-MG
727735;26/10/2025;domingo;19:45:00;ES;259;24;JOAO NEIVA;Acessar a via sem observar a presença dos outros veículos;Colisão frontal;Com Vítimas Feridas;Pleno dia;Crescente;Céu Claro;Simples;Reta;Não;3;0;0;2;1;0;2;2;-19,68267719;-40,39260864;SPRF-ES;DEL02-ES;UOP01-DEL02-ES
727737;26/10/2025;domingo;18:40:00;MS;158;263;TRES LAGOAS;Ingestão de álcool pelo condutor;Colisão lateral sentido oposto;Com Vítimas Feridas;Pleno dia;Crescente;Chuva;Simples;Reta;Não;16;0;14;1;1;0;15;3;-20,73840049;-51,73254257;SPRF-MS;DEL07-MS;UOP01-DEL07-MS
727739;26/10/2025;domingo;19:40:00;PR;277;130,9;CAMPO LARGO;Acessar a via sem observar a presença dos outros veículos;Colisão transversal;Com Vítimas Feridas;Plena Noite;Crescente;Garoa/Chuvisco;Dupla;Interseção de Vias;Sim;3;0;0;1;2;0;1;2;-25,44998309;-49,58318559;SPRF-PR;DEL03-PR;UOP03-DEL03-PR
727740;26/10/2025;domingo;20:30:00;DF;60;13;BRASILIA;Reação tardia ou ineficiente do condutor;Colisão com objeto;Com Vítimas Feridas;Plena Noite;Decrescente;Céu Claro;Dupla;Reta;Não;2;0;1;0;1;0;1;1;-15,92184578;-48,16570079;SPRF-DF;DEL03-DF;UOP01-DEL03-DF
727741;26/10/2025;domingo;20:58:00;ES;101;276;SERRA;Afundamento ou ondulação no pavimento;Tombamento;Com Vítimas Feridas;Plena Noite;Decrescente;Céu Claro;Dupla;Reta;Não;2;0;1;0;1;0;1;1;-20,20759142;-40,30764773;SPRF-ES;DEL02-ES;UOP01-DEL02-ES
727742;26/10/2025;domingo;19:45:00;SE;101;118;ITAPORANGA DAJUDA;Ingestão de álcool pelo condutor;Atropelamento de Pedestre;Com Vítimas Feridas;Plena Noite;Decrescente;Céu Claro;Dupla;Aclive;Não;2;0;1;0;1;0;1;2;-11,0229305;-37,3256583;SPRF-SE;DEL02-SE;UOP01-DEL02-SE
727743;26/10/2025;domingo;20:30:00;PR;376;483;PONTA GROSSA;Pedestre andava na pista;Atropelamento de Pedestre;Com Vítimas Feridas;Plena Noite;Crescente;Garoa/Chuvisco;Dupla;Reta;Sim;2;0;2;0;0;0;2;2;-25,086263;-50,192807;SPRF-PR;DEL03-PR;UOP04-DEL03-PR
727744;26/10/2025;domingo;08:15:00;RJ;101;325;NITEROI;Ausência de reação do condutor;Colisão traseira;Com Vítimas Feridas;Pleno dia;Crescente;Céu Claro;Múltipla;Reta;Sim;3;0;2;0;1;0;2;2;-22,87000682;-43,16905975;SPRF-RJ;DEL02-RJ;UOP01-DEL02-RJ
727745;26/10/2025;domingo;21:00:00;MG;365;624;UBERLANDIA;Ingestão de álcool pelo condutor;Colisão lateral mesmo sentido;Sem Vítimas;Plena Noite;Decrescente;Céu Claro;Dupla;Curva;Sim;2;0;0;0;2;0;0;2;-18,91059005;-48,30576897;SPRF-MG;DEL15-MG;UOP01-DEL15-MG
727746;26/10/2025;domingo;20:50:00;SP;459;30;LORENA;Demais falhas mecânicas ou elétricas;Incêndio;Sem Vítimas;Plena Noite;Decrescente;Céu Claro;Simples;Reta;Sim;1;0;0;0;0;1;0;1;-22,71158988;-45,11174863;SPRF-SP;DEL08-SP;UOP02-DEL08-SP
727747;26/10/2025;domingo;19:30:00;MA;222;340,6;IGARAPE DO MEIO;Transitar na contramão;Colisão frontal;Com Vítimas Feridas;Plena Noite;Decrescente;Céu Claro;Simples;Reta;Não;6;0;0;1;5;0;1;2;-3,655604;-45,213746;SPRF-MA;DEL02-MA;UOP01-DEL02-MA
727748;26/10/2025;domingo;20:00:00;BA;242;413;SEABRA;Ausência de reação do condutor;Colisão traseira;Com Vítimas Feridas;Plena Noite;Crescente;Céu Claro;Simples;Reta;Não;3;0;1;0;2;0;1;2;-12,427546;-41,761514;SPRF-BA;DEL06-BA;UOP01-DEL06-BA
727749;26/10/2025;domingo;19:30:00;MG;381;415;CAETE;Acessar a via sem observar a presença dos outros veículos;Colisão lateral sentido oposto;Com Vítimas Feridas;Plena Noite;Crescente;Céu Claro;Simples;Interseção de Vias;Sim;8;0;7;0;0;1;7;3;-19,75728359;-43,6342539;SPRF-MG;DEL01-MG;UOP01-DEL01-MG
727751;26/10/2025;domingo;21:10:00;MG;116;276;TEOFILO OTONI;Ausência de reação do condutor;Colisão traseira;Com Vítimas Feridas;Plena Noite;Decrescente;Nublado;Simples;Reta;Sim;3;0;1;0;2;0;1;2;-17,85059408;-41,51472688;SPRF-MG;DEL11-MG;UOP01-DEL11-MG
727752;26/10/2025;domingo;21:20:00;SP;116;219;GUARULHOS;Ausência de reação do condutor;Saída de leito carroçável;Com Vítimas Feridas;Anoitecer;Crescente;Céu Claro;Múltipla;Reta;Sim;1;0;1;0;0;0;1;1;-23,462892;-46,493888;SPRF-SP;DEL01-SP;UOP01-DEL01-SP
727753;26/10/2025;domingo;21:00:00;BA;116;681;JEQUIE;Condutor deixou de manter distância do veículo da frente;Colisão traseira;Com Vítimas Feridas;Plena Noite;Decrescente;Céu Claro;Simples;Reta;Não;5;0;1;2;2;0;3;2;-13,91376;-40,15208;SPRF-BA;DEL03-BA;UOP01-DEL03-BA
727754;26/10/2025;domingo;20:40:00;SP;116;219;GUARULHOS;Ausência de reação do condutor;Colisão lateral mesmo sentido;Com Vítimas Feridas;Plena Noite;Decrescente;Céu Claro;Múltipla;Reta;Sim;2;0;1;0;1;0;1;2;-23,4598438;-46,4847532;SPRF-SP;DEL01-SP;UOP01-DEL01-SP
727755;26/10/2025;domingo;21:20:00;RS;116;260;CANOAS;Ausência de reação do condutor;Queda de ocupante de veículo;Com Vítimas Feridas;Plena Noite;Crescente;Nublado;Múltipla;Reta;Não;1;0;1;0;0;0;1;1;-29,873996;-51,1796179;SPRF-RS;DEL01-RS;UOP01-DEL01-RS
727756;26/10/2025;domingo;19:30:00;RJ;116;299;PORTO REAL;Ingestão de álcool pelo condutor;Colisão com objeto;Com Vítimas Feridas;Plena Noite;Crescente;Nublado;Dupla;"Reta;Declive";Não;1;0;0;1;0;0;1;1;-22,44983874;-44,32864157;SPRF-RJ;DEL07-RJ;UOP02-DEL07-RJ
727757;26/10/2025;domingo;20:40:00;RJ;493;72;NOVA IGUACU;Condutor Dormindo;Saída de leito carroçável;Com Vítimas Feridas;Plena Noite;Decrescente;Céu Claro;Dupla;Curva;Não;1;0;1;0;0;0;1;1;-22,68797;-43,494867;SPRF-RJ;DEL01-RJ;UOP03-DEL01-RJ
727758;26/10/2025;domingo;19:50:00;PR;369;190;ARAPONGAS;Ingestão de álcool pelo condutor;Saída de leito carroçável;Sem Vítimas;Plena Noite;Decrescente;Nublado;Dupla;Reta;Não;3;0;0;0;3;0;0;1;-23,43707366;-51,42208513;SPRF-PR;DEL07-PR;UOP03-DEL07-PR
727759;26/10/2025;domingo;21:40:00;SC;116;0,3;MAFRA;Reação tardia ou ineficiente do condutor;Tombamento;Com Vítimas Feridas;Plena Noite;Decrescente;Céu Claro;Simples;"Reta;Declive";Não;1;0;1;0;0;0;1;1;-26,109726;-49,784891;SPRF-SC;DEL06-SC;UOP01-DEL06-SC
727761;26/10/2025;domingo;21:40:00;MG;40;718,3;BARBACENA;Demais falhas mecânicas ou elétricas;Tombamento;Com Vítimas Feridas;Plena Noite;Decrescente;Céu Claro;Dupla;Curva;Não;1;0;1;0;0;0;1;1;-21,2880965;-43,6418042;SPRF-MG;DEL05-MG;UOP01-DEL05-MG
727763;26/10/2025;domingo;21:20:00;PR;277;38;MORRETES;Reação tardia ou ineficiente do condutor;Colisão com objeto;Com Vítimas Feridas;Plena Noite;Crescente;Chuva;Dupla;Curva;Não;5;0;3;1;1;0;4;1;-25,5740673;-48,8567037;SPRF-PR;DEL01-PR;UOP05-DEL01-PR
727764;26/10/2025;domingo;21:15:00;MG;116;275;TEOFILO OTONI;Acessar a via sem observar a presença dos outros veículos;Colisão lateral mesmo sentido;Com Vítimas Feridas;Plena Noite;Decrescente;Céu Claro;Simples;Reta;Sim;2;0;1;0;1;0;1;2;-17,8720142;-41,5199698;SPRF-MG;DEL11-MG;UOP01-DEL11-MG
727765;26/10/2025;domingo;20:12:00;MT;163;131;GUARANTA DO NORTE;Acostamento em desnível;Capotamento;Com Vítimas Feridas;Plena Noite;Decrescente;Ignorado;Simples;Reta;Não;1;0;0;1;0;0;1;1;-9,60005;-54,8916;SPRF-MT;DEL02-MT;UOP01-DEL02-MT
727766;26/10/2025;domingo;21:50:00;SC;470;53,3;BLUMENAU;Acessar a via sem observar a presença dos outros veículos;Colisão lateral mesmo sentido;Com Vítimas Feridas;Plena Noite;Decrescente;Garoa/Chuvisco;Simples;"Curva;Em Obras";Sim;2;0;1;0;1;0;1;2;-26,86942;-49,10466;SPRF-SC;DEL04-SC;UOP01-DEL04-SC
727767;26/10/2025;domingo;16:00:00;PI;135;125,7;BERTOLINIA;Ingestão de álcool pelo condutor;Saída de leito carroçável;Com Vítimas Fatais;Pleno dia;Crescente;Céu Claro;Simples;Reta;Não;1;1;0;0;0;0;0;1;-7,654292;-43,953495;SPRF-PI;DEL03-PI;UOP01-DEL03-PI
727768;26/10/2025;domingo;22:00:00;RJ;40;114;DUQUE DE CAXIAS;Demais falhas mecânicas ou elétricas;Tombamento;Sem Vítimas;Plena Noite;Crescente;Céu Claro;Múltipla;Reta;Sim;2;0;0;0;2;0;0;1;-22,71435491;-43,29013942;SPRF-RJ;DEL01-RJ;UOP02-DEL01-RJ
727770;26/10/2025;domingo;17:30:00;MT;70;551;NOSSA SENHORA DO LIVRAMENTO;Ausência de reação do condutor;Colisão lateral mesmo sentido;Sem Vítimas;Pleno dia;Decrescente;Chuva;Simples;"Reta;Aclive";Não;4;0;0;0;4;0;0;2;-15,699959;-56,398938;SPRF-MT;DEL03-MT;UOP02-DEL03-MT
727772;26/10/2025;domingo;22:20:00;ES;101;217;IBIRACU;Animais na Pista;Atropelamento de Animal;Com Vítimas Feridas;Plena Noite;Crescente;Céu Claro;Dupla;"Aclive;Curva";Não;2;0;1;0;1;0;1;1;-19,85418282;-40,38219521;SPRF-ES;DEL02-ES;UOP01-DEL02-ES
727773;26/10/2025;domingo;21:50:00;RJ;116;285;BARRA MANSA;Demais falhas mecânicas ou elétricas;Eventos atípicos;Com Vítimas Feridas;Plena Noite;Crescente;Nublado;Dupla;Reta;Não;1;0;1;0;0;0;1;1;-22,50760833;-44,22116667;SPRF-RJ;DEL07-RJ;UOP02-DEL07-RJ
727774;26/10/2025;domingo;22:30:00;BA;101;716;EUNAPOLIS;Reação tardia ou ineficiente do condutor;Capotamento;Sem Vítimas;Plena Noite;Decrescente;Céu Claro;Simples;Reta;Sim;1;0;0;0;0;1;0;1;-16,368803;-39,58306;SPRF-BA;DEL09-BA;UOP01-DEL09-BA
727776;26/10/2025;domingo;22:33:00;PE;101;43,8;IGARASSU;Acessar a via sem observar a presença dos outros veículos;Colisão transversal;Sem Vítimas;Plena Noite;Crescente;Céu Claro;Múltipla;Reta;Sim;3;0;0;0;3;0;0;2;-7,8437317;-34,9104208;SPRF-PE;DEL01-PE;UOP02-DEL01-PE
727777;26/10/2025;domingo;21:30:00;PR;376;166,9;MARINGA;Ingestão de álcool pelo condutor;Colisão lateral mesmo sentido;Com Vítimas Feridas;Plena Noite;Crescente;Nublado;Dupla;Reta;Não;5;0;1;0;4;0;1;3;-23,38916564;-52,01723512;SPRF-PR;DEL09-PR;UOP01-DEL09-PR
727778;26/10/2025;domingo;23:00:00;AL;316;248;PILAR;Transitar na contramão;Colisão frontal;Com Vítimas Feridas;Plena Noite;Decrescente;Chuva;Simples;Reta;Sim;5;0;4;0;1;0;4;2;-9,5638036;-35,97154364;SPRF-AL;DEL01-AL;UOP01-DEL01-AL
727780;26/10/2025;domingo;21:30:00;SC;282;232,7;LAGES;Reação tardia ou ineficiente do condutor;Saída de leito carroçável;Com Vítimas Feridas;Plena Noite;Decrescente;Chuva;Simples;Reta;Não;1;0;1;0;0;0;1;1;-27,78596197;-50,45213096;SPRF-SC;DEL05-SC;UOP02-DEL05-SC
727781;26/10/2025;domingo;22:30:00;PR;376;197,9;MARIALVA;Pedestre andava na pista;Atropelamento de Pedestre;Com Vítimas Fatais;Plena Noite;Crescente;Nublado;Dupla;"Declive;Curva";Não;3;1;1;0;0;1;1;2;-23,49956623;-51,76899131;SPRF-PR;DEL09-PR;UOP01-DEL09-PR
727783;26/10/2025;domingo;23:02:00;GO;20;220;POSSE;Transitar na contramão;Colisão frontal;Com Vítimas Feridas;Plena Noite;Crescente;Céu Claro;Simples;"Reta;Declive";Não;6;0;4;1;0;1;5;2;-14,194753;-46,331735;SPRF-DF;DEL02-DF;UOP03-DEL02-DF
727786;26/10/2025;domingo;22:35:00;SC;280;79,9;CORUPA;Ingestão de álcool pelo condutor;Colisão com objeto;Com Vítimas Feridas;Plena Noite;Decrescente;Garoa/Chuvisco;Simples;Rotatória;Não;1;0;1;0;0;0;1;1;-26,440617;-49,22135;SPRF-SC;DEL06-SC;UOP03-DEL06-SC
727787;26/10/2025;domingo;14:00:00;MG;262;437;NOVA SERRANA;Avarias e/ou desgaste excessivo no pneu;Tombamento;Com Vítimas Feridas;Pleno dia;Crescente;Sol;Dupla;Reta;Sim;2;0;0;1;1;0;1;1;-19,87235204;-44,96611914;SPRF-MG;DEL08-MG;UOP03-DEL08-MG
727788;27/10/2025;segunda-feira;00:20:00;PB;230;27;JOAO PESSOA;Transitar no Acostamento;Colisão traseira;Sem Vítimas;Plena Noite;Decrescente;Céu Claro;Dupla;Reta;Sim;2;0;0;0;1;1;0;2;-7,16608748;-34,88902688;SPRF-PB;DEL01-PB;UOP01-DEL01-PB
727789;26/10/2025;domingo;17:15:00;SP;116;65;GUARATINGUETA;Ausência de reação do condutor;Colisão traseira;Sem Vítimas;Pleno dia;Decrescente;Céu Claro;Dupla;Reta;Não;2;0;0;0;2;0;0;2;-22,83213633;-45,16609965;SPRF-SP;DEL08-SP;UOP01-DEL08-SP
727790;26/10/2025;domingo;23:30:00;SP;116;64;GUARATINGUETA;Ausência de reação do condutor;Capotamento;Com Vítimas Feridas;Plena Noite;Decrescente;Céu Claro;Dupla;Curva;Não;2;0;2;0;0;0;2;1;-22,85238583;-45,17708598;SPRF-SP;DEL08-SP;UOP01-DEL08-SP
727791;26/10/2025;domingo;23:20:00;SC;101;105,1;PENHA;Ingestão de álcool pelo condutor;Colisão com objeto;Sem Vítimas;Plena Noite;Decrescente;Nublado;Dupla;Curva;Não;1;0;0;0;1;0;0;1;-26,8034157;-48,67909741;SPRF-SC;DEL03-SC;UOP02-DEL03-SC
727793;27/10/2025;segunda-feira;01:00:00;MG;381;483;BETIM;Ingestão de álcool pelo condutor;Colisão lateral mesmo sentido;Sem Vítimas;Plena Noite;Decrescente;Céu Claro;Dupla;Curva;Sim;1;0;0;0;0;1;0;1;-19,95822117;-44,0798853;SPRF-MG;DEL01-MG;UOP03-DEL01-MG
727794;27/10/2025;segunda-feira;01:45:00;SP;116;8,6;QUELUZ;Entrada inopinada do pedestre;Atropelamento de Pedestre;Com Vítimas Feridas;Plena Noite;Decrescente;Céu Claro;Dupla;Interseção de Vias;Sim;2;0;0;1;0;1;1;2;-22,53630558;-44,76957589;SPRF-SP;DEL08-SP;UOP02-DEL08-SP
727795;27/10/2025;segunda-feira;01:15:00;SC;101;306,5;LAGUNA;Reação tardia ou ineficiente do condutor;Colisão com objeto;Com Vítimas Feridas;Plena Noite;Crescente;Chuva;Dupla;Curva;Não;4;0;3;0;1;0;3;1;-28,40391315;-48,78953353;SPRF-SC;DEL02-SC;UOP03-DEL02-SC
727796;27/10/2025;segunda-feira;00:30:00;PR;376;403,5;TIBAGI;Chuva;Capotamento;Com Vítimas Feridas;Plena Noite;Decrescente;Garoa/Chuvisco;Dupla;Curva;Não;1;0;1;0;0;0;1;1;-24,6014172;-50,6645492;SPRF-PR;DEL03-PR;UOP02-DEL03-PR
727798;27/10/2025;segunda-feira;02:40:00;PR;369;191;ARAPONGAS;Acessar a via sem observar a presença dos outros veículos;Colisão traseira;Com Vítimas Fatais;Plena Noite;Crescente;Nevoeiro/Neblina;Dupla;Reta;Sim;2;1;0;0;1;0;0;2;-23,445658;-51,423125;SPRF-PR;DEL07-PR;UOP03-DEL07-PR
727799;27/10/2025;segunda-feira;01:30:00;PR;116;4;CAMPINA GRANDE DO SUL;Pedestre - Ingestão de álcool/ substâncias psicoativas;Atropelamento de Pedestre;Com Vítimas Fatais;Plena Noite;Crescente;Nevoeiro/Neblina;Dupla;Reta;Sim;3;1;0;0;1;1;0;2;-25,361931;-49,080551;SPRF-PR;DEL01-PR;UOP02-DEL01-PR
727802;26/10/2025;domingo;22:30:00;RO;364;341;JI-PARANA;Reação tardia ou ineficiente do condutor;Tombamento;Com Vítimas Feridas;Plena Noite;Decrescente;Chuva;Simples;Reta;Sim;2;0;1;0;0;1;1;2;-10,884948;-61,935698;SPRF-RO;DEL02-RO;UOP01-DEL02-RO
727805;27/10/2025;segunda-feira;03:20:00;BA;101;12,8;RIO REAL;Ausência de reação do condutor;Saída de leito carroçável;Sem Vítimas;Plena Noite;Crescente;Céu Claro;Dupla;"Curva;Declive";Não;1;0;0;0;1;0;0;1;-11,588698;-37,876123;SPRF-SE;DEL02-SE;UOP03-DEL02-SE
727806;27/10/2025;segunda-feira;05:20:00;MG;116;124;ITAOBIM;Ausência de reação do condutor;Colisão com objeto;Sem Vítimas;Amanhecer;Crescente;Céu Claro;Simples;Curva;Não;1;0;0;0;0;1;0;1;-16,638461;-41,50076;SPRF-MG;DEL11-MG;UOP02-DEL11-MG
727808;27/10/2025;segunda-feira;04:35:00;SC;101;370;ICARA;Demais falhas mecânicas ou elétricas;Incêndio;Sem Vítimas;Plena Noite;Decrescente;Nublado;Múltipla;Reta;Não;1;0;0;0;1;0;0;1;-28,751779;-49,271642;SPRF-SC;DEL02-SC;UOP01-DEL02-SC
727809;27/10/2025;segunda-feira;05:30:00;GO;153;497;GOIANIA;Ausência de reação do condutor;Queda de ocupante de veículo;Com Vítimas Feridas;Amanhecer;Decrescente;Céu Claro;Dupla;"Reta;Declive";Sim;2;0;1;0;1;0;1;2;-16,6737186;-49,22916837;SPRF-GO;DEL01-GO;UOP01-DEL01-GO
727810;27/10/2025;segunda-feira;06:00:00;SC;101;126,2;ITAJAI;Chuva;Tombamento;Com Vítimas Feridas;Pleno dia;Crescente;Céu Claro;Dupla;Reta;Não;1;0;1;0;0;0;1;1;-26,95742;-48,68264;SPRF-SC;DEL04-SC;UOP04-DEL04-SC
727811;27/10/2025;segunda-feira;04:40:00;PE;101;58,7;RECIFE;Ausência de reação do condutor;Saída de leito carroçável;Com Vítimas Fatais;Amanhecer;Decrescente;Céu Claro;Dupla;Reta;Não;1;1;0;0;0;0;0;1;-7,976697;-34,925665;SPRF-PE;DEL01-PE;UOP02-DEL01-PE
727812;27/10/2025;segunda-feira;06:20:00;RN;406;169;SAO GONCALO DO AMARANTE;Ausência de reação do condutor;Colisão traseira;Com Vítimas Feridas;Pleno dia;Crescente;Chuva;Dupla;"Retorno Regulamentado;Reta;Interseção de Vias";Sim;3;0;1;0;2;0;1;2;-5,75795897;-35,30165702;SPRF-RN;DEL02-RN;UOP01-DEL02-RN
727813;27/10/2025;segunda-feira;05:07:00;PI;316;311;PICOS;Reação tardia ou ineficiente do condutor;Colisão transversal;Sem Vítimas;Amanhecer;Crescente;Céu Claro;Dupla;Reta;Sim;2;0;0;0;1;1;0;2;-7,07908803;-41,46162987;SPRF-PI;DEL04-PI;UOP01-DEL04-PI
727815;27/10/2025;segunda-feira;06:30:00;PB;230;21;JOAO PESSOA;Trafegar com motocicleta (ou similar) entre as faixas;Tombamento;Com Vítimas Feridas;Pleno dia;Decrescente;Céu Claro;Dupla;Reta;Sim;2;0;0;1;1;0;1;1;-7,1647656;-34,90000248;SPRF-PB;DEL01-PB;UOP01-DEL01-PB
727816;27/10/2025;segunda-feira;06:00:00;GO;60;69;ABADIANIA;Ingestão de álcool pelo condutor;Capotamento;Sem Vítimas;Pleno dia;Crescente;Céu Claro;Dupla;Reta;Não;4;0;0;0;4;0;0;1;-16,23737;-48,75954;SPRF-GO;DEL02-GO;UOP01-DEL02-GO
727817;27/10/2025;segunda-feira;05:00:00;RJ;116;109;GUAPIMIRIM;Condutor deixou de manter distância do veículo da frente;Colisão traseira;Com Vítimas Feridas;Pleno dia;Decrescente;Céu Claro;Dupla;Curva;Sim;4;0;1;0;3;0;1;2;-22,54078132;-42,98606873;SPRF-RJ;DEL04-RJ;UOP01-DEL04-RJ
727818;27/10/2025;segunda-feira;05:30:00;MG;262;422;SAO GONCALO DO PARA;Ausência de reação do condutor;Saída de leito carroçável;Com Vítimas Feridas;Amanhecer;Crescente;Sol;Dupla;Declive;Não;4;0;4;0;0;0;4;1;-19,89508421;-44,84773739;SPRF-MG;DEL08-MG;UOP03-DEL08-MG
727819;27/10/2025;segunda-feira;06:18:00;BA;324;556;AMELIA RODRIGUES;Demais falhas na via;Queda de ocupante de veículo;Com Vítimas Feridas;Amanhecer;Crescente;Céu Claro;Dupla;Reta;Não;2;0;2;0;0;0;2;1;-12,482672;-38,667043;SPRF-BA;DEL01-BA;UOP03-DEL01-BA
727822;26/10/2025;domingo;23:00:00;RJ;465;4;SEROPEDICA;Acessar a via sem observar a presença dos outros veículos;Colisão lateral mesmo sentido;Com Vítimas Feridas;Plena Noite;Decrescente;Nublado;Simples;Reta;Não;2;0;1;0;1;0;1;2;-22,74468145;-43,70202796;SPRF-RJ;DEL06-RJ;UOP02-DEL06-RJ
727823;26/10/2025;domingo;22:00:00;MG;116;412;GOVERNADOR VALADARES;Acessar a via sem observar a presença dos outros veículos;Colisão lateral mesmo sentido;Com Vítimas Feridas;Plena Noite;Crescente;Céu Claro;Dupla;Reta;Sim;2;0;1;0;1;0;1;2;-18,871518;-41,968837;SPRF-MG;DEL06-MG;UOP01-DEL06-MG
727824;27/10/2025;segunda-feira;04:00:00;PE;316;247;BELEM DE SAO FRANCISCO;Frear bruscamente;Saída de leito carroçável;Com Vítimas Feridas;Amanhecer;Decrescente;Céu Claro;Simples;Reta;Não;1;0;1;0;0;0;1;1;-8,66556;-38,994683;SPRF-PE;DEL05-PE;UOP03-DEL05-PE
727826;27/10/2025;segunda-feira;05:15:00;SC;470;67;INDAIAL;Ausência de reação do condutor;Atropelamento de Pedestre;Com Vítimas Feridas;Amanhecer;Decrescente;Garoa/Chuvisco;Simples;Rotatória;Não;3;0;3;0;0;0;3;2;-26,87311401;-49,23241703;SPRF-SC;DEL04-SC;UOP01-DEL04-SC
727827;27/10/2025;segunda-feira;07:25:00;PE;101;68;RECIFE;Trafegar com motocicleta (ou similar) entre as faixas;Engavetamento;Com Vítimas Feridas;Pleno dia;Decrescente;Céu Claro;Dupla;Reta;Sim;3;0;1;1;1;0;2;3;-8,060098;-34,94565;SPRF-PE;DEL01-PE;UOP01-DEL01-PE
727829;27/10/2025;segunda-feira;06:20:00;BA;101;60;PORTO SEGURO;Acessar a via sem observar a presença dos outros veículos;Colisão transversal;Com Vítimas Feridas;Pleno dia;Decrescente;Nublado;Simples;Reta;Não;3;0;1;1;1;0;2;2;-16,390598;-39,390714;SPRF-BA;DEL01-BA;UOP04-DEL01-BA
727830;27/10/2025;segunda-feira;07:00:00;RS;472;143,8;TRES DE MAIO;Ausência de reação do condutor;Saída de leito carroçável;Com Vítimas Feridas;Pleno dia;Decrescente;Nublado;Simples;Reta;Não;1;0;1;0;0;0;1;1;-27,768923;-54,349827;SPRF-RS;DEL10-RS;UOP01-DEL10-RS
727831;27/10/2025;segunda-feira;07:20:00;MG;381;501;BETIM;Manobra de mudança de faixa;Colisão lateral mesmo sentido;Com Vítimas Feridas;Pleno dia;Decrescente;Céu Claro;Dupla;Reta;Não;2;0;1;0;1;0;1;2;-20,00834383;-44,21647009;SPRF-MG;DEL01-MG;UOP03-DEL01-MG
727832;27/10/2025;segunda-feira;07:30:00;MG;50;169;UBERABA;Afundamento ou ondulação no pavimento;Queda de ocupante de veículo;Com Vítimas Feridas;Pleno dia;Decrescente;Céu Claro;Dupla;"Declive;Reta";Sim;1;0;1;0;0;0;1;1;-19,7508;-47,9366;SPRF-MG;DEL13-MG;UOP01-DEL13-MG