id;data_inversa;dia_semana;horario;uf;br;km;municipio;causa_acidente;tipo_acidente;classificacao_acidente;fase_dia;sentido_via;condicao_metereologica;tipo_pista;tracado_via;uso_solo;pessoas;mortos;feridos_leves;feridos_graves;ilesos;ignorados;feridos;veiculos;latitude;longitude;regional;delegacia;uop
727952;27/10/2025;segunda-feira;17:05:00;BA;116;377;SANTA BARBARA;Pista esburacada;Saída de leito carroçável;Com Vítimas Feridas;Pleno dia;Crescente;Céu Claro;Simples;Reta;Não;6;0;1;3;2;0;4;1;-11,83327244;-38,9742046;SPRF-BA;DEL02-BA;UOP01-DEL02-BA
727954;27/10/2025;segunda-feira;17:15:00;PE;232;137;CARUARU;Manobra de mudança de faixa;Colisão lateral mesmo sentido;Com Vítimas Feridas;Anoitecer;Crescente;Céu Claro;Dupla;Reta;Não;1;0;1;0;0;0;1;1;-8,316567;-36,052742;SPRF-PE;DEL02-PE;UOP03-DEL02-PE
727955;20/09/2025;sábado;23:16:00;PA;163;306;NOVO PROGRESSO;Transitar no Acostamento;Colisão traseira;Sem Vítimas;Plena Noite;Crescente;Céu Claro;Simples;Reta;Não;2;0;0;0;0;2;0;2;-7,08267657;-55,40501735;SPRF-PA;DEL05-PA;UOP03-DEL05-PA
727956;27/10/2025;segunda-feira;17:15:00;RJ;101;473;ANGRA DOS REIS;Acessar a via sem observar a presença dos outros veículos;Colisão transversal;Com Vítimas Feridas;Pleno dia;Decrescente;Chuva;Simples;Reta;Não;2;0;1;0;1;0;1;2;-22,99320239;-44,24777985;SPRF-RJ;DEL03-RJ;UOP03-DEL03-RJ
727959;27/10/2025;segunda-feira;17:50:00;PB;101;84,5;BAYEUX;Frear bruscamente;Tombamento;Com Vítimas Feridas;Plena Noite;Decrescente;Chuva;Dupla;Reta;Sim;1;0;1;0;0;0;1;1;-7,142653;-34,919535;SPRF-PB;DEL01-PB;UOP01-DEL01-PB
727960;27/10/2025;segunda-feira;16:15:00;CE;222;317;TIANGUA;Reação tardia ou ineficiente do condutor;Colisão traseira;Com Vítimas Feridas;Pleno dia;Crescente;Céu Claro;Simples;"Em Obras;Reta";Não;6;0;1;3;2;0;4;2;-3,755722;-41,021588;SPRF-CE;DEL04-CE;UOP02-DEL04-CE
727962;27/10/2025;segunda-feira;17:44:00;SP;153;30,2;NOVA GRANADA;Velocidade Incompatível;Colisão traseira;Com Vítimas Feridas;Pleno dia;Crescente;Nublado;Simples;"Aclive;Interseção de Vias;Reta";Não;5;0;1;0;4;0;1;2;-20,542562;-49,330465;SPRF-SP;DEL09-SP;UOP01-DEL09-SP
727963;27/10/2025;segunda-feira;17:20:00;SP;101;50;UBATUBA;Entrada inopinada do pedestre;Colisão transversal;Com Vítimas Feridas;Anoitecer;Crescente;Chuva;Simples;Reta;Sim;2;0;0;1;1;0;1;2;-23,44863071;-45,07922491;SPRF-SP;DEL06-SP;UOP01-DEL06-SP
727966;27/10/2025;segunda-feira;14:28:00;MG;116;528;CARATINGA;Ausência de reação do condutor;Colisão traseira;Sem Vítimas;Pleno dia;Decrescente;Nublado;Simples;Reta;Sim;2;0;0;0;2;0;0;2;-19,79719467;-42,13790953;SPRF-MG;DEL06-MG;UOP02-DEL06-MG
727967;27/10/2025;segunda-feira;16:15:00;PE;232;76;GRAVATA;Ingestão de álcool pelo condutor;Queda de ocupante de veículo;Com Vítimas Feridas;Pleno dia;Decrescente;Céu Claro;Dupla;Reta;Não;1;0;1;0;0;0;1;1;-8,18770341;-35,50128937;SPRF-PE;DEL02-PE;UOP02-DEL02PE
727970;27/10/2025;segunda-feira;18:30:00;SP;116;92,6;PINDAMONHANGABA;Demais falhas mecânicas ou elétricas;Tombamento;Com Vítimas Feridas;Plena Noite;Decrescente;Chuva;Dupla;Reta;Sim;2;0;2;0;0;0;2;1;-22,95262782;-45,40445459;SPRF-SP;DEL08-SP;UOP01-DEL08-SP
727976;27/10/2025;segunda-feira;15:50:00;SC;470;96;APIUNA;Trafegar com motocicleta (ou similar) entre as faixas;Colisão lateral sentido oposto;Com Vítimas Feridas;Pleno dia;Decrescente;Nublado;Simples;Reta;Não;2;0;1;0;1;0;1;2;-26,99111227;-49,37509328;SPRF-SC;DEL04-SC;UOP01-DEL04-SC
727981;27/10/2025;segunda-feira;12:10:00;SC;280;167;MAFRA;Acessar a via sem observar a presença dos outros veículos;Colisão transversal;Com Vítimas Feridas;Pleno dia;Decrescente;Céu Claro;Simples;Retorno Regulamentado;Sim;2;0;1;0;1;0;1;2;-26,164542;-49,81829;SPRF-SC;DEL06-SC;UOP01-DEL06-SC
727982;27/10/2025;segunda-feira;19:30:00;RN;101;85;SAO GONCALO DO AMARANTE;Condutor deixou de manter distância do veículo da frente;Colisão traseira;Com Vítimas Feridas;Plena Noite;Decrescente;Céu Claro;Dupla;Reta;Não;3;0;1;0;2;0;1;3;-5,7487805;-35,3264826;SPRF-RN;DEL02-RN;UOP01-DEL02-RN
727983;27/10/2025;segunda-feira;19:30:00;PE;101;76;RECIFE;Pedestre cruzava a pista fora da faixa;Atropelamento de Pedestre;Com Vítimas Fatais;Plena Noite;Crescente;Céu Claro;Dupla;Reta;Sim;3;1;0;2;0;0;2;2;-8,121444;-34,943013;SPRF-PE;DEL01-PE;UOP01-DEL01-PE
727984;27/10/2025;segunda-feira;20:10:00;MG;381;485;BETIM;Ausência de reação do condutor;Queda de ocupante de veículo;Com Vítimas Feridas;Plena Noite;Decrescente;Céu Claro;Dupla;Reta;Não;1;0;1;0;0;0;1;1;-19,95656893;-44,10083771;SPRF-MG;DEL01-MG;UOP03-DEL01-MG
727985;27/10/2025;segunda-feira;20:10:00;MG;381;480;CONTAGEM;Ausência de reação do condutor;Colisão traseira;Com Vítimas Feridas;Plena Noite;Crescente;Céu Claro;Dupla;"Aclive;Reta";Não;4;0;2;0;2;0;2;2;-19,95845379;-44,06019386;SPRF-MG;DEL01-MG;UOP03-DEL01-MG
727986;27/10/2025;segunda-feira;19:05:00;MS;262;403,5;TERENOS;Mal súbito do condutor;Colisão frontal;Com Vítimas Feridas;Plena Noite;Crescente;Céu Claro;Simples;"Reta;Em Obras";Não;2;0;2;0;0;0;2;2;-20,426866;-55,051668;SPRF-MS;DEL01-MS;UOP03-DEL01-MS
727987;27/10/2025;segunda-feira;19:30:00;RJ;116;144;DUQUE DE CAXIAS;Ausência de reação do condutor;Colisão traseira;Com Vítimas Feridas;Plena Noite;Decrescente;Chuva;Dupla;Reta;Não;2;0;1;0;1;0;1;2;-22,6692663;-43,27159949;SPRF-RJ;DEL01-RJ;UOP02-DEL01-RJ
727988;27/10/2025;segunda-feira;19:40:00;PR;116;108,4;CURITIBA;Reação tardia ou ineficiente do condutor;Tombamento;Com Vítimas Feridas;Plena Noite;Decrescente;Nublado;Dupla;Reta;Não;1;0;1;0;0;0;1;1;-25,5656578;-49,2452095;SPRF-PR;DEL01-PR;UOP03-DEL01-PR
727990;27/10/2025;segunda-feira;19:05:00;BA;242;415;SEABRA;Manobra de mudança de faixa;Colisão frontal;Com Vítimas Feridas;Plena Noite;Crescente;Céu Claro;Simples;Reta;Sim;2;0;1;0;1;0;1;2;-12,42921101;-41,78385198;SPRF-BA;DEL06-BA;UOP01-DEL06-BA
727993;27/10/2025;segunda-feira;20:34:00;GO;153;305,9;RIALMA;Conversão proibida;Colisão transversal;Com Vítimas Feridas;Plena Noite;Decrescente;Céu Claro;Simples;Reta;Não;2;0;0;2;0;0;2;2;-15,35928837;-49,56417471;SPRF-GO;DEL02-GO;UOP02-DEL02-GO
727994;27/10/2025;segunda-feira;19:40:00;PR;163;158;SANTA LUCIA;Entrada inopinada do pedestre;Atropelamento de Pedestre;Com Vítimas Fatais;Plena Noite;Decrescente;Céu Claro;Dupla;Reta;Não;2;1;0;0;1;0;0;2;-25,43343623;-53,57688707;SPRF-PR;DEL05-PR;UOP05-DEL05-PR
727996;27/10/2025;segunda-feira;17:40:00;RJ;101;311;SAO GONCALO;Ausência de reação do condutor;Colisão traseira;Com Vítimas Feridas;Pleno dia;Decrescente;Garoa/Chuvisco;Dupla;Reta;Não;2;0;1;0;1;0;1;2;-22,80337567;-43,05820942;SPRF-RJ;DEL02-RJ;UOP02-DEL02-RJ
727997;27/10/2025;segunda-feira;21:15:00;MG;40;531;CONTAGEM;Acessar a via sem observar a presença dos outros veículos;Colisão lateral mesmo sentido;Com Vítimas Feridas;Plena Noite;Decrescente;Céu Claro;Dupla;Reta;Sim;2;0;1;0;1;0;1;2;-19,92058212;-44,02420783;SPRF-MG;DEL01-MG;UOP02-DEL01-MG
727999;27/10/2025;segunda-feira;17:50:00;AC;317;287;EPITACIOLANDIA;Animais na Pista;Saída de leito carroçável;Com Vítimas Feridas;Anoitecer;Decrescente;Chuva;Simples;Reta;Não;1;0;1;0;0;0;1;1;-11,034831;-68,710612;SPRF-AC;DEL01-AC;UOP02-DEL01-AC
728000;27/10/2025;segunda-feira;21:30:00;MG;381;924,5;ITAPEVA;Chuva;Colisão com objeto;Com Vítimas Feridas;Plena Noite;Crescente;Chuva;Dupla;Curva;Não;1;0;1;0;0;0;1;1;-22,77001256;-46,19548255;SPRF-MG;DEL16-MG;UOP03-DEL16-MG
728001;27/10/2025;segunda-feira;20:55:00;RJ;101;288;ITABORAI;Manobra de mudança de faixa;Colisão lateral mesmo sentido;Com Vítimas Feridas;Plena Noite;Decrescente;Chuva;Dupla;Reta;Não;2;0;1;0;0;1;1;2;-22,75906673;-42,84238523;SPRF-RJ;DEL02-RJ;UOP02-DEL02-RJ
728002;27/10/2025;segunda-feira;18:40:00;RS;290;222;PANTANO GRANDE;Ingestão de álcool pelo condutor;Saída de leito carroçável;Sem Vítimas;Anoitecer;Crescente;Céu Claro;Múltipla;Em Obras;Não;1;0;0;0;1;0;0;1;-30,20179668;-52,4394118;SPRF-RS;DEL02-RS;UOP03-DEL02-RS
728003;27/10/2025;segunda-feira;22:10:00;ES;101;127;SOORETAMA;Velocidade Incompatível;Tombamento;Com Vítimas Feridas;Plena Noite;Crescente;Céu Claro;Múltipla;"Reta;Aclive";Não;2;0;0;1;1;0;1;2;-19,20841602;-40,09491253;SPRF-ES;DEL04-ES;UOP01-DEL04-ES
728005;27/10/2025;segunda-feira;22:15:00;RN;304;46;MOSSORO;Acessar a via sem observar a presença dos outros veículos;Colisão transversal;Com Vítimas Feridas;Plena Noite;Crescente;Céu Claro;Dupla;"Retorno Regulamentado;Reta";Sim;2;0;0;1;0;1;1;2;-5,22569;-37,33536;SPRF-RN;DEL04-RN;UOP01-DEL04-RN
728006;27/10/2025;segunda-feira;22:10:00;PR;369;157;LONDRINA;Manobra de mudança de faixa;Colisão lateral mesmo sentido;Com Vítimas Feridas;Plena Noite;Crescente;Céu Claro;Dupla;"Reta;Declive";Sim;2;0;1;0;1;0;1;2;-23,28612175;-51,22870351;SPRF-PR;DEL07-PR;UOP01-DEL07-PR
728007;27/10/2025;segunda-feira;21:40:00;SC;101;211;PALHOCA;Desrespeitar a preferência no cruzamento;Colisão lateral mesmo sentido;Com Vítimas Feridas;Plena Noite;Crescente;Nublado;Dupla;Interseção de Vias;Sim;3;0;2;0;1;0;2;2;-27,6282272;-48,6578167;SPRF-SC;DEL01-SC;UOP02-DEL01-SC
728008;27/10/2025;segunda-feira;19:30:00;MT;174;382;CONQUISTA DOESTE;Deficiência do Sistema de Iluminação/Sinalização;Colisão traseira;Com Vítimas Feridas;Plena Noite;Decrescente;Céu Claro;Simples;"Declive;Reta";Não;3;0;0;2;1;0;2;2;-14,589649;-59,51833344;SPRF-MT;DEL04-MT;UOP01-DEL04-MT
728009;27/10/2025;segunda-feira;21:45:00;MG;381;161,7;GOVERNADOR VALADARES;Reação tardia ou ineficiente do condutor;Colisão traseira;Com Vítimas Feridas;Plena Noite;Crescente;Céu Claro;Simples;Reta;Não;3;0;2;0;1;0;2;2;-18,9383925;-42,05507968;SPRF-MG;DEL06-MG;UOP01-DEL06-MG
728011;27/10/2025;segunda-feira;11:35:00;BA;101;406;IBIRAPITANGA;Condutor deixou de manter distância do veículo da frente;Colisão traseira;Sem Vítimas;Pleno dia;Decrescente;Céu Claro;Simples;Reta;Não;2;0;0;0;2;0;0;2;-14,036795;-39,417543;SPRF-BA;DEL05-BA;UOP03-DEL05-BA
728012;27/10/2025;segunda-feira;20:10:00;SP;459;8;PIQUETE;Ausência de reação do condutor;Capotamento;Sem Vítimas;Plena Noite;Crescente;Chuva;Simples;Curva;Não;1;0;0;0;1;0;0;1;-22,58124118;-45,19593562;SPRF-SP;DEL08-SP;UOP02-DEL08-SP
728014;27/10/2025;segunda-feira;20:00:00;RJ;40;125;RIO DE JANEIRO;Reação tardia ou ineficiente do condutor;Colisão traseira;Com Vítimas Feridas;Plena Noite;Crescente;Chuva;Dupla;"Reta;Aclive";Sim;2;0;1;0;1;0;1;2;-22,81496264;-43,28843703;SPRF-RJ;DEL01-RJ;UOP02-DEL01-RJ
728015;27/10/2025;segunda-feira;23:00:00;PR;376;677;GUARATUBA;Acumulo de água sobre o pavimento;Saída de leito carroçável;Com Vítimas Feridas;Plena Noite;Decrescente;Chuva;Dupla;Curva;Não;1;0;1;0;0;0;1;1;-25,94192344;-48,90660223;SPRF-PR;DEL01-PR;UOP04-DEL01-PR
728016;27/10/2025;segunda-feira;23:00:00;RN;406;131;TAIPU;Animais na Pista;Atropelamento de Animal;Com Vítimas Feridas;Plena Noite;Crescente;Céu Claro;Simples;"Aclive;Reta";Não;1;0;1;0;0;0;1;1;-5,631;-35,593;SPRF-RN;DEL02-RN;UOP01-DEL02-RN
728017;28/10/2025;terça-feira;00:02:00;SC;116;271,5;CAPAO ALTO;Ausência de reação do condutor;Saída de leito carroçável;Com Vítimas Feridas;Plena Noite;Decrescente;Nublado;Simples;Curva;Não;2;0;2;0;0;0;2;1;-27,97953;-50,511802;SPRF-SC;DEL05-SC;UOP02-DEL05-SC
728018;28/10/2025;terça-feira;00:26:00;MG;381;641,5;SANTO ANTONIO DO AMPARO;Ausência de reação do condutor;Saída de leito carroçável;Sem Vítimas;Plena Noite;Decrescente;Ignorado;Dupla;Reta;Não;1;0;0;0;1;0;0;1;-20,90526587;-44,858631;SPRF-MG;DEL04-MG;UOP01-DEL04-MG
728022;27/10/2025;segunda-feira;18:50:00;RJ;116;336;RESENDE;Reação tardia ou ineficiente do condutor;Saída de leito carroçável;Com Vítimas Feridas;Plena Noite;Crescente;Garoa/Chuvisco;Dupla;Reta;Não;2;0;2;0;0;0;2;1;-22,501783;-44,6688652;SPRF-RJ;DEL07-RJ;UOP02-DEL07-RJ
728023;28/10/2025;terça-feira;01:45:00;MG;40;608,1;CONGONHAS;Velocidade Incompatível;Saída de leito carroçável;Com Vítimas Feridas;Plena Noite;Crescente;Chuva;Dupla;"Declive;Reta;Em Obras";Não;1;0;0;1;0;0;1;1;-20,48945368;-43,83718425;SPRF-MG;DEL05-MG;UOP02-DEL05-MG
728024;28/10/2025;terça-feira;06:00:00;BA;116;829;VITORIA DA CONQUISTA;Transitar na contramão;Colisão frontal;Com Vítimas Feridas;Pleno dia;Decrescente;Céu Claro;Dupla;Aclive;Sim;2;0;2;0;0;0;2;2;-14,90234256;-40,8691299;SPRF-BA;DEL08-BA;UOP01-DEL08-BA
728025;28/10/2025;terça-feira;04:30:00;MT;70;518;VARZEA GRANDE;Condutor deixou de manter distância do veículo da frente;Colisão traseira;Com Vítimas Feridas;Amanhecer;Crescente;Ignorado;Simples;Aclive;Sim;3;0;1;0;2;0;1;2;-15,7010593;-56,16211921;SPRF-MT;DEL01-MT;UOP02-DEL01-MT
728026;28/10/2025;terça-feira;06:20:00;MG;50;47;ARAGUARI;Acumulo de óleo sobre o pavimento;Capotamento;Com Vítimas Feridas;Amanhecer;Crescente;Nublado;Dupla;"Curva;Declive";Não;3;0;3;0;0;0;3;1;-18,73205136;-48,21272548;SPRF-MG;DEL15-MG;UOP02-DEL15-MG
728028;28/10/2025;terça-feira;06:30:00;PR;116;17;CAMPINA GRANDE DO SUL;Velocidade Incompatível;Saída de leito carroçável;Com Vítimas Feridas;Pleno dia;Decrescente;Chuva;Dupla;Curva;Não;2;0;1;0;1;0;1;1;-25,102654;-48,700016;SPRF-PR;DEL01-PR;UOP02-DEL01-PR
728029;28/10/2025;terça-feira;05:00:00;MG;262;61,3;MATIPO;Reação tardia ou ineficiente do condutor;Saída de leito carroçável;Com Vítimas Feridas;Amanhecer;Crescente;Céu Claro;Simples;Reta;Não;1;0;1;0;0;0;1;1;-20,291799;-42,221846;SPRF-MG;DEL06-MG;UOP03-DEL06-MG
728031;27/10/2025;segunda-feira;10:55:00;RS;116;300;GUAIBA;Acessar a via sem observar a presença dos outros veículos;Colisão transversal;Com Vítimas Feridas;Pleno dia;Decrescente;Céu Claro;Simples;Reta;Sim;2;0;1;0;1;0;1;2;-30,12641293;-51,35032147;SPRF-RS;DEL02-RS;UOP01-DEL02-RS
728034;28/10/2025;terça-feira;06:30:00;SC;101;118,9;ITAJAI;Condutor deixou de manter distância do veículo da frente;Colisão traseira;Com Vítimas Feridas;Pleno dia;Crescente;Nublado;Múltipla;Reta;Sim;3;0;2;0;1;0;2;2;-26,89690653;-48,71873729;SPRF-SC;DEL04-SC;UOP04-DEL04-SC
728035;28/10/2025;terça-feira;06:50:00;RJ;393;258;BARRA DO PIRAI;Condutor Dormindo;Saída de leito carroçável;Com Vítimas Feridas;Amanhecer;Crescente;Nublado;Simples;"Aclive;Curva;Ponte";Não;1;0;1;0;0;0;1;1;-22,4668914;-43,8584893;SPRF-RJ;DEL05-RJ;UOP04-DEL05-RJ
728036;28/10/2025;terça-feira;06:50:00;RN;304;32,3;MOSSORO;Acessar a via sem observar a presença dos outros veículos;Colisão transversal;Com Vítimas Feridas;Pleno dia;Crescente;Céu Claro;Simples;Reta;Sim;2;0;0;1;1;0;1;2;-5,13739;-37,34543;SPRF-RN;DEL04-RN;UOP02-DEL04-RN
728037;28/10/2025;terça-feira;06:40:00;PI;316;13,4;TERESINA;Ausência de reação do condutor;Saída de leito carroçável;Com Vítimas Feridas;Pleno dia;Decrescente;Sol;Dupla;"Retorno Regulamentado;Curva;Declive";Não;3;0;3;0;0;0;3;1;-5,2155589;-42,753316;SPRF-PI;DEL01-PI;UOP02-DEL01-PI
728038;28/10/2025;terça-feira;07:15:00;TO;153;246;COLINAS DO TOCANTINS;Desrespeitar a preferência no cruzamento;Colisão transversal;Com Vítimas Feridas;Pleno dia;Crescente;Céu Claro;Múltipla;"Interseção de Vias;Retorno Regulamentado;Reta";Sim;4;0;2;0;2;0;2;2;-8,05651;-48,46674;SPRF-TO;DEL02-TO;UOP02-DEL02-TO
728039;28/10/2025;terça-feira;06:40:00;MG;116;695;MURIAE;Ausência de reação do condutor;Queda de ocupante de veículo;Com Vítimas Feridas;Pleno dia;Crescente;Céu Claro;Simples;Curva;Não;1;0;1;0;0;0;1;1;-21,06322929;-42,3656459;SPRF-MG;DEL07-MG;UOP02-DEL07-MG
728040;28/10/2025;terça-feira;06:30:00;RJ;116;271;BARRA MANSA;Demais falhas na via;Tombamento;Com Vítimas Feridas;Amanhecer;Decrescente;Chuva;Dupla;Reta;Não;1;0;1;0;0;0;1;1;-22,56669399;-44,12192792;SPRF-RJ;DEL07-RJ;UOP02-DEL07-RJ
728042;28/10/2025;terça-feira;07:15:00;SE;101;74;MARUIM;Velocidade Incompatível;Saída de leito carroçável;Com Vítimas Feridas;Pleno dia;Crescente;Garoa/Chuvisco;Dupla;Declive;Não;4;0;3;0;1;0;3;1;-10,765253;-37,115313;SPRF-SE;DEL01-SE;UOP01-DEL01-SE
728043;28/10/2025;terça-feira;05:40:00;MT;163;118;RONDONOPOLIS;Reação tardia ou ineficiente do condutor;Queda de ocupante de veículo;Com Vítimas Feridas;Pleno dia;Decrescente;Céu Claro;Dupla;"Interseção de Vias;Reta";Sim;1;0;1;0;0;0;1;1;-16,50386333;-54,65109667;SPRF-MT;DEL02-MT;UOP01-DEL02-MT
728044;28/10/2025;terça-feira;07:30:00;PR;376;617,8;SAO JOSE DOS PINHAIS;Velocidade Incompatível;Saída de leito carroçável;Com Vítimas Fatais;Pleno dia;Decrescente;Céu Claro;Simples;"Declive;Curva";Sim;1;1;0;0;0;0;0;1;-25,59690128;-49,17364173;SPRF-PR;DEL01-PR;UOP04-DEL01-PR
728046;28/10/2025;terça-feira;08:00:00;PR;376;179;MARINGA;Manobra de mudança de faixa;Colisão lateral mesmo sentido;Com Vítimas Feridas;Pleno dia;Crescente;Nublado;Dupla;"Retorno Regulamentado;Reta";Sim;2;0;1;0;1;0;1;2;-23,42052632;-51,90982103;SPRF-PR;DEL09-PR;UOP01-DEL09-PR
728047;28/10/2025;terça-feira;08:24:00;ES;101;299,7;VIANA;Reação tardia ou ineficiente do condutor;Tombamento;Com Vítimas Feridas;Pleno dia;Crescente;Céu Claro;Múltipla;Curva;Sim;1;0;1;0;0;0;1;1;-20,35799609;-40,43161511;SPRF-ES;DEL01-ES;UOP01-DEL01-ES
728050;28/10/2025;terça-feira;07:15:00;RJ;101;294;ITABORAI;Acessar a via sem observar a presença dos outros veículos;Queda de ocupante de veículo;Com Vítimas Feridas;Pleno dia;Crescente;Céu Claro;Simples;Reta;Sim;2;0;1;0;1;0;1;2;-22,75888882;-42,89611743;SPRF-RJ;DEL02-RJ;UOP02-DEL02-RJ
728051;28/10/2025;terça-feira;08:00:00;PE;232;410;SERRA TALHADA;Acessar a via sem observar a presença dos outros veículos;Colisão transversal;Com Vítimas Feridas;Pleno dia;Decrescente;Sol;Simples;Curva;Sim;2;0;0;1;1;0;1;2;-7,982743;-38,301338;SPRF-PE;DEL04-PE;UOP01-DEL04-PE
728052;28/10/2025;terça-feira;08:00:00;PB;101;84,1;BAYEUX;Pista esburacada;Tombamento;Com Vítimas Feridas;Pleno dia;Crescente;Nublado;Simples;Reta;Sim;2;0;2;0;0;0;2;1;-7,14124596;-34,92137343;SPRF-PB;DEL01-PB;UOP01-DEL01-PB
728053;28/10/2025;terça-feira;08:00:00;PB;230;26;JOAO PESSOA;Trafegar com motocicleta (ou similar) entre as faixas;Tombamento;Com Vítimas Feridas;Pleno dia;Crescente;Céu Claro;Dupla;Reta;Sim;3;0;1;0;2;0;1;2;-7,168838;-34,880585;SPRF-PB;DEL01-PB;UOP01-DEL01-PB
728054;27/10/2025;segunda-feira;16:25:00;MT;70;577;NOSSA SENHORA DO LIVRAMENTO;Velocidade Incompatível;Saída de leito carroçável;Com Vítimas Feridas;Pleno dia;Decrescente;Nublado;Simples;Curva;Não;3;0;3;0;0;0;3;1;-15,7786;-56,60914;SPRF-MT;DEL03-MT;UOP02-DEL03-MT
728055;28/10/2025;terça-feira;08:08:00;DF;70;12;BRASILIA;Ausência de reação do condutor;Colisão traseira;Com Vítimas Feridas;Pleno dia;Decrescente;Céu Claro;Dupla;Reta;Sim;2;0;0;1;1;0;1;2;-15,79440058;-48,16438135;SPRF-DF;DEL03-DF;UOP02-DEL03-DF
728056;28/10/2025;terça-feira;04:50:00;RJ;493;84,9;JAPERI;Ausência de reação do condutor;Colisão traseira;Com Vítimas Fatais;Amanhecer;Crescente;Garoa/Chuvisco;Dupla;Reta;Não;2;1;0;0;1;0;0;2;-22,657851;-43,616433;SPRF-RJ;DEL01-RJ;UOP03-DEL01-RJ
728057;28/10/2025;terça-feira;05:23:00;MA;10;257;IMPERATRIZ;Condutor Dormindo;Colisão frontal;Com Vítimas Feridas;Amanhecer;Crescente;Céu Claro;Simples;Reta;Sim;2;0;1;0;1;0;1;2;-5,49036;-47,47202;SPRF-MA;DEL04-MA;UOP01-DEL04-MA
728058;28/10/2025;terça-feira;08:55:00;MG;40;563,5;NOVA LIMA;Ausência de reação do condutor;Tombamento;Com Vítimas Feridas;Pleno dia;Crescente;Nublado;Simples;"Aclive;Curva;Viaduto";Sim;2;0;0;1;0;1;1;2;-20,156461;-43,964007;SPRF-MG;DEL01-MG;UOP02-DEL01-MG
728060;28/10/2025;terça-feira;08:10:00;RS;116;397;CAMAQUA;Manobra de mudança de faixa;Colisão lateral mesmo sentido;Com Vítimas Feridas;Pleno dia;Decrescente;Céu Claro;Dupla;"Reta;Em Obras;Desvio Temporário";Sim;2;0;1;0;1;0;1;2;-30,85689371;-51,78403616;SPRF-RS;DEL02-RS;UOP02-DEL02-RS
728061;28/10/2025;terça-feira;08:30:00;ES;101;162;LINHARES;Acessar a via sem observar a presença dos outros veículos;Colisão transversal;Com Vítimas Feridas;Pleno dia;Crescente;Céu Claro;Simples;"Interseção de Vias;Reta";Não;2;0;1;0;1;0;1;2;-19,49787547;-40,13057573;SPRF-ES;DEL04-ES;UOP01-DEL04-ES
728062;18/09/2025;quinta-feira;09:05:00;PR;369;395,8;JURANDA;Acessar a via sem observar a presença dos outros veículos;Colisão transversal;Com Vítimas Feridas;Pleno dia;Crescente;Céu Claro;Simples;Reta;Sim;5;0;2;1;2;0;3;2;-24,34699354;-52,73410527;SPRF-PR;DEL04-PR;UOP03-DEL04-PR
728063;28/10/2025;terça-feira;08:40:00;SP;116;145;SAO JOSE DOS CAMPOS;Reação tardia ou ineficiente do condutor;Colisão traseira;Com Vítimas Feridas;Pleno dia;Decrescente;Chuva;Dupla;"Reta;Aclive";Não;2;0;2;0;0;0;2;2;-23,1894233;-45,8599583;SPRF-SP;DEL02-SP;UOP01-DEL02-SP
728064;28/10/2025;terça-feira;09:50:00;SE;235;2;ARACAJU;Reação tardia ou ineficiente do condutor;Colisão traseira;Com Vítimas Feridas;Pleno dia;Crescente;Céu Claro;Dupla;Reta;Sim;2;0;1;0;1;0;1;2;-10,90668579;-37,09915487;SPRF-SE;DEL01-SE;UOP01-DEL01-SE
728065;18/10/2025;sábado;21:20:00;SC;101;95,6;BARRA VELHA;Demais falhas mecânicas ou elétricas;Incêndio;Sem Vítimas;Plena Noite;Decrescente;Nublado;Dupla;Reta;Sim;1;0;0;0;1;0;0;1;-26,71963749;-48,702021;SPRF-SC;DEL03-SC;UOP02-DEL03-SC
728066;28/10/2025;terça-feira;09:40:00;SP;116;327;JUQUITIBA;Acumulo de óleo sobre o pavimento;Saída de leito carroçável;Com Vítimas Feridas;Pleno dia;Decrescente;Garoa/Chuvisco;Dupla;Reta;Sim;3;0;2;0;1;0;2;1;-23,936532;-47,078732;SPRF-SP;DEL04-SP;UOP03-DEL04-SP
728067;28/10/2025;terça-feira;09:40:00;SC;282;5,2;SAO JOSE;Frear bruscamente;Tombamento;Com Vítimas Feridas;Pleno dia;Crescente;Nublado;Múltipla;"Reta;Interseção de Vias";Sim;1;0;0;1;0;0;1;1;-27,58796476;-48,61436717;SPRF-SC;DEL01-SC;UOP01-DEL01-SC
728069;28/10/2025;terça-feira;10:20:00;SE;235;52;ITABAIANA;Desrespeitar a preferência no cruzamento;Colisão transversal;Com Vítimas Feridas;Pleno dia;Decrescente;Céu Claro;Simples;Reta;Sim;2;0;1;0;1;0;1;2;-10,69284875;-37,43784428;SPRF-SE;DEL01-SE;UOP02-DEL01-SE
728070;28/10/2025;terça-feira;06:10:00;MG;262;423,9;SAO GONCALO DO PARA;Suicídio (presumido);Saída de leito carroçável;Com Vítimas Feridas;Amanhecer;Crescente;Céu Claro;Dupla;"Reta;Declive";Não;1;0;1;0;0;0;1;1;-19,89645;-44,85082;SPRF-MG;DEL08-MG;UOP03-DEL08-MG
728071;28/10/2025;terça-feira;08:05:00;MG;262;426,5;SAO GONCALO DO PARA;Condutor Dormindo;Colisão com objeto;Com Vítimas Feridas;Pleno dia;Crescente;Céu Claro;Dupla;Reta;Não;1;0;0;1;0;0;1;1;-19,89482;-44,87389;SPRF-MG;DEL08-MG;UOP03-DEL08-MG