id;data_inversa;dia_semana;horario;uf;br;km;municipio;causa_acidente;tipo_acidente;classificacao_acidente;fase_dia;sentido_via;condicao_metereologica;tipo_pista;tracado_via;uso_solo;pessoas;mortos;feridos_leves;feridos_graves;ilesos;ignorados;feridos;veiculos;latitude;longitude;regional;delegacia;uop
728073;28/10/2025;terça-feira;08:00:00;PI;316;308;PICOS;Manobra de mudança de faixa;Colisão lateral mesmo sentido;Com Vítimas Feridas;Pleno dia;Decrescente;Céu Claro;Dupla;Reta;Sim;2;0;1;0;1;0;1;2;-7,077194;-41,479581;SPRF-PI;DEL04-PI;UOP01-DEL04-PI
728074;28/10/2025;terça-feira;09:30:00;RJ;101;300;SAO GONCALO;Acessar a via sem observar a presença dos outros veículos;Colisão lateral mesmo sentido;Com Vítimas Feridas;Pleno dia;Crescente;Nublado;Dupla;Reta;Sim;3;0;2;0;1;0;2;2;-22,77610953;-42,94766307;SPRF-RJ;DEL02-RJ;UOP02-DEL02-RJ
728075;28/10/2025;terça-feira;11:00:00;SP;116;218,5;GUARULHOS;Manobra de mudança de faixa;Colisão lateral mesmo sentido;Com Vítimas Feridas;Pleno dia;Crescente;Chuva;Múltipla;"Interseção de Vias;Reta";Não;2;0;1;1;0;0;2;2;-23,460745;-46,488317;SPRF-SP;DEL01-SP;UOP01-DEL01-SP
728076;28/10/2025;terça-feira;09:30:00;SP;381;57;MAIRIPORA;Demais falhas mecânicas ou elétricas;Incêndio;Sem Vítimas;Pleno dia;Decrescente;Garoa/Chuvisco;Dupla;Rotatória;Não;1;0;0;0;0;1;0;1;-23,26488002;-46,58369271;SPRF-SP;DEL03-SP;UOP01-DEL03-SP
728077;28/10/2025;terça-feira;10:10:00;PR;369;238,1;JANDAIA DO SUL;Reação tardia ou ineficiente do condutor;Saída de leito carroçável;Com Vítimas Feridas;Pleno dia;Decrescente;Nublado;Simples;Curva;Não;1;0;0;1;0;0;1;1;-23,6529221;-51,68272913;SPRF-PR;DEL09-PR;UOP01-DEL09-PR
728078;28/10/2025;terça-feira;10:45:00;PR;116;14;CAMPINA GRANDE DO SUL;Velocidade Incompatível;Saída de leito carroçável;Sem Vítimas;Pleno dia;Decrescente;Garoa/Chuvisco;Dupla;Curva;Não;1;0;0;0;1;0;0;1;-25,09990125;-48,67527008;SPRF-PR;DEL01-PR;UOP02-DEL01-PR
728080;31/08/2025;domingo;21:10:00;RJ;116;147;DUQUE DE CAXIAS;Ausência de reação do condutor;Queda de ocupante de veículo;Com Vítimas Feridas;Plena Noite;Crescente;Nublado;Dupla;Reta;Não;2;0;1;0;1;0;1;1;-22,66851148;-43,26905251;SPRF-RJ;DEL01-RJ;UOP02-DEL01-RJ
728082;02/09/2025;terça-feira;20:01:00;PA;163;226;NOVO PROGRESSO;Animais na Pista;Atropelamento de Animal;Sem Vítimas;Anoitecer;Decrescente;Ignorado;Simples;Reta;Não;1;0;0;0;0;1;0;1;-7,7259;-55,2074;SPRF-PA;DEL05-PA;UOP03-DEL05-PA
728083;28/10/2025;terça-feira;12:30:00;RN;304;265,8;SAO PEDRO;Entrada inopinada do pedestre;Atropelamento de Pedestre;Com Vítimas Feridas;Pleno dia;Crescente;Céu Claro;Simples;Reta;Sim;2;0;0;1;1;0;1;2;-5,859068;-35,62043;SPRF-RN;DEL01-RN;UOP02-DEL01-RN
728086;28/10/2025;terça-feira;11:58:00;RN;405;2;MOSSORO;Condutor deixou de manter distância do veículo da frente;Engavetamento;Com Vítimas Feridas;Pleno dia;Crescente;Céu Claro;Dupla;Reta;Sim;3;0;2;0;1;0;2;3;-5,19269;-37,370627;SPRF-RN;DEL04-RN;UOP02-DEL04-RN
728088;02/09/2025;terça-feira;09:00:00;PR;369;181;ARAPONGAS;Conversão proibida;Colisão transversal;Com Vítimas Feridas;Pleno dia;Crescente;Céu Claro;Simples;"Reta;Declive";Não;3;0;1;0;1;1;1;3;-23,37749706;-51,41561866;SPRF-PR;DEL07-PR;UOP03-DEL07-PR
728090;28/10/2025;terça-feira;10:50:00;MT;163;844;SINOP;Declive acentuado;Queda de ocupante de veículo;Com Vítimas Feridas;Pleno dia;Crescente;Nublado;Simples;Reta;Não;1;0;1;0;0;0;1;1;-11,78124603;-55,47439668;SPRF-MT;DEL06-MT;UOP02-DEL06-MT
728092;21/10/2025;terça-feira;11:35:00;AL;316;157;PALMEIRA DOS INDIOS;Retorno proibido;Colisão transversal;Com Vítimas Feridas;Pleno dia;Crescente;Nublado;Simples;Reta;Sim;2;0;2;0;0;0;2;2;-9,432992;-36,613575;SPRF-AL;DEL03-AL;UOP01-DEL03-AL
728093;28/10/2025;terça-feira;12:35:00;TO;153;324;GUARAI;Ingestão de álcool pelo condutor;Saída de leito carroçável;Com Vítimas Feridas;Pleno dia;Decrescente;Céu Claro;Simples;Reta;Não;1;0;1;0;0;0;1;1;-8,74758;-48,508667;SPRF-TO;DEL02-TO;UOP02-DEL02-TO
728094;22/09/2025;segunda-feira;07:30:00;RJ;116;169;RIO DE JANEIRO;Acessar a via sem observar a presença dos outros veículos;Colisão lateral mesmo sentido;Com Vítimas Feridas;Pleno dia;Decrescente;Céu Claro;Múltipla;Reta;Sim;2;0;1;0;1;0;1;2;-22,81520603;-43,32656819;SPRF-RJ;DEL06-RJ;UOP01-DEL06-RJ
728096;28/10/2025;terça-feira;13:25:00;RS;116;252;SAPUCAIA DO SUL;Manobra de mudança de faixa;Colisão lateral mesmo sentido;Com Vítimas Feridas;Pleno dia;Crescente;Nublado;Múltipla;Reta;Sim;2;0;1;0;1;0;1;2;-29,8041285;-51,166538;SPRF-RS;DEL01-RS;UOP02-DEL01-RS
728097;28/10/2025;terça-feira;13:50:00;MG;381;507;SAO JOAQUIM DE BICAS;Demais falhas mecânicas ou elétricas;Tombamento;Com Vítimas Feridas;Pleno dia;Decrescente;Céu Claro;Dupla;Reta;Sim;2;0;0;1;1;0;1;1;-20,04369394;-44,26841609;SPRF-MG;DEL01-MG;UOP03-DEL01-MG
728099;19/10/2025;domingo;22:30:00;RS;287;330;SAO VICENTE DO SUL;Velocidade Incompatível;Colisão traseira;Sem Vítimas;Plena Noite;Decrescente;Céu Claro;Simples;Interseção de Vias;Não;2;0;0;0;1;1;0;2;-29,68423966;-54,66600966;SPRF-RS;DEL12-RS;UOP02-DEL12-RS
728100;28/10/2025;terça-feira;11:20:00;BA;324;620;SALVADOR;Reação tardia ou ineficiente do condutor;Colisão traseira;Com Vítimas Feridas;Pleno dia;Decrescente;Nublado;Múltipla;Reta;Sim;2;0;1;0;0;1;1;2;-12,91492706;-38,4609196;SPRF-BA;DEL01-BA;UOP01-DEL01-BA
728102;28/10/2025;terça-feira;14:00:00;PR;369;172,8;ROLANDIA;Condutor deixou de manter distância do veículo da frente;Colisão traseira;Sem Vítimas;Pleno dia;Crescente;Céu Claro;Simples;Reta;Sim;2;0;0;0;2;0;0;2;-23,32496914;-51,38619214;SPRF-PR;DEL07-PR;UOP01-DEL07-PR
728105;28/10/2025;terça-feira;13:35:00;BA;367;23;PORTO SEGURO;Acessar a via sem observar a presença dos outros veículos;Colisão lateral mesmo sentido;Sem Vítimas;Pleno dia;Decrescente;Nublado;Simples;Reta;Sim;2;0;0;0;1;1;0;2;-16,43831647;-39,08505678;SPRF-BA;DEL09-BA;UOP03-DEL09-BA
728107;28/10/2025;terça-feira;12:50:00;RO;364;342;JI-PARANA;Ausência de reação do condutor;Engavetamento;Sem Vítimas;Pleno dia;Decrescente;Céu Claro;Simples;"Reta;Ponte";Não;4;0;0;0;4;0;0;4;-10,88163423;-61,94104806;SPRF-RO;DEL02-RO;UOP01-DEL02-RO
728108;28/10/2025;terça-feira;11:18:00;MA;10;255;IMPERATRIZ;Condutor deixou de manter distância do veículo da frente;Colisão lateral mesmo sentido;Com Vítimas Feridas;Pleno dia;Crescente;Sol;Simples;Reta;Sim;2;0;1;0;1;0;1;2;-5,50062;-47,471807;SPRF-MA;DEL04-MA;UOP01-DEL04-MA
728113;28/10/2025;terça-feira;14:00:00;RJ;101;59;CAMPOS DOS GOYTACAZES;Condutor deixou de manter distância do veículo da frente;Colisão traseira;Com Vítimas Feridas;Pleno dia;Decrescente;Céu Claro;Simples;Reta;Sim;2;0;1;0;1;0;1;2;-21,72021288;-41,31378047;SPRF-RJ;DEL08-RJ;UOP01-DEL08-RJ
728114;28/10/2025;terça-feira;13:50:00;PB;104;117;LAGOA SECA;Acessar a via sem observar a presença dos outros veículos;Colisão transversal;Com Vítimas Feridas;Pleno dia;Crescente;Sol;Simples;"Declive;Reta";Não;2;0;1;0;1;0;1;2;-7,18301;-35,865541;SPRF-PB;DEL02-PB;UOP04-DEL02-PB
728115;28/10/2025;terça-feira;15:10:00;RJ;116;181;NOVA IGUACU;Avarias e/ou desgaste excessivo no pneu;Eventos atípicos;Com Vítimas Feridas;Pleno dia;Decrescente;Céu Claro;Dupla;Reta;Sim;2;0;2;0;0;0;2;1;-22,76052508;-43,42540432;SPRF-RJ;DEL06-RJ;UOP01-DEL06-RJ
728118;28/10/2025;terça-feira;14:20:00;RJ;116;38;SAPUCAIA;Manobra de mudança de faixa;Colisão frontal;Com Vítimas Fatais;Pleno dia;Crescente;Céu Claro;Simples;Curva;Não;3;1;2;0;0;0;2;2;-22,1134736;-42,78247833;SPRF-RJ;DEL05-RJ;UOP01-DEL05-RJ
728119;28/10/2025;terça-feira;15:00:00;RS;386;255,2;SOLEDADE;Ausência de reação do condutor;Saída de leito carroçável;Sem Vítimas;Pleno dia;Decrescente;Chuva;Simples;"Curva;Declive";Não;1;0;0;0;1;0;0;1;-28,86984947;-52,44115323;SPRF-RS;DEL04-RS;UOP03-DEL04-RS
728120;28/10/2025;terça-feira;15:00:00;PE;101;48;ABREU E LIMA;Trafegar com motocicleta (ou similar) entre as faixas;Colisão lateral mesmo sentido;Com Vítimas Feridas;Pleno dia;Crescente;Céu Claro;Dupla;Reta;Sim;2;0;1;0;1;0;1;2;-7,898866;-34,902663;SPRF-PE;DEL01-PE;UOP02-DEL01-PE
728121;28/10/2025;terça-feira;15:45:00;GO;414;437;ANAPOLIS;Ingestão de álcool pelo condutor;Colisão traseira;Com Vítimas Feridas;Pleno dia;Crescente;Céu Claro;Simples;Reta;Não;2;0;0;1;1;0;1;2;-16,258507;-48,93708;SPRF-GO;DEL02-GO;UOP01-DEL02-GO
728123;18/10/2025;sábado;21:30:00;PE;101;80;JABOATAO DOS GUARARAPES;Mal súbito do condutor;Tombamento;Sem Vítimas;Plena Noite;Decrescente;Céu Claro;Dupla;Reta;Sim;1;0;0;0;0;1;0;1;-8,15162161;-34,94267676;SPRF-PE;DEL01-PE;UOP01-DEL01-PE
728124;24/02/2025;segunda-feira;06:00:00;PB;230;81;CALDAS BRANDAO;Ausência de reação do condutor;Colisão traseira;Com Vítimas Feridas;Pleno dia;Decrescente;Céu Claro;Dupla;Reta;Sim;2;0;0;1;0;1;1;2;-7,172687;-35,335247;SPRF-PB;DEL01-PB;UOP02-DEL01-PB
728126;28/10/2025;terça-feira;15:00:00;RJ;101;308;SAO GONCALO;Condutor deixou de manter distância do veículo da frente;Colisão traseira;Com Vítimas Feridas;Pleno dia;Decrescente;Nublado;Dupla;Reta;Sim;3;0;1;0;2;0;1;2;-22,79237801;-43,02020788;SPRF-RJ;DEL02-RJ;UOP02-DEL02-RJ
728127;20/10/2025;segunda-feira;08:05:00;RS;386;415;MONTENEGRO;Acessar a via sem observar a presença dos outros veículos;Colisão lateral mesmo sentido;Sem Vítimas;Pleno dia;Crescente;Céu Claro;Dupla;Reta;Não;2;0;0;0;2;0;0;2;-29,81802;-51,46448;SPRF-RS;DEL04-RS;UOP02-DEL04-RS
728128;28/10/2025;terça-feira;15:50:00;RN;101;105;PARNAMIRIM;Ultrapassagem Indevida;Colisão lateral mesmo sentido;Com Vítimas Feridas;Pleno dia;Crescente;Céu Claro;Múltipla;Reta;Não;2;0;1;0;1;0;1;2;-5,9065032;-35,2609652;SPRF-RN;DEL01-RN;UOP01-DEL01-RN
728131;28/10/2025;terça-feira;16:30:00;MG;40;530,8;BELO HORIZONTE;Manobra de mudança de faixa;Colisão lateral mesmo sentido;Com Vítimas Feridas;Pleno dia;Decrescente;Céu Claro;Dupla;Retorno Regulamentado;Sim;5;0;1;0;4;0;1;2;-19,91894894;-44,02621865;SPRF-MG;DEL01-MG;UOP02-DEL01-MG
728133;28/10/2025;terça-feira;15:45:00;RJ;116;269,9;BARRA MANSA;Ultrapassagem Indevida;Colisão transversal;Sem Vítimas;Pleno dia;Decrescente;Céu Claro;Simples;Reta;Não;2;0;0;0;2;0;0;2;-22,56103924;-44,15351093;SPRF-RJ;DEL07-RJ;UOP02-DEL07-RJ
728134;28/10/2025;terça-feira;16:30:00;SP;116;336;JUQUITIBA;Pista Escorregadia;Capotamento;Com Vítimas Feridas;Pleno dia;Crescente;Garoa/Chuvisco;Dupla;Curva;Não;1;0;1;0;0;0;1;1;-23,976923;-47,14413;SPRF-SP;DEL04-SP;UOP03-DEL04-SP
728136;28/10/2025;terça-feira;16:30:00;PR;116;127;FAZENDA RIO GRANDE;Entrada inopinada do pedestre;Atropelamento de Pedestre;Com Vítimas Feridas;Pleno dia;Crescente;Chuva;Múltipla;Reta;Sim;2;0;2;0;0;0;2;2;-25,64583483;-49,31260435;SPRF-PR;DEL01-PR;UOP03-DEL01-PR
728137;02/04/2025;quarta-feira;14:50:00;PA;230;860;URUARA;Demais falhas mecânicas ou elétricas;Incêndio;Sem Vítimas;Pleno dia;Crescente;Ignorado;Simples;Reta;Não;1;0;0;0;1;0;0;1;-3,72383116;-53,75498057;SPRF-PA;DEL04-PA;UOP01-DEL04-PA
728138;04/10/2025;sábado;20:20:00;BA;116;11,5;VITORIA DA CONQUISTA;Acessar a via sem observar a presença dos outros veículos;Colisão transversal;Com Vítimas Feridas;Plena Noite;Decrescente;Nublado;Simples;"Reta;Interseção de Vias";Sim;2;0;0;1;1;0;1;2;-14,87310742;-40,87129712;SPRF-BA;DEL08-BA;UOP01-DEL08-BA
728140;29/08/2025;sexta-feira;13:40:00;RS;290;98;PORTO ALEGRE;Ausência de reação do condutor;Colisão traseira;Com Vítimas Feridas;Pleno dia;Crescente;Céu Claro;Dupla;"Ponte;Reta";Não;9;0;4;0;5;0;4;5;-29,98985033;-51,26186037;SPRF-RS;DEL01-RS;UOP01-DEL01-RS
728141;28/10/2025;terça-feira;16:20:00;MT;364;284;JACIARA;Demais falhas mecânicas ou elétricas;Queda de ocupante de veículo;Com Vítimas Feridas;Pleno dia;Decrescente;Céu Claro;Dupla;"Aclive;Reta";Não;2;0;1;0;1;0;1;1;-15,91138;-55,038722;SPRF-MT;DEL05-MT;UOP02-DEL05-MT
728142;28/10/2025;terça-feira;17:00:00;PE;101;76,9;RECIFE;Reação tardia ou ineficiente do condutor;Atropelamento de Pedestre;Com Vítimas Feridas;Anoitecer;Crescente;Céu Claro;Dupla;"Reta;Declive";Sim;3;0;1;0;1;1;1;2;-8,12669;-34,94398;SPRF-PE;DEL01-PE;UOP01-DEL01-PE
728144;28/10/2025;terça-feira;17:05:00;RS;158;312;ITAARA;Acesso irregular;Colisão traseira;Com Vítimas Feridas;Pleno dia;Decrescente;Chuva;Simples;"Interseção de Vias;Reta";Não;3;0;1;0;2;0;1;2;-29,63415642;-53,76735806;SPRF-RS;DEL09-RS;UOP01-DEL09-RS
728146;28/10/2025;terça-feira;17:00:00;SC;101;129;CAMBORIU;Manobra de mudança de faixa;Colisão lateral mesmo sentido;Com Vítimas Feridas;Pleno dia;Decrescente;Nublado;Dupla;Reta;Sim;2;0;1;0;1;0;1;2;-26,98275469;-48,67302625;SPRF-SC;DEL04-SC;UOP03-DEL04-SC
728147;28/10/2025;terça-feira;16:35:00;MG;116;524,9;CARATINGA;Condutor deixou de manter distância do veículo da frente;Colisão traseira;Com Vítimas Feridas;Pleno dia;Decrescente;Sol;Simples;Reta;Sim;2;0;0;1;1;0;1;2;-19,77186286;-42,13213921;SPRF-MG;DEL06-MG;UOP02-DEL06-MG
728148;28/10/2025;terça-feira;16:00:00;MG;381;685;RIBEIRAO VERMELHO;Acessar a via sem observar a presença dos outros veículos;Colisão traseira;Com Vítimas Feridas;Pleno dia;Decrescente;Nublado;Dupla;Reta;Sim;2;0;1;0;1;0;1;2;-21,163435;-45,122454;SPRF-MG;DEL04-MG;UOP02-DEL04-MG
728150;12/10/2025;domingo;18:40:00;SC;480;125,9;CHAPECO;Ingestão de álcool pelo condutor;Colisão com objeto;Com Vítimas Feridas;Plena Noite;Crescente;Garoa/Chuvisco;Múltipla;Reta;Não;1;0;1;0;0;0;1;1;-27,01199938;-52,63936424;SPRF-SC;DEL07-SC;UOP01-DEL07-SC
728151;28/10/2025;terça-feira;17:40:00;MG;365;611;UBERLANDIA;Ausência de reação do condutor;Colisão traseira;Com Vítimas Feridas;Pleno dia;Crescente;Nublado;Dupla;"Reta;Declive";Não;2;0;1;0;1;0;1;2;-18,92414957;-48,18569183;SPRF-MG;DEL15-MG;UOP01-DEL15-MG
728152;28/10/2025;terça-feira;16:20:00;MG;262;437,7;NOVA SERRANA;Manobra de mudança de faixa;Colisão transversal;Com Vítimas Feridas;Pleno dia;Decrescente;Sol;Múltipla;Reta;Sim;3;0;0;2;1;0;2;2;-19,87151;-44,97255;SPRF-MG;DEL08-MG;UOP03-DEL08-MG
728154;04/10/2025;sábado;01:08:00;BA;101;349,9;WENCESLAU GUIMARAES;Acumulo de óleo sobre o pavimento;Saída de leito carroçável;Com Vítimas Feridas;Plena Noite;Decrescente;Garoa/Chuvisco;Simples;"Declive;Curva";Não;33;0;26;3;4;0;29;1;-13,616727;-39,497015;SPRF-BA;DEL05-BA;UOP03-DEL05-BA
728156;28/10/2025;terça-feira;15:50:00;RO;425;128;GUAJARA-MIRIM;Acessar a via sem observar a presença dos outros veículos;Colisão lateral mesmo sentido;Com Vítimas Feridas;Pleno dia;Crescente;Céu Claro;Dupla;Reta;Sim;2;0;1;0;1;0;1;2;-10,78048784;-65,32392293;SPRF-RO;DEL01-RO;UOP03-DEL01-RO
728157;28/10/2025;terça-feira;14:10:00;RJ;0;0;RIO DE JANEIRO;Velocidade Incompatível;Colisão frontal;Com Vítimas Feridas;Pleno dia;Não Informado;Céu Claro;Simples;Reta;Não;4;0;0;1;3;0;1;2;-22,81773698;-43,31897227;SPRF-RJ;DEL06-RJ;UOP01-DEL06-RJ
728158;28/10/2025;terça-feira;10:30:00;PA;308;149;CAPANEMA;Acessar a via sem observar a presença dos outros veículos;Colisão lateral sentido oposto;Com Vítimas Feridas;Pleno dia;Decrescente;Céu Claro;Simples;Interseção de Vias;Sim;2;0;1;0;1;0;1;2;-1,21122147;-47,183694;SPRF-PA;DEL01-PA;UOP03-DEL01-PA
728161;28/10/2025;terça-feira;10:15:00;SC;101;167;TIJUCAS;Acumulo de óleo sobre o pavimento;Tombamento;Com Vítimas Feridas;Pleno dia;Crescente;Nublado;Dupla;Reta;Não;1;0;1;0;0;0;1;1;-27,28297208;-48,63102436;SPRF-SC;DEL04-SC;UOP03-DEL04-SC
728162;28/10/2025;terça-feira;18:15:00;SC;101;349;JAGUARUNA;Acumulo de água sobre o pavimento;Colisão com objeto;Com Vítimas Feridas;Anoitecer;Crescente;Chuva;Dupla;Curva;Não;1;0;1;0;0;0;1;1;-28,59197592;-49,04517621;SPRF-SC;DEL02-SC;UOP01-DEL02-SC
728163;28/10/2025;terça-feira;10:40:00;SC;101;122;ITAJAI;Pedestre andava na pista;Atropelamento de Pedestre;Com Vítimas Feridas;Pleno dia;Crescente;Nublado;Dupla;Reta;Sim;2;0;0;1;0;1;1;2;-26,93439035;-48,70123386;SPRF-SC;DEL04-SC;UOP04-DEL04-SC
728164;28/10/2025;terça-feira;18:40:00;PR;376;617;SAO JOSE DOS PINHAIS;Reação tardia ou ineficiente do condutor;Queda de ocupante de veículo;Com Vítimas Feridas;Plena Noite;Crescente;Chuva;Simples;Declive;Sim;1;0;0;1;0;0;1;1;-25,5953;-49,173723;SPRF-PR;DEL01-PR;UOP04-DEL01-PR
728167;28/10/2025;terça-feira;19:00:00;SC;101;150;ITAPEMA;Demais falhas mecânicas ou elétricas;Queda de ocupante de veículo;Com Vítimas Feridas;Plena Noite;Decrescente;Chuva;Dupla;Reta;Sim;2;0;1;1;0;0;2;1;-27,11582326;-48,60951154;SPRF-SC;DEL04-SC;UOP03-DEL04-SC
728168;28/10/2025;terça-feira;17:50:00;RJ;101;542,3;PARATY;Velocidade Incompatível;Saída de leito carroçável;Com Vítimas Feridas;Anoitecer;Decrescente;Garoa/Chuvisco;Simples;"Declive;Curva";Não;2;0;2;0;0;0;2;1;-23,04225964;-44,59846258;SPRF-RJ;DEL03-RJ;UOP04-DEL03-RJ
728169;28/10/2025;terça-feira;17:55:00;RJ;101;509;ANGRA DOS REIS;Pista Escorregadia;Colisão com objeto;Com Vítimas Feridas;Anoitecer;Decrescente;Garoa/Chuvisco;Simples;Reta;Não;1;0;1;0;0;0;1;1;-22,94448299;-44,42905426;SPRF-RJ;DEL03-RJ;UOP03-DEL03-RJ
728170;28/10/2025;terça-feira;18:15:00;PI;343;340,7;TERESINA;Ausência de reação do condutor;Colisão transversal;Com Vítimas Feridas;Plena Noite;Decrescente;Céu Claro;Múltipla;"Reta;Retorno Regulamentado";Sim;2;0;0;1;1;0;1;2;-5,072842;-42,73492;SPRF-PI;DEL01-PI;UOP01-DEL01-PI
728171;28/10/2025;terça-feira;19:20:00;SE;235;2,9;ARACAJU;Entrada inopinada do pedestre;Atropelamento de Pedestre;Com Vítimas Feridas;Plena Noite;Crescente;Céu Claro;Dupla;Reta;Não;2;0;0;1;1;0;1;2;-10,906292;-37,102179;SPRF-SE;DEL01-SE;UOP01-DEL01-SE
728172;28/10/2025;terça-feira;18:30:00;SC;101;114;ITAJAI;Manobra de mudança de faixa;Colisão lateral mesmo sentido;Com Vítimas Feridas;Plena Noite;Decrescente;Chuva;Múltipla;Reta;Sim;2;0;1;0;1;0;1;2;-26,87173754;-48,72898802;SPRF-SC;DEL04-SC;UOP04-DEL04-SC
728173;28/10/2025;terça-feira;19:35:00;RS;116;150;CAXIAS DO SUL;Manobra de mudança de faixa;Colisão lateral mesmo sentido;Com Vítimas Feridas;Plena Noite;Crescente;Chuva;Dupla;Reta;Sim;2;0;1;0;1;0;1;2;-29,16548252;-51,15834586;SPRF-RS;DEL05-RS;UOP01-DEL05-RS
728175;28/10/2025;terça-feira;19:40:00;PR;277;70;SAO JOSE DOS PINHAIS;Iluminação deficiente;Colisão traseira;Com Vítimas Feridas;Plena Noite;Decrescente;Garoa/Chuvisco;Dupla;Viaduto;Não;2;0;0;1;1;0;1;2;-25,512048;-49,12733;SPRF-PR;DEL01-PR;UOP01-DEL01-PR
728177;28/10/2025;terça-feira;18:40:00;MS;163;268;DOURADOS;Acessar a via sem observar a presença dos outros veículos;Colisão transversal;Com Vítimas Feridas;Plena Noite;Decrescente;Chuva;Dupla;Reta;Não;4;0;0;1;3;0;1;3;-22,20851401;-54,71020818;SPRF-MS;DEL04-MS;UOP01-DEL04-MS
728180;28/10/2025;terça-feira;18:30:00;PE;232;11,1;JABOATAO DOS GUARARAPES;Demais falhas mecânicas ou elétricas;Incêndio;Sem Vítimas;Plena Noite;Crescente;Céu Claro;Dupla;Reta;Sim;1;0;0;0;1;0;0;1;-8,08287;-34,99674;SPRF-PE;DEL01-PE;UOP01-DEL01-PE
728182;28/10/2025;terça-feira;19:18:00;RO;364;714;PORTO VELHO;Reação tardia ou ineficiente do condutor;Colisão transversal;Com Vítimas Feridas;Plena Noite;Decrescente;Céu Claro;Simples;Rotatória;Sim;2;0;1;1;0;0;2;1;-8,77440326;-63,88591848;SPRF-RO;DEL01-RO;UOP01-DEL01-RO
728183;28/10/2025;terça-feira;19:50:00;PR;163;252;TOLEDO;Chuva;Saída de leito carroçável;Com Vítimas Feridas;Plena Noite;Decrescente;Chuva;Dupla;Curva;Não;2;0;1;0;1;0;1;1;-24,67735443;-53,7923011;SPRF-PR;DEL06-PR;UOP02-DEL06-PR
728184;28/10/2025;terça-feira;17:35:00;MG;381;414;CAETE;Velocidade Incompatível;Queda de ocupante de veículo;Com Vítimas Feridas;Plena Noite;Crescente;Céu Claro;Dupla;Curva;Não;1;0;0;1;0;0;1;1;-19,7506582;-43,62786468;SPRF-MG;DEL01-MG;UOP01-DEL01-MG
728185;28/10/2025;terça-feira;19:50:00;MS;163;483;CAMPO GRANDE;Ausência de reação do condutor;Colisão traseira;Com Vítimas Feridas;Plena Noite;Decrescente;Céu Claro;Simples;Reta;Não;5;0;0;1;4;0;1;2;-20,456175;-54,545229;SPRF-MS;DEL01-MS;UOP02-DEL01-MS
728186;18/10/2025;sábado;11:11:00;TO;10;456;PALMAS;Ausência de reação do condutor;Colisão traseira;Com Vítimas Feridas;Pleno dia;Crescente;Céu Claro;Múltipla;Reta;Sim;3;0;1;0;2;0;1;2;-10,2971788;-48,29731213;SPRF-TO;DEL01-TO;UOP03-DEL01-TO
728189;28/10/2025;terça-feira;21:00:00;SP;116;541;BARRA DO TURVO;Pista Escorregadia;Colisão com objeto;Com Vítimas Feridas;Plena Noite;Crescente;Chuva;Dupla;"Aclive;Curva";Não;2;0;1;0;1;0;1;1;-24,9728104;-48,40232246;SPRF-SP;DEL05-SP;UOP02-DEL05-SP
728190;28/10/2025;terça-feira;19:00:00;PI;316;22,4;TERESINA;Entrada inopinada do pedestre;Atropelamento de Pedestre;Com Vítimas Feridas;Plena Noite;Decrescente;Céu Claro;Múltipla;Reta;Sim;2;0;0;1;0;1;1;2;-5,2855035;-42,7197463;SPRF-PI;DEL01-PI;UOP02-DEL01-PI
728191;28/10/2025;terça-feira;14:20:00;MT;70;625;NOSSA SENHORA DO LIVRAMENTO;Acumulo de água sobre o pavimento;Saída de leito carroçável;Com Vítimas Feridas;Pleno dia;Crescente;Chuva;Simples;Reta;Não;2;0;2;0;0;0;2;1;-15,5557438;-56,5912654;SPRF-MT;DEL03-MT;UOP02-DEL03-MT
728193;28/10/2025;terça-feira;15:20:00;MT;70;608;POCONE;Objeto estático sobre o leito carroçável;Queda de ocupante de veículo;Com Vítimas Feridas;Pleno dia;Crescente;Nublado;Múltipla;"Aclive;Reta";Não;1;0;0;1;0;0;1;1;-15,876298;-56,866787;SPRF-MT;DEL03-MT;UOP02-DEL03-MT
728196;28/10/2025;terça-feira;22:00:00;RN;101;77;NATAL;Objeto estático sobre o leito carroçável;Colisão com objeto;Com Vítimas Feridas;Plena Noite;Decrescente;Céu Claro;Dupla;Curva;Sim;3;0;1;0;2;0;1;2;-5,73345167;-35,29110575;SPRF-RN;DEL02-RN;UOP01-DEL02-RN
728197;28/10/2025;terça-feira;12:30:00;SE;235;6,1;NOSSA SENHORA DO SOCORRO;Acumulo de óleo sobre o pavimento;Queda de ocupante de veículo;Com Vítimas Feridas;Pleno dia;Decrescente;Céu Claro;Dupla;Curva;Não;1;0;0;1;0;0;1;1;-10,904098;-37,129892;SPRF-SE;DEL01-SE;UOP01-DEL01-SE
728198;28/10/2025;terça-feira;19:45:00;MG;251;521;MONTES CLAROS;Ingestão de álcool pelo condutor;Colisão traseira;Com Vítimas Feridas;Plena Noite;Crescente;Céu Claro;Simples;Reta;Não;3;0;0;1;0;2;1;3;-16,66367;-43,77744;SPRF-MG;DEL12-MG;UOP01-DEL12-MG
728199;28/10/2025;terça-feira;21:40:00;SP;116;213;GUARULHOS;Reação tardia ou ineficiente do condutor;Colisão frontal;Com Vítimas Feridas;Plena Noite;Decrescente;Garoa/Chuvisco;Dupla;Reta;Sim;2;0;0;1;1;0;1;2;-23,443672;-46,445926;SPRF-SP;DEL01-SP;UOP01-DEL01-SP