id;data_inversa;dia_semana;horario;uf;br;km;municipio;causa_acidente;tipo_acidente;classificacao_acidente;fase_dia;sentido_via;condicao_metereologica;tipo_pista;tracado_via;uso_solo;pessoas;mortos;feridos_leves;feridos_graves;ilesos;ignorados;feridos;veiculos;latitude;longitude;regional;delegacia;uop
728977;01/11/2025;sábado;17:10:00;RS;116;213;MORRO REUTER;Reação tardia ou ineficiente do condutor;Saída de leito carroçável;Com Vítimas Feridas;Pleno dia;Crescente;Céu Claro;Simples;Curva;Não;1;0;1;0;0;0;1;1;-29,5246496;-51,087347;SPRF-RS;DEL05-RS;UOP02-DEL05-RS
728980;01/11/2025;sábado;15:50:00;MA;135;14;SAO LUIS;Acesso irregular;Atropelamento de Pedestre;Com Vítimas Feridas;Pleno dia;Crescente;Céu Claro;Dupla;"Reta;Desvio Temporário";Sim;3;0;1;1;0;1;2;2;-2,688028;-44,299978;SPRF-MA;DEL01-MA;UOP01-DEL01-MA
728981;01/11/2025;sábado;17:50:00;MT;70;552;NOSSA SENHORA DO LIVRAMENTO;Ausência de reação do condutor;Saída de leito carroçável;Com Vítimas Fatais;Anoitecer;Decrescente;Céu Claro;Simples;Reta;Não;1;1;0;0;0;0;0;1;-15,700198;-56,42096;SPRF-MT;DEL03-MT;UOP02-DEL03-MT
728982;01/11/2025;sábado;17:15:00;AL;316;239,4;ATALAIA;Ingestão de álcool pelo condutor;Tombamento;Com Vítimas Feridas;Anoitecer;Decrescente;Céu Claro;Simples;Reta;Não;2;0;1;0;0;1;1;2;-9,506366;-36,039639;SPRF-AL;DEL01-AL;UOP01-DEL01-AL
728984;01/11/2025;sábado;13:30:00;TO;10;143;PARANA;Reação tardia ou ineficiente do condutor;Colisão frontal;Com Vítimas Fatais;Pleno dia;Crescente;Nublado;Simples;Reta;Não;2;1;1;0;0;0;1;2;-12,40841;-47,77499;SPRF-TO;DEL01-TO;UOP03-DEL01-TO
728985;01/11/2025;sábado;18:50:00;RS;116;213,2;MORRO REUTER;Transitar na contramão;Colisão lateral sentido oposto;Sem Vítimas;Pleno dia;Decrescente;Céu Claro;Simples;Curva;Não;3;0;0;0;3;0;0;3;-29,5246496;-51,087347;SPRF-RS;DEL05-RS;UOP02-DEL05-RS
728986;01/11/2025;sábado;18:15:00;DF;40;7,8;BRASILIA;Reação tardia ou ineficiente do condutor;Tombamento;Com Vítimas Feridas;Plena Noite;Crescente;Céu Claro;Dupla;Reta;Sim;2;0;0;1;1;0;1;1;-16,046228;-47,980878;SPRF-DF;DEL01-DF;UOP01-DEL01-DF
728987;01/11/2025;sábado;17:00:00;SC;101;74,9;ARAQUARI;Ausência de reação do condutor;Colisão com objeto;Sem Vítimas;Pleno dia;Crescente;Nublado;Múltipla;Curva;Não;1;0;0;0;1;0;0;1;-26,551436;-48,716277;SPRF-SC;DEL03-SC;UOP02-DEL03-SC
728989;01/11/2025;sábado;18:27:00;MG;40;523;CONTAGEM;Trafegar com motocicleta (ou similar) entre as faixas;Colisão lateral mesmo sentido;Com Vítimas Feridas;Plena Noite;Crescente;Céu Claro;Dupla;Curva;Não;2;0;1;0;1;0;1;2;-19,861243;-44,070712;SPRF-MG;DEL01-MG;UOP02-DEL01-MG
728990;06/09/2025;sábado;06:35:00;PB;104;130;CAMPINA GRANDE;Acumulo de areia ou detritos sobre o pavimento;Tombamento;Com Vítimas Feridas;Pleno dia;Crescente;Nublado;Simples;Reta;Não;3;0;0;2;1;0;2;2;-7,280697;-35,89056833;SPRF-PB;DEL02-PB;UOP01-DEL02-PB
728991;01/11/2025;sábado;17:40:00;PB;230;84;GURINHEM;Acesso irregular;Colisão transversal;Com Vítimas Feridas;Plena Noite;Decrescente;Céu Claro;Dupla;Reta;Não;2;0;0;1;1;0;1;2;-7,16761;-35,3544;SPRF-PB;DEL01-PB;UOP02-DEL01-PB
728992;01/11/2025;sábado;19:00:00;GO;60;187,1;GUAPO;Animais na Pista;Atropelamento de Animal;Com Vítimas Feridas;Plena Noite;Decrescente;Céu Claro;Dupla;"Reta;Declive";Sim;2;0;1;1;0;0;2;1;-16,83546;-49,541181;SPRF-GO;DEL01-GO;UOP02-DEL01-GO
728993;01/11/2025;sábado;15:10:00;GO;60;338;SANTO ANTONIO DA BARRA;Condutor Dormindo;Colisão com objeto;Com Vítimas Feridas;Pleno dia;Crescente;Céu Claro;Múltipla;Reta;Não;1;0;1;0;0;0;1;1;-17,555947;-50,612912;SPRF-GO;DEL04-GO;UOP02-DEL04-GO
728995;01/11/2025;sábado;14:00:00;GO;452;39;SANTA HELENA DE GOIAS;Desrespeitar a preferência no cruzamento;Colisão transversal;Com Vítimas Feridas;Pleno dia;Crescente;Nublado;Simples;"Retorno Regulamentado;Reta;Interseção de Vias";Não;3;0;1;0;2;0;1;2;-17,92463;-50,56614;SPRF-GO;DEL04-GO;UOP01-DEL04-GO
728996;01/11/2025;sábado;16:00:00;BA;101;791;ITAMARAJU;Ausência de reação do condutor;Tombamento;Com Vítimas Feridas;Pleno dia;Decrescente;Céu Claro;Simples;"Reta;Aclive";Não;1;0;1;0;0;0;1;1;-16,8947;-39,521303;SPRF-BA;DEL09-BA;UOP01-DEL09-BA
728999;01/11/2025;sábado;18:26:00;PB;101;81;BAYEUX;Ingestão de álcool pelo condutor;Saída de leito carroçável;Sem Vítimas;Plena Noite;Decrescente;Céu Claro;Múltipla;"Retorno Regulamentado;Reta;Declive";Sim;1;0;0;0;1;0;0;1;-7,12614558;-34,94266033;SPRF-PB;DEL01-PB;UOP01-DEL01-PB
729000;01/11/2025;sábado;19:42:00;SP;116;184;SANTA ISABEL;Ausência de reação do condutor;Colisão com objeto;Com Vítimas Feridas;Plena Noite;Decrescente;Nublado;Múltipla;Reta;Sim;3;0;1;2;0;0;3;1;-23,35225123;-46,18584095;SPRF-SP;DEL01-SP;UOP01-DEL01-SP
729001;01/11/2025;sábado;19:40:00;ES;101;296;CARIACICA;Reação tardia ou ineficiente do condutor;Colisão traseira;Com Vítimas Feridas;Plena Noite;Decrescente;Céu Claro;Dupla;Reta;Sim;4;0;0;1;3;0;1;2;-20,3383642;-40,4025451;SPRF-ES;DEL01-ES;UOP01-DEL01-ES
729003;01/11/2025;sábado;19:21:00;RJ;101;475;ANGRA DOS REIS;Manobra de mudança de faixa;Colisão lateral mesmo sentido;Com Vítimas Feridas;Plena Noite;Crescente;Céu Claro;Simples;Curva;Sim;1;0;0;1;0;0;1;1;-22,99916763;-44,26494598;SPRF-RJ;DEL03-RJ;UOP03-DEL03-RJ
729004;01/11/2025;sábado;01:00:00;SC;282;118,8;ALFREDO WAGNER;Condutor Dormindo;Saída de leito carroçável;Sem Vítimas;Plena Noite;Decrescente;Ignorado;Simples;Reta;Não;1;0;0;0;0;1;0;1;-27,783838;-49,416436;SPRF-SC;DEL05-SC;UOP01-DEL05-SC
729005;01/11/2025;sábado;18:45:00;GO;153;597;PIRACANJUBA;Velocidade Incompatível;Saída de leito carroçável;Com Vítimas Feridas;Plena Noite;Crescente;Chuva;Dupla;"Declive;Curva";Não;5;0;3;0;2;0;3;1;-17,515819;-49,216448;SPRF-GO;DEL03-GO;UOP01-DEL03-GO
729006;01/11/2025;sábado;20:00:00;RS;158;154;PANAMBI;Ingestão de álcool pelo condutor;Colisão com objeto;Com Vítimas Feridas;Plena Noite;Crescente;Chuva;Simples;Curva;Sim;1;0;0;1;0;0;1;1;-28,30725654;-53,49205462;SPRF-RS;DEL10-RS;UOP02-DEL10-RS
729007;01/11/2025;sábado;19:40:00;PR;277;2;CURITIBA;Condutor deixou de manter distância do veículo da frente;Colisão traseira;Com Vítimas Feridas;Plena Noite;Decrescente;Chuva;Dupla;"Aclive;Reta";Sim;3;0;2;0;1;0;2;2;-25,430242;-49,345855;SPRF-PR;DEL01-PR;UOP06-DEL01-PR
729008;01/11/2025;sábado;20:19:00;PE;232;20,6;MORENO;Demais falhas mecânicas ou elétricas;Incêndio;Sem Vítimas;Plena Noite;Decrescente;Céu Claro;Dupla;Reta;Não;2;0;0;0;2;0;0;1;-8,0957388;-35,07805824;SPRF-PE;DEL01-PE;UOP01-DEL01-PE
729009;01/11/2025;sábado;19:10:00;PE;232;99,1;BEZERROS;Acessar a via sem observar a presença dos outros veículos;Colisão transversal;Com Vítimas Feridas;Plena Noite;Decrescente;Céu Claro;Múltipla;Reta;Sim;2;0;0;1;1;0;1;2;-8,23788788;-35,73970556;SPRF-PE;DEL02-PE;UOP03-DEL02-PE
729010;01/11/2025;sábado;18:20:00;RS;290;145;ELDORADO DO SUL;Acessar a via sem observar a presença dos outros veículos;Colisão traseira;Com Vítimas Feridas;Pleno dia;Crescente;Céu Claro;Simples;"Interseção de Vias;Declive;Reta";Sim;5;0;2;0;3;0;2;3;-30,1020655;-51,6616582;SPRF-RS;DEL02-RS;UOP01-DEL02-RS
729011;01/11/2025;sábado;18:08:00;MT;364;54,3;ALTO GARCAS;Curva acentuada;Saída de leito carroçável;Sem Vítimas;Plena Noite;Crescente;Céu Claro;Simples;Curva;Não;1;0;0;0;1;0;0;1;-17,0254057;-53,4887423;SPRF-MT;DEL02-MT;UOP02-DEL02-MT
729012;01/11/2025;sábado;19:26:00;RN;226;61;SENADOR ELOI DE SOUZA;Ausência de reação do condutor;Colisão traseira;Com Vítimas Feridas;Plena Noite;Decrescente;Céu Claro;Simples;Reta;Sim;6;0;3;0;3;0;3;2;-6,04902986;-35,67428902;SPRF-RN;DEL01-RN;UOP02-DEL01-RN
729013;01/11/2025;sábado;20:00:00;PI;316;3;TERESINA;Manobra de mudança de faixa;Colisão traseira;Sem Vítimas;Plena Noite;Decrescente;Céu Claro;Múltipla;Reta;Sim;19;0;0;0;3;16;0;18;-5,13108146;-42,79156566;SPRF-PI;DEL01-PI;UOP02-DEL01-PI
729014;01/11/2025;sábado;19:50:00;PE;423;38,8;CACHOEIRINHA;Acessar a via sem observar a presença dos outros veículos;Colisão transversal;Com Vítimas Fatais;Plena Noite;Crescente;Céu Claro;Simples;Reta;Sim;2;1;0;0;1;0;0;2;-8,488893;-36,23188;SPRF-PE;DEL03-PE;UOP02-DEL03-PE
729015;01/11/2025;sábado;20:40:00;SP;101;46;UBATUBA;Reação tardia ou ineficiente do condutor;Engavetamento;Com Vítimas Feridas;Plena Noite;Crescente;Céu Claro;Simples;Reta;Sim;3;0;1;0;0;2;1;3;-23,429234;-45,080769;SPRF-SP;DEL06-SP;UOP01-DEL06-SP
729017;01/11/2025;sábado;19:30:00;GO;50;245,2;CATALAO;Ingestão de álcool pelo condutor;Colisão com objeto;Sem Vítimas;Plena Noite;Decrescente;Céu Claro;Dupla;"Declive;Reta";Sim;1;0;0;0;1;0;0;1;-17,927998;-47,78746;SPRF-GO;DEL06-GO;UOP01-DEL06-GO
729019;01/11/2025;sábado;20:05:00;SE;235;15;NOSSA SENHORA DO SOCORRO;Acessar a via sem observar a presença dos outros veículos;Colisão transversal;Com Vítimas Feridas;Plena Noite;Decrescente;Nublado;Simples;"Interseção de Vias;Reta";Não;2;0;1;0;1;0;1;2;-10,85420615;-37,18973843;SPRF-SE;DEL01-SE;UOP01-DEL01-SE
729021;01/11/2025;sábado;20:15:00;DF;251;32,9;BRASILIA;Ausência de reação do condutor;Colisão traseira;Sem Vítimas;Plena Noite;Decrescente;Nublado;Simples;Reta;Sim;3;0;0;0;3;0;0;2;-15,93837;-47,75972;SPRF-DF;DEL01-DF;UOP01-DEL01-DF
729023;01/11/2025;sábado;19:30:00;PR;376;1,7;MARINGA;Velocidade Incompatível;Saída de leito carroçável;Com Vítimas Feridas;Pleno dia;Decrescente;Nublado;Múltipla;Reta;Sim;2;0;1;1;0;0;2;1;-23,39768415;-51,97627544;SPRF-PR;DEL09-PR;UOP01-DEL09-PR
729025;01/11/2025;sábado;20:05:00;RS;470;351;SAO JERONIMO;Condutor deixou de manter distância do veículo da frente;Colisão traseira;Sem Vítimas;Plena Noite;Decrescente;Céu Claro;Simples;Interseção de Vias;Não;3;0;0;0;2;1;0;2;-30,02040845;-51,74657241;SPRF-RS;DEL02-RS;UOP01-DEL02-RS
729026;01/11/2025;sábado;21:00:00;BA;116;426;FEIRA DE SANTANA;Acostamento em desnível;Queda de ocupante de veículo;Com Vítimas Feridas;Plena Noite;Decrescente;Céu Claro;Dupla;Reta;Sim;1;0;0;1;0;0;1;1;-12,2329327;-38,97331238;SPRF-BA;DEL02-BA;UOP01-DEL02-BA
729027;01/11/2025;sábado;18:40:00;BA;116;784,9;PLANALTO;Reação tardia ou ineficiente do condutor;Tombamento;Com Vítimas Feridas;Plena Noite;Decrescente;Céu Claro;Simples;Reta;Não;1;0;0;1;0;0;1;1;-14,685712;-40,547722;SPRF-BA;DEL08-BA;UOP02-DEL08-BA
729028;01/11/2025;sábado;20:50:00;RS;290;120;ELDORADO DO SUL;Reação tardia ou ineficiente do condutor;Colisão transversal;Sem Vítimas;Plena Noite;Crescente;Nublado;Simples;Reta;Não;5;0;0;0;5;0;0;2;-30,05098043;-51,41180634;SPRF-RS;DEL02-RS;UOP01-DEL02-RS
729029;01/11/2025;sábado;20:55:00;RS;470;336,5;TRIUNFO;Animais na Pista;Atropelamento de Animal;Com Vítimas Feridas;Plena Noite;Crescente;Nublado;Simples;Reta;Não;2;0;2;0;0;0;2;1;-29,905902;-51,710397;SPRF-RS;DEL04-RS;UOP02-DEL04-RS
729031;01/11/2025;sábado;20:20:00;MS;163;500,1;CAMPO GRANDE;Animais na Pista;Atropelamento de Animal;Com Vítimas Feridas;Plena Noite;Crescente;Ignorado;Simples;Reta;Não;1;0;1;0;0;0;1;1;-20,32251446;-54,51673508;SPRF-MS;DEL01-MS;UOP02-DEL01-MS
729032;01/11/2025;sábado;20:45:00;MG;354;756;ITAMONTE;Acessar a via sem observar a presença dos outros veículos;Colisão transversal;Com Vítimas Feridas;Plena Noite;Decrescente;Nublado;Simples;Reta;Sim;3;0;2;0;1;0;2;2;-22,30107017;-44,86189663;SPRF-MG;DEL17-MG;UOP01-DEL17-MG
729033;01/11/2025;sábado;21:50:00;PR;116;166;QUITANDINHA;Demais falhas mecânicas ou elétricas;Incêndio;Sem Vítimas;Plena Noite;Decrescente;Chuva;Simples;Curva;Sim;1;0;0;0;1;0;0;1;-25,876219;-49,488927;SPRF-PR;DEL01-PR;UOP03-DEL01-PR
729034;01/11/2025;sábado;20:45:00;AL;316;271;MACEIO;Ingestão de álcool pelo condutor;Colisão com objeto;Sem Vítimas;Plena Noite;Crescente;Céu Claro;Simples;Reta;Sim;1;0;0;0;1;0;0;1;-9,567324;-35,808207;SPRF-AL;DEL02-AL;UOP01-DEL02-AL
729035;01/11/2025;sábado;20:40:00;PE;232;431;SERRA TALHADA;Transitar na contramão;Colisão frontal;Com Vítimas Feridas;Plena Noite;Crescente;Céu Claro;Simples;Reta;Não;7;0;2;2;3;0;4;2;-8,003578;-38,485844;SPRF-PE;DEL04-PE;UOP01-DEL04-PE
729037;01/11/2025;sábado;22:25:00;CE;116;23,1;AQUIRAZ;Acessar a via sem observar a presença dos outros veículos;Colisão traseira;Sem Vítimas;Plena Noite;Decrescente;Céu Claro;Dupla;Curva;Não;2;0;0;0;2;0;0;2;-3,954349;-38,512586;SPRF-CE;DEL01-CE;UOP02-DEL01-CE
729038;01/11/2025;sábado;22:35:00;BA;110;2;PAULO AFONSO;Ingestão de álcool pelo condutor;Tombamento;Com Vítimas Feridas;Plena Noite;Crescente;Céu Claro;Simples;Reta;Sim;1;0;1;0;0;0;1;1;-9,435344;-38,203295;SPRF-BA;DEL07-BA;UOP01-DEL07-BA
729039;01/11/2025;sábado;22:15:00;PR;373;247;GUAMIRANGA;Reação tardia ou ineficiente do condutor;Colisão frontal;Com Vítimas Fatais;Plena Noite;Crescente;Chuva;Simples;Reta;Não;7;4;1;0;2;0;1;3;-25,190816;-50,824957;SPRF-PR;DEL03-PR;UOP01-DEL03-PR
729040;01/11/2025;sábado;22:35:00;SP;381;23;ATIBAIA;Ausência de reação do condutor;Colisão traseira;Com Vítimas Feridas;Plena Noite;Decrescente;Céu Claro;Dupla;Reta;Não;2;0;1;0;0;1;1;2;-23,0567522;-46,50984764;SPRF-SP;DEL03-SP;UOP02-DEL03-SP
729041;01/11/2025;sábado;22:00:00;GO;80;323;BONOPOLIS;Ausência de reação do condutor;Colisão com objeto;Com Vítimas Fatais;Plena Noite;Decrescente;Céu Claro;Simples;Reta;Não;1;1;0;0;0;0;0;1;-13,60657737;-50,07344246;SPRF-GO;DEL07-GO;UOP01-DEL07-GO
729042;01/11/2025;sábado;18:30:00;MG;365;162;PIRAPORA;Entrada inopinada do pedestre;Atropelamento de Pedestre;Com Vítimas Fatais;Plena Noite;Decrescente;Nublado;Simples;Reta;Não;4;1;0;0;1;2;0;2;-17,3598817;-44,9179067;SPRF-MG;DEL10-MG;UOP02-DEL010-MG
729043;01/11/2025;sábado;21:40:00;SP;116;402;MIRACATU;Acesso irregular;Colisão transversal;Com Vítimas Feridas;Plena Noite;Decrescente;Céu Claro;Dupla;Reta;Não;2;0;1;0;1;0;1;2;-24,3129905;-47,5154217;SPRF-SP;DEL04-SP;UOP02-DEL04-SP
729044;01/11/2025;sábado;22:35:00;SC;282;527,2;XAXIM;Chuva;Saída de leito carroçável;Com Vítimas Feridas;Plena Noite;Crescente;Chuva;Simples;Reta;Não;1;0;1;0;0;0;1;1;-26,97371483;-52,58445358;SPRF-SC;DEL07-SC;UOP01-DEL07-SC
729046;01/11/2025;sábado;19:30:00;RJ;356;6;ITAPERUNA;Transitar na contramão;Colisão frontal;Com Vítimas Feridas;Plena Noite;Crescente;Céu Claro;Simples;"Curva;Aclive";Não;6;0;3;2;1;0;5;2;-21,166665;-42,11931;SPRF-RJ;DEL08-RJ;UOP03-DEL08-RJ
729047;01/11/2025;sábado;22:28:00;RO;364;341;JI-PARANA;Reação tardia ou ineficiente do condutor;Colisão traseira;Com Vítimas Feridas;Plena Noite;Decrescente;Céu Claro;Dupla;Reta;Sim;3;0;1;0;2;0;1;2;-10,885527;-61,935207;SPRF-RO;DEL02-RO;UOP01-DEL02-RO
729048;01/11/2025;sábado;10:55:00;RO;364;753;PORTO VELHO;Ingestão de álcool pelo condutor;Tombamento;Com Vítimas Feridas;Pleno dia;Crescente;Céu Claro;Simples;Reta;Não;1;0;1;0;0;0;1;1;-8,830976;-63,9336448;SPRF-RO;DEL01-RO;UOP02-DEL01-RO
729049;01/11/2025;sábado;22:50:00;MG;40;347;FELIXLANDIA;Ausência de reação do condutor;Colisão traseira;Com Vítimas Feridas;Plena Noite;Crescente;Céu Claro;Dupla;Reta;Não;2;0;1;0;0;1;1;2;-18,7103122;-44,9540066;SPRF-MG;DEL02-MG;UOP01-DEL02-MG
729050;01/11/2025;sábado;23:40:00;PR;376;137,6;NOVA ESPERANCA;Acumulo de água sobre o pavimento;Capotamento;Com Vítimas Feridas;Plena Noite;Decrescente;Chuva;Dupla;Reta;Não;1;0;1;0;0;0;1;1;-23,2106917;-52,19125;SPRF-PR;DEL09-PR;UOP02-DEL09-PR
729051;01/11/2025;sábado;23:30:00;DF;60;2,8;BRASILIA;Condutor Dormindo;Colisão com objeto;Com Vítimas Feridas;Plena Noite;Crescente;Céu Claro;Dupla;"Retorno Regulamentado;Reta";Sim;1;0;0;1;0;0;1;1;-15,888869;-48,08303;SPRF-DF;DEL03-DF;UOP01-DEL03-DF
729052;02/11/2025;domingo;00:20:00;RS;116;523,2;PELOTAS;Ingestão de álcool pelo condutor;Tombamento;Com Vítimas Feridas;Plena Noite;Crescente;Nublado;Múltipla;"Interseção de Vias;Viaduto";Sim;1;0;1;0;0;0;1;1;-31,723292;-52,383433;SPRF-RS;DEL07-RS;UOP01-DEL07-RS
729053;01/11/2025;sábado;23:00:00;MG;262;398;PARA DE MINAS;Velocidade Incompatível;Saída de leito carroçável;Com Vítimas Fatais;Plena Noite;Crescente;Nublado;Dupla;"Curva;Declive";Não;1;1;0;0;0;0;0;1;-19,88993;-44,62367;SPRF-MG;DEL01-MG;UOP03-DEL01-MG
729055;01/11/2025;sábado;23:18:00;RO;364;709;PORTO VELHO;Retorno proibido;Colisão transversal;Com Vítimas Feridas;Plena Noite;Decrescente;Céu Claro;Dupla;Reta;Sim;3;0;2;0;0;1;2;2;-8,79127701;-63,84875157;SPRF-RO;DEL01-RO;UOP01-DEL01-RO
729056;02/11/2025;domingo;00:20:00;MG;381;3;BETIM;Transitar na contramão;Colisão frontal;Com Vítimas Feridas;Plena Noite;Decrescente;Céu Claro;Dupla;Reta;Não;3;0;0;2;1;0;2;2;-19,98882152;-44,18859243;SPRF-MG;DEL01-MG;UOP03-DEL01-MG
729058;01/11/2025;sábado;22:20:00;RS;293;104;PINHEIRO MACHADO;Acessar a via sem observar a presença dos outros veículos;Colisão frontal;Com Vítimas Feridas;Plena Noite;Decrescente;Céu Claro;Simples;"Interseção de Vias;Reta";Sim;7;0;7;0;0;0;7;2;-31,57923007;-53,36209774;SPRF-RS;DEL11-RS;UOP03-DEL11-RS
729062;02/11/2025;domingo;00:05:00;MG;146;486,5;POCOS DE CALDAS;Velocidade Incompatível;Saída de leito carroçável;Sem Vítimas;Plena Noite;Crescente;Chuva;Simples;"Interseção de Vias;Rotatória";Não;3;0;0;0;0;3;0;2;-21,8076296;-46,47158861;SPRF-MG;DEL09-MG;UOP01-DEL09-MG
729064;02/11/2025;domingo;00:15:00;MS;163;485;CAMPO GRANDE;Transtornos Mentais (exceto suicidio);Queda de ocupante de veículo;Com Vítimas Feridas;Plena Noite;Crescente;Céu Claro;Simples;Reta;Sim;2;0;1;0;1;0;1;1;-20,44282173;-54,54195706;SPRF-MS;DEL01-MS;UOP02-DEL01-MS
729066;02/11/2025;domingo;00:20:00;PR;277;372;GUARAPUAVA;Demais falhas mecânicas ou elétricas;Tombamento;Com Vítimas Feridas;Plena Noite;Decrescente;Chuva;Simples;"Reta;Aclive";Não;2;0;1;0;1;0;1;1;-25,4067;-51,71482;SPRF-PR;DEL08-PR;UOP01-DEL08-PR
729067;02/11/2025;domingo;01:00:00;PR;163;230,5;CASCAVEL;Ausência de reação do condutor;Saída de leito carroçável;Com Vítimas Feridas;Plena Noite;Crescente;Chuva;Dupla;Reta;Não;2;0;0;1;1;0;1;1;-24,803728;-53,672227;SPRF-PR;DEL04-PR;UOP01-DEL04-PR
729068;02/11/2025;domingo;02:10:00;RS;116;149;CAXIAS DO SUL;Conversão proibida;Colisão lateral mesmo sentido;Sem Vítimas;Plena Noite;Decrescente;Céu Claro;Múltipla;"Interseção de Vias;Reta";Sim;2;0;0;0;2;0;0;2;-29,16009395;-51,15666159;SPRF-RS;DEL05-RS;UOP01-DEL05-RS
729069;02/11/2025;domingo;01:30:00;PE;232;41;VITORIA DE SANTO ANTAO;Ausência de reação do condutor;Colisão lateral mesmo sentido;Com Vítimas Fatais;Plena Noite;Crescente;Céu Claro;Dupla;"Reta;Declive";Não;2;1;0;0;0;1;0;2;-8,11432672;-35,24773479;SPRF-PE;DEL02-PE;UOP02-DEL02PE
729070;01/11/2025;sábado;23:00:00;AL;316;198;MARIBONDO;Reação tardia ou ineficiente do condutor;Colisão lateral sentido oposto;Com Vítimas Feridas;Plena Noite;Crescente;Nublado;Simples;Reta;Não;8;0;1;0;7;0;1;2;-9,581914;-36,330144;SPRF-AL;DEL03-AL;UOP01-DEL03-AL
729071;02/11/2025;domingo;02:45:00;SP;153;65,3;SAO JOSE DO RIO PRETO;Ausência de reação do condutor;Tombamento;Com Vítimas Feridas;Plena Noite;Crescente;Céu Claro;Simples;Curva;Sim;1;0;0;1;0;0;1;1;-20,83932062;-49,36861038;SPRF-SP;DEL09-SP;UOP01-DEL09-SP
729072;02/11/2025;domingo;02:40:00;MG;40;528;CONTAGEM;Velocidade Incompatível;Saída de leito carroçável;Com Vítimas Feridas;Plena Noite;Crescente;Céu Claro;Dupla;"Aclive;Interseção de Vias;Reta";Sim;1;0;0;1;0;0;1;1;-19,90991531;-44,043766;SPRF-MG;DEL01-MG;UOP02-DEL01-MG
729073;02/11/2025;domingo;02:50:00;RJ;101;96;CAMPOS DOS GOYTACAZES;Ausência de reação do condutor;Colisão traseira;Com Vítimas Feridas;Plena Noite;Crescente;Céu Claro;Dupla;Reta;Não;1;0;0;1;0;0;1;1;-21,83279708;-41,5015351;SPRF-RJ;DEL08-RJ;UOP02-DEL08-RJ
729074;02/11/2025;domingo;03:34:00;SP;116;220;SAO PAULO;Ausência de reação do condutor;Colisão com objeto;Com Vítimas Feridas;Plena Noite;Crescente;Garoa/Chuvisco;Múltipla;Reta;Sim;1;0;1;0;0;0;1;1;-23,46590385;-46,50239845;SPRF-SP;DEL01-SP;UOP01-DEL01-SP
729075;02/11/2025;domingo;02:00:00;SC;282;35,8;AGUAS MORNAS;Ausência de reação do condutor;Saída de leito carroçável;Com Vítimas Feridas;Plena Noite;Decrescente;Nublado;Simples;"Curva;Declive";Não;1;0;1;0;0;0;1;1;-27,7052;-48,83239;SPRF-SC;DEL01-SC;UOP03-DEL01-SC
729076;02/11/2025;domingo;03:00:00;SC;470;141;RIO DO SUL;Transitar na contramão;Colisão frontal;Sem Vítimas;Plena Noite;Crescente;Nublado;Simples;Reta;Não;3;0;0;0;2;1;0;2;-27,2087503;-49,65117645;SPRF-SC;DEL04-SC;UOP02-DEL04-SC
729077;02/11/2025;domingo;03:35:00;SE;235;5;NOSSA SENHORA DO SOCORRO;Ingestão de álcool pelo condutor;Tombamento;Com Vítimas Feridas;Plena Noite;Crescente;Chuva;Dupla;Reta;Sim;2;0;2;0;0;0;2;1;-10,90484215;-37,12457148;SPRF-SE;DEL01-SE;UOP01-DEL01-SE
729079;02/11/2025;domingo;03:10:00;MG;40;455;CAETANOPOLIS;Condutor Dormindo;Saída de leito carroçável;Com Vítimas Feridas;Plena Noite;Decrescente;Céu Claro;Dupla;"Reta;Declive";Não;1;0;1;0;0;0;1;1;-19,3665298;-44,337844;SPRF-MG;DEL02-MG;UOP01-DEL02-MG
729081;02/11/2025;domingo;03:30:00;DF;70;7,8;BRASILIA;Ausência de reação do condutor;Colisão com objeto;Com Vítimas Feridas;Plena Noite;Decrescente;Céu Claro;Dupla;Reta;Sim;2;0;0;2;0;0;2;1;-15,79604707;-48,17056417;SPRF-DF;DEL03-DF;UOP02-DEL03-DF
729082;02/11/2025;domingo;03:25:00;GO;40;3,5;VALPARAISO DE GOIAS;Condutor Dormindo;Colisão com objeto;Com Vítimas Feridas;Plena Noite;Decrescente;Céu Claro;Dupla;Ponte;Sim;1;0;1;0;0;0;1;1;-16,08223;-47,98639;SPRF-DF;DEL01-DF;UOP01-DEL01-DF
729083;02/11/2025;domingo;04:00:00;RS;448;22;PORTO ALEGRE;Ausência de reação do condutor;Saída de leito carroçável;Sem Vítimas;Plena Noite;Crescente;Céu Claro;Múltipla;"Curva;Ponte";Sim;1;0;0;0;0;1;0;1;-29,97352182;-51,19938234;SPRF-RS;DEL01-RS;UOP01-DEL01-RS
729084;02/11/2025;domingo;04:20:00;PR;376;490;PONTA GROSSA;Avarias e/ou desgaste excessivo no pneu;Saída de leito carroçável;Com Vítimas Fatais;Plena Noite;Crescente;Chuva;Dupla;Reta;Sim;2;1;0;1;0;0;1;1;-25,137567;-50,162995;SPRF-PR;DEL03-PR;UOP04-DEL03-PR
729085;02/11/2025;domingo;04:00:00;SC;101;13;GARUVA;Ingestão de álcool pelo condutor;Colisão com objeto;Sem Vítimas;Plena Noite;Decrescente;Chuva;Dupla;"Reta;Retorno Regulamentado";Não;1;0;0;0;1;0;0;1;-26,0924;-48,864745;SPRF-SC;DEL03-SC;UOP01-DEL03-SC
729086;02/11/2025;domingo;00:30:00;RJ;101;318;SAO GONCALO;Demais falhas mecânicas ou elétricas;Tombamento;Com Vítimas Feridas;Plena Noite;Crescente;Céu Claro;Dupla;Reta;Sim;1;0;1;0;0;0;1;1;-22,84355106;-43,09790319;SPRF-RJ;DEL02-RJ;UOP02-DEL02-RJ