id;data_inversa;dia_semana;horario;uf;br;km;municipio;causa_acidente;tipo_acidente;classificacao_acidente;fase_dia;sentido_via;condicao_metereologica;tipo_pista;tracado_via;uso_solo;pessoas;mortos;feridos_leves;feridos_graves;ilesos;ignorados;feridos;veiculos;latitude;longitude;regional;delegacia;uop
729434;03/11/2025;segunda-feira;18:09:00;PE;407;130;PETROLINA;Ingestão de álcool pelo condutor;Tombamento;Com Vítimas Feridas;Pleno dia;Crescente;Céu Claro;Dupla;Viaduto;Sim;1;0;0;1;0;0;1;1;-9,4013;-40,5037549;SPRF-PE;DEL06-PE;UOP01-DEL06-PE
729435;03/11/2025;segunda-feira;18:25:00;CE;116;17,2;EUSEBIO;Condutor deixou de manter distância do veículo da frente;Colisão traseira;Com Vítimas Feridas;Plena Noite;Crescente;Céu Claro;Dupla;Reta;Não;4;0;1;0;3;0;1;2;-3,898387;-38,503747;SPRF-CE;DEL01-CE;UOP02-DEL01-CE
729436;03/11/2025;segunda-feira;17:35:00;RN;226;109,8;SANTA CRUZ;Desrespeitar a preferência no cruzamento;Colisão transversal;Com Vítimas Fatais;Anoitecer;Crescente;Céu Claro;Simples;"Declive;Reta";Sim;3;1;0;2;0;0;2;2;-6,23757547;-36,00811958;SPRF-RN;DEL03-RN;UOP02-DEL03-RN
729437;03/11/2025;segunda-feira;18:29:00;SE;101;181;UMBAUBA;Mal súbito do condutor;Queda de ocupante de veículo;Sem Vítimas;Plena Noite;Crescente;Céu Claro;Simples;Reta;Sim;1;0;0;0;1;0;0;1;-11,37234999;-37,6532;SPRF-SE;DEL02-SE;UOP03-DEL02-SE
729438;03/11/2025;segunda-feira;18:00:00;DF;20;10,1;BRASILIA;Manobra de mudança de faixa;Colisão lateral mesmo sentido;Com Vítimas Feridas;Anoitecer;Crescente;Chuva;Dupla;"Em Obras;Desvio Temporário;Reta";Sim;6;0;0;1;5;0;1;3;-15,64952;-47,77207;SPRF-DF;DEL02-DF;UOP01-DEL02-DF
729439;03/11/2025;segunda-feira;17:00:00;SC;470;1;GASPAR;Acessar a via sem observar a presença dos outros veículos;Colisão transversal;Com Vítimas Feridas;Pleno dia;Decrescente;Nublado;Simples;Interseção de Vias;Sim;2;0;1;0;1;0;1;2;-26,91991663;-48,95925935;SPRF-SC;DEL04-SC;UOP01-DEL04-SC
729440;03/11/2025;segunda-feira;18:28:00;PE;101;48;ABREU E LIMA;Acessar a via sem observar a presença dos outros veículos;Colisão transversal;Com Vítimas Feridas;Plena Noite;Crescente;Céu Claro;Múltipla;Reta;Sim;4;0;1;0;3;0;1;2;-7,893247;-34,903053;SPRF-PE;DEL01-PE;UOP02-DEL01-PE
729441;03/11/2025;segunda-feira;18:15:00;MA;222;673;ACAILANDIA;Acessar a via sem observar a presença dos outros veículos;Colisão transversal;Com Vítimas Feridas;Plena Noite;Crescente;Céu Claro;Simples;"Reta;Em Obras";Sim;2;0;1;0;1;0;1;2;-4,9512448;-47,4906624;SPRF-MA;DEL04-MA;UOP03-DEL04-MA
729442;03/11/2025;segunda-feira;19:00:00;PE;407;129;PETROLINA;Demais falhas mecânicas ou elétricas;Incêndio;Sem Vítimas;Plena Noite;Crescente;Céu Claro;Simples;Rotatória;Sim;1;0;0;0;1;0;0;1;-9,3994516;-40,5055074;SPRF-PE;DEL06-PE;UOP01-DEL06-PE
729444;03/11/2025;segunda-feira;18:12:00;PE;101;49;ABREU E LIMA;Transitar na contramão;Colisão frontal;Com Vítimas Feridas;Plena Noite;Decrescente;Céu Claro;Múltipla;Reta;Sim;2;0;1;0;1;0;1;2;-7,901697;-34,90163;SPRF-PE;DEL01-PE;UOP02-DEL01-PE
729449;03/11/2025;segunda-feira;18:45:00;ES;101;140,5;LINHARES;Reação tardia ou ineficiente do condutor;Atropelamento de Pedestre;Com Vítimas Feridas;Plena Noite;Decrescente;Céu Claro;Simples;Reta;Sim;3;0;1;0;1;1;1;2;-19,4223318;-40,0778325;SPRF-ES;DEL04-ES;UOP01-DEL04-ES
729450;03/11/2025;segunda-feira;16:15:00;SC;101;440;SANTA ROSA DO SUL;Ultrapassagem Indevida;Tombamento;Com Vítimas Feridas;Pleno dia;Crescente;Nublado;Dupla;Reta;Não;2;0;2;0;0;0;2;1;-29,1263408;-49,6756594;SPRF-SC;DEL02-SC;UOP02-DEL02-SC
729451;03/11/2025;segunda-feira;17:50:00;RS;386;38,5;FREDERICO WESTPHALEN;Condutor deixou de manter distância do veículo da frente;Engavetamento;Com Vítimas Feridas;Pleno dia;Decrescente;Céu Claro;Simples;"Reta;Aclive";Sim;5;0;3;0;2;0;3;5;-27,39774554;-53,40288735;SPRF-RS;DEL08-RS;UOP02-DEL08-RS
729452;03/11/2025;segunda-feira;18:30:00;PR;476;152;ARAUCARIA;Reação tardia ou ineficiente do condutor;Queda de ocupante de veículo;Com Vítimas Feridas;Anoitecer;Crescente;Nublado;Simples;"Retorno Regulamentado;Reta";Não;2;0;2;0;0;0;2;1;-25,56955431;-49,38433748;SPRF-PR;DEL01-PR;UOP06-DEL01-PR
729454;03/11/2025;segunda-feira;07:15:00;SC;280;38;ARAQUARI;Avarias e/ou desgaste excessivo no pneu;Saída de leito carroçável;Com Vítimas Feridas;Pleno dia;Crescente;Nublado;Simples;"Viaduto;Reta";Sim;1;0;1;0;0;0;1;1;-26,44826438;-48,83105278;SPRF-SC;DEL03-SC;UOP03-DEL03-SC
729455;03/11/2025;segunda-feira;16:20:00;AC;364;128,6;RIO BRANCO;Mal súbito do condutor;Saída de leito carroçável;Com Vítimas Fatais;Pleno dia;Decrescente;Céu Claro;Dupla;Reta;Sim;1;1;0;0;0;0;0;1;-10,028802;-67,825653;SPRF-AC;DEL01-AC;UOP01-DEL01-AC
729456;03/11/2025;segunda-feira;18:45:00;AL;104;71;MESSIAS;Avarias e/ou desgaste excessivo no pneu;Capotamento;Com Vítimas Feridas;Plena Noite;Decrescente;Céu Claro;Dupla;"Declive;Curva";Não;4;0;4;0;0;0;4;1;-9,37433191;-35,82751974;SPRF-AL;DEL01-AL;UOP02-DEL01-AL
729457;23/09/2025;terça-feira;12:02:00;MT;163;795,3;VERA;Acessar a via sem observar a presença dos outros veículos;Colisão traseira;Com Vítimas Feridas;Pleno dia;Crescente;Céu Claro;Simples;"Reta;Em Obras";Não;3;0;1;0;2;0;1;2;-12,203381;-55,537318;SPRF-MT;DEL06-MT;UOP02-DEL06-MT
729458;03/11/2025;segunda-feira;19:49:00;PE;101;67,5;RECIFE;Acessar a via sem observar a presença dos outros veículos;Colisão transversal;Com Vítimas Feridas;Plena Noite;Crescente;Céu Claro;Múltipla;Reta;Sim;4;0;2;2;0;0;4;2;-8,046979;-34,945078;SPRF-PE;DEL01-PE;UOP01-DEL01-PE
729459;03/11/2025;segunda-feira;18:48:00;MS;163;256;DOURADOS;Reação tardia ou ineficiente do condutor;Atropelamento de Pedestre;Com Vítimas Feridas;Plena Noite;Decrescente;Céu Claro;Dupla;Reta;Sim;2;0;0;1;0;1;1;2;-22,26360105;-54,80670333;SPRF-MS;DEL04-MS;UOP01-DEL04-MS
729460;03/11/2025;segunda-feira;18:40:00;MT;364;657;DIAMANTINO;Ausência de reação do condutor;Colisão traseira;Com Vítimas Fatais;Plena Noite;Decrescente;Nublado;Simples;Reta;Não;2;1;0;0;1;0;0;2;-14,197963;-56,609292;SPRF-MT;DEL01-MT;UOP01-DEL01-MT
729461;23/04/2025;quarta-feira;12:15:00;RS;0;0;CANOAS;Acessar a via sem observar a presença dos outros veículos;Colisão transversal;Com Vítimas Feridas;Pleno dia;Não Informado;Céu Claro;Simples;Interseção de Vias;Não;6;0;1;0;5;0;1;3;-29,93102745;-51,17525551;SPRF-RS;DEL01-RS;UOP01-DEL01-RS
729462;03/11/2025;segunda-feira;19:35:00;PA;230;110;MARABA;Acessar a via sem observar a presença dos outros veículos;Colisão transversal;Com Vítimas Feridas;Plena Noite;Decrescente;Céu Claro;Simples;"Reta;Interseção de Vias";Sim;3;0;1;0;2;0;1;2;-5,37224;-49,03659;SPRF-PA;DEL03-PA;UOP01-DEL03-PA
729465;03/11/2025;segunda-feira;17:20:00;RJ;116;242;PIRAI;Ingestão de álcool pelo condutor;Colisão com objeto;Com Vítimas Feridas;Pleno dia;Crescente;Céu Claro;Dupla;"Retorno Regulamentado;Declive;Curva";Sim;1;0;1;0;0;0;1;1;-22,62896504;-43,91122699;SPRF-RJ;DEL07-RJ;UOP01-DEL07-RJ
729466;03/11/2025;segunda-feira;20:18:00;PI;343;348;TERESINA;Ingestão de álcool pelo condutor;Colisão traseira;Sem Vítimas;Plena Noite;Decrescente;Céu Claro;Dupla;Reta;Sim;2;0;0;0;2;0;0;1;-5,1203456;-42,7903014;SPRF-PI;DEL01-PI;UOP01-DEL01-PI
729467;03/11/2025;segunda-feira;20:05:00;PB;230;157,7;CAMPINA GRANDE;Ingestão de álcool pelo condutor;Colisão frontal;Com Vítimas Feridas;Plena Noite;Decrescente;Nublado;Simples;Retorno Regulamentado;Sim;4;0;1;1;1;1;2;3;-7,262288;-35,921862;SPRF-PB;DEL02-PB;UOP01-DEL02-PB
729468;03/11/2025;segunda-feira;13:30:00;RJ;40;116;DUQUE DE CAXIAS;Pista esburacada;Queda de ocupante de veículo;Com Vítimas Feridas;Pleno dia;Decrescente;Céu Claro;Dupla;Reta;Sim;2;0;1;0;1;0;1;1;-22,74010924;-43,28762594;SPRF-RJ;DEL01-RJ;UOP02-DEL01-RJ
729471;03/11/2025;segunda-feira;19:45:00;SP;101;49;UBATUBA;Entrada inopinada do pedestre;Atropelamento de Pedestre;Com Vítimas Feridas;Plena Noite;Crescente;Céu Claro;Simples;Reta;Sim;2;0;0;1;0;1;1;2;-23,44682392;-45,08106206;SPRF-SP;DEL06-SP;UOP01-DEL06-SP
729473;03/11/2025;segunda-feira;21:30:00;PR;277;705;SAO MIGUEL DO IGUACU;Acessar a via sem observar a presença dos outros veículos;Colisão traseira;Com Vítimas Feridas;Plena Noite;Crescente;Nublado;Dupla;Reta;Não;2;0;1;0;1;0;1;2;-25,43056295;-54,36979294;SPRF-PR;DEL05-PR;UOP01-DEL05-PR
729475;03/11/2025;segunda-feira;13:00:00;PI;316;255;INHUMA;Transitar no Acostamento;Colisão com objeto;Sem Vítimas;Pleno dia;Decrescente;Céu Claro;Simples;Reta;Não;1;0;0;0;0;1;0;1;-6,7872661;-41,73311234;SPRF-PI;DEL04-PI;UOP02-DEL04-PI
729478;03/11/2025;segunda-feira;17:20:00;SC;280;299;PORTO UNIAO;Ausência de reação do condutor;Saída de leito carroçável;Com Vítimas Feridas;Pleno dia;Crescente;Chuva;Simples;Curva;Não;1;0;1;0;0;0;1;1;-26,285598;-51,016725;SPRF-SC;DEL06-SC;UOP04-DEL06-SC
729479;03/11/2025;segunda-feira;21:40:00;MG;153;16;CENTRALINA;Reação tardia ou ineficiente do condutor;Saída de leito carroçável;Com Vítimas Feridas;Plena Noite;Crescente;Céu Claro;Dupla;Reta;Não;2;0;1;0;1;0;1;2;-18,58001805;-49,19318318;SPRF-MG;DEL15-MG;UOP03-DEL15-MG
729480;29/09/2025;segunda-feira;13:30:00;MT;70;190;GENERAL CARNEIRO;Ausência de reação do condutor;Colisão lateral sentido oposto;Com Vítimas Fatais;Pleno dia;Decrescente;Céu Claro;Simples;Reta;Não;2;1;0;0;1;0;0;2;-15,73455556;-53,802495;SPRF-MT;DEL05-MT;UOP01-DEL05-MT
729481;03/11/2025;segunda-feira;22:00:00;MG;116;763;LEOPOLDINA;Ingestão de álcool pelo condutor;Colisão com objeto;Com Vítimas Feridas;Plena Noite;Decrescente;Céu Claro;Simples;"Declive;Curva";Sim;2;0;2;0;0;0;2;1;-21,52239;-42,639281;SPRF-MG;DEL07-MG;UOP01-DEL07-MG
729482;03/11/2025;segunda-feira;20:50:00;MT;70;509;CUIABA;Acumulo de água sobre o pavimento;Queda de ocupante de veículo;Com Vítimas Feridas;Plena Noite;Decrescente;Nublado;Simples;"Reta;Em Obras";Sim;1;0;1;0;0;0;1;1;-15,695215;-56,090663;SPRF-MT;DEL01-MT;UOP02-DEL01-MT
729485;03/11/2025;segunda-feira;19:30:00;MA;226;239;JENIPAPO DOS VIEIRAS;Deficiência do Sistema de Iluminação/Sinalização;Colisão traseira;Com Vítimas Fatais;Plena Noite;Decrescente;Céu Claro;Simples;Reta;Não;3;1;1;0;1;0;1;2;-5,49105211;-45,52420735;SPRF-MA;DEL06-MA;UOP01-DEL06-MA
729487;03/11/2025;segunda-feira;21:30:00;RO;364;14;VILHENA;Ausência de reação do condutor;Saída de leito carroçável;Com Vítimas Feridas;Plena Noite;Decrescente;Chuva;Dupla;Rotatória;Sim;2;0;1;1;0;0;2;1;-12,73681098;-60,14786124;SPRF-RO;DEL04-RO;UOP01-DEL04-RO
729488;03/11/2025;segunda-feira;23:50:00;SC;101;79,3;ARAQUARI;Reação tardia ou ineficiente do condutor;Colisão com objeto;Com Vítimas Feridas;Plena Noite;Decrescente;Nublado;Dupla;Reta;Sim;1;0;1;0;0;0;1;1;-26,59168794;-48,72190682;SPRF-SC;DEL03-SC;UOP02-DEL03-SC
729489;03/11/2025;segunda-feira;22:50:00;SP;116;34;CRUZEIRO;Velocidade Incompatível;Queda de ocupante de veículo;Com Vítimas Feridas;Plena Noite;Decrescente;Céu Claro;Simples;Reta;Não;1;0;1;0;0;0;1;1;-22,62559362;-44,91656095;SPRF-SP;DEL08-SP;UOP02-DEL08-SP
729490;03/11/2025;segunda-feira;23:40:00;GO;414;330,3;COCALZINHO DE GOIAS;Ingestão de álcool pelo condutor;Tombamento;Com Vítimas Feridas;Plena Noite;Crescente;Céu Claro;Simples;Reta;Não;1;0;0;1;0;0;1;1;-15,46655899;-48,61393902;SPRF-GO;DEL02-GO;UOP01-DEL02-GO
729491;03/11/2025;segunda-feira;18:30:00;PR;373;276,8;PRUDENTOPOLIS;Transitar na contramão;Colisão frontal;Com Vítimas Fatais;Anoitecer;Crescente;Nublado;Simples;"Aclive;Curva";Não;3;1;1;0;1;0;1;2;-25,260191;-51,083935;SPRF-PR;DEL08-PR;UOP01-DEL08-PR
729497;04/11/2025;terça-feira;02:48:00;PB;230;162,6;CAMPINA GRANDE;Ausência de reação do condutor;Colisão traseira;Com Vítimas Feridas;Plena Noite;Decrescente;Garoa/Chuvisco;Simples;"Declive;Reta";Sim;4;0;2;0;2;0;2;2;-7,2265;-35,943542;SPRF-PB;DEL02-PB;UOP01-DEL02-PB
729499;04/11/2025;terça-feira;04:05:00;PB;101;85;BAYEUX;Animais na Pista;Colisão com objeto;Sem Vítimas;Amanhecer;Decrescente;Nublado;Dupla;Reta;Sim;1;0;0;0;1;0;0;1;-7,14548;-34,916307;SPRF-PB;DEL01-PB;UOP01-DEL01-PB
729506;04/11/2025;terça-feira;06:25:00;MG;40;513;RIBEIRAO DAS NEVES;Trafegar com motocicleta (ou similar) entre as faixas;Colisão traseira;Com Vítimas Feridas;Pleno dia;Crescente;Céu Claro;Dupla;Reta;Sim;2;0;1;0;1;0;1;2;-19,799021;-44,104039;SPRF-MG;DEL01-MG;UOP02-DEL01-MG
729507;04/11/2025;terça-feira;05:50:00;PE;101;67;RECIFE;Trafegar com motocicleta (ou similar) entre as faixas;Colisão lateral mesmo sentido;Com Vítimas Feridas;Pleno dia;Crescente;Sol;Dupla;Reta;Sim;2;0;1;0;1;0;1;2;-8,04198;-34,94342;SPRF-PE;DEL01-PE;UOP01-DEL01-PE
729508;04/11/2025;terça-feira;04:20:00;MG;381;262;TIMOTEO;Ausência de reação do condutor;Saída de leito carroçável;Com Vítimas Feridas;Amanhecer;Crescente;Nublado;Simples;Reta;Não;1;0;0;1;0;0;1;1;-19,5254397;-42,641107;SPRF-MG;DEL03-MG;UOP02-DEL03-MG
729512;04/11/2025;terça-feira;07:20:00;AL;104;41,6;BRANQUINHA;Manobra de mudança de faixa;Saída de leito carroçável;Com Vítimas Feridas;Pleno dia;Crescente;Nublado;Simples;Reta;Não;1;0;1;0;0;0;1;1;-9,209681;-36,032411;SPRF-AL;DEL01-AL;UOP02-DEL01-AL
729513;04/11/2025;terça-feira;07:00:00;SP;116;279;EMBU DAS ARTES;Ingestão de álcool pelo condutor;Colisão lateral mesmo sentido;Sem Vítimas;Amanhecer;Decrescente;Nublado;Dupla;"Reta;Declive";Sim;1;0;0;0;1;0;0;1;-23,6543759;-46,8492484;SPRF-SP;DEL04-SP;UOP01-DEL04-SP
729514;04/11/2025;terça-feira;07:10:00;ES;101;269,5;SERRA;Manobra de mudança de faixa;Colisão lateral mesmo sentido;Sem Vítimas;Pleno dia;Crescente;Céu Claro;Dupla;Reta;Sim;2;0;0;0;2;0;0;2;-20,0488573;-40,3867013;SPRF-ES;DEL02-ES;UOP01-DEL02-ES
729516;04/11/2025;terça-feira;03:00:00;MG;365;614;UBERLANDIA;Reação tardia ou ineficiente do condutor;Colisão traseira;Sem Vítimas;Plena Noite;Crescente;Céu Claro;Simples;Reta;Sim;2;0;0;0;0;2;0;2;-18,912289;-48,219594;SPRF-MG;DEL15-MG;UOP01-DEL15-MG
729517;03/11/2025;segunda-feira;19:10:00;MT;163;780;SORRISO;Ingestão de álcool pelo condutor;Saída de leito carroçável;Sem Vítimas;Plena Noite;Decrescente;Garoa/Chuvisco;Simples;"Em Obras;Reta";Não;2;0;0;0;2;0;0;1;-12,333297;-55,588962;SPRF-MT;DEL06-MT;UOP02-DEL06-MT
729518;04/11/2025;terça-feira;08:00:00;SC;101;205,7;SAO JOSE;Manobra de mudança de faixa;Colisão lateral mesmo sentido;Com Vítimas Feridas;Pleno dia;Crescente;Sol;Múltipla;Reta;Sim;3;0;1;0;2;0;1;2;-27,57977203;-48,61411285;SPRF-SC;DEL01-SC;UOP01-DEL01-SC
729520;04/11/2025;terça-feira;07:45:00;DF;70;10,3;BRASILIA;Acessar a via sem observar a presença dos outros veículos;Colisão transversal;Com Vítimas Feridas;Pleno dia;Decrescente;Céu Claro;Dupla;Reta;Sim;3;0;2;0;1;0;2;2;-15,788138;-48,143302;SPRF-DF;DEL03-DF;UOP02-DEL03-DF
729521;04/11/2025;terça-feira;08:20:00;GO;153;506;APARECIDA DE GOIANIA;Reação tardia ou ineficiente do condutor;Colisão traseira;Com Vítimas Feridas;Pleno dia;Decrescente;Nublado;Dupla;Aclive;Sim;2;0;0;1;1;0;1;2;-16,752672;-49,241165;SPRF-GO;DEL01-GO;UOP01-DEL01-GO
729522;04/11/2025;terça-feira;07:40:00;PI;316;7,9;TERESINA;Acessar a via sem observar a presença dos outros veículos;Colisão transversal;Com Vítimas Feridas;Pleno dia;Decrescente;Céu Claro;Múltipla;"Reta;Viaduto;Interseção de Vias;Declive";Sim;2;0;1;0;1;0;1;2;-5,16227133;-42,76955903;SPRF-PI;DEL01-PI;UOP02-DEL01-PI
729525;12/10/2025;domingo;23:00:00;BA;101;272;SANTO ANTONIO DE JESUS;Condutor Dormindo;Capotamento;Com Vítimas Feridas;Plena Noite;Crescente;Ignorado;Simples;Aclive;Sim;1;0;1;0;0;0;1;1;-13,01994855;-39,29138661;SPRF-BA;DEL01-BA;UOP02-DEL01-BA
729526;20/09/2025;sábado;21:30:00;AP;210;130;PORTO GRANDE;Acumulo de areia ou detritos sobre o pavimento;Saída de leito carroçável;Com Vítimas Fatais;Plena Noite;Decrescente;Céu Claro;Simples;Curva;Não;4;1;3;0;0;0;3;1;0,6474216;-51,59393381;SPRF-AP;DEL01-AP;UOP01-DEL01-AP
729527;04/11/2025;terça-feira;08:10:00;MG;40;526;CONTAGEM;Reação tardia ou ineficiente do condutor;Colisão traseira;Com Vítimas Feridas;Pleno dia;Decrescente;Céu Claro;Dupla;Reta;Sim;2;0;1;0;1;0;1;2;-19,89222812;-44,05005137;SPRF-MG;DEL01-MG;UOP02-DEL01-MG
729528;11/10/2025;sábado;05:30:00;MT;364;262,8;SAO PEDRO DA CIPA;Reação tardia ou ineficiente do condutor;Saída de leito carroçável;Com Vítimas Fatais;Pleno dia;Decrescente;Céu Claro;Dupla;Reta;Não;2;1;0;1;0;0;1;1;-16,00191876;-54,91596938;SPRF-MT;DEL02-MT;UOP01-DEL02-MT
729529;04/11/2025;terça-feira;08:00:00;SC;282;2;FLORIANOPOLIS;Trafegar com motocicleta (ou similar) entre as faixas;Colisão lateral mesmo sentido;Com Vítimas Feridas;Pleno dia;Decrescente;Céu Claro;Múltipla;Reta;Sim;2;0;1;0;1;0;1;2;-27,603345;-48,589683;SPRF-SC;DEL01-SC;UOP01-DEL01-SC
729530;27/10/2025;segunda-feira;17:40:00;SC;101;207,8;SAO JOSE;Demais falhas mecânicas ou elétricas;Colisão traseira;Com Vítimas Feridas;Anoitecer;Crescente;Nublado;Múltipla;"Declive;Reta";Sim;3;0;0;1;2;0;1;3;-27,602705;-48,630662;SPRF-SC;DEL01-SC;UOP01-DEL01-SC
729532;04/11/2025;terça-feira;08:35:00;PR;116;211;RIO NEGRO;Condutor deixou de manter distância do veículo da frente;Colisão traseira;Com Vítimas Feridas;Pleno dia;Crescente;Nublado;Simples;Reta;Sim;2;0;1;0;1;0;1;2;-26,10132068;-49,78077829;SPRF-SC;DEL06-SC;UOP01-DEL06-SC
729533;04/11/2025;terça-feira;06:25:00;PA;316;23;BENEVIDES;Ausência de reação do condutor;Colisão traseira;Com Vítimas Feridas;Pleno dia;Decrescente;Céu Claro;Dupla;Reta;Sim;3;0;2;0;1;0;2;2;-1,342531;-48,247501;SPRF-PA;DEL01-PA;UOP01-DEL01-PA
729535;04/11/2025;terça-feira;08:15:00;PR;376;601;CURITIBA;Manobra de mudança de faixa;Colisão lateral mesmo sentido;Com Vítimas Feridas;Pleno dia;Decrescente;Nublado;Dupla;Reta;Não;2;0;1;0;1;0;1;2;-25,50102699;-49,34163541;SPRF-PR;DEL01-PR;UOP03-DEL01-PR
729536;04/11/2025;terça-feira;07:30:00;PR;116;17;COLOMBO;Manobra de mudança de faixa;Colisão traseira;Com Vítimas Feridas;Pleno dia;Crescente;Nublado;Dupla;Reta;Sim;3;0;1;0;2;0;1;2;-25,38898347;-49,18762414;SPRF-PR;DEL01-PR;UOP02-DEL01-PR
729538;04/11/2025;terça-feira;09:00:00;PA;10;13;DOM ELISEU;Ausência de reação do condutor;Colisão traseira;Com Vítimas Feridas;Pleno dia;Decrescente;Céu Claro;Simples;Reta;Não;2;0;1;0;1;0;1;2;-4,2895526;-47,5570206;SPRF-PA;DEL02-PA;UOP02-DEL02-PA
729539;01/11/2025;sábado;02:30:00;PR;277;83,3;CURITIBA;Pedestre andava na pista;Colisão traseira;Com Vítimas Feridas;Plena Noite;Decrescente;Céu Claro;Dupla;Reta;Sim;2;0;0;1;0;1;1;2;-25,44664078;-49,23130123;SPRF-PR;DEL01-PR;UOP03-DEL01-PR
729540;04/11/2025;terça-feira;08:05:00;MS;163;766;COXIM;Demais falhas mecânicas ou elétricas;Incêndio;Sem Vítimas;Pleno dia;Decrescente;Nublado;Simples;Curva;Não;1;0;0;0;1;0;0;1;-18,191;-54,651;SPRF-MS;DEL06-MS;UOP01-DEL06-MS
729542;31/10/2025;sexta-feira;06:50:00;MT;364;491;JANGADA;Acessar a via sem observar a presença dos outros veículos;Colisão transversal;Com Vítimas Feridas;Pleno dia;Decrescente;Céu Claro;Simples;"Interseção de Vias;Retorno Regulamentado;Reta";Não;2;0;1;0;1;0;1;2;-15,255122;-56,464083;SPRF-MT;DEL01-MT;UOP01-DEL01-MT
729543;04/11/2025;terça-feira;09:45:00;MG;381;482;BETIM;Manobra de mudança de faixa;Colisão lateral mesmo sentido;Com Vítimas Feridas;Pleno dia;Decrescente;Nublado;Múltipla;Reta;Sim;2;0;1;0;0;1;1;2;-19,9589857;-44,07304348;SPRF-MG;DEL01-MG;UOP03-DEL01-MG
729544;04/11/2025;terça-feira;09:00:00;PI;343;4;TERESINA;Ausência de reação do condutor;Colisão traseira;Com Vítimas Feridas;Pleno dia;Decrescente;Sol;Múltipla;"Reta;Ponte";Sim;2;0;1;0;1;0;1;2;-5,08224262;-42,79449105;SPRF-PI;DEL01-PI;UOP01-DEL01-PI
729547;04/11/2025;terça-feira;09:45:00;RS;116;245;SAO LEOPOLDO;Reação tardia ou ineficiente do condutor;Colisão com objeto;Com Vítimas Feridas;Pleno dia;Decrescente;Céu Claro;Dupla;Reta;Sim;1;0;1;0;0;0;1;1;-29,7527112;-51,1512305;SPRF-RS;DEL01-RS;UOP02-DEL01-RS
729549;25/09/2025;quinta-feira;12:58:00;RO;364;236,8;CACOAL;Acessar a via sem observar a presença dos outros veículos;Colisão lateral mesmo sentido;Com Vítimas Feridas;Pleno dia;Crescente;Céu Claro;Simples;Reta;Sim;2;0;0;1;1;0;1;2;-11,443877;-61,444549;SPRF-RO;DEL02-RO;UOP02-DEL02-RO
729552;04/11/2025;terça-feira;09:15:00;MG;267;10;LEOPOLDINA;Reação tardia ou ineficiente do condutor;Tombamento;Com Vítimas Feridas;Pleno dia;Decrescente;Céu Claro;Simples;"Reta;Declive";Não;2;0;2;0;0;0;2;1;-21,56965234;-42,69302762;SPRF-MG;DEL07-MG;UOP01-DEL07-MG
729553;04/11/2025;terça-feira;10:40:00;MG;116;540,1;SANTA RITA DE MINAS;Demais falhas mecânicas ou elétricas;Tombamento;Com Vítimas Feridas;Pleno dia;Decrescente;Céu Claro;Simples;Reta;Não;3;0;1;0;2;0;1;1;-19,896033;-42,133643;SPRF-MG;DEL06-MG;UOP02-DEL06-MG
729555;04/11/2025;terça-feira;11:00:00;SC;116;247,7;LAGES;Acessar a via sem observar a presença dos outros veículos;Colisão transversal;Sem Vítimas;Pleno dia;Crescente;Céu Claro;Simples;"Reta;Interseção de Vias";Sim;2;0;0;0;2;0;0;2;-27,81799369;-50,37294745;SPRF-SC;DEL05-SC;UOP02-DEL05-SC
729556;04/11/2025;terça-feira;10:45:00;BA;116;831;VITORIA DA CONQUISTA;Ausência de reação do condutor;Tombamento;Com Vítimas Feridas;Pleno dia;Crescente;Céu Claro;Simples;Declive;Sim;1;0;1;0;0;0;1;1;-14,916754;-40,879679;SPRF-BA;DEL08-BA;UOP01-DEL08-BA
729558;04/11/2025;terça-feira;11:10:00;PR;163;82;PLANALTO;Desrespeitar a preferência no cruzamento;Colisão transversal;Com Vítimas Feridas;Pleno dia;Decrescente;Céu Claro;Simples;"Reta;Interseção de Vias";Sim;2;0;2;0;0;0;2;2;-25,711921;-53,775085;SPRF-PR;DEL02-PR;UOP02-DEL02-PR
729559;04/11/2025;terça-feira;10:45:00;SE;235;21,9;LARANJEIRAS;Entrada inopinada do pedestre;Atropelamento de Pedestre;Com Vítimas Feridas;Pleno dia;Decrescente;Céu Claro;Simples;"Declive;Reta";Não;4;0;0;1;3;0;1;3;-10,82334249;-37,23433435;SPRF-SE;DEL01-SE;UOP02-DEL01-SE
729560;04/11/2025;terça-feira;11:30:00;PR;369;206;APUCARANA;Problema na suspensão;Tombamento;Com Vítimas Feridas;Pleno dia;Crescente;Céu Claro;Simples;Curva;Não;1;0;0;1;0;0;1;1;-23,56579;-51,506103;SPRF-PR;DEL07-PR;UOP03-DEL07-PR
729561;04/11/2025;terça-feira;11:40:00;RS;285;468,9;CORONEL BARROS;Acessar a via sem observar a presença dos outros veículos;Colisão transversal;Com Vítimas Feridas;Pleno dia;Decrescente;Céu Claro;Simples;Reta;Não;3;0;1;0;2;0;1;2;-28,38460453;-53,99390817;SPRF-RS;DEL10-RS;UOP01-DEL10-RS