id;data_inversa;dia_semana;horario;uf;br;km;municipio;causa_acidente;tipo_acidente;classificacao_acidente;fase_dia;sentido_via;condicao_metereologica;tipo_pista;tracado_via;uso_solo;pessoas;mortos;feridos_leves;feridos_graves;ilesos;ignorados;feridos;veiculos;latitude;longitude;regional;delegacia;uop
729562;04/11/2025;terça-feira;11:30:00;CE;222;332,7;TIANGUA;Reação tardia ou ineficiente do condutor;Colisão traseira;Com Vítimas Feridas;Pleno dia;Crescente;Céu Claro;Simples;"Reta;Aclive";Não;2;0;1;0;0;1;1;2;-3,83877364;-41,12410337;SPRF-CE;DEL04-CE;UOP02-DEL04-CE
729563;04/11/2025;terça-feira;11:50:00;RJ;101;70;CAMPOS DOS GOYTACAZES;Acessar a via sem observar a presença dos outros veículos;Colisão lateral mesmo sentido;Com Vítimas Feridas;Pleno dia;Decrescente;Céu Claro;Simples;Reta;Sim;2;0;1;0;1;0;1;2;-21,76121;-41,332135;SPRF-RJ;DEL08-RJ;UOP02-DEL08-RJ
729564;04/11/2025;terça-feira;12:00:00;RN;304;296;MACAIBA;Acessar a via sem observar a presença dos outros veículos;Colisão frontal;Com Vítimas Feridas;Pleno dia;Crescente;Sol;Simples;Reta;Sim;2;0;1;0;1;0;1;2;-5,86509815;-35,35092473;SPRF-RN;DEL01-RN;UOP02-DEL01-RN
729565;04/11/2025;terça-feira;08:42:00;RO;364;355;JI-PARANA;Reação tardia ou ineficiente do condutor;Colisão traseira;Com Vítimas Feridas;Pleno dia;Decrescente;Céu Claro;Simples;"Reta;Em Obras";Não;4;0;1;0;3;0;1;2;-10,80578623;-62,02146765;SPRF-RO;DEL02-RO;UOP01-DEL02-RO
729566;04/11/2025;terça-feira;12:45:00;SC;101;157;PORTO BELO;Reação tardia ou ineficiente do condutor;Colisão com objeto;Com Vítimas Feridas;Pleno dia;Decrescente;Céu Claro;Dupla;Reta;Sim;1;0;1;0;0;0;1;1;-27,18338772;-48,61211713;SPRF-SC;DEL04-SC;UOP03-DEL04-SC
729567;04/11/2025;terça-feira;12:55:00;PB;230;17,7;JOAO PESSOA;Ausência de reação do condutor;Colisão traseira;Com Vítimas Feridas;Pleno dia;Decrescente;Céu Claro;Dupla;Reta;Sim;2;0;1;0;1;0;1;2;-7,11996;-34,845107;SPRF-PB;DEL01-PB;UOP01-DEL01-PB
729568;04/11/2025;terça-feira;07:50:00;PR;163;281;MARECHAL CANDIDO RONDON;Reação tardia ou ineficiente do condutor;Colisão com objeto;Com Vítimas Feridas;Pleno dia;Crescente;Céu Claro;Simples;"Declive;Reta";Sim;1;0;1;0;0;0;1;1;-24,56398588;-54,03522491;SPRF-PR;DEL06-PR;UOP02-DEL06-PR
729570;04/11/2025;terça-feira;12:15:00;RJ;101;385;RIO DE JANEIRO;Acessar a via sem observar a presença dos outros veículos;Colisão traseira;Com Vítimas Feridas;Pleno dia;Decrescente;Nublado;Dupla;Reta;Sim;2;0;0;1;1;0;1;2;-22,883557;-43,641497;SPRF-RJ;DEL03-RJ;UOP01-DEL03-RJ
729571;04/11/2025;terça-feira;11:10:00;RN;226;111,3;SANTA CRUZ;Ingestão de álcool pelo condutor;Colisão traseira;Sem Vítimas;Pleno dia;Crescente;Céu Claro;Simples;"Reta;Aclive";Não;2;0;0;0;2;0;0;2;-6,24078572;-36,00375295;SPRF-RN;DEL03-RN;UOP02-DEL03-RN
729573;01/11/2025;sábado;08:30:00;MG;381;717;CARMO DA CACHOEIRA;Avarias e/ou desgaste excessivo no pneu;Queda de ocupante de veículo;Com Vítimas Feridas;Pleno dia;Crescente;Céu Claro;Dupla;"Declive;Curva";Não;2;0;1;0;1;0;1;1;-21,40593771;-45,2115655;SPRF-MG;DEL04-MG;UOP02-DEL04-MG
729574;04/11/2025;terça-feira;13:40:00;MG;381;483;BETIM;Pista Escorregadia;Tombamento;Com Vítimas Feridas;Pleno dia;Decrescente;Céu Claro;Dupla;Aclive;Não;2;0;2;0;0;0;2;1;-19,95775701;-44,07887377;SPRF-MG;DEL01-MG;UOP03-DEL01-MG
729575;04/11/2025;terça-feira;12:35:00;SC;101;323,4;PESCARIA BRAVA;Ausência de reação do condutor;Colisão traseira;Com Vítimas Feridas;Pleno dia;Decrescente;Céu Claro;Dupla;"Declive;Reta;Em Obras";Não;2;0;0;1;1;0;1;2;-28,42672659;-48,92888753;SPRF-SC;DEL02-SC;UOP01-DEL02-SC
729576;26/10/2025;domingo;08:30:00;RJ;116;194;QUEIMADOS;Condutor deixou de manter distância do veículo da frente;Colisão traseira;Com Vítimas Feridas;Pleno dia;Decrescente;Céu Claro;Dupla;Reta;Não;3;0;1;0;2;0;1;2;-22,73575395;-43,55228774;SPRF-RJ;DEL06-RJ;UOP01-DEL06-RJ
729577;04/11/2025;terça-feira;13:21:00;PI;343;4,3;TERESINA;Manobra de mudança de faixa;Colisão lateral mesmo sentido;Com Vítimas Feridas;Pleno dia;Decrescente;Céu Claro;Dupla;Reta;Sim;2;0;1;0;1;0;1;2;-5,080437;-42,789804;SPRF-PI;DEL01-PI;UOP01-DEL01-PI
729579;04/11/2025;terça-feira;11:00:00;MT;163;844,1;SINOP;Ausência de reação do condutor;Colisão traseira;Com Vítimas Feridas;Pleno dia;Decrescente;Céu Claro;Simples;Reta;Sim;2;0;0;1;1;0;1;2;-11,782199;-55,474722;SPRF-MT;DEL06-MT;UOP02-DEL06-MT
729582;04/11/2025;terça-feira;10:30:00;MG;262;500,6;LUZ;Condutor Dormindo;Saída de leito carroçável;Com Vítimas Feridas;Pleno dia;Crescente;Sol;Simples;Curva;Não;2;0;0;1;1;0;1;1;-19,78045462;-45,54103911;SPRF-MG;DEL08-MG;UOP03-DEL08-MG
729583;04/11/2025;terça-feira;13:30:00;RN;101;168;BAIA FORMOSA;Transitar no Acostamento;Colisão lateral mesmo sentido;Com Vítimas Feridas;Pleno dia;Crescente;Céu Claro;Dupla;Reta;Não;2;0;1;0;1;0;1;2;-6,43589518;-35,11572098;SPRF-RN;DEL01-RN;UOP01-DEL01-RN
729584;04/11/2025;terça-feira;14:40:00;PR;376;600,5;CURITIBA;Demais falhas mecânicas ou elétricas;Queda de ocupante de veículo;Com Vítimas Feridas;Pleno dia;Crescente;Céu Claro;Múltipla;Reta;Não;1;0;1;0;0;0;1;1;-25,50903461;-49,33955519;SPRF-PR;DEL01-PR;UOP03-DEL01-PR
729585;04/11/2025;terça-feira;13:30:00;SC;163;70,1;SAO MIGUEL DO OESTE;Manobra de mudança de faixa;Colisão transversal;Com Vítimas Feridas;Pleno dia;Crescente;Céu Claro;Dupla;"Aclive;Interseção de Vias";Sim;2;0;1;0;1;0;1;2;-26,73481643;-53,50640628;SPRF-SC;DEL07-SC;UOP03-DEL07-SC
729586;04/11/2025;terça-feira;14:20:00;PR;153;41,9;SANTO ANTONIO DA PLATINA;Acessar a via sem observar a presença dos outros veículos;Colisão transversal;Com Vítimas Feridas;Pleno dia;Crescente;Céu Claro;Simples;Interseção de Vias;Sim;2;0;2;0;0;0;2;2;-23,29489941;-50,06525366;SPRF-PR;DEL07-PR;UOP04-DEL07-PR
729587;04/11/2025;terça-feira;11:50:00;MS;163;304,8;DOURADINA;Ultrapassagem Indevida;Saída de leito carroçável;Sem Vítimas;Pleno dia;Crescente;Sol;Simples;Reta;Não;3;0;0;0;3;0;0;2;-21,93974;-54,53386;SPRF-MS;DEL02-MS;UOP02-DEL02-MS
729588;04/11/2025;terça-feira;15:00:00;SC;282;3;FLORIANOPOLIS;Ausência de reação do condutor;Queda de ocupante de veículo;Com Vítimas Feridas;Pleno dia;Crescente;Céu Claro;Múltipla;Reta;Sim;2;0;1;0;1;0;1;2;-27,60190772;-48,57855445;SPRF-SC;DEL01-SC;UOP01-DEL01-SC
729589;04/11/2025;terça-feira;09:38:00;MT;163;826;SINOP;Reação tardia ou ineficiente do condutor;Saída de leito carroçável;Com Vítimas Feridas;Pleno dia;Crescente;Céu Claro;Simples;Reta;Sim;1;0;1;0;0;0;1;1;-11,93596713;-55,51464558;SPRF-MT;DEL06-MT;UOP02-DEL06-MT
729590;04/11/2025;terça-feira;14:55:00;SC;282;3;FLORIANOPOLIS;Ausência de reação do condutor;Colisão traseira;Com Vítimas Feridas;Pleno dia;Crescente;Céu Claro;Múltipla;Reta;Sim;2;0;1;0;0;1;1;2;-27,60256;-48,59456;SPRF-SC;DEL01-SC;UOP01-DEL01-SC
729591;12/10/2025;domingo;15:15:00;RN;101;85,7;NATAL;Demais falhas mecânicas ou elétricas;Engavetamento;Com Vítimas Feridas;Pleno dia;Crescente;Céu Claro;Dupla;"Ponte;Reta";Sim;4;0;1;1;1;1;2;3;-5,78293721;-35,24731016;SPRF-RN;DEL02-RN;UOP01-DEL02-RN
729593;04/11/2025;terça-feira;15:30:00;MG;381;445;SABARA;Ausência de reação do condutor;Tombamento;Com Vítimas Feridas;Pleno dia;Crescente;Céu Claro;Simples;"Declive;Reta";Não;1;0;1;0;0;0;1;1;-19,8343573;-43,8591682;SPRF-MG;DEL01-MG;UOP01-DEL01-MG
729594;04/11/2025;terça-feira;15:45:00;GO;153;444;ANAPOLIS;Acessar a via sem observar a presença dos outros veículos;Colisão traseira;Com Vítimas Feridas;Pleno dia;Crescente;Nublado;Dupla;Rotatória;Sim;3;0;1;0;2;0;1;2;-16,35323872;-48,92919838;SPRF-GO;DEL02-GO;UOP01-DEL02-GO
729595;25/09/2025;quinta-feira;09:25:00;RJ;101;310;SAO GONCALO;Avarias e/ou desgaste excessivo no pneu;Queda de ocupante de veículo;Com Vítimas Feridas;Pleno dia;Crescente;Céu Claro;Dupla;Reta;Sim;2;0;1;0;1;0;1;1;-22,79746796;-43,04572105;SPRF-RJ;DEL02-RJ;UOP02-DEL02-RJ
729596;04/11/2025;terça-feira;11:15:00;PR;153;1,5;IMBITUVA;Ausência de reação do condutor;Atropelamento de Pedestre;Com Vítimas Feridas;Pleno dia;Decrescente;Céu Claro;Simples;Reta;Não;2;0;0;1;0;1;1;2;-25,249479;-50,630635;SPRF-PR;DEL07-PR;UOP04-DEL07-PR
729597;04/11/2025;terça-feira;10:10:00;PE;101;56,8;RECIFE;Acesso irregular;Colisão transversal;Com Vítimas Feridas;Pleno dia;Crescente;Céu Claro;Dupla;Reta;Sim;3;0;0;2;1;0;2;2;-7,96229543;-34,91451621;SPRF-PE;DEL01-PE;UOP02-DEL01-PE
729600;04/11/2025;terça-feira;17:10:00;SC;101;128;ITAJAI;Ausência de reação do condutor;Colisão lateral mesmo sentido;Com Vítimas Feridas;Pleno dia;Decrescente;Nublado;Dupla;Reta;Não;2;0;1;0;1;0;1;2;-26,96987702;-48,68333213;SPRF-SC;DEL04-SC;UOP04-DEL04-SC
729601;04/11/2025;terça-feira;17:05:00;ES;101;146,7;LINHARES;Manobra de mudança de faixa;Colisão lateral mesmo sentido;Com Vítimas Feridas;Pleno dia;Crescente;Céu Claro;Múltipla;"Reta;Retorno Regulamentado";Sim;2;0;1;0;0;1;1;2;-19,37645806;-40,06654859;SPRF-ES;DEL04-ES;UOP01-DEL04-ES
729603;25/10/2025;sábado;19:15:00;SE;101;175,5;SANTA LUZIA DO ITANHY;Manobra de mudança de faixa;Colisão frontal;Com Vítimas Fatais;Plena Noite;Decrescente;Céu Claro;Simples;Curva;Não;2;1;1;0;0;0;1;2;-11,344853;-37,615577;SPRF-SE;DEL02-SE;UOP03-DEL02-SE
729606;04/11/2025;terça-feira;15:00:00;ES;101;66,9;SAO MATEUS;Manobra de mudança de faixa;Colisão lateral mesmo sentido;Com Vítimas Feridas;Pleno dia;Decrescente;Céu Claro;Múltipla;Reta;Sim;3;0;2;0;1;0;2;2;-18,720011;-39,866424;SPRF-ES;DEL04-ES;UOP02-DEL04-ES
729608;04/11/2025;terça-feira;17:29:00;PR;116;105;SAO JOSE DOS PINHAIS;Ausência de reação do condutor;Queda de ocupante de veículo;Com Vítimas Feridas;Pleno dia;Crescente;Nublado;Dupla;Reta;Não;1;0;1;0;0;0;1;1;-25,571;-49,209;SPRF-PR;DEL01-PR;UOP07-DEL01-PR
729610;04/11/2025;terça-feira;17:40:00;PR;277;107;CURITIBA;Ausência de reação do condutor;Saída de leito carroçável;Com Vítimas Feridas;Anoitecer;Decrescente;Céu Claro;Dupla;Interseção de Vias;Não;1;0;1;0;0;0;1;1;-25,43233077;-49,36689226;SPRF-PR;DEL01-PR;UOP06-DEL01-PR
729611;04/11/2025;terça-feira;18:00:00;MG;262;116,1;RIO CASCA;Transitar na contramão;Colisão frontal;Com Vítimas Feridas;Anoitecer;Crescente;Nublado;Simples;Interseção de Vias;Sim;2;0;0;1;1;0;1;2;-20,23423429;-42,62074113;SPRF-MG;DEL03-MG;UOP03-DEL03-MG
729612;04/11/2025;terça-feira;18:21:00;PA;316;22;BENEVIDES;Acessar a via sem observar a presença dos outros veículos;Atropelamento de Pedestre;Com Vítimas Feridas;Plena Noite;Decrescente;Céu Claro;Dupla;Reta;Sim;2;0;0;1;1;0;1;2;-1,349843;-48,254576;SPRF-PA;DEL01-PA;UOP01-DEL01-PA
729614;04/11/2025;terça-feira;19:05:00;PR;277;83;CURITIBA;Trafegar com motocicleta (ou similar) entre as faixas;Colisão lateral mesmo sentido;Com Vítimas Feridas;Plena Noite;Decrescente;Nublado;Dupla;Reta;Sim;2;0;1;0;1;0;1;2;-25,45099061;-49,22783582;SPRF-PR;DEL01-PR;UOP03-DEL01-PR
729616;04/11/2025;terça-feira;18:10:00;PB;230;165,9;CAMPINA GRANDE;Ingestão de álcool pelo condutor;Atropelamento de Pedestre;Com Vítimas Feridas;Plena Noite;Crescente;Céu Claro;Simples;"Reta;Aclive";Sim;3;0;1;1;1;0;2;2;-7,20228393;-35,95168269;SPRF-PB;DEL02-PB;UOP02-DEL02-PB
729618;04/11/2025;terça-feira;12:18:00;AC;364;123;RIO BRANCO;Animais na Pista;Atropelamento de Animal;Com Vítimas Feridas;Pleno dia;Crescente;Céu Claro;Dupla;Reta;Sim;1;0;1;0;0;0;1;1;-10,01162402;-67,78397189;SPRF-AC;DEL01-AC;UOP01-DEL01-AC
729620;04/11/2025;terça-feira;19:00:00;RS;392;639,7;GUARANI DAS MISSOES;Avarias e/ou desgaste excessivo no pneu;Saída de leito carroçável;Com Vítimas Feridas;Anoitecer;Decrescente;Nublado;Simples;Reta;Não;2;0;2;0;0;0;2;1;-28,148046;-54,528275;SPRF-RS;DEL10-RS;UOP01-DEL10-RS
729622;04/11/2025;terça-feira;18:50:00;PR;376;158,2;MANDAGUACU;Transitar na contramão;Colisão frontal;Com Vítimas Fatais;Plena Noite;Crescente;Céu Claro;Dupla;Reta;Sim;3;1;0;0;1;1;0;3;-23,35354;-52,09154;SPRF-PR;DEL09-PR;UOP02-DEL09-PR
729623;04/11/2025;terça-feira;19:30:00;ES;101;189,9;ARACRUZ;Acessar a via sem observar a presença dos outros veículos;Colisão transversal;Com Vítimas Feridas;Plena Noite;Crescente;Nublado;Simples;"Interseção de Vias;Reta";Sim;2;0;1;0;1;0;1;2;-19,68155182;-40,27130532;SPRF-ES;DEL04-ES;UOP01-DEL04-ES
729624;04/11/2025;terça-feira;18:35:00;PI;343;3;TERESINA;Condutor deixou de manter distância do veículo da frente;Colisão traseira;Com Vítimas Feridas;Plena Noite;Crescente;Céu Claro;Múltipla;Reta;Sim;3;0;2;0;1;0;2;2;-5,080855;-42,7822097;SPRF-PI;DEL01-PI;UOP01-DEL01-PI
729625;04/11/2025;terça-feira;19:50:00;MG;381;484;BETIM;Ausência de reação do condutor;Colisão traseira;Com Vítimas Feridas;Plena Noite;Crescente;Céu Claro;Dupla;Reta;Não;3;0;2;0;1;0;2;2;-19,95721434;-44,09568787;SPRF-MG;DEL01-MG;UOP03-DEL01-MG
729626;04/11/2025;terça-feira;18:00:00;AL;316;155;PALMEIRA DOS INDIOS;Faróis desregulados;Colisão transversal;Com Vítimas Feridas;Plena Noite;Crescente;Céu Claro;Simples;Reta;Sim;2;0;2;0;0;0;2;1;-9,43167788;-36,64430587;SPRF-AL;DEL03-AL;UOP01-DEL03-AL
729627;04/11/2025;terça-feira;10:55:00;RJ;393;281;VOLTA REDONDA;Acessar a via sem observar a presença dos outros veículos;Colisão transversal;Com Vítimas Feridas;Pleno dia;Crescente;Céu Claro;Simples;Reta;Sim;2;0;1;0;1;0;1;2;-22,47333;-44,059578;SPRF-RJ;DEL05-RJ;UOP04-DEL05-RJ
729628;04/11/2025;terça-feira;19:30:00;PR;369;18;CAMBARA;Pedestre cruzava a pista fora da faixa;Atropelamento de Pedestre;Com Vítimas Feridas;Plena Noite;Decrescente;Céu Claro;Simples;Reta;Sim;4;0;1;0;3;0;1;2;-23,03528231;-50,06486249;SPRF-PR;DEL07-PR;UOP05-DEL07-PR
729632;04/11/2025;terça-feira;17:35:00;SC;101;371,6;ICARA;Mal súbito do condutor;Colisão com objeto;Com Vítimas Fatais;Pleno dia;Decrescente;Céu Claro;Múltipla;Reta;Não;1;1;0;0;0;0;0;1;-28,7141202;-49,2194966;SPRF-SC;DEL02-SC;UOP01-DEL02-SC
729636;04/11/2025;terça-feira;07:30:00;RJ;493;0,5;ITABORAI;Retorno proibido;Colisão lateral mesmo sentido;Com Vítimas Feridas;Pleno dia;Crescente;Céu Claro;Simples;Reta;Não;2;0;1;0;1;0;1;2;-22,764631;-42,925627;SPRF-RJ;DEL02-RJ;UOP02-DEL02-RJ
729638;04/11/2025;terça-feira;17:20:00;SC;470;147,6;AGRONOMICA;Condutor deixou de manter distância do veículo da frente;Colisão traseira;Com Vítimas Feridas;Pleno dia;Decrescente;Céu Claro;Simples;Interseção de Vias;Não;2;0;1;0;1;0;1;2;-27,25729489;-49,71231434;SPRF-SC;DEL04-SC;UOP02-DEL04-SC
729641;04/11/2025;terça-feira;17:30:00;PR;153;4;IMBITUVA;Ultrapassagem Indevida;Colisão lateral mesmo sentido;Com Vítimas Feridas;Pleno dia;Crescente;Céu Claro;Simples;Reta;Sim;2;0;2;0;0;0;2;2;-25,22039427;-50,59309177;SPRF-PR;DEL03-PR;UOP01-DEL03-PR
729642;04/11/2025;terça-feira;19:50:00;BA;101;368;GANDU;Velocidade Incompatível;Atropelamento de Pedestre;Com Vítimas Fatais;Plena Noite;Decrescente;Céu Claro;Simples;"Declive;Reta";Sim;2;1;0;0;1;0;0;2;-13,76454206;-39,49087143;SPRF-BA;DEL05-BA;UOP03-DEL05-BA
729645;21/09/2025;domingo;10:30:00;RJ;116;82,8;TERESOPOLIS;Reação tardia ou ineficiente do condutor;Atropelamento de Pedestre;Com Vítimas Feridas;Pleno dia;Crescente;Nublado;Simples;Reta;Não;2;0;2;0;0;0;2;2;-22,41562072;-42,95044899;SPRF-RJ;DEL04-RJ;UOP01-DEL04-RJ
729646;04/11/2025;terça-feira;18:15:00;PR;163;135;CAPITAO LEONIDAS MARQUES;Velocidade Incompatível;Capotamento;Sem Vítimas;Anoitecer;Decrescente;Céu Claro;Dupla;Curva;Não;2;0;0;0;2;0;0;1;-25,513178;-53,591207;SPRF-PR;DEL05-PR;UOP05-DEL05-PR
729647;04/11/2025;terça-feira;20:40:00;SC;280;130;RIO NEGRINHO;Conversão proibida;Colisão transversal;Com Vítimas Feridas;Plena Noite;Crescente;Céu Claro;Simples;Reta;Sim;3;0;2;0;1;0;2;2;-26,2540388;-49,53476531;SPRF-SC;DEL06-SC;UOP03-DEL06-SC
729648;04/11/2025;terça-feira;18:55:00;MG;116;422,3;ALPERCATA;Animais na Pista;Atropelamento de Animal;Com Vítimas Feridas;Plena Noite;Crescente;Nublado;Simples;Reta;Sim;1;0;1;0;0;0;1;1;-18,94828007;-41,9523038;SPRF-MG;DEL06-MG;UOP01-DEL06-MG
729649;04/11/2025;terça-feira;21:00:00;PE;232;74;GRAVATA;Demais falhas mecânicas ou elétricas;Incêndio;Sem Vítimas;Plena Noite;Crescente;Nublado;Dupla;Curva;Não;1;0;0;0;1;0;0;1;-8,19786;-35,52265;SPRF-PE;DEL02-PE;UOP02-DEL02PE
729651;03/11/2025;segunda-feira;00:27:00;BA;101;796;ITAMARAJU;Velocidade Incompatível;Saída de leito carroçável;Com Vítimas Feridas;Plena Noite;Crescente;Nublado;Simples;Curva;Não;3;0;2;1;0;0;3;1;-16,90508485;-39,52468872;SPRF-BA;DEL09-BA;UOP01-DEL09-BA
729654;04/11/2025;terça-feira;21:50:00;SC;101;213;PALHOCA;Condutor deixou de manter distância do veículo da frente;Colisão traseira;Com Vítimas Feridas;Plena Noite;Decrescente;Céu Claro;Múltipla;"Aclive;Reta";Sim;4;0;0;1;3;0;1;4;-27,63891761;-48,66637437;SPRF-SC;DEL01-SC;UOP02-DEL01-SC
729657;04/11/2025;terça-feira;22:00:00;SP;116;101,1;PINDAMONHANGABA;Ingestão de álcool pelo condutor;Colisão com objeto;Com Vítimas Feridas;Plena Noite;Crescente;Céu Claro;Dupla;Reta;Não;1;0;1;0;0;0;1;1;-22,991544;-45,482872;SPRF-SP;DEL08-SP;UOP01-DEL08-SP
729659;04/11/2025;terça-feira;21:12:00;MS;163;191;CAARAPO;Ausência de reação do condutor;Saída de leito carroçável;Com Vítimas Feridas;Plena Noite;Crescente;Garoa/Chuvisco;Simples;"Aclive;Reta";Não;3;0;2;0;1;0;2;1;-22,7725351;-54,7701633;SPRF-MS;DEL04-MS;UOP02-DEL04-MS
729660;04/11/2025;terça-feira;20:00:00;MG;40;4,5;PARACATU;Ausência de reação do condutor;Saída de leito carroçável;Com Vítimas Feridas;Plena Noite;Crescente;Céu Claro;Simples;"Reta;Aclive";Não;2;0;2;0;0;0;2;1;-17,057316;-47,128983;SPRF-MG;DEL14-MG;UOP01-DEL14-MG
729661;04/11/2025;terça-feira;19:25:00;SC;101;277,5;IMBITUBA;Reação tardia ou ineficiente do condutor;Colisão transversal;Com Vítimas Feridas;Plena Noite;Decrescente;Céu Claro;Simples;Reta;Sim;2;0;1;0;1;0;1;2;-28,168949;-48,693964;SPRF-SC;DEL02-SC;UOP03-DEL02-SC
729662;04/11/2025;terça-feira;20:45:00;PR;369;159;CAMBE;Acessar a via sem observar a presença dos outros veículos;Colisão transversal;Com Vítimas Feridas;Plena Noite;Decrescente;Céu Claro;Dupla;Reta;Sim;2;0;0;1;1;0;1;2;-23,28456438;-51,24282924;SPRF-PR;DEL07-PR;UOP01-DEL07-PR
729663;04/11/2025;terça-feira;19:30:00;MT;364;260;JUSCIMEIRA;Demais falhas na via;Tombamento;Com Vítimas Feridas;Plena Noite;Crescente;Céu Claro;Dupla;Reta;Não;1;0;0;1;0;0;1;1;-16,05492804;-54,88366127;SPRF-MT;DEL02-MT;UOP01-DEL02-MT
729664;04/11/2025;terça-feira;22:50:00;RJ;40;105;DUQUE DE CAXIAS;Transitar na contramão;Colisão frontal;Com Vítimas Feridas;Plena Noite;Decrescente;Garoa/Chuvisco;Múltipla;Reta;Sim;2;0;1;1;0;0;2;2;-22,6439627;-43,2834905;SPRF-RJ;DEL01-RJ;UOP02-DEL01-RJ
729665;04/11/2025;terça-feira;22:30:00;MT;364;272;JACIARA;Acessar a via sem observar a presença dos outros veículos;Colisão transversal;Com Vítimas Fatais;Plena Noite;Decrescente;Céu Claro;Simples;"Reta;Declive";Sim;44;1;1;0;42;0;1;2;-15,952;-54,987;SPRF-MT;DEL05-MT;UOP02-DEL05-MT
729668;24/10/2025;sexta-feira;11:30:00;MG;40;695,3;ALFREDO VASCONCELOS;Condutor Dormindo;Colisão frontal;Com Vítimas Feridas;Pleno dia;Crescente;Nublado;Simples;Curva;Sim;3;0;2;0;1;0;2;2;-21,16591468;-43,75735079;SPRF-MG;DEL05-MG;UOP02-DEL05-MG
729669;05/11/2025;quarta-feira;00:30:00;RS;116;245;SAO LEOPOLDO;Ingestão de álcool pelo condutor;Colisão com objeto;Sem Vítimas;Plena Noite;Crescente;Céu Claro;Simples;Reta;Sim;1;0;0;0;1;0;0;1;-29,75134347;-51,1517182;SPRF-RS;DEL01-RS;UOP02-DEL01-RS
729670;04/11/2025;terça-feira;23:50:00;PR;277;666;MEDIANEIRA;Ausência de reação do condutor;Colisão traseira;Com Vítimas Feridas;Plena Noite;Crescente;Céu Claro;Dupla;"Reta;Aclive";Não;3;0;0;1;2;0;1;2;-25,256567;-54,03848;SPRF-PR;DEL05-PR;UOP02-DEL05-PR
729681;04/11/2025;terça-feira;22:40:00;AM;230;595;HUMAITA;Pista Escorregadia;Saída de leito carroçável;Sem Vítimas;Plena Noite;Crescente;Chuva;Simples;Reta;Não;3;0;0;0;3;0;0;1;-7,48843097;-62,98633575;SPRF-AM;DEL02-AM;UOP01-DEL02-AM
729682;04/11/2025;terça-feira;22:30:00;AM;319;80;CAREIRO;Acumulo de areia ou detritos sobre o pavimento;Saída de leito carroçável;Com Vítimas Feridas;Plena Noite;Crescente;Céu Claro;Simples;Reta;Não;1;0;1;0;0;0;1;1;-3,588;-60,206;SPRF-AM;DEL01-AM;UOP04-DEL01-AM
729685;05/11/2025;quarta-feira;06:00:00;ES;101;270,5;SERRA;Ausência de reação do condutor;Colisão com objeto;Com Vítimas Fatais;Amanhecer;Crescente;Céu Claro;Dupla;Curva;Sim;2;1;0;1;0;0;1;1;-20,23243894;-40,27519226;SPRF-ES;DEL02-ES;UOP01-DEL02-ES
729686;24/10/2025;sexta-feira;15:00:00;RJ;101;295;ITABORAI;Trafegar com motocicleta (ou similar) entre as faixas;Colisão traseira;Com Vítimas Feridas;Pleno dia;Decrescente;Céu Claro;Dupla;Reta;Não;3;0;1;0;2;0;1;3;-22,76702098;-42,90847778;SPRF-RJ;DEL02-RJ;UOP02-DEL02-RJ
729687;05/11/2025;quarta-feira;06:30:00;RJ;101;493;ANGRA DOS REIS;Objeto estático sobre o leito carroçável;Colisão com objeto;Com Vítimas Feridas;Pleno dia;Crescente;Nevoeiro/Neblina;Simples;Reta;Não;1;0;0;1;0;0;1;1;-22,941143;-44,321452;SPRF-RJ;DEL03-RJ;UOP03-DEL03-RJ
729689;05/11/2025;quarta-feira;06:30:00;CE;116;15,1;FORTALEZA;Condutor deixou de manter distância do veículo da frente;Colisão traseira;Com Vítimas Feridas;Pleno dia;Decrescente;Céu Claro;Dupla;Reta;Sim;2;0;1;0;1;0;1;2;-3,8824211;-38,5012177;SPRF-CE;DEL01-CE;UOP02-DEL01-CE
729690;05/11/2025;quarta-feira;06:40:00;PR;376;170;MARINGA;Frear bruscamente;Queda de ocupante de veículo;Com Vítimas Feridas;Amanhecer;Crescente;Chuva;Dupla;Reta;Não;1;0;1;0;0;0;1;1;-23,41077302;-51,98640686;SPRF-PR;DEL09-PR;UOP01-DEL09-PR
729691;05/11/2025;quarta-feira;06:30:00;MG;40;515,7;RIBEIRAO DAS NEVES;Ausência de reação do condutor;Tombamento;Com Vítimas Feridas;Pleno dia;Crescente;Céu Claro;Dupla;"Reta;Declive";Sim;1;0;1;0;0;0;1;1;-19,81489848;-44,09108798;SPRF-MG;DEL01-MG;UOP02-DEL01-MG
729692;05/11/2025;quarta-feira;06:26:00;RN;101;77,2;NATAL;Transitar na contramão;Colisão frontal;Com Vítimas Feridas;Pleno dia;Decrescente;Céu Claro;Múltipla;Interseção de Vias;Sim;3;0;2;1;0;0;3;2;-5,733254;-35,2905456;SPRF-RN;DEL02-RN;UOP01-DEL02-RN
729694;05/11/2025;quarta-feira;07:00:00;DF;251;57;BRASILIA;Avarias e/ou desgaste excessivo no pneu;Eventos atípicos;Com Vítimas Feridas;Amanhecer;Decrescente;Céu Claro;Simples;Reta;Não;2;0;2;0;0;0;2;1;-15,977063;-47,962175;SPRF-DF;DEL01-DF;UOP01-DEL01-DF