id;data_inversa;dia_semana;horario;uf;br;km;municipio;causa_acidente;tipo_acidente;classificacao_acidente;fase_dia;sentido_via;condicao_metereologica;tipo_pista;tracado_via;uso_solo;pessoas;mortos;feridos_leves;feridos_graves;ilesos;ignorados;feridos;veiculos;latitude;longitude;regional;delegacia;uop
729830;05/11/2025;quarta-feira;18:51:00;MG;381;508;SAO JOAQUIM DE BICAS;Pedestre andava na pista;Atropelamento de Pedestre;Com Vítimas Fatais;Plena Noite;Decrescente;Céu Claro;Dupla;Reta;Sim;2;1;0;0;1;0;0;2;-20,04077289;-44,26039696;SPRF-MG;DEL01-MG;UOP03-DEL01-MG
729832;05/11/2025;quarta-feira;18:13:00;BA;324;538;CONCEICAO DO JACUIPE;Condutor Dormindo;Tombamento;Com Vítimas Feridas;Plena Noite;Crescente;Céu Claro;Dupla;Reta;Não;1;0;1;0;0;0;1;1;-12,3608822;-38,8362714;SPRF-BA;DEL01-BA;UOP03-DEL01-BA
729833;05/11/2025;quarta-feira;18:35:00;PR;153;491;GENERAL CARNEIRO;Acesso irregular;Colisão transversal;Com Vítimas Feridas;Pleno dia;Crescente;Céu Claro;Simples;"Reta;Interseção de Vias";Sim;3;0;0;1;0;2;1;3;-26,43034058;-51,31395087;SPRF-PR;DEL02-PR;UOP03-DEL02-PR
729834;05/11/2025;quarta-feira;19:12:00;PA;316;20;BENEVIDES;Acostamento em desnível;Tombamento;Com Vítimas Feridas;Plena Noite;Decrescente;Garoa/Chuvisco;Dupla;Reta;Não;1;0;1;0;0;0;1;1;-1,3537;-48,25725;SPRF-PA;DEL01-PA;UOP01-DEL01-PA
729835;05/11/2025;quarta-feira;18:40:00;PR;376;3;APUCARANA;Condutor deixou de manter distância do veículo da frente;Colisão traseira;Com Vítimas Feridas;Plena Noite;Decrescente;Céu Claro;Múltipla;"Interseção de Vias;Declive;Reta";Sim;4;0;1;0;3;0;1;2;-23,559439;-51,436477;SPRF-PR;DEL07-PR;UOP03-DEL07-PR
729836;05/11/2025;quarta-feira;13:00:00;RJ;101;324;RIO BONITO;Demais falhas mecânicas ou elétricas;Incêndio;Sem Vítimas;Amanhecer;Decrescente;Nublado;Dupla;Reta;Sim;1;0;0;0;1;0;0;1;-22,7149794;-42,6790274;SPRF-RJ;DEL02-RJ;UOP01-DEL02-RJ
729837;05/11/2025;quarta-feira;18:25:00;RJ;116;147;DUQUE DE CAXIAS;Reação tardia ou ineficiente do condutor;Colisão lateral mesmo sentido;Com Vítimas Feridas;Plena Noite;Decrescente;Nublado;Dupla;Reta;Não;2;0;1;0;1;0;1;2;-22,66579884;-43,26102734;SPRF-RJ;DEL01-RJ;UOP02-DEL01-RJ
729838;05/11/2025;quarta-feira;19:05:00;MS;163;20,6;MUNDO NOVO;Reação tardia ou ineficiente do condutor;Tombamento;Com Vítimas Feridas;Plena Noite;Decrescente;Céu Claro;Simples;"Aclive;Reta";Sim;1;0;1;0;0;0;1;1;-23,92243791;-54,28598849;SPRF-MS;DEL09-MS;UOP02-DEL09-MS
729839;05/11/2025;quarta-feira;19:00:00;MG;116;408;GOVERNADOR VALADARES;Retorno proibido;Colisão transversal;Com Vítimas Feridas;Plena Noite;Decrescente;Céu Claro;Simples;Curva;Não;2;0;0;1;1;0;1;2;-18,83380432;-41,98951576;SPRF-MG;DEL06-MG;UOP01-DEL06-MG
729840;05/11/2025;quarta-feira;17:30:00;RS;0;0;PASSO FUNDO;Condutor deixou de manter distância do veículo da frente;Colisão traseira;Sem Vítimas;Pleno dia;Não Informado;Nublado;Simples;Reta;Sim;3;0;0;0;3;0;0;3;-28,26446767;-52,41438596;SPRF-RS;DEL08-RS;UOP03-DEL08-RS
729843;01/11/2025;sábado;09:40:00;RJ;101;306;SAO GONCALO;Avarias e/ou desgaste excessivo no pneu;Queda de ocupante de veículo;Com Vítimas Feridas;Pleno dia;Decrescente;Céu Claro;Dupla;Reta;Sim;2;0;1;0;1;0;1;1;-22,79088554;-43,0049032;SPRF-RJ;DEL02-RJ;UOP02-DEL02-RJ
729844;30/10/2025;quinta-feira;06:50:00;BA;324;515;FEIRA DE SANTANA;Conversão proibida;Colisão transversal;Com Vítimas Feridas;Pleno dia;Crescente;Céu Claro;Simples;Reta;Sim;2;0;1;0;1;0;1;2;-12,24073709;-38,93828631;SPRF-BA;DEL02-BA;UOP01-DEL02-BA
729846;05/11/2025;quarta-feira;20:10:00;PR;116;210,9;RIO NEGRO;Acessar a via sem observar a presença dos outros veículos;Colisão transversal;Com Vítimas Feridas;Plena Noite;Decrescente;Céu Claro;Simples;"Interseção de Vias;Reta";Sim;3;0;1;0;1;1;1;3;-26,09998;-49,780948;SPRF-SC;DEL06-SC;UOP01-DEL06-SC
729847;05/11/2025;quarta-feira;18:30:00;RJ;40;118;DUQUE DE CAXIAS;Manobra de mudança de faixa;Colisão lateral mesmo sentido;Com Vítimas Feridas;Plena Noite;Decrescente;Nublado;Múltipla;Reta;Sim;3;0;0;1;2;0;1;2;-22,75386828;-43,28724715;SPRF-RJ;DEL01-RJ;UOP02-DEL01-RJ
729848;05/11/2025;quarta-feira;19:15:00;SP;116;154;SAO JOSE DOS CAMPOS;Reação tardia ou ineficiente do condutor;Tombamento;Com Vítimas Feridas;Plena Noite;Decrescente;Céu Claro;Dupla;Reta;Sim;1;0;1;0;0;0;1;1;-23,23898011;-45,92049122;SPRF-SP;DEL02-SP;UOP01-DEL02-SP
729849;05/11/2025;quarta-feira;18:00:00;BA;324;608;SIMOES FILHO;Trafegar com motocicleta (ou similar) entre as faixas;Colisão traseira;Com Vítimas Feridas;Plena Noite;Crescente;Céu Claro;Múltipla;Reta;Sim;2;0;1;0;1;0;1;2;-12,83003022;-38,41078877;SPRF-BA;DEL01-BA;UOP01-DEL01-BA
729850;05/11/2025;quarta-feira;17:10:00;MG;262;404;IGARATINGA;Ausência de reação do condutor;Saída de leito carroçável;Com Vítimas Feridas;Pleno dia;Decrescente;Céu Claro;Dupla;Curva;Não;1;0;1;0;0;0;1;1;-19,90768;-44,67159;SPRF-MG;DEL01-MG;UOP03-DEL01-MG
729851;05/11/2025;quarta-feira;19:30:00;PR;277;679;MEDIANEIRA;Pedestre andava na pista;Atropelamento de Pedestre;Com Vítimas Feridas;Plena Noite;Decrescente;Céu Claro;Dupla;Reta;Não;3;0;1;1;1;0;2;2;-25,32091771;-54,16182518;SPRF-PR;DEL05-PR;UOP01-DEL05-PR
729852;05/11/2025;quarta-feira;19:40:00;SC;280;168,6;MAFRA;Ingestão de álcool pelo condutor;Saída de leito carroçável;Com Vítimas Feridas;Plena Noite;Decrescente;Céu Claro;Simples;"Declive;Reta";Sim;1;0;1;0;0;0;1;1;-26,155398;-49,812755;SPRF-SC;DEL06-SC;UOP01-DEL06-SC
729853;05/11/2025;quarta-feira;18:50:00;MA;10;241;DAVINOPOLIS;Entrada inopinada do pedestre;Atropelamento de Pedestre;Com Vítimas Fatais;Plena Noite;Crescente;Céu Claro;Simples;Reta;Não;3;1;0;0;2;0;0;2;-5,6153345;-47,41598368;SPRF-MA;DEL04-MA;UOP01-DEL04-MA
729855;05/11/2025;quarta-feira;20:15:00;SP;101;50;UBATUBA;Conversão proibida;Colisão frontal;Com Vítimas Feridas;Plena Noite;Crescente;Céu Claro;Simples;Interseção de Vias;Sim;3;0;1;0;2;0;1;3;-23,45167641;-45,07593367;SPRF-SP;DEL06-SP;UOP01-DEL06-SP
729859;05/11/2025;quarta-feira;21:30:00;RN;101;102;PARNAMIRIM;Mal súbito do condutor;Colisão com objeto;Com Vítimas Fatais;Plena Noite;Crescente;Céu Claro;Dupla;Reta;Sim;2;1;1;0;0;0;1;1;-5,888749;-35,242107;SPRF-RN;DEL01-RN;UOP01-DEL01-RN
729862;05/11/2025;quarta-feira;19:40:00;ES;262;89;DOMINGOS MARTINS;Reação tardia ou ineficiente do condutor;Colisão traseira;Com Vítimas Feridas;Plena Noite;Decrescente;Nublado;Simples;Reta;Sim;2;0;1;0;0;1;1;2;-20,38878578;-41,01554836;SPRF-ES;DEL01-ES;UOP02-DEL01-ES
729863;05/11/2025;quarta-feira;22:00:00;DF;70;7;BRASILIA;Condutor deixou de manter distância do veículo da frente;Colisão traseira;Com Vítimas Feridas;Plena Noite;Decrescente;Céu Claro;Dupla;Reta;Sim;2;0;2;0;0;0;2;2;-15,78698639;-48,11753623;SPRF-DF;DEL03-DF;UOP02-DEL03-DF
729864;05/11/2025;quarta-feira;21:45:00;MT;364;635;DIAMANTINO;Reação tardia ou ineficiente do condutor;Colisão traseira;Sem Vítimas;Plena Noite;Decrescente;Céu Claro;Simples;Reta;Não;2;0;0;0;2;0;0;2;-14,3189096;-56,4496276;SPRF-MT;DEL01-MT;UOP01-DEL01-MT
729865;05/11/2025;quarta-feira;16:30:00;RJ;40;124;DUQUE DE CAXIAS;Manobra de mudança de faixa;Colisão lateral mesmo sentido;Com Vítimas Feridas;Pleno dia;Crescente;Céu Claro;Múltipla;Reta;Sim;2;0;1;0;1;0;1;2;-22,80567102;-43,28981058;SPRF-RJ;DEL01-RJ;UOP02-DEL01-RJ
729867;05/11/2025;quarta-feira;22:00:00;PR;277;683;SAO MIGUEL DO IGUACU;Ingestão de álcool pelo condutor;Saída de leito carroçável;Sem Vítimas;Plena Noite;Decrescente;Céu Claro;Dupla;"Curva;Aclive";Não;1;0;0;0;1;0;0;1;-25,3378;-54,198;SPRF-PR;DEL05-PR;UOP01-DEL05-PR
729872;05/11/2025;quarta-feira;22:10:00;RJ;116;142;DUQUE DE CAXIAS;Reação tardia ou ineficiente do condutor;Colisão traseira;Com Vítimas Feridas;Plena Noite;Crescente;Chuva;Dupla;Reta;Sim;4;0;3;0;1;0;3;2;-22,648856;-43,231095;SPRF-RJ;DEL01-RJ;UOP02-DEL01-RJ
729873;05/11/2025;quarta-feira;23:45:00;PE;232;8;RECIFE;Acessar a via sem observar a presença dos outros veículos;Colisão transversal;Com Vítimas Feridas;Plena Noite;Crescente;Céu Claro;Múltipla;Reta;Sim;2;0;1;0;0;1;1;2;-8,07587;-34,96949;SPRF-PE;DEL01-PE;UOP01-DEL01-PE
729874;05/11/2025;quarta-feira;22:40:00;BA;116;14,3;VITORIA DA CONQUISTA;Ingestão de álcool pelo condutor;Saída de leito carroçável;Sem Vítimas;Plena Noite;Crescente;Céu Claro;Simples;"Declive;Reta";Sim;1;0;0;0;1;0;0;1;-14,894806;-40,863128;SPRF-BA;DEL08-BA;UOP01-DEL08-BA
729876;06/11/2025;quinta-feira;01:00:00;SC;101;130;CAMBORIU;Ingestão de álcool pelo condutor;Saída de leito carroçável;Sem Vítimas;Plena Noite;Crescente;Céu Claro;Dupla;Reta;Sim;1;0;0;0;1;0;0;1;-26,98762;-48,66548;SPRF-SC;DEL04-SC;UOP03-DEL04-SC
729877;06/11/2025;quinta-feira;00:14:00;PE;232;36;MORENO;Demais falhas mecânicas ou elétricas;Incêndio;Sem Vítimas;Plena Noite;Crescente;Céu Claro;Dupla;Reta;Não;1;0;0;0;0;1;0;1;-8,14203705;-35,10642529;SPRF-PE;DEL02-PE;UOP02-DEL02PE
729880;06/11/2025;quinta-feira;01:00:00;GO;60;370;RIO VERDE;Condutor Dormindo;Capotamento;Com Vítimas Feridas;Plena Noite;Decrescente;Nublado;Dupla;"Reta;Declive";Não;3;0;3;0;0;0;3;1;-17,70711;-50,849087;SPRF-GO;DEL04-GO;UOP02-DEL04-GO
729881;06/11/2025;quinta-feira;01:00:00;PR;369;150;LONDRINA;Condutor desrespeitou a iluminação vermelha do semáforo;Colisão transversal;Com Vítimas Feridas;Plena Noite;Decrescente;Nublado;Dupla;Interseção de Vias;Não;2;0;1;0;1;0;1;2;-23,2931685;-51,161523;SPRF-PR;DEL07-PR;UOP01-DEL07-PR
729883;06/11/2025;quinta-feira;00:00:00;RS;480;68,6;ERECHIM;Transitar no Acostamento;Colisão com objeto;Com Vítimas Feridas;Pleno dia;Decrescente;Céu Claro;Simples;Reta;Não;2;0;2;0;0;0;2;1;-27,63364245;-52,34023545;SPRF-RS;DEL08-RS;UOP04-DEL08-RS
729884;06/11/2025;quinta-feira;02:15:00;SP;153;2;ICEM;Ausência de reação do condutor;Saída de leito carroçável;Com Vítimas Feridas;Plena Noite;Crescente;Nevoeiro/Neblina;Simples;Curva;Sim;1;0;1;0;0;0;1;1;-20,32563035;-49,21202151;SPRF-SP;DEL09-SP;UOP01-DEL09-SP
729888;06/11/2025;quinta-feira;04:30:00;TO;153;94,9;WANDERLANDIA;Ausência de reação do condutor;Colisão traseira;Com Vítimas Fatais;Amanhecer;Crescente;Chuva;Múltipla;"Reta;Declive";Não;3;1;0;0;2;0;0;2;-6,869405;-47,983665;SPRF-TO;DEL02-TO;UOP01-DEL02-TO
729891;06/11/2025;quinta-feira;05:00:00;MG;40;516;RIBEIRAO DAS NEVES;Transitar no Acostamento;Colisão com objeto;Com Vítimas Feridas;Amanhecer;Crescente;Céu Claro;Dupla;"Curva;Em Obras";Sim;1;0;1;0;0;0;1;1;-19,822164;-44,084899;SPRF-MG;DEL01-MG;UOP02-DEL01-MG
729892;06/11/2025;quinta-feira;05:48:00;BA;324;534;CONCEICAO DO JACUIPE;Acumulo de areia ou detritos sobre o pavimento;Saída de leito carroçável;Com Vítimas Feridas;Pleno dia;Decrescente;Céu Claro;Dupla;Reta;Não;3;0;2;0;1;0;2;1;-12,3596333;-38,82563;SPRF-BA;DEL01-BA;UOP03-DEL01-BA
729893;06/11/2025;quinta-feira;02:50:00;PR;373;246;GUAMIRANGA;Ausência de reação do condutor;Saída de leito carroçável;Sem Vítimas;Plena Noite;Decrescente;Céu Claro;Simples;Rotatória;Sim;2;0;0;0;1;1;0;2;-25,187847;-50,802689;SPRF-PR;DEL03-PR;UOP01-DEL03-PR
729894;06/11/2025;quinta-feira;06:30:00;MA;135;5;SAO LUIS;Reação tardia ou ineficiente do condutor;Saída de leito carroçável;Com Vítimas Feridas;Amanhecer;Crescente;Céu Claro;Dupla;"Reta;Declive";Sim;1;0;1;0;0;0;1;1;-2,6354016;-44,31204068;SPRF-MA;DEL01-MA;UOP01-DEL01-MA
729896;06/11/2025;quinta-feira;06:45:00;SP;381;53;MAIRIPORA;Velocidade Incompatível;Capotamento;Com Vítimas Feridas;Pleno dia;Decrescente;Céu Claro;Simples;Reta;Sim;2;0;1;0;1;0;1;1;-23,2419311;-46,5962657;SPRF-SP;DEL03-SP;UOP01-DEL03-SP
729897;06/11/2025;quinta-feira;06:40:00;MG;459;68,3;SENADOR JOSE BENTO;Velocidade Incompatível;Colisão com objeto;Com Vítimas Feridas;Pleno dia;Decrescente;Nublado;Simples;Curva;Não;2;0;1;0;1;0;1;1;-22,13102588;-46,18221045;SPRF-MG;DEL09-MG;UOP01-DEL09-MG
729898;06/11/2025;quinta-feira;07:07:00;SC;101;204,5;SAO JOSE;Ausência de reação do condutor;Tombamento;Com Vítimas Feridas;Amanhecer;Crescente;Céu Claro;Múltipla;"Reta;Interseção de Vias";Sim;1;0;1;0;0;0;1;1;-27,57865;-48,61387;SPRF-SC;DEL01-SC;UOP01-DEL01-SC
729901;06/11/2025;quinta-feira;07:15:00;PR;369;189,3;ARAPONGAS;Condutor desrespeitou a iluminação vermelha do semáforo;Colisão transversal;Com Vítimas Feridas;Pleno dia;Crescente;Céu Claro;Simples;"Interseção de Vias;Reta";Sim;2;0;1;0;1;0;1;2;-23,434187;-51,422216;SPRF-PR;DEL07-PR;UOP03-DEL07-PR
729902;06/11/2025;quinta-feira;06:55:00;RJ;116;176;SAO JOAO DE MERITI;Reação tardia ou ineficiente do condutor;Engavetamento;Com Vítimas Feridas;Pleno dia;Decrescente;Céu Claro;Múltipla;Reta;Sim;4;0;1;0;3;0;1;3;-22,79126542;-43,36985763;SPRF-RJ;DEL06-RJ;UOP01-DEL06-RJ
729903;06/11/2025;quinta-feira;06:10:00;BA;324;599;SIMOES FILHO;Frear bruscamente;Colisão frontal;Sem Vítimas;Pleno dia;Decrescente;Céu Claro;Múltipla;Reta;Não;5;0;0;0;5;0;0;4;-12,75241465;-38,43048602;SPRF-BA;DEL01-BA;UOP01-DEL01-BA
729906;06/11/2025;quinta-feira;07:30:00;SP;116;145,8;SAO JOSE DOS CAMPOS;Condutor deixou de manter distância do veículo da frente;Colisão traseira;Com Vítimas Feridas;Pleno dia;Decrescente;Garoa/Chuvisco;Dupla;"Aclive;Reta";Sim;2;0;1;0;1;0;1;2;-23,18960024;-45,85991621;SPRF-SP;DEL02-SP;UOP01-DEL02-SP
729907;06/11/2025;quinta-feira;07:15:00;PR;277;189;PALMEIRA;Conversão proibida;Colisão transversal;Com Vítimas Feridas;Pleno dia;Decrescente;Céu Claro;Simples;"Declive;Reta";Não;3;0;2;0;1;0;2;2;-25,4418;-50,0463;SPRF-PR;DEL08-PR;UOP02-DEL08-PR
729908;06/11/2025;quinta-feira;07:25:00;SE;101;36;JAPARATUBA;Acesso irregular;Colisão transversal;Com Vítimas Feridas;Pleno dia;Decrescente;Céu Claro;Dupla;Reta;Sim;2;0;1;0;1;0;1;2;-10,57096002;-36,96427168;SPRF-SE;DEL02-SE;UOP02-DEL02-SE
729909;06/11/2025;quinta-feira;07:50:00;PR;277;586;CASCAVEL;Reação tardia ou ineficiente do condutor;Colisão transversal;Com Vítimas Feridas;Pleno dia;Crescente;Sol;Simples;Reta;Sim;2;0;1;0;1;0;1;2;-24,96985996;-53,43001697;SPRF-PR;DEL04-PR;UOP01-DEL04-PR
729911;06/11/2025;quinta-feira;08:00:00;PA;0;0;BELEM;Acessar a via sem observar a presença dos outros veículos;Colisão transversal;Com Vítimas Feridas;Pleno dia;Não Informado;Céu Claro;Dupla;"Reta;Viaduto";Sim;2;0;1;1;0;0;2;2;-1,40975554;-48,46352577;SPRF-PA;N/A;N/A
729912;06/11/2025;quinta-feira;07:25:00;RO;174;15;VILHENA;Manobra de mudança de faixa;Colisão lateral mesmo sentido;Com Vítimas Feridas;Pleno dia;Decrescente;Nublado;Dupla;"Reta;Interseção de Vias";Não;3;0;0;1;2;0;1;2;-12,71697575;-60,12705803;SPRF-RO;DEL04-RO;UOP01-DEL04-RO
729914;06/11/2025;quinta-feira;07:30:00;SC;101;425,2;ARARANGUA;Desrespeitar a preferência no cruzamento;Colisão transversal;Com Vítimas Feridas;Pleno dia;Decrescente;Céu Claro;Simples;Reta;Não;2;0;0;1;1;0;1;2;-29,0266615;-49,6003298;SPRF-SC;DEL02-SC;UOP02-DEL02-SC
729915;02/11/2025;domingo;22:20:00;MG;381;503;BETIM;Ausência de reação do condutor;Colisão lateral mesmo sentido;Com Vítimas Feridas;Plena Noite;Decrescente;Chuva;Múltipla;Reta;Sim;3;0;1;1;1;0;2;2;-20,02660333;-44,23247407;SPRF-MG;DEL01-MG;UOP03-DEL01-MG
729916;06/11/2025;quinta-feira;07:45:00;MG;116;700,8;MURIAE;Desrespeitar a preferência no cruzamento;Colisão transversal;Com Vítimas Feridas;Pleno dia;Decrescente;Nublado;Simples;Interseção de Vias;Sim;3;0;1;0;2;0;1;2;-21,11189643;-42,38090873;SPRF-MG;DEL07-MG;UOP02-DEL07-MG
729918;06/11/2025;quinta-feira;08:50:00;DF;70;4;BRASILIA;Condutor deixou de manter distância do veículo da frente;Colisão traseira;Sem Vítimas;Pleno dia;Decrescente;Céu Claro;Dupla;Reta;Sim;2;0;0;0;2;0;0;2;-15,79368342;-48,09797287;SPRF-DF;DEL03-DF;UOP02-DEL03-DF
729919;06/11/2025;quinta-feira;08:17:00;RS;116;251;SAPUCAIA DO SUL;Trafegar com motocicleta (ou similar) entre as faixas;Colisão lateral mesmo sentido;Com Vítimas Feridas;Pleno dia;Decrescente;Céu Claro;Dupla;Reta;Sim;3;0;1;0;2;0;1;3;-29,7968684;-51,1648043;SPRF-RS;DEL01-RS;UOP02-DEL01-RS
729920;06/11/2025;quinta-feira;07:30:00;MT;163;687;LUCAS DO RIO VERDE;Acessar a via sem observar a presença dos outros veículos;Colisão transversal;Com Vítimas Feridas;Pleno dia;Crescente;Céu Claro;Dupla;Interseção de Vias;Sim;2;0;1;0;1;0;1;2;-13,0693297;-55,9268461;SPRF-MT;DEL06-MT;UOP01-DEL06-MT
729923;23/10/2025;quinta-feira;14:40:00;RS;116;234,7;NOVO HAMBURGO;Ausência de reação do condutor;Tombamento;Com Vítimas Feridas;Pleno dia;Crescente;Céu Claro;Dupla;Reta;Sim;1;0;0;1;0;0;1;1;-29,6599028;-51,14410222;SPRF-RS;DEL01-RS;UOP02-DEL01-RS
729924;06/11/2025;quinta-feira;08:56:00;TO;153;138;ARAGUAINA;Ausência de reação do condutor;Colisão traseira;Com Vítimas Feridas;Pleno dia;Crescente;Nublado;Dupla;Rotatória;Sim;2;0;1;0;1;0;1;2;-7,16159;-48,20578;SPRF-TO;DEL02-TO;UOP01-DEL02-TO
729925;06/11/2025;quinta-feira;10:00:00;TO;153;133;WANDERLANDIA;Ausência de reação do condutor;Saída de leito carroçável;Sem Vítimas;Pleno dia;Crescente;Nublado;Simples;Rotatória;Não;1;0;0;0;0;1;0;1;-7,116938;-48,189343;SPRF-TO;DEL02-TO;UOP01-DEL02-TO
729928;06/11/2025;quinta-feira;09:45:00;SE;101;148,9;ESTANCIA;Acessar a via sem observar a presença dos outros veículos;Colisão lateral mesmo sentido;Com Vítimas Feridas;Pleno dia;Decrescente;Céu Claro;Simples;"Reta;Aclive";Sim;2;0;1;0;1;0;1;2;-11,24972;-37,43593;SPRF-SE;DEL02-SE;UOP01-DEL02-SE
729929;06/11/2025;quinta-feira;10:20:00;SP;116;229;SAO PAULO;Trafegar com motocicleta (ou similar) entre as faixas;Colisão lateral mesmo sentido;Com Vítimas Feridas;Pleno dia;Crescente;Nublado;Múltipla;Reta;Sim;2;0;1;0;1;0;1;2;-23,50904871;-46,57306043;SPRF-SP;DEL01-SP;UOP01-DEL01-SP
729937;06/11/2025;quinta-feira;09:40:00;SP;116;164;JACAREI;Avarias e/ou desgaste excessivo no pneu;Tombamento;Com Vítimas Feridas;Pleno dia;Decrescente;Sol;Dupla;Reta;Não;2;0;2;0;0;0;2;1;-23,29198252;-46,00040529;SPRF-SP;DEL02-SP;UOP01-DEL02-SP
729945;06/11/2025;quinta-feira;11:50:00;SC;280;44,2;GUARAMIRIM;Mal súbito do condutor;Colisão com objeto;Com Vítimas Feridas;Pleno dia;Decrescente;Céu Claro;Dupla;Reta;Não;1;0;1;0;0;0;1;1;-26,451985;-48,889803;SPRF-SC;DEL03-SC;UOP03-DEL03-SC
729946;06/11/2025;quinta-feira;07:00:00;SC;280;31;ARAQUARI;Conversão proibida;Colisão lateral mesmo sentido;Com Vítimas Feridas;Pleno dia;Crescente;Nublado;Simples;"Reta;Interseção de Vias";Sim;2;0;1;0;1;0;1;2;-26,412718;-48,756913;SPRF-SC;DEL03-SC;UOP03-DEL03-SC
729951;06/11/2025;quinta-feira;11:50:00;BA;101;61;ENTRE RIOS;Acostamento em desnível;Saída de leito carroçável;Com Vítimas Feridas;Pleno dia;Crescente;Céu Claro;Dupla;Aclive;Não;4;0;4;0;0;0;4;1;-11,95462632;-38,08197711;SPRF-BA;DEL01-BA;UOP04-DEL01-BA
729952;04/11/2025;terça-feira;05:40:00;BA;101;581;CAMACAN;Velocidade Incompatível;Saída de leito carroçável;Sem Vítimas;Pleno dia;Crescente;Céu Claro;Simples;Curva;Não;1;0;0;0;1;0;0;1;-15,36651385;-39,49775097;SPRF-BA;DEL05-BA;UOP02-DEL05-BA
729955;06/11/2025;quinta-feira;13:00:00;ES;259;49,1;COLATINA;Acessar a via sem observar a presença dos outros veículos;Colisão transversal;Com Vítimas Feridas;Pleno dia;Crescente;Nublado;Múltipla;"Retorno Regulamentado;Curva;Interseção de Vias";Não;3;0;2;0;1;0;2;2;-19,511289;-40,605233;SPRF-ES;DEL02-ES;UOP01-DEL02-ES
729961;06/11/2025;quinta-feira;13:20:00;RN;101;94;NATAL;Reação tardia ou ineficiente do condutor;Colisão traseira;Com Vítimas Feridas;Pleno dia;Crescente;Sol;Dupla;"Reta;Interseção de Vias";Sim;2;0;0;1;0;1;1;2;-5,8382072;-35,21143762;SPRF-RN;DEL01-RN;UOP01-DEL01-RN
729962;06/11/2025;quinta-feira;14:10:00;SC;101;213,2;PALHOCA;Trafegar com motocicleta (ou similar) entre as faixas;Colisão lateral mesmo sentido;Com Vítimas Feridas;Pleno dia;Decrescente;Céu Claro;Dupla;Reta;Sim;2;0;1;0;1;0;1;2;-27,64189249;-48,6682841;SPRF-SC;DEL01-SC;UOP02-DEL01-SC
729963;06/11/2025;quinta-feira;13:24:00;RO;364;237,4;CACOAL;Acessar a via sem observar a presença dos outros veículos;Colisão transversal;Sem Vítimas;Pleno dia;Decrescente;Céu Claro;Simples;"Interseção de Vias;Retorno Regulamentado;Reta";Sim;2;0;0;0;2;0;0;2;-11,440818;-61,450263;SPRF-RO;DEL02-RO;UOP02-DEL02-RO
729965;06/11/2025;quinta-feira;13:30:00;PE;407;128;PETROLINA;Reação tardia ou ineficiente do condutor;Tombamento;Com Vítimas Feridas;Pleno dia;Crescente;Sol;Dupla;Reta;Sim;2;0;1;0;1;0;1;2;-9,3950099;-40,5084659;SPRF-PE;DEL06-PE;UOP01-DEL06-PE
729967;06/11/2025;quinta-feira;12:30:00;MA;402;5;ROSARIO;Manobra de mudança de faixa;Colisão frontal;Com Vítimas Feridas;Pleno dia;Decrescente;Céu Claro;Simples;Reta;Não;3;0;2;0;1;0;2;2;-2,95050167;-44,28272666;SPRF-MA;DEL01-MA;UOP01-DEL01-MA
729968;06/11/2025;quinta-feira;13:45:00;SC;280;29,5;ARAQUARI;Conversão proibida;Colisão transversal;Com Vítimas Feridas;Pleno dia;Decrescente;Nublado;Simples;Reta;Sim;2;0;1;0;1;0;1;2;-26,413352;-48,747702;SPRF-SC;DEL03-SC;UOP03-DEL03-SC
729972;06/11/2025;quinta-feira;14:40:00;PR;277;1;PARANAGUA;Desrespeitar a preferência no cruzamento;Colisão transversal;Com Vítimas Feridas;Pleno dia;Crescente;Céu Claro;Simples;"Interseção de Vias;Reta";Sim;3;0;2;0;1;0;2;2;-25,51562852;-48,53821842;SPRF-PR;DEL01-PR;UOP05-DEL01-PR
729974;06/11/2025;quinta-feira;15:00:00;RS;116;142,2;CAXIAS DO SUL;Acessar a via sem observar a presença dos outros veículos;Colisão lateral mesmo sentido;Sem Vítimas;Pleno dia;Crescente;Céu Claro;Dupla;Curva;Sim;2;0;0;0;2;0;0;2;-29,1189173;-51,1181186;SPRF-RS;DEL05-RS;UOP01-DEL05-RS
729975;19/10/2025;domingo;09:53:00;PB;230;86,8;GURINHEM;Acessar a via sem observar a presença dos outros veículos;Colisão lateral mesmo sentido;Com Vítimas Feridas;Pleno dia;Crescente;Sol;Dupla;Reta;Não;2;0;0;2;0;0;2;2;-7,1693;-35,37695;SPRF-PB;DEL01-PB;UOP02-DEL01-PB
729976;06/11/2025;quinta-feira;15:30:00;ES;101;144;LINHARES;Acumulo de areia ou detritos sobre o pavimento;Tombamento;Com Vítimas Feridas;Pleno dia;Decrescente;Céu Claro;Dupla;Reta;Sim;1;0;1;0;0;0;1;1;-19,26327363;-40,08908791;SPRF-ES;DEL04-ES;UOP01-DEL04-ES
729977;06/11/2025;quinta-feira;14:15:00;PR;369;33,5;CAMBARA;Reação tardia ou ineficiente do condutor;Saída de leito carroçável;Com Vítimas Feridas;Pleno dia;Decrescente;Céu Claro;Simples;"Aclive;Curva";Não;2;0;0;2;0;0;2;1;-23,02980816;-50,20689324;SPRF-PR;DEL07-PR;UOP05-DEL07-PR
729978;06/11/2025;quinta-feira;15:10:00;SC;101;115;ITAPEMA;Condutor deixou de manter distância do veículo da frente;Colisão traseira;Com Vítimas Feridas;Pleno dia;Decrescente;Céu Claro;Dupla;Reta;Sim;3;0;0;1;2;0;1;2;-27,0659365;-48,5955493;SPRF-SC;DEL04-SC;UOP04-DEL04-SC