id;data_inversa;dia_semana;horario;uf;br;km;municipio;causa_acidente;tipo_acidente;classificacao_acidente;fase_dia;sentido_via;condicao_metereologica;tipo_pista;tracado_via;uso_solo;pessoas;mortos;feridos_leves;feridos_graves;ilesos;ignorados;feridos;veiculos;latitude;longitude;regional;delegacia;uop
729979;06/11/2025;quinta-feira;15:10:00;BA;324;537;AMELIA RODRIGUES;Demais falhas mecânicas ou elétricas;Queda de ocupante de veículo;Com Vítimas Feridas;Pleno dia;Crescente;Céu Claro;Dupla;Reta;Não;1;0;0;1;0;0;1;1;-12,378279;-38,8024533;SPRF-BA;DEL01-BA;UOP03-DEL01-BA
729980;06/11/2025;quinta-feira;13:40:00;MT;163;686;LUCAS DO RIO VERDE;Acessar a via sem observar a presença dos outros veículos;Colisão transversal;Com Vítimas Feridas;Pleno dia;Crescente;Céu Claro;Dupla;"Interseção de Vias;Reta";Sim;3;0;2;0;1;0;2;2;-13,0798397;-55,9386917;SPRF-MT;DEL06-MT;UOP01-DEL06-MT
729981;06/11/2025;quinta-feira;15:15:00;MG;40;466,5;SETE LAGOAS;Demais falhas mecânicas ou elétricas;Incêndio;Sem Vítimas;Pleno dia;Crescente;Sol;Dupla;Reta;Sim;1;0;0;0;1;0;0;1;-19,445568;-44,3222;SPRF-MG;DEL02-MG;UOP01-DEL02-MG
729982;06/11/2025;quinta-feira;14:18:00;GO;60;368;RIO VERDE;Acessar a via sem observar a presença dos outros veículos;Colisão lateral mesmo sentido;Com Vítimas Feridas;Pleno dia;Decrescente;Sol;Dupla;Reta;Não;2;0;0;1;1;0;1;2;-17,690647;-50,838127;SPRF-GO;DEL04-GO;UOP02-DEL04-GO
729986;06/11/2025;quinta-feira;12:00:00;PE;101;178;JOAQUIM NABUCO;Acessar a via sem observar a presença dos outros veículos;Colisão transversal;Com Vítimas Fatais;Pleno dia;Crescente;Sol;Dupla;Retorno Regulamentado;Não;2;1;0;0;1;0;0;2;-8,62217508;-35,55279348;SPRF-PE;DEL01-PE;UOP03-DEL01-PE
729988;06/11/2025;quinta-feira;15:30:00;SC;116;11;MAFRA;Condutor Dormindo;Saída de leito carroçável;Com Vítimas Feridas;Pleno dia;Crescente;Céu Claro;Simples;"Aclive;Reta";Não;1;0;1;0;0;0;1;1;-26,162966;-49,84697;SPRF-SC;DEL06-SC;UOP01-DEL06-SC
729992;06/11/2025;quinta-feira;16:37:00;SC;282;627;IRACEMINHA;Acessar a via sem observar a presença dos outros veículos;Colisão transversal;Com Vítimas Feridas;Pleno dia;Crescente;Céu Claro;Simples;Reta;Sim;3;0;1;0;1;1;1;3;-26,800309;-53,350951;SPRF-SC;DEL07-SC;UOP02-DEL07-SC
729993;06/11/2025;quinta-feira;16:50:00;RJ;40;85;PETROPOLIS;Avarias e/ou desgaste excessivo no pneu;Tombamento;Com Vítimas Feridas;Pleno dia;Crescente;Chuva;Simples;"Curva;Viaduto;Declive";Não;2;0;2;0;0;0;2;1;-22,5284831;-43,2228327;SPRF-RJ;DEL01-RJ;UOP01-DEL01-RJ
729994;06/11/2025;quinta-feira;17:45:00;SC;282;4;FLORIANOPOLIS;Reação tardia ou ineficiente do condutor;Colisão traseira;Com Vítimas Feridas;Anoitecer;Crescente;Céu Claro;Múltipla;Reta;Sim;2;0;1;0;1;0;1;2;-27,5926786;-48,60397086;SPRF-SC;DEL01-SC;UOP01-DEL01-SC
729996;05/11/2025;quarta-feira;18:30:00;PE;232;409;SERRA TALHADA;Pedestre cruzava a pista fora da faixa;Atropelamento de Pedestre;Com Vítimas Feridas;Plena Noite;Decrescente;Céu Claro;Simples;Reta;Sim;2;0;0;1;0;1;1;2;-7,981678;-38,291963;SPRF-PE;DEL04-PE;UOP01-DEL04-PE
729997;06/11/2025;quinta-feira;17:30:00;PB;230;25;JOAO PESSOA;Reação tardia ou ineficiente do condutor;Colisão com objeto;Com Vítimas Feridas;Plena Noite;Crescente;Céu Claro;Múltipla;Reta;Sim;1;0;1;0;0;0;1;1;-7,17011128;-34,87189293;SPRF-PB;DEL01-PB;UOP01-DEL01-PB
729999;06/11/2025;quinta-feira;16:10:00;SC;470;54,4;BLUMENAU;Ausência de reação do condutor;Colisão traseira;Com Vítimas Feridas;Pleno dia;Decrescente;Céu Claro;Simples;Rotatória;Sim;2;0;0;1;1;0;1;2;-26,873582;-49,113843;SPRF-SC;DEL04-SC;UOP01-DEL04-SC
730000;06/11/2025;quinta-feira;18:00:00;PR;272;366,9;CAMPO MOURAO;Ingestão de álcool pelo condutor;Colisão transversal;Com Vítimas Feridas;Pleno dia;Crescente;Céu Claro;Dupla;"Reta;Interseção de Vias";Sim;2;0;1;0;1;0;1;2;-24,0495155;-52,39963381;SPRF-PR;DEL09-PR;UOP03-DEL09-PR
730004;06/11/2025;quinta-feira;18:30:00;SP;116;146,9;SAO JOSE DOS CAMPOS;Ausência de reação do condutor;Colisão lateral sentido oposto;Com Vítimas Feridas;Plena Noite;Crescente;Céu Claro;Dupla;Reta;Não;2;0;0;1;1;0;1;2;-23,19668538;-45,8741641;SPRF-SP;DEL02-SP;UOP01-DEL02-SP
730006;06/11/2025;quinta-feira;13:25:00;MS;376;119,3;IVINHEMA;Acessar a via sem observar a presença dos outros veículos;Colisão transversal;Com Vítimas Feridas;Pleno dia;Decrescente;Céu Claro;Simples;"Interseção de Vias;Reta";Sim;3;0;0;1;2;0;1;2;-22,32052689;-53,80843727;SPRF-MS;DEL04-MS;UOP04-DEL04-MS
730007;06/11/2025;quinta-feira;17:10:00;PR;376;185,7;SARANDI;Afundamento ou ondulação no pavimento;Tombamento;Com Vítimas Feridas;Pleno dia;Decrescente;Céu Claro;Dupla;Reta;Sim;1;0;0;1;0;0;1;1;-23,44926495;-51,85760228;SPRF-PR;DEL09-PR;UOP01-DEL09-PR
730008;06/11/2025;quinta-feira;19:10:00;DF;40;3;BRASILIA;Manobra de mudança de faixa;Colisão lateral mesmo sentido;Com Vítimas Feridas;Plena Noite;Crescente;Céu Claro;Simples;Viaduto;Não;2;0;1;0;1;0;1;2;-16,00303946;-47,984097;SPRF-DF;DEL01-DF;UOP01-DEL01-DF
730010;06/11/2025;quinta-feira;19:10:00;GO;40;6;VALPARAISO DE GOIAS;Reação tardia ou ineficiente do condutor;Colisão traseira;Com Vítimas Feridas;Plena Noite;Crescente;Céu Claro;Dupla;"Viaduto;Reta";Sim;5;0;0;2;3;0;2;2;-16,10291706;-47,97608256;SPRF-DF;DEL01-DF;UOP01-DEL01-DF
730011;06/11/2025;quinta-feira;19:30:00;ES;259;4;JOAO NEIVA;Transitar na contramão;Colisão frontal;Com Vítimas Feridas;Plena Noite;Crescente;Nublado;Simples;Reta;Não;4;0;3;0;1;0;3;2;-19,70358;-40,38188;SPRF-ES;DEL02-ES;UOP01-DEL02-ES
730014;06/11/2025;quinta-feira;18:15:00;PR;373;466,7;CORONEL VIVIDA;Condutor usando celular;Saída de leito carroçável;Com Vítimas Feridas;Pleno dia;Decrescente;Céu Claro;Simples;Reta;Não;1;0;1;0;0;0;1;1;-25,96498;-52,47678;SPRF-PR;DEL02-PR;UOP01-DEL02-PR
730015;06/11/2025;quinta-feira;18:50:00;PE;428;188;PETROLINA;Entrada inopinada do pedestre;Atropelamento de Pedestre;Com Vítimas Feridas;Plena Noite;Decrescente;Céu Claro;Dupla;Reta;Sim;2;0;1;0;0;1;1;2;-9,367524;-40,48441;SPRF-PE;DEL06-PE;UOP01-DEL06-PE
730018;06/11/2025;quinta-feira;20:10:00;ES;101;264,5;SERRA;Reação tardia ou ineficiente do condutor;Tombamento;Com Vítimas Feridas;Plena Noite;Crescente;Nublado;Múltipla;Reta;Sim;1;0;1;0;0;0;1;1;-20,17775167;-40,26560667;SPRF-ES;DEL02-ES;UOP01-DEL02-ES
730020;06/11/2025;quinta-feira;20:15:00;PE;423;91,9;GARANHUNS;Desrespeitar a preferência no cruzamento;Colisão transversal;Com Vítimas Feridas;Plena Noite;Decrescente;Céu Claro;Simples;Reta;Sim;4;0;1;0;3;0;1;2;-8,86148471;-36,46382757;SPRF-PE;DEL03-PE;UOP01-DEL03-PE
730021;06/11/2025;quinta-feira;18:20:00;MS;163;22;MUNDO NOVO;Demais falhas mecânicas ou elétricas;Tombamento;Com Vítimas Feridas;Plena Noite;Decrescente;Céu Claro;Simples;"Reta;Ponte";Não;1;0;1;0;0;0;1;1;-23,89210074;-54,31160895;SPRF-MS;DEL09-MS;UOP02-DEL09-MS
730023;06/11/2025;quinta-feira;17:45:00;SC;480;129,5;CHAPECO;Acessar a via sem observar a presença dos outros veículos;Colisão transversal;Com Vítimas Feridas;Pleno dia;Decrescente;Céu Claro;Dupla;Reta;Sim;2;0;0;1;1;0;1;2;-27,04151;-52,63568;SPRF-SC;DEL07-SC;UOP01-DEL07-SC
730024;06/11/2025;quinta-feira;20:30:00;RJ;465;6;SEROPEDICA;Manobra de mudança de faixa;Colisão lateral mesmo sentido;Com Vítimas Feridas;Plena Noite;Crescente;Nublado;Dupla;Reta;Sim;2;0;1;0;0;1;1;2;-22,75547005;-43,69195674;SPRF-RJ;DEL06-RJ;UOP02-DEL06-RJ
730025;06/11/2025;quinta-feira;18:30:00;RO;364;342;JI-PARANA;Reação tardia ou ineficiente do condutor;Colisão lateral mesmo sentido;Com Vítimas Feridas;Plena Noite;Crescente;Céu Claro;Múltipla;Reta;Sim;4;0;2;0;2;0;2;2;-10,87762874;-61,94686024;SPRF-RO;DEL02-RO;UOP01-DEL02-RO
730027;06/11/2025;quinta-feira;19:20:00;MG;262;558,7;CORREGO DANTA;Ausência de reação do condutor;Saída de leito carroçável;Com Vítimas Feridas;Plena Noite;Crescente;Céu Claro;Simples;"Interseção de Vias;Curva";Não;1;0;0;1;0;0;1;1;-19,7343;-46,01569;SPRF-MG;DEL08-MG;UOP02-DEL08-MG
730028;06/11/2025;quinta-feira;20:40:00;PE;101;41,7;ITAPISSUMA;Condutor deixou de manter distância do veículo da frente;Colisão traseira;Com Vítimas Feridas;Plena Noite;Crescente;Céu Claro;Dupla;Reta;Sim;2;0;1;0;1;0;1;2;-7,78290289;-34,90686101;SPRF-PE;DEL01-PE;UOP02-DEL01-PE
730029;06/11/2025;quinta-feira;20:00:00;MT;70;8;BARRA DO GARCAS;Transitar na contramão;Colisão frontal;Com Vítimas Feridas;Plena Noite;Decrescente;Céu Claro;Dupla;Reta;Sim;3;0;2;0;1;0;2;2;-15,879089;-52,314184;SPRF-MT;DEL07-MT;UOP01-DEL07-MT
730030;06/11/2025;quinta-feira;19:20:00;MG;262;625,8;IBIA;Reação tardia ou ineficiente do condutor;Saída de leito carroçável;Com Vítimas Feridas;Plena Noite;Decrescente;Céu Claro;Simples;Reta;Não;2;0;2;0;0;0;2;1;-19,58372814;-46,50856018;SPRF-MG;DEL08-MG;UOP01-DEL08-MG
730031;03/11/2025;segunda-feira;01:50:00;MG;146;432,1;POCOS DE CALDAS;Ingestão de álcool pelo condutor;Colisão com objeto;Sem Vítimas;Plena Noite;Crescente;Céu Claro;Simples;Reta;Não;1;0;0;0;0;1;0;1;-21,794185;-46,444027;SPRF-MG;DEL09-MG;UOP01-DEL09-MG
730033;06/11/2025;quinta-feira;22:00:00;CE;116;70;CHOROZINHO;Demais falhas na via;Colisão com objeto;Com Vítimas Feridas;Plena Noite;Crescente;Céu Claro;Simples;Reta;Sim;2;0;1;0;0;1;1;2;-4,2923252;-38,49762646;SPRF-CE;DEL01-CE;UOP04-DEL01-CE
730034;06/11/2025;quinta-feira;20:20:00;MG;116;542,3;SANTA BARBARA DO LESTE;Velocidade Incompatível;Colisão frontal;Com Vítimas Feridas;Plena Noite;Crescente;Nublado;Simples;Curva;Não;7;0;0;2;0;5;2;3;-19,91457217;-42,13219196;SPRF-MG;DEL06-MG;UOP02-DEL06-MG
730035;06/11/2025;quinta-feira;19:30:00;RS;386;177;CARAZINHO;Acessar a via sem observar a presença dos outros veículos;Colisão lateral mesmo sentido;Com Vítimas Feridas;Plena Noite;Decrescente;Céu Claro;Simples;Reta;Não;2;0;1;0;1;0;1;2;-28,282174;-52,764621;SPRF-RS;DEL08-RS;UOP01-DEL08-RS
730036;06/11/2025;quinta-feira;21:00:00;RO;364;708;PORTO VELHO;Condutor deixou de manter distância do veículo da frente;Colisão traseira;Com Vítimas Feridas;Plena Noite;Decrescente;Céu Claro;Dupla;Reta;Sim;2;0;1;0;0;1;1;2;-8,79315;-63,844;SPRF-RO;DEL01-RO;UOP01-DEL01-RO
730038;06/11/2025;quinta-feira;22:10:00;BA;324;522;FEIRA DE SANTANA;Entrada inopinada do pedestre;Atropelamento de Pedestre;Com Vítimas Feridas;Plena Noite;Decrescente;Céu Claro;Dupla;Reta;Não;2;0;0;1;1;0;1;2;-12,2908148;-38,9103136;SPRF-BA;DEL01-BA;UOP03-DEL01-BA
730039;06/11/2025;quinta-feira;20:30:00;SC;282;409;CATANDUVAS;Entrada inopinada do pedestre;Atropelamento de Pedestre;Com Vítimas Feridas;Plena Noite;Decrescente;Céu Claro;Simples;Reta;Sim;3;0;0;3;0;0;3;2;-27,07079114;-51,66272521;SPRF-SC;DEL07-SC;UOP05-DEL07-SC
730040;06/11/2025;quinta-feira;22:00:00;BA;367;27,4;PORTO SEGURO;Acesso irregular;Colisão traseira;Com Vítimas Feridas;Plena Noite;Decrescente;Céu Claro;Simples;Reta;Sim;3;0;2;0;1;0;2;2;-16,420274;-39,104642;SPRF-BA;DEL09-BA;UOP03-DEL09-BA
730041;06/11/2025;quinta-feira;17:40:00;MG;116;539,7;SANTA RITA DE MINAS;Velocidade Incompatível;Saída de leito carroçável;Com Vítimas Feridas;Anoitecer;Decrescente;Chuva;Simples;Curva;Não;1;0;1;0;0;0;1;1;-19,889256;-42,136658;SPRF-MG;DEL06-MG;UOP02-DEL06-MG
730042;06/11/2025;quinta-feira;15:40:00;MA;10;101;ESTREITO;Acessar a via sem observar a presença dos outros veículos;Colisão transversal;Com Vítimas Feridas;Pleno dia;Decrescente;Céu Claro;Simples;"Declive;Reta";Não;2;0;1;0;1;0;1;2;-6,74916892;-47,44720459;SPRF-MA;DEL04-MA;UOP02-DEL04-MA
730043;06/11/2025;quinta-feira;21:30:00;PE;101;34;MORENO;Animais na Pista;Atropelamento de Animal;Com Vítimas Feridas;Plena Noite;Crescente;Céu Claro;Dupla;Viaduto;Sim;2;0;1;1;0;0;2;2;-8,10754438;-35,18596737;SPRF-PE;DEL01-PE;UOP02-DEL01-PE
730044;06/11/2025;quinta-feira;21:00:00;MT;174;1;PONTES E LACERDA;Ingestão de álcool pelo condutor;Colisão transversal;Sem Vítimas;Plena Noite;Crescente;Nublado;Simples;Reta;Sim;3;0;0;0;2;1;0;3;-15,2491153;-59,3237337;SPRF-MT;DEL03-MT;UOP01-DEL03-MT
730045;06/11/2025;quinta-feira;22:00:00;DF;251;23,8;BRASILIA;Ausência de reação do condutor;Saída de leito carroçável;Com Vítimas Feridas;Plena Noite;Decrescente;Céu Claro;Simples;"Declive;Curva";Não;1;0;1;0;0;0;1;1;-15,9505;-47,67511;SPRF-DF;DEL01-DF;UOP01-DEL01-DF
730046;06/11/2025;quinta-feira;22:20:00;MG;262;40;MANHUACU;Ausência de reação do condutor;Atropelamento de Animal;Com Vítimas Feridas;Plena Noite;Crescente;Nublado;Simples;Reta;Sim;2;0;1;0;0;1;1;2;-20,26791253;-42,07376227;SPRF-MG;DEL06-MG;UOP03-DEL06-MG
730047;06/11/2025;quinta-feira;22:00:00;MG;381;162,8;GOVERNADOR VALADARES;Reação tardia ou ineficiente do condutor;Tombamento;Com Vítimas Feridas;Plena Noite;Crescente;Chuva;Simples;Reta;Não;1;0;1;0;0;0;1;1;-18,94136126;-42,05875397;SPRF-MG;DEL06-MG;UOP01-DEL06-MG
730048;06/11/2025;quinta-feira;23:10:00;SC;101;154,7;PORTO BELO;Ingestão de álcool pelo condutor;Colisão traseira;Com Vítimas Feridas;Plena Noite;Decrescente;Nublado;Dupla;Reta;Não;2;0;1;0;1;0;1;2;-27,15918718;-48,6109492;SPRF-SC;DEL04-SC;UOP03-DEL04-SC
730050;06/11/2025;quinta-feira;23:38:00;MG;40;411;CURVELO;Reação tardia ou ineficiente do condutor;Saída de leito carroçável;Com Vítimas Feridas;Plena Noite;Decrescente;Nublado;Simples;Reta;Não;4;0;3;0;1;0;3;1;-19,124;-44,637;SPRF-MG;DEL02-MG;UOP01-DEL02-MG
730052;07/11/2025;sexta-feira;00:25:00;PB;230;26,2;JOAO PESSOA;Reação tardia ou ineficiente do condutor;Colisão com objeto;Com Vítimas Feridas;Plena Noite;Decrescente;Céu Claro;Simples;Interseção de Vias;Sim;1;0;1;0;0;0;1;1;-7,16515183;-34,89148289;SPRF-PB;DEL01-PB;UOP01-DEL01-PB
730053;06/11/2025;quinta-feira;23:50:00;PE;232;516;SALGUEIRO;Animais na Pista;Atropelamento de Animal;Sem Vítimas;Plena Noite;Crescente;Céu Claro;Simples;"Declive;Reta";Não;1;0;0;0;1;0;0;1;-8,064238;-39,195118;SPRF-PE;DEL05-PE;UOP01-DEL05-PE
730054;07/11/2025;sexta-feira;00:56:00;RJ;101;324;NITEROI;Avarias e/ou desgaste excessivo no pneu;Queda de ocupante de veículo;Com Vítimas Feridas;Plena Noite;Decrescente;Céu Claro;Dupla;"Reta;Ponte";Não;2;0;1;0;1;0;1;1;-22,8781179;-43,1142183;SPRF-RJ;DEL02-RJ;UOP01-DEL02-RJ
730056;07/11/2025;sexta-feira;00:30:00;PR;376;681;GUARATUBA;Reação tardia ou ineficiente do condutor;Saída de leito carroçável;Com Vítimas Feridas;Plena Noite;Crescente;Chuva;Dupla;Curva;Não;1;0;0;1;0;0;1;1;-25,97441267;-48,88983674;SPRF-PR;DEL01-PR;UOP04-DEL01-PR
730057;06/11/2025;quinta-feira;23:00:00;SP;381;85;SAO PAULO;Pedestre andava na pista;Atropelamento de Pedestre;Com Vítimas Fatais;Plena Noite;Crescente;Nublado;Múltipla;Reta;Sim;2;1;0;0;0;1;0;2;-23,45707227;-46,57138568;SPRF-SP;DEL03-SP;UOP01-DEL03-SP
730060;07/11/2025;sexta-feira;02:20:00;PR;373;178,5;PONTA GROSSA;Reação tardia ou ineficiente do condutor;Capotamento;Com Vítimas Feridas;Plena Noite;Decrescente;Ignorado;Dupla;Reta;Sim;6;0;2;0;4;0;2;1;-25,04647264;-50,23642302;SPRF-PR;DEL03-PR;UOP01-DEL03-PR
730062;07/11/2025;sexta-feira;03:25:00;MG;381;604,5;OLIVEIRA;Condutor Dormindo;Saída de leito carroçável;Com Vítimas Feridas;Plena Noite;Decrescente;Céu Claro;Dupla;Reta;Não;1;0;1;0;0;0;1;1;-20,61814516;-44,73527475;SPRF-MG;DEL04-MG;UOP01-DEL04-MG
730065;07/11/2025;sexta-feira;02:00:00;MG;40;113,7;LAGOA GRANDE;Animais na Pista;Saída de leito carroçável;Com Vítimas Feridas;Pleno dia;Crescente;Céu Claro;Simples;Reta;Não;4;0;4;0;0;0;4;1;-17,648194;-46,421556;SPRF-MG;DEL14-MG;UOP01-DEL14-MG
730066;07/11/2025;sexta-feira;02:35:00;PR;277;581,2;CASCAVEL;Demais falhas mecânicas ou elétricas;Tombamento;Com Vítimas Feridas;Plena Noite;Crescente;Céu Claro;Dupla;Reta;Sim;2;0;1;1;0;0;2;1;-24,9800817;-53,37980812;SPRF-PR;DEL04-PR;UOP01-DEL04-PR
730070;07/11/2025;sexta-feira;06:17:00;DF;20;3;BRASILIA;Manobra de mudança de faixa;Colisão transversal;Com Vítimas Feridas;Amanhecer;Decrescente;Céu Claro;Dupla;"Reta;Aclive";Sim;2;0;1;0;1;0;1;1;-15,67956535;-47,83106804;SPRF-DF;DEL02-DF;UOP01-DEL02-DF
730072;07/11/2025;sexta-feira;07:00:00;SP;116;223;GUARULHOS;Trafegar com motocicleta (ou similar) entre as faixas;Colisão traseira;Com Vítimas Feridas;Pleno dia;Crescente;Céu Claro;Múltipla;Reta;Sim;2;0;1;0;1;0;1;2;-23,48100854;-46,53361972;SPRF-SP;DEL01-SP;UOP01-DEL01-SP
730073;07/11/2025;sexta-feira;06:50:00;MG;40;522;CONTAGEM;Ausência de reação do condutor;Colisão lateral mesmo sentido;Com Vítimas Feridas;Pleno dia;Crescente;Nublado;Dupla;Reta;Sim;2;0;1;0;1;0;1;2;-19,862965;-44,068929;SPRF-MG;DEL01-MG;UOP02-DEL01-MG
730074;06/11/2025;quinta-feira;19:40:00;MG;153;2;ARAPORA;Condutor usando celular;Saída de leito carroçável;Com Vítimas Feridas;Plena Noite;Crescente;Céu Claro;Dupla;Reta;Sim;1;0;0;1;0;0;1;1;-18,433368;-49,191276;SPRF-MG;DEL15-MG;UOP03-DEL15-MG
730075;07/11/2025;sexta-feira;06:40:00;SP;116;154,7;SAO JOSE DOS CAMPOS;Reação tardia ou ineficiente do condutor;Tombamento;Com Vítimas Feridas;Pleno dia;Decrescente;Nublado;Múltipla;Reta;Sim;1;0;1;0;0;0;1;1;-23,24266791;-45,92531417;SPRF-SP;DEL02-SP;UOP01-DEL02-SP
730079;07/11/2025;sexta-feira;06:15:00;PR;153;23,1;JACAREZINHO;Ingestão de álcool pelo condutor;Colisão com objeto;Com Vítimas Feridas;Amanhecer;Crescente;Céu Claro;Simples;"Interseção de Vias;Rotatória";Não;1;0;1;0;0;0;1;1;-23,16522358;-49,96058313;SPRF-PR;DEL07-PR;UOP04-DEL07-PR
730080;07/11/2025;sexta-feira;06:41:00;MS;163;617;SAO GABRIEL DO OESTE;Acesso irregular;Colisão lateral mesmo sentido;Com Vítimas Feridas;Pleno dia;Crescente;Céu Claro;Simples;"Aclive;Reta";Não;3;0;0;2;1;0;2;2;-19,37826878;-54,57834441;SPRF-MS;DEL06-MS;UOP02-DEL06-MS
730081;07/11/2025;sexta-feira;07:45:00;SP;116;230,5;SAO PAULO;Ausência de reação do condutor;Colisão lateral mesmo sentido;Com Vítimas Feridas;Pleno dia;Crescente;Céu Claro;Múltipla;Reta;Sim;2;0;1;0;0;1;1;2;-23,51971055;-46,5832421;SPRF-SP;DEL01-SP;UOP01-DEL01-SP
730084;07/11/2025;sexta-feira;05:48:00;PR;116;34,8;CAMPINA GRANDE DO SUL;Transitar no Acostamento;Colisão traseira;Com Vítimas Feridas;Amanhecer;Decrescente;Nublado;Dupla;Reta;Não;2;0;1;0;0;1;1;2;-25,12296128;-48,85612456;SPRF-PR;DEL01-PR;UOP02-DEL01-PR
730086;07/11/2025;sexta-feira;07:05:00;SC;101;44,3;JOINVILLE;Ausência de reação do condutor;Colisão traseira;Com Vítimas Feridas;Pleno dia;Decrescente;Nublado;Dupla;Declive;Sim;2;0;1;0;1;0;1;2;-26,34665246;-48,85723114;SPRF-SC;DEL03-SC;UOP01-DEL03-SC
730087;07/11/2025;sexta-feira;07:10:00;PR;116;108;SAO JOSE DOS PINHAIS;Manobra de mudança de faixa;Colisão lateral mesmo sentido;Com Vítimas Feridas;Pleno dia;Decrescente;Nublado;Dupla;"Reta;Ponte";Não;2;0;1;0;0;1;1;2;-25,56696543;-49,2394352;SPRF-PR;DEL01-PR;UOP03-DEL01-PR
730088;07/11/2025;sexta-feira;07:45:00;MG;262;361;JUATUBA;Ausência de reação do condutor;Queda de ocupante de veículo;Com Vítimas Feridas;Pleno dia;Decrescente;Nublado;Dupla;"Curva;Declive";Não;1;0;0;1;0;0;1;1;-19,971082;-44,330586;SPRF-MG;DEL01-MG;UOP03-DEL01-MG
730090;07/11/2025;sexta-feira;06:00:00;RJ;40;94;PETROPOLIS;Chuva;Queda de ocupante de veículo;Com Vítimas Feridas;Pleno dia;Crescente;Garoa/Chuvisco;Dupla;Curva;Não;1;0;1;0;0;0;1;1;-22,5323739;-43,2176734;SPRF-RJ;DEL01-RJ;UOP01-DEL01-RJ
730091;07/11/2025;sexta-feira;06:20:00;RO;364;421,7;JARU;Condutor deixou de manter distância do veículo da frente;Colisão lateral mesmo sentido;Com Vítimas Feridas;Amanhecer;Decrescente;Céu Claro;Dupla;Reta;Sim;3;0;2;0;1;0;2;2;-10,44848155;-62,46335301;SPRF-RO;DEL03-RO;UOP02-DEL03-RO
730092;19/10/2025;domingo;16:13:00;RS;116;150,2;CAXIAS DO SUL;Manobra de mudança de faixa;Colisão lateral mesmo sentido;Com Vítimas Fatais;Pleno dia;Decrescente;Sol;Dupla;"Aclive;Reta";Sim;8;1;4;0;3;0;4;4;-29,172857;-51,160689;SPRF-RS;DEL05-RS;UOP01-DEL05-RS
730093;07/11/2025;sexta-feira;08:10:00;SC;101;209,4;SAO JOSE;Conversão proibida;Colisão transversal;Com Vítimas Feridas;Pleno dia;Crescente;Céu Claro;Dupla;Reta;Sim;2;0;1;0;1;0;1;2;-27,61293858;-48,64211647;SPRF-SC;DEL01-SC;UOP01-DEL01-SC
730094;07/11/2025;sexta-feira;07:30:00;DF;70;11;BRASILIA;Pedestre cruzava a pista fora da faixa;Atropelamento de Pedestre;Com Vítimas Feridas;Pleno dia;Decrescente;Céu Claro;Dupla;Reta;Sim;2;0;2;0;0;0;2;2;-15,793273;-48,161368;SPRF-DF;DEL03-DF;UOP02-DEL03-DF
730095;07/11/2025;sexta-feira;08:30:00;RN;101;98;NATAL;Condutor deixou de manter distância do veículo da frente;Colisão traseira;Com Vítimas Feridas;Pleno dia;Decrescente;Céu Claro;Dupla;"Viaduto;Reta;Declive";Sim;2;0;1;0;1;0;1;2;-5,86610199;-35,21673918;SPRF-RN;DEL01-RN;UOP01-DEL01-RN
730096;07/11/2025;sexta-feira;08:30:00;GO;153;501,8;GOIANIA;Manobra de mudança de faixa;Colisão traseira;Com Vítimas Feridas;Pleno dia;Decrescente;Céu Claro;Dupla;Reta;Sim;3;0;1;0;2;0;1;2;-16,71343057;-49,23357082;SPRF-GO;DEL01-GO;UOP01-DEL01-GO
730097;07/11/2025;sexta-feira;07:50:00;RN;304;305,5;PARNAMIRIM;Condutor deixou de manter distância do veículo da frente;Colisão traseira;Com Vítimas Feridas;Pleno dia;Decrescente;Céu Claro;Dupla;"Reta;Aclive";Sim;2;0;1;0;1;0;1;2;-5,889537;-35,266582;SPRF-RN;DEL01-RN;UOP02-DEL01-RN
730098;07/11/2025;sexta-feira;07:40:00;MG;381;450;SABARA;Ausência de reação do condutor;Colisão transversal;Com Vítimas Feridas;Pleno dia;Crescente;Céu Claro;Dupla;Reta;Não;7;0;6;0;1;0;6;3;-19,82758;-43,83808;SPRF-MG;DEL01-MG;UOP01-DEL01-MG
730099;07/11/2025;sexta-feira;08:45:00;PB;101;67,5;SANTA RITA;Condutor deixou de manter distância do veículo da frente;Colisão traseira;Com Vítimas Feridas;Pleno dia;Decrescente;Céu Claro;Dupla;Reta;Não;7;0;3;0;4;0;3;2;-7,054958;-35,031452;SPRF-PB;DEL01-PB;UOP03-DEL01-PB
730100;07/11/2025;sexta-feira;08:27:00;RJ;116;181;NOVA IGUACU;Ausência de reação do condutor;Colisão lateral mesmo sentido;Com Vítimas Feridas;Pleno dia;Crescente;Sol;Dupla;Reta;Sim;5;0;2;0;3;0;2;2;-22,76299406;-43,42060089;SPRF-RJ;DEL06-RJ;UOP01-DEL06-RJ
730101;07/11/2025;sexta-feira;09:10:00;SC;282;577,7;PINHALZINHO;Pedestre cruzava a pista fora da faixa;Atropelamento de Pedestre;Com Vítimas Feridas;Pleno dia;Crescente;Nublado;Simples;Curva;Sim;2;0;0;1;1;0;1;2;-26,85119273;-52,98008591;SPRF-SC;DEL07-SC;UOP02-DEL07-SC