id;data_inversa;dia_semana;horario;uf;br;km;municipio;causa_acidente;tipo_acidente;classificacao_acidente;fase_dia;sentido_via;condicao_metereologica;tipo_pista;tracado_via;uso_solo;pessoas;mortos;feridos_leves;feridos_graves;ilesos;ignorados;feridos;veiculos;latitude;longitude;regional;delegacia;uop
730105;07/11/2025;sexta-feira;08:10:00;SC;470;6;NAVEGANTES;Acessar a via sem observar a presença dos outros veículos;Colisão traseira;Sem Vítimas;Pleno dia;Decrescente;Nublado;Múltipla;"Reta;Viaduto";Não;2;0;0;0;1;1;0;2;-26,8406568;-48,716162;SPRF-SC;DEL04-SC;UOP04-DEL04-SC
730107;07/11/2025;sexta-feira;09:10:00;RN;101;99;NATAL;Reação tardia ou ineficiente do condutor;Colisão traseira;Com Vítimas Feridas;Pleno dia;Decrescente;Céu Claro;Dupla;Reta;Sim;4;0;1;1;1;1;2;3;-5,871912;-35,219464;SPRF-RN;DEL01-RN;UOP01-DEL01-RN
730108;07/11/2025;sexta-feira;08:45:00;MG;381;503;BETIM;Reação tardia ou ineficiente do condutor;Colisão traseira;Sem Vítimas;Pleno dia;Decrescente;Céu Claro;Dupla;"Declive;Reta";Sim;5;0;0;0;5;0;0;3;-20,0298031;-44,235585;SPRF-MG;DEL01-MG;UOP03-DEL01-MG
730110;07/11/2025;sexta-feira;07:54:00;RJ;101;309;SAO GONCALO;Ausência de reação do condutor;Colisão traseira;Com Vítimas Feridas;Pleno dia;Crescente;Nublado;Dupla;Reta;Sim;3;0;2;0;1;0;2;2;-22,7934208;-43,024384;SPRF-RJ;DEL02-RJ;UOP02-DEL02-RJ
730111;05/11/2025;quarta-feira;15:30:00;BA;101;400;IBIRAPITANGA;Acessar a via sem observar a presença dos outros veículos;Colisão lateral mesmo sentido;Com Vítimas Feridas;Pleno dia;Crescente;Céu Claro;Simples;"Curva;Declive";Sim;2;0;1;0;1;0;1;2;-14,06726976;-39,38512087;SPRF-BA;DEL05-BA;UOP03-DEL05-BA
730112;20/09/2025;sábado;20:40:00;PR;277;40;MORRETES;Demais falhas mecânicas ou elétricas;Incêndio;Sem Vítimas;Pleno dia;Crescente;Nublado;Múltipla;Curva;Não;1;0;0;0;1;0;0;1;-25,58327797;-48,86887997;SPRF-PR;DEL01-PR;UOP05-DEL01-PR
730116;07/11/2025;sexta-feira;10:00:00;SC;101;128,2;CAMBORIU;Condutor deixou de manter distância do veículo da frente;Colisão traseira;Com Vítimas Feridas;Pleno dia;Crescente;Garoa/Chuvisco;Múltipla;Reta;Sim;2;0;1;0;1;0;1;2;-26,97480972;-48,68299484;SPRF-SC;DEL04-SC;UOP04-DEL04-SC
730118;07/11/2025;sexta-feira;08:45:00;RJ;101;486;ANGRA DOS REIS;Ausência de reação do condutor;Colisão traseira;Com Vítimas Feridas;Pleno dia;Crescente;Céu Claro;Simples;Reta;Sim;2;0;1;0;1;0;1;2;-22,97230222;-44,29824829;SPRF-RJ;DEL03-RJ;UOP03-DEL03-RJ
730119;07/11/2025;sexta-feira;09:45:00;SE;101;19;MALHADA DOS BOIS;Velocidade Incompatível;Queda de ocupante de veículo;Com Vítimas Feridas;Pleno dia;Decrescente;Céu Claro;Dupla;Reta;Não;1;0;1;0;0;0;1;1;-10,3878557;-36,9160033;SPRF-SE;DEL02-SE;UOP02-DEL02-SE
730120;07/11/2025;sexta-feira;07:52:00;TO;153;142;ARAGUAINA;Manobra de mudança de faixa;Colisão traseira;Com Vítimas Feridas;Pleno dia;Decrescente;Céu Claro;Dupla;Reta;Sim;2;0;1;0;1;0;1;2;-7,183115;-48,22618333;SPRF-TO;DEL02-TO;UOP01-DEL02-TO
730122;07/11/2025;sexta-feira;09:20:00;RO;319;143;PORTO VELHO;Acessar a via sem observar a presença dos outros veículos;Colisão lateral mesmo sentido;Com Vítimas Feridas;Pleno dia;Decrescente;Céu Claro;Múltipla;Reta;Sim;2;0;1;0;1;0;1;2;-8,75982548;-63,88557887;SPRF-RO;DEL01-RO;UOP01-DEL01-RO
730123;23/10/2025;quinta-feira;01:55:00;PA;163;245;NOVO PROGRESSO;Transitar na contramão;Colisão frontal;Com Vítimas Fatais;Plena Noite;Crescente;Ignorado;Simples;Reta;Não;5;2;2;0;0;1;2;2;-7,5597;-55,2503;SPRF-PA;DEL05-PA;UOP03-DEL05-PA
730125;07/11/2025;sexta-feira;09:50:00;RJ;116;276;BARRA MANSA;Demais falhas mecânicas ou elétricas;Incêndio;Sem Vítimas;Pleno dia;Crescente;Nublado;Dupla;"Aclive;Reta";Sim;2;0;0;0;2;0;0;1;-22,562463;-44,1656064;SPRF-RJ;DEL07-RJ;UOP02-DEL07-RJ
730126;07/11/2025;sexta-feira;08:01:00;SP;116;514;CAJATI;Reação tardia ou ineficiente do condutor;Capotamento;Com Vítimas Feridas;Pleno dia;Decrescente;Garoa/Chuvisco;Simples;"Curva;Declive";Não;2;0;2;0;0;0;2;1;-24,85873259;-48,21122043;SPRF-SP;DEL05-SP;UOP02-DEL05-SP
730127;12/06/2025;quinta-feira;11:45:00;MA;230;422;BALSAS;Manobra de mudança de faixa;Saída de leito carroçável;Com Vítimas Feridas;Pleno dia;Crescente;Céu Claro;Simples;Reta;Não;2;0;1;0;0;1;1;2;-7,470512;-46,202225;SPRF-MA;DEL05-MA;UOP01-DEL05-MA
730129;07/11/2025;sexta-feira;08:55:00;SC;282;498,4;XANXERE;Acessar a via sem observar a presença dos outros veículos;Colisão transversal;Com Vítimas Feridas;Pleno dia;Crescente;Céu Claro;Dupla;"Interseção de Vias;Rotatória";Não;6;0;1;0;5;0;1;2;-26,88049242;-52,35938994;SPRF-SC;DEL07-SC;UOP01-DEL07-SC
730130;07/11/2025;sexta-feira;08:51:00;MS;163;485;CAMPO GRANDE;Reação tardia ou ineficiente do condutor;Colisão traseira;Sem Vítimas;Pleno dia;Crescente;Céu Claro;Simples;"Reta;Viaduto;Em Obras";Não;2;0;0;0;2;0;0;2;-20,436428;-54,543163;SPRF-MS;DEL01-MS;UOP02-DEL01-MS
730132;07/11/2025;sexta-feira;10:30:00;PR;277;117,6;CAMPO LARGO;Trafegar com motocicleta (ou similar) entre as faixas;Colisão lateral mesmo sentido;Com Vítimas Feridas;Pleno dia;Decrescente;Céu Claro;Dupla;Reta;Sim;2;0;1;0;1;0;1;2;-25,4370449;-49,51449037;SPRF-PR;DEL03-PR;UOP03-DEL03-PR
730137;07/11/2025;sexta-feira;12:00:00;RS;386;351,1;ESTRELA;Acumulo de água sobre o pavimento;Colisão com objeto;Com Vítimas Feridas;Pleno dia;Crescente;Chuva;Dupla;Curva;Não;2;0;1;0;1;0;1;2;-29,48527509;-51,95489757;SPRF-RS;DEL04-RS;UOP01-DEL04-RS
730138;07/11/2025;sexta-feira;10:30:00;MG;40;373,8;FELIXLANDIA;Acessar a via sem observar a presença dos outros veículos;Colisão transversal;Com Vítimas Feridas;Pleno dia;Crescente;Nublado;Simples;"Declive;Reta";Não;6;0;3;0;3;0;3;2;-18,84358;-44,76499;SPRF-MG;DEL02-MG;UOP01-DEL02-MG
730139;07/11/2025;sexta-feira;11:45:00;GO;153;436;ANAPOLIS;Reação tardia ou ineficiente do condutor;Colisão traseira;Com Vítimas Feridas;Pleno dia;Crescente;Céu Claro;Dupla;"Reta;Aclive";Sim;3;0;1;1;0;1;2;3;-16,29349487;-48,93329356;SPRF-GO;DEL02-GO;UOP01-DEL02-GO
730140;07/11/2025;sexta-feira;08:50:00;RS;290;688;URUGUAIANA;Acumulo de água sobre o pavimento;Saída de leito carroçável;Com Vítimas Feridas;Pleno dia;Decrescente;Chuva;Simples;"Aclive;Reta";Não;1;0;1;0;0;0;1;1;-29,87973;-56,77;SPRF-RS;DEL13-RS;UOP01-DEL13-RS
730142;07/11/2025;sexta-feira;12:30:00;PR;476;118;COLOMBO;Desrespeitar a preferência no cruzamento;Colisão transversal;Com Vítimas Feridas;Pleno dia;Decrescente;Céu Claro;Dupla;Interseção de Vias;Sim;2;0;1;0;1;0;1;2;-25,37499181;-49,19394493;SPRF-PR;DEL01-PR;UOP01-DEL01-PR
730147;07/11/2025;sexta-feira;12:50:00;ES;262;17;VIANA;Condutor deixou de manter distância do veículo da frente;Colisão traseira;Com Vítimas Feridas;Pleno dia;Crescente;Nublado;Simples;Reta;Sim;4;0;1;0;3;0;1;2;-20,38565;-40,471053;SPRF-ES;DEL01-ES;UOP01-DEL01-ES
730148;07/11/2025;sexta-feira;12:50:00;MG;381;591;CARMOPOLIS DE MINAS;Reação tardia ou ineficiente do condutor;Capotamento;Com Vítimas Feridas;Pleno dia;Crescente;Céu Claro;Dupla;Reta;Não;1;0;1;0;0;0;1;1;-20,55115184;-44,65976715;SPRF-MG;DEL04-MG;UOP01-DEL04-MG
730151;07/11/2025;sexta-feira;13:15:00;RN;101;108;PARNAMIRIM;Transitar no Acostamento;Colisão traseira;Com Vítimas Feridas;Pleno dia;Decrescente;Céu Claro;Dupla;Reta;Sim;2;0;0;1;1;0;1;2;-5,930338;-35,264676;SPRF-RN;DEL01-RN;UOP01-DEL01-RN
730153;07/11/2025;sexta-feira;12:50:00;RJ;116;184;NOVA IGUACU;Ausência de reação do condutor;Colisão traseira;Com Vítimas Feridas;Pleno dia;Crescente;Nublado;Dupla;Reta;Sim;3;0;2;0;1;0;2;2;-22,7419642;-43,4530889;SPRF-RJ;DEL06-RJ;UOP01-DEL06-RJ
730154;07/11/2025;sexta-feira;13:12:00;SC;101;116;ITAJAI;Acessar a via sem observar a presença dos outros veículos;Colisão lateral mesmo sentido;Com Vítimas Feridas;Pleno dia;Crescente;Nublado;Múltipla;Reta;Sim;3;0;2;0;1;0;2;2;-26,87869472;-48,72649813;SPRF-SC;DEL04-SC;UOP04-DEL04-SC
730156;07/11/2025;sexta-feira;12:40:00;RS;470;336;TRIUNFO;Velocidade Incompatível;Saída de leito carroçável;Com Vítimas Feridas;Pleno dia;Crescente;Chuva;Simples;Reta;Não;1;0;1;0;0;0;1;1;-29,90334536;-51,70951635;SPRF-RS;DEL04-RS;UOP02-DEL04-RS
730159;07/11/2025;sexta-feira;09:20:00;MG;50;188;UBERABA;Reação tardia ou ineficiente do condutor;Colisão traseira;Com Vítimas Feridas;Pleno dia;Crescente;Céu Claro;Dupla;Reta;Não;6;0;1;0;5;0;1;2;-19,7456327;-47,9385299;SPRF-MG;DEL13-MG;UOP01-DEL13-MG
730160;07/11/2025;sexta-feira;12:50:00;MS;163;257;DOURADOS;Ausência de reação do condutor;Colisão com objeto;Com Vítimas Feridas;Pleno dia;Crescente;Sol;Dupla;Declive;Não;2;0;1;0;1;0;1;2;-22,25879;-54,78972;SPRF-MS;DEL04-MS;UOP01-DEL04-MS
730162;07/11/2025;sexta-feira;13:56:00;MG;262;38,4;MANHUACU;Ausência de reação do condutor;Colisão traseira;Com Vítimas Feridas;Pleno dia;Decrescente;Nublado;Simples;"Reta;Aclive";Não;2;0;1;0;1;0;1;2;-20,273579;-42,049524;SPRF-MG;DEL06-MG;UOP03-DEL06-MG
730163;07/11/2025;sexta-feira;12:00:00;MG;116;276,6;TEOFILO OTONI;Entrada inopinada do pedestre;Atropelamento de Pedestre;Com Vítimas Feridas;Pleno dia;Decrescente;Céu Claro;Simples;Reta;Sim;2;0;0;1;1;0;1;2;-17,856937;-41,514772;SPRF-MG;DEL11-MG;UOP01-DEL11-MG
730164;07/11/2025;sexta-feira;13:15:00;RS;285;450,9;IJUI;Velocidade Incompatível;Saída de leito carroçável;Com Vítimas Feridas;Pleno dia;Crescente;Chuva;Simples;Curva;Não;1;0;1;0;0;0;1;1;-28,375273;-53,844238;SPRF-RS;DEL10-RS;UOP01-DEL10-RS
730165;07/11/2025;sexta-feira;13:20:00;SC;282;506,1;XANXERE;Desrespeitar a preferência no cruzamento;Colisão transversal;Com Vítimas Feridas;Pleno dia;Crescente;Nublado;Simples;"Reta;Interseção de Vias";Sim;2;0;2;0;0;0;2;2;-26,88536847;-52,43005157;SPRF-SC;DEL07-SC;UOP01-DEL07-SC
730166;07/11/2025;sexta-feira;10:30:00;MG;50;199;DELTA;Velocidade Incompatível;Colisão com objeto;Com Vítimas Feridas;Pleno dia;Decrescente;Céu Claro;Dupla;"Declive;Reta";Não;3;0;0;1;2;0;1;1;-19,91803152;-47,82756583;SPRF-MG;DEL13-MG;UOP01-DEL13-MG
730167;07/11/2025;sexta-feira;13:30:00;SC;101;350;JAGUARUNA;Acumulo de água sobre o pavimento;Saída de leito carroçável;Com Vítimas Feridas;Pleno dia;Crescente;Chuva;Simples;Reta;Sim;1;0;1;0;0;0;1;1;-28,59919601;-49,05135719;SPRF-SC;DEL02-SC;UOP01-DEL02-SC
730168;03/11/2025;segunda-feira;12:50:00;RJ;101;482;ANGRA DOS REIS;Acessar a via sem observar a presença dos outros veículos;Colisão transversal;Com Vítimas Feridas;Pleno dia;Decrescente;Nublado;Simples;Interseção de Vias;Sim;3;0;1;0;2;0;1;2;-23,00459795;-44,29795163;SPRF-RJ;DEL03-RJ;UOP03-DEL03-RJ
730171;07/11/2025;sexta-feira;10:30:00;PI;343;111;PIRACURUCA;Reação tardia ou ineficiente do condutor;Saída de leito carroçável;Com Vítimas Feridas;Pleno dia;Crescente;Céu Claro;Simples;Reta;Não;4;0;0;4;0;0;4;1;-3,8092485;-41,68686926;SPRF-PI;DEL02-PI;UOP01-DEL02-PI
730172;07/11/2025;sexta-feira;12:15:00;RJ;465;21;NOVA IGUACU;Trafegar com motocicleta (ou similar) entre as faixas;Colisão transversal;Com Vítimas Feridas;Pleno dia;Crescente;Céu Claro;Simples;Reta;Sim;2;0;1;0;1;0;1;2;-22,85266126;-43,60205261;SPRF-RJ;DEL06-RJ;UOP02-DEL06-RJ
730173;07/11/2025;sexta-feira;13:33:00;SC;470;39,3;GASPAR;Acessar a via sem observar a presença dos outros veículos;Colisão lateral mesmo sentido;Sem Vítimas;Pleno dia;Decrescente;Nublado;Dupla;Reta;Não;2;0;0;0;1;1;0;2;-26,89329;-48,98791;SPRF-SC;DEL04-SC;UOP01-DEL04-SC
730174;07/11/2025;sexta-feira;11:20:00;PA;230;3;ALTAMIRA;Reação tardia ou ineficiente do condutor;Colisão traseira;Com Vítimas Feridas;Pleno dia;Crescente;Céu Claro;Simples;"Declive;Reta";Sim;3;0;1;0;2;0;1;2;-3,18425;-52,19199;SPRF-PA;DEL04-PA;UOP01-DEL04-PA
730177;07/11/2025;sexta-feira;15:15:00;RJ;493;87;JAPERI;Ausência de reação do condutor;Saída de leito carroçável;Com Vítimas Feridas;Pleno dia;Crescente;Céu Claro;Dupla;Reta;Não;2;0;2;0;0;0;2;1;-22,66520297;-43,63193862;SPRF-RJ;DEL01-RJ;UOP03-DEL01-RJ
730180;19/10/2025;domingo;05:40:00;ES;101;269;SERRA;Condutor desrespeitou a iluminação vermelha do semáforo;Colisão transversal;Com Vítimas Feridas;Amanhecer;Decrescente;Nublado;Dupla;"Interseção de Vias;Reta";Sim;2;0;1;0;1;0;1;2;-20,11139198;-40,32669067;SPRF-ES;DEL02-ES;UOP01-DEL02-ES
730181;07/11/2025;sexta-feira;14:40:00;RJ;40;124;DUQUE DE CAXIAS;Manobra de mudança de faixa;Colisão lateral mesmo sentido;Com Vítimas Feridas;Pleno dia;Decrescente;Nublado;Dupla;Reta;Sim;2;0;1;0;1;0;1;2;-22,8067961;-43,2892553;SPRF-RJ;DEL01-RJ;UOP02-DEL01-RJ
730182;07/11/2025;sexta-feira;14:00:00;MS;163;315;RIO BRILHANTE;Reação tardia ou ineficiente do condutor;Colisão traseira;Sem Vítimas;Pleno dia;Decrescente;Céu Claro;Dupla;Reta;Não;2;0;0;0;2;0;0;2;-21,8523;-54,53378;SPRF-MS;DEL02-MS;UOP02-DEL02-MS
730183;07/11/2025;sexta-feira;15:50:00;RS;392;304,2;FORMIGUEIRO;Ingestão de álcool pelo condutor;Saída de leito carroçável;Com Vítimas Feridas;Pleno dia;Decrescente;Garoa/Chuvisco;Simples;Reta;Não;1;0;1;0;0;0;1;1;-30,06944353;-53,64918182;SPRF-RS;DEL09-RS;UOP01-DEL09-RS
730184;07/11/2025;sexta-feira;15:45:00;SP;116;150;SAO JOSE DOS CAMPOS;Manobra de mudança de faixa;Colisão lateral mesmo sentido;Com Vítimas Feridas;Pleno dia;Crescente;Nublado;Dupla;Reta;Não;2;0;1;0;1;0;1;2;-23,21373428;-45,8939445;SPRF-SP;DEL02-SP;UOP01-DEL02-SP
730187;07/11/2025;sexta-feira;16:30:00;SC;282;0,5;FLORIANOPOLIS;Reação tardia ou ineficiente do condutor;Colisão traseira;Com Vítimas Feridas;Pleno dia;Decrescente;Chuva;Dupla;Reta;Sim;2;0;1;0;1;0;1;2;-27,600428;-48,576785;SPRF-SC;DEL01-SC;UOP01-DEL01-SC
730191;07/11/2025;sexta-feira;16:50:00;BA;242;791,9;BARREIRAS;Demais falhas mecânicas ou elétricas;Saída de leito carroçável;Sem Vítimas;Pleno dia;Decrescente;Chuva;Simples;Reta;Não;1;0;0;0;1;0;0;1;-12,1433;-44,8012;SPRF-BA;DEL10-BA;UOP01-DEL10-BA
730192;07/11/2025;sexta-feira;17:00:00;SC;101;205,7;SAO JOSE;Trafegar com motocicleta (ou similar) entre as faixas;Tombamento;Com Vítimas Feridas;Pleno dia;Crescente;Garoa/Chuvisco;Múltipla;Reta;Sim;2;0;1;0;0;1;1;2;-27,59219706;-48,61836132;SPRF-SC;DEL01-SC;UOP01-DEL01-SC
730198;07/11/2025;sexta-feira;07:45:00;ES;101;68,3;SAO MATEUS;Animais na Pista;Tombamento;Com Vítimas Feridas;Pleno dia;Decrescente;Nublado;Simples;Interseção de Vias;Sim;1;0;1;0;0;0;1;1;-18,72927656;-39,85959403;SPRF-ES;DEL04-ES;UOP02-DEL04-ES
730200;07/11/2025;sexta-feira;17:30:00;RS;116;253,5;SAPUCAIA DO SUL;Acessar a via sem observar a presença dos outros veículos;Colisão transversal;Com Vítimas Feridas;Pleno dia;Decrescente;Chuva;Múltipla;"Reta;Interseção de Vias;Viaduto";Sim;5;0;3;0;0;2;3;4;-29,824288;-51,17176;SPRF-RS;DEL01-RS;UOP02-DEL01-RS
730201;07/11/2025;sexta-feira;10:20:00;SC;280;17;SAO FRANCISCO DO SUL;Mal súbito do condutor;Colisão lateral sentido oposto;Com Vítimas Feridas;Pleno dia;Decrescente;Nublado;Simples;Reta;Não;3;0;1;0;2;0;1;3;-26,350136;-48,658762;SPRF-SC;DEL03-SC;UOP03-DEL03-SC
730202;07/11/2025;sexta-feira;14:15:00;SC;282;54,4;AGUAS MORNAS;Velocidade Incompatível;Colisão frontal;Com Vítimas Feridas;Pleno dia;Decrescente;Chuva;Simples;"Declive;Curva";Não;7;0;3;1;3;0;4;3;-27,68804512;-48,97751061;SPRF-SC;DEL01-SC;UOP03-DEL01-SC
730206;07/11/2025;sexta-feira;17:25:00;SE;101;117,5;ITAPORANGA DAJUDA;Acessar a via sem observar a presença dos outros veículos;Colisão transversal;Com Vítimas Feridas;Anoitecer;Crescente;Céu Claro;Dupla;"Reta;Declive";Não;2;0;1;1;0;0;2;2;-11,022112;-37,325443;SPRF-SE;DEL02-SE;UOP01-DEL02-SE
730207;07/11/2025;sexta-feira;17:22:00;PR;277;723;FOZ DO IGUACU;Ultrapassagem Indevida;Colisão lateral mesmo sentido;Com Vítimas Feridas;Pleno dia;Decrescente;Garoa/Chuvisco;Dupla;Reta;Sim;2;0;1;0;0;1;1;2;-25,48651523;-54,50016975;SPRF-PR;DEL05-PR;UOP03-DEL05-PR
730208;07/11/2025;sexta-feira;16:25:00;MG;116;517,1;UBAPORANGA;Reação tardia ou ineficiente do condutor;Queda de ocupante de veículo;Com Vítimas Feridas;Pleno dia;Decrescente;Céu Claro;Simples;"Curva;Declive";Não;1;0;1;0;0;0;1;1;-19,710113;-42,121222;SPRF-MG;DEL06-MG;UOP02-DEL06-MG
730209;07/11/2025;sexta-feira;10:20:00;RJ;101;322;NITEROI;Manobra de mudança de faixa;Colisão lateral mesmo sentido;Com Vítimas Feridas;Pleno dia;Decrescente;Céu Claro;Múltipla;Curva;Sim;2;0;1;0;0;1;1;2;-22,87835736;-43,11429907;SPRF-RJ;DEL02-RJ;UOP01-DEL02-RJ
730211;07/11/2025;sexta-feira;17:00:00;MG;365;563,5;INDIANOPOLIS;Transitar na contramão;Colisão lateral sentido oposto;Com Vítimas Feridas;Pleno dia;Crescente;Céu Claro;Simples;Reta;Não;3;0;1;0;1;1;1;3;-18,921528;-47,789785;SPRF-MG;DEL15-MG;UOP02-DEL15-MG
730212;07/11/2025;sexta-feira;17:00:00;MG;40;754;EWBANK DA CAMARA;Chuva;Capotamento;Com Vítimas Feridas;Pleno dia;Crescente;Chuva;Simples;Curva;Não;4;0;2;0;2;0;2;1;-21,5222339;-43,5227652;SPRF-MG;DEL05-MG;UOP01-DEL05-MG
730213;07/11/2025;sexta-feira;16:00:00;PI;343;591,6;FLORIANO;Acessar a via sem observar a presença dos outros veículos;Colisão transversal;Com Vítimas Feridas;Pleno dia;Crescente;Sol;Dupla;"Interseção de Vias;Retorno Regulamentado;Reta";Sim;3;0;0;1;1;1;1;3;-6,779172;-43,028698;SPRF-PI;DEL03-PI;UOP01-DEL03-PI
730214;07/11/2025;sexta-feira;16:00:00;PR;487;164,6;ARARUNA;Ausência de reação do condutor;Colisão transversal;Com Vítimas Feridas;Pleno dia;Decrescente;Sol;Simples;"Reta;Declive";Não;3;0;1;0;2;0;1;2;-23,9888;-52,5147;SPRF-PR;DEL09-PR;UOP03-DEL09-PR
730215;07/11/2025;sexta-feira;12:00:00;RS;116;357,8;SENTINELA DO SUL;Acumulo de água sobre o pavimento;Saída de leito carroçável;Com Vítimas Feridas;Pleno dia;Crescente;Chuva;Dupla;Curva;Não;2;0;2;0;0;0;2;1;-30,59069244;-51,53794885;SPRF-RS;DEL02-RS;UOP02-DEL02-RS
730216;07/11/2025;sexta-feira;17:50:00;ES;101;65;SAO MATEUS;Ausência de reação do condutor;Colisão traseira;Com Vítimas Feridas;Anoitecer;Crescente;Nublado;Múltipla;Reta;Sim;2;0;1;0;1;0;1;2;-18,714398;-39,87733;SPRF-ES;DEL04-ES;UOP02-DEL04-ES
730217;07/11/2025;sexta-feira;18:00:00;SC;101;115;ITAJAI;Manobra de mudança de faixa;Colisão traseira;Com Vítimas Feridas;Plena Noite;Crescente;Chuva;Múltipla;Reta;Sim;2;0;1;0;1;0;1;2;-26,87583716;-48,72745514;SPRF-SC;DEL04-SC;UOP04-DEL04-SC
730218;07/11/2025;sexta-feira;18:00:00;PR;369;138,3;IBIPORA;Desrespeitar a preferência no cruzamento;Colisão transversal;Com Vítimas Feridas;Anoitecer;Decrescente;Céu Claro;Simples;"Reta;Declive";Sim;2;0;1;0;1;0;1;2;-23,27308573;-51,052351;SPRF-PR;DEL07-PR;UOP01-DEL07-PR
730219;07/11/2025;sexta-feira;16:25:00;MG;146;484,5;POCOS DE CALDAS;Manobra de mudança de faixa;Colisão lateral mesmo sentido;Com Vítimas Feridas;Pleno dia;Decrescente;Céu Claro;Simples;Reta;Não;4;0;1;1;2;0;2;3;-21,805645;-46,4561;SPRF-MG;DEL09-MG;UOP01-DEL09-MG
730222;07/11/2025;sexta-feira;17:50:00;GO;60;7;SANTO ANTONIO DO DESCOBERTO;Manobra de mudança de faixa;Colisão com objeto;Sem Vítimas;Anoitecer;Crescente;Céu Claro;Dupla;Curva;Não;1;0;0;0;1;0;0;1;-16,102632;-48,289092;SPRF-DF;DEL03-DF;UOP01-DEL03-DF
730223;07/11/2025;sexta-feira;16:22:00;DF;60;27,9;BRASILIA;Velocidade Incompatível;Saída de leito carroçável;Sem Vítimas;Pleno dia;Crescente;Céu Claro;Dupla;"Reta;Aclive";Não;2;0;0;0;2;0;0;1;-16,02047;-48,25052;SPRF-DF;DEL03-DF;UOP01-DEL03-DF
730224;07/11/2025;sexta-feira;16:20:00;RJ;101;326;NITEROI;Trafegar com motocicleta (ou similar) entre as faixas;Colisão lateral mesmo sentido;Com Vítimas Feridas;Pleno dia;Decrescente;Céu Claro;Múltipla;Reta;Sim;2;0;1;0;0;1;1;2;-22,87329684;-43,13975781;SPRF-RJ;DEL02-RJ;UOP01-DEL02-RJ
730226;07/11/2025;sexta-feira;16:30:00;RJ;40;117;DUQUE DE CAXIAS;Trafegar com motocicleta (ou similar) entre as faixas;Colisão traseira;Com Vítimas Feridas;Pleno dia;Decrescente;Nublado;Múltipla;Reta;Sim;2;0;0;1;1;0;1;2;-22,74596056;-43,28775864;SPRF-RJ;DEL01-RJ;UOP02-DEL01-RJ
730228;07/11/2025;sexta-feira;16:40:00;RJ;40;116;DUQUE DE CAXIAS;Trafegar com motocicleta (ou similar) entre as faixas;Queda de ocupante de veículo;Com Vítimas Feridas;Pleno dia;Decrescente;Nublado;Dupla;Reta;Sim;1;0;1;0;0;0;1;1;-22,73856003;-43,28822271;SPRF-RJ;DEL01-RJ;UOP02-DEL01-RJ
730232;07/11/2025;sexta-feira;17:50:00;PR;277;535,7;IBEMA;Acessar a via sem observar a presença dos outros veículos;Colisão transversal;Com Vítimas Feridas;Anoitecer;Crescente;Garoa/Chuvisco;Simples;"Reta;Interseção de Vias";Não;6;0;2;0;4;0;2;2;-25,11601;-53,00682;SPRF-PR;DEL04-PR;UOP04-DEL04-PR
730233;07/11/2025;sexta-feira;18:48:00;MG;381;443,6;SABARA;Transitar na contramão;Colisão frontal;Com Vítimas Feridas;Plena Noite;Decrescente;Céu Claro;Simples;Reta;Sim;3;0;0;1;2;0;1;2;-19,83211651;-43,84537339;SPRF-MG;DEL01-MG;UOP01-DEL01-MG
730234;07/11/2025;sexta-feira;16:19:00;MT;364;205;RONDONOPOLIS;Frear bruscamente;Queda de ocupante de veículo;Com Vítimas Feridas;Pleno dia;Crescente;Céu Claro;Dupla;Reta;Sim;2;0;1;0;0;1;1;2;-16,44724432;-54,66690157;SPRF-MT;DEL02-MT;UOP01-DEL02-MT
730236;07/11/2025;sexta-feira;18:15:00;GO;60;166,5;GOIANIA;Pedestre - Ingestão de álcool/ substâncias psicoativas;Atropelamento de Pedestre;Com Vítimas Fatais;Anoitecer;Crescente;Nublado;Múltipla;"Reta;Aclive";Sim;3;1;0;0;1;1;0;2;-16,7239798;-49,37742788;SPRF-GO;DEL01-GO;UOP02-DEL01-GO
730237;07/11/2025;sexta-feira;18:35:00;BA;415;50;ITABUNA;Ausência de reação do condutor;Colisão traseira;Com Vítimas Feridas;Plena Noite;Crescente;Céu Claro;Simples;Reta;Sim;3;0;1;0;2;0;1;2;-14,81927;-39,30451;SPRF-BA;DEL05-BA;UOP01-DEL05-BA
730239;07/11/2025;sexta-feira;19:00:00;MG;40;528;CONTAGEM;Ausência de reação do condutor;Saída de leito carroçável;Sem Vítimas;Plena Noite;Decrescente;Céu Claro;Múltipla;"Reta;Declive";Sim;1;0;0;0;1;0;0;1;-19,9051056;-44,0489188;SPRF-MG;DEL01-MG;UOP02-DEL01-MG
730240;07/11/2025;sexta-feira;17:52:00;RS;116;327;BARRA DO RIBEIRO;Ingestão de álcool pelo condutor;Colisão transversal;Com Vítimas Feridas;Anoitecer;Decrescente;Chuva;Dupla;Reta;Não;4;0;1;0;3;0;1;2;-30,350685;-51,428815;SPRF-RS;DEL02-RS;UOP01-DEL02-RS
730241;07/11/2025;sexta-feira;17:00:00;PR;369;159;CAMBE;Condutor deixou de manter distância do veículo da frente;Colisão traseira;Com Vítimas Feridas;Pleno dia;Crescente;Céu Claro;Dupla;Reta;Sim;3;0;1;0;2;0;1;3;-23,28190103;-51,25261394;SPRF-PR;DEL07-PR;UOP01-DEL07-PR
730243;07/11/2025;sexta-feira;16:50:00;RJ;116;180;BELFORD ROXO;Manobra de mudança de faixa;Colisão lateral mesmo sentido;Com Vítimas Feridas;Pleno dia;Crescente;Céu Claro;Dupla;"Reta;Declive";Sim;2;0;1;0;1;0;1;2;-22,76504546;-43,41557312;SPRF-RJ;DEL06-RJ;UOP01-DEL06-RJ