id;data_inversa;dia_semana;horario;uf;br;km;municipio;causa_acidente;tipo_acidente;classificacao_acidente;fase_dia;sentido_via;condicao_metereologica;tipo_pista;tracado_via;uso_solo;pessoas;mortos;feridos_leves;feridos_graves;ilesos;ignorados;feridos;veiculos;latitude;longitude;regional;delegacia;uop
730245;07/11/2025;sexta-feira;19:00:00;PB;104;115,8;LAGOA SECA;Ausência de reação do condutor;Saída de leito carroçável;Com Vítimas Feridas;Plena Noite;Decrescente;Céu Claro;Simples;Curva;Não;3;0;3;0;0;0;3;1;-7,175844;-35,860287;SPRF-PB;DEL02-PB;UOP04-DEL02-PB
730247;07/11/2025;sexta-feira;18:40:00;SP;381;1;VARGEM;Avarias e/ou desgaste excessivo no pneu;Queda de ocupante de veículo;Com Vítimas Feridas;Plena Noite;Crescente;Garoa/Chuvisco;Dupla;Reta;Não;1;0;1;0;0;0;1;1;-22,88184535;-46,38415128;SPRF-SP;DEL03-SP;UOP02-DEL03-SP
730249;07/11/2025;sexta-feira;19:00:00;PR;277;81;CURITIBA;Reação tardia ou ineficiente do condutor;Engavetamento;Com Vítimas Feridas;Plena Noite;Decrescente;Nublado;Dupla;Reta;Sim;4;0;1;0;3;0;1;4;-25,469615;-49,21294;SPRF-PR;DEL01-PR;UOP03-DEL01-PR
730251;07/11/2025;sexta-feira;19:30:00;RJ;101;205;CASIMIRO DE ABREU;Acessar a via sem observar a presença dos outros veículos;Colisão transversal;Com Vítimas Feridas;Plena Noite;Decrescente;Céu Claro;Simples;Reta;Sim;3;0;2;0;1;0;2;2;-22,475787;-42,192322;SPRF-RJ;DEL08-RJ;UOP04-DEL08-RJ
730253;07/11/2025;sexta-feira;13:30:00;MG;381;224,9;BELO ORIENTE;Ultrapassagem Indevida;Colisão frontal;Com Vítimas Feridas;Pleno dia;Decrescente;Nublado;Simples;Reta;Não;2;0;0;2;0;0;2;2;-19,328736;-42,419751;SPRF-MG;DEL06-MG;UOP01-DEL06-MG
730254;07/11/2025;sexta-feira;19:15:00;MS;463;2;DOURADOS;Ingestão de álcool pelo condutor;Colisão frontal;Com Vítimas Feridas;Plena Noite;Decrescente;Céu Claro;Dupla;"Reta;Declive";Sim;2;0;2;0;0;0;2;2;-22,25936779;-54,8222493;SPRF-MS;DEL04-MS;UOP01-DEL04-MS
730257;07/11/2025;sexta-feira;20:00:00;MG;40;515;RIBEIRAO DAS NEVES;Trafegar com motocicleta (ou similar) entre as faixas;Colisão lateral mesmo sentido;Com Vítimas Feridas;Plena Noite;Decrescente;Céu Claro;Dupla;"Reta;Declive";Não;2;0;0;1;1;0;1;2;-19,8018018;-44,10331967;SPRF-MG;DEL01-MG;UOP02-DEL01-MG
730258;07/11/2025;sexta-feira;20:20:00;SC;101;201;SAO JOSE;Reação tardia ou ineficiente do condutor;Tombamento;Com Vítimas Feridas;Plena Noite;Decrescente;Chuva;Dupla;Reta;Sim;1;0;1;0;0;0;1;1;-27,55505;-48,62083;SPRF-SC;DEL01-SC;UOP01-DEL01-SC
730259;07/11/2025;sexta-feira;20:10:00;TO;153;140;ARAGUAINA;Animais na Pista;Atropelamento de Animal;Com Vítimas Feridas;Plena Noite;Decrescente;Céu Claro;Dupla;"Reta;Rotatória";Sim;1;0;1;0;0;0;1;1;-7,17903276;-48,22282344;SPRF-TO;DEL02-TO;UOP01-DEL02-TO
730260;07/11/2025;sexta-feira;20:25:00;PB;230;9,9;CABEDELO;Manobra de mudança de faixa;Colisão lateral mesmo sentido;Sem Vítimas;Plena Noite;Crescente;Céu Claro;Dupla;Reta;Não;6;0;0;0;6;0;0;2;-7,0537356;-34,8505238;SPRF-PB;DEL01-PB;UOP01-DEL01-PB
730261;07/11/2025;sexta-feira;20:30:00;BA;116;17;VITORIA DA CONQUISTA;Acessar a via sem observar a presença dos outros veículos;Colisão transversal;Com Vítimas Feridas;Plena Noite;Crescente;Nublado;Simples;Curva;Sim;2;0;1;0;0;1;1;2;-14,90247;-40,84117;SPRF-BA;DEL08-BA;UOP01-DEL08-BA
730262;07/11/2025;sexta-feira;21:00:00;ES;101;297;CARIACICA;Reação tardia ou ineficiente do condutor;Colisão com objeto;Com Vítimas Fatais;Plena Noite;Crescente;Garoa/Chuvisco;Dupla;"Aclive;Curva";Não;1;1;0;0;0;0;0;1;-20,344911;-40,410048;SPRF-ES;DEL01-ES;UOP01-DEL01-ES
730265;07/11/2025;sexta-feira;20:46:00;PB;230;26;JOAO PESSOA;Ingestão de álcool pelo condutor;Saída de leito carroçável;Sem Vítimas;Plena Noite;Crescente;Céu Claro;Dupla;Curva;Sim;1;0;0;0;1;0;0;1;-7,16845067;-34,88357663;SPRF-PB;DEL01-PB;UOP01-DEL01-PB
730267;07/11/2025;sexta-feira;17:50:00;BA;324;398;NOVA FATIMA;Demais falhas mecânicas ou elétricas;Saída de leito carroçável;Com Vítimas Feridas;Anoitecer;Crescente;Nublado;Simples;Reta;Não;5;0;4;0;1;0;4;1;-11,575919;-39,662553;SPRF-BA;DEL04-BA;UOP02-DEL04-BA
730271;07/11/2025;sexta-feira;21:27:00;RN;304;298,9;MACAIBA;Acessar a via sem observar a presença dos outros veículos;Colisão traseira;Com Vítimas Feridas;Plena Noite;Crescente;Céu Claro;Dupla;Reta;Sim;3;0;2;0;1;0;2;3;-5,870125;-35,326217;SPRF-RN;DEL01-RN;UOP02-DEL01-RN
730272;07/11/2025;sexta-feira;19:45:00;RJ;101;407;ITAGUAI;Condutor deixou de manter distância do veículo da frente;Colisão traseira;Com Vítimas Feridas;Plena Noite;Decrescente;Céu Claro;Múltipla;Reta;Sim;2;0;1;0;1;0;1;2;-22,8589478;-43,7591036;SPRF-RJ;DEL03-RJ;UOP01-DEL03-RJ
730274;07/11/2025;sexta-feira;20:00:00;PR;277;48;MORRETES;Reação tardia ou ineficiente do condutor;Queda de ocupante de veículo;Com Vítimas Feridas;Plena Noite;Decrescente;Chuva;Dupla;"Aclive;Reta";Não;1;0;1;0;0;0;1;1;-25,59166307;-48,92272901;SPRF-PR;DEL01-PR;UOP05-DEL01-PR
730275;07/11/2025;sexta-feira;21:20:00;PR;376;624;SAO JOSE DOS PINHAIS;Ausência de reação do condutor;Saída de leito carroçável;Com Vítimas Feridas;Plena Noite;Crescente;Chuva;Dupla;Reta;Não;1;0;1;0;0;0;1;1;-25,65566455;-49,15664546;SPRF-PR;DEL01-PR;UOP04-DEL01-PR
730276;07/11/2025;sexta-feira;21:40:00;SP;116;213;GUARULHOS;Ausência de reação do condutor;Colisão traseira;Com Vítimas Feridas;Plena Noite;Decrescente;Céu Claro;Múltipla;Reta;Sim;3;0;1;1;1;0;2;2;-23,44139895;-46,44064045;SPRF-SP;DEL01-SP;UOP01-DEL01-SP
730277;07/11/2025;sexta-feira;22:00:00;PR;277;8;PARANAGUA;Reação tardia ou ineficiente do condutor;Saída de leito carroçável;Com Vítimas Feridas;Plena Noite;Crescente;Chuva;Dupla;Reta;Não;1;0;1;0;0;0;1;1;-25,564877;-48,59951;SPRF-PR;DEL01-PR;UOP05-DEL01-PR
730278;07/11/2025;sexta-feira;21:30:00;PR;376;237;APUCARANA;Ingestão de álcool pelo condutor;Colisão com objeto;Sem Vítimas;Plena Noite;Crescente;Nublado;Dupla;Reta;Não;1;0;0;0;1;0;0;1;-23,58698417;-51,48135751;SPRF-PR;DEL07-PR;UOP03-DEL07-PR
730279;07/11/2025;sexta-feira;21:30:00;SP;116;230,5;SAO PAULO;Entrada inopinada do pedestre;Atropelamento de Pedestre;Com Vítimas Feridas;Plena Noite;Decrescente;Céu Claro;Múltipla;Reta;Sim;2;0;0;1;0;1;1;2;-23,519833;-46,582917;SPRF-SP;DEL01-SP;UOP01-DEL01-SP
730280;07/11/2025;sexta-feira;20:40:00;PE;232;408;SERRA TALHADA;Pedestre cruzava a pista fora da faixa;Atropelamento de Pedestre;Com Vítimas Fatais;Plena Noite;Decrescente;Céu Claro;Simples;"Reta;Declive";Sim;2;1;0;0;1;0;0;2;-7,983042;-38,284053;SPRF-PE;DEL04-PE;UOP01-DEL04-PE
730281;07/11/2025;sexta-feira;22:15:00;SP;116;155,8;SAO JOSE DOS CAMPOS;Reação tardia ou ineficiente do condutor;Colisão com objeto;Com Vítimas Feridas;Plena Noite;Crescente;Nublado;Dupla;"Interseção de Vias;Curva";Sim;1;0;1;0;0;0;1;1;-23,24243933;-45,92461109;SPRF-SP;DEL02-SP;UOP01-DEL02-SP
730282;07/11/2025;sexta-feira;22:00:00;RN;101;140;ARES;Ausência de reação do condutor;Tombamento;Com Vítimas Feridas;Plena Noite;Crescente;Céu Claro;Dupla;Reta;Não;1;0;1;0;0;0;1;1;-6,20678;-35,21478;SPRF-RN;DEL01-RN;UOP01-DEL01-RN
730285;07/11/2025;sexta-feira;22:43:00;SP;116;277;ITAPECERICA DA SERRA;Reação tardia ou ineficiente do condutor;Colisão lateral mesmo sentido;Com Vítimas Feridas;Plena Noite;Decrescente;Nublado;Dupla;Reta;Sim;2;0;1;0;1;0;1;2;-23,7002529;-46,8689477;SPRF-SP;DEL04-SP;UOP01-DEL04-SP
730286;07/11/2025;sexta-feira;21:30:00;RJ;101;574;PARATY;Reação tardia ou ineficiente do condutor;Colisão traseira;Com Vítimas Fatais;Plena Noite;Crescente;Nublado;Simples;Reta;Sim;2;1;0;0;1;0;0;2;-23,21931429;-44,73478317;SPRF-RJ;DEL03-RJ;UOP04-DEL03-RJ
730288;07/11/2025;sexta-feira;23:10:00;SP;116;213;GUARULHOS;Manobra de mudança de faixa;Colisão lateral mesmo sentido;Com Vítimas Feridas;Plena Noite;Decrescente;Céu Claro;Múltipla;Reta;Não;3;0;1;0;2;0;1;2;-23,43928354;-46,43660255;SPRF-SP;DEL01-SP;UOP01-DEL01-SP
730289;07/11/2025;sexta-feira;21:10:00;RJ;40;53,8;PETROPOLIS;Suicídio (presumido);Atropelamento de Pedestre;Com Vítimas Fatais;Plena Noite;Decrescente;Céu Claro;Dupla;"Aclive;Curva";Não;2;1;0;0;1;0;0;2;-22,3462317;-43,1256495;SPRF-RJ;DEL05-RJ;UOP02-DEL05-RJ
730291;07/11/2025;sexta-feira;20:35:00;PR;476;317;PAULO FRONTIN;Transitar na contramão;Colisão lateral sentido oposto;Com Vítimas Feridas;Plena Noite;Decrescente;Chuva;Simples;Curva;Não;4;0;1;1;2;0;2;1;-26,027258;-50,675808;SPRF-PR;DEL02-PR;UOP03-DEL02-PR
730292;07/11/2025;sexta-feira;23:40:00;SC;470;89,8;ASCURRA;Ausência de reação do condutor;Saída de leito carroçável;Com Vítimas Feridas;Plena Noite;Decrescente;Chuva;Simples;Curva;Não;2;0;1;0;1;0;1;1;-26,97287019;-49,36686007;SPRF-SC;DEL04-SC;UOP01-DEL04-SC
730293;07/11/2025;sexta-feira;21:20:00;MA;10;368;ITINGA DO MARANHAO;Reação tardia ou ineficiente do condutor;Saída de leito carroçável;Com Vítimas Fatais;Plena Noite;Crescente;Céu Claro;Simples;"Reta;Declive";Não;3;1;0;1;1;0;1;1;-4,53;-47,5;SPRF-MA;DEL04-MA;UOP03-DEL04-MA
730294;07/11/2025;sexta-feira;22:30:00;PA;316;154;CAPANEMA;Trafegar com motocicleta (ou similar) entre as faixas;Colisão transversal;Com Vítimas Feridas;Plena Noite;Decrescente;Céu Claro;Simples;Reta;Não;2;0;0;1;1;0;1;2;-1,2084755;-47,15382493;SPRF-PA;DEL01-PA;UOP03-DEL01-PA
730295;07/11/2025;sexta-feira;23:05:00;PB;230;22,1;JOAO PESSOA;Ausência de reação do condutor;Colisão traseira;Com Vítimas Feridas;Plena Noite;Decrescente;Céu Claro;Dupla;Reta;Sim;2;0;1;0;0;1;1;2;-7,152507;-34,854047;SPRF-PB;DEL01-PB;UOP01-DEL01-PB
730296;07/11/2025;sexta-feira;20:40:00;PR;277;515;GUARANIACU;Chuva;Saída de leito carroçável;Com Vítimas Feridas;Plena Noite;Decrescente;Chuva;Simples;"Aclive;Reta";Não;1;0;0;1;0;0;1;1;-25,113556;-52,823461;SPRF-PR;DEL04-PR;UOP04-DEL04-PR
730298;07/11/2025;sexta-feira;23:20:00;MG;381;148,8;GOVERNADOR VALADARES;Velocidade Incompatível;Tombamento;Com Vítimas Feridas;Plena Noite;Crescente;Céu Claro;Simples;Reta;Não;1;0;0;1;0;0;1;1;-18,86990489;-41,99180603;SPRF-MG;DEL06-MG;UOP01-DEL06-MG
730300;07/11/2025;sexta-feira;22:40:00;RJ;493;0;ITABORAI;Ausência de reação do condutor;Colisão traseira;Sem Vítimas;Plena Noite;Decrescente;Céu Claro;Simples;Reta;Não;2;0;0;0;2;0;0;2;-22,76859301;-42,92246517;SPRF-RJ;DEL02-RJ;UOP02-DEL02-RJ
730301;07/11/2025;sexta-feira;23:30:00;MG;40;521;CONTAGEM;Ausência de reação do condutor;Saída de leito carroçável;Com Vítimas Feridas;Plena Noite;Crescente;Chuva;Dupla;Reta;Sim;1;0;0;1;0;0;1;1;-19,86360204;-44,06890869;SPRF-MG;DEL01-MG;UOP02-DEL01-MG
730303;07/11/2025;sexta-feira;23:30:00;RO;364;14;VILHENA;Ingestão de álcool pelo condutor;Saída de leito carroçável;Sem Vítimas;Plena Noite;Crescente;Nublado;Dupla;Rotatória;Sim;1;0;0;0;1;0;0;1;-12,73882022;-60,13900995;SPRF-RO;DEL04-RO;UOP01-DEL04-RO
730304;08/11/2025;sábado;01:00:00;PR;277;82,6;CURITIBA;Chuva;Colisão com objeto;Sem Vítimas;Plena Noite;Decrescente;Chuva;Dupla;Reta;Sim;2;0;0;0;2;0;0;1;-25,45211;-49,226826;SPRF-PR;DEL01-PR;UOP03-DEL01-PR
730305;08/11/2025;sábado;00:55:00;SC;101;127,3;ITAJAI;Ingestão de álcool pelo condutor;Colisão com objeto;Sem Vítimas;Plena Noite;Crescente;Céu Claro;Dupla;Reta;Não;1;0;0;0;0;1;0;1;-26,96764;-48,6838;SPRF-SC;DEL04-SC;UOP04-DEL04-SC
730307;08/11/2025;sábado;00:20:00;MG;381;729,2;CARMO DA CACHOEIRA;Ausência de reação do condutor;Colisão com objeto;Sem Vítimas;Plena Noite;Crescente;Nublado;Dupla;"Declive;Curva";Não;1;0;0;0;0;1;0;1;-21,51583943;-45,23082007;SPRF-MG;DEL04-MG;UOP02-DEL04-MG
730308;08/11/2025;sábado;00:30:00;RO;364;730;PORTO VELHO;Animais na Pista;Atropelamento de Animal;Com Vítimas Feridas;Plena Noite;Decrescente;Céu Claro;Simples;Reta;Não;1;0;1;0;0;0;1;1;-8,8895;-63,9552;SPRF-RO;DEL01-RO;UOP01-DEL01-RO
730309;07/11/2025;sexta-feira;23:37:00;MS;163;681,3;RIO VERDE DE MATO GROSSO;Ausência de reação do condutor;Tombamento;Com Vítimas Feridas;Plena Noite;Crescente;Nublado;Simples;Reta;Sim;1;0;1;0;0;0;1;1;-18,908015;-54,840531;SPRF-MS;DEL06-MS;UOP02-DEL06-MS
730310;07/11/2025;sexta-feira;22:30:00;PR;153;102;IBAITI;Ingestão de álcool pelo condutor;Colisão frontal;Sem Vítimas;Plena Noite;Decrescente;Chuva;Simples;Curva;Não;2;0;0;0;1;1;0;2;-23,78646;-50,18854;SPRF-PR;DEL07-PR;UOP04-DEL07-PR
730313;08/11/2025;sábado;00:30:00;MG;381;722,8;CARMO DA CACHOEIRA;Reação tardia ou ineficiente do condutor;Queda de ocupante de veículo;Com Vítimas Feridas;Plena Noite;Crescente;Ignorado;Dupla;Curva;Sim;2;0;1;0;0;1;1;1;-21,43750637;-45,20829392;SPRF-MG;DEL04-MG;UOP02-DEL04-MG
730314;08/11/2025;sábado;03:00:00;PR;116;97;SAO JOSE DOS PINHAIS;Pedestre andava na pista;Atropelamento de Pedestre;Com Vítimas Feridas;Plena Noite;Crescente;Céu Claro;Dupla;Reta;Não;2;0;1;0;1;0;1;2;-25,5557632;-49,0307584;SPRF-PR;DEL01-PR;UOP07-DEL01-PR
730316;07/11/2025;sexta-feira;23:25:00;MG;381;554,7;ITAGUARA;Reação tardia ou ineficiente do condutor;Capotamento;Com Vítimas Feridas;Plena Noite;Decrescente;Chuva;Dupla;Reta;Não;1;0;1;0;0;0;1;1;-20,33341265;-44,44918424;SPRF-MG;DEL04-MG;UOP03-DEL04-MG
730319;08/11/2025;sábado;02:40:00;PE;232;180;BELO JARDIM;Ingestão de álcool pelo condutor;Colisão lateral sentido oposto;Sem Vítimas;Pleno dia;Decrescente;Céu Claro;Simples;Reta;Sim;2;0;0;0;1;1;0;2;-8,3451989;-36,4316627;SPRF-PE;DEL03-PE;UOP02-DEL03-PE
730321;08/11/2025;sábado;04:23:00;SP;116;287;ITAPECERICA DA SERRA;Ingestão de álcool pelo condutor;Saída de leito carroçável;Com Vítimas Feridas;Plena Noite;Crescente;Chuva;Dupla;"Reta;Retorno Regulamentado";Não;4;0;1;0;2;1;1;1;-23,706;-46,874;SPRF-SP;DEL04-SP;UOP01-DEL04-SP
730322;08/11/2025;sábado;04:00:00;RS;290;107,7;ELDORADO DO SUL;Acumulo de água sobre o pavimento;Saída de leito carroçável;Com Vítimas Feridas;Plena Noite;Decrescente;Chuva;Dupla;Reta;Sim;4;0;3;1;0;0;4;1;-30,0044827;-51,3124015;SPRF-RS;DEL02-RS;UOP01-DEL02-RS
730323;08/11/2025;sábado;03:37:00;RS;116;150,1;CAXIAS DO SUL;Condutor desrespeitou a iluminação vermelha do semáforo;Colisão transversal;Com Vítimas Feridas;Amanhecer;Decrescente;Garoa/Chuvisco;Dupla;"Interseção de Vias;Reta";Sim;4;0;3;0;1;0;3;2;-29,170155;-51,15908;SPRF-RS;DEL05-RS;UOP01-DEL05-RS
730324;08/11/2025;sábado;04:30:00;RS;158;567;SANTANA DO LIVRAMENTO;Ausência de reação do condutor;Saída de leito carroçável;Com Vítimas Feridas;Plena Noite;Decrescente;Nublado;Simples;Reta;Sim;1;0;1;0;0;0;1;1;-30,8724799;-55,5094975;SPRF-RS;DEL11-RS;UOP01-DEL11-RS
730325;08/11/2025;sábado;03:40:00;RS;386;118,8;SARANDI;Ausência de reação do condutor;Saída de leito carroçável;Com Vítimas Fatais;Plena Noite;Decrescente;Chuva;Simples;Curva;Não;1;1;0;0;0;0;0;1;-27,856371;-53,013895;SPRF-RS;DEL08-RS;UOP01-DEL08-RS
730326;08/11/2025;sábado;04:00:00;MG;381;327;NOVA ERA;Chuva;Saída de leito carroçável;Com Vítimas Fatais;Plena Noite;Decrescente;Garoa/Chuvisco;Simples;Reta;Não;1;1;0;0;0;0;0;1;-19,77763;-43,04372;SPRF-MG;DEL03-MG;UOP02-DEL03-MG
730327;08/11/2025;sábado;03:00:00;PE;316;55,8;TRINDADE;Ausência de reação do condutor;Saída de leito carroçável;Com Vítimas Feridas;Plena Noite;Crescente;Céu Claro;Simples;Reta;Não;3;0;2;1;0;0;3;1;-7,742864;-40,280613;SPRF-PE;DEL05-PE;UOP02-DEL05-PE
730328;08/11/2025;sábado;02:45:00;RS;285;570;SAO LUIZ GONZAGA;Animais na Pista;Atropelamento de Animal;Com Vítimas Feridas;Plena Noite;Crescente;Garoa/Chuvisco;Simples;Reta;Sim;1;0;1;0;0;0;1;1;-28,41422403;-54,9758175;SPRF-RS;DEL12-RS;UOP01-DEL12-RS
730330;08/11/2025;sábado;04:30:00;RR;174;3;BOA VISTA;Ausência de reação do condutor;Atropelamento de Pedestre;Com Vítimas Feridas;Plena Noite;Decrescente;Céu Claro;Simples;Reta;Não;3;0;1;0;1;1;1;2;2,73249043;-60,78065157;SPRF-RR;DEL01-RR;UOP01-DEL01-RR
730334;08/11/2025;sábado;02:50:00;RJ;101;333;RIO DE JANEIRO;Ausência de reação do condutor;Colisão com objeto;Com Vítimas Feridas;Plena Noite;Crescente;Nublado;Múltipla;Curva;Sim;1;0;0;1;0;0;1;1;-22,88277178;-43,21502183;SPRF-RJ;DEL02-RJ;UOP01-DEL02-RJ
730335;08/11/2025;sábado;04:09:00;TO;230;101,2;SAO BENTO DO TOCANTINS;Velocidade Incompatível;Tombamento;Com Vítimas Feridas;Plena Noite;Decrescente;Céu Claro;Simples;"Reta;Rotatória";Não;31;0;29;1;1;0;30;1;-5,96827196;-47,88156152;SPRF-TO;DEL02-TO;UOP03-DEL02-TO
730336;08/11/2025;sábado;04:50:00;RS;116;251,6;SAPUCAIA DO SUL;Ausência de reação do condutor;Colisão com objeto;Sem Vítimas;Amanhecer;Decrescente;Chuva;Dupla;"Reta;Aclive";Sim;2;0;0;0;0;2;0;1;-29,8132996;-51,1678525;SPRF-RS;DEL01-RS;UOP02-DEL01-RS
730337;08/11/2025;sábado;05:40:00;SC;101;205;BIGUACU;Ausência de reação do condutor;Colisão com objeto;Sem Vítimas;Pleno dia;Decrescente;Céu Claro;Dupla;Reta;Sim;1;0;0;0;1;0;0;1;-27,52926;-48,63281;SPRF-SC;DEL01-SC;UOP01-DEL01-SC
730338;08/11/2025;sábado;05:35:00;MG;40;44;PARACATU;Acessar a via sem observar a presença dos outros veículos;Colisão transversal;Com Vítimas Feridas;Amanhecer;Decrescente;Céu Claro;Simples;Reta;Sim;2;0;0;1;1;0;1;2;-17,2315063;-46,8540237;SPRF-MG;DEL14-MG;UOP01-DEL14-MG
730339;08/11/2025;sábado;06:03:00;SP;116;334;JUQUITIBA;Reação tardia ou ineficiente do condutor;Saída de leito carroçável;Com Vítimas Feridas;Plena Noite;Crescente;Garoa/Chuvisco;Dupla;Curva;Não;2;0;1;0;1;0;1;1;-23,967227;-47,132254;SPRF-SP;DEL04-SP;UOP03-DEL04-SP
730340;08/11/2025;sábado;06:25:00;SC;101;174;BIGUACU;Velocidade Incompatível;Colisão com objeto;Sem Vítimas;Pleno dia;Crescente;Sol;Dupla;Reta;Não;1;0;0;0;1;0;0;1;-27,34187128;-48,62906702;SPRF-SC;DEL01-SC;UOP01-DEL01-SC
730341;08/11/2025;sábado;05:20:00;GO;40;25;LUZIANIA;Ausência de reação do condutor;Saída de leito carroçável;Com Vítimas Feridas;Amanhecer;Decrescente;Céu Claro;Simples;Curva;Sim;1;0;1;0;0;0;1;1;-16,25604334;-47,89790154;SPRF-DF;DEL01-DF;UOP01-DEL01-DF
730342;08/11/2025;sábado;06:00:00;ES;259;53,5;COLATINA;Ausência de reação do condutor;Capotamento;Com Vítimas Feridas;Pleno dia;Crescente;Nublado;Simples;"Aclive;Reta";Não;2;0;1;0;1;0;1;1;-19,50383017;-40,65457971;SPRF-ES;DEL02-ES;UOP01-DEL02-ES
730343;07/11/2025;sexta-feira;08:30:00;BA;116;427;FEIRA DE SANTANA;Demais falhas na via;Queda de ocupante de veículo;Com Vítimas Feridas;Pleno dia;Crescente;Céu Claro;Dupla;"Reta;Declive";Sim;2;0;1;0;1;0;1;1;-12,26722143;-38,98930974;SPRF-BA;DEL02-BA;UOP01-DEL02-BA
730344;08/11/2025;sábado;06:15:00;MG;381;855;POUSO ALEGRE;Chuva;Tombamento;Com Vítimas Feridas;Amanhecer;Decrescente;Garoa/Chuvisco;Dupla;"Reta;Aclive";Sim;1;0;1;0;0;0;1;1;-22,282183;-45,895495;SPRF-MG;DEL16-MG;UOP01-DEL16-MG
730345;08/11/2025;sábado;06:00:00;SP;116;541;BARRA DO TURVO;Reação tardia ou ineficiente do condutor;Colisão com objeto;Com Vítimas Feridas;Pleno dia;Crescente;Céu Claro;Dupla;Curva;Não;2;0;2;0;0;0;2;1;-24,97234007;-48,40023486;SPRF-SP;DEL05-SP;UOP02-DEL05-SP
730346;08/11/2025;sábado;05:30:00;SC;101;339,9;TUBARAO;Ingestão de álcool pelo condutor;Colisão com objeto;Sem Vítimas;Amanhecer;Decrescente;Céu Claro;Múltipla;Reta;Sim;1;0;0;0;1;0;0;1;-28,50180946;-49,0467453;SPRF-SC;DEL02-SC;UOP01-DEL02-SC
730347;08/11/2025;sábado;04:00:00;PR;476;155;ARAUCARIA;Condutor Dormindo;Saída de leito carroçável;Com Vítimas Feridas;Plena Noite;Crescente;Nublado;Dupla;Reta;Sim;1;0;1;0;0;0;1;1;-25,58766352;-49,40618126;SPRF-PR;DEL01-PR;UOP06-DEL01-PR
730349;08/11/2025;sábado;06:40:00;RS;392;25,3;RIO GRANDE;Reação tardia ou ineficiente do condutor;Saída de leito carroçável;Sem Vítimas;Pleno dia;Crescente;Céu Claro;Dupla;Curva;Não;2;0;0;0;0;2;0;1;-32,08702873;-52,23440051;SPRF-RS;DEL07-RS;UOP02-DEL07-RS
730351;08/11/2025;sábado;06:20:00;RS;290;109;ELDORADO DO SUL;Ausência de reação do condutor;Saída de leito carroçável;Sem Vítimas;Pleno dia;Decrescente;Nublado;Dupla;Reta;Não;1;0;0;0;1;0;0;1;-30,01740158;-51,31754685;SPRF-RS;DEL02-RS;UOP01-DEL02-RS
730352;08/11/2025;sábado;07:35:00;PB;101;89,8;JOAO PESSOA;Transitar no Acostamento;Colisão traseira;Com Vítimas Feridas;Pleno dia;Crescente;Céu Claro;Dupla;Reta;Sim;2;0;1;0;1;0;1;2;-7,17933081;-34,90029126;SPRF-PB;DEL01-PB;UOP01-DEL01-PB
730353;08/11/2025;sábado;07:15:00;RJ;101;429;MANGARATIBA;Velocidade Incompatível;Queda de ocupante de veículo;Com Vítimas Feridas;Pleno dia;Decrescente;Chuva;Simples;Curva;Não;2;0;2;0;0;0;2;1;-22,93794042;-44,01388519;SPRF-RJ;DEL03-RJ;UOP02-DEL03-RJ
730354;08/11/2025;sábado;06:50:00;MA;135;4;SAO LUIS;Pista Escorregadia;Queda de ocupante de veículo;Com Vítimas Feridas;Pleno dia;Crescente;Céu Claro;Dupla;"Declive;Reta";Não;1;0;0;1;0;0;1;1;-2,634618;-44,312363;SPRF-MA;DEL01-MA;UOP01-DEL01-MA
730356;08/11/2025;sábado;07:30:00;SP;116;173,4;JACAREI;Chuva;Saída de leito carroçável;Com Vítimas Feridas;Pleno dia;Crescente;Chuva;Dupla;Reta;Não;1;0;1;0;0;0;1;1;-23,31632544;-46,07935545;SPRF-SP;DEL02-SP;UOP01-DEL02-SP
730357;08/11/2025;sábado;06:50:00;SC;163;69;SAO MIGUEL DO OESTE;Reação tardia ou ineficiente do condutor;Colisão com objeto;Com Vítimas Feridas;Pleno dia;Decrescente;Nublado;Dupla;Reta;Sim;1;0;0;1;0;0;1;1;-26,74088161;-53,50124571;SPRF-SC;DEL07-SC;UOP03-DEL07-SC
730359;08/11/2025;sábado;07:30:00;RJ;116;176;SAO JOAO DE MERITI;Condutor deixou de manter distância do veículo da frente;Colisão traseira;Com Vítimas Feridas;Pleno dia;Crescente;Céu Claro;Dupla;Reta;Não;2;0;1;0;1;0;1;2;-22,80140485;-43,36954499;SPRF-RJ;DEL06-RJ;UOP01-DEL06-RJ
730360;05/09/2025;sexta-feira;07:40:00;SP;381;31;ATIBAIA;Condutor deixou de manter distância do veículo da frente;Colisão traseira;Com Vítimas Feridas;Pleno dia;Crescente;Céu Claro;Dupla;"Curva;Aclive";Sim;3;0;0;1;2;0;1;2;-23,05621912;-46,57080889;SPRF-SP;DEL03-SP;UOP02-DEL03-SP
730361;08/11/2025;sábado;08:20:00;SE;101;150;ESTANCIA;Transitar no Acostamento;Atropelamento de Pedestre;Com Vítimas Feridas;Pleno dia;Crescente;Céu Claro;Simples;Reta;Sim;3;0;2;1;0;0;3;2;-11,25404;-37,43815;SPRF-SE;DEL02-SE;UOP01-DEL02-SE
730362;08/11/2025;sábado;07:30:00;PA;316;86;SAO FRANCISCO DO PARA;Acessar a via sem observar a presença dos outros veículos;Colisão transversal;Com Vítimas Feridas;Pleno dia;Crescente;Céu Claro;Simples;Reta;Não;4;0;2;0;2;0;2;2;-1,313455;-47,725527;SPRF-PA;DEL01-PA;UOP02-DEL01-PA