id;data_inversa;dia_semana;horario;uf;br;km;municipio;causa_acidente;tipo_acidente;classificacao_acidente;fase_dia;sentido_via;condicao_metereologica;tipo_pista;tracado_via;uso_solo;pessoas;mortos;feridos_leves;feridos_graves;ilesos;ignorados;feridos;veiculos;latitude;longitude;regional;delegacia;uop
730364;08/11/2025;sábado;04:10:00;PR;153;91,4;JAPIRA;Objeto estático sobre o leito carroçável;Colisão com objeto;Sem Vítimas;Plena Noite;Decrescente;Chuva;Simples;"Aclive;Reta";Não;4;0;0;0;4;0;0;1;-23,703339;-50,175024;SPRF-PR;DEL07-PR;UOP04-DEL07-PR
730365;08/11/2025;sábado;07:45:00;MG;381;729,9;CARMO DA CACHOEIRA;Pista Escorregadia;Saída de leito carroçável;Com Vítimas Feridas;Pleno dia;Crescente;Nublado;Dupla;Curva;Não;2;0;1;0;1;0;1;1;-21,502936;-45,215196;SPRF-MG;DEL16-MG;UOP02-DEL16-MG
730366;08/11/2025;sábado;08:32:00;PI;343;306;ALTOS;Manobra de mudança de faixa;Colisão frontal;Com Vítimas Feridas;Pleno dia;Crescente;Céu Claro;Simples;"Reta;Interseção de Vias";Sim;2;0;0;2;0;0;2;2;-5,039844;-42,459148;SPRF-PI;DEL01-PI;UOP01-DEL01-PI
730367;08/11/2025;sábado;09:10:00;GO;80;134;BARRO ALTO;Reação tardia ou ineficiente do condutor;Queda de ocupante de veículo;Com Vítimas Feridas;Pleno dia;Crescente;Céu Claro;Simples;Reta;Sim;2;0;1;0;1;0;1;2;-14,96894;-48,930688;SPRF-GO;DEL07-GO;UOP02-DEL07-GO
730369;08/11/2025;sábado;07:10:00;MG;381;925;ITAPEVA;Velocidade Incompatível;Saída de leito carroçável;Sem Vítimas;Pleno dia;Crescente;Chuva;Dupla;Curva;Não;1;0;0;0;1;0;0;1;-22,77103991;-46,19937336;SPRF-MG;DEL16-MG;UOP03-DEL16-MG
730371;11/10/2025;sábado;23:40:00;PE;104;78;AGRESTINA;Ultrapassagem Indevida;Colisão frontal;Com Vítimas Feridas;Plena Noite;Crescente;Céu Claro;Simples;"Aclive;Reta";Não;3;0;2;1;0;0;3;2;-8,38689;-35,9783;SPRF-PE;DEL02-PE;UOP01-DEL02-PE
730376;08/11/2025;sábado;09:30:00;MG;267;85;JUIZ DE FORA;Ausência de reação do condutor;Saída de leito carroçável;Com Vítimas Feridas;Pleno dia;Decrescente;Chuva;Simples;"Curva;Declive";Não;2;0;2;0;0;0;2;1;-21,75184688;-43,27514648;SPRF-MG;DEL05-MG;UOP01-DEL05-MG
730378;08/11/2025;sábado;04:00:00;RS;386;118,7;SARANDI;Velocidade Incompatível;Saída de leito carroçável;Sem Vítimas;Plena Noite;Decrescente;Chuva;Simples;Curva;Não;1;0;0;0;0;1;0;1;-27,85544961;-53,01433325;SPRF-RS;DEL08-RS;UOP01-DEL08-RS
730379;08/11/2025;sábado;08:15:00;PR;163;184;SANTA TEREZA DO OESTE;Frear bruscamente;Saída de leito carroçável;Sem Vítimas;Pleno dia;Decrescente;Nublado;Dupla;Reta;Não;1;0;0;0;1;0;0;1;-25,12443535;-53,58756272;SPRF-PR;DEL05-PR;UOP05-DEL05-PR
730380;08/11/2025;sábado;08:45:00;AP;210;2;MACAPA;Ultrapassagem Indevida;Colisão transversal;Com Vítimas Feridas;Pleno dia;Decrescente;Céu Claro;Simples;"Reta;Interseção de Vias";Sim;2;0;1;0;1;0;1;2;0,08697864;-51,08721972;SPRF-AP;DEL01-AP;UOP01-DEL01-AP
730381;08/11/2025;sábado;10:10:00;SP;116;61,5;GUARATINGUETA;Ausência de reação do condutor;Colisão traseira;Com Vítimas Feridas;Pleno dia;Crescente;Chuva;Dupla;"Reta;Declive";Não;2;0;1;0;1;0;1;2;-22,79455066;-45,16553776;SPRF-SP;DEL08-SP;UOP01-DEL08-SP
730382;05/11/2025;quarta-feira;21:30:00;PA;230;714;BRASIL NOVO;Animais na Pista;Atropelamento de Animal;Com Vítimas Feridas;Plena Noite;Decrescente;Ignorado;Simples;"Aclive;Reta";Não;1;0;1;0;0;0;1;1;-3,365186;-52,642284;SPRF-PA;DEL04-PA;UOP01-DEL04-PA
730383;08/11/2025;sábado;09:57:00;PR;158;519;PATO BRANCO;Conversão proibida;Colisão frontal;Com Vítimas Feridas;Pleno dia;Decrescente;Céu Claro;Simples;Curva;Não;6;0;2;0;4;0;2;2;-26,11621457;-52,6400608;SPRF-PR;DEL02-PR;UOP01-DEL02-PR
730385;08/11/2025;sábado;10:41:00;TO;153;498;PARAISO DO TOCANTINS;Reação tardia ou ineficiente do condutor;Colisão transversal;Com Vítimas Feridas;Pleno dia;Crescente;Céu Claro;Simples;Interseção de Vias;Sim;2;0;1;0;1;0;1;2;-10,179434;-48,88006;SPRF-TO;DEL01-TO;UOP01-DEL01-TO
730387;08/11/2025;sábado;10:40:00;ES;101;265;SERRA;Ausência de reação do condutor;Atropelamento de Pedestre;Com Vítimas Feridas;Pleno dia;Crescente;Nublado;Dupla;Reta;Sim;3;0;2;0;0;1;2;2;-20,0488582;-40,3867015;SPRF-ES;DEL02-ES;UOP01-DEL02-ES
730389;08/11/2025;sábado;09:25:00;MG;40;595,8;OURO PRETO;Chuva;Colisão frontal;Com Vítimas Fatais;Pleno dia;Decrescente;Chuva;Simples;"Declive;Reta";Não;2;1;0;1;0;0;1;2;-20,41428973;-43,89386478;SPRF-MG;DEL05-MG;UOP02-DEL05-MG
730390;08/11/2025;sábado;08:00:00;RS;285;266;MATO CASTELHANO;Velocidade Incompatível;Saída de leito carroçável;Com Vítimas Feridas;Pleno dia;Crescente;Nublado;Simples;Reta;Não;2;0;2;0;0;0;2;1;-28,30770566;-52,10849762;SPRF-RS;DEL08-RS;UOP03-DEL08-RS
730391;08/11/2025;sábado;09:30:00;SC;101;119;ITAJAI;Ausência de reação do condutor;Colisão traseira;Com Vítimas Feridas;Pleno dia;Crescente;Sol;Dupla;Reta;Não;2;0;1;0;1;0;1;2;-26,91187022;-48,71247165;SPRF-SC;DEL04-SC;UOP04-DEL04-SC
730393;08/11/2025;sábado;10:25:00;PA;155;323;MARABA;Falta de acostamento;Saída de leito carroçável;Com Vítimas Feridas;Pleno dia;Decrescente;Céu Claro;Simples;Reta;Não;1;0;1;0;0;0;1;1;-5,551463;-49,074944;SPRF-PA;DEL03-PA;UOP01-DEL03-PA
730394;08/11/2025;sábado;11:27:00;SP;116;401,7;MIRACATU;Reação tardia ou ineficiente do condutor;Saída de leito carroçável;Com Vítimas Feridas;Pleno dia;Crescente;Sol;Dupla;Reta;Sim;2;0;2;0;0;0;2;1;-24,31260158;-47,51659719;SPRF-SP;DEL04-SP;UOP02-DEL04-SP
730397;08/11/2025;sábado;11:50:00;RS;386;434;NOVA SANTA RITA;Acessar a via sem observar a presença dos outros veículos;Colisão traseira;Com Vítimas Feridas;Pleno dia;Crescente;Chuva;Dupla;Rotatória;Não;5;0;2;0;3;0;2;2;-29,845792;-51,2784;SPRF-RS;DEL04-RS;UOP02-DEL04-RS
730398;08/11/2025;sábado;08:20:00;BA;110;351;ALAGOINHAS;Manobra de mudança de faixa;Colisão frontal;Com Vítimas Feridas;Pleno dia;Crescente;Céu Claro;Simples;Declive;Não;5;0;3;0;0;2;3;3;-12,1008037;-38,3725406;SPRF-BA;DEL01-BA;UOP04-DEL01-BA
730399;08/11/2025;sábado;11:45:00;RJ;116;186;NOVA IGUACU;Ausência de reação do condutor;Colisão traseira;Sem Vítimas;Pleno dia;Decrescente;Nublado;Dupla;Reta;Sim;3;0;0;0;3;0;0;2;-22,73830874;-43,48178387;SPRF-RJ;DEL06-RJ;UOP01-DEL06-RJ
730400;08/11/2025;sábado;12:20:00;SC;101;192,1;BIGUACU;Transitar na contramão;Colisão frontal;Com Vítimas Feridas;Pleno dia;Crescente;Céu Claro;Múltipla;Curva;Sim;2;0;1;0;1;0;1;2;-27,48585403;-48,64839284;SPRF-SC;DEL01-SC;UOP01-DEL01-SC
730402;08/11/2025;sábado;11:00:00;BA;116;817,8;VITORIA DA CONQUISTA;Desrespeitar a preferência no cruzamento;Colisão transversal;Com Vítimas Feridas;Pleno dia;Crescente;Céu Claro;Simples;Interseção de Vias;Sim;2;0;0;1;0;1;1;2;-14,82346363;-40,81839893;SPRF-BA;DEL08-BA;UOP01-DEL08-BA
730403;08/11/2025;sábado;12:30:00;GO;60;134;GOIANIA;Reação tardia ou ineficiente do condutor;Tombamento;Com Vítimas Feridas;Pleno dia;Crescente;Garoa/Chuvisco;Dupla;"Curva;Declive";Não;2;0;2;0;0;0;2;1;-16,587768;-49,19442;SPRF-GO;DEL01-GO;UOP01-DEL01-GO
730404;08/11/2025;sábado;11:55:00;PR;376;619;SAO JOSE DOS PINHAIS;Velocidade Incompatível;Colisão transversal;Com Vítimas Feridas;Pleno dia;Crescente;Céu Claro;Simples;Reta;Sim;3;0;2;0;1;0;2;2;-25,61165911;-49,17174546;SPRF-PR;DEL01-PR;UOP04-DEL01-PR
730407;08/11/2025;sábado;12:40:00;RJ;393;201;VASSOURAS;Transitar na contramão;Saída de leito carroçável;Com Vítimas Feridas;Pleno dia;Crescente;Chuva;Simples;Curva;Sim;6;0;1;0;3;2;1;3;-22,23611936;-43,41737716;SPRF-RJ;DEL05-RJ;UOP03-DEL05-RJ
730409;08/11/2025;sábado;12:20:00;DF;80;20;BRASILIA;Acessar a via sem observar a presença dos outros veículos;Colisão transversal;Com Vítimas Feridas;Pleno dia;Decrescente;Chuva;Dupla;"Reta;Interseção de Vias";Sim;4;0;2;0;2;0;2;2;-15,67775;-48,205056;SPRF-DF;DEL03-DF;UOP02-DEL03-DF
730410;08/11/2025;sábado;13:00:00;MG;381;925,8;ITAPEVA;Velocidade Incompatível;Saída de leito carroçável;Com Vítimas Feridas;Pleno dia;Decrescente;Chuva;Dupla;"Curva;Declive";Não;2;0;1;0;1;0;1;1;-22,76897036;-46,20585358;SPRF-MG;DEL16-MG;UOP03-DEL16-MG
730412;08/11/2025;sábado;12:30:00;MG;381;924,5;ITAPEVA;Velocidade Incompatível;Saída de leito carroçável;Com Vítimas Feridas;Pleno dia;Crescente;Chuva;Dupla;Curva;Não;5;0;4;0;1;0;4;1;-22,7672064;-46,2159872;SPRF-MG;DEL16-MG;UOP03-DEL16-MG
730414;08/11/2025;sábado;12:50:00;GO;20;12,9;FORMOSA;Chuva;Saída de leito carroçável;Com Vítimas Feridas;Pleno dia;Crescente;Chuva;Simples;Reta;Não;3;0;2;0;1;0;2;1;-15,56719266;-47,2456634;SPRF-DF;DEL02-DF;UOP02-DEL02-DF
730415;08/11/2025;sábado;10:50:00;PR;277;459,1;LARANJEIRAS DO SUL;Ultrapassagem Indevida;Colisão frontal;Com Vítimas Feridas;Pleno dia;Crescente;Céu Claro;Simples;Reta;Não;3;0;2;0;1;0;2;2;-25,367649;-52,452321;SPRF-PR;DEL04-PR;UOP02-DEL04-PR
730418;08/11/2025;sábado;13:00:00;SC;101;205,4;SAO JOSE;Ausência de reação do condutor;Saída de leito carroçável;Sem Vítimas;Pleno dia;Crescente;Garoa/Chuvisco;Simples;Curva;Não;1;0;0;0;0;1;0;1;-27,587146;-48,616864;SPRF-SC;DEL01-SC;UOP01-DEL01-SC
730420;08/11/2025;sábado;13:00:00;ES;262;35;DOMINGOS MARTINS;Reação tardia ou ineficiente do condutor;Tombamento;Com Vítimas Feridas;Pleno dia;Crescente;Nublado;Dupla;"Aclive;Curva";Não;1;0;0;1;0;0;1;1;-20,379668;-40,594603;SPRF-ES;DEL01-ES;UOP01-DEL01-ES
730421;08/11/2025;sábado;10:50:00;RJ;40;77;PETROPOLIS;Pista Escorregadia;Colisão com objeto;Com Vítimas Feridas;Pleno dia;Crescente;Chuva;Dupla;"Declive;Curva";Não;5;0;3;0;1;1;3;2;-22,485155;-43,229367;SPRF-RJ;DEL01-RJ;UOP01-DEL01-RJ
730422;08/11/2025;sábado;12:45:00;PR;277;107;CURITIBA;Reação tardia ou ineficiente do condutor;Saída de leito carroçável;Com Vítimas Feridas;Pleno dia;Crescente;Céu Claro;Dupla;Reta;Não;1;0;1;0;0;0;1;1;-25,431905;-49,364065;SPRF-PR;DEL01-PR;UOP06-DEL01-PR
730423;08/11/2025;sábado;09:26:00;RS;470;213;BENTO GONCALVES;Chuva;Tombamento;Com Vítimas Feridas;Pleno dia;Decrescente;Chuva;Simples;"Interseção de Vias;Curva";Não;1;0;1;0;0;0;1;1;-29,144856;-51,533144;SPRF-RS;DEL06-RS;UOP01-DEL06-RS
730424;08/11/2025;sábado;06:00:00;CE;222;314;TIANGUA;Condutor Dormindo;Saída de leito carroçável;Com Vítimas Feridas;Amanhecer;Decrescente;Céu Claro;Dupla;"Reta;Declive";Sim;1;0;0;1;0;0;1;1;-3,74690246;-41,01177111;SPRF-CE;DEL04-CE;UOP02-DEL04-CE
730426;08/11/2025;sábado;09:45:00;MG;40;710,5;BARBACENA;Velocidade Incompatível;Saída de leito carroçável;Com Vítimas Fatais;Pleno dia;Crescente;Chuva;Dupla;Reta;Não;3;2;0;1;0;0;1;1;-21,245;-43,683;SPRF-MG;DEL05-MG;UOP02-DEL05-MG
730427;08/11/2025;sábado;11:00:00;MS;60;393;SIDROLANDIA;Demais falhas mecânicas ou elétricas;Tombamento;Com Vítimas Feridas;Pleno dia;Crescente;Céu Claro;Simples;Reta;Não;1;0;1;0;0;0;1;1;-20,7403095;-54,7814115;SPRF-MS;DEL01-MS;UOP04-DEL01-MS
730428;08/11/2025;sábado;13:30:00;RS;285;122;VACARIA;Acessar a via sem observar a presença dos outros veículos;Colisão transversal;Sem Vítimas;Pleno dia;Crescente;Garoa/Chuvisco;Simples;"Reta;Interseção de Vias";Sim;3;0;0;0;3;0;0;3;-28,50524139;-50,9446764;SPRF-RS;DEL05-RS;UOP03-DEL05-RS
730429;08/11/2025;sábado;14:15:00;SP;116;231;SAO PAULO;Reação tardia ou ineficiente do condutor;Colisão lateral mesmo sentido;Com Vítimas Feridas;Pleno dia;Crescente;Céu Claro;Múltipla;Reta;Sim;3;0;1;0;2;0;1;3;-23,52073424;-46,58417676;SPRF-SP;DEL01-SP;UOP01-DEL01-SP
730430;08/11/2025;sábado;12:30:00;SC;101;42,5;JOINVILLE;Velocidade Incompatível;Colisão com objeto;Com Vítimas Fatais;Pleno dia;Crescente;Céu Claro;Dupla;"Viaduto;Reta";Sim;1;1;0;0;0;0;0;1;-26,32728567;-48,86469238;SPRF-SC;DEL03-SC;UOP01-DEL03-SC
730431;08/11/2025;sábado;14:00:00;MG;116;415;GOVERNADOR VALADARES;Condutor deixou de manter distância do veículo da frente;Colisão traseira;Com Vítimas Feridas;Pleno dia;Decrescente;Céu Claro;Simples;Reta;Sim;3;0;1;0;2;0;1;2;-18,8918064;-41,94691155;SPRF-MG;DEL06-MG;UOP01-DEL06-MG
730432;08/11/2025;sábado;14:28:00;SC;101;196;BIGUACU;Reação tardia ou ineficiente do condutor;Colisão traseira;Com Vítimas Feridas;Pleno dia;Crescente;Nublado;Dupla;Reta;Sim;2;0;1;0;0;1;1;2;-27,51098108;-48,64333797;SPRF-SC;DEL01-SC;UOP01-DEL01-SC
730438;08/11/2025;sábado;11:00:00;RS;116;334;BARRA DO RIBEIRO;Ausência de reação do condutor;Colisão traseira;Com Vítimas Feridas;Pleno dia;Decrescente;Garoa/Chuvisco;Dupla;Reta;Não;1;0;1;0;0;0;1;1;-30,32625709;-51,42101711;SPRF-RS;DEL02-RS;UOP02-DEL02-RS
730439;15/10/2025;quarta-feira;21:54:00;RS;285;121,7;VACARIA;Acesso irregular;Colisão lateral mesmo sentido;Com Vítimas Feridas;Plena Noite;Crescente;Céu Claro;Simples;Reta;Não;2;0;1;0;1;0;1;2;-28,506986;-50,941469;SPRF-RS;DEL05-RS;UOP03-DEL05-RS
730440;08/11/2025;sábado;14:52:00;AL;104;88,7;RIO LARGO;Ausência de reação do condutor;Colisão traseira;Com Vítimas Feridas;Pleno dia;Crescente;Céu Claro;Dupla;Reta;Sim;3;0;0;1;1;1;1;2;-9,485826;-35,817301;SPRF-AL;DEL01-AL;UOP01-DEL01-AL
730441;08/11/2025;sábado;13:50:00;RS;116;153;CAXIAS DO SUL;Ausência de reação do condutor;Colisão transversal;Com Vítimas Feridas;Pleno dia;Decrescente;Garoa/Chuvisco;Dupla;Rotatória;Sim;2;0;1;0;1;0;1;2;-29,18784891;-51,18232934;SPRF-RS;DEL05-RS;UOP01-DEL05-RS
730442;08/11/2025;sábado;14:00:00;MT;70;548;NOSSA SENHORA DO LIVRAMENTO;Ultrapassagem Indevida;Colisão frontal;Com Vítimas Fatais;Pleno dia;Decrescente;Nublado;Simples;Reta;Não;6;1;0;0;5;0;0;2;-15,689;-56,369;SPRF-MT;DEL03-MT;UOP02-DEL03-MT
730445;08/11/2025;sábado;15:15:00;DF;70;18;BRASILIA;Frear bruscamente;Colisão traseira;Sem Vítimas;Pleno dia;Crescente;Chuva;Dupla;Declive;Não;3;0;0;0;3;0;0;2;-15,789323;-48,223888;SPRF-DF;DEL03-DF;UOP02-DEL03-DF
730446;08/11/2025;sábado;13:30:00;MG;262;410;IGARATINGA;Demais falhas mecânicas ou elétricas;Queda de ocupante de veículo;Com Vítimas Feridas;Pleno dia;Crescente;Nublado;Dupla;Reta;Não;1;0;1;0;0;0;1;1;-19,88688924;-44,7180891;SPRF-MG;DEL08-MG;UOP03-DEL08-MG
730447;08/11/2025;sábado;11:40:00;RJ;101;297;ITABORAI;Ausência de reação do condutor;Colisão com objeto;Com Vítimas Feridas;Pleno dia;Crescente;Nublado;Simples;Curva;Não;1;0;1;0;0;0;1;1;-22,77120837;-42,92400168;SPRF-RJ;DEL02-RJ;UOP02-DEL02-RJ
730448;08/11/2025;sábado;15:10:00;PR;369;143;IBIPORA;Manobra de mudança de faixa;Colisão transversal;Com Vítimas Feridas;Pleno dia;Crescente;Nublado;Simples;"Interseção de Vias;Reta";Sim;2;0;0;1;1;0;1;2;-23,29272699;-51,09278798;SPRF-PR;DEL07-PR;UOP01-DEL07-PR
730450;08/11/2025;sábado;15:55:00;MG;381;424;SABARA;Velocidade Incompatível;Colisão frontal;Com Vítimas Feridas;Pleno dia;Decrescente;Nublado;Simples;Curva;Não;4;0;0;3;0;1;3;3;-19,78796;-43,699156;SPRF-MG;DEL01-MG;UOP01-DEL01-MG
730451;08/11/2025;sábado;16:15:00;SC;282;520,4;XAXIM;Acumulo de óleo sobre o pavimento;Tombamento;Com Vítimas Feridas;Pleno dia;Decrescente;Nublado;Simples;Rotatória;Sim;1;0;1;0;0;0;1;1;-26,9493941;-52,5289755;SPRF-SC;DEL07-SC;UOP01-DEL07-SC
730452;08/11/2025;sábado;15:00:00;GO;60;186;GUAPO;Ausência de reação do condutor;Saída de leito carroçável;Sem Vítimas;Pleno dia;Decrescente;Nublado;Dupla;"Aclive;Curva";Não;1;0;0;0;1;0;0;1;-16,80881363;-49,52722549;SPRF-GO;DEL01-GO;UOP02-DEL01-GO
730453;15/10/2025;quarta-feira;19:20:00;PR;369;137;IBIPORA;Acessar a via sem observar a presença dos outros veículos;Colisão lateral mesmo sentido;Com Vítimas Feridas;Plena Noite;Decrescente;Céu Claro;Simples;Rotatória;Sim;2;0;1;0;0;1;1;2;-23,27077;-51,04419;SPRF-PR;DEL07-PR;UOP01-DEL07-PR
730456;08/11/2025;sábado;16:40:00;GO;40;8;VALPARAISO DE GOIAS;Entrada inopinada do pedestre;Atropelamento de Pedestre;Com Vítimas Feridas;Pleno dia;Crescente;Nublado;Dupla;Reta;Sim;2;0;0;1;1;0;1;2;-16,11326012;-47,96948344;SPRF-DF;DEL01-DF;UOP01-DEL01-DF
730457;08/11/2025;sábado;16:08:00;PR;277;68,8;SAO JOSE DOS PINHAIS;Reação tardia ou ineficiente do condutor;Colisão traseira;Sem Vítimas;Pleno dia;Crescente;Sol;Dupla;"Reta;Em Obras";Não;2;0;0;0;2;0;0;2;-25,51844956;-49,11238566;SPRF-PR;DEL01-PR;UOP01-DEL01-PR
730460;08/11/2025;sábado;09:20:00;RN;405;154;PAU DOS FERROS;Ultrapassagem Indevida;Colisão lateral mesmo sentido;Com Vítimas Feridas;Pleno dia;Crescente;Céu Claro;Simples;Reta;Sim;2;0;0;1;0;1;1;2;-6,1423112;-38,2051565;SPRF-RN;DEL04-RN;UOP02-DEL04-RN
730461;08/11/2025;sábado;16:00:00;GO;70;10,8;AGUAS LINDAS DE GOIAS;Reação tardia ou ineficiente do condutor;Saída de leito carroçável;Com Vítimas Feridas;Pleno dia;Crescente;Garoa/Chuvisco;Dupla;Reta;Não;1;0;1;0;0;0;1;1;-15,73919;-48,30423;SPRF-DF;DEL03-DF;UOP02-DEL03-DF
730463;08/11/2025;sábado;15:10:00;CE;116;508,7;MILAGRES;Ausência de reação do condutor;Tombamento;Com Vítimas Feridas;Pleno dia;Crescente;Céu Claro;Simples;Reta;Não;1;0;0;1;0;0;1;1;-7,3048;-38,9175;SPRF-CE;DEL05-CE;UOP03-DEL05-CE
730466;08/11/2025;sábado;16:20:00;SP;116;154;SAO JOSE DOS CAMPOS;Manobra de mudança de faixa;Saída de leito carroçável;Com Vítimas Feridas;Pleno dia;Decrescente;Nublado;Múltipla;Reta;Sim;2;0;1;0;0;1;1;2;-23,24107;-45,92228;SPRF-SP;DEL02-SP;UOP01-DEL02-SP
730470;08/11/2025;sábado;15:25:00;CE;116;17;EUSEBIO;Reação tardia ou ineficiente do condutor;Tombamento;Com Vítimas Feridas;Pleno dia;Decrescente;Céu Claro;Dupla;Reta;Sim;2;0;1;0;0;1;1;2;-3,9017351;-38,5042866;SPRF-CE;DEL01-CE;UOP02-DEL01-CE
730471;08/11/2025;sábado;17:35:00;MG;40;661,2;CARANDAI;Objeto estático sobre o leito carroçável;Saída de leito carroçável;Com Vítimas Feridas;Pleno dia;Crescente;Chuva;Simples;Curva;Não;1;0;1;0;0;0;1;1;-20,91010041;-43,82904115;SPRF-MG;DEL05-MG;UOP02-DEL05-MG
730472;08/11/2025;sábado;17:20:00;GO;70;0;AGUAS LINDAS DE GOIAS;Ingestão de álcool pelo condutor;Colisão traseira;Sem Vítimas;Anoitecer;Crescente;Nublado;Dupla;Curva;Não;2;0;0;0;2;0;0;2;-15,78356;-48,232976;SPRF-DF;DEL03-DF;UOP02-DEL03-DF
730474;08/11/2025;sábado;18:00:00;SC;280;125;RIO NEGRINHO;Acesso irregular;Colisão transversal;Com Vítimas Feridas;Anoitecer;Crescente;Céu Claro;Simples;Reta;Não;2;0;1;0;1;0;1;2;-26,24284335;-49,51249687;SPRF-SC;DEL06-SC;UOP03-DEL06-SC
730475;08/11/2025;sábado;11:00:00;MG;381;578,5;ITAGUARA;Chuva;Saída de leito carroçável;Com Vítimas Feridas;Pleno dia;Decrescente;Chuva;Dupla;Curva;Não;1;0;0;1;0;0;1;1;-20,45387524;-44,56895828;SPRF-MG;DEL04-MG;UOP01-DEL04-MG
730476;08/11/2025;sábado;15:45:00;RR;174;532;BOA VISTA;Demais falhas mecânicas ou elétricas;Tombamento;Com Vítimas Feridas;Pleno dia;Crescente;Céu Claro;Simples;Reta;Não;2;0;1;0;0;1;1;1;3,044722;-60,791852;SPRF-RR;DEL01-RR;UOP01-DEL01-RR
730477;08/11/2025;sábado;15:55:00;SC;282;612,3;MARAVILHA;Ausência de reação do condutor;Incêndio;Sem Vítimas;Pleno dia;Crescente;Nublado;Simples;Curva;Não;1;0;0;0;0;1;0;1;-26,7634;-53,252141;SPRF-SC;DEL07-SC;UOP02-DEL07-SC
730478;08/11/2025;sábado;17:00:00;GO;60;53,6;ABADIANIA;Ingestão de álcool pelo condutor;Colisão com objeto;Com Vítimas Fatais;Pleno dia;Decrescente;Nublado;Múltipla;"Declive;Curva";Não;1;1;0;0;0;0;0;1;-16,178331;-48,650974;SPRF-GO;DEL02-GO;UOP01-DEL02-GO
730479;08/11/2025;sábado;16:50:00;AL;101;27,8;JOAQUIM GOMES;Transitar no Acostamento;Atropelamento de Pedestre;Com Vítimas Feridas;Pleno dia;Crescente;Nublado;Simples;Reta;Não;3;0;0;2;0;1;2;2;-9,067828;-35,739643;SPRF-AL;DEL01-AL;UOP02-DEL01-AL
730480;08/11/2025;sábado;18:00:00;MG;116;462,4;TARUMIRIM;Acessar a via sem observar a presença dos outros veículos;Colisão transversal;Com Vítimas Feridas;Plena Noite;Decrescente;Nublado;Simples;Reta;Não;3;0;1;1;1;0;2;2;-19,25377519;-42,05956062;SPRF-MG;DEL06-MG;UOP02-DEL06-MG
730481;08/11/2025;sábado;18:05:00;PE;316;66;OURICURI;Reação tardia ou ineficiente do condutor;Queda de ocupante de veículo;Com Vítimas Feridas;Anoitecer;Decrescente;Céu Claro;Simples;Reta;Não;1;0;0;1;0;0;1;1;-7,793528;-40,203967;SPRF-PE;DEL05-PE;UOP02-DEL05-PE
730482;08/11/2025;sábado;18:35:00;RJ;101;47;CAMPOS DOS GOYTACAZES;Acessar a via sem observar a presença dos outros veículos;Colisão traseira;Sem Vítimas;Plena Noite;Crescente;Chuva;Simples;Reta;Sim;2;0;0;0;2;0;0;2;-21,61487373;-41,31558895;SPRF-RJ;DEL08-RJ;UOP01-DEL08-RJ
730483;08/11/2025;sábado;16:45:00;MG;40;787;JUIZ DE FORA;Pista Escorregadia;Colisão com objeto;Com Vítimas Feridas;Pleno dia;Decrescente;Chuva;Dupla;Curva;Não;2;0;1;0;1;0;1;1;-21,752061;-43,445266;SPRF-MG;DEL05-MG;UOP01-DEL05-MG
730485;08/11/2025;sábado;16:20:00;MS;463;48,1;PONTA PORA;Acessar a via sem observar a presença dos outros veículos;Colisão transversal;Com Vítimas Feridas;Pleno dia;Crescente;Céu Claro;Simples;"Interseção de Vias;Reta";Não;7;0;2;0;5;0;2;2;-22,35776236;-55,22622647;SPRF-MS;DEL04-MS;UOP03-DEL04-MS
730488;08/11/2025;sábado;18:18:00;SP;116;209;GUARULHOS;Velocidade Incompatível;Colisão traseira;Com Vítimas Feridas;Plena Noite;Decrescente;Nublado;Múltipla;Reta;Sim;1;0;1;0;0;0;1;1;-23,42662444;-46,40547609;SPRF-SP;DEL01-SP;UOP01-DEL01-SP
730491;08/11/2025;sábado;18:20:00;SP;116;214;GUARULHOS;Reação tardia ou ineficiente do condutor;Engavetamento;Com Vítimas Feridas;Anoitecer;Decrescente;Nublado;Dupla;Reta;Sim;3;0;1;0;0;2;1;3;-23,44552959;-46,45057845;SPRF-SP;DEL01-SP;UOP01-DEL01-SP
730492;08/11/2025;sábado;17:30:00;SC;101;329,4;TUBARAO;Ingestão de álcool pelo condutor;Colisão com objeto;Sem Vítimas;Pleno dia;Crescente;Nublado;Múltipla;Curva;Não;2;0;0;0;1;1;0;2;-28,45283579;-48,97609591;SPRF-SC;DEL02-SC;UOP01-DEL02-SC
730493;08/11/2025;sábado;18:40:00;GO;153;490,1;GOIANIA;Pedestre cruzava a pista fora da faixa;Atropelamento de Pedestre;Com Vítimas Feridas;Plena Noite;Crescente;Chuva;Dupla;Reta;Sim;2;0;1;0;1;0;1;2;-16,62417914;-49,20608494;SPRF-GO;DEL01-GO;UOP01-DEL01-GO
730494;08/11/2025;sábado;18:20:00;PI;343;14,6;PARNAIBA;Entrada inopinada do pedestre;Atropelamento de Pedestre;Com Vítimas Feridas;Plena Noite;Decrescente;Céu Claro;Dupla;Reta;Sim;2;0;1;0;1;0;1;2;-2,932867;-41,754383;SPRF-PI;DEL05-PI;UOP01-DEL05-PI
730495;08/11/2025;sábado;18:35:00;MA;10;251,7;IMPERATRIZ;Desrespeitar a preferência no cruzamento;Colisão transversal;Com Vítimas Feridas;Plena Noite;Decrescente;Céu Claro;Simples;Interseção de Vias;Sim;2;0;1;1;0;0;2;2;-5,53763;-47,46824;SPRF-MA;DEL04-MA;UOP01-DEL04-MA
730496;08/11/2025;sábado;14:47:00;RO;364;424;JARU;Acessar a via sem observar a presença dos outros veículos;Colisão transversal;Com Vítimas Feridas;Pleno dia;Decrescente;Céu Claro;Simples;"Interseção de Vias;Declive;Reta";Sim;2;0;1;0;1;0;1;2;-10,43862378;-62,47035854;SPRF-RO;DEL03-RO;UOP02-DEL03-RO