id;data_inversa;dia_semana;horario;uf;br;km;municipio;causa_acidente;tipo_acidente;classificacao_acidente;fase_dia;sentido_via;condicao_metereologica;tipo_pista;tracado_via;uso_solo;pessoas;mortos;feridos_leves;feridos_graves;ilesos;ignorados;feridos;veiculos;latitude;longitude;regional;delegacia;uop
730603;09/11/2025;domingo;04:50:00;ES;101;26;CONCEICAO DA BARRA;Reação tardia ou ineficiente do condutor;Saída de leito carroçável;Sem Vítimas;Amanhecer;Crescente;Céu Claro;Simples;Reta;Não;1;0;0;0;0;1;0;1;-18,42424475;-39,93461609;SPRF-ES;DEL04-ES;UOP02-DEL04-ES
730604;09/11/2025;domingo;04:30:00;PB;361;5;PATOS;Ingestão de álcool pelo condutor;Colisão traseira;Com Vítimas Feridas;Amanhecer;Decrescente;Céu Claro;Simples;Reta;Sim;4;0;1;1;2;0;2;2;-7,03501779;-37,30525732;SPRF-PB;DEL03-PB;UOP01-DEL03-PB
730606;09/11/2025;domingo;03:15:00;SC;101;336;TUBARAO;Velocidade Incompatível;Colisão traseira;Com Vítimas Feridas;Plena Noite;Crescente;Garoa/Chuvisco;Múltipla;"Aclive;Curva";Sim;2;0;1;0;0;1;1;2;-28,479608;-49,033973;SPRF-SC;DEL02-SC;UOP01-DEL02-SC
730608;09/11/2025;domingo;04:00:00;MS;436;8,5;APARECIDA DO TABOADO;Condutor Dormindo;Saída de leito carroçável;Com Vítimas Feridas;Plena Noite;Crescente;Céu Claro;Simples;Reta;Não;1;0;1;0;0;0;1;1;-20,099177;-51,078067;SPRF-MS;DEL08-MS;UOP01-DEL08-MS
730609;09/11/2025;domingo;04:30:00;PR;376;215,9;JANDAIA DO SUL;Velocidade Incompatível;Colisão com objeto;Com Vítimas Feridas;Plena Noite;Crescente;Nublado;Simples;Rotatória;Sim;1;0;0;1;0;0;1;1;-23,58819112;-51,64579645;SPRF-PR;DEL09-PR;UOP01-DEL09-PR
730610;09/11/2025;domingo;04:45:00;CE;20;207;BOA VIAGEM;Ingestão de álcool pelo condutor;Queda de ocupante de veículo;Com Vítimas Feridas;Amanhecer;Crescente;Céu Claro;Simples;Reta;Não;1;0;1;0;0;0;1;1;-5,0975956;-39,7128434;SPRF-CE;DEL02-CE;UOP02-DEL02-CE
730611;09/11/2025;domingo;01:20:00;RR;174;9;BOA VISTA;Transitar na contramão;Colisão transversal;Com Vítimas Feridas;Plena Noite;Crescente;Nublado;Simples;Reta;Não;4;0;3;1;0;0;4;2;2,895179;-60,703052;SPRF-RR;DEL01-RR;UOP01-DEL01-RR
730612;09/11/2025;domingo;03:55:00;SP;116;89,4;PINDAMONHANGABA;Pedestre cruzava a pista fora da faixa;Atropelamento de Pedestre;Com Vítimas Fatais;Amanhecer;Decrescente;Céu Claro;Dupla;Reta;Sim;3;1;0;0;0;2;0;2;-22,9401454;-45,3813549;SPRF-SP;DEL08-SP;UOP01-DEL08-SP
730614;09/11/2025;domingo;05:10:00;MG;40;676,5;CARANDAI;Chuva;Tombamento;Sem Vítimas;Amanhecer;Crescente;Chuva;Simples;Reta;Não;2;0;0;0;2;0;0;1;-21,01945186;-43,78309099;SPRF-MG;DEL05-MG;UOP02-DEL05-MG
730616;09/11/2025;domingo;05:50:00;MG;40;522,1;CONTAGEM;Ausência de reação do condutor;Saída de leito carroçável;Com Vítimas Feridas;Amanhecer;Crescente;Garoa/Chuvisco;Dupla;"Declive;Reta";Sim;2;0;2;0;0;0;2;1;-19,8648083;-44,066375;SPRF-MG;DEL01-MG;UOP02-DEL01-MG
730617;09/11/2025;domingo;04:19:00;MG;381;505;BETIM;Ausência de reação do condutor;Colisão com objeto;Sem Vítimas;Amanhecer;Decrescente;Chuva;Múltipla;Reta;Não;1;0;0;0;1;0;0;1;-20,036203;-44,245308;SPRF-MG;DEL01-MG;UOP03-DEL01-MG
730618;09/11/2025;domingo;04:00:00;SC;101;277,1;IMBITUBA;Reação tardia ou ineficiente do condutor;Colisão traseira;Com Vítimas Feridas;Plena Noite;Decrescente;Chuva;Múltipla;Reta;Sim;2;0;0;1;0;1;1;2;-28,166268;-48,692539;SPRF-SC;DEL02-SC;UOP03-DEL02-SC
730619;09/11/2025;domingo;05:30:00;SC;101;128,7;CAMBORIU;Ausência de reação do condutor;Capotamento;Sem Vítimas;Pleno dia;Crescente;Céu Claro;Dupla;Reta;Não;1;0;0;0;1;0;0;1;-26,9778924;-48,68204769;SPRF-SC;DEL04-SC;UOP03-DEL04-SC
730621;09/11/2025;domingo;01:00:00;MG;262;68,8;MATIPO;Reação tardia ou ineficiente do condutor;Queda de ocupante de veículo;Com Vítimas Feridas;Pleno dia;Crescente;Céu Claro;Simples;"Reta;Declive";Não;1;0;0;1;0;0;1;1;-20,307587;-42,285124;SPRF-MG;DEL06-MG;UOP03-DEL06-MG
730622;09/11/2025;domingo;05:35:00;MG;381;488;BETIM;Pista Escorregadia;Colisão com objeto;Com Vítimas Feridas;Pleno dia;Crescente;Garoa/Chuvisco;Múltipla;Declive;Não;4;0;3;0;1;0;3;2;-19,95625;-44,11862;SPRF-MG;DEL01-MG;UOP03-DEL01-MG
730624;09/11/2025;domingo;06:40:00;PB;101;54;SANTA RITA;Ausência de reação do condutor;Queda de ocupante de veículo;Sem Vítimas;Pleno dia;Crescente;Céu Claro;Dupla;Reta;Não;1;0;0;0;1;0;0;1;-6,95279;-35,091388;SPRF-PB;DEL01-PB;UOP03-DEL01-PB
730626;09/11/2025;domingo;06:30:00;PE;316;29;ARARIPINA;Ausência de reação do condutor;Colisão traseira;Sem Vítimas;Pleno dia;Decrescente;Céu Claro;Simples;Reta;Não;2;0;0;0;2;0;0;2;-7,62004324;-40,47473266;SPRF-PE;DEL05-PE;UOP02-DEL05-PE
730627;09/11/2025;domingo;06:58:00;MG;381;519;IGARAPE;Reação tardia ou ineficiente do condutor;Colisão com objeto;Com Vítimas Feridas;Pleno dia;Crescente;Garoa/Chuvisco;Dupla;Curva;Não;3;0;2;0;1;0;2;1;-20,11345;-44,30823;SPRF-MG;DEL01-MG;UOP03-DEL01-MG
730628;09/11/2025;domingo;07:00:00;MG;381;900,9;CAMBUI;Condutor deixou de manter distância do veículo da frente;Colisão traseira;Sem Vítimas;Pleno dia;Crescente;Céu Claro;Múltipla;Reta;Não;2;0;0;0;2;0;0;2;-22,61401087;-46,06395721;SPRF-MG;DEL16-MG;UOP03-DEL16-MG
730629;09/11/2025;domingo;05:05:00;PR;153;17,7;JACAREZINHO;Velocidade Incompatível;Colisão transversal;Com Vítimas Feridas;Amanhecer;Crescente;Céu Claro;Simples;Interseção de Vias;Sim;2;0;1;0;1;0;1;2;-23,14364968;-49,94945733;SPRF-PR;DEL07-PR;UOP04-DEL07-PR
730631;09/11/2025;domingo;06:30:00;PE;232;99;BEZERROS;Acessar a via sem observar a presença dos outros veículos;Atropelamento de Pedestre;Com Vítimas Fatais;Pleno dia;Crescente;Céu Claro;Dupla;Reta;Sim;2;1;0;0;0;1;0;2;-8,239323;-35,745829;SPRF-PE;DEL02-PE;UOP03-DEL02-PE
730632;09/11/2025;domingo;06:30:00;PE;407;128,3;PETROLINA;Ingestão de álcool pelo condutor;Colisão com objeto;Sem Vítimas;Pleno dia;Crescente;Céu Claro;Dupla;Rotatória;Sim;1;0;0;0;0;1;0;1;-9,3952134;-40,5080814;SPRF-PE;DEL06-PE;UOP01-DEL06-PE
730633;08/11/2025;sábado;22:00:00;MT;364;444;VARZEA GRANDE;Acumulo de óleo sobre o pavimento;Queda de ocupante de veículo;Com Vítimas Feridas;Plena Noite;Decrescente;Céu Claro;Simples;Reta;Não;1;0;1;0;0;0;1;1;-15,643866;-56,20296478;SPRF-MT;DEL01-MT;UOP02-DEL01-MT
730635;09/11/2025;domingo;07:30:00;SP;116;230;SAO PAULO;Ingestão de álcool pelo condutor;Colisão lateral mesmo sentido;Com Vítimas Feridas;Pleno dia;Decrescente;Céu Claro;Múltipla;Reta;Sim;4;0;0;2;2;0;2;2;-23,51286326;-46,57629526;SPRF-SP;DEL01-SP;UOP01-DEL01-SP
730636;05/11/2025;quarta-feira;13:20:00;GO;153;192;URUACU;Demais Fenômenos da natureza;Eventos atípicos;Sem Vítimas;Pleno dia;Crescente;Chuva;Simples;Reta;Não;3;0;0;0;0;3;0;3;-14,46949;-49,156208;SPRF-GO;DEL07-GO;UOP02-DEL07-GO
730638;09/11/2025;domingo;01:20:00;MG;381;357;SAO GONCALO DO RIO ABAIXO;Condutor Dormindo;Saída de leito carroçável;Com Vítimas Feridas;Plena Noite;Crescente;Chuva;Simples;Curva;Não;1;0;1;0;0;0;1;1;-19,856859;-43,225669;SPRF-MG;DEL03-MG;UOP01-DEL03-MG
730639;09/11/2025;domingo;06:00:00;RO;364;433;JARU;Acumulo de areia ou detritos sobre o pavimento;Tombamento;Com Vítimas Feridas;Pleno dia;Crescente;Céu Claro;Simples;Reta;Não;2;0;1;0;1;0;1;1;-10,39447035;-62,53395656;SPRF-RO;DEL03-RO;UOP02-DEL03-RO
730641;09/11/2025;domingo;06:20:00;SC;282;548,3;CHAPECO;Acessar a via sem observar a presença dos outros veículos;Colisão lateral mesmo sentido;Com Vítimas Feridas;Pleno dia;Crescente;Céu Claro;Simples;Reta;Não;3;0;1;0;2;0;1;2;-26,96809375;-52,75414569;SPRF-SC;DEL07-SC;UOP01-DEL07-SC
730642;09/11/2025;domingo;06:15:00;PR;277;429,3;VIRMOND;Ausência de reação do condutor;Saída de leito carroçável;Sem Vítimas;Amanhecer;Decrescente;Nublado;Simples;Curva;Não;2;0;0;0;2;0;0;1;-25,378932;-52,191933;SPRF-PR;DEL04-PR;UOP02-DEL04-PR
730643;09/11/2025;domingo;06:50:00;MG;381;493;BETIM;Ausência de reação do condutor;Colisão com objeto;Com Vítimas Feridas;Pleno dia;Decrescente;Céu Claro;Múltipla;Reta;Sim;1;0;0;1;0;0;1;1;-19,96588303;-44,17635664;SPRF-MG;DEL01-MG;UOP03-DEL01-MG
730645;09/11/2025;domingo;07:45:00;SC;101;312;LAGUNA;Demais falhas mecânicas ou elétricas;Colisão com objeto;Sem Vítimas;Pleno dia;Decrescente;Céu Claro;Dupla;Curva;Sim;1;0;0;0;1;0;0;1;-28,43997443;-48,8119863;SPRF-SC;DEL02-SC;UOP01-DEL02-SC
730646;09/11/2025;domingo;07:30:00;PR;116;118;CURITIBA;Reação tardia ou ineficiente do condutor;Colisão lateral mesmo sentido;Com Vítimas Feridas;Pleno dia;Crescente;Nublado;Dupla;Reta;Não;5;0;1;0;4;0;1;2;-25,569587;-49,31055;SPRF-PR;DEL01-PR;UOP03-DEL01-PR
730648;09/11/2025;domingo;08:15:00;SC;470;45;GASPAR;Ingestão de álcool pelo condutor;Tombamento;Com Vítimas Feridas;Pleno dia;Decrescente;Nublado;Dupla;Reta;Sim;2;0;2;0;0;0;2;1;-26,86687929;-49,03146744;SPRF-SC;DEL04-SC;UOP01-DEL04-SC
730649;09/11/2025;domingo;08:10:00;PR;116;40;CAMPINA GRANDE DO SUL;Pista Escorregadia;Atropelamento de Pedestre;Com Vítimas Feridas;Pleno dia;Decrescente;Garoa/Chuvisco;Dupla;Curva;Não;2;0;0;1;1;0;1;2;-25,16901964;-48,86648449;SPRF-PR;DEL01-PR;UOP02-DEL01-PR
730650;09/11/2025;domingo;08:40:00;GO;153;433;ANAPOLIS;Avarias e/ou desgaste excessivo no pneu;Tombamento;Com Vítimas Feridas;Pleno dia;Crescente;Céu Claro;Dupla;Reta;Sim;2;0;2;0;0;0;2;1;-16,283142;-48,954298;SPRF-GO;DEL02-GO;UOP01-DEL02-GO
730651;09/11/2025;domingo;07:15:00;RR;174;9;BOA VISTA;Acesso irregular;Colisão frontal;Com Vítimas Feridas;Pleno dia;Crescente;Céu Claro;Simples;Reta;Não;3;0;1;0;2;0;1;2;2,892098;-60,702731;SPRF-RR;DEL01-RR;UOP01-DEL01-RR
730652;09/11/2025;domingo;03:30:00;PE;428;184,3;PETROLINA;Velocidade Incompatível;Colisão com objeto;Sem Vítimas;Plena Noite;Crescente;Céu Claro;Dupla;Reta;Sim;1;0;0;0;0;1;0;1;-9,341135;-40,470341;SPRF-PE;DEL06-PE;UOP01-DEL06-PE
730653;20/10/2025;segunda-feira;05:45:00;GO;70;460;ARAGARCAS;Demais falhas mecânicas ou elétricas;Incêndio;Sem Vítimas;Amanhecer;Decrescente;Céu Claro;Simples;Reta;Não;1;0;0;0;1;0;0;1;-15,90817806;-52,14351654;SPRF-GO;DEL04-GO;UOP02-DEL04-GO
730654;09/11/2025;domingo;07:50:00;MG;40;508;RIBEIRAO DAS NEVES;Demais falhas mecânicas ou elétricas;Incêndio;Sem Vítimas;Pleno dia;Decrescente;Céu Claro;Dupla;Reta;Sim;1;0;0;0;0;1;0;1;-19,7622799;-44,135341;SPRF-MG;DEL02-MG;UOP01-DEL02-MG
730655;09/11/2025;domingo;08:20:00;MG;381;339;BELA VISTA DE MINAS;Velocidade Incompatível;Saída de leito carroçável;Sem Vítimas;Pleno dia;Decrescente;Nublado;Simples;Curva;Não;1;0;0;0;1;0;0;1;-19,84212935;-43,09771007;SPRF-MG;DEL03-MG;UOP01-DEL03-MG
730658;07/11/2025;sexta-feira;06:20:00;PR;376;319;ORTIGUEIRA;Velocidade Incompatível;Saída de leito carroçável;Com Vítimas Feridas;Amanhecer;Decrescente;Sol;Simples;Curva;Não;1;0;1;0;0;0;1;1;-24,038511;-51,079422;SPRF-PR;DEL07-PR;UOP02-DEL07-PR
730659;09/11/2025;domingo;08:10:00;RN;405;21;MOSSORO;Transitar na contramão;Colisão frontal;Com Vítimas Fatais;Pleno dia;Crescente;Céu Claro;Simples;Reta;Não;2;1;0;0;1;0;0;2;-5,25;-37,523;SPRF-RN;DEL04-RN;UOP02-DEL04-RN
730660;09/11/2025;domingo;09:20:00;SC;101;228,2;PALHOCA;Velocidade Incompatível;Capotamento;Com Vítimas Feridas;Pleno dia;Crescente;Nublado;Dupla;Reta;Não;1;0;1;0;0;0;1;1;-27,75945867;-48,63102134;SPRF-SC;DEL01-SC;UOP02-DEL01-SC
730662;09/11/2025;domingo;09:40:00;PE;101;69,2;RECIFE;Manobra de mudança de faixa;Colisão lateral mesmo sentido;Com Vítimas Feridas;Pleno dia;Crescente;Sol;Múltipla;Reta;Não;3;0;2;0;1;0;2;2;-8,06154;-34,94564;SPRF-PE;DEL01-PE;UOP01-DEL01-PE
730663;09/11/2025;domingo;10:00:00;PB;230;510;CAJAZEIRAS;Acessar a via sem observar a presença dos outros veículos;Colisão transversal;Com Vítimas Feridas;Pleno dia;Crescente;Céu Claro;Simples;Reta;Não;2;0;1;0;0;1;1;2;-6,88616859;-38,61570096;SPRF-PB;DEL03-PB;UOP03-DEL03-PB
730664;08/11/2025;sábado;18:20:00;MG;267;62,9;BICAS;Velocidade Incompatível;Saída de leito carroçável;Com Vítimas Feridas;Plena Noite;Decrescente;Chuva;Simples;Curva;Não;1;0;0;1;0;0;1;1;-21,733184;-43,0884;SPRF-MG;DEL05-MG;UOP01-DEL05-MG
730665;09/11/2025;domingo;02:00:00;PA;316;230;VISEU;Manobra de mudança de faixa;Colisão frontal;Com Vítimas Fatais;Plena Noite;Decrescente;Nevoeiro/Neblina;Simples;Reta;Não;2;1;0;1;0;0;1;2;-1,69599098;-46,68278642;SPRF-PA;DEL01-PA;UOP04-DEL01-PA
730668;09/11/2025;domingo;10:13:00;PI;343;14,9;PARNAIBA;Acessar a via sem observar a presença dos outros veículos;Colisão transversal;Com Vítimas Feridas;Pleno dia;Crescente;Céu Claro;Dupla;"Reta;Interseção de Vias";Sim;5;0;5;0;0;0;5;2;-2,93634053;-41,75502062;SPRF-PI;DEL05-PI;UOP01-DEL05-PI
730669;09/11/2025;domingo;10:25:00;SC;101;134;BALNEARIO CAMBORIU;Acessar a via sem observar a presença dos outros veículos;Colisão transversal;Com Vítimas Feridas;Pleno dia;Crescente;Nublado;Dupla;Interseção de Vias;Sim;2;0;1;0;1;0;1;2;-27,00205654;-48,63805024;SPRF-SC;DEL04-SC;UOP03-DEL04-SC
730670;09/11/2025;domingo;10:57:00;PR;476;129,1;CURITIBA;Acessar a via sem observar a presença dos outros veículos;Colisão lateral mesmo sentido;Sem Vítimas;Pleno dia;Crescente;Nublado;Dupla;"Reta;Aclive";Sim;2;0;0;0;2;0;0;2;-25,44112092;-49,23380105;SPRF-PR;DEL01-PR;UOP01-DEL01-PR
730671;09/11/2025;domingo;10:30:00;PR;277;39;MORRETES;Ausência de reação do condutor;Queda de ocupante de veículo;Com Vítimas Feridas;Pleno dia;Decrescente;Céu Claro;Dupla;Curva;Não;1;0;1;0;0;0;1;1;-25,579869;-48,862515;SPRF-PR;DEL01-PR;UOP05-DEL01-PR
730673;09/11/2025;domingo;06:47:00;RJ;116;188;NOVA IGUACU;Ausência de reação do condutor;Colisão com objeto;Com Vítimas Fatais;Amanhecer;Crescente;Chuva;Múltipla;Reta;Sim;1;1;0;0;0;0;0;1;-22,73820437;-43,47860662;SPRF-RJ;DEL06-RJ;UOP01-DEL06-RJ
730674;09/11/2025;domingo;10:00:00;PE;316;82,7;OURICURI;Demais falhas mecânicas ou elétricas;Incêndio;Sem Vítimas;Pleno dia;Decrescente;Céu Claro;Simples;Reta;Não;1;0;0;0;1;0;0;1;-7,873888;-40,087265;SPRF-PE;DEL05-PE;UOP02-DEL05-PE
730676;09/11/2025;domingo;10:27:00;GO;153;500;GOIANIA;Ausência de reação do condutor;Colisão traseira;Com Vítimas Feridas;Pleno dia;Crescente;Nublado;Dupla;Reta;Sim;3;0;1;0;2;0;1;2;-16,706275;-49,23094;SPRF-GO;DEL01-GO;UOP01-DEL01-GO
730677;09/11/2025;domingo;11:15:00;SP;153;41,9;ONDA VERDE;Desrespeitar a preferência no cruzamento;Colisão transversal;Com Vítimas Feridas;Pleno dia;Crescente;Céu Claro;Simples;"Aclive;Interseção de Vias;Reta";Não;5;0;1;0;4;0;1;2;-20,636007;-49,338249;SPRF-SP;DEL09-SP;UOP01-DEL09-SP
730679;22/10/2025;quarta-feira;07:20:00;PR;277;720;FOZ DO IGUACU;Objeto estático sobre o leito carroçável;Colisão com objeto;Sem Vítimas;Pleno dia;Decrescente;Ignorado;Dupla;Reta;Não;1;0;0;0;1;0;0;1;-25,487882;-54,503865;SPRF-PR;DEL05-PR;UOP03-DEL05-PR
730680;09/11/2025;domingo;09:30:00;AM;230;613;HUMAITA;Conversão proibida;Colisão traseira;Com Vítimas Feridas;Pleno dia;Crescente;Céu Claro;Simples;Reta;Sim;2;0;0;1;1;0;1;2;-7,52030989;-63,03480864;SPRF-AM;DEL02-AM;UOP01-DEL02-AM
730681;09/11/2025;domingo;07:00:00;MA;226;188;PRESIDENTE DUTRA;Velocidade Incompatível;Colisão com objeto;Com Vítimas Fatais;Pleno dia;Crescente;Céu Claro;Simples;Reta;Não;2;2;0;0;0;0;0;1;-5,304775;-44,371938;SPRF-MA;DEL06-MA;UOP01-DEL06-MA
730683;09/11/2025;domingo;11:55:00;PR;277;136;BALSA NOVA;Reação tardia ou ineficiente do condutor;Saída de leito carroçável;Com Vítimas Feridas;Pleno dia;Decrescente;Nublado;Dupla;"Curva;Declive";Não;1;0;0;1;0;0;1;1;-25,47233;-49,63301;SPRF-PR;DEL03-PR;UOP03-DEL03-PR
730684;09/11/2025;domingo;11:15:00;BA;324;608;SIMOES FILHO;Mal súbito do condutor;Tombamento;Com Vítimas Feridas;Pleno dia;Crescente;Céu Claro;Dupla;Reta;Não;1;0;1;0;0;0;1;1;-12,825627;-38,409812;SPRF-BA;DEL01-BA;UOP01-DEL01-BA
730685;09/11/2025;domingo;09:40:00;SC;282;559,8;NOVA ITABERABA;Manobra de mudança de faixa;Saída de leito carroçável;Com Vítimas Feridas;Pleno dia;Decrescente;Céu Claro;Dupla;Curva;Não;5;0;2;2;1;0;4;2;-26,928902;-52,843082;SPRF-SC;DEL07-SC;UOP01-DEL07-SC
730689;09/11/2025;domingo;12:20:00;DF;70;10,3;BRASILIA;Manobra de mudança de faixa;Colisão transversal;Com Vítimas Feridas;Pleno dia;Crescente;Céu Claro;Dupla;Reta;Não;2;0;1;0;1;0;1;2;-15,78931124;-48,14685345;SPRF-DF;DEL03-DF;UOP02-DEL03-DF
730690;09/11/2025;domingo;10:00:00;MA;135;188;SAO MATEUS DO MARANHAO;Ausência de reação do condutor;Colisão traseira;Com Vítimas Feridas;Pleno dia;Decrescente;Céu Claro;Simples;"Reta;Em Obras;Ponte";Sim;3;0;1;1;0;1;2;3;-4,07759898;-44,47439432;SPRF-MA;DEL03-MA;UOP01-DEL03-MA
730691;09/11/2025;domingo;13:15:00;PE;232;5,9;RECIFE;Condutor deixou de manter distância do veículo da frente;Colisão traseira;Com Vítimas Feridas;Pleno dia;Decrescente;Céu Claro;Múltipla;Reta;Sim;3;0;1;1;0;1;2;2;-8,07042;-34,95156;SPRF-PE;DEL01-PE;UOP01-DEL01-PE
730692;09/11/2025;domingo;13:30:00;RJ;116;180;MESQUITA;Condutor deixou de manter distância do veículo da frente;Colisão traseira;Com Vítimas Feridas;Pleno dia;Decrescente;Nublado;Múltipla;Reta;Não;3;0;2;0;1;0;2;2;-22,76968663;-43,40894077;SPRF-RJ;DEL06-RJ;UOP01-DEL06-RJ
730693;09/11/2025;domingo;07:58:00;MT;163;1060;GUARANTA DO NORTE;Transitar na contramão;Saída de leito carroçável;Sem Vítimas;Pleno dia;Decrescente;Céu Claro;Simples;Reta;Não;1;0;0;0;0;1;0;1;-9,999447;-54,907365;SPRF-MT;DEL06-MT;UOP03-DEL06-MT
730696;05/11/2025;quarta-feira;09:30:00;SP;116;514,2;CAJATI;Acumulo de óleo sobre o pavimento;Tombamento;Com Vítimas Feridas;Pleno dia;Decrescente;Sol;Dupla;"Curva;Declive";Não;2;0;1;0;1;0;1;1;-24,86238399;-48,21454939;SPRF-SP;DEL05-SP;UOP02-DEL05-SP
730697;09/11/2025;domingo;13:50:00;ES;101;391;RIO NOVO DO SUL;Reação tardia ou ineficiente do condutor;Colisão frontal;Com Vítimas Feridas;Pleno dia;Crescente;Chuva;Simples;Curva;Não;3;0;3;0;0;0;3;2;-20,86556581;-40,89650993;SPRF-ES;DEL03-ES;UOP02-DEL03-ES
730699;09/11/2025;domingo;11:15:00;SP;116;560;BARRA DO TURVO;Reação tardia ou ineficiente do condutor;Colisão lateral mesmo sentido;Com Vítimas Feridas;Pleno dia;Decrescente;Chuva;Múltipla;"Curva;Declive";Não;3;0;1;0;2;0;1;2;-25,01911766;-48,51103306;SPRF-SP;DEL05-SP;UOP02-DEL05-SP
730701;09/11/2025;domingo;15:10:00;GO;60;97;ANAPOLIS;Velocidade Incompatível;Colisão traseira;Com Vítimas Feridas;Pleno dia;Decrescente;Céu Claro;Dupla;Reta;Sim;4;0;3;0;1;0;3;3;-16,378361;-48,949208;SPRF-GO;DEL02-GO;UOP01-DEL02-GO
730702;09/11/2025;domingo;14:30:00;RJ;101;242;SILVA JARDIM;Ausência de reação do condutor;Colisão lateral mesmo sentido;Com Vítimas Feridas;Pleno dia;Decrescente;Nublado;Dupla;Reta;Não;2;0;1;0;1;0;1;2;-22,637905;-42,461781;SPRF-RJ;DEL02-RJ;UOP03-DEL02-RJ
730703;09/11/2025;domingo;15:10:00;MG;262;404,1;IGARATINGA;Demais falhas mecânicas ou elétricas;Tombamento;Com Vítimas Feridas;Pleno dia;Crescente;Nublado;Dupla;Reta;Não;2;0;2;0;0;0;2;1;-19,90857514;-44,67301846;SPRF-MG;DEL01-MG;UOP03-DEL01-MG
730704;09/11/2025;domingo;15:00:00;MG;40;506,1;ESMERALDAS;Demais falhas mecânicas ou elétricas;Incêndio;Sem Vítimas;Pleno dia;Crescente;Nublado;Dupla;Reta;Não;1;0;0;0;1;0;0;1;-19,6742796;-44,3331871;SPRF-MG;DEL02-MG;UOP01-DEL02-MG
730705;09/11/2025;domingo;13:53:00;PR;376;176;MARINGA;Reação tardia ou ineficiente do condutor;Colisão traseira;Sem Vítimas;Pleno dia;Crescente;Céu Claro;Dupla;Reta;Sim;2;0;0;0;2;0;0;2;-23,411188;-51,936768;SPRF-PR;DEL09-PR;UOP01-DEL09-PR
730706;09/11/2025;domingo;15:10:00;PR;376;176,2;MARINGA;Reação tardia ou ineficiente do condutor;Colisão lateral mesmo sentido;Sem Vítimas;Pleno dia;Crescente;Sol;Dupla;"Interseção de Vias;Reta";Sim;2;0;0;0;2;0;0;2;-23,41118224;-51,93681177;SPRF-PR;DEL09-PR;UOP01-DEL09-PR
730707;16/10/2025;quinta-feira;18:34:00;PR;116;154;MANDIRITUBA;Ausência de reação do condutor;Saída de leito carroçável;Com Vítimas Feridas;Plena Noite;Crescente;Céu Claro;Simples;Curva;Não;1;0;1;0;0;0;1;1;-25,86809484;-49,37697586;SPRF-PR;DEL01-PR;UOP03-DEL01-PR
730708;09/11/2025;domingo;13:30:00;RJ;101;274;TANGUA;Acessar a via sem observar a presença dos outros veículos;Colisão transversal;Com Vítimas Feridas;Pleno dia;Decrescente;Nublado;Dupla;Reta;Não;2;0;0;1;1;0;1;2;-22,73249036;-42,71244049;SPRF-RJ;DEL02-RJ;UOP03-DEL02-RJ
730710;09/11/2025;domingo;14:00:00;MG;40;635,3;CONSELHEIRO LAFAIETE;Reação tardia ou ineficiente do condutor;Saída de leito carroçável;Com Vítimas Feridas;Pleno dia;Decrescente;Céu Claro;Simples;Curva;Não;1;0;0;1;0;0;1;1;-20,70491;-43,79242;SPRF-MG;DEL05-MG;UOP02-DEL05-MG
730711;09/11/2025;domingo;14:55:00;PB;230;451;SOUSA;Avarias e/ou desgaste excessivo no pneu;Tombamento;Com Vítimas Feridas;Pleno dia;Crescente;Céu Claro;Simples;Reta;Não;2;0;1;1;0;0;2;1;-6,7762;-38,1899;SPRF-PB;DEL03-PB;UOP03-DEL03-PB
730712;09/11/2025;domingo;15:30:00;PE;101;44,8;IGARASSU;Ingestão de álcool pelo condutor;Colisão traseira;Com Vítimas Feridas;Pleno dia;Crescente;Céu Claro;Dupla;Reta;Sim;3;0;1;0;2;0;1;3;-7,863808;-34,907668;SPRF-PE;DEL01-PE;UOP02-DEL01-PE
730713;09/11/2025;domingo;16:00:00;RN;304;26;MOSSORO;Mal súbito do condutor;Queda de ocupante de veículo;Com Vítimas Feridas;Pleno dia;Crescente;Céu Claro;Simples;Reta;Não;2;0;1;0;1;0;1;1;-5,082025;-37,333648;SPRF-RN;DEL04-RN;UOP02-DEL04-RN
730715;09/11/2025;domingo;14:45:00;RJ;393;282;VOLTA REDONDA;Manobra de mudança de faixa;Colisão lateral mesmo sentido;Com Vítimas Feridas;Pleno dia;Crescente;Céu Claro;Simples;Curva;Sim;3;0;1;1;1;0;2;2;-22,48797486;-44,06341553;SPRF-RJ;DEL05-RJ;UOP04-DEL05-RJ
730716;09/11/2025;domingo;15:40:00;PR;277;38;MORRETES;Manobra de mudança de faixa;Colisão lateral mesmo sentido;Com Vítimas Feridas;Pleno dia;Crescente;Garoa/Chuvisco;Dupla;"Aclive;Curva";Não;5;0;4;0;1;0;4;2;-25,57241643;-48,82048798;SPRF-PR;DEL01-PR;UOP05-DEL01-PR
730717;09/11/2025;domingo;16:00:00;RS;116;226;DOIS IRMAOS;Acessar a via sem observar a presença dos outros veículos;Saída de leito carroçável;Com Vítimas Feridas;Pleno dia;Crescente;Céu Claro;Dupla;Reta;Sim;3;0;1;0;2;0;1;2;-29,59793669;-51,11051965;SPRF-RS;DEL01-RS;UOP02-DEL01-RS
730718;09/11/2025;domingo;14:40:00;ES;101;448,3;MIMOSO DO SUL;Ausência de reação do condutor;Queda de ocupante de veículo;Com Vítimas Feridas;Pleno dia;Crescente;Chuva;Simples;Curva;Não;1;0;1;0;0;0;1;1;-21,1311171;-41,2791321;SPRF-ES;DEL03-ES;UOP02-DEL03-ES
730719;09/11/2025;domingo;16:00:00;PE;408;65;PAUDALHO;Falta de elemento de contenção que evite a saída do leito carroçável;Capotamento;Com Vítimas Feridas;Pleno dia;Crescente;Céu Claro;Dupla;Curva;Não;1;0;1;0;0;0;1;1;-7,89241;-35,17442;SPRF-PE;DEL01-PE;UOP01-DEL01-PE