id;data_inversa;dia_semana;horario;uf;br;km;municipio;causa_acidente;tipo_acidente;classificacao_acidente;fase_dia;sentido_via;condicao_metereologica;tipo_pista;tracado_via;uso_solo;pessoas;mortos;feridos_leves;feridos_graves;ilesos;ignorados;feridos;veiculos;latitude;longitude;regional;delegacia;uop
730720;09/11/2025;domingo;15:34:00;MS;60;425;SIDROLANDIA;Ausência de reação do condutor;Colisão lateral mesmo sentido;Com Vítimas Feridas;Pleno dia;Crescente;Céu Claro;Simples;Interseção de Vias;Sim;2;0;0;1;1;0;1;2;-20,940705;-54,964467;SPRF-MS;DEL01-MS;UOP04-DEL01-MS
730721;09/11/2025;domingo;15:50:00;PA;316;14;MARITUBA;Ingestão de álcool pelo condutor;Colisão lateral mesmo sentido;Sem Vítimas;Pleno dia;Decrescente;Céu Claro;Dupla;Reta;Sim;2;0;0;0;2;0;0;2;-1,3667338;-48,31683811;SPRF-PA;DEL01-PA;UOP01-DEL01-PA
730724;09/11/2025;domingo;16:45:00;SC;280;28;ARAQUARI;Transitar na contramão;Colisão transversal;Com Vítimas Feridas;Pleno dia;Decrescente;Nublado;Simples;Reta;Sim;3;0;0;1;2;0;1;2;-26,404103;-48,745228;SPRF-SC;DEL03-SC;UOP03-DEL03-SC
730725;09/11/2025;domingo;05:34:00;MG;40;141;JOAO PINHEIRO;Animais na Pista;Atropelamento de Animal;Com Vítimas Feridas;Amanhecer;Decrescente;Nevoeiro/Neblina;Simples;Reta;Sim;1;0;1;0;0;0;1;1;-17,736;-46,191;SPRF-MG;DEL14-MG;UOP01-DEL14-MG
730728;09/11/2025;domingo;15:00:00;RJ;40;98;DUQUE DE CAXIAS;Ausência de reação do condutor;Saída de leito carroçável;Com Vítimas Feridas;Pleno dia;Crescente;Nublado;Simples;Reta;Não;2;0;1;0;1;0;1;1;-22,584909;-43,277303;SPRF-RJ;DEL01-RJ;UOP01-DEL01-RJ
730729;09/11/2025;domingo;17:30:00;PE;101;34;ITAPISSUMA;Demais falhas mecânicas ou elétricas;Queda de ocupante de veículo;Com Vítimas Feridas;Plena Noite;Crescente;Céu Claro;Dupla;"Retorno Regulamentado;Reta";Não;2;0;1;0;1;0;1;1;-7,771653;-34,934842;SPRF-PE;DEL01-PE;UOP02-DEL01-PE
730730;09/11/2025;domingo;17:00:00;ES;101;141;LINHARES;Ausência de reação do condutor;Colisão lateral mesmo sentido;Com Vítimas Feridas;Anoitecer;Crescente;Chuva;Múltipla;Reta;Não;3;0;1;1;0;1;2;2;-19,3319898;-40,06931663;SPRF-ES;DEL04-ES;UOP01-DEL04-ES
730732;09/11/2025;domingo;17:40:00;RS;285;458,1;IJUI;Acessar a via sem observar a presença dos outros veículos;Colisão transversal;Sem Vítimas;Pleno dia;Decrescente;Céu Claro;Simples;Curva;Sim;4;0;0;0;4;0;0;2;-28,40727276;-53,90029304;SPRF-RS;DEL10-RS;UOP01-DEL10-RS
730733;09/11/2025;domingo;16:50:00;RS;116;182,7;NOVA PETROPOLIS;Reação tardia ou ineficiente do condutor;Saída de leito carroçável;Com Vítimas Feridas;Pleno dia;Decrescente;Sol;Simples;Curva;Não;2;0;1;0;0;1;1;2;-29,37730384;-51,13108895;SPRF-RS;DEL05-RS;UOP02-DEL05-RS
730735;09/11/2025;domingo;17:30:00;PR;277;725;FOZ DO IGUACU;Reação tardia ou ineficiente do condutor;Tombamento;Com Vítimas Feridas;Anoitecer;Crescente;Céu Claro;Dupla;Viaduto;Sim;1;0;1;0;0;0;1;1;-25,5104489;-54,5501039;SPRF-PR;DEL05-PR;UOP03-DEL05-PR
730736;09/11/2025;domingo;16:45:00;RS;116;245;SAO LEOPOLDO;Condutor deixou de manter distância do veículo da frente;Colisão traseira;Com Vítimas Feridas;Pleno dia;Crescente;Céu Claro;Múltipla;Reta;Sim;4;0;2;0;2;0;2;2;-29,74978578;-51,15141697;SPRF-RS;DEL01-RS;UOP02-DEL01-RS
730738;09/11/2025;domingo;18:00:00;RN;101;156;GOIANINHA;Manobra de mudança de faixa;Colisão traseira;Com Vítimas Feridas;Plena Noite;Crescente;Céu Claro;Dupla;Reta;Não;2;0;1;0;1;0;1;2;-6,341561;-35,169576;SPRF-RN;DEL01-RN;UOP01-DEL01-RN
730739;09/11/2025;domingo;18:15:00;PR;277;60;SAO JOSE DOS PINHAIS;Entrada inopinada do pedestre;Atropelamento de Pedestre;Com Vítimas Feridas;Anoitecer;Crescente;Nublado;Múltipla;Reta;Não;3;0;1;0;1;1;1;2;-25,55196647;-49,03657436;SPRF-PR;DEL01-PR;UOP01-DEL01-PR
730740;09/11/2025;domingo;17:30:00;PE;101;70;RECIFE;Ausência de reação do condutor;Engavetamento;Com Vítimas Feridas;Anoitecer;Crescente;Céu Claro;Dupla;Reta;Sim;7;0;1;0;5;1;1;3;-8,0733085;-34,9431129;SPRF-PE;DEL01-PE;UOP01-DEL01-PE
730742;09/11/2025;domingo;18:21:00;SP;116;200;ARUJA;Trafegar com motocicleta (ou similar) entre as faixas;Colisão lateral sentido oposto;Com Vítimas Feridas;Plena Noite;Crescente;Nublado;Dupla;Reta;Sim;3;0;2;0;1;0;2;2;-23,4029603;-46,3279925;SPRF-SP;DEL01-SP;UOP01-DEL01-SP
730743;09/11/2025;domingo;17:30:00;MG;116;353,2;JAMPRUCA;Pista Escorregadia;Colisão lateral mesmo sentido;Com Vítimas Feridas;Anoitecer;Crescente;Chuva;Simples;Curva;Não;3;0;1;0;2;0;1;2;-18,409083;-41,819253;SPRF-MG;DEL11-MG;UOP01-DEL11-MG
730747;09/11/2025;domingo;17:15:00;PR;277;112;CAMPO LARGO;Velocidade Incompatível;Queda de ocupante de veículo;Com Vítimas Feridas;Pleno dia;Crescente;Céu Claro;Dupla;Curva;Não;1;0;0;1;0;0;1;1;-25,433088;-49,417315;SPRF-PR;DEL03-PR;UOP03-DEL03-PR
730748;09/11/2025;domingo;18:00:00;GO;153;31;PORANGATU;Reação tardia ou ineficiente do condutor;Queda de ocupante de veículo;Com Vítimas Feridas;Plena Noite;Crescente;Céu Claro;Simples;Reta;Não;1;0;1;0;0;0;1;1;-13,1129176;-49,20158386;SPRF-GO;DEL07-GO;UOP01-DEL07-GO
730749;09/11/2025;domingo;16:30:00;GO;80;124,2;BARRO ALTO;Ingestão de álcool pelo condutor;Saída de leito carroçável;Com Vítimas Feridas;Pleno dia;Crescente;Céu Claro;Simples;Reta;Não;1;0;0;1;0;0;1;1;-15,037506;-48,891178;SPRF-GO;DEL07-GO;UOP02-DEL07-GO
730751;09/11/2025;domingo;17:48:00;PE;101;70,8;RECIFE;Manobra de mudança de faixa;Colisão lateral mesmo sentido;Com Vítimas Feridas;Anoitecer;Crescente;Céu Claro;Múltipla;Reta;Sim;3;0;0;1;1;1;1;2;-8,07506;-34,9429;SPRF-PE;DEL01-PE;UOP01-DEL01-PE
730752;09/11/2025;domingo;18:30:00;DF;70;16;BRASILIA;Reação tardia ou ineficiente do condutor;Colisão traseira;Com Vítimas Feridas;Plena Noite;Decrescente;Ignorado;Dupla;"Interseção de Vias;Curva";Não;3;0;1;0;2;0;1;2;-15,796212;-48,195817;SPRF-DF;DEL03-DF;UOP02-DEL03-DF
730753;09/11/2025;domingo;19:00:00;BA;415;48;ITABUNA;Transitar no Acostamento;Colisão lateral mesmo sentido;Com Vítimas Feridas;Plena Noite;Crescente;Céu Claro;Simples;Reta;Sim;3;0;2;0;0;1;2;2;-14,82012763;-39,30610076;SPRF-BA;DEL05-BA;UOP01-DEL05-BA
730754;09/11/2025;domingo;18:20:00;PI;343;49;BURITI DOS LOPES;Acesso irregular;Colisão traseira;Com Vítimas Feridas;Plena Noite;Decrescente;Céu Claro;Simples;Reta;Não;2;0;0;1;0;1;1;2;-3,17899661;-41,86114937;SPRF-PI;DEL05-PI;UOP01-DEL05-PI
730755;09/11/2025;domingo;18:30:00;PE;101;21,8;GOIANA;Deficiência do Sistema de Iluminação/Sinalização;Colisão traseira;Com Vítimas Fatais;Plena Noite;Crescente;Nublado;Dupla;Reta;Não;5;1;0;1;3;0;1;4;-7,674655;-34,9294066;SPRF-PE;DEL01-PE;UOP02-DEL01-PE
730756;09/11/2025;domingo;18:57:00;PB;230;291;SANTA LUZIA;Desrespeitar a preferência no cruzamento;Colisão transversal;Com Vítimas Feridas;Plena Noite;Decrescente;Céu Claro;Simples;Reta;Sim;2;0;1;0;1;0;1;2;-6,87095561;-36,91208839;SPRF-PB;DEL03-PB;UOP01-DEL03-PB
730757;09/11/2025;domingo;19:10:00;RS;116;266;CANOAS;Desvio temporário;Colisão com objeto;Com Vítimas Feridas;Plena Noite;Crescente;Céu Claro;Dupla;Interseção de Vias;Não;2;0;1;0;1;0;1;1;-29,9283894;-51,1775632;SPRF-RS;DEL01-RS;UOP01-DEL01-RS
730758;09/11/2025;domingo;19:00:00;PB;230;25;JOAO PESSOA;Reação tardia ou ineficiente do condutor;Tombamento;Com Vítimas Feridas;Plena Noite;Decrescente;Céu Claro;Múltipla;Reta;Sim;1;0;0;1;0;0;1;1;-7,170732;-34,869009;SPRF-PB;DEL01-PB;UOP01-DEL01-PB
730760;09/11/2025;domingo;18:20:00;PE;232;510,9;SALGUEIRO;Ingestão de álcool pelo condutor;Colisão traseira;Com Vítimas Feridas;Plena Noite;Decrescente;Céu Claro;Simples;Reta;Sim;2;0;0;1;1;0;1;2;-8,069768;-39,145555;SPRF-PE;DEL05-PE;UOP01-DEL05-PE
730762;09/11/2025;domingo;19:00:00;MG;116;115;ITAOBIM;Ausência de reação do condutor;Tombamento;Com Vítimas Feridas;Plena Noite;Decrescente;Nublado;Simples;Reta;Sim;1;0;1;0;0;0;1;1;-16,56593533;-41,50476276;SPRF-MG;DEL11-MG;UOP02-DEL11-MG
730763;09/11/2025;domingo;19:10:00;ES;101;208;IBIRACU;Animais na Pista;Atropelamento de Animal;Com Vítimas Feridas;Plena Noite;Crescente;Nublado;Simples;Curva;Não;5;0;2;0;3;0;2;2;-19,78271;-40,371653;SPRF-ES;DEL02-ES;UOP01-DEL02-ES
730764;09/11/2025;domingo;19:20:00;BA;116;413;FEIRA DE SANTANA;Ingestão de álcool pelo condutor;Colisão transversal;Com Vítimas Feridas;Plena Noite;Crescente;Céu Claro;Dupla;"Interseção de Vias;Declive";Sim;3;0;0;1;1;1;1;3;-12,15315251;-38,96483504;SPRF-BA;DEL02-BA;UOP01-DEL02-BA
730766;09/11/2025;domingo;19:20:00;MG;381;488;BETIM;Reação tardia ou ineficiente do condutor;Queda de ocupante de veículo;Com Vítimas Feridas;Plena Noite;Decrescente;Céu Claro;Dupla;Curva;Sim;1;0;1;0;0;0;1;1;-19,95791803;-44,12094018;SPRF-MG;DEL01-MG;UOP03-DEL01-MG
730767;09/11/2025;domingo;17:40:00;PR;163;79,8;PLANALTO;Velocidade Incompatível;Saída de leito carroçável;Com Vítimas Feridas;Anoitecer;Crescente;Céu Claro;Simples;Curva;Não;1;0;0;1;0;0;1;1;-25,729517;-53,78516;SPRF-PR;DEL02-PR;UOP02-DEL02-PR
730768;09/11/2025;domingo;19:50:00;MG;40;621;CONSELHEIRO LAFAIETE;Velocidade Incompatível;Colisão traseira;Com Vítimas Feridas;Plena Noite;Decrescente;Céu Claro;Dupla;"Aclive;Reta";Não;3;0;2;0;1;0;2;2;-20,593594;-43,804014;SPRF-MG;DEL05-MG;UOP02-DEL05-MG
730769;09/11/2025;domingo;18:10:00;MG;116;115;ITAOBIM;Ausência de reação do condutor;Colisão traseira;Com Vítimas Feridas;Plena Noite;Decrescente;Nublado;Simples;Reta;Sim;3;0;1;0;2;0;1;2;-16,56601;-41,504719;SPRF-MG;DEL11-MG;UOP02-DEL11-MG
730770;09/11/2025;domingo;11:40:00;SC;101;272,9;IMBITUBA;Ausência de reação do condutor;Tombamento;Com Vítimas Feridas;Pleno dia;Decrescente;Nublado;Simples;Viaduto;Não;2;0;2;0;0;0;2;1;-28,130376;-48,693716;SPRF-SC;DEL02-SC;UOP03-DEL02-SC
730771;09/11/2025;domingo;19:00:00;GO;414;363;COCALZINHO DE GOIAS;Reação tardia ou ineficiente do condutor;Eventos atípicos;Com Vítimas Feridas;Plena Noite;Crescente;Ignorado;Simples;Reta;Não;2;0;1;0;1;0;1;1;-15,717803;-48,696026;SPRF-GO;DEL02-GO;UOP01-DEL02-GO
730772;09/11/2025;domingo;19:07:00;MS;158;7;CASSILANDIA;Ingestão de álcool pelo condutor;Saída de leito carroçável;Com Vítimas Feridas;Pleno dia;Crescente;Céu Claro;Simples;Reta;Não;2;0;0;2;0;0;2;1;-19,133594;-51,70058;SPRF-MS;DEL08-MS;UOP01-DEL08-MS
730773;09/11/2025;domingo;19:50:00;SC;280;24,3;ARAQUARI;Entrada inopinada do pedestre;Atropelamento de Pedestre;Com Vítimas Feridas;Plena Noite;Crescente;Nublado;Simples;Reta;Sim;2;0;1;0;1;0;1;2;-26,380325;-48,723038;SPRF-SC;DEL03-SC;UOP03-DEL03-SC
730774;09/11/2025;domingo;19:39:00;MS;158;32;PARANAIBA;Reação tardia ou ineficiente do condutor;Colisão traseira;Com Vítimas Feridas;Plena Noite;Decrescente;Ignorado;Simples;Reta;Não;2;0;0;1;1;0;1;2;-19,39783251;-51,42386913;SPRF-MS;DEL08-MS;UOP01-DEL08-MS
730775;09/11/2025;domingo;20:50:00;ES;101;183,5;ARACRUZ;Ausência de reação do condutor;Tombamento;Com Vítimas Feridas;Plena Noite;Decrescente;Chuva;Simples;"Aclive;Curva";Não;2;0;2;0;0;0;2;1;-19,65177277;-40,23161924;SPRF-ES;DEL04-ES;UOP01-DEL04-ES
730776;09/11/2025;domingo;20:40:00;BA;116;452,8;ANTONIO CARDOSO;Ausência de reação do condutor;Capotamento;Com Vítimas Feridas;Plena Noite;Decrescente;Céu Claro;Dupla;Reta;Não;2;0;1;1;0;0;2;1;-12,3707372;-39,10992623;SPRF-BA;DEL02-BA;UOP01-DEL02-BA
730777;09/11/2025;domingo;20:30:00;MG;381;862,2;POUSO ALEGRE;Reação tardia ou ineficiente do condutor;Tombamento;Com Vítimas Feridas;Plena Noite;Crescente;Nublado;Dupla;Curva;Não;1;0;1;0;0;0;1;1;-22,333196;-45,92060924;SPRF-MG;DEL16-MG;UOP01-DEL16-MG
730778;09/11/2025;domingo;19:30:00;PI;343;286,7;ALTOS;Animais na Pista;Atropelamento de Animal;Com Vítimas Feridas;Plena Noite;Crescente;Céu Claro;Simples;Reta;Não;1;0;1;0;0;0;1;1;-4,939178;-42,319018;SPRF-PI;DEL01-PI;UOP03-DEL01-PI
730779;09/11/2025;domingo;21:00:00;BA;101;895;CARAVELAS;Velocidade Incompatível;Saída de leito carroçável;Com Vítimas Feridas;Plena Noite;Decrescente;Nublado;Simples;Curva;Não;3;0;3;0;0;0;3;1;-17,69228981;-39,77453327;SPRF-BA;DEL09-BA;UOP02-DEL09-BA
730780;09/11/2025;domingo;17:00:00;SC;282;433,9;VARGEM BONITA;Demais falhas mecânicas ou elétricas;Colisão frontal;Com Vítimas Feridas;Pleno dia;Crescente;Céu Claro;Simples;Reta;Não;8;0;2;0;6;0;2;3;-26,97738132;-51,82414977;SPRF-SC;DEL07-SC;UOP04-DEL07-SC
730781;09/11/2025;domingo;18:00:00;RS;116;37;VACARIA;Condutor deixou de manter distância do veículo da frente;Colisão traseira;Sem Vítimas;Anoitecer;Decrescente;Céu Claro;Dupla;"Retorno Regulamentado;Reta;Rotatória;Interseção de Vias";Sim;7;0;0;0;7;0;0;3;-28,50068746;-50,91972113;SPRF-RS;DEL05-RS;UOP03-DEL05-RS
730782;09/11/2025;domingo;20:00:00;PI;316;5,9;TERESINA;Transtornos Mentais (exceto suicidio);Queda de ocupante de veículo;Com Vítimas Feridas;Plena Noite;Crescente;Céu Claro;Múltipla;Curva;Sim;2;0;1;0;1;0;1;1;-5,14642;-42,77474;SPRF-PI;DEL01-PI;UOP02-DEL01-PI
730783;09/11/2025;domingo;18:30:00;MT;70;255;POXOREU;Ingestão de álcool pelo condutor;Colisão traseira;Com Vítimas Feridas;Plena Noite;Decrescente;Céu Claro;Simples;Reta;Não;4;0;3;0;1;0;3;2;-15,6268783;-54,154253;SPRF-MT;DEL05-MT;UOP01-DEL05-MT
730785;09/11/2025;domingo;18:50:00;SC;280;227;TRES BARRAS;Reação tardia ou ineficiente do condutor;Colisão traseira;Com Vítimas Feridas;Anoitecer;Crescente;Nublado;Simples;Reta;Não;4;0;2;0;2;0;2;2;-26,18179726;-50,32740204;SPRF-SC;DEL06-SC;UOP04-DEL06-SC
730786;09/11/2025;domingo;19:40:00;SC;101;372;ICARA;Ausência de reação do condutor;Saída de leito carroçável;Com Vítimas Feridas;Plena Noite;Crescente;Céu Claro;Dupla;Reta;Não;1;0;1;0;0;0;1;1;-28,71424399;-49,22047533;SPRF-SC;DEL02-SC;UOP01-DEL02-SC
730787;09/11/2025;domingo;20:15:00;RN;304;90,3;ACU;Ultrapassagem Indevida;Colisão frontal;Com Vítimas Feridas;Plena Noite;Crescente;Nublado;Simples;"Reta;Declive";Não;9;0;9;0;0;0;9;2;-5,531434;-37,098383;SPRF-RN;DEL04-RN;UOP01-DEL04-RN
730788;09/11/2025;domingo;18:30:00;RJ;40;2;COMENDADOR LEVY GASPARIAN;Reação tardia ou ineficiente do condutor;Queda de ocupante de veículo;Com Vítimas Feridas;Plena Noite;Crescente;Nublado;Dupla;Reta;Não;2;0;2;0;0;0;2;1;-22,00868216;-43,24360078;SPRF-RJ;DEL05-RJ;UOP02-DEL05-RJ
730789;09/11/2025;domingo;20:35:00;RO;364;205,4;PIMENTA BUENO;Ingestão de álcool pelo condutor;Colisão frontal;Com Vítimas Feridas;Plena Noite;Crescente;Céu Claro;Simples;"Declive;Reta";Não;5;0;0;1;3;1;1;3;-11,611248;-61,219205;SPRF-RO;DEL02-RO;UOP02-DEL02-RO
730791;09/11/2025;domingo;21:50:00;ES;101;42;CONCEICAO DA BARRA;Condutor deixou de manter distância do veículo da frente;Colisão traseira;Com Vítimas Feridas;Plena Noite;Crescente;Chuva;Simples;Reta;Não;2;0;1;0;0;1;1;2;-18,5184682;-39,9128996;SPRF-ES;DEL04-ES;UOP02-DEL04-ES
730792;09/11/2025;domingo;20:30:00;MG;459;87,4;CONGONHAL;Condutor deixou de manter distância do veículo da frente;Colisão traseira;Com Vítimas Feridas;Plena Noite;Crescente;Céu Claro;Simples;Reta;Sim;4;0;1;0;3;0;1;2;-22,15097;-46,045073;SPRF-MG;DEL09-MG;UOP01-DEL09-MG
730794;09/11/2025;domingo;20:50:00;MG;262;781;UBERABA;Estacionar ou parar em local proibido;Saída de leito carroçável;Com Vítimas Feridas;Plena Noite;Crescente;Céu Claro;Simples;Declive;Não;2;0;1;0;0;1;1;1;-19,7132288;-47,9854592;SPRF-MG;DEL13-MG;UOP01-DEL13-MG
730796;09/11/2025;domingo;21:11:00;SP;116;158,5;JACAREI;Avarias e/ou desgaste excessivo no pneu;Tombamento;Com Vítimas Feridas;Plena Noite;Crescente;Céu Claro;Dupla;"Reta;Declive";Sim;2;0;2;0;0;0;2;1;-23,261283;-45,953043;SPRF-SP;DEL02-SP;UOP01-DEL02-SP
730798;09/11/2025;domingo;18:45:00;PR;373;242;GUAMIRANGA;Reação tardia ou ineficiente do condutor;Capotamento;Sem Vítimas;Anoitecer;Crescente;Céu Claro;Simples;Reta;Não;1;0;0;0;0;1;0;1;-25,1964378;-50,7802763;SPRF-PR;DEL03-PR;UOP01-DEL03-PR
730800;09/11/2025;domingo;21:40:00;ES;262;165,8;IBATIBA;Demais falhas mecânicas ou elétricas;Incêndio;Sem Vítimas;Plena Noite;Decrescente;Chuva;Simples;Reta;Não;1;0;0;0;1;0;0;1;-20,26264524;-41,56990235;SPRF-ES;DEL01-ES;UOP02-DEL01-ES
730802;09/11/2025;domingo;22:20:00;ES;101;297;VIANA;Manobra de mudança de faixa;Saída de leito carroçável;Com Vítimas Feridas;Plena Noite;Crescente;Garoa/Chuvisco;Dupla;Curva;Sim;2;0;2;0;0;0;2;1;-20,351073;-40,41326;SPRF-ES;DEL01-ES;UOP01-DEL01-ES
730803;09/11/2025;domingo;20:10:00;SC;282;501,3;XANXERE;Acessar a via sem observar a presença dos outros veículos;Colisão transversal;Com Vítimas Feridas;Plena Noite;Crescente;Céu Claro;Dupla;"Retorno Regulamentado;Reta";Sim;4;0;3;1;0;0;4;2;-26,8824594;-52,38148212;SPRF-SC;DEL07-SC;UOP01-DEL07-SC
730804;09/11/2025;domingo;22:20:00;SC;101;77,7;ARAQUARI;Avarias e/ou desgaste excessivo no pneu;Tombamento;Com Vítimas Feridas;Plena Noite;Crescente;Nublado;Dupla;Reta;Não;2;0;2;0;0;0;2;1;-26,57582808;-48,72281877;SPRF-SC;DEL03-SC;UOP02-DEL03-SC
730805;09/11/2025;domingo;22:30:00;SP;116;288;ITAPECERICA DA SERRA;Ausência de reação do condutor;Tombamento;Com Vítimas Feridas;Plena Noite;Crescente;Garoa/Chuvisco;Simples;"Reta;Rotatória";Não;1;0;1;0;0;0;1;1;-23,709817;-46,871788;SPRF-SP;DEL04-SP;UOP01-DEL04-SP
730806;09/11/2025;domingo;16:40:00;PA;163;102;ALTAMIRA;Ingestão de álcool pelo condutor;Saída de leito carroçável;Com Vítimas Feridas;Plena Noite;Crescente;Céu Claro;Simples;Reta;Não;2;0;1;1;0;0;2;1;-8,73344;-54,970083;SPRF-MT;DEL06-MT;UOP03-DEL06-MT
730807;09/11/2025;domingo;21:53:00;MS;163;682,4;RIO VERDE DE MATO GROSSO;Ausência de reação do condutor;Colisão traseira;Sem Vítimas;Plena Noite;Crescente;Céu Claro;Simples;"Declive;Reta";Sim;4;0;0;0;3;1;0;2;-18,89807953;-54,84296177;SPRF-MS;DEL06-MS;UOP02-DEL06-MS
730808;09/11/2025;domingo;23:10:00;RS;116;150,2;CAXIAS DO SUL;Reação tardia ou ineficiente do condutor;Colisão traseira;Sem Vítimas;Plena Noite;Crescente;Céu Claro;Dupla;Reta;Sim;2;0;0;0;2;0;0;2;-29,1709444;-51,1599447;SPRF-RS;DEL05-RS;UOP01-DEL05-RS
730809;09/11/2025;domingo;20:30:00;MG;365;473;PATROCINIO;Condutor deixou de manter distância do veículo da frente;Colisão traseira;Com Vítimas Feridas;Plena Noite;Crescente;Nublado;Simples;"Aclive;Reta";Sim;3;0;1;0;2;0;1;2;-18,923802;-46,995891;SPRF-MG;DEL10-MG;UOP01-DEL10-MG
730810;09/11/2025;domingo;17:00:00;PI;230;199;OEIRAS;Ingestão de álcool pelo condutor;Colisão lateral mesmo sentido;Com Vítimas Feridas;Plena Noite;Crescente;Céu Claro;Simples;Curva;Sim;3;0;1;1;1;0;2;2;-7,019907;-42,145312;SPRF-PI;DEL04-PI;UOP01-DEL04-PI
730811;09/11/2025;domingo;23:30:00;SP;116;284;ITAPECERICA DA SERRA;Velocidade Incompatível;Capotamento;Sem Vítimas;Plena Noite;Decrescente;Nublado;Dupla;Curva;Sim;1;0;0;0;0;1;0;1;-23,68371025;-46,85882803;SPRF-SP;DEL04-SP;UOP01-DEL04-SP
730812;09/11/2025;domingo;21:45:00;MG;116;674,6;MIRADOURO;Ingestão de álcool pelo condutor;Saída de leito carroçável;Sem Vítimas;Plena Noite;Crescente;Nublado;Simples;Curva;Não;1;0;0;0;1;0;0;1;-20,90394687;-42,35114492;SPRF-MG;DEL07-MG;UOP02-DEL07-MG
730813;09/11/2025;domingo;22:00:00;RJ;101;387;RIO DE JANEIRO;Ausência de reação do condutor;Colisão traseira;Com Vítimas Feridas;Plena Noite;Crescente;Chuva;Múltipla;Reta;Sim;2;0;1;0;1;0;1;2;-22,8834593;-43,64258464;SPRF-RJ;DEL03-RJ;UOP01-DEL03-RJ
730814;09/11/2025;domingo;17:30:00;MS;158;295;TRES LAGOAS;Ausência de reação do condutor;Saída de leito carroçável;Com Vítimas Feridas;Anoitecer;Crescente;Céu Claro;Dupla;"Reta;Declive";Não;1;0;1;0;0;0;1;1;-20,931171;-51,817765;SPRF-MS;DEL07-MS;UOP01-DEL07-MS
730815;09/11/2025;domingo;22:56:00;PB;101;12;MAMANGUAPE;Ingestão de álcool pelo condutor;Tombamento;Com Vítimas Feridas;Plena Noite;Decrescente;Céu Claro;Dupla;Em Obras;Não;2;0;2;0;0;0;2;1;-6,60105208;-35,14314959;SPRF-PB;DEL01-PB;UOP03-DEL01-PB
730818;09/11/2025;domingo;23:25:00;SP;116;432;REGISTRO;Animais na Pista;Atropelamento de Animal;Com Vítimas Fatais;Plena Noite;Decrescente;Nevoeiro/Neblina;Dupla;Reta;Não;1;1;0;0;0;0;0;1;-24,416305;-47,761432;SPRF-SP;DEL05-SP;UOP01-DEL05-SP
730819;09/11/2025;domingo;23:40:00;RS;116;142;CAXIAS DO SUL;Condutor desrespeitou a iluminação vermelha do semáforo;Colisão transversal;Sem Vítimas;Plena Noite;Decrescente;Céu Claro;Múltipla;Rotatória;Sim;2;0;0;0;2;0;0;2;-29,11878498;-51,11683911;SPRF-RS;DEL05-RS;UOP01-DEL05-RS
730820;09/11/2025;domingo;23:20:00;SC;101;138;BALNEARIO CAMBORIU;Ingestão de álcool pelo condutor;Saída de leito carroçável;Sem Vítimas;Plena Noite;Crescente;Nublado;Dupla;Reta;Sim;1;0;0;0;1;0;0;1;-27,02867944;-48,60316627;SPRF-SC;DEL04-SC;UOP03-DEL04-SC
730821;09/11/2025;domingo;20:30:00;RJ;40;116;DUQUE DE CAXIAS;Entrada inopinada do pedestre;Atropelamento de Pedestre;Com Vítimas Fatais;Pleno dia;Crescente;Céu Claro;Dupla;Reta;Sim;2;1;0;0;1;0;0;2;-22,740145;-43,288205;SPRF-RJ;DEL01-RJ;UOP02-DEL01-RJ
730823;09/11/2025;domingo;23:40:00;BA;324;618;SALVADOR;Demais falhas mecânicas ou elétricas;Colisão com objeto;Com Vítimas Feridas;Plena Noite;Decrescente;Céu Claro;Múltipla;Reta;Não;1;0;1;0;0;0;1;1;-12,903776;-38,454334;SPRF-BA;DEL01-BA;UOP01-DEL01-BA
730824;09/11/2025;domingo;22:15:00;MG;153;26;CENTRALINA;Condutor usando celular;Colisão traseira;Com Vítimas Feridas;Plena Noite;Crescente;Céu Claro;Dupla;Reta;Não;2;0;0;2;0;0;2;1;-18,63732128;-49,18052121;SPRF-MG;DEL15-MG;UOP03-DEL15-MG
730825;09/11/2025;domingo;23:55:00;ES;101;262;SERRA;Ausência de reação do condutor;Colisão traseira;Com Vítimas Feridas;Plena Noite;Crescente;Céu Claro;Simples;Reta;Não;3;0;2;1;0;0;3;2;-20,13592779;-40,29247721;SPRF-ES;DEL02-ES;UOP01-DEL02-ES
730827;09/11/2025;domingo;23:45:00;GO;70;1;AGUAS LINDAS DE GOIAS;Reação tardia ou ineficiente do condutor;Colisão com objeto;Com Vítimas Feridas;Plena Noite;Crescente;Céu Claro;Dupla;"Aclive;Reta";Não;1;0;0;1;0;0;1;1;-15,77686234;-48,23278037;SPRF-DF;DEL03-DF;UOP02-DEL03-DF
730828;10/11/2025;segunda-feira;00:00:00;GO;60;373;RIO VERDE;Reação tardia ou ineficiente do condutor;Saída de leito carroçável;Sem Vítimas;Plena Noite;Decrescente;Nublado;Dupla;"Curva;Declive";Não;1;0;0;0;0;1;0;1;-17,730092;-50,868302;SPRF-GO;DEL04-GO;UOP02-DEL04-GO
730831;09/11/2025;domingo;20:33:00;PB;405;3,9;POCO DE JOSE DE MOURA;Animais na Pista;Atropelamento de Animal;Com Vítimas Feridas;Plena Noite;Crescente;Céu Claro;Simples;Reta;Não;1;0;0;1;0;0;1;1;-6,53515162;-38,50009921;SPRF-PB;DEL03-PB;UOP03-DEL03-PB