id;data_inversa;dia_semana;horario;uf;br;km;municipio;causa_acidente;tipo_acidente;classificacao_acidente;fase_dia;sentido_via;condicao_metereologica;tipo_pista;tracado_via;uso_solo;pessoas;mortos;feridos_leves;feridos_graves;ilesos;ignorados;feridos;veiculos;latitude;longitude;regional;delegacia;uop
730957;10/11/2025;segunda-feira;14:58:00;SP;116;229;SAO PAULO;Manobra de mudança de faixa;Colisão com objeto;Com Vítimas Feridas;Pleno dia;Decrescente;Céu Claro;Múltipla;"Aclive;Reta";Sim;1;0;1;0;0;0;1;1;-23,50901673;-46,57245426;SPRF-SP;DEL01-SP;UOP01-DEL01-SP
730958;10/11/2025;segunda-feira;15:25:00;PE;101;66,2;RECIFE;Reação tardia ou ineficiente do condutor;Colisão lateral mesmo sentido;Com Vítimas Feridas;Pleno dia;Decrescente;Sol;Múltipla;Reta;Sim;2;0;1;0;1;0;1;2;-8,03504;-34,94134;SPRF-PE;DEL01-PE;UOP01-DEL01-PE
730961;10/11/2025;segunda-feira;15:40:00;RS;290;21,7;SANTO ANTONIO DA PATRULHA;Objeto estático sobre o leito carroçável;Colisão com objeto;Com Vítimas Feridas;Pleno dia;Decrescente;Sol;Dupla;Reta;Sim;1;0;1;0;0;0;1;1;-29,88969;-50,472174;SPRF-RS;DEL03-RS;UOP01-DEL03-RS
730963;10/11/2025;segunda-feira;15:20:00;PB;230;46;SANTA RITA;Condutor Dormindo;Saída de leito carroçável;Com Vítimas Feridas;Pleno dia;Decrescente;Céu Claro;Dupla;Reta;Não;1;0;1;0;0;0;1;1;-7,16467;-35,025883;SPRF-PB;DEL01-PB;UOP02-DEL01-PB
730966;10/11/2025;segunda-feira;15:30:00;MG;116;528,7;CARATINGA;Desrespeitar a preferência no cruzamento;Colisão transversal;Com Vítimas Feridas;Pleno dia;Decrescente;Nublado;Simples;Interseção de Vias;Sim;2;0;0;1;1;0;1;2;-19,803086;-42,136228;SPRF-MG;DEL06-MG;UOP02-DEL06-MG
730967;10/11/2025;segunda-feira;15:40:00;SP;116;339;JUQUITIBA;Frear bruscamente;Colisão traseira;Com Vítimas Feridas;Pleno dia;Crescente;Céu Claro;Dupla;"Declive;Reta";Não;3;0;1;0;2;0;1;2;-24,00284687;-47,15547681;SPRF-SP;DEL04-SP;UOP03-DEL04-SP
730968;10/11/2025;segunda-feira;16:00:00;ES;101;262,2;SERRA;Manobra de mudança de faixa;Colisão lateral mesmo sentido;Com Vítimas Feridas;Pleno dia;Decrescente;Nublado;Múltipla;"Reta;Interseção de Vias;Retorno Regulamentado";Sim;2;0;1;0;1;0;1;2;-20,160165;-40,275838;SPRF-ES;DEL02-ES;UOP01-DEL02-ES
730969;10/11/2025;segunda-feira;16:15:00;RS;287;249;SANTA MARIA;Ausência de reação do condutor;Colisão traseira;Com Vítimas Feridas;Pleno dia;Decrescente;Céu Claro;Dupla;Reta;Sim;2;0;0;1;1;0;1;2;-29,692723;-53,865253;SPRF-RS;DEL09-RS;UOP01-DEL09-RS
730971;10/11/2025;segunda-feira;15:15:00;MG;381;528,8;BRUMADINHO;Ausência de reação do condutor;Colisão com objeto;Com Vítimas Feridas;Pleno dia;Decrescente;Céu Claro;Dupla;"Declive;Reta";Não;1;0;1;0;0;0;1;1;-20,164065;-44,338507;SPRF-MG;DEL04-MG;UOP03-DEL04-MG
730973;10/11/2025;segunda-feira;16:30:00;MS;163;480,9;CAMPO GRANDE;Ultrapassagem Indevida;Saída de leito carroçável;Com Vítimas Feridas;Pleno dia;Crescente;Céu Claro;Simples;Reta;Não;1;0;1;0;0;0;1;1;-20,470982;-54,559526;SPRF-MS;DEL01-MS;UOP01-DEL01-MS
730974;10/11/2025;segunda-feira;17:00:00;PR;153;42,4;SANTO ANTONIO DA PLATINA;Acessar a via sem observar a presença dos outros veículos;Colisão transversal;Com Vítimas Feridas;Pleno dia;Crescente;Céu Claro;Simples;"Interseção de Vias;Reta";Sim;3;0;2;0;1;0;2;2;-23,30151124;-50,0703553;SPRF-PR;DEL07-PR;UOP04-DEL07-PR
730976;10/11/2025;segunda-feira;15:25:00;GO;153;87,9;SANTA TEREZA DE GOIAS;Chuva;Saída de leito carroçável;Com Vítimas Feridas;Pleno dia;Decrescente;Chuva;Simples;"Declive;Reta";Não;1;0;1;0;0;0;1;1;-13,55623;-49,0655;SPRF-GO;DEL07-GO;UOP01-DEL07-GO
730977;10/11/2025;segunda-feira;17:15:00;RN;101;95;NATAL;Manobra de mudança de faixa;Colisão lateral mesmo sentido;Com Vítimas Feridas;Anoitecer;Decrescente;Céu Claro;Dupla;Interseção de Vias;Não;2;0;0;1;0;1;1;2;-5,83878356;-35,21087972;SPRF-RN;DEL01-RN;UOP01-DEL01-RN
730978;10/11/2025;segunda-feira;17:00:00;SP;153;61;SAO JOSE DO RIO PRETO;Ausência de reação do condutor;Colisão lateral mesmo sentido;Com Vítimas Feridas;Pleno dia;Decrescente;Sol;Dupla;Reta;Sim;2;0;1;0;1;0;1;2;-20,80498434;-49,35573578;SPRF-SP;DEL09-SP;UOP01-DEL09-SP
730979;10/11/2025;segunda-feira;16:40:00;RJ;495;2,5;TERESOPOLIS;Condutor deixou de manter distância do veículo da frente;Colisão lateral mesmo sentido;Com Vítimas Feridas;Pleno dia;Decrescente;Nublado;Simples;Reta;Sim;2;0;1;0;1;0;1;2;-22,395228;-42,986037;SPRF-RJ;DEL04-RJ;UOP01-DEL04-RJ
730981;10/11/2025;segunda-feira;11:45:00;SC;101;87,3;BARRA VELHA;Condutor deixou de manter distância do veículo da frente;Colisão traseira;Com Vítimas Feridas;Pleno dia;Crescente;Céu Claro;Simples;"Declive;Reta";Sim;2;0;1;0;1;0;1;2;-26,64408324;-48,68934631;SPRF-SC;DEL03-SC;UOP02-DEL03-SC
730982;10/11/2025;segunda-feira;17:20:00;PB;361;4;PATOS;Acessar a via sem observar a presença dos outros veículos;Colisão transversal;Com Vítimas Feridas;Pleno dia;Crescente;Céu Claro;Simples;Reta;Sim;2;0;0;1;1;0;1;2;-7,032296;-37,294778;SPRF-PB;DEL03-PB;UOP01-DEL03-PB
730984;10/11/2025;segunda-feira;17:25:00;BA;324;520;FEIRA DE SANTANA;Frear bruscamente;Engavetamento;Com Vítimas Feridas;Anoitecer;Decrescente;Céu Claro;Dupla;Reta;Não;3;0;1;0;1;1;1;3;-12,2801458;-38,9258078;SPRF-BA;DEL01-BA;UOP03-DEL01-BA
730985;10/11/2025;segunda-feira;17:10:00;PR;369;456,8;CORBELIA;Acessar a via sem observar a presença dos outros veículos;Colisão transversal;Com Vítimas Feridas;Pleno dia;Crescente;Sol;Simples;"Declive;Curva;Interseção de Vias";Não;5;0;1;0;4;0;1;2;-24,5877821;-53,20141263;SPRF-PR;DEL04-PR;UOP03-DEL04-PR
730987;10/11/2025;segunda-feira;17:50:00;SP;116;148,1;SAO JOSE DOS CAMPOS;Ausência de reação do condutor;Colisão lateral mesmo sentido;Com Vítimas Feridas;Pleno dia;Decrescente;Céu Claro;Dupla;Reta;Sim;2;0;1;0;1;0;1;2;-23,20016648;-45,87891016;SPRF-SP;DEL02-SP;UOP01-DEL02-SP
730988;10/11/2025;segunda-feira;17:00:00;RS;0;0;SANTA ROSA;Reação tardia ou ineficiente do condutor;Colisão traseira;Sem Vítimas;Pleno dia;Não Informado;Céu Claro;Simples;Reta;Sim;4;0;0;0;4;0;0;2;-27,862855;-54,461486;SPRF-RS;DEL08-RS;UOP02-DEL08-RS
730990;10/11/2025;segunda-feira;17:15:00;PR;476;147,9;ARAUCARIA;Reação tardia ou ineficiente do condutor;Colisão traseira;Sem Vítimas;Pleno dia;Decrescente;Sol;Dupla;"Declive;Reta";Sim;4;0;0;0;4;0;0;2;-25,557112;-49,348982;SPRF-PR;DEL01-PR;UOP06-DEL01-PR
730991;10/11/2025;segunda-feira;17:20:00;MS;163;618;SAO GABRIEL DO OESTE;Demais falhas mecânicas ou elétricas;Incêndio;Sem Vítimas;Anoitecer;Crescente;Céu Claro;Simples;Reta;Sim;1;0;0;0;1;0;0;1;-19,36472993;-54,58670211;SPRF-MS;DEL06-MS;UOP02-DEL06-MS
730993;10/11/2025;segunda-feira;18:10:00;RS;116;150;CAXIAS DO SUL;Entrada inopinada do pedestre;Atropelamento de Pedestre;Com Vítimas Feridas;Anoitecer;Decrescente;Céu Claro;Dupla;Reta;Sim;2;0;1;0;1;0;1;2;-29,169256;-51,158612;SPRF-RS;DEL05-RS;UOP01-DEL05-RS
730995;10/11/2025;segunda-feira;13:00:00;RJ;101;318;SAO GONCALO;Manobra de mudança de faixa;Colisão lateral mesmo sentido;Com Vítimas Feridas;Pleno dia;Decrescente;Céu Claro;Dupla;Reta;Sim;2;0;1;0;1;0;1;2;-22,85542065;-43,10258242;SPRF-RJ;DEL02-RJ;UOP02-DEL02-RJ
730996;10/11/2025;segunda-feira;18:04:00;MG;381;502;BETIM;Ausência de reação do condutor;Queda de ocupante de veículo;Com Vítimas Feridas;Plena Noite;Crescente;Céu Claro;Dupla;Reta;Não;1;0;0;1;0;0;1;1;-20,02042374;-44,22864929;SPRF-MG;DEL01-MG;UOP03-DEL01-MG
730998;02/11/2025;domingo;14:00:00;BA;324;619,8;SALVADOR;Manobra de mudança de faixa;Colisão lateral mesmo sentido;Com Vítimas Feridas;Pleno dia;Crescente;Céu Claro;Dupla;Curva;Sim;4;0;2;0;2;0;2;2;-12,88884749;-38,44327066;SPRF-BA;DEL01-BA;UOP01-DEL01-BA
730999;10/11/2025;segunda-feira;18:40:00;RN;405;1;MOSSORO;Condutor desrespeitou a iluminação vermelha do semáforo;Colisão transversal;Sem Vítimas;Plena Noite;Crescente;Céu Claro;Dupla;Reta;Sim;2;0;0;0;1;1;0;2;-5,19258619;-37,36948013;SPRF-RN;DEL04-RN;UOP02-DEL04-RN
731000;10/11/2025;segunda-feira;17:25:00;MG;381;624,8;OLIVEIRA;Condutor Dormindo;Colisão com objeto;Com Vítimas Feridas;Pleno dia;Decrescente;Céu Claro;Dupla;Reta;Não;2;0;0;1;1;0;1;2;-20,80686314;-44,79088784;SPRF-MG;DEL04-MG;UOP01-DEL04-MG
731001;10/11/2025;segunda-feira;17:50:00;SE;101;93;NOSSA SENHORA DO SOCORRO;Desrespeitar a preferência no cruzamento;Tombamento;Com Vítimas Feridas;Anoitecer;Crescente;Céu Claro;Dupla;Rotatória;Sim;1;0;0;1;0;0;1;1;-10,90452;-37,14867;SPRF-SE;DEL01-SE;UOP01-DEL01-SE
731002;10/11/2025;segunda-feira;18:20:00;SC;280;26;ARAQUARI;Acessar a via sem observar a presença dos outros veículos;Colisão transversal;Com Vítimas Feridas;Anoitecer;Decrescente;Céu Claro;Simples;Reta;Sim;2;0;1;0;1;0;1;2;-26,40148425;-48,74337522;SPRF-SC;DEL03-SC;UOP03-DEL03-SC
731003;10/11/2025;segunda-feira;17:00:00;RJ;101;477,3;ANGRA DOS REIS;Entrada inopinada do pedestre;Atropelamento de Pedestre;Com Vítimas Feridas;Pleno dia;Decrescente;Céu Claro;Simples;Reta;Sim;2;0;1;0;1;0;1;2;-23,00115723;-44,27019235;SPRF-RJ;DEL03-RJ;UOP03-DEL03-RJ
731004;10/11/2025;segunda-feira;18:40:00;PR;376;232;APUCARANA;Reação tardia ou ineficiente do condutor;Saída de leito carroçável;Com Vítimas Feridas;Plena Noite;Decrescente;Céu Claro;Dupla;Reta;Não;1;0;0;1;0;0;1;1;-23,567682;-51,51734;SPRF-PR;DEL07-PR;UOP03-DEL07-PR
731006;10/11/2025;segunda-feira;19:09:00;RJ;40;124;RIO DE JANEIRO;Reação tardia ou ineficiente do condutor;Queda de ocupante de veículo;Com Vítimas Feridas;Plena Noite;Decrescente;Céu Claro;Dupla;Reta;Sim;1;0;1;0;0;0;1;1;-22,8139634;-43,2875359;SPRF-RJ;DEL01-RJ;UOP02-DEL01-RJ
731008;10/11/2025;segunda-feira;18:30:00;PE;408;63;PAUDALHO;Condutor deixou de manter distância do veículo da frente;Colisão traseira;Sem Vítimas;Plena Noite;Decrescente;Céu Claro;Dupla;Reta;Não;2;0;0;0;1;1;0;2;-7,86100574;-35,21054184;SPRF-PE;DEL01-PE;UOP01-DEL01-PE
731009;10/11/2025;segunda-feira;17:16:00;MT;364;201;RONDONOPOLIS;Mal súbito do condutor;Saída de leito carroçável;Com Vítimas Feridas;Pleno dia;Crescente;Céu Claro;Dupla;"Declive;Reta";Não;1;0;1;0;0;0;1;1;-16,4871;-54,6478;SPRF-MT;DEL02-MT;UOP01-DEL02-MT
731011;10/11/2025;segunda-feira;17:19:00;AC;364;128;RIO BRANCO;Condutor deixou de manter distância do veículo da frente;Colisão lateral mesmo sentido;Sem Vítimas;Anoitecer;Crescente;Céu Claro;Dupla;"Curva;Retorno Regulamentado";Sim;5;0;0;0;5;0;0;2;-10,02651079;-67,82049859;SPRF-AC;DEL01-AC;UOP01-DEL01-AC
731013;10/11/2025;segunda-feira;18:45:00;PB;361;6;PATOS;Ausência de reação do condutor;Queda de ocupante de veículo;Com Vítimas Feridas;Anoitecer;Crescente;Céu Claro;Simples;Reta;Não;1;0;1;0;0;0;1;1;-7,0341127;-37,29858398;SPRF-PB;DEL03-PB;UOP01-DEL03-PB
731014;10/11/2025;segunda-feira;17:25:00;AC;364;124;RIO BRANCO;Ausência de reação do condutor;Colisão traseira;Sem Vítimas;Pleno dia;Decrescente;Céu Claro;Simples;Rotatória;Sim;2;0;0;0;2;0;0;2;-10,0118549;-67,7985456;SPRF-AC;DEL01-AC;UOP01-DEL01-AC
731015;10/11/2025;segunda-feira;19:30:00;RJ;116;42;TERESOPOLIS;Ausência de reação do condutor;Atropelamento de Pedestre;Com Vítimas Feridas;Plena Noite;Decrescente;Céu Claro;Simples;Reta;Sim;2;0;0;2;0;0;2;2;-22,141182;-42,788513;SPRF-RJ;DEL04-RJ;UOP01-DEL04-RJ
731016;10/11/2025;segunda-feira;19:00:00;GO;153;643;MORRINHOS;Velocidade Incompatível;Saída de leito carroçável;Com Vítimas Feridas;Anoitecer;Crescente;Céu Claro;Dupla;Reta;Não;5;0;0;1;4;0;1;1;-17,89650262;-49,23464924;SPRF-GO;DEL03-GO;UOP01-DEL03-GO
731017;10/11/2025;segunda-feira;19:19:00;RJ;40;105;DUQUE DE CAXIAS;Ausência de reação do condutor;Colisão transversal;Com Vítimas Feridas;Plena Noite;Crescente;Céu Claro;Simples;Reta;Sim;3;0;2;0;0;1;2;2;-22,6534196;-43,28376255;SPRF-RJ;DEL01-RJ;UOP02-DEL01-RJ
731018;09/11/2025;domingo;13:20:00;BA;101;766,7;ITABELA;Reação tardia ou ineficiente do condutor;Queda de ocupante de veículo;Com Vítimas Feridas;Pleno dia;Crescente;Nublado;Simples;"Reta;Ponte";Não;1;0;0;1;0;0;1;1;-16,717865;-39,449667;SPRF-BA;DEL09-BA;UOP01-DEL09-BA
731019;10/11/2025;segunda-feira;18:20:00;PR;376;620;SAO JOSE DOS PINHAIS;Acessar a via sem observar a presença dos outros veículos;Colisão frontal;Com Vítimas Feridas;Plena Noite;Crescente;Céu Claro;Simples;"Interseção de Vias;Reta";Sim;2;0;1;1;0;0;2;2;-25,61703372;-49,16974068;SPRF-PR;DEL01-PR;UOP04-DEL01-PR
731020;10/11/2025;segunda-feira;19:45:00;DF;40;4;BRASILIA;Área urbana sem a presença de local apropriado para a travessia de pedestres;Atropelamento de Pedestre;Com Vítimas Feridas;Plena Noite;Crescente;Céu Claro;Dupla;"Aclive;Reta";Sim;2;0;0;1;1;0;1;2;-16,01086;-47,98263;SPRF-DF;DEL01-DF;UOP01-DEL01-DF
731024;10/11/2025;segunda-feira;20:00:00;RN;110;47;MOSSORO;Conversão proibida;Colisão transversal;Com Vítimas Feridas;Plena Noite;Crescente;Ignorado;Simples;Reta;Sim;3;0;2;0;1;0;2;2;-5,20745;-37,33135;SPRF-RN;DEL04-RN;UOP01-DEL04-RN
731026;10/11/2025;segunda-feira;19:45:00;PR;277;1;CURITIBA;Reação tardia ou ineficiente do condutor;Colisão lateral mesmo sentido;Com Vítimas Feridas;Plena Noite;Crescente;Céu Claro;Dupla;"Reta;Declive";Sim;2;0;0;1;1;0;1;2;-25,43172;-49,362697;SPRF-PR;DEL01-PR;UOP06-DEL01-PR
731028;10/11/2025;segunda-feira;15:45:00;GO;80;136;BARRO ALTO;Acumulo de areia ou detritos sobre o pavimento;Colisão com objeto;Sem Vítimas;Pleno dia;Decrescente;Céu Claro;Simples;Reta;Não;4;0;0;0;2;2;0;2;-14,94994122;-48,93317968;SPRF-GO;DEL07-GO;UOP02-DEL07-GO
731029;10/11/2025;segunda-feira;21:05:00;PR;376;204,2;APUCARANA;Entrada inopinada do pedestre;Atropelamento de Pedestre;Com Vítimas Feridas;Plena Noite;Decrescente;Céu Claro;Simples;"Declive;Reta";Sim;2;0;1;0;1;0;1;2;-23,546159;-51,452368;SPRF-PR;DEL09-PR;UOP01-DEL09-PR
731030;09/11/2025;domingo;12:28:00;CE;222;90,1;UMIRIM;Acessar a via sem observar a presença dos outros veículos;Colisão frontal;Com Vítimas Feridas;Pleno dia;Crescente;Céu Claro;Simples;"Interseção de Vias;Reta";Sim;3;0;0;1;2;0;1;2;-3,677902;-39,347376;SPRF-CE;DEL01-CE;UOP03-DEL01-CE
731031;10/11/2025;segunda-feira;21:55:00;SP;116;227,8;SAO PAULO;Ausência de sinalização;Colisão traseira;Com Vítimas Feridas;Plena Noite;Crescente;Céu Claro;Múltipla;Reta;Sim;3;0;1;0;2;0;1;2;-23,501796;-46,564382;SPRF-SP;DEL01-SP;UOP01-DEL01-SP
731032;10/11/2025;segunda-feira;17:55:00;SC;282;496,1;XANXERE;Acessar a via sem observar a presença dos outros veículos;Colisão transversal;Com Vítimas Feridas;Pleno dia;Crescente;Céu Claro;Simples;Reta;Não;4;0;1;1;2;0;2;3;-26,87644421;-52,33008957;SPRF-SC;DEL07-SC;UOP01-DEL07-SC
731034;10/11/2025;segunda-feira;19:30:00;PE;101;78;JABOATAO DOS GUARARAPES;Velocidade Incompatível;Queda de ocupante de veículo;Com Vítimas Fatais;Plena Noite;Crescente;Céu Claro;Dupla;"Curva;Aclive";Não;1;1;0;0;0;0;0;1;-8,141423;-34,946541;SPRF-PE;DEL01-PE;UOP01-DEL01-PE
731037;10/11/2025;segunda-feira;21:45:00;RS;116;148,3;CAXIAS DO SUL;Entrada inopinada do pedestre;Atropelamento de Pedestre;Com Vítimas Feridas;Plena Noite;Decrescente;Céu Claro;Dupla;Curva;Sim;2;0;1;0;1;0;1;2;-29,157288;-51,151322;SPRF-RS;DEL05-RS;UOP01-DEL05-RS
731038;10/11/2025;segunda-feira;20:04:00;MA;10;320;ACAILANDIA;Acessar a via sem observar a presença dos outros veículos;Colisão transversal;Com Vítimas Feridas;Plena Noite;Decrescente;Céu Claro;Simples;Reta;Sim;2;0;1;0;1;0;1;2;-4,94604;-47,50336;SPRF-MA;DEL04-MA;UOP03-DEL04-MA
731040;10/11/2025;segunda-feira;16:30:00;MG;116;357,9;FREI INOCENCIO;Conversão proibida;Colisão traseira;Com Vítimas Feridas;Pleno dia;Decrescente;Nublado;Simples;Reta;Não;4;0;0;1;3;0;1;2;-18,446999;-41,844493;SPRF-MG;DEL11-MG;UOP01-DEL11-MG
731041;10/11/2025;segunda-feira;20:42:00;AC;364;138;RIO BRANCO;Desrespeitar a preferência no cruzamento;Colisão transversal;Com Vítimas Feridas;Plena Noite;Crescente;Céu Claro;Dupla;Rotatória;Sim;3;0;2;0;1;0;2;2;-9,96050563;-67,85660112;SPRF-AC;DEL01-AC;UOP01-DEL01-AC
731042;10/11/2025;segunda-feira;21:58:00;RJ;116;29;TERESOPOLIS;Ausência de reação do condutor;Saída de leito carroçável;Sem Vítimas;Plena Noite;Decrescente;Céu Claro;Simples;"Aclive;Reta";Não;1;0;0;0;1;0;0;1;-22,18220548;-42,84963983;SPRF-RJ;DEL05-RJ;UOP01-DEL05-RJ
731043;10/11/2025;segunda-feira;22:20:00;SE;235;47,9;ITABAIANA;Acessar a via sem observar a presença dos outros veículos;Colisão transversal;Com Vítimas Feridas;Plena Noite;Decrescente;Céu Claro;Simples;Reta;Não;2;0;1;0;1;0;1;2;-10,723296;-37,4178;SPRF-SE;DEL01-SE;UOP02-DEL01-SE
731044;10/11/2025;segunda-feira;23:45:00;SC;101;155;PORTO BELO;Reação tardia ou ineficiente do condutor;Saída de leito carroçável;Com Vítimas Feridas;Plena Noite;Decrescente;Céu Claro;Simples;"Curva;Interseção de Vias";Não;1;0;1;0;0;0;1;1;-27,16227568;-48,61081123;SPRF-SC;DEL04-SC;UOP03-DEL04-SC
731047;10/11/2025;segunda-feira;23:00:00;AL;101;24;JOAQUIM GOMES;Ausência de reação do condutor;Atropelamento de Pedestre;Com Vítimas Feridas;Plena Noite;Crescente;Céu Claro;Simples;Reta;Não;2;0;0;1;0;1;1;2;-9,05029921;-35,71105655;SPRF-AL;DEL01-AL;UOP02-DEL01-AL
731048;10/11/2025;segunda-feira;19:30:00;MT;174;350;CONQUISTA DOESTE;Reação tardia ou ineficiente do condutor;Saída de leito carroçável;Com Vítimas Feridas;Plena Noite;Crescente;Céu Claro;Simples;"Aclive;Curva";Não;2;0;0;2;0;0;2;1;-14,728746;-59,367729;SPRF-MT;DEL04-MT;UOP01-DEL04-MT
731049;10/11/2025;segunda-feira;20:35:00;AC;364;157;BUJARI;Pedestre andava na pista;Atropelamento de Pedestre;Com Vítimas Feridas;Plena Noite;Crescente;Céu Claro;Simples;Reta;Sim;3;0;2;1;0;0;3;2;-9,82847639;-67,95704691;SPRF-AC;DEL01-AC;UOP01-DEL01-AC
731050;10/11/2025;segunda-feira;23:40:00;RN;101;83;NATAL;Ingestão de álcool pelo condutor;Colisão transversal;Sem Vítimas;Plena Noite;Decrescente;Céu Claro;Dupla;Rotatória;Sim;2;0;0;0;2;0;0;2;-5,77056113;-35,26740837;SPRF-RN;DEL02-RN;UOP01-DEL02-RN
731051;10/11/2025;segunda-feira;22:30:00;RS;290;420,8;SAO GABRIEL;Afundamento ou ondulação no pavimento;Tombamento;Com Vítimas Feridas;Plena Noite;Crescente;Céu Claro;Simples;Rotatória;Sim;2;0;2;0;0;0;2;1;-30,33710636;-54,34527604;SPRF-RS;DEL11-RS;UOP02-DEL11-RS
731053;10/11/2025;segunda-feira;18:05:00;MT;174;3,6;PONTES E LACERDA;Acessar a via sem observar a presença dos outros veículos;Colisão transversal;Com Vítimas Feridas;Anoitecer;Decrescente;Céu Claro;Simples;Reta;Sim;2;0;1;0;0;1;1;2;-15,23611826;-59,34143811;SPRF-MT;DEL04-MT;UOP01-DEL04-MT
731055;11/11/2025;terça-feira;00:40:00;MT;364;210;RONDONOPOLIS;Ausência de reação do condutor;Saída de leito carroçável;Com Vítimas Feridas;Plena Noite;Crescente;Céu Claro;Dupla;Retorno Regulamentado;Sim;1;0;1;0;0;0;1;1;-16,427437;-54,695728;SPRF-MT;DEL02-MT;UOP01-DEL02-MT
731057;11/11/2025;terça-feira;02:15:00;SP;116;86;PINDAMONHANGABA;Entrada inopinada do pedestre;Atropelamento de Pedestre;Com Vítimas Feridas;Plena Noite;Crescente;Ignorado;Dupla;Reta;Não;3;0;0;1;2;0;1;2;-22,92574584;-45,35195654;SPRF-SP;DEL08-SP;UOP01-DEL08-SP
731058;11/11/2025;terça-feira;03:50:00;RS;290;80;GRAVATAI;Ausência de reação do condutor;Saída de leito carroçável;Com Vítimas Feridas;Plena Noite;Decrescente;Ignorado;Simples;Curva;Não;1;0;1;0;0;0;1;1;-29,95407935;-51,06110573;SPRF-RS;DEL01-RS;UOP01-DEL01-RS
731063;11/11/2025;terça-feira;06:10:00;SC;101;216;PALHOCA;Acumulo de óleo sobre o pavimento;Tombamento;Com Vítimas Feridas;Amanhecer;Decrescente;Céu Claro;Múltipla;Rotatória;Sim;1;0;1;0;0;0;1;1;-27,6634316;-48,6755218;SPRF-SC;DEL01-SC;UOP02-DEL01-SC
731065;11/11/2025;terça-feira;06:00:00;ES;101;10;SERRA;Suicídio (presumido);Saída de leito carroçável;Com Vítimas Feridas;Plena Noite;Decrescente;Nublado;Dupla;Reta;Não;1;0;1;0;0;0;1;1;-20,14579;-40,34384;SPRF-ES;DEL02-ES;UOP01-DEL02-ES
731066;11/11/2025;terça-feira;05:50:00;RJ;116;146;DUQUE DE CAXIAS;Demais falhas mecânicas ou elétricas;Incêndio;Sem Vítimas;Pleno dia;Crescente;Céu Claro;Dupla;Reta;Sim;1;0;0;0;1;0;0;1;-22,6654886;-43,2611857;SPRF-RJ;DEL01-RJ;UOP02-DEL01-RJ
731067;11/11/2025;terça-feira;06:20:00;SP;116;281,5;EMBU DAS ARTES;Ausência de reação do condutor;Colisão traseira;Com Vítimas Feridas;Pleno dia;Decrescente;Céu Claro;Dupla;Reta;Sim;2;0;1;0;1;0;1;2;-23,65986503;-46,85126722;SPRF-SP;DEL04-SP;UOP01-DEL04-SP
731070;11/11/2025;terça-feira;05:15:00;MG;381;706;LAVRAS;Ausência de reação do condutor;Saída de leito carroçável;Com Vítimas Feridas;Amanhecer;Decrescente;Nublado;Dupla;"Reta;Declive";Não;2;0;1;0;1;0;1;1;-21,323692;-45,166267;SPRF-MG;DEL04-MG;UOP02-DEL04-MG
731072;11/11/2025;terça-feira;07:00:00;SC;280;27;ARAQUARI;Acessar a via sem observar a presença dos outros veículos;Colisão lateral mesmo sentido;Com Vítimas Feridas;Plena Noite;Decrescente;Céu Claro;Simples;Reta;Sim;2;0;1;0;0;1;1;2;-26,398821;-48,741652;SPRF-SC;DEL03-SC;UOP03-DEL03-SC
731074;11/11/2025;terça-feira;06:40:00;PR;476;162;ARAUCARIA;Conversão proibida;Colisão lateral mesmo sentido;Com Vítimas Feridas;Pleno dia;Crescente;Sol;Simples;Reta;Não;2;0;2;0;0;0;2;2;-25,63269138;-49,45905927;SPRF-PR;DEL01-PR;UOP06-DEL01-PR
731076;11/11/2025;terça-feira;07:50:00;SP;116;227;SAO PAULO;Ausência de reação do condutor;Colisão lateral mesmo sentido;Com Vítimas Feridas;Pleno dia;Crescente;Céu Claro;Múltipla;Reta;Sim;2;0;1;0;1;0;1;2;-23,50201705;-46,5651226;SPRF-SP;DEL01-SP;UOP01-DEL01-SP
731080;11/11/2025;terça-feira;04:00:00;RO;364;491;ARIQUEMES;Animais na Pista;Atropelamento de Animal;Sem Vítimas;Amanhecer;Crescente;Garoa/Chuvisco;Simples;Reta;Não;3;0;0;0;3;0;0;1;-10,09929;-62,95549;SPRF-RO;DEL03-RO;UOP01-DEL03-RO
731082;11/11/2025;terça-feira;08:30:00;SC;101;202;SAO JOSE;Manobra de mudança de faixa;Colisão transversal;Com Vítimas Feridas;Pleno dia;Crescente;Céu Claro;Múltipla;Reta;Sim;2;0;0;1;1;0;1;2;-27,55754;-48,61882;SPRF-SC;DEL01-SC;UOP01-DEL01-SC
731084;11/11/2025;terça-feira;07:00:00;SC;101;131;BALNEARIO CAMBORIU;Avarias e/ou desgaste excessivo no pneu;Tombamento;Com Vítimas Feridas;Pleno dia;Crescente;Céu Claro;Dupla;Curva;Sim;1;0;1;0;0;0;1;1;-26,994324;-48,658959;SPRF-SC;DEL04-SC;UOP03-DEL04-SC
731088;11/11/2025;terça-feira;06:40:00;ES;262;51;MARECHAL FLORIANO;Condutor deixou de manter distância do veículo da frente;Colisão traseira;Com Vítimas Feridas;Pleno dia;Crescente;Nublado;Simples;Reta;Não;2;0;1;0;1;0;1;2;-20,41368682;-40,71574473;SPRF-ES;DEL01-ES;UOP01-DEL01-ES