id;data_inversa;dia_semana;horario;uf;br;km;municipio;causa_acidente;tipo_acidente;classificacao_acidente;fase_dia;sentido_via;condicao_metereologica;tipo_pista;tracado_via;uso_solo;pessoas;mortos;feridos_leves;feridos_graves;ilesos;ignorados;feridos;veiculos;latitude;longitude;regional;delegacia;uop
731090;11/11/2025;terça-feira;08:00:00;SC;101;400,8;MARACAJA;Acumulo de areia ou detritos sobre o pavimento;Tombamento;Com Vítimas Feridas;Pleno dia;Crescente;Céu Claro;Dupla;Reta;Sim;1;0;0;1;0;0;1;1;-28,87005167;-49,45141554;SPRF-SC;DEL02-SC;UOP02-DEL02-SC
731091;11/11/2025;terça-feira;07:30:00;PR;376;599,5;CURITIBA;Pedestre cruzava a pista fora da faixa;Atropelamento de Pedestre;Com Vítimas Feridas;Pleno dia;Decrescente;Sol;Dupla;Reta;Sim;2;0;0;2;0;0;2;2;-25,48985113;-49,34497325;SPRF-PR;DEL01-PR;UOP03-DEL01-PR
731092;11/11/2025;terça-feira;08:40:00;SP;101;40,5;UBATUBA;Acessar a via sem observar a presença dos outros veículos;Colisão lateral mesmo sentido;Sem Vítimas;Pleno dia;Crescente;Sol;Simples;Retorno Regulamentado;Não;5;0;0;0;5;0;0;2;-23,4175611;-45,0384716;SPRF-SP;DEL06-SP;UOP01-DEL06-SP
731093;11/11/2025;terça-feira;09:10:00;MG;381;500;BETIM;Avarias e/ou desgaste excessivo no pneu;Tombamento;Com Vítimas Feridas;Pleno dia;Decrescente;Céu Claro;Dupla;"Aclive;Reta";Sim;1;0;1;0;0;0;1;1;-20,00403203;-44,2128662;SPRF-MG;DEL01-MG;UOP03-DEL01-MG
731095;11/11/2025;terça-feira;08:13:00;RO;364;707;PORTO VELHO;Reação tardia ou ineficiente do condutor;Colisão traseira;Com Vítimas Feridas;Pleno dia;Decrescente;Céu Claro;Dupla;Reta;Sim;4;0;2;0;2;0;2;2;-8,79370885;-63,84478693;SPRF-RO;DEL01-RO;UOP01-DEL01-RO
731099;11/11/2025;terça-feira;07:30:00;PR;116;97;SAO JOSE DOS PINHAIS;Ausência de reação do condutor;Saída de leito carroçável;Sem Vítimas;Pleno dia;Decrescente;Céu Claro;Dupla;Reta;Não;1;0;0;0;1;0;0;1;-25,546673;-49,150413;SPRF-PR;DEL01-PR;UOP07-DEL01-PR
731101;11/11/2025;terça-feira;08:20:00;BA;110;163;RIBEIRA DO POMBAL;Ausência de reação do condutor;Colisão traseira;Com Vítimas Feridas;Pleno dia;Decrescente;Céu Claro;Simples;Curva;Não;4;0;2;0;1;1;2;3;-10,749;-38,506;SPRF-BA;DEL07-BA;UOP02-DEL07-BA
731102;11/11/2025;terça-feira;08:00:00;PR;369;187;ARAPONGAS;Transitar no Acostamento;Colisão lateral mesmo sentido;Com Vítimas Feridas;Pleno dia;Crescente;Céu Claro;Simples;Interseção de Vias;Sim;2;0;0;1;1;0;1;2;-23,41524284;-51,42717525;SPRF-PR;DEL07-PR;UOP03-DEL07-PR
731105;11/11/2025;terça-feira;08:55:00;PE;408;53;CARPINA;Reação tardia ou ineficiente do condutor;Colisão transversal;Com Vítimas Feridas;Pleno dia;Decrescente;Céu Claro;Simples;Reta;Sim;2;0;1;0;1;0;1;2;-7,82656;-35,24529;SPRF-PE;DEL01-PE;UOP01-DEL01-PE
731106;11/11/2025;terça-feira;07:55:00;RO;364;340;JI-PARANA;Manobra de mudança de faixa;Colisão lateral mesmo sentido;Com Vítimas Feridas;Pleno dia;Crescente;Céu Claro;Múltipla;Reta;Sim;2;0;1;0;1;0;1;2;-10,899857;-61,930522;SPRF-RO;DEL02-RO;UOP01-DEL02-RO
731108;11/11/2025;terça-feira;09:45:00;PI;316;237;INHUMA;Ausência de reação do condutor;Saída de leito carroçável;Com Vítimas Feridas;Pleno dia;Decrescente;Céu Claro;Simples;Reta;Não;1;0;1;0;0;0;1;1;-6,628357;-41,721673;SPRF-PI;DEL04-PI;UOP02-DEL04-PI
731110;11/11/2025;terça-feira;09:20:00;RS;287;362,4;JAGUARI;Reação tardia ou ineficiente do condutor;Colisão traseira;Com Vítimas Feridas;Pleno dia;Decrescente;Sol;Simples;Aclive;Não;2;0;2;0;0;0;2;2;-29,44001802;-54,7290802;SPRF-RS;DEL12-RS;UOP02-DEL12-RS
731111;11/11/2025;terça-feira;08:30:00;DF;60;31;BRASILIA;Demais falhas mecânicas ou elétricas;Incêndio;Sem Vítimas;Pleno dia;Decrescente;Céu Claro;Dupla;"Aclive;Reta";Sim;1;0;0;0;1;0;0;1;-16,04559564;-48,25692952;SPRF-DF;DEL03-DF;UOP01-DEL03-DF
731113;11/11/2025;terça-feira;09:15:00;SC;116;197,9;PONTE ALTA;Manobra de mudança de faixa;Colisão traseira;Com Vítimas Feridas;Pleno dia;Crescente;Céu Claro;Simples;"Reta;Aclive";Não;3;0;1;0;1;1;1;3;-27,4116285;-50,4178543;SPRF-SC;DEL05-SC;UOP03-DEL05-SC
731114;11/11/2025;terça-feira;09:10:00;SC;470;203,9;PONTE ALTA;Reação tardia ou ineficiente do condutor;Saída de leito carroçável;Com Vítimas Feridas;Pleno dia;Crescente;Céu Claro;Simples;"Declive;Reta";Não;2;0;1;0;1;0;1;1;-27,288995;-50,165843;SPRF-SC;DEL05-SC;UOP03-DEL05-SC
731115;11/11/2025;terça-feira;10:47:00;PR;376;499;PONTA GROSSA;Reação tardia ou ineficiente do condutor;Saída de leito carroçável;Com Vítimas Feridas;Pleno dia;Decrescente;Céu Claro;Dupla;Declive;Não;2;0;2;0;0;0;2;1;-25,14897955;-50,14642803;SPRF-PR;DEL03-PR;UOP04-DEL03-PR
731117;11/11/2025;terça-feira;11:15:00;RN;406;170;SAO GONCALO DO AMARANTE;Acessar a via sem observar a presença dos outros veículos;Atropelamento de Pedestre;Com Vítimas Feridas;Pleno dia;Decrescente;Céu Claro;Dupla;Declive;Sim;2;0;1;1;0;0;2;2;-5,76036652;-35,2945654;SPRF-RN;DEL02-RN;UOP01-DEL02-RN
731118;10/11/2025;segunda-feira;18:40:00;MA;316;222,6;BOM JARDIM;Ingestão de álcool pelo condutor;Tombamento;Com Vítimas Feridas;Plena Noite;Crescente;Céu Claro;Simples;Reta;Não;1;0;0;1;0;0;1;1;-3,495703;-45,664327;SPRF-MA;DEL02-MA;UOP01-DEL02-MA
731119;11/11/2025;terça-feira;08:40:00;PI;316;2;TERESINA;Ausência de reação do condutor;Colisão traseira;Com Vítimas Feridas;Pleno dia;Decrescente;Céu Claro;Múltipla;Reta;Sim;2;0;1;0;1;0;1;2;-5,12759898;-42,79324919;SPRF-PI;DEL01-PI;UOP02-DEL01-PI
731120;11/11/2025;terça-feira;10:30:00;RN;101;100;PARNAMIRIM;Ausência de reação do condutor;Colisão lateral mesmo sentido;Com Vítimas Feridas;Pleno dia;Crescente;Céu Claro;Dupla;Reta;Não;2;0;1;0;1;0;1;2;-5,883933;-35,226907;SPRF-RN;DEL01-RN;UOP01-DEL01-RN
731123;11/11/2025;terça-feira;11:30:00;SP;116;230;GUARULHOS;Manobra de mudança de faixa;Colisão lateral mesmo sentido;Com Vítimas Feridas;Pleno dia;Crescente;Céu Claro;Múltipla;Reta;Sim;2;0;1;0;0;1;1;2;-23,49749067;-46,55833888;SPRF-SP;DEL01-SP;UOP01-DEL01-SP
731124;19/10/2025;domingo;02:20:00;AL;104;80;RIO LARGO;Ausência de reação do condutor;Saída de leito carroçável;Com Vítimas Feridas;Plena Noite;Crescente;Céu Claro;Dupla;"Retorno Regulamentado;Reta";Não;2;0;2;0;0;0;2;1;-9,450488;-35,831734;SPRF-AL;DEL01-AL;UOP01-DEL01-AL
731125;11/11/2025;terça-feira;10:20:00;SC;101;131,4;CAMBORIU;Desrespeitar a preferência no cruzamento;Colisão transversal;Com Vítimas Feridas;Pleno dia;Crescente;Céu Claro;Múltipla;Interseção de Vias;Sim;2;0;1;0;1;0;1;2;-26,993634;-48,660603;SPRF-SC;DEL04-SC;UOP03-DEL04-SC
731126;01/11/2025;sábado;19:15:00;RR;174;442;MUCAJAI;Ausência de reação do condutor;Colisão transversal;Com Vítimas Fatais;Plena Noite;Decrescente;Céu Claro;Simples;Reta;Não;4;1;0;1;2;0;1;3;2,389781;-60,91688;SPRF-RR;DEL01-RR;UOP01-DEL01-RR
731127;11/11/2025;terça-feira;10:17:00;AC;364;124;RIO BRANCO;Acessar a via sem observar a presença dos outros veículos;Colisão transversal;Com Vítimas Feridas;Pleno dia;Decrescente;Nublado;Dupla;Rotatória;Sim;2;0;1;0;1;0;1;2;-10,0119671;-67,7978804;SPRF-AC;DEL01-AC;UOP01-DEL01-AC
731128;11/11/2025;terça-feira;11:23:00;MG;40;551,5;NOVA LIMA;Demais falhas mecânicas ou elétricas;Incêndio;Sem Vítimas;Pleno dia;Crescente;Sol;Dupla;Reta;Sim;1;0;0;0;1;0;0;1;-20,0594586;-43,97660851;SPRF-MG;DEL01-MG;UOP02-DEL01-MG
731130;11/11/2025;terça-feira;12:00:00;GO;60;39;GOIANIA;Condutor deixou de manter distância do veículo da frente;Colisão traseira;Com Vítimas Feridas;Pleno dia;Crescente;Céu Claro;Dupla;Reta;Sim;3;0;1;0;2;0;1;2;-16,752701;-49,339044;SPRF-GO;DEL01-GO;UOP03-DEL01-GO
731131;11/11/2025;terça-feira;08:20:00;AP;210;2;MACAPA;Acessar a via sem observar a presença dos outros veículos;Colisão transversal;Com Vítimas Feridas;Pleno dia;Decrescente;Céu Claro;Simples;"Interseção de Vias;Reta";Sim;3;0;1;0;2;0;1;2;0,1073404;-51,1265451;SPRF-AP;DEL01-AP;UOP01-DEL01-AP
731132;11/11/2025;terça-feira;12:38:00;PE;428;192;PETROLINA;Condutor desrespeitou a iluminação vermelha do semáforo;Colisão transversal;Com Vítimas Feridas;Pleno dia;Crescente;Céu Claro;Múltipla;"Interseção de Vias;Reta";Sim;2;0;0;1;1;0;1;2;-9,384113;-40,519187;SPRF-PE;DEL06-PE;UOP01-DEL06-PE
731136;11/11/2025;terça-feira;11:20:00;PR;369;186;ARAPONGAS;Acessar a via sem observar a presença dos outros veículos;Colisão transversal;Com Vítimas Feridas;Pleno dia;Decrescente;Céu Claro;Simples;Reta;Sim;2;0;0;1;1;0;1;2;-23,40456636;-51,42843748;SPRF-PR;DEL07-PR;UOP03-DEL07-PR
731138;11/11/2025;terça-feira;12:10:00;PR;376;676,4;GUARATUBA;Reação tardia ou ineficiente do condutor;Colisão com objeto;Sem Vítimas;Pleno dia;Crescente;Sol;Simples;Curva;Não;1;0;0;0;0;1;0;1;-25,9354698;-48,91031742;SPRF-PR;DEL01-PR;UOP04-DEL01-PR
731139;14/10/2025;terça-feira;19:07:00;SC;282;5;FLORIANOPOLIS;Condutor deixou de manter distância do veículo da frente;Colisão traseira;Com Vítimas Feridas;Plena Noite;Decrescente;Céu Claro;Múltipla;Reta;Sim;3;0;1;1;1;0;2;3;-27,60042;-48,577;SPRF-SC;DEL01-SC;UOP01-DEL01-SC
731141;11/11/2025;terça-feira;10:25:00;PR;277;353;GUARAPUAVA;Ausência de reação do condutor;Eventos atípicos;Sem Vítimas;Pleno dia;Decrescente;Céu Claro;Simples;Reta;Não;2;0;0;0;2;0;0;1;-25,403755;-51,546822;SPRF-PR;DEL08-PR;UOP01-DEL08-PR
731142;11/11/2025;terça-feira;14:00:00;RS;158;321;SANTA MARIA;Manobra de mudança de faixa;Colisão lateral mesmo sentido;Com Vítimas Feridas;Pleno dia;Decrescente;Céu Claro;Múltipla;Declive;Sim;2;0;1;0;1;0;1;2;-29,69571392;-53,77564073;SPRF-RS;DEL09-RS;UOP01-DEL09-RS
731144;25/09/2025;quinta-feira;17:40:00;RJ;465;19;NOVA IGUACU;Ausência de reação do condutor;Atropelamento de Pedestre;Com Vítimas Feridas;Anoitecer;Crescente;Garoa/Chuvisco;Dupla;Reta;Sim;2;0;2;0;0;0;2;2;-22,83725529;-43,61161256;SPRF-RJ;DEL06-RJ;UOP02-DEL06-RJ
731145;11/11/2025;terça-feira;14:14:00;PE;101;90,3;JABOATAO DOS GUARARAPES;Condutor deixou de manter distância do veículo da frente;Colisão lateral mesmo sentido;Com Vítimas Feridas;Pleno dia;Crescente;Céu Claro;Dupla;Reta;Sim;2;0;1;0;1;0;1;2;-8,220135;-34,99061;SPRF-PE;DEL01-PE;UOP01-DEL01-PE
731146;12/06/2025;quinta-feira;03:02:00;TO;153;690,8;CARIRI DO TOCANTINS;Velocidade Incompatível;Colisão traseira;Sem Vítimas;Plena Noite;Decrescente;Céu Claro;Simples;Reta;Não;3;0;0;0;0;3;0;2;-11,8736499;-49,1578803;SPRF-TO;DEL01-TO;UOP02-DEL01-TO
731148;11/11/2025;terça-feira;14:30:00;MG;381;480;CONTAGEM;Manobra de mudança de faixa;Colisão traseira;Com Vítimas Feridas;Pleno dia;Decrescente;Céu Claro;Dupla;Reta;Não;2;0;1;0;1;0;1;2;-19,959754;-44,053577;SPRF-MG;DEL01-MG;UOP03-DEL01-MG
731149;11/11/2025;terça-feira;14:20:00;PR;277;1,9;PARANAGUA;Reação tardia ou ineficiente do condutor;Tombamento;Com Vítimas Feridas;Pleno dia;Crescente;Céu Claro;Dupla;Reta;Sim;2;0;0;1;1;0;1;2;-25,509954;-48,530737;SPRF-PR;DEL01-PR;UOP05-DEL01-PR
731151;08/11/2025;sábado;08:00:00;SC;282;182;BOCAINA DO SUL;Condutor Dormindo;Saída de leito carroçável;Com Vítimas Feridas;Pleno dia;Decrescente;Garoa/Chuvisco;Simples;"Reta;Declive";Não;3;0;2;1;0;0;3;1;-27,73434407;-49,96465;SPRF-SC;DEL05-SC;UOP01-DEL05-SC
731153;11/11/2025;terça-feira;15:30:00;RN;405;159,1;RAFAEL FERNANDES;Acessar a via sem observar a presença dos outros veículos;Colisão frontal;Com Vítimas Feridas;Pleno dia;Crescente;Céu Claro;Simples;Reta;Sim;2;0;1;0;1;0;1;2;-6,18668276;-38,22207838;SPRF-RN;DEL04-RN;UOP02-DEL04-RN
731154;11/11/2025;terça-feira;15:40:00;RJ;101;58;CAMPOS DOS GOYTACAZES;Reação tardia ou ineficiente do condutor;Colisão traseira;Com Vítimas Feridas;Pleno dia;Crescente;Céu Claro;Simples;Reta;Sim;4;0;1;1;2;0;2;3;-21,709084;-41,308871;SPRF-RJ;DEL08-RJ;UOP01-DEL08-RJ
731156;11/11/2025;terça-feira;15:30:00;BA;101;954;MUCURI;Reação tardia ou ineficiente do condutor;Saída de leito carroçável;Com Vítimas Feridas;Pleno dia;Decrescente;Céu Claro;Simples;Reta;Não;1;0;1;0;0;0;1;1;-18,158582;-39,912442;SPRF-BA;DEL09-BA;UOP02-DEL09-BA
731157;12/10/2025;domingo;03:30:00;RS;392;6;RIO GRANDE;Avarias e/ou desgaste excessivo no pneu;Capotamento;Com Vítimas Feridas;Plena Noite;Decrescente;Chuva;Simples;Reta;Sim;1;0;1;0;0;0;1;1;-32,0895934;-52,10743522;SPRF-RS;DEL07-RS;UOP02-DEL07-RS
731158;11/11/2025;terça-feira;05:25:00;MT;174;478;COMODORO;Acumulo de água sobre o pavimento;Saída de leito carroçável;Com Vítimas Feridas;Amanhecer;Crescente;Chuva;Simples;"Reta;Declive";Não;2;0;1;1;0;0;2;1;-13,71836213;-59,78024622;SPRF-MT;DEL04-MT;UOP02-DEL04-MT
731160;11/11/2025;terça-feira;14:30:00;MG;365;624;UBERLANDIA;Ingestão de álcool pelo condutor;Colisão lateral mesmo sentido;Sem Vítimas;Pleno dia;Crescente;Sol;Dupla;Reta;Não;2;0;0;0;1;1;0;2;-18,90043999;-48,27461243;SPRF-MG;DEL15-MG;UOP01-DEL15-MG
731161;11/11/2025;terça-feira;12:10:00;PI;230;197,7;OEIRAS;Acessar a via sem observar a presença dos outros veículos;Colisão transversal;Com Vítimas Feridas;Pleno dia;Crescente;Sol;Dupla;"Reta;Interseção de Vias";Sim;2;0;0;1;1;0;1;2;-7,012583;-42,1333;SPRF-PI;DEL04-PI;UOP01-DEL04-PI
731163;11/11/2025;terça-feira;14:50:00;RJ;40;124;DUQUE DE CAXIAS;Reação tardia ou ineficiente do condutor;Queda de ocupante de veículo;Com Vítimas Feridas;Pleno dia;Decrescente;Céu Claro;Múltipla;Reta;Sim;2;0;1;1;0;0;2;1;-22,80861348;-43,28880181;SPRF-RJ;DEL01-RJ;UOP02-DEL01-RJ
731166;11/11/2025;terça-feira;14:50:00;MG;50;48;ARAGUARI;Manobra de mudança de faixa;Colisão traseira;Sem Vítimas;Pleno dia;Decrescente;Céu Claro;Dupla;Reta;Não;1;0;0;0;1;0;0;1;-18,73531557;-48,22548867;SPRF-MG;DEL15-MG;UOP02-DEL15-MG
731167;02/06/2025;segunda-feira;15:07:00;TO;10;454,5;PALMAS;Condutor deixou de manter distância do veículo da frente;Colisão traseira;Sem Vítimas;Pleno dia;Crescente;Céu Claro;Dupla;Reta;Sim;2;0;0;0;2;0;0;2;-10,2030972;-48,30493832;SPRF-TO;DEL01-TO;UOP03-DEL01-TO
731168;11/11/2025;terça-feira;16:15:00;SC;101;193,2;BIGUACU;Reação tardia ou ineficiente do condutor;Atropelamento de Pedestre;Com Vítimas Feridas;Pleno dia;Crescente;Sol;Múltipla;Interseção de Vias;Sim;2;0;1;0;1;0;1;2;-27,491822;-48,656828;SPRF-SC;DEL01-SC;UOP01-DEL01-SC
731169;11/11/2025;terça-feira;08:00:00;RJ;101;456;MANGARATIBA;Pista esburacada;Tombamento;Com Vítimas Feridas;Pleno dia;Crescente;Céu Claro;Simples;"Reta;Declive";Não;2;0;2;0;0;0;2;1;-23,03340247;-44,15515848;SPRF-RJ;DEL03-RJ;UOP02-DEL03-RJ
731171;11/11/2025;terça-feira;16:30:00;SC;101;130;CAMBORIU;Ausência de reação do condutor;Colisão lateral mesmo sentido;Com Vítimas Feridas;Pleno dia;Decrescente;Céu Claro;Dupla;Reta;Não;2;0;1;0;1;0;1;2;-26,98682921;-48,66633162;SPRF-SC;DEL04-SC;UOP03-DEL04-SC
731172;11/11/2025;terça-feira;17:00:00;PE;232;128;CARUARU;Desrespeitar a preferência no cruzamento;Colisão transversal;Com Vítimas Feridas;Anoitecer;Crescente;Céu Claro;Múltipla;"Interseção de Vias;Viaduto";Sim;2;0;2;0;0;0;2;2;-8,30377908;-35,97343454;SPRF-PE;DEL02-PE;UOP03-DEL02-PE
731173;03/06/2025;terça-feira;22:50:00;SC;280;75;JARAGUA DO SUL;Reação tardia ou ineficiente do condutor;Colisão frontal;Com Vítimas Feridas;Plena Noite;Decrescente;Nevoeiro/Neblina;Simples;Curva;Não;5;0;0;2;1;2;2;3;-26,45850008;-49,1711247;SPRF-SC;DEL03-SC;UOP03-DEL03-SC
731174;11/11/2025;terça-feira;16:30:00;SP;116;111;TAUBATE;Manobra de mudança de faixa;Colisão lateral mesmo sentido;Com Vítimas Feridas;Pleno dia;Crescente;Céu Claro;Dupla;Reta;Sim;2;0;1;0;0;1;1;2;-23,03644826;-45,55654764;SPRF-SP;DEL02-SP;UOP02-DEL02-SP
731175;11/11/2025;terça-feira;16:45:00;BA;101;269;SANTO ANTONIO DE JESUS;Ausência de reação do condutor;Colisão traseira;Com Vítimas Feridas;Pleno dia;Decrescente;Garoa/Chuvisco;Simples;Aclive;Não;2;0;1;0;1;0;1;2;-13,01415827;-39,29007757;SPRF-BA;DEL01-BA;UOP02-DEL01-BA
731176;11/11/2025;terça-feira;15:10:00;SC;101;324,1;CAPIVARI DE BAIXO;Afundamento ou ondulação no pavimento;Colisão com objeto;Com Vítimas Feridas;Pleno dia;Decrescente;Céu Claro;Dupla;Reta;Sim;1;0;1;0;0;0;1;1;-28,42459288;-48,93908914;SPRF-SC;DEL02-SC;UOP01-DEL02-SC
731179;11/11/2025;terça-feira;17:00:00;RN;101;72;SAO GONCALO DO AMARANTE;Deficiência do Sistema de Iluminação/Sinalização;Colisão lateral mesmo sentido;Com Vítimas Feridas;Plena Noite;Crescente;Céu Claro;Simples;Reta;Não;2;0;0;1;1;0;1;2;-5,7045359;-35,2658905;SPRF-RN;DEL02-RN;UOP01-DEL02-RN
731180;11/11/2025;terça-feira;16:45:00;RS;116;248;SAO LEOPOLDO;Reação tardia ou ineficiente do condutor;Colisão lateral mesmo sentido;Com Vítimas Feridas;Pleno dia;Crescente;Céu Claro;Múltipla;"Interseção de Vias;Reta;Viaduto";Sim;3;0;1;0;1;1;1;3;-29,77253434;-51,1542128;SPRF-RS;DEL01-RS;UOP02-DEL01-RS
731181;11/11/2025;terça-feira;17:45:00;PB;230;18,3;JOAO PESSOA;Velocidade Incompatível;Colisão traseira;Com Vítimas Feridas;Anoitecer;Decrescente;Céu Claro;Dupla;"Aclive;Reta";Sim;2;0;1;0;1;0;1;2;-7,125752;-34,845212;SPRF-PB;DEL01-PB;UOP01-DEL01-PB
731182;11/11/2025;terça-feira;10:00:00;AM;319;308,5;BERURI;Velocidade Incompatível;Capotamento;Com Vítimas Fatais;Pleno dia;Decrescente;Céu Claro;Simples;Reta;Não;5;2;3;0;0;0;3;1;-4,99901;-61,59312;SPRF-AM;DEL01-AM;UOP04-DEL01-AM
731185;11/11/2025;terça-feira;17:30:00;SP;116;219;GUARULHOS;Ausência de reação do condutor;Colisão traseira;Com Vítimas Feridas;Pleno dia;Decrescente;Céu Claro;Múltipla;Reta;Sim;4;0;1;0;3;0;1;4;-23,4602625;-46,48558831;SPRF-SP;DEL01-SP;UOP01-DEL01-SP
731186;11/11/2025;terça-feira;17:50:00;RS;386;418;MONTENEGRO;Acessar a via sem observar a presença dos outros veículos;Colisão transversal;Com Vítimas Feridas;Pleno dia;Decrescente;Sol;Simples;Reta;Não;2;0;0;1;1;0;1;2;-29,81831276;-51,43821929;SPRF-RS;DEL04-RS;UOP02-DEL04-RS
731192;11/11/2025;terça-feira;18:15:00;SC;101;121;ITAJAI;Condutor deixou de manter distância do veículo da frente;Engavetamento;Com Vítimas Feridas;Anoitecer;Crescente;Céu Claro;Dupla;Reta;Sim;4;0;1;0;3;0;1;4;-26,91954444;-48,70904446;SPRF-SC;DEL04-SC;UOP04-DEL04-SC
731193;11/11/2025;terça-feira;16:30:00;SP;101;49,5;UBATUBA;Reação tardia ou ineficiente do condutor;Colisão lateral mesmo sentido;Com Vítimas Feridas;Pleno dia;Crescente;Nublado;Simples;Reta;Sim;3;0;3;0;0;0;3;2;-23,44639633;-45,08152739;SPRF-SP;DEL06-SP;UOP01-DEL06-SP
731194;11/11/2025;terça-feira;16:55:00;SP;101;48,7;UBATUBA;Acessar a via sem observar a presença dos outros veículos;Colisão transversal;Com Vítimas Feridas;Pleno dia;Crescente;Nublado;Simples;Reta;Sim;2;0;1;1;0;0;2;2;-23,44091356;-45,08692503;SPRF-SP;DEL06-SP;UOP01-DEL06-SP
731195;11/11/2025;terça-feira;17:51:00;GO;153;502;GOIANIA;Trafegar com motocicleta (ou similar) entre as faixas;Colisão lateral mesmo sentido;Com Vítimas Feridas;Anoitecer;Decrescente;Nublado;Dupla;Reta;Não;2;0;1;0;1;0;1;2;-16,716407;-49,236297;SPRF-GO;DEL01-GO;UOP01-DEL01-GO
731196;11/11/2025;terça-feira;16:40:00;BA;135;194,4;BARREIRAS;Conversão proibida;Colisão transversal;Com Vítimas Feridas;Pleno dia;Decrescente;Céu Claro;Simples;"Reta;Aclive";Não;5;0;1;1;2;1;2;3;-12,27735;-45,0234;SPRF-BA;DEL10-BA;UOP01-DEL10-BA
731199;11/11/2025;terça-feira;18:35:00;BA;101;714,9;EUNAPOLIS;Ausência de reação do condutor;Colisão traseira;Com Vítimas Feridas;Plena Noite;Crescente;Nublado;Simples;"Reta;Interseção de Vias";Sim;2;0;1;0;1;0;1;2;-16,353755;-39,57955;SPRF-BA;DEL09-BA;UOP01-DEL09-BA
731200;11/11/2025;terça-feira;19:05:00;SP;116;225;GUARULHOS;Reação tardia ou ineficiente do condutor;Colisão com objeto;Com Vítimas Feridas;Plena Noite;Crescente;Céu Claro;Múltipla;Reta;Sim;1;0;1;0;0;0;1;1;-23,492177;-46,550967;SPRF-SP;DEL01-SP;UOP01-DEL01-SP
731202;30/10/2025;quinta-feira;07:30:00;ES;101;266,7;SERRA;Acessar a via sem observar a presença dos outros veículos;Colisão transversal;Com Vítimas Feridas;Pleno dia;Decrescente;Nublado;Dupla;"Retorno Regulamentado;Reta";Sim;3;0;0;1;2;0;1;2;-20,195662;-40,268922;SPRF-ES;DEL02-ES;UOP01-DEL02-ES
731203;03/11/2025;segunda-feira;09:30:00;MG;40;206;JOAO PINHEIRO;Velocidade Incompatível;Saída de leito carroçável;Com Vítimas Feridas;Pleno dia;Decrescente;Chuva;Simples;Curva;Não;1;0;0;1;0;0;1;1;-17,994347;-45,764998;SPRF-MG;DEL14-MG;UOP02-DEL14-MG
731204;11/11/2025;terça-feira;18:20:00;MS;163;614,3;SAO GABRIEL DO OESTE;Acessar a via sem observar a presença dos outros veículos;Colisão lateral mesmo sentido;Com Vítimas Feridas;Pleno dia;Crescente;Céu Claro;Simples;"Interseção de Vias;Reta";Sim;2;0;1;0;1;0;1;2;-19,396056;-54,56741307;SPRF-MS;DEL06-MS;UOP02-DEL06-MS
731206;11/11/2025;terça-feira;19:40:00;PB;101;29,9;RIO TINTO;Reação tardia ou ineficiente do condutor;Colisão com objeto;Com Vítimas Feridas;Plena Noite;Crescente;Céu Claro;Dupla;Interseção de Vias;Não;1;0;0;1;0;0;1;1;-6,748106;-35,13372;SPRF-PB;DEL01-PB;UOP03-DEL01-PB
731207;11/11/2025;terça-feira;19:20:00;MG;116;683,7;MURIAE;Reação tardia ou ineficiente do condutor;Colisão traseira;Com Vítimas Feridas;Pleno dia;Crescente;Nublado;Simples;"Reta;Interseção de Vias";Não;3;0;1;0;2;0;1;2;-20,974028;-42,355117;SPRF-MG;DEL07-MG;UOP02-DEL07-MG
731208;11/11/2025;terça-feira;18:00:00;SC;101;328,7;CAPIVARI DE BAIXO;Velocidade Incompatível;Colisão com objeto;Com Vítimas Feridas;Anoitecer;Crescente;Céu Claro;Múltipla;Curva;Não;1;0;1;0;0;0;1;1;-28,45044924;-48,97226572;SPRF-SC;DEL02-SC;UOP01-DEL02-SC
731209;11/11/2025;terça-feira;19:15:00;RS;386;44,3;SEBERI;Ausência de reação do condutor;Colisão traseira;Com Vítimas Feridas;Anoitecer;Decrescente;Céu Claro;Simples;Reta;Não;3;0;1;0;1;1;1;3;-27,44109;-53,4167;SPRF-RS;DEL08-RS;UOP02-DEL08-RS
731212;11/11/2025;terça-feira;18:35:00;SC;101;136;BALNEARIO CAMBORIU;Ausência de reação do condutor;Colisão traseira;Com Vítimas Feridas;Plena Noite;Decrescente;Nublado;Múltipla;"Reta;Ponte";Sim;5;0;2;1;1;1;3;4;-27,00739;-48,61876;SPRF-SC;DEL04-SC;UOP03-DEL04-SC
731214;11/11/2025;terça-feira;18:50:00;PA;222;22;DOM ELISEU;Deficiência do Sistema de Iluminação/Sinalização;Colisão traseira;Com Vítimas Fatais;Pleno dia;Decrescente;Céu Claro;Simples;Reta;Não;2;1;0;0;1;0;0;2;-4,30437;-47,593716;SPRF-PA;DEL02-PA;UOP02-DEL02-PA
731216;26/10/2025;domingo;11:30:00;GO;70;50;COCALZINHO DE GOIAS;Acessar a via sem observar a presença dos outros veículos;Colisão transversal;Sem Vítimas;Pleno dia;Decrescente;Sol;Simples;Reta;Sim;4;0;0;0;4;0;0;2;-15,750882;-48,615928;SPRF-DF;DEL03-DF;UOP02-DEL03-DF