id;data_inversa;dia_semana;horario;uf;br;km;municipio;causa_acidente;tipo_acidente;classificacao_acidente;fase_dia;sentido_via;condicao_metereologica;tipo_pista;tracado_via;uso_solo;pessoas;mortos;feridos_leves;feridos_graves;ilesos;ignorados;feridos;veiculos;latitude;longitude;regional;delegacia;uop
731219;11/11/2025;terça-feira;19:20:00;RJ;116;115;MAGE;Transitar na contramão;Colisão frontal;Com Vítimas Feridas;Plena Noite;Decrescente;Nublado;Dupla;Reta;Sim;2;0;1;0;1;0;1;2;-22,58532;-43,017936;SPRF-RJ;DEL04-RJ;UOP02-DEL04-RJ
731220;11/11/2025;terça-feira;20:50:00;SC;101;203,2;SAO JOSE;Ausência de reação do condutor;Tombamento;Com Vítimas Feridas;Plena Noite;Decrescente;Céu Claro;Dupla;Reta;Sim;1;0;0;1;0;0;1;1;-27,56695;-48,61372;SPRF-SC;DEL01-SC;UOP01-DEL01-SC
731222;11/11/2025;terça-feira;18:30:00;MA;135;4;SAO LUIS;Reação tardia ou ineficiente do condutor;Colisão traseira;Com Vítimas Feridas;Plena Noite;Decrescente;Céu Claro;Dupla;Reta;Sim;3;0;1;0;2;0;1;2;-2,620659;-44,25736;SPRF-MA;DEL01-MA;UOP01-DEL01-MA
731223;11/11/2025;terça-feira;20:32:00;RJ;101;474;ANGRA DOS REIS;Conversão proibida;Colisão transversal;Com Vítimas Feridas;Plena Noite;Crescente;Céu Claro;Simples;Curva;Não;2;0;1;0;0;1;1;2;-22,99887135;-44,25349832;SPRF-RJ;DEL03-RJ;UOP03-DEL03-RJ
731224;11/11/2025;terça-feira;19:39:00;MT;163;669;LUCAS DO RIO VERDE;Ausência de reação do condutor;Queda de ocupante de veículo;Com Vítimas Feridas;Plena Noite;Crescente;Céu Claro;Simples;"Reta;Em Obras";Não;1;0;0;1;0;0;1;1;-13,22541846;-56,00485361;SPRF-MT;DEL06-MT;UOP01-DEL06-MT
731226;11/11/2025;terça-feira;21:20:00;GO;60;94;ANAPOLIS;Demais falhas mecânicas ou elétricas;Queda de ocupante de veículo;Com Vítimas Feridas;Plena Noite;Crescente;Chuva;Dupla;Curva;Sim;1;0;1;0;0;0;1;1;-16,362425;-48,933855;SPRF-GO;DEL02-GO;UOP01-DEL02-GO
731227;11/11/2025;terça-feira;21:20:00;ES;101;301;VIANA;Reação tardia ou ineficiente do condutor;Colisão com objeto;Com Vítimas Feridas;Plena Noite;Decrescente;Céu Claro;Múltipla;Curva;Não;3;0;2;1;0;0;3;1;-20,363575;-40,440774;SPRF-ES;DEL01-ES;UOP01-DEL01-ES
731228;11/11/2025;terça-feira;20:30:00;PR;369;163;CAMBE;Ingestão de álcool pelo condutor;Colisão traseira;Com Vítimas Feridas;Plena Noite;Decrescente;Céu Claro;Dupla;Reta;Sim;5;0;1;1;3;0;2;2;-23,29590993;-51,27250671;SPRF-PR;DEL07-PR;UOP01-DEL07-PR
731231;11/11/2025;terça-feira;19:00:00;MA;222;366,8;SANTA INES;Pedestre - Ingestão de álcool/ substâncias psicoativas;Atropelamento de Pedestre;Com Vítimas Feridas;Plena Noite;Crescente;Céu Claro;Simples;Reta;Sim;2;0;1;0;0;1;1;2;-3,702207;-45,412192;SPRF-MA;DEL02-MA;UOP01-DEL02-MA
731232;11/11/2025;terça-feira;20:50:00;BA;324;530;FEIRA DE SANTANA;Reação tardia ou ineficiente do condutor;Saída de leito carroçável;Com Vítimas Feridas;Plena Noite;Decrescente;Garoa/Chuvisco;Dupla;Curva;Não;2;0;2;0;0;0;2;1;-12,33739534;-38,84926558;SPRF-BA;DEL01-BA;UOP03-DEL01-BA
731233;11/11/2025;terça-feira;19:29:00;PI;316;345;GEMINIANO;Acessar a via sem observar a presença dos outros veículos;Colisão transversal;Sem Vítimas;Plena Noite;Crescente;Céu Claro;Simples;Reta;Não;2;0;0;0;2;0;0;2;-7,11146851;-41,22810568;SPRF-PI;DEL04-PI;UOP01-DEL04-PI
731234;11/11/2025;terça-feira;21:15:00;RO;364;424;JARU;Entrada inopinada do pedestre;Atropelamento de Pedestre;Com Vítimas Feridas;Plena Noite;Crescente;Céu Claro;Simples;Reta;Sim;2;0;0;1;1;0;1;2;-10,43796;-62,470687;SPRF-RO;DEL03-RO;UOP02-DEL03-RO
731236;08/09/2025;segunda-feira;08:20:00;MG;365;626;UBERLANDIA;Reação tardia ou ineficiente do condutor;Colisão lateral mesmo sentido;Com Vítimas Feridas;Pleno dia;Decrescente;Céu Claro;Dupla;"Declive;Reta";Sim;2;0;0;1;1;0;1;2;-18,90897644;-48,31054956;SPRF-MG;DEL15-MG;UOP01-DEL15-MG
731237;11/11/2025;terça-feira;19:00:00;MT;70;6,7;BARRA DO GARCAS;Velocidade Incompatível;Colisão transversal;Com Vítimas Feridas;Plena Noite;Decrescente;Céu Claro;Dupla;Reta;Sim;2;0;0;1;1;0;1;2;-15,87808304;-52,31253359;SPRF-MT;DEL07-MT;UOP01-DEL07-MT
731238;11/11/2025;terça-feira;21:35:00;PR;376;404,3;TIBAGI;Pedestre andava na pista;Atropelamento de Pedestre;Com Vítimas Fatais;Plena Noite;Decrescente;Céu Claro;Dupla;"Reta;Aclive";Não;3;1;0;0;2;0;0;2;-24,616465;-50,651028;SPRF-PR;DEL03-PR;UOP02-DEL03-PR
731239;11/11/2025;terça-feira;18:50:00;MG;40;123,4;JOAO PINHEIRO;Pedestre andava na pista;Atropelamento de Pedestre;Com Vítimas Fatais;Plena Noite;Decrescente;Céu Claro;Simples;Reta;Não;2;1;0;0;1;0;0;2;-17,674739;-46,334633;SPRF-MG;DEL14-MG;UOP01-DEL14-MG
731240;11/11/2025;terça-feira;22:15:00;MA;316;437;PERITORO;Ingestão de álcool pelo condutor;Queda de ocupante de veículo;Com Vítimas Feridas;Plena Noite;Decrescente;Céu Claro;Simples;Reta;Não;1;0;0;1;0;0;1;1;-4,41413982;-44,2466112;SPRF-MA;DEL03-MA;UOP01-DEL03-MA
731241;11/11/2025;terça-feira;21:30:00;RJ;101;331;RIO DE JANEIRO;Ausência de reação do condutor;Colisão traseira;Com Vítimas Feridas;Anoitecer;Crescente;Céu Claro;Múltipla;Reta;Sim;3;0;0;1;2;0;1;2;-22,86792747;-43,19067836;SPRF-RJ;DEL02-RJ;UOP01-DEL02-RJ
731243;11/11/2025;terça-feira;22:05:00;PI;316;27;DEMERVAL LOBAO;Pedestre andava na pista;Atropelamento de Pedestre;Com Vítimas Fatais;Plena Noite;Crescente;Céu Claro;Dupla;Reta;Não;2;1;0;0;1;0;0;2;-5,320205;-42,700085;SPRF-PI;DEL01-PI;UOP02-DEL01-PI
731244;11/11/2025;terça-feira;23:50:00;SP;116;132,3;CACAPAVA;Reação tardia ou ineficiente do condutor;Colisão lateral mesmo sentido;Com Vítimas Feridas;Plena Noite;Decrescente;Céu Claro;Dupla;Reta;Sim;2;0;2;0;0;0;2;2;-23,12739261;-45,69728851;SPRF-SP;DEL02-SP;UOP02-DEL02-SP
731245;11/11/2025;terça-feira;23:00:00;SP;116;49,9;LORENA;Avarias e/ou desgaste excessivo no pneu;Tombamento;Com Vítimas Feridas;Plena Noite;Crescente;Céu Claro;Dupla;Reta;Não;2;0;2;0;0;0;2;1;-22,73780193;-45,08705378;SPRF-SP;DEL08-SP;UOP02-DEL08-SP
731247;11/11/2025;terça-feira;23:50:00;SP;116;221;GUARULHOS;Demais falhas mecânicas ou elétricas;Incêndio;Sem Vítimas;Plena Noite;Decrescente;Céu Claro;Múltipla;Reta;Sim;1;0;0;0;1;0;0;1;-23,469153;-46,511317;SPRF-SP;DEL01-SP;UOP01-DEL01-SP
731248;12/11/2025;quarta-feira;00:35:00;SC;101;284,5;IMBITUBA;Ausência de reação do condutor;Colisão com objeto;Com Vítimas Feridas;Plena Noite;Crescente;Céu Claro;Dupla;"Curva;Viaduto";Não;1;0;1;0;0;0;1;1;-28,2329536;-48,70189905;SPRF-SC;DEL02-SC;UOP03-DEL02-SC
731249;12/11/2025;quarta-feira;01:20:00;PR;373;188;PONTA GROSSA;Reação tardia ou ineficiente do condutor;Saída de leito carroçável;Com Vítimas Feridas;Plena Noite;Crescente;Céu Claro;Simples;Reta;Não;1;0;0;1;0;0;1;1;-25,05292317;-50,31286597;SPRF-PR;DEL03-PR;UOP01-DEL03-PR
731250;12/11/2025;quarta-feira;01:30:00;MG;459;98,1;POUSO ALEGRE;Transitar na contramão;Colisão lateral sentido oposto;Com Vítimas Fatais;Plena Noite;Crescente;Céu Claro;Simples;Reta;Não;3;1;0;0;2;0;0;2;-22,19805427;-45,97297668;SPRF-MG;DEL09-MG;UOP01-DEL09-MG
731251;12/11/2025;quarta-feira;01:01:00;PE;232;210;PESQUEIRA;Transitar na contramão;Colisão frontal;Com Vítimas Fatais;Plena Noite;Crescente;Céu Claro;Simples;Reta;Não;2;1;0;0;1;0;0;2;-8,40193565;-36,69116925;SPRF-PE;DEL03-PE;UOP02-DEL03-PE
731252;12/11/2025;quarta-feira;00:59:00;RO;319;143;PORTO VELHO;Reação tardia ou ineficiente do condutor;Capotamento;Sem Vítimas;Plena Noite;Crescente;Nublado;Dupla;Interseção de Vias;Sim;1;0;0;0;1;0;0;1;-8,76107212;-63,88575554;SPRF-RO;DEL01-RO;UOP01-DEL01-RO
731255;12/11/2025;quarta-feira;04:00:00;PR;369;37,7;ANDIRA;Condutor Dormindo;Colisão transversal;Com Vítimas Feridas;Plena Noite;Crescente;Nublado;Simples;"Declive;Reta";Sim;2;0;1;0;1;0;1;2;-23,0491848;-50,23737285;SPRF-PR;DEL07-PR;UOP05-DEL07-PR
731257;12/11/2025;quarta-feira;04:40:00;RJ;101;327;NITEROI;Ausência de reação do condutor;Colisão traseira;Com Vítimas Feridas;Plena Noite;Decrescente;Céu Claro;Múltipla;Reta;Sim;2;0;2;0;0;0;2;2;-22,87134245;-43,15262222;SPRF-RJ;DEL02-RJ;UOP01-DEL02-RJ
731261;12/11/2025;quarta-feira;06:45:00;SE;235;2;ARACAJU;Condutor deixou de manter distância do veículo da frente;Colisão traseira;Com Vítimas Feridas;Pleno dia;Decrescente;Céu Claro;Dupla;Reta;Sim;3;0;1;1;1;0;2;2;-10,906672;-37,099322;SPRF-SE;DEL01-SE;UOP01-DEL01-SE
731263;12/11/2025;quarta-feira;05:40:00;GO;364;1,8;SAO SIMAO;Ingestão de álcool pelo condutor;Saída de leito carroçável;Sem Vítimas;Amanhecer;Crescente;Ignorado;Simples;"Curva;Rotatória";Não;1;0;0;0;1;0;0;1;-19,03831623;-50,51215374;SPRF-GO;DEL05-GO;UOP02-DEL05-GO
731266;12/11/2025;quarta-feira;07:24:00;ES;101;207,9;IBIRACU;Demais falhas mecânicas ou elétricas;Queda de ocupante de veículo;Com Vítimas Feridas;Pleno dia;Decrescente;Sol;Simples;Reta;Sim;1;0;1;0;0;0;1;1;-19,78148544;-40,37166506;SPRF-ES;DEL02-ES;UOP01-DEL02-ES
731268;12/11/2025;quarta-feira;01:00:00;RJ;116;176;RIO DE JANEIRO;Iluminação deficiente;Colisão traseira;Com Vítimas Feridas;Plena Noite;Crescente;Céu Claro;Dupla;Reta;Sim;2;0;1;0;1;0;1;2;-22,80486393;-43,34523074;SPRF-RJ;DEL06-RJ;UOP01-DEL06-RJ
731269;12/11/2025;quarta-feira;07:10:00;PA;230;112;MARABA;Reação tardia ou ineficiente do condutor;Colisão traseira;Com Vítimas Feridas;Pleno dia;Decrescente;Céu Claro;Simples;Reta;Não;2;0;2;0;0;0;2;2;-5,36765;-49,05413;SPRF-PA;DEL03-PA;UOP01-DEL03-PA
731270;12/11/2025;quarta-feira;06:40:00;SP;116;211,5;GUARULHOS;Trafegar com motocicleta (ou similar) entre as faixas;Colisão lateral mesmo sentido;Com Vítimas Feridas;Pleno dia;Crescente;Céu Claro;Múltipla;Reta;Não;2;0;1;0;1;0;1;2;-23,43613061;-46,42892987;SPRF-SP;DEL01-SP;UOP01-DEL01-SP
731271;01/11/2025;sábado;02:00:00;MG;40;525,8;CONTAGEM;Reação tardia ou ineficiente do condutor;Saída de leito carroçável;Com Vítimas Feridas;Plena Noite;Crescente;Chuva;Dupla;"Declive;Reta";Sim;2;0;1;0;1;0;1;1;-19,8923107;-44,0501456;SPRF-MG;DEL01-MG;UOP02-DEL01-MG
731272;12/11/2025;quarta-feira;07:40:00;MG;116;528,9;CARATINGA;Acessar a via sem observar a presença dos outros veículos;Colisão transversal;Com Vítimas Feridas;Pleno dia;Decrescente;Céu Claro;Simples;"Interseção de Vias;Reta";Sim;2;0;0;1;1;0;1;2;-19,8024328;-42,1360969;SPRF-MG;DEL06-MG;UOP02-DEL06-MG
731273;12/11/2025;quarta-feira;07:15:00;SC;280;121,8;SAO BENTO DO SUL;Condutor deixou de manter distância do veículo da frente;Colisão traseira;Com Vítimas Feridas;Amanhecer;Decrescente;Céu Claro;Simples;"Interseção de Vias;Declive";Não;2;0;1;0;1;0;1;2;-26,250237;-49,455768;SPRF-SC;DEL06-SC;UOP03-DEL06-SC
731275;12/11/2025;quarta-feira;08:00:00;SP;116;146;SAO JOSE DOS CAMPOS;Ausência de reação do condutor;Colisão traseira;Com Vítimas Feridas;Pleno dia;Crescente;Céu Claro;Múltipla;Declive;Sim;4;0;1;0;3;0;1;2;-23,190705;-45,862849;SPRF-SP;DEL02-SP;UOP01-DEL02-SP
731276;12/11/2025;quarta-feira;07:50:00;RJ;40;51;PETROPOLIS;Retorno proibido;Colisão transversal;Com Vítimas Feridas;Pleno dia;Decrescente;Céu Claro;Simples;Interseção de Vias;Sim;3;0;2;0;1;0;2;2;-22,33335204;-43,13361526;SPRF-RJ;DEL05-RJ;UOP02-DEL05-RJ
731277;12/11/2025;quarta-feira;06:40:00;PR;376;121,2;SAO JOSE DOS PINHAIS;Trafegar com motocicleta (ou similar) entre as faixas;Colisão lateral mesmo sentido;Com Vítimas Feridas;Pleno dia;Crescente;Céu Claro;Dupla;"Reta;Declive";Sim;2;0;1;0;1;0;1;2;-25,58673;-49,17327;SPRF-PR;DEL09-PR;UOP02-DEL09-PR
731278;12/11/2025;quarta-feira;08:00:00;RS;290;73;GRAVATAI;Reação tardia ou ineficiente do condutor;Engavetamento;Com Vítimas Feridas;Pleno dia;Decrescente;Céu Claro;Dupla;Reta;Sim;4;0;2;0;2;0;2;3;-29,95320647;-50,98448548;SPRF-RS;DEL03-RS;UOP01-DEL03-RS
731279;12/11/2025;quarta-feira;07:20:00;PR;369;144,4;LONDRINA;Desrespeitar a preferência no cruzamento;Colisão transversal;Com Vítimas Feridas;Pleno dia;Crescente;Céu Claro;Dupla;"Reta;Aclive;Retorno Regulamentado";Sim;2;0;0;1;1;0;1;2;-23,29346068;-51,10779259;SPRF-PR;DEL07-PR;UOP01-DEL07-PR
731280;12/11/2025;quarta-feira;08:10:00;SC;101;205;SAO JOSE;Manobra de mudança de faixa;Colisão traseira;Com Vítimas Feridas;Pleno dia;Crescente;Nublado;Múltipla;Reta;Não;3;0;2;0;1;0;2;2;-27,582852;-48,61516;SPRF-SC;DEL01-SC;UOP01-DEL01-SC
731281;12/11/2025;quarta-feira;08:30:00;RS;116;264;CANOAS;Manobra de mudança de faixa;Colisão lateral mesmo sentido;Com Vítimas Feridas;Pleno dia;Crescente;Céu Claro;Múltipla;"Reta;Em Obras";Sim;2;0;1;0;1;0;1;2;-29,9186123;-51,1783372;SPRF-RS;DEL01-RS;UOP01-DEL01-RS
731283;12/11/2025;quarta-feira;08:10:00;PR;116;100;SAO JOSE DOS PINHAIS;Condutor deixou de manter distância do veículo da frente;Engavetamento;Com Vítimas Feridas;Pleno dia;Decrescente;Céu Claro;Dupla;Reta;Sim;3;0;1;0;2;0;1;3;-25,56760026;-49,17066067;SPRF-PR;DEL01-PR;UOP07-DEL01-PR
731284;08/11/2025;sábado;13:00:00;SC;101;70,5;ARAQUARI;Manobra de mudança de faixa;Colisão traseira;Com Vítimas Feridas;Pleno dia;Decrescente;Céu Claro;Dupla;Reta;Não;8;0;2;1;5;0;3;3;-26,51467;-48,720847;SPRF-SC;DEL03-SC;UOP02-DEL03-SC
731285;12/11/2025;quarta-feira;08:10:00;PE;408;95;RECIFE;Manobra de mudança de faixa;Colisão lateral mesmo sentido;Com Vítimas Feridas;Pleno dia;Crescente;Sol;Dupla;Reta;Não;3;0;0;1;2;0;1;2;-8,05796;-34,99406;SPRF-PE;DEL01-PE;UOP01-DEL01-PE
731286;12/11/2025;quarta-feira;08:00:00;MG;40;277,2;TRES MARIAS;Demais falhas mecânicas ou elétricas;Incêndio;Sem Vítimas;Pleno dia;Decrescente;Céu Claro;Simples;"Reta;Declive";Não;1;0;0;0;1;0;0;1;-18,21444122;-45,22310682;SPRF-MG;DEL14-MG;UOP02-DEL14-MG
731288;12/11/2025;quarta-feira;08:50:00;RN;101;83;NATAL;Ausência de reação do condutor;Colisão traseira;Com Vítimas Feridas;Pleno dia;Decrescente;Céu Claro;Dupla;Reta;Sim;2;0;1;0;1;0;1;2;-5,772445;-35,262452;SPRF-RN;DEL02-RN;UOP01-DEL02-RN
731289;12/11/2025;quarta-feira;09:04:00;RJ;116;193;QUEIMADOS;Ausência de reação do condutor;Colisão traseira;Com Vítimas Feridas;Pleno dia;Decrescente;Céu Claro;Dupla;"Reta;Em Obras";Sim;3;0;1;1;1;0;2;2;-22,73602596;-43,54702709;SPRF-RJ;DEL06-RJ;UOP01-DEL06-RJ
731290;29/09/2025;segunda-feira;07:50:00;MG;116;275,9;TEOFILO OTONI;Desrespeitar a preferência no cruzamento;Colisão transversal;Com Vítimas Feridas;Pleno dia;Crescente;Céu Claro;Simples;"Interseção de Vias;Reta";Sim;3;0;3;0;0;0;3;2;-17,851065;-41,514965;SPRF-MG;DEL11-MG;UOP01-DEL11-MG
731292;08/11/2025;sábado;18:35:00;AL;101;178;TEOTONIO VILELA;Ausência de reação do condutor;Saída de leito carroçável;Com Vítimas Feridas;Plena Noite;Decrescente;Céu Claro;Dupla;Reta;Não;1;0;1;0;0;0;1;1;-9,88910143;-36,38383739;SPRF-AL;DEL02-AL;UOP02-DEL02-AL
731293;12/11/2025;quarta-feira;09:20:00;RN;101;94;NATAL;Manobra de mudança de faixa;Colisão lateral mesmo sentido;Com Vítimas Feridas;Pleno dia;Decrescente;Céu Claro;Múltipla;Reta;Sim;1;0;1;0;0;0;1;1;-5,82736306;-35,21034705;SPRF-RN;DEL01-RN;UOP01-DEL01-RN
731294;12/11/2025;quarta-feira;08:33:00;SP;116;211;GUARULHOS;Ausência de reação do condutor;Colisão traseira;Com Vítimas Feridas;Pleno dia;Crescente;Céu Claro;Múltipla;Reta;Sim;5;0;1;0;4;0;1;5;-23,43236375;-46,42013049;SPRF-SP;DEL01-SP;UOP01-DEL01-SP
731295;12/11/2025;quarta-feira;09:25:00;PR;153;41,9;SANTO ANTONIO DA PLATINA;Reação tardia ou ineficiente do condutor;Colisão transversal;Com Vítimas Feridas;Pleno dia;Crescente;Céu Claro;Simples;"Reta;Rotatória";Sim;8;0;2;0;6;0;2;2;-23,2971166;-50,06837575;SPRF-PR;DEL07-PR;UOP04-DEL07-PR
731296;25/10/2025;sábado;09:30:00;GO;158;30;BOM JARDIM DE GOIAS;Reação tardia ou ineficiente do condutor;Queda de ocupante de veículo;Com Vítimas Feridas;Pleno dia;Decrescente;Céu Claro;Simples;Reta;Não;1;0;1;0;0;0;1;1;-16,14824908;-52,17027304;SPRF-GO;DEL04-GO;UOP02-DEL04-GO
731297;12/11/2025;quarta-feira;09:05:00;PE;232;138,6;SAO CAITANO;Reação tardia ou ineficiente do condutor;Colisão traseira;Com Vítimas Feridas;Pleno dia;Crescente;Céu Claro;Dupla;"Reta;Em Obras";Não;4;0;1;0;1;2;1;4;-8,319723;-36,071133;SPRF-PE;DEL02-PE;UOP03-DEL02-PE
731298;24/09/2025;quarta-feira;07:30:00;SC;101;107;PENHA;Condutor deixou de manter distância do veículo da frente;Colisão traseira;Sem Vítimas;Pleno dia;Crescente;Céu Claro;Dupla;Reta;Não;3;0;0;0;2;1;0;3;-26,82018096;-48,68441892;SPRF-SC;DEL03-SC;UOP02-DEL03-SC
731303;12/11/2025;quarta-feira;10:20:00;RS;470;157,5;NOVA PRATA;Reação tardia ou ineficiente do condutor;Colisão traseira;Com Vítimas Feridas;Pleno dia;Crescente;Céu Claro;Simples;"Interseção de Vias;Reta";Não;3;0;1;0;2;0;1;2;-28,78603417;-51,61415245;SPRF-RS;DEL06-RS;UOP02-DEL06-RS
731304;12/11/2025;quarta-feira;08:45:00;PI;343;184;PIRIPIRI;Desrespeitar a preferência no cruzamento;Colisão transversal;Com Vítimas Feridas;Pleno dia;Crescente;Céu Claro;Simples;Rotatória;Não;4;0;3;0;1;0;3;2;-4,27729917;-41,76317453;SPRF-PI;DEL02-PI;UOP01-DEL02-PI
731307;12/11/2025;quarta-feira;10:00:00;PR;376;489,7;PONTA GROSSA;Ausência de reação do condutor;Queda de ocupante de veículo;Com Vítimas Feridas;Pleno dia;Crescente;Sol;Dupla;"Reta;Aclive";Não;1;0;1;0;0;0;1;1;-25,132595;-50,168675;SPRF-PR;DEL03-PR;UOP04-DEL03-PR
731308;12/11/2025;quarta-feira;07:50:00;SP;153;212,3;GUAIMBE;Condutor deixou de manter distância do veículo da frente;Colisão traseira;Com Vítimas Feridas;Pleno dia;Decrescente;Céu Claro;Simples;Reta;Não;2;0;1;0;1;0;1;2;-21,92403128;-49,91718499;SPRF-SP;DEL07-SP;UOP02-DEL07-SP
731309;10/11/2025;segunda-feira;04:00:00;PR;376;542;PALMEIRA;Deficiência do Sistema de Iluminação/Sinalização;Colisão com objeto;Sem Vítimas;Plena Noite;Crescente;Céu Claro;Dupla;Reta;Não;1;0;0;0;1;0;0;1;-25,411054;-49,778265;SPRF-PR;DEL03-PR;UOP03-DEL03-PR
731313;12/11/2025;quarta-feira;11:20:00;RJ;393;268;BARRA DO PIRAI;Acessar a via sem observar a presença dos outros veículos;Colisão transversal;Com Vítimas Feridas;Pleno dia;Crescente;Céu Claro;Simples;"Interseção de Vias;Declive;Rotatória";Não;2;0;1;0;1;0;1;2;-22,47675737;-43,94399134;SPRF-RJ;DEL05-RJ;UOP04-DEL05-RJ
731315;12/11/2025;quarta-feira;09:00:00;RJ;101;286;ITABORAI;Demais falhas mecânicas ou elétricas;Colisão com objeto;Com Vítimas Feridas;Pleno dia;Decrescente;Céu Claro;Dupla;Reta;Não;1;0;1;0;0;0;1;1;-22,75091066;-42,81791434;SPRF-RJ;DEL02-RJ;UOP02-DEL02-RJ
731317;12/11/2025;quarta-feira;12:00:00;RS;116;147,3;CAXIAS DO SUL;Condutor desrespeitou a iluminação vermelha do semáforo;Colisão transversal;Com Vítimas Feridas;Pleno dia;Decrescente;Céu Claro;Dupla;"Interseção de Vias;Reta";Sim;2;0;1;0;1;0;1;2;-29,15184696;-51,14805071;SPRF-RS;DEL05-RS;UOP01-DEL05-RS
731319;12/11/2025;quarta-feira;11:45:00;PA;308;188;TRACUATEUA;Ausência de reação do condutor;Colisão traseira;Com Vítimas Feridas;Pleno dia;Decrescente;Céu Claro;Simples;Reta;Não;2;0;0;1;1;0;1;2;-1,084557;-46,89888;SPRF-PA;DEL01-PA;UOP03-DEL01-PA
731320;12/11/2025;quarta-feira;11:30:00;PE;101;63;RECIFE;Manobra de mudança de faixa;Colisão lateral mesmo sentido;Com Vítimas Feridas;Pleno dia;Crescente;Céu Claro;Dupla;Reta;Sim;2;0;1;0;1;0;1;2;-8,009232;-34,9375;SPRF-PE;DEL01-PE;UOP01-DEL01-PE
731322;12/11/2025;quarta-feira;13:00:00;ES;101;146,4;LINHARES;Trafegar com motocicleta (ou similar) entre as faixas;Colisão traseira;Com Vítimas Feridas;Pleno dia;Crescente;Nublado;Múltipla;Reta;Sim;2;0;1;0;1;0;1;2;-19,37253304;-40,06487749;SPRF-ES;DEL04-ES;UOP01-DEL04-ES
731323;12/11/2025;quarta-feira;12:05:00;SC;101;149;ITAPEMA;Acessar a via sem observar a presença dos outros veículos;Colisão transversal;Com Vítimas Feridas;Pleno dia;Decrescente;Céu Claro;Simples;Reta;Sim;2;0;1;0;1;0;1;2;-27,11465104;-48,60955663;SPRF-SC;DEL04-SC;UOP03-DEL04-SC
731324;12/11/2025;quarta-feira;11:15:00;RJ;40;108;DUQUE DE CAXIAS;Acesso irregular;Colisão transversal;Com Vítimas Feridas;Pleno dia;Decrescente;Céu Claro;Múltipla;Curva;Sim;3;0;0;1;2;0;1;2;-22,67001479;-43,28532493;SPRF-RJ;DEL01-RJ;UOP02-DEL01-RJ
731325;12/11/2025;quarta-feira;13:15:00;PB;230;21,6;JOAO PESSOA;Acessar a via sem observar a presença dos outros veículos;Colisão transversal;Com Vítimas Feridas;Pleno dia;Decrescente;Sol;Dupla;Reta;Sim;2;0;1;0;1;0;1;2;-7,149042;-34,85106;SPRF-PB;DEL01-PB;UOP01-DEL01-PB
731327;12/11/2025;quarta-feira;13:10:00;PR;469;19;FOZ DO IGUACU;Reação tardia ou ineficiente do condutor;Colisão traseira;Com Vítimas Feridas;Pleno dia;Crescente;Chuva;Múltipla;"Em Obras;Desvio Temporário";Sim;2;0;1;0;1;0;1;2;-25,60367286;-54,49861407;SPRF-PR;DEL05-PR;UOP04-DEL05-PR
731328;12/11/2025;quarta-feira;12:00:00;RJ;40;122;DUQUE DE CAXIAS;Reação tardia ou ineficiente do condutor;Tombamento;Com Vítimas Feridas;Pleno dia;Crescente;Céu Claro;Múltipla;Reta;Sim;1;0;1;0;0;0;1;1;-22,79635674;-43,2890049;SPRF-RJ;DEL01-RJ;UOP02-DEL01-RJ
731330;12/11/2025;quarta-feira;13:50:00;PA;230;116;MARABA;Ultrapassagem Indevida;Colisão lateral mesmo sentido;Com Vítimas Feridas;Pleno dia;Crescente;Céu Claro;Múltipla;Reta;Sim;2;0;0;1;1;0;1;2;-5,36347017;-49,07033747;SPRF-PA;DEL03-PA;UOP01-DEL03-PA
731333;12/11/2025;quarta-feira;14:00:00;RJ;101;251;SILVA JARDIM;Velocidade Incompatível;Saída de leito carroçável;Com Vítimas Feridas;Pleno dia;Decrescente;Sol;Dupla;Reta;Não;1;0;1;0;0;0;1;1;-22,67991584;-42,52687454;SPRF-RJ;DEL02-RJ;UOP03-DEL02-RJ
731334;12/11/2025;quarta-feira;14:00:00;SC;282;217;LAGES;Ausência de reação do condutor;Colisão com objeto;Com Vítimas Feridas;Pleno dia;Decrescente;Céu Claro;Simples;Reta;Sim;4;0;3;0;1;0;3;1;-27,79676768;-50,31788385;SPRF-SC;DEL05-SC;UOP01-DEL05-SC
731335;12/11/2025;quarta-feira;13:36:00;RO;364;233;CACOAL;Manobra de mudança de faixa;Colisão frontal;Com Vítimas Feridas;Pleno dia;Crescente;Céu Claro;Simples;"Reta;Declive";Não;2;0;0;1;1;0;1;2;-11,459632;-61,417998;SPRF-RO;DEL02-RO;UOP02-DEL02-RO
731336;12/11/2025;quarta-feira;14:05:00;SP;116;187;SANTA ISABEL;Manobra de mudança de faixa;Colisão lateral mesmo sentido;Com Vítimas Feridas;Pleno dia;Decrescente;Sol;Dupla;"Reta;Declive";Sim;2;0;2;0;0;0;2;2;-23,35849541;-46,21456964;SPRF-SP;DEL01-SP;UOP01-DEL01-SP
731337;12/11/2025;quarta-feira;11:14:00;SC;470;70,7;INDAIAL;Ausência de reação do condutor;Colisão traseira;Com Vítimas Feridas;Pleno dia;Crescente;Sol;Dupla;Reta;Não;2;0;1;1;0;0;2;2;-26,89553483;-49,26275818;SPRF-SC;DEL04-SC;UOP01-DEL04-SC