id;data_inversa;dia_semana;horario;uf;br;km;municipio;causa_acidente;tipo_acidente;classificacao_acidente;fase_dia;sentido_via;condicao_metereologica;tipo_pista;tracado_via;uso_solo;pessoas;mortos;feridos_leves;feridos_graves;ilesos;ignorados;feridos;veiculos;latitude;longitude;regional;delegacia;uop
731339;12/11/2025;quarta-feira;13:52:00;MG;116;415,7;GOVERNADOR VALADARES;Transitar na contramão;Tombamento;Com Vítimas Feridas;Pleno dia;Crescente;Nevoeiro/Neblina;Simples;"Interseção de Vias;Curva";Sim;2;0;1;0;1;0;1;2;-18,89566734;-41,94796935;SPRF-MG;DEL06-MG;UOP01-DEL06-MG
731340;12/11/2025;quarta-feira;12:38:00;PR;277;124;CAMPO LARGO;Reação tardia ou ineficiente do condutor;Saída de leito carroçável;Com Vítimas Feridas;Pleno dia;Crescente;Céu Claro;Dupla;"Reta;Aclive";Não;2;0;1;1;0;0;2;1;-25,4353;-49,51705;SPRF-PR;DEL03-PR;UOP03-DEL03-PR
731341;12/11/2025;quarta-feira;13:15:00;MS;359;149;ALCINOPOLIS;Reação tardia ou ineficiente do condutor;Colisão frontal;Com Vítimas Feridas;Pleno dia;Crescente;Céu Claro;Simples;Curva;Não;3;0;2;0;0;1;2;3;-18,266308;-54,085898;SPRF-MS;DEL06-MS;UOP01-DEL06-MS
731343;12/11/2025;quarta-feira;14:35:00;PR;277;82;CURITIBA;Trafegar com motocicleta (ou similar) entre as faixas;Colisão lateral mesmo sentido;Com Vítimas Feridas;Pleno dia;Decrescente;Nublado;Dupla;Reta;Sim;2;0;1;0;1;0;1;2;-25,45360624;-49,22570078;SPRF-PR;DEL01-PR;UOP03-DEL01-PR
731344;12/11/2025;quarta-feira;15:00:00;GO;414;437,5;ANAPOLIS;Acessar a via sem observar a presença dos outros veículos;Colisão transversal;Com Vítimas Feridas;Pleno dia;Decrescente;Céu Claro;Simples;"Reta;Aclive;Em Obras";Não;3;0;0;1;1;1;1;3;-16,2672931;-48,9391957;SPRF-GO;DEL02-GO;UOP01-DEL02-GO
731345;12/11/2025;quarta-feira;14:45:00;PB;230;17;JOAO PESSOA;Manobra de mudança de faixa;Colisão lateral mesmo sentido;Com Vítimas Feridas;Pleno dia;Decrescente;Céu Claro;Dupla;"Retorno Regulamentado;Curva";Sim;2;0;1;0;1;0;1;2;-7,11676403;-34,84208512;SPRF-PB;DEL01-PB;UOP01-DEL01-PB
731350;12/11/2025;quarta-feira;14:25:00;BA;324;550;AMELIA RODRIGUES;Condutor Dormindo;Saída de leito carroçável;Com Vítimas Feridas;Pleno dia;Decrescente;Chuva;Dupla;Reta;Não;1;0;1;0;0;0;1;1;-12,4497071;-38,7108777;SPRF-BA;DEL01-BA;UOP03-DEL01-BA
731353;12/11/2025;quarta-feira;16:00:00;MG;381;326;NOVA ERA;Reação tardia ou ineficiente do condutor;Queda de ocupante de veículo;Com Vítimas Feridas;Pleno dia;Decrescente;Céu Claro;Simples;Interseção de Vias;Não;2;0;2;0;0;0;2;1;-19,77570721;-43,04529101;SPRF-MG;DEL03-MG;UOP02-DEL03-MG
731355;12/11/2025;quarta-feira;12:20:00;RS;386;109,6;SARANDI;Acumulo de água sobre o pavimento;Saída de leito carroçável;Sem Vítimas;Pleno dia;Crescente;Chuva;Simples;Curva;Não;1;0;0;0;1;0;0;1;-27,799133;-53,054504;SPRF-RS;DEL08-RS;UOP01-DEL08-RS
731356;31/10/2025;sexta-feira;11:25:00;PR;369;143;LONDRINA;Conversão proibida;Colisão frontal;Com Vítimas Feridas;Pleno dia;Decrescente;Céu Claro;Simples;"Reta;Viaduto";Sim;2;0;1;0;1;0;1;2;-23,2928354;-51,0956244;SPRF-PR;DEL07-PR;UOP01-DEL07-PR
731357;12/11/2025;quarta-feira;13:30:00;AP;210;2;MACAPA;Acesso irregular;Colisão lateral mesmo sentido;Com Vítimas Feridas;Pleno dia;Crescente;Sol;Dupla;Reta;Sim;3;0;1;2;0;0;3;2;0,10734876;-51,1262652;SPRF-AP;DEL01-AP;UOP01-DEL01-AP
731359;12/11/2025;quarta-feira;15:30:00;PR;376;618;SAO JOSE DOS PINHAIS;Ausência de reação do condutor;Atropelamento de Pedestre;Com Vítimas Feridas;Pleno dia;Crescente;Céu Claro;Dupla;Reta;Sim;3;0;1;1;1;0;2;2;-25,61146123;-49,17135;SPRF-PR;DEL01-PR;UOP04-DEL01-PR
731360;01/11/2025;sábado;21:18:00;SC;470;4,6;NAVEGANTES;Ingestão de álcool pelo condutor;Colisão transversal;Sem Vítimas;Plena Noite;Crescente;Céu Claro;Múltipla;Reta;Não;2;0;0;0;2;0;0;2;-26,85644145;-48,69718758;SPRF-SC;DEL04-SC;UOP04-DEL04-SC
731364;12/11/2025;quarta-feira;16:25:00;RJ;101;397;ITAGUAI;Ausência de reação do condutor;Queda de ocupante de veículo;Com Vítimas Feridas;Pleno dia;Crescente;Céu Claro;Dupla;Reta;Sim;2;0;2;0;0;0;2;1;-22,872211;-43,7436;SPRF-RJ;DEL03-RJ;UOP01-DEL03-RJ
731369;12/11/2025;quarta-feira;10:15:00;MT;158;1,6;BARRA DO GARCAS;Ausência de reação do condutor;Colisão transversal;Com Vítimas Feridas;Pleno dia;Crescente;Céu Claro;Simples;Interseção de Vias;Sim;2;0;1;0;0;1;1;2;-15,88677705;-52,26903009;SPRF-MT;DEL07-MT;UOP02-DEL07-MT
731371;12/11/2025;quarta-feira;15:50:00;PE;232;49;VITORIA DE SANTO ANTAO;Acessar a via sem observar a presença dos outros veículos;Colisão transversal;Com Vítimas Feridas;Pleno dia;Decrescente;Céu Claro;Dupla;Retorno Regulamentado;Não;3;0;1;0;2;0;1;2;-8,142743;-35,318645;SPRF-PE;DEL02-PE;UOP02-DEL02PE
731372;12/11/2025;quarta-feira;17:15:00;MG;381;445,2;SABARA;Área urbana sem a presença de local apropriado para a travessia de pedestres;Atropelamento de Pedestre;Com Vítimas Feridas;Pleno dia;Crescente;Céu Claro;Simples;Reta;Sim;2;0;2;0;0;0;2;2;-19,88168321;-43,83544922;SPRF-MG;DEL01-MG;UOP01-DEL01-MG
731373;12/11/2025;quarta-feira;16:50:00;RJ;101;419;MANGARATIBA;Manobra de mudança de faixa;Colisão frontal;Com Vítimas Feridas;Pleno dia;Crescente;Céu Claro;Simples;Reta;Não;4;0;0;1;3;0;1;2;-22,91965667;-43,92592415;SPRF-RJ;DEL03-RJ;UOP02-DEL03-RJ
731375;12/11/2025;quarta-feira;17:00:00;MG;365;577;INDIANOPOLIS;Acessar a via sem observar a presença dos outros veículos;Colisão transversal;Com Vítimas Feridas;Pleno dia;Crescente;Céu Claro;Dupla;Retorno Regulamentado;Não;2;0;1;0;1;0;1;2;-18,90302831;-47,90938139;SPRF-MG;DEL15-MG;UOP02-DEL15-MG
731376;12/11/2025;quarta-feira;17:20:00;DF;70;11;BRASILIA;Manobra de mudança de faixa;Colisão lateral mesmo sentido;Com Vítimas Feridas;Pleno dia;Decrescente;Céu Claro;Dupla;Reta;Sim;2;0;1;0;1;0;1;2;-15,790909;-48,152765;SPRF-DF;DEL03-DF;UOP02-DEL03-DF
731378;12/11/2025;quarta-feira;16:30:00;PR;376;165;MARINGA;Manobra de mudança de faixa;Colisão lateral mesmo sentido;Com Vítimas Feridas;Pleno dia;Crescente;Céu Claro;Dupla;"Reta;Aclive";Não;3;0;1;0;2;0;1;3;-23,382367;-52,033135;SPRF-PR;DEL09-PR;UOP01-DEL09-PR
731379;12/11/2025;quarta-feira;17:35:00;RN;406;165;SAO GONCALO DO AMARANTE;Acessar a via sem observar a presença dos outros veículos;Tombamento;Com Vítimas Feridas;Anoitecer;Crescente;Céu Claro;Simples;Reta;Não;2;0;2;0;0;0;2;1;-5,74379226;-35,33927774;SPRF-RN;DEL02-RN;UOP01-DEL02-RN
731380;12/11/2025;quarta-feira;14:00:00;PR;277;43,9;MORRETES;Trafegar com motocicleta (ou similar) entre as faixas;Tombamento;Com Vítimas Feridas;Pleno dia;Decrescente;Nublado;Dupla;"Declive;Em Obras;Curva";Não;1;0;1;0;0;0;1;1;-25,593112;-48,889745;SPRF-PR;DEL01-PR;UOP05-DEL01-PR
731382;12/11/2025;quarta-feira;17:30:00;GO;153;507;APARECIDA DE GOIANIA;Desrespeitar a preferência no cruzamento;Colisão traseira;Com Vítimas Feridas;Pleno dia;Decrescente;Nublado;Simples;Reta;Sim;2;0;1;0;1;0;1;2;-16,762747;-49,239814;SPRF-GO;DEL01-GO;UOP03-DEL01-GO
731383;12/11/2025;quarta-feira;17:15:00;CE;116;23,2;AQUIRAZ;Acessar a via sem observar a presença dos outros veículos;Colisão transversal;Com Vítimas Feridas;Anoitecer;Decrescente;Céu Claro;Dupla;"Retorno Regulamentado;Declive";Sim;3;0;3;0;0;0;3;2;-3,95293418;-38,51230703;SPRF-CE;DEL01-CE;UOP02-DEL01-CE
731384;12/11/2025;quarta-feira;17:45:00;RN;406;165,3;SAO GONCALO DO AMARANTE;Reação tardia ou ineficiente do condutor;Colisão traseira;Com Vítimas Feridas;Pleno dia;Decrescente;Céu Claro;Dupla;Reta;Não;3;0;1;0;2;0;1;3;-5,74446027;-35,3374753;SPRF-RN;DEL02-RN;UOP01-DEL02-RN
731386;12/11/2025;quarta-feira;18:15:00;SE;101;199;CRISTINAPOLIS;Acessar a via sem observar a presença dos outros veículos;Colisão transversal;Com Vítimas Feridas;Plena Noite;Decrescente;Céu Claro;Simples;Reta;Sim;2;0;1;1;0;0;2;2;-11,477385;-37,757631;SPRF-SE;DEL02-SE;UOP03-DEL02-SE
731387;12/11/2025;quarta-feira;17:05:00;PR;373;175;PONTA GROSSA;Chuva;Queda de ocupante de veículo;Com Vítimas Feridas;Pleno dia;Decrescente;Chuva;Múltipla;"Aclive;Reta";Sim;1;0;0;1;0;0;1;1;-25,06311;-50,21456;SPRF-PR;DEL03-PR;UOP01-DEL03-PR
731388;12/11/2025;quarta-feira;17:37:00;PR;369;204;APUCARANA;Acessar a via sem observar a presença dos outros veículos;Colisão transversal;Com Vítimas Feridas;Pleno dia;Decrescente;Céu Claro;Múltipla;Interseção de Vias;Sim;2;0;1;0;1;0;1;2;-23,545585;-51,452957;SPRF-PR;DEL07-PR;UOP03-DEL07-PR
731389;12/11/2025;quarta-feira;18:50:00;ES;101;271,2;SERRA;Demais falhas mecânicas ou elétricas;Incêndio;Sem Vítimas;Plena Noite;Decrescente;Céu Claro;Múltipla;Retorno Regulamentado;Sim;1;0;0;0;1;0;0;1;-20,23103408;-40,27947217;SPRF-ES;DEL02-ES;UOP01-DEL02-ES
731390;12/11/2025;quarta-feira;17:00:00;PE;232;408;SERRA TALHADA;Acessar a via sem observar a presença dos outros veículos;Colisão lateral mesmo sentido;Com Vítimas Feridas;Anoitecer;Crescente;Céu Claro;Simples;Reta;Não;2;0;1;0;1;0;1;2;-7,9837094;-38,28029964;SPRF-PE;DEL04-PE;UOP01-DEL04-PE
731391;12/11/2025;quarta-feira;17:30:00;RO;364;199,8;PIMENTA BUENO;Acessar a via sem observar a presença dos outros veículos;Colisão lateral mesmo sentido;Com Vítimas Feridas;Pleno dia;Decrescente;Céu Claro;Simples;Interseção de Vias;Não;2;0;1;0;1;0;1;2;-11,655838;-61,192525;SPRF-RO;DEL02-RO;UOP02-DEL02-RO
731392;12/11/2025;quarta-feira;18:35:00;PI;316;312;PICOS;Acessar a via sem observar a presença dos outros veículos;Colisão transversal;Com Vítimas Feridas;Anoitecer;Crescente;Céu Claro;Dupla;Reta;Sim;4;0;1;0;3;0;1;2;-7,0811866;-41,4538613;SPRF-PI;DEL04-PI;UOP01-DEL04-PI
731393;12/11/2025;quarta-feira;18:25:00;BA;324;6,5;FEIRA DE SANTANA;Pista esburacada;Tombamento;Com Vítimas Feridas;Plena Noite;Crescente;Nublado;Dupla;Reta;Sim;1;0;1;0;0;0;1;1;-12,2727462;-38,9849092;SPRF-BA;DEL02-BA;UOP01-DEL02-BA
731396;12/11/2025;quarta-feira;19:10:00;RJ;101;474;ANGRA DOS REIS;Velocidade Incompatível;Atropelamento de Pedestre;Com Vítimas Fatais;Plena Noite;Crescente;Céu Claro;Simples;Reta;Sim;3;1;2;0;0;0;2;2;-22,992979;-44,247318;SPRF-RJ;DEL03-RJ;UOP03-DEL03-RJ
731399;12/11/2025;quarta-feira;17:00:00;RJ;101;331;RIO DE JANEIRO;Ausência de reação do condutor;Colisão traseira;Com Vítimas Feridas;Pleno dia;Decrescente;Céu Claro;Dupla;Reta;Sim;4;0;0;2;2;0;2;3;-22,86825338;-43,1879653;SPRF-RJ;DEL02-RJ;UOP01-DEL02-RJ
731401;12/11/2025;quarta-feira;19:10:00;PE;101;32;ITAPISSUMA;Pedestre cruzava a pista fora da faixa;Atropelamento de Pedestre;Com Vítimas Feridas;Plena Noite;Crescente;Céu Claro;Dupla;Reta;Sim;2;0;1;0;0;1;1;2;-7,753335;-34,935912;SPRF-PE;DEL01-PE;UOP02-DEL01-PE
731402;12/11/2025;quarta-feira;18:30:00;BA;116;808;VITORIA DA CONQUISTA;Velocidade Incompatível;Tombamento;Com Vítimas Feridas;Plena Noite;Crescente;Nublado;Simples;Reta;Não;1;0;1;0;0;0;1;1;-14,78533;-40,745082;SPRF-BA;DEL08-BA;UOP01-DEL08-BA
731403;12/11/2025;quarta-feira;19:40:00;SC;101;215,8;PALHOCA;Ausência de reação do condutor;Colisão traseira;Com Vítimas Feridas;Plena Noite;Decrescente;Nublado;Múltipla;Reta;Sim;2;0;0;1;1;0;1;2;-27,658543;-48,677938;SPRF-SC;DEL01-SC;UOP02-DEL01-SC
731404;12/11/2025;quarta-feira;19:40:00;MG;153;134;PRATA;Carga excessiva e/ou mal acondicionada;Colisão com objeto;Com Vítimas Feridas;Plena Noite;Crescente;Céu Claro;Simples;"Reta;Ponte";Não;3;0;2;0;1;0;2;1;-19,51846649;-48,83599877;SPRF-MG;DEL15-MG;UOP03-DEL15-MG
731405;12/11/2025;quarta-feira;19:30:00;RJ;101;70,5;CAMPOS DOS GOYTACAZES;Acessar a via sem observar a presença dos outros veículos;Colisão transversal;Com Vítimas Feridas;Plena Noite;Decrescente;Nublado;Simples;Reta;Não;2;0;1;0;1;0;1;2;-21,7832051;-41,3771551;SPRF-RJ;DEL08-RJ;UOP02-DEL08-RJ
731406;12/11/2025;quarta-feira;19:30:00;MG;381;3;BETIM;Ausência de reação do condutor;Colisão traseira;Com Vítimas Feridas;Plena Noite;Decrescente;Céu Claro;Dupla;Reta;Não;2;0;2;0;0;0;2;2;-19,9859;-44,16863;SPRF-MG;DEL01-MG;UOP03-DEL01-MG
731407;12/11/2025;quarta-feira;19:00:00;GO;153;568,5;PROFESSOR JAMIL;Chuva;Saída de leito carroçável;Com Vítimas Feridas;Plena Noite;Decrescente;Chuva;Dupla;Reta;Não;3;0;3;0;0;0;3;1;-17,278297;-49,23673;SPRF-GO;DEL03-GO;UOP01-DEL03-GO
731408;12/11/2025;quarta-feira;18:30:00;PR;476;312,3;PAULO FRONTIN;Acumulo de água sobre o pavimento;Saída de leito carroçável;Sem Vítimas;Anoitecer;Crescente;Chuva;Simples;Curva;Não;1;0;0;0;1;0;0;1;-26,02488164;-50,67259312;SPRF-PR;DEL02-PR;UOP03-DEL02-PR
731410;12/11/2025;quarta-feira;19:10:00;PR;277;667;MEDIANEIRA;Reação tardia ou ineficiente do condutor;Saída de leito carroçável;Com Vítimas Feridas;Plena Noite;Crescente;Chuva;Dupla;"Aclive;Reta";Não;2;0;2;0;0;0;2;1;-25,25502;-54,03611;SPRF-PR;DEL05-PR;UOP02-DEL05-PR
731411;12/11/2025;quarta-feira;19:50:00;SC;282;24,1;SANTO AMARO DA IMPERATRIZ;Reação tardia ou ineficiente do condutor;Colisão lateral mesmo sentido;Com Vítimas Feridas;Plena Noite;Decrescente;Garoa/Chuvisco;Simples;Reta;Não;2;0;1;0;1;0;1;2;-27,67499258;-48,77902731;SPRF-SC;DEL01-SC;UOP03-DEL01-SC
731412;12/11/2025;quarta-feira;19:40:00;PR;369;196;ARAPONGAS;Acessar a via sem observar a presença dos outros veículos;Colisão transversal;Com Vítimas Feridas;Plena Noite;Crescente;Céu Claro;Dupla;Reta;Sim;3;0;1;0;2;0;1;2;-23,49090143;-51,42340706;SPRF-PR;DEL07-PR;UOP03-DEL07-PR
731413;12/11/2025;quarta-feira;19:30:00;RJ;101;484;ANGRA DOS REIS;Conversão proibida;Colisão transversal;Com Vítimas Feridas;Plena Noite;Crescente;Céu Claro;Simples;Reta;Não;2;0;0;1;1;0;1;2;-22,990534;-44,304098;SPRF-RJ;DEL03-RJ;UOP03-DEL03-RJ
731414;12/11/2025;quarta-feira;20:11:00;RJ;116;280;BARRA MANSA;Manobra de mudança de faixa;Colisão traseira;Com Vítimas Feridas;Plena Noite;Crescente;Nublado;Dupla;Reta;Não;4;0;3;0;1;0;3;2;-22,4699988;-44,2790774;SPRF-RJ;DEL07-RJ;UOP02-DEL07-RJ
731416;12/11/2025;quarta-feira;19:30:00;MG;381;487;BETIM;Pedestre cruzava a pista fora da faixa;Atropelamento de Pedestre;Com Vítimas Feridas;Plena Noite;Crescente;Céu Claro;Dupla;Curva;Sim;2;0;1;0;1;0;1;2;-19,95656893;-44,11869049;SPRF-MG;DEL01-MG;UOP03-DEL01-MG
731418;12/11/2025;quarta-feira;17:25:00;RO;364;343,1;JI-PARANA;Condutor deixou de manter distância do veículo da frente;Colisão lateral mesmo sentido;Com Vítimas Feridas;Pleno dia;Crescente;Céu Claro;Dupla;Interseção de Vias;Sim;3;0;1;0;2;0;1;2;-10,877482;-61,946923;SPRF-RO;DEL02-RO;UOP01-DEL02-RO
731422;12/11/2025;quarta-feira;20:56:00;MG;50;182,6;UBERABA;Entrada inopinada do pedestre;Atropelamento de Pedestre;Com Vítimas Feridas;Plena Noite;Decrescente;Céu Claro;Dupla;Reta;Sim;2;0;0;1;1;0;1;2;-19,79955;-47,90739;SPRF-MG;DEL13-MG;UOP01-DEL13-MG
731424;12/11/2025;quarta-feira;19:10:00;MG;116;285,8;TEOFILO OTONI;Ausência de reação do condutor;Colisão traseira;Com Vítimas Feridas;Plena Noite;Crescente;Nublado;Simples;"Declive;Curva";Não;2;0;0;1;1;0;1;2;-17,934602;-41,529015;SPRF-MG;DEL11-MG;UOP01-DEL11-MG
731425;12/11/2025;quarta-feira;17:20:00;MG;116;731,5;LARANJAL;Avarias e/ou desgaste excessivo no pneu;Saída de leito carroçável;Com Vítimas Feridas;Pleno dia;Decrescente;Céu Claro;Simples;Reta;Não;2;0;1;0;1;0;1;1;-21,35199836;-42,467703;SPRF-MG;DEL07-MG;UOP02-DEL07-MG
731427;12/11/2025;quarta-feira;18:40:00;BA;235;353;JUAZEIRO;Iluminação deficiente;Atropelamento de Pedestre;Com Vítimas Feridas;Plena Noite;Crescente;Céu Claro;Dupla;Reta;Sim;2;0;2;0;0;0;2;2;-9,431657;-40,502968;SPRF-PE;DEL06-PE;UOP01-DEL06-PE
731430;12/11/2025;quarta-feira;20:35:00;PE;408;92;SAO LOURENCO DA MATA;Transitar na contramão;Colisão transversal;Sem Vítimas;Plena Noite;Crescente;Céu Claro;Dupla;Reta;Sim;2;0;0;0;1;1;0;2;-8,02568601;-35,03879992;SPRF-PE;DEL01-PE;UOP01-DEL01-PE
731433;12/11/2025;quarta-feira;22:00:00;SC;101;203;SAO JOSE;Reação tardia ou ineficiente do condutor;Queda de ocupante de veículo;Com Vítimas Feridas;Plena Noite;Decrescente;Garoa/Chuvisco;Dupla;Reta;Sim;1;0;0;1;0;0;1;1;-27,56515044;-48,61398935;SPRF-SC;DEL01-SC;UOP01-DEL01-SC
731434;12/11/2025;quarta-feira;18:10:00;BA;101;501,3;ITABUNA;Acessar a via sem observar a presença dos outros veículos;Colisão traseira;Com Vítimas Feridas;Plena Noite;Crescente;Céu Claro;Simples;Reta;Não;2;0;2;0;0;0;2;2;-14,76542113;-39,29929733;SPRF-BA;DEL05-BA;UOP01-DEL05-BA
731435;12/11/2025;quarta-feira;22:00:00;SE;235;57,2;ITABAIANA;Animais na Pista;Atropelamento de Animal;Com Vítimas Feridas;Plena Noite;Crescente;Céu Claro;Simples;Reta;Não;1;0;0;1;0;0;1;1;-10,65134471;-37,45084612;SPRF-SE;DEL01-SE;UOP02-DEL01-SE
731436;12/11/2025;quarta-feira;18:30:00;MT;163;559,8;DIAMANTINO;Transitar no Acostamento;Queda de ocupante de veículo;Com Vítimas Feridas;Plena Noite;Decrescente;Nublado;Dupla;"Desvio Temporário;Reta;Em Obras";Não;1;0;1;0;0;0;1;1;-14,1527;-56,09645;SPRF-MT;DEL01-MT;UOP01-DEL01-MT
731437;12/11/2025;quarta-feira;21:45:00;PR;376;214;JANDAIA DO SUL;Chuva;Tombamento;Com Vítimas Feridas;Plena Noite;Crescente;Chuva;Dupla;Reta;Não;1;0;1;0;0;0;1;1;-23,57274911;-51,65377736;SPRF-PR;DEL09-PR;UOP01-DEL09-PR
731442;12/11/2025;quarta-feira;20:00:00;RJ;116;142;DUQUE DE CAXIAS;Ausência de reação do condutor;Colisão lateral mesmo sentido;Com Vítimas Feridas;Plena Noite;Crescente;Céu Claro;Dupla;Reta;Sim;2;0;1;0;1;0;1;2;-22,64691575;-43,21684154;SPRF-RJ;DEL01-RJ;UOP02-DEL01-RJ
731443;12/11/2025;quarta-feira;23:30:00;MG;116;557;MANHUACU;Ausência de reação do condutor;Tombamento;Com Vítimas Feridas;Plena Noite;Crescente;Céu Claro;Simples;Reta;Não;1;0;1;0;0;0;1;1;-20,016325;-42,164934;SPRF-MG;DEL06-MG;UOP03-DEL06-MG
731447;12/11/2025;quarta-feira;20:30:00;MS;60;593,7;JARDIM;Acessar a via sem observar a presença dos outros veículos;Colisão transversal;Com Vítimas Feridas;Plena Noite;Crescente;Céu Claro;Dupla;"Reta;Interseção de Vias";Sim;3;0;1;1;1;0;2;2;-21,48776002;-56,15677808;SPRF-MS;DEL05-MS;UOP01-DEL05-MS
731448;12/11/2025;quarta-feira;23:30:00;PR;369;147;LONDRINA;Condutor deixou de manter distância do veículo da frente;Colisão traseira;Com Vítimas Feridas;Plena Noite;Decrescente;Chuva;Dupla;"Aclive;Reta";Sim;3;0;2;0;1;0;2;2;-23,29319;-51,13071;SPRF-PR;DEL07-PR;UOP01-DEL07-PR
731451;12/11/2025;quarta-feira;18:10:00;RJ;40;115;DUQUE DE CAXIAS;Avarias e/ou desgaste excessivo no pneu;Tombamento;Com Vítimas Feridas;Plena Noite;Decrescente;Céu Claro;Múltipla;Reta;Não;2;0;2;0;0;0;2;1;-22,73587883;-43,28838068;SPRF-RJ;DEL01-RJ;UOP02-DEL01-RJ
731454;12/11/2025;quarta-feira;23:46:00;RJ;40;18;TRES RIOS;Velocidade Incompatível;Colisão com objeto;Com Vítimas Fatais;Plena Noite;Crescente;Céu Claro;Dupla;"Declive;Curva";Não;1;1;0;0;0;0;0;1;-22,098955;-43,172364;SPRF-RJ;DEL05-RJ;UOP02-DEL05-RJ
731457;13/11/2025;quinta-feira;01:00:00;RS;470;216,9;BENTO GONCALVES;Ausência de reação do condutor;Colisão com objeto;Com Vítimas Feridas;Plena Noite;Decrescente;Nublado;Dupla;Curva;Sim;1;0;1;0;0;0;1;1;-29,17451945;-51,52407495;SPRF-RS;DEL06-RS;UOP01-DEL06-RS
731459;05/11/2025;quarta-feira;11:40:00;RS;116;255;ESTEIO;Acessar a via sem observar a presença dos outros veículos;Colisão traseira;Com Vítimas Feridas;Pleno dia;Decrescente;Sol;Dupla;Reta;Sim;3;0;0;1;1;1;1;3;-29,84007606;-51,17622048;SPRF-RS;DEL01-RS;UOP02-DEL01-RS
731461;13/11/2025;quinta-feira;02:50:00;GO;60;273,5;JANDAIA;Iluminação deficiente;Colisão traseira;Com Vítimas Feridas;Plena Noite;Decrescente;Céu Claro;Dupla;Reta;Não;2;0;0;1;1;0;1;2;-17,21474;-50,165748;SPRF-GO;DEL01-GO;UOP02-DEL01-GO
731462;13/11/2025;quinta-feira;02:25:00;SC;101;276,8;IMBITUBA;Ausência de reação do condutor;Colisão com objeto;Com Vítimas Fatais;Plena Noite;Decrescente;Nublado;Múltipla;Reta;Sim;1;1;0;0;0;0;0;1;-28,165623;-48,693045;SPRF-SC;DEL02-SC;UOP03-DEL02-SC
731464;13/11/2025;quinta-feira;03:55:00;PB;101;83,8;BAYEUX;Ausência de reação do condutor;Colisão traseira;Com Vítimas Feridas;Plena Noite;Crescente;Céu Claro;Dupla;Reta;Não;2;0;1;0;0;1;1;2;-7,13934638;-34,92339134;SPRF-PB;DEL01-PB;UOP01-DEL01-PB
731467;13/11/2025;quinta-feira;04:00:00;AL;316;266,3;SATUBA;Ultrapassagem Indevida;Colisão lateral sentido oposto;Com Vítimas Feridas;Amanhecer;Crescente;Céu Claro;Simples;Reta;Não;3;0;2;0;1;0;2;2;-9,58689;-35,849874;SPRF-AL;DEL02-AL;UOP01-DEL02-AL
731468;13/11/2025;quinta-feira;06:00:00;DF;20;11,4;BRASILIA;Manobra de mudança de faixa;Colisão lateral mesmo sentido;Com Vítimas Feridas;Amanhecer;Decrescente;Céu Claro;Dupla;"Reta;Em Obras";Sim;2;0;1;0;1;0;1;2;-15,64386707;-47,76062518;SPRF-DF;DEL02-DF;UOP01-DEL02-DF
731470;12/11/2025;quarta-feira;17:00:00;BA;110;370;POJUCA;Desrespeitar a preferência no cruzamento;Colisão transversal;Com Vítimas Feridas;Pleno dia;Crescente;Nublado;Simples;Interseção de Vias;Sim;2;0;0;1;1;0;1;2;-12,39762;-38,373374;SPRF-BA;DEL01-BA;UOP04-DEL01-BA
731471;13/11/2025;quinta-feira;05:00:00;PE;407;116;PETROLINA;Condutor Dormindo;Colisão traseira;Com Vítimas Feridas;Amanhecer;Crescente;Céu Claro;Simples;Reta;Não;2;0;2;0;0;0;2;2;-9,31381689;-40,57395207;SPRF-PE;DEL06-PE;UOP01-DEL06-PE
731472;13/11/2025;quinta-feira;06:40:00;MG;262;109;SANTO ANTONIO DO GRAMA;Transitar na contramão;Colisão frontal;Com Vítimas Feridas;Amanhecer;Decrescente;Céu Claro;Simples;"Reta;Declive";Não;2;0;0;1;1;0;1;2;-20,2705709;-42,56549835;SPRF-MG;DEL03-MG;UOP03-DEL03-MG
731474;13/11/2025;quinta-feira;06:45:00;DF;70;18;BRASILIA;Trafegar com motocicleta (ou similar) entre as faixas;Colisão traseira;Com Vítimas Feridas;Pleno dia;Decrescente;Céu Claro;Dupla;Reta;Não;2;0;1;0;1;0;1;2;-15,7898445;-48,21629466;SPRF-DF;DEL03-DF;UOP02-DEL03-DF
731477;13/11/2025;quinta-feira;06:45:00;PR;376;162,7;MARINGA;Demais falhas mecânicas ou elétricas;Incêndio;Sem Vítimas;Pleno dia;Decrescente;Nublado;Dupla;Reta;Não;1;0;0;0;1;0;0;1;-23,3729255;-52,0550039;SPRF-PR;DEL09-PR;UOP02-DEL09-PR
731478;13/11/2025;quinta-feira;06:30:00;DF;20;18;BRASILIA;Manobra de mudança de faixa;Colisão lateral mesmo sentido;Com Vítimas Feridas;Pleno dia;Crescente;Céu Claro;Dupla;Reta;Sim;2;0;1;0;1;0;1;2;-15,61415073;-47,70393491;SPRF-DF;DEL02-DF;UOP01-DEL02-DF
731479;13/11/2025;quinta-feira;07:20:00;MG;50;180;UBERABA;Condutor deixou de manter distância do veículo da frente;Colisão com objeto;Com Vítimas Feridas;Pleno dia;Crescente;Céu Claro;Dupla;Interseção de Vias;Não;1;0;0;1;0;0;1;1;-19,7054029;-47,9829176;SPRF-MG;DEL13-MG;UOP01-DEL13-MG