id;data_inversa;dia_semana;horario;uf;br;km;municipio;causa_acidente;tipo_acidente;classificacao_acidente;fase_dia;sentido_via;condicao_metereologica;tipo_pista;tracado_via;uso_solo;pessoas;mortos;feridos_leves;feridos_graves;ilesos;ignorados;feridos;veiculos;latitude;longitude;regional;delegacia;uop
731612;13/11/2025;quinta-feira;18:45:00;ES;101;146,8;LINHARES;Conversão proibida;Colisão transversal;Com Vítimas Feridas;Plena Noite;Decrescente;Céu Claro;Dupla;Interseção de Vias;Sim;2;0;1;0;1;0;1;2;-19,37562565;-40,06598759;SPRF-ES;DEL04-ES;UOP01-DEL04-ES
731613;13/11/2025;quinta-feira;17:20:00;PB;101;84;BAYEUX;Reação tardia ou ineficiente do condutor;Colisão traseira;Com Vítimas Feridas;Anoitecer;Crescente;Nublado;Dupla;Reta;Sim;1;0;1;0;0;0;1;1;-7,142379;-34,919775;SPRF-PB;DEL01-PB;UOP01-DEL01-PB
731614;13/11/2025;quinta-feira;14:20:00;RO;364;14;VILHENA;Ausência de reação do condutor;Colisão traseira;Com Vítimas Feridas;Pleno dia;Crescente;Céu Claro;Simples;Rotatória;Não;3;0;1;0;2;0;1;2;-12,73905518;-60,13961999;SPRF-RO;DEL04-RO;UOP01-DEL04-RO
731615;13/11/2025;quinta-feira;18:30:00;PE;101;69;RECIFE;Manobra de mudança de faixa;Colisão lateral mesmo sentido;Com Vítimas Feridas;Plena Noite;Decrescente;Nublado;Dupla;Viaduto;Sim;4;0;2;0;1;1;2;3;-8,061458;-34,944865;SPRF-PE;DEL01-PE;UOP01-DEL01-PE
731616;13/11/2025;quinta-feira;19:20:00;RJ;116;173;SAO JOAO DE MERITI;Condutor deixou de manter distância do veículo da frente;Colisão traseira;Com Vítimas Feridas;Plena Noite;Crescente;Céu Claro;Múltipla;Reta;Sim;3;0;1;0;2;0;1;2;-22,79761879;-43,35923642;SPRF-RJ;DEL06-RJ;UOP01-DEL06-RJ
731619;13/11/2025;quinta-feira;20:10:00;SC;101;337;TUBARAO;Reação tardia ou ineficiente do condutor;Colisão traseira;Com Vítimas Feridas;Plena Noite;Decrescente;Céu Claro;Dupla;Aclive;Não;2;0;1;0;1;0;1;2;-28,49114954;-49,03928725;SPRF-SC;DEL02-SC;UOP01-DEL02-SC
731620;13/11/2025;quinta-feira;20:00:00;RJ;116;173;RIO DE JANEIRO;Acessar a via sem observar a presença dos outros veículos;Colisão lateral mesmo sentido;Com Vítimas Feridas;Anoitecer;Crescente;Nublado;Dupla;Reta;Não;3;0;1;0;2;0;1;2;-22,8048515;-43,3452235;SPRF-RJ;DEL06-RJ;UOP01-DEL06-RJ
731621;13/11/2025;quinta-feira;18:00:00;MG;381;949,5;EXTREMA;Avarias e/ou desgaste excessivo no pneu;Tombamento;Com Vítimas Feridas;Anoitecer;Crescente;Nublado;Dupla;Reta;Não;2;0;2;0;0;0;2;1;-22,875082;-46,367049;SPRF-MG;DEL16-MG;UOP03-DEL16-MG
731622;13/11/2025;quinta-feira;17:30:00;MG;40;14;PARACATU;Acessar a via sem observar a presença dos outros veículos;Colisão transversal;Sem Vítimas;Anoitecer;Crescente;Nublado;Simples;Reta;Não;4;0;0;0;4;0;0;2;-17,072;-47,042;SPRF-MG;DEL14-MG;UOP01-DEL14-MG
731623;13/11/2025;quinta-feira;18:24:00;RJ;40;110;DUQUE DE CAXIAS;Manobra de mudança de faixa;Colisão lateral mesmo sentido;Com Vítimas Feridas;Anoitecer;Decrescente;Céu Claro;Múltipla;Reta;Sim;4;0;1;0;3;0;1;2;-22,687747;-43,28595;SPRF-RJ;DEL01-RJ;UOP02-DEL01-RJ
731624;13/11/2025;quinta-feira;20:15:00;ES;101;179,2;ARACRUZ;Conversão proibida;Colisão transversal;Com Vítimas Feridas;Plena Noite;Crescente;Céu Claro;Simples;Interseção de Vias;Não;2;0;1;0;1;0;1;2;-19,61801318;-40,21655263;SPRF-ES;DEL04-ES;UOP01-DEL04-ES
731625;13/11/2025;quinta-feira;20:30:00;RN;110;46,3;MOSSORO;Animais na Pista;Atropelamento de Animal;Com Vítimas Feridas;Plena Noite;Crescente;Céu Claro;Simples;Reta;Sim;1;0;1;0;0;0;1;1;-5,20036468;-37,32170463;SPRF-RN;DEL04-RN;UOP01-DEL04-RN
731627;13/11/2025;quinta-feira;20:20:00;GO;70;9,2;AGUAS LINDAS DE GOIAS;Manobra de mudança de faixa;Colisão transversal;Sem Vítimas;Plena Noite;Crescente;Céu Claro;Dupla;Reta;Sim;2;0;0;0;2;0;0;2;-15,736966;-48,290509;SPRF-DF;DEL03-DF;UOP02-DEL03-DF
731628;13/11/2025;quinta-feira;20:45:00;PE;232;15,3;JABOATAO DOS GUARARAPES;Ausência de reação do condutor;Saída de leito carroçável;Com Vítimas Feridas;Plena Noite;Decrescente;Nublado;Dupla;Curva;Não;1;0;1;0;0;0;1;1;-8,093523;-35,031602;SPRF-PE;DEL01-PE;UOP01-DEL01-PE
731629;13/11/2025;quinta-feira;19:00:00;RJ;101;322;NITEROI;Condutor deixou de manter distância do veículo da frente;Colisão lateral mesmo sentido;Com Vítimas Feridas;Plena Noite;Crescente;Céu Claro;Dupla;Reta;Sim;3;0;2;0;1;0;2;2;-22,87673864;-43,11713219;SPRF-RJ;DEL02-RJ;UOP01-DEL02-RJ
731630;13/11/2025;quinta-feira;21:40:00;BA;101;171;FEIRA DE SANTANA;Animais na Pista;Atropelamento de Animal;Sem Vítimas;Plena Noite;Crescente;Céu Claro;Simples;Reta;Não;3;0;0;0;3;0;0;1;-12,3613247;-38,8637343;SPRF-BA;DEL01-BA;UOP03-DEL01-BA
731633;13/11/2025;quinta-feira;21:35:00;TO;153;334,7;GUARAI;Desrespeitar a preferência no cruzamento;Atropelamento de Pedestre;Com Vítimas Feridas;Plena Noite;Crescente;Céu Claro;Dupla;Reta;Sim;2;0;1;0;1;0;1;2;-8,839847;-48,511838;SPRF-TO;DEL02-TO;UOP02-DEL02-TO
731634;13/11/2025;quinta-feira;21:30:00;GO;153;428,8;ANAPOLIS;Ausência de reação do condutor;Colisão traseira;Com Vítimas Feridas;Plena Noite;Crescente;Céu Claro;Dupla;"Aclive;Reta";Sim;2;0;1;0;1;0;1;2;-16,26060722;-48,98599774;SPRF-GO;DEL02-GO;UOP01-DEL02-GO
731635;13/11/2025;quinta-feira;21:15:00;RS;287;392,5;SANTIAGO;Acessar a via sem observar a presença dos outros veículos;Colisão transversal;Com Vítimas Feridas;Plena Noite;Decrescente;Céu Claro;Simples;"Reta;Interseção de Vias";Não;3;0;1;1;1;0;2;2;-29,21668958;-54,84348178;SPRF-RS;DEL12-RS;UOP02-DEL12-RS
731636;13/11/2025;quinta-feira;18:40:00;PA;230;89;SAO JOAO DO ARAGUAIA;Reação tardia ou ineficiente do condutor;Atropelamento de Animal;Com Vítimas Feridas;Plena Noite;Decrescente;Céu Claro;Simples;"Reta;Aclive";Não;1;0;1;0;0;0;1;1;-5,468494;-48,874399;SPRF-PA;DEL03-PA;UOP01-DEL03-PA
731640;14/10/2025;terça-feira;13:00:00;RJ;116;174;SAO JOAO DE MERITI;Frear bruscamente;Colisão traseira;Com Vítimas Feridas;Pleno dia;Decrescente;Céu Claro;Simples;Reta;Não;4;0;1;0;3;0;1;3;-22,80108198;-43,35236785;SPRF-RJ;DEL06-RJ;UOP01-DEL06-RJ
731643;13/11/2025;quinta-feira;15:50:00;SC;101;157;PORTO BELO;Acumulo de areia ou detritos sobre o pavimento;Tombamento;Com Vítimas Feridas;Pleno dia;Decrescente;Céu Claro;Dupla;Reta;Sim;1;0;1;0;0;0;1;1;-27,19218246;-48,61224739;SPRF-SC;DEL04-SC;UOP03-DEL04-SC
731645;13/11/2025;quinta-feira;22:28:00;SC;101;222;PALHOCA;Velocidade Incompatível;Queda de ocupante de veículo;Com Vítimas Feridas;Plena Noite;Crescente;Céu Claro;Dupla;Reta;Sim;2;0;1;0;1;0;1;1;-27,709578;-48,65468;SPRF-SC;DEL01-SC;UOP02-DEL01-SC
731646;13/11/2025;quinta-feira;19:20:00;MA;226;53,6;CAXIAS;Transitar no Acostamento;Colisão frontal;Com Vítimas Fatais;Plena Noite;Decrescente;Céu Claro;Simples;"Reta;Declive";Não;3;1;0;2;0;0;2;2;-5,202228;-43,259613;SPRF-MA;DEL03-MA;UOP02-DEL03-MA
731648;13/11/2025;quinta-feira;21:55:00;RJ;101;280;TANGUA;Ausência de reação do condutor;Tombamento;Com Vítimas Feridas;Plena Noite;Decrescente;Céu Claro;Dupla;Reta;Sim;2;0;1;0;0;1;1;2;-22,739588;-42,743087;SPRF-RJ;DEL02-RJ;UOP02-DEL02-RJ
731649;13/11/2025;quinta-feira;22:15:00;SP;101;43,8;UBATUBA;Acessar a via sem observar a presença dos outros veículos;Colisão transversal;Com Vítimas Feridas;Plena Noite;Decrescente;Céu Claro;Simples;Reta;Sim;3;0;0;1;1;1;1;3;-23,40864928;-45,06014585;SPRF-SP;DEL06-SP;UOP01-DEL06-SP
731650;13/11/2025;quinta-feira;20:00:00;PI;343;15;PARNAIBA;Acessar a via sem observar a presença dos outros veículos;Colisão transversal;Com Vítimas Feridas;Plena Noite;Decrescente;Céu Claro;Dupla;Reta;Sim;2;0;0;2;0;0;2;2;-2,93634533;-41,75501972;SPRF-PI;DEL05-PI;UOP01-DEL05-PI
731651;13/11/2025;quinta-feira;22:45:00;SC;280;51,4;GUARAMIRIM;Acessar a via sem observar a presença dos outros veículos;Colisão transversal;Com Vítimas Feridas;Plena Noite;Crescente;Nublado;Simples;"Retorno Regulamentado;Reta";Sim;2;0;1;0;1;0;1;2;-26,466787;-48,959993;SPRF-SC;DEL03-SC;UOP03-DEL03-SC
731653;13/11/2025;quinta-feira;21:20:00;PR;163;226,1;CASCAVEL;Ingestão de álcool pelo condutor;Saída de leito carroçável;Sem Vítimas;Plena Noite;Crescente;Céu Claro;Dupla;"Interseção de Vias;Reta;Retorno Regulamentado";Sim;2;0;0;0;2;0;0;1;-24,884;-53,558;SPRF-PR;DEL04-PR;UOP01-DEL04-PR
731656;13/11/2025;quinta-feira;23:55:00;PR;373;266;PRUDENTOPOLIS;Transitar na contramão;Colisão frontal;Com Vítimas Feridas;Plena Noite;Crescente;Céu Claro;Simples;Reta;Sim;2;0;1;0;1;0;1;2;-25,20847981;-51,00202392;SPRF-PR;DEL08-PR;UOP01-DEL08-PR
731661;13/11/2025;quinta-feira;23:15:00;SC;280;242;BELA VISTA DO TOLDO;Ingestão de álcool pelo condutor;Saída de leito carroçável;Sem Vítimas;Plena Noite;Decrescente;Céu Claro;Simples;Reta;Não;1;0;0;0;1;0;0;1;-26,23301929;-50,46895361;SPRF-SC;DEL06-SC;UOP04-DEL06-SC
731662;13/11/2025;quinta-feira;22:00:00;RS;472;540;URUGUAIANA;Ingestão de álcool pelo condutor;Saída de leito carroçável;Com Vítimas Feridas;Plena Noite;Crescente;Céu Claro;Simples;"Interseção de Vias;Reta";Não;1;0;1;0;0;0;1;1;-29,550171;-56,83511;SPRF-RS;DEL13-RS;UOP01-DEL13-RS
731663;13/11/2025;quinta-feira;22:20:00;PR;277;529,1;GUARANIACU;Transitar na contramão;Saída de leito carroçável;Com Vítimas Feridas;Plena Noite;Crescente;Céu Claro;Simples;Curva;Não;2;0;2;0;0;0;2;1;-25,09181752;-52,95144081;SPRF-PR;DEL04-PR;UOP04-DEL04-PR
731664;13/11/2025;quinta-feira;23:32:00;GO;452;47;RIO VERDE;Ingestão de álcool pelo condutor;Colisão com objeto;Com Vítimas Feridas;Plena Noite;Decrescente;Nublado;Simples;"Reta;Rotatória;Retorno Regulamentado";Não;1;0;1;0;0;0;1;1;-17,959223;-50,496432;SPRF-GO;DEL04-GO;UOP01-DEL04-GO
731665;14/11/2025;sexta-feira;00:05:00;PI;343;38,2;BURITI DOS LOPES;Transtornos Mentais (exceto suicidio);Saída de leito carroçável;Com Vítimas Feridas;Plena Noite;Crescente;Céu Claro;Simples;Reta;Não;1;0;1;0;0;0;1;1;-3,13843091;-41,79456621;SPRF-PI;DEL05-PI;UOP01-DEL05-PI
731667;14/11/2025;sexta-feira;02:30:00;SP;262;319;CASTILHO;Ausência de reação do condutor;Colisão com objeto;Com Vítimas Feridas;Plena Noite;Crescente;Céu Claro;Simples;Rotatória;Não;2;0;1;1;0;0;2;1;-20,785564;-51,600136;SPRF-MS;DEL07-MS;UOP01-DEL07-MS
731669;05/11/2025;quarta-feira;12:15:00;BA;324;619;SALVADOR;Condutor deixou de manter distância do veículo da frente;Colisão traseira;Com Vítimas Feridas;Pleno dia;Crescente;Céu Claro;Múltipla;Reta;Não;2;0;1;0;0;1;1;2;-12,903354;-38,45435;SPRF-BA;DEL01-BA;UOP01-DEL01-BA
731674;14/11/2025;sexta-feira;04:30:00;PI;343;3,2;TERESINA;Ingestão de álcool pelo condutor;Saída de leito carroçável;Com Vítimas Feridas;Plena Noite;Decrescente;Céu Claro;Múltipla;Reta;Sim;1;0;1;0;0;0;1;1;-5,081103;-42,779173;SPRF-PI;DEL01-PI;UOP01-DEL01-PI
731675;14/11/2025;sexta-feira;05:00:00;RO;364;208,4;PIMENTA BUENO;Ingestão de álcool pelo condutor;Colisão com objeto;Com Vítimas Feridas;Amanhecer;Crescente;Céu Claro;Simples;Reta;Não;1;0;1;0;0;0;1;1;-11,595722;-61,241712;SPRF-RO;DEL02-RO;UOP02-DEL02-RO
731677;14/11/2025;sexta-feira;05:40:00;SE;235;1;NOSSA SENHORA DO SOCORRO;Ausência de reação do condutor;Colisão traseira;Com Vítimas Feridas;Pleno dia;Decrescente;Céu Claro;Dupla;Declive;Não;3;0;2;0;1;0;2;2;-10,9050402;-37,1230426;SPRF-SE;DEL01-SE;UOP01-DEL01-SE
731678;13/11/2025;quinta-feira;21:50:00;MG;116;400;GOVERNADOR VALADARES;Demais falhas mecânicas ou elétricas;Saída de leito carroçável;Com Vítimas Feridas;Plena Noite;Decrescente;Céu Claro;Simples;Reta;Não;1;0;1;0;0;0;1;1;-18,7546762;-41,98562622;SPRF-MG;DEL06-MG;UOP01-DEL06-MG
731679;14/11/2025;sexta-feira;05:15:00;RS;293;139;CANDIOTA;Condutor Dormindo;Colisão frontal;Com Vítimas Feridas;Amanhecer;Crescente;Céu Claro;Simples;Reta;Não;3;0;2;1;0;0;3;2;-31,448226;-53,68315;SPRF-RS;DEL11-RS;UOP03-DEL11-RS
731680;14/11/2025;sexta-feira;05:00:00;CE;222;312,7;TIANGUA;Suicídio (presumido);Atropelamento de Pedestre;Com Vítimas Fatais;Amanhecer;Crescente;Nublado;Múltipla;Reta;Sim;2;1;0;0;0;1;0;2;-3,72803439;-40,99937117;SPRF-CE;DEL04-CE;UOP02-DEL04-CE
731681;13/11/2025;quinta-feira;11:00:00;MG;381;373;SAO GONCALO DO RIO ABAIXO;Ausência de reação do condutor;Tombamento;Com Vítimas Feridas;Pleno dia;Crescente;Céu Claro;Simples;"Declive;Curva";Sim;1;0;0;1;0;0;1;1;-19,83685803;-43,33649531;SPRF-MG;DEL01-MG;UOP01-DEL01-MG
731682;14/11/2025;sexta-feira;02:50:00;PR;277;1;PARANAGUA;Acessar a via sem observar a presença dos outros veículos;Atropelamento de Pedestre;Com Vítimas Feridas;Plena Noite;Decrescente;Garoa/Chuvisco;Simples;Reta;Sim;2;0;1;0;0;1;1;2;-25,53384509;-48,55225325;SPRF-PR;DEL01-PR;UOP05-DEL01-PR
731683;14/11/2025;sexta-feira;06:40:00;SC;101;151;ITAPEMA;Condutor deixou de manter distância do veículo da frente;Colisão traseira;Com Vítimas Feridas;Pleno dia;Crescente;Céu Claro;Dupla;Reta;Não;2;0;1;0;1;0;1;2;-27,065955;-48,5955738;SPRF-SC;DEL04-SC;UOP03-DEL04-SC
731684;14/11/2025;sexta-feira;06:45:00;BA;324;610,2;SIMOES FILHO;Trafegar com motocicleta (ou similar) entre as faixas;Colisão lateral mesmo sentido;Com Vítimas Feridas;Pleno dia;Decrescente;Céu Claro;Dupla;Reta;Sim;2;0;1;0;1;0;1;2;-12,8326292;-38,4131766;SPRF-BA;DEL01-BA;UOP01-DEL01-BA
731686;14/11/2025;sexta-feira;06:50:00;DF;40;3;BRASILIA;Condutor deixou de manter distância do veículo da frente;Colisão traseira;Com Vítimas Feridas;Amanhecer;Decrescente;Céu Claro;Dupla;"Reta;Viaduto";Sim;2;0;2;0;0;0;2;2;-16,004565;-47,983752;SPRF-DF;DEL01-DF;UOP01-DEL01-DF
731687;14/11/2025;sexta-feira;07:00:00;PR;116;115;CURITIBA;Ausência de reação do condutor;Colisão lateral mesmo sentido;Com Vítimas Feridas;Pleno dia;Crescente;Céu Claro;Múltipla;Reta;Sim;2;0;1;0;0;1;1;2;-25,57027414;-49,31056083;SPRF-PR;DEL01-PR;UOP03-DEL01-PR
731688;14/11/2025;sexta-feira;07:05:00;SC;470;66,2;INDAIAL;Acessar a via sem observar a presença dos outros veículos;Colisão transversal;Com Vítimas Feridas;Pleno dia;Decrescente;Céu Claro;Simples;"Reta;Em Obras";Sim;2;0;1;0;1;0;1;2;-26,870107;-49,2236682;SPRF-SC;DEL04-SC;UOP01-DEL04-SC
731689;14/11/2025;sexta-feira;06:35:00;SC;280;24,1;ARAQUARI;Acessar a via sem observar a presença dos outros veículos;Colisão transversal;Com Vítimas Feridas;Pleno dia;Crescente;Nublado;Simples;Reta;Não;2;0;0;1;1;0;1;2;-26,378267;-48,72077;SPRF-SC;DEL03-SC;UOP03-DEL03-SC
731690;14/11/2025;sexta-feira;07:55:00;PB;230;23;JOAO PESSOA;Condutor deixou de manter distância do veículo da frente;Colisão traseira;Com Vítimas Feridas;Pleno dia;Decrescente;Céu Claro;Dupla;Reta;Sim;2;0;0;1;0;1;1;2;-7,162048;-34,860552;SPRF-PB;DEL01-PB;UOP01-DEL01-PB
731691;14/11/2025;sexta-feira;04:40:00;RJ;40;121;DUQUE DE CAXIAS;Ausência de reação do condutor;Colisão com objeto;Com Vítimas Feridas;Amanhecer;Crescente;Nublado;Dupla;Reta;Sim;1;0;1;0;0;0;1;1;-22,76192653;-43,28712738;SPRF-RJ;DEL01-RJ;UOP02-DEL01-RJ
731692;14/11/2025;sexta-feira;05:30:00;BA;324;550;AMELIA RODRIGUES;Acessar a via sem observar a presença dos outros veículos;Atropelamento de Pedestre;Com Vítimas Feridas;Pleno dia;Crescente;Céu Claro;Dupla;"Reta;Declive";Não;2;0;0;1;1;0;1;2;-12,44995892;-38,71184349;SPRF-BA;DEL01-BA;UOP03-DEL01-BA
731694;14/11/2025;sexta-feira;07:57:00;ES;101;263,9;SERRA;Condutor deixou de manter distância do veículo da frente;Colisão traseira;Com Vítimas Feridas;Pleno dia;Crescente;Sol;Múltipla;Reta;Não;2;0;1;1;0;0;2;2;-20,17284167;-40,26738333;SPRF-ES;DEL02-ES;UOP01-DEL02-ES
731696;07/11/2025;sexta-feira;03:10:00;PR;369;187;ARAPONGAS;Reação tardia ou ineficiente do condutor;Saída de leito carroçável;Com Vítimas Feridas;Plena Noite;Crescente;Céu Claro;Simples;Reta;Sim;3;0;0;3;0;0;3;2;-23,43118082;-51,42266677;SPRF-PR;DEL07-PR;UOP03-DEL07-PR
731697;14/11/2025;sexta-feira;04:15:00;RJ;493;97;SEROPEDICA;Reação tardia ou ineficiente do condutor;Queda de ocupante de veículo;Com Vítimas Feridas;Plena Noite;Decrescente;Céu Claro;Dupla;Reta;Não;2;0;2;0;0;0;2;1;-22,72396025;-43,71131659;SPRF-RJ;DEL01-RJ;UOP03-DEL01-RJ
731699;14/11/2025;sexta-feira;07:30:00;SP;116;113;TAUBATE;Reação tardia ou ineficiente do condutor;Colisão traseira;Com Vítimas Feridas;Pleno dia;Decrescente;Céu Claro;Dupla;Reta;Sim;2;0;1;0;1;0;1;2;-23,04306736;-45,57573214;SPRF-SP;DEL02-SP;UOP02-DEL02-SP
731701;14/11/2025;sexta-feira;08:20:00;SP;488;1,2;APARECIDA;Reação tardia ou ineficiente do condutor;Atropelamento de Pedestre;Com Vítimas Feridas;Pleno dia;Decrescente;Nublado;Dupla;Reta;Sim;4;0;2;2;0;0;4;2;-22,849003;-45,231706;SPRF-SP;DEL08-SP;UOP01-DEL08-SP
731702;14/11/2025;sexta-feira;08:30:00;PE;101;64;RECIFE;Reação tardia ou ineficiente do condutor;Colisão lateral mesmo sentido;Com Vítimas Feridas;Pleno dia;Decrescente;Céu Claro;Dupla;Interseção de Vias;Sim;2;0;1;0;1;0;1;2;-8,01923;-34,94252;SPRF-PE;DEL01-PE;UOP01-DEL01-PE
731703;14/11/2025;sexta-feira;06:00:00;RJ;101;300;SAO GONCALO;Ausência de reação do condutor;Colisão lateral mesmo sentido;Com Vítimas Feridas;Pleno dia;Crescente;Nublado;Dupla;Reta;Sim;2;0;1;0;1;0;1;2;-22,77676424;-42,94928638;SPRF-RJ;DEL02-RJ;UOP02-DEL02-RJ
731704;14/11/2025;sexta-feira;07:45:00;MG;40;524;CONTAGEM;Ausência de reação do condutor;Colisão traseira;Com Vítimas Feridas;Pleno dia;Crescente;Céu Claro;Dupla;Reta;Não;2;0;1;0;1;0;1;2;-19,881758;-44,050478;SPRF-MG;DEL01-MG;UOP02-DEL01-MG
731705;14/11/2025;sexta-feira;08:15:00;PR;277;79;CURITIBA;Ausência de reação do condutor;Colisão traseira;Sem Vítimas;Pleno dia;Decrescente;Nublado;Dupla;Curva;Sim;3;0;0;0;3;0;0;2;-25,47646201;-49,20639038;SPRF-PR;DEL01-PR;UOP07-DEL01-PR
731707;14/11/2025;sexta-feira;08:10:00;PI;343;2,4;TERESINA;Velocidade Incompatível;Tombamento;Com Vítimas Feridas;Pleno dia;Crescente;Céu Claro;Dupla;Reta;Sim;2;0;1;0;1;0;1;2;-5,08160521;-42,77145892;SPRF-PI;DEL01-PI;UOP01-DEL01-PI
731708;14/11/2025;sexta-feira;07:30:00;RJ;116;137;MAGE;Reação tardia ou ineficiente do condutor;Colisão lateral mesmo sentido;Com Vítimas Feridas;Pleno dia;Decrescente;Céu Claro;Dupla;"Reta;Retorno Regulamentado";Sim;2;0;1;0;1;0;1;2;-22,64820635;-43,18313013;SPRF-RJ;DEL04-RJ;UOP02-DEL04-RJ
731709;18/10/2025;sábado;15:50:00;PR;116;114,2;CURITIBA;Participar de racha;Colisão lateral mesmo sentido;Com Vítimas Feridas;Anoitecer;Decrescente;Nublado;Dupla;"Aclive;Reta";Não;4;0;1;0;0;3;1;4;-25,546203;-49,294642;SPRF-PR;DEL01-PR;UOP03-DEL01-PR
731710;14/11/2025;sexta-feira;08:10:00;MG;50;42;ARAGUARI;Condutor deixou de manter distância do veículo da frente;Colisão traseira;Com Vítimas Feridas;Pleno dia;Crescente;Céu Claro;Dupla;Reta;Não;2;0;1;0;1;0;1;2;-18,69043979;-48,17998409;SPRF-MG;DEL15-MG;UOP02-DEL15-MG
731712;14/11/2025;sexta-feira;09:02:00;RN;101;102;PARNAMIRIM;Manobra de mudança de faixa;Colisão lateral mesmo sentido;Com Vítimas Feridas;Pleno dia;Crescente;Céu Claro;Dupla;"Interseção de Vias;Reta";Sim;2;0;1;0;1;0;1;2;-5,88809362;-35,23916094;SPRF-RN;DEL01-RN;UOP01-DEL01-RN
731713;14/11/2025;sexta-feira;09:35:00;MG;116;651,1;FERVEDOURO;Acessar a via sem observar a presença dos outros veículos;Colisão transversal;Com Vítimas Feridas;Pleno dia;Crescente;Sol;Simples;"Reta;Interseção de Vias";Sim;2;0;1;0;1;0;1;2;-20,730967;-42,283125;SPRF-MG;DEL07-MG;UOP02-DEL07-MG
731714;29/07/2025;terça-feira;17:45:00;SC;280;52;GUARAMIRIM;Acessar a via sem observar a presença dos outros veículos;Colisão transversal;Com Vítimas Feridas;Plena Noite;Crescente;Céu Claro;Dupla;Retorno Regulamentado;Sim;3;0;1;0;2;0;1;3;-26,46826802;-48,96314621;SPRF-SC;DEL03-SC;UOP03-DEL03-SC
731715;14/11/2025;sexta-feira;10:05:00;MG;116;415;GOVERNADOR VALADARES;Acessar a via sem observar a presença dos outros veículos;Colisão transversal;Com Vítimas Feridas;Pleno dia;Decrescente;Céu Claro;Múltipla;Reta;Sim;2;0;1;0;1;0;1;2;-18,890675;-41,946622;SPRF-MG;DEL06-MG;UOP01-DEL06-MG
731716;14/11/2025;sexta-feira;09:50:00;AP;210;3;MACAPA;Acessar a via sem observar a presença dos outros veículos;Colisão lateral mesmo sentido;Sem Vítimas;Pleno dia;Decrescente;Céu Claro;Dupla;Reta;Sim;3;0;0;0;3;0;0;3;0,088401;-51,097379;SPRF-AP;DEL01-AP;UOP01-DEL01-AP
731717;14/11/2025;sexta-feira;08:00:00;MG;50;72;UBERLANDIA;Reação tardia ou ineficiente do condutor;Colisão traseira;Com Vítimas Feridas;Pleno dia;Crescente;Céu Claro;Dupla;Reta;Sim;3;0;1;1;1;0;2;2;-18,89934374;-48,24142814;SPRF-MG;DEL15-MG;UOP01-DEL15-MG
731718;14/11/2025;sexta-feira;08:15:00;RJ;101;477;ANGRA DOS REIS;Reação tardia ou ineficiente do condutor;Colisão traseira;Com Vítimas Feridas;Pleno dia;Crescente;Nublado;Simples;Reta;Sim;2;0;1;0;1;0;1;2;-23,0013403;-44,27016165;SPRF-RJ;DEL03-RJ;UOP03-DEL03-RJ
731719;14/11/2025;sexta-feira;09:50:00;RS;470;274;SAO JOSE DO SUL;Acessar a via sem observar a presença dos outros veículos;Colisão transversal;Com Vítimas Feridas;Pleno dia;Crescente;Céu Claro;Simples;Reta;Não;2;0;0;1;1;0;1;2;-29,5605114;-51,4803533;SPRF-RS;DEL06-RS;UOP01-DEL06-RS
731724;14/11/2025;sexta-feira;07:20:00;RJ;40;123;DUQUE DE CAXIAS;Reação tardia ou ineficiente do condutor;Colisão traseira;Sem Vítimas;Pleno dia;Crescente;Céu Claro;Múltipla;Reta;Sim;3;0;0;0;2;1;0;2;-22,79603465;-43,28841818;SPRF-RJ;DEL01-RJ;UOP02-DEL01-RJ
731725;14/11/2025;sexta-feira;10:20:00;PA;163;986;SANTAREM;Condutor deixou de manter distância do veículo da frente;Colisão traseira;Com Vítimas Feridas;Pleno dia;Decrescente;Céu Claro;Simples;Reta;Sim;3;0;2;0;1;0;2;2;-2,58829749;-54,72015817;SPRF-PA;DEL05-PA;UOP01-DEL05-PA
731726;14/11/2025;sexta-feira;10:03:00;SP;116;166,2;JACAREI;Entrada inopinada do pedestre;Atropelamento de Pedestre;Com Vítimas Feridas;Pleno dia;Decrescente;Sol;Dupla;Curva;Não;2;0;0;1;1;0;1;2;-23,30022306;-46,01533983;SPRF-SP;DEL02-SP;UOP01-DEL02-SP
731728;14/11/2025;sexta-feira;11:00:00;PE;101;51;PAULISTA;Reação tardia ou ineficiente do condutor;Tombamento;Com Vítimas Feridas;Pleno dia;Decrescente;Céu Claro;Dupla;Curva;Sim;1;0;1;0;0;0;1;1;-7,920523;-34,892751;SPRF-PE;DEL01-PE;UOP02-DEL01-PE
731730;14/11/2025;sexta-feira;11:30:00;SP;381;88;GUARULHOS;Velocidade Incompatível;Tombamento;Com Vítimas Feridas;Pleno dia;Decrescente;Nublado;Múltipla;Interseção de Vias;Sim;1;0;1;0;0;0;1;1;-23,4828724;-46,5598309;SPRF-SP;DEL03-SP;UOP01-DEL03-SP
731731;14/11/2025;sexta-feira;10:30:00;MG;356;278,6;EUGENOPOLIS;Velocidade Incompatível;Saída de leito carroçável;Com Vítimas Feridas;Pleno dia;Decrescente;Céu Claro;Simples;"Curva;Declive";Não;1;0;1;0;0;0;1;1;-21,125762;-42,25562;SPRF-MG;DEL07-MG;UOP02-DEL07-MG