id;data_inversa;dia_semana;horario;uf;br;km;municipio;causa_acidente;tipo_acidente;classificacao_acidente;fase_dia;sentido_via;condicao_metereologica;tipo_pista;tracado_via;uso_solo;pessoas;mortos;feridos_leves;feridos_graves;ilesos;ignorados;feridos;veiculos;latitude;longitude;regional;delegacia;uop
731852;14/11/2025;sexta-feira;17:20:00;GO;414;439;ANAPOLIS;Acessar a via sem observar a presença dos outros veículos;Colisão transversal;Com Vítimas Feridas;Pleno dia;Crescente;Céu Claro;Simples;Reta;Sim;2;0;1;0;1;0;1;2;-16,280622;-48,942411;SPRF-GO;DEL02-GO;UOP01-DEL02-GO
731854;14/11/2025;sexta-feira;18:15:00;MG;459;75,1;SENADOR JOSE BENTO;Acumulo de água sobre o pavimento;Colisão com objeto;Sem Vítimas;Plena Noite;Crescente;Chuva;Simples;Curva;Não;1;0;0;0;1;0;0;1;-22,135137;-46,147956;SPRF-MG;DEL09-MG;UOP01-DEL09-MG
731855;14/11/2025;sexta-feira;17:40:00;SC;280;128,2;RIO NEGRINHO;Trafegar com motocicleta (ou similar) entre as faixas;Colisão transversal;Com Vítimas Feridas;Pleno dia;Decrescente;Céu Claro;Simples;Reta;Sim;2;0;1;0;1;0;1;2;-26,243987;-49,515391;SPRF-SC;DEL06-SC;UOP03-DEL06-SC
731856;14/11/2025;sexta-feira;18:30:00;BA;324;617;SALVADOR;Ausência de reação do condutor;Colisão transversal;Com Vítimas Feridas;Plena Noite;Crescente;Céu Claro;Dupla;Reta;Sim;2;0;1;0;0;1;1;2;-12,890347;-38,444245;SPRF-BA;DEL01-BA;UOP01-DEL01-BA
731857;14/11/2025;sexta-feira;18:00:00;PE;408;55;NAZARE DA MATA;Acessar a via sem observar a presença dos outros veículos;Colisão lateral mesmo sentido;Sem Vítimas;Plena Noite;Crescente;Céu Claro;Simples;Interseção de Vias;Não;2;0;0;0;2;0;0;2;-7,77897;-35,23883;SPRF-PE;DEL01-PE;UOP01-DEL01-PE
731858;14/11/2025;sexta-feira;17:30:00;MG;381;208,2;NAQUE;Demais falhas mecânicas ou elétricas;Incêndio;Sem Vítimas;Anoitecer;Crescente;Céu Claro;Simples;"Curva;Declive";Sim;1;0;0;0;1;0;0;1;-19,22982;-42,326693;SPRF-MG;DEL06-MG;UOP01-DEL06-MG
731860;30/04/2025;quarta-feira;17:00:00;RJ;116;171;RIO DE JANEIRO;Demais falhas mecânicas ou elétricas;Colisão traseira;Com Vítimas Feridas;Pleno dia;Crescente;Céu Claro;Múltipla;"Reta;Interseção de Vias";Sim;4;0;1;0;3;0;1;2;-22,8064663;-43,3421527;SPRF-RJ;DEL06-RJ;UOP01-DEL06-RJ
731861;14/11/2025;sexta-feira;19:00:00;DF;40;0;BRASILIA;Condutor deixou de manter distância do veículo da frente;Colisão traseira;Com Vítimas Feridas;Plena Noite;Crescente;Céu Claro;Dupla;Reta;Sim;3;0;1;0;2;0;1;2;-15,97975;-47,989408;SPRF-DF;DEL01-DF;UOP01-DEL01-DF
731864;14/11/2025;sexta-feira;19:24:00;PR;277;722;FOZ DO IGUACU;Acessar a via sem observar a presença dos outros veículos;Colisão traseira;Com Vítimas Feridas;Plena Noite;Crescente;Céu Claro;Dupla;Reta;Sim;3;0;0;1;2;0;1;2;-25,490429;-54,510369;SPRF-PR;DEL05-PR;UOP03-DEL05-PR
731865;14/11/2025;sexta-feira;18:07:00;AL;101;172;TEOTONIO VILELA;Avarias e/ou desgaste excessivo no pneu;Capotamento;Com Vítimas Feridas;Plena Noite;Crescente;Céu Claro;Dupla;Curva;Não;3;0;1;0;2;0;1;1;-9,90990991;-36,32577988;SPRF-AL;DEL02-AL;UOP02-DEL02-AL
731866;14/11/2025;sexta-feira;19:10:00;ES;259;66;COLATINA;Reação tardia ou ineficiente do condutor;Saída de leito carroçável;Com Vítimas Feridas;Plena Noite;Crescente;Nublado;Simples;Reta;Não;1;0;0;1;0;0;1;1;-19,51146;-40,73418;SPRF-ES;DEL02-ES;UOP01-DEL02-ES
731867;14/11/2025;sexta-feira;19:35:00;PR;376;155,9;MANDAGUACU;Ingestão de álcool pelo condutor;Colisão traseira;Sem Vítimas;Plena Noite;Crescente;Chuva;Dupla;Curva;Sim;5;0;0;0;5;0;0;2;-23,338217;-52,100282;SPRF-PR;DEL09-PR;UOP02-DEL09-PR
731868;14/11/2025;sexta-feira;19:05:00;PR;376;177,4;MARINGA;Manobra de mudança de faixa;Colisão lateral mesmo sentido;Com Vítimas Feridas;Anoitecer;Crescente;Nublado;Dupla;Reta;Sim;2;0;0;1;1;0;1;2;-23,41438;-51,92716;SPRF-PR;DEL09-PR;UOP01-DEL09-PR
731869;14/11/2025;sexta-feira;17:50:00;RJ;465;14;SEROPEDICA;Ausência de reação do condutor;Tombamento;Com Vítimas Feridas;Anoitecer;Decrescente;Nublado;Simples;Reta;Sim;1;0;0;1;0;0;1;1;-22,802823;-43,642066;SPRF-RJ;DEL06-RJ;UOP02-DEL06-RJ
731870;14/11/2025;sexta-feira;20:00:00;PR;369;148;LONDRINA;Manobra de mudança de faixa;Colisão transversal;Com Vítimas Feridas;Plena Noite;Decrescente;Céu Claro;Dupla;Reta;Sim;3;0;1;0;2;0;1;2;-23,29309456;-51,14448702;SPRF-PR;DEL07-PR;UOP01-DEL07-PR
731871;14/11/2025;sexta-feira;19:40:00;GO;153;506,4;APARECIDA DE GOIANIA;Ausência de reação do condutor;Tombamento;Com Vítimas Feridas;Plena Noite;Crescente;Céu Claro;Simples;"Reta;Declive";Sim;1;0;0;1;0;0;1;1;-16,756368;-49,24112;SPRF-GO;DEL01-GO;UOP01-DEL01-GO
731872;14/11/2025;sexta-feira;19:30:00;RJ;40;113;DUQUE DE CAXIAS;Pista Escorregadia;Queda de ocupante de veículo;Com Vítimas Feridas;Plena Noite;Crescente;Céu Claro;Dupla;Retorno Regulamentado;Sim;1;0;1;0;0;0;1;1;-22,7182068;-43,2903964;SPRF-RJ;DEL01-RJ;UOP02-DEL01-RJ
731873;14/11/2025;sexta-feira;19:50:00;SC;470;31,8;GASPAR;Ausência de reação do condutor;Tombamento;Com Vítimas Feridas;Plena Noite;Decrescente;Céu Claro;Dupla;Reta;Sim;2;0;2;0;0;0;2;1;-26,901052;-48,930519;SPRF-SC;DEL04-SC;UOP01-DEL04-SC
731875;14/11/2025;sexta-feira;20:30:00;RS;386;34,6;FREDERICO WESTPHALEN;Desrespeitar a preferência no cruzamento;Colisão frontal;Com Vítimas Feridas;Plena Noite;Decrescente;Céu Claro;Simples;"Reta;Interseção de Vias";Sim;2;0;1;1;0;0;2;2;-27,36447319;-53,39381067;SPRF-RS;DEL08-RS;UOP02-DEL08-RS
731877;14/11/2025;sexta-feira;17:40:00;MG;50;47;ARAGUARI;Condutor usando celular;Saída de leito carroçável;Sem Vítimas;Pleno dia;Decrescente;Céu Claro;Dupla;"Aclive;Curva";Não;1;0;0;0;1;0;0;1;-18,73307852;-48,21006775;SPRF-MG;DEL15-MG;UOP02-DEL15-MG
731878;14/11/2025;sexta-feira;20:20:00;ES;262;159,6;IBATIBA;Acessar a via sem observar a presença dos outros veículos;Colisão transversal;Sem Vítimas;Plena Noite;Decrescente;Nublado;Simples;"Reta;Interseção de Vias";Sim;2;0;0;0;2;0;0;2;-20,237623;-41,513023;SPRF-ES;DEL01-ES;UOP02-DEL01-ES
731879;14/11/2025;sexta-feira;19:22:00;MT;174;4;PONTES E LACERDA;Ingestão de álcool pelo condutor;Queda de ocupante de veículo;Com Vítimas Feridas;Plena Noite;Decrescente;Céu Claro;Simples;Reta;Sim;1;0;1;0;0;0;1;1;-15,236523;-59,340881;SPRF-MT;DEL03-MT;UOP01-DEL03-MT
731880;14/11/2025;sexta-feira;21:00:00;RS;116;265;CANOAS;Transitar no Acostamento;Colisão traseira;Com Vítimas Feridas;Plena Noite;Decrescente;Céu Claro;Dupla;Reta;Sim;4;0;3;0;0;1;3;4;-29,92978048;-51,17752456;SPRF-RS;DEL01-RS;UOP01-DEL01-RS
731881;14/11/2025;sexta-feira;21:05:00;PR;116;130;FAZENDA RIO GRANDE;Velocidade Incompatível;Colisão com objeto;Sem Vítimas;Plena Noite;Decrescente;Ignorado;Dupla;Reta;Não;1;0;0;0;0;1;0;1;-25,674187;-49,315468;SPRF-PR;DEL01-PR;UOP03-DEL01-PR
731882;14/11/2025;sexta-feira;18:00:00;PR;373;406;CANDOI;Ausência de reação do condutor;Saída de leito carroçável;Com Vítimas Feridas;Pleno dia;Crescente;Nublado;Simples;Reta;Não;2;0;1;1;0;0;2;1;-25,613029;-52,057873;SPRF-PR;DEL08-PR;UOP01-DEL08-PR
731883;14/11/2025;sexta-feira;16:00:00;PR;373;382;CANDOI;Ausência de reação do condutor;Saída de leito carroçável;Com Vítimas Feridas;Pleno dia;Decrescente;Ignorado;Simples;"Declive;Curva";Não;1;0;0;1;0;0;1;1;-25,4605;-51,9586;SPRF-PR;DEL04-PR;UOP02-DEL04-PR
731884;14/11/2025;sexta-feira;20:30:00;RJ;465;15;SEROPEDICA;Pedestre andava na pista;Atropelamento de Pedestre;Com Vítimas Feridas;Plena Noite;Decrescente;Céu Claro;Simples;Reta;Sim;2;0;1;0;0;1;1;2;-22,810979;-43,631798;SPRF-RJ;DEL06-RJ;UOP02-DEL06-RJ
731885;14/11/2025;sexta-feira;18:30:00;MA;222;366,5;SANTA INES;Acessar a via sem observar a presença dos outros veículos;Colisão transversal;Com Vítimas Fatais;Plena Noite;Crescente;Céu Claro;Simples;Reta;Sim;2;1;0;1;0;0;1;2;-3,70118907;-45,41095734;SPRF-MA;DEL02-MA;UOP01-DEL02-MA
731888;14/11/2025;sexta-feira;19:30:00;RJ;493;0;ITABORAI;Ausência de reação do condutor;Colisão traseira;Com Vítimas Feridas;Plena Noite;Crescente;Nublado;Simples;Curva;Sim;2;0;1;0;1;0;1;2;-22,76641481;-42,92297537;SPRF-RJ;DEL02-RJ;UOP02-DEL02-RJ
731891;14/11/2025;sexta-feira;21:10:00;RS;470;218;BENTO GONCALVES;Animais na Pista;Atropelamento de Animal;Sem Vítimas;Plena Noite;Crescente;Nublado;Simples;"Declive;Curva";Sim;2;0;0;0;1;1;0;2;-29,17914278;-51,51862621;SPRF-RS;DEL06-RS;UOP01-DEL06-RS
731892;14/11/2025;sexta-feira;18:30:00;RJ;101;299;SAO GONCALO;Reação tardia ou ineficiente do condutor;Colisão lateral mesmo sentido;Com Vítimas Feridas;Plena Noite;Decrescente;Céu Claro;Dupla;Reta;Sim;3;0;2;0;1;0;2;2;-22,77702234;-42,95345306;SPRF-RJ;DEL02-RJ;UOP02-DEL02-RJ
731893;14/11/2025;sexta-feira;21:00:00;AL;104;90,1;RIO LARGO;Deficiência do Sistema de Iluminação/Sinalização;Colisão lateral mesmo sentido;Com Vítimas Feridas;Plena Noite;Decrescente;Céu Claro;Dupla;Reta;Não;2;0;1;0;1;0;1;2;-9,497433;-35,812433;SPRF-AL;DEL01-AL;UOP01-DEL01-AL
731897;14/11/2025;sexta-feira;18:10:00;RJ;393;282;VOLTA REDONDA;Entrada inopinada do pedestre;Atropelamento de Pedestre;Com Vítimas Feridas;Anoitecer;Decrescente;Chuva;Simples;Reta;Não;2;0;2;0;0;0;2;2;-22,48424394;-44,06330126;SPRF-RJ;DEL05-RJ;UOP04-DEL05-RJ
731898;14/11/2025;sexta-feira;21:05:00;MG;381;532,1;ITATIAIUCU;Velocidade Incompatível;Saída de leito carroçável;Sem Vítimas;Plena Noite;Crescente;Chuva;Dupla;Curva;Não;2;0;0;0;2;0;0;1;-20,164495;-44,367375;SPRF-MG;DEL04-MG;UOP03-DEL04-MG
731899;14/11/2025;sexta-feira;17:10:00;RJ;493;19;MAGE;Acessar a via sem observar a presença dos outros veículos;Colisão lateral mesmo sentido;Com Vítimas Feridas;Pleno dia;Crescente;Nublado;Simples;"Reta;Em Obras";Sim;2;0;0;1;1;0;1;2;-22,66453;-43,0310338;SPRF-RJ;DEL04-RJ;UOP02-DEL04-RJ
731900;14/11/2025;sexta-feira;21:00:00;MG;116;580;MANHUACU;Ausência de reação do condutor;Colisão traseira;Sem Vítimas;Plena Noite;Decrescente;Céu Claro;Simples;Reta;Sim;2;0;0;0;1;1;0;2;-20,1933983;-42,18335152;SPRF-MG;DEL06-MG;UOP03-DEL06-MG
731901;14/11/2025;sexta-feira;21:00:00;RN;226;173,2;CURRAIS NOVOS;Ausência de reação do condutor;Colisão traseira;Sem Vítimas;Plena Noite;Crescente;Céu Claro;Simples;Reta;Sim;2;0;0;0;2;0;0;2;-6,257078;-36,494063;SPRF-RN;DEL03-RN;UOP02-DEL03-RN
731903;14/11/2025;sexta-feira;22:40:00;SC;470;29;GASPAR;Ausência de reação do condutor;Saída de leito carroçável;Com Vítimas Feridas;Plena Noite;Decrescente;Nublado;Dupla;Reta;Não;4;0;2;0;2;0;2;1;-26,89347119;-48,91121149;SPRF-SC;DEL04-SC;UOP01-DEL04-SC
731905;14/11/2025;sexta-feira;22:56:00;RN;101;84;NATAL;Acessar a via sem observar a presença dos outros veículos;Colisão traseira;Sem Vítimas;Plena Noite;Decrescente;Céu Claro;Simples;Reta;Não;2;0;0;0;1;1;0;2;-5,775087;-35,254853;SPRF-RN;DEL02-RN;UOP01-DEL02-RN
731906;14/11/2025;sexta-feira;22:00:00;DF;20;5;BRASILIA;Acessar a via sem observar a presença dos outros veículos;Colisão traseira;Com Vítimas Feridas;Plena Noite;Crescente;Céu Claro;Dupla;"Reta;Aclive;Retorno Regulamentado";Sim;2;0;1;0;1;0;1;2;-15,66324894;-47,80208409;SPRF-DF;DEL02-DF;UOP01-DEL02-DF
731907;14/11/2025;sexta-feira;12:40:00;RO;364;345;JI-PARANA;Conversão proibida;Colisão transversal;Com Vítimas Feridas;Pleno dia;Decrescente;Céu Claro;Múltipla;"Reta;Interseção de Vias";Sim;2;0;1;0;1;0;1;2;-10,867668;-61,966252;SPRF-RO;DEL02-RO;UOP01-DEL02-RO
731908;14/11/2025;sexta-feira;21:40:00;BA;110;394;SAO SEBASTIAO DO PASSE;Reação tardia ou ineficiente do condutor;Colisão transversal;Com Vítimas Feridas;Plena Noite;Crescente;Céu Claro;Dupla;Reta;Sim;2;0;1;0;1;0;1;2;-12,510495;-38,49642;SPRF-BA;DEL01-BA;UOP01-DEL01-BA
731910;14/11/2025;sexta-feira;20:00:00;BA;116;334;TEOFILANDIA;Reação tardia ou ineficiente do condutor;Atropelamento de Pedestre;Com Vítimas Feridas;Plena Noite;Decrescente;Céu Claro;Simples;"Aclive;Reta";Não;2;0;0;1;0;1;1;2;-11,440401;-38,979616;SPRF-BA;DEL02-BA;UOP01-DEL02-BA
731912;14/11/2025;sexta-feira;23:30:00;RS;158;85,7;BOA VISTA DAS MISSOES;Reação tardia ou ineficiente do condutor;Saída de leito carroçável;Com Vítimas Feridas;Plena Noite;Crescente;Céu Claro;Simples;Reta;Não;1;0;1;0;0;0;1;1;-27,76200631;-53,32005948;SPRF-RS;DEL08-RS;UOP02-DEL08-RS
731914;15/11/2025;sábado;00:20:00;ES;101;260,8;SERRA;Acesso irregular;Tombamento;Com Vítimas Feridas;Plena Noite;Crescente;Céu Claro;Dupla;Curva;Sim;2;0;1;0;0;1;1;1;-20,14740833;-40,28014833;SPRF-ES;DEL02-ES;UOP01-DEL02-ES
731915;14/11/2025;sexta-feira;21:50:00;PR;277;177,3;PALMEIRA;Ausência de reação do condutor;Colisão frontal;Com Vítimas Feridas;Plena Noite;Crescente;Nublado;Dupla;Reta;Sim;3;0;2;1;0;0;3;2;-25,4238331;-49,99480812;SPRF-PR;DEL08-PR;UOP02-DEL08-PR
731916;15/11/2025;sábado;00:00:00;RJ;101;404;ITAGUAI;Acostamento em desnível;Queda de ocupante de veículo;Com Vítimas Feridas;Plena Noite;Crescente;Céu Claro;Dupla;Reta;Não;1;0;1;0;0;0;1;1;-22,86023889;-43,79152302;SPRF-RJ;DEL03-RJ;UOP01-DEL03-RJ
731918;15/11/2025;sábado;01:10:00;MG;381;437;SANTA LUZIA;Ausência de reação do condutor;Atropelamento de Animal;Com Vítimas Feridas;Plena Noite;Decrescente;Chuva;Simples;"Reta;Declive";Não;1;0;0;1;0;0;1;1;-19,81208412;-43,7968816;SPRF-MG;DEL01-MG;UOP01-DEL01-MG
731919;15/11/2025;sábado;01:00:00;SP;116;447;REGISTRO;Velocidade Incompatível;Queda de ocupante de veículo;Com Vítimas Feridas;Plena Noite;Crescente;Ignorado;Dupla;Reta;Sim;1;0;1;0;0;0;1;1;-24,52493958;-47,85509275;SPRF-SP;DEL05-SP;UOP01-DEL05-SP
731920;15/11/2025;sábado;00:00:00;SC;101;349,8;JAGUARUNA;Condutor Dormindo;Colisão traseira;Com Vítimas Feridas;Plena Noite;Decrescente;Céu Claro;Dupla;"Reta;Aclive";Não;3;0;1;0;2;0;1;2;-28,59542905;-49,0471255;SPRF-SC;DEL02-SC;UOP01-DEL02-SC
731922;15/11/2025;sábado;00:20:00;PR;277;2;CURITIBA;Reação tardia ou ineficiente do condutor;Capotamento;Com Vítimas Feridas;Plena Noite;Decrescente;Céu Claro;Dupla;Reta;Sim;2;0;0;2;0;0;2;1;-25,43027;-49,342654;SPRF-PR;DEL01-PR;UOP06-DEL01-PR
731923;15/11/2025;sábado;01:10:00;GO;153;438;ANAPOLIS;Reação tardia ou ineficiente do condutor;Colisão com objeto;Com Vítimas Feridas;Plena Noite;Decrescente;Céu Claro;Dupla;Desvio Temporário;Sim;1;0;1;0;0;0;1;1;-16,304504;-48,924435;SPRF-GO;DEL02-GO;UOP01-DEL02-GO
731924;15/11/2025;sábado;00:30:00;AL;104;63;MURICI;Velocidade Incompatível;Capotamento;Com Vítimas Feridas;Plena Noite;Decrescente;Céu Claro;Simples;Curva;Não;2;0;2;0;0;0;2;1;-9,331;-35,915;SPRF-AL;DEL01-AL;UOP02-DEL01-AL
731925;15/11/2025;sábado;01:20:00;PE;101;68;RECIFE;Ausência de reação do condutor;Colisão com objeto;Sem Vítimas;Plena Noite;Crescente;Céu Claro;Dupla;Reta;Sim;1;0;0;0;0;1;0;1;-8,04277;-34,94338;SPRF-PE;DEL01-PE;UOP01-DEL01-PE
731926;14/11/2025;sexta-feira;22:15:00;MG;262;723;PERDIZES;Deficiência do Sistema de Iluminação/Sinalização;Colisão traseira;Com Vítimas Feridas;Plena Noite;Decrescente;Céu Claro;Simples;Reta;Não;9;0;2;1;6;0;3;3;-19,61627;-47,35938;SPRF-MG;DEL08-MG;UOP01-DEL08-MG
731927;15/11/2025;sábado;01:10:00;PR;116;107;SAO JOSE DOS PINHAIS;Ausência de reação do condutor;Tombamento;Com Vítimas Feridas;Plena Noite;Decrescente;Nublado;Dupla;Reta;Sim;1;0;1;0;0;0;1;1;-25,56962057;-49,22332048;SPRF-PR;DEL01-PR;UOP03-DEL01-PR
731928;15/11/2025;sábado;01:30:00;SC;470;44,8;GASPAR;Ausência de reação do condutor;Saída de leito carroçável;Com Vítimas Feridas;Plena Noite;Crescente;Nublado;Dupla;Reta;Sim;1;0;1;0;0;0;1;1;-26,8664131;-49,0316895;SPRF-SC;DEL04-SC;UOP01-DEL04-SC
731931;15/11/2025;sábado;02:00:00;SC;280;55;GUARAMIRIM;Transitar na contramão;Colisão frontal;Com Vítimas Feridas;Plena Noite;Decrescente;Céu Claro;Dupla;Reta;Sim;2;0;1;0;0;1;1;2;-26,476627;-48,995315;SPRF-SC;DEL03-SC;UOP03-DEL03-SC
731932;15/11/2025;sábado;03:00:00;MG;381;488,9;BETIM;Ausência de reação do condutor;Colisão traseira;Com Vítimas Feridas;Plena Noite;Crescente;Garoa/Chuvisco;Múltipla;Reta;Sim;2;0;1;0;1;0;1;2;-19,95641161;-44,13488674;SPRF-MG;DEL01-MG;UOP03-DEL01-MG
731933;15/11/2025;sábado;02:30:00;SP;153;72;SAO JOSE DO RIO PRETO;Ausência de reação do condutor;Colisão lateral mesmo sentido;Sem Vítimas;Plena Noite;Decrescente;Nublado;Dupla;Reta;Sim;2;0;0;0;2;0;0;2;-20,87115743;-49,41491989;SPRF-SP;DEL09-SP;UOP01-DEL09-SP
731934;15/11/2025;sábado;01:40:00;RJ;356;132;CAMPOS DOS GOYTACAZES;Ausência de reação do condutor;Colisão com objeto;Com Vítimas Feridas;Plena Noite;Decrescente;Nublado;Simples;Reta;Não;1;0;1;0;0;0;1;1;-21,71325754;-41,35940552;SPRF-RJ;DEL08-RJ;UOP01-DEL08-RJ
731935;15/11/2025;sábado;02:45:00;PB;230;92,7;GURINHEM;Ausência de reação do condutor;Tombamento;Com Vítimas Feridas;Plena Noite;Decrescente;Céu Claro;Dupla;Reta;Não;1;0;1;0;0;0;1;1;-7,17841908;-35,42001693;SPRF-PB;DEL01-PB;UOP02-DEL01-PB
731936;15/11/2025;sábado;02:45:00;PA;10;226;IPIXUNA DO PARA;Reação tardia ou ineficiente do condutor;Saída de leito carroçável;Com Vítimas Feridas;Plena Noite;Crescente;Céu Claro;Simples;Reta;Não;2;0;1;0;0;1;1;1;-2,445127;-47,509298;SPRF-PA;DEL02-PA;UOP01-DEL02-PA
731937;15/11/2025;sábado;03:30:00;CE;116;506,2;BREJO SANTO;Manobra de mudança de faixa;Colisão frontal;Com Vítimas Fatais;Plena Noite;Decrescente;Céu Claro;Simples;Reta;Sim;6;1;0;0;5;0;0;2;-7,52372;-38,99564;SPRF-CE;DEL05-CE;UOP03-DEL05-CE
731938;15/11/2025;sábado;02:23:00;MT;163;990,9;TERRA NOVA DO NORTE;Reação tardia ou ineficiente do condutor;Saída de leito carroçável;Com Vítimas Feridas;Plena Noite;Crescente;Céu Claro;Simples;Reta;Não;1;0;0;1;0;0;1;1;-10,5761;-55,092;SPRF-MT;DEL06-MT;UOP03-DEL06-MT
731943;15/11/2025;sábado;03:15:00;MG;381;526;BRUMADINHO;Ausência de reação do condutor;Colisão com objeto;Sem Vítimas;Plena Noite;Crescente;Chuva;Dupla;"Curva;Declive";Não;1;0;0;0;1;0;0;1;-20,15353;-44,326427;SPRF-MG;DEL04-MG;UOP03-DEL04-MG
731947;15/11/2025;sábado;05:20:00;DF;80;20,8;BRASILIA;Objeto estático sobre o leito carroçável;Colisão com objeto;Com Vítimas Feridas;Pleno dia;Crescente;Céu Claro;Dupla;Reta;Sim;1;0;1;0;0;0;1;1;-15,673067;-48,204483;SPRF-DF;DEL03-DF;UOP02-DEL03-DF
731948;15/11/2025;sábado;05:00:00;SC;101;199;SAO JOSE;Ingestão de álcool pelo condutor;Saída de leito carroçável;Com Vítimas Feridas;Amanhecer;Crescente;Nublado;Múltipla;Reta;Não;2;0;2;0;0;0;2;1;-27,537;-48,627;SPRF-SC;DEL01-SC;UOP01-DEL01-SC
731949;15/11/2025;sábado;05:00:00;PR;153;17;JACAREZINHO;Animais na Pista;Atropelamento de Animal;Com Vítimas Feridas;Amanhecer;Decrescente;Nublado;Simples;"Declive;Reta";Não;1;0;0;1;0;0;1;1;-23,14080302;-49,94732078;SPRF-PR;DEL07-PR;UOP04-DEL07-PR
731950;15/11/2025;sábado;05:00:00;MS;163;181,3;JUTI;Transitar na contramão;Colisão frontal;Com Vítimas Feridas;Amanhecer;Crescente;Garoa/Chuvisco;Simples;Reta;Não;6;0;1;5;0;0;6;2;-22,82653;-54,68883;SPRF-MS;DEL09-MS;UOP01-DEL09-MS
731952;15/11/2025;sábado;06:00:00;MG;381;6,7;BETIM;Velocidade Incompatível;Saída de leito carroçável;Com Vítimas Feridas;Amanhecer;Crescente;Céu Claro;Simples;"Declive;Curva";Não;1;0;1;0;0;0;1;1;-19,987918;-44,200834;SPRF-MG;DEL01-MG;UOP03-DEL01-MG
731953;15/11/2025;sábado;05:35:00;RS;101;22;TRES CACHOEIRAS;Condutor Dormindo;Saída de leito carroçável;Com Vítimas Feridas;Amanhecer;Decrescente;Céu Claro;Dupla;"Reta;Rotatória";Sim;2;0;0;2;0;0;2;1;-29,44163549;-49,90341425;SPRF-RS;DEL03-RS;UOP02-DEL03-RS
731954;15/11/2025;sábado;05:50:00;SE;101;95;SAO CRISTOVAO;Reação tardia ou ineficiente do condutor;Colisão lateral mesmo sentido;Com Vítimas Feridas;Pleno dia;Decrescente;Céu Claro;Dupla;Reta;Não;3;0;1;1;0;1;2;2;-10,91729389;-37,16653045;SPRF-SE;DEL02-SE;UOP01-DEL02-SE
731956;14/11/2025;sexta-feira;23:35:00;PR;376;485,6;PONTA GROSSA;Entrada inopinada do pedestre;Atropelamento de Pedestre;Com Vítimas Feridas;Plena Noite;Decrescente;Nublado;Dupla;"Aclive;Reta";Não;3;0;0;1;2;0;1;2;-25,108612;-50,190834;SPRF-PR;DEL03-PR;UOP04-DEL03-PR
731957;15/11/2025;sábado;05:20:00;BA;101;916;NOVA VICOSA;Ingestão de álcool pelo condutor;Colisão frontal;Com Vítimas Feridas;Amanhecer;Crescente;Céu Claro;Simples;Reta;Não;4;0;2;0;2;0;2;2;-17,862603;-39,804002;SPRF-BA;DEL09-BA;UOP02-DEL09-BA
731958;15/11/2025;sábado;05:00:00;SC;282;162,5;BOM RETIRO;Ingestão de álcool pelo condutor;Saída de leito carroçável;Sem Vítimas;Amanhecer;Decrescente;Céu Claro;Simples;Reta;Não;1;0;0;0;0;1;0;1;-27,73046677;-49,76605207;SPRF-SC;DEL05-SC;UOP01-DEL05-SC
731959;15/11/2025;sábado;01:45:00;MG;116;578,5;MANHUACU;Ausência de reação do condutor;Saída de leito carroçável;Sem Vítimas;Plena Noite;Decrescente;Céu Claro;Simples;Reta;Não;1;0;0;0;0;1;0;1;-20,181175;-42,186512;SPRF-MG;DEL06-MG;UOP03-DEL06-MG
731961;15/11/2025;sábado;06:50:00;MG;40;505;RIBEIRAO DAS NEVES;Ausência de reação do condutor;Colisão traseira;Com Vítimas Feridas;Pleno dia;Decrescente;Céu Claro;Dupla;"Aclive;Reta";Não;2;0;1;0;0;1;1;2;-19,7517756;-44,1484393;SPRF-MG;DEL02-MG;UOP01-DEL02-MG
731962;15/11/2025;sábado;06:02:00;RJ;101;239;SILVA JARDIM;Avarias e/ou desgaste excessivo no pneu;Queda de ocupante de veículo;Com Vítimas Feridas;Pleno dia;Crescente;Céu Claro;Dupla;Reta;Não;1;0;1;0;0;0;1;1;-22,62827184;-42,43125916;SPRF-RJ;DEL02-RJ;UOP03-DEL02-RJ
731963;15/11/2025;sábado;07:10:00;PR;277;43;MORRETES;Manobra de mudança de faixa;Colisão lateral mesmo sentido;Com Vítimas Feridas;Pleno dia;Decrescente;Céu Claro;Simples;Curva;Não;2;0;1;0;1;0;1;2;-25,479;-48,8317;SPRF-PR;DEL01-PR;UOP05-DEL01-PR
731964;15/11/2025;sábado;06:30:00;PB;101;84,4;BAYEUX;Reação tardia ou ineficiente do condutor;Tombamento;Com Vítimas Feridas;Pleno dia;Crescente;Céu Claro;Dupla;Reta;Não;2;0;2;0;0;0;2;1;-7,14176142;-34,92075818;SPRF-PB;DEL01-PB;UOP01-DEL01-PB
731965;14/11/2025;sexta-feira;18:50:00;PR;277;115;CAMPO LARGO;Transitar no Acostamento;Colisão traseira;Com Vítimas Feridas;Anoitecer;Crescente;Céu Claro;Dupla;Reta;Não;2;0;1;0;1;0;1;2;-25,435418;-49,441292;SPRF-PR;DEL03-PR;UOP03-DEL03-PR
731966;15/11/2025;sábado;06:00:00;GO;80;25;PADRE BERNARDO;Ausência de reação do condutor;Atropelamento de Animal;Com Vítimas Feridas;Pleno dia;Crescente;Céu Claro;Dupla;Reta;Sim;2;0;2;0;0;0;2;1;-15,618107;-48,19893;SPRF-DF;DEL03-DF;UOP02-DEL03-DF
731967;14/11/2025;sexta-feira;19:32:00;MG;365;24,1;MONTES CLAROS;Deficiência do Sistema de Iluminação/Sinalização;Saída de leito carroçável;Com Vítimas Feridas;Plena Noite;Decrescente;Céu Claro;Simples;Reta;Não;1;0;1;0;0;0;1;1;-16,86098;-44,03381;SPRF-MG;DEL12-MG;UOP01-DEL12-MG