id;data_inversa;dia_semana;horario;uf;br;km;municipio;causa_acidente;tipo_acidente;classificacao_acidente;fase_dia;sentido_via;condicao_metereologica;tipo_pista;tracado_via;uso_solo;pessoas;mortos;feridos_leves;feridos_graves;ilesos;ignorados;feridos;veiculos;latitude;longitude;regional;delegacia;uop
731969;15/11/2025;sábado;05:00:00;PR;116;207;RIO NEGRO;Ausência de reação do condutor;Saída de leito carroçável;Sem Vítimas;Pleno dia;Crescente;Céu Claro;Simples;Reta;Sim;2;0;0;0;0;2;0;2;-26,07464;-49,761599;SPRF-SC;DEL06-SC;UOP01-DEL06-SC
731970;15/11/2025;sábado;02:30:00;SP;116;543;BARRA DO TURVO;Reação tardia ou ineficiente do condutor;Queda de ocupante de veículo;Com Vítimas Feridas;Pleno dia;Decrescente;Céu Claro;Simples;"Retorno Regulamentado;Declive;Curva";Não;1;0;1;0;0;0;1;1;-24,96110929;-48,41898716;SPRF-SP;DEL05-SP;UOP02-DEL05-SP
731971;15/11/2025;sábado;06:30:00;MG;40;512;CONTAGEM;Velocidade Incompatível;Colisão lateral mesmo sentido;Com Vítimas Feridas;Pleno dia;Crescente;Céu Claro;Dupla;Reta;Não;3;0;2;0;1;0;2;2;-19,8729108;-44,05487;SPRF-MG;DEL01-MG;UOP02-DEL01-MG
731972;15/11/2025;sábado;06:20:00;AL;104;50;MURICI;Acumulo de água sobre o pavimento;Colisão com objeto;Com Vítimas Feridas;Pleno dia;Decrescente;Chuva;Simples;Reta;Não;4;0;3;1;0;0;4;1;-9,25543784;-35,99021785;SPRF-AL;DEL01-AL;UOP02-DEL01-AL
731974;26/10/2025;domingo;11:20:00;SC;101;352,5;JAGUARUNA;Transitar na contramão;Saída de leito carroçável;Com Vítimas Feridas;Pleno dia;Decrescente;Nublado;Dupla;Reta;Não;6;0;1;3;2;0;4;2;-28,6145693;-49,0655691;SPRF-SC;DEL02-SC;UOP01-DEL02-SC
731975;15/11/2025;sábado;07:30:00;PE;101;71;RECIFE;Acessar a via sem observar a presença dos outros veículos;Tombamento;Com Vítimas Feridas;Pleno dia;Decrescente;Sol;Dupla;Reta;Sim;2;0;0;1;0;1;1;1;-8,07911;-34,94296;SPRF-PE;DEL01-PE;UOP01-DEL01-PE
731976;30/04/2025;quarta-feira;19:40:00;SC;470;12,6;NAVEGANTES;Pedestre andava na pista;Atropelamento de Pedestre;Com Vítimas Fatais;Plena Noite;Crescente;Nublado;Dupla;"Aclive;Reta";Não;2;1;0;0;1;0;0;2;-26,83726;-48,76302;SPRF-SC;DEL04-SC;UOP04-DEL04-SC
731978;09/09/2025;terça-feira;06:45:00;MG;262;360;JUATUBA;Ausência de reação do condutor;Colisão lateral mesmo sentido;Com Vítimas Feridas;Amanhecer;Decrescente;Ignorado;Dupla;Curva;Não;2;0;1;0;0;1;1;2;-19,97373196;-44,30261493;SPRF-MG;DEL01-MG;UOP03-DEL01-MG
731979;15/11/2025;sábado;08:30:00;ES;101;304;VIANA;Ausência de reação do condutor;Colisão traseira;Com Vítimas Feridas;Pleno dia;Crescente;Sol;Dupla;Reta;Sim;2;0;1;0;1;0;1;2;-20,3811397;-40,4567558;SPRF-ES;DEL01-ES;UOP01-DEL01-ES
731981;15/11/2025;sábado;08:40:00;RJ;116;180;NOVA IGUACU;Reação tardia ou ineficiente do condutor;Colisão traseira;Com Vítimas Feridas;Pleno dia;Decrescente;Garoa/Chuvisco;Múltipla;Reta;Não;2;0;1;0;1;0;1;2;-22,7615546;-43,4184976;SPRF-RJ;DEL06-RJ;UOP01-DEL06-RJ
731982;15/11/2025;sábado;09:20:00;ES;101;284;CARIACICA;Ausência de reação do condutor;Queda de ocupante de veículo;Com Vítimas Feridas;Pleno dia;Crescente;Céu Claro;Dupla;Reta;Não;2;0;2;0;0;0;2;1;-20,2483959;-40,3707993;SPRF-ES;DEL01-ES;UOP01-DEL01-ES
731984;15/11/2025;sábado;07:00:00;MT;364;557;NOBRES;Acessar a via sem observar a presença dos outros veículos;Colisão transversal;Com Vítimas Feridas;Pleno dia;Crescente;Nublado;Dupla;"Reta;Interseção de Vias";Não;2;0;1;0;1;0;1;2;-14,75451695;-56,33647105;SPRF-MT;DEL01-MT;UOP01-DEL01-MT
731985;15/11/2025;sábado;07:30:00;RO;174;13;VILHENA;Condutor deixou de manter distância do veículo da frente;Colisão traseira;Com Vítimas Feridas;Pleno dia;Decrescente;Nublado;Dupla;Interseção de Vias;Sim;2;0;1;0;1;0;1;2;-12,737076;-60,13104;SPRF-RO;DEL04-RO;UOP01-DEL04-RO
731988;15/11/2025;sábado;09:15:00;PR;476;155;ARAUCARIA;Reação tardia ou ineficiente do condutor;Saída de leito carroçável;Sem Vítimas;Pleno dia;Decrescente;Céu Claro;Dupla;Reta;Sim;1;0;0;0;1;0;0;1;-25,59044068;-49,40956084;SPRF-PR;DEL01-PR;UOP06-DEL01-PR
731989;15/11/2025;sábado;08:00:00;SP;116;460;PARIQUERA-ACU;Condutor deixou de manter distância do veículo da frente;Colisão traseira;Com Vítimas Feridas;Pleno dia;Crescente;Céu Claro;Dupla;Reta;Não;2;0;1;0;1;0;1;2;-24,61077046;-47,88338391;SPRF-SP;DEL05-SP;UOP01-DEL05-SP
731990;15/11/2025;sábado;09:50:00;PE;101;160;GAMELEIRA;Avarias e/ou desgaste excessivo no pneu;Saída de leito carroçável;Com Vítimas Feridas;Pleno dia;Decrescente;Chuva;Dupla;"Aclive;Curva";Não;4;0;2;0;2;0;2;1;-8,558688;-35,426518;SPRF-PE;DEL01-PE;UOP03-DEL01-PE
731991;15/11/2025;sábado;08:15:00;MT;364;204;RONDONOPOLIS;Ingestão de substâncias psicoativas pelo condutor;Saída de leito carroçável;Com Vítimas Feridas;Pleno dia;Crescente;Céu Claro;Dupla;Reta;Sim;1;0;1;0;0;0;1;1;-16,45979284;-54,66144562;SPRF-MT;DEL02-MT;UOP01-DEL02-MT
731992;15/11/2025;sábado;08:21:00;RS;116;315;GUAIBA;Condutor Dormindo;Tombamento;Com Vítimas Feridas;Pleno dia;Crescente;Céu Claro;Dupla;Reta;Não;4;0;1;0;3;0;1;1;-30,237762;-51,407033;SPRF-RS;DEL02-RS;UOP01-DEL02-RS
731993;15/11/2025;sábado;09:50:00;ES;101;299,8;VIANA;Acessar a via sem observar a presença dos outros veículos;Colisão frontal;Com Vítimas Feridas;Pleno dia;Crescente;Sol;Dupla;Retorno Regulamentado;Sim;2;0;1;0;1;0;1;2;-20,3574457;-40,42419434;SPRF-ES;DEL01-ES;UOP01-DEL01-ES
731995;12/11/2025;quarta-feira;15:30:00;PI;407;426;PICOS;Ausência de reação do condutor;Atropelamento de Pedestre;Com Vítimas Fatais;Pleno dia;Crescente;Céu Claro;Simples;Reta;Não;2;1;0;0;1;0;0;2;-7,106449;-41,415002;SPRF-PI;DEL04-PI;UOP01-DEL04-PI
731996;15/11/2025;sábado;09:35:00;PR;116;40;CAMPINA GRANDE DO SUL;Reação tardia ou ineficiente do condutor;Colisão com objeto;Com Vítimas Feridas;Pleno dia;Decrescente;Céu Claro;Dupla;Curva;Não;1;0;1;0;0;0;1;1;-25,166712;-48,864562;SPRF-PR;DEL01-PR;UOP02-DEL01-PR
731997;15/11/2025;sábado;10:30:00;SC;101;40;JOINVILLE;Carga excessiva e/ou mal acondicionada;Colisão lateral mesmo sentido;Com Vítimas Feridas;Pleno dia;Decrescente;Céu Claro;Simples;Reta;Sim;3;0;1;0;2;0;1;2;-26,30988122;-48,87765884;SPRF-SC;DEL03-SC;UOP01-DEL03-SC
731999;15/11/2025;sábado;10:45:00;RS;290;85;PORTO ALEGRE;Acessar a via sem observar a presença dos outros veículos;Colisão traseira;Com Vítimas Feridas;Pleno dia;Crescente;Céu Claro;Múltipla;Reta;Sim;2;0;0;1;1;0;1;2;-29,96831102;-51,11431837;SPRF-RS;DEL01-RS;UOP01-DEL01-RS
732000;15/11/2025;sábado;11:00:00;TO;153;337;GUARAI;Reação tardia ou ineficiente do condutor;Colisão lateral mesmo sentido;Com Vítimas Feridas;Pleno dia;Crescente;Céu Claro;Simples;Reta;Sim;3;0;1;0;1;1;1;3;-8,86223;-48,50839;SPRF-TO;DEL02-TO;UOP02-DEL02-TO
732001;15/11/2025;sábado;11:00:00;ES;262;57,4;MARECHAL FLORIANO;Avarias e/ou desgaste excessivo no pneu;Saída de leito carroçável;Com Vítimas Feridas;Pleno dia;Crescente;Chuva;Simples;Curva;Não;2;0;2;0;0;0;2;1;-20,42044384;-40,76708794;SPRF-ES;DEL01-ES;UOP01-DEL01-ES
732003;15/11/2025;sábado;10:15:00;RS;392;114;CANGUCU;Velocidade Incompatível;Saída de leito carroçável;Com Vítimas Feridas;Pleno dia;Decrescente;Céu Claro;Simples;"Declive;Curva";Não;1;0;1;0;0;0;1;1;-31,43240483;-52,65620828;SPRF-RS;DEL07-RS;UOP01-DEL07-RS
732004;15/11/2025;sábado;10:25:00;RJ;40;109;DUQUE DE CAXIAS;Reação tardia ou ineficiente do condutor;Colisão traseira;Com Vítimas Feridas;Pleno dia;Decrescente;Nublado;Dupla;Reta;Sim;3;0;2;0;1;0;2;2;-22,67748193;-43,2860636;SPRF-RJ;DEL01-RJ;UOP02-DEL01-RJ
732005;15/11/2025;sábado;10:15:00;SC;101;445,9;SANTA ROSA DO SUL;Avarias e/ou desgaste excessivo no pneu;Tombamento;Com Vítimas Feridas;Pleno dia;Decrescente;Nublado;Múltipla;Reta;Não;2;0;1;1;0;0;2;1;-29,15067572;-49,72623317;SPRF-SC;DEL02-SC;UOP02-DEL02-SC
732006;15/11/2025;sábado;09:30:00;MT;364;667;DIAMANTINO;Acesso irregular;Colisão traseira;Com Vítimas Feridas;Pleno dia;Crescente;Nublado;Simples;Reta;Não;6;0;1;0;5;0;1;2;-14,136256;-56,679231;SPRF-MT;DEL01-MT;UOP01-DEL01-MT
732007;15/11/2025;sábado;10:45:00;MG;50;18;ARAGUARI;Reação tardia ou ineficiente do condutor;Saída de leito carroçável;Com Vítimas Feridas;Pleno dia;Decrescente;Céu Claro;Dupla;Curva;Não;1;0;0;1;0;0;1;1;-18,567339;-48,060606;SPRF-MG;DEL15-MG;UOP02-DEL15-MG
732008;15/11/2025;sábado;12:00:00;PB;230;22;JOAO PESSOA;Avarias e/ou desgaste excessivo no pneu;Tombamento;Com Vítimas Feridas;Pleno dia;Decrescente;Céu Claro;Dupla;Reta;Sim;2;0;2;0;0;0;2;1;-7,15145144;-34,8532024;SPRF-PB;DEL01-PB;UOP01-DEL01-PB
732009;15/11/2025;sábado;11:00:00;PA;10;275;MAE DO RIO;Manobra de mudança de faixa;Colisão frontal;Com Vítimas Feridas;Pleno dia;Crescente;Céu Claro;Simples;Reta;Não;5;0;0;5;0;0;5;2;-2,025655;-47,541628;SPRF-PA;DEL02-PA;UOP01-DEL02-PA
732010;15/11/2025;sábado;11:55:00;SC;101;209;SAO JOSE;Reação tardia ou ineficiente do condutor;Colisão transversal;Com Vítimas Feridas;Pleno dia;Decrescente;Céu Claro;Dupla;Reta;Sim;3;0;0;2;1;0;2;2;-27,61061;-48,63938;SPRF-SC;DEL01-SC;UOP01-DEL01-SC
732011;15/11/2025;sábado;11:30:00;SP;381;30;ATIBAIA;Ausência de reação do condutor;Colisão com objeto;Com Vítimas Fatais;Pleno dia;Decrescente;Nublado;Dupla;Reta;Não;1;1;0;0;0;0;0;1;-23,0517626;-46,5662945;SPRF-SP;DEL03-SP;UOP02-DEL03-SP
732012;15/11/2025;sábado;11:45:00;PB;230;17;JOAO PESSOA;Velocidade Incompatível;Colisão traseira;Com Vítimas Feridas;Pleno dia;Decrescente;Céu Claro;Dupla;Reta;Sim;2;0;1;0;1;0;1;2;-7,11399949;-34,84220535;SPRF-PB;DEL01-PB;UOP01-DEL01-PB
732013;15/11/2025;sábado;12:00:00;PR;369;156;LONDRINA;Manobra de mudança de faixa;Colisão lateral mesmo sentido;Com Vítimas Feridas;Pleno dia;Decrescente;Garoa/Chuvisco;Dupla;Reta;Sim;3;0;2;0;1;0;2;2;-23,29000623;-51,2210482;SPRF-PR;DEL07-PR;UOP01-DEL07-PR
732015;15/11/2025;sábado;12:15:00;BA;324;515;FEIRA DE SANTANA;Conversão proibida;Colisão lateral mesmo sentido;Com Vítimas Feridas;Pleno dia;Decrescente;Céu Claro;Simples;Reta;Sim;2;0;0;1;1;0;1;2;-12,240804;-38,938349;SPRF-BA;DEL02-BA;UOP01-DEL02-BA
732016;15/11/2025;sábado;12:30:00;SP;116;221;GUARULHOS;Condutor deixou de manter distância do veículo da frente;Colisão com objeto;Com Vítimas Feridas;Pleno dia;Decrescente;Céu Claro;Múltipla;Reta;Sim;2;0;1;0;1;0;1;1;-23,468767;-46,510287;SPRF-SP;DEL01-SP;UOP01-DEL01-SP
732017;15/11/2025;sábado;11:30:00;MA;135;92;ITAPECURU MIRIM;Reação tardia ou ineficiente do condutor;Queda de ocupante de veículo;Com Vítimas Feridas;Pleno dia;Crescente;Céu Claro;Simples;Reta;Não;1;0;1;0;0;0;1;1;-3,3155085;-44,43126011;SPRF-MA;DEL01-MA;UOP02-DEL01-MA
732018;15/11/2025;sábado;12:30:00;SP;381;57;MAIRIPORA;Condutor usando celular;Colisão traseira;Sem Vítimas;Pleno dia;Decrescente;Céu Claro;Dupla;Reta;Não;3;0;0;0;3;0;0;3;-23,272434;-46,584708;SPRF-SP;DEL03-SP;UOP01-DEL03-SP
732019;15/11/2025;sábado;12:30:00;SP;153;63,9;SAO JOSE DO RIO PRETO;Manobra de mudança de faixa;Colisão lateral mesmo sentido;Com Vítimas Feridas;Pleno dia;Decrescente;Céu Claro;Dupla;Reta;Sim;3;0;2;0;1;0;2;2;-20,849014;-49,376418;SPRF-SP;DEL09-SP;UOP01-DEL09-SP
732020;15/11/2025;sábado;12:50:00;PB;230;24;JOAO PESSOA;Reação tardia ou ineficiente do condutor;Colisão traseira;Com Vítimas Feridas;Pleno dia;Decrescente;Céu Claro;Simples;"Viaduto;Curva";Sim;2;0;1;0;0;1;1;2;-7,16893557;-34,8647739;SPRF-PB;DEL01-PB;UOP01-DEL01-PB
732021;15/11/2025;sábado;13:15:00;SP;153;66,7;SAO JOSE DO RIO PRETO;Condutor Dormindo;Colisão com objeto;Com Vítimas Fatais;Pleno dia;Crescente;Céu Claro;Dupla;"Aclive;Curva";Sim;3;1;1;0;0;1;1;2;-20,848913;-49,376335;SPRF-SP;DEL09-SP;UOP01-DEL09-SP
732022;15/11/2025;sábado;12:10:00;RJ;40;87;PETROPOLIS;Pista Escorregadia;Tombamento;Com Vítimas Feridas;Pleno dia;Decrescente;Garoa/Chuvisco;Simples;"Aclive;Curva";Não;2;0;1;0;1;0;1;1;-22,54934262;-43,22845459;SPRF-RJ;DEL01-RJ;UOP01-DEL01-RJ
732023;15/11/2025;sábado;13:19:00;DF;60;15,7;BRASILIA;Mal súbito do condutor;Saída de leito carroçável;Com Vítimas Feridas;Pleno dia;Decrescente;Céu Claro;Dupla;Reta;Não;1;0;1;0;0;0;1;1;-15,95276491;-48,17451507;SPRF-DF;DEL03-DF;UOP01-DEL03-DF
732024;15/11/2025;sábado;12:00:00;RJ;101;278;TANGUA;Trafegar com motocicleta (ou similar) entre as faixas;Colisão lateral mesmo sentido;Com Vítimas Feridas;Pleno dia;Crescente;Nublado;Dupla;Reta;Não;3;0;1;0;2;0;1;3;-22,73982785;-42,75030097;SPRF-RJ;DEL02-RJ;UOP03-DEL02-RJ
732026;15/11/2025;sábado;13:15:00;SP;116;146;SAO JOSE DOS CAMPOS;Ausência de reação do condutor;Tombamento;Com Vítimas Feridas;Pleno dia;Decrescente;Céu Claro;Dupla;Reta;Não;1;0;1;0;0;0;1;1;-23,19720996;-45,8751297;SPRF-SP;DEL02-SP;UOP01-DEL02-SP
732029;15/11/2025;sábado;14:20:00;SC;282;0,5;FLORIANOPOLIS;Manobra de mudança de faixa;Colisão lateral mesmo sentido;Com Vítimas Feridas;Pleno dia;Decrescente;Céu Claro;Múltipla;"Aclive;Reta";Não;4;0;2;0;2;0;2;2;-27,59879584;-48,57420143;SPRF-SC;DEL01-SC;UOP01-DEL01-SC
732030;15/11/2025;sábado;14:30:00;GO;70;8;AGUAS LINDAS DE GOIAS;Área urbana sem a presença de local apropriado para a travessia de pedestres;Atropelamento de Pedestre;Com Vítimas Feridas;Pleno dia;Decrescente;Céu Claro;Dupla;Reta;Sim;2;0;0;1;1;0;1;2;-15,735728;-48,281822;SPRF-DF;DEL03-DF;UOP02-DEL03-DF
732031;15/11/2025;sábado;14:30:00;PR;376;180,1;MARINGA;Velocidade Incompatível;Saída de leito carroçável;Com Vítimas Fatais;Pleno dia;Crescente;Chuva;Dupla;Reta;Sim;2;1;1;0;0;0;1;1;-23,42274;-51,90288;SPRF-PR;DEL09-PR;UOP01-DEL09-PR
732033;15/11/2025;sábado;15:10:00;RS;116;268;CANOAS;Condutor deixou de manter distância do veículo da frente;Colisão traseira;Com Vítimas Feridas;Pleno dia;Decrescente;Céu Claro;Múltipla;Reta;Sim;2;0;1;0;1;0;1;2;-29,93874202;-51,17710113;SPRF-RS;DEL01-RS;UOP01-DEL01-RS
732034;15/11/2025;sábado;15:00:00;MG;381;635;SANTO ANTONIO DO AMPARO;Condutor Dormindo;Saída de leito carroçável;Com Vítimas Feridas;Pleno dia;Decrescente;Céu Claro;Dupla;Curva;Não;3;0;1;0;2;0;1;1;-20,87741829;-44,84619141;SPRF-MG;DEL04-MG;UOP01-DEL04-MG
732036;15/11/2025;sábado;15:00:00;MG;381;487;BETIM;Demais falhas mecânicas ou elétricas;Incêndio;Sem Vítimas;Pleno dia;Crescente;Céu Claro;Múltipla;"Declive;Curva";Sim;1;0;0;0;1;0;0;1;-19,957651;-44,12081;SPRF-MG;DEL01-MG;UOP03-DEL01-MG
732038;15/11/2025;sábado;15:20:00;GO;70;5;AGUAS LINDAS DE GOIAS;Mal súbito do condutor;Colisão com objeto;Sem Vítimas;Pleno dia;Decrescente;Sol;Dupla;Reta;Sim;1;0;0;0;1;0;0;1;-15,747497;-48,264314;SPRF-DF;DEL03-DF;UOP02-DEL03-DF
732039;15/11/2025;sábado;14:35:00;MG;262;662,9;IBIA;Animais na Pista;Queda de ocupante de veículo;Com Vítimas Feridas;Pleno dia;Crescente;Céu Claro;Simples;Reta;Não;2;0;2;0;0;0;2;1;-19,31924331;-46,48555756;SPRF-MG;DEL08-MG;UOP01-DEL08-MG
732040;15/11/2025;sábado;14:50:00;PI;343;347,7;TERESINA;Condutor deixou de manter distância do veículo da frente;Colisão traseira;Com Vítimas Feridas;Pleno dia;Crescente;Céu Claro;Dupla;Reta;Sim;3;0;1;1;1;0;2;2;-5,11844109;-42,78589994;SPRF-PI;DEL01-PI;UOP01-DEL01-PI
732041;15/11/2025;sábado;11:30:00;RO;425;127;GUAJARA-MIRIM;Ausência de reação do condutor;Colisão lateral mesmo sentido;Com Vítimas Feridas;Pleno dia;Crescente;Céu Claro;Múltipla;"Reta;Interseção de Vias";Sim;5;0;1;0;4;0;1;2;-10,77026436;-65,32228142;SPRF-RO;DEL01-RO;UOP03-DEL01-RO
732042;15/11/2025;sábado;14:50:00;ES;101;343;GUARAPARI;Ausência de reação do condutor;Colisão com objeto;Com Vítimas Feridas;Pleno dia;Crescente;Nublado;Dupla;Curva;Não;3;0;1;0;2;0;1;2;-20,663552;-40,594615;SPRF-ES;DEL03-ES;UOP01-DEL03-ES
732043;15/11/2025;sábado;14:30:00;SC;282;1;FLORIANOPOLIS;Condutor deixou de manter distância do veículo da frente;Colisão traseira;Com Vítimas Feridas;Pleno dia;Crescente;Céu Claro;Múltipla;Reta;Sim;3;0;1;0;2;0;1;2;-27,60331;-48,58128;SPRF-SC;DEL01-SC;UOP01-DEL01-SC
732044;15/11/2025;sábado;16:00:00;RJ;493;23,5;MAGE;Acessar a via sem observar a presença dos outros veículos;Colisão transversal;Com Vítimas Feridas;Pleno dia;Crescente;Céu Claro;Simples;"Em Obras;Reta";Sim;3;0;2;0;1;0;2;2;-22,65708822;-43,06710289;SPRF-RJ;DEL04-RJ;UOP02-DEL04-RJ
732046;15/11/2025;sábado;16:15:00;PR;116;122;CURITIBA;Ausência de reação do condutor;Saída de leito carroçável;Com Vítimas Feridas;Anoitecer;Crescente;Céu Claro;Dupla;Reta;Não;1;0;0;1;0;0;1;1;-25,60796575;-49,31922404;SPRF-PR;DEL01-PR;UOP03-DEL01-PR
732047;15/11/2025;sábado;16:00:00;SC;470;21,5;ILHOTA;Ausência de reação do condutor;Saída de leito carroçável;Com Vítimas Feridas;Pleno dia;Crescente;Céu Claro;Dupla;Curva;Não;2;0;1;1;0;0;2;1;-26,87409541;-48,82461548;SPRF-SC;DEL04-SC;UOP04-DEL04-SC
732049;15/11/2025;sábado;14:00:00;RJ;101;87;CAMPOS DOS GOYTACAZES;Velocidade Incompatível;Saída de leito carroçável;Com Vítimas Feridas;Pleno dia;Decrescente;Garoa/Chuvisco;Dupla;Curva;Não;2;0;2;0;0;0;2;1;-21,829376;-41,499027;SPRF-RJ;DEL08-RJ;UOP02-DEL08-RJ
732050;15/11/2025;sábado;09:48:00;SC;282;489;FAXINAL DOS GUEDES;Ausência de reação do condutor;Colisão com objeto;Com Vítimas Feridas;Pleno dia;Decrescente;Céu Claro;Simples;Rotatória;Não;2;0;2;0;0;0;2;1;-26,85890114;-52,26614571;SPRF-SC;DEL07-SC;UOP01-DEL07-SC
732051;15/11/2025;sábado;16:30:00;MG;40;562,1;NOVA LIMA;Ausência de reação do condutor;Colisão lateral mesmo sentido;Com Vítimas Feridas;Pleno dia;Decrescente;Chuva;Múltipla;Curva;Sim;2;0;1;0;1;0;1;2;-20,1553022;-43,9640897;SPRF-MG;DEL01-MG;UOP02-DEL01-MG
732054;15/11/2025;sábado;16:20:00;MG;381;612,9;OLIVEIRA;Reação tardia ou ineficiente do condutor;Saída de leito carroçável;Com Vítimas Feridas;Pleno dia;Decrescente;Chuva;Dupla;Curva;Não;3;0;3;0;0;0;3;1;-20,701466;-44,748809;SPRF-MG;DEL04-MG;UOP01-DEL04-MG
732055;15/11/2025;sábado;14:30:00;MG;50;102;UBERABA;Ausência de reação do condutor;Tombamento;Com Vítimas Feridas;Pleno dia;Crescente;Céu Claro;Dupla;Reta;Não;1;0;1;0;0;0;1;1;-19,157501;-48,164591;SPRF-MG;DEL15-MG;UOP01-DEL15-MG
732059;15/11/2025;sábado;17:00:00;SC;101;206;SAO JOSE;Reação tardia ou ineficiente do condutor;Colisão traseira;Com Vítimas Feridas;Pleno dia;Crescente;Sol;Múltipla;"Reta;Aclive";Sim;4;0;2;0;1;1;2;3;-27,58882855;-48,61719908;SPRF-SC;DEL01-SC;UOP01-DEL01-SC
732061;15/11/2025;sábado;12:15:00;BA;367;28,5;PORTO SEGURO;Carga excessiva e/ou mal acondicionada;Colisão com objeto;Com Vítimas Feridas;Pleno dia;Decrescente;Sol;Simples;Curva;Não;2;0;1;1;0;0;2;1;-16,417683;-39,11613;SPRF-BA;DEL09-BA;UOP03-DEL09-BA
732062;15/11/2025;sábado;17:05:00;PE;428;84,3;SANTA MARIA DA BOA VISTA;Acessar a via sem observar a presença dos outros veículos;Atropelamento de Animal;Com Vítimas Fatais;Pleno dia;Crescente;Céu Claro;Simples;Reta;Não;4;1;0;0;3;0;0;2;-8,7974083;-39,8334967;SPRF-PE;DEL06-PE;UOP03-DEL06-PE
732064;15/11/2025;sábado;16:45:00;SC;101;137;BALNEARIO CAMBORIU;Reação tardia ou ineficiente do condutor;Tombamento;Com Vítimas Feridas;Pleno dia;Crescente;Céu Claro;Dupla;"Reta;Viaduto";Sim;2;0;2;0;0;0;2;1;-27,01834872;-48,6101789;SPRF-SC;DEL04-SC;UOP03-DEL04-SC
732065;15/11/2025;sábado;17:40:00;MG;381;489;BETIM;Ausência de reação do condutor;Queda de ocupante de veículo;Com Vítimas Feridas;Anoitecer;Decrescente;Garoa/Chuvisco;Simples;Declive;Sim;1;0;0;1;0;0;1;1;-19,95675028;-44,13648531;SPRF-MG;DEL01-MG;UOP03-DEL01-MG
732066;15/11/2025;sábado;16:20:00;PR;376;679;GUARATUBA;Demais falhas mecânicas ou elétricas;Tombamento;Com Vítimas Feridas;Pleno dia;Decrescente;Nublado;Dupla;Reta;Sim;2;0;2;0;0;0;2;1;-25,88797256;-48,57202146;SPRF-PR;DEL01-PR;UOP04-DEL01-PR
732067;15/11/2025;sábado;16:00:00;SC;101;251,3;PAULO LOPES;Reação tardia ou ineficiente do condutor;Colisão com objeto;Sem Vítimas;Pleno dia;Crescente;Céu Claro;Dupla;Reta;Não;1;0;0;0;0;1;0;1;-27,95156754;-48,67380593;SPRF-SC;DEL02-SC;UOP03-DEL02-SC
732068;15/11/2025;sábado;11:10:00;AP;156;799;OIAPOQUE;Acessar a via sem observar a presença dos outros veículos;Colisão lateral mesmo sentido;Com Vítimas Feridas;Pleno dia;Decrescente;Céu Claro;Simples;Reta;Não;3;0;2;0;1;0;2;2;3,8362893;-51,81139318;SPRF-AP;DEL01-AP;UOP03-DEL01-AP
732071;15/11/2025;sábado;13:15:00;MT;70;704;CACERES;Acumulo de água sobre o pavimento;Saída de leito carroçável;Com Vítimas Feridas;Pleno dia;Crescente;Chuva;Simples;Declive;Não;4;0;2;0;2;0;2;2;-16,244028;-57,544352;SPRF-MT;DEL03-MT;UOP01-DEL03-MT
732072;15/11/2025;sábado;18:43:00;PE;408;89;SAO LOURENCO DA MATA;Manobra de mudança de faixa;Colisão lateral mesmo sentido;Com Vítimas Feridas;Plena Noite;Decrescente;Céu Claro;Dupla;"Retorno Regulamentado;Declive;Reta";Não;3;0;2;0;1;0;2;2;-8,029168;-35,036438;SPRF-PE;DEL01-PE;UOP01-DEL01-PE
732073;15/11/2025;sábado;18:10:00;PE;232;119,3;CARUARU;Avarias e/ou desgaste excessivo no pneu;Saída de leito carroçável;Com Vítimas Fatais;Plena Noite;Decrescente;Céu Claro;Dupla;Reta;Não;1;1;0;0;0;0;0;1;-8,298317;-35,901397;SPRF-PE;DEL02-PE;UOP03-DEL02-PE
732075;15/11/2025;sábado;18:27:00;PE;101;31,6;ITAPISSUMA;Ausência de reação do condutor;Saída de leito carroçável;Com Vítimas Feridas;Plena Noite;Crescente;Céu Claro;Dupla;Reta;Sim;2;0;1;1;0;0;2;1;-7,74973997;-34,93656;SPRF-PE;DEL01-PE;UOP02-DEL01-PE
732077;15/11/2025;sábado;14:50:00;SC;101;324;CAPIVARI DE BAIXO;Manobra de mudança de faixa;Colisão lateral mesmo sentido;Com Vítimas Feridas;Pleno dia;Crescente;Céu Claro;Dupla;Reta;Sim;4;0;2;0;2;0;2;3;-28,43553356;-48,95908769;SPRF-SC;DEL02-SC;UOP01-DEL02-SC
732078;15/11/2025;sábado;18:10:00;PI;343;1;LUIS CORREIA;Acessar a via sem observar a presença dos outros veículos;Colisão transversal;Com Vítimas Feridas;Plena Noite;Crescente;Céu Claro;Simples;Reta;Sim;3;0;1;1;1;0;2;2;-2,88994593;-41,66729003;SPRF-PI;DEL05-PI;UOP01-DEL05-PI
732079;15/11/2025;sábado;18:23:00;PA;316;65;CASTANHAL;Conversão proibida;Colisão transversal;Com Vítimas Feridas;Anoitecer;Decrescente;Céu Claro;Dupla;Reta;Sim;2;0;0;1;1;0;1;2;-1,295129;-47,899519;SPRF-PA;DEL01-PA;UOP01-DEL01-PA
732080;15/11/2025;sábado;18:30:00;ES;101;135,8;LINHARES;Acessar a via sem observar a presença dos outros veículos;Colisão transversal;Com Vítimas Feridas;Plena Noite;Crescente;Nublado;Simples;Reta;Não;3;0;0;2;1;0;2;2;-19,28299243;-40,08698227;SPRF-ES;DEL04-ES;UOP01-DEL04-ES
732083;15/11/2025;sábado;17:50:00;MA;222;671;ACAILANDIA;Conversão proibida;Tombamento;Com Vítimas Feridas;Anoitecer;Crescente;Céu Claro;Simples;Reta;Sim;1;0;1;0;0;0;1;1;-4,94210183;-47,46764224;SPRF-MA;DEL04-MA;UOP03-DEL04-MA