id;data_inversa;dia_semana;horario;uf;br;km;municipio;causa_acidente;tipo_acidente;classificacao_acidente;fase_dia;sentido_via;condicao_metereologica;tipo_pista;tracado_via;uso_solo;pessoas;mortos;feridos_leves;feridos_graves;ilesos;ignorados;feridos;veiculos;latitude;longitude;regional;delegacia;uop
732084;15/11/2025;sábado;18:58:00;PB;101;82,7;ALHANDRA;Reação tardia ou ineficiente do condutor;Colisão lateral mesmo sentido;Com Vítimas Feridas;Anoitecer;Crescente;Céu Claro;Dupla;Reta;Não;2;0;1;0;1;0;1;2;-7,3269248;-34,9437952;SPRF-PB;DEL01-PB;UOP01-DEL01-PB
732085;15/11/2025;sábado;18:30:00;SC;470;53,2;BLUMENAU;Ingestão de álcool pelo condutor;Colisão lateral sentido oposto;Com Vítimas Feridas;Anoitecer;Decrescente;Nublado;Simples;"Reta;Interseção de Vias";Sim;3;0;1;0;2;0;1;3;-26,86929;-49,105163;SPRF-SC;DEL04-SC;UOP01-DEL04-SC
732086;15/11/2025;sábado;18:25:00;SP;153;41,9;ONDA VERDE;Desrespeitar a preferência no cruzamento;Colisão transversal;Com Vítimas Feridas;Anoitecer;Crescente;Nublado;Simples;"Reta;Interseção de Vias";Não;2;0;1;0;1;0;1;2;-20,63647368;-49,338257;SPRF-SP;DEL09-SP;UOP01-DEL09-SP
732087;15/11/2025;sábado;15:40:00;GO;60;297;ACREUNA;Velocidade Incompatível;Saída de leito carroçável;Com Vítimas Feridas;Pleno dia;Crescente;Céu Claro;Dupla;"Reta;Declive";Não;1;0;0;1;0;0;1;1;-17,356277;-50,329403;SPRF-GO;DEL04-GO;UOP02-DEL04-GO
732088;15/11/2025;sábado;18:40:00;BA;415;51;ITABUNA;Velocidade Incompatível;Colisão traseira;Com Vítimas Feridas;Plena Noite;Decrescente;Céu Claro;Simples;Interseção de Vias;Sim;3;0;2;0;0;1;2;2;-14,76542113;-39,29929733;SPRF-BA;DEL05-BA;UOP01-DEL05-BA
732089;15/11/2025;sábado;18:45:00;SP;116;95,4;PINDAMONHANGABA;Reação tardia ou ineficiente do condutor;Colisão traseira;Com Vítimas Feridas;Plena Noite;Crescente;Céu Claro;Dupla;Reta;Não;2;0;0;1;1;0;1;2;-22,96288251;-45,42599837;SPRF-SP;DEL08-SP;UOP01-DEL08-SP
732090;15/11/2025;sábado;18:30:00;MG;381;526,7;BRUMADINHO;Velocidade Incompatível;Saída de leito carroçável;Com Vítimas Feridas;Plena Noite;Crescente;Chuva;Dupla;"Curva;Declive";Não;1;0;0;1;0;0;1;1;-20,156788;-44,327766;SPRF-MG;DEL04-MG;UOP03-DEL04-MG
732091;15/11/2025;sábado;19:50:00;ES;262;95;DOMINGOS MARTINS;Acessar a via sem observar a presença dos outros veículos;Colisão transversal;Com Vítimas Feridas;Plena Noite;Crescente;Céu Claro;Simples;Rotatória;Não;3;0;1;1;0;1;2;2;-20,36467098;-41,06280375;SPRF-ES;DEL01-ES;UOP02-DEL01-ES
732092;15/11/2025;sábado;19:00:00;RO;364;13,2;VILHENA;Velocidade Incompatível;Queda de ocupante de veículo;Com Vítimas Feridas;Plena Noite;Crescente;Nublado;Dupla;Reta;Sim;1;0;1;0;0;0;1;1;-12,74100734;-60,13164997;SPRF-RO;DEL04-RO;UOP01-DEL04-RO
732094;15/11/2025;sábado;18:55:00;MT;364;199;RONDONOPOLIS;Ausência de reação do condutor;Capotamento;Com Vítimas Feridas;Plena Noite;Decrescente;Nublado;Dupla;Curva;Sim;1;0;1;0;0;0;1;1;-16,50006487;-54,63262832;SPRF-MT;DEL02-MT;UOP01-DEL02-MT
732095;15/11/2025;sábado;19:20:00;GO;60;86;ANAPOLIS;Ingestão de substâncias psicoativas pelo condutor;Colisão traseira;Com Vítimas Feridas;Plena Noite;Decrescente;Céu Claro;Dupla;Reta;Não;2;0;0;1;1;0;1;2;-16,32067075;-48,87070632;SPRF-GO;DEL02-GO;UOP01-DEL02-GO
732096;15/11/2025;sábado;20:00:00;MG;40;666,8;CARANDAI;Ausência de reação do condutor;Colisão lateral mesmo sentido;Com Vítimas Feridas;Plena Noite;Crescente;Céu Claro;Simples;Retorno Regulamentado;Sim;2;0;1;0;1;0;1;2;-20,94858113;-43,79713249;SPRF-MG;DEL05-MG;UOP02-DEL05-MG
732097;15/11/2025;sábado;19:40:00;SP;116;11,6;QUELUZ;Velocidade Incompatível;Colisão com objeto;Com Vítimas Feridas;Plena Noite;Decrescente;Nublado;Dupla;Reta;Não;1;0;0;1;0;0;1;1;-22,5429651;-44,7997955;SPRF-SP;DEL08-SP;UOP02-DEL08-SP
732099;15/11/2025;sábado;19:45:00;PR;369;197;ARAPONGAS;Chuva;Capotamento;Com Vítimas Feridas;Plena Noite;Decrescente;Chuva;Dupla;Reta;Não;3;0;3;0;0;0;3;1;-23,48862202;-51,42343394;SPRF-PR;DEL07-PR;UOP03-DEL07-PR
732101;15/11/2025;sábado;19:00:00;BA;101;923;NOVA VICOSA;Transitar na contramão;Colisão frontal;Com Vítimas Fatais;Plena Noite;Crescente;Céu Claro;Simples;Curva;Não;2;1;0;0;1;0;0;2;-17,912763;-39,829473;SPRF-BA;DEL09-BA;UOP02-DEL09-BA
732102;15/11/2025;sábado;20:15:00;SC;282;520,2;XAXIM;Ingestão de álcool pelo condutor;Queda de ocupante de veículo;Com Vítimas Feridas;Plena Noite;Crescente;Céu Claro;Simples;"Declive;Curva";Não;1;0;1;0;0;0;1;1;-26,95096236;-52,52526474;SPRF-SC;DEL07-SC;UOP01-DEL07-SC
732103;15/11/2025;sábado;21:00:00;PR;476;144;CURITIBA;Chuva;Colisão traseira;Sem Vítimas;Plena Noite;Crescente;Céu Claro;Dupla;Curva;Não;2;0;0;0;2;0;0;2;-25,54836561;-49,31166044;SPRF-PR;DEL01-PR;UOP06-DEL01-PR
732104;15/11/2025;sábado;19:30:00;RS;158;568;SANTANA DO LIVRAMENTO;Desrespeitar a preferência no cruzamento;Colisão transversal;Com Vítimas Feridas;Anoitecer;Crescente;Céu Claro;Simples;Rotatória;Sim;2;0;1;0;1;0;1;2;-30,890082;-55,507223;SPRF-RS;DEL11-RS;UOP01-DEL11-RS
732105;15/11/2025;sábado;20:10:00;RS;392;350,8;SANTA MARIA;Reação tardia ou ineficiente do condutor;Colisão com objeto;Com Vítimas Feridas;Plena Noite;Crescente;Vento;Dupla;"Em Obras;Reta";Sim;6;0;1;5;0;0;6;1;-29,73389921;-53,79920125;SPRF-RS;DEL09-RS;UOP01-DEL09-RS
732106;15/11/2025;sábado;18:00:00;SC;470;56,3;BLUMENAU;Demais falhas mecânicas ou elétricas;Tombamento;Com Vítimas Feridas;Pleno dia;Decrescente;Céu Claro;Dupla;Reta;Sim;2;0;2;0;0;0;2;1;-26,87772841;-49,13072411;SPRF-SC;DEL04-SC;UOP01-DEL04-SC
732109;15/11/2025;sábado;20:00:00;BA;101;443;UBAITABA;Acessar a via sem observar a presença dos outros veículos;Colisão transversal;Com Vítimas Feridas;Plena Noite;Crescente;Céu Claro;Simples;"Retorno Regulamentado;Reta;Rotatória";Sim;5;0;0;1;4;0;1;2;-14,30867;-39,32223;SPRF-BA;DEL05-BA;UOP01-DEL05-BA
732110;15/11/2025;sábado;21:00:00;PE;101;70;RECIFE;Acesso irregular;Colisão transversal;Com Vítimas Feridas;Plena Noite;Decrescente;Nublado;Simples;Viaduto;Sim;2;0;0;1;1;0;1;2;-8,06848951;-34,94218675;SPRF-PE;DEL01-PE;UOP01-DEL01-PE
732111;15/11/2025;sábado;16:35:00;RJ;116;207;QUEIMADOS;Ausência de reação do condutor;Saída de leito carroçável;Com Vítimas Feridas;Pleno dia;Decrescente;Ignorado;Dupla;Reta;Não;1;0;1;0;0;0;1;1;-22,72883395;-43,63799036;SPRF-RJ;DEL06-RJ;UOP02-DEL06-RJ
732112;15/11/2025;sábado;19:20:00;BA;420;238,9;LAJE;Pedestre andava na pista;Atropelamento de Pedestre;Com Vítimas Fatais;Plena Noite;Decrescente;Céu Claro;Simples;Reta;Não;3;1;0;0;2;0;0;2;-13,1693208;-39,3944582;SPRF-BA;DEL01-BA;UOP02-DEL01-BA
732113;15/11/2025;sábado;20:30:00;PB;101;83;BAYEUX;Pedestre andava na pista;Atropelamento de Pedestre;Com Vítimas Fatais;Plena Noite;Crescente;Céu Claro;Dupla;Reta;Sim;2;1;0;0;1;0;0;2;-7,133896;-34,929481;SPRF-PB;DEL01-PB;UOP01-DEL01-PB
732114;15/11/2025;sábado;20:00:00;GO;153;504;APARECIDA DE GOIANIA;Condutor deixou de manter distância do veículo da frente;Engavetamento;Sem Vítimas;Plena Noite;Crescente;Garoa/Chuvisco;Dupla;Declive;Sim;3;0;0;0;3;0;0;3;-16,736335;-49,243007;SPRF-GO;DEL01-GO;UOP01-DEL01-GO
732115;15/11/2025;sábado;20:29:00;RN;406;130,1;TAIPU;Acessar a via sem observar a presença dos outros veículos;Colisão transversal;Com Vítimas Feridas;Plena Noite;Decrescente;Céu Claro;Simples;Interseção de Vias;Sim;3;0;1;1;0;1;2;2;-5,627101;-35,598572;SPRF-RN;DEL02-RN;UOP01-DEL02-RN
732116;15/11/2025;sábado;16:20:00;RS;392;113,1;CANGUCU;Ausência de reação do condutor;Tombamento;Com Vítimas Feridas;Pleno dia;Crescente;Nublado;Simples;Reta;Não;2;0;2;0;0;0;2;1;-31,43652582;-52,65250683;SPRF-RS;DEL07-RS;UOP01-DEL07-RS
732117;15/11/2025;sábado;17:30:00;PA;316;5;ANANINDEUA;Retorno proibido;Colisão transversal;Com Vítimas Feridas;Anoitecer;Decrescente;Céu Claro;Múltipla;Reta;Sim;4;0;0;2;2;0;2;2;-1,381327;-48,39974;SPRF-PA;DEL01-PA;UOP01-DEL01-PA
732118;15/11/2025;sábado;20:40:00;RS;285;413,9;PANAMBI;Ingestão de álcool pelo condutor;Capotamento;Com Vítimas Feridas;Plena Noite;Decrescente;Céu Claro;Simples;Curva;Não;1;0;1;0;0;0;1;1;-28,357847;-53,457796;SPRF-RS;DEL10-RS;UOP02-DEL10-RS
732119;15/11/2025;sábado;21:50:00;ES;259;57,8;COLATINA;Ausência de reação do condutor;Tombamento;Sem Vítimas;Plena Noite;Crescente;Céu Claro;Simples;Reta;Não;1;0;0;0;0;1;0;1;-19,52464603;-40,67301661;SPRF-ES;DEL02-ES;UOP01-DEL02-ES
732120;15/11/2025;sábado;20:44:00;MT;364;207;RONDONOPOLIS;Ausência de reação do condutor;Colisão com objeto;Com Vítimas Fatais;Plena Noite;Crescente;Céu Claro;Dupla;Reta;Não;1;1;0;0;0;0;0;1;-16,4376;-54,6803;SPRF-MT;DEL02-MT;UOP01-DEL02-MT
732121;15/11/2025;sábado;21:30:00;SC;101;101,9;BALNEARIO PICARRAS;Ingestão de álcool pelo condutor;Colisão com objeto;Com Vítimas Fatais;Plena Noite;Crescente;Céu Claro;Múltipla;Reta;Não;1;1;0;0;0;0;0;1;-26,7730853;-48,6861191;SPRF-SC;DEL03-SC;UOP02-DEL03-SC
732122;15/11/2025;sábado;19:30:00;AP;210;105;PORTO GRANDE;Estacionar ou parar em local proibido;Tombamento;Com Vítimas Feridas;Plena Noite;Decrescente;Céu Claro;Simples;Reta;Sim;2;0;1;0;1;0;1;2;0,69884;-51,39799;SPRF-AP;DEL01-AP;UOP01-DEL01-AP
732123;15/11/2025;sábado;21:30:00;PB;361;5;PATOS;Pedestre cruzava a pista fora da faixa;Atropelamento de Pedestre;Com Vítimas Feridas;Plena Noite;Crescente;Céu Claro;Simples;Reta;Sim;2;0;1;0;1;0;1;2;-7,03459297;-37,30317146;SPRF-PB;DEL03-PB;UOP01-DEL03-PB
732124;15/11/2025;sábado;21:40:00;SP;381;86;SAO PAULO;Demais falhas mecânicas ou elétricas;Queda de ocupante de veículo;Com Vítimas Feridas;Plena Noite;Crescente;Céu Claro;Múltipla;Reta;Sim;4;0;1;1;2;0;2;3;-23,47077;-46,56667;SPRF-SP;DEL03-SP;UOP01-DEL03-SP
732125;15/11/2025;sábado;21:10:00;MS;163;256;DOURADOS;Ausência de reação do condutor;Eventos atípicos;Sem Vítimas;Plena Noite;Crescente;Garoa/Chuvisco;Dupla;Reta;Não;2;0;0;0;0;2;0;2;-22,26613;-54,80974;SPRF-MS;DEL04-MS;UOP01-DEL04-MS
732126;15/11/2025;sábado;21:30:00;RJ;493;104;SEROPEDICA;Reação tardia ou ineficiente do condutor;Colisão lateral mesmo sentido;Sem Vítimas;Plena Noite;Decrescente;Nublado;Dupla;Reta;Não;2;0;0;0;1;1;0;2;-22,76112282;-43,73437755;SPRF-RJ;DEL01-RJ;UOP03-DEL01-RJ
732127;15/11/2025;sábado;20:27:00;PR;116;122;CURITIBA;Ausência de reação do condutor;Colisão com objeto;Sem Vítimas;Plena Noite;Crescente;Céu Claro;Dupla;Reta;Não;1;0;0;0;0;1;0;1;-25,6097611;-49,3195005;SPRF-PR;DEL01-PR;UOP03-DEL01-PR
732129;15/11/2025;sábado;21:00:00;SC;470;58,9;BLUMENAU;Ausência de reação do condutor;Colisão traseira;Com Vítimas Feridas;Plena Noite;Crescente;Céu Claro;Simples;"Reta;Declive";Sim;2;0;0;1;1;0;1;2;-26,88278975;-49,15425897;SPRF-SC;DEL04-SC;UOP01-DEL04-SC
732130;15/11/2025;sábado;22:00:00;RJ;116;126;MAGE;Ingestão de álcool pelo condutor;Colisão traseira;Com Vítimas Feridas;Plena Noite;Crescente;Nublado;Dupla;Reta;Sim;4;0;1;0;3;0;1;2;-22,65843287;-43,09059978;SPRF-RJ;DEL04-RJ;UOP02-DEL04-RJ
732131;15/11/2025;sábado;09:21:00;MG;381;449;BELO HORIZONTE;Retorno proibido;Eventos atípicos;Com Vítimas Feridas;Pleno dia;Crescente;Céu Claro;Simples;Reta;Não;2;0;2;0;0;0;2;2;-19,844965;-43,886761;SPRF-MG;DEL01-MG;UOP01-DEL01-MG
732133;15/11/2025;sábado;17:15:00;MG;116;427,7;ALPERCATA;Condutor deixou de manter distância do veículo da frente;Colisão traseira;Com Vítimas Feridas;Pleno dia;Decrescente;Sol;Simples;Reta;Não;2;0;1;1;0;0;2;2;-18,98330544;-41,98766604;SPRF-MG;DEL06-MG;UOP01-DEL06-MG
732135;15/11/2025;sábado;19:30:00;RS;470;226;GARIBALDI;Acessar a via sem observar a presença dos outros veículos;Colisão transversal;Com Vítimas Feridas;Plena Noite;Crescente;Nublado;Simples;"Reta;Declive";Não;4;0;0;2;0;2;2;3;-29,250707;-51,513811;SPRF-RS;DEL06-RS;UOP01-DEL06-RS
732136;15/11/2025;sábado;21:50:00;PR;476;329;PAULA FREITAS;Ingestão de álcool pelo condutor;Colisão frontal;Com Vítimas Fatais;Plena Noite;Decrescente;Céu Claro;Simples;Reta;Não;6;2;3;0;1;0;3;2;-26,10481844;-50,80755309;SPRF-PR;DEL02-PR;UOP03-DEL02-PR
732137;15/11/2025;sábado;21:00:00;RJ;116;269;BARRA MANSA;Ingestão de álcool pelo condutor;Colisão com objeto;Com Vítimas Fatais;Plena Noite;Decrescente;Nublado;Dupla;Reta;Não;1;1;0;0;0;0;0;1;-22,56254026;-44,16001797;SPRF-RJ;DEL07-RJ;UOP02-DEL07-RJ
732138;15/11/2025;sábado;19:50:00;BA;116;9;VITORIA DA CONQUISTA;Deficiência do Sistema de Iluminação/Sinalização;Colisão traseira;Com Vítimas Feridas;Plena Noite;Decrescente;Céu Claro;Simples;"Reta;Declive";Não;2;0;2;0;0;0;2;2;-14,854789;-40,880034;SPRF-PE;DEL05-PE;UOP03-DEL05-PE
732139;15/11/2025;sábado;18:20:00;BA;116;2,5;VITORIA DA CONQUISTA;Ultrapassagem Indevida;Colisão frontal;Com Vítimas Feridas;Plena Noite;Decrescente;Céu Claro;Simples;Reta;Não;2;0;1;0;0;1;1;2;-14,824982;-40,855956;SPRF-BA;DEL08-BA;UOP01-DEL08-BA
732140;15/11/2025;sábado;22:50:00;MG;381;483;BETIM;Ingestão de álcool pelo condutor;Colisão lateral mesmo sentido;Com Vítimas Feridas;Plena Noite;Decrescente;Chuva;Dupla;Curva;Não;4;0;1;0;1;2;1;2;-19,9596432;-44,0894639;SPRF-MG;DEL01-MG;UOP03-DEL01-MG
732141;15/11/2025;sábado;22:00:00;BA;116;15;VITORIA DA CONQUISTA;Acessar a via sem observar a presença dos outros veículos;Colisão transversal;Com Vítimas Feridas;Plena Noite;Crescente;Céu Claro;Simples;Reta;Não;3;0;2;0;1;0;2;2;-14,901021;-40,852558;SPRF-BA;DEL08-BA;UOP01-DEL08-BA
732143;15/11/2025;sábado;23:14:00;RN;304;40;MOSSORO;Reação tardia ou ineficiente do condutor;Colisão com objeto;Sem Vítimas;Plena Noite;Decrescente;Céu Claro;Dupla;Reta;Sim;1;0;0;0;0;1;0;1;-5,19977;-37,377783;SPRF-RN;DEL04-RN;UOP01-DEL04-RN
732146;15/11/2025;sábado;19:20:00;RJ;116;263;VOLTA REDONDA;Ausência de reação do condutor;Queda de ocupante de veículo;Com Vítimas Feridas;Plena Noite;Decrescente;Céu Claro;Dupla;Reta;Não;1;0;0;1;0;0;1;1;-22,58802785;-44,09223586;SPRF-RJ;DEL07-RJ;UOP02-DEL07-RJ
732147;15/11/2025;sábado;23:10:00;SP;116;134;SAO JOSE DOS CAMPOS;Reação tardia ou ineficiente do condutor;Saída de leito carroçável;Com Vítimas Feridas;Plena Noite;Decrescente;Nublado;Dupla;"Reta;Declive";Não;3;0;1;0;2;0;1;1;-23,13801194;-45,75743437;SPRF-SP;DEL02-SP;UOP02-DEL02-SP
732149;15/11/2025;sábado;23:30:00;SP;381;87;SAO PAULO;Condutor deixou de manter distância do veículo da frente;Colisão traseira;Com Vítimas Feridas;Plena Noite;Decrescente;Ignorado;Dupla;Reta;Sim;3;0;2;0;0;1;2;2;-23,4724598;-46,5637702;SPRF-SP;DEL03-SP;UOP01-DEL03-SP
732150;15/11/2025;sábado;23:38:00;MA;10;156;PORTO FRANCO;Animais na Pista;Atropelamento de Animal;Com Vítimas Feridas;Plena Noite;Crescente;Nublado;Simples;"Reta;Aclive";Não;2;0;1;0;1;0;1;1;-6,342719;-47,373834;SPRF-MA;DEL04-MA;UOP02-DEL04-MA
732152;16/11/2025;domingo;00:15:00;ES;101;267;SERRA;Acessar a via sem observar a presença dos outros veículos;Colisão traseira;Com Vítimas Feridas;Plena Noite;Crescente;Céu Claro;Dupla;Reta;Sim;2;0;1;0;0;1;1;2;-20,22124525;-40,27041574;SPRF-ES;DEL02-ES;UOP01-DEL02-ES
732153;15/11/2025;sábado;00:00:00;RS;116;243,7;SAO LEOPOLDO;Ausência de reação do condutor;Colisão com objeto;Sem Vítimas;Plena Noite;Decrescente;Céu Claro;Múltipla;Reta;Sim;1;0;0;0;1;0;0;1;-29,73347035;-51,14963528;SPRF-RS;DEL01-RS;UOP02-DEL01-RS
732154;15/11/2025;sábado;19:00:00;MG;116;413;GOVERNADOR VALADARES;Pedestre - Ingestão de álcool/ substâncias psicoativas;Atropelamento de Pedestre;Com Vítimas Feridas;Plena Noite;Decrescente;Nublado;Simples;Reta;Sim;2;0;0;1;1;0;1;2;-18,88007711;-41,9602537;SPRF-MG;DEL06-MG;UOP01-DEL06-MG
732155;15/11/2025;sábado;23:15:00;SC;101;204,6;SAO JOSE;Manobra de mudança de faixa;Colisão traseira;Com Vítimas Feridas;Plena Noite;Decrescente;Céu Claro;Múltipla;Reta;Sim;3;0;0;1;1;1;1;3;-27,57988;-48,61405;SPRF-SC;DEL01-SC;UOP01-DEL01-SC
732157;15/11/2025;sábado;19:20:00;BA;235;114;JEREMOABO;Ausência de reação do condutor;Colisão traseira;Com Vítimas Fatais;Plena Noite;Crescente;Céu Claro;Simples;Reta;Não;2;1;0;0;0;1;0;2;-10,022598;-38,578909;SPRF-BA;DEL07-BA;UOP03-DEL07-BA
732159;16/11/2025;domingo;01:30:00;SC;101;301,5;LAGUNA;Condutor Dormindo;Colisão traseira;Com Vítimas Feridas;Plena Noite;Decrescente;Céu Claro;Múltipla;Reta;Não;4;0;2;0;2;0;2;2;-28,37088881;-48,75836492;SPRF-SC;DEL02-SC;UOP03-DEL02-SC
732161;16/11/2025;domingo;01:35:00;RN;101;128;NISIA FLORESTA;Animais na Pista;Atropelamento de Animal;Com Vítimas Feridas;Plena Noite;Crescente;Céu Claro;Dupla;Reta;Não;1;0;1;0;0;0;1;1;-6,103035;-35,234085;SPRF-RN;DEL01-RN;UOP01-DEL01-RN
732162;16/11/2025;domingo;01:35:00;SC;101;207;SAO JOSE;Velocidade Incompatível;Saída de leito carroçável;Com Vítimas Feridas;Plena Noite;Crescente;Céu Claro;Dupla;Curva;Sim;1;0;1;0;0;0;1;1;-27,60204323;-48,62972466;SPRF-SC;DEL01-SC;UOP01-DEL01-SC
732163;16/11/2025;domingo;02:10:00;RS;386;346,5;LAJEADO;Pedestre andava na pista;Atropelamento de Pedestre;Com Vítimas Feridas;Plena Noite;Decrescente;Céu Claro;Dupla;Reta;Não;2;0;0;1;1;0;1;2;-29,44876689;-51,9711655;SPRF-RS;DEL04-RS;UOP01-DEL04-RS
732164;16/11/2025;domingo;01:45:00;GO;60;177,2;ABADIA DE GOIAS;Ingestão de álcool pelo condutor;Colisão traseira;Sem Vítimas;Plena Noite;Decrescente;Garoa/Chuvisco;Dupla;"Declive;Reta";Não;3;0;0;0;2;1;0;2;-16,76388174;-49,46625342;SPRF-GO;DEL01-GO;UOP02-DEL01-GO
732165;16/11/2025;domingo;01:00:00;PA;230;401,8;PACAJA;Transitar na contramão;Colisão frontal;Com Vítimas Fatais;Plena Noite;Crescente;Céu Claro;Simples;"Aclive;Curva";Não;2;1;1;0;0;0;1;2;-3,840227;-50,591132;SPRF-PA;DEL04-PA;UOP01-DEL04-PA
732166;16/11/2025;domingo;02:00:00;MG;365;690,7;MONTE ALEGRE DE MINAS;Animais na Pista;Atropelamento de Animal;Com Vítimas Feridas;Plena Noite;Crescente;Céu Claro;Dupla;Reta;Não;2;0;2;0;0;0;2;1;-18,87657;-48,908691;SPRF-MG;DEL15-MG;UOP03-DEL15-MG
732167;16/11/2025;domingo;01:30:00;PR;476;98;BOCAIUVA DO SUL;Acumulo de óleo sobre o pavimento;Colisão frontal;Com Vítimas Feridas;Plena Noite;Crescente;Nublado;Simples;Curva;Não;4;0;2;0;2;0;2;2;-25,234743;-49,127677;SPRF-PR;DEL01-PR;UOP01-DEL01-PR
732168;16/11/2025;domingo;01:35:00;RJ;40;118;DUQUE DE CAXIAS;Reação tardia ou ineficiente do condutor;Saída de leito carroçável;Sem Vítimas;Plena Noite;Decrescente;Céu Claro;Dupla;Reta;Não;1;0;0;0;0;1;0;1;-22,7572;-43,2868;SPRF-RJ;DEL01-RJ;UOP02-DEL01-RJ
732169;16/11/2025;domingo;02:40:00;PE;232;9;JABOATAO DOS GUARARAPES;Ingestão de álcool pelo condutor;Colisão com objeto;Com Vítimas Feridas;Plena Noite;Decrescente;Céu Claro;Múltipla;Reta;Sim;1;0;0;1;0;0;1;1;-8,07902;-34,9864;SPRF-PE;DEL01-PE;UOP01-DEL01-PE
732171;16/11/2025;domingo;03:45:00;SP;116;208,5;GUARULHOS;Ausência de reação do condutor;Saída de leito carroçável;Com Vítimas Feridas;Plena Noite;Crescente;Céu Claro;Múltipla;Reta;Sim;1;0;1;0;0;0;1;1;-23,42348326;-46,39797521;SPRF-SP;DEL01-SP;UOP01-DEL01-SP
732173;16/11/2025;domingo;02:45:00;SC;101;319;PESCARIA BRAVA;Animais na Pista;Colisão com objeto;Com Vítimas Feridas;Plena Noite;Decrescente;Céu Claro;Múltipla;Reta;Sim;1;0;1;0;0;0;1;1;-28,426408;-48,907167;SPRF-SC;DEL02-SC;UOP01-DEL02-SC
732174;16/11/2025;domingo;03:20:00;BA;235;349;JUAZEIRO;Ingestão de álcool pelo condutor;Colisão transversal;Com Vítimas Feridas;Plena Noite;Crescente;Céu Claro;Simples;Reta;Sim;3;0;0;1;2;0;1;2;-9,439665;-40,49615;SPRF-PE;DEL06-PE;UOP01-DEL06-PE
732175;16/11/2025;domingo;03:27:00;SC;282;527,4;XAXIM;Reação tardia ou ineficiente do condutor;Saída de leito carroçável;Sem Vítimas;Plena Noite;Decrescente;Céu Claro;Simples;"Aclive;Reta";Não;2;0;0;0;2;0;0;1;-26,9740483;-52,58562708;SPRF-SC;DEL07-SC;UOP01-DEL07-SC
732177;16/11/2025;domingo;04:40:00;RS;386;436,2;NOVA SANTA RITA;Reação tardia ou ineficiente do condutor;Colisão com objeto;Sem Vítimas;Amanhecer;Crescente;Céu Claro;Dupla;Reta;Sim;2;0;0;0;0;2;0;1;-29,854;-51,264;SPRF-RS;DEL04-RS;UOP02-DEL04-RS
732179;16/11/2025;domingo;04:00:00;BA;324;600;SIMOES FILHO;Ingestão de álcool pelo condutor;Colisão traseira;Sem Vítimas;Amanhecer;Decrescente;Céu Claro;Dupla;Reta;Não;2;0;0;0;2;0;0;2;-12,75901881;-38,426384;SPRF-BA;DEL01-BA;UOP01-DEL01-BA
732180;16/11/2025;domingo;04:00:00;PE;104;30;CARUARU;Condutor Dormindo;Saída de leito carroçável;Com Vítimas Feridas;Amanhecer;Decrescente;Céu Claro;Dupla;Reta;Não;1;0;1;0;0;0;1;1;-8,01699141;-36,05243719;SPRF-PE;DEL02-PE;UOP01-DEL02-PE
732181;16/11/2025;domingo;02:30:00;GO;80;128;BARRO ALTO;Ingestão de álcool pelo condutor;Colisão traseira;Sem Vítimas;Plena Noite;Crescente;Céu Claro;Simples;"Declive;Reta";Não;2;0;0;0;0;2;0;2;-14,998228;-48,905818;SPRF-GO;DEL07-GO;UOP02-DEL07-GO
732182;16/11/2025;domingo;05:00:00;RJ;101;304;SAO GONCALO;Ausência de reação do condutor;Colisão com objeto;Com Vítimas Feridas;Amanhecer;Decrescente;Céu Claro;Dupla;Reta;Sim;1;0;1;0;0;0;1;1;-22,78745161;-42,99753928;SPRF-RJ;DEL02-RJ;UOP02-DEL02-RJ
732183;16/11/2025;domingo;05:10:00;RS;116;270;CANOAS;Manobra de mudança de faixa;Colisão lateral mesmo sentido;Com Vítimas Feridas;Amanhecer;Decrescente;Céu Claro;Múltipla;Reta;Sim;3;0;2;0;1;0;2;2;-29,96516916;-51,1764575;SPRF-RS;DEL01-RS;UOP01-DEL01-RS
732184;16/11/2025;domingo;04:56:00;PE;101;50;ABREU E LIMA;Ausência de reação do condutor;Saída de leito carroçável;Sem Vítimas;Pleno dia;Crescente;Céu Claro;Dupla;Reta;Sim;1;0;0;0;0;1;0;1;-7,91234;-34,90028;SPRF-PE;DEL01-PE;UOP02-DEL01-PE
732185;16/11/2025;domingo;05:15:00;GO;153;513;APARECIDA DE GOIANIA;Condutor Dormindo;Saída de leito carroçável;Com Vítimas Feridas;Plena Noite;Crescente;Céu Claro;Dupla;Reta;Sim;1;0;1;0;0;0;1;1;-16,84191496;-49,24407542;SPRF-GO;DEL01-GO;UOP03-DEL01-GO
732187;16/11/2025;domingo;04:50:00;MA;135;82,7;ITAPECURU MIRIM;Reação tardia ou ineficiente do condutor;Colisão com objeto;Sem Vítimas;Pleno dia;Crescente;Céu Claro;Simples;"Reta;Ponte";Não;1;0;0;0;0;1;0;1;-3,24241;-44,376058;SPRF-MA;DEL01-MA;UOP02-DEL01-MA
732188;16/11/2025;domingo;04:15:00;SP;116;211;GUARULHOS;Ausência de reação do condutor;Queda de ocupante de veículo;Com Vítimas Feridas;Plena Noite;Decrescente;Garoa/Chuvisco;Múltipla;Reta;Sim;2;0;1;0;1;0;1;1;-23,433037;-46,420757;SPRF-SP;DEL01-SP;UOP01-DEL01-SP