id;data_inversa;dia_semana;horario;uf;br;km;municipio;causa_acidente;tipo_acidente;classificacao_acidente;fase_dia;sentido_via;condicao_metereologica;tipo_pista;tracado_via;uso_solo;pessoas;mortos;feridos_leves;feridos_graves;ilesos;ignorados;feridos;veiculos;latitude;longitude;regional;delegacia;uop
732293;16/11/2025;domingo;15:15:00;RJ;116;180;NOVA IGUACU;Trafegar com motocicleta (ou similar) entre as faixas;Queda de ocupante de veículo;Com Vítimas Feridas;Pleno dia;Decrescente;Garoa/Chuvisco;Dupla;Reta;Sim;2;0;1;0;1;0;1;1;-22,73919743;-43,47169273;SPRF-RJ;DEL06-RJ;UOP01-DEL06-RJ
732295;16/11/2025;domingo;14:00:00;PI;343;309,2;ALTOS;Manobra de mudança de faixa;Colisão lateral mesmo sentido;Com Vítimas Feridas;Pleno dia;Crescente;Céu Claro;Simples;Reta;Sim;2;0;0;2;0;0;2;2;-5,04013;-42,47781;SPRF-PI;DEL01-PI;UOP01-DEL01-PI
732297;16/11/2025;domingo;14:50:00;MS;60;422;SIDROLANDIA;Ausência de reação do condutor;Colisão traseira;Com Vítimas Feridas;Pleno dia;Crescente;Céu Claro;Simples;Reta;Sim;6;0;1;0;5;0;1;2;-20,918425;-54,949989;SPRF-MS;DEL01-MS;UOP04-DEL01-MS
732298;16/11/2025;domingo;16:16:00;RJ;116;148;DUQUE DE CAXIAS;Pista Escorregadia;Tombamento;Com Vítimas Feridas;Pleno dia;Crescente;Nublado;Dupla;"Curva;Declive";Sim;2;0;2;0;0;0;2;1;-22,67184;-43,28728;SPRF-RJ;DEL01-RJ;UOP02-DEL01-RJ
732301;16/11/2025;domingo;10:30:00;MG;354;773,1;ITAMONTE;Velocidade Incompatível;Saída de leito carroçável;Com Vítimas Feridas;Pleno dia;Decrescente;Chuva;Simples;"Declive;Curva";Não;2;0;2;0;0;0;2;1;-22,37075765;-44,76494908;SPRF-MG;DEL17-MG;UOP01-DEL17-MG
732302;16/11/2025;domingo;16:15:00;CE;304;47;ARACATI;Condutor deixou de manter distância do veículo da frente;Colisão traseira;Com Vítimas Feridas;Pleno dia;Crescente;Céu Claro;Dupla;"Reta;Ponte";Sim;2;0;0;1;1;0;1;2;-4,57613326;-37,78937384;SPRF-CE;DEL03-CE;UOP02-DEL03-CE
732303;16/11/2025;domingo;16:40:00;RJ;356;65;ITAPERUNA;Velocidade Incompatível;Saída de leito carroçável;Com Vítimas Feridas;Pleno dia;Crescente;Céu Claro;Simples;Curva;Não;3;0;2;0;1;0;2;1;-21,2467712;-41,7759232;SPRF-RJ;DEL08-RJ;UOP03-DEL08-RJ
732304;16/11/2025;domingo;17:25:00;SC;101;206;SAO JOSE;Condutor deixou de manter distância do veículo da frente;Colisão traseira;Com Vítimas Feridas;Pleno dia;Crescente;Céu Claro;Dupla;Reta;Sim;4;0;2;0;2;0;2;2;-27,597796;-48,620606;SPRF-SC;DEL01-SC;UOP01-DEL01-SC
732305;16/11/2025;domingo;17:00:00;BA;101;263;SANTO ANTONIO DE JESUS;Acessar a via sem observar a presença dos outros veículos;Colisão com objeto;Sem Vítimas;Pleno dia;Crescente;Céu Claro;Simples;"Interseção de Vias;Curva;Rotatória";Sim;3;0;0;0;3;0;0;2;-12,977493;-39,283135;SPRF-BA;DEL01-BA;UOP02-DEL01-BA
732306;16/11/2025;domingo;17:20:00;MG;40;606,3;CONGONHAS;Reação tardia ou ineficiente do condutor;Colisão traseira;Com Vítimas Feridas;Anoitecer;Decrescente;Chuva;Simples;Reta;Não;3;0;0;1;1;1;1;3;-20,46684232;-43,84019136;SPRF-MG;DEL05-MG;UOP02-DEL05-MG
732307;16/11/2025;domingo;17:25:00;SP;116;139,5;SAO JOSE DOS CAMPOS;Trafegar com motocicleta (ou similar) entre as faixas;Colisão lateral mesmo sentido;Com Vítimas Feridas;Pleno dia;Crescente;Nublado;Dupla;"Reta;Declive";Sim;2;0;1;0;1;0;1;2;-23,16327038;-45,80770969;SPRF-SP;DEL02-SP;UOP01-DEL02-SP
732308;16/11/2025;domingo;16:00:00;RJ;40;123;DUQUE DE CAXIAS;Reação tardia ou ineficiente do condutor;Queda de ocupante de veículo;Com Vítimas Feridas;Pleno dia;Crescente;Nublado;Múltipla;Reta;Sim;1;0;1;0;0;0;1;1;-22,805305;-43,289865;SPRF-RJ;DEL01-RJ;UOP02-DEL01-RJ
732309;16/11/2025;domingo;15:00:00;PA;230;134;MARABA;Reação tardia ou ineficiente do condutor;Saída de leito carroçável;Sem Vítimas;Pleno dia;Crescente;Céu Claro;Simples;"Aclive;Reta";Não;1;0;0;0;0;1;0;1;-5,350892;-49,21332;SPRF-PA;DEL03-PA;UOP01-DEL03-PA
732310;16/11/2025;domingo;17:35:00;PR;369;437,3;UBIRATA;Ultrapassagem Indevida;Colisão frontal;Com Vítimas Fatais;Pleno dia;Crescente;Nublado;Simples;Reta;Não;6;1;0;5;0;0;5;2;-24,5498183;-53,0370566;SPRF-PR;DEL04-PR;UOP03-DEL04-PR
732311;16/11/2025;domingo;16:50:00;SC;163;79;SAO MIGUEL DO OESTE;Ingestão de álcool pelo condutor;Tombamento;Com Vítimas Feridas;Pleno dia;Crescente;Nublado;Simples;Rotatória;Não;1;0;1;0;0;0;1;1;-26,65601634;-53,5173854;SPRF-SC;DEL07-SC;UOP03-DEL07-SC
732312;16/11/2025;domingo;16:33:00;AM;174;886;MANAUS;Reação tardia ou ineficiente do condutor;Colisão traseira;Com Vítimas Feridas;Pleno dia;Decrescente;Sol;Simples;Reta;Sim;2;0;1;0;1;0;1;2;-2,9640392;-60,0244374;SPRF-AM;DEL01-AM;UOP01-DEL01-AM
732313;16/11/2025;domingo;16:20:00;MG;40;736,9;SANTOS DUMONT;Velocidade Incompatível;Saída de leito carroçável;Com Vítimas Feridas;Pleno dia;Crescente;Chuva;Simples;Curva;Não;5;0;4;0;0;1;4;1;-21,415;-43,563;SPRF-MG;DEL05-MG;UOP01-DEL05-MG
732314;16/11/2025;domingo;13:50:00;SC;116;275,8;CAPAO ALTO;Reação tardia ou ineficiente do condutor;Queda de ocupante de veículo;Com Vítimas Feridas;Pleno dia;Crescente;Céu Claro;Simples;Reta;Não;1;0;1;0;0;0;1;1;-28,00706673;-50,54195881;SPRF-SC;DEL05-SC;UOP02-DEL05-SC
732315;16/11/2025;domingo;17:00:00;BA;367;29;PORTO SEGURO;Manobra de mudança de faixa;Colisão frontal;Com Vítimas Feridas;Pleno dia;Crescente;Céu Claro;Simples;Curva;Sim;5;0;4;0;0;1;4;2;-16,413988;-39,122422;SPRF-BA;DEL09-BA;UOP03-DEL09-BA
732316;16/11/2025;domingo;18:40:00;GO;40;6,5;VALPARAISO DE GOIAS;Entrada inopinada do pedestre;Atropelamento de Pedestre;Com Vítimas Fatais;Plena Noite;Decrescente;Céu Claro;Dupla;Reta;Sim;2;1;0;0;0;1;0;2;-16,106895;-47,97317;SPRF-DF;DEL01-DF;UOP01-DEL01-DF
732317;16/11/2025;domingo;17:45:00;DF;20;22,6;BRASILIA;Ausência de reação do condutor;Colisão transversal;Com Vítimas Feridas;Anoitecer;Crescente;Céu Claro;Dupla;Reta;Não;2;0;1;0;1;0;1;2;-15,59722689;-47,67403185;SPRF-DF;DEL02-DF;UOP01-DEL02-DF
732318;16/11/2025;domingo;18:30:00;RN;406;171;SAO GONCALO DO AMARANTE;Manobra de mudança de faixa;Colisão traseira;Com Vítimas Feridas;Plena Noite;Crescente;Nublado;Dupla;Reta;Sim;2;0;1;0;1;0;1;2;-5,76277797;-35,28863502;SPRF-RN;DEL02-RN;UOP01-DEL02-RN
732320;16/11/2025;domingo;18:40:00;RN;304;33;MOSSORO;Animais na Pista;Atropelamento de Animal;Com Vítimas Feridas;Plena Noite;Crescente;Céu Claro;Dupla;Reta;Sim;2;0;1;0;1;0;1;2;-5,14516;-37,34632;SPRF-RN;DEL04-RN;UOP02-DEL04-RN
732322;30/10/2025;quinta-feira;12:20:00;GO;60;56;ABADIANIA;Ausência de reação do condutor;Colisão traseira;Com Vítimas Feridas;Pleno dia;Crescente;Céu Claro;Dupla;"Reta;Retorno Regulamentado";Não;6;0;3;0;2;1;3;3;-16,18662;-48,66232;SPRF-GO;DEL02-GO;UOP01-DEL02-GO
732323;16/11/2025;domingo;18:50:00;GO;20;185,8;SIMOLANDIA;Ausência de reação do condutor;Saída de leito carroçável;Com Vítimas Feridas;Plena Noite;Crescente;Céu Claro;Dupla;"Aclive;Curva;Retorno Regulamentado";Não;1;0;1;0;0;0;1;1;-14,4514417;-46,4691063;SPRF-DF;DEL02-DF;UOP03-DEL02-DF
732324;16/11/2025;domingo;17:45:00;PE;232;409;SERRA TALHADA;Pedestre cruzava a pista fora da faixa;Atropelamento de Pedestre;Com Vítimas Feridas;Anoitecer;Crescente;Céu Claro;Simples;Reta;Sim;2;0;1;1;0;0;2;2;-7,981777;-38,292183;SPRF-PE;DEL04-PE;UOP01-DEL04-PE
732325;16/11/2025;domingo;17:10:00;MA;135;31;BACABEIRA;Ingestão de álcool pelo condutor;Colisão lateral mesmo sentido;Sem Vítimas;Pleno dia;Decrescente;Céu Claro;Dupla;Reta;Não;2;0;0;0;2;0;0;2;-2,81855048;-44,3744594;SPRF-MA;DEL01-MA;UOP01-DEL01-MA
732326;16/11/2025;domingo;16:40:00;MG;381;671,3;PERDOES;Chuva;Colisão com objeto;Com Vítimas Feridas;Pleno dia;Crescente;Chuva;Dupla;"Curva;Declive";Não;5;0;5;0;0;0;5;1;-21,065963;-45,052428;SPRF-MG;DEL04-MG;UOP02-DEL04-MG
732328;16/11/2025;domingo;18:45:00;ES;259;47,9;COLATINA;Transitar na contramão;Colisão frontal;Com Vítimas Fatais;Plena Noite;Crescente;Nublado;Simples;Curva;Não;3;2;0;0;1;0;0;2;-19,51958751;-40,59544553;SPRF-ES;DEL02-ES;UOP01-DEL02-ES
732329;16/11/2025;domingo;19:10:00;PR;277;156;BALSA NOVA;Frear bruscamente;Colisão traseira;Com Vítimas Feridas;Anoitecer;Decrescente;Nublado;Simples;Reta;Não;2;0;1;0;1;0;1;2;-25,46462564;-49,75521326;SPRF-PR;DEL03-PR;UOP03-DEL03-PR
732331;16/11/2025;domingo;19:10:00;SP;116;227;GUARULHOS;Acessar a via sem observar a presença dos outros veículos;Colisão lateral mesmo sentido;Com Vítimas Feridas;Plena Noite;Decrescente;Céu Claro;Múltipla;Reta;Sim;2;0;1;0;1;0;1;2;-23,49924104;-46,56021495;SPRF-SP;DEL01-SP;UOP01-DEL01-SP
732334;16/11/2025;domingo;16:40:00;RJ;40;91,8;PETROPOLIS;Pista Escorregadia;Saída de leito carroçável;Com Vítimas Feridas;Pleno dia;Crescente;Chuva;Dupla;"Declive;Curva";Não;4;0;2;0;2;0;2;1;-22,551263;-43,246892;SPRF-RJ;DEL01-RJ;UOP01-DEL01-RJ
732335;16/11/2025;domingo;19:00:00;SC;101;132;CAMBORIU;Reação tardia ou ineficiente do condutor;Colisão traseira;Com Vítimas Feridas;Plena Noite;Decrescente;Céu Claro;Dupla;Reta;Sim;2;0;1;0;0;1;1;2;-27,00054662;-48,64638269;SPRF-SC;DEL04-SC;UOP03-DEL04-SC
732336;16/11/2025;domingo;19:30:00;SP;153;76,9;BADY BASSITT;Ingestão de álcool pelo condutor;Colisão traseira;Com Vítimas Feridas;Plena Noite;Crescente;Céu Claro;Dupla;Reta;Não;3;0;1;0;2;0;1;2;-20,90138409;-49,45106695;SPRF-SP;DEL09-SP;UOP01-DEL09-SP
732337;16/11/2025;domingo;19:30:00;BA;324;517;FEIRA DE SANTANA;Reação tardia ou ineficiente do condutor;Colisão lateral mesmo sentido;Com Vítimas Feridas;Pleno dia;Crescente;Céu Claro;Simples;"Reta;Interseção de Vias";Sim;2;0;1;0;0;1;1;2;-12,2612046;-38,9323175;SPRF-BA;DEL02-BA;UOP01-DEL02-BA
732339;16/11/2025;domingo;18:50:00;MG;262;112;SANTO ANTONIO DO GRAMA;Velocidade Incompatível;Colisão frontal;Com Vítimas Fatais;Plena Noite;Crescente;Chuva;Simples;Curva;Não;7;1;3;1;2;0;4;2;-20,26344;-42,59673;SPRF-MG;DEL03-MG;UOP03-DEL03-MG
732340;16/11/2025;domingo;18:00:00;RN;101;145;GOIANINHA;Acesso irregular;Colisão lateral mesmo sentido;Sem Vítimas;Pleno dia;Decrescente;Céu Claro;Dupla;"Interseção de Vias;Reta";Não;1;0;0;0;1;0;0;1;-6,25594083;-35,21375656;SPRF-RN;DEL01-RN;UOP01-DEL01-RN
732341;16/11/2025;domingo;20:00:00;PE;101;70;RECIFE;Ausência de reação do condutor;Colisão com objeto;Com Vítimas Feridas;Plena Noite;Crescente;Céu Claro;Dupla;Reta;Sim;1;0;1;0;0;0;1;1;-8,068609;-34,942694;SPRF-PE;DEL01-PE;UOP01-DEL01-PE
732345;16/11/2025;domingo;17:45:00;CE;222;299;TIANGUA;Demais falhas mecânicas ou elétricas;Tombamento;Com Vítimas Feridas;Anoitecer;Decrescente;Céu Claro;Simples;"Curva;Declive";Não;4;0;2;1;1;0;3;1;-3,66245711;-40,94503138;SPRF-CE;DEL04-CE;UOP02-DEL04-CE
732346;16/11/2025;domingo;20:15:00;RJ;465;1;SEROPEDICA;Pedestre cruzava a pista fora da faixa;Atropelamento de Pedestre;Com Vítimas Feridas;Plena Noite;Decrescente;Garoa/Chuvisco;Simples;Reta;Não;2;0;0;1;1;0;1;2;-22,71935311;-43,72619597;SPRF-RJ;DEL06-RJ;UOP02-DEL06-RJ
732348;16/11/2025;domingo;10:00:00;RJ;101;297;ITABORAI;Condutor Dormindo;Saída de leito carroçável;Com Vítimas Feridas;Pleno dia;Crescente;Céu Claro;Simples;Aclive;Sim;1;0;1;0;0;0;1;1;-22,77080097;-42,9284756;SPRF-RJ;DEL02-RJ;UOP02-DEL02-RJ
732349;16/11/2025;domingo;20:00:00;RS;392;120;CANGUCU;Ingestão de álcool pelo condutor;Saída de leito carroçável;Sem Vítimas;Plena Noite;Crescente;Garoa/Chuvisco;Simples;Reta;Não;1;0;0;0;1;0;0;1;-31,38203287;-52,71075357;SPRF-RS;DEL07-RS;UOP01-DEL07-RS
732350;16/11/2025;domingo;17:15:00;MG;116;563,7;MANHUACU;Velocidade Incompatível;Tombamento;Com Vítimas Feridas;Pleno dia;Decrescente;Nublado;Simples;"Curva;Declive";Não;1;0;0;1;0;0;1;1;-20,068265;-42,175023;SPRF-MG;DEL06-MG;UOP03-DEL06-MG
732351;16/11/2025;domingo;20:50:00;RN;101;72,4;EXTREMOZ;Condutor deixou de manter distância do veículo da frente;Colisão traseira;Com Vítimas Feridas;Plena Noite;Decrescente;Céu Claro;Simples;"Reta;Declive";Não;3;0;3;0;0;0;3;2;-5,701558;-35,2645;SPRF-RN;DEL02-RN;UOP01-DEL02-RN
732352;16/11/2025;domingo;20:20:00;RJ;116;181;SAO JOAO DE MERITI;Ausência de reação do condutor;Colisão traseira;Com Vítimas Feridas;Plena Noite;Crescente;Céu Claro;Dupla;Reta;Sim;3;0;1;0;2;0;1;2;-22,79950991;-43,35457055;SPRF-RJ;DEL06-RJ;UOP01-DEL06-RJ
732353;16/11/2025;domingo;19:30:00;GO;60;114;GOIANAPOLIS;Velocidade Incompatível;Queda de ocupante de veículo;Com Vítimas Feridas;Plena Noite;Crescente;Céu Claro;Dupla;"Reta;Declive";Não;2;0;0;1;0;1;1;2;-16,46583714;-49,06653497;SPRF-GO;DEL01-GO;UOP01-DEL01-GO
732354;16/11/2025;domingo;19:30:00;AP;210;42;MACAPA;Pista Escorregadia;Queda de ocupante de veículo;Com Vítimas Feridas;Plena Noite;Decrescente;Céu Claro;Dupla;"Em Obras;Reta";Não;2;0;2;0;0;0;2;1;0,393492;-51,061769;SPRF-AP;DEL01-AP;UOP01-DEL01-AP
732355;16/11/2025;domingo;19:00:00;PA;10;265,2;AURORA DO PARA;Transitar na contramão;Colisão frontal;Com Vítimas Fatais;Plena Noite;Decrescente;Céu Claro;Simples;Reta;Não;3;1;0;0;2;0;0;2;-2,112707;-47,560377;SPRF-PA;DEL02-PA;UOP01-DEL02-PA
732356;16/11/2025;domingo;18:15:00;SC;280;30;ARAQUARI;Entrada inopinada do pedestre;Atropelamento de Pedestre;Com Vítimas Feridas;Anoitecer;Crescente;Céu Claro;Simples;Reta;Não;2;0;0;2;0;0;2;2;-26,41501934;-48,76571417;SPRF-SC;DEL03-SC;UOP03-DEL03-SC
732357;16/11/2025;domingo;19:50:00;SC;280;24,1;ARAQUARI;Área urbana sem a presença de local apropriado para a travessia de pedestres;Atropelamento de Pedestre;Com Vítimas Feridas;Plena Noite;Decrescente;Nublado;Simples;Reta;Sim;2;0;1;0;0;1;1;2;-26,379355;-48,721974;SPRF-SC;DEL03-SC;UOP03-DEL03-SC
732358;16/11/2025;domingo;20:55:00;BA;116;6;VITORIA DA CONQUISTA;Condutor deixou de manter distância do veículo da frente;Colisão traseira;Com Vítimas Feridas;Plena Noite;Decrescente;Céu Claro;Simples;Reta;Sim;1;0;1;0;0;0;1;1;-14,82296368;-40,95883906;SPRF-BA;DEL08-BA;UOP01-DEL08-BA
732359;16/11/2025;domingo;20:30:00;SC;280;57,6;GUARAMIRIM;Acessar a via sem observar a presença dos outros veículos;Colisão transversal;Com Vítimas Feridas;Plena Noite;Decrescente;Céu Claro;Múltipla;Rotatória;Sim;2;0;0;1;1;0;1;2;-26,47435479;-49,02018301;SPRF-SC;DEL03-SC;UOP03-DEL03-SC
732361;16/11/2025;domingo;21:35:00;RS;386;416;MONTENEGRO;Acumulo de água sobre o pavimento;Saída de leito carroçável;Com Vítimas Feridas;Plena Noite;Crescente;Chuva;Simples;Reta;Não;2;0;1;0;1;0;1;1;-29,81822033;-51,46496301;SPRF-RS;DEL04-RS;UOP02-DEL04-RS
732362;16/11/2025;domingo;19:50:00;RJ;465;18;NOVA IGUACU;Ausência de reação do condutor;Colisão transversal;Com Vítimas Feridas;Plena Noite;Decrescente;Céu Claro;Simples;Reta;Sim;2;0;1;0;0;1;1;2;-22,83186796;-43,61474482;SPRF-RJ;DEL06-RJ;UOP02-DEL06-RJ
732363;16/11/2025;domingo;21:00:00;CE;116;150,3;RUSSAS;Ausência de reação do condutor;Saída de leito carroçável;Sem Vítimas;Plena Noite;Crescente;Céu Claro;Simples;Interseção de Vias;Não;3;0;0;0;0;3;0;1;-4,84499059;-38,04143786;SPRF-CE;DEL03-CE;UOP01-DEL03-CE
732364;16/11/2025;domingo;20:00:00;MG;116;715,6;MURIAE;Ausência de reação do condutor;Saída de leito carroçável;Com Vítimas Feridas;Plena Noite;Crescente;Chuva;Simples;Curva;Não;1;0;1;0;0;0;1;1;-21,212886;-42,389264;SPRF-MG;DEL07-MG;UOP02-DEL07-MG
732365;16/11/2025;domingo;20:35:00;MT;70;375,6;CAMPO VERDE;Reação tardia ou ineficiente do condutor;Colisão frontal;Com Vítimas Feridas;Plena Noite;Decrescente;Nublado;Simples;Reta;Sim;2;0;0;2;0;0;2;2;-15,551448;-55,168312;SPRF-MT;DEL05-MT;UOP02-DEL05-MT
732366;16/11/2025;domingo;22:00:00;RJ;356;69,5;ITALVA;Transitar na contramão;Colisão frontal;Com Vítimas Feridas;Plena Noite;Decrescente;Chuva;Simples;Curva;Não;2;0;1;0;1;0;1;2;-21,378885;-41,689325;SPRF-RJ;DEL08-RJ;UOP03-DEL08-RJ
732368;16/11/2025;domingo;18:08:00;MT;364;484;JANGADA;Avarias e/ou desgaste excessivo no pneu;Queda de ocupante de veículo;Com Vítimas Feridas;Anoitecer;Decrescente;Ignorado;Simples;Reta;Não;2;0;2;0;0;0;2;1;-15,362886;-56,410381;SPRF-MT;DEL01-MT;UOP02-DEL01-MT
732370;16/11/2025;domingo;21:42:00;TO;153;278;COLINAS DO TOCANTINS;Deficiência do Sistema de Iluminação/Sinalização;Colisão traseira;Com Vítimas Fatais;Plena Noite;Crescente;Céu Claro;Simples;Reta;Não;5;1;0;0;3;1;0;3;-8,14067;-48,46897;SPRF-TO;DEL02-TO;UOP02-DEL02-TO
732371;16/11/2025;domingo;19:00:00;BA;110;253;CONCEICAO DO ALMEIDA;Ultrapassagem Indevida;Colisão frontal;Com Vítimas Feridas;Plena Noite;Crescente;Céu Claro;Simples;"Reta;Aclive";Não;5;0;0;1;3;1;1;2;-12,910127;-39,240648;SPRF-BA;DEL01-BA;UOP04-DEL01-BA
732372;16/11/2025;domingo;22:00:00;RJ;40;109;DUQUE DE CAXIAS;Ausência de sinalização;Colisão com objeto;Com Vítimas Feridas;Plena Noite;Decrescente;Nublado;Múltipla;"Interseção de Vias;Reta";Sim;1;0;0;1;0;0;1;1;-22,6745414;-43,2855787;SPRF-RJ;DEL01-RJ;UOP02-DEL01-RJ
732373;16/11/2025;domingo;21:55:00;MG;40;466,5;SETE LAGOAS;Pedestre - Ingestão de álcool/ substâncias psicoativas;Atropelamento de Pedestre;Com Vítimas Fatais;Plena Noite;Crescente;Chuva;Dupla;Reta;Sim;2;1;0;0;1;0;0;2;-19,4459664;-44,32201177;SPRF-MG;DEL02-MG;UOP01-DEL02-MG
732376;16/11/2025;domingo;18:45:00;GO;60;190,4;GUAPO;Ingestão de álcool pelo condutor;Colisão com objeto;Com Vítimas Feridas;Anoitecer;Crescente;Céu Claro;Dupla;"Declive;Reta";Não;2;0;0;1;1;0;1;1;-16,8445;-49,552897;SPRF-GO;DEL01-GO;UOP02-DEL01-GO
732377;16/11/2025;domingo;21:50:00;RN;101;93,5;NATAL;Condutor deixou de manter distância do veículo da frente;Colisão traseira;Com Vítimas Feridas;Plena Noite;Decrescente;Céu Claro;Múltipla;Reta;Sim;2;0;0;1;1;0;1;2;-5,82479046;-35,20945174;SPRF-RN;DEL01-RN;UOP01-DEL01-RN
732379;16/11/2025;domingo;21:10:00;CE;222;45;SAO GONCALO DO AMARANTE;Transitar na contramão;Colisão lateral sentido oposto;Com Vítimas Fatais;Plena Noite;Decrescente;Céu Claro;Simples;Reta;Não;3;1;0;0;2;0;0;3;-3,67414413;-38,94649499;SPRF-CE;DEL01-CE;UOP03-DEL01-CE
732381;16/11/2025;domingo;21:45:00;PR;277;124;CAMPO LARGO;Velocidade Incompatível;Capotamento;Com Vítimas Feridas;Plena Noite;Crescente;Céu Claro;Dupla;Curva;Não;5;0;5;0;0;0;5;1;-25,434955;-49,523144;SPRF-PR;DEL03-PR;UOP03-DEL03-PR
732382;16/11/2025;domingo;20:25:00;PR;277;577,9;CASCAVEL;Condutor deixou de manter distância do veículo da frente;Colisão traseira;Com Vítimas Feridas;Plena Noite;Crescente;Nublado;Múltipla;Reta;Sim;4;0;3;1;0;0;4;2;-24,98355874;-53,35186243;SPRF-PR;DEL04-PR;UOP01-DEL04-PR
732383;16/11/2025;domingo;19:35:00;PR;277;223,1;TEIXEIRA SOARES;Ausência de reação do condutor;Saída de leito carroçável;Com Vítimas Feridas;Plena Noite;Decrescente;Nublado;Simples;Curva;Não;1;0;0;1;0;0;1;1;-25,46368;-50,41924;SPRF-PR;DEL08-PR;UOP02-DEL08-PR
732384;16/11/2025;domingo;21:30:00;PE;101;194;PALMARES;Transitar na contramão;Colisão frontal;Com Vítimas Feridas;Plena Noite;Crescente;Céu Claro;Dupla;Reta;Não;3;0;0;2;0;1;2;2;-8,761957;-35,607747;SPRF-PE;DEL01-PE;UOP03-DEL01-PE
732385;16/11/2025;domingo;21:45:00;PR;153;366,5;RIO AZUL;Ausência de reação do condutor;Tombamento;Com Vítimas Feridas;Plena Noite;Crescente;Nublado;Simples;Curva;Não;1;0;1;0;0;0;1;1;-25,72149511;-50,79457159;SPRF-PR;DEL08-PR;UOP02-DEL08-PR
732387;16/11/2025;domingo;20:00:00;RJ;40;0,7;COMENDADOR LEVY GASPARIAN;Velocidade Incompatível;Colisão com objeto;Com Vítimas Feridas;Plena Noite;Crescente;Chuva;Dupla;Curva;Não;3;0;1;0;2;0;1;1;-22,009422;-43,260693;SPRF-RJ;DEL05-RJ;UOP02-DEL05-RJ
732388;16/11/2025;domingo;21:10:00;SC;153;74;IRANI;Reação tardia ou ineficiente do condutor;Saída de leito carroçável;Sem Vítimas;Pleno dia;Crescente;Chuva;Simples;Curva;Não;1;0;0;0;0;1;0;1;-27,073755;-51,900909;SPRF-SC;DEL07-SC;UOP04-DEL07-SC
732389;16/11/2025;domingo;20:20:00;MG;365;53,3;CLARO DOS POCOES;Acessar a via sem observar a presença dos outros veículos;Queda de ocupante de veículo;Com Vítimas Fatais;Plena Noite;Crescente;Céu Claro;Simples;Curva;Não;1;1;0;0;0;0;0;1;-16,9326298;-44,2373803;SPRF-MG;DEL12-MG;UOP01-DEL12-MG
732391;16/11/2025;domingo;22:20:00;RJ;101;333;RIO DE JANEIRO;Reação tardia ou ineficiente do condutor;Colisão com objeto;Com Vítimas Feridas;Plena Noite;Crescente;Céu Claro;Múltipla;"Ponte;Interseção de Vias;Reta";Não;3;0;3;0;0;0;3;1;-22,86889965;-43,20030212;SPRF-RJ;DEL02-RJ;UOP01-DEL02-RJ
732392;16/11/2025;domingo;23:10:00;SP;116;442;REGISTRO;Ausência de reação do condutor;Colisão com objeto;Com Vítimas Feridas;Plena Noite;Crescente;Nublado;Dupla;Reta;Não;1;0;1;0;0;0;1;1;-24,48713725;-47,83456123;SPRF-SP;DEL05-SP;UOP01-DEL05-SP
732394;16/11/2025;domingo;22:34:00;RO;364;344;JI-PARANA;Ausência de reação do condutor;Colisão traseira;Com Vítimas Feridas;Plena Noite;Crescente;Céu Claro;Múltipla;"Interseção de Vias;Reta";Sim;4;0;0;1;3;0;1;2;-10,874211;-61,95221;SPRF-RO;DEL02-RO;UOP01-DEL02-RO
732395;16/11/2025;domingo;21:45:00;AL;101;17;NOVO LINO;Deficiência do Sistema de Iluminação/Sinalização;Colisão traseira;Com Vítimas Fatais;Plena Noite;Decrescente;Céu Claro;Dupla;Reta;Não;3;1;0;1;1;0;1;2;-9,006303;-35,676059;SPRF-AL;DEL01-AL;UOP02-DEL01-AL
732396;16/11/2025;domingo;18:45:00;MG;116;536,8;SANTA RITA DE MINAS;Acesso irregular;Colisão frontal;Com Vítimas Feridas;Plena Noite;Crescente;Céu Claro;Simples;Reta;Sim;2;0;0;1;1;0;1;2;-19,867932;-42,134655;SPRF-MG;DEL06-MG;UOP02-DEL06-MG
732397;17/11/2025;segunda-feira;00:05:00;SP;116;139,4;SAO JOSE DOS CAMPOS;Ingestão de álcool pelo condutor;Capotamento;Sem Vítimas;Plena Noite;Crescente;Céu Claro;Dupla;Reta;Não;2;0;0;0;2;0;0;1;-23,16213;-45,80445;SPRF-SP;DEL02-SP;UOP01-DEL02-SP
732398;17/11/2025;segunda-feira;00:30:00;RJ;116;189;QUEIMADOS;Ingestão de álcool pelo condutor;Colisão com objeto;Sem Vítimas;Plena Noite;Crescente;Céu Claro;Dupla;Curva;Não;1;0;0;0;1;0;0;1;-22,73122374;-43,59546661;SPRF-RJ;DEL06-RJ;UOP01-DEL06-RJ
732401;17/11/2025;segunda-feira;01:20:00;SP;116;152;SAO JOSE DOS CAMPOS;Ingestão de álcool pelo condutor;Colisão com objeto;Com Vítimas Feridas;Plena Noite;Decrescente;Céu Claro;Dupla;"Em Obras;Desvio Temporário";Sim;2;0;2;0;0;0;2;1;-23,22458;-45,90503;SPRF-SP;DEL02-SP;UOP01-DEL02-SP
732403;17/11/2025;segunda-feira;01:00:00;PR;272;411,6;JANIOPOLIS;Ausência de reação do condutor;Colisão com objeto;Com Vítimas Feridas;Plena Noite;Crescente;Chuva;Simples;Reta;Não;1;0;1;0;0;0;1;1;-24,133;-52,796;SPRF-PR;DEL09-PR;UOP03-DEL09-PR
732404;17/11/2025;segunda-feira;02:05:00;MT;70;0,5;BARRA DO GARCAS;Conversão proibida;Colisão lateral mesmo sentido;Sem Vítimas;Plena Noite;Decrescente;Céu Claro;Simples;Reta;Sim;2;0;0;0;2;0;0;2;-15,89189189;-52,26794763;SPRF-MT;DEL07-MT;UOP01-DEL07-MT