id;data_inversa;dia_semana;horario;uf;br;km;municipio;causa_acidente;tipo_acidente;classificacao_acidente;fase_dia;sentido_via;condicao_metereologica;tipo_pista;tracado_via;uso_solo;pessoas;mortos;feridos_leves;feridos_graves;ilesos;ignorados;feridos;veiculos;latitude;longitude;regional;delegacia;uop
732524;17/11/2025;segunda-feira;14:49:00;RS;116;621;ARROIO GRANDE;Ausência de reação do condutor;Saída de leito carroçável;Com Vítimas Feridas;Pleno dia;Crescente;Céu Claro;Simples;Reta;Não;2;0;1;0;1;0;1;1;-32,2338816;-53,0776064;SPRF-RS;DEL07-RS;UOP03-DEL07-RS
732525;12/11/2025;quarta-feira;19:00:00;BA;110;3;PAULO AFONSO;Conversão proibida;Colisão traseira;Com Vítimas Feridas;Plena Noite;Decrescente;Céu Claro;Simples;Reta;Não;2;0;1;0;1;0;1;2;-9,44271181;-38,20298195;SPRF-BA;DEL07-BA;UOP01-DEL07-BA
732527;09/11/2025;domingo;21:30:00;PB;104;108;SAO SEBASTIAO DE LAGOA DE  ROCA;Acessar a via sem observar a presença dos outros veículos;Colisão lateral mesmo sentido;Com Vítimas Feridas;Plena Noite;Crescente;Céu Claro;Simples;Reta;Sim;2;0;2;0;0;0;2;2;-7,103981;-35,866324;SPRF-PB;DEL02-PB;UOP04-DEL02-PB
732528;17/11/2025;segunda-feira;14:00:00;RN;226;3;NATAL;Acessar a via sem observar a presença dos outros veículos;Colisão transversal;Com Vítimas Feridas;Pleno dia;Crescente;Céu Claro;Simples;"Reta;Interseção de Vias";Sim;3;0;1;0;2;0;1;2;-5,821243;-35,254988;SPRF-RN;DEL01-RN;UOP02-DEL01-RN
732529;17/11/2025;segunda-feira;14:00:00;PI;343;198;PIRIPIRI;Acostamento em desnível;Tombamento;Com Vítimas Feridas;Pleno dia;Decrescente;Sol;Simples;Reta;Não;1;0;1;0;0;0;1;1;-4,29604;-41,7705886;SPRF-PI;DEL02-PI;UOP01-DEL02-PI
732530;17/11/2025;segunda-feira;15:45:00;PR;376;92,5;PARANAVAI;Reação tardia ou ineficiente do condutor;Saída de leito carroçável;Com Vítimas Feridas;Pleno dia;Crescente;Garoa/Chuvisco;Simples;"Reta;Aclive";Não;1;0;1;0;0;0;1;1;-23,00352511;-52,55262961;SPRF-PR;DEL09-PR;UOP02-DEL09-PR
732531;17/11/2025;segunda-feira;16:00:00;RJ;116;185;NOVA IGUACU;Reação tardia ou ineficiente do condutor;Colisão lateral mesmo sentido;Com Vítimas Feridas;Pleno dia;Decrescente;Céu Claro;Dupla;Reta;Sim;3;0;2;0;1;0;2;2;-22,74023283;-43,45881192;SPRF-RJ;DEL06-RJ;UOP01-DEL06-RJ
732533;04/10/2025;sábado;22:46:00;MG;262;352;BETIM;Acessar a via sem observar a presença dos outros veículos;Atropelamento de Pedestre;Com Vítimas Fatais;Plena Noite;Crescente;Céu Claro;Dupla;Declive;Não;2;1;0;0;1;0;0;2;-19,98367834;-44,23691011;SPRF-MG;DEL01-MG;UOP03-DEL01-MG
732535;17/11/2025;segunda-feira;14:39:00;PR;376;495;PONTA GROSSA;Mal súbito do condutor;Saída de leito carroçável;Com Vítimas Feridas;Pleno dia;Crescente;Nublado;Dupla;Reta;Não;1;0;1;0;0;0;1;1;-25,162524;-50,120835;SPRF-PR;DEL03-PR;UOP04-DEL03-PR
732536;17/11/2025;segunda-feira;16:30:00;MG;381;290;ANTONIO DIAS;Velocidade Incompatível;Colisão traseira;Com Vítimas Feridas;Pleno dia;Crescente;Céu Claro;Dupla;"Curva;Aclive";Não;3;0;1;0;2;0;1;2;-19,62430745;-42,83792496;SPRF-MG;DEL03-MG;UOP02-DEL03-MG
732537;17/11/2025;segunda-feira;16:00:00;RS;116;528,5;CAPAO DO LEAO;Acessar a via sem observar a presença dos outros veículos;Colisão transversal;Com Vítimas Feridas;Pleno dia;Crescente;Céu Claro;Simples;Reta;Não;4;0;1;0;3;0;1;2;-31,7527167;-52,4236783;SPRF-RS;DEL07-RS;UOP01-DEL07-RS
732538;17/11/2025;segunda-feira;16:00:00;PR;277;25;MORRETES;Pedestre cruzava a pista fora da faixa;Atropelamento de Pedestre;Com Vítimas Fatais;Pleno dia;Crescente;Nublado;Dupla;"Reta;Declive";Não;2;1;0;0;1;0;0;2;-25,533756;-48,757797;SPRF-PR;DEL01-PR;UOP05-DEL01-PR
732539;17/11/2025;segunda-feira;16:25:00;RS;392;21,1;RIO GRANDE;Ausência de reação do condutor;Colisão com objeto;Com Vítimas Feridas;Pleno dia;Decrescente;Céu Claro;Dupla;Reta;Não;1;0;1;0;0;0;1;1;-32,08839221;-52,20737457;SPRF-RS;DEL07-RS;UOP02-DEL07-RS
732543;17/11/2025;segunda-feira;15:30:00;MG;40;610,2;CONGONHAS;Acessar a via sem observar a presença dos outros veículos;Colisão transversal;Com Vítimas Feridas;Pleno dia;Decrescente;Sol;Simples;Curva;Sim;3;0;1;1;1;0;2;2;-20,50737708;-43,83838251;SPRF-MG;DEL05-MG;UOP02-DEL05-MG
732545;17/11/2025;segunda-feira;16:20:00;MG;381;435;SABARA;Manobra de mudança de faixa;Colisão lateral mesmo sentido;Sem Vítimas;Pleno dia;Crescente;Nublado;Simples;Reta;Não;3;0;0;0;1;2;0;3;-19,7993035;-43,75292008;SPRF-MG;DEL01-MG;UOP01-DEL01-MG
732546;17/11/2025;segunda-feira;17:00:00;RN;406;176;SAO GONCALO DO AMARANTE;Acessar a via sem observar a presença dos outros veículos;Colisão transversal;Sem Vítimas;Pleno dia;Decrescente;Céu Claro;Dupla;Reta;Sim;2;0;0;0;2;0;0;2;-5,76313395;-35,28770953;SPRF-RN;DEL02-RN;UOP01-DEL02-RN
732547;17/11/2025;segunda-feira;16:40:00;PR;116;45;CAMPINA GRANDE DO SUL;Velocidade Incompatível;Capotamento;Com Vítimas Feridas;Pleno dia;Crescente;Chuva;Dupla;Curva;Não;2;0;2;0;0;0;2;1;-25,24048254;-48,90436745;SPRF-PR;DEL01-PR;UOP02-DEL01-PR
732549;17/11/2025;segunda-feira;15:00:00;ES;101;277;SERRA;Reação tardia ou ineficiente do condutor;Colisão com objeto;Com Vítimas Feridas;Pleno dia;Decrescente;Céu Claro;Dupla;Reta;Não;2;0;1;0;0;1;1;1;-20,2169;-40,328888;SPRF-ES;DEL02-ES;UOP01-DEL02-ES
732550;17/11/2025;segunda-feira;17:14:00;MG;381;502;BETIM;Reação tardia ou ineficiente do condutor;Colisão traseira;Com Vítimas Feridas;Pleno dia;Decrescente;Nublado;Dupla;Curva;Sim;2;0;1;0;1;0;1;2;-20,01901749;-44,22790853;SPRF-MG;DEL01-MG;UOP03-DEL01-MG
732552;17/11/2025;segunda-feira;16:30:00;MG;40;602,8;CONGONHAS;Acessar a via sem observar a presença dos outros veículos;Colisão transversal;Com Vítimas Feridas;Pleno dia;Crescente;Céu Claro;Simples;"Curva;Declive";Sim;2;0;1;0;1;0;1;2;-20,43892488;-43,84376764;SPRF-MG;DEL05-MG;UOP02-DEL05-MG
732553;17/11/2025;segunda-feira;17:00:00;MG;40;276;TRES MARIAS;Área urbana sem a presença de local apropriado para a travessia de pedestres;Atropelamento de Pedestre;Com Vítimas Feridas;Pleno dia;Decrescente;Nublado;Simples;"Reta;Declive";Sim;2;0;0;1;1;0;1;2;-18,20742027;-45,22996187;SPRF-MG;DEL14-MG;UOP02-DEL14-MG
732554;17/11/2025;segunda-feira;18:01:00;ES;101;247;SERRA;Demais falhas mecânicas ou elétricas;Tombamento;Com Vítimas Feridas;Pleno dia;Decrescente;Céu Claro;Simples;Reta;Não;2;0;2;0;0;0;2;1;-20,0682195;-40,37198067;SPRF-ES;DEL02-ES;UOP01-DEL02-ES
732555;17/11/2025;segunda-feira;17:20:00;RS;392;6,5;CAPAO DO LEAO;Ausência de reação do condutor;Atropelamento de Pedestre;Com Vítimas Feridas;Pleno dia;Decrescente;Céu Claro;Simples;Reta;Não;3;0;0;1;1;1;1;2;-31,79650971;-52,40761757;SPRF-RS;DEL07-RS;UOP01-DEL07-RS
732556;17/11/2025;segunda-feira;17:30:00;DF;80;14;BRASILIA;Reação tardia ou ineficiente do condutor;Saída de leito carroçável;Com Vítimas Feridas;Anoitecer;Decrescente;Nublado;Simples;Reta;Não;5;0;0;2;3;0;2;1;-15,71164941;-48,19905996;SPRF-DF;DEL03-DF;UOP02-DEL03-DF
732558;17/11/2025;segunda-feira;13:50:00;GO;153;578,4;PIRACANJUBA;Condutor Dormindo;Saída de leito carroçável;Com Vítimas Fatais;Pleno dia;Crescente;Nublado;Dupla;"Reta;Declive";Não;2;1;0;0;1;0;0;1;-17,365165;-49,246593;SPRF-GO;DEL03-GO;UOP01-DEL03-GO
732559;17/11/2025;segunda-feira;18:00:00;SP;116;145;SAO JOSE DOS CAMPOS;Ausência de reação do condutor;Engavetamento;Com Vítimas Feridas;Anoitecer;Decrescente;Chuva;Dupla;"Reta;Aclive";Sim;5;0;3;0;2;0;3;4;-23,18951081;-45,85952412;SPRF-SP;DEL02-SP;UOP01-DEL02-SP
732560;17/11/2025;segunda-feira;18:10:00;MG;40;521;CONTAGEM;Ausência de reação do condutor;Colisão traseira;Com Vítimas Feridas;Plena Noite;Decrescente;Céu Claro;Dupla;Reta;Não;3;0;1;0;2;0;1;2;-19,85872;-44,071855;SPRF-MG;DEL01-MG;UOP02-DEL01-MG
732562;17/11/2025;segunda-feira;17:10:00;SP;101;47;UBATUBA;Acessar a via sem observar a presença dos outros veículos;Colisão frontal;Com Vítimas Feridas;Pleno dia;Decrescente;Chuva;Simples;Rotatória;Sim;2;0;1;0;1;0;1;2;-23,43760075;-45,08779977;SPRF-SP;DEL06-SP;UOP01-DEL06-SP
732563;17/11/2025;segunda-feira;18:20:00;PA;316;61,1;CASTANHAL;Animais na Pista;Atropelamento de Animal;Com Vítimas Feridas;Anoitecer;Decrescente;Céu Claro;Dupla;Reta;Sim;2;0;1;0;0;1;1;2;-1,297002;-47,94501;SPRF-PA;DEL01-PA;UOP01-DEL01-PA
732564;02/02/2025;domingo;22:00:00;SC;101;129;CAMBORIU;Acumulo de água sobre o pavimento;Colisão frontal;Com Vítimas Feridas;Plena Noite;Crescente;Chuva;Dupla;Curva;Sim;2;0;1;0;1;0;1;2;-26,98064277;-48,6790679;SPRF-SC;DEL04-SC;UOP03-DEL04-SC
732565;17/11/2025;segunda-feira;16:00:00;BA;101;947;MUCURI;Ausência de reação do condutor;Saída de leito carroçável;Com Vítimas Feridas;Pleno dia;Crescente;Céu Claro;Simples;"Reta;Declive";Não;1;0;1;0;0;0;1;1;-18,11005215;-39,88411331;SPRF-BA;DEL09-BA;UOP02-DEL09-BA
732566;17/11/2025;segunda-feira;15:00:00;RJ;40;117;DUQUE DE CAXIAS;Acessar a via sem observar a presença dos outros veículos;Colisão lateral mesmo sentido;Sem Vítimas;Pleno dia;Decrescente;Céu Claro;Múltipla;Reta;Não;2;0;0;0;2;0;0;2;-22,74205888;-43,28804255;SPRF-RJ;DEL01-RJ;UOP02-DEL01-RJ
732567;17/11/2025;segunda-feira;16:30:00;GO;60;228;ABADIA DE GOIAS;Avarias e/ou desgaste excessivo no pneu;Queda de ocupante de veículo;Com Vítimas Feridas;Pleno dia;Decrescente;Céu Claro;Dupla;Reta;Não;1;0;1;0;0;0;1;1;-16,7804694;-49,4745785;SPRF-GO;DEL01-GO;UOP02-DEL01-GO
732570;17/11/2025;segunda-feira;11:50:00;RJ;40;35;AREAL;Velocidade Incompatível;Queda de ocupante de veículo;Com Vítimas Feridas;Pleno dia;Decrescente;Céu Claro;Simples;Curva;Não;1;0;1;0;0;0;1;1;-22,21348086;-43,13311277;SPRF-RJ;DEL05-RJ;UOP02-DEL05-RJ
732572;17/11/2025;segunda-feira;18:10:00;RS;116;349,5;TAPES;Ausência de reação do condutor;Saída de leito carroçável;Com Vítimas Feridas;Pleno dia;Decrescente;Sol;Dupla;"Declive;Reta";Não;1;0;1;0;0;0;1;1;-30,70323952;-51,57947212;SPRF-RS;DEL02-RS;UOP02-DEL02-RS
732573;17/11/2025;segunda-feira;18:30:00;DF;70;10;BRASILIA;Acessar a via sem observar a presença dos outros veículos;Colisão transversal;Sem Vítimas;Anoitecer;Decrescente;Nublado;Dupla;Reta;Sim;2;0;0;0;2;0;0;2;-15,78786639;-48,14225829;SPRF-DF;DEL03-DF;UOP02-DEL03-DF
732574;17/11/2025;segunda-feira;19:20:00;RJ;116;185;NOVA IGUACU;Acumulo de areia ou detritos sobre o pavimento;Eventos atípicos;Com Vítimas Feridas;Plena Noite;Crescente;Chuva;Simples;"Desvio Temporário;Reta;Em Obras";Sim;2;0;1;0;1;0;1;1;-22,74410522;-43,50692622;SPRF-RJ;DEL06-RJ;UOP01-DEL06-RJ
732575;17/11/2025;segunda-feira;10:30:00;SP;116;505;CAJATI;Reação tardia ou ineficiente do condutor;Saída de leito carroçável;Com Vítimas Feridas;Pleno dia;Crescente;Chuva;Dupla;"Declive;Curva";Não;1;0;1;0;0;0;1;1;-24,77907467;-48,21128413;SPRF-SP;DEL05-SP;UOP02-DEL05-SP
732576;17/11/2025;segunda-feira;18:40:00;MG;381;939;EXTREMA;Ausência de reação do condutor;Colisão traseira;Com Vítimas Feridas;Plena Noite;Crescente;Garoa/Chuvisco;Dupla;Reta;Não;3;0;2;0;0;1;2;2;-22,819626;-46,298969;SPRF-MG;DEL16-MG;UOP03-DEL16-MG
732577;17/11/2025;segunda-feira;18:20:00;PR;376;655;TIJUCAS DO SUL;Reação tardia ou ineficiente do condutor;Saída de leito carroçável;Com Vítimas Feridas;Plena Noite;Crescente;Garoa/Chuvisco;Simples;"Declive;Curva";Não;2;0;1;0;1;0;1;1;-25,851092;-49,032003;SPRF-PR;DEL01-PR;UOP04-DEL01-PR
732578;17/11/2025;segunda-feira;18:30:00;PR;369;138,4;IBIPORA;Manobra de mudança de faixa;Colisão transversal;Com Vítimas Feridas;Anoitecer;Decrescente;Garoa/Chuvisco;Simples;Reta;Sim;2;0;0;1;1;0;1;2;-23,27347;-51,053096;SPRF-PR;DEL07-PR;UOP01-DEL07-PR
732581;17/11/2025;segunda-feira;18:50:00;SC;101;130;CAMBORIU;Ausência de reação do condutor;Queda de ocupante de veículo;Com Vítimas Feridas;Plena Noite;Decrescente;Chuva;Dupla;Reta;Sim;1;0;1;0;0;0;1;1;-26,98391349;-48,66991488;SPRF-SC;DEL04-SC;UOP03-DEL04-SC
732583;17/11/2025;segunda-feira;18:30:00;RO;364;708;PORTO VELHO;Acessar a via sem observar a presença dos outros veículos;Colisão traseira;Com Vítimas Feridas;Plena Noite;Crescente;Nublado;Dupla;Retorno Regulamentado;Sim;2;0;0;1;1;0;1;2;-8,79491744;-63,84203553;SPRF-RO;DEL01-RO;UOP01-DEL01-RO
732584;17/11/2025;segunda-feira;13:42:00;MT;70;519;VARZEA GRANDE;Acessar a via sem observar a presença dos outros veículos;Colisão lateral mesmo sentido;Com Vítimas Feridas;Pleno dia;Crescente;Céu Claro;Simples;"Aclive;Reta";Não;2;0;1;0;1;0;1;2;-15,686129;-56,171175;SPRF-MT;DEL01-MT;UOP02-DEL01-MT
732585;17/11/2025;segunda-feira;15:10:00;MT;163;1066;GUARANTA DO NORTE;Acessar a via sem observar a presença dos outros veículos;Colisão frontal;Com Vítimas Feridas;Pleno dia;Decrescente;Sol;Simples;Reta;Sim;2;0;1;0;1;0;1;2;-9,936552;-54,90354;SPRF-MT;DEL06-MT;UOP03-DEL06-MT
732590;17/11/2025;segunda-feira;20:00:00;PR;116;13;COLOMBO;Velocidade Incompatível;Tombamento;Com Vítimas Feridas;Plena Noite;Crescente;Garoa/Chuvisco;Dupla;Reta;Sim;1;0;1;0;0;0;1;1;-25,38178069;-49,16424441;SPRF-PR;DEL01-PR;UOP02-DEL01-PR
732592;17/11/2025;segunda-feira;18:46:00;RO;364;708;PORTO VELHO;Reação tardia ou ineficiente do condutor;Colisão lateral mesmo sentido;Sem Vítimas;Plena Noite;Decrescente;Chuva;Múltipla;Reta;Sim;2;0;0;0;2;0;0;2;-8,8002628;-63,761763;SPRF-RO;DEL01-RO;UOP01-DEL01-RO
732594;17/11/2025;segunda-feira;18:10:00;PR;116;43;CAMPINA GRANDE DO SUL;Reação tardia ou ineficiente do condutor;Saída de leito carroçável;Com Vítimas Feridas;Anoitecer;Crescente;Chuva;Dupla;Curva;Não;2;0;2;0;0;0;2;1;-25,26857558;-48,91721606;SPRF-PR;DEL01-PR;UOP02-DEL01-PR
732596;11/11/2025;terça-feira;06:12:00;BA;324;618;SALVADOR;Acessar a via sem observar a presença dos outros veículos;Colisão traseira;Com Vítimas Feridas;Pleno dia;Crescente;Céu Claro;Simples;Reta;Sim;2;0;1;0;0;1;1;2;-12,9015227;-38,4530346;SPRF-BA;DEL01-BA;UOP01-DEL01-BA
732597;17/11/2025;segunda-feira;19:48:00;RO;364;4;VILHENA;Acessar a via sem observar a presença dos outros veículos;Colisão traseira;Com Vítimas Fatais;Plena Noite;Decrescente;Nublado;Simples;Reta;Não;4;1;0;0;3;0;0;2;-12,80066669;-60,08513896;SPRF-RO;DEL04-RO;UOP01-DEL04-RO
732598;17/11/2025;segunda-feira;21:10:00;PR;153;39,7;SANTO ANTONIO DA PLATINA;Acessar a via sem observar a presença dos outros veículos;Colisão transversal;Com Vítimas Feridas;Plena Noite;Crescente;Nublado;Simples;Interseção de Vias;Não;2;0;1;0;1;0;1;2;-23,27977768;-50,05600691;SPRF-PR;DEL07-PR;UOP04-DEL07-PR
732600;17/11/2025;segunda-feira;18:25:00;MS;262;238;RIBAS DO RIO PARDO;Acessar a via sem observar a presença dos outros veículos;Colisão transversal;Com Vítimas Feridas;Anoitecer;Crescente;Garoa/Chuvisco;Simples;Reta;Sim;2;0;1;0;1;0;1;2;-20,456186;-53,748193;SPRF-MS;DEL01-MS;UOP05-DEL01-MS
732603;17/11/2025;segunda-feira;21:30:00;SP;116;144;SAO JOSE DOS CAMPOS;Reação tardia ou ineficiente do condutor;Capotamento;Sem Vítimas;Plena Noite;Crescente;Garoa/Chuvisco;Dupla;Reta;Sim;1;0;0;0;1;0;0;1;-23,18287978;-45,84737908;SPRF-SP;DEL02-SP;UOP01-DEL02-SP
732605;17/11/2025;segunda-feira;20:00:00;PB;361;23,9;SANTA TERESINHA;Ausência de reação do condutor;Colisão traseira;Com Vítimas Fatais;Plena Noite;Decrescente;Céu Claro;Simples;Aclive;Não;2;1;0;0;0;1;0;2;-7,084803;-37,457552;SPRF-PB;DEL03-PB;UOP01-DEL03-PB
732608;17/11/2025;segunda-feira;12:35:00;SC;101;53,4;JOINVILLE;Pista Escorregadia;Queda de ocupante de veículo;Com Vítimas Feridas;Pleno dia;Crescente;Garoa/Chuvisco;Dupla;Curva;Sim;1;0;1;0;0;0;1;1;-26,41612103;-48,83492438;SPRF-SC;DEL03-SC;UOP01-DEL03-SC
732609;17/11/2025;segunda-feira;21:40:00;SC;101;115,1;PALHOCA;Acessar a via sem observar a presença dos outros veículos;Tombamento;Com Vítimas Feridas;Plena Noite;Crescente;Céu Claro;Dupla;Reta;Não;2;0;0;1;0;1;1;2;-27,65266;-48,676912;SPRF-SC;DEL04-SC;UOP04-DEL04-SC
732611;26/10/2025;domingo;17:52:00;RJ;101;327;NITEROI;Ausência de reação do condutor;Colisão com objeto;Com Vítimas Feridas;Anoitecer;Crescente;Céu Claro;Múltipla;Reta;Sim;3;0;3;0;0;0;3;1;-22,87254365;-43,139534;SPRF-RJ;DEL02-RJ;UOP01-DEL02-RJ
732613;17/11/2025;segunda-feira;20:50:00;PA;316;152;CAPANEMA;Ultrapassagem Indevida;Colisão frontal;Com Vítimas Feridas;Plena Noite;Decrescente;Céu Claro;Simples;Declive;Não;3;0;0;3;0;0;3;2;-1,215223;-47,178088;SPRF-PA;DEL01-PA;UOP03-DEL01-PA
732614;17/11/2025;segunda-feira;21:30:00;ES;101;139,4;LINHARES;Acessar a via sem observar a presença dos outros veículos;Colisão lateral mesmo sentido;Com Vítimas Feridas;Plena Noite;Crescente;Céu Claro;Dupla;"Reta;Interseção de Vias";Sim;3;0;1;0;1;1;1;3;-19,313519;-40,078498;SPRF-ES;DEL04-ES;UOP01-DEL04-ES
732616;17/11/2025;segunda-feira;21:10:00;MA;316;568,1;CAXIAS;Suicídio (presumido);Queda de ocupante de veículo;Com Vítimas Feridas;Plena Noite;Crescente;Céu Claro;Simples;Reta;Não;2;0;0;1;1;0;1;1;-4,91475585;-43,2173878;SPRF-MA;DEL03-MA;UOP02-DEL03-MA
732617;17/11/2025;segunda-feira;19:20:00;SP;116;152;SAO JOSE DOS CAMPOS;Reação tardia ou ineficiente do condutor;Colisão com objeto;Com Vítimas Feridas;Plena Noite;Crescente;Garoa/Chuvisco;Múltipla;Reta;Sim;1;0;1;0;0;0;1;1;-23,22356072;-45,90401173;SPRF-SP;DEL02-SP;UOP01-DEL02-SP
732618;17/11/2025;segunda-feira;22:50:00;SP;116;105;TAUBATE;Iluminação deficiente;Colisão com objeto;Com Vítimas Feridas;Plena Noite;Crescente;Garoa/Chuvisco;Dupla;Reta;Não;2;0;1;0;1;0;1;2;-23,00952361;-45,51873537;SPRF-SP;DEL02-SP;UOP02-DEL02-SP
732619;17/11/2025;segunda-feira;21:40:00;RJ;101;542;PARATY;Reação tardia ou ineficiente do condutor;Saída de leito carroçável;Sem Vítimas;Plena Noite;Decrescente;Garoa/Chuvisco;Simples;Curva;Não;1;0;0;0;0;1;0;1;-23,04360234;-44,59917068;SPRF-RJ;DEL03-RJ;UOP04-DEL03-RJ
732620;17/11/2025;segunda-feira;20:55:00;PR;153;451,8;UNIAO DA VITORIA;Velocidade Incompatível;Colisão com objeto;Com Vítimas Feridas;Plena Noite;Crescente;Garoa/Chuvisco;Simples;"Em Obras;Curva";Não;2;0;2;0;0;0;2;1;-26,19632;-51,07941;SPRF-PR;DEL02-PR;UOP03-DEL02-PR
732623;17/11/2025;segunda-feira;19:30:00;RO;435;85;COLORADO DO OESTE;Acessar a via sem observar a presença dos outros veículos;Colisão transversal;Com Vítimas Feridas;Plena Noite;Crescente;Céu Claro;Simples;Reta;Sim;3;0;3;0;0;0;3;2;-13,13070238;-60,54351836;SPRF-RO;DEL04-RO;UOP02-DEL04-RO
732624;17/11/2025;segunda-feira;21:30:00;RR;174;4;BOA VISTA;Condutor deixou de manter distância do veículo da frente;Colisão traseira;Com Vítimas Feridas;Plena Noite;Crescente;Céu Claro;Simples;Reta;Não;2;0;1;0;1;0;1;2;2,95264123;-60,72967529;SPRF-RR;DEL01-RR;UOP01-DEL01-RR
732625;17/11/2025;segunda-feira;22:13:00;RN;110;1,7;AREIA BRANCA;Ultrapassagem Indevida;Colisão frontal;Com Vítimas Fatais;Plena Noite;Crescente;Céu Claro;Simples;Reta;Sim;2;1;0;1;0;0;1;2;-4,94335;-37,11783;SPRF-RN;DEL04-RN;UOP01-DEL04-RN
732626;17/11/2025;segunda-feira;19:00:00;MT;163;678;LUCAS DO RIO VERDE;Ausência de reação do condutor;Colisão com objeto;Com Vítimas Feridas;Plena Noite;Crescente;Chuva;Dupla;"Reta;Em Obras";Não;1;0;0;1;0;0;1;1;-13,148518;-55,970508;SPRF-MT;DEL06-MT;UOP01-DEL06-MT
732627;17/11/2025;segunda-feira;23:50:00;PR;277;350;GUARAPUAVA;Reação tardia ou ineficiente do condutor;Tombamento;Com Vítimas Feridas;Plena Noite;Decrescente;Chuva;Simples;Reta;Sim;2;0;1;0;1;0;1;2;-25,36637945;-51,48930929;SPRF-PR;DEL08-PR;UOP01-DEL08-PR
732628;17/11/2025;segunda-feira;22:15:00;PE;101;95,9;CABO DE SANTO AGOSTINHO;Demais falhas mecânicas ou elétricas;Incêndio;Sem Vítimas;Plena Noite;Decrescente;Céu Claro;Dupla;Reta;Não;1;0;0;0;1;0;0;1;-8,251508;-35,020902;SPRF-PE;DEL01-PE;UOP03-DEL01-PE
732629;17/11/2025;segunda-feira;21:40:00;RJ;101;527,8;ANGRA DOS REIS;Reação tardia ou ineficiente do condutor;Tombamento;Com Vítimas Feridas;Plena Noite;Decrescente;Nublado;Simples;Curva;Não;1;0;1;0;0;0;1;1;-23,025851;-44,503776;SPRF-RJ;DEL03-RJ;UOP03-DEL03-RJ
732630;18/11/2025;terça-feira;00:10:00;MG;381;865,1;POUSO ALEGRE;Ausência de reação do condutor;Tombamento;Com Vítimas Feridas;Plena Noite;Crescente;Nublado;Dupla;Reta;Não;1;0;1;0;0;0;1;1;-22,3936512;-45,9472896;SPRF-MG;DEL16-MG;UOP01-DEL16-MG
732633;17/11/2025;segunda-feira;20:40:00;RN;304;89,4;ACU;Animais na Pista;Atropelamento de Animal;Com Vítimas Feridas;Plena Noite;Decrescente;Céu Claro;Simples;Reta;Não;1;0;1;0;0;0;1;1;-5,526455;-37,105347;SPRF-RN;DEL04-RN;UOP01-DEL04-RN
732634;17/11/2025;segunda-feira;22:00:00;GO;60;432;RIO VERDE;Reação tardia ou ineficiente do condutor;Capotamento;Com Vítimas Feridas;Plena Noite;Crescente;Chuva;Dupla;Reta;Não;4;0;1;0;2;1;1;2;-17,83015243;-51,36409024;SPRF-GO;DEL04-GO;UOP02-DEL04-GO
732636;18/11/2025;terça-feira;01:40:00;MG;116;412,4;GOVERNADOR VALADARES;Entrada inopinada do pedestre;Atropelamento de Pedestre;Com Vítimas Feridas;Plena Noite;Crescente;Nublado;Simples;"Interseção de Vias;Reta;Retorno Regulamentado";Sim;3;0;0;3;0;0;3;2;-18,876229;-41,964382;SPRF-MG;DEL06-MG;UOP01-DEL06-MG
732644;17/11/2025;segunda-feira;16:30:00;BA;367;51;PORTO SEGURO;Acessar a via sem observar a presença dos outros veículos;Atropelamento de Animal;Sem Vítimas;Pleno dia;Crescente;Céu Claro;Simples;Curva;Não;2;0;0;0;2;0;0;2;-16,375;-39,294;SPRF-BA;DEL09-BA;UOP03-DEL09-BA
732646;18/11/2025;terça-feira;06:15:00;MG;50;18;UBERLANDIA;Acumulo de areia ou detritos sobre o pavimento;Queda de ocupante de veículo;Com Vítimas Feridas;Pleno dia;Crescente;Céu Claro;Simples;Curva;Sim;1;0;1;0;0;0;1;1;-18,93653608;-48,20692925;SPRF-MG;DEL15-MG;UOP01-DEL15-MG
732647;18/11/2025;terça-feira;06:55:00;RS;285;293,3;PASSO FUNDO;Acessar a via sem observar a presença dos outros veículos;Colisão lateral mesmo sentido;Com Vítimas Feridas;Pleno dia;Crescente;Sol;Simples;Interseção de Vias;Sim;4;0;1;0;3;0;1;2;-28,23668403;-52,37574707;SPRF-RS;DEL08-RS;UOP03-DEL08-RS
732648;18/11/2025;terça-feira;06:20:00;MG;381;568,7;ITAGUARA;Condutor Dormindo;Saída de leito carroçável;Com Vítimas Feridas;Pleno dia;Decrescente;Céu Claro;Dupla;Reta;Não;1;0;1;0;0;0;1;1;-20,41027;-44,52629;SPRF-MG;DEL04-MG;UOP03-DEL04-MG
732650;17/11/2025;segunda-feira;23:00:00;GO;60;351;SANTO ANTONIO DA BARRA;Animais na Pista;Atropelamento de Animal;Sem Vítimas;Plena Noite;Crescente;Céu Claro;Dupla;Reta;Não;3;0;0;0;3;0;0;1;-17,596095;-50,716817;SPRF-GO;DEL04-GO;UOP02-DEL04-GO