id;data_inversa;dia_semana;horario;uf;br;km;municipio;causa_acidente;tipo_acidente;classificacao_acidente;fase_dia;sentido_via;condicao_metereologica;tipo_pista;tracado_via;uso_solo;pessoas;mortos;feridos_leves;feridos_graves;ilesos;ignorados;feridos;veiculos;latitude;longitude;regional;delegacia;uop
732775;18/11/2025;terça-feira;16:00:00;SC;470;38;GASPAR;Acessar a via sem observar a presença dos outros veículos;Atropelamento de Pedestre;Com Vítimas Feridas;Pleno dia;Crescente;Céu Claro;Dupla;Reta;Não;2;0;0;1;1;0;1;2;-26,907326;-48,978392;SPRF-SC;DEL04-SC;UOP01-DEL04-SC
732777;18/11/2025;terça-feira;17:07:00;RN;101;106;PARNAMIRIM;Reação tardia ou ineficiente do condutor;Colisão com objeto;Sem Vítimas;Pleno dia;Crescente;Céu Claro;Dupla;Reta;Sim;2;0;0;0;2;0;0;2;-5,90959775;-35,26113359;SPRF-RN;DEL01-RN;UOP01-DEL01-RN
732780;18/11/2025;terça-feira;17:15:00;SC;101;146;ITAPEMA;Manobra de mudança de faixa;Colisão lateral mesmo sentido;Com Vítimas Feridas;Pleno dia;Decrescente;Nublado;Dupla;Reta;Sim;3;0;1;0;2;0;1;3;-27,09119542;-48,61440539;SPRF-SC;DEL04-SC;UOP03-DEL04-SC
732781;18/11/2025;terça-feira;16:20:00;MT;174;4;PONTES E LACERDA;Ingestão de álcool pelo condutor;Colisão traseira;Com Vítimas Feridas;Pleno dia;Crescente;Céu Claro;Simples;Reta;Sim;3;0;1;0;2;0;1;2;-15,2345757;-59,3434436;SPRF-MT;DEL04-MT;UOP01-DEL04-MT
732784;18/11/2025;terça-feira;17:30:00;PR;369;153,1;LONDRINA;Reação tardia ou ineficiente do condutor;Tombamento;Com Vítimas Feridas;Pleno dia;Decrescente;Céu Claro;Dupla;Declive;Não;1;0;1;0;0;0;1;1;-23,296154;-51,191089;SPRF-PR;DEL07-PR;UOP01-DEL07-PR
732787;18/11/2025;terça-feira;17:35:00;GO;20;187;SIMOLANDIA;Ingestão de álcool pelo condutor;Colisão lateral mesmo sentido;Com Vítimas Feridas;Pleno dia;Decrescente;Céu Claro;Simples;Reta;Não;3;0;2;0;0;1;2;3;-14,420668;-46,455628;SPRF-DF;DEL02-DF;UOP03-DEL02-DF
732789;11/11/2025;terça-feira;09:30:00;TO;153;542;NOVA ROSALANDIA;Ausência de reação do condutor;Colisão traseira;Com Vítimas Feridas;Pleno dia;Decrescente;Céu Claro;Simples;Reta;Não;5;0;1;0;4;0;1;2;-10,58004;-48,914001;SPRF-TO;DEL01-TO;UOP01-DEL01-TO
732790;18/11/2025;terça-feira;17:10:00;PA;316;61;CASTANHAL;Entrada inopinada do pedestre;Atropelamento de Pedestre;Com Vítimas Feridas;Pleno dia;Crescente;Céu Claro;Simples;Reta;Sim;3;0;3;0;0;0;3;2;-1,29826;-47,94049;SPRF-PA;DEL01-PA;UOP01-DEL01-PA
732791;18/11/2025;terça-feira;18:00:00;SC;101;202;SAO JOSE;Reação tardia ou ineficiente do condutor;Colisão traseira;Com Vítimas Feridas;Anoitecer;Decrescente;Chuva;Dupla;"Reta;Declive";Sim;5;0;1;0;4;0;1;4;-27,5529489;-48,61952305;SPRF-SC;DEL01-SC;UOP01-DEL01-SC
732793;18/11/2025;terça-feira;16:40:00;SC;470;117,8;IBIRAMA;Chuva;Saída de leito carroçável;Com Vítimas Feridas;Pleno dia;Crescente;Garoa/Chuvisco;Simples;Curva;Não;1;0;1;0;0;0;1;1;-27,082558;-49,511584;SPRF-SC;DEL04-SC;UOP02-DEL04-SC
732794;18/11/2025;terça-feira;16:00:00;RJ;101;317;SAO GONCALO;Pista Escorregadia;Queda de ocupante de veículo;Com Vítimas Feridas;Pleno dia;Decrescente;Garoa/Chuvisco;Dupla;Reta;Sim;1;0;1;0;0;0;1;1;-22,84088617;-43,09485376;SPRF-RJ;DEL02-RJ;UOP02-DEL02-RJ
732796;18/11/2025;terça-feira;17:30:00;SP;116;414;JUQUIA;Velocidade Incompatível;Colisão frontal;Com Vítimas Feridas;Anoitecer;Crescente;Nublado;Dupla;"Viaduto;Retorno Regulamentado";Sim;2;0;0;1;1;0;1;2;-24,3325511;-47,6346159;SPRF-SP;DEL05-SP;UOP01-DEL05-SP
732799;18/11/2025;terça-feira;18:00:00;PR;277;586,4;CASCAVEL;Condutor deixou de manter distância do veículo da frente;Colisão traseira;Com Vítimas Feridas;Pleno dia;Crescente;Céu Claro;Simples;"Interseção de Vias;Reta;Retorno Regulamentado";Sim;2;0;1;0;1;0;1;2;-24,96672393;-53,42416858;SPRF-PR;DEL04-PR;UOP01-DEL04-PR
732801;18/11/2025;terça-feira;18:16:00;TO;10;460;PALMAS;Demais falhas mecânicas ou elétricas;Colisão traseira;Com Vítimas Feridas;Anoitecer;Crescente;Nublado;Múltipla;"Reta;Declive";Sim;2;0;1;0;1;0;1;2;-10,26009814;-48,30982581;SPRF-TO;DEL01-TO;UOP03-DEL01-TO
732802;18/11/2025;terça-feira;18:15:00;SP;101;52;UBATUBA;Acessar a via sem observar a presença dos outros veículos;Colisão transversal;Com Vítimas Feridas;Plena Noite;Crescente;Chuva;Simples;Rotatória;Sim;6;0;2;0;4;0;2;2;-23,46291356;-45,06462463;SPRF-SP;DEL06-SP;UOP01-DEL06-SP
732803;18/11/2025;terça-feira;18:20:00;RJ;101;399;ITAGUAI;Iluminação deficiente;Colisão com objeto;Com Vítimas Feridas;Plena Noite;Crescente;Céu Claro;Dupla;Reta;Não;1;0;1;0;0;0;1;1;-22,85889024;-43,75942329;SPRF-RJ;DEL03-RJ;UOP01-DEL03-RJ
732804;18/11/2025;terça-feira;18:05:00;PB;230;19;JOAO PESSOA;Ultrapassagem Indevida;Colisão lateral mesmo sentido;Sem Vítimas;Plena Noite;Decrescente;Céu Claro;Simples;"Declive;Curva";Sim;4;0;0;0;2;2;0;4;-7,13360213;-34,85389352;SPRF-PB;DEL01-PB;UOP01-DEL01-PB
732805;18/11/2025;terça-feira;18:30:00;PI;343;9;PARNAIBA;Acessar a via sem observar a presença dos outros veículos;Colisão transversal;Com Vítimas Feridas;Plena Noite;Decrescente;Céu Claro;Simples;Reta;Sim;2;0;1;0;1;0;1;2;-2,8998703;-41,728936;SPRF-PI;DEL05-PI;UOP01-DEL05-PI
732806;18/11/2025;terça-feira;19:00:00;RS;116;2,8;PORTO ALEGRE;Condutor deixou de manter distância do veículo da frente;Colisão traseira;Com Vítimas Feridas;Anoitecer;Crescente;Céu Claro;Dupla;Reta;Sim;3;0;3;0;0;0;3;2;-29,98490578;-51,18109552;SPRF-RS;DEL01-RS;UOP01-DEL01-RS
732807;22/10/2025;quarta-feira;20:00:00;MG;262;747;UBERABA;Ausência de reação do condutor;Atropelamento de Animal;Com Vítimas Feridas;Plena Noite;Crescente;Céu Claro;Simples;Reta;Não;1;0;1;0;0;0;1;1;-19,67605471;-47,64074914;SPRF-MG;DEL13-MG;UOP01-DEL13-MG
732809;18/11/2025;terça-feira;18:30:00;BA;116;393;SANTA BARBARA;Animais na Pista;Colisão traseira;Com Vítimas Feridas;Plena Noite;Decrescente;Céu Claro;Dupla;Reta;Sim;2;0;1;0;1;0;1;2;-11,967245;-38,973665;SPRF-BA;DEL02-BA;UOP01-DEL02-BA
732812;04/11/2025;terça-feira;14:24:00;MS;158;3;CASSILANDIA;Pista Escorregadia;Tombamento;Com Vítimas Feridas;Pleno dia;Crescente;Céu Claro;Simples;Reta;Não;1;0;1;0;0;0;1;1;-19,11984;-51,73351;SPRF-MS;DEL08-MS;UOP01-DEL08-MS
732814;17/11/2025;segunda-feira;07:14:00;SP;116;213;GUARULHOS;Reação tardia ou ineficiente do condutor;Tombamento;Com Vítimas Feridas;Pleno dia;Crescente;Nublado;Múltipla;Reta;Sim;2;0;1;0;1;0;1;1;-23,43986219;-46,43504824;SPRF-SP;DEL01-SP;UOP01-DEL01-SP
732816;18/11/2025;terça-feira;19:30:00;RJ;116;181;NOVA IGUACU;Pedestre andava na pista;Atropelamento de Pedestre;Com Vítimas Feridas;Plena Noite;Decrescente;Garoa/Chuvisco;Dupla;Reta;Sim;3;0;1;0;2;0;1;3;-22,76416638;-43,41828911;SPRF-RJ;DEL06-RJ;UOP01-DEL06-RJ
732818;18/11/2025;terça-feira;17:05:00;SC;480;129,4;CHAPECO;Pedestre cruzava a pista fora da faixa;Atropelamento de Pedestre;Com Vítimas Feridas;Pleno dia;Crescente;Nublado;Dupla;Reta;Sim;2;0;1;0;1;0;1;2;-27,041586;-52,635281;SPRF-SC;DEL07-SC;UOP01-DEL07-SC
732819;18/11/2025;terça-feira;20:00:00;SC;101;332,7;TUBARAO;Desrespeitar a preferência no cruzamento;Colisão transversal;Sem Vítimas;Plena Noite;Decrescente;Céu Claro;Múltipla;"Interseção de Vias;Rotatória";Sim;2;0;0;0;2;0;0;2;-28,469921;-49,015014;SPRF-SC;DEL02-SC;UOP01-DEL02-SC
732820;18/11/2025;terça-feira;19:50:00;RS;470;222;BENTO GONCALVES;Ausência de reação do condutor;Queda de ocupante de veículo;Com Vítimas Feridas;Plena Noite;Decrescente;Nublado;Simples;Curva;Sim;1;0;0;1;0;0;1;1;-29,1768315;-51,5209661;SPRF-RS;DEL06-RS;UOP01-DEL06-RS
732822;04/11/2025;terça-feira;20:00:00;PB;104;139;QUEIMADAS;Ultrapassagem Indevida;Colisão lateral mesmo sentido;Com Vítimas Feridas;Plena Noite;Decrescente;Céu Claro;Simples;Reta;Não;4;0;3;0;0;1;3;3;-7,357055;-35,901596;SPRF-PB;DEL02-PB;UOP03-DEL02-PB
732823;18/11/2025;terça-feira;18:30:00;MS;163;18;MUNDO NOVO;Manobra de mudança de faixa;Colisão transversal;Com Vítimas Feridas;Plena Noite;Crescente;Céu Claro;Simples;Reta;Sim;3;0;1;0;2;0;1;2;-23,941338;-54,280715;SPRF-MS;DEL09-MS;UOP02-DEL09-MS
732824;18/11/2025;terça-feira;19:15:00;RJ;101;295;ITABORAI;Entrada inopinada do pedestre;Atropelamento de Pedestre;Com Vítimas Feridas;Plena Noite;Decrescente;Nublado;Dupla;Reta;Sim;2;0;2;0;0;0;2;2;-22,7625691;-42,90075107;SPRF-RJ;DEL02-RJ;UOP02-DEL02-RJ
732825;18/11/2025;terça-feira;20:30:00;RJ;116;185;NOVA IGUACU;Ausência de reação do condutor;Colisão traseira;Com Vítimas Fatais;Pleno dia;Crescente;Chuva;Dupla;Reta;Sim;3;1;0;0;2;0;0;2;-22,745477;-43,44748227;SPRF-RJ;DEL06-RJ;UOP01-DEL06-RJ
732826;18/11/2025;terça-feira;20:00:00;MT;158;593;AGUA BOA;Ausência de reação do condutor;Saída de leito carroçável;Com Vítimas Feridas;Plena Noite;Decrescente;Céu Claro;Simples;Reta;Não;1;0;1;0;0;0;1;1;-14,2684917;-52,1690483;SPRF-MT;DEL07-MT;UOP02-DEL07-MT
732827;18/11/2025;terça-feira;19:50:00;SC;101;233,8;PALHOCA;Animais na Pista;Atropelamento de Animal;Com Vítimas Feridas;Plena Noite;Crescente;Céu Claro;Dupla;"Declive;Curva";Não;1;0;1;0;0;0;1;1;-27,80908458;-48,63770111;SPRF-SC;DEL01-SC;UOP02-DEL01-SC
732829;18/11/2025;terça-feira;20:20:00;GO;60;383;RIO VERDE;Reação tardia ou ineficiente do condutor;Colisão transversal;Com Vítimas Feridas;Plena Noite;Decrescente;Céu Claro;Dupla;"Aclive;Reta";Não;2;0;0;1;1;0;1;2;-17,8250255;-50,9621031;SPRF-GO;DEL04-GO;UOP02-DEL04-GO
732830;18/11/2025;terça-feira;20:00:00;PR;277;8,5;PARANAGUA;Ingestão de álcool pelo condutor;Queda de ocupante de veículo;Com Vítimas Feridas;Plena Noite;Crescente;Céu Claro;Dupla;Reta;Não;1;0;1;0;0;0;1;1;-25,5647955;-48,60018818;SPRF-PR;DEL01-PR;UOP05-DEL01-PR
732831;18/11/2025;terça-feira;21:00:00;CE;116;32;AQUIRAZ;Objeto estático sobre o leito carroçável;Colisão com objeto;Com Vítimas Feridas;Plena Noite;Decrescente;Céu Claro;Dupla;Reta;Sim;1;0;0;1;0;0;1;1;-4,03726548;-38,5097993;SPRF-CE;DEL01-CE;UOP02-DEL01-CE
732833;18/11/2025;terça-feira;19:30:00;SC;101;323;PESCARIA BRAVA;Ingestão de álcool pelo condutor;Colisão traseira;Com Vítimas Feridas;Plena Noite;Decrescente;Garoa/Chuvisco;Múltipla;Reta;Sim;2;0;1;0;1;0;1;2;-28,42749035;-48,92648089;SPRF-SC;DEL02-SC;UOP01-DEL02-SC
732834;18/11/2025;terça-feira;18:55:00;RR;401;38;BONFIM;Animais na Pista;Atropelamento de Animal;Com Vítimas Feridas;Plena Noite;Crescente;Céu Claro;Simples;Reta;Não;2;0;1;0;1;0;1;1;2,88804251;-60,50325465;SPRF-RR;DEL01-RR;UOP01-DEL01-RR
732835;18/11/2025;terça-feira;21:10:00;RN;304;42,7;MOSSORO;Reação tardia ou ineficiente do condutor;Colisão traseira;Com Vítimas Feridas;Plena Noite;Decrescente;Céu Claro;Dupla;Reta;Não;5;0;3;0;2;0;3;2;-5,21594;-37,36783;SPRF-RN;DEL04-RN;UOP01-DEL04-RN
732843;18/11/2025;terça-feira;19:10:00;MT;70;521;VARZEA GRANDE;Acessar a via sem observar a presença dos outros veículos;Queda de ocupante de veículo;Com Vítimas Feridas;Plena Noite;Decrescente;Céu Claro;Simples;Reta;Sim;1;0;1;0;0;0;1;1;-15,666528;-56,182735;SPRF-MT;DEL01-MT;UOP02-DEL01-MT
732844;18/11/2025;terça-feira;22:32:00;SP;116;215;GUARULHOS;Ausência de reação do condutor;Colisão com objeto;Sem Vítimas;Plena Noite;Crescente;Nublado;Múltipla;Reta;Sim;3;0;0;0;2;1;0;3;-23,44923542;-46,46036474;SPRF-SP;DEL01-SP;UOP01-DEL01-SP
732845;18/11/2025;terça-feira;23:25:00;MG;365;638,8;UBERLANDIA;Acessar a via sem observar a presença dos outros veículos;Colisão traseira;Com Vítimas Feridas;Plena Noite;Decrescente;Nublado;Dupla;"Declive;Reta";Não;2;0;1;0;1;0;1;2;-18,8883908;-48,4441277;SPRF-MG;DEL15-MG;UOP01-DEL15-MG
732846;18/11/2025;terça-feira;07:50:00;PE;104;61,5;CARUARU;Manobra de mudança de faixa;Tombamento;Com Vítimas Feridas;Pleno dia;Crescente;Sol;Dupla;"Interseção de Vias;Reta";Não;1;0;1;0;0;0;1;1;-8,24782;-35,97523;SPRF-PE;DEL02-PE;UOP01-DEL02-PE
732847;18/11/2025;terça-feira;22:30:00;PR;277;611,9;SANTA TEREZA DO OESTE;Acessar a via sem observar a presença dos outros veículos;Colisão transversal;Sem Vítimas;Plena Noite;Crescente;Céu Claro;Simples;Rotatória;Sim;2;0;0;0;2;0;0;2;-25,05065655;-53,62018911;SPRF-PR;DEL05-PR;UOP02-DEL05-PR
732849;18/11/2025;terça-feira;23:59:00;RN;101;84;NATAL;Ausência de reação do condutor;Colisão traseira;Com Vítimas Feridas;Plena Noite;Decrescente;Céu Claro;Dupla;Reta;Sim;2;0;2;0;0;0;2;2;-5,773827;-35,25859;SPRF-RN;DEL02-RN;UOP01-DEL02-RN
732853;19/11/2025;quarta-feira;00:18:00;MG;381;850,8;POUSO ALEGRE;Ausência de reação do condutor;Tombamento;Com Vítimas Feridas;Plena Noite;Crescente;Céu Claro;Dupla;Reta;Não;2;0;1;1;0;0;2;1;-22,23974209;-45,88100325;SPRF-MG;DEL16-MG;UOP01-DEL16-MG
732854;19/11/2025;quarta-feira;00:30:00;MA;10;246;IMPERATRIZ;Chuva;Saída de leito carroçável;Sem Vítimas;Plena Noite;Decrescente;Chuva;Dupla;"Reta;Viaduto";Sim;1;0;0;0;1;0;0;1;-5,576353;-47,442198;SPRF-MA;DEL04-MA;UOP01-DEL04-MA
732860;19/11/2025;quarta-feira;02:00:00;MS;60;400,7;SIDROLANDIA;Pedestre andava na pista;Atropelamento de Pedestre;Com Vítimas Fatais;Plena Noite;Crescente;Céu Claro;Simples;Reta;Não;2;1;0;0;0;1;0;2;-20,806109;-54,798669;SPRF-MS;DEL01-MS;UOP04-DEL01-MS
732865;19/11/2025;quarta-feira;03:30:00;GO;70;456;ARAGARCAS;Animais na Pista;Atropelamento de Animal;Com Vítimas Feridas;Plena Noite;Crescente;Ignorado;Simples;Reta;Não;1;0;1;0;0;0;1;1;-15,912662;-52,02195;SPRF-GO;DEL04-GO;UOP02-DEL04-GO
732867;19/11/2025;quarta-feira;06:22:00;RN;101;100;NATAL;Manobra de mudança de faixa;Colisão lateral mesmo sentido;Com Vítimas Feridas;Pleno dia;Decrescente;Céu Claro;Dupla;"Reta;Declive";Sim;3;0;1;0;1;1;1;2;-5,88029216;-35,22529928;SPRF-RN;DEL01-RN;UOP01-DEL01-RN
732868;18/11/2025;terça-feira;13:43:00;SP;116;211;GUARULHOS;Velocidade Incompatível;Colisão lateral mesmo sentido;Sem Vítimas;Pleno dia;Decrescente;Chuva;Múltipla;"Reta;Declive";Sim;2;0;0;0;0;2;0;2;-23,42993214;-46,4134689;SPRF-SP;DEL01-SP;UOP01-DEL01-SP
732869;19/11/2025;quarta-feira;06:20:00;SC;280;56;GUARAMIRIM;Acessar a via sem observar a presença dos outros veículos;Colisão transversal;Com Vítimas Feridas;Amanhecer;Crescente;Nublado;Dupla;Rotatória;Sim;2;0;1;0;1;0;1;2;-26,47523;-48,988083;SPRF-SC;DEL03-SC;UOP03-DEL03-SC
732870;19/11/2025;quarta-feira;06:40:00;TO;153;146;ARAGUAINA;Ausência de reação do condutor;Saída de leito carroçável;Com Vítimas Feridas;Pleno dia;Decrescente;Nublado;Múltipla;"Declive;Reta";Sim;1;0;1;0;0;0;1;1;-7,21576;-48,24527;SPRF-TO;DEL02-TO;UOP01-DEL02-TO
732872;19/11/2025;quarta-feira;06:45:00;RN;101;104;PARNAMIRIM;Velocidade Incompatível;Colisão traseira;Sem Vítimas;Pleno dia;Decrescente;Céu Claro;Dupla;Reta;Sim;2;0;0;0;2;0;0;2;-5,8961336;-35,25809122;SPRF-RN;DEL01-RN;UOP01-DEL01-RN
732873;19/11/2025;quarta-feira;07:00:00;SC;470;66,8;INDAIAL;Retorno proibido;Colisão lateral mesmo sentido;Com Vítimas Feridas;Pleno dia;Decrescente;Céu Claro;Simples;"Reta;Em Obras";Sim;2;0;1;0;1;0;1;2;-26,8714;-49,22972;SPRF-SC;DEL04-SC;UOP01-DEL04-SC
732877;19/11/2025;quarta-feira;07:40:00;SE;101;92;NOSSA SENHORA DO SOCORRO;Acessar a via sem observar a presença dos outros veículos;Colisão lateral mesmo sentido;Com Vítimas Feridas;Pleno dia;Crescente;Céu Claro;Dupla;Reta;Não;2;0;1;0;1;0;1;2;-10,90891444;-37,13172913;SPRF-SE;DEL01-SE;UOP01-DEL01-SE
732878;19/11/2025;quarta-feira;06:34:00;MG;262;37,8;MANHUACU;Ultrapassagem Indevida;Colisão frontal;Com Vítimas Feridas;Pleno dia;Decrescente;Garoa/Chuvisco;Simples;Reta;Sim;5;0;2;0;3;0;2;2;-20,27197035;-42,04641259;SPRF-MG;DEL06-MG;UOP03-DEL06-MG
732880;19/11/2025;quarta-feira;07:40:00;SP;116;145;SAO JOSE DOS CAMPOS;Condutor deixou de manter distância do veículo da frente;Engavetamento;Com Vítimas Feridas;Pleno dia;Decrescente;Céu Claro;Dupla;Reta;Sim;3;0;1;0;2;0;1;3;-23,18943644;-45,85955143;SPRF-SP;DEL02-SP;UOP01-DEL02-SP
732881;01/11/2025;sábado;23:15:00;PB;230;2;CAMPINA GRANDE;Conversão proibida;Colisão frontal;Com Vítimas Feridas;Plena Noite;Crescente;Céu Claro;Simples;"Declive;Curva";Sim;3;0;1;0;0;2;1;3;-7,210303;-35,932027;SPRF-PB;DEL02-PB;UOP01-DEL02-PB
732882;16/11/2025;domingo;21:00:00;PI;343;314;ALTOS;Transitar na contramão;Colisão lateral sentido oposto;Sem Vítimas;Plena Noite;Decrescente;Céu Claro;Simples;"Aclive;Reta";Não;1;0;0;0;1;0;0;1;-5,045607;-42,508662;SPRF-PI;DEL01-PI;UOP01-DEL01-PI
732883;19/11/2025;quarta-feira;08:11:00;RN;406;170;SAO GONCALO DO AMARANTE;Manobra de mudança de faixa;Colisão lateral mesmo sentido;Com Vítimas Feridas;Pleno dia;Crescente;Céu Claro;Dupla;"Reta;Declive";Não;3;0;2;0;1;0;2;2;-5,757902;-35,301628;SPRF-RN;DEL02-RN;UOP01-DEL02-RN
732884;19/11/2025;quarta-feira;01:40:00;RJ;493;96;SEROPEDICA;Manobra de mudança de faixa;Saída de leito carroçável;Com Vítimas Feridas;Plena Noite;Crescente;Céu Claro;Dupla;Reta;Não;2;0;1;0;1;0;1;1;-22,7153247;-43,7056715;SPRF-RJ;DEL01-RJ;UOP03-DEL01-RJ
732885;19/11/2025;quarta-feira;07:10:00;BA;235;349;JUAZEIRO;Ultrapassagem Indevida;Colisão transversal;Com Vítimas Feridas;Pleno dia;Crescente;Céu Claro;Simples;Reta;Sim;3;0;2;0;1;0;2;2;-9,437807;-40,49779;SPRF-PE;DEL06-PE;UOP01-DEL06-PE
732886;19/11/2025;quarta-feira;08:08:00;TO;153;141;ARAGUAINA;Ausência de reação do condutor;Colisão lateral mesmo sentido;Com Vítimas Feridas;Pleno dia;Crescente;Nublado;Múltipla;Rotatória;Sim;2;0;1;0;1;0;1;2;-7,17892632;-48,22282344;SPRF-TO;DEL02-TO;UOP01-DEL02-TO
732889;19/11/2025;quarta-feira;08:44:00;RS;290;94;PORTO ALEGRE;Ausência de reação do condutor;Colisão traseira;Com Vítimas Feridas;Pleno dia;Crescente;Nublado;Múltipla;Curva;Sim;2;0;1;0;1;0;1;2;-29,97334735;-51,1976354;SPRF-RS;DEL01-RS;UOP01-DEL01-RS
732890;19/11/2025;quarta-feira;08:30:00;MG;381;501;BETIM;Ausência de reação do condutor;Engavetamento;Com Vítimas Feridas;Pleno dia;Decrescente;Céu Claro;Dupla;Reta;Não;6;0;4;0;2;0;4;3;-20,01095883;-44,21888387;SPRF-MG;DEL01-MG;UOP03-DEL01-MG
732891;19/11/2025;quarta-feira;07:22:00;PE;104;17;TAQUARITINGA DO NORTE;Reação tardia ou ineficiente do condutor;Tombamento;Com Vítimas Feridas;Pleno dia;Decrescente;Céu Claro;Simples;Reta;Não;2;0;1;1;0;0;2;1;-7,93262;-36,12016;SPRF-PE;DEL02-PE;UOP01-DEL02-PE
732892;07/11/2025;sexta-feira;10:45:00;PB;230;158,5;CAMPINA GRANDE;Acessar a via sem observar a presença dos outros veículos;Colisão lateral mesmo sentido;Com Vítimas Feridas;Pleno dia;Decrescente;Céu Claro;Simples;"Em Obras;Reta";Sim;2;0;1;0;0;1;1;2;-7,257344;-35,92796;SPRF-PB;DEL02-PB;UOP01-DEL02-PB
732893;19/11/2025;quarta-feira;06:00:00;RJ;101;323;NITEROI;Condutor deixou de manter distância do veículo da frente;Engavetamento;Sem Vítimas;Pleno dia;Crescente;Céu Claro;Dupla;Reta;Sim;4;0;0;0;4;0;0;4;-22,87364461;-43,13215256;SPRF-RJ;DEL02-RJ;UOP01-DEL02-RJ
732896;19/11/2025;quarta-feira;07:30:00;MG;50;72;UBERLANDIA;Velocidade Incompatível;Colisão traseira;Com Vítimas Feridas;Pleno dia;Decrescente;Sol;Dupla;Reta;Não;2;0;0;1;1;0;1;2;-18,89926254;-48,24178219;SPRF-MG;DEL15-MG;UOP01-DEL15-MG
732897;19/11/2025;quarta-feira;09:05:00;RS;285;460,6;IJUI;Acessar a via sem observar a presença dos outros veículos;Colisão transversal;Com Vítimas Feridas;Pleno dia;Crescente;Céu Claro;Simples;"Interseção de Vias;Rotatória;Em Obras";Sim;3;0;1;0;2;0;1;2;-28,417645;-53,921457;SPRF-RS;DEL10-RS;UOP01-DEL10-RS
732899;19/11/2025;quarta-feira;08:30:00;RN;101;95,9;NATAL;Estacionar ou parar em local proibido;Colisão traseira;Com Vítimas Feridas;Pleno dia;Decrescente;Céu Claro;Dupla;Reta;Sim;2;0;1;0;1;0;1;2;-5,8504023;-35,20930409;SPRF-RN;DEL01-RN;UOP01-DEL01-RN
732900;19/11/2025;quarta-feira;02:00:00;MS;163;246,8;DOURADOS;Pedestre andava na pista;Atropelamento de Pedestre;Com Vítimas Feridas;Plena Noite;Decrescente;Céu Claro;Simples;Reta;Não;2;0;0;1;0;1;1;2;-22,33455187;-54,81421217;SPRF-MS;DEL04-MS;UOP02-DEL04-MS
732902;19/11/2025;quarta-feira;08:00:00;SC;101;86;BARRA VELHA;Pista esburacada;Queda de ocupante de veículo;Com Vítimas Feridas;Pleno dia;Crescente;Céu Claro;Dupla;Reta;Não;1;0;1;0;0;0;1;1;-26,63685346;-48,69685006;SPRF-SC;DEL03-SC;UOP02-DEL03-SC
732903;19/11/2025;quarta-feira;08:50:00;MG;251;318;SALINAS;Acessar a via sem observar a presença dos outros veículos;Colisão transversal;Sem Vítimas;Pleno dia;Crescente;Céu Claro;Simples;Interseção de Vias;Sim;4;0;0;0;4;0;0;2;-16,16727375;-42,32333276;SPRF-MG;DEL12-MG;UOP02-DEL12-MG
732905;19/11/2025;quarta-feira;06:20:00;MT;163;1011;TERRA NOVA DO NORTE;Reação tardia ou ineficiente do condutor;Saída de leito carroçável;Com Vítimas Feridas;Pleno dia;Crescente;Céu Claro;Simples;Reta;Não;1;0;1;0;0;0;1;1;-10,52740687;-55,07956639;SPRF-MT;DEL06-MT;UOP03-DEL06-MT
732906;19/11/2025;quarta-feira;09:15:00;ES;101;299,8;VIANA;Ausência de reação do condutor;Colisão lateral sentido oposto;Com Vítimas Feridas;Pleno dia;Crescente;Céu Claro;Simples;Reta;Sim;3;0;2;0;1;0;2;2;-20,3573382;-40,4299421;SPRF-ES;DEL01-ES;UOP01-DEL01-ES
732908;19/11/2025;quarta-feira;07:20:00;PR;369;163;CAMBE;Condutor deixou de manter distância do veículo da frente;Colisão traseira;Com Vítimas Feridas;Pleno dia;Crescente;Céu Claro;Dupla;Reta;Não;2;0;1;0;1;0;1;2;-23,296792;-51,279708;SPRF-PR;DEL07-PR;UOP01-DEL07-PR
732909;19/11/2025;quarta-feira;09:00:00;MT;364;402;CUIABA;Reação tardia ou ineficiente do condutor;Colisão com objeto;Sem Vítimas;Pleno dia;Decrescente;Céu Claro;Múltipla;Reta;Sim;1;0;0;0;1;0;0;1;-15,64631356;-56,00912757;SPRF-MT;DEL01-MT;UOP02-DEL01-MT
732910;12/11/2025;quarta-feira;20:28:00;MT;163;708;SORRISO;Reação tardia ou ineficiente do condutor;Colisão traseira;Sem Vítimas;Plena Noite;Decrescente;Chuva;Simples;Reta;Não;2;0;0;0;1;1;0;2;-12,905611;-55,85;SPRF-MT;DEL06-MT;UOP01-DEL06-MT
732911;19/11/2025;quarta-feira;07:45:00;RJ;101;316;SAO GONCALO;Acessar a via sem observar a presença dos outros veículos;Atropelamento de Pedestre;Com Vítimas Feridas;Pleno dia;Crescente;Céu Claro;Dupla;Reta;Não;2;0;1;0;1;0;1;2;-22,82612634;-43,09094779;SPRF-RJ;DEL02-RJ;UOP02-DEL02-RJ
732912;19/11/2025;quarta-feira;10:00:00;SC;282;23;SANTO AMARO DA IMPERATRIZ;Acessar a via sem observar a presença dos outros veículos;Colisão transversal;Com Vítimas Feridas;Pleno dia;Decrescente;Céu Claro;Simples;Reta;Sim;5;0;4;0;1;0;4;2;-27,68447295;-48,74367563;SPRF-SC;DEL01-SC;UOP02-DEL01-SC