id;data_inversa;dia_semana;horario;uf;br;km;municipio;causa_acidente;tipo_acidente;classificacao_acidente;fase_dia;sentido_via;condicao_metereologica;tipo_pista;tracado_via;uso_solo;pessoas;mortos;feridos_leves;feridos_graves;ilesos;ignorados;feridos;veiculos;latitude;longitude;regional;delegacia;uop
732913;15/11/2025;sábado;05:45:00;SC;158;127;CAIBI;Ingestão de álcool pelo condutor;Saída de leito carroçável;Com Vítimas Feridas;Amanhecer;Crescente;Céu Claro;Simples;Reta;Não;3;0;3;0;0;0;3;1;-27,017253;-53,229259;SPRF-SC;DEL07-SC;UOP02-DEL07-SC
732916;19/11/2025;quarta-feira;11:10:00;RJ;101;64;CAMPOS DOS GOYTACAZES;Entrada inopinada do pedestre;Atropelamento de Pedestre;Com Vítimas Feridas;Pleno dia;Decrescente;Nublado;Simples;Reta;Sim;2;0;1;0;1;0;1;2;-21,751351;-41,338675;SPRF-RJ;DEL08-RJ;UOP02-DEL08-RJ
732918;19/11/2025;quarta-feira;11:05:00;RN;110;49;MOSSORO;Condutor deixou de manter distância do veículo da frente;Colisão lateral mesmo sentido;Com Vítimas Feridas;Pleno dia;Crescente;Sol;Dupla;"Reta;Retorno Regulamentado";Sim;2;0;1;0;1;0;1;2;-5,21979396;-37,32735369;SPRF-RN;DEL04-RN;UOP01-DEL04-RN
732920;19/11/2025;quarta-feira;11:10:00;ES;262;92;DOMINGOS MARTINS;Condutor deixou de manter distância do veículo da frente;Colisão traseira;Com Vítimas Feridas;Pleno dia;Crescente;Céu Claro;Simples;Reta;Não;2;0;1;0;0;1;1;2;-20,379308;-41,040726;SPRF-ES;DEL01-ES;UOP02-DEL01-ES
732921;19/11/2025;quarta-feira;10:30:00;DF;60;12,3;BRASILIA;Ausência de reação do condutor;Colisão com objeto;Com Vítimas Feridas;Pleno dia;Decrescente;Céu Claro;Dupla;"Aclive;Curva";Não;1;0;1;0;0;0;1;1;-15,922377;-48,165773;SPRF-DF;DEL03-DF;UOP01-DEL03-DF
732922;19/11/2025;quarta-feira;11:20:00;PB;230;27,1;JOAO PESSOA;Ausência de reação do condutor;Colisão lateral mesmo sentido;Com Vítimas Feridas;Pleno dia;Decrescente;Céu Claro;Dupla;Reta;Sim;2;0;1;0;1;0;1;2;-7,1667593;-34,88759905;SPRF-PB;DEL01-PB;UOP01-DEL01-PB
732923;19/11/2025;quarta-feira;11:20:00;PE;232;5,2;RECIFE;Pista Escorregadia;Tombamento;Com Vítimas Feridas;Pleno dia;Crescente;Céu Claro;Simples;Curva;Não;2;0;2;0;0;0;2;1;-8,0678;-34,94573;SPRF-PE;DEL01-PE;UOP01-DEL01-PE
732926;19/11/2025;quarta-feira;12:00:00;ES;393;2,5;CACHOEIRO DE ITAPEMIRIM;Acessar a via sem observar a presença dos outros veículos;Colisão transversal;Com Vítimas Feridas;Pleno dia;Crescente;Sol;Simples;"Reta;Interseção de Vias";Sim;2;0;0;1;1;0;1;2;-20,83218124;-41,17804527;SPRF-ES;DEL03-ES;UOP02-DEL03-ES
732929;11/11/2025;terça-feira;04:20:00;RN;427;103,9;CAICO;Ingestão de álcool pelo condutor;Colisão com objeto;Com Vítimas Feridas;Plena Noite;Crescente;Céu Claro;Simples;"Rotatória;Aclive;Reta";Não;1;0;0;1;0;0;1;1;-6,4289776;-37,0835014;SPRF-RN;DEL03-RN;UOP01-DEL03-RN
732930;19/11/2025;quarta-feira;12:35:00;PB;101;30,7;RIO TINTO;Avarias e/ou desgaste excessivo no pneu;Tombamento;Com Vítimas Feridas;Pleno dia;Crescente;Céu Claro;Dupla;Reta;Não;2;0;2;0;0;0;2;1;-6,755243;-35,134212;SPRF-PB;DEL01-PB;UOP03-DEL01-PB
732931;24/08/2025;domingo;20:00:00;MG;381;504,1;BETIM;Entrada inopinada do pedestre;Atropelamento de Pedestre;Com Vítimas Fatais;Plena Noite;Crescente;Céu Claro;Dupla;"Aclive;Reta";Sim;2;1;0;0;1;0;0;2;-20,0294564;-44,2361751;SPRF-MG;DEL01-MG;UOP03-DEL01-MG
732932;19/11/2025;quarta-feira;09:20:00;RJ;101;292;ITABORAI;Acessar a via sem observar a presença dos outros veículos;Queda de ocupante de veículo;Com Vítimas Feridas;Pleno dia;Crescente;Céu Claro;Dupla;Reta;Sim;1;0;1;0;0;0;1;1;-22,75971981;-42,89611816;SPRF-RJ;DEL02-RJ;UOP02-DEL02-RJ
732935;19/11/2025;quarta-feira;11:30:00;PR;369;418,9;UBIRATA;Desrespeitar a preferência no cruzamento;Colisão transversal;Com Vítimas Feridas;Pleno dia;Decrescente;Céu Claro;Simples;"Interseção de Vias;Reta;Aclive";Não;2;0;0;1;1;0;1;2;-24,48885188;-52,89397566;SPRF-PR;DEL04-PR;UOP03-DEL04-PR
732936;19/11/2025;quarta-feira;12:15:00;SC;101;174,4;GOVERNADOR CELSO RAMOS;Acessar a via sem observar a presença dos outros veículos;Colisão lateral mesmo sentido;Com Vítimas Feridas;Pleno dia;Crescente;Céu Claro;Dupla;Reta;Não;4;0;3;0;1;0;3;2;-27,32601035;-48,62689225;SPRF-SC;DEL01-SC;UOP01-DEL01-SC
732938;19/11/2025;quarta-feira;12:05:00;SC;282;511,8;XANXERE;Ausência de reação do condutor;Colisão frontal;Com Vítimas Feridas;Pleno dia;Decrescente;Céu Claro;Simples;"Reta;Aclive";Não;3;0;3;0;0;0;3;2;-26,90994904;-52,47083187;SPRF-SC;DEL07-SC;UOP01-DEL07-SC
732942;19/11/2025;quarta-feira;07:00:00;MG;381;213;BELO ORIENTE;Condutor Dormindo;Colisão com objeto;Com Vítimas Feridas;Pleno dia;Decrescente;Sol;Simples;Reta;Não;2;0;2;0;0;0;2;1;-19,26506533;-42,34832659;SPRF-MG;DEL06-MG;UOP01-DEL06-MG
732943;19/11/2025;quarta-feira;11:40:00;MS;267;335;RIO BRILHANTE;Condutor usando celular;Saída de leito carroçável;Com Vítimas Fatais;Pleno dia;Crescente;Céu Claro;Simples;Reta;Não;2;1;0;1;0;0;1;1;-21,576587;-54,899105;SPRF-MS;DEL02-MS;UOP02-DEL02-MS
732944;19/11/2025;quarta-feira;11:09:00;AC;364;135;RIO BRANCO;Acessar a via sem observar a presença dos outros veículos;Colisão lateral mesmo sentido;Sem Vítimas;Pleno dia;Decrescente;Céu Claro;Dupla;"Interseção de Vias;Rotatória";Sim;2;0;0;0;2;0;0;2;-9,986394;-67,845302;SPRF-AC;DEL01-AC;UOP01-DEL01-AC
732945;19/11/2025;quarta-feira;13:00:00;PR;376;226,2;APUCARANA;Ausência de reação do condutor;Saída de leito carroçável;Com Vítimas Feridas;Pleno dia;Decrescente;Céu Claro;Dupla;"Declive;Reta";Não;1;0;0;1;0;0;1;1;-23,58541136;-51,56382917;SPRF-PR;DEL07-PR;UOP03-DEL07-PR
732946;29/09/2025;segunda-feira;07:30:00;PR;116;115;CURITIBA;Reação tardia ou ineficiente do condutor;Engavetamento;Com Vítimas Feridas;Pleno dia;Decrescente;Céu Claro;Múltipla;Reta;Não;3;0;1;0;2;0;1;3;-25,54518;-49,2992865;SPRF-PR;DEL01-PR;UOP03-DEL01-PR
732948;19/11/2025;quarta-feira;13:20:00;SC;101;298,5;LAGUNA;Acessar a via sem observar a presença dos outros veículos;Colisão transversal;Com Vítimas Feridas;Pleno dia;Decrescente;Céu Claro;Múltipla;Reta;Não;2;0;2;0;0;0;2;2;-28,3501089;-48,73884916;SPRF-SC;DEL02-SC;UOP03-DEL02-SC
732951;19/11/2025;quarta-feira;13:05:00;RS;153;47;ERECHIM;Desrespeitar a preferência no cruzamento;Colisão transversal;Com Vítimas Feridas;Pleno dia;Decrescente;Céu Claro;Simples;Rotatória;Sim;2;0;1;0;1;0;1;2;-27,64259005;-52,2451723;SPRF-RS;DEL08-RS;UOP04-DEL08-RS
732958;19/11/2025;quarta-feira;12:40:00;GO;60;438;JATAI;Ausência de reação do condutor;Saída de leito carroçável;Com Vítimas Feridas;Pleno dia;Decrescente;Céu Claro;Dupla;Declive;Não;1;0;1;0;0;0;1;1;-17,83781;-51,41872;SPRF-GO;DEL04-GO;UOP02-DEL04-GO
732959;12/11/2025;quarta-feira;19:01:00;PR;476;153;ARAUCARIA;Transitar na contramão;Colisão frontal;Com Vítimas Feridas;Anoitecer;Decrescente;Nublado;Simples;Interseção de Vias;Sim;2;0;0;1;1;0;1;2;-25,57712765;-49,39197628;SPRF-PR;DEL01-PR;UOP06-DEL01-PR
732960;19/11/2025;quarta-feira;11:30:00;GO;60;269,5;JANDAIA;Mal súbito do condutor;Colisão com objeto;Sem Vítimas;Pleno dia;Crescente;Céu Claro;Dupla;Retorno Regulamentado;Não;1;0;0;0;1;0;0;1;-17,207925;-50,129045;SPRF-GO;DEL01-GO;UOP02-DEL01-GO
732962;19/11/2025;quarta-feira;12:30:00;RO;364;423;JARU;Condutor deixou de manter distância do veículo da frente;Colisão traseira;Sem Vítimas;Pleno dia;Crescente;Céu Claro;Simples;"Ponte;Reta;Em Obras";Não;2;0;0;0;2;0;0;2;-10,447782;-62,463668;SPRF-RO;DEL03-RO;UOP02-DEL03-RO
732963;19/11/2025;quarta-feira;15:00:00;PB;230;19;JOAO PESSOA;Condutor deixou de manter distância do veículo da frente;Colisão traseira;Com Vítimas Feridas;Pleno dia;Decrescente;Céu Claro;Dupla;Reta;Sim;3;0;1;0;2;0;1;3;-7,130703;-34,851517;SPRF-PB;DEL01-PB;UOP01-DEL01-PB
732964;19/11/2025;quarta-feira;14:15:00;BA;324;353;CAPIM GROSSO;Conversão proibida;Colisão transversal;Com Vítimas Feridas;Pleno dia;Crescente;Nublado;Simples;Rotatória;Sim;3;0;1;0;1;1;1;3;-11,37726498;-40,01880264;SPRF-BA;DEL04-BA;UOP02-DEL04-BA
732969;19/11/2025;quarta-feira;12:00:00;BA;324;524;FEIRA DE SANTANA;Transitar na contramão;Colisão frontal;Com Vítimas Feridas;Pleno dia;Crescente;Céu Claro;Dupla;Reta;Sim;2;0;0;1;1;0;1;2;-12,29504513;-38,90554905;SPRF-BA;DEL01-BA;UOP03-DEL01-BA
732970;09/11/2025;domingo;09:35:00;SC;280;58,7;GUARAMIRIM;Ingestão de álcool pelo condutor;Saída de leito carroçável;Com Vítimas Feridas;Pleno dia;Decrescente;Nublado;Dupla;Reta;Sim;1;0;1;0;0;0;1;1;-26,474743;-49,027925;SPRF-SC;DEL03-SC;UOP03-DEL03-SC
732971;19/11/2025;quarta-feira;13:40:00;RJ;40;123;DUQUE DE CAXIAS;Manobra de mudança de faixa;Colisão lateral mesmo sentido;Com Vítimas Feridas;Pleno dia;Decrescente;Céu Claro;Múltipla;Reta;Sim;3;0;2;0;1;0;2;2;-22,79729142;-43,2889962;SPRF-RJ;DEL01-RJ;UOP02-DEL01-RJ
732974;19/11/2025;quarta-feira;13:30:00;MT;174;429;COMODORO;Ausência de reação do condutor;Saída de leito carroçável;Com Vítimas Feridas;Pleno dia;Crescente;Céu Claro;Simples;Reta;Não;1;0;0;1;0;0;1;1;-13,82234968;-59,76527753;SPRF-MT;DEL04-MT;UOP02-DEL04-MT
732977;19/11/2025;quarta-feira;14:15:00;PR;373;172;PONTA GROSSA;Ausência de reação do condutor;Colisão lateral mesmo sentido;Com Vítimas Feridas;Pleno dia;Decrescente;Céu Claro;Dupla;Reta;Sim;3;0;1;1;1;0;2;2;-25,08068;-50,19439;SPRF-PR;DEL03-PR;UOP01-DEL03-PR
732978;19/11/2025;quarta-feira;14:20:00;BA;418;109,7;NOVA VICOSA;Acessar a via sem observar a presença dos outros veículos;Colisão frontal;Com Vítimas Fatais;Pleno dia;Crescente;Céu Claro;Simples;Reta;Não;5;1;0;4;0;0;4;2;-17,892933;-40,052367;SPRF-BA;DEL09-BA;UOP02-DEL09-BA
732980;19/11/2025;quarta-feira;16:50:00;RJ;101;75;CAMPOS DOS GOYTACAZES;Ausência de reação do condutor;Queda de ocupante de veículo;Com Vítimas Feridas;Pleno dia;Decrescente;Céu Claro;Simples;Curva;Não;1;0;1;0;0;0;1;1;-21,81720184;-41,39854431;SPRF-RJ;DEL08-RJ;UOP02-DEL08-RJ
732981;19/11/2025;quarta-feira;15:55:00;CE;304;46;ARACATI;Acessar a via sem observar a presença dos outros veículos;Colisão transversal;Com Vítimas Feridas;Pleno dia;Decrescente;Céu Claro;Simples;"Reta;Rotatória;Retorno Regulamentado";Sim;2;0;2;0;0;0;2;2;-4,5790787;-37,7343883;SPRF-CE;DEL03-CE;UOP02-DEL03-CE
732984;19/11/2025;quarta-feira;17:10:00;MG;381;517;SARZEDO;Velocidade Incompatível;Colisão com objeto;Com Vítimas Feridas;Pleno dia;Decrescente;Céu Claro;Dupla;Curva;Não;2;0;2;0;0;0;2;1;-20,0818;-44,1167;SPRF-MG;DEL01-MG;UOP03-DEL01-MG
732985;19/11/2025;quarta-feira;17:12:00;PB;230;27;ALHANDRA;Ausência de reação do condutor;Queda de ocupante de veículo;Com Vítimas Feridas;Pleno dia;Crescente;Céu Claro;Dupla;Reta;Não;2;0;2;0;0;0;2;1;-7,3337776;-34,9476692;SPRF-PB;DEL01-PB;UOP01-DEL01-PB
732987;19/11/2025;quarta-feira;17:40:00;SP;116;230;SAO PAULO;Trafegar com motocicleta (ou similar) entre as faixas;Colisão lateral mesmo sentido;Com Vítimas Feridas;Pleno dia;Decrescente;Sol;Múltipla;Reta;Sim;2;0;2;0;0;0;2;2;-23,52024933;-46,58315665;SPRF-SP;DEL01-SP;UOP01-DEL01-SP
732988;19/11/2025;quarta-feira;17:30:00;SP;101;48,8;UBATUBA;Entrada inopinada do pedestre;Atropelamento de Pedestre;Com Vítimas Feridas;Pleno dia;Crescente;Céu Claro;Simples;Reta;Sim;3;0;0;1;2;0;1;2;-23,4419122;-45,08616898;SPRF-SP;DEL06-SP;UOP01-DEL06-SP
732991;19/11/2025;quarta-feira;17:10:00;SE;235;11,5;NOSSA SENHORA DO SOCORRO;Reação tardia ou ineficiente do condutor;Colisão traseira;Com Vítimas Feridas;Anoitecer;Decrescente;Céu Claro;Dupla;"Aclive;Curva";Sim;3;0;1;0;2;0;1;2;-10,87757;-37,157582;SPRF-SE;DEL01-SE;UOP01-DEL01-SE
732993;19/11/2025;quarta-feira;16:10:00;SC;101;125,8;ITAJAI;Trafegar com motocicleta (ou similar) entre as faixas;Tombamento;Com Vítimas Feridas;Pleno dia;Decrescente;Céu Claro;Dupla;Reta;Não;1;0;1;0;0;0;1;1;-26,95388;-48,67942;SPRF-SC;DEL04-SC;UOP04-DEL04-SC
732994;19/11/2025;quarta-feira;17:26:00;PE;101;44;IGARASSU;Acessar a via sem observar a presença dos outros veículos;Colisão transversal;Com Vítimas Feridas;Anoitecer;Crescente;Céu Claro;Simples;"Interseção de Vias;Retorno Regulamentado;Reta";Sim;3;0;0;1;2;0;1;2;-7,857952;-34,908283;SPRF-PE;DEL01-PE;UOP02-DEL01-PE
732997;19/11/2025;quarta-feira;17:00:00;SC;101;49;JOINVILLE;Frear bruscamente;Tombamento;Com Vítimas Feridas;Pleno dia;Crescente;Nublado;Dupla;Reta;Não;1;0;1;0;0;0;1;1;-26,382505;-48,851392;SPRF-SC;DEL03-SC;UOP01-DEL03-SC
732998;19/11/2025;quarta-feira;17:50:00;SE;101;9;CEDRO DE SAO JOAO;Velocidade Incompatível;Saída de leito carroçável;Com Vítimas Feridas;Plena Noite;Decrescente;Céu Claro;Dupla;Curva;Não;1;0;0;1;0;0;1;1;-10,261767;-36,864643;SPRF-SE;DEL02-SE;UOP02-DEL02-SE
732999;19/11/2025;quarta-feira;18:20:00;PI;343;343;TERESINA;Ausência de reação do condutor;Colisão traseira;Sem Vítimas;Plena Noite;Crescente;Céu Claro;Simples;"Reta;Ponte";Sim;2;0;0;0;2;0;0;2;-5,093559;-42,762319;SPRF-PI;DEL01-PI;UOP01-DEL01-PI
733001;19/11/2025;quarta-feira;18:40:00;MG;381;477;BETIM;Ausência de reação do condutor;Colisão traseira;Com Vítimas Feridas;Plena Noite;Decrescente;Céu Claro;Dupla;"Reta;Aclive";Sim;3;0;1;1;1;0;2;3;-19,9606036;-44,0875632;SPRF-MG;DEL01-MG;UOP03-DEL01-MG
733003;19/11/2025;quarta-feira;18:05:00;SC;470;35;GASPAR;Ausência de reação do condutor;Saída de leito carroçável;Com Vítimas Feridas;Anoitecer;Decrescente;Céu Claro;Simples;"Reta;Em Obras";Não;1;0;1;0;0;0;1;1;-26,91393068;-48,9674592;SPRF-SC;DEL04-SC;UOP01-DEL04-SC
733004;19/11/2025;quarta-feira;18:28:00;SC;470;44;GASPAR;Manobra de mudança de faixa;Colisão lateral mesmo sentido;Com Vítimas Feridas;Amanhecer;Crescente;Nublado;Dupla;Reta;Não;2;0;1;0;1;0;1;2;-26,86907007;-49,02629312;SPRF-SC;DEL04-SC;UOP01-DEL04-SC
733005;19/11/2025;quarta-feira;18:26:00;RN;406;160;CEARA-MIRIM;Acessar a via sem observar a presença dos outros veículos;Colisão traseira;Com Vítimas Feridas;Plena Noite;Decrescente;Céu Claro;Simples;Reta;Não;2;0;1;0;1;0;1;2;-5,71425;-35,371683;SPRF-RN;DEL02-RN;UOP01-DEL02-RN
733007;19/11/2025;quarta-feira;18:30:00;GO;153;499,9;GOIANIA;Ingestão de álcool pelo condutor;Colisão lateral mesmo sentido;Sem Vítimas;Anoitecer;Crescente;Céu Claro;Dupla;Reta;Sim;4;0;0;0;4;0;0;2;-16,70168789;-49,23121188;SPRF-GO;DEL01-GO;UOP01-DEL01-GO
733008;19/11/2025;quarta-feira;18:40:00;PR;277;455,7;LARANJEIRAS DO SUL;Acessar a via sem observar a presença dos outros veículos;Colisão transversal;Com Vítimas Feridas;Anoitecer;Decrescente;Céu Claro;Simples;"Reta;Interseção de Vias";Sim;2;0;0;1;1;0;1;2;-25,37843304;-52,39638448;SPRF-PR;DEL04-PR;UOP02-DEL04-PR
733009;19/11/2025;quarta-feira;19:00:00;MG;267;13;LEOPOLDINA;Transitar na contramão;Colisão frontal;Com Vítimas Feridas;Plena Noite;Crescente;Céu Claro;Simples;Reta;Não;2;0;1;0;1;0;1;2;-21,57687128;-42,71612406;SPRF-MG;DEL07-MG;UOP01-DEL07-MG
733011;19/11/2025;quarta-feira;16:25:00;BA;367;27;PORTO SEGURO;Demais falhas mecânicas ou elétricas;Queda de ocupante de veículo;Com Vítimas Feridas;Pleno dia;Decrescente;Céu Claro;Simples;Reta;Sim;2;0;2;0;0;0;2;1;-16,42177;-39,10384;SPRF-BA;DEL09-BA;UOP03-DEL09-BA
733012;19/11/2025;quarta-feira;18:00:00;SP;116;61,4;GUARATINGUETA;Reação tardia ou ineficiente do condutor;Colisão lateral mesmo sentido;Com Vítimas Feridas;Anoitecer;Crescente;Céu Claro;Dupla;Reta;Sim;5;0;1;1;3;0;2;3;-22,79976456;-45,1686675;SPRF-SP;DEL08-SP;UOP01-DEL08-SP
733013;19/11/2025;quarta-feira;15:05:00;PE;423;97;GARANHUNS;Ausência de reação do condutor;Tombamento;Com Vítimas Feridas;Pleno dia;Decrescente;Céu Claro;Simples;"Declive;Reta";Não;1;0;0;1;0;0;1;1;-8,8766287;-36,5022668;SPRF-PE;DEL03-PE;UOP01-DEL03-PE
733015;19/11/2025;quarta-feira;18:45:00;MG;40;522;CONTAGEM;Entrada inopinada do pedestre;Atropelamento de Pedestre;Com Vítimas Fatais;Plena Noite;Crescente;Céu Claro;Dupla;"Reta;Declive";Sim;3;1;0;0;2;0;0;2;-19,8644925;-44,0671012;SPRF-MG;DEL01-MG;UOP02-DEL01-MG
733016;19/11/2025;quarta-feira;19:25:00;RS;290;101;PORTO ALEGRE;Manobra de mudança de faixa;Colisão lateral mesmo sentido;Com Vítimas Feridas;Anoitecer;Crescente;Nublado;Dupla;Reta;Sim;2;0;1;0;1;0;1;2;-29,985851;-51,248399;SPRF-RS;DEL01-RS;UOP01-DEL01-RS
733017;19/11/2025;quarta-feira;19:00:00;SC;101;203,6;SAO JOSE;Ingestão de álcool pelo condutor;Colisão traseira;Sem Vítimas;Plena Noite;Crescente;Céu Claro;Dupla;Reta;Sim;2;0;0;0;2;0;0;2;-27,56272;-48,65688;SPRF-SC;DEL01-SC;UOP01-DEL01-SC
733019;19/11/2025;quarta-feira;10:20:00;MS;0;0;CORUMBA;Demais falhas mecânicas ou elétricas;Colisão com objeto;Sem Vítimas;Pleno dia;Não Informado;Céu Claro;Simples;Reta;Não;2;0;0;0;1;1;0;2;-19,0257375;-57,6736704;SPRF-MS;DEL03-MS;UOP03-DEL03-MS
733020;19/11/2025;quarta-feira;19:00:00;PR;376;227;APUCARANA;Ausência de reação do condutor;Saída de leito carroçável;Com Vítimas Feridas;Anoitecer;Decrescente;Céu Claro;Dupla;"Aclive;Curva";Não;2;0;0;2;0;0;2;1;-23,58509;-51,55854;SPRF-PR;DEL07-PR;UOP03-DEL07-PR
733021;19/11/2025;quarta-feira;18:40:00;TO;153;6,1;XAMBIOA;Transitar no Acostamento;Atropelamento de Pedestre;Com Vítimas Feridas;Plena Noite;Crescente;Nublado;Simples;"Reta;Declive";Não;2;0;1;1;0;0;2;2;-6,435567;-48,52169;SPRF-TO;DEL02-TO;UOP01-DEL02-TO
733023;19/11/2025;quarta-feira;17:37:00;RJ;116;304;RESENDE;Transitar no Acostamento;Colisão traseira;Com Vítimas Feridas;Pleno dia;Crescente;Nublado;Dupla;Reta;Não;3;0;1;0;2;0;1;2;-22,453645;-44,371373;SPRF-RJ;DEL07-RJ;UOP02-DEL07-RJ
733024;19/11/2025;quarta-feira;19:40:00;PE;101;50;ABREU E LIMA;Ausência de reação do condutor;Queda de ocupante de veículo;Com Vítimas Feridas;Plena Noite;Crescente;Céu Claro;Múltipla;Reta;Sim;1;0;0;1;0;0;1;1;-7,9084967;-34,902244;SPRF-PE;DEL01-PE;UOP02-DEL01-PE
733025;19/11/2025;quarta-feira;19:10:00;PR;277;80;CURITIBA;Ausência de reação do condutor;Colisão traseira;Com Vítimas Feridas;Plena Noite;Decrescente;Nublado;Dupla;Reta;Sim;5;0;1;1;3;0;2;3;-25,46043523;-49,22027048;SPRF-PR;DEL01-PR;UOP03-DEL01-PR
733026;19/11/2025;quarta-feira;19:28:00;PE;101;72,6;RECIFE;Acessar a via sem observar a presença dos outros veículos;Colisão lateral mesmo sentido;Com Vítimas Feridas;Plena Noite;Decrescente;Céu Claro;Múltipla;Reta;Sim;2;0;2;0;0;0;2;2;-8,09046;-34,94651;SPRF-PE;DEL01-PE;UOP01-DEL01-PE
733027;19/11/2025;quarta-feira;19:20:00;MG;40;639,8;CONSELHEIRO LAFAIETE;Acessar a via sem observar a presença dos outros veículos;Colisão transversal;Com Vítimas Feridas;Plena Noite;Crescente;Céu Claro;Simples;"Aclive;Reta";Não;3;0;2;0;0;1;2;2;-20,7423;-43,800725;SPRF-MG;DEL05-MG;UOP02-DEL05-MG
733028;19/11/2025;quarta-feira;19:00:00;SC;282;0,8;FLORIANOPOLIS;Condutor deixou de manter distância do veículo da frente;Colisão traseira;Sem Vítimas;Plena Noite;Decrescente;Céu Claro;Múltipla;"Declive;Reta";Sim;3;0;0;0;3;0;0;3;-27,6;-48,576;SPRF-SC;DEL01-SC;UOP01-DEL01-SC
733029;19/11/2025;quarta-feira;19:35:00;MG;381;503;BETIM;Ausência de reação do condutor;Colisão traseira;Com Vítimas Feridas;Plena Noite;Crescente;Céu Claro;Dupla;Reta;Não;2;0;0;1;1;0;1;2;-20,0270712;-44,23293114;SPRF-MG;DEL01-MG;UOP03-DEL01-MG
733031;19/11/2025;quarta-feira;19:50:00;MG;40;484,9;SETE LAGOAS;Pedestre andava na pista;Atropelamento de Pedestre;Com Vítimas Feridas;Plena Noite;Crescente;Ignorado;Dupla;"Aclive;Reta";Não;4;0;1;1;1;1;2;2;-19,4248704;-44,3252736;SPRF-MG;DEL02-MG;UOP01-DEL02-MG
733032;19/11/2025;quarta-feira;15:30:00;BA;410;21,2;TUCANO;Ausência de reação do condutor;Saída de leito carroçável;Com Vítimas Fatais;Pleno dia;Decrescente;Chuva;Simples;Reta;Não;2;1;1;0;0;0;1;1;-10,919652;-38,693649;SPRF-BA;DEL07-BA;UOP02-DEL07-BA
733034;19/11/2025;quarta-feira;19:20:00;MG;365;621;UBERLANDIA;Condutor deixou de manter distância do veículo da frente;Colisão traseira;Com Vítimas Feridas;Pleno dia;Crescente;Céu Claro;Simples;Reta;Sim;1;0;1;0;0;0;1;1;-18,89851868;-48,27199504;SPRF-MG;DEL15-MG;UOP01-DEL15-MG
733037;19/11/2025;quarta-feira;18:00:00;RJ;40;111;DUQUE DE CAXIAS;Ausência de reação do condutor;Engavetamento;Com Vítimas Feridas;Pleno dia;Decrescente;Céu Claro;Dupla;Reta;Sim;4;0;1;0;3;0;1;3;-22,6946338;-43,288205;SPRF-RJ;DEL01-RJ;UOP02-DEL01-RJ
733038;19/11/2025;quarta-feira;19:00:00;BA;110;340;ALAGOINHAS;Transitar na contramão;Colisão frontal;Com Vítimas Feridas;Plena Noite;Decrescente;Céu Claro;Simples;Reta;Não;3;0;2;0;1;0;2;2;-12,16282769;-38,41519833;SPRF-BA;DEL01-BA;UOP04-DEL01-BA
733039;19/11/2025;quarta-feira;19:50:00;SC;101;136;BALNEARIO CAMBORIU;Manobra de mudança de faixa;Colisão lateral mesmo sentido;Com Vítimas Feridas;Anoitecer;Crescente;Céu Claro;Múltipla;Reta;Não;2;0;1;0;1;0;1;2;-27,01419619;-48,61293403;SPRF-SC;DEL04-SC;UOP03-DEL04-SC
733040;19/11/2025;quarta-feira;19:25:00;SC;101;131;CAMBORIU;Pedestre andava na pista;Atropelamento de Pedestre;Com Vítimas Feridas;Plena Noite;Crescente;Nublado;Dupla;Reta;Não;2;0;1;0;0;1;1;2;-26,99493629;-48,65883619;SPRF-SC;DEL04-SC;UOP03-DEL04-SC
733041;19/11/2025;quarta-feira;19:30:00;PR;277;668,8;MEDIANEIRA;Demais falhas mecânicas ou elétricas;Queda de ocupante de veículo;Com Vítimas Feridas;Plena Noite;Decrescente;Céu Claro;Dupla;Reta;Sim;2;0;0;2;0;0;2;1;-25,264898;-54,052283;SPRF-PR;DEL05-PR;UOP02-DEL05-PR
733042;19/11/2025;quarta-feira;20:20:00;ES;262;49;MARECHAL FLORIANO;Reação tardia ou ineficiente do condutor;Saída de leito carroçável;Com Vítimas Feridas;Plena Noite;Crescente;Nublado;Simples;Reta;Não;1;0;1;0;0;0;1;1;-20,4121184;-40,70478559;SPRF-ES;DEL01-ES;UOP01-DEL01-ES
733043;19/11/2025;quarta-feira;17:50:00;AM;319;50;CANUTAMA;Ausência de reação do condutor;Saída de leito carroçável;Com Vítimas Fatais;Anoitecer;Crescente;Céu Claro;Simples;Reta;Não;3;1;0;0;0;2;0;2;-8,142907;-63,756802;SPRF-AM;DEL01-AM;UOP04-DEL01-AM
733044;19/11/2025;quarta-feira;20:00:00;MG;381;383;BARAO DE COCAIS;Ausência de reação do condutor;Colisão traseira;Com Vítimas Feridas;Plena Noite;Decrescente;Nublado;Dupla;"Reta;Declive";Não;2;0;2;0;0;0;2;2;-19,79508733;-43,42614982;SPRF-MG;DEL01-MG;UOP01-DEL01-MG
733045;19/11/2025;quarta-feira;18:10:00;BA;430;300;BOM JESUS DA LAPA;Reação tardia ou ineficiente do condutor;Saída de leito carroçável;Com Vítimas Feridas;Anoitecer;Decrescente;Céu Claro;Simples;Reta;Não;1;0;0;1;0;0;1;1;-13,318092;-43,339003;SPRF-BA;DEL08-BA;UOP01-DEL08-BA