id;data_inversa;dia_semana;horario;uf;br;km;municipio;causa_acidente;tipo_acidente;classificacao_acidente;fase_dia;sentido_via;condicao_metereologica;tipo_pista;tracado_via;uso_solo;pessoas;mortos;feridos_leves;feridos_graves;ilesos;ignorados;feridos;veiculos;latitude;longitude;regional;delegacia;uop
733427;21/11/2025;sexta-feira;17:07:00;PE;101;69;RECIFE;Condutor deixou de manter distância do veículo da frente;Colisão traseira;Com Vítimas Feridas;Anoitecer;Decrescente;Céu Claro;Dupla;Reta;Sim;3;0;1;2;0;0;3;3;-8,05984;-34,94572;SPRF-PE;DEL01-PE;UOP01-DEL01-PE
733428;21/11/2025;sexta-feira;14:30:00;RS;153;584;BAGE;Reação tardia ou ineficiente do condutor;Colisão lateral mesmo sentido;Com Vítimas Feridas;Pleno dia;Crescente;Nublado;Simples;"Curva;Aclive";Não;4;0;1;0;3;0;1;2;-31,09377135;-53,73185635;SPRF-RS;DEL11-RS;UOP03-DEL11-RS
733430;21/11/2025;sexta-feira;17:30:00;PA;230;12,4;ALTAMIRA;Acessar a via sem observar a presença dos outros veículos;Colisão lateral mesmo sentido;Com Vítimas Feridas;Pleno dia;Crescente;Nublado;Dupla;"Aclive;Reta";Não;2;0;1;0;1;0;1;2;-3,2015895;-52,23778545;SPRF-PA;DEL04-PA;UOP01-DEL04-PA
733431;21/11/2025;sexta-feira;17:00:00;SP;101;35;UBATUBA;Ausência de reação do condutor;Colisão traseira;Sem Vítimas;Pleno dia;Crescente;Céu Claro;Simples;Reta;Não;6;0;0;0;6;0;0;2;-23,39148;-44,999248;SPRF-SP;DEL06-SP;UOP01-DEL06-SP
733433;21/11/2025;sexta-feira;17:30:00;AL;316;255;PILAR;Desrespeitar a preferência no cruzamento;Colisão transversal;Com Vítimas Feridas;Anoitecer;Crescente;Céu Claro;Simples;Reta;Não;2;0;1;0;1;0;1;2;-9,59082346;-35,94362704;SPRF-AL;DEL02-AL;UOP01-DEL02-AL
733435;21/11/2025;sexta-feira;17:20:00;SP;116;78;ROSEIRA;Condutor deixou de manter distância do veículo da frente;Engavetamento;Com Vítimas Feridas;Pleno dia;Crescente;Céu Claro;Dupla;Reta;Sim;6;0;2;0;4;0;2;4;-22,88728175;-45,28451666;SPRF-SP;DEL08-SP;UOP01-DEL08-SP
733436;21/11/2025;sexta-feira;16:55:00;MA;10;246;IMPERATRIZ;Ingestão de álcool pelo condutor;Colisão transversal;Com Vítimas Feridas;Pleno dia;Decrescente;Céu Claro;Simples;Reta;Sim;2;0;1;0;1;0;1;2;-5,576398;-47,442188;SPRF-MA;DEL04-MA;UOP01-DEL04-MA
733440;21/11/2025;sexta-feira;17:15:00;RN;110;45,2;MOSSORO;Ultrapassagem Indevida;Colisão frontal;Com Vítimas Feridas;Pleno dia;Crescente;Céu Claro;Simples;Reta;Sim;2;0;1;0;1;0;1;2;-5,19441329;-37,31367946;SPRF-RN;DEL04-RN;UOP01-DEL04-RN
733442;21/11/2025;sexta-feira;18:20:00;MG;365;0;MONTES CLAROS;Chuva;Tombamento;Com Vítimas Feridas;Plena Noite;Decrescente;Chuva;Simples;Reta;Sim;3;0;2;0;1;0;2;2;-16,7639535;-43,8831866;SPRF-MG;DEL12-MG;UOP01-DEL12-MG
733443;21/11/2025;sexta-feira;14:00:00;MS;262;773,4;CORUMBA;Reação tardia ou ineficiente do condutor;Colisão lateral mesmo sentido;Com Vítimas Feridas;Pleno dia;Crescente;Sol;Simples;Curva;Sim;2;0;1;0;1;0;1;2;-19,0341846;-57,650274;SPRF-MS;DEL03-MS;UOP03-DEL03-MS
733444;21/11/2025;sexta-feira;15:45:00;SC;101;342;TUBARAO;Demais falhas mecânicas ou elétricas;Tombamento;Com Vítimas Feridas;Pleno dia;Decrescente;Céu Claro;Dupla;Reta;Sim;2;0;2;0;0;0;2;1;-28,532524;-49,054437;SPRF-SC;DEL02-SC;UOP01-DEL02-SC
733445;21/11/2025;sexta-feira;18:15:00;SC;101;205,2;SAO JOSE;Trafegar com motocicleta (ou similar) entre as faixas;Colisão lateral mesmo sentido;Com Vítimas Feridas;Anoitecer;Crescente;Céu Claro;Múltipla;Reta;Sim;2;0;0;1;1;0;1;2;-27,59029146;-48,6178869;SPRF-SC;DEL01-SC;UOP01-DEL01-SC
733447;21/11/2025;sexta-feira;16:30:00;PR;277;511;GUARANIACU;Acessar a via sem observar a presença dos outros veículos;Colisão traseira;Com Vítimas Feridas;Pleno dia;Crescente;Céu Claro;Simples;"Reta;Declive";Não;2;0;1;0;1;0;1;2;-25,12356643;-52,75883675;SPRF-PR;DEL04-PR;UOP04-DEL04-PR
733448;21/11/2025;sexta-feira;17:30:00;SC;101;107,5;PENHA;Trafegar com motocicleta (ou similar) entre as faixas;Colisão traseira;Com Vítimas Feridas;Pleno dia;Crescente;Céu Claro;Múltipla;Reta;Não;2;0;1;0;1;0;1;2;-26,81596878;-48,68346088;SPRF-SC;DEL03-SC;UOP02-DEL03-SC
733449;21/11/2025;sexta-feira;18:00:00;RS;386;367;FAZENDA VILANOVA;Velocidade Incompatível;Saída de leito carroçável;Com Vítimas Feridas;Anoitecer;Crescente;Céu Claro;Simples;Curva;Não;2;0;2;0;0;0;2;1;-29,5835428;-51,8366257;SPRF-RS;DEL04-RS;UOP01-DEL04-RS
733451;21/11/2025;sexta-feira;15:39:00;MT;163;102;RONDONOPOLIS;Ausência de reação do condutor;Queda de ocupante de veículo;Com Vítimas Feridas;Pleno dia;Crescente;Céu Claro;Dupla;Viaduto;Não;1;0;0;1;0;0;1;1;-16,637619;-54,69264;SPRF-MT;DEL02-MT;UOP03-DEL02-MT
733455;21/11/2025;sexta-feira;18:40:00;RN;101;162;CANGUARETAMA;Iluminação deficiente;Atropelamento de Animal;Com Vítimas Feridas;Plena Noite;Crescente;Céu Claro;Múltipla;"Reta;Declive";Sim;1;0;1;0;0;0;1;1;-6,38061308;-35,14745235;SPRF-RN;DEL01-RN;UOP01-DEL01-RN
733458;21/11/2025;sexta-feira;18:54:00;BA;367;72,9;EUNAPOLIS;Reação tardia ou ineficiente do condutor;Colisão transversal;Com Vítimas Feridas;Plena Noite;Crescente;Céu Claro;Simples;"Reta;Ponte";Não;2;0;1;0;1;0;1;2;-16,384828;-39,488947;SPRF-BA;DEL09-BA;UOP03-DEL09-BA
733459;21/11/2025;sexta-feira;18:37:00;PB;230;8;CABEDELO;Ausência de reação do condutor;Tombamento;Com Vítimas Feridas;Plena Noite;Crescente;Céu Claro;Múltipla;Viaduto;Não;1;0;1;0;0;0;1;1;-7,04910496;-34,84828949;SPRF-PB;DEL01-PB;UOP01-DEL01-PB
733460;21/11/2025;sexta-feira;17:50:00;PR;277;721;FOZ DO IGUACU;Mal súbito do condutor;Saída de leito carroçável;Com Vítimas Feridas;Anoitecer;Crescente;Céu Claro;Dupla;Reta;Sim;1;0;0;1;0;0;1;1;-25,48625719;-54,49978727;SPRF-PR;DEL05-PR;UOP03-DEL05-PR
733461;21/11/2025;sexta-feira;18:45:00;BA;110;200;CIPO;Acessar a via sem observar a presença dos outros veículos;Colisão lateral mesmo sentido;Com Vítimas Feridas;Plena Noite;Decrescente;Céu Claro;Simples;Reta;Não;4;0;2;1;1;0;3;3;-11,061567;-38,510973;SPRF-BA;DEL07-BA;UOP02-DEL07-BA
733462;21/11/2025;sexta-feira;17:30:00;CE;20;368,8;MARANGUAPE;Demais falhas mecânicas ou elétricas;Eventos atípicos;Com Vítimas Fatais;Anoitecer;Decrescente;Ignorado;Simples;Reta;Não;2;1;1;0;0;0;1;1;-3,985502;-38,920758;SPRF-CE;DEL02-CE;UOP01-DEL02-CE
733463;21/11/2025;sexta-feira;20:00:00;PR;277;36;MORRETES;Condutor deixou de manter distância do veículo da frente;Colisão traseira;Com Vítimas Feridas;Plena Noite;Crescente;Céu Claro;Dupla;Curva;Não;2;0;1;0;1;0;1;2;-25,570594;-48,83858;SPRF-PR;DEL01-PR;UOP05-DEL01-PR
733464;21/11/2025;sexta-feira;19:40:00;PR;116;131;FAZENDA RIO GRANDE;Ausência de reação do condutor;Tombamento;Com Vítimas Feridas;Plena Noite;Decrescente;Céu Claro;Dupla;Reta;Sim;1;0;1;0;0;0;1;1;-25,68637547;-49,31619863;SPRF-PR;DEL01-PR;UOP03-DEL01-PR
733465;21/11/2025;sexta-feira;14:00:00;RJ;101;305;SAO GONCALO;Reação tardia ou ineficiente do condutor;Colisão traseira;Com Vítimas Feridas;Pleno dia;Decrescente;Céu Claro;Simples;Reta;Sim;2;0;1;0;1;0;1;2;-22,78805168;-42,99894333;SPRF-RJ;DEL02-RJ;UOP02-DEL02-RJ
733466;21/11/2025;sexta-feira;20:00:00;MG;50;62;UBERLANDIA;Ausência de reação do condutor;Saída de leito carroçável;Com Vítimas Feridas;Plena Noite;Decrescente;Céu Claro;Dupla;Reta;Não;4;0;2;2;0;0;4;1;-18,832462;-48,249365;SPRF-MG;DEL15-MG;UOP02-DEL15-MG
733467;21/11/2025;sexta-feira;19:40:00;DF;70;18;BRASILIA;Velocidade Incompatível;Colisão transversal;Com Vítimas Feridas;Plena Noite;Crescente;Céu Claro;Dupla;Reta;Sim;4;0;3;0;1;0;3;2;-15,789778;-48,215444;SPRF-DF;DEL03-DF;UOP02-DEL03-DF
733470;21/11/2025;sexta-feira;20:10:00;SC;282;55,1;AGUAS MORNAS;Ausência de reação do condutor;Saída de leito carroçável;Com Vítimas Feridas;Plena Noite;Crescente;Céu Claro;Simples;Curva;Não;1;0;0;1;0;0;1;1;-27,689183;-48,984227;SPRF-SC;DEL01-SC;UOP03-DEL01-SC
733471;21/11/2025;sexta-feira;20:10:00;DF;20;16;BRASILIA;Velocidade Incompatível;Colisão com objeto;Sem Vítimas;Plena Noite;Crescente;Nublado;Dupla;Reta;Sim;1;0;0;0;1;0;0;1;-15,630075;-47,732868;SPRF-DF;DEL02-DF;UOP01-DEL02-DF
733472;21/11/2025;sexta-feira;18:25:00;PB;230;79;RIACHAO DO POCO;Ausência de reação do condutor;Saída de leito carroçável;Sem Vítimas;Plena Noite;Decrescente;Céu Claro;Dupla;Reta;Não;1;0;0;0;0;1;0;1;-7,18030503;-35,31336576;SPRF-PB;DEL01-PB;UOP02-DEL01-PB
733473;21/11/2025;sexta-feira;20:10:00;SC;116;112,9;SANTA CECILIA;Reação tardia ou ineficiente do condutor;Saída de leito carroçável;Com Vítimas Feridas;Plena Noite;Decrescente;Céu Claro;Simples;"Reta;Declive";Não;2;0;2;0;0;0;2;1;-26,784138;-50,345465;SPRF-SC;DEL06-SC;UOP02-DEL06-SC
733474;21/11/2025;sexta-feira;20:20:00;GO;60;6,7;SANTO ANTONIO DO DESCOBERTO;Reação tardia ou ineficiente do condutor;Saída de leito carroçável;Com Vítimas Feridas;Plena Noite;Crescente;Nublado;Dupla;"Declive;Curva";Não;1;0;1;0;0;0;1;1;-16,102488;-48,288673;SPRF-DF;DEL03-DF;UOP01-DEL03-DF
733475;21/11/2025;sexta-feira;20:30:00;PI;316;6,6;TERESINA;Reação tardia ou ineficiente do condutor;Tombamento;Com Vítimas Feridas;Plena Noite;Crescente;Céu Claro;Múltipla;"Aclive;Reta";Sim;2;0;2;0;0;0;2;1;-5,15254;-42,77289;SPRF-PI;DEL01-PI;UOP02-DEL01-PI
733476;21/11/2025;sexta-feira;21:05:00;MG;381;477;CONTAGEM;Ausência de reação do condutor;Queda de ocupante de veículo;Com Vítimas Feridas;Plena Noite;Crescente;Céu Claro;Dupla;Reta;Sim;2;0;1;0;1;0;1;1;-19,95753153;-44,02956454;SPRF-MG;DEL01-MG;UOP03-DEL01-MG
733477;21/11/2025;sexta-feira;21:00:00;ES;101;263,9;SERRA;Condutor desrespeitou a iluminação vermelha do semáforo;Atropelamento de Pedestre;Com Vítimas Feridas;Plena Noite;Decrescente;Nublado;Dupla;"Interseção de Vias;Reta";Sim;2;0;1;0;0;1;1;2;-20,17303671;-40,26733875;SPRF-ES;DEL02-ES;UOP01-DEL02-ES
733478;21/11/2025;sexta-feira;19:20:00;RJ;40;51;PETROPOLIS;Acessar a via sem observar a presença dos outros veículos;Colisão frontal;Com Vítimas Feridas;Plena Noite;Decrescente;Céu Claro;Simples;"Retorno Regulamentado;Reta;Viaduto";Não;2;0;0;1;1;0;1;2;-22,33332507;-43,1334829;SPRF-RJ;DEL05-RJ;UOP02-DEL05-RJ
733479;21/11/2025;sexta-feira;20:30:00;AL;104;91;RIO LARGO;Entrada inopinada do pedestre;Atropelamento de Pedestre;Com Vítimas Feridas;Plena Noite;Decrescente;Céu Claro;Dupla;Reta;Sim;2;0;1;1;0;0;2;2;-9,505846;-35,808904;SPRF-AL;DEL01-AL;UOP01-DEL01-AL
733480;10/11/2025;segunda-feira;11:30:00;DF;20;8,8;BRASILIA;Condutor deixou de manter distância do veículo da frente;Colisão traseira;Com Vítimas Feridas;Pleno dia;Crescente;Céu Claro;Simples;"Interseção de Vias;Reta";Sim;3;0;1;0;2;0;1;2;-15,65480989;-47,78299481;SPRF-DF;DEL02-DF;UOP01-DEL02-DF
733482;21/11/2025;sexta-feira;20:30:00;ES;101;147;LINHARES;Condutor desrespeitou a iluminação vermelha do semáforo;Colisão transversal;Com Vítimas Feridas;Plena Noite;Crescente;Nublado;Dupla;Interseção de Vias;Sim;3;0;0;2;1;0;2;2;-19,38149277;-40,06710498;SPRF-ES;DEL04-ES;UOP01-DEL04-ES
733483;21/11/2025;sexta-feira;20:50:00;PR;376;678,2;GUARATUBA;Pedestre andava na pista;Atropelamento de Pedestre;Com Vítimas Fatais;Plena Noite;Crescente;Nublado;Dupla;Declive;Não;5;1;0;0;4;0;0;2;-25,95087;-48,904893;SPRF-PR;DEL01-PR;UOP04-DEL01-PR
733485;21/11/2025;sexta-feira;07:30:00;BA;324;594;CANDEIAS;Condutor Dormindo;Saída de leito carroçável;Com Vítimas Feridas;Pleno dia;Crescente;Chuva;Múltipla;Reta;Não;3;0;3;0;0;0;3;1;-12,719953;-38,451355;SPRF-BA;DEL01-BA;UOP01-DEL01-BA
733488;21/11/2025;sexta-feira;19:00:00;BA;116;470,8;SANTO ESTEVAO;Chuva;Saída de leito carroçável;Com Vítimas Feridas;Plena Noite;Crescente;Chuva;Dupla;Reta;Não;1;0;1;0;0;0;1;1;-12,4857081;-39,321733;SPRF-BA;DEL02-BA;UOP01-DEL02-BA
733489;21/11/2025;sexta-feira;20:20:00;PI;343;305;ALTOS;Acessar a via sem observar a presença dos outros veículos;Colisão frontal;Com Vítimas Feridas;Plena Noite;Crescente;Céu Claro;Simples;Reta;Sim;4;0;3;0;0;1;3;3;-5,035708;-42,445325;SPRF-PI;DEL01-PI;UOP01-DEL01-PI
733490;21/11/2025;sexta-feira;17:00:00;RS;116;189;PICADA CAFE;Ausência de reação do condutor;Saída de leito carroçável;Com Vítimas Feridas;Pleno dia;Crescente;Céu Claro;Simples;Reta;Sim;1;0;1;0;0;0;1;1;-29,412377;-51,128637;SPRF-RS;DEL05-RS;UOP02-DEL05-RS
733492;21/11/2025;sexta-feira;21:50:00;ES;101;267,9;SERRA;Reação tardia ou ineficiente do condutor;Colisão traseira;Com Vítimas Feridas;Plena Noite;Crescente;Céu Claro;Múltipla;Reta;Sim;3;0;2;0;1;0;2;2;-20,207961;-40,269408;SPRF-ES;DEL02-ES;UOP01-DEL02-ES
733493;21/11/2025;sexta-feira;20:30:00;RN;226;3;NATAL;Transitar na contramão;Colisão lateral sentido oposto;Com Vítimas Feridas;Plena Noite;Crescente;Céu Claro;Simples;"Declive;Curva";Sim;4;0;1;0;3;0;1;3;-5,82201;-35,25271;SPRF-RN;DEL01-RN;UOP02-DEL01-RN
733495;21/11/2025;sexta-feira;21:15:00;PR;369;19,6;CAMBARA;Conversão proibida;Colisão transversal;Com Vítimas Feridas;Plena Noite;Crescente;Céu Claro;Simples;Reta;Sim;4;0;2;0;2;0;2;2;-23,03656337;-50,07990257;SPRF-PR;DEL07-PR;UOP05-DEL07-PR
733496;21/11/2025;sexta-feira;15:56:00;MA;402;31;AXIXA;Condutor Dormindo;Saída de leito carroçável;Com Vítimas Feridas;Pleno dia;Decrescente;Céu Claro;Simples;Reta;Não;1;0;1;0;0;0;1;1;-2,87091;-44,09207;SPRF-MA;DEL01-MA;UOP01-DEL01-MA
733497;21/11/2025;sexta-feira;19:40:00;BA;242;355;LENCOIS;Acessar a via sem observar a presença dos outros veículos;Colisão transversal;Com Vítimas Feridas;Plena Noite;Crescente;Céu Claro;Simples;"Reta;Rotatória";Não;5;0;1;0;4;0;1;2;-12,47782154;-41,35939479;SPRF-BA;DEL06-BA;UOP02-DEL06-BA
733498;21/11/2025;sexta-feira;21:15:00;SC;101;26,3;JOINVILLE;Ausência de reação do condutor;Colisão traseira;Com Vítimas Feridas;Plena Noite;Crescente;Nublado;Dupla;"Reta;Ponte";Não;2;0;1;0;0;1;1;2;-26,19568;-48,912549;SPRF-SC;DEL03-SC;UOP01-DEL03-SC
733499;21/11/2025;sexta-feira;22:16:00;SC;470;53;BLUMENAU;Conversão proibida;Colisão lateral mesmo sentido;Com Vítimas Feridas;Plena Noite;Decrescente;Céu Claro;Simples;Em Obras;Não;3;0;1;0;2;0;1;2;-26,86674963;-49,10156814;SPRF-SC;DEL04-SC;UOP01-DEL04-SC
733503;21/11/2025;sexta-feira;19:00:00;RO;364;341;JI-PARANA;Ausência de reação do condutor;Queda de ocupante de veículo;Com Vítimas Feridas;Plena Noite;Decrescente;Céu Claro;Dupla;Reta;Sim;3;0;0;1;2;0;1;3;-10,88338538;-61,9383359;SPRF-RO;DEL02-RO;UOP01-DEL02-RO
733504;21/11/2025;sexta-feira;21:40:00;SC;101;147;ITAPEMA;Ausência de reação do condutor;Tombamento;Com Vítimas Feridas;Plena Noite;Decrescente;Nublado;Dupla;Reta;Sim;1;0;1;0;0;0;1;1;-27,089437;-48,61344751;SPRF-SC;DEL04-SC;UOP03-DEL04-SC
733505;21/11/2025;sexta-feira;21:30:00;AP;210;12;MACAPA;Avarias e/ou desgaste excessivo no pneu;Tombamento;Com Vítimas Feridas;Plena Noite;Crescente;Céu Claro;Simples;Reta;Não;2;0;1;1;0;0;2;1;0,13425333;-51,13885167;SPRF-AP;DEL01-AP;UOP01-DEL01-AP
733506;21/11/2025;sexta-feira;15:30:00;MG;381;533,2;ITATIAIUCU;Ingestão de álcool pelo condutor;Saída de leito carroçável;Sem Vítimas;Pleno dia;Decrescente;Céu Claro;Dupla;Reta;Sim;2;0;0;0;1;1;0;2;-20,17295;-44,37479;SPRF-MG;DEL04-MG;UOP03-DEL04-MG
733507;21/11/2025;sexta-feira;19:40:00;MA;230;2;BARAO DE GRAJAU;Manobra de mudança de faixa;Colisão transversal;Com Vítimas Feridas;Plena Noite;Decrescente;Céu Claro;Simples;Reta;Sim;2;0;0;2;0;0;2;2;-6,75475206;-43,02505642;SPRF-PI;DEL03-PI;UOP01-DEL03-PI
733509;21/11/2025;sexta-feira;22:05:00;PR;277;2;CURITIBA;Acessar a via sem observar a presença dos outros veículos;Tombamento;Com Vítimas Feridas;Plena Noite;Crescente;Céu Claro;Dupla;Reta;Sim;3;0;1;0;2;0;1;2;-25,43079019;-49,33787076;SPRF-PR;DEL01-PR;UOP06-DEL01-PR
733511;21/11/2025;sexta-feira;19:00:00;BA;420;265;JIQUIRICA;Ingestão de álcool pelo condutor;Colisão frontal;Com Vítimas Feridas;Plena Noite;Decrescente;Céu Claro;Simples;Curva;Não;6;0;6;0;0;0;6;2;-13,253192;-39,560087;SPRF-BA;DEL01-BA;UOP02-DEL01-BA
733512;21/11/2025;sexta-feira;20:10:00;MA;10;245;DAVINOPOLIS;Ingestão de álcool pelo condutor;Saída de leito carroçável;Sem Vítimas;Plena Noite;Crescente;Céu Claro;Simples;Reta;Não;1;0;0;0;1;0;0;1;-5,585735;-47,435822;SPRF-MA;DEL04-MA;UOP01-DEL04-MA
733513;21/11/2025;sexta-feira;21:50:00;RO;364;690;CANDEIAS DO JAMARI;Reação tardia ou ineficiente do condutor;Saída de leito carroçável;Sem Vítimas;Plena Noite;Decrescente;Céu Claro;Dupla;Curva;Sim;1;0;0;0;0;1;0;1;-8,79648294;-63,68587711;SPRF-RO;DEL01-RO;UOP01-DEL01-RO
733514;21/11/2025;sexta-feira;21:20:00;AC;364;137;RIO BRANCO;Ausência de reação do condutor;Colisão lateral mesmo sentido;Com Vítimas Feridas;Plena Noite;Crescente;Céu Claro;Dupla;Rotatória;Não;2;0;1;0;0;1;1;2;-9,97725016;-67,84895606;SPRF-AC;DEL01-AC;UOP01-DEL01-AC
733515;21/11/2025;sexta-feira;22:30:00;PI;343;12;PARNAIBA;Trafegar com motocicleta (ou similar) entre as faixas;Colisão lateral mesmo sentido;Com Vítimas Feridas;Plena Noite;Decrescente;Céu Claro;Dupla;Rotatória;Sim;2;0;1;0;1;0;1;2;-2,90983315;-41,75354987;SPRF-PI;DEL05-PI;UOP01-DEL05-PI
733519;21/11/2025;sexta-feira;23:20:00;PE;232;9;JABOATAO DOS GUARARAPES;Transitar no Acostamento;Colisão traseira;Com Vítimas Feridas;Plena Noite;Crescente;Céu Claro;Dupla;Reta;Sim;2;0;1;0;1;0;1;2;-8,078467;-34,983103;SPRF-PE;DEL01-PE;UOP01-DEL01-PE
733520;21/11/2025;sexta-feira;23:05:00;RJ;116;210;SEROPEDICA;Reação tardia ou ineficiente do condutor;Colisão com objeto;Com Vítimas Feridas;Plena Noite;Decrescente;Céu Claro;Simples;"Reta;Em Obras";Não;5;0;2;0;3;0;2;1;-22,71973906;-43,69388793;SPRF-RJ;DEL06-RJ;UOP02-DEL06-RJ
733522;22/11/2025;sábado;00:20:00;ES;101;78,3;SAO MATEUS;Pedestre - Ingestão de álcool/ substâncias psicoativas;Atropelamento de Pedestre;Com Vítimas Fatais;Plena Noite;Crescente;Nublado;Simples;"Reta;Declive";Não;2;1;0;0;0;1;0;2;-18,81721;-39,903538;SPRF-ES;DEL04-ES;UOP02-DEL04-ES
733523;22/11/2025;sábado;00:30:00;SP;116;141,8;SAO JOSE DOS CAMPOS;Condutor deixou de manter distância do veículo da frente;Colisão traseira;Com Vítimas Feridas;Plena Noite;Crescente;Céu Claro;Dupla;Reta;Sim;2;0;1;0;1;0;1;2;-23,17046958;-45,82172482;SPRF-SP;DEL02-SP;UOP01-DEL02-SP
733524;22/11/2025;sábado;00:40:00;MG;381;502;BETIM;Ingestão de álcool pelo condutor;Saída de leito carroçável;Com Vítimas Feridas;Plena Noite;Decrescente;Céu Claro;Dupla;"Declive;Reta";Não;2;0;1;0;1;0;1;1;-20,01701817;-44,22403192;SPRF-MG;DEL01-MG;UOP03-DEL01-MG
733525;22/11/2025;sábado;01:00:00;MG;262;435,6;NOVA SERRANA;Reação tardia ou ineficiente do condutor;Saída de leito carroçável;Com Vítimas Feridas;Plena Noite;Crescente;Vento;Dupla;Reta;Sim;1;0;1;0;0;0;1;1;-19,87468;-44,95255;SPRF-MG;DEL08-MG;UOP03-DEL08-MG
733526;22/11/2025;sábado;01:20:00;PE;232;147,5;SAO CAITANO;Animais na Pista;Atropelamento de Animal;Com Vítimas Feridas;Plena Noite;Decrescente;Céu Claro;Dupla;"Reta;Declive";Não;2;0;1;1;0;0;2;1;-8,3315299;-36,1413967;SPRF-PE;DEL03-PE;UOP02-DEL03-PE
733528;22/11/2025;sábado;01:20:00;RJ;101;264;RIO BONITO;Ausência de reação do condutor;Tombamento;Com Vítimas Feridas;Plena Noite;Decrescente;Céu Claro;Dupla;Reta;Sim;2;0;1;0;1;0;1;1;-22,718047;-42,637966;SPRF-RJ;DEL02-RJ;UOP03-DEL02-RJ
733533;22/11/2025;sábado;04:09:00;PB;230;21;JOAO PESSOA;Ausência de reação do condutor;Tombamento;Com Vítimas Fatais;Amanhecer;Crescente;Céu Claro;Dupla;Reta;Sim;1;1;0;0;0;0;0;1;-7,1415254;-34,8509667;SPRF-PB;DEL01-PB;UOP01-DEL01-PB
733535;22/11/2025;sábado;05:28:00;SC;101;217;PALHOCA;Velocidade Incompatível;Capotamento;Sem Vítimas;Amanhecer;Decrescente;Céu Claro;Múltipla;Reta;Sim;1;0;0;0;0;1;0;1;-27,66942164;-48,67292818;SPRF-SC;DEL01-SC;UOP02-DEL01-SC
733536;21/11/2025;sexta-feira;17:45:00;MG;153;89;PRATA;Chuva;Saída de leito carroçável;Com Vítimas Feridas;Pleno dia;Crescente;Chuva;Múltipla;"Aclive;Curva";Não;1;0;1;0;0;0;1;1;-19,21897815;-48,93456459;SPRF-MG;DEL15-MG;UOP03-DEL15-MG
733537;22/11/2025;sábado;00:20:00;BA;116;763;POCOES;Condutor Dormindo;Capotamento;Com Vítimas Feridas;Plena Noite;Decrescente;Céu Claro;Simples;Reta;Não;1;0;0;1;0;0;1;1;-14,55733324;-40,40943146;SPRF-BA;DEL08-BA;UOP02-DEL08-BA
733539;22/11/2025;sábado;03:00:00;SC;282;564,5;NOVA ERECHIM;Demais falhas mecânicas ou elétricas;Incêndio;Sem Vítimas;Plena Noite;Decrescente;Céu Claro;Simples;Reta;Não;1;0;0;0;0;1;0;1;-26,899921;-52,871484;SPRF-SC;DEL07-SC;UOP02-DEL07-SC
733542;21/11/2025;sexta-feira;16:37:00;MT;70;523,9;VARZEA GRANDE;Reação tardia ou ineficiente do condutor;Colisão lateral mesmo sentido;Com Vítimas Feridas;Pleno dia;Decrescente;Chuva;Dupla;"Aclive;Reta";Sim;2;0;1;0;1;0;1;2;-15,650107;-56,196027;SPRF-MT;DEL01-MT;UOP02-DEL01-MT
733543;22/11/2025;sábado;04:00:00;RS;470;229;CARLOS BARBOSA;Neblina;Saída de leito carroçável;Com Vítimas Feridas;Pleno dia;Decrescente;Nevoeiro/Neblina;Simples;Reta;Não;1;0;1;0;0;0;1;1;-29,28961272;-51,48702828;SPRF-RS;DEL06-RS;UOP01-DEL06-RS
733544;11/10/2025;sábado;15:44:00;RJ;393;130;SAPUCAIA;Ausência de reação do condutor;Capotamento;Com Vítimas Feridas;Pleno dia;Decrescente;Nevoeiro/Neblina;Simples;Curva;Não;1;0;0;1;0;0;1;1;-21,9840255;-42,8972632;SPRF-RJ;DEL05-RJ;UOP01-DEL05-RJ
733545;22/11/2025;sábado;03:20:00;RJ;493;105;SEROPEDICA;Reação tardia ou ineficiente do condutor;Saída de leito carroçável;Com Vítimas Fatais;Plena Noite;Crescente;Nublado;Dupla;Reta;Não;1;1;0;0;0;0;0;1;-22,780289;-43,749879;SPRF-RJ;DEL01-RJ;UOP03-DEL01-RJ
733546;22/11/2025;sábado;07:00:00;RS;285;76,7;BOM JESUS;Velocidade Incompatível;Saída de leito carroçável;Com Vítimas Feridas;Pleno dia;Crescente;Céu Claro;Simples;Reta;Não;1;0;1;0;0;0;1;1;-28,6419336;-50,5692465;SPRF-RS;DEL05-RS;UOP03-DEL05-RS
733548;20/11/2025;quinta-feira;04:50:00;SC;163;109,3;GUARUJA DO SUL;Reação tardia ou ineficiente do condutor;Tombamento;Com Vítimas Feridas;Plena Noite;Decrescente;Céu Claro;Simples;"Curva;Declive";Não;1;0;1;0;0;0;1;1;-26,40956625;-53,52225485;SPRF-SC;DEL07-SC;UOP03-DEL07-SC
733549;22/11/2025;sábado;06:15:00;SP;116;144,8;SAO JOSE DOS CAMPOS;Objeto estático sobre o leito carroçável;Colisão com objeto;Com Vítimas Feridas;Pleno dia;Crescente;Céu Claro;Múltipla;Reta;Sim;1;0;0;1;0;0;1;1;-23,185021;-45,851783;SPRF-SP;DEL02-SP;UOP01-DEL02-SP