id;data_inversa;dia_semana;horario;uf;br;km;municipio;causa_acidente;tipo_acidente;classificacao_acidente;fase_dia;sentido_via;condicao_metereologica;tipo_pista;tracado_via;uso_solo;pessoas;mortos;feridos_leves;feridos_graves;ilesos;ignorados;feridos;veiculos;latitude;longitude;regional;delegacia;uop
733550;22/11/2025;sábado;08:05:00;RJ;116;258;PINHEIRAL;Acessar a via sem observar a presença dos outros veículos;Colisão transversal;Com Vítimas Feridas;Pleno dia;Crescente;Céu Claro;Simples;Retorno Regulamentado;Não;2;0;1;0;1;0;1;2;-22,58186335;-44,01937215;SPRF-RJ;DEL07-RJ;UOP02-DEL07-RJ
733552;22/11/2025;sábado;07:50:00;RS;116;292;ELDORADO DO SUL;Condutor Dormindo;Saída de leito carroçável;Com Vítimas Feridas;Pleno dia;Crescente;Céu Claro;Dupla;Reta;Não;1;0;1;0;0;0;1;1;-30,05345684;-51,33580685;SPRF-RS;DEL02-RS;UOP01-DEL02-RS
733554;22/11/2025;sábado;08:10:00;ES;101;271;SERRA;Semáforo com defeito;Colisão traseira;Com Vítimas Feridas;Pleno dia;Crescente;Céu Claro;Dupla;"Reta;Interseção de Vias";Sim;3;0;1;0;2;0;1;2;-20,22986;-40,28137;SPRF-ES;DEL02-ES;UOP01-DEL02-ES
733556;22/11/2025;sábado;07:30:00;MG;40;514;RIBEIRAO DAS NEVES;Velocidade Incompatível;Saída de leito carroçável;Sem Vítimas;Pleno dia;Crescente;Céu Claro;Dupla;Reta;Não;1;0;0;0;1;0;0;1;-19,8015683;-44,1010417;SPRF-MG;DEL01-MG;UOP02-DEL01-MG
733558;22/11/2025;sábado;09:25:00;GO;70;8;AGUAS LINDAS DE GOIAS;Ausência de reação do condutor;Colisão lateral mesmo sentido;Com Vítimas Feridas;Pleno dia;Decrescente;Céu Claro;Dupla;Reta;Sim;2;0;1;0;1;0;1;2;-15,75562019;-48,25646996;SPRF-DF;DEL03-DF;UOP02-DEL03-DF
733559;22/11/2025;sábado;08:20:00;PR;116;129,1;FAZENDA RIO GRANDE;Reação tardia ou ineficiente do condutor;Tombamento;Com Vítimas Feridas;Pleno dia;Decrescente;Céu Claro;Dupla;Reta;Sim;1;0;1;0;0;0;1;1;-25,666297;-49,314179;SPRF-PR;DEL01-PR;UOP03-DEL01-PR
733560;22/11/2025;sábado;06:50:00;MG;40;502,4;ESMERALDAS;Demais falhas mecânicas ou elétricas;Incêndio;Sem Vítimas;Pleno dia;Decrescente;Céu Claro;Dupla;Curva;Não;2;0;0;0;2;0;0;1;-19,718;-44,157;SPRF-MG;DEL02-MG;UOP01-DEL02-MG
733561;03/11/2025;segunda-feira;18:00:00;SC;280;146,7;MAFRA;Chuva;Colisão lateral sentido oposto;Com Vítimas Feridas;Anoitecer;Crescente;Chuva;Simples;Curva;Não;6;0;2;0;4;0;2;3;-26,249753;-49,675062;SPRF-SC;DEL06-SC;UOP03-DEL06-SC
733562;22/11/2025;sábado;07:17:00;MG;40;300;TRES MARIAS;Reação tardia ou ineficiente do condutor;Colisão traseira;Com Vítimas Feridas;Amanhecer;Decrescente;Céu Claro;Simples;"Ponte;Aclive;Curva";Não;7;0;2;0;5;0;2;2;-18,35240745;-45,09316921;SPRF-MG;DEL14-MG;UOP02-DEL14-MG
733565;22/11/2025;sábado;09:30:00;MG;50;158;UBERABA;Reação tardia ou ineficiente do condutor;Colisão com objeto;Com Vítimas Feridas;Pleno dia;Crescente;Céu Claro;Dupla;"Declive;Curva";Não;3;0;0;1;2;0;1;1;-19,632994;-48,012819;SPRF-MG;DEL13-MG;UOP01-DEL13-MG
733567;22/11/2025;sábado;09:55:00;PB;101;87,1;JOAO PESSOA;Avarias e/ou desgaste excessivo no pneu;Tombamento;Com Vítimas Feridas;Pleno dia;Crescente;Céu Claro;Dupla;Curva;Sim;2;0;0;1;1;0;1;1;-7,160208;-34,905572;SPRF-PB;DEL01-PB;UOP01-DEL01-PB
733568;22/11/2025;sábado;07:55:00;MG;381;940,8;EXTREMA;Velocidade Incompatível;Colisão com objeto;Com Vítimas Feridas;Pleno dia;Decrescente;Céu Claro;Dupla;Curva;Não;2;0;2;0;0;0;2;1;-22,8259057;-46,31286621;SPRF-MG;DEL16-MG;UOP03-DEL16-MG
733570;22/11/2025;sábado;07:25:00;MS;158;63,3;PARANAIBA;Reação tardia ou ineficiente do condutor;Tombamento;Com Vítimas Feridas;Pleno dia;Crescente;Céu Claro;Simples;Reta;Não;5;0;1;0;2;2;1;2;-19,451479;-51,349354;SPRF-MS;DEL08-MS;UOP01-DEL08-MS
733571;22/11/2025;sábado;08:39:00;AP;210;43;MACAPA;Velocidade Incompatível;Saída de leito carroçável;Sem Vítimas;Pleno dia;Crescente;Céu Claro;Simples;Reta;Não;1;0;0;0;0;1;0;1;0,384332;-51,070682;SPRF-AP;DEL01-AP;UOP01-DEL01-AP
733572;22/11/2025;sábado;09:00:00;PR;277;82;CURITIBA;Ingestão de álcool pelo condutor;Saída de leito carroçável;Com Vítimas Feridas;Pleno dia;Decrescente;Céu Claro;Dupla;Reta;Sim;1;0;1;0;0;0;1;1;-25,46320666;-49,21792841;SPRF-PR;DEL01-PR;UOP03-DEL01-PR
733573;22/11/2025;sábado;09:15:00;PR;369;193;ARAPONGAS;Ingestão de álcool pelo condutor;Colisão lateral mesmo sentido;Sem Vítimas;Pleno dia;Decrescente;Céu Claro;Dupla;Reta;Não;2;0;0;0;2;0;0;2;-23,479432;-51,424065;SPRF-PR;DEL07-PR;UOP03-DEL07-PR
733574;22/11/2025;sábado;10:20:00;SC;470;32,3;GASPAR;Reação tardia ou ineficiente do condutor;Tombamento;Com Vítimas Feridas;Pleno dia;Crescente;Céu Claro;Dupla;Reta;Não;1;0;1;0;0;0;1;1;-26,90319;-48,93517;SPRF-SC;DEL04-SC;UOP01-DEL04-SC
733575;22/11/2025;sábado;10:32:00;SP;116;225;GUARULHOS;Carga excessiva e/ou mal acondicionada;Colisão com objeto;Sem Vítimas;Pleno dia;Crescente;Sol;Múltipla;Reta;Sim;2;0;0;0;1;1;0;2;-23,489663;-46,54715;SPRF-SP;DEL01-SP;UOP01-DEL01-SP
733576;22/11/2025;sábado;10:00:00;MG;262;74;MATIPO;Acesso irregular;Colisão traseira;Com Vítimas Feridas;Pleno dia;Crescente;Céu Claro;Simples;Reta;Não;6;0;0;1;5;0;1;2;-20,318288;-42,331258;SPRF-MG;DEL03-MG;UOP03-DEL03-MG
733578;22/11/2025;sábado;11:00:00;BA;101;879;TEIXEIRA DE FREITAS;Desrespeitar a preferência no cruzamento;Colisão transversal;Com Vítimas Feridas;Pleno dia;Decrescente;Céu Claro;Simples;Reta;Sim;3;0;1;0;2;0;1;2;-17,55680957;-39,7248888;SPRF-BA;DEL09-BA;UOP02-DEL09-BA
733580;22/11/2025;sábado;10:05:00;RO;364;722;PORTO VELHO;Transtornos Mentais (exceto suicidio);Eventos atípicos;Sem Vítimas;Pleno dia;Crescente;Céu Claro;Dupla;Reta;Não;1;0;0;0;1;0;0;1;-8,82631046;-63,93327871;SPRF-RO;DEL01-RO;UOP01-DEL01-RO
733581;22/11/2025;sábado;12:00:00;SP;116;230;SAO PAULO;Pedestre andava na pista;Atropelamento de Pedestre;Com Vítimas Feridas;Pleno dia;Crescente;Céu Claro;Múltipla;Reta;Sim;2;0;1;0;1;0;1;2;-23,52490911;-46,58742853;SPRF-SP;DEL01-SP;UOP01-DEL01-SP
733582;22/11/2025;sábado;10:00:00;BA;418;74;NOVA VICOSA;Animais na Pista;Capotamento;Com Vítimas Feridas;Pleno dia;Decrescente;Céu Claro;Simples;Reta;Não;3;0;0;1;2;0;1;1;-17,84739872;-39,71403885;SPRF-BA;DEL09-BA;UOP02-DEL09-BA
733584;22/11/2025;sábado;07:30:00;MG;153;243,6;FRONTEIRA;Acessar a via sem observar a presença dos outros veículos;Colisão transversal;Com Vítimas Feridas;Pleno dia;Decrescente;Céu Claro;Simples;"Reta;Interseção de Vias";Sim;2;0;1;1;0;0;2;2;-20,28007;-49,19455;SPRF-MG;DEL13-MG;UOP02-DEL13-MG
733586;22/11/2025;sábado;12:15:00;SP;116;44;CANAS;Ausência de reação do condutor;Engavetamento;Com Vítimas Feridas;Pleno dia;Crescente;Sol;Dupla;Reta;Não;6;0;4;0;2;0;4;3;-22,702282;-45,037303;SPRF-SP;DEL08-SP;UOP02-DEL08-SP
733588;22/11/2025;sábado;11:40:00;RN;101;95;NATAL;Manobra de mudança de faixa;Colisão lateral mesmo sentido;Com Vítimas Feridas;Pleno dia;Crescente;Sol;Múltipla;Reta;Sim;2;0;1;0;1;0;1;2;-5,84317;-35,209586;SPRF-RN;DEL01-RN;UOP01-DEL01-RN
733589;19/11/2025;quarta-feira;07:20:00;RJ;465;5;SEROPEDICA;Trafegar com motocicleta (ou similar) entre as faixas;Colisão lateral mesmo sentido;Com Vítimas Feridas;Pleno dia;Decrescente;Sol;Simples;Reta;Sim;2;0;1;0;0;1;1;2;-22,74434903;-43,70233152;SPRF-RJ;DEL06-RJ;UOP02-DEL06-RJ
733590;22/11/2025;sábado;12:45:00;RS;158;328;SANTA MARIA;Desrespeitar a preferência no cruzamento;Colisão transversal;Com Vítimas Feridas;Pleno dia;Crescente;Céu Claro;Dupla;"Interseção de Vias;Rotatória";Sim;2;0;1;0;1;0;1;2;-29,700219;-53,840663;SPRF-RS;DEL09-RS;UOP01-DEL09-RS
733591;22/11/2025;sábado;09:40:00;RJ;40;22,4;PETROPOLIS;Ausência de reação do condutor;Colisão com objeto;Com Vítimas Feridas;Pleno dia;Crescente;Céu Claro;Dupla;Curva;Não;1;0;1;0;0;0;1;1;-22,28247;-43,11927;SPRF-RJ;DEL05-RJ;UOP02-DEL05-RJ
733592;22/11/2025;sábado;12:20:00;BA;116;422;FEIRA DE SANTANA;Trafegar com motocicleta (ou similar) entre as faixas;Colisão lateral mesmo sentido;Com Vítimas Feridas;Pleno dia;Crescente;Céu Claro;Dupla;Interseção de Vias;Sim;3;0;2;0;1;0;2;2;-12,230482;-38,966169;SPRF-BA;DEL02-BA;UOP01-DEL02-BA
733593;22/11/2025;sábado;12:05:00;PR;116;116,7;CURITIBA;Reação tardia ou ineficiente do condutor;Saída de leito carroçável;Com Vítimas Feridas;Pleno dia;Decrescente;Sol;Múltipla;Reta;Sim;1;0;1;0;0;0;1;1;-25,557555;-49,30621;SPRF-PR;DEL01-PR;UOP03-DEL01-PR
733594;22/11/2025;sábado;13:05:00;SC;101;338;TUBARAO;Acumulo de água sobre o pavimento;Colisão com objeto;Com Vítimas Feridas;Pleno dia;Decrescente;Garoa/Chuvisco;Múltipla;Reta;Sim;3;0;3;0;0;0;3;1;-28,4982167;-49,045258;SPRF-SC;DEL02-SC;UOP01-DEL02-SC
733595;22/11/2025;sábado;12:50:00;BA;324;605,8;SIMOES FILHO;Ausência de reação do condutor;Tombamento;Com Vítimas Feridas;Pleno dia;Crescente;Chuva;Dupla;Reta;Sim;1;0;1;0;0;0;1;1;-12,804569;-38,403647;SPRF-BA;DEL01-BA;UOP01-DEL01-BA
733596;22/11/2025;sábado;09:30:00;SC;101;436,6;SOMBRIO;Mal súbito do condutor;Colisão com objeto;Com Vítimas Feridas;Pleno dia;Crescente;Nublado;Dupla;"Reta;Aclive";Sim;1;0;0;1;0;0;1;1;-29,11796005;-49,6408209;SPRF-SC;DEL02-SC;UOP02-DEL02-SC
733597;22/11/2025;sábado;13:15:00;RN;406;161;CEARA-MIRIM;Condutor deixou de manter distância do veículo da frente;Colisão traseira;Com Vítimas Feridas;Pleno dia;Decrescente;Céu Claro;Simples;Reta;Sim;3;0;1;0;2;0;1;2;-5,721078;-35,36639;SPRF-RN;DEL02-RN;UOP01-DEL02-RN
733599;22/11/2025;sábado;07:20:00;SC;470;21,5;ILHOTA;Condutor Dormindo;Saída de leito carroçável;Com Vítimas Feridas;Pleno dia;Crescente;Sol;Dupla;Reta;Não;1;0;1;0;0;0;1;1;-26,87651902;-48,82750958;SPRF-SC;DEL04-SC;UOP04-DEL04-SC
733600;22/11/2025;sábado;13:40:00;RS;290;86;PORTO ALEGRE;Ausência de reação do condutor;Colisão com objeto;Com Vítimas Feridas;Pleno dia;Crescente;Céu Claro;Múltipla;Reta;Sim;1;0;1;0;0;0;1;1;-29,96875121;-51,11369797;SPRF-RS;DEL01-RS;UOP01-DEL01-RS
733601;22/11/2025;sábado;11:32:00;MT;364;289,6;JACIARA;Chuva;Saída de leito carroçável;Com Vítimas Feridas;Pleno dia;Crescente;Chuva;Dupla;"Declive;Curva";Não;3;0;2;0;1;0;2;1;-15,90298914;-55,09484679;SPRF-MT;DEL05-MT;UOP02-DEL05-MT
733602;22/11/2025;sábado;12:10:00;MT;364;289,7;JACIARA;Chuva;Colisão com objeto;Sem Vítimas;Pleno dia;Decrescente;Chuva;Dupla;"Aclive;Curva";Não;1;0;0;0;1;0;0;1;-15,90248355;-55,09572655;SPRF-MT;DEL05-MT;UOP02-DEL05-MT
733603;22/11/2025;sábado;12:20:00;MA;10;255;IMPERATRIZ;Desrespeitar a preferência no cruzamento;Colisão transversal;Com Vítimas Feridas;Pleno dia;Decrescente;Céu Claro;Múltipla;Interseção de Vias;Sim;3;0;0;1;2;0;1;2;-5,506794;-47,47177;SPRF-MA;DEL04-MA;UOP01-DEL04-MA
733606;22/11/2025;sábado;13:40:00;RS;290;86;PORTO ALEGRE;Ausência de reação do condutor;Saída de leito carroçável;Com Vítimas Feridas;Pleno dia;Decrescente;Céu Claro;Dupla;Curva;Sim;1;0;1;0;0;0;1;1;-29,96851269;-51,11907887;SPRF-RS;DEL01-RS;UOP01-DEL01-RS
733608;22/11/2025;sábado;13:00:00;ES;262;106,4;VENDA NOVA DO IMIGRANTE;Acessar a via sem observar a presença dos outros veículos;Colisão transversal;Com Vítimas Feridas;Pleno dia;Crescente;Céu Claro;Simples;Reta;Sim;2;0;0;1;1;0;1;2;-20,328575;-41,150003;SPRF-ES;DEL01-ES;UOP02-DEL01-ES
733610;22/11/2025;sábado;14:00:00;GO;70;3;AGUAS LINDAS DE GOIAS;Ausência de reação do condutor;Saída de leito carroçável;Com Vítimas Feridas;Pleno dia;Crescente;Céu Claro;Dupla;Reta;Sim;1;0;0;1;0;0;1;1;-15,761143;-48,241718;SPRF-DF;DEL03-DF;UOP02-DEL03-DF
733611;22/11/2025;sábado;09:40:00;SP;116;112,3;TAUBATE;Demais falhas mecânicas ou elétricas;Tombamento;Com Vítimas Feridas;Pleno dia;Decrescente;Sol;Dupla;Reta;Sim;1;0;1;0;0;0;1;1;-23,04257017;-45,57474945;SPRF-SP;DEL02-SP;UOP02-DEL02-SP
733613;22/11/2025;sábado;13:40:00;RJ;493;8;GUAPIMIRIM;Transitar na contramão;Colisão transversal;Com Vítimas Feridas;Pleno dia;Crescente;Céu Claro;Simples;Reta;Não;4;0;1;2;1;0;3;3;-22,71175592;-42,95334363;SPRF-RJ;DEL04-RJ;UOP02-DEL04-RJ
733614;22/11/2025;sábado;13:30:00;SC;280;26,9;ARAQUARI;Condutor deixou de manter distância do veículo da frente;Colisão traseira;Com Vítimas Feridas;Pleno dia;Decrescente;Nublado;Simples;Reta;Sim;3;0;1;0;2;0;1;2;-26,394969;-48,738806;SPRF-SC;DEL03-SC;UOP03-DEL03-SC
733615;22/11/2025;sábado;13:50:00;GO;452;0,9;RIO VERDE;Condutor deixou de manter distância do veículo da frente;Colisão traseira;Com Vítimas Feridas;Pleno dia;Decrescente;Nublado;Dupla;Reta;Sim;2;0;1;0;1;0;1;2;-17,78955468;-50,89725494;SPRF-GO;DEL04-GO;UOP01-DEL04-GO
733616;22/11/2025;sábado;11:10:00;PB;104;130;CAMPINA GRANDE;Condutor deixou de manter distância do veículo da frente;Colisão traseira;Com Vítimas Fatais;Pleno dia;Crescente;Céu Claro;Simples;"Em Obras;Desvio Temporário";Não;6;2;2;0;1;1;2;3;-7,274983;-35,888828;SPRF-PB;DEL02-PB;UOP01-DEL02-PB
733617;22/11/2025;sábado;13:00:00;PB;230;336;PATOS;Entrada inopinada do pedestre;Atropelamento de Pedestre;Com Vítimas Feridas;Pleno dia;Crescente;Céu Claro;Simples;Reta;Sim;2;0;0;1;1;0;1;2;-7,008982;-37,279862;SPRF-PB;DEL03-PB;UOP01-DEL03-PB
733618;22/11/2025;sábado;14:40:00;SC;101;149;ITAPEMA;Condutor deixou de manter distância do veículo da frente;Colisão traseira;Com Vítimas Feridas;Pleno dia;Decrescente;Céu Claro;Dupla;Curva;Sim;2;0;1;0;1;0;1;2;-27,11665974;-48,61018628;SPRF-SC;DEL04-SC;UOP03-DEL04-SC
733620;22/11/2025;sábado;14:10:00;PE;428;185;PETROLINA;Acessar a via sem observar a presença dos outros veículos;Colisão transversal;Com Vítimas Feridas;Pleno dia;Decrescente;Nublado;Dupla;Reta;Sim;2;0;1;0;1;0;1;2;-9,35674704;-40,47882406;SPRF-PE;DEL06-PE;UOP01-DEL06-PE
733623;22/11/2025;sábado;14:25:00;MG;381;903,4;CAMBUI;Ausência de reação do condutor;Colisão com objeto;Com Vítimas Feridas;Pleno dia;Decrescente;Chuva;Dupla;Curva;Não;3;0;3;0;0;0;3;1;-22,64655788;-46,08843344;SPRF-MG;DEL16-MG;UOP03-DEL16-MG
733624;22/11/2025;sábado;14:30:00;SP;116;302;SAO LOURENCO DA SERRA;Reação tardia ou ineficiente do condutor;Colisão com objeto;Com Vítimas Feridas;Pleno dia;Crescente;Céu Claro;Dupla;Reta;Não;3;0;1;0;1;1;1;3;-23,814439;-46,923534;SPRF-SP;DEL04-SP;UOP01-DEL04-SP
733625;22/11/2025;sábado;15:20:00;PR;277;34;MORRETES;Manobra de mudança de faixa;Queda de ocupante de veículo;Com Vítimas Feridas;Pleno dia;Decrescente;Céu Claro;Dupla;"Reta;Aclive";Não;3;0;2;0;1;0;2;2;-25,572678;-48,821397;SPRF-PR;DEL01-PR;UOP05-DEL01-PR
733626;22/11/2025;sábado;14:30:00;MA;135;22;SAO LUIS;Reação tardia ou ineficiente do condutor;Atropelamento de Pedestre;Com Vítimas Feridas;Pleno dia;Decrescente;Céu Claro;Dupla;Reta;Sim;2;0;0;1;1;0;1;2;-2,55876679;-44,31426819;SPRF-MA;DEL01-MA;UOP01-DEL01-MA
733627;22/11/2025;sábado;15:45:00;SC;101;131;CAMBORIU;Trafegar com motocicleta (ou similar) entre as faixas;Colisão lateral mesmo sentido;Com Vítimas Feridas;Pleno dia;Crescente;Nublado;Dupla;Reta;Sim;2;0;1;0;1;0;1;2;-26,98709004;-48,66597589;SPRF-SC;DEL04-SC;UOP03-DEL04-SC
733628;22/11/2025;sábado;15:50:00;SC;470;68,5;INDAIAL;Conversão proibida;Colisão lateral mesmo sentido;Com Vítimas Feridas;Pleno dia;Crescente;Nublado;Dupla;Reta;Sim;3;0;0;1;2;0;1;2;-26,88008;-49,24295;SPRF-SC;DEL04-SC;UOP01-DEL04-SC
733629;22/11/2025;sábado;14:10:00;SP;116;148;SAO JOSE DOS CAMPOS;Ausência de reação do condutor;Colisão com objeto;Sem Vítimas;Pleno dia;Decrescente;Chuva;Múltipla;Reta;Sim;1;0;0;0;1;0;0;1;-23,19790744;-45,87639139;SPRF-SP;DEL02-SP;UOP01-DEL02-SP
733630;22/11/2025;sábado;13:10:00;PR;116;152;MANDIRITUBA;Acessar a via sem observar a presença dos outros veículos;Colisão transversal;Com Vítimas Feridas;Pleno dia;Decrescente;Céu Claro;Simples;"Interseção de Vias;Reta";Não;4;0;1;0;3;0;1;2;-25,861997;-49,361809;SPRF-PR;DEL01-PR;UOP03-DEL01-PR
733631;22/11/2025;sábado;11:50:00;MG;262;753,8;UBERABA;Demais falhas mecânicas ou elétricas;Incêndio;Sem Vítimas;Pleno dia;Crescente;Céu Claro;Simples;Reta;Não;1;0;0;0;1;0;0;1;-19,7165056;-47,9821824;SPRF-MG;DEL13-MG;UOP01-DEL13-MG
733632;22/11/2025;sábado;15:35:00;CE;116;23;AQUIRAZ;Acessar a via sem observar a presença dos outros veículos;Colisão traseira;Com Vítimas Feridas;Pleno dia;Crescente;Sol;Dupla;Reta;Sim;3;0;1;1;1;0;2;2;-3,95490467;-38,51280626;SPRF-CE;DEL01-CE;UOP02-DEL01-CE
733634;22/11/2025;sábado;15:30:00;PR;277;58;SAO JOSE DOS PINHAIS;Ausência de reação do condutor;Colisão traseira;Com Vítimas Feridas;Pleno dia;Crescente;Céu Claro;Dupla;"Aclive;Reta";Não;3;0;0;1;2;0;1;2;-25,56882697;-48,99931312;SPRF-PR;DEL01-PR;UOP01-DEL01-PR
733635;22/11/2025;sábado;15:50:00;SP;153;24,3;NOVA GRANADA;Ausência de reação do condutor;Tombamento;Com Vítimas Feridas;Pleno dia;Crescente;Céu Claro;Simples;Reta;Não;1;0;1;0;0;0;1;1;-20,492303;-49,311472;SPRF-SP;DEL09-SP;UOP01-DEL09-SP
733636;22/11/2025;sábado;16:30:00;PB;230;27,7;JOAO PESSOA;Demais falhas na via;Queda de ocupante de veículo;Com Vítimas Feridas;Pleno dia;Crescente;Céu Claro;Dupla;Reta;Sim;1;0;0;1;0;0;1;1;-7,16491759;-34,89177972;SPRF-PB;DEL01-PB;UOP01-DEL01-PB
733637;22/11/2025;sábado;14:28:00;GO;70;352;JUSSARA;Velocidade Incompatível;Saída de leito carroçável;Com Vítimas Feridas;Pleno dia;Crescente;Chuva;Simples;"Declive;Curva";Não;1;0;0;1;0;0;1;1;-15,92742441;-51,16178155;SPRF-GO;DEL04-GO;UOP02-DEL04-GO
733638;22/11/2025;sábado;15:30:00;AL;416;45,5;IBATEGUARA;Ausência de reação do condutor;Colisão com objeto;Com Vítimas Feridas;Pleno dia;Crescente;Céu Claro;Simples;"Curva;Declive";Não;1;0;0;1;0;0;1;1;-8,966599;-35,928371;SPRF-AL;DEL01-AL;UOP02-DEL01-AL
733639;22/11/2025;sábado;13:50:00;MT;163;53,9;RONDONOPOLIS;Ausência de reação do condutor;Saída de leito carroçável;Com Vítimas Feridas;Pleno dia;Crescente;Céu Claro;Dupla;Reta;Não;1;0;1;0;0;0;1;1;-17,03849;-54,76388;SPRF-MT;DEL02-MT;UOP03-DEL02-MT
733640;22/11/2025;sábado;15:20:00;TO;10;440,8;PORTO NACIONAL;Avarias e/ou desgaste excessivo no pneu;Capotamento;Com Vítimas Fatais;Pleno dia;Crescente;Céu Claro;Simples;Reta;Não;3;1;2;0;0;0;2;1;-10,426134;-48,313579;SPRF-TO;DEL01-TO;UOP03-DEL01-TO
733642;22/11/2025;sábado;16:35:00;GO;60;196,5;GUAPO;Acumulo de água sobre o pavimento;Saída de leito carroçável;Sem Vítimas;Pleno dia;Decrescente;Chuva;Dupla;Reta;Não;2;0;0;0;2;0;0;1;-16,85332565;-49,57118154;SPRF-GO;DEL01-GO;UOP02-DEL01-GO
733645;22/11/2025;sábado;16:45:00;ES;101;146;LINHARES;Manobra de mudança de faixa;Colisão lateral mesmo sentido;Com Vítimas Feridas;Pleno dia;Crescente;Céu Claro;Dupla;"Interseção de Vias;Reta";Não;2;0;1;0;0;1;1;2;-19,375561;-40,066005;SPRF-ES;DEL04-ES;UOP01-DEL04-ES
733646;22/11/2025;sábado;15:20:00;MA;230;404;BALSAS;Reação tardia ou ineficiente do condutor;Colisão traseira;Sem Vítimas;Pleno dia;Decrescente;Céu Claro;Simples;Curva;Sim;3;0;0;0;1;2;0;3;-7,52383755;-46,04203317;SPRF-MA;DEL05-MA;UOP01-DEL05-MA
733647;22/11/2025;sábado;17:15:00;SC;101;228,8;PALHOCA;Acumulo de água sobre o pavimento;Colisão com objeto;Com Vítimas Feridas;Pleno dia;Decrescente;Chuva;Dupla;Reta;Não;1;0;0;1;0;0;1;1;-27,76664;-48,63083;SPRF-SC;DEL01-SC;UOP02-DEL01-SC
733649;22/11/2025;sábado;14:30:00;GO;153;625;MORRINHOS;Chuva;Capotamento;Com Vítimas Feridas;Pleno dia;Crescente;Chuva;Dupla;Reta;Não;4;0;1;0;3;0;1;1;-17,760113;-49,164483;SPRF-GO;DEL03-GO;UOP01-DEL03-GO
733650;22/11/2025;sábado;16:45:00;PE;424;83;GARANHUNS;Ausência de reação do condutor;Capotamento;Com Vítimas Feridas;Anoitecer;Decrescente;Céu Claro;Simples;Reta;Não;1;0;0;1;0;0;1;1;-8,84870095;-36,51941299;SPRF-PE;DEL03-PE;UOP01-DEL03-PE
733652;22/11/2025;sábado;17:30:00;SC;280;221;TRES BARRAS;Ausência de reação do condutor;Capotamento;Sem Vítimas;Pleno dia;Decrescente;Céu Claro;Simples;"Reta;Declive";Não;1;0;0;0;0;1;0;1;-26,17297;-50,27351;SPRF-SC;DEL06-SC;UOP04-DEL06-SC
733653;22/11/2025;sábado;17:40:00;SC;101;153;PORTO BELO;Trafegar com motocicleta (ou similar) entre as faixas;Colisão lateral mesmo sentido;Com Vítimas Feridas;Anoitecer;Decrescente;Chuva;Dupla;Reta;Sim;2;0;0;1;1;0;1;2;-27,14757445;-48,60868692;SPRF-SC;DEL04-SC;UOP03-DEL04-SC
733654;22/11/2025;sábado;17:30:00;MG;262;435,6;NOVA SERRANA;Ultrapassagem Indevida;Colisão lateral mesmo sentido;Com Vítimas Feridas;Plena Noite;Crescente;Vento;Dupla;"Aclive;Reta";Não;4;0;2;0;2;0;2;2;-19,88131311;-44,9132993;SPRF-MG;DEL08-MG;UOP03-DEL08-MG
733655;22/11/2025;sábado;16:00:00;SC;470;340,3;CAMPOS NOVOS;Acessar a via sem observar a presença dos outros veículos;Colisão transversal;Com Vítimas Feridas;Pleno dia;Crescente;Céu Claro;Simples;Reta;Sim;5;0;2;2;1;0;4;2;-27,52828386;-51,3603732;SPRF-SC;DEL07-SC;UOP06-DEL07-SC
733656;22/11/2025;sábado;17:45:00;PE;408;96;SAO LOURENCO DA MATA;Pedestre cruzava a pista fora da faixa;Atropelamento de Pedestre;Com Vítimas Feridas;Anoitecer;Crescente;Céu Claro;Dupla;Reta;Sim;2;0;1;1;0;0;2;2;-8,02191;-35,04071;SPRF-PE;DEL01-PE;UOP01-DEL01-PE
733657;21/11/2025;sexta-feira;18:40:00;AC;307;182;CRUZEIRO DO SUL;Reação tardia ou ineficiente do condutor;Queda de ocupante de veículo;Com Vítimas Feridas;Plena Noite;Crescente;Céu Claro;Simples;Reta;Não;1;0;1;0;0;0;1;1;-7,695;-72,64;SPRF-AC;DEL01-AC;UOP03-DEL01-AC
733658;22/11/2025;sábado;18:00:00;SC;101;151;ITAPEMA;Condutor deixou de manter distância do veículo da frente;Colisão traseira;Sem Vítimas;Anoitecer;Crescente;Nublado;Dupla;Reta;Não;2;0;0;0;2;0;0;2;-27,13192078;-48,60991923;SPRF-SC;DEL04-SC;UOP03-DEL04-SC
733659;22/11/2025;sábado;18:20:00;RS;116;295;GUAIBA;Demais falhas mecânicas ou elétricas;Saída de leito carroçável;Com Vítimas Feridas;Anoitecer;Decrescente;Nublado;Dupla;Reta;Não;1;0;1;0;0;0;1;1;-30,07783828;-51,34110823;SPRF-RS;DEL02-RS;UOP01-DEL02-RS
733661;22/11/2025;sábado;15:10:00;SC;282;162;BOM RETIRO;Ausência de reação do condutor;Saída de leito carroçável;Com Vítimas Feridas;Pleno dia;Crescente;Chuva;Simples;Curva;Não;1;0;1;0;0;0;1;1;-27,72912181;-49,77767944;SPRF-SC;DEL05-SC;UOP01-DEL05-SC
733662;22/11/2025;sábado;07:00:00;RJ;101;310;SAO GONCALO;Demais falhas mecânicas ou elétricas;Queda de ocupante de veículo;Com Vítimas Feridas;Pleno dia;Crescente;Céu Claro;Dupla;Reta;Sim;2;0;1;0;1;0;1;1;-22,80449512;-43,05571496;SPRF-RJ;DEL02-RJ;UOP02-DEL02-RJ
733663;22/11/2025;sábado;18:40:00;MG;262;33,2;MANHUACU;Ingestão de álcool pelo condutor;Colisão traseira;Com Vítimas Feridas;Anoitecer;Crescente;Céu Claro;Simples;Reta;Não;5;0;2;0;3;0;2;3;-20,25966075;-42,01824188;SPRF-MG;DEL06-MG;UOP03-DEL06-MG