id;data_inversa;dia_semana;horario;uf;br;km;municipio;causa_acidente;tipo_acidente;classificacao_acidente;fase_dia;sentido_via;condicao_metereologica;tipo_pista;tracado_via;uso_solo;pessoas;mortos;feridos_leves;feridos_graves;ilesos;ignorados;feridos;veiculos;latitude;longitude;regional;delegacia;uop
733774;23/11/2025;domingo;06:30:00;SC;101;200,3;SAO JOSE;Demais falhas mecânicas ou elétricas;Colisão com objeto;Com Vítimas Feridas;Pleno dia;Decrescente;Chuva;Dupla;Reta;Sim;1;0;1;0;0;0;1;1;-27,54252;-48,62078;SPRF-SC;DEL01-SC;UOP01-DEL01-SC
733775;23/11/2025;domingo;07:50:00;SC;280;28;ARAQUARI;Condutor Dormindo;Colisão frontal;Com Vítimas Feridas;Pleno dia;Crescente;Chuva;Simples;Reta;Sim;3;0;1;0;2;0;1;2;-26,40968459;-48,7514817;SPRF-SC;DEL03-SC;UOP03-DEL03-SC
733776;23/11/2025;domingo;08:35:00;RJ;116;126;MAGE;Manobra de mudança de faixa;Colisão lateral mesmo sentido;Com Vítimas Feridas;Pleno dia;Decrescente;Sol;Dupla;Reta;Não;2;0;1;0;1;0;1;2;-22,659072;-43,0866432;SPRF-RJ;DEL04-RJ;UOP02-DEL04-RJ
733779;23/11/2025;domingo;09:30:00;SC;101;77,9;ARAQUARI;Trafegar com motocicleta (ou similar) entre as faixas;Colisão traseira;Com Vítimas Feridas;Pleno dia;Decrescente;Chuva;Dupla;Reta;Não;3;0;2;0;1;0;2;2;-26,57919;-48,722368;SPRF-SC;DEL03-SC;UOP02-DEL03-SC
733780;23/11/2025;domingo;09:45:00;MG;262;379;JUATUBA;Ausência de reação do condutor;Tombamento;Com Vítimas Feridas;Pleno dia;Crescente;Nublado;Dupla;Reta;Não;1;0;1;0;0;0;1;1;-19,92179344;-44,47667313;SPRF-MG;DEL01-MG;UOP03-DEL01-MG
733783;23/11/2025;domingo;05:00:00;AC;317;259;EPITACIOLANDIA;Ausência de reação do condutor;Saída de leito carroçável;Com Vítimas Fatais;Amanhecer;Decrescente;Céu Claro;Simples;Reta;Não;1;1;0;0;0;0;0;1;-10,885614;-68,527672;SPRF-AC;DEL01-AC;UOP02-DEL01-AC
733784;23/11/2025;domingo;10:30:00;BA;324;602;SIMOES FILHO;Demais falhas na via;Saída de leito carroçável;Com Vítimas Feridas;Pleno dia;Crescente;Sol;Dupla;Reta;Não;2;0;1;0;1;0;1;1;-12,76465358;-38,4235754;SPRF-BA;DEL01-BA;UOP01-DEL01-BA
733785;23/11/2025;domingo;10:40:00;MG;40;575,8;ITABIRITO;Ausência de reação do condutor;Tombamento;Com Vítimas Feridas;Pleno dia;Crescente;Nublado;Múltipla;"Interseção de Vias;Reta";Sim;1;0;0;1;0;0;1;1;-20,2646123;-43,958325;SPRF-MG;DEL01-MG;UOP02-DEL01-MG
733787;23/11/2025;domingo;10:45:00;PR;277;583;CASCAVEL;Ausência de reação do condutor;Capotamento;Com Vítimas Feridas;Pleno dia;Crescente;Céu Claro;Dupla;Reta;Sim;3;0;1;0;2;0;1;1;-24,97379;-53,39138;SPRF-PR;DEL04-PR;UOP01-DEL04-PR
733788;23/11/2025;domingo;10:30:00;SP;116;133,3;SAO JOSE DOS CAMPOS;Avarias e/ou desgaste excessivo no pneu;Tombamento;Com Vítimas Feridas;Pleno dia;Crescente;Céu Claro;Dupla;Reta;Sim;2;0;2;0;0;0;2;1;-23,13805469;-45,75773525;SPRF-SP;DEL02-SP;UOP02-DEL02-SP
733790;23/11/2025;domingo;09:30:00;RS;392;53;RIO GRANDE;Ingestão de álcool pelo condutor;Saída de leito carroçável;Sem Vítimas;Pleno dia;Crescente;Céu Claro;Dupla;Reta;Não;3;0;0;0;0;3;0;2;-31,84761503;-52,32709765;SPRF-RS;DEL07-RS;UOP02-DEL07-RS
733791;23/11/2025;domingo;07:15:00;SC;280;56,7;GUARAMIRIM;Velocidade Incompatível;Colisão com objeto;Com Vítimas Feridas;Pleno dia;Decrescente;Chuva;Simples;Curva;Sim;2;0;2;0;0;0;2;1;-26,47437073;-49,02069962;SPRF-SC;DEL03-SC;UOP03-DEL03-SC
733792;23/11/2025;domingo;11:10:00;ES;101;371;ANCHIETA;Transitar na contramão;Colisão frontal;Com Vítimas Feridas;Pleno dia;Crescente;Céu Claro;Simples;Reta;Não;4;0;2;1;1;0;3;2;-20,77004744;-40,76938089;SPRF-ES;DEL03-ES;UOP01-DEL03-ES
733793;23/11/2025;domingo;10:55:00;SP;381;15;BRAGANCA PAULISTA;Manobra de mudança de faixa;Colisão lateral mesmo sentido;Com Vítimas Feridas;Pleno dia;Crescente;Céu Claro;Dupla;"Reta;Aclive";Não;3;0;1;0;2;0;1;2;-22,951277;-46,479649;SPRF-SP;DEL03-SP;UOP02-DEL03-SP
733794;23/11/2025;domingo;10:45:00;MG;381;627,9;OLIVEIRA;Velocidade Incompatível;Colisão com objeto;Com Vítimas Feridas;Pleno dia;Decrescente;Chuva;Dupla;"Curva;Declive";Não;1;0;1;0;0;0;1;1;-20,817881;-44,798687;SPRF-MG;DEL04-MG;UOP01-DEL04-MG
733795;23/11/2025;domingo;09:00:00;MG;381;535,9;ITATIAIUCU;Reação tardia ou ineficiente do condutor;Tombamento;Com Vítimas Feridas;Pleno dia;Decrescente;Chuva;Dupla;Reta;Não;1;0;1;0;0;0;1;1;-20,19905718;-44,38476563;SPRF-MG;DEL04-MG;UOP03-DEL04-MG
733796;23/11/2025;domingo;11:45:00;MG;40;437,1;PARAOPEBA;Demais falhas mecânicas ou elétricas;Tombamento;Com Vítimas Feridas;Pleno dia;Crescente;Nublado;Dupla;"Ponte;Curva";Não;1;0;1;0;0;0;1;1;-19,23539021;-44,43116086;SPRF-MG;DEL02-MG;UOP01-DEL02-MG
733797;23/11/2025;domingo;11:50:00;SP;116;216;GUARULHOS;Ingestão de álcool pelo condutor;Colisão traseira;Sem Vítimas;Pleno dia;Crescente;Nublado;Múltipla;"Reta;Declive";Sim;2;0;0;0;2;0;0;2;-23,44983;-46,46085;SPRF-SP;DEL01-SP;UOP01-DEL01-SP
733798;23/11/2025;domingo;10:50:00;PR;277;0;CURITIBA;Velocidade Incompatível;Colisão traseira;Com Vítimas Feridas;Plena Noite;Crescente;Céu Claro;Dupla;Reta;Sim;4;0;0;2;2;0;2;3;-25,43191414;-49,3644139;SPRF-PR;DEL01-PR;UOP06-DEL01-PR
733799;23/11/2025;domingo;10:35:00;MG;262;54,4;MANHUACU;Ultrapassagem Indevida;Colisão transversal;Com Vítimas Feridas;Pleno dia;Decrescente;Céu Claro;Simples;Reta;Não;5;0;2;0;3;0;2;2;-20,26246;-42,16859;SPRF-MG;DEL06-MG;UOP03-DEL06-MG
733800;23/11/2025;domingo;11:00:00;PA;10;34,5;DOM ELISEU;Avarias e/ou desgaste excessivo no pneu;Tombamento;Com Vítimas Feridas;Pleno dia;Crescente;Sol;Simples;"Reta;Declive";Não;2;0;1;1;0;0;2;1;-4,149177;-47,546147;SPRF-PA;DEL02-PA;UOP02-DEL02-PA
733801;23/11/2025;domingo;10:45:00;PE;232;128;CARUARU;Reação tardia ou ineficiente do condutor;Colisão lateral mesmo sentido;Com Vítimas Feridas;Pleno dia;Decrescente;Sol;Dupla;"Reta;Aclive";Sim;4;0;2;0;2;0;2;3;-8,30186;-35,98313;SPRF-PE;DEL02-PE;UOP03-DEL02-PE
733803;23/11/2025;domingo;11:50:00;RN;226;272,3;TRIUNFO POTIGUAR;Avarias e/ou desgaste excessivo no pneu;Tombamento;Com Vítimas Feridas;Pleno dia;Crescente;Céu Claro;Simples;Reta;Não;2;0;0;1;0;1;1;2;-5,88593296;-37,17070878;SPRF-RN;DEL03-RN;UOP01-DEL03-RN
733805;23/11/2025;domingo;12:16:00;PE;232;7;RECIFE;Manobra de mudança de faixa;Colisão lateral mesmo sentido;Com Vítimas Feridas;Pleno dia;Decrescente;Sol;Múltipla;Reta;Sim;2;0;1;0;1;0;1;2;-8,07532;-34,96875;SPRF-PE;DEL01-PE;UOP01-DEL01-PE
733806;23/11/2025;domingo;12:00:00;SC;101;318,7;PESCARIA BRAVA;Chuva;Colisão traseira;Com Vítimas Feridas;Pleno dia;Crescente;Chuva;Dupla;Reta;Não;8;0;1;0;7;0;1;2;-28,4278788;-48,8842389;SPRF-SC;DEL02-SC;UOP01-DEL02-SC
733807;23/11/2025;domingo;11:40:00;SP;116;49;LORENA;Velocidade Incompatível;Colisão traseira;Com Vítimas Feridas;Pleno dia;Decrescente;Céu Claro;Dupla;Reta;Não;3;0;0;1;2;0;1;2;-22,7340546;-45,0876557;SPRF-SP;DEL08-SP;UOP02-DEL08-SP
733808;23/11/2025;domingo;11:30:00;MS;163;549;BANDEIRANTES;Acessar a via sem observar a presença dos outros veículos;Colisão transversal;Com Vítimas Feridas;Pleno dia;Decrescente;Céu Claro;Simples;"Interseção de Vias;Reta";Sim;3;0;0;1;2;0;1;2;-19,9126591;-54,3703386;SPRF-MS;DEL01-MS;UOP02-DEL01-MS
733809;23/11/2025;domingo;11:50:00;PR;277;116,9;CAMPO LARGO;Manobra de mudança de faixa;Colisão lateral mesmo sentido;Com Vítimas Feridas;Pleno dia;Crescente;Nublado;Dupla;Reta;Sim;4;0;2;1;0;1;3;3;-25,44279239;-49,45093199;SPRF-PR;DEL03-PR;UOP03-DEL03-PR
733810;23/11/2025;domingo;13:15:00;RS;116;238;NOVO HAMBURGO;Condutor deixou de manter distância do veículo da frente;Colisão traseira;Com Vítimas Feridas;Pleno dia;Decrescente;Céu Claro;Múltipla;Declive;Sim;2;0;1;0;1;0;1;2;-29,69196338;-51,14326306;SPRF-RS;DEL01-RS;UOP02-DEL01-RS
733812;23/11/2025;domingo;11:40:00;MS;163;264,8;DOURADOS;Velocidade Incompatível;Colisão com objeto;Sem Vítimas;Pleno dia;Decrescente;Céu Claro;Dupla;Curva;Sim;1;0;0;0;0;1;0;1;-22,22382688;-54,73218649;SPRF-MS;DEL04-MS;UOP01-DEL04-MS
733813;23/11/2025;domingo;12:55:00;SP;381;57;MAIRIPORA;Ultrapassagem Indevida;Colisão traseira;Sem Vítimas;Pleno dia;Crescente;Nublado;Dupla;"Aclive;Reta";Não;4;0;0;0;3;1;0;4;-23,27755482;-46,58598516;SPRF-SP;DEL03-SP;UOP01-DEL03-SP
733814;23/11/2025;domingo;12:30:00;RJ;101;427;MANGARATIBA;Ausência de reação do condutor;Colisão traseira;Com Vítimas Feridas;Pleno dia;Decrescente;Nublado;Simples;"Reta;Aclive";Não;3;0;1;0;2;0;1;3;-22,9340385;-43,9903421;SPRF-RJ;DEL03-RJ;UOP02-DEL03-RJ
733816;23/11/2025;domingo;12:40:00;MS;163;492;CAMPO GRANDE;Ausência de reação do condutor;Colisão com objeto;Com Vítimas Feridas;Pleno dia;Crescente;Chuva;Simples;Curva;Não;4;0;1;3;0;0;4;1;-20,38299843;-54,5414513;SPRF-MS;DEL01-MS;UOP02-DEL01-MS
733817;23/11/2025;domingo;13:25:00;MG;381;925;ITAPEVA;Velocidade Incompatível;Queda de ocupante de veículo;Com Vítimas Feridas;Pleno dia;Crescente;Chuva;Dupla;Curva;Não;2;0;2;0;0;0;2;1;-22,77142127;-46,20296538;SPRF-MG;DEL16-MG;UOP03-DEL16-MG
733819;23/11/2025;domingo;13:00:00;SC;101;286,7;IMBITUBA;Avarias e/ou desgaste excessivo no pneu;Colisão com objeto;Com Vítimas Feridas;Pleno dia;Crescente;Chuva;Múltipla;Reta;Não;2;0;2;0;0;0;2;1;-28,2540597;-48,70301075;SPRF-SC;DEL02-SC;UOP03-DEL02-SC
733820;23/11/2025;domingo;07:30:00;MG;262;23,1;REDUTO;Ausência de reação do condutor;Saída de leito carroçável;Com Vítimas Fatais;Pleno dia;Decrescente;Céu Claro;Simples;"Declive;Curva";Não;1;1;0;0;0;0;0;1;-20,24967;-41,931143;SPRF-MG;DEL06-MG;UOP03-DEL06-MG
733822;23/11/2025;domingo;10:40:00;SC;280;92,3;CORUPA;Pista Escorregadia;Colisão frontal;Com Vítimas Feridas;Pleno dia;Crescente;Garoa/Chuvisco;Simples;"Declive;Curva";Não;2;0;2;0;0;0;2;2;-26,39527;-49,300138;SPRF-SC;DEL06-SC;UOP03-DEL06-SC
733824;23/11/2025;domingo;13:20:00;MG;381;424;SABARA;Chuva;Colisão lateral sentido oposto;Com Vítimas Feridas;Pleno dia;Decrescente;Chuva;Simples;Curva;Não;3;0;1;1;1;0;2;2;-19,78679516;-43,70075123;SPRF-MG;DEL01-MG;UOP01-DEL01-MG
733825;23/11/2025;domingo;09:55:00;MS;163;76;ITAQUIRAI;Acessar a via sem observar a presença dos outros veículos;Colisão lateral mesmo sentido;Com Vítimas Feridas;Pleno dia;Crescente;Céu Claro;Simples;Reta;Sim;4;0;2;0;2;0;2;2;-23,483119;-54,185824;SPRF-MS;DEL09-MS;UOP01-DEL09-MS
733826;23/11/2025;domingo;11:50:00;MG;365;63;JEQUITAI;Chuva;Saída de leito carroçável;Com Vítimas Feridas;Pleno dia;Crescente;Chuva;Simples;Curva;Não;2;0;2;0;0;0;2;1;-17,21224027;-44,44202006;SPRF-MG;DEL12-MG;UOP01-DEL12-MG
733827;23/11/2025;domingo;10:40:00;RS;116;206;PICADA CAFE;Ausência de reação do condutor;Saída de leito carroçável;Com Vítimas Feridas;Pleno dia;Decrescente;Céu Claro;Simples;Curva;Não;2;0;2;0;0;0;2;1;-29,498228;-51,129287;SPRF-RS;DEL05-RS;UOP02-DEL05-RS
733828;23/11/2025;domingo;12:00:00;MG;381;533,5;ITATIAIUCU;Chuva;Saída de leito carroçável;Com Vítimas Feridas;Pleno dia;Crescente;Chuva;Dupla;"Curva;Declive";Não;2;0;1;0;1;0;1;1;-20,174404;-44,375813;SPRF-MG;DEL04-MG;UOP03-DEL04-MG
733829;23/11/2025;domingo;14:20:00;MG;116;652;SAO FRANCISCO DO GLORIA;Chuva;Saída de leito carroçável;Com Vítimas Feridas;Pleno dia;Crescente;Chuva;Simples;Curva;Não;1;0;1;0;0;0;1;1;-20,741;-42,286;SPRF-MG;DEL07-MG;UOP02-DEL07-MG
733831;23/11/2025;domingo;14:00:00;DF;20;20,1;BRASILIA;Avarias e/ou desgaste excessivo no pneu;Saída de leito carroçável;Com Vítimas Feridas;Pleno dia;Decrescente;Garoa/Chuvisco;Dupla;"Declive;Reta";Sim;1;0;0;1;0;0;1;1;-15,6063;-47,69029;SPRF-DF;DEL02-DF;UOP01-DEL02-DF
733832;23/11/2025;domingo;13:00:00;MG;381;523;BRUMADINHO;Chuva;Queda de ocupante de veículo;Com Vítimas Feridas;Pleno dia;Decrescente;Chuva;Dupla;"Reta;Aclive";Não;1;0;1;0;0;0;1;1;-20,133803;-44,309718;SPRF-MG;DEL04-MG;UOP03-DEL04-MG
733834;23/11/2025;domingo;11:40:00;MG;251;503,8;FRANCISCO SA;Ingestão de álcool pelo condutor;Colisão transversal;Com Vítimas Feridas;Pleno dia;Decrescente;Garoa/Chuvisco;Simples;Reta;Não;4;0;0;2;0;2;2;3;-16,599287;-43,646106;SPRF-MG;DEL12-MG;UOP01-DEL12-MG
733836;23/11/2025;domingo;14:15:00;PR;163;151,9;SANTA LUCIA;Pista Escorregadia;Tombamento;Com Vítimas Feridas;Pleno dia;Decrescente;Garoa/Chuvisco;Dupla;"Curva;Declive";Não;2;0;1;0;1;0;1;1;-25,38699207;-53,57744694;SPRF-PR;DEL05-PR;UOP05-DEL05-PR
733837;23/11/2025;domingo;14:35:00;MG;381;360,8;JOAO MONLEVADE;Pista Escorregadia;Saída de leito carroçável;Com Vítimas Feridas;Pleno dia;Decrescente;Chuva;Simples;Reta;Não;2;0;2;0;0;0;2;1;-19,8499756;-43,1510483;SPRF-MG;DEL03-MG;UOP01-DEL03-MG
733838;23/11/2025;domingo;14:50:00;SP;116;214;GUARULHOS;Reação tardia ou ineficiente do condutor;Colisão com objeto;Sem Vítimas;Pleno dia;Crescente;Céu Claro;Múltipla;"Reta;Aclive";Sim;1;0;0;0;1;0;0;1;-23,446471;-46,451537;SPRF-SP;DEL01-SP;UOP01-DEL01-SP
733839;23/11/2025;domingo;15:30:00;ES;101;138,5;LINHARES;Manobra de mudança de faixa;Colisão lateral mesmo sentido;Com Vítimas Feridas;Pleno dia;Decrescente;Céu Claro;Múltipla;Reta;Não;3;0;2;0;1;0;2;2;-19,30569333;-40,08199833;SPRF-ES;DEL04-ES;UOP01-DEL04-ES
733840;23/11/2025;domingo;15:25:00;MG;381;517;IGARAPE;Reação tardia ou ineficiente do condutor;Saída de leito carroçável;Com Vítimas Feridas;Pleno dia;Crescente;Chuva;Dupla;"Curva;Declive";Não;4;0;1;0;3;0;1;1;-20,10471691;-44,31938259;SPRF-MG;DEL01-MG;UOP03-DEL01-MG
733841;23/11/2025;domingo;14:35:00;MS;163;416,1;NOVA ALVORADA DO SUL;Conversão proibida;Colisão lateral mesmo sentido;Com Vítimas Feridas;Pleno dia;Decrescente;Nublado;Simples;"Aclive;Reta";Não;4;0;0;1;2;1;1;3;-21,025862;-54,505011;SPRF-MS;DEL02-MS;UOP01-DEL02-MS
733842;23/11/2025;domingo;15:27:00;MG;381;630,5;OLIVEIRA;Reação tardia ou ineficiente do condutor;Saída de leito carroçável;Com Vítimas Feridas;Pleno dia;Crescente;Chuva;Dupla;Curva;Não;3;0;2;1;0;0;3;1;-20,829889;-44,818252;SPRF-MG;DEL04-MG;UOP01-DEL04-MG
733843;23/11/2025;domingo;15:25:00;SE;235;47;ITABAIANA;Ingestão de álcool pelo condutor;Colisão frontal;Com Vítimas Feridas;Pleno dia;Decrescente;Céu Claro;Simples;Reta;Não;4;0;2;0;1;1;2;3;-10,732407;-37,410934;SPRF-SE;DEL01-SE;UOP02-DEL01-SE
733844;23/11/2025;domingo;15:20:00;MG;381;635,9;SANTO ANTONIO DO AMPARO;Velocidade Incompatível;Saída de leito carroçável;Com Vítimas Feridas;Pleno dia;Crescente;Nublado;Dupla;"Aclive;Curva";Não;2;0;2;0;0;0;2;1;-20,86571982;-44,84099181;SPRF-MG;DEL04-MG;UOP01-DEL04-MG
733845;23/11/2025;domingo;15:35:00;RS;392;350;SANTA MARIA;Acessar a via sem observar a presença dos outros veículos;Colisão transversal;Com Vítimas Feridas;Pleno dia;Crescente;Céu Claro;Simples;"Interseção de Vias;Reta;Em Obras";Sim;7;0;3;0;4;0;3;2;-29,73430959;-53,7990371;SPRF-RS;DEL09-RS;UOP01-DEL09-RS
733846;23/11/2025;domingo;15:15:00;MG;40;422;CURVELO;Pedestre cruzava a pista fora da faixa;Atropelamento de Pedestre;Com Vítimas Fatais;Pleno dia;Decrescente;Chuva;Simples;"Reta;Aclive";Não;2;1;0;0;1;0;0;2;-19,15068178;-44,5337677;SPRF-MG;DEL02-MG;UOP01-DEL02-MG
733847;23/11/2025;domingo;15:45:00;RJ;101;0;NITEROI;Reação tardia ou ineficiente do condutor;Colisão lateral mesmo sentido;Com Vítimas Feridas;Pleno dia;Crescente;Nublado;Simples;"Aclive;Reta";Sim;2;0;1;0;1;0;1;2;-22,87801956;-43,114024;SPRF-RJ;DEL02-RJ;UOP01-DEL02-RJ
733848;23/11/2025;domingo;15:20:00;SC;480;130;CHAPECO;Ingestão de álcool pelo condutor;Colisão com objeto;Sem Vítimas;Pleno dia;Crescente;Céu Claro;Dupla;Curva;Não;1;0;0;0;1;0;0;1;-27,04967223;-52,63520813;SPRF-SC;DEL07-SC;UOP01-DEL07-SC
733849;23/11/2025;domingo;15:50:00;ES;101;281,4;SERRA;Reação tardia ou ineficiente do condutor;Colisão traseira;Com Vítimas Feridas;Pleno dia;Decrescente;Nublado;Dupla;Reta;Não;3;0;1;0;2;0;1;3;-20,22416662;-40,36014805;SPRF-ES;DEL02-ES;UOP01-DEL02-ES
733853;23/11/2025;domingo;15:41:00;RS;116;236;NOVO HAMBURGO;Ausência de reação do condutor;Colisão com objeto;Com Vítimas Feridas;Pleno dia;Decrescente;Céu Claro;Dupla;Reta;Não;1;0;1;0;0;0;1;1;-29,6712275;-51,14284392;SPRF-RS;DEL01-RS;UOP02-DEL01-RS
733855;23/11/2025;domingo;12:00:00;MG;381;526;BRUMADINHO;Avarias e/ou desgaste excessivo no pneu;Colisão com objeto;Com Vítimas Feridas;Pleno dia;Decrescente;Chuva;Dupla;Curva;Não;4;0;2;0;2;0;2;1;-20,1674776;-44,33215141;SPRF-MG;DEL04-MG;UOP03-DEL04-MG
733856;23/11/2025;domingo;10:33:00;MG;381;721;CARMO DA CACHOEIRA;Ausência de reação do condutor;Colisão traseira;Com Vítimas Feridas;Pleno dia;Decrescente;Chuva;Dupla;Curva;Não;7;0;5;0;2;0;5;2;-21,42806675;-45,21094608;SPRF-MG;DEL04-MG;UOP02-DEL04-MG
733857;23/11/2025;domingo;14:10:00;RJ;116;148;DUQUE DE CAXIAS;Demais falhas mecânicas ou elétricas;Incêndio;Sem Vítimas;Pleno dia;Crescente;Nublado;Múltipla;Reta;Não;1;0;0;0;1;0;0;1;-22,6720294;-43,28221355;SPRF-RJ;DEL01-RJ;UOP02-DEL01-RJ
733858;23/11/2025;domingo;14:45:00;PB;0;0;CONDE;Ingestão de álcool pelo condutor;Colisão traseira;Sem Vítimas;Pleno dia;Não Informado;Sol;Simples;Curva;Não;3;0;0;0;3;0;0;2;-7,287055;-34,906497;SPRF-PB;DEL01-PB;UOP01-DEL01-PB
733859;23/11/2025;domingo;13:20:00;RO;364;789;PORTO VELHO;Acumulo de água sobre o pavimento;Saída de leito carroçável;Com Vítimas Feridas;Pleno dia;Crescente;Chuva;Simples;Curva;Não;3;0;1;0;2;0;1;1;-9,201413;-64,326282;SPRF-RO;DEL01-RO;UOP02-DEL01-RO
733860;23/11/2025;domingo;14:45:00;SC;101;66;ARAQUARI;Manobra de mudança de faixa;Queda de ocupante de veículo;Com Vítimas Feridas;Pleno dia;Crescente;Chuva;Múltipla;Reta;Não;2;0;2;0;0;0;2;1;-26,4549183;-48,7700851;SPRF-SC;DEL03-SC;UOP02-DEL03-SC
733861;23/11/2025;domingo;13:20:00;MG;381;654;SANTO ANTONIO DO AMPARO;Ausência de reação do condutor;Colisão com objeto;Com Vítimas Feridas;Pleno dia;Decrescente;Chuva;Dupla;"Aclive;Curva";Não;4;0;1;0;3;0;1;1;-20,99437964;-44,96041633;SPRF-MG;DEL04-MG;UOP02-DEL04-MG
733862;23/11/2025;domingo;16:00:00;MG;381;533,7;ITATIAIUCU;Velocidade Incompatível;Saída de leito carroçável;Com Vítimas Feridas;Pleno dia;Crescente;Chuva;Dupla;Curva;Não;1;0;1;0;0;0;1;1;-20,17343954;-44,375453;SPRF-MG;DEL04-MG;UOP03-DEL04-MG
733863;23/11/2025;domingo;16:20:00;RS;116;268;CANOAS;Condutor deixou de manter distância do veículo da frente;Colisão lateral mesmo sentido;Com Vítimas Feridas;Pleno dia;Decrescente;Nublado;Dupla;Reta;Sim;3;0;1;0;2;0;1;2;-29,95616117;-51,17617224;SPRF-RS;DEL01-RS;UOP01-DEL01-RS
733864;23/11/2025;domingo;13:55:00;MG;381;738;TRES CORACOES;Velocidade Incompatível;Saída de leito carroçável;Com Vítimas Feridas;Pleno dia;Crescente;Nublado;Dupla;"Curva;Declive";Não;5;0;4;1;0;0;5;1;-21,562228;-45,243762;SPRF-MG;DEL16-MG;UOP02-DEL16-MG
733865;23/11/2025;domingo;14:55:00;SC;282;416,5;CATANDUVAS;Avarias e/ou desgaste excessivo no pneu;Saída de leito carroçável;Com Vítimas Feridas;Pleno dia;Crescente;Chuva;Simples;"Aclive;Curva";Não;3;0;2;0;1;0;2;1;-27,03849;-51,71368;SPRF-SC;DEL07-SC;UOP05-DEL07-SC
733867;23/11/2025;domingo;14:50:00;SC;101;109;PENHA;Avarias e/ou desgaste excessivo no pneu;Tombamento;Com Vítimas Feridas;Pleno dia;Crescente;Chuva;Dupla;Reta;Não;2;0;2;0;0;0;2;1;-26,83400331;-48,69804589;SPRF-SC;DEL03-SC;UOP02-DEL03-SC
733868;23/11/2025;domingo;13:50:00;MG;381;732,5;CARMO DA CACHOEIRA;Ausência de reação do condutor;Saída de leito carroçável;Com Vítimas Feridas;Pleno dia;Decrescente;Céu Claro;Dupla;Curva;Não;3;0;2;1;0;0;3;1;-21,50203935;-45,21497852;SPRF-MG;DEL16-MG;UOP02-DEL16-MG
733869;23/11/2025;domingo;15:30:00;ES;262;38;DOMINGOS MARTINS;Ausência de reação do condutor;Queda de ocupante de veículo;Com Vítimas Feridas;Pleno dia;Decrescente;Sol;Simples;Reta;Não;1;0;1;0;0;0;1;1;-20,3814214;-40,618562;SPRF-ES;DEL01-ES;UOP01-DEL01-ES
733870;23/11/2025;domingo;15:40:00;PR;116;106,1;SAO JOSE DOS PINHAIS;Condutor deixou de manter distância do veículo da frente;Engavetamento;Com Vítimas Feridas;Pleno dia;Crescente;Nublado;Dupla;Reta;Não;11;0;1;0;10;0;1;4;-25,57;-49,2189;SPRF-PR;DEL01-PR;UOP03-DEL01-PR
733873;23/11/2025;domingo;11:00:00;MG;381;651;SANTO ANTONIO DO AMPARO;Ausência de reação do condutor;Colisão com objeto;Com Vítimas Feridas;Pleno dia;Crescente;Chuva;Dupla;"Declive;Curva";Não;2;0;2;0;0;0;2;1;-20,958343;-44,921356;SPRF-MG;DEL04-MG;UOP02-DEL04-MG
733874;23/11/2025;domingo;13:15:00;CE;20;196,7;BOA VIAGEM;Reação tardia ou ineficiente do condutor;Queda de ocupante de veículo;Com Vítimas Feridas;Pleno dia;Crescente;Céu Claro;Simples;Reta;Não;1;0;0;1;0;0;1;1;-5,175938;-39,76587;SPRF-CE;DEL02-CE;UOP02-DEL02-CE
733875;23/11/2025;domingo;14:48:00;RO;364;426;JARU;Acessar a via sem observar a presença dos outros veículos;Colisão lateral mesmo sentido;Com Vítimas Feridas;Pleno dia;Decrescente;Nublado;Dupla;Reta;Sim;2;0;1;0;0;1;1;2;-10,433824;-62,477706;SPRF-RO;DEL03-RO;UOP02-DEL03-RO
733880;23/11/2025;domingo;17:00:00;GO;414;396;CORUMBA DE GOIAS;Ingestão de álcool pelo condutor;Colisão com objeto;Com Vítimas Fatais;Pleno dia;Decrescente;Céu Claro;Simples;"Curva;Declive";Não;2;1;0;1;0;0;1;1;-15,94762934;-48,80362372;SPRF-GO;DEL02-GO;UOP01-DEL02-GO
733883;23/11/2025;domingo;17:00:00;DF;70;14,8;BRASILIA;Reação tardia ou ineficiente do condutor;Capotamento;Com Vítimas Feridas;Pleno dia;Crescente;Céu Claro;Dupla;Reta;Não;1;0;1;0;0;0;1;1;-15,798702;-48,185623;SPRF-DF;DEL03-DF;UOP02-DEL03-DF
733884;23/11/2025;domingo;16:45:00;SC;101;85;BARRA VELHA;Reação tardia ou ineficiente do condutor;Colisão transversal;Com Vítimas Feridas;Pleno dia;Decrescente;Chuva;Múltipla;Reta;Não;2;0;1;0;1;0;1;2;-26,61678432;-48,72014237;SPRF-SC;DEL03-SC;UOP02-DEL03-SC
733885;23/11/2025;domingo;16:00:00;PR;116;6;CAMPINA GRANDE DO SUL;Chuva;Saída de leito carroçável;Com Vítimas Feridas;Pleno dia;Crescente;Chuva;Dupla;Curva;Não;2;0;1;0;1;0;1;1;-25,085806;-48,610094;SPRF-PR;DEL01-PR;UOP02-DEL01-PR
733886;23/11/2025;domingo;17:18:00;PB;230;136,4;MASSARANDUBA;Condutor Dormindo;Saída de leito carroçável;Com Vítimas Feridas;Anoitecer;Crescente;Céu Claro;Dupla;Curva;Não;3;0;3;0;0;0;3;1;-7,276028;-35,777678;SPRF-PB;DEL02-PB;UOP01-DEL02-PB
733887;23/11/2025;domingo;17:25:00;SC;470;61,8;BLUMENAU;Transitar no Acostamento;Colisão lateral sentido oposto;Com Vítimas Feridas;Amanhecer;Crescente;Nublado;Simples;Reta;Sim;2;0;1;0;1;0;1;2;-26,87879425;-49,13321435;SPRF-SC;DEL04-SC;UOP01-DEL04-SC
733889;23/11/2025;domingo;17:20:00;DF;80;23;BRASILIA;Ausência de reação do condutor;Colisão traseira;Com Vítimas Feridas;Pleno dia;Decrescente;Chuva;Simples;Reta;Sim;2;0;1;0;1;0;1;2;-15,64191916;-48,20107363;SPRF-DF;DEL03-DF;UOP02-DEL03-DF