id;data_inversa;dia_semana;horario;uf;br;km;municipio;causa_acidente;tipo_acidente;classificacao_acidente;fase_dia;sentido_via;condicao_metereologica;tipo_pista;tracado_via;uso_solo;pessoas;mortos;feridos_leves;feridos_graves;ilesos;ignorados;feridos;veiculos;latitude;longitude;regional;delegacia;uop
733890;23/11/2025;domingo;17:45:00;GO;153;519;HIDROLANDIA;Ausência de reação do condutor;Colisão transversal;Com Vítimas Feridas;Anoitecer;Crescente;Céu Claro;Dupla;Reta;Não;3;0;0;2;1;0;2;2;-16,95862063;-49,24003601;SPRF-GO;DEL01-GO;UOP03-DEL01-GO
733891;23/11/2025;domingo;16:00:00;SC;282;231,5;LAGES;Acessar a via sem observar a presença dos outros veículos;Colisão transversal;Com Vítimas Feridas;Pleno dia;Crescente;Nublado;Simples;"Interseção de Vias;Reta";Não;4;0;1;0;3;0;1;2;-27,78690773;-50,43903558;SPRF-SC;DEL05-SC;UOP02-DEL05-SC
733893;23/11/2025;domingo;16:50:00;AL;101;129;SAO MIGUEL DOS CAMPOS;Reação tardia ou ineficiente do condutor;Colisão com objeto;Com Vítimas Feridas;Pleno dia;Crescente;Céu Claro;Simples;"Curva;Viaduto;Rotatória";Não;1;0;0;1;0;0;1;1;-9,75488091;-36,06924025;SPRF-AL;DEL02-AL;UOP01-DEL02-AL
733895;23/11/2025;domingo;16:30:00;RJ;101;421;MANGARATIBA;Reação tardia ou ineficiente do condutor;Colisão traseira;Com Vítimas Feridas;Pleno dia;Decrescente;Céu Claro;Simples;Reta;Não;3;0;2;0;1;0;2;2;-22,91565455;-43,93547986;SPRF-RJ;DEL03-RJ;UOP02-DEL03-RJ
733896;23/11/2025;domingo;18:00:00;MG;262;364;JUATUBA;Reação tardia ou ineficiente do condutor;Colisão com objeto;Com Vítimas Feridas;Pleno dia;Crescente;Nublado;Dupla;"Declive;Curva";Sim;2;0;0;2;0;0;2;1;-19,956561;-44,345334;SPRF-MG;DEL01-MG;UOP03-DEL01-MG
733897;23/11/2025;domingo;18:00:00;RN;101;122;SAO JOSE DE MIPIBU;Ausência de reação do condutor;Colisão transversal;Com Vítimas Feridas;Plena Noite;Decrescente;Céu Claro;Dupla;Retorno Regulamentado;Não;3;0;0;2;1;0;2;2;-6,04954;-35,24425;SPRF-RN;DEL01-RN;UOP01-DEL01-RN
733898;23/11/2025;domingo;16:17:00;RO;364;195,5;PIMENTA BUENO;Ingestão de álcool pelo condutor;Colisão traseira;Com Vítimas Feridas;Pleno dia;Crescente;Sol;Simples;"Aclive;Curva";Sim;4;0;1;0;3;0;1;3;-11,689482;-61,181738;SPRF-RO;DEL02-RO;UOP02-DEL02-RO
733899;23/11/2025;domingo;17:50:00;PR;116;211,4;RIO NEGRO;Acessar a via sem observar a presença dos outros veículos;Colisão transversal;Com Vítimas Feridas;Anoitecer;Crescente;Garoa/Chuvisco;Simples;"Reta;Declive";Sim;4;0;1;0;3;0;1;2;-26,10407139;-49,78090489;SPRF-SC;DEL06-SC;UOP01-DEL06-SC
733900;23/11/2025;domingo;17:09:00;MG;381;922;CAMANDUCAIA;Reação tardia ou ineficiente do condutor;Colisão com objeto;Com Vítimas Feridas;Pleno dia;Crescente;Chuva;Dupla;Reta;Não;2;0;1;0;1;0;1;1;-22,76535548;-46,1734478;SPRF-MG;DEL16-MG;UOP03-DEL16-MG
733902;23/11/2025;domingo;16:30:00;GO;153;209,4;URUACU;Chuva;Saída de leito carroçável;Com Vítimas Feridas;Pleno dia;Crescente;Chuva;Simples;Reta;Não;1;0;1;0;0;0;1;1;-14,614319;-49,16925;SPRF-GO;DEL07-GO;UOP02-DEL07-GO
733903;23/11/2025;domingo;18:00:00;PI;343;337,3;TERESINA;Acessar a via sem observar a presença dos outros veículos;Colisão transversal;Com Vítimas Feridas;Anoitecer;Crescente;Céu Claro;Dupla;"Reta;Retorno Regulamentado";Sim;2;0;0;1;1;0;1;2;-5,06245442;-42,7172783;SPRF-PI;DEL01-PI;UOP01-DEL01-PI
733904;23/11/2025;domingo;17:30:00;AL;316;262;SATUBA;Ausência de reação do condutor;Colisão traseira;Com Vítimas Feridas;Anoitecer;Crescente;Céu Claro;Simples;Reta;Não;6;0;1;0;5;0;1;2;-9,5882141;-35,88171244;SPRF-AL;DEL02-AL;UOP01-DEL02-AL
733905;23/11/2025;domingo;18:10:00;SE;101;185;UMBAUBA;Condutor deixou de manter distância do veículo da frente;Colisão traseira;Com Vítimas Feridas;Plena Noite;Decrescente;Céu Claro;Simples;Aclive;Não;3;0;0;2;0;1;2;2;-11,39288;-37,67298;SPRF-SE;DEL02-SE;UOP03-DEL02-SE
733907;23/11/2025;domingo;18:15:00;MG;381;360;SAO GONCALO DO RIO ABAIXO;Velocidade Incompatível;Colisão frontal;Com Vítimas Feridas;Anoitecer;Crescente;Garoa/Chuvisco;Simples;Aclive;Não;4;0;1;0;3;0;1;4;-19,85747021;-43,23784186;SPRF-MG;DEL03-MG;UOP01-DEL03-MG
733908;23/11/2025;domingo;18:10:00;MG;381;418,1;CAETE;Velocidade Incompatível;Colisão traseira;Com Vítimas Fatais;Anoitecer;Crescente;Chuva;Dupla;"Declive;Curva";Não;4;1;0;0;3;0;0;3;-19,778219;-43,656309;SPRF-MG;DEL01-MG;UOP01-DEL01-MG
733909;23/11/2025;domingo;18:45:00;RS;290;43;GLORINHA;Reação tardia ou ineficiente do condutor;Colisão traseira;Com Vítimas Feridas;Anoitecer;Crescente;Céu Claro;Dupla;Reta;Não;3;0;2;0;1;0;2;2;-29,889692;-50,689927;SPRF-RS;DEL03-RS;UOP01-DEL03-RS
733910;23/11/2025;domingo;17:17:00;GO;153;441,5;ANAPOLIS;Ingestão de álcool pelo condutor;Saída de leito carroçável;Com Vítimas Feridas;Pleno dia;Crescente;Céu Claro;Dupla;Reta;Sim;2;0;0;1;0;1;1;1;-16,33361601;-48,92260957;SPRF-GO;DEL02-GO;UOP01-DEL02-GO
733912;23/11/2025;domingo;18:10:00;PR;163;172,3;LINDOESTE;Ausência de reação do condutor;Tombamento;Com Vítimas Feridas;Anoitecer;Decrescente;Céu Claro;Dupla;Curva;Não;2;0;1;0;1;0;1;1;-25,1832525;-53,6018488;SPRF-PR;DEL05-PR;UOP05-DEL05-PR
733913;23/11/2025;domingo;15:39:00;RO;421;39;MONTE NEGRO;Demais falhas mecânicas ou elétricas;Tombamento;Com Vítimas Feridas;Pleno dia;Decrescente;Garoa/Chuvisco;Simples;"Aclive;Reta";Não;1;0;1;0;0;0;1;1;-10,18982804;-63,23071291;SPRF-RO;DEL03-RO;UOP01-DEL03-RO
733914;23/11/2025;domingo;18:50:00;PR;376;174;MARINGA;Acessar a via sem observar a presença dos outros veículos;Atropelamento de Pedestre;Com Vítimas Feridas;Plena Noite;Crescente;Céu Claro;Dupla;Reta;Sim;2;0;1;0;1;0;1;2;-23,412936;-51,943459;SPRF-PR;DEL09-PR;UOP01-DEL09-PR
733915;23/11/2025;domingo;19:00:00;MG;381;6;BETIM;Velocidade Incompatível;Capotamento;Com Vítimas Feridas;Anoitecer;Decrescente;Nublado;Simples;Retorno Regulamentado;Não;1;0;1;0;0;0;1;1;-19,98671549;-44,2019248;SPRF-MG;DEL01-MG;UOP03-DEL01-MG
733916;23/11/2025;domingo;17:20:00;PR;163;265;TOLEDO;Reação tardia ou ineficiente do condutor;Saída de leito carroçável;Com Vítimas Feridas;Pleno dia;Decrescente;Sol;Dupla;Declive;Não;8;0;8;0;0;0;8;1;-24,62186492;-53,91653951;SPRF-PR;DEL06-PR;UOP02-DEL06-PR
733918;23/11/2025;domingo;19:00:00;PA;316;53;CASTANHAL;Ausência de reação do condutor;Queda de ocupante de veículo;Com Vítimas Feridas;Plena Noite;Crescente;Céu Claro;Dupla;Declive;Não;3;0;2;0;0;1;2;2;-1,30698878;-48,0193913;SPRF-PA;DEL01-PA;UOP01-DEL01-PA
733919;23/11/2025;domingo;19:00:00;BA;407;4;JUAZEIRO;Transitar no Acostamento;Colisão lateral mesmo sentido;Com Vítimas Feridas;Plena Noite;Crescente;Céu Claro;Simples;Reta;Sim;3;0;2;0;0;1;2;2;-9,446342;-40,490927;SPRF-PE;DEL06-PE;UOP01-DEL06-PE
733921;23/11/2025;domingo;18:39:00;MG;381;584;CARMOPOLIS DE MINAS;Reação tardia ou ineficiente do condutor;Colisão com objeto;Com Vítimas Feridas;Amanhecer;Decrescente;Chuva;Dupla;Curva;Não;2;0;1;0;1;0;1;2;-20,511833;-44,612;SPRF-MG;DEL04-MG;UOP01-DEL04-MG
733922;23/11/2025;domingo;16:00:00;SC;282;595,6;SAUDADES;Velocidade Incompatível;Colisão com objeto;Sem Vítimas;Pleno dia;Decrescente;Chuva;Simples;Curva;Não;2;0;0;0;2;0;0;1;-26,82995797;-53,1255383;SPRF-SC;DEL07-SC;UOP02-DEL07-SC
733923;23/11/2025;domingo;18:30:00;AL;424;99;COQUEIRO SECO;Velocidade Incompatível;Saída de leito carroçável;Com Vítimas Fatais;Plena Noite;Crescente;Céu Claro;Simples;Reta;Não;3;1;0;2;0;0;2;1;-9,64511;-35,857438;SPRF-AL;DEL02-AL;UOP01-DEL02-AL
733925;23/11/2025;domingo;18:40:00;SP;116;542;BARRA DO TURVO;Chuva;Queda de ocupante de veículo;Com Vítimas Feridas;Plena Noite;Crescente;Chuva;Dupla;Curva;Não;2;0;2;0;0;0;2;1;-24,928845;-48,271605;SPRF-SP;DEL05-SP;UOP02-DEL05-SP
733926;23/11/2025;domingo;17:05:00;MG;381;931,2;EXTREMA;Chuva;Colisão traseira;Com Vítimas Feridas;Pleno dia;Decrescente;Chuva;Dupla;Curva;Sim;3;0;3;0;0;0;3;1;-22,7880247;-46,2428818;SPRF-MG;DEL16-MG;UOP03-DEL16-MG
733928;23/11/2025;domingo;17:50:00;RS;290;71;GRAVATAI;Pedestre andava na pista;Atropelamento de Pedestre;Com Vítimas Feridas;Pleno dia;Crescente;Céu Claro;Dupla;Reta;Não;2;0;0;1;0;1;1;2;-29,950115;-50,961907;SPRF-RS;DEL03-RS;UOP01-DEL03-RS
733929;23/11/2025;domingo;18:10:00;SC;101;155;FLORIANOPOLIS;Acumulo de água sobre o pavimento;Saída de leito carroçável;Com Vítimas Feridas;Anoitecer;Decrescente;Chuva;Múltipla;Viaduto;Sim;1;0;1;0;0;0;1;1;-27,5972096;-48,5556224;SPRF-SC;DEL04-SC;UOP03-DEL04-SC
733930;20/11/2025;quinta-feira;19:15:00;RJ;40;51;PETROPOLIS;Condutor deixou de manter distância do veículo da frente;Colisão traseira;Sem Vítimas;Plena Noite;Decrescente;Céu Claro;Dupla;Declive;Não;2;0;0;0;1;1;0;2;-22,33399984;-43,13346148;SPRF-RJ;DEL05-RJ;UOP02-DEL05-RJ
733931;23/11/2025;domingo;17:00:00;MG;381;931,3;EXTREMA;Acumulo de água sobre o pavimento;Saída de leito carroçável;Com Vítimas Feridas;Pleno dia;Decrescente;Chuva;Dupla;Curva;Sim;3;0;2;0;1;0;2;1;-22,7880247;-46,2428818;SPRF-MG;DEL16-MG;UOP03-DEL16-MG
733933;23/11/2025;domingo;19:38:00;MA;135;88;ITAPECURU MIRIM;Pedestre - Ingestão de álcool/ substâncias psicoativas;Atropelamento de Pedestre;Com Vítimas Feridas;Plena Noite;Decrescente;Céu Claro;Simples;Reta;Não;2;0;0;1;1;0;1;2;-3,282627;-44,410108;SPRF-MA;DEL01-MA;UOP02-DEL01-MA
733934;23/11/2025;domingo;18:30:00;PI;135;350;BOM JESUS;Pista esburacada;Tombamento;Com Vítimas Feridas;Plena Noite;Crescente;Nublado;Dupla;"Interseção de Vias;Curva";Sim;1;0;1;0;0;0;1;1;-9,078082;-44,338043;SPRF-PI;DEL03-PI;UOP02-DEL03-PI
733935;23/11/2025;domingo;19:00:00;PR;476;119,1;COLOMBO;Acessar a via sem observar a presença dos outros veículos;Colisão transversal;Com Vítimas Feridas;Plena Noite;Crescente;Chuva;Dupla;Reta;Não;2;0;1;0;1;0;1;2;-25,36889142;-49,18921921;SPRF-PR;DEL01-PR;UOP01-DEL01-PR
733937;23/11/2025;domingo;18:10:00;SC;101;56,6;ARAQUARI;Acumulo de água sobre o pavimento;Colisão com objeto;Com Vítimas Feridas;Anoitecer;Crescente;Chuva;Dupla;Reta;Sim;2;0;1;0;1;0;1;1;-26,43629012;-48,8121241;SPRF-SC;DEL03-SC;UOP01-DEL03-SC
733938;23/11/2025;domingo;19:10:00;PR;369;370;MAMBORE;Transitar na contramão;Colisão frontal;Com Vítimas Fatais;Plena Noite;Decrescente;Chuva;Simples;Curva;Não;3;1;0;1;1;0;1;2;-24,2703863;-52,51190186;SPRF-PR;DEL04-PR;UOP03-DEL04-PR
733939;23/11/2025;domingo;19:15:00;RJ;101;122;CAMPOS DOS GOYTACAZES;Ingestão de álcool pelo condutor;Colisão traseira;Com Vítimas Feridas;Plena Noite;Crescente;Garoa/Chuvisco;Múltipla;Reta;Não;9;0;8;0;1;0;8;3;-22,046665;-41,690105;SPRF-RJ;DEL08-RJ;UOP02-DEL08-RJ
733940;23/11/2025;domingo;20:00:00;SC;101;247;PAULO LOPES;Ausência de reação do condutor;Colisão traseira;Sem Vítimas;Plena Noite;Crescente;Garoa/Chuvisco;Dupla;Reta;Não;6;0;0;0;6;0;0;2;-27,920498;-48,65526;SPRF-SC;DEL02-SC;UOP03-DEL02-SC
733941;23/11/2025;domingo;18:50:00;ES;101;262;SERRA;Condutor deixou de manter distância do veículo da frente;Colisão traseira;Com Vítimas Feridas;Plena Noite;Crescente;Céu Claro;Dupla;Reta;Sim;5;0;0;2;3;0;2;2;-20,12313859;-40,30983926;SPRF-ES;DEL02-ES;UOP01-DEL02-ES
733942;23/11/2025;domingo;19:50:00;GO;70;6;AGUAS LINDAS DE GOIAS;Condutor deixou de manter distância do veículo da frente;Colisão traseira;Com Vítimas Feridas;Plena Noite;Crescente;Chuva;Múltipla;Reta;Sim;2;0;2;0;0;0;2;2;-15,73814022;-48,29868123;SPRF-DF;DEL03-DF;UOP02-DEL03-DF
733943;23/11/2025;domingo;19:10:00;SP;116;506;CAJATI;Ausência de reação do condutor;Saída de leito carroçável;Com Vítimas Feridas;Plena Noite;Crescente;Chuva;Simples;Curva;Não;3;0;3;0;0;0;3;1;-24,77457788;-48,20817947;SPRF-SP;DEL05-SP;UOP02-DEL05-SP
733944;23/11/2025;domingo;18:15:00;AL;316;253;PILAR;Reação tardia ou ineficiente do condutor;Colisão lateral sentido oposto;Sem Vítimas;Pleno dia;Decrescente;Céu Claro;Simples;Reta;Não;5;0;0;0;5;0;0;2;-9,574287;-35,964482;SPRF-AL;DEL02-AL;UOP01-DEL02-AL
733945;23/11/2025;domingo;19:30:00;SC;470;98,2;APIUNA;Transitar no Acostamento;Colisão traseira;Com Vítimas Feridas;Plena Noite;Decrescente;Céu Claro;Simples;Reta;Sim;2;0;1;0;1;0;1;2;-27,03833341;-49,39350128;SPRF-SC;DEL04-SC;UOP02-DEL04-SC
733947;23/11/2025;domingo;19:35:00;RS;287;266;SANTA MARIA;Acessar a via sem observar a presença dos outros veículos;Colisão transversal;Com Vítimas Feridas;Plena Noite;Crescente;Céu Claro;Simples;"Interseção de Vias;Reta";Não;2;0;2;0;0;0;2;2;-29,67042;-54,026317;SPRF-RS;DEL09-RS;UOP01-DEL09-RS
733948;23/11/2025;domingo;18:30:00;BA;101;337,7;TEOLANDIA;Condutor deixou de manter distância do veículo da frente;Colisão traseira;Com Vítimas Fatais;Plena Noite;Crescente;Nublado;Simples;Reta;Não;3;1;0;0;0;2;0;3;-13,533773;-39,448341;SPRF-BA;DEL05-BA;UOP03-DEL05-BA
733949;23/11/2025;domingo;19:30:00;GO;60;97;ANAPOLIS;Reação tardia ou ineficiente do condutor;Saída de leito carroçável;Sem Vítimas;Plena Noite;Crescente;Nublado;Dupla;Retorno Regulamentado;Sim;1;0;0;0;1;0;0;1;-16,37819765;-48,94907568;SPRF-GO;DEL02-GO;UOP01-DEL02-GO
733951;23/11/2025;domingo;17:45:00;MG;116;413,5;GOVERNADOR VALADARES;Condutor deixou de manter distância do veículo da frente;Colisão traseira;Com Vítimas Feridas;Anoitecer;Decrescente;Nublado;Simples;Reta;Sim;3;0;1;1;0;1;2;2;-18,88188408;-41,95768951;SPRF-MG;DEL06-MG;UOP01-DEL06-MG
733952;23/11/2025;domingo;17:22:00;RO;435;84,5;COLORADO DO OESTE;Ingestão de álcool pelo condutor;Tombamento;Com Vítimas Feridas;Pleno dia;Crescente;Céu Claro;Dupla;Reta;Sim;1;0;1;0;0;0;1;1;-13,11848653;-60,52967811;SPRF-RO;DEL04-RO;UOP02-DEL04-RO
733953;23/11/2025;domingo;18:45:00;PR;277;334;GUARAPUAVA;Velocidade Incompatível;Colisão frontal;Com Vítimas Feridas;Anoitecer;Crescente;Garoa/Chuvisco;Simples;Curva;Não;7;0;5;0;2;0;5;3;-25,366;-51,348;SPRF-PR;DEL08-PR;UOP01-DEL08-PR
733955;23/11/2025;domingo;19:50:00;PI;316;4,5;TERESINA;Manobra de mudança de faixa;Colisão transversal;Com Vítimas Feridas;Plena Noite;Crescente;Nublado;Múltipla;Reta;Sim;2;0;0;1;1;0;1;2;-5,142235;-42,781078;SPRF-PI;DEL01-PI;UOP02-DEL01-PI
733956;23/11/2025;domingo;19:20:00;ES;101;28,3;PINHEIROS;Condutor deixou de manter distância do veículo da frente;Engavetamento;Com Vítimas Feridas;Plena Noite;Crescente;Chuva;Simples;Reta;Não;6;0;3;0;2;1;3;3;-18,39663268;-39,94000238;SPRF-ES;DEL04-ES;UOP02-DEL04-ES
733957;23/11/2025;domingo;19:30:00;MG;381;6;BETIM;Ausência de reação do condutor;Colisão traseira;Com Vítimas Feridas;Plena Noite;Decrescente;Nublado;Simples;Interseção de Vias;Sim;3;0;1;0;2;0;1;2;-19,98920028;-44,19479442;SPRF-MG;DEL01-MG;UOP03-DEL01-MG
733958;23/11/2025;domingo;19:16:00;SC;101;136;BALNEARIO CAMBORIU;Acessar a via sem observar a presença dos outros veículos;Colisão traseira;Com Vítimas Feridas;Plena Noite;Crescente;Chuva;Múltipla;Reta;Não;3;0;1;0;2;0;1;2;-27,00931345;-48,61549169;SPRF-SC;DEL04-SC;UOP03-DEL04-SC
733959;23/11/2025;domingo;18:00:00;RJ;356;117;CARDOSO MOREIRA;Chuva;Queda de ocupante de veículo;Com Vítimas Feridas;Plena Noite;Decrescente;Chuva;Simples;Reta;Não;1;0;1;0;0;0;1;1;-21,60828954;-41,4200848;SPRF-RJ;DEL08-RJ;UOP03-DEL08-RJ
733962;23/11/2025;domingo;20:00:00;RS;392;36;RIO GRANDE;Demais falhas mecânicas ou elétricas;Saída de leito carroçável;Sem Vítimas;Plena Noite;Crescente;Céu Claro;Dupla;Reta;Não;1;0;0;0;1;0;0;1;-31,99151311;-52,29133442;SPRF-RS;DEL07-RS;UOP02-DEL07-RS
733963;23/11/2025;domingo;20:30:00;ES;262;148,3;IBATIBA;Reação tardia ou ineficiente do condutor;Colisão com objeto;Com Vítimas Fatais;Plena Noite;Crescente;Chuva;Simples;Curva;Não;58;2;9;3;44;0;12;1;-20,21515;-41,42766;SPRF-ES;DEL01-ES;UOP02-DEL01-ES
733964;23/11/2025;domingo;21:25:00;RS;116;529;CAPAO DO LEAO;Ausência de reação do condutor;Queda de ocupante de veículo;Com Vítimas Feridas;Plena Noite;Decrescente;Céu Claro;Simples;Interseção de Vias;Sim;1;0;1;0;0;0;1;1;-31,75622776;-52,43251769;SPRF-RS;DEL07-RS;UOP01-DEL07-RS
733965;23/11/2025;domingo;21:07:00;PE;232;8;RECIFE;Demais falhas na via;Colisão lateral mesmo sentido;Com Vítimas Feridas;Plena Noite;Decrescente;Céu Claro;Múltipla;Reta;Sim;2;0;1;0;1;0;1;2;-8,07686;-34,9694;SPRF-PE;DEL01-PE;UOP01-DEL01-PE
733967;23/11/2025;domingo;07:30:00;MG;50;62;UBERLANDIA;Reação tardia ou ineficiente do condutor;Saída de leito carroçável;Com Vítimas Feridas;Pleno dia;Decrescente;Chuva;Dupla;Reta;Não;2;0;0;2;0;0;2;1;-18,831894;-48,249394;SPRF-MG;DEL15-MG;UOP02-DEL15-MG
733970;23/11/2025;domingo;21:20:00;SE;235;55;ITABAIANA;Reação tardia ou ineficiente do condutor;Tombamento;Com Vítimas Feridas;Plena Noite;Decrescente;Céu Claro;Simples;Reta;Não;1;0;0;1;0;0;1;1;-10,667751;-37,445839;SPRF-SE;DEL01-SE;UOP02-DEL01-SE
733972;23/11/2025;domingo;19:15:00;PE;424;84;GARANHUNS;Demais falhas mecânicas ou elétricas;Saída de leito carroçável;Com Vítimas Feridas;Plena Noite;Crescente;Céu Claro;Simples;"Aclive;Curva";Não;1;0;0;1;0;0;1;1;-8,84828551;-36,520909;SPRF-PE;DEL03-PE;UOP01-DEL03-PE
733974;23/11/2025;domingo;20:00:00;GO;20;73;FORMOSA;Demais falhas mecânicas ou elétricas;Incêndio;Sem Vítimas;Plena Noite;Crescente;Céu Claro;Dupla;Reta;Não;1;0;0;0;0;1;0;1;-15,14980248;-47,13563261;SPRF-DF;DEL02-DF;UOP02-DEL02-DF
733976;23/11/2025;domingo;17:42:00;PR;277;35,1;MORRETES;Reação tardia ou ineficiente do condutor;Queda de ocupante de veículo;Com Vítimas Feridas;Pleno dia;Crescente;Nublado;Dupla;"Aclive;Curva";Não;1;0;1;0;0;0;1;1;-25,57357793;-48,82627912;SPRF-PR;DEL01-PR;UOP05-DEL01-PR
733978;23/11/2025;domingo;20:15:00;PE;232;252;ARCOVERDE;Acessar a via sem observar a presença dos outros veículos;Colisão frontal;Com Vítimas Feridas;Plena Noite;Crescente;Céu Claro;Simples;Reta;Sim;2;0;0;1;1;0;1;2;-8,430295;-37,062877;SPRF-PE;DEL04-PE;UOP02-DEL04-PE
733979;23/11/2025;domingo;19:55:00;BA;116;815;VITORIA DA CONQUISTA;Ultrapassagem Indevida;Colisão frontal;Com Vítimas Feridas;Plena Noite;Decrescente;Chuva;Simples;Reta;Sim;2;0;1;0;1;0;1;2;-14,81257968;-40,7974076;SPRF-BA;DEL08-BA;UOP01-DEL08-BA
733980;23/11/2025;domingo;22:30:00;SC;280;55,2;GUARAMIRIM;Ultrapassagem Indevida;Colisão lateral mesmo sentido;Com Vítimas Feridas;Plena Noite;Crescente;Garoa/Chuvisco;Dupla;Reta;Sim;4;0;1;0;3;0;1;2;-26,47662777;-48,99593202;SPRF-SC;DEL03-SC;UOP03-DEL03-SC
733981;23/11/2025;domingo;22:30:00;ES;101;147;LINHARES;Manobra de mudança de faixa;Queda de ocupante de veículo;Com Vítimas Feridas;Plena Noite;Crescente;Céu Claro;Múltipla;"Interseção de Vias;Reta";Sim;1;0;1;0;0;0;1;1;-19,37955252;-40,06659796;SPRF-ES;DEL04-ES;UOP01-DEL04-ES
733982;23/11/2025;domingo;22:40:00;MG;262;386;FLORESTAL;Animais na Pista;Atropelamento de Animal;Com Vítimas Feridas;Plena Noite;Crescente;Céu Claro;Dupla;Reta;Sim;1;0;0;1;0;0;1;1;-19,9072611;-44,5111866;SPRF-MG;DEL01-MG;UOP03-DEL01-MG
733983;23/11/2025;domingo;22:50:00;MG;262;384;FLORESTAL;Ausência de reação do condutor;Colisão com objeto;Sem Vítimas;Plena Noite;Crescente;Céu Claro;Dupla;"Reta;Declive";Não;2;0;0;0;2;0;0;2;-19,9075991;-44,5106098;SPRF-MG;DEL01-MG;UOP03-DEL01-MG
733984;23/11/2025;domingo;21:30:00;AL;316;258,8;PILAR;Reação tardia ou ineficiente do condutor;Colisão frontal;Com Vítimas Fatais;Plena Noite;Decrescente;Céu Claro;Simples;Reta;Não;7;1;2;2;2;0;4;3;-9,59099437;-35,93489997;SPRF-AL;DEL02-AL;UOP01-DEL02-AL
733985;23/11/2025;domingo;22:00:00;MS;262;263;RIBAS DO RIO PARDO;Ultrapassagem Indevida;Colisão frontal;Com Vítimas Fatais;Plena Noite;Decrescente;Chuva;Simples;Reta;Não;4;2;0;2;0;0;2;2;-20,40489203;-53,98055077;SPRF-MS;DEL01-MS;UOP05-DEL01-MS
733986;23/11/2025;domingo;22:30:00;MG;50;174;UBERABA;Ausência de reação do condutor;Saída de leito carroçável;Sem Vítimas;Plena Noite;Decrescente;Nublado;Dupla;"Viaduto;Curva";Não;1;0;0;0;0;1;0;1;-19,77192802;-47,9731199;SPRF-MG;DEL13-MG;UOP01-DEL13-MG
733987;23/11/2025;domingo;18:50:00;MG;116;499;INHAPIM;Reação tardia ou ineficiente do condutor;Atropelamento de Pedestre;Com Vítimas Feridas;Plena Noite;Decrescente;Céu Claro;Simples;Reta;Sim;2;0;1;1;0;0;2;2;-19,558252;-42,123468;SPRF-MG;DEL06-MG;UOP02-DEL06-MG
733988;23/11/2025;domingo;22:45:00;RJ;101;305;SAO GONCALO;Ausência de reação do condutor;Queda de ocupante de veículo;Com Vítimas Feridas;Plena Noite;Decrescente;Chuva;Dupla;Reta;Não;1;0;0;1;0;0;1;1;-22,78851117;-43,00242869;SPRF-RJ;DEL02-RJ;UOP02-DEL02-RJ
733989;23/11/2025;domingo;22:40:00;MG;381;842;SAO SEBASTIAO DA BELA VISTA;Ausência de reação do condutor;Saída de leito carroçável;Com Vítimas Feridas;Pleno dia;Crescente;Nublado;Dupla;Reta;Não;1;0;1;0;0;0;1;1;-22,18861341;-45,84543128;SPRF-MG;DEL16-MG;UOP01-DEL16-MG
733990;23/11/2025;domingo;15:15:00;MG;116;500;INHAPIM;Reação tardia ou ineficiente do condutor;Colisão traseira;Com Vítimas Feridas;Pleno dia;Decrescente;Céu Claro;Simples;Reta;Não;3;0;1;1;1;0;2;2;-19,563725;-42,122212;SPRF-MG;DEL06-MG;UOP02-DEL06-MG
733991;23/11/2025;domingo;19:00:00;MG;116;495,9;INHAPIM;Transitar na contramão;Saída de leito carroçável;Com Vítimas Fatais;Plena Noite;Crescente;Nublado;Simples;"Aclive;Curva";Não;2;1;0;1;0;0;1;1;-19,52999409;-42,12672651;SPRF-MG;DEL06-MG;UOP02-DEL06-MG
733993;23/11/2025;domingo;23:45:00;MG;262;371;JUATUBA;Condutor Dormindo;Saída de leito carroçável;Sem Vítimas;Plena Noite;Crescente;Nublado;Dupla;Reta;Não;1;0;0;0;1;0;0;1;-19,938194;-44,389524;SPRF-MG;DEL01-MG;UOP03-DEL01-MG
733994;23/11/2025;domingo;23:15:00;PR;277;72,6;SAO JOSE DOS PINHAIS;Transitar na contramão;Colisão frontal;Com Vítimas Feridas;Plena Noite;Decrescente;Chuva;Dupla;"Aclive;Reta";Não;4;0;1;0;3;0;1;2;-25,503415;-49,146556;SPRF-PR;DEL01-PR;UOP07-DEL01-PR
733996;23/11/2025;domingo;23:55:00;MG;381;448,8;BELO HORIZONTE;Conversão proibida;Colisão transversal;Com Vítimas Feridas;Plena Noite;Crescente;Céu Claro;Simples;"Reta;Declive";Sim;3;0;1;0;2;0;1;2;-19,84292523;-43,88564944;SPRF-MG;DEL01-MG;UOP01-DEL01-MG
733997;23/11/2025;domingo;21:15:00;PR;376;431;TIBAGI;Chuva;Capotamento;Com Vítimas Feridas;Plena Noite;Crescente;Chuva;Dupla;Curva;Não;2;0;1;0;1;0;1;1;-24,70056998;-50,57780385;SPRF-PR;DEL03-PR;UOP02-DEL03-PR
733998;24/11/2025;segunda-feira;00:10:00;MG;40;508,3;RIBEIRAO DAS NEVES;Manobra de mudança de faixa;Saída de leito carroçável;Com Vítimas Feridas;Plena Noite;Crescente;Nublado;Dupla;Reta;Sim;2;0;2;0;0;0;2;1;-19,76275536;-44,13245257;SPRF-MG;DEL02-MG;UOP01-DEL02-MG