id;data_inversa;dia_semana;horario;uf;br;km;municipio;causa_acidente;tipo_acidente;classificacao_acidente;fase_dia;sentido_via;condicao_metereologica;tipo_pista;tracado_via;uso_solo;pessoas;mortos;feridos_leves;feridos_graves;ilesos;ignorados;feridos;veiculos;latitude;longitude;regional;delegacia;uop
734000;23/11/2025;domingo;17:16:00;RR;174;525;BOA VISTA;Conversão proibida;Colisão lateral mesmo sentido;Com Vítimas Feridas;Pleno dia;Decrescente;Céu Claro;Simples;Reta;Não;3;0;1;0;1;1;1;3;2,9722434;-60,7453115;SPRF-RR;DEL01-RR;UOP01-DEL01-RR
734001;23/11/2025;domingo;23:35:00;GO;60;163,4;GOIANIA;Reação tardia ou ineficiente do condutor;Tombamento;Com Vítimas Feridas;Plena Noite;Crescente;Céu Claro;Dupla;Reta;Sim;3;0;0;1;0;2;1;2;-16,710148;-49,35358;SPRF-GO;DEL01-GO;UOP02-DEL01-GO
734002;24/11/2025;segunda-feira;00:50:00;RS;116;248,6;SAO LEOPOLDO;Ausência de reação do condutor;Colisão com objeto;Sem Vítimas;Plena Noite;Decrescente;Céu Claro;Dupla;Reta;Não;1;0;0;0;1;0;0;1;-29,78185875;-51,15933415;SPRF-RS;DEL01-RS;UOP02-DEL01-RS
734003;24/11/2025;segunda-feira;01:00:00;MG;381;484;BETIM;Ausência de reação do condutor;Tombamento;Com Vítimas Feridas;Plena Noite;Decrescente;Céu Claro;Dupla;Curva;Sim;1;0;1;0;0;0;1;1;-19,95891055;-44,09116888;SPRF-MG;DEL01-MG;UOP03-DEL01-MG
734004;24/11/2025;segunda-feira;00:40:00;SC;101;204;SAO JOSE;Ingestão de álcool pelo condutor;Colisão traseira;Sem Vítimas;Plena Noite;Crescente;Chuva;Dupla;Reta;Sim;2;0;0;0;2;0;0;2;-27,56816;-48,61404;SPRF-SC;DEL01-SC;UOP01-DEL01-SC
734005;24/11/2025;segunda-feira;00:20:00;RJ;101;312;SAO GONCALO;Ausência de reação do condutor;Capotamento;Com Vítimas Feridas;Plena Noite;Decrescente;Céu Claro;Dupla;Reta;Não;1;0;0;1;0;0;1;1;-22,80235836;-43,05629818;SPRF-RJ;DEL02-RJ;UOP02-DEL02-RJ
734006;23/11/2025;domingo;23:40:00;SC;101;38;JOINVILLE;Desrespeitar a preferência no cruzamento;Colisão transversal;Com Vítimas Feridas;Plena Noite;Decrescente;Chuva;Simples;Rotatória;Sim;6;0;3;1;1;1;4;3;-26,29628531;-48,88443361;SPRF-SC;DEL03-SC;UOP01-DEL03-SC
734008;24/11/2025;segunda-feira;01:10:00;RJ;101;481;ANGRA DOS REIS;Pista Escorregadia;Queda de ocupante de veículo;Com Vítimas Feridas;Plena Noite;Crescente;Chuva;Simples;Curva;Sim;1;0;1;0;0;0;1;1;-22,99600727;-44,30168152;SPRF-RJ;DEL03-RJ;UOP03-DEL03-RJ
734009;23/11/2025;domingo;23:00:00;PR;373;435,5;CHOPINZINHO;Condutor Dormindo;Saída de leito carroçável;Com Vítimas Feridas;Plena Noite;Crescente;Céu Claro;Simples;"Aclive;Curva";Não;2;0;1;0;1;0;1;1;-25,80490671;-52,28391141;SPRF-PR;DEL02-PR;UOP01-DEL02-PR
734011;24/11/2025;segunda-feira;01:05:00;RJ;101;389;ITAGUAI;Acessar a via sem observar a presença dos outros veículos;Colisão traseira;Com Vítimas Feridas;Plena Noite;Crescente;Céu Claro;Múltipla;Reta;Não;2;0;2;0;0;0;2;2;-22,8589287;-43,7591047;SPRF-RJ;DEL03-RJ;UOP01-DEL03-RJ
734012;24/11/2025;segunda-feira;00:20:00;MT;163;1026;PEIXOTO DE AZEVEDO;Falta de elemento de contenção que evite a saída do leito carroçável;Saída de leito carroçável;Sem Vítimas;Plena Noite;Crescente;Nublado;Simples;Reta;Não;1;0;0;0;0;1;0;1;-10,27138;-55,01131;SPRF-MT;DEL06-MT;UOP03-DEL06-MT
734013;24/11/2025;segunda-feira;03:40:00;MS;163;291;DOURADINA;Transitar na contramão;Colisão lateral sentido oposto;Com Vítimas Feridas;Plena Noite;Crescente;Céu Claro;Simples;Reta;Não;5;0;1;0;4;0;1;2;-22,0583016;-54,5561146;SPRF-MS;DEL04-MS;UOP01-DEL04-MS
734014;24/11/2025;segunda-feira;04:30:00;MT;70;7;BARRA DO GARCAS;Conversão proibida;Colisão frontal;Com Vítimas Feridas;Amanhecer;Decrescente;Céu Claro;Simples;Reta;Sim;3;0;2;0;1;0;2;2;-15,8725226;-52,3855256;SPRF-MT;DEL07-MT;UOP01-DEL07-MT
734016;24/11/2025;segunda-feira;04:42:00;PE;101;42,2;IGARASSU;Condutor deixou de manter distância do veículo da frente;Colisão traseira;Com Vítimas Feridas;Amanhecer;Decrescente;Céu Claro;Múltipla;Reta;Sim;2;0;0;1;1;0;1;2;-7,8410482;-34,9113047;SPRF-PE;DEL01-PE;UOP02-DEL01-PE
734018;24/11/2025;segunda-feira;05:02:00;RJ;40;116;DUQUE DE CAXIAS;Frear bruscamente;Colisão traseira;Sem Vítimas;Amanhecer;Crescente;Nublado;Dupla;Reta;Sim;5;0;0;0;4;1;0;3;-22,73534461;-43,28831997;SPRF-RJ;DEL01-RJ;UOP02-DEL01-RJ
734019;23/11/2025;domingo;15:30:00;MG;40;161;JOAO PINHEIRO;Reação tardia ou ineficiente do condutor;Saída de leito carroçável;Com Vítimas Feridas;Pleno dia;Crescente;Garoa/Chuvisco;Dupla;Curva;Não;3;0;3;0;0;0;3;1;-17,8941;-46,1246;SPRF-MG;DEL14-MG;UOP02-DEL14-MG
734020;24/11/2025;segunda-feira;05:00:00;PR;277;60;SAO JOSE DOS PINHAIS;Ausência de reação do condutor;Colisão traseira;Sem Vítimas;Pleno dia;Crescente;Garoa/Chuvisco;Simples;Reta;Sim;3;0;0;0;3;0;0;2;-25,5515194;-49,03897159;SPRF-PR;DEL01-PR;UOP01-DEL01-PR
734021;24/11/2025;segunda-feira;06:00:00;RS;116;473,1;TURUCU;Condutor Dormindo;Colisão com objeto;Com Vítimas Fatais;Amanhecer;Decrescente;Nublado;Dupla;Reta;Não;2;1;0;1;0;0;1;1;-31,42777;-52,1847377;SPRF-RS;DEL07-RS;UOP01-DEL07-RS
734022;24/11/2025;segunda-feira;05:45:00;SC;101;263;GAROPABA;Condutor Dormindo;Saída de leito carroçável;Com Vítimas Feridas;Amanhecer;Decrescente;Chuva;Múltipla;Reta;Não;2;0;2;0;0;0;2;1;-28,04601698;-48,71459587;SPRF-SC;DEL02-SC;UOP03-DEL02-SC
734024;23/11/2025;domingo;18:40:00;GO;60;280;JANDAIA;Ausência de reação do condutor;Saída de leito carroçável;Com Vítimas Feridas;Plena Noite;Crescente;Céu Claro;Dupla;Reta;Não;4;0;1;0;0;3;1;1;-17,24736;-50,216587;SPRF-GO;DEL04-GO;UOP02-DEL04-GO
734025;23/11/2025;domingo;17:00:00;GO;60;287,6;ACREUNA;Reação tardia ou ineficiente do condutor;Saída de leito carroçável;Com Vítimas Feridas;Pleno dia;Crescente;Céu Claro;Dupla;Reta;Não;2;0;1;1;0;0;2;1;-17,294428;-50,266847;SPRF-GO;DEL04-GO;UOP02-DEL04-GO
734026;24/11/2025;segunda-feira;05:30:00;MG;116;282;TEOFILO OTONI;Reação tardia ou ineficiente do condutor;Saída de leito carroçável;Com Vítimas Feridas;Amanhecer;Decrescente;Chuva;Simples;"Reta;Aclive";Não;1;0;0;1;0;0;1;1;-17,902964;-41,52276;SPRF-MG;DEL11-MG;UOP01-DEL11-MG
734028;24/11/2025;segunda-feira;02:10:00;GO;153;506;APARECIDA DE GOIANIA;Ausência de reação do condutor;Colisão com objeto;Sem Vítimas;Plena Noite;Decrescente;Céu Claro;Dupla;Reta;Não;1;0;0;0;1;0;0;1;-16,74028113;-49,24204946;SPRF-GO;DEL01-GO;UOP01-DEL01-GO
734029;24/11/2025;segunda-feira;06:15:00;RS;285;298;PASSO FUNDO;Desrespeitar a preferência no cruzamento;Colisão transversal;Com Vítimas Feridas;Pleno dia;Decrescente;Céu Claro;Simples;Interseção de Vias;Sim;2;0;1;0;1;0;1;2;-28,23663;-52,42621;SPRF-RS;DEL08-RS;UOP03-DEL08-RS
734030;23/11/2025;domingo;18:50:00;PI;343;348;TERESINA;Acessar a via sem observar a presença dos outros veículos;Colisão transversal;Com Vítimas Feridas;Plena Noite;Crescente;Céu Claro;Dupla;Reta;Sim;2;0;1;0;1;0;1;2;-5,1216;-42,792843;SPRF-PI;DEL01-PI;UOP01-DEL01-PI
734032;24/11/2025;segunda-feira;05:45:00;SP;116;210;GUARULHOS;Trafegar com motocicleta (ou similar) entre as faixas;Colisão lateral mesmo sentido;Com Vítimas Feridas;Amanhecer;Crescente;Chuva;Múltipla;Reta;Sim;3;0;2;0;1;0;2;2;-23,42916067;-46,41246139;SPRF-SP;DEL01-SP;UOP01-DEL01-SP
734033;23/11/2025;domingo;16:50:00;RS;290;220;PANTANO GRANDE;Acessar a via sem observar a presença dos outros veículos;Colisão transversal;Sem Vítimas;Pleno dia;Crescente;Nublado;Dupla;Reta;Não;6;0;0;0;6;0;0;2;-30,20015;-52,421905;SPRF-RS;DEL02-RS;UOP03-DEL02-RS
734034;24/11/2025;segunda-feira;06:25:00;ES;101;245,5;SERRA;Ultrapassagem Indevida;Colisão lateral mesmo sentido;Sem Vítimas;Amanhecer;Crescente;Nublado;Simples;Reta;Não;2;0;0;0;2;0;0;2;-20,0488473;-40,3867012;SPRF-ES;DEL02-ES;UOP01-DEL02-ES
734035;24/11/2025;segunda-feira;03:54:00;RO;364;342;JI-PARANA;Ausência de reação do condutor;Colisão traseira;Com Vítimas Feridas;Plena Noite;Decrescente;Céu Claro;Dupla;Reta;Sim;3;0;1;0;2;0;1;2;-10,88359473;-61,9379553;SPRF-RO;DEL02-RO;UOP01-DEL02-RO
734036;24/11/2025;segunda-feira;04:00:00;SC;101;110;PENHA;Ingestão de álcool pelo condutor;Saída de leito carroçável;Sem Vítimas;Plena Noite;Crescente;Chuva;Dupla;Curva;Não;1;0;0;0;0;1;0;1;-26,83508078;-48,70878696;SPRF-SC;DEL03-SC;UOP02-DEL03-SC
734037;24/11/2025;segunda-feira;07:00:00;PR;277;74,9;SAO JOSE DOS PINHAIS;Trafegar com motocicleta (ou similar) entre as faixas;Colisão traseira;Com Vítimas Feridas;Pleno dia;Crescente;Sol;Dupla;Reta;Não;3;0;1;0;2;0;1;2;-25,494007;-49,167506;SPRF-PR;DEL01-PR;UOP07-DEL01-PR
734038;24/11/2025;segunda-feira;06:30:00;MS;163;10,9;MUNDO NOVO;Ausência de reação do condutor;Tombamento;Com Vítimas Feridas;Pleno dia;Crescente;Céu Claro;Simples;"Desvio Temporário;Declive;Em Obras";Não;1;0;1;0;0;0;1;1;-23,96773284;-54,32715788;SPRF-MS;DEL09-MS;UOP02-DEL09-MS
734040;24/11/2025;segunda-feira;07:00:00;SP;116;130,6;CACAPAVA;Manobra de mudança de faixa;Colisão lateral mesmo sentido;Com Vítimas Feridas;Pleno dia;Crescente;Céu Claro;Dupla;Reta;Sim;2;0;1;0;1;0;1;2;-23,12339447;-45,72877614;SPRF-SP;DEL02-SP;UOP02-DEL02-SP
734041;24/11/2025;segunda-feira;06:40:00;ES;101;288,5;CARIACICA;Reação tardia ou ineficiente do condutor;Colisão lateral mesmo sentido;Com Vítimas Feridas;Pleno dia;Decrescente;Nublado;Dupla;Reta;Sim;3;0;1;0;2;0;1;2;-20,27485826;-40,39220095;SPRF-ES;DEL01-ES;UOP01-DEL01-ES
734042;24/11/2025;segunda-feira;07:15:00;RJ;116;175;SAO JOAO DE MERITI;Demais falhas mecânicas ou elétricas;Queda de ocupante de veículo;Com Vítimas Feridas;Amanhecer;Crescente;Nublado;Dupla;Reta;Sim;2;0;2;0;0;0;2;1;-22,788309;-43,373974;SPRF-RJ;DEL06-RJ;UOP01-DEL06-RJ
734043;24/11/2025;segunda-feira;06:20:00;BA;101;447;AURELINO LEAL;Acumulo de água sobre o pavimento;Saída de leito carroçável;Com Vítimas Feridas;Pleno dia;Decrescente;Garoa/Chuvisco;Simples;"Declive;Curva";Não;3;0;2;0;1;0;2;2;-14,33603;-39,31627;SPRF-BA;DEL05-BA;UOP01-DEL05-BA
734045;24/11/2025;segunda-feira;06:00:00;RJ;465;19;NOVA IGUACU;Reação tardia ou ineficiente do condutor;Atropelamento de Pedestre;Com Vítimas Feridas;Pleno dia;Crescente;Céu Claro;Simples;Reta;Sim;4;0;1;0;3;0;1;2;-22,81340744;-43,62593148;SPRF-RJ;DEL06-RJ;UOP02-DEL06-RJ
734046;24/11/2025;segunda-feira;08:20:00;PB;101;82,4;BAYEUX;Ausência de reação do condutor;Colisão traseira;Sem Vítimas;Pleno dia;Crescente;Sol;Dupla;"Aclive;Reta;Viaduto";Sim;2;0;0;0;2;0;0;2;-7,13125783;-34,93308842;SPRF-PB;DEL01-PB;UOP01-DEL01-PB
734047;24/11/2025;segunda-feira;07:45:00;BA;116;420;FEIRA DE SANTANA;Reação tardia ou ineficiente do condutor;Colisão traseira;Com Vítimas Feridas;Pleno dia;Crescente;Céu Claro;Dupla;Viaduto;Sim;2;0;2;0;0;0;2;2;-12,2162128;-38,964592;SPRF-BA;DEL02-BA;UOP01-DEL02-BA
734048;24/11/2025;segunda-feira;08:00:00;PE;101;70,4;RECIFE;Acessar a via sem observar a presença dos outros veículos;Atropelamento de Pedestre;Com Vítimas Feridas;Pleno dia;Crescente;Céu Claro;Dupla;Reta;Sim;2;0;1;0;1;0;1;2;-8,0640226;-34,9447507;SPRF-PE;DEL01-PE;UOP01-DEL01-PE
734049;24/11/2025;segunda-feira;08:00:00;SC;282;5,8;SAO JOSE;Ausência de reação do condutor;Queda de ocupante de veículo;Com Vítimas Feridas;Pleno dia;Crescente;Chuva;Dupla;"Declive;Curva";Não;1;0;1;0;0;0;1;1;-27,584533;-48,617107;SPRF-SC;DEL01-SC;UOP01-DEL01-SC
734051;24/11/2025;segunda-feira;08:30:00;SC;101;211;SAO JOSE;Reação tardia ou ineficiente do condutor;Queda de ocupante de veículo;Com Vítimas Feridas;Pleno dia;Decrescente;Chuva;Múltipla;Reta;Não;2;0;1;0;1;0;1;2;-27,62196537;-48,65086198;SPRF-SC;DEL01-SC;UOP02-DEL01-SC
734052;24/11/2025;segunda-feira;08:00:00;PR;369;91,1;CORNELIO PROCOPIO;Acessar a via sem observar a presença dos outros veículos;Colisão transversal;Com Vítimas Feridas;Pleno dia;Crescente;Céu Claro;Dupla;"Interseção de Vias;Curva;Retorno Regulamentado;Declive";Sim;2;0;1;0;1;0;1;2;-23,19878794;-50,65408587;SPRF-PR;DEL07-PR;UOP05-DEL07-PR
734053;24/11/2025;segunda-feira;08:05:00;RN;101;95,8;NATAL;Ultrapassagem Indevida;Colisão lateral mesmo sentido;Com Vítimas Feridas;Pleno dia;Decrescente;Céu Claro;Dupla;Reta;Sim;4;0;3;0;1;0;3;3;-5,84915495;-35,20757901;SPRF-RN;DEL01-RN;UOP01-DEL01-RN
734054;24/11/2025;segunda-feira;07:45:00;PR;376;180;MARINGA;Ausência de reação do condutor;Tombamento;Com Vítimas Feridas;Pleno dia;Decrescente;Nublado;Dupla;Reta;Sim;2;0;2;0;0;0;2;1;-23,421995;-51,904279;SPRF-PR;DEL09-PR;UOP01-DEL09-PR
734057;24/11/2025;segunda-feira;07:53:00;PE;101;51,3;PAULISTA;Manobra de mudança de faixa;Colisão lateral mesmo sentido;Com Vítimas Feridas;Pleno dia;Crescente;Céu Claro;Múltipla;Interseção de Vias;Sim;2;0;1;0;1;0;1;2;-7,919865;-34,8952817;SPRF-PE;DEL01-PE;UOP02-DEL01-PE
734058;24/11/2025;segunda-feira;09:00:00;SC;282;4,6;SAO JOSE;Frear bruscamente;Queda de ocupante de veículo;Com Vítimas Feridas;Pleno dia;Crescente;Chuva;Múltipla;Reta;Não;2;0;1;0;1;0;1;2;-27,58467;-48,616887;SPRF-SC;DEL01-SC;UOP01-DEL01-SC
734060;24/11/2025;segunda-feira;09:20:00;BA;116;422;FEIRA DE SANTANA;Ausência de sinalização;Colisão transversal;Com Vítimas Feridas;Pleno dia;Decrescente;Céu Claro;Simples;Curva;Sim;2;0;1;0;1;0;1;2;-12,23088552;-38,96385179;SPRF-BA;DEL02-BA;UOP01-DEL02-BA
734061;24/11/2025;segunda-feira;09:00:00;PR;116;115;CURITIBA;Manobra de mudança de faixa;Colisão lateral mesmo sentido;Com Vítimas Feridas;Pleno dia;Decrescente;Nublado;Dupla;Reta;Sim;2;0;1;0;1;0;1;2;-25,54416273;-49,30307262;SPRF-PR;DEL01-PR;UOP03-DEL01-PR
734062;23/11/2025;domingo;05:00:00;BA;116;574;BREJOES;Acessar a via sem observar a presença dos outros veículos;Atropelamento de Pedestre;Com Vítimas Feridas;Plena Noite;Decrescente;Céu Claro;Simples;Reta;Sim;2;0;1;0;0;1;1;2;-13,0740914;-39,9613084;SPRF-BA;DEL03-BA;UOP02-DEL03-BA
734065;24/11/2025;segunda-feira;08:35:00;RN;101;84;SAO GONCALO DO AMARANTE;Ausência de reação do condutor;Colisão traseira;Com Vítimas Feridas;Pleno dia;Crescente;Sol;Dupla;Reta;Sim;2;0;2;0;0;0;2;2;-5,77303562;-35,26124088;SPRF-RN;DEL02-RN;UOP01-DEL02-RN
734066;24/11/2025;segunda-feira;09:10:00;MG;381;778,4;CAMPANHA;Chuva;Saída de leito carroçável;Com Vítimas Feridas;Pleno dia;Decrescente;Chuva;Dupla;Curva;Não;5;0;2;0;3;0;2;2;-21,804263;-45,474091;SPRF-MG;DEL16-MG;UOP02-DEL16-MG
734067;24/11/2025;segunda-feira;06:40:00;MG;116;485,3;INHAPIM;Retorno proibido;Colisão transversal;Com Vítimas Fatais;Plena Noite;Decrescente;Céu Claro;Simples;"Interseção de Vias;Curva";Não;2;1;1;0;0;0;1;2;-19,441705;-42,129747;SPRF-MG;DEL06-MG;UOP02-DEL06-MG
734070;24/11/2025;segunda-feira;09:20:00;PE;101;92;CABO DE SANTO AGOSTINHO;Condutor deixou de manter distância do veículo da frente;Engavetamento;Sem Vítimas;Pleno dia;Crescente;Sol;Dupla;Reta;Não;5;0;0;0;3;2;0;4;-8,23069;-34,99601;SPRF-PE;DEL01-PE;UOP01-DEL01-PE
734071;24/11/2025;segunda-feira;09:15:00;SC;282;50,4;AGUAS MORNAS;Reação tardia ou ineficiente do condutor;Saída de leito carroçável;Com Vítimas Feridas;Pleno dia;Crescente;Garoa/Chuvisco;Simples;"Aclive;Reta";Não;1;0;1;0;0;0;1;1;-27,70603;-48,955373;SPRF-SC;DEL01-SC;UOP03-DEL01-SC
734072;24/11/2025;segunda-feira;10:35:00;ES;101;202,1;JOAO NEIVA;Demais falhas mecânicas ou elétricas;Incêndio;Sem Vítimas;Pleno dia;Decrescente;Garoa/Chuvisco;Simples;Curva;Não;1;0;0;0;1;0;0;1;-19,74293535;-40,36508608;SPRF-ES;DEL04-ES;UOP01-DEL04-ES
734073;24/11/2025;segunda-feira;09:45:00;RS;386;32,9;FREDERICO WESTPHALEN;Acessar a via sem observar a presença dos outros veículos;Colisão transversal;Com Vítimas Feridas;Pleno dia;Decrescente;Céu Claro;Simples;"Reta;Interseção de Vias";Sim;2;0;1;0;1;0;1;2;-27,35025176;-53,38624835;SPRF-RS;DEL08-RS;UOP02-DEL08-RS
734075;04/11/2025;terça-feira;07:50:00;ES;101;270,5;SERRA;Trafegar com motocicleta (ou similar) entre as faixas;Colisão lateral mesmo sentido;Com Vítimas Feridas;Pleno dia;Crescente;Céu Claro;Múltipla;Reta;Sim;2;0;1;0;0;1;1;2;-20,22896003;-40,27210611;SPRF-ES;DEL02-ES;UOP01-DEL02-ES
734078;24/11/2025;segunda-feira;09:15:00;GO;60;294,5;ACREUNA;Reação tardia ou ineficiente do condutor;Saída de leito carroçável;Com Vítimas Feridas;Pleno dia;Crescente;Céu Claro;Dupla;Reta;Não;2;0;1;1;0;0;2;1;-17,328093;-50,302829;SPRF-GO;DEL04-GO;UOP02-DEL04-GO
734081;24/11/2025;segunda-feira;11:15:00;RN;304;35;MOSSORO;Ausência de reação do condutor;Tombamento;Com Vítimas Feridas;Pleno dia;Decrescente;Céu Claro;Simples;Curva;Sim;1;0;1;0;0;0;1;1;-5,165716;-37,350906;SPRF-RN;DEL04-RN;UOP02-DEL04-RN
734082;24/11/2025;segunda-feira;08:40:00;MG;116;223;CATUJI;Ausência de reação do condutor;Colisão frontal;Com Vítimas Feridas;Pleno dia;Crescente;Chuva;Simples;"Aclive;Curva";Não;9;0;1;0;7;1;1;3;-17,431653;-41,514822;SPRF-MG;DEL11-MG;UOP01-DEL11-MG
734084;24/11/2025;segunda-feira;10:50:00;RJ;101;55;CAMPOS DOS GOYTACAZES;Transitar no Acostamento;Colisão lateral mesmo sentido;Com Vítimas Feridas;Pleno dia;Crescente;Céu Claro;Simples;Reta;Não;2;0;1;0;1;0;1;2;-21,83584641;-41,42100476;SPRF-RJ;DEL08-RJ;UOP01-DEL08-RJ
734085;24/11/2025;segunda-feira;11:40:00;RJ;101;442;MANGARATIBA;Curva acentuada;Tombamento;Com Vítimas Feridas;Pleno dia;Decrescente;Nublado;Simples;Curva;Não;2;0;1;1;0;0;2;1;-22,9800333;-44,0831667;SPRF-RJ;DEL03-RJ;UOP02-DEL03-RJ
734086;24/11/2025;segunda-feira;10:15:00;SC;101;401,9;MARACAJA;Velocidade Incompatível;Tombamento;Com Vítimas Feridas;Pleno dia;Crescente;Nublado;Simples;Interseção de Vias;Sim;1;0;0;1;0;0;1;1;-28,87806135;-49,45782837;SPRF-SC;DEL02-SC;UOP02-DEL02-SC
734088;24/11/2025;segunda-feira;10:30:00;PE;101;66;RECIFE;Manobra de mudança de faixa;Colisão lateral mesmo sentido;Com Vítimas Feridas;Pleno dia;Crescente;Sol;Múltipla;Reta;Sim;2;0;0;1;1;0;1;2;-8,041998;-34,943338;SPRF-PE;DEL01-PE;UOP01-DEL01-PE
734089;24/11/2025;segunda-feira;11:20:00;PR;153;55,2;BANDEIRANTES;Condutor deixou de manter distância do veículo da frente;Colisão traseira;Com Vítimas Feridas;Pleno dia;Crescente;Nublado;Simples;Reta;Sim;3;0;1;1;1;0;2;2;-23,10720192;-50,36387656;SPRF-PR;DEL07-PR;UOP04-DEL07-PR
734091;24/11/2025;segunda-feira;06:00:00;MG;381;941;EXTREMA;Chuva;Saída de leito carroçável;Com Vítimas Feridas;Amanhecer;Decrescente;Chuva;Dupla;Reta;Sim;1;0;1;0;0;0;1;1;-22,828949;-46,314577;SPRF-MG;DEL16-MG;UOP03-DEL16-MG
734094;24/11/2025;segunda-feira;10:05:00;RJ;40;124;RIO DE JANEIRO;Reação tardia ou ineficiente do condutor;Queda de ocupante de veículo;Com Vítimas Feridas;Pleno dia;Crescente;Nublado;Dupla;Reta;Sim;1;0;1;0;0;0;1;1;-22,812146;-43,288183;SPRF-RJ;DEL01-RJ;UOP02-DEL01-RJ
734095;24/11/2025;segunda-feira;08:45:00;RJ;356;181;SAO JOAO DA BARRA;Mal súbito do condutor;Saída de leito carroçável;Com Vítimas Feridas;Pleno dia;Decrescente;Nublado;Simples;Reta;Não;1;0;1;0;0;0;1;1;-21,66024279;-41,05389361;SPRF-RJ;DEL08-RJ;UOP02-DEL08-RJ
734098;24/11/2025;segunda-feira;10:25:00;RJ;465;22;RIO DE JANEIRO;Reação tardia ou ineficiente do condutor;Colisão lateral mesmo sentido;Com Vítimas Feridas;Pleno dia;Decrescente;Nublado;Simples;Reta;Sim;2;0;1;0;1;0;1;2;-22,865727;-43,600818;SPRF-RJ;DEL03-RJ;UOP01-DEL03-RJ
734102;24/11/2025;segunda-feira;12:46:00;PE;101;63,4;RECIFE;Manobra de mudança de faixa;Colisão lateral mesmo sentido;Com Vítimas Feridas;Pleno dia;Crescente;Céu Claro;Múltipla;"Interseção de Vias;Curva";Não;2;0;1;0;1;0;1;2;-8,011725;-34,938372;SPRF-PE;DEL01-PE;UOP01-DEL01-PE
734103;24/11/2025;segunda-feira;12:40:00;PI;316;5;TERESINA;Ausência de reação do condutor;Colisão lateral mesmo sentido;Com Vítimas Feridas;Pleno dia;Decrescente;Céu Claro;Múltipla;"Interseção de Vias;Reta";Sim;2;0;1;0;1;0;1;2;-5,14163;-42,781468;SPRF-PI;DEL01-PI;UOP02-DEL01-PI
734104;24/11/2025;segunda-feira;10:00:00;SC;101;206;SAO JOSE;Ausência de reação do condutor;Queda de ocupante de veículo;Com Vítimas Feridas;Pleno dia;Crescente;Chuva;Dupla;Reta;Sim;2;0;1;0;1;0;1;1;-27,6001892;-48,62293331;SPRF-SC;DEL01-SC;UOP01-DEL01-SC
734105;24/11/2025;segunda-feira;12:30:00;MG;381;496;BETIM;Pista Escorregadia;Colisão lateral mesmo sentido;Com Vítimas Feridas;Pleno dia;Crescente;Céu Claro;Dupla;"Reta;Interseção de Vias";Não;2;0;1;0;0;1;1;2;-19,97483736;-44,18800145;SPRF-MG;DEL01-MG;UOP03-DEL01-MG
734106;24/11/2025;segunda-feira;14:45:00;MG;40;577;SAO DOMINGOS DO PRATA;Transitar na contramão;Colisão frontal;Com Vítimas Feridas;Pleno dia;Crescente;Chuva;Simples;Curva;Não;3;0;2;1;0;0;3;2;-20;-43;SPRF-MG;DEL01-MG;UOP02-DEL01-MG
734107;24/11/2025;segunda-feira;13:30:00;RJ;101;94;CAMPOS DOS GOYTACAZES;Chuva;Capotamento;Com Vítimas Feridas;Pleno dia;Decrescente;Chuva;Dupla;Curva;Sim;2;0;2;0;0;0;2;1;-21,83583428;-41,42096798;SPRF-RJ;DEL08-RJ;UOP02-DEL08-RJ
734108;24/11/2025;segunda-feira;13:20:00;GO;153;104;SANTA TEREZA DE GOIAS;Acessar a via sem observar a presença dos outros veículos;Colisão transversal;Com Vítimas Feridas;Pleno dia;Crescente;Céu Claro;Simples;Reta;Não;6;0;3;0;3;0;3;2;-13,68949824;-49,02279496;SPRF-GO;DEL07-GO;UOP01-DEL07-GO
734110;24/11/2025;segunda-feira;10:39:00;MA;135;53,9;BACABEIRA;Condutor Dormindo;Saída de leito carroçável;Com Vítimas Feridas;Pleno dia;Decrescente;Céu Claro;Dupla;Reta;Não;1;0;1;0;0;0;1;1;-2,995675;-44,313177;SPRF-MA;DEL01-MA;UOP02-DEL01-MA
734111;24/11/2025;segunda-feira;15:00:00;PR;369;147;LONDRINA;Condutor desrespeitou a iluminação vermelha do semáforo;Colisão transversal;Com Vítimas Feridas;Pleno dia;Decrescente;Céu Claro;Dupla;"Interseção de Vias;Reta";Sim;2;0;0;1;1;0;1;2;-23,29307636;-51,13450019;SPRF-PR;DEL07-PR;UOP01-DEL07-PR
734113;24/11/2025;segunda-feira;12:00:00;RJ;101;197;CASIMIRO DE ABREU;Velocidade Incompatível;Saída de leito carroçável;Com Vítimas Feridas;Pleno dia;Crescente;Chuva;Dupla;Curva;Não;5;0;1;0;4;0;1;2;-22,49334575;-42,11409464;SPRF-RJ;DEL08-RJ;UOP04-DEL08-RJ
734114;24/11/2025;segunda-feira;14:30:00;PB;230;16;JOAO PESSOA;Condutor deixou de manter distância do veículo da frente;Engavetamento;Sem Vítimas;Pleno dia;Decrescente;Céu Claro;Dupla;Reta;Não;4;0;0;0;4;0;0;3;-7,109712;-34,843022;SPRF-PB;DEL01-PB;UOP01-DEL01-PB
734115;24/11/2025;segunda-feira;07:30:00;PE;232;409;SERRA TALHADA;Ausência de reação do condutor;Colisão traseira;Com Vítimas Feridas;Pleno dia;Crescente;Sol;Simples;"Reta;Interseção de Vias";Sim;2;0;0;1;1;0;1;2;-7,9828;-38,3014;SPRF-PE;DEL04-PE;UOP01-DEL04-PE