id;data_inversa;dia_semana;horario;uf;br;km;municipio;causa_acidente;tipo_acidente;classificacao_acidente;fase_dia;sentido_via;condicao_metereologica;tipo_pista;tracado_via;uso_solo;pessoas;mortos;feridos_leves;feridos_graves;ilesos;ignorados;feridos;veiculos;latitude;longitude;regional;delegacia;uop
734117;24/11/2025;segunda-feira;14:00:00;BA;101;865;TEIXEIRA DE FREITAS;Ultrapassagem Indevida;Colisão frontal;Com Vítimas Fatais;Pleno dia;Crescente;Chuva;Simples;"Aclive;Reta";Não;3;1;0;1;0;1;1;3;-17,450765;-39,696173;SPRF-BA;DEL09-BA;UOP02-DEL09-BA
734120;24/11/2025;segunda-feira;15:05:00;PE;232;8,4;RECIFE;Condutor deixou de manter distância do veículo da frente;Colisão traseira;Com Vítimas Feridas;Pleno dia;Decrescente;Céu Claro;Múltipla;Reta;Não;2;0;1;0;1;0;1;2;-8,07703;-34,97328;SPRF-PE;DEL01-PE;UOP01-DEL01-PE
734121;24/11/2025;segunda-feira;14:50:00;RS;290;142;ELDORADO DO SUL;Reação tardia ou ineficiente do condutor;Colisão traseira;Sem Vítimas;Pleno dia;Crescente;Céu Claro;Simples;Reta;Sim;5;0;0;0;5;0;0;2;-30,09206431;-51,63353667;SPRF-RS;DEL02-RS;UOP01-DEL02-RS
734123;11/10/2025;sábado;06:00:00;ES;262;170,9;IBATIBA;Reação tardia ou ineficiente do condutor;Colisão traseira;Com Vítimas Feridas;Pleno dia;Decrescente;Céu Claro;Simples;Curva;Não;3;0;0;1;1;1;1;3;-20,26466186;-41,59061047;SPRF-ES;DEL01-ES;UOP02-DEL01-ES
734124;24/11/2025;segunda-feira;15:30:00;RS;116;226;DOIS IRMAOS;Ausência de reação do condutor;Colisão traseira;Com Vítimas Feridas;Pleno dia;Decrescente;Céu Claro;Simples;Reta;Não;2;0;1;0;1;0;1;2;-29,60142;-51,11856901;SPRF-RS;DEL01-RS;UOP02-DEL01-RS
734125;24/11/2025;segunda-feira;14:05:00;PB;230;16,6;JOAO PESSOA;Manobra de mudança de faixa;Colisão lateral mesmo sentido;Com Vítimas Feridas;Pleno dia;Crescente;Céu Claro;Dupla;Reta;Sim;4;0;2;0;0;2;2;3;-7,11274796;-34,84247754;SPRF-PB;DEL01-PB;UOP01-DEL01-PB
734126;12/06/2025;quinta-feira;15:00:00;RJ;116;170;RIO DE JANEIRO;Manobra de mudança de faixa;Capotamento;Com Vítimas Feridas;Pleno dia;Decrescente;Chuva;Dupla;Reta;Sim;3;0;2;0;0;1;2;3;-22,81487448;-43,32758904;SPRF-RJ;DEL06-RJ;UOP01-DEL06-RJ
734127;24/11/2025;segunda-feira;15:20:00;ES;259;94,5;BAIXO GUANDU;Ausência de reação do condutor;Colisão com objeto;Com Vítimas Feridas;Pleno dia;Crescente;Chuva;Simples;Reta;Não;1;0;1;0;0;0;1;1;-19,5057699;-40,957934;SPRF-ES;DEL02-ES;UOP01-DEL02-ES
734130;24/11/2025;segunda-feira;15:45:00;RS;290;101;PORTO ALEGRE;Reação tardia ou ineficiente do condutor;Capotamento;Sem Vítimas;Pleno dia;Crescente;Céu Claro;Múltipla;"Reta;Ponte";Sim;1;0;0;0;1;0;0;1;-29,98761272;-51,23941898;SPRF-RS;DEL01-RS;UOP01-DEL01-RS
734131;24/11/2025;segunda-feira;15:00:00;PE;101;86;JABOATAO DOS GUARARAPES;Acesso irregular;Engavetamento;Com Vítimas Feridas;Pleno dia;Crescente;Céu Claro;Dupla;Reta;Sim;4;0;1;0;3;0;1;3;-8,1847037;-34,9688109;SPRF-PE;DEL01-PE;UOP01-DEL01-PE
734135;24/11/2025;segunda-feira;15:40:00;RN;226;4;NATAL;Conversão proibida;Colisão transversal;Com Vítimas Feridas;Pleno dia;Crescente;Céu Claro;Simples;Reta;Sim;2;0;1;0;1;0;1;2;-5,819943;-35,266727;SPRF-RN;DEL01-RN;UOP02-DEL01-RN
734141;24/11/2025;segunda-feira;16:20:00;SP;116;6,7;QUELUZ;Mal súbito do condutor;Saída de leito carroçável;Com Vítimas Feridas;Pleno dia;Decrescente;Nublado;Dupla;Reta;Sim;1;0;1;0;0;0;1;1;-22,53415;-44,76038;SPRF-SP;DEL08-SP;UOP02-DEL08-SP
734142;24/11/2025;segunda-feira;16:44:00;PE;101;51;PAULISTA;Ausência de reação do condutor;Saída de leito carroçável;Sem Vítimas;Pleno dia;Decrescente;Céu Claro;Múltipla;"Declive;Viaduto";Sim;1;0;0;0;0;1;0;1;-7,92265792;-34,89414144;SPRF-PE;DEL01-PE;UOP02-DEL01-PE
734143;24/11/2025;segunda-feira;17:10:00;RJ;101;464;ANGRA DOS REIS;Velocidade Incompatível;Saída de leito carroçável;Com Vítimas Feridas;Pleno dia;Crescente;Chuva;Simples;Curva;Não;2;0;2;0;0;0;2;1;-23,024712;-44,219631;SPRF-RJ;DEL03-RJ;UOP03-DEL03-RJ
734144;24/11/2025;segunda-feira;17:30:00;RS;285;456;IJUI;Transitar na contramão;Colisão frontal;Com Vítimas Feridas;Pleno dia;Decrescente;Céu Claro;Simples;"Reta;Em Obras";Sim;2;0;1;1;0;0;2;2;-28,389591;-53,892924;SPRF-RS;DEL10-RS;UOP01-DEL10-RS
734147;24/11/2025;segunda-feira;17:30:00;MG;262;11,2;MARTINS SOARES;Acessar a via sem observar a presença dos outros veículos;Colisão transversal;Com Vítimas Feridas;Anoitecer;Crescente;Céu Claro;Simples;"Interseção de Vias;Reta;Aclive";Não;2;0;0;1;1;0;1;2;-20,247529;-41,848273;SPRF-MG;DEL06-MG;UOP03-DEL06-MG
734148;24/11/2025;segunda-feira;18:00:00;PR;376;4,5;APUCARANA;Acessar a via sem observar a presença dos outros veículos;Colisão transversal;Com Vítimas Feridas;Pleno dia;Crescente;Céu Claro;Dupla;Reta;Não;3;0;2;0;1;0;2;2;-23,55319207;-51,44676611;SPRF-PR;DEL03-PR;UOP03-DEL03-PR
734149;24/11/2025;segunda-feira;10:00:00;PE;101;174,4;JOAQUIM NABUCO;Condutor Dormindo;Saída de leito carroçável;Com Vítimas Feridas;Pleno dia;Crescente;Céu Claro;Dupla;Reta;Não;1;0;0;1;0;0;1;1;-8,60207;-35,53259;SPRF-PE;DEL01-PE;UOP03-DEL01-PE
734150;24/11/2025;segunda-feira;18:20:00;SC;101;138,1;BALNEARIO CAMBORIU;Trafegar com motocicleta (ou similar) entre as faixas;Colisão traseira;Com Vítimas Feridas;Pleno dia;Decrescente;Garoa/Chuvisco;Dupla;Reta;Sim;3;0;1;0;2;0;1;3;-27,02143969;-48,60880679;SPRF-SC;DEL04-SC;UOP03-DEL04-SC
734151;24/11/2025;segunda-feira;15:10:00;PR;277;290;PRUDENTOPOLIS;Reação tardia ou ineficiente do condutor;Colisão lateral mesmo sentido;Sem Vítimas;Pleno dia;Decrescente;Céu Claro;Simples;Reta;Não;2;0;0;0;2;0;0;2;-25,318;-51,006;SPRF-PR;DEL08-PR;UOP02-DEL08-PR
734152;22/11/2025;sábado;19:10:00;RS;468;59;SANTO AUGUSTO;Ausência de reação do condutor;Saída de leito carroçável;Com Vítimas Feridas;Anoitecer;Crescente;Céu Claro;Simples;Reta;Não;2;0;2;0;0;0;2;1;-27,75752943;-53,77862552;SPRF-RS;DEL08-RS;UOP02-DEL08-RS
734154;24/11/2025;segunda-feira;16:10:00;PR;153;346;REBOUCAS;Transitar na contramão;Colisão lateral sentido oposto;Com Vítimas Feridas;Pleno dia;Decrescente;Nublado;Simples;Curva;Não;2;0;2;0;0;0;2;2;-25,5890425;-50,6838247;SPRF-PR;DEL08-PR;UOP02-DEL08-PR
734155;24/11/2025;segunda-feira;18:40:00;RS;448;3;ESTEIO;Condutor deixou de manter distância do veículo da frente;Colisão traseira;Com Vítimas Feridas;Pleno dia;Crescente;Céu Claro;Dupla;Reta;Sim;2;0;1;0;1;0;1;2;-29,84111528;-51,17648239;SPRF-RS;DEL01-RS;UOP02-DEL01-RS
734156;24/11/2025;segunda-feira;18:10:00;MA;135;119;MIRANDA DO NORTE;Ultrapassagem Indevida;Saída de leito carroçável;Com Vítimas Feridas;Anoitecer;Decrescente;Céu Claro;Simples;Reta;Não;5;0;4;1;0;0;5;2;-3,51862333;-44,55332333;SPRF-MA;DEL01-MA;UOP02-DEL01-MA
734157;24/11/2025;segunda-feira;18:15:00;SC;101;146,7;ITAPEMA;Reação tardia ou ineficiente do condutor;Colisão traseira;Sem Vítimas;Anoitecer;Decrescente;Nublado;Múltipla;"Declive;Reta";Sim;3;0;0;0;3;0;0;3;-27,08953;-48,6142;SPRF-SC;DEL04-SC;UOP03-DEL04-SC
734158;24/11/2025;segunda-feira;17:15:00;MS;267;300;RIO BRILHANTE;Acessar a via sem observar a presença dos outros veículos;Colisão transversal;Com Vítimas Feridas;Pleno dia;Crescente;Sol;Simples;Interseção de Vias;Não;2;0;1;0;1;0;1;2;-21,74749666;-54,6050748;SPRF-MS;DEL02-MS;UOP02-DEL02-MS
734159;24/11/2025;segunda-feira;18:50:00;MA;135;6;SAO LUIS;Retorno proibido;Colisão transversal;Com Vítimas Feridas;Plena Noite;Decrescente;Céu Claro;Dupla;Reta;Sim;2;0;2;0;0;0;2;2;-2,6348;-44,26708;SPRF-MA;DEL01-MA;UOP01-DEL01-MA
734160;24/11/2025;segunda-feira;19:16:00;RN;101;81;SAO GONCALO DO AMARANTE;Condutor deixou de manter distância do veículo da frente;Colisão traseira;Com Vítimas Feridas;Plena Noite;Crescente;Céu Claro;Simples;Reta;Não;3;0;0;1;2;0;1;3;-5,7615992;-35,2881841;SPRF-RN;DEL02-RN;UOP01-DEL02-RN
734161;24/11/2025;segunda-feira;19:45:00;PE;232;6,5;RECIFE;Reação tardia ou ineficiente do condutor;Colisão traseira;Com Vítimas Feridas;Plena Noite;Crescente;Céu Claro;Múltipla;Reta;Sim;2;0;1;0;1;0;1;2;-8,07213;-34,95737;SPRF-PE;DEL01-PE;UOP01-DEL01-PE
734163;24/11/2025;segunda-feira;16:30:00;MG;381;923,8;CAMANDUCAIA;Curva acentuada;Tombamento;Com Vítimas Feridas;Pleno dia;Crescente;Garoa/Chuvisco;Dupla;Curva;Não;2;0;1;0;1;0;1;1;-22,77460071;-46,18776155;SPRF-MG;DEL16-MG;UOP03-DEL16-MG
734164;24/11/2025;segunda-feira;19:20:00;MG;381;729;CARMO DA CACHOEIRA;Reação tardia ou ineficiente do condutor;Colisão com objeto;Com Vítimas Feridas;Plena Noite;Decrescente;Garoa/Chuvisco;Dupla;"Curva;Declive";Não;1;0;1;0;0;0;1;1;-21,49974968;-45,21216139;SPRF-MG;DEL04-MG;UOP02-DEL04-MG
734165;24/11/2025;segunda-feira;17:55:00;SP;116;545;BARRA DO TURVO;Reação tardia ou ineficiente do condutor;Colisão com objeto;Com Vítimas Feridas;Anoitecer;Crescente;Chuva;Múltipla;"Curva;Declive";Não;2;0;1;0;1;0;1;1;-24,947008;-48,42501569;SPRF-SP;DEL05-SP;UOP02-DEL05-SP
734166;24/11/2025;segunda-feira;17:30:00;MG;116;241,9;TEOFILO OTONI;Reação tardia ou ineficiente do condutor;Saída de leito carroçável;Com Vítimas Feridas;Anoitecer;Crescente;Nublado;Simples;Curva;Não;21;0;3;0;18;0;3;1;-17,581277;-41,478027;SPRF-MG;DEL11-MG;UOP01-DEL11-MG
734167;24/11/2025;segunda-feira;19:50:00;PR;116;123;CURITIBA;Reação tardia ou ineficiente do condutor;Colisão traseira;Sem Vítimas;Plena Noite;Crescente;Garoa/Chuvisco;Dupla;Reta;Não;2;0;0;0;1;1;0;2;-25,618342;-49,317057;SPRF-PR;DEL01-PR;UOP03-DEL01-PR
734168;24/11/2025;segunda-feira;20:00:00;PB;101;40,8;MAMANGUAPE;Conversão proibida;Colisão transversal;Com Vítimas Feridas;Plena Noite;Decrescente;Céu Claro;Simples;Reta;Não;4;0;0;4;0;0;4;2;-6,845247;-35,1355;SPRF-PB;DEL01-PB;UOP03-DEL01-PB
734169;24/11/2025;segunda-feira;18:30:00;PI;343;13;PARNAIBA;Desrespeitar a preferência no cruzamento;Colisão transversal;Com Vítimas Feridas;Plena Noite;Crescente;Céu Claro;Dupla;Rotatória;Sim;2;0;0;1;1;0;1;2;-2,92881172;-41,75354004;SPRF-PI;DEL05-PI;UOP01-DEL05-PI
734170;24/11/2025;segunda-feira;19:10:00;MG;381;162,6;GOVERNADOR VALADARES;Animais na Pista;Atropelamento de Animal;Com Vítimas Feridas;Plena Noite;Crescente;Nublado;Simples;"Reta;Aclive";Não;2;0;1;0;1;0;1;1;-18,923736;-42,01833308;SPRF-MG;DEL06-MG;UOP01-DEL06-MG
734171;24/11/2025;segunda-feira;20:28:00;SC;282;16,3;PALHOCA;Acessar a via sem observar a presença dos outros veículos;Atropelamento de Pedestre;Com Vítimas Feridas;Plena Noite;Crescente;Céu Claro;Simples;Reta;Não;2;0;1;0;1;0;1;2;-27,66003276;-48,6821124;SPRF-SC;DEL01-SC;UOP02-DEL01-SC
734173;24/11/2025;segunda-feira;20:35:00;SC;101;335,8;TUBARAO;Manobra de mudança de faixa;Colisão lateral mesmo sentido;Com Vítimas Feridas;Plena Noite;Crescente;Nublado;Dupla;Reta;Não;5;0;2;0;3;0;2;2;-28,47951293;-49,03385846;SPRF-SC;DEL02-SC;UOP01-DEL02-SC
734175;24/11/2025;segunda-feira;20:10:00;SC;101;438,6;SOMBRIO;Condutor deixou de manter distância do veículo da frente;Colisão traseira;Com Vítimas Feridas;Plena Noite;Crescente;Nublado;Dupla;"Reta;Declive";Sim;3;0;0;2;1;0;2;2;-29,12390422;-49,66056196;SPRF-SC;DEL02-SC;UOP02-DEL02-SC
734177;24/11/2025;segunda-feira;07:30:00;RJ;101;319;NITEROI;Ausência de reação do condutor;Colisão traseira;Com Vítimas Feridas;Pleno dia;Crescente;Nublado;Dupla;Reta;Não;3;0;2;0;1;0;2;2;-22,85708255;-43,10391426;SPRF-RJ;DEL02-RJ;UOP02-DEL02-RJ
734178;24/11/2025;segunda-feira;21:25:00;RS;285;457,2;IJUI;Acessar a via sem observar a presença dos outros veículos;Colisão transversal;Com Vítimas Feridas;Plena Noite;Decrescente;Nublado;Simples;"Interseção de Vias;Reta;Aclive;Em Obras";Sim;2;0;1;0;1;0;1;2;-28,39683674;-53,89720917;SPRF-RS;DEL10-RS;UOP01-DEL10-RS
734179;24/11/2025;segunda-feira;20:20:00;MA;316;547;CAXIAS;Acostamento em desnível;Queda de ocupante de veículo;Com Vítimas Feridas;Plena Noite;Decrescente;Céu Claro;Simples;Reta;Não;1;0;1;0;0;0;1;1;-4,8604749;-43,4282325;SPRF-MA;DEL03-MA;UOP02-DEL03-MA
734182;24/11/2025;segunda-feira;17:40:00;SP;381;37;ATIBAIA;Chuva;Colisão lateral mesmo sentido;Com Vítimas Feridas;Anoitecer;Decrescente;Chuva;Dupla;"Aclive;Reta";Sim;2;0;1;0;1;0;1;2;-23,10970308;-46,57043307;SPRF-SP;DEL03-SP;UOP01-DEL03-SP
734183;24/11/2025;segunda-feira;21:40:00;ES;101;294;CARIACICA;Velocidade Incompatível;Colisão com objeto;Com Vítimas Feridas;Plena Noite;Crescente;Chuva;Múltipla;"Curva;Declive";Não;1;0;0;1;0;0;1;1;-20,32446078;-40,39551465;SPRF-ES;DEL01-ES;UOP01-DEL01-ES
734184;24/11/2025;segunda-feira;17:00:00;RO;319;66;PORTO VELHO;Ausência de reação do condutor;Saída de leito carroçável;Com Vítimas Feridas;Pleno dia;Decrescente;Nublado;Simples;Reta;Não;1;0;1;0;0;0;1;1;-8,70989219;-63,98597038;SPRF-RO;DEL01-RO;UOP01-DEL01-RO
734186;24/11/2025;segunda-feira;18:30:00;SP;116;560;BARRA DO TURVO;Acumulo de água sobre o pavimento;Saída de leito carroçável;Com Vítimas Feridas;Anoitecer;Crescente;Chuva;Dupla;"Declive;Curva";Não;5;0;1;0;4;0;1;1;-25,01902854;-48,51263559;SPRF-SP;DEL05-SP;UOP02-DEL05-SP
734187;24/11/2025;segunda-feira;16:00:00;PR;476;87,9;BOCAIUVA DO SUL;Mal súbito do condutor;Queda de ocupante de veículo;Com Vítimas Fatais;Pleno dia;Decrescente;Nublado;Simples;"Curva;Declive";Não;2;1;0;0;0;1;0;2;-25,17755274;-49,11109384;SPRF-PR;DEL01-PR;UOP01-DEL01-PR
734188;24/11/2025;segunda-feira;22:00:00;PR;116;18,8;CURITIBA;Ausência de reação do condutor;Colisão traseira;Com Vítimas Feridas;Plena Noite;Crescente;Garoa/Chuvisco;Dupla;"Reta;Interseção de Vias";Sim;3;0;1;1;1;0;2;2;-25,38882399;-49,20136929;SPRF-PR;DEL01-PR;UOP02-DEL01-PR
734190;24/11/2025;segunda-feira;20:45:00;RJ;40;92;PETROPOLIS;Demais falhas na via;Tombamento;Com Vítimas Feridas;Plena Noite;Crescente;Chuva;Dupla;"Curva;Declive";Não;2;0;1;0;1;0;1;1;-22,55227;-43,251172;SPRF-RJ;DEL01-RJ;UOP01-DEL01-RJ
734193;24/11/2025;segunda-feira;19:20:00;MS;262;207;RIBAS DO RIO PARDO;Ausência de reação do condutor;Colisão com objeto;Com Vítimas Feridas;Plena Noite;Decrescente;Céu Claro;Simples;Reta;Não;1;0;1;0;0;0;1;1;-20,474092;-53,662888;SPRF-MS;DEL01-MS;UOP05-DEL01-MS
734195;24/11/2025;segunda-feira;21:00:00;MT;364;357,1;SANTO ANTONIO DO LEVERGER;Condutor usando celular;Colisão com objeto;Sem Vítimas;Plena Noite;Decrescente;Céu Claro;Dupla;Curva;Não;1;0;0;0;1;0;0;1;-15,80006505;-55,66086974;SPRF-MT;DEL05-MT;UOP02-DEL05-MT
734199;24/11/2025;segunda-feira;21:15:00;PR;116;199,1;RIO NEGRO;Ingestão de álcool pelo condutor;Saída de leito carroçável;Sem Vítimas;Plena Noite;Crescente;Garoa/Chuvisco;Simples;Curva;Não;1;0;0;0;1;0;0;1;-26,0513374;-49,7082913;SPRF-SC;DEL06-SC;UOP01-DEL06-SC
734201;24/11/2025;segunda-feira;22:30:00;MS;163;452,7;CAMPO GRANDE;Ausência de reação do condutor;Saída de leito carroçável;Com Vítimas Feridas;Plena Noite;Crescente;Céu Claro;Simples;Reta;Não;2;0;2;0;0;0;2;1;-20,70215;-54,54863;SPRF-MS;DEL01-MS;UOP01-DEL01-MS
734202;24/11/2025;segunda-feira;22:40:00;PE;101;51;ABREU E LIMA;Acessar a via sem observar a presença dos outros veículos;Colisão transversal;Com Vítimas Feridas;Plena Noite;Crescente;Céu Claro;Simples;"Reta;Retorno Regulamentado";Sim;3;0;1;1;1;0;2;2;-7,91459;-34,89882;SPRF-PE;DEL01-PE;UOP02-DEL01-PE
734204;24/11/2025;segunda-feira;19:00:00;PR;277;238;FERNANDES PINHEIRO;Acumulo de água sobre o pavimento;Saída de leito carroçável;Sem Vítimas;Plena Noite;Decrescente;Chuva;Simples;Reta;Não;2;0;0;0;2;0;0;1;-25,46338576;-50,54796696;SPRF-PR;DEL08-PR;UOP02-DEL08-PR
734206;25/11/2025;terça-feira;00:18:00;DF;40;0;BRASILIA;Demais Fenômenos da natureza;Tombamento;Com Vítimas Feridas;Plena Noite;Crescente;Chuva;Dupla;Reta;Não;2;0;0;1;1;0;1;1;-15,59331;-47,599;SPRF-DF;DEL01-DF;UOP01-DEL01-DF
734209;25/11/2025;terça-feira;02:36:00;PB;230;21;JOAO PESSOA;Velocidade Incompatível;Colisão com objeto;Com Vítimas Feridas;Plena Noite;Crescente;Céu Claro;Dupla;Curva;Sim;1;0;0;1;0;0;1;1;-7,14808;-34,850802;SPRF-PB;DEL01-PB;UOP01-DEL01-PB
734213;25/11/2025;terça-feira;02:35:00;BA;324;578;SAO SEBASTIAO DO PASSE;Animais na Pista;Atropelamento de Animal;Com Vítimas Feridas;Plena Noite;Crescente;Céu Claro;Dupla;Reta;Não;1;0;1;0;0;0;1;1;-12,597103;-38,51258;SPRF-BA;DEL01-BA;UOP01-DEL01-BA
734214;25/11/2025;terça-feira;02:00:00;SC;101;159;PORTO BELO;Reação tardia ou ineficiente do condutor;Saída de leito carroçável;Sem Vítimas;Plena Noite;Decrescente;Nublado;Dupla;Reta;Não;1;0;0;0;1;0;0;1;-27,1844098;-48,61244202;SPRF-SC;DEL04-SC;UOP03-DEL04-SC
734217;25/11/2025;terça-feira;04:00:00;PR;476;144;CURITIBA;Avarias e/ou desgaste excessivo no pneu;Queda de ocupante de veículo;Com Vítimas Feridas;Amanhecer;Crescente;Garoa/Chuvisco;Simples;Reta;Sim;1;0;1;0;0;0;1;1;-25,54845513;-49,30396748;SPRF-PR;DEL01-PR;UOP06-DEL01-PR
734221;25/11/2025;terça-feira;05:30:00;DF;20;25;BRASILIA;Velocidade Incompatível;Capotamento;Com Vítimas Feridas;Amanhecer;Crescente;Chuva;Dupla;Curva;Sim;1;0;1;0;0;0;1;1;-15,59542597;-47,65046096;SPRF-DF;DEL02-DF;UOP01-DEL02-DF
734226;25/11/2025;terça-feira;02:30:00;SC;153;104,6;CONCORDIA;Condutor usando celular;Saída de leito carroçável;Com Vítimas Feridas;Plena Noite;Decrescente;Céu Claro;Simples;Curva;Não;1;0;1;0;0;0;1;1;-27,26348023;-51,95777893;SPRF-SC;DEL07-SC;UOP04-DEL07-SC
734229;25/11/2025;terça-feira;05:55:00;RJ;116;183;NOVA IGUACU;Ausência de reação do condutor;Engavetamento;Sem Vítimas;Pleno dia;Decrescente;Céu Claro;Dupla;Reta;Sim;4;0;0;0;3;1;0;3;-22,75077585;-43,44024181;SPRF-RJ;DEL06-RJ;UOP01-DEL06-RJ
734230;25/11/2025;terça-feira;06:30:00;GO;60;99;ANAPOLIS;Ausência de reação do condutor;Colisão com objeto;Com Vítimas Feridas;Pleno dia;Crescente;Garoa/Chuvisco;Dupla;Reta;Sim;1;0;1;0;0;0;1;1;-16,39327;-48,95985;SPRF-GO;DEL02-GO;UOP01-DEL02-GO
734231;25/11/2025;terça-feira;06:45:00;SP;116;134,8;SAO JOSE DOS CAMPOS;Condutor deixou de manter distância do veículo da frente;Engavetamento;Sem Vítimas;Pleno dia;Decrescente;Nublado;Dupla;Reta;Não;4;0;0;0;4;0;0;4;-23,14195821;-45,76505184;SPRF-SP;DEL02-SP;UOP01-DEL02-SP
734232;25/11/2025;terça-feira;07:00:00;SC;101;196;BIGUACU;Acessar a via sem observar a presença dos outros veículos;Colisão transversal;Com Vítimas Feridas;Pleno dia;Decrescente;Céu Claro;Simples;Interseção de Vias;Não;2;0;1;0;1;0;1;2;-27,5079;-48,64607;SPRF-SC;DEL01-SC;UOP01-DEL01-SC
734233;25/11/2025;terça-feira;06:20:00;SP;116;283,7;EMBU DAS ARTES;Trafegar com motocicleta (ou similar) entre as faixas;Colisão traseira;Com Vítimas Feridas;Pleno dia;Decrescente;Céu Claro;Dupla;Reta;Não;2;0;2;0;0;0;2;1;-23,67534121;-46,85681836;SPRF-SP;DEL04-SP;UOP01-DEL04-SP
734235;25/11/2025;terça-feira;06:25:00;CE;116;33,3;AQUIRAZ;Ausência de reação do condutor;Colisão traseira;Com Vítimas Fatais;Pleno dia;Decrescente;Sol;Dupla;Reta;Não;2;1;0;0;1;0;0;2;-4,039791;-38,508879;SPRF-CE;DEL01-CE;UOP02-DEL01-CE
734238;25/11/2025;terça-feira;07:15:00;SC;101;19,5;PALHOCA;Condutor usando celular;Colisão traseira;Com Vítimas Feridas;Pleno dia;Crescente;Céu Claro;Simples;Reta;Sim;5;0;1;0;4;0;1;2;-27,68148022;-48,70639293;SPRF-SC;DEL03-SC;UOP01-DEL03-SC
734241;20/10/2025;segunda-feira;13:50:00;PR;376;3,8;SAO JOSE DOS PINHAIS;Reação tardia ou ineficiente do condutor;Engavetamento;Com Vítimas Feridas;Pleno dia;Decrescente;Céu Claro;Dupla;Reta;Sim;4;0;3;0;0;1;3;2;-25,537245;-49,192665;SPRF-PR;DEL01-PR;UOP04-DEL01-PR
734244;25/11/2025;terça-feira;07:20:00;SP;381;35,5;ATIBAIA;Reação tardia ou ineficiente do condutor;Queda de ocupante de veículo;Com Vítimas Feridas;Pleno dia;Decrescente;Nublado;Dupla;Reta;Sim;1;0;1;0;0;0;1;1;-23,09787047;-46,57248688;SPRF-SP;DEL03-SP;UOP02-DEL03-SP
734248;25/11/2025;terça-feira;07:45:00;RS;290;88,9;PORTO ALEGRE;Condutor deixou de manter distância do veículo da frente;Colisão traseira;Com Vítimas Feridas;Pleno dia;Crescente;Céu Claro;Múltipla;Reta;Não;2;0;1;0;1;0;1;2;-29,96720406;-51,13509178;SPRF-RS;DEL01-RS;UOP01-DEL01-RS
734249;25/11/2025;terça-feira;07:45:00;SC;163;75;SAO MIGUEL DO OESTE;Carga excessiva e/ou mal acondicionada;Saída de leito carroçável;Com Vítimas Feridas;Pleno dia;Decrescente;Céu Claro;Simples;Curva;Não;2;0;2;0;0;0;2;1;-26,67239871;-53,51942247;SPRF-SC;DEL07-SC;UOP03-DEL07-SC
734251;25/11/2025;terça-feira;08:30:00;RN;101;125;SAO JOSE DE MIPIBU;Acessar a via sem observar a presença dos outros veículos;Colisão lateral mesmo sentido;Com Vítimas Feridas;Pleno dia;Decrescente;Céu Claro;Dupla;Reta;Sim;2;0;1;0;1;0;1;2;-6,0801481;-35,2345128;SPRF-RN;DEL01-RN;UOP01-DEL01-RN
734253;25/11/2025;terça-feira;08:40:00;SC;470;53,2;BLUMENAU;Reação tardia ou ineficiente do condutor;Saída de leito carroçável;Com Vítimas Feridas;Pleno dia;Crescente;Nublado;Simples;Curva;Sim;1;0;1;0;0;0;1;1;-26,86862115;-49,10468102;SPRF-SC;DEL04-SC;UOP01-DEL04-SC
734256;25/11/2025;terça-feira;07:32:00;PR;277;685;SAO MIGUEL DO IGUACU;Manobra de mudança de faixa;Saída de leito carroçável;Com Vítimas Feridas;Pleno dia;Decrescente;Céu Claro;Dupla;Reta;Não;1;0;1;0;0;0;1;1;-25,333;-54,192;SPRF-PR;DEL05-PR;UOP01-DEL05-PR
734259;25/11/2025;terça-feira;07:15:00;RJ;101;322;NITEROI;Chuva;Tombamento;Com Vítimas Feridas;Pleno dia;Crescente;Chuva;Dupla;Reta;Sim;1;0;1;0;0;0;1;1;-22,87448485;-43,11030865;SPRF-RJ;DEL02-RJ;UOP01-DEL02-RJ
734260;25/11/2025;terça-feira;07:45:00;RJ;101;436;MANGARATIBA;Reação tardia ou ineficiente do condutor;Colisão traseira;Com Vítimas Feridas;Pleno dia;Crescente;Céu Claro;Simples;Curva;Não;3;0;1;0;2;0;1;2;-22,9441536;-43,9877632;SPRF-RJ;DEL03-RJ;UOP02-DEL03-RJ
734261;25/11/2025;terça-feira;09:05:00;BA;116;11;VITORIA DA CONQUISTA;Desrespeitar a preferência no cruzamento;Colisão transversal;Com Vítimas Feridas;Pleno dia;Crescente;Nublado;Simples;"Reta;Rotatória";Sim;2;0;1;0;1;0;1;2;-14,87276181;-40,87147534;SPRF-BA;DEL08-BA;UOP01-DEL08-BA
734262;07/10/2025;terça-feira;15:40:00;AL;101;115;PILAR;Problema com o freio;Colisão frontal;Com Vítimas Feridas;Pleno dia;Crescente;Céu Claro;Simples;"Declive;Reta";Não;14;0;0;2;12;0;2;2;-9,64356;-36,02419;SPRF-AL;DEL02-AL;UOP01-DEL02-AL
734263;25/11/2025;terça-feira;07:50:00;PI;343;342;TERESINA;Desrespeitar a preferência no cruzamento;Colisão transversal;Com Vítimas Feridas;Pleno dia;Decrescente;Céu Claro;Dupla;Rotatória;Sim;2;0;2;0;0;0;2;2;-5,0828153;-42,75042432;SPRF-PI;DEL01-PI;UOP01-DEL01-PI