id;data_inversa;dia_semana;horario;uf;br;km;municipio;causa_acidente;tipo_acidente;classificacao_acidente;fase_dia;sentido_via;condicao_metereologica;tipo_pista;tracado_via;uso_solo;pessoas;mortos;feridos_leves;feridos_graves;ilesos;ignorados;feridos;veiculos;latitude;longitude;regional;delegacia;uop
734264;21/11/2025;sexta-feira;05:20:00;AC;364;128;RIO BRANCO;Condutor Dormindo;Saída de leito carroçável;Com Vítimas Feridas;Pleno dia;Decrescente;Céu Claro;Simples;Curva;Não;1;0;1;0;0;0;1;1;-10,027524;-67,833317;SPRF-AC;DEL01-AC;UOP01-DEL01-AC
734265;25/11/2025;terça-feira;06:30:00;RJ;101;332;RIO DE JANEIRO;Chuva;Tombamento;Com Vítimas Feridas;Pleno dia;Decrescente;Garoa/Chuvisco;Simples;"Reta;Ponte";Sim;1;0;1;0;0;0;1;1;-22,86812989;-43,19900131;SPRF-RJ;DEL02-RJ;UOP01-DEL02-RJ
734267;25/11/2025;terça-feira;10:20:00;SC;101;311;LAGUNA;Reação tardia ou ineficiente do condutor;Colisão traseira;Com Vítimas Feridas;Pleno dia;Decrescente;Céu Claro;Dupla;Curva;Não;2;0;1;0;0;1;1;2;-28,43766572;-48,80974229;SPRF-SC;DEL02-SC;UOP01-DEL02-SC
734269;25/11/2025;terça-feira;10:45:00;SC;101;139;BALNEARIO CAMBORIU;Pista esburacada;Tombamento;Com Vítimas Feridas;Pleno dia;Crescente;Céu Claro;Simples;"Interseção de Vias;Aclive";Não;2;0;2;0;0;0;2;1;-27,0410899;-48,59973757;SPRF-SC;DEL04-SC;UOP03-DEL04-SC
734270;25/11/2025;terça-feira;11:10:00;BA;116;834;VITORIA DA CONQUISTA;Reação tardia ou ineficiente do condutor;Colisão traseira;Com Vítimas Feridas;Pleno dia;Crescente;Céu Claro;Simples;Reta;Não;3;0;1;0;2;0;1;2;-14,9455;-40,8965;SPRF-BA;DEL08-BA;UOP01-DEL08-BA
734271;25/11/2025;terça-feira;10:39:00;ES;259;50;COLATINA;Conversão proibida;Colisão transversal;Com Vítimas Feridas;Pleno dia;Crescente;Céu Claro;Simples;"Reta;Interseção de Vias";Não;3;0;3;0;0;0;3;2;-19,51219;-40,604095;SPRF-ES;DEL02-ES;UOP01-DEL02-ES
734273;25/11/2025;terça-feira;10:15:00;PE;232;82;GRAVATA;Condutor usando celular;Colisão traseira;Com Vítimas Feridas;Pleno dia;Decrescente;Céu Claro;Simples;Reta;Sim;2;0;1;0;1;0;1;2;-8,200989;-35,590754;SPRF-PE;DEL02-PE;UOP02-DEL02PE
734275;25/11/2025;terça-feira;10:50:00;MA;222;673;ACAILANDIA;Acessar a via sem observar a presença dos outros veículos;Colisão lateral mesmo sentido;Com Vítimas Feridas;Pleno dia;Crescente;Céu Claro;Simples;"Interseção de Vias;Reta";Sim;4;0;0;1;3;0;1;2;-4,9514579;-47,4839686;SPRF-MA;DEL04-MA;UOP03-DEL04-MA
734277;25/11/2025;terça-feira;11:20:00;RO;364;236,7;CACOAL;Manobra de mudança de faixa;Colisão lateral mesmo sentido;Com Vítimas Feridas;Pleno dia;Crescente;Sol;Simples;Reta;Sim;2;0;1;0;0;1;1;2;-11,443622;-61,445967;SPRF-RO;DEL02-RO;UOP02-DEL02-RO
734278;25/11/2025;terça-feira;12:00:00;SC;101;204,1;SAO JOSE;Acessar a via sem observar a presença dos outros veículos;Colisão lateral mesmo sentido;Com Vítimas Feridas;Pleno dia;Crescente;Céu Claro;Dupla;Interseção de Vias;Sim;2;0;1;0;1;0;1;2;-27,57960569;-48,61430313;SPRF-SC;DEL01-SC;UOP01-DEL01-SC
734279;25/11/2025;terça-feira;12:30:00;SP;116;210;GUARULHOS;Ausência de reação do condutor;Tombamento;Com Vítimas Feridas;Pleno dia;Decrescente;Céu Claro;Dupla;Reta;Sim;2;0;1;0;1;0;1;2;-23,42841701;-46,4107753;SPRF-SP;DEL01-SP;UOP01-DEL01-SP
734280;25/11/2025;terça-feira;12:10:00;PI;343;340;TERESINA;Acessar a via sem observar a presença dos outros veículos;Colisão transversal;Com Vítimas Feridas;Pleno dia;Decrescente;Céu Claro;Dupla;Reta;Sim;3;0;2;0;1;0;2;2;-5,074183;-42,736328;SPRF-PI;DEL01-PI;UOP01-DEL01-PI
734284;25/11/2025;terça-feira;11:45:00;SC;282;39,1;AGUAS MORNAS;Mal súbito do condutor;Saída de leito carroçável;Com Vítimas Feridas;Pleno dia;Decrescente;Céu Claro;Simples;Curva;Não;1;0;1;0;0;0;1;1;-27,71234755;-48,8611304;SPRF-SC;DEL01-SC;UOP03-DEL01-SC
734285;25/11/2025;terça-feira;10:40:00;PR;116;190,8;CAMPO DO TENENTE;Reação tardia ou ineficiente do condutor;Colisão traseira;Sem Vítimas;Pleno dia;Crescente;Céu Claro;Simples;Reta;Sim;2;0;0;0;2;0;0;2;-25,99046104;-49,66613945;SPRF-SC;DEL06-SC;UOP01-DEL06-SC
734287;25/11/2025;terça-feira;14:00:00;BA;101;877;TEIXEIRA DE FREITAS;Ultrapassagem Indevida;Colisão lateral sentido oposto;Com Vítimas Feridas;Pleno dia;Crescente;Nublado;Simples;Reta;Sim;3;0;0;3;0;0;3;2;-17,54360442;-39,71745282;SPRF-BA;DEL09-BA;UOP02-DEL09-BA
734289;25/11/2025;terça-feira;12:20:00;BA;116;423;FEIRA DE SANTANA;Acessar a via sem observar a presença dos outros veículos;Colisão transversal;Com Vítimas Feridas;Pleno dia;Decrescente;Céu Claro;Dupla;Reta;Sim;2;0;1;0;1;0;1;2;-12,21202782;-38,96549463;SPRF-BA;DEL02-BA;UOP01-DEL02-BA
734291;25/11/2025;terça-feira;11:34:00;MS;163;565,8;BANDEIRANTES;Ausência de reação do condutor;Colisão traseira;Com Vítimas Feridas;Pleno dia;Crescente;Céu Claro;Simples;Reta;Não;4;0;1;0;3;0;1;2;-19,76362;-54,35986;SPRF-MS;DEL01-MS;UOP02-DEL01-MS
734293;25/11/2025;terça-feira;14:15:00;SC;470;126;LONTRAS;Trafegar com motocicleta (ou similar) entre as faixas;Colisão transversal;Com Vítimas Feridas;Pleno dia;Crescente;Nublado;Simples;Reta;Sim;3;0;1;0;2;0;1;2;-27,1343036;-49,54060143;SPRF-SC;DEL04-SC;UOP02-DEL04-SC
734294;25/11/2025;terça-feira;14:45:00;MG;40;561;NOVA LIMA;Condutor Dormindo;Saída de leito carroçável;Com Vítimas Feridas;Pleno dia;Crescente;Céu Claro;Dupla;Reta;Não;1;0;1;0;0;0;1;1;-20,13008943;-43,96591187;SPRF-MG;DEL01-MG;UOP02-DEL01-MG
734296;25/11/2025;terça-feira;14:20:00;MG;365;55;CLARO DOS POCOES;Velocidade Incompatível;Saída de leito carroçável;Com Vítimas Feridas;Pleno dia;Crescente;Garoa/Chuvisco;Simples;"Aclive;Reta";Não;2;0;2;0;0;0;2;1;-16,992862;-44,27341;SPRF-MG;DEL12-MG;UOP01-DEL12-MG
734298;25/11/2025;terça-feira;11:22:00;RJ;356;76;ITALVA;Transitar na contramão;Colisão frontal;Com Vítimas Feridas;Pleno dia;Crescente;Céu Claro;Simples;Reta;Sim;3;0;0;1;2;0;1;2;-21,42803713;-41,69348395;SPRF-RJ;DEL08-RJ;UOP03-DEL08-RJ
734300;25/11/2025;terça-feira;14:50:00;PB;101;37,3;MAMANGUAPE;Reação tardia ou ineficiente do condutor;Colisão traseira;Com Vítimas Feridas;Pleno dia;Crescente;Céu Claro;Dupla;"Reta;Retorno Regulamentado";Não;3;0;0;1;2;0;1;2;-6,815247;-35,13939;SPRF-PB;DEL01-PB;UOP03-DEL01-PB
734302;25/11/2025;terça-feira;14:00:00;RS;470;346;SAO JERONIMO;Acesso irregular;Colisão lateral mesmo sentido;Com Vítimas Feridas;Pleno dia;Decrescente;Céu Claro;Simples;"Reta;Interseção de Vias";Sim;3;0;0;1;1;1;1;3;-29,979082;-51,733048;SPRF-RS;DEL02-RS;UOP01-DEL02-RS
734303;07/11/2025;sexta-feira;20:30:00;RJ;116;139;MAGE;Ultrapassagem Indevida;Colisão com objeto;Com Vítimas Fatais;Plena Noite;Crescente;Nublado;Dupla;Reta;Sim;1;1;0;0;0;0;0;1;-22,6465271;-43,2102992;SPRF-RJ;DEL04-RJ;UOP02-DEL04-RJ
734305;25/11/2025;terça-feira;14:35:00;RJ;40;103;DUQUE DE CAXIAS;Reação tardia ou ineficiente do condutor;Colisão lateral mesmo sentido;Com Vítimas Feridas;Pleno dia;Decrescente;Nublado;Múltipla;Reta;Não;3;0;2;0;0;1;2;2;-22,62753902;-43,28603625;SPRF-RJ;DEL01-RJ;UOP02-DEL01-RJ
734306;25/11/2025;terça-feira;15:10:00;ES;101;288,9;CARIACICA;Desrespeitar a preferência no cruzamento;Colisão transversal;Com Vítimas Feridas;Pleno dia;Decrescente;Nublado;Dupla;"Reta;Retorno Regulamentado";Sim;2;0;1;0;1;0;1;2;-20,27910928;-40,39280987;SPRF-ES;DEL01-ES;UOP01-DEL01-ES
734307;25/11/2025;terça-feira;15:00:00;RN;226;1;NATAL;Transitar na contramão;Colisão frontal;Com Vítimas Feridas;Pleno dia;Crescente;Céu Claro;Simples;"Reta;Em Obras";Sim;5;0;2;1;2;0;3;3;-5,810022;-35,2443328;SPRF-RN;DEL01-RN;UOP02-DEL01-RN
734308;25/11/2025;terça-feira;15:30:00;BA;367;24;PORTO SEGURO;Ausência de reação do condutor;Colisão transversal;Com Vítimas Feridas;Pleno dia;Crescente;Nublado;Simples;Reta;Sim;2;0;1;0;1;0;1;2;-16,43744;-39,080712;SPRF-BA;DEL09-BA;UOP03-DEL09-BA
734309;25/11/2025;terça-feira;15:40:00;GO;153;654;GOIATUBA;Chuva;Saída de leito carroçável;Sem Vítimas;Pleno dia;Crescente;Chuva;Dupla;Reta;Não;3;0;0;0;3;0;0;1;-17,99525;-49,260828;SPRF-GO;DEL03-GO;UOP01-DEL03-GO
734310;25/11/2025;terça-feira;15:20:00;RJ;101;162;CASIMIRO DE ABREU;Ausência de reação do condutor;Queda de ocupante de veículo;Com Vítimas Fatais;Pleno dia;Decrescente;Céu Claro;Simples;Reta;Não;1;1;0;0;0;0;0;1;-22,4755731;-42,17228215;SPRF-RJ;DEL08-RJ;UOP04-DEL08-RJ
734312;25/11/2025;terça-feira;15:05:00;MG;381;297;CORONEL FABRICIANO;Ausência de reação do condutor;Queda de ocupante de veículo;Com Vítimas Feridas;Pleno dia;Decrescente;Nublado;Dupla;"Declive;Curva";Não;1;0;0;1;0;0;1;1;-19,4936832;-42,6278912;SPRF-MG;DEL03-MG;UOP02-DEL03-MG
734315;25/11/2025;terça-feira;15:00:00;BA;101;221;CRUZ DAS ALMAS;Condutor deixou de manter distância do veículo da frente;Colisão traseira;Com Vítimas Feridas;Pleno dia;Decrescente;Sol;Simples;Reta;Sim;2;0;1;0;1;0;1;2;-12,662015;-39,127565;SPRF-BA;DEL01-BA;UOP02-DEL01-BA
734316;23/11/2025;domingo;21:00:00;PA;155;317;MARABA;Animais na Pista;Saída de leito carroçável;Sem Vítimas;Plena Noite;Crescente;Nublado;Simples;"Declive;Reta";Não;2;0;0;0;1;1;0;2;-5,602126;-49,082925;SPRF-PA;DEL03-PA;UOP01-DEL03-PA
734318;25/11/2025;terça-feira;14:20:00;SC;280;128,8;RIO NEGRINHO;Acessar a via sem observar a presença dos outros veículos;Colisão transversal;Com Vítimas Feridas;Pleno dia;Decrescente;Céu Claro;Simples;"Interseção de Vias;Reta";Sim;4;0;2;0;2;0;2;2;-26,2444125;-49,5170409;SPRF-SC;DEL06-SC;UOP03-DEL06-SC
734319;25/11/2025;terça-feira;16:35:00;SC;282;16,5;PALHOCA;Ausência de reação do condutor;Colisão traseira;Com Vítimas Feridas;Pleno dia;Decrescente;Nublado;Simples;Reta;Sim;2;0;1;0;1;0;1;2;-27,663002;-48,685405;SPRF-SC;DEL01-SC;UOP02-DEL01-SC
734320;25/11/2025;terça-feira;16:41:00;PA;316;31;SANTA IZABEL DO PARA;Ausência de reação do condutor;Tombamento;Com Vítimas Feridas;Pleno dia;Decrescente;Céu Claro;Dupla;Curva;Não;1;0;0;1;0;0;1;1;-1,3018976;-48,1958249;SPRF-PA;DEL01-PA;UOP01-DEL01-PA
734323;25/11/2025;terça-feira;17:00:00;PR;116;18;CURITIBA;Ausência de reação do condutor;Colisão lateral mesmo sentido;Com Vítimas Feridas;Pleno dia;Crescente;Céu Claro;Dupla;Reta;Sim;3;0;1;0;1;1;1;3;-25,38904162;-49,19849245;SPRF-PR;DEL01-PR;UOP02-DEL01-PR
734324;25/11/2025;terça-feira;16:50:00;RJ;116;182;NOVA IGUACU;Trafegar com motocicleta (ou similar) entre as faixas;Colisão lateral mesmo sentido;Com Vítimas Feridas;Pleno dia;Crescente;Céu Claro;Dupla;Reta;Não;2;0;2;0;0;0;2;2;-22,7569128;-43,43086938;SPRF-RJ;DEL06-RJ;UOP01-DEL06-RJ
734327;25/11/2025;terça-feira;17:20:00;SC;101;146;ITAPEMA;Reação tardia ou ineficiente do condutor;Colisão traseira;Com Vítimas Feridas;Pleno dia;Decrescente;Céu Claro;Dupla;"Reta;Aclive";Sim;3;0;0;1;2;0;1;3;-27,08447515;-48,60539166;SPRF-SC;DEL04-SC;UOP03-DEL04-SC
734328;25/11/2025;terça-feira;15:20:00;GO;60;297;ACREUNA;Reação tardia ou ineficiente do condutor;Saída de leito carroçável;Com Vítimas Feridas;Pleno dia;Crescente;Nublado;Dupla;"Declive;Curva;Retorno Regulamentado";Não;2;0;1;0;1;0;1;1;-17,35823;-50,331327;SPRF-GO;DEL04-GO;UOP02-DEL04-GO
734330;25/11/2025;terça-feira;17:15:00;DF;70;9,8;BRASILIA;Pedestre cruzava a pista fora da faixa;Atropelamento de Pedestre;Com Vítimas Feridas;Pleno dia;Crescente;Céu Claro;Dupla;Reta;Sim;2;0;2;0;0;0;2;2;-15,78796347;-48,14365122;SPRF-DF;DEL03-DF;UOP02-DEL03-DF
734331;25/11/2025;terça-feira;17:10:00;ES;259;50,5;COLATINA;Acessar a via sem observar a presença dos outros veículos;Tombamento;Com Vítimas Feridas;Pleno dia;Crescente;Céu Claro;Simples;Reta;Sim;1;0;0;1;0;0;1;1;-19,52905371;-40,68202972;SPRF-ES;DEL02-ES;UOP01-DEL02-ES
734333;25/11/2025;terça-feira;16:40:00;MT;163;843;SINOP;Condutor deixou de manter distância do veículo da frente;Colisão traseira;Com Vítimas Feridas;Pleno dia;Crescente;Chuva;Simples;Reta;Não;2;0;1;0;1;0;1;2;-11,78502226;-55,47512054;SPRF-MT;DEL06-MT;UOP02-DEL06-MT
734335;25/11/2025;terça-feira;15:30:00;SC;101;45;JOINVILLE;Ausência de reação do condutor;Tombamento;Com Vítimas Feridas;Pleno dia;Crescente;Céu Claro;Múltipla;"Reta;Declive";Não;1;0;1;0;0;0;1;1;-26,34723368;-48,85739056;SPRF-SC;DEL03-SC;UOP01-DEL03-SC
734337;21/10/2025;terça-feira;14:30:00;PR;369;149;LONDRINA;Manobra de mudança de faixa;Colisão lateral mesmo sentido;Com Vítimas Feridas;Pleno dia;Crescente;Céu Claro;Dupla;Reta;Sim;3;0;1;0;2;0;1;2;-23,292602;-51,153302;SPRF-PR;DEL07-PR;UOP01-DEL07-PR
734338;25/11/2025;terça-feira;16:10:00;MG;116;700,2;MURIAE;Conversão proibida;Colisão transversal;Com Vítimas Feridas;Pleno dia;Crescente;Céu Claro;Simples;Curva;Sim;2;0;1;0;1;0;1;2;-21,1465078;-42,38139;SPRF-MG;DEL07-MG;UOP02-DEL07-MG
734339;25/11/2025;terça-feira;17:40:00;PR;376;174,6;MARINGA;Manobra de mudança de faixa;Colisão lateral mesmo sentido;Com Vítimas Feridas;Pleno dia;Crescente;Céu Claro;Múltipla;Reta;Sim;2;0;1;0;1;0;1;2;-23,415297;-51,952937;SPRF-PR;DEL09-PR;UOP01-DEL09-PR
734340;25/11/2025;terça-feira;17:15:00;RJ;101;327;RIO DE JANEIRO;Demais falhas mecânicas ou elétricas;Incêndio;Sem Vítimas;Anoitecer;Decrescente;Garoa/Chuvisco;Simples;"Reta;Ponte";Sim;1;0;0;0;1;0;0;1;-22,87111399;-43,15824509;SPRF-RJ;DEL02-RJ;UOP01-DEL02-RJ
734345;25/11/2025;terça-feira;17:50:00;DF;20;19,5;BRASILIA;Acessar a via sem observar a presença dos outros veículos;Colisão transversal;Com Vítimas Feridas;Pleno dia;Decrescente;Nublado;Dupla;Reta;Sim;3;0;1;0;2;0;1;3;-15,60873;-47,694818;SPRF-DF;DEL02-DF;UOP01-DEL02-DF
734346;25/11/2025;terça-feira;18:30:00;SC;101;114,3;ITAJAI;Acessar a via sem observar a presença dos outros veículos;Colisão lateral mesmo sentido;Com Vítimas Feridas;Anoitecer;Decrescente;Nublado;Dupla;"Interseção de Vias;Reta";Sim;2;0;1;0;1;0;1;2;-26,86561594;-48,73009443;SPRF-SC;DEL04-SC;UOP04-DEL04-SC
734347;25/11/2025;terça-feira;18:50:00;PR;116;92;SAO JOSE DOS PINHAIS;Demais falhas mecânicas ou elétricas;Colisão com objeto;Sem Vítimas;Anoitecer;Decrescente;Nublado;Dupla;Interseção de Vias;Sim;2;0;0;0;2;0;0;2;-25,51253979;-49,12850825;SPRF-PR;DEL01-PR;UOP07-DEL01-PR
734350;25/11/2025;terça-feira;18:30:00;ES;101;269;SERRA;Pedestre cruzava a pista fora da faixa;Atropelamento de Pedestre;Com Vítimas Feridas;Plena Noite;Crescente;Chuva;Múltipla;Reta;Sim;2;0;2;0;0;0;2;2;-20,21990742;-40,27025521;SPRF-ES;DEL02-ES;UOP01-DEL02-ES
734351;25/11/2025;terça-feira;17:20:00;SC;280;70;JARAGUA DO SUL;Retorno proibido;Colisão lateral mesmo sentido;Com Vítimas Feridas;Pleno dia;Crescente;Céu Claro;Simples;Reta;Não;2;0;1;0;1;0;1;2;-26,46594812;-49,12440984;SPRF-SC;DEL03-SC;UOP03-DEL03-SC
734352;25/11/2025;terça-feira;15:15:00;SC;280;210,8;TRES BARRAS;Reação tardia ou ineficiente do condutor;Colisão traseira;Com Vítimas Feridas;Pleno dia;Decrescente;Sol;Simples;Reta;Não;5;0;2;0;3;0;2;2;-26,17594;-50,175998;SPRF-SC;DEL06-SC;UOP04-DEL06-SC
734354;25/11/2025;terça-feira;19:00:00;BA;116;631;JAGUAQUARA;Ausência de reação do condutor;Atropelamento de Pedestre;Com Vítimas Feridas;Plena Noite;Decrescente;Nublado;Simples;Reta;Sim;2;0;2;0;0;0;2;2;-13,508048;-40,054154;SPRF-BA;DEL03-BA;UOP01-DEL03-BA
734355;25/11/2025;terça-feira;19:27:00;RS;386;347,4;LAJEADO;Demais falhas na via;Tombamento;Com Vítimas Feridas;Anoitecer;Crescente;Céu Claro;Dupla;Reta;Sim;1;0;1;0;0;0;1;1;-29,45392616;-51,96159518;SPRF-RS;DEL04-RS;UOP01-DEL04-RS
734356;25/11/2025;terça-feira;19:00:00;SP;116;281;EMBU DAS ARTES;Trafegar com motocicleta (ou similar) entre as faixas;Queda de ocupante de veículo;Com Vítimas Feridas;Plena Noite;Crescente;Nublado;Dupla;Reta;Sim;1;0;1;0;0;0;1;1;-23,64284571;-46,83866557;SPRF-SP;DEL04-SP;UOP01-DEL04-SP
734357;04/11/2025;terça-feira;20:00:00;SC;480;124;CHAPECO;Pedestre andava na pista;Atropelamento de Pedestre;Com Vítimas Feridas;Plena Noite;Crescente;Céu Claro;Simples;Reta;Sim;3;0;3;0;0;0;3;2;-26,99880201;-52,64719248;SPRF-SC;DEL07-SC;UOP01-DEL07-SC
734361;25/11/2025;terça-feira;19:35:00;PR;277;593,2;CASCAVEL;Entrada inopinada do pedestre;Atropelamento de Pedestre;Com Vítimas Feridas;Plena Noite;Crescente;Céu Claro;Simples;Reta;Sim;2;0;1;1;0;0;2;2;-24,9853538;-53,4643032;SPRF-PR;DEL04-PR;UOP01-DEL04-PR
734362;25/11/2025;terça-feira;20:30:00;RJ;116;183;NOVA IGUACU;Trafegar com motocicleta (ou similar) entre as faixas;Colisão traseira;Com Vítimas Feridas;Plena Noite;Crescente;Nublado;Múltipla;Reta;Sim;2;0;1;0;1;0;1;2;-22,74863871;-43,44337463;SPRF-RJ;DEL06-RJ;UOP01-DEL06-RJ
734363;25/11/2025;terça-feira;19:30:00;RN;101;85;NATAL;Condutor deixou de manter distância do veículo da frente;Colisão traseira;Com Vítimas Feridas;Anoitecer;Decrescente;Céu Claro;Dupla;"Reta;Ponte";Sim;3;0;1;0;2;0;1;2;-5,784;-35,2466;SPRF-RN;DEL02-RN;UOP01-DEL02-RN
734364;25/11/2025;terça-feira;19:10:00;SC;101;102;BALNEARIO PICARRAS;Reação tardia ou ineficiente do condutor;Tombamento;Com Vítimas Feridas;Plena Noite;Decrescente;Céu Claro;Dupla;Reta;Sim;1;0;1;0;0;0;1;1;-26,7803266;-48,68421793;SPRF-SC;DEL03-SC;UOP02-DEL03-SC
734367;25/11/2025;terça-feira;20:15:00;RJ;101;394;RIO DE JANEIRO;Ausência de reação do condutor;Tombamento;Com Vítimas Feridas;Plena Noite;Decrescente;Nublado;Dupla;Reta;Não;1;0;1;0;0;0;1;1;-22,88226421;-43,72404099;SPRF-RJ;DEL03-RJ;UOP01-DEL03-RJ
734368;25/11/2025;terça-feira;17:40:00;PI;343;9,2;PARNAIBA;Acessar a via sem observar a presença dos outros veículos;Colisão transversal;Com Vítimas Feridas;Pleno dia;Crescente;Céu Claro;Simples;Reta;Sim;3;0;0;1;2;0;1;2;-2,9366561;-41,7631351;SPRF-PI;DEL05-PI;UOP01-DEL05-PI
734370;25/11/2025;terça-feira;20:30:00;SE;235;74;FREI PAULO;Animais na Pista;Atropelamento de Animal;Com Vítimas Feridas;Plena Noite;Crescente;Céu Claro;Simples;Reta;Não;1;0;1;0;0;0;1;1;-10,54388845;-37,54963875;SPRF-SE;DEL01-SE;UOP02-DEL01-SE
734372;25/11/2025;terça-feira;21:30:00;RN;101;99;NATAL;Ausência de reação do condutor;Colisão traseira;Com Vítimas Feridas;Plena Noite;Decrescente;Céu Claro;Dupla;"Reta;Aclive";Sim;3;0;1;0;1;1;1;3;-5,8790519;-35,22447157;SPRF-RN;DEL01-RN;UOP01-DEL01-RN
734373;25/11/2025;terça-feira;20:50:00;MT;163;750;SORRISO;Ausência de reação do condutor;Colisão traseira;Com Vítimas Feridas;Plena Noite;Crescente;Céu Claro;Dupla;Retorno Regulamentado;Sim;2;0;0;1;0;1;1;2;-12,5732978;-55,72770953;SPRF-MT;DEL06-MT;UOP01-DEL06-MT
734374;25/11/2025;terça-feira;19:40:00;MS;262;326,9;CAMPO GRANDE;Ausência de reação do condutor;Queda de ocupante de veículo;Com Vítimas Feridas;Plena Noite;Crescente;Céu Claro;Dupla;Reta;Sim;1;0;1;0;0;0;1;1;-20,46680374;-54,5435122;SPRF-MS;DEL01-MS;UOP01-DEL01-MS
734376;25/11/2025;terça-feira;21:00:00;SC;470;1,2;NAVEGANTES;Velocidade Incompatível;Colisão com objeto;Com Vítimas Feridas;Plena Noite;Decrescente;Céu Claro;Múltipla;Reta;Sim;4;0;1;0;3;0;1;1;-26,87378393;-48,67009727;SPRF-SC;DEL04-SC;UOP04-DEL04-SC
734377;25/11/2025;terça-feira;17:15:00;SC;280;231;CANOINHAS;Transitar na contramão;Colisão frontal;Com Vítimas Feridas;Pleno dia;Decrescente;Céu Claro;Simples;Reta;Não;2;0;0;1;1;0;1;2;-26,18897956;-50,36879037;SPRF-SC;DEL06-SC;UOP04-DEL06-SC
734378;25/11/2025;terça-feira;22:00:00;PR;369;147,2;LONDRINA;Desrespeitar a preferência no cruzamento;Colisão transversal;Com Vítimas Feridas;Plena Noite;Crescente;Céu Claro;Dupla;Interseção de Vias;Sim;2;0;1;0;1;0;1;2;-23,29310593;-51,13453237;SPRF-PR;DEL07-PR;UOP01-DEL07-PR
734380;25/11/2025;terça-feira;21:30:00;RN;101;99;NATAL;Condutor deixou de manter distância do veículo da frente;Colisão traseira;Com Vítimas Feridas;Plena Noite;Crescente;Céu Claro;Dupla;Viaduto;Sim;3;0;1;0;2;0;1;2;-5,87197;-35,219818;SPRF-RN;DEL01-RN;UOP01-DEL01-RN
734381;25/11/2025;terça-feira;20:00:00;RJ;101;485;ANGRA DOS REIS;Reação tardia ou ineficiente do condutor;Colisão transversal;Com Vítimas Feridas;Plena Noite;Decrescente;Nublado;Simples;"Interseção de Vias;Retorno Regulamentado;Reta;Rotatória";Sim;2;0;2;0;0;0;2;2;-22,9843;-44,2958;SPRF-RJ;DEL03-RJ;UOP03-DEL03-RJ
734382;25/11/2025;terça-feira;21:50:00;SC;101;190,8;BIGUACU;Avarias e/ou desgaste excessivo no pneu;Saída de leito carroçável;Sem Vítimas;Plena Noite;Crescente;Nublado;Dupla;Curva;Não;1;0;0;0;1;0;0;1;-27,4768922;-48,64093479;SPRF-SC;DEL01-SC;UOP01-DEL01-SC
734384;25/11/2025;terça-feira;16:00:00;MG;365;597,5;UBERLANDIA;Transitar no Acostamento;Colisão com objeto;Com Vítimas Feridas;Pleno dia;Decrescente;Sol;Simples;"Declive;Curva";Não;1;0;1;0;0;0;1;1;-18,87192052;-48,0833455;SPRF-MG;DEL15-MG;UOP01-DEL15-MG
734388;25/11/2025;terça-feira;22:40:00;MA;135;4,4;SAO LUIS;Pista Escorregadia;Saída de leito carroçável;Com Vítimas Feridas;Plena Noite;Decrescente;Céu Claro;Dupla;Reta;Não;1;0;1;0;0;0;1;1;-2,641668;-44,309645;SPRF-MA;DEL01-MA;UOP01-DEL01-MA
734389;25/11/2025;terça-feira;23:00:00;GO;60;347;SANTO ANTONIO DA BARRA;Reação tardia ou ineficiente do condutor;Colisão com objeto;Com Vítimas Feridas;Plena Noite;Crescente;Nublado;Dupla;Reta;Não;3;0;1;0;2;0;1;2;-17,575935;-50,685135;SPRF-GO;DEL04-GO;UOP02-DEL04-GO
734390;25/11/2025;terça-feira;23:20:00;SC;280;19,8;ARAQUARI;Ausência de reação do condutor;Colisão transversal;Com Vítimas Feridas;Plena Noite;Crescente;Céu Claro;Simples;Reta;Não;6;0;4;0;1;1;4;3;-26,369655;-48,678724;SPRF-SC;DEL03-SC;UOP03-DEL03-SC
734391;25/11/2025;terça-feira;23:45:00;BA;367;24;PORTO SEGURO;Condutor deixou de manter distância do veículo da frente;Colisão traseira;Sem Vítimas;Plena Noite;Decrescente;Nublado;Simples;Reta;Sim;3;0;0;0;3;0;0;2;-16,437778;-39,082018;SPRF-BA;DEL09-BA;UOP03-DEL09-BA
734392;26/11/2025;quarta-feira;01:15:00;PE;232;408;SERRA TALHADA;Reação tardia ou ineficiente do condutor;Colisão com objeto;Sem Vítimas;Plena Noite;Crescente;Céu Claro;Simples;Reta;Sim;1;0;0;0;0;1;0;1;-7,98320522;-38,28356624;SPRF-PE;DEL04-PE;UOP01-DEL04-PE
734393;26/11/2025;quarta-feira;01:00:00;RJ;116;182;NOVA IGUACU;Ausência de reação do condutor;Colisão traseira;Com Vítimas Feridas;Plena Noite;Crescente;Garoa/Chuvisco;Dupla;Reta;Sim;2;0;1;0;1;0;1;2;-22,74273791;-43,5167478;SPRF-RJ;DEL06-RJ;UOP01-DEL06-RJ
734395;25/11/2025;terça-feira;16:30:00;PI;135;557;SAO GONCALO DO GURGUEIA;Reação tardia ou ineficiente do condutor;Capotamento;Com Vítimas Feridas;Pleno dia;Decrescente;Chuva;Simples;"Curva;Aclive";Não;2;0;1;0;1;0;1;1;-10,14411573;-45,19858646;SPRF-PI;DEL03-PI;UOP02-DEL03-PI