id;data_inversa;dia_semana;horario;uf;br;km;municipio;causa_acidente;tipo_acidente;classificacao_acidente;fase_dia;sentido_via;condicao_metereologica;tipo_pista;tracado_via;uso_solo;pessoas;mortos;feridos_leves;feridos_graves;ilesos;ignorados;feridos;veiculos;latitude;longitude;regional;delegacia;uop
734396;26/11/2025;quarta-feira;03:20:00;ES;101;67;SAO MATEUS;Acessar a via sem observar a presença dos outros veículos;Atropelamento de Pedestre;Com Vítimas Fatais;Amanhecer;Decrescente;Nublado;Dupla;Reta;Sim;2;1;0;0;0;1;0;2;-18,71996333;-39,86631;SPRF-ES;DEL04-ES;UOP02-DEL04-ES
734398;26/11/2025;quarta-feira;03:50:00;SP;116;414;REGISTRO;Ausência de reação do condutor;Saída de leito carroçável;Sem Vítimas;Plena Noite;Decrescente;Nevoeiro/Neblina;Dupla;Reta;Sim;1;0;0;0;1;0;0;1;-24,477696;-47,8281728;SPRF-SP;DEL05-SP;UOP01-DEL05-SP
734399;26/11/2025;quarta-feira;04:50:00;RJ;101;322;NITEROI;Pista Escorregadia;Tombamento;Com Vítimas Feridas;Amanhecer;Decrescente;Chuva;Dupla;Reta;Sim;1;0;1;0;0;0;1;1;-22,8809661;-43,1108734;SPRF-RJ;DEL02-RJ;UOP01-DEL02-RJ
734406;26/11/2025;quarta-feira;06:40:00;ES;101;278,6;SERRA;Trafegar com motocicleta (ou similar) entre as faixas;Colisão transversal;Com Vítimas Feridas;Pleno dia;Decrescente;Sol;Simples;"Reta;Aclive";Não;2;0;0;1;1;0;1;2;-20,21775875;-40,3343353;SPRF-ES;DEL02-ES;UOP01-DEL02-ES
734407;26/11/2025;quarta-feira;06:30:00;PE;101;69,7;RECIFE;Demais falhas mecânicas ou elétricas;Queda de ocupante de veículo;Com Vítimas Feridas;Pleno dia;Crescente;Céu Claro;Simples;Curva;Não;2;0;0;2;0;0;2;1;-8,06566;-34,94445;SPRF-PE;DEL01-PE;UOP01-DEL01-PE
734408;26/11/2025;quarta-feira;07:00:00;PR;116;115;CURITIBA;Trafegar com motocicleta (ou similar) entre as faixas;Colisão lateral mesmo sentido;Com Vítimas Feridas;Pleno dia;Decrescente;Sol;Dupla;Reta;Sim;3;0;2;0;1;0;2;2;-25,546778;-49,303682;SPRF-PR;DEL01-PR;UOP03-DEL01-PR
734410;26/11/2025;quarta-feira;06:00:00;MS;376;170,7;NOVA ANDRADINA;Desrespeitar a preferência no cruzamento;Colisão transversal;Com Vítimas Feridas;Pleno dia;Decrescente;Sol;Dupla;Interseção de Vias;Sim;2;0;1;1;0;0;2;2;-22,2752942;-53,37070079;SPRF-MS;DEL04-MS;UOP04-DEL04-MS
734411;24/11/2025;segunda-feira;02:10:00;PR;376;541;PALMEIRA;Ausência de reação do condutor;Colisão frontal;Com Vítimas Feridas;Plena Noite;Crescente;Chuva;Dupla;Reta;Não;2;0;1;0;1;0;1;2;-25,43897976;-49,75020139;SPRF-PR;DEL03-PR;UOP03-DEL03-PR
734412;26/11/2025;quarta-feira;06:30:00;RS;386;336,3;MARQUES DE SOUZA;Reação tardia ou ineficiente do condutor;Saída de leito carroçável;Com Vítimas Feridas;Pleno dia;Crescente;Céu Claro;Dupla;"Curva;Declive";Não;2;0;0;1;1;0;1;1;-29,39091812;-52,04238385;SPRF-RS;DEL04-RS;UOP01-DEL04-RS
734414;26/11/2025;quarta-feira;07:15:00;SC;101;194;BIGUACU;Reação tardia ou ineficiente do condutor;Colisão transversal;Com Vítimas Feridas;Pleno dia;Crescente;Chuva;Múltipla;Interseção de Vias;Sim;2;0;1;0;1;0;1;2;-27,49933564;-48,65612984;SPRF-SC;DEL01-SC;UOP01-DEL01-SC
734416;26/11/2025;quarta-feira;07:45:00;PR;116;127;FAZENDA RIO GRANDE;Ausência de reação do condutor;Queda de ocupante de veículo;Com Vítimas Feridas;Pleno dia;Decrescente;Céu Claro;Dupla;Reta;Sim;1;0;1;0;0;0;1;1;-25,64947141;-49,31235407;SPRF-PR;DEL01-PR;UOP03-DEL01-PR
734417;26/11/2025;quarta-feira;07:15:00;RN;304;42,3;MOSSORO;Manobra de mudança de faixa;Colisão transversal;Com Vítimas Feridas;Pleno dia;Decrescente;Sol;Dupla;Retorno Regulamentado;Não;2;0;1;1;0;0;2;2;-5,21434008;-37,36996293;SPRF-RN;DEL04-RN;UOP01-DEL04-RN
734418;26/11/2025;quarta-feira;00:14:00;RO;364;13;VILHENA;Velocidade Incompatível;Tombamento;Com Vítimas Feridas;Plena Noite;Decrescente;Chuva;Dupla;Rotatória;Sim;2;0;1;0;0;1;1;2;-12,74087817;-60,13294665;SPRF-RO;DEL04-RO;UOP01-DEL04-RO
734419;26/11/2025;quarta-feira;08:00:00;GO;50;295;CATALAO;Ausência de reação do condutor;Saída de leito carroçável;Com Vítimas Fatais;Pleno dia;Decrescente;Céu Claro;Dupla;Reta;Não;2;1;0;0;0;1;0;2;-18,2157312;-47,9690752;SPRF-GO;DEL06-GO;UOP01-DEL06-GO
734420;26/11/2025;quarta-feira;08:00:00;PE;101;74,7;RECIFE;Ausência de reação do condutor;Colisão traseira;Com Vítimas Feridas;Pleno dia;Crescente;Céu Claro;Dupla;Reta;Sim;2;0;0;1;1;0;1;2;-8,10766;-34,94781;SPRF-PE;DEL01-PE;UOP01-DEL01-PE
734422;26/11/2025;quarta-feira;06:50:00;MG;381;147,5;GOVERNADOR VALADARES;Conversão proibida;Colisão transversal;Com Vítimas Feridas;Pleno dia;Crescente;Nublado;Simples;Reta;Não;2;0;0;1;1;0;1;2;-18,8494751;-41,9837992;SPRF-MG;DEL06-MG;UOP01-DEL06-MG
734423;26/11/2025;quarta-feira;07:30:00;RJ;101;390;RIO DE JANEIRO;Ausência de reação do condutor;Queda de ocupante de veículo;Com Vítimas Feridas;Pleno dia;Crescente;Céu Claro;Múltipla;Reta;Não;1;0;1;0;0;0;1;1;-22,8952321;-43,68421555;SPRF-RJ;DEL03-RJ;UOP01-DEL03-RJ
734424;26/11/2025;quarta-feira;08:00:00;SP;153;110;JOSE BONIFACIO;Acesso irregular;Colisão transversal;Com Vítimas Feridas;Pleno dia;Crescente;Céu Claro;Simples;Reta;Não;2;0;1;0;1;0;1;2;-21,087913;-49,674538;SPRF-SP;DEL09-SP;UOP01-DEL09-SP
734425;26/11/2025;quarta-feira;07:30:00;SC;280;74,5;JARAGUA DO SUL;Demais falhas mecânicas ou elétricas;Colisão transversal;Com Vítimas Feridas;Pleno dia;Decrescente;Nublado;Simples;Rotatória;Sim;3;0;1;0;2;0;1;2;-26,45885956;-49,15956484;SPRF-SC;DEL03-SC;UOP03-DEL03-SC
734426;26/11/2025;quarta-feira;08:30:00;PE;101;48;ABREU E LIMA;Ausência de reação do condutor;Colisão traseira;Com Vítimas Feridas;Pleno dia;Crescente;Céu Claro;Múltipla;Reta;Sim;2;0;1;0;1;0;1;2;-7,89565183;-34,90277622;SPRF-PE;DEL01-PE;UOP02-DEL01-PE
734427;26/11/2025;quarta-feira;08:40:00;BA;324;627;SALVADOR;Avarias e/ou desgaste excessivo no pneu;Tombamento;Com Vítimas Feridas;Pleno dia;Crescente;Sol;Dupla;Reta;Sim;2;0;2;0;0;0;2;1;-12,9648152;-38,4763929;SPRF-BA;DEL01-BA;UOP01-DEL01-BA
734428;26/11/2025;quarta-feira;08:36:00;SP;116;220,5;GUARULHOS;Reação tardia ou ineficiente do condutor;Tombamento;Com Vítimas Feridas;Pleno dia;Crescente;Céu Claro;Múltipla;Reta;Sim;2;0;1;0;0;1;1;2;-23,466225;-46,50332;SPRF-SP;DEL01-SP;UOP01-DEL01-SP
734430;26/11/2025;quarta-feira;08:30:00;PE;101;73,5;RECIFE;Transitar no Acostamento;Colisão transversal;Com Vítimas Feridas;Pleno dia;Crescente;Céu Claro;Dupla;Reta;Sim;2;0;1;0;1;0;1;2;-8,099075;-34,949955;SPRF-PE;DEL01-PE;UOP01-DEL01-PE
734431;26/11/2025;quarta-feira;07:20:00;MS;163;25;MUNDO NOVO;Reação tardia ou ineficiente do condutor;Tombamento;Com Vítimas Feridas;Pleno dia;Decrescente;Céu Claro;Simples;"Reta;Interseção de Vias";Não;2;0;2;0;0;0;2;1;-23,88321842;-54,3179512;SPRF-MS;DEL09-MS;UOP02-DEL09-MS
734434;26/11/2025;quarta-feira;09:00:00;MG;381;401;NOVA UNIAO;Demais falhas na via;Saída de leito carroçável;Com Vítimas Feridas;Pleno dia;Decrescente;Céu Claro;Dupla;Curva;Não;1;0;1;0;0;0;1;1;-19,74990181;-43,5408783;SPRF-MG;DEL01-MG;UOP01-DEL01-MG
734435;26/11/2025;quarta-feira;08:05:00;PR;116;121;CURITIBA;Reação tardia ou ineficiente do condutor;Colisão lateral mesmo sentido;Com Vítimas Feridas;Pleno dia;Decrescente;Céu Claro;Dupla;Reta;Não;2;0;1;0;1;0;1;2;-25,59753;-49,316708;SPRF-PR;DEL01-PR;UOP03-DEL01-PR
734436;26/11/2025;quarta-feira;07:05:00;RJ;101;313;SAO GONCALO;Trafegar com motocicleta (ou similar) entre as faixas;Colisão lateral mesmo sentido;Com Vítimas Feridas;Pleno dia;Crescente;Garoa/Chuvisco;Dupla;Reta;Sim;2;0;1;0;1;0;1;2;-22,80911685;-43,06811683;SPRF-RJ;DEL02-RJ;UOP02-DEL02-RJ
734437;26/11/2025;quarta-feira;07:30:00;MS;60;593,7;JARDIM;Acessar a via sem observar a presença dos outros veículos;Colisão transversal;Com Vítimas Feridas;Pleno dia;Crescente;Céu Claro;Simples;Curva;Sim;2;0;1;0;1;0;1;2;-21,489562;-56,159259;SPRF-MS;DEL05-MS;UOP01-DEL05-MS
734438;26/11/2025;quarta-feira;08:30:00;SE;235;104,4;CARIRA;Transitar no Acostamento;Atropelamento de Pedestre;Com Vítimas Feridas;Pleno dia;Decrescente;Céu Claro;Simples;Reta;Não;2;0;0;1;0;1;1;2;-10,379295;-37,684556;SPRF-SE;DEL01-SE;UOP02-DEL01-SE
734439;26/11/2025;quarta-feira;09:10:00;SC;101;186,1;BIGUACU;Chuva;Saída de leito carroçável;Sem Vítimas;Pleno dia;Crescente;Garoa/Chuvisco;Dupla;Curva;Sim;1;0;0;0;1;0;0;1;-27,43626118;-48,62614125;SPRF-SC;DEL01-SC;UOP01-DEL01-SC
734440;26/11/2025;quarta-feira;07:30:00;MS;267;240,8;NOVA ALVORADA DO SUL;Acesso irregular;Eventos atípicos;Sem Vítimas;Pleno dia;Decrescente;Céu Claro;Simples;Reta;Não;2;0;0;0;1;1;0;2;-21,485008;-54,304142;SPRF-MS;DEL02-MS;UOP01-DEL02-MS
734441;26/11/2025;quarta-feira;09:15:00;RN;101;105;PARNAMIRIM;Manobra de mudança de faixa;Colisão lateral mesmo sentido;Sem Vítimas;Pleno dia;Crescente;Céu Claro;Dupla;Reta;Sim;2;0;0;0;2;0;0;2;-5,894921;-35,257625;SPRF-RN;DEL01-RN;UOP01-DEL01-RN
734442;14/05/2025;quarta-feira;17:55:00;RJ;493;1;ITABORAI;Conversão proibida;Queda de ocupante de veículo;Com Vítimas Feridas;Anoitecer;Crescente;Céu Claro;Simples;Reta;Sim;2;0;1;0;0;1;1;2;-22,767904;-42,922483;SPRF-RJ;DEL02-RJ;UOP02-DEL02-RJ
734445;26/11/2025;quarta-feira;06:30:00;BA;110;341;ALAGOINHAS;Condutor deixou de manter distância do veículo da frente;Colisão traseira;Com Vítimas Feridas;Pleno dia;Crescente;Céu Claro;Simples;Reta;Sim;2;0;1;0;1;0;1;2;-12,162843;-38,415427;SPRF-BA;DEL01-BA;UOP04-DEL01-BA
734447;26/11/2025;quarta-feira;10:03:00;PB;230;27,8;JOAO PESSOA;Reação tardia ou ineficiente do condutor;Colisão traseira;Com Vítimas Feridas;Pleno dia;Crescente;Céu Claro;Dupla;Reta;Não;3;0;1;0;2;0;1;2;-7,16515;-34,894205;SPRF-PB;DEL01-PB;UOP01-DEL01-PB
734448;26/11/2025;quarta-feira;07:40:00;MG;262;35,5;MANHUACU;Acessar a via sem observar a presença dos outros veículos;Colisão frontal;Com Vítimas Feridas;Pleno dia;Decrescente;Céu Claro;Simples;"Reta;Declive";Não;2;0;1;0;1;0;1;2;-20,260067;-42,03565;SPRF-MG;DEL06-MG;UOP03-DEL06-MG
734450;26/11/2025;quarta-feira;07:00:00;PB;405;35,1;SAO JOAO DO RIO DO PEIXE;Acessar a via sem observar a presença dos outros veículos;Colisão transversal;Com Vítimas Feridas;Pleno dia;Crescente;Sol;Simples;Interseção de Vias;Sim;3;0;1;0;2;0;1;3;-6,739152;-38,444848;SPRF-PB;DEL03-PB;UOP03-DEL03-PB
734454;26/11/2025;quarta-feira;08:10:00;SP;116;394;MIRACATU;Condutor Dormindo;Saída de leito carroçável;Com Vítimas Feridas;Pleno dia;Crescente;Nublado;Dupla;Curva;Sim;2;0;1;0;1;0;1;1;-24,2867782;-47,4496255;SPRF-SP;DEL04-SP;UOP02-DEL04-SP
734455;26/11/2025;quarta-feira;10:50:00;SC;280;29;ARAQUARI;Acessar a via sem observar a presença dos outros veículos;Atropelamento de Pedestre;Com Vítimas Feridas;Pleno dia;Crescente;Nublado;Simples;Reta;Sim;2;0;0;1;1;0;1;2;-26,41503877;-48,76636696;SPRF-SC;DEL03-SC;UOP03-DEL03-SC
734457;26/11/2025;quarta-feira;09:35:00;ES;101;366,2;ANCHIETA;Demais falhas mecânicas ou elétricas;Tombamento;Com Vítimas Feridas;Pleno dia;Decrescente;Céu Claro;Simples;Curva;Não;2;0;0;2;0;0;2;1;-20,739455;-40,760676;SPRF-ES;DEL03-ES;UOP01-DEL03-ES
734460;26/11/2025;quarta-feira;08:30:00;GO;153;436,5;ANAPOLIS;Ingestão de álcool pelo condutor;Colisão com objeto;Sem Vítimas;Pleno dia;Crescente;Chuva;Dupla;Reta;Não;1;0;0;0;1;0;0;1;-16,29883865;-48,9281671;SPRF-GO;DEL02-GO;UOP01-DEL02-GO
734463;26/11/2025;quarta-feira;11:40:00;PE;101;42,9;IGARASSU;Desrespeitar a preferência no cruzamento;Colisão transversal;Com Vítimas Feridas;Pleno dia;Crescente;Céu Claro;Múltipla;Reta;Sim;2;0;0;1;1;0;1;2;-7,84494;-34,910664;SPRF-PE;DEL01-PE;UOP02-DEL01-PE
734465;26/11/2025;quarta-feira;11:55:00;BA;116;15,5;VITORIA DA CONQUISTA;Ausência de reação do condutor;Queda de ocupante de veículo;Com Vítimas Feridas;Pleno dia;Decrescente;Céu Claro;Simples;Reta;Não;1;0;1;0;0;0;1;1;-14,899034;-40,856071;SPRF-BA;DEL08-BA;UOP01-DEL08-BA
734466;26/11/2025;quarta-feira;12:10:00;PE;232;408,2;SERRA TALHADA;Acessar a via sem observar a presença dos outros veículos;Colisão transversal;Com Vítimas Feridas;Pleno dia;Decrescente;Sol;Simples;Reta;Sim;2;0;0;2;0;0;2;2;-7,98400208;-38,27915668;SPRF-PE;DEL04-PE;UOP01-DEL04-PE
734468;26/11/2025;quarta-feira;12:10:00;MG;262;34,8;MANHUACU;Desrespeitar a preferência no cruzamento;Colisão transversal;Com Vítimas Feridas;Pleno dia;Decrescente;Sol;Simples;"Interseção de Vias;Aclive;Curva";Sim;3;0;2;1;0;0;3;2;-20,258325;-42,030994;SPRF-MG;DEL06-MG;UOP03-DEL06-MG
734469;04/11/2025;terça-feira;15:43:00;PA;0;0;BELEM;Acessar a via sem observar a presença dos outros veículos;Colisão transversal;Sem Vítimas;Pleno dia;Não Informado;Sol;Simples;"Interseção de Vias;Reta";Sim;3;0;0;0;3;0;0;2;-1,408862;-48,433575;SPRF-PA;DEL01-PA;UOP01-DEL01-PA
734472;26/11/2025;quarta-feira;10:40:00;SC;101;44;JOINVILLE;Frear bruscamente;Colisão traseira;Com Vítimas Feridas;Pleno dia;Crescente;Céu Claro;Simples;Reta;Sim;2;0;1;0;1;0;1;2;-26,34086266;-48,85907046;SPRF-SC;DEL03-SC;UOP01-DEL03-SC
734473;26/11/2025;quarta-feira;12:15:00;BA;101;783;ITABELA;Reação tardia ou ineficiente do condutor;Colisão lateral sentido oposto;Com Vítimas Feridas;Pleno dia;Decrescente;Nublado;Simples;Reta;Não;3;0;1;0;1;1;1;3;-16,83576137;-39,48677301;SPRF-BA;DEL09-BA;UOP01-DEL09-BA
734478;25/10/2025;sábado;12:15:00;RJ;116;1;SAPUCAIA;Acessar a via sem observar a presença dos outros veículos;Colisão lateral sentido oposto;Com Vítimas Feridas;Pleno dia;Decrescente;Céu Claro;Simples;Reta;Sim;3;0;1;1;1;0;2;2;-21,87826997;-42,67731905;SPRF-RJ;DEL05-RJ;UOP01-DEL05-RJ
734483;23/09/2025;terça-feira;10:56:00;PI;316;8;TERESINA;Ausência de reação do condutor;Saída de leito carroçável;Com Vítimas Feridas;Pleno dia;Crescente;Sol;Múltipla;Reta;Sim;1;0;0;1;0;0;1;1;-5,15903723;-42,77076066;SPRF-PI;DEL01-PI;UOP02-DEL01-PI
734484;26/11/2025;quarta-feira;15:00:00;RJ;116;184;NOVA IGUACU;Pedestre andava na pista;Atropelamento de Pedestre;Com Vítimas Feridas;Pleno dia;Decrescente;Sol;Dupla;Reta;Sim;2;0;0;1;1;0;1;2;-22,74164443;-43,45354459;SPRF-RJ;DEL06-RJ;UOP01-DEL06-RJ
734485;21/09/2025;domingo;14:15:00;RS;386;306,5;POUSO NOVO;Chuva;Saída de leito carroçável;Com Vítimas Feridas;Pleno dia;Crescente;Chuva;Dupla;"Declive;Curva";Não;4;0;3;0;1;0;3;1;-29,199094;-52,182462;SPRF-RS;DEL04-RS;UOP01-DEL04-RS
734486;26/11/2025;quarta-feira;16:00:00;MG;381;949;EXTREMA;Reação tardia ou ineficiente do condutor;Colisão lateral mesmo sentido;Com Vítimas Feridas;Pleno dia;Decrescente;Céu Claro;Simples;Reta;Não;3;0;2;0;1;0;2;2;-22,87301196;-46,36367798;SPRF-MG;DEL16-MG;UOP03-DEL16-MG
734487;16/10/2025;quinta-feira;17:15:00;PR;469;16;FOZ DO IGUACU;Objeto estático sobre o leito carroçável;Colisão com objeto;Sem Vítimas;Pleno dia;Decrescente;Chuva;Simples;"Em Obras;Reta";Sim;1;0;0;0;1;0;0;1;-25,57952763;-54,53589527;SPRF-PR;DEL05-PR;UOP04-DEL05-PR
734489;26/11/2025;quarta-feira;13:25:00;PR;476;278;SAO MATEUS DO SUL;Acessar a via sem observar a presença dos outros veículos;Colisão transversal;Com Vítimas Feridas;Pleno dia;Decrescente;Céu Claro;Simples;"Interseção de Vias;Reta;Declive;Em Obras";Sim;3;0;1;0;2;0;1;2;-25,8680157;-50,39861754;SPRF-PR;DEL02-PR;UOP03-DEL02-PR
734491;26/11/2025;quarta-feira;14:00:00;SC;101;21;JOINVILLE;Ausência de reação do condutor;Tombamento;Com Vítimas Feridas;Pleno dia;Crescente;Garoa/Chuvisco;Dupla;Curva;Não;1;0;1;0;0;0;1;1;-26,14972229;-48,90936792;SPRF-SC;DEL03-SC;UOP01-DEL03-SC
734492;26/11/2025;quarta-feira;16:20:00;PR;376;184,5;SARANDI;Manobra de mudança de faixa;Colisão lateral mesmo sentido;Sem Vítimas;Pleno dia;Crescente;Sol;Dupla;"Reta;Declive";Sim;2;0;0;0;2;0;0;2;-23,439212;-51,87501;SPRF-PR;DEL09-PR;UOP01-DEL09-PR
734493;24/11/2025;segunda-feira;07:00:00;RO;319;143;PORTO VELHO;Reação tardia ou ineficiente do condutor;Colisão traseira;Sem Vítimas;Pleno dia;Decrescente;Céu Claro;Dupla;Reta;Sim;2;0;0;0;2;0;0;2;-8,75901981;-63,88568966;SPRF-RO;DEL01-RO;UOP01-DEL01-RO
734494;26/11/2025;quarta-feira;16:00:00;PE;101;57,1;RECIFE;Condutor deixou de manter distância do veículo da frente;Colisão transversal;Com Vítimas Feridas;Pleno dia;Crescente;Céu Claro;Dupla;"Declive;Reta";Sim;3;0;0;1;1;1;1;3;-7,965221;-34,917238;SPRF-PE;DEL01-PE;UOP02-DEL01-PE
734495;26/11/2025;quarta-feira;14:30:00;RJ;101;83;CAMPOS DOS GOYTACAZES;Transitar na contramão;Colisão frontal;Com Vítimas Feridas;Pleno dia;Decrescente;Nublado;Simples;Curva;Não;3;0;3;0;0;0;3;2;-21,821545;-41,466988;SPRF-RJ;DEL08-RJ;UOP02-DEL08-RJ
734499;26/11/2025;quarta-feira;17:00:00;SC;282;20,8;PALHOCA;Trafegar com motocicleta (ou similar) entre as faixas;Colisão transversal;Com Vítimas Feridas;Pleno dia;Crescente;Céu Claro;Simples;Reta;Não;2;0;1;0;1;0;1;2;-27,68902608;-48,71782213;SPRF-SC;DEL01-SC;UOP02-DEL01-SC
734502;26/11/2025;quarta-feira;17:40:00;MG;381;495,3;BETIM;Manobra de mudança de faixa;Colisão traseira;Com Vítimas Feridas;Pleno dia;Crescente;Céu Claro;Dupla;Reta;Sim;3;0;2;0;1;0;2;2;-19,974525;-44,186963;SPRF-MG;DEL01-MG;UOP03-DEL01-MG
734504;26/11/2025;quarta-feira;17:15:00;PR;376;240;APUCARANA;Demais falhas mecânicas ou elétricas;Saída de leito carroçável;Com Vítimas Feridas;Pleno dia;Crescente;Céu Claro;Dupla;Curva;Não;2;0;2;0;0;0;2;1;-23,58308;-51,4561;SPRF-PR;DEL07-PR;UOP03-DEL07-PR
734506;26/11/2025;quarta-feira;18:00:00;MG;40;469,9;SETE LAGOAS;Velocidade Incompatível;Saída de leito carroçável;Com Vítimas Feridas;Pleno dia;Decrescente;Nublado;Dupla;Reta;Sim;1;0;1;0;0;0;1;1;-19,466;-44,297;SPRF-MG;DEL02-MG;UOP01-DEL02-MG
734507;26/11/2025;quarta-feira;17:40:00;MG;40;524,5;CONTAGEM;Acumulo de areia ou detritos sobre o pavimento;Tombamento;Com Vítimas Feridas;Pleno dia;Decrescente;Céu Claro;Dupla;Curva;Sim;1;0;1;0;0;0;1;1;-19,8774579;-44,0516489;SPRF-MG;DEL01-MG;UOP02-DEL01-MG
734508;26/11/2025;quarta-feira;17:39:00;PB;230;22;JOAO PESSOA;Trafegar com motocicleta (ou similar) entre as faixas;Colisão lateral mesmo sentido;Com Vítimas Feridas;Anoitecer;Crescente;Céu Claro;Dupla;Reta;Sim;3;0;2;0;1;0;2;3;-7,151907;-34,853817;SPRF-PB;DEL01-PB;UOP01-DEL01-PB
734509;26/11/2025;quarta-feira;17:20:00;BA;116;24;VITORIA DA CONQUISTA;Acessar a via sem observar a presença dos outros veículos;Colisão transversal;Com Vítimas Feridas;Pleno dia;Decrescente;Sol;Simples;Reta;Não;2;0;0;1;1;0;1;2;-14,9123485;-40,8755158;SPRF-BA;DEL08-BA;UOP01-DEL08-BA
734510;26/11/2025;quarta-feira;18:00:00;SC;470;50;BLUMENAU;Acesso irregular;Colisão lateral mesmo sentido;Com Vítimas Feridas;Anoitecer;Crescente;Céu Claro;Dupla;Reta;Sim;2;0;1;0;1;0;1;2;-26,859649;-49,07475;SPRF-SC;DEL04-SC;UOP01-DEL04-SC
734511;26/11/2025;quarta-feira;16:40:00;BA;116;657;JEQUIE;Acumulo de água sobre o pavimento;Colisão lateral sentido oposto;Com Vítimas Feridas;Pleno dia;Crescente;Céu Claro;Simples;Curva;Não;2;0;1;0;1;0;1;2;-13,73528996;-40,10004854;SPRF-BA;DEL03-BA;UOP01-DEL03-BA
734515;26/11/2025;quarta-feira;18:15:00;PR;476;145;CURITIBA;Trafegar com motocicleta (ou similar) entre as faixas;Colisão transversal;Com Vítimas Feridas;Pleno dia;Decrescente;Nublado;Dupla;"Aclive;Reta";Sim;3;0;2;0;1;0;2;2;-25,549193;-49,324558;SPRF-PR;DEL01-PR;UOP06-DEL01-PR
734516;23/11/2025;domingo;08:25:00;MT;163;760;SORRISO;Acessar a via sem observar a presença dos outros veículos;Colisão transversal;Sem Vítimas;Pleno dia;Crescente;Céu Claro;Simples;Reta;Não;2;0;0;0;2;0;0;2;-12,4803;-55,6778;SPRF-MT;DEL06-MT;UOP01-DEL06-MT
734517;26/11/2025;quarta-feira;18:09:00;ES;259;61;COLATINA;Acessar a via sem observar a presença dos outros veículos;Colisão transversal;Com Vítimas Feridas;Pleno dia;Crescente;Céu Claro;Simples;Reta;Não;3;0;1;0;1;1;1;2;-19,53223758;-40,68846524;SPRF-ES;DEL02-ES;UOP01-DEL02-ES
734518;26/11/2025;quarta-feira;18:30:00;SC;101;213,7;PALHOCA;Trafegar com motocicleta (ou similar) entre as faixas;Colisão lateral mesmo sentido;Com Vítimas Feridas;Anoitecer;Decrescente;Nublado;Dupla;Reta;Sim;2;0;1;0;1;0;1;2;-27,64207308;-48,66846649;SPRF-SC;DEL01-SC;UOP02-DEL01-SC
734519;26/11/2025;quarta-feira;18:10:00;RS;386;434;NOVA SANTA RITA;Velocidade Incompatível;Colisão traseira;Com Vítimas Feridas;Pleno dia;Crescente;Céu Claro;Simples;Reta;Sim;7;0;2;0;5;0;2;4;-29,8445423;-51,28253885;SPRF-RS;DEL04-RS;UOP02-DEL04-RS
734520;26/11/2025;quarta-feira;17:50:00;SC;101;334,1;TUBARAO;Manobra de mudança de faixa;Tombamento;Com Vítimas Feridas;Pleno dia;Crescente;Céu Claro;Simples;"Reta;Viaduto;Interseção de Vias";Sim;1;0;1;0;0;0;1;1;-28,47163388;-49,02207971;SPRF-SC;DEL02-SC;UOP01-DEL02-SC
734521;26/11/2025;quarta-feira;18:20:00;CE;116;193,9;LIMOEIRO DO NORTE;Acessar a via sem observar a presença dos outros veículos;Colisão transversal;Com Vítimas Feridas;Plena Noite;Crescente;Céu Claro;Simples;Reta;Não;3;0;1;0;2;0;1;2;-5,15099956;-38,15519571;SPRF-CE;DEL03-CE;UOP01-DEL03-CE
734523;26/11/2025;quarta-feira;18:00:00;PE;101;179;JOAQUIM NABUCO;Acessar a via sem observar a presença dos outros veículos;Queda de ocupante de veículo;Com Vítimas Feridas;Plena Noite;Decrescente;Céu Claro;Dupla;Reta;Não;2;0;0;2;0;0;2;1;-8,63022;-35,55969;SPRF-PE;DEL01-PE;UOP03-DEL01-PE
734524;26/11/2025;quarta-feira;12:17:00;RJ;101;322;NITEROI;Pista Escorregadia;Queda de ocupante de veículo;Com Vítimas Feridas;Pleno dia;Crescente;Céu Claro;Dupla;Reta;Não;1;0;1;0;0;0;1;1;-22,878067;-43,110794;SPRF-RJ;DEL02-RJ;UOP01-DEL02-RJ
734525;26/11/2025;quarta-feira;18:30:00;RJ;101;482;ANGRA DOS REIS;Acessar a via sem observar a presença dos outros veículos;Colisão transversal;Com Vítimas Feridas;Plena Noite;Crescente;Céu Claro;Simples;"Interseção de Vias;Reta";Sim;3;0;2;0;1;0;2;2;-22,99120834;-44,30442908;SPRF-RJ;DEL03-RJ;UOP03-DEL03-RJ
734526;26/11/2025;quarta-feira;18:00:00;RJ;101;274;TANGUA;Ausência de reação do condutor;Capotamento;Com Vítimas Feridas;Anoitecer;Crescente;Céu Claro;Dupla;Reta;Sim;1;0;1;0;0;0;1;1;-22,7353792;-42,7212237;SPRF-RJ;DEL02-RJ;UOP03-DEL02-RJ
734527;26/11/2025;quarta-feira;18:10:00;SP;116;225;GUARULHOS;Manobra de mudança de faixa;Colisão lateral mesmo sentido;Com Vítimas Feridas;Anoitecer;Decrescente;Céu Claro;Múltipla;Reta;Sim;2;0;1;0;0;1;1;2;-23,4891669;-46,54592872;SPRF-SP;DEL01-SP;UOP01-DEL01-SP