id;data_inversa;dia_semana;horario;uf;br;km;municipio;causa_acidente;tipo_acidente;classificacao_acidente;fase_dia;sentido_via;condicao_metereologica;tipo_pista;tracado_via;uso_solo;pessoas;mortos;feridos_leves;feridos_graves;ilesos;ignorados;feridos;veiculos;latitude;longitude;regional;delegacia;uop
734650;24/11/2025;segunda-feira;07:20:00;PR;277;1,5;PARANAGUA;Ausência de reação do condutor;Colisão transversal;Com Vítimas Feridas;Amanhecer;Crescente;Nublado;Dupla;"Interseção de Vias;Reta";Sim;2;0;1;0;1;0;1;2;-25,55177727;-48,55241988;SPRF-PR;DEL01-PR;UOP05-DEL01-PR
734651;27/11/2025;quinta-feira;09:20:00;GO;153;444;ANAPOLIS;Condutor deixou de manter distância do veículo da frente;Colisão traseira;Com Vítimas Feridas;Pleno dia;Crescente;Céu Claro;Dupla;"Reta;Rotatória;Interseção de Vias";Sim;3;0;1;0;2;0;1;2;-16,35397145;-48,93011963;SPRF-GO;DEL02-GO;UOP01-DEL02-GO
734652;27/11/2025;quinta-feira;07:49:00;SP;116;325;JUQUITIBA;Entrada inopinada do pedestre;Atropelamento de Pedestre;Com Vítimas Feridas;Pleno dia;Decrescente;Céu Claro;Dupla;"Declive;Reta";Sim;2;0;0;2;0;0;2;2;-23,93996345;-47,06055916;SPRF-SP;DEL04-SP;UOP03-DEL04-SP
734653;23/11/2025;domingo;16:04:00;MS;163;48,4;ELDORADO;Reação tardia ou ineficiente do condutor;Saída de leito carroçável;Com Vítimas Feridas;Pleno dia;Decrescente;Chuva;Simples;"Declive;Curva";Não;3;0;2;1;0;0;3;1;-23,63040036;-54,23910499;SPRF-MS;DEL09-MS;UOP02-DEL09-MS
734654;27/11/2025;quinta-feira;09:20:00;PE;101;73,7;RECIFE;Transitar no Acostamento;Colisão transversal;Com Vítimas Feridas;Pleno dia;Decrescente;Céu Claro;Dupla;Curva;Sim;3;0;1;0;2;0;1;2;-8,09916;-34,95029;SPRF-PE;DEL01-PE;UOP01-DEL01-PE
734655;27/11/2025;quinta-feira;09:40:00;SC;101;197,6;BIGUACU;Ausência de reação do condutor;Tombamento;Com Vítimas Feridas;Pleno dia;Crescente;Céu Claro;Múltipla;Reta;Sim;2;0;2;0;0;0;2;1;-27,52529;-48,63606;SPRF-SC;DEL01-SC;UOP01-DEL01-SC
734656;27/11/2025;quinta-feira;08:50:00;RS;386;429;NOVA SANTA RITA;Avarias e/ou desgaste excessivo no pneu;Tombamento;Com Vítimas Feridas;Pleno dia;Decrescente;Céu Claro;Simples;Reta;Não;1;0;1;0;0;0;1;1;-29,82606404;-51,33252952;SPRF-RS;DEL04-RS;UOP02-DEL04-RS
734658;27/11/2025;quinta-feira;04:40:00;MS;60;96,2;PARAISO DAS AGUAS;Ausência de reação do condutor;Colisão com objeto;Com Vítimas Feridas;Amanhecer;Crescente;Nublado;Simples;Reta;Não;1;0;1;0;0;0;1;1;-19,23453466;-53,12829763;SPRF-MS;DEL06-MS;UOP02-DEL06-MS
734659;27/11/2025;quinta-feira;09:45:00;PR;116;116;CURITIBA;Ausência de reação do condutor;Colisão traseira;Com Vítimas Feridas;Pleno dia;Crescente;Céu Claro;Dupla;Reta;Não;2;0;1;0;1;0;1;2;-25,552244;-49,304998;SPRF-PR;DEL01-PR;UOP03-DEL01-PR
734660;27/11/2025;quinta-feira;10:24:00;MG;40;470,5;SETE LAGOAS;Ausência de reação do condutor;Colisão traseira;Com Vítimas Feridas;Pleno dia;Decrescente;Céu Claro;Dupla;Declive;Sim;4;0;3;0;1;0;3;2;-19,46877;-44,29523;SPRF-MG;DEL02-MG;UOP01-DEL02-MG
734661;27/11/2025;quinta-feira;09:30:00;RO;364;708;PORTO VELHO;Acessar a via sem observar a presença dos outros veículos;Colisão lateral mesmo sentido;Com Vítimas Feridas;Pleno dia;Crescente;Céu Claro;Múltipla;Interseção de Vias;Sim;2;0;1;0;1;0;1;2;-8,79463597;-63,84302108;SPRF-RO;DEL01-RO;UOP01-DEL01-RO
734662;27/11/2025;quinta-feira;09:00:00;MG;116;594,7;SAO JOAO DO MANHUACU;Velocidade Incompatível;Tombamento;Com Vítimas Feridas;Pleno dia;Crescente;Sol;Simples;Curva;Não;1;0;1;0;0;0;1;1;-20,301332;-42,146218;SPRF-MG;DEL06-MG;UOP03-DEL06-MG
734663;27/11/2025;quinta-feira;11:00:00;SC;470;89;ASCURRA;Acessar a via sem observar a presença dos outros veículos;Colisão transversal;Com Vítimas Feridas;Pleno dia;Crescente;Céu Claro;Simples;"Interseção de Vias;Rotatória";Sim;2;0;1;0;1;0;1;2;-26,95511065;-49,37337248;SPRF-SC;DEL04-SC;UOP01-DEL04-SC
734664;27/11/2025;quinta-feira;10:05:00;SP;262;319;CASTILHO;Reação tardia ou ineficiente do condutor;Colisão com objeto;Com Vítimas Feridas;Pleno dia;Crescente;Céu Claro;Simples;Rotatória;Não;1;0;1;0;0;0;1;1;-20,78489894;-51,59838287;SPRF-MS;DEL07-MS;UOP01-DEL07-MS
734666;27/11/2025;quinta-feira;11:20:00;MG;116;759,1;LEOPOLDINA;Acessar a via sem observar a presença dos outros veículos;Colisão transversal;Sem Vítimas;Pleno dia;Decrescente;Céu Claro;Simples;Reta;Sim;3;0;0;0;2;1;0;2;-21,509438;-42,610814;SPRF-MG;DEL07-MG;UOP01-DEL07-MG
734667;27/11/2025;quinta-feira;09:40:00;MT;163;1030;PEIXOTO DE AZEVEDO;Acessar a via sem observar a presença dos outros veículos;Colisão transversal;Com Vítimas Feridas;Pleno dia;Decrescente;Céu Claro;Simples;Reta;Sim;4;0;0;1;3;0;1;2;-10,24549;-54,989655;SPRF-MT;DEL06-MT;UOP03-DEL06-MT
734668;26/10/2025;domingo;16:51:00;PA;163;295;NOVO PROGRESSO;Condutor deixou de manter distância do veículo da frente;Colisão traseira;Com Vítimas Feridas;Pleno dia;Crescente;Céu Claro;Simples;Curva;Não;4;0;1;0;0;3;1;2;-7,1692;-55,3631;SPRF-PA;DEL05-PA;UOP03-DEL05-PA
734669;27/11/2025;quinta-feira;10:00:00;RO;364;383;OURO PRETO DO OESTE;Acessar a via sem observar a presença dos outros veículos;Colisão transversal;Com Vítimas Feridas;Pleno dia;Crescente;Céu Claro;Simples;Reta;Sim;2;0;1;0;1;0;1;2;-10,715838;-62,250195;SPRF-RO;DEL02-RO;UOP01-DEL02-RO
734670;27/11/2025;quinta-feira;12:20:00;RJ;101;58;CAMPOS DOS GOYTACAZES;Condutor deixou de manter distância do veículo da frente;Colisão traseira;Sem Vítimas;Pleno dia;Decrescente;Céu Claro;Simples;Reta;Sim;2;0;0;0;2;0;0;2;-21,839872;-41,418752;SPRF-RJ;DEL08-RJ;UOP01-DEL08-RJ
734671;27/11/2025;quinta-feira;08:10:00;SC;101;205;SAO JOSE;Pista Escorregadia;Tombamento;Com Vítimas Feridas;Pleno dia;Crescente;Céu Claro;Múltipla;"Interseção de Vias;Reta";Sim;1;0;1;0;0;0;1;1;-27,58312117;-48,61532304;SPRF-SC;DEL01-SC;UOP01-DEL01-SC
734672;27/11/2025;quinta-feira;12:30:00;SC;101;215,6;PALHOCA;Acumulo de óleo sobre o pavimento;Tombamento;Com Vítimas Feridas;Pleno dia;Crescente;Nublado;Dupla;Curva;Sim;1;0;1;0;0;0;1;1;-27,65719;-48,678415;SPRF-SC;DEL01-SC;UOP02-DEL01-SC
734673;24/08/2025;domingo;15:00:00;AC;364;80;SENADOR GUIOMARD;Pista esburacada;Saída de leito carroçável;Com Vítimas Fatais;Pleno dia;Decrescente;Céu Claro;Simples;Reta;Não;2;1;0;0;1;0;0;1;-10,0961311;-67,4286465;SPRF-AC;DEL01-AC;UOP01-DEL01-AC
734675;11/10/2025;sábado;04:38:00;PA;163;537;TRAIRAO;Reação tardia ou ineficiente do condutor;Tombamento;Sem Vítimas;Plena Noite;Decrescente;Ignorado;Simples;Reta;Não;1;0;0;0;0;1;0;1;-5,28942045;-56,01532817;SPRF-PA;DEL05-PA;UOP03-DEL05-PA
734676;27/11/2025;quinta-feira;12:40:00;SP;116;165;JACAREI;Manobra de mudança de faixa;Colisão lateral mesmo sentido;Sem Vítimas;Pleno dia;Crescente;Sol;Múltipla;Reta;Sim;2;0;0;0;2;0;0;2;-23,2942287;-46,00441575;SPRF-SP;DEL02-SP;UOP01-DEL02-SP
734677;23/11/2025;domingo;17:39:00;RJ;101;313;SAO GONCALO;Velocidade Incompatível;Colisão traseira;Com Vítimas Feridas;Anoitecer;Decrescente;Nublado;Dupla;Reta;Sim;2;0;1;0;1;0;1;2;-22,80973188;-43,06777954;SPRF-RJ;DEL02-RJ;UOP02-DEL02-RJ
734678;27/11/2025;quinta-feira;11:05:00;SC;282;417;CATANDUVAS;Demais falhas mecânicas ou elétricas;Saída de leito carroçável;Com Vítimas Feridas;Pleno dia;Decrescente;Céu Claro;Simples;Curva;Não;5;0;3;0;2;0;3;1;-27,03787472;-51,71899796;SPRF-SC;DEL07-SC;UOP05-DEL07-SC
734681;27/11/2025;quinta-feira;11:05:00;RS;116;149,6;CAXIAS DO SUL;Manobra de mudança de faixa;Colisão lateral mesmo sentido;Com Vítimas Feridas;Pleno dia;Crescente;Céu Claro;Dupla;"Reta;Declive";Sim;4;0;2;0;0;2;2;3;-29,16649096;-51,15861861;SPRF-RS;DEL05-RS;UOP01-DEL05-RS
734685;27/11/2025;quinta-feira;13:15:00;SP;116;214;GUARULHOS;Ausência de reação do condutor;Colisão com objeto;Com Vítimas Fatais;Pleno dia;Crescente;Céu Claro;Múltipla;Reta;Sim;2;1;0;0;1;0;0;2;-23,446155;-46,452873;SPRF-SP;DEL01-SP;UOP01-DEL01-SP
734686;27/11/2025;quinta-feira;13:45:00;MG;365;620,5;UBERLANDIA;Condutor deixou de manter distância do veículo da frente;Colisão traseira;Com Vítimas Feridas;Pleno dia;Decrescente;Céu Claro;Dupla;Aclive;Sim;2;0;1;0;1;0;1;2;-18,89323973;-48,27154247;SPRF-MG;DEL15-MG;UOP01-DEL15-MG
734687;27/11/2025;quinta-feira;10:30:00;MG;381;551,9;ITAGUARA;Condutor deixou de manter distância do veículo da frente;Colisão traseira;Sem Vítimas;Pleno dia;Decrescente;Céu Claro;Dupla;Reta;Não;2;0;0;0;2;0;0;2;-20,3132524;-44,4515415;SPRF-MG;DEL04-MG;UOP03-DEL04-MG
734690;27/11/2025;quinta-feira;14:10:00;BA;101;343;TEOLANDIA;Chuva;Colisão frontal;Com Vítimas Feridas;Pleno dia;Crescente;Chuva;Simples;Reta;Não;6;0;5;0;0;1;5;3;-13,57683;-39,477675;SPRF-BA;DEL05-BA;UOP03-DEL05-BA
734691;27/11/2025;quinta-feira;11:00:00;MG;116;275;TEOFILO OTONI;Transitar na contramão;Colisão frontal;Com Vítimas Feridas;Pleno dia;Decrescente;Nublado;Simples;Reta;Sim;3;0;2;0;1;0;2;2;-17,845974;-41,515402;SPRF-MG;DEL11-MG;UOP01-DEL11-MG
734692;27/11/2025;quinta-feira;13:29:00;MA;135;5;SAO LUIS;Reação tardia ou ineficiente do condutor;Engavetamento;Com Vítimas Feridas;Pleno dia;Decrescente;Céu Claro;Dupla;Reta;Sim;3;0;1;0;2;0;1;3;-2,622813;-44,258442;SPRF-MA;DEL01-MA;UOP01-DEL01-MA
734696;27/11/2025;quinta-feira;13:00:00;RO;319;142,9;PORTO VELHO;Acessar a via sem observar a presença dos outros veículos;Colisão lateral mesmo sentido;Com Vítimas Feridas;Pleno dia;Decrescente;Céu Claro;Dupla;Reta;Sim;2;0;1;0;1;0;1;2;-8,7501291;-63,88771959;SPRF-RO;DEL01-RO;UOP01-DEL01-RO
734697;27/11/2025;quinta-feira;14:30:00;PE;101;79,9;JABOATAO DOS GUARARAPES;Condutor deixou de manter distância do veículo da frente;Colisão traseira;Com Vítimas Feridas;Pleno dia;Crescente;Céu Claro;Dupla;Reta;Sim;3;0;1;0;2;0;1;2;-8,15025;-34,94339;SPRF-PE;DEL01-PE;UOP01-DEL01-PE
734699;27/11/2025;quinta-feira;13:50:00;PE;232;25,8;MORENO;Reação tardia ou ineficiente do condutor;Engavetamento;Com Vítimas Feridas;Pleno dia;Crescente;Céu Claro;Dupla;"Aclive;Reta";Não;6;0;3;0;3;0;3;4;-8,113702;-35,11593;SPRF-PE;DEL02-PE;UOP02-DEL02PE
734703;27/11/2025;quinta-feira;12:30:00;MG;381;360,7;SAO GONCALO DO RIO ABAIXO;Reação tardia ou ineficiente do condutor;Tombamento;Com Vítimas Feridas;Pleno dia;Decrescente;Sol;Simples;"Aclive;Curva";Não;1;0;1;0;0;0;1;1;-19,85361212;-43,24783087;SPRF-MG;DEL03-MG;UOP01-DEL03-MG
734705;27/11/2025;quinta-feira;14:15:00;SC;101;441,8;SANTA ROSA DO SUL;Reação tardia ou ineficiente do condutor;Colisão traseira;Com Vítimas Feridas;Pleno dia;Decrescente;Nublado;Múltipla;Aclive;Sim;4;0;2;0;2;0;2;2;-29,12977819;-49,68695339;SPRF-SC;DEL02-SC;UOP02-DEL02-SC
734706;27/11/2025;quinta-feira;15:25:00;SC;101;213,2;PALHOCA;Condutor deixou de manter distância do veículo da frente;Colisão lateral mesmo sentido;Com Vítimas Feridas;Pleno dia;Crescente;Céu Claro;Simples;Reta;Sim;3;0;2;0;1;0;2;2;-27,638483;-48,666525;SPRF-SC;DEL01-SC;UOP02-DEL01-SC
734707;27/11/2025;quinta-feira;16:00:00;SC;101;204,2;SAO JOSE;Velocidade Incompatível;Colisão traseira;Com Vítimas Feridas;Pleno dia;Crescente;Nublado;Múltipla;Reta;Sim;2;0;0;1;1;0;1;2;-27,58103339;-48,61462768;SPRF-SC;DEL01-SC;UOP01-DEL01-SC
734708;15/11/2025;sábado;23:30:00;PA;316;53;CASTANHAL;Condutor Dormindo;Saída de leito carroçável;Com Vítimas Feridas;Plena Noite;Crescente;Céu Claro;Dupla;Reta;Não;3;0;1;0;0;2;1;2;-1,306717;-48,019857;SPRF-PA;DEL01-PA;UOP01-DEL01-PA
734709;24/09/2025;quarta-feira;17:10:00;RS;0;0;SANTANA DO LIVRAMENTO;Acessar a via sem observar a presença dos outros veículos;Colisão transversal;Sem Vítimas;Pleno dia;Não Informado;Céu Claro;Dupla;"Reta;Interseção de Vias;Aclive";Sim;2;0;0;0;2;0;0;2;-30,89199563;-55,54038472;SPRF-RS;DEL11-RS;N/A
734710;27/11/2025;quinta-feira;16:40:00;RN;101;107;PARNAMIRIM;Manobra de mudança de faixa;Colisão lateral mesmo sentido;Com Vítimas Feridas;Pleno dia;Crescente;Céu Claro;Dupla;Interseção de Vias;Sim;3;0;2;0;1;0;2;2;-5,91628972;-35,26305814;SPRF-RN;DEL01-RN;UOP01-DEL01-RN
734711;27/11/2025;quinta-feira;17:00:00;RS;290;89;PORTO ALEGRE;Ausência de reação do condutor;Colisão traseira;Com Vítimas Feridas;Pleno dia;Decrescente;Céu Claro;Múltipla;Reta;Sim;2;0;1;0;1;0;1;2;-29,96811704;-51,15618809;SPRF-RS;DEL01-RS;UOP01-DEL01-RS
734712;20/11/2025;quinta-feira;04:50:00;AP;210;1,9;MACAPA;Reação tardia ou ineficiente do condutor;Colisão frontal;Com Vítimas Feridas;Amanhecer;Decrescente;Céu Claro;Simples;Reta;Sim;6;0;2;0;4;0;2;2;0,0832038;-51,0790799;SPRF-AP;DEL01-AP;UOP01-DEL01-AP
734714;27/11/2025;quinta-feira;17:00:00;PR;277;597;CASCAVEL;Entrada inopinada do pedestre;Atropelamento de Pedestre;Com Vítimas Feridas;Pleno dia;Crescente;Céu Claro;Dupla;Reta;Não;2;0;0;1;1;0;1;2;-24,98103996;-53,50098252;SPRF-PR;DEL04-PR;UOP01-DEL04-PR
734715;27/11/2025;quinta-feira;16:00:00;SC;280;46,8;GUARAMIRIM;Condutor deixou de manter distância do veículo da frente;Colisão traseira;Com Vítimas Feridas;Pleno dia;Crescente;Céu Claro;Dupla;Reta;Não;2;0;0;1;1;0;1;2;-26,453513;-48,917761;SPRF-SC;DEL03-SC;UOP03-DEL03-SC
734718;27/11/2025;quinta-feira;18:00:00;PR;277;726;FOZ DO IGUACU;Condutor deixou de manter distância do veículo da frente;Colisão traseira;Sem Vítimas;Pleno dia;Crescente;Céu Claro;Dupla;Reta;Sim;2;0;0;0;2;0;0;2;-25,509678;-54,547901;SPRF-PR;DEL05-PR;UOP03-DEL05-PR
734720;27/11/2025;quinta-feira;15:50:00;MG;40;464,7;SETE LAGOAS;Reação tardia ou ineficiente do condutor;Saída de leito carroçável;Com Vítimas Feridas;Pleno dia;Crescente;Nublado;Dupla;"Aclive;Reta";Não;1;0;1;0;0;0;1;1;-19,43988587;-44,32971582;SPRF-MG;DEL02-MG;UOP01-DEL02-MG
734721;27/11/2025;quinta-feira;17:30:00;SP;116;139;SAO JOSE DOS CAMPOS;Ausência de reação do condutor;Colisão traseira;Com Vítimas Feridas;Pleno dia;Decrescente;Céu Claro;Dupla;Reta;Não;3;0;2;0;1;0;2;2;-23,16218657;-45,80537081;SPRF-SP;DEL02-SP;UOP01-DEL02-SP
734723;27/11/2025;quinta-feira;17:40:00;RJ;393;238;VASSOURAS;Reação tardia ou ineficiente do condutor;Colisão com objeto;Com Vítimas Feridas;Pleno dia;Decrescente;Céu Claro;Simples;Curva;Não;1;0;0;1;0;0;1;1;-22,42911629;-43,69658279;SPRF-RJ;DEL05-RJ;UOP03-DEL05-RJ
734724;27/11/2025;quinta-feira;17:00:00;PR;116;210;RIO NEGRO;Acessar a via sem observar a presença dos outros veículos;Colisão transversal;Com Vítimas Feridas;Pleno dia;Crescente;Céu Claro;Simples;"Rotatória;Retorno Regulamentado";Sim;4;0;0;1;3;0;1;2;-26,10397673;-49,7806463;SPRF-SC;DEL06-SC;UOP01-DEL06-SC
734725;27/11/2025;quinta-feira;15:20:00;RJ;101;294;ITABORAI;Condutor deixou de manter distância do veículo da frente;Colisão traseira;Com Vítimas Feridas;Pleno dia;Decrescente;Nublado;Dupla;Reta;Não;3;0;1;0;2;0;1;3;-22,76082788;-42,89828539;SPRF-RJ;DEL02-RJ;UOP02-DEL02-RJ
734726;27/11/2025;quinta-feira;17:45:00;BA;116;15;VITORIA DA CONQUISTA;Ausência de sinalização;Colisão transversal;Com Vítimas Feridas;Anoitecer;Crescente;Garoa/Chuvisco;Simples;"Interseção de Vias;Reta;Rotatória";Sim;3;0;1;1;1;0;2;2;-14,89987409;-40,85464594;SPRF-BA;DEL08-BA;UOP01-DEL08-BA
734727;27/11/2025;quinta-feira;17:51:00;PE;101;84,6;JABOATAO DOS GUARARAPES;Reação tardia ou ineficiente do condutor;Colisão traseira;Com Vítimas Feridas;Anoitecer;Decrescente;Céu Claro;Dupla;Reta;Não;2;0;1;0;1;0;1;2;-8,17864;-34,95602;SPRF-PE;DEL01-PE;UOP01-DEL01-PE
734728;27/11/2025;quinta-feira;18:00:00;PR;277;584,2;CASCAVEL;Ausência de reação do condutor;Colisão traseira;Sem Vítimas;Pleno dia;Decrescente;Céu Claro;Múltipla;"Reta;Interseção de Vias;Declive";Sim;2;0;0;0;1;1;0;2;-24,97805;-53,384475;SPRF-PR;DEL04-PR;UOP01-DEL04-PR
734731;01/11/2025;sábado;19:00:00;MA;10;295;SAO FRANCISCO DO BREJAO;Acessar a via sem observar a presença dos outros veículos;Colisão transversal;Com Vítimas Feridas;Plena Noite;Crescente;Ignorado;Simples;Reta;Não;1;0;0;1;0;0;1;1;-5,140737;-47,542793;SPRF-MA;DEL04-MA;UOP01-DEL04-MA
734733;27/11/2025;quinta-feira;19:00:00;MG;381;483;BETIM;Trafegar com motocicleta (ou similar) entre as faixas;Tombamento;Com Vítimas Feridas;Plena Noite;Crescente;Céu Claro;Dupla;"Declive;Curva";Sim;2;0;1;1;0;0;2;2;-19,95960136;-44,0823826;SPRF-MG;DEL01-MG;UOP03-DEL01-MG
734734;27/11/2025;quinta-feira;18:50:00;GO;40;12;LUZIANIA;Pedestre - Ingestão de álcool/ substâncias psicoativas;Atropelamento de Pedestre;Com Vítimas Feridas;Plena Noite;Decrescente;Nublado;Dupla;Reta;Sim;2;0;0;1;1;0;1;2;-16,14620999;-47,9443565;SPRF-DF;DEL01-DF;UOP01-DEL01-DF
734736;27/11/2025;quinta-feira;18:50:00;SC;101;95,9;BARRA VELHA;Ausência de reação do condutor;Saída de leito carroçável;Com Vítimas Feridas;Plena Noite;Crescente;Céu Claro;Dupla;Reta;Não;1;0;1;0;0;0;1;1;-26,722296;-48,70234;SPRF-SC;DEL03-SC;UOP02-DEL03-SC
734737;27/11/2025;quinta-feira;18:00:00;GO;153;507;APARECIDA DE GOIANIA;Condutor deixou de manter distância do veículo da frente;Colisão traseira;Com Vítimas Feridas;Pleno dia;Decrescente;Céu Claro;Dupla;Reta;Sim;2;0;0;1;0;1;1;2;-16,76440833;-49,23966117;SPRF-GO;DEL01-GO;UOP03-DEL01-GO
734738;27/11/2025;quinta-feira;19:00:00;PE;423;98;GARANHUNS;Animais na Pista;Atropelamento de Animal;Com Vítimas Feridas;Plena Noite;Decrescente;Céu Claro;Simples;Reta;Sim;2;0;2;0;0;0;2;1;-8,877132;-36,50834;SPRF-PE;DEL03-PE;UOP01-DEL03-PE
734739;27/11/2025;quinta-feira;16:30:00;MG;40;463;SETE LAGOAS;Transtornos Mentais (exceto suicidio);Queda de ocupante de veículo;Com Vítimas Feridas;Pleno dia;Crescente;Nublado;Dupla;"Declive;Reta";Não;1;0;1;0;0;0;1;1;-19,42445082;-44,33819041;SPRF-MG;DEL02-MG;UOP01-DEL02-MG
734740;27/11/2025;quinta-feira;18:30:00;PB;230;501;CAJAZEIRAS;Ausência de reação do condutor;Colisão traseira;Com Vítimas Feridas;Plena Noite;Decrescente;Céu Claro;Simples;Reta;Sim;3;0;1;0;1;1;1;2;-6,899328;-38,548908;SPRF-PB;DEL03-PB;UOP03-DEL03-PB
734741;27/11/2025;quinta-feira;18:15:00;MG;116;416,3;GOVERNADOR VALADARES;Ausência de reação do condutor;Tombamento;Com Vítimas Feridas;Plena Noite;Decrescente;Céu Claro;Simples;Reta;Sim;1;0;0;1;0;0;1;1;-18,89985586;-41,94572065;SPRF-MG;DEL06-MG;UOP01-DEL06-MG
734742;27/11/2025;quinta-feira;19:15:00;RN;304;34;MOSSORO;Ultrapassagem Indevida;Colisão lateral mesmo sentido;Com Vítimas Feridas;Plena Noite;Crescente;Céu Claro;Simples;"Viaduto;Interseção de Vias";Sim;2;0;1;0;1;0;1;2;-5,15605846;-37,34964162;SPRF-RN;DEL04-RN;UOP02-DEL04-RN
734743;27/11/2025;quinta-feira;18:33:00;PR;277;728,8;FOZ DO IGUACU;Pista Escorregadia;Tombamento;Com Vítimas Feridas;Pleno dia;Crescente;Céu Claro;Dupla;"Declive;Viaduto";Sim;1;0;1;0;0;0;1;1;-25,50956278;-54,57221389;SPRF-PR;DEL05-PR;UOP03-DEL05-PR
734744;27/11/2025;quinta-feira;18:35:00;PR;277;727;FOZ DO IGUACU;Pista Escorregadia;Tombamento;Com Vítimas Feridas;Anoitecer;Crescente;Céu Claro;Simples;"Declive;Retorno Regulamentado";Sim;1;0;1;0;0;0;1;1;-25,50957882;-54,57205145;SPRF-PR;DEL05-PR;UOP03-DEL05-PR
734745;27/11/2025;quinta-feira;18:00:00;SC;101;145,4;ITAPEMA;Reação tardia ou ineficiente do condutor;Colisão traseira;Com Vítimas Feridas;Pleno dia;Decrescente;Nublado;Dupla;"Aclive;Reta";Sim;2;0;1;0;1;0;1;2;-27,083942;-48,604867;SPRF-SC;DEL04-SC;UOP03-DEL04-SC
734746;27/11/2025;quinta-feira;16:50:00;MG;262;36,6;MANHUACU;Ausência de reação do condutor;Colisão frontal;Sem Vítimas;Anoitecer;Crescente;Nublado;Simples;"Reta;Aclive";Sim;2;0;0;0;2;0;0;2;-20,26803;-42,038248;SPRF-MG;DEL06-MG;UOP03-DEL06-MG
734748;27/11/2025;quinta-feira;19:25:00;SP;116;214;GUARULHOS;Demais falhas mecânicas ou elétricas;Incêndio;Sem Vítimas;Plena Noite;Crescente;Ignorado;Múltipla;Reta;Sim;1;0;0;0;1;0;0;1;-23,44623173;-46,45355606;SPRF-SP;DEL01-SP;UOP01-DEL01-SP
734749;27/11/2025;quinta-feira;18:15:00;PR;277;725;FOZ DO IGUACU;Acumulo de óleo sobre o pavimento;Tombamento;Com Vítimas Feridas;Pleno dia;Crescente;Céu Claro;Dupla;Rotatória;Sim;1;0;1;0;0;0;1;1;-25,51017281;-54,55892086;SPRF-PR;DEL05-PR;UOP03-DEL05-PR
734751;27/11/2025;quinta-feira;19:15:00;PI;343;346,3;TERESINA;Ausência de reação do condutor;Colisão traseira;Com Vítimas Feridas;Plena Noite;Decrescente;Céu Claro;Simples;"Declive;Reta";Sim;2;0;1;0;0;1;1;2;-5,11262674;-42,77374506;SPRF-PI;DEL01-PI;UOP01-DEL01-PI
734753;27/11/2025;quinta-feira;18:10:00;GO;50;280;CATALAO;Desrespeitar a preferência no cruzamento;Colisão transversal;Com Vítimas Feridas;Plena Noite;Decrescente;Céu Claro;Simples;"Interseção de Vias;Viaduto";Sim;2;0;2;0;0;0;2;2;-18,180474;-47,938895;SPRF-GO;DEL06-GO;UOP01-DEL06-GO
734755;20/11/2025;quinta-feira;07:00:00;RJ;101;537,9;PARATY;Velocidade Incompatível;Colisão frontal;Com Vítimas Feridas;Pleno dia;Crescente;Céu Claro;Simples;"Curva;Declive";Sim;17;0;15;1;0;1;16;3;-23,04801209;-44,57792091;SPRF-RJ;DEL03-RJ;UOP04-DEL03-RJ
734757;27/11/2025;quinta-feira;19:45:00;RJ;116;82;TERESOPOLIS;Pedestre cruzava a pista fora da faixa;Atropelamento de Pedestre;Com Vítimas Feridas;Plena Noite;Crescente;Nublado;Simples;Reta;Sim;2;0;1;0;0;1;1;2;-22,399332;-42,954034;SPRF-RJ;DEL04-RJ;UOP01-DEL04-RJ
734758;27/11/2025;quinta-feira;18:20:00;MT;70;266;PRIMAVERA DO LESTE;Condutor deixou de manter distância do veículo da frente;Saída de leito carroçável;Com Vítimas Feridas;Plena Noite;Crescente;Chuva;Simples;Reta;Não;2;0;0;1;0;1;1;2;-15,562208;-54,191842;SPRF-MT;DEL05-MT;UOP01-DEL05-MT
734759;27/11/2025;quinta-feira;20:40:00;RS;470;220;BENTO GONCALVES;Pista Escorregadia;Colisão traseira;Com Vítimas Feridas;Plena Noite;Crescente;Céu Claro;Simples;Curva;Não;2;0;0;1;1;0;1;2;-29,15335549;-51,52965395;SPRF-RS;DEL06-RS;UOP01-DEL06-RS
734761;23/11/2025;domingo;11:40:00;RJ;101;0;NITEROI;Manobra de mudança de faixa;Colisão com objeto;Sem Vítimas;Pleno dia;Crescente;Céu Claro;Simples;"Reta;Aclive";Sim;4;0;0;0;4;0;0;1;-22,87808405;-43,11406967;SPRF-RJ;DEL02-RJ;UOP01-DEL02-RJ
734762;27/11/2025;quinta-feira;20:56:00;SP;116;285;ITAPECERICA DA SERRA;Pedestre andava na pista;Atropelamento de Pedestre;Com Vítimas Fatais;Plena Noite;Crescente;Céu Claro;Dupla;Reta;Sim;2;1;0;0;1;0;0;2;-23,68385335;-46,85778124;SPRF-SP;DEL04-SP;UOP01-DEL04-SP
734763;27/11/2025;quinta-feira;19:20:00;PI;316;17;TERESINA;Animais na Pista;Atropelamento de Animal;Com Vítimas Feridas;Plena Noite;Decrescente;Céu Claro;Dupla;Reta;Não;4;0;2;0;2;0;2;1;-5,24570991;-42,73375422;SPRF-PI;DEL01-PI;UOP02-DEL01-PI