id;data_inversa;dia_semana;horario;uf;br;km;municipio;causa_acidente;tipo_acidente;classificacao_acidente;fase_dia;sentido_via;condicao_metereologica;tipo_pista;tracado_via;uso_solo;pessoas;mortos;feridos_leves;feridos_graves;ilesos;ignorados;feridos;veiculos;latitude;longitude;regional;delegacia;uop
734766;27/11/2025;quinta-feira;20:50:00;SC;101;251,7;PAULO LOPES;Reação tardia ou ineficiente do condutor;Tombamento;Com Vítimas Feridas;Plena Noite;Decrescente;Céu Claro;Dupla;Reta;Não;3;0;0;2;1;0;2;2;-27,955193;-48,67584;SPRF-SC;DEL02-SC;UOP03-DEL02-SC
734767;30/10/2025;quinta-feira;07:55:00;BA;101;504;ITABUNA;Acessar a via sem observar a presença dos outros veículos;Queda de ocupante de veículo;Com Vítimas Feridas;Pleno dia;Decrescente;Ignorado;Simples;Reta;Não;1;0;1;0;0;0;1;1;-14,78064773;-39,29001579;SPRF-BA;DEL05-BA;UOP01-DEL05-BA
734768;27/11/2025;quinta-feira;19:00:00;RJ;116;146;DUQUE DE CAXIAS;Reação tardia ou ineficiente do condutor;Colisão traseira;Sem Vítimas;Plena Noite;Decrescente;Céu Claro;Dupla;Reta;Sim;2;0;0;0;1;1;0;2;-22,671422;-43,27778;SPRF-RJ;DEL01-RJ;UOP02-DEL01-RJ
734770;27/11/2025;quinta-feira;19:50:00;PA;155;315;MARABA;Animais na Pista;Atropelamento de Animal;Com Vítimas Feridas;Plena Noite;Decrescente;Nublado;Simples;Reta;Não;1;0;0;1;0;0;1;1;-5,61771;-49,09191;SPRF-PA;DEL03-PA;UOP01-DEL03-PA
734771;27/11/2025;quinta-feira;21:30:00;PR;376;178;MARINGA;Reação tardia ou ineficiente do condutor;Colisão com objeto;Com Vítimas Feridas;Plena Noite;Decrescente;Céu Claro;Dupla;Reta;Sim;1;0;0;1;0;0;1;1;-23,41562;-51,92266;SPRF-PR;DEL09-PR;UOP01-DEL09-PR
734772;27/11/2025;quinta-feira;21:50:00;RS;116;221;DOIS IRMAOS;Acessar a via sem observar a presença dos outros veículos;Colisão transversal;Com Vítimas Feridas;Plena Noite;Crescente;Céu Claro;Dupla;Reta;Sim;3;0;2;0;1;0;2;2;-29,57812189;-51,09566443;SPRF-RS;DEL01-RS;UOP02-DEL01-RS
734773;27/11/2025;quinta-feira;21:10:00;PR;376;599;CURITIBA;Ausência de reação do condutor;Queda de ocupante de veículo;Com Vítimas Feridas;Plena Noite;Crescente;Céu Claro;Dupla;Reta;Sim;2;0;0;1;1;0;1;2;-25,48898194;-49,34577439;SPRF-PR;DEL01-PR;UOP03-DEL01-PR
734779;27/11/2025;quinta-feira;19:08:00;PR;277;595;CASCAVEL;Condutor deixou de manter distância do veículo da frente;Colisão traseira;Com Vítimas Feridas;Plena Noite;Decrescente;Nublado;Simples;Reta;Sim;2;0;0;1;1;0;1;2;-24,98124013;-53,48052849;SPRF-PR;DEL04-PR;UOP01-DEL04-PR
734780;27/11/2025;quinta-feira;21:02:00;RJ;101;387;RIO DE JANEIRO;Reação tardia ou ineficiente do condutor;Capotamento;Com Vítimas Feridas;Plena Noite;Decrescente;Nublado;Dupla;Reta;Não;1;0;1;0;0;0;1;1;-22,887911;-43,655956;SPRF-RJ;DEL03-RJ;UOP01-DEL03-RJ
734781;27/11/2025;quinta-feira;20:15:00;SC;158;118,9;CAIBI;Ingestão de álcool pelo condutor;Colisão lateral sentido oposto;Com Vítimas Feridas;Plena Noite;Crescente;Céu Claro;Simples;Reta;Não;1;0;1;0;0;0;1;1;-26,959829;-53,205418;SPRF-SC;DEL07-SC;UOP02-DEL07-SC
734782;27/11/2025;quinta-feira;21:10:00;SC;280;55,5;GUARAMIRIM;Ingestão de álcool pelo condutor;Colisão traseira;Com Vítimas Feridas;Plena Noite;Crescente;Céu Claro;Dupla;"Reta;Interseção de Vias";Não;3;0;1;0;2;0;1;2;-26,47735764;-48,99753062;SPRF-SC;DEL03-SC;UOP03-DEL03-SC
734783;27/11/2025;quinta-feira;19:00:00;MS;158;3,7;CASSILANDIA;Acessar a via sem observar a presença dos outros veículos;Colisão transversal;Com Vítimas Feridas;Anoitecer;Decrescente;Céu Claro;Simples;Reta;Sim;2;0;1;0;1;0;1;2;-19,12089095;-51,72459466;SPRF-MS;DEL08-MS;UOP01-DEL08-MS
734784;27/11/2025;quinta-feira;22:10:00;MG;381;448,8;BELO HORIZONTE;Conversão proibida;Colisão lateral mesmo sentido;Com Vítimas Feridas;Plena Noite;Decrescente;Céu Claro;Simples;Reta;Sim;3;0;1;0;1;1;1;3;-19,84281472;-43,88560908;SPRF-MG;DEL01-MG;UOP01-DEL01-MG
734786;27/11/2025;quinta-feira;19:00:00;MG;116;543,6;SANTA RITA DE MINAS;Animais na Pista;Atropelamento de Animal;Sem Vítimas;Plena Noite;Crescente;Céu Claro;Simples;Curva;Não;6;0;0;0;5;1;0;2;-19,90997126;-42,13545442;SPRF-MG;DEL06-MG;UOP02-DEL06-MG
734787;27/11/2025;quinta-feira;21:21:00;PE;428;188;PETROLINA;Condutor desrespeitou a iluminação vermelha do semáforo;Colisão transversal;Com Vítimas Feridas;Plena Noite;Crescente;Céu Claro;Simples;Interseção de Vias;Sim;2;0;1;0;1;0;1;2;-9,375617;-40,4924;SPRF-PE;DEL06-PE;UOP01-DEL06-PE
734788;27/11/2025;quinta-feira;22:35:00;PB;230;13;CABEDELO;Velocidade Incompatível;Queda de ocupante de veículo;Com Vítimas Feridas;Plena Noite;Decrescente;Céu Claro;Dupla;"Reta;Em Obras";Sim;2;0;1;0;0;1;1;1;-7,078862;-34,848991;SPRF-PB;DEL01-PB;UOP01-DEL01-PB
734789;27/11/2025;quinta-feira;21:30:00;GO;70;6,5;AGUAS LINDAS DE GOIAS;Pedestre cruzava a pista fora da faixa;Atropelamento de Pedestre;Com Vítimas Fatais;Plena Noite;Decrescente;Chuva;Dupla;Reta;Sim;2;1;1;0;0;0;1;2;-15,74073816;-48,27089522;SPRF-DF;DEL03-DF;UOP02-DEL03-DF
734791;27/11/2025;quinta-feira;22:15:00;RJ;40;85;PETROPOLIS;Curva acentuada;Queda de ocupante de veículo;Com Vítimas Feridas;Plena Noite;Decrescente;Nublado;Simples;"Curva;Aclive";Não;1;0;1;0;0;0;1;1;-22,5615426;-43,2405129;SPRF-RJ;DEL01-RJ;UOP01-DEL01-RJ
734792;27/11/2025;quinta-feira;22:45:00;SP;116;147;SAO JOSE DOS CAMPOS;Demais falhas mecânicas ou elétricas;Incêndio;Sem Vítimas;Pleno dia;Decrescente;Nublado;Múltipla;Reta;Não;1;0;0;0;1;0;0;1;-23,19745763;-45,87494421;SPRF-SP;DEL02-SP;UOP01-DEL02-SP
734793;27/11/2025;quinta-feira;23:05:00;SP;153;268,8;VERA CRUZ;Ingestão de álcool pelo condutor;Colisão com objeto;Sem Vítimas;Plena Noite;Decrescente;Céu Claro;Simples;Reta;Não;1;0;0;0;1;0;0;1;-22,337996;-49,898909;SPRF-SP;DEL07-SP;UOP02-DEL07-SP
734794;27/11/2025;quinta-feira;22:30:00;PB;101;90;JOAO PESSOA;Ausência de reação do condutor;Colisão traseira;Com Vítimas Feridas;Plena Noite;Decrescente;Céu Claro;Dupla;Reta;Sim;2;0;1;0;1;0;1;2;-7,18532;-34,90194;SPRF-PB;DEL01-PB;UOP01-DEL01-PB
734795;27/11/2025;quinta-feira;20:50:00;BA;101;469;URUCUCA;Reação tardia ou ineficiente do condutor;Saída de leito carroçável;Sem Vítimas;Plena Noite;Decrescente;Nublado;Simples;Reta;Não;3;0;0;0;2;1;0;1;-14,52278617;-39,33401495;SPRF-BA;DEL05-BA;UOP01-DEL05-BA
734796;27/11/2025;quinta-feira;23:50:00;ES;262;151;IBATIBA;Transitar na contramão;Colisão frontal;Com Vítimas Fatais;Plena Noite;Decrescente;Céu Claro;Simples;"Declive;Curva";Não;2;1;0;0;1;0;0;2;-20,21514;-41,45;SPRF-ES;DEL01-ES;UOP02-DEL01-ES
734799;27/11/2025;quinta-feira;23:20:00;DF;20;16,8;BRASILIA;Velocidade Incompatível;Colisão com objeto;Sem Vítimas;Pleno dia;Crescente;Nublado;Dupla;Declive;Sim;1;0;0;0;1;0;0;1;-15,622027;-47,718301;SPRF-DF;DEL02-DF;UOP01-DEL02-DF
734800;27/11/2025;quinta-feira;18:30:00;MG;251;208;AGUAS VERMELHAS;Acesso irregular;Saída de leito carroçável;Com Vítimas Feridas;Anoitecer;Decrescente;Céu Claro;Simples;Reta;Não;2;0;2;0;0;0;2;1;-15,86416;-41,50852;SPRF-MG;DEL12-MG;UOP02-DEL12-MG
734802;27/11/2025;quinta-feira;22:24:00;AC;364;117;RIO BRANCO;Ingestão de álcool pelo condutor;Saída de leito carroçável;Com Vítimas Feridas;Plena Noite;Crescente;Chuva;Simples;Reta;Não;1;0;1;0;0;0;1;1;-10,0127133;-67,72840083;SPRF-AC;DEL01-AC;UOP01-DEL01-AC
734803;27/11/2025;quinta-feira;23:30:00;SC;101;48,2;JOINVILLE;Condutor deixou de manter distância do veículo da frente;Colisão traseira;Com Vítimas Feridas;Plena Noite;Crescente;Céu Claro;Dupla;Reta;Não;3;0;0;1;1;1;1;3;-26,37676079;-48,85369062;SPRF-SC;DEL03-SC;UOP01-DEL03-SC
734804;28/11/2025;sexta-feira;00:01:00;PR;376;221,2;CAMBIRA;Ausência de reação do condutor;Tombamento;Com Vítimas Feridas;Plena Noite;Decrescente;Céu Claro;Dupla;Reta;Não;1;0;1;0;0;0;1;1;-23,59950347;-51,60370588;SPRF-PR;DEL09-PR;UOP01-DEL09-PR
734805;27/11/2025;quinta-feira;23:40:00;MT;364;371;SANTO ANTONIO DO LEVERGER;Ausência de reação do condutor;Saída de leito carroçável;Com Vítimas Feridas;Plena Noite;Crescente;Céu Claro;Dupla;Reta;Não;1;0;1;0;0;0;1;1;-15,703819;-55,7431047;SPRF-MT;DEL01-MT;UOP02-DEL01-MT
734807;28/11/2025;sexta-feira;03:00:00;RJ;116;316,5;RESENDE;Reação tardia ou ineficiente do condutor;Colisão com objeto;Com Vítimas Feridas;Plena Noite;Decrescente;Céu Claro;Dupla;Reta;Sim;1;0;1;0;0;0;1;1;-22,4672362;-44,5026716;SPRF-RJ;DEL07-RJ;UOP02-DEL07-RJ
734809;28/11/2025;sexta-feira;04:20:00;PR;116;63;QUATRO BARRAS;Reação tardia ou ineficiente do condutor;Colisão traseira;Sem Vítimas;Amanhecer;Decrescente;Nevoeiro/Neblina;Dupla;Reta;Não;5;0;0;0;5;0;0;2;-25,30699047;-48,99347126;SPRF-PR;DEL01-PR;UOP02-DEL01-PR
734810;28/11/2025;sexta-feira;04:00:00;RJ;116;194;QUEIMADOS;Demais falhas mecânicas ou elétricas;Incêndio;Sem Vítimas;Amanhecer;Crescente;Nublado;Dupla;Reta;Sim;1;0;0;0;0;1;0;1;-22,73375696;-43,56079102;SPRF-RJ;DEL06-RJ;UOP01-DEL06-RJ
734811;28/11/2025;sexta-feira;04:30:00;RS;392;640,9;GUARANI DAS MISSOES;Ingestão de álcool pelo condutor;Saída de leito carroçável;Com Vítimas Feridas;Plena Noite;Decrescente;Céu Claro;Simples;Reta;Não;1;0;1;0;0;0;1;1;-28,151722;-54,540298;SPRF-RS;DEL10-RS;UOP01-DEL10-RS
734813;27/11/2025;quinta-feira;19:30:00;RN;226;176,4;CURRAIS NOVOS;Acessar a via sem observar a presença dos outros veículos;Colisão transversal;Com Vítimas Feridas;Pleno dia;Decrescente;Céu Claro;Dupla;Reta;Sim;2;0;0;1;1;0;1;2;-6,26383766;-36,51827071;SPRF-RN;DEL03-RN;UOP02-DEL03-RN
734814;28/11/2025;sexta-feira;04:50:00;MG;40;114,2;LAGOA GRANDE;Animais na Pista;Atropelamento de Animal;Com Vítimas Feridas;Pleno dia;Decrescente;Nublado;Simples;Reta;Não;3;0;1;0;2;0;1;1;-17,649935;-46,417337;SPRF-MG;DEL14-MG;UOP01-DEL14-MG
734815;28/11/2025;sexta-feira;06:00:00;PR;277;586;CASCAVEL;Desrespeitar a preferência no cruzamento;Colisão traseira;Com Vítimas Feridas;Amanhecer;Decrescente;Céu Claro;Simples;Interseção de Vias;Sim;2;0;0;1;1;0;1;2;-24,96626;-53,40402;SPRF-PR;DEL04-PR;UOP01-DEL04-PR
734817;28/11/2025;sexta-feira;05:20:00;PR;277;78;CURITIBA;Ausência de reação do condutor;Capotamento;Com Vítimas Feridas;Amanhecer;Decrescente;Céu Claro;Dupla;"Reta;Declive";Sim;4;0;3;0;1;0;3;1;-25,47068926;-49,21205521;SPRF-PR;DEL01-PR;UOP07-DEL01-PR
734820;28/11/2025;sexta-feira;06:20:00;GO;70;3;AGUAS LINDAS DE GOIAS;Reação tardia ou ineficiente do condutor;Colisão traseira;Com Vítimas Feridas;Pleno dia;Decrescente;Céu Claro;Dupla;Reta;Sim;3;0;2;0;1;0;2;2;-15,76096;-48,241456;SPRF-DF;DEL03-DF;UOP02-DEL03-DF
734821;28/11/2025;sexta-feira;06:10:00;GO;60;379;PALMEIRAS DE GOIAS;Demais falhas mecânicas ou elétricas;Queda de ocupante de veículo;Com Vítimas Feridas;Amanhecer;Crescente;Céu Claro;Dupla;Reta;Sim;1;0;1;0;0;0;1;1;-17;-50;SPRF-GO;DEL04-GO;UOP02-DEL04-GO
734823;28/11/2025;sexta-feira;07:00:00;PR;277;70,8;SAO JOSE DOS PINHAIS;Acessar a via sem observar a presença dos outros veículos;Colisão traseira;Com Vítimas Feridas;Pleno dia;Crescente;Sol;Dupla;Interseção de Vias;Não;2;0;1;0;1;0;1;2;-25,509894;-49,131451;SPRF-PR;DEL01-PR;UOP07-DEL01-PR
734824;28/11/2025;sexta-feira;06:48:00;SC;101;203,1;SAO JOSE;Manobra de mudança de faixa;Tombamento;Com Vítimas Feridas;Pleno dia;Crescente;Céu Claro;Múltipla;Reta;Sim;3;0;1;0;1;1;1;3;-27,566354;-48,614117;SPRF-SC;DEL01-SC;UOP01-DEL01-SC
734825;28/11/2025;sexta-feira;06:50:00;PE;101;73,5;RECIFE;Trafegar com motocicleta (ou similar) entre as faixas;Colisão lateral mesmo sentido;Com Vítimas Feridas;Pleno dia;Decrescente;Sol;Dupla;Reta;Sim;3;0;0;2;1;0;2;2;-8,097363;-34,949838;SPRF-PE;DEL01-PE;UOP01-DEL01-PE
734826;28/11/2025;sexta-feira;07:10:00;SC;101;207;SAO JOSE;Condutor usando celular;Colisão com objeto;Sem Vítimas;Pleno dia;Crescente;Céu Claro;Dupla;Reta;Não;2;0;0;0;2;0;0;2;-27,60152318;-48,62613964;SPRF-SC;DEL01-SC;UOP01-DEL01-SC
734828;28/11/2025;sexta-feira;06:30:00;PE;101;90;JABOATAO DOS GUARARAPES;Manobra de mudança de faixa;Tombamento;Com Vítimas Feridas;Pleno dia;Crescente;Sol;Dupla;Reta;Não;2;0;1;0;1;0;1;1;-8,21853055;-34,98940051;SPRF-PE;DEL01-PE;UOP01-DEL01-PE
734831;28/11/2025;sexta-feira;06:10:00;SC;101;137;BALNEARIO CAMBORIU;Reação tardia ou ineficiente do condutor;Saída de leito carroçável;Sem Vítimas;Pleno dia;Decrescente;Céu Claro;Múltipla;"Reta;Interseção de Vias";Sim;1;0;0;0;0;1;0;1;-27,01002438;-48,61553192;SPRF-SC;DEL04-SC;UOP03-DEL04-SC
734832;28/11/2025;sexta-feira;07:05:00;SP;116;279;EMBU DAS ARTES;Condutor deixou de manter distância do veículo da frente;Colisão traseira;Com Vítimas Feridas;Pleno dia;Crescente;Céu Claro;Dupla;Reta;Sim;1;0;1;0;0;0;1;1;-23,6809406;-46,8578357;SPRF-SP;DEL04-SP;UOP01-DEL04-SP
734833;27/11/2025;quinta-feira;14:30:00;PE;110;143,2;IBIMIRIM;Ingestão de álcool pelo condutor;Colisão lateral mesmo sentido;Com Vítimas Feridas;Pleno dia;Crescente;Céu Claro;Simples;"Reta;Declive";Não;3;0;1;0;2;0;1;2;-8,515;-37,666112;SPRF-PE;DEL04-PE;UOP02-DEL04-PE
734834;28/11/2025;sexta-feira;06:30:00;PR;376;506,5;PONTA GROSSA;Reação tardia ou ineficiente do condutor;Saída de leito carroçável;Sem Vítimas;Pleno dia;Decrescente;Céu Claro;Dupla;"Reta;Declive";Não;1;0;0;0;1;0;0;1;-25,235547;-50,039912;SPRF-PR;DEL03-PR;UOP04-DEL03-PR
734836;28/11/2025;sexta-feira;07:35:00;BA;324;3;FEIRA DE SANTANA;Pista esburacada;Tombamento;Com Vítimas Feridas;Pleno dia;Crescente;Sol;Dupla;Declive;Sim;1;0;1;0;0;0;1;1;-12,28761;-38,96008;SPRF-BA;DEL02-BA;UOP01-DEL02-BA
734837;28/11/2025;sexta-feira;06:10:00;RJ;116;199;NOVA IGUACU;Ausência de reação do condutor;Tombamento;Com Vítimas Feridas;Pleno dia;Decrescente;Céu Claro;Dupla;Reta;Sim;1;0;1;0;0;0;1;1;-22,74105766;-43,52387778;SPRF-RJ;DEL06-RJ;UOP02-DEL06-RJ
734838;28/11/2025;sexta-feira;07:15:00;DF;20;3;BRASILIA;Ausência de reação do condutor;Colisão lateral mesmo sentido;Com Vítimas Feridas;Pleno dia;Crescente;Céu Claro;Dupla;Reta;Sim;4;0;0;1;3;0;1;2;-15,680147;-47,83181;SPRF-DF;DEL02-DF;UOP01-DEL02-DF
734840;28/11/2025;sexta-feira;08:00:00;SC;101;192,9;BIGUACU;Condutor deixou de manter distância do veículo da frente;Colisão traseira;Sem Vítimas;Pleno dia;Crescente;Céu Claro;Múltipla;Reta;Sim;2;0;0;0;2;0;0;2;-27,4891395;-48,6556133;SPRF-SC;DEL01-SC;UOP01-DEL01-SC
734841;28/11/2025;sexta-feira;06:00:00;MG;381;819,1;CAREACU;Reação tardia ou ineficiente do condutor;Colisão com objeto;Com Vítimas Feridas;Amanhecer;Crescente;Nublado;Dupla;Reta;Não;2;0;1;0;1;0;1;1;-21,99844521;-45,67866325;SPRF-MG;DEL16-MG;UOP02-DEL16-MG
734842;28/11/2025;sexta-feira;08:00:00;GO;60;163;GOIANIA;Ausência de reação do condutor;Colisão traseira;Com Vítimas Feridas;Pleno dia;Decrescente;Céu Claro;Dupla;Reta;Não;2;0;1;0;1;0;1;2;-16,705382;-49,344647;SPRF-GO;DEL01-GO;UOP02-DEL01-GO
734844;28/11/2025;sexta-feira;07:57:00;ES;101;289,1;CARIACICA;Acessar a via sem observar a presença dos outros veículos;Colisão transversal;Com Vítimas Feridas;Pleno dia;Decrescente;Céu Claro;Dupla;Retorno Regulamentado;Não;2;0;0;1;1;0;1;2;-20,27909698;-40,39274502;SPRF-ES;DEL01-ES;UOP01-DEL01-ES
734846;28/11/2025;sexta-feira;07:15:00;RJ;101;324;NITEROI;Ausência de reação do condutor;Colisão traseira;Com Vítimas Feridas;Pleno dia;Crescente;Céu Claro;Dupla;Reta;Não;3;0;1;0;2;0;1;3;-22,87443543;-43,12597275;SPRF-RJ;DEL02-RJ;UOP01-DEL02-RJ
734847;28/11/2025;sexta-feira;07:40:00;PR;376;15,3;MARINGA;Manobra de mudança de faixa;Colisão lateral mesmo sentido;Com Vítimas Feridas;Pleno dia;Crescente;Céu Claro;Dupla;"Reta;Retorno Regulamentado";Não;2;0;1;0;1;0;1;2;-23,41357563;-51,88108921;SPRF-PR;DEL09-PR;UOP01-DEL09-PR
734848;28/11/2025;sexta-feira;07:20:00;SC;470;137;RIO DO SUL;Acessar a via sem observar a presença dos outros veículos;Colisão transversal;Com Vítimas Feridas;Pleno dia;Decrescente;Céu Claro;Simples;Reta;Sim;2;0;1;0;1;0;1;2;-27,1942554;-49,623995;SPRF-SC;DEL04-SC;UOP02-DEL04-SC
734849;28/11/2025;sexta-feira;07:50:00;PR;277;722,3;FOZ DO IGUACU;Reação tardia ou ineficiente do condutor;Colisão transversal;Com Vítimas Feridas;Pleno dia;Decrescente;Céu Claro;Dupla;"Reta;Retorno Regulamentado";Sim;3;0;1;0;2;0;1;2;-25,4915512;-54,51279759;SPRF-PR;DEL05-PR;UOP03-DEL05-PR
734850;28/11/2025;sexta-feira;08:15:00;BA;324;517;FEIRA DE SANTANA;Ultrapassagem Indevida;Colisão transversal;Com Vítimas Feridas;Pleno dia;Decrescente;Sol;Simples;Reta;Sim;2;0;1;0;1;0;1;2;-12,26216;-38,93279;SPRF-BA;DEL02-BA;UOP01-DEL02-BA
734851;28/11/2025;sexta-feira;08:00:00;SC;101;209,3;SAO JOSE;Condutor deixou de manter distância do veículo da frente;Colisão lateral mesmo sentido;Com Vítimas Feridas;Pleno dia;Decrescente;Nublado;Múltipla;Reta;Não;5;0;1;0;4;0;1;2;-27,61305266;-48,6417946;SPRF-SC;DEL01-SC;UOP01-DEL01-SC
734852;28/11/2025;sexta-feira;07:10:00;ES;262;72;MARECHAL FLORIANO;Reação tardia ou ineficiente do condutor;Saída de leito carroçável;Com Vítimas Feridas;Pleno dia;Crescente;Céu Claro;Simples;Reta;Não;1;0;1;0;0;0;1;1;-20,419967;-40,87724;SPRF-ES;DEL01-ES;UOP02-DEL01-ES
734853;28/11/2025;sexta-feira;09:00:00;PR;369;145;LONDRINA;Avarias e/ou desgaste excessivo no pneu;Tombamento;Com Vítimas Feridas;Pleno dia;Crescente;Sol;Dupla;Reta;Sim;1;0;1;0;0;0;1;1;-23,293559;-51,111316;SPRF-PR;DEL07-PR;UOP01-DEL07-PR
734855;28/11/2025;sexta-feira;08:30:00;SC;101;119,7;ITAJAI;Ausência de reação do condutor;Colisão lateral mesmo sentido;Com Vítimas Feridas;Pleno dia;Crescente;Nublado;Múltipla;Reta;Não;2;0;0;1;1;0;1;2;-26,91761682;-48,71115804;SPRF-SC;DEL04-SC;UOP04-DEL04-SC
734856;28/11/2025;sexta-feira;07:00:00;MG;116;413,4;GOVERNADOR VALADARES;Transitar no Acostamento;Colisão com objeto;Com Vítimas Fatais;Pleno dia;Crescente;Sol;Simples;"Reta;Ponte";Sim;2;1;0;0;0;1;0;2;-18,88280787;-41,95536017;SPRF-MG;DEL06-MG;UOP01-DEL06-MG
734857;20/11/2025;quinta-feira;11:50:00;SP;116;53,2;LORENA;Ausência de reação do condutor;Engavetamento;Com Vítimas Feridas;Pleno dia;Crescente;Sol;Dupla;Reta;Não;4;0;1;0;3;0;1;3;-22,74839136;-45,10160208;SPRF-SP;DEL08-SP;UOP02-DEL08-SP
734858;27/11/2025;quinta-feira;22:08:00;MG;251;406,9;GRAO MOGOL;Ausência de reação do condutor;Colisão traseira;Sem Vítimas;Plena Noite;Decrescente;Céu Claro;Simples;"Reta;Declive";Não;4;0;0;0;4;0;0;2;-16,251856;-42,942225;SPRF-MG;DEL12-MG;UOP01-DEL12-MG
734859;28/11/2025;sexta-feira;08:53:00;RN;226;98,2;SANTA CRUZ;Manobra de mudança de faixa;Colisão lateral sentido oposto;Com Vítimas Feridas;Pleno dia;Decrescente;Céu Claro;Simples;Reta;Não;2;0;0;1;1;0;1;2;-6,260832;-35,91108;SPRF-RN;DEL03-RN;UOP02-DEL03-RN
734860;28/11/2025;sexta-feira;08:00:00;SC;280;28;ARAQUARI;Transitar no Acostamento;Colisão transversal;Com Vítimas Feridas;Pleno dia;Crescente;Céu Claro;Simples;Reta;Sim;2;0;1;0;1;0;1;2;-26,40475865;-48,74572534;SPRF-SC;DEL03-SC;UOP03-DEL03-SC
734861;28/11/2025;sexta-feira;06:30:00;DF;70;16;BRASILIA;Condutor deixou de manter distância do veículo da frente;Colisão traseira;Com Vítimas Feridas;Pleno dia;Decrescente;Céu Claro;Dupla;Reta;Sim;2;0;1;0;1;0;1;2;-15,79404427;-48,20235942;SPRF-DF;DEL03-DF;UOP02-DEL03-DF
734862;28/11/2025;sexta-feira;10:00:00;RS;116;252,5;SAPUCAIA DO SUL;Acessar a via sem observar a presença dos outros veículos;Colisão transversal;Com Vítimas Feridas;Pleno dia;Decrescente;Nublado;Dupla;Reta;Sim;4;0;1;0;3;0;1;2;-29,80932288;-51,16742369;SPRF-RS;DEL01-RS;UOP02-DEL01-RS
734863;28/11/2025;sexta-feira;10:00:00;SC;101;203,9;SAO JOSE;Reação tardia ou ineficiente do condutor;Colisão traseira;Com Vítimas Feridas;Pleno dia;Crescente;Nublado;Múltipla;Reta;Sim;3;0;0;1;2;0;1;2;-27,573696;-48,613638;SPRF-SC;DEL01-SC;UOP01-DEL01-SC
734864;11/11/2025;terça-feira;06:15:00;PB;230;211,3;SOLEDADE;Demais falhas mecânicas ou elétricas;Tombamento;Com Vítimas Feridas;Pleno dia;Crescente;Céu Claro;Simples;Reta;Não;3;0;2;0;1;0;2;1;-7,08100662;-36,32284784;SPRF-PB;DEL02-PB;UOP02-DEL02-PB
734865;28/11/2025;sexta-feira;10:00:00;RJ;101;326;RIO DE JANEIRO;Ausência de reação do condutor;Engavetamento;Com Vítimas Feridas;Pleno dia;Crescente;Céu Claro;Dupla;"Aclive;Reta";Não;6;0;1;0;5;0;1;3;-22,871788;-43,147961;SPRF-RJ;DEL02-RJ;UOP01-DEL02-RJ
734866;25/11/2025;terça-feira;08:40:00;RJ;40;120;DUQUE DE CAXIAS;Trafegar com motocicleta (ou similar) entre as faixas;Colisão lateral mesmo sentido;Com Vítimas Feridas;Pleno dia;Crescente;Céu Claro;Múltipla;Reta;Sim;3;0;0;1;1;1;1;2;-22,77246395;-43,28646326;SPRF-RJ;DEL01-RJ;UOP02-DEL01-RJ
734867;28/11/2025;sexta-feira;10:30:00;SC;282;69,7;RANCHO QUEIMADO;Reação tardia ou ineficiente do condutor;Saída de leito carroçável;Com Vítimas Feridas;Pleno dia;Decrescente;Nublado;Simples;"Declive;Curva";Não;3;0;1;1;1;0;2;1;-27,694;-49,0906;SPRF-SC;DEL01-SC;UOP03-DEL01-SC
734868;26/11/2025;quarta-feira;20:15:00;PE;423;93;GARANHUNS;Desrespeitar a preferência no cruzamento;Colisão transversal;Sem Vítimas;Plena Noite;Decrescente;Céu Claro;Dupla;Rotatória;Sim;2;0;0;0;2;0;0;2;-8,87411581;-36,46939365;SPRF-PE;DEL03-PE;UOP01-DEL03-PE
734869;28/11/2025;sexta-feira;08:00:00;SC;163;67,9;SAO MIGUEL DO OESTE;Condutor deixou de manter distância do veículo da frente;Colisão traseira;Com Vítimas Feridas;Pleno dia;Decrescente;Sol;Dupla;Reta;Sim;2;0;1;0;1;0;1;2;-26,75053925;-53,50083081;SPRF-SC;DEL07-SC;UOP03-DEL07-SC
734870;10/11/2025;segunda-feira;15:50:00;PB;104;100,5;ESPERANCA;Condutor Dormindo;Colisão traseira;Com Vítimas Feridas;Pleno dia;Crescente;Céu Claro;Simples;"Declive;Reta";Não;3;0;2;0;1;0;2;2;-7,04696902;-35,85674429;SPRF-PB;DEL02-PB;UOP04-DEL02-PB
734871;28/11/2025;sexta-feira;08:06:00;AC;364;124;RIO BRANCO;Transitar na contramão;Colisão transversal;Com Vítimas Feridas;Pleno dia;Decrescente;Céu Claro;Simples;"Interseção de Vias;Rotatória";Sim;2;0;1;0;1;0;1;2;-10,011519;-67,798875;SPRF-AC;DEL01-AC;UOP01-DEL01-AC
734874;28/11/2025;sexta-feira;09:40:00;ES;101;125,2;SOORETAMA;Ingestão de álcool pelo condutor;Colisão traseira;Sem Vítimas;Pleno dia;Decrescente;Nublado;Múltipla;"Declive;Reta";Sim;2;0;0;0;2;0;0;2;-19,18799409;-40,09440224;SPRF-ES;DEL04-ES;UOP01-DEL04-ES
734875;28/11/2025;sexta-feira;08:19:00;MG;116;416;GOVERNADOR VALADARES;Ultrapassagem Indevida;Colisão transversal;Com Vítimas Feridas;Pleno dia;Decrescente;Céu Claro;Simples;Reta;Não;2;0;0;1;1;0;1;2;-18,90016698;-41,94553167;SPRF-MG;DEL06-MG;UOP01-DEL06-MG