id;data_inversa;dia_semana;horario;uf;br;km;municipio;causa_acidente;tipo_acidente;classificacao_acidente;fase_dia;sentido_via;condicao_metereologica;tipo_pista;tracado_via;uso_solo;pessoas;mortos;feridos_leves;feridos_graves;ilesos;ignorados;feridos;veiculos;latitude;longitude;regional;delegacia;uop
734876;28/11/2025;sexta-feira;10:00:00;GO;60;108,8;GOIANAPOLIS;Condutor deixou de manter distância do veículo da frente;Colisão traseira;Sem Vítimas;Pleno dia;Decrescente;Céu Claro;Dupla;"Curva;Interseção de Vias";Não;5;0;0;0;5;0;0;2;-16,44644842;-49,02033001;SPRF-GO;DEL01-GO;UOP01-DEL01-GO
734879;28/11/2025;sexta-feira;11:10:00;SC;280;26,8;ARAQUARI;Ultrapassagem Indevida;Colisão transversal;Com Vítimas Feridas;Pleno dia;Decrescente;Céu Claro;Simples;Reta;Sim;3;0;1;0;2;0;1;2;-26,39523163;-48,73907757;SPRF-SC;DEL03-SC;UOP03-DEL03-SC
734880;28/11/2025;sexta-feira;07:15:00;SC;280;57,9;GUARAMIRIM;Manobra de mudança de faixa;Colisão traseira;Com Vítimas Feridas;Pleno dia;Crescente;Céu Claro;Múltipla;Reta;Sim;3;0;1;0;2;0;1;2;-26,47438684;-49,02403235;SPRF-SC;DEL03-SC;UOP03-DEL03-SC
734881;28/11/2025;sexta-feira;12:00:00;SC;101;201,2;SAO JOSE;Demais falhas mecânicas ou elétricas;Eventos atípicos;Com Vítimas Feridas;Pleno dia;Crescente;Céu Claro;Múltipla;Reta;Sim;2;0;2;0;0;0;2;1;-27,54932387;-48,61975607;SPRF-SC;DEL01-SC;UOP01-DEL01-SC
734882;28/11/2025;sexta-feira;09:25:00;AC;364;125;RIO BRANCO;Retorno proibido;Colisão transversal;Com Vítimas Feridas;Pleno dia;Crescente;Céu Claro;Dupla;Reta;Sim;2;0;0;1;1;0;1;2;-10,0134608;-67,80468822;SPRF-AC;DEL01-AC;UOP01-DEL01-AC
734883;28/11/2025;sexta-feira;11:20:00;PR;369;139,3;IBIPORA;Condutor deixou de manter distância do veículo da frente;Colisão lateral mesmo sentido;Com Vítimas Feridas;Pleno dia;Decrescente;Céu Claro;Simples;Rotatória;Sim;2;0;1;0;1;0;1;2;-23,27666335;-51,06231809;SPRF-PR;DEL07-PR;UOP01-DEL07-PR
734884;28/11/2025;sexta-feira;12:20:00;RS;116;243;SAO LEOPOLDO;Demais falhas mecânicas ou elétricas;Tombamento;Com Vítimas Feridas;Pleno dia;Decrescente;Céu Claro;Dupla;Reta;Sim;2;0;2;0;0;0;2;1;-29,7284828;-51,1491814;SPRF-RS;DEL01-RS;UOP02-DEL01-RS
734885;28/11/2025;sexta-feira;09:00:00;MG;116;524,5;CARATINGA;Conversão proibida;Colisão transversal;Com Vítimas Feridas;Pleno dia;Decrescente;Nublado;Simples;Reta;Sim;2;0;1;0;1;0;1;2;-19,76718924;-42,13094741;SPRF-MG;DEL06-MG;UOP02-DEL06-MG
734887;28/11/2025;sexta-feira;11:45:00;ES;101;300,1;VIANA;Transitar no Acostamento;Colisão lateral sentido oposto;Com Vítimas Feridas;Pleno dia;Decrescente;Céu Claro;Dupla;Reta;Sim;3;0;1;0;1;1;1;3;-20,3585693;-40,43207693;SPRF-ES;DEL01-ES;UOP01-DEL01-ES
734888;28/11/2025;sexta-feira;12:10:00;TO;10;464,9;PALMAS;Acessar a via sem observar a presença dos outros veículos;Colisão transversal;Com Vítimas Feridas;Pleno dia;Crescente;Nublado;Múltipla;Reta;Sim;4;0;2;0;2;0;2;2;-10,234062;-48,305417;SPRF-TO;DEL01-TO;UOP03-DEL01-TO
734890;28/11/2025;sexta-feira;11:55:00;MT;70;383;CAMPO VERDE;Acessar a via sem observar a presença dos outros veículos;Colisão transversal;Com Vítimas Feridas;Pleno dia;Crescente;Nublado;Simples;Rotatória;Sim;2;0;0;1;1;0;1;2;-15,556762;-55,17131;SPRF-MT;DEL05-MT;UOP02-DEL05-MT
734891;28/11/2025;sexta-feira;12:20:00;PR;277;727,2;FOZ DO IGUACU;Condutor deixou de manter distância do veículo da frente;Colisão traseira;Com Vítimas Feridas;Pleno dia;Crescente;Céu Claro;Dupla;Reta;Sim;2;0;1;0;1;0;1;2;-25,51042534;-54,55737778;SPRF-PR;DEL05-PR;UOP03-DEL05-PR
734894;28/11/2025;sexta-feira;11:20:00;MA;135;23;SAO LUIS;Manobra de mudança de faixa;Colisão lateral mesmo sentido;Com Vítimas Feridas;Pleno dia;Decrescente;Céu Claro;Dupla;Reta;Sim;2;0;0;1;1;0;1;2;-2,54913;-44,3052;SPRF-MA;DEL01-MA;UOP01-DEL01-MA
734895;11/11/2025;terça-feira;07:20:00;PR;369;209;APUCARANA;Manobra de mudança de faixa;Colisão lateral mesmo sentido;Com Vítimas Feridas;Amanhecer;Crescente;Céu Claro;Dupla;"Interseção de Vias;Aclive;Curva";Não;2;0;1;0;1;0;1;2;-23,56584286;-51,505675;SPRF-PR;DEL07-PR;UOP03-DEL07-PR
734897;28/11/2025;sexta-feira;12:25:00;SC;470;81;RODEIO;Mal súbito do condutor;Saída de leito carroçável;Com Vítimas Feridas;Pleno dia;Crescente;Nublado;Simples;Reta;Não;1;0;0;1;0;0;1;1;-26,954739;-49,325832;SPRF-SC;DEL04-SC;UOP01-DEL04-SC
734898;28/11/2025;sexta-feira;13:00:00;MG;40;512;RIBEIRAO DAS NEVES;Ausência de reação do condutor;Colisão com objeto;Sem Vítimas;Pleno dia;Crescente;Céu Claro;Dupla;"Declive;Reta";Sim;1;0;0;0;1;0;0;1;-19,78748488;-44,11414146;SPRF-MG;DEL01-MG;UOP02-DEL01-MG
734901;28/11/2025;sexta-feira;12:00:00;MG;381;423;CAETE;Reação tardia ou ineficiente do condutor;Colisão traseira;Com Vítimas Feridas;Pleno dia;Crescente;Céu Claro;Simples;Reta;Não;3;0;1;0;1;1;1;2;-19,786218;-43,686302;SPRF-MG;DEL01-MG;UOP01-DEL01-MG
734902;12/11/2025;quarta-feira;12:00:00;ES;101;268;SERRA;Reação tardia ou ineficiente do condutor;Colisão traseira;Com Vítimas Feridas;Pleno dia;Crescente;Céu Claro;Dupla;Reta;Sim;2;0;1;0;1;0;1;2;-20,208733;-40,269764;SPRF-ES;DEL02-ES;UOP01-DEL02-ES
734903;28/11/2025;sexta-feira;12:10:00;RJ;40;122,2;DUQUE DE CAXIAS;Manobra de mudança de faixa;Colisão transversal;Com Vítimas Feridas;Pleno dia;Decrescente;Sol;Múltipla;Reta;Sim;2;0;1;0;1;0;1;2;-22,79310749;-43,28697715;SPRF-RJ;DEL01-RJ;UOP02-DEL01-RJ
734905;24/11/2025;segunda-feira;18:30:00;CE;116;510,1;BREJO SANTO;Velocidade Incompatível;Colisão transversal;Com Vítimas Feridas;Plena Noite;Decrescente;Céu Claro;Simples;Reta;Não;2;0;0;1;0;1;1;2;-7,549238;-39,01823;SPRF-CE;DEL05-CE;UOP03-DEL05-CE
734906;28/11/2025;sexta-feira;12:06:00;SC;280;276;IRINEOPOLIS;Acessar a via sem observar a presença dos outros veículos;Colisão transversal;Com Vítimas Feridas;Pleno dia;Crescente;Céu Claro;Simples;Reta;Não;3;0;1;0;0;2;1;2;-26,29154;-50,793;SPRF-SC;DEL06-SC;UOP04-DEL06-SC
734908;28/11/2025;sexta-feira;13:20:00;SC;101;207,5;SAO JOSE;Condutor deixou de manter distância do veículo da frente;Colisão lateral mesmo sentido;Com Vítimas Feridas;Pleno dia;Crescente;Nublado;Múltipla;Reta;Não;1;0;1;0;0;0;1;1;-27,6045228;-48,6323306;SPRF-SC;DEL01-SC;UOP01-DEL01-SC
734909;28/11/2025;sexta-feira;14:00:00;SC;101;209,4;SAO JOSE;Manobra de mudança de faixa;Colisão lateral mesmo sentido;Com Vítimas Feridas;Pleno dia;Decrescente;Nublado;Múltipla;Reta;Sim;2;0;1;0;1;0;1;2;-27,613404;-48,642085;SPRF-SC;DEL01-SC;UOP01-DEL01-SC
734911;20/11/2025;quinta-feira;19:30:00;MG;381;385,5;BARAO DE COCAIS;Reação tardia ou ineficiente do condutor;Tombamento;Com Vítimas Feridas;Plena Noite;Decrescente;Ignorado;Dupla;"Aclive;Reta";Não;2;0;1;1;0;0;2;1;-19,79105;-43,42856;SPRF-MG;DEL01-MG;UOP01-DEL01-MG
734912;28/11/2025;sexta-feira;14:00:00;PE;101;45;IGARASSU;Reação tardia ou ineficiente do condutor;Colisão traseira;Com Vítimas Feridas;Pleno dia;Crescente;Céu Claro;Múltipla;Reta;Sim;3;0;1;0;2;0;1;3;-7,870435;-34,906687;SPRF-PE;DEL01-PE;UOP02-DEL01-PE
734913;28/11/2025;sexta-feira;12:10:00;MG;116;262,1;TEOFILO OTONI;Ausência de reação do condutor;Colisão frontal;Com Vítimas Feridas;Pleno dia;Crescente;Nublado;Simples;"Declive;Curva;Em Obras";Não;2;0;1;1;0;0;2;2;-17,741175;-41,50058;SPRF-MG;DEL11-MG;UOP01-DEL11-MG
734915;28/11/2025;sexta-feira;14:30:00;RJ;393;281,3;VOLTA REDONDA;Reação tardia ou ineficiente do condutor;Colisão traseira;Com Vítimas Feridas;Pleno dia;Crescente;Céu Claro;Simples;Ponte;Sim;3;0;1;0;2;0;1;3;-22,47861666;-44,0630722;SPRF-RJ;DEL05-RJ;UOP04-DEL05-RJ
734917;28/11/2025;sexta-feira;13:45:00;RJ;116;147;DUQUE DE CAXIAS;Entrada inopinada do pedestre;Atropelamento de Pedestre;Com Vítimas Fatais;Pleno dia;Decrescente;Céu Claro;Dupla;Reta;Sim;2;1;1;0;0;0;1;2;-22,670185;-43,274067;SPRF-RJ;DEL01-RJ;UOP02-DEL01-RJ
734918;28/11/2025;sexta-feira;13:41:00;PI;343;305,4;ALTOS;Ausência de reação do condutor;Colisão lateral mesmo sentido;Com Vítimas Feridas;Pleno dia;Decrescente;Céu Claro;Simples;Reta;Sim;3;0;2;0;1;0;2;2;-5,036682;-42,446503;SPRF-PI;DEL01-PI;UOP01-DEL01-PI
734919;28/11/2025;sexta-feira;13:30:00;PE;408;94,8;RECIFE;Ausência de reação do condutor;Saída de leito carroçável;Com Vítimas Feridas;Pleno dia;Decrescente;Céu Claro;Dupla;Reta;Não;1;0;1;0;0;0;1;1;-8,05645;-34,99674;SPRF-PE;DEL01-PE;UOP01-DEL01-PE
734920;28/11/2025;sexta-feira;14:50:00;SP;101;45;UBATUBA;Transitar na contramão;Colisão frontal;Com Vítimas Feridas;Pleno dia;Crescente;Céu Claro;Simples;Reta;Sim;3;0;2;0;1;0;2;2;-23,42035732;-45,07025167;SPRF-SP;DEL06-SP;UOP01-DEL06-SP
734921;28/11/2025;sexta-feira;14:58:00;PE;428;192;PETROLINA;Trafegar com motocicleta (ou similar) entre as faixas;Colisão lateral mesmo sentido;Com Vítimas Feridas;Pleno dia;Crescente;Céu Claro;Múltipla;Reta;Sim;4;0;1;1;2;0;2;2;-9,3851535;-40,5213916;SPRF-PE;DEL06-PE;UOP01-DEL06-PE
734924;10/11/2025;segunda-feira;19:20:00;PB;104;119;CAMPINA GRANDE;Reação tardia ou ineficiente do condutor;Queda de ocupante de veículo;Com Vítimas Feridas;Plena Noite;Crescente;Céu Claro;Simples;"Aclive;Reta";Sim;1;0;1;0;0;0;1;1;-7,196627;-35,876183;SPRF-PB;DEL02-PB;UOP04-DEL02-PB
734925;28/11/2025;sexta-feira;12:50:00;MS;163;18,1;MUNDO NOVO;Ultrapassagem Indevida;Eventos atípicos;Com Vítimas Feridas;Pleno dia;Crescente;Sol;Simples;Reta;Sim;2;0;1;0;1;0;1;2;-23,940511;-54,280764;SPRF-MS;DEL09-MS;UOP02-DEL09-MS
734927;28/11/2025;sexta-feira;15:10:00;SC;101;120,3;ITAJAI;Ausência de reação do condutor;Tombamento;Com Vítimas Feridas;Pleno dia;Decrescente;Nublado;Múltipla;Reta;Não;1;0;0;1;0;0;1;1;-26,9217638;-48,70822906;SPRF-SC;DEL04-SC;UOP04-DEL04-SC
734928;28/11/2025;sexta-feira;14:10:00;CE;0;0;FORTALEZA;Condutor usando celular;Colisão traseira;Sem Vítimas;Pleno dia;Não Informado;Céu Claro;Dupla;Reta;Sim;2;0;0;0;2;0;0;2;-3,773197;-38,573673;SPRF-CE;DEL01-CE;UOP01-DEL01-CE
734929;28/11/2025;sexta-feira;15:05:00;PR;116;118;CURITIBA;Condutor deixou de manter distância do veículo da frente;Colisão traseira;Com Vítimas Feridas;Pleno dia;Crescente;Céu Claro;Dupla;Reta;Sim;3;0;2;0;1;0;2;2;-25,5645193;-49,3090451;SPRF-PR;DEL01-PR;UOP03-DEL01-PR
734931;28/11/2025;sexta-feira;14:30:00;SC;101;60,9;ARAQUARI;Avarias e/ou desgaste excessivo no pneu;Tombamento;Com Vítimas Feridas;Pleno dia;Decrescente;Céu Claro;Dupla;Curva;Não;1;0;0;1;0;0;1;1;-26,45309974;-48,78134839;SPRF-SC;DEL03-SC;UOP02-DEL03-SC
734932;28/11/2025;sexta-feira;14:37:00;PR;369;186;ARAPONGAS;Ausência de reação do condutor;Engavetamento;Com Vítimas Feridas;Pleno dia;Crescente;Céu Claro;Simples;Reta;Não;5;0;1;0;4;0;1;3;-23,41095672;-51,42803192;SPRF-PR;DEL07-PR;UOP03-DEL07-PR
734934;28/11/2025;sexta-feira;16:00:00;RS;468;127,1;TIRADENTES DO SUL;Ausência de reação do condutor;Saída de leito carroçável;Com Vítimas Feridas;Pleno dia;Decrescente;Céu Claro;Simples;Reta;Não;1;0;1;0;0;0;1;1;-27,376254;-54,108775;SPRF-RS;DEL08-RS;UOP02-DEL08-RS
734935;28/11/2025;sexta-feira;16:30:00;DF;20;17;BRASILIA;Condutor deixou de manter distância do veículo da frente;Colisão traseira;Com Vítimas Feridas;Pleno dia;Crescente;Céu Claro;Dupla;Reta;Não;4;0;2;0;2;0;2;2;-15,62479851;-47,72254229;SPRF-DF;DEL02-DF;UOP01-DEL02-DF
734936;28/11/2025;sexta-feira;15:30:00;SP;116;102,6;PINDAMONHANGABA;Reação tardia ou ineficiente do condutor;Colisão traseira;Com Vítimas Feridas;Pleno dia;Decrescente;Céu Claro;Dupla;Reta;Não;2;0;1;0;0;1;1;2;-22,98898399;-45,47929383;SPRF-SP;DEL08-SP;UOP01-DEL08-SP
734937;28/11/2025;sexta-feira;16:30:00;SC;101;212;PALHOCA;Condutor deixou de manter distância do veículo da frente;Colisão traseira;Com Vítimas Feridas;Pleno dia;Decrescente;Chuva;Múltipla;Reta;Sim;6;0;2;0;3;1;2;5;-27,62517;-48,65417;SPRF-SC;DEL01-SC;UOP02-DEL01-SC
734939;28/11/2025;sexta-feira;13:20:00;SC;101;206;SAO JOSE;Reação tardia ou ineficiente do condutor;Colisão traseira;Com Vítimas Feridas;Pleno dia;Decrescente;Céu Claro;Dupla;Reta;Sim;2;0;1;0;1;0;1;2;-27,59440441;-48,61889756;SPRF-SC;DEL01-SC;UOP01-DEL01-SC
734940;28/11/2025;sexta-feira;16:20:00;SP;153;1,8;ICEM;Demais falhas mecânicas ou elétricas;Incêndio;Sem Vítimas;Pleno dia;Crescente;Céu Claro;Simples;"Aclive;Reta";Não;1;0;0;0;1;0;0;1;-20,3144315;-49,210219;SPRF-SP;DEL09-SP;UOP01-DEL09-SP
734942;28/11/2025;sexta-feira;13:30:00;AC;364;52;PLACIDO DE CASTRO;Transitar na contramão;Colisão frontal;Com Vítimas Fatais;Pleno dia;Decrescente;Céu Claro;Simples;Aclive;Não;2;1;0;1;0;0;1;2;-10,0057057;-67,20199585;SPRF-AC;DEL01-AC;UOP01-DEL01-AC
734943;28/11/2025;sexta-feira;15:15:00;RS;470;158;NOVA PRATA;Acessar a via sem observar a presença dos outros veículos;Colisão transversal;Com Vítimas Feridas;Pleno dia;Crescente;Céu Claro;Simples;Interseção de Vias;Sim;2;0;1;0;1;0;1;2;-28,80172577;-51,60969693;SPRF-RS;DEL06-RS;UOP02-DEL06-RS
734944;28/11/2025;sexta-feira;14:30:00;PA;10;211;IPIXUNA DO PARA;Demais falhas mecânicas ou elétricas;Saída de leito carroçável;Com Vítimas Feridas;Pleno dia;Crescente;Céu Claro;Simples;"Reta;Aclive";Não;1;0;0;1;0;0;1;1;-2,584463;-47,489183;SPRF-PA;DEL02-PA;UOP01-DEL02-PA
734945;28/11/2025;sexta-feira;16:20:00;GO;60;111;GOIANAPOLIS;Acumulo de água sobre o pavimento;Saída de leito carroçável;Com Vítimas Feridas;Pleno dia;Crescente;Chuva;Dupla;Declive;Não;2;0;0;1;1;0;1;1;-16,449993;-49,045392;SPRF-GO;DEL01-GO;UOP01-DEL01-GO
734946;12/10/2025;domingo;01:22:00;PA;163;405;ITAITUBA;Ausência de reação do condutor;Saída de leito carroçável;Sem Vítimas;Plena Noite;Decrescente;Céu Claro;Simples;Curva;Não;1;0;0;0;0;1;0;1;-6,25776886;-55,60791906;SPRF-PA;DEL05-PA;UOP03-DEL05-PA
734947;28/11/2025;sexta-feira;15:40:00;PR;116;125;FAZENDA RIO GRANDE;Reação tardia ou ineficiente do condutor;Colisão lateral mesmo sentido;Com Vítimas Feridas;Pleno dia;Crescente;Nublado;Dupla;Reta;Não;3;0;1;0;2;0;1;2;-25,630978;-49,313603;SPRF-PR;DEL01-PR;UOP03-DEL01-PR
734949;28/11/2025;sexta-feira;16:25:00;PE;232;410;SERRA TALHADA;Ingestão de substâncias psicoativas pelo condutor;Tombamento;Com Vítimas Feridas;Pleno dia;Decrescente;Céu Claro;Simples;"Reta;Ponte";Sim;1;0;1;0;0;0;1;1;-7,98235;-38,302483;SPRF-PE;DEL04-PE;UOP01-DEL04-PE
734951;28/11/2025;sexta-feira;16:40:00;SP;116;166;JACAREI;Trafegar com motocicleta (ou similar) entre as faixas;Colisão traseira;Com Vítimas Feridas;Pleno dia;Crescente;Sol;Dupla;Reta;Não;2;0;1;0;1;0;1;2;-23,30027063;-46,01587247;SPRF-SP;DEL02-SP;UOP01-DEL02-SP
734952;28/11/2025;sexta-feira;17:20:00;MG;262;360;JUATUBA;Condutor deixou de manter distância do veículo da frente;Colisão traseira;Com Vítimas Feridas;Pleno dia;Decrescente;Céu Claro;Dupla;"Reta;Declive";Sim;2;0;1;0;1;0;1;2;-19,97127614;-44,28751795;SPRF-MG;DEL01-MG;UOP03-DEL01-MG
734953;28/11/2025;sexta-feira;16:40:00;RN;101;71;EXTREMOZ;Desrespeitar a preferência no cruzamento;Colisão transversal;Com Vítimas Feridas;Anoitecer;Crescente;Nublado;Simples;Interseção de Vias;Não;4;0;1;1;2;0;2;3;-5,69083341;-35,26313972;SPRF-RN;DEL02-RN;UOP01-DEL02-RN
734954;28/11/2025;sexta-feira;16:00:00;PE;101;80;JABOATAO DOS GUARARAPES;Manobra de mudança de faixa;Colisão lateral mesmo sentido;Com Vítimas Feridas;Anoitecer;Crescente;Céu Claro;Múltipla;Reta;Sim;3;0;1;0;2;0;1;2;-8,154762;-34,942235;SPRF-PE;DEL01-PE;UOP01-DEL01-PE
734956;24/11/2025;segunda-feira;22:20:00;MA;135;7;SAO LUIS;Reação tardia ou ineficiente do condutor;Colisão traseira;Com Vítimas Feridas;Plena Noite;Crescente;Céu Claro;Dupla;Reta;Sim;3;0;1;0;2;0;1;2;-2,6374509;-44,26919371;SPRF-MA;DEL01-MA;UOP01-DEL01-MA
734958;28/11/2025;sexta-feira;17:30:00;MA;135;97,1;ITAPECURU MIRIM;Acessar a via sem observar a presença dos outros veículos;Colisão transversal;Com Vítimas Feridas;Pleno dia;Decrescente;Céu Claro;Simples;Reta;Não;4;0;4;0;0;0;4;2;-3,2866304;-44,4137472;SPRF-MA;DEL01-MA;UOP02-DEL01-MA
734959;28/11/2025;sexta-feira;17:40:00;MG;381;445,8;SABARA;Transitar no Acostamento;Atropelamento de Pedestre;Com Vítimas Feridas;Pleno dia;Crescente;Céu Claro;Simples;"Declive;Curva";Sim;3;0;1;1;0;1;2;2;-19,83895;-43,860992;SPRF-MG;DEL01-MG;UOP01-DEL01-MG
734962;28/11/2025;sexta-feira;17:20:00;RS;287;260,2;SANTA MARIA;Demais falhas mecânicas ou elétricas;Incêndio;Sem Vítimas;Pleno dia;Crescente;Sol;Simples;Reta;Não;1;0;0;0;1;0;0;1;-29,67465828;-53,9714849;SPRF-RS;DEL09-RS;UOP01-DEL09-RS
734963;28/11/2025;sexta-feira;17:40:00;MG;116;415,6;GOVERNADOR VALADARES;Acumulo de óleo sobre o pavimento;Queda de ocupante de veículo;Com Vítimas Feridas;Anoitecer;Crescente;Céu Claro;Simples;Reta;Sim;1;0;1;0;0;0;1;1;-18,8944332;-41,9479258;SPRF-MG;DEL06-MG;UOP01-DEL06-MG
734965;28/11/2025;sexta-feira;18:13:00;DF;40;5;BRASILIA;Condutor deixou de manter distância do veículo da frente;Colisão traseira;Com Vítimas Feridas;Anoitecer;Crescente;Chuva;Dupla;Reta;Sim;3;0;2;0;1;0;2;2;-16,023407;-47,980165;SPRF-DF;DEL01-DF;UOP01-DEL01-DF
734966;28/11/2025;sexta-feira;17:25:00;SC;101;149,3;ITAPEMA;Reação tardia ou ineficiente do condutor;Tombamento;Com Vítimas Feridas;Pleno dia;Decrescente;Garoa/Chuvisco;Dupla;"Aclive;Reta";Não;1;0;1;0;0;0;1;1;-27,10520689;-48,61553192;SPRF-SC;DEL04-SC;UOP03-DEL04-SC
734969;28/11/2025;sexta-feira;18:20:00;SP;116;562;BARRA DO TURVO;Ausência de reação do condutor;Saída de leito carroçável;Com Vítimas Feridas;Anoitecer;Crescente;Céu Claro;Dupla;Reta;Não;4;0;2;0;2;0;2;1;-25,02602503;-48,52153122;SPRF-SP;DEL05-SP;UOP02-DEL05-SP
734970;28/11/2025;sexta-feira;16:20:00;SC;101;210,5;SAO JOSE;Chuva;Colisão lateral mesmo sentido;Com Vítimas Feridas;Pleno dia;Decrescente;Chuva;Múltipla;Reta;Sim;2;0;1;0;1;0;1;2;-27,61445178;-48,64332899;SPRF-SC;DEL01-SC;UOP01-DEL01-SC
734973;28/11/2025;sexta-feira;16:30:00;SC;470;168,4;POUSO REDONDO;Ausência de reação do condutor;Colisão traseira;Com Vítimas Feridas;Pleno dia;Decrescente;Chuva;Simples;"Reta;Declive";Não;3;0;1;0;2;0;1;2;-27,268591;-49,865045;SPRF-SC;DEL04-SC;UOP02-DEL04-SC
734975;28/11/2025;sexta-feira;17:50:00;RS;392;66;PELOTAS;Acessar a via sem observar a presença dos outros veículos;Colisão transversal;Com Vítimas Feridas;Pleno dia;Crescente;Céu Claro;Dupla;Interseção de Vias;Sim;2;0;1;0;1;0;1;2;-31,75656735;-52,39988661;SPRF-RS;DEL07-RS;UOP01-DEL07-RS
734976;28/11/2025;sexta-feira;14:00:00;AL;104;25,6;UNIAO DOS PALMARES;Condutor Dormindo;Colisão frontal;Com Vítimas Feridas;Pleno dia;Decrescente;Céu Claro;Simples;Reta;Não;3;0;0;2;1;0;2;2;-9,09462228;-36,05303971;SPRF-AL;DEL01-AL;UOP02-DEL01-AL
734978;28/11/2025;sexta-feira;10:30:00;RJ;40;108;DUQUE DE CAXIAS;Condutor usando celular;Colisão lateral mesmo sentido;Com Vítimas Feridas;Pleno dia;Decrescente;Céu Claro;Dupla;Reta;Sim;3;0;1;0;2;0;1;2;-22,66349655;-43,28465257;SPRF-RJ;DEL01-RJ;UOP02-DEL01-RJ
734979;28/11/2025;sexta-feira;17:50:00;PR;116;12,5;COLOMBO;Reação tardia ou ineficiente do condutor;Tombamento;Com Vítimas Feridas;Plena Noite;Decrescente;Céu Claro;Dupla;"Aclive;Reta";Sim;1;0;1;0;0;0;1;1;-25,37649146;-49,1512963;SPRF-PR;DEL01-PR;UOP02-DEL01-PR
734980;28/11/2025;sexta-feira;18:20:00;PR;369;185;ARAPONGAS;Condutor deixou de manter distância do veículo da frente;Colisão traseira;Com Vítimas Feridas;Plena Noite;Crescente;Céu Claro;Múltipla;Reta;Sim;2;0;1;1;0;0;2;2;-23,3892;-51,4215;SPRF-PR;DEL07-PR;UOP03-DEL07-PR
734982;28/11/2025;sexta-feira;17:55:00;MT;163;835;SINOP;Animais na Pista;Colisão traseira;Com Vítimas Feridas;Anoitecer;Crescente;Nublado;Dupla;Reta;Sim;2;0;1;0;1;0;1;2;-11,86131001;-55,49516201;SPRF-MT;DEL06-MT;UOP02-DEL06-MT
734984;28/11/2025;sexta-feira;18:29:00;ES;101;284,1;CARIACICA;Trafegar com motocicleta (ou similar) entre as faixas;Colisão lateral mesmo sentido;Com Vítimas Feridas;Plena Noite;Crescente;Céu Claro;Dupla;Reta;Não;2;0;0;1;1;0;1;2;-20,243704;-40,369835;SPRF-ES;DEL01-ES;UOP01-DEL01-ES
734988;28/11/2025;sexta-feira;15:00:00;MA;402;12;ROSARIO;Reação tardia ou ineficiente do condutor;Colisão traseira;Com Vítimas Feridas;Pleno dia;Crescente;Céu Claro;Simples;Reta;Sim;6;0;1;0;5;0;1;2;-2,94932081;-44,2229417;SPRF-MA;DEL01-MA;UOP01-DEL01-MA
734989;28/11/2025;sexta-feira;17:10:00;MG;116;416,9;GOVERNADOR VALADARES;Transitar no Acostamento;Colisão transversal;Com Vítimas Feridas;Anoitecer;Decrescente;Céu Claro;Simples;Interseção de Vias;Não;2;0;0;1;1;0;1;2;-18,90503212;-41,94266439;SPRF-MG;DEL06-MG;UOP01-DEL06-MG
734990;28/11/2025;sexta-feira;19:00:00;PR;277;79;CURITIBA;Ausência de reação do condutor;Colisão traseira;Com Vítimas Feridas;Plena Noite;Crescente;Chuva;Dupla;"Aclive;Reta";Sim;2;0;1;0;1;0;1;2;-25,479;-49,201;SPRF-PR;DEL01-PR;UOP07-DEL01-PR
734991;28/11/2025;sexta-feira;17:20:00;MG;365;66,2;CLARO DOS POCOES;Reação tardia ou ineficiente do condutor;Saída de leito carroçável;Com Vítimas Feridas;Pleno dia;Decrescente;Chuva;Simples;Reta;Não;4;0;1;0;3;0;1;1;-17,04887701;-44,32704498;SPRF-MG;DEL12-MG;UOP01-DEL12-MG
734992;28/11/2025;sexta-feira;18:35:00;MG;40;507;RIBEIRAO DAS NEVES;Demais falhas mecânicas ou elétricas;Tombamento;Com Vítimas Feridas;Plena Noite;Crescente;Céu Claro;Dupla;"Reta;Declive";Sim;2;0;2;0;0;0;2;1;-19,75412;-44,14186;SPRF-MG;DEL02-MG;UOP01-DEL02-MG
734993;28/11/2025;sexta-feira;11:04:00;SP;116;231;SAO PAULO;Trafegar com motocicleta (ou similar) entre as faixas;Colisão lateral mesmo sentido;Com Vítimas Feridas;Pleno dia;Crescente;Céu Claro;Múltipla;Reta;Sim;2;0;1;0;1;0;1;2;-23,52186639;-46,58537555;SPRF-SP;DEL01-SP;UOP01-DEL01-SP
734994;28/11/2025;sexta-feira;17:40:00;PE;423;121;PARANATAMA;Transitar na contramão;Colisão frontal;Com Vítimas Feridas;Anoitecer;Decrescente;Céu Claro;Simples;Reta;Sim;2;0;0;1;1;0;1;2;-8,918095;-36,709548;SPRF-PE;DEL03-PE;UOP01-DEL03-PE
734996;28/11/2025;sexta-feira;20:00:00;SC;101;130;CAMBORIU;Desrespeitar a preferência no cruzamento;Colisão transversal;Com Vítimas Feridas;Plena Noite;Crescente;Nublado;Simples;"Interseção de Vias;Reta";Sim;2;0;1;0;1;0;1;2;-26,98622092;-48,66698742;SPRF-SC;DEL04-SC;UOP03-DEL04-SC
734997;28/11/2025;sexta-feira;14:47:00;SP;116;39,8;CACHOEIRA PAULISTA;Ausência de sinalização;Engavetamento;Sem Vítimas;Pleno dia;Decrescente;Céu Claro;Dupla;"Reta;Em Obras";Sim;3;0;0;0;0;3;0;3;-22,67962546;-45,00516951;SPRF-SP;DEL08-SP;UOP02-DEL08-SP