id;data_inversa;dia_semana;horario;uf;br;km;municipio;causa_acidente;tipo_acidente;classificacao_acidente;fase_dia;sentido_via;condicao_metereologica;tipo_pista;tracado_via;uso_solo;pessoas;mortos;feridos_leves;feridos_graves;ilesos;ignorados;feridos;veiculos;latitude;longitude;regional;delegacia;uop
735120;29/11/2025;sábado;07:45:00;MG;381;480;CONTAGEM;Ausência de reação do condutor;Tombamento;Com Vítimas Feridas;Pleno dia;Crescente;Céu Claro;Dupla;"Aclive;Reta";Sim;1;0;1;0;0;0;1;1;-19,96342871;-44,0481393;SPRF-MG;DEL01-MG;UOP03-DEL01-MG
735121;29/11/2025;sábado;08:10:00;SP;116;104,4;PINDAMONHANGABA;Trafegar com motocicleta (ou similar) entre as faixas;Colisão traseira;Com Vítimas Feridas;Pleno dia;Decrescente;Céu Claro;Dupla;"Reta;Declive";Não;2;0;1;0;1;0;1;2;-22,9933209;-45,48608065;SPRF-SP;DEL02-SP;UOP02-DEL02-SP
735124;29/11/2025;sábado;07:46:00;RJ;116;184;NOVA IGUACU;Manobra de mudança de faixa;Colisão lateral mesmo sentido;Com Vítimas Feridas;Pleno dia;Crescente;Céu Claro;Dupla;Reta;Sim;2;0;1;0;1;0;1;2;-22,73971674;-43,46481334;SPRF-RJ;DEL06-RJ;UOP01-DEL06-RJ
735125;29/11/2025;sábado;09:20:00;MG;381;360;JOAO MONLEVADE;Curva acentuada;Queda de ocupante de veículo;Com Vítimas Feridas;Pleno dia;Decrescente;Céu Claro;Simples;Curva;Não;1;0;1;0;0;0;1;1;-19,8294185;-43,1771283;SPRF-MG;DEL03-MG;UOP01-DEL03-MG
735126;29/11/2025;sábado;09:30:00;SC;101;143;ITAPEMA;Manobra de mudança de faixa;Colisão lateral mesmo sentido;Com Vítimas Feridas;Pleno dia;Decrescente;Céu Claro;Dupla;Reta;Não;2;0;1;0;0;1;1;2;-27,06568626;-48,59538054;SPRF-SC;DEL04-SC;UOP03-DEL04-SC
735128;29/11/2025;sábado;08:30:00;MS;163;485;CAMPO GRANDE;Ausência de reação do condutor;Saída de leito carroçável;Sem Vítimas;Amanhecer;Decrescente;Céu Claro;Simples;Reta;Sim;1;0;0;0;0;1;0;1;-20,458027;-54,547048;SPRF-MS;DEL01-MS;UOP02-DEL01-MS
735129;29/11/2025;sábado;05:22:00;MG;459;15,1;CALDAS;Ausência de reação do condutor;Saída de leito carroçável;Com Vítimas Feridas;Amanhecer;Crescente;Céu Claro;Simples;Reta;Sim;2;0;0;1;0;1;1;1;-21,8289384;-46,449313;SPRF-MG;DEL09-MG;UOP01-DEL09-MG
735131;29/11/2025;sábado;10:00:00;ES;101;268;SERRA;Avarias e/ou desgaste excessivo no pneu;Tombamento;Com Vítimas Feridas;Pleno dia;Crescente;Céu Claro;Múltipla;Reta;Sim;2;0;2;0;0;0;2;1;-20,215477;-40,26965;SPRF-ES;DEL02-ES;UOP01-DEL02-ES
735132;29/11/2025;sábado;09:20:00;PR;163;238,6;CASCAVEL;Manobra de mudança de faixa;Colisão lateral mesmo sentido;Sem Vítimas;Pleno dia;Crescente;Céu Claro;Dupla;Reta;Não;2;0;0;0;1;1;0;2;-24,815431;-53,660983;SPRF-PR;DEL04-PR;UOP01-DEL04-PR
735133;29/11/2025;sábado;09:00:00;PR;116;115;CURITIBA;Acessar a via sem observar a presença dos outros veículos;Colisão transversal;Com Vítimas Feridas;Pleno dia;Decrescente;Sol;Dupla;Reta;Sim;3;0;1;0;2;0;1;3;-25,547497;-49,304312;SPRF-PR;DEL01-PR;UOP03-DEL01-PR
735135;28/11/2025;sexta-feira;06:30:00;RJ;116;142;MAGE;Animais na Pista;Atropelamento de Animal;Com Vítimas Feridas;Pleno dia;Crescente;Céu Claro;Múltipla;"Reta;Aclive";Sim;2;0;1;0;1;0;1;1;-22,64644613;-43,20045879;SPRF-RJ;DEL01-RJ;UOP02-DEL01-RJ
735136;16/10/2025;quinta-feira;08:11:00;PR;277;729;FOZ DO IGUACU;Reação tardia ou ineficiente do condutor;Colisão com objeto;Sem Vítimas;Pleno dia;Crescente;Céu Claro;Simples;Curva;Sim;2;0;0;0;2;0;0;1;-25,505884;-54,589158;SPRF-PR;DEL05-PR;UOP03-DEL05-PR
735138;29/11/2025;sábado;10:25:00;SC;101;207;SAO JOSE;Condutor deixou de manter distância do veículo da frente;Colisão traseira;Com Vítimas Feridas;Pleno dia;Crescente;Céu Claro;Múltipla;Reta;Sim;2;0;1;0;1;0;1;2;-27,60215123;-48,62865798;SPRF-SC;DEL01-SC;UOP01-DEL01-SC
735139;29/11/2025;sábado;09:10:00;RS;386;36,1;FREDERICO WESTPHALEN;Acessar a via sem observar a presença dos outros veículos;Colisão transversal;Com Vítimas Feridas;Pleno dia;Crescente;Céu Claro;Simples;"Reta;Declive";Sim;3;0;2;0;1;0;2;2;-27,37640196;-53,39815585;SPRF-RS;DEL08-RS;UOP02-DEL08-RS
735140;01/10/2025;quarta-feira;18:30:00;MG;116;524,8;CARATINGA;Reação tardia ou ineficiente do condutor;Colisão frontal;Com Vítimas Feridas;Anoitecer;Crescente;Céu Claro;Simples;Reta;Sim;2;0;0;1;1;0;1;2;-19,7640664;-42,1320849;SPRF-MG;DEL06-MG;UOP02-DEL06-MG
735142;29/11/2025;sábado;10:15:00;SC;282;5,4;SAO JOSE;Manobra de mudança de faixa;Colisão lateral mesmo sentido;Com Vítimas Feridas;Pleno dia;Crescente;Céu Claro;Dupla;Curva;Sim;3;0;2;0;1;0;2;2;-27,58374878;-48,61614196;SPRF-SC;DEL01-SC;UOP01-DEL01-SC
735144;29/11/2025;sábado;10:40:00;RJ;116;185;NOVA IGUACU;Condutor deixou de manter distância do veículo da frente;Colisão lateral mesmo sentido;Com Vítimas Feridas;Pleno dia;Crescente;Céu Claro;Dupla;Reta;Sim;1;0;1;0;0;0;1;1;-22,74544284;-43,50301623;SPRF-RJ;DEL06-RJ;UOP01-DEL06-RJ
735145;29/11/2025;sábado;06:50:00;RN;406;170;SAO GONCALO DO AMARANTE;Trafegar com motocicleta (ou similar) entre as faixas;Colisão lateral sentido oposto;Com Vítimas Feridas;Pleno dia;Crescente;Céu Claro;Dupla;Reta;Sim;4;0;1;0;3;0;1;2;-5,75883576;-35,2990066;SPRF-RN;DEL02-RN;UOP01-DEL02-RN
735146;29/11/2025;sábado;08:30:00;RJ;101;387;RIO DE JANEIRO;Ausência de reação do condutor;Capotamento;Com Vítimas Feridas;Pleno dia;Crescente;Céu Claro;Múltipla;Reta;Sim;2;0;2;0;0;0;2;1;-22,88319783;-43,64188878;SPRF-RJ;DEL03-RJ;UOP01-DEL03-RJ
735148;29/11/2025;sábado;11:30:00;TO;153;500;PARAISO DO TOCANTINS;Acessar a via sem observar a presença dos outros veículos;Colisão transversal;Com Vítimas Feridas;Pleno dia;Crescente;Céu Claro;Simples;"Reta;Declive";Sim;6;0;3;0;3;0;3;2;-10,21138511;-48,87427926;SPRF-TO;DEL01-TO;UOP01-DEL01-TO
735149;29/11/2025;sábado;11:30:00;RS;153;412;CACHOEIRA DO SUL;Transitar no Acostamento;Colisão transversal;Com Vítimas Feridas;Pleno dia;Decrescente;Sol;Simples;"Interseção de Vias;Reta;Em Obras";Não;3;0;0;1;2;0;1;2;-30,06382417;-52,89392201;SPRF-RS;DEL02-RS;UOP03-DEL02-RS
735150;29/11/2025;sábado;10:00:00;PR;476;293;SAO MATEUS DO SUL;Transitar na contramão;Colisão frontal;Com Vítimas Feridas;Pleno dia;Crescente;Céu Claro;Simples;Reta;Não;3;0;3;0;0;0;3;2;-25,9295263;-50,46256542;SPRF-PR;DEL02-PR;UOP03-DEL02-PR
735151;29/11/2025;sábado;10:45:00;PR;163;93,2;CAPANEMA;Mal súbito do condutor;Saída de leito carroçável;Com Vítimas Fatais;Pleno dia;Crescente;Céu Claro;Simples;Curva;Não;1;1;0;0;0;0;0;1;-25,63824853;-53,80631154;SPRF-PR;DEL02-PR;UOP02-DEL02-PR
735153;29/11/2025;sábado;12:00:00;MG;262;80;MATIPO;Velocidade Incompatível;Saída de leito carroçável;Com Vítimas Feridas;Pleno dia;Decrescente;Céu Claro;Simples;Reta;Não;2;0;0;2;0;0;2;1;-20,333813;-42,387325;SPRF-MG;DEL03-MG;UOP03-DEL03-MG
735156;29/11/2025;sábado;12:00:00;RS;290;92;PORTO ALEGRE;Velocidade Incompatível;Colisão com objeto;Com Vítimas Feridas;Pleno dia;Crescente;Céu Claro;Simples;Curva;Não;1;0;1;0;0;0;1;1;-29,97265097;-51,17754257;SPRF-RS;DEL01-RS;UOP01-DEL01-RS
735157;29/11/2025;sábado;12:00:00;SC;470;114;IBIRAMA;Ultrapassagem Indevida;Atropelamento de Pedestre;Com Vítimas Feridas;Pleno dia;Crescente;Céu Claro;Simples;"Reta;Declive";Sim;3;0;0;1;1;1;1;2;-27,08114;-49,484486;SPRF-SC;DEL04-SC;UOP02-DEL04-SC
735158;25/10/2025;sábado;20:23:00;PA;163;272;NOVO PROGRESSO;Reação tardia ou ineficiente do condutor;Saída de leito carroçável;Sem Vítimas;Plena Noite;Decrescente;Céu Claro;Simples;"Reta;Declive";Não;1;0;0;0;0;1;0;1;-7,3375;-55,3013;SPRF-PA;DEL05-PA;UOP03-DEL05-PA
735160;29/11/2025;sábado;10:05:00;SC;280;12,7;SAO FRANCISCO DO SUL;Condutor deixou de manter distância do veículo da frente;Colisão traseira;Com Vítimas Feridas;Pleno dia;Decrescente;Céu Claro;Simples;Reta;Não;2;0;1;0;1;0;1;2;-26,318919;-48,646733;SPRF-SC;DEL03-SC;UOP03-DEL03-SC
735161;29/11/2025;sábado;06:30:00;MT;158;640;NOVA XAVANTINA;Acessar a via sem observar a presença dos outros veículos;Colisão transversal;Com Vítimas Feridas;Pleno dia;Crescente;Céu Claro;Simples;Interseção de Vias;Não;4;0;4;0;0;0;4;2;-14,606189;-52,358885;SPRF-MT;DEL07-MT;UOP02-DEL07-MT
735162;29/11/2025;sábado;10:05:00;RJ;116;143;DUQUE DE CAXIAS;Demais falhas mecânicas ou elétricas;Queda de ocupante de veículo;Com Vítimas Feridas;Pleno dia;Decrescente;Céu Claro;Múltipla;Reta;Não;2;0;1;1;0;0;2;1;-22,65392;-43,241683;SPRF-RJ;DEL01-RJ;UOP02-DEL01-RJ
735163;29/11/2025;sábado;10:00:00;BA;101;808;ITAMARAJU;Ausência de reação do condutor;Colisão traseira;Sem Vítimas;Pleno dia;Crescente;Céu Claro;Simples;"Interseção de Vias;Curva";Sim;3;0;0;0;3;0;0;2;-17,026732;-39,540389;SPRF-BA;DEL09-BA;UOP01-DEL09-BA
735164;29/11/2025;sábado;12:00:00;SC;101;110,6;NAVEGANTES;Condutor deixou de manter distância do veículo da frente;Colisão lateral mesmo sentido;Com Vítimas Feridas;Pleno dia;Crescente;Céu Claro;Múltipla;Curva;Não;2;0;0;1;1;0;1;2;-26,83604245;-48,71078102;SPRF-SC;DEL04-SC;UOP04-DEL04-SC
735165;29/11/2025;sábado;08:45:00;MG;381;647,4;SANTO ANTONIO DO AMPARO;Reação tardia ou ineficiente do condutor;Saída de leito carroçável;Com Vítimas Feridas;Pleno dia;Crescente;Nublado;Dupla;Reta;Não;2;0;2;0;0;0;2;1;-20,951358;-44,890614;SPRF-MG;DEL04-MG;UOP02-DEL04-MG
735166;29/11/2025;sábado;09:00:00;SC;101;435,5;SOMBRIO;Desrespeitar a preferência no cruzamento;Colisão transversal;Com Vítimas Feridas;Pleno dia;Crescente;Céu Claro;Múltipla;Interseção de Vias;Sim;3;0;1;0;2;0;1;2;-29,11084576;-49,63858193;SPRF-SC;DEL02-SC;UOP02-DEL02-SC
735168;29/11/2025;sábado;11:30:00;MG;381;255;CORONEL FABRICIANO;Condutor deixou de manter distância do veículo da frente;Engavetamento;Com Vítimas Feridas;Pleno dia;Crescente;Céu Claro;Simples;Reta;Não;5;0;1;0;4;0;1;3;-19,53253;-42,58547;SPRF-MG;DEL03-MG;UOP01-DEL03-MG
735169;29/11/2025;sábado;12:15:00;GO;50;98,3;CRISTALINA;Transitar na contramão;Colisão transversal;Com Vítimas Feridas;Pleno dia;Decrescente;Céu Claro;Dupla;Reta;Sim;2;0;0;1;1;0;1;2;-16,7720851;-47,62055934;SPRF-DF;DEL01-DF;UOP02-DEL01-DF
735170;29/11/2025;sábado;11:20:00;RO;364;705;PORTO VELHO;Manobra de mudança de faixa;Colisão lateral mesmo sentido;Com Vítimas Feridas;Pleno dia;Crescente;Sol;Dupla;Reta;Sim;3;0;1;1;0;1;2;3;-8,80028212;-63,81775155;SPRF-RO;DEL01-RO;UOP01-DEL01-RO
735171;29/11/2025;sábado;12:15:00;SP;381;53;MAIRIPORA;Condutor deixou de manter distância do veículo da frente;Colisão traseira;Com Vítimas Feridas;Pleno dia;Decrescente;Céu Claro;Dupla;"Reta;Declive";Sim;2;0;1;0;1;0;1;2;-23,24688445;-46,59348361;SPRF-SP;DEL03-SP;UOP01-DEL03-SP
735172;29/11/2025;sábado;12:05:00;RS;153;47,8;ERECHIM;Retorno proibido;Colisão transversal;Com Vítimas Feridas;Pleno dia;Crescente;Sol;Simples;"Reta;Interseção de Vias";Sim;2;0;1;0;1;0;1;2;-27,64573591;-52,25065474;SPRF-RS;DEL08-RS;UOP04-DEL08-RS
735173;29/11/2025;sábado;12:30:00;PR;277;84;CURITIBA;Trafegar com motocicleta (ou similar) entre as faixas;Colisão lateral mesmo sentido;Com Vítimas Feridas;Pleno dia;Decrescente;Sol;Dupla;"Interseção de Vias;Reta;Viaduto;Aclive";Sim;3;0;1;0;2;0;1;3;-25,44381186;-49,23526922;SPRF-PR;DEL01-PR;UOP03-DEL01-PR
735174;29/11/2025;sábado;12:10:00;SP;116;369;MIRACATU;Afundamento ou ondulação no pavimento;Queda de ocupante de veículo;Com Vítimas Feridas;Pleno dia;Decrescente;Céu Claro;Dupla;Reta;Sim;1;0;1;0;0;0;1;1;-24,15113564;-47,3160999;SPRF-SP;DEL04-SP;UOP02-DEL04-SP
735175;29/11/2025;sábado;12:40:00;ES;101;241;SERRA;Frear bruscamente;Colisão com objeto;Com Vítimas Feridas;Pleno dia;Crescente;Céu Claro;Simples;Reta;Não;2;0;1;0;1;0;1;1;-20,03502428;-40,39516926;SPRF-ES;DEL02-ES;UOP01-DEL02-ES
735176;15/10/2025;quarta-feira;19:00:00;PE;407;128;PETROLINA;Transitar na contramão;Colisão frontal;Com Vítimas Feridas;Plena Noite;Crescente;Céu Claro;Simples;Reta;Sim;2;0;1;0;1;0;1;2;-9,39391;-40,511038;SPRF-PE;DEL06-PE;UOP01-DEL06-PE
735177;29/11/2025;sábado;10:45:00;PR;469;13;FOZ DO IGUACU;Acessar a via sem observar a presença dos outros veículos;Colisão transversal;Com Vítimas Feridas;Pleno dia;Crescente;Céu Claro;Simples;Reta;Sim;3;0;0;1;2;0;1;3;-25,57689826;-54,54452276;SPRF-PR;DEL05-PR;UOP04-DEL05-PR
735178;29/11/2025;sábado;13:15:00;RJ;116;182;NOVA IGUACU;Acessar a via sem observar a presença dos outros veículos;Colisão lateral mesmo sentido;Com Vítimas Feridas;Pleno dia;Decrescente;Céu Claro;Simples;Reta;Não;2;0;1;0;1;0;1;2;-22,75454545;-43,43577325;SPRF-RJ;DEL06-RJ;UOP01-DEL06-RJ
735179;29/11/2025;sábado;08:00:00;MS;376;19,7;FATIMA DO SUL;Acesso irregular;Colisão transversal;Com Vítimas Feridas;Pleno dia;Crescente;Céu Claro;Simples;Reta;Não;3;0;2;0;0;1;2;3;-22,332373;-54,570058;SPRF-MS;DEL04-MS;UOP01-DEL04-MS
735180;29/11/2025;sábado;13:00:00;PE;101;94,1;CABO DE SANTO AGOSTINHO;Manobra de mudança de faixa;Colisão lateral mesmo sentido;Sem Vítimas;Pleno dia;Crescente;Sol;Dupla;Reta;Sim;2;0;0;0;1;1;0;2;-8,2453;-35,00564;SPRF-PE;DEL01-PE;UOP03-DEL01-PE
735181;17/11/2025;segunda-feira;16:48:00;PR;277;719;SANTA TEREZINHA DE ITAIPU;Manobra de mudança de faixa;Colisão traseira;Com Vítimas Feridas;Pleno dia;Crescente;Céu Claro;Dupla;"Reta;Declive";Não;3;0;0;2;1;0;2;2;-25,47885342;-54,48235687;SPRF-PR;DEL05-PR;UOP03-DEL05-PR
735182;29/11/2025;sábado;13:30:00;MG;116;731,2;LARANJAL;Avarias e/ou desgaste excessivo no pneu;Tombamento;Com Vítimas Feridas;Pleno dia;Decrescente;Sol;Simples;Curva;Não;2;0;2;0;0;0;2;1;-21,32609986;-42,45258393;SPRF-MG;DEL07-MG;UOP02-DEL07-MG
735186;29/11/2025;sábado;13:00:00;MG;40;511;RIBEIRAO DAS NEVES;Ingestão de álcool pelo condutor;Colisão traseira;Sem Vítimas;Pleno dia;Decrescente;Céu Claro;Dupla;"Aclive;Curva";Não;4;0;0;0;3;1;0;2;-19,787955;-44,113778;SPRF-MG;DEL01-MG;UOP02-DEL01-MG
735188;29/11/2025;sábado;09:45:00;MG;354;754,8;ITAMONTE;Conversão proibida;Colisão transversal;Com Vítimas Feridas;Pleno dia;Crescente;Sol;Simples;Curva;Sim;2;0;1;0;1;0;1;2;-22,29061631;-44,86588866;SPRF-MG;DEL17-MG;UOP01-DEL17-MG
735189;29/11/2025;sábado;13:35:00;PR;158;506,8;CORONEL VIVIDA;Reação tardia ou ineficiente do condutor;Saída de leito carroçável;Sem Vítimas;Pleno dia;Crescente;Céu Claro;Simples;Curva;Não;1;0;0;0;1;0;0;1;-26,01473106;-52,56953113;SPRF-PR;DEL02-PR;UOP01-DEL02-PR
735191;29/11/2025;sábado;14:30:00;RS;290;91;PORTO ALEGRE;Frear bruscamente;Colisão traseira;Com Vítimas Feridas;Pleno dia;Decrescente;Céu Claro;Dupla;Reta;Sim;3;0;1;0;2;0;1;2;-29,97109331;-51,17270557;SPRF-RS;DEL01-RS;UOP01-DEL01-RS
735193;29/11/2025;sábado;12:00:00;ES;101;264,5;SERRA;Condutor desrespeitou a iluminação vermelha do semáforo;Colisão transversal;Com Vítimas Feridas;Pleno dia;Decrescente;Céu Claro;Múltipla;Interseção de Vias;Sim;3;0;1;0;1;1;1;2;-20,17856647;-40,26523501;SPRF-ES;DEL02-ES;UOP01-DEL02-ES
735195;29/11/2025;sábado;14:25:00;BA;101;719;EUNAPOLIS;Reação tardia ou ineficiente do condutor;Colisão com objeto;Com Vítimas Feridas;Pleno dia;Crescente;Céu Claro;Simples;"Reta;Declive";Sim;1;0;1;0;0;0;1;1;-16,38602617;-39,58631516;SPRF-BA;DEL09-BA;UOP01-DEL09-BA
735196;29/11/2025;sábado;14:45:00;PB;230;27,8;JOAO PESSOA;Condutor deixou de manter distância do veículo da frente;Colisão traseira;Com Vítimas Feridas;Pleno dia;Crescente;Céu Claro;Dupla;Reta;Sim;3;0;2;0;0;1;2;2;-7,16485731;-34,89972264;SPRF-PB;DEL01-PB;UOP01-DEL01-PB
735197;29/11/2025;sábado;14:33:00;MG;40;510,9;RIBEIRAO DAS NEVES;Ausência de reação do condutor;Colisão traseira;Com Vítimas Feridas;Pleno dia;Crescente;Céu Claro;Dupla;Reta;Sim;2;0;1;0;1;0;1;2;-19,781123;-44,117967;SPRF-MG;DEL01-MG;UOP02-DEL01-MG
735198;29/11/2025;sábado;12:30:00;PB;230;17;JOAO PESSOA;Ausência de reação do condutor;Colisão lateral mesmo sentido;Com Vítimas Feridas;Pleno dia;Decrescente;Céu Claro;Dupla;Reta;Sim;3;0;1;0;1;1;1;2;-7,116564;-34,842462;SPRF-PB;DEL01-PB;UOP01-DEL01-PB
735200;29/11/2025;sábado;12:00:00;AL;316;155;PALMEIRA DOS INDIOS;Acessar a via sem observar a presença dos outros veículos;Colisão transversal;Com Vítimas Feridas;Pleno dia;Crescente;Céu Claro;Simples;Reta;Sim;2;0;0;1;1;0;1;2;-9,42298;-36,62721;SPRF-AL;DEL03-AL;UOP01-DEL03-AL
735201;29/11/2025;sábado;15:10:00;SC;101;212;PALHOCA;Manobra de mudança de faixa;Colisão lateral mesmo sentido;Com Vítimas Feridas;Pleno dia;Crescente;Céu Claro;Dupla;Reta;Sim;3;0;0;2;1;0;2;3;-27,630082;-48,659272;SPRF-SC;DEL01-SC;UOP02-DEL01-SC
735202;29/11/2025;sábado;14:30:00;PE;424;76,6;CAETES;Acessar a via sem observar a presença dos outros veículos;Colisão transversal;Sem Vítimas;Pleno dia;Crescente;Sol;Simples;Reta;Não;2;0;0;0;1;1;0;2;-8,813162;-36,571583;SPRF-PE;DEL03-PE;UOP01-DEL03-PE
735203;29/11/2025;sábado;15:20:00;GO;414;438,8;ANAPOLIS;Demais falhas mecânicas ou elétricas;Tombamento;Com Vítimas Feridas;Pleno dia;Crescente;Céu Claro;Simples;Reta;Sim;2;0;2;0;0;0;2;1;-16,270965;-48,939965;SPRF-GO;DEL02-GO;UOP01-DEL02-GO
735205;29/11/2025;sábado;12:55:00;MG;40;41,4;PARACATU;Acessar a via sem observar a presença dos outros veículos;Colisão lateral mesmo sentido;Com Vítimas Feridas;Pleno dia;Crescente;Céu Claro;Simples;Reta;Sim;2;0;1;0;1;0;1;2;-17,216422;-46,868108;SPRF-MG;DEL14-MG;UOP01-DEL14-MG
735206;29/11/2025;sábado;15:40:00;SP;381;64;MAIRIPORA;Reação tardia ou ineficiente do condutor;Colisão traseira;Com Vítimas Feridas;Pleno dia;Decrescente;Céu Claro;Dupla;"Reta;Aclive";Não;3;0;2;0;1;0;2;3;-23,30386;-46,573308;SPRF-SP;DEL03-SP;UOP01-DEL03-SP
735207;29/11/2025;sábado;14:45:00;ES;101;68,9;SAO MATEUS;Ingestão de álcool pelo condutor;Saída de leito carroçável;Com Vítimas Feridas;Pleno dia;Decrescente;Nublado;Simples;"Reta;Declive";Não;1;0;0;1;0;0;1;1;-18,73137949;-39,86028671;SPRF-ES;DEL04-ES;UOP02-DEL04-ES
735208;29/11/2025;sábado;15:00:00;DF;20;10;BRASILIA;Manobra de mudança de faixa;Colisão lateral mesmo sentido;Com Vítimas Feridas;Pleno dia;Crescente;Céu Claro;Dupla;"Em Obras;Aclive";Sim;6;0;1;1;4;0;2;3;-15,649428;-47,771928;SPRF-DF;DEL02-DF;UOP01-DEL02-DF
735209;29/11/2025;sábado;14:50:00;RS;116;63,7;CAMPESTRE DA SERRA;Reação tardia ou ineficiente do condutor;Tombamento;Com Vítimas Feridas;Pleno dia;Decrescente;Céu Claro;Simples;Curva;Não;1;0;0;1;0;0;1;1;-28,6687128;-51,06129;SPRF-RS;DEL05-RS;UOP03-DEL05-RS
735210;29/11/2025;sábado;14:47:00;RN;101;85;NATAL;Condutor deixou de manter distância do veículo da frente;Colisão traseira;Com Vítimas Feridas;Pleno dia;Decrescente;Céu Claro;Dupla;"Reta;Ponte";Não;3;0;1;0;0;2;1;2;-5,783987;-35,246712;SPRF-RN;DEL02-RN;UOP01-DEL02-RN
735211;29/11/2025;sábado;13:50:00;MT;70;57;BARRA DO GARCAS;Reação tardia ou ineficiente do condutor;Saída de leito carroçável;Com Vítimas Feridas;Pleno dia;Crescente;Céu Claro;Simples;"Reta;Declive";Não;1;0;1;0;0;0;1;1;-15,717965;-52,6526717;SPRF-MT;DEL07-MT;UOP01-DEL07-MT
735212;29/11/2025;sábado;15:08:00;PR;487;178;CAMPO MOURAO;Acesso irregular;Colisão transversal;Com Vítimas Feridas;Pleno dia;Crescente;Céu Claro;Simples;Reta;Sim;3;0;2;0;1;0;2;2;-24,04165371;-52,40376847;SPRF-PR;DEL09-PR;UOP03-DEL09-PR
735213;29/11/2025;sábado;14:55:00;MG;116;274;TEOFILO OTONI;Ausência de reação do condutor;Colisão traseira;Com Vítimas Feridas;Pleno dia;Decrescente;Céu Claro;Dupla;"Reta;Interseção de Vias";Não;2;0;0;1;1;0;1;2;-17,8342086;-41,5110392;SPRF-MG;DEL11-MG;UOP01-DEL11-MG
735214;29/11/2025;sábado;15:50:00;RS;116;295,3;GUAIBA;Manobra de mudança de faixa;Colisão traseira;Com Vítimas Feridas;Pleno dia;Crescente;Céu Claro;Dupla;"Viaduto;Reta";Não;3;0;1;0;2;0;1;2;-30,090032;-51,3347287;SPRF-RS;DEL02-RS;UOP01-DEL02-RS
735215;29/11/2025;sábado;15:00:00;PE;232;7,8;RECIFE;Estacionar ou parar em local proibido;Colisão traseira;Com Vítimas Feridas;Pleno dia;Decrescente;Sol;Dupla;Reta;Sim;2;0;1;0;0;1;1;2;-8,07554;-34,96796;SPRF-PE;DEL01-PE;UOP01-DEL01-PE
735216;29/11/2025;sábado;15:25:00;PB;101;83;BAYEUX;Condutor deixou de manter distância do veículo da frente;Engavetamento;Com Vítimas Feridas;Pleno dia;Decrescente;Céu Claro;Dupla;Reta;Sim;4;0;1;0;1;2;1;3;-7,1374122;-34,9253884;SPRF-PB;DEL01-PB;UOP01-DEL01-PB
735217;29/11/2025;sábado;15:30:00;RN;101;97,3;NATAL;Ausência de reação do condutor;Engavetamento;Sem Vítimas;Pleno dia;Decrescente;Céu Claro;Dupla;Reta;Sim;2;0;0;0;1;1;0;2;-5,86085041;-35,2142459;SPRF-RN;DEL01-RN;UOP01-DEL01-RN
735218;29/11/2025;sábado;15:05:00;SC;282;520,4;XAXIM;Pista Escorregadia;Tombamento;Com Vítimas Feridas;Pleno dia;Decrescente;Céu Claro;Simples;"Curva;Aclive";Não;4;0;0;2;2;0;2;2;-26,95107487;-52,52531139;SPRF-SC;DEL07-SC;UOP01-DEL07-SC
735219;29/11/2025;sábado;08:14:00;MS;376;20,9;FATIMA DO SUL;Ausência de reação do condutor;Colisão com objeto;Sem Vítimas;Pleno dia;Crescente;Céu Claro;Simples;Reta;Não;1;0;0;0;0;1;0;1;-22,340987;-54,562187;SPRF-MS;DEL04-MS;UOP01-DEL04-MS
735220;29/11/2025;sábado;12:05:00;RJ;40;117;DUQUE DE CAXIAS;Reação tardia ou ineficiente do condutor;Colisão transversal;Com Vítimas Feridas;Pleno dia;Crescente;Céu Claro;Múltipla;Reta;Sim;5;0;4;1;0;0;5;2;-22,756105;-43,287308;SPRF-RJ;DEL01-RJ;UOP02-DEL01-RJ
735221;29/11/2025;sábado;16:30:00;PR;277;71,8;SAO JOSE DOS PINHAIS;Avarias e/ou desgaste excessivo no pneu;Colisão com objeto;Sem Vítimas;Pleno dia;Decrescente;Sol;Dupla;Reta;Sim;1;0;0;0;0;1;0;1;-25,506726;-49,138725;SPRF-PR;DEL01-PR;UOP07-DEL01-PR
735222;29/11/2025;sábado;14:00:00;RJ;116;307;RESENDE;Reação tardia ou ineficiente do condutor;Colisão traseira;Com Vítimas Feridas;Pleno dia;Decrescente;Céu Claro;Dupla;Reta;Sim;5;0;2;0;3;0;2;2;-22,4565247;-44,4053825;SPRF-RJ;DEL07-RJ;UOP02-DEL07-RJ
735223;29/11/2025;sábado;09:40:00;RS;290;412,6;SAO GABRIEL;Pedestre cruzava a pista fora da faixa;Atropelamento de Pedestre;Com Vítimas Feridas;Pleno dia;Crescente;Sol;Simples;Reta;Não;3;0;1;0;1;1;1;2;-30,35821205;-54,27297592;SPRF-RS;DEL11-RS;UOP02-DEL11-RS
735224;29/11/2025;sábado;07:00:00;RJ;101;318;SAO GONCALO;Reação tardia ou ineficiente do condutor;Colisão traseira;Com Vítimas Feridas;Pleno dia;Decrescente;Céu Claro;Dupla;Reta;Sim;2;0;0;1;1;0;1;2;-22,84605679;-43,09862344;SPRF-RJ;DEL02-RJ;UOP02-DEL02-RJ
735225;29/11/2025;sábado;15:41:00;MG;116;584,9;MANHUACU;Velocidade Incompatível;Atropelamento de Pedestre;Com Vítimas Feridas;Pleno dia;Crescente;Céu Claro;Simples;Reta;Sim;2;0;1;0;0;1;1;2;-20,23019412;-42,17305184;SPRF-MG;DEL06-MG;UOP03-DEL06-MG