id;data_inversa;dia_semana;horario;uf;br;km;municipio;causa_acidente;tipo_acidente;classificacao_acidente;fase_dia;sentido_via;condicao_metereologica;tipo_pista;tracado_via;uso_solo;pessoas;mortos;feridos_leves;feridos_graves;ilesos;ignorados;feridos;veiculos;latitude;longitude;regional;delegacia;uop
735448;30/11/2025;domingo;13:05:00;PE;408;27,8;ALIANCA;Reação tardia ou ineficiente do condutor;Engavetamento;Com Vítimas Feridas;Pleno dia;Decrescente;Céu Claro;Simples;"Aclive;Curva";Não;6;0;1;0;4;1;1;3;-7,61348;-35,23964;SPRF-PE;DEL01-PE;UOP01-DEL01-PE
735449;30/11/2025;domingo;10:45:00;MT;158;572;AGUA BOA;Ausência de reação do condutor;Saída de leito carroçável;Com Vítimas Feridas;Pleno dia;Decrescente;Céu Claro;Simples;Reta;Não;1;0;1;0;0;0;1;1;-14,0716545;-52,1593924;SPRF-MT;DEL07-MT;UOP02-DEL07-MT
735450;30/11/2025;domingo;14:00:00;PE;101;49;ABREU E LIMA;Acessar a via sem observar a presença dos outros veículos;Colisão lateral mesmo sentido;Com Vítimas Feridas;Pleno dia;Crescente;Céu Claro;Dupla;"Interseção de Vias;Retorno Regulamentado";Sim;2;0;1;0;0;1;1;2;-7,8999104;-34,901974;SPRF-PE;DEL01-PE;UOP02-DEL01-PE
735452;30/11/2025;domingo;14:30:00;ES;101;301,9;VIANA;Transitar na contramão;Colisão transversal;Com Vítimas Feridas;Pleno dia;Crescente;Céu Claro;Dupla;"Interseção de Vias;Viaduto;Retorno Regulamentado";Sim;2;0;1;0;1;0;1;2;-20,36915421;-40,44419241;SPRF-ES;DEL01-ES;UOP01-DEL01-ES
735453;30/11/2025;domingo;14:30:00;PE;232;5;RECIFE;Condutor deixou de manter distância do veículo da frente;Colisão traseira;Com Vítimas Feridas;Pleno dia;Decrescente;Céu Claro;Múltipla;Reta;Não;3;0;2;0;1;0;2;2;-8,069844;-34,949876;SPRF-PE;DEL01-PE;UOP01-DEL01-PE
735454;30/11/2025;domingo;13:50:00;DF;70;9;BRASILIA;Reação tardia ou ineficiente do condutor;Colisão transversal;Com Vítimas Feridas;Pleno dia;Decrescente;Céu Claro;Dupla;Reta;Sim;2;0;1;0;1;0;1;2;-15,78688874;-48,13833386;SPRF-DF;DEL03-DF;UOP02-DEL03-DF
735455;30/11/2025;domingo;15:00:00;PR;277;2;PARANAGUA;Ausência de reação do condutor;Saída de leito carroçável;Com Vítimas Feridas;Pleno dia;Crescente;Nublado;Dupla;Reta;Sim;2;0;2;0;0;0;2;1;-25,547321;-48,545933;SPRF-PR;DEL01-PR;UOP05-DEL01-PR
735456;30/11/2025;domingo;14:20:00;PA;230;121;MARABA;Ultrapassagem Indevida;Colisão frontal;Com Vítimas Feridas;Pleno dia;Decrescente;Céu Claro;Dupla;Ponte;Sim;2;0;0;1;1;0;1;2;-5,35704928;-49,12244282;SPRF-PA;DEL03-PA;UOP01-DEL03-PA
735457;30/11/2025;domingo;15:40:00;SC;101;200,5;SAO JOSE;Manobra de mudança de faixa;Colisão transversal;Com Vítimas Feridas;Pleno dia;Crescente;Nublado;Múltipla;"Reta;Interseção de Vias";Sim;3;0;2;1;0;0;3;2;-27,54355;-48,62096;SPRF-SC;DEL01-SC;UOP01-DEL01-SC
735458;30/11/2025;domingo;13:40:00;MS;262;357;CAMPO GRANDE;Afundamento ou ondulação no pavimento;Tombamento;Com Vítimas Feridas;Pleno dia;Decrescente;Céu Claro;Simples;Reta;Não;1;0;1;0;0;0;1;1;-20,544117;-54,689281;SPRF-MS;DEL01-MS;UOP03-DEL01-MS
735459;30/11/2025;domingo;15:00:00;PI;343;24;PARNAIBA;Ingestão de álcool pelo condutor;Colisão lateral mesmo sentido;Sem Vítimas;Pleno dia;Decrescente;Céu Claro;Simples;Reta;Não;2;0;0;0;2;0;0;2;-3,016528;-41,768808;SPRF-PI;DEL05-PI;UOP01-DEL05-PI
735460;30/11/2025;domingo;15:10:00;SP;101;40;UBATUBA;Condutor deixou de manter distância do veículo da frente;Colisão traseira;Sem Vítimas;Pleno dia;Decrescente;Sol;Simples;Retorno Regulamentado;Não;7;0;0;0;7;0;0;2;-23,41704563;-45,03767816;SPRF-SP;DEL06-SP;UOP01-DEL06-SP
735461;30/11/2025;domingo;15:25:00;ES;101;115;LINHARES;Condutor Dormindo;Colisão lateral sentido oposto;Com Vítimas Feridas;Pleno dia;Crescente;Céu Claro;Simples;"Aclive;Reta";Não;2;0;1;0;1;0;1;2;-19,14168157;-40,06400585;SPRF-ES;DEL04-ES;UOP01-DEL04-ES
735462;30/11/2025;domingo;14:20:00;RS;287;399;SANTIAGO;Reação tardia ou ineficiente do condutor;Colisão com objeto;Sem Vítimas;Pleno dia;Decrescente;Nublado;Simples;"Reta;Ponte";Não;1;0;0;0;0;1;0;1;-29,16943775;-54,86201048;SPRF-RS;DEL12-RS;UOP02-DEL12-RS
735463;30/11/2025;domingo;15:17:00;PE;232;413;SERRA TALHADA;Condutor deixou de manter distância do veículo da frente;Colisão traseira;Com Vítimas Feridas;Pleno dia;Decrescente;Céu Claro;Simples;Reta;Não;3;0;1;0;2;0;1;2;-7,989952;-38,332309;SPRF-PE;DEL04-PE;UOP01-DEL04-PE
735464;30/11/2025;domingo;14:08:00;MS;262;365;CAMPO GRANDE;Ingestão de álcool pelo condutor;Colisão frontal;Com Vítimas Feridas;Pleno dia;Crescente;Céu Claro;Simples;"Reta;Rotatória";Sim;2;0;1;0;1;0;1;2;-20,49260284;-54,73895824;SPRF-MS;DEL01-MS;UOP03-DEL01-MS
735465;30/11/2025;domingo;13:20:00;RJ;101;385;RIO DE JANEIRO;Acessar a via sem observar a presença dos outros veículos;Colisão lateral mesmo sentido;Com Vítimas Feridas;Pleno dia;Decrescente;Céu Claro;Múltipla;Reta;Não;2;0;2;0;0;0;2;2;-22,88380618;-43,64228725;SPRF-RJ;DEL03-RJ;UOP01-DEL03-RJ
735467;30/11/2025;domingo;16:10:00;GO;153;426,1;ANAPOLIS;Avarias e/ou desgaste excessivo no pneu;Tombamento;Com Vítimas Feridas;Plena Noite;Crescente;Céu Claro;Dupla;"Reta;Declive";Não;2;0;1;0;1;0;1;1;-16,242614;-49,003012;SPRF-GO;DEL02-GO;UOP01-DEL02-GO
735468;30/11/2025;domingo;15:20:00;SC;101;82,8;BARRA VELHA;Reação tardia ou ineficiente do condutor;Colisão traseira;Com Vítimas Feridas;Pleno dia;Decrescente;Nublado;Dupla;"Declive;Viaduto";Sim;7;0;2;2;3;0;4;5;-26,62016443;-48,71749878;SPRF-SC;DEL03-SC;UOP02-DEL03-SC
735469;30/11/2025;domingo;15:17:00;PE;232;256;ARCOVERDE;Condutor deixou de manter distância do veículo da frente;Colisão traseira;Com Vítimas Feridas;Pleno dia;Crescente;Céu Claro;Simples;Reta;Não;4;0;1;0;3;0;1;2;-8,408993;-37,100158;SPRF-PE;DEL04-PE;UOP02-DEL04-PE
735470;30/11/2025;domingo;12:50:00;MA;226;525;LAJEADO NOVO;Ingestão de álcool pelo condutor;Saída de leito carroçável;Sem Vítimas;Pleno dia;Decrescente;Céu Claro;Simples;Reta;Não;1;0;0;0;1;0;0;1;-6,17503;-47,01769;SPRF-MA;DEL04-MA;UOP02-DEL04-MA
735471;30/11/2025;domingo;16:20:00;ES;101;304;VIANA;Ausência de reação do condutor;Colisão traseira;Com Vítimas Feridas;Pleno dia;Decrescente;Céu Claro;Dupla;Reta;Não;3;0;1;0;2;0;1;3;-20,38281969;-40,45924783;SPRF-ES;DEL01-ES;UOP01-DEL01-ES
735473;30/11/2025;domingo;15:20:00;MA;226;299;BARRA DO CORDA;Desrespeitar a preferência no cruzamento;Colisão transversal;Com Vítimas Feridas;Pleno dia;Crescente;Céu Claro;Dupla;Interseção de Vias;Não;2;0;1;0;1;0;1;2;-5,500987;-45,249102;SPRF-MA;DEL06-MA;UOP01-DEL06-MA
735474;30/11/2025;domingo;16:16:00;SC;101;143;ITAPEMA;Acessar a via sem observar a presença dos outros veículos;Colisão traseira;Com Vítimas Feridas;Pleno dia;Crescente;Céu Claro;Simples;Interseção de Vias;Não;3;0;2;0;0;1;2;2;-27,06197934;-48,59619737;SPRF-SC;DEL04-SC;UOP03-DEL04-SC
735475;30/11/2025;domingo;14:00:00;MG;116;773;LEOPOLDINA;Ausência de reação do condutor;Colisão com objeto;Com Vítimas Feridas;Pleno dia;Crescente;Sol;Simples;Reta;Não;2;0;2;0;0;0;2;1;-21,575791;-42,679061;SPRF-MG;DEL07-MG;UOP01-DEL07-MG
735476;30/11/2025;domingo;16:30:00;RS;392;656,6;GUARANI DAS MISSOES;Ingestão de álcool pelo condutor;Saída de leito carroçável;Com Vítimas Feridas;Pleno dia;Decrescente;Céu Claro;Simples;Reta;Não;1;0;1;0;0;0;1;1;-28,116005;-54,683955;SPRF-RS;DEL10-RS;UOP01-DEL10-RS
735477;30/11/2025;domingo;16:50:00;MG;40;434,8;PARAOPEBA;Ingestão de álcool pelo condutor;Saída de leito carroçável;Com Vítimas Feridas;Pleno dia;Crescente;Nublado;Dupla;Reta;Não;1;0;1;0;0;0;1;1;-19,220433;-44,449414;SPRF-MG;DEL02-MG;UOP01-DEL02-MG
735479;30/11/2025;domingo;16:45:00;SP;116;73,9;APARECIDA;Condutor deixou de manter distância do veículo da frente;Colisão traseira;Com Vítimas Feridas;Pleno dia;Crescente;Céu Claro;Dupla;Reta;Não;6;0;5;0;1;0;5;2;-22,872946;-45,251629;SPRF-SP;DEL08-SP;UOP01-DEL08-SP
735480;30/11/2025;domingo;17:20:00;SP;381;71;MAIRIPORA;Condutor deixou de manter distância do veículo da frente;Colisão traseira;Com Vítimas Feridas;Pleno dia;Crescente;Céu Claro;Múltipla;Reta;Não;5;0;1;0;4;0;1;2;-23,35463385;-46,5504006;SPRF-SP;DEL03-SP;UOP01-DEL03-SP
735481;30/11/2025;domingo;16:45:00;RS;386;38,4;FREDERICO WESTPHALEN;Reação tardia ou ineficiente do condutor;Colisão traseira;Com Vítimas Feridas;Pleno dia;Decrescente;Nublado;Simples;"Reta;Aclive";Sim;3;0;2;0;1;0;2;2;-27,39515433;-53,40226348;SPRF-RS;DEL08-RS;UOP02-DEL08-RS
735482;30/11/2025;domingo;17:30:00;MG;40;427,8;PARAOPEBA;Avarias e/ou desgaste excessivo no pneu;Tombamento;Com Vítimas Feridas;Pleno dia;Crescente;Nublado;Dupla;Reta;Não;2;0;0;1;1;0;1;1;-19,17926237;-44,50278103;SPRF-MG;DEL02-MG;UOP01-DEL02-MG
735484;30/11/2025;domingo;16:42:00;RS;386;269,9;FONTOURA XAVIER;Ausência de reação do condutor;Colisão traseira;Com Vítimas Feridas;Pleno dia;Decrescente;Céu Claro;Simples;Reta;Sim;3;0;0;2;1;0;2;2;-28,97170948;-52,36931562;SPRF-RS;DEL04-RS;UOP03-DEL04-RS
735486;30/11/2025;domingo;17:20:00;SC;101;155;PORTO BELO;Reação tardia ou ineficiente do condutor;Colisão traseira;Com Vítimas Feridas;Pleno dia;Decrescente;Nublado;Dupla;Reta;Sim;2;0;1;0;1;0;1;2;-27,169132;-48,611465;SPRF-SC;DEL04-SC;UOP03-DEL04-SC
735487;30/11/2025;domingo;16:02:00;SP;116;510;CAJATI;Reação tardia ou ineficiente do condutor;Queda de ocupante de veículo;Com Vítimas Feridas;Pleno dia;Crescente;Céu Claro;Múltipla;Reta;Não;2;0;2;0;0;0;2;1;-24,82768986;-48,21855823;SPRF-SP;DEL05-SP;UOP02-DEL05-SP
735488;30/11/2025;domingo;16:48:00;MG;116;316;ITAMBACURI;Reação tardia ou ineficiente do condutor;Capotamento;Com Vítimas Feridas;Pleno dia;Decrescente;Céu Claro;Simples;Reta;Não;3;0;2;0;1;0;2;1;-18,123384;-41,694337;SPRF-MG;DEL11-MG;UOP01-DEL11-MG
735489;30/11/2025;domingo;17:30:00;SP;381;47;ATIBAIA;Condutor Dormindo;Colisão com objeto;Com Vítimas Feridas;Pleno dia;Decrescente;Céu Claro;Dupla;Reta;Não;1;0;1;0;0;0;1;1;-23,192129;-46,585172;SPRF-SP;DEL03-SP;UOP01-DEL03-SP
735491;30/11/2025;domingo;17:30:00;PR;116;127;FAZENDA RIO GRANDE;Reação tardia ou ineficiente do condutor;Colisão traseira;Sem Vítimas;Pleno dia;Decrescente;Nublado;Dupla;"Declive;Viaduto";Sim;2;0;0;0;2;0;0;2;-25,65177;-49,31212;SPRF-PR;DEL01-PR;UOP03-DEL01-PR
735493;30/11/2025;domingo;17:29:00;SC;282;485,5;FAXINAL DOS GUEDES;Reação tardia ou ineficiente do condutor;Capotamento;Com Vítimas Feridas;Pleno dia;Decrescente;Nublado;Simples;Reta;Não;2;0;0;2;0;0;2;1;-26,8611986;-52,2393538;SPRF-SC;DEL07-SC;UOP01-DEL07-SC
735495;30/11/2025;domingo;17:45:00;SE;235;5,7;NOSSA SENHORA DO SOCORRO;Trafegar com motocicleta (ou similar) entre as faixas;Colisão lateral mesmo sentido;Com Vítimas Feridas;Anoitecer;Crescente;Céu Claro;Dupla;Reta;Não;2;0;1;0;1;0;1;2;-10,90453186;-37,12544203;SPRF-SE;DEL01-SE;UOP01-DEL01-SE
735496;26/11/2025;quarta-feira;06:30:00;MG;116;416;GOVERNADOR VALADARES;Velocidade Incompatível;Tombamento;Com Vítimas Feridas;Pleno dia;Crescente;Céu Claro;Simples;Curva;Sim;1;0;1;0;0;0;1;1;-18,8707943;-41,9581861;SPRF-MG;DEL06-MG;UOP01-DEL06-MG
735497;30/11/2025;domingo;17:20:00;BA;324;543;AMELIA RODRIGUES;Ingestão de álcool pelo condutor;Capotamento;Sem Vítimas;Anoitecer;Decrescente;Céu Claro;Dupla;Curva;Sim;1;0;0;0;0;1;0;1;-12,4188911;-38,7477812;SPRF-BA;DEL01-BA;UOP03-DEL01-BA
735498;30/11/2025;domingo;18:20:00;MG;262;354;BETIM;Condutor deixou de manter distância do veículo da frente;Colisão traseira;Sem Vítimas;Anoitecer;Decrescente;Céu Claro;Dupla;Reta;Sim;2;0;0;0;2;0;0;2;-19,98289;-44,20963;SPRF-MG;DEL01-MG;UOP03-DEL01-MG
735500;30/11/2025;domingo;07:30:00;RS;116;638;JAGUARAO;Avarias e/ou desgaste excessivo no pneu;Saída de leito carroçável;Sem Vítimas;Pleno dia;Crescente;Céu Claro;Simples;Reta;Não;1;0;0;0;1;0;0;1;-32,41706633;-53,23699951;SPRF-RS;DEL07-RS;UOP03-DEL07-RS
735502;30/11/2025;domingo;17:35:00;RJ;116;147;DUQUE DE CAXIAS;Reação tardia ou ineficiente do condutor;Colisão traseira;Sem Vítimas;Pleno dia;Crescente;Céu Claro;Dupla;Reta;Sim;3;0;0;0;3;0;0;2;-22,6656403;-43,2625365;SPRF-RJ;DEL01-RJ;UOP02-DEL01-RJ
735504;30/11/2025;domingo;18:19:00;AP;210;2;MACAPA;Reação tardia ou ineficiente do condutor;Colisão traseira;Com Vítimas Feridas;Anoitecer;Decrescente;Céu Claro;Simples;Reta;Sim;2;0;1;0;1;0;1;2;0,083157;-51,078605;SPRF-AP;DEL01-AP;UOP01-DEL01-AP
735505;30/11/2025;domingo;17:50:00;AL;316;271,9;MACEIO;Conversão proibida;Colisão frontal;Com Vítimas Feridas;Anoitecer;Crescente;Céu Claro;Simples;Reta;Não;5;0;1;1;3;0;2;2;-9,5675562;-35,8088124;SPRF-AL;DEL02-AL;UOP01-DEL02-AL
735507;30/11/2025;domingo;18:29:00;PB;230;145,8;CAMPINA GRANDE;Transitar na contramão;Atropelamento de Pedestre;Com Vítimas Fatais;Plena Noite;Decrescente;Céu Claro;Dupla;"Reta;Declive";Não;4;1;2;0;0;1;2;3;-7,2457883;-35,8528516;SPRF-PB;DEL02-PB;UOP01-DEL02-PB
735508;30/11/2025;domingo;16:50:00;MS;163;471;CAMPO GRANDE;Ingestão de álcool pelo condutor;Colisão frontal;Com Vítimas Feridas;Pleno dia;Crescente;Céu Claro;Simples;Reta;Não;8;0;2;4;0;2;6;3;-20,56075556;-54,55771923;SPRF-MS;DEL01-MS;UOP01-DEL01-MS
735510;30/11/2025;domingo;17:01:00;MS;376;1;DOURADOS;Ingestão de álcool pelo condutor;Colisão com objeto;Com Vítimas Feridas;Pleno dia;Decrescente;Céu Claro;Simples;Rotatória;Não;1;0;1;0;0;0;1;1;-22,19515361;-54,6924305;SPRF-MS;DEL04-MS;UOP01-DEL04-MS
735511;30/11/2025;domingo;14:30:00;MA;222;656;ACAILANDIA;Ausência de reação do condutor;Tombamento;Com Vítimas Feridas;Pleno dia;Decrescente;Céu Claro;Simples;Declive;Não;1;0;0;1;0;0;1;1;-4,8773308;-47,35587895;SPRF-MA;DEL04-MA;UOP03-DEL04-MA
735512;30/11/2025;domingo;18:30:00;SP;116;211,5;GUARULHOS;Ausência de reação do condutor;Colisão com objeto;Com Vítimas Feridas;Anoitecer;Crescente;Céu Claro;Múltipla;Reta;Não;1;0;1;0;0;0;1;1;-23,43108739;-46,41859061;SPRF-SP;DEL01-SP;UOP01-DEL01-SP
735513;30/11/2025;domingo;18:30:00;RS;468;98;TRES PASSOS;Ausência de reação do condutor;Saída de leito carroçável;Com Vítimas Feridas;Plena Noite;Crescente;Chuva;Simples;Reta;Sim;2;0;2;0;0;0;2;1;-27,479375;-53,909325;SPRF-RS;DEL08-RS;UOP02-DEL08-RS
735514;30/11/2025;domingo;17:00:00;RS;0;0;ERECHIM;Frear bruscamente;Colisão traseira;Sem Vítimas;Pleno dia;Não Informado;Céu Claro;Simples;"Interseção de Vias;Declive";Sim;4;0;0;0;4;0;0;2;-27,64198178;-52,2350121;SPRF-RS;DEL08-RS;UOP04-DEL08-RS
735515;30/11/2025;domingo;18:00:00;RS;471;183;RIO PARDO;Animais na Pista;Atropelamento de Animal;Com Vítimas Feridas;Pleno dia;Decrescente;Nublado;Simples;Reta;Não;2;0;2;0;0;0;2;1;-30,061758;-52,366915;SPRF-RS;DEL02-RS;UOP03-DEL02-RS
735516;30/11/2025;domingo;10:45:00;RS;116;204,5;PICADA CAFE;Reação tardia ou ineficiente do condutor;Saída de leito carroçável;Com Vítimas Feridas;Pleno dia;Crescente;Céu Claro;Simples;Curva;Não;2;0;2;0;0;0;2;1;-29,495128;-51,14229;SPRF-RS;DEL05-RS;UOP02-DEL05-RS
735517;30/11/2025;domingo;17:35:00;MT;364;205;RONDONOPOLIS;Condutor deixou de manter distância do veículo da frente;Colisão traseira;Sem Vítimas;Anoitecer;Decrescente;Céu Claro;Dupla;Reta;Sim;4;0;0;0;4;0;0;2;-16,45395783;-54,66356691;SPRF-MT;DEL02-MT;UOP01-DEL02-MT
735518;30/11/2025;domingo;19:15:00;RS;116;301;GUAIBA;Acessar a via sem observar a presença dos outros veículos;Colisão transversal;Com Vítimas Feridas;Plena Noite;Crescente;Céu Claro;Simples;Reta;Sim;2;0;1;0;1;0;1;2;-30,13108265;-51,35335833;SPRF-RS;DEL02-RS;UOP01-DEL02-RS
735519;30/11/2025;domingo;17:05:00;PR;277;495,9;NOVA LARANJEIRAS;Ausência de reação do condutor;Colisão traseira;Com Vítimas Feridas;Pleno dia;Decrescente;Nublado;Simples;Reta;Não;7;0;2;0;4;1;2;4;-25,19889;-52,65477;SPRF-PR;DEL04-PR;UOP04-DEL04-PR
735520;30/11/2025;domingo;19:20:00;RJ;101;67,5;CAMPOS DOS GOYTACAZES;Acessar a via sem observar a presença dos outros veículos;Colisão lateral mesmo sentido;Com Vítimas Feridas;Plena Noite;Crescente;Céu Claro;Simples;"Reta;Interseção de Vias";Sim;2;0;1;0;1;0;1;2;-21,770052;-41,353456;SPRF-RJ;DEL08-RJ;UOP02-DEL08-RJ
735521;30/11/2025;domingo;19:00:00;DF;80;11;BRASILIA;Ausência de reação do condutor;Saída de leito carroçável;Sem Vítimas;Plena Noite;Crescente;Céu Claro;Simples;Reta;Não;1;0;0;0;1;0;0;1;-15,7309505;-48,17804217;SPRF-DF;DEL03-DF;UOP02-DEL03-DF
735522;30/11/2025;domingo;19:40:00;SC;101;124;ITAJAI;Acessar a via sem observar a presença dos outros veículos;Colisão transversal;Com Vítimas Feridas;Plena Noite;Crescente;Nublado;Múltipla;Reta;Sim;3;0;1;0;2;0;1;3;-26,94279247;-48,69237034;SPRF-SC;DEL04-SC;UOP04-DEL04-SC
735523;30/11/2025;domingo;18:30:00;RS;285;344,3;CARAZINHO;Reação tardia ou ineficiente do condutor;Saída de leito carroçável;Com Vítimas Feridas;Anoitecer;Decrescente;Ignorado;Simples;Reta;Não;1;0;1;0;0;0;1;1;-28,3219;-52,8361;SPRF-RS;DEL08-RS;UOP03-DEL08-RS
735524;30/11/2025;domingo;19:00:00;MG;40;696;ALFREDO VASCONCELOS;Transitar na contramão;Colisão frontal;Com Vítimas Feridas;Plena Noite;Crescente;Céu Claro;Simples;Reta;Não;5;0;0;5;0;0;5;2;-21,17184;-43,756202;SPRF-MG;DEL05-MG;UOP02-DEL05-MG
735526;30/11/2025;domingo;19:31:00;ES;101;268,8;SERRA;Condutor desrespeitou a iluminação vermelha do semáforo;Colisão transversal;Com Vítimas Feridas;Plena Noite;Decrescente;Céu Claro;Dupla;"Interseção de Vias;Reta";Sim;3;0;1;0;0;2;1;2;-20,22178;-40,27003;SPRF-ES;DEL02-ES;UOP01-DEL02-ES
735527;30/11/2025;domingo;16:50:00;RJ;116;147;DUQUE DE CAXIAS;Suicídio (presumido);Atropelamento de Pedestre;Com Vítimas Fatais;Pleno dia;Crescente;Céu Claro;Dupla;Reta;Sim;2;1;0;0;1;0;0;2;-22,6682792;-43,268357;SPRF-RJ;DEL01-RJ;UOP02-DEL01-RJ
735528;30/11/2025;domingo;18:40:00;BA;110;384,6;SAO SEBASTIAO DO PASSE;Transitar na contramão;Colisão frontal;Com Vítimas Feridas;Plena Noite;Crescente;Céu Claro;Simples;Curva;Não;3;0;3;0;0;0;3;2;-12,420887;-38,475368;SPRF-BA;DEL01-BA;UOP01-DEL01-BA
735529;30/11/2025;domingo;20:10:00;MG;116;518,6;CARATINGA;Transitar na contramão;Colisão frontal;Com Vítimas Fatais;Plena Noite;Crescente;Céu Claro;Simples;Reta;Não;3;1;0;1;1;0;1;2;-19,7640909;-42,1320991;SPRF-MG;DEL06-MG;UOP02-DEL06-MG
735532;30/11/2025;domingo;20:00:00;MG;40;804;MATIAS BARBOSA;Demais falhas mecânicas ou elétricas;Incêndio;Sem Vítimas;Plena Noite;Crescente;Céu Claro;Dupla;Reta;Não;1;0;0;0;1;0;0;1;-21,84415435;-43,3765925;SPRF-MG;DEL05-MG;UOP01-DEL05-MG
735533;30/11/2025;domingo;19:30:00;AL;316;155,7;PALMEIRA DOS INDIOS;Ingestão de álcool pelo condutor;Colisão lateral sentido oposto;Sem Vítimas;Plena Noite;Crescente;Céu Claro;Simples;"Interseção de Vias;Declive;Reta";Sim;3;0;0;0;2;1;0;3;-9,42286;-36,62723;SPRF-AL;DEL03-AL;UOP01-DEL03-AL
735534;30/11/2025;domingo;18:45:00;MG;354;733,8;POUSO ALTO;Pista esburacada;Capotamento;Com Vítimas Feridas;Plena Noite;Crescente;Céu Claro;Simples;Reta;Sim;2;0;2;0;0;0;2;1;-22,18248572;-44,97673273;SPRF-MG;DEL17-MG;UOP01-DEL17-MG
735535;30/11/2025;domingo;20:10:00;PE;316;76,9;OURICURI;Transitar na contramão;Colisão frontal;Com Vítimas Feridas;Plena Noite;Crescente;Céu Claro;Simples;"Reta;Declive";Não;6;0;3;3;0;0;6;2;-7,8782688;-40,078084;SPRF-PE;DEL05-PE;UOP02-DEL05-PE
735536;30/11/2025;domingo;19:20:00;RS;116;521;PELOTAS;Reação tardia ou ineficiente do condutor;Saída de leito carroçável;Com Vítimas Feridas;Anoitecer;Decrescente;Céu Claro;Dupla;"Reta;Em Obras;Desvio Temporário";Não;3;0;1;0;1;1;1;1;-31,70807334;-52,3681969;SPRF-RS;DEL07-RS;UOP01-DEL07-RS
735537;30/11/2025;domingo;20:40:00;RJ;40;41;AREAL;Ausência de reação do condutor;Tombamento;Com Vítimas Feridas;Plena Noite;Decrescente;Céu Claro;Dupla;Reta;Não;1;0;1;0;0;0;1;1;-22,25509;-43,10789;SPRF-RJ;DEL05-RJ;UOP02-DEL05-RJ
735538;30/11/2025;domingo;21:00:00;RJ;116;188;NOVA IGUACU;Trafegar com motocicleta (ou similar) entre as faixas;Tombamento;Com Vítimas Feridas;Plena Noite;Decrescente;Céu Claro;Dupla;Reta;Não;3;0;2;0;0;1;2;2;-22,7381517;-43,4826967;SPRF-RJ;DEL06-RJ;UOP01-DEL06-RJ
735539;30/11/2025;domingo;20:50:00;DF;70;6,9;BRASILIA;Acessar a via sem observar a presença dos outros veículos;Colisão traseira;Com Vítimas Feridas;Plena Noite;Decrescente;Céu Claro;Dupla;Reta;Não;2;0;1;0;1;0;1;2;-15,78697908;-48,116844;SPRF-DF;DEL03-DF;UOP02-DEL03-DF
735542;30/11/2025;domingo;20:20:00;SC;282;504;XANXERE;Reação tardia ou ineficiente do condutor;Atropelamento de Pedestre;Com Vítimas Feridas;Plena Noite;Decrescente;Céu Claro;Simples;Reta;Não;2;0;1;0;0;1;1;2;-26,88481303;-52,39975739;SPRF-SC;DEL07-SC;UOP01-DEL07-SC
735543;30/11/2025;domingo;19:10:00;GO;60;336;SANTO ANTONIO DA BARRA;Reação tardia ou ineficiente do condutor;Saída de leito carroçável;Com Vítimas Feridas;Plena Noite;Decrescente;Céu Claro;Dupla;"Reta;Retorno Regulamentado";Não;1;0;1;0;0;0;1;1;-17,543073;-50,588927;SPRF-GO;DEL04-GO;UOP02-DEL04-GO
735544;30/11/2025;domingo;20:36:00;MS;60;422,3;SIDROLANDIA;Curva acentuada;Saída de leito carroçável;Com Vítimas Feridas;Plena Noite;Crescente;Céu Claro;Simples;Curva;Sim;2;0;0;2;0;0;2;1;-20,908816;-54,943789;SPRF-MS;DEL01-MS;UOP04-DEL01-MS
735546;30/11/2025;domingo;21:00:00;PR;277;32;MORRETES;Chuva;Colisão com objeto;Com Vítimas Feridas;Plena Noite;Decrescente;Chuva;Simples;"Retorno Regulamentado;Curva";Não;4;0;4;0;0;0;4;1;-25,5719342;-48,8408174;SPRF-PR;DEL01-PR;UOP05-DEL01-PR
735547;30/11/2025;domingo;18:25:00;SP;0;0;GUARULHOS;Reação tardia ou ineficiente do condutor;Colisão transversal;Sem Vítimas;Pleno dia;Não Informado;Sol;Simples;Interseção de Vias;Sim;2;0;0;0;2;0;0;2;-23,443031;-46,393088;SPRF-SP;DEL01-SP;UOP01-DEL01-SP
735548;30/11/2025;domingo;18:45:00;MA;222;405,3;SANTA LUZIA;Ausência de reação do condutor;Colisão traseira;Com Vítimas Feridas;Plena Noite;Crescente;Nublado;Simples;Reta;Não;4;0;0;3;0;1;3;2;-3,94832368;-45,65058544;SPRF-MA;DEL02-MA;UOP01-DEL02-MA
735549;30/11/2025;domingo;19:00:00;MS;163;374;NOVA ALVORADA DO SUL;Reação tardia ou ineficiente do condutor;Saída de leito carroçável;Sem Vítimas;Plena Noite;Crescente;Céu Claro;Dupla;Reta;Não;1;0;0;0;1;0;0;1;-21,38714186;-54,40970957;SPRF-MS;DEL02-MS;UOP01-DEL02-MS
735550;30/11/2025;domingo;20:50:00;RS;392;709,9;PORTO XAVIER;Manobra de mudança de faixa;Colisão frontal;Com Vítimas Feridas;Plena Noite;Crescente;Garoa/Chuvisco;Simples;Reta;Não;3;0;3;0;0;0;3;2;-27,99401489;-55,13105965;SPRF-RS;DEL10-RS;UOP01-DEL10-RS