id;data_inversa;dia_semana;horario;uf;br;km;municipio;causa_acidente;tipo_acidente;classificacao_acidente;fase_dia;sentido_via;condicao_metereologica;tipo_pista;tracado_via;uso_solo;pessoas;mortos;feridos_leves;feridos_graves;ilesos;ignorados;feridos;veiculos;latitude;longitude;regional;delegacia;uop
735551;30/11/2025;domingo;21:40:00;MG;153;107,1;PRATA;Ingestão de álcool pelo condutor;Colisão traseira;Sem Vítimas;Plena Noite;Crescente;Céu Claro;Simples;Reta;Sim;1;0;0;0;1;0;0;1;-19,2911531;-48,90961066;SPRF-MG;DEL15-MG;UOP03-DEL15-MG
735552;30/11/2025;domingo;21:15:00;PR;277;23,1;MORRETES;Ausência de reação do condutor;Saída de leito carroçável;Sem Vítimas;Plena Noite;Decrescente;Garoa/Chuvisco;Dupla;Reta;Não;1;0;0;0;1;0;0;1;-25,528315;-48,736873;SPRF-PR;DEL01-PR;UOP05-DEL01-PR
735554;30/11/2025;domingo;22:20:00;PR;376;676;GUARATUBA;Ausência de reação do condutor;Capotamento;Com Vítimas Feridas;Plena Noite;Decrescente;Garoa/Chuvisco;Dupla;"Curva;Declive";Não;3;0;3;0;0;0;3;1;-25,94071475;-48,90720204;SPRF-PR;DEL01-PR;UOP04-DEL01-PR
735555;30/11/2025;domingo;19:27:00;MA;135;3;SAO LUIS;Transitar na contramão;Colisão transversal;Com Vítimas Feridas;Plena Noite;Decrescente;Céu Claro;Dupla;Reta;Sim;1;0;1;0;0;0;1;1;-2,61029;-44,2496;SPRF-MA;DEL01-MA;UOP01-DEL01-MA
735557;29/10/2025;quarta-feira;19:55:00;RO;319;97;PORTO VELHO;Sinalização mal posicionada;Colisão com objeto;Com Vítimas Feridas;Plena Noite;Crescente;Nublado;Simples;Reta;Não;5;0;1;0;3;1;1;4;-8,63465519;-63,9963913;SPRF-RO;DEL01-RO;UOP01-DEL01-RO
735558;30/11/2025;domingo;22:00:00;SC;282;588;SAUDADES;Acumulo de água sobre o pavimento;Saída de leito carroçável;Com Vítimas Feridas;Plena Noite;Decrescente;Chuva;Simples;"Declive;Reta";Não;3;0;3;0;0;0;3;1;-26,82621095;-53,08409905;SPRF-SC;DEL07-SC;UOP02-DEL07-SC
735559;30/11/2025;domingo;02:00:00;RJ;101;320;NITEROI;Condutor deixou de manter distância do veículo da frente;Tombamento;Com Vítimas Feridas;Plena Noite;Decrescente;Céu Claro;Dupla;Curva;Sim;1;0;1;0;0;0;1;1;-22,86738716;-43,1101048;SPRF-RJ;DEL02-RJ;UOP01-DEL02-RJ
735560;30/11/2025;domingo;22:50:00;BA;116;422;FEIRA DE SANTANA;Reação tardia ou ineficiente do condutor;Colisão com objeto;Com Vítimas Feridas;Plena Noite;Decrescente;Céu Claro;Dupla;Rotatória;Sim;2;0;1;0;1;0;1;2;-12,229893;-38,964496;SPRF-BA;DEL02-BA;UOP01-DEL02-BA
735561;30/11/2025;domingo;21:00:00;GO;153;439;ANAPOLIS;Reação tardia ou ineficiente do condutor;Colisão com objeto;Sem Vítimas;Plena Noite;Decrescente;Nublado;Dupla;Desvio Temporário;Sim;1;0;0;0;0;1;0;1;-16,30487;-48,924488;SPRF-GO;DEL02-GO;UOP01-DEL02-GO
735562;30/11/2025;domingo;22:30:00;SC;101;138;BALNEARIO CAMBORIU;Reação tardia ou ineficiente do condutor;Capotamento;Com Vítimas Feridas;Plena Noite;Crescente;Céu Claro;Dupla;Curva;Não;2;0;2;0;0;0;2;1;-27,03127116;-48,60250711;SPRF-SC;DEL04-SC;UOP03-DEL04-SC
735563;30/11/2025;domingo;19:00:00;PR;376;642;TIJUCAS DO SUL;Ausência de reação do condutor;Colisão traseira;Com Vítimas Feridas;Plena Noite;Decrescente;Chuva;Dupla;Reta;Não;2;0;0;1;1;0;1;2;-25,81024559;-49,13360596;SPRF-PR;DEL01-PR;UOP04-DEL01-PR
735564;30/11/2025;domingo;22:15:00;SC;163;106,2;SAO JOSE DO CEDRO;Ausência de reação do condutor;Saída de leito carroçável;Sem Vítimas;Plena Noite;Decrescente;Nublado;Dupla;"Retorno Regulamentado;Curva";Não;1;0;0;0;1;0;0;1;-26,43517661;-53,51879776;SPRF-SC;DEL07-SC;UOP03-DEL07-SC
735565;30/11/2025;domingo;21:45:00;RS;116;417,8;CAMAQUA;Reação tardia ou ineficiente do condutor;Atropelamento de Animal;Com Vítimas Feridas;Plena Noite;Decrescente;Nublado;Simples;"Reta;Desvio Temporário";Não;1;0;1;0;0;0;1;1;-30,88946251;-51,83950655;SPRF-RS;DEL02-RS;UOP02-DEL02-RS
735566;30/11/2025;domingo;21:20:00;MS;163;349,8;RIO BRILHANTE;Transitar na contramão;Colisão lateral sentido oposto;Sem Vítimas;Plena Noite;Crescente;Céu Claro;Simples;Reta;Não;7;0;0;0;7;0;0;2;-21,592828;-54,434378;SPRF-MS;DEL02-MS;UOP02-DEL02-MS
735567;30/11/2025;domingo;22:15:00;RJ;101;393;ITAGUAI;Condutor Dormindo;Colisão com objeto;Sem Vítimas;Plena Noite;Decrescente;Céu Claro;Dupla;Reta;Sim;2;0;0;0;2;0;0;2;-22,8589108;-43,7591085;SPRF-RJ;DEL03-RJ;UOP01-DEL03-RJ
735568;30/11/2025;domingo;22:40:00;PI;343;3,1;TERESINA;Conversão proibida;Colisão transversal;Com Vítimas Feridas;Plena Noite;Crescente;Céu Claro;Múltipla;Interseção de Vias;Sim;3;0;2;0;0;1;2;2;-5,080937;-42,778098;SPRF-PI;DEL01-PI;UOP01-DEL01-PI
735569;30/11/2025;domingo;22:30:00;MT;163;950;NOVA SANTA HELENA;Reação tardia ou ineficiente do condutor;Saída de leito carroçável;Com Vítimas Feridas;Plena Noite;Crescente;Nevoeiro/Neblina;Simples;Reta;Não;1;0;1;0;0;0;1;1;-10,895608;-55,199708;SPRF-MT;DEL06-MT;UOP02-DEL06-MT
735570;30/11/2025;domingo;23:00:00;SC;101;160,8;TIJUCAS;Reação tardia ou ineficiente do condutor;Colisão com objeto;Com Vítimas Feridas;Plena Noite;Crescente;Nublado;Dupla;Reta;Não;3;0;0;2;1;0;2;2;-27,21541;-48,6237;SPRF-SC;DEL04-SC;UOP03-DEL04-SC
735571;30/11/2025;domingo;22:20:00;SC;470;87,9;RODEIO;Velocidade Incompatível;Saída de leito carroçável;Com Vítimas Feridas;Plena Noite;Crescente;Nublado;Simples;"Declive;Curva";Não;1;0;1;0;0;0;1;1;-26,94812491;-49,36582088;SPRF-SC;DEL04-SC;UOP01-DEL04-SC
735572;30/11/2025;domingo;23:50:00;BA;101;441;UBAITABA;Ausência de reação do condutor;Queda de ocupante de veículo;Com Vítimas Feridas;Plena Noite;Crescente;Céu Claro;Simples;Reta;Não;2;0;0;2;0;0;2;1;-14,27727616;-39,32717562;SPRF-BA;DEL05-BA;UOP01-DEL05-BA
735573;30/11/2025;domingo;22:10:00;ES;262;106,2;VENDA NOVA DO IMIGRANTE;Condutor deixou de manter distância do veículo da frente;Colisão traseira;Com Vítimas Feridas;Plena Noite;Decrescente;Nublado;Simples;"Aclive;Reta";Não;4;0;3;1;0;0;4;3;-20,32806;-41,148948;SPRF-ES;DEL01-ES;UOP02-DEL01-ES
735574;30/11/2025;domingo;22:20:00;PR;116;5,5;QUATRO BARRAS;Ingestão de álcool pelo condutor;Colisão traseira;Sem Vítimas;Plena Noite;Decrescente;Nublado;Dupla;Reta;Sim;2;0;0;0;2;0;0;2;-25,3652589;-49,0900898;SPRF-PR;DEL01-PR;UOP02-DEL01-PR
735575;30/11/2025;domingo;23:40:00;PI;343;22;PARNAIBA;Ausência de reação do condutor;Tombamento;Com Vítimas Feridas;Plena Noite;Decrescente;Céu Claro;Simples;Reta;Não;2;0;2;0;0;0;2;1;-2,994772;-41,764982;SPRF-PI;DEL05-PI;UOP01-DEL05-PI
735576;30/11/2025;domingo;23:30:00;PR;277;176,3;PALMEIRA;Ausência de reação do condutor;Saída de leito carroçável;Com Vítimas Feridas;Plena Noite;Crescente;Nublado;Simples;"Viaduto;Reta";Não;3;0;3;0;0;0;3;1;-25,434;-49,996;SPRF-PR;DEL08-PR;UOP02-DEL08-PR
735577;30/11/2025;domingo;23:30:00;PE;232;51;JABOATAO DOS GUARARAPES;Animais na Pista;Atropelamento de Animal;Com Vítimas Feridas;Plena Noite;Crescente;Céu Claro;Dupla;Reta;Não;2;0;1;0;1;0;1;1;-8,138762;-35;SPRF-PE;DEL02-PE;UOP02-DEL02PE
735578;30/11/2025;domingo;23:30:00;PR;116;123;CURITIBA;Reação tardia ou ineficiente do condutor;Tombamento;Com Vítimas Feridas;Plena Noite;Decrescente;Nublado;Dupla;Reta;Não;1;0;1;0;0;0;1;1;-25,6141469;-49,3180705;SPRF-PR;DEL01-PR;UOP03-DEL01-PR
735579;30/11/2025;domingo;23:50:00;MG;40;494,2;MATOZINHOS;Animais na Pista;Atropelamento de Animal;Com Vítimas Feridas;Plena Noite;Decrescente;Nublado;Dupla;"Curva;Declive";Não;4;0;1;1;2;0;2;1;-19,654703;-44,198117;SPRF-MG;DEL02-MG;UOP01-DEL02-MG
735580;30/11/2025;domingo;22:09:00;MS;262;263;RIBAS DO RIO PARDO;Ausência de reação do condutor;Colisão lateral sentido oposto;Com Vítimas Fatais;Plena Noite;Crescente;Céu Claro;Simples;Reta;Não;3;1;0;0;2;0;0;2;-20,46097;-53,7081443;SPRF-MS;DEL01-MS;UOP05-DEL01-MS
735583;30/11/2025;domingo;23:19:00;GO;60;177,8;ABADIA DE GOIAS;Ausência de reação do condutor;Saída de leito carroçável;Com Vítimas Feridas;Plena Noite;Crescente;Chuva;Dupla;"Reta;Declive";Não;2;0;1;0;1;0;1;1;-16,765815;-49,472838;SPRF-GO;DEL01-GO;UOP02-DEL01-GO
735584;01/12/2025;segunda-feira;01:00:00;RS;116;331;BARRA DO RIBEIRO;Reação tardia ou ineficiente do condutor;Capotamento;Sem Vítimas;Plena Noite;Decrescente;Nublado;Dupla;Curva;Não;1;0;0;0;1;0;0;1;-30,38612933;-51,43219702;SPRF-RS;DEL02-RS;UOP02-DEL02-RS
735586;30/11/2025;domingo;23:00:00;AL;316;88;SANTANA DO IPANEMA;Ingestão de álcool pelo condutor;Colisão traseira;Com Vítimas Fatais;Plena Noite;Decrescente;Céu Claro;Simples;"Aclive;Reta";Não;3;1;0;1;1;0;1;2;-9,38217968;-37,22066045;SPRF-AL;DEL03-AL;UOP02-DEL03-AL
735587;01/12/2025;segunda-feira;00:00:00;RS;116;247;SAO LEOPOLDO;Velocidade Incompatível;Capotamento;Com Vítimas Feridas;Plena Noite;Decrescente;Céu Claro;Múltipla;Curva;Sim;1;0;1;0;0;0;1;1;-29,77010857;-51,15339108;SPRF-RS;DEL01-RS;UOP02-DEL01-RS
735588;01/12/2025;segunda-feira;00:01:00;MG;116;281,1;TEOFILO OTONI;Reação tardia ou ineficiente do condutor;Colisão traseira;Com Vítimas Fatais;Plena Noite;Decrescente;Céu Claro;Simples;"Declive;Reta";Não;4;1;0;0;2;1;0;3;-17,893955;-41,523752;SPRF-MG;DEL11-MG;UOP01-DEL11-MG
735589;01/12/2025;segunda-feira;00:30:00;PR;369;150;LONDRINA;Ingestão de álcool pelo condutor;Colisão traseira;Com Vítimas Feridas;Plena Noite;Decrescente;Céu Claro;Dupla;Reta;Sim;3;0;1;0;1;1;1;2;-23,29292855;-51,16162268;SPRF-PR;DEL07-PR;UOP01-DEL07-PR
735590;30/11/2025;domingo;22:15:00;SC;101;454,8;SAO JOAO DO SUL;Ausência de reação do condutor;Colisão traseira;Com Vítimas Fatais;Plena Noite;Crescente;Céu Claro;Simples;Reta;Não;4;1;0;0;2;1;0;3;-29,220354;-49,759901;SPRF-SC;DEL02-SC;UOP02-DEL02-SC
735591;01/12/2025;segunda-feira;01:40:00;PA;316;61;CASTANHAL;Ausência de reação do condutor;Colisão com objeto;Sem Vítimas;Plena Noite;Crescente;Céu Claro;Dupla;Reta;Sim;1;0;0;0;1;0;0;1;-1,29770833;-47,93863333;SPRF-PA;DEL01-PA;UOP01-DEL01-PA
735592;01/12/2025;segunda-feira;00:40:00;MG;40;470,2;SETE LAGOAS;Ingestão de álcool pelo condutor;Saída de leito carroçável;Sem Vítimas;Plena Noite;Decrescente;Nublado;Dupla;Reta;Sim;2;0;0;0;2;0;0;1;-19,466;-44,297;SPRF-MG;DEL02-MG;UOP01-DEL02-MG
735593;01/12/2025;segunda-feira;01:50:00;RJ;116;245;PIRAI;Animais na Pista;Atropelamento de Animal;Com Vítimas Feridas;Plena Noite;Crescente;Céu Claro;Dupla;Curva;Não;3;0;2;1;0;0;3;1;-22,61862665;-43,92762751;SPRF-RJ;DEL07-RJ;UOP01-DEL07-RJ
735594;01/12/2025;segunda-feira;02:45:00;SC;282;5,2;SAO JOSE;Ingestão de álcool pelo condutor;Saída de leito carroçável;Sem Vítimas;Plena Noite;Crescente;Céu Claro;Dupla;Reta;Sim;1;0;0;0;1;0;0;1;-27,58733;-48,6147;SPRF-SC;DEL01-SC;UOP01-DEL01-SC
735595;01/12/2025;segunda-feira;02:20:00;SP;116;550;BARRA DO TURVO;Velocidade Incompatível;Colisão com objeto;Com Vítimas Feridas;Plena Noite;Decrescente;Garoa/Chuvisco;Simples;Curva;Não;1;0;1;0;0;0;1;1;-25,00782426;-48,50740349;SPRF-SP;DEL05-SP;UOP02-DEL05-SP
735597;01/12/2025;segunda-feira;00:30:00;PR;373;398;CANDOI;Ausência de reação do condutor;Saída de leito carroçável;Com Vítimas Feridas;Plena Noite;Decrescente;Nublado;Simples;Reta;Sim;1;0;0;1;0;0;1;1;-25,55659742;-52,0375371;SPRF-PR;DEL08-PR;UOP01-DEL08-PR
735598;01/12/2025;segunda-feira;02:40:00;PB;230;26;JOAO PESSOA;Transitar na contramão;Colisão frontal;Sem Vítimas;Plena Noite;Decrescente;Céu Claro;Dupla;Aclive;Sim;2;0;0;0;2;0;0;2;-7,1692376;-34,878834;SPRF-PB;DEL01-PB;UOP01-DEL01-PB
735599;01/12/2025;segunda-feira;02:44:00;RJ;101;387;RIO DE JANEIRO;Reação tardia ou ineficiente do condutor;Capotamento;Sem Vítimas;Plena Noite;Decrescente;Céu Claro;Dupla;Reta;Não;1;0;0;0;1;0;0;1;-22,8887075;-43,6579797;SPRF-RJ;DEL03-RJ;UOP01-DEL03-RJ
735601;01/12/2025;segunda-feira;03:45:00;PR;277;614,4;CEU AZUL;Condutor deixou de manter distância do veículo da frente;Saída de leito carroçável;Com Vítimas Feridas;Plena Noite;Crescente;Céu Claro;Simples;"Reta;Declive";Não;3;0;2;0;1;0;2;1;-25,05714908;-53,64160387;SPRF-PR;DEL05-PR;UOP02-DEL05-PR
735602;01/12/2025;segunda-feira;05:15:00;RJ;101;244;SILVA JARDIM;Ausência de reação do condutor;Colisão com objeto;Com Vítimas Feridas;Amanhecer;Crescente;Céu Claro;Dupla;Reta;Sim;1;0;1;0;0;0;1;1;-22,65045263;-42,48584747;SPRF-RJ;DEL02-RJ;UOP03-DEL02-RJ
735603;30/11/2025;domingo;20:50:00;RS;386;227;MORMACO;Iluminação deficiente;Colisão com objeto;Com Vítimas Feridas;Plena Noite;Decrescente;Nublado;Simples;"Em Obras;Interseção de Vias";Não;3;0;0;1;2;0;1;1;-28,679409;-52,602867;SPRF-RS;DEL04-RS;UOP03-DEL04-RS
735604;01/12/2025;segunda-feira;05:10:00;DF;70;19;BRASILIA;Ausência de reação do condutor;Colisão traseira;Com Vítimas Feridas;Pleno dia;Decrescente;Céu Claro;Dupla;Reta;Não;2;0;1;0;1;0;1;2;-15,787535;-48,228212;SPRF-DF;DEL03-DF;UOP02-DEL03-DF
735605;30/11/2025;domingo;20:45:00;MG;262;435,9;NOVA SERRANA;Ausência de reação do condutor;Colisão traseira;Com Vítimas Feridas;Pleno dia;Decrescente;Céu Claro;Dupla;Declive;Não;6;0;3;1;2;0;4;3;-19,87413;-44,95662;SPRF-MG;DEL08-MG;UOP03-DEL08-MG
735606;01/12/2025;segunda-feira;05:52:00;PB;101;62,7;SANTA RITA;Condutor Dormindo;Saída de leito carroçável;Com Vítimas Fatais;Amanhecer;Crescente;Céu Claro;Dupla;Reta;Não;1;1;0;0;0;0;0;1;-7,0241135;-35,0612352;SPRF-PB;DEL01-PB;UOP03-DEL01-PB
735607;01/12/2025;segunda-feira;06:30:00;RJ;116;176;SAO JOAO DE MERITI;Reação tardia ou ineficiente do condutor;Colisão com objeto;Com Vítimas Feridas;Pleno dia;Crescente;Nublado;Múltipla;Reta;Não;1;0;0;1;0;0;1;1;-22,8044718;-43,345202;SPRF-RJ;DEL06-RJ;UOP01-DEL06-RJ
735610;01/12/2025;segunda-feira;06:21:00;BA;324;621;SALVADOR;Manobra de mudança de faixa;Colisão transversal;Com Vítimas Feridas;Pleno dia;Decrescente;Céu Claro;Dupla;Reta;Não;2;0;1;0;1;0;1;2;-12,92888167;-38,46872;SPRF-BA;DEL01-BA;UOP01-DEL01-BA
735612;01/12/2025;segunda-feira;07:00:00;TO;10;463;PALMAS;Acessar a via sem observar a presença dos outros veículos;Colisão traseira;Com Vítimas Feridas;Pleno dia;Crescente;Nublado;Múltipla;Reta;Não;2;0;1;0;1;0;1;2;-10,22732336;-48,26758504;SPRF-TO;DEL01-TO;UOP03-DEL01-TO
735613;01/12/2025;segunda-feira;06:50:00;RS;116;155,8;CAXIAS DO SUL;Reação tardia ou ineficiente do condutor;Colisão lateral mesmo sentido;Com Vítimas Feridas;Pleno dia;Decrescente;Nublado;Simples;Curva;Sim;1;0;1;0;0;0;1;1;-29,20701716;-51,17755359;SPRF-RS;DEL05-RS;UOP01-DEL05-RS
735614;01/12/2025;segunda-feira;06:45:00;SC;101;324,9;CAPIVARI DE BAIXO;Transitar na contramão;Colisão transversal;Com Vítimas Feridas;Pleno dia;Decrescente;Chuva;Simples;Interseção de Vias;Sim;2;0;2;0;0;0;2;2;-28,425962;-48,943797;SPRF-SC;DEL02-SC;UOP01-DEL02-SC
735615;30/11/2025;domingo;22:00:00;RJ;116;179;MESQUITA;Deficiência do Sistema de Iluminação/Sinalização;Atropelamento de Pedestre;Com Vítimas Feridas;Plena Noite;Decrescente;Céu Claro;Dupla;Reta;Sim;1;0;0;1;0;0;1;1;-22,77497913;-43,40129463;SPRF-RJ;DEL06-RJ;UOP01-DEL06-RJ
735616;01/12/2025;segunda-feira;06:30:00;MG;40;512;RIBEIRAO DAS NEVES;Condutor deixou de manter distância do veículo da frente;Colisão traseira;Com Vítimas Feridas;Pleno dia;Crescente;Céu Claro;Dupla;"Declive;Reta";Sim;3;0;2;0;1;0;2;2;-19,789524;-44,113024;SPRF-MG;DEL01-MG;UOP02-DEL01-MG
735617;01/12/2025;segunda-feira;06:25:00;ES;101;448;MIMOSO DO SUL;Acessar a via sem observar a presença dos outros veículos;Colisão transversal;Com Vítimas Feridas;Amanhecer;Crescente;Céu Claro;Simples;"Declive;Interseção de Vias";Sim;2;0;1;0;1;0;1;2;-21,13094177;-41,28044128;SPRF-ES;DEL03-ES;UOP02-DEL03-ES
735618;01/12/2025;segunda-feira;06:20:00;SE;235;2,2;ARACAJU;Condutor deixou de manter distância do veículo da frente;Colisão traseira;Com Vítimas Feridas;Pleno dia;Decrescente;Céu Claro;Dupla;"Reta;Declive";Sim;4;0;1;0;2;1;1;4;-10,907173;-37,0961829;SPRF-SE;DEL01-SE;UOP01-DEL01-SE
735619;01/12/2025;segunda-feira;06:40:00;PE;232;5;RECIFE;Acessar a via sem observar a presença dos outros veículos;Colisão transversal;Com Vítimas Feridas;Pleno dia;Decrescente;Céu Claro;Simples;Reta;Sim;2;0;1;1;0;0;2;2;-8,069137;-34,945902;SPRF-PE;DEL01-PE;UOP01-DEL01-PE
735620;30/11/2025;domingo;23:30:00;RO;364;340;JI-PARANA;Acesso irregular;Colisão transversal;Com Vítimas Feridas;Plena Noite;Crescente;Ignorado;Múltipla;Reta;Sim;2;0;2;0;0;0;2;2;-10,89538;-61,930413;SPRF-RO;DEL02-RO;UOP01-DEL02-RO
735622;01/12/2025;segunda-feira;07:10:00;SP;116;7,8;QUELUZ;Ausência de sinalização;Colisão lateral sentido oposto;Com Vítimas Feridas;Pleno dia;Decrescente;Céu Claro;Simples;Declive;Sim;2;0;1;0;1;0;1;2;-22,53636;-44,770353;SPRF-SP;DEL08-SP;UOP02-DEL08-SP
735623;01/12/2025;segunda-feira;06:40:00;ES;101;297;VIANA;Animais na Pista;Tombamento;Com Vítimas Feridas;Pleno dia;Crescente;Céu Claro;Múltipla;Reta;Sim;2;0;1;0;1;0;1;1;-20,34947557;-40,41257501;SPRF-ES;DEL01-ES;UOP01-DEL01-ES
735626;01/12/2025;segunda-feira;07:10:00;SP;116;201;ARUJA;Manobra de mudança de faixa;Colisão traseira;Com Vítimas Fatais;Pleno dia;Crescente;Céu Claro;Dupla;Reta;Sim;3;1;1;0;1;0;1;3;-23,40270408;-46,32278848;SPRF-SP;DEL01-SP;UOP01-DEL01-SP
735627;01/12/2025;segunda-feira;06:27:00;PE;423;21;SAO CAITANO;Demais falhas na via;Colisão lateral mesmo sentido;Com Vítimas Feridas;Pleno dia;Crescente;Céu Claro;Dupla;Reta;Não;2;0;2;0;0;0;2;2;-8,35204;-36,171048;SPRF-PE;DEL03-PE;UOP02-DEL03-PE
735628;30/11/2025;domingo;21:30:00;RJ;40;112;DUQUE DE CAXIAS;Acessar a via sem observar a presença dos outros veículos;Atropelamento de Pedestre;Sem Vítimas;Pleno dia;Decrescente;Céu Claro;Múltipla;Reta;Sim;2;0;0;0;2;0;0;2;-22,72142087;-43,28942434;SPRF-RJ;DEL01-RJ;UOP02-DEL01-RJ
735629;01/12/2025;segunda-feira;05:00:00;PR;277;647,1;CEU AZUL;Ultrapassagem Indevida;Colisão frontal;Com Vítimas Fatais;Plena Noite;Crescente;Nublado;Simples;"Curva;Aclive";Não;8;2;0;6;0;0;6;2;-25,173419;-53,898632;SPRF-PR;DEL05-PR;UOP02-DEL05-PR
735630;01/12/2025;segunda-feira;07:15:00;PR;476;171;CONTENDA;Reação tardia ou ineficiente do condutor;Colisão com objeto;Com Vítimas Feridas;Amanhecer;Crescente;Nublado;Simples;"Reta;Aclive";Não;1;0;1;0;0;0;1;1;-25,674322;-49,514193;SPRF-PR;DEL01-PR;UOP06-DEL01-PR
735632;01/12/2025;segunda-feira;07:55:00;DF;40;0;BRASILIA;Ausência de reação do condutor;Colisão lateral mesmo sentido;Com Vítimas Feridas;Pleno dia;Decrescente;Nublado;Dupla;Reta;Sim;2;0;1;0;1;0;1;2;-15,98082131;-47,98879266;SPRF-DF;DEL01-DF;UOP01-DEL01-DF
735633;01/12/2025;segunda-feira;07:15:00;RN;406;152,1;CEARA-MIRIM;Condutor deixou de manter distância do veículo da frente;Engavetamento;Com Vítimas Feridas;Pleno dia;Decrescente;Céu Claro;Simples;Reta;Sim;3;0;1;0;2;0;1;3;-5,656248;-35,416928;SPRF-RN;DEL02-RN;UOP01-DEL02-RN
735636;01/12/2025;segunda-feira;07:00:00;MG;40;520,6;CONTAGEM;Ausência de reação do condutor;Colisão traseira;Com Vítimas Feridas;Pleno dia;Crescente;Céu Claro;Dupla;Reta;Não;2;0;1;1;0;0;2;2;-19,8536838;-44,07245904;SPRF-MG;DEL01-MG;UOP02-DEL01-MG
735637;01/12/2025;segunda-feira;07:50:00;SP;381;34;ATIBAIA;Trafegar com motocicleta (ou similar) entre as faixas;Colisão lateral mesmo sentido;Com Vítimas Feridas;Pleno dia;Decrescente;Céu Claro;Múltipla;"Aclive;Curva";Sim;2;0;1;0;1;0;1;2;-23,0794943;-46,5687873;SPRF-SP;DEL03-SP;UOP02-DEL03-SP
735638;01/12/2025;segunda-feira;07:30:00;MG;40;549;NOVA LIMA;Condutor deixou de manter distância do veículo da frente;Colisão traseira;Com Vítimas Feridas;Pleno dia;Crescente;Sol;Dupla;"Aclive;Reta";Não;2;0;1;0;1;0;1;2;-20,04144819;-43,96600842;SPRF-MG;DEL01-MG;UOP02-DEL01-MG
735639;01/12/2025;segunda-feira;07:35:00;MA;135;15;SAO LUIS;Pista Escorregadia;Queda de ocupante de veículo;Com Vítimas Feridas;Pleno dia;Decrescente;Céu Claro;Dupla;Retorno Regulamentado;Não;1;0;1;0;0;0;1;1;-2,56828;-44,35836;SPRF-MA;DEL01-MA;UOP01-DEL01-MA
735640;01/12/2025;segunda-feira;00:30:00;RJ;40;116;DUQUE DE CAXIAS;Demais falhas mecânicas ou elétricas;Incêndio;Sem Vítimas;Plena Noite;Crescente;Céu Claro;Múltipla;Reta;Sim;1;0;0;0;0;1;0;1;-22,73629014;-43,28853607;SPRF-RJ;DEL01-RJ;UOP02-DEL01-RJ
735642;01/12/2025;segunda-feira;08:02:00;DF;20;52,1;BRASILIA;Ausência de reação do condutor;Saída de leito carroçável;Com Vítimas Feridas;Pleno dia;Crescente;Nublado;Dupla;"Reta;Declive;Retorno Regulamentado";Não;1;0;0;1;0;0;1;1;-15,580017;-47,403697;SPRF-DF;DEL02-DF;UOP01-DEL02-DF
735645;01/12/2025;segunda-feira;07:50:00;BA;101;474;URUCUCA;Acessar a via sem observar a presença dos outros veículos;Colisão traseira;Com Vítimas Feridas;Pleno dia;Crescente;Sol;Simples;Interseção de Vias;Não;3;0;0;1;2;0;1;2;-14,56572801;-39,334656;SPRF-BA;DEL05-BA;UOP01-DEL05-BA
735647;01/12/2025;segunda-feira;07:00:00;MG;40;511;RIBEIRAO DAS NEVES;Condutor deixou de manter distância do veículo da frente;Colisão traseira;Com Vítimas Feridas;Pleno dia;Crescente;Céu Claro;Dupla;Curva;Sim;2;0;0;1;1;0;1;2;-19,78360447;-44,11600828;SPRF-MG;DEL01-MG;UOP02-DEL01-MG
735648;01/12/2025;segunda-feira;07:50:00;RJ;101;476;ANGRA DOS REIS;Ausência de reação do condutor;Colisão lateral sentido oposto;Com Vítimas Feridas;Pleno dia;Decrescente;Nublado;Simples;Reta;Sim;3;0;1;1;1;0;2;2;-23,00262862;-44,26291291;SPRF-RJ;DEL03-RJ;UOP03-DEL03-RJ
735649;01/12/2025;segunda-feira;08:45:00;RN;101;96;NATAL;Manobra de mudança de faixa;Colisão lateral mesmo sentido;Com Vítimas Feridas;Pleno dia;Decrescente;Céu Claro;Dupla;Reta;Sim;2;0;1;0;1;0;1;2;-5,854001;-35,211035;SPRF-RN;DEL01-RN;UOP01-DEL01-RN
735650;01/12/2025;segunda-feira;06:40:00;PR;376;605;CURITIBA;Ausência de reação do condutor;Queda de ocupante de veículo;Com Vítimas Feridas;Amanhecer;Decrescente;Nublado;Dupla;Reta;Sim;2;0;2;0;0;0;2;1;-25,5362133;-49,3174716;SPRF-PR;DEL01-PR;UOP03-DEL01-PR
735651;01/12/2025;segunda-feira;08:00:00;PE;232;508;SALGUEIRO;Acessar a via sem observar a presença dos outros veículos;Colisão transversal;Com Vítimas Feridas;Pleno dia;Crescente;Céu Claro;Simples;Reta;Sim;2;0;0;1;1;0;1;2;-8,06523151;-39,13100481;SPRF-PE;DEL05-PE;UOP01-DEL05-PE
735652;01/12/2025;segunda-feira;04:30:00;GO;364;18;SAO SIMAO;Iluminação deficiente;Atropelamento de Pedestre;Com Vítimas Feridas;Plena Noite;Decrescente;Ignorado;Simples;Reta;Não;2;0;1;0;1;0;1;2;-18,938561;-50,640348;SPRF-GO;DEL05-GO;UOP02-DEL05-GO
735654;01/12/2025;segunda-feira;09:40:00;SC;470;86,9;RODEIO;Ingestão de álcool pelo condutor;Colisão frontal;Com Vítimas Feridas;Pleno dia;Crescente;Garoa/Chuvisco;Simples;"Curva;Ponte";Não;2;0;1;1;0;0;2;2;-26,94808142;-49,36556188;SPRF-SC;DEL04-SC;UOP01-DEL04-SC