id;data_inversa;dia_semana;horario;uf;br;km;municipio;causa_acidente;tipo_acidente;classificacao_acidente;fase_dia;sentido_via;condicao_metereologica;tipo_pista;tracado_via;uso_solo;pessoas;mortos;feridos_leves;feridos_graves;ilesos;ignorados;feridos;veiculos;latitude;longitude;regional;delegacia;uop
735773;01/12/2025;segunda-feira;19:00:00;SC;101;207;SAO JOSE;Trafegar com motocicleta (ou similar) entre as faixas;Colisão lateral mesmo sentido;Com Vítimas Feridas;Plena Noite;Crescente;Garoa/Chuvisco;Múltipla;"Reta;Declive";Não;3;0;2;0;1;0;2;2;-27,602163;-48,629028;SPRF-SC;DEL01-SC;UOP01-DEL01-SC
735778;01/12/2025;segunda-feira;18:40:00;PR;277;720;SANTA TEREZINHA DE ITAIPU;Condutor usando celular;Saída de leito carroçável;Com Vítimas Feridas;Anoitecer;Decrescente;Céu Claro;Dupla;Reta;Não;2;0;1;0;1;0;1;2;-25,47604462;-54,47585519;SPRF-PR;DEL05-PR;UOP03-DEL05-PR
735779;01/12/2025;segunda-feira;19:25:00;SC;101;115,5;ITAJAI;Pedestre cruzava a pista fora da faixa;Atropelamento de Pedestre;Com Vítimas Fatais;Plena Noite;Crescente;Chuva;Múltipla;Reta;Sim;2;1;0;0;1;0;0;2;-26,8740125;-48,7281003;SPRF-SC;DEL04-SC;UOP04-DEL04-SC
735780;01/12/2025;segunda-feira;18:50:00;CE;222;312,7;TIANGUA;Animais na Pista;Atropelamento de Animal;Com Vítimas Feridas;Plena Noite;Crescente;Céu Claro;Múltipla;Reta;Sim;1;0;1;0;0;0;1;1;-3,721587;-40,995825;SPRF-CE;DEL04-CE;UOP02-DEL04-CE
735783;01/12/2025;segunda-feira;18:15:00;SC;280;27,5;ARAQUARI;Conversão proibida;Colisão transversal;Com Vítimas Feridas;Anoitecer;Crescente;Nublado;Simples;Reta;Não;2;0;1;0;1;0;1;2;-26,401393;-48,743241;SPRF-SC;DEL03-SC;UOP03-DEL03-SC
735786;01/12/2025;segunda-feira;18:30:00;BA;101;360;WENCESLAU GUIMARAES;Pedestre - Ingestão de álcool/ substâncias psicoativas;Colisão transversal;Com Vítimas Feridas;Anoitecer;Decrescente;Céu Claro;Simples;Reta;Não;4;0;3;1;0;0;4;3;-13,695221;-39,479504;SPRF-BA;DEL05-BA;UOP03-DEL05-BA
735787;01/12/2025;segunda-feira;15:30:00;RS;285;601;SANTO ANTONIO DAS MISSOES;Manobra de mudança de faixa;Saída de leito carroçável;Com Vítimas Fatais;Pleno dia;Crescente;Céu Claro;Simples;"Reta;Aclive";Não;2;1;0;0;0;1;0;2;-28,49077;-55,27441;SPRF-RS;DEL12-RS;UOP01-DEL12-RS
735788;01/12/2025;segunda-feira;19:20:00;ES;101;148,7;LINHARES;Condutor desrespeitou a iluminação vermelha do semáforo;Colisão transversal;Com Vítimas Feridas;Plena Noite;Decrescente;Céu Claro;Múltipla;"Reta;Interseção de Vias";Sim;3;0;1;2;0;0;3;2;-19,3946382;-40,0653978;SPRF-ES;DEL04-ES;UOP01-DEL04-ES
735789;01/12/2025;segunda-feira;21:10:00;PE;408;96;JABOATAO DOS GUARARAPES;Pista Escorregadia;Tombamento;Com Vítimas Feridas;Plena Noite;Crescente;Céu Claro;Múltipla;Viaduto;Sim;1;0;1;0;0;0;1;1;-8,07227;-34,99202;SPRF-PE;DEL01-PE;UOP01-DEL01-PE
735791;01/12/2025;segunda-feira;20:00:00;SC;116;219,2;CORREIA PINTO;Acessar a via sem observar a presença dos outros veículos;Colisão transversal;Com Vítimas Feridas;Pleno dia;Decrescente;Garoa/Chuvisco;Simples;Rotatória;Sim;2;0;1;0;1;0;1;2;-27,58082507;-50,36811948;SPRF-SC;DEL05-SC;UOP03-DEL05-SC
735796;01/12/2025;segunda-feira;19:20:00;MG;40;279;TRES MARIAS;Ultrapassagem Indevida;Colisão frontal;Com Vítimas Feridas;Plena Noite;Crescente;Céu Claro;Simples;Aclive;Sim;4;0;0;2;2;0;2;3;-18,229901;-45,218673;SPRF-MG;DEL14-MG;UOP02-DEL14-MG
735797;01/12/2025;segunda-feira;20:30:00;PR;376;644,5;TIJUCAS DO SUL;Desrespeitar a preferência no cruzamento;Colisão transversal;Com Vítimas Feridas;Plena Noite;Decrescente;Céu Claro;Múltipla;"Interseção de Vias;Rotatória";Sim;2;0;1;0;0;1;1;2;-25,824489;-49,125254;SPRF-PR;DEL01-PR;UOP04-DEL01-PR
735801;01/12/2025;segunda-feira;19:24:00;PI;230;310,4;FLORIANO;Ausência de reação do condutor;Tombamento;Sem Vítimas;Plena Noite;Crescente;Céu Claro;Simples;Reta;Sim;1;0;0;0;1;0;0;1;-6,762375;-43,010703;SPRF-PI;DEL03-PI;UOP01-DEL03-PI
735802;01/12/2025;segunda-feira;20:20:00;MA;230;2,2;BARAO DE GRAJAU;Animais na Pista;Atropelamento de Animal;Com Vítimas Feridas;Plena Noite;Crescente;Céu Claro;Simples;Reta;Sim;1;0;0;1;0;0;1;1;-6,754225;-43,02625;SPRF-PI;DEL03-PI;UOP01-DEL03-PI
735803;21/11/2025;sexta-feira;09:45:00;BA;242;337;LAJEDINHO;Ultrapassagem Indevida;Colisão frontal;Com Vítimas Feridas;Pleno dia;Decrescente;Céu Claro;Simples;Curva;Não;3;0;1;1;0;1;2;3;-12,49766;-41,19805;SPRF-BA;DEL06-BA;UOP02-DEL06-BA
735804;01/12/2025;segunda-feira;18:20:00;RJ;40;32;AREAL;Ausência de reação do condutor;Tombamento;Com Vítimas Feridas;Anoitecer;Decrescente;Céu Claro;Dupla;Curva;Não;1;0;1;0;0;0;1;1;-22,20125795;-43,14943361;SPRF-RJ;DEL05-RJ;UOP02-DEL05-RJ
735805;01/12/2025;segunda-feira;20:20:00;SP;116;222;GUARULHOS;Acessar a via sem observar a presença dos outros veículos;Colisão transversal;Com Vítimas Feridas;Plena Noite;Decrescente;Céu Claro;Dupla;Reta;Sim;2;0;1;0;1;0;1;2;-23,475692;-46,524423;SPRF-SP;DEL01-SP;UOP01-DEL01-SP
735806;01/12/2025;segunda-feira;20:15:00;RJ;101;303;SAO GONCALO;Mal súbito do condutor;Tombamento;Com Vítimas Feridas;Plena Noite;Decrescente;Céu Claro;Dupla;Reta;Não;2;0;1;0;0;1;1;2;-22,78317963;-42,97838185;SPRF-RJ;DEL02-RJ;UOP02-DEL02-RJ
735807;01/12/2025;segunda-feira;21:25:00;SE;235;65;ITABAIANA;Reação tardia ou ineficiente do condutor;Saída de leito carroçável;Sem Vítimas;Plena Noite;Crescente;Céu Claro;Simples;"Aclive;Curva";Não;1;0;0;0;0;1;0;1;-10,594898;-37,482022;SPRF-SE;DEL01-SE;UOP02-DEL01-SE
735808;01/12/2025;segunda-feira;17:30:00;SC;163;70,4;SAO MIGUEL DO OESTE;Ingestão de álcool pelo condutor;Colisão traseira;Sem Vítimas;Pleno dia;Crescente;Nublado;Dupla;Reta;Sim;2;0;0;0;2;0;0;2;-26,73291752;-53,50939097;SPRF-SC;DEL07-SC;UOP03-DEL07-SC
735809;01/12/2025;segunda-feira;22:00:00;MG;262;350;BETIM;Ausência de reação do condutor;Saída de leito carroçável;Sem Vítimas;Plena Noite;Decrescente;Céu Claro;Dupla;Reta;Sim;1;0;0;0;0;1;0;1;-19,98323122;-44,20939827;SPRF-MG;DEL01-MG;UOP03-DEL01-MG
735810;01/12/2025;segunda-feira;17:00:00;MT;364;261;RONDONOPOLIS;Condutor deixou de manter distância do veículo da frente;Colisão traseira;Com Vítimas Feridas;Pleno dia;Crescente;Céu Claro;Dupla;Reta;Não;5;0;2;1;2;0;3;2;-16,41081028;-54,71255779;SPRF-MT;DEL02-MT;UOP01-DEL02-MT
735811;01/12/2025;segunda-feira;22:06:00;PE;101;48,2;ABREU E LIMA;Ingestão de álcool pelo condutor;Colisão traseira;Sem Vítimas;Plena Noite;Decrescente;Céu Claro;Múltipla;Reta;Sim;2;0;0;0;2;0;0;2;-7,898528;-34,902302;SPRF-PE;DEL01-PE;UOP02-DEL01-PE
735812;01/12/2025;segunda-feira;19:45:00;SC;101;1,5;ARARANGUA;Condutor deixou de manter distância do veículo da frente;Colisão traseira;Com Vítimas Feridas;Plena Noite;Crescente;Nublado;Simples;Reta;Não;6;0;1;0;5;0;1;2;-28,9345146;-49,49510336;SPRF-SC;DEL02-SC;UOP02-DEL02-SC
735813;01/12/2025;segunda-feira;22:05:00;SC;282;502;XANXERE;Velocidade Incompatível;Saída de leito carroçável;Com Vítimas Feridas;Pleno dia;Crescente;Céu Claro;Dupla;"Curva;Declive";Sim;3;0;1;0;2;0;1;1;-26,88506659;-52,39377234;SPRF-SC;DEL07-SC;UOP01-DEL07-SC
735814;01/12/2025;segunda-feira;21:30:00;MT;364;404;CUIABA;Reação tardia ou ineficiente do condutor;Colisão traseira;Com Vítimas Feridas;Plena Noite;Decrescente;Céu Claro;Dupla;Reta;Sim;3;0;0;3;0;0;3;2;-15,64801918;-56,00452423;SPRF-MT;DEL01-MT;UOP02-DEL01-MT
735815;01/12/2025;segunda-feira;23:30:00;RJ;101;55;CAMPOS DOS GOYTACAZES;Ausência de reação do condutor;Colisão transversal;Com Vítimas Fatais;Plena Noite;Decrescente;Céu Claro;Simples;Reta;Sim;2;1;0;0;0;1;0;2;-21,680403;-41,310742;SPRF-RJ;DEL08-RJ;UOP01-DEL08-RJ
735816;01/12/2025;segunda-feira;23:26:00;PE;232;112,8;BEZERROS;Ausência de reação do condutor;Capotamento;Com Vítimas Feridas;Plena Noite;Crescente;Céu Claro;Dupla;Reta;Não;1;0;0;1;0;0;1;1;-8,2981;-35,83731;SPRF-PE;DEL02-PE;UOP03-DEL02-PE
735820;02/12/2025;terça-feira;00:05:00;RS;392;26,8;RIO GRANDE;Entrada inopinada do pedestre;Colisão com objeto;Com Vítimas Feridas;Plena Noite;Decrescente;Céu Claro;Simples;Curva;Sim;1;0;1;0;0;0;1;1;-32,07270018;-52,26330198;SPRF-RS;DEL07-RS;UOP02-DEL07-RS
735821;01/12/2025;segunda-feira;21:15:00;MS;158;142,2;APARECIDA DO TABOADO;Ausência de reação do condutor;Tombamento;Com Vítimas Feridas;Plena Noite;Crescente;Garoa/Chuvisco;Dupla;Reta;Não;1;0;1;0;0;0;1;1;-20,04746;-51,112392;SPRF-MS;DEL08-MS;UOP01-DEL08-MS
735822;01/12/2025;segunda-feira;21:20:00;MS;163;243;DOURADOS;Ausência de reação do condutor;Colisão frontal;Sem Vítimas;Plena Noite;Crescente;Céu Claro;Dupla;Reta;Não;2;0;0;0;1;1;0;2;-22,3651882;-54,7993556;SPRF-MS;DEL04-MS;UOP02-DEL04-MS
735823;02/12/2025;terça-feira;00:25:00;PR;277;10;PARANAGUA;Ausência de reação do condutor;Capotamento;Com Vítimas Feridas;Plena Noite;Decrescente;Nublado;Dupla;Reta;Não;1;0;1;0;0;0;1;1;-25,56883907;-48,61688107;SPRF-PR;DEL01-PR;UOP05-DEL01-PR
735828;02/12/2025;terça-feira;01:30:00;MG;381;502;BETIM;Ingestão de álcool pelo condutor;Colisão com objeto;Com Vítimas Feridas;Plena Noite;Crescente;Céu Claro;Dupla;Reta;Não;3;0;1;0;2;0;1;1;-20,01957214;-44,23052005;SPRF-MG;DEL01-MG;UOP03-DEL01-MG
735829;01/12/2025;segunda-feira;23:30:00;BA;116;845;VITORIA DA CONQUISTA;Condutor Dormindo;Colisão frontal;Com Vítimas Feridas;Plena Noite;Crescente;Céu Claro;Simples;"Reta;Declive";Não;4;0;0;1;3;0;1;2;-15,02486648;-40,95365234;SPRF-BA;DEL08-BA;UOP01-DEL08-BA
735832;02/12/2025;terça-feira;04:20:00;RJ;116;185;NOVA IGUACU;Ingestão de álcool pelo condutor;Colisão lateral mesmo sentido;Com Vítimas Feridas;Plena Noite;Decrescente;Garoa/Chuvisco;Dupla;Curva;Sim;3;0;1;1;1;0;2;2;-22,74452265;-43,44910383;SPRF-RJ;DEL06-RJ;UOP01-DEL06-RJ
735834;02/12/2025;terça-feira;05:00:00;PI;316;2;TERESINA;Condutor Dormindo;Colisão traseira;Com Vítimas Feridas;Amanhecer;Crescente;Céu Claro;Dupla;Rotatória;Sim;2;0;0;1;1;0;1;2;-5,12343718;-42,79563564;SPRF-PI;DEL01-PI;UOP02-DEL01-PI
735836;18/10/2025;sábado;15:20:00;SE;101;40;MURIBECA;Velocidade Incompatível;Colisão traseira;Com Vítimas Feridas;Pleno dia;Crescente;Céu Claro;Dupla;Reta;Não;2;0;0;1;0;1;1;2;-10,42467667;-36,92779541;SPRF-SE;DEL02-SE;UOP02-DEL02-SE
735839;02/12/2025;terça-feira;04:30:00;RJ;116;230;PARACAMBI;Acumulo de água sobre o pavimento;Colisão com objeto;Com Vítimas Feridas;Amanhecer;Crescente;Chuva;Simples;"Em Obras;Aclive;Curva";Não;1;0;0;1;0;0;1;1;-22,652;-43,828;SPRF-RJ;DEL07-RJ;UOP01-DEL07-RJ
735840;28/11/2025;sexta-feira;06:50:00;RJ;101;295;ITABORAI;Avarias e/ou desgaste excessivo no pneu;Saída de leito carroçável;Com Vítimas Feridas;Pleno dia;Crescente;Céu Claro;Dupla;Reta;Sim;5;0;5;0;0;0;5;1;-22,76482665;-42,90386292;SPRF-RJ;DEL02-RJ;UOP02-DEL02-RJ
735841;02/12/2025;terça-feira;06:15:00;RN;101;78,9;NATAL;Entrada inopinada do pedestre;Atropelamento de Pedestre;Com Vítimas Feridas;Pleno dia;Decrescente;Sol;Dupla;Reta;Sim;2;0;1;0;0;1;1;2;-5,74627062;-35,28961111;SPRF-RN;DEL02-RN;UOP01-DEL02-RN
735842;02/12/2025;terça-feira;00:02:00;SC;101;153;PORTO BELO;Reação tardia ou ineficiente do condutor;Saída de leito carroçável;Sem Vítimas;Plena Noite;Decrescente;Chuva;Dupla;Reta;Não;1;0;0;0;0;1;0;1;-27,14694733;-48,610425;SPRF-SC;DEL04-SC;UOP03-DEL04-SC
735843;02/12/2025;terça-feira;06:40:00;PR;369;154;LONDRINA;Avarias e/ou desgaste excessivo no pneu;Tombamento;Com Vítimas Feridas;Pleno dia;Decrescente;Céu Claro;Dupla;Declive;Sim;1;0;1;0;0;0;1;1;-23,296654;-51,2103293;SPRF-PR;DEL07-PR;UOP01-DEL07-PR
735845;02/12/2025;terça-feira;07:00:00;RN;101;78,7;NATAL;Velocidade Incompatível;Colisão lateral mesmo sentido;Com Vítimas Feridas;Pleno dia;Decrescente;Céu Claro;Dupla;Desvio Temporário;Sim;2;0;0;1;1;0;1;2;-5,746633;-35,289495;SPRF-RN;DEL02-RN;UOP01-DEL02-RN
735847;02/12/2025;terça-feira;06:55:00;PB;230;24;JOAO PESSOA;Ausência de reação do condutor;Colisão traseira;Com Vítimas Feridas;Pleno dia;Decrescente;Céu Claro;Múltipla;"Declive;Reta;Viaduto";Sim;3;0;1;1;1;0;2;2;-7,16789347;-34,86417739;SPRF-PB;DEL01-PB;UOP01-DEL01-PB
735849;02/12/2025;terça-feira;05:30:00;SP;488;2;APARECIDA;Condutor Dormindo;Colisão com objeto;Com Vítimas Feridas;Amanhecer;Crescente;Céu Claro;Dupla;Reta;Sim;1;0;1;0;0;0;1;1;-22,85450954;-45,24438036;SPRF-SP;DEL08-SP;UOP01-DEL08-SP
735850;02/12/2025;terça-feira;07:20:00;MG;381;529,1;RIO MANSO;Velocidade Incompatível;Saída de leito carroçável;Com Vítimas Feridas;Pleno dia;Crescente;Nublado;Dupla;"Curva;Declive";Não;1;0;1;0;0;0;1;1;-20,162019;-44,34137821;SPRF-MG;DEL04-MG;UOP03-DEL04-MG
735851;02/12/2025;terça-feira;07:35:00;SP;116;218;GUARULHOS;Ausência de reação do condutor;Colisão traseira;Com Vítimas Feridas;Pleno dia;Decrescente;Céu Claro;Múltipla;Reta;Sim;3;0;1;0;2;0;1;2;-23,4507473;-46,4618879;SPRF-SP;DEL01-SP;UOP01-DEL01-SP
735853;02/12/2025;terça-feira;07:15:00;SC;101;44;JOINVILLE;Trafegar com motocicleta (ou similar) entre as faixas;Colisão lateral mesmo sentido;Com Vítimas Feridas;Pleno dia;Decrescente;Nublado;Múltipla;Reta;Sim;2;0;1;0;1;0;1;2;-26,34542181;-48,85731697;SPRF-SC;DEL03-SC;UOP01-DEL03-SC
735854;02/12/2025;terça-feira;07:00:00;DF;20;19;BRASILIA;Acessar a via sem observar a presença dos outros veículos;Atropelamento de Pedestre;Com Vítimas Feridas;Pleno dia;Decrescente;Céu Claro;Dupla;Reta;Sim;3;0;1;0;2;0;1;2;-15,610023;-47,696567;SPRF-DF;DEL02-DF;UOP01-DEL02-DF
735855;02/12/2025;terça-feira;07:20:00;RS;448;4;ESTEIO;Condutor deixou de manter distância do veículo da frente;Colisão traseira;Com Vítimas Feridas;Pleno dia;Crescente;Sol;Dupla;Reta;Sim;2;0;1;0;1;0;1;2;-29,84642805;-51,20635779;SPRF-RS;DEL01-RS;UOP02-DEL01-RS
735856;02/12/2025;terça-feira;07:30:00;SC;116;7;MAFRA;Desrespeitar a preferência no cruzamento;Colisão transversal;Com Vítimas Feridas;Pleno dia;Decrescente;Céu Claro;Simples;Reta;Sim;3;0;1;0;2;0;1;3;-26,15339458;-49,83303554;SPRF-SC;DEL06-SC;UOP01-DEL06-SC
735857;02/12/2025;terça-feira;05:30:00;RS;285;107,5;VACARIA;Reação tardia ou ineficiente do condutor;Colisão transversal;Com Vítimas Feridas;Pleno dia;Decrescente;Céu Claro;Simples;Reta;Não;2;0;1;0;1;0;1;2;-28,47254095;-50,8;SPRF-RS;DEL05-RS;UOP03-DEL05-RS
735858;02/12/2025;terça-feira;07:30:00;SC;101;214;PALHOCA;Ausência de reação do condutor;Queda de ocupante de veículo;Com Vítimas Feridas;Pleno dia;Decrescente;Chuva;Múltipla;Reta;Sim;2;0;1;0;1;0;1;2;-27,64946196;-48,67403693;SPRF-SC;DEL01-SC;UOP02-DEL01-SC
735859;02/12/2025;terça-feira;07:55:00;RS;290;87;PORTO ALEGRE;Condutor deixou de manter distância do veículo da frente;Colisão traseira;Com Vítimas Feridas;Pleno dia;Crescente;Nublado;Múltipla;Reta;Sim;2;0;1;0;1;0;1;2;-29,96770422;-51,12561621;SPRF-RS;DEL01-RS;UOP01-DEL01-RS
735860;02/12/2025;terça-feira;07:00:00;DF;20;18,3;BRASILIA;Reação tardia ou ineficiente do condutor;Colisão lateral mesmo sentido;Com Vítimas Feridas;Pleno dia;Decrescente;Sol;Dupla;"Em Obras;Reta";Não;3;0;1;0;1;1;1;3;-15,61488544;-47,70588666;SPRF-DF;DEL02-DF;UOP01-DEL02-DF
735862;02/12/2025;terça-feira;06:20:00;SE;101;75,6;MARUIM;Ausência de reação do condutor;Saída de leito carroçável;Com Vítimas Feridas;Pleno dia;Crescente;Céu Claro;Dupla;Reta;Não;1;0;1;0;0;0;1;1;-10,770334;-37,120756;SPRF-SE;DEL01-SE;UOP01-DEL01-SE
735863;02/12/2025;terça-feira;07:17:00;PI;316;2;TERESINA;Manobra de mudança de faixa;Colisão lateral mesmo sentido;Com Vítimas Feridas;Pleno dia;Crescente;Chuva;Dupla;Rotatória;Sim;2;0;1;0;1;0;1;2;-5,123318;-42,795353;SPRF-PI;DEL01-PI;UOP02-DEL01-PI
735864;02/12/2025;terça-feira;04:10:00;MG;381;705,5;LAVRAS;Ausência de reação do condutor;Colisão com objeto;Com Vítimas Feridas;Plena Noite;Decrescente;Ignorado;Dupla;"Curva;Declive";Não;5;0;2;0;3;0;2;1;-21,31890603;-45,16691777;SPRF-MG;DEL04-MG;UOP02-DEL04-MG
735865;29/11/2025;sábado;17:25:00;AL;104;93;RIO LARGO;Condutor usando celular;Colisão transversal;Com Vítimas Feridas;Anoitecer;Crescente;Céu Claro;Dupla;Reta;Sim;2;0;0;1;1;0;1;2;-9,52400692;-35,80048625;SPRF-AL;DEL01-AL;UOP01-DEL01-AL
735866;01/12/2025;segunda-feira;23:25:00;RJ;495;31;PETROPOLIS;Ultrapassagem Indevida;Colisão lateral mesmo sentido;Com Vítimas Feridas;Plena Noite;Crescente;Céu Claro;Simples;Reta;Sim;2;0;1;0;1;0;1;2;-22,38930527;-43,12494278;SPRF-RJ;DEL05-RJ;UOP02-DEL05-RJ
735867;02/12/2025;terça-feira;08:03:00;RJ;116;310;RESENDE;Ausência de reação do condutor;Saída de leito carroçável;Com Vítimas Feridas;Pleno dia;Decrescente;Nublado;Dupla;Reta;Não;1;0;1;0;0;0;1;1;-22,46087018;-44,44155253;SPRF-RJ;DEL07-RJ;UOP02-DEL07-RJ
735868;02/12/2025;terça-feira;08:15:00;GO;60;96,9;ANAPOLIS;Condutor deixou de manter distância do veículo da frente;Colisão traseira;Sem Vítimas;Pleno dia;Crescente;Céu Claro;Dupla;Reta;Sim;2;0;0;0;2;0;0;2;-16,37607719;-48,94735906;SPRF-GO;DEL02-GO;UOP01-DEL02-GO
735869;02/12/2025;terça-feira;07:30:00;SP;116;151;SAO JOSE DOS CAMPOS;Reação tardia ou ineficiente do condutor;Tombamento;Com Vítimas Feridas;Pleno dia;Crescente;Céu Claro;Múltipla;Reta;Sim;1;0;1;0;0;0;1;1;-23,21945233;-45,90003904;SPRF-SP;DEL02-SP;UOP01-DEL02-SP
735870;02/12/2025;terça-feira;08:00:00;PR;277;727,6;FOZ DO IGUACU;Ausência de reação do condutor;Tombamento;Com Vítimas Feridas;Pleno dia;Decrescente;Céu Claro;Dupla;Reta;Sim;1;0;0;1;0;0;1;1;-25,51040958;-54,56130115;SPRF-PR;DEL05-PR;UOP03-DEL05-PR
735871;02/12/2025;terça-feira;08:00:00;MG;381;510;SAO JOAQUIM DE BICAS;Ausência de reação do condutor;Colisão lateral mesmo sentido;Com Vítimas Feridas;Pleno dia;Crescente;Nublado;Simples;Reta;Não;2;0;0;1;1;0;1;2;-20,053482;-44,283267;SPRF-MG;DEL01-MG;UOP03-DEL01-MG
735872;02/12/2025;terça-feira;08:30:00;SC;101;201;SAO JOSE;Reação tardia ou ineficiente do condutor;Queda de ocupante de veículo;Com Vítimas Feridas;Pleno dia;Crescente;Chuva;Dupla;Reta;Sim;1;0;1;0;0;0;1;1;-27,551252;-48,61965;SPRF-SC;DEL01-SC;UOP01-DEL01-SC
735875;02/12/2025;terça-feira;06:35:00;MA;135;29;BACABEIRA;Condutor Dormindo;Saída de leito carroçável;Com Vítimas Feridas;Pleno dia;Decrescente;Céu Claro;Dupla;Reta;Não;1;0;1;0;0;0;1;1;-2,80283;-44,37424;SPRF-MA;DEL01-MA;UOP01-DEL01-MA
735877;02/12/2025;terça-feira;09:00:00;PR;116;118,2;CURITIBA;Avarias e/ou desgaste excessivo no pneu;Tombamento;Com Vítimas Feridas;Pleno dia;Decrescente;Nublado;Dupla;Reta;Sim;1;0;1;0;0;0;1;1;-25,56996369;-49,31055514;SPRF-PR;DEL01-PR;UOP03-DEL01-PR
735878;02/12/2025;terça-feira;09:00:00;PB;230;14,8;CABEDELO;Ausência de reação do condutor;Colisão traseira;Com Vítimas Feridas;Pleno dia;Crescente;Céu Claro;Dupla;"Declive;Reta;Viaduto";Sim;2;0;0;1;1;0;1;2;-7,098583;-34,847882;SPRF-PB;DEL01-PB;UOP01-DEL01-PB
735879;02/12/2025;terça-feira;08:00:00;SC;101;151,7;ITAPEMA;Reação tardia ou ineficiente do condutor;Tombamento;Com Vítimas Feridas;Pleno dia;Crescente;Garoa/Chuvisco;Dupla;Reta;Sim;1;0;0;1;0;0;1;1;-27,13370196;-48,6098671;SPRF-SC;DEL04-SC;UOP03-DEL04-SC
735880;02/12/2025;terça-feira;07:30:00;TO;10;459;PALMAS;Reação tardia ou ineficiente do condutor;Colisão traseira;Com Vítimas Feridas;Pleno dia;Crescente;Céu Claro;Múltipla;Reta;Não;2;0;1;0;1;0;1;2;-10,266033;-48,307447;SPRF-TO;DEL01-TO;UOP03-DEL01-TO
735881;02/12/2025;terça-feira;08:30:00;PI;316;18;TERESINA;Chuva;Colisão com objeto;Com Vítimas Feridas;Pleno dia;Crescente;Chuva;Dupla;Reta;Sim;1;0;1;0;0;0;1;1;-5,2525892;-42,73003578;SPRF-PI;DEL01-PI;UOP02-DEL01-PI
735882;02/12/2025;terça-feira;08:25:00;PE;101;42;IGARASSU;Reação tardia ou ineficiente do condutor;Colisão com objeto;Sem Vítimas;Pleno dia;Crescente;Céu Claro;Múltipla;Reta;Sim;1;0;0;0;1;0;0;1;-7,839353;-34,912225;SPRF-PE;DEL01-PE;UOP02-DEL01-PE
735883;02/12/2025;terça-feira;06:07:00;MS;163;478;CAMPO GRANDE;Reação tardia ou ineficiente do condutor;Tombamento;Com Vítimas Feridas;Pleno dia;Crescente;Sol;Simples;Reta;Não;2;0;0;1;0;1;1;2;-20,49734676;-54,55907106;SPRF-MS;DEL01-MS;UOP01-DEL01-MS
735885;02/12/2025;terça-feira;06:20:00;PR;376;253;CALIFORNIA;Reação tardia ou ineficiente do condutor;Tombamento;Com Vítimas Feridas;Pleno dia;Decrescente;Céu Claro;Simples;Reta;Não;2;0;2;0;0;0;2;1;-23,6468;-51,37603;SPRF-PR;DEL07-PR;UOP03-DEL07-PR
735887;02/12/2025;terça-feira;09:30:00;MA;135;14;SAO LUIS;Demais falhas mecânicas ou elétricas;Saída de leito carroçável;Com Vítimas Feridas;Pleno dia;Crescente;Nublado;Dupla;Reta;Sim;2;0;1;0;1;0;1;1;-2,6897593;-44,300972;SPRF-MA;DEL01-MA;UOP01-DEL01-MA
735888;29/11/2025;sábado;02:00:00;RS;116;263;PORTO ALEGRE;Condutor desrespeitou a iluminação vermelha do semáforo;Colisão transversal;Sem Vítimas;Plena Noite;Crescente;Céu Claro;Dupla;Reta;Sim;2;0;0;0;2;0;0;2;-29,9699911;-51,1712034;SPRF-RS;DEL01-RS;UOP01-DEL01-RS
735890;02/12/2025;terça-feira;09:42:00;BA;324;622;SALVADOR;Reação tardia ou ineficiente do condutor;Colisão traseira;Com Vítimas Feridas;Pleno dia;Crescente;Céu Claro;Dupla;Curva;Não;4;0;1;0;3;0;1;2;-12,9276888;-38,4690239;SPRF-BA;DEL01-BA;UOP01-DEL01-BA
735891;02/12/2025;terça-feira;06:15:00;MG;116;412,2;GOVERNADOR VALADARES;Reação tardia ou ineficiente do condutor;Eventos atípicos;Com Vítimas Feridas;Pleno dia;Crescente;Céu Claro;Simples;Reta;Sim;1;0;1;0;0;0;1;1;-18,87583829;-41,96442101;SPRF-MG;DEL06-MG;UOP01-DEL06-MG
735892;02/12/2025;terça-feira;08:20:00;SP;381;71;SAO PAULO;Curva acentuada;Queda de ocupante de veículo;Com Vítimas Feridas;Pleno dia;Decrescente;Céu Claro;Dupla;Curva;Não;1;0;1;0;0;0;1;1;-23,35990717;-46,55010223;SPRF-SP;DEL03-SP;UOP01-DEL03-SP
735893;02/12/2025;terça-feira;08:40:00;SC;280;51,4;GUARAMIRIM;Desrespeitar a preferência no cruzamento;Colisão transversal;Com Vítimas Feridas;Pleno dia;Crescente;Chuva;Múltipla;Interseção de Vias;Não;2;0;1;0;1;0;1;2;-26,466757;-48,960042;SPRF-SC;DEL03-SC;UOP03-DEL03-SC
735894;02/12/2025;terça-feira;10:15:00;SC;101;128,3;CAMBORIU;Ausência de reação do condutor;Colisão traseira;Com Vítimas Feridas;Pleno dia;Crescente;Chuva;Dupla;Reta;Não;3;0;2;0;1;0;2;3;-26,97288603;-48,68297037;SPRF-SC;DEL04-SC;UOP03-DEL04-SC
735895;02/12/2025;terça-feira;08:20:00;PR;277;723;FOZ DO IGUACU;Área urbana sem a presença de local apropriado para a travessia de pedestres;Atropelamento de Pedestre;Com Vítimas Feridas;Pleno dia;Crescente;Céu Claro;Dupla;Reta;Sim;2;0;2;0;0;0;2;2;-25,48938189;-54,5072937;SPRF-PR;DEL05-PR;UOP03-DEL05-PR