id;data_inversa;dia_semana;horario;uf;br;km;municipio;causa_acidente;tipo_acidente;classificacao_acidente;fase_dia;sentido_via;condicao_metereologica;tipo_pista;tracado_via;uso_solo;pessoas;mortos;feridos_leves;feridos_graves;ilesos;ignorados;feridos;veiculos;latitude;longitude;regional;delegacia;uop
736015;02/12/2025;terça-feira;19:00:00;MT;70;708;CACERES;Condutor deixou de manter distância do veículo da frente;Colisão traseira;Com Vítimas Feridas;Plena Noite;Decrescente;Chuva;Simples;"Curva;Aclive";Não;2;0;1;0;1;0;1;2;-16,19805537;-57,59174645;SPRF-MT;DEL03-MT;UOP01-DEL03-MT
736016;09/10/2025;quinta-feira;01:10:00;MG;116;442;ENGENHEIRO CALDAS;Velocidade Incompatível;Saída de leito carroçável;Com Vítimas Feridas;Plena Noite;Crescente;Céu Claro;Simples;Curva;Não;1;0;1;0;0;0;1;1;-19,093768;-42,001534;SPRF-MG;DEL06-MG;UOP01-DEL06-MG
736017;03/12/2025;quarta-feira;00:10:00;SP;153;61,7;SAO JOSE DO RIO PRETO;Animais na Pista;Atropelamento de Animal;Sem Vítimas;Plena Noite;Decrescente;Nublado;Dupla;"Reta;Interseção de Vias";Sim;1;0;0;0;1;0;0;1;-20,81000168;-49,35640023;SPRF-SP;DEL09-SP;UOP01-DEL09-SP
736020;01/11/2025;sábado;03:40:00;SC;282;3,4;FLORIANOPOLIS;Ingestão de álcool pelo condutor;Saída de leito carroçável;Com Vítimas Feridas;Plena Noite;Crescente;Nublado;Simples;Reta;Não;5;0;4;0;0;1;4;1;-27,596585;-48,600494;SPRF-SC;DEL01-SC;UOP01-DEL01-SC
736024;03/12/2025;quarta-feira;03:40:00;PR;116;113;CURITIBA;Reação tardia ou ineficiente do condutor;Colisão com objeto;Com Vítimas Feridas;Plena Noite;Crescente;Nublado;Múltipla;Reta;Sim;2;0;2;0;0;0;2;1;-25,5497;-49,282873;SPRF-PR;DEL01-PR;UOP03-DEL01-PR
736025;03/12/2025;quarta-feira;05:00:00;SC;101;207,3;SAO JOSE;Condutor desrespeitou a iluminação vermelha do semáforo;Colisão transversal;Com Vítimas Feridas;Amanhecer;Crescente;Nublado;Múltipla;Interseção de Vias;Sim;2;0;0;1;1;0;1;2;-27,59900412;-48,62204902;SPRF-SC;DEL01-SC;UOP01-DEL01-SC
736029;03/12/2025;quarta-feira;05:40:00;SE;101;27;MURIBECA;Velocidade Incompatível;Capotamento;Com Vítimas Feridas;Pleno dia;Crescente;Céu Claro;Dupla;Reta;Não;1;0;0;1;0;0;1;1;-10,40215646;-36,91851966;SPRF-SE;DEL02-SE;UOP02-DEL02-SE
736030;03/12/2025;quarta-feira;05:40:00;SC;101;208,5;SAO JOSE;Reação tardia ou ineficiente do condutor;Queda de ocupante de veículo;Com Vítimas Feridas;Pleno dia;Decrescente;Céu Claro;Múltipla;"Reta;Declive";Sim;1;0;1;0;0;0;1;1;-27,606597;-48,634918;SPRF-SC;DEL01-SC;UOP01-DEL01-SC
736031;03/12/2025;quarta-feira;04:15:00;RJ;116;143;DUQUE DE CAXIAS;Entrada inopinada do pedestre;Atropelamento de Pedestre;Com Vítimas Fatais;Amanhecer;Decrescente;Nublado;Dupla;Reta;Sim;2;1;0;0;0;1;0;2;-22,654256;-43,242246;SPRF-RJ;DEL01-RJ;UOP02-DEL01-RJ
736033;03/12/2025;quarta-feira;01:30:00;RJ;40;110;DUQUE DE CAXIAS;Ausência de reação do condutor;Capotamento;Com Vítimas Feridas;Plena Noite;Crescente;Garoa/Chuvisco;Dupla;Reta;Não;3;0;1;0;2;0;1;2;-22,6863666;-43,28589093;SPRF-RJ;DEL01-RJ;UOP02-DEL01-RJ
736035;03/12/2025;quarta-feira;04:00:00;PR;277;18,3;PARANAGUA;Ausência de reação do condutor;Saída de leito carroçável;Sem Vítimas;Plena Noite;Decrescente;Nublado;Dupla;Curva;Não;1;0;0;0;0;1;0;1;-25,54410283;-48,68289694;SPRF-PR;DEL01-PR;UOP05-DEL01-PR
736037;03/12/2025;quarta-feira;04:58:00;SE;101;8;CEDRO DE SAO JOAO;Demais falhas mecânicas ou elétricas;Incêndio;Sem Vítimas;Amanhecer;Crescente;Céu Claro;Dupla;Declive;Não;1;0;0;0;0;1;0;1;-10,26345632;-36,86595138;SPRF-SE;DEL02-SE;UOP02-DEL02-SE
736038;03/12/2025;quarta-feira;07:00:00;GO;70;1,8;AGUAS LINDAS DE GOIAS;Ausência de reação do condutor;Colisão lateral mesmo sentido;Com Vítimas Feridas;Pleno dia;Crescente;Céu Claro;Dupla;Reta;Não;2;0;1;0;1;0;1;2;-15,76323;-48,23276;SPRF-DF;DEL03-DF;UOP02-DEL03-DF
736039;03/12/2025;quarta-feira;05:24:00;PE;101;54;PAULISTA;Acessar a via sem observar a presença dos outros veículos;Colisão transversal;Com Vítimas Feridas;Pleno dia;Crescente;Céu Claro;Simples;Viaduto;Não;2;0;1;0;1;0;1;2;-7,9458857;-34,90513849;SPRF-PE;DEL01-PE;UOP02-DEL01-PE
736040;03/12/2025;quarta-feira;06:47:00;PB;101;82;BAYEUX;Condutor deixou de manter distância do veículo da frente;Colisão traseira;Com Vítimas Feridas;Pleno dia;Crescente;Céu Claro;Dupla;"Aclive;Viaduto";Sim;4;0;2;0;2;0;2;3;-7,131402;-34,932615;SPRF-PB;DEL01-PB;UOP01-DEL01-PB
736041;03/12/2025;quarta-feira;07:00:00;RJ;101;538;PARATY;Reação tardia ou ineficiente do condutor;Colisão lateral mesmo sentido;Com Vítimas Feridas;Pleno dia;Crescente;Sol;Simples;Reta;Sim;2;0;2;0;0;0;2;2;-23,0410246;-44,56746396;SPRF-RJ;DEL03-RJ;UOP04-DEL03-RJ
736046;03/12/2025;quarta-feira;07:45:00;PR;116;116,4;CURITIBA;Manobra de mudança de faixa;Colisão lateral mesmo sentido;Com Vítimas Feridas;Pleno dia;Decrescente;Sol;Dupla;"Aclive;Reta";Sim;3;0;1;0;2;0;1;2;-25,55845113;-49,3066864;SPRF-PR;DEL01-PR;UOP03-DEL01-PR
736047;03/12/2025;quarta-feira;07:10:00;SP;381;55;MAIRIPORA;Reação tardia ou ineficiente do condutor;Colisão lateral mesmo sentido;Com Vítimas Feridas;Pleno dia;Decrescente;Nublado;Dupla;"Declive;Rotatória";Não;2;0;1;0;1;0;1;2;-23,24997791;-46,59263402;SPRF-SP;DEL03-SP;UOP01-DEL03-SP
736049;03/12/2025;quarta-feira;05:20:00;RO;364;75;VILHENA;Ausência de reação do condutor;Saída de leito carroçável;Com Vítimas Feridas;Amanhecer;Decrescente;Chuva;Simples;"Declive;Curva";Não;2;0;1;0;1;0;1;1;-12,45082498;-60,54380894;SPRF-RO;DEL04-RO;UOP01-DEL04-RO
736050;03/12/2025;quarta-feira;08:13:00;SP;116;201;ARUJA;Manobra de mudança de faixa;Colisão lateral mesmo sentido;Com Vítimas Feridas;Pleno dia;Crescente;Céu Claro;Dupla;"Retorno Regulamentado;Reta";Não;5;0;0;2;3;0;2;2;-23,40367666;-46,33120942;SPRF-SP;DEL01-SP;UOP01-DEL01-SP
736052;03/12/2025;quarta-feira;08:10:00;RS;386;346,5;LAJEADO;Entrada inopinada do pedestre;Atropelamento de Pedestre;Com Vítimas Feridas;Pleno dia;Decrescente;Nublado;Dupla;Reta;Sim;3;0;0;1;2;0;1;2;-29,449098;-51,970515;SPRF-RS;DEL04-RS;UOP01-DEL04-RS
736053;03/12/2025;quarta-feira;03:50:00;BA;242;300;LAJEDINHO;Reação tardia ou ineficiente do condutor;Saída de leito carroçável;Com Vítimas Feridas;Plena Noite;Decrescente;Ignorado;Simples;Reta;Não;1;0;1;0;0;0;1;1;-12,44901123;-40,88066161;SPRF-BA;DEL06-BA;UOP02-DEL06-BA
736055;03/12/2025;quarta-feira;07:15:00;DF;70;18;BRASILIA;Reação tardia ou ineficiente do condutor;Colisão traseira;Com Vítimas Feridas;Pleno dia;Crescente;Céu Claro;Dupla;Reta;Sim;2;0;1;0;1;0;1;2;-15,79113;-48,211893;SPRF-DF;DEL03-DF;UOP02-DEL03-DF
736056;03/12/2025;quarta-feira;07:00:00;RS;386;436;NOVA SANTA RITA;Reação tardia ou ineficiente do condutor;Tombamento;Com Vítimas Feridas;Pleno dia;Crescente;Céu Claro;Dupla;Reta;Não;1;0;1;0;0;0;1;1;-29,85601;-51,263173;SPRF-RS;DEL04-RS;UOP02-DEL04-RS
736057;03/12/2025;quarta-feira;08:27:00;SP;116;65;GUARATINGUETA;Reação tardia ou ineficiente do condutor;Saída de leito carroçável;Com Vítimas Feridas;Pleno dia;Crescente;Nublado;Dupla;Curva;Sim;1;0;0;1;0;0;1;1;-22,8231418;-45,19237876;SPRF-SP;DEL08-SP;UOP01-DEL08-SP
736058;03/12/2025;quarta-feira;07:40:00;RN;304;45;MOSSORO;Retorno proibido;Colisão transversal;Com Vítimas Feridas;Pleno dia;Crescente;Céu Claro;Dupla;Reta;Sim;2;0;0;2;0;0;2;2;-5,224683;-37,350778;SPRF-RN;DEL04-RN;UOP01-DEL04-RN
736059;03/12/2025;quarta-feira;08:00:00;RJ;116;182;NOVA IGUACU;Manobra de mudança de faixa;Colisão lateral mesmo sentido;Com Vítimas Feridas;Pleno dia;Crescente;Céu Claro;Dupla;Reta;Sim;2;0;2;0;0;0;2;1;-22,73819;-43,48474503;SPRF-RJ;DEL06-RJ;UOP01-DEL06-RJ
736060;03/12/2025;quarta-feira;07:30:00;PI;135;351;BOM JESUS;Manobra de mudança de faixa;Colisão lateral mesmo sentido;Com Vítimas Feridas;Pleno dia;Decrescente;Nublado;Dupla;"Reta;Declive;Retorno Regulamentado";Sim;2;0;0;1;1;0;1;2;-9,075199;-44,350923;SPRF-PI;DEL03-PI;UOP02-DEL03-PI
736062;03/12/2025;quarta-feira;09:20:00;ES;101;265,2;SERRA;Transitar na contramão;Colisão frontal;Com Vítimas Feridas;Pleno dia;Decrescente;Céu Claro;Múltipla;"Aclive;Reta";Sim;2;0;0;1;1;0;1;2;-20,1841415;-40,26664853;SPRF-ES;DEL02-ES;UOP01-DEL02-ES
736063;03/12/2025;quarta-feira;08:00:00;RJ;116;183;NOVA IGUACU;Trafegar com motocicleta (ou similar) entre as faixas;Colisão traseira;Com Vítimas Feridas;Pleno dia;Decrescente;Sol;Dupla;Reta;Não;2;0;1;0;1;0;1;2;-22,73854897;-43,49384082;SPRF-RJ;DEL06-RJ;UOP01-DEL06-RJ
736064;03/12/2025;quarta-feira;09:00:00;RS;116;533,4;CAPAO DO LEAO;Carga excessiva e/ou mal acondicionada;Colisão com objeto;Com Vítimas Feridas;Pleno dia;Crescente;Céu Claro;Simples;Reta;Não;1;0;1;0;0;0;1;1;-31,78046767;-52,46645149;SPRF-RS;DEL07-RS;UOP01-DEL07-RS
736065;02/12/2025;terça-feira;23:00:00;AC;364;249;SENA MADUREIRA;Ausência de reação do condutor;Tombamento;Com Vítimas Feridas;Plena Noite;Crescente;Garoa/Chuvisco;Simples;Reta;Não;16;0;14;1;1;0;15;1;-9,232838;-68,5202;SPRF-AC;DEL01-AC;UOP01-DEL01-AC
736067;03/12/2025;quarta-feira;09:00:00;PR;376;162,7;MARINGA;Reação tardia ou ineficiente do condutor;Saída de leito carroçável;Com Vítimas Feridas;Pleno dia;Decrescente;Céu Claro;Dupla;Reta;Não;2;0;0;1;1;0;1;1;-23,37318798;-52,05437986;SPRF-PR;DEL09-PR;UOP02-DEL09-PR
736068;03/12/2025;quarta-feira;08:20:00;MG;356;264;MURIAE;Conversão proibida;Colisão transversal;Com Vítimas Feridas;Pleno dia;Crescente;Céu Claro;Simples;Reta;Sim;2;0;1;0;1;0;1;2;-21,12483165;-42,38054613;SPRF-MG;DEL05-MG;UOP01-DEL05-MG
736069;03/12/2025;quarta-feira;08:30:00;MG;381;584,6;CARMOPOLIS DE MINAS;Reação tardia ou ineficiente do condutor;Colisão com objeto;Com Vítimas Feridas;Pleno dia;Decrescente;Nublado;Dupla;Reta;Não;2;0;1;0;1;0;1;1;-20,5153481;-44,6147856;SPRF-MG;DEL04-MG;UOP01-DEL04-MG
736070;10/09/2025;quarta-feira;08:40:00;RJ;40;25;TRES RIOS;Reação tardia ou ineficiente do condutor;Colisão lateral mesmo sentido;Com Vítimas Feridas;Pleno dia;Crescente;Sol;Simples;Curva;Sim;2;0;1;0;1;0;1;2;-22,15084295;-43,15884587;SPRF-RJ;DEL05-RJ;UOP02-DEL05-RJ
736073;03/12/2025;quarta-feira;08:10:00;SC;280;127,9;RIO NEGRINHO;Ausência de reação do condutor;Atropelamento de Pedestre;Com Vítimas Feridas;Pleno dia;Crescente;Céu Claro;Simples;Reta;Não;2;0;1;0;1;0;1;2;-26,24325609;-49,5132014;SPRF-SC;DEL06-SC;UOP03-DEL06-SC
736074;03/12/2025;quarta-feira;10:00:00;PE;101;148,8;RIBEIRAO;Afundamento ou ondulação no pavimento;Queda de ocupante de veículo;Com Vítimas Feridas;Pleno dia;Decrescente;Céu Claro;Dupla;Curva;Não;1;0;1;0;0;0;1;1;-8,490865;-35,373888;SPRF-PE;DEL01-PE;UOP03-DEL01-PE
736075;03/12/2025;quarta-feira;07:45:00;PB;104;138,7;QUEIMADAS;Reação tardia ou ineficiente do condutor;Colisão lateral mesmo sentido;Sem Vítimas;Pleno dia;Crescente;Céu Claro;Simples;"Declive;Reta";Sim;2;0;0;0;2;0;0;2;-7,36031;-35,902042;SPRF-PB;DEL02-PB;UOP03-DEL02-PB
736080;03/12/2025;quarta-feira;09:00:00;PE;408;78,7;PAUDALHO;Chuva;Saída de leito carroçável;Sem Vítimas;Pleno dia;Decrescente;Nublado;Dupla;Reta;Não;1;0;0;0;0;1;0;1;-7,96122;-35,094;SPRF-PE;DEL01-PE;UOP01-DEL01-PE
736083;03/12/2025;quarta-feira;07:02:00;MT;158;524,2;CANARANA;Ultrapassagem Indevida;Saída de leito carroçável;Com Vítimas Feridas;Pleno dia;Decrescente;Nublado;Simples;Reta;Não;2;0;1;0;1;0;1;2;-13,72;-52,032;SPRF-MT;DEL07-MT;UOP02-DEL07-MT
736087;03/12/2025;quarta-feira;08:30:00;SC;282;406;CATANDUVAS;Condutor usando celular;Saída de leito carroçável;Com Vítimas Feridas;Pleno dia;Decrescente;Céu Claro;Simples;Reta;Não;1;0;1;0;0;0;1;1;-27,09553324;-51,65587043;SPRF-SC;DEL07-SC;UOP05-DEL07-SC
736089;03/12/2025;quarta-feira;11:27:00;SC;280;23,8;ARAQUARI;Ausência de reação do condutor;Colisão lateral mesmo sentido;Com Vítimas Feridas;Pleno dia;Decrescente;Sol;Simples;Reta;Não;2;0;0;1;1;0;1;2;-26,3753727;-48,7181829;SPRF-SC;DEL03-SC;UOP03-DEL03-SC
736090;03/12/2025;quarta-feira;12:23:00;SP;116;201;ARUJA;Manobra de mudança de faixa;Colisão lateral mesmo sentido;Com Vítimas Feridas;Pleno dia;Decrescente;Céu Claro;Múltipla;Reta;Não;3;0;2;0;1;0;2;2;-23,40353422;-46,330091;SPRF-SP;DEL01-SP;UOP01-DEL01-SP
736091;03/12/2025;quarta-feira;11:00:00;SC;280;125;RIO NEGRINHO;Acessar a via sem observar a presença dos outros veículos;Colisão transversal;Com Vítimas Feridas;Pleno dia;Crescente;Céu Claro;Simples;"Reta;Interseção de Vias";Não;3;0;0;2;1;0;2;2;-26,23780937;-49,49423281;SPRF-SC;DEL06-SC;UOP03-DEL06-SC
736095;03/12/2025;quarta-feira;12:10:00;PE;232;254;ARCOVERDE;Ausência de reação do condutor;Colisão transversal;Com Vítimas Feridas;Pleno dia;Crescente;Céu Claro;Simples;"Reta;Interseção de Vias";Sim;2;0;1;0;1;0;1;2;-8,42962047;-37,06022501;SPRF-PE;DEL04-PE;UOP02-DEL04-PE
736096;03/12/2025;quarta-feira;11:50:00;MA;316;360,5;BACABAL;Ultrapassagem Indevida;Colisão transversal;Sem Vítimas;Pleno dia;Crescente;Céu Claro;Simples;Reta;Sim;3;0;0;0;2;1;0;3;-4,22276467;-44,78919983;SPRF-MA;DEL02-MA;UOP01-DEL02-MA
736097;03/12/2025;quarta-feira;12:30:00;SP;153;62;SAO JOSE DO RIO PRETO;Ausência de reação do condutor;Engavetamento;Com Vítimas Feridas;Pleno dia;Crescente;Céu Claro;Dupla;Aclive;Sim;3;0;2;0;1;0;2;3;-20,81674726;-49,35717043;SPRF-SP;DEL09-SP;UOP01-DEL09-SP
736098;03/12/2025;quarta-feira;12:20:00;SC;101;214,1;PALHOCA;Condutor deixou de manter distância do veículo da frente;Engavetamento;Com Vítimas Feridas;Pleno dia;Crescente;Céu Claro;Dupla;Reta;Sim;4;0;1;0;3;0;1;3;-27,6447629;-48,6710447;SPRF-SC;DEL01-SC;UOP02-DEL01-SC
736100;03/12/2025;quarta-feira;13:00:00;SP;116;109;TAUBATE;Reação tardia ou ineficiente do condutor;Colisão traseira;Com Vítimas Feridas;Pleno dia;Decrescente;Céu Claro;Dupla;Reta;Sim;3;0;1;0;2;0;1;2;-23,0278445;-45,54373741;SPRF-SP;DEL02-SP;UOP02-DEL02-SP
736101;03/12/2025;quarta-feira;11:50:00;PE;232;459;SAO JOSE DO BELMONTE;Acessar a via sem observar a presença dos outros veículos;Colisão transversal;Com Vítimas Feridas;Pleno dia;Crescente;Sol;Simples;"Reta;Interseção de Vias";Não;2;0;0;1;1;0;1;2;-8,0213667;-38,7108783;SPRF-PE;DEL05-PE;UOP01-DEL05-PE
736103;01/11/2025;sábado;15:25:00;SC;101;198,8;SAO JOSE;Ultrapassagem Indevida;Colisão lateral mesmo sentido;Com Vítimas Feridas;Pleno dia;Crescente;Céu Claro;Múltipla;Reta;Não;3;0;2;0;1;0;2;2;-27,53258849;-48,63128034;SPRF-SC;DEL01-SC;UOP01-DEL01-SC
736104;03/12/2025;quarta-feira;13:15:00;ES;262;19,5;VIANA;Ausência de reação do condutor;Colisão traseira;Com Vítimas Feridas;Pleno dia;Decrescente;Nublado;Simples;Reta;Sim;2;0;1;0;1;0;1;2;-20,39189406;-40,49034834;SPRF-ES;DEL01-ES;UOP01-DEL01-ES
736105;09/10/2025;quinta-feira;18:16:00;ES;101;289,1;CARIACICA;Reação tardia ou ineficiente do condutor;Queda de ocupante de veículo;Com Vítimas Feridas;Plena Noite;Crescente;Garoa/Chuvisco;Dupla;"Declive;Curva";Sim;2;0;2;0;0;0;2;1;-20,281178;-40,393028;SPRF-ES;DEL01-ES;UOP01-DEL01-ES
736106;03/12/2025;quarta-feira;07:00:00;MG;251;430,8;MONTES CLAROS;Condutor deixou de manter distância do veículo da frente;Colisão traseira;Com Vítimas Feridas;Pleno dia;Crescente;Nublado;Simples;Reta;Não;2;0;0;1;0;1;1;2;-16,6537077;-43,7179205;SPRF-MG;DEL12-MG;UOP01-DEL12-MG
736107;03/12/2025;quarta-feira;11:30:00;RJ;40;121;DUQUE DE CAXIAS;Demais falhas mecânicas ou elétricas;Colisão lateral mesmo sentido;Com Vítimas Feridas;Pleno dia;Decrescente;Nublado;Múltipla;Reta;Sim;2;0;2;0;0;0;2;2;-22,78599475;-43,28530347;SPRF-RJ;DEL01-RJ;UOP02-DEL01-RJ
736108;03/12/2025;quarta-feira;11:27:00;MA;10;255;IMPERATRIZ;Condutor deixou de manter distância do veículo da frente;Tombamento;Com Vítimas Feridas;Pleno dia;Crescente;Céu Claro;Simples;Reta;Não;2;0;0;1;1;0;1;2;-5,505438;-47,47178;SPRF-MA;DEL04-MA;UOP01-DEL04-MA
736109;03/12/2025;quarta-feira;10:15:00;SC;101;78;ARAQUARI;Avarias e/ou desgaste excessivo no pneu;Queda de ocupante de veículo;Com Vítimas Feridas;Pleno dia;Crescente;Sol;Múltipla;Reta;Não;1;0;1;0;0;0;1;1;-26,58472418;-48,7222074;SPRF-SC;DEL03-SC;UOP02-DEL03-SC
736110;03/12/2025;quarta-feira;13:00:00;RJ;116;174;SAO JOAO DE MERITI;Condutor deixou de manter distância do veículo da frente;Colisão traseira;Sem Vítimas;Pleno dia;Decrescente;Céu Claro;Dupla;Reta;Não;4;0;0;0;4;0;0;4;-22,80340225;-43,34861755;SPRF-RJ;DEL06-RJ;UOP01-DEL06-RJ
736111;03/12/2025;quarta-feira;07:25:00;MA;316;402;ALTO ALEGRE DO MARANHAO;Reação tardia ou ineficiente do condutor;Colisão transversal;Com Vítimas Feridas;Pleno dia;Decrescente;Céu Claro;Simples;Reta;Sim;2;0;1;0;1;0;1;2;-4,212583;-44,450448;SPRF-MA;DEL03-MA;UOP01-DEL03-MA
736112;03/12/2025;quarta-feira;07:15:00;BA;242;491;OLIVEIRA DOS BREJINHOS;Demais falhas mecânicas ou elétricas;Incêndio;Sem Vítimas;Pleno dia;Crescente;Céu Claro;Simples;Reta;Não;1;0;0;0;1;0;0;1;-12,41743743;-42,35828886;SPRF-BA;DEL06-BA;UOP01-DEL06-BA
736114;03/12/2025;quarta-feira;12:10:00;SC;282;341,8;CAMPOS NOVOS;Condutor deixou de manter distância do veículo da frente;Colisão traseira;Com Vítimas Feridas;Pleno dia;Crescente;Céu Claro;Simples;"Reta;Aclive";Sim;4;0;2;0;2;0;2;3;-27,38995842;-51,21299235;SPRF-SC;DEL07-SC;UOP06-DEL07-SC
736118;03/12/2025;quarta-feira;13:30:00;RJ;116;189;NOVA IGUACU;Acumulo de areia ou detritos sobre o pavimento;Queda de ocupante de veículo;Com Vítimas Feridas;Pleno dia;Crescente;Céu Claro;Dupla;Reta;Não;1;0;1;0;0;0;1;1;-22,73874071;-43,49469066;SPRF-RJ;DEL06-RJ;UOP01-DEL06-RJ
736119;03/12/2025;quarta-feira;14:10:00;DF;20;15,8;BRASILIA;Ausência de reação do condutor;Colisão traseira;Sem Vítimas;Pleno dia;Crescente;Céu Claro;Dupla;"Reta;Em Obras";Sim;2;0;0;0;2;0;0;2;-15,63649957;-47,74279118;SPRF-DF;DEL02-DF;UOP01-DEL02-DF
736120;03/12/2025;quarta-feira;12:20:00;MS;267;29,7;BATAGUASSU;Acumulo de areia ou detritos sobre o pavimento;Tombamento;Com Vítimas Feridas;Pleno dia;Decrescente;Céu Claro;Simples;Retorno Regulamentado;Sim;1;0;1;0;0;0;1;1;-21,71985593;-52,42282033;SPRF-MS;DEL02-MS;UOP04-DEL02-MS
736121;03/12/2025;quarta-feira;11:30:00;MT;163;562;NOVA MUTUM;Ausência de reação do condutor;Saída de leito carroçável;Com Vítimas Feridas;Pleno dia;Decrescente;Chuva;Dupla;Reta;Não;3;0;1;0;2;0;1;1;-14,129662;-56,111695;SPRF-MT;DEL01-MT;UOP01-DEL01-MT
736122;25/11/2025;terça-feira;16:30:00;SC;101;41;JOINVILLE;Desrespeitar a preferência no cruzamento;Colisão transversal;Com Vítimas Feridas;Pleno dia;Crescente;Céu Claro;Dupla;"Rotatória;Interseção de Vias;Viaduto";Não;2;0;1;0;1;0;1;2;-26,3184275;-48,87223927;SPRF-SC;DEL03-SC;UOP01-DEL03-SC
736125;03/12/2025;quarta-feira;13:52:00;GO;50;280;CATALAO;Desrespeitar a preferência no cruzamento;Colisão transversal;Com Vítimas Feridas;Pleno dia;Decrescente;Céu Claro;Simples;"Em Obras;Interseção de Vias;Viaduto";Sim;2;0;0;1;1;0;1;2;-18,18094494;-47,93889491;SPRF-GO;DEL06-GO;UOP01-DEL06-GO
736128;03/12/2025;quarta-feira;14:30:00;PE;232;157;TACAIMBO;Transitar na contramão;Colisão lateral sentido oposto;Com Vítimas Feridas;Pleno dia;Decrescente;Céu Claro;Simples;Reta;Não;3;0;0;1;2;0;1;2;-8,33137609;-36,23681813;SPRF-PE;DEL03-PE;UOP02-DEL03-PE
736130;03/12/2025;quarta-feira;12:45:00;GO;60;40,9;ALEXANIA;Reação tardia ou ineficiente do condutor;Saída de leito carroçável;Com Vítimas Feridas;Pleno dia;Decrescente;Sol;Dupla;Aclive;Não;1;0;1;0;0;0;1;1;-16,110546;-48,572546;SPRF-DF;DEL03-DF;UOP01-DEL03-DF
736131;03/12/2025;quarta-feira;14:55:00;PR;116;131,7;FAZENDA RIO GRANDE;Reação tardia ou ineficiente do condutor;Tombamento;Com Vítimas Feridas;Pleno dia;Crescente;Céu Claro;Dupla;Rotatória;Sim;2;0;1;1;0;0;2;1;-25,69046427;-49,31595175;SPRF-PR;DEL01-PR;UOP03-DEL01-PR
736132;03/12/2025;quarta-feira;15:10:00;PR;369;240,4;JANDAIA DO SUL;Reação tardia ou ineficiente do condutor;Saída de leito carroçável;Com Vítimas Feridas;Pleno dia;Crescente;Céu Claro;Simples;"Reta;Declive";Não;2;0;1;1;0;0;2;1;-23,67164933;-51,6937353;SPRF-PR;DEL09-PR;UOP01-DEL09-PR
736134;03/12/2025;quarta-feira;13:30:00;MG;40;789,9;JUIZ DE FORA;Demais Fenômenos da natureza;Colisão com objeto;Com Vítimas Feridas;Pleno dia;Decrescente;Nublado;Dupla;"Declive;Curva";Não;1;0;1;0;0;0;1;1;-21,75224547;-43,44526291;SPRF-MG;DEL05-MG;UOP01-DEL05-MG
736135;03/12/2025;quarta-feira;13:50:00;MS;163;127,5;NAVIRAI;Reação tardia ou ineficiente do condutor;Saída de leito carroçável;Com Vítimas Feridas;Pleno dia;Crescente;Sol;Simples;Reta;Não;1;0;1;0;0;0;1;1;-23,053198;-54,23949;SPRF-MS;DEL09-MS;UOP01-DEL09-MS
736139;03/12/2025;quarta-feira;10:30:00;SC;101;45;JOINVILLE;Demais falhas mecânicas ou elétricas;Queda de ocupante de veículo;Com Vítimas Feridas;Pleno dia;Decrescente;Céu Claro;Dupla;Reta;Sim;1;0;1;0;0;0;1;1;-26,3512183;-48,85791477;SPRF-SC;DEL03-SC;UOP01-DEL03-SC
736140;03/12/2025;quarta-feira;14:30:00;SC;163;68,1;SAO MIGUEL DO OESTE;Acessar a via sem observar a presença dos outros veículos;Colisão transversal;Com Vítimas Feridas;Pleno dia;Crescente;Sol;Dupla;"Reta;Interseção de Vias";Sim;2;0;1;0;1;0;1;2;-26,75046305;-53,50081086;SPRF-SC;DEL07-SC;UOP03-DEL07-SC
736142;03/12/2025;quarta-feira;07:20:00;MG;262;34;MANHUACU;Reação tardia ou ineficiente do condutor;Atropelamento de Pedestre;Com Vítimas Feridas;Pleno dia;Crescente;Céu Claro;Simples;Reta;Sim;2;0;0;1;1;0;1;2;-20,25955108;-42,03186661;SPRF-MG;DEL06-MG;UOP03-DEL06-MG
736143;03/12/2025;quarta-feira;12:45:00;PA;222;23;DOM ELISEU;Manobra de mudança de faixa;Colisão traseira;Com Vítimas Feridas;Pleno dia;Crescente;Céu Claro;Simples;Reta;Sim;2;0;1;0;1;0;1;2;-4,307002;-47,602285;SPRF-PA;DEL02-PA;UOP02-DEL02-PA
736146;03/12/2025;quarta-feira;10:10:00;RJ;116;209;SEROPEDICA;Ausência de reação do condutor;Colisão traseira;Com Vítimas Feridas;Pleno dia;Decrescente;Céu Claro;Dupla;Reta;Não;3;0;1;1;1;0;2;2;-22,72208432;-43,67787391;SPRF-RJ;DEL06-RJ;UOP02-DEL06-RJ
736147;20/09/2025;sábado;22:40:00;MG;116;262,4;TEOFILO OTONI;Demais falhas na via;Tombamento;Com Vítimas Feridas;Plena Noite;Crescente;Céu Claro;Simples;"Aclive;Curva";Não;1;0;1;0;0;0;1;1;-17,741757;-41,500167;SPRF-MG;DEL11-MG;UOP01-DEL11-MG
736148;03/12/2025;quarta-feira;15:33:00;PE;101;57;RECIFE;Manobra de mudança de faixa;Colisão lateral mesmo sentido;Com Vítimas Feridas;Pleno dia;Decrescente;Céu Claro;Dupla;Reta;Não;2;0;1;0;1;0;1;2;-7,9579335;-34,9119785;SPRF-PE;DEL01-PE;UOP02-DEL01-PE