id;data_inversa;dia_semana;horario;uf;br;km;municipio;causa_acidente;tipo_acidente;classificacao_acidente;fase_dia;sentido_via;condicao_metereologica;tipo_pista;tracado_via;uso_solo;pessoas;mortos;feridos_leves;feridos_graves;ilesos;ignorados;feridos;veiculos;latitude;longitude;regional;delegacia;uop
736150;03/12/2025;quarta-feira;16:10:00;PR;116;44;CAMPINA GRANDE DO SUL;Velocidade Incompatível;Saída de leito carroçável;Com Vítimas Feridas;Pleno dia;Crescente;Garoa/Chuvisco;Dupla;Curva;Não;1;0;1;0;0;0;1;1;-25,192652;-48,8877705;SPRF-PR;DEL01-PR;UOP02-DEL01-PR
736151;03/12/2025;quarta-feira;16:30:00;ES;101;297,9;VIANA;Condutor deixou de manter distância do veículo da frente;Colisão lateral mesmo sentido;Com Vítimas Feridas;Pleno dia;Decrescente;Nublado;Dupla;Reta;Sim;2;0;1;0;1;0;1;2;-20,35170871;-40,41286469;SPRF-ES;DEL01-ES;UOP01-DEL01-ES
736152;03/12/2025;quarta-feira;15:00:00;MG;116;568;MANHUACU;Reação tardia ou ineficiente do condutor;Tombamento;Com Vítimas Feridas;Pleno dia;Decrescente;Nublado;Simples;Curva;Não;1;0;1;0;0;0;1;1;-20,099962;-42,179737;SPRF-MG;DEL06-MG;UOP03-DEL06-MG
736154;03/12/2025;quarta-feira;16:30:00;RS;116;266;CANOAS;Velocidade Incompatível;Colisão com objeto;Com Vítimas Feridas;Pleno dia;Decrescente;Céu Claro;Dupla;Reta;Não;1;0;1;0;0;0;1;1;-29,93793521;-51,17722137;SPRF-RS;DEL01-RS;UOP01-DEL01-RS
736155;03/12/2025;quarta-feira;12:30:00;GO;452;107,7;BOM JESUS DE GOIAS;Ultrapassagem Indevida;Saída de leito carroçável;Com Vítimas Feridas;Pleno dia;Crescente;Céu Claro;Simples;Reta;Não;2;0;1;0;1;0;1;1;-18,14061;-49,970092;SPRF-GO;DEL03-GO;UOP02-DEL03-GO
736157;03/12/2025;quarta-feira;16:45:00;MG;365;625;UBERLANDIA;Condutor deixou de manter distância do veículo da frente;Colisão traseira;Com Vítimas Feridas;Pleno dia;Decrescente;Céu Claro;Dupla;Reta;Sim;2;0;1;0;1;0;1;2;-18,9110041;-48,3042066;SPRF-MG;DEL15-MG;UOP01-DEL15-MG
736160;03/12/2025;quarta-feira;11:00:00;RJ;101;319;NITEROI;Condutor deixou de manter distância do veículo da frente;Colisão traseira;Com Vítimas Feridas;Pleno dia;Crescente;Céu Claro;Dupla;Reta;Sim;2;0;1;0;1;0;1;2;-22,86018529;-43,10549676;SPRF-RJ;DEL02-RJ;UOP02-DEL02-RJ
736162;03/12/2025;quarta-feira;16:30:00;RN;406;157,9;CEARA-MIRIM;Transitar na contramão;Colisão lateral sentido oposto;Com Vítimas Feridas;Pleno dia;Crescente;Céu Claro;Simples;Reta;Não;4;0;0;1;3;0;1;2;-5,698357;-35,384063;SPRF-RN;DEL02-RN;UOP01-DEL02-RN
736163;03/12/2025;quarta-feira;17:00:00;RS;386;344,3;LAJEADO;Reação tardia ou ineficiente do condutor;Colisão traseira;Sem Vítimas;Pleno dia;Decrescente;Céu Claro;Dupla;"Em Obras;Reta";Sim;3;0;0;0;3;0;0;2;-29,4408615;-51,98780021;SPRF-RS;DEL04-RS;UOP01-DEL04-RS
736164;03/12/2025;quarta-feira;16:50:00;RJ;40;117;DUQUE DE CAXIAS;Reação tardia ou ineficiente do condutor;Engavetamento;Com Vítimas Feridas;Pleno dia;Crescente;Céu Claro;Múltipla;Reta;Não;6;0;1;0;5;0;1;4;-22,75409379;-43,28722391;SPRF-RJ;DEL01-RJ;UOP02-DEL01-RJ
736167;03/12/2025;quarta-feira;17:35:00;PR;116;111;CURITIBA;Avarias e/ou desgaste excessivo no pneu;Tombamento;Com Vítimas Feridas;Pleno dia;Decrescente;Nublado;Dupla;Reta;Sim;1;0;1;0;0;0;1;1;-25,55992;-49,26556;SPRF-PR;DEL01-PR;UOP03-DEL01-PR
736171;03/12/2025;quarta-feira;17:10:00;MG;116;716;MURIAE;Pista Escorregadia;Saída de leito carroçável;Com Vítimas Feridas;Anoitecer;Crescente;Ignorado;Simples;"Curva;Declive";Não;1;0;1;0;0;0;1;1;-21,20032946;-42,38414347;SPRF-MG;DEL07-MG;UOP02-DEL07-MG
736174;03/12/2025;quarta-feira;18:20:00;SP;381;37;ATIBAIA;Reação tardia ou ineficiente do condutor;Tombamento;Com Vítimas Feridas;Anoitecer;Crescente;Céu Claro;Dupla;Reta;Não;1;0;1;0;0;0;1;1;-23,105869;-46,569161;SPRF-SP;DEL03-SP;UOP01-DEL03-SP
736175;03/12/2025;quarta-feira;18:00:00;RJ;116;185;NOVA IGUACU;Reação tardia ou ineficiente do condutor;Colisão traseira;Com Vítimas Feridas;Pleno dia;Crescente;Céu Claro;Dupla;"Reta;Em Obras";Sim;2;0;1;0;1;0;1;2;-22,7428035;-43,4511718;SPRF-RJ;DEL06-RJ;UOP01-DEL06-RJ
736176;03/12/2025;quarta-feira;17:00:00;RJ;40;25;TRES RIOS;Velocidade Incompatível;Colisão com objeto;Com Vítimas Feridas;Anoitecer;Crescente;Nublado;Dupla;Curva;Sim;2;0;1;0;1;0;1;1;-22,15422896;-43,15794051;SPRF-RJ;DEL05-RJ;UOP02-DEL05-RJ
736179;03/12/2025;quarta-feira;18:30:00;GO;153;492;GOIANIA;Acessar a via sem observar a presença dos outros veículos;Colisão lateral mesmo sentido;Com Vítimas Feridas;Anoitecer;Decrescente;Nublado;Dupla;Reta;Sim;3;0;2;0;0;1;2;3;-16,642311;-49,208429;SPRF-GO;DEL01-GO;UOP01-DEL01-GO
736180;03/12/2025;quarta-feira;18:00:00;PE;101;34;ITAPISSUMA;Reação tardia ou ineficiente do condutor;Saída de leito carroçável;Com Vítimas Feridas;Plena Noite;Crescente;Céu Claro;Dupla;Reta;Não;2;0;0;2;0;0;2;1;-7,774023;-34,934842;SPRF-PE;DEL01-PE;UOP02-DEL01-PE
736182;03/12/2025;quarta-feira;11:45:00;RJ;493;19;MAGE;Conversão proibida;Colisão transversal;Com Vítimas Feridas;Pleno dia;Crescente;Sol;Simples;Reta;Sim;2;0;0;1;1;0;1;2;-22,6594109;-43,0910268;SPRF-RJ;DEL04-RJ;UOP02-DEL04-RJ
736184;03/12/2025;quarta-feira;17:30:00;SC;101;207;SAO JOSE;Transtornos Mentais (exceto suicidio);Eventos atípicos;Com Vítimas Feridas;Pleno dia;Crescente;Céu Claro;Múltipla;Reta;Sim;2;0;1;0;1;0;1;1;-27,60251862;-48,63085119;SPRF-SC;DEL01-SC;UOP01-DEL01-SC
736185;03/12/2025;quarta-feira;17:50:00;SC;101;149;ITAPEMA;Manobra de mudança de faixa;Colisão lateral mesmo sentido;Com Vítimas Feridas;Pleno dia;Decrescente;Nublado;Múltipla;Reta;Não;3;0;0;1;2;0;1;3;-27,11435261;-48,60986559;SPRF-SC;DEL04-SC;UOP03-DEL04-SC
736186;03/12/2025;quarta-feira;18:11:00;RN;101;97;NATAL;Ausência de reação do condutor;Colisão traseira;Com Vítimas Feridas;Plena Noite;Decrescente;Céu Claro;Múltipla;Reta;Sim;2;0;0;1;1;0;1;2;-5,860243;-35,214072;SPRF-RN;DEL01-RN;UOP01-DEL01-RN
736187;03/12/2025;quarta-feira;18:30:00;PR;277;1;PARANAGUA;Ultrapassagem Indevida;Colisão transversal;Sem Vítimas;Plena Noite;Crescente;Nublado;Simples;"Reta;Interseção de Vias";Sim;3;0;0;0;2;1;0;2;-25,5136483;-48,5356372;SPRF-PR;DEL01-PR;UOP05-DEL01-PR
736189;03/12/2025;quarta-feira;18:20:00;RS;153;36,2;TRES ARROIOS;Acessar a via sem observar a presença dos outros veículos;Colisão transversal;Com Vítimas Feridas;Pleno dia;Crescente;Céu Claro;Simples;Reta;Não;2;0;1;0;1;0;1;2;-27,55860901;-52,20780635;SPRF-RS;DEL08-RS;UOP04-DEL08-RS
736190;03/12/2025;quarta-feira;17:00:00;SC;280;305,2;PORTO UNIAO;Condutor deixou de manter distância do veículo da frente;Colisão traseira;Sem Vítimas;Pleno dia;Crescente;Nublado;Simples;Reta;Sim;3;0;0;0;3;0;0;3;-26,26373988;-51,06249975;SPRF-SC;DEL06-SC;UOP04-DEL06-SC
736191;03/12/2025;quarta-feira;17:20:00;PR;277;558,3;CASCAVEL;Demais falhas mecânicas ou elétricas;Saída de leito carroçável;Com Vítimas Feridas;Pleno dia;Decrescente;Céu Claro;Simples;Reta;Não;4;0;4;0;0;0;4;1;-25,088858;-53,183169;SPRF-PR;DEL04-PR;UOP04-DEL04-PR
736192;03/12/2025;quarta-feira;19:04:00;AL;316;157;PALMEIRA DOS INDIOS;Animais na Pista;Colisão lateral mesmo sentido;Com Vítimas Feridas;Plena Noite;Crescente;Céu Claro;Simples;"Aclive;Reta";Sim;3;0;1;1;1;0;2;2;-9,43298547;-36,61366582;SPRF-AL;DEL03-AL;UOP01-DEL03-AL
736193;03/12/2025;quarta-feira;18:20:00;RS;293;3,5;PELOTAS;Ausência de reação do condutor;Colisão traseira;Com Vítimas Feridas;Pleno dia;Decrescente;Nublado;Simples;Reta;Sim;2;0;1;0;1;0;1;2;-31,73291915;-52,37407613;SPRF-RS;DEL07-RS;UOP01-DEL07-RS
736194;21/11/2025;sexta-feira;17:50:00;PB;104;115,5;LAGOA SECA;Acessar a via sem observar a presença dos outros veículos;Colisão transversal;Com Vítimas Feridas;Plena Noite;Decrescente;Céu Claro;Simples;"Declive;Retorno Regulamentado;Reta";Não;2;0;1;0;1;0;1;2;-7,171372;-35,85981;SPRF-PB;DEL02-PB;UOP04-DEL02-PB
736195;03/12/2025;quarta-feira;18:00:00;RJ;465;21;NOVA IGUACU;Acesso irregular;Colisão transversal;Com Vítimas Feridas;Plena Noite;Crescente;Céu Claro;Simples;Reta;Sim;2;0;1;0;1;0;1;2;-22,851902;-43,60217784;SPRF-RJ;DEL06-RJ;UOP02-DEL06-RJ
736196;03/12/2025;quarta-feira;19:00:00;TO;153;724,9;FIGUEIROPOLIS;Animais na Pista;Atropelamento de Animal;Sem Vítimas;Plena Noite;Crescente;Nublado;Simples;Reta;Não;1;0;0;0;1;0;0;1;-12,20279118;-49,15643692;SPRF-TO;DEL01-TO;UOP02-DEL01-TO
736197;03/12/2025;quarta-feira;18:05:00;SC;163;70,4;SAO MIGUEL DO OESTE;Acessar a via sem observar a presença dos outros veículos;Colisão transversal;Com Vítimas Feridas;Anoitecer;Crescente;Céu Claro;Dupla;Curva;Sim;2;0;1;0;1;0;1;2;-26,73211263;-53,51019786;SPRF-SC;DEL07-SC;UOP03-DEL07-SC
736198;03/12/2025;quarta-feira;19:00:00;ES;101;294;CARIACICA;Pista Escorregadia;Tombamento;Com Vítimas Feridas;Plena Noite;Crescente;Chuva;Dupla;Reta;Sim;1;0;1;0;0;0;1;1;-20,32960171;-40,39912271;SPRF-ES;DEL01-ES;UOP01-DEL01-ES
736199;03/12/2025;quarta-feira;19:05:00;SC;470;124,1;IBIRAMA;Reação tardia ou ineficiente do condutor;Capotamento;Com Vítimas Feridas;Anoitecer;Crescente;Céu Claro;Simples;"Declive;Curva";Não;3;0;3;0;0;0;3;1;-27,11553483;-49,53218071;SPRF-SC;DEL04-SC;UOP02-DEL04-SC
736200;03/12/2025;quarta-feira;19:10:00;RN;226;0;NATAL;Condutor deixou de manter distância do veículo da frente;Colisão traseira;Com Vítimas Feridas;Plena Noite;Crescente;Céu Claro;Simples;Reta;Sim;2;0;1;0;1;0;1;2;-5,80533784;-35,24016111;SPRF-RN;DEL01-RN;UOP02-DEL01-RN
736201;03/12/2025;quarta-feira;19:10:00;BA;101;505;ITABUNA;Ultrapassagem Indevida;Colisão lateral sentido oposto;Com Vítimas Feridas;Plena Noite;Crescente;Céu Claro;Simples;Reta;Sim;3;0;2;0;0;1;2;2;-14,76824299;-39,29706573;SPRF-BA;DEL05-BA;UOP01-DEL05-BA
736202;03/12/2025;quarta-feira;18:50:00;PE;101;61;RECIFE;Entrada inopinada do pedestre;Atropelamento de Pedestre;Sem Vítimas;Plena Noite;Crescente;Céu Claro;Dupla;Reta;Sim;2;0;0;0;1;1;0;2;-8,00701724;-34,93787452;SPRF-PE;DEL01-PE;UOP02-DEL01-PE
736204;03/12/2025;quarta-feira;16:41:00;RJ;101;492;ANGRA DOS REIS;Transitar na contramão;Colisão frontal;Com Vítimas Fatais;Pleno dia;Decrescente;Céu Claro;Simples;Curva;Sim;2;1;0;0;1;0;0;2;-22,95523201;-44,32228088;SPRF-RJ;DEL03-RJ;UOP03-DEL03-RJ
736206;03/12/2025;quarta-feira;19:50:00;PR;376;639;TIJUCAS DO SUL;Condutor Dormindo;Saída de leito carroçável;Com Vítimas Feridas;Plena Noite;Decrescente;Nublado;Dupla;Reta;Não;4;0;4;0;0;0;4;1;-25,789125;-49,125142;SPRF-PR;DEL01-PR;UOP04-DEL01-PR
736208;03/12/2025;quarta-feira;20:00:00;GO;60;305;ACREUNA;Reação tardia ou ineficiente do condutor;Saída de leito carroçável;Com Vítimas Feridas;Plena Noite;Crescente;Céu Claro;Dupla;Reta;Não;1;0;1;0;0;0;1;1;-17,405045;-50,395262;SPRF-GO;DEL04-GO;UOP02-DEL04-GO
736209;03/12/2025;quarta-feira;20:10:00;ES;393;2;CACHOEIRO DE ITAPEMIRIM;Condutor deixou de manter distância do veículo da frente;Colisão traseira;Com Vítimas Feridas;Plena Noite;Crescente;Chuva;Simples;Reta;Sim;2;0;1;0;0;1;1;2;-20,83252672;-41,17617695;SPRF-ES;DEL03-ES;UOP02-DEL03-ES
736210;03/12/2025;quarta-feira;18:30:00;RJ;101;478;ANGRA DOS REIS;Acessar a via sem observar a presença dos outros veículos;Colisão frontal;Com Vítimas Feridas;Anoitecer;Crescente;Nublado;Simples;Reta;Sim;2;0;1;0;1;0;1;2;-23,00550541;-44,27672825;SPRF-RJ;DEL03-RJ;UOP03-DEL03-RJ
736211;03/12/2025;quarta-feira;08:22:00;SC;280;35;ARAQUARI;Acessar a via sem observar a presença dos outros veículos;Colisão lateral mesmo sentido;Com Vítimas Feridas;Pleno dia;Decrescente;Céu Claro;Simples;Reta;Não;3;0;1;0;1;1;1;2;-26,434745;-48,80458;SPRF-SC;DEL03-SC;UOP03-DEL03-SC
736212;03/12/2025;quarta-feira;17:40:00;PR;277;288;PRUDENTOPOLIS;Ausência de reação do condutor;Saída de leito carroçável;Com Vítimas Feridas;Pleno dia;Decrescente;Céu Claro;Simples;"Aclive;Reta";Não;1;0;1;0;0;0;1;1;-25,318;-50,995;SPRF-PR;DEL08-PR;UOP02-DEL08-PR
736214;03/12/2025;quarta-feira;19:15:00;RJ;116;70,5;TERESOPOLIS;Estacionar ou parar em local proibido;Tombamento;Com Vítimas Feridas;Plena Noite;Decrescente;Céu Claro;Simples;Reta;Sim;2;0;1;0;1;0;1;2;-22,31946662;-42,93747649;SPRF-RJ;DEL04-RJ;UOP01-DEL04-RJ
736217;03/12/2025;quarta-feira;20:10:00;SP;116;282;EMBU DAS ARTES;Reação tardia ou ineficiente do condutor;Queda de ocupante de veículo;Com Vítimas Feridas;Plena Noite;Decrescente;Céu Claro;Dupla;Reta;Sim;2;0;0;1;0;1;1;1;-23,6559102;-46,8498193;SPRF-SP;DEL04-SP;UOP01-DEL04-SP
736218;03/12/2025;quarta-feira;18:15:00;RJ;116;308;RESENDE;Ausência de reação do condutor;Colisão traseira;Com Vítimas Feridas;Anoitecer;Crescente;Céu Claro;Dupla;Reta;Sim;2;0;1;0;1;0;1;2;-22,45770713;-44,4197309;SPRF-RJ;DEL07-RJ;UOP02-DEL07-RJ
736219;03/12/2025;quarta-feira;20:25:00;PR;369;193;ARAPONGAS;Acessar a via sem observar a presença dos outros veículos;Colisão traseira;Com Vítimas Feridas;Plena Noite;Crescente;Céu Claro;Dupla;"Reta;Declive";Não;3;0;2;0;1;0;2;2;-23,47187725;-51,4236331;SPRF-PR;DEL07-PR;UOP03-DEL07-PR
736221;03/12/2025;quarta-feira;21:25:00;BA;324;516,7;FEIRA DE SANTANA;Condutor deixou de manter distância do veículo da frente;Colisão traseira;Com Vítimas Feridas;Plena Noite;Crescente;Céu Claro;Simples;Reta;Sim;2;0;1;0;1;0;1;2;-12,24883307;-38,93394828;SPRF-BA;DEL02-BA;UOP01-DEL02-BA
736222;03/12/2025;quarta-feira;19:00:00;PA;10;355;SANTA MARIA DO PARA;Ausência de reação do condutor;Colisão lateral sentido oposto;Com Vítimas Feridas;Plena Noite;Crescente;Céu Claro;Simples;Reta;Sim;2;0;0;2;0;0;2;2;-1,343034;-47,57898;SPRF-PA;DEL01-PA;UOP02-DEL01-PA
736223;03/12/2025;quarta-feira;20:35:00;SC;101;90;BARRA VELHA;Reação tardia ou ineficiente do condutor;Colisão lateral mesmo sentido;Com Vítimas Feridas;Plena Noite;Decrescente;Nublado;Simples;"Reta;Interseção de Vias";Não;2;0;1;0;1;0;1;2;-26,66814519;-48,68923752;SPRF-SC;DEL03-SC;UOP02-DEL03-SC
736226;03/12/2025;quarta-feira;19:57:00;RS;287;256;SANTA MARIA;Demais falhas na via;Queda de ocupante de veículo;Com Vítimas Fatais;Plena Noite;Decrescente;Céu Claro;Simples;Reta;Não;4;1;0;0;2;1;0;4;-29,683104;-53,930598;SPRF-RS;DEL09-RS;UOP01-DEL09-RS
736227;03/12/2025;quarta-feira;20:30:00;RJ;40;108;DUQUE DE CAXIAS;Mal súbito do condutor;Tombamento;Com Vítimas Feridas;Plena Noite;Decrescente;Céu Claro;Múltipla;Retorno Regulamentado;Não;1;0;1;0;0;0;1;1;-22,67112506;-43,28490973;SPRF-RJ;DEL01-RJ;UOP02-DEL01-RJ
736228;03/12/2025;quarta-feira;21:30:00;SC;101;183;GOVERNADOR CELSO RAMOS;Animais na Pista;Atropelamento de Animal;Com Vítimas Feridas;Plena Noite;Decrescente;Céu Claro;Dupla;Viaduto;Sim;1;0;1;0;0;0;1;1;-27,402122;-48,629201;SPRF-SC;DEL01-SC;UOP01-DEL01-SC
736229;03/12/2025;quarta-feira;21:50:00;RS;101;81,5;OSORIO;Ausência de reação do condutor;Colisão transversal;Com Vítimas Feridas;Plena Noite;Crescente;Céu Claro;Dupla;Reta;Não;1;0;1;0;0;0;1;1;-29,84589346;-50,24507555;SPRF-RS;DEL03-RS;UOP01-DEL03-RS
736232;03/12/2025;quarta-feira;22:30:00;PE;101;69;RECIFE;Entrada inopinada do pedestre;Atropelamento de Pedestre;Com Vítimas Feridas;Plena Noite;Decrescente;Céu Claro;Dupla;Reta;Sim;3;0;1;2;0;0;3;2;-8,0636295;-34,9447962;SPRF-PE;DEL01-PE;UOP01-DEL01-PE
736234;03/12/2025;quarta-feira;17:30:00;PE;316;283;BELEM DE SAO FRANCISCO;Condutor deixou de manter distância do veículo da frente;Colisão traseira;Sem Vítimas;Anoitecer;Decrescente;Céu Claro;Simples;"Reta;Interseção de Vias";Não;2;0;0;0;1;1;0;2;-8,66062;-38,744557;SPRF-PE;DEL04-PE;UOP03-DEL04-PE
736237;03/12/2025;quarta-feira;22:30:00;SC;282;52;AGUAS MORNAS;Condutor Dormindo;Saída de leito carroçável;Com Vítimas Feridas;Plena Noite;Crescente;Céu Claro;Simples;Reta;Não;1;0;1;0;0;0;1;1;-27,6951416;-48,96740405;SPRF-SC;DEL01-SC;UOP03-DEL01-SC
736239;03/12/2025;quarta-feira;13:00:00;MG;116;438;ENGENHEIRO CALDAS;Demais falhas mecânicas ou elétricas;Tombamento;Com Vítimas Feridas;Pleno dia;Decrescente;Céu Claro;Simples;Reta;Não;2;0;2;0;0;0;2;1;-19,04572767;-41,99457457;SPRF-MG;DEL06-MG;UOP01-DEL06-MG
736240;04/12/2025;quinta-feira;00:07:00;SP;116;226;GUARULHOS;Ausência de reação do condutor;Colisão traseira;Com Vítimas Feridas;Plena Noite;Decrescente;Céu Claro;Dupla;Reta;Sim;4;0;2;0;2;0;2;2;-23,49620193;-46,55611856;SPRF-SP;DEL01-SP;UOP01-DEL01-SP
736241;03/12/2025;quarta-feira;22:40:00;PR;277;245;IRATI;Ausência de reação do condutor;Colisão com objeto;Com Vítimas Feridas;Plena Noite;Decrescente;Céu Claro;Simples;Curva;Sim;1;0;1;0;0;0;1;1;-25,45418;-50,61843;SPRF-PR;DEL08-PR;UOP02-DEL08-PR
736244;04/12/2025;quinta-feira;00:36:00;RS;290;25,1;SANTO ANTONIO DA PATRULHA;Ausência de reação do condutor;Tombamento;Com Vítimas Feridas;Plena Noite;Crescente;Nublado;Múltipla;Reta;Não;2;0;2;0;0;0;2;1;-29,880626;-50,501515;SPRF-RS;DEL03-RS;UOP01-DEL03-RS
736246;03/12/2025;quarta-feira;23:50:00;GO;20;15;FORMOSA;Reação tardia ou ineficiente do condutor;Saída de leito carroçável;Com Vítimas Feridas;Plena Noite;Crescente;Garoa/Chuvisco;Dupla;Reta;Não;1;0;1;0;0;0;1;1;-15,5656;-47,2247;SPRF-DF;DEL02-DF;UOP02-DEL02-DF
736247;03/12/2025;quarta-feira;23:20:00;SC;101;323,8;CAPIVARI DE BAIXO;Reação tardia ou ineficiente do condutor;Colisão traseira;Com Vítimas Feridas;Plena Noite;Decrescente;Céu Claro;Dupla;Reta;Não;2;0;0;1;1;0;1;2;-28,425104;-48,933305;SPRF-SC;DEL02-SC;UOP01-DEL02-SC
736248;03/12/2025;quarta-feira;23:50:00;RJ;40;118;DUQUE DE CAXIAS;Animais na Pista;Atropelamento de Animal;Com Vítimas Feridas;Plena Noite;Decrescente;Céu Claro;Dupla;Reta;Sim;2;0;1;0;1;0;1;1;-22,75825903;-43,28689132;SPRF-RJ;DEL01-RJ;UOP02-DEL01-RJ
736249;04/12/2025;quinta-feira;00:50:00;PR;277;71;SAO JOSE DOS PINHAIS;Reação tardia ou ineficiente do condutor;Colisão traseira;Com Vítimas Feridas;Plena Noite;Decrescente;Nublado;Dupla;Reta;Sim;2;0;1;0;1;0;1;2;-25,50272645;-49,1479826;SPRF-PR;DEL01-PR;UOP07-DEL01-PR
736250;04/12/2025;quinta-feira;00:00:00;MT;70;515;VARZEA GRANDE;Acessar a via sem observar a presença dos outros veículos;Colisão lateral mesmo sentido;Com Vítimas Feridas;Plena Noite;Decrescente;Nublado;Simples;Reta;Sim;2;0;0;1;1;0;1;2;-15,70347465;-56,15026474;SPRF-MT;DEL01-MT;UOP02-DEL01-MT
736252;03/12/2025;quarta-feira;17:19:00;MA;135;7,7;SAO LUIS;Acessar a via sem observar a presença dos outros veículos;Colisão transversal;Com Vítimas Feridas;Pleno dia;Crescente;Céu Claro;Dupla;"Reta;Retorno Regulamentado";Sim;2;0;1;0;1;0;1;2;-2,640497;-44,271778;SPRF-MA;DEL01-MA;UOP01-DEL01-MA
736254;03/12/2025;quarta-feira;22:30:00;RJ;116;276;BARRA MANSA;Reação tardia ou ineficiente do condutor;Colisão frontal;Com Vítimas Feridas;Plena Noite;Crescente;Nublado;Simples;Reta;Sim;2;0;1;0;1;0;1;2;-22,56264383;-44,16953294;SPRF-RJ;DEL07-RJ;UOP02-DEL07-RJ
736255;04/12/2025;quinta-feira;01:30:00;PR;369;486,1;CORBELIA;Velocidade Incompatível;Colisão com objeto;Com Vítimas Feridas;Plena Noite;Decrescente;Céu Claro;Dupla;"Reta;Aclive";Não;3;0;1;1;0;1;2;1;-24,8087256;-53,2933215;SPRF-PR;DEL04-PR;UOP03-DEL04-PR
736256;04/12/2025;quinta-feira;04:00:00;MG;381;515;IGARAPE;Mal súbito do condutor;Colisão com objeto;Com Vítimas Feridas;Plena Noite;Crescente;Céu Claro;Dupla;Curva;Não;1;0;1;0;0;0;1;1;-20,10504293;-44,32004325;SPRF-MG;DEL01-MG;UOP03-DEL01-MG
736257;03/12/2025;quarta-feira;20:40:00;PR;277;700;SAO MIGUEL DO IGUACU;Demais falhas mecânicas ou elétricas;Queda de ocupante de veículo;Com Vítimas Feridas;Plena Noite;Crescente;Céu Claro;Dupla;"Reta;Declive";Não;2;0;2;0;0;0;2;1;-25,398;-54,315;SPRF-PR;DEL05-PR;UOP01-DEL05-PR
736258;04/12/2025;quinta-feira;02:50:00;RJ;40;107;DUQUE DE CAXIAS;Condutor Dormindo;Colisão traseira;Com Vítimas Feridas;Plena Noite;Decrescente;Nublado;Dupla;Reta;Sim;3;0;1;1;1;0;2;2;-22,66439498;-43,28468925;SPRF-RJ;DEL01-RJ;UOP02-DEL01-RJ
736261;04/12/2025;quinta-feira;04:20:00;RS;386;247;SOLEDADE;Ausência de reação do condutor;Colisão traseira;Com Vítimas Feridas;Plena Noite;Crescente;Céu Claro;Simples;"Em Obras;Reta";Não;3;0;2;0;1;0;2;2;-28,820689;-52,480097;SPRF-RS;DEL04-RS;UOP03-DEL04-RS
736263;04/12/2025;quinta-feira;00:05:00;RS;471;175,5;RIO PARDO;Ingestão de álcool pelo condutor;Colisão com objeto;Com Vítimas Feridas;Plena Noite;Decrescente;Céu Claro;Dupla;Reta;Sim;1;0;1;0;0;0;1;1;-29,99290428;-52,36821625;SPRF-RS;DEL02-RS;UOP03-DEL02-RS
736264;04/12/2025;quinta-feira;05:30:00;GO;70;472;ARAGARCAS;Acessar a via sem observar a presença dos outros veículos;Colisão transversal;Com Vítimas Feridas;Amanhecer;Crescente;Nublado;Dupla;"Interseção de Vias;Reta";Sim;2;0;1;0;0;1;1;2;-15,89672589;-52,24028148;SPRF-GO;DEL04-GO;UOP02-DEL04-GO
736266;04/12/2025;quinta-feira;06:10:00;ES;101;270,5;SERRA;Reação tardia ou ineficiente do condutor;Tombamento;Com Vítimas Feridas;Pleno dia;Crescente;Céu Claro;Múltipla;Reta;Não;1;0;1;0;0;0;1;1;-20,2212404;-40,27022158;SPRF-ES;DEL02-ES;UOP01-DEL02-ES
736267;04/12/2025;quinta-feira;05:52:00;MG;40;564,2;NOVA LIMA;Ausência de reação do condutor;Colisão traseira;Com Vítimas Fatais;Amanhecer;Decrescente;Nublado;Simples;Reta;Não;5;1;0;0;4;0;0;2;-20,1661885;-43,96591187;SPRF-MG;DEL01-MG;UOP02-DEL01-MG
736268;04/12/2025;quinta-feira;05:45:00;PB;101;113,6;PEDRAS DE FOGO;Acumulo de água sobre o pavimento;Saída de leito carroçável;Com Vítimas Feridas;Amanhecer;Decrescente;Chuva;Dupla;Declive;Não;1;0;1;0;0;0;1;1;-7,383907;-34,956868;SPRF-PB;DEL01-PB;UOP01-DEL01-PB
736270;04/12/2025;quinta-feira;06:20:00;SC;101;212,2;PALHOCA;Condutor deixou de manter distância do veículo da frente;Colisão traseira;Com Vítimas Feridas;Pleno dia;Decrescente;Céu Claro;Múltipla;Reta;Sim;3;0;2;0;0;1;2;2;-27,631913;-48,660718;SPRF-SC;DEL01-SC;UOP02-DEL01-SC
736272;04/12/2025;quinta-feira;06:35:00;PE;101;69;RECIFE;Transitar no Acostamento;Colisão traseira;Com Vítimas Feridas;Pleno dia;Crescente;Céu Claro;Múltipla;Reta;Sim;2;0;1;0;1;0;1;2;-8,06285;-34,94497;SPRF-PE;DEL01-PE;UOP01-DEL01-PE
736275;02/10/2025;quinta-feira;14:05:00;BA;324;514;FEIRA DE SANTANA;Acesso irregular;Colisão transversal;Com Vítimas Feridas;Pleno dia;Decrescente;Céu Claro;Simples;Reta;Sim;2;0;1;0;1;0;1;2;-12,23439757;-38,94573748;SPRF-BA;DEL02-BA;UOP01-DEL02-BA
736279;04/12/2025;quinta-feira;05:45:00;RJ;465;22;RIO DE JANEIRO;Conversão proibida;Colisão frontal;Com Vítimas Feridas;Amanhecer;Decrescente;Céu Claro;Simples;Reta;Sim;3;0;2;0;1;0;2;3;-22,86542439;-43,600969;SPRF-RJ;DEL03-RJ;UOP01-DEL03-RJ