id;data_inversa;dia_semana;horario;uf;br;km;municipio;causa_acidente;tipo_acidente;classificacao_acidente;fase_dia;sentido_via;condicao_metereologica;tipo_pista;tracado_via;uso_solo;pessoas;mortos;feridos_leves;feridos_graves;ilesos;ignorados;feridos;veiculos;latitude;longitude;regional;delegacia;uop
736283;04/12/2025;quinta-feira;07:20:00;BA;242;813;BARREIRAS;Condutor deixou de manter distância do veículo da frente;Colisão traseira;Com Vítimas Feridas;Pleno dia;Crescente;Céu Claro;Simples;Reta;Sim;2;0;1;0;1;0;1;2;-12,1197216;-44,9569951;SPRF-BA;DEL10-BA;UOP01-DEL10-BA
736284;04/12/2025;quinta-feira;02:30:00;RJ;40;18;TRES RIOS;Animais na Pista;Atropelamento de Animal;Sem Vítimas;Plena Noite;Decrescente;Céu Claro;Dupla;Reta;Não;3;0;0;0;3;0;0;1;-22,10002547;-43,17199648;SPRF-RJ;DEL05-RJ;UOP02-DEL05-RJ
736285;04/12/2025;quinta-feira;06:45:00;PB;101;122;CAAPORA;Ausência de reação do condutor;Saída de leito carroçável;Sem Vítimas;Pleno dia;Crescente;Chuva;Dupla;"Curva;Declive";Não;2;0;0;0;1;1;0;2;-7,457608;-34,980943;SPRF-PB;DEL01-PB;UOP01-DEL01-PB
736287;04/12/2025;quinta-feira;07:00:00;SP;116;289;ITAPECERICA DA SERRA;Trafegar com motocicleta (ou similar) entre as faixas;Colisão lateral mesmo sentido;Com Vítimas Feridas;Pleno dia;Crescente;Céu Claro;Dupla;Reta;Não;5;0;2;0;3;0;2;2;-23,71271733;-46,87823632;SPRF-SP;DEL04-SP;UOP01-DEL04-SP
736289;04/12/2025;quinta-feira;04:45:00;AP;156;622;CALCOENE;Condutor Dormindo;Saída de leito carroçável;Com Vítimas Feridas;Anoitecer;Decrescente;Céu Claro;Simples;Curva;Não;2;0;0;2;0;0;2;1;2,46170528;-51,10258475;SPRF-AP;DEL01-AP;UOP02-DEL01-AP
736290;04/12/2025;quinta-feira;00:50:00;MS;60;527;NIOAQUE;Animais na Pista;Atropelamento de Animal;Sem Vítimas;Plena Noite;Crescente;Céu Claro;Simples;Reta;Não;2;0;0;0;2;0;0;1;-21,1298345;-55,727241;SPRF-MS;DEL05-MS;UOP01-DEL05-MS
736291;04/12/2025;quinta-feira;08:00:00;RN;101;83,7;NATAL;Condutor deixou de manter distância do veículo da frente;Colisão traseira;Com Vítimas Feridas;Pleno dia;Decrescente;Céu Claro;Dupla;Reta;Sim;3;0;1;0;2;0;1;3;-5,77249;-35,262272;SPRF-RN;DEL02-RN;UOP01-DEL02-RN
736293;04/12/2025;quinta-feira;08:00:00;RN;101;83,7;NATAL;Reação tardia ou ineficiente do condutor;Queda de ocupante de veículo;Com Vítimas Feridas;Pleno dia;Crescente;Céu Claro;Dupla;Reta;Sim;1;0;1;0;0;0;1;1;-5,772;-35,263;SPRF-RN;DEL02-RN;UOP01-DEL02-RN
736295;04/12/2025;quinta-feira;07:23:00;MT;163;834;SINOP;Condutor deixou de manter distância do veículo da frente;Colisão traseira;Com Vítimas Feridas;Pleno dia;Crescente;Nublado;Simples;"Rotatória;Retorno Regulamentado";Sim;2;0;1;0;1;0;1;2;-11,86623222;-55,49632642;SPRF-MT;DEL06-MT;UOP02-DEL06-MT
736296;04/12/2025;quinta-feira;08:00:00;RJ;40;120;DUQUE DE CAXIAS;Ultrapassagem Indevida;Colisão lateral mesmo sentido;Sem Vítimas;Pleno dia;Crescente;Nublado;Dupla;Reta;Não;2;0;0;0;1;1;0;2;-22,7727959;-43,28652668;SPRF-RJ;DEL01-RJ;UOP02-DEL01-RJ
736297;04/12/2025;quinta-feira;07:50:00;PE;104;63,8;CARUARU;Restrição de visibilidade em curvas verticais;Saída de leito carroçável;Sem Vítimas;Pleno dia;Crescente;Céu Claro;Dupla;"Declive;Reta";Sim;1;0;0;0;1;0;0;1;-8,26828;-35,97951;SPRF-PE;DEL02-PE;UOP01-DEL02-PE
736298;04/12/2025;quinta-feira;07:30:00;PE;104;64;CARUARU;Área urbana sem a presença de local apropriado para a travessia de pedestres;Atropelamento de Pedestre;Com Vítimas Feridas;Pleno dia;Crescente;Céu Claro;Dupla;Reta;Sim;2;0;0;1;1;0;1;2;-8,272131;-35,981464;SPRF-PE;DEL02-PE;UOP01-DEL02-PE
736299;04/12/2025;quinta-feira;08:20:00;RS;116;248;SAO LEOPOLDO;Reação tardia ou ineficiente do condutor;Colisão traseira;Com Vítimas Feridas;Pleno dia;Decrescente;Céu Claro;Múltipla;Reta;Sim;2;0;1;0;1;0;1;2;-29,76885492;-51,15317563;SPRF-RS;DEL01-RS;UOP02-DEL01-RS
736300;04/12/2025;quinta-feira;08:20:00;SC;101;149;ITAPEMA;Reação tardia ou ineficiente do condutor;Colisão traseira;Com Vítimas Feridas;Pleno dia;Decrescente;Sol;Dupla;Reta;Sim;2;0;0;1;0;1;1;2;-27,116631;-48,609413;SPRF-SC;DEL04-SC;UOP03-DEL04-SC
736301;04/12/2025;quinta-feira;08:20:00;RS;290;95;PORTO ALEGRE;Manobra de mudança de faixa;Colisão traseira;Com Vítimas Feridas;Pleno dia;Decrescente;Nublado;Dupla;Reta;Sim;2;0;1;0;1;0;1;2;-29,99235056;-51,20492368;SPRF-RS;DEL01-RS;UOP01-DEL01-RS
736303;04/12/2025;quinta-feira;08:30:00;PR;369;139;IBIPORA;Conversão proibida;Colisão transversal;Com Vítimas Feridas;Pleno dia;Decrescente;Nublado;Simples;Reta;Sim;2;0;1;0;1;0;1;2;-23,27618;-51,061322;SPRF-PR;DEL07-PR;UOP01-DEL07-PR
736304;04/12/2025;quinta-feira;08:05:00;SC;101;232,7;PALHOCA;Frear bruscamente;Colisão traseira;Com Vítimas Feridas;Pleno dia;Crescente;Céu Claro;Dupla;"Reta;Aclive";Não;2;0;1;0;1;0;1;2;-27,80043307;-48,63752245;SPRF-SC;DEL01-SC;UOP02-DEL01-SC
736305;04/12/2025;quinta-feira;07:53:00;PI;343;1,7;TERESINA;Condutor deixou de manter distância do veículo da frente;Colisão lateral mesmo sentido;Sem Vítimas;Pleno dia;Crescente;Céu Claro;Dupla;Reta;Sim;1;0;0;0;1;0;0;1;-5,08123724;-42,76569542;SPRF-PI;DEL05-PI;UOP01-DEL05-PI
736308;31/08/2025;domingo;18:20:00;TO;153;502;PARAISO DO TOCANTINS;Ultrapassagem Indevida;Colisão lateral mesmo sentido;Sem Vítimas;Anoitecer;Decrescente;Céu Claro;Simples;"Aclive;Reta";Não;4;0;0;0;3;1;0;2;-10,22065;-48,875377;SPRF-TO;DEL01-TO;UOP01-DEL01-TO
736309;04/12/2025;quinta-feira;08:35:00;SC;282;0,2;FLORIANOPOLIS;Manobra de mudança de faixa;Colisão traseira;Com Vítimas Feridas;Pleno dia;Decrescente;Céu Claro;Múltipla;Reta;Sim;3;0;1;0;1;1;1;3;-27,59877;-48,57389;SPRF-SC;DEL01-SC;UOP01-DEL01-SC
736310;04/12/2025;quinta-feira;08:15:00;SP;116;230;SAO PAULO;Trafegar com motocicleta (ou similar) entre as faixas;Colisão lateral mesmo sentido;Com Vítimas Feridas;Pleno dia;Crescente;Nublado;Múltipla;Reta;Não;2;0;1;0;0;1;1;2;-23,51463429;-46,57826392;SPRF-SP;DEL01-SP;UOP01-DEL01-SP
736311;04/12/2025;quinta-feira;09:15:00;MG;381;516,4;IGARAPE;Ausência de reação do condutor;Saída de leito carroçável;Com Vítimas Feridas;Pleno dia;Decrescente;Chuva;Dupla;Curva;Não;2;0;2;0;0;0;2;1;-20,10517832;-44,31899518;SPRF-MG;DEL01-MG;UOP03-DEL01-MG
736313;04/12/2025;quinta-feira;07:44:00;RO;319;142;PORTO VELHO;Condutor desrespeitou a iluminação vermelha do semáforo;Colisão transversal;Com Vítimas Feridas;Pleno dia;Crescente;Garoa/Chuvisco;Dupla;"Reta;Interseção de Vias";Sim;2;0;1;0;1;0;1;2;-8,75042;-63,88753;SPRF-RO;DEL01-RO;UOP01-DEL01-RO
736314;04/12/2025;quinta-feira;09:17:00;SE;235;1;ARACAJU;Mal súbito do condutor;Queda de ocupante de veículo;Com Vítimas Feridas;Pleno dia;Decrescente;Sol;Dupla;Reta;Sim;1;0;1;0;0;0;1;1;-10,90890867;-37,08376972;SPRF-SE;DEL01-SE;UOP01-DEL01-SE
736317;04/12/2025;quinta-feira;09:20:00;PE;232;407;SERRA TALHADA;Acessar a via sem observar a presença dos outros veículos;Colisão transversal;Com Vítimas Feridas;Pleno dia;Decrescente;Céu Claro;Simples;"Interseção de Vias;Retorno Regulamentado;Reta";Sim;2;0;0;1;1;0;1;2;-7,98480376;-38,2749996;SPRF-PE;DEL04-PE;UOP01-DEL04-PE
736319;04/12/2025;quinta-feira;10:10:00;SC;101;204,4;SAO JOSE;Ausência de reação do condutor;Tombamento;Com Vítimas Feridas;Pleno dia;Crescente;Céu Claro;Múltipla;Reta;Sim;2;0;1;1;0;0;2;1;-27,57845;-48,61367;SPRF-SC;DEL01-SC;UOP01-DEL01-SC
736320;04/12/2025;quinta-feira;09:50:00;PR;116;115;CURITIBA;Condutor deixou de manter distância do veículo da frente;Engavetamento;Com Vítimas Feridas;Pleno dia;Decrescente;Céu Claro;Dupla;Reta;Não;4;0;2;0;2;0;2;3;-25,549625;-49,304215;SPRF-PR;DEL01-PR;UOP03-DEL01-PR
736327;04/12/2025;quinta-feira;10:30:00;AP;210;0;MACAPA;Desrespeitar a preferência no cruzamento;Colisão transversal;Com Vítimas Feridas;Pleno dia;Decrescente;Céu Claro;Simples;"Reta;Retorno Regulamentado";Sim;2;0;1;0;1;0;1;2;0,078525;-51,071515;SPRF-AP;DEL01-AP;UOP01-DEL01-AP
736328;04/12/2025;quinta-feira;08:00:00;MG;50;178;UBERABA;Demais falhas mecânicas ou elétricas;Tombamento;Com Vítimas Feridas;Pleno dia;Decrescente;Nublado;Dupla;"Viaduto;Reta;Declive";Sim;1;0;1;0;0;0;1;1;-19,77791;-47,93323;SPRF-MG;DEL13-MG;UOP01-DEL13-MG
736329;04/12/2025;quinta-feira;10:48:00;TO;153;158;ARAGUAINA;Ausência de reação do condutor;Colisão traseira;Sem Vítimas;Pleno dia;Crescente;Chuva;Simples;Reta;Não;2;0;0;0;2;0;0;2;-7,305725;-48,296252;SPRF-TO;DEL02-TO;UOP01-DEL02-TO
736330;04/12/2025;quinta-feira;11:20:00;DF;20;21,8;BRASILIA;Condutor deixou de manter distância do veículo da frente;Engavetamento;Sem Vítimas;Pleno dia;Crescente;Chuva;Múltipla;"Reta;Em Obras";Sim;4;0;0;0;4;0;0;3;-15,5946873;-47,66315309;SPRF-DF;DEL02-DF;UOP01-DEL02-DF
736331;04/12/2025;quinta-feira;10:00:00;MG;50;0,3;ARAGUARI;Demais falhas mecânicas ou elétricas;Saída de leito carroçável;Com Vítimas Feridas;Pleno dia;Crescente;Nublado;Dupla;"Curva;Aclive";Não;1;0;1;0;0;0;1;1;-18,42554765;-48,06484222;SPRF-MG;DEL15-MG;UOP02-DEL15-MG
736332;04/12/2025;quinta-feira;11:35:00;RJ;101;297;ITABORAI;Ausência de reação do condutor;Colisão traseira;Com Vítimas Feridas;Pleno dia;Crescente;Nublado;Dupla;"Declive;Viaduto";Sim;2;0;0;1;1;0;1;2;-22,7713387;-42,92393653;SPRF-RJ;DEL02-RJ;UOP02-DEL02-RJ
736336;04/12/2025;quinta-feira;10:16:00;PR;277;122;CAMPO LARGO;Ausência de reação do condutor;Colisão frontal;Sem Vítimas;Pleno dia;Crescente;Céu Claro;Simples;Reta;Sim;2;0;0;0;2;0;0;2;-25,432762;-49,400685;SPRF-PR;DEL03-PR;UOP03-DEL03-PR
736337;04/12/2025;quinta-feira;12:00:00;PE;101;73,5;RECIFE;Reação tardia ou ineficiente do condutor;Colisão transversal;Com Vítimas Feridas;Pleno dia;Decrescente;Céu Claro;Dupla;Reta;Sim;3;0;2;0;1;0;2;2;-8,09567;-34,94905;SPRF-PE;DEL01-PE;UOP01-DEL01-PE
736339;04/12/2025;quinta-feira;12:28:00;PR;163;301;MERCEDES;Acessar a via sem observar a presença dos outros veículos;Colisão lateral mesmo sentido;Sem Vítimas;Pleno dia;Crescente;Céu Claro;Simples;Reta;Não;2;0;0;0;2;0;0;2;-24,46342543;-54,15530229;SPRF-PR;DEL06-PR;UOP02-DEL06-PR
736340;04/12/2025;quinta-feira;11:45:00;MA;226;304;BARRA DO CORDA;Ausência de reação do condutor;Tombamento;Com Vítimas Feridas;Pleno dia;Crescente;Céu Claro;Simples;Reta;Sim;2;0;1;1;0;0;2;1;-5,48217;-45,275692;SPRF-MA;DEL06-MA;UOP01-DEL06-MA
736341;04/12/2025;quinta-feira;11:50:00;RN;101;75;SAO GONCALO DO AMARANTE;Ausência de reação do condutor;Colisão traseira;Com Vítimas Feridas;Pleno dia;Crescente;Céu Claro;Simples;Reta;Não;2;0;1;0;1;0;1;2;-5,722295;-35,277217;SPRF-RN;DEL02-RN;UOP01-DEL02-RN
736342;04/12/2025;quinta-feira;02:00:00;MG;381;220;BELO ORIENTE;Reação tardia ou ineficiente do condutor;Colisão traseira;Com Vítimas Feridas;Plena Noite;Decrescente;Céu Claro;Simples;Reta;Não;2;0;2;0;0;0;2;2;-19,30273633;-42,38222439;SPRF-MG;DEL06-MG;UOP01-DEL06-MG
736343;04/12/2025;quinta-feira;12:20:00;MG;381;940;EXTREMA;Acessar a via sem observar a presença dos outros veículos;Atropelamento de Pedestre;Com Vítimas Feridas;Pleno dia;Decrescente;Céu Claro;Dupla;Curva;Sim;4;0;0;1;1;2;1;2;-22,8248772;-46,3092543;SPRF-MG;DEL16-MG;UOP03-DEL16-MG
736344;04/12/2025;quinta-feira;11:05:00;AC;364;126;RIO BRANCO;Reação tardia ou ineficiente do condutor;Tombamento;Com Vítimas Feridas;Pleno dia;Decrescente;Nublado;Simples;Reta;Sim;1;0;1;0;0;0;1;1;-10,01654628;-67,81255809;SPRF-AC;DEL01-AC;UOP01-DEL01-AC
736348;04/12/2025;quinta-feira;12:50:00;RJ;101;99;CAMPOS DOS GOYTACAZES;Chuva;Colisão com objeto;Com Vítimas Feridas;Pleno dia;Crescente;Chuva;Dupla;Curva;Não;2;0;2;0;0;0;2;1;-21,83058796;-41,49999619;SPRF-RJ;DEL08-RJ;UOP02-DEL08-RJ
736349;04/12/2025;quinta-feira;12:20:00;BA;101;331;PRESIDENTE TANCREDO NEVES;Ultrapassagem Indevida;Colisão frontal;Com Vítimas Fatais;Pleno dia;Decrescente;Sol;Simples;Curva;Não;2;1;0;0;1;0;0;2;-13,47349136;-39,4183901;SPRF-BA;DEL05-BA;UOP03-DEL05-BA
736350;21/11/2025;sexta-feira;13:00:00;MT;163;1089;GUARANTA DO NORTE;Acumulo de areia ou detritos sobre o pavimento;Eventos atípicos;Sem Vítimas;Pleno dia;Decrescente;Céu Claro;Simples;Reta;Não;1;0;0;0;1;0;0;1;-9,75922447;-54,89546548;SPRF-MT;DEL06-MT;UOP03-DEL06-MT
736352;04/12/2025;quinta-feira;13:10:00;DF;20;2;BRASILIA;Chuva;Colisão lateral mesmo sentido;Com Vítimas Feridas;Pleno dia;Decrescente;Chuva;Dupla;Reta;Sim;2;0;1;0;1;0;1;2;-15,67244066;-47,81968117;SPRF-DF;DEL02-DF;UOP01-DEL02-DF
736358;04/12/2025;quinta-feira;14:20:00;PE;101;68,5;RECIFE;Reação tardia ou ineficiente do condutor;Colisão traseira;Com Vítimas Feridas;Pleno dia;Decrescente;Céu Claro;Dupla;Reta;Sim;2;0;1;0;0;1;1;2;-8,05481;-34,94626;SPRF-PE;DEL01-PE;UOP01-DEL01-PE
736361;04/12/2025;quinta-feira;13:54:00;PE;101;68;RECIFE;Trafegar com motocicleta (ou similar) entre as faixas;Atropelamento de Pedestre;Com Vítimas Feridas;Pleno dia;Crescente;Céu Claro;Dupla;Reta;Sim;2;0;0;2;0;0;2;2;-8,05334599;-34,94606018;SPRF-PE;DEL01-PE;UOP01-DEL01-PE
736362;04/12/2025;quinta-feira;14:30:00;DF;70;6;BRASILIA;Acumulo de água sobre o pavimento;Saída de leito carroçável;Com Vítimas Feridas;Pleno dia;Decrescente;Chuva;Múltipla;Reta;Não;2;0;1;0;1;0;1;1;-15,790932;-48,106411;SPRF-DF;DEL03-DF;UOP02-DEL03-DF
736364;04/12/2025;quinta-feira;13:40:00;RO;364;15;VILHENA;Acessar a via sem observar a presença dos outros veículos;Colisão transversal;Com Vítimas Feridas;Pleno dia;Crescente;Nublado;Simples;Reta;Sim;2;0;2;0;0;0;2;2;-12,73595;-60,1492;SPRF-RO;DEL04-RO;UOP01-DEL04-RO
736366;04/12/2025;quinta-feira;14:00:00;SC;101;133,7;BALNEARIO CAMBORIU;Desrespeitar a preferência no cruzamento;Colisão transversal;Com Vítimas Feridas;Pleno dia;Crescente;Sol;Simples;"Viaduto;Interseção de Vias";Sim;2;0;0;1;1;0;1;2;-27,00207133;-48,63807321;SPRF-SC;DEL04-SC;UOP03-DEL04-SC
736369;04/12/2025;quinta-feira;15:10:00;SC;101;292;IMBITUBA;Velocidade Incompatível;Tombamento;Com Vítimas Feridas;Pleno dia;Crescente;Céu Claro;Simples;"Viaduto;Curva";Sim;1;0;1;0;0;0;1;1;-28,13049156;-48,69381873;SPRF-SC;DEL02-SC;UOP03-DEL02-SC
736371;04/12/2025;quinta-feira;13:35:00;RJ;101;283;ITABORAI;Ausência de reação do condutor;Queda de ocupante de veículo;Com Vítimas Feridas;Pleno dia;Decrescente;Nublado;Dupla;"Reta;Retorno Regulamentado";Sim;1;0;1;0;0;0;1;1;-22,73632601;-42,80196458;SPRF-RJ;DEL02-RJ;UOP02-DEL02-RJ
736372;04/12/2025;quinta-feira;13:20:00;MT;174;445;COMODORO;Demais falhas mecânicas ou elétricas;Incêndio;Sem Vítimas;Pleno dia;Crescente;Céu Claro;Simples;Reta;Não;1;0;0;0;1;0;0;1;-13,15069625;-59,87671991;SPRF-MT;DEL04-MT;UOP02-DEL04-MT
736374;04/12/2025;quinta-feira;15:25:00;SP;116;4;GUARULHOS;Reação tardia ou ineficiente do condutor;Atropelamento de Pedestre;Com Vítimas Feridas;Pleno dia;Crescente;Céu Claro;Dupla;"Reta;Declive";Sim;2;0;1;0;0;1;1;2;-23,46076531;-46,4887743;SPRF-SP;DEL01-SP;UOP01-DEL01-SP
736375;04/12/2025;quinta-feira;15:55:00;PE;101;85;JABOATAO DOS GUARARAPES;Reação tardia ou ineficiente do condutor;Colisão traseira;Com Vítimas Feridas;Pleno dia;Decrescente;Céu Claro;Dupla;"Reta;Ponte";Não;2;0;1;0;1;0;1;2;-8,18024;-34,95879;SPRF-PE;DEL01-PE;UOP01-DEL01-PE
736376;04/12/2025;quinta-feira;14:15:00;MS;376;4,4;DOURADOS;Acesso irregular;Colisão transversal;Com Vítimas Fatais;Pleno dia;Decrescente;Céu Claro;Simples;Reta;Não;2;1;0;0;1;0;0;2;-22,22562738;-54,66547966;SPRF-MS;DEL04-MS;UOP01-DEL04-MS
736378;04/12/2025;quinta-feira;14:40:00;PR;369;188,7;ARAPONGAS;Reação tardia ou ineficiente do condutor;Colisão traseira;Com Vítimas Feridas;Pleno dia;Decrescente;Céu Claro;Simples;Reta;Sim;4;0;1;0;3;0;1;3;-23,42281701;-51,42395824;SPRF-PR;DEL07-PR;UOP03-DEL07-PR
736380;04/12/2025;quinta-feira;14:50:00;SP;381;71;MAIRIPORA;Ausência de reação do condutor;Tombamento;Com Vítimas Feridas;Pleno dia;Decrescente;Céu Claro;Múltipla;"Reta;Declive";Não;3;0;2;0;0;1;2;2;-23,34903989;-46,55653119;SPRF-SP;DEL03-SP;UOP01-DEL03-SP
736381;04/12/2025;quinta-feira;11:25:00;RJ;101;515;ANGRA DOS REIS;Velocidade Incompatível;Colisão traseira;Com Vítimas Feridas;Pleno dia;Decrescente;Chuva;Simples;Curva;Não;3;0;1;0;2;0;1;3;-22,98612079;-44,43954121;SPRF-RJ;DEL03-RJ;UOP03-DEL03-RJ
736382;04/12/2025;quinta-feira;13:15:00;RJ;116;102;GUAPIMIRIM;Pista Escorregadia;Tombamento;Com Vítimas Feridas;Pleno dia;Crescente;Chuva;Simples;Curva;Não;1;0;1;0;0;0;1;1;-22,493928;-43,00352;SPRF-RJ;DEL04-RJ;UOP01-DEL04-RJ
736383;04/12/2025;quinta-feira;13:10:00;MA;135;8,9;SAO LUIS;Reação tardia ou ineficiente do condutor;Saída de leito carroçável;Com Vítimas Feridas;Pleno dia;Crescente;Céu Claro;Dupla;Retorno Regulamentado;Não;2;0;1;0;1;0;1;1;-2,605843;-44,324575;SPRF-MA;DEL01-MA;UOP01-DEL01-MA
736384;04/12/2025;quinta-feira;16:10:00;MG;381;497,9;BETIM;Demais falhas mecânicas ou elétricas;Tombamento;Com Vítimas Feridas;Pleno dia;Decrescente;Céu Claro;Dupla;"Reta;Declive";Sim;1;0;0;1;0;0;1;1;-19,9859806;-44,2031849;SPRF-MG;DEL01-MG;UOP03-DEL01-MG
736385;04/12/2025;quinta-feira;14:50:00;RN;304;39;MOSSORO;Condutor deixou de manter distância do veículo da frente;Colisão traseira;Com Vítimas Feridas;Pleno dia;Decrescente;Céu Claro;Dupla;Reta;Sim;5;0;3;1;1;0;4;2;-5,20359367;-37,37645209;SPRF-RN;DEL04-RN;UOP02-DEL04-RN
736386;04/12/2025;quinta-feira;14:20:00;RO;364;426,6;JARU;Condutor deixou de manter distância do veículo da frente;Colisão traseira;Com Vítimas Feridas;Pleno dia;Decrescente;Nublado;Simples;"Interseção de Vias;Reta";Sim;2;0;1;0;1;0;1;2;-10,43040674;-62,48310225;SPRF-RO;DEL03-RO;UOP02-DEL03-RO
736389;04/12/2025;quinta-feira;14:30:00;RJ;40;108;DUQUE DE CAXIAS;Manobra de mudança de faixa;Colisão lateral mesmo sentido;Com Vítimas Feridas;Pleno dia;Decrescente;Céu Claro;Dupla;Reta;Não;2;0;0;1;0;1;1;2;-22,66411504;-43,28431256;SPRF-RJ;DEL01-RJ;UOP02-DEL01-RJ
736391;17/10/2025;sexta-feira;20:14:00;PI;343;305,5;ALTOS;Transitar na contramão;Colisão frontal;Com Vítimas Feridas;Plena Noite;Decrescente;Céu Claro;Simples;Reta;Sim;2;0;1;0;1;0;1;2;-5,0367092;-42,4492031;SPRF-PI;DEL01-PI;UOP01-DEL01-PI
736394;04/12/2025;quinta-feira;17:10:00;SC;101;1,5;FLORIANOPOLIS;Reação tardia ou ineficiente do condutor;Colisão traseira;Com Vítimas Feridas;Pleno dia;Crescente;Nublado;Dupla;Reta;Sim;2;0;1;0;1;0;1;2;-27,604;-48,584;SPRF-SC;DEL03-SC;UOP01-DEL03-SC
736397;06/11/2025;quinta-feira;08:30:00;PE;101;127;ESCADA;Reação tardia ou ineficiente do condutor;Colisão transversal;Sem Vítimas;Pleno dia;Crescente;Sol;Simples;Interseção de Vias;Sim;2;0;0;0;2;0;0;2;-8,36219498;-35,2161283;SPRF-PE;DEL01-PE;UOP03-DEL01-PE
736398;04/12/2025;quinta-feira;16:40:00;BA;116;835;VITORIA DA CONQUISTA;Acesso irregular;Colisão frontal;Com Vítimas Feridas;Pleno dia;Decrescente;Céu Claro;Simples;Reta;Não;2;0;1;0;1;0;1;2;-14,95099;-40,899615;SPRF-BA;DEL08-BA;UOP01-DEL08-BA
736399;04/12/2025;quinta-feira;16:00:00;SP;116;107;TAUBATE;Ausência de reação do condutor;Colisão traseira;Com Vítimas Feridas;Pleno dia;Crescente;Céu Claro;Dupla;Reta;Sim;2;0;0;1;1;0;1;2;-23,01599519;-45,52755816;SPRF-SP;DEL02-SP;UOP02-DEL02-SP
736400;04/12/2025;quinta-feira;16:45:00;PE;101;85;JABOATAO DOS GUARARAPES;Manobra de mudança de faixa;Colisão lateral mesmo sentido;Com Vítimas Feridas;Anoitecer;Decrescente;Céu Claro;Dupla;Reta;Não;3;0;2;0;1;0;2;2;-8,18214;-34,96213;SPRF-PE;DEL01-PE;UOP01-DEL01-PE
736401;04/12/2025;quinta-feira;15:50:00;RN;101;101,8;PARNAMIRIM;Condutor deixou de manter distância do veículo da frente;Colisão traseira;Com Vítimas Feridas;Pleno dia;Decrescente;Céu Claro;Simples;Reta;Sim;3;0;0;1;2;0;1;2;-5,888998;-35,242248;SPRF-RN;DEL01-RN;UOP01-DEL01-RN
736403;04/12/2025;quinta-feira;16:40:00;RJ;101;314;SAO GONCALO;Acessar a via sem observar a presença dos outros veículos;Atropelamento de Pedestre;Com Vítimas Feridas;Pleno dia;Decrescente;Céu Claro;Dupla;Reta;Sim;2;0;0;1;0;1;1;2;-22,80607754;-43,05640161;SPRF-RJ;DEL02-RJ;UOP02-DEL02-RJ
736404;03/12/2025;quarta-feira;06:00:00;SC;280;126;RIO NEGRINHO;Conversão proibida;Colisão lateral mesmo sentido;Com Vítimas Feridas;Pleno dia;Crescente;Sol;Simples;Reta;Sim;3;0;1;0;2;0;1;2;-26,24261234;-49,51209474;SPRF-SC;DEL06-SC;UOP03-DEL06-SC
736407;04/12/2025;quinta-feira;17:10:00;RS;116;240;NOVO HAMBURGO;Acessar a via sem observar a presença dos outros veículos;Colisão lateral mesmo sentido;Com Vítimas Feridas;Pleno dia;Decrescente;Céu Claro;Dupla;Reta;Sim;3;0;1;0;2;0;1;3;-29,71431813;-51,14753314;SPRF-RS;DEL01-RS;UOP02-DEL01-RS
736409;04/12/2025;quinta-feira;17:30:00;DF;20;5,4;BRASILIA;Reação tardia ou ineficiente do condutor;Queda de ocupante de veículo;Com Vítimas Feridas;Anoitecer;Crescente;Nublado;Dupla;Declive;Sim;1;0;1;0;0;0;1;1;-15,66817434;-47,81296134;SPRF-DF;DEL02-DF;UOP01-DEL02-DF
736411;04/12/2025;quinta-feira;17:00:00;RS;290;117;ELDORADO DO SUL;Demais falhas mecânicas ou elétricas;Incêndio;Sem Vítimas;Pleno dia;Crescente;Céu Claro;Simples;Reta;Não;1;0;0;0;0;1;0;1;-30,04795404;-51,38396708;SPRF-RS;DEL02-RS;UOP01-DEL02-RS
736414;04/12/2025;quinta-feira;17:35:00;PB;230;40,2;SANTA RITA;Pedestre cruzava a pista fora da faixa;Atropelamento de Pedestre;Com Vítimas Feridas;Anoitecer;Decrescente;Céu Claro;Dupla;"Reta;Declive";Não;2;0;1;1;0;0;2;2;-7,143465;-34,986765;SPRF-PB;DEL01-PB;UOP02-DEL01-PB
736415;04/12/2025;quinta-feira;14:20:00;MT;163;589,9;NOVA MUTUM;Acumulo de água sobre o pavimento;Saída de leito carroçável;Com Vítimas Feridas;Pleno dia;Decrescente;Chuva;Dupla;Reta;Não;2;0;2;0;0;0;2;1;-13,88112514;-56,08872056;SPRF-MT;DEL01-MT;UOP01-DEL01-MT
736416;04/12/2025;quinta-feira;18:20:00;BA;324;355;CAPIM GROSSO;Entrada inopinada do pedestre;Atropelamento de Pedestre;Com Vítimas Feridas;Plena Noite;Crescente;Céu Claro;Simples;Reta;Não;2;0;0;2;0;0;2;2;-11,38824;-39,9865183;SPRF-BA;DEL04-BA;UOP02-DEL04-BA
736417;04/12/2025;quinta-feira;18:40:00;RJ;101;487;ANGRA DOS REIS;Condutor Dormindo;Colisão traseira;Com Vítimas Feridas;Plena Noite;Crescente;Nublado;Simples;Reta;Sim;2;0;1;0;1;0;1;2;-22,97029121;-44,29794431;SPRF-RJ;DEL03-RJ;UOP03-DEL03-RJ
736420;04/12/2025;quinta-feira;18:40:00;ES;101;125,8;SOORETAMA;Ausência de reação do condutor;Atropelamento de Pedestre;Com Vítimas Feridas;Plena Noite;Crescente;Chuva;Dupla;Reta;Sim;2;0;0;1;1;0;1;2;-19,20105214;-40,09592414;SPRF-ES;DEL04-ES;UOP01-DEL04-ES