id;data_inversa;dia_semana;horario;uf;br;km;municipio;causa_acidente;tipo_acidente;classificacao_acidente;fase_dia;sentido_via;condicao_metereologica;tipo_pista;tracado_via;uso_solo;pessoas;mortos;feridos_leves;feridos_graves;ilesos;ignorados;feridos;veiculos;latitude;longitude;regional;delegacia;uop
736548;05/12/2025;sexta-feira;08:30:00;ES;101;290;CARIACICA;Manobra de mudança de faixa;Colisão lateral mesmo sentido;Com Vítimas Feridas;Pleno dia;Decrescente;Céu Claro;Dupla;Reta;Sim;2;0;1;0;0;1;1;2;-20,29561359;-40,3936014;SPRF-ES;DEL01-ES;UOP01-DEL01-ES
736549;05/12/2025;sexta-feira;06:15:00;PR;373;183;PONTA GROSSA;Transitar no Acostamento;Atropelamento de Pedestre;Com Vítimas Feridas;Amanhecer;Decrescente;Nublado;Dupla;Reta;Sim;2;0;1;0;0;1;1;2;-25,040583;-50,271261;SPRF-PR;DEL03-PR;UOP01-DEL03-PR
736550;05/12/2025;sexta-feira;10:59:00;PE;101;41,3;IGARASSU;Objeto estático sobre o leito carroçável;Colisão com objeto;Com Vítimas Feridas;Pleno dia;Decrescente;Céu Claro;Dupla;"Curva;Em Obras";Sim;2;0;2;0;0;0;2;1;-7,8346;-34,912205;SPRF-PE;DEL01-PE;UOP02-DEL01-PE
736552;05/12/2025;sexta-feira;11:15:00;SC;282;2;FLORIANOPOLIS;Velocidade Incompatível;Colisão traseira;Com Vítimas Feridas;Pleno dia;Decrescente;Céu Claro;Múltipla;Reta;Não;4;0;2;0;2;0;2;2;-27,6033648;-48,58943788;SPRF-SC;DEL01-SC;UOP01-DEL01-SC
736553;27/09/2025;sábado;14:35:00;BA;110;154;RIBEIRA DO POMBAL;Acessar a via sem observar a presença dos outros veículos;Colisão transversal;Com Vítimas Feridas;Pleno dia;Decrescente;Garoa/Chuvisco;Simples;Reta;Não;7;0;1;1;3;2;2;3;-10,695;-38,447;SPRF-BA;DEL07-BA;UOP02-DEL07-BA
736556;19/11/2025;quarta-feira;19:15:00;PA;230;7;ALTAMIRA;Transitar na contramão;Colisão frontal;Com Vítimas Fatais;Plena Noite;Decrescente;Céu Claro;Dupla;Aclive;Sim;4;1;3;0;0;0;3;2;-3,1962807;-52,2346472;SPRF-PA;DEL04-PA;UOP01-DEL04-PA
736557;05/12/2025;sexta-feira;11:35:00;SC;101;209;SAO JOSE;Trafegar com motocicleta (ou similar) entre as faixas;Colisão lateral mesmo sentido;Sem Vítimas;Pleno dia;Crescente;Céu Claro;Dupla;Reta;Sim;3;0;0;0;2;1;0;2;-27,61061;-48,63938;SPRF-SC;DEL01-SC;UOP01-DEL01-SC
736558;15/11/2025;sábado;17:55:00;AL;101;188,5;JUNQUEIRO;Ausência de reação do condutor;Colisão traseira;Com Vítimas Feridas;Plena Noite;Crescente;Céu Claro;Simples;Reta;Sim;3;0;0;1;2;0;1;2;-9,908913;-36,469973;SPRF-AL;DEL02-AL;UOP02-DEL02-AL
736560;05/12/2025;sexta-feira;12:40:00;CE;304;51,2;ARACATI;Reação tardia ou ineficiente do condutor;Colisão traseira;Com Vítimas Feridas;Pleno dia;Decrescente;Céu Claro;Dupla;Reta;Não;2;0;1;0;1;0;1;2;-4,576018;-37,7316884;SPRF-CE;DEL03-CE;UOP02-DEL03-CE
736562;05/12/2025;sexta-feira;12:33:00;RS;472;610;URUGUAIANA;Velocidade Incompatível;Saída de leito carroçável;Com Vítimas Feridas;Pleno dia;Decrescente;Céu Claro;Simples;Reta;Não;2;0;2;0;0;0;2;1;-29,91370397;-57,15413621;SPRF-RS;DEL13-RS;UOP01-DEL13-RS
736563;05/12/2025;sexta-feira;12:00:00;SC;470;47,2;BLUMENAU;Ausência de reação do condutor;Saída de leito carroçável;Com Vítimas Feridas;Pleno dia;Crescente;Céu Claro;Dupla;"Aclive;Reta";Não;1;0;1;0;0;0;1;1;-26,8619981;-49,05081153;SPRF-SC;DEL04-SC;UOP01-DEL04-SC
736564;05/12/2025;sexta-feira;12:15:00;PR;277;138;CAMPO LARGO;Demais falhas mecânicas ou elétricas;Incêndio;Sem Vítimas;Pleno dia;Crescente;Céu Claro;Dupla;Reta;Não;1;0;0;0;0;1;0;1;-25,462446;-49,649031;SPRF-PR;DEL03-PR;UOP03-DEL03-PR
736565;05/12/2025;sexta-feira;11:20:00;RJ;101;329;NITEROI;Ausência de reação do condutor;Colisão traseira;Com Vítimas Feridas;Pleno dia;Crescente;Céu Claro;Dupla;Reta;Não;2;0;1;0;1;0;1;2;-22,87048132;-43,16802979;SPRF-RJ;DEL02-RJ;UOP01-DEL02-RJ
736566;05/12/2025;sexta-feira;12:55:00;MG;381;501;BETIM;Ingestão de álcool pelo condutor;Saída de leito carroçável;Com Vítimas Feridas;Pleno dia;Decrescente;Nublado;Dupla;Reta;Não;2;0;2;0;0;0;2;1;-20,00539913;-44,21382777;SPRF-MG;DEL01-MG;UOP03-DEL01-MG
736567;05/12/2025;sexta-feira;11:33:00;RR;0;0;BOA VISTA;Reação tardia ou ineficiente do condutor;Engavetamento;Sem Vítimas;Pleno dia;Não Informado;Céu Claro;Dupla;Reta;Sim;4;0;0;0;4;0;0;4;2,75071527;-60,74156106;SPRF-RR;DEL01-RR;UOP01-DEL01-RR
736570;11/09/2025;quinta-feira;07:00:00;MG;381;255;CORONEL FABRICIANO;Velocidade Incompatível;Colisão traseira;Com Vítimas Feridas;Pleno dia;Decrescente;Céu Claro;Simples;Reta;Não;3;0;0;1;2;0;1;3;-19,53168271;-42,58388758;SPRF-MG;DEL03-MG;UOP01-DEL03-MG
736572;05/12/2025;sexta-feira;12:40:00;MG;40;552,2;NOVA LIMA;Transitar na contramão;Colisão transversal;Com Vítimas Feridas;Pleno dia;Crescente;Sol;Simples;Reta;Sim;2;0;1;0;1;0;1;2;-20,0635574;-43,9792545;SPRF-MG;DEL01-MG;UOP02-DEL01-MG
736573;04/08/2025;segunda-feira;15:40:00;PA;155;139;SAPUCAIA;Ultrapassagem Indevida;Colisão frontal;Sem Vítimas;Pleno dia;Crescente;Céu Claro;Simples;Reta;Não;2;0;0;0;2;0;0;2;-6,96719154;-49,72560791;SPRF-PA;DEL03-PA;UOP01-DEL03-PA
736574;05/12/2025;sexta-feira;12:50:00;RJ;116;304;RESENDE;Reação tardia ou ineficiente do condutor;Engavetamento;Com Vítimas Feridas;Pleno dia;Crescente;Céu Claro;Dupla;Reta;Não;4;0;1;0;3;0;1;4;-22,45451833;-44,38232167;SPRF-RJ;DEL07-RJ;UOP02-DEL07-RJ
736576;05/12/2025;sexta-feira;10:20:00;PE;424;100;BREJAO;Frear bruscamente;Colisão traseira;Com Vítimas Feridas;Pleno dia;Decrescente;Céu Claro;Simples;Reta;Não;2;0;1;0;1;0;1;2;-8,961762;-36,513837;SPRF-PE;DEL03-PE;UOP01-DEL03-PE
736577;05/12/2025;sexta-feira;13:15:00;PR;369;59;BANDEIRANTES;Mal súbito do condutor;Colisão com objeto;Com Vítimas Fatais;Pleno dia;Crescente;Céu Claro;Simples;"Aclive;Reta";Não;1;1;0;0;0;0;0;1;-23,13185553;-50,39559603;SPRF-PR;DEL07-PR;UOP05-DEL07-PR
736578;05/12/2025;sexta-feira;12:48:00;GO;50;281,9;CATALAO;Velocidade Incompatível;Saída de leito carroçável;Com Vítimas Feridas;Pleno dia;Crescente;Chuva;Dupla;"Declive;Reta";Sim;4;0;2;1;0;1;3;1;-18,189428;-47,951125;SPRF-GO;DEL06-GO;UOP01-DEL06-GO
736579;05/12/2025;sexta-feira;13:40:00;SC;101;198;BIGUACU;Objeto estático sobre o leito carroçável;Colisão com objeto;Com Vítimas Feridas;Pleno dia;Decrescente;Sol;Dupla;Reta;Sim;1;0;1;0;0;0;1;1;-27,52740573;-48,63419652;SPRF-SC;DEL01-SC;UOP01-DEL01-SC
736581;05/12/2025;sexta-feira;14:10:00;RN;101;13,7;TOUROS;Demais falhas mecânicas ou elétricas;Colisão com objeto;Com Vítimas Feridas;Pleno dia;Decrescente;Céu Claro;Simples;"Túnel;Reta";Não;1;0;1;0;0;0;1;1;-5,262858;-35,47293;SPRF-RN;DEL02-RN;UOP01-DEL02-RN
736583;05/12/2025;sexta-feira;12:45:00;PE;104;50;CARUARU;Pista esburacada;Saída de leito carroçável;Com Vítimas Feridas;Pleno dia;Crescente;Sol;Dupla;Reta;Não;1;0;0;1;0;0;1;1;-8,143012;-35,987178;SPRF-PE;DEL02-PE;UOP01-DEL02-PE
736584;05/12/2025;sexta-feira;10:20:00;BA;116;15;VITORIA DA CONQUISTA;Condutor deixou de manter distância do veículo da frente;Colisão traseira;Com Vítimas Feridas;Pleno dia;Crescente;Chuva;Simples;Reta;Sim;5;0;2;0;3;0;2;2;-14,89739131;-40,85877154;SPRF-BA;DEL08-BA;UOP01-DEL08-BA
736585;05/12/2025;sexta-feira;13:55:00;AL;416;49;SAO JOSE DA LAJE;Acessar a via sem observar a presença dos outros veículos;Colisão traseira;Com Vítimas Fatais;Pleno dia;Crescente;Céu Claro;Simples;"Aclive;Reta";Não;2;1;0;0;0;1;0;2;-8,96961881;-35,99291146;SPRF-AL;DEL01-AL;UOP02-DEL01-AL
736586;05/12/2025;sexta-feira;14:20:00;MG;381;308;ANTONIO DIAS;Acessar a via sem observar a presença dos outros veículos;Colisão traseira;Com Vítimas Feridas;Pleno dia;Crescente;Céu Claro;Dupla;Reta;Não;2;0;0;1;1;0;1;2;-19,65825;-42,96129;SPRF-MG;DEL03-MG;UOP02-DEL03-MG
736587;05/12/2025;sexta-feira;13:00:00;MS;163;227,6;CAARAPO;Ausência de reação do condutor;Engavetamento;Sem Vítimas;Pleno dia;Decrescente;Sol;Dupla;Reta;Não;7;0;0;0;7;0;0;3;-22,47813;-54,862757;SPRF-MS;DEL04-MS;UOP02-DEL04-MS
736589;05/12/2025;sexta-feira;01:15:00;MG;50;175;UBERABA;Ausência de reação do condutor;Colisão lateral mesmo sentido;Com Vítimas Feridas;Pleno dia;Decrescente;Céu Claro;Dupla;Curva;Sim;2;0;1;0;1;0;1;2;-19,77745062;-47,97129599;SPRF-MG;DEL13-MG;UOP01-DEL13-MG
736590;05/12/2025;sexta-feira;14:45:00;SP;116;230,5;SAO PAULO;Manobra de mudança de faixa;Colisão transversal;Com Vítimas Fatais;Pleno dia;Crescente;Céu Claro;Múltipla;Reta;Não;4;1;0;0;3;0;0;4;-23,521522;-46,585173;SPRF-SP;DEL01-SP;UOP01-DEL01-SP
736592;05/12/2025;sexta-feira;14:45:00;SC;101;205;SAO JOSE;Manobra de mudança de faixa;Colisão lateral mesmo sentido;Com Vítimas Feridas;Pleno dia;Crescente;Céu Claro;Múltipla;Reta;Sim;2;0;1;0;1;0;1;2;-27,58848433;-48,61689297;SPRF-SC;DEL01-SC;UOP01-DEL01-SC
736593;05/12/2025;sexta-feira;14:38:00;RS;470;215;BENTO GONCALVES;Conversão proibida;Colisão transversal;Com Vítimas Feridas;Pleno dia;Crescente;Céu Claro;Simples;Reta;Sim;2;0;1;0;1;0;1;2;-29,16021388;-51,52895657;SPRF-RS;DEL06-RS;UOP01-DEL06-RS
736594;05/12/2025;sexta-feira;11:48:00;MT;70;1,5;BARRA DO GARCAS;Condutor deixou de manter distância do veículo da frente;Colisão lateral mesmo sentido;Com Vítimas Feridas;Pleno dia;Crescente;Céu Claro;Simples;Reta;Sim;2;0;1;0;1;0;1;2;-15,88916587;-52,26547692;SPRF-MT;DEL07-MT;UOP01-DEL07-MT
736595;05/12/2025;sexta-feira;12:15:00;SC;116;72,1;MONTE CASTELO;Reação tardia ou ineficiente do condutor;Colisão transversal;Com Vítimas Feridas;Pleno dia;Decrescente;Céu Claro;Simples;"Reta;Aclive";Não;6;0;6;0;0;0;6;2;-26,487411;-50,232637;SPRF-SC;DEL06-SC;UOP02-DEL06-SC
736596;06/10/2025;segunda-feira;10:30:00;RN;101;172;BAIA FORMOSA;Ausência de reação do condutor;Saída de leito carroçável;Com Vítimas Feridas;Pleno dia;Decrescente;Céu Claro;Dupla;Reta;Não;1;0;1;0;0;0;1;1;-6,465853;-35,11117;SPRF-RN;DEL01-RN;UOP01-DEL01-RN
736597;05/12/2025;sexta-feira;15:15:00;SC;282;0,5;FLORIANOPOLIS;Condutor deixou de manter distância do veículo da frente;Colisão traseira;Com Vítimas Feridas;Pleno dia;Decrescente;Céu Claro;Múltipla;Reta;Sim;3;0;0;1;2;0;1;3;-27,60053;-48,57693;SPRF-SC;DEL01-SC;UOP01-DEL01-SC
736600;05/12/2025;sexta-feira;15:30:00;BA;101;265,9;SANTO ANTONIO DE JESUS;Manobra de mudança de faixa;Colisão frontal;Com Vítimas Fatais;Pleno dia;Crescente;Céu Claro;Simples;"Reta;Declive";Não;6;1;1;0;4;0;1;2;-12,9939248;-39,2873388;SPRF-BA;DEL01-BA;UOP02-DEL01-BA
736604;05/12/2025;sexta-feira;10:30:00;RJ;101;482;ANGRA DOS REIS;Acessar a via sem observar a presença dos outros veículos;Colisão transversal;Com Vítimas Feridas;Pleno dia;Decrescente;Céu Claro;Dupla;Rotatória;Não;2;0;1;0;1;0;1;2;-22,99790349;-44,25361633;SPRF-RJ;DEL03-RJ;UOP03-DEL03-RJ
736605;05/12/2025;sexta-feira;16:20:00;PE;101;70;RECIFE;Reação tardia ou ineficiente do condutor;Saída de leito carroçável;Com Vítimas Feridas;Pleno dia;Decrescente;Céu Claro;Múltipla;Curva;Sim;1;0;1;0;0;0;1;1;-8,06791;-34,94083;SPRF-PE;DEL01-PE;UOP01-DEL01-PE
736606;05/12/2025;sexta-feira;16:30:00;PE;101;68,3;RECIFE;Ingestão de álcool pelo condutor;Engavetamento;Com Vítimas Feridas;Pleno dia;Decrescente;Céu Claro;Múltipla;Reta;Sim;4;0;2;0;2;0;2;3;-8,05372;-34,94646;SPRF-PE;DEL01-PE;UOP01-DEL01-PE
736608;05/12/2025;sexta-feira;16:15:00;RN;101;120;SAO JOSE DE MIPIBU;Manobra de mudança de faixa;Colisão traseira;Com Vítimas Feridas;Pleno dia;Crescente;Céu Claro;Dupla;Reta;Não;3;0;2;0;1;0;2;2;-6,03233558;-35,24918318;SPRF-RN;DEL01-RN;UOP01-DEL01-RN
736610;05/12/2025;sexta-feira;16:35:00;PI;343;7,9;PARNAIBA;Condutor deixou de manter distância do veículo da frente;Colisão traseira;Com Vítimas Feridas;Pleno dia;Crescente;Nublado;Simples;Reta;Sim;3;0;2;0;1;0;2;3;-2,899388;-41,723625;SPRF-PI;DEL05-PI;UOP01-DEL05-PI
736613;05/12/2025;sexta-feira;16:26:00;ES;101;270;SERRA;Entrada inopinada do pedestre;Atropelamento de Pedestre;Com Vítimas Feridas;Pleno dia;Crescente;Céu Claro;Dupla;Reta;Não;2;0;1;0;1;0;1;2;-20,2179094;-40,35273671;SPRF-ES;DEL02-ES;UOP01-DEL02-ES
736615;05/12/2025;sexta-feira;14:45:00;SC;280;29;ARAQUARI;Acessar a via sem observar a presença dos outros veículos;Colisão transversal;Com Vítimas Feridas;Pleno dia;Crescente;Céu Claro;Simples;Reta;Não;2;0;1;0;1;0;1;2;-26,410114;-48,752483;SPRF-SC;DEL03-SC;UOP03-DEL03-SC
736616;05/12/2025;sexta-feira;15:45:00;SC;470;28;GASPAR;Velocidade Incompatível;Colisão lateral mesmo sentido;Sem Vítimas;Pleno dia;Crescente;Céu Claro;Múltipla;Reta;Sim;2;0;0;0;2;0;0;2;-26,89343411;-48,89686044;SPRF-SC;DEL04-SC;UOP01-DEL04-SC
736617;05/12/2025;sexta-feira;16:35:00;RJ;493;121;ITAGUAI;Condutor deixou de manter distância do veículo da frente;Colisão traseira;Com Vítimas Feridas;Pleno dia;Crescente;Céu Claro;Dupla;"Declive;Viaduto";Sim;2;0;1;0;1;0;1;2;-22,89395958;-43,82358044;SPRF-RJ;DEL03-RJ;UOP01-DEL03-RJ
736618;05/12/2025;sexta-feira;16:30:00;PB;101;82,6;BAYEUX;Reação tardia ou ineficiente do condutor;Engavetamento;Sem Vítimas;Pleno dia;Crescente;Céu Claro;Dupla;"Viaduto;Reta";Sim;7;0;0;0;6;1;0;7;-7,131528;-34,932201;SPRF-PB;DEL01-PB;UOP01-DEL01-PB
736619;05/12/2025;sexta-feira;16:34:00;PR;116;8;CAMPINA GRANDE DO SUL;Ultrapassagem Indevida;Colisão traseira;Com Vítimas Feridas;Pleno dia;Crescente;Céu Claro;Dupla;Reta;Não;3;0;0;2;1;0;2;3;-25,369842;-49,118323;SPRF-PR;DEL01-PR;UOP02-DEL01-PR
736621;05/12/2025;sexta-feira;15:32:00;SC;280;27,1;ARAQUARI;Acessar a via sem observar a presença dos outros veículos;Colisão frontal;Com Vítimas Feridas;Pleno dia;Crescente;Céu Claro;Simples;"Reta;Interseção de Vias";Sim;2;0;2;0;0;0;2;2;-26,39702956;-48,74026235;SPRF-SC;DEL03-SC;UOP03-DEL03-SC
736624;05/12/2025;sexta-feira;17:15:00;SC;101;24;JOINVILLE;Desrespeitar a preferência no cruzamento;Colisão frontal;Com Vítimas Feridas;Pleno dia;Decrescente;Sol;Simples;Interseção de Vias;Sim;7;0;6;1;0;0;7;2;-26,17866643;-48,90854643;SPRF-SC;DEL03-SC;UOP01-DEL03-SC
736625;05/12/2025;sexta-feira;16:00:00;GO;60;31;ALEXANIA;Acessar a via sem observar a presença dos outros veículos;Colisão transversal;Com Vítimas Feridas;Pleno dia;Decrescente;Céu Claro;Dupla;"Retorno Regulamentado;Reta";Sim;3;0;2;1;0;0;3;2;-16,09077;-48,497127;SPRF-DF;DEL03-DF;UOP01-DEL03-DF
736626;05/11/2025;quarta-feira;13:10:00;PA;163;485;ITAITUBA;Condutor Dormindo;Saída de leito carroçável;Com Vítimas Fatais;Pleno dia;Crescente;Sol;Simples;Curva;Não;3;1;0;0;1;1;0;2;-5,626058;-55,79767;SPRF-PA;DEL05-PA;UOP03-DEL05-PA
736627;05/12/2025;sexta-feira;15:55:00;RO;174;14;VILHENA;Acessar a via sem observar a presença dos outros veículos;Colisão transversal;Com Vítimas Feridas;Pleno dia;Crescente;Garoa/Chuvisco;Dupla;Interseção de Vias;Sim;2;0;1;0;1;0;1;2;-12,73091921;-60,12947202;SPRF-RO;DEL04-RO;UOP01-DEL04-RO
736628;05/12/2025;sexta-feira;17:30:00;SP;101;49,8;UBATUBA;Acessar a via sem observar a presença dos outros veículos;Colisão transversal;Com Vítimas Feridas;Pleno dia;Crescente;Garoa/Chuvisco;Simples;Reta;Sim;2;0;2;0;0;0;2;2;-23,44874329;-45,07903431;SPRF-SP;DEL06-SP;UOP01-DEL06-SP
736629;05/12/2025;sexta-feira;16:40:00;MS;60;427;SIDROLANDIA;Acessar a via sem observar a presença dos outros veículos;Colisão transversal;Com Vítimas Feridas;Pleno dia;Decrescente;Céu Claro;Dupla;Rotatória;Sim;4;0;1;0;3;0;1;2;-20,941431;-54,965061;SPRF-MS;DEL01-MS;UOP04-DEL01-MS
736630;05/12/2025;sexta-feira;16:40:00;SP;116;203;ARUJA;Reação tardia ou ineficiente do condutor;Engavetamento;Com Vítimas Feridas;Pleno dia;Decrescente;Céu Claro;Múltipla;Reta;Sim;6;0;3;0;3;0;3;3;-23,41128608;-46,35120956;SPRF-SP;DEL01-SP;UOP01-DEL01-SP
736631;05/12/2025;sexta-feira;17:28:00;DF;70;14;BRASILIA;Manobra de mudança de faixa;Colisão lateral mesmo sentido;Com Vítimas Feridas;Anoitecer;Decrescente;Nublado;Dupla;Reta;Sim;3;0;1;0;2;0;1;2;-15,79873;-48,187101;SPRF-DF;DEL03-DF;UOP02-DEL03-DF
736632;05/12/2025;sexta-feira;17:30:00;RS;116;118;SAO MARCOS;Ausência de reação do condutor;Capotamento;Com Vítimas Feridas;Pleno dia;Crescente;Céu Claro;Simples;Reta;Não;1;0;1;0;0;0;1;1;-28,9835683;-51,069238;SPRF-RS;DEL05-RS;UOP01-DEL05-RS
736633;01/12/2025;segunda-feira;06:50:00;MS;163;223,7;CAARAPO;Afundamento ou ondulação no pavimento;Tombamento;Com Vítimas Feridas;Pleno dia;Decrescente;Céu Claro;Simples;"Declive;Curva";Não;1;0;1;0;0;0;1;1;-22,509731;-54,863501;SPRF-MS;DEL04-MS;UOP02-DEL04-MS
736634;05/12/2025;sexta-feira;18:10:00;RS;386;341,5;LAJEADO;Manobra de mudança de faixa;Colisão lateral mesmo sentido;Com Vítimas Feridas;Pleno dia;Decrescente;Sol;Múltipla;Reta;Não;2;0;0;1;1;0;1;2;-29,43017;-52,01444;SPRF-RS;DEL04-RS;UOP01-DEL04-RS
736635;05/12/2025;sexta-feira;16:00:00;MG;262;362,4;JUATUBA;Manobra de mudança de faixa;Colisão lateral mesmo sentido;Com Vítimas Feridas;Pleno dia;Decrescente;Nublado;Dupla;Reta;Não;2;0;1;0;0;1;1;2;-19,969754;-44,331676;SPRF-MG;DEL01-MG;UOP03-DEL01-MG
736636;05/12/2025;sexta-feira;17:10:00;PE;101;67;RECIFE;Reação tardia ou ineficiente do condutor;Atropelamento de Pedestre;Com Vítimas Feridas;Anoitecer;Crescente;Céu Claro;Dupla;Reta;Sim;2;0;1;1;0;0;2;2;-8,04288069;-34,94346499;SPRF-PE;DEL01-PE;UOP01-DEL01-PE
736637;08/11/2025;sábado;15:45:00;PB;104;87,6;REMIGIO;Transitar na contramão;Colisão frontal;Com Vítimas Feridas;Pleno dia;Crescente;Céu Claro;Simples;"Aclive;Curva";Não;3;0;0;1;1;1;1;3;-6,964147;-35,799371;SPRF-PB;DEL02-PB;UOP04-DEL02-PB
736639;05/12/2025;sexta-feira;17:30:00;BA;101;490;ITAJUIPE;Acessar a via sem observar a presença dos outros veículos;Colisão transversal;Com Vítimas Feridas;Anoitecer;Crescente;Nevoeiro/Neblina;Simples;"Reta;Interseção de Vias";Não;6;0;1;0;5;0;1;2;-14,69530339;-39,365221;SPRF-BA;DEL05-BA;UOP01-DEL05-BA
736641;05/12/2025;sexta-feira;17:10:00;SP;116;151;SAO JOSE DOS CAMPOS;Velocidade Incompatível;Colisão com objeto;Sem Vítimas;Pleno dia;Crescente;Céu Claro;Múltipla;Reta;Não;1;0;0;0;0;1;0;1;-23,219942;-45,900693;SPRF-SP;DEL02-SP;UOP01-DEL02-SP
736642;05/12/2025;sexta-feira;17:30:00;RS;392;90,2;PELOTAS;Reação tardia ou ineficiente do condutor;Saída de leito carroçável;Com Vítimas Feridas;Pleno dia;Crescente;Céu Claro;Simples;Declive;Não;4;0;4;0;0;0;4;1;-31,65079145;-52,4752562;SPRF-RS;DEL07-RS;UOP01-DEL07-RS
736643;05/12/2025;sexta-feira;18:30:00;SC;101;208,5;SAO JOSE;Pista Escorregadia;Tombamento;Com Vítimas Feridas;Amanhecer;Crescente;Céu Claro;Múltipla;Reta;Sim;2;0;2;0;0;0;2;1;-27,6125439;-48,641659;SPRF-SC;DEL01-SC;UOP01-DEL01-SC
736644;05/12/2025;sexta-feira;17:50:00;SC;101;38,5;JOINVILLE;Desrespeitar a preferência no cruzamento;Colisão transversal;Com Vítimas Feridas;Anoitecer;Crescente;Céu Claro;Múltipla;Viaduto;Sim;2;0;2;0;0;0;2;2;-26,29680077;-48,88435364;SPRF-SC;DEL03-SC;UOP01-DEL03-SC
736645;05/12/2025;sexta-feira;18:10:00;RJ;40;56;PETROPOLIS;Condutor Dormindo;Colisão com objeto;Com Vítimas Feridas;Anoitecer;Crescente;Céu Claro;Dupla;Curva;Sim;2;0;1;0;0;1;1;2;-22,3638875;-43,1278673;SPRF-RJ;DEL05-RJ;UOP02-DEL05-RJ
736646;05/12/2025;sexta-feira;17:00:00;PR;476;193;LAPA;Ausência de reação do condutor;Colisão lateral mesmo sentido;Com Vítimas Feridas;Pleno dia;Decrescente;Céu Claro;Dupla;Reta;Não;2;0;1;0;1;0;1;2;-25,7432308;-49,71420441;SPRF-PR;DEL01-PR;UOP06-DEL01-PR
736647;05/12/2025;sexta-feira;18:50:00;SC;153;99,9;CONCORDIA;Frear bruscamente;Colisão traseira;Com Vítimas Feridas;Anoitecer;Decrescente;Céu Claro;Simples;Reta;Sim;2;0;1;0;1;0;1;2;-27,24532037;-51,95221066;SPRF-SC;DEL07-SC;UOP04-DEL07-SC
736651;05/12/2025;sexta-feira;19:00:00;RS;116;142,6;CAXIAS DO SUL;Manobra de mudança de faixa;Colisão lateral mesmo sentido;Com Vítimas Feridas;Anoitecer;Crescente;Céu Claro;Dupla;Reta;Sim;3;0;2;0;1;0;2;2;-29,118358;-51,12128;SPRF-RS;DEL05-RS;UOP01-DEL05-RS
736652;05/12/2025;sexta-feira;19:25:00;SC;101;127;ITAJAI;Velocidade Incompatível;Colisão traseira;Com Vítimas Feridas;Plena Noite;Decrescente;Céu Claro;Dupla;Reta;Não;2;0;1;0;1;0;1;2;-26,97145833;-48,68299484;SPRF-SC;DEL04-SC;UOP04-DEL04-SC
736653;05/12/2025;sexta-feira;18:50:00;RS;116;221;DOIS IRMAOS;Condutor deixou de manter distância do veículo da frente;Queda de ocupante de veículo;Com Vítimas Feridas;Anoitecer;Decrescente;Céu Claro;Simples;Curva;Sim;2;0;0;1;1;0;1;2;-29,57240233;-51,09622713;SPRF-RS;DEL01-RS;UOP02-DEL01-RS
736655;05/12/2025;sexta-feira;19:30:00;TO;153;137;ARAGUAINA;Reação tardia ou ineficiente do condutor;Queda de ocupante de veículo;Com Vítimas Feridas;Plena Noite;Crescente;Garoa/Chuvisco;Dupla;Reta;Sim;2;0;1;0;1;0;1;1;-7,15057852;-48,20343643;SPRF-TO;DEL02-TO;UOP01-DEL02-TO
736657;05/12/2025;sexta-feira;18:42:00;MS;262;505;ANASTACIO;Manobra de mudança de faixa;Saída de leito carroçável;Sem Vítimas;Plena Noite;Decrescente;Nublado;Simples;Reta;Não;2;0;0;0;2;0;0;1;-20,48325017;-55,953432;SPRF-MS;DEL03-MS;UOP01-DEL03-MS
736659;05/12/2025;sexta-feira;19:50:00;RJ;116;212;SEROPEDICA;Reação tardia ou ineficiente do condutor;Colisão lateral mesmo sentido;Sem Vítimas;Plena Noite;Decrescente;Nublado;Múltipla;"Reta;Desvio Temporário";Não;2;0;0;0;2;0;0;2;-22,7168159;-43,7151773;SPRF-RJ;DEL06-RJ;UOP02-DEL06-RJ
736661;05/12/2025;sexta-feira;19:10:00;RJ;40;112;DUQUE DE CAXIAS;Reação tardia ou ineficiente do condutor;Colisão traseira;Sem Vítimas;Plena Noite;Decrescente;Nublado;Dupla;Reta;Sim;3;0;0;0;3;0;0;3;-22,69493469;-43,2880822;SPRF-RJ;DEL01-RJ;UOP02-DEL01-RJ
736663;05/12/2025;sexta-feira;20:00:00;PR;376;182;MARINGA;Desrespeitar a preferência no cruzamento;Colisão transversal;Com Vítimas Feridas;Plena Noite;Crescente;Céu Claro;Dupla;Rotatória;Sim;2;0;1;0;1;0;1;2;-23,4322314;-51,88747287;SPRF-PR;DEL09-PR;UOP01-DEL09-PR
736666;05/12/2025;sexta-feira;19:00:00;PR;277;726;FOZ DO IGUACU;Frear bruscamente;Tombamento;Com Vítimas Feridas;Pleno dia;Crescente;Céu Claro;Dupla;Reta;Sim;2;0;2;0;0;0;2;1;-25,50768428;-54,54557419;SPRF-PR;DEL05-PR;UOP03-DEL05-PR
736667;05/12/2025;sexta-feira;18:30:00;GO;153;570,6;PROFESSOR JAMIL;Reação tardia ou ineficiente do condutor;Saída de leito carroçável;Com Vítimas Fatais;Anoitecer;Crescente;Chuva;Dupla;Curva;Não;2;1;0;1;0;0;1;1;-17,2926588;-49,234367;SPRF-GO;DEL03-GO;UOP01-DEL03-GO
736668;05/12/2025;sexta-feira;19:30:00;PR;116;111;CURITIBA;Manobra de mudança de faixa;Colisão lateral mesmo sentido;Sem Vítimas;Plena Noite;Crescente;Céu Claro;Dupla;Reta;Não;2;0;0;0;1;1;0;2;-25,5591812;-49,2663351;SPRF-PR;DEL01-PR;UOP03-DEL01-PR