id;data_inversa;dia_semana;horario;uf;br;km;municipio;causa_acidente;tipo_acidente;classificacao_acidente;fase_dia;sentido_via;condicao_metereologica;tipo_pista;tracado_via;uso_solo;pessoas;mortos;feridos_leves;feridos_graves;ilesos;ignorados;feridos;veiculos;latitude;longitude;regional;delegacia;uop
736670;05/12/2025;sexta-feira;20:00:00;RS;285;219,6;CASEIROS;Acessar a via sem observar a presença dos outros veículos;Colisão transversal;Com Vítimas Feridas;Plena Noite;Decrescente;Céu Claro;Simples;Reta;Sim;6;0;4;0;2;0;4;2;-28,26625364;-51,69602601;SPRF-RS;DEL08-RS;UOP05-DEL08-RS
736671;05/12/2025;sexta-feira;20:15:00;MG;40;614,9;CONGONHAS;Reação tardia ou ineficiente do condutor;Saída de leito carroçável;Com Vítimas Feridas;Plena Noite;Crescente;Céu Claro;Simples;"Curva;Aclive";Não;1;0;1;0;0;0;1;1;-20,476871;-43,8424143;SPRF-MG;DEL05-MG;UOP02-DEL05-MG
736673;05/12/2025;sexta-feira;20:40:00;PE;101;67,5;RECIFE;Pedestre - Ingestão de álcool/ substâncias psicoativas;Atropelamento de Pedestre;Com Vítimas Feridas;Plena Noite;Crescente;Céu Claro;Dupla;Reta;Sim;3;0;2;0;1;0;2;2;-8,04708;-34,94517;SPRF-PE;DEL01-PE;UOP01-DEL01-PE
736676;05/12/2025;sexta-feira;21:00:00;GO;60;167,3;GOIANIA;Ingestão de álcool pelo condutor;Colisão traseira;Com Vítimas Feridas;Plena Noite;Crescente;Nublado;Dupla;Declive;Não;3;0;2;1;0;0;3;2;-16,728119;-49,384045;SPRF-GO;DEL01-GO;UOP02-DEL01-GO
736677;05/12/2025;sexta-feira;17:50:00;SC;101;136;CAMBORIU;Manobra de mudança de faixa;Colisão traseira;Com Vítimas Feridas;Pleno dia;Crescente;Céu Claro;Múltipla;Reta;Sim;2;0;1;0;1;0;1;2;-26,993634;-48,660603;SPRF-SC;DEL04-SC;UOP03-DEL04-SC
736678;05/12/2025;sexta-feira;20:30:00;CE;304;100;ARACATI;Pedestre andava na pista;Tombamento;Com Vítimas Feridas;Plena Noite;Decrescente;Céu Claro;Dupla;Reta;Sim;2;0;1;1;0;0;2;1;-4,5793242;-37,7304019;SPRF-CE;DEL03-CE;UOP02-DEL03-CE
736679;05/12/2025;sexta-feira;20:00:00;RJ;101;525;ANGRA DOS REIS;Acessar a via sem observar a presença dos outros veículos;Colisão transversal;Com Vítimas Feridas;Plena Noite;Decrescente;Nublado;Simples;Rotatória;Sim;2;0;1;1;0;0;2;2;-23,0030135;-44,47981835;SPRF-RJ;DEL03-RJ;UOP03-DEL03-RJ
736680;05/12/2025;sexta-feira;21:00:00;RS;392;86,5;CANGUCU;Ausência de reação do condutor;Saída de leito carroçável;Com Vítimas Feridas;Plena Noite;Decrescente;Céu Claro;Simples;Reta;Não;1;0;1;0;0;0;1;1;-31,48957772;-52,6166153;SPRF-RS;DEL07-RS;UOP01-DEL07-RS
736681;05/12/2025;sexta-feira;20:00:00;SC;282;322;VARGEM;Ingestão de álcool pelo condutor;Saída de leito carroçável;Com Vítimas Feridas;Plena Noite;Crescente;Céu Claro;Simples;Curva;Não;1;0;0;1;0;0;1;1;-27,44720061;-50,99905014;SPRF-SC;DEL07-SC;UOP06-DEL07-SC
736682;05/12/2025;sexta-feira;21:15:00;SC;101;199;BIGUACU;Pedestre andava na pista;Atropelamento de Pedestre;Com Vítimas Feridas;Plena Noite;Crescente;Céu Claro;Dupla;Reta;Sim;4;0;1;0;2;1;1;2;-27,52782391;-48,63423999;SPRF-SC;DEL01-SC;UOP01-DEL01-SC
736683;05/12/2025;sexta-feira;18:50:00;RJ;101;321;NITEROI;Trafegar com motocicleta (ou similar) entre as faixas;Colisão lateral mesmo sentido;Com Vítimas Feridas;Plena Noite;Decrescente;Céu Claro;Múltipla;Reta;Sim;3;0;2;0;1;0;2;2;-22,87522623;-43,11039448;SPRF-RJ;DEL02-RJ;UOP01-DEL02-RJ
736686;05/12/2025;sexta-feira;20:40:00;RJ;493;52;DUQUE DE CAXIAS;Conversão proibida;Colisão frontal;Com Vítimas Feridas;Plena Noite;Crescente;Nublado;Dupla;Reta;Não;3;0;1;0;2;0;1;2;-22,66548203;-43,32866192;SPRF-RJ;DEL01-RJ;UOP03-DEL01-RJ
736688;05/12/2025;sexta-feira;19:00:00;BA;116;19;VITORIA DA CONQUISTA;Ingestão de álcool pelo condutor;Colisão lateral sentido oposto;Sem Vítimas;Plena Noite;Crescente;Chuva;Simples;Reta;Sim;6;0;0;0;6;0;0;2;-14,8933825;-40,82032576;SPRF-BA;DEL08-BA;UOP01-DEL08-BA
736689;05/12/2025;sexta-feira;20:32:00;PE;232;23,3;MORENO;Condutor Dormindo;Saída de leito carroçável;Com Vítimas Feridas;Plena Noite;Crescente;Céu Claro;Dupla;Curva;Não;4;0;3;0;1;0;3;1;-8,100198;-35,099775;SPRF-PE;DEL02-PE;UOP02-DEL02PE
736695;05/12/2025;sexta-feira;22:20:00;MG;381;499,1;BETIM;Demais falhas mecânicas ou elétricas;Queda de ocupante de veículo;Com Vítimas Feridas;Plena Noite;Decrescente;Céu Claro;Dupla;Reta;Não;1;0;1;0;0;0;1;1;-19,99627356;-44,20852304;SPRF-MG;DEL01-MG;UOP03-DEL01-MG
736696;05/12/2025;sexta-feira;19:34:00;RJ;101;389;RIO DE JANEIRO;Acessar a via sem observar a presença dos outros veículos;Colisão transversal;Com Vítimas Fatais;Plena Noite;Crescente;Nublado;Dupla;Reta;Não;2;1;0;0;0;1;0;2;-22,893768;-43,676203;SPRF-RJ;DEL03-RJ;UOP01-DEL03-RJ
736697;05/12/2025;sexta-feira;20:41:00;MT;163;828;SINOP;Acessar a via sem observar a presença dos outros veículos;Colisão transversal;Com Vítimas Feridas;Plena Noite;Crescente;Chuva;Simples;Rotatória;Sim;3;0;1;0;2;0;1;2;-11,9125581;-55,50854087;SPRF-MT;DEL06-MT;UOP02-DEL06-MT
736699;05/12/2025;sexta-feira;20:20:00;PR;376;604;CURITIBA;Ausência de reação do condutor;Capotamento;Com Vítimas Feridas;Plena Noite;Crescente;Céu Claro;Dupla;Reta;Sim;2;0;1;0;1;0;1;1;-25,50388664;-49,34118144;SPRF-PR;DEL01-PR;UOP03-DEL01-PR
736700;05/12/2025;sexta-feira;19:40:00;PE;428;185;PETROLINA;Manobra de mudança de faixa;Colisão lateral mesmo sentido;Com Vítimas Feridas;Plena Noite;Decrescente;Chuva;Dupla;Reta;Sim;2;0;1;0;1;0;1;2;-9,34709239;-40,47359912;SPRF-PE;DEL06-PE;UOP01-DEL06-PE
736702;05/12/2025;sexta-feira;21:15:00;MG;50;165;UBERABA;Ausência de reação do condutor;Colisão com objeto;Com Vítimas Feridas;Plena Noite;Crescente;Chuva;Dupla;Reta;Não;1;0;0;1;0;0;1;1;-19,69238;-47,990011;SPRF-MG;DEL13-MG;UOP01-DEL13-MG
736704;05/12/2025;sexta-feira;20:40:00;SP;116;61;GUARATINGUETA;Acumulo de areia ou detritos sobre o pavimento;Queda de ocupante de veículo;Com Vítimas Feridas;Plena Noite;Decrescente;Céu Claro;Dupla;Reta;Não;1;0;1;0;0;0;1;1;-22,81151821;-45,15728752;SPRF-SP;DEL08-SP;UOP01-DEL08-SP
736705;05/12/2025;sexta-feira;20:00:00;RO;364;515;ARIQUEMES;Acessar a via sem observar a presença dos outros veículos;Colisão lateral mesmo sentido;Com Vítimas Feridas;Plena Noite;Decrescente;Nublado;Simples;Reta;Não;2;0;1;0;1;0;1;2;-9,92312943;-63,05510256;SPRF-RO;DEL03-RO;UOP01-DEL03-RO
736706;05/12/2025;sexta-feira;08:42:00;RJ;101;302;SAO GONCALO;Condutor deixou de manter distância do veículo da frente;Colisão traseira;Com Vítimas Feridas;Pleno dia;Decrescente;Céu Claro;Dupla;Reta;Não;2;0;0;1;1;0;1;2;-22,78045489;-42,96598434;SPRF-RJ;DEL02-RJ;UOP02-DEL02-RJ
736707;05/12/2025;sexta-feira;17:53:00;MT;364;564;NOBRES;Pista Escorregadia;Queda de ocupante de veículo;Sem Vítimas;Plena Noite;Crescente;Garoa/Chuvisco;Dupla;Reta;Não;1;0;0;0;0;1;0;1;-14,70394978;-56,32094175;SPRF-MT;DEL01-MT;UOP01-DEL01-MT
736708;05/12/2025;sexta-feira;18:15:00;SC;470;174,4;POUSO REDONDO;Manobra de mudança de faixa;Colisão lateral mesmo sentido;Com Vítimas Feridas;Pleno dia;Crescente;Céu Claro;Simples;Reta;Sim;3;0;0;1;2;0;1;3;-27,25698969;-49,93428675;SPRF-SC;DEL04-SC;UOP02-DEL04-SC
736709;05/12/2025;sexta-feira;23:00:00;MG;40;616,5;CONGONHAS;Demais falhas mecânicas ou elétricas;Colisão traseira;Com Vítimas Feridas;Plena Noite;Crescente;Céu Claro;Simples;"Aclive;Reta";Não;4;0;2;0;2;0;2;2;-20,5543117;-43,8143427;SPRF-MG;DEL05-MG;UOP02-DEL05-MG
736710;05/12/2025;sexta-feira;23:08:00;PA;230;112;MARABA;Ultrapassagem Indevida;Colisão lateral sentido oposto;Com Vítimas Feridas;Plena Noite;Decrescente;Céu Claro;Simples;Reta;Sim;2;0;1;0;0;1;1;2;-5,36812336;-49,05271713;SPRF-PA;DEL03-PA;UOP01-DEL03-PA
736711;05/12/2025;sexta-feira;21:30:00;MA;316;577;CAXIAS;Transitar na contramão;Colisão frontal;Com Vítimas Feridas;Plena Noite;Crescente;Céu Claro;Simples;Aclive;Sim;2;0;1;0;0;1;1;2;-4,948072;-43,14189;SPRF-MA;DEL03-MA;UOP02-DEL03-MA
736713;05/12/2025;sexta-feira;22:30:00;RJ;101;328;RIO DE JANEIRO;Ausência de reação do condutor;Colisão traseira;Com Vítimas Feridas;Plena Noite;Decrescente;Céu Claro;Dupla;Reta;Sim;2;0;0;1;1;0;1;2;-22,86984866;-43,18107605;SPRF-RJ;DEL02-RJ;UOP01-DEL02-RJ
736716;05/12/2025;sexta-feira;20:15:00;RJ;40;57;PETROPOLIS;Condutor deixou de manter distância do veículo da frente;Colisão traseira;Com Vítimas Feridas;Plena Noite;Crescente;Céu Claro;Dupla;Reta;Sim;3;0;1;1;0;1;2;2;-22,3638875;-43,1278673;SPRF-RJ;DEL05-RJ;UOP02-DEL05-RJ
736717;06/12/2025;sábado;00:10:00;PB;101;107;ALHANDRA;Demais falhas mecânicas ou elétricas;Incêndio;Sem Vítimas;Plena Noite;Decrescente;Céu Claro;Dupla;Reta;Sim;1;0;0;0;1;0;0;1;-7,33480101;-34,94735956;SPRF-PB;DEL01-PB;UOP01-DEL01-PB
736718;06/12/2025;sábado;00:10:00;SC;101;347,7;JAGUARUNA;Pedestre cruzava a pista fora da faixa;Atropelamento de Pedestre;Com Vítimas Feridas;Plena Noite;Decrescente;Nublado;Dupla;Reta;Sim;1;0;1;0;0;0;1;1;-28,58293381;-49,04987661;SPRF-SC;DEL02-SC;UOP01-DEL02-SC
736719;06/12/2025;sábado;00:31:00;PB;230;15,8;JOAO PESSOA;Ausência de reação do condutor;Tombamento;Com Vítimas Feridas;Plena Noite;Crescente;Céu Claro;Dupla;Reta;Sim;1;0;1;0;0;0;1;1;-7,10505545;-34,84489918;SPRF-PB;DEL01-PB;UOP01-DEL01-PB
736720;05/12/2025;sexta-feira;23:40:00;PA;316;145;PEIXE-BOI;Animais na Pista;Atropelamento de Animal;Com Vítimas Feridas;Plena Noite;Crescente;Céu Claro;Simples;"Reta;Declive";Não;1;0;1;0;0;0;1;1;-1,236898;-47,225533;SPRF-PA;DEL01-PA;UOP03-DEL01-PA
736721;06/12/2025;sábado;00:50:00;GO;364;76;CACHOEIRA ALTA;Animais na Pista;Atropelamento de Animal;Com Vítimas Feridas;Plena Noite;Decrescente;Nublado;Simples;Curva;Não;1;0;1;0;0;0;1;1;-18,613787;-51,038202;SPRF-GO;DEL05-GO;UOP02-DEL05-GO
736724;05/12/2025;sexta-feira;22:30:00;RS;468;86,1;BOM PROGRESSO;Transitar na contramão;Colisão lateral sentido oposto;Com Vítimas Feridas;Plena Noite;Crescente;Céu Claro;Simples;Reta;Não;2;0;0;1;1;0;1;2;-27,571776;-53,86290837;SPRF-RS;DEL08-RS;UOP02-DEL08-RS
736725;06/12/2025;sábado;00:54:00;SP;116;125;CACAPAVA;Condutor Dormindo;Colisão traseira;Com Vítimas Feridas;Plena Noite;Decrescente;Céu Claro;Dupla;Reta;Sim;3;0;1;0;2;0;1;2;-23,09532079;-45,68108177;SPRF-SP;DEL02-SP;UOP02-DEL02-SP
736728;06/12/2025;sábado;02:00:00;MG;381;481;BETIM;Ingestão de álcool pelo condutor;Colisão com objeto;Sem Vítimas;Plena Noite;Decrescente;Nublado;Dupla;Viaduto;Sim;1;0;0;0;0;1;0;1;-19,95753405;-44,09301136;SPRF-MG;DEL01-MG;UOP03-DEL01-MG
736729;06/12/2025;sábado;02:20:00;SP;116;463;PARIQUERA-ACU;Objeto estático sobre o leito carroçável;Queda de ocupante de veículo;Com Vítimas Feridas;Plena Noite;Crescente;Chuva;Dupla;Reta;Não;1;0;1;0;0;0;1;1;-24,63963125;-47,91380677;SPRF-SP;DEL05-SP;UOP01-DEL05-SP
736730;05/12/2025;sexta-feira;23:50:00;AL;316;154;PALMEIRA DOS INDIOS;Acessar a via sem observar a presença dos outros veículos;Colisão transversal;Com Vítimas Feridas;Plena Noite;Decrescente;Céu Claro;Simples;Reta;Não;2;0;1;0;1;0;1;2;-9,43055371;-36,64101415;SPRF-AL;DEL03-AL;UOP01-DEL03-AL
736731;06/12/2025;sábado;03:00:00;RS;116;231,4;ESTANCIA VELHA;Ingestão de álcool pelo condutor;Saída de leito carroçável;Sem Vítimas;Plena Noite;Crescente;Céu Claro;Simples;Curva;Não;1;0;0;0;1;0;0;1;-29,62850748;-51,14347212;SPRF-RS;DEL01-RS;UOP02-DEL01-RS
736732;06/12/2025;sábado;02:45:00;PR;369;486,9;CORBELIA;Reação tardia ou ineficiente do condutor;Colisão com objeto;Com Vítimas Feridas;Plena Noite;Crescente;Céu Claro;Dupla;"Declive;Reta";Sim;1;0;1;0;0;0;1;1;-24,80855038;-53,29324167;SPRF-PR;DEL04-PR;UOP03-DEL04-PR
736734;06/12/2025;sábado;04:00:00;MG;381;506;BETIM;Ausência de reação do condutor;Saída de leito carroçável;Sem Vítimas;Plena Noite;Crescente;Nublado;Dupla;Reta;Não;1;0;0;0;0;1;0;1;-20,03621424;-44,24590766;SPRF-MG;DEL01-MG;UOP03-DEL01-MG
736735;06/12/2025;sábado;03:00:00;MG;40;50;PARACATU;Animais na Pista;Atropelamento de Animal;Sem Vítimas;Plena Noite;Crescente;Garoa/Chuvisco;Simples;"Curva;Declive";Não;4;0;0;0;4;0;0;1;-17,240397;-46,797331;SPRF-MG;DEL14-MG;UOP01-DEL14-MG
736736;06/12/2025;sábado;03:50:00;SC;101;196;BIGUACU;Velocidade Incompatível;Saída de leito carroçável;Sem Vítimas;Plena Noite;Crescente;Céu Claro;Dupla;Curva;Não;1;0;0;0;1;0;0;1;-27,51872366;-48,63826482;SPRF-SC;DEL01-SC;UOP01-DEL01-SC
736737;06/12/2025;sábado;01:46:00;MT;70;520;VARZEA GRANDE;Acessar a via sem observar a presença dos outros veículos;Colisão frontal;Com Vítimas Feridas;Plena Noite;Crescente;Garoa/Chuvisco;Simples;Reta;Não;2;0;1;0;1;0;1;2;-15,69883651;-56,16500527;SPRF-MT;DEL01-MT;UOP02-DEL01-MT
736738;06/12/2025;sábado;03:45:00;DF;60;22;BRASILIA;Chuva;Capotamento;Com Vítimas Feridas;Plena Noite;Decrescente;Chuva;Dupla;Reta;Não;1;0;1;0;0;0;1;1;-15,985264;-48,217922;SPRF-DF;DEL03-DF;UOP01-DEL03-DF
736739;06/12/2025;sábado;03:00:00;MS;262;377,9;TERENOS;Velocidade Incompatível;Saída de leito carroçável;Com Vítimas Feridas;Plena Noite;Crescente;Nublado;Simples;Curva;Não;3;0;0;1;0;2;1;2;-20,474278;-54,841635;SPRF-MS;DEL01-MS;UOP03-DEL01-MS
736740;06/12/2025;sábado;03:20:00;RO;364;425,8;JARU;Ingestão de álcool pelo condutor;Saída de leito carroçável;Com Vítimas Feridas;Plena Noite;Decrescente;Chuva;Múltipla;Reta;Sim;1;0;0;1;0;0;1;1;-10,433678;-62,477809;SPRF-RO;DEL03-RO;UOP02-DEL03-RO
736741;06/12/2025;sábado;02:00:00;MG;153;2,5;ARAPORA;Velocidade Incompatível;Saída de leito carroçável;Com Vítimas Feridas;Plena Noite;Crescente;Chuva;Dupla;"Reta;Declive";Sim;18;0;12;5;1;0;17;1;-18,4342244;-49,19069258;SPRF-MG;DEL15-MG;UOP03-DEL15-MG
736742;06/12/2025;sábado;03:55:00;SC;280;97,2;SAO BENTO DO SUL;Reação tardia ou ineficiente do condutor;Saída de leito carroçável;Com Vítimas Feridas;Amanhecer;Decrescente;Céu Claro;Simples;Curva;Não;1;0;1;0;0;0;1;1;-26,382538;-49,324253;SPRF-SC;DEL06-SC;UOP03-DEL06-SC
736743;05/12/2025;sexta-feira;22:50:00;RJ;101;324;NITEROI;Ausência de reação do condutor;Colisão traseira;Com Vítimas Feridas;Plena Noite;Decrescente;Céu Claro;Múltipla;Reta;Sim;2;0;1;0;1;0;1;2;-22,87301196;-43,13884735;SPRF-RJ;DEL02-RJ;UOP01-DEL02-RJ
736744;06/12/2025;sábado;05:07:00;BA;324;613;SALVADOR;Animais na Pista;Atropelamento de Animal;Com Vítimas Feridas;Pleno dia;Decrescente;Céu Claro;Dupla;Reta;Não;1;0;1;0;0;0;1;1;-12,86764104;-38,42488593;SPRF-BA;DEL01-BA;UOP01-DEL01-BA
736746;06/12/2025;sábado;00:30:00;BA;101;220;CRUZ DAS ALMAS;Pedestre andava na pista;Atropelamento de Pedestre;Com Vítimas Feridas;Plena Noite;Decrescente;Ignorado;Simples;Reta;Não;2;0;1;0;1;0;1;2;-12,6751761;-39,1350174;SPRF-BA;DEL01-BA;UOP02-DEL01-BA
736748;06/12/2025;sábado;06:00:00;CE;304;60,7;ARACATI;Condutor deixou de manter distância do veículo da frente;Colisão traseira;Com Vítimas Feridas;Amanhecer;Decrescente;Céu Claro;Dupla;Reta;Não;2;0;1;1;0;0;2;2;-4,576016;-37,7316803;SPRF-CE;DEL03-CE;UOP02-DEL03-CE
736750;05/12/2025;sexta-feira;20:59:00;PI;343;612;FLORIANO;Animais na Pista;Atropelamento de Animal;Com Vítimas Feridas;Plena Noite;Decrescente;Nublado;Simples;Reta;Não;1;0;0;1;0;0;1;1;-6,79737918;-43,04692179;SPRF-PI;DEL03-PI;UOP01-DEL03-PI
736751;06/12/2025;sábado;04:15:00;SP;116;226;GUARULHOS;Ausência de reação do condutor;Colisão com objeto;Sem Vítimas;Pleno dia;Crescente;Céu Claro;Múltipla;Reta;Sim;1;0;0;0;0;1;0;1;-23,49461435;-46,5541859;SPRF-SP;DEL01-SP;UOP01-DEL01-SP
736752;06/12/2025;sábado;04:30:00;MG;262;422,4;SAO GONCALO DO PARA;Condutor Dormindo;Saída de leito carroçável;Com Vítimas Feridas;Amanhecer;Decrescente;Céu Claro;Dupla;"Reta;Declive";Não;1;0;0;1;0;0;1;1;-19,89076447;-44,83573442;SPRF-MG;DEL08-MG;UOP03-DEL08-MG
736753;06/12/2025;sábado;06:40:00;SP;381;66;MAIRIPORA;Reação tardia ou ineficiente do condutor;Colisão traseira;Com Vítimas Feridas;Pleno dia;Decrescente;Sol;Dupla;Reta;Sim;2;0;1;0;0;1;1;2;-23,31958764;-46,58247149;SPRF-SP;DEL03-SP;UOP01-DEL03-SP
736754;06/12/2025;sábado;03:00:00;SP;381;37;ATIBAIA;Ausência de reação do condutor;Tombamento;Com Vítimas Feridas;Plena Noite;Crescente;Céu Claro;Múltipla;"Curva;Declive";Não;1;0;1;0;0;0;1;1;-23,10318766;-46,56860805;SPRF-SP;DEL03-SP;UOP01-DEL03-SP
736755;06/12/2025;sábado;06:50:00;BA;324;605;SIMOES FILHO;Demais falhas mecânicas ou elétricas;Queda de ocupante de veículo;Com Vítimas Feridas;Pleno dia;Decrescente;Céu Claro;Dupla;Reta;Sim;2;0;2;0;0;0;2;1;-12,794318;-38,4026796;SPRF-BA;DEL01-BA;UOP01-DEL01-BA
736756;05/12/2025;sexta-feira;08:25:00;SC;101;332;TUBARAO;Avarias e/ou desgaste excessivo no pneu;Queda de ocupante de veículo;Com Vítimas Feridas;Pleno dia;Decrescente;Céu Claro;Múltipla;"Aclive;Curva";Sim;2;0;2;0;0;0;2;1;-28,465851;-48,99574;SPRF-SC;DEL02-SC;UOP01-DEL02-SC
736758;05/12/2025;sexta-feira;20:10:00;RR;174;446;MUCAJAI;Acessar a via sem observar a presença dos outros veículos;Colisão frontal;Com Vítimas Fatais;Plena Noite;Crescente;Céu Claro;Simples;Reta;Sim;2;1;0;0;1;0;0;2;2,43530473;-60,9190312;SPRF-RR;DEL01-RR;UOP01-DEL01-RR
736760;06/12/2025;sábado;06:20:00;MG;40;590,1;ITABIRITO;Ausência de reação do condutor;Saída de leito carroçável;Com Vítimas Feridas;Pleno dia;Decrescente;Sol;Dupla;"Declive;Curva";Não;1;0;1;0;0;0;1;1;-20,3708957;-43,9109047;SPRF-MG;DEL01-MG;UOP02-DEL01-MG
736761;05/12/2025;sexta-feira;21:00:00;MA;226;159,4;GOVERNADOR EUGENIO BARROS;Transitar na contramão;Colisão frontal;Com Vítimas Fatais;Plena Noite;Decrescente;Céu Claro;Simples;Reta;Não;3;1;0;0;2;0;0;2;-5,360492;-44,131572;SPRF-MA;DEL06-MA;UOP01-DEL06-MA
736762;06/12/2025;sábado;07:20:00;PR;277;719,6;FOZ DO IGUACU;Ausência de reação do condutor;Saída de leito carroçável;Com Vítimas Feridas;Pleno dia;Crescente;Céu Claro;Dupla;"Reta;Aclive";Não;2;0;2;0;0;0;2;2;-25,4807146;-54,4868728;SPRF-PR;DEL05-PR;UOP03-DEL05-PR
736763;06/12/2025;sábado;07:55:00;SC;101;204,5;SAO JOSE;Ausência de reação do condutor;Queda de ocupante de veículo;Com Vítimas Feridas;Pleno dia;Crescente;Céu Claro;Múltipla;Reta;Sim;2;0;1;0;1;0;1;2;-27,57622144;-48,61340459;SPRF-SC;DEL01-SC;UOP01-DEL01-SC
736764;06/12/2025;sábado;07:05:00;SP;153;92,6;JACI;Demais falhas mecânicas ou elétricas;Tombamento;Com Vítimas Feridas;Pleno dia;Crescente;Céu Claro;Dupla;Reta;Não;2;0;2;0;0;0;2;1;-20,965219;-49,581633;SPRF-SP;DEL09-SP;UOP01-DEL09-SP
736768;06/12/2025;sábado;04:42:00;RJ;116;141;DUQUE DE CAXIAS;Reação tardia ou ineficiente do condutor;Atropelamento de Pedestre;Com Vítimas Feridas;Amanhecer;Crescente;Nublado;Dupla;Reta;Sim;3;0;2;0;1;0;2;2;-22,648958;-43,231443;SPRF-RJ;DEL01-RJ;UOP02-DEL01-RJ
736769;06/12/2025;sábado;07:45:00;PR;376;181,2;MARINGA;Reação tardia ou ineficiente do condutor;Colisão traseira;Sem Vítimas;Pleno dia;Crescente;Sol;Dupla;Reta;Sim;2;0;0;0;2;0;0;2;-23,428226;-51,893831;SPRF-PR;DEL09-PR;UOP01-DEL09-PR
736772;06/12/2025;sábado;07:45:00;GO;60;2;SANTO ANTONIO DO DESCOBERTO;Chuva;Capotamento;Com Vítimas Feridas;Amanhecer;Crescente;Chuva;Dupla;"Aclive;Curva";Não;3;0;2;0;1;0;2;1;-16,070317;-48,264962;SPRF-DF;DEL03-DF;UOP01-DEL03-DF
736773;06/12/2025;sábado;08:00:00;RS;116;229;DOIS IRMAOS;Demais falhas mecânicas ou elétricas;Incêndio;Sem Vítimas;Pleno dia;Decrescente;Sol;Simples;"Declive;Reta";Sim;2;0;0;0;2;0;0;1;-29,61910641;-51,12195007;SPRF-RS;DEL01-RS;UOP02-DEL01-RS
736776;28/11/2025;sexta-feira;20:00:00;MG;381;493;BETIM;Reação tardia ou ineficiente do condutor;Tombamento;Com Vítimas Feridas;Plena Noite;Decrescente;Céu Claro;Dupla;Reta;Não;1;0;1;0;0;0;1;1;-19,96366832;-44,16881561;SPRF-MG;DEL01-MG;UOP03-DEL01-MG
736778;06/12/2025;sábado;03:00:00;RJ;465;4;SEROPEDICA;Ausência de reação do condutor;Capotamento;Sem Vítimas;Plena Noite;Crescente;Céu Claro;Simples;Reta;Sim;1;0;0;0;0;1;0;1;-22,72541408;-43,65584125;SPRF-RJ;DEL06-RJ;UOP02-DEL06-RJ
736781;06/12/2025;sábado;08:00:00;RJ;101;329;RIO DE JANEIRO;Ausência de reação do condutor;Engavetamento;Com Vítimas Feridas;Pleno dia;Crescente;Céu Claro;Dupla;Reta;Sim;5;0;1;0;4;0;1;3;-22,868781;-43,180052;SPRF-RJ;DEL02-RJ;UOP01-DEL02-RJ
736782;06/12/2025;sábado;06:15:00;PR;163;117,2;CASCAVEL;Ausência de reação do condutor;Saída de leito carroçável;Com Vítimas Feridas;Amanhecer;Decrescente;Céu Claro;Dupla;"Curva;Declive";Não;2;0;1;0;1;0;1;1;-24,867949;-53,568401;SPRF-PR;DEL02-PR;UOP02-DEL02-PR
736784;06/12/2025;sábado;08:45:00;RJ;393;275;BARRA DO PIRAI;Ausência de reação do condutor;Colisão traseira;Com Vítimas Feridas;Pleno dia;Decrescente;Céu Claro;Simples;Reta;Não;2;0;1;0;1;0;1;2;-22,4754884;-44,00276391;SPRF-RJ;DEL05-RJ;UOP04-DEL05-RJ
736787;05/09/2025;sexta-feira;08:10:00;PR;376;174,1;MARINGA;Desrespeitar a preferência no cruzamento;Colisão transversal;Com Vítimas Feridas;Pleno dia;Crescente;Sol;Dupla;Retorno Regulamentado;Sim;2;0;0;1;1;0;1;2;-23,41735083;-51,95863573;SPRF-PR;DEL09-PR;UOP01-DEL09-PR
736790;06/12/2025;sábado;08:00:00;PE;101;125,7;ESCADA;Velocidade Incompatível;Queda de ocupante de veículo;Com Vítimas Feridas;Pleno dia;Crescente;Céu Claro;Dupla;Reta;Sim;1;0;0;1;0;0;1;1;-8,36685;-35,22556;SPRF-PE;DEL01-PE;UOP03-DEL01-PE
736792;06/12/2025;sábado;09:00:00;PR;116;116;CURITIBA;Manobra de mudança de faixa;Colisão lateral mesmo sentido;Com Vítimas Feridas;Pleno dia;Decrescente;Céu Claro;Dupla;Reta;Sim;2;0;1;0;1;0;1;2;-25,55599;-49,305893;SPRF-PR;DEL01-PR;UOP03-DEL01-PR
736794;06/12/2025;sábado;09:30:00;RJ;101;473;ANGRA DOS REIS;Acessar a via sem observar a presença dos outros veículos;Colisão traseira;Com Vítimas Feridas;Pleno dia;Crescente;Céu Claro;Dupla;Reta;Não;3;0;2;0;1;0;2;2;-22,9896101;-44,2417787;SPRF-RJ;DEL03-RJ;UOP03-DEL03-RJ
736795;06/12/2025;sábado;08:48:00;PR;116;115;CURITIBA;Reação tardia ou ineficiente do condutor;Colisão lateral mesmo sentido;Com Vítimas Feridas;Pleno dia;Decrescente;Sol;Múltipla;Reta;Sim;2;0;1;0;1;0;1;2;-25,5487741;-49,3042255;SPRF-PR;DEL01-PR;UOP03-DEL01-PR
736796;06/12/2025;sábado;09:45:00;RS;116;258;ESTEIO;Reação tardia ou ineficiente do condutor;Colisão traseira;Com Vítimas Feridas;Pleno dia;Crescente;Céu Claro;Múltipla;"Aclive;Viaduto";Sim;2;0;1;0;1;0;1;2;-29,84786535;-51,17910147;SPRF-RS;DEL01-RS;UOP02-DEL01-RS
736797;06/12/2025;sábado;09:25:00;PR;277;334;GUARAPUAVA;Condutor deixou de manter distância do veículo da frente;Colisão traseira;Sem Vítimas;Pleno dia;Decrescente;Céu Claro;Simples;Curva;Não;2;0;0;0;2;0;0;2;-25,36574363;-51,34923935;SPRF-PR;DEL08-PR;UOP01-DEL08-PR