id;data_inversa;dia_semana;horario;uf;br;km;municipio;causa_acidente;tipo_acidente;classificacao_acidente;fase_dia;sentido_via;condicao_metereologica;tipo_pista;tracado_via;uso_solo;pessoas;mortos;feridos_leves;feridos_graves;ilesos;ignorados;feridos;veiculos;latitude;longitude;regional;delegacia;uop
736798;06/12/2025;sábado;08:45:00;MG;50;29;ARAGUARI;Ausência de reação do condutor;Colisão traseira;Sem Vítimas;Pleno dia;Decrescente;Chuva;Dupla;"Reta;Declive";Não;2;0;0;0;2;0;0;2;-18,61636849;-48,11679957;SPRF-MG;DEL15-MG;UOP02-DEL15-MG
736799;06/12/2025;sábado;08:00:00;RJ;116;188;NOVA IGUACU;Demais falhas mecânicas ou elétricas;Queda de ocupante de veículo;Com Vítimas Feridas;Pleno dia;Decrescente;Céu Claro;Dupla;Reta;Sim;2;0;2;0;0;0;2;1;-22,7377744;-43,48887563;SPRF-RJ;DEL06-RJ;UOP01-DEL06-RJ
736802;06/12/2025;sábado;08:40:00;MG;365;33,8;MONTES CLAROS;Velocidade Incompatível;Saída de leito carroçável;Com Vítimas Feridas;Pleno dia;Crescente;Chuva;Simples;Curva;Não;3;0;2;1;0;0;3;1;-16,85416;-44,11516;SPRF-MG;DEL12-MG;UOP01-DEL12-MG
736804;06/12/2025;sábado;09:05:00;SC;280;29,6;ARAQUARI;Acessar a via sem observar a presença dos outros veículos;Colisão transversal;Com Vítimas Feridas;Pleno dia;Decrescente;Sol;Simples;Reta;Não;2;0;1;0;1;0;1;2;-26,413098;-48,758282;SPRF-SC;DEL03-SC;UOP03-DEL03-SC
736805;06/12/2025;sábado;09:07:00;RJ;101;504;ANGRA DOS REIS;Ausência de reação do condutor;Colisão frontal;Com Vítimas Feridas;Pleno dia;Decrescente;Sol;Simples;Reta;Sim;3;0;1;0;2;0;1;3;-22,93269;-44,392521;SPRF-RJ;DEL03-RJ;UOP03-DEL03-RJ
736806;06/12/2025;sábado;11:00:00;MG;50;39;ARAGUARI;Animais na Pista;Tombamento;Com Vítimas Feridas;Pleno dia;Crescente;Garoa/Chuvisco;Simples;Reta;Sim;1;0;0;1;0;0;1;1;-18,66489;-48,171531;SPRF-MG;DEL15-MG;UOP02-DEL15-MG
736807;06/12/2025;sábado;11:04:00;ES;259;56;COLATINA;Demais falhas mecânicas ou elétricas;Queda de ocupante de veículo;Com Vítimas Feridas;Pleno dia;Crescente;Céu Claro;Simples;Reta;Não;1;0;1;0;0;0;1;1;-19,49728877;-40,64565003;SPRF-ES;DEL02-ES;UOP01-DEL02-ES
736808;06/12/2025;sábado;10:50:00;SP;116;99;PINDAMONHANGABA;Trafegar com motocicleta (ou similar) entre as faixas;Colisão lateral mesmo sentido;Com Vítimas Feridas;Pleno dia;Decrescente;Céu Claro;Dupla;Reta;Não;2;0;1;0;1;0;1;2;-22,9806;-45,4609;SPRF-SP;DEL08-SP;UOP01-DEL08-SP
736809;06/12/2025;sábado;11:40:00;ES;101;298,4;VIANA;Ausência de reação do condutor;Tombamento;Com Vítimas Feridas;Pleno dia;Decrescente;Céu Claro;Múltipla;Reta;Sim;1;0;1;0;0;0;1;1;-20,35572412;-40,41733788;SPRF-ES;DEL01-ES;UOP01-DEL01-ES
736810;06/12/2025;sábado;06:45:00;SC;282;3,5;FLORIANOPOLIS;Ausência de reação do condutor;Queda de ocupante de veículo;Com Vítimas Feridas;Pleno dia;Crescente;Céu Claro;Múltipla;Curva;Sim;1;0;1;0;0;0;1;1;-27,59334329;-48,6024305;SPRF-SC;DEL01-SC;UOP01-DEL01-SC
736811;06/12/2025;sábado;03:30:00;CE;230;80;VARZEA ALEGRE;Transitar no Acostamento;Atropelamento de Pedestre;Com Vítimas Fatais;Plena Noite;Decrescente;Céu Claro;Simples;Reta;Sim;4;2;1;0;0;1;1;2;-6,79258883;-39,30775015;SPRF-CE;DEL05-CE;UOP01-DEL05-CE
736812;06/12/2025;sábado;09:08:00;AC;364;138;RIO BRANCO;Manobra de mudança de faixa;Colisão transversal;Com Vítimas Feridas;Pleno dia;Crescente;Céu Claro;Dupla;Reta;Sim;3;0;3;0;0;0;3;2;-9,95503789;-67,85987009;SPRF-AC;DEL01-AC;UOP01-DEL01-AC
736813;06/12/2025;sábado;11:25:00;SC;101;267,7;IMBITUBA;Ausência de reação do condutor;Colisão com objeto;Com Vítimas Feridas;Pleno dia;Crescente;Céu Claro;Múltipla;Reta;Não;1;0;1;0;0;0;1;1;-28,0870819;-48,71067985;SPRF-SC;DEL02-SC;UOP03-DEL02-SC
736816;06/12/2025;sábado;11:40:00;PR;369;472,3;CORBELIA;Reação tardia ou ineficiente do condutor;Saída de leito carroçável;Com Vítimas Feridas;Pleno dia;Crescente;Céu Claro;Simples;Curva;Não;1;0;0;1;0;0;1;1;-24,794421;-53,293326;SPRF-PR;DEL04-PR;UOP03-DEL04-PR
736817;06/12/2025;sábado;11:10:00;SC;101;157,7;PORTO BELO;Conversão proibida;Atropelamento de Pedestre;Com Vítimas Feridas;Pleno dia;Decrescente;Nublado;Múltipla;Reta;Não;2;0;0;1;1;0;1;2;-27,18507786;-48,61218452;SPRF-SC;DEL04-SC;UOP03-DEL04-SC
736819;16/11/2025;domingo;19:38:00;GO;40;22;LUZIANIA;Condutor deixou de manter distância do veículo da frente;Colisão traseira;Com Vítimas Feridas;Plena Noite;Decrescente;Ignorado;Dupla;Reta;Sim;3;0;1;0;1;1;1;2;-16,22783;-47,9137;SPRF-DF;DEL01-DF;UOP01-DEL01-DF
736820;06/12/2025;sábado;12:15:00;SP;153;70;SAO JOSE DO RIO PRETO;Ausência de reação do condutor;Colisão com objeto;Com Vítimas Feridas;Pleno dia;Crescente;Nublado;Dupla;"Viaduto;Reta";Sim;1;0;1;0;0;0;1;1;-20,85591484;-49,40521972;SPRF-SP;DEL09-SP;UOP01-DEL09-SP
736822;06/12/2025;sábado;11:55:00;RN;101;97;NATAL;Velocidade Incompatível;Queda de ocupante de veículo;Com Vítimas Feridas;Pleno dia;Decrescente;Céu Claro;Dupla;Viaduto;Sim;1;0;1;0;0;0;1;1;-5,860144;-35,213965;SPRF-RN;DEL01-RN;UOP01-DEL01-RN
736824;06/12/2025;sábado;13:00:00;MG;381;379;SAO GONCALO DO RIO ABAIXO;Velocidade Incompatível;Colisão com objeto;Com Vítimas Feridas;Pleno dia;Crescente;Céu Claro;Simples;Curva;Não;1;0;1;0;0;0;1;1;-19,821646;-43,388113;SPRF-MG;DEL01-MG;UOP01-DEL01-MG
736826;06/12/2025;sábado;13:00:00;RS;290;91;PORTO ALEGRE;Acesso irregular;Colisão lateral mesmo sentido;Sem Vítimas;Pleno dia;Crescente;Céu Claro;Dupla;Reta;Sim;2;0;0;0;2;0;0;2;-29,9699947;-51,1711949;SPRF-RS;DEL01-RS;UOP01-DEL01-RS
736827;06/12/2025;sábado;13:15:00;SC;101;119;ITAJAI;Ausência de reação do condutor;Colisão lateral mesmo sentido;Com Vítimas Feridas;Pleno dia;Crescente;Sol;Dupla;Reta;Não;3;0;1;0;1;1;1;3;-26,90643128;-48,71464189;SPRF-SC;DEL04-SC;UOP04-DEL04-SC
736828;06/12/2025;sábado;13:00:00;GO;60;393;RIO VERDE;Demais falhas mecânicas ou elétricas;Incêndio;Sem Vítimas;Pleno dia;Crescente;Nublado;Dupla;"Reta;Aclive";Não;1;0;0;0;1;0;0;1;-17,82354975;-50,99269867;SPRF-GO;DEL04-GO;UOP02-DEL04-GO
736832;06/12/2025;sábado;09:15:00;MG;381;148,6;GOVERNADOR VALADARES;Ausência de reação do condutor;Saída de leito carroçável;Com Vítimas Feridas;Pleno dia;Decrescente;Nublado;Simples;Reta;Não;4;0;4;0;0;0;4;1;-18,8644188;-41,98867589;SPRF-MG;DEL06-MG;UOP01-DEL06-MG
736833;06/12/2025;sábado;12:20:00;MT;70;3;BARRA DO GARCAS;Ausência de reação do condutor;Colisão traseira;Com Vítimas Feridas;Pleno dia;Decrescente;Nublado;Dupla;Reta;Não;2;0;1;0;1;0;1;2;-15,8725272;-52,3855291;SPRF-MT;DEL07-MT;UOP01-DEL07-MT
736834;06/12/2025;sábado;14:00:00;SC;101;216;PALHOCA;Ingestão de álcool pelo condutor;Colisão lateral mesmo sentido;Com Vítimas Feridas;Pleno dia;Crescente;Céu Claro;Múltipla;"Declive;Reta";Sim;3;0;1;0;1;1;1;3;-27,6583717;-48,67813317;SPRF-SC;DEL01-SC;UOP02-DEL01-SC
736835;06/12/2025;sábado;14:00:00;PI;343;40,9;BURITI DOS LOPES;Ultrapassagem Indevida;Colisão traseira;Com Vítimas Feridas;Pleno dia;Crescente;Sol;Simples;Reta;Não;3;0;3;0;0;0;3;2;-3,16098792;-41,81863189;SPRF-PI;DEL05-PI;UOP01-DEL05-PI
736836;06/12/2025;sábado;08:20:00;SC;280;91;RIO NEGRINHO;Ausência de reação do condutor;Colisão com objeto;Com Vítimas Feridas;Pleno dia;Crescente;Sol;Simples;"Aclive;Reta";Não;1;0;1;0;0;0;1;1;-26,2616979;-49,5485302;SPRF-SC;DEL06-SC;UOP03-DEL06-SC
736837;06/12/2025;sábado;12:15:00;SC;101;174,8;BIGUACU;Manobra de mudança de faixa;Capotamento;Com Vítimas Feridas;Pleno dia;Crescente;Céu Claro;Dupla;Reta;Não;4;0;2;0;2;0;2;1;-27,338864;-48,627313;SPRF-SC;DEL01-SC;UOP01-DEL01-SC
736838;06/12/2025;sábado;08:00:00;MT;163;539;DIAMANTINO;Pista Escorregadia;Saída de leito carroçável;Com Vítimas Feridas;Pleno dia;Crescente;Chuva;Dupla;Curva;Não;1;0;1;0;0;0;1;1;-14,303205;-56,14025;SPRF-MT;DEL01-MT;UOP01-DEL01-MT
736840;06/12/2025;sábado;13:30:00;SC;101;98;BALNEARIO PICARRAS;Reação tardia ou ineficiente do condutor;Saída de leito carroçável;Com Vítimas Feridas;Pleno dia;Decrescente;Céu Claro;Dupla;Reta;Não;1;0;1;0;0;0;1;1;-26,743;-48,697;SPRF-SC;DEL03-SC;UOP02-DEL03-SC
736841;06/12/2025;sábado;13:25:00;PB;230;103,8;MOGEIRO;Demais falhas mecânicas ou elétricas;Incêndio;Sem Vítimas;Pleno dia;Crescente;Sol;Dupla;Reta;Não;1;0;0;0;1;0;0;1;-7,20696819;-35,52177327;SPRF-PB;DEL01-PB;UOP02-DEL01-PB
736842;06/12/2025;sábado;10:45:00;MG;116;413,9;GOVERNADOR VALADARES;Condutor deixou de manter distância do veículo da frente;Colisão traseira;Com Vítimas Feridas;Pleno dia;Decrescente;Céu Claro;Simples;Ponte;Não;3;0;2;0;1;0;2;3;-18,88363119;-41,95094973;SPRF-MG;DEL06-MG;UOP01-DEL06-MG
736843;06/12/2025;sábado;11:06:00;RJ;101;147,3;MACAE;Ultrapassagem Indevida;Colisão frontal;Com Vítimas Feridas;Pleno dia;Decrescente;Sol;Simples;Curva;Não;4;0;0;4;0;0;4;2;-22,23064191;-41,77860207;SPRF-RJ;DEL08-RJ;UOP04-DEL08-RJ
736844;06/12/2025;sábado;13:40:00;SC;101;202;SAO JOSE;Ausência de reação do condutor;Queda de ocupante de veículo;Com Vítimas Feridas;Pleno dia;Decrescente;Céu Claro;Múltipla;Reta;Sim;1;0;0;1;0;0;1;1;-27,55957;-48,617448;SPRF-SC;DEL01-SC;UOP01-DEL01-SC
736845;06/12/2025;sábado;14:15:00;RJ;116;185;NOVA IGUACU;Manobra de mudança de faixa;Colisão lateral mesmo sentido;Com Vítimas Feridas;Pleno dia;Decrescente;Céu Claro;Múltipla;Reta;Sim;2;0;2;0;0;0;2;1;-22,74221967;-43,45262021;SPRF-RJ;DEL06-RJ;UOP01-DEL06-RJ
736846;06/12/2025;sábado;14:05:00;PR;376;34,9;NOVA LONDRINA;Acessar a via sem observar a presença dos outros veículos;Colisão transversal;Com Vítimas Feridas;Pleno dia;Decrescente;Sol;Simples;"Interseção de Vias;Retorno Regulamentado;Reta";Não;4;0;2;0;2;0;2;2;-22,80234306;-52,99958881;SPRF-PR;DEL09-PR;UOP02-DEL09-PR
736847;06/12/2025;sábado;15:15:00;GO;40;2;VALPARAISO DE GOIAS;Acessar a via sem observar a presença dos outros veículos;Colisão transversal;Com Vítimas Feridas;Pleno dia;Crescente;Nublado;Dupla;"Retorno Regulamentado;Reta";Sim;2;0;1;0;1;0;1;2;-16,07451;-47,98547;SPRF-DF;DEL01-DF;UOP01-DEL01-DF
736849;06/12/2025;sábado;15:00:00;RS;116;262;CANOAS;Reação tardia ou ineficiente do condutor;Tombamento;Com Vítimas Feridas;Pleno dia;Crescente;Céu Claro;Múltipla;Reta;Sim;2;0;2;0;0;0;2;1;-29,89947978;-51,17650509;SPRF-RS;DEL01-RS;UOP01-DEL01-RS
736852;06/12/2025;sábado;10:00:00;GO;364;202;JATAI;Ausência de reação do condutor;Colisão com objeto;Sem Vítimas;Pleno dia;Crescente;Céu Claro;Simples;Reta;Não;1;0;0;0;0;1;0;1;-17,9102671;-51,77478612;SPRF-GO;DEL05-GO;UOP01-DEL05-GO
736853;06/12/2025;sábado;14:00:00;PI;343;342;TERESINA;Acessar a via sem observar a presença dos outros veículos;Colisão transversal;Com Vítimas Feridas;Pleno dia;Decrescente;Céu Claro;Simples;Rotatória;Sim;2;0;1;0;1;0;1;2;-5,08282427;-42,75023651;SPRF-PI;DEL01-PI;UOP01-DEL01-PI
736854;06/12/2025;sábado;15:30:00;MG;365;82,1;JEQUITAI;Chuva;Saída de leito carroçável;Com Vítimas Feridas;Pleno dia;Decrescente;Chuva;Simples;Reta;Não;2;0;0;1;1;0;1;1;-17,1622326;-44,3705235;SPRF-MG;DEL12-MG;UOP01-DEL12-MG
736856;06/12/2025;sábado;11:50:00;RJ;101;295;ITABORAI;Trafegar com motocicleta (ou similar) entre as faixas;Colisão lateral mesmo sentido;Com Vítimas Feridas;Pleno dia;Decrescente;Céu Claro;Dupla;Reta;Sim;3;0;2;0;1;0;2;2;-22,76721343;-42,91245667;SPRF-RJ;DEL02-RJ;UOP02-DEL02-RJ
736857;06/12/2025;sábado;14:25:00;MT;163;119,3;RONDONOPOLIS;Avarias e/ou desgaste excessivo no pneu;Colisão com objeto;Com Vítimas Feridas;Pleno dia;Crescente;Garoa/Chuvisco;Dupla;Curva;Sim;1;0;1;0;0;0;1;1;-16,49199968;-54,64686549;SPRF-MT;DEL02-MT;UOP01-DEL02-MT
736858;06/12/2025;sábado;12:40:00;PR;277;487,4;NOVA LARANJEIRAS;Velocidade Incompatível;Colisão com objeto;Com Vítimas Feridas;Pleno dia;Decrescente;Céu Claro;Simples;Curva;Não;2;0;2;0;0;0;2;1;-25,257988;-52,628109;SPRF-PR;DEL04-PR;UOP02-DEL04-PR
736859;06/12/2025;sábado;15:55:00;GO;153;534,8;HIDROLANDIA;Ausência de reação do condutor;Saída de leito carroçável;Com Vítimas Fatais;Pleno dia;Crescente;Nublado;Dupla;Reta;Não;2;2;0;0;0;0;0;1;-17,00097557;-49,22364084;SPRF-GO;DEL01-GO;UOP03-DEL01-GO
736861;06/12/2025;sábado;14:50:00;RS;472;641,5;BARRA DO QUARAI;Acumulo de areia ou detritos sobre o pavimento;Saída de leito carroçável;Com Vítimas Feridas;Pleno dia;Crescente;Céu Claro;Simples;Reta;Não;2;0;1;0;1;0;1;1;-30,193351;-57,483763;SPRF-RS;DEL13-RS;UOP01-DEL13-RS
736862;06/12/2025;sábado;15:50:00;MG;262;360;BETIM;Manobra de mudança de faixa;Colisão lateral mesmo sentido;Com Vítimas Feridas;Pleno dia;Crescente;Céu Claro;Dupla;Reta;Não;2;0;1;0;1;0;1;2;-19,97477512;-44,2613825;SPRF-MG;DEL01-MG;UOP03-DEL01-MG
736863;06/12/2025;sábado;16:30:00;SP;381;82;SAO PAULO;Demais falhas na via;Tombamento;Com Vítimas Fatais;Pleno dia;Decrescente;Céu Claro;Dupla;"Em Obras;Reta";Sim;1;1;0;0;0;0;0;1;-23,42402038;-46,57548124;SPRF-SP;DEL03-SP;UOP01-DEL03-SP
736864;06/12/2025;sábado;11:00:00;RN;406;166;SAO GONCALO DO AMARANTE;Ingestão de álcool pelo condutor;Saída de leito carroçável;Com Vítimas Feridas;Pleno dia;Crescente;Céu Claro;Dupla;"Viaduto;Curva";Não;1;0;0;1;0;0;1;1;-5,74445584;-35,33478785;SPRF-RN;DEL02-RN;UOP01-DEL02-RN
736865;06/12/2025;sábado;16:15:00;SC;101;126;ITAJAI;Ausência de reação do condutor;Colisão traseira;Com Vítimas Feridas;Pleno dia;Crescente;Sol;Dupla;Reta;Não;2;0;1;0;1;0;1;2;-26,96155805;-48,68186681;SPRF-SC;DEL04-SC;UOP04-DEL04-SC
736866;06/12/2025;sábado;16:30:00;PI;343;589;FLORIANO;Ausência de reação do condutor;Saída de leito carroçável;Com Vítimas Feridas;Pleno dia;Crescente;Céu Claro;Dupla;Reta;Não;1;0;0;1;0;0;1;1;-6,78084368;-43,01267624;SPRF-PI;DEL03-PI;UOP01-DEL03-PI
736868;06/12/2025;sábado;15:30:00;MG;267;19,9;LEOPOLDINA;Transitar na contramão;Colisão frontal;Com Vítimas Feridas;Pleno dia;Crescente;Céu Claro;Simples;Reta;Não;7;0;3;0;4;0;3;2;-21,589229;-42,77651;SPRF-MG;DEL07-MG;UOP01-DEL07-MG
736869;06/12/2025;sábado;15:20:00;MG;356;266,9;MURIAE;Acessar a via sem observar a presença dos outros veículos;Colisão transversal;Com Vítimas Feridas;Pleno dia;Decrescente;Céu Claro;Simples;"Reta;Interseção de Vias";Sim;2;0;1;0;1;0;1;2;-21,12766384;-42,35775808;SPRF-MG;DEL07-MG;UOP02-DEL07-MG
736871;06/12/2025;sábado;10:40:00;ES;101;65,9;SAO MATEUS;Demais falhas mecânicas ou elétricas;Colisão traseira;Com Vítimas Feridas;Pleno dia;Crescente;Garoa/Chuvisco;Múltipla;Reta;Sim;2;0;1;0;1;0;1;2;-18,716065;-39,87591;SPRF-ES;DEL04-ES;UOP02-DEL04-ES
736872;06/12/2025;sábado;12:00:00;SC;282;0,4;FLORIANOPOLIS;Condutor deixou de manter distância do veículo da frente;Colisão traseira;Com Vítimas Feridas;Pleno dia;Decrescente;Céu Claro;Múltipla;Reta;Não;3;0;2;0;1;0;2;2;-27,599819;-48,575786;SPRF-SC;DEL01-SC;UOP01-DEL01-SC
736873;06/12/2025;sábado;14:30:00;RJ;40;73,8;PETROPOLIS;Acessar a via sem observar a presença dos outros veículos;Colisão transversal;Com Vítimas Feridas;Pleno dia;Crescente;Céu Claro;Dupla;Curva;Sim;5;0;3;0;2;0;3;2;-22,472118;-43,22292;SPRF-RJ;DEL01-RJ;UOP01-DEL01-RJ
736874;06/12/2025;sábado;16:25:00;PR;277;587,1;CASCAVEL;Ausência de reação do condutor;Saída de leito carroçável;Com Vítimas Feridas;Pleno dia;Crescente;Sol;Múltipla;Interseção de Vias;Sim;1;0;1;0;0;0;1;1;-24,96420902;-53,40797994;SPRF-PR;DEL04-PR;UOP01-DEL04-PR
736875;06/12/2025;sábado;09:00:00;MT;163;533;DIAMANTINO;Ausência de reação do condutor;Saída de leito carroçável;Sem Vítimas;Pleno dia;Decrescente;Chuva;Dupla;Curva;Não;1;0;0;0;0;1;0;1;-14,354;-56,150879;SPRF-MT;DEL01-MT;UOP01-DEL01-MT
736876;06/12/2025;sábado;16:30:00;ES;101;145,9;LINHARES;Ingestão de álcool pelo condutor;Colisão traseira;Sem Vítimas;Pleno dia;Crescente;Chuva;Múltipla;"Reta;Declive";Sim;4;0;0;0;4;0;0;3;-19,39664287;-40,06435848;SPRF-ES;DEL04-ES;UOP01-DEL04-ES
736877;06/12/2025;sábado;16:40:00;ES;101;148,1;LINHARES;Demais falhas mecânicas ou elétricas;Colisão com objeto;Sem Vítimas;Pleno dia;Decrescente;Nublado;Dupla;Reta;Sim;1;0;0;0;1;0;0;1;-19,37338;-40,0688415;SPRF-ES;DEL04-ES;UOP01-DEL04-ES
736878;06/12/2025;sábado;17:53:00;SP;116;181;GUARAREMA;Reação tardia ou ineficiente do condutor;Colisão com objeto;Com Vítimas Feridas;Anoitecer;Decrescente;Céu Claro;Dupla;Curva;Não;2;0;2;0;0;0;2;1;-23,34182968;-46,15553546;SPRF-SP;DEL01-SP;UOP01-DEL01-SP
736880;06/12/2025;sábado;17:50:00;RS;116;144;CAXIAS DO SUL;Ausência de reação do condutor;Colisão traseira;Com Vítimas Feridas;Pleno dia;Decrescente;Céu Claro;Dupla;Reta;Sim;2;0;1;0;1;0;1;2;-29,130408;-51,12807;SPRF-RS;DEL05-RS;UOP01-DEL05-RS
736881;06/12/2025;sábado;17:50:00;RJ;101;272;TANGUA;Reação tardia ou ineficiente do condutor;Colisão traseira;Com Vítimas Feridas;Anoitecer;Decrescente;Céu Claro;Dupla;Curva;Sim;2;0;1;0;1;0;1;2;-22,729779;-42,703085;SPRF-RJ;DEL02-RJ;UOP03-DEL02-RJ
736882;06/12/2025;sábado;17:05:00;RS;116;523;PELOTAS;Demais falhas mecânicas ou elétricas;Saída de leito carroçável;Com Vítimas Feridas;Pleno dia;Crescente;Sol;Dupla;Reta;Não;1;0;1;0;0;0;1;1;-31,723903;-52,383268;SPRF-RS;DEL07-RS;UOP01-DEL07-RS
736884;06/12/2025;sábado;16:15:00;MG;116;217,1;CATUJI;Demais falhas mecânicas ou elétricas;Incêndio;Sem Vítimas;Pleno dia;Crescente;Nublado;Simples;Reta;Não;1;0;0;0;1;0;0;1;-17,384614;-41,524882;SPRF-MG;DEL11-MG;UOP01-DEL11-MG
736885;06/12/2025;sábado;12:45:00;RS;101;51;TERRA DE AREIA;Demais falhas mecânicas ou elétricas;Saída de leito carroçável;Com Vítimas Feridas;Pleno dia;Crescente;Céu Claro;Dupla;Reta;Não;1;0;1;0;0;0;1;1;-29,61492962;-50,09175388;SPRF-RS;DEL03-RS;UOP02-DEL03-RS
736888;06/12/2025;sábado;17:25:00;AL;316;110;DOIS RIACHOS;Manobra de mudança de faixa;Colisão frontal;Com Vítimas Feridas;Pleno dia;Decrescente;Céu Claro;Simples;Reta;Não;2;0;0;1;0;1;1;2;-9,392688;-37,030648;SPRF-AL;DEL03-AL;UOP01-DEL03-AL
736891;06/12/2025;sábado;18:00:00;RS;116;37,7;VACARIA;Ultrapassagem Indevida;Colisão transversal;Com Vítimas Feridas;Pleno dia;Crescente;Sol;Simples;"Retorno Regulamentado;Rotatória;Reta;Interseção de Vias";Sim;2;0;0;1;1;0;1;2;-28,50366;-50,92322;SPRF-RS;DEL05-RS;UOP03-DEL05-RS
736892;06/12/2025;sábado;18:25:00;MG;153;23;CENTRALINA;Velocidade Incompatível;Capotamento;Com Vítimas Feridas;Anoitecer;Decrescente;Chuva;Dupla;Curva;Não;4;0;3;0;1;0;3;2;-18,61944278;-49,19068336;SPRF-MG;DEL15-MG;UOP03-DEL15-MG
736894;06/12/2025;sábado;18:00:00;MG;40;551;BELO HORIZONTE;Ausência de reação do condutor;Colisão traseira;Com Vítimas Feridas;Plena Noite;Decrescente;Nublado;Dupla;Reta;Sim;2;0;0;1;1;0;1;2;-19,959;-43,958;SPRF-MG;DEL01-MG;UOP02-DEL01-MG
736895;06/12/2025;sábado;18:00:00;SC;153;100;CONCORDIA;Acessar a via sem observar a presença dos outros veículos;Colisão transversal;Sem Vítimas;Anoitecer;Decrescente;Céu Claro;Simples;Interseção de Vias;Não;4;0;0;0;4;0;0;2;-27,246213;-51,952638;SPRF-SC;DEL07-SC;UOP04-DEL07-SC
736896;06/12/2025;sábado;18:30:00;PE;101;64;RECIFE;Entrada inopinada do pedestre;Atropelamento de Pedestre;Sem Vítimas;Plena Noite;Decrescente;Céu Claro;Múltipla;Reta;Sim;2;0;0;0;1;1;0;2;-8,0205523;-34,942631;SPRF-PE;DEL01-PE;UOP01-DEL01-PE
736898;12/11/2025;quarta-feira;16:00:00;PR;116;114;CURITIBA;Reação tardia ou ineficiente do condutor;Tombamento;Com Vítimas Feridas;Pleno dia;Decrescente;Nublado;Dupla;Reta;Não;3;0;1;0;2;0;1;3;-25,5495383;-49,283771;SPRF-PR;DEL01-PR;UOP03-DEL01-PR
736899;06/12/2025;sábado;19:45:00;MG;50;16,5;UBERLANDIA;Reação tardia ou ineficiente do condutor;Colisão traseira;Com Vítimas Feridas;Pleno dia;Decrescente;Nublado;Dupla;Reta;Não;2;0;1;0;0;1;1;2;-18,919345;-48,180013;SPRF-MG;DEL15-MG;UOP01-DEL15-MG
736900;06/12/2025;sábado;15:40:00;SE;101;64;ROSARIO DO CATETE;Manobra de mudança de faixa;Colisão lateral mesmo sentido;Sem Vítimas;Pleno dia;Decrescente;Céu Claro;Dupla;Reta;Não;1;0;0;0;1;0;0;1;-10,70289464;-37,05091652;SPRF-SE;DEL02-SE;UOP02-DEL02-SE
736901;06/12/2025;sábado;19:30:00;RN;406;165;SAO GONCALO DO AMARANTE;Acessar a via sem observar a presença dos outros veículos;Colisão transversal;Com Vítimas Feridas;Plena Noite;Decrescente;Céu Claro;Simples;Interseção de Vias;Não;2;0;0;1;0;1;1;2;-5,739763;-35,349097;SPRF-RN;DEL02-RN;UOP01-DEL02-RN
736902;06/12/2025;sábado;19:50:00;RS;392;351,6;SANTA MARIA;Acessar a via sem observar a presença dos outros veículos;Colisão transversal;Com Vítimas Feridas;Plena Noite;Crescente;Nublado;Simples;"Em Obras;Retorno Regulamentado;Aclive;Interseção de Vias";Sim;2;0;1;0;1;0;1;2;-29,728244;-53,803199;SPRF-RS;DEL09-RS;UOP01-DEL09-RS
736904;06/12/2025;sábado;18:57:00;MA;226;300;BARRA DO CORDA;Acessar a via sem observar a presença dos outros veículos;Tombamento;Com Vítimas Feridas;Plena Noite;Decrescente;Nublado;Simples;"Reta;Declive";Sim;2;0;1;0;1;0;1;1;-5,50196211;-45,2471602;SPRF-MA;DEL06-MA;UOP01-DEL06-MA
736905;06/12/2025;sábado;20:15:00;SC;101;209;SAO JOSE;Reação tardia ou ineficiente do condutor;Colisão traseira;Com Vítimas Feridas;Plena Noite;Crescente;Céu Claro;Múltipla;Reta;Sim;4;0;1;0;3;0;1;2;-27,613612;-48,642906;SPRF-SC;DEL01-SC;UOP01-DEL01-SC
736907;06/12/2025;sábado;17:20:00;MA;135;69;SANTA RITA;Acessar a via sem observar a presença dos outros veículos;Colisão transversal;Sem Vítimas;Anoitecer;Crescente;Céu Claro;Dupla;Reta;Não;2;0;0;0;2;0;0;2;-3,13476;-44,32495;SPRF-MA;DEL01-MA;UOP02-DEL01-MA
736908;06/12/2025;sábado;19:40:00;GO;153;182;CAMPINORTE;Ingestão de álcool pelo condutor;Queda de ocupante de veículo;Sem Vítimas;Plena Noite;Decrescente;Garoa/Chuvisco;Simples;Reta;Não;1;0;0;0;1;0;0;1;-14,37559397;-49,15815353;SPRF-GO;DEL07-GO;UOP02-DEL07-GO
736909;06/12/2025;sábado;14:17:00;SP;116;156;SAO JOSE DOS CAMPOS;Reação tardia ou ineficiente do condutor;Colisão com objeto;Com Vítimas Feridas;Pleno dia;Decrescente;Céu Claro;Múltipla;Reta;Não;1;0;1;0;0;0;1;1;-23,2492466;-45,93363404;SPRF-SP;DEL02-SP;UOP01-DEL02-SP
736910;06/12/2025;sábado;20:30:00;CE;230;41;LAVRAS DA MANGABEIRA;Transitar na contramão;Colisão frontal;Com Vítimas Fatais;Plena Noite;Decrescente;Céu Claro;Simples;Reta;Sim;4;1;0;1;0;2;1;3;-6,74944;-38,97298;SPRF-CE;DEL05-CE;UOP01-DEL05-CE
736912;06/12/2025;sábado;20:10:00;PR;277;583,5;CASCAVEL;Pedestre andava na pista;Atropelamento de Pedestre;Com Vítimas Fatais;Plena Noite;Crescente;Céu Claro;Dupla;Reta;Sim;2;1;0;0;1;0;0;2;-24,9801839;-53,3789272;SPRF-PR;DEL04-PR;UOP01-DEL04-PR