id;data_inversa;dia_semana;horario;uf;br;km;municipio;causa_acidente;tipo_acidente;classificacao_acidente;fase_dia;sentido_via;condicao_metereologica;tipo_pista;tracado_via;uso_solo;pessoas;mortos;feridos_leves;feridos_graves;ilesos;ignorados;feridos;veiculos;latitude;longitude;regional;delegacia;uop
736913;06/12/2025;sábado;18:20:00;GO;60;236,7;INDIARA;Chuva;Saída de leito carroçável;Sem Vítimas;Plena Noite;Crescente;Chuva;Dupla;"Aclive;Retorno Regulamentado;Reta";Não;1;0;0;0;1;0;0;1;-17,090308;-49,85543;SPRF-GO;DEL01-GO;UOP02-DEL01-GO
736914;06/12/2025;sábado;19:45:00;SP;116;138,9;SAO JOSE DOS CAMPOS;Reação tardia ou ineficiente do condutor;Colisão com objeto;Sem Vítimas;Pleno dia;Crescente;Céu Claro;Dupla;Reta;Não;1;0;0;0;0;1;0;1;-23,1590269;-45,8017063;SPRF-SP;DEL02-SP;UOP01-DEL02-SP
736915;06/12/2025;sábado;15:00:00;BA;101;288;LAJE;Transitar na contramão;Queda de ocupante de veículo;Com Vítimas Feridas;Pleno dia;Decrescente;Céu Claro;Simples;"Interseção de Vias;Rotatória";Não;2;0;0;1;0;1;1;1;-13,17351061;-39,31752253;SPRF-BA;DEL01-BA;UOP02-DEL01-BA
736916;06/12/2025;sábado;19:45:00;RS;116;363,2;SENTINELA DO SUL;Ausência de reação do condutor;Queda de ocupante de veículo;Com Vítimas Feridas;Plena Noite;Decrescente;Nublado;Dupla;"Reta;Em Obras;Desvio Temporário";Não;1;0;0;1;0;0;1;1;-30,63989166;-51,55663697;SPRF-RS;DEL02-RS;UOP02-DEL02-RS
736917;06/12/2025;sábado;14:45:00;PA;163;119;ALTAMIRA;Ausência de reação do condutor;Colisão traseira;Sem Vítimas;Pleno dia;Decrescente;Céu Claro;Simples;Reta;Não;1;0;0;0;0;1;0;1;-8,63138;-55,040867;SPRF-MT;DEL06-MT;UOP03-DEL06-MT
736919;06/12/2025;sábado;17:30:00;RJ;40;105;DUQUE DE CAXIAS;Velocidade Incompatível;Colisão transversal;Com Vítimas Feridas;Pleno dia;Decrescente;Céu Claro;Múltipla;Reta;Sim;2;0;1;0;0;1;1;2;-22,63578;-43,28453;SPRF-RJ;DEL01-RJ;UOP02-DEL01-RJ
736920;06/12/2025;sábado;19:40:00;GO;153;134;CAMPINORTE;Reação tardia ou ineficiente do condutor;Queda de ocupante de veículo;Sem Vítimas;Plena Noite;Decrescente;Céu Claro;Simples;Reta;Não;1;0;0;0;1;0;0;1;-14,01157749;-49,08523217;SPRF-GO;DEL07-GO;UOP01-DEL07-GO
736921;06/12/2025;sábado;20:55:00;PB;230;22;JOAO PESSOA;Manobra de mudança de faixa;Colisão traseira;Com Vítimas Feridas;Plena Noite;Crescente;Céu Claro;Dupla;Reta;Sim;3;0;2;0;1;0;2;2;-7,152059;-34,853905;SPRF-PB;DEL01-PB;UOP01-DEL01-PB
736923;06/12/2025;sábado;18:20:00;RJ;101;413;ITAGUAI;Ingestão de álcool pelo condutor;Colisão traseira;Sem Vítimas;Plena Noite;Decrescente;Ignorado;Dupla;Reta;Sim;3;0;0;0;3;0;0;2;-22,903078;-43,869858;SPRF-RJ;DEL03-RJ;UOP01-DEL03-RJ
736926;06/12/2025;sábado;21:00:00;PR;369;200;APUCARANA;Acessar a via sem observar a presença dos outros veículos;Colisão transversal;Com Vítimas Feridas;Plena Noite;Crescente;Céu Claro;Simples;Interseção de Vias;Não;4;0;1;0;2;1;1;2;-23,53977755;-51,45734159;SPRF-PR;DEL07-PR;UOP03-DEL07-PR
736927;06/12/2025;sábado;20:50:00;PB;101;91;JOAO PESSOA;Transitar no Acostamento;Atropelamento de Pedestre;Com Vítimas Feridas;Plena Noite;Decrescente;Céu Claro;Dupla;Reta;Sim;2;0;0;1;0;1;1;2;-7,1883963;-34,9029928;SPRF-PB;DEL01-PB;UOP01-DEL01-PB
736928;06/12/2025;sábado;21:00:00;RS;290;58,2;GLORINHA;Reação tardia ou ineficiente do condutor;Tombamento;Com Vítimas Feridas;Plena Noite;Crescente;Céu Claro;Dupla;Reta;Não;1;0;1;0;0;0;1;1;-29,920297;-50,835361;SPRF-RS;DEL03-RS;UOP01-DEL03-RS
736929;06/12/2025;sábado;18:50:00;AL;423;34;CANAPI;Reação tardia ou ineficiente do condutor;Colisão lateral sentido oposto;Com Vítimas Feridas;Plena Noite;Decrescente;Céu Claro;Simples;Reta;Não;4;0;0;1;3;0;1;2;-9,215285;-37,581693;SPRF-AL;DEL03-AL;UOP02-DEL03-AL
736930;06/12/2025;sábado;22:00:00;PR;369;202;APUCARANA;Acessar a via sem observar a presença dos outros veículos;Colisão transversal;Com Vítimas Feridas;Plena Noite;Crescente;Céu Claro;Múltipla;Reta;Sim;3;0;1;0;2;0;1;2;-23,54484;-51,453627;SPRF-PR;DEL07-PR;UOP03-DEL07-PR
736931;06/12/2025;sábado;21:30:00;ES;393;0,3;CACHOEIRO DE ITAPEMIRIM;Ultrapassagem Indevida;Colisão transversal;Com Vítimas Feridas;Plena Noite;Crescente;Nublado;Simples;Reta;Sim;2;0;0;1;1;0;1;2;-20,78944784;-41,12659454;SPRF-ES;DEL03-ES;UOP02-DEL03-ES
736933;06/12/2025;sábado;21:40:00;PR;376;596;CURITIBA;Reação tardia ou ineficiente do condutor;Saída de leito carroçável;Com Vítimas Feridas;Plena Noite;Crescente;Céu Claro;Dupla;Reta;Sim;2;0;1;1;0;0;2;1;-25,48207664;-49,3488249;SPRF-PR;DEL01-PR;UOP03-DEL01-PR
736934;06/12/2025;sábado;22:00:00;SP;381;5;VARGEM;Ausência de reação do condutor;Tombamento;Com Vítimas Feridas;Plena Noite;Decrescente;Céu Claro;Dupla;"Reta;Ponte";Não;1;0;1;0;0;0;1;1;-22,89311159;-46,41455261;SPRF-SP;DEL03-SP;UOP02-DEL03-SP
736935;06/12/2025;sábado;19:40:00;SC;101;308,5;LAGUNA;Ausência de reação do condutor;Colisão lateral mesmo sentido;Com Vítimas Feridas;Plena Noite;Crescente;Céu Claro;Dupla;Reta;Não;2;0;1;0;0;1;1;2;-28,421625;-48,798321;SPRF-SC;DEL02-SC;UOP01-DEL02-SC
736936;06/12/2025;sábado;21:20:00;RS;290;74;GRAVATAI;Condutor deixou de manter distância do veículo da frente;Colisão traseira;Com Vítimas Feridas;Plena Noite;Crescente;Céu Claro;Dupla;Reta;Sim;6;0;2;0;4;0;2;2;-29,954045;-51,00102;SPRF-RS;DEL03-RS;UOP01-DEL03-RS
736937;06/12/2025;sábado;21:35:00;MA;10;319;ACAILANDIA;Ultrapassagem Indevida;Colisão com objeto;Com Vítimas Feridas;Plena Noite;Crescente;Céu Claro;Simples;Reta;Sim;2;0;0;1;0;1;1;2;-4,95213;-47,50339;SPRF-MA;DEL04-MA;UOP03-DEL04-MA
736938;06/12/2025;sábado;16:35:00;MG;381;242,2;SANTANA DO PARAISO;Acessar a via sem observar a presença dos outros veículos;Colisão transversal;Com Vítimas Feridas;Pleno dia;Decrescente;Céu Claro;Simples;Interseção de Vias;Não;2;0;1;0;1;0;1;2;-19,44364964;-42,51297981;SPRF-MG;DEL06-MG;UOP01-DEL06-MG
736939;06/12/2025;sábado;20:42:00;SC;280;27,3;ARAQUARI;Desrespeitar a preferência no cruzamento;Colisão transversal;Com Vítimas Feridas;Plena Noite;Decrescente;Céu Claro;Simples;Reta;Sim;3;0;1;2;0;0;3;2;-26,40756185;-48,74886688;SPRF-SC;DEL03-SC;UOP03-DEL03-SC
736940;06/12/2025;sábado;19:30:00;RO;364;971;PORTO VELHO;Ausência de reação do condutor;Tombamento;Com Vítimas Feridas;Anoitecer;Crescente;Nublado;Simples;Reta;Sim;1;0;1;0;0;0;1;1;-9,65695623;-65,72563648;SPRF-RO;DEL01-RO;UOP03-DEL01-RO
736941;06/12/2025;sábado;21:30:00;MG;50;47;ARAGUARI;Avarias e/ou desgaste excessivo no pneu;Tombamento;Com Vítimas Feridas;Plena Noite;Crescente;Nublado;Dupla;Reta;Não;1;0;1;0;0;0;1;1;-18,731315;-48,213241;SPRF-MG;DEL15-MG;UOP02-DEL15-MG
736942;06/12/2025;sábado;22:20:00;SC;101;133;BALNEARIO CAMBORIU;Ausência de reação do condutor;Saída de leito carroçável;Com Vítimas Feridas;Plena Noite;Crescente;Nublado;Dupla;Reta;Não;2;0;2;0;0;0;2;1;-26,99952495;-48,64578992;SPRF-SC;DEL04-SC;UOP03-DEL04-SC
736943;06/12/2025;sábado;20:40:00;PR;272;427;GOIOERE;Ultrapassagem Indevida;Colisão frontal;Com Vítimas Fatais;Plena Noite;Decrescente;Céu Claro;Simples;Reta;Não;4;2;0;2;0;0;2;2;-24,17809;-52,93024;SPRF-PR;DEL09-PR;UOP03-DEL09-PR
736944;06/12/2025;sábado;22:00:00;RJ;393;140;SAPUCAIA;Velocidade Incompatível;Saída de leito carroçável;Com Vítimas Feridas;Plena Noite;Decrescente;Céu Claro;Simples;Curva;Não;1;0;1;0;0;0;1;1;-22,02378026;-42,97158158;SPRF-RJ;DEL05-RJ;UOP01-DEL05-RJ
736945;06/12/2025;sábado;23:10:00;SE;101;90;NOSSA SENHORA DO SOCORRO;Animais na Pista;Atropelamento de Animal;Com Vítimas Feridas;Plena Noite;Crescente;Céu Claro;Dupla;"Declive;Reta";Sim;1;0;1;0;0;0;1;1;-10,9050377;-37,1230352;SPRF-SE;DEL01-SE;UOP01-DEL01-SE
736948;06/12/2025;sábado;20:50:00;MA;10;246,6;IMPERATRIZ;Ausência de reação do condutor;Colisão traseira;Com Vítimas Feridas;Plena Noite;Decrescente;Nublado;Múltipla;"Declive;Reta";Sim;4;0;2;0;1;1;2;2;-5,57637022;-47,44223279;SPRF-MA;DEL04-MA;UOP01-DEL04-MA
736949;06/12/2025;sábado;16:40:00;MG;116;413,6;GOVERNADOR VALADARES;Reação tardia ou ineficiente do condutor;Tombamento;Com Vítimas Feridas;Pleno dia;Decrescente;Nublado;Simples;"Reta;Ponte";Sim;1;0;1;0;0;0;1;1;-18,88344186;-41,95227597;SPRF-MG;DEL06-MG;UOP01-DEL06-MG
736950;06/12/2025;sábado;21:45:00;RS;290;120,9;ELDORADO DO SUL;Demais falhas mecânicas ou elétricas;Incêndio;Sem Vítimas;Plena Noite;Decrescente;Céu Claro;Simples;Reta;Não;1;0;0;0;0;1;0;1;-30,0507382;-51,41169995;SPRF-RS;DEL02-RS;UOP01-DEL02-RS
736951;06/12/2025;sábado;22:50:00;MG;116;773,8;LEOPOLDINA;Ausência de reação do condutor;Queda de ocupante de veículo;Com Vítimas Fatais;Plena Noite;Decrescente;Céu Claro;Simples;Reta;Não;1;1;0;0;0;0;0;1;-21,57874;-42,68449;SPRF-MG;DEL07-MG;UOP01-DEL07-MG
736952;06/12/2025;sábado;23:10:00;SC;280;178;MAFRA;Reação tardia ou ineficiente do condutor;Capotamento;Sem Vítimas;Plena Noite;Crescente;Nublado;Simples;Curva;Não;1;0;0;0;0;1;0;1;-26,1786027;-49,872255;SPRF-SC;DEL06-SC;UOP01-DEL06-SC
736953;06/12/2025;sábado;21:50:00;GO;153;210;URUACU;Transitar na contramão;Colisão frontal;Com Vítimas Feridas;Plena Noite;Crescente;Chuva;Simples;Reta;Não;3;0;0;1;2;0;1;2;-14,61978;-49,17091;SPRF-GO;DEL07-GO;UOP02-DEL07-GO
736954;06/12/2025;sábado;23:10:00;SC;282;485,3;FAXINAL DOS GUEDES;Ausência de reação do condutor;Saída de leito carroçável;Sem Vítimas;Plena Noite;Crescente;Céu Claro;Simples;Reta;Não;1;0;0;0;0;1;0;1;-26,86186027;-52,23602915;SPRF-SC;DEL07-SC;UOP01-DEL07-SC
736955;06/12/2025;sábado;19:00:00;BA;330;841,9;IPIAU;Transitar na contramão;Colisão frontal;Com Vítimas Fatais;Plena Noite;Crescente;Céu Claro;Simples;Reta;Sim;2;1;0;0;1;0;0;2;-14,144223;-39,715453;SPRF-BA;DEL03-BA;UOP01-DEL03-BA
736956;06/12/2025;sábado;23:12:00;TO;153;141;ARAGUAINA;Ausência de reação do condutor;Capotamento;Sem Vítimas;Plena Noite;Crescente;Nublado;Dupla;Reta;Sim;1;0;0;0;0;1;0;1;-7,176489;-48,220305;SPRF-TO;DEL02-TO;UOP01-DEL02-TO
736960;06/12/2025;sábado;23:50:00;PR;376;615;SAO JOSE DOS PINHAIS;Reação tardia ou ineficiente do condutor;Tombamento;Com Vítimas Feridas;Plena Noite;Crescente;Céu Claro;Dupla;Reta;Não;1;0;1;0;0;0;1;1;-25,57495746;-49,179835;SPRF-PR;DEL01-PR;UOP04-DEL01-PR
736961;06/12/2025;sábado;23:30:00;BA;407;101,5;SENHOR DO BONFIM;Ingestão de álcool pelo condutor;Colisão traseira;Com Vítimas Feridas;Plena Noite;Decrescente;Céu Claro;Simples;Reta;Sim;2;0;1;0;1;0;1;2;-10,38497;-40,17466;SPRF-BA;DEL04-BA;UOP01-DEL04-BA
736962;07/12/2025;domingo;00:15:00;MG;365;606;UBERLANDIA;Condutor Dormindo;Colisão frontal;Com Vítimas Feridas;Plena Noite;Crescente;Nublado;Simples;Reta;Não;3;0;3;0;0;0;3;2;-18,903508;-48,162978;SPRF-MG;DEL15-MG;UOP01-DEL15-MG
736963;06/12/2025;sábado;21:15:00;RJ;101;201,3;CASIMIRO DE ABREU;Animais na Pista;Atropelamento de Animal;Com Vítimas Fatais;Plena Noite;Crescente;Nublado;Dupla;Reta;Não;1;1;0;0;0;0;0;1;-22,47843972;-42,15374671;SPRF-RJ;DEL08-RJ;UOP04-DEL08-RJ
736964;07/12/2025;domingo;01:00:00;SC;282;17,7;PALHOCA;Condutor usando celular;Colisão com objeto;Com Vítimas Feridas;Plena Noite;Decrescente;Céu Claro;Simples;Reta;Não;2;0;1;1;0;0;2;1;-27,67849736;-48,69650781;SPRF-SC;DEL01-SC;UOP02-DEL01-SC
736969;06/12/2025;sábado;19:55:00;PR;163;196;CASCAVEL;Velocidade Incompatível;Saída de leito carroçável;Com Vítimas Feridas;Plena Noite;Decrescente;Céu Claro;Dupla;Curva;Não;1;0;0;1;0;0;1;1;-25,02915928;-53,54808982;SPRF-PR;DEL05-PR;UOP05-DEL05-PR
736971;06/12/2025;sábado;22:00:00;RJ;356;49;ITAPERUNA;Velocidade Incompatível;Queda de ocupante de veículo;Com Vítimas Feridas;Plena Noite;Crescente;Céu Claro;Simples;Curva;Não;2;0;1;1;0;0;2;1;-21,2584571;-41,7691533;SPRF-RJ;DEL08-RJ;UOP03-DEL08-RJ
736972;07/12/2025;domingo;02:30:00;MG;381;480,5;CONTAGEM;Pedestre andava na pista;Atropelamento de Pedestre;Com Vítimas Feridas;Plena Noite;Crescente;Céu Claro;Dupla;Reta;Não;3;0;0;1;2;0;1;2;-19,95847;-44,05542;SPRF-MG;DEL01-MG;UOP03-DEL01-MG
736973;07/12/2025;domingo;02:00:00;PA;230;120;MARABA;Ultrapassagem Indevida;Colisão lateral mesmo sentido;Com Vítimas Fatais;Plena Noite;Crescente;Ignorado;Dupla;"Reta;Desvio Temporário;Ponte";Sim;4;1;1;1;1;0;2;3;-5,353823;-49,121645;SPRF-PA;DEL03-PA;UOP01-DEL03-PA
736974;07/12/2025;domingo;02:00:00;RS;153;672;ACEGUA;Transitar na contramão;Colisão lateral sentido oposto;Com Vítimas Feridas;Plena Noite;Crescente;Céu Claro;Simples;Reta;Não;2;0;1;0;0;1;1;2;-31,6327746;-54,1508045;SPRF-RS;DEL11-RS;UOP03-DEL11-RS
736975;07/12/2025;domingo;02:10:00;PR;158;507;CORONEL VIVIDA;Velocidade Incompatível;Saída de leito carroçável;Com Vítimas Feridas;Plena Noite;Decrescente;Céu Claro;Simples;Reta;Não;2;0;1;0;1;0;1;1;-26,02677487;-52,58604884;SPRF-PR;DEL02-PR;UOP01-DEL02-PR
736977;06/12/2025;sábado;23:45:00;RS;290;34;SANTO ANTONIO DA PATRULHA;Ingestão de álcool pelo condutor;Colisão traseira;Com Vítimas Feridas;Plena Noite;Decrescente;Céu Claro;Dupla;Reta;Não;3;0;1;0;1;1;1;3;-29,8864124;-50,65381765;SPRF-RS;DEL03-RS;UOP01-DEL03-RS
736978;07/12/2025;domingo;02:45:00;SC;101;208,4;SAO JOSE;Objeto estático sobre o leito carroçável;Colisão com objeto;Com Vítimas Feridas;Plena Noite;Decrescente;Céu Claro;Dupla;Reta;Não;2;0;2;0;0;0;2;1;-27,606926;-48,635613;SPRF-SC;DEL01-SC;UOP01-DEL01-SC
736979;07/12/2025;domingo;03:10:00;RS;153;51;ERECHIM;Ingestão de álcool pelo condutor;Colisão frontal;Com Vítimas Feridas;Plena Noite;Crescente;Céu Claro;Dupla;Reta;Não;4;0;3;0;1;0;3;2;-27,65851944;-52,28174686;SPRF-RS;DEL08-RS;UOP04-DEL08-RS
736980;06/12/2025;sábado;07:05:00;SC;282;446,1;PONTE SERRADA;Condutor Dormindo;Saída de leito carroçável;Com Vítimas Feridas;Pleno dia;Decrescente;Céu Claro;Simples;"Aclive;Curva";Não;1;0;1;0;0;0;1;1;-26,9131848;-51,9050497;SPRF-SC;DEL07-SC;UOP04-DEL07-SC
736981;07/12/2025;domingo;01:30:00;PR;277;667;MEDIANEIRA;Reação tardia ou ineficiente do condutor;Saída de leito carroçável;Com Vítimas Feridas;Plena Noite;Decrescente;Céu Claro;Dupla;Reta;Não;2;0;0;2;0;0;2;1;-25,25402919;-54,03341644;SPRF-PR;DEL05-PR;UOP02-DEL05-PR
736982;07/12/2025;domingo;02:50:00;PR;277;367,2;GUARAPUAVA;Reação tardia ou ineficiente do condutor;Colisão traseira;Com Vítimas Feridas;Plena Noite;Decrescente;Céu Claro;Simples;"Aclive;Reta";Não;5;0;0;1;4;0;1;2;-25,408289;-51,706981;SPRF-PR;DEL08-PR;UOP01-DEL08-PR
736984;07/12/2025;domingo;04:30:00;ES;101;427,1;ATILIO VIVACQUA;Condutor Dormindo;Saída de leito carroçável;Com Vítimas Feridas;Pleno dia;Crescente;Nublado;Simples;Curva;Não;2;0;1;1;0;0;2;1;-21,01260914;-41,14742982;SPRF-ES;DEL03-ES;UOP02-DEL03-ES
736985;07/12/2025;domingo;04:30:00;PB;101;44;MAMANGUAPE;Ingestão de álcool pelo condutor;Saída de leito carroçável;Com Vítimas Feridas;Amanhecer;Crescente;Céu Claro;Dupla;Reta;Não;1;0;1;0;0;0;1;1;-6,87677144;-35,13215303;SPRF-PB;DEL01-PB;UOP03-DEL01-PB
736986;07/12/2025;domingo;04:40:00;RS;116;253;SAPUCAIA DO SUL;Velocidade Incompatível;Colisão com objeto;Sem Vítimas;Amanhecer;Decrescente;Céu Claro;Dupla;Reta;Sim;1;0;0;0;0;1;0;1;-29,8201806;-51,1711943;SPRF-RS;DEL01-RS;UOP02-DEL01-RS
736988;07/12/2025;domingo;02:45:00;RO;364;397,2;OURO PRETO DO OESTE;Reação tardia ou ineficiente do condutor;Saída de leito carroçável;Com Vítimas Feridas;Plena Noite;Decrescente;Garoa/Chuvisco;Simples;"Aclive;Curva";Não;1;0;1;0;0;0;1;1;-10,622487;-62,326992;SPRF-RO;DEL03-RO;UOP02-DEL03-RO
736989;07/12/2025;domingo;04:00:00;DF;20;26;BRASILIA;Ausência de reação do condutor;Saída de leito carroçável;Sem Vítimas;Amanhecer;Decrescente;Céu Claro;Dupla;Reta;Sim;1;0;0;0;1;0;0;1;-15,658386;-47,791534;SPRF-DF;DEL02-DF;UOP01-DEL02-DF
736991;07/12/2025;domingo;04:50:00;MG;116;768;LEOPOLDINA;Reação tardia ou ineficiente do condutor;Colisão frontal;Com Vítimas Fatais;Pleno dia;Crescente;Céu Claro;Simples;Reta;Sim;2;1;0;0;1;0;0;2;-21,546073;-42,660359;SPRF-MG;DEL07-MG;UOP01-DEL07-MG
736994;07/12/2025;domingo;04:50:00;PR;277;77;SAO JOSE DOS PINHAIS;Ausência de reação do condutor;Colisão traseira;Sem Vítimas;Amanhecer;Crescente;Nublado;Dupla;Reta;Não;2;0;0;0;2;0;0;2;-25,485;-49,189;SPRF-PR;DEL01-PR;UOP07-DEL01-PR
736995;07/12/2025;domingo;06:30:00;CE;116;16,5;ITAITINGA;Manobra de mudança de faixa;Colisão transversal;Com Vítimas Feridas;Pleno dia;Decrescente;Céu Claro;Múltipla;Reta;Sim;3;0;3;0;0;0;3;2;-3,891125;-38,502352;SPRF-CE;DEL01-CE;UOP02-DEL01-CE
736996;07/12/2025;domingo;06:40:00;SC;282;51,9;AGUAS MORNAS;Ingestão de álcool pelo condutor;Saída de leito carroçável;Sem Vítimas;Pleno dia;Crescente;Céu Claro;Simples;Reta;Não;1;0;0;0;1;0;0;1;-27,697135;-48,964342;SPRF-SC;DEL01-SC;UOP03-DEL01-SC
736997;07/12/2025;domingo;05:20:00;RJ;465;20;NOVA IGUACU;Ausência de reação do condutor;Queda de ocupante de veículo;Com Vítimas Feridas;Pleno dia;Crescente;Céu Claro;Simples;Reta;Não;1;0;1;0;0;0;1;1;-22,85071805;-43,60211547;SPRF-RJ;DEL06-RJ;UOP02-DEL06-RJ
736998;07/12/2025;domingo;05:50:00;MG;365;766;ITUIUTABA;Reação tardia ou ineficiente do condutor;Saída de leito carroçável;Com Vítimas Feridas;Amanhecer;Crescente;Céu Claro;Simples;Reta;Não;2;0;1;1;0;0;2;1;-18,96412775;-49,55759749;SPRF-MG;DEL15-MG;UOP03-DEL15-MG
736999;07/12/2025;domingo;06:45:00;GO;60;388;RIO VERDE;Reação tardia ou ineficiente do condutor;Saída de leito carroçável;Com Vítimas Feridas;Pleno dia;Decrescente;Nublado;Dupla;Reta;Sim;1;0;1;0;0;0;1;1;-17,824545;-50,958238;SPRF-GO;DEL04-GO;UOP02-DEL04-GO
737000;07/12/2025;domingo;06:40:00;SC;101;168;TIJUCAS;Demais falhas mecânicas ou elétricas;Saída de leito carroçável;Com Vítimas Feridas;Pleno dia;Crescente;Nublado;Múltipla;Reta;Não;2;0;2;0;0;0;2;1;-27,28619972;-48,63013387;SPRF-SC;DEL04-SC;UOP03-DEL04-SC
737001;07/12/2025;domingo;06:40:00;SP;116;447;REGISTRO;Ausência de reação do condutor;Saída de leito carroçável;Com Vítimas Feridas;Pleno dia;Crescente;Céu Claro;Dupla;Reta;Não;1;0;1;0;0;0;1;1;-24,52019476;-47,85349488;SPRF-SP;DEL05-SP;UOP01-DEL05-SP
737002;06/12/2025;sábado;22:45:00;RS;386;34,6;FREDERICO WESTPHALEN;Acessar a via sem observar a presença dos outros veículos;Colisão transversal;Com Vítimas Feridas;Plena Noite;Decrescente;Céu Claro;Simples;Reta;Sim;3;0;0;1;2;0;1;2;-27,36450699;-53,39383364;SPRF-RS;DEL08-RS;UOP02-DEL08-RS
737003;07/12/2025;domingo;05:54:00;PB;230;85;GURINHEM;Avarias e/ou desgaste excessivo no pneu;Saída de leito carroçável;Com Vítimas Feridas;Pleno dia;Decrescente;Céu Claro;Múltipla;Reta;Não;5;0;3;0;2;0;3;1;-7,16921711;-35,37520409;SPRF-PB;DEL01-PB;UOP02-DEL01-PB
737006;07/12/2025;domingo;06:20:00;MG;50;77,3;UBERLANDIA;Ingestão de álcool pelo condutor;Saída de leito carroçável;Sem Vítimas;Pleno dia;Decrescente;Garoa/Chuvisco;Dupla;Rotatória;Não;1;0;0;0;1;0;0;1;-18,92984207;-48,19212612;SPRF-MG;DEL15-MG;UOP01-DEL15-MG
737008;07/12/2025;domingo;05:50:00;RS;158;175;PEJUCARA;Demais falhas na via;Capotamento;Sem Vítimas;Amanhecer;Decrescente;Céu Claro;Simples;Aclive;Não;1;0;0;0;0;1;0;1;-28,4787601;-53,54735121;SPRF-RS;DEL10-RS;UOP02-DEL10-RS
737009;07/12/2025;domingo;06:20:00;BA;116;297;TUCANO;Condutor Dormindo;Saída de leito carroçável;Com Vítimas Fatais;Pleno dia;Decrescente;Céu Claro;Simples;Reta;Não;1;1;0;0;0;0;0;1;-11,149503;-38,847694;SPRF-BA;DEL07-BA;UOP02-DEL07-BA
737010;07/12/2025;domingo;06:30:00;MG;262;404,6;PARA DE MINAS;Velocidade Incompatível;Saída de leito carroçável;Sem Vítimas;Pleno dia;Crescente;Céu Claro;Dupla;Reta;Não;1;0;0;0;1;0;0;1;-19,88257948;-44,61375475;SPRF-MG;DEL01-MG;UOP03-DEL01-MG
737012;07/12/2025;domingo;07:20:00;SP;116;172;JACAREI;Avarias e/ou desgaste excessivo no pneu;Tombamento;Com Vítimas Feridas;Pleno dia;Decrescente;Céu Claro;Múltipla;Reta;Não;2;0;2;0;0;0;2;1;-23,31078;-46,0617;SPRF-SP;DEL02-SP;UOP01-DEL02-SP
737013;07/12/2025;domingo;06:15:00;SP;116;279;EMBU DAS ARTES;Objeto estático sobre o leito carroçável;Colisão traseira;Com Vítimas Feridas;Pleno dia;Crescente;Céu Claro;Dupla;Reta;Sim;3;0;2;0;1;0;2;2;-23,64056674;-46,83660175;SPRF-SP;DEL04-SP;UOP01-DEL04-SP
737014;07/12/2025;domingo;07:15:00;SP;116;287,5;ITAPECERICA DA SERRA;Transitar na contramão;Colisão lateral sentido oposto;Sem Vítimas;Pleno dia;Crescente;Céu Claro;Dupla;"Reta;Declive";Não;3;0;0;0;3;0;0;2;-23,7070297;-46,8745861;SPRF-SP;DEL04-SP;UOP01-DEL04-SP
737015;07/12/2025;domingo;06:30:00;PB;101;51,7;CRUZ DO ESPIRITO SANTO;Ingestão de álcool pelo condutor;Tombamento;Sem Vítimas;Pleno dia;Crescente;Sol;Dupla;Reta;Não;1;0;0;0;1;0;0;1;-7,192625;-35,0655517;SPRF-PB;DEL01-PB;UOP03-DEL01-PB
737017;07/12/2025;domingo;06:10:00;RJ;116;131;MAGE;Ausência de reação do condutor;Colisão traseira;Com Vítimas Feridas;Amanhecer;Decrescente;Céu Claro;Dupla;Reta;Sim;4;0;0;1;3;0;1;2;-22,65715567;-43,13437343;SPRF-RJ;DEL04-RJ;UOP02-DEL04-RJ
737018;07/12/2025;domingo;05:35:00;PR;369;493,2;CASCAVEL;Ausência de reação do condutor;Saída de leito carroçável;Com Vítimas Fatais;Amanhecer;Decrescente;Céu Claro;Simples;"Declive;Curva";Não;2;1;0;1;0;0;1;1;-24,856344;-53,33382;SPRF-PR;DEL04-PR;UOP01-DEL04-PR
737020;07/12/2025;domingo;07:00:00;RJ;116;14;SEROPEDICA;Acessar a via sem observar a presença dos outros veículos;Colisão transversal;Com Vítimas Fatais;Pleno dia;Decrescente;Céu Claro;Simples;Reta;Sim;2;1;0;0;1;0;0;2;-22,806095;-43,637292;SPRF-RJ;DEL05-RJ;UOP01-DEL05-RJ
737022;07/12/2025;domingo;05:45:00;MT;174;523;COMODORO;Ultrapassagem Indevida;Colisão frontal;Com Vítimas Feridas;Amanhecer;Crescente;Garoa/Chuvisco;Simples;Reta;Não;3;0;3;0;0;0;3;2;-13,3442274;-59,87168313;SPRF-MT;DEL04-MT;UOP02-DEL04-MT
737023;29/11/2025;sábado;23:08:00;TO;242;307,8;PEIXE;Reação tardia ou ineficiente do condutor;Capotamento;Com Vítimas Feridas;Plena Noite;Decrescente;Nublado;Simples;Reta;Não;1;0;0;1;0;0;1;1;-12,07418;-48,53286;SPRF-TO;DEL01-TO;UOP02-DEL01-TO
737025;06/12/2025;sábado;11:04:00;AC;364;171;BUJARI;Problema na suspensão;Saída de leito carroçável;Com Vítimas Feridas;Pleno dia;Decrescente;Céu Claro;Simples;Reta;Não;1;0;0;1;0;0;1;1;-9,72665368;-68,12278748;SPRF-AC;DEL01-AC;UOP01-DEL01-AC
737026;25/10/2025;sábado;00:01:00;PR;369;139;IBIPORA;Pedestre - Ingestão de álcool/ substâncias psicoativas;Atropelamento de Pedestre;Com Vítimas Feridas;Plena Noite;Decrescente;Céu Claro;Simples;Reta;Sim;2;0;0;1;0;1;1;2;-23,27541616;-51,05992405;SPRF-PR;DEL07-PR;UOP01-DEL07-PR