id;data_inversa;dia_semana;horario;uf;br;km;municipio;causa_acidente;tipo_acidente;classificacao_acidente;fase_dia;sentido_via;condicao_metereologica;tipo_pista;tracado_via;uso_solo;pessoas;mortos;feridos_leves;feridos_graves;ilesos;ignorados;feridos;veiculos;latitude;longitude;regional;delegacia;uop
737027;07/12/2025;domingo;08:10:00;RS;116;233,2;NOVO HAMBURGO;Acessar a via sem observar a presença dos outros veículos;Colisão frontal;Com Vítimas Feridas;Pleno dia;Crescente;Céu Claro;Simples;"Aclive;Reta";Sim;2;0;1;0;1;0;1;2;-29,64030765;-51,14232894;SPRF-RS;DEL01-RS;UOP02-DEL01-RS
737028;07/12/2025;domingo;08:55:00;ES;259;59;COLATINA;Condutor deixou de manter distância do veículo da frente;Colisão traseira;Com Vítimas Feridas;Pleno dia;Crescente;Nublado;Simples;Reta;Não;2;0;1;0;1;0;1;2;-19,524694;-40,67323;SPRF-ES;DEL02-ES;UOP01-DEL02-ES
737030;07/12/2025;domingo;09:01:00;ES;101;210;IBIRACU;Transitar na contramão;Colisão frontal;Com Vítimas Feridas;Pleno dia;Crescente;Céu Claro;Simples;Curva;Não;6;0;3;2;1;0;5;3;-19,801623;-40,36817;SPRF-ES;DEL02-ES;UOP01-DEL02-ES
737033;07/12/2025;domingo;07:00:00;SC;101;96,6;BARRA VELHA;Condutor deixou de manter distância do veículo da frente;Engavetamento;Com Vítimas Feridas;Pleno dia;Decrescente;Céu Claro;Dupla;Reta;Sim;5;0;2;0;3;0;2;3;-26,72129308;-48,7022394;SPRF-SC;DEL03-SC;UOP02-DEL03-SC
737034;06/12/2025;sábado;17:00:00;RJ;40;109;DUQUE DE CAXIAS;Transitar no Acostamento;Colisão traseira;Com Vítimas Feridas;Anoitecer;Decrescente;Céu Claro;Múltipla;Reta;Sim;2;0;1;0;1;0;1;2;-22,68181478;-43,28548412;SPRF-RJ;DEL01-RJ;UOP02-DEL01-RJ
737035;07/12/2025;domingo;09:13:00;RJ;101;322;RIO DE JANEIRO;Demais falhas mecânicas ou elétricas;Incêndio;Sem Vítimas;Pleno dia;Crescente;Céu Claro;Dupla;Reta;Sim;1;0;0;0;1;0;0;1;-22,87293288;-43,13363314;SPRF-RJ;DEL02-RJ;UOP01-DEL02-RJ
737036;28/11/2025;sexta-feira;16:30:00;RJ;101;314;SAO GONCALO;Condutor deixou de manter distância do veículo da frente;Engavetamento;Com Vítimas Feridas;Pleno dia;Decrescente;Céu Claro;Dupla;Reta;Não;8;0;1;0;7;0;1;7;-22,84259794;-43,09666425;SPRF-RJ;DEL02-RJ;UOP02-DEL02-RJ
737037;07/12/2025;domingo;09:10:00;MG;40;620;CONSELHEIRO LAFAIETE;Demais falhas mecânicas ou elétricas;Queda de ocupante de veículo;Com Vítimas Feridas;Pleno dia;Crescente;Garoa/Chuvisco;Simples;Reta;Não;2;0;2;0;0;0;2;1;-20,63709415;-43,81390572;SPRF-MG;DEL05-MG;UOP02-DEL05-MG
737038;07/12/2025;domingo;00:00:00;MS;60;377,2;CAMPO GRANDE;Ausência de reação do condutor;Saída de leito carroçável;Sem Vítimas;Plena Noite;Crescente;Céu Claro;Simples;Curva;Não;1;0;0;0;0;1;0;1;-20,605214;-54,738341;SPRF-MS;DEL01-MS;UOP04-DEL01-MS
737039;07/12/2025;domingo;09:40:00;CE;116;49,8;PACAJUS;Desrespeitar a preferência no cruzamento;Colisão transversal;Com Vítimas Feridas;Pleno dia;Decrescente;Sol;Dupla;Reta;Não;5;0;1;1;3;0;2;2;-4,17205709;-38,49291801;SPRF-CE;DEL01-CE;UOP02-DEL01-CE
737040;07/12/2025;domingo;06:00:00;PR;163;278;MARECHAL CANDIDO RONDON;Ausência de reação do condutor;Saída de leito carroçável;Sem Vítimas;Pleno dia;Decrescente;Céu Claro;Dupla;"Curva;Declive";Não;1;0;0;0;0;1;0;1;-24,56858174;-54,02236104;SPRF-PR;DEL06-PR;UOP02-DEL06-PR
737041;07/12/2025;domingo;09:00:00;MG;381;531;ITATIAIUCU;Condutor Dormindo;Saída de leito carroçável;Sem Vítimas;Pleno dia;Crescente;Sol;Dupla;Curva;Não;1;0;0;0;1;0;0;1;-20,163851;-44,360418;SPRF-MG;DEL04-MG;UOP03-DEL04-MG
737043;07/12/2025;domingo;09:40:00;RS;386;417;MONTENEGRO;Reação tardia ou ineficiente do condutor;Saída de leito carroçável;Com Vítimas Feridas;Pleno dia;Crescente;Céu Claro;Dupla;Reta;Não;1;0;1;0;0;0;1;1;-29,81970205;-51,45088753;SPRF-RS;DEL04-RS;UOP02-DEL04-RS
737044;07/12/2025;domingo;07:00:00;MT;163;709;SORRISO;Pista Escorregadia;Saída de leito carroçável;Sem Vítimas;Pleno dia;Crescente;Chuva;Simples;Reta;Não;1;0;0;0;0;1;0;1;-12,9041;-55,8494;SPRF-MT;DEL06-MT;UOP01-DEL06-MT
737046;07/12/2025;domingo;10:15:00;GO;60;62,1;ABADIANIA;Acessar a via sem observar a presença dos outros veículos;Colisão transversal;Com Vítimas Feridas;Pleno dia;Decrescente;Céu Claro;Dupla;Reta;Sim;2;0;1;0;1;0;1;2;-16,189939;-48,712292;SPRF-GO;DEL02-GO;UOP01-DEL02-GO
737049;07/12/2025;domingo;09:50:00;RN;101;129;NISIA FLORESTA;Manobra de mudança de faixa;Colisão traseira;Com Vítimas Feridas;Pleno dia;Crescente;Céu Claro;Dupla;"Aclive;Curva";Não;5;0;1;0;4;0;1;2;-6,1163172;-35,2320375;SPRF-RN;DEL01-RN;UOP01-DEL01-RN
737050;07/12/2025;domingo;09:26:00;PA;316;22;BENEVIDES;Ausência de reação do condutor;Colisão traseira;Com Vítimas Feridas;Pleno dia;Decrescente;Céu Claro;Dupla;Reta;Sim;5;0;3;0;2;0;3;2;-1,35383268;-48,25758404;SPRF-PA;DEL01-PA;UOP01-DEL01-PA
737051;07/12/2025;domingo;10:15:00;SC;101;139;BALNEARIO CAMBORIU;Trafegar com motocicleta (ou similar) entre as faixas;Colisão traseira;Com Vítimas Feridas;Pleno dia;Crescente;Céu Claro;Dupla;"Aclive;Curva";Sim;4;0;2;0;2;0;2;3;-27,03947493;-48,59998433;SPRF-SC;DEL04-SC;UOP03-DEL04-SC
737052;07/12/2025;domingo;09:30:00;PR;476;145,5;CURITIBA;Reação tardia ou ineficiente do condutor;Saída de leito carroçável;Com Vítimas Feridas;Pleno dia;Crescente;Céu Claro;Dupla;Reta;Sim;6;0;5;1;0;0;6;1;-25,55023096;-49,32782857;SPRF-PR;DEL01-PR;UOP06-DEL01-PR
737054;07/12/2025;domingo;10:40:00;SE;101;89;NOSSA SENHORA DO SOCORRO;Reação tardia ou ineficiente do condutor;Queda de ocupante de veículo;Com Vítimas Feridas;Pleno dia;Decrescente;Céu Claro;Dupla;Reta;Não;2;0;1;0;1;0;1;1;-10,88089013;-37,13366032;SPRF-SE;DEL01-SE;UOP01-DEL01-SE
737055;07/12/2025;domingo;10:00:00;PE;232;4,6;RECIFE;Reação tardia ou ineficiente do condutor;Tombamento;Com Vítimas Feridas;Pleno dia;Decrescente;Céu Claro;Múltipla;Curva;Sim;1;0;1;0;0;0;1;1;-8,06636;-34,94015;SPRF-PE;DEL01-PE;UOP01-DEL01-PE
737056;07/12/2025;domingo;11:00:00;SP;116;71;APARECIDA;Ausência de reação do condutor;Colisão traseira;Com Vítimas Feridas;Pleno dia;Crescente;Céu Claro;Dupla;Reta;Sim;3;0;1;1;1;0;2;2;-22,85631481;-45,23119081;SPRF-SP;DEL08-SP;UOP01-DEL08-SP
737057;07/12/2025;domingo;10:00:00;PR;376;301,3;MAUA DA SERRA;Ausência de reação do condutor;Colisão com objeto;Com Vítimas Feridas;Pleno dia;Crescente;Céu Claro;Dupla;Curva;Não;1;0;1;0;0;0;1;1;-23,93358374;-51,13607883;SPRF-PR;DEL07-PR;UOP02-DEL07-PR
737058;07/12/2025;domingo;09:00:00;PR;376;335,6;ORTIGUEIRA;Reação tardia ou ineficiente do condutor;Saída de leito carroçável;Com Vítimas Feridas;Pleno dia;Decrescente;Sol;Simples;Curva;Não;3;0;2;0;1;0;2;1;-24,139247;-51,005945;SPRF-PR;DEL07-PR;UOP02-DEL07-PR
737059;07/12/2025;domingo;09:35:00;RN;304;24;MOSSORO;Ingestão de álcool pelo condutor;Saída de leito carroçável;Com Vítimas Feridas;Pleno dia;Crescente;Céu Claro;Simples;Rotatória;Não;2;0;1;1;0;0;2;1;-5,06687169;-37,33113527;SPRF-RN;DEL04-RN;UOP02-DEL04-RN
737060;07/12/2025;domingo;10:50:00;SP;116;74;APARECIDA;Ausência de reação do condutor;Queda de ocupante de veículo;Com Vítimas Feridas;Pleno dia;Crescente;Céu Claro;Dupla;"Reta;Retorno Regulamentado";Sim;1;0;1;0;0;0;1;1;-22,87249793;-45,24978638;SPRF-SP;DEL08-SP;UOP01-DEL08-SP
737062;07/12/2025;domingo;11:50:00;RS;116;540,9;CAPAO DO LEAO;Reação tardia ou ineficiente do condutor;Tombamento;Com Vítimas Feridas;Pleno dia;Crescente;Céu Claro;Simples;Reta;Não;1;0;1;0;0;0;1;1;-31,82016474;-52,52729623;SPRF-RS;DEL07-RS;UOP01-DEL07-RS
737063;07/12/2025;domingo;11:20:00;SC;101;1;FLORIANOPOLIS;Ausência de reação do condutor;Colisão traseira;Com Vítimas Feridas;Pleno dia;Crescente;Céu Claro;Dupla;Reta;Sim;2;0;1;0;1;0;1;2;-27,60149;-48,57852;SPRF-SC;DEL03-SC;UOP01-DEL03-SC
737064;07/12/2025;domingo;11:00:00;PE;101;44;IGARASSU;Ausência de reação do condutor;Colisão traseira;Com Vítimas Feridas;Pleno dia;Decrescente;Céu Claro;Múltipla;Reta;Não;2;0;1;0;0;1;1;2;-7,8594491;-34,9083258;SPRF-PE;DEL01-PE;UOP02-DEL01-PE
737065;07/12/2025;domingo;10:20:00;SC;101;35;JOINVILLE;Avarias e/ou desgaste excessivo no pneu;Tombamento;Com Vítimas Feridas;Pleno dia;Decrescente;Céu Claro;Dupla;Curva;Não;2;0;2;0;0;0;2;1;-26,26818124;-48,89613088;SPRF-SC;DEL03-SC;UOP01-DEL03-SC
737066;07/12/2025;domingo;11:40:00;PR;153;41,9;SANTO ANTONIO DA PLATINA;Acessar a via sem observar a presença dos outros veículos;Colisão transversal;Com Vítimas Feridas;Pleno dia;Crescente;Céu Claro;Simples;Interseção de Vias;Sim;2;0;1;0;1;0;1;2;-23,29705747;-50,06841866;SPRF-PR;DEL07-PR;UOP04-DEL07-PR
737067;07/12/2025;domingo;10:05:00;RS;287;520;SAO BORJA;Ausência de reação do condutor;Saída de leito carroçável;Com Vítimas Feridas;Pleno dia;Decrescente;Céu Claro;Simples;Curva;Não;1;0;1;0;0;0;1;1;-28,72130262;-55,86238861;SPRF-RS;DEL12-RS;UOP01-DEL12-RS
737068;07/12/2025;domingo;12:00:00;SC;101;214,2;PALHOCA;Reação tardia ou ineficiente do condutor;Colisão lateral mesmo sentido;Com Vítimas Feridas;Pleno dia;Crescente;Céu Claro;Dupla;Reta;Sim;2;0;1;0;1;0;1;2;-27,6467695;-48,6725214;SPRF-SC;DEL01-SC;UOP02-DEL01-SC
737071;07/12/2025;domingo;11:32:00;PR;277;126;CAMPO LARGO;Reação tardia ou ineficiente do condutor;Colisão traseira;Com Vítimas Feridas;Pleno dia;Crescente;Céu Claro;Dupla;Reta;Não;3;0;1;0;2;0;1;2;-25,43521;-49,53471;SPRF-PR;DEL03-PR;UOP03-DEL03-PR
737073;07/12/2025;domingo;12:05:00;PE;232;171;BELO JARDIM;Velocidade Incompatível;Queda de ocupante de veículo;Com Vítimas Feridas;Pleno dia;Decrescente;Céu Claro;Simples;Curva;Não;1;0;0;1;0;0;1;1;-8,34187569;-36,34591866;SPRF-PE;DEL03-PE;UOP02-DEL03-PE
737074;07/12/2025;domingo;12:27:00;RS;290;55,3;GLORINHA;Ausência de reação do condutor;Colisão com objeto;Sem Vítimas;Pleno dia;Crescente;Céu Claro;Dupla;"Aclive;Reta";Não;2;0;0;0;2;0;0;1;-29,9137974;-50,8108781;SPRF-RS;DEL03-RS;UOP01-DEL03-RS
737075;07/12/2025;domingo;10:40:00;AC;364;134;RIO BRANCO;Desrespeitar a preferência no cruzamento;Colisão traseira;Com Vítimas Feridas;Pleno dia;Decrescente;Nublado;Dupla;Rotatória;Sim;2;0;1;0;1;0;1;2;-9,98683;-67,8454;SPRF-AC;DEL01-AC;UOP01-DEL01-AC
737076;07/12/2025;domingo;11:30:00;GO;251;18;CRISTALINA;Acessar a via sem observar a presença dos outros veículos;Colisão transversal;Com Vítimas Feridas;Pleno dia;Decrescente;Nublado;Simples;Interseção de Vias;Não;2;0;1;0;1;0;1;2;-16,180747;-47,469282;SPRF-DF;DEL01-DF;UOP01-DEL01-DF
737077;07/12/2025;domingo;10:00:00;AM;174;955;MANAUS;Ausência de reação do condutor;Saída de leito carroçável;Com Vítimas Feridas;Pleno dia;Decrescente;Céu Claro;Simples;Reta;Não;2;0;2;0;0;0;2;1;-2,34257;-60,04572;SPRF-AM;DEL01-AM;UOP01-DEL01-AM
737079;07/12/2025;domingo;12:40:00;RS;116;152,4;CAXIAS DO SUL;Reação tardia ou ineficiente do condutor;Tombamento;Com Vítimas Feridas;Pleno dia;Crescente;Sol;Dupla;Curva;Sim;2;0;1;0;0;1;1;2;-29,18416355;-51,17187023;SPRF-RS;DEL05-RS;UOP01-DEL05-RS
737080;07/12/2025;domingo;09:40:00;MG;381;713;CARMO DA CACHOEIRA;Ausência de reação do condutor;Saída de leito carroçável;Com Vítimas Feridas;Pleno dia;Crescente;Sol;Dupla;"Retorno Regulamentado;Curva";Não;1;0;1;0;0;0;1;1;-21,37423793;-45,19190535;SPRF-MG;DEL04-MG;UOP02-DEL04-MG
737081;07/12/2025;domingo;12:30:00;SP;116;118,9;TAUBATE;Trafegar com motocicleta (ou similar) entre as faixas;Colisão lateral mesmo sentido;Com Vítimas Feridas;Pleno dia;Decrescente;Sol;Dupla;Reta;Não;4;0;0;2;2;0;2;3;-23,06204338;-45,62416077;SPRF-SP;DEL02-SP;UOP02-DEL02-SP
737082;07/12/2025;domingo;11:55:00;SP;116;118;TAUBATE;Reação tardia ou ineficiente do condutor;Colisão traseira;Sem Vítimas;Pleno dia;Decrescente;Céu Claro;Dupla;Reta;Não;2;0;0;0;1;1;0;2;-23,06344326;-45,62780254;SPRF-SP;DEL02-SP;UOP02-DEL02-SP
737083;07/12/2025;domingo;13:50:00;RS;116;523,5;PELOTAS;Velocidade Incompatível;Tombamento;Com Vítimas Feridas;Pleno dia;Decrescente;Céu Claro;Múltipla;"Interseção de Vias;Viaduto;Curva";Sim;1;0;1;0;0;0;1;1;-31,726253;-52,383183;SPRF-RS;DEL07-RS;UOP01-DEL07-RS
737085;07/12/2025;domingo;12:20:00;PR;476;109;COLOMBO;Acessar a via sem observar a presença dos outros veículos;Colisão transversal;Com Vítimas Feridas;Pleno dia;Decrescente;Sol;Simples;Reta;Sim;3;0;1;0;2;0;1;2;-25,30797009;-49,143852;SPRF-PR;DEL01-PR;UOP01-DEL01-PR
737088;07/12/2025;domingo;11:00:00;SP;459;6;PIQUETE;Curva acentuada;Tombamento;Com Vítimas Feridas;Pleno dia;Crescente;Sol;Simples;"Declive;Curva";Não;2;0;2;0;0;0;2;1;-22,59130169;-45,18609837;SPRF-SP;DEL08-SP;UOP02-DEL08-SP
737090;07/12/2025;domingo;13:50:00;SC;101;357,9;SANGAO;Reação tardia ou ineficiente do condutor;Saída de leito carroçável;Com Vítimas Feridas;Pleno dia;Crescente;Céu Claro;Simples;Reta;Não;1;0;1;0;0;0;1;1;-28,65405087;-49,10779333;SPRF-SC;DEL02-SC;UOP01-DEL02-SC
737091;07/12/2025;domingo;13:50:00;SC;101;228,5;PALHOCA;Velocidade Incompatível;Colisão traseira;Com Vítimas Feridas;Pleno dia;Decrescente;Sol;Dupla;Reta;Sim;3;0;1;1;1;0;2;2;-27,76204785;-48,63054022;SPRF-SC;DEL01-SC;UOP02-DEL01-SC
737092;07/12/2025;domingo;13:40:00;GO;60;1,2;SANTO ANTONIO DO DESCOBERTO;Reação tardia ou ineficiente do condutor;Saída de leito carroçável;Com Vítimas Feridas;Pleno dia;Crescente;Chuva;Dupla;Curva;Não;1;0;1;0;0;0;1;1;-16,062577;-48,264547;SPRF-DF;DEL03-DF;UOP01-DEL03-DF
737093;07/12/2025;domingo;14:55:00;SP;381;67;MAIRIPORA;Reação tardia ou ineficiente do condutor;Colisão traseira;Com Vítimas Feridas;Pleno dia;Crescente;Céu Claro;Múltipla;Reta;Não;3;0;1;0;2;0;1;2;-23,33169005;-46,57723395;SPRF-SP;DEL03-SP;UOP01-DEL03-SP
737096;07/12/2025;domingo;13:30:00;PA;316;42;SANTA IZABEL DO PARA;Ausência de reação do condutor;Colisão traseira;Com Vítimas Feridas;Pleno dia;Crescente;Céu Claro;Dupla;Reta;Não;3;0;2;0;1;0;2;2;-1,27596082;-48,09732914;SPRF-PA;DEL01-PA;UOP01-DEL01-PA
737097;07/12/2025;domingo;14:20:00;SP;116;496,2;CAJATI;Avarias e/ou desgaste excessivo no pneu;Tombamento;Com Vítimas Feridas;Pleno dia;Crescente;Céu Claro;Dupla;Curva;Não;2;0;2;0;0;0;2;1;-24,75084301;-48,15241623;SPRF-SP;DEL05-SP;UOP01-DEL05-SP
737098;07/12/2025;domingo;14:40:00;RJ;101;521,5;ANGRA DOS REIS;Reação tardia ou ineficiente do condutor;Saída de leito carroçável;Com Vítimas Feridas;Pleno dia;Crescente;Sol;Simples;Retorno Regulamentado;Não;2;0;2;0;0;0;2;1;-23,00331549;-44,46131587;SPRF-RJ;DEL03-RJ;UOP03-DEL03-RJ
737099;07/12/2025;domingo;15:00:00;SP;116;81,6;ROSEIRA;Reação tardia ou ineficiente do condutor;Colisão traseira;Com Vítimas Feridas;Pleno dia;Crescente;Sol;Dupla;Reta;Não;6;0;2;0;3;1;2;2;-22,90775898;-45,31630862;SPRF-SP;DEL08-SP;UOP01-DEL08-SP
737102;07/12/2025;domingo;11:30:00;MG;365;173;BURITIZEIRO;Reação tardia ou ineficiente do condutor;Saída de leito carroçável;Com Vítimas Feridas;Pleno dia;Decrescente;Nublado;Simples;Curva;Não;1;0;1;0;0;0;1;1;-17,40301;-45,01287;SPRF-MG;DEL10-MG;UOP02-DEL010-MG
737103;07/12/2025;domingo;16:00:00;MG;267;67,6;BICAS;Condutor Dormindo;Saída de leito carroçável;Com Vítimas Feridas;Pleno dia;Decrescente;Céu Claro;Simples;Reta;Não;1;0;1;0;0;0;1;1;-21,73153609;-43,0823593;SPRF-MG;DEL05-MG;UOP01-DEL05-MG
737104;07/12/2025;domingo;10:40:00;GO;60;303;ACREUNA;Acumulo de areia ou detritos sobre o pavimento;Queda de ocupante de veículo;Com Vítimas Feridas;Pleno dia;Decrescente;Céu Claro;Simples;Retorno Regulamentado;Sim;1;0;1;0;0;0;1;1;-17,389257;-50,378222;SPRF-GO;DEL04-GO;UOP02-DEL04-GO
737105;07/12/2025;domingo;15:45:00;RS;287;248,7;SANTA MARIA;Ingestão de álcool pelo condutor;Colisão transversal;Com Vítimas Feridas;Pleno dia;Crescente;Céu Claro;Dupla;Rotatória;Sim;5;0;2;0;3;0;2;2;-29,694741;-53,858395;SPRF-RS;DEL09-RS;UOP01-DEL09-RS
737108;07/12/2025;domingo;16:00:00;RS;116;293;ELDORADO DO SUL;Ausência de reação do condutor;Tombamento;Com Vítimas Feridas;Pleno dia;Decrescente;Céu Claro;Dupla;Reta;Não;2;0;2;0;0;0;2;1;-30,05720849;-51,33705139;SPRF-RS;DEL02-RS;UOP01-DEL02-RS
737109;07/12/2025;domingo;16:00:00;RJ;493;115;ITAGUAI;Condutor Dormindo;Colisão com objeto;Com Vítimas Feridas;Pleno dia;Decrescente;Céu Claro;Dupla;Reta;Não;5;0;4;1;0;0;5;1;-22,8589104;-43,81168;SPRF-RJ;DEL03-RJ;UOP01-DEL03-RJ
737110;07/12/2025;domingo;14:20:00;ES;262;102;VENDA NOVA DO IMIGRANTE;Reação tardia ou ineficiente do condutor;Tombamento;Com Vítimas Feridas;Pleno dia;Crescente;Nublado;Simples;Curva;Não;1;0;1;0;0;0;1;1;-20,34907732;-41,1030234;SPRF-ES;DEL01-ES;UOP02-DEL01-ES
737111;07/12/2025;domingo;15:30:00;MG;381;485;BETIM;Manobra de mudança de faixa;Colisão lateral mesmo sentido;Com Vítimas Feridas;Pleno dia;Crescente;Céu Claro;Dupla;Reta;Sim;3;0;2;0;1;0;2;2;-19,95570622;-44,09612624;SPRF-MG;DEL01-MG;UOP03-DEL01-MG
737112;07/12/2025;domingo;15:40:00;GO;153;427,8;ANAPOLIS;Acessar a via sem observar a presença dos outros veículos;Colisão lateral mesmo sentido;Sem Vítimas;Pleno dia;Crescente;Nublado;Dupla;Reta;Sim;2;0;0;0;1;1;0;2;-16,25178531;-48,99566585;SPRF-GO;DEL02-GO;UOP01-DEL02-GO
737113;07/12/2025;domingo;15:54:00;SE;101;22;SAO FRANCISCO;Reação tardia ou ineficiente do condutor;Colisão com objeto;Com Vítimas Feridas;Pleno dia;Decrescente;Céu Claro;Dupla;Reta;Não;1;0;1;0;0;0;1;1;-10,34650436;-36,89794628;SPRF-SE;DEL02-SE;UOP02-DEL02-SE
737114;07/12/2025;domingo;16:00:00;BA;330;803;JEQUIE;Frear bruscamente;Colisão traseira;Com Vítimas Feridas;Pleno dia;Decrescente;Nublado;Simples;Declive;Não;9;0;3;0;6;0;3;3;-13,97011;-39,957592;SPRF-BA;DEL03-BA;UOP01-DEL03-BA
737115;07/12/2025;domingo;16:30:00;RS;386;344;LAJEADO;Ingestão de álcool pelo condutor;Saída de leito carroçável;Com Vítimas Fatais;Pleno dia;Crescente;Sol;Múltipla;"Curva;Declive";Sim;2;1;0;1;0;0;1;1;-29,43994751;-51,99303238;SPRF-RS;DEL04-RS;UOP01-DEL04-RS
737116;07/12/2025;domingo;16:10:00;SC;470;31,9;GASPAR;Ingestão de álcool pelo condutor;Colisão traseira;Com Vítimas Feridas;Pleno dia;Crescente;Céu Claro;Dupla;Reta;Não;5;0;4;0;1;0;4;2;-26,90115653;-48,93107772;SPRF-SC;DEL04-SC;UOP01-DEL04-SC
737117;07/12/2025;domingo;15:50:00;RN;226;48;BOM JESUS;Ingestão de álcool pelo condutor;Colisão traseira;Sem Vítimas;Pleno dia;Crescente;Céu Claro;Simples;Reta;Sim;2;0;0;0;2;0;0;2;-5,988292;-35,590673;SPRF-RN;DEL01-RN;UOP02-DEL01-RN
737118;07/12/2025;domingo;17:00:00;SC;470;29,9;GASPAR;Condutor deixou de manter distância do veículo da frente;Colisão traseira;Com Vítimas Feridas;Pleno dia;Crescente;Céu Claro;Dupla;Curva;Não;5;0;2;0;3;0;2;2;-26,89329148;-48,91426563;SPRF-SC;DEL04-SC;UOP01-DEL04-SC
737119;07/12/2025;domingo;16:29:00;TO;10;429;PALMAS;Reação tardia ou ineficiente do condutor;Saída de leito carroçável;Com Vítimas Feridas;Pleno dia;Crescente;Céu Claro;Simples;Reta;Não;1;0;1;0;0;0;1;1;-10,398464;-48,3035;SPRF-TO;DEL01-TO;UOP03-DEL01-TO
737120;07/12/2025;domingo;16:45:00;SC;101;225;PALHOCA;Condutor deixou de manter distância do veículo da frente;Colisão traseira;Com Vítimas Feridas;Pleno dia;Decrescente;Céu Claro;Dupla;Reta;Não;2;0;0;1;1;0;1;2;-27,7369866;-48,639662;SPRF-SC;DEL01-SC;UOP02-DEL01-SC
737121;07/12/2025;domingo;16:30:00;RJ;101;422;MANGARATIBA;Ausência de reação do condutor;Colisão traseira;Com Vítimas Feridas;Pleno dia;Decrescente;Céu Claro;Simples;Declive;Não;2;0;1;0;1;0;1;2;-22,9349476;-43,9992076;SPRF-RJ;DEL03-RJ;UOP02-DEL03-RJ
737122;07/12/2025;domingo;17:15:00;GO;60;79;ANAPOLIS;Ingestão de álcool pelo condutor;Colisão traseira;Com Vítimas Feridas;Pleno dia;Crescente;Nublado;Dupla;Reta;Sim;3;0;1;0;1;1;1;2;-16,300503;-48,812515;SPRF-GO;DEL02-GO;UOP01-DEL02-GO
737123;07/12/2025;domingo;17:00:00;MG;40;550,8;NOVA LIMA;Ingestão de álcool pelo condutor;Colisão traseira;Sem Vítimas;Pleno dia;Crescente;Nublado;Dupla;Reta;Sim;2;0;0;0;2;0;0;2;-20,04974647;-43,96646976;SPRF-MG;DEL01-MG;UOP02-DEL01-MG
737124;05/12/2025;sexta-feira;19:25:00;GO;40;12,3;LUZIANIA;Ingestão de álcool pelo condutor;Colisão traseira;Sem Vítimas;Plena Noite;Crescente;Chuva;Dupla;Reta;Sim;3;0;0;0;3;0;0;2;-16,147911;-47,942875;SPRF-DF;DEL01-DF;UOP01-DEL01-DF
737125;07/12/2025;domingo;16:30:00;PE;232;407;SERRA TALHADA;Ausência de reação do condutor;Tombamento;Com Vítimas Feridas;Pleno dia;Crescente;Céu Claro;Simples;"Retorno Regulamentado;Reta;Interseção de Vias";Não;1;0;1;0;0;0;1;1;-7,984815;-38,275052;SPRF-PE;DEL04-PE;UOP01-DEL04-PE
737126;07/12/2025;domingo;11:15:00;GO;153;584;PROFESSOR JAMIL;Acumulo de água sobre o pavimento;Saída de leito carroçável;Com Vítimas Feridas;Pleno dia;Crescente;Chuva;Dupla;Reta;Não;2;0;1;0;1;0;1;2;-17,402915;-49,223675;SPRF-GO;DEL03-GO;UOP01-DEL03-GO
737128;06/12/2025;sábado;22:30:00;RJ;40;119;DUQUE DE CAXIAS;Acessar a via sem observar a presença dos outros veículos;Colisão transversal;Com Vítimas Feridas;Plena Noite;Decrescente;Céu Claro;Múltipla;Reta;Sim;3;0;0;1;1;1;1;2;-22,77262473;-43,28592394;SPRF-RJ;DEL01-RJ;UOP02-DEL01-RJ
737130;07/12/2025;domingo;17:20:00;MG;262;350;BETIM;Ausência de reação do condutor;Saída de leito carroçável;Com Vítimas Feridas;Pleno dia;Decrescente;Céu Claro;Dupla;Reta;Não;1;0;0;1;0;0;1;1;-19,97860678;-44,21984045;SPRF-MG;DEL01-MG;UOP03-DEL01-MG
737131;07/12/2025;domingo;11:20:00;BA;101;745;ITABELA;Acessar a via sem observar a presença dos outros veículos;Colisão transversal;Com Vítimas Feridas;Pleno dia;Crescente;Céu Claro;Simples;Reta;Sim;2;0;0;2;0;0;2;2;-16,57477;-39,558292;SPRF-BA;DEL09-BA;UOP01-DEL09-BA
737132;07/12/2025;domingo;16:10:00;GO;153;530;HIDROLANDIA;Pedestre - Ingestão de álcool/ substâncias psicoativas;Atropelamento de Pedestre;Com Vítimas Feridas;Pleno dia;Decrescente;Chuva;Dupla;Reta;Sim;5;0;1;2;2;0;3;2;-16,97011405;-49,23248291;SPRF-GO;DEL01-GO;UOP03-DEL01-GO
737133;07/12/2025;domingo;17:30:00;PE;101;65,6;RECIFE;Área urbana sem a presença de local apropriado para a travessia de pedestres;Atropelamento de Pedestre;Com Vítimas Feridas;Anoitecer;Crescente;Céu Claro;Dupla;Reta;Sim;3;0;3;0;0;0;3;2;-8,03;-34,94299;SPRF-PE;DEL01-PE;UOP01-DEL01-PE
737136;17/10/2025;sexta-feira;06:10:00;PR;376;597;CURITIBA;Reação tardia ou ineficiente do condutor;Tombamento;Com Vítimas Feridas;Pleno dia;Crescente;Ignorado;Dupla;Reta;Sim;1;0;1;0;0;0;1;1;-25,482468;-49,348362;SPRF-PR;DEL01-PR;UOP03-DEL01-PR
737137;07/12/2025;domingo;18:15:00;RS;116;270;PORTO ALEGRE;Afundamento ou ondulação no pavimento;Colisão lateral mesmo sentido;Com Vítimas Feridas;Pleno dia;Decrescente;Céu Claro;Simples;Curva;Não;2;0;1;0;1;0;1;2;-29,96906147;-51,17645101;SPRF-RS;DEL01-RS;UOP01-DEL01-RS