id;data_inversa;dia_semana;horario;uf;br;km;municipio;causa_acidente;tipo_acidente;classificacao_acidente;fase_dia;sentido_via;condicao_metereologica;tipo_pista;tracado_via;uso_solo;pessoas;mortos;feridos_leves;feridos_graves;ilesos;ignorados;feridos;veiculos;latitude;longitude;regional;delegacia;uop
737241;08/12/2025;segunda-feira;03:00:00;RS;116;243;SAO LEOPOLDO;Ausência de reação do condutor;Colisão com objeto;Sem Vítimas;Pleno dia;Decrescente;Céu Claro;Dupla;Viaduto;Sim;2;0;0;0;2;0;0;1;-29,730481;-51,1488166;SPRF-RS;DEL01-RS;UOP02-DEL01-RS
737245;08/12/2025;segunda-feira;02:30:00;PR;373;203,9;IPIRANGA;Ingestão de álcool pelo condutor;Saída de leito carroçável;Sem Vítimas;Plena Noite;Decrescente;Céu Claro;Dupla;Reta;Não;2;0;0;0;2;0;0;1;-25,10125416;-50,4234454;SPRF-PR;DEL03-PR;UOP01-DEL03-PR
737246;08/12/2025;segunda-feira;02:00:00;MT;364;447;VARZEA GRANDE;Ingestão de álcool pelo condutor;Saída de leito carroçável;Sem Vítimas;Plena Noite;Decrescente;Chuva;Simples;Reta;Não;1;0;0;0;1;0;0;1;-15,57125833;-56,25097;SPRF-MT;DEL01-MT;UOP02-DEL01-MT
737247;08/12/2025;segunda-feira;03:40:00;MA;316;266,6;SANTA INES;Ingestão de álcool pelo condutor;Colisão com objeto;Com Vítimas Feridas;Plena Noite;Decrescente;Céu Claro;Simples;Reta;Não;1;0;1;0;0;0;1;1;-3,684197;-45,343186;SPRF-MA;DEL02-MA;UOP01-DEL02-MA
737248;08/12/2025;segunda-feira;04:35:00;AL;104;68,8;MURICI;Condutor Dormindo;Saída de leito carroçável;Sem Vítimas;Amanhecer;Crescente;Céu Claro;Simples;Ponte;Não;1;0;0;0;0;1;0;1;-9,354917;-35,872737;SPRF-AL;DEL01-AL;UOP02-DEL01-AL
737249;07/12/2025;domingo;23:00:00;RN;110;45;MOSSORO;Acessar a via sem observar a presença dos outros veículos;Colisão transversal;Com Vítimas Feridas;Plena Noite;Decrescente;Céu Claro;Simples;Reta;Sim;2;0;1;0;0;1;1;2;-5,193;-37,311;SPRF-RN;DEL04-RN;UOP01-DEL04-RN
737250;08/12/2025;segunda-feira;02:10:00;MA;10;149;PORTO FRANCO;Pedestre andava na pista;Atropelamento de Pedestre;Com Vítimas Fatais;Plena Noite;Decrescente;Nublado;Simples;Reta;Não;2;1;1;0;0;0;1;2;-6,411742;-47,393012;SPRF-MA;DEL04-MA;UOP02-DEL04-MA
737251;08/12/2025;segunda-feira;05:00:00;PB;230;495;CAJAZEIRAS;Transitar no Acostamento;Saída de leito carroçável;Com Vítimas Feridas;Pleno dia;Decrescente;Céu Claro;Simples;Reta;Não;1;0;1;0;0;0;1;1;-6,891029;-38,480699;SPRF-PB;DEL03-PB;UOP03-DEL03-PB
737252;07/12/2025;domingo;18:34:00;BA;410;14;TUCANO;Deficiência do Sistema de Iluminação/Sinalização;Colisão traseira;Com Vítimas Feridas;Plena Noite;Decrescente;Céu Claro;Simples;Reta;Não;2;0;2;0;0;0;2;2;-10,8823385;-38,6453838;SPRF-BA;DEL07-BA;UOP02-DEL07-BA
737254;08/12/2025;segunda-feira;06:10:00;RJ;116;178;NOVA IGUACU;Ultrapassagem Indevida;Colisão lateral mesmo sentido;Com Vítimas Feridas;Pleno dia;Decrescente;Céu Claro;Dupla;Reta;Sim;3;0;1;0;2;0;1;3;-22,76239596;-43,42375696;SPRF-RJ;DEL06-RJ;UOP01-DEL06-RJ
737255;08/12/2025;segunda-feira;06:40:00;RS;392;72,4;PELOTAS;Ausência de reação do condutor;Colisão com objeto;Com Vítimas Feridas;Pleno dia;Crescente;Nublado;Simples;"Retorno Regulamentado;Reta;Interseção de Vias";Sim;1;0;1;0;0;0;1;1;-31,718242;-52,391693;SPRF-RS;DEL07-RS;UOP01-DEL07-RS
737256;08/12/2025;segunda-feira;05:40:00;RJ;116;177;SAO JOAO DE MERITI;Ausência de reação do condutor;Colisão lateral mesmo sentido;Com Vítimas Feridas;Amanhecer;Decrescente;Céu Claro;Múltipla;Reta;Sim;2;0;1;0;1;0;1;2;-22,78212569;-43,38824686;SPRF-RJ;DEL06-RJ;UOP01-DEL06-RJ
737257;08/12/2025;segunda-feira;06:50:00;PE;428;189,3;PETROLINA;Acessar a via sem observar a presença dos outros veículos;Colisão lateral mesmo sentido;Com Vítimas Feridas;Pleno dia;Crescente;Céu Claro;Múltipla;Interseção de Vias;Sim;2;0;1;0;1;0;1;2;-9,377465;-40,5022383;SPRF-PE;DEL06-PE;UOP01-DEL06-PE
737258;08/12/2025;segunda-feira;07:00:00;RS;470;227;GARIBALDI;Condutor deixou de manter distância do veículo da frente;Colisão lateral mesmo sentido;Com Vítimas Feridas;Pleno dia;Crescente;Céu Claro;Simples;Reta;Sim;2;0;1;0;0;1;1;2;-29,25958282;-51,50842879;SPRF-RS;DEL06-RS;UOP01-DEL06-RS
737260;08/12/2025;segunda-feira;06:30:00;MG;40;172;JOAO PINHEIRO;Acumulo de água sobre o pavimento;Saída de leito carroçável;Com Vítimas Feridas;Amanhecer;Crescente;Chuva;Simples;Reta;Não;3;0;2;0;1;0;2;1;-17,966;-46,0049;SPRF-MG;DEL14-MG;UOP02-DEL14-MG
737261;08/12/2025;segunda-feira;05:15:00;RS;290;308,6;CACHOEIRA DO SUL;Animais na Pista;Atropelamento de Animal;Com Vítimas Feridas;Amanhecer;Decrescente;Céu Claro;Simples;Reta;Não;1;0;0;1;0;0;1;1;-30,335816;-53,289324;SPRF-RS;DEL09-RS;UOP02-DEL09-RS
737263;08/12/2025;segunda-feira;02:50:00;MA;316;5,4;BOA VISTA DO GURUPI;Transitar na contramão;Colisão frontal;Com Vítimas Fatais;Plena Noite;Decrescente;Céu Claro;Simples;Reta;Não;2;1;0;0;1;0;0;2;-1,781068;-46,278015;SPRF-MA;DEL02-MA;UOP02-DEL02-MA
737264;08/12/2025;segunda-feira;07:15:00;ES;101;204,7;JOAO NEIVA;Acessar a via sem observar a presença dos outros veículos;Colisão transversal;Com Vítimas Feridas;Pleno dia;Decrescente;Sol;Simples;Rotatória;Sim;2;0;1;0;1;0;1;2;-19,75567866;-40,37995845;SPRF-ES;DEL02-ES;UOP01-DEL02-ES
737265;08/12/2025;segunda-feira;07:00:00;RJ;116;190;NOVA IGUACU;Trafegar com motocicleta (ou similar) entre as faixas;Colisão lateral mesmo sentido;Com Vítimas Feridas;Pleno dia;Decrescente;Céu Claro;Múltipla;Reta;Sim;2;0;1;0;0;1;1;2;-22,73945655;-43,53126526;SPRF-RJ;DEL06-RJ;UOP01-DEL06-RJ
737266;08/12/2025;segunda-feira;08:00:00;SC;101;199,2;SAO JOSE;Reação tardia ou ineficiente do condutor;Colisão lateral mesmo sentido;Com Vítimas Feridas;Pleno dia;Crescente;Nublado;Múltipla;Reta;Sim;3;0;1;0;1;1;1;3;-27,53784279;-48,62597108;SPRF-SC;DEL01-SC;UOP01-DEL01-SC
737267;08/12/2025;segunda-feira;07:40:00;ES;101;289,7;CARIACICA;Manobra de mudança de faixa;Colisão traseira;Com Vítimas Feridas;Pleno dia;Crescente;Céu Claro;Dupla;"Reta;Aclive";Não;2;0;1;0;1;0;1;2;-20,28418637;-40,39286321;SPRF-ES;DEL01-ES;UOP01-DEL01-ES
737269;02/12/2025;terça-feira;20:40:00;SC;163;89,8;GUARACIABA;Velocidade Incompatível;Tombamento;Sem Vítimas;Plena Noite;Crescente;Céu Claro;Simples;"Interseção de Vias;Rotatória";Não;1;0;0;0;0;1;0;1;-26,56580059;-53,509607;SPRF-SC;DEL07-SC;UOP03-DEL07-SC
737271;08/12/2025;segunda-feira;08:10:00;SP;116;108,2;TAUBATE;Reação tardia ou ineficiente do condutor;Colisão traseira;Com Vítimas Feridas;Pleno dia;Crescente;Céu Claro;Dupla;Reta;Sim;3;0;1;0;1;1;1;2;-23,02918735;-45,54519653;SPRF-SP;DEL02-SP;UOP02-DEL02-SP
737272;08/12/2025;segunda-feira;07:21:00;RO;364;695;PORTO VELHO;Velocidade Incompatível;Capotamento;Com Vítimas Feridas;Pleno dia;Decrescente;Céu Claro;Dupla;Reta;Não;1;0;1;0;0;0;1;1;-8,80052756;-63,72476625;SPRF-RO;DEL01-RO;UOP01-DEL01-RO
737273;08/12/2025;segunda-feira;08:00:00;RJ;40;114;DUQUE DE CAXIAS;Trafegar com motocicleta (ou similar) entre as faixas;Tombamento;Com Vítimas Feridas;Pleno dia;Crescente;Céu Claro;Múltipla;Reta;Não;2;0;1;0;0;1;1;2;-22,71993166;-43,28982105;SPRF-RJ;DEL01-RJ;UOP02-DEL01-RJ
737274;08/12/2025;segunda-feira;08:20:00;SC;282;4,5;SAO JOSE;Ausência de reação do condutor;Colisão lateral mesmo sentido;Com Vítimas Feridas;Pleno dia;Decrescente;Céu Claro;Dupla;Reta;Sim;2;0;0;1;1;0;1;2;-27,59051;-48,60882;SPRF-SC;DEL01-SC;UOP01-DEL01-SC
737275;08/12/2025;segunda-feira;07:00:00;GO;60;98;ANAPOLIS;Demais falhas mecânicas ou elétricas;Incêndio;Sem Vítimas;Pleno dia;Crescente;Chuva;Dupla;Curva;Sim;2;0;0;0;2;0;0;1;-16,380925;-48,952132;SPRF-GO;DEL02-GO;UOP01-DEL02-GO
737276;08/12/2025;segunda-feira;01:40:00;MS;163;108;ITAQUIRAI;Avarias e/ou desgaste excessivo no pneu;Saída de leito carroçável;Com Vítimas Feridas;Plena Noite;Decrescente;Céu Claro;Dupla;Reta;Não;2;0;1;0;0;1;1;2;-23,212022;-54,210344;SPRF-MS;DEL09-MS;UOP01-DEL09-MS
737277;08/12/2025;segunda-feira;08:30:00;SP;116;230,3;SAO PAULO;Manobra de mudança de faixa;Colisão traseira;Com Vítimas Feridas;Pleno dia;Crescente;Céu Claro;Múltipla;Reta;Sim;3;0;1;0;2;0;1;3;-23,51798897;-46,58157561;SPRF-SP;DEL01-SP;UOP01-DEL01-SP
737278;08/12/2025;segunda-feira;05:50:00;GO;40;2;VALPARAISO DE GOIAS;Manobra de mudança de faixa;Colisão traseira;Sem Vítimas;Pleno dia;Decrescente;Céu Claro;Dupla;Reta;Sim;2;0;0;0;2;0;0;2;-16,072967;-47,984792;SPRF-DF;DEL01-DF;UOP01-DEL01-DF
737280;08/12/2025;segunda-feira;08:30:00;SE;235;5;NOSSA SENHORA DO SOCORRO;Condutor deixou de manter distância do veículo da frente;Colisão lateral mesmo sentido;Sem Vítimas;Pleno dia;Crescente;Céu Claro;Dupla;Declive;Não;2;0;0;0;2;0;0;2;-10,90504;-37,1230325;SPRF-SE;DEL01-SE;UOP01-DEL01-SE
737281;08/12/2025;segunda-feira;08:10:00;MG;262;36,5;MANHUACU;Acessar a via sem observar a presença dos outros veículos;Colisão transversal;Com Vítimas Feridas;Pleno dia;Crescente;Céu Claro;Simples;Reta;Não;2;0;0;1;1;0;1;2;-20,267425;-42,037726;SPRF-MG;DEL06-MG;UOP03-DEL06-MG
737283;08/12/2025;segunda-feira;08:00:00;PE;424;95;GARANHUNS;Acessar a via sem observar a presença dos outros veículos;Colisão transversal;Com Vítimas Feridas;Pleno dia;Crescente;Céu Claro;Simples;Reta;Não;2;0;1;0;1;0;1;2;-8,911395;-36,4877867;SPRF-PE;DEL03-PE;UOP01-DEL03-PE
737285;08/12/2025;segunda-feira;08:50:00;SC;280;28;ARAQUARI;Acessar a via sem observar a presença dos outros veículos;Colisão transversal;Com Vítimas Feridas;Pleno dia;Crescente;Nublado;Simples;"Reta;Interseção de Vias";Sim;2;0;0;1;1;0;1;2;-26,4096729;-48,7514001;SPRF-SC;DEL03-SC;UOP03-DEL03-SC
737286;08/12/2025;segunda-feira;08:50:00;PI;343;340;TERESINA;Condutor Dormindo;Saída de leito carroçável;Com Vítimas Feridas;Pleno dia;Crescente;Céu Claro;Múltipla;Reta;Sim;1;0;1;0;0;0;1;1;-5,075823;-42,738785;SPRF-PI;DEL01-PI;UOP01-DEL01-PI
737287;08/12/2025;segunda-feira;09:25:00;SC;101;152,3;ITAPEMA;Condutor deixou de manter distância do veículo da frente;Colisão traseira;Com Vítimas Feridas;Pleno dia;Crescente;Céu Claro;Dupla;Reta;Não;2;0;2;0;0;0;2;2;-27,13602809;-48,6097692;SPRF-SC;DEL04-SC;UOP03-DEL04-SC
737289;08/12/2025;segunda-feira;04:40:00;BA;330;789,5;JEQUIE;Velocidade Incompatível;Colisão frontal;Com Vítimas Fatais;Amanhecer;Crescente;Céu Claro;Simples;Curva;Sim;3;1;2;0;0;0;2;2;-13,871557;-40,049667;SPRF-BA;DEL03-BA;UOP01-DEL03-BA
737290;08/12/2025;segunda-feira;04:30:00;MS;267;179;NOVA ALVORADA DO SUL;Condutor Dormindo;Saída de leito carroçável;Com Vítimas Feridas;Amanhecer;Crescente;Garoa/Chuvisco;Simples;Reta;Não;1;0;0;1;0;0;1;1;-21,611633;-53,743991;SPRF-MS;DEL02-MS;UOP03-DEL02-MS
737291;08/12/2025;segunda-feira;08:59:00;TO;153;335;GUARAI;Acessar a via sem observar a presença dos outros veículos;Colisão transversal;Com Vítimas Feridas;Pleno dia;Crescente;Nublado;Simples;"Interseção de Vias;Reta";Sim;3;0;2;0;1;0;2;2;-8,847619;-48,510205;SPRF-TO;DEL02-TO;UOP02-DEL02-TO
737292;08/12/2025;segunda-feira;08:15:00;RJ;116;145;DUQUE DE CAXIAS;Acessar a via sem observar a presença dos outros veículos;Colisão transversal;Com Vítimas Feridas;Pleno dia;Crescente;Céu Claro;Dupla;Reta;Não;3;0;0;1;2;0;1;3;-22,66082883;-43,25312018;SPRF-RJ;DEL01-RJ;UOP02-DEL01-RJ
737295;08/12/2025;segunda-feira;09:10:00;RJ;101;297;ITABORAI;Ausência de reação do condutor;Colisão traseira;Com Vítimas Feridas;Pleno dia;Crescente;Céu Claro;Dupla;Reta;Sim;3;0;1;0;2;0;1;2;-22,77410906;-42,93177545;SPRF-RJ;DEL02-RJ;UOP02-DEL02-RJ
737299;08/12/2025;segunda-feira;09:40:00;ES;101;7,6;SERRA;Condutor Dormindo;Colisão com objeto;Com Vítimas Feridas;Pleno dia;Crescente;Céu Claro;Dupla;Reta;Não;2;0;0;1;1;0;1;1;-20,12142;-40,34232;SPRF-ES;DEL02-ES;UOP01-DEL02-ES
737302;08/12/2025;segunda-feira;10:30:00;RS;290;103;PORTO ALEGRE;Pedestre andava na pista;Atropelamento de Pedestre;Com Vítimas Feridas;Pleno dia;Crescente;Nublado;Dupla;Reta;Não;2;0;0;1;1;0;1;2;-29,98844428;-51,26109531;SPRF-RS;DEL01-RS;UOP01-DEL01-RS
737303;08/12/2025;segunda-feira;09:00:00;RJ;101;297;ITABORAI;Ausência de reação do condutor;Colisão traseira;Com Vítimas Feridas;Pleno dia;Crescente;Sol;Dupla;Declive;Sim;2;0;1;0;1;0;1;2;-22,77016689;-42,92289734;SPRF-RJ;DEL02-RJ;UOP02-DEL02-RJ
737304;07/12/2025;domingo;22:15:00;RJ;0;0;RIO DE JANEIRO;Ausência de sinalização;Colisão com objeto;Sem Vítimas;Plena Noite;Não Informado;Céu Claro;Simples;Curva;Sim;3;0;0;0;3;0;0;1;-22,95264;-43,39042;SPRF-RJ;DEL01-RJ;N/A
737306;08/12/2025;segunda-feira;08:20:00;SC;101;44;JOINVILLE;Transitar na contramão;Colisão lateral sentido oposto;Com Vítimas Feridas;Pleno dia;Crescente;Céu Claro;Simples;Reta;Não;2;0;0;1;1;0;1;2;-26,34100868;-48,85889947;SPRF-SC;DEL03-SC;UOP01-DEL03-SC
737307;08/12/2025;segunda-feira;10:54:00;MG;381;500;BETIM;Manobra de mudança de faixa;Colisão traseira;Com Vítimas Feridas;Pleno dia;Decrescente;Chuva;Dupla;"Reta;Declive";Sim;5;0;2;0;3;0;2;2;-20,008386;-44,216642;SPRF-MG;DEL01-MG;UOP03-DEL01-MG
737309;08/12/2025;segunda-feira;11:10:00;ES;101;269;SERRA;Manobra de mudança de faixa;Colisão lateral mesmo sentido;Com Vítimas Feridas;Pleno dia;Crescente;Céu Claro;Dupla;Reta;Sim;3;0;0;1;1;1;1;3;-20,22393;-40,27055;SPRF-ES;DEL02-ES;UOP01-DEL02-ES
737311;08/12/2025;segunda-feira;06:50:00;AC;317;116;CAPIXABA;Curva acentuada;Queda de ocupante de veículo;Com Vítimas Feridas;Pleno dia;Decrescente;Céu Claro;Simples;Curva;Não;1;0;0;1;0;0;1;1;-10,361332;-67,685158;SPRF-AC;DEL01-AC;UOP02-DEL01-AC
737312;08/12/2025;segunda-feira;11:00:00;ES;101;290,5;CARIACICA;Manobra de mudança de faixa;Colisão transversal;Com Vítimas Feridas;Pleno dia;Decrescente;Céu Claro;Dupla;Retorno Regulamentado;Não;4;0;1;0;1;2;1;3;-20,29504551;-40,39338112;SPRF-ES;DEL01-ES;UOP01-DEL01-ES
737313;14/11/2025;sexta-feira;23:00:00;RJ;116;197;QUEIMADOS;Acesso irregular;Colisão frontal;Com Vítimas Feridas;Plena Noite;Crescente;Céu Claro;Dupla;Reta;Sim;2;0;1;0;1;0;1;2;-22,7295182;-43,5695179;SPRF-RJ;DEL06-RJ;UOP02-DEL06-RJ
737315;08/12/2025;segunda-feira;11:30:00;SC;101;201,5;SAO JOSE;Acumulo de óleo sobre o pavimento;Tombamento;Com Vítimas Feridas;Pleno dia;Crescente;Céu Claro;Múltipla;Interseção de Vias;Sim;2;0;2;0;0;0;2;1;-27,55348157;-48,61978054;SPRF-SC;DEL01-SC;UOP01-DEL01-SC
737317;08/12/2025;segunda-feira;11:10:00;PR;116;117;CURITIBA;Reação tardia ou ineficiente do condutor;Colisão traseira;Com Vítimas Feridas;Pleno dia;Crescente;Céu Claro;Dupla;"Reta;Declive";Sim;4;0;1;0;3;0;1;2;-25,560193;-49,307612;SPRF-PR;DEL01-PR;UOP03-DEL01-PR
737318;08/12/2025;segunda-feira;09:40:00;MS;158;36,5;PARANAIBA;Ausência de reação do condutor;Tombamento;Com Vítimas Feridas;Pleno dia;Decrescente;Garoa/Chuvisco;Simples;"Reta;Em Obras;Desvio Temporário";Não;1;0;1;0;0;0;1;1;-19,282812;-51,484128;SPRF-MS;DEL08-MS;UOP01-DEL08-MS
737319;08/12/2025;segunda-feira;11:30:00;BA;324;513;FEIRA DE SANTANA;Condutor deixou de manter distância do veículo da frente;Colisão traseira;Com Vítimas Feridas;Pleno dia;Decrescente;Céu Claro;Simples;Reta;Sim;3;0;2;0;1;0;2;2;-12,2312;-38,95662;SPRF-BA;DEL02-BA;UOP01-DEL02-BA
737321;08/12/2025;segunda-feira;11:40:00;DF;20;15;BRASILIA;Trafegar com motocicleta (ou similar) entre as faixas;Queda de ocupante de veículo;Com Vítimas Feridas;Pleno dia;Crescente;Chuva;Dupla;"Reta;Declive";Sim;2;0;2;0;0;0;2;1;-15,6256033;-47,72444487;SPRF-DF;DEL02-DF;UOP01-DEL02-DF
737323;08/12/2025;segunda-feira;11:35:00;SC;101;436,7;SOMBRIO;Desrespeitar a preferência no cruzamento;Colisão transversal;Com Vítimas Feridas;Pleno dia;Crescente;Céu Claro;Simples;Interseção de Vias;Não;2;0;1;0;1;0;1;2;-29,12121753;-49,64320421;SPRF-SC;DEL02-SC;UOP02-DEL02-SC
737325;08/12/2025;segunda-feira;12:30:00;RJ;495;2;TERESOPOLIS;Conversão proibida;Colisão lateral mesmo sentido;Com Vítimas Feridas;Pleno dia;Crescente;Céu Claro;Simples;Reta;Sim;2;0;1;0;0;1;1;2;-22,400148;-42,981874;SPRF-RJ;DEL04-RJ;UOP01-DEL04-RJ
737326;08/12/2025;segunda-feira;11:40:00;RJ;465;20;NOVA IGUACU;Manobra de mudança de faixa;Colisão lateral mesmo sentido;Com Vítimas Feridas;Pleno dia;Decrescente;Céu Claro;Simples;Reta;Sim;3;0;1;0;1;1;1;3;-22,845005;-43,60688;SPRF-RJ;DEL06-RJ;UOP02-DEL06-RJ
737329;08/12/2025;segunda-feira;11:30:00;GO;60;30;ALEXANIA;Acessar a via sem observar a presença dos outros veículos;Colisão transversal;Com Vítimas Feridas;Pleno dia;Decrescente;Chuva;Dupla;Reta;Sim;3;0;0;1;1;1;1;3;-16,092302;-48,493922;SPRF-DF;DEL03-DF;UOP01-DEL03-DF
737330;08/12/2025;segunda-feira;14:50:00;SP;116;227;GUARULHOS;Ausência de reação do condutor;Tombamento;Com Vítimas Feridas;Pleno dia;Decrescente;Chuva;Múltipla;"Reta;Aclive";Sim;1;0;1;0;0;0;1;1;-23,4947425;-46,55407166;SPRF-SP;DEL01-SP;UOP01-DEL01-SP
737337;08/12/2025;segunda-feira;13:02:00;MG;40;334;FELIXLANDIA;Reação tardia ou ineficiente do condutor;Saída de leito carroçável;Com Vítimas Feridas;Pleno dia;Crescente;Nublado;Simples;Reta;Não;3;0;1;0;2;0;1;1;-18,6153;-45,0078;SPRF-MG;DEL14-MG;UOP02-DEL14-MG
737338;08/12/2025;segunda-feira;07:10:00;BA;116;803;VITORIA DA CONQUISTA;Condutor deixou de manter distância do veículo da frente;Colisão traseira;Com Vítimas Feridas;Pleno dia;Crescente;Céu Claro;Simples;Reta;Não;2;0;1;0;1;0;1;2;-14,760769;-40,698294;SPRF-BA;DEL08-BA;UOP02-DEL08-BA
737340;08/12/2025;segunda-feira;13:00:00;PE;104;19,1;TAQUARITINGA DO NORTE;Conversão proibida;Colisão lateral mesmo sentido;Com Vítimas Feridas;Pleno dia;Decrescente;Céu Claro;Dupla;Reta;Não;2;0;0;1;1;0;1;2;-7,94928;-36,12802;SPRF-PE;DEL02-PE;UOP01-DEL02-PE
737341;08/12/2025;segunda-feira;14:10:00;MG;381;671,3;PERDOES;Velocidade Incompatível;Saída de leito carroçável;Com Vítimas Feridas;Pleno dia;Crescente;Chuva;Dupla;"Curva;Declive";Não;2;0;1;0;1;0;1;1;-21,065731;-45,052555;SPRF-MG;DEL04-MG;UOP02-DEL04-MG
737342;08/12/2025;segunda-feira;11:10:00;BA;324;410;NOVA FATIMA;Reação tardia ou ineficiente do condutor;Capotamento;Com Vítimas Feridas;Pleno dia;Decrescente;Sol;Simples;Reta;Não;1;0;0;1;0;0;1;1;-11,64977058;-39,58527375;SPRF-BA;DEL04-BA;UOP02-DEL04-BA
737346;08/12/2025;segunda-feira;13:35:00;ES;101;46,8;SAO MATEUS;Reação tardia ou ineficiente do condutor;Colisão com objeto;Com Vítimas Feridas;Pleno dia;Crescente;Céu Claro;Simples;Reta;Não;1;0;1;0;0;0;1;1;-18,66925107;-39,86730069;SPRF-ES;DEL04-ES;UOP02-DEL04-ES
737347;08/12/2025;segunda-feira;13:30:00;MG;153;221;FRUTAL;Chuva;Saída de leito carroçável;Com Vítimas Feridas;Pleno dia;Decrescente;Chuva;Simples;Reta;Não;1;0;1;0;0;0;1;1;-20,12186927;-49,10373688;SPRF-MG;DEL13-MG;UOP02-DEL13-MG
737348;08/12/2025;segunda-feira;13:00:00;RN;226;145,4;CURRAIS NOVOS;Ausência de reação do condutor;Colisão traseira;Sem Vítimas;Pleno dia;Decrescente;Céu Claro;Simples;Reta;Não;3;0;0;0;3;0;0;3;-6,19755766;-36,26792908;SPRF-RN;DEL03-RN;UOP02-DEL03-RN
737350;08/12/2025;segunda-feira;13:15:00;PE;232;27;MORENO;Condutor usando celular;Colisão traseira;Com Vítimas Feridas;Pleno dia;Crescente;Céu Claro;Dupla;Curva;Não;2;0;0;1;1;0;1;2;-8,114124;-35,1276141;SPRF-PE;DEL02-PE;UOP02-DEL02PE
737351;08/12/2025;segunda-feira;11:45:00;MG;381;557;ITAGUARA;Chuva;Saída de leito carroçável;Com Vítimas Feridas;Pleno dia;Crescente;Chuva;Dupla;"Declive;Reta";Não;2;0;0;1;1;0;1;1;-20,30736642;-44,4482681;SPRF-MG;DEL04-MG;UOP03-DEL04-MG
737353;08/12/2025;segunda-feira;13:45:00;PB;101;90;JOAO PESSOA;Acessar a via sem observar a presença dos outros veículos;Colisão lateral mesmo sentido;Com Vítimas Feridas;Pleno dia;Crescente;Céu Claro;Dupla;Reta;Não;2;0;1;0;1;0;1;2;-7,181303;-34,900852;SPRF-PB;DEL01-PB;UOP01-DEL01-PB
737354;08/12/2025;segunda-feira;14:20:00;SC;101;339,4;TUBARAO;Ausência de reação do condutor;Colisão traseira;Com Vítimas Feridas;Pleno dia;Decrescente;Céu Claro;Múltipla;Viaduto;Sim;2;0;1;0;1;0;1;2;-28,507431;-49,049758;SPRF-SC;DEL02-SC;UOP01-DEL02-SC
737355;08/12/2025;segunda-feira;10:00:00;BA;101;697;EUNAPOLIS;Velocidade Incompatível;Colisão traseira;Com Vítimas Feridas;Pleno dia;Crescente;Céu Claro;Simples;"Declive;Reta";Não;2;0;1;0;0;1;1;2;-16,225437;-39,59711;SPRF-BA;DEL09-BA;UOP01-DEL09-BA
737360;08/12/2025;segunda-feira;11:58:00;RO;174;36;VILHENA;Mal súbito do condutor;Saída de leito carroçável;Sem Vítimas;Pleno dia;Crescente;Chuva;Simples;Reta;Não;1;0;0;0;1;0;0;1;-12,65005317;-60,0976181;SPRF-RO;DEL04-RO;UOP01-DEL04-RO
737361;08/12/2025;segunda-feira;15:20:00;SP;381;17;BRAGANCA PAULISTA;Ausência de reação do condutor;Colisão traseira;Com Vítimas Feridas;Pleno dia;Crescente;Chuva;Dupla;"Aclive;Reta";Sim;7;0;5;0;2;0;5;4;-22,970138;-46,48619123;SPRF-SP;DEL03-SP;UOP02-DEL03-SP
737362;08/12/2025;segunda-feira;15:15:00;GO;60;172;ABADIA DE GOIAS;Acumulo de água sobre o pavimento;Saída de leito carroçável;Com Vítimas Feridas;Pleno dia;Crescente;Chuva;Dupla;Reta;Não;2;0;1;0;1;0;1;1;-16,7452451;-49,4194267;SPRF-GO;DEL01-GO;UOP02-DEL01-GO
737365;08/12/2025;segunda-feira;14:55:00;PE;101;48,8;ABREU E LIMA;Ausência de reação do condutor;Colisão traseira;Com Vítimas Feridas;Pleno dia;Decrescente;Céu Claro;Múltipla;Reta;Sim;2;0;0;1;1;0;1;2;-7,896841;-34,902774;SPRF-PE;DEL01-PE;UOP02-DEL01-PE
737367;08/12/2025;segunda-feira;14:30:00;MT;163;1039;MATUPA;Conversão proibida;Colisão lateral mesmo sentido;Com Vítimas Feridas;Pleno dia;Crescente;Nublado;Simples;Reta;Não;3;0;3;0;0;0;3;2;-10,1729;-54,9399;SPRF-MT;DEL06-MT;UOP03-DEL06-MT
737369;08/12/2025;segunda-feira;16:22:00;SP;381;75;SAO PAULO;Velocidade Incompatível;Saída de leito carroçável;Com Vítimas Feridas;Pleno dia;Crescente;Chuva;Múltipla;"Curva;Declive";Não;2;0;1;0;1;0;1;1;-23,38631924;-46,56870722;SPRF-SP;DEL03-SP;UOP01-DEL03-SP
737370;08/12/2025;segunda-feira;07:30:00;RS;0;0;MACAMBARA;Velocidade Incompatível;Colisão lateral sentido oposto;Sem Vítimas;Pleno dia;Não Informado;Céu Claro;Simples;Reta;Não;5;0;0;0;5;0;0;2;-29,092193;-55,616902;SPRF-RS;DEL12-RS;UOP01-DEL12-RS
737371;08/12/2025;segunda-feira;15:40:00;MG;116;705,3;MURIAE;Acessar a via sem observar a presença dos outros veículos;Colisão transversal;Com Vítimas Feridas;Pleno dia;Crescente;Nublado;Simples;Interseção de Vias;Sim;2;0;1;0;1;0;1;2;-21,1360509;-42,3790734;SPRF-MG;DEL07-MG;UOP02-DEL07-MG
737372;08/12/2025;segunda-feira;11:20:00;SP;116;60;GUARATINGUETA;Ausência de reação do condutor;Colisão com objeto;Com Vítimas Feridas;Pleno dia;Crescente;Nublado;Dupla;Reta;Não;1;0;1;0;0;0;1;1;-22,7912;-45,161601;SPRF-SP;DEL08-SP;UOP01-DEL08-SP