id;data_inversa;dia_semana;horario;uf;br;km;municipio;causa_acidente;tipo_acidente;classificacao_acidente;fase_dia;sentido_via;condicao_metereologica;tipo_pista;tracado_via;uso_solo;pessoas;mortos;feridos_leves;feridos_graves;ilesos;ignorados;feridos;veiculos;latitude;longitude;regional;delegacia;uop
738271;12/12/2025;sexta-feira;12:40:00;RJ;40;66;PETROPOLIS;Ausência de reação do condutor;Colisão traseira;Com Vítimas Feridas;Pleno dia;Decrescente;Céu Claro;Simples;Reta;Não;2;0;1;0;1;0;1;2;-22,28540731;-43,12068821;SPRF-RJ;DEL05-RJ;UOP02-DEL05-RJ
738273;12/12/2025;sexta-feira;15:40:00;SP;116;564;BARRA DO TURVO;Chuva;Capotamento;Com Vítimas Feridas;Pleno dia;Decrescente;Chuva;Dupla;Curva;Não;2;0;2;0;0;0;2;1;-25,02889042;-48,52634177;SPRF-SP;DEL05-SP;UOP02-DEL05-SP
738274;12/12/2025;sexta-feira;16:30:00;BA;101;663;ITAPEBI;Reação tardia ou ineficiente do condutor;Tombamento;Com Vítimas Feridas;Pleno dia;Crescente;Céu Claro;Simples;Reta;Não;1;0;1;0;0;0;1;1;-15,965874;-39,560201;SPRF-BA;DEL09-BA;UOP03-DEL09-BA
738276;12/12/2025;sexta-feira;13:32:00;RO;364;346;JI-PARANA;Acessar a via sem observar a presença dos outros veículos;Colisão lateral mesmo sentido;Com Vítimas Feridas;Pleno dia;Decrescente;Céu Claro;Simples;"Interseção de Vias;Reta";Sim;2;0;1;0;1;0;1;2;-10,86006312;-61,97735008;SPRF-RO;DEL02-RO;UOP01-DEL02-RO
738277;12/12/2025;sexta-feira;14:00:00;MA;135;12;SAO LUIS;Reação tardia ou ineficiente do condutor;Colisão traseira;Com Vítimas Feridas;Pleno dia;Decrescente;Céu Claro;Dupla;"Reta;Declive";Sim;4;0;1;0;3;0;1;2;-2,68401743;-44,29659516;SPRF-MA;DEL01-MA;UOP01-DEL01-MA
738278;12/12/2025;sexta-feira;16:10:00;PR;277;695;SAO MIGUEL DO IGUACU;Velocidade Incompatível;Colisão traseira;Com Vítimas Feridas;Pleno dia;Decrescente;Nublado;Dupla;Reta;Não;2;0;1;0;0;1;1;2;-25,37536654;-54,27498071;SPRF-PR;DEL05-PR;UOP01-DEL05-PR
738279;12/12/2025;sexta-feira;16:40:00;MG;40;548;NOVA LIMA;Reação tardia ou ineficiente do condutor;Colisão traseira;Com Vítimas Feridas;Pleno dia;Decrescente;Nublado;Dupla;"Declive;Curva";Não;2;0;1;0;1;0;1;2;-20,0336;-43,968645;SPRF-MG;DEL01-MG;UOP02-DEL01-MG
738280;12/12/2025;sexta-feira;16:10:00;MG;40;274;TRES MARIAS;Manobra de mudança de faixa;Colisão lateral sentido oposto;Sem Vítimas;Pleno dia;Crescente;Céu Claro;Simples;Declive;Sim;5;0;0;0;5;0;0;2;-18,195032;-45,24226;SPRF-MG;DEL14-MG;UOP02-DEL14-MG
738282;12/12/2025;sexta-feira;16:25:00;PI;343;591,3;FLORIANO;Manobra de mudança de faixa;Colisão transversal;Com Vítimas Feridas;Pleno dia;Decrescente;Céu Claro;Dupla;"Retorno Regulamentado;Reta";Sim;3;0;0;1;1;1;1;3;-6,780367;-43,02604;SPRF-PI;DEL03-PI;UOP01-DEL03-PI
738283;12/12/2025;sexta-feira;16:40:00;PR;376;395,6;TIBAGI;Demais falhas mecânicas ou elétricas;Saída de leito carroçável;Com Vítimas Feridas;Pleno dia;Crescente;Nublado;Dupla;"Reta;Aclive";Não;3;0;0;1;2;0;1;1;-24,552712;-50,687605;SPRF-PR;DEL03-PR;UOP02-DEL03-PR
738285;12/12/2025;sexta-feira;17:10:00;SC;280;25;ARAQUARI;Ultrapassagem Indevida;Colisão lateral sentido oposto;Com Vítimas Feridas;Pleno dia;Crescente;Nublado;Simples;"Reta;Ponte";Sim;2;0;1;0;1;0;1;2;-26,38327612;-48,72655425;SPRF-SC;DEL03-SC;UOP03-DEL03-SC
738287;12/12/2025;sexta-feira;16:20:00;ES;101;94;JAGUARE;Pedestre cruzava a pista fora da faixa;Atropelamento de Pedestre;Com Vítimas Feridas;Pleno dia;Crescente;Céu Claro;Simples;"Rotatória;Retorno Regulamentado";Sim;2;0;1;0;1;0;1;2;-18,932449;-39,972644;SPRF-ES;DEL04-ES;UOP02-DEL04-ES
738288;12/12/2025;sexta-feira;16:00:00;PR;163;245,5;TOLEDO;Reação tardia ou ineficiente do condutor;Capotamento;Com Vítimas Feridas;Pleno dia;Crescente;Chuva;Dupla;Reta;Não;1;0;1;0;0;0;1;1;-24,69781835;-53,73779861;SPRF-PR;DEL06-PR;UOP02-DEL06-PR
738289;12/12/2025;sexta-feira;17:15:00;PB;230;37,1;SANTA RITA;Avarias e/ou desgaste excessivo no pneu;Tombamento;Com Vítimas Feridas;Anoitecer;Crescente;Céu Claro;Dupla;Reta;Sim;2;0;1;1;0;0;2;1;-7,133047;-34,959987;SPRF-PB;DEL01-PB;UOP02-DEL01-PB
738290;12/12/2025;sexta-feira;18:00:00;ES;101;166,5;LINHARES;Acessar a via sem observar a presença dos outros veículos;Colisão transversal;Com Vítimas Feridas;Plena Noite;Decrescente;Céu Claro;Simples;Interseção de Vias;Sim;6;0;2;0;4;0;2;2;-19,52441699;-40,1491913;SPRF-ES;DEL04-ES;UOP01-DEL04-ES
738292;12/12/2025;sexta-feira;18:18:00;ES;101;225;IBIRACU;Condutor deixou de manter distância do veículo da frente;Colisão traseira;Com Vítimas Feridas;Plena Noite;Crescente;Nublado;Simples;Reta;Não;3;0;2;0;1;0;2;2;-19,90363615;-40,40822983;SPRF-ES;DEL02-ES;UOP01-DEL02-ES
738293;12/12/2025;sexta-feira;17:15:00;PE;428;187;PETROLINA;Acessar a via sem observar a presença dos outros veículos;Colisão lateral mesmo sentido;Com Vítimas Feridas;Pleno dia;Decrescente;Céu Claro;Dupla;Rotatória;Sim;3;0;2;0;1;0;2;2;-9,37461;-40,48769;SPRF-PE;DEL06-PE;UOP01-DEL06-PE
738297;12/12/2025;sexta-feira;18:15:00;RS;116;263;CANOAS;Condutor desrespeitou a iluminação vermelha do semáforo;Colisão transversal;Com Vítimas Feridas;Pleno dia;Decrescente;Céu Claro;Dupla;"Em Obras;Interseção de Vias";Sim;2;0;1;0;1;0;1;2;-29,90390179;-51,17644994;SPRF-RS;DEL01-RS;UOP01-DEL01-RS
738298;12/12/2025;sexta-feira;17:30:00;BA;116;15,3;VITORIA DA CONQUISTA;Acessar a via sem observar a presença dos outros veículos;Colisão transversal;Com Vítimas Feridas;Pleno dia;Decrescente;Nublado;Simples;"Reta;Rotatória";Sim;3;0;3;0;0;0;3;2;-14,899715;-40,85457;SPRF-BA;DEL08-BA;UOP01-DEL08-BA
738300;12/12/2025;sexta-feira;14:30:00;PR;116;14,7;CAMPINA GRANDE DO SUL;Pista Escorregadia;Queda de ocupante de veículo;Com Vítimas Feridas;Pleno dia;Decrescente;Garoa/Chuvisco;Dupla;Curva;Não;1;0;1;0;0;0;1;1;-25,099199;-48,678206;SPRF-PR;DEL01-PR;UOP02-DEL01-PR
738303;12/12/2025;sexta-feira;16:07:00;RO;364;606;ITAPUA DO OESTE;Transitar no Acostamento;Saída de leito carroçável;Com Vítimas Feridas;Pleno dia;Crescente;Nublado;Simples;Reta;Não;1;0;1;0;0;0;1;1;-9,17548473;-63,20514822;SPRF-RO;DEL01-RO;UOP04-DEL01-RO
738305;12/12/2025;sexta-feira;18:25:00;RS;290;89;PORTO ALEGRE;Condutor deixou de manter distância do veículo da frente;Colisão traseira;Com Vítimas Feridas;Pleno dia;Decrescente;Céu Claro;Múltipla;Reta;Não;2;0;2;0;0;0;2;2;-29,96833625;-51,15388267;SPRF-RS;DEL01-RS;UOP01-DEL01-RS
738306;12/12/2025;sexta-feira;15:30:00;PR;116;44,3;CAMPINA GRANDE DO SUL;Velocidade Incompatível;Saída de leito carroçável;Com Vítimas Feridas;Pleno dia;Crescente;Garoa/Chuvisco;Dupla;Curva;Não;2;0;1;0;1;0;1;1;-25,192869;-48,888198;SPRF-PR;DEL01-PR;UOP02-DEL01-PR
738307;12/12/2025;sexta-feira;18:10:00;SP;116;201;ARUJA;Ausência de reação do condutor;Colisão traseira;Sem Vítimas;Anoitecer;Crescente;Nublado;Múltipla;Reta;Sim;3;0;0;0;3;0;0;2;-23,40995093;-46,34482431;SPRF-SP;DEL01-SP;UOP01-DEL01-SP
738308;12/12/2025;sexta-feira;17:30:00;RJ;356;86;CARDOSO MOREIRA;Conversão proibida;Colisão transversal;Com Vítimas Feridas;Pleno dia;Decrescente;Céu Claro;Simples;"Curva;Interseção de Vias";Não;4;0;2;0;2;0;2;2;-21,489876;-41,636016;SPRF-RJ;DEL08-RJ;UOP03-DEL08-RJ
738309;12/12/2025;sexta-feira;15:30:00;SC;470;194,5;POUSO REDONDO;Chuva;Tombamento;Com Vítimas Feridas;Pleno dia;Decrescente;Chuva;Simples;"Curva;Declive";Não;2;0;2;0;0;0;2;1;-27,30104594;-50,07970557;SPRF-SC;DEL04-SC;UOP02-DEL04-SC
738310;29/10/2025;quarta-feira;20:06:00;PR;376;182;MARINGA;Ausência de reação do condutor;Eventos atípicos;Com Vítimas Feridas;Plena Noite;Decrescente;Céu Claro;Dupla;Reta;Não;2;0;1;0;0;1;1;2;-23,43190655;-51,88668966;SPRF-PR;DEL09-PR;UOP01-DEL09-PR
738311;12/12/2025;sexta-feira;17:00:00;MG;356;266,8;MURIAE;Conversão proibida;Colisão transversal;Com Vítimas Feridas;Pleno dia;Crescente;Céu Claro;Simples;"Reta;Declive";Sim;2;0;1;0;1;0;1;2;-21,128815;-42,358403;SPRF-MG;DEL07-MG;UOP02-DEL07-MG
738312;12/12/2025;sexta-feira;18:21:00;RJ;101;325;RIO DE JANEIRO;Ausência de reação do condutor;Colisão traseira;Com Vítimas Feridas;Plena Noite;Crescente;Céu Claro;Dupla;"Reta;Ponte";Sim;2;0;1;0;1;0;1;2;-22,872945;-43,13462;SPRF-RJ;DEL02-RJ;UOP01-DEL02-RJ
738315;12/12/2025;sexta-feira;07:30:00;PR;376;384,2;IMBAU;Velocidade Incompatível;Saída de leito carroçável;Com Vítimas Feridas;Pleno dia;Crescente;Garoa/Chuvisco;Dupla;"Declive;Curva";Não;1;0;1;0;0;0;1;1;-24,471469;-50,7398;SPRF-PR;DEL03-PR;UOP02-DEL03-PR
738317;12/12/2025;sexta-feira;19:30:00;RN;110;50;MOSSORO;Acesso irregular;Tombamento;Com Vítimas Feridas;Plena Noite;Crescente;Ignorado;Dupla;Reta;Não;1;0;1;0;0;0;1;1;-5,22368043;-37,32527554;SPRF-RN;DEL04-RN;UOP01-DEL04-RN
738318;12/12/2025;sexta-feira;18:15:00;MG;381;925;ITAPEVA;Ausência de reação do condutor;Colisão com objeto;Com Vítimas Fatais;Anoitecer;Crescente;Chuva;Dupla;Curva;Não;1;1;0;0;0;0;0;1;-22,77105723;-46,19896889;SPRF-MG;DEL16-MG;UOP03-DEL16-MG
738319;12/12/2025;sexta-feira;12:40:00;SC;101;117;ITAJAI;Desrespeitar a preferência no cruzamento;Colisão transversal;Sem Vítimas;Pleno dia;Decrescente;Nublado;Múltipla;"Interseção de Vias;Rotatória;Retorno Regulamentado";Sim;2;0;0;0;2;0;0;2;-26,89051478;-48,72084014;SPRF-SC;DEL04-SC;UOP04-DEL04-SC
738320;12/12/2025;sexta-feira;19:40:00;MG;40;524,2;CONTAGEM;Área urbana sem a presença de local apropriado para a travessia de pedestres;Atropelamento de Pedestre;Com Vítimas Feridas;Plena Noite;Crescente;Nublado;Dupla;Reta;Sim;2;0;0;1;1;0;1;2;-19,87559017;-44,05351192;SPRF-MG;DEL01-MG;UOP02-DEL01-MG
738323;12/12/2025;sexta-feira;18:44:00;TO;153;190;NOVA OLINDA;Transitar na contramão;Colisão frontal;Com Vítimas Feridas;Plena Noite;Decrescente;Nublado;Simples;Reta;Não;5;0;1;0;4;0;1;2;-7,563476;-48,42061;SPRF-TO;DEL02-TO;UOP01-DEL02-TO
738324;12/12/2025;sexta-feira;11:30:00;RJ;101;329;RIO DE JANEIRO;Reação tardia ou ineficiente do condutor;Colisão traseira;Com Vítimas Feridas;Pleno dia;Decrescente;Céu Claro;Dupla;"Aclive;Reta";Não;3;0;2;0;1;0;2;2;-22,87027044;-43,17073822;SPRF-RJ;DEL02-RJ;UOP01-DEL02-RJ
738325;12/12/2025;sexta-feira;18:00:00;SC;101;39;JOINVILLE;Condutor deixou de manter distância do veículo da frente;Colisão traseira;Com Vítimas Feridas;Anoitecer;Crescente;Garoa/Chuvisco;Múltipla;Reta;Sim;2;0;1;0;1;0;1;2;-26,29869035;-48,8838586;SPRF-SC;DEL03-SC;UOP01-DEL03-SC
738326;12/12/2025;sexta-feira;19:30:00;PI;343;2,8;TERESINA;Pedestre cruzava a pista fora da faixa;Atropelamento de Pedestre;Com Vítimas Feridas;Plena Noite;Crescente;Céu Claro;Múltipla;Curva;Sim;2;0;1;1;0;0;2;2;-5,081185;-42,775847;SPRF-PI;DEL01-PI;UOP01-DEL01-PI
738328;12/12/2025;sexta-feira;19:40:00;PI;343;0,3;PARNAIBA;Transitar na contramão;Colisão lateral sentido oposto;Com Vítimas Feridas;Plena Noite;Crescente;Céu Claro;Simples;Reta;Sim;2;0;1;1;0;0;2;2;-2,88546943;-41,66529536;SPRF-PI;DEL05-PI;UOP01-DEL05-PI
738329;12/12/2025;sexta-feira;10:45:00;BA;116;219;EUCLIDES DA CUNHA;Ausência de reação do condutor;Colisão traseira;Com Vítimas Feridas;Pleno dia;Decrescente;Céu Claro;Dupla;Reta;Sim;3;0;1;0;2;0;1;3;-10,508193;-39,009265;SPRF-BA;DEL07-BA;UOP03-DEL07-BA
738330;12/12/2025;sexta-feira;18:50:00;DF;70;10,5;BRASILIA;Manobra de mudança de faixa;Colisão lateral mesmo sentido;Sem Vítimas;Plena Noite;Crescente;Nublado;Dupla;Reta;Sim;2;0;0;0;2;0;0;2;-15,789563;-48,148907;SPRF-DF;DEL03-DF;UOP02-DEL03-DF
738335;12/12/2025;sexta-feira;19:35:00;PR;376;668;GUARATUBA;Ausência de reação do condutor;Colisão com objeto;Com Vítimas Feridas;Plena Noite;Crescente;Garoa/Chuvisco;Dupla;"Curva;Declive";Não;2;0;2;0;0;0;2;1;-25,8701634;-48,9357936;SPRF-PR;DEL01-PR;UOP04-DEL01-PR
738336;12/12/2025;sexta-feira;19:40:00;DF;40;2;BRASILIA;Ausência de reação do condutor;Colisão lateral mesmo sentido;Sem Vítimas;Plena Noite;Crescente;Nublado;Simples;Reta;Sim;3;0;0;0;3;0;0;2;-15,996;-47,985;SPRF-DF;DEL01-DF;UOP01-DEL01-DF
738337;12/12/2025;sexta-feira;19:30:00;MA;316;538,2;CAXIAS;Ultrapassagem Indevida;Colisão frontal;Sem Vítimas;Plena Noite;Crescente;Nublado;Simples;Reta;Não;7;0;0;0;7;0;0;2;-4,84581;-43,46001;SPRF-MA;DEL03-MA;UOP02-DEL03-MA
738338;12/12/2025;sexta-feira;19:05:00;BA;116;821;VITORIA DA CONQUISTA;Transitar no Acostamento;Tombamento;Com Vítimas Feridas;Plena Noite;Crescente;Nublado;Simples;"Aclive;Reta";Sim;3;0;1;0;2;0;1;2;-14,87452206;-40,85207202;SPRF-BA;DEL08-BA;UOP01-DEL08-BA
738339;12/12/2025;sexta-feira;17:46:00;RJ;101;387;RIO DE JANEIRO;Manobra de mudança de faixa;Colisão transversal;Com Vítimas Feridas;Anoitecer;Decrescente;Ignorado;Dupla;Reta;Não;2;0;1;0;1;0;1;2;-22,89380886;-43,67460251;SPRF-RJ;DEL03-RJ;UOP01-DEL03-RJ
738340;12/12/2025;sexta-feira;19:00:00;MG;381;705,5;NEPOMUCENO;Velocidade Incompatível;Saída de leito carroçável;Com Vítimas Feridas;Plena Noite;Decrescente;Chuva;Dupla;"Curva;Declive";Não;2;0;1;0;1;0;1;1;-21,31294965;-45,16703725;SPRF-MG;DEL04-MG;UOP02-DEL04-MG
738341;12/12/2025;sexta-feira;19:00:00;BA;101;167;CONCEICAO DO JACUIPE;Ultrapassagem Indevida;Colisão frontal;Com Vítimas Feridas;Plena Noite;Decrescente;Sol;Simples;Curva;Não;2;0;1;0;1;0;1;2;-12,361867;-38,826975;SPRF-BA;DEL01-BA;UOP03-DEL01-BA
738342;12/12/2025;sexta-feira;18:37:00;RJ;40;47;PETROPOLIS;Acessar a via sem observar a presença dos outros veículos;Atropelamento de Pedestre;Com Vítimas Fatais;Plena Noite;Decrescente;Céu Claro;Simples;Reta;Não;3;1;0;0;2;0;0;2;-22,29700038;-43,12917225;SPRF-RJ;DEL05-RJ;UOP02-DEL05-RJ
738344;12/12/2025;sexta-feira;19:36:00;PB;230;40,1;SANTA RITA;Acessar a via sem observar a presença dos outros veículos;Colisão transversal;Com Vítimas Feridas;Plena Noite;Decrescente;Céu Claro;Dupla;"Reta;Declive";Não;2;0;0;1;0;1;1;2;-7,142525;-34,982117;SPRF-PB;DEL01-PB;UOP02-DEL01-PB
738346;12/12/2025;sexta-feira;19:00:00;RN;226;370;ANTONIO MARTINS;Transitar na contramão;Colisão frontal;Com Vítimas Feridas;Plena Noite;Crescente;Céu Claro;Dupla;"Aclive;Curva";Não;2;0;0;1;1;0;1;2;-6,21069817;-37,91828156;SPRF-RN;DEL04-RN;UOP01-DEL04-RN
738347;12/12/2025;sexta-feira;20:20:00;GO;153;500;GOIANIA;Condutor deixou de manter distância do veículo da frente;Colisão traseira;Com Vítimas Feridas;Plena Noite;Crescente;Nublado;Dupla;Reta;Sim;7;0;3;0;4;0;3;4;-16,71194823;-49,23249;SPRF-GO;DEL01-GO;UOP01-DEL01-GO
738349;12/12/2025;sexta-feira;14:40:00;RJ;40;82;PETROPOLIS;Pista Escorregadia;Queda de ocupante de veículo;Com Vítimas Feridas;Pleno dia;Decrescente;Céu Claro;Dupla;"Curva;Aclive";Não;2;0;1;0;1;0;1;1;-22,5284315;-43,2228036;SPRF-RJ;DEL01-RJ;UOP01-DEL01-RJ
738351;07/11/2025;sexta-feira;07:20:00;SC;470;11,2;NAVEGANTES;Acessar a via sem observar a presença dos outros veículos;Colisão transversal;Com Vítimas Feridas;Pleno dia;Crescente;Nublado;Simples;Reta;Não;2;0;1;1;0;0;2;2;-26,83426;-48,74939;SPRF-SC;DEL04-SC;UOP04-DEL04-SC
738355;12/12/2025;sexta-feira;21:20:00;SC;282;606;MARAVILHA;Acessar a via sem observar a presença dos outros veículos;Colisão transversal;Sem Vítimas;Plena Noite;Crescente;Nublado;Simples;Reta;Sim;2;0;0;0;2;0;0;2;-26,77251497;-53,20632426;SPRF-SC;DEL07-SC;UOP02-DEL07-SC
738356;12/12/2025;sexta-feira;20:30:00;SP;116;278;EMBU DAS ARTES;Reação tardia ou ineficiente do condutor;Tombamento;Com Vítimas Feridas;Plena Noite;Decrescente;Céu Claro;Dupla;Curva;Sim;1;0;0;1;0;0;1;1;-23,63613713;-46,8312192;SPRF-SP;DEL04-SP;UOP01-DEL04-SP
738358;12/12/2025;sexta-feira;20:20:00;BA;116;13;VITORIA DA CONQUISTA;Reação tardia ou ineficiente do condutor;Colisão traseira;Com Vítimas Feridas;Plena Noite;Decrescente;Nublado;Simples;Reta;Sim;2;0;1;0;1;0;1;2;-14,88461259;-40,87065339;SPRF-BA;DEL08-BA;UOP01-DEL08-BA
738361;12/12/2025;sexta-feira;21:15:00;SP;116;499;CAJATI;Chuva;Colisão com objeto;Sem Vítimas;Plena Noite;Crescente;Chuva;Múltipla;"Curva;Aclive";Não;3;0;0;0;3;0;0;1;-24,78305078;-48,18259589;SPRF-SP;DEL05-SP;UOP02-DEL05-SP
738364;12/12/2025;sexta-feira;07:00:00;MT;174;573;COMODORO;Pedestre andava na pista;Atropelamento de Pedestre;Com Vítimas Feridas;Amanhecer;Crescente;Céu Claro;Simples;Reta;Não;2;0;0;1;0;1;1;2;-13,00039367;-59,97795582;SPRF-MT;DEL04-MT;UOP02-DEL04-MT
738365;12/12/2025;sexta-feira;19:00:00;MG;153;209,9;FRUTAL;Deficiência do Sistema de Iluminação/Sinalização;Saída de leito carroçável;Com Vítimas Feridas;Plena Noite;Crescente;Céu Claro;Simples;"Reta;Interseção de Vias";Não;1;0;1;0;0;0;1;1;-20,02045192;-49,04743195;SPRF-MG;DEL13-MG;UOP02-DEL13-MG
738366;12/12/2025;sexta-feira;21:50:00;ES;101;284,3;CARIACICA;Avarias e/ou desgaste excessivo no pneu;Queda de ocupante de veículo;Com Vítimas Feridas;Plena Noite;Decrescente;Céu Claro;Dupla;"Curva;Declive";Não;2;0;2;0;0;0;2;1;-20,24466117;-40,36977164;SPRF-ES;DEL01-ES;UOP01-DEL01-ES
738367;12/12/2025;sexta-feira;19:20:00;RJ;393;141;PARAIBA DO SUL;Transitar na contramão;Colisão frontal;Com Vítimas Fatais;Plena Noite;Decrescente;Chuva;Simples;Reta;Sim;3;1;1;0;1;0;1;2;-22,1433112;-43,2877094;SPRF-RJ;DEL05-RJ;UOP01-DEL05-RJ
738368;12/12/2025;sexta-feira;20:15:00;RJ;40;116;DUQUE DE CAXIAS;Condutor deixou de manter distância do veículo da frente;Colisão traseira;Com Vítimas Feridas;Plena Noite;Crescente;Céu Claro;Múltipla;Reta;Não;2;0;1;0;0;1;1;2;-22,73977319;-43,28887939;SPRF-RJ;DEL01-RJ;UOP02-DEL01-RJ
738369;12/12/2025;sexta-feira;22:10:00;RS;392;76,4;PELOTAS;Acessar a via sem observar a presença dos outros veículos;Colisão transversal;Com Vítimas Feridas;Plena Noite;Crescente;Céu Claro;Simples;Reta;Não;2;0;2;0;0;0;2;2;-31,6127122;-52,3052073;SPRF-RS;DEL07-RS;UOP01-DEL07-RS
738370;12/12/2025;sexta-feira;17:50:00;PA;10;310;IRITUIA;Ausência de reação do condutor;Colisão traseira;Com Vítimas Feridas;Anoitecer;Crescente;Céu Claro;Simples;"Reta;Declive";Não;3;0;1;0;2;0;1;3;-1,713218;-47,502647;SPRF-PA;DEL01-PA;UOP02-DEL01-PA
738371;12/12/2025;sexta-feira;16:00:00;MA;230;404;BALSAS;Ausência de reação do condutor;Colisão lateral sentido oposto;Com Vítimas Feridas;Pleno dia;Decrescente;Céu Claro;Simples;"Interseção de Vias;Reta";Sim;2;0;1;0;1;0;1;2;-7,4999532;-46,1213465;SPRF-MA;DEL05-MA;UOP01-DEL05-MA
738372;12/12/2025;sexta-feira;22:50:00;SP;116;225;GUARULHOS;Acessar a via sem observar a presença dos outros veículos;Colisão traseira;Com Vítimas Feridas;Plena Noite;Decrescente;Nublado;Múltipla;Reta;Sim;2;0;1;0;0;1;1;2;-23,487768;-46,54379;SPRF-SP;DEL01-SP;UOP01-DEL01-SP
738373;12/12/2025;sexta-feira;22:10:00;MG;40;519,5;CONTAGEM;Ausência de reação do condutor;Colisão traseira;Com Vítimas Feridas;Plena Noite;Decrescente;Nublado;Dupla;Reta;Sim;2;0;0;1;0;1;1;2;-19,843309;-44,074679;SPRF-MG;DEL01-MG;UOP02-DEL01-MG
738374;12/12/2025;sexta-feira;21:45:00;RN;101;106;PARNAMIRIM;Manobra de mudança de faixa;Colisão lateral mesmo sentido;Com Vítimas Feridas;Plena Noite;Decrescente;Céu Claro;Dupla;Interseção de Vias;Sim;2;0;0;1;0;1;1;2;-5,91557177;-35,26230304;SPRF-RN;DEL01-RN;UOP01-DEL01-RN
738375;12/12/2025;sexta-feira;22:00:00;MS;163;289;DOURADINA;Transitar na contramão;Colisão lateral sentido oposto;Com Vítimas Feridas;Plena Noite;Crescente;Chuva;Simples;Reta;Não;4;0;1;0;3;0;1;2;-22,07161411;-54,56347257;SPRF-MS;DEL04-MS;UOP01-DEL04-MS
738376;12/12/2025;sexta-feira;19:30:00;RJ;101;395;ITAGUAI;Velocidade Incompatível;Colisão traseira;Com Vítimas Feridas;Plena Noite;Crescente;Céu Claro;Dupla;Reta;Não;4;0;1;0;3;0;1;2;-22,8589079;-43,7591498;SPRF-RJ;DEL03-RJ;UOP01-DEL03-RJ
738377;12/12/2025;sexta-feira;18:51:00;PB;361;108;ITAPORANGA;Acessar a via sem observar a presença dos outros veículos;Colisão frontal;Com Vítimas Feridas;Plena Noite;Crescente;Céu Claro;Simples;Reta;Sim;6;0;0;2;1;3;2;3;-7,293443;-38,109367;SPRF-PB;DEL03-PB;UOP01-DEL03-PB
738378;12/12/2025;sexta-feira;21:40:00;SC;101;97;BALNEARIO PICARRAS;Acessar a via sem observar a presença dos outros veículos;Atropelamento de Pedestre;Com Vítimas Fatais;Plena Noite;Decrescente;Chuva;Dupla;Reta;Não;3;1;0;0;2;0;0;2;-26,732433;-48,700578;SPRF-SC;DEL03-SC;UOP02-DEL03-SC
738379;12/12/2025;sexta-feira;21:40:00;PE;232;103;BEZERROS;Pedestre cruzava a pista fora da faixa;Atropelamento de Pedestre;Com Vítimas Fatais;Plena Noite;Decrescente;Céu Claro;Dupla;Curva;Sim;2;1;0;0;1;0;0;2;-8,25233;-35,76563;SPRF-PE;DEL02-PE;UOP03-DEL02-PE
738380;12/12/2025;sexta-feira;22:38:00;RJ;101;399;ITAGUAI;Ausência de reação do condutor;Colisão traseira;Com Vítimas Feridas;Plena Noite;Crescente;Céu Claro;Dupla;Reta;Não;2;0;1;0;1;0;1;2;-22,86084715;-43,75691414;SPRF-RJ;DEL03-RJ;UOP01-DEL03-RJ
738381;12/12/2025;sexta-feira;21:50:00;RJ;40;119;DUQUE DE CAXIAS;Ausência de reação do condutor;Colisão com objeto;Sem Vítimas;Plena Noite;Decrescente;Céu Claro;Dupla;Reta;Sim;1;0;0;0;1;0;0;1;-22,74011905;-43,28431049;SPRF-RJ;DEL01-RJ;UOP02-DEL01-RJ
738382;12/12/2025;sexta-feira;20:20:00;RN;226;113,5;SANTA CRUZ;Acessar a via sem observar a presença dos outros veículos;Colisão transversal;Sem Vítimas;Plena Noite;Crescente;Céu Claro;Simples;Curva;Não;3;0;0;0;2;1;0;2;-6,20734908;-36,0223031;SPRF-RN;DEL03-RN;UOP02-DEL03-RN
738383;12/12/2025;sexta-feira;21:05:00;RJ;40;41;AREAL;Ausência de reação do condutor;Colisão traseira;Com Vítimas Feridas;Plena Noite;Crescente;Céu Claro;Dupla;"Reta;Retorno Regulamentado";Não;3;0;0;1;2;0;1;2;-22,2532;-43,1067;SPRF-RJ;DEL05-RJ;UOP02-DEL05-RJ
738384;12/12/2025;sexta-feira;23:00:00;TO;153;146;ARAGUAINA;Ausência de reação do condutor;Saída de leito carroçável;Sem Vítimas;Plena Noite;Crescente;Céu Claro;Dupla;"Interseção de Vias;Reta";Sim;1;0;0;0;0;1;0;1;-7,213866;-48,244675;SPRF-TO;DEL02-TO;UOP01-DEL02-TO
738385;12/12/2025;sexta-feira;22:50:00;PR;476;152,9;ARAUCARIA;Ingestão de álcool pelo condutor;Colisão lateral mesmo sentido;Com Vítimas Feridas;Plena Noite;Crescente;Céu Claro;Dupla;Reta;Sim;4;0;2;0;0;2;2;2;-25,576058;-49,390742;SPRF-PR;DEL01-PR;UOP06-DEL01-PR
738387;13/12/2025;sábado;00:15:00;TO;153;145;ARAGUAINA;Velocidade Incompatível;Colisão traseira;Com Vítimas Feridas;Plena Noite;Crescente;Nublado;Dupla;Reta;Sim;2;0;1;0;0;1;1;2;-7,210974;-48,242781;SPRF-TO;DEL02-TO;UOP01-DEL02-TO