id;data_inversa;dia_semana;horario;uf;br;km;municipio;causa_acidente;tipo_acidente;classificacao_acidente;fase_dia;sentido_via;condicao_metereologica;tipo_pista;tracado_via;uso_solo;pessoas;mortos;feridos_leves;feridos_graves;ilesos;ignorados;feridos;veiculos;latitude;longitude;regional;delegacia;uop
738388;12/12/2025;sexta-feira;22:50:00;RJ;101;389;RIO DE JANEIRO;Manobra de mudança de faixa;Capotamento;Com Vítimas Feridas;Plena Noite;Crescente;Céu Claro;Dupla;Reta;Não;7;0;1;0;3;3;1;3;-22,89355003;-43,67498271;SPRF-RJ;DEL03-RJ;UOP01-DEL03-RJ
738390;12/12/2025;sexta-feira;23:10:00;SC;101;298;LAGUNA;Ingestão de álcool pelo condutor;Colisão traseira;Sem Vítimas;Plena Noite;Decrescente;Nublado;Dupla;Reta;Não;2;0;0;0;1;1;0;2;-28,350722;-48,739429;SPRF-SC;DEL02-SC;UOP03-DEL02-SC
738392;13/12/2025;sábado;00:55:00;PR;277;70,3;SAO JOSE DOS PINHAIS;Ausência de reação do condutor;Capotamento;Sem Vítimas;Plena Noite;Crescente;Nublado;Simples;"Declive;Curva;Retorno Regulamentado";Não;1;0;0;0;1;0;0;1;-25,511387;-49,125912;SPRF-PR;DEL01-PR;UOP01-DEL01-PR
738393;13/12/2025;sábado;00:30:00;PR;376;482;PONTA GROSSA;Ingestão de álcool pelo condutor;Saída de leito carroçável;Com Vítimas Feridas;Plena Noite;Crescente;Nevoeiro/Neblina;Dupla;Declive;Sim;1;0;1;0;0;0;1;1;-25,09873005;-50,19719688;SPRF-PR;DEL03-PR;UOP01-DEL03-PR
738394;13/12/2025;sábado;02:35:00;RS;386;247;SOLEDADE;Ingestão de álcool pelo condutor;Colisão lateral sentido oposto;Sem Vítimas;Plena Noite;Crescente;Céu Claro;Simples;"Reta;Em Obras";Sim;5;0;0;0;5;0;0;2;-28,812035;-52,49636;SPRF-RS;DEL04-RS;UOP03-DEL04-RS
738396;13/12/2025;sábado;01:50:00;DF;70;6,7;BRASILIA;Ingestão de álcool pelo condutor;Colisão traseira;Com Vítimas Feridas;Plena Noite;Crescente;Céu Claro;Dupla;Reta;Sim;4;0;1;1;1;1;2;3;-15,78629096;-48,1178234;SPRF-DF;DEL03-DF;UOP02-DEL03-DF
738397;13/12/2025;sábado;02:53:00;GO;60;96;ANAPOLIS;Ausência de reação do condutor;Queda de ocupante de veículo;Com Vítimas Feridas;Plena Noite;Crescente;Ignorado;Dupla;Reta;Sim;1;0;1;0;0;0;1;1;-16,36738;-48,93871;SPRF-GO;DEL02-GO;UOP01-DEL02-GO
738400;13/12/2025;sábado;03:15:00;RS;116;658;JAGUARAO;Ausência de reação do condutor;Colisão transversal;Com Vítimas Feridas;Plena Noite;Crescente;Céu Claro;Simples;"Reta;Interseção de Vias";Sim;3;0;2;0;0;1;2;2;-32,560133;-53,38471111;SPRF-RS;DEL07-RS;UOP03-DEL07-RS
738401;13/12/2025;sábado;03:15:00;SC;101;282,5;IMBITUBA;Ausência de reação do condutor;Queda de ocupante de veículo;Com Vítimas Feridas;Plena Noite;Crescente;Céu Claro;Dupla;Reta;Não;1;0;0;1;0;0;1;1;-28,21818;-48,700508;SPRF-SC;DEL02-SC;UOP03-DEL02-SC
738403;13/12/2025;sábado;01:00:00;MS;163;83;ITAQUIRAI;Ausência de reação do condutor;Saída de leito carroçável;Com Vítimas Feridas;Plena Noite;Crescente;Nublado;Simples;Reta;Não;1;0;1;0;0;0;1;1;-23,4265;-54,2066;SPRF-MS;DEL09-MS;UOP01-DEL09-MS
738407;13/12/2025;sábado;03:20:00;MT;364;397;CUIABA;Acumulo de areia ou detritos sobre o pavimento;Queda de ocupante de veículo;Com Vítimas Feridas;Plena Noite;Crescente;Garoa/Chuvisco;Dupla;"Reta;Retorno Regulamentado";Sim;1;0;0;1;0;0;1;1;-15,66602909;-55,96076489;SPRF-MT;DEL01-MT;UOP02-DEL01-MT
738409;13/12/2025;sábado;04:20:00;PI;343;47,6;BURITI DOS LOPES;Ingestão de álcool pelo condutor;Colisão transversal;Com Vítimas Feridas;Pleno dia;Decrescente;Céu Claro;Simples;Reta;Sim;2;0;0;1;1;0;1;2;-3,17289;-41,866688;SPRF-PI;DEL05-PI;UOP01-DEL05-PI
738410;13/12/2025;sábado;04:40:00;SC;101;209,6;SAO JOSE;Reação tardia ou ineficiente do condutor;Saída de leito carroçável;Com Vítimas Feridas;Amanhecer;Crescente;Céu Claro;Dupla;"Curva;Interseção de Vias";Sim;3;0;2;0;0;1;2;1;-27,61417446;-48,64327518;SPRF-SC;DEL01-SC;UOP01-DEL01-SC
738411;13/12/2025;sábado;04:30:00;PR;467;108;CASCAVEL;Condutor Dormindo;Colisão traseira;Com Vítimas Feridas;Plena Noite;Crescente;Nublado;Simples;"Aclive;Reta";Sim;2;0;0;1;1;0;1;2;-24,92504493;-53,46114635;SPRF-PR;DEL04-PR;UOP01-DEL04-PR
738413;13/12/2025;sábado;03:40:00;PI;230;310;FLORIANO;Ausência de reação do condutor;Tombamento;Com Vítimas Fatais;Plena Noite;Crescente;Céu Claro;Simples;Reta;Sim;2;1;0;0;0;1;0;2;-6,764432;-43,00992;SPRF-PI;DEL03-PI;UOP01-DEL03-PI
738415;13/12/2025;sábado;04:50:00;PI;343;340;TERESINA;Condutor Dormindo;Saída de leito carroçável;Sem Vítimas;Amanhecer;Decrescente;Céu Claro;Dupla;Reta;Sim;3;0;0;0;2;1;0;2;-5,07476571;-42,73693353;SPRF-PI;DEL01-PI;UOP01-DEL01-PI
738416;13/12/2025;sábado;04:00:00;PR;376;604;CURITIBA;Condutor Dormindo;Saída de leito carroçável;Com Vítimas Fatais;Plena Noite;Crescente;Nublado;Dupla;Reta;Não;1;1;0;0;0;0;0;1;-25,534972;-49,31631;SPRF-PR;DEL01-PR;UOP03-DEL01-PR
738418;13/12/2025;sábado;04:10:00;RS;287;363,5;JAGUARI;Reação tardia ou ineficiente do condutor;Saída de leito carroçável;Com Vítimas Feridas;Plena Noite;Decrescente;Céu Claro;Simples;Curva;Não;1;0;1;0;0;0;1;1;-29,46014411;-54,72110331;SPRF-RS;DEL12-RS;UOP02-DEL12-RS
738419;13/12/2025;sábado;05:10:00;PR;153;470;PORTO VITORIA;Pista Escorregadia;Saída de leito carroçável;Com Vítimas Feridas;Amanhecer;Decrescente;Garoa/Chuvisco;Simples;Curva;Não;2;0;2;0;0;0;2;1;-26,2962741;-51,2069308;SPRF-PR;DEL02-PR;UOP03-DEL02-PR
738420;13/12/2025;sábado;04:15:00;SP;116;447;REGISTRO;Ausência de reação do condutor;Capotamento;Com Vítimas Feridas;Amanhecer;Decrescente;Nublado;Dupla;Reta;Não;3;0;2;0;0;1;2;1;-24,51388;-47,850802;SPRF-SP;DEL05-SP;UOP01-DEL05-SP
738422;12/12/2025;sexta-feira;23:00:00;SC;470;0,2;GASPAR;Conversão proibida;Colisão lateral sentido oposto;Com Vítimas Feridas;Plena Noite;Crescente;Céu Claro;Simples;Reta;Sim;2;0;1;0;1;0;1;2;-26,91393;-48,96011;SPRF-SC;DEL04-SC;UOP01-DEL04-SC
738423;13/12/2025;sábado;04:05:00;MS;262;297;CAMPO GRANDE;Ausência de reação do condutor;Saída de leito carroçável;Com Vítimas Fatais;Plena Noite;Decrescente;Nublado;Simples;Curva;Não;1;1;0;0;0;0;0;1;-20,507861;-54,276604;SPRF-MS;DEL01-MS;UOP05-DEL01-MS
738424;13/12/2025;sábado;05:00:00;RJ;101;484;ANGRA DOS REIS;Reação tardia ou ineficiente do condutor;Colisão com objeto;Com Vítimas Feridas;Amanhecer;Crescente;Chuva;Simples;Reta;Sim;2;0;2;0;0;0;2;1;-22,9896212;-44,30377431;SPRF-RJ;DEL03-RJ;UOP03-DEL03-RJ
738425;12/12/2025;sexta-feira;19:00:00;MG;40;485;SETE LAGOAS;Ingestão de álcool pelo condutor;Queda de ocupante de veículo;Com Vítimas Feridas;Plena Noite;Decrescente;Nublado;Dupla;"Reta;Declive;Retorno Regulamentado";Não;1;0;1;0;0;0;1;1;-19,582;-44,229;SPRF-MG;DEL02-MG;UOP01-DEL02-MG
738426;13/12/2025;sábado;05:50:00;SP;116;161;JACAREI;Ingestão de álcool pelo condutor;Colisão com objeto;Com Vítimas Feridas;Pleno dia;Decrescente;Chuva;Múltipla;Reta;Sim;2;0;1;1;0;0;2;1;-23,27253481;-45,97003308;SPRF-SP;DEL02-SP;UOP01-DEL02-SP
738427;13/12/2025;sábado;06:20:00;BA;101;264;SANTO ANTONIO DE JESUS;Reação tardia ou ineficiente do condutor;Queda de ocupante de veículo;Com Vítimas Feridas;Pleno dia;Decrescente;Céu Claro;Simples;"Reta;Declive";Sim;1;0;1;0;0;0;1;1;-12,9830652;-39,2882354;SPRF-BA;DEL01-BA;UOP02-DEL01-BA
738429;12/12/2025;sexta-feira;13:30:00;RJ;354;12;RESENDE;Reação tardia ou ineficiente do condutor;Saída de leito carroçável;Com Vítimas Feridas;Pleno dia;Crescente;Céu Claro;Simples;"Curva;Declive";Não;4;0;0;3;1;0;3;1;-22,42451705;-44,7416389;SPRF-RJ;DEL07-RJ;UOP02-DEL07-RJ
738431;13/12/2025;sábado;05:50:00;PI;343;337,5;TERESINA;Transitar no Acostamento;Colisão lateral mesmo sentido;Sem Vítimas;Amanhecer;Crescente;Céu Claro;Múltipla;Reta;Não;2;0;0;0;2;0;0;2;-5,06263398;-42,72002645;SPRF-PI;DEL01-PI;UOP01-DEL01-PI
738432;13/12/2025;sábado;04:00:00;GO;60;381;RIO VERDE;Reação tardia ou ineficiente do condutor;Saída de leito carroçável;Sem Vítimas;Plena Noite;Decrescente;Nublado;Dupla;Reta;Sim;1;0;0;0;1;0;0;1;-17,78984072;-50,90593457;SPRF-GO;DEL04-GO;UOP02-DEL04-GO
738433;13/12/2025;sábado;05:40:00;CE;116;22,5;AQUIRAZ;Velocidade Incompatível;Queda de ocupante de veículo;Com Vítimas Feridas;Pleno dia;Decrescente;Céu Claro;Dupla;Reta;Sim;2;0;1;0;1;0;1;1;-3,94701731;-38,51108193;SPRF-CE;DEL01-CE;UOP02-DEL01-CE
738434;12/12/2025;sexta-feira;21:15:00;PR;116;26;CAMPINA GRANDE DO SUL;Chuva;Colisão lateral mesmo sentido;Sem Vítimas;Plena Noite;Decrescente;Chuva;Dupla;Curva;Não;4;0;0;0;4;0;0;2;-25,11219748;-48,77876759;SPRF-PR;DEL01-PR;UOP02-DEL01-PR
738435;28/09/2025;domingo;06:00:00;RS;116;302;GUAIBA;Ausência de reação do condutor;Saída de leito carroçável;Sem Vítimas;Pleno dia;Crescente;Céu Claro;Simples;Reta;Sim;1;0;0;0;1;0;0;1;-30,17110353;-51,38780737;SPRF-RS;DEL02-RS;UOP01-DEL02-RS
738436;13/12/2025;sábado;02:45:00;RJ;493;62;NOVA IGUACU;Ausência de reação do condutor;Queda de ocupante de veículo;Com Vítimas Feridas;Plena Noite;Decrescente;Chuva;Dupla;Reta;Não;1;0;1;0;0;0;1;1;-22,68429782;-43,44812392;SPRF-RJ;DEL01-RJ;UOP03-DEL01-RJ
738438;13/12/2025;sábado;06:20:00;MG;381;717;CARMO DA CACHOEIRA;Chuva;Saída de leito carroçável;Com Vítimas Feridas;Pleno dia;Crescente;Chuva;Dupla;Curva;Não;3;0;1;0;2;0;1;1;-21,403928;-45,210931;SPRF-MG;DEL04-MG;UOP02-DEL04-MG
738439;13/12/2025;sábado;07:00:00;SP;116;217;GUARULHOS;Trafegar com motocicleta (ou similar) entre as faixas;Colisão lateral mesmo sentido;Com Vítimas Feridas;Pleno dia;Decrescente;Chuva;Múltipla;"Aclive;Reta";Sim;2;0;1;0;1;0;1;2;-23,45339347;-46,46959003;SPRF-SP;DEL01-SP;UOP01-DEL01-SP
738440;13/12/2025;sábado;06:15:00;PB;230;333;PATOS;Acessar a via sem observar a presença dos outros veículos;Colisão transversal;Com Vítimas Feridas;Pleno dia;Crescente;Sol;Simples;"Interseção de Vias;Reta";Sim;2;0;0;1;1;0;1;2;-7,0120824;-37,26766258;SPRF-PB;DEL03-PB;UOP01-DEL03-PB
738442;13/12/2025;sábado;05:40:00;MA;135;17;SAO LUIS;Ingestão de álcool pelo condutor;Colisão frontal;Com Vítimas Feridas;Amanhecer;Crescente;Céu Claro;Simples;Reta;Não;2;0;0;1;1;0;1;2;-2,55383;-44,352387;SPRF-MA;DEL01-MA;UOP01-DEL01-MA
738443;13/12/2025;sábado;05:20:00;SC;101;126;ITAJAI;Condutor Dormindo;Saída de leito carroçável;Sem Vítimas;Amanhecer;Decrescente;Céu Claro;Simples;Retorno Regulamentado;Sim;1;0;0;0;0;1;0;1;-26,96566846;-48,68311822;SPRF-SC;DEL04-SC;UOP04-DEL04-SC
738445;13/12/2025;sábado;04:30:00;SC;470;139;RIO DO SUL;Ausência de reação do condutor;Colisão traseira;Com Vítimas Feridas;Pleno dia;Decrescente;Céu Claro;Simples;Reta;Sim;2;0;1;0;1;0;1;2;-27,19667715;-49,62728111;SPRF-SC;DEL04-SC;UOP02-DEL04-SC
738446;13/12/2025;sábado;05:40:00;MG;50;182;UBERABA;Ingestão de álcool pelo condutor;Colisão com objeto;Com Vítimas Feridas;Amanhecer;Crescente;Nublado;Dupla;Reta;Sim;1;0;1;0;0;0;1;1;-19,79704935;-47,90959731;SPRF-MG;DEL13-MG;UOP01-DEL13-MG
738447;13/12/2025;sábado;06:40:00;MG;381;444,6;SABARA;Ausência de reação do condutor;Colisão traseira;Com Vítimas Feridas;Pleno dia;Decrescente;Céu Claro;Simples;Reta;Sim;2;0;1;0;1;0;1;2;-19,83482;-43,85451;SPRF-MG;DEL01-MG;UOP01-DEL01-MG
738448;13/12/2025;sábado;06:11:00;TO;153;86;WANDERLANDIA;Ausência de reação do condutor;Saída de leito carroçável;Com Vítimas Fatais;Pleno dia;Crescente;Nublado;Simples;Curva;Não;1;1;0;0;0;0;0;1;-6,805562;-47,989527;SPRF-TO;DEL02-TO;UOP01-DEL02-TO
738449;13/12/2025;sábado;07:05:00;RJ;40;43;AREAL;Ausência de reação do condutor;Saída de leito carroçável;Com Vítimas Feridas;Pleno dia;Decrescente;Céu Claro;Dupla;Curva;Não;2;0;1;0;1;0;1;1;-22,26672086;-43,10937755;SPRF-RJ;DEL05-RJ;UOP02-DEL05-RJ
738451;13/12/2025;sábado;08:05:00;PE;101;65,4;RECIFE;Ausência de reação do condutor;Colisão traseira;Com Vítimas Feridas;Pleno dia;Decrescente;Céu Claro;Múltipla;Reta;Sim;2;0;1;0;1;0;1;2;-8,030456;-34,942907;SPRF-PE;DEL01-PE;UOP01-DEL01-PE
738453;13/12/2025;sábado;08:00:00;SP;116;225;GUARULHOS;Chuva;Tombamento;Com Vítimas Feridas;Pleno dia;Crescente;Chuva;Múltipla;"Reta;Aclive";Sim;2;0;1;1;0;0;2;1;-23,4902344;-46,54932079;SPRF-SP;DEL01-SP;UOP01-DEL01-SP
738455;12/12/2025;sexta-feira;23:57:00;MG;381;544;ITATIAIUCU;Chuva;Saída de leito carroçável;Sem Vítimas;Plena Noite;Decrescente;Chuva;Múltipla;"Declive;Curva";Não;1;0;0;0;0;1;0;1;-20,24923298;-44,41167355;SPRF-MG;DEL04-MG;UOP03-DEL04-MG
738456;12/12/2025;sexta-feira;10:55:00;MS;60;439;SIDROLANDIA;Animais na Pista;Atropelamento de Animal;Com Vítimas Feridas;Pleno dia;Crescente;Nublado;Simples;Curva;Não;2;0;0;2;0;0;2;2;-20,976066;-55,04413883;SPRF-MS;DEL01-MS;UOP04-DEL01-MS
738458;13/12/2025;sábado;07:35:00;MG;262;352;BETIM;Ausência de reação do condutor;Saída de leito carroçável;Com Vítimas Feridas;Pleno dia;Decrescente;Nublado;Dupla;Curva;Não;2;0;2;0;0;0;2;1;-19,98391595;-44,2428875;SPRF-MG;DEL01-MG;UOP03-DEL01-MG
738460;13/12/2025;sábado;08:25:00;PI;316;11,2;TERESINA;Acumulo de óleo sobre o pavimento;Tombamento;Com Vítimas Feridas;Pleno dia;Decrescente;Nublado;Múltipla;Rotatória;Sim;1;0;0;1;0;0;1;1;-5,190762;-42,760885;SPRF-PI;DEL01-PI;UOP02-DEL01-PI
738461;13/12/2025;sábado;06:54:00;MA;10;255,5;IMPERATRIZ;Condutor deixou de manter distância do veículo da frente;Engavetamento;Sem Vítimas;Pleno dia;Decrescente;Nublado;Simples;Reta;Sim;4;0;0;0;4;0;0;3;-5,510176;-47,471776;SPRF-MA;DEL04-MA;UOP01-DEL04-MA
738462;13/12/2025;sábado;08:20:00;SE;101;56,5;ROSARIO DO CATETE;Acessar a via sem observar a presença dos outros veículos;Colisão frontal;Com Vítimas Feridas;Pleno dia;Decrescente;Céu Claro;Simples;Curva;Não;7;0;6;0;1;0;6;2;-10,69097217;-37,03697205;SPRF-SE;DEL02-SE;UOP02-DEL02-SE
738463;13/12/2025;sábado;08:00:00;BA;324;540;AMELIA RODRIGUES;Condutor deixou de manter distância do veículo da frente;Engavetamento;Com Vítimas Feridas;Pleno dia;Decrescente;Chuva;Dupla;Reta;Não;4;0;1;0;3;0;1;3;-12,391107;-38,78234;SPRF-BA;DEL01-BA;UOP03-DEL01-BA
738466;13/12/2025;sábado;08:40:00;PA;230;621;ALTAMIRA;Avarias e/ou desgaste excessivo no pneu;Tombamento;Com Vítimas Feridas;Pleno dia;Decrescente;Nublado;Simples;Reta;Não;2;0;2;0;0;0;2;1;-3,17238;-52,14601;SPRF-PA;DEL04-PA;UOP01-DEL04-PA
738471;13/12/2025;sábado;08:40:00;RJ;40;106;DUQUE DE CAXIAS;Ausência de reação do condutor;Colisão transversal;Com Vítimas Feridas;Pleno dia;Decrescente;Céu Claro;Dupla;Reta;Não;2;0;1;0;1;0;1;2;-22,65718554;-43,28262024;SPRF-RJ;DEL01-RJ;UOP02-DEL01-RJ
738472;13/12/2025;sábado;08:40:00;RJ;116;232,7;PIRAI;Pista Escorregadia;Colisão lateral mesmo sentido;Com Vítimas Feridas;Pleno dia;Decrescente;Chuva;Dupla;"Curva;Declive";Não;2;0;1;0;1;0;1;2;-22,6697483;-43,8373433;SPRF-RJ;DEL07-RJ;UOP01-DEL07-RJ
738473;13/12/2025;sábado;07:45:00;MG;381;921,3;CAMANDUCAIA;Velocidade Incompatível;Tombamento;Com Vítimas Feridas;Pleno dia;Crescente;Chuva;Dupla;"Declive;Curva";Não;27;0;7;0;20;0;7;1;-22,76317706;-46,17112605;SPRF-MG;DEL16-MG;UOP03-DEL16-MG
738474;13/12/2025;sábado;08:10:00;MT;174;289;PONTES E LACERDA;Ausência de reação do condutor;Saída de leito carroçável;Sem Vítimas;Pleno dia;Decrescente;Céu Claro;Simples;"Retorno Regulamentado;Reta";Sim;2;0;0;0;2;0;0;1;-15,24197741;-59,31472236;SPRF-MT;DEL04-MT;UOP01-DEL04-MT
738475;13/12/2025;sábado;08:00:00;PR;376;238;APUCARANA;Reação tardia ou ineficiente do condutor;Colisão lateral mesmo sentido;Com Vítimas Feridas;Pleno dia;Crescente;Garoa/Chuvisco;Dupla;"Curva;Aclive";Não;5;0;4;0;1;0;4;3;-23,58555511;-51,47520825;SPRF-PR;DEL07-PR;UOP03-DEL07-PR
738476;13/12/2025;sábado;10:00:00;SP;381;74;SAO PAULO;Demais falhas mecânicas ou elétricas;Colisão com objeto;Com Vítimas Feridas;Pleno dia;Crescente;Nublado;Múltipla;Curva;Não;1;0;1;0;0;0;1;1;-23,36727696;-46,55275536;SPRF-SP;DEL03-SP;UOP01-DEL03-SP
738478;13/12/2025;sábado;08:45:00;SC;101;197;BIGUACU;Reação tardia ou ineficiente do condutor;Queda de ocupante de veículo;Com Vítimas Feridas;Pleno dia;Decrescente;Céu Claro;Dupla;Curva;Não;1;0;1;0;0;0;1;1;-27,51524544;-48,63934692;SPRF-SC;DEL01-SC;UOP01-DEL01-SC
738479;13/12/2025;sábado;09:15:00;MG;381;411,9;CAETE;Avarias e/ou desgaste excessivo no pneu;Tombamento;Com Vítimas Feridas;Pleno dia;Crescente;Nublado;Dupla;"Reta;Declive";Não;2;0;2;0;0;0;2;1;-19,743567;-43,615085;SPRF-MG;DEL01-MG;UOP01-DEL01-MG
738480;13/12/2025;sábado;10:15:00;PR;277;663,5;MATELANDIA;Manobra de mudança de faixa;Colisão traseira;Com Vítimas Feridas;Pleno dia;Crescente;Céu Claro;Dupla;Reta;Sim;4;0;2;2;0;0;4;2;-25,251846;-54,005176;SPRF-PR;DEL05-PR;UOP02-DEL05-PR
738483;10/11/2025;segunda-feira;11:00:00;MT;70;264;PRIMAVERA DO LESTE;Reação tardia ou ineficiente do condutor;Saída de leito carroçável;Com Vítimas Feridas;Pleno dia;Crescente;Nublado;Simples;Reta;Não;1;0;1;0;0;0;1;1;-15,5713362;-54,19134736;SPRF-MT;DEL05-MT;UOP01-DEL05-MT
738487;13/12/2025;sábado;10:40:00;SC;101;118;ITAJAI;Ausência de reação do condutor;Tombamento;Com Vítimas Feridas;Plena Noite;Crescente;Céu Claro;Múltipla;Reta;Sim;1;0;0;1;0;0;1;1;-26,89249969;-48,7200737;SPRF-SC;DEL04-SC;UOP04-DEL04-SC
738489;13/12/2025;sábado;09:20:00;GO;40;121,5;CRISTALINA;Acumulo de água sobre o pavimento;Saída de leito carroçável;Com Vítimas Feridas;Pleno dia;Crescente;Chuva;Dupla;Curva;Não;4;0;1;1;2;0;2;1;-16,86578;-47,411326;SPRF-DF;DEL01-DF;UOP02-DEL01-DF
738490;13/12/2025;sábado;07:50:00;PR;376;616,9;SAO JOSE DOS PINHAIS;Reação tardia ou ineficiente do condutor;Saída de leito carroçável;Sem Vítimas;Pleno dia;Decrescente;Nublado;Múltipla;Reta;Não;1;0;0;0;1;0;0;1;-25,58853487;-49,17203397;SPRF-PR;DEL01-PR;UOP04-DEL01-PR
738491;13/12/2025;sábado;10:35:00;PB;101;69,6;SANTA RITA;Manobra de mudança de faixa;Colisão traseira;Com Vítimas Feridas;Pleno dia;Decrescente;Céu Claro;Dupla;Reta;Não;5;0;0;2;3;0;2;4;-7,06215292;-35,01632363;SPRF-PB;DEL01-PB;UOP03-DEL01-PB
738493;13/12/2025;sábado;09:40:00;MA;135;12,7;SAO LUIS;Pedestre cruzava a pista fora da faixa;Atropelamento de Pedestre;Com Vítimas Feridas;Pleno dia;Crescente;Céu Claro;Dupla;Reta;Sim;2;0;0;1;1;0;1;2;-2,6880698;-44,2998792;SPRF-MA;DEL01-MA;UOP01-DEL01-MA
738495;13/12/2025;sábado;10:00:00;MG;354;711,9;CAXAMBU;Ausência de reação do condutor;Colisão frontal;Com Vítimas Feridas;Pleno dia;Decrescente;Chuva;Simples;"Curva;Declive";Não;6;0;6;0;0;0;6;2;-22,044623;-44,926552;SPRF-MG;DEL17-MG;UOP01-DEL17-MG
738496;13/12/2025;sábado;11:20:00;PR;369;146,6;LONDRINA;Manobra de mudança de faixa;Colisão lateral mesmo sentido;Com Vítimas Feridas;Pleno dia;Decrescente;Nublado;Dupla;Reta;Sim;2;0;1;0;1;0;1;2;-23,29316505;-51,1267647;SPRF-PR;DEL07-PR;UOP01-DEL07-PR
738497;13/12/2025;sábado;11:40:00;SP;381;57;MAIRIPORA;Reação tardia ou ineficiente do condutor;Engavetamento;Sem Vítimas;Pleno dia;Decrescente;Céu Claro;Dupla;Reta;Não;3;0;0;0;2;1;0;3;-23,2688689;-46,5839459;SPRF-SP;DEL03-SP;UOP01-DEL03-SP
738499;13/12/2025;sábado;08:17:00;TO;153;773;ALVORADA;Condutor Dormindo;Capotamento;Com Vítimas Feridas;Pleno dia;Decrescente;Céu Claro;Simples;Reta;Não;3;0;1;0;2;0;1;1;-12,58635;-49,07452;SPRF-TO;DEL01-TO;UOP02-DEL01-TO
738500;13/12/2025;sábado;10:10:00;RS;116;209,4;MORRO REUTER;Reação tardia ou ineficiente do condutor;Colisão lateral sentido oposto;Com Vítimas Feridas;Pleno dia;Crescente;Céu Claro;Simples;Curva;Não;2;0;1;0;1;0;1;2;-29,52155162;-51,08590476;SPRF-RS;DEL05-RS;UOP02-DEL05-RS
738501;13/12/2025;sábado;11:50:00;MG;153;45;CANAPOLIS;Ausência de reação do condutor;Saída de leito carroçável;Com Vítimas Feridas;Pleno dia;Crescente;Chuva;Dupla;"Reta;Declive";Não;1;0;1;0;0;0;1;1;-18,77992008;-49,0784537;SPRF-MG;DEL15-MG;UOP03-DEL15-MG
738503;12/12/2025;sexta-feira;21:50:00;PR;376;443;TIBAGI;Velocidade Incompatível;Saída de leito carroçável;Com Vítimas Feridas;Plena Noite;Crescente;Garoa/Chuvisco;Dupla;"Declive;Curva";Não;2;0;2;0;0;0;2;1;-24,87651079;-50,44298315;SPRF-PR;DEL03-PR;UOP02-DEL03-PR
738504;13/12/2025;sábado;07:00:00;PR;153;185;TIBAGI;Demais falhas mecânicas ou elétricas;Incêndio;Sem Vítimas;Amanhecer;Crescente;Nublado;Simples;Reta;Não;1;0;0;0;0;1;0;1;-24,47168172;-50,44475555;SPRF-PR;DEL03-PR;UOP02-DEL03-PR
738506;13/12/2025;sábado;12:10:00;SP;116;149;SAO JOSE DOS CAMPOS;Reação tardia ou ineficiente do condutor;Engavetamento;Com Vítimas Feridas;Pleno dia;Decrescente;Nublado;Múltipla;"Aclive;Reta";Sim;3;0;0;1;2;0;1;3;-23,2009191;-45,87959752;SPRF-SP;DEL02-SP;UOP01-DEL02-SP
738507;13/12/2025;sábado;09:40:00;MG;381;794,7;SAO GONCALO DO SAPUCAI;Avarias e/ou desgaste excessivo no pneu;Saída de leito carroçável;Com Vítimas Feridas;Pleno dia;Crescente;Chuva;Dupla;Reta;Não;2;0;1;0;1;0;1;1;-21,91055982;-45,57283401;SPRF-MG;DEL16-MG;UOP02-DEL16-MG
738508;13/12/2025;sábado;08:30:00;MA;222;209,3;ITAPECURU MIRIM;Conversão proibida;Tombamento;Com Vítimas Feridas;Pleno dia;Decrescente;Céu Claro;Simples;Reta;Sim;5;0;1;0;4;0;1;2;-3,3822896;-44,3721965;SPRF-MA;DEL01-MA;UOP02-DEL01-MA
738509;13/12/2025;sábado;11:50:00;PR;376;653,6;TIJUCAS DO SUL;Reação tardia ou ineficiente do condutor;Tombamento;Com Vítimas Feridas;Pleno dia;Decrescente;Nublado;Dupla;Curva;Não;2;0;2;0;0;0;2;1;-25,84094911;-49,04772934;SPRF-PR;DEL01-PR;UOP04-DEL01-PR
738511;13/12/2025;sábado;10:30:00;SC;101;317;PESCARIA BRAVA;Demais falhas mecânicas ou elétricas;Tombamento;Com Vítimas Feridas;Pleno dia;Decrescente;Sol;Dupla;Curva;Sim;2;0;2;0;0;0;2;1;-28,43007604;-48,87252895;SPRF-SC;DEL02-SC;UOP01-DEL02-SC
738512;13/12/2025;sábado;09:00:00;MG;381;924,4;CAMANDUCAIA;Velocidade Incompatível;Saída de leito carroçável;Sem Vítimas;Pleno dia;Crescente;Chuva;Dupla;Curva;Não;1;0;0;0;0;1;0;1;-22,7700283;-46,1941004;SPRF-MG;DEL16-MG;UOP03-DEL16-MG
738513;13/12/2025;sábado;08:10:00;MG;365;333,6;JOAO PINHEIRO;Chuva;Saída de leito carroçável;Com Vítimas Feridas;Pleno dia;Crescente;Chuva;Simples;Reta;Não;5;0;2;0;3;0;2;1;-18,31598;-45,97775;SPRF-MG;DEL10-MG;UOP01-DEL10-MG
738516;13/12/2025;sábado;11:50:00;RJ;393;279;BARRA DO PIRAI;Reação tardia ou ineficiente do condutor;Colisão transversal;Com Vítimas Feridas;Pleno dia;Decrescente;Chuva;Simples;Reta;Não;2;0;1;0;1;0;1;2;-22,478877;-44,045684;SPRF-RJ;DEL05-RJ;UOP04-DEL05-RJ
738517;13/12/2025;sábado;10:50:00;AC;364;124;RIO BRANCO;Desrespeitar a preferência no cruzamento;Colisão transversal;Com Vítimas Feridas;Pleno dia;Decrescente;Céu Claro;Dupla;Rotatória;Sim;3;0;1;0;2;0;1;2;-10,0114745;-67,7984333;SPRF-AC;DEL01-AC;UOP01-DEL01-AC