id;data_inversa;dia_semana;horario;uf;br;km;municipio;causa_acidente;tipo_acidente;classificacao_acidente;fase_dia;sentido_via;condicao_metereologica;tipo_pista;tracado_via;uso_solo;pessoas;mortos;feridos_leves;feridos_graves;ilesos;ignorados;feridos;veiculos;latitude;longitude;regional;delegacia;uop
738631;13/12/2025;sábado;21:30:00;SP;116;162;JACAREI;Ausência de reação do condutor;Saída de leito carroçável;Com Vítimas Feridas;Plena Noite;Decrescente;Garoa/Chuvisco;Dupla;Reta;Não;1;0;1;0;0;0;1;1;-23,281121;-45,983105;SPRF-SP;DEL02-SP;UOP01-DEL02-SP
738632;13/12/2025;sábado;21:10:00;MA;135;94;ITAPECURU MIRIM;Reação tardia ou ineficiente do condutor;Colisão traseira;Com Vítimas Feridas;Plena Noite;Decrescente;Céu Claro;Simples;Reta;Sim;3;0;0;2;0;1;2;2;-3,320015;-44,43595;SPRF-MA;DEL01-MA;UOP02-DEL01-MA
738633;13/12/2025;sábado;21:26:00;SC;101;102,8;BALNEARIO PICARRAS;Acessar a via sem observar a presença dos outros veículos;Atropelamento de Pedestre;Com Vítimas Feridas;Plena Noite;Decrescente;Nublado;Dupla;Reta;Sim;3;0;0;1;1;1;1;2;-26,77932505;-48,68457592;SPRF-SC;DEL03-SC;UOP02-DEL03-SC
738634;13/12/2025;sábado;20:12:00;SC;116;37;ITAIOPOLIS;Ingestão de álcool pelo condutor;Colisão com objeto;Sem Vítimas;Plena Noite;Crescente;Céu Claro;Simples;Em Obras;Sim;2;0;0;0;1;1;0;2;-26,33974;-50,0206;SPRF-SC;DEL06-SC;UOP01-DEL06-SC
738635;13/12/2025;sábado;21:40:00;RJ;101;74;CAMPOS DOS GOYTACAZES;Reação tardia ou ineficiente do condutor;Tombamento;Com Vítimas Feridas;Plena Noite;Decrescente;Nublado;Simples;Reta;Sim;1;0;1;0;0;0;1;1;-21,814082;-41,396888;SPRF-RJ;DEL08-RJ;UOP02-DEL08-RJ
738636;13/12/2025;sábado;20:35:00;PR;373;249;GUAMIRANGA;Transitar na contramão;Colisão frontal;Com Vítimas Feridas;Plena Noite;Crescente;Céu Claro;Simples;Reta;Não;3;0;3;0;0;0;3;2;-25,19382816;-50,79080075;SPRF-PR;DEL03-PR;UOP01-DEL03-PR
738637;13/12/2025;sábado;22:00:00;RS;116;260;CANOAS;Avarias e/ou desgaste excessivo no pneu;Tombamento;Com Vítimas Feridas;Plena Noite;Decrescente;Céu Claro;Dupla;"Reta;Interseção de Vias";Sim;1;0;1;0;0;0;1;1;-29,87942514;-51,18032455;SPRF-RS;DEL01-RS;UOP01-DEL01-RS
738639;13/12/2025;sábado;22:00:00;SP;116;208;GUARULHOS;Reação tardia ou ineficiente do condutor;Saída de leito carroçável;Sem Vítimas;Plena Noite;Crescente;Céu Claro;Dupla;Reta;Sim;1;0;0;0;1;0;0;1;-23,42260598;-46,39505529;SPRF-SP;DEL01-SP;UOP01-DEL01-SP
738641;13/12/2025;sábado;21:15:00;SP;116;201;ARUJA;Ingestão de álcool pelo condutor;Colisão traseira;Sem Vítimas;Plena Noite;Decrescente;Ignorado;Dupla;Curva;Não;2;0;0;0;2;0;0;2;-23,40438668;-46,33260417;SPRF-SP;DEL01-SP;UOP01-DEL01-SP
738644;13/12/2025;sábado;22:30:00;RS;386;440;CANOAS;Ausência de reação do condutor;Colisão com objeto;Com Vítimas Feridas;Plena Noite;Crescente;Céu Claro;Simples;Curva;Não;2;0;0;1;0;1;1;2;-29,88189963;-51,23859286;SPRF-RS;DEL01-RS;UOP01-DEL01-RS
738645;13/12/2025;sábado;21:10:00;MG;381;353;JOAO MONLEVADE;Ingestão de álcool pelo condutor;Tombamento;Com Vítimas Feridas;Plena Noite;Crescente;Nublado;Simples;Reta;Sim;2;0;1;0;1;0;1;1;-19,839781;-43,19675;SPRF-MG;DEL03-MG;UOP01-DEL03-MG
738647;13/12/2025;sábado;21:30:00;SC;470;166;POUSO REDONDO;Ultrapassagem Indevida;Colisão frontal;Com Vítimas Feridas;Plena Noite;Crescente;Céu Claro;Simples;"Reta;Declive";Não;3;0;1;2;0;0;3;2;-27,26671947;-49,873583;SPRF-SC;DEL04-SC;UOP02-DEL04-SC
738648;13/12/2025;sábado;22:19:00;RS;153;47;ERECHIM;Desrespeitar a preferência no cruzamento;Colisão transversal;Com Vítimas Feridas;Plena Noite;Decrescente;Céu Claro;Simples;Interseção de Vias;Sim;2;0;0;1;1;0;1;2;-27,64245835;-52,24503532;SPRF-RS;DEL08-RS;UOP04-DEL08-RS
738649;13/12/2025;sábado;20:20:00;PI;230;306,8;FLORIANO;Ausência de reação do condutor;Colisão com objeto;Com Vítimas Feridas;Plena Noite;Crescente;Céu Claro;Simples;Curva;Sim;1;0;0;1;0;0;1;1;-6,78856406;-42,99200535;SPRF-PI;DEL03-PI;UOP01-DEL03-PI
738650;13/12/2025;sábado;22:30:00;PR;277;12;PARANAGUA;Ausência de reação do condutor;Saída de leito carroçável;Sem Vítimas;Plena Noite;Crescente;Nublado;Dupla;"Reta;Retorno Regulamentado";Não;3;0;0;0;3;0;0;1;-25,562542;-48,638451;SPRF-PR;DEL01-PR;UOP05-DEL01-PR
738651;13/12/2025;sábado;16:23:00;SP;116;65;GUARATINGUETA;Demais falhas mecânicas ou elétricas;Queda de ocupante de veículo;Com Vítimas Feridas;Pleno dia;Decrescente;Céu Claro;Dupla;Reta;Não;1;0;1;0;0;0;1;1;-22,8076783;-45,17764282;SPRF-SP;DEL08-SP;UOP01-DEL08-SP
738652;13/12/2025;sábado;22:40:00;MG;381;480,8;CONTAGEM;Entrada inopinada do pedestre;Atropelamento de Pedestre;Com Vítimas Fatais;Plena Noite;Crescente;Céu Claro;Dupla;Reta;Sim;4;2;1;1;0;0;2;2;-19,958213;-44,05872;SPRF-MG;DEL01-MG;UOP03-DEL01-MG
738653;13/12/2025;sábado;22:50:00;SC;280;38;ARAQUARI;Ingestão de álcool pelo condutor;Colisão frontal;Com Vítimas Feridas;Plena Noite;Crescente;Nublado;Simples;"Reta;Ponte";Não;4;0;2;0;2;0;2;2;-26,44834528;-48,83100383;SPRF-SC;DEL03-SC;UOP03-DEL03-SC
738654;13/12/2025;sábado;21:10:00;SC;116;71;MONTE CASTELO;Conversão proibida;Colisão transversal;Sem Vítimas;Plena Noite;Decrescente;Céu Claro;Simples;Reta;Não;2;0;0;0;2;0;0;2;-26,4730074;-50,2310686;SPRF-SC;DEL06-SC;UOP02-DEL06-SC
738655;13/12/2025;sábado;21:10:00;SC;470;351,6;CAMPOS NOVOS;Ingestão de álcool pelo condutor;Saída de leito carroçável;Sem Vítimas;Plena Noite;Decrescente;Céu Claro;Simples;Curva;Não;1;0;0;0;1;0;0;1;-27,57446014;-51,45668361;SPRF-SC;DEL07-SC;UOP06-DEL07-SC
738656;13/12/2025;sábado;22:52:00;PE;232;147;SAO CAITANO;Animais na Pista;Tombamento;Com Vítimas Feridas;Plena Noite;Crescente;Céu Claro;Dupla;Reta;Sim;1;0;1;0;0;0;1;1;-8,34223969;-36,138953;SPRF-PE;DEL03-PE;UOP02-DEL03-PE
738657;13/12/2025;sábado;20:05:00;CE;116;481;MILAGRES;Animais na Pista;Atropelamento de Animal;Com Vítimas Feridas;Plena Noite;Decrescente;Céu Claro;Simples;Curva;Sim;1;0;0;1;0;0;1;1;-7,30896381;-38,93598676;SPRF-CE;DEL05-CE;UOP03-DEL05-CE
738658;13/12/2025;sábado;23:00:00;MG;381;489;BETIM;Ingestão de álcool pelo condutor;Colisão traseira;Sem Vítimas;Plena Noite;Decrescente;Nublado;Múltipla;Reta;Não;6;0;0;0;5;1;0;3;-19,95655333;-44,13602678;SPRF-MG;DEL01-MG;UOP03-DEL01-MG
738659;13/12/2025;sábado;22:00:00;PA;230;673;ALTAMIRA;Reação tardia ou ineficiente do condutor;Colisão traseira;Com Vítimas Fatais;Plena Noite;Decrescente;Céu Claro;Simples;"Reta;Declive";Não;2;1;0;0;0;1;0;2;-3,25236;-52,34974;SPRF-PA;DEL04-PA;UOP01-DEL04-PA
738660;13/12/2025;sábado;22:20:00;RS;392;117,3;CANGUCU;Ingestão de álcool pelo condutor;Saída de leito carroçável;Com Vítimas Feridas;Plena Noite;Crescente;Céu Claro;Simples;"Curva;Declive";Não;1;0;1;0;0;0;1;1;-31,4129213;-52,678225;SPRF-RS;DEL07-RS;UOP01-DEL07-RS
738661;13/12/2025;sábado;23:33:00;SP;116;201;ARUJA;Reação tardia ou ineficiente do condutor;Saída de leito carroçável;Sem Vítimas;Plena Noite;Crescente;Garoa/Chuvisco;Dupla;Reta;Não;1;0;0;0;1;0;0;1;-23,4036736;-46,33145618;SPRF-SP;DEL01-SP;UOP01-DEL01-SP
738664;13/12/2025;sábado;20:00:00;RR;174;493;BOA VISTA;Acessar a via sem observar a presença dos outros veículos;Colisão com objeto;Com Vítimas Feridas;Plena Noite;Decrescente;Céu Claro;Simples;Reta;Não;1;0;1;0;0;0;1;1;2,7465595;-60,74684143;SPRF-RR;DEL01-RR;UOP01-DEL01-RR
738667;13/12/2025;sábado;23:30:00;PR;376;248;APUCARANA;Chuva;Queda de ocupante de veículo;Com Vítimas Feridas;Plena Noite;Decrescente;Chuva;Dupla;Reta;Não;1;0;1;0;0;0;1;1;-23,6074884;-51,40697068;SPRF-PR;DEL07-PR;UOP03-DEL07-PR
738668;13/12/2025;sábado;22:30:00;RS;158;560;SANTANA DO LIVRAMENTO;Demais falhas mecânicas ou elétricas;Incêndio;Sem Vítimas;Plena Noite;Crescente;Céu Claro;Simples;Aclive;Não;2;0;0;0;2;0;0;1;-30,84595053;-55,45578416;SPRF-RS;DEL11-RS;UOP01-DEL11-RS
738669;13/12/2025;sábado;22:00:00;SC;282;578,8;PINHALZINHO;Demais falhas na via;Tombamento;Com Vítimas Feridas;Plena Noite;Crescente;Céu Claro;Simples;Reta;Sim;1;0;0;1;0;0;1;1;-26,84659704;-52,98068762;SPRF-SC;DEL07-SC;UOP02-DEL07-SC
738671;13/12/2025;sábado;22:50:00;PR;153;42,9;SANTO ANTONIO DA PLATINA;Acessar a via sem observar a presença dos outros veículos;Colisão transversal;Com Vítimas Feridas;Plena Noite;Crescente;Chuva;Dupla;Rotatória;Sim;3;0;1;1;0;1;2;2;-23,30403398;-50,07030694;SPRF-PR;DEL07-PR;UOP04-DEL07-PR
738672;14/12/2025;domingo;00:10:00;SC;101;132;CAMBORIU;Ausência de reação do condutor;Colisão traseira;Com Vítimas Feridas;Plena Noite;Crescente;Nublado;Dupla;Reta;Não;2;0;0;1;1;0;1;2;-26,999323;-48,65107656;SPRF-SC;DEL04-SC;UOP03-DEL04-SC
738673;13/12/2025;sábado;22:30:00;MG;116;410,8;GOVERNADOR VALADARES;Ingestão de álcool pelo condutor;Colisão traseira;Com Vítimas Feridas;Plena Noite;Crescente;Nublado;Dupla;"Declive;Reta";Sim;2;0;0;2;0;0;2;2;-18,865445;-41,973704;SPRF-MG;DEL06-MG;UOP01-DEL06-MG
738674;13/12/2025;sábado;22:00:00;MS;163;488;CAMPO GRANDE;Ausência de reação do condutor;Tombamento;Com Vítimas Feridas;Plena Noite;Crescente;Céu Claro;Simples;Reta;Não;1;0;1;0;0;0;1;1;-20,41542402;-54,54817219;SPRF-MS;DEL01-MS;UOP02-DEL01-MS
738675;13/12/2025;sábado;23:00:00;RO;364;17;VILHENA;Condutor deixou de manter distância do veículo da frente;Colisão traseira;Sem Vítimas;Plena Noite;Crescente;Garoa/Chuvisco;Simples;"Aclive;Reta";Não;3;0;0;0;3;0;0;2;-12,731383;-60,16842;SPRF-RO;DEL04-RO;UOP01-DEL04-RO
738677;14/12/2025;domingo;00:00:00;SC;101;113;ITAJAI;Ingestão de álcool pelo condutor;Saída de leito carroçável;Sem Vítimas;Plena Noite;Crescente;Céu Claro;Múltipla;Reta;Sim;1;0;0;0;0;1;0;1;-26,85613242;-48,7276268;SPRF-SC;DEL04-SC;UOP04-DEL04-SC
738678;13/12/2025;sábado;21:00:00;SC;163;92,7;GUARACIABA;Transitar na contramão;Colisão frontal;Com Vítimas Feridas;Plena Noite;Decrescente;Céu Claro;Simples;Reta;Não;2;0;0;2;0;0;2;2;-26,54468768;-53,5201335;SPRF-SC;DEL07-SC;UOP03-DEL07-SC
738680;13/12/2025;sábado;22:35:00;RS;468;104,9;TRES PASSOS;Acessar a via sem observar a presença dos outros veículos;Colisão transversal;Com Vítimas Feridas;Plena Noite;Crescente;Céu Claro;Simples;Rotatória;Sim;2;0;0;1;1;0;1;2;-27,44495772;-53,94936597;SPRF-RS;DEL08-RS;UOP02-DEL08-RS
738682;13/12/2025;sábado;23:30:00;MT;174;327;PONTES E LACERDA;Animais na Pista;Atropelamento de Animal;Com Vítimas Feridas;Plena Noite;Decrescente;Céu Claro;Simples;Reta;Não;2;0;1;0;1;0;1;1;-14,909767;-59,29311;SPRF-MT;DEL04-MT;UOP01-DEL04-MT
738683;13/12/2025;sábado;21:50:00;MT;174;290;PONTES E LACERDA;Ingestão de álcool pelo condutor;Tombamento;Com Vítimas Feridas;Plena Noite;Decrescente;Céu Claro;Simples;Reta;Sim;1;0;1;0;0;0;1;1;-15,23349932;-59,31761751;SPRF-MT;DEL04-MT;UOP01-DEL04-MT
738684;14/12/2025;domingo;00:45:00;RN;101;79,5;NATAL;Manobra de mudança de faixa;Colisão lateral mesmo sentido;Com Vítimas Feridas;Plena Noite;Decrescente;Nublado;Dupla;Interseção de Vias;Sim;3;0;1;0;1;1;1;2;-5,753528;-35,288732;SPRF-RN;DEL02-RN;UOP01-DEL02-RN
738685;13/12/2025;sábado;22:22:00;PI;316;229;INHUMA;Entrada inopinada do pedestre;Atropelamento de Pedestre;Com Vítimas Feridas;Plena Noite;Decrescente;Céu Claro;Simples;Reta;Não;5;0;0;1;3;1;1;3;-6,56056;-41,72956;SPRF-PI;DEL04-PI;UOP02-DEL04-PI
738686;14/12/2025;domingo;00:30:00;DF;60;0;BRASILIA;Ingestão de álcool pelo condutor;Colisão traseira;Com Vítimas Feridas;Plena Noite;Crescente;Garoa/Chuvisco;Múltipla;"Reta;Interseção de Vias";Sim;3;0;1;0;2;0;1;2;-15,88285731;-48,06050688;SPRF-DF;DEL03-DF;UOP01-DEL03-DF
738687;14/12/2025;domingo;01:47:00;RJ;116;291,9;BARRA MANSA;Condutor Dormindo;Saída de leito carroçável;Com Vítimas Feridas;Plena Noite;Decrescente;Nublado;Dupla;Reta;Não;1;0;0;1;0;0;1;1;-22,47455819;-44,27133434;SPRF-RJ;DEL07-RJ;UOP02-DEL07-RJ
738688;14/12/2025;domingo;00:50:00;RJ;101;543;PARATY;Ausência de reação do condutor;Colisão com objeto;Com Vítimas Feridas;Plena Noite;Crescente;Garoa/Chuvisco;Simples;Curva;Não;1;0;1;0;0;0;1;1;-23,04129415;-44,59607899;SPRF-RJ;DEL03-RJ;UOP04-DEL03-RJ
738691;14/12/2025;domingo;01:00:00;RS;472;454;ITAQUI;Ingestão de álcool pelo condutor;Colisão lateral sentido oposto;Sem Vítimas;Plena Noite;Crescente;Céu Claro;Simples;Reta;Não;5;0;0;0;5;0;0;2;-29,02683412;-56,20039523;SPRF-RS;DEL12-RS;UOP01-DEL12-RS
738694;14/12/2025;domingo;02:11:00;PI;316;262;IPIRANGA DO PIAUI;Entrada inopinada do pedestre;Atropelamento de Pedestre;Com Vítimas Fatais;Plena Noite;Decrescente;Céu Claro;Simples;Reta;Sim;3;1;0;0;2;0;0;2;-6,848978;-41,740207;SPRF-PI;DEL04-PI;UOP02-DEL04-PI
738695;14/12/2025;domingo;03:30:00;PR;277;25;MORRETES;Ausência de reação do condutor;Saída de leito carroçável;Com Vítimas Feridas;Plena Noite;Crescente;Céu Claro;Dupla;Reta;Não;1;0;1;0;0;0;1;1;-25,535496;-48,762371;SPRF-PR;DEL01-PR;UOP05-DEL01-PR
738696;14/12/2025;domingo;03:00:00;MT;70;1;BARRA DO GARCAS;Condutor Dormindo;Colisão transversal;Sem Vítimas;Plena Noite;Decrescente;Céu Claro;Simples;Reta;Sim;4;0;0;0;2;2;0;4;-15,8900383;-52,26437688;SPRF-MT;DEL07-MT;UOP01-DEL07-MT
738697;14/12/2025;domingo;02:20:00;SC;282;530,3;CORDILHEIRA ALTA;Ausência de reação do condutor;Saída de leito carroçável;Sem Vítimas;Plena Noite;Decrescente;Céu Claro;Simples;"Curva;Aclive";Sim;1;0;0;0;1;0;0;1;-26,986793;-52,608415;SPRF-SC;DEL07-SC;UOP01-DEL07-SC
738699;14/12/2025;domingo;04:00:00;PB;101;86,5;JOAO PESSOA;Animais na Pista;Atropelamento de Animal;Sem Vítimas;Pleno dia;Decrescente;Céu Claro;Dupla;Reta;Sim;2;0;0;0;2;0;0;1;-7,154152;-34,907868;SPRF-PB;DEL01-PB;UOP01-DEL01-PB
738701;14/12/2025;domingo;03:00:00;RO;174;14;VILHENA;Ausência de reação do condutor;Colisão com objeto;Sem Vítimas;Plena Noite;Crescente;Nublado;Dupla;Reta;Sim;1;0;0;0;0;1;0;1;-12,73346;-60,129968;SPRF-RO;DEL04-RO;UOP01-DEL04-RO
738702;14/12/2025;domingo;04:38:00;PE;101;47;IGARASSU;Reação tardia ou ineficiente do condutor;Saída de leito carroçável;Sem Vítimas;Pleno dia;Decrescente;Céu Claro;Dupla;Reta;Sim;1;0;0;0;0;1;0;1;-7,88189;-34,90491;SPRF-PE;DEL01-PE;UOP02-DEL01-PE
738703;14/12/2025;domingo;05:00:00;MG;381;432,7;SABARA;Condutor Dormindo;Saída de leito carroçável;Com Vítimas Feridas;Amanhecer;Crescente;Nublado;Simples;"Curva;Declive";Não;1;0;1;0;0;0;1;1;-19,799463;-43,756787;SPRF-MG;DEL01-MG;UOP01-DEL01-MG
738704;14/12/2025;domingo;04:00:00;SC;101;250,5;PAULO LOPES;Ingestão de álcool pelo condutor;Colisão com objeto;Com Vítimas Feridas;Plena Noite;Crescente;Nublado;Dupla;"Reta;Viaduto";Não;2;0;1;0;1;0;1;1;-27,94503733;-48,66915321;SPRF-SC;DEL02-SC;UOP03-DEL02-SC
738705;14/12/2025;domingo;00:34:00;PR;277;689;SAO MIGUEL DO IGUACU;Reação tardia ou ineficiente do condutor;Colisão com objeto;Com Vítimas Feridas;Plena Noite;Crescente;Céu Claro;Dupla;"Interseção de Vias;Reta";Sim;1;0;1;0;0;0;1;1;-25,34457341;-54,23120705;SPRF-PR;DEL05-PR;UOP01-DEL05-PR
738707;14/12/2025;domingo;05:00:00;SC;101;220;PALHOCA;Reação tardia ou ineficiente do condutor;Colisão com objeto;Com Vítimas Feridas;Pleno dia;Crescente;Céu Claro;Dupla;Reta;Sim;1;0;1;0;0;0;1;1;-27,69063436;-48,6644125;SPRF-SC;DEL01-SC;UOP02-DEL01-SC
738708;14/12/2025;domingo;03:30:00;BA;101;461;URUCUCA;Reação tardia ou ineficiente do condutor;Queda de ocupante de veículo;Com Vítimas Fatais;Plena Noite;Decrescente;Nublado;Simples;Reta;Não;6;1;1;0;4;0;1;2;-14,461;-39,322;SPRF-BA;DEL05-BA;UOP01-DEL05-BA
738709;14/12/2025;domingo;05:00:00;SP;116;208;GUARULHOS;Reação tardia ou ineficiente do condutor;Queda de ocupante de veículo;Com Vítimas Feridas;Amanhecer;Decrescente;Céu Claro;Simples;Interseção de Vias;Sim;1;0;1;0;0;0;1;1;-23,422601;-46,39419;SPRF-SP;DEL01-SP;UOP01-DEL01-SP
738710;14/12/2025;domingo;04:20:00;PE;428;84;SANTA MARIA DA BOA VISTA;Acesso irregular;Colisão lateral sentido oposto;Com Vítimas Feridas;Amanhecer;Crescente;Céu Claro;Simples;Retorno Regulamentado;Sim;3;0;0;2;1;0;2;2;-8,7987803;-39,826801;SPRF-PE;DEL06-PE;UOP03-DEL06-PE
738711;14/12/2025;domingo;05:12:00;SC;282;30,9;AGUAS MORNAS;Ingestão de álcool pelo condutor;Colisão frontal;Sem Vítimas;Amanhecer;Crescente;Céu Claro;Simples;Reta;Não;2;0;0;0;2;0;0;2;-27,70404762;-48,82212639;SPRF-SC;DEL01-SC;UOP03-DEL01-SC
738713;14/12/2025;domingo;05:30:00;SC;101;206;SAO JOSE;Pista Escorregadia;Colisão com objeto;Com Vítimas Feridas;Amanhecer;Crescente;Nublado;Múltipla;"Declive;Curva;Viaduto";Sim;1;0;1;0;0;0;1;1;-27,58462364;-48,61695735;SPRF-SC;DEL01-SC;UOP01-DEL01-SC
738715;14/12/2025;domingo;04:30:00;RS;290;421;SAO GABRIEL;Ingestão de álcool pelo condutor;Colisão com objeto;Com Vítimas Feridas;Amanhecer;Crescente;Céu Claro;Simples;Reta;Sim;3;0;1;0;1;1;1;1;-30,334192;-54,348581;SPRF-RS;DEL11-RS;UOP02-DEL11-RS
738716;14/12/2025;domingo;04:00:00;DF;60;7,9;BRASILIA;Ingestão de álcool pelo condutor;Saída de leito carroçável;Sem Vítimas;Amanhecer;Crescente;Nublado;Dupla;"Reta;Declive";Sim;2;0;0;0;1;1;0;2;-15,903624;-48,132186;SPRF-DF;DEL03-DF;UOP01-DEL03-DF
738717;13/02/2025;quinta-feira;21:00:00;MG;40;8,3;PARACATU;Velocidade Incompatível;Saída de leito carroçável;Com Vítimas Feridas;Plena Noite;Crescente;Nublado;Simples;Reta;Não;1;0;0;1;0;0;1;1;-17,069717;-47,097239;SPRF-MG;DEL14-MG;UOP01-DEL14-MG
738718;13/12/2025;sábado;16:00:00;BA;101;440;UBAITABA;Velocidade Incompatível;Queda de ocupante de veículo;Sem Vítimas;Pleno dia;Crescente;Céu Claro;Simples;Reta;Não;1;0;0;0;0;1;0;1;-14,2678363;-39,32674795;SPRF-BA;DEL05-BA;UOP01-DEL05-BA
738719;14/12/2025;domingo;05:31:00;MG;262;134;RIO CASCA;Acesso irregular;Colisão transversal;Com Vítimas Feridas;Amanhecer;Decrescente;Céu Claro;Simples;Reta;Não;3;0;2;0;1;0;2;2;-20,116228;-42,693147;SPRF-MG;DEL03-MG;UOP03-DEL03-MG
738720;14/12/2025;domingo;05:03:00;MS;163;275,9;DOURADOS;Ausência de reação do condutor;Saída de leito carroçável;Com Vítimas Feridas;Pleno dia;Crescente;Nublado;Dupla;Rotatória;Não;1;0;1;0;0;0;1;1;-22,17512181;-54,66641173;SPRF-MS;DEL04-MS;UOP01-DEL04-MS
738721;14/12/2025;domingo;03:00:00;RJ;40;109;DUQUE DE CAXIAS;Transitar na contramão;Colisão frontal;Com Vítimas Feridas;Amanhecer;Crescente;Céu Claro;Simples;Rotatória;Não;2;0;0;1;1;0;1;2;-22,67295368;-43,28622388;SPRF-RJ;DEL01-RJ;UOP02-DEL01-RJ
738722;14/12/2025;domingo;03:50:00;PI;316;7,3;TERESINA;Transitar na contramão;Colisão frontal;Com Vítimas Feridas;Plena Noite;Crescente;Céu Claro;Múltipla;Aclive;Sim;2;0;0;2;0;0;2;2;-5,16409028;-42,76947051;SPRF-PI;DEL01-PI;UOP02-DEL01-PI
738723;14/12/2025;domingo;05:30:00;GO;153;508;HIDROLANDIA;Ausência de reação do condutor;Colisão com objeto;Com Vítimas Feridas;Plena Noite;Crescente;Céu Claro;Dupla;Reta;Sim;2;0;1;0;1;0;1;2;-16,92353472;-49,25262161;SPRF-GO;DEL01-GO;UOP03-DEL01-GO
738724;14/12/2025;domingo;05:40:00;MG;116;114,6;ITAOBIM;Ausência de reação do condutor;Atropelamento de Pedestre;Com Vítimas Feridas;Amanhecer;Decrescente;Céu Claro;Simples;Reta;Sim;4;0;2;1;0;1;3;2;-16,55308;-41,50116;SPRF-MG;DEL11-MG;UOP02-DEL11-MG
738727;14/12/2025;domingo;06:30:00;GO;20;5;FORMOSA;Velocidade Incompatível;Colisão traseira;Com Vítimas Feridas;Amanhecer;Crescente;Céu Claro;Simples;Reta;Não;3;0;1;0;0;2;1;2;-15,5700922;-47,3194327;SPRF-DF;DEL02-DF;UOP02-DEL02-DF
738728;14/12/2025;domingo;01:00:00;PR;277;3;PARANAGUA;Ausência de reação do condutor;Saída de leito carroçável;Sem Vítimas;Plena Noite;Decrescente;Nublado;Simples;Reta;Sim;1;0;0;0;0;1;0;1;-25,54303106;-48,55904527;SPRF-PR;DEL01-PR;UOP05-DEL01-PR
738730;30/11/2025;domingo;12:30:00;RJ;101;431;MANGARATIBA;Curva acentuada;Queda de ocupante de veículo;Com Vítimas Feridas;Pleno dia;Crescente;Céu Claro;Simples;Curva;Não;2;0;1;1;0;0;2;1;-22,93467;-44,02866;SPRF-RJ;DEL03-RJ;UOP02-DEL03-RJ
738731;14/12/2025;domingo;02:00:00;PR;376;630;SAO JOSE DOS PINHAIS;Velocidade Incompatível;Saída de leito carroçável;Sem Vítimas;Plena Noite;Decrescente;Vento;Dupla;Reta;Não;1;0;0;0;0;1;0;1;-25,70781364;-49,13993329;SPRF-PR;DEL01-PR;UOP04-DEL01-PR
738732;14/12/2025;domingo;07:00:00;MG;50;159;UBERABA;Ausência de reação do condutor;Saída de leito carroçável;Com Vítimas Feridas;Pleno dia;Crescente;Nublado;Dupla;Declive;Não;4;0;2;2;0;0;4;1;-19,64424;-48,00847;SPRF-MG;DEL13-MG;UOP01-DEL13-MG
738733;14/12/2025;domingo;05:00:00;RJ;393;264;BARRA DO PIRAI;Velocidade Incompatível;Saída de leito carroçável;Com Vítimas Feridas;Amanhecer;Crescente;Chuva;Simples;Reta;Não;3;0;2;0;1;0;2;1;-22,4877905;-43,910094;SPRF-RJ;DEL05-RJ;UOP04-DEL05-RJ
738734;14/12/2025;domingo;05:00:00;PA;10;222,4;IPIXUNA DO PARA;Manobra de mudança de faixa;Colisão frontal;Com Vítimas Fatais;Amanhecer;Decrescente;Ignorado;Simples;Reta;Não;2;1;0;1;0;0;1;2;-2,487218;-47,510423;SPRF-PA;DEL02-PA;UOP01-DEL02-PA
738735;14/12/2025;domingo;05:35:00;MG;40;546;NOVA LIMA;Ausência de reação do condutor;Colisão com objeto;Com Vítimas Feridas;Amanhecer;Decrescente;Nublado;Dupla;"Declive;Curva";Não;1;0;1;0;0;0;1;1;-20,01936322;-43,97151232;SPRF-MG;DEL01-MG;UOP02-DEL01-MG
738736;14/12/2025;domingo;07:55:00;TO;226;7;PALMEIRAS DO TOCANTINS;Reação tardia ou ineficiente do condutor;Saída de leito carroçável;Com Vítimas Feridas;Pleno dia;Crescente;Chuva;Simples;"Curva;Aclive";Não;1;0;1;0;0;0;1;1;-6,58053738;-47,51659719;SPRF-TO;DEL02-TO;UOP03-DEL02-TO
738739;14/12/2025;domingo;08:20:00;SC;101;199,2;BIGUACU;Avarias e/ou desgaste excessivo no pneu;Tombamento;Com Vítimas Feridas;Pleno dia;Crescente;Céu Claro;Múltipla;Reta;Sim;2;0;2;0;0;0;2;1;-27,52897602;-48,63544464;SPRF-SC;DEL01-SC;UOP01-DEL01-SC
738740;14/12/2025;domingo;08:40:00;BA;116;661,5;JEQUIE;Reação tardia ou ineficiente do condutor;Saída de leito carroçável;Com Vítimas Feridas;Pleno dia;Crescente;Céu Claro;Simples;Reta;Não;1;0;1;0;0;0;1;1;-13,763018;-40,100265;SPRF-BA;DEL03-BA;UOP01-DEL03-BA
738741;14/12/2025;domingo;04:40:00;MA;135;196,1;ALTO ALEGRE DO MARANHAO;Ingestão de álcool pelo condutor;Colisão lateral sentido oposto;Sem Vítimas;Plena Noite;Decrescente;Ignorado;Simples;Reta;Não;7;0;0;0;7;0;0;2;-4,158976;-44,469445;SPRF-MA;DEL03-MA;UOP01-DEL03-MA
738742;14/12/2025;domingo;07:52:00;PI;343;308,8;ALTOS;Transitar na contramão;Colisão frontal;Com Vítimas Feridas;Pleno dia;Crescente;Céu Claro;Simples;Reta;Sim;2;0;1;1;0;0;2;2;-5,040031;-42,474255;SPRF-PI;DEL01-PI;UOP01-DEL01-PI