id;data_inversa;dia_semana;horario;uf;br;km;municipio;causa_acidente;tipo_acidente;classificacao_acidente;fase_dia;sentido_via;condicao_metereologica;tipo_pista;tracado_via;uso_solo;pessoas;mortos;feridos_leves;feridos_graves;ilesos;ignorados;feridos;veiculos;latitude;longitude;regional;delegacia;uop
738743;03/12/2025;quarta-feira;07:15:00;MS;163;20;MUNDO NOVO;Acessar a via sem observar a presença dos outros veículos;Colisão lateral mesmo sentido;Com Vítimas Feridas;Pleno dia;Crescente;Céu Claro;Simples;Reta;Sim;2;0;0;1;1;0;1;2;-23,9246821;-54,2839116;SPRF-MS;DEL09-MS;UOP02-DEL09-MS
738745;14/12/2025;domingo;06:30:00;MG;381;328,8;NOVA ERA;Ausência de reação do condutor;Saída de leito carroçável;Com Vítimas Feridas;Amanhecer;Decrescente;Sol;Simples;"Reta;Declive";Não;2;0;2;0;0;0;2;1;-19,79062;-43,053943;SPRF-MG;DEL03-MG;UOP01-DEL03-MG
738746;14/12/2025;domingo;08:30:00;ES;101;35,1;CONCEICAO DA BARRA;Ausência de reação do condutor;Saída de leito carroçável;Com Vítimas Feridas;Pleno dia;Crescente;Céu Claro;Simples;Reta;Não;1;0;1;0;0;0;1;1;-18,45;-39,93;SPRF-ES;DEL04-ES;UOP02-DEL04-ES
738747;14/12/2025;domingo;08:00:00;DF;251;26;BRASILIA;Condutor Dormindo;Colisão frontal;Com Vítimas Fatais;Pleno dia;Crescente;Céu Claro;Simples;"Aclive;Reta";Não;2;1;0;0;1;0;0;2;-15,946983;-47,686155;SPRF-DF;DEL01-DF;UOP01-DEL01-DF
738748;14/12/2025;domingo;09:00:00;ES;101;167,7;LINHARES;Ingestão de álcool pelo condutor;Tombamento;Com Vítimas Feridas;Pleno dia;Crescente;Nublado;Simples;"Retorno Regulamentado;Reta";Não;2;0;2;0;0;0;2;1;-19,53284643;-40,1562171;SPRF-ES;DEL04-ES;UOP01-DEL04-ES
738750;14/12/2025;domingo;09:00:00;BA;110;365;CATU;Ultrapassagem Indevida;Colisão lateral mesmo sentido;Com Vítimas Feridas;Pleno dia;Decrescente;Céu Claro;Simples;Reta;Não;5;0;2;1;2;0;3;3;-12,34311257;-38,38618469;SPRF-BA;DEL01-BA;UOP04-DEL01-BA
738751;14/12/2025;domingo;09:50:00;PE;101;51,1;PAULISTA;Condutor deixou de manter distância do veículo da frente;Colisão traseira;Com Vítimas Feridas;Pleno dia;Decrescente;Céu Claro;Múltipla;Reta;Sim;4;0;1;0;3;0;1;2;-7,9198837;-34,8948155;SPRF-PE;DEL01-PE;UOP02-DEL01-PE
738752;14/12/2025;domingo;08:33:00;RO;174;15;VILHENA;Manobra de mudança de faixa;Colisão lateral mesmo sentido;Com Vítimas Feridas;Pleno dia;Decrescente;Céu Claro;Dupla;"Retorno Regulamentado;Reta";Sim;2;0;1;0;1;0;1;2;-12,72044454;-60,12764722;SPRF-RO;DEL04-RO;UOP01-DEL04-RO
738753;14/12/2025;domingo;06:30:00;RJ;495;5,8;TERESOPOLIS;Transitar na contramão;Colisão frontal;Com Vítimas Feridas;Pleno dia;Decrescente;Céu Claro;Simples;Reta;Não;2;0;0;1;1;0;1;2;-22,40320259;-42,9994905;SPRF-RJ;DEL04-RJ;UOP01-DEL04-RJ
738754;14/12/2025;domingo;08:30:00;RJ;101;387;RIO DE JANEIRO;Condutor deixou de manter distância do veículo da frente;Colisão traseira;Com Vítimas Feridas;Pleno dia;Crescente;Céu Claro;Múltipla;Reta;Sim;2;0;1;0;1;0;1;2;-22,88730523;-43,65578413;SPRF-RJ;DEL03-RJ;UOP01-DEL03-RJ
738755;14/12/2025;domingo;08:00:00;PR;376;439;IPIRANGA;Chuva;Colisão com objeto;Com Vítimas Feridas;Pleno dia;Crescente;Chuva;Dupla;"Declive;Curva";Não;5;0;2;1;2;0;3;1;-24,85007;-50,47138;SPRF-PR;DEL03-PR;UOP02-DEL03-PR
738756;14/12/2025;domingo;10:15:00;PE;408;88;SAO LOURENCO DA MATA;Ausência de reação do condutor;Colisão com objeto;Com Vítimas Feridas;Pleno dia;Decrescente;Céu Claro;Dupla;Reta;Não;2;0;2;0;0;0;2;1;-8,0223;-35,0406;SPRF-PE;DEL01-PE;UOP01-DEL01-PE
738757;14/12/2025;domingo;04:30:00;PR;369;178,8;ROLANDIA;Ingestão de álcool pelo condutor;Saída de leito carroçável;Com Vítimas Feridas;Plena Noite;Crescente;Chuva;Dupla;Reta;Não;1;0;1;0;0;0;1;1;-23,3520486;-51,3888754;SPRF-PR;DEL07-PR;UOP03-DEL07-PR
738758;14/12/2025;domingo;10:20:00;SP;381;86;SAO PAULO;Avarias e/ou desgaste excessivo no pneu;Colisão com objeto;Sem Vítimas;Pleno dia;Crescente;Nublado;Múltipla;Curva;Sim;1;0;0;0;1;0;0;1;-23,46831918;-46,57072524;SPRF-SP;DEL03-SP;UOP01-DEL03-SP
738759;14/12/2025;domingo;09:15:00;SP;381;71,2;MAIRIPORA;Velocidade Incompatível;Saída de leito carroçável;Com Vítimas Feridas;Pleno dia;Crescente;Chuva;Dupla;"Curva;Aclive";Não;6;0;4;0;2;0;4;1;-23,354264;-46,550751;SPRF-SP;DEL03-SP;UOP01-DEL03-SP
738760;14/12/2025;domingo;10:00:00;SP;153;60,9;SAO JOSE DO RIO PRETO;Suicídio (presumido);Atropelamento de Pedestre;Com Vítimas Feridas;Pleno dia;Crescente;Chuva;Dupla;Reta;Sim;4;0;1;0;3;0;1;2;-20,80196002;-49,3556699;SPRF-SP;DEL09-SP;UOP01-DEL09-SP
738765;14/12/2025;domingo;09:00:00;MT;364;3;ALTO ARAGUAIA;Transitar na contramão;Colisão frontal;Com Vítimas Feridas;Pleno dia;Crescente;Nublado;Simples;Reta;Não;5;0;4;1;0;0;5;2;-17,30808611;-53,22953224;SPRF-MT;DEL02-MT;UOP02-DEL02-MT
738766;14/12/2025;domingo;10:50:00;SC;101;157,3;PORTO BELO;Manobra de mudança de faixa;Colisão traseira;Com Vítimas Feridas;Pleno dia;Decrescente;Céu Claro;Dupla;Reta;Não;2;0;0;1;1;0;1;2;-27,18515898;-48,61308038;SPRF-SC;DEL04-SC;UOP03-DEL04-SC
738767;14/12/2025;domingo;10:55:00;PR;376;227;APUCARANA;Chuva;Saída de leito carroçável;Com Vítimas Feridas;Pleno dia;Crescente;Chuva;Dupla;"Reta;Declive";Não;4;0;1;0;3;0;1;1;-23,579776;-51,554936;SPRF-PR;DEL07-PR;UOP03-DEL07-PR
738769;14/12/2025;domingo;07:00:00;SP;153;132;UBARANA;Reação tardia ou ineficiente do condutor;Saída de leito carroçável;Sem Vítimas;Plena Noite;Decrescente;Ignorado;Simples;Reta;Não;1;0;0;0;0;1;0;1;-21,26935213;-49,76951346;SPRF-SP;DEL09-SP;UOP01-DEL09-SP
738770;14/12/2025;domingo;10:23:00;MA;230;297;BARRA DO CORDA;Reação tardia ou ineficiente do condutor;Colisão traseira;Com Vítimas Feridas;Pleno dia;Crescente;Céu Claro;Simples;Reta;Não;3;0;1;1;1;0;2;2;-5,50525;-45,228513;SPRF-MA;DEL05-MA;UOP01-DEL05-MA
738771;14/12/2025;domingo;10:52:00;TO;153;137;ARAGUAINA;Ingestão de álcool pelo condutor;Colisão lateral mesmo sentido;Com Vítimas Fatais;Pleno dia;Crescente;Chuva;Dupla;"Declive;Reta";Não;6;2;1;1;0;2;2;3;-7,141679;-48,2019;SPRF-TO;DEL02-TO;UOP01-DEL02-TO
738772;14/12/2025;domingo;00:50:00;RJ;116;245;PIRAI;Chuva;Tombamento;Com Vítimas Feridas;Plena Noite;Decrescente;Chuva;Dupla;"Curva;Declive";Sim;1;0;1;0;0;0;1;1;-22,617;-43,931;SPRF-RJ;DEL07-RJ;UOP01-DEL07-RJ
738773;14/12/2025;domingo;12:00:00;RJ;40;105;DUQUE DE CAXIAS;Pedestre cruzava a pista fora da faixa;Atropelamento de Pedestre;Com Vítimas Feridas;Pleno dia;Decrescente;Nublado;Múltipla;Reta;Sim;2;0;1;0;1;0;1;2;-22,6418112;-43,2833813;SPRF-RJ;DEL01-RJ;UOP02-DEL01-RJ
738774;14/12/2025;domingo;12:00:00;RS;116;303;GUAIBA;Acessar a via sem observar a presença dos outros veículos;Colisão transversal;Com Vítimas Feridas;Pleno dia;Crescente;Céu Claro;Simples;Reta;Sim;7;0;1;0;6;0;1;2;-30,14497036;-51,36306733;SPRF-RS;DEL02-RS;UOP01-DEL02-RS
738775;14/12/2025;domingo;11:05:00;ES;101;68,3;SAO MATEUS;Condutor desrespeitou a iluminação vermelha do semáforo;Colisão traseira;Com Vítimas Feridas;Pleno dia;Decrescente;Céu Claro;Simples;"Declive;Reta";Sim;3;0;1;0;1;1;1;2;-18,72965901;-39,86004917;SPRF-ES;DEL04-ES;UOP02-DEL04-ES
738776;14/12/2025;domingo;12:20:00;SC;101;211,8;PALHOCA;Acesso irregular;Colisão transversal;Com Vítimas Feridas;Pleno dia;Crescente;Céu Claro;Dupla;Reta;Sim;2;0;1;0;1;0;1;2;-27,628313;-48,657938;SPRF-SC;DEL01-SC;UOP02-DEL01-SC
738778;14/12/2025;domingo;12:45:00;SC;470;63,2;INDAIAL;Acessar a via sem observar a presença dos outros veículos;Colisão transversal;Com Vítimas Feridas;Pleno dia;Decrescente;Céu Claro;Simples;"Em Obras;Reta";Não;3;0;1;0;2;0;1;2;-26,87194644;-49,19502351;SPRF-SC;DEL04-SC;UOP01-DEL04-SC
738779;14/12/2025;domingo;12:10:00;BA;116;820;VITORIA DA CONQUISTA;Acessar a via sem observar a presença dos outros veículos;Colisão lateral mesmo sentido;Com Vítimas Feridas;Pleno dia;Decrescente;Céu Claro;Dupla;Reta;Sim;2;0;1;0;1;0;1;2;-14,858095;-40,84932;SPRF-BA;DEL08-BA;UOP01-DEL08-BA
738780;14/12/2025;domingo;11:50:00;MS;163;61;ELDORADO;Chuva;Saída de leito carroçável;Com Vítimas Feridas;Pleno dia;Crescente;Chuva;Simples;"Declive;Reta";Não;2;0;2;0;0;0;2;1;-23,60873404;-54,22526546;SPRF-MS;DEL09-MS;UOP02-DEL09-MS
738781;14/12/2025;domingo;12:55:00;SC;101;135,9;BALNEARIO CAMBORIU;Demais falhas mecânicas ou elétricas;Colisão traseira;Com Vítimas Feridas;Pleno dia;Crescente;Céu Claro;Simples;Reta;Sim;3;0;3;0;0;0;3;3;-27,00724;-48,6192;SPRF-SC;DEL04-SC;UOP03-DEL04-SC
738782;14/12/2025;domingo;10:00:00;RJ;0;0;RIO DE JANEIRO;Faixas de trânsito com largura insuficiente;Colisão lateral mesmo sentido;Sem Vítimas;Pleno dia;Não Informado;Nublado;Simples;Aclive;Sim;7;0;0;0;7;0;0;2;-22,8367204;-43,3168706;SPRF-RJ;DEL06-RJ;UOP01-DEL06-RJ
738783;14/12/2025;domingo;10:45:00;GO;20;218;POSSE;Manobra de mudança de faixa;Colisão frontal;Com Vítimas Fatais;Pleno dia;Crescente;Nublado;Simples;Reta;Não;7;1;0;1;5;0;1;2;-14,210147;-46,334182;SPRF-DF;DEL02-DF;UOP03-DEL02-DF
738785;14/12/2025;domingo;13:20:00;RS;116;254;ESTEIO;Demais falhas mecânicas ou elétricas;Tombamento;Com Vítimas Feridas;Pleno dia;Crescente;Céu Claro;Múltipla;Reta;Sim;2;0;1;1;0;0;2;1;-29,83264014;-51,17418766;SPRF-RS;DEL01-RS;UOP02-DEL01-RS
738786;14/12/2025;domingo;13:00:00;RS;386;343,6;LAJEADO;Reação tardia ou ineficiente do condutor;Colisão com objeto;Com Vítimas Feridas;Pleno dia;Crescente;Sol;Dupla;"Reta;Declive";Sim;2;0;2;0;0;0;2;1;-29,438469;-51,994964;SPRF-RS;DEL04-RS;UOP01-DEL04-RS
738787;14/12/2025;domingo;12:30:00;SC;470;53,1;BLUMENAU;Acessar a via sem observar a presença dos outros veículos;Colisão transversal;Com Vítimas Feridas;Pleno dia;Decrescente;Céu Claro;Simples;"Interseção de Vias;Reta";Sim;3;0;1;0;2;0;1;2;-26,8627194;-49,0919022;SPRF-SC;DEL04-SC;UOP01-DEL04-SC
738789;14/12/2025;domingo;13:15:00;PB;230;24,7;JOAO PESSOA;Demais falhas mecânicas ou elétricas;Tombamento;Com Vítimas Feridas;Pleno dia;Decrescente;Céu Claro;Dupla;"Reta;Viaduto;Aclive";Sim;2;0;2;0;0;0;2;1;-7,17036676;-34,86646414;SPRF-PB;DEL01-PB;UOP01-DEL01-PB
738792;14/12/2025;domingo;10:46:00;MA;10;273;IMPERATRIZ;Pista esburacada;Colisão com objeto;Com Vítimas Fatais;Pleno dia;Crescente;Nublado;Simples;"Aclive;Reta";Não;2;1;1;0;0;0;1;1;-5,341985;-47,486931;SPRF-MA;DEL04-MA;UOP01-DEL04-MA
738794;14/12/2025;domingo;13:21:00;PB;230;59,7;CRUZ DO ESPIRITO SANTO;Reação tardia ou ineficiente do condutor;Colisão traseira;Com Vítimas Feridas;Pleno dia;Crescente;Céu Claro;Dupla;"Em Obras;Reta";Sim;6;0;2;0;4;0;2;2;-7,205184;-35,142027;SPRF-PB;DEL01-PB;UOP02-DEL01-PB
738795;14/12/2025;domingo;13:40:00;RS;290;105,5;ELDORADO DO SUL;Ausência de reação do condutor;Queda de ocupante de veículo;Com Vítimas Feridas;Pleno dia;Decrescente;Céu Claro;Dupla;Reta;Não;2;0;2;0;0;0;2;1;-29,99809074;-51,29034743;SPRF-RS;DEL02-RS;UOP01-DEL02-RS
738796;14/12/2025;domingo;13:25:00;SP;116;78,6;ROSEIRA;Ausência de reação do condutor;Colisão traseira;Com Vítimas Feridas;Pleno dia;Crescente;Céu Claro;Dupla;Reta;Sim;2;0;1;0;1;0;1;1;-22,89153658;-45,29084238;SPRF-SP;DEL08-SP;UOP01-DEL08-SP
738797;14/12/2025;domingo;13:20:00;DF;60;6,8;BRASILIA;Manobra de mudança de faixa;Colisão lateral mesmo sentido;Com Vítimas Feridas;Pleno dia;Crescente;Nublado;Dupla;Reta;Sim;3;0;0;1;2;0;1;3;-15,900632;-48,121364;SPRF-DF;DEL03-DF;UOP01-DEL03-DF
738801;14/12/2025;domingo;12:40:00;RJ;40;111;DUQUE DE CAXIAS;Ausência de reação do condutor;Capotamento;Com Vítimas Feridas;Pleno dia;Decrescente;Céu Claro;Múltipla;Reta;Sim;4;0;4;0;0;0;4;1;-22,69145186;-43,28697816;SPRF-RJ;DEL01-RJ;UOP02-DEL01-RJ
738802;14/12/2025;domingo;13:24:00;SP;116;139,4;SAO JOSE DOS CAMPOS;Trafegar com motocicleta (ou similar) entre as faixas;Colisão lateral mesmo sentido;Com Vítimas Feridas;Pleno dia;Crescente;Nublado;Dupla;Reta;Não;3;0;2;0;1;0;2;2;-23,1620232;-45,80526352;SPRF-SP;DEL02-SP;UOP01-DEL02-SP
738803;14/12/2025;domingo;11:40:00;MT;364;573;NOBRES;Velocidade Incompatível;Saída de leito carroçável;Com Vítimas Feridas;Pleno dia;Crescente;Sol;Dupla;"Curva;Aclive";Não;1;0;1;0;0;0;1;1;-14,633845;-56,274558;SPRF-MT;DEL01-MT;UOP01-DEL01-MT
738804;14/12/2025;domingo;12:15:00;AC;364;135;RIO BRANCO;Acessar a via sem observar a presença dos outros veículos;Queda de ocupante de veículo;Com Vítimas Feridas;Pleno dia;Crescente;Céu Claro;Dupla;Rotatória;Sim;3;0;2;0;1;0;2;2;-9,98659666;-67,84492705;SPRF-AC;DEL01-AC;UOP01-DEL01-AC
738805;14/12/2025;domingo;13:00:00;SC;280;197;TRES BARRAS;Acessar a via sem observar a presença dos outros veículos;Colisão transversal;Com Vítimas Feridas;Pleno dia;Crescente;Céu Claro;Simples;"Retorno Regulamentado;Rotatória;Reta";Não;4;0;3;0;0;1;3;2;-26,17798796;-50,1847972;SPRF-SC;DEL06-SC;UOP01-DEL06-SC
738806;14/12/2025;domingo;13:50:00;PE;232;7,8;RECIFE;Transitar na contramão;Colisão lateral sentido oposto;Com Vítimas Feridas;Pleno dia;Crescente;Sol;Múltipla;Curva;Não;3;0;3;0;0;0;3;2;-8,07509;-34,96797;SPRF-PE;DEL01-PE;UOP01-DEL01-PE
738807;14/12/2025;domingo;15:00:00;SC;280;24;ARAQUARI;Ultrapassagem Indevida;Colisão lateral mesmo sentido;Com Vítimas Feridas;Pleno dia;Crescente;Céu Claro;Simples;Reta;Sim;3;0;2;0;1;0;2;2;-26,38249477;-48,72551457;SPRF-SC;DEL03-SC;UOP03-DEL03-SC
738808;10/12/2025;quarta-feira;08:00:00;MA;135;24;SAO LUIS;Acessar a via sem observar a presença dos outros veículos;Atropelamento de Pedestre;Com Vítimas Feridas;Pleno dia;Crescente;Céu Claro;Simples;Reta;Sim;2;0;0;1;1;0;1;2;-2,56175;-44,3158;SPRF-MA;DEL01-MA;UOP01-DEL01-MA
738811;14/12/2025;domingo;12:57:00;PI;343;591,3;FLORIANO;Ausência de reação do condutor;Tombamento;Com Vítimas Feridas;Pleno dia;Decrescente;Céu Claro;Dupla;"Retorno Regulamentado;Reta";Sim;1;0;1;0;0;0;1;1;-6,780367;-43,02604;SPRF-PI;DEL03-PI;UOP01-DEL03-PI
738812;14/12/2025;domingo;14:35:00;RJ;40;117;DUQUE DE CAXIAS;Mal súbito do condutor;Colisão com objeto;Com Vítimas Feridas;Pleno dia;Decrescente;Céu Claro;Dupla;Reta;Não;2;0;1;0;1;0;1;2;-22,74911709;-43,28754578;SPRF-RJ;DEL01-RJ;UOP02-DEL01-RJ
738813;14/12/2025;domingo;13:41:00;SP;116;456;PARIQUERA-ACU;Demais falhas mecânicas ou elétricas;Incêndio;Sem Vítimas;Pleno dia;Crescente;Nublado;Dupla;Reta;Não;4;0;0;0;4;0;0;1;-24,59634898;-47,87728326;SPRF-SP;DEL05-SP;UOP01-DEL05-SP
738814;14/12/2025;domingo;14:45:00;GO;40;97;CRISTALINA;Objeto estático sobre o leito carroçável;Queda de ocupante de veículo;Com Vítimas Feridas;Pleno dia;Crescente;Céu Claro;Simples;"Reta;Declive";Sim;1;0;1;0;0;0;1;1;-16,79402361;-47,60925293;SPRF-DF;DEL01-DF;UOP02-DEL01-DF
738815;14/12/2025;domingo;13:20:00;ES;262;98,1;DOMINGOS MARTINS;Acessar a via sem observar a presença dos outros veículos;Colisão transversal;Com Vítimas Feridas;Pleno dia;Crescente;Nublado;Simples;Interseção de Vias;Não;4;0;4;0;0;0;4;2;-20,35497788;-41,08725786;SPRF-ES;DEL01-ES;UOP02-DEL01-ES
738816;14/12/2025;domingo;13:40:00;BA;101;728,5;EUNAPOLIS;Velocidade Incompatível;Saída de leito carroçável;Com Vítimas Feridas;Pleno dia;Crescente;Sol;Simples;"Declive;Curva";Não;1;0;1;0;0;0;1;1;-16,458142;-39,57257;SPRF-BA;DEL09-BA;UOP01-DEL09-BA
738817;14/12/2025;domingo;15:00:00;MG;381;778,5;CAMPANHA;Velocidade Incompatível;Saída de leito carroçável;Com Vítimas Feridas;Pleno dia;Decrescente;Chuva;Dupla;Curva;Não;1;0;1;0;0;0;1;1;-21,8045287;-45,47407186;SPRF-MG;DEL16-MG;UOP02-DEL16-MG
738818;14/12/2025;domingo;15:27:00;TO;10;470,6;PALMAS;Ausência de reação do condutor;Colisão traseira;Com Vítimas Feridas;Pleno dia;Crescente;Nublado;Simples;Reta;Não;2;0;1;0;1;0;1;2;-10,252257;-48,262888;SPRF-TO;DEL01-TO;UOP03-DEL01-TO
738819;14/12/2025;domingo;12:00:00;PI;343;604,2;FLORIANO;Condutor Dormindo;Saída de leito carroçável;Com Vítimas Feridas;Pleno dia;Decrescente;Céu Claro;Simples;Reta;Não;4;0;2;0;2;0;2;1;-6,853193;-43,096028;SPRF-PI;DEL03-PI;UOP01-DEL03-PI
738820;14/12/2025;domingo;13:40:00;PE;408;44,7;NAZARE DA MATA;Acessar a via sem observar a presença dos outros veículos;Colisão transversal;Com Vítimas Feridas;Pleno dia;Crescente;Céu Claro;Simples;"Interseção de Vias;Reta";Sim;2;0;1;0;0;1;1;2;-7,74871;-35,23378;SPRF-PE;DEL01-PE;UOP01-DEL01-PE
738821;14/12/2025;domingo;16:00:00;SP;116;172,3;JACAREI;Reação tardia ou ineficiente do condutor;Colisão traseira;Com Vítimas Feridas;Pleno dia;Crescente;Nublado;Dupla;"Reta;Declive";Sim;3;0;1;0;2;0;1;2;-23,31511877;-46,07173411;SPRF-SP;DEL02-SP;UOP01-DEL02-SP
738822;14/12/2025;domingo;15:35:00;MG;40;508,3;RIBEIRAO DAS NEVES;Acessar a via sem observar a presença dos outros veículos;Colisão transversal;Com Vítimas Feridas;Pleno dia;Decrescente;Nublado;Dupla;Curva;Sim;3;0;1;0;2;0;1;2;-19,7673227;-44,1307964;SPRF-MG;DEL02-MG;UOP01-DEL02-MG
738823;14/12/2025;domingo;15:05:00;PB;101;82;BAYEUX;Pedestre andava na pista;Atropelamento de Pedestre;Com Vítimas Feridas;Pleno dia;Crescente;Céu Claro;Dupla;Reta;Sim;3;0;1;2;0;0;3;2;-7,130478;-34,9343683;SPRF-PB;DEL01-PB;UOP01-DEL01-PB
738824;14/12/2025;domingo;10:00:00;AC;364;204;BUJARI;Afundamento ou ondulação no pavimento;Colisão frontal;Com Vítimas Fatais;Pleno dia;Crescente;Céu Claro;Simples;"Reta;Em Obras";Não;4;1;2;1;0;0;3;2;-9,558897;-68,293153;SPRF-AC;DEL01-AC;UOP01-DEL01-AC
738825;14/12/2025;domingo;16:27:00;MG;381;327;NOVA ERA;Velocidade Incompatível;Capotamento;Sem Vítimas;Pleno dia;Decrescente;Chuva;Simples;Curva;Não;2;0;0;0;2;0;0;1;-19,78236934;-43,04390788;SPRF-MG;DEL03-MG;UOP02-DEL03-MG
738826;14/12/2025;domingo;16:23:00;GO;60;102;ANAPOLIS;Sinalização mal posicionada;Colisão traseira;Com Vítimas Feridas;Pleno dia;Decrescente;Chuva;Dupla;Reta;Sim;3;0;1;0;2;0;1;2;-16,40369;-48,97782;SPRF-GO;DEL02-GO;UOP01-DEL02-GO
738827;14/12/2025;domingo;16:20:00;MG;116;413,3;GOVERNADOR VALADARES;Transitar na contramão;Colisão frontal;Com Vítimas Feridas;Pleno dia;Crescente;Nublado;Simples;Reta;Sim;3;0;1;0;1;1;1;3;-18,88199829;-41,95859492;SPRF-MG;DEL06-MG;UOP01-DEL06-MG
738828;14/12/2025;domingo;16:00:00;SC;101;155;PORTO BELO;Reação tardia ou ineficiente do condutor;Tombamento;Com Vítimas Feridas;Pleno dia;Decrescente;Céu Claro;Simples;Curva;Não;1;0;0;1;0;0;1;1;-27,16379343;-48,61141205;SPRF-SC;DEL04-SC;UOP03-DEL04-SC
738830;13/12/2025;sábado;18:40:00;BA;101;652;ITAPEBI;Ausência de reação do condutor;Colisão frontal;Com Vítimas Feridas;Plena Noite;Decrescente;Céu Claro;Simples;Reta;Não;2;0;1;0;0;1;1;2;-15,88810155;-39,53977366;SPRF-BA;DEL05-BA;UOP02-DEL05-BA
738831;14/12/2025;domingo;17:15:00;SP;116;225;GUARULHOS;Ausência de reação do condutor;Colisão traseira;Com Vítimas Feridas;Pleno dia;Crescente;Nublado;Múltipla;Reta;Sim;2;0;1;0;1;0;1;2;-23,49212327;-46,55073373;SPRF-SP;DEL01-SP;UOP01-DEL01-SP
738832;14/12/2025;domingo;16:50:00;RS;386;334;MARQUES DE SOUZA;Condutor Dormindo;Colisão traseira;Com Vítimas Feridas;Pleno dia;Crescente;Céu Claro;Dupla;Reta;Não;5;0;4;0;1;0;4;2;-29,39441185;-52,04213977;SPRF-RS;DEL04-RS;UOP01-DEL04-RS
738833;14/12/2025;domingo;16:18:00;MG;116;508,8;UBAPORANGA;Ingestão de álcool pelo condutor;Colisão traseira;Com Vítimas Feridas;Pleno dia;Crescente;Nublado;Simples;Reta;Sim;2;0;1;0;1;0;1;2;-19,63768121;-42,10627966;SPRF-MG;DEL06-MG;UOP02-DEL06-MG
738835;08/11/2025;sábado;21:40:00;RS;116;236,2;NOVO HAMBURGO;Ausência de reação do condutor;Colisão transversal;Com Vítimas Feridas;Plena Noite;Decrescente;Nublado;Dupla;Reta;Sim;2;0;1;0;1;0;1;2;-29,67455915;-51,14265948;SPRF-RS;DEL01-RS;UOP02-DEL01-RS
738837;14/12/2025;domingo;17:10:00;RS;290;53;GLORINHA;Avarias e/ou desgaste excessivo no pneu;Tombamento;Com Vítimas Feridas;Pleno dia;Crescente;Céu Claro;Múltipla;Reta;Não;2;0;2;0;0;0;2;1;-29,9126861;-50,7849884;SPRF-RS;DEL03-RS;UOP01-DEL03-RS
738839;14/12/2025;domingo;16:00:00;SC;101;134,5;BALNEARIO CAMBORIU;Reação tardia ou ineficiente do condutor;Colisão lateral mesmo sentido;Com Vítimas Feridas;Pleno dia;Decrescente;Nublado;Simples;Reta;Sim;2;0;1;0;1;0;1;2;-27,00351;-48,63191;SPRF-SC;DEL04-SC;UOP03-DEL04-SC
738840;14/12/2025;domingo;16:00:00;GO;60;29;ALEXANIA;Ingestão de álcool pelo condutor;Queda de ocupante de veículo;Com Vítimas Feridas;Pleno dia;Decrescente;Céu Claro;Dupla;Declive;Não;1;0;0;1;0;0;1;1;-16,096602;-48,484765;SPRF-DF;DEL03-DF;UOP01-DEL03-DF
738842;14/12/2025;domingo;17:24:00;PB;230;20,9;JOAO PESSOA;Acostamento em desnível;Tombamento;Sem Vítimas;Anoitecer;Crescente;Céu Claro;Dupla;Reta;Sim;1;0;0;0;0;1;0;1;-7,14299894;-34,85158235;SPRF-PB;DEL01-PB;UOP01-DEL01-PB
738843;14/12/2025;domingo;17:15:00;RJ;101;87,4;CAMPOS DOS GOYTACAZES;Reação tardia ou ineficiente do condutor;Capotamento;Com Vítimas Feridas;Pleno dia;Decrescente;Céu Claro;Dupla;Curva;Não;1;0;1;0;0;0;1;1;-21,828313;-41,498382;SPRF-RJ;DEL08-RJ;UOP02-DEL08-RJ
738844;14/12/2025;domingo;12:45:00;MG;381;196;PERIQUITO;Velocidade Incompatível;Saída de leito carroçável;Com Vítimas Feridas;Pleno dia;Decrescente;Céu Claro;Simples;Reta;Não;1;0;1;0;0;0;1;1;-19,16808741;-42,24650709;SPRF-MG;DEL06-MG;UOP01-DEL06-MG
738845;14/12/2025;domingo;16:30:00;RJ;40;85;PETROPOLIS;Pista Escorregadia;Colisão com objeto;Com Vítimas Feridas;Pleno dia;Decrescente;Céu Claro;Dupla;"Aclive;Curva";Não;2;0;1;0;1;0;1;1;-22,55199;-43,22609;SPRF-RJ;DEL01-RJ;UOP01-DEL01-RJ
738846;14/12/2025;domingo;15:00:00;PR;376;524;PONTA GROSSA;Pedestre cruzava a pista fora da faixa;Atropelamento de Pedestre;Com Vítimas Fatais;Pleno dia;Decrescente;Chuva;Dupla;"Curva;Aclive";Não;3;1;0;0;2;0;0;2;-25,298612;-49,892483;SPRF-PR;DEL03-PR;UOP04-DEL03-PR
738847;14/12/2025;domingo;17:15:00;RS;386;348,3;LAJEADO;Ingestão de álcool pelo condutor;Colisão lateral mesmo sentido;Com Vítimas Feridas;Pleno dia;Decrescente;Céu Claro;Dupla;Reta;Sim;4;0;2;0;2;0;2;2;-29,460519;-51,955872;SPRF-RS;DEL04-RS;UOP01-DEL04-RS
738848;14/12/2025;domingo;17:30:00;BA;110;361;CATU;Curva acentuada;Capotamento;Com Vítimas Fatais;Plena Noite;Crescente;Céu Claro;Simples;"Curva;Declive";Sim;3;1;0;0;0;2;0;2;-12,30981492;-38,37352753;SPRF-BA;DEL01-BA;UOP04-DEL01-BA
738850;14/12/2025;domingo;17:48:00;PB;230;32;BAYEUX;Ingestão de álcool pelo condutor;Colisão com objeto;Com Vítimas Feridas;Plena Noite;Crescente;Céu Claro;Dupla;Reta;Sim;1;0;0;1;0;0;1;1;-7,141977;-34,92006;SPRF-PB;DEL01-PB;UOP01-DEL01-PB