id;data_inversa;dia_semana;horario;uf;br;km;municipio;causa_acidente;tipo_acidente;classificacao_acidente;fase_dia;sentido_via;condicao_metereologica;tipo_pista;tracado_via;uso_solo;pessoas;mortos;feridos_leves;feridos_graves;ilesos;ignorados;feridos;veiculos;latitude;longitude;regional;delegacia;uop
738851;14/12/2025;domingo;15:30:00;PR;116;6;CAMPINA GRANDE DO SUL;Velocidade Incompatível;Saída de leito carroçável;Com Vítimas Feridas;Pleno dia;Crescente;Chuva;Dupla;Curva;Não;2;0;1;0;1;0;1;1;-25,08261955;-48,61256702;SPRF-PR;DEL01-PR;UOP02-DEL01-PR
738852;14/12/2025;domingo;17:05:00;SP;116;541;BARRA DO TURVO;Reação tardia ou ineficiente do condutor;Colisão com objeto;Com Vítimas Feridas;Pleno dia;Crescente;Garoa/Chuvisco;Dupla;Curva;Não;3;0;1;0;2;0;1;1;-24,97252434;-48,40363634;SPRF-SP;DEL05-SP;UOP02-DEL05-SP
738853;14/12/2025;domingo;17:27:00;PI;343;340,1;TERESINA;Acessar a via sem observar a presença dos outros veículos;Colisão traseira;Com Vítimas Feridas;Pleno dia;Decrescente;Sol;Múltipla;Reta;Não;3;0;1;1;1;0;2;2;-5,07351;-42,73632;SPRF-PI;DEL01-PI;UOP01-DEL01-PI
738854;14/12/2025;domingo;14:23:00;RJ;116;139;MAGE;Reação tardia ou ineficiente do condutor;Tombamento;Com Vítimas Feridas;Pleno dia;Crescente;Nublado;Dupla;Reta;Não;1;0;1;0;0;0;1;1;-22,64657081;-43,19788504;SPRF-RJ;DEL04-RJ;UOP02-DEL04-RJ
738855;14/12/2025;domingo;15:20:00;RJ;40;92;PETROPOLIS;Demais falhas na via;Colisão com objeto;Com Vítimas Feridas;Pleno dia;Decrescente;Céu Claro;Dupla;Curva;Não;2;0;1;0;1;0;1;1;-22,568729;-43,250745;SPRF-RJ;DEL01-RJ;UOP01-DEL01-RJ
738856;14/12/2025;domingo;15:00:00;MG;381;491;BETIM;Manobra de mudança de faixa;Colisão lateral mesmo sentido;Com Vítimas Feridas;Pleno dia;Crescente;Céu Claro;Dupla;Reta;Não;3;0;2;0;1;0;2;2;-19,95953188;-44,15400378;SPRF-MG;DEL01-MG;UOP03-DEL01-MG
738857;14/12/2025;domingo;18:00:00;RS;158;328;SANTA MARIA;Acessar a via sem observar a presença dos outros veículos;Colisão transversal;Com Vítimas Feridas;Pleno dia;Decrescente;Céu Claro;Dupla;"Reta;Interseção de Vias";Sim;3;0;2;0;1;0;2;2;-29,710473;-53,821104;SPRF-RS;DEL09-RS;UOP01-DEL09-RS
738858;14/12/2025;domingo;17:00:00;PR;476;192,4;LAPA;Ausência de reação do condutor;Saída de leito carroçável;Com Vítimas Feridas;Anoitecer;Crescente;Nublado;Múltipla;Curva;Não;2;0;1;0;1;0;1;1;-25,73186965;-49,70943069;SPRF-PR;DEL01-PR;UOP06-DEL01-PR
738859;14/12/2025;domingo;17:00:00;SC;101;109;PENHA;Reação tardia ou ineficiente do condutor;Colisão traseira;Com Vítimas Feridas;Pleno dia;Crescente;Céu Claro;Dupla;Reta;Sim;3;0;0;1;2;0;1;3;-26,83287022;-48,6950633;SPRF-SC;DEL03-SC;UOP02-DEL03-SC
738861;14/12/2025;domingo;14:30:00;MT;163;593;NOVA MUTUM;Ausência de reação do condutor;Colisão com objeto;Com Vítimas Feridas;Pleno dia;Decrescente;Céu Claro;Dupla;Reta;Sim;1;0;1;0;0;0;1;1;-13,860215;-56,085934;SPRF-MT;DEL01-MT;UOP01-DEL01-MT
738862;14/12/2025;domingo;18:17:00;RN;110;94;UPANEMA;Ausência de reação do condutor;Queda de ocupante de veículo;Com Vítimas Feridas;Plena Noite;Crescente;Céu Claro;Simples;Reta;Não;1;0;0;1;0;0;1;1;-5,640801;-37,258219;SPRF-RN;DEL04-RN;UOP01-DEL04-RN
738863;14/12/2025;domingo;17:30:00;MS;163;479;CAMPO GRANDE;Ausência de reação do condutor;Colisão traseira;Com Vítimas Feridas;Anoitecer;Decrescente;Céu Claro;Simples;Reta;Sim;2;0;1;0;1;0;1;2;-20,49387318;-54,55920903;SPRF-MS;DEL01-MS;UOP01-DEL01-MS
738865;14/12/2025;domingo;17:50:00;PI;343;12,7;PARNAIBA;Condutor deixou de manter distância do veículo da frente;Colisão traseira;Sem Vítimas;Anoitecer;Decrescente;Céu Claro;Dupla;"Reta;Interseção de Vias";Sim;2;0;0;0;1;1;0;2;-2,916828;-41,753972;SPRF-PI;DEL05-PI;UOP01-DEL05-PI
738866;14/12/2025;domingo;17:35:00;PR;116;110;CURITIBA;Pista Escorregadia;Tombamento;Com Vítimas Feridas;Pleno dia;Crescente;Garoa/Chuvisco;Dupla;Reta;Sim;2;0;1;0;1;0;1;2;-25,5602607;-49,2644218;SPRF-PR;DEL01-PR;UOP03-DEL01-PR
738868;14/12/2025;domingo;18:29:00;TO;10;469,6;PALMAS;Ausência de reação do condutor;Saída de leito carroçável;Sem Vítimas;Plena Noite;Decrescente;Chuva;Simples;Reta;Não;2;0;0;0;2;0;0;1;-10,24803;-48,26992;SPRF-TO;DEL01-TO;UOP03-DEL01-TO
738869;14/12/2025;domingo;17:30:00;RS;392;265;CACAPAVA DO SUL;Reação tardia ou ineficiente do condutor;Colisão transversal;Com Vítimas Feridas;Pleno dia;Decrescente;Céu Claro;Simples;"Reta;Declive";Não;3;0;0;2;1;0;2;2;-30,429688;-53,499659;SPRF-RS;DEL09-RS;UOP02-DEL09-RS
738870;14/12/2025;domingo;17:55:00;RN;101;145;GOIANINHA;Velocidade Incompatível;Colisão com objeto;Com Vítimas Feridas;Plena Noite;Crescente;Céu Claro;Múltipla;Reta;Não;1;0;0;1;0;0;1;1;-6,254385;-35,214072;SPRF-RN;DEL01-RN;UOP01-DEL01-RN
738872;14/12/2025;domingo;18:15:00;PE;101;46,9;IGARASSU;Pedestre - Ingestão de álcool/ substâncias psicoativas;Colisão lateral mesmo sentido;Sem Vítimas;Plena Noite;Crescente;Céu Claro;Múltipla;Retorno Regulamentado;Sim;2;0;0;0;2;0;0;2;-7,879869;-34,905314;SPRF-PE;DEL01-PE;UOP02-DEL01-PE
738873;14/12/2025;domingo;19:13:00;MG;251;498;FRANCISCO SA;Chuva;Saída de leito carroçável;Com Vítimas Feridas;Plena Noite;Crescente;Chuva;Simples;Reta;Não;1;0;1;0;0;0;1;1;-16,56258;-43,616228;SPRF-MG;DEL12-MG;UOP01-DEL12-MG
738874;14/12/2025;domingo;14:50:00;RJ;40;35;AREAL;Reação tardia ou ineficiente do condutor;Saída de leito carroçável;Sem Vítimas;Pleno dia;Crescente;Céu Claro;Dupla;Reta;Não;1;0;0;0;0;1;0;1;-22,21049515;-43,13516233;SPRF-RJ;DEL05-RJ;UOP02-DEL05-RJ
738875;14/12/2025;domingo;19:40:00;SC;101;218,5;PALHOCA;Acessar a via sem observar a presença dos outros veículos;Colisão transversal;Com Vítimas Feridas;Pleno dia;Crescente;Céu Claro;Dupla;Interseção de Vias;Não;2;0;1;0;1;0;1;2;-27,67968618;-48,6690782;SPRF-SC;DEL01-SC;UOP02-DEL01-SC
738877;14/12/2025;domingo;16:20:00;MS;163;112,9;ITAQUIRAI;Ausência de reação do condutor;Colisão lateral mesmo sentido;Com Vítimas Feridas;Pleno dia;Crescente;Nublado;Dupla;"Reta;Declive";Não;2;0;0;1;1;0;1;2;-23,170304;-54,199327;SPRF-MS;DEL09-MS;UOP01-DEL09-MS
738878;14/12/2025;domingo;15:30:00;RJ;101;329;RIO DE JANEIRO;Ausência de reação do condutor;Colisão traseira;Com Vítimas Fatais;Pleno dia;Decrescente;Céu Claro;Múltipla;"Ponte;Reta;Aclive";Não;2;1;0;0;1;0;0;2;-22,87079766;-43,16356659;SPRF-RJ;DEL02-RJ;UOP01-DEL02-RJ
738879;14/12/2025;domingo;18:35:00;TO;153;504;PARAISO DO TOCANTINS;Ausência de reação do condutor;Tombamento;Sem Vítimas;Plena Noite;Crescente;Céu Claro;Simples;Reta;Não;1;0;0;0;1;0;0;1;-10,236;-48,877;SPRF-TO;DEL01-TO;UOP01-DEL01-TO
738880;14/12/2025;domingo;19:23:00;PE;232;112,8;BEZERROS;Animais na Pista;Atropelamento de Animal;Com Vítimas Feridas;Plena Noite;Crescente;Céu Claro;Dupla;"Curva;Declive";Não;5;0;0;1;4;0;1;2;-8,298112;-35,835045;SPRF-PE;DEL02-PE;UOP03-DEL02-PE
738881;14/12/2025;domingo;18:00:00;RS;287;497,8;SAO BORJA;Animais na Pista;Atropelamento de Animal;Com Vítimas Feridas;Pleno dia;Crescente;Céu Claro;Simples;Reta;Não;2;0;0;2;0;0;2;1;-28,85464;-55,69524;SPRF-RS;DEL12-RS;UOP01-DEL12-RS
738882;14/12/2025;domingo;18:30:00;PR;476;98;BOCAIUVA DO SUL;Velocidade Incompatível;Colisão frontal;Com Vítimas Feridas;Anoitecer;Crescente;Céu Claro;Simples;Curva;Não;2;0;2;0;0;0;2;2;-25,24153053;-49,1299092;SPRF-PR;DEL01-PR;UOP01-DEL01-PR
738883;14/12/2025;domingo;18:40:00;MA;230;402;BALSAS;Ingestão de álcool pelo condutor;Saída de leito carroçável;Com Vítimas Feridas;Anoitecer;Crescente;Céu Claro;Simples;Retorno Regulamentado;Sim;1;0;1;0;0;0;1;1;-7,51778902;-46,03585839;SPRF-MA;DEL05-MA;UOP01-DEL05-MA
738884;14/12/2025;domingo;19:40:00;MG;40;808,9;MATIAS BARBOSA;Chuva;Saída de leito carroçável;Com Vítimas Feridas;Plena Noite;Crescente;Chuva;Dupla;"Retorno Regulamentado;Declive;Curva";Não;1;0;0;1;0;0;1;1;-21,86833679;-43,34718895;SPRF-MG;DEL05-MG;UOP01-DEL05-MG
738885;14/12/2025;domingo;18:20:00;PE;316;4;ARARIPINA;Reação tardia ou ineficiente do condutor;Colisão traseira;Com Vítimas Fatais;Plena Noite;Crescente;Céu Claro;Simples;Reta;Não;4;1;0;1;0;2;1;2;-7,465921;-40,624791;SPRF-PE;DEL05-PE;UOP02-DEL05-PE
738886;14/12/2025;domingo;19:00:00;PI;343;213;CAPITAO DE CAMPOS;Reação tardia ou ineficiente do condutor;Colisão com objeto;Com Vítimas Feridas;Plena Noite;Decrescente;Nublado;Dupla;Reta;Sim;1;0;1;0;0;0;1;1;-4,4575;-41,9405;SPRF-PI;DEL02-PI;UOP01-DEL02-PI
738887;14/12/2025;domingo;19:00:00;PR;369;231;JANDAIA DO SUL;Ingestão de álcool pelo condutor;Saída de leito carroçável;Com Vítimas Feridas;Anoitecer;Crescente;Chuva;Simples;"Declive;Curva";Não;1;0;1;0;0;0;1;1;-23,594788;-51,65394;SPRF-PR;DEL09-PR;UOP01-DEL09-PR
738888;14/12/2025;domingo;19:40:00;PI;316;10;TERESINA;Ausência de reação do condutor;Colisão traseira;Sem Vítimas;Plena Noite;Crescente;Céu Claro;Múltipla;"Rotatória;Viaduto";Sim;2;0;0;0;2;0;0;2;-5,19058924;-42,76139528;SPRF-PI;DEL01-PI;UOP02-DEL01-PI
738890;14/12/2025;domingo;19:40:00;PR;277;724,8;FOZ DO IGUACU;Ingestão de álcool pelo condutor;Saída de leito carroçável;Sem Vítimas;Plena Noite;Crescente;Céu Claro;Dupla;"Reta;Declive";Sim;1;0;0;0;1;0;0;1;-25,50242554;-54,53842496;SPRF-PR;DEL05-PR;UOP03-DEL05-PR
738891;14/12/2025;domingo;20:08:00;PB;230;11,4;CABEDELO;Ausência de reação do condutor;Colisão com objeto;Com Vítimas Feridas;Plena Noite;Crescente;Céu Claro;Dupla;Reta;Sim;2;0;1;1;0;0;2;1;-7,067;-34,85;SPRF-PB;DEL01-PB;UOP01-DEL01-PB
738892;14/12/2025;domingo;20:30:00;SC;101;196,2;BIGUACU;Ingestão de álcool pelo condutor;Colisão traseira;Com Vítimas Feridas;Plena Noite;Decrescente;Céu Claro;Dupla;Reta;Sim;3;0;0;2;1;0;2;2;-27,512303;-48,641492;SPRF-SC;DEL01-SC;UOP01-DEL01-SC
738893;14/12/2025;domingo;20:00:00;SP;116;333;JUQUITIBA;Ausência de reação do condutor;Saída de leito carroçável;Sem Vítimas;Plena Noite;Crescente;Céu Claro;Dupla;Reta;Não;1;0;0;0;1;0;0;1;-23,962923;-47,123125;SPRF-SP;DEL04-SP;UOP03-DEL04-SP
738894;14/12/2025;domingo;19:30:00;PA;316;123;NOVA TIMBOTEUA;Transitar na contramão;Colisão lateral sentido oposto;Com Vítimas Feridas;Plena Noite;Crescente;Céu Claro;Simples;Reta;Não;2;0;1;0;1;0;1;2;-1,310583;-47,406635;SPRF-PA;DEL01-PA;UOP02-DEL01-PA
738896;14/12/2025;domingo;20:00:00;PE;116;46;SALGUEIRO;Velocidade Incompatível;Colisão com objeto;Com Vítimas Feridas;Plena Noite;Crescente;Céu Claro;Simples;Curva;Não;4;0;1;1;2;0;2;1;-8,241953;-39,112832;SPRF-PE;DEL05-PE;UOP01-DEL05-PE
738897;14/12/2025;domingo;19:30:00;AP;210;60;PORTO GRANDE;Transitar na contramão;Colisão lateral sentido oposto;Com Vítimas Feridas;Plena Noite;Crescente;Céu Claro;Simples;Reta;Não;5;0;1;0;4;0;1;2;0,4839233;-51,1070767;SPRF-AP;DEL01-AP;UOP01-DEL01-AP
738898;14/12/2025;domingo;21:25:00;MG;40;572;ITABIRITO;Pista Escorregadia;Tombamento;Com Vítimas Feridas;Plena Noite;Decrescente;Chuva;Múltipla;Reta;Sim;1;0;0;1;0;0;1;1;-20,233316;-43,968227;SPRF-MG;DEL01-MG;UOP02-DEL01-MG
738899;14/12/2025;domingo;17:45:00;MS;60;368;CAMPO GRANDE;Ausência de reação do condutor;Colisão frontal;Sem Vítimas;Anoitecer;Crescente;Nublado;Simples;Reta;Sim;3;0;0;0;3;0;0;2;-20,55282682;-54,66929092;SPRF-MS;DEL01-MS;UOP04-DEL01-MS
738900;14/12/2025;domingo;20:35:00;RJ;101;572;PARATY;Reação tardia ou ineficiente do condutor;Colisão lateral sentido oposto;Sem Vítimas;Plena Noite;Crescente;Nublado;Simples;Reta;Sim;2;0;0;0;1;1;0;2;-23,1947965;-44,72780641;SPRF-RJ;DEL03-RJ;UOP04-DEL03-RJ
738901;14/12/2025;domingo;21:10:00;ES;101;126,5;SOORETAMA;Animais na Pista;Atropelamento de Animal;Com Vítimas Feridas;Plena Noite;Crescente;Nublado;Simples;Reta;Não;1;0;1;0;0;0;1;1;-19,19737767;-40,09563446;SPRF-ES;DEL04-ES;UOP01-DEL04-ES
738903;14/12/2025;domingo;08:50:00;MG;365;404;PATOS DE MINAS;Reação tardia ou ineficiente do condutor;Colisão traseira;Com Vítimas Feridas;Pleno dia;Decrescente;Nublado;Simples;Reta;Não;2;0;2;0;0;0;2;2;-18,6357;-46,4612;SPRF-MG;DEL10-MG;UOP01-DEL10-MG
738904;14/12/2025;domingo;19:00:00;BA;418;90;NOVA VICOSA;Transitar na contramão;Colisão lateral sentido oposto;Com Vítimas Feridas;Plena Noite;Decrescente;Céu Claro;Simples;"Reta;Rotatória";Sim;5;0;3;0;2;0;3;2;-17,885651;-39,838036;SPRF-BA;DEL09-BA;UOP02-DEL09-BA
738905;14/12/2025;domingo;21:40:00;RS;116;526;PELOTAS;Desrespeitar a preferência no cruzamento;Colisão transversal;Com Vítimas Feridas;Plena Noite;Decrescente;Céu Claro;Simples;Viaduto;Sim;6;0;1;0;5;0;1;2;-31,74582732;-52,40589945;SPRF-RS;DEL07-RS;UOP01-DEL07-RS
738907;14/12/2025;domingo;19:00:00;PE;428;10,2;CABROBO;Reação tardia ou ineficiente do condutor;Colisão transversal;Sem Vítimas;Plena Noite;Decrescente;Céu Claro;Simples;Reta;Sim;2;0;0;0;2;0;0;2;-8,508455;-39,309848;SPRF-PE;DEL05-PE;UOP03-DEL05-PE
738908;14/12/2025;domingo;17:30:00;PB;427;34,6;POMBAL;Retorno proibido;Colisão transversal;Com Vítimas Feridas;Plena Noite;Decrescente;Céu Claro;Simples;Reta;Não;4;0;0;1;2;1;1;2;-6,749627;-37,754902;SPRF-PB;DEL03-PB;UOP02-DEL03-PB
738909;14/12/2025;domingo;21:00:00;SP;116;447,4;REGISTRO;Ausência de reação do condutor;Queda de ocupante de veículo;Com Vítimas Feridas;Pleno dia;Decrescente;Chuva;Dupla;Reta;Não;1;0;1;0;0;0;1;1;-24,5006336;-47,8445568;SPRF-SP;DEL05-SP;UOP01-DEL05-SP
738910;14/12/2025;domingo;18:30:00;PE;407;129;PETROLINA;Ausência de reação do condutor;Colisão com objeto;Com Vítimas Fatais;Plena Noite;Decrescente;Céu Claro;Dupla;"Curva;Viaduto";Sim;1;1;0;0;0;0;0;1;-9,40103;-40,50364;SPRF-PE;DEL06-PE;UOP01-DEL06-PE
738911;14/12/2025;domingo;16:40:00;MT;163;1063;GUARANTA DO NORTE;Ausência de reação do condutor;Colisão traseira;Sem Vítimas;Pleno dia;Crescente;Céu Claro;Simples;Reta;Sim;2;0;0;0;2;0;0;2;-9,96782;-54,905247;SPRF-MT;DEL06-MT;UOP03-DEL06-MT
738912;14/12/2025;domingo;20:25:00;GO;60;167,3;GOIANIA;Chuva;Tombamento;Com Vítimas Feridas;Plena Noite;Decrescente;Chuva;Dupla;"Reta;Declive";Não;1;0;1;0;0;0;1;1;-16,711328;-49,355173;SPRF-GO;DEL01-GO;UOP02-DEL01-GO
738913;14/12/2025;domingo;21:20:00;RS;116;243;SAO LEOPOLDO;Transtornos Mentais (exceto suicidio);Engavetamento;Com Vítimas Feridas;Plena Noite;Decrescente;Céu Claro;Dupla;Reta;Sim;9;0;2;1;6;0;3;3;-29,7248524;-51,14877697;SPRF-RS;DEL01-RS;UOP02-DEL01-RS
738914;14/12/2025;domingo;19:50:00;PI;230;198;OEIRAS;Manobra de mudança de faixa;Colisão lateral mesmo sentido;Com Vítimas Feridas;Plena Noite;Crescente;Céu Claro;Simples;Reta;Sim;2;0;0;1;1;0;1;2;-7,015088;-42,138082;SPRF-PI;DEL04-PI;UOP01-DEL04-PI
738918;14/12/2025;domingo;21:40:00;ES;262;108,9;VENDA NOVA DO IMIGRANTE;Acessar a via sem observar a presença dos outros veículos;Colisão transversal;Com Vítimas Feridas;Plena Noite;Crescente;Céu Claro;Dupla;Reta;Sim;2;0;1;0;1;0;1;2;-20,33632245;-41,17842841;SPRF-ES;DEL01-ES;UOP02-DEL01-ES
738919;14/12/2025;domingo;22:12:00;TO;10;458,5;PALMAS;Pedestre andava na pista;Atropelamento de Pedestre;Com Vítimas Feridas;Plena Noite;Decrescente;Nublado;Dupla;Reta;Não;2;0;0;1;1;0;1;2;-10,277747;-48,3012143;SPRF-TO;DEL01-TO;UOP03-DEL01-TO
738920;14/12/2025;domingo;21:20:00;MG;262;787;UBERABA;Velocidade Incompatível;Colisão com objeto;Com Vítimas Feridas;Plena Noite;Crescente;Céu Claro;Dupla;"Reta;Interseção de Vias";Não;3;0;2;1;0;0;3;1;-19,77272563;-47,91511981;SPRF-MG;DEL13-MG;UOP01-DEL13-MG
738921;14/12/2025;domingo;22:10:00;ES;393;3;CACHOEIRO DE ITAPEMIRIM;Acumulo de areia ou detritos sobre o pavimento;Queda de ocupante de veículo;Com Vítimas Feridas;Plena Noite;Crescente;Chuva;Simples;Reta;Não;1;0;0;1;0;0;1;1;-20,82728024;-41,18857831;SPRF-ES;DEL03-ES;UOP02-DEL03-ES
738922;14/12/2025;domingo;21:50:00;RS;116;429;CRISTAL;Ausência de reação do condutor;Tombamento;Com Vítimas Feridas;Plena Noite;Crescente;Ignorado;Simples;Reta;Não;1;0;1;0;0;0;1;1;-31,01270308;-52,0528168;SPRF-RS;DEL02-RS;UOP02-DEL02-RS
738924;14/12/2025;domingo;18:40:00;MS;158;12,1;CASSILANDIA;Ausência de reação do condutor;Colisão traseira;Sem Vítimas;Anoitecer;Decrescente;Chuva;Simples;"Reta;Declive";Não;2;0;0;0;0;2;0;2;-19,15933502;-51,64604321;SPRF-MS;DEL08-MS;UOP01-DEL08-MS
738925;14/12/2025;domingo;23:00:00;RS;285;529;SAO LUIZ GONZAGA;Ausência de reação do condutor;Capotamento;Com Vítimas Feridas;Plena Noite;Decrescente;Céu Claro;Simples;"Reta;Declive";Não;1;0;0;1;0;0;1;1;-28,411375;-54,561956;SPRF-RS;DEL10-RS;UOP01-DEL10-RS
738926;14/12/2025;domingo;19:00:00;PA;230;2;ALTAMIRA;Acessar a via sem observar a presença dos outros veículos;Colisão transversal;Com Vítimas Feridas;Plena Noite;Crescente;Céu Claro;Dupla;"Rotatória;Interseção de Vias";Sim;2;0;1;0;1;0;1;2;-3,18257073;-52,1859743;SPRF-PA;DEL04-PA;UOP01-DEL04-PA
738927;14/12/2025;domingo;19:00:00;RJ;40;92;PETROPOLIS;Acumulo de água sobre o pavimento;Tombamento;Com Vítimas Feridas;Plena Noite;Decrescente;Céu Claro;Dupla;"Curva;Aclive";Não;1;0;1;0;0;0;1;1;-22,567508;-43,240055;SPRF-RJ;DEL01-RJ;UOP01-DEL01-RJ
738928;14/12/2025;domingo;05:59:00;AM;319;275;MANAQUIRI;Ausência de reação do condutor;Saída de leito carroçável;Com Vítimas Feridas;Amanhecer;Decrescente;Chuva;Simples;Reta;Não;6;0;6;0;0;0;6;1;-4,13447637;-60,75233459;SPRF-AM;DEL01-AM;UOP04-DEL01-AM
738929;14/12/2025;domingo;22:35:00;RN;101;81;NATAL;Pedestre - Ingestão de álcool/ substâncias psicoativas;Atropelamento de Pedestre;Com Vítimas Feridas;Plena Noite;Decrescente;Nublado;Dupla;Reta;Sim;2;0;1;0;0;1;1;2;-5,76655511;-35,27807283;SPRF-RN;DEL02-RN;UOP01-DEL02-RN
738931;14/12/2025;domingo;23:00:00;GO;40;14;LUZIANIA;Manobra de mudança de faixa;Colisão lateral mesmo sentido;Com Vítimas Feridas;Plena Noite;Decrescente;Nublado;Dupla;Reta;Sim;1;0;1;0;0;0;1;1;-16,15684169;-47,93443233;SPRF-DF;DEL01-DF;UOP01-DEL01-DF
738932;14/12/2025;domingo;21:40:00;PE;423;56,7;LAJEDO;Transitar na contramão;Colisão frontal;Com Vítimas Feridas;Plena Noite;Crescente;Céu Claro;Simples;Curva;Não;4;0;0;1;2;1;1;3;-8,6317777;-36,3052786;SPRF-PE;DEL03-PE;UOP01-DEL03-PE
738933;14/12/2025;domingo;23:30:00;DF;20;16;BRASILIA;Ausência de reação do condutor;Saída de leito carroçável;Sem Vítimas;Anoitecer;Crescente;Céu Claro;Dupla;Declive;Sim;1;0;0;0;0;1;0;1;-15,581864;-47,521973;SPRF-DF;DEL02-DF;UOP01-DEL02-DF
738934;14/12/2025;domingo;23:20:00;SC;470;48,5;BLUMENAU;Ingestão de álcool pelo condutor;Capotamento;Sem Vítimas;Plena Noite;Decrescente;Nublado;Simples;Curva;Não;1;0;0;0;0;1;0;1;-26,8599829;-49,06204311;SPRF-SC;DEL04-SC;UOP01-DEL04-SC
738935;14/12/2025;domingo;22:20:00;ES;101;299,2;VIANA;Acessar a via sem observar a presença dos outros veículos;Tombamento;Com Vítimas Feridas;Plena Noite;Crescente;Nublado;Múltipla;"Reta;Interseção de Vias";Sim;1;0;1;0;0;0;1;1;-20,35754384;-40,42772339;SPRF-ES;DEL01-ES;UOP01-DEL01-ES
738936;14/12/2025;domingo;23:10:00;ES;262;16;VIANA;Acessar a via sem observar a presença dos outros veículos;Colisão transversal;Com Vítimas Feridas;Plena Noite;Crescente;Nublado;Simples;Curva;Não;2;0;1;0;1;0;1;2;-20,38404811;-40,46566056;SPRF-ES;DEL01-ES;UOP01-DEL01-ES
738937;14/12/2025;domingo;17:40:00;RJ;101;131;CONCEICAO DE MACABU;Acumulo de água sobre o pavimento;Capotamento;Com Vítimas Feridas;Plena Noite;Decrescente;Chuva;Dupla;Reta;Não;2;0;2;0;0;0;2;1;-22,11441504;-41,7021416;SPRF-RJ;DEL08-RJ;UOP04-DEL08-RJ
738938;14/12/2025;domingo;22:10:00;RS;285;276,2;MATO CASTELHANO;Acostamento em desnível;Queda de ocupante de veículo;Com Vítimas Fatais;Plena Noite;Crescente;Céu Claro;Simples;Curva;Não;2;1;0;0;0;1;0;2;-28,2631;-52,219999;SPRF-RS;DEL08-RS;UOP03-DEL08-RS
738939;14/12/2025;domingo;22:20:00;RJ;101;199,3;CASIMIRO DE ABREU;Acesso irregular;Colisão com objeto;Com Vítimas Feridas;Plena Noite;Crescente;Nublado;Dupla;Reta;Não;1;0;0;1;0;0;1;1;-22,48691787;-42,13781606;SPRF-RJ;DEL08-RJ;UOP04-DEL08-RJ
738940;14/12/2025;domingo;23:20:00;RS;392;62;PELOTAS;Reação tardia ou ineficiente do condutor;Saída de leito carroçável;Com Vítimas Feridas;Plena Noite;Decrescente;Céu Claro;Dupla;Retorno Regulamentado;Não;2;0;2;0;0;0;2;1;-31,782917;-52,356738;SPRF-RS;DEL07-RS;UOP01-DEL07-RS
738941;14/12/2025;domingo;22:00:00;SC;282;606,3;MARAVILHA;Ingestão de álcool pelo condutor;Colisão frontal;Com Vítimas Feridas;Plena Noite;Crescente;Céu Claro;Simples;Reta;Sim;3;0;0;1;2;0;1;2;-26,77560886;-53,20233313;SPRF-SC;DEL07-SC;UOP02-DEL07-SC
738942;14/12/2025;domingo;22:00:00;MG;381;487;BETIM;Ausência de reação do condutor;Colisão com objeto;Com Vítimas Feridas;Plena Noite;Decrescente;Chuva;Dupla;Curva;Não;2;0;2;0;0;0;2;1;-19,95818245;-44,12075043;SPRF-MG;DEL01-MG;UOP03-DEL01-MG
738943;15/12/2025;segunda-feira;00:00:00;PR;277;594;CASCAVEL;Neblina;Saída de leito carroçável;Com Vítimas Feridas;Plena Noite;Crescente;Céu Claro;Múltipla;Declive;Sim;1;0;1;0;0;0;1;1;-24,97935628;-53,49094927;SPRF-PR;DEL04-PR;UOP01-DEL04-PR
738944;14/12/2025;domingo;23:00:00;GO;364;91;CACHOEIRA ALTA;Ausência de reação do condutor;Colisão com objeto;Com Vítimas Feridas;Plena Noite;Crescente;Céu Claro;Simples;Reta;Não;1;0;0;1;0;0;1;1;-18,48868;-51,075824;SPRF-GO;DEL05-GO;UOP02-DEL05-GO
738945;14/12/2025;domingo;23:02:00;SC;101;18,8;ILHOTA;Avarias e/ou desgaste excessivo no pneu;Saída de leito carroçável;Com Vítimas Feridas;Plena Noite;Crescente;Céu Claro;Dupla;Reta;Não;1;0;1;0;0;0;1;1;-26,86103;-48,81357;SPRF-SC;DEL03-SC;UOP01-DEL03-SC
738947;14/12/2025;domingo;19:30:00;MG;116;736;LARANJAL;Reação tardia ou ineficiente do condutor;Colisão transversal;Com Vítimas Feridas;Plena Noite;Decrescente;Chuva;Simples;Interseção de Vias;Sim;2;0;1;0;1;0;1;2;-21,3663389;-42,4749048;SPRF-MG;DEL07-MG;UOP02-DEL07-MG
738948;14/12/2025;domingo;23:00:00;PR;277;5;PARANAGUA;Demais falhas mecânicas ou elétricas;Incêndio;Sem Vítimas;Plena Noite;Crescente;Nublado;Dupla;Reta;Sim;3;0;0;0;3;0;0;1;-25,53635848;-48,53097662;SPRF-PR;DEL01-PR;UOP05-DEL01-PR
738949;15/12/2025;segunda-feira;00:15:00;PI;316;32,8;DEMERVAL LOBAO;Desrespeitar a preferência no cruzamento;Colisão transversal;Com Vítimas Feridas;Plena Noite;Decrescente;Céu Claro;Dupla;"Reta;Interseção de Vias";Sim;2;0;1;0;0;1;1;2;-5,358128;-42,675983;SPRF-PI;DEL01-PI;UOP02-DEL01-PI
738950;15/12/2025;segunda-feira;00:30:00;MA;222;204;ITAPECURU MIRIM;Manobra de mudança de faixa;Colisão frontal;Com Vítimas Feridas;Plena Noite;Decrescente;Ignorado;Simples;Reta;Sim;2;0;0;1;1;0;1;2;-3,3901233;-44,3642033;SPRF-MA;DEL01-MA;UOP02-DEL01-MA