id;data_inversa;dia_semana;horario;uf;br;km;municipio;causa_acidente;tipo_acidente;classificacao_acidente;fase_dia;sentido_via;condicao_metereologica;tipo_pista;tracado_via;uso_solo;pessoas;mortos;feridos_leves;feridos_graves;ilesos;ignorados;feridos;veiculos;latitude;longitude;regional;delegacia;uop
739074;13/11/2025;quinta-feira;17:15:00;DF;20;8;BRASILIA;Condutor deixou de manter distância do veículo da frente;Colisão traseira;Com Vítimas Feridas;Pleno dia;Crescente;Céu Claro;Múltipla;"Reta;Aclive;Viaduto";Sim;3;0;1;0;2;0;1;3;-15,65480773;-47,78437525;SPRF-DF;DEL02-DF;UOP01-DEL02-DF
739076;15/12/2025;segunda-feira;12:45:00;PE;424;5,6;ARCOVERDE;Ausência de reação do condutor;Saída de leito carroçável;Com Vítimas Feridas;Pleno dia;Decrescente;Sol;Simples;Reta;Não;1;0;1;0;0;0;1;1;-8,47305143;-37,03731537;SPRF-PE;DEL04-PE;UOP02-DEL04-PE
739078;15/12/2025;segunda-feira;12:00:00;MG;381;646;SANTO ANTONIO DO AMPARO;Chuva;Colisão com objeto;Com Vítimas Feridas;Pleno dia;Crescente;Chuva;Dupla;Curva;Não;2;0;1;0;1;0;1;1;-20,945644;-44,881474;SPRF-MG;DEL04-MG;UOP02-DEL04-MG
739079;15/12/2025;segunda-feira;08:00:00;RO;364;347,7;JI-PARANA;Condutor deixou de manter distância do veículo da frente;Colisão traseira;Com Vítimas Feridas;Pleno dia;Crescente;Céu Claro;Simples;Reta;Não;2;0;1;0;1;0;1;2;-10,8563499;-61,98254753;SPRF-RO;DEL02-RO;UOP01-DEL02-RO
739080;15/12/2025;segunda-feira;15:00:00;MG;381;778;CAMPANHA;Velocidade Incompatível;Saída de leito carroçável;Com Vítimas Feridas;Pleno dia;Crescente;Chuva;Dupla;Curva;Não;4;0;3;0;1;0;3;1;-21,8045079;-45,4741286;SPRF-MG;DEL16-MG;UOP02-DEL16-MG
739081;15/12/2025;segunda-feira;12:30:00;BA;101;108;ALAGOINHAS;Ausência de reação do condutor;Colisão lateral sentido oposto;Sem Vítimas;Pleno dia;Crescente;Sol;Simples;Reta;Sim;2;0;0;0;2;0;0;2;-12,15077;-38,399021;SPRF-BA;DEL01-BA;UOP04-DEL01-BA
739082;15/12/2025;segunda-feira;12:25:00;RS;386;179,4;CARAZINHO;Acessar a via sem observar a presença dos outros veículos;Colisão transversal;Com Vítimas Feridas;Pleno dia;Decrescente;Céu Claro;Simples;"Retorno Regulamentado;Reta;Interseção de Vias";Sim;4;0;2;0;2;0;2;2;-28,29754148;-52,74945974;SPRF-RS;DEL08-RS;UOP01-DEL08-RS
739084;15/12/2025;segunda-feira;14:34:00;SC;470;92,4;APIUNA;Desrespeitar a preferência no cruzamento;Colisão transversal;Com Vítimas Feridas;Pleno dia;Decrescente;Céu Claro;Simples;Reta;Sim;3;0;2;0;1;0;2;2;-26,98962923;-49,37443614;SPRF-SC;DEL04-SC;UOP01-DEL04-SC
739086;24/10/2025;sexta-feira;08:15:00;PI;222;117,4;BATALHA;Transitar na contramão;Colisão frontal;Com Vítimas Feridas;Pleno dia;Crescente;Céu Claro;Simples;Reta;Não;2;0;0;1;1;0;1;2;-4,07300794;-42,06510544;SPRF-PI;DEL02-PI;UOP01-DEL02-PI
739089;15/12/2025;segunda-feira;14:55:00;MG;381;339;JOAO MONLEVADE;Acesso irregular;Colisão transversal;Com Vítimas Feridas;Pleno dia;Decrescente;Chuva;Simples;Curva;Não;2;0;0;1;1;0;1;2;-19,8499847;-43,1510471;SPRF-MG;DEL03-MG;UOP01-DEL03-MG
739091;15/12/2025;segunda-feira;11:30:00;CE;402;221,7;AMONTADA;Condutor deixou de manter distância do veículo da frente;Colisão traseira;Com Vítimas Feridas;Pleno dia;Decrescente;Céu Claro;Simples;Reta;Não;3;0;0;1;2;0;1;2;-3,32173;-39,883571;SPRF-CE;DEL01-CE;UOP03-DEL01-CE
739093;15/12/2025;segunda-feira;15:50:00;PR;116;122;CURITIBA;Ausência de reação do condutor;Colisão com objeto;Com Vítimas Feridas;Pleno dia;Crescente;Céu Claro;Dupla;Reta;Sim;1;0;0;1;0;0;1;1;-25,60590254;-49,31865541;SPRF-PR;DEL01-PR;UOP03-DEL01-PR
739097;14/12/2025;domingo;22:17:00;PA;163;620;TRAIRAO;Ausência de reação do condutor;Queda de ocupante de veículo;Com Vítimas Feridas;Plena Noite;Crescente;Ignorado;Simples;Reta;Não;1;0;1;0;0;0;1;1;-4,70681043;-56,0077343;SPRF-PA;DEL05-PA;UOP03-DEL05-PA
739098;15/12/2025;segunda-feira;14:00:00;RJ;101;60;CAMPOS DOS GOYTACAZES;Demais falhas mecânicas ou elétricas;Queda de ocupante de veículo;Com Vítimas Feridas;Pleno dia;Decrescente;Nublado;Simples;Reta;Não;1;0;1;0;0;0;1;1;-21,8319515;-41,41122384;SPRF-RJ;DEL08-RJ;UOP01-DEL08-RJ
739099;15/12/2025;segunda-feira;16:02:00;PB;230;23,5;JOAO PESSOA;Condutor deixou de manter distância do veículo da frente;Colisão traseira;Com Vítimas Feridas;Pleno dia;Crescente;Céu Claro;Dupla;Reta;Sim;3;0;1;1;0;1;2;2;-7,16219192;-34,8609463;SPRF-PB;DEL01-PB;UOP01-DEL01-PB
739100;15/12/2025;segunda-feira;13:00:00;SC;101;343;TUBARAO;Animais na Pista;Saída de leito carroçável;Sem Vítimas;Pleno dia;Crescente;Céu Claro;Múltipla;Reta;Sim;1;0;0;0;0;1;0;1;-28,54351727;-49,05383019;SPRF-SC;DEL02-SC;UOP01-DEL02-SC
739103;15/12/2025;segunda-feira;13:00:00;SC;282;488;FAXINAL DOS GUEDES;Acessar a via sem observar a presença dos outros veículos;Colisão transversal;Com Vítimas Feridas;Pleno dia;Decrescente;Céu Claro;Simples;"Interseção de Vias;Rotatória";Não;2;0;0;1;1;0;1;2;-26,85726461;-52,26179693;SPRF-SC;DEL07-SC;UOP01-DEL07-SC
739106;15/12/2025;segunda-feira;15:20:00;MG;50;180;UBERABA;Acumulo de areia ou detritos sobre o pavimento;Queda de ocupante de veículo;Com Vítimas Feridas;Pleno dia;Decrescente;Céu Claro;Simples;"Viaduto;Interseção de Vias";Sim;1;0;1;0;0;0;1;1;-19,7459968;-47,9363072;SPRF-MG;DEL13-MG;UOP01-DEL13-MG
739107;15/12/2025;segunda-feira;17:40:00;MG;459;98,1;POUSO ALEGRE;Velocidade Incompatível;Colisão transversal;Com Vítimas Feridas;Pleno dia;Crescente;Céu Claro;Simples;"Declive;Reta";Não;2;0;0;1;1;0;1;2;-22,197848;-45,971117;SPRF-MG;DEL09-MG;UOP01-DEL09-MG
739108;15/12/2025;segunda-feira;17:30:00;RJ;393;147;TRES RIOS;Transitar na contramão;Colisão transversal;Com Vítimas Feridas;Pleno dia;Crescente;Céu Claro;Simples;Curva;Não;4;0;4;0;0;0;4;2;-22,05382325;-43,02108765;SPRF-RJ;DEL05-RJ;UOP01-DEL05-RJ
739109;15/12/2025;segunda-feira;17:00:00;SC;282;606;MARAVILHA;Acessar a via sem observar a presença dos outros veículos;Colisão transversal;Com Vítimas Feridas;Pleno dia;Decrescente;Chuva;Simples;Reta;Sim;2;0;0;1;1;0;1;2;-26,77124099;-53,20798723;SPRF-SC;DEL07-SC;UOP02-DEL07-SC
739110;15/12/2025;segunda-feira;16:30:00;SC;282;607;MARAVILHA;Reação tardia ou ineficiente do condutor;Tombamento;Com Vítimas Feridas;Pleno dia;Crescente;Nublado;Simples;Reta;Sim;1;0;1;0;0;0;1;1;-26,7705374;-53,20884705;SPRF-SC;DEL07-SC;UOP02-DEL07-SC
739111;15/12/2025;segunda-feira;17:20:00;PR;277;70;SAO JOSE DOS PINHAIS;Ausência de reação do condutor;Colisão lateral mesmo sentido;Com Vítimas Feridas;Pleno dia;Crescente;Sol;Dupla;Viaduto;Não;3;0;2;0;1;0;2;2;-25,511148;-49,127745;SPRF-PR;DEL01-PR;UOP01-DEL01-PR
739112;15/12/2025;segunda-feira;15:00:00;RJ;101;144;MACAE;Velocidade Incompatível;Queda de ocupante de veículo;Com Vítimas Feridas;Pleno dia;Crescente;Nublado;Simples;Viaduto;Não;2;0;2;0;0;0;2;1;-22,21665783;-41,75604757;SPRF-RJ;DEL08-RJ;UOP04-DEL08-RJ
739116;15/12/2025;segunda-feira;17:00:00;PR;116;115;CURITIBA;Trafegar com motocicleta (ou similar) entre as faixas;Colisão traseira;Com Vítimas Feridas;Pleno dia;Crescente;Sol;Dupla;Reta;Sim;2;0;0;1;1;0;1;2;-25,543108;-49,303147;SPRF-PR;DEL01-PR;UOP03-DEL01-PR
739118;15/12/2025;segunda-feira;12:40:00;RO;364;646;CANDEIAS DO JAMARI;Acessar a via sem observar a presença dos outros veículos;Colisão frontal;Sem Vítimas;Pleno dia;Crescente;Nublado;Simples;Reta;Não;2;0;0;0;1;1;0;2;-8,99093215;-63,42240876;SPRF-RO;DEL01-RO;UOP04-DEL01-RO
739119;15/12/2025;segunda-feira;17:24:00;SC;101;200;SAO JOSE;Reação tardia ou ineficiente do condutor;Saída de leito carroçável;Sem Vítimas;Pleno dia;Decrescente;Céu Claro;Dupla;Reta;Sim;1;0;0;0;1;0;0;1;-27,54574;-48,619795;SPRF-SC;DEL01-SC;UOP01-DEL01-SC
739120;15/12/2025;segunda-feira;16:35:00;DF;20;4,1;BRASILIA;Ausência de reação do condutor;Colisão traseira;Com Vítimas Feridas;Pleno dia;Decrescente;Nublado;Simples;Reta;Sim;1;0;0;1;0;0;1;1;-15,68283663;-47,84107804;SPRF-DF;DEL02-DF;UOP01-DEL02-DF
739121;15/12/2025;segunda-feira;17:51:00;SC;280;28,8;ARAQUARI;Trafegar com motocicleta (ou similar) entre as faixas;Colisão transversal;Com Vítimas Feridas;Pleno dia;Decrescente;Céu Claro;Simples;Reta;Não;2;0;1;0;1;0;1;2;-26,409631;-48,751324;SPRF-SC;DEL03-SC;UOP03-DEL03-SC
739122;15/12/2025;segunda-feira;15:25:00;RJ;40;92;PETROPOLIS;Avarias e/ou desgaste excessivo no pneu;Saída de leito carroçável;Com Vítimas Feridas;Pleno dia;Decrescente;Nublado;Simples;Curva;Não;5;0;1;0;4;0;1;1;-22,563626;-43,235802;SPRF-RJ;DEL01-RJ;UOP01-DEL01-RJ
739123;15/12/2025;segunda-feira;17:00:00;SC;116;1,8;MAFRA;Desrespeitar a preferência no cruzamento;Colisão transversal;Com Vítimas Feridas;Pleno dia;Decrescente;Céu Claro;Simples;Interseção de Vias;Sim;2;0;0;1;1;0;1;2;-26,12256;-49,79146;SPRF-SC;DEL06-SC;UOP01-DEL06-SC
739124;15/12/2025;segunda-feira;12:20:00;MT;163;777;SORRISO;Avarias e/ou desgaste excessivo no pneu;Queda de ocupante de veículo;Com Vítimas Feridas;Pleno dia;Decrescente;Céu Claro;Simples;Reta;Não;2;0;2;0;0;0;2;1;-12,36160667;-55,60313333;SPRF-MT;DEL06-MT;UOP02-DEL06-MT
739125;15/12/2025;segunda-feira;15:30:00;RO;435;87;COLORADO DO OESTE;Acessar a via sem observar a presença dos outros veículos;Colisão traseira;Com Vítimas Feridas;Pleno dia;Decrescente;Céu Claro;Dupla;Reta;Sim;2;0;2;0;0;0;2;2;-13,12170621;-60,54496676;SPRF-RO;DEL04-RO;UOP02-DEL04-RO
739126;15/12/2025;segunda-feira;14:45:00;ES;101;258;SERRA;Ausência de reação do condutor;Colisão traseira;Com Vítimas Feridas;Pleno dia;Crescente;Nublado;Dupla;"Aclive;Reta";Sim;2;0;0;1;0;1;1;2;-20,13229445;-40,29416084;SPRF-ES;DEL02-ES;UOP01-DEL02-ES
739128;15/12/2025;segunda-feira;17:30:00;PR;116;208;RIO NEGRO;Reação tardia ou ineficiente do condutor;Colisão traseira;Com Vítimas Feridas;Pleno dia;Crescente;Céu Claro;Simples;Reta;Sim;2;0;1;0;1;0;1;2;-26,080407;-49,770835;SPRF-SC;DEL06-SC;UOP01-DEL06-SC
739129;15/12/2025;segunda-feira;16:45:00;MG;262;105,1;ABRE CAMPO;Ausência de reação do condutor;Saída de leito carroçável;Com Vítimas Fatais;Pleno dia;Decrescente;Chuva;Simples;"Reta;Declive";Não;1;1;0;0;0;0;0;1;-20,287412;-42,556641;SPRF-MG;DEL03-MG;UOP03-DEL03-MG
739130;15/12/2025;segunda-feira;17:50:00;RS;116;301;GUAIBA;Acessar a via sem observar a presença dos outros veículos;Colisão frontal;Com Vítimas Feridas;Pleno dia;Decrescente;Céu Claro;Simples;Reta;Sim;5;0;1;1;2;1;2;2;-30,12744438;-51,35086329;SPRF-RS;DEL02-RS;UOP01-DEL02-RS
739131;15/12/2025;segunda-feira;18:30:00;MG;40;144;JOAO PINHEIRO;Conversão proibida;Colisão transversal;Com Vítimas Feridas;Anoitecer;Crescente;Garoa/Chuvisco;Simples;Aclive;Sim;2;0;1;0;1;0;1;2;-17,76286333;-46,15265099;SPRF-MG;DEL14-MG;UOP01-DEL14-MG
739133;15/12/2025;segunda-feira;18:05:00;PB;230;514,3;BOM JESUS;Acessar a via sem observar a presença dos outros veículos;Colisão transversal;Com Vítimas Feridas;Anoitecer;Crescente;Céu Claro;Simples;"Reta;Interseção de Vias";Sim;2;0;1;0;1;0;1;2;-6,871218;-38,646807;SPRF-PB;DEL03-PB;UOP03-DEL03-PB
739135;15/12/2025;segunda-feira;17:40:00;PE;424;94,6;GARANHUNS;Ingestão de álcool pelo condutor;Colisão transversal;Sem Vítimas;Anoitecer;Crescente;Céu Claro;Simples;"Reta;Declive";Não;3;0;0;0;3;0;0;2;-8,917485;-36,489267;SPRF-PE;DEL03-PE;UOP01-DEL03-PE
739141;15/12/2025;segunda-feira;16:20:00;MG;116;527,6;CARATINGA;Reação tardia ou ineficiente do condutor;Tombamento;Com Vítimas Feridas;Pleno dia;Decrescente;Nublado;Dupla;Interseção de Vias;Sim;1;0;0;1;0;0;1;1;-19,792356;-42,13734;SPRF-MG;DEL06-MG;UOP02-DEL06-MG
739142;15/12/2025;segunda-feira;17:36:00;MS;163;482;CAMPO GRANDE;Acessar a via sem observar a presença dos outros veículos;Colisão transversal;Com Vítimas Feridas;Anoitecer;Crescente;Céu Claro;Dupla;Reta;Não;2;0;1;0;1;0;1;2;-20,46503114;-54,55685489;SPRF-MS;DEL01-MS;UOP02-DEL01-MS
739144;15/12/2025;segunda-feira;18:15:00;SC;116;138,5;SANTA CECILIA;Acesso irregular;Colisão transversal;Com Vítimas Feridas;Pleno dia;Crescente;Nublado;Simples;Reta;Sim;4;0;3;1;0;0;4;2;-26,955025;-50,422015;SPRF-SC;DEL06-SC;UOP02-DEL06-SC
739145;15/12/2025;segunda-feira;20:00:00;GO;60;47;ALEXANIA;Objeto estático sobre o leito carroçável;Colisão com objeto;Com Vítimas Feridas;Plena Noite;Decrescente;Chuva;Dupla;"Declive;Reta";Não;1;0;0;1;0;0;1;1;-16,1467;-48,6023;SPRF-GO;DEL02-GO;UOP01-DEL02-GO
739146;15/12/2025;segunda-feira;18:45:00;MG;116;415,7;GOVERNADOR VALADARES;Conversão proibida;Colisão transversal;Com Vítimas Feridas;Plena Noite;Crescente;Nublado;Simples;Curva;Sim;2;0;1;0;1;0;1;2;-18,895949;-41,947806;SPRF-MG;DEL06-MG;UOP01-DEL06-MG
739148;15/12/2025;segunda-feira;19:20:00;ES;101;230,3;FUNDAO;Conversão proibida;Colisão frontal;Com Vítimas Fatais;Plena Noite;Crescente;Céu Claro;Simples;Reta;Não;5;1;0;1;2;1;1;4;-19,94189349;-40,40590525;SPRF-ES;DEL02-ES;UOP01-DEL02-ES
739149;15/12/2025;segunda-feira;18:25:00;RS;116;87,1;CAMPESTRE DA SERRA;Ausência de reação do condutor;Atropelamento de Pedestre;Com Vítimas Feridas;Pleno dia;Decrescente;Nublado;Simples;"Curva;Aclive";Sim;5;0;3;0;2;0;3;2;-28,84734;-51,13651;SPRF-RS;DEL05-RS;UOP03-DEL05-RS
739151;15/12/2025;segunda-feira;20:00:00;RJ;116;241;PIRAI;Ausência de reação do condutor;Queda de ocupante de veículo;Com Vítimas Feridas;Plena Noite;Crescente;Nublado;Dupla;Reta;Sim;1;0;1;0;0;0;1;1;-22,63705794;-43,90077174;SPRF-RJ;DEL07-RJ;UOP01-DEL07-RJ
739154;15/12/2025;segunda-feira;17:20:00;RO;364;425;JARU;Manobra de mudança de faixa;Colisão traseira;Com Vítimas Feridas;Pleno dia;Decrescente;Céu Claro;Dupla;"Reta;Declive";Não;1;0;1;0;0;0;1;1;-10,43694712;-62,47308668;SPRF-RO;DEL03-RO;UOP02-DEL03-RO
739161;15/12/2025;segunda-feira;12:30:00;BA;235;81,5;JEREMOABO;Transitar no Acostamento;Saída de leito carroçável;Com Vítimas Feridas;Pleno dia;Decrescente;Céu Claro;Simples;Reta;Não;1;0;1;0;0;0;1;1;-10,095165;-38,33956;SPRF-BA;DEL07-BA;UOP01-DEL07-BA
739163;15/12/2025;segunda-feira;21:00:00;SC;101;170;TIJUCAS;Manobra de mudança de faixa;Colisão lateral mesmo sentido;Sem Vítimas;Plena Noite;Crescente;Chuva;Dupla;Reta;Não;2;0;0;0;2;0;0;2;-27,31986752;-48,62941504;SPRF-SC;DEL04-SC;UOP03-DEL04-SC
739166;15/12/2025;segunda-feira;21:50:00;PE;101;57;RECIFE;Demais falhas mecânicas ou elétricas;Incêndio;Sem Vítimas;Plena Noite;Crescente;Nublado;Dupla;"Reta;Declive";Sim;1;0;0;0;1;0;0;1;-7,96814;-34,91943;SPRF-PE;DEL01-PE;UOP02-DEL01-PE
739167;15/12/2025;segunda-feira;21:45:00;MG;381;650,7;SANTO ANTONIO DO AMPARO;Reação tardia ou ineficiente do condutor;Queda de ocupante de veículo;Com Vítimas Feridas;Plena Noite;Crescente;Nublado;Dupla;Curva;Sim;1;0;0;1;0;0;1;1;-20,955938;-44,918869;SPRF-MG;DEL04-MG;UOP02-DEL04-MG
739168;15/12/2025;segunda-feira;20:20:00;PE;232;214;PESQUEIRA;Acesso irregular;Atropelamento de Pedestre;Com Vítimas Feridas;Plena Noite;Crescente;Céu Claro;Simples;Reta;Não;2;0;1;0;0;1;1;2;-8,38348;-36,737765;SPRF-PE;DEL03-PE;UOP02-DEL03-PE
739170;08/12/2025;segunda-feira;19:15:00;MG;365;626;UBERLANDIA;Animais na Pista;Tombamento;Com Vítimas Feridas;Plena Noite;Crescente;Chuva;Dupla;"Reta;Aclive";Não;1;0;0;1;0;0;1;1;-18,90907159;-48,30993466;SPRF-MG;DEL15-MG;UOP01-DEL15-MG
739171;15/12/2025;segunda-feira;23:47:00;ES;393;1;CACHOEIRO DE ITAPEMIRIM;Ingestão de álcool pelo condutor;Colisão frontal;Com Vítimas Fatais;Plena Noite;Crescente;Nublado;Simples;"Aclive;Reta";Não;3;1;0;1;1;0;1;2;-20,83589803;-41,16940538;SPRF-ES;DEL03-ES;UOP02-DEL03-ES
739174;15/12/2025;segunda-feira;23:10:00;SC;280;51,5;GUARAMIRIM;Ausência de reação do condutor;Tombamento;Com Vítimas Feridas;Plena Noite;Decrescente;Céu Claro;Simples;"Em Obras;Reta";Não;1;0;1;0;0;0;1;1;-26,46425968;-48,95228712;SPRF-SC;DEL03-SC;UOP03-DEL03-SC
739179;16/12/2025;terça-feira;01:35:00;MT;163;744;SORRISO;Reação tardia ou ineficiente do condutor;Colisão com objeto;Com Vítimas Feridas;Plena Noite;Crescente;Céu Claro;Dupla;Retorno Regulamentado;Não;1;0;1;0;0;0;1;1;-12,5993594;-55,74824293;SPRF-MT;DEL06-MT;UOP01-DEL06-MT
739180;16/12/2025;terça-feira;02:00:00;RJ;40;111;DUQUE DE CAXIAS;Reação tardia ou ineficiente do condutor;Tombamento;Com Vítimas Feridas;Plena Noite;Decrescente;Céu Claro;Múltipla;Reta;Sim;1;0;1;0;0;0;1;1;-22,69288495;-43,28759956;SPRF-RJ;DEL01-RJ;UOP02-DEL01-RJ
739182;16/12/2025;terça-feira;02:00:00;SP;116;152,3;SAO JOSE DOS CAMPOS;Ausência de reação do condutor;Tombamento;Sem Vítimas;Plena Noite;Decrescente;Nublado;Múltipla;Reta;Sim;1;0;0;0;1;0;0;1;-23,2281256;-45,90889335;SPRF-SP;DEL02-SP;UOP01-DEL02-SP
739183;15/12/2025;segunda-feira;18:10:00;SC;282;335;VARGEM;Velocidade Incompatível;Capotamento;Com Vítimas Feridas;Anoitecer;Crescente;Garoa/Chuvisco;Simples;"Declive;Curva";Não;1;0;0;1;0;0;1;1;-27,49624269;-50,93931198;SPRF-SC;DEL07-SC;UOP06-DEL07-SC
739184;15/12/2025;segunda-feira;20:30:00;GO;80;112;VILA PROPICIO;Pedestre andava na pista;Atropelamento de Pedestre;Com Vítimas Feridas;Plena Noite;Crescente;Céu Claro;Simples;Reta;Não;12;0;0;1;11;0;1;2;-15,125428;-48,836127;SPRF-GO;DEL07-GO;UOP02-DEL07-GO
739185;15/12/2025;segunda-feira;22:20:00;BA;324;518;FEIRA DE SANTANA;Reação tardia ou ineficiente do condutor;Queda de ocupante de veículo;Com Vítimas Feridas;Plena Noite;Crescente;Céu Claro;Dupla;Reta;Sim;1;0;1;0;0;0;1;1;-12,27763931;-38,92857104;SPRF-BA;DEL02-BA;UOP01-DEL02-BA
739188;16/12/2025;terça-feira;04:30:00;RJ;40;113;DUQUE DE CAXIAS;Entrada inopinada do pedestre;Atropelamento de Pedestre;Com Vítimas Feridas;Amanhecer;Crescente;Céu Claro;Simples;Retorno Regulamentado;Não;2;0;0;1;1;0;1;2;-22,7164722;-43,29080735;SPRF-RJ;DEL01-RJ;UOP02-DEL01-RJ
739189;16/12/2025;terça-feira;03:20:00;SP;116;153;SAO JOSE DOS CAMPOS;Mal súbito do condutor;Colisão com objeto;Sem Vítimas;Plena Noite;Crescente;Nublado;Dupla;Reta;Sim;3;0;0;0;3;0;0;1;-23,23345931;-45,91495514;SPRF-SP;DEL02-SP;UOP01-DEL02-SP
739190;16/12/2025;terça-feira;04:55:00;PE;101;59;RECIFE;Animais na Pista;Atropelamento de Animal;Com Vítimas Feridas;Pleno dia;Decrescente;Céu Claro;Dupla;Reta;Não;1;0;0;1;0;0;1;1;-7,9861702;-34,9325977;SPRF-PE;DEL01-PE;UOP02-DEL01-PE
739191;16/12/2025;terça-feira;00:10:00;SP;381;24;BRAGANCA PAULISTA;Condutor Dormindo;Capotamento;Sem Vítimas;Plena Noite;Decrescente;Céu Claro;Dupla;"Aclive;Reta";Não;1;0;0;0;1;0;0;1;-23,01592024;-46,52524889;SPRF-SP;DEL03-SP;UOP02-DEL03-SP
739192;16/12/2025;terça-feira;05:40:00;PE;408;58;PAUDALHO;Condutor deixou de manter distância do veículo da frente;Colisão lateral mesmo sentido;Com Vítimas Feridas;Pleno dia;Decrescente;Céu Claro;Dupla;Reta;Sim;2;0;0;1;1;0;1;2;-7,85796;-35,2162;SPRF-PE;DEL01-PE;UOP01-DEL01-PE
739193;16/12/2025;terça-feira;06:30:00;RJ;116;177;SAO JOAO DE MERITI;Condutor deixou de manter distância do veículo da frente;Colisão traseira;Com Vítimas Feridas;Pleno dia;Decrescente;Céu Claro;Múltipla;Reta;Sim;2;0;0;1;1;0;1;2;-22,78104469;-43,39160666;SPRF-RJ;DEL06-RJ;UOP01-DEL06-RJ
739194;16/12/2025;terça-feira;06:30:00;PE;101;60;RECIFE;Pista Escorregadia;Queda de ocupante de veículo;Com Vítimas Feridas;Pleno dia;Crescente;Céu Claro;Dupla;Curva;Sim;1;0;1;0;0;0;1;1;-7,98613767;-34,93241429;SPRF-PE;DEL01-PE;UOP02-DEL01-PE
739196;17/09/2025;quarta-feira;12:00:00;RO;364;424,6;JARU;Desrespeitar a preferência no cruzamento;Tombamento;Com Vítimas Feridas;Pleno dia;Decrescente;Céu Claro;Simples;Interseção de Vias;Não;2;0;1;0;0;1;1;2;-10,43986265;-62,46921583;SPRF-RO;DEL03-RO;UOP02-DEL03-RO
739198;16/12/2025;terça-feira;06:30:00;RJ;116;177;SAO JOAO DE MERITI;Reação tardia ou ineficiente do condutor;Colisão lateral sentido oposto;Com Vítimas Feridas;Pleno dia;Decrescente;Céu Claro;Múltipla;Reta;Sim;1;0;1;0;0;0;1;1;-22,778391;-43,395577;SPRF-RJ;DEL06-RJ;UOP01-DEL06-RJ
739201;16/12/2025;terça-feira;07:15:00;ES;101;268;SERRA;Manobra de mudança de faixa;Tombamento;Com Vítimas Feridas;Pleno dia;Crescente;Céu Claro;Dupla;Reta;Sim;5;0;4;0;1;0;4;3;-20,20917;-40,2697;SPRF-ES;DEL02-ES;UOP01-DEL02-ES
739203;16/12/2025;terça-feira;07:10:00;CE;116;18;ITAITINGA;Chuva;Tombamento;Com Vítimas Feridas;Pleno dia;Crescente;Garoa/Chuvisco;Dupla;Reta;Sim;2;0;1;0;1;0;1;1;-3,91197167;-38,50670256;SPRF-CE;DEL01-CE;UOP02-DEL01-CE
739204;16/12/2025;terça-feira;07:28:00;PB;101;82;BAYEUX;Trafegar com motocicleta (ou similar) entre as faixas;Colisão traseira;Com Vítimas Feridas;Pleno dia;Crescente;Céu Claro;Dupla;"Aclive;Reta;Viaduto";Sim;3;0;0;1;2;0;1;2;-7,13129931;-34,93293911;SPRF-PB;DEL01-PB;UOP01-DEL01-PB
739205;16/12/2025;terça-feira;07:00:00;SP;116;160;JACAREI;Demais falhas mecânicas ou elétricas;Tombamento;Sem Vítimas;Pleno dia;Crescente;Céu Claro;Dupla;Reta;Sim;2;0;0;0;1;1;0;2;-23,27133627;-45,96868297;SPRF-SP;DEL02-SP;UOP01-DEL02-SP
739206;23/11/2025;domingo;18:25:00;SE;235;41;ITABAIANA;Frear bruscamente;Colisão traseira;Sem Vítimas;Plena Noite;Crescente;Ignorado;Simples;Reta;Não;2;0;0;0;1;1;0;2;-10,768271;-37,37797;SPRF-SE;DEL01-SE;UOP02-DEL01-SE
739207;16/12/2025;terça-feira;07:30:00;ES;447;15;VILA VELHA;Reação tardia ou ineficiente do condutor;Colisão traseira;Com Vítimas Feridas;Pleno dia;Crescente;Nublado;Dupla;Reta;Sim;3;0;2;0;1;0;2;2;-20,342445;-40,328595;SPRF-ES;DEL01-ES;UOP01-DEL01-ES
739208;16/12/2025;terça-feira;06:00:00;MS;267;177;NOVA ALVORADA DO SUL;Ultrapassagem Indevida;Colisão frontal;Com Vítimas Fatais;Pleno dia;Crescente;Chuva;Simples;"Declive;Reta";Não;6;2;3;1;0;0;4;2;-21,612947;-53,73315;SPRF-MS;DEL02-MS;UOP03-DEL02-MS
739209;16/12/2025;terça-feira;08:00:00;MG;381;478,9;CONTAGEM;Manobra de mudança de faixa;Colisão lateral mesmo sentido;Com Vítimas Feridas;Pleno dia;Decrescente;Garoa/Chuvisco;Múltipla;"Declive;Reta";Sim;2;0;2;0;0;0;2;2;-19,9632204;-44,0416867;SPRF-MG;DEL01-MG;UOP03-DEL01-MG
739210;16/12/2025;terça-feira;07:00:00;RJ;116;203;QUEIMADOS;Frear bruscamente;Saída de leito carroçável;Com Vítimas Feridas;Pleno dia;Crescente;Céu Claro;Dupla;Reta;Não;1;0;1;0;0;0;1;1;-22,72950639;-43,62795923;SPRF-RJ;DEL06-RJ;UOP02-DEL06-RJ
739211;16/12/2025;terça-feira;06:20:00;RJ;116;146;DUQUE DE CAXIAS;Reação tardia ou ineficiente do condutor;Tombamento;Com Vítimas Feridas;Pleno dia;Crescente;Céu Claro;Dupla;Reta;Não;1;0;0;1;0;0;1;1;-22,66835308;-43,26845169;SPRF-RJ;DEL01-RJ;UOP02-DEL01-RJ