id;data_inversa;dia_semana;horario;uf;br;km;municipio;causa_acidente;tipo_acidente;classificacao_acidente;fase_dia;sentido_via;condicao_metereologica;tipo_pista;tracado_via;uso_solo;pessoas;mortos;feridos_leves;feridos_graves;ilesos;ignorados;feridos;veiculos;latitude;longitude;regional;delegacia;uop
739213;16/12/2025;terça-feira;08:00:00;RJ;40;43;AREAL;Manobra de mudança de faixa;Tombamento;Com Vítimas Feridas;Pleno dia;Decrescente;Nublado;Dupla;Curva;Sim;1;0;1;0;0;0;1;1;-22,26858325;-43,11009407;SPRF-RJ;DEL05-RJ;UOP02-DEL05-RJ
739214;16/12/2025;terça-feira;08:20:00;SP;153;30;NOVA GRANADA;Transitar no Acostamento;Colisão lateral mesmo sentido;Com Vítimas Feridas;Pleno dia;Crescente;Nublado;Simples;Aclive;Não;2;0;1;0;1;0;1;2;-20,54110547;-49,3306303;SPRF-SP;DEL09-SP;UOP01-DEL09-SP
739216;06/08/2025;quarta-feira;17:50:00;SC;101;34;JOINVILLE;Velocidade Incompatível;Engavetamento;Com Vítimas Feridas;Anoitecer;Crescente;Chuva;Dupla;Reta;Não;6;0;1;0;5;0;1;5;-26,26431884;-48,90031664;SPRF-SC;DEL03-SC;UOP01-DEL03-SC
739217;16/12/2025;terça-feira;08:45:00;RN;406;169;SAO GONCALO DO AMARANTE;Ausência de reação do condutor;Colisão traseira;Com Vítimas Feridas;Pleno dia;Decrescente;Céu Claro;Simples;Reta;Não;2;0;1;0;1;0;1;2;-5,742692;-35,34227;SPRF-RN;DEL02-RN;UOP01-DEL02-RN
739218;25/10/2025;sábado;13:00:00;MG;50;75;UBERLANDIA;Ausência de reação do condutor;Queda de ocupante de veículo;Com Vítimas Feridas;Pleno dia;Crescente;Céu Claro;Dupla;Reta;Sim;1;0;1;0;0;0;1;1;-18,93929479;-48,21950911;SPRF-MG;DEL15-MG;UOP01-DEL15-MG
739219;16/12/2025;terça-feira;06:40:00;SP;116;151,7;SAO JOSE DOS CAMPOS;Ausência de reação do condutor;Tombamento;Com Vítimas Feridas;Pleno dia;Crescente;Céu Claro;Múltipla;"Em Obras;Reta";Não;1;0;1;0;0;0;1;1;-23,22340297;-45,90405464;SPRF-SP;DEL02-SP;UOP01-DEL02-SP
739220;14/12/2025;domingo;07:20:00;MA;135;4;SAO LUIS;Demais falhas mecânicas ou elétricas;Queda de ocupante de veículo;Com Vítimas Feridas;Pleno dia;Decrescente;Céu Claro;Dupla;Reta;Sim;1;0;1;0;0;0;1;1;-2,6785765;-44,29412484;SPRF-MA;DEL01-MA;UOP01-DEL01-MA
739224;16/12/2025;terça-feira;08:14:00;RJ;116;171;RIO DE JANEIRO;Ausência de reação do condutor;Colisão traseira;Sem Vítimas;Pleno dia;Crescente;Céu Claro;Múltipla;Reta;Sim;2;0;0;0;2;0;0;2;-22,805313;-43,343955;SPRF-RJ;DEL06-RJ;UOP01-DEL06-RJ
739227;23/11/2025;domingo;17:20:00;PR;277;392,1;CANDOI;Reação tardia ou ineficiente do condutor;Colisão traseira;Com Vítimas Feridas;Pleno dia;Crescente;Nublado;Simples;Reta;Não;5;0;0;2;3;0;2;2;-25,441278;-51,840211;SPRF-PR;DEL08-PR;UOP01-DEL08-PR
739228;22/11/2025;sábado;16:30:00;BA;116;749;POCOES;Ausência de reação do condutor;Queda de ocupante de veículo;Com Vítimas Feridas;Pleno dia;Decrescente;Ignorado;Simples;Reta;Não;3;0;0;1;1;1;1;2;-14,48283596;-40,33639491;SPRF-BA;DEL08-BA;UOP02-DEL08-BA
739231;16/12/2025;terça-feira;09:30:00;GO;153;491;GOIANIA;Demais falhas mecânicas ou elétricas;Colisão traseira;Com Vítimas Feridas;Pleno dia;Crescente;Nublado;Dupla;Reta;Não;2;0;1;0;1;0;1;2;-16,63135959;-49,20545697;SPRF-GO;DEL01-GO;UOP01-DEL01-GO
739232;16/12/2025;terça-feira;08:50:00;RJ;40;100;PETROPOLIS;Pista Escorregadia;Tombamento;Com Vítimas Feridas;Pleno dia;Decrescente;Céu Claro;Simples;Curva;Sim;2;0;2;0;0;0;2;1;-22,5347157;-43,2199791;SPRF-RJ;DEL01-RJ;UOP01-DEL01-RJ
739233;16/12/2025;terça-feira;09:49:00;RJ;40;89;PETROPOLIS;Pista Escorregadia;Tombamento;Com Vítimas Feridas;Pleno dia;Decrescente;Céu Claro;Simples;Curva;Não;2;0;2;0;0;0;2;1;-22,55619921;-43,23650122;SPRF-RJ;DEL01-RJ;UOP01-DEL01-RJ
739235;16/12/2025;terça-feira;08:20:00;SC;282;397,2;JOACABA;Chuva;Saída de leito carroçável;Com Vítimas Feridas;Pleno dia;Decrescente;Chuva;Simples;"Curva;Declive";Não;2;0;1;0;1;0;1;1;-27,153007;-51,601935;SPRF-SC;DEL07-SC;UOP05-DEL07-SC
739236;16/12/2025;terça-feira;08:50:00;SP;116;320;SAO LOURENCO DA SERRA;Demais falhas na via;Queda de ocupante de veículo;Com Vítimas Feridas;Pleno dia;Decrescente;Céu Claro;Dupla;Reta;Não;2;0;2;0;0;0;2;1;-23,86585941;-46,9501025;SPRF-SP;DEL04-SP;UOP03-DEL04-SP
739239;16/12/2025;terça-feira;09:45:00;MG;116;414,9;GOVERNADOR VALADARES;Ultrapassagem Indevida;Colisão transversal;Com Vítimas Feridas;Pleno dia;Decrescente;Céu Claro;Simples;Retorno Regulamentado;Sim;2;0;1;0;1;0;1;2;-18,9174984;-41,9407909;SPRF-MG;DEL06-MG;UOP01-DEL06-MG
739240;16/12/2025;terça-feira;08:45:00;CE;20;229,7;BOA VIAGEM;Velocidade Incompatível;Saída de leito carroçável;Com Vítimas Feridas;Pleno dia;Decrescente;Nublado;Simples;Interseção de Vias;Não;2;0;1;1;0;0;2;1;-4,919668;-39,620112;SPRF-CE;DEL02-CE;UOP02-DEL02-CE
739241;16/12/2025;terça-feira;09:00:00;MA;135;71;SANTA RITA;Ausência de reação do condutor;Colisão traseira;Sem Vítimas;Pleno dia;Decrescente;Céu Claro;Dupla;Reta;Sim;2;0;0;0;2;0;0;2;-3,13746654;-44,32385445;SPRF-MA;DEL01-MA;UOP02-DEL01-MA
739242;16/12/2025;terça-feira;10:00:00;ES;101;258;SERRA;Reação tardia ou ineficiente do condutor;Tombamento;Com Vítimas Feridas;Pleno dia;Decrescente;Nublado;Simples;"Aclive;Reta";Sim;2;0;2;0;0;0;2;1;-20,14391;-40,29106;SPRF-ES;DEL02-ES;UOP01-DEL02-ES
739245;16/12/2025;terça-feira;09:50:00;PR;277;114,2;CAMPO LARGO;Avarias e/ou desgaste excessivo no pneu;Saída de leito carroçável;Com Vítimas Feridas;Pleno dia;Decrescente;Nublado;Dupla;"Aclive;Reta";Sim;2;0;1;0;1;0;1;1;-25,43212;-49,429786;SPRF-PR;DEL03-PR;UOP03-DEL03-PR
739247;16/12/2025;terça-feira;10:50:00;MG;381;1,8;BETIM;Ausência de reação do condutor;Colisão lateral mesmo sentido;Com Vítimas Feridas;Pleno dia;Decrescente;Chuva;Dupla;Reta;Sim;2;0;1;0;1;0;1;2;-19,97702;-44,16093;SPRF-MG;DEL01-MG;UOP03-DEL01-MG
739249;16/12/2025;terça-feira;11:05:00;SC;101;206;SAO JOSE;Reação tardia ou ineficiente do condutor;Colisão traseira;Com Vítimas Feridas;Pleno dia;Decrescente;Nublado;Múltipla;Reta;Sim;3;0;0;1;2;0;1;2;-27,59243;-48,61799;SPRF-SC;DEL01-SC;UOP01-DEL01-SC
739250;16/12/2025;terça-feira;11:00:00;PR;376;175,1;MARINGA;Manobra de mudança de faixa;Colisão lateral mesmo sentido;Com Vítimas Feridas;Pleno dia;Decrescente;Nublado;Dupla;"Retorno Regulamentado;Reta";Sim;3;0;1;0;2;0;1;2;-23,41373315;-51,94789767;SPRF-PR;DEL09-PR;UOP01-DEL09-PR
739251;20/09/2025;sábado;00:10:00;PE;423;97;GARANHUNS;Condutor deixou de manter distância do veículo da frente;Colisão traseira;Com Vítimas Feridas;Plena Noite;Decrescente;Céu Claro;Simples;Reta;Não;2;0;0;1;1;0;1;2;-8,8766287;-36,5022668;SPRF-PE;DEL03-PE;UOP01-DEL03-PE
739252;16/12/2025;terça-feira;11:05:00;SC;280;26,9;ARAQUARI;Velocidade Incompatível;Colisão com objeto;Com Vítimas Feridas;Pleno dia;Crescente;Sol;Simples;"Em Obras;Reta";Sim;1;0;0;1;0;0;1;1;-26,396676;-48,740087;SPRF-SC;DEL03-SC;UOP03-DEL03-SC
739254;16/12/2025;terça-feira;10:52:00;PE;316;76,7;OURICURI;Desrespeitar a preferência no cruzamento;Colisão frontal;Com Vítimas Feridas;Pleno dia;Decrescente;Céu Claro;Simples;"Reta;Declive";Não;4;0;2;0;2;0;2;2;-7,8436103;-40,13140747;SPRF-PE;DEL05-PE;UOP02-DEL05-PE
739256;16/12/2025;terça-feira;08:00:00;MG;262;784,2;UBERABA;Acesso irregular;Colisão frontal;Com Vítimas Feridas;Pleno dia;Crescente;Chuva;Simples;Viaduto;Sim;2;0;1;0;0;1;1;2;-19,76682471;-47,8877306;SPRF-MG;DEL13-MG;UOP01-DEL13-MG
739257;16/12/2025;terça-feira;10:30:00;RJ;116;172;SAO JOAO DE MERITI;Ausência de reação do condutor;Queda de ocupante de veículo;Com Vítimas Feridas;Pleno dia;Decrescente;Céu Claro;Múltipla;Reta;Sim;1;0;1;0;0;0;1;1;-22,80342018;-43,34831111;SPRF-RJ;DEL06-RJ;UOP01-DEL06-RJ
739260;16/12/2025;terça-feira;12:10:00;MG;262;358;JUATUBA;Acumulo de água sobre o pavimento;Saída de leito carroçável;Com Vítimas Feridas;Pleno dia;Decrescente;Chuva;Dupla;"Declive;Curva";Sim;1;0;1;0;0;0;1;1;-19,973204;-44,301111;SPRF-MG;DEL01-MG;UOP03-DEL01-MG
739261;12/12/2025;sexta-feira;19:20:00;RJ;101;313;SAO GONCALO;Manobra de mudança de faixa;Colisão lateral mesmo sentido;Com Vítimas Feridas;Plena Noite;Decrescente;Céu Claro;Dupla;Reta;Não;3;0;2;0;0;1;2;2;-22,81004835;-43,06949615;SPRF-RJ;DEL02-RJ;UOP02-DEL02-RJ
739262;16/12/2025;terça-feira;12:15:00;SC;280;28,1;ARAQUARI;Acessar a via sem observar a presença dos outros veículos;Colisão transversal;Com Vítimas Feridas;Pleno dia;Decrescente;Nublado;Simples;Curva;Sim;2;0;1;1;0;0;2;2;-26,40490965;-48,7458628;SPRF-SC;DEL03-SC;UOP03-DEL03-SC
739263;16/12/2025;terça-feira;11:15:00;GO;20;45;FORMOSA;Avarias e/ou desgaste excessivo no pneu;Colisão frontal;Com Vítimas Fatais;Pleno dia;Crescente;Chuva;Simples;"Declive;Reta";Não;9;2;1;1;5;0;2;2;-15,36557;-47,1052;SPRF-DF;DEL02-DF;UOP02-DEL02-DF
739264;16/12/2025;terça-feira;11:33:00;GO;153;673;PANAMA;Reação tardia ou ineficiente do condutor;Saída de leito carroçável;Com Vítimas Feridas;Pleno dia;Decrescente;Chuva;Dupla;Reta;Não;1;0;1;0;0;0;1;1;-18,16074959;-49,28768188;SPRF-GO;DEL03-GO;UOP02-DEL03-GO
739265;16/12/2025;terça-feira;12:00:00;RS;392;351,1;SANTA MARIA;Acessar a via sem observar a presença dos outros veículos;Colisão transversal;Com Vítimas Feridas;Pleno dia;Crescente;Sol;Dupla;"Em Obras;Reta;Desvio Temporário;Interseção de Vias";Sim;2;0;0;1;1;0;1;2;-29,72464264;-53,80594466;SPRF-RS;DEL09-RS;UOP01-DEL09-RS
739266;13/12/2025;sábado;15:00:00;RO;435;26;VILHENA;Ausência de reação do condutor;Saída de leito carroçável;Com Vítimas Fatais;Pleno dia;Crescente;Ignorado;Simples;Reta;Não;1;1;0;0;0;0;0;1;-12,78468306;-60,34687042;SPRF-RO;DEL04-RO;UOP02-DEL04-RO
739267;16/12/2025;terça-feira;12:30:00;PA;163;993,6;SANTAREM;Ingestão de álcool pelo condutor;Saída de leito carroçável;Sem Vítimas;Pleno dia;Decrescente;Sol;Simples;Reta;Não;2;0;0;0;2;0;0;1;-2,51441473;-54,72374502;SPRF-PA;DEL05-PA;UOP01-DEL05-PA
739268;16/12/2025;terça-feira;13:00:00;GO;153;663;GOIATUBA;Ultrapassagem Indevida;Saída de leito carroçável;Com Vítimas Fatais;Pleno dia;Crescente;Chuva;Dupla;"Declive;Reta";Não;4;1;0;1;1;1;1;2;-18,071915;-49,269358;SPRF-GO;DEL03-GO;UOP02-DEL03-GO
739269;23/10/2025;quinta-feira;08:00:00;GO;60;95;ANAPOLIS;Acessar a via sem observar a presença dos outros veículos;Queda de ocupante de veículo;Com Vítimas Feridas;Amanhecer;Crescente;Céu Claro;Dupla;Interseção de Vias;Sim;1;0;1;0;0;0;1;1;-16,357184;-48,93124;SPRF-GO;DEL02-GO;UOP01-DEL02-GO
739270;16/12/2025;terça-feira;08:30:00;MG;262;4,6;MARTINS SOARES;Reação tardia ou ineficiente do condutor;Saída de leito carroçável;Com Vítimas Feridas;Pleno dia;Crescente;Chuva;Simples;"Aclive;Reta";Não;2;0;1;0;1;0;1;1;-20,25589;-41,798428;SPRF-MG;DEL06-MG;UOP03-DEL06-MG
739271;16/12/2025;terça-feira;11:00:00;MG;40;617;CONGONHAS;Velocidade Incompatível;Colisão frontal;Com Vítimas Feridas;Pleno dia;Decrescente;Chuva;Simples;Curva;Não;3;0;3;0;0;0;3;2;-20,558;-43,814;SPRF-MG;DEL05-MG;UOP02-DEL05-MG
739272;16/12/2025;terça-feira;08:00:00;PE;428;190;PETROLINA;Frear bruscamente;Tombamento;Com Vítimas Feridas;Pleno dia;Crescente;Céu Claro;Simples;Reta;Sim;1;0;1;0;0;0;1;1;-9,377397;-40,502447;SPRF-PE;DEL06-PE;UOP01-DEL06-PE
739273;16/12/2025;terça-feira;13:40:00;SP;381;84;SAO PAULO;Transtornos Mentais (exceto suicidio);Colisão transversal;Com Vítimas Feridas;Pleno dia;Decrescente;Céu Claro;Múltipla;Reta;Sim;4;0;4;0;0;0;4;2;-23,4460497;-46,5694829;SPRF-SP;DEL03-SP;UOP01-DEL03-SP
739274;15/12/2025;segunda-feira;08:00:00;GO;60;427;RIO VERDE;Reação tardia ou ineficiente do condutor;Saída de leito carroçável;Sem Vítimas;Pleno dia;Decrescente;Nublado;Dupla;"Curva;Declive";Não;1;0;0;0;0;1;0;1;-17,82436199;-51,31104756;SPRF-GO;DEL04-GO;UOP02-DEL04-GO
739275;16/12/2025;terça-feira;13:00:00;RJ;101;296;ITABORAI;Ausência de reação do condutor;Capotamento;Com Vítimas Feridas;Pleno dia;Decrescente;Céu Claro;Dupla;Reta;Sim;1;0;1;0;0;0;1;1;-22,76716844;-42,9120582;SPRF-RJ;DEL02-RJ;UOP02-DEL02-RJ
739276;16/12/2025;terça-feira;12:50:00;PR;116;152;MANDIRITUBA;Desrespeitar a preferência no cruzamento;Colisão transversal;Sem Vítimas;Pleno dia;Decrescente;Nublado;Simples;"Reta;Interseção de Vias";Sim;4;0;0;0;4;0;0;2;-25,862054;-49,361759;SPRF-PR;DEL01-PR;UOP03-DEL01-PR
739279;16/12/2025;terça-feira;12:55:00;ES;101;298;VIANA;Acessar a via sem observar a presença dos outros veículos;Colisão transversal;Com Vítimas Feridas;Pleno dia;Decrescente;Céu Claro;Dupla;Reta;Não;3;0;1;0;2;0;1;3;-20,3587336;-40,42193818;SPRF-ES;DEL01-ES;UOP01-DEL01-ES
739280;16/12/2025;terça-feira;13:30:00;RJ;116;184;NOVA IGUACU;Ausência de reação do condutor;Colisão lateral mesmo sentido;Com Vítimas Feridas;Pleno dia;Decrescente;Céu Claro;Dupla;"Aclive;Reta";Sim;2;0;1;0;1;0;1;2;-22,7439834;-43,4503927;SPRF-RJ;DEL06-RJ;UOP01-DEL06-RJ
739282;16/12/2025;terça-feira;13:40:00;RJ;101;314;SAO GONCALO;Demais falhas mecânicas ou elétricas;Queda de ocupante de veículo;Com Vítimas Feridas;Pleno dia;Crescente;Céu Claro;Dupla;Reta;Sim;2;0;1;0;1;0;1;1;-22,8400508;-43,0900373;SPRF-RJ;DEL02-RJ;UOP02-DEL02-RJ
739283;16/12/2025;terça-feira;13:30:00;RJ;101;504;ANGRA DOS REIS;Acessar a via sem observar a presença dos outros veículos;Colisão transversal;Com Vítimas Feridas;Pleno dia;Crescente;Céu Claro;Simples;Reta;Não;2;0;1;0;1;0;1;2;-22,93231879;-44,3906007;SPRF-RJ;DEL03-RJ;UOP03-DEL03-RJ
739284;16/12/2025;terça-feira;08:20:00;MT;174;392;NOVA LACERDA;Manobra de mudança de faixa;Colisão frontal;Com Vítimas Feridas;Pleno dia;Decrescente;Chuva;Simples;Reta;Não;2;0;0;1;1;0;1;2;-14,45650539;-59,59908486;SPRF-MT;DEL04-MT;UOP02-DEL04-MT
739285;16/12/2025;terça-feira;12:30:00;RJ;40;122;DUQUE DE CAXIAS;Reação tardia ou ineficiente do condutor;Queda de ocupante de veículo;Com Vítimas Feridas;Pleno dia;Crescente;Céu Claro;Dupla;Reta;Sim;1;0;1;0;0;0;1;1;-22,79425196;-43,28750288;SPRF-RJ;DEL01-RJ;UOP02-DEL01-RJ
739286;16/12/2025;terça-feira;14:00:00;SC;101;130;CAMBORIU;Demais falhas mecânicas ou elétricas;Tombamento;Com Vítimas Feridas;Pleno dia;Crescente;Céu Claro;Dupla;Reta;Não;2;0;2;0;0;0;2;1;-26,98343776;-48,67117615;SPRF-SC;DEL04-SC;UOP03-DEL04-SC
739287;16/12/2025;terça-feira;12:30:00;RS;468;34,8;CORONEL BICACO;Afundamento ou ondulação no pavimento;Colisão frontal;Com Vítimas Fatais;Pleno dia;Crescente;Céu Claro;Simples;Reta;Não;3;1;1;0;1;0;1;2;-27,761793;-53,57094;SPRF-RS;DEL08-RS;UOP01-DEL08-RS
739288;16/12/2025;terça-feira;13:37:00;PR;116;18,4;CURITIBA;Condutor deixou de manter distância do veículo da frente;Colisão traseira;Com Vítimas Feridas;Pleno dia;Crescente;Nublado;Dupla;"Reta;Aclive";Sim;3;0;0;1;2;0;1;2;-25,388823;-49,19876;SPRF-PR;DEL01-PR;UOP02-DEL01-PR
739289;16/12/2025;terça-feira;13:20:00;MG;262;810,2;UBERABA;Ausência de reação do condutor;Colisão traseira;Com Vítimas Feridas;Pleno dia;Decrescente;Céu Claro;Dupla;Reta;Sim;2;0;1;0;1;0;1;2;-19,76826;-47,97398;SPRF-MG;DEL13-MG;UOP01-DEL13-MG
739291;16/12/2025;terça-feira;12:40:00;MS;262;781,4;CORUMBA;Ausência de reação do condutor;Saída de leito carroçável;Sem Vítimas;Pleno dia;Decrescente;Garoa/Chuvisco;Simples;Curva;Não;1;0;0;0;1;0;0;1;-19,027435;-57,706955;SPRF-MS;DEL03-MS;UOP03-DEL03-MS
739292;16/12/2025;terça-feira;14:30:00;RJ;393;171;TRES RIOS;Avarias e/ou desgaste excessivo no pneu;Tombamento;Com Vítimas Feridas;Pleno dia;Decrescente;Céu Claro;Simples;Curva;Não;2;0;2;0;0;0;2;1;-22,1240573;-43,1995223;SPRF-RJ;DEL05-RJ;UOP03-DEL05-RJ
739295;16/12/2025;terça-feira;14:20:00;PR;277;584,5;CASCAVEL;Demais falhas mecânicas ou elétricas;Queda de ocupante de veículo;Com Vítimas Feridas;Pleno dia;Decrescente;Sol;Dupla;Reta;Sim;1;0;0;1;0;0;1;1;-24,97802954;-53,38436577;SPRF-PR;DEL04-PR;UOP01-DEL04-PR
739296;03/12/2025;quarta-feira;21:05:00;GO;153;347,6;JARAGUA;Velocidade Incompatível;Colisão traseira;Com Vítimas Feridas;Plena Noite;Decrescente;Nublado;Simples;Reta;Não;2;0;1;0;1;0;1;2;-15,6615601;-49,35532557;SPRF-GO;DEL02-GO;UOP02-DEL02-GO
739297;19/11/2025;quarta-feira;22:41:00;PB;230;12,1;CABEDELO;Ausência de sinalização;Tombamento;Com Vítimas Feridas;Plena Noite;Decrescente;Céu Claro;Dupla;"Curva;Interseção de Vias;Em Obras;Desvio Temporário";Sim;1;0;0;1;0;0;1;1;-7,07282;-34,849392;SPRF-PB;DEL01-PB;UOP01-DEL01-PB
739298;16/12/2025;terça-feira;14:00:00;RO;174;14;VILHENA;Deficiência do Sistema de Iluminação/Sinalização;Colisão lateral mesmo sentido;Com Vítimas Feridas;Pleno dia;Decrescente;Céu Claro;Dupla;Interseção de Vias;Sim;3;0;3;0;0;0;3;2;-12,72628216;-60,12861438;SPRF-RO;DEL04-RO;UOP01-DEL04-RO
739299;16/12/2025;terça-feira;11:30:00;RO;364;202,6;PIMENTA BUENO;Desrespeitar a preferência no cruzamento;Colisão transversal;Com Vítimas Feridas;Pleno dia;Decrescente;Céu Claro;Simples;Interseção de Vias;Não;3;0;1;0;2;0;1;2;-11,63222322;-61,20359866;SPRF-RO;DEL02-RO;UOP02-DEL02-RO
739300;16/12/2025;terça-feira;14:50:00;MG;40;810,9;MATIAS BARBOSA;Velocidade Incompatível;Saída de leito carroçável;Com Vítimas Feridas;Pleno dia;Decrescente;Chuva;Dupla;"Aclive;Reta";Não;2;0;1;0;1;0;1;1;-21,8748807;-43,34072113;SPRF-MG;DEL05-MG;UOP01-DEL05-MG
739303;16/12/2025;terça-feira;10:10:00;RJ;101;286;ITABORAI;Demais falhas mecânicas ou elétricas;Queda de ocupante de veículo;Com Vítimas Feridas;Pleno dia;Crescente;Céu Claro;Dupla;Curva;Não;2;0;1;0;1;0;1;1;-22,75488454;-42,83497551;SPRF-RJ;DEL02-RJ;UOP02-DEL02-RJ
739305;16/12/2025;terça-feira;15:55:00;MG;40;425;PARAOPEBA;Velocidade Incompatível;Saída de leito carroçável;Com Vítimas Fatais;Pleno dia;Crescente;Céu Claro;Dupla;Reta;Não;1;1;0;0;0;0;0;1;-19,1653287;-44,5188673;SPRF-MG;DEL02-MG;UOP01-DEL02-MG
739306;13/12/2025;sábado;16:50:00;SC;101;124,9;ITAJAI;Condutor deixou de manter distância do veículo da frente;Engavetamento;Sem Vítimas;Pleno dia;Crescente;Céu Claro;Múltipla;Reta;Sim;3;0;0;0;2;1;0;3;-26,94693679;-48,68541867;SPRF-SC;DEL04-SC;UOP04-DEL04-SC
739308;16/12/2025;terça-feira;16:30:00;PE;232;130;CARUARU;Manobra de mudança de faixa;Colisão lateral mesmo sentido;Com Vítimas Feridas;Pleno dia;Crescente;Céu Claro;Dupla;Reta;Sim;2;0;0;1;0;1;1;2;-8,301;-35,99802;SPRF-PE;DEL02-PE;UOP03-DEL02-PE
739309;16/12/2025;terça-feira;15:17:00;RJ;101;496;ANGRA DOS REIS;Manobra de mudança de faixa;Colisão lateral mesmo sentido;Com Vítimas Feridas;Pleno dia;Crescente;Sol;Simples;Reta;Não;3;0;1;1;0;1;2;2;-22,92335621;-44,32333225;SPRF-RJ;DEL03-RJ;UOP03-DEL03-RJ
739310;16/12/2025;terça-feira;16:20:00;ES;101;298,5;VIANA;Desrespeitar a preferência no cruzamento;Colisão transversal;Com Vítimas Feridas;Pleno dia;Crescente;Céu Claro;Simples;Reta;Sim;2;0;1;0;0;1;1;2;-20,35579272;-40,41825485;SPRF-ES;DEL01-ES;UOP01-DEL01-ES
739314;16/12/2025;terça-feira;15:25:00;PR;369;187;ARAPONGAS;Transitar no Acostamento;Colisão transversal;Com Vítimas Feridas;Pleno dia;Decrescente;Céu Claro;Simples;Reta;Sim;2;0;1;0;1;0;1;2;-23,409462;-51,427607;SPRF-PR;DEL07-PR;UOP03-DEL07-PR
739315;16/12/2025;terça-feira;11:20:00;RJ;40;100;DUQUE DE CAXIAS;Acumulo de óleo sobre o pavimento;Tombamento;Com Vítimas Feridas;Pleno dia;Decrescente;Céu Claro;Simples;Curva;Não;1;0;1;0;0;0;1;1;-22,60044626;-43,28018401;SPRF-RJ;DEL01-RJ;UOP01-DEL01-RJ
739316;16/12/2025;terça-feira;14:20:00;RJ;40;4;COMENDADOR LEVY GASPARIAN;Reação tardia ou ineficiente do condutor;Saída de leito carroçável;Com Vítimas Feridas;Pleno dia;Decrescente;Chuva;Dupla;"Aclive;Curva";Não;2;0;2;0;0;0;2;1;-22,01062925;-43,24138135;SPRF-RJ;DEL05-RJ;UOP02-DEL05-RJ
739320;16/12/2025;terça-feira;17:15:00;BA;101;169;FEIRA DE SANTANA;Demais falhas mecânicas ou elétricas;Queda de ocupante de veículo;Com Vítimas Feridas;Pleno dia;Crescente;Céu Claro;Simples;Reta;Não;2;0;2;0;0;0;2;1;-12,3562716;-38,8459333;SPRF-BA;DEL01-BA;UOP03-DEL01-BA
739323;16/12/2025;terça-feira;13:20:00;AC;364;139;RIO BRANCO;Condutor deixou de manter distância do veículo da frente;Colisão traseira;Com Vítimas Feridas;Pleno dia;Crescente;Céu Claro;Dupla;Rotatória;Sim;2;0;1;0;1;0;1;2;-9,95268986;-67,86197869;SPRF-AC;DEL01-AC;UOP01-DEL01-AC
739324;13/12/2025;sábado;03:10:00;PR;277;82,5;CURITIBA;Velocidade Incompatível;Colisão com objeto;Com Vítimas Feridas;Plena Noite;Crescente;Nublado;Dupla;Reta;Sim;6;0;0;1;0;5;1;2;-25,45874047;-49,22140924;SPRF-PR;DEL01-PR;UOP03-DEL01-PR
739326;16/12/2025;terça-feira;17:50:00;RJ;40;123;DUQUE DE CAXIAS;Ausência de reação do condutor;Colisão transversal;Com Vítimas Feridas;Anoitecer;Decrescente;Nublado;Múltipla;Reta;Sim;2;0;1;0;1;0;1;2;-22,7948534;-43,28813992;SPRF-RJ;DEL01-RJ;UOP02-DEL01-RJ
739327;16/12/2025;terça-feira;14:35:00;AC;364;137;RIO BRANCO;Reação tardia ou ineficiente do condutor;Colisão traseira;Com Vítimas Feridas;Pleno dia;Decrescente;Céu Claro;Dupla;Reta;Sim;2;0;1;0;1;0;1;2;-9,965732;-67,85446;SPRF-AC;DEL01-AC;UOP01-DEL01-AC
739328;16/12/2025;terça-feira;17:20:00;RS;290;630,1;URUGUAIANA;Reação tardia ou ineficiente do condutor;Saída de leito carroçável;Com Vítimas Feridas;Pleno dia;Decrescente;Céu Claro;Simples;Curva;Não;2;0;1;0;1;0;1;1;-30,01403737;-56,21343613;SPRF-RS;DEL13-RS;UOP02-DEL13-RS
739331;16/12/2025;terça-feira;07:10:00;MS;262;509,7;ANASTACIO;Condutor Dormindo;Saída de leito carroçável;Sem Vítimas;Pleno dia;Crescente;Chuva;Simples;Reta;Não;1;0;0;0;1;0;0;1;-20,45982;-55,99093;SPRF-MS;DEL03-MS;UOP01-DEL03-MS
739332;16/12/2025;terça-feira;14:50:00;MG;116;307,7;ITAMBACURI;Ultrapassagem Indevida;Colisão frontal;Com Vítimas Feridas;Pleno dia;Crescente;Nublado;Simples;Curva;Não;6;0;1;3;2;0;4;2;-18,052282;-41,665461;SPRF-MG;DEL11-MG;UOP01-DEL11-MG
739333;16/12/2025;terça-feira;17:45:00;RS;116;268;CANOAS;Acessar a via sem observar a presença dos outros veículos;Colisão transversal;Com Vítimas Feridas;Pleno dia;Decrescente;Céu Claro;Dupla;"Interseção de Vias;Reta";Sim;2;0;1;0;1;0;1;2;-29,9519546;-51,1763129;SPRF-RS;DEL01-RS;UOP01-DEL01-RS
739334;16/12/2025;terça-feira;10:55:00;RS;386;181,2;CARAZINHO;Ausência de reação do condutor;Saída de leito carroçável;Com Vítimas Feridas;Pleno dia;Crescente;Céu Claro;Simples;Reta;Sim;3;0;1;0;2;0;1;1;-28,308867;-52,738215;SPRF-RS;DEL08-RS;UOP01-DEL08-RS
739335;16/12/2025;terça-feira;17:12:00;PI;343;1;TERESINA;Acessar a via sem observar a presença dos outros veículos;Colisão transversal;Com Vítimas Feridas;Plena Noite;Crescente;Céu Claro;Múltipla;Reta;Sim;3;0;1;0;2;0;1;2;-5,08123926;-42,76450492;SPRF-PI;DEL01-PI;UOP01-DEL01-PI