id;data_inversa;dia_semana;horario;uf;br;km;municipio;causa_acidente;tipo_acidente;classificacao_acidente;fase_dia;sentido_via;condicao_metereologica;tipo_pista;tracado_via;uso_solo;pessoas;mortos;feridos_leves;feridos_graves;ilesos;ignorados;feridos;veiculos;latitude;longitude;regional;delegacia;uop
739336;16/12/2025;terça-feira;16:05:00;RS;386;32,6;FREDERICO WESTPHALEN;Acessar a via sem observar a presença dos outros veículos;Colisão transversal;Com Vítimas Feridas;Pleno dia;Crescente;Céu Claro;Simples;"Reta;Interseção de Vias";Sim;2;0;1;0;1;0;1;2;-27,35001784;-53,38648288;SPRF-RS;DEL08-RS;UOP02-DEL08-RS
739337;16/12/2025;terça-feira;18:00:00;DF;70;18,5;BRASILIA;Reação tardia ou ineficiente do condutor;Queda de ocupante de veículo;Com Vítimas Feridas;Anoitecer;Crescente;Chuva;Múltipla;Reta;Não;1;0;1;0;0;0;1;1;-15,789092;-48,221982;SPRF-DF;DEL03-DF;UOP02-DEL03-DF
739338;16/12/2025;terça-feira;16:00:00;SC;101;342;TUBARAO;Avarias e/ou desgaste excessivo no pneu;Tombamento;Com Vítimas Feridas;Pleno dia;Crescente;Céu Claro;Simples;"Reta;Aclive";Não;1;0;1;0;0;0;1;1;-28,526017;-49,056523;SPRF-SC;DEL02-SC;UOP01-DEL02-SC
739340;16/12/2025;terça-feira;18:30:00;MG;40;748,9;SANTOS DUMONT;Avarias e/ou desgaste excessivo no pneu;Saída de leito carroçável;Sem Vítimas;Plena Noite;Crescente;Chuva;Simples;Reta;Não;3;0;0;0;3;0;0;1;-21,4833755;-43,5396239;SPRF-MG;DEL05-MG;UOP01-DEL05-MG
739341;16/12/2025;terça-feira;14:40:00;MT;163;582,8;NOVA MUTUM;Acumulo de água sobre o pavimento;Saída de leito carroçável;Com Vítimas Feridas;Pleno dia;Decrescente;Chuva;Dupla;Reta;Não;1;0;1;0;0;0;1;1;-13,95789118;-56,0975647;SPRF-MT;DEL01-MT;UOP01-DEL01-MT
739342;16/12/2025;terça-feira;18:00:00;PE;101;69;RECIFE;Ausência de reação do condutor;Saída de leito carroçável;Com Vítimas Feridas;Pleno dia;Crescente;Céu Claro;Simples;Curva;Não;1;0;0;1;0;0;1;1;-8,066;-34,94407;SPRF-PE;DEL01-PE;UOP01-DEL01-PE
739343;16/12/2025;terça-feira;15:00:00;PR;369;201;APUCARANA;Conversão proibida;Colisão traseira;Com Vítimas Feridas;Pleno dia;Decrescente;Nublado;Simples;Reta;Não;2;0;0;1;1;0;1;2;-23,52676973;-51,44565122;SPRF-PR;DEL07-PR;UOP03-DEL07-PR
739344;16/12/2025;terça-feira;18:00:00;MG;40;619,7;CONGONHAS;Demais falhas mecânicas ou elétricas;Incêndio;Sem Vítimas;Anoitecer;Crescente;Nublado;Simples;Curva;Não;1;0;0;0;0;1;0;1;-20,57709581;-43,81289086;SPRF-MG;DEL05-MG;UOP02-DEL05-MG
739347;16/12/2025;terça-feira;16:10:00;BA;101;520;ITABUNA;Reação tardia ou ineficiente do condutor;Capotamento;Com Vítimas Feridas;Pleno dia;Decrescente;Céu Claro;Simples;Reta;Não;4;0;1;2;0;1;3;2;-14,914152;-39,290397;SPRF-BA;DEL05-BA;UOP01-DEL05-BA
739348;16/12/2025;terça-feira;18:12:00;PI;343;326;TERESINA;Acessar a via sem observar a presença dos outros veículos;Colisão traseira;Com Vítimas Feridas;Plena Noite;Decrescente;Céu Claro;Simples;Interseção de Vias;Sim;3;0;2;1;0;0;3;2;-5,07088639;-42,62196332;SPRF-PI;DEL01-PI;UOP01-DEL01-PI
739349;16/12/2025;terça-feira;17:15:00;MT;364;242,1;JUSCIMEIRA;Chuva;Queda de ocupante de veículo;Com Vítimas Feridas;Plena Noite;Crescente;Chuva;Dupla;"Reta;Retorno Regulamentado";Não;1;0;1;0;0;0;1;1;-16,158677;-54,793797;SPRF-MT;DEL02-MT;UOP01-DEL02-MT
739350;16/12/2025;terça-feira;16:30:00;RO;364;429;JARU;Reação tardia ou ineficiente do condutor;Colisão com objeto;Com Vítimas Feridas;Pleno dia;Decrescente;Céu Claro;Simples;Curva;Não;1;0;0;1;0;0;1;1;-10,41484229;-62,50654221;SPRF-RO;DEL03-RO;UOP02-DEL03-RO
739352;16/12/2025;terça-feira;15:30:00;PR;153;352;REBOUCAS;Acessar a via sem observar a presença dos outros veículos;Colisão transversal;Com Vítimas Fatais;Pleno dia;Decrescente;Céu Claro;Simples;Reta;Não;2;1;0;0;1;0;0;2;-25,625063;-50,713973;SPRF-PR;DEL08-PR;UOP02-DEL08-PR
739354;16/12/2025;terça-feira;17:45:00;SC;280;128,1;RIO NEGRINHO;Trafegar com motocicleta (ou similar) entre as faixas;Colisão transversal;Com Vítimas Feridas;Pleno dia;Crescente;Céu Claro;Simples;Reta;Sim;2;0;1;0;1;0;1;2;-26,24356;-49,51431;SPRF-SC;DEL06-SC;UOP03-DEL06-SC
739355;16/12/2025;terça-feira;19:20:00;SP;153;46,9;SAO JOSE DO RIO PRETO;Acumulo de água sobre o pavimento;Saída de leito carroçável;Com Vítimas Feridas;Plena Noite;Decrescente;Chuva;Simples;Reta;Não;1;0;1;0;0;0;1;1;-20,6808165;-49,3402124;SPRF-SP;DEL09-SP;UOP01-DEL09-SP
739356;16/12/2025;terça-feira;19:41:00;RS;290;718;URUGUAIANA;Ausência de reação do condutor;Atropelamento de Pedestre;Com Vítimas Feridas;Anoitecer;Decrescente;Céu Claro;Simples;Rotatória;Sim;3;0;0;1;1;1;1;2;-29,77632579;-57,03801155;SPRF-RS;DEL13-RS;UOP01-DEL13-RS
739359;16/12/2025;terça-feira;19:30:00;PI;316;5;TERESINA;Ausência de reação do condutor;Colisão traseira;Com Vítimas Feridas;Plena Noite;Crescente;Céu Claro;Simples;"Reta;Declive";Sim;2;0;1;0;1;0;1;2;-5,143;-42,779;SPRF-PI;DEL01-PI;UOP02-DEL01-PI
739360;16/12/2025;terça-feira;19:54:00;RN;101;82;NATAL;Reação tardia ou ineficiente do condutor;Atropelamento de Pedestre;Com Vítimas Feridas;Plena Noite;Decrescente;Céu Claro;Dupla;Reta;Sim;2;0;1;0;1;0;1;2;-5,769987;-35,268938;SPRF-RN;DEL02-RN;UOP01-DEL02-RN
739362;16/12/2025;terça-feira;20:25:00;RJ;493;121;ITAGUAI;Animais na Pista;Queda de ocupante de veículo;Com Vítimas Feridas;Plena Noite;Decrescente;Céu Claro;Dupla;Reta;Sim;1;0;1;0;0;0;1;1;-22,8589296;-43,7591222;SPRF-RJ;DEL03-RJ;UOP01-DEL03-RJ
739363;16/12/2025;terça-feira;13:55:00;RJ;40;57,3;PETROPOLIS;Manobra de mudança de faixa;Colisão lateral mesmo sentido;Com Vítimas Feridas;Pleno dia;Crescente;Nublado;Dupla;Reta;Não;5;0;2;0;3;0;2;2;-22,37616;-43,13042;SPRF-RJ;DEL05-RJ;UOP02-DEL05-RJ
739364;16/12/2025;terça-feira;19:10:00;SC;282;215,2;LAGES;Demais falhas mecânicas ou elétricas;Incêndio;Sem Vítimas;Anoitecer;Decrescente;Céu Claro;Simples;Reta;Sim;1;0;0;0;1;0;0;1;-27,79671785;-50,2885834;SPRF-SC;DEL05-SC;UOP01-DEL05-SC
739365;16/12/2025;terça-feira;20:38:00;PI;343;1,6;TERESINA;Manobra de mudança de faixa;Colisão lateral mesmo sentido;Com Vítimas Feridas;Plena Noite;Decrescente;Céu Claro;Dupla;Reta;Não;2;0;1;0;1;0;1;2;-5,081103;-42,764062;SPRF-PI;DEL01-PI;UOP01-DEL01-PI
739366;16/12/2025;terça-feira;20:15:00;MG;381;477,8;CONTAGEM;Trafegar com motocicleta (ou similar) entre as faixas;Colisão lateral mesmo sentido;Com Vítimas Feridas;Plena Noite;Decrescente;Céu Claro;Dupla;Reta;Sim;2;0;0;1;1;0;1;2;-19,9595;-44,0334;SPRF-MG;DEL01-MG;UOP03-DEL01-MG
739367;16/12/2025;terça-feira;20:00:00;PA;230;109;MARABA;Acessar a via sem observar a presença dos outros veículos;Colisão transversal;Com Vítimas Feridas;Plena Noite;Crescente;Céu Claro;Simples;Reta;Sim;2;0;1;0;1;0;1;2;-5,37119;-49,04161;SPRF-PA;DEL03-PA;UOP01-DEL03-PA
739368;16/12/2025;terça-feira;08:40:00;RJ;40;43;AREAL;Reação tardia ou ineficiente do condutor;Tombamento;Com Vítimas Feridas;Pleno dia;Decrescente;Céu Claro;Simples;Reta;Não;1;0;1;0;0;0;1;1;-22,2824844;-43,1192844;SPRF-RJ;DEL05-RJ;UOP02-DEL05-RJ
739370;16/12/2025;terça-feira;19:30:00;ES;262;159;IBATIBA;Ausência de sinalização;Colisão frontal;Com Vítimas Feridas;Plena Noite;Crescente;Nublado;Múltipla;Reta;Sim;2;0;0;1;1;0;1;2;-20,23363484;-41,50573108;SPRF-ES;DEL01-ES;UOP02-DEL01-ES
739371;16/12/2025;terça-feira;15:30:00;MT;70;98;GENERAL CARNEIRO;Velocidade Incompatível;Saída de leito carroçável;Com Vítimas Feridas;Pleno dia;Decrescente;Nublado;Simples;Curva;Não;3;0;2;0;1;0;2;1;-15,57299861;-52,87700155;SPRF-MT;DEL07-MT;UOP01-DEL07-MT
739374;16/12/2025;terça-feira;18:30:00;RJ;101;433;MANGARATIBA;Pedestre cruzava a pista fora da faixa;Atropelamento de Pedestre;Com Vítimas Feridas;Anoitecer;Decrescente;Céu Claro;Simples;Rotatória;Não;3;0;1;0;1;1;1;2;-22,93829611;-44,03996363;SPRF-RJ;DEL03-RJ;UOP02-DEL03-RJ
739377;16/12/2025;terça-feira;20:50:00;PE;101;39,9;IGARASSU;Demais falhas mecânicas ou elétricas;Incêndio;Sem Vítimas;Plena Noite;Decrescente;Céu Claro;Dupla;Reta;Não;1;0;0;0;1;0;0;1;-7,81858;-34,917;SPRF-PE;DEL01-PE;UOP02-DEL01-PE
739380;16/12/2025;terça-feira;21:30:00;RJ;116;192;NOVA IGUACU;Demais falhas mecânicas ou elétricas;Tombamento;Com Vítimas Feridas;Plena Noite;Decrescente;Céu Claro;Dupla;Reta;Não;2;0;1;0;1;0;1;1;-22,7402527;-43,4987129;SPRF-RJ;DEL06-RJ;UOP01-DEL06-RJ
739381;16/12/2025;terça-feira;20:50:00;MG;50;163,5;UBERABA;Animais na Pista;Atropelamento de Animal;Com Vítimas Feridas;Plena Noite;Crescente;Céu Claro;Dupla;Reta;Não;2;0;1;0;1;0;1;2;-19,67813;-47,99547;SPRF-MG;DEL13-MG;UOP01-DEL13-MG
739382;16/12/2025;terça-feira;16:30:00;MS;267;395;MARACAJU;Reação tardia ou ineficiente do condutor;Eventos atípicos;Com Vítimas Feridas;Pleno dia;Decrescente;Céu Claro;Simples;Reta;Não;2;0;2;0;0;0;2;1;-21,61582328;-55,4184165;SPRF-MS;DEL05-MS;UOP01-DEL05-MS
739383;16/12/2025;terça-feira;21:40:00;MG;381;505,5;BETIM;Ingestão de álcool pelo condutor;Colisão com objeto;Sem Vítimas;Plena Noite;Decrescente;Céu Claro;Múltipla;"Reta;Aclive";Não;1;0;0;0;1;0;0;1;-20,03751;-44,24833;SPRF-MG;DEL01-MG;UOP03-DEL01-MG
739384;16/12/2025;terça-feira;19:25:00;MG;50;168;UBERABA;Demais falhas na via;Tombamento;Com Vítimas Feridas;Plena Noite;Crescente;Nublado;Dupla;"Reta;Declive";Sim;2;0;2;0;0;0;2;1;-19,71648;-47,98119;SPRF-MG;DEL13-MG;UOP01-DEL13-MG
739385;16/12/2025;terça-feira;21:40:00;RS;158;310,5;ITAARA;Ingestão de álcool pelo condutor;Colisão lateral mesmo sentido;Com Vítimas Feridas;Plena Noite;Decrescente;Céu Claro;Simples;"Reta;Interseção de Vias";Sim;5;0;1;0;3;1;1;3;-29,61947912;-53,76782938;SPRF-RS;DEL09-RS;UOP01-DEL09-RS
739386;16/12/2025;terça-feira;20:30:00;MG;381;596,3;CARMOPOLIS DE MINAS;Demais falhas na via;Colisão com objeto;Sem Vítimas;Plena Noite;Decrescente;Céu Claro;Simples;Curva;Não;5;0;0;0;5;0;0;2;-20,58299553;-44,69159871;SPRF-MG;DEL04-MG;UOP01-DEL04-MG
739387;16/12/2025;terça-feira;22:30:00;SC;101;123;ITAJAI;Reação tardia ou ineficiente do condutor;Tombamento;Com Vítimas Feridas;Plena Noite;Crescente;Nublado;Múltipla;Reta;Sim;1;0;1;0;0;0;1;1;-26,93754253;-48,69813128;SPRF-SC;DEL04-SC;UOP04-DEL04-SC
739388;16/12/2025;terça-feira;20:40:00;MT;163;1032;PEIXOTO DE AZEVEDO;Reação tardia ou ineficiente do condutor;Colisão lateral sentido oposto;Sem Vítimas;Pleno dia;Decrescente;Céu Claro;Simples;Reta;Sim;2;0;0;0;1;1;0;2;-10,2334;-54,9796;SPRF-MT;DEL06-MT;UOP03-DEL06-MT
739389;16/12/2025;terça-feira;21:23:00;GO;80;181;URUACU;Pista Escorregadia;Tombamento;Com Vítimas Feridas;Plena Noite;Crescente;Chuva;Simples;"Interseção de Vias;Curva";Não;1;0;1;0;0;0;1;1;-14,635503;-49,176143;SPRF-GO;DEL07-GO;UOP02-DEL07-GO
739390;16/12/2025;terça-feira;23:05:00;GO;60;101;ANAPOLIS;Reação tardia ou ineficiente do condutor;Colisão traseira;Sem Vítimas;Pleno dia;Crescente;Chuva;Dupla;Reta;Sim;2;0;0;0;2;0;0;2;-16,4037989;-48,9793478;SPRF-GO;DEL02-GO;UOP01-DEL02-GO
739391;16/12/2025;terça-feira;22:40:00;MG;365;51,1;CLARO DOS POCOES;Condutor Dormindo;Saída de leito carroçável;Com Vítimas Feridas;Plena Noite;Crescente;Nublado;Simples;Curva;Não;4;0;4;0;0;0;4;1;-16,932178;-44,237875;SPRF-MG;DEL12-MG;UOP01-DEL12-MG
739392;16/12/2025;terça-feira;23:05:00;PR;376;180;MARINGA;Reação tardia ou ineficiente do condutor;Tombamento;Com Vítimas Feridas;Plena Noite;Decrescente;Céu Claro;Dupla;Reta;Sim;1;0;1;0;0;0;1;1;-23,4215583;-51,905955;SPRF-PR;DEL09-PR;UOP01-DEL09-PR
739393;16/12/2025;terça-feira;23:30:00;RS;116;519;PELOTAS;Reação tardia ou ineficiente do condutor;Tombamento;Com Vítimas Feridas;Plena Noite;Crescente;Céu Claro;Dupla;Reta;Não;1;0;1;0;0;0;1;1;-31,69369654;-52,35422113;SPRF-RS;DEL07-RS;UOP01-DEL07-RS
739394;16/12/2025;terça-feira;21:30:00;TO;153;506;PARAISO DO TOCANTINS;Deficiência do Sistema de Iluminação/Sinalização;Colisão traseira;Com Vítimas Feridas;Plena Noite;Crescente;Céu Claro;Simples;Reta;Não;3;0;1;0;1;1;1;3;-10,254573;-48,87904;SPRF-TO;DEL01-TO;UOP01-DEL01-TO
739395;16/12/2025;terça-feira;23:10:00;PR;376;598;CURITIBA;Pedestre cruzava a pista fora da faixa;Atropelamento de Pedestre;Com Vítimas Feridas;Plena Noite;Crescente;Nublado;Dupla;"Reta;Declive";Sim;2;0;1;0;1;0;1;2;-25,48700915;-49,34679866;SPRF-PR;DEL01-PR;UOP03-DEL01-PR
739396;16/12/2025;terça-feira;22:10:00;SC;470;155;TROMBUDO CENTRAL;Animais na Pista;Saída de leito carroçável;Com Vítimas Feridas;Plena Noite;Crescente;Céu Claro;Simples;Curva;Não;2;0;1;0;0;1;1;2;-27,27907639;-49,75755785;SPRF-SC;DEL04-SC;UOP02-DEL04-SC
739397;16/12/2025;terça-feira;23:45:00;RS;392;19,9;RIO GRANDE;Ingestão de álcool pelo condutor;Colisão traseira;Com Vítimas Feridas;Plena Noite;Crescente;Céu Claro;Dupla;"Reta;Interseção de Vias";Não;5;0;2;0;3;0;2;2;-32,0854745;-52,1958886;SPRF-RS;DEL07-RS;UOP02-DEL07-RS
739398;16/12/2025;terça-feira;22:10:00;MG;381;606,1;OLIVEIRA;Ingestão de álcool pelo condutor;Capotamento;Sem Vítimas;Plena Noite;Decrescente;Chuva;Dupla;Reta;Não;1;0;0;0;1;0;0;1;-20,64610718;-44,73638665;SPRF-MG;DEL04-MG;UOP01-DEL04-MG
739403;17/12/2025;quarta-feira;03:00:00;RS;153;14;SEVERIANO DE ALMEIDA;Condutor Dormindo;Saída de leito carroçável;Com Vítimas Feridas;Plena Noite;Decrescente;Céu Claro;Simples;Reta;Não;4;0;1;0;3;0;1;1;-27,4267533;-52,0622766;SPRF-RS;DEL08-RS;UOP04-DEL08-RS
739404;17/12/2025;quarta-feira;02:30:00;GO;80;28,2;PADRE BERNARDO;Ausência de reação do condutor;Atropelamento de Pedestre;Com Vítimas Fatais;Plena Noite;Crescente;Nublado;Simples;Reta;Não;3;1;0;0;2;0;0;2;-15,30985464;-48,22708586;SPRF-DF;DEL03-DF;UOP02-DEL03-DF
739405;17/12/2025;quarta-feira;03:20:00;MG;116;274,9;TEOFILO OTONI;Ingestão de álcool pelo condutor;Colisão traseira;Sem Vítimas;Amanhecer;Decrescente;Céu Claro;Simples;Reta;Sim;3;0;0;0;2;1;0;2;-17,842416;-41,514138;SPRF-MG;DEL11-MG;UOP01-DEL11-MG
739406;17/12/2025;quarta-feira;04:30:00;RS;290;103;PORTO ALEGRE;Ingestão de álcool pelo condutor;Tombamento;Com Vítimas Feridas;Amanhecer;Crescente;Nublado;Dupla;"Reta;Aclive";Não;1;0;1;0;0;0;1;1;-29,9911092;-51,2700024;SPRF-RS;DEL01-RS;UOP01-DEL01-RS
739407;17/12/2025;quarta-feira;04:45:00;MG;40;520;CONTAGEM;Pedestre andava na pista;Atropelamento de Pedestre;Com Vítimas Feridas;Amanhecer;Crescente;Nublado;Dupla;Reta;Sim;2;0;0;1;0;1;1;2;-19,855491;-44,072512;SPRF-MG;DEL01-MG;UOP02-DEL01-MG
739410;17/12/2025;quarta-feira;05:50:00;GO;50;198;CAMPO ALEGRE DE GOIAS;Condutor Dormindo;Saída de leito carroçável;Com Vítimas Feridas;Amanhecer;Crescente;Céu Claro;Dupla;Reta;Não;55;0;0;13;42;0;13;1;-17,561215;-47,827182;SPRF-GO;DEL06-GO;UOP01-DEL06-GO
739412;17/12/2025;quarta-feira;05:50:00;SP;116;135,2;SAO JOSE DOS CAMPOS;Pedestre andava na pista;Atropelamento de Pedestre;Com Vítimas Feridas;Amanhecer;Decrescente;Nublado;Dupla;Reta;Sim;2;0;0;1;1;0;1;2;-23,14601371;-45,77181369;SPRF-SP;DEL02-SP;UOP01-DEL02-SP
739413;17/12/2025;quarta-feira;06:30:00;SC;101;204,5;SAO JOSE;Manobra de mudança de faixa;Colisão lateral sentido oposto;Com Vítimas Feridas;Pleno dia;Crescente;Céu Claro;Múltipla;Reta;Sim;2;0;1;0;1;0;1;2;-27,57921;-48,61374;SPRF-SC;DEL01-SC;UOP01-DEL01-SC
739417;17/12/2025;quarta-feira;01:30:00;MT;70;738;CACERES;Animais na Pista;Saída de leito carroçável;Com Vítimas Feridas;Plena Noite;Decrescente;Céu Claro;Simples;Curva;Não;1;0;1;0;0;0;1;1;-16,0424;-57,71985;SPRF-MT;DEL03-MT;UOP01-DEL03-MT
739420;17/12/2025;quarta-feira;07:05:00;SC;101;216,3;PALHOCA;Demais falhas mecânicas ou elétricas;Tombamento;Com Vítimas Feridas;Pleno dia;Decrescente;Céu Claro;Dupla;Reta;Sim;2;0;2;0;0;0;2;1;-27,66577225;-48,67468254;SPRF-SC;DEL01-SC;UOP02-DEL01-SC
739423;17/12/2025;quarta-feira;06:45:00;RS;153;52,5;ERECHIM;Conversão proibida;Colisão transversal;Com Vítimas Feridas;Pleno dia;Crescente;Céu Claro;Simples;Curva;Não;2;0;1;0;1;0;1;2;-27,6680119;-52,2902935;SPRF-RS;DEL08-RS;UOP04-DEL08-RS
739424;17/12/2025;quarta-feira;06:50:00;PB;101;90;JOAO PESSOA;Ausência de reação do condutor;Tombamento;Com Vítimas Feridas;Pleno dia;Crescente;Céu Claro;Dupla;Reta;Sim;1;0;1;0;0;0;1;1;-7,1792253;-34,9001736;SPRF-PB;DEL01-PB;UOP01-DEL01-PB
739425;17/12/2025;quarta-feira;07:15:00;SC;101;112;ITAJAI;Manobra de mudança de faixa;Colisão lateral mesmo sentido;Com Vítimas Feridas;Pleno dia;Decrescente;Céu Claro;Múltipla;Reta;Sim;2;0;1;0;1;0;1;2;-26,846332;-48,72146845;SPRF-SC;DEL04-SC;UOP04-DEL04-SC
739426;17/12/2025;quarta-feira;07:00:00;SP;116;476;JACUPIRANGA;Condutor Dormindo;Saída de leito carroçável;Com Vítimas Feridas;Pleno dia;Decrescente;Nublado;Dupla;Reta;Não;1;0;1;0;0;0;1;1;-24,70261931;-48,00851315;SPRF-SP;DEL05-SP;UOP01-DEL05-SP
739428;17/12/2025;quarta-feira;06:50:00;RJ;101;95;CAMPOS DOS GOYTACAZES;Reação tardia ou ineficiente do condutor;Tombamento;Com Vítimas Feridas;Pleno dia;Crescente;Chuva;Dupla;Curva;Não;2;0;1;1;0;0;2;1;-21,874505;-41,571939;SPRF-RJ;DEL08-RJ;UOP02-DEL08-RJ
739429;17/12/2025;quarta-feira;06:40:00;PR;116;8;CAMPINA GRANDE DO SUL;Ausência de reação do condutor;Capotamento;Com Vítimas Feridas;Pleno dia;Crescente;Garoa/Chuvisco;Dupla;Curva;Não;3;0;0;1;2;0;1;1;-25,08787748;-48,60454559;SPRF-PR;DEL01-PR;UOP02-DEL01-PR
739430;17/12/2025;quarta-feira;07:40:00;DF;60;7;BRASILIA;Manobra de mudança de faixa;Colisão lateral mesmo sentido;Com Vítimas Feridas;Pleno dia;Decrescente;Nublado;Dupla;Reta;Sim;3;0;1;0;2;0;1;2;-15,901596;-48,123457;SPRF-DF;DEL03-DF;UOP01-DEL03-DF
739431;17/12/2025;quarta-feira;07:00:00;RJ;493;87;SEROPEDICA;Ausência de reação do condutor;Saída de leito carroçável;Com Vítimas Feridas;Amanhecer;Decrescente;Chuva;Dupla;Reta;Não;1;0;1;0;0;0;1;1;-22,66629385;-43,63735199;SPRF-RJ;DEL01-RJ;UOP03-DEL01-RJ
739437;17/12/2025;quarta-feira;05:20:00;MG;267;15,4;LEOPOLDINA;Mal súbito do condutor;Saída de leito carroçável;Com Vítimas Feridas;Amanhecer;Crescente;Chuva;Simples;Curva;Sim;2;0;2;0;0;0;2;1;-21,58593511;-42,74299622;SPRF-MG;DEL07-MG;UOP01-DEL07-MG
739438;17/12/2025;quarta-feira;06:55:00;PR;277;589;CASCAVEL;Transitar no Acostamento;Colisão traseira;Com Vítimas Feridas;Pleno dia;Decrescente;Céu Claro;Simples;Reta;Sim;2;0;1;0;1;0;1;2;-24,971398;-53,43364;SPRF-PR;DEL04-PR;UOP01-DEL04-PR
739440;17/12/2025;quarta-feira;07:50:00;MG;40;523;CONTAGEM;Trafegar com motocicleta (ou similar) entre as faixas;Colisão traseira;Com Vítimas Feridas;Pleno dia;Crescente;Céu Claro;Dupla;Reta;Sim;3;0;1;0;2;0;1;2;-19,87387387;-44,0467024;SPRF-MG;DEL01-MG;UOP02-DEL01-MG
739441;17/12/2025;quarta-feira;07:30:00;SC;480;124,9;CHAPECO;Ausência de reação do condutor;Colisão traseira;Com Vítimas Feridas;Pleno dia;Decrescente;Céu Claro;Dupla;"Reta;Aclive";Não;2;0;1;0;1;0;1;2;-27,00240068;-52,64438722;SPRF-SC;DEL07-SC;UOP01-DEL07-SC
739442;17/12/2025;quarta-feira;08:00:00;SC;101;118;ITAJAI;Mal súbito do condutor;Colisão traseira;Com Vítimas Feridas;Pleno dia;Crescente;Céu Claro;Múltipla;Reta;Não;2;0;1;0;1;0;1;2;-26,89546785;-48,71932838;SPRF-SC;DEL04-SC;UOP04-DEL04-SC
739443;17/12/2025;quarta-feira;07:30:00;PB;230;333,4;PATOS;Reação tardia ou ineficiente do condutor;Colisão lateral mesmo sentido;Com Vítimas Feridas;Pleno dia;Crescente;Nublado;Simples;Reta;Sim;3;0;1;1;1;0;2;2;-7,018815;-37,254439;SPRF-PB;DEL03-PB;UOP01-DEL03-PB
739448;17/12/2025;quarta-feira;07:59:00;PE;101;74;RECIFE;Reação tardia ou ineficiente do condutor;Colisão traseira;Sem Vítimas;Pleno dia;Crescente;Céu Claro;Dupla;Reta;Sim;2;0;0;0;2;0;0;2;-8,10392821;-34,94847536;SPRF-PE;DEL01-PE;UOP01-DEL01-PE
739449;17/12/2025;quarta-feira;07:00:00;RN;304;83,4;ACU;Condutor Dormindo;Capotamento;Com Vítimas Feridas;Pleno dia;Decrescente;Céu Claro;Simples;Reta;Não;1;0;1;0;0;0;1;1;-5,4965417;-37,149825;SPRF-RN;DEL04-RN;UOP01-DEL04-RN
739451;17/12/2025;quarta-feira;07:15:00;RJ;101;529;ANGRA DOS REIS;Pista Escorregadia;Colisão frontal;Com Vítimas Feridas;Pleno dia;Crescente;Chuva;Simples;"Curva;Declive";Não;2;0;1;1;0;0;2;2;-23,02619824;-44,50471791;SPRF-RJ;DEL03-RJ;UOP03-DEL03-RJ
739452;17/12/2025;quarta-feira;08:15:00;GO;60;100,8;ANAPOLIS;Demais falhas mecânicas ou elétricas;Tombamento;Com Vítimas Feridas;Pleno dia;Decrescente;Céu Claro;Dupla;"Reta;Declive";Sim;2;0;2;0;0;0;2;1;-16,40086208;-48,97131152;SPRF-GO;DEL02-GO;UOP01-DEL02-GO
739453;12/12/2025;sexta-feira;20:40:00;MT;174;300;PONTES E LACERDA;Condutor deixou de manter distância do veículo da frente;Colisão traseira;Sem Vítimas;Plena Noite;Decrescente;Céu Claro;Simples;Reta;Não;2;0;0;0;1;1;0;2;-15,17138824;-59,32085037;SPRF-MT;DEL04-MT;UOP01-DEL04-MT
739454;17/12/2025;quarta-feira;08:40:00;RN;405;1;MOSSORO;Acessar a via sem observar a presença dos outros veículos;Colisão transversal;Com Vítimas Feridas;Pleno dia;Crescente;Sol;Dupla;Retorno Regulamentado;Sim;2;0;1;0;1;0;1;2;-5,19174061;-37,36273545;SPRF-RN;DEL04-RN;UOP02-DEL04-RN
739459;17/12/2025;quarta-feira;08:45:00;RN;101;105,9;PARNAMIRIM;Acessar a via sem observar a presença dos outros veículos;Colisão lateral mesmo sentido;Com Vítimas Feridas;Pleno dia;Decrescente;Céu Claro;Dupla;"Reta;Viaduto";Sim;2;0;1;0;1;0;1;2;-5,90516;-35,26007;SPRF-RN;DEL01-RN;UOP01-DEL01-RN
739460;17/12/2025;quarta-feira;07:00:00;RJ;116;179;MESQUITA;Conversão proibida;Colisão lateral mesmo sentido;Com Vítimas Feridas;Pleno dia;Decrescente;Garoa/Chuvisco;Múltipla;Reta;Não;2;0;0;1;1;0;1;2;-22,77192592;-43,40581767;SPRF-RJ;DEL06-RJ;UOP01-DEL06-RJ
739461;17/12/2025;quarta-feira;07:30:00;BA;324;522;FEIRA DE SANTANA;Trafegar com motocicleta (ou similar) entre as faixas;Colisão lateral mesmo sentido;Com Vítimas Feridas;Pleno dia;Crescente;Céu Claro;Dupla;Reta;Sim;3;0;1;0;1;1;1;3;-12,30622803;-38,89093772;SPRF-BA;DEL01-BA;UOP03-DEL01-BA
739462;17/12/2025;quarta-feira;08:40:00;PE;232;9;JABOATAO DOS GUARARAPES;Manobra de mudança de faixa;Colisão lateral mesmo sentido;Com Vítimas Feridas;Pleno dia;Decrescente;Céu Claro;Dupla;Reta;Não;2;0;1;0;1;0;1;2;-8,07919325;-34,98644932;SPRF-PE;DEL01-PE;UOP01-DEL01-PE
739464;17/12/2025;quarta-feira;08:35:00;PB;230;22,9;JOAO PESSOA;Condutor deixou de manter distância do veículo da frente;Colisão traseira;Com Vítimas Feridas;Pleno dia;Decrescente;Céu Claro;Dupla;Reta;Sim;3;0;1;0;2;0;1;2;-7,1581162;-34,8581053;SPRF-PB;DEL01-PB;UOP01-DEL01-PB