id;data_inversa;dia_semana;horario;uf;br;km;municipio;causa_acidente;tipo_acidente;classificacao_acidente;fase_dia;sentido_via;condicao_metereologica;tipo_pista;tracado_via;uso_solo;pessoas;mortos;feridos_leves;feridos_graves;ilesos;ignorados;feridos;veiculos;latitude;longitude;regional;delegacia;uop
739466;17/12/2025;quarta-feira;08:50:00;RN;101;96;NATAL;Condutor deixou de manter distância do veículo da frente;Colisão traseira;Sem Vítimas;Pleno dia;Decrescente;Céu Claro;Dupla;Reta;Não;2;0;0;0;2;0;0;2;-5,8488;-35,208599;SPRF-RN;DEL01-RN;UOP01-DEL01-RN
739467;17/12/2025;quarta-feira;08:10:00;SC;101;41;JOINVILLE;Desrespeitar a preferência no cruzamento;Colisão transversal;Com Vítimas Feridas;Pleno dia;Crescente;Céu Claro;Múltipla;Viaduto;Sim;2;0;1;0;1;0;1;2;-26,31694502;-48,90971124;SPRF-SC;DEL03-SC;UOP01-DEL03-SC
739468;17/12/2025;quarta-feira;09:00:00;MG;381;628,6;OLIVEIRA;Ausência de reação do condutor;Saída de leito carroçável;Com Vítimas Feridas;Pleno dia;Decrescente;Chuva;Dupla;"Aclive;Curva";Não;3;0;3;0;0;0;3;1;-20,824062;-44,801149;SPRF-MG;DEL04-MG;UOP01-DEL04-MG
739469;17/12/2025;quarta-feira;07:00:00;MG;365;599;UBERLANDIA;Ausência de reação do condutor;Saída de leito carroçável;Sem Vítimas;Amanhecer;Crescente;Nublado;Simples;Aclive;Não;1;0;0;0;1;0;0;1;-18,88215952;-48,09766693;SPRF-MG;DEL15-MG;UOP01-DEL15-MG
739470;17/12/2025;quarta-feira;07:14:00;MG;365;624;UBERLANDIA;Ausência de reação do condutor;Queda de ocupante de veículo;Com Vítimas Feridas;Pleno dia;Decrescente;Céu Claro;Dupla;Reta;Sim;1;0;1;0;0;0;1;1;-18,88991453;-48,25737899;SPRF-MG;DEL15-MG;UOP01-DEL15-MG
739472;17/12/2025;quarta-feira;10:10:00;ES;101;149;LINHARES;Acumulo de areia ou detritos sobre o pavimento;Saída de leito carroçável;Com Vítimas Feridas;Pleno dia;Crescente;Céu Claro;Dupla;Reta;Sim;1;0;1;0;0;0;1;1;-19,39654634;-40,06395992;SPRF-ES;DEL04-ES;UOP01-DEL04-ES
739474;17/12/2025;quarta-feira;08:00:00;RJ;116;298;PORTO REAL;Reação tardia ou ineficiente do condutor;Colisão com objeto;Com Vítimas Feridas;Pleno dia;Crescente;Chuva;Dupla;Reta;Não;1;0;1;0;0;0;1;1;-22,45027065;-44,31007927;SPRF-RJ;DEL07-RJ;UOP02-DEL07-RJ
739478;17/12/2025;quarta-feira;10:20:00;RN;101;84;SAO GONCALO DO AMARANTE;Manobra de mudança de faixa;Colisão lateral mesmo sentido;Com Vítimas Feridas;Pleno dia;Crescente;Céu Claro;Simples;Reta;Sim;2;0;0;1;0;1;1;2;-5,77559058;-35,25447249;SPRF-RN;DEL02-RN;UOP01-DEL02-RN
739480;17/12/2025;quarta-feira;07:30:00;MA;316;349;BACABAL;Desrespeitar a preferência no cruzamento;Colisão transversal;Com Vítimas Feridas;Pleno dia;Crescente;Céu Claro;Simples;Interseção de Vias;Não;3;0;0;2;0;1;2;2;-4,23240505;-44,88292694;SPRF-MA;DEL02-MA;UOP01-DEL02-MA
739482;17/12/2025;quarta-feira;08:00:00;MT;364;440;VARZEA GRANDE;Demais falhas mecânicas ou elétricas;Incêndio;Sem Vítimas;Pleno dia;Crescente;Céu Claro;Simples;Reta;Não;1;0;0;0;1;0;0;1;-15,59924821;-56,21719256;SPRF-MT;DEL01-MT;UOP02-DEL01-MT
739484;17/12/2025;quarta-feira;10:02:00;PI;343;11;PARNAIBA;Acessar a via sem observar a presença dos outros veículos;Colisão transversal;Com Vítimas Feridas;Pleno dia;Decrescente;Céu Claro;Simples;Reta;Sim;2;0;0;1;1;0;1;2;-2,903203;-41,750885;SPRF-PI;DEL05-PI;UOP01-DEL05-PI
739486;17/12/2025;quarta-feira;10:25:00;RJ;40;75;PETROPOLIS;Pista Escorregadia;Saída de leito carroçável;Com Vítimas Feridas;Pleno dia;Crescente;Chuva;Simples;"Declive;Curva";Não;2;0;1;0;1;0;1;2;-22,4693587;-43,2344662;SPRF-RJ;DEL01-RJ;UOP01-DEL01-RJ
739487;17/12/2025;quarta-feira;08:45:00;PR;277;191;PALMEIRA;Acessar a via sem observar a presença dos outros veículos;Colisão transversal;Com Vítimas Feridas;Pleno dia;Decrescente;Sol;Simples;Reta;Não;5;0;1;0;4;0;1;2;-25,430883;-50,137639;SPRF-PR;DEL08-PR;UOP02-DEL08-PR
739488;17/12/2025;quarta-feira;10:05:00;MG;116;277,7;TEOFILO OTONI;Reação tardia ou ineficiente do condutor;Atropelamento de Pedestre;Com Vítimas Feridas;Pleno dia;Decrescente;Nublado;Dupla;"Reta;Interseção de Vias";Sim;2;0;1;0;1;0;1;2;-17,86569749;-41,51622891;SPRF-MG;DEL11-MG;UOP01-DEL11-MG
739489;17/12/2025;quarta-feira;10:40:00;SC;101;212;PALHOCA;Ausência de reação do condutor;Colisão lateral mesmo sentido;Com Vítimas Feridas;Pleno dia;Decrescente;Céu Claro;Dupla;Reta;Não;2;0;1;0;1;0;1;2;-27,62497398;-48,64981592;SPRF-SC;DEL01-SC;UOP02-DEL01-SC
739490;17/12/2025;quarta-feira;08:00:00;PR;373;228;IMBITUVA;Acessar a via sem observar a presença dos outros veículos;Colisão transversal;Sem Vítimas;Pleno dia;Crescente;Céu Claro;Simples;Reta;Não;2;0;0;0;2;0;0;2;-25,17832707;-50,65246431;SPRF-PR;DEL03-PR;UOP01-DEL03-PR
739491;01/12/2025;segunda-feira;11:40:00;SC;282;130,4;RIO NEGRINHO;Acessar a via sem observar a presença dos outros veículos;Colisão transversal;Com Vítimas Feridas;Pleno dia;Decrescente;Nublado;Simples;"Declive;Reta";Não;2;0;0;1;1;0;1;2;-26,253958;-49,533787;SPRF-SC;DEL05-SC;UOP01-DEL05-SC
739492;17/12/2025;quarta-feira;10:40:00;MG;116;601,3;MANHUACU;Acessar a via sem observar a presença dos outros veículos;Colisão transversal;Com Vítimas Feridas;Pleno dia;Decrescente;Chuva;Simples;Reta;Não;2;0;0;1;1;0;1;2;-20,2503567;-42,1423986;SPRF-MG;DEL06-MG;UOP03-DEL06-MG
739493;17/12/2025;quarta-feira;11:03:00;PA;316;52,8;CASTANHAL;Acessar a via sem observar a presença dos outros veículos;Colisão transversal;Com Vítimas Feridas;Pleno dia;Decrescente;Céu Claro;Dupla;Reta;Não;2;0;1;0;1;0;1;2;-1,30615;-48,00347;SPRF-PA;DEL01-PA;UOP01-DEL01-PA
739494;17/12/2025;quarta-feira;09:10:00;SC;101;96;BARRA VELHA;Trafegar com motocicleta (ou similar) entre as faixas;Colisão lateral mesmo sentido;Com Vítimas Feridas;Pleno dia;Crescente;Céu Claro;Múltipla;Reta;Não;4;0;1;0;3;0;1;2;-26,71906269;-48,7023267;SPRF-SC;DEL03-SC;UOP02-DEL03-SC
739495;17/12/2025;quarta-feira;11:25:00;GO;50;288,7;CATALAO;Acesso irregular;Colisão lateral mesmo sentido;Com Vítimas Feridas;Pleno dia;Crescente;Nublado;Dupla;Rotatória;Não;3;0;1;0;2;0;1;2;-18,23648446;-47,98540592;SPRF-GO;DEL06-GO;UOP01-DEL06-GO
739500;17/12/2025;quarta-feira;11:00:00;GO;60;265;INDIARA;Condutor Dormindo;Saída de leito carroçável;Com Vítimas Feridas;Pleno dia;Crescente;Céu Claro;Dupla;Reta;Não;2;0;2;0;0;0;2;1;-17,201392;-50,089014;SPRF-GO;DEL01-GO;UOP02-DEL01-GO
739501;11/12/2025;quinta-feira;18:00:00;PI;316;291;PICOS;Acessar a via sem observar a presença dos outros veículos;Colisão lateral mesmo sentido;Com Vítimas Feridas;Plena Noite;Crescente;Céu Claro;Simples;Reta;Não;2;0;1;0;1;0;1;2;-7,008253;-41,59831;SPRF-PI;DEL04-PI;UOP01-DEL04-PI
739502;17/12/2025;quarta-feira;08:15:00;RJ;101;12,2;CAMPOS DOS GOYTACAZES;Chuva;Saída de leito carroçável;Com Vítimas Feridas;Pleno dia;Crescente;Chuva;Simples;Curva;Não;3;0;2;0;1;0;2;1;-21,31876167;-41,3269186;SPRF-RJ;DEL08-RJ;UOP01-DEL08-RJ
739503;17/12/2025;quarta-feira;11:00:00;RJ;116;89;TERESOPOLIS;Chuva;Saída de leito carroçável;Com Vítimas Feridas;Pleno dia;Decrescente;Chuva;Simples;Curva;Não;1;0;1;0;0;0;1;1;-22,454445;-42,959697;SPRF-RJ;DEL04-RJ;UOP01-DEL04-RJ
739504;07/12/2025;domingo;19:00:00;PI;407;424;PICOS;Transitar no Acostamento;Atropelamento de Pedestre;Com Vítimas Feridas;Plena Noite;Crescente;Nublado;Simples;Reta;Sim;2;0;0;2;0;0;2;2;-7,08448605;-41,42985106;SPRF-PI;DEL04-PI;UOP01-DEL04-PI
739505;17/12/2025;quarta-feira;10:40:00;PI;343;335,8;TERESINA;Demais falhas mecânicas ou elétricas;Saída de leito carroçável;Com Vítimas Fatais;Pleno dia;Crescente;Céu Claro;Dupla;Reta;Sim;1;1;0;0;0;0;0;1;-5,06297808;-42,7023223;SPRF-PI;DEL01-PI;UOP01-DEL01-PI
739507;17/12/2025;quarta-feira;09:50:00;MG;116;120,5;ITAOBIM;Ultrapassagem Indevida;Colisão frontal;Com Vítimas Fatais;Pleno dia;Decrescente;Nublado;Simples;Reta;Não;2;1;1;0;0;0;1;2;-16,603932;-41,499235;SPRF-MG;DEL11-MG;UOP02-DEL11-MG
739509;08/12/2025;segunda-feira;08:30:00;PR;116;114;CURITIBA;Trafegar com motocicleta (ou similar) entre as faixas;Colisão lateral mesmo sentido;Com Vítimas Feridas;Pleno dia;Decrescente;Céu Claro;Dupla;Reta;Sim;3;0;1;0;2;0;1;3;-25,545771;-49,296439;SPRF-PR;DEL01-PR;UOP03-DEL01-PR
739510;17/12/2025;quarta-feira;12:17:00;PI;343;447,3;AGUA BRANCA;Ultrapassagem Indevida;Colisão frontal;Com Vítimas Feridas;Pleno dia;Decrescente;Nublado;Simples;Reta;Não;4;0;0;2;2;0;2;2;-5,9024712;-42,6670155;SPRF-PI;DEL01-PI;UOP02-DEL01-PI
739511;17/12/2025;quarta-feira;12:00:00;MG;40;717,3;BARBACENA;Reação tardia ou ineficiente do condutor;Saída de leito carroçável;Com Vítimas Feridas;Pleno dia;Decrescente;Nublado;Dupla;Curva;Não;1;0;1;0;0;0;1;1;-21,27935359;-43,6434339;SPRF-MG;DEL05-MG;UOP01-DEL05-MG
739512;17/12/2025;quarta-feira;12:50:00;MA;226;297;BARRA DO CORDA;Acessar a via sem observar a presença dos outros veículos;Colisão transversal;Com Vítimas Feridas;Pleno dia;Crescente;Céu Claro;Simples;Reta;Sim;2;0;1;0;1;0;1;2;-5,5044553;-45,23329097;SPRF-MA;DEL06-MA;UOP01-DEL06-MA
739515;17/12/2025;quarta-feira;11:30:00;GO;40;11;LUZIANIA;Condutor deixou de manter distância do veículo da frente;Colisão traseira;Com Vítimas Feridas;Pleno dia;Crescente;Nublado;Dupla;Reta;Sim;4;0;2;0;2;0;2;3;-16,14336;-47,94639;SPRF-DF;DEL01-DF;UOP01-DEL01-DF
739516;17/12/2025;quarta-feira;10:35:00;MG;381;297;ANTONIO DIAS;Acumulo de água sobre o pavimento;Saída de leito carroçável;Com Vítimas Feridas;Pleno dia;Decrescente;Chuva;Dupla;"Curva;Declive";Não;5;0;4;0;1;0;4;1;-19,6339;-42,88938;SPRF-MG;DEL03-MG;UOP02-DEL03-MG
739517;22/11/2025;sábado;07:30:00;PR;369;153;LONDRINA;Condutor desrespeitou a iluminação vermelha do semáforo;Colisão transversal;Com Vítimas Feridas;Pleno dia;Crescente;Céu Claro;Dupla;"Reta;Declive";Sim;3;0;2;0;1;0;2;2;-23,29361835;-51,18730752;SPRF-PR;DEL07-PR;UOP01-DEL07-PR
739518;17/12/2025;quarta-feira;10:20:00;MG;381;635,9;SANTO ANTONIO DO AMPARO;Velocidade Incompatível;Colisão com objeto;Sem Vítimas;Pleno dia;Crescente;Chuva;Dupla;"Declive;Curva;Viaduto";Não;1;0;0;0;1;0;0;1;-20,86626932;-44,84135645;SPRF-MG;DEL04-MG;UOP01-DEL04-MG
739521;17/12/2025;quarta-feira;13:40:00;RS;116;237;NOVO HAMBURGO;Objeto estático sobre o leito carroçável;Colisão com objeto;Com Vítimas Feridas;Pleno dia;Crescente;Céu Claro;Múltipla;"Reta;Em Obras";Sim;4;0;1;0;0;3;1;2;-29,68218288;-51,14206406;SPRF-RS;DEL01-RS;UOP02-DEL01-RS
739522;17/12/2025;quarta-feira;10:35:00;MG;116;439;ENGENHEIRO CALDAS;Velocidade Incompatível;Saída de leito carroçável;Com Vítimas Feridas;Pleno dia;Decrescente;Nublado;Simples;Curva;Não;1;0;1;0;0;0;1;1;-19,07600791;-41,99951068;SPRF-MG;DEL06-MG;UOP01-DEL06-MG
739528;17/12/2025;quarta-feira;13:45:00;PB;230;106;MOGEIRO;Demais falhas mecânicas ou elétricas;Incêndio;Sem Vítimas;Pleno dia;Decrescente;Céu Claro;Dupla;"Aclive;Reta";Não;1;0;0;0;0;1;0;1;-7,204344;-35,53952507;SPRF-PB;DEL01-PB;UOP02-DEL01-PB
739529;17/12/2025;quarta-feira;14:15:00;SC;101;205,1;SAO JOSE;Mal súbito do condutor;Saída de leito carroçável;Com Vítimas Feridas;Pleno dia;Crescente;Sol;Múltipla;Reta;Sim;1;0;1;0;0;0;1;1;-27,58762091;-48,61698451;SPRF-SC;DEL01-SC;UOP01-DEL01-SC
739530;17/12/2025;quarta-feira;14:00:00;BA;101;259;SANTO ANTONIO DE JESUS;Acessar a via sem observar a presença dos outros veículos;Colisão transversal;Com Vítimas Feridas;Pleno dia;Crescente;Céu Claro;Simples;"Aclive;Retorno Regulamentado";Sim;2;0;1;0;1;0;1;2;-12,9558715;-39,259138;SPRF-BA;DEL01-BA;UOP02-DEL01-BA
739533;14/12/2025;domingo;03:20:00;SC;282;530,5;CORDILHEIRA ALTA;Ingestão de álcool pelo condutor;Saída de leito carroçável;Sem Vítimas;Plena Noite;Decrescente;Céu Claro;Simples;Curva;Não;1;0;0;0;1;0;0;1;-26,9868465;-52,61011219;SPRF-SC;DEL07-SC;UOP01-DEL07-SC
739534;17/12/2025;quarta-feira;10:00:00;SC;280;28;ARAQUARI;Acessar a via sem observar a presença dos outros veículos;Colisão transversal;Com Vítimas Feridas;Pleno dia;Crescente;Céu Claro;Simples;"Reta;Interseção de Vias";Sim;2;0;1;0;1;0;1;2;-26,404829;-48,745765;SPRF-SC;DEL03-SC;UOP03-DEL03-SC
739536;17/12/2025;quarta-feira;10:00:00;MT;364;273;JACIARA;Acessar a via sem observar a presença dos outros veículos;Colisão transversal;Com Vítimas Feridas;Pleno dia;Decrescente;Céu Claro;Dupla;Retorno Regulamentado;Sim;2;0;1;0;1;0;1;2;-15,958;-54,973;SPRF-MT;DEL05-MT;UOP02-DEL05-MT
739537;17/12/2025;quarta-feira;14:40:00;RJ;116;285;BARRA MANSA;Demais falhas mecânicas ou elétricas;Incêndio;Sem Vítimas;Pleno dia;Decrescente;Chuva;Dupla;"Reta;Aclive";Não;1;0;0;0;1;0;0;1;-22,506571;-44,222863;SPRF-RJ;DEL07-RJ;UOP02-DEL07-RJ
739539;17/12/2025;quarta-feira;13:45:00;MA;135;66,6;SANTA RITA;Animais na Pista;Colisão com objeto;Com Vítimas Feridas;Pleno dia;Decrescente;Céu Claro;Dupla;Reta;Sim;2;0;2;0;0;0;2;1;-3,10904165;-44,32281733;SPRF-MA;DEL01-MA;UOP02-DEL01-MA
739541;17/12/2025;quarta-feira;13:00:00;MS;267;30;BATAGUASSU;Desrespeitar a preferência no cruzamento;Colisão lateral mesmo sentido;Com Vítimas Feridas;Pleno dia;Crescente;Céu Claro;Dupla;Reta;Sim;4;0;1;0;2;1;1;3;-21,71969;-52,425913;SPRF-MS;DEL02-MS;UOP04-DEL02-MS
739545;17/12/2025;quarta-feira;13:15:00;PE;104;102,2;PANELAS;Ultrapassagem Indevida;Colisão lateral mesmo sentido;Com Vítimas Feridas;Pleno dia;Crescente;Céu Claro;Simples;Aclive;Não;3;0;0;2;1;0;2;2;-8,63026377;-36,01281881;SPRF-PE;DEL02-PE;UOP01-DEL02-PE
739547;17/12/2025;quarta-feira;14:45:00;MG;40;676,4;RESSAQUINHA;Ausência de reação do condutor;Colisão com objeto;Com Vítimas Feridas;Pleno dia;Decrescente;Céu Claro;Simples;Curva;Não;2;0;2;0;0;0;2;1;-21,0489497;-43,7632051;SPRF-MG;DEL05-MG;UOP02-DEL05-MG
739548;17/12/2025;quarta-feira;15:15:00;RS;116;0;PORTO ALEGRE;Manobra de mudança de faixa;Colisão lateral mesmo sentido;Com Vítimas Feridas;Pleno dia;Crescente;Sol;Múltipla;Reta;Sim;3;0;1;0;0;2;1;3;-29,97343016;-51,17758465;SPRF-RS;DEL01-RS;UOP01-DEL01-RS
739551;17/12/2025;quarta-feira;16:28:00;BA;324;616;SALVADOR;Avarias e/ou desgaste excessivo no pneu;Tombamento;Com Vítimas Feridas;Pleno dia;Decrescente;Céu Claro;Dupla;Reta;Sim;2;0;1;0;1;0;1;1;-12,8901021;-38,441334;SPRF-BA;DEL01-BA;UOP01-DEL01-BA
739552;17/12/2025;quarta-feira;14:45:00;PR;277;442,5;VIRMOND;Ingestão de álcool pelo condutor;Colisão frontal;Com Vítimas Feridas;Pleno dia;Crescente;Céu Claro;Simples;"Reta;Declive";Não;4;0;1;3;0;0;4;2;-25,375518;-52,258832;SPRF-PR;DEL04-PR;UOP02-DEL04-PR
739554;17/12/2025;quarta-feira;16:20:00;DF;70;10;BRASILIA;Manobra de mudança de faixa;Colisão lateral mesmo sentido;Com Vítimas Feridas;Pleno dia;Crescente;Céu Claro;Dupla;Reta;Não;2;0;1;0;1;0;1;2;-15,788385;-48,144656;SPRF-DF;DEL03-DF;UOP02-DEL03-DF
739555;17/12/2025;quarta-feira;16:15:00;RJ;40;93;DUQUE DE CAXIAS;Pista Escorregadia;Saída de leito carroçável;Com Vítimas Feridas;Pleno dia;Crescente;Chuva;Simples;"Curva;Declive";Não;1;0;1;0;0;0;1;1;-22,57026803;-43,27789307;SPRF-RJ;DEL01-RJ;UOP01-DEL01-RJ
739556;17/12/2025;quarta-feira;16:45:00;PB;230;10,3;CABEDELO;Ausência de reação do condutor;Tombamento;Com Vítimas Feridas;Anoitecer;Crescente;Céu Claro;Dupla;Reta;Sim;2;0;2;0;0;0;2;1;-7,060625;-34,850643;SPRF-PB;DEL01-PB;UOP01-DEL01-PB
739557;17/12/2025;quarta-feira;14:40:00;RO;364;334;JI-PARANA;Ingestão de álcool pelo condutor;Saída de leito carroçável;Sem Vítimas;Pleno dia;Decrescente;Céu Claro;Simples;Reta;Não;1;0;0;0;1;0;0;1;-10,95037;-61,923958;SPRF-RO;DEL02-RO;UOP01-DEL02-RO
739558;17/12/2025;quarta-feira;16:35:00;MG;381;489;BETIM;Ausência de reação do condutor;Tombamento;Com Vítimas Feridas;Plena Noite;Decrescente;Céu Claro;Dupla;Reta;Sim;1;0;1;0;0;0;1;1;-20,004864;-44,2007552;SPRF-MG;DEL01-MG;UOP03-DEL01-MG
739562;17/12/2025;quarta-feira;16:10:00;PE;232;413;SERRA TALHADA;Acessar a via sem observar a presença dos outros veículos;Colisão lateral mesmo sentido;Com Vítimas Feridas;Pleno dia;Crescente;Céu Claro;Simples;Reta;Não;2;0;2;0;0;0;2;2;-7,98159024;-38,31672907;SPRF-PE;DEL04-PE;UOP01-DEL04-PE
739563;17/12/2025;quarta-feira;17:40:00;GO;60;100,9;ANAPOLIS;Animais na Pista;Atropelamento de Animal;Com Vítimas Feridas;Pleno dia;Decrescente;Céu Claro;Dupla;"Reta;Declive";Sim;1;0;1;0;0;0;1;1;-16,400298;-48,970071;SPRF-GO;DEL02-GO;UOP01-DEL02-GO
739564;17/12/2025;quarta-feira;17:30:00;SC;101;119,8;ITAJAI;Manobra de mudança de faixa;Colisão lateral mesmo sentido;Com Vítimas Feridas;Pleno dia;Decrescente;Céu Claro;Múltipla;Reta;Sim;2;0;1;0;1;0;1;2;-26,89762893;-48,7184;SPRF-SC;DEL04-SC;UOP04-DEL04-SC
739565;17/12/2025;quarta-feira;16:55:00;SC;116;260,1;CAPAO ALTO;Manobra de mudança de faixa;Colisão traseira;Com Vítimas Feridas;Pleno dia;Decrescente;Céu Claro;Simples;Reta;Não;3;0;1;0;2;0;1;2;-27,92920409;-50,45110703;SPRF-SC;DEL05-SC;UOP02-DEL05-SC
739566;17/12/2025;quarta-feira;17:00:00;GO;60;93;ANAPOLIS;Manobra de mudança de faixa;Colisão lateral mesmo sentido;Com Vítimas Feridas;Pleno dia;Decrescente;Céu Claro;Dupla;Reta;Sim;3;0;1;1;1;0;2;2;-16,353412;-48,922482;SPRF-GO;DEL02-GO;UOP01-DEL02-GO
739567;17/12/2025;quarta-feira;17:00:00;BA;101;745,9;ITABELA;Desrespeitar a preferência no cruzamento;Colisão transversal;Sem Vítimas;Pleno dia;Decrescente;Sol;Simples;Reta;Não;3;0;0;0;3;0;0;2;-16,580835;-39,556702;SPRF-BA;DEL09-BA;UOP01-DEL09-BA
739568;17/12/2025;quarta-feira;17:15:00;SC;101;151;ITAPEMA;Condutor deixou de manter distância do veículo da frente;Colisão traseira;Com Vítimas Feridas;Pleno dia;Crescente;Céu Claro;Dupla;Reta;Não;2;0;1;0;1;0;1;2;-27,13465676;-48,61008167;SPRF-SC;DEL04-SC;UOP03-DEL04-SC
739569;17/12/2025;quarta-feira;17:20:00;AP;156;783;OIAPOQUE;Problema com o freio;Colisão com objeto;Com Vítimas Feridas;Pleno dia;Crescente;Nublado;Simples;"Curva;Declive";Não;7;0;2;0;5;0;2;2;3,65039618;-51,76920891;SPRF-AP;DEL01-AP;UOP03-DEL01-AP
739570;17/12/2025;quarta-feira;16:30:00;RJ;40;72;PETROPOLIS;Pista Escorregadia;Colisão com objeto;Com Vítimas Feridas;Pleno dia;Decrescente;Chuva;Simples;Curva;Não;1;0;1;0;0;0;1;1;-22,45037961;-43,20407867;SPRF-RJ;DEL01-RJ;UOP01-DEL01-RJ
739574;17/12/2025;quarta-feira;17:50:00;PB;230;0,6;CABEDELO;Acessar a via sem observar a presença dos outros veículos;Colisão transversal;Sem Vítimas;Anoitecer;Decrescente;Céu Claro;Simples;Reta;Sim;2;0;0;0;2;0;0;2;-6,972076;-34,833295;SPRF-PB;DEL01-PB;UOP01-DEL01-PB
739579;17/12/2025;quarta-feira;18:10:00;RJ;101;315;SAO GONCALO;Mal súbito do condutor;Queda de ocupante de veículo;Com Vítimas Feridas;Anoitecer;Decrescente;Chuva;Dupla;Reta;Sim;1;0;1;0;0;0;1;1;-22,81954222;-43,08082581;SPRF-RJ;DEL02-RJ;UOP02-DEL02-RJ
739580;17/12/2025;quarta-feira;16:20:00;MT;70;2;BARRA DO GARCAS;Reação tardia ou ineficiente do condutor;Colisão lateral mesmo sentido;Com Vítimas Feridas;Pleno dia;Decrescente;Garoa/Chuvisco;Simples;Reta;Sim;2;0;1;0;1;0;1;2;-15,8725271;-52,3855385;SPRF-MT;DEL07-MT;UOP01-DEL07-MT
739581;17/12/2025;quarta-feira;18:00:00;PR;116;116,5;CURITIBA;Trafegar com motocicleta (ou similar) entre as faixas;Colisão lateral mesmo sentido;Com Vítimas Feridas;Anoitecer;Decrescente;Nublado;Dupla;Reta;Sim;2;0;1;0;1;0;1;2;-25,5554162;-49,3058027;SPRF-PR;DEL01-PR;UOP03-DEL01-PR
739582;17/12/2025;quarta-feira;17:18:00;PR;476;275,7;SAO MATEUS DO SUL;Reação tardia ou ineficiente do condutor;Engavetamento;Com Vítimas Feridas;Pleno dia;Crescente;Céu Claro;Simples;Reta;Não;3;0;1;0;2;0;1;2;-25,87621432;-50,38433075;SPRF-PR;DEL02-PR;UOP03-DEL02-PR
739583;17/12/2025;quarta-feira;19:15:00;SC;101;201,7;SAO JOSE;Condutor deixou de manter distância do veículo da frente;Colisão traseira;Com Vítimas Feridas;Plena Noite;Crescente;Nublado;Múltipla;Reta;Sim;3;0;2;0;1;0;2;2;-27,55480001;-48,61945398;SPRF-SC;DEL01-SC;UOP01-DEL01-SC
739584;17/12/2025;quarta-feira;16:40:00;PR;476;175;CONTENDA;Condutor deixou de manter distância do veículo da frente;Queda de ocupante de veículo;Com Vítimas Feridas;Pleno dia;Crescente;Nublado;Simples;Reta;Não;1;0;1;0;0;0;1;1;-25,6933295;-49,5532319;SPRF-PR;DEL01-PR;UOP06-DEL01-PR
739585;17/12/2025;quarta-feira;19:30:00;RJ;116;122;MAGE;Velocidade Incompatível;Colisão lateral mesmo sentido;Com Vítimas Feridas;Plena Noite;Crescente;Chuva;Dupla;Reta;Sim;2;0;0;1;1;0;1;2;-22,63738224;-43,05902481;SPRF-RJ;DEL04-RJ;UOP02-DEL04-RJ
739587;17/12/2025;quarta-feira;19:30:00;PR;369;142;IBIPORA;Acessar a via sem observar a presença dos outros veículos;Atropelamento de Pedestre;Com Vítimas Feridas;Plena Noite;Crescente;Céu Claro;Simples;"Aclive;Reta";Sim;2;0;0;1;1;0;1;2;-23,29015404;-51,08324596;SPRF-PR;DEL07-PR;UOP01-DEL07-PR
739589;17/12/2025;quarta-feira;18:40:00;RN;304;293,3;MACAIBA;Manobra de mudança de faixa;Colisão lateral mesmo sentido;Com Vítimas Feridas;Plena Noite;Decrescente;Céu Claro;Dupla;Reta;Não;2;0;1;0;1;0;1;2;-5,86834;-35,37445;SPRF-RN;DEL01-RN;UOP02-DEL01-RN
739590;17/12/2025;quarta-feira;18:00:00;MG;153;38,8;CENTRALINA;Pista esburacada;Saída de leito carroçável;Sem Vítimas;Plena Noite;Decrescente;Nublado;Dupla;Reta;Não;1;0;0;0;1;0;0;1;-18,73553028;-49,10302836;SPRF-MG;DEL15-MG;UOP03-DEL15-MG
739591;17/12/2025;quarta-feira;19:30:00;MG;262;382;FLORESTAL;Reação tardia ou ineficiente do condutor;Saída de leito carroçável;Sem Vítimas;Plena Noite;Decrescente;Chuva;Dupla;Reta;Não;1;0;0;0;1;0;0;1;-19,91823551;-44,49322148;SPRF-MG;DEL01-MG;UOP03-DEL01-MG
739592;22/10/2025;quarta-feira;07:50:00;BA;101;264;SANTO ANTONIO DE JESUS;Desrespeitar a preferência no cruzamento;Colisão transversal;Com Vítimas Feridas;Pleno dia;Decrescente;Sol;Simples;"Interseção de Vias;Declive;Rotatória;Curva";Sim;2;0;2;0;0;0;2;2;-12,98520576;-39,29110982;SPRF-BA;DEL01-BA;UOP02-DEL01-BA
739593;17/12/2025;quarta-feira;18:10:00;SC;101;3,5;ARARANGUA;Reação tardia ou ineficiente do condutor;Colisão traseira;Com Vítimas Feridas;Anoitecer;Crescente;Nublado;Simples;"Rotatória;Reta";Sim;2;0;1;0;1;0;1;2;-28,948556;-49,506251;SPRF-SC;DEL02-SC;UOP02-DEL02-SC
739594;17/12/2025;quarta-feira;17:40:00;PR;277;424,6;CANTAGALO;Ausência de reação do condutor;Saída de leito carroçável;Com Vítimas Feridas;Pleno dia;Decrescente;Céu Claro;Simples;"Reta;Declive";Sim;1;0;1;0;0;0;1;1;-25,38315852;-52,11597097;SPRF-PR;DEL04-PR;UOP02-DEL04-PR
739595;17/12/2025;quarta-feira;18:25:00;AL;316;147,5;PALMEIRA DOS INDIOS;Pedestre andava na pista;Atropelamento de Pedestre;Com Vítimas Feridas;Plena Noite;Decrescente;Céu Claro;Simples;Reta;Não;2;0;0;1;0;1;1;2;-9,404725;-36,693342;SPRF-AL;DEL03-AL;UOP01-DEL03-AL