id;data_inversa;dia_semana;horario;uf;br;km;municipio;causa_acidente;tipo_acidente;classificacao_acidente;fase_dia;sentido_via;condicao_metereologica;tipo_pista;tracado_via;uso_solo;pessoas;mortos;feridos_leves;feridos_graves;ilesos;ignorados;feridos;veiculos;latitude;longitude;regional;delegacia;uop
739596;17/12/2025;quarta-feira;18:15:00;RO;364;226,4;CACOAL;Condutor deixou de manter distância do veículo da frente;Colisão traseira;Com Vítimas Feridas;Anoitecer;Decrescente;Céu Claro;Simples;"Reta;Declive";Sim;3;0;1;0;0;2;1;3;-11,50061546;-61,37037842;SPRF-RO;DEL02-RO;UOP02-DEL02-RO
739597;17/12/2025;quarta-feira;18:00:00;MG;153;37,6;CENTRALINA;Ausência de reação do condutor;Capotamento;Sem Vítimas;Anoitecer;Decrescente;Nublado;Dupla;Reta;Não;1;0;0;0;0;1;0;1;-18,728197;-49,113233;SPRF-MG;DEL15-MG;UOP03-DEL15-MG
739598;17/12/2025;quarta-feira;19:35:00;PI;316;33;DEMERVAL LOBAO;Acessar a via sem observar a presença dos outros veículos;Colisão lateral sentido oposto;Com Vítimas Feridas;Plena Noite;Decrescente;Nublado;Dupla;Reta;Sim;2;0;1;0;1;0;1;2;-5,35656601;-42,67672468;SPRF-PI;DEL01-PI;UOP02-DEL01-PI
739599;17/12/2025;quarta-feira;20:20:00;PR;116;121;CURITIBA;Manobra de mudança de faixa;Colisão lateral mesmo sentido;Com Vítimas Feridas;Plena Noite;Crescente;Céu Claro;Dupla;Reta;Não;2;0;1;0;1;0;1;2;-25,597537;-49,316923;SPRF-PR;DEL01-PR;UOP03-DEL01-PR
739600;17/12/2025;quarta-feira;19:59:00;RS;386;355,6;ESTRELA;Ausência de reação do condutor;Colisão com objeto;Com Vítimas Feridas;Plena Noite;Crescente;Céu Claro;Dupla;Curva;Não;1;0;0;1;0;0;1;1;-29,520253;-51,936369;SPRF-RS;DEL04-RS;UOP01-DEL04-RS
739601;17/12/2025;quarta-feira;20:45:00;PR;376;171;MARINGA;Condutor deixou de manter distância do veículo da frente;Engavetamento;Com Vítimas Feridas;Plena Noite;Crescente;Céu Claro;Dupla;Reta;Não;4;0;1;0;3;0;1;3;-23,41512581;-51,98082296;SPRF-PR;DEL09-PR;UOP01-DEL09-PR
739603;17/12/2025;quarta-feira;21:40:00;GO;40;3;VALPARAISO DE GOIAS;Acessar a via sem observar a presença dos outros veículos;Colisão traseira;Com Vítimas Feridas;Plena Noite;Crescente;Chuva;Dupla;Reta;Sim;3;0;1;0;2;0;1;2;-16,07581792;-47,98561871;SPRF-DF;DEL01-DF;UOP01-DEL01-DF
739605;17/12/2025;quarta-feira;21:19:00;PE;101;81,5;JABOATAO DOS GUARARAPES;Ingestão de álcool pelo condutor;Tombamento;Com Vítimas Feridas;Plena Noite;Crescente;Céu Claro;Dupla;Reta;Sim;1;0;0;1;0;0;1;1;-8,16373;-34,93873;SPRF-PE;DEL01-PE;UOP01-DEL01-PE
739606;17/12/2025;quarta-feira;21:40:00;PR;476;158;ARAUCARIA;Ausência de reação do condutor;Colisão transversal;Com Vítimas Feridas;Plena Noite;Decrescente;Céu Claro;Dupla;Reta;Sim;2;0;0;1;1;0;1;2;-25,60627497;-49,42104198;SPRF-PR;DEL01-PR;UOP06-DEL01-PR
739607;06/12/2025;sábado;07:18:00;TO;153;495,9;PARAISO DO TOCANTINS;Acessar a via sem observar a presença dos outros veículos;Colisão frontal;Com Vítimas Feridas;Pleno dia;Crescente;Nublado;Simples;Reta;Sim;5;0;0;1;2;2;1;3;-10,164615;-48,881307;SPRF-TO;DEL01-TO;UOP01-DEL01-TO
739608;17/12/2025;quarta-feira;17:30:00;SC;282;601,2;CUNHA PORA;Reação tardia ou ineficiente do condutor;Colisão frontal;Com Vítimas Feridas;Pleno dia;Decrescente;Sol;Dupla;Reta;Não;4;0;4;0;0;0;4;2;-26,80898156;-53,16950597;SPRF-SC;DEL07-SC;UOP02-DEL07-SC
739609;17/12/2025;quarta-feira;21:05:00;SC;470;67,5;INDAIAL;Desrespeitar a preferência no cruzamento;Colisão transversal;Com Vítimas Feridas;Plena Noite;Decrescente;Ignorado;Simples;"Interseção de Vias;Reta;Viaduto";Sim;3;0;1;0;2;0;1;2;-26,87529167;-49,23602343;SPRF-SC;DEL04-SC;UOP01-DEL04-SC
739614;17/12/2025;quarta-feira;21:30:00;RJ;0;0;RIO DE JANEIRO;Reação tardia ou ineficiente do condutor;Queda de ocupante de veículo;Com Vítimas Feridas;Plena Noite;Não Informado;Garoa/Chuvisco;Dupla;Reta;Sim;1;0;1;0;0;0;1;1;-22,81557663;-43,30055237;SPRF-RJ;DEL06-RJ;N/A
739615;17/12/2025;quarta-feira;18:30:00;PR;476;93,7;BOCAIUVA DO SUL;Reação tardia ou ineficiente do condutor;Colisão lateral sentido oposto;Sem Vítimas;Anoitecer;Decrescente;Céu Claro;Simples;Reta;Sim;2;0;0;0;2;0;0;2;-25,21556;-49,11313;SPRF-PR;DEL01-PR;UOP01-DEL01-PR
739619;17/12/2025;quarta-feira;22:30:00;ES;101;265;SERRA;Ausência de reação do condutor;Colisão traseira;Com Vítimas Feridas;Plena Noite;Crescente;Nublado;Dupla;Reta;Sim;2;0;1;0;0;1;1;2;-20,182323;-40,265775;SPRF-ES;DEL02-ES;UOP01-DEL02-ES
739620;17/12/2025;quarta-feira;22:00:00;RN;110;47,5;MOSSORO;Ingestão de álcool pelo condutor;Colisão traseira;Com Vítimas Feridas;Plena Noite;Decrescente;Céu Claro;Simples;Reta;Sim;4;0;2;0;2;0;2;2;-5,206609;-37,329917;SPRF-RN;DEL04-RN;UOP01-DEL04-RN
739622;17/12/2025;quarta-feira;22:00:00;PR;158;522,4;PATO BRANCO;Condutor deixou de manter distância do veículo da frente;Colisão traseira;Sem Vítimas;Plena Noite;Decrescente;Céu Claro;Simples;Reta;Não;3;0;0;0;3;0;0;2;-26,13248157;-52,65542623;SPRF-PR;DEL02-PR;UOP01-DEL02-PR
739625;17/12/2025;quarta-feira;22:40:00;PA;163;623;TRAIRAO;Ausência de reação do condutor;Tombamento;Com Vítimas Feridas;Plena Noite;Decrescente;Céu Claro;Simples;Curva;Não;1;0;1;0;0;0;1;1;-4,706019;-56,005528;SPRF-PA;DEL05-PA;UOP03-DEL05-PA
739626;17/12/2025;quarta-feira;23:20:00;RJ;101;111;CAMPOS DOS GOYTACAZES;Demais falhas na via;Tombamento;Com Vítimas Feridas;Plena Noite;Decrescente;Chuva;Dupla;Reta;Sim;1;0;1;0;0;0;1;1;-21,87145389;-41,54438782;SPRF-RJ;DEL08-RJ;UOP02-DEL08-RJ
739627;17/12/2025;quarta-feira;21:40:00;PR;163;207,7;CASCAVEL;Velocidade Incompatível;Saída de leito carroçável;Com Vítimas Feridas;Plena Noite;Decrescente;Céu Claro;Dupla;Reta;Não;1;0;1;0;0;0;1;1;-24,93765292;-53,53880737;SPRF-PR;DEL05-PR;UOP05-DEL05-PR
739630;17/12/2025;quarta-feira;19:15:00;RO;364;714;PORTO VELHO;Ingestão de álcool pelo condutor;Colisão com objeto;Sem Vítimas;Plena Noite;Crescente;Céu Claro;Dupla;Reta;Não;1;0;0;0;0;1;0;1;-8,77785591;-63,89016664;SPRF-RO;DEL01-RO;UOP01-DEL01-RO
739631;17/12/2025;quarta-feira;21:00:00;SC;163;89,8;GUARACIABA;Velocidade Incompatível;Saída de leito carroçável;Sem Vítimas;Plena Noite;Crescente;Céu Claro;Dupla;Curva;Sim;1;0;0;0;0;1;0;1;-26,56744656;-53,51053029;SPRF-SC;DEL07-SC;UOP03-DEL07-SC
739633;18/12/2025;quinta-feira;00:10:00;RN;101;101;PARNAMIRIM;Ausência de reação do condutor;Colisão com objeto;Com Vítimas Fatais;Plena Noite;Crescente;Céu Claro;Simples;Reta;Sim;1;1;0;0;0;0;0;1;-5,88688634;-35,23370361;SPRF-RN;DEL01-RN;UOP01-DEL01-RN
739635;18/12/2025;quinta-feira;00:55:00;RS;290;113;ELDORADO DO SUL;Ausência de reação do condutor;Colisão com objeto;Com Vítimas Feridas;Plena Noite;Crescente;Céu Claro;Simples;Reta;Não;1;0;1;0;0;0;1;1;-30,0441091;-51,34343731;SPRF-RS;DEL02-RS;UOP01-DEL02-RS
739638;18/12/2025;quinta-feira;01:50:00;RN;101;118,7;SAO JOSE DE MIPIBU;Animais na Pista;Atropelamento de Animal;Com Vítimas Feridas;Plena Noite;Crescente;Céu Claro;Dupla;Reta;Não;1;0;1;0;0;0;1;1;-6,0187104;-35,2522484;SPRF-RN;DEL01-RN;UOP01-DEL01-RN
739639;17/12/2025;quarta-feira;19:15:00;PE;110;235;PETROLANDIA;Ingestão de álcool pelo condutor;Colisão frontal;Com Vítimas Fatais;Plena Noite;Decrescente;Céu Claro;Simples;Reta;Não;2;1;0;1;0;0;1;2;-9,111177;-38,275388;SPRF-BA;DEL07-BA;UOP01-DEL07-BA
739641;18/12/2025;quinta-feira;02:30:00;SC;101;215;PALHOCA;Pedestre cruzava a pista fora da faixa;Atropelamento de Pedestre;Com Vítimas Feridas;Plena Noite;Crescente;Nublado;Dupla;Reta;Sim;2;0;2;0;0;0;2;2;-27,653845;-48,678003;SPRF-SC;DEL01-SC;UOP02-DEL01-SC
739645;18/12/2025;quinta-feira;02:40:00;RJ;101;322;NITEROI;Velocidade Incompatível;Colisão com objeto;Sem Vítimas;Plena Noite;Crescente;Chuva;Dupla;Reta;Não;1;0;0;0;0;1;0;1;-22,877576;-43,110734;SPRF-RJ;DEL02-RJ;UOP01-DEL02-RJ
739646;18/12/2025;quinta-feira;04:40:00;MG;40;503,9;ESMERALDAS;Acessar a via sem observar a presença dos outros veículos;Saída de leito carroçável;Com Vítimas Feridas;Pleno dia;Crescente;Chuva;Dupla;"Reta;Declive";Não;3;0;1;0;2;0;1;1;-19,726375;-44,153826;SPRF-MG;DEL02-MG;UOP01-DEL02-MG
739647;18/12/2025;quinta-feira;03:15:00;MT;163;559;DIAMANTINO;Reação tardia ou ineficiente do condutor;Colisão com objeto;Com Vítimas Feridas;Plena Noite;Decrescente;Garoa/Chuvisco;Dupla;"Desvio Temporário;Reta";Não;2;0;2;0;0;0;2;1;-14,15965039;-56,09312296;SPRF-MT;DEL01-MT;UOP01-DEL01-MT
739648;08/12/2025;segunda-feira;17:10:00;PB;104;110;LAGOA SECA;Condutor Dormindo;Saída de leito carroçável;Com Vítimas Feridas;Anoitecer;Decrescente;Céu Claro;Simples;"Aclive;Reta";Não;3;0;3;0;0;0;3;1;-7,123878;-35,862625;SPRF-PB;DEL02-PB;UOP04-DEL02-PB
739649;18/12/2025;quinta-feira;03:35:00;RO;319;142;PORTO VELHO;Ingestão de álcool pelo condutor;Colisão transversal;Com Vítimas Feridas;Plena Noite;Decrescente;Garoa/Chuvisco;Dupla;Interseção de Vias;Sim;2;0;2;0;0;0;2;2;-8,74926609;-63,88793819;SPRF-RO;DEL01-RO;UOP01-DEL01-RO
739650;18/12/2025;quinta-feira;03:40:00;MA;316;434,9;PERITORO;Animais na Pista;Atropelamento de Animal;Com Vítimas Feridas;Plena Noite;Decrescente;Nublado;Simples;Reta;Não;1;0;1;0;0;0;1;1;-4,410843;-44,251195;SPRF-MA;DEL03-MA;UOP01-DEL03-MA
739651;17/12/2025;quarta-feira;21:30:00;SC;163;71;SAO MIGUEL DO OESTE;Acesso irregular;Tombamento;Com Vítimas Feridas;Plena Noite;Decrescente;Céu Claro;Dupla;Reta;Sim;1;0;1;0;0;0;1;1;-26,72762978;-53,51279346;SPRF-SC;DEL07-SC;UOP03-DEL07-SC
739652;18/12/2025;quinta-feira;05:50:00;DF;20;7,7;BRASILIA;Condutor deixou de manter distância do veículo da frente;Colisão traseira;Com Vítimas Feridas;Amanhecer;Decrescente;Chuva;Dupla;Reta;Sim;2;0;1;0;1;0;1;2;-15,6584062;-47,7928784;SPRF-DF;DEL02-DF;UOP01-DEL02-DF
739654;18/12/2025;quinta-feira;05:55:00;PR;163;147;SANTA LUCIA;Ingestão de álcool pelo condutor;Saída de leito carroçável;Com Vítimas Feridas;Pleno dia;Decrescente;Céu Claro;Dupla;Curva;Não;1;0;1;0;0;0;1;1;-25,41593125;-53,57397079;SPRF-PR;DEL05-PR;UOP05-DEL05-PR
739655;18/12/2025;quinta-feira;06:05:00;RS;392;41,2;RIO GRANDE;Velocidade Incompatível;Saída de leito carroçável;Com Vítimas Feridas;Amanhecer;Decrescente;Céu Claro;Dupla;Curva;Sim;3;0;2;1;0;0;3;1;-31,95239748;-52,30788219;SPRF-RS;DEL07-RS;UOP02-DEL07-RS
739656;18/12/2025;quinta-feira;05:45:00;SC;101;105;PENHA;Ultrapassagem Indevida;Colisão lateral mesmo sentido;Com Vítimas Feridas;Pleno dia;Crescente;Céu Claro;Múltipla;Reta;Não;2;0;1;0;1;0;1;2;-26,80141172;-48,67928696;SPRF-SC;DEL03-SC;UOP02-DEL03-SC
739657;18/12/2025;quinta-feira;06:00:00;PR;376;166;MARINGA;Ausência de reação do condutor;Colisão traseira;Com Vítimas Feridas;Pleno dia;Crescente;Céu Claro;Dupla;Reta;Não;2;0;1;1;0;0;2;2;-23,385946;-52,023978;SPRF-PR;DEL09-PR;UOP01-DEL09-PR
739658;18/12/2025;quinta-feira;00:30:00;MG;50;117;UBERABA;Velocidade Incompatível;Queda de ocupante de veículo;Com Vítimas Feridas;Plena Noite;Decrescente;Chuva;Dupla;Reta;Não;1;0;1;0;0;0;1;1;-19,27875;-48,12239;SPRF-MG;DEL13-MG;UOP01-DEL13-MG
739659;18/12/2025;quinta-feira;05:45:00;SP;116;93;PINDAMONHANGABA;Reação tardia ou ineficiente do condutor;Colisão com objeto;Com Vítimas Feridas;Pleno dia;Crescente;Nublado;Dupla;Reta;Não;1;0;1;0;0;0;1;1;-22,96029007;-45,4209137;SPRF-SP;DEL08-SP;UOP01-DEL08-SP
739660;18/12/2025;quinta-feira;07:00:00;ES;101;212,6;IBIRACU;Acesso irregular;Colisão lateral mesmo sentido;Com Vítimas Feridas;Pleno dia;Crescente;Sol;Simples;Reta;Não;2;0;0;1;1;0;1;2;-19,8205687;-40,3686168;SPRF-ES;DEL02-ES;UOP01-DEL02-ES
739663;17/12/2025;quarta-feira;20:10:00;MT;70;380;CAMPO VERDE;Condutor deixou de manter distância do veículo da frente;Engavetamento;Sem Vítimas;Plena Noite;Crescente;Céu Claro;Simples;Reta;Sim;4;0;0;0;2;2;0;3;-15,532;-55,136;SPRF-MT;DEL05-MT;UOP02-DEL05-MT
739664;18/12/2025;quinta-feira;07:28:00;SC;282;17;PALHOCA;Desrespeitar a preferência no cruzamento;Colisão lateral mesmo sentido;Com Vítimas Feridas;Pleno dia;Crescente;Céu Claro;Simples;Reta;Sim;2;0;0;1;1;0;1;2;-27,666196;-48,68897;SPRF-SC;DEL01-SC;UOP02-DEL01-SC
739666;18/12/2025;quinta-feira;07:50:00;SP;116;228,5;GUARULHOS;Manobra de mudança de faixa;Colisão traseira;Com Vítimas Feridas;Pleno dia;Decrescente;Nublado;Múltipla;"Reta;Aclive";Sim;2;0;0;1;1;0;1;2;-23,49955032;-46,56122971;SPRF-SP;DEL01-SP;UOP01-DEL01-SP
739667;18/12/2025;quinta-feira;06:45:00;SC;101;112,2;ITAJAI;Trafegar com motocicleta (ou similar) entre as faixas;Colisão lateral mesmo sentido;Com Vítimas Feridas;Pleno dia;Crescente;Nublado;Múltipla;Reta;Sim;2;0;1;0;1;0;1;2;-26,84564757;-48,7210118;SPRF-SC;DEL04-SC;UOP04-DEL04-SC
739668;18/12/2025;quinta-feira;08:10:00;MA;135;3;SAO LUIS;Pista Escorregadia;Eventos atípicos;Com Vítimas Feridas;Pleno dia;Decrescente;Garoa/Chuvisco;Dupla;"Declive;Reta";Sim;2;0;1;0;1;0;1;1;-2,6500978;-44,3062791;SPRF-MA;DEL01-MA;UOP01-DEL01-MA
739674;25/09/2025;quinta-feira;11:45:00;PR;487;145,5;CIANORTE;Reação tardia ou ineficiente do condutor;Atropelamento de Pedestre;Com Vítimas Feridas;Pleno dia;Decrescente;Céu Claro;Simples;"Em Obras;Reta;Declive";Não;3;0;1;2;0;0;3;2;-23,9320971;-52,6910661;SPRF-PR;DEL09-PR;UOP03-DEL09-PR
739675;18/12/2025;quinta-feira;04:39:00;RO;364;11;VILHENA;Ausência de reação do condutor;Colisão com objeto;Sem Vítimas;Amanhecer;Crescente;Nublado;Simples;Curva;Sim;1;0;0;0;0;1;0;1;-12,747269;-60,111696;SPRF-RO;DEL04-RO;UOP01-DEL04-RO
739676;10/10/2025;sexta-feira;17:54:00;PR;158;532;PATO BRANCO;Desrespeitar a preferência no cruzamento;Queda de ocupante de veículo;Com Vítimas Feridas;Anoitecer;Crescente;Céu Claro;Simples;"Interseção de Vias;Reta";Sim;3;0;1;0;2;0;1;2;-26,21815896;-52,68152779;SPRF-PR;DEL02-PR;UOP01-DEL02-PR
739677;18/12/2025;quinta-feira;07:40:00;PE;101;67,6;RECIFE;Manobra de mudança de faixa;Colisão lateral mesmo sentido;Sem Vítimas;Pleno dia;Crescente;Céu Claro;Dupla;Reta;Sim;2;0;0;0;1;1;0;2;-8,04778548;-34,94526241;SPRF-PE;DEL01-PE;UOP01-DEL01-PE
739678;02/11/2025;domingo;16:41:00;PA;163;379;NOVO PROGRESSO;Ausência de reação do condutor;Queda de ocupante de veículo;Com Vítimas Feridas;Pleno dia;Decrescente;Ignorado;Simples;Reta;Não;1;0;1;0;0;0;1;1;-6,489343;-55,54799;SPRF-PA;DEL05-PA;UOP03-DEL05-PA
739679;18/12/2025;quinta-feira;05:25:00;MT;364;71;ALTO GARCAS;Animais na Pista;Saída de leito carroçável;Com Vítimas Feridas;Amanhecer;Crescente;Céu Claro;Simples;Reta;Não;12;0;1;0;11;0;1;1;-16,909933;-53,637215;SPRF-MT;DEL02-MT;UOP02-DEL02-MT
739681;18/12/2025;quinta-feira;07:40:00;MS;463;1;DOURADOS;Reação tardia ou ineficiente do condutor;Tombamento;Com Vítimas Feridas;Pleno dia;Crescente;Céu Claro;Simples;"Declive;Reta";Sim;1;0;1;0;0;0;1;1;-22,259013;-54,806305;SPRF-MS;DEL04-MS;UOP01-DEL04-MS
739682;18/12/2025;quinta-feira;08:00:00;RO;364;704;PORTO VELHO;Conversão proibida;Colisão traseira;Sem Vítimas;Pleno dia;Crescente;Nublado;Dupla;"Reta;Aclive";Não;2;0;0;0;1;1;0;2;-8,80035078;-63,81041614;SPRF-RO;DEL01-RO;UOP01-DEL01-RO
739683;10/12/2025;quarta-feira;14:15:00;MG;50;117;UBERABA;Reação tardia ou ineficiente do condutor;Saída de leito carroçável;Com Vítimas Feridas;Pleno dia;Crescente;Nublado;Dupla;"Retorno Regulamentado;Curva";Não;1;0;1;0;0;0;1;1;-19,28758492;-48,11927883;SPRF-MG;DEL13-MG;UOP01-DEL13-MG
739684;17/12/2025;quarta-feira;21:20:00;RJ;393;283;VOLTA REDONDA;Ingestão de álcool pelo condutor;Colisão com objeto;Com Vítimas Feridas;Plena Noite;Decrescente;Céu Claro;Dupla;Interseção de Vias;Não;2;0;2;0;0;0;2;1;-22,49272;-44,065057;SPRF-RJ;DEL05-RJ;UOP04-DEL05-RJ
739685;18/12/2025;quinta-feira;09:35:00;RN;304;283;MACAIBA;Acessar a via sem observar a presença dos outros veículos;Colisão transversal;Com Vítimas Feridas;Pleno dia;Crescente;Sol;Dupla;"Interseção de Vias;Reta";Não;2;0;1;0;1;0;1;2;-5,88446872;-35,47193527;SPRF-RN;DEL01-RN;UOP02-DEL01-RN
739687;18/12/2025;quinta-feira;07:20:00;PR;476;110,9;COLOMBO;Desrespeitar a preferência no cruzamento;Colisão transversal;Com Vítimas Feridas;Pleno dia;Crescente;Sol;Simples;"Reta;Interseção de Vias";Não;3;0;1;0;2;0;1;2;-25,31347375;-49,14953325;SPRF-PR;DEL01-PR;UOP01-DEL01-PR
739688;18/12/2025;quinta-feira;07:50:00;PE;101;74;RECIFE;Manobra de mudança de faixa;Colisão lateral mesmo sentido;Sem Vítimas;Pleno dia;Crescente;Céu Claro;Dupla;Reta;Sim;3;0;0;0;2;1;0;3;-8,10719;-34,947989;SPRF-PE;DEL01-PE;UOP01-DEL01-PE
739690;18/12/2025;quinta-feira;07:15:00;GO;60;336;ACREUNA;Pista Escorregadia;Saída de leito carroçável;Com Vítimas Feridas;Amanhecer;Crescente;Chuva;Dupla;Reta;Não;2;0;2;0;0;0;2;1;-17,48116518;-50,4473412;SPRF-GO;DEL04-GO;UOP02-DEL04-GO
739691;18/12/2025;quinta-feira;09:09:00;RN;101;79,6;SAO GONCALO DO AMARANTE;Condutor deixou de manter distância do veículo da frente;Colisão traseira;Com Vítimas Feridas;Pleno dia;Decrescente;Céu Claro;Simples;Reta;Não;2;0;1;1;0;0;2;2;-5,7487723;-35,3265893;SPRF-RN;DEL02-RN;UOP01-DEL02-RN
739692;18/12/2025;quinta-feira;05:30:00;PA;308;205;BRAGANCA;Acessar a via sem observar a presença dos outros veículos;Colisão traseira;Com Vítimas Fatais;Amanhecer;Crescente;Céu Claro;Simples;Reta;Sim;2;1;0;0;1;0;0;2;-1,065633;-46,748915;SPRF-PA;DEL01-PA;UOP03-DEL01-PA
739694;18/12/2025;quinta-feira;10:20:00;PB;230;27,4;JOAO PESSOA;Ausência de reação do condutor;Colisão traseira;Com Vítimas Feridas;Pleno dia;Crescente;Céu Claro;Dupla;Reta;Sim;4;0;2;0;2;0;2;2;-7,16500169;-34,89362955;SPRF-PB;DEL01-PB;UOP01-DEL01-PB
739696;18/11/2025;terça-feira;10:52:00;PA;163;314;NOVO PROGRESSO;Falta de elemento de contenção que evite a saída do leito carroçável;Saída de leito carroçável;Com Vítimas Feridas;Pleno dia;Crescente;Céu Claro;Simples;Reta;Não;1;0;1;0;0;0;1;1;-7,14;-55,38;SPRF-PA;DEL05-PA;UOP03-DEL05-PA
739699;18/12/2025;quinta-feira;10:00:00;SC;101;202,7;SAO JOSE;Ausência de reação do condutor;Engavetamento;Sem Vítimas;Pleno dia;Crescente;Sol;Dupla;Reta;Sim;7;0;0;0;7;0;0;6;-27,56230832;-48,61621857;SPRF-SC;DEL01-SC;UOP01-DEL01-SC
739701;18/12/2025;quinta-feira;06:00:00;MS;463;28;DOURADOS;Reação tardia ou ineficiente do condutor;Capotamento;Sem Vítimas;Pleno dia;Decrescente;Céu Claro;Simples;Reta;Não;1;0;0;0;0;1;0;1;-22,298024;-55,052956;SPRF-MS;DEL04-MS;UOP03-DEL04-MS
739702;18/12/2025;quinta-feira;09:29:00;RN;101;95,1;NATAL;Demais falhas na via;Colisão lateral mesmo sentido;Com Vítimas Feridas;Pleno dia;Crescente;Céu Claro;Dupla;Reta;Sim;2;0;0;1;1;0;1;2;-5,84032686;-35,21084221;SPRF-RN;DEL01-RN;UOP01-DEL01-RN
739705;15/12/2025;segunda-feira;19:10:00;MG;381;343;JOAO MONLEVADE;Pista Escorregadia;Capotamento;Com Vítimas Feridas;Plena Noite;Decrescente;Chuva;Simples;Curva;Não;4;0;1;0;3;0;1;1;-19,8289311;-43,165019;SPRF-MG;DEL03-MG;UOP01-DEL03-MG
739706;18/12/2025;quinta-feira;07:15:00;RJ;101;333;RIO DE JANEIRO;Ausência de reação do condutor;Tombamento;Com Vítimas Feridas;Pleno dia;Decrescente;Céu Claro;Dupla;Reta;Não;1;0;1;0;0;0;1;1;-22,86858331;-43,19515228;SPRF-RJ;DEL02-RJ;UOP01-DEL02-RJ
739707;14/12/2025;domingo;02:40:00;GO;153;675;PANAMA;Condutor Dormindo;Saída de leito carroçável;Com Vítimas Feridas;Plena Noite;Crescente;Chuva;Dupla;Interseção de Vias;Não;1;0;1;0;0;0;1;1;-18,18216456;-49,29070741;SPRF-GO;DEL03-GO;UOP02-DEL03-GO
739708;08/12/2025;segunda-feira;17:00:00;RN;0;0;MACAIBA;Objeto estático sobre o leito carroçável;Colisão com objeto;Sem Vítimas;Anoitecer;Não Informado;Nublado;Simples;Interseção de Vias;Sim;5;0;0;0;3;2;0;2;-5,84775004;-35,30292302;SPRF-RN;DEL01-RN;UOP02-DEL01-RN
739709;18/12/2025;quinta-feira;10:15:00;RJ;465;1;SEROPEDICA;Pedestre cruzava a pista fora da faixa;Atropelamento de Pedestre;Com Vítimas Feridas;Pleno dia;Decrescente;Nublado;Simples;Reta;Não;2;0;0;1;1;0;1;2;-22,71828878;-43,7272137;SPRF-RJ;DEL06-RJ;UOP02-DEL06-RJ
739710;18/12/2025;quinta-feira;11:04:00;SC;282;1,2;FLORIANOPOLIS;Acessar a via sem observar a presença dos outros veículos;Colisão transversal;Com Vítimas Feridas;Pleno dia;Crescente;Céu Claro;Simples;"Aclive;Interseção de Vias";Sim;2;0;1;0;1;0;1;2;-27,60297116;-48,58167923;SPRF-SC;DEL01-SC;UOP01-DEL01-SC
739711;18/12/2025;quinta-feira;10:50:00;BA;135;170;BARREIRAS;Velocidade Incompatível;Tombamento;Com Vítimas Feridas;Pleno dia;Crescente;Céu Claro;Simples;Reta;Não;4;0;1;0;1;2;1;3;-12,09553718;-44,97523326;SPRF-BA;DEL10-BA;UOP01-DEL10-BA
739712;18/12/2025;quinta-feira;09:50:00;RS;101;7;TORRES;Reação tardia ou ineficiente do condutor;Colisão traseira;Sem Vítimas;Pleno dia;Decrescente;Céu Claro;Dupla;Interseção de Vias;Não;4;0;0;0;4;0;0;2;-29,358034;-49,80489;SPRF-RS;DEL03-RS;UOP02-DEL03-RS
739715;18/12/2025;quinta-feira;09:30:00;MT;158;61;GENERAL CARNEIRO;Reação tardia ou ineficiente do condutor;Capotamento;Com Vítimas Feridas;Pleno dia;Decrescente;Nublado;Simples;Declive;Não;5;0;4;1;0;0;5;1;-15,7094;-52,7574;SPRF-MT;DEL07-MT;UOP02-DEL07-MT
739716;18/12/2025;quinta-feira;08:10:00;BA;324;513;FEIRA DE SANTANA;Retorno proibido;Colisão transversal;Com Vítimas Feridas;Pleno dia;Crescente;Sol;Múltipla;Reta;Sim;2;0;1;0;1;0;1;2;-12,231895;-38,954947;SPRF-BA;DEL02-BA;UOP01-DEL02-BA
739718;18/12/2025;quinta-feira;08:30:00;RJ;101;305;SAO GONCALO;Reação tardia ou ineficiente do condutor;Tombamento;Com Vítimas Feridas;Pleno dia;Crescente;Garoa/Chuvisco;Dupla;Reta;Sim;1;0;1;0;0;0;1;1;-22,78636828;-42,99344413;SPRF-RJ;DEL02-RJ;UOP02-DEL02-RJ
739719;18/12/2025;quinta-feira;10:30:00;SP;116;532;BARRA DO TURVO;Reação tardia ou ineficiente do condutor;Queda de ocupante de veículo;Com Vítimas Feridas;Pleno dia;Crescente;Céu Claro;Dupla;"Aclive;Curva";Não;2;0;1;0;1;0;1;1;-24,97177764;-48,35433707;SPRF-SP;DEL05-SP;UOP02-DEL05-SP
739720;18/12/2025;quinta-feira;11:10:00;SC;282;18,4;PALHOCA;Trafegar com motocicleta (ou similar) entre as faixas;Colisão traseira;Com Vítimas Feridas;Pleno dia;Crescente;Céu Claro;Simples;Reta;Sim;2;0;1;0;1;0;1;2;-27,6755053;-48,6975171;SPRF-SC;DEL01-SC;UOP02-DEL01-SC
739722;18/12/2025;quinta-feira;10:03:00;TO;153;114;WANDERLANDIA;Acessar a via sem observar a presença dos outros veículos;Capotamento;Com Vítimas Feridas;Pleno dia;Crescente;Chuva;Simples;Reta;Não;3;0;1;0;1;1;1;3;-6,989377;-48,098625;SPRF-TO;DEL02-TO;UOP01-DEL02-TO