id;data_inversa;dia_semana;horario;uf;br;km;municipio;causa_acidente;tipo_acidente;classificacao_acidente;fase_dia;sentido_via;condicao_metereologica;tipo_pista;tracado_via;uso_solo;pessoas;mortos;feridos_leves;feridos_graves;ilesos;ignorados;feridos;veiculos;latitude;longitude;regional;delegacia;uop
739837;18/12/2025;quinta-feira;20:25:00;SE;235;62,4;ITABAIANA;Velocidade Incompatível;Colisão transversal;Com Vítimas Feridas;Plena Noite;Decrescente;Céu Claro;Simples;Curva;Não;4;0;3;0;1;0;3;2;-10,60733278;-37,47812971;SPRF-SE;DEL01-SE;UOP02-DEL01-SE
739838;18/12/2025;quinta-feira;21:20:00;RS;470;217;BENTO GONCALVES;Desrespeitar a preferência no cruzamento;Colisão transversal;Sem Vítimas;Plena Noite;Crescente;Céu Claro;Simples;Retorno Regulamentado;Sim;6;0;0;0;6;0;0;2;-29,17607305;-51,52150865;SPRF-RS;DEL06-RS;UOP01-DEL06-RS
739839;18/12/2025;quinta-feira;20:10:00;RJ;116;147;DUQUE DE CAXIAS;Reação tardia ou ineficiente do condutor;Colisão com objeto;Com Vítimas Feridas;Plena Noite;Decrescente;Chuva;Múltipla;Reta;Sim;1;0;0;1;0;0;1;1;-22,67127356;-43,27722788;SPRF-RJ;DEL01-RJ;UOP02-DEL01-RJ
739841;18/12/2025;quinta-feira;18:15:00;RJ;101;296;ITABORAI;Manobra de mudança de faixa;Colisão lateral mesmo sentido;Com Vítimas Feridas;Plena Noite;Decrescente;Garoa/Chuvisco;Simples;Reta;Não;3;0;1;0;2;0;1;2;-22,76767841;-42,91447422;SPRF-RJ;DEL02-RJ;UOP02-DEL02-RJ
739842;18/12/2025;quinta-feira;15:30:00;RO;364;5;JI-PARANA;Reação tardia ou ineficiente do condutor;Queda de ocupante de veículo;Com Vítimas Feridas;Pleno dia;Decrescente;Céu Claro;Simples;Reta;Não;1;0;1;0;0;0;1;1;-10,8363776;-62,0068864;SPRF-RO;DEL02-RO;UOP01-DEL02-RO
739843;18/12/2025;quinta-feira;19:00:00;RO;364;483;ARIQUEMES;Ausência de reação do condutor;Colisão traseira;Com Vítimas Feridas;Plena Noite;Crescente;Chuva;Simples;Reta;Não;3;0;1;0;2;0;1;2;-10,12836687;-62,884271;SPRF-RO;DEL03-RO;UOP01-DEL03-RO
739844;18/12/2025;quinta-feira;17:04:00;MT;364;364;SANTO ANTONIO DO LEVERGER;Pista Escorregadia;Saída de leito carroçável;Com Vítimas Feridas;Anoitecer;Decrescente;Chuva;Dupla;Curva;Não;2;0;1;0;1;0;1;1;-15,7012683;-55,8736656;SPRF-MT;DEL01-MT;UOP02-DEL01-MT
739846;18/12/2025;quinta-feira;22:30:00;ES;101;261;SERRA;Ausência de reação do condutor;Colisão com objeto;Sem Vítimas;Plena Noite;Decrescente;Céu Claro;Dupla;Reta;Sim;1;0;0;0;0;1;0;1;-20,17060293;-40,26888145;SPRF-ES;DEL02-ES;UOP01-DEL02-ES
739850;18/12/2025;quinta-feira;23:00:00;MG;365;780;ITUIUTABA;Transitar na contramão;Colisão lateral sentido oposto;Com Vítimas Feridas;Plena Noite;Crescente;Garoa/Chuvisco;Simples;Reta;Não;5;0;4;0;1;0;4;2;-18,95636;-49,731403;SPRF-MG;DEL15-MG;UOP03-DEL15-MG
739852;18/12/2025;quinta-feira;22:00:00;GO;153;321;RIANAPOLIS;Acessar a via sem observar a presença dos outros veículos;Colisão transversal;Com Vítimas Feridas;Plena Noite;Crescente;Chuva;Simples;Interseção de Vias;Não;7;0;2;1;4;0;3;2;-15,47386477;-49,49615479;SPRF-GO;DEL02-GO;UOP02-DEL02-GO
739853;18/12/2025;quinta-feira;18:20:00;PR;376;487;PONTA GROSSA;Demais falhas mecânicas ou elétricas;Incêndio;Sem Vítimas;Pleno dia;Crescente;Céu Claro;Dupla;"Em Obras;Reta";Não;1;0;0;0;1;0;0;1;-25,113188;-50,188329;SPRF-PR;DEL03-PR;UOP04-DEL03-PR
739854;18/12/2025;quinta-feira;21:31:00;MG;381;635,8;SANTO ANTONIO DO AMPARO;Chuva;Saída de leito carroçável;Com Vítimas Feridas;Plena Noite;Decrescente;Chuva;Dupla;"Curva;Aclive";Não;2;0;1;0;1;0;1;1;-20,86523009;-44,84092301;SPRF-MG;DEL04-MG;UOP01-DEL04-MG
739856;18/12/2025;quinta-feira;22:45:00;PR;369;163,2;CAMBE;Reação tardia ou ineficiente do condutor;Colisão lateral mesmo sentido;Com Vítimas Feridas;Plena Noite;Crescente;Nublado;Dupla;Reta;Não;7;0;3;0;4;0;3;3;-23,296637;-51,280245;SPRF-PR;DEL07-PR;UOP01-DEL07-PR
739857;18/12/2025;quinta-feira;21:00:00;MT;70;509;CUIABA;Demais falhas mecânicas ou elétricas;Queda de ocupante de veículo;Com Vítimas Feridas;Plena Noite;Crescente;Céu Claro;Simples;"Em Obras;Reta";Não;2;0;0;1;1;0;1;1;-15,69474;-56,09128333;SPRF-MT;DEL01-MT;UOP02-DEL01-MT
739858;18/12/2025;quinta-feira;23:25:00;RN;110;49,6;MOSSORO;Animais na Pista;Atropelamento de Animal;Com Vítimas Feridas;Plena Noite;Crescente;Céu Claro;Dupla;Reta;Sim;1;0;1;0;0;0;1;1;-5,23028319;-37,32103041;SPRF-RN;DEL04-RN;UOP01-DEL04-RN
739859;19/12/2025;sexta-feira;00:00:00;RS;470;206,2;BENTO GONCALVES;Ausência de reação do condutor;Saída de leito carroçável;Com Vítimas Feridas;Plena Noite;Decrescente;Céu Claro;Simples;Reta;Não;1;0;1;0;0;0;1;1;-29,09477593;-51,54934287;SPRF-RS;DEL06-RS;UOP01-DEL06-RS
739863;18/12/2025;quinta-feira;21:45:00;MA;135;0;SAO LUIS;Manobra de mudança de faixa;Colisão lateral mesmo sentido;Com Vítimas Feridas;Plena Noite;Crescente;Céu Claro;Dupla;Reta;Sim;2;0;1;0;1;0;1;2;-2,58363277;-44,24288018;SPRF-MA;DEL01-MA;UOP01-DEL01-MA
739864;19/12/2025;sexta-feira;01:45:00;GO;153;507,7;APARECIDA DE GOIANIA;Ausência de reação do condutor;Colisão traseira;Com Vítimas Feridas;Plena Noite;Crescente;Chuva;Dupla;Reta;Sim;2;0;1;0;1;0;1;2;-16,762445;-49,239963;SPRF-GO;DEL01-GO;UOP03-DEL01-GO
739865;18/12/2025;quinta-feira;23:50:00;MG;116;639,7;FERVEDOURO;Condutor Dormindo;Saída de leito carroçável;Com Vítimas Feridas;Plena Noite;Decrescente;Céu Claro;Simples;Reta;Não;1;0;1;0;0;0;1;1;-20,65175993;-42,25324631;SPRF-MG;DEL07-MG;UOP02-DEL07-MG
739866;19/12/2025;sexta-feira;01:15:00;MA;316;404;ALTO ALEGRE DO MARANHAO;Transitar na contramão;Colisão frontal;Sem Vítimas;Plena Noite;Decrescente;Garoa/Chuvisco;Dupla;Reta;Não;3;0;0;0;2;1;0;2;-4,21626992;-44,44899917;SPRF-MA;DEL03-MA;UOP01-DEL03-MA
739868;19/12/2025;sexta-feira;02:48:00;PR;369;192;ARAPONGAS;Ausência de reação do condutor;Tombamento;Com Vítimas Feridas;Plena Noite;Crescente;Céu Claro;Dupla;Reta;Não;1;0;1;0;0;0;1;1;-23,4638983;-51,4236067;SPRF-PR;DEL07-PR;UOP03-DEL07-PR
739872;19/12/2025;sexta-feira;04:25:00;GO;40;92;CRISTALINA;Ingestão de álcool pelo condutor;Colisão com objeto;Com Vítimas Feridas;Plena Noite;Crescente;Chuva;Dupla;Desvio Temporário;Sim;1;0;1;0;0;0;1;1;-16,8214664;-47,60078436;SPRF-DF;DEL01-DF;UOP02-DEL01-DF
739874;18/12/2025;quinta-feira;20:40:00;MT;70;498;CUIABA;Acessar a via sem observar a presença dos outros veículos;Colisão frontal;Sem Vítimas;Plena Noite;Decrescente;Garoa/Chuvisco;Simples;"Em Obras;Reta";Não;2;0;0;0;2;0;0;2;-15,66917688;-56,00978887;SPRF-MT;DEL01-MT;UOP02-DEL01-MT
739875;19/12/2025;sexta-feira;04:30:00;PE;101;69;RECIFE;Ausência de reação do condutor;Colisão traseira;Com Vítimas Feridas;Amanhecer;Crescente;Céu Claro;Dupla;Reta;Sim;2;0;1;0;1;0;1;2;-8,067883;-34,942848;SPRF-PE;DEL01-PE;UOP01-DEL01-PE
739878;19/12/2025;sexta-feira;00:28:00;MT;364;257;JUSCIMEIRA;Estacionar ou parar em local proibido;Saída de leito carroçável;Com Vítimas Feridas;Plena Noite;Crescente;Nublado;Dupla;"Declive;Curva";Não;3;0;2;0;1;0;2;1;-16,06088842;-54,87146169;SPRF-MT;DEL02-MT;UOP01-DEL02-MT
739879;19/12/2025;sexta-feira;05:00:00;MG;381;704,5;LAVRAS;Velocidade Incompatível;Capotamento;Com Vítimas Feridas;Amanhecer;Decrescente;Chuva;Dupla;Curva;Não;3;0;1;0;2;0;1;1;-21,31177374;-45,16538249;SPRF-MG;DEL04-MG;UOP02-DEL04-MG
739880;14/12/2025;domingo;23:00:00;RJ;116;81;TERESOPOLIS;Acessar a via sem observar a presença dos outros veículos;Colisão transversal;Com Vítimas Feridas;Plena Noite;Decrescente;Nublado;Simples;Reta;Sim;3;0;2;0;1;0;2;2;-22,39288505;-42,95296741;SPRF-RJ;DEL04-RJ;UOP01-DEL04-RJ
739881;18/12/2025;quinta-feira;17:50:00;GO;60;232;CEZARINA;Chuva;Saída de leito carroçável;Com Vítimas Feridas;Pleno dia;Crescente;Chuva;Dupla;Reta;Não;2;0;2;0;0;0;2;1;-17,077396;-49,82522;SPRF-GO;DEL01-GO;UOP02-DEL01-GO
739882;19/12/2025;sexta-feira;02:50:00;MG;381;572;ITAGUARA;Ausência de reação do condutor;Saída de leito carroçável;Com Vítimas Feridas;Plena Noite;Decrescente;Nublado;Dupla;"Curva;Aclive";Não;5;0;5;0;0;0;5;1;-20,429251;-44,548637;SPRF-MG;DEL04-MG;UOP03-DEL04-MG
739885;27/05/2025;terça-feira;19:05:00;SC;282;379;HERVAL DOESTE;Animais na Pista;Atropelamento de Animal;Com Vítimas Feridas;Plena Noite;Decrescente;Ignorado;Simples;Reta;Sim;1;0;1;0;0;0;1;1;-27,214573;-51,480475;SPRF-SC;DEL07-SC;UOP05-DEL07-SC
739887;19/12/2025;sexta-feira;00:50:00;MG;365;625,5;UBERLANDIA;Ingestão de álcool pelo condutor;Capotamento;Com Vítimas Feridas;Plena Noite;Crescente;Garoa/Chuvisco;Dupla;"Reta;Aclive";Sim;3;0;0;1;2;0;1;2;-18,90945787;-48,30847112;SPRF-MG;DEL15-MG;UOP01-DEL15-MG
739889;19/12/2025;sexta-feira;06:30:00;PB;230;12;CABEDELO;Acessar a via sem observar a presença dos outros veículos;Colisão transversal;Com Vítimas Feridas;Pleno dia;Decrescente;Céu Claro;Dupla;"Desvio Temporário;Reta;Em Obras";Sim;2;0;1;0;0;1;1;2;-7,07903668;-34,84896231;SPRF-PB;DEL01-PB;UOP01-DEL01-PB
739890;18/12/2025;quinta-feira;22:00:00;PR;277;117;CAMPO LARGO;Transitar na contramão;Colisão frontal;Com Vítimas Feridas;Plena Noite;Decrescente;Nublado;Simples;Interseção de Vias;Sim;3;0;1;0;1;1;1;3;-25,4433;-49,455;SPRF-PR;DEL03-PR;UOP03-DEL03-PR
739891;19/12/2025;sexta-feira;07:09:00;RS;386;342,6;LAJEADO;Acessar a via sem observar a presença dos outros veículos;Colisão traseira;Com Vítimas Feridas;Pleno dia;Crescente;Sol;Dupla;Reta;Sim;1;0;1;0;0;0;1;1;-29,43468278;-52,00425625;SPRF-RS;DEL04-RS;UOP01-DEL04-RS
739892;18/12/2025;quinta-feira;22:00:00;RJ;116;191;NOVA IGUACU;Reação tardia ou ineficiente do condutor;Colisão traseira;Com Vítimas Feridas;Plena Noite;Decrescente;Garoa/Chuvisco;Dupla;Reta;Não;2;0;1;0;1;0;1;2;-22,7433287;-43,45075178;SPRF-RJ;DEL06-RJ;UOP01-DEL06-RJ
739893;19/12/2025;sexta-feira;06:00:00;RJ;101;421;MANGARATIBA;Velocidade Incompatível;Colisão com objeto;Com Vítimas Feridas;Pleno dia;Crescente;Chuva;Simples;Curva;Não;2;0;1;0;1;0;1;1;-22,98115259;-44,08538818;SPRF-RJ;DEL03-RJ;UOP02-DEL03-RJ
739898;19/12/2025;sexta-feira;03:00:00;MS;163;667;RIO VERDE DE MATO GROSSO;Reação tardia ou ineficiente do condutor;Saída de leito carroçável;Sem Vítimas;Plena Noite;Decrescente;Céu Claro;Simples;Reta;Não;1;0;0;0;0;1;0;1;-19,021616;-54,827191;SPRF-MS;DEL06-MS;UOP02-DEL06-MS
739899;19/12/2025;sexta-feira;06:00:00;BA;415;53;ITABUNA;Ausência de reação do condutor;Colisão transversal;Com Vítimas Feridas;Pleno dia;Decrescente;Céu Claro;Simples;Reta;Não;2;0;1;0;1;0;1;2;-14,84478223;-39,33855414;SPRF-BA;DEL05-BA;UOP01-DEL05-BA
739901;19/12/2025;sexta-feira;07:10:00;MG;40;660,3;CARANAIBA;Reação tardia ou ineficiente do condutor;Colisão traseira;Com Vítimas Feridas;Amanhecer;Decrescente;Garoa/Chuvisco;Dupla;Reta;Sim;4;0;0;2;2;0;2;2;-20,8950524;-43,8148401;SPRF-MG;DEL05-MG;UOP02-DEL05-MG
739902;19/12/2025;sexta-feira;07:00:00;PR;277;5;PARANAGUA;Reação tardia ou ineficiente do condutor;Colisão traseira;Com Vítimas Feridas;Pleno dia;Crescente;Sol;Dupla;Reta;Sim;3;0;1;0;2;0;1;3;-25,55840558;-48,57193247;SPRF-PR;DEL01-PR;UOP05-DEL01-PR
739903;09/11/2025;domingo;09:10:00;RN;110;48;MOSSORO;Reação tardia ou ineficiente do condutor;Colisão traseira;Com Vítimas Feridas;Pleno dia;Crescente;Céu Claro;Dupla;Rotatória;Sim;2;0;1;0;1;0;1;2;-5,21237898;-37,33192066;SPRF-RN;DEL04-RN;UOP01-DEL04-RN
739904;19/12/2025;sexta-feira;08:10:00;SC;282;4,1;SAO JOSE;Acessar a via sem observar a presença dos outros veículos;Colisão lateral mesmo sentido;Com Vítimas Feridas;Pleno dia;Crescente;Sol;Múltipla;Interseção de Vias;Sim;3;0;2;0;1;0;2;2;-27,58944538;-48,61098289;SPRF-SC;DEL01-SC;UOP01-DEL01-SC
739905;19/12/2025;sexta-feira;06:40:00;MG;381;729,5;CARMO DA CACHOEIRA;Chuva;Saída de leito carroçável;Com Vítimas Feridas;Pleno dia;Decrescente;Chuva;Dupla;Curva;Não;4;0;4;0;0;0;4;1;-21,50799958;-45,21528992;SPRF-MG;DEL04-MG;UOP02-DEL04-MG
739906;19/12/2025;sexta-feira;06:40:00;SC;101;106,4;PENHA;Condutor deixou de manter distância do veículo da frente;Colisão traseira;Com Vítimas Feridas;Pleno dia;Crescente;Céu Claro;Dupla;Reta;Não;3;0;0;1;2;0;1;3;-26,81378744;-48,68329525;SPRF-SC;DEL03-SC;UOP02-DEL03-SC
739910;29/11/2025;sábado;23:00:00;RJ;101;488;ANGRA DOS REIS;Ausência de reação do condutor;Colisão frontal;Com Vítimas Feridas;Plena Noite;Crescente;Céu Claro;Simples;Reta;Sim;4;0;1;3;0;0;4;2;-22,9900288;-44,2368;SPRF-RJ;DEL03-RJ;UOP03-DEL03-RJ
739913;19/12/2025;sexta-feira;08:15:00;SP;116;221;GUARULHOS;Manobra de mudança de faixa;Colisão lateral mesmo sentido;Com Vítimas Feridas;Pleno dia;Crescente;Nublado;Múltipla;Reta;Sim;2;0;1;0;1;0;1;2;-23,46866901;-46,51051283;SPRF-SP;DEL01-SP;UOP01-DEL01-SP
739914;19/12/2025;sexta-feira;09:00:00;PR;116;115;CURITIBA;Ausência de reação do condutor;Colisão traseira;Com Vítimas Feridas;Pleno dia;Decrescente;Céu Claro;Dupla;Reta;Sim;2;0;1;0;0;1;1;2;-25,55168486;-49,30487808;SPRF-PR;DEL01-PR;UOP03-DEL01-PR
739915;19/12/2025;sexta-feira;08:15:00;CE;222;251,8;SOBRAL;Acessar a via sem observar a presença dos outros veículos;Colisão transversal;Com Vítimas Feridas;Pleno dia;Crescente;Céu Claro;Simples;"Interseção de Vias;Reta";Não;6;0;1;0;5;0;1;2;-3,73377307;-40,48159931;SPRF-CE;DEL04-CE;UOP01-DEL04-CE
739916;19/12/2025;sexta-feira;07:50:00;PR;277;587,3;CASCAVEL;Manobra de mudança de faixa;Colisão lateral mesmo sentido;Com Vítimas Feridas;Pleno dia;Crescente;Céu Claro;Dupla;Curva;Sim;2;0;1;0;1;0;1;2;-24,96431;-53,40863;SPRF-PR;DEL04-PR;UOP01-DEL04-PR
739917;19/12/2025;sexta-feira;07:40:00;SP;116;334;JUQUITIBA;Objeto estático sobre o leito carroçável;Colisão com objeto;Com Vítimas Feridas;Pleno dia;Decrescente;Céu Claro;Dupla;Curva;Não;1;0;1;0;0;0;1;1;-23,97342529;-47,13695049;SPRF-SP;DEL04-SP;UOP03-DEL04-SP
739918;19/12/2025;sexta-feira;06:45:00;PR;369;192;ARAPONGAS;Entrada inopinada do pedestre;Atropelamento de Pedestre;Com Vítimas Feridas;Pleno dia;Decrescente;Céu Claro;Dupla;Reta;Não;2;0;1;0;1;0;1;2;-23,46062191;-51,42344162;SPRF-PR;DEL07-PR;UOP03-DEL07-PR
739919;19/12/2025;sexta-feira;08:20:00;SC;282;27;SANTO AMARO DA IMPERATRIZ;Acesso irregular;Colisão lateral mesmo sentido;Com Vítimas Feridas;Pleno dia;Decrescente;Céu Claro;Simples;Reta;Sim;3;0;2;0;1;0;2;2;-27,674133;-48,769393;SPRF-SC;DEL01-SC;UOP03-DEL01-SC
739920;19/12/2025;sexta-feira;06:35:00;ES;101;66;SAO MATEUS;Condutor desrespeitou a iluminação vermelha do semáforo;Colisão transversal;Com Vítimas Feridas;Amanhecer;Crescente;Céu Claro;Dupla;Interseção de Vias;Sim;3;0;1;1;1;0;2;2;-18,74063156;-39,86114144;SPRF-ES;DEL04-ES;UOP02-DEL04-ES
739923;19/12/2025;sexta-feira;09:30:00;GO;60;53;ABADIANIA;Velocidade Incompatível;Tombamento;Com Vítimas Feridas;Pleno dia;Decrescente;Céu Claro;Dupla;Reta;Não;1;0;1;0;0;0;1;1;-16,17223484;-48,64605613;SPRF-GO;DEL02-GO;UOP01-DEL02-GO
739924;19/12/2025;sexta-feira;02:45:00;MA;316;238,3;BOM JARDIM;Animais na Pista;Atropelamento de Animal;Com Vítimas Feridas;Plena Noite;Decrescente;Chuva;Simples;Reta;Não;4;0;0;1;3;0;1;1;-3,58837068;-45,55524409;SPRF-MA;DEL02-MA;UOP01-DEL02-MA
739925;19/12/2025;sexta-feira;09:20:00;SC;101;31;SAO JOSE;Reação tardia ou ineficiente do condutor;Tombamento;Com Vítimas Feridas;Pleno dia;Crescente;Céu Claro;Múltipla;Rotatória;Sim;1;0;0;1;0;0;1;1;-27,58713569;-48,69320266;SPRF-SC;DEL03-SC;UOP01-DEL03-SC
739926;19/12/2025;sexta-feira;08:00:00;MT;174;288;PONTES E LACERDA;Ingestão de álcool pelo condutor;Saída de leito carroçável;Sem Vítimas;Pleno dia;Crescente;Garoa/Chuvisco;Simples;"Curva;Aclive";Sim;1;0;0;0;0;1;0;1;-15,2526793;-59,30982113;SPRF-MT;DEL04-MT;UOP01-DEL04-MT
739927;19/12/2025;sexta-feira;08:40:00;MG;381;639;SAO GONCALO DO PARA;Manobra de mudança de faixa;Saída de leito carroçável;Com Vítimas Feridas;Pleno dia;Crescente;Nublado;Dupla;Reta;Não;3;0;2;0;1;0;2;1;-20;-44,853435;SPRF-MG;DEL04-MG;UOP01-DEL04-MG
739930;19/12/2025;sexta-feira;07:30:00;PR;369;198;APUCARANA;Reação tardia ou ineficiente do condutor;Saída de leito carroçável;Com Vítimas Feridas;Pleno dia;Crescente;Céu Claro;Dupla;Reta;Não;3;0;2;1;0;0;3;1;-23,50968;-51,426303;SPRF-PR;DEL07-PR;UOP03-DEL07-PR
739931;19/12/2025;sexta-feira;09:51:00;SC;470;75,2;INDAIAL;Acessar a via sem observar a presença dos outros veículos;Colisão transversal;Com Vítimas Feridas;Pleno dia;Decrescente;Céu Claro;Simples;Reta;Não;2;0;1;0;1;0;1;2;-26,92666154;-49,2847538;SPRF-SC;DEL04-SC;UOP01-DEL04-SC
739932;19/12/2025;sexta-feira;08:40:00;RJ;101;318;SAO GONCALO;Manobra de mudança de faixa;Colisão lateral mesmo sentido;Com Vítimas Feridas;Pleno dia;Crescente;Céu Claro;Dupla;Reta;Sim;3;0;2;0;1;0;2;2;-22,84582939;-43,09875218;SPRF-RJ;DEL02-RJ;UOP02-DEL02-RJ
739933;19/12/2025;sexta-feira;10:25:00;RS;386;350,1;ESTRELA;Condutor deixou de manter distância do veículo da frente;Colisão traseira;Com Vítimas Feridas;Pleno dia;Decrescente;Sol;Dupla;Reta;Não;2;0;1;0;1;0;1;2;-29,47481633;-51,9530797;SPRF-RS;DEL04-RS;UOP01-DEL04-RS
739936;19/12/2025;sexta-feira;10:00:00;SC;116;206;PONTE ALTA;Acesso irregular;Colisão transversal;Com Vítimas Feridas;Pleno dia;Crescente;Céu Claro;Simples;"Declive;Reta";Sim;2;0;1;0;1;0;1;2;-27,47898716;-50,3805542;SPRF-SC;DEL05-SC;UOP03-DEL05-SC
739937;19/12/2025;sexta-feira;07:30:00;BA;101;461;URUCUCA;Ausência de reação do condutor;Colisão com objeto;Com Vítimas Feridas;Pleno dia;Decrescente;Céu Claro;Simples;Curva;Não;1;0;1;0;0;0;1;1;-14,468804;-39,325509;SPRF-BA;DEL05-BA;UOP01-DEL05-BA
739939;19/12/2025;sexta-feira;07:40:00;BA;101;342;TEOLANDIA;Ausência de reação do condutor;Engavetamento;Com Vítimas Feridas;Pleno dia;Decrescente;Céu Claro;Simples;Reta;Não;7;0;2;1;4;0;3;4;-13,561453;-39,470702;SPRF-BA;DEL05-BA;UOP03-DEL05-BA
739940;21/11/2025;sexta-feira;19:10:00;PR;277;83;CURITIBA;Trafegar com motocicleta (ou similar) entre as faixas;Engavetamento;Com Vítimas Feridas;Plena Noite;Decrescente;Céu Claro;Dupla;Reta;Sim;6;0;3;0;3;0;3;6;-25,45139;-49,227573;SPRF-PR;DEL01-PR;UOP03-DEL01-PR
739942;19/12/2025;sexta-feira;11:00:00;MG;40;786,5;JUIZ DE FORA;Velocidade Incompatível;Colisão com objeto;Com Vítimas Feridas;Pleno dia;Decrescente;Chuva;Dupla;"Declive;Curva";Não;2;0;1;0;0;1;1;2;-21,724158;-43,440022;SPRF-MG;DEL05-MG;UOP01-DEL05-MG
739943;19/12/2025;sexta-feira;09:10:00;PI;343;478;ANGICAL DO PIAUI;Ausência de reação do condutor;Saída de leito carroçável;Com Vítimas Feridas;Pleno dia;Decrescente;Chuva;Simples;Reta;Não;4;0;1;0;3;0;1;1;-6,16770054;-42,70865679;SPRF-PI;DEL01-PI;UOP02-DEL01-PI
739944;19/12/2025;sexta-feira;10:30:00;SE;101;149;ESTANCIA;Acessar a via sem observar a presença dos outros veículos;Colisão transversal;Com Vítimas Feridas;Pleno dia;Crescente;Céu Claro;Simples;"Interseção de Vias;Reta";Sim;2;0;1;0;1;0;1;2;-11,2524426;-37,43741361;SPRF-SE;DEL02-SE;UOP01-DEL02-SE
739947;19/12/2025;sexta-feira;07:30:00;PB;230;479,4;MARIZOPOLIS;Acessar a via sem observar a presença dos outros veículos;Colisão transversal;Com Vítimas Feridas;Pleno dia;Decrescente;Nublado;Simples;Reta;Sim;2;0;0;1;1;0;1;2;-6,844439;-38,34911;SPRF-PB;DEL03-PB;UOP03-DEL03-PB
739948;19/12/2025;sexta-feira;07:30:00;AM;174;887;MANAUS;Reação tardia ou ineficiente do condutor;Colisão transversal;Com Vítimas Feridas;Pleno dia;Decrescente;Chuva;Simples;Rotatória;Sim;2;0;0;1;1;0;1;2;-2,95964966;-60,03266484;SPRF-AM;DEL01-AM;UOP01-DEL01-AM
739950;19/12/2025;sexta-feira;11:05:00;PR;376;1;MANDAGUARI;Acessar a via sem observar a presença dos outros veículos;Colisão lateral mesmo sentido;Com Vítimas Feridas;Pleno dia;Decrescente;Céu Claro;Simples;"Curva;Interseção de Vias";Sim;3;0;0;1;2;0;1;2;-23,51318365;-51,70334458;SPRF-PR;DEL09-PR;UOP01-DEL09-PR
739951;16/12/2025;terça-feira;10:30:00;RJ;0;0;RIO DE JANEIRO;Condutor desrespeitou a iluminação vermelha do semáforo;Colisão transversal;Com Vítimas Feridas;Pleno dia;Não Informado;Céu Claro;Múltipla;"Reta;Retorno Regulamentado";Sim;2;0;0;1;1;0;1;2;-23,017262;-43,477605;SPRF-RJ;DEL01-RJ;UOP02-DEL01-RJ
739953;19/12/2025;sexta-feira;09:20:00;BA;116;786,9;PLANALTO;Reação tardia ou ineficiente do condutor;Colisão traseira;Com Vítimas Feridas;Pleno dia;Crescente;Céu Claro;Simples;Reta;Não;6;0;1;0;5;0;1;2;-14,691633;-40,566013;SPRF-BA;DEL08-BA;UOP02-DEL08-BA
739954;19/12/2025;sexta-feira;11:40:00;MG;381;506;SAO JOAQUIM DE BICAS;Ausência de reação do condutor;Colisão traseira;Sem Vítimas;Pleno dia;Decrescente;Céu Claro;Dupla;Reta;Sim;4;0;0;0;4;0;0;2;-20,03980629;-44,25803018;SPRF-MG;DEL01-MG;UOP03-DEL01-MG
739955;19/12/2025;sexta-feira;11:20:00;PR;116;97;SAO JOSE DOS PINHAIS;Avarias e/ou desgaste excessivo no pneu;Tombamento;Com Vítimas Feridas;Pleno dia;Decrescente;Sol;Dupla;Reta;Não;2;0;2;0;0;0;2;1;-25,545873;-49,150433;SPRF-PR;DEL01-PR;UOP07-DEL01-PR
739956;19/12/2025;sexta-feira;11:45:00;MG;267;127,9;JUIZ DE FORA;Velocidade Incompatível;Saída de leito carroçável;Com Vítimas Fatais;Pleno dia;Decrescente;Chuva;Simples;"Curva;Declive";Não;20;1;7;5;7;0;12;1;-21,71461312;-43,52276802;SPRF-MG;DEL05-MG;UOP01-DEL05-MG
739958;19/12/2025;sexta-feira;12:15:00;BA;110;204;CIPO;Ultrapassagem Indevida;Colisão lateral mesmo sentido;Com Vítimas Feridas;Pleno dia;Crescente;Céu Claro;Simples;Reta;Sim;5;0;1;0;4;0;1;2;-11,10198874;-38,51647854;SPRF-BA;DEL07-BA;UOP02-DEL07-BA
739959;19/12/2025;sexta-feira;11:15:00;MG;116;534,2;SANTA RITA DE MINAS;Acesso irregular;Colisão transversal;Com Vítimas Feridas;Pleno dia;Crescente;Céu Claro;Simples;Curva;Não;3;0;1;1;0;1;2;3;-19,85117004;-42,14166641;SPRF-MG;DEL06-MG;UOP02-DEL06-MG
739960;19/12/2025;sexta-feira;11:30:00;BA;235;171;CANUDOS;Acessar a via sem observar a presença dos outros veículos;Colisão transversal;Com Vítimas Feridas;Pleno dia;Crescente;Sol;Simples;"Aclive;Interseção de Vias;Curva";Não;5;0;0;1;4;0;1;2;-9,885115;-39,015196;SPRF-BA;DEL07-BA;UOP03-DEL07-BA
739961;19/12/2025;sexta-feira;10:00:00;SC;153;110,6;CONCORDIA;Conversão proibida;Colisão frontal;Com Vítimas Feridas;Pleno dia;Crescente;Céu Claro;Simples;Reta;Não;3;0;2;0;1;0;2;2;-27,323407;-51,98152;SPRF-SC;DEL07-SC;UOP04-DEL07-SC
739964;19/12/2025;sexta-feira;12:20:00;PR;272;368,5;CAMPO MOURAO;Acessar a via sem observar a presença dos outros veículos;Colisão transversal;Com Vítimas Feridas;Pleno dia;Crescente;Céu Claro;Simples;Reta;Sim;3;0;2;0;1;0;2;2;-24,05671646;-52,41512625;SPRF-PR;DEL09-PR;UOP03-DEL09-PR