id;data_inversa;dia_semana;horario;uf;br;km;municipio;causa_acidente;tipo_acidente;classificacao_acidente;fase_dia;sentido_via;condicao_metereologica;tipo_pista;tracado_via;uso_solo;pessoas;mortos;feridos_leves;feridos_graves;ilesos;ignorados;feridos;veiculos;latitude;longitude;regional;delegacia;uop
739965;19/12/2025;sexta-feira;10:21:00;RO;364;12;VILHENA;Acessar a via sem observar a presença dos outros veículos;Colisão lateral mesmo sentido;Com Vítimas Feridas;Pleno dia;Crescente;Nublado;Simples;Interseção de Vias;Sim;2;0;1;0;1;0;1;2;-12,74164677;-60,12794763;SPRF-RO;DEL04-RO;UOP01-DEL04-RO
739968;19/12/2025;sexta-feira;12:20:00;RS;386;113;SARANDI;Acessar a via sem observar a presença dos outros veículos;Colisão transversal;Com Vítimas Feridas;Pleno dia;Crescente;Céu Claro;Simples;"Curva;Interseção de Vias";Não;3;0;0;2;1;0;2;2;-27,8147394;-53,04063351;SPRF-RS;DEL08-RS;UOP01-DEL08-RS
739970;19/12/2025;sexta-feira;12:15:00;BA;324;612;SALVADOR;Demais falhas na via;Colisão frontal;Com Vítimas Feridas;Pleno dia;Decrescente;Céu Claro;Simples;Reta;Não;3;0;3;0;0;0;3;2;-12,863735;-38,423431;SPRF-BA;DEL01-BA;UOP01-DEL01-BA
739971;19/12/2025;sexta-feira;11:40:00;BA;324;573;SAO SEBASTIAO DO PASSE;Condutor deixou de manter distância do veículo da frente;Colisão traseira;Com Vítimas Feridas;Pleno dia;Decrescente;Céu Claro;Dupla;Reta;Não;2;0;2;0;0;0;2;1;-12,565177;-38,5551;SPRF-BA;DEL01-BA;UOP01-DEL01-BA
739972;19/12/2025;sexta-feira;13:35:00;ES;101;147;LINHARES;Pedestre cruzava a pista fora da faixa;Atropelamento de Pedestre;Com Vítimas Feridas;Pleno dia;Crescente;Céu Claro;Simples;"Interseção de Vias;Reta";Não;2;0;0;1;1;0;1;2;-19,379499;-40,066643;SPRF-ES;DEL04-ES;UOP01-DEL04-ES
739973;19/12/2025;sexta-feira;13:40:00;ES;101;1,5;SERRA;Velocidade Incompatível;Colisão com objeto;Com Vítimas Feridas;Pleno dia;Decrescente;Céu Claro;Dupla;Reta;Não;2;0;2;0;0;0;2;1;-20,08930678;-40,35913467;SPRF-ES;DEL02-ES;UOP01-DEL02-ES
739974;19/12/2025;sexta-feira;12:00:00;SP;381;74;SAO PAULO;Ausência de reação do condutor;Tombamento;Com Vítimas Feridas;Pleno dia;Crescente;Nublado;Simples;"Curva;Declive";Sim;1;0;1;0;0;0;1;1;-23,3864;-46,5689;SPRF-SP;DEL03-SP;UOP01-DEL03-SP
739975;19/12/2025;sexta-feira;10:45:00;BA;101;544;SAO JOSE DA VITORIA;Velocidade Incompatível;Colisão frontal;Com Vítimas Feridas;Pleno dia;Decrescente;Sol;Simples;Curva;Não;2;0;1;0;1;0;1;2;-15,100453;-39,35361;SPRF-BA;DEL05-BA;UOP02-DEL05-BA
739976;19/12/2025;sexta-feira;13:00:00;BA;367;82;EUNAPOLIS;Acessar a via sem observar a presença dos outros veículos;Colisão transversal;Com Vítimas Feridas;Pleno dia;Decrescente;Céu Claro;Simples;Interseção de Vias;Sim;2;0;1;0;1;0;1;2;-16,372172;-39,562285;SPRF-BA;DEL09-BA;UOP03-DEL09-BA
739977;19/12/2025;sexta-feira;13:55:00;MG;262;385;JUATUBA;Ausência de reação do condutor;Saída de leito carroçável;Com Vítimas Feridas;Pleno dia;Decrescente;Céu Claro;Dupla;Curva;Não;1;0;1;0;0;0;1;1;-19,93591636;-44,43899775;SPRF-MG;DEL01-MG;UOP03-DEL01-MG
739979;06/12/2025;sábado;18:30:00;RN;406;162;SAO GONCALO DO AMARANTE;Condutor Dormindo;Colisão lateral sentido oposto;Com Vítimas Feridas;Plena Noite;Crescente;Nublado;Simples;Reta;Não;4;0;1;0;3;0;1;3;-5,73272434;-35,35729599;SPRF-RN;DEL02-RN;UOP01-DEL02-RN
739981;19/12/2025;sexta-feira;14:20:00;SC;282;37;AGUAS MORNAS;Ausência de reação do condutor;Colisão traseira;Com Vítimas Feridas;Pleno dia;Decrescente;Céu Claro;Simples;Curva;Não;2;0;1;0;1;0;1;2;-27,70800339;-48,84926884;SPRF-SC;DEL01-SC;UOP03-DEL01-SC
739983;19/12/2025;sexta-feira;14:10:00;GO;153;437;ANAPOLIS;Reação tardia ou ineficiente do condutor;Saída de leito carroçável;Sem Vítimas;Pleno dia;Crescente;Céu Claro;Dupla;"Curva;Em Obras";Não;1;0;0;0;1;0;0;1;-16,30305113;-48,92547224;SPRF-GO;DEL02-GO;UOP01-DEL02-GO
739985;19/12/2025;sexta-feira;05:00:00;MG;40;0,8;PARACATU;Ausência de reação do condutor;Colisão transversal;Com Vítimas Feridas;Amanhecer;Crescente;Céu Claro;Simples;Reta;Não;2;0;1;0;1;0;1;2;-17,03632113;-47,15624415;SPRF-MG;DEL14-MG;UOP01-DEL14-MG
739987;19/12/2025;sexta-feira;12:36:00;PB;230;389,8;SAO BENTINHO;Acessar a via sem observar a presença dos outros veículos;Colisão transversal;Com Vítimas Feridas;Pleno dia;Crescente;Céu Claro;Simples;Reta;Sim;3;0;1;0;1;1;1;2;-6,891218;-37,723706;SPRF-PB;DEL03-PB;UOP02-DEL03-PB
739989;19/12/2025;sexta-feira;15:10:00;RJ;101;108;CAMPOS DOS GOYTACAZES;Chuva;Colisão com objeto;Sem Vítimas;Pleno dia;Crescente;Chuva;Dupla;"Curva;Declive";Não;1;0;0;0;1;0;0;1;-21,940589;-41,632401;SPRF-RJ;DEL08-RJ;UOP02-DEL08-RJ
739990;19/12/2025;sexta-feira;14:00:00;PE;101;58,8;RECIFE;Reação tardia ou ineficiente do condutor;Colisão com objeto;Com Vítimas Feridas;Pleno dia;Decrescente;Céu Claro;Dupla;"Reta;Ponte";Não;1;0;1;0;0;0;1;1;-7,976657;-34,925628;SPRF-PE;DEL01-PE;UOP02-DEL01-PE
739991;19/12/2025;sexta-feira;14:30:00;MG;381;509;SAO JOAQUIM DE BICAS;Demais falhas mecânicas ou elétricas;Saída de leito carroçável;Com Vítimas Feridas;Pleno dia;Crescente;Nublado;Dupla;Curva;Sim;2;0;0;2;0;0;2;1;-20,0504531;-44,27971649;SPRF-MG;DEL01-MG;UOP03-DEL01-MG
739992;19/12/2025;sexta-feira;14:45:00;PB;101;89,9;JOAO PESSOA;Conversão proibida;Colisão lateral mesmo sentido;Com Vítimas Feridas;Pleno dia;Crescente;Céu Claro;Dupla;Reta;Sim;2;0;0;2;0;0;2;2;-7,181595;-34,9014088;SPRF-PB;DEL01-PB;UOP01-DEL01-PB
739993;19/12/2025;sexta-feira;14:55:00;CE;20;404;CAUCAIA;Reação tardia ou ineficiente do condutor;Colisão traseira;Com Vítimas Feridas;Pleno dia;Crescente;Céu Claro;Simples;Reta;Não;2;0;1;0;1;0;1;2;-3,7729778;-38,67571089;SPRF-CE;DEL01-CE;UOP01-DEL01-CE
739994;19/12/2025;sexta-feira;15:20:00;PI;343;47,3;BURITI DOS LOPES;Manobra de mudança de faixa;Colisão lateral mesmo sentido;Com Vítimas Feridas;Pleno dia;Crescente;Céu Claro;Simples;Reta;Não;3;0;2;0;1;0;2;2;-3,170834;-41,864687;SPRF-PI;DEL05-PI;UOP01-DEL05-PI
739995;19/12/2025;sexta-feira;15:30:00;SP;116;230;SAO PAULO;Trafegar com motocicleta (ou similar) entre as faixas;Colisão lateral mesmo sentido;Com Vítimas Feridas;Pleno dia;Decrescente;Nublado;Múltipla;Reta;Sim;3;0;1;0;1;1;1;3;-23,517969;-46,580925;SPRF-SP;DEL01-SP;UOP01-DEL01-SP
739996;19/12/2025;sexta-feira;15:20:00;PB;230;21;JOAO PESSOA;Ausência de reação do condutor;Colisão traseira;Com Vítimas Feridas;Pleno dia;Crescente;Céu Claro;Dupla;Reta;Não;2;0;0;1;1;0;1;2;-7,15102;-34,85304;SPRF-PB;DEL01-PB;UOP01-DEL01-PB
739999;19/12/2025;sexta-feira;15:20:00;PE;423;96,3;GARANHUNS;Mal súbito do condutor;Colisão com objeto;Com Vítimas Feridas;Pleno dia;Crescente;Sol;Simples;Reta;Sim;1;0;1;0;0;0;1;1;-8,88209;-36,48926;SPRF-PE;DEL03-PE;UOP01-DEL03-PE
740000;19/12/2025;sexta-feira;15:45:00;RN;101;107,9;PARNAMIRIM;Manobra de mudança de faixa;Colisão lateral mesmo sentido;Com Vítimas Feridas;Pleno dia;Decrescente;Céu Claro;Simples;Reta;Sim;3;0;1;1;1;0;2;2;-5,92497092;-35,26465647;SPRF-RN;DEL01-RN;UOP01-DEL01-RN
740001;19/12/2025;sexta-feira;14:55:00;MG;40;500;ESMERALDAS;Condutor Dormindo;Saída de leito carroçável;Com Vítimas Feridas;Pleno dia;Decrescente;Sol;Dupla;Curva;Não;4;0;3;0;1;0;3;1;-19,698;-44,1764;SPRF-MG;DEL02-MG;UOP01-DEL02-MG
740002;19/12/2025;sexta-feira;15:30:00;RJ;101;329;RIO DE JANEIRO;Manobra de mudança de faixa;Colisão lateral mesmo sentido;Com Vítimas Feridas;Pleno dia;Decrescente;Garoa/Chuvisco;Dupla;"Ponte;Reta";Sim;2;0;1;0;1;0;1;2;-22,87048132;-43,17832947;SPRF-RJ;DEL02-RJ;UOP01-DEL02-RJ
740006;19/12/2025;sexta-feira;16:45:00;RJ;101;317;SAO GONCALO;Condutor deixou de manter distância do veículo da frente;Engavetamento;Com Vítimas Feridas;Pleno dia;Decrescente;Nublado;Dupla;Reta;Sim;5;0;1;0;4;0;1;4;-22,83662951;-43,09485912;SPRF-RJ;DEL02-RJ;UOP02-DEL02-RJ
740007;19/12/2025;sexta-feira;16:25:00;PB;101;85;BAYEUX;Ausência de reação do condutor;Tombamento;Com Vítimas Feridas;Pleno dia;Decrescente;Céu Claro;Dupla;Reta;Sim;1;0;1;0;0;0;1;1;-7,1477272;-34,91392393;SPRF-PB;DEL01-PB;UOP01-DEL01-PB
740009;19/12/2025;sexta-feira;06:00:00;MT;163;992;TERRA NOVA DO NORTE;Velocidade Incompatível;Saída de leito carroçável;Com Vítimas Feridas;Amanhecer;Decrescente;Nublado;Simples;Reta;Não;2;0;1;0;0;1;1;1;-10,57141;-55,0919073;SPRF-MT;DEL06-MT;UOP03-DEL06-MT
740010;12/12/2025;sexta-feira;19:40:00;RJ;101;313;SAO GONCALO;Condutor deixou de manter distância do veículo da frente;Colisão traseira;Com Vítimas Feridas;Plena Noite;Decrescente;Céu Claro;Dupla;Reta;Sim;4;0;1;0;2;1;1;4;-22,80878245;-43,0668354;SPRF-RJ;DEL02-RJ;UOP02-DEL02-RJ
740011;19/12/2025;sexta-feira;16:30:00;MG;381;656;SANTO ANTONIO DO AMPARO;Ausência de reação do condutor;Colisão com objeto;Com Vítimas Feridas;Pleno dia;Crescente;Nublado;Dupla;Curva;Não;1;0;1;0;0;0;1;1;-20,988233;-44,953827;SPRF-MG;DEL04-MG;UOP02-DEL04-MG
740013;19/12/2025;sexta-feira;16:00:00;MG;381;480;CONTAGEM;Ausência de reação do condutor;Colisão lateral mesmo sentido;Com Vítimas Feridas;Pleno dia;Crescente;Céu Claro;Múltipla;Reta;Sim;2;0;0;1;1;0;1;2;-19,96097633;-44,05156767;SPRF-MG;DEL01-MG;UOP03-DEL01-MG
740015;19/12/2025;sexta-feira;16:10:00;SC;280;67,9;JARAGUA DO SUL;Ausência de reação do condutor;Colisão traseira;Sem Vítimas;Pleno dia;Decrescente;Céu Claro;Simples;Reta;Sim;2;0;0;0;1;1;0;2;-26,472542;-49,111378;SPRF-SC;DEL03-SC;UOP03-DEL03-SC
740016;19/12/2025;sexta-feira;16:30:00;SC;101;16;BIGUACU;Ausência de reação do condutor;Colisão traseira;Com Vítimas Feridas;Pleno dia;Decrescente;Céu Claro;Dupla;Reta;Não;2;0;1;0;1;0;1;2;-27,455947;-48,7163;SPRF-SC;DEL01-SC;UOP01-DEL01-SC
740017;19/12/2025;sexta-feira;16:20:00;SC;101;380,8;ICARA;Velocidade Incompatível;Colisão transversal;Com Vítimas Feridas;Pleno dia;Crescente;Céu Claro;Múltipla;Reta;Não;2;0;1;0;0;1;1;2;-28,762437;-49,290508;SPRF-SC;DEL02-SC;UOP02-DEL02-SC
740018;19/12/2025;sexta-feira;15:30:00;RJ;101;436;MANGARATIBA;Velocidade Incompatível;Capotamento;Com Vítimas Feridas;Pleno dia;Crescente;Chuva;Simples;"Declive;Curva";Não;3;0;1;0;2;0;1;2;-22,939351;-44,053499;SPRF-RJ;DEL03-RJ;UOP02-DEL03-RJ
740020;19/12/2025;sexta-feira;16:00:00;SC;470;14;ILHOTA;Demais falhas mecânicas ou elétricas;Incêndio;Sem Vítimas;Pleno dia;Decrescente;Céu Claro;Dupla;Reta;Não;1;0;0;0;1;0;0;1;-26,84317603;-48,79427701;SPRF-SC;DEL04-SC;UOP04-DEL04-SC
740021;11/12/2025;quinta-feira;18:00:00;SC;116;1,7;MAFRA;Acessar a via sem observar a presença dos outros veículos;Tombamento;Com Vítimas Feridas;Pleno dia;Decrescente;Céu Claro;Simples;Interseção de Vias;Sim;2;0;1;0;0;1;1;2;-26,122157;-49,791289;SPRF-SC;DEL06-SC;UOP01-DEL06-SC
740024;19/12/2025;sexta-feira;15:47:00;MS;163;724;COXIM;Ausência de reação do condutor;Colisão traseira;Com Vítimas Feridas;Pleno dia;Crescente;Céu Claro;Simples;Aclive;Não;2;0;1;0;1;0;1;2;-18,515;-54,74;SPRF-MS;DEL06-MS;UOP01-DEL06-MS
740025;16/12/2025;terça-feira;13:50:00;BA;101;506;ITABUNA;Conversão proibida;Colisão transversal;Com Vítimas Feridas;Pleno dia;Crescente;Céu Claro;Simples;"Aclive;Curva;Interseção de Vias";Não;3;0;0;2;1;0;2;2;-14,775497;-39,288242;SPRF-BA;DEL05-BA;UOP01-DEL05-BA
740026;19/12/2025;sexta-feira;16:20:00;PR;373;177;PONTA GROSSA;Ingestão de álcool pelo condutor;Colisão transversal;Sem Vítimas;Pleno dia;Decrescente;Sol;Dupla;Reta;Sim;6;0;0;0;6;0;0;2;-25,057153;-50,224887;SPRF-PR;DEL03-PR;UOP01-DEL03-PR
740028;19/12/2025;sexta-feira;17:30:00;DF;70;8;BRASILIA;Manobra de mudança de faixa;Colisão traseira;Com Vítimas Feridas;Pleno dia;Crescente;Nublado;Dupla;Reta;Sim;3;0;2;0;1;0;2;2;-15,78500374;-48,13348181;SPRF-DF;DEL03-DF;UOP02-DEL03-DF
740029;19/12/2025;sexta-feira;17:40:00;ES;101;268,9;SERRA;Manobra de mudança de faixa;Colisão lateral mesmo sentido;Com Vítimas Feridas;Pleno dia;Decrescente;Nublado;Múltipla;Reta;Sim;2;0;1;0;0;1;1;2;-20,21673791;-40,27009606;SPRF-ES;DEL02-ES;UOP01-DEL02-ES
740031;19/12/2025;sexta-feira;14:15:00;SC;280;131;RIO NEGRINHO;Pedestre andava na pista;Atropelamento de Pedestre;Com Vítimas Feridas;Pleno dia;Crescente;Céu Claro;Simples;"Aclive;Reta;Interseção de Vias";Sim;2;0;0;1;1;0;1;2;-26,2559;-49,53976;SPRF-SC;DEL06-SC;UOP03-DEL06-SC
740032;19/12/2025;sexta-feira;13:10:00;SC;282;56,5;RANCHO QUEIMADO;Ausência de reação do condutor;Saída de leito carroçável;Com Vítimas Feridas;Pleno dia;Crescente;Céu Claro;Simples;Curva;Não;2;0;1;1;0;0;2;1;-27,68773591;-48,99379916;SPRF-SC;DEL01-SC;UOP03-DEL01-SC
740033;19/12/2025;sexta-feira;17:20:00;SC;282;20;PALHOCA;Condutor deixou de manter distância do veículo da frente;Colisão traseira;Com Vítimas Feridas;Pleno dia;Crescente;Nublado;Simples;Reta;Não;4;0;1;0;3;0;1;4;-27,68464738;-48,71088378;SPRF-SC;DEL01-SC;UOP02-DEL01-SC
740035;19/12/2025;sexta-feira;17:30:00;MG;40;790,2;JUIZ DE FORA;Velocidade Incompatível;Colisão com objeto;Com Vítimas Feridas;Anoitecer;Crescente;Chuva;Dupla;Curva;Não;5;0;5;0;0;0;5;1;-21,753997;-43,443606;SPRF-MG;DEL05-MG;UOP01-DEL05-MG
740037;19/12/2025;sexta-feira;16:50:00;SC;101;136;BALNEARIO CAMBORIU;Ausência de reação do condutor;Colisão traseira;Com Vítimas Feridas;Pleno dia;Crescente;Céu Claro;Dupla;"Ponte;Reta";Sim;2;0;1;0;1;0;1;2;-27,006593;-48,621254;SPRF-SC;DEL04-SC;UOP03-DEL04-SC
740038;19/12/2025;sexta-feira;16:26:00;MT;364;207;RONDONOPOLIS;Acessar a via sem observar a presença dos outros veículos;Colisão lateral mesmo sentido;Com Vítimas Feridas;Pleno dia;Crescente;Céu Claro;Dupla;Retorno Regulamentado;Sim;2;0;1;0;0;1;1;2;-16,436805;-54,681842;SPRF-MT;DEL02-MT;UOP01-DEL02-MT
740039;19/12/2025;sexta-feira;17:15:00;PR;116;138;MANDIRITUBA;Ausência de reação do condutor;Colisão traseira;Sem Vítimas;Pleno dia;Crescente;Sol;Simples;Reta;Sim;2;0;0;0;2;0;0;2;-25,753158;-49,317655;SPRF-PR;DEL01-PR;UOP03-DEL01-PR
740041;19/12/2025;sexta-feira;16:10:00;MG;153;23;CENTRALINA;Velocidade Incompatível;Saída de leito carroçável;Com Vítimas Feridas;Pleno dia;Crescente;Céu Claro;Dupla;Reta;Não;1;0;1;0;0;0;1;1;-18,62818992;-49,1850361;SPRF-MG;DEL15-MG;UOP03-DEL15-MG
740042;19/12/2025;sexta-feira;17:00:00;MG;262;15;MARTINS SOARES;Ausência de reação do condutor;Colisão lateral sentido oposto;Com Vítimas Feridas;Pleno dia;Decrescente;Nublado;Simples;Reta;Não;2;0;0;1;1;0;1;2;-20,250449;-41,85144;SPRF-MG;DEL06-MG;UOP03-DEL06-MG
740043;19/12/2025;sexta-feira;17:40:00;MG;381;704;LAVRAS;Chuva;Colisão com objeto;Com Vítimas Feridas;Pleno dia;Decrescente;Chuva;Dupla;Curva;Não;2;0;1;0;1;0;1;1;-21,311;-45,164;SPRF-MG;DEL04-MG;UOP02-DEL04-MG
740046;19/12/2025;sexta-feira;17:00:00;AL;104;87,3;RIO LARGO;Ingestão de álcool pelo condutor;Colisão com objeto;Sem Vítimas;Pleno dia;Crescente;Céu Claro;Dupla;Reta;Sim;1;0;0;0;1;0;0;1;-9,474247;-35,822173;SPRF-AL;DEL01-AL;UOP01-DEL01-AL
740047;19/12/2025;sexta-feira;17:50:00;SC;101;111;NAVEGANTES;Condutor deixou de manter distância do veículo da frente;Colisão traseira;Com Vítimas Feridas;Anoitecer;Crescente;Céu Claro;Dupla;Reta;Não;2;0;1;0;1;0;1;2;-26,84210387;-48,71608526;SPRF-SC;DEL04-SC;UOP04-DEL04-SC
740049;19/12/2025;sexta-feira;13:50:00;MG;116;409;GOVERNADOR VALADARES;Ausência de reação do condutor;Colisão transversal;Com Vítimas Feridas;Pleno dia;Decrescente;Céu Claro;Dupla;Reta;Sim;2;0;1;0;1;0;1;2;-18,847484;-41,97993;SPRF-MG;DEL06-MG;UOP01-DEL06-MG
740051;19/12/2025;sexta-feira;15:35:00;RJ;101;440;MANGARATIBA;Reação tardia ou ineficiente do condutor;Colisão frontal;Com Vítimas Fatais;Pleno dia;Crescente;Chuva;Dupla;"Curva;Declive";Não;2;1;0;0;1;0;0;2;-22,964145;-44,084401;SPRF-RJ;DEL03-RJ;UOP02-DEL03-RJ
740053;19/12/2025;sexta-feira;17:30:00;MG;116;414,5;GOVERNADOR VALADARES;Acessar a via sem observar a presença dos outros veículos;Colisão transversal;Com Vítimas Feridas;Pleno dia;Crescente;Céu Claro;Simples;Interseção de Vias;Sim;2;0;1;0;1;0;1;2;-18,88498486;-41,9471905;SPRF-MG;DEL06-MG;UOP01-DEL06-MG
740054;19/12/2025;sexta-feira;18:40:00;SC;280;28,4;ARAQUARI;Trafegar com motocicleta (ou similar) entre as faixas;Colisão transversal;Com Vítimas Feridas;Anoitecer;Crescente;Céu Claro;Simples;Reta;Sim;2;0;0;1;1;0;1;2;-26,407288;-48,74883;SPRF-SC;DEL03-SC;UOP03-DEL03-SC
740055;19/12/2025;sexta-feira;16:20:00;SC;282;596;CUNHA PORA;Manobra de mudança de faixa;Colisão lateral mesmo sentido;Sem Vítimas;Pleno dia;Crescente;Sol;Simples;Reta;Não;2;0;0;0;2;0;0;2;-26,82936439;-53,13176807;SPRF-SC;DEL07-SC;UOP02-DEL07-SC
740056;19/12/2025;sexta-feira;18:30:00;ES;101;294;CARIACICA;Condutor deixou de manter distância do veículo da frente;Colisão traseira;Com Vítimas Feridas;Plena Noite;Crescente;Céu Claro;Dupla;"Reta;Declive";Sim;2;0;1;0;1;0;1;2;-20,328523;-40,398269;SPRF-ES;DEL01-ES;UOP01-DEL01-ES
740057;19/12/2025;sexta-feira;18:00:00;PE;104;66,2;CARUARU;Condutor deixou de manter distância do veículo da frente;Colisão traseira;Com Vítimas Feridas;Plena Noite;Crescente;Céu Claro;Múltipla;"Reta;Aclive";Sim;2;0;1;0;1;0;1;2;-8,28824877;-35,98428833;SPRF-PE;DEL02-PE;UOP01-DEL02-PE
740058;19/12/2025;sexta-feira;18:15:00;SC;280;4,3;SAO FRANCISCO DO SUL;Trafegar com motocicleta (ou similar) entre as faixas;Colisão lateral mesmo sentido;Com Vítimas Feridas;Anoitecer;Decrescente;Céu Claro;Simples;Reta;Sim;2;0;1;0;1;0;1;2;-26,25563;-48,621245;SPRF-SC;DEL03-SC;UOP03-DEL03-SC
740059;19/12/2025;sexta-feira;17:15:00;RO;364;626;ITAPUA DO OESTE;Reação tardia ou ineficiente do condutor;Saída de leito carroçável;Com Vítimas Feridas;Pleno dia;Crescente;Céu Claro;Simples;Reta;Não;2;0;0;2;0;0;2;1;-9,08915096;-63,28884602;SPRF-RO;DEL01-RO;UOP04-DEL01-RO
740060;19/12/2025;sexta-feira;18:40:00;PR;116;115;CURITIBA;Manobra de mudança de faixa;Colisão lateral mesmo sentido;Com Vítimas Feridas;Anoitecer;Decrescente;Céu Claro;Dupla;Reta;Sim;2;0;1;0;1;0;1;2;-25,54714069;-49,30387108;SPRF-PR;DEL01-PR;UOP03-DEL01-PR
740062;19/12/2025;sexta-feira;17:35:00;PR;163;246;TOLEDO;Acessar a via sem observar a presença dos outros veículos;Colisão traseira;Com Vítimas Feridas;Pleno dia;Crescente;Céu Claro;Dupla;"Curva;Retorno Regulamentado";Não;2;0;0;1;1;0;1;2;-24,68908193;-53,75034062;SPRF-PR;DEL06-PR;UOP02-DEL06-PR
740063;19/12/2025;sexta-feira;19:00:00;SC;101;126;ITAJAI;Trafegar com motocicleta (ou similar) entre as faixas;Colisão lateral mesmo sentido;Com Vítimas Feridas;Anoitecer;Crescente;Céu Claro;Dupla;Reta;Não;3;0;1;0;2;0;1;2;-26,96166653;-48,68183613;SPRF-SC;DEL04-SC;UOP04-DEL04-SC
740064;19/12/2025;sexta-feira;16:50:00;RJ;101;476;ANGRA DOS REIS;Reação tardia ou ineficiente do condutor;Colisão traseira;Com Vítimas Feridas;Anoitecer;Crescente;Chuva;Simples;Curva;Sim;3;0;1;0;2;0;1;2;-23,00624998;-44,26100288;SPRF-RJ;DEL03-RJ;UOP03-DEL03-RJ
740065;19/12/2025;sexta-feira;18:45:00;TO;153;353;FORTALEZA DO TABOCAO;Ausência de reação do condutor;Saída de leito carroçável;Com Vítimas Feridas;Plena Noite;Crescente;Chuva;Simples;Reta;Não;2;0;1;1;0;0;2;1;-9,008156;-48,501749;SPRF-TO;DEL02-TO;UOP02-DEL02-TO
740066;19/12/2025;sexta-feira;17:40:00;RS;116;143;CAXIAS DO SUL;Trafegar com motocicleta (ou similar) entre as faixas;Colisão transversal;Com Vítimas Feridas;Pleno dia;Crescente;Céu Claro;Dupla;Reta;Sim;2;0;1;0;1;0;1;2;-29,1536896;-51,150848;SPRF-RS;DEL05-RS;UOP01-DEL05-RS
740067;19/12/2025;sexta-feira;18:30:00;MG;381;791;SAO GONCALO DO SAPUCAI;Velocidade Incompatível;Capotamento;Com Vítimas Feridas;Plena Noite;Decrescente;Nublado;Dupla;Curva;Não;5;0;4;0;1;0;4;1;-21,91614866;-45,58280479;SPRF-MG;DEL16-MG;UOP02-DEL16-MG
740068;19/12/2025;sexta-feira;16:50:00;RO;364;11;VILHENA;Acesso irregular;Colisão transversal;Com Vítimas Feridas;Anoitecer;Crescente;Chuva;Dupla;Reta;Sim;2;0;1;0;1;0;1;2;-12,74463283;-60,11825535;SPRF-RO;DEL04-RO;UOP01-DEL04-RO
740070;19/12/2025;sexta-feira;11:31:00;PA;163;571;TRAIRAO;Reação tardia ou ineficiente do condutor;Saída de leito carroçável;Com Vítimas Feridas;Pleno dia;Crescente;Nublado;Simples;Aclive;Não;4;0;3;0;1;0;3;1;-5,048225;-56,178114;SPRF-PA;DEL05-PA;UOP03-DEL05-PA
740071;19/12/2025;sexta-feira;19:00:00;RJ;101;313;SAO GONCALO;Reação tardia ou ineficiente do condutor;Colisão lateral mesmo sentido;Com Vítimas Feridas;Plena Noite;Decrescente;Garoa/Chuvisco;Dupla;Reta;Sim;3;0;1;0;2;0;1;3;-22,81021209;-43,06958052;SPRF-RJ;DEL02-RJ;UOP02-DEL02-RJ
740074;19/12/2025;sexta-feira;17:00:00;MS;262;355;CAMPO GRANDE;Ausência de reação do condutor;Tombamento;Com Vítimas Feridas;Pleno dia;Crescente;Céu Claro;Simples;Reta;Sim;1;0;0;1;0;0;1;1;-20,5504;-54,672675;SPRF-MS;DEL01-MS;UOP03-DEL01-MS
740076;19/12/2025;sexta-feira;17:00:00;MG;116;771;LEOPOLDINA;Acumulo de óleo sobre o pavimento;Colisão frontal;Com Vítimas Feridas;Pleno dia;Crescente;Chuva;Simples;Curva;Não;6;0;2;0;4;0;2;2;-21,56393225;-42,67830927;SPRF-MG;DEL07-MG;UOP01-DEL07-MG
740077;19/12/2025;sexta-feira;19:25:00;MG;381;505;BETIM;Ingestão de álcool pelo condutor;Colisão traseira;Sem Vítimas;Plena Noite;Crescente;Céu Claro;Dupla;"Declive;Reta";Não;3;0;0;0;2;1;0;3;-20,03435688;-44,24261777;SPRF-MG;DEL01-MG;UOP03-DEL01-MG
740079;19/12/2025;sexta-feira;15:45:00;MG;116;408;GOVERNADOR VALADARES;Ingestão de álcool pelo condutor;Colisão lateral sentido oposto;Com Vítimas Feridas;Pleno dia;Decrescente;Céu Claro;Simples;Reta;Não;5;0;1;0;3;1;1;5;-18,82528094;-41,98659666;SPRF-MG;DEL06-MG;UOP01-DEL06-MG
740081;19/12/2025;sexta-feira;18:20:00;GO;60;25;ALEXANIA;Reação tardia ou ineficiente do condutor;Saída de leito carroçável;Com Vítimas Feridas;Anoitecer;Decrescente;Céu Claro;Dupla;Aclive;Não;21;0;9;1;11;0;10;1;-16,111681;-48,44408;SPRF-DF;DEL03-DF;UOP01-DEL03-DF
740082;19/12/2025;sexta-feira;19:42:00;PB;101;53;SANTA RITA;Velocidade Incompatível;Tombamento;Com Vítimas Feridas;Plena Noite;Crescente;Céu Claro;Dupla;Declive;Não;1;0;1;0;0;0;1;1;-6,941188;-35,097918;SPRF-PB;DEL01-PB;UOP03-DEL01-PB
740083;19/12/2025;sexta-feira;19:40:00;ES;101;214,9;IBIRACU;Acessar a via sem observar a presença dos outros veículos;Colisão transversal;Com Vítimas Feridas;Plena Noite;Crescente;Nublado;Simples;Retorno Regulamentado;Sim;2;0;1;0;1;0;1;2;-19,82973688;-40,37657992;SPRF-ES;DEL02-ES;UOP01-DEL02-ES
740084;19/12/2025;sexta-feira;20:12:00;ES;101;255;SERRA;Pedestre andava na pista;Atropelamento de Pedestre;Com Vítimas Feridas;Plena Noite;Crescente;Céu Claro;Simples;Reta;Sim;2;0;1;0;1;0;1;2;-20,12091896;-40,3083086;SPRF-ES;DEL02-ES;UOP01-DEL02-ES