id;data_inversa;dia_semana;horario;uf;br;km;municipio;causa_acidente;tipo_acidente;classificacao_acidente;fase_dia;sentido_via;condicao_metereologica;tipo_pista;tracado_via;uso_solo;pessoas;mortos;feridos_leves;feridos_graves;ilesos;ignorados;feridos;veiculos;latitude;longitude;regional;delegacia;uop
740203;20/12/2025;sábado;06:20:00;MG;381;522;BRUMADINHO;Velocidade Incompatível;Saída de leito carroçável;Com Vítimas Feridas;Amanhecer;Crescente;Chuva;Dupla;Curva;Não;4;0;4;0;0;0;4;1;-20,12686589;-44,30305481;SPRF-MG;DEL04-MG;UOP03-DEL04-MG
740204;20/12/2025;sábado;05:15:00;MS;163;194;CAARAPO;Ausência de reação do condutor;Capotamento;Com Vítimas Feridas;Amanhecer;Crescente;Céu Claro;Dupla;Reta;Não;1;0;1;0;0;0;1;1;-22,5186;-54,7679;SPRF-MS;DEL04-MS;UOP02-DEL04-MS
740207;20/12/2025;sábado;06:10:00;GO;153;437;ANAPOLIS;Ingestão de álcool pelo condutor;Saída de leito carroçável;Com Vítimas Feridas;Pleno dia;Crescente;Céu Claro;Dupla;"Curva;Em Obras;Desvio Temporário";Sim;1;0;0;1;0;0;1;1;-16,30273561;-48,92506018;SPRF-GO;DEL02-GO;UOP01-DEL02-GO
740208;20/12/2025;sábado;07:00:00;PR;163;281;MARECHAL CANDIDO RONDON;Acessar a via sem observar a presença dos outros veículos;Colisão transversal;Com Vítimas Feridas;Pleno dia;Decrescente;Céu Claro;Simples;Reta;Sim;2;0;0;1;1;0;1;2;-24,56119047;-54,03634735;SPRF-PR;DEL06-PR;UOP02-DEL06-PR
740209;19/12/2025;sexta-feira;19:00:00;PA;163;992;SANTAREM;Acessar a via sem observar a presença dos outros veículos;Colisão transversal;Com Vítimas Fatais;Plena Noite;Decrescente;Céu Claro;Simples;Reta;Sim;2;1;0;0;1;0;0;2;-2,53624064;-54,72281456;SPRF-PA;DEL05-PA;UOP01-DEL05-PA
740211;20/12/2025;sábado;05:30:00;PR;277;728;FOZ DO IGUACU;Velocidade Incompatível;Tombamento;Com Vítimas Feridas;Amanhecer;Decrescente;Céu Claro;Dupla;Reta;Não;1;0;0;1;0;0;1;1;-25,51016131;-54,54771392;SPRF-PR;DEL05-PR;UOP03-DEL05-PR
740212;20/12/2025;sábado;06:00:00;CE;116;60;CHOROZINHO;Condutor deixou de manter distância do veículo da frente;Colisão traseira;Com Vítimas Feridas;Pleno dia;Decrescente;Céu Claro;Simples;Reta;Não;2;0;1;0;1;0;1;2;-4,2581;-38,48713;SPRF-CE;DEL01-CE;UOP04-DEL01-CE
740213;20/12/2025;sábado;05:58:00;RJ;116;280;BARRA MANSA;Ausência de reação do condutor;Saída de leito carroçável;Com Vítimas Feridas;Pleno dia;Crescente;Garoa/Chuvisco;Simples;"Aclive;Reta";Sim;1;0;1;0;0;0;1;1;-22,5098016;-44,22399402;SPRF-RJ;DEL07-RJ;UOP02-DEL07-RJ
740214;20/12/2025;sábado;00:10:00;MG;365;455;PATROCINIO;Ingestão de álcool pelo condutor;Colisão frontal;Sem Vítimas;Plena Noite;Crescente;Garoa/Chuvisco;Simples;Reta;Não;2;0;0;0;2;0;0;2;-18,84858302;-46,8708013;SPRF-MG;DEL10-MG;UOP01-DEL10-MG
740215;20/12/2025;sábado;07:15:00;RJ;493;25;MAGE;Ausência de reação do condutor;Colisão com objeto;Com Vítimas Feridas;Pleno dia;Decrescente;Chuva;Simples;Reta;Não;1;0;1;0;0;0;1;1;-22,657792;-43,082904;SPRF-RJ;DEL04-RJ;UOP02-DEL04-RJ
740216;08/12/2025;segunda-feira;15:30:00;MG;40;526;CONTAGEM;Acessar a via sem observar a presença dos outros veículos;Colisão transversal;Com Vítimas Feridas;Pleno dia;Decrescente;Nublado;Dupla;Reta;Sim;2;0;0;1;1;0;1;2;-19,9004;-44,049386;SPRF-MG;DEL01-MG;UOP02-DEL01-MG
740217;20/12/2025;sábado;06:30:00;PE;101;56;PAULISTA;Ausência de reação do condutor;Tombamento;Com Vítimas Feridas;Pleno dia;Crescente;Céu Claro;Dupla;Reta;Não;2;0;0;1;0;1;1;2;-7,952185;-34,909779;SPRF-PE;DEL01-PE;UOP02-DEL01-PE
740218;20/12/2025;sábado;02:26:00;RJ;40;118;DUQUE DE CAXIAS;Reação tardia ou ineficiente do condutor;Queda de ocupante de veículo;Com Vítimas Feridas;Plena Noite;Crescente;Garoa/Chuvisco;Múltipla;Reta;Sim;1;0;1;0;0;0;1;1;-22,759523;-43,28734;SPRF-RJ;DEL01-RJ;UOP02-DEL01-RJ
740219;20/12/2025;sábado;07:50:00;DF;70;3,2;BRASILIA;Acesso irregular;Saída de leito carroçável;Com Vítimas Feridas;Pleno dia;Crescente;Garoa/Chuvisco;Dupla;Curva;Sim;2;0;1;0;1;0;1;2;-15,801897;-48,083849;SPRF-DF;DEL03-DF;UOP02-DEL03-DF
740220;20/12/2025;sábado;07:30:00;GO;153;502;GOIANIA;Ingestão de álcool pelo condutor;Colisão com objeto;Com Vítimas Feridas;Pleno dia;Crescente;Nublado;Dupla;Reta;Sim;2;0;1;0;1;0;1;1;-16,7148325;-49,23458844;SPRF-GO;DEL01-GO;UOP01-DEL01-GO
740221;20/12/2025;sábado;08:08:00;RN;304;302;MACAIBA;Ausência de reação do condutor;Colisão com objeto;Com Vítimas Feridas;Pleno dia;Decrescente;Céu Claro;Dupla;Reta;Não;2;0;1;0;1;0;1;1;-5,880772;-35,293527;SPRF-RN;DEL01-RN;UOP02-DEL01-RN
740222;18/12/2025;quinta-feira;06:50:00;BA;116;16;VITORIA DA CONQUISTA;Acessar a via sem observar a presença dos outros veículos;Colisão transversal;Com Vítimas Feridas;Pleno dia;Crescente;Sol;Simples;Interseção de Vias;Não;3;0;1;0;2;0;1;2;-14,90296;-40,84104;SPRF-BA;DEL08-BA;UOP01-DEL08-BA
740223;20/12/2025;sábado;04:40:00;PA;10;247;AURORA DO PARA;Reação tardia ou ineficiente do condutor;Colisão traseira;Com Vítimas Feridas;Plena Noite;Decrescente;Ignorado;Simples;"Reta;Declive";Não;4;0;0;4;0;0;4;2;-2,281253;-47,562716;SPRF-PA;DEL02-PA;UOP01-DEL02-PA
740224;20/12/2025;sábado;07:50:00;MG;262;353;BETIM;Velocidade Incompatível;Colisão com objeto;Com Vítimas Feridas;Pleno dia;Decrescente;Chuva;Dupla;Curva;Não;1;0;1;0;0;0;1;1;-19,98002;-44,25118;SPRF-MG;DEL01-MG;UOP03-DEL01-MG
740225;20/12/2025;sábado;08:00:00;TO;153;650;DUERE;Demais falhas mecânicas ou elétricas;Saída de leito carroçável;Com Vítimas Feridas;Pleno dia;Crescente;Céu Claro;Simples;Reta;Não;4;0;2;0;2;0;2;1;-11,5533;-49,0246;SPRF-TO;DEL01-TO;UOP02-DEL01-TO
740226;20/12/2025;sábado;07:20:00;MS;158;12,7;CASSILANDIA;Ausência de reação do condutor;Colisão traseira;Com Vítimas Feridas;Pleno dia;Crescente;Céu Claro;Simples;"Declive;Em Obras;Reta";Não;5;0;1;0;4;0;1;2;-19,156094;-51,653939;SPRF-MS;DEL08-MS;UOP01-DEL08-MS
740228;20/12/2025;sábado;07:30:00;GO;40;20,1;LUZIANIA;Ausência de reação do condutor;Saída de leito carroçável;Com Vítimas Feridas;Pleno dia;Crescente;Nublado;Dupla;Reta;Sim;4;0;0;1;3;0;1;3;-16,2172;-47,915917;SPRF-DF;DEL01-DF;UOP01-DEL01-DF
740230;20/12/2025;sábado;06:50:00;MG;381;383;BARAO DE COCAIS;Ausência de reação do condutor;Colisão traseira;Com Vítimas Feridas;Amanhecer;Decrescente;Chuva;Dupla;"Curva;Declive";Não;2;0;1;0;1;0;1;2;-19,80236489;-43,41161435;SPRF-MG;DEL01-MG;UOP01-DEL01-MG
740231;12/11/2025;quarta-feira;07:17:00;SC;280;58,3;GUARAMIRIM;Trafegar com motocicleta (ou similar) entre as faixas;Atropelamento de Pedestre;Com Vítimas Feridas;Pleno dia;Crescente;Céu Claro;Dupla;Reta;Sim;2;0;1;0;0;1;1;2;-26,474602;-49,026587;SPRF-SC;DEL03-SC;UOP03-DEL03-SC
740232;20/12/2025;sábado;08:36:00;BA;116;423;FEIRA DE SANTANA;Ultrapassagem Indevida;Colisão lateral mesmo sentido;Com Vítimas Feridas;Pleno dia;Decrescente;Sol;Dupla;Reta;Sim;2;0;0;1;0;1;1;2;-12,232427;-38,973011;SPRF-BA;DEL02-BA;UOP01-DEL02-BA
740233;20/12/2025;sábado;08:15:00;MG;153;89;PRATA;Ausência de reação do condutor;Saída de leito carroçável;Com Vítimas Feridas;Amanhecer;Crescente;Nublado;Simples;Reta;Não;3;0;2;0;1;0;2;1;-19,15998173;-48,95932943;SPRF-MG;DEL15-MG;UOP03-DEL15-MG
740235;20/12/2025;sábado;09:00:00;SC;101;119;ITAJAI;Trafegar com motocicleta (ou similar) entre as faixas;Colisão lateral mesmo sentido;Com Vítimas Feridas;Pleno dia;Crescente;Nublado;Múltipla;Reta;Sim;2;0;1;0;1;0;1;2;-26,90953586;-48,71294372;SPRF-SC;DEL04-SC;UOP04-DEL04-SC
740236;20/12/2025;sábado;07:40:00;MT;70;58;BARRA DO GARCAS;Reação tardia ou ineficiente do condutor;Saída de leito carroçável;Com Vítimas Feridas;Amanhecer;Crescente;Nublado;Simples;Reta;Não;4;0;1;0;3;0;1;1;-15,70813787;-52,67220498;SPRF-MT;DEL07-MT;UOP01-DEL07-MT
740239;20/12/2025;sábado;07:50:00;RJ;101;297;ITABORAI;Entrada inopinada do pedestre;Atropelamento de Pedestre;Com Vítimas Feridas;Pleno dia;Crescente;Chuva;Dupla;Reta;Não;2;0;0;1;1;0;1;2;-22,77111658;-42,92255402;SPRF-RJ;DEL02-RJ;UOP02-DEL02-RJ
740240;20/12/2025;sábado;08:15:00;BA;367;24;PORTO SEGURO;Ultrapassagem Indevida;Colisão transversal;Com Vítimas Feridas;Pleno dia;Decrescente;Céu Claro;Simples;Reta;Sim;2;0;1;0;1;0;1;2;-16,4349901;-39,0727482;SPRF-BA;DEL09-BA;UOP03-DEL09-BA
740241;20/12/2025;sábado;08:40:00;PE;101;13;GOIANA;Deficiência do Sistema de Iluminação/Sinalização;Colisão traseira;Sem Vítimas;Pleno dia;Crescente;Céu Claro;Dupla;Reta;Não;3;0;0;0;3;0;0;3;-7,609949;-34,975541;SPRF-PE;DEL01-PE;UOP02-DEL01-PE
740242;20/12/2025;sábado;09:30:00;ES;101;255,4;SERRA;Pedestre cruzava a pista fora da faixa;Atropelamento de Pedestre;Com Vítimas Feridas;Pleno dia;Decrescente;Nublado;Dupla;Reta;Sim;3;0;1;0;1;1;1;2;-20,11788849;-40,31434232;SPRF-ES;DEL02-ES;UOP01-DEL02-ES
740243;29/11/2025;sábado;08:42:00;RJ;101;496;ANGRA DOS REIS;Condutor deixou de manter distância do veículo da frente;Colisão traseira;Com Vítimas Feridas;Pleno dia;Crescente;Céu Claro;Simples;"Interseção de Vias;Reta";Sim;4;0;1;0;3;0;1;2;-22,98969271;-44,24058344;SPRF-RJ;DEL03-RJ;UOP03-DEL03-RJ
740244;20/12/2025;sábado;07:24:00;AC;364;123;RIO BRANCO;Ausência de reação do condutor;Saída de leito carroçável;Com Vítimas Feridas;Pleno dia;Decrescente;Céu Claro;Dupla;Reta;Sim;2;0;2;0;0;0;2;1;-10,01181714;-67,79077751;SPRF-AC;DEL01-AC;UOP01-DEL01-AC
740246;20/12/2025;sábado;09:00:00;RJ;40;120,2;DUQUE DE CAXIAS;Manobra de mudança de faixa;Colisão lateral mesmo sentido;Com Vítimas Feridas;Pleno dia;Decrescente;Céu Claro;Múltipla;Reta;Não;3;0;1;0;2;0;1;2;-22,778573;-43,285496;SPRF-RJ;DEL01-RJ;UOP02-DEL01-RJ
740247;20/12/2025;sábado;09:40:00;BA;367;22;PORTO SEGURO;Acessar a via sem observar a presença dos outros veículos;Colisão transversal;Sem Vítimas;Pleno dia;Crescente;Nublado;Simples;"Declive;Curva";Sim;2;0;0;0;2;0;0;2;-16,4353052;-39,073718;SPRF-BA;DEL09-BA;UOP03-DEL09-BA
740248;20/12/2025;sábado;09:20:00;PR;116;115;CURITIBA;Manobra de mudança de faixa;Colisão lateral mesmo sentido;Com Vítimas Feridas;Pleno dia;Decrescente;Céu Claro;Dupla;Reta;Sim;2;0;1;0;1;0;1;2;-25,5467306;-49,3037833;SPRF-PR;DEL01-PR;UOP03-DEL01-PR
740250;20/12/2025;sábado;10:10:00;RS;290;88;PORTO ALEGRE;Demais falhas mecânicas ou elétricas;Tombamento;Com Vítimas Feridas;Pleno dia;Decrescente;Céu Claro;Dupla;Reta;Sim;2;0;1;0;1;0;1;1;-29,96757076;-51,13937108;SPRF-RS;DEL01-RS;UOP01-DEL01-RS
740251;20/12/2025;sábado;09:40:00;RJ;101;72;CAMPOS DOS GOYTACAZES;Ultrapassagem Indevida;Colisão frontal;Com Vítimas Feridas;Pleno dia;Crescente;Céu Claro;Simples;Reta;Não;4;0;2;1;0;1;3;3;-21,781936;-41,375103;SPRF-RJ;DEL08-RJ;UOP02-DEL08-RJ
740252;20/12/2025;sábado;10:35:00;MG;365;2,9;MONTES CLAROS;Acessar a via sem observar a presença dos outros veículos;Colisão transversal;Com Vítimas Feridas;Pleno dia;Crescente;Céu Claro;Simples;Reta;Não;3;0;0;1;0;2;1;3;-16,788177;-43,893461;SPRF-MG;DEL12-MG;UOP01-DEL12-MG
740253;20/12/2025;sábado;10:00:00;MG;365;48,2;CLARO DOS POCOES;Ausência de reação do condutor;Engavetamento;Com Vítimas Feridas;Pleno dia;Decrescente;Céu Claro;Simples;"Aclive;Reta";Não;5;0;2;0;3;0;2;3;-16,92285;-44,216915;SPRF-MG;DEL12-MG;UOP01-DEL12-MG
740254;20/12/2025;sábado;05:20:00;PR;116;122;CURITIBA;Velocidade Incompatível;Saída de leito carroçável;Sem Vítimas;Amanhecer;Crescente;Céu Claro;Dupla;Reta;Sim;1;0;0;0;0;1;0;1;-25,60994139;-49,31942638;SPRF-PR;DEL01-PR;UOP03-DEL01-PR
740255;20/12/2025;sábado;08:30:00;PI;316;183;VALENCA DO PIAUI;Reação tardia ou ineficiente do condutor;Saída de leito carroçável;Com Vítimas Feridas;Pleno dia;Crescente;Chuva;Simples;Reta;Não;1;0;1;0;0;0;1;1;-6,34010868;-41,81628683;SPRF-PI;DEL04-PI;UOP02-DEL04-PI
740256;20/12/2025;sábado;09:20:00;BA;101;911;NOVA VICOSA;Velocidade Incompatível;Colisão frontal;Com Vítimas Feridas;Pleno dia;Crescente;Céu Claro;Simples;Curva;Não;4;0;1;1;2;0;2;3;-17,8205642;-39,79609466;SPRF-BA;DEL09-BA;UOP02-DEL09-BA
740257;20/12/2025;sábado;09:30:00;BA;101;857;TEIXEIRA DE FREITAS;Reação tardia ou ineficiente do condutor;Saída de leito carroçável;Com Vítimas Feridas;Pleno dia;Crescente;Chuva;Simples;Curva;Não;5;0;1;4;0;0;5;1;-17,370341;-39,65207;SPRF-BA;DEL09-BA;UOP02-DEL09-BA
740258;20/12/2025;sábado;10:15:00;SP;116;181;GUARAREMA;Manobra de mudança de faixa;Colisão lateral mesmo sentido;Com Vítimas Feridas;Pleno dia;Decrescente;Sol;Dupla;Curva;Não;2;0;1;0;0;1;1;2;-23,33940802;-46,15018554;SPRF-SP;DEL01-SP;UOP01-DEL01-SP
740260;20/12/2025;sábado;09:00:00;BA;20;193;LUIS EDUARDO MAGALHAES;Reação tardia ou ineficiente do condutor;Saída de leito carroçável;Com Vítimas Feridas;Pleno dia;Crescente;Céu Claro;Simples;Reta;Não;3;0;2;0;1;0;2;1;-12,241949;-45,836977;SPRF-BA;DEL10-BA;UOP01-DEL10-BA
740261;20/12/2025;sábado;10:30:00;SC;101;204,9;SAO JOSE;Condutor deixou de manter distância do veículo da frente;Engavetamento;Sem Vítimas;Pleno dia;Crescente;Sol;Dupla;Reta;Não;4;0;0;0;4;0;0;4;-27,57760127;-48,61342907;SPRF-SC;DEL01-SC;UOP01-DEL01-SC
740263;20/12/2025;sábado;11:25:00;GO;414;205;NIQUELANDIA;Acessar a via sem observar a presença dos outros veículos;Colisão lateral mesmo sentido;Com Vítimas Feridas;Pleno dia;Crescente;Céu Claro;Simples;Reta;Não;6;0;0;4;2;0;4;3;-14,47308107;-48,48854363;SPRF-GO;DEL07-GO;UOP02-DEL07-GO
740264;20/12/2025;sábado;10:30:00;SC;101;205,5;SAO JOSE;Acumulo de areia ou detritos sobre o pavimento;Queda de ocupante de veículo;Com Vítimas Feridas;Pleno dia;Crescente;Céu Claro;Múltipla;Reta;Sim;1;0;1;0;0;0;1;1;-27,58227676;-48,6150798;SPRF-SC;DEL01-SC;UOP01-DEL01-SC
740265;20/12/2025;sábado;11:00:00;SC;101;124;ITAJAI;Manobra de mudança de faixa;Colisão lateral mesmo sentido;Com Vítimas Feridas;Pleno dia;Decrescente;Céu Claro;Múltipla;Reta;Sim;2;0;1;0;1;0;1;2;-26,94602084;-48,68677139;SPRF-SC;DEL04-SC;UOP04-DEL04-SC
740266;20/12/2025;sábado;10:40:00;PR;277;641,7;CEU AZUL;Ausência de reação do condutor;Colisão traseira;Sem Vítimas;Pleno dia;Crescente;Céu Claro;Simples;Reta;Não;2;0;0;0;2;0;0;2;-25,17104718;-53,85911878;SPRF-PR;DEL05-PR;UOP02-DEL05-PR
740267;20/12/2025;sábado;11:30:00;MG;381;837;SAO SEBASTIAO DA BELA VISTA;Avarias e/ou desgaste excessivo no pneu;Saída de leito carroçável;Com Vítimas Feridas;Pleno dia;Decrescente;Nublado;Dupla;Curva;Não;4;0;1;0;3;0;1;1;-22,14479981;-45,81933975;SPRF-MG;DEL16-MG;UOP01-DEL16-MG
740268;20/12/2025;sábado;11:40:00;MG;365;644;UBERLANDIA;Condutor Dormindo;Saída de leito carroçável;Com Vítimas Feridas;Pleno dia;Crescente;Céu Claro;Dupla;Reta;Não;1;0;1;0;0;0;1;1;-18,875899;-48,523028;SPRF-MG;DEL15-MG;UOP01-DEL15-MG
740269;20/12/2025;sábado;11:30:00;RN;101;95;NATAL;Manobra de mudança de faixa;Colisão traseira;Com Vítimas Feridas;Pleno dia;Decrescente;Céu Claro;Dupla;Reta;Não;2;0;1;0;1;0;1;2;-5,842928;-35,209608;SPRF-RN;DEL01-RN;UOP01-DEL01-RN
740270;20/12/2025;sábado;05:00:00;MT;70;149;GENERAL CARNEIRO;Ausência de reação do condutor;Saída de leito carroçável;Com Vítimas Feridas;Pleno dia;Decrescente;Céu Claro;Simples;Reta;Não;4;0;2;0;2;0;2;1;-15,5740965;-53,39492798;SPRF-MT;DEL07-MT;UOP01-DEL07-MT
740271;20/12/2025;sábado;11:45:00;SC;282;17,4;PALHOCA;Desrespeitar a preferência no cruzamento;Colisão transversal;Com Vítimas Feridas;Pleno dia;Decrescente;Céu Claro;Simples;Retorno Regulamentado;Não;4;0;1;0;3;0;1;2;-27,66922343;-48,69105069;SPRF-SC;DEL01-SC;UOP02-DEL01-SC
740272;20/12/2025;sábado;09:25:00;RJ;356;148;CAMPOS DOS GOYTACAZES;Transitar na contramão;Colisão frontal;Com Vítimas Feridas;Pleno dia;Crescente;Céu Claro;Múltipla;"Interseção de Vias;Reta";Sim;4;0;1;0;2;1;1;3;-21,77790277;-41,28904581;SPRF-RJ;DEL08-RJ;UOP02-DEL08-RJ
740273;20/12/2025;sábado;11:45:00;SP;116;220;GUARULHOS;Avarias e/ou desgaste excessivo no pneu;Colisão com objeto;Com Vítimas Feridas;Pleno dia;Decrescente;Sol;Múltipla;Reta;Sim;1;0;1;0;0;0;1;1;-23,466396;-46,50312;SPRF-SP;DEL01-SP;UOP01-DEL01-SP
740274;20/12/2025;sábado;11:45:00;GO;20;20;FORMOSA;Velocidade Incompatível;Saída de leito carroçável;Com Vítimas Feridas;Pleno dia;Decrescente;Céu Claro;Simples;Reta;Não;3;0;1;0;2;0;1;1;-15,549606;-47,17777;SPRF-DF;DEL02-DF;UOP02-DEL02-DF
740275;19/12/2025;sexta-feira;16:40:00;SP;116;279,5;EMBU DAS ARTES;Pedestre cruzava a pista fora da faixa;Atropelamento de Pedestre;Com Vítimas Feridas;Pleno dia;Decrescente;Garoa/Chuvisco;Dupla;Reta;Sim;2;0;0;1;1;0;1;2;-23,63908813;-46,83515373;SPRF-SP;DEL04-SP;UOP01-DEL04-SP
740278;20/12/2025;sábado;12:49:00;RN;101;77,5;NATAL;Ausência de reação do condutor;Colisão traseira;Com Vítimas Feridas;Pleno dia;Decrescente;Céu Claro;Simples;Reta;Não;2;0;1;0;1;0;1;2;-5,733778;-35,290912;SPRF-RN;DEL02-RN;UOP01-DEL02-RN
740279;20/12/2025;sábado;12:15:00;PR;369;186,6;ARAPONGAS;Transitar no Acostamento;Colisão lateral mesmo sentido;Com Vítimas Feridas;Pleno dia;Decrescente;Céu Claro;Simples;"Reta;Interseção de Vias";Sim;2;0;1;0;1;0;1;2;-23,409248;-51,427812;SPRF-PR;DEL07-PR;UOP03-DEL07-PR
740281;20/12/2025;sábado;13:00:00;SC;470;18;ILHOTA;Reação tardia ou ineficiente do condutor;Saída de leito carroçável;Com Vítimas Feridas;Pleno dia;Crescente;Sol;Dupla;Reta;Não;2;0;2;0;0;0;2;1;-26,85615236;-48,80948514;SPRF-SC;DEL04-SC;UOP04-DEL04-SC
740282;20/12/2025;sábado;12:30:00;PE;101;89;JABOATAO DOS GUARARAPES;Demais falhas mecânicas ou elétricas;Incêndio;Sem Vítimas;Pleno dia;Decrescente;Céu Claro;Dupla;Reta;Sim;1;0;0;0;0;1;0;1;-8,2047703;-34,9801147;SPRF-PE;DEL01-PE;UOP01-DEL01-PE
740283;20/12/2025;sábado;10:50:00;MS;163;26,4;MUNDO NOVO;Ingestão de álcool pelo condutor;Saída de leito carroçável;Sem Vítimas;Pleno dia;Decrescente;Céu Claro;Simples;"Declive;Reta";Não;1;0;0;0;1;0;0;1;-23,878678;-54,320889;SPRF-MS;DEL09-MS;UOP02-DEL09-MS
740284;20/12/2025;sábado;12:38:00;RN;101;66,4;EXTREMOZ;Mal súbito do condutor;Colisão traseira;Com Vítimas Feridas;Pleno dia;Crescente;Céu Claro;Simples;"Aclive;Reta";Não;3;0;1;0;2;0;1;2;-5,65112872;-35,24996487;SPRF-RN;DEL02-RN;UOP01-DEL02-RN
740285;20/12/2025;sábado;11:40:00;GO;60;35,7;ALEXANIA;Falta de elemento de contenção que evite a saída do leito carroçável;Saída de leito carroçável;Com Vítimas Feridas;Pleno dia;Decrescente;Nublado;Dupla;Reta;Não;3;0;2;0;1;0;2;2;-16,110467;-48,528337;SPRF-DF;DEL03-DF;UOP01-DEL03-DF
740286;20/12/2025;sábado;13:00:00;GO;20;180,1;ALVORADA DO NORTE;Ausência de reação do condutor;Engavetamento;Com Vítimas Feridas;Pleno dia;Crescente;Céu Claro;Simples;"Reta;Ponte";Sim;8;0;4;0;4;0;4;3;-14,476629;-46,491129;SPRF-DF;DEL02-DF;UOP03-DEL02-DF
740287;20/12/2025;sábado;10:45:00;RJ;101;432,7;MANGARATIBA;Reação tardia ou ineficiente do condutor;Queda de ocupante de veículo;Com Vítimas Feridas;Pleno dia;Decrescente;Céu Claro;Dupla;Curva;Não;1;0;1;0;0;0;1;1;-22,938578;-44,0346545;SPRF-RJ;DEL03-RJ;UOP02-DEL03-RJ
740289;20/12/2025;sábado;13:25:00;PR;369;432,5;UBIRATA;Acessar a via sem observar a presença dos outros veículos;Colisão transversal;Com Vítimas Feridas;Pleno dia;Decrescente;Sol;Simples;"Interseção de Vias;Reta";Sim;2;0;1;0;1;0;1;2;-24,55717914;-52,9895374;SPRF-PR;DEL04-PR;UOP03-DEL04-PR
740290;20/12/2025;sábado;12:45:00;SP;116;227;GUARULHOS;Ausência de reação do condutor;Saída de leito carroçável;Com Vítimas Feridas;Pleno dia;Crescente;Nublado;Dupla;"Viaduto;Curva;Aclive";Sim;1;0;1;0;0;0;1;1;-23,49789965;-46,56006098;SPRF-SP;DEL01-SP;UOP01-DEL01-SP
740291;20/12/2025;sábado;13:40:00;RJ;40;116,8;DUQUE DE CAXIAS;Trafegar com motocicleta (ou similar) entre as faixas;Colisão lateral mesmo sentido;Com Vítimas Feridas;Pleno dia;Decrescente;Céu Claro;Dupla;Reta;Sim;3;0;1;0;2;0;1;3;-22,751299;-43,2874251;SPRF-RJ;DEL01-RJ;UOP02-DEL01-RJ
740292;20/12/2025;sábado;13:30:00;MG;146;474,4;BANDEIRA DO SUL;Desrespeitar a preferência no cruzamento;Colisão transversal;Com Vítimas Feridas;Pleno dia;Crescente;Céu Claro;Simples;"Rotatória;Interseção de Vias;Declive;Curva";Não;5;0;2;1;2;0;3;2;-21,7457747;-46,404475;SPRF-MG;DEL09-MG;UOP01-DEL09-MG
740293;20/12/2025;sábado;09:40:00;RJ;101;293;ITABORAI;Frear bruscamente;Colisão traseira;Sem Vítimas;Pleno dia;Decrescente;Garoa/Chuvisco;Dupla;Reta;Sim;3;0;0;0;2;1;0;3;-22,75627146;-42,89192807;SPRF-RJ;DEL02-RJ;UOP02-DEL02-RJ
740294;20/12/2025;sábado;11:50:00;MT;70;105;GENERAL CARNEIRO;Ausência de reação do condutor;Saída de leito carroçável;Com Vítimas Feridas;Pleno dia;Decrescente;Céu Claro;Simples;Reta;Não;4;0;4;0;0;0;4;1;-15,70501874;-52,77282715;SPRF-MT;DEL07-MT;UOP01-DEL07-MT
740295;20/12/2025;sábado;12:54:00;RN;427;75,5;JARDIM DO SERIDO;Mal súbito do condutor;Colisão traseira;Com Vítimas Feridas;Pleno dia;Decrescente;Céu Claro;Simples;Reta;Não;2;0;1;0;1;0;1;2;-6,536097;-36,93081933;SPRF-RN;DEL03-RN;UOP01-DEL03-RN
740296;20/12/2025;sábado;12:45:00;SC;282;4,5;SAO JOSE;Reação tardia ou ineficiente do condutor;Colisão traseira;Com Vítimas Feridas;Pleno dia;Decrescente;Sol;Dupla;Reta;Sim;4;0;2;0;2;0;2;2;-27,59081;-48,60851;SPRF-SC;DEL01-SC;UOP01-DEL01-SC
740297;20/12/2025;sábado;07:40:00;BA;324;4;FEIRA DE SANTANA;Ausência de reação do condutor;Colisão traseira;Com Vítimas Feridas;Pleno dia;Crescente;Céu Claro;Dupla;Reta;Sim;2;0;0;1;1;0;1;2;-12,285859;-38,9673882;SPRF-BA;DEL02-BA;UOP01-DEL02-BA
740301;20/12/2025;sábado;13:30:00;SC;282;549,3;CHAPECO;Acessar a via sem observar a presença dos outros veículos;Colisão transversal;Com Vítimas Feridas;Pleno dia;Crescente;Sol;Simples;Reta;Não;6;0;3;0;2;1;3;3;-26,964072;-52,760032;SPRF-SC;DEL07-SC;UOP01-DEL07-SC
740304;20/12/2025;sábado;13:15:00;SP;116;51,8;LORENA;Avarias e/ou desgaste excessivo no pneu;Tombamento;Com Vítimas Feridas;Pleno dia;Crescente;Céu Claro;Dupla;Reta;Sim;2;0;1;1;0;0;2;1;-22,745951;-45,098377;SPRF-SP;DEL08-SP;UOP02-DEL08-SP
740305;20/12/2025;sábado;13:30:00;PE;101;64,2;RECIFE;Reação tardia ou ineficiente do condutor;Tombamento;Com Vítimas Feridas;Pleno dia;Decrescente;Céu Claro;Dupla;Reta;Não;1;0;0;1;0;0;1;1;-8,01708023;-34,9409556;SPRF-PE;DEL01-PE;UOP01-DEL01-PE
740309;20/12/2025;sábado;12:00:00;PE;104;141,2;QUIPAPA;Reação tardia ou ineficiente do condutor;Colisão traseira;Com Vítimas Feridas;Pleno dia;Crescente;Sol;Simples;"Curva;Declive";Não;3;0;1;0;1;1;1;2;-8,85794;-36,02948;SPRF-PE;DEL02-PE;UOP01-DEL02-PE
740310;20/12/2025;sábado;13:20:00;PR;163;351;GUAIRA;Ausência de reação do condutor;Colisão com objeto;Com Vítimas Fatais;Pleno dia;Decrescente;Sol;Simples;"Ponte;Reta";Não;1;1;0;0;0;0;0;1;-24,064885;-54,25307667;SPRF-PR;DEL06-PR;UOP01-DEL06-PR