id;data_inversa;dia_semana;horario;uf;br;km;municipio;causa_acidente;tipo_acidente;classificacao_acidente;fase_dia;sentido_via;condicao_metereologica;tipo_pista;tracado_via;uso_solo;pessoas;mortos;feridos_leves;feridos_graves;ilesos;ignorados;feridos;veiculos;latitude;longitude;regional;delegacia;uop
740313;20/12/2025;sábado;14:20:00;PE;423;96;GARANHUNS;Condutor deixou de manter distância do veículo da frente;Colisão traseira;Com Vítimas Feridas;Pleno dia;Decrescente;Céu Claro;Simples;Reta;Sim;2;0;1;0;1;0;1;2;-8,8817141;-36,4908219;SPRF-PE;DEL03-PE;UOP01-DEL03-PE
740314;20/12/2025;sábado;14:45:00;RS;116;269;CANOAS;Manobra de mudança de faixa;Colisão traseira;Com Vítimas Feridas;Pleno dia;Decrescente;Céu Claro;Dupla;Reta;Sim;3;0;1;0;2;0;1;2;-29,96138045;-51,17603151;SPRF-RS;DEL01-RS;UOP01-DEL01-RS
740315;20/12/2025;sábado;13:35:00;SC;101;211,5;PALHOCA;Manobra de mudança de faixa;Colisão com objeto;Sem Vítimas;Pleno dia;Crescente;Céu Claro;Múltipla;Reta;Sim;1;0;0;0;1;0;0;1;-27,6262326;-48,65548309;SPRF-SC;DEL01-SC;UOP02-DEL01-SC
740316;20/12/2025;sábado;14:00:00;PB;230;507,6;CAJAZEIRAS;Acessar a via sem observar a presença dos outros veículos;Colisão transversal;Com Vítimas Feridas;Pleno dia;Decrescente;Céu Claro;Simples;"Interseção de Vias;Curva";Sim;4;0;1;0;3;0;1;2;-6,891952;-38,581873;SPRF-PB;DEL03-PB;UOP03-DEL03-PB
740317;20/12/2025;sábado;15:25:00;PR;369;161,7;CAMBE;Condutor deixou de manter distância do veículo da frente;Colisão traseira;Com Vítimas Feridas;Pleno dia;Decrescente;Sol;Dupla;"Reta;Aclive";Sim;3;0;0;2;1;0;2;2;-23,29112531;-51,26495069;SPRF-PR;DEL07-PR;UOP01-DEL07-PR
740318;20/12/2025;sábado;15:15:00;PR;277;8,8;PARANAGUA;Condutor deixou de manter distância do veículo da frente;Colisão traseira;Sem Vítimas;Pleno dia;Decrescente;Sol;Dupla;"Reta;Aclive";Não;2;0;0;0;2;0;0;2;-25,5654246;-48,6018726;SPRF-PR;DEL01-PR;UOP05-DEL01-PR
740319;20/12/2025;sábado;15:25:00;DF;60;13;BRASILIA;Reação tardia ou ineficiente do condutor;Colisão traseira;Sem Vítimas;Pleno dia;Decrescente;Céu Claro;Dupla;Reta;Sim;3;0;0;0;3;0;0;2;-15,929315;-48,167628;SPRF-DF;DEL03-DF;UOP01-DEL03-DF
740320;20/12/2025;sábado;11:35:00;RJ;40;62,5;PETROPOLIS;Acessar a via sem observar a presença dos outros veículos;Colisão transversal;Com Vítimas Feridas;Pleno dia;Crescente;Nublado;Simples;Interseção de Vias;Não;2;0;0;1;1;0;1;2;-22,4113;-43,14987;SPRF-RJ;DEL05-RJ;UOP02-DEL05-RJ
740322;20/12/2025;sábado;13:58:00;MA;10;249,6;IMPERATRIZ;Manobra de mudança de faixa;Colisão lateral mesmo sentido;Com Vítimas Feridas;Pleno dia;Decrescente;Nublado;Múltipla;Reta;Sim;2;0;1;0;1;0;1;2;-5,55401;-47,45755;SPRF-MA;DEL04-MA;UOP01-DEL04-MA
740323;20/12/2025;sábado;14:45:00;PB;361;4,9;PATOS;Acessar a via sem observar a presença dos outros veículos;Colisão lateral mesmo sentido;Com Vítimas Feridas;Pleno dia;Crescente;Céu Claro;Simples;Reta;Não;2;0;0;1;1;0;1;2;-7,03418;-37,301601;SPRF-PB;DEL03-PB;UOP01-DEL03-PB
740324;20/12/2025;sábado;14:50:00;RS;386;220,5;TIO HUGO;Transitar na contramão;Colisão frontal;Com Vítimas Feridas;Pleno dia;Decrescente;Sol;Simples;"Interseção de Vias;Reta";Não;5;0;4;0;1;0;4;2;-28,623241;-52,613207;SPRF-RS;DEL04-RS;UOP03-DEL04-RS
740325;20/12/2025;sábado;15:15:00;ES;259;56;COLATINA;Acessar a via sem observar a presença dos outros veículos;Colisão transversal;Com Vítimas Feridas;Pleno dia;Crescente;Céu Claro;Simples;Aclive;Não;3;0;3;0;0;0;3;2;-19,51172;-40,65628;SPRF-ES;DEL02-ES;UOP01-DEL02-ES
740326;20/12/2025;sábado;15:00:00;RN;304;90,3;ACU;Ingestão de álcool pelo condutor;Colisão traseira;Sem Vítimas;Pleno dia;Decrescente;Céu Claro;Simples;"Reta;Aclive";Não;2;0;0;0;2;0;0;2;-5,52896972;-37,10176349;SPRF-RN;DEL04-RN;UOP01-DEL04-RN
740327;20/12/2025;sábado;15:25:00;MG;116;2,5;DIVISA ALEGRE;Acessar a via sem observar a presença dos outros veículos;Colisão transversal;Com Vítimas Feridas;Pleno dia;Decrescente;Céu Claro;Simples;Reta;Sim;2;0;1;0;1;0;1;2;-15,71963552;-41,34115267;SPRF-BA;DEL08-BA;UOP03-DEL08-BA
740329;20/12/2025;sábado;12:55:00;GO;60;383;RIO VERDE;Pedestre cruzava a pista fora da faixa;Atropelamento de Pedestre;Com Vítimas Fatais;Pleno dia;Crescente;Céu Claro;Dupla;"Reta;Declive";Sim;2;1;0;0;1;0;0;2;-17,8015681;-50,91961384;SPRF-GO;DEL04-GO;UOP02-DEL04-GO
740330;20/12/2025;sábado;15:05:00;PE;232;527;SALGUEIRO;Ingestão de álcool pelo condutor;Colisão transversal;Com Vítimas Feridas;Pleno dia;Decrescente;Sol;Simples;"Reta;Interseção de Vias";Não;2;0;1;0;1;0;1;2;-8,0711793;-39,2864029;SPRF-PE;DEL05-PE;UOP01-DEL05-PE
740332;20/12/2025;sábado;10:20:00;BA;116;409;FEIRA DE SANTANA;Conversão proibida;Colisão transversal;Com Vítimas Feridas;Pleno dia;Crescente;Sol;Dupla;Reta;Não;2;0;0;1;1;0;1;2;-12,113197;-38,968768;SPRF-BA;DEL02-BA;UOP01-DEL02-BA
740333;20/12/2025;sábado;15:40:00;SP;116;97,7;PINDAMONHANGABA;Reação tardia ou ineficiente do condutor;Atropelamento de Pedestre;Com Vítimas Feridas;Pleno dia;Decrescente;Sol;Dupla;Reta;Não;3;0;2;0;1;0;2;2;-22,972381;-45,444405;SPRF-SP;DEL08-SP;UOP01-DEL08-SP
740335;20/12/2025;sábado;16:00:00;RJ;465;2;SEROPEDICA;Ingestão de álcool pelo condutor;Tombamento;Com Vítimas Feridas;Pleno dia;Crescente;Nublado;Simples;"Declive;Curva;Interseção de Vias";Não;2;0;1;1;0;0;2;1;-22,718193;-43,72847;SPRF-RJ;DEL06-RJ;UOP02-DEL06-RJ
740336;20/12/2025;sábado;15:25:00;MS;163;337,7;RIO BRILHANTE;Reação tardia ou ineficiente do condutor;Colisão com objeto;Com Vítimas Feridas;Pleno dia;Crescente;Nublado;Simples;Reta;Não;2;0;0;1;0;1;1;2;-21,67333;-54,46408;SPRF-MS;DEL02-MS;UOP02-DEL02-MS
740337;20/12/2025;sábado;16:00:00;PE;101;68,1;RECIFE;Condutor deixou de manter distância do veículo da frente;Engavetamento;Sem Vítimas;Pleno dia;Decrescente;Nublado;Dupla;"Viaduto;Reta;Declive";Sim;6;0;0;0;5;1;0;5;-8,05149;-34,94609;SPRF-PE;DEL01-PE;UOP01-DEL01-PE
740338;20/12/2025;sábado;15:00:00;PR;277;145;BALSA NOVA;Manobra de mudança de faixa;Colisão lateral mesmo sentido;Sem Vítimas;Pleno dia;Crescente;Céu Claro;Dupla;Curva;Não;2;0;0;0;2;0;0;2;-25,4759293;-49,71590046;SPRF-PR;DEL03-PR;UOP03-DEL03-PR
740339;20/12/2025;sábado;16:15:00;SP;116;100,8;PINDAMONHANGABA;Condutor deixou de manter distância do veículo da frente;Colisão traseira;Com Vítimas Feridas;Pleno dia;Crescente;Sol;Dupla;"Reta;Aclive";Não;2;0;0;1;1;0;1;2;-22,98944974;-45,47912251;SPRF-SP;DEL08-SP;UOP01-DEL08-SP
740340;20/12/2025;sábado;15:00:00;GO;414;373;COCALZINHO DE GOIAS;Ingestão de álcool pelo condutor;Saída de leito carroçável;Com Vítimas Fatais;Pleno dia;Decrescente;Céu Claro;Dupla;Reta;Não;2;1;0;1;0;0;1;1;-15,767189;-48,759286;SPRF-GO;DEL02-GO;UOP01-DEL02-GO
740341;20/12/2025;sábado;13:20:00;MG;251;514,1;MONTES CLAROS;Condutor Dormindo;Colisão lateral sentido oposto;Com Vítimas Feridas;Pleno dia;Decrescente;Céu Claro;Simples;Curva;Não;5;0;2;0;3;0;2;3;-16,656958;-43,722378;SPRF-MG;DEL12-MG;UOP01-DEL12-MG
740342;20/12/2025;sábado;15:50:00;MS;163;256;DOURADOS;Ausência de reação do condutor;Colisão transversal;Sem Vítimas;Pleno dia;Decrescente;Céu Claro;Dupla;Rotatória;Sim;2;0;0;0;1;1;0;2;-22,25882962;-54,80420921;SPRF-MS;DEL04-MS;UOP01-DEL04-MS
740343;20/12/2025;sábado;14:00:00;RS;116;184;NOVA PETROPOLIS;Transitar na contramão;Colisão frontal;Com Vítimas Feridas;Pleno dia;Crescente;Céu Claro;Simples;"Curva;Aclive";Sim;5;0;2;0;2;1;2;3;-29,38368445;-51,11982314;SPRF-RS;DEL05-RS;UOP02-DEL05-RS
740344;20/12/2025;sábado;15:40:00;SC;282;174;BOCAINA DO SUL;Ausência de reação do condutor;Saída de leito carroçável;Com Vítimas Feridas;Pleno dia;Crescente;Céu Claro;Simples;"Declive;Curva";Não;2;0;2;0;0;0;2;1;-27,74085958;-49,89442742;SPRF-SC;DEL05-SC;UOP01-DEL05-SC
740346;20/12/2025;sábado;05:00:00;AM;319;34;CAREIRO DA VARZEA;Reação tardia ou ineficiente do condutor;Colisão frontal;Com Vítimas Feridas;Amanhecer;Decrescente;Nublado;Simples;Reta;Não;6;0;3;0;3;0;3;2;-3,22138806;-59,8671757;SPRF-AM;DEL01-AM;UOP04-DEL01-AM
740347;20/12/2025;sábado;17:25:00;PB;230;18;JOAO PESSOA;Reação tardia ou ineficiente do condutor;Saída de leito carroçável;Sem Vítimas;Anoitecer;Decrescente;Céu Claro;Dupla;Curva;Sim;1;0;0;0;1;0;0;1;-7,127292;-34,845983;SPRF-PB;DEL01-PB;UOP01-DEL01-PB
740348;20/12/2025;sábado;16:00:00;PR;369;231,5;JANDAIA DO SUL;Desrespeitar a preferência no cruzamento;Colisão transversal;Com Vítimas Feridas;Pleno dia;Crescente;Céu Claro;Simples;"Interseção de Vias;Declive;Reta";Não;3;0;2;0;1;0;2;2;-23,60249756;-51,66604952;SPRF-PR;DEL09-PR;UOP01-DEL09-PR
740349;20/12/2025;sábado;12:50:00;BA;324;586;CANDEIAS;Mal súbito do condutor;Capotamento;Com Vítimas Feridas;Pleno dia;Crescente;Sol;Dupla;Reta;Não;1;0;1;0;0;0;1;1;-12,645707;-38,475462;SPRF-BA;DEL01-BA;UOP01-DEL01-BA
740350;20/12/2025;sábado;17:25:00;MG;381;495,3;BETIM;Velocidade Incompatível;Saída de leito carroçável;Com Vítimas Feridas;Pleno dia;Crescente;Nublado;Múltipla;"Aclive;Curva";Sim;1;0;0;1;0;0;1;1;-19,9747;-44,1873;SPRF-MG;DEL01-MG;UOP03-DEL01-MG
740353;20/12/2025;sábado;16:20:00;RO;364;714;PORTO VELHO;Acessar a via sem observar a presença dos outros veículos;Colisão traseira;Com Vítimas Feridas;Pleno dia;Decrescente;Céu Claro;Múltipla;Reta;Sim;2;0;1;0;1;0;1;2;-8,77244966;-63,88181806;SPRF-RO;DEL01-RO;UOP01-DEL01-RO
740354;20/12/2025;sábado;14:00:00;RJ;40;119;DUQUE DE CAXIAS;Ausência de reação do condutor;Colisão traseira;Com Vítimas Feridas;Pleno dia;Crescente;Céu Claro;Dupla;Reta;Não;3;0;2;0;1;0;2;2;-22,77091052;-43,28637249;SPRF-RJ;DEL01-RJ;UOP02-DEL01-RJ
740356;20/12/2025;sábado;17:05:00;SC;101;95,5;BARRA VELHA;Condutor deixou de manter distância do veículo da frente;Colisão traseira;Com Vítimas Feridas;Pleno dia;Crescente;Céu Claro;Dupla;"Reta;Aclive";Não;2;0;1;0;1;0;1;2;-26,71617376;-48,7027359;SPRF-SC;DEL03-SC;UOP02-DEL03-SC
740357;20/12/2025;sábado;18:00:00;RS;116;254;SAPUCAIA DO SUL;Manobra de mudança de faixa;Colisão lateral mesmo sentido;Com Vítimas Feridas;Pleno dia;Crescente;Céu Claro;Múltipla;"Interseção de Vias;Reta";Sim;3;0;2;0;1;0;2;2;-29,82457491;-51,17174929;SPRF-RS;DEL01-RS;UOP02-DEL01-RS
740358;20/12/2025;sábado;11:50:00;MT;174;357;CONQUISTA DOESTE;Reação tardia ou ineficiente do condutor;Saída de leito carroçável;Sem Vítimas;Pleno dia;Decrescente;Sol;Simples;"Declive;Curva";Não;2;0;0;0;0;2;0;2;-14,7514066;-59,3568771;SPRF-MT;DEL04-MT;UOP01-DEL04-MT
740360;20/12/2025;sábado;18:30:00;GO;452;144;BOM JESUS DE GOIAS;Chuva;Tombamento;Com Vítimas Feridas;Anoitecer;Crescente;Garoa/Chuvisco;Simples;Reta;Não;2;0;1;0;1;0;1;1;-18,2909774;-49,6008259;SPRF-GO;DEL03-GO;UOP02-DEL03-GO
740361;20/12/2025;sábado;17:20:00;SC;280;79;CORUPA;Transitar na contramão;Colisão frontal;Com Vítimas Feridas;Pleno dia;Crescente;Céu Claro;Simples;Reta;Não;4;0;2;0;1;1;2;3;-26,440333;-49,219085;SPRF-SC;DEL06-SC;UOP03-DEL06-SC
740364;20/12/2025;sábado;17:30:00;RJ;101;326;NITEROI;Condutor deixou de manter distância do veículo da frente;Colisão traseira;Com Vítimas Feridas;Pleno dia;Decrescente;Nublado;Dupla;Reta;Não;3;0;1;0;1;1;1;3;-22,87317013;-43,13884735;SPRF-RJ;DEL02-RJ;UOP01-DEL02-RJ
740365;20/12/2025;sábado;18:50:00;RS;158;331;SANTA MARIA;Acessar a via sem observar a presença dos outros veículos;Colisão transversal;Com Vítimas Feridas;Pleno dia;Crescente;Céu Claro;Simples;Rotatória;Não;2;0;0;1;1;0;1;2;-29,706887;-53,852146;SPRF-RS;DEL09-RS;UOP01-DEL09-RS
740368;20/12/2025;sábado;17:00:00;MG;262;111;RIO CASCA;Velocidade Incompatível;Saída de leito carroçável;Sem Vítimas;Pleno dia;Crescente;Céu Claro;Simples;Reta;Não;1;0;0;0;0;1;0;1;-20,26493685;-42,5920397;SPRF-MG;DEL03-MG;UOP03-DEL03-MG
740370;20/12/2025;sábado;18:45:00;PI;316;6,3;TERESINA;Velocidade Incompatível;Colisão com objeto;Com Vítimas Feridas;Plena Noite;Crescente;Céu Claro;Múltipla;Reta;Sim;1;0;1;0;0;0;1;1;-5,150529;-42,773419;SPRF-PI;DEL01-PI;UOP02-DEL01-PI
740372;20/12/2025;sábado;18:00:00;ES;101;257;SERRA;Ausência de reação do condutor;Colisão com objeto;Com Vítimas Feridas;Pleno dia;Crescente;Céu Claro;Dupla;Declive;Não;1;0;0;1;0;0;1;1;-20,129959;-40,297025;SPRF-ES;DEL02-ES;UOP01-DEL02-ES
740375;20/12/2025;sábado;19:30:00;RJ;116;182;NOVA IGUACU;Ingestão de álcool pelo condutor;Colisão traseira;Sem Vítimas;Plena Noite;Decrescente;Nublado;Múltipla;Reta;Não;2;0;0;0;2;0;0;2;-22,7556095;-43,43353;SPRF-RJ;DEL06-RJ;UOP01-DEL06-RJ
740376;20/12/2025;sábado;19:29:00;BA;101;892;CARAVELAS;Acessar a via sem observar a presença dos outros veículos;Colisão transversal;Com Vítimas Feridas;Plena Noite;Decrescente;Céu Claro;Simples;Reta;Não;3;0;0;2;1;0;2;2;-17,62508862;-39,76748222;SPRF-BA;DEL09-BA;UOP02-DEL09-BA
740377;20/12/2025;sábado;18:30:00;PE;232;333;CUSTODIA;Acessar a via sem observar a presença dos outros veículos;Colisão transversal;Com Vítimas Feridas;Plena Noite;Decrescente;Céu Claro;Simples;Reta;Sim;2;0;0;1;1;0;1;2;-8,088497;-37,629368;SPRF-PE;DEL04-PE;UOP02-DEL04-PE
740378;20/12/2025;sábado;17:35:00;PR;277;688,2;SAO MIGUEL DO IGUACU;Manobra de mudança de faixa;Colisão lateral mesmo sentido;Com Vítimas Feridas;Pleno dia;Decrescente;Céu Claro;Dupla;"Reta;Aclive";Sim;3;0;0;1;2;0;1;2;-25,34209556;-54,21919998;SPRF-PR;DEL05-PR;UOP01-DEL05-PR
740380;20/12/2025;sábado;19:40:00;SC;101;289;IMBITUBA;Avarias e/ou desgaste excessivo no pneu;Tombamento;Com Vítimas Feridas;Plena Noite;Crescente;Vento;Dupla;Reta;Não;2;0;2;0;0;0;2;1;-28,27980075;-48,70125961;SPRF-SC;DEL02-SC;UOP03-DEL02-SC
740381;20/12/2025;sábado;20:00:00;RN;101;114;SAO JOSE DE MIPIBU;Animais na Pista;Atropelamento de Animal;Com Vítimas Feridas;Plena Noite;Decrescente;Céu Claro;Dupla;Reta;Não;3;0;1;1;0;1;2;2;-5,9789563;-35,2644182;SPRF-RN;DEL01-RN;UOP01-DEL01-RN
740382;20/12/2025;sábado;17:40:00;MG;116;795,2;LEOPOLDINA;Chuva;Saída de leito carroçável;Com Vítimas Feridas;Anoitecer;Decrescente;Chuva;Simples;Curva;Não;1;0;1;0;0;0;1;1;-21,54474673;-42,65785217;SPRF-MG;DEL07-MG;UOP01-DEL07-MG
740384;20/12/2025;sábado;19:35:00;MS;60;426;SIDROLANDIA;Acessar a via sem observar a presença dos outros veículos;Colisão transversal;Com Vítimas Feridas;Plena Noite;Crescente;Céu Claro;Dupla;"Reta;Interseção de Vias";Sim;3;0;0;2;1;0;2;2;-20,90033013;-54,917035;SPRF-MS;DEL01-MS;UOP04-DEL01-MS
740385;20/12/2025;sábado;20:15:00;RJ;101;295;ITABORAI;Ausência de reação do condutor;Colisão traseira;Com Vítimas Feridas;Plena Noite;Decrescente;Nublado;Dupla;Reta;Sim;4;0;1;0;3;0;1;2;-22,76591111;-42,90521018;SPRF-RJ;DEL02-RJ;UOP02-DEL02-RJ
740388;20/12/2025;sábado;19:10:00;BA;367;25,1;PORTO SEGURO;Acessar a via sem observar a presença dos outros veículos;Colisão traseira;Com Vítimas Feridas;Plena Noite;Decrescente;Céu Claro;Múltipla;"Rotatória;Interseção de Vias";Sim;3;0;1;0;1;1;1;2;-16,435163;-39,094993;SPRF-BA;DEL09-BA;UOP03-DEL09-BA
740389;20/12/2025;sábado;20:55:00;MG;40;456,6;CAETANOPOLIS;Velocidade Incompatível;Saída de leito carroçável;Com Vítimas Fatais;Plena Noite;Crescente;Céu Claro;Dupla;Reta;Não;2;1;1;0;0;0;1;1;-19,367878;-44,33765;SPRF-MG;DEL02-MG;UOP01-DEL02-MG
740390;20/12/2025;sábado;20:58:00;RN;406;170,8;SAO GONCALO DO AMARANTE;Pedestre cruzava a pista fora da faixa;Atropelamento de Pedestre;Com Vítimas Feridas;Pleno dia;Decrescente;Céu Claro;Dupla;"Reta;Declive";Não;2;0;0;1;1;0;1;2;-5,76;-35,296;SPRF-RN;DEL02-RN;UOP01-DEL02-RN
740392;20/12/2025;sábado;12:30:00;PI;343;480,8;ANGICAL DO PIAUI;Chuva;Capotamento;Com Vítimas Feridas;Pleno dia;Crescente;Chuva;Simples;Curva;Não;2;0;1;1;0;0;2;1;-6,16240092;-42,71072388;SPRF-PI;DEL01-PI;UOP02-DEL01-PI
740393;20/12/2025;sábado;20:10:00;RS;392;347,4;SANTA MARIA;Acessar a via sem observar a presença dos outros veículos;Colisão transversal;Com Vítimas Feridas;Plena Noite;Decrescente;Céu Claro;Simples;Reta;Sim;4;0;2;1;1;0;3;3;-29,75804827;-53,78796665;SPRF-RS;DEL09-RS;UOP01-DEL09-RS
740394;20/12/2025;sábado;20:20:00;SC;280;25;ARAQUARI;Velocidade Incompatível;Saída de leito carroçável;Com Vítimas Feridas;Plena Noite;Crescente;Nublado;Simples;"Reta;Ponte";Sim;2;0;2;0;0;0;2;1;-26,38326519;-48,72661829;SPRF-SC;DEL03-SC;UOP03-DEL03-SC
740395;20/12/2025;sábado;20:20:00;BA;367;83;EUNAPOLIS;Ausência de reação do condutor;Colisão com objeto;Sem Vítimas;Plena Noite;Crescente;Céu Claro;Simples;Reta;Não;1;0;0;0;0;1;0;1;-16,37431746;-39,56503987;SPRF-BA;DEL09-BA;UOP03-DEL09-BA
740396;20/12/2025;sábado;19:45:00;PE;408;22;ALIANCA;Manobra de mudança de faixa;Colisão frontal;Com Vítimas Feridas;Plena Noite;Decrescente;Céu Claro;Simples;Curva;Não;2;0;0;1;1;0;1;2;-7,57156;-35,25306;SPRF-PE;DEL01-PE;UOP01-DEL01-PE
740397;20/12/2025;sábado;20:35:00;RS;386;346,6;LAJEADO;Pedestre andava na pista;Atropelamento de Pedestre;Com Vítimas Fatais;Plena Noite;Crescente;Céu Claro;Dupla;Reta;Sim;2;1;0;0;0;1;0;2;-29,44914103;-51,97084514;SPRF-RS;DEL04-RS;UOP01-DEL04-RS
740398;20/12/2025;sábado;20:10:00;MS;60;593;JARDIM;Ingestão de álcool pelo condutor;Saída de leito carroçável;Com Vítimas Feridas;Plena Noite;Crescente;Céu Claro;Simples;"Interseção de Vias;Rotatória";Sim;1;0;1;0;0;0;1;1;-21,483585;-56,145317;SPRF-MS;DEL05-MS;UOP01-DEL05-MS
740399;20/12/2025;sábado;20:45:00;SC;101;53;JOINVILLE;Demais falhas mecânicas ou elétricas;Incêndio;Sem Vítimas;Plena Noite;Decrescente;Céu Claro;Dupla;Reta;Não;1;0;0;0;1;0;0;1;-26,4034577;-48,83898608;SPRF-SC;DEL03-SC;UOP01-DEL03-SC
740402;20/12/2025;sábado;20:00:00;MT;163;839;SINOP;Transitar na contramão;Colisão frontal;Sem Vítimas;Plena Noite;Crescente;Chuva;Simples;Reta;Sim;4;0;0;0;4;0;0;2;-11,82008;-55,48447;SPRF-MT;DEL06-MT;UOP02-DEL06-MT
740403;20/12/2025;sábado;19:55:00;PE;232;18;JABOATAO DOS GUARARAPES;Transitar na contramão;Colisão traseira;Sem Vítimas;Plena Noite;Crescente;Ignorado;Dupla;Reta;Não;3;0;0;0;2;1;0;3;-8,096925;-35,05181;SPRF-PE;DEL01-PE;UOP01-DEL01-PE
740404;20/12/2025;sábado;20:10:00;GO;60;412;RIO VERDE;Ausência de reação do condutor;Saída de leito carroçável;Com Vítimas Feridas;Plena Noite;Decrescente;Nublado;Dupla;Curva;Não;1;0;1;0;0;0;1;1;-17,72367082;-50,86051941;SPRF-GO;DEL04-GO;UOP02-DEL04-GO
740405;20/12/2025;sábado;20:00:00;GO;70;386;MONTES CLAROS DE GOIAS;Ultrapassagem Indevida;Colisão frontal;Com Vítimas Fatais;Plena Noite;Crescente;Nublado;Simples;Reta;Não;9;3;3;3;0;0;6;2;-15,8848888;-51,457708;SPRF-GO;DEL04-GO;UOP02-DEL04-GO
740406;20/12/2025;sábado;21:20:00;CE;20;304,8;CANINDE;Reação tardia ou ineficiente do condutor;Saída de leito carroçável;Com Vítimas Feridas;Plena Noite;Decrescente;Céu Claro;Simples;Retorno Regulamentado;Sim;1;0;0;1;0;0;1;1;-4,375943;-39,307383;SPRF-CE;DEL02-CE;UOP01-DEL02-CE
740408;20/12/2025;sábado;21:30:00;RJ;101;575;PARATY;Estacionar ou parar em local proibido;Colisão lateral mesmo sentido;Com Vítimas Feridas;Plena Noite;Crescente;Nublado;Simples;Curva;Sim;3;0;1;0;2;0;1;3;-23,22386098;-44,73215846;SPRF-RJ;DEL03-RJ;UOP04-DEL03-RJ
740410;20/12/2025;sábado;20:00:00;SP;116;289;ITAPECERICA DA SERRA;Transitar na contramão;Colisão frontal;Com Vítimas Feridas;Plena Noite;Crescente;Céu Claro;Simples;"Declive;Curva";Não;4;0;2;0;2;0;2;2;-23,70638912;-46,87508126;SPRF-SP;DEL04-SP;UOP01-DEL04-SP
740412;20/12/2025;sábado;07:30:00;MA;135;5;SAO LUIS;Pista Escorregadia;Tombamento;Com Vítimas Feridas;Pleno dia;Crescente;Céu Claro;Dupla;"Reta;Declive";Sim;2;0;2;0;0;0;2;1;-2,63695406;-44,31143993;SPRF-MA;DEL01-MA;UOP01-DEL01-MA
740413;20/12/2025;sábado;21:25:00;ES;259;2,5;JOAO NEIVA;Reação tardia ou ineficiente do condutor;Saída de leito carroçável;Com Vítimas Feridas;Plena Noite;Decrescente;Nublado;Simples;Reta;Não;1;0;1;0;0;0;1;1;-19,72554;-40,37396;SPRF-ES;DEL02-ES;UOP01-DEL02-ES
740414;20/12/2025;sábado;21:20:00;RS;153;544,2;CACAPAVA DO SUL;Reação tardia ou ineficiente do condutor;Saída de leito carroçável;Com Vítimas Feridas;Plena Noite;Crescente;Céu Claro;Simples;"Curva;Declive";Não;1;0;1;0;0;0;1;1;-30,81623366;-53,58424634;SPRF-RS;DEL09-RS;UOP02-DEL09-RS
740416;20/12/2025;sábado;20:45:00;PR;277;694;SAO MIGUEL DO IGUACU;Ingestão de álcool pelo condutor;Colisão traseira;Com Vítimas Feridas;Plena Noite;Crescente;Céu Claro;Dupla;Aclive;Não;2;0;0;1;1;0;1;2;-25,3673804;-54,2613763;SPRF-PR;DEL05-PR;UOP01-DEL05-PR
740417;20/12/2025;sábado;20:15:00;MT;163;753;SORRISO;Manobra de mudança de faixa;Colisão lateral mesmo sentido;Sem Vítimas;Plena Noite;Crescente;Nublado;Dupla;"Reta;Declive";Sim;2;0;0;0;1;1;0;2;-12,54652067;-55,71041465;SPRF-MT;DEL06-MT;UOP01-DEL06-MT
740418;20/12/2025;sábado;21:54:00;PI;135;501;MONTE ALEGRE DO PIAUI;Ausência de reação do condutor;Colisão frontal;Com Vítimas Feridas;Plena Noite;Decrescente;Céu Claro;Simples;Reta;Não;3;0;1;1;1;0;2;2;-9,74407924;-45,2847526;SPRF-PI;DEL03-PI;UOP02-DEL03-PI
740419;20/12/2025;sábado;18:40:00;PE;232;409;SERRA TALHADA;Entrada inopinada do pedestre;Atropelamento de Pedestre;Com Vítimas Fatais;Plena Noite;Decrescente;Céu Claro;Simples;"Declive;Reta";Sim;2;1;0;0;1;0;0;2;-7,982893;-38,284077;SPRF-PE;DEL04-PE;UOP01-DEL04-PE
740420;20/12/2025;sábado;22:15:00;SC;470;126;LONTRAS;Pedestre - Ingestão de álcool/ substâncias psicoativas;Atropelamento de Pedestre;Com Vítimas Feridas;Plena Noite;Decrescente;Nublado;Simples;Reta;Não;3;0;0;1;2;0;1;2;-27,12146066;-49,53564763;SPRF-SC;DEL04-SC;UOP02-DEL04-SC
740422;20/12/2025;sábado;22:08:00;PE;428;189;PETROLINA;Condutor desrespeitou a iluminação vermelha do semáforo;Colisão transversal;Com Vítimas Feridas;Plena Noite;Crescente;Céu Claro;Dupla;Reta;Sim;2;0;1;0;1;0;1;2;-9,3776247;-40,5043567;SPRF-PE;DEL06-PE;UOP01-DEL06-PE
740423;20/12/2025;sábado;22:00:00;PR;369;199;APUCARANA;Animais na Pista;Atropelamento de Animal;Com Vítimas Feridas;Plena Noite;Decrescente;Céu Claro;Dupla;Curva;Sim;6;0;3;0;3;0;3;3;-23,51836818;-51,42835379;SPRF-PR;DEL07-PR;UOP03-DEL07-PR
740424;20/12/2025;sábado;20:30:00;GO;60;201;ABADIA DE GOIAS;Manobra de mudança de faixa;Saída de leito carroçável;Sem Vítimas;Plena Noite;Crescente;Céu Claro;Dupla;"Curva;Declive";Não;1;0;0;0;0;1;0;1;-16,7906905;-49,5035447;SPRF-GO;DEL01-GO;UOP02-DEL01-GO