id;data_inversa;dia_semana;horario;uf;br;km;municipio;causa_acidente;tipo_acidente;classificacao_acidente;fase_dia;sentido_via;condicao_metereologica;tipo_pista;tracado_via;uso_solo;pessoas;mortos;feridos_leves;feridos_graves;ilesos;ignorados;feridos;veiculos;latitude;longitude;regional;delegacia;uop
740425;20/12/2025;sábado;20:10:00;PR;277;351;GUARAPUAVA;Reação tardia ou ineficiente do condutor;Colisão lateral mesmo sentido;Com Vítimas Feridas;Plena Noite;Decrescente;Céu Claro;Dupla;Reta;Sim;4;0;1;0;3;0;1;3;-25,36586;-51,481;SPRF-PR;DEL08-PR;UOP01-DEL08-PR
740426;20/12/2025;sábado;21:30:00;MG;262;426,9;NOVA SERRANA;Velocidade Incompatível;Colisão com objeto;Com Vítimas Feridas;Plena Noite;Decrescente;Céu Claro;Dupla;"Declive;Curva";Não;1;0;1;0;0;0;1;1;-19,89329055;-44,87724571;SPRF-MG;DEL08-MG;UOP03-DEL08-MG
740427;20/12/2025;sábado;22:00:00;PR;277;453,4;CASCAVEL;Ingestão de álcool pelo condutor;Colisão lateral sentido oposto;Com Vítimas Feridas;Plena Noite;Crescente;Céu Claro;Simples;Curva;Não;2;0;1;0;1;0;1;2;-25,08512586;-53,1461904;SPRF-PR;DEL04-PR;UOP02-DEL04-PR
740428;20/12/2025;sábado;22:10:00;PE;101;65;RECIFE;Ausência de reação do condutor;Colisão com objeto;Sem Vítimas;Plena Noite;Decrescente;Céu Claro;Dupla;Reta;Não;1;0;0;0;0;1;0;1;-8,03352;-34,94182;SPRF-PE;DEL01-PE;UOP01-DEL01-PE
740429;20/12/2025;sábado;22:55:00;RJ;101;330;RIO DE JANEIRO;Reação tardia ou ineficiente do condutor;Colisão traseira;Com Vítimas Feridas;Plena Noite;Crescente;Céu Claro;Dupla;"Ponte;Reta";Não;4;0;2;0;2;0;2;2;-22,87020083;-43,16884786;SPRF-RJ;DEL02-RJ;UOP01-DEL02-RJ
740430;20/12/2025;sábado;19:50:00;RS;386;101;SAO JOSE DAS MISSOES;Pedestre cruzava a pista fora da faixa;Atropelamento de Pedestre;Com Vítimas Fatais;Plena Noite;Crescente;Céu Claro;Simples;Curva;Não;2;1;0;0;0;1;0;2;-27,760788;-53,115492;SPRF-RS;DEL08-RS;UOP01-DEL08-RS
740431;20/12/2025;sábado;23:10:00;RN;304;24,3;MOSSORO;Reação tardia ou ineficiente do condutor;Saída de leito carroçável;Com Vítimas Feridas;Plena Noite;Crescente;Céu Claro;Dupla;"Rotatória;Curva";Não;2;0;1;0;1;0;1;1;-5,06702583;-37,33119823;SPRF-RN;DEL04-RN;UOP02-DEL04-RN
740432;20/12/2025;sábado;23:40:00;ES;101;266;SERRA;Reação tardia ou ineficiente do condutor;Tombamento;Sem Vítimas;Plena Noite;Crescente;Nublado;Dupla;Reta;Sim;1;0;0;0;0;1;0;1;-20,19358129;-40,26876729;SPRF-ES;DEL02-ES;UOP01-DEL02-ES
740434;20/12/2025;sábado;22:20:00;RJ;356;13;ITAPERUNA;Ausência de reação do condutor;Colisão com objeto;Com Vítimas Feridas;Plena Noite;Decrescente;Nublado;Simples;Curva;Não;1;0;1;0;0;0;1;1;-21,17768905;-42,06699371;SPRF-RJ;DEL08-RJ;UOP03-DEL08-RJ
740435;21/12/2025;domingo;00:00:00;SC;116;5,5;MAFRA;Ausência de reação do condutor;Colisão transversal;Com Vítimas Feridas;Plena Noite;Crescente;Céu Claro;Simples;Reta;Sim;2;0;0;1;1;0;1;2;-26,145223;-49,821637;SPRF-SC;DEL06-SC;UOP01-DEL06-SC
740436;20/12/2025;sábado;23:50:00;ES;101;145,6;LINHARES;Ingestão de álcool pelo condutor;Saída de leito carroçável;Sem Vítimas;Plena Noite;Crescente;Céu Claro;Dupla;Reta;Não;1;0;0;0;1;0;0;1;-19,35540092;-40,06452352;SPRF-ES;DEL04-ES;UOP01-DEL04-ES
740437;20/12/2025;sábado;23:25:00;PB;230;36,1;SANTA RITA;Ausência de reação do condutor;Colisão traseira;Com Vítimas Feridas;Plena Noite;Crescente;Céu Claro;Dupla;"Reta;Aclive";Não;2;0;1;0;0;1;1;2;-7,126445;-34,949808;SPRF-PB;DEL01-PB;UOP02-DEL01-PB
740438;20/12/2025;sábado;22:00:00;PI;316;24;TERESINA;Acessar a via sem observar a presença dos outros veículos;Colisão transversal;Sem Vítimas;Plena Noite;Crescente;Céu Claro;Múltipla;Reta;Sim;2;0;0;0;0;2;0;2;-5,28958;-42,717013;SPRF-PI;DEL01-PI;UOP02-DEL01-PI
740439;20/12/2025;sábado;22:43:00;RO;364;710;PORTO VELHO;Ausência de reação do condutor;Saída de leito carroçável;Sem Vítimas;Plena Noite;Crescente;Céu Claro;Simples;Curva;Sim;1;0;0;0;0;1;0;1;-8,78713979;-63,8555309;SPRF-RO;DEL01-RO;UOP01-DEL01-RO
740440;20/12/2025;sábado;22:50:00;SP;116;150;SAO JOSE DOS CAMPOS;Ausência de reação do condutor;Colisão com objeto;Com Vítimas Feridas;Plena Noite;Decrescente;Céu Claro;Múltipla;Declive;Sim;1;0;1;0;0;0;1;1;-23,21494189;-45,89477322;SPRF-SP;DEL02-SP;UOP01-DEL02-SP
740441;20/12/2025;sábado;23:30:00;SP;116;277,9;EMBU DAS ARTES;Ausência de reação do condutor;Colisão traseira;Com Vítimas Feridas;Plena Noite;Crescente;Céu Claro;Dupla;"Declive;Reta";Sim;2;0;1;0;1;0;1;2;-23,63464607;-46,82470936;SPRF-SP;DEL04-SP;UOP01-DEL04-SP
740442;21/12/2025;domingo;00:05:00;ES;101;257,5;SERRA;Ausência de reação do condutor;Colisão traseira;Com Vítimas Feridas;Pleno dia;Crescente;Céu Claro;Dupla;"Retorno Regulamentado;Rotatória;Curva";Sim;2;0;1;0;1;0;1;2;-20,12804;-40,29946;SPRF-ES;DEL02-ES;UOP01-DEL02-ES
740443;20/12/2025;sábado;23:50:00;PB;230;86;JOAO PESSOA;Ausência de reação do condutor;Tombamento;Com Vítimas Feridas;Plena Noite;Decrescente;Céu Claro;Dupla;"Declive;Curva";Sim;2;0;2;0;0;0;2;1;-7,15122843;-34,90954494;SPRF-PB;DEL01-PB;UOP02-DEL01-PB
740444;20/12/2025;sábado;22:30:00;SE;101;145,2;ESTANCIA;Velocidade Incompatível;Colisão com objeto;Com Vítimas Feridas;Plena Noite;Crescente;Céu Claro;Dupla;Reta;Não;3;0;1;0;0;2;1;2;-11,21427;-37,41607;SPRF-SE;DEL02-SE;UOP01-DEL02-SE
740445;21/12/2025;domingo;00:10:00;GO;40;2;VALPARAISO DE GOIAS;Acessar a via sem observar a presença dos outros veículos;Colisão lateral mesmo sentido;Com Vítimas Feridas;Plena Noite;Crescente;Garoa/Chuvisco;Dupla;Reta;Não;2;0;1;0;1;0;1;2;-16,0582007;-47,98278451;SPRF-DF;DEL01-DF;UOP01-DEL01-DF
740446;20/12/2025;sábado;16:00:00;BA;242;571;OLIVEIRA DOS BREJINHOS;Ingestão de álcool pelo condutor;Colisão frontal;Com Vítimas Fatais;Pleno dia;Crescente;Céu Claro;Simples;Reta;Não;2;1;1;0;0;0;1;2;-12,04199;-42,97435;SPRF-BA;DEL06-BA;UOP03-DEL06-BA
740447;20/12/2025;sábado;23:40:00;MS;60;370,6;CAMPO GRANDE;Ausência de reação do condutor;Colisão lateral sentido oposto;Com Vítimas Feridas;Plena Noite;Crescente;Céu Claro;Simples;Reta;Não;8;0;1;0;7;0;1;2;-20,56881993;-54,68972079;SPRF-MS;DEL01-MS;UOP04-DEL01-MS
740448;21/12/2025;domingo;00:05:00;PR;277;676,3;MEDIANEIRA;Ausência de reação do condutor;Saída de leito carroçável;Sem Vítimas;Plena Noite;Crescente;Céu Claro;Dupla;"Declive;Reta";Não;2;0;0;0;2;0;0;1;-25,29949276;-54,12388802;SPRF-PR;DEL05-PR;UOP01-DEL05-PR
740449;20/12/2025;sábado;23:42:00;PB;104;97,2;ESPERANCA;Desrespeitar a preferência no cruzamento;Colisão transversal;Com Vítimas Fatais;Plena Noite;Decrescente;Céu Claro;Simples;Interseção de Vias;Sim;2;1;0;0;1;0;0;2;-7,02103619;-35,85578847;SPRF-PB;DEL02-PB;UOP04-DEL02-PB
740451;21/12/2025;domingo;00:55:00;RS;287;279;SAO PEDRO DO SUL;Pedestre andava na pista;Atropelamento de Pedestre;Com Vítimas Fatais;Plena Noite;Crescente;Céu Claro;Simples;Reta;Não;2;1;0;0;1;0;0;2;-29,642499;-54,167817;SPRF-RS;DEL09-RS;UOP01-DEL09-RS
740452;20/12/2025;sábado;23:50:00;PI;343;307,4;ALTOS;Acessar a via sem observar a presença dos outros veículos;Colisão transversal;Com Vítimas Fatais;Plena Noite;Decrescente;Céu Claro;Simples;Reta;Sim;2;1;1;0;0;0;1;2;-5,03914;-42,462195;SPRF-PI;DEL01-PI;UOP01-DEL01-PI
740453;20/12/2025;sábado;22:00:00;PA;308;229;AUGUSTO CORREA;Ausência de reação do condutor;Colisão frontal;Com Vítimas Fatais;Plena Noite;Decrescente;Nublado;Simples;Reta;Não;3;1;0;2;0;0;2;2;-1,147542;-46,603238;SPRF-PA;DEL01-PA;UOP03-DEL01-PA
740454;21/12/2025;domingo;01:10:00;SP;101;40;UBATUBA;Ausência de reação do condutor;Tombamento;Sem Vítimas;Plena Noite;Crescente;Céu Claro;Simples;Reta;Não;1;0;0;0;1;0;0;1;-23,41332291;-45,03317403;SPRF-SP;DEL06-SP;UOP01-DEL06-SP
740457;21/12/2025;domingo;01:30:00;PR;277;2,3;CURITIBA;Reação tardia ou ineficiente do condutor;Saída de leito carroçável;Com Vítimas Feridas;Plena Noite;Decrescente;Nublado;Dupla;Reta;Sim;1;0;1;0;0;0;1;1;-25,43027908;-49,34458701;SPRF-PR;DEL01-PR;UOP06-DEL01-PR
740458;21/12/2025;domingo;00:43:00;RS;470;177;VERANOPOLIS;Retorno proibido;Colisão transversal;Com Vítimas Feridas;Plena Noite;Decrescente;Céu Claro;Simples;Reta;Sim;3;0;2;1;0;0;3;2;-28,9407158;-51,54780714;SPRF-RS;DEL06-RS;UOP02-DEL06-RS
740460;21/12/2025;domingo;02:45:00;ES;101;156,5;LINHARES;Acessar a via sem observar a presença dos outros veículos;Colisão lateral sentido oposto;Com Vítimas Feridas;Plena Noite;Crescente;Céu Claro;Simples;Reta;Não;2;0;1;0;0;1;1;2;-19,41469584;-40,06721947;SPRF-ES;DEL04-ES;UOP01-DEL04-ES
740461;21/12/2025;domingo;03:40:00;MG;381;516;IGARAPE;Velocidade Incompatível;Saída de leito carroçável;Sem Vítimas;Plena Noite;Crescente;Garoa/Chuvisco;Dupla;Curva;Não;1;0;0;0;1;0;0;1;-20,10236483;-44,3195343;SPRF-MG;DEL01-MG;UOP03-DEL01-MG
740462;21/12/2025;domingo;03:30:00;SP;116;302;SAO LOURENCO DA SERRA;Condutor Dormindo;Colisão com objeto;Com Vítimas Feridas;Plena Noite;Crescente;Céu Claro;Dupla;Reta;Não;2;0;0;1;1;0;1;1;-23,80493442;-46,9223779;SPRF-SP;DEL04-SP;UOP01-DEL04-SP
740465;21/12/2025;domingo;03:25:00;AL;104;73;MESSIAS;Transitar na contramão;Colisão transversal;Com Vítimas Fatais;Plena Noite;Decrescente;Céu Claro;Simples;Curva;Não;6;1;2;2;1;0;4;2;-9,36735893;-35,84834274;SPRF-AL;DEL01-AL;UOP02-DEL01-AL
740466;21/12/2025;domingo;04:00:00;ES;262;136,3;BREJETUBA;Reação tardia ou ineficiente do condutor;Saída de leito carroçável;Com Vítimas Feridas;Amanhecer;Decrescente;Nevoeiro/Neblina;Simples;"Declive;Curva";Não;8;0;7;1;0;0;8;1;-20,23546242;-41,34189606;SPRF-ES;DEL01-ES;UOP02-DEL01-ES
740467;21/12/2025;domingo;04:00:00;SC;101;202,9;SAO JOSE;Ausência de reação do condutor;Queda de ocupante de veículo;Com Vítimas Fatais;Plena Noite;Decrescente;Nublado;Múltipla;"Declive;Reta";Sim;4;1;0;1;0;2;1;2;-27,56429288;-48,61479012;SPRF-SC;DEL01-SC;UOP01-DEL01-SC
740468;21/12/2025;domingo;04:30:00;ES;101;267;SERRA;Ausência de reação do condutor;Colisão com objeto;Com Vítimas Fatais;Amanhecer;Crescente;Céu Claro;Dupla;Reta;Sim;1;1;0;0;0;0;0;1;-20,224243;-40,270428;SPRF-ES;DEL02-ES;UOP01-DEL02-ES
740469;21/12/2025;domingo;04:15:00;MS;376;114;IVINHEMA;Condutor deixou de manter distância do veículo da frente;Colisão traseira;Com Vítimas Feridas;Amanhecer;Decrescente;Céu Claro;Simples;Reta;Sim;2;0;1;0;0;1;1;2;-22,30854542;-53,84349442;SPRF-MS;DEL04-MS;UOP04-DEL04-MS
740470;21/12/2025;domingo;05:00:00;ES;101;239;SERRA;Demais falhas mecânicas ou elétricas;Incêndio;Sem Vítimas;Amanhecer;Crescente;Céu Claro;Simples;Reta;Não;1;0;0;0;1;0;0;1;-20,01669;-40,40384;SPRF-ES;DEL02-ES;UOP01-DEL02-ES
740471;21/12/2025;domingo;02:41:00;MT;163;1016;TERRA NOVA DO NORTE;Animais na Pista;Tombamento;Com Vítimas Feridas;Pleno dia;Decrescente;Ignorado;Simples;Reta;Não;1;0;1;0;0;0;1;1;-10,345958;-55,041706;SPRF-MT;DEL06-MT;UOP03-DEL06-MT
740472;21/12/2025;domingo;04:50:00;GO;153;435;ANAPOLIS;Ingestão de álcool pelo condutor;Colisão traseira;Com Vítimas Feridas;Amanhecer;Decrescente;Céu Claro;Dupla;"Interseção de Vias;Reta";Sim;4;0;1;0;3;0;1;2;-16,287068;-48,94239;SPRF-GO;DEL02-GO;UOP01-DEL02-GO
740473;21/12/2025;domingo;05:00:00;SP;116;110;TAUBATE;Ausência de reação do condutor;Colisão lateral mesmo sentido;Com Vítimas Feridas;Amanhecer;Decrescente;Céu Claro;Dupla;Reta;Sim;2;0;1;0;1;0;1;2;-23,03076715;-45,54588318;SPRF-SP;DEL02-SP;UOP02-DEL02-SP
740474;21/12/2025;domingo;03:50:00;RJ;116;275;BARRA MANSA;Pedestre andava na pista;Atropelamento de Pedestre;Com Vítimas Feridas;Amanhecer;Decrescente;Céu Claro;Simples;"Reta;Aclive";Sim;2;0;1;0;1;0;1;2;-22,56082732;-44,15392559;SPRF-RJ;DEL07-RJ;UOP02-DEL07-RJ
740475;21/12/2025;domingo;05:00:00;RJ;40;40;AREAL;Animais na Pista;Atropelamento de Animal;Com Vítimas Feridas;Pleno dia;Decrescente;Céu Claro;Simples;Reta;Não;1;0;1;0;0;0;1;1;-22,19382439;-43,15813633;SPRF-RJ;DEL05-RJ;UOP02-DEL05-RJ
740476;21/12/2025;domingo;04:00:00;SC;101;134;BALNEARIO CAMBORIU;Ausência de reação do condutor;Saída de leito carroçável;Sem Vítimas;Plena Noite;Decrescente;Céu Claro;Dupla;Reta;Sim;1;0;0;0;0;1;0;1;-27,00190882;-48,63225818;SPRF-SC;DEL04-SC;UOP03-DEL04-SC
740477;21/12/2025;domingo;04:40:00;GO;40;95;CRISTALINA;Reação tardia ou ineficiente do condutor;Saída de leito carroçável;Com Vítimas Feridas;Amanhecer;Crescente;Ignorado;Simples;Reta;Sim;1;0;1;0;0;0;1;1;-16,755443;-47,603395;SPRF-DF;DEL01-DF;UOP02-DEL01-DF
740478;21/12/2025;domingo;05:30:00;DF;20;14;BRASILIA;Reação tardia ou ineficiente do condutor;Capotamento;Com Vítimas Feridas;Amanhecer;Crescente;Céu Claro;Dupla;Reta;Não;1;0;0;1;0;0;1;1;-15,63337;-47,738416;SPRF-DF;DEL02-DF;UOP01-DEL02-DF
740480;21/12/2025;domingo;05:45:00;GO;40;2;VALPARAISO DE GOIAS;Velocidade Incompatível;Colisão com objeto;Sem Vítimas;Amanhecer;Crescente;Céu Claro;Dupla;Reta;Sim;1;0;0;0;0;1;0;1;-16,0677093;-47,9846095;SPRF-DF;DEL01-DF;UOP01-DEL01-DF
740481;21/12/2025;domingo;02:50:00;MG;365;256,3;JOAO PINHEIRO;Ultrapassagem Indevida;Colisão frontal;Com Vítimas Fatais;Plena Noite;Crescente;Céu Claro;Simples;Curva;Não;3;1;0;0;2;0;0;2;-17,85230974;-45,49438477;SPRF-MG;DEL10-MG;UOP02-DEL010-MG
740482;21/12/2025;domingo;04:50:00;GO;20;173,6;ALVORADA DO NORTE;Transitar na contramão;Colisão frontal;Com Vítimas Fatais;Plena Noite;Crescente;Céu Claro;Simples;Reta;Não;11;5;4;0;2;0;4;2;-14,551677;-46,556156;SPRF-DF;DEL02-DF;UOP03-DEL02-DF
740483;21/12/2025;domingo;04:28:00;SC;101;190,1;BIGUACU;Ausência de reação do condutor;Colisão com objeto;Com Vítimas Fatais;Plena Noite;Decrescente;Garoa/Chuvisco;Dupla;Reta;Não;2;1;0;1;0;0;1;1;-27,469803;-48,64139;SPRF-SC;DEL01-SC;UOP01-DEL01-SC
740484;21/12/2025;domingo;03:10:00;RS;287;256,6;SANTA MARIA;Ausência de reação do condutor;Saída de leito carroçável;Com Vítimas Feridas;Plena Noite;Decrescente;Céu Claro;Simples;Reta;Não;2;0;0;2;0;0;2;1;-29,682497;-53,936578;SPRF-RS;DEL09-RS;UOP01-DEL09-RS
740485;21/12/2025;domingo;05:30:00;SP;116;465;PARIQUERA-ACU;Ausência de reação do condutor;Saída de leito carroçável;Com Vítimas Feridas;Amanhecer;Decrescente;Nublado;Simples;Curva;Não;2;0;1;0;1;0;1;1;-24,64531803;-47,91775751;SPRF-SP;DEL05-SP;UOP01-DEL05-SP
740486;21/12/2025;domingo;05:00:00;PR;116;115;CURITIBA;Reação tardia ou ineficiente do condutor;Saída de leito carroçável;Sem Vítimas;Pleno dia;Decrescente;Céu Claro;Dupla;Reta;Sim;1;0;0;0;1;0;0;1;-25,544965;-49,301706;SPRF-PR;DEL01-PR;UOP03-DEL01-PR
740487;21/12/2025;domingo;04:00:00;SC;282;187;BOCAINA DO SUL;Reação tardia ou ineficiente do condutor;Colisão lateral mesmo sentido;Sem Vítimas;Plena Noite;Decrescente;Nublado;Simples;"Reta;Aclive";Não;4;0;0;0;4;0;0;2;-27,7376;-50,01088;SPRF-SC;DEL05-SC;UOP01-DEL05-SC
740488;21/12/2025;domingo;07:00:00;PR;277;78;CURITIBA;Ausência de reação do condutor;Queda de ocupante de veículo;Com Vítimas Feridas;Pleno dia;Decrescente;Céu Claro;Dupla;Reta;Não;2;0;2;0;0;0;2;1;-25,48202141;-49,19540405;SPRF-PR;DEL01-PR;UOP07-DEL01-PR
740491;21/12/2025;domingo;03:30:00;SP;116;138,8;SAO JOSE DOS CAMPOS;Ingestão de álcool pelo condutor;Colisão traseira;Com Vítimas Feridas;Plena Noite;Crescente;Céu Claro;Dupla;"Reta;Aclive";Não;13;0;6;0;7;0;6;5;-23,15779592;-45,79660032;SPRF-SP;DEL02-SP;UOP01-DEL02-SP
740493;21/12/2025;domingo;05:21:00;PE;423;22,9;SAO CAITANO;Ingestão de substâncias psicoativas pelo condutor;Colisão traseira;Com Vítimas Feridas;Pleno dia;Crescente;Céu Claro;Simples;Reta;Não;3;0;1;0;2;0;1;2;-8,360508;-36,172171;SPRF-PE;DEL03-PE;UOP02-DEL03-PE
740494;21/12/2025;domingo;00:20:00;MG;40;43;PARACATU;Ausência de reação do condutor;Tombamento;Sem Vítimas;Plena Noite;Decrescente;Céu Claro;Simples;Reta;Sim;1;0;0;0;0;1;0;1;-17,227825;-46,858831;SPRF-MG;DEL14-MG;UOP01-DEL14-MG
740495;21/12/2025;domingo;04:20:00;PA;10;12;DOM ELISEU;Velocidade Incompatível;Colisão traseira;Com Vítimas Feridas;Plena Noite;Crescente;Chuva;Simples;"Curva;Aclive";Não;4;0;2;0;0;2;2;2;-4,333545;-47,536892;SPRF-PA;DEL02-PA;UOP02-DEL02-PA
740496;21/12/2025;domingo;03:20:00;PA;308;158,7;CAPANEMA;Ingestão de álcool pelo condutor;Saída de leito carroçável;Sem Vítimas;Plena Noite;Crescente;Céu Claro;Simples;Reta;Não;1;0;0;0;1;0;0;1;-1,210932;-47,116193;SPRF-PA;DEL01-PA;UOP03-DEL01-PA
740497;21/12/2025;domingo;02:23:00;PA;163;597;TRAIRAO;Ingestão de álcool pelo condutor;Saída de leito carroçável;Sem Vítimas;Plena Noite;Decrescente;Garoa/Chuvisco;Simples;Reta;Não;1;0;0;0;1;0;0;1;-4,845752;-56,153592;SPRF-PA;DEL05-PA;UOP03-DEL05-PA
740498;20/12/2025;sábado;16:20:00;MT;163;639;NOVA MUTUM;Acessar a via sem observar a presença dos outros veículos;Colisão lateral mesmo sentido;Com Vítimas Feridas;Pleno dia;Decrescente;Chuva;Simples;Reta;Não;8;0;2;0;5;1;2;3;-13,46477;-56,073547;SPRF-MT;DEL01-MT;UOP01-DEL01-MT
740500;21/12/2025;domingo;07:50:00;SC;470;53,2;BLUMENAU;Manobra de mudança de faixa;Colisão lateral mesmo sentido;Com Vítimas Feridas;Pleno dia;Crescente;Céu Claro;Simples;"Em Obras;Reta";Sim;3;0;3;0;0;0;3;2;-26,86210009;-49,09445493;SPRF-SC;DEL04-SC;UOP01-DEL04-SC
740501;21/12/2025;domingo;07:55:00;SC;470;55;BLUMENAU;Condutor Dormindo;Colisão lateral sentido oposto;Sem Vítimas;Pleno dia;Crescente;Céu Claro;Simples;"Em Obras;Reta";Não;2;0;0;0;2;0;0;2;-26,8764444;-49,12353007;SPRF-SC;DEL04-SC;UOP01-DEL04-SC
740502;21/12/2025;domingo;07:30:00;SC;470;85;RODEIO;Condutor deixou de manter distância do veículo da frente;Colisão lateral mesmo sentido;Com Vítimas Feridas;Pleno dia;Crescente;Nublado;Simples;Reta;Sim;3;0;2;0;1;0;2;2;-26,9587911;-49,34734281;SPRF-SC;DEL04-SC;UOP01-DEL04-SC
740503;20/12/2025;sábado;17:55:00;PE;407;129;PETROLINA;Avarias e/ou desgaste excessivo no pneu;Tombamento;Com Vítimas Feridas;Pleno dia;Crescente;Céu Claro;Dupla;"Ponte;Reta";Sim;2;0;2;0;0;0;2;1;-9,403352;-40,503978;SPRF-PE;DEL06-PE;UOP01-DEL06-PE
740504;21/12/2025;domingo;07:40:00;MG;262;375;JUATUBA;Trafegar com motocicleta (ou similar) entre as faixas;Colisão traseira;Com Vítimas Feridas;Pleno dia;Crescente;Céu Claro;Dupla;"Curva;Aclive";Não;4;0;0;2;2;0;2;2;-19,9575;-44,3755;SPRF-MG;DEL01-MG;UOP03-DEL01-MG
740505;21/12/2025;domingo;06:45:00;SC;101;233;PALHOCA;Manobra de mudança de faixa;Colisão lateral mesmo sentido;Com Vítimas Feridas;Pleno dia;Crescente;Céu Claro;Dupla;Reta;Não;3;0;1;0;2;0;1;2;-27,80346561;-48,6382045;SPRF-SC;DEL01-SC;UOP02-DEL01-SC
740506;21/12/2025;domingo;08:00:00;PA;316;125;SANTA MARIA DO PARA;Ingestão de álcool pelo condutor;Colisão frontal;Com Vítimas Feridas;Pleno dia;Crescente;Céu Claro;Simples;Reta;Não;3;0;2;0;1;0;2;3;-1,343488;-47,579136;SPRF-PA;DEL01-PA;UOP02-DEL01-PA
740508;21/12/2025;domingo;06:00:00;PI;316;96;BARRO DURO;Ausência de reação do condutor;Saída de leito carroçável;Com Vítimas Fatais;Amanhecer;Decrescente;Chuva;Simples;Reta;Sim;1;1;0;0;0;0;0;1;-5,82614154;-42,50065327;SPRF-PI;DEL04-PI;UOP02-DEL04-PI
740510;21/12/2025;domingo;07:35:00;CE;20;304,2;CANINDE;Ausência de reação do condutor;Colisão traseira;Com Vítimas Feridas;Pleno dia;Decrescente;Céu Claro;Simples;Reta;Sim;2;0;2;0;0;0;2;2;-4,3803433;-39,30993;SPRF-CE;DEL02-CE;UOP01-DEL02-CE
740512;20/12/2025;sábado;21:55:00;PE;232;264;SERTANIA;Animais na Pista;Atropelamento de Animal;Sem Vítimas;Plena Noite;Crescente;Ignorado;Simples;Reta;Não;2;0;0;0;2;0;0;1;-8,408835;-37,168387;SPRF-PE;DEL04-PE;UOP02-DEL04-PE
740513;09/12/2025;terça-feira;16:30:00;SC;470;193,6;POUSO REDONDO;Velocidade Incompatível;Colisão frontal;Com Vítimas Feridas;Pleno dia;Crescente;Nublado;Simples;"Aclive;Curva";Não;5;0;3;2;0;0;5;2;-27,30155;-50,07969;SPRF-SC;DEL04-SC;UOP02-DEL04-SC
740514;21/12/2025;domingo;08:10:00;PI;316;10,9;TERESINA;Desrespeitar a preferência no cruzamento;Colisão transversal;Com Vítimas Feridas;Pleno dia;Crescente;Nublado;Múltipla;"Interseção de Vias;Viaduto;Rotatória";Sim;2;0;1;0;1;0;1;2;-5,18280197;-42,76350291;SPRF-PI;DEL01-PI;UOP02-DEL01-PI
740515;21/12/2025;domingo;08:25:00;RN;101;109;PARNAMIRIM;Reação tardia ou ineficiente do condutor;Colisão com objeto;Sem Vítimas;Pleno dia;Decrescente;Céu Claro;Dupla;Curva;Sim;1;0;0;0;1;0;0;1;-5,939043;-35,26466;SPRF-RN;DEL01-RN;UOP01-DEL01-RN
740517;21/12/2025;domingo;08:50:00;PR;376;277;MARILANDIA DO SUL;Manobra de mudança de faixa;Queda de ocupante de veículo;Com Vítimas Feridas;Pleno dia;Crescente;Céu Claro;Dupla;Reta;Não;1;0;1;0;0;0;1;1;-23,79439526;-51,2629816;SPRF-PR;DEL07-PR;UOP02-DEL07-PR
740519;21/12/2025;domingo;08:00:00;MG;262;375;JUATUBA;Velocidade Incompatível;Colisão com objeto;Com Vítimas Feridas;Pleno dia;Crescente;Céu Claro;Dupla;"Curva;Aclive";Não;1;0;0;1;0;0;1;1;-19,936234;-44,433159;SPRF-MG;DEL01-MG;UOP03-DEL01-MG
740521;21/12/2025;domingo;05:40:00;CE;20;403;CAUCAIA;Velocidade Incompatível;Saída de leito carroçável;Sem Vítimas;Pleno dia;Decrescente;Nublado;Simples;Reta;Não;1;0;0;0;0;1;0;1;-3,7661278;-38,663181;SPRF-CE;DEL01-CE;UOP01-DEL01-CE
740522;21/12/2025;domingo;08:30:00;RJ;40;105;DUQUE DE CAXIAS;Acessar a via sem observar a presença dos outros veículos;Colisão transversal;Com Vítimas Feridas;Pleno dia;Decrescente;Céu Claro;Simples;"Declive;Reta";Sim;2;0;1;0;1;0;1;2;-22,64282653;-43,28350894;SPRF-RJ;DEL01-RJ;UOP02-DEL01-RJ
740523;21/12/2025;domingo;07:35:00;AL;316;205;MARIBONDO;Reação tardia ou ineficiente do condutor;Atropelamento de Pedestre;Com Vítimas Fatais;Pleno dia;Crescente;Céu Claro;Simples;Reta;Não;2;1;0;0;0;1;0;2;-9,566625;-36,284545;SPRF-AL;DEL03-AL;UOP01-DEL03-AL
740525;21/12/2025;domingo;05:30:00;MS;267;460;GUIA LOPES DA LAGUNA;Ingestão de álcool pelo condutor;Saída de leito carroçável;Com Vítimas Feridas;Pleno dia;Decrescente;Céu Claro;Simples;Reta;Não;5;0;1;3;1;0;4;1;-21,435513;-55,950611;SPRF-MS;DEL05-MS;UOP01-DEL05-MS
740526;21/12/2025;domingo;09:15:00;MG;381;449,2;BELO HORIZONTE;Retorno proibido;Colisão transversal;Com Vítimas Feridas;Pleno dia;Decrescente;Nublado;Simples;Declive;Sim;3;0;3;0;0;0;3;2;-19,8411037;-43,8853412;SPRF-MG;DEL01-MG;UOP01-DEL01-MG
740528;21/12/2025;domingo;09:50:00;PE;101;70;RECIFE;Mal súbito do condutor;Tombamento;Com Vítimas Feridas;Pleno dia;Crescente;Céu Claro;Dupla;Reta;Sim;2;0;1;0;0;1;1;2;-8,072554;-34,93837;SPRF-PE;DEL01-PE;UOP01-DEL01-PE
740529;21/12/2025;domingo;10:00:00;ES;262;53;MARECHAL FLORIANO;Animais na Pista;Queda de ocupante de veículo;Com Vítimas Feridas;Pleno dia;Decrescente;Céu Claro;Simples;Curva;Não;1;0;1;0;0;0;1;1;-20,415115;-40,741681;SPRF-ES;DEL01-ES;UOP01-DEL01-ES