id;data_inversa;dia_semana;horario;uf;br;km;municipio;causa_acidente;tipo_acidente;classificacao_acidente;fase_dia;sentido_via;condicao_metereologica;tipo_pista;tracado_via;uso_solo;pessoas;mortos;feridos_leves;feridos_graves;ilesos;ignorados;feridos;veiculos;latitude;longitude;regional;delegacia;uop
740530;21/12/2025;domingo;10:15:00;PB;101;86;JOAO PESSOA;Condutor deixou de manter distância do veículo da frente;Colisão traseira;Sem Vítimas;Pleno dia;Decrescente;Céu Claro;Dupla;Reta;Sim;2;0;0;0;1;1;0;2;-7,16159;-34,903808;SPRF-PB;DEL01-PB;UOP01-DEL01-PB
740531;21/12/2025;domingo;09:00:00;SC;163;106,2;SAO JOSE DO CEDRO;Acessar a via sem observar a presença dos outros veículos;Colisão lateral mesmo sentido;Com Vítimas Feridas;Pleno dia;Crescente;Nublado;Múltipla;"Curva;Interseção de Vias";Sim;3;0;1;1;1;0;2;2;-26,43305393;-53,5190417;SPRF-SC;DEL07-SC;UOP03-DEL07-SC
740532;21/12/2025;domingo;09:25:00;GO;153;689,7;ITUMBIARA;Reação tardia ou ineficiente do condutor;Saída de leito carroçável;Com Vítimas Feridas;Pleno dia;Decrescente;Nublado;Dupla;"Declive;Reta";Não;5;0;5;0;0;0;5;1;-18,29806905;-49,23597263;SPRF-GO;DEL03-GO;UOP02-DEL03-GO
740533;21/12/2025;domingo;10:20:00;PE;428;141;PETROLINA;Condutor deixou de manter distância do veículo da frente;Colisão traseira;Com Vítimas Feridas;Pleno dia;Crescente;Céu Claro;Simples;Reta;Sim;2;0;1;0;0;1;1;2;-9,008506;-40,274977;SPRF-PE;DEL06-PE;UOP01-DEL06-PE
740534;21/12/2025;domingo;08:15:00;RS;290;688,5;URUGUAIANA;Velocidade Incompatível;Saída de leito carroçável;Com Vítimas Feridas;Pleno dia;Decrescente;Chuva;Simples;Reta;Não;2;0;2;0;0;0;2;1;-29,880029;-56,768974;SPRF-RS;DEL13-RS;UOP01-DEL13-RS
740535;21/12/2025;domingo;11:00:00;ES;262;31,5;DOMINGOS MARTINS;Problema com o freio;Saída de leito carroçável;Com Vítimas Feridas;Pleno dia;Crescente;Sol;Simples;Curva;Não;1;0;1;0;0;0;1;1;-20,37913365;-40,57418346;SPRF-ES;DEL01-ES;UOP01-DEL01-ES
740536;21/12/2025;domingo;08:57:00;MS;163;178;JUTI;Ausência de reação do condutor;Saída de leito carroçável;Com Vítimas Feridas;Pleno dia;Decrescente;Céu Claro;Simples;"Declive;Curva";Não;1;0;1;0;0;0;1;1;-22,846179;-54,663912;SPRF-MS;DEL09-MS;UOP01-DEL09-MS
740539;21/12/2025;domingo;11:15:00;SC;101;130;CAMBORIU;Trafegar com motocicleta (ou similar) entre as faixas;Queda de ocupante de veículo;Com Vítimas Feridas;Pleno dia;Decrescente;Céu Claro;Dupla;Curva;Não;1;0;1;0;0;0;1;1;-26,98615638;-48,66677284;SPRF-SC;DEL04-SC;UOP03-DEL04-SC
740540;21/12/2025;domingo;11:00:00;DF;60;9;BRASILIA;Demais falhas mecânicas ou elétricas;Tombamento;Com Vítimas Feridas;Pleno dia;Crescente;Céu Claro;Dupla;"Curva;Declive";Sim;2;0;1;0;0;1;1;2;-15,90626923;-48,13975096;SPRF-DF;DEL03-DF;UOP01-DEL03-DF
740541;21/12/2025;domingo;11:20:00;RJ;116;184,5;NOVA IGUACU;Reação tardia ou ineficiente do condutor;Colisão traseira;Com Vítimas Feridas;Pleno dia;Decrescente;Céu Claro;Dupla;Reta;Sim;3;0;2;0;1;0;2;2;-22,74298721;-43,45145005;SPRF-RJ;DEL06-RJ;UOP01-DEL06-RJ
740542;21/12/2025;domingo;11:20:00;SC;282;21,5;PALHOCA;Transitar na contramão;Colisão lateral sentido oposto;Com Vítimas Feridas;Pleno dia;Decrescente;Nublado;Simples;Reta;Sim;5;0;1;0;4;0;1;2;-27,688627;-48,723482;SPRF-SC;DEL01-SC;UOP02-DEL01-SC
740543;21/12/2025;domingo;09:25:00;RO;364;388,5;OURO PRETO DO OESTE;Velocidade Incompatível;Colisão transversal;Com Vítimas Feridas;Pleno dia;Crescente;Céu Claro;Simples;"Reta;Interseção de Vias";Não;5;0;1;0;4;0;1;2;-10,68715;-62,273814;SPRF-RO;DEL03-RO;UOP02-DEL03-RO
740544;21/12/2025;domingo;11:05:00;MG;262;382;FLORESTAL;Reação tardia ou ineficiente do condutor;Colisão com objeto;Com Vítimas Feridas;Pleno dia;Crescente;Céu Claro;Dupla;Reta;Sim;1;0;0;1;0;0;1;1;-19,91823551;-44,49322148;SPRF-MG;DEL01-MG;UOP03-DEL01-MG
740545;21/12/2025;domingo;11:18:00;PR;369;60,1;BANDEIRANTES;Velocidade Incompatível;Saída de leito carroçável;Com Vítimas Feridas;Pleno dia;Crescente;Céu Claro;Simples;"Reta;Declive";Sim;1;0;1;0;0;0;1;1;-23,13120436;-50,39364338;SPRF-PR;DEL07-PR;UOP05-DEL07-PR
740546;21/12/2025;domingo;12:15:00;SP;101;16,5;UBATUBA;Acessar a via sem observar a presença dos outros veículos;Colisão transversal;Com Vítimas Feridas;Pleno dia;Decrescente;Céu Claro;Simples;Reta;Sim;3;0;2;0;1;0;2;2;-23,3236071;-44,88658547;SPRF-SP;DEL06-SP;UOP01-DEL06-SP
740547;21/12/2025;domingo;11:50:00;BA;101;161;CONCEICAO DO JACUIPE;Manobra de mudança de faixa;Colisão com objeto;Com Vítimas Fatais;Pleno dia;Crescente;Céu Claro;Dupla;"Reta;Declive";Não;1;1;0;0;0;0;0;1;-12,35512939;-38,783535;SPRF-BA;DEL01-BA;UOP03-DEL01-BA
740548;21/12/2025;domingo;12:20:00;MG;50;60;UBERLANDIA;Velocidade Incompatível;Colisão com objeto;Com Vítimas Feridas;Pleno dia;Crescente;Céu Claro;Dupla;"Declive;Curva";Sim;1;0;1;0;0;0;1;1;-18,8973056;-48,152576;SPRF-MG;DEL15-MG;UOP02-DEL15-MG
740549;21/12/2025;domingo;05:00:00;PI;316;105;PASSAGEM FRANCA DO PIAUI;Chuva;Queda de ocupante de veículo;Com Vítimas Feridas;Amanhecer;Decrescente;Chuva;Simples;Reta;Sim;2;0;0;2;0;0;2;1;-5,85715121;-42,44126241;SPRF-PI;DEL04-PI;UOP02-DEL04-PI
740550;21/12/2025;domingo;11:45:00;MS;262;313,5;CAMPO GRANDE;Ultrapassagem Indevida;Colisão frontal;Com Vítimas Fatais;Pleno dia;Decrescente;Céu Claro;Simples;Reta;Não;5;2;0;1;1;1;1;3;-20,472542;-54,414658;SPRF-MS;DEL01-MS;UOP01-DEL01-MS
740551;21/12/2025;domingo;07:20:00;PI;135;542;SAO GONCALO DO GURGUEIA;Reação tardia ou ineficiente do condutor;Engavetamento;Com Vítimas Feridas;Pleno dia;Decrescente;Chuva;Simples;Reta;Não;8;0;1;0;7;0;1;3;-10,058941;-45,276987;SPRF-PI;DEL03-PI;UOP02-DEL03-PI
740553;21/12/2025;domingo;11:20:00;SC;101;415,8;ARARANGUA;Pedestre andava na pista;Atropelamento de Pedestre;Com Vítimas Feridas;Pleno dia;Decrescente;Nublado;Múltipla;Reta;Sim;2;0;0;1;1;0;1;2;-28,96994;-49,526187;SPRF-SC;DEL02-SC;UOP02-DEL02-SC
740556;21/12/2025;domingo;08:15:00;MT;158;666,1;NOVA XAVANTINA;Reação tardia ou ineficiente do condutor;Capotamento;Com Vítimas Feridas;Pleno dia;Decrescente;Nublado;Simples;Reta;Não;4;0;1;0;3;0;1;1;-14,787;-52,318;SPRF-MT;DEL07-MT;UOP01-DEL07-MT
740559;21/12/2025;domingo;12:20:00;MA;10;257,5;IMPERATRIZ;Ausência de reação do condutor;Engavetamento;Sem Vítimas;Pleno dia;Decrescente;Nublado;Simples;"Interseção de Vias;Reta";Sim;5;0;0;0;3;2;0;5;-5,492401;-47,471991;SPRF-MA;DEL04-MA;UOP01-DEL04-MA
740560;21/12/2025;domingo;14:00:00;BA;101;783,7;PORTO SEGURO;Reação tardia ou ineficiente do condutor;Saída de leito carroçável;Sem Vítimas;Pleno dia;Crescente;Chuva;Simples;Curva;Não;1;0;0;0;0;1;0;1;-16,84167621;-39,48486328;SPRF-BA;DEL09-BA;UOP01-DEL09-BA
740562;21/12/2025;domingo;13:47:00;MG;459;85;CONGONHAL;Mal súbito do condutor;Queda de ocupante de veículo;Com Vítimas Feridas;Pleno dia;Decrescente;Céu Claro;Simples;Reta;Não;2;0;1;0;0;1;1;2;-22,154053;-46,067661;SPRF-MG;DEL09-MG;UOP01-DEL09-MG
740563;21/12/2025;domingo;13:25:00;RS;158;160,9;PANAMBI;Ausência de reação do condutor;Saída de leito carroçável;Com Vítimas Feridas;Pleno dia;Decrescente;Chuva;Simples;Reta;Não;1;0;1;0;0;0;1;1;-28,36886859;-53,50514531;SPRF-RS;DEL10-RS;UOP02-DEL10-RS
740564;21/12/2025;domingo;12:10:00;RJ;101;295;ITABORAI;Reação tardia ou ineficiente do condutor;Colisão traseira;Com Vítimas Feridas;Pleno dia;Crescente;Céu Claro;Simples;Reta;Sim;2;0;1;0;1;0;1;2;-22,76595702;-42,905955;SPRF-RJ;DEL02-RJ;UOP02-DEL02-RJ
740566;21/12/2025;domingo;08:00:00;SC;280;216,3;TRES BARRAS;Reação tardia ou ineficiente do condutor;Capotamento;Com Vítimas Feridas;Pleno dia;Crescente;Céu Claro;Simples;"Declive;Reta";Não;7;0;2;0;5;0;2;5;-26,18012116;-50,22664515;SPRF-SC;DEL06-SC;UOP04-DEL06-SC
740567;21/12/2025;domingo;11:49:00;PI;343;203;PIRIPIRI;Ausência de reação do condutor;Saída de leito carroçável;Sem Vítimas;Pleno dia;Crescente;Nublado;Simples;Reta;Não;1;0;0;0;0;1;0;1;-4,41803351;-41,88598216;SPRF-PI;DEL02-PI;UOP01-DEL02-PI
740568;21/12/2025;domingo;12:40:00;PE;101;51;PAULISTA;Reação tardia ou ineficiente do condutor;Tombamento;Com Vítimas Feridas;Pleno dia;Crescente;Céu Claro;Múltipla;Interseção de Vias;Sim;2;0;2;0;0;0;2;1;-7,9192725;-34,8947366;SPRF-PE;DEL01-PE;UOP02-DEL01-PE
740569;21/12/2025;domingo;14:21:00;PE;232;72,2;GRAVATA;Demais falhas mecânicas ou elétricas;Saída de leito carroçável;Com Vítimas Feridas;Pleno dia;Decrescente;Sol;Dupla;Reta;Não;2;0;1;0;1;0;1;1;-8,1883769;-35,50328884;SPRF-PE;DEL02-PE;UOP02-DEL02PE
740570;21/12/2025;domingo;13:25:00;PR;163;352;GUAIRA;Condutor deixou de manter distância do veículo da frente;Engavetamento;Com Vítimas Feridas;Pleno dia;Decrescente;Céu Claro;Simples;"Ponte;Reta";Não;10;0;1;0;9;0;1;4;-24,06725128;-54,25138347;SPRF-PR;DEL06-PR;UOP01-DEL06-PR
740572;21/12/2025;domingo;14:00:00;BA;116;11;VITORIA DA CONQUISTA;Acessar a via sem observar a presença dos outros veículos;Colisão transversal;Sem Vítimas;Pleno dia;Crescente;Nublado;Simples;Interseção de Vias;Sim;2;0;0;0;2;0;0;2;-14,87274465;-40,87148169;SPRF-BA;DEL08-BA;UOP01-DEL08-BA
740573;21/12/2025;domingo;14:00:00;PR;369;473,2;CORBELIA;Pedestre andava na pista;Atropelamento de Pedestre;Com Vítimas Feridas;Pleno dia;Crescente;Nublado;Simples;Curva;Sim;4;0;0;1;3;0;1;2;-24,71702124;-53,24654516;SPRF-PR;DEL04-PR;UOP03-DEL04-PR
740575;21/12/2025;domingo;14:30:00;PI;402;14;PARNAIBA;Reação tardia ou ineficiente do condutor;Tombamento;Com Vítimas Feridas;Pleno dia;Decrescente;Nublado;Simples;Interseção de Vias;Não;1;0;1;0;0;0;1;1;-3,10055443;-41,7813161;SPRF-PI;DEL05-PI;UOP01-DEL05-PI
740576;21/12/2025;domingo;14:00:00;SP;116;500;CAJATI;Acessar a via sem observar a presença dos outros veículos;Colisão traseira;Com Vítimas Feridas;Pleno dia;Decrescente;Céu Claro;Simples;Reta;Não;4;0;2;0;1;1;2;3;-24,78627674;-48,18570203;SPRF-SP;DEL05-SP;UOP02-DEL05-SP
740577;21/12/2025;domingo;11:20:00;MG;354;757,8;ITAMONTE;Ausência de reação do condutor;Saída de leito carroçável;Com Vítimas Fatais;Pleno dia;Decrescente;Céu Claro;Simples;Curva;Não;2;1;0;0;0;1;0;2;-22,312432;-44,854942;SPRF-MG;DEL17-MG;UOP01-DEL17-MG
740578;21/12/2025;domingo;15:30:00;MG;381;501;BETIM;Trafegar com motocicleta (ou similar) entre as faixas;Colisão traseira;Com Vítimas Feridas;Pleno dia;Decrescente;Céu Claro;Dupla;Reta;Não;3;0;1;0;2;0;1;3;-19,9575;-44,1878;SPRF-MG;DEL01-MG;UOP03-DEL01-MG
740579;21/12/2025;domingo;14:50:00;RJ;116;277,5;BARRA MANSA;Acesso irregular;Colisão lateral mesmo sentido;Com Vítimas Feridas;Pleno dia;Crescente;Céu Claro;Dupla;"Retorno Regulamentado;Declive;Curva";Não;4;0;1;0;3;0;1;4;-22,552017;-44,1737704;SPRF-RJ;DEL07-RJ;UOP02-DEL07-RJ
740580;21/12/2025;domingo;15:15:00;SP;116;74;APARECIDA;Ausência de reação do condutor;Colisão traseira;Com Vítimas Feridas;Pleno dia;Crescente;Sol;Dupla;Reta;Não;2;0;1;0;1;0;1;2;-22,87301157;-45,2519036;SPRF-SP;DEL08-SP;UOP01-DEL08-SP
740583;21/12/2025;domingo;13:33:00;BA;101;486;ITAJUIPE;Ingestão de álcool pelo condutor;Colisão traseira;Com Vítimas Feridas;Pleno dia;Decrescente;Chuva;Simples;Reta;Não;6;0;0;1;5;0;1;2;-14,663;-39,352;SPRF-BA;DEL05-BA;UOP01-DEL05-BA
740584;21/12/2025;domingo;15:25:00;ES;101;287,6;CARIACICA;Acessar a via sem observar a presença dos outros veículos;Colisão transversal;Com Vítimas Feridas;Pleno dia;Decrescente;Céu Claro;Dupla;"Retorno Regulamentado;Reta;Aclive";Não;6;0;3;1;2;0;4;2;-20,27907821;-40,39268301;SPRF-ES;DEL01-ES;UOP01-DEL01-ES
740585;21/12/2025;domingo;11:00:00;PA;222;37,8;DOM ELISEU;Ausência de reação do condutor;Saída de leito carroçável;Com Vítimas Feridas;Pleno dia;Crescente;Céu Claro;Simples;Curva;Não;2;0;0;1;0;1;1;2;-4,321173;-47,730502;SPRF-PA;DEL02-PA;UOP02-DEL02-PA
740587;21/12/2025;domingo;15:32:00;PE;232;91,4;SAIRE;Demais falhas mecânicas ou elétricas;Incêndio;Sem Vítimas;Pleno dia;Crescente;Sol;Dupla;Reta;Sim;1;0;0;0;1;0;0;1;-8,21921;-35,67339;SPRF-PE;DEL02-PE;UOP03-DEL02-PE
740588;21/12/2025;domingo;14:00:00;RO;364;767;PORTO VELHO;Chuva;Saída de leito carroçável;Com Vítimas Feridas;Pleno dia;Decrescente;Chuva;Simples;Reta;Não;4;0;3;0;1;0;3;1;-9,13319066;-64,14502591;SPRF-RO;DEL01-RO;UOP02-DEL01-RO
740590;21/12/2025;domingo;15:48:00;MG;381;501;BETIM;Condutor deixou de manter distância do veículo da frente;Engavetamento;Com Vítimas Feridas;Pleno dia;Decrescente;Céu Claro;Dupla;Reta;Não;6;0;3;0;3;0;3;3;-20,00862154;-44,21672909;SPRF-MG;DEL01-MG;UOP03-DEL01-MG
740591;13/12/2025;sábado;09:30:00;CE;20;386,4;CAUCAIA;Manobra de mudança de faixa;Colisão frontal;Com Vítimas Feridas;Pleno dia;Decrescente;Céu Claro;Simples;Reta;Não;2;0;0;2;0;0;2;2;-3,87099839;-38,80651116;SPRF-CE;DEL01-CE;UOP01-DEL01-CE
740593;21/12/2025;domingo;15:50:00;ES;262;43,9;DOMINGOS MARTINS;Transitar na contramão;Colisão frontal;Com Vítimas Fatais;Pleno dia;Crescente;Sol;Simples;Reta;Não;4;1;1;1;1;0;2;2;-20,38773508;-40,66821882;SPRF-ES;DEL01-ES;UOP01-DEL01-ES
740594;21/12/2025;domingo;15:20:00;RS;290;608,5;ALEGRETE;Reação tardia ou ineficiente do condutor;Saída de leito carroçável;Sem Vítimas;Pleno dia;Decrescente;Chuva;Simples;Reta;Não;1;0;0;0;1;0;0;1;-29,9044452;-56,0301097;SPRF-RS;DEL13-RS;UOP02-DEL13-RS
740596;19/12/2025;sexta-feira;13:15:00;RS;116;224,8;DOIS IRMAOS;Acumulo de areia ou detritos sobre o pavimento;Tombamento;Com Vítimas Feridas;Pleno dia;Crescente;Céu Claro;Dupla;Curva;Não;1;0;1;0;0;0;1;1;-29,59112357;-51,10987751;SPRF-RS;DEL01-RS;UOP02-DEL01-RS
740597;20/12/2025;sábado;22:00:00;MS;163;844;SONORA;Condutor Dormindo;Saída de leito carroçável;Com Vítimas Feridas;Plena Noite;Crescente;Ignorado;Múltipla;Reta;Não;1;0;1;0;0;0;1;1;-17,52487991;-54,74011816;SPRF-MS;DEL06-MS;UOP01-DEL06-MS
740598;21/12/2025;domingo;16:00:00;SP;116;159;JACAREI;Condutor deixou de manter distância do veículo da frente;Colisão traseira;Com Vítimas Feridas;Pleno dia;Decrescente;Sol;Dupla;Reta;Sim;3;0;1;0;2;0;1;3;-23,26384005;-45,95661941;SPRF-SP;DEL02-SP;UOP01-DEL02-SP
740599;21/12/2025;domingo;16:00:00;GO;60;87;ANAPOLIS;Velocidade Incompatível;Saída de leito carroçável;Com Vítimas Feridas;Pleno dia;Decrescente;Céu Claro;Dupla;"Declive;Reta";Não;4;0;2;2;0;0;4;1;-16,33138761;-48,88817159;SPRF-GO;DEL02-GO;UOP01-DEL02-GO
740601;21/12/2025;domingo;16:10:00;RN;101;105;PARNAMIRIM;Acessar a via sem observar a presença dos outros veículos;Colisão lateral mesmo sentido;Com Vítimas Feridas;Pleno dia;Crescente;Céu Claro;Dupla;Interseção de Vias;Sim;3;0;2;0;0;1;2;2;-5,90259483;-35,25978176;SPRF-RN;DEL01-RN;UOP01-DEL01-RN
740602;21/12/2025;domingo;14:40:00;MG;116;519,6;CARATINGA;Ausência de reação do condutor;Saída de leito carroçável;Com Vítimas Feridas;Pleno dia;Decrescente;Céu Claro;Simples;Curva;Não;2;0;2;0;0;0;2;1;-19,72403859;-42,13144183;SPRF-MG;DEL06-MG;UOP02-DEL06-MG
740603;21/12/2025;domingo;16:50:00;MG;381;353;BETIM;Manobra de mudança de faixa;Colisão lateral mesmo sentido;Com Vítimas Feridas;Pleno dia;Decrescente;Céu Claro;Dupla;Reta;Sim;2;0;1;0;1;0;1;2;-19,9802688;-44,2505744;SPRF-MG;DEL03-MG;UOP01-DEL03-MG
740605;21/12/2025;domingo;15:45:00;SP;116;92;PINDAMONHANGABA;Ultrapassagem Indevida;Colisão lateral mesmo sentido;Sem Vítimas;Pleno dia;Crescente;Céu Claro;Dupla;Reta;Não;4;0;0;0;3;1;0;4;-22,953139;-45,406565;SPRF-SP;DEL08-SP;UOP01-DEL08-SP
740606;21/12/2025;domingo;16:00:00;GO;60;264;INDIARA;Acumulo de água sobre o pavimento;Saída de leito carroçável;Com Vítimas Feridas;Pleno dia;Crescente;Chuva;Dupla;Retorno Regulamentado;Não;3;0;2;0;1;0;2;1;-17,193695;-50,08062;SPRF-GO;DEL01-GO;UOP02-DEL01-GO
740609;21/12/2025;domingo;16:45:00;SC;282;42,5;AGUAS MORNAS;Acessar a via sem observar a presença dos outros veículos;Colisão transversal;Com Vítimas Feridas;Pleno dia;Decrescente;Céu Claro;Simples;Reta;Sim;5;0;1;0;4;0;1;2;-27,719882;-48,89309;SPRF-SC;DEL01-SC;UOP03-DEL01-SC
740611;21/12/2025;domingo;16:50:00;PE;232;79;GRAVATA;Ausência de reação do condutor;Colisão traseira;Com Vítimas Feridas;Pleno dia;Crescente;Céu Claro;Simples;"Declive;Reta";Sim;4;0;1;0;2;1;1;2;-8,194575;-35,561694;SPRF-PE;DEL02-PE;UOP02-DEL02PE
740612;21/12/2025;domingo;11:00:00;MA;135;6;SAO LUIS;Reação tardia ou ineficiente do condutor;Saída de leito carroçável;Sem Vítimas;Pleno dia;Decrescente;Chuva;Dupla;"Reta;Aclive";Sim;1;0;0;0;0;1;0;1;-2,6303766;-44,2641933;SPRF-MA;DEL01-MA;UOP01-DEL01-MA
740613;21/12/2025;domingo;17:00:00;PR;116;121,3;CURITIBA;Trafegar com motocicleta (ou similar) entre as faixas;Colisão traseira;Com Vítimas Feridas;Pleno dia;Decrescente;Nublado;Dupla;"Reta;Aclive";Não;4;0;1;0;3;0;1;2;-25,597048;-49,31662;SPRF-PR;DEL01-PR;UOP03-DEL01-PR
740614;21/12/2025;domingo;11:30:00;MA;222;644;ACAILANDIA;Ausência de reação do condutor;Colisão com objeto;Sem Vítimas;Pleno dia;Crescente;Nublado;Simples;"Aclive;Curva";Não;1;0;0;0;0;1;0;1;-4,77605;-47,09533;SPRF-MA;DEL04-MA;UOP03-DEL04-MA
740615;21/12/2025;domingo;17:05:00;RS;386;183,5;CARAZINHO;Velocidade Incompatível;Colisão frontal;Com Vítimas Feridas;Pleno dia;Decrescente;Chuva;Simples;Curva;Não;6;0;1;2;3;0;3;2;-28,326283;-52,723648;SPRF-RS;DEL08-RS;UOP01-DEL08-RS
740616;21/12/2025;domingo;17:20:00;BA;116;778,4;PLANALTO;Conversão proibida;Colisão transversal;Com Vítimas Feridas;Pleno dia;Crescente;Nublado;Simples;Reta;Sim;2;0;0;1;1;0;1;2;-14,67343;-40,48983;SPRF-BA;DEL08-BA;UOP02-DEL08-BA
740618;21/12/2025;domingo;17:40:00;GO;40;7;VALPARAISO DE GOIAS;Velocidade Incompatível;Colisão lateral mesmo sentido;Com Vítimas Feridas;Pleno dia;Crescente;Céu Claro;Dupla;Reta;Sim;2;0;1;0;1;0;1;2;-16,11266916;-47,9694489;SPRF-DF;DEL01-DF;UOP01-DEL01-DF
740619;21/12/2025;domingo;17:15:00;ES;101;166;LINHARES;Reação tardia ou ineficiente do condutor;Engavetamento;Com Vítimas Feridas;Anoitecer;Crescente;Céu Claro;Simples;Reta;Não;6;0;3;0;3;0;3;3;-19,51857772;-40,14348976;SPRF-ES;DEL04-ES;UOP01-DEL04-ES
740620;21/12/2025;domingo;18:05:00;SC;101;210,8;SAO JOSE;Condutor usando celular;Colisão com objeto;Com Vítimas Feridas;Pleno dia;Crescente;Nublado;Dupla;Reta;Sim;1;0;0;1;0;0;1;1;-27,622273;-48,651428;SPRF-SC;DEL01-SC;UOP01-DEL01-SC
740621;21/12/2025;domingo;18:00:00;BA;116;492;RAFAEL JAMBEIRO;Manobra de mudança de faixa;Colisão lateral mesmo sentido;Com Vítimas Feridas;Plena Noite;Decrescente;Céu Claro;Dupla;Reta;Não;2;0;0;1;1;0;1;2;-12,571948;-39,496529;SPRF-BA;DEL02-BA;UOP01-DEL02-BA
740622;21/12/2025;domingo;18:00:00;PR;376;410,6;TIBAGI;Demais falhas mecânicas ou elétricas;Incêndio;Sem Vítimas;Pleno dia;Decrescente;Céu Claro;Dupla;"Reta;Declive";Não;4;0;0;0;4;0;0;1;-24,65602;-50,61215;SPRF-PR;DEL03-PR;UOP02-DEL03-PR
740624;21/12/2025;domingo;17:00:00;PR;373;244;GUAMIRANGA;Reação tardia ou ineficiente do condutor;Colisão lateral sentido oposto;Com Vítimas Feridas;Pleno dia;Crescente;Ignorado;Simples;Reta;Sim;2;0;1;0;1;0;1;2;-25,190012;-50,797625;SPRF-PR;DEL03-PR;UOP01-DEL03-PR
740625;21/12/2025;domingo;17:29:00;PE;101;106;CABO DE SANTO AGOSTINHO;Reação tardia ou ineficiente do condutor;Queda de ocupante de veículo;Com Vítimas Feridas;Anoitecer;Decrescente;Garoa/Chuvisco;Dupla;Curva;Não;1;0;1;0;0;0;1;1;-8,31008;-35,08232;SPRF-PE;DEL01-PE;UOP03-DEL01-PE
740626;21/12/2025;domingo;16:30:00;RS;470;244;BARAO;Velocidade Incompatível;Colisão com objeto;Sem Vítimas;Pleno dia;Decrescente;Céu Claro;Simples;Reta;Sim;1;0;0;0;0;1;0;1;-29,37653251;-51,4980468;SPRF-RS;DEL06-RS;UOP01-DEL06-RS
740627;21/12/2025;domingo;18:40:00;SC;101;139;BALNEARIO CAMBORIU;Ausência de reação do condutor;Tombamento;Com Vítimas Feridas;Anoitecer;Decrescente;Nublado;Dupla;"Túnel;Reta";Não;1;0;0;1;0;0;1;1;-27,03385744;-48,60459119;SPRF-SC;DEL04-SC;UOP03-DEL04-SC
740628;21/12/2025;domingo;17:50:00;PB;104;113,9;LAGOA SECA;Acessar a via sem observar a presença dos outros veículos;Colisão transversal;Sem Vítimas;Plena Noite;Crescente;Céu Claro;Simples;Reta;Sim;5;0;0;0;5;0;0;2;-7,156845;-35,853465;SPRF-PB;DEL02-PB;UOP04-DEL02-PB
740629;21/12/2025;domingo;19:00:00;ES;101;271;SERRA;Acessar a via sem observar a presença dos outros veículos;Colisão traseira;Com Vítimas Feridas;Plena Noite;Crescente;Céu Claro;Múltipla;"Viaduto;Reta;Aclive";Sim;2;0;1;0;1;0;1;2;-20,231946;-40,277744;SPRF-ES;DEL02-ES;UOP01-DEL02-ES
740631;21/12/2025;domingo;18:30:00;RJ;116;142;DUQUE DE CAXIAS;Reação tardia ou ineficiente do condutor;Queda de ocupante de veículo;Com Vítimas Feridas;Anoitecer;Crescente;Céu Claro;Dupla;Reta;Sim;1;0;1;0;0;0;1;1;-22,64934282;-43,23232522;SPRF-RJ;DEL01-RJ;UOP02-DEL01-RJ
740632;21/12/2025;domingo;18:30:00;MG;262;783;UBERABA;Velocidade Incompatível;Queda de ocupante de veículo;Com Vítimas Feridas;Anoitecer;Crescente;Céu Claro;Dupla;Reta;Sim;1;0;1;0;0;0;1;1;-19,77032872;-47,90421264;SPRF-MG;DEL13-MG;UOP01-DEL13-MG
740633;21/12/2025;domingo;17:48:00;SP;381;84;SAO PAULO;Reação tardia ou ineficiente do condutor;Capotamento;Com Vítimas Feridas;Anoitecer;Crescente;Céu Claro;Múltipla;Reta;Sim;1;0;1;0;0;0;1;1;-23,44916606;-46,56966861;SPRF-SP;DEL03-SP;UOP01-DEL03-SP
740636;21/12/2025;domingo;19:00:00;RS;392;4,6;RIO GRANDE;Pista Escorregadia;Tombamento;Com Vítimas Feridas;Anoitecer;Decrescente;Chuva;Simples;Reta;Sim;1;0;1;0;0;0;1;1;-32,074045;-52,09931;SPRF-RS;DEL07-RS;UOP02-DEL07-RS
740638;21/12/2025;domingo;18:30:00;BA;324;617;SALVADOR;Entrada inopinada do pedestre;Atropelamento de Pedestre;Com Vítimas Feridas;Plena Noite;Decrescente;Céu Claro;Dupla;Reta;Não;2;0;1;0;1;0;1;2;-12,90013498;-38,45113413;SPRF-BA;DEL01-BA;UOP01-DEL01-BA
740639;21/12/2025;domingo;19:10:00;AL;423;27,4;CANAPI;Reação tardia ou ineficiente do condutor;Queda de ocupante de veículo;Com Vítimas Fatais;Plena Noite;Decrescente;Céu Claro;Simples;Reta;Sim;1;1;0;0;0;0;0;1;-9,197623;-37,527065;SPRF-AL;DEL03-AL;UOP02-DEL03-AL
740640;21/12/2025;domingo;16:15:00;SP;101;50,9;UBATUBA;Transitar na contramão;Colisão frontal;Com Vítimas Feridas;Pleno dia;Crescente;Céu Claro;Simples;Reta;Sim;2;0;1;0;0;1;1;2;-23,45509175;-45,07248972;SPRF-SP;DEL06-SP;UOP01-DEL06-SP
740641;21/12/2025;domingo;20:00:00;PB;230;458,6;SOUSA;Animais na Pista;Atropelamento de Animal;Com Vítimas Feridas;Plena Noite;Crescente;Céu Claro;Simples;Reta;Sim;1;0;1;0;0;0;1;1;-6,777393;-38,220547;SPRF-PB;DEL03-PB;UOP03-DEL03-PB