id;data_inversa;dia_semana;horario;uf;br;km;municipio;causa_acidente;tipo_acidente;classificacao_acidente;fase_dia;sentido_via;condicao_metereologica;tipo_pista;tracado_via;uso_solo;pessoas;mortos;feridos_leves;feridos_graves;ilesos;ignorados;feridos;veiculos;latitude;longitude;regional;delegacia;uop
740643;21/12/2025;domingo;17:20:00;RN;304;47;MOSSORO;Reação tardia ou ineficiente do condutor;Atropelamento de Pedestre;Com Vítimas Feridas;Anoitecer;Crescente;Céu Claro;Dupla;Reta;Não;2;0;2;0;0;0;2;2;-5,2264;-37,329045;SPRF-RN;DEL04-RN;UOP01-DEL04-RN
740644;21/12/2025;domingo;20:20:00;PR;116;98;SAO JOSE DOS PINHAIS;Ingestão de álcool pelo condutor;Colisão lateral mesmo sentido;Sem Vítimas;Plena Noite;Crescente;Céu Claro;Dupla;Reta;Sim;3;0;0;0;3;0;0;2;-25,54708984;-49,15056771;SPRF-PR;DEL01-PR;UOP07-DEL01-PR
740645;21/12/2025;domingo;20:20:00;RS;116;266;CANOAS;Manobra de mudança de faixa;Colisão transversal;Com Vítimas Feridas;Plena Noite;Decrescente;Chuva;Múltipla;Reta;Sim;6;0;3;0;3;0;3;3;-29,93130043;-51,17744319;SPRF-RS;DEL01-RS;UOP01-DEL01-RS
740646;21/12/2025;domingo;21:00:00;BA;324;4;FEIRA DE SANTANA;Reação tardia ou ineficiente do condutor;Colisão com objeto;Com Vítimas Feridas;Plena Noite;Decrescente;Céu Claro;Dupla;Reta;Sim;1;0;0;1;0;0;1;1;-12,286234;-38,965488;SPRF-BA;DEL02-BA;UOP01-DEL02-BA
740647;21/12/2025;domingo;20:10:00;PR;369;373,5;MAMBORE;Ingestão de álcool pelo condutor;Colisão lateral sentido oposto;Com Vítimas Feridas;Plena Noite;Decrescente;Céu Claro;Simples;Reta;Não;6;0;4;0;2;0;4;2;-24,2792485;-52,5315072;SPRF-PR;DEL04-PR;UOP03-DEL04-PR
740648;21/12/2025;domingo;06:57:00;MG;365;748,8;ITUIUTABA;Ausência de reação do condutor;Queda de ocupante de veículo;Com Vítimas Feridas;Pleno dia;Crescente;Garoa/Chuvisco;Simples;Reta;Não;1;0;1;0;0;0;1;1;-18,93910842;-49,44311142;SPRF-MG;DEL15-MG;UOP03-DEL15-MG
740649;21/12/2025;domingo;19:30:00;PR;373;243;GUAMIRANGA;Transitar na contramão;Colisão frontal;Com Vítimas Feridas;Plena Noite;Decrescente;Céu Claro;Simples;"Declive;Curva";Não;4;0;2;0;2;0;2;2;-25,19400837;-50,7870423;SPRF-PR;DEL03-PR;UOP01-DEL03-PR
740650;21/12/2025;domingo;20:30:00;SC;101;206;SAO JOSE;Ultrapassagem Indevida;Colisão lateral mesmo sentido;Com Vítimas Feridas;Pleno dia;Crescente;Céu Claro;Múltipla;"Retorno Regulamentado;Reta;Interseção de Vias";Sim;3;0;1;0;0;2;1;3;-27,593575;-48,619072;SPRF-SC;DEL01-SC;UOP01-DEL01-SC
740652;21/12/2025;domingo;20:50:00;RN;304;281,4;MACAIBA;Pedestre cruzava a pista fora da faixa;Atropelamento de Pedestre;Com Vítimas Feridas;Plena Noite;Crescente;Céu Claro;Dupla;Reta;Não;2;0;1;0;1;0;1;2;-5,88648;-35,479046;SPRF-RN;DEL01-RN;UOP02-DEL01-RN
740654;21/12/2025;domingo;19:30:00;MG;381;150,1;GOVERNADOR VALADARES;Ingestão de álcool pelo condutor;Colisão lateral mesmo sentido;Com Vítimas Feridas;Plena Noite;Crescente;Céu Claro;Simples;Reta;Não;2;0;0;1;1;0;1;2;-18,871835;-41,991762;SPRF-MG;DEL06-MG;UOP01-DEL06-MG
740656;21/12/2025;domingo;18:00:00;PE;232;100;BEZERROS;Acesso irregular;Colisão transversal;Com Vítimas Feridas;Plena Noite;Crescente;Nublado;Múltipla;Rotatória;Sim;2;0;1;0;1;0;1;2;-8,23768;-35,74208;SPRF-PE;DEL02-PE;UOP03-DEL02-PE
740657;21/12/2025;domingo;20:37:00;PE;116;24;SALGUEIRO;Acessar a via sem observar a presença dos outros veículos;Eventos atípicos;Com Vítimas Feridas;Plena Noite;Decrescente;Céu Claro;Simples;Reta;Sim;2;0;2;0;0;0;2;2;-8,05270878;-39,13759852;SPRF-PE;DEL05-PE;UOP01-DEL05-PE
740658;21/12/2025;domingo;20:30:00;MG;262;817;UBERABA;Ausência de reação do condutor;Saída de leito carroçável;Com Vítimas Feridas;Plena Noite;Crescente;Céu Claro;Dupla;Reta;Não;1;0;1;0;0;0;1;1;-19,7655606;-48,0095437;SPRF-MG;DEL13-MG;UOP01-DEL13-MG
740659;21/12/2025;domingo;19:30:00;GO;153;543;HIDROLANDIA;Ingestão de álcool pelo condutor;Saída de leito carroçável;Sem Vítimas;Plena Noite;Crescente;Nublado;Dupla;Reta;Não;1;0;0;0;1;0;0;1;-17,074193;-49,223574;SPRF-GO;DEL01-GO;UOP03-DEL01-GO
740660;21/12/2025;domingo;19:35:00;TO;153;144;ARAGUAINA;Ingestão de álcool pelo condutor;Saída de leito carroçável;Com Vítimas Feridas;Plena Noite;Crescente;Nublado;Dupla;"Reta;Interseção de Vias";Não;1;0;1;0;0;0;1;1;-7,202652;-48,2393;SPRF-TO;DEL02-TO;UOP01-DEL02-TO
740662;21/12/2025;domingo;21:15:00;TO;153;149;ARAGUAINA;Animais na Pista;Atropelamento de Animal;Com Vítimas Feridas;Plena Noite;Crescente;Garoa/Chuvisco;Simples;Reta;Não;2;0;0;1;0;1;1;2;-7,23997661;-48,25430989;SPRF-TO;DEL02-TO;UOP01-DEL02-TO
740663;21/12/2025;domingo;21:45:00;CE;222;32;CAUCAIA;Reação tardia ou ineficiente do condutor;Saída de leito carroçável;Com Vítimas Feridas;Plena Noite;Crescente;Céu Claro;Dupla;"Retorno Regulamentado;Curva";Não;5;0;4;1;0;0;5;1;-3,7064829;-38,84259073;SPRF-CE;DEL01-CE;UOP01-DEL01-CE
740664;21/12/2025;domingo;20:35:00;SC;116;38;ITAIOPOLIS;Ingestão de álcool pelo condutor;Saída de leito carroçável;Com Vítimas Feridas;Plena Noite;Crescente;Céu Claro;Simples;"Declive;Reta";Não;2;0;2;0;0;0;2;1;-26,343009;-50,034738;SPRF-SC;DEL06-SC;UOP01-DEL06-SC
740665;21/12/2025;domingo;21:35:00;PE;428;181,4;PETROLINA;Ausência de reação do condutor;Colisão traseira;Com Vítimas Feridas;Plena Noite;Crescente;Céu Claro;Simples;Reta;Não;2;0;1;0;1;0;1;2;-9,310648;-40,455348;SPRF-PE;DEL06-PE;UOP01-DEL06-PE
740666;21/12/2025;domingo;19:30:00;BA;101;327;PRESIDENTE TANCREDO NEVES;Ingestão de álcool pelo condutor;Colisão traseira;Sem Vítimas;Plena Noite;Decrescente;Céu Claro;Simples;"Reta;Aclive";Sim;6;0;0;0;6;0;0;2;-13,4585;-39,4173;SPRF-BA;DEL05-BA;UOP03-DEL05-BA
740667;21/12/2025;domingo;20:30:00;MG;262;429,8;NOVA SERRANA;Reação tardia ou ineficiente do condutor;Saída de leito carroçável;Com Vítimas Feridas;Plena Noite;Crescente;Céu Claro;Dupla;Reta;Não;1;0;1;0;0;0;1;1;-19,883607;-44,901182;SPRF-MG;DEL08-MG;UOP03-DEL08-MG
740668;21/12/2025;domingo;20:20:00;MS;60;425;SIDROLANDIA;Ausência de reação do condutor;Colisão transversal;Com Vítimas Feridas;Plena Noite;Crescente;Chuva;Dupla;"Reta;Interseção de Vias";Sim;2;0;1;0;1;0;1;2;-20,93137466;-54,95884744;SPRF-MS;DEL01-MS;UOP04-DEL01-MS
740669;21/12/2025;domingo;21:50:00;SC;101;160;PORTO BELO;Reação tardia ou ineficiente do condutor;Colisão traseira;Com Vítimas Feridas;Plena Noite;Decrescente;Céu Claro;Dupla;Reta;Não;2;0;0;1;1;0;1;2;-27,20713351;-48,61887932;SPRF-SC;DEL04-SC;UOP03-DEL04-SC
740670;21/12/2025;domingo;20:30:00;PR;277;201;PALMEIRA;Acessar a via sem observar a presença dos outros veículos;Colisão transversal;Com Vítimas Feridas;Plena Noite;Crescente;Céu Claro;Simples;Reta;Não;9;0;2;1;6;0;3;3;-25,46279776;-50,22445619;SPRF-PR;DEL08-PR;UOP02-DEL08-PR
740671;21/12/2025;domingo;22:00:00;RN;226;3;MACAIBA;Pedestre - Ingestão de álcool/ substâncias psicoativas;Atropelamento de Pedestre;Com Vítimas Feridas;Plena Noite;Crescente;Céu Claro;Simples;Reta;Sim;2;0;2;0;0;0;2;2;-5,83885821;-35,29299974;SPRF-RN;DEL01-RN;UOP02-DEL01-RN
740672;21/12/2025;domingo;20:25:00;PE;232;334,3;CUSTODIA;Transitar na contramão;Colisão frontal;Com Vítimas Fatais;Plena Noite;Crescente;Céu Claro;Simples;"Interseção de Vias;Reta";Sim;2;1;0;1;0;0;1;2;-8,08633;-37,639527;SPRF-PE;DEL04-PE;UOP02-DEL04-PE
740674;21/12/2025;domingo;20:10:00;RS;116;187;PICADA CAFE;Transitar na contramão;Colisão lateral sentido oposto;Com Vítimas Feridas;Plena Noite;Crescente;Garoa/Chuvisco;Simples;Curva;Não;5;0;0;1;3;1;1;3;-29,40350048;-51,12438779;SPRF-RS;DEL05-RS;UOP02-DEL05-RS
740675;21/12/2025;domingo;18:50:00;RO;364;439,6;JARU;Ingestão de álcool pelo condutor;Tombamento;Com Vítimas Feridas;Plena Noite;Decrescente;Chuva;Simples;Reta;Não;1;0;1;0;0;0;1;1;-10,357035;-62,578337;SPRF-RO;DEL03-RO;UOP02-DEL03-RO
740677;21/12/2025;domingo;19:20:00;BA;110;348;ALAGOINHAS;Transitar na contramão;Colisão frontal;Com Vítimas Fatais;Plena Noite;Decrescente;Céu Claro;Simples;"Curva;Declive";Não;5;1;0;1;3;0;1;2;-12,22656499;-38,41244321;SPRF-BA;DEL01-BA;UOP04-DEL01-BA
740678;21/12/2025;domingo;21:05:00;MG;381;422;CAETE;Demais falhas na via;Tombamento;Com Vítimas Feridas;Plena Noite;Crescente;Nublado;Dupla;"Reta;Declive";Não;2;0;0;2;0;0;2;2;-19,7927874;-43,680248;SPRF-MG;DEL01-MG;UOP01-DEL01-MG
740679;21/12/2025;domingo;19:30:00;MA;222;333,6;IGARAPE DO MEIO;Reação tardia ou ineficiente do condutor;Colisão traseira;Com Vítimas Fatais;Plena Noite;Crescente;Chuva;Simples;Reta;Não;2;1;0;0;0;1;0;2;-3,614993;-45,138748;SPRF-MA;DEL02-MA;UOP01-DEL02-MA
740680;21/12/2025;domingo;22:00:00;RJ;116;176;SAO JOAO DE MERITI;Avarias e/ou desgaste excessivo no pneu;Queda de ocupante de veículo;Com Vítimas Feridas;Plena Noite;Crescente;Céu Claro;Dupla;Reta;Sim;2;0;1;1;0;0;2;1;-22,78618467;-43,37785041;SPRF-RJ;DEL06-RJ;UOP01-DEL06-RJ
740681;21/12/2025;domingo;21:30:00;PR;376;177,6;MARINGA;Ingestão de álcool pelo condutor;Tombamento;Com Vítimas Feridas;Plena Noite;Decrescente;Céu Claro;Múltipla;Reta;Sim;1;0;0;1;0;0;1;1;-23,41539;-51,923916;SPRF-PR;DEL09-PR;UOP01-DEL09-PR
740682;21/12/2025;domingo;22:30:00;PR;376;361;ORTIGUEIRA;Reação tardia ou ineficiente do condutor;Saída de leito carroçável;Sem Vítimas;Plena Noite;Crescente;Céu Claro;Simples;Reta;Não;1;0;0;0;0;1;0;1;-24,279991;-50,884837;SPRF-PR;DEL07-PR;UOP02-DEL07-PR
740683;21/12/2025;domingo;20:45:00;PE;423;114;PARANATAMA;Velocidade Incompatível;Colisão traseira;Sem Vítimas;Plena Noite;Crescente;Céu Claro;Simples;Reta;Não;2;0;0;0;2;0;0;2;-8,90099;-36,64753;SPRF-PE;DEL03-PE;UOP01-DEL03-PE
740684;17/12/2025;quarta-feira;22:25:00;RJ;101;216;SILVA JARDIM;Acumulo de água sobre o pavimento;Queda de ocupante de veículo;Com Vítimas Feridas;Plena Noite;Crescente;Chuva;Dupla;Reta;Não;1;0;1;0;0;0;1;1;-22,50448716;-42,27426702;SPRF-RJ;DEL02-RJ;UOP03-DEL02-RJ
740685;21/12/2025;domingo;22:00:00;MG;40;503,7;ESMERALDAS;Ingestão de álcool pelo condutor;Saída de leito carroçável;Com Vítimas Feridas;Plena Noite;Decrescente;Céu Claro;Dupla;Declive;Sim;6;0;5;0;1;0;5;1;-19,7254533;-44,154455;SPRF-MG;DEL02-MG;UOP01-DEL02-MG
740686;21/12/2025;domingo;22:00:00;SE;101;93,8;NOSSA SENHORA DO SOCORRO;Ausência de reação do condutor;Colisão com objeto;Sem Vítimas;Plena Noite;Decrescente;Céu Claro;Dupla;Retorno Regulamentado;Não;1;0;0;0;0;1;0;1;-10,90502174;-37,14878261;SPRF-SE;DEL01-SE;UOP01-DEL01-SE
740689;21/12/2025;domingo;21:00:00;MG;116;261,9;TEOFILO OTONI;Reação tardia ou ineficiente do condutor;Tombamento;Com Vítimas Feridas;Plena Noite;Crescente;Céu Claro;Dupla;Reta;Sim;1;0;1;0;0;0;1;1;-17,739232;-41,501003;SPRF-MG;DEL11-MG;UOP01-DEL11-MG
740692;21/12/2025;domingo;22:30:00;MG;50;172,5;UBERABA;Ausência de reação do condutor;Capotamento;Com Vítimas Feridas;Plena Noite;Decrescente;Céu Claro;Dupla;Reta;Não;1;0;1;0;0;0;1;1;-19,7533961;-47,98077361;SPRF-MG;DEL13-MG;UOP01-DEL13-MG
740694;21/12/2025;domingo;23:08:00;PE;408;96;RECIFE;Velocidade Incompatível;Capotamento;Sem Vítimas;Plena Noite;Decrescente;Céu Claro;Dupla;Reta;Não;1;0;0;0;0;1;0;1;-8,0654;-34,98997;SPRF-PE;DEL01-PE;UOP01-DEL01-PE
740695;21/12/2025;domingo;23:30:00;DF;20;22;BRASILIA;Velocidade Incompatível;Colisão traseira;Com Vítimas Feridas;Plena Noite;Decrescente;Céu Claro;Dupla;Reta;Sim;3;0;1;0;2;0;1;2;-15,59708;-47,673756;SPRF-DF;DEL02-DF;UOP01-DEL02-DF
740696;21/12/2025;domingo;22:20:00;MS;163;9;MUNDO NOVO;Animais na Pista;Atropelamento de Animal;Com Vítimas Feridas;Plena Noite;Crescente;Céu Claro;Simples;"Reta;Declive;Em Obras";Não;1;0;1;0;0;0;1;1;-23,98823082;-54,33129184;SPRF-MS;DEL09-MS;UOP02-DEL09-MS
740697;21/12/2025;domingo;23:10:00;GO;60;385;RIO VERDE;Reação tardia ou ineficiente do condutor;Queda de ocupante de veículo;Com Vítimas Feridas;Plena Noite;Decrescente;Céu Claro;Dupla;Reta;Sim;1;0;1;0;0;0;1;1;-17,812667;-50,929303;SPRF-GO;DEL04-GO;UOP02-DEL04-GO
740698;21/12/2025;domingo;23:01:00;RJ;101;409;ITAGUAI;Avarias e/ou desgaste excessivo no pneu;Tombamento;Com Vítimas Feridas;Plena Noite;Crescente;Céu Claro;Múltipla;Reta;Não;2;0;2;0;0;0;2;1;-22,88688;-43,836393;SPRF-RJ;DEL03-RJ;UOP01-DEL03-RJ
740699;21/12/2025;domingo;22:45:00;PR;277;692;SAO MIGUEL DO IGUACU;Reação tardia ou ineficiente do condutor;Saída de leito carroçável;Sem Vítimas;Plena Noite;Crescente;Chuva;Dupla;"Retorno Regulamentado;Aclive;Reta";Sim;1;0;0;0;1;0;0;1;-25,36012948;-54,24838241;SPRF-PR;DEL05-PR;UOP01-DEL05-PR
740700;21/12/2025;domingo;22:45:00;PB;230;3;CABEDELO;Reação tardia ou ineficiente do condutor;Colisão com objeto;Sem Vítimas;Plena Noite;Crescente;Céu Claro;Dupla;Reta;Sim;1;0;0;0;0;1;0;1;-7,00082;-34,828519;SPRF-PB;DEL01-PB;UOP01-DEL01-PB
740701;21/12/2025;domingo;23:00:00;DF;20;2,7;BRASILIA;Ausência de reação do condutor;Atropelamento de Pedestre;Com Vítimas Feridas;Plena Noite;Crescente;Céu Claro;Dupla;Reta;Sim;2;0;1;1;0;0;2;2;-15,68101412;-47,83507258;SPRF-DF;DEL02-DF;UOP01-DEL02-DF
740703;21/12/2025;domingo;22:40:00;SC;116;106,2;MONTE CASTELO;Ingestão de álcool pelo condutor;Saída de leito carroçável;Com Vítimas Feridas;Plena Noite;Decrescente;Céu Claro;Simples;"Curva;Declive";Não;1;0;1;0;0;0;1;1;-26,75467364;-50,32060146;SPRF-SC;DEL06-SC;UOP02-DEL06-SC
740705;21/12/2025;domingo;22:50:00;MT;364;292;JACIARA;Ausência de reação do condutor;Saída de leito carroçável;Sem Vítimas;Plena Noite;Decrescente;Ignorado;Dupla;Reta;Não;1;0;0;0;1;0;0;1;-15,88819443;-55,10710001;SPRF-MT;DEL05-MT;UOP02-DEL05-MT
740706;22/12/2025;segunda-feira;00:15:00;RS;116;304;GUAIBA;Transitar na contramão;Saída de leito carroçável;Com Vítimas Feridas;Plena Noite;Decrescente;Céu Claro;Simples;Reta;Não;6;0;1;0;5;0;1;2;-30,157498;-51,372278;SPRF-RS;DEL02-RS;UOP01-DEL02-RS
740707;21/12/2025;domingo;23:00:00;PR;373;264,2;PRUDENTOPOLIS;Ausência de reação do condutor;Colisão traseira;Com Vítimas Feridas;Plena Noite;Crescente;Nublado;Simples;"Reta;Aclive";Sim;2;0;1;0;1;0;1;2;-25,20199008;-50,98077893;SPRF-PR;DEL08-PR;UOP01-DEL08-PR
740708;22/12/2025;segunda-feira;00:20:00;PR;277;728;FOZ DO IGUACU;Manobra de mudança de faixa;Colisão com objeto;Com Vítimas Feridas;Plena Noite;Decrescente;Céu Claro;Dupla;"Viaduto;Curva";Sim;1;0;1;0;0;0;1;1;-25,51111204;-54,55074549;SPRF-PR;DEL05-PR;UOP03-DEL05-PR
740709;22/12/2025;segunda-feira;00:10:00;GO;60;392;RIO VERDE;Ausência de reação do condutor;Colisão com objeto;Sem Vítimas;Plena Noite;Decrescente;Céu Claro;Dupla;Reta;Não;1;0;0;0;1;0;0;1;-17,82253503;-50,9998866;SPRF-GO;DEL04-GO;UOP02-DEL04-GO
740710;21/12/2025;domingo;22:20:00;MT;163;751;SORRISO;Pedestre cruzava a pista fora da faixa;Atropelamento de Pedestre;Com Vítimas Feridas;Plena Noite;Crescente;Nublado;Dupla;Reta;Sim;2;0;0;2;0;0;2;2;-12,563149;-55,721102;SPRF-MT;DEL06-MT;UOP01-DEL06-MT
740711;21/12/2025;domingo;20:16:00;PI;316;80,4;MIGUEL LEAO;Transitar na contramão;Colisão frontal;Com Vítimas Fatais;Plena Noite;Crescente;Nublado;Simples;Reta;Não;6;2;0;4;0;0;4;2;-5,74692233;-42,61832357;SPRF-PI;DEL01-PI;UOP02-DEL01-PI
740712;22/12/2025;segunda-feira;00:10:00;RS;285;57,6;BOM JESUS;Ausência de reação do condutor;Saída de leito carroçável;Com Vítimas Fatais;Plena Noite;Decrescente;Céu Claro;Simples;Curva;Não;1;1;0;0;0;0;0;1;-28,65501159;-50,39611404;SPRF-RS;DEL05-RS;UOP03-DEL05-RS
740713;21/12/2025;domingo;22:10:00;MA;226;16,1;TIMON;Acessar a via sem observar a presença dos outros veículos;Colisão transversal;Com Vítimas Fatais;Plena Noite;Decrescente;Nublado;Simples;Reta;Não;2;1;0;0;0;1;0;2;-5,100977;-42,948988;SPRF-MA;DEL03-MA;UOP02-DEL03-MA
740715;22/12/2025;segunda-feira;00:30:00;RJ;101;62;CAMPOS DOS GOYTACAZES;Ausência de reação do condutor;Saída de leito carroçável;Com Vítimas Feridas;Plena Noite;Decrescente;Nublado;Dupla;Reta;Sim;2;0;2;0;0;0;2;1;-21,738814;-41,32724;SPRF-RJ;DEL08-RJ;UOP01-DEL08-RJ
740716;22/12/2025;segunda-feira;00:50:00;RN;304;303;PARNAMIRIM;Animais na Pista;Colisão com objeto;Sem Vítimas;Plena Noite;Decrescente;Céu Claro;Dupla;Reta;Não;1;0;0;0;0;1;0;1;-5,89101855;-35,26045843;SPRF-RN;DEL01-RN;UOP02-DEL01-RN
740717;22/12/2025;segunda-feira;00:30:00;MG;40;544;NOVA LIMA;Velocidade Incompatível;Saída de leito carroçável;Com Vítimas Feridas;Plena Noite;Decrescente;Céu Claro;Múltipla;Curva;Sim;5;0;3;1;0;1;4;1;-20,0058029;-43,9640061;SPRF-MG;DEL01-MG;UOP02-DEL01-MG
740721;21/12/2025;domingo;19:56:00;PI;316;49,8;LAGOA DO PIAUI;Ausência de reação do condutor;Tombamento;Com Vítimas Feridas;Plena Noite;Crescente;Nublado;Simples;Reta;Não;1;0;0;1;0;0;1;1;-5,49874137;-42,64081121;SPRF-PI;DEL01-PI;UOP02-DEL01-PI
740722;22/12/2025;segunda-feira;02:00:00;SC;101;205,2;SAO JOSE;Ingestão de álcool pelo condutor;Tombamento;Sem Vítimas;Pleno dia;Crescente;Céu Claro;Dupla;Reta;Sim;1;0;0;0;1;0;0;1;-27,58501;-48,61589;SPRF-SC;DEL01-SC;UOP01-DEL01-SC
740724;22/12/2025;segunda-feira;02:10:00;SC;101;382;ICARA;Ausência de reação do condutor;Tombamento;Com Vítimas Feridas;Plena Noite;Crescente;Céu Claro;Dupla;Reta;Sim;1;0;0;1;0;0;1;1;-28,76043607;-49,28466797;SPRF-SC;DEL02-SC;UOP02-DEL02-SC
740725;22/12/2025;segunda-feira;00:20:00;PB;230;399,6;POMBAL;Reação tardia ou ineficiente do condutor;Saída de leito carroçável;Sem Vítimas;Plena Noite;Decrescente;Céu Claro;Simples;Reta;Não;1;0;0;0;0;1;0;1;-6,824902;-37,76012;SPRF-PB;DEL03-PB;UOP02-DEL03-PB
740726;22/12/2025;segunda-feira;02:25:00;MA;135;14;SAO LUIS;Ausência de reação do condutor;Saída de leito carroçável;Sem Vítimas;Amanhecer;Decrescente;Chuva;Dupla;"Aclive;Reta";Sim;1;0;0;0;1;0;0;1;-2,687812;-44,299291;SPRF-MA;DEL01-MA;UOP01-DEL01-MA
740728;22/12/2025;segunda-feira;01:00:00;PR;277;518,9;GUARANIACU;Condutor Dormindo;Colisão frontal;Com Vítimas Feridas;Plena Noite;Decrescente;Céu Claro;Simples;Reta;Não;4;0;0;1;3;0;1;2;-25,11233;-52,83331;SPRF-PR;DEL04-PR;UOP04-DEL04-PR
740729;22/12/2025;segunda-feira;00:15:00;RO;364;631,9;CANDEIAS DO JAMARI;Deficiência do Sistema de Iluminação/Sinalização;Colisão com objeto;Com Vítimas Feridas;Plena Noite;Decrescente;Nublado;Dupla;Retorno Regulamentado;Não;1;0;1;0;0;0;1;1;-9,08124;-63,37991;SPRF-RO;DEL01-RO;UOP04-DEL01-RO
740730;22/12/2025;segunda-feira;03:30:00;RJ;101;312;SAO GONCALO;Ausência de reação do condutor;Capotamento;Com Vítimas Feridas;Plena Noite;Decrescente;Céu Claro;Dupla;Reta;Sim;1;0;1;0;0;0;1;1;-22,80720006;-43,06434631;SPRF-RJ;DEL02-RJ;UOP02-DEL02-RJ
740732;22/12/2025;segunda-feira;04:35:00;SC;101;112;NAVEGANTES;Demais falhas mecânicas ou elétricas;Queda de ocupante de veículo;Com Vítimas Feridas;Plena Noite;Crescente;Nublado;Dupla;Reta;Não;1;0;1;0;0;0;1;1;-26,84270098;-48,71726274;SPRF-SC;DEL04-SC;UOP04-DEL04-SC
740733;22/12/2025;segunda-feira;02:10:00;TO;153;149;ARAGUAINA;Animais na Pista;Atropelamento de Animal;Com Vítimas Fatais;Plena Noite;Decrescente;Chuva;Simples;Reta;Sim;1;1;0;0;0;0;0;1;-7,24060101;-48,25430989;SPRF-TO;DEL02-TO;UOP01-DEL02-TO
740737;22/12/2025;segunda-feira;03:50:00;MS;163;149;NAVIRAI;Reação tardia ou ineficiente do condutor;Colisão traseira;Com Vítimas Feridas;Amanhecer;Crescente;Céu Claro;Simples;Reta;Não;3;0;1;0;2;0;1;2;-22,968232;-54,422828;SPRF-MS;DEL09-MS;UOP01-DEL09-MS
740739;22/12/2025;segunda-feira;02:30:00;AL;423;70;AGUA BRANCA;Transitar no Acostamento;Colisão com objeto;Com Vítimas Feridas;Plena Noite;Decrescente;Nublado;Simples;"Reta;Ponte";Não;1;0;0;1;0;0;1;1;-9,3067571;-37,8997277;SPRF-AL;DEL03-AL;UOP02-DEL03-AL
740740;22/12/2025;segunda-feira;05:20:00;PR;277;639,3;CEU AZUL;Condutor Dormindo;Saída de leito carroçável;Com Vítimas Feridas;Amanhecer;Crescente;Céu Claro;Simples;Reta;Sim;4;0;3;0;1;0;3;1;-25,1535444;-53,8472081;SPRF-PR;DEL05-PR;UOP02-DEL05-PR
740742;22/12/2025;segunda-feira;03:00:00;PR;376;643;TIJUCAS DO SUL;Ausência de reação do condutor;Atropelamento de Pedestre;Com Vítimas Feridas;Plena Noite;Crescente;Céu Claro;Dupla;Reta;Não;2;0;0;1;0;1;1;2;-25,8190626;-49,12931141;SPRF-PR;DEL01-PR;UOP04-DEL01-PR
740744;22/12/2025;segunda-feira;05:58:00;PR;376;678;GUARATUBA;Ausência de reação do condutor;Saída de leito carroçável;Com Vítimas Feridas;Amanhecer;Decrescente;Céu Claro;Dupla;Curva;Não;2;0;1;1;0;0;2;1;-25,8695236;-48,93376764;SPRF-PR;DEL01-PR;UOP04-DEL01-PR
740745;21/12/2025;domingo;21:05:00;PR;277;69,7;SAO JOSE DOS PINHAIS;Reação tardia ou ineficiente do condutor;Queda de ocupante de veículo;Com Vítimas Feridas;Plena Noite;Crescente;Céu Claro;Dupla;Reta;Sim;1;0;1;0;0;0;1;1;-25,51463653;-49,12055969;SPRF-PR;DEL01-PR;UOP01-DEL01-PR
740746;22/12/2025;segunda-feira;03:30:00;GO;452;47;RIO VERDE;Reação tardia ou ineficiente do condutor;Saída de leito carroçável;Com Vítimas Feridas;Plena Noite;Decrescente;Nublado;Simples;Reta;Não;1;0;1;0;0;0;1;1;-17,95668828;-50,50287845;SPRF-GO;DEL04-GO;UOP01-DEL04-GO
740749;22/12/2025;segunda-feira;00:41:00;PA;155;289;ELDORADO DO CARAJAS;Pista esburacada;Saída de leito carroçável;Com Vítimas Feridas;Plena Noite;Decrescente;Ignorado;Simples;Reta;Não;3;0;3;0;0;0;3;1;-5,8196;-49,192;SPRF-PA;DEL03-PA;UOP01-DEL03-PA
740751;21/12/2025;domingo;21:30:00;MS;60;596,5;JARDIM;Ausência de reação do condutor;Saída de leito carroçável;Com Vítimas Feridas;Plena Noite;Crescente;Nublado;Simples;Reta;Não;1;0;1;0;0;0;1;1;-21,51090051;-56,16510564;SPRF-MS;DEL05-MS;UOP01-DEL05-MS
740753;22/12/2025;segunda-feira;07:30:00;DF;40;8;BRASILIA;Acessar a via sem observar a presença dos outros veículos;Colisão lateral mesmo sentido;Com Vítimas Feridas;Pleno dia;Decrescente;Céu Claro;Dupla;"Reta;Interseção de Vias";Sim;2;0;2;0;0;0;2;2;-16,04684454;-47,98072815;SPRF-DF;DEL01-DF;UOP01-DEL01-DF
740755;21/12/2025;domingo;22:30:00;RS;101;24;TRES CACHOEIRAS;Ingestão de álcool pelo condutor;Saída de leito carroçável;Com Vítimas Feridas;Plena Noite;Decrescente;Céu Claro;Simples;"Retorno Regulamentado;Reta";Sim;1;0;1;0;0;0;1;1;-29,45265379;-49,92037866;SPRF-RS;DEL03-RS;UOP02-DEL03-RS
740756;22/12/2025;segunda-feira;06:49:00;PE;408;97;RECIFE;Manobra de mudança de faixa;Colisão lateral mesmo sentido;Com Vítimas Feridas;Pleno dia;Crescente;Sol;Dupla;Reta;Não;4;0;3;0;0;1;3;3;-8,06438;-34,99009;SPRF-PE;DEL01-PE;UOP01-DEL01-PE