id;data_inversa;dia_semana;horario;uf;br;km;municipio;causa_acidente;tipo_acidente;classificacao_acidente;fase_dia;sentido_via;condicao_metereologica;tipo_pista;tracado_via;uso_solo;pessoas;mortos;feridos_leves;feridos_graves;ilesos;ignorados;feridos;veiculos;latitude;longitude;regional;delegacia;uop
741223;24/12/2025;quarta-feira;00:00:00;MG;50;199;DELTA;Velocidade Incompatível;Capotamento;Com Vítimas Feridas;Plena Noite;Decrescente;Céu Claro;Simples;Viaduto;Não;1;0;1;0;0;0;1;1;-19,928157;-47,820393;SPRF-MG;DEL13-MG;UOP01-DEL13-MG
741224;23/12/2025;terça-feira;23:55:00;PB;104;139;QUEIMADAS;Desrespeitar a preferência no cruzamento;Colisão transversal;Sem Vítimas;Plena Noite;Crescente;Céu Claro;Simples;"Interseção de Vias;Reta";Sim;2;0;0;0;2;0;0;2;-7,363685;-35,90229;SPRF-PB;DEL02-PB;UOP03-DEL02-PB
741225;23/12/2025;terça-feira;22:00:00;PR;369;43,2;ANDIRA;Transitar no Acostamento;Colisão com objeto;Com Vítimas Feridas;Plena Noite;Crescente;Céu Claro;Simples;Reta;Não;2;0;1;0;1;0;1;1;-23,06702834;-50,2609979;SPRF-PR;DEL07-PR;UOP05-DEL07-PR
741226;24/12/2025;quarta-feira;01:40:00;SP;116;137,7;SAO JOSE DOS CAMPOS;Reação tardia ou ineficiente do condutor;Atropelamento de Pedestre;Com Vítimas Feridas;Plena Noite;Crescente;Céu Claro;Dupla;Reta;Sim;2;0;0;1;1;0;1;2;-23,15071768;-45,78297119;SPRF-SP;DEL02-SP;UOP01-DEL02-SP
741227;23/12/2025;terça-feira;12:45:00;RO;364;342;JI-PARANA;Acessar a via sem observar a presença dos outros veículos;Colisão lateral mesmo sentido;Com Vítimas Feridas;Pleno dia;Crescente;Céu Claro;Simples;Reta;Sim;2;0;1;0;1;0;1;2;-10,885774;-61,934047;SPRF-RO;DEL02-RO;UOP01-DEL02-RO
741228;24/12/2025;quarta-feira;00:40:00;SC;280;74;JARAGUA DO SUL;Ingestão de álcool pelo condutor;Colisão frontal;Com Vítimas Feridas;Plena Noite;Crescente;Garoa/Chuvisco;Simples;Reta;Sim;6;0;3;0;3;0;3;2;-26,458663;-49,1723;SPRF-SC;DEL03-SC;UOP03-DEL03-SC
741232;24/12/2025;quarta-feira;02:00:00;SC;470;51,2;BLUMENAU;Ingestão de álcool pelo condutor;Colisão traseira;Sem Vítimas;Plena Noite;Crescente;Céu Claro;Simples;Reta;Sim;2;0;0;0;2;0;0;2;-26,8639715;-49,087676;SPRF-SC;DEL04-SC;UOP01-DEL04-SC
741234;24/12/2025;quarta-feira;01:55:00;PR;376;672,8;GUARATUBA;Ingestão de álcool pelo condutor;Saída de leito carroçável;Sem Vítimas;Plena Noite;Decrescente;Céu Claro;Dupla;"Curva;Aclive";Não;1;0;0;0;1;0;0;1;-25,904668;-48,921827;SPRF-PR;DEL01-PR;UOP04-DEL01-PR
741236;24/12/2025;quarta-feira;02:21:00;GO;153;516;APARECIDA DE GOIANIA;Ausência de reação do condutor;Saída de leito carroçável;Sem Vítimas;Plena Noite;Decrescente;Nublado;Dupla;Reta;Sim;1;0;0;0;1;0;0;1;-16,844335;-49,245199;SPRF-GO;DEL01-GO;UOP03-DEL01-GO
741237;24/12/2025;quarta-feira;02:50:00;SC;101;39,2;JOINVILLE;Ausência de reação do condutor;Saída de leito carroçável;Com Vítimas Feridas;Plena Noite;Crescente;Céu Claro;Simples;Curva;Sim;1;0;1;0;0;0;1;1;-26,30141757;-48,88332367;SPRF-SC;DEL03-SC;UOP01-DEL03-SC
741238;24/12/2025;quarta-feira;02:30:00;PR;376;2;SAO JOSE DOS PINHAIS;Reação tardia ou ineficiente do condutor;Colisão traseira;Com Vítimas Feridas;Plena Noite;Decrescente;Céu Claro;Dupla;Reta;Sim;3;0;0;1;1;1;1;3;-25,549055;-49,188688;SPRF-PR;DEL01-PR;UOP04-DEL01-PR
741239;24/12/2025;quarta-feira;03:38:00;CE;116;160;RUSSAS;Animais na Pista;Atropelamento de Animal;Com Vítimas Feridas;Pleno dia;Decrescente;Céu Claro;Simples;Reta;Não;1;0;1;0;0;0;1;1;-4,976904;-38,015831;SPRF-CE;DEL03-CE;UOP01-DEL03-CE
741242;24/12/2025;quarta-feira;04:00:00;SP;116;402,9;MIRACATU;Demais falhas mecânicas ou elétricas;Incêndio;Sem Vítimas;Plena Noite;Crescente;Céu Claro;Dupla;Reta;Não;2;0;0;0;2;0;0;1;-24,31808413;-47,53036499;SPRF-SP;DEL04-SP;UOP02-DEL04-SP
741243;24/12/2025;quarta-feira;03:00:00;CE;230;48,6;LAVRAS DA MANGABEIRA;Reação tardia ou ineficiente do condutor;Colisão com objeto;Com Vítimas Fatais;Plena Noite;Crescente;Nublado;Simples;"Ponte;Declive;Reta";Não;5;1;0;4;0;0;4;1;-6,76735;-39,03677;SPRF-CE;DEL05-CE;UOP01-DEL05-CE
741244;24/12/2025;quarta-feira;06:00:00;SC;470;125,1;LONTRAS;Acessar a via sem observar a presença dos outros veículos;Colisão transversal;Com Vítimas Feridas;Pleno dia;Crescente;Céu Claro;Simples;"Retorno Regulamentado;Reta";Não;4;0;2;0;2;0;2;2;-27,12360397;-49,53667609;SPRF-SC;DEL04-SC;UOP02-DEL04-SC
741245;24/12/2025;quarta-feira;05:02:00;MS;163;816;PEDRO GOMES;Reação tardia ou ineficiente do condutor;Saída de leito carroçável;Com Vítimas Fatais;Pleno dia;Decrescente;Céu Claro;Simples;Curva;Não;41;2;7;2;30;0;9;1;-17,783;-54,747;SPRF-MS;DEL06-MS;UOP01-DEL06-MS
741246;24/12/2025;quarta-feira;00:40:00;MA;226;286;BARRA DO CORDA;Reação tardia ou ineficiente do condutor;Saída de leito carroçável;Com Vítimas Feridas;Plena Noite;Decrescente;Chuva;Simples;"Declive;Curva";Não;29;0;0;1;28;0;1;1;-5,45021191;-45,14612317;SPRF-MA;DEL06-MA;UOP01-DEL06-MA
741248;24/12/2025;quarta-feira;00:10:00;MG;50;38;ARAGUARI;Ingestão de álcool pelo condutor;Colisão com objeto;Sem Vítimas;Plena Noite;Crescente;Céu Claro;Dupla;Reta;Sim;1;0;0;0;1;0;0;1;-18,66576214;-48,1716156;SPRF-MG;DEL15-MG;UOP02-DEL15-MG
741249;24/12/2025;quarta-feira;05:50:00;AL;104;33;UNIAO DOS PALMARES;Pedestre andava na pista;Atropelamento de Pedestre;Com Vítimas Feridas;Pleno dia;Decrescente;Céu Claro;Simples;Reta;Não;2;0;0;1;1;0;1;2;-9,14969984;-36,0135638;SPRF-AL;DEL01-AL;UOP02-DEL01-AL
741250;24/12/2025;quarta-feira;06:00:00;AL;316;268,3;SATUBA;Condutor deixou de manter distância do veículo da frente;Colisão frontal;Com Vítimas Feridas;Pleno dia;Crescente;Céu Claro;Simples;Curva;Sim;3;0;2;0;1;0;2;2;-9,57968;-35,8359;SPRF-AL;DEL02-AL;UOP01-DEL02-AL
741251;18/11/2025;terça-feira;18:00:00;RJ;101;294;ITABORAI;Demais falhas mecânicas ou elétricas;Incêndio;Sem Vítimas;Anoitecer;Decrescente;Nublado;Dupla;Reta;Sim;1;0;0;0;1;0;0;1;-22,75763822;-42,89373326;SPRF-RJ;DEL02-RJ;UOP02-DEL02-RJ
741252;23/12/2025;terça-feira;20:45:00;SP;381;40;ATIBAIA;Reação tardia ou ineficiente do condutor;Tombamento;Com Vítimas Feridas;Plena Noite;Crescente;Céu Claro;Dupla;Reta;Não;1;0;1;0;0;0;1;1;-23,1394217;-46,575825;SPRF-SP;DEL03-SP;UOP01-DEL03-SP
741253;24/12/2025;quarta-feira;07:00:00;SC;282;0,7;FLORIANOPOLIS;Reação tardia ou ineficiente do condutor;Colisão lateral mesmo sentido;Com Vítimas Feridas;Pleno dia;Decrescente;Céu Claro;Múltipla;Reta;Sim;4;0;1;1;1;1;2;3;-27,60132;-48,578;SPRF-SC;DEL01-SC;UOP01-DEL01-SC
741255;14/11/2025;sexta-feira;12:05:00;RJ;101;295;ITABORAI;Manobra de mudança de faixa;Colisão traseira;Com Vítimas Feridas;Pleno dia;Decrescente;Nublado;Dupla;Reta;Sim;2;0;1;0;0;1;1;2;-22,76116976;-42,89872759;SPRF-RJ;DEL02-RJ;UOP02-DEL02-RJ
741257;24/12/2025;quarta-feira;06:20:00;PR;369;248,9;BOM SUCESSO;Ultrapassagem Indevida;Colisão frontal;Com Vítimas Feridas;Amanhecer;Decrescente;Céu Claro;Simples;"Declive;Curva";Não;4;0;1;3;0;0;4;2;-23,7006633;-51,7560567;SPRF-PR;DEL09-PR;UOP01-DEL09-PR
741259;24/12/2025;quarta-feira;08:00:00;RS;448;10;CANOAS;Ausência de reação do condutor;Saída de leito carroçável;Com Vítimas Feridas;Pleno dia;Decrescente;Nublado;Múltipla;"Curva;Declive";Não;2;0;1;0;1;0;1;1;-29,8817127;-51,2341993;SPRF-RS;DEL01-RS;UOP01-DEL01-RS
741260;24/12/2025;quarta-feira;08:30:00;MG;40;487,6;ESMERALDAS;Demais falhas mecânicas ou elétricas;Incêndio;Sem Vítimas;Pleno dia;Crescente;Céu Claro;Dupla;Reta;Não;1;0;0;0;1;0;0;1;-19,607702;-44,21934;SPRF-MG;DEL02-MG;UOP01-DEL02-MG
741261;24/12/2025;quarta-feira;07:30:00;PR;116;91;SAO JOSE DOS PINHAIS;Ingestão de álcool pelo condutor;Colisão lateral mesmo sentido;Com Vítimas Fatais;Pleno dia;Crescente;Sol;Dupla;Reta;Não;3;1;0;0;1;1;0;3;-25,50345218;-49,12237264;SPRF-PR;DEL01-PR;UOP07-DEL01-PR
741262;24/12/2025;quarta-feira;06:35:00;GO;153;521;HIDROLANDIA;Pedestre cruzava a pista fora da faixa;Atropelamento de Pedestre;Com Vítimas Feridas;Pleno dia;Crescente;Céu Claro;Dupla;Reta;Não;2;0;1;0;1;0;1;2;-16,8814;-49,252954;SPRF-GO;DEL01-GO;UOP03-DEL01-GO
741263;24/12/2025;quarta-feira;08:45:00;ES;262;65,8;MARECHAL FLORIANO;Curva acentuada;Tombamento;Com Vítimas Feridas;Pleno dia;Decrescente;Céu Claro;Simples;Curva;Não;2;0;2;0;0;0;2;1;-20,41484091;-40,82712293;SPRF-ES;DEL01-ES;UOP02-DEL01-ES
741264;24/12/2025;quarta-feira;08:14:00;GO;60;110;GOIANAPOLIS;Reação tardia ou ineficiente do condutor;Saída de leito carroçável;Com Vítimas Fatais;Pleno dia;Crescente;Céu Claro;Dupla;"Declive;Curva";Não;4;1;0;3;0;0;3;1;-16,451007;-49,037467;SPRF-GO;DEL01-GO;UOP01-DEL01-GO
741266;24/12/2025;quarta-feira;09:00:00;PR;277;689,2;SAO MIGUEL DO IGUACU;Acessar a via sem observar a presença dos outros veículos;Colisão lateral mesmo sentido;Com Vítimas Feridas;Pleno dia;Crescente;Céu Claro;Dupla;"Retorno Regulamentado;Rotatória;Aclive;Reta";Sim;4;0;2;0;2;0;2;2;-25,34482952;-54,2318387;SPRF-PR;DEL05-PR;UOP01-DEL05-PR
741267;24/12/2025;quarta-feira;02:50:00;MT;163;796;VERA;Neblina;Atropelamento de Animal;Sem Vítimas;Plena Noite;Decrescente;Nevoeiro/Neblina;Simples;Reta;Não;1;0;0;0;1;0;0;1;-12,20544833;-55,538205;SPRF-MT;DEL06-MT;UOP02-DEL06-MT
741269;24/12/2025;quarta-feira;10:10:00;MG;381;492;BETIM;Manobra de mudança de faixa;Colisão lateral mesmo sentido;Com Vítimas Feridas;Pleno dia;Crescente;Céu Claro;Dupla;Reta;Sim;3;0;1;0;1;1;1;3;-19,961244;-44,160059;SPRF-MG;DEL01-MG;UOP03-DEL01-MG
741271;17/06/2025;terça-feira;09:02:00;RO;425;126;GUAJARA-MIRIM;Desrespeitar a preferência no cruzamento;Colisão transversal;Com Vítimas Feridas;Pleno dia;Crescente;Céu Claro;Dupla;Interseção de Vias;Sim;2;0;0;2;0;0;2;2;-10,76434092;-65,31590849;SPRF-RO;DEL01-RO;UOP03-DEL01-RO
741272;24/12/2025;quarta-feira;09:10:00;GO;60;169,5;GOIANIA;Objeto estático sobre o leito carroçável;Colisão com objeto;Com Vítimas Feridas;Pleno dia;Crescente;Sol;Dupla;"Declive;Reta";Não;1;0;1;0;0;0;1;1;-16,73641373;-49,40444469;SPRF-GO;DEL01-GO;UOP02-DEL01-GO
741273;24/12/2025;quarta-feira;10:10:00;SC;282;16,4;PALHOCA;Transitar no Acostamento;Colisão transversal;Com Vítimas Feridas;Pleno dia;Decrescente;Céu Claro;Simples;Reta;Sim;2;0;1;0;1;0;1;2;-27,66194122;-48,68467966;SPRF-SC;DEL01-SC;UOP02-DEL01-SC
741275;24/12/2025;quarta-feira;09:50:00;SP;116;143,9;SAO JOSE DOS CAMPOS;Trafegar com motocicleta (ou similar) entre as faixas;Colisão lateral mesmo sentido;Com Vítimas Feridas;Pleno dia;Crescente;Sol;Múltipla;"Aclive;Em Obras";Sim;3;0;0;1;2;0;1;3;-23,18199647;-45,84526281;SPRF-SP;DEL02-SP;UOP01-DEL02-SP
741276;18/10/2025;sábado;10:53:00;PA;163;300;NOVO PROGRESSO;Demais falhas mecânicas ou elétricas;Queda de ocupante de veículo;Com Vítimas Feridas;Pleno dia;Decrescente;Céu Claro;Simples;Reta;Não;1;0;1;0;0;0;1;1;-7,14015;-55,38303;SPRF-PA;DEL05-PA;UOP03-DEL05-PA
741279;24/12/2025;quarta-feira;10:00:00;PR;376;179,1;MARINGA;Acessar a via sem observar a presença dos outros veículos;Atropelamento de Pedestre;Com Vítimas Feridas;Pleno dia;Crescente;Céu Claro;Dupla;Reta;Sim;3;0;1;0;2;0;1;2;-23,4200125;-51,9107249;SPRF-PR;DEL09-PR;UOP01-DEL09-PR
741280;24/12/2025;quarta-feira;09:00:00;PI;343;307,8;ALTOS;Acessar a via sem observar a presença dos outros veículos;Colisão transversal;Com Vítimas Feridas;Pleno dia;Decrescente;Céu Claro;Simples;Reta;Sim;2;0;0;1;1;0;1;2;-5,038792;-42,46573;SPRF-PI;DEL01-PI;UOP01-DEL01-PI
741282;24/12/2025;quarta-feira;08:15:00;RJ;493;17;GUAPIMIRIM;Ausência de reação do condutor;Saída de leito carroçável;Com Vítimas Feridas;Pleno dia;Decrescente;Céu Claro;Dupla;Reta;Não;1;0;1;0;0;0;1;1;-22,66896688;-43,02104473;SPRF-RJ;DEL04-RJ;UOP02-DEL04-RJ
741285;24/12/2025;quarta-feira;10:00:00;PR;369;99;CORNELIO PROCOPIO;Reação tardia ou ineficiente do condutor;Capotamento;Com Vítimas Feridas;Pleno dia;Decrescente;Sol;Dupla;"Aclive;Curva";Não;1;0;0;1;0;0;1;1;-23,21954;-50,67176;SPRF-PR;DEL07-PR;UOP05-DEL07-PR
741286;24/12/2025;quarta-feira;08:15:00;RS;293;182;BAGE;Ausência de reação do condutor;Colisão traseira;Sem Vítimas;Pleno dia;Decrescente;Céu Claro;Simples;Reta;Não;3;0;0;0;2;1;0;3;-31,29038327;-54,06953305;SPRF-RS;DEL11-RS;UOP03-DEL11-RS
741287;24/12/2025;quarta-feira;11:00:00;PE;101;85;JABOATAO DOS GUARARAPES;Mal súbito do condutor;Queda de ocupante de veículo;Com Vítimas Feridas;Pleno dia;Crescente;Nublado;Dupla;Reta;Não;3;0;0;2;0;1;2;2;-8,1817;-34,9617;SPRF-PE;DEL01-PE;UOP01-DEL01-PE
741288;24/12/2025;quarta-feira;11:00:00;SC;470;90,8;APIUNA;Acessar a via sem observar a presença dos outros veículos;Colisão transversal;Com Vítimas Feridas;Pleno dia;Decrescente;Céu Claro;Simples;Reta;Não;5;0;0;1;4;0;1;2;-26,990939;-49,375398;SPRF-SC;DEL04-SC;UOP01-DEL04-SC
741289;24/12/2025;quarta-feira;11:00:00;ES;101;18,8;CONCEICAO DA BARRA;Frear bruscamente;Engavetamento;Com Vítimas Feridas;Pleno dia;Decrescente;Céu Claro;Simples;Declive;Não;7;0;2;0;4;1;2;3;-18,3166859;-39,95193092;SPRF-ES;DEL04-ES;UOP02-DEL04-ES
741290;24/12/2025;quarta-feira;10:25:00;MS;163;480;CAMPO GRANDE;Ausência de reação do condutor;Colisão traseira;Com Vítimas Feridas;Pleno dia;Decrescente;Céu Claro;Simples;Reta;Sim;2;0;1;0;1;0;1;2;-20,478834;-54,559444;SPRF-MS;DEL01-MS;UOP01-DEL01-MS
741291;20/12/2025;sábado;09:00:00;MG;50;206;DELTA;Condutor deixou de manter distância do veículo da frente;Colisão traseira;Com Vítimas Feridas;Pleno dia;Decrescente;Nublado;Dupla;Em Obras;Não;7;0;3;0;4;0;3;2;-19,98113;-47,78875;SPRF-MG;DEL13-MG;UOP01-DEL13-MG
741292;24/12/2025;quarta-feira;11:30:00;MG;116;305,1;ITAMBACURI;Condutor deixou de manter distância do veículo da frente;Colisão lateral mesmo sentido;Com Vítimas Feridas;Pleno dia;Decrescente;Céu Claro;Simples;"Aclive;Reta";Não;2;0;1;1;0;0;2;2;-18,033033;-41,653225;SPRF-MG;DEL11-MG;UOP01-DEL11-MG
741293;24/12/2025;quarta-feira;12:00:00;RS;116;262;CANOAS;Acesso irregular;Colisão transversal;Com Vítimas Feridas;Pleno dia;Crescente;Céu Claro;Dupla;Reta;Sim;2;0;1;0;1;0;1;2;-29,90384281;-51,17666531;SPRF-RS;DEL01-RS;UOP01-DEL01-RS
741294;24/12/2025;quarta-feira;11:35:00;DF;20;10,8;BRASILIA;Manobra de mudança de faixa;Colisão traseira;Com Vítimas Feridas;Pleno dia;Crescente;Céu Claro;Dupla;"Em Obras;Reta";Sim;5;0;1;1;1;2;2;3;-15,649834;-47,773157;SPRF-DF;DEL02-DF;UOP01-DEL02-DF
741295;24/12/2025;quarta-feira;12:15:00;MG;381;498;BETIM;Ingestão de álcool pelo condutor;Colisão lateral mesmo sentido;Com Vítimas Feridas;Pleno dia;Crescente;Céu Claro;Múltipla;Reta;Sim;3;0;1;0;2;0;1;1;-19,961244;-44,160059;SPRF-MG;DEL01-MG;UOP03-DEL01-MG
741296;24/12/2025;quarta-feira;10:15:00;RJ;101;482;ANGRA DOS REIS;Acessar a via sem observar a presença dos outros veículos;Colisão transversal;Com Vítimas Feridas;Pleno dia;Decrescente;Céu Claro;Dupla;Reta;Sim;2;0;1;0;1;0;1;2;-23,00464965;-44,29813317;SPRF-RJ;DEL03-RJ;UOP03-DEL03-RJ
741299;24/12/2025;quarta-feira;11:50:00;SP;381;71,4;MAIRIPORA;Ausência de reação do condutor;Tombamento;Com Vítimas Feridas;Pleno dia;Decrescente;Céu Claro;Dupla;"Túnel;Curva";Não;1;0;1;0;0;0;1;1;-23,35602622;-46,54872584;SPRF-SP;DEL03-SP;UOP01-DEL03-SP
741300;24/12/2025;quarta-feira;11:35:00;MG;381;353,1;JOAO MONLEVADE;Reação tardia ou ineficiente do condutor;Colisão transversal;Sem Vítimas;Pleno dia;Decrescente;Céu Claro;Simples;"Reta;Retorno Regulamentado";Sim;4;0;0;0;4;0;0;2;-19,841059;-43,19893;SPRF-MG;DEL03-MG;UOP01-DEL03-MG
741301;24/12/2025;quarta-feira;12:30:00;AP;156;266;MACAPA;Ausência de reação do condutor;Colisão lateral mesmo sentido;Com Vítimas Feridas;Pleno dia;Decrescente;Nublado;Simples;Reta;Não;3;0;1;1;1;0;2;2;0,237063;-51,149424;SPRF-AP;DEL01-AP;UOP01-DEL01-AP
741302;24/12/2025;quarta-feira;11:51:00;SC;101;216,2;PALHOCA;Ingestão de substâncias psicoativas pelo condutor;Saída de leito carroçável;Sem Vítimas;Pleno dia;Decrescente;Céu Claro;Simples;Reta;Não;1;0;0;0;0;1;0;1;-27,662118;-48,6761488;SPRF-SC;DEL01-SC;UOP02-DEL01-SC
741303;24/12/2025;quarta-feira;12:48:00;SC;282;387;JOACABA;Acumulo de água sobre o pavimento;Tombamento;Com Vítimas Feridas;Pleno dia;Decrescente;Garoa/Chuvisco;Simples;Reta;Sim;2;0;0;1;1;0;1;2;-27,1846449;-51,5198076;SPRF-SC;DEL07-SC;UOP05-DEL07-SC
741304;24/12/2025;quarta-feira;11:23:00;BA;116;846;VITORIA DA CONQUISTA;Ultrapassagem Indevida;Colisão lateral mesmo sentido;Sem Vítimas;Pleno dia;Crescente;Céu Claro;Simples;Reta;Sim;2;0;0;0;2;0;0;2;-15,029802;-40,959032;SPRF-BA;DEL08-BA;UOP01-DEL08-BA
741305;24/12/2025;quarta-feira;12:45:00;GO;40;5;VALPARAISO DE GOIAS;Acessar a via sem observar a presença dos outros veículos;Colisão transversal;Com Vítimas Feridas;Pleno dia;Crescente;Céu Claro;Dupla;Reta;Sim;2;0;1;0;1;0;1;2;-16,09340716;-47,98208982;SPRF-DF;DEL01-DF;UOP01-DEL01-DF
741308;24/12/2025;quarta-feira;13:15:00;PB;101;85,9;JOAO PESSOA;Manobra de mudança de faixa;Colisão lateral mesmo sentido;Com Vítimas Feridas;Pleno dia;Decrescente;Céu Claro;Dupla;Reta;Sim;2;0;1;0;1;0;1;2;-7,1529256;-34,9084468;SPRF-PB;DEL01-PB;UOP01-DEL01-PB
741309;24/12/2025;quarta-feira;12:30:00;PI;316;5;TERESINA;Ausência de reação do condutor;Engavetamento;Com Vítimas Feridas;Pleno dia;Crescente;Nublado;Múltipla;"Declive;Reta";Sim;3;0;1;0;2;0;1;3;-5,143053;-42,779795;SPRF-PI;DEL01-PI;UOP02-DEL01-PI
741310;24/12/2025;quarta-feira;13:30:00;MG;40;448,1;CAETANOPOLIS;Mal súbito do condutor;Saída de leito carroçável;Com Vítimas Feridas;Pleno dia;Crescente;Céu Claro;Simples;Reta;Sim;2;0;1;1;0;0;2;1;-19,30346;-44,377797;SPRF-MG;DEL02-MG;UOP01-DEL02-MG
741314;24/12/2025;quarta-feira;12:38:00;PB;230;3,5;CABEDELO;Ausência de reação do condutor;Tombamento;Com Vítimas Feridas;Pleno dia;Decrescente;Céu Claro;Simples;Reta;Sim;2;0;1;0;0;1;1;2;-6,99532494;-34,82804267;SPRF-PB;DEL01-PB;UOP01-DEL01-PB
741315;24/12/2025;quarta-feira;12:45:00;MS;419;333;NIOAQUE;Condutor deixou de manter distância do veículo da frente;Colisão traseira;Com Vítimas Feridas;Pleno dia;Decrescente;Céu Claro;Simples;Reta;Não;3;0;0;1;0;2;1;3;-21,12985316;-55,81830599;SPRF-MS;DEL03-MS;UOP01-DEL03-MS
741316;24/12/2025;quarta-feira;10:55:00;MT;163;690;LUCAS DO RIO VERDE;Conversão proibida;Colisão transversal;Com Vítimas Feridas;Pleno dia;Crescente;Sol;Simples;"Reta;Interseção de Vias";Sim;5;0;1;0;4;0;1;2;-13,0569953;-55,9141884;SPRF-MT;DEL06-MT;UOP01-DEL06-MT
741319;24/12/2025;quarta-feira;08:20:00;MA;230;477,4;RIACHAO;Ultrapassagem Indevida;Colisão frontal;Com Vítimas Feridas;Pleno dia;Crescente;Céu Claro;Simples;"Declive;Curva";Não;5;0;0;1;4;0;1;2;-7,399107;-46,645407;SPRF-MA;DEL05-MA;UOP01-DEL05-MA
741321;24/12/2025;quarta-feira;14:35:00;PE;232;4;RECIFE;Demais falhas na via;Colisão com objeto;Sem Vítimas;Pleno dia;Crescente;Céu Claro;Simples;Curva;Sim;2;0;0;0;2;0;0;1;-8,06537;-34,94026;SPRF-PE;DEL01-PE;UOP01-DEL01-PE
741322;24/12/2025;quarta-feira;12:00:00;RS;285;162,1;MUITOS CAPOES;Reação tardia ou ineficiente do condutor;Saída de leito carroçável;Com Vítimas Feridas;Pleno dia;Crescente;Chuva;Simples;Curva;Não;2;0;2;0;0;0;2;1;-28,31898;-51,2477;SPRF-RS;DEL05-RS;UOP03-DEL05-RS
741325;24/12/2025;quarta-feira;14:20:00;PR;369;82;CORNELIO PROCOPIO;Avarias e/ou desgaste excessivo no pneu;Queda de ocupante de veículo;Com Vítimas Feridas;Pleno dia;Decrescente;Céu Claro;Simples;Reta;Não;1;0;1;0;0;0;1;1;-23,15643128;-50,6052131;SPRF-PR;DEL07-PR;UOP05-DEL07-PR
741326;24/12/2025;quarta-feira;12:00:00;RJ;101;137;CARAPEBUS;Ausência de reação do condutor;Colisão traseira;Com Vítimas Feridas;Pleno dia;Crescente;Céu Claro;Dupla;Reta;Não;3;0;0;1;1;1;1;3;-22,14623079;-41,72552168;SPRF-RJ;DEL08-RJ;UOP04-DEL08-RJ
741329;24/12/2025;quarta-feira;14:25:00;RJ;101;311;SAO GONCALO;Demais falhas mecânicas ou elétricas;Queda de ocupante de veículo;Com Vítimas Feridas;Pleno dia;Crescente;Céu Claro;Dupla;Reta;Sim;2;0;1;0;1;0;1;1;-22,80524172;-43,06151097;SPRF-RJ;DEL02-RJ;UOP02-DEL02-RJ
741330;24/12/2025;quarta-feira;13:20:00;PR;277;408,1;CANTAGALO;Ausência de reação do condutor;Saída de leito carroçável;Com Vítimas Feridas;Pleno dia;Decrescente;Chuva;Simples;"Reta;Aclive";Não;2;0;1;0;1;0;1;1;-25,38105631;-52,11694902;SPRF-PR;DEL04-PR;UOP02-DEL04-PR
741331;24/12/2025;quarta-feira;14:10:00;MT;364;397;CUIABA;Acessar a via sem observar a presença dos outros veículos;Colisão traseira;Com Vítimas Feridas;Pleno dia;Decrescente;Céu Claro;Dupla;Reta;Sim;2;0;0;1;1;0;1;2;-15,669552;-55,952904;SPRF-MT;DEL01-MT;UOP02-DEL01-MT
741333;24/12/2025;quarta-feira;14:50:00;RS;116;311;GUAIBA;Ausência de reação do condutor;Capotamento;Com Vítimas Feridas;Pleno dia;Decrescente;Nublado;Dupla;Reta;Não;1;0;1;0;0;0;1;1;-30,211842;-51,404105;SPRF-RS;DEL02-RS;UOP01-DEL02-RS
741334;24/12/2025;quarta-feira;15:00:00;PR;369;135;IBIPORA;Acessar a via sem observar a presença dos outros veículos;Colisão frontal;Com Vítimas Feridas;Pleno dia;Crescente;Céu Claro;Simples;Interseção de Vias;Sim;2;0;0;1;1;0;1;2;-23,26612192;-51,03766171;SPRF-PR;DEL07-PR;UOP01-DEL07-PR
741335;24/12/2025;quarta-feira;13:40:00;RO;364;424,5;JARU;Acessar a via sem observar a presença dos outros veículos;Colisão transversal;Com Vítimas Feridas;Pleno dia;Crescente;Nublado;Simples;Interseção de Vias;Sim;2;0;1;0;1;0;1;2;-10,44017102;-62,46831385;SPRF-RO;DEL03-RO;UOP02-DEL03-RO
741338;24/12/2025;quarta-feira;15:30:00;MG;40;512;RIBEIRAO DAS NEVES;Trafegar com motocicleta (ou similar) entre as faixas;Colisão lateral mesmo sentido;Com Vítimas Feridas;Pleno dia;Decrescente;Céu Claro;Dupla;"Reta;Declive";Sim;4;0;1;0;3;0;1;3;-19,79286645;-44,111067;SPRF-MG;DEL01-MG;UOP02-DEL01-MG
741339;24/12/2025;quarta-feira;14:40:00;RS;116;339;BARRA DO RIBEIRO;Demais falhas mecânicas ou elétricas;Incêndio;Sem Vítimas;Pleno dia;Crescente;Nublado;Dupla;Reta;Não;3;0;0;0;3;0;0;1;-30,485524;-51,490134;SPRF-RS;DEL02-RS;UOP02-DEL02-RS
741340;24/12/2025;quarta-feira;15:15:00;MG;365;285;PATROCINIO DO MURIAE;Reação tardia ou ineficiente do condutor;Colisão traseira;Com Vítimas Feridas;Pleno dia;Decrescente;Céu Claro;Simples;Reta;Não;2;0;1;0;1;0;1;2;-21,126;-42,203;SPRF-MG;DEL10-MG;UOP02-DEL010-MG
741341;24/12/2025;quarta-feira;15:20:00;RS;392;26,9;RIO GRANDE;Acumulo de água sobre o pavimento;Saída de leito carroçável;Com Vítimas Feridas;Pleno dia;Crescente;Nublado;Simples;"Declive;Curva;Viaduto";Sim;4;0;3;0;1;0;3;1;-32,07106941;-52,26260662;SPRF-RS;DEL07-RS;UOP02-DEL07-RS