id;data_inversa;dia_semana;horario;uf;br;km;municipio;causa_acidente;tipo_acidente;classificacao_acidente;fase_dia;sentido_via;condicao_metereologica;tipo_pista;tracado_via;uso_solo;pessoas;mortos;feridos_leves;feridos_graves;ilesos;ignorados;feridos;veiculos;latitude;longitude;regional;delegacia;uop
741647;26/12/2025;sexta-feira;03:00:00;SP;116;336;JUQUITIBA;Pedestre andava na pista;Atropelamento de Pedestre;Com Vítimas Feridas;Plena Noite;Crescente;Céu Claro;Dupla;Curva;Sim;2;0;0;1;0;1;1;2;-23,977066;-47,144234;SPRF-SP;DEL04-SP;UOP03-DEL04-SP
741648;26/12/2025;sexta-feira;03:20:00;PA;316;60;CASTANHAL;Transitar na contramão;Colisão frontal;Sem Vítimas;Plena Noite;Decrescente;Céu Claro;Dupla;Reta;Sim;2;0;0;0;1;1;0;2;-1,297023;-47,950632;SPRF-PA;DEL01-PA;UOP01-DEL01-PA
741652;26/12/2025;sexta-feira;04:00:00;BA;101;178;SAO GONCALO DOS CAMPOS;Animais na Pista;Atropelamento de Animal;Com Vítimas Fatais;Amanhecer;Crescente;Nevoeiro/Neblina;Simples;Reta;Não;1;1;0;0;0;0;0;1;-12,4169674;-38,9052897;SPRF-BA;DEL01-BA;UOP03-DEL01-BA
741653;26/12/2025;sexta-feira;02:45:00;BA;110;81;JEREMOABO;Condutor Dormindo;Saída de leito carroçável;Com Vítimas Feridas;Plena Noite;Decrescente;Céu Claro;Simples;Reta;Não;4;0;2;0;2;0;2;1;-10,10029;-38,310777;SPRF-BA;DEL07-BA;UOP01-DEL07-BA
741655;26/12/2025;sexta-feira;03:20:00;SC;101;34,9;JOINVILLE;Velocidade Incompatível;Colisão com objeto;Com Vítimas Feridas;Plena Noite;Crescente;Céu Claro;Dupla;Curva;Não;3;0;3;0;0;0;3;1;-26,26895091;-48,89563736;SPRF-SC;DEL03-SC;UOP01-DEL03-SC
741656;26/12/2025;sexta-feira;05:00:00;RJ;116;169;RIO DE JANEIRO;Animais na Pista;Queda de ocupante de veículo;Com Vítimas Feridas;Amanhecer;Decrescente;Céu Claro;Dupla;Reta;Sim;1;0;1;0;0;0;1;1;-22,8044734;-43,345185;SPRF-RJ;DEL06-RJ;UOP01-DEL06-RJ
741657;26/12/2025;sexta-feira;04:30:00;RN;304;121,8;ITAJA;Condutor Dormindo;Colisão com objeto;Com Vítimas Feridas;Plena Noite;Decrescente;Céu Claro;Simples;"Declive;Reta";Não;2;0;0;1;0;1;1;2;-5,63971572;-36,84375107;SPRF-RN;DEL04-RN;UOP01-DEL04-RN
741658;26/12/2025;sexta-feira;01:40:00;GO;153;510;APARECIDA DE GOIANIA;Velocidade Incompatível;Saída de leito carroçável;Com Vítimas Feridas;Plena Noite;Crescente;Céu Claro;Dupla;Reta;Sim;1;0;1;0;0;0;1;1;-16,79107895;-49,23837371;SPRF-GO;DEL01-GO;UOP03-DEL01-GO
741660;26/12/2025;sexta-feira;03:15:00;MG;381;484;BETIM;Reação tardia ou ineficiente do condutor;Colisão com objeto;Sem Vítimas;Plena Noite;Decrescente;Céu Claro;Múltipla;Reta;Sim;1;0;0;0;0;1;0;1;-19,95891055;-44,09116888;SPRF-MG;DEL01-MG;UOP03-DEL01-MG
741661;26/12/2025;sexta-feira;06:20:00;GO;60;56;ABADIANIA;Velocidade Incompatível;Colisão com objeto;Com Vítimas Feridas;Pleno dia;Decrescente;Céu Claro;Dupla;"Curva;Declive";Não;2;0;1;0;1;0;1;1;-16,187168;-48,663055;SPRF-GO;DEL02-GO;UOP01-DEL02-GO
741662;26/12/2025;sexta-feira;04:30:00;PA;230;12;ALTAMIRA;Reação tardia ou ineficiente do condutor;Colisão com objeto;Com Vítimas Feridas;Plena Noite;Crescente;Ignorado;Simples;Reta;Sim;1;0;1;0;0;0;1;1;-3,20204;-52,23789;SPRF-PA;DEL03-PA;UOP01-DEL03-PA
741664;25/12/2025;quinta-feira;22:15:00;RO;364;341;JI-PARANA;Reação tardia ou ineficiente do condutor;Colisão com objeto;Com Vítimas Feridas;Plena Noite;Decrescente;Céu Claro;Dupla;Interseção de Vias;Sim;3;0;3;0;0;0;3;1;-10,88499336;-61,93612067;SPRF-RO;DEL02-RO;UOP01-DEL02-RO
741665;26/12/2025;sexta-feira;06:15:00;PR;277;129,7;CAMPO LARGO;Reação tardia ou ineficiente do condutor;Colisão traseira;Com Vítimas Fatais;Amanhecer;Crescente;Céu Claro;Dupla;Reta;Não;2;1;0;0;1;0;0;2;-25,44644944;-49,57251761;SPRF-PR;DEL03-PR;UOP03-DEL03-PR
741667;26/12/2025;sexta-feira;06:35:00;GO;414;410;ABADIANIA;Condutor deixou de manter distância do veículo da frente;Colisão traseira;Com Vítimas Feridas;Pleno dia;Decrescente;Céu Claro;Simples;Reta;Sim;2;0;0;1;0;1;1;2;-16,05493271;-48,85367487;SPRF-GO;DEL02-GO;UOP01-DEL02-GO
741668;26/12/2025;sexta-feira;06:30:00;GO;60;416;RIO VERDE;Ausência de reação do condutor;Saída de leito carroçável;Com Vítimas Fatais;Pleno dia;Crescente;Céu Claro;Dupla;Reta;Não;1;1;0;0;0;0;0;1;-17,820163;-51,213163;SPRF-GO;DEL04-GO;UOP02-DEL04-GO
741669;26/12/2025;sexta-feira;07:20:00;RJ;465;13,8;SEROPEDICA;Ausência de reação do condutor;Queda de ocupante de veículo;Com Vítimas Feridas;Pleno dia;Decrescente;Céu Claro;Simples;Reta;Sim;1;0;1;0;0;0;1;1;-22,79851451;-43,64545695;SPRF-RJ;DEL06-RJ;UOP02-DEL06-RJ
741672;25/12/2025;quinta-feira;07:40:00;PR;277;441,5;VIRMOND;Demais falhas mecânicas ou elétricas;Saída de leito carroçável;Com Vítimas Feridas;Pleno dia;Decrescente;Céu Claro;Simples;"Reta;Aclive";Não;1;0;0;1;0;0;1;1;-25,3769;-52,2605;SPRF-PR;DEL04-PR;UOP02-DEL04-PR
741673;26/12/2025;sexta-feira;07:50:00;RJ;356;11;ITAPERUNA;Acessar a via sem observar a presença dos outros veículos;Colisão frontal;Com Vítimas Feridas;Pleno dia;Crescente;Céu Claro;Simples;"Interseção de Vias;Curva";Não;4;0;1;0;3;0;1;2;-21,1727744;-42,0941406;SPRF-RJ;DEL08-RJ;UOP03-DEL08-RJ
741674;26/12/2025;sexta-feira;07:30:00;MA;135;89;ITAPECURU MIRIM;Acessar a via sem observar a presença dos outros veículos;Colisão transversal;Com Vítimas Feridas;Pleno dia;Crescente;Céu Claro;Simples;Reta;Não;5;0;1;0;4;0;1;2;-3,282314;-44,409992;SPRF-MA;DEL01-MA;UOP02-DEL01-MA
741675;26/12/2025;sexta-feira;09:15:00;RS;101;8;TORRES;Ausência de reação do condutor;Colisão com objeto;Com Vítimas Feridas;Pleno dia;Crescente;Céu Claro;Dupla;Reta;Não;2;0;0;1;1;0;1;2;-29,35928355;-49,80669944;SPRF-RS;DEL03-RS;UOP02-DEL03-RS
741676;13/11/2025;quinta-feira;20:40:00;PE;101;48;ABREU E LIMA;Pedestre cruzava a pista fora da faixa;Atropelamento de Pedestre;Com Vítimas Feridas;Plena Noite;Crescente;Céu Claro;Simples;Reta;Sim;2;0;1;0;1;0;1;2;-7,892042;-34,903308;SPRF-PE;DEL01-PE;UOP02-DEL01-PE
741677;09/12/2025;terça-feira;09:55:00;SC;101;346;JAGUARUNA;Acumulo de água sobre o pavimento;Saída de leito carroçável;Com Vítimas Feridas;Pleno dia;Crescente;Chuva;Múltipla;Reta;Sim;1;0;1;0;0;0;1;1;-28,5701667;-49,0534917;SPRF-SC;DEL02-SC;UOP01-DEL02-SC
741678;26/12/2025;sexta-feira;08:50:00;SC;101;136,5;BALNEARIO CAMBORIU;Manobra de mudança de faixa;Colisão lateral mesmo sentido;Com Vítimas Feridas;Pleno dia;Crescente;Céu Claro;Dupla;Reta;Sim;2;0;1;0;0;1;1;2;-27,00667359;-48,62119524;SPRF-SC;DEL04-SC;UOP03-DEL04-SC
741679;26/12/2025;sexta-feira;09:20:00;PR;277;54;MORRETES;Reação tardia ou ineficiente do condutor;Engavetamento;Sem Vítimas;Pleno dia;Decrescente;Céu Claro;Dupla;"Reta;Aclive";Não;17;0;0;0;17;0;0;7;-25,5803821;-48,86341095;SPRF-PR;DEL01-PR;UOP05-DEL01-PR
741680;24/11/2025;segunda-feira;12:50:00;SC;101;107;PENHA;Trafegar com motocicleta (ou similar) entre as faixas;Colisão lateral mesmo sentido;Com Vítimas Feridas;Pleno dia;Crescente;Chuva;Dupla;Reta;Sim;5;0;0;1;4;0;1;2;-26,819843;-48,684232;SPRF-SC;DEL03-SC;UOP02-DEL03-SC
741682;26/12/2025;sexta-feira;08:55:00;CE;304;40;ARACATI;Acessar a via sem observar a presença dos outros veículos;Colisão transversal;Com Vítimas Feridas;Pleno dia;Crescente;Céu Claro;Simples;Reta;Não;2;0;1;0;1;0;1;2;-4,57983067;-37,84987299;SPRF-CE;DEL03-CE;UOP02-DEL03-CE
741683;26/12/2025;sexta-feira;09:40:00;MG;40;349,1;FELIXLANDIA;Condutor Dormindo;Saída de leito carroçável;Com Vítimas Feridas;Pleno dia;Decrescente;Céu Claro;Simples;Reta;Não;1;0;1;0;0;0;1;1;-18,72151;-44,94335;SPRF-MG;DEL02-MG;UOP01-DEL02-MG
741684;26/12/2025;sexta-feira;09:50:00;PR;277;64;SAO JOSE DOS PINHAIS;Condutor deixou de manter distância do veículo da frente;Engavetamento;Sem Vítimas;Pleno dia;Decrescente;Céu Claro;Dupla;Reta;Sim;5;0;0;0;3;2;0;4;-25,53392253;-49,07824516;SPRF-PR;DEL01-PR;UOP01-DEL01-PR
741685;26/12/2025;sexta-feira;10:00:00;RJ;101;485;ANGRA DOS REIS;Pedestre cruzava a pista fora da faixa;Atropelamento de Pedestre;Com Vítimas Feridas;Pleno dia;Crescente;Sol;Dupla;Reta;Sim;2;0;0;1;1;0;1;2;-22,954043;-44,319388;SPRF-RJ;DEL03-RJ;UOP03-DEL03-RJ
741686;26/12/2025;sexta-feira;08:55:00;MS;60;368;CAMPO GRANDE;Acessar a via sem observar a presença dos outros veículos;Colisão lateral mesmo sentido;Com Vítimas Feridas;Pleno dia;Crescente;Céu Claro;Simples;Rotatória;Sim;3;0;1;0;2;0;1;2;-20,55224592;-54,66890987;SPRF-MS;DEL01-MS;UOP04-DEL01-MS
741687;26/12/2025;sexta-feira;09:00:00;PR;277;332,2;GUARAPUAVA;Reação tardia ou ineficiente do condutor;Saída de leito carroçável;Com Vítimas Feridas;Pleno dia;Crescente;Céu Claro;Simples;Reta;Não;2;0;1;0;1;0;1;1;-25,36826465;-51,33268154;SPRF-PR;DEL08-PR;UOP01-DEL08-PR
741688;26/12/2025;sexta-feira;07:30:00;MG;116;148;PONTO DOS VOLANTES;Ultrapassagem Indevida;Saída de leito carroçável;Com Vítimas Feridas;Pleno dia;Decrescente;Céu Claro;Simples;Reta;Não;4;0;3;1;0;0;4;1;-16,837684;-41,479865;SPRF-MG;DEL11-MG;UOP02-DEL11-MG
741690;26/12/2025;sexta-feira;10:40:00;MA;135;77;SANTA RITA;Ausência de reação do condutor;Saída de leito carroçável;Com Vítimas Fatais;Pleno dia;Decrescente;Céu Claro;Simples;Reta;Não;1;1;0;0;0;0;0;1;-3,197665;-44,358167;SPRF-MA;DEL01-MA;UOP02-DEL01-MA
741692;26/12/2025;sexta-feira;11:20:00;PE;232;76;GRAVATA;Ausência de reação do condutor;Capotamento;Com Vítimas Feridas;Pleno dia;Crescente;Céu Claro;Dupla;Reta;Sim;3;0;3;0;0;0;3;1;-8,19517945;-35,53905487;SPRF-PE;DEL02-PE;UOP02-DEL02PE
741693;26/12/2025;sexta-feira;10:30:00;RN;226;110,6;SANTA CRUZ;Manobra de mudança de faixa;Colisão transversal;Com Vítimas Feridas;Pleno dia;Decrescente;Céu Claro;Simples;Reta;Sim;2;0;1;0;0;1;1;2;-6,2320828;-36,01540446;SPRF-RN;DEL03-RN;UOP02-DEL03-RN
741694;26/12/2025;sexta-feira;10:40:00;RS;470;183;VERANOPOLIS;Ausência de reação do condutor;Colisão lateral sentido oposto;Com Vítimas Feridas;Pleno dia;Decrescente;Nublado;Simples;Curva;Não;3;0;1;0;2;0;1;2;-28,982973;-51,565742;SPRF-RS;DEL06-RS;UOP02-DEL06-RS
741695;26/12/2025;sexta-feira;11:40:00;PE;101;65;RECIFE;Área urbana sem a presença de local apropriado para a travessia de pedestres;Atropelamento de Pedestre;Com Vítimas Feridas;Pleno dia;Crescente;Céu Claro;Dupla;Reta;Sim;3;0;0;3;0;0;3;2;-8,029867;-34,94206;SPRF-PE;DEL01-PE;UOP01-DEL01-PE
741697;26/12/2025;sexta-feira;11:15:00;RS;386;269,9;FONTOURA XAVIER;Desrespeitar a preferência no cruzamento;Colisão transversal;Sem Vítimas;Pleno dia;Decrescente;Céu Claro;Simples;Interseção de Vias;Não;2;0;0;0;2;0;0;2;-28,97165741;-52,36938922;SPRF-RS;DEL04-RS;UOP03-DEL04-RS
741698;10/09/2025;quarta-feira;18:00:00;PB;412;144;MONTEIRO;Ausência de reação do condutor;Atropelamento de Pedestre;Com Vítimas Feridas;Plena Noite;Crescente;Céu Claro;Simples;Reta;Não;2;0;1;1;0;0;2;2;-7,88720899;-37,10698414;SPRF-PB;DEL02-PB;UOP02-DEL02-PB
741699;26/12/2025;sexta-feira;11:40:00;RJ;101;433;MANGARATIBA;Reação tardia ou ineficiente do condutor;Colisão traseira;Com Vítimas Feridas;Pleno dia;Crescente;Céu Claro;Dupla;Retorno Regulamentado;Não;2;0;0;1;1;0;1;2;-22,937739;-44,038782;SPRF-RJ;DEL03-RJ;UOP02-DEL03-RJ
741701;12/11/2025;quarta-feira;18:00:00;PE;101;119,2;IPOJUCA;Demais falhas na via;Tombamento;Com Vítimas Feridas;Plena Noite;Decrescente;Ignorado;Dupla;Reta;Não;2;0;1;0;0;1;1;2;-8,35303;-35,16889;SPRF-PE;DEL01-PE;UOP03-DEL01-PE
741702;26/12/2025;sexta-feira;11:30:00;SP;101;14,5;UBATUBA;Ausência de reação do condutor;Saída de leito carroçável;Com Vítimas Feridas;Pleno dia;Decrescente;Céu Claro;Simples;Reta;Não;1;0;1;0;0;0;1;1;-23,34300701;-44,87432191;SPRF-SP;DEL06-SP;UOP01-DEL06-SP
741704;24/11/2025;segunda-feira;20:20:00;RJ;393;134;SAPUCAIA;Conversão proibida;Colisão transversal;Com Vítimas Feridas;Plena Noite;Crescente;Céu Claro;Dupla;Reta;Sim;2;0;1;0;1;0;1;2;-21,99929076;-42,92452812;SPRF-RJ;DEL05-RJ;UOP01-DEL05-RJ
741705;26/12/2025;sexta-feira;12:25:00;SC;101;209;SAO JOSE;Reação tardia ou ineficiente do condutor;Colisão traseira;Sem Vítimas;Pleno dia;Decrescente;Céu Claro;Dupla;Reta;Sim;10;0;0;0;10;0;0;3;-27,61114698;-48,63973618;SPRF-SC;DEL01-SC;UOP01-DEL01-SC
741710;26/12/2025;sexta-feira;13:00:00;SP;153;51,6;SAO JOSE DO RIO PRETO;Conversão proibida;Colisão frontal;Com Vítimas Feridas;Pleno dia;Decrescente;Céu Claro;Simples;Reta;Não;5;0;3;0;2;0;3;2;-20,72283;-49,338534;SPRF-SP;DEL09-SP;UOP01-DEL09-SP
741711;26/12/2025;sexta-feira;10:30:00;MG;365;469;PATROCINIO;Condutor deixou de manter distância do veículo da frente;Colisão traseira;Com Vítimas Feridas;Pleno dia;Decrescente;Céu Claro;Simples;"Reta;Declive";Não;3;0;1;0;2;0;1;2;-18,913053;-46,971716;SPRF-MG;DEL10-MG;UOP01-DEL10-MG
741712;26/12/2025;sexta-feira;13:30:00;PR;277;7;PARANAGUA;Velocidade Incompatível;Tombamento;Com Vítimas Feridas;Pleno dia;Decrescente;Céu Claro;Múltipla;"Aclive;Curva";Sim;1;0;1;0;0;0;1;1;-25,5604498;-48,58308641;SPRF-PR;DEL01-PR;UOP05-DEL01-PR
741715;26/12/2025;sexta-feira;13:20:00;SC;282;4,7;SAO JOSE;Demais falhas mecânicas ou elétricas;Queda de ocupante de veículo;Com Vítimas Feridas;Pleno dia;Crescente;Céu Claro;Múltipla;Reta;Sim;2;0;2;0;0;0;2;1;-27,589295;-48,61081;SPRF-SC;DEL01-SC;UOP01-DEL01-SC
741716;26/12/2025;sexta-feira;11:45:00;MA;135;16;SAO LUIS;Acessar a via sem observar a presença dos outros veículos;Colisão transversal;Com Vítimas Feridas;Pleno dia;Crescente;Céu Claro;Dupla;"Retorno Regulamentado;Reta";Não;3;0;2;0;1;0;2;3;-2,7068;-44,31307;SPRF-MA;DEL01-MA;UOP01-DEL01-MA
741717;26/12/2025;sexta-feira;09:52:00;RS;158;515,9;SANTANA DO LIVRAMENTO;Demais falhas mecânicas ou elétricas;Saída de leito carroçável;Com Vítimas Feridas;Pleno dia;Decrescente;Sol;Simples;"Declive;Reta";Não;1;0;1;0;0;0;1;1;-30,65808;-55,118517;SPRF-RS;DEL11-RS;UOP01-DEL11-RS
741718;26/12/2025;sexta-feira;07:15:00;AL;316;270;SATUBA;Transitar no Acostamento;Colisão transversal;Com Vítimas Feridas;Pleno dia;Crescente;Céu Claro;Simples;Reta;Sim;2;0;0;1;1;0;1;2;-9,571732;-35,823616;SPRF-AL;DEL02-AL;UOP01-DEL02-AL
741719;26/12/2025;sexta-feira;14:05:00;SC;280;28;ARAQUARI;Trafegar com motocicleta (ou similar) entre as faixas;Colisão lateral mesmo sentido;Com Vítimas Feridas;Pleno dia;Decrescente;Céu Claro;Simples;Reta;Não;5;0;2;0;3;0;2;2;-26,404005;-48,745305;SPRF-SC;DEL03-SC;UOP03-DEL03-SC
741722;22/12/2025;segunda-feira;20:00:00;MG;262;159;SAO DOMINGOS DO PRATA;Acostamento em desnível;Queda de ocupante de veículo;Com Vítimas Feridas;Plena Noite;Crescente;Nublado;Dupla;Aclive;Não;2;0;1;0;1;0;1;1;-19,962183;-42,824633;SPRF-MG;DEL03-MG;UOP03-DEL03-MG
741723;26/12/2025;sexta-feira;13:15:00;RS;116;397;CAMAQUA;Frear bruscamente;Capotamento;Com Vítimas Feridas;Pleno dia;Crescente;Céu Claro;Dupla;Reta;Não;1;0;1;0;0;0;1;1;-30,845758;-51,7582;SPRF-RS;DEL02-RS;UOP02-DEL02-RS
741724;26/12/2025;sexta-feira;14:30:00;PE;101;80,6;JABOATAO DOS GUARARAPES;Manobra de mudança de faixa;Colisão lateral mesmo sentido;Com Vítimas Feridas;Pleno dia;Crescente;Sol;Múltipla;Reta;Sim;2;0;1;0;1;0;1;2;-8,15621;-34,94128;SPRF-PE;DEL01-PE;UOP01-DEL01-PE
741725;26/12/2025;sexta-feira;12:50:00;SC;101;108,8;PENHA;Avarias e/ou desgaste excessivo no pneu;Queda de ocupante de veículo;Com Vítimas Feridas;Pleno dia;Decrescente;Céu Claro;Dupla;Reta;Sim;1;0;1;0;0;0;1;1;-26,831241;-48,693352;SPRF-SC;DEL03-SC;UOP02-DEL03-SC
741726;26/12/2025;sexta-feira;11:00:00;MG;116;307;ITAMBACURI;Reação tardia ou ineficiente do condutor;Colisão traseira;Com Vítimas Feridas;Pleno dia;Decrescente;Céu Claro;Simples;Reta;Não;5;0;1;0;4;0;1;2;-18,04768281;-41,66311137;SPRF-MG;DEL11-MG;UOP01-DEL11-MG
741727;26/12/2025;sexta-feira;12:30:00;SP;153;48,5;SAO JOSE DO RIO PRETO;Reação tardia ou ineficiente do condutor;Colisão traseira;Com Vítimas Feridas;Pleno dia;Crescente;Céu Claro;Simples;"Reta;Aclive";Sim;5;0;3;0;2;0;3;2;-20,671608;-49,340597;SPRF-SP;DEL09-SP;UOP01-DEL09-SP
741728;26/12/2025;sexta-feira;11:50:00;PI;343;181,6;PIRIPIRI;Desrespeitar a preferência no cruzamento;Colisão transversal;Com Vítimas Feridas;Pleno dia;Decrescente;Céu Claro;Dupla;"Retorno Regulamentado;Interseção de Vias;Curva";Sim;2;0;1;0;1;0;1;2;-4,25436;-41,761905;SPRF-PI;DEL02-PI;UOP01-DEL02-PI
741729;26/12/2025;sexta-feira;12:00:00;MT;158;578;AGUA BOA;Condutor Dormindo;Saída de leito carroçável;Com Vítimas Feridas;Pleno dia;Decrescente;Céu Claro;Simples;Reta;Não;4;0;4;0;0;0;4;1;-14,1505581;-52,19947815;SPRF-MT;DEL07-MT;UOP02-DEL07-MT
741730;26/12/2025;sexta-feira;15:00:00;SP;116;105;TAUBATE;Reação tardia ou ineficiente do condutor;Colisão traseira;Com Vítimas Feridas;Pleno dia;Crescente;Céu Claro;Múltipla;Reta;Não;2;0;1;0;0;1;1;2;-23,0052437;-45,50820887;SPRF-SP;DEL02-SP;UOP02-DEL02-SP
741731;26/12/2025;sexta-feira;10:15:00;RS;0;0;SAO BORJA;Ausência de reação do condutor;Colisão traseira;Com Vítimas Feridas;Pleno dia;Não Informado;Nublado;Simples;Reta;Sim;3;0;1;0;2;0;1;2;-28,66293698;-56,00852106;SPRF-RS;DEL12-RS;UOP01-DEL12-RS
741732;26/12/2025;sexta-feira;14:00:00;MT;364;305;JACIARA;Acumulo de água sobre o pavimento;Saída de leito carroçável;Sem Vítimas;Pleno dia;Crescente;Chuva;Simples;Reta;Não;1;0;0;0;1;0;0;1;-15,821003;-55,210407;SPRF-MT;DEL05-MT;UOP02-DEL05-MT
741733;26/12/2025;sexta-feira;14:20:00;MG;381;786;SAO GONCALO DO SAPUCAI;Fumaça;Colisão traseira;Com Vítimas Feridas;Pleno dia;Crescente;Céu Claro;Dupla;Reta;Não;3;0;1;0;2;0;1;2;-21,851693;-45,520418;SPRF-MG;DEL16-MG;UOP02-DEL16-MG
741737;26/12/2025;sexta-feira;15:15:00;SC;282;406;CATANDUVAS;Avarias e/ou desgaste excessivo no pneu;Saída de leito carroçável;Sem Vítimas;Pleno dia;Decrescente;Garoa/Chuvisco;Simples;Rotatória;Não;3;0;0;0;3;0;0;1;-27,097519;-51,652811;SPRF-SC;DEL07-SC;UOP05-DEL07-SC
741740;26/12/2025;sexta-feira;11:30:00;RJ;101;455;MANGARATIBA;Acessar a via sem observar a presença dos outros veículos;Colisão transversal;Com Vítimas Feridas;Pleno dia;Crescente;Céu Claro;Dupla;Reta;Não;2;0;1;0;1;0;1;2;-23,03068816;-44,16310787;SPRF-RJ;DEL03-RJ;UOP02-DEL03-RJ
741742;26/12/2025;sexta-feira;12:30:00;PR;272;367,9;CAMPO MOURAO;Reação tardia ou ineficiente do condutor;Colisão lateral mesmo sentido;Com Vítimas Feridas;Pleno dia;Crescente;Céu Claro;Dupla;Reta;Sim;2;0;1;0;1;0;1;2;-24,05338102;-52,40802526;SPRF-PR;DEL09-PR;UOP03-DEL09-PR
741743;26/12/2025;sexta-feira;15:20:00;RS;386;242;SOLEDADE;Demais falhas mecânicas ou elétricas;Incêndio;Sem Vítimas;Pleno dia;Decrescente;Céu Claro;Simples;Declive;Não;3;0;0;0;3;0;0;1;-28,78525;-52,529027;SPRF-RS;DEL04-RS;UOP03-DEL04-RS
741744;26/12/2025;sexta-feira;15:30:00;SC;101;205,4;SAO JOSE;Pista Escorregadia;Tombamento;Com Vítimas Feridas;Pleno dia;Decrescente;Garoa/Chuvisco;Múltipla;"Declive;Curva";Sim;2;0;2;0;0;0;2;1;-27,58736;-48,616381;SPRF-SC;DEL01-SC;UOP01-DEL01-SC
741745;26/12/2025;sexta-feira;15:20:00;MG;40;517,7;RIBEIRAO DAS NEVES;Acessar a via sem observar a presença dos outros veículos;Colisão transversal;Com Vítimas Feridas;Pleno dia;Decrescente;Nublado;Dupla;Reta;Sim;2;0;0;1;0;1;1;2;-19,8291738;-44,0831325;SPRF-MG;DEL01-MG;UOP02-DEL01-MG
741747;26/12/2025;sexta-feira;16:00:00;SP;116;81,6;ROSEIRA;Condutor Dormindo;Saída de leito carroçável;Com Vítimas Feridas;Pleno dia;Crescente;Sol;Dupla;Reta;Não;2;0;2;0;0;0;2;1;-22,90858325;-45,31797118;SPRF-SP;DEL08-SP;UOP01-DEL08-SP
741748;26/12/2025;sexta-feira;16:30:00;PE;101;69;RECIFE;Manobra de mudança de faixa;Colisão lateral mesmo sentido;Com Vítimas Feridas;Pleno dia;Crescente;Céu Claro;Dupla;Reta;Não;2;0;1;0;1;0;1;2;-8,06437366;-34,94408894;SPRF-PE;DEL01-PE;UOP01-DEL01-PE
741750;26/12/2025;sexta-feira;13:57:00;MS;163;771;PEDRO GOMES;Ausência de reação do condutor;Colisão com objeto;Com Vítimas Feridas;Pleno dia;Decrescente;Nublado;Simples;Declive;Não;2;0;2;0;0;0;2;1;-18,152229;-54,673426;SPRF-MS;DEL06-MS;UOP01-DEL06-MS
741751;26/12/2025;sexta-feira;16:55:00;SC;280;28;ARAQUARI;Trafegar com motocicleta (ou similar) entre as faixas;Colisão transversal;Com Vítimas Feridas;Pleno dia;Crescente;Nublado;Simples;Reta;Sim;2;0;1;0;1;0;1;2;-26,40787067;-48,74937532;SPRF-SC;DEL03-SC;UOP03-DEL03-SC
741752;26/12/2025;sexta-feira;16:40:00;PR;277;726;FOZ DO IGUACU;Reação tardia ou ineficiente do condutor;Tombamento;Com Vítimas Feridas;Pleno dia;Decrescente;Sol;Dupla;"Aclive;Reta";Sim;2;0;1;1;0;0;2;1;-25,5073701;-54,5457034;SPRF-PR;DEL05-PR;UOP03-DEL05-PR
741753;26/12/2025;sexta-feira;16:51:00;RN;101;109,7;PARNAMIRIM;Ausência de reação do condutor;Colisão traseira;Com Vítimas Feridas;Pleno dia;Decrescente;Céu Claro;Dupla;Reta;Sim;2;0;1;0;1;0;1;2;-5,931793;-35,264902;SPRF-RN;DEL01-RN;UOP01-DEL01-RN
741754;26/12/2025;sexta-feira;16:45:00;RS;290;90;PORTO ALEGRE;Manobra de mudança de faixa;Colisão transversal;Com Vítimas Feridas;Pleno dia;Decrescente;Nublado;Múltipla;Reta;Sim;4;0;2;0;2;0;2;2;-29,96968567;-51,16978884;SPRF-RS;DEL01-RS;UOP01-DEL01-RS
741755;26/12/2025;sexta-feira;16:30:00;MG;381;940,7;EXTREMA;Chuva;Tombamento;Com Vítimas Feridas;Pleno dia;Decrescente;Chuva;Dupla;Curva;Não;3;0;3;0;0;0;3;1;-22,83506392;-46,32555485;SPRF-MG;DEL16-MG;UOP03-DEL16-MG
741756;26/12/2025;sexta-feira;14:50:00;PR;277;135;BALSA NOVA;Reação tardia ou ineficiente do condutor;Tombamento;Com Vítimas Feridas;Pleno dia;Decrescente;Nublado;Simples;Curva;Não;1;0;1;0;0;0;1;1;-25,4719;-49,6225;SPRF-PR;DEL03-PR;UOP03-DEL03-PR
741759;26/12/2025;sexta-feira;15:10:00;RJ;101;490,8;ANGRA DOS REIS;Velocidade Incompatível;Colisão lateral sentido oposto;Com Vítimas Fatais;Pleno dia;Decrescente;Sol;Simples;Reta;Não;3;1;0;0;2;0;0;3;-22,95413;-44,31937;SPRF-RJ;DEL03-RJ;UOP03-DEL03-RJ
741760;26/12/2025;sexta-feira;17:00:00;PR;376;183,2;SARANDI;Manobra de mudança de faixa;Colisão lateral mesmo sentido;Com Vítimas Feridas;Pleno dia;Decrescente;Céu Claro;Dupla;Reta;Sim;2;0;1;0;1;0;1;2;-23,437147;-51,878294;SPRF-PR;DEL09-PR;UOP01-DEL09-PR
741761;26/12/2025;sexta-feira;15:30:00;SC;282;509;XANXERE;Afundamento ou ondulação no pavimento;Tombamento;Com Vítimas Feridas;Pleno dia;Crescente;Nublado;Simples;Reta;Não;1;0;0;1;0;0;1;1;-26,88772871;-52,45083311;SPRF-SC;DEL07-SC;UOP01-DEL07-SC