id;data_inversa;dia_semana;horario;uf;br;km;municipio;causa_acidente;tipo_acidente;classificacao_acidente;fase_dia;sentido_via;condicao_metereologica;tipo_pista;tracado_via;uso_solo;pessoas;mortos;feridos_leves;feridos_graves;ilesos;ignorados;feridos;veiculos;latitude;longitude;regional;delegacia;uop
741763;26/12/2025;sexta-feira;16:30:00;SP;101;35;UBATUBA;Acessar a via sem observar a presença dos outros veículos;Colisão transversal;Com Vítimas Feridas;Pleno dia;Crescente;Céu Claro;Simples;Reta;Não;3;0;2;0;1;0;2;2;-23,39251948;-45,00852869;SPRF-SP;DEL06-SP;UOP01-DEL06-SP
741765;26/12/2025;sexta-feira;08:45:00;MT;163;903;CLAUDIA;Reação tardia ou ineficiente do condutor;Engavetamento;Sem Vítimas;Pleno dia;Decrescente;Céu Claro;Simples;Reta;Não;5;0;0;0;4;1;0;3;-11,2866967;-55,3177004;SPRF-MT;DEL06-MT;UOP02-DEL06-MT
741766;23/12/2025;terça-feira;07:20:00;BA;324;6;FEIRA DE SANTANA;Ausência de reação do condutor;Queda de ocupante de veículo;Com Vítimas Feridas;Pleno dia;Crescente;Céu Claro;Dupla;Reta;Sim;2;0;2;0;0;0;2;1;-12,27816538;-38,98107838;SPRF-BA;DEL02-BA;UOP01-DEL02-BA
741767;26/12/2025;sexta-feira;17:30:00;ES;101;355;GUARAPARI;Conversão proibida;Colisão frontal;Com Vítimas Feridas;Pleno dia;Crescente;Céu Claro;Dupla;Curva;Não;2;0;0;1;0;1;1;2;-20,6585554;-40,613513;SPRF-ES;DEL03-ES;UOP01-DEL03-ES
741769;26/12/2025;sexta-feira;17:28:00;TO;153;701;CARIRI DO TOCANTINS;Acessar a via sem observar a presença dos outros veículos;Colisão transversal;Com Vítimas Feridas;Pleno dia;Decrescente;Céu Claro;Simples;Interseção de Vias;Não;6;0;4;2;0;0;6;2;-11,96207167;-49,20009167;SPRF-TO;DEL01-TO;UOP02-DEL01-TO
741770;26/12/2025;sexta-feira;11:50:00;CE;222;55;SAO GONCALO DO AMARANTE;Ultrapassagem Indevida;Colisão com objeto;Com Vítimas Feridas;Pleno dia;Crescente;Céu Claro;Dupla;Reta;Não;1;0;1;0;0;0;1;1;-3,66864084;-39,01245117;SPRF-CE;DEL01-CE;UOP03-DEL01-CE
741773;26/12/2025;sexta-feira;16:00:00;RJ;40;27;TRES RIOS;Condutor Dormindo;Saída de leito carroçável;Com Vítimas Feridas;Pleno dia;Crescente;Sol;Dupla;Curva;Não;3;0;0;2;1;0;2;1;-22,16888627;-43,15790164;SPRF-RJ;DEL05-RJ;UOP02-DEL05-RJ
741775;26/12/2025;sexta-feira;18:15:00;SC;101;215;PALHOCA;Acessar a via sem observar a presença dos outros veículos;Colisão transversal;Com Vítimas Feridas;Pleno dia;Crescente;Nublado;Dupla;Reta;Sim;2;0;1;0;1;0;1;2;-27,652233;-48,676583;SPRF-SC;DEL01-SC;UOP02-DEL01-SC
741776;26/12/2025;sexta-feira;17:30:00;GO;60;95,1;ANAPOLIS;Avarias e/ou desgaste excessivo no pneu;Queda de ocupante de veículo;Com Vítimas Feridas;Pleno dia;Decrescente;Céu Claro;Dupla;Reta;Sim;2;0;2;0;0;0;2;1;-16,36583333;-48,93666667;SPRF-GO;DEL02-GO;UOP01-DEL02-GO
741777;26/12/2025;sexta-feira;18:00:00;GO;60;96;ANAPOLIS;Frear bruscamente;Colisão traseira;Com Vítimas Feridas;Pleno dia;Decrescente;Céu Claro;Múltipla;Reta;Sim;6;0;1;0;3;2;1;5;-16,3677453;-48,9384031;SPRF-GO;DEL02-GO;UOP01-DEL02-GO
741778;26/12/2025;sexta-feira;16:00:00;SC;470;223,4;SAO CRISTOVAO DO SUL;Reação tardia ou ineficiente do condutor;Colisão frontal;Com Vítimas Feridas;Pleno dia;Decrescente;Nublado;Simples;"Curva;Declive";Não;5;0;0;5;0;0;5;2;-27,32532;-50,33948;SPRF-SC;DEL05-SC;UOP03-DEL05-SC
741779;26/12/2025;sexta-feira;15:50:00;GO;60;5,2;SANTO ANTONIO DO DESCOBERTO;Reação tardia ou ineficiente do condutor;Colisão com objeto;Com Vítimas Feridas;Pleno dia;Crescente;Nublado;Múltipla;Reta;Não;6;0;4;0;2;0;4;1;-16,092894;-48,280257;SPRF-DF;DEL03-DF;UOP01-DEL03-DF
741782;26/12/2025;sexta-feira;18:35:00;PR;153;43,5;SANTO ANTONIO DA PLATINA;Chuva;Colisão com objeto;Com Vítimas Feridas;Anoitecer;Decrescente;Chuva;Dupla;Rotatória;Não;1;0;1;0;0;0;1;1;-23,30944593;-50,07025329;SPRF-PR;DEL07-PR;UOP04-DEL07-PR
741785;26/12/2025;sexta-feira;17:20:00;RS;158;540,9;SANTANA DO LIVRAMENTO;Animais na Pista;Atropelamento de Animal;Com Vítimas Feridas;Pleno dia;Crescente;Nublado;Simples;Reta;Não;2;0;2;0;0;0;2;1;-30,81161332;-55,28796281;SPRF-RS;DEL11-RS;UOP01-DEL11-RS
741787;26/12/2025;sexta-feira;17:50:00;SC;116;1,4;MAFRA;Demais falhas mecânicas ou elétricas;Colisão com objeto;Com Vítimas Feridas;Pleno dia;Crescente;Nublado;Simples;Reta;Sim;1;0;1;0;0;0;1;1;-26,119952;-49,78948;SPRF-SC;DEL06-SC;UOP01-DEL06-SC
741789;26/12/2025;sexta-feira;19:00:00;GO;414;318;VILA PROPICIO;Ingestão de álcool pelo condutor;Colisão transversal;Com Vítimas Feridas;Plena Noite;Decrescente;Céu Claro;Simples;Interseção de Vias;Não;3;0;0;1;2;0;1;2;-15,35731595;-48,6464474;SPRF-GO;DEL02-GO;UOP01-DEL02-GO
741790;26/12/2025;sexta-feira;09:20:00;GO;153;290,1;RIALMA;Condutor deixou de manter distância do veículo da frente;Colisão traseira;Sem Vítimas;Pleno dia;Decrescente;Céu Claro;Simples;Reta;Não;2;0;0;0;2;0;0;2;-15,23014469;-49,55482498;SPRF-GO;DEL02-GO;UOP02-DEL02-GO
741791;26/12/2025;sexta-feira;18:40:00;PE;101;70;RECIFE;Reação tardia ou ineficiente do condutor;Colisão traseira;Com Vítimas Feridas;Plena Noite;Decrescente;Céu Claro;Dupla;Reta;Sim;3;0;2;0;1;0;2;2;-8,0637322;-34,9430348;SPRF-PE;DEL01-PE;UOP01-DEL01-PE
741792;26/12/2025;sexta-feira;17:30:00;RJ;101;306;SAO GONCALO;Ultrapassagem Indevida;Colisão lateral mesmo sentido;Com Vítimas Feridas;Pleno dia;Decrescente;Céu Claro;Dupla;Reta;Não;3;0;2;0;1;0;2;2;-22,78817687;-43,00073504;SPRF-RJ;DEL02-RJ;UOP02-DEL02-RJ
741793;26/12/2025;sexta-feira;17:30:00;BA;101;803;ITAMARAJU;Reação tardia ou ineficiente do condutor;Saída de leito carroçável;Com Vítimas Feridas;Anoitecer;Crescente;Céu Claro;Simples;Curva;Não;4;0;1;2;1;0;3;1;-16,987963;-39,553092;SPRF-BA;DEL09-BA;UOP01-DEL09-BA
741795;26/12/2025;sexta-feira;19:27:00;PI;343;0,4;TERESINA;Condutor deixou de manter distância do veículo da frente;Colisão traseira;Com Vítimas Feridas;Plena Noite;Crescente;Céu Claro;Múltipla;Reta;Sim;2;0;1;0;1;0;1;2;-5,078931;-42,752943;SPRF-PI;DEL01-PI;UOP01-DEL01-PI
741796;26/12/2025;sexta-feira;16:15:00;RS;116;200;PICADA CAFE;Manobra de mudança de faixa;Colisão traseira;Com Vítimas Feridas;Pleno dia;Crescente;Nublado;Simples;Reta;Não;2;0;1;0;1;0;1;2;-29,485993;-51,1434284;SPRF-RS;DEL05-RS;UOP02-DEL05-RS
741797;17/11/2025;segunda-feira;17:20:00;PA;316;8;ANANINDEUA;Acessar a via sem observar a presença dos outros veículos;Colisão transversal;Com Vítimas Fatais;Pleno dia;Decrescente;Céu Claro;Dupla;Reta;Sim;3;1;1;0;0;1;1;2;-1,3678914;-48,37673493;SPRF-PA;DEL01-PA;UOP01-DEL01-PA
741798;26/12/2025;sexta-feira;19:10:00;RJ;101;304;SAO GONCALO;Trafegar com motocicleta (ou similar) entre as faixas;Colisão lateral mesmo sentido;Com Vítimas Feridas;Plena Noite;Decrescente;Céu Claro;Dupla;Reta;Não;2;0;1;0;1;0;1;2;-22,78491608;-42,98743031;SPRF-RJ;DEL02-RJ;UOP02-DEL02-RJ
741799;26/12/2025;sexta-feira;18:30:00;MA;226;3,8;TIMON;Transitar na contramão;Colisão transversal;Sem Vítimas;Plena Noite;Decrescente;Céu Claro;Simples;Reta;Sim;3;0;0;0;2;1;0;2;-5,139326;-42,848776;SPRF-MA;DEL03-MA;UOP02-DEL03-MA
741801;26/12/2025;sexta-feira;19:43:00;RN;101;82,8;NATAL;Pedestre andava na pista;Atropelamento de Pedestre;Com Vítimas Feridas;Plena Noite;Decrescente;Céu Claro;Dupla;Viaduto;Sim;2;0;1;0;1;0;1;2;-5,770242;-35,267797;SPRF-RN;DEL02-RN;UOP01-DEL02-RN
741802;26/12/2025;sexta-feira;19:49:00;SP;116;299;ITAPECERICA DA SERRA;Ausência de reação do condutor;Colisão com objeto;Com Vítimas Feridas;Plena Noite;Decrescente;Céu Claro;Dupla;Reta;Não;1;0;1;0;0;0;1;1;-23,78771005;-46,91354956;SPRF-SP;DEL04-SP;UOP01-DEL04-SP
741803;22/12/2025;segunda-feira;08:10:00;BA;324;622;SALVADOR;Ausência de reação do condutor;Queda de ocupante de veículo;Com Vítimas Feridas;Pleno dia;Crescente;Sol;Dupla;"Reta;Declive";Sim;1;0;1;0;0;0;1;1;-12,929477;-38,469481;SPRF-BA;DEL01-BA;UOP01-DEL01-BA
741804;26/12/2025;sexta-feira;17:00:00;RJ;116;201;SEROPEDICA;Demais falhas mecânicas ou elétricas;Incêndio;Sem Vítimas;Anoitecer;Decrescente;Céu Claro;Dupla;Reta;Não;1;0;0;0;1;0;0;1;-22,72431387;-43,6663785;SPRF-RJ;DEL06-RJ;UOP02-DEL06-RJ
741805;26/12/2025;sexta-feira;19:27:00;BA;116;462;SANTO ESTEVAO;Animais na Pista;Atropelamento de Animal;Com Vítimas Feridas;Plena Noite;Crescente;Céu Claro;Dupla;Reta;Sim;2;0;1;0;1;0;1;1;-12,451215;-39,252698;SPRF-BA;DEL02-BA;UOP01-DEL02-BA
741806;26/12/2025;sexta-feira;18:30:00;RJ;101;387,9;RIO DE JANEIRO;Manobra de mudança de faixa;Colisão lateral mesmo sentido;Com Vítimas Feridas;Plena Noite;Crescente;Céu Claro;Dupla;Reta;Sim;3;0;2;0;1;0;2;2;-22,8885971;-43,6598542;SPRF-RJ;DEL03-RJ;UOP01-DEL03-RJ
741807;26/12/2025;sexta-feira;19:20:00;PR;277;595,8;CASCAVEL;Condutor deixou de manter distância do veículo da frente;Colisão lateral mesmo sentido;Sem Vítimas;Anoitecer;Crescente;Garoa/Chuvisco;Simples;Reta;Sim;2;0;0;0;2;0;0;2;-24,98152621;-53,48007202;SPRF-PR;DEL04-PR;UOP01-DEL04-PR
741808;26/12/2025;sexta-feira;20:00:00;SP;116;101,6;PINDAMONHANGABA;Ausência de reação do condutor;Colisão traseira;Com Vítimas Feridas;Plena Noite;Crescente;Nublado;Dupla;Declive;Não;2;0;1;0;1;0;1;2;-22,99166988;-45,48226655;SPRF-SP;DEL08-SP;UOP01-DEL08-SP
741810;26/12/2025;sexta-feira;19:45:00;AL;316;153;PALMEIRA DOS INDIOS;Transitar no Acostamento;Colisão frontal;Com Vítimas Feridas;Plena Noite;Decrescente;Céu Claro;Simples;Reta;Sim;2;0;1;0;0;1;1;2;-9,43109577;-36,6497132;SPRF-AL;DEL03-AL;UOP01-DEL03-AL
741813;26/12/2025;sexta-feira;18:25:00;PI;343;576;FLORIANO;Animais na Pista;Atropelamento de Animal;Com Vítimas Feridas;Anoitecer;Decrescente;Céu Claro;Simples;Reta;Não;1;0;0;1;0;0;1;1;-6,791473;-42,92212;SPRF-PI;DEL03-PI;UOP01-DEL03-PI
741814;26/12/2025;sexta-feira;17:30:00;MG;381;688,5;LAVRAS;Objeto estático sobre o leito carroçável;Colisão com objeto;Com Vítimas Feridas;Pleno dia;Decrescente;Céu Claro;Dupla;Reta;Não;1;0;0;1;0;0;1;1;-21,18905345;-45,11604309;SPRF-MG;DEL04-MG;UOP02-DEL04-MG
741815;26/12/2025;sexta-feira;20:00:00;PR;467;108;CASCAVEL;Acessar a via sem observar a presença dos outros veículos;Colisão transversal;Com Vítimas Feridas;Plena Noite;Crescente;Céu Claro;Dupla;Curva;Sim;3;0;0;2;1;0;2;2;-24,92427984;-53,46703716;SPRF-PR;DEL04-PR;UOP01-DEL04-PR
741816;26/12/2025;sexta-feira;20:50:00;SP;101;43;UBATUBA;Acumulo de areia ou detritos sobre o pavimento;Queda de ocupante de veículo;Com Vítimas Feridas;Plena Noite;Crescente;Céu Claro;Simples;Rotatória;Não;2;0;1;0;1;0;1;2;-23,40921527;-45,05938589;SPRF-SP;DEL06-SP;UOP01-DEL06-SP
741817;26/12/2025;sexta-feira;18:40:00;RJ;116;131;MAGE;Manobra de mudança de faixa;Colisão traseira;Com Vítimas Feridas;Plena Noite;Decrescente;Céu Claro;Dupla;Reta;Não;2;0;0;1;0;1;1;2;-22,6594532;-43,0910328;SPRF-RJ;DEL04-RJ;UOP02-DEL04-RJ
741818;26/12/2025;sexta-feira;20:20:00;GO;20;58;FORMOSA;Acessar a via sem observar a presença dos outros veículos;Atropelamento de Pedestre;Com Vítimas Feridas;Plena Noite;Crescente;Céu Claro;Dupla;Reta;Não;3;0;1;0;2;0;1;3;-15,58152825;-47,34273702;SPRF-DF;DEL02-DF;UOP02-DEL02-DF
741819;26/12/2025;sexta-feira;19:40:00;MG;40;284;TRES MARIAS;Ausência de reação do condutor;Saída de leito carroçável;Com Vítimas Feridas;Plena Noite;Crescente;Ignorado;Simples;"Reta;Declive";Não;4;0;3;0;1;0;3;1;-18,2502;-45,1854;SPRF-MG;DEL14-MG;UOP02-DEL14-MG
741820;26/12/2025;sexta-feira;20:30:00;PR;277;69;SAO JOSE DOS PINHAIS;Ausência de reação do condutor;Colisão com objeto;Sem Vítimas;Plena Noite;Crescente;Chuva;Dupla;Reta;Não;2;0;0;0;2;0;0;1;-25,517;-49,115;SPRF-PR;DEL01-PR;UOP01-DEL01-PR
741821;26/12/2025;sexta-feira;20:30:00;SP;116;283,6;EMBU DAS ARTES;Ultrapassagem Indevida;Colisão lateral mesmo sentido;Com Vítimas Feridas;Plena Noite;Crescente;Céu Claro;Dupla;Reta;Sim;3;0;2;0;1;0;2;2;-23,67959454;-46,85868209;SPRF-SP;DEL04-SP;UOP01-DEL04-SP
741822;26/12/2025;sexta-feira;20:00:00;RJ;101;488;ANGRA DOS REIS;Reação tardia ou ineficiente do condutor;Colisão transversal;Com Vítimas Feridas;Plena Noite;Crescente;Céu Claro;Simples;Reta;Não;2;0;1;0;1;0;1;2;-22,95693204;-44,30038708;SPRF-RJ;DEL03-RJ;UOP03-DEL03-RJ
741823;26/12/2025;sexta-feira;20:40:00;MG;381;303;ANTONIO DIAS;Ausência de reação do condutor;Tombamento;Com Vítimas Feridas;Plena Noite;Decrescente;Céu Claro;Dupla;Curva;Não;1;0;0;1;0;0;1;1;-19,645006;-42,922942;SPRF-MG;DEL03-MG;UOP02-DEL03-MG
741824;26/12/2025;sexta-feira;21:20:00;SE;101;67,2;ROSARIO DO CATETE;Ausência de reação do condutor;Capotamento;Sem Vítimas;Plena Noite;Crescente;Ignorado;Simples;"Em Obras;Reta";Não;1;0;0;0;0;1;0;1;-10,70430251;-37,05237715;SPRF-SE;DEL01-SE;UOP01-DEL01-SE
741825;26/12/2025;sexta-feira;20:50:00;SP;101;49;UBATUBA;Acessar a via sem observar a presença dos outros veículos;Atropelamento de Pedestre;Com Vítimas Feridas;Plena Noite;Crescente;Céu Claro;Simples;Reta;Sim;3;0;1;0;2;0;1;2;-23,44561367;-45,08224653;SPRF-SP;DEL06-SP;UOP01-DEL06-SP
741826;26/12/2025;sexta-feira;18:20:00;SC;280;4,1;SAO FRANCISCO DO SUL;Retorno proibido;Colisão transversal;Com Vítimas Feridas;Anoitecer;Crescente;Nublado;Simples;Reta;Sim;3;0;1;0;2;0;1;2;-26,2547506;-48,6203599;SPRF-SC;DEL03-SC;UOP03-DEL03-SC
741827;26/12/2025;sexta-feira;19:00:00;PE;316;27;ARARIPINA;Acessar a via sem observar a presença dos outros veículos;Colisão transversal;Com Vítimas Feridas;Plena Noite;Decrescente;Céu Claro;Simples;Reta;Sim;2;0;1;0;0;1;1;2;-7,602973;-40,490542;SPRF-PE;DEL05-PE;UOP02-DEL05-PE
741828;26/12/2025;sexta-feira;19:30:00;BA;116;306;TUCANO;Ultrapassagem Indevida;Colisão lateral sentido oposto;Com Vítimas Feridas;Plena Noite;Crescente;Céu Claro;Simples;Reta;Não;2;0;1;0;1;0;1;2;-11,223805;-38,889335;SPRF-BA;DEL07-BA;UOP02-DEL07-BA
741830;26/12/2025;sexta-feira;21:25:00;GO;50;255;IPAMERI;Ausência de reação do condutor;Colisão traseira;Com Vítimas Feridas;Plena Noite;Crescente;Céu Claro;Dupla;Reta;Não;3;0;0;2;1;0;2;2;-17,16385525;-47,72426607;SPRF-GO;DEL06-GO;UOP01-DEL06-GO
741831;26/12/2025;sexta-feira;20:45:00;BA;116;841;VITORIA DA CONQUISTA;Entrada inopinada do pedestre;Atropelamento de Pedestre;Com Vítimas Fatais;Plena Noite;Crescente;Céu Claro;Simples;Reta;Não;2;1;0;0;1;0;0;2;-14,993338;-40,930707;SPRF-BA;DEL08-BA;UOP01-DEL08-BA
741832;26/12/2025;sexta-feira;22:15:00;SC;101;446;SANTA ROSA DO SUL;Acessar a via sem observar a presença dos outros veículos;Colisão transversal;Com Vítimas Feridas;Plena Noite;Crescente;Céu Claro;Múltipla;Reta;Sim;2;0;0;2;0;0;2;2;-29,152201;-49,727585;SPRF-SC;DEL02-SC;UOP02-DEL02-SC
741833;26/12/2025;sexta-feira;19:56:00;PE;232;187,2;SANHARO;Reação tardia ou ineficiente do condutor;Capotamento;Com Vítimas Feridas;Plena Noite;Decrescente;Céu Claro;Simples;Reta;Não;2;0;1;0;1;0;1;1;-8,354;-36,493822;SPRF-PE;DEL03-PE;UOP02-DEL03-PE
741834;26/12/2025;sexta-feira;21:15:00;RJ;40;113;DUQUE DE CAXIAS;Avarias e/ou desgaste excessivo no pneu;Engavetamento;Com Vítimas Feridas;Plena Noite;Crescente;Céu Claro;Múltipla;Reta;Sim;6;0;3;0;3;0;3;3;-22,70471027;-43,29048624;SPRF-RJ;DEL01-RJ;UOP02-DEL01-RJ
741835;26/12/2025;sexta-feira;17:30:00;MG;381;944,9;EXTREMA;Chuva;Saída de leito carroçável;Sem Vítimas;Pleno dia;Crescente;Céu Claro;Dupla;Curva;Não;2;0;0;0;0;2;0;1;-22,84070654;-46,33001805;SPRF-MG;DEL16-MG;UOP03-DEL16-MG
741837;26/12/2025;sexta-feira;19:00:00;MS;262;191;RIBAS DO RIO PARDO;Demais falhas mecânicas ou elétricas;Colisão lateral sentido oposto;Com Vítimas Feridas;Plena Noite;Crescente;Nublado;Simples;Reta;Não;4;0;2;0;2;0;2;2;-20,42164173;-53,23828139;SPRF-MS;DEL07-MS;UOP02-DEL07-MS
741838;26/12/2025;sexta-feira;15:00:00;MG;251;333;FRUTA DE LEITE;Transitar na contramão;Colisão frontal;Com Vítimas Feridas;Pleno dia;Decrescente;Céu Claro;Simples;Reta;Não;9;0;2;3;3;1;5;4;-16,261988;-42,405275;SPRF-MG;DEL12-MG;UOP02-DEL12-MG
741839;26/12/2025;sexta-feira;22:20:00;MG;40;506,6;RIBEIRAO DAS NEVES;Ausência de reação do condutor;Colisão traseira;Com Vítimas Feridas;Plena Noite;Decrescente;Nublado;Dupla;Reta;Sim;2;0;1;0;1;0;1;2;-19,7519;-44,14374;SPRF-MG;DEL02-MG;UOP01-DEL02-MG
741840;26/12/2025;sexta-feira;21:30:00;SC;101;86;BARRA VELHA;Acessar a via sem observar a presença dos outros veículos;Colisão transversal;Com Vítimas Feridas;Plena Noite;Crescente;Céu Claro;Simples;Viaduto;Sim;2;0;0;1;1;0;1;2;-26,64492392;-48,68806672;SPRF-SC;DEL03-SC;UOP02-DEL03-SC
741843;26/12/2025;sexta-feira;23:35:00;SC;470;142;RIO DO SUL;Animais na Pista;Atropelamento de Animal;Com Vítimas Feridas;Plena Noite;Decrescente;Céu Claro;Simples;Reta;Sim;1;0;1;0;0;0;1;1;-27,2095082;-49,6505904;SPRF-SC;DEL04-SC;UOP02-DEL04-SC
741844;26/12/2025;sexta-feira;18:21:00;AC;307;189;CRUZEIRO DO SUL;Reação tardia ou ineficiente do condutor;Colisão frontal;Com Vítimas Feridas;Anoitecer;Decrescente;Garoa/Chuvisco;Simples;Reta;Sim;2;0;0;1;1;0;1;2;-7,64427;-72,66283;SPRF-AC;DEL01-AC;UOP03-DEL01-AC
741846;26/12/2025;sexta-feira;23:40:00;PB;104;106,7;SAO SEBASTIAO DE LAGOA DE  ROCA;Reação tardia ou ineficiente do condutor;Saída de leito carroçável;Com Vítimas Feridas;Plena Noite;Crescente;Céu Claro;Simples;"Reta;Aclive";Não;1;0;1;0;0;0;1;1;-7,09583127;-35,86142111;SPRF-PB;DEL02-PB;UOP04-DEL02-PB
741848;27/12/2025;sábado;00:20:00;MG;116;413;GOVERNADOR VALADARES;Condutor deixou de manter distância do veículo da frente;Colisão traseira;Com Vítimas Feridas;Plena Noite;Crescente;Céu Claro;Simples;"Curva;Interseção de Vias";Sim;2;0;1;0;0;1;1;2;-18,88066035;-41,95985053;SPRF-MG;DEL06-MG;UOP01-DEL06-MG
741851;27/12/2025;sábado;00:15:00;SP;488;2,3;APARECIDA;Transitar na contramão;Colisão lateral sentido oposto;Com Vítimas Fatais;Plena Noite;Crescente;Céu Claro;Dupla;Reta;Sim;3;1;0;1;0;1;1;3;-22,85215704;-45,23902271;SPRF-SP;DEL08-SP;UOP01-DEL08-SP
741852;27/12/2025;sábado;00:30:00;PR;376;665;GUARATUBA;Acumulo de água sobre o pavimento;Saída de leito carroçável;Com Vítimas Feridas;Plena Noite;Crescente;Chuva;Dupla;"Declive;Curva";Não;3;0;1;0;2;0;1;2;-25,866372;-48,946317;SPRF-PR;DEL01-PR;UOP04-DEL01-PR
741854;27/12/2025;sábado;03:15:00;PE;423;74,7;JUCATI;Reação tardia ou ineficiente do condutor;Tombamento;Com Vítimas Fatais;Plena Noite;Crescente;Céu Claro;Simples;Reta;Não;1;1;0;0;0;0;0;1;-8,72275;-36,42753;SPRF-PE;DEL03-PE;UOP01-DEL03-PE
741858;27/12/2025;sábado;02:57:00;MG;40;607,1;CONGONHAS;Reação tardia ou ineficiente do condutor;Tombamento;Com Vítimas Feridas;Plena Noite;Crescente;Céu Claro;Simples;Reta;Sim;1;0;1;0;0;0;1;1;-20,481475;-43,840786;SPRF-MG;DEL05-MG;UOP02-DEL05-MG
741860;27/12/2025;sábado;04:10:00;SP;381;25;BRAGANCA PAULISTA;Curva acentuada;Queda de ocupante de veículo;Com Vítimas Feridas;Plena Noite;Decrescente;Céu Claro;Simples;"Curva;Rotatória";Sim;2;0;1;0;1;0;1;1;-23,00439259;-46,51906872;SPRF-SP;DEL03-SP;UOP02-DEL03-SP
741861;27/12/2025;sábado;04:50:00;MG;381;687;LAVRAS;Ausência de reação do condutor;Saída de leito carroçável;Com Vítimas Feridas;Amanhecer;Decrescente;Céu Claro;Dupla;Reta;Não;5;0;5;0;0;0;5;1;-21,17981494;-45,12177739;SPRF-MG;DEL04-MG;UOP02-DEL04-MG
741862;27/12/2025;sábado;04:50:00;RS;290;26;SANTO ANTONIO DA PATRULHA;Reação tardia ou ineficiente do condutor;Colisão traseira;Sem Vítimas;Plena Noite;Crescente;Céu Claro;Dupla;Reta;Não;6;0;0;0;5;1;0;2;-29,880739;-50,51894;SPRF-RS;DEL03-RS;UOP01-DEL03-RS
741863;15/12/2025;segunda-feira;09:30:00;RS;101;22;TRES CACHOEIRAS;Manobra de mudança de faixa;Colisão lateral mesmo sentido;Com Vítimas Feridas;Pleno dia;Decrescente;Céu Claro;Dupla;Reta;Sim;3;0;1;0;2;0;1;2;-29,44189092;-49,9036452;SPRF-RS;DEL03-RS;UOP02-DEL03-RS
741866;27/12/2025;sábado;05:50:00;ES;101;399,1;ITAPEMIRIM;Condutor Dormindo;Colisão com objeto;Com Vítimas Feridas;Amanhecer;Decrescente;Céu Claro;Simples;Reta;Não;6;0;2;4;0;0;6;1;-20,87918937;-40,96684232;SPRF-ES;DEL03-ES;UOP02-DEL03-ES
741867;27/12/2025;sábado;05:10:00;RS;470;205;BENTO GONCALVES;Fumaça;Incêndio;Sem Vítimas;Amanhecer;Decrescente;Nublado;Simples;Reta;Não;1;0;0;0;1;0;0;1;-29,08355992;-51,56076606;SPRF-RS;DEL06-RS;UOP01-DEL06-RS
741868;27/12/2025;sábado;03:20:00;ES;101;14,6;PEDRO CANARIO;Condutor Dormindo;Colisão com objeto;Sem Vítimas;Plena Noite;Decrescente;Céu Claro;Simples;Aclive;Não;1;0;0;0;0;1;0;1;-18,26854142;-39,95863698;SPRF-ES;DEL04-ES;UOP02-DEL04-ES
741869;26/12/2025;sexta-feira;20:00:00;SC;116;132;SANTA CECILIA;Reação tardia ou ineficiente do condutor;Colisão com objeto;Com Vítimas Feridas;Plena Noite;Decrescente;Garoa/Chuvisco;Simples;Rotatória;Não;3;0;1;0;1;1;1;2;-26,91339081;-50,44390488;SPRF-SC;DEL06-SC;UOP02-DEL06-SC
741871;27/12/2025;sábado;05:40:00;MS;163;485;CAMPO GRANDE;Avarias e/ou desgaste excessivo no pneu;Saída de leito carroçável;Com Vítimas Feridas;Pleno dia;Crescente;Céu Claro;Simples;Reta;Não;1;0;1;0;0;0;1;1;-20,441759;-54,542103;SPRF-MS;DEL01-MS;UOP02-DEL01-MS
741872;27/12/2025;sábado;06:15:00;PR;376;175,7;MARINGA;Condutor desrespeitou a iluminação vermelha do semáforo;Colisão transversal;Sem Vítimas;Pleno dia;Decrescente;Céu Claro;Dupla;"Reta;Interseção de Vias";Sim;2;0;0;0;2;0;0;2;-23,41224698;-51,94317377;SPRF-PR;DEL09-PR;UOP01-DEL09-PR
741873;27/12/2025;sábado;06:10:00;SC;101;123,8;ITAJAI;Ausência de reação do condutor;Colisão traseira;Com Vítimas Feridas;Amanhecer;Crescente;Céu Claro;Dupla;Reta;Não;4;0;1;0;3;0;1;2;-26,942368;-48,693065;SPRF-SC;DEL04-SC;UOP04-DEL04-SC
741874;26/12/2025;sexta-feira;15:30:00;SP;116;214;GUARULHOS;Ausência de reação do condutor;Queda de ocupante de veículo;Com Vítimas Feridas;Pleno dia;Crescente;Céu Claro;Dupla;Reta;Não;1;0;1;0;0;0;1;1;-23,44826299;-46,45832777;SPRF-SP;DEL01-SP;UOP01-DEL01-SP
741875;26/12/2025;sexta-feira;18:30:00;MG;116;522;CARATINGA;Transitar no Acostamento;Colisão frontal;Com Vítimas Feridas;Anoitecer;Decrescente;Céu Claro;Simples;Reta;Não;2;0;1;1;0;0;2;2;-19,750983;-42,132505;SPRF-MG;DEL06-MG;UOP02-DEL06-MG
741876;27/12/2025;sábado;06:00:00;RS;392;131,4;CANGUCU;Ausência de reação do condutor;Saída de leito carroçável;Sem Vítimas;Amanhecer;Crescente;Céu Claro;Simples;"Declive;Reta";Não;1;0;0;0;0;1;0;1;-31,317658;-52,763503;SPRF-RS;DEL07-RS;UOP01-DEL07-RS
741877;27/12/2025;sábado;06:10:00;CE;222;23,4;CAUCAIA;Condutor Dormindo;Colisão com objeto;Com Vítimas Feridas;Pleno dia;Decrescente;Céu Claro;Dupla;Reta;Sim;1;0;1;0;0;0;1;1;-3,7305555;-38,76702952;SPRF-CE;DEL01-CE;UOP01-DEL01-CE