id;data_inversa;dia_semana;horario;uf;br;km;municipio;causa_acidente;tipo_acidente;classificacao_acidente;fase_dia;sentido_via;condicao_metereologica;tipo_pista;tracado_via;uso_solo;pessoas;mortos;feridos_leves;feridos_graves;ilesos;ignorados;feridos;veiculos;latitude;longitude;regional;delegacia;uop
741986;27/12/2025;sábado;15:50:00;SC;470;62,2;INDAIAL;Velocidade Incompatível;Saída de leito carroçável;Com Vítimas Feridas;Pleno dia;Crescente;Sol;Simples;"Declive;Reta";Sim;3;0;2;0;1;0;2;2;-26,8743683;-49,1860733;SPRF-SC;DEL04-SC;UOP01-DEL04-SC
741987;27/12/2025;sábado;14:50:00;RO;364;220,8;PIMENTA BUENO;Manobra de mudança de faixa;Saída de leito carroçável;Com Vítimas Feridas;Pleno dia;Crescente;Céu Claro;Simples;Reta;Não;1;0;1;0;0;0;1;1;-11,529193;-61,33052;SPRF-RO;DEL02-RO;UOP02-DEL02-RO
741988;27/12/2025;sábado;07:50:00;MA;135;7;SAO LUIS;Acessar a via sem observar a presença dos outros veículos;Colisão transversal;Com Vítimas Feridas;Pleno dia;Decrescente;Céu Claro;Dupla;Retorno Regulamentado;Sim;2;0;1;0;1;0;1;2;-2,64010453;-44,27115295;SPRF-MA;DEL01-MA;UOP01-DEL01-MA
741989;27/12/2025;sábado;15:15:00;RJ;101;425;MANGARATIBA;Ultrapassagem Indevida;Colisão transversal;Com Vítimas Feridas;Pleno dia;Crescente;Sol;Simples;"Interseção de Vias;Reta";Sim;7;0;2;1;3;1;3;3;-22,92958312;-43,97565365;SPRF-RJ;DEL03-RJ;UOP02-DEL03-RJ
741990;27/12/2025;sábado;16:40:00;RJ;116;234;PIRAI;Reação tardia ou ineficiente do condutor;Queda de ocupante de veículo;Com Vítimas Feridas;Pleno dia;Crescente;Sol;Dupla;Curva;Não;1;0;1;0;0;0;1;1;-22,66540283;-43,8490212;SPRF-RJ;DEL07-RJ;UOP01-DEL07-RJ
741992;27/12/2025;sábado;16:50:00;PR;376;464;PONTA GROSSA;Chuva;Saída de leito carroçável;Com Vítimas Feridas;Pleno dia;Crescente;Chuva;Dupla;Reta;Não;4;0;1;1;2;0;2;1;-25,016239;-50,337761;SPRF-PR;DEL03-PR;UOP01-DEL03-PR
741993;27/12/2025;sábado;16:30:00;GO;153;593,4;PIRACANJUBA;Reação tardia ou ineficiente do condutor;Saída de leito carroçável;Com Vítimas Feridas;Pleno dia;Crescente;Garoa/Chuvisco;Dupla;Reta;Não;1;0;1;0;0;0;1;1;-17,48683333;-49,21057034;SPRF-GO;DEL03-GO;UOP01-DEL03-GO
741995;27/12/2025;sábado;12:10:00;RO;364;658;CANDEIAS DO JAMARI;Reação tardia ou ineficiente do condutor;Capotamento;Com Vítimas Feridas;Pleno dia;Crescente;Céu Claro;Simples;Reta;Não;1;0;1;0;0;0;1;1;-8,87640599;-63,44119012;SPRF-RO;DEL01-RO;UOP01-DEL01-RO
741996;27/12/2025;sábado;09:00:00;BA;324;556;AMELIA RODRIGUES;Ausência de reação do condutor;Queda de ocupante de veículo;Com Vítimas Feridas;Pleno dia;Decrescente;Céu Claro;Dupla;Reta;Não;1;0;1;0;0;0;1;1;-12,476448;-38,674738;SPRF-BA;DEL01-BA;UOP03-DEL01-BA
741997;27/12/2025;sábado;17:30:00;SP;101;34;UBATUBA;Ausência de reação do condutor;Colisão lateral mesmo sentido;Com Vítimas Feridas;Pleno dia;Crescente;Céu Claro;Simples;"Declive;Reta";Não;2;0;0;1;1;0;1;2;-23,39058363;-44,99624189;SPRF-SP;DEL06-SP;UOP01-DEL06-SP
741998;27/12/2025;sábado;15:20:00;PR;277;381;GUARAPUAVA;Mal súbito do condutor;Saída de leito carroçável;Com Vítimas Feridas;Pleno dia;Crescente;Céu Claro;Simples;Reta;Não;2;0;1;0;1;0;1;1;-25,40368576;-51,73167515;SPRF-PR;DEL08-PR;UOP01-DEL08-PR
742000;27/12/2025;sábado;15:10:00;SP;101;44;UBATUBA;Acessar a via sem observar a presença dos outros veículos;Atropelamento de Pedestre;Com Vítimas Feridas;Pleno dia;Crescente;Céu Claro;Simples;Curva;Sim;2;0;1;0;0;1;1;2;-23,40830827;-45,06094979;SPRF-SP;DEL06-SP;UOP01-DEL06-SP
742002;27/12/2025;sábado;18:15:00;SC;101;222,6;PALHOCA;Manobra de mudança de faixa;Colisão lateral mesmo sentido;Com Vítimas Feridas;Anoitecer;Decrescente;Nublado;Dupla;"Declive;Reta";Não;3;0;2;0;1;0;2;2;-27,711842;-48,651122;SPRF-SC;DEL01-SC;UOP02-DEL01-SC
742004;27/12/2025;sábado;17:10:00;SP;116;45,1;CANAS;Avarias e/ou desgaste excessivo no pneu;Tombamento;Com Vítimas Feridas;Pleno dia;Decrescente;Sol;Dupla;Reta;Não;2;0;2;0;0;0;2;1;-22,71032284;-45,04737854;SPRF-SP;DEL08-SP;UOP02-DEL08-SP
742005;27/12/2025;sábado;18:00:00;CE;116;88,1;CASCAVEL;Avarias e/ou desgaste excessivo no pneu;Tombamento;Com Vítimas Feridas;Plena Noite;Crescente;Céu Claro;Simples;Reta;Não;2;0;2;0;0;0;2;1;-4,45421;-38,3763;SPRF-CE;DEL01-CE;UOP04-DEL01-CE
742006;27/12/2025;sábado;16:00:00;SC;101;360;SANGAO;Transitar na contramão;Colisão transversal;Com Vítimas Feridas;Pleno dia;Crescente;Chuva;Múltipla;Reta;Sim;5;0;1;0;3;1;1;2;-28,66734;-49,117798;SPRF-SC;DEL02-SC;UOP01-DEL02-SC
742007;27/12/2025;sábado;18:10:00;SC;101;419,7;ARARANGUA;Desrespeitar a preferência no cruzamento;Colisão lateral mesmo sentido;Com Vítimas Feridas;Anoitecer;Crescente;Chuva;Simples;Interseção de Vias;Sim;2;0;0;1;1;0;1;2;-28,99693377;-49,55426065;SPRF-SC;DEL02-SC;UOP02-DEL02-SC
742008;27/12/2025;sábado;18:50:00;RN;101;116;SAO JOSE DE MIPIBU;Ausência de reação do condutor;Tombamento;Com Vítimas Feridas;Plena Noite;Decrescente;Céu Claro;Dupla;Rotatória;Sim;1;0;1;0;0;0;1;1;-6,00146578;-35,2591064;SPRF-RN;DEL01-RN;UOP01-DEL01-RN
742009;27/12/2025;sábado;16:00:00;SC;101;410,5;ARARANGUA;Transitar no Acostamento;Colisão traseira;Sem Vítimas;Pleno dia;Crescente;Céu Claro;Dupla;Reta;Não;3;0;0;0;3;0;0;2;-28,93231741;-49,51561689;SPRF-SC;DEL02-SC;UOP02-DEL02-SC
742010;27/12/2025;sábado;11:30:00;SC;101;2;BIGUACU;Ausência de reação do condutor;Saída de leito carroçável;Com Vítimas Feridas;Pleno dia;Crescente;Céu Claro;Dupla;"Curva;Retorno Regulamentado";Sim;1;0;1;0;0;0;1;1;-27,363248;-48,649465;SPRF-SC;DEL01-SC;UOP01-DEL01-SC
742013;27/12/2025;sábado;18:30:00;RS;116;77,1;CAMPESTRE DA SERRA;Reação tardia ou ineficiente do condutor;Saída de leito carroçável;Sem Vítimas;Anoitecer;Decrescente;Chuva;Simples;"Declive;Curva";Não;1;0;0;0;0;1;0;1;-28,777478;-51,092852;SPRF-RS;DEL05-RS;UOP03-DEL05-RS
742014;27/12/2025;sábado;19:40:00;ES;101;290;CARIACICA;Acessar a via sem observar a presença dos outros veículos;Colisão transversal;Com Vítimas Feridas;Plena Noite;Crescente;Céu Claro;Dupla;"Reta;Aclive";Sim;3;0;1;1;1;0;2;2;-20,295508;-40,393688;SPRF-ES;DEL01-ES;UOP01-DEL01-ES
742015;27/12/2025;sábado;19:40:00;PB;230;141,6;CAMPINA GRANDE;Retorno proibido;Colisão transversal;Com Vítimas Feridas;Plena Noite;Decrescente;Nublado;Dupla;"Aclive;Reta";Não;3;0;2;0;1;0;2;2;-7,24863218;-35,84717274;SPRF-PB;DEL02-PB;UOP01-DEL02-PB
742016;27/12/2025;sábado;20:00:00;MG;50;14,2;ARAGUARI;Ausência de reação do condutor;Colisão traseira;Com Vítimas Feridas;Plena Noite;Decrescente;Nublado;Dupla;"Declive;Reta";Não;6;0;1;0;5;0;1;3;-18,54332739;-48,04883022;SPRF-MG;DEL15-MG;UOP02-DEL15-MG
742017;27/12/2025;sábado;18:50:00;PE;423;94,6;GARANHUNS;Acessar a via sem observar a presença dos outros veículos;Colisão transversal;Com Vítimas Feridas;Plena Noite;Crescente;Céu Claro;Simples;Reta;Sim;3;0;1;0;2;0;1;2;-8,878605;-36,477396;SPRF-PE;DEL03-PE;UOP01-DEL03-PE
742018;27/12/2025;sábado;19:20:00;PR;277;584,4;CASCAVEL;Ausência de reação do condutor;Tombamento;Com Vítimas Feridas;Plena Noite;Crescente;Céu Claro;Dupla;Reta;Sim;1;0;1;0;0;0;1;1;-24,97462;-53,38983;SPRF-PR;DEL04-PR;UOP01-DEL04-PR
742020;27/12/2025;sábado;18:45:00;SP;116;105;TAUBATE;Reação tardia ou ineficiente do condutor;Colisão traseira;Com Vítimas Feridas;Plena Noite;Crescente;Céu Claro;Dupla;Reta;Sim;2;0;1;0;1;0;1;2;-23,00603375;-45,51026881;SPRF-SP;DEL02-SP;UOP02-DEL02-SP
742021;27/12/2025;sábado;17:10:00;SP;101;43;UBATUBA;Ausência de reação do condutor;Colisão traseira;Com Vítimas Feridas;Pleno dia;Decrescente;Céu Claro;Simples;Reta;Não;2;0;0;1;1;0;1;2;-23,41399904;-45,05327352;SPRF-SP;DEL06-SP;UOP01-DEL06-SP
742022;27/12/2025;sábado;18:30:00;BA;101;926;NOVA VICOSA;Velocidade Incompatível;Saída de leito carroçável;Com Vítimas Fatais;Anoitecer;Crescente;Nublado;Simples;Reta;Não;4;1;1;2;0;0;3;1;-17,93201074;-39,84067261;SPRF-BA;DEL09-BA;UOP02-DEL09-BA
742023;27/12/2025;sábado;19:40:00;RN;304;36;MOSSORO;Ingestão de álcool pelo condutor;Colisão com objeto;Com Vítimas Feridas;Plena Noite;Crescente;Céu Claro;Dupla;"Viaduto;Reta";Sim;1;0;1;0;0;0;1;1;-5,1689307;-37,35627204;SPRF-RN;DEL04-RN;UOP02-DEL04-RN
742024;27/12/2025;sábado;19:25:00;RJ;101;270;RIO BONITO;Ausência de reação do condutor;Colisão traseira;Sem Vítimas;Plena Noite;Decrescente;Céu Claro;Dupla;Reta;Sim;2;0;0;0;2;0;0;2;-22,72774048;-42,69390106;SPRF-RJ;DEL02-RJ;UOP03-DEL02-RJ
742025;27/12/2025;sábado;20:48:00;SP;116;205;ARUJA;Avarias e/ou desgaste excessivo no pneu;Tombamento;Com Vítimas Feridas;Plena Noite;Crescente;Céu Claro;Múltipla;Reta;Sim;2;0;2;0;0;0;2;1;-23,414559;-46,366079;SPRF-SP;DEL01-SP;UOP01-DEL01-SP
742027;27/12/2025;sábado;18:15:00;PE;407;126;PETROLINA;Acessar a via sem observar a presença dos outros veículos;Colisão transversal;Com Vítimas Feridas;Anoitecer;Crescente;Céu Claro;Múltipla;Reta;Sim;2;0;0;1;1;0;1;2;-9,384373;-40,529164;SPRF-PE;DEL06-PE;UOP01-DEL06-PE
742028;27/12/2025;sábado;20:35:00;GO;60;172;ABADIA DE GOIAS;Ausência de reação do condutor;Colisão lateral mesmo sentido;Com Vítimas Fatais;Plena Noite;Decrescente;Nublado;Dupla;Reta;Sim;2;1;1;0;0;0;1;2;-16,74673918;-49,42214727;SPRF-GO;DEL01-GO;UOP02-DEL01-GO
742029;27/12/2025;sábado;20:00:00;RS;290;76;GRAVATAI;Condutor Dormindo;Saída de leito carroçável;Com Vítimas Feridas;Plena Noite;Crescente;Garoa/Chuvisco;Múltipla;Reta;Não;3;0;1;0;2;0;1;1;-29,95640747;-51,02005569;SPRF-RS;DEL01-RS;UOP01-DEL01-RS
742030;27/12/2025;sábado;21:00:00;MG;40;400,1;CURVELO;Avarias e/ou desgaste excessivo no pneu;Saída de leito carroçável;Com Vítimas Feridas;Plena Noite;Crescente;Céu Claro;Simples;"Reta;Ponte";Não;4;0;4;0;0;0;4;1;-19,024526;-44,655202;SPRF-MG;DEL02-MG;UOP01-DEL02-MG
742031;27/12/2025;sábado;18:30:00;BA;110;303;INHAMBUPE;Transitar na contramão;Colisão frontal;Com Vítimas Fatais;Plena Noite;Crescente;Céu Claro;Simples;Reta;Não;3;1;0;1;0;1;1;2;-11,878942;-38,375675;SPRF-BA;DEL01-BA;UOP04-DEL01-BA
742032;27/12/2025;sábado;21:20:00;ES;101;260,6;SERRA;Reação tardia ou ineficiente do condutor;Colisão traseira;Com Vítimas Feridas;Plena Noite;Decrescente;Céu Claro;Simples;Curva;Sim;4;0;3;0;0;1;3;2;-20,147885;-40,280023;SPRF-ES;DEL02-ES;UOP01-DEL02-ES
742033;27/12/2025;sábado;20:30:00;BA;116;300;TUCANO;Ultrapassagem Indevida;Colisão lateral sentido oposto;Com Vítimas Feridas;Plena Noite;Decrescente;Céu Claro;Simples;Reta;Não;11;0;1;0;10;0;1;3;-11,170998;-38,858172;SPRF-BA;DEL07-BA;UOP02-DEL07-BA
742035;27/12/2025;sábado;17:30:00;AP;210;7;MACAPA;Acessar a via sem observar a presença dos outros veículos;Colisão lateral mesmo sentido;Com Vítimas Feridas;Pleno dia;Decrescente;Céu Claro;Dupla;Reta;Não;2;0;0;1;1;0;1;2;0,099;-51,12;SPRF-AP;DEL01-AP;UOP01-DEL01-AP
742037;27/12/2025;sábado;22:10:00;SC;101;157;PORTO BELO;Ingestão de álcool pelo condutor;Colisão traseira;Sem Vítimas;Plena Noite;Crescente;Chuva;Múltipla;Reta;Sim;2;0;0;0;2;0;0;2;-27,184233;-48,612405;SPRF-SC;DEL04-SC;UOP03-DEL04-SC
742038;27/12/2025;sábado;22:10:00;RJ;116;310;RESENDE;Ultrapassagem Indevida;Colisão lateral mesmo sentido;Com Vítimas Feridas;Plena Noite;Decrescente;Céu Claro;Simples;"Retorno Regulamentado;Rotatória";Não;3;0;1;0;2;0;1;2;-22,46073572;-44,4407222;SPRF-RJ;DEL07-RJ;UOP02-DEL07-RJ
742040;27/12/2025;sábado;20:30:00;PR;277;341,8;GUARAPUAVA;Animais na Pista;Atropelamento de Animal;Com Vítimas Feridas;Plena Noite;Decrescente;Nublado;Dupla;"Aclive;Reta";Não;2;0;1;0;0;1;1;2;-25,342191;-51,41213;SPRF-PR;DEL08-PR;UOP01-DEL08-PR
742041;27/12/2025;sábado;22:45:00;GO;153;512;HIDROLANDIA;Reação tardia ou ineficiente do condutor;Queda de ocupante de veículo;Com Vítimas Feridas;Plena Noite;Decrescente;Vento;Dupla;Reta;Não;1;0;1;0;0;0;1;1;-16,87632465;-49,25189137;SPRF-GO;DEL01-GO;UOP03-DEL01-GO
742042;27/12/2025;sábado;20:30:00;MG;40;781;JUIZ DE FORA;Ingestão de álcool pelo condutor;Colisão com objeto;Sem Vítimas;Plena Noite;Decrescente;Céu Claro;Dupla;"Curva;Declive";Não;1;0;0;0;1;0;0;1;-21,68339153;-43,45225811;SPRF-MG;DEL05-MG;UOP01-DEL05-MG
742043;27/12/2025;sábado;19:40:00;BA;101;226;CRUZ DAS ALMAS;Ausência de reação do condutor;Saída de leito carroçável;Com Vítimas Feridas;Plena Noite;Decrescente;Céu Claro;Simples;Reta;Não;2;0;0;1;1;0;1;1;-12,698041;-39,152546;SPRF-BA;DEL01-BA;UOP02-DEL01-BA
742044;27/12/2025;sábado;22:00:00;MG;50;102,1;UBERLANDIA;Condutor Dormindo;Saída de leito carroçável;Com Vítimas Feridas;Plena Noite;Decrescente;Céu Claro;Dupla;Reta;Não;1;0;1;0;0;0;1;1;-19,15636616;-48,16462136;SPRF-MG;DEL13-MG;UOP01-DEL13-MG
742045;27/12/2025;sábado;22:25:00;RS;158;377;DILERMANDO DE AGUIAR;Demais falhas mecânicas ou elétricas;Incêndio;Sem Vítimas;Plena Noite;Crescente;Chuva;Simples;Reta;Não;1;0;0;0;1;0;0;1;-29,864174;-54,237907;SPRF-RS;DEL09-RS;UOP01-DEL09-RS
742046;27/12/2025;sábado;22:15:00;RJ;101;191;CASIMIRO DE ABREU;Entrada inopinada do pedestre;Atropelamento de Pedestre;Com Vítimas Fatais;Plena Noite;Decrescente;Céu Claro;Dupla;Reta;Não;2;1;0;0;1;0;0;2;-22,46886126;-42,07587719;SPRF-RJ;DEL08-RJ;UOP04-DEL08-RJ
742047;27/12/2025;sábado;20:00:00;MT;163;655;LUCAS DO RIO VERDE;Ausência de reação do condutor;Saída de leito carroçável;Com Vítimas Feridas;Plena Noite;Decrescente;Nublado;Simples;"Reta;Em Obras;Desvio Temporário";Não;1;0;1;0;0;0;1;1;-13,338475;-56,05486167;SPRF-MT;DEL06-MT;UOP01-DEL06-MT
742048;27/12/2025;sábado;22:30:00;PR;376;180;MARINGA;Condutor deixou de manter distância do veículo da frente;Colisão traseira;Com Vítimas Feridas;Plena Noite;Decrescente;Céu Claro;Dupla;Reta;Sim;2;0;1;0;1;0;1;2;-23,42330702;-51,90218059;SPRF-PR;DEL09-PR;UOP01-DEL09-PR
742049;27/12/2025;sábado;22:40:00;PR;376;111;PARANAVAI;Reação tardia ou ineficiente do condutor;Colisão com objeto;Com Vítimas Feridas;Plena Noite;Decrescente;Céu Claro;Dupla;Reta;Não;2;0;2;0;0;0;2;1;-23,087;-52,398795;SPRF-PR;DEL09-PR;UOP02-DEL09-PR
742051;27/12/2025;sábado;23:40:00;SC;101;211;PALHOCA;Condutor deixou de manter distância do veículo da frente;Colisão traseira;Sem Vítimas;Plena Noite;Decrescente;Chuva;Múltipla;"Reta;Ponte";Sim;2;0;0;0;2;0;0;2;-27,62372694;-48,65271505;SPRF-SC;DEL01-SC;UOP02-DEL01-SC
742052;27/12/2025;sábado;22:09:00;AM;319;114;CANUTAMA;Deficiência do Sistema de Iluminação/Sinalização;Colisão traseira;Com Vítimas Feridas;Plena Noite;Decrescente;Céu Claro;Simples;Reta;Não;3;0;2;0;1;0;2;2;-8,59337;-63,99528;SPRF-AM;DEL01-AM;UOP04-DEL01-AM
742053;27/12/2025;sábado;23:00:00;PI;343;185,6;PIRIPIRI;Animais na Pista;Atropelamento de Animal;Com Vítimas Feridas;Plena Noite;Crescente;Céu Claro;Simples;Reta;Não;2;0;2;0;0;0;2;1;-4,28661;-41,765272;SPRF-PI;DEL02-PI;UOP01-DEL02-PI
742054;27/12/2025;sábado;23:20:00;GO;153;598;MORRINHOS;Ausência de reação do condutor;Colisão com objeto;Sem Vítimas;Plena Noite;Decrescente;Céu Claro;Simples;"Reta;Interseção de Vias;Viaduto";Não;1;0;0;0;1;0;0;1;-17,524792;-49,215017;SPRF-GO;DEL03-GO;UOP01-DEL03-GO
742055;27/12/2025;sábado;23:45:00;SC;101;211;SAO JOSE;Ingestão de álcool pelo condutor;Colisão traseira;Sem Vítimas;Plena Noite;Crescente;Nublado;Simples;Reta;Sim;2;0;0;0;2;0;0;2;-27,62314;-48,65245;SPRF-SC;DEL01-SC;UOP02-DEL01-SC
742057;27/12/2025;sábado;22:20:00;SE;235;28,6;AREIA BRANCA;Reação tardia ou ineficiente do condutor;Colisão com objeto;Sem Vítimas;Plena Noite;Decrescente;Céu Claro;Dupla;Curva;Não;1;0;0;0;0;1;0;1;-10,791143;-37,281166;SPRF-SE;DEL01-SE;UOP02-DEL01-SE
742058;28/12/2025;domingo;00:15:00;PE;101;69,2;RECIFE;Ausência de reação do condutor;Saída de leito carroçável;Sem Vítimas;Plena Noite;Crescente;Céu Claro;Dupla;Reta;Sim;1;0;0;0;0;1;0;1;-8,06195;-34,94528;SPRF-PE;DEL01-PE;UOP01-DEL01-PE
742059;27/12/2025;sábado;23:15:00;PR;277;220;TEIXEIRA SOARES;Demais falhas mecânicas ou elétricas;Incêndio;Sem Vítimas;Plena Noite;Crescente;Céu Claro;Simples;Reta;Não;49;0;0;0;49;0;0;1;-25,465944;-50,390401;SPRF-PR;DEL08-PR;UOP02-DEL08-PR
742061;27/12/2025;sábado;23:38:00;RJ;493;52;DUQUE DE CAXIAS;Reação tardia ou ineficiente do condutor;Colisão com objeto;Com Vítimas Feridas;Plena Noite;Crescente;Céu Claro;Dupla;"Retorno Regulamentado;Reta";Não;1;0;1;0;0;0;1;1;-22,665596;-43,326574;SPRF-RJ;DEL01-RJ;UOP03-DEL01-RJ
742062;27/12/2025;sábado;11:00:00;BA;324;579;AMELIA RODRIGUES;Mal súbito do condutor;Saída de leito carroçável;Com Vítimas Feridas;Pleno dia;Crescente;Céu Claro;Múltipla;Reta;Não;4;0;4;0;0;0;4;1;-12,476447;-38,67474;SPRF-BA;DEL01-BA;UOP01-DEL01-BA
742063;28/12/2025;domingo;00:30:00;RJ;116;177;BELFORD ROXO;Acessar a via sem observar a presença dos outros veículos;Colisão transversal;Com Vítimas Feridas;Plena Noite;Crescente;Céu Claro;Dupla;Reta;Sim;6;0;0;1;5;0;1;2;-22,77531472;-43,40017724;SPRF-RJ;DEL06-RJ;UOP01-DEL06-RJ
742064;27/12/2025;sábado;23:55:00;SC;470;248;CURITIBANOS;Velocidade Incompatível;Saída de leito carroçável;Sem Vítimas;Plena Noite;Crescente;Céu Claro;Simples;Curva;Sim;1;0;0;0;1;0;0;1;-27,3127013;-50,5763994;SPRF-SC;DEL05-SC;UOP03-DEL05-SC
742065;28/12/2025;domingo;00:30:00;RJ;101;490;ANGRA DOS REIS;Mal súbito do condutor;Queda de ocupante de veículo;Com Vítimas Feridas;Plena Noite;Decrescente;Céu Claro;Simples;Reta;Não;1;0;1;0;0;0;1;1;-22,9563878;-44,3139246;SPRF-RJ;DEL03-RJ;UOP03-DEL03-RJ
742066;27/12/2025;sábado;23:55:00;SC;470;248,8;CURITIBANOS;Velocidade Incompatível;Saída de leito carroçável;Com Vítimas Fatais;Plena Noite;Crescente;Nublado;Simples;Rotatória;Sim;1;1;0;0;0;0;0;1;-27,31309167;-50,57644892;SPRF-SC;DEL05-SC;UOP03-DEL05-SC
742067;28/12/2025;domingo;01:10:00;MG;116;579,4;MANHUACU;Ausência de reação do condutor;Saída de leito carroçável;Com Vítimas Feridas;Plena Noite;Decrescente;Céu Claro;Simples;Curva;Não;2;0;2;0;0;0;2;1;-20,2503729;-42,1423927;SPRF-MG;DEL06-MG;UOP03-DEL06-MG
742068;28/12/2025;domingo;01:40:00;MG;153;209,8;FRUTAL;Ausência de reação do condutor;Colisão com objeto;Com Vítimas Feridas;Plena Noite;Decrescente;Céu Claro;Simples;Interseção de Vias;Não;3;0;3;0;0;0;3;1;-20,01977;-49,04659;SPRF-MG;DEL13-MG;UOP02-DEL13-MG
742069;28/12/2025;domingo;01:50:00;RS;116;264;CANOAS;Ingestão de álcool pelo condutor;Colisão traseira;Sem Vítimas;Plena Noite;Crescente;Céu Claro;Dupla;"Em Obras;Reta";Sim;6;0;0;0;6;0;0;2;-29,91495009;-51,17776606;SPRF-RS;DEL01-RS;UOP01-DEL01-RS
742070;28/12/2025;domingo;01:10:00;BA;415;61;ITAPE;Ingestão de álcool pelo condutor;Saída de leito carroçável;Com Vítimas Feridas;Plena Noite;Crescente;Céu Claro;Simples;Curva;Não;1;0;1;0;0;0;1;1;-14,856777;-39,409433;SPRF-BA;DEL05-BA;UOP01-DEL05-BA
742071;28/12/2025;domingo;01:15:00;RJ;40;105;DUQUE DE CAXIAS;Ausência de reação do condutor;Colisão com objeto;Com Vítimas Feridas;Plena Noite;Decrescente;Céu Claro;Dupla;"Reta;Ponte";Sim;1;0;1;0;0;0;1;1;-22,64403987;-43,28380142;SPRF-RJ;DEL01-RJ;UOP02-DEL01-RJ
742072;28/12/2025;domingo;01:35:00;PR;277;680;MEDIANEIRA;Ausência de reação do condutor;Saída de leito carroçável;Com Vítimas Feridas;Plena Noite;Crescente;Nublado;Dupla;"Aclive;Reta";Não;1;0;1;0;0;0;1;1;-25,315463;-54,153541;SPRF-PR;DEL05-PR;UOP01-DEL05-PR
742073;28/12/2025;domingo;00:13:00;MT;163;796,8;VERA;Velocidade Incompatível;Saída de leito carroçável;Sem Vítimas;Plena Noite;Crescente;Céu Claro;Simples;"Em Obras;Curva;Desvio Temporário";Não;2;0;0;0;1;1;0;1;-12,1955543;-55,53457635;SPRF-MT;DEL06-MT;UOP02-DEL06-MT
742074;28/12/2025;domingo;02:00:00;RJ;101;409;ITAGUAI;Ingestão de álcool pelo condutor;Colisão traseira;Com Vítimas Feridas;Plena Noite;Decrescente;Céu Claro;Dupla;Reta;Sim;2;0;1;0;1;0;1;2;-22,89201434;-43,84260535;SPRF-RJ;DEL03-RJ;UOP01-DEL03-RJ
742076;28/12/2025;domingo;03:50:00;SC;101;208;SAO JOSE;Reação tardia ou ineficiente do condutor;Colisão traseira;Com Vítimas Feridas;Plena Noite;Crescente;Céu Claro;Múltipla;Reta;Sim;3;0;2;0;1;0;2;2;-27,60763;-48,63649;SPRF-SC;DEL01-SC;UOP01-DEL01-SC
742077;28/12/2025;domingo;03:45:00;SC;282;535,6;CHAPECO;Acessar a via sem observar a presença dos outros veículos;Colisão transversal;Com Vítimas Feridas;Plena Noite;Decrescente;Céu Claro;Dupla;"Interseção de Vias;Reta;Rotatória";Não;4;0;2;0;2;0;2;2;-26,999488;-52,646107;SPRF-SC;DEL07-SC;UOP01-DEL07-SC
742078;28/12/2025;domingo;04:10:00;RJ;40;104;DUQUE DE CAXIAS;Ingestão de álcool pelo condutor;Tombamento;Com Vítimas Feridas;Plena Noite;Crescente;Céu Claro;Dupla;Reta;Sim;1;0;1;0;0;0;1;1;-22,6306221;-43,2848577;SPRF-RJ;DEL01-RJ;UOP02-DEL01-RJ
742079;28/12/2025;domingo;02:30:00;PE;408;17,3;TIMBAUBA;Ultrapassagem Indevida;Colisão frontal;Sem Vítimas;Plena Noite;Crescente;Céu Claro;Simples;Reta;Não;3;0;0;0;0;3;0;2;-7,54029;-35,27836;SPRF-PE;DEL01-PE;UOP01-DEL01-PE
742080;28/12/2025;domingo;04:30:00;MG;40;15,3;PARACATU;Manobra de mudança de faixa;Colisão frontal;Com Vítimas Fatais;Amanhecer;Crescente;Céu Claro;Simples;Reta;Não;9;4;1;4;0;0;5;2;-17,079418;-47,035393;SPRF-MG;DEL14-MG;UOP01-DEL14-MG
742082;28/12/2025;domingo;04:45:00;SC;470;64,4;INDAIAL;Transitar na contramão;Colisão frontal;Com Vítimas Feridas;Amanhecer;Decrescente;Céu Claro;Simples;Aclive;Não;3;0;2;0;1;0;2;3;-26,8695818;-49,2070509;SPRF-SC;DEL04-SC;UOP01-DEL04-SC
742083;28/12/2025;domingo;04:30:00;GO;20;119,3;FLORES DE GOIAS;Ultrapassagem Indevida;Colisão frontal;Com Vítimas Feridas;Plena Noite;Decrescente;Nublado;Simples;Reta;Não;6;0;2;1;3;0;3;2;-14,8;-46,8;SPRF-DF;DEL02-DF;UOP03-DEL02-DF
742084;27/12/2025;sábado;23:50:00;MG;262;437,3;NOVA SERRANA;Condutor deixou de manter distância do veículo da frente;Colisão traseira;Com Vítimas Feridas;Plena Noite;Decrescente;Céu Claro;Múltipla;"Interseção de Vias;Reta";Sim;3;0;1;1;1;0;2;2;-19,87162;-44,97237;SPRF-MG;DEL08-MG;UOP03-DEL08-MG
742086;28/12/2025;domingo;05:30:00;DF;40;7,9;BRASILIA;Ausência de reação do condutor;Saída de leito carroçável;Com Vítimas Feridas;Pleno dia;Crescente;Céu Claro;Dupla;Reta;Não;1;0;1;0;0;0;1;1;-16,046585;-47,980993;SPRF-DF;DEL01-DF;UOP01-DEL01-DF
742087;28/12/2025;domingo;03:55:00;MG;262;458,6;ARAUJOS;Condutor deixou de manter distância do veículo da frente;Colisão traseira;Com Vítimas Feridas;Plena Noite;Decrescente;Céu Claro;Simples;Reta;Não;3;0;1;1;1;0;2;2;-19,79365;-45,15231;SPRF-MG;DEL08-MG;UOP03-DEL08-MG