id;data_inversa;dia_semana;horario;uf;br;km;municipio;causa_acidente;tipo_acidente;classificacao_acidente;fase_dia;sentido_via;condicao_metereologica;tipo_pista;tracado_via;uso_solo;pessoas;mortos;feridos_leves;feridos_graves;ilesos;ignorados;feridos;veiculos;latitude;longitude;regional;delegacia;uop
742088;28/12/2025;domingo;06:30:00;SC;101;117;ITAJAI;Acessar a via sem observar a presença dos outros veículos;Colisão transversal;Com Vítimas Feridas;Pleno dia;Crescente;Céu Claro;Múltipla;"Rotatória;Interseção de Vias";Sim;2;0;0;1;1;0;1;2;-26,8904635;-48,72066949;SPRF-SC;DEL04-SC;UOP04-DEL04-SC
742089;27/12/2025;sábado;20:00:00;SC;101;285;IMBITUBA;Acumulo de água sobre o pavimento;Saída de leito carroçável;Com Vítimas Feridas;Plena Noite;Crescente;Chuva;Dupla;Reta;Não;1;0;1;0;0;0;1;1;-28,298203;-48,716157;SPRF-SC;DEL02-SC;UOP03-DEL02-SC
742090;28/12/2025;domingo;05:30:00;GO;153;395,5;PIRENOPOLIS;Condutor deixou de manter distância do veículo da frente;Colisão traseira;Com Vítimas Feridas;Pleno dia;Crescente;Sol;Simples;Reta;Não;4;0;2;1;0;1;3;2;-16,01760097;-49,11334991;SPRF-GO;DEL02-GO;UOP02-DEL02-GO
742091;28/12/2025;domingo;04:00:00;SC;101;142;ITAPEMA;Ingestão de álcool pelo condutor;Saída de leito carroçável;Sem Vítimas;Plena Noite;Crescente;Garoa/Chuvisco;Dupla;Reta;Sim;1;0;0;0;0;1;0;1;-27,059016;-48,597039;SPRF-SC;DEL04-SC;UOP03-DEL04-SC
742092;28/12/2025;domingo;06:20:00;SP;116;206;GUARULHOS;Ausência de reação do condutor;Colisão lateral mesmo sentido;Com Vítimas Feridas;Pleno dia;Crescente;Nublado;Múltipla;Reta;Não;2;0;1;0;1;0;1;2;-23,417951;-46,378347;SPRF-SP;DEL01-SP;UOP01-DEL01-SP
742094;28/12/2025;domingo;06:00:00;RS;158;566;SANTANA DO LIVRAMENTO;Ingestão de álcool pelo condutor;Saída de leito carroçável;Sem Vítimas;Amanhecer;Decrescente;Nublado;Simples;Interseção de Vias;Sim;1;0;0;0;1;0;0;1;-30,88044125;-55,50949574;SPRF-RS;DEL11-RS;UOP01-DEL11-RS
742096;28/12/2025;domingo;06:18:00;PB;104;133;QUEIMADAS;Acessar a via sem observar a presença dos outros veículos;Colisão com objeto;Sem Vítimas;Pleno dia;Crescente;Céu Claro;Simples;Reta;Não;1;0;0;0;0;1;0;1;-7,312467;-35,894315;SPRF-PB;DEL02-PB;UOP03-DEL02-PB
742097;28/12/2025;domingo;07:10:00;RJ;101;305;SAO GONCALO;Reação tardia ou ineficiente do condutor;Colisão traseira;Com Vítimas Feridas;Pleno dia;Decrescente;Céu Claro;Dupla;Reta;Sim;4;0;1;0;3;0;1;2;-22,79001511;-42,99391687;SPRF-RJ;DEL02-RJ;UOP02-DEL02-RJ
742098;28/12/2025;domingo;07:13:00;TO;153;457;PALMAS;Reação tardia ou ineficiente do condutor;Colisão traseira;Com Vítimas Feridas;Pleno dia;Decrescente;Céu Claro;Dupla;Curva;Não;4;0;0;2;1;1;2;3;-10,28314;-48,29781;SPRF-TO;DEL01-TO;UOP01-DEL01-TO
742099;28/12/2025;domingo;03:30:00;MA;10;166;PORTO FRANCO;Transitar na contramão;Colisão frontal;Com Vítimas Fatais;Plena Noite;Crescente;Céu Claro;Simples;Reta;Não;6;2;0;1;3;0;1;2;-6,265133;-47,356003;SPRF-MA;DEL04-MA;UOP02-DEL04-MA
742100;04/12/2025;quinta-feira;08:50:00;MG;381;484;BETIM;Manobra de mudança de faixa;Colisão lateral mesmo sentido;Com Vítimas Feridas;Pleno dia;Decrescente;Nublado;Dupla;Reta;Sim;2;0;1;0;1;0;1;2;-19,959383;-44,088752;SPRF-MG;DEL01-MG;UOP03-DEL01-MG
742101;28/12/2025;domingo;07:50:00;CE;116;478,9;MILAGRES;Frear bruscamente;Colisão com objeto;Sem Vítimas;Pleno dia;Crescente;Céu Claro;Simples;Reta;Não;4;0;0;0;4;0;0;1;-7,304599;-38,919508;SPRF-CE;DEL05-CE;UOP03-DEL05-CE
742102;28/12/2025;domingo;03:25:00;DF;60;19,7;BRASILIA;Condutor Dormindo;Colisão com objeto;Com Vítimas Feridas;Pleno dia;Decrescente;Nublado;Dupla;"Reta;Declive";Não;1;0;1;0;0;0;1;1;-15,976461;-48,198636;SPRF-DF;DEL03-DF;UOP01-DEL03-DF
742103;28/12/2025;domingo;06:00:00;BA;101;0;RIO REAL;Condutor Dormindo;Saída de leito carroçável;Com Vítimas Feridas;Pleno dia;Decrescente;Sol;Simples;"Ponte;Curva;Declive";Não;3;0;2;1;0;0;3;1;-11,520928;-37,801462;SPRF-SE;DEL02-SE;UOP03-DEL02-SE
742104;28/12/2025;domingo;06:20:00;RS;386;246,5;SOLEDADE;Condutor Dormindo;Saída de leito carroçável;Com Vítimas Feridas;Pleno dia;Crescente;Nublado;Simples;"Em Obras;Desvio Temporário";Não;5;0;5;0;0;0;5;1;-28,81207;-52,49639;SPRF-RS;DEL04-RS;UOP03-DEL04-RS
742105;28/12/2025;domingo;07:20:00;PE;101;63;RECIFE;Reação tardia ou ineficiente do condutor;Saída de leito carroçável;Com Vítimas Feridas;Pleno dia;Decrescente;Céu Claro;Dupla;Curva;Sim;1;0;0;1;0;0;1;1;-8,00940361;-34,93740201;SPRF-PE;DEL01-PE;UOP01-DEL01-PE
742106;01/11/2025;sábado;12:00:00;DF;251;16;BRASILIA;Velocidade Incompatível;Saída de leito carroçável;Com Vítimas Feridas;Pleno dia;Crescente;Céu Claro;Simples;Reta;Não;4;0;3;0;1;0;3;1;-15,939628;-47,619023;SPRF-DF;DEL01-DF;UOP01-DEL01-DF
742107;28/12/2025;domingo;08:15:00;ES;101;267,8;SERRA;Reação tardia ou ineficiente do condutor;Colisão transversal;Com Vítimas Feridas;Pleno dia;Crescente;Céu Claro;Dupla;"Interseção de Vias;Reta";Sim;4;0;0;1;3;0;1;2;-20,20705;-40,26941;SPRF-ES;DEL02-ES;UOP01-DEL02-ES
742108;28/12/2025;domingo;07:36:00;MS;163;703;RIO VERDE DE MATO GROSSO;Ausência de reação do condutor;Colisão traseira;Com Vítimas Feridas;Pleno dia;Crescente;Céu Claro;Simples;Aclive;Não;8;0;1;0;7;0;1;2;-18,754699;-54,823495;SPRF-MS;DEL06-MS;UOP01-DEL06-MS
742109;28/12/2025;domingo;08:25:00;SC;101;338;TUBARAO;Ausência de reação do condutor;Colisão com objeto;Com Vítimas Feridas;Pleno dia;Decrescente;Céu Claro;Múltipla;Interseção de Vias;Sim;1;0;1;0;0;0;1;1;-28,50722912;-49,04929876;SPRF-SC;DEL02-SC;UOP01-DEL02-SC
742110;28/12/2025;domingo;07:30:00;MG;40;523;CONTAGEM;Avarias e/ou desgaste excessivo no pneu;Tombamento;Com Vítimas Feridas;Pleno dia;Crescente;Céu Claro;Dupla;Reta;Sim;2;0;2;0;0;0;2;1;-19,871132;-44,057107;SPRF-MG;DEL01-MG;UOP02-DEL01-MG
742111;23/12/2025;terça-feira;19:00:00;MG;381;230;BELO ORIENTE;Ultrapassagem Indevida;Colisão frontal;Com Vítimas Feridas;Plena Noite;Decrescente;Céu Claro;Simples;Reta;Não;3;0;0;1;1;1;1;3;-19,35131519;-42,43400574;SPRF-MG;DEL06-MG;UOP01-DEL06-MG
742112;28/12/2025;domingo;08:35:00;MG;40;686,6;ALFREDO VASCONCELOS;Condutor Dormindo;Saída de leito carroçável;Com Vítimas Feridas;Pleno dia;Decrescente;Céu Claro;Simples;"Reta;Aclive";Não;1;0;1;0;0;0;1;1;-21,1237544;-43,75831023;SPRF-MG;DEL05-MG;UOP02-DEL05-MG
742113;28/12/2025;domingo;08:00:00;PR;116;124;FAZENDA RIO GRANDE;Reação tardia ou ineficiente do condutor;Tombamento;Com Vítimas Feridas;Pleno dia;Crescente;Céu Claro;Dupla;Reta;Sim;1;0;0;1;0;0;1;1;-25,630142;-49,313845;SPRF-PR;DEL01-PR;UOP03-DEL01-PR
742114;28/12/2025;domingo;08:30:00;MG;262;376;JUATUBA;Velocidade Incompatível;Tombamento;Com Vítimas Feridas;Pleno dia;Crescente;Sol;Dupla;Curva;Não;1;0;0;1;0;0;1;1;-19,93498644;-44,43553448;SPRF-MG;DEL01-MG;UOP03-DEL01-MG
742116;28/12/2025;domingo;08:20:00;RN;101;176;BAIA FORMOSA;Ausência de reação do condutor;Saída de leito carroçável;Com Vítimas Fatais;Pleno dia;Decrescente;Céu Claro;Dupla;"Curva;Aclive";Não;1;1;0;0;0;0;0;1;-6,501655;-35,111933;SPRF-RN;DEL01-RN;UOP01-DEL01-RN
742118;28/12/2025;domingo;08:30:00;ES;259;100,4;BAIXO GUANDU;Condutor deixou de manter distância do veículo da frente;Colisão traseira;Com Vítimas Feridas;Pleno dia;Crescente;Sol;Múltipla;Reta;Sim;3;0;1;0;2;0;1;2;-19,521463;-41,015331;SPRF-ES;DEL02-ES;UOP01-DEL02-ES
742119;28/12/2025;domingo;08:56:00;DF;20;53;BRASILIA;Chuva;Saída de leito carroçável;Sem Vítimas;Pleno dia;Crescente;Chuva;Múltipla;Reta;Não;1;0;0;0;1;0;0;1;-15,57923117;-47,38325358;SPRF-DF;DEL02-DF;UOP01-DEL02-DF
742120;28/12/2025;domingo;09:30:00;PE;101;57,5;RECIFE;Demais falhas mecânicas ou elétricas;Tombamento;Com Vítimas Feridas;Pleno dia;Crescente;Céu Claro;Dupla;Reta;Não;2;0;2;0;0;0;2;1;-7,967;-34,918;SPRF-PE;DEL01-PE;UOP02-DEL01-PE
742121;28/12/2025;domingo;08:50:00;PR;369;87,1;CORNELIO PROCOPIO;Chuva;Colisão com objeto;Com Vítimas Feridas;Pleno dia;Crescente;Chuva;Simples;"Aclive;Curva";Não;2;0;2;0;0;0;2;1;-23,17890399;-50,62333552;SPRF-PR;DEL07-PR;UOP05-DEL07-PR
742122;28/12/2025;domingo;09:00:00;ES;262;170,9;IRUPI;Acessar a via sem observar a presença dos outros veículos;Colisão transversal;Com Vítimas Feridas;Pleno dia;Crescente;Céu Claro;Simples;"Declive;Reta";Não;6;0;1;2;3;0;3;2;-20,29640304;-41,70220323;SPRF-ES;DEL01-ES;UOP02-DEL01-ES
742124;28/12/2025;domingo;08:45:00;MS;60;372;CAMPO GRANDE;Acostamento em desnível;Tombamento;Com Vítimas Feridas;Pleno dia;Decrescente;Céu Claro;Simples;Reta;Não;1;0;1;0;0;0;1;1;-20,58099413;-54,71350545;SPRF-MS;DEL01-MS;UOP04-DEL01-MS
742125;28/12/2025;domingo;09:50:00;PE;101;57,5;RECIFE;Reação tardia ou ineficiente do condutor;Colisão traseira;Sem Vítimas;Pleno dia;Decrescente;Sol;Dupla;"Reta;Aclive";Sim;3;0;0;0;3;0;0;3;-7,967;-34,918;SPRF-PE;DEL01-PE;UOP02-DEL01-PE
742126;28/12/2025;domingo;08:25:00;PR;376;488;PONTA GROSSA;Condutor deixou de manter distância do veículo da frente;Colisão traseira;Sem Vítimas;Pleno dia;Crescente;Céu Claro;Dupla;"Reta;Aclive";Sim;3;0;0;0;3;0;0;2;-25,126467;-50,178682;SPRF-PR;DEL03-PR;UOP04-DEL03-PR
742127;28/12/2025;domingo;09:45:00;RS;116;302;GUAIBA;Acesso irregular;Colisão frontal;Com Vítimas Feridas;Pleno dia;Decrescente;Céu Claro;Simples;"Em Obras;Reta";Não;3;0;1;0;2;0;1;2;-30,1422732;-51,3609442;SPRF-RS;DEL02-RS;UOP01-DEL02-RS
742129;28/12/2025;domingo;10:10:00;RS;116;265;CANOAS;Velocidade Incompatível;Colisão lateral mesmo sentido;Com Vítimas Feridas;Pleno dia;Crescente;Nublado;Múltipla;"Aclive;Reta;Viaduto";Sim;7;0;3;0;4;0;3;2;-29,91562124;-51,1775659;SPRF-RS;DEL01-RS;UOP01-DEL01-RS
742130;26/12/2025;sexta-feira;20:00:00;PR;158;347;PALMITAL;Animais na Pista;Atropelamento de Animal;Com Vítimas Feridas;Plena Noite;Crescente;Céu Claro;Simples;"Declive;Reta";Não;2;0;0;1;1;0;1;2;-24,9729961;-52,30006166;SPRF-PR;DEL04-PR;UOP02-DEL04-PR
742132;28/12/2025;domingo;08:50:00;SC;101;72;ARAQUARI;Condutor deixou de manter distância do veículo da frente;Colisão traseira;Com Vítimas Feridas;Pleno dia;Crescente;Céu Claro;Dupla;"Declive;Reta";Não;3;0;1;0;2;0;1;2;-26,524155;-48,716203;SPRF-SC;DEL03-SC;UOP02-DEL03-SC
742133;28/12/2025;domingo;08:30:00;SC;280;286;IRINEOPOLIS;Reação tardia ou ineficiente do condutor;Saída de leito carroçável;Com Vítimas Feridas;Pleno dia;Crescente;Céu Claro;Simples;"Declive;Curva";Não;1;0;1;0;0;0;1;1;-26,29040153;-50,88787079;SPRF-SC;DEL06-SC;UOP04-DEL06-SC
742134;28/12/2025;domingo;10:10:00;MG;381;742,7;TRES CORACOES;Frear bruscamente;Colisão traseira;Com Vítimas Feridas;Pleno dia;Decrescente;Sol;Dupla;Reta;Não;2;0;1;0;1;0;1;2;-21,60521819;-45,24062634;SPRF-MG;DEL16-MG;UOP02-DEL16-MG
742135;28/12/2025;domingo;10:40:00;GO;414;428,8;ABADIANIA;Transitar na contramão;Colisão frontal;Com Vítimas Fatais;Pleno dia;Crescente;Céu Claro;Simples;"Reta;Interseção de Vias";Não;4;2;0;1;0;1;1;3;-16,18442;-48,903215;SPRF-GO;DEL02-GO;UOP01-DEL02-GO
742136;28/12/2025;domingo;10:35:00;RN;304;258;SANTA MARIA;Acessar a via sem observar a presença dos outros veículos;Colisão transversal;Sem Vítimas;Plena Noite;Decrescente;Céu Claro;Simples;Reta;Não;2;0;0;0;2;0;0;2;-5,84294658;-35,68698943;SPRF-RN;DEL01-RN;UOP02-DEL01-RN
742137;28/12/2025;domingo;11:16:00;SE;235;65,1;ITABAIANA;Condutor deixou de manter distância do veículo da frente;Colisão lateral mesmo sentido;Com Vítimas Feridas;Pleno dia;Decrescente;Céu Claro;Simples;"Aclive;Curva";Não;3;0;1;1;1;0;2;2;-10,593137;-37,488712;SPRF-SE;DEL01-SE;UOP02-DEL01-SE
742138;28/12/2025;domingo;11:10:00;GO;60;10,4;SANTO ANTONIO DO DESCOBERTO;Ausência de reação do condutor;Saída de leito carroçável;Com Vítimas Fatais;Pleno dia;Decrescente;Céu Claro;Dupla;"Declive;Curva";Não;1;1;0;0;0;0;0;1;-16,117157;-48,318992;SPRF-DF;DEL03-DF;UOP01-DEL03-DF
742139;28/12/2025;domingo;11:41:00;MG;262;375;JUATUBA;Velocidade Incompatível;Tombamento;Com Vítimas Feridas;Pleno dia;Crescente;Céu Claro;Dupla;Reta;Não;1;0;1;0;0;0;1;1;-19,935877;-44,43357;SPRF-MG;DEL01-MG;UOP03-DEL01-MG
742140;28/12/2025;domingo;10:15:00;MT;70;630;POCONE;Acesso irregular;Saída de leito carroçável;Com Vítimas Feridas;Pleno dia;Decrescente;Céu Claro;Simples;Reta;Não;2;0;2;0;0;0;2;1;-15,93937711;-57,04496384;SPRF-MT;DEL03-MT;UOP02-DEL03-MT
742141;28/12/2025;domingo;10:30:00;PR;376;622;SAO JOSE DOS PINHAIS;Reação tardia ou ineficiente do condutor;Colisão com objeto;Sem Vítimas;Pleno dia;Crescente;Céu Claro;Dupla;Reta;Não;2;0;0;0;2;0;0;1;-25,6347861;-49,1617917;SPRF-PR;DEL01-PR;UOP04-DEL01-PR
742142;28/12/2025;domingo;08:00:00;SC;470;267;CURITIBANOS;Reação tardia ou ineficiente do condutor;Saída de leito carroçável;Sem Vítimas;Pleno dia;Crescente;Sol;Simples;"Curva;Aclive";Não;1;0;0;0;0;1;0;1;-27,3119;-50,747;SPRF-SC;DEL05-SC;UOP03-DEL05-SC
742143;28/12/2025;domingo;10:35:00;MG;116;229,5;TEOFILO OTONI;Reação tardia ou ineficiente do condutor;Saída de leito carroçável;Com Vítimas Feridas;Pleno dia;Crescente;Céu Claro;Simples;Curva;Não;6;0;5;0;0;1;5;2;-17,483225;-41,49301;SPRF-MG;DEL11-MG;UOP01-DEL11-MG
742146;28/12/2025;domingo;11:20:00;PI;343;589,6;FLORIANO;Ausência de reação do condutor;Colisão traseira;Com Vítimas Feridas;Pleno dia;Crescente;Sol;Simples;Reta;Não;2;0;0;1;1;0;1;2;-6,781443;-43,013178;SPRF-PI;DEL03-PI;UOP01-DEL03-PI
742147;28/12/2025;domingo;09:40:00;MG;381;741;TRES CORACOES;Velocidade Incompatível;Colisão lateral mesmo sentido;Com Vítimas Feridas;Pleno dia;Decrescente;Céu Claro;Dupla;Reta;Não;2;0;1;0;1;0;1;2;-21,61131763;-45,24094174;SPRF-MG;DEL16-MG;UOP02-DEL16-MG
742148;28/12/2025;domingo;12:30:00;MG;40;510,4;RIBEIRAO DAS NEVES;Reação tardia ou ineficiente do condutor;Colisão com objeto;Com Vítimas Feridas;Pleno dia;Crescente;Céu Claro;Dupla;Reta;Não;1;0;0;1;0;0;1;1;-19,77927446;-44,11961228;SPRF-MG;DEL01-MG;UOP02-DEL01-MG
742149;28/12/2025;domingo;13:00:00;PR;277;38;MORRETES;Velocidade Incompatível;Tombamento;Com Vítimas Feridas;Pleno dia;Crescente;Sol;Dupla;"Aclive;Curva";Não;2;0;2;0;0;0;2;1;-25,57458971;-48,84843199;SPRF-PR;DEL01-PR;UOP05-DEL01-PR
742150;28/12/2025;domingo;13:20:00;BA;324;512;FEIRA DE SANTANA;Desrespeitar a preferência no cruzamento;Colisão transversal;Com Vítimas Feridas;Pleno dia;Decrescente;Sol;Dupla;Rotatória;Sim;3;0;0;1;1;1;1;2;-12,2301;-38,96357;SPRF-BA;DEL02-BA;UOP01-DEL02-BA
742151;28/12/2025;domingo;13:00:00;PB;230;7,6;CABEDELO;Acesso irregular;Colisão lateral mesmo sentido;Com Vítimas Feridas;Pleno dia;Crescente;Sol;Dupla;"Interseção de Vias;Reta";Sim;2;0;0;1;1;0;1;2;-7,03356;-34,841805;SPRF-PB;DEL01-PB;UOP01-DEL01-PB
742152;28/12/2025;domingo;12:30:00;PR;369;148,4;LONDRINA;Reação tardia ou ineficiente do condutor;Colisão traseira;Com Vítimas Feridas;Pleno dia;Decrescente;Nublado;Dupla;"Interseção de Vias;Curva";Sim;3;0;1;0;2;0;1;2;-23,293013;-51,145448;SPRF-PR;DEL07-PR;UOP01-DEL07-PR
742154;28/12/2025;domingo;12:55:00;PR;469;13,5;FOZ DO IGUACU;Ingestão de álcool pelo condutor;Queda de ocupante de veículo;Com Vítimas Feridas;Pleno dia;Decrescente;Sol;Dupla;"Declive;Curva;Em Obras";Sim;2;0;2;0;0;0;2;1;-25,5131648;-54,5619968;SPRF-PR;DEL05-PR;UOP04-DEL05-PR
742155;28/12/2025;domingo;11:20:00;BA;242;594;IBOTIRAMA;Transitar na contramão;Colisão frontal;Com Vítimas Feridas;Pleno dia;Crescente;Céu Claro;Simples;Curva;Não;5;0;3;0;2;0;3;2;-12,10243813;-43,16940308;SPRF-BA;DEL06-BA;UOP03-DEL06-BA
742156;28/12/2025;domingo;11:30:00;RJ;101;518;ANGRA DOS REIS;Conversão proibida;Colisão lateral mesmo sentido;Com Vítimas Feridas;Pleno dia;Crescente;Céu Claro;Simples;"Curva;Aclive";Não;3;0;1;1;1;0;2;2;-23,00956008;-44,4520247;SPRF-RJ;DEL03-RJ;UOP03-DEL03-RJ
742157;28/12/2025;domingo;13:53:00;PI;343;7;PARNAIBA;Ausência de reação do condutor;Colisão traseira;Com Vítimas Feridas;Pleno dia;Crescente;Sol;Simples;Reta;Sim;3;0;2;1;0;0;3;2;-2,89873731;-41,71927142;SPRF-PI;DEL05-PI;UOP01-DEL05-PI
742159;28/12/2025;domingo;13:20:00;BA;407;1;JUAZEIRO;Ingestão de álcool pelo condutor;Colisão com objeto;Com Vítimas Feridas;Pleno dia;Crescente;Céu Claro;Simples;"Em Obras;Declive";Sim;2;0;1;0;1;0;1;1;-9,42343879;-40,50646305;SPRF-PE;DEL06-PE;UOP01-DEL06-PE
742161;28/12/2025;domingo;13:10:00;RJ;101;302;SAO GONCALO;Reação tardia ou ineficiente do condutor;Colisão traseira;Sem Vítimas;Pleno dia;Decrescente;Céu Claro;Dupla;"Reta;Viaduto";Sim;2;0;0;0;2;0;0;2;-22,78209509;-42,97301643;SPRF-RJ;DEL02-RJ;UOP02-DEL02-RJ
742162;28/12/2025;domingo;13:30:00;PR;277;486,8;NOVA LARANJEIRAS;Velocidade Incompatível;Saída de leito carroçável;Com Vítimas Feridas;Pleno dia;Crescente;Céu Claro;Simples;Curva;Não;1;0;0;1;0;0;1;1;-25,25818886;-52,62652338;SPRF-PR;DEL04-PR;UOP02-DEL04-PR
742163;28/12/2025;domingo;04:59:00;PA;230;1107;ITAITUBA;Transitar na contramão;Colisão frontal;Com Vítimas Fatais;Amanhecer;Crescente;Ignorado;Simples;Reta;Não;5;1;1;0;3;0;1;2;-4,383757;-55,871672;SPRF-PA;DEL05-PA;UOP02-DEL05-PA
742164;28/12/2025;domingo;11:43:00;AC;364;156;BUJARI;Reação tardia ou ineficiente do condutor;Colisão com objeto;Sem Vítimas;Pleno dia;Decrescente;Céu Claro;Dupla;"Retorno Regulamentado;Reta";Sim;6;0;0;0;5;1;0;2;-9,830895;-67,95325;SPRF-AC;DEL01-AC;UOP01-DEL01-AC
742165;28/12/2025;domingo;13:30:00;ES;262;163,4;IBATIBA;Demais falhas mecânicas ou elétricas;Colisão lateral sentido oposto;Sem Vítimas;Pleno dia;Crescente;Céu Claro;Simples;"Declive;Curva";Não;3;0;0;0;3;0;0;3;-20,239873;-41,545967;SPRF-ES;DEL01-ES;UOP02-DEL01-ES
742166;28/12/2025;domingo;10:10:00;RO;364;207,6;PIMENTA BUENO;Mal súbito do condutor;Saída de leito carroçável;Com Vítimas Feridas;Pleno dia;Decrescente;Céu Claro;Simples;Reta;Não;1;0;1;0;0;0;1;1;-11,599632;-61,234785;SPRF-RO;DEL02-RO;UOP02-DEL02-RO
742168;28/12/2025;domingo;12:25:00;MG;267;25,5;ARGIRITA;Pista esburacada;Tombamento;Com Vítimas Feridas;Pleno dia;Crescente;Céu Claro;Simples;Curva;Não;4;0;2;0;2;0;2;1;-21,61776128;-42,81115651;SPRF-MG;DEL07-MG;UOP01-DEL07-MG
742170;28/12/2025;domingo;14:20:00;PA;316;45;SANTA IZABEL DO PARA;Avarias e/ou desgaste excessivo no pneu;Tombamento;Com Vítimas Feridas;Pleno dia;Decrescente;Nevoeiro/Neblina;Dupla;Reta;Não;2;0;2;0;0;0;2;1;-1,27717188;-48,0789084;SPRF-PA;DEL01-PA;UOP01-DEL01-PA
742171;28/12/2025;domingo;12:00:00;SC;101;254;PAULO LOPES;Avarias e/ou desgaste excessivo no pneu;Tombamento;Com Vítimas Feridas;Pleno dia;Crescente;Céu Claro;Múltipla;Reta;Sim;1;0;0;1;0;0;1;1;-27,97389279;-48,67966561;SPRF-SC;DEL02-SC;UOP03-DEL02-SC
742172;28/12/2025;domingo;14:00:00;RJ;116;169;RIO DE JANEIRO;Ingestão de álcool pelo condutor;Capotamento;Sem Vítimas;Pleno dia;Crescente;Céu Claro;Múltipla;Reta;Sim;1;0;0;0;1;0;0;1;-22,81653044;-43,32362652;SPRF-RJ;DEL06-RJ;UOP01-DEL06-RJ
742174;28/12/2025;domingo;14:15:00;MG;50;144,9;UBERABA;Acumulo de água sobre o pavimento;Saída de leito carroçável;Com Vítimas Feridas;Pleno dia;Crescente;Chuva;Dupla;"Retorno Regulamentado;Reta;Aclive";Não;2;0;1;0;1;0;1;1;-19,518829;-48,04051;SPRF-MG;DEL13-MG;UOP01-DEL13-MG
742175;28/12/2025;domingo;13:20:00;SC;282;138;BOM RETIRO;Acessar a via sem observar a presença dos outros veículos;Colisão lateral mesmo sentido;Com Vítimas Feridas;Pleno dia;Decrescente;Céu Claro;Simples;Reta;Não;7;0;2;0;5;0;2;2;-27,82032795;-49,56248045;SPRF-SC;DEL05-SC;UOP01-DEL05-SC
742176;28/12/2025;domingo;10:10:00;RS;470;273;SAO JOSE DO SUL;Reação tardia ou ineficiente do condutor;Colisão com objeto;Com Vítimas Fatais;Pleno dia;Decrescente;Céu Claro;Simples;Curva;Não;1;1;0;0;0;0;0;1;-29,545538;-51,48553;SPRF-RS;DEL06-RS;UOP01-DEL06-RS
742177;28/12/2025;domingo;15:30:00;SC;282;337,5;CAMPOS NOVOS;Conversão proibida;Colisão transversal;Com Vítimas Feridas;Pleno dia;Crescente;Céu Claro;Simples;Curva;Não;8;0;4;0;4;0;4;2;-27,39417771;-51,18855453;SPRF-SC;DEL07-SC;UOP06-DEL07-SC
742180;28/12/2025;domingo;16:00:00;MG;251;513;MONTES CLAROS;Condutor deixou de manter distância do veículo da frente;Colisão traseira;Com Vítimas Feridas;Pleno dia;Crescente;Céu Claro;Simples;"Ponte;Reta";Não;2;0;1;0;1;0;1;2;-16,6537137;-43,7178925;SPRF-MG;DEL12-MG;UOP01-DEL12-MG
742181;28/12/2025;domingo;13:00:00;RJ;101;283;ITABORAI;Demais falhas mecânicas ou elétricas;Incêndio;Sem Vítimas;Pleno dia;Decrescente;Sol;Dupla;"Curva;Aclive";Sim;1;0;0;0;1;0;0;1;-22,73660679;-42,80582428;SPRF-RJ;DEL02-RJ;UOP02-DEL02-RJ
742182;28/12/2025;domingo;15:10:00;MS;163;179;JUTI;Ausência de reação do condutor;Saída de leito carroçável;Sem Vítimas;Pleno dia;Decrescente;Céu Claro;Simples;"Declive;Reta";Não;2;0;0;0;1;1;0;2;-22,840517;-54,671346;SPRF-MS;DEL09-MS;UOP01-DEL09-MS
742183;28/12/2025;domingo;15:30:00;RJ;393;297;BARRA MANSA;Acessar a via sem observar a presença dos outros veículos;Colisão transversal;Com Vítimas Feridas;Pleno dia;Crescente;Céu Claro;Simples;Interseção de Vias;Sim;2;0;1;0;1;0;1;2;-22,5599023;-44,118925;SPRF-RJ;DEL07-RJ;UOP02-DEL07-RJ
742187;28/12/2025;domingo;15:00:00;PR;163;292;MARECHAL CANDIDO RONDON;Acessar a via sem observar a presença dos outros veículos;Colisão transversal;Com Vítimas Feridas;Pleno dia;Crescente;Céu Claro;Simples;"Reta;Interseção de Vias";Não;8;0;3;0;5;0;3;2;-24,51597249;-54,11445586;SPRF-PR;DEL06-PR;UOP02-DEL06-PR
742188;28/12/2025;domingo;16:00:00;ES;101;392;RIO NOVO DO SUL;Ausência de reação do condutor;Saída de leito carroçável;Com Vítimas Feridas;Pleno dia;Crescente;Céu Claro;Simples;Curva;Não;1;0;1;0;0;0;1;1;-20,865053;-40,902391;SPRF-ES;DEL03-ES;UOP02-DEL03-ES
742189;28/12/2025;domingo;12:35:00;SC;116;236,3;CORREIA PINTO;Avarias e/ou desgaste excessivo no pneu;Saída de leito carroçável;Com Vítimas Feridas;Pleno dia;Crescente;Céu Claro;Simples;Reta;Não;2;0;2;0;0;0;2;1;-27,72653867;-50,33639431;SPRF-SC;DEL05-SC;UOP01-DEL05-SC
742190;28/12/2025;domingo;16:45:00;SP;381;76;SAO PAULO;Pista Escorregadia;Tombamento;Com Vítimas Feridas;Pleno dia;Crescente;Garoa/Chuvisco;Dupla;Curva;Não;2;0;1;0;1;0;1;1;-23,389808;-46,569808;SPRF-SP;DEL03-SP;UOP01-DEL03-SP
742191;28/12/2025;domingo;15:15:00;MT;364;208;RONDONOPOLIS;Ausência de reação do condutor;Colisão traseira;Sem Vítimas;Pleno dia;Decrescente;Nublado;Dupla;Reta;Sim;4;0;0;0;4;0;0;2;-16,43585295;-54,68344009;SPRF-MT;DEL02-MT;UOP01-DEL02-MT