id;data_inversa;dia_semana;horario;uf;br;km;municipio;causa_acidente;tipo_acidente;classificacao_acidente;fase_dia;sentido_via;condicao_metereologica;tipo_pista;tracado_via;uso_solo;pessoas;mortos;feridos_leves;feridos_graves;ilesos;ignorados;feridos;veiculos;latitude;longitude;regional;delegacia;uop
742404;29/12/2025;segunda-feira;16:20:00;PB;230;64;SAO MIGUEL DE TAIPU;Acessar a via sem observar a presença dos outros veículos;Queda de ocupante de veículo;Com Vítimas Feridas;Pleno dia;Crescente;Céu Claro;Dupla;Reta;Não;2;0;1;0;0;1;1;2;-7,194127;-35,17573;SPRF-PB;DEL01-PB;UOP02-DEL01-PB
742405;29/12/2025;segunda-feira;16:30:00;ES;101;147,5;LINHARES;Acessar a via sem observar a presença dos outros veículos;Colisão traseira;Com Vítimas Feridas;Pleno dia;Crescente;Céu Claro;Dupla;Reta;Sim;2;0;1;0;1;0;1;2;-19,38399161;-40,06749916;SPRF-ES;DEL04-ES;UOP01-DEL04-ES
742406;29/12/2025;segunda-feira;16:55:00;RS;290;110;ELDORADO DO SUL;Ausência de reação do condutor;Saída de leito carroçável;Com Vítimas Feridas;Pleno dia;Decrescente;Nublado;Dupla;Reta;Não;1;0;1;0;0;0;1;1;-30,035492;-51,3098337;SPRF-RS;DEL02-RS;UOP01-DEL02-RS
742407;29/12/2025;segunda-feira;16:20:00;SP;116;106;TAUBATE;Reação tardia ou ineficiente do condutor;Colisão lateral mesmo sentido;Com Vítimas Feridas;Pleno dia;Crescente;Céu Claro;Dupla;Reta;Sim;2;0;1;0;1;0;1;2;-23,00966788;-45,51765025;SPRF-SP;DEL02-SP;UOP02-DEL02-SP
742408;29/12/2025;segunda-feira;13:30:00;PR;376;513;PONTA GROSSA;Condutor Dormindo;Saída de leito carroçável;Com Vítimas Feridas;Pleno dia;Crescente;Céu Claro;Dupla;Reta;Não;8;0;1;0;7;0;1;3;-25,25940295;-49,98203024;SPRF-PR;DEL03-PR;UOP04-DEL03-PR
742409;29/12/2025;segunda-feira;16:00:00;RJ;116;181;NOVA IGUACU;Manobra de mudança de faixa;Colisão lateral mesmo sentido;Com Vítimas Feridas;Pleno dia;Decrescente;Céu Claro;Dupla;Reta;Não;3;0;2;0;0;1;2;2;-22,76211215;-43,42251174;SPRF-RJ;DEL06-RJ;UOP01-DEL06-RJ
742410;29/12/2025;segunda-feira;13:10:00;GO;60;297;ACREUNA;Reação tardia ou ineficiente do condutor;Saída de leito carroçável;Com Vítimas Feridas;Pleno dia;Decrescente;Sol;Dupla;Reta;Não;2;0;1;0;1;0;1;1;-17,359837;-50,332625;SPRF-GO;DEL04-GO;UOP02-DEL04-GO
742411;29/12/2025;segunda-feira;17:00:00;PR;277;722,2;FOZ DO IGUACU;Acessar a via sem observar a presença dos outros veículos;Colisão frontal;Com Vítimas Feridas;Pleno dia;Crescente;Garoa/Chuvisco;Dupla;"Retorno Regulamentado;Reta";Sim;4;0;3;0;0;1;3;3;-25,49154152;-54,51274395;SPRF-PR;DEL05-PR;UOP03-DEL05-PR
742412;29/12/2025;segunda-feira;16:00:00;PR;153;513,1;GENERAL CARNEIRO;Reação tardia ou ineficiente do condutor;Colisão lateral mesmo sentido;Com Vítimas Feridas;Pleno dia;Crescente;Nublado;Simples;Reta;Não;6;0;2;0;4;0;2;2;-26,59251826;-51,4548111;SPRF-PR;DEL02-PR;UOP03-DEL02-PR
742413;29/12/2025;segunda-feira;17:40:00;PE;423;93;GARANHUNS;Acessar a via sem observar a presença dos outros veículos;Colisão transversal;Com Vítimas Feridas;Anoitecer;Crescente;Céu Claro;Simples;"Reta;Declive";Sim;3;0;2;0;1;0;2;2;-8,871832;-36,466482;SPRF-PE;DEL03-PE;UOP01-DEL03-PE
742414;29/12/2025;segunda-feira;16:00:00;PR;376;370;ORTIGUEIRA;Reação tardia ou ineficiente do condutor;Colisão frontal;Com Vítimas Feridas;Pleno dia;Crescente;Garoa/Chuvisco;Simples;Reta;Não;5;0;0;1;4;0;1;2;-24,363384;-50,807198;SPRF-PR;DEL07-PR;UOP02-DEL07-PR
742415;29/12/2025;segunda-feira;16:30:00;MA;10;253;IMPERATRIZ;Condutor deixou de manter distância do veículo da frente;Colisão traseira;Com Vítimas Feridas;Pleno dia;Crescente;Céu Claro;Simples;Reta;Sim;3;0;1;0;2;0;1;2;-5,518513;-47,471577;SPRF-MA;DEL04-MA;UOP01-DEL04-MA
742416;29/12/2025;segunda-feira;16:00:00;RJ;101;415;MANGARATIBA;Acessar a via sem observar a presença dos outros veículos;Colisão transversal;Sem Vítimas;Pleno dia;Crescente;Céu Claro;Simples;Reta;Não;6;0;0;0;6;0;0;2;-22,9408768;-43,9975936;SPRF-RJ;DEL03-RJ;UOP01-DEL03-RJ
742417;29/12/2025;segunda-feira;17:15:00;RN;226;1,3;NATAL;Conversão proibida;Colisão lateral sentido oposto;Com Vítimas Feridas;Anoitecer;Decrescente;Céu Claro;Simples;Reta;Sim;2;0;0;1;1;0;1;2;-5,809142;-35,243923;SPRF-RN;DEL01-RN;UOP02-DEL01-RN
742421;29/12/2025;segunda-feira;18:10:00;SC;280;57,5;GUARAMIRIM;Chuva;Colisão com objeto;Com Vítimas Feridas;Anoitecer;Decrescente;Chuva;Dupla;Rotatória;Não;1;0;1;0;0;0;1;1;-26,474037;-49,020393;SPRF-SC;DEL03-SC;UOP03-DEL03-SC
742422;29/12/2025;segunda-feira;16:00:00;PR;116;20;CAMPINA GRANDE DO SUL;Reação tardia ou ineficiente do condutor;Saída de leito carroçável;Com Vítimas Feridas;Pleno dia;Crescente;Céu Claro;Dupla;Curva;Não;1;0;1;0;0;0;1;1;-25,1274692;-48,85745477;SPRF-PR;DEL01-PR;UOP02-DEL01-PR
742423;29/12/2025;segunda-feira;17:25:00;RS;285;116,4;VACARIA;Acumulo de água sobre o pavimento;Saída de leito carroçável;Com Vítimas Feridas;Pleno dia;Crescente;Chuva;Simples;Curva;Não;1;0;1;0;0;0;1;1;-28,51045227;-50,87902514;SPRF-RS;DEL05-RS;UOP03-DEL05-RS
742424;29/12/2025;segunda-feira;16:00:00;PR;116;29;CAMPINA GRANDE DO SUL;Chuva;Colisão com objeto;Com Vítimas Feridas;Pleno dia;Decrescente;Chuva;Dupla;"Declive;Curva";Não;4;0;4;0;0;0;4;1;-25,112188;-48,814941;SPRF-PR;DEL01-PR;UOP02-DEL01-PR
742425;29/12/2025;segunda-feira;18:50:00;ES;101;57;SAO MATEUS;Condutor deixou de manter distância do veículo da frente;Colisão traseira;Sem Vítimas;Anoitecer;Decrescente;Céu Claro;Simples;Reta;Não;6;0;0;0;6;0;0;2;-18,64902496;-39,8734173;SPRF-ES;DEL04-ES;UOP02-DEL04-ES
742426;29/12/2025;segunda-feira;16:50:00;RJ;40;15;TRES RIOS;Chuva;Tombamento;Com Vítimas Feridas;Pleno dia;Crescente;Chuva;Dupla;"Declive;Curva";Não;1;0;0;1;0;0;1;1;-22,07409181;-43,18298796;SPRF-RJ;DEL05-RJ;UOP02-DEL05-RJ
742428;29/12/2025;segunda-feira;16:00:00;PR;116;22;ANTONINA;Chuva;Saída de leito carroçável;Com Vítimas Feridas;Pleno dia;Crescente;Chuva;Dupla;"Declive;Curva";Não;2;0;2;0;0;0;2;1;-25,11112;-48,750844;SPRF-PR;DEL01-PR;UOP02-DEL01-PR
742429;29/12/2025;segunda-feira;18:30:00;CE;20;326,1;CARIDADE;Acessar a via sem observar a presença dos outros veículos;Colisão lateral mesmo sentido;Com Vítimas Feridas;Plena Noite;Decrescente;Céu Claro;Simples;"Interseção de Vias;Reta";Sim;2;0;1;0;1;0;1;2;-4,228893;-39,19808;SPRF-CE;DEL02-CE;UOP01-DEL02-CE
742432;29/12/2025;segunda-feira;17:30:00;MT;364;307;JACIARA;Chuva;Saída de leito carroçável;Com Vítimas Feridas;Pleno dia;Decrescente;Chuva;Dupla;Reta;Não;5;0;0;1;4;0;1;1;-15,817752;-55,224352;SPRF-MT;DEL05-MT;UOP02-DEL05-MT
742434;29/12/2025;segunda-feira;19:40:00;RN;101;104;PARNAMIRIM;Manobra de mudança de faixa;Queda de ocupante de veículo;Com Vítimas Feridas;Plena Noite;Crescente;Céu Claro;Múltipla;Aclive;Sim;1;0;1;0;0;0;1;1;-5,89170082;-35,25602818;SPRF-RN;DEL01-RN;UOP01-DEL01-RN
742436;29/12/2025;segunda-feira;19:20:00;SE;101;148,8;ESTANCIA;Acessar a via sem observar a presença dos outros veículos;Colisão transversal;Com Vítimas Feridas;Plena Noite;Decrescente;Céu Claro;Simples;"Reta;Declive";Sim;2;0;2;0;0;0;2;2;-11,24458688;-37,43328519;SPRF-SE;DEL02-SE;UOP01-DEL02-SE
742438;29/12/2025;segunda-feira;19:00:00;MA;222;337;IGARAPE DO MEIO;Animais na Pista;Atropelamento de Animal;Com Vítimas Feridas;Plena Noite;Crescente;Garoa/Chuvisco;Simples;Reta;Não;2;0;1;0;1;0;1;1;-3,648432;-45,200177;SPRF-MA;DEL02-MA;UOP01-DEL02-MA
742439;29/12/2025;segunda-feira;19:30:00;DF;20;12,6;BRASILIA;Demais falhas mecânicas ou elétricas;Queda de ocupante de veículo;Com Vítimas Feridas;Plena Noite;Crescente;Céu Claro;Dupla;"Retorno Regulamentado;Reta";Sim;2;0;2;0;0;0;2;1;-15,64082428;-47,75364286;SPRF-DF;DEL02-DF;UOP01-DEL02-DF
742441;29/12/2025;segunda-feira;17:30:00;DF;70;2;BRASILIA;Manobra de mudança de faixa;Colisão lateral mesmo sentido;Com Vítimas Feridas;Anoitecer;Decrescente;Céu Claro;Dupla;Reta;Sim;3;0;1;0;2;0;1;2;-15,798644;-48,073944;SPRF-DF;DEL03-DF;UOP02-DEL03-DF
742442;29/12/2025;segunda-feira;19:00:00;MS;163;486;CAMPO GRANDE;Pedestre - Ingestão de álcool/ substâncias psicoativas;Atropelamento de Pedestre;Com Vítimas Feridas;Plena Noite;Crescente;Céu Claro;Simples;"Reta;Declive";Sim;2;0;1;1;0;0;2;2;-20,43286235;-54,54376571;SPRF-MS;DEL01-MS;UOP02-DEL01-MS
742444;29/12/2025;segunda-feira;19:10:00;PR;158;519;PATO BRANCO;Chuva;Saída de leito carroçável;Com Vítimas Feridas;Plena Noite;Decrescente;Chuva;Simples;Reta;Não;2;0;1;0;1;0;1;1;-26,10096;-52,64349444;SPRF-PR;DEL02-PR;UOP01-DEL02-PR
742446;29/12/2025;segunda-feira;20:15:00;ES;101;298;VIANA;Ausência de reação do condutor;Colisão traseira;Com Vítimas Feridas;Plena Noite;Decrescente;Céu Claro;Simples;Reta;Sim;3;0;1;0;2;0;1;2;-20,352752;-40,41464;SPRF-ES;DEL01-ES;UOP01-DEL01-ES
742447;29/12/2025;segunda-feira;20:00:00;MG;381;743,5;TRES CORACOES;Ausência de reação do condutor;Saída de leito carroçável;Com Vítimas Feridas;Plena Noite;Decrescente;Céu Claro;Dupla;Reta;Não;2;0;1;0;1;0;1;1;-21,6038;-45,23973;SPRF-MG;DEL16-MG;UOP02-DEL16-MG
742448;29/12/2025;segunda-feira;17:15:00;MG;267;64,5;BICAS;Reação tardia ou ineficiente do condutor;Saída de leito carroçável;Com Vítimas Feridas;Pleno dia;Decrescente;Chuva;Simples;Curva;Não;7;0;7;0;0;0;7;1;-21,741503;-43,106136;SPRF-MG;DEL05-MG;UOP01-DEL05-MG
742451;29/12/2025;segunda-feira;19:10:00;RJ;101;327;RIO DE JANEIRO;Ausência de reação do condutor;Colisão lateral mesmo sentido;Com Vítimas Feridas;Plena Noite;Decrescente;Céu Claro;Dupla;Reta;Sim;2;0;0;1;1;0;1;2;-22,87038935;-43,16577917;SPRF-RJ;DEL02-RJ;UOP01-DEL02-RJ
742452;29/12/2025;segunda-feira;20:00:00;CE;116;25,5;AQUIRAZ;Pedestre - Ingestão de álcool/ substâncias psicoativas;Atropelamento de Pedestre;Com Vítimas Feridas;Plena Noite;Decrescente;Céu Claro;Dupla;Reta;Sim;4;0;1;0;3;0;1;2;-3,97424652;-38,51431489;SPRF-CE;DEL01-CE;UOP02-DEL01-CE
742456;29/12/2025;segunda-feira;20:30:00;GO;70;5,7;AGUAS LINDAS DE GOIAS;Ausência de reação do condutor;Colisão traseira;Sem Vítimas;Plena Noite;Decrescente;Céu Claro;Dupla;Reta;Sim;2;0;0;0;0;2;0;2;-15,752115;-48,260014;SPRF-DF;DEL03-DF;UOP02-DEL03-DF
742457;29/12/2025;segunda-feira;21:10:00;RS;116;267;CANOAS;Ausência de reação do condutor;Queda de ocupante de veículo;Com Vítimas Feridas;Plena Noite;Crescente;Céu Claro;Múltipla;Reta;Não;1;0;1;0;0;0;1;1;-29,93900472;-51,17722241;SPRF-RS;DEL01-RS;UOP01-DEL01-RS
742458;29/12/2025;segunda-feira;18:30:00;PR;277;32,8;MORRETES;Reação tardia ou ineficiente do condutor;Colisão com objeto;Sem Vítimas;Anoitecer;Decrescente;Céu Claro;Dupla;"Declive;Reta";Não;1;0;0;0;0;1;0;1;-25,567758;-48,811273;SPRF-PR;DEL01-PR;UOP05-DEL01-PR
742460;29/12/2025;segunda-feira;21:30:00;SP;116;195;ARUJA;Transitar na contramão;Atropelamento de Pedestre;Com Vítimas Feridas;Plena Noite;Crescente;Céu Claro;Dupla;Reta;Não;2;0;2;0;0;0;2;2;-23,388582;-46,275562;SPRF-SP;DEL01-SP;UOP01-DEL01-SP
742461;29/12/2025;segunda-feira;19:50:00;AL;423;67;AGUA BRANCA;Animais na Pista;Atropelamento de Animal;Com Vítimas Feridas;Plena Noite;Crescente;Céu Claro;Simples;Reta;Não;4;0;1;3;0;0;4;1;-9,30259;-37,879052;SPRF-AL;DEL03-AL;UOP02-DEL03-AL
742462;29/12/2025;segunda-feira;21:30:00;MG;40;450,6;CAETANOPOLIS;Entrada inopinada do pedestre;Atropelamento de Pedestre;Com Vítimas Feridas;Plena Noite;Decrescente;Nublado;Dupla;Curva;Não;2;0;0;1;1;0;1;2;-19,32031463;-44,36564818;SPRF-MG;DEL02-MG;UOP01-DEL02-MG
742463;29/12/2025;segunda-feira;19:30:00;SC;282;183;BOCAINA DO SUL;Chuva;Colisão traseira;Com Vítimas Feridas;Plena Noite;Decrescente;Chuva;Simples;"Reta;Declive";Não;3;0;1;0;2;0;1;2;-27,733428;-49,970278;SPRF-SC;DEL05-SC;UOP01-DEL05-SC
742464;29/12/2025;segunda-feira;18:10:00;RJ;116;275;BARRA MANSA;Pedestre andava na pista;Atropelamento de Pedestre;Com Vítimas Feridas;Plena Noite;Decrescente;Nublado;Dupla;Reta;Sim;2;0;1;0;0;1;1;2;-22,56273842;-44,15835265;SPRF-RJ;DEL07-RJ;UOP02-DEL07-RJ
742465;29/12/2025;segunda-feira;22:13:00;TO;153;138;ARAGUAINA;Ingestão de álcool pelo condutor;Queda de ocupante de veículo;Com Vítimas Feridas;Plena Noite;Decrescente;Céu Claro;Dupla;Reta;Sim;1;0;1;0;0;0;1;1;-7,15571;-48,204268;SPRF-TO;DEL02-TO;UOP01-DEL02-TO
742466;29/12/2025;segunda-feira;19:00:00;RO;364;224;CACOAL;Desrespeitar a preferência no cruzamento;Colisão transversal;Com Vítimas Feridas;Plena Noite;Crescente;Nublado;Simples;Interseção de Vias;Sim;2;0;1;0;0;1;1;2;-11,509918;-61,360753;SPRF-RO;DEL02-RO;UOP02-DEL02-RO
742467;29/12/2025;segunda-feira;23:20:00;SC;101;197,2;BIGUACU;Reação tardia ou ineficiente do condutor;Colisão frontal;Com Vítimas Feridas;Plena Noite;Crescente;Chuva;Múltipla;"Reta;Declive";Sim;3;0;0;2;1;0;2;2;-27,5209235;-48,63787355;SPRF-SC;DEL01-SC;UOP01-DEL01-SC
742468;25/11/2025;terça-feira;18:56:00;PA;163;310;NOVO PROGRESSO;Manobra de mudança de faixa;Colisão traseira;Com Vítimas Feridas;Plena Noite;Crescente;Céu Claro;Simples;Reta;Sim;2;0;1;0;0;1;1;2;-7,045306;-55,412611;SPRF-PA;DEL05-PA;UOP03-DEL05-PA
742470;29/12/2025;segunda-feira;23:00:00;SC;101;106,4;PENHA;Ausência de reação do condutor;Tombamento;Com Vítimas Feridas;Plena Noite;Crescente;Chuva;Dupla;Reta;Não;2;0;2;0;0;0;2;1;-26,81023944;-48,68285466;SPRF-SC;DEL03-SC;UOP02-DEL03-SC
742473;30/12/2025;terça-feira;00:07:00;GO;153;436,7;ANAPOLIS;Ingestão de álcool pelo condutor;Colisão com objeto;Com Vítimas Feridas;Plena Noite;Decrescente;Céu Claro;Dupla;Desvio Temporário;Não;1;0;0;1;0;0;1;1;-16,298707;-48,928337;SPRF-GO;DEL02-GO;UOP01-DEL02-GO
742475;30/12/2025;terça-feira;00:05:00;BA;116;342;TEOFILANDIA;Acessar a via sem observar a presença dos outros veículos;Colisão transversal;Com Vítimas Fatais;Plena Noite;Decrescente;Céu Claro;Simples;Reta;Não;2;1;0;0;1;0;0;2;-11,520137;-38,993788;SPRF-BA;DEL02-BA;UOP01-DEL02-BA
742479;30/12/2025;terça-feira;01:00:00;SC;101;112;ITAJAI;Reação tardia ou ineficiente do condutor;Tombamento;Com Vítimas Feridas;Plena Noite;Crescente;Chuva;Múltipla;Reta;Não;2;0;1;1;0;0;2;1;-26,84628983;-48,72156568;SPRF-SC;DEL04-SC;UOP04-DEL04-SC
742480;30/12/2025;terça-feira;00:50:00;PR;376;321;ORTIGUEIRA;Ausência de reação do condutor;Colisão frontal;Sem Vítimas;Plena Noite;Decrescente;Nublado;Simples;Reta;Não;4;0;0;0;3;1;0;2;-24,05621;-51,06298;SPRF-PR;DEL07-PR;UOP02-DEL07-PR
742481;30/12/2025;terça-feira;01:20:00;MG;365;623,9;UBERLANDIA;Ausência de reação do condutor;Tombamento;Com Vítimas Feridas;Plena Noite;Decrescente;Céu Claro;Dupla;Reta;Sim;1;0;0;1;0;0;1;1;-18,905296;-48,292123;SPRF-MG;DEL15-MG;UOP01-DEL15-MG
742483;30/12/2025;terça-feira;02:10:00;MG;381;925,5;ITAPEVA;Ingestão de álcool pelo condutor;Saída de leito carroçável;Sem Vítimas;Plena Noite;Crescente;Chuva;Dupla;"Aclive;Curva";Não;1;0;0;0;1;0;0;1;-22,77034;-46,20437;SPRF-MG;DEL16-MG;UOP03-DEL16-MG
742484;30/12/2025;terça-feira;02:40:00;MG;381;824;CAREACU;Condutor Dormindo;Capotamento;Com Vítimas Feridas;Plena Noite;Decrescente;Nublado;Dupla;Reta;Não;5;0;1;0;4;0;1;1;-21,99486398;-45,67325592;SPRF-MG;DEL16-MG;UOP02-DEL16-MG
742485;30/12/2025;terça-feira;02:35:00;SP;381;61;MAIRIPORA;Ausência de reação do condutor;Colisão com objeto;Com Vítimas Feridas;Plena Noite;Crescente;Chuva;Dupla;"Declive;Curva";Sim;1;0;0;1;0;0;1;1;-23,290972;-46,579986;SPRF-SP;DEL03-SP;UOP01-DEL03-SP
742487;30/12/2025;terça-feira;02:40:00;RO;421;17;MONTE NEGRO;Ingestão de álcool pelo condutor;Colisão transversal;Sem Vítimas;Plena Noite;Decrescente;Céu Claro;Simples;Reta;Não;4;0;0;0;4;0;0;2;-10,0143209;-63,1644287;SPRF-RO;DEL03-RO;UOP01-DEL03-RO
742488;30/12/2025;terça-feira;01:10:00;SP;116;7;QUELUZ;Condutor Dormindo;Queda de ocupante de veículo;Com Vítimas Feridas;Plena Noite;Decrescente;Nublado;Dupla;Reta;Não;1;0;0;1;0;0;1;1;-22,53661566;-44,76363972;SPRF-SP;DEL08-SP;UOP02-DEL08-SP
742490;30/12/2025;terça-feira;05:40:00;PB;230;41,8;SANTA RITA;Animais na Pista;Atropelamento de Animal;Com Vítimas Feridas;Amanhecer;Decrescente;Sol;Dupla;Curva;Não;1;0;0;1;0;0;1;1;-7,14210999;-34,99324369;SPRF-PB;DEL01-PB;UOP02-DEL01-PB
742491;29/12/2025;segunda-feira;16:13:00;BA;116;574;BREJOES;Condutor deixou de manter distância do veículo da frente;Colisão traseira;Com Vítimas Feridas;Pleno dia;Decrescente;Céu Claro;Simples;Reta;Sim;2;0;1;0;1;0;1;2;-12,93771456;-39,9061203;SPRF-BA;DEL03-BA;UOP02-DEL03-BA
742493;30/12/2025;terça-feira;05:30:00;MG;381;832,8;ITAPEVA;Reação tardia ou ineficiente do condutor;Saída de leito carroçável;Com Vítimas Feridas;Amanhecer;Decrescente;Chuva;Dupla;Curva;Não;3;0;2;0;1;0;2;1;-22,7672064;-46,219264;SPRF-MG;DEL16-MG;UOP01-DEL16-MG
742494;30/12/2025;terça-feira;05:40:00;SC;470;155,2;TROMBUDO CENTRAL;Reação tardia ou ineficiente do condutor;Colisão frontal;Com Vítimas Fatais;Amanhecer;Decrescente;Garoa/Chuvisco;Simples;Curva;Não;9;1;3;3;1;1;6;4;-27,2792;-49,7558;SPRF-SC;DEL04-SC;UOP02-DEL04-SC
742496;30/12/2025;terça-feira;05:40:00;SP;116;161;JACAREI;Ausência de reação do condutor;Colisão com objeto;Com Vítimas Feridas;Amanhecer;Crescente;Garoa/Chuvisco;Dupla;Reta;Sim;2;0;1;0;1;0;1;2;-23,273665;-45,971631;SPRF-SP;DEL02-SP;UOP01-DEL02-SP
742497;29/12/2025;segunda-feira;18:50:00;SP;488;2,4;APARECIDA;Acessar a via sem observar a presença dos outros veículos;Colisão transversal;Com Vítimas Feridas;Plena Noite;Crescente;Céu Claro;Dupla;Reta;Sim;3;0;2;0;1;0;2;2;-22,85803886;-45,23319008;SPRF-SP;DEL08-SP;UOP01-DEL08-SP
742498;30/12/2025;terça-feira;05:20:00;MG;381;559;ITAGUARA;Chuva;Saída de leito carroçável;Com Vítimas Feridas;Amanhecer;Crescente;Chuva;Dupla;"Declive;Curva";Não;2;0;0;1;1;0;1;1;-20,33137995;-44,45229721;SPRF-MG;DEL04-MG;UOP03-DEL04-MG
742502;30/12/2025;terça-feira;06:00:00;SP;116;137;SAO JOSE DOS CAMPOS;Reação tardia ou ineficiente do condutor;Colisão traseira;Com Vítimas Feridas;Pleno dia;Decrescente;Céu Claro;Dupla;Reta;Não;2;0;1;0;1;0;1;2;-23,15677542;-45,79307556;SPRF-SP;DEL02-SP;UOP01-DEL02-SP
742503;30/12/2025;terça-feira;06:10:00;ES;101;297,5;VIANA;Manobra de mudança de faixa;Colisão traseira;Com Vítimas Feridas;Pleno dia;Crescente;Céu Claro;Dupla;Reta;Não;2;0;1;0;1;0;1;2;-20,35135114;-40,4134318;SPRF-ES;DEL01-ES;UOP01-DEL01-ES
742504;30/12/2025;terça-feira;06:20:00;RS;386;432;NOVA SANTA RITA;Ausência de reação do condutor;Tombamento;Com Vítimas Feridas;Pleno dia;Crescente;Sol;Simples;Reta;Não;2;0;2;0;0;0;2;1;-29,83940528;-51,30061325;SPRF-RS;DEL04-RS;UOP02-DEL04-RS
742505;30/12/2025;terça-feira;05:00:00;SP;153;215,6;GUAIMBE;Reação tardia ou ineficiente do condutor;Eventos atípicos;Sem Vítimas;Amanhecer;Decrescente;Ignorado;Simples;Reta;Não;1;0;0;0;0;1;0;1;-21,9550796;-49,9226659;SPRF-SP;DEL07-SP;UOP02-DEL07-SP
742506;30/12/2025;terça-feira;07:00:00;RJ;40;108;DUQUE DE CAXIAS;Pista Escorregadia;Queda de ocupante de veículo;Com Vítimas Feridas;Pleno dia;Decrescente;Céu Claro;Dupla;Curva;Sim;1;0;1;0;0;0;1;1;-22,6719828;-43,2845762;SPRF-RJ;DEL01-RJ;UOP02-DEL01-RJ
742507;30/12/2025;terça-feira;08:00:00;PR;116;106;SAO JOSE DOS PINHAIS;Demais falhas mecânicas ou elétricas;Tombamento;Com Vítimas Feridas;Pleno dia;Decrescente;Céu Claro;Dupla;Reta;Não;2;0;1;0;1;0;1;1;-25,569851;-49,221354;SPRF-PR;DEL01-PR;UOP03-DEL01-PR
742508;30/12/2025;terça-feira;07:15:00;RN;226;15,9;MACAIBA;Condutor deixou de manter distância do veículo da frente;Colisão lateral mesmo sentido;Com Vítimas Feridas;Pleno dia;Decrescente;Sol;Simples;Reta;Sim;3;0;2;0;1;0;2;2;-5,862647;-35,342733;SPRF-RN;DEL01-RN;UOP02-DEL01-RN
742509;30/12/2025;terça-feira;06:35:00;GO;60;293;ACREUNA;Avarias e/ou desgaste excessivo no pneu;Tombamento;Com Vítimas Feridas;Amanhecer;Decrescente;Céu Claro;Dupla;Reta;Não;2;0;1;0;1;0;1;1;-17,333082;-50,303087;SPRF-GO;DEL04-GO;UOP02-DEL04-GO
742511;27/12/2025;sábado;02:35:00;SC;101;236;PALHOCA;Ausência de reação do condutor;Tombamento;Sem Vítimas;Plena Noite;Crescente;Chuva;Simples;Curva;Não;1;0;0;0;0;1;0;1;-27,82678959;-48,63113165;SPRF-SC;DEL01-SC;UOP02-DEL01-SC
742513;30/12/2025;terça-feira;08:30:00;SC;101;208,9;SAO JOSE;Acessar a via sem observar a presença dos outros veículos;Colisão lateral mesmo sentido;Com Vítimas Feridas;Pleno dia;Crescente;Garoa/Chuvisco;Simples;"Interseção de Vias;Reta";Não;2;0;1;0;1;0;1;2;-27,60483417;-48,63335252;SPRF-SC;DEL01-SC;UOP01-DEL01-SC
742514;30/12/2025;terça-feira;08:30:00;SC;101;206;SAO JOSE;Reação tardia ou ineficiente do condutor;Colisão traseira;Com Vítimas Feridas;Pleno dia;Crescente;Garoa/Chuvisco;Dupla;Reta;Não;2;0;1;0;1;0;1;2;-27,59921;-48,621861;SPRF-SC;DEL01-SC;UOP01-DEL01-SC
742516;30/12/2025;terça-feira;08:54:00;MT;70;134,6;BARRA DO GARCAS;Ultrapassagem Indevida;Colisão frontal;Com Vítimas Feridas;Pleno dia;Crescente;Céu Claro;Simples;Aclive;Não;7;0;5;0;2;0;5;2;-15,85230895;-52,34188199;SPRF-MT;DEL07-MT;UOP01-DEL07-MT
742518;30/12/2025;terça-feira;07:30:00;SP;381;90;GUARULHOS;Manobra de mudança de faixa;Colisão lateral mesmo sentido;Com Vítimas Feridas;Pleno dia;Crescente;Céu Claro;Dupla;Reta;Sim;3;0;2;0;1;0;2;2;-23,48995854;-46,55943481;SPRF-SP;DEL03-SP;UOP01-DEL03-SP
742520;30/12/2025;terça-feira;09:01:00;ES;101;204,8;JOAO NEIVA;Ausência de reação do condutor;Colisão transversal;Com Vítimas Feridas;Pleno dia;Crescente;Céu Claro;Simples;Interseção de Vias;Sim;4;0;3;0;1;0;3;2;-19,75569886;-40,38003355;SPRF-ES;DEL02-ES;UOP01-DEL02-ES
742521;30/12/2025;terça-feira;08:20:00;BA;101;192;CONCEICAO DA FEIRA;Acessar a via sem observar a presença dos outros veículos;Colisão transversal;Com Vítimas Feridas;Pleno dia;Decrescente;Céu Claro;Dupla;"Reta;Interseção de Vias";Não;5;0;0;1;4;0;1;2;-12,51926259;-38,97063147;SPRF-BA;DEL01-BA;UOP03-DEL01-BA
742522;30/12/2025;terça-feira;08:50:00;SC;101;119;ITAJAI;Ausência de reação do condutor;Engavetamento;Com Vítimas Feridas;Pleno dia;Decrescente;Nublado;Múltipla;Reta;Não;4;0;2;0;2;0;2;3;-26,91127886;-48,71226311;SPRF-SC;DEL04-SC;UOP04-DEL04-SC
742526;30/12/2025;terça-feira;06:45:00;RJ;40;122;DUQUE DE CAXIAS;Trafegar com motocicleta (ou similar) entre as faixas;Colisão traseira;Com Vítimas Feridas;Pleno dia;Crescente;Céu Claro;Dupla;Reta;Não;2;0;1;0;1;0;1;2;-22,79068142;-43,28569196;SPRF-RJ;DEL01-RJ;UOP02-DEL01-RJ