id;data_inversa;dia_semana;horario;uf;br;km;municipio;causa_acidente;tipo_acidente;classificacao_acidente;fase_dia;sentido_via;condicao_metereologica;tipo_pista;tracado_via;uso_solo;pessoas;mortos;feridos_leves;feridos_graves;ilesos;ignorados;feridos;veiculos;latitude;longitude;regional;delegacia;uop
742527;30/12/2025;terça-feira;05:30:00;MG;381;926;POUSO ALEGRE;Reação tardia ou ineficiente do condutor;Saída de leito carroçável;Com Vítimas Feridas;Amanhecer;Decrescente;Chuva;Dupla;Curva;Não;1;0;1;0;0;0;1;1;-22,2546085;-45,9289404;SPRF-MG;DEL16-MG;UOP03-DEL16-MG
742528;30/12/2025;terça-feira;08:10:00;SC;282;469;PONTE SERRADA;Reação tardia ou ineficiente do condutor;Saída de leito carroçável;Com Vítimas Feridas;Pleno dia;Decrescente;Céu Claro;Simples;Reta;Não;3;0;2;0;1;0;2;1;-26,854591;-52,094107;SPRF-SC;DEL07-SC;UOP04-DEL07-SC
742529;30/12/2025;terça-feira;09:00:00;PA;316;111;SANTA MARIA DO PARA;Acessar a via sem observar a presença dos outros veículos;Colisão transversal;Com Vítimas Feridas;Pleno dia;Crescente;Céu Claro;Simples;Reta;Não;4;0;2;0;2;0;2;2;-1,316565;-47,511173;SPRF-PA;DEL01-PA;UOP02-DEL01-PA
742530;30/12/2025;terça-feira;09:00:00;RS;386;215,2;TIO HUGO;Acessar a via sem observar a presença dos outros veículos;Colisão transversal;Com Vítimas Feridas;Pleno dia;Crescente;Nublado;Simples;"Interseção de Vias;Reta";Sim;7;0;2;1;4;0;3;2;-28,57839266;-52,59714095;SPRF-RS;DEL04-RS;UOP03-DEL04-RS
742531;30/12/2025;terça-feira;09:30:00;PR;277;495,1;NOVA LARANJEIRAS;Condutor Dormindo;Colisão lateral sentido oposto;Com Vítimas Feridas;Pleno dia;Crescente;Céu Claro;Simples;"Reta;Declive";Sim;4;0;0;1;3;0;1;2;-25,2147508;-52,6536437;SPRF-PR;DEL04-PR;UOP04-DEL04-PR
742532;30/12/2025;terça-feira;09:50:00;ES;262;66;MARECHAL FLORIANO;Condutor deixou de manter distância do veículo da frente;Colisão traseira;Com Vítimas Feridas;Pleno dia;Decrescente;Sol;Simples;Reta;Não;3;0;1;0;2;0;1;2;-20,414075;-40,839181;SPRF-ES;DEL01-ES;UOP02-DEL01-ES
742534;30/12/2025;terça-feira;10:10:00;RJ;116;297;PORTO REAL;Ausência de reação do condutor;Queda de ocupante de veículo;Com Vítimas Feridas;Pleno dia;Crescente;Céu Claro;Dupla;Curva;Não;1;0;1;0;0;0;1;1;-22,45097084;-44,30962354;SPRF-RJ;DEL07-RJ;UOP02-DEL07-RJ
742535;20/12/2025;sábado;10:30:00;SC;280;58;GUARAMIRIM;Manobra de mudança de faixa;Colisão lateral mesmo sentido;Com Vítimas Feridas;Pleno dia;Decrescente;Céu Claro;Dupla;Curva;Sim;2;0;0;1;1;0;1;2;-26,47422251;-49,02096391;SPRF-SC;DEL03-SC;UOP03-DEL03-SC
742536;30/12/2025;terça-feira;08:05:00;RJ;101;326;NITEROI;Trafegar com motocicleta (ou similar) entre as faixas;Colisão traseira;Com Vítimas Feridas;Pleno dia;Decrescente;Céu Claro;Múltipla;"Reta;Declive";Não;3;0;1;0;1;1;1;2;-22,8725177;-43,14086437;SPRF-RJ;DEL02-RJ;UOP01-DEL02-RJ
742537;30/12/2025;terça-feira;09:55:00;PE;101;75,2;RECIFE;Condutor deixou de manter distância do veículo da frente;Tombamento;Com Vítimas Feridas;Pleno dia;Crescente;Sol;Dupla;Reta;Sim;1;0;1;0;0;0;1;1;-8,11185;-34,94575;SPRF-PE;DEL01-PE;UOP01-DEL01-PE
742538;29/12/2025;segunda-feira;16:00:00;PR;376;653,4;TIJUCAS DO SUL;Condutor deixou de manter distância do veículo da frente;Colisão traseira;Sem Vítimas;Pleno dia;Decrescente;Céu Claro;Dupla;"Declive;Curva";Não;7;0;0;0;7;0;0;2;-25,84269383;-49,0508008;SPRF-PR;DEL01-PR;UOP04-DEL01-PR
742539;30/12/2025;terça-feira;10:00:00;MG;116;115,2;ITAOBIM;Conversão proibida;Colisão transversal;Com Vítimas Feridas;Pleno dia;Decrescente;Céu Claro;Simples;"Interseção de Vias;Declive;Reta";Sim;2;0;1;0;1;0;1;2;-16,558633;-41,502512;SPRF-MG;DEL11-MG;UOP02-DEL11-MG
742540;30/12/2025;terça-feira;10:25:00;RJ;101;503,5;ANGRA DOS REIS;Acessar a via sem observar a presença dos outros veículos;Colisão transversal;Com Vítimas Feridas;Pleno dia;Decrescente;Sol;Simples;Reta;Não;2;0;1;0;1;0;1;2;-22,93078;-44,38445;SPRF-RJ;DEL03-RJ;UOP03-DEL03-RJ
742541;30/12/2025;terça-feira;10:00:00;PR;277;180;PALMEIRA;Reação tardia ou ineficiente do condutor;Colisão lateral mesmo sentido;Sem Vítimas;Pleno dia;Decrescente;Céu Claro;Simples;"Reta;Declive";Não;1;0;0;0;1;0;0;1;-25,42920666;-50,03177827;SPRF-PR;DEL08-PR;UOP02-DEL08-PR
742542;30/12/2025;terça-feira;10:30:00;BA;324;554;AMELIA RODRIGUES;Ausência de reação do condutor;Colisão traseira;Com Vítimas Feridas;Pleno dia;Crescente;Sol;Dupla;"Reta;Aclive";Não;2;0;1;0;1;0;1;2;-12,4682661;-38,6862081;SPRF-BA;DEL01-BA;UOP03-DEL01-BA
742543;30/12/2025;terça-feira;10:30:00;MS;163;25,9;MUNDO NOVO;Acessar a via sem observar a presença dos outros veículos;Colisão transversal;Com Vítimas Feridas;Pleno dia;Crescente;Céu Claro;Simples;Reta;Não;4;0;1;0;3;0;1;2;-23,88330671;-54,31777954;SPRF-MS;DEL09-MS;UOP02-DEL09-MS
742544;30/12/2025;terça-feira;08:45:00;RO;364;98;PIMENTA BUENO;Ultrapassagem Indevida;Colisão frontal;Com Vítimas Feridas;Pleno dia;Crescente;Chuva;Simples;"Reta;Aclive";Não;6;0;1;0;5;0;1;2;-12,2360606;-60,6813179;SPRF-RO;DEL04-RO;UOP01-DEL04-RO
742545;26/11/2025;quarta-feira;16:10:00;RO;425;60;NOVA MAMORE;Reação tardia ou ineficiente do condutor;Colisão traseira;Com Vítimas Feridas;Pleno dia;Decrescente;Céu Claro;Simples;Reta;Não;4;0;1;0;3;0;1;2;-10,24782397;-65,28799117;SPRF-RO;DEL01-RO;UOP03-DEL01-RO
742547;30/12/2025;terça-feira;11:30:00;RN;101;105;PARNAMIRIM;Manobra de mudança de faixa;Colisão lateral mesmo sentido;Com Vítimas Feridas;Pleno dia;Decrescente;Céu Claro;Dupla;Reta;Sim;2;0;1;0;1;0;1;2;-5,899647;-35,259055;SPRF-RN;DEL01-RN;UOP01-DEL01-RN
742548;30/12/2025;terça-feira;11:50:00;ES;101;64,5;SAO MATEUS;Manobra de mudança de faixa;Colisão traseira;Com Vítimas Feridas;Pleno dia;Decrescente;Céu Claro;Múltipla;Reta;Sim;3;0;1;1;1;0;2;2;-18,71551015;-39,87595081;SPRF-ES;DEL04-ES;UOP02-DEL04-ES
742549;30/12/2025;terça-feira;08:45:00;RJ;116;110;GUAPIMIRIM;Reação tardia ou ineficiente do condutor;Tombamento;Com Vítimas Feridas;Pleno dia;Decrescente;Céu Claro;Simples;Reta;Não;1;0;1;0;0;0;1;1;-22,55148023;-42,98996544;SPRF-RJ;DEL04-RJ;UOP02-DEL04-RJ
742550;30/12/2025;terça-feira;11:00:00;MA;316;141;NOVA OLINDA DO MARANHAO;Pista esburacada;Saída de leito carroçável;Com Vítimas Feridas;Pleno dia;Decrescente;Céu Claro;Simples;Reta;Não;4;0;2;0;2;0;2;1;-2,77006415;-45,71382523;SPRF-MA;DEL02-MA;UOP02-DEL02-MA
742551;30/12/2025;terça-feira;08:55:00;MG;116;640;FERVEDOURO;Demais falhas mecânicas ou elétricas;Incêndio;Sem Vítimas;Pleno dia;Decrescente;Sol;Simples;"Reta;Aclive";Não;1;0;0;0;1;0;0;1;-20,656945;-42,261885;SPRF-MG;DEL07-MG;UOP02-DEL07-MG
742552;30/12/2025;terça-feira;10:00:00;MA;10;316;ACAILANDIA;Ingestão de álcool pelo condutor;Atropelamento de Pedestre;Com Vítimas Fatais;Pleno dia;Crescente;Sol;Simples;Reta;Não;3;1;0;0;1;1;0;2;-4,981375;-47,521472;SPRF-MA;DEL04-MA;UOP03-DEL04-MA
742553;30/12/2025;terça-feira;12:45:00;SC;101;151,7;ITAPEMA;Reação tardia ou ineficiente do condutor;Colisão traseira;Com Vítimas Feridas;Pleno dia;Crescente;Céu Claro;Dupla;Reta;Sim;2;0;1;0;1;0;1;2;-27,13431304;-48,61021042;SPRF-SC;DEL04-SC;UOP03-DEL04-SC
742555;30/12/2025;terça-feira;12:12:00;GO;50;164,8;CAMPO ALEGRE DE GOIAS;Ausência de reação do condutor;Saída de leito carroçável;Com Vítimas Fatais;Pleno dia;Decrescente;Céu Claro;Dupla;Reta;Não;4;4;0;0;0;0;0;1;-17,29533055;-47,75688171;SPRF-GO;DEL06-GO;UOP01-DEL06-GO
742556;30/12/2025;terça-feira;12:00:00;SC;101;96,5;BALNEARIO PICARRAS;Manobra de mudança de faixa;Colisão traseira;Com Vítimas Feridas;Pleno dia;Decrescente;Céu Claro;Dupla;Reta;Sim;3;0;1;0;1;1;1;3;-26,72604431;-48,70207071;SPRF-SC;DEL03-SC;UOP02-DEL03-SC
742557;30/12/2025;terça-feira;12:35:00;RJ;0;0;DUQUE DE CAXIAS;Reação tardia ou ineficiente do condutor;Colisão traseira;Sem Vítimas;Pleno dia;Não Informado;Céu Claro;Simples;Reta;Sim;6;0;0;0;6;0;0;2;-22,600233;-43,29443;SPRF-RJ;DEL01-RJ;UOP02-DEL01-RJ
742558;30/12/2025;terça-feira;12:00:00;RS;386;270;FONTOURA XAVIER;Acessar a via sem observar a presença dos outros veículos;Colisão frontal;Com Vítimas Feridas;Pleno dia;Crescente;Chuva;Simples;"Interseção de Vias;Reta";Sim;4;0;1;0;3;0;1;2;-28,979611;-52,367439;SPRF-RS;DEL04-RS;UOP03-DEL04-RS
742559;30/12/2025;terça-feira;11:00:00;MG;381;943,5;EXTREMA;Ausência de reação do condutor;Queda de ocupante de veículo;Com Vítimas Feridas;Pleno dia;Crescente;Céu Claro;Dupla;Reta;Não;1;0;1;0;0;0;1;1;-22,83796436;-46,32778645;SPRF-MG;DEL16-MG;UOP03-DEL16-MG
742560;29/12/2025;segunda-feira;09:00:00;PI;316;313,6;PICOS;Acessar a via sem observar a presença dos outros veículos;Colisão transversal;Com Vítimas Feridas;Pleno dia;Crescente;Céu Claro;Simples;Reta;Sim;2;0;1;0;1;0;1;2;-7,077665;-41,444465;SPRF-PI;DEL04-PI;UOP01-DEL04-PI
742561;30/12/2025;terça-feira;08:50:00;BA;349;1021;CORRENTINA;Demais falhas mecânicas ou elétricas;Saída de leito carroçável;Com Vítimas Feridas;Pleno dia;Decrescente;Céu Claro;Simples;Reta;Não;4;0;3;0;1;0;3;1;-13,62261;-45,34614;SPRF-BA;DEL10-BA;UOP02-DEL10-BA
742563;30/12/2025;terça-feira;12:26:00;ES;101;267;SERRA;Pedestre andava na pista;Atropelamento de Pedestre;Com Vítimas Feridas;Pleno dia;Decrescente;Céu Claro;Múltipla;Reta;Sim;2;0;1;0;1;0;1;2;-20,19712602;-40,26845276;SPRF-ES;DEL02-ES;UOP01-DEL02-ES
742564;30/12/2025;terça-feira;13:45:00;RS;392;351;SANTA MARIA;Acessar a via sem observar a presença dos outros veículos;Colisão traseira;Com Vítimas Feridas;Pleno dia;Crescente;Céu Claro;Dupla;"Retorno Regulamentado;Em Obras";Sim;3;0;1;0;2;0;1;2;-29,72890979;-53,80259005;SPRF-RS;DEL09-RS;UOP01-DEL09-RS
742566;30/12/2025;terça-feira;13:50:00;MG;40;735;JUIZ DE FORA;Reação tardia ou ineficiente do condutor;Saída de leito carroçável;Com Vítimas Feridas;Pleno dia;Decrescente;Chuva;Simples;Curva;Não;1;0;1;0;0;0;1;1;-21,5995787;-43,458052;SPRF-MG;DEL05-MG;UOP01-DEL05-MG
742568;30/12/2025;terça-feira;11:40:00;PR;376;637;TIJUCAS DO SUL;Demais falhas mecânicas ou elétricas;Queda de ocupante de veículo;Com Vítimas Feridas;Pleno dia;Crescente;Céu Claro;Dupla;Reta;Não;2;0;1;0;1;0;1;1;-25,75804374;-49,12574021;SPRF-PR;DEL01-PR;UOP04-DEL01-PR
742570;30/12/2025;terça-feira;12:30:00;RS;285;528,8;SAO LUIZ GONZAGA;Ausência de reação do condutor;Saída de leito carroçável;Com Vítimas Feridas;Pleno dia;Crescente;Sol;Simples;"Reta;Aclive";Não;1;0;0;1;0;0;1;1;-28,410815;-54,560652;SPRF-RS;DEL10-RS;UOP01-DEL10-RS
742571;30/12/2025;terça-feira;13:46:00;MG;153;31,2;MONTE ALEGRE DE MINAS;Avarias e/ou desgaste excessivo no pneu;Saída de leito carroçável;Com Vítimas Feridas;Pleno dia;Crescente;Céu Claro;Dupla;Reta;Não;5;0;5;0;0;0;5;1;-18,85918381;-49,0769577;SPRF-MG;DEL15-MG;UOP03-DEL15-MG
742572;30/12/2025;terça-feira;13:23:00;MS;163;466;CAMPO GRANDE;Reação tardia ou ineficiente do condutor;Tombamento;Com Vítimas Feridas;Pleno dia;Crescente;Sol;Simples;Rotatória;Sim;1;0;1;0;0;0;1;1;-20,5845201;-54,5828748;SPRF-MS;DEL01-MS;UOP01-DEL01-MS
742573;30/12/2025;terça-feira;10:00:00;MS;163;4,9;MUNDO NOVO;Ausência de reação do condutor;Engavetamento;Com Vítimas Feridas;Pleno dia;Decrescente;Céu Claro;Simples;Reta;Não;8;0;3;0;5;0;3;3;-24,012;-54,303;SPRF-MS;DEL09-MS;UOP02-DEL09-MS
742574;30/12/2025;terça-feira;14:00:00;SC;101;404,9;ARARANGUA;Condutor deixou de manter distância do veículo da frente;Colisão traseira;Com Vítimas Feridas;Pleno dia;Decrescente;Chuva;Dupla;Reta;Não;2;0;1;0;1;0;1;2;-28,89692889;-49,47190158;SPRF-SC;DEL02-SC;UOP02-DEL02-SC
742576;30/12/2025;terça-feira;12:20:00;RS;290;19;SANTO ANTONIO DA PATRULHA;Demais falhas mecânicas ou elétricas;Queda de ocupante de veículo;Com Vítimas Feridas;Pleno dia;Decrescente;Céu Claro;Dupla;Reta;Não;2;0;2;0;0;0;2;1;-29,88424805;-50,44346659;SPRF-RS;DEL03-RS;UOP01-DEL03-RS
742577;09/10/2025;quinta-feira;09:00:00;PE;232;157;TACAIMBO;Ultrapassagem Indevida;Colisão frontal;Com Vítimas Feridas;Pleno dia;Decrescente;Céu Claro;Simples;Reta;Não;3;0;2;0;0;1;2;2;-8,33020174;-36,22975588;SPRF-PE;DEL03-PE;UOP02-DEL03-PE
742578;30/12/2025;terça-feira;14:00:00;RN;226;9,2;MACAIBA;Condutor deixou de manter distância do veículo da frente;Colisão traseira;Com Vítimas Feridas;Pleno dia;Decrescente;Nublado;Simples;Curva;Não;2;0;1;0;1;0;1;2;-5,83903764;-35,29312621;SPRF-RN;DEL01-RN;UOP02-DEL01-RN
742579;30/12/2025;terça-feira;14:00:00;GO;40;92;CRISTALINA;Acessar a via sem observar a presença dos outros veículos;Colisão transversal;Com Vítimas Feridas;Pleno dia;Decrescente;Chuva;Simples;"Interseção de Vias;Reta";Não;4;0;2;0;2;0;2;2;-16,73412719;-47,62154315;SPRF-DF;DEL01-DF;UOP02-DEL01-DF
742581;30/12/2025;terça-feira;14:30:00;MG;262;740;SACRAMENTO;Acessar a via sem observar a presença dos outros veículos;Colisão transversal;Com Vítimas Feridas;Pleno dia;Crescente;Céu Claro;Simples;"Reta;Interseção de Vias";Não;4;0;2;1;1;0;3;2;-19,642915;-47,510869;SPRF-MG;DEL08-MG;UOP01-DEL08-MG
742582;30/12/2025;terça-feira;14:15:00;PR;376;468;PONTA GROSSA;Velocidade Incompatível;Colisão com objeto;Com Vítimas Feridas;Pleno dia;Crescente;Chuva;Dupla;"Viaduto;Curva";Não;4;0;2;0;2;0;2;2;-25,03624501;-50,29802196;SPRF-PR;DEL03-PR;UOP01-DEL03-PR
742584;30/12/2025;terça-feira;12:47:00;RO;364;531;ARIQUEMES;Condutor deixou de manter distância do veículo da frente;Colisão traseira;Com Vítimas Feridas;Pleno dia;Crescente;Sol;Simples;"Em Obras;Reta";Não;3;0;1;0;2;0;1;2;-9,785492;-63,08918;SPRF-RO;DEL03-RO;UOP01-DEL03-RO
742586;30/12/2025;terça-feira;11:52:00;PI;343;139;PIRACURUCA;Acessar a via sem observar a presença dos outros veículos;Colisão transversal;Com Vítimas Feridas;Pleno dia;Crescente;Céu Claro;Simples;Reta;Sim;6;0;0;1;5;0;1;2;-3,916797;-41,712023;SPRF-PI;DEL02-PI;UOP01-DEL02-PI
742587;30/12/2025;terça-feira;15:00:00;RJ;101;467,9;ANGRA DOS REIS;Conversão proibida;Colisão lateral mesmo sentido;Com Vítimas Feridas;Pleno dia;Crescente;Sol;Simples;Reta;Não;4;0;1;1;2;0;2;2;-23,00696;-44,22225;SPRF-RJ;DEL03-RJ;UOP03-DEL03-RJ
742588;30/12/2025;terça-feira;14:49:00;PE;232;9;RECIFE;Condutor Dormindo;Colisão com objeto;Com Vítimas Feridas;Pleno dia;Crescente;Céu Claro;Dupla;Reta;Sim;5;0;2;1;2;0;3;3;-8,076858;-34,973686;SPRF-PE;DEL01-PE;UOP01-DEL01-PE
742589;30/12/2025;terça-feira;15:20:00;SC;101;211,6;PALHOCA;Reação tardia ou ineficiente do condutor;Colisão traseira;Com Vítimas Feridas;Pleno dia;Crescente;Céu Claro;Múltipla;Reta;Sim;2;0;2;0;0;0;2;2;-27,62663576;-48,65573465;SPRF-SC;DEL01-SC;UOP02-DEL01-SC
742590;30/12/2025;terça-feira;14:00:00;MG;40;629;CONSELHEIRO LAFAIETE;Ultrapassagem Indevida;Colisão lateral mesmo sentido;Com Vítimas Feridas;Pleno dia;Decrescente;Céu Claro;Simples;Curva;Sim;2;0;1;0;1;0;1;2;-20,68450497;-43,79356384;SPRF-MG;DEL05-MG;UOP02-DEL05-MG
742591;30/12/2025;terça-feira;14:50:00;GO;70;321;JUSSARA;Retorno proibido;Colisão transversal;Com Vítimas Fatais;Pleno dia;Decrescente;Céu Claro;Dupla;Reta;Sim;3;1;1;1;0;0;2;2;-15,8763159;-50,8949743;SPRF-GO;DEL04-GO;UOP02-DEL04-GO
742592;30/12/2025;terça-feira;15:30:00;MG;381;850,1;POUSO ALEGRE;Pedestre cruzava a pista fora da faixa;Atropelamento de Pedestre;Com Vítimas Feridas;Pleno dia;Decrescente;Céu Claro;Dupla;Viaduto;Não;2;0;1;0;1;0;1;2;-22,239905;-45,880882;SPRF-MG;DEL16-MG;UOP01-DEL16-MG
742596;30/12/2025;terça-feira;14:58:00;PE;101;67,9;RECIFE;Trafegar com motocicleta (ou similar) entre as faixas;Colisão lateral mesmo sentido;Com Vítimas Feridas;Pleno dia;Decrescente;Céu Claro;Dupla;Declive;Sim;2;0;1;0;1;0;1;2;-8,050467;-34,945718;SPRF-PE;DEL01-PE;UOP01-DEL01-PE
742597;30/12/2025;terça-feira;15:30:00;RJ;101;544,9;PARATY;Acessar a via sem observar a presença dos outros veículos;Colisão lateral mesmo sentido;Com Vítimas Feridas;Pleno dia;Crescente;Céu Claro;Simples;Reta;Não;3;0;3;0;0;0;3;2;-23,04289597;-44,61656062;SPRF-RJ;DEL03-RJ;UOP04-DEL03-RJ
742598;30/12/2025;terça-feira;15:00:00;RJ;101;506,4;ANGRA DOS REIS;Animais na Pista;Atropelamento de Animal;Com Vítimas Feridas;Pleno dia;Crescente;Garoa/Chuvisco;Simples;Curva;Não;1;0;1;0;0;0;1;1;-22,934738;-44,405493;SPRF-RJ;DEL03-RJ;UOP03-DEL03-RJ
742601;30/12/2025;terça-feira;15:30:00;ES;101;392,5;RIO NOVO DO SUL;Desrespeitar a preferência no cruzamento;Colisão transversal;Com Vítimas Feridas;Pleno dia;Decrescente;Sol;Simples;Interseção de Vias;Não;4;0;3;1;0;0;4;2;-20,866372;-40,9077499;SPRF-ES;DEL03-ES;UOP02-DEL03-ES
742603;30/12/2025;terça-feira;15:17:00;RO;364;179;PIMENTA BUENO;Transitar na contramão;Colisão frontal;Com Vítimas Fatais;Pleno dia;Crescente;Céu Claro;Simples;Reta;Não;6;1;0;0;5;0;0;2;-11,784614;-61,068089;SPRF-RO;DEL02-RO;UOP02-DEL02-RO
742604;30/12/2025;terça-feira;15:40:00;MS;376;89;IVINHEMA;Reação tardia ou ineficiente do condutor;Capotamento;Com Vítimas Feridas;Pleno dia;Crescente;Chuva;Simples;Reta;Não;2;0;2;0;0;0;2;1;-22,30671112;-54,01766717;SPRF-MS;DEL04-MS;UOP04-DEL04-MS
742605;30/12/2025;terça-feira;13:50:00;PI;343;140,1;PIRACURUCA;Ausência de reação do condutor;Colisão com objeto;Com Vítimas Feridas;Pleno dia;Crescente;Céu Claro;Simples;Reta;Sim;1;0;0;1;0;0;1;1;-3,921753;-41,712513;SPRF-PI;DEL02-PI;UOP01-DEL02-PI
742606;30/12/2025;terça-feira;16:10:00;DF;70;10;BRASILIA;Reação tardia ou ineficiente do condutor;Colisão lateral mesmo sentido;Com Vítimas Feridas;Pleno dia;Crescente;Garoa/Chuvisco;Dupla;Reta;Sim;3;0;1;0;2;0;1;2;-15,787618;-48,142617;SPRF-DF;DEL03-DF;UOP02-DEL03-DF
742607;30/12/2025;terça-feira;15:30:00;RS;470;211;BENTO GONCALVES;Ausência de reação do condutor;Saída de leito carroçável;Com Vítimas Feridas;Pleno dia;Decrescente;Garoa/Chuvisco;Simples;Curva;Não;2;0;2;0;0;0;2;1;-29,131903;-51,545012;SPRF-RS;DEL06-RS;UOP01-DEL06-RS
742608;21/12/2025;domingo;16:00:00;SE;101;108;SAO CRISTOVAO;Reação tardia ou ineficiente do condutor;Colisão com objeto;Sem Vítimas;Pleno dia;Decrescente;Céu Claro;Dupla;Reta;Não;1;0;0;0;1;0;0;1;-10,92677395;-37,18019899;SPRF-SE;DEL02-SE;UOP01-DEL02-SE
742610;30/12/2025;terça-feira;16:30:00;SC;101;108;PENHA;Condutor deixou de manter distância do veículo da frente;Engavetamento;Com Vítimas Feridas;Pleno dia;Crescente;Nublado;Dupla;Reta;Não;4;0;1;0;3;0;1;3;-26,82850797;-48,69224159;SPRF-SC;DEL03-SC;UOP02-DEL03-SC
742613;30/12/2025;terça-feira;17:05:00;RS;386;359;ESTRELA;Ausência de reação do condutor;Queda de ocupante de veículo;Com Vítimas Feridas;Pleno dia;Crescente;Nublado;Dupla;Reta;Não;2;0;1;0;0;1;1;2;-29,5443485;-51,9114356;SPRF-RS;DEL04-RS;UOP01-DEL04-RS
742615;30/12/2025;terça-feira;16:50:00;MG;116;578,6;MANHUACU;Ausência de reação do condutor;Capotamento;Com Vítimas Feridas;Pleno dia;Decrescente;Céu Claro;Simples;Reta;Não;1;0;1;0;0;0;1;1;-20,181298;-42,186365;SPRF-MG;DEL06-MG;UOP03-DEL06-MG
742616;30/12/2025;terça-feira;16:00:00;BA;101;808;ITAMARAJU;Acessar a via sem observar a presença dos outros veículos;Colisão frontal;Com Vítimas Feridas;Pleno dia;Decrescente;Sol;Simples;"Rotatória;Interseção de Vias;Curva";Sim;3;0;1;0;2;0;1;2;-17,0264832;-39,54024553;SPRF-BA;DEL09-BA;UOP01-DEL09-BA
742618;02/12/2025;terça-feira;18:50:00;PR;376;3;SAO JOSE DOS PINHAIS;Reação tardia ou ineficiente do condutor;Queda de ocupante de veículo;Com Vítimas Feridas;Anoitecer;Crescente;Céu Claro;Dupla;Reta;Sim;2;0;1;0;0;1;1;2;-25,53744272;-49,19243686;SPRF-PR;DEL01-PR;UOP04-DEL01-PR
742622;14/12/2025;domingo;06:53:00;GO;364;59;CACHOEIRA ALTA;Ingestão de álcool pelo condutor;Saída de leito carroçável;Com Vítimas Feridas;Amanhecer;Crescente;Céu Claro;Dupla;Reta;Sim;1;0;0;1;0;0;1;1;-18,73868701;-50,94364643;SPRF-GO;DEL05-GO;UOP02-DEL05-GO
742623;30/12/2025;terça-feira;16:20:00;BA;101;865;TEIXEIRA DE FREITAS;Manobra de mudança de faixa;Colisão lateral mesmo sentido;Com Vítimas Feridas;Pleno dia;Decrescente;Céu Claro;Simples;Reta;Não;3;0;2;0;1;0;2;2;-17,44710247;-39,69441712;SPRF-BA;DEL09-BA;UOP02-DEL09-BA
742626;30/12/2025;terça-feira;16:50:00;SC;116;10,4;MAFRA;Ausência de reação do condutor;Colisão com objeto;Com Vítimas Feridas;Pleno dia;Crescente;Chuva;Simples;"Declive;Curva";Não;3;0;2;0;1;0;2;1;-26,178518;-49,861778;SPRF-SC;DEL06-SC;UOP01-DEL06-SC
742627;30/12/2025;terça-feira;10:40:00;MT;163;873;SINOP;Ultrapassagem Indevida;Colisão frontal;Com Vítimas Feridas;Pleno dia;Crescente;Céu Claro;Simples;"Reta;Aclive";Não;5;0;2;1;0;2;3;2;-11,536;-55,391;SPRF-MT;DEL06-MT;UOP02-DEL06-MT
742628;30/12/2025;terça-feira;17:54:00;MG;381;592,4;CARMOPOLIS DE MINAS;Ausência de reação do condutor;Saída de leito carroçável;Com Vítimas Feridas;Anoitecer;Decrescente;Nublado;Dupla;"Declive;Curva";Não;2;0;1;1;0;0;2;1;-20,560794;-44,663887;SPRF-MG;DEL04-MG;UOP01-DEL04-MG
742629;30/12/2025;terça-feira;17:30:00;MG;381;379;SAO GONCALO DO RIO ABAIXO;Velocidade Incompatível;Colisão frontal;Com Vítimas Feridas;Anoitecer;Decrescente;Chuva;Simples;Curva;Não;6;0;4;0;2;0;4;2;-19,821714;-43,387856;SPRF-MG;DEL01-MG;UOP01-DEL01-MG
742630;30/12/2025;terça-feira;17:35:00;PR;277;116;CAMPO LARGO;Reação tardia ou ineficiente do condutor;Tombamento;Com Vítimas Feridas;Pleno dia;Crescente;Chuva;Dupla;"Declive;Curva";Sim;1;0;1;0;0;0;1;1;-25,437515;-49,445518;SPRF-PR;DEL03-PR;UOP03-DEL03-PR
742631;30/12/2025;terça-feira;14:04:00;RJ;40;4,2;COMENDADOR LEVY GASPARIAN;Ausência de reação do condutor;Saída de leito carroçável;Com Vítimas Fatais;Pleno dia;Decrescente;Céu Claro;Dupla;Curva;Não;4;1;0;0;3;0;0;2;-22,01375817;-43,23568218;SPRF-RJ;DEL05-RJ;UOP02-DEL05-RJ
742632;30/12/2025;terça-feira;18:30:00;ES;101;285;CARIACICA;Transitar no Acostamento;Colisão lateral mesmo sentido;Com Vítimas Feridas;Anoitecer;Crescente;Céu Claro;Dupla;"Retorno Regulamentado;Aclive;Reta";Sim;2;0;0;1;1;0;1;2;-20,2519082;-40,3732453;SPRF-ES;DEL01-ES;UOP01-DEL01-ES
742634;30/12/2025;terça-feira;16:00:00;GO;40;46;LUZIANIA;Demais Fenômenos da natureza;Eventos atípicos;Com Vítimas Fatais;Pleno dia;Crescente;Chuva;Simples;Reta;Não;2;1;0;1;0;0;1;1;-16,412732;-47,823844;SPRF-DF;DEL01-DF;UOP02-DEL01-DF
742635;30/12/2025;terça-feira;18:10:00;SC;101;135,5;BALNEARIO CAMBORIU;Acessar a via sem observar a presença dos outros veículos;Colisão lateral mesmo sentido;Com Vítimas Feridas;Pleno dia;Crescente;Garoa/Chuvisco;Dupla;Reta;Sim;2;0;1;0;1;0;1;2;-27,00621999;-48,62377167;SPRF-SC;DEL04-SC;UOP03-DEL04-SC